2007.10.08 12:00:00.691,1.6666,1.6667,6.40,0.60
2007.10.08 12:00:01.220,1.6666,1.6667,6.40,23.10
2007.10.08 12:00:01.243,1.66655,1.66665,0.80,7.10
2007.10.08 12:00:01.461,1.6665,1.66665,19.20,7.10
2007.10.08 12:00:01.540,1.6665,1.66665,15.20,7.10
2007.10.08 12:00:01.637,1.6665,1.66665,11.20,7.10
2007.10.08 12:00:01.732,1.6665,1.66665,8.80,7.10
2007.10.08 12:00:01.756,1.6665,1.6666,3.20,0.60
2007.10.08 12:00:01.852,1.6665,1.66665,3.20,23.10
2007.10.08 12:00:01.968,1.6665,1.6666,0.80,0.60
2007.10.08 12:00:01.975,1.6664,1.6666,34.10,0.80
2007.10.08 12:00:02.256,1.6664,1.6667,34.10,66.30
2007.10.08 12:00:02.357,1.6664,1.6667,50.10,58.30
2007.10.08 12:00:02.779,1.6665,1.6666,4.70,0.80
2007.10.08 12:00:02.883,1.6665,1.6666,8.70,0.70
2007.10.08 12:00:02.980,1.6665,1.66675,8.70,51.10
2007.10.08 12:00:03.024,1.6665,1.66675,9.50,43.10
2007.10.08 12:00:03.079,1.6665,1.66675,11.90,43.10
2007.10.08 12:00:03.162,1.6665,1.66675,13.50,43.10
2007.10.08 12:00:03.290,1.6665,1.6667,13.50,50.30
2007.10.08 12:00:03.683,1.6665,1.6667,13.50,47.90
2007.10.08 12:00:03.925,1.6665,1.6667,21.50,39.90
2007.10.08 12:00:04.016,1.6665,1.6667,25.50,39.90
2007.10.08 12:00:04.086,1.6665,1.6667,27.90,39.90
2007.10.08 12:00:04.341,1.6665,1.6667,15.90,31.90
2007.10.08 12:00:05.296,1.6665,1.6667,23.90,39.90
2007.10.08 12:00:06.213,1.6665,1.6667,44.70,27.90
2007.10.08 12:00:06.242,1.66655,1.6667,0.80,27.90
2007.10.08 12:00:06.324,1.66655,1.6667,0.80,19.90
2007.10.08 12:00:06.671,1.6666,1.6667,1.60,19.90
2007.10.08 12:00:06.744,1.6666,1.6667,4.00,19.90
2007.10.08 12:00:06.951,1.6666,1.6667,8.00,19.90
2007.10.08 12:00:07.267,1.6666,1.6667,8.00,11.90
2007.10.08 12:00:08.701,1.6666,1.6667,6.40,11.90
2007.10.08 12:00:19.191,1.6666,1.6667,8.00,11.90
2007.10.08 12:00:19.368,1.6666,1.6667,16.00,11.90
2007.10.08 12:00:20.312,1.6666,1.6667,8.00,11.90
2007.10.08 12:00:20.920,1.6666,1.6667,16.00,11.90
2007.10.08 12:00:21.243,1.6666,1.6667,8.00,11.90
2007.10.08 12:00:26.238,1.6666,1.6667,23.90,8.00
2007.10.08 12:00:26.290,1.66665,1.6667,1.60,8.00
2007.10.08 12:00:26.698,1.66665,1.6667,1.60,6.40
2007.10.08 12:00:26.753,1.6667,1.6668,2.40,22.90
2007.10.08 12:00:27.047,1.6667,1.6668,6.40,22.90
2007.10.08 12:00:27.161,1.6667,1.6668,6.40,22.30
2007.10.08 12:00:27.359,1.6667,1.6668,6.40,23.10
2007.10.08 12:00:27.524,1.6667,1.6668,6.40,23.90
2007.10.08 12:00:27.659,1.6667,1.6668,6.40,24.70
2007.10.08 12:00:28.050,1.6667,1.6668,6.40,25.50
2007.10.08 12:00:28.474,1.6667,1.6668,6.40,22.30
2007.10.08 12:00:28.667,1.6667,1.6668,6.40,24.70
2007.10.08 12:00:28.705,1.6667,1.6668,6.40,33.50
2007.10.08 12:00:28.761,1.66665,1.6667,1.60,1.60
2007.10.08 12:00:28.814,1.66665,1.6667,1.60,7.90
2007.10.08 12:00:28.873,1.66665,1.6667,0.80,7.90
2007.10.08 12:00:29.027,1.66665,1.6667,0.80,11.90
2007.10.08 12:00:29.198,1.6666,1.6667,9.60,11.90
2007.10.08 12:00:29.295,1.6666,1.6667,8.00,11.90
2007.10.08 12:00:29.747,1.6666,1.6667,6.40,11.90
2007.10.08 12:00:30.155,1.6666,1.6667,10.40,7.90
2007.10.08 12:00:30.994,1.6666,1.6667,10.40,5.50
2007.10.08 12:00:31.096,1.6666,1.6667,10.40,8.70
2007.10.08 12:00:31.152,1.6666,1.6667,10.40,9.50
2007.10.08 12:00:31.166,1.6666,1.6667,10.40,10.30
2007.10.08 12:00:31.721,1.6666,1.6667,6.40,10.30
2007.10.08 12:00:31.944,1.6666,1.6667,6.40,9.50
2007.10.08 12:00:32.025,1.6666,1.6667,6.40,8.70
2007.10.08 12:00:32.097,1.6666,1.6667,6.40,7.90
2007.10.08 12:00:32.119,1.6666,1.6667,10.40,5.50
2007.10.08 12:00:32.157,1.6666,1.6667,12.80,3.90
2007.10.08 12:00:32.237,1.6666,1.6667,20.80,3.90
2007.10.08 12:00:32.669,1.6666,1.6667,20.00,3.90
2007.10.08 12:00:32.754,1.6666,1.6667,20.00,6.30
2007.10.08 12:00:32.854,1.6666,1.6667,17.50,2.40
2007.10.08 12:00:32.945,1.6666,1.6668,17.50,26.30
2007.10.08 12:00:32.978,1.6666,1.6668,17.50,23.90
2007.10.08 12:00:33.150,1.6666,1.6668,17.50,21.50
2007.10.08 12:00:33.180,1.6666,1.6668,19.90,21.50
2007.10.08 12:00:33.276,1.6666,1.6668,35.90,8.00
2007.10.08 12:00:33.324,1.6666,1.6668,12.30,8.00
2007.10.08 12:00:33.366,1.6666,1.6669,9.60,58.90
2007.10.08 12:00:34.144,1.66655,1.6669,46.30,58.90
2007.10.08 12:00:34.233,1.66655,1.6669,46.30,58.90
2007.10.08 12:00:34.292,1.6666,1.6669,17.30,58.90
2007.10.08 12:00:36.675,1.66655,1.6668,35.90,1.60
2007.10.08 12:00:36.695,1.6666,1.6668,7.50,15.90
2007.10.08 12:00:36.891,1.6666,1.6668,5.20,18.30
2007.10.08 12:00:36.907,1.6666,1.6668,3.10,38.30
2007.10.08 12:00:37.326,1.66655,1.6668,27.90,30.30
2007.10.08 12:00:37.844,1.66655,1.6668,26.30,30.30
2007.10.08 12:00:37.942,1.6667,1.6668,0.50,30.30
2007.10.08 12:00:38.150,1.6666,1.6668,44.70,22.30
2007.10.08 12:00:38.214,1.6666,1.6668,44.70,19.90
2007.10.08 12:00:38.266,1.6666,1.6668,56.70,11.90
2007.10.08 12:00:56.226,1.66665,1.6668,10.40,10.30
2007.10.08 12:00:57.739,1.6667,1.6668,2.70,11.90
2007.10.08 12:00:57.969,1.6667,1.6668,0.60,19.90
2007.10.08 12:00:58.247,1.66665,1.6668,8.80,20.70
2007.10.08 12:00:58.275,1.6667,1.6668,3.50,21.50
2007.10.08 12:00:58.577,1.66665,1.6668,8.80,22.30
2007.10.08 12:00:58.796,1.66665,1.6668,8.80,30.30
2007.10.08 12:00:58.997,1.6667,1.6668,0.80,22.30
2007.10.08 12:00:59.168,1.66665,1.6668,8.80,21.50
2007.10.08 12:00:59.204,1.6666,1.6668,50.30,25.50
2007.10.08 12:00:59.302,1.6666,1.6668,47.10,27.10
2007.10.08 12:00:59.397,1.66665,1.6668,1.00,26.30
2007.10.08 12:00:59.706,1.66665,1.6667,0.80,1.60
2007.10.08 12:00:59.720,1.6666,1.6667,31.20,7.90
2007.10.08 12:00:59.922,1.66665,1.6667,0.80,7.90
2007.10.08 12:01:00.036,1.6666,1.6667,10.40,11.90
2007.10.08 12:01:00.118,1.66655,1.6667,12.00,11.90
2007.10.08 12:01:00.658,1.6666,1.6667,8.00,7.90
2007.10.08 12:01:00.738,1.6666,1.6667,8.00,6.30
2007.10.08 12:01:00.753,1.6666,1.6667,11.90,2.40
2007.10.08 12:01:00.966,1.6666,1.6668,11.90,42.30
2007.10.08 12:01:01.171,1.6666,1.6668,11.90,42.90
2007.10.08 12:01:01.375,1.6666,1.6668,11.90,34.90
2007.10.08 12:01:01.796,1.6666,1.6668,11.90,42.30
2007.10.08 12:01:03.145,1.6667,1.6668,2.40,38.30
2007.10.08 12:01:03.294,1.6667,1.6668,2.40,35.90
2007.10.08 12:01:03.326,1.6667,1.6668,2.40,19.90
2007.10.08 12:01:03.946,1.6667,1.6668,6.40,19.90
2007.10.08 12:01:04.164,1.6667,1.6668,6.40,23.90
2007.10.08 12:01:04.224,1.6667,1.6668,6.40,26.30
2007.10.08 12:01:04.275,1.6667,1.6668,2.40,42.30
2007.10.08 12:01:05.438,1.6667,1.6668,2.40,34.30
2007.10.08 12:01:06.062,1.66665,1.6668,1.60,34.30
2007.10.08 12:01:06.150,1.66665,1.6668,1.60,42.30
2007.10.08 12:01:09.061,1.66665,1.6668,0.80,42.30
2007.10.08 12:01:09.149,1.6666,1.6668,13.50,42.30
2007.10.08 12:01:12.150,1.6666,1.6668,15.90,39.90
2007.10.08 12:01:12.184,1.6667,1.6668,2.40,19.90
2007.10.08 12:01:13.015,1.6667,1.6668,6.40,19.90
2007.10.08 12:01:17.562,1.6667,1.6668,6.40,0.80
2007.10.08 12:01:31.291,1.6667,1.6668,6.40,23.10
2007.10.08 12:01:31.352,1.6667,1.6668,6.40,23.90
2007.10.08 12:01:31.500,1.6667,1.6668,6.40,21.50
2007.10.08 12:01:31.525,1.6667,1.6668,6.40,22.30
2007.10.08 12:01:31.995,1.6667,1.6668,6.40,21.50
2007.10.08 12:01:32.086,1.6667,1.6668,6.40,20.70
2007.10.08 12:01:32.250,1.6667,1.6668,6.40,19.90
2007.10.08 12:01:36.434,1.6667,1.6668,6.40,11.90
2007.10.08 12:01:39.675,1.6667,1.6668,2.40,11.90
2007.10.08 12:01:39.725,1.6667,1.6668,2.40,15.90
2007.10.08 12:01:39.782,1.6667,1.6668,2.40,25.50
2007.10.08 12:01:40.027,1.6667,1.6668,2.40,26.30
2007.10.08 12:01:40.076,1.6667,1.6668,2.40,34.30
2007.10.08 12:01:41.113,1.6667,1.6668,2.40,33.50
2007.10.08 12:01:41.143,1.6667,1.6668,2.40,32.70
2007.10.08 12:01:41.317,1.6667,1.6668,2.40,40.70
2007.10.08 12:01:41.525,1.6667,1.6668,2.40,32.70
2007.10.08 12:01:41.654,1.6667,1.6668,2.40,30.30
2007.10.08 12:01:41.761,1.6667,1.6668,6.40,22.30
2007.10.08 12:01:42.248,1.6667,1.6668,6.40,14.30
2007.10.08 12:01:42.361,1.6667,1.6668,6.40,13.50
2007.10.08 12:01:42.552,1.6667,1.6668,6.40,12.70
2007.10.08 12:01:42.600,1.6667,1.6668,6.40,11.90
2007.10.08 12:01:43.231,1.6667,1.6668,6.40,14.30
2007.10.08 12:01:43.302,1.6667,1.6668,2.40,18.30
2007.10.08 12:01:43.638,1.6667,1.6668,2.40,15.90
2007.10.08 12:01:43.836,1.6667,1.6668,6.40,11.90
2007.10.08 12:01:44.962,1.6667,1.6668,6.40,12.70
2007.10.08 12:01:45.065,1.6667,1.6668,6.40,13.50
2007.10.08 12:01:45.172,1.6667,1.6668,2.40,13.50
2007.10.08 12:01:45.184,1.6667,1.6668,2.40,15.90
2007.10.08 12:01:45.282,1.6667,1.6668,2.40,27.90
2007.10.08 12:01:45.327,1.6667,1.6668,2.40,28.70
2007.10.08 12:01:45.994,1.6667,1.6668,2.40,27.90
2007.10.08 12:01:46.207,1.6667,1.6668,2.40,24.70
2007.10.08 12:01:46.264,1.6667,1.6668,2.40,23.90
2007.10.08 12:01:46.309,1.6667,1.6668,6.40,11.90
2007.10.08 12:01:46.763,1.6667,1.6668,8.00,11.90
2007.10.08 12:01:50.280,1.6667,1.6668,16.00,11.90
2007.10.08 12:01:50.358,1.6667,1.6668,16.00,10.30
2007.10.08 12:01:51.676,1.6667,1.6668,14.40,11.90
2007.10.08 12:01:51.913,1.6667,1.6668,6.40,11.90
2007.10.08 12:01:53.233,1.6667,1.6668,8.00,11.90
2007.10.08 12:01:53.696,1.6667,1.6668,8.00,0.60
2007.10.08 12:01:56.185,1.6667,1.6668,8.00,0.50
2007.10.08 12:01:56.351,1.6667,1.66685,16.00,11.10
2007.10.08 12:01:56.672,1.6667,1.6669,23.90,43.10
2007.10.08 12:01:56.699,1.6667,1.6669,24.70,0.90
2007.10.08 12:01:56.770,1.6667,1.6669,24.70,0.60
2007.10.08 12:01:57.101,1.6667,1.6669,25.50,0.50
2007.10.08 12:01:58.224,1.6667,1.66695,17.50,39.10
2007.10.08 12:02:00.206,1.6667,1.66695,25.50,39.10
2007.10.08 12:02:10.796,1.6667,1.66695,23.10,39.10
2007.10.08 12:02:10.975,1.6667,1.66695,15.10,39.10
2007.10.08 12:02:11.091,1.6667,1.6669,14.30,0.90
2007.10.08 12:02:11.350,1.6667,1.6669,22.30,0.50
2007.10.08 12:02:11.356,1.6667,1.6669,23.90,0.70
2007.10.08 12:02:13.207,1.66665,1.66695,25.50,39.10
2007.10.08 12:02:13.222,1.66665,1.66695,24.70,39.10
2007.10.08 12:02:13.693,1.6667,1.6669,0.60,0.80
2007.10.08 12:02:15.741,1.66665,1.66695,26.30,39.10
2007.10.08 12:02:16.183,1.66665,1.66695,26.30,39.10
2007.10.08 12:02:17.093,1.66665,1.66695,26.30,43.10
2007.10.08 12:02:17.173,1.66665,1.6669,26.30,43.10
2007.10.08 12:02:17.207,1.66665,1.66685,22.30,7.20
2007.10.08 12:02:17.280,1.6667,1.6668,0.60,0.50
2007.10.08 12:02:17.308,1.66665,1.66685,18.40,12.70
2007.10.08 12:02:17.406,1.6667,1.6668,0.80,0.50
2007.10.08 12:02:18.712,1.6667,1.6668,0.90,0.60
2007.10.08 12:02:19.344,1.6667,1.6668,0.70,0.50
2007.10.08 12:02:19.357,1.6667,1.6668,0.50,0.60
2007.10.08 12:02:19.383,1.6667,1.6668,0.80,0.70
2007.10.08 12:02:21.085,1.66665,1.66685,10.40,12.70
2007.10.08 12:02:21.233,1.66665,1.66685,10.40,12.70
2007.10.08 12:02:22.729,1.6667,1.6668,0.50,0.90
2007.10.08 12:02:22.999,1.66665,1.66685,18.40,11.10
2007.10.08 12:02:23.237,1.6667,1.6668,3.60,11.90
2007.10.08 12:02:47.913,1.6667,1.6668,24.00,11.90
2007.10.08 12:02:48.019,1.6667,1.6668,24.00,7.90
2007.10.08 12:02:48.205,1.6667,1.6668,24.00,6.30
2007.10.08 12:02:48.235,1.6667,1.6669,23.90,26.30
2007.10.08 12:02:48.316,1.6667,1.6669,24.70,26.30
2007.10.08 12:02:48.527,1.6667,1.6669,24.70,22.30
2007.10.08 12:02:48.647,1.6667,1.6669,25.50,22.30
2007.10.08 12:02:48.943,1.6667,1.6669,17.50,30.30
2007.10.08 12:02:50.996,1.6667,1.6669,17.50,31.90
2007.10.08 12:02:51.021,1.6667,1.6669,17.50,33.50
2007.10.08 12:02:51.137,1.6667,1.6669,17.50,41.50
2007.10.08 12:02:51.143,1.6667,1.6669,17.50,42.30
2007.10.08 12:02:51.299,1.6667,1.6669,15.90,42.30
2007.10.08 12:02:51.338,1.6667,1.6669,15.90,46.30
2007.10.08 12:02:52.796,1.6667,1.6669,15.90,46.90
2007.10.08 12:02:53.211,1.6667,1.6669,7.90,50.90
2007.10.08 12:02:53.264,1.6667,1.6668,7.10,1.60
2007.10.08 12:02:53.326,1.6667,1.6668,3.20,13.50
2007.10.08 12:02:53.660,1.6667,1.6668,3.20,11.90
2007.10.08 12:02:53.732,1.6667,1.6669,14.30,46.90
2007.10.08 12:02:54.147,1.6667,1.6669,14.30,46.30
2007.10.08 12:02:58.600,1.6667,1.6669,16.70,46.30
2007.10.08 12:02:58.714,1.6668,1.6669,2.40,35.90
2007.10.08 12:02:58.810,1.6668,1.6669,2.40,23.90
2007.10.08 12:02:58.916,1.6668,1.6669,2.40,31.90
2007.10.08 12:02:59.017,1.6668,1.6669,2.40,31.10
2007.10.08 12:02:59.113,1.6668,1.6669,2.40,30.30
2007.10.08 12:02:59.210,1.6668,1.6669,2.40,32.70
2007.10.08 12:02:59.225,1.6667,1.6669,22.30,40.70
2007.10.08 12:02:59.330,1.6667,1.6669,14.30,44.70
2007.10.08 12:03:02.230,1.6667,1.6669,16.70,44.70
2007.10.08 12:03:02.243,1.6668,1.6669,2.40,43.90
2007.10.08 12:03:02.286,1.6668,1.6669,2.40,43.10
2007.10.08 12:03:02.332,1.6668,1.6669,2.40,39.90
2007.10.08 12:03:02.343,1.6668,1.6669,2.40,27.90
2007.10.08 12:03:02.640,1.6668,1.6669,2.40,23.90
2007.10.08 12:03:02.750,1.66675,1.6669,1.60,39.90
2007.10.08 12:03:03.145,1.66675,1.6669,1.60,42.30
2007.10.08 12:03:04.179,1.66675,1.6668,1.60,1.60
2007.10.08 12:03:04.205,1.66675,1.6668,1.60,4.00
2007.10.08 12:03:04.269,1.66675,1.6668,0.80,4.00
2007.10.08 12:03:04.310,1.66675,1.6668,0.80,7.90
2007.10.08 12:03:04.397,1.6667,1.6668,16.00,7.90
2007.10.08 12:03:04.419,1.6667,1.6668,8.00,7.90
2007.10.08 12:03:04.686,1.6667,1.6668,8.00,6.30
2007.10.08 12:03:05.038,1.6667,1.6668,8.00,10.30
2007.10.08 12:03:07.211,1.6667,1.6668,16.00,10.30
2007.10.08 12:03:07.311,1.6667,1.6668,4.50,10.30
2007.10.08 12:03:15.691,1.6667,1.6668,23.90,2.40
2007.10.08 12:03:15.784,1.6667,1.6668,24.70,2.40
2007.10.08 12:03:15.881,1.6667,1.6668,25.50,2.40
2007.10.08 12:03:15.901,1.6667,1.6669,25.50,38.30
2007.10.08 12:03:18.764,1.6667,1.6669,23.90,36.70
2007.10.08 12:03:22.173,1.6667,1.66685,23.90,0.80
2007.10.08 12:03:22.236,1.6667,1.6668,16.00,6.30
2007.10.08 12:03:22.355,1.6667,1.6668,8.00,6.30
2007.10.08 12:03:22.364,1.6667,1.6668,7.20,6.30
2007.10.08 12:03:22.619,1.6667,1.6668,6.40,6.30
2007.10.08 12:03:23.078,1.6667,1.6668,6.40,12.70
2007.10.08 12:03:23.283,1.6667,1.6668,14.40,12.70
2007.10.08 12:03:23.693,1.6667,1.6668,14.40,10.30
2007.10.08 12:03:25.369,1.6667,1.6668,6.40,10.30
2007.10.08 12:03:27.223,1.6667,1.6668,6.40,12.70
2007.10.08 12:03:27.314,1.6667,1.6668,14.40,12.70
2007.10.08 12:03:28.755,1.6667,1.6668,14.40,10.30
2007.10.08 12:03:29.304,1.6667,1.6668,6.40,10.30
2007.10.08 12:03:33.763,1.6667,1.66685,6.40,11.10
2007.10.08 12:03:57.900,1.6667,1.66685,14.40,11.10
2007.10.08 12:03:58.417,1.6667,1.66685,6.40,11.10
2007.10.08 12:04:08.733,1.6667,1.6668,8.00,10.30
2007.10.08 12:04:08.786,1.6667,1.6668,15.90,2.40
2007.10.08 12:04:08.836,1.6667,1.6668,16.70,2.40
2007.10.08 12:04:08.882,1.6667,1.6668,28.70,2.40
2007.10.08 12:04:09.122,1.6667,1.6668,29.50,2.40
2007.10.08 12:04:10.242,1.6667,1.6668,21.60,10.30
2007.10.08 12:04:10.339,1.6667,1.6668,17.60,10.30
2007.10.08 12:04:10.873,1.6667,1.6668,9.60,10.30
2007.10.08 12:04:14.390,1.6667,1.6668,8.80,10.30
2007.10.08 12:04:14.407,1.6667,1.6668,8.00,10.30
2007.10.08 12:04:27.235,1.6667,1.6668,16.00,10.30
2007.10.08 12:04:29.196,1.6667,1.6668,16.00,27.10
2007.10.08 12:04:29.315,1.6667,1.6668,16.00,35.10
2007.10.08 12:04:29.412,1.6667,1.6668,16.00,43.10
2007.10.08 12:04:29.509,1.6667,1.6668,8.00,51.10
2007.10.08 12:04:29.666,1.6666,1.6667,21.30,1.60
2007.10.08 12:04:29.732,1.6666,1.6667,21.50,4.00
2007.10.08 12:04:29.934,1.6666,1.6667,13.50,8.00
2007.10.08 12:04:30.148,1.6666,1.6667,21.50,8.00
2007.10.08 12:04:30.855,1.6666,1.6667,13.50,8.00
2007.10.08 12:04:34.347,1.6666,1.6667,12.70,8.00
2007.10.08 12:04:34.525,1.6666,1.6667,11.90,8.00
2007.10.08 12:04:37.181,1.6666,1.6667,7.90,8.00
2007.10.08 12:04:37.267,1.6666,1.6667,6.30,8.00
2007.10.08 12:04:37.305,1.6666,1.6667,2.40,19.90
2007.10.08 12:04:39.454,1.6665,1.6667,27.90,19.90
2007.10.08 12:04:40.347,1.6665,1.6667,26.30,19.90
2007.10.08 12:04:40.406,1.6665,1.6667,26.30,27.90
2007.10.08 12:04:40.774,1.6665,1.6667,27.90,27.90
2007.10.08 12:04:40.926,1.6665,1.6667,27.90,19.90
2007.10.08 12:04:41.345,1.6665,1.6667,27.90,27.90
2007.10.08 12:04:48.395,1.6665,1.6667,27.90,19.90
2007.10.08 12:04:48.507,1.6665,1.6667,27.90,11.90
2007.10.08 12:04:48.798,1.66655,1.6667,0.80,11.90
2007.10.08 12:04:49.025,1.66655,1.6667,1.60,11.90
2007.10.08 12:04:53.232,1.66655,1.6667,1.60,19.90
2007.10.08 12:04:54.756,1.6666,1.6667,2.40,18.30
2007.10.08 12:04:54.831,1.6666,1.6667,2.40,6.30
2007.10.08 12:04:55.223,1.6666,1.6667,8.80,6.30
2007.10.08 12:04:55.241,1.6666,1.6667,9.60,6.30
2007.10.08 12:04:57.100,1.6666,1.6667,9.60,0.50
2007.10.08 12:04:59.777,1.6666,1.6668,9.60,59.60
2007.10.08 12:04:59.808,1.6666,1.66675,8.80,12.70
2007.10.08 12:04:59.916,1.6666,1.66675,8.00,12.70
2007.10.08 12:04:59.987,1.6666,1.66675,4.00,12.70
2007.10.08 12:05:00.208,1.6666,1.66675,1.60,12.70
2007.10.08 12:05:00.303,1.66655,1.66675,1.60,12.70
2007.10.08 12:05:05.057,1.6666,1.66675,2.40,12.70
2007.10.08 12:05:07.152,1.6666,1.66675,2.40,8.70
2007.10.08 12:05:07.189,1.6666,1.6668,4.00,63.00
2007.10.08 12:05:07.303,1.6666,1.6668,4.80,61.40
2007.10.08 12:05:08.066,1.6666,1.6668,8.80,48.60
2007.10.08 12:05:10.589,1.6666,1.6668,9.60,48.60
2007.10.08 12:05:22.803,1.6666,1.66675,8.80,7.10
2007.10.08 12:05:22.909,1.6666,1.66675,8.80,15.10
2007.10.08 12:05:23.009,1.6666,1.6667,8.00,0.80
2007.10.08 12:05:23.061,1.6666,1.66675,4.00,15.10
2007.10.08 12:05:23.198,1.6666,1.66675,2.40,16.70
2007.10.08 12:05:23.213,1.6666,1.66675,2.40,12.70
2007.10.08 12:05:23.315,1.6666,1.66675,2.40,20.70
2007.10.08 12:05:24.130,1.6666,1.66675,2.40,19.10
2007.10.08 12:05:24.252,1.6666,1.6667,2.40,26.30
2007.10.08 12:05:24.384,1.6666,1.6667,2.40,18.30
2007.10.08 12:05:27.203,1.6666,1.6667,2.40,0.50
2007.10.08 12:05:28.593,1.66655,1.66675,0.80,19.10
2007.10.08 12:05:28.609,1.6665,1.66675,31.90,19.10
2007.10.08 12:05:35.653,1.6665,1.6667,23.90,0.50
2007.10.08 12:05:35.665,1.6665,1.6667,21.50,0.70
2007.10.08 12:05:36.804,1.6665,1.66675,21.50,35.10
2007.10.08 12:05:41.265,1.6665,1.66675,21.50,27.10
2007.10.08 12:05:41.626,1.6665,1.6667,21.50,0.70
2007.10.08 12:05:41.682,1.6665,1.66675,21.50,23.10
2007.10.08 12:05:41.931,1.6665,1.66675,23.90,23.10
2007.10.08 12:05:41.983,1.6665,1.6667,27.90,0.60
2007.10.08 12:05:49.160,1.6665,1.66675,25.50,25.50
2007.10.08 12:05:51.717,1.6665,1.66675,29.50,17.50
2007.10.08 12:05:51.728,1.6666,1.6668,1.60,71.60
2007.10.08 12:05:51.820,1.6666,1.6667,2.40,0.60
2007.10.08 12:05:51.902,1.6666,1.6667,3.20,0.70
2007.10.08 12:05:51.945,1.6666,1.6667,3.20,0.90
2007.10.08 12:05:52.133,1.6666,1.6668,7.20,57.20
2007.10.08 12:05:52.246,1.6666,1.6667,9.60,0.60
2007.10.08 12:05:52.638,1.6666,1.66675,9.60,8.70
2007.10.08 12:05:52.665,1.6666,1.6667,9.60,0.80
2007.10.08 12:05:53.174,1.6666,1.66675,9.60,11.10
2007.10.08 12:05:57.490,1.6666,1.6667,8.80,10.30
2007.10.08 12:05:57.516,1.6666,1.6667,8.00,10.30
2007.10.08 12:05:57.626,1.6666,1.6667,1.60,14.30
2007.10.08 12:05:57.790,1.66655,1.6667,1.60,14.30
2007.10.08 12:05:58.675,1.66655,1.6667,1.60,10.30
2007.10.08 12:05:59.200,1.66655,1.6667,1.60,6.30
2007.10.08 12:05:59.228,1.6666,1.6667,1.60,6.30
2007.10.08 12:05:59.650,1.6666,1.6667,1.60,8.70
2007.10.08 12:05:59.706,1.6666,1.6667,4.00,16.70
2007.10.08 12:05:59.738,1.6666,1.6667,2.40,18.30
2007.10.08 12:05:59.963,1.66655,1.6667,1.60,26.30
2007.10.08 12:06:00.114,1.6666,1.6667,2.40,26.30
2007.10.08 12:06:00.264,1.6666,1.6667,2.40,23.90
2007.10.08 12:06:01.179,1.6666,1.6667,2.40,22.30
2007.10.08 12:06:01.474,1.6666,1.6667,2.40,14.30
2007.10.08 12:06:01.690,1.6666,1.6667,2.40,10.30
2007.10.08 12:06:02.203,1.6666,1.6667,2.40,6.30
2007.10.08 12:06:02.226,1.6666,1.6667,4.00,6.30
2007.10.08 12:06:02.653,1.6666,1.6667,3.20,10.30
2007.10.08 12:06:02.725,1.6666,1.6667,3.20,18.30
2007.10.08 12:06:02.909,1.6666,1.6667,4.00,18.30
2007.10.08 12:06:03.148,1.6666,1.6667,4.00,14.30
2007.10.08 12:06:03.241,1.6666,1.6667,8.00,10.30
2007.10.08 12:06:03.252,1.6666,1.6667,9.60,10.30
2007.10.08 12:06:04.285,1.6666,1.66675,9.60,19.10
2007.10.08 12:06:08.491,1.6666,1.6667,8.80,0.60
2007.10.08 12:06:08.633,1.6666,1.6667,2.40,0.90
2007.10.08 12:06:08.703,1.6666,1.66675,0.80,23.10
2007.10.08 12:06:08.740,1.6666,1.66675,0.80,31.10
2007.10.08 12:06:08.916,1.66655,1.66675,1.60,31.10
2007.10.08 12:06:08.946,1.66655,1.66675,1.60,23.10
2007.10.08 12:06:09.349,1.66655,1.66675,1.60,15.10
2007.10.08 12:06:11.923,1.6666,1.66675,2.40,15.10
2007.10.08 12:06:12.215,1.6666,1.6667,2.40,0.90
2007.10.08 12:06:13.721,1.66655,1.66675,1.60,17.50
2007.10.08 12:06:23.196,1.66655,1.66675,1.60,19.10
2007.10.08 12:06:23.297,1.66655,1.66675,0.80,19.10
2007.10.08 12:06:23.453,1.66655,1.6667,0.80,0.50
2007.10.08 12:06:23.865,1.6665,1.6667,29.50,0.50
2007.10.08 12:06:25.416,1.6665,1.66675,29.50,19.10
2007.10.08 12:06:26.774,1.6665,1.6667,21.50,0.60
2007.10.08 12:06:26.873,1.6665,1.6667,21.50,0.70
2007.10.08 12:06:27.290,1.6665,1.66675,29.50,27.10
2007.10.08 12:06:29.238,1.6665,1.66675,29.50,19.10
2007.10.08 12:06:47.661,1.66655,1.6667,0.80,15.90
2007.10.08 12:06:47.700,1.6666,1.6667,2.40,15.90
2007.10.08 12:06:47.766,1.6666,1.6667,4.00,15.90
2007.10.08 12:06:47.821,1.6666,1.6667,4.00,11.90
2007.10.08 12:06:47.910,1.6666,1.6667,4.00,19.90
2007.10.08 12:06:48.012,1.6666,1.6667,8.00,19.90
2007.10.08 12:07:00.866,1.6666,1.6667,16.00,19.90
2007.10.08 12:07:00.964,1.6666,1.6667,8.00,15.90
2007.10.08 12:07:01.230,1.6666,1.6667,8.80,14.30
2007.10.08 12:07:01.234,1.6666,1.6667,12.80,3.90
2007.10.08 12:07:01.283,1.6666,1.6668,16.70,30.90
2007.10.08 12:07:01.563,1.6666,1.6668,17.50,30.90
2007.10.08 12:07:01.804,1.6666,1.6668,25.50,30.90
2007.10.08 12:07:02.217,1.6666,1.6668,17.50,30.90
2007.10.08 12:07:08.884,1.6666,1.6668,25.50,30.90
2007.10.08 12:07:08.954,1.6667,1.6668,2.40,30.90
2007.10.08 12:07:09.917,1.6666,1.6668,29.50,30.90
2007.10.08 12:07:10.017,1.6666,1.6668,25.50,30.90
2007.10.08 12:07:10.202,1.6666,1.6668,17.50,30.90
2007.10.08 12:07:12.686,1.6666,1.6667,13.50,2.40
2007.10.08 12:07:12.747,1.6666,1.6667,12.70,4.00
2007.10.08 12:07:12.759,1.6666,1.6667,11.90,4.00
2007.10.08 12:07:12.991,1.6666,1.6667,11.90,8.00
2007.10.08 12:07:16.021,1.6666,1.6667,11.90,4.00
2007.10.08 12:07:16.216,1.6666,1.6667,15.90,1.60
2007.10.08 12:07:16.256,1.6666,1.6668,15.90,42.90
2007.10.08 12:07:16.305,1.6666,1.6668,15.90,30.90
2007.10.08 12:07:18.717,1.6666,1.6668,16.70,30.90
2007.10.08 12:07:18.994,1.6666,1.6668,17.50,30.90
2007.10.08 12:07:20.257,1.6666,1.6668,17.50,31.70
2007.10.08 12:07:20.449,1.6666,1.6668,17.50,32.50
2007.10.08 12:07:20.478,1.6666,1.6668,17.50,33.30
2007.10.08 12:07:35.271,1.6666,1.6668,25.50,33.30
2007.10.08 12:07:35.679,1.6667,1.6668,2.40,25.30
2007.10.08 12:07:35.686,1.6667,1.6668,2.40,22.90
2007.10.08 12:07:35.892,1.6667,1.6668,2.40,14.90
2007.10.08 12:07:35.996,1.6667,1.6668,6.40,14.90
2007.10.08 12:07:36.207,1.6667,1.6668,6.40,22.90
2007.10.08 12:07:37.443,1.6667,1.6668,6.40,22.10
2007.10.08 12:07:37.501,1.6667,1.6668,6.40,21.30
2007.10.08 12:07:37.538,1.6667,1.6668,6.40,20.50
2007.10.08 12:07:37.633,1.6667,1.6668,6.40,22.90
2007.10.08 12:07:37.657,1.6667,1.6668,2.40,22.90
2007.10.08 12:07:38.655,1.6667,1.6668,2.40,20.50
2007.10.08 12:07:39.028,1.6667,1.6668,6.40,20.50
2007.10.08 12:07:39.117,1.6667,1.6668,6.40,19.90
2007.10.08 12:07:51.134,1.6667,1.6668,2.40,23.90
2007.10.08 12:07:51.223,1.6667,1.6668,2.40,26.30
2007.10.08 12:07:51.342,1.6667,1.6668,2.40,18.30
2007.10.08 12:07:51.968,1.6666,1.6668,21.50,18.30
2007.10.08 12:07:52.152,1.6666,1.6668,19.90,18.30
2007.10.08 12:07:52.180,1.6666,1.6668,19.90,26.30
2007.10.08 12:07:52.264,1.6666,1.6667,19.90,1.60
2007.10.08 12:07:52.284,1.6666,1.6667,11.90,1.60
2007.10.08 12:07:52.674,1.6666,1.6668,11.90,46.30
2007.10.08 12:07:52.708,1.6667,1.6668,2.40,42.30
2007.10.08 12:07:52.808,1.6667,1.6668,2.40,26.30
2007.10.08 12:07:53.184,1.6667,1.6668,2.40,23.90
2007.10.08 12:07:53.338,1.6667,1.6668,6.40,19.90
2007.10.08 12:07:54.217,1.6667,1.6668,6.40,21.50
2007.10.08 12:07:54.255,1.6667,1.6668,6.40,22.30
2007.10.08 12:07:54.325,1.6667,1.6668,6.40,21.50
2007.10.08 12:07:54.361,1.6667,1.6668,6.40,20.70
2007.10.08 12:07:54.515,1.6667,1.6668,6.40,19.90
2007.10.08 12:07:54.625,1.6667,1.6668,6.40,22.30
2007.10.08 12:07:54.674,1.66665,1.6668,0.80,26.30
2007.10.08 12:07:54.736,1.6666,1.6668,47.90,26.30
2007.10.08 12:07:54.770,1.6666,1.6667,15.20,11.90
2007.10.08 12:07:54.876,1.6666,1.6667,3.20,11.90
2007.10.08 12:07:54.976,1.6666,1.6667,3.20,14.30
2007.10.08 12:07:55.298,1.6666,1.6667,3.20,10.40
2007.10.08 12:07:55.806,1.6666,1.6667,1.60,10.40
2007.10.08 12:07:55.933,1.6666,1.6667,1.60,8.00
2007.10.08 12:07:57.160,1.6667,1.6668,2.40,24.50
2007.10.08 12:07:57.190,1.6667,1.6668,4.00,22.10
2007.10.08 12:07:57.264,1.6667,1.6668,4.00,14.10
2007.10.08 12:07:57.455,1.6667,1.6668,4.00,22.10
2007.10.08 12:07:57.893,1.6667,1.6668,4.00,20.50
2007.10.08 12:07:58.206,1.6667,1.6668,1.60,24.50
2007.10.08 12:07:58.213,1.66665,1.6668,0.80,26.90
2007.10.08 12:07:58.300,1.66665,1.6668,0.80,18.90
2007.10.08 12:07:59.308,1.66665,1.6668,0.80,26.90
2007.10.08 12:08:02.527,1.66665,1.6668,1.60,26.90
2007.10.08 12:08:02.606,1.6667,1.6668,2.40,26.90
2007.10.08 12:08:05.820,1.6667,1.6668,2.40,0.60
2007.10.08 12:08:08.250,1.6666,1.66685,29.50,27.70
2007.10.08 12:08:09.203,1.6666,1.6668,29.50,0.70
2007.10.08 12:08:13.843,1.6666,1.6668,21.50,0.70
2007.10.08 12:08:14.269,1.6666,1.66685,21.50,27.70
2007.10.08 12:08:19.227,1.6666,1.66685,21.50,19.70
2007.10.08 12:08:19.434,1.6666,1.6668,21.50,0.90
2007.10.08 12:08:21.730,1.6666,1.66685,21.50,15.10
2007.10.08 12:08:21.754,1.66665,1.66685,0.80,11.10
2007.10.08 12:08:21.980,1.66665,1.6668,1.60,0.90
2007.10.08 12:08:22.173,1.66665,1.66685,1.60,13.50
2007.10.08 12:08:22.262,1.66665,1.66685,1.60,17.50
2007.10.08 12:08:22.973,1.6667,1.6668,2.40,0.50
2007.10.08 12:08:43.745,1.66665,1.6667,1.60,2.40
2007.10.08 12:08:43.769,1.66665,1.6667,0.80,2.40
2007.10.08 12:08:44.109,1.6666,1.6667,21.50,2.40
2007.10.08 12:08:45.136,1.6666,1.6667,21.50,6.40
2007.10.08 12:08:46.226,1.6666,1.6667,13.50,6.40
2007.10.08 12:08:46.622,1.6666,1.66675,13.50,0.80
2007.10.08 12:08:46.732,1.6666,1.66675,17.50,0.80
2007.10.08 12:08:46.746,1.6666,1.6668,17.50,40.70
2007.10.08 12:08:46.955,1.6666,1.6668,33.50,24.70
2007.10.08 12:08:47.183,1.6666,1.6668,25.50,24.70
2007.10.08 12:08:48.718,1.6666,1.6667,21.50,2.40
2007.10.08 12:08:48.818,1.6666,1.6667,13.50,2.40
2007.10.08 12:08:49.250,1.6666,1.6667,21.50,2.40
2007.10.08 12:08:51.224,1.6666,1.6667,15.10,4.80
2007.10.08 12:08:51.266,1.6666,1.66665,13.50,0.80
2007.10.08 12:08:51.349,1.6666,1.66665,9.60,0.80
2007.10.08 12:08:51.367,1.6666,1.66665,8.80,1.60
2007.10.08 12:08:51.444,1.6666,1.66665,0.80,1.60
2007.10.08 12:08:51.625,1.6665,1.66665,23.70,2.40
2007.10.08 12:08:51.713,1.6665,1.66665,27.70,2.40
2007.10.08 12:08:51.781,1.6665,1.6666,30.10,2.40
2007.10.08 12:08:51.905,1.6665,1.6666,28.50,2.40
2007.10.08 12:08:51.986,1.6665,1.6666,20.50,2.40
2007.10.08 12:08:52.078,1.6665,1.6666,19.90,2.40
2007.10.08 12:08:52.421,1.6665,1.66665,19.90,1.60
2007.10.08 12:08:52.624,1.6665,1.66665,27.90,1.60
2007.10.08 12:08:52.719,1.66655,1.66665,0.80,1.60
2007.10.08 12:08:52.736,1.6666,1.66665,2.40,1.60
2007.10.08 12:08:52.825,1.6666,1.66665,2.40,0.80
2007.10.08 12:08:52.850,1.6666,1.6667,2.40,12.70
2007.10.08 12:08:53.039,1.6666,1.6667,6.40,12.70
2007.10.08 12:08:53.149,1.6666,1.6667,6.40,13.50
2007.10.08 12:08:53.165,1.6666,1.6667,6.40,9.50
2007.10.08 12:08:53.221,1.6666,1.6667,8.00,9.50
2007.10.08 12:08:53.752,1.6666,1.6667,6.40,7.90
2007.10.08 12:08:53.836,1.6666,1.6667,2.40,7.90
2007.10.08 12:08:53.905,1.6665,1.6667,48.50,7.90
2007.10.08 12:08:53.940,1.6665,1.6667,49.30,7.90
2007.10.08 12:08:54.025,1.6665,1.6667,50.10,7.90
2007.10.08 12:08:54.193,1.6665,1.6667,50.90,7.90
2007.10.08 12:08:54.841,1.6665,1.6667,49.30,7.90
2007.10.08 12:08:56.115,1.6665,1.6667,48.50,7.90
2007.10.08 12:08:56.199,1.6665,1.6667,47.70,7.90
2007.10.08 12:08:56.220,1.6665,1.6667,47.70,9.50
2007.10.08 12:08:56.316,1.6665,1.6667,43.70,13.50
2007.10.08 12:08:56.460,1.6665,1.6667,42.90,13.50
2007.10.08 12:08:58.209,1.6665,1.6667,47.70,13.50
2007.10.08 12:08:58.269,1.66655,1.6667,0.80,11.90
2007.10.08 12:08:58.439,1.6666,1.6667,8.00,11.90
2007.10.08 12:08:58.467,1.6666,1.6667,8.00,11.10
2007.10.08 12:08:58.670,1.6666,1.6667,9.60,11.10
2007.10.08 12:08:58.749,1.6666,1.6667,12.00,11.10
2007.10.08 12:08:58.966,1.6666,1.6667,16.00,11.10
2007.10.08 12:08:59.289,1.6666,1.6667,8.00,11.10
2007.10.08 12:09:01.009,1.6666,1.66675,8.00,12.70
2007.10.08 12:09:02.049,1.66665,1.66675,0.50,11.90
2007.10.08 12:09:02.221,1.66665,1.6667,0.50,0.70
2007.10.08 12:09:04.329,1.6666,1.66675,16.60,7.90
2007.10.08 12:09:05.096,1.6666,1.66675,16.00,7.90
2007.10.08 12:09:05.205,1.6666,1.6667,8.00,0.70
2007.10.08 12:09:06.293,1.6666,1.66675,16.00,12.70
2007.10.08 12:09:06.306,1.6666,1.66675,16.00,14.30
2007.10.08 12:09:07.746,1.6666,1.6667,16.00,0.70
2007.10.08 12:09:20.265,1.6666,1.66675,8.00,12.70
2007.10.08 12:09:22.433,1.6666,1.66675,16.00,11.90
2007.10.08 12:09:22.714,1.6666,1.66675,16.00,7.90
2007.10.08 12:09:23.133,1.6666,1.66675,16.00,11.90
2007.10.08 12:09:24.199,1.6666,1.66675,8.00,12.70
2007.10.08 12:09:25.780,1.6666,1.6667,8.00,0.80
2007.10.08 12:09:25.983,1.6666,1.66675,16.00,8.70
2007.10.08 12:09:26.091,1.6666,1.66675,8.00,8.70
2007.10.08 12:09:26.251,1.6666,1.66675,8.00,10.30
2007.10.08 12:09:26.315,1.6666,1.6667,8.00,0.60
2007.10.08 12:09:27.292,1.6666,1.6667,8.00,0.70
2007.10.08 12:09:28.232,1.6666,1.66675,16.00,12.70
2007.10.08 12:09:29.758,1.6666,1.6667,16.00,0.50
2007.10.08 12:09:31.249,1.6666,1.6667,8.00,6.30
2007.10.08 12:09:33.228,1.6666,1.6667,8.00,7.90
2007.10.08 12:09:33.248,1.6666,1.6667,8.00,11.90
2007.10.08 12:09:43.916,1.6666,1.6667,8.00,7.90
2007.10.08 12:09:44.423,1.6666,1.6667,8.00,11.90
2007.10.08 12:10:01.686,1.6666,1.6667,6.40,15.10
2007.10.08 12:10:01.745,1.6666,1.6667,2.40,15.10
2007.10.08 12:10:01.760,1.6666,1.6667,2.40,15.90
2007.10.08 12:10:01.962,1.6665,1.6667,38.10,15.90
2007.10.08 12:10:02.695,1.6665,1.6667,36.50,15.90
2007.10.08 12:10:03.115,1.6665,1.6667,38.10,15.90
2007.10.08 12:10:03.171,1.6666,1.6667,1.60,13.50
2007.10.08 12:10:03.237,1.6666,1.6667,4.00,13.50
2007.10.08 12:10:04.067,1.6666,1.6667,8.00,13.50
2007.10.08 12:10:04.685,1.6666,1.6667,4.00,17.50
2007.10.08 12:10:04.698,1.6666,1.6667,2.40,19.90
2007.10.08 12:10:04.800,1.6665,1.6666,30.10,2.40
2007.10.08 12:10:04.914,1.6665,1.6666,22.10,2.40
2007.10.08 12:10:05.137,1.6665,1.6666,21.50,2.40
2007.10.08 12:10:05.932,1.6665,1.6666,19.90,2.40
2007.10.08 12:10:07.084,1.6665,1.6666,24.70,2.40
2007.10.08 12:10:07.150,1.6665,1.6666,27.10,2.40
2007.10.08 12:10:07.191,1.6666,1.66665,6.40,0.80
2007.10.08 12:10:07.242,1.6666,1.66665,6.40,1.60
2007.10.08 12:10:07.254,1.6666,1.66665,8.00,1.60
2007.10.08 12:10:07.329,1.6666,1.6667,8.00,21.50
2007.10.08 12:10:07.703,1.6666,1.66665,11.90,0.90
2007.10.08 12:10:07.770,1.6666,1.66665,11.90,0.80
2007.10.08 12:10:07.954,1.6666,1.66665,19.90,0.80
2007.10.08 12:10:07.965,1.6666,1.66685,19.90,37.30
2007.10.08 12:10:08.067,1.6666,1.66685,19.90,36.70
2007.10.08 12:10:08.166,1.6666,1.6668,11.90,0.70
2007.10.08 12:10:10.160,1.6666,1.66685,11.90,28.70
2007.10.08 12:10:11.264,1.6666,1.66685,11.90,36.70
2007.10.08 12:10:12.268,1.6666,1.66685,11.90,28.70
2007.10.08 12:10:14.072,1.6666,1.6668,11.90,0.50
2007.10.08 12:10:14.702,1.66665,1.66685,0.80,34.30
2007.10.08 12:10:14.716,1.6667,1.66685,2.40,22.30
2007.10.08 12:10:14.890,1.6667,1.66685,2.40,22.30
2007.10.08 12:10:14.916,1.6667,1.6668,2.40,0.50
2007.10.08 12:10:14.926,1.6667,1.66685,2.40,14.30
2007.10.08 12:10:15.041,1.6667,1.66685,6.40,14.30
2007.10.08 12:10:15.138,1.6667,1.66685,2.40,18.30
2007.10.08 12:10:15.221,1.6667,1.66685,2.40,20.70
2007.10.08 12:10:15.976,1.6666,1.6668,27.90,0.60
2007.10.08 12:10:16.088,1.6666,1.6668,27.90,0.80
2007.10.08 12:10:16.196,1.6666,1.66685,19.90,28.70
2007.10.08 12:10:17.658,1.6666,1.66685,18.30,28.70
2007.10.08 12:10:17.695,1.6666,1.66685,2.40,36.70
2007.10.08 12:10:17.775,1.6666,1.6668,2.40,0.80
2007.10.08 12:10:17.997,1.6665,1.6668,60.50,0.60
2007.10.08 12:10:18.619,1.6666,1.6668,2.40,0.80
2007.10.08 12:10:18.735,1.6666,1.66685,14.30,36.70
2007.10.08 12:10:18.796,1.6666,1.66685,15.90,36.70
2007.10.08 12:10:18.952,1.6666,1.6668,27.90,0.70
2007.10.08 12:10:19.146,1.6666,1.66685,19.90,36.70
2007.10.08 12:10:19.357,1.6666,1.6668,11.90,0.70
2007.10.08 12:10:20.026,1.6666,1.66685,11.90,36.70
2007.10.08 12:10:20.394,1.6666,1.6668,11.90,0.90
2007.10.08 12:10:24.517,1.6666,1.6668,0.70,0.90
2007.10.08 12:10:29.965,1.6666,1.66685,11.90,36.70
2007.10.08 12:10:30.195,1.6666,1.66685,48.70,24.70
2007.10.08 12:10:30.203,1.6667,1.6668,0.80,0.60
2007.10.08 12:10:30.312,1.66665,1.66685,7.20,22.30
2007.10.08 12:10:30.404,1.6667,1.6668,0.70,0.90
2007.10.08 12:10:30.448,1.66665,1.66685,7.20,14.30
2007.10.08 12:10:34.223,1.6667,1.6668,0.50,0.80
2007.10.08 12:10:34.241,1.6666,1.66685,45.50,20.70
2007.10.08 12:10:34.435,1.6666,1.66685,37.50,28.70
2007.10.08 12:10:34.966,1.66655,1.66685,36.70,28.70
2007.10.08 12:10:35.172,1.66655,1.66685,20.70,28.70
2007.10.08 12:10:36.115,1.66655,1.6668,24.70,26.30
2007.10.08 12:10:36.169,1.6666,1.6668,27.10,24.70
2007.10.08 12:10:36.211,1.66665,1.6668,7.20,20.70
2007.10.08 12:10:36.437,1.6667,1.6668,2.60,12.70
2007.10.08 12:10:36.467,1.66665,1.6668,7.20,13.50
2007.10.08 12:10:37.149,1.6667,1.6668,1.00,21.50
2007.10.08 12:10:39.190,1.6667,1.6668,2.80,13.50
2007.10.08 12:10:40.948,1.66665,1.6668,4.80,7.10
2007.10.08 12:10:41.016,1.66665,1.6668,5.60,6.30
2007.10.08 12:10:41.064,1.66665,1.6668,9.60,6.30
2007.10.08 12:10:41.111,1.66665,1.6668,12.00,6.30
2007.10.08 12:10:41.170,1.66665,1.6668,20.80,6.30
2007.10.08 12:10:41.220,1.66665,1.6668,20.80,4.70
2007.10.08 12:10:41.271,1.6668,1.6669,1.40,15.90
2007.10.08 12:10:41.282,1.6667,1.6669,49.50,15.90
2007.10.08 12:10:41.481,1.6668,1.6669,1.10,23.90
2007.10.08 12:10:41.696,1.66675,1.6669,7.20,19.90
2007.10.08 12:10:41.919,1.66675,1.6669,8.00,11.90
2007.10.08 12:10:42.021,1.6668,1.6669,3.40,7.90
2007.10.08 12:10:42.243,1.66675,1.667,12.70,46.30
2007.10.08 12:10:42.357,1.66675,1.667,20.70,38.30
2007.10.08 12:10:42.484,1.6668,1.667,4.60,34.30
2007.10.08 12:10:42.661,1.66675,1.667,30.30,34.30
2007.10.08 12:10:42.785,1.6668,1.667,0.90,0.50
2007.10.08 12:10:42.904,1.66675,1.66705,22.30,27.10
2007.10.08 12:10:43.099,1.66675,1.66705,14.30,27.10
2007.10.08 12:10:43.208,1.6668,1.667,0.90,0.50
2007.10.08 12:10:46.475,1.66675,1.66705,14.30,27.10
2007.10.08 12:10:46.877,1.66675,1.66705,14.30,27.10
2007.10.08 12:10:46.900,1.66675,1.66705,14.30,35.10
2007.10.08 12:10:47.078,1.6668,1.667,0.90,0.50
2007.10.08 12:10:47.429,1.66675,1.66705,14.30,27.10
2007.10.08 12:10:48.166,1.66675,1.66705,22.30,27.10
2007.10.08 12:10:52.126,1.66685,1.667,0.80,0.90
2007.10.08 12:10:52.257,1.66685,1.667,1.60,0.50
2007.10.08 12:10:52.297,1.6669,1.66705,2.40,27.10
2007.10.08 12:10:56.678,1.6669,1.66705,2.40,19.10
2007.10.08 12:10:56.719,1.6669,1.667,4.00,0.80
2007.10.08 12:10:56.938,1.6669,1.667,8.00,0.60
2007.10.08 12:11:05.696,1.6669,1.667,8.00,0.90
2007.10.08 12:11:06.211,1.6669,1.66705,8.00,14.30
2007.10.08 12:11:11.154,1.6669,1.66705,10.40,14.30
2007.10.08 12:11:20.583,1.6669,1.667,8.00,11.90
2007.10.08 12:11:20.706,1.6669,1.667,8.00,10.30
2007.10.08 12:11:24.873,1.6669,1.66705,8.00,12.70
2007.10.08 12:11:27.175,1.6669,1.66705,8.00,16.70
2007.10.08 12:11:27.705,1.6669,1.66705,8.00,14.30
2007.10.08 12:11:34.700,1.6669,1.66705,4.00,18.30
2007.10.08 12:11:34.727,1.6669,1.66705,2.40,20.70
2007.10.08 12:11:34.837,1.6669,1.66705,2.40,20.70
2007.10.08 12:11:34.924,1.6668,1.66705,30.10,20.70
2007.10.08 12:11:35.060,1.6668,1.667,30.10,0.90
2007.10.08 12:11:35.141,1.6668,1.66705,29.50,20.70
2007.10.08 12:11:35.750,1.6668,1.667,27.90,0.90
2007.10.08 12:11:37.242,1.6668,1.66705,31.90,16.70
2007.10.08 12:11:37.282,1.66685,1.667,0.80,0.70
2007.10.08 12:11:37.698,1.66685,1.667,0.80,0.60
2007.10.08 12:11:37.826,1.6669,1.667,1.60,0.90
2007.10.08 12:11:37.873,1.6669,1.66705,4.00,14.30
2007.10.08 12:11:37.971,1.6669,1.667,8.00,0.70
2007.10.08 12:11:38.736,1.6669,1.66705,10.40,8.70
2007.10.08 12:11:38.934,1.6669,1.66705,18.40,8.70
2007.10.08 12:11:39.120,1.6669,1.66705,16.00,8.70
2007.10.08 12:11:39.227,1.6669,1.66705,18.40,8.70
2007.10.08 12:11:39.536,1.6669,1.66705,16.00,8.70
2007.10.08 12:11:39.751,1.6669,1.667,16.00,0.70
2007.10.08 12:11:40.088,1.6669,1.667,16.00,0.70
2007.10.08 12:11:51.743,1.6669,1.667,16.00,0.60
2007.10.08 12:11:51.762,1.6669,1.667,16.00,0.70
2007.10.08 12:11:52.659,1.667,1.66705,2.40,10.40
2007.10.08 12:11:52.683,1.667,1.66705,4.00,8.20
2007.10.08 12:11:52.776,1.667,1.66705,4.00,0.80
2007.10.08 12:11:52.960,1.667,1.66715,4.00,20.70
2007.10.08 12:11:52.981,1.667,1.66715,16.00,12.70
2007.10.08 12:11:53.190,1.667,1.66715,16.60,12.70
2007.10.08 12:11:53.272,1.667,1.6671,17.10,0.50
2007.10.08 12:11:55.257,1.667,1.6671,16.60,10.30
2007.10.08 12:11:56.111,1.667,1.6671,24.60,10.30
2007.10.08 12:11:56.235,1.667,1.6671,16.50,2.40
2007.10.08 12:11:57.288,1.667,1.6671,24.50,2.40
2007.10.08 12:11:57.507,1.667,1.6671,28.50,2.40
2007.10.08 12:11:57.790,1.6671,1.6672,1.60,22.30
2007.10.08 12:11:57.849,1.6671,1.6672,1.60,16.70
2007.10.08 12:11:58.186,1.6671,1.6672,1.60,21.50
2007.10.08 12:11:58.257,1.6671,1.6672,1.60,17.50
2007.10.08 12:11:58.346,1.667,1.6671,53.30,2.40
2007.10.08 12:11:58.699,1.6671,1.6672,4.00,10.30
2007.10.08 12:11:59.109,1.6671,1.6672,8.00,10.30
2007.10.08 12:11:59.218,1.6671,1.6672,16.00,10.30
2007.10.08 12:12:00.165,1.6671,1.6672,8.00,10.30
2007.10.08 12:12:00.695,1.6671,1.6672,4.00,10.30
2007.10.08 12:12:00.737,1.6671,1.6672,4.00,12.70
2007.10.08 12:12:00.894,1.6671,1.6672,1.60,12.70
2007.10.08 12:12:01.144,1.6671,1.6672,1.60,10.30
2007.10.08 12:12:01.737,1.6671,1.6672,4.00,10.30
2007.10.08 12:12:01.938,1.6671,1.6672,16.00,10.30
2007.10.08 12:12:07.179,1.6671,1.6672,8.00,10.30
2007.10.08 12:12:08.224,1.667,1.6671,60.50,2.40
2007.10.08 12:12:08.233,1.667,1.6671,60.50,2.40
2007.10.08 12:12:08.350,1.667,1.6671,24.50,2.40
2007.10.08 12:12:08.509,1.667,1.6671,32.50,2.40
2007.10.08 12:12:08.661,1.667,1.6671,36.50,2.40
2007.10.08 12:12:08.736,1.6671,1.6672,1.60,38.30
2007.10.08 12:12:08.771,1.6671,1.6672,8.00,27.90
2007.10.08 12:12:08.871,1.6671,1.6672,8.00,19.90
2007.10.08 12:12:09.077,1.6671,1.6672,8.00,11.90
2007.10.08 12:12:10.375,1.6671,1.6672,16.00,11.90
2007.10.08 12:12:11.621,1.6671,1.6672,12.00,11.90
2007.10.08 12:12:11.730,1.6671,1.6672,12.00,14.30
2007.10.08 12:12:11.945,1.6671,1.6672,1.60,14.30
2007.10.08 12:12:12.756,1.6671,1.6672,1.60,11.90
2007.10.08 12:12:12.774,1.6671,1.6672,4.00,11.90
2007.10.08 12:12:12.983,1.6671,1.6672,8.00,11.90
2007.10.08 12:12:14.392,1.6671,1.6672,8.00,11.10
2007.10.08 12:12:14.398,1.6671,1.6672,8.00,10.30
2007.10.08 12:12:22.713,1.6671,1.6672,8.00,12.70
2007.10.08 12:12:22.733,1.6671,1.6672,4.00,12.70
2007.10.08 12:12:22.951,1.6671,1.6672,1.60,12.70
2007.10.08 12:12:24.187,1.6671,1.6672,8.00,10.30
2007.10.08 12:12:26.679,1.6671,1.6672,4.00,10.30
2007.10.08 12:12:26.729,1.6671,1.6672,4.00,12.70
2007.10.08 12:12:26.989,1.6671,1.6672,1.60,12.70
2007.10.08 12:12:27.425,1.667,1.6672,47.70,12.70
2007.10.08 12:12:28.144,1.667,1.6672,38.90,12.70
2007.10.08 12:12:28.169,1.6671,1.6672,1.70,10.30
2007.10.08 12:12:28.944,1.66705,1.6672,8.80,10.30
2007.10.08 12:12:31.241,1.66705,1.6672,8.80,14.30
2007.10.08 12:12:31.452,1.6671,1.6672,1.30,14.30
2007.10.08 12:12:31.654,1.6671,1.6672,3.70,10.30
2007.10.08 12:12:31.691,1.66705,1.6672,10.40,10.30
2007.10.08 12:12:31.811,1.6671,1.6672,2.40,10.30
2007.10.08 12:12:31.969,1.6671,1.6672,4.40,10.30
2007.10.08 12:12:31.988,1.6671,1.6672,1.00,10.30
2007.10.08 12:12:32.123,1.6671,1.6672,3.10,10.30
2007.10.08 12:12:32.166,1.66705,1.6672,4.80,10.30
2007.10.08 12:12:33.023,1.6671,1.6672,2.90,10.30
2007.10.08 12:12:33.042,1.667,1.6672,52.50,10.30
2007.10.08 12:12:33.101,1.667,1.6672,50.10,12.70
2007.10.08 12:12:33.210,1.66705,1.6672,8.80,10.30
2007.10.08 12:12:33.318,1.6671,1.6672,0.50,10.30
2007.10.08 12:12:33.337,1.66705,1.6672,15.20,10.30
2007.10.08 12:12:33.638,1.66705,1.6672,14.40,10.30
2007.10.08 12:12:33.832,1.6671,1.6672,3.60,10.30
2007.10.08 12:12:33.858,1.66705,1.6672,12.80,10.30
2007.10.08 12:12:34.169,1.66705,1.6672,10.40,10.30
2007.10.08 12:12:34.266,1.66705,1.6672,2.40,10.30
2007.10.08 12:12:35.265,1.66695,1.6672,58.10,11.90
2007.10.08 12:12:35.278,1.66695,1.6672,50.10,19.90
2007.10.08 12:12:35.378,1.667,1.6672,5.70,20.70
2007.10.08 12:12:35.494,1.66695,1.6672,46.10,20.70
2007.10.08 12:12:35.640,1.667,1.6672,5.60,21.50
2007.10.08 12:12:35.786,1.667,1.6672,3.30,21.50
2007.10.08 12:12:35.828,1.667,1.6672,17.50,21.50
2007.10.08 12:12:35.929,1.667,1.6671,16.50,2.40
2007.10.08 12:12:35.980,1.66695,1.6671,34.10,2.40
2007.10.08 12:12:36.028,1.667,1.6671,4.80,2.40
2007.10.08 12:12:36.153,1.66695,1.6671,29.30,2.40
2007.10.08 12:12:36.232,1.66695,1.6671,5.40,6.30
2007.10.08 12:12:36.744,1.667,1.6671,1.10,10.30
2007.10.08 12:12:37.064,1.667,1.6671,1.20,10.30
2007.10.08 12:12:39.699,1.667,1.6671,2.10,10.30
2007.10.08 12:12:39.793,1.6669,1.6671,63.70,10.30
2007.10.08 12:12:39.998,1.6669,1.6671,67.70,10.30
2007.10.08 12:12:46.170,1.66695,1.6671,12.80,10.30
2007.10.08 12:12:46.291,1.66695,1.6671,4.80,10.30
2007.10.08 12:12:47.010,1.667,1.6671,0.80,10.30
2007.10.08 12:12:47.110,1.667,1.6671,1.40,6.30
2007.10.08 12:12:47.180,1.667,1.6671,6.80,6.30
2007.10.08 12:12:47.219,1.6671,1.66715,2.70,2.40
2007.10.08 12:12:47.274,1.66705,1.66715,8.80,0.80
2007.10.08 12:12:47.525,1.66705,1.6672,8.80,13.50
2007.10.08 12:12:47.836,1.66705,1.6672,8.80,11.90
2007.10.08 12:12:48.253,1.66705,1.6672,16.80,11.90
2007.10.08 12:12:54.169,1.667,1.6672,42.10,18.30
2007.10.08 12:12:54.263,1.66695,1.6672,30.10,34.30
2007.10.08 12:12:54.273,1.66695,1.6672,30.10,35.10
2007.10.08 12:12:54.358,1.66695,1.6672,26.10,35.10
2007.10.08 12:12:54.556,1.6669,1.6672,63.20,35.90
2007.10.08 12:12:54.688,1.667,1.6672,1.90,35.90
2007.10.08 12:12:55.627,1.667,1.6672,4.90,33.50
2007.10.08 12:12:55.725,1.66705,1.6672,4.80,13.50
2007.10.08 12:12:55.932,1.66705,1.6672,8.80,13.50
2007.10.08 12:12:59.413,1.6671,1.6672,8.00,12.70
2007.10.08 12:12:59.517,1.6671,1.6672,8.00,11.90
2007.10.08 12:13:00.262,1.6671,1.6672,16.00,11.90
2007.10.08 12:13:00.688,1.6671,1.6672,16.00,7.90
2007.10.08 12:13:00.750,1.6671,1.6672,16.00,6.30
2007.10.08 12:13:00.789,1.6671,1.6672,20.00,6.30
2007.10.08 12:13:02.616,1.6671,1.6672,22.40,6.30
2007.10.08 12:13:02.666,1.6671,1.6672,18.40,10.30
2007.10.08 12:13:03.134,1.6671,1.6672,16.00,10.30
2007.10.08 12:13:03.657,1.6671,1.66725,16.00,12.70
2007.10.08 12:13:04.154,1.6671,1.66725,12.00,12.70
2007.10.08 12:13:04.163,1.6671,1.66725,10.40,12.70
2007.10.08 12:13:04.272,1.6671,1.66725,2.40,20.70
2007.10.08 12:13:04.573,1.6671,1.66725,2.40,20.70
2007.10.08 12:13:04.722,1.6671,1.66725,2.40,20.70
2007.10.08 12:13:04.897,1.667,1.66725,38.90,20.70
2007.10.08 12:13:05.351,1.667,1.66725,30.90,20.70
2007.10.08 12:13:05.702,1.6671,1.6672,1.60,0.70
2007.10.08 12:13:05.771,1.6671,1.6673,1.60,64.60
2007.10.08 12:13:08.686,1.6671,1.6673,8.00,50.20
2007.10.08 12:13:08.998,1.6671,1.6673,12.00,50.20
2007.10.08 12:13:09.913,1.6671,1.6673,12.00,50.20
2007.10.08 12:13:10.106,1.6671,1.6673,12.00,50.20
2007.10.08 12:13:17.092,1.6671,1.6673,19.20,47.00
2007.10.08 12:13:17.197,1.6672,1.6673,6.40,34.90
2007.10.08 12:13:17.208,1.6672,1.6673,8.00,32.60
2007.10.08 12:13:17.302,1.6672,1.66735,8.00,14.30
2007.10.08 12:13:17.326,1.6672,1.66735,8.00,14.30
2007.10.08 12:13:17.543,1.6672,1.6673,8.00,0.50
2007.10.08 12:13:28.197,1.6673,1.66735,2.40,7.10
2007.10.08 12:13:28.204,1.6673,1.66735,2.40,4.20
2007.10.08 12:13:28.297,1.6673,1.66735,2.40,0.80
2007.10.08 12:13:28.528,1.6673,1.66745,2.40,21.50
2007.10.08 12:13:28.919,1.6673,1.66745,2.40,13.50
2007.10.08 12:13:29.028,1.6673,1.66745,8.80,14.30
2007.10.08 12:13:32.134,1.6673,1.66745,6.40,14.30
2007.10.08 12:13:32.253,1.6673,1.66745,8.00,12.70
2007.10.08 12:13:35.605,1.6673,1.6674,8.00,12.70
2007.10.08 12:13:35.676,1.6673,1.6674,4.00,12.70
2007.10.08 12:13:35.716,1.6673,1.6674,2.40,12.70
2007.10.08 12:13:35.785,1.6673,1.6674,2.40,20.70
2007.10.08 12:13:36.074,1.6672,1.6674,34.10,20.70
2007.10.08 12:13:36.786,1.6672,1.6674,32.50,20.70
2007.10.08 12:13:36.909,1.6673,1.6674,2.40,20.70
2007.10.08 12:13:37.146,1.6673,1.6674,4.00,18.30
2007.10.08 12:13:37.217,1.6673,1.6674,8.00,10.30
2007.10.08 12:13:37.333,1.6673,1.6674,16.00,10.30
2007.10.08 12:13:37.419,1.6673,1.6674,8.00,10.30
2007.10.08 12:13:41.673,1.6674,1.66745,1.60,1.60
2007.10.08 12:13:41.685,1.66735,1.6674,0.80,6.30
2007.10.08 12:13:41.787,1.6674,1.66745,4.00,0.80
2007.10.08 12:13:41.985,1.6674,1.6675,4.00,19.90
2007.10.08 12:13:42.088,1.6674,1.6675,8.00,19.90
2007.10.08 12:13:42.192,1.6674,1.6675,8.00,11.90
2007.10.08 12:13:43.212,1.6674,1.6675,10.40,11.90
2007.10.08 12:13:44.676,1.6674,1.6675,8.00,11.90
2007.10.08 12:13:47.757,1.6674,1.6675,8.00,10.30
2007.10.08 12:13:50.355,1.6674,1.6675,8.00,11.90
2007.10.08 12:14:01.156,1.6674,1.6675,4.00,15.90
2007.10.08 12:14:01.221,1.6674,1.6675,2.40,19.10
2007.10.08 12:14:01.281,1.6673,1.6675,20.00,35.10
2007.10.08 12:14:01.298,1.6673,1.6675,20.00,35.90
2007.10.08 12:14:01.372,1.6673,1.6675,12.00,43.90
2007.10.08 12:14:01.478,1.6673,1.6675,4.00,43.90
2007.10.08 12:14:01.784,1.6673,1.6675,2.40,43.90
2007.10.08 12:14:02.001,1.6672,1.6675,48.50,43.90
2007.10.08 12:14:02.733,1.6674,1.6675,2.40,23.90
2007.10.08 12:14:02.781,1.6674,1.6675,4.00,21.50
2007.10.08 12:14:02.823,1.6674,1.6675,4.00,13.50
2007.10.08 12:14:02.939,1.6674,1.6675,8.00,13.50
2007.10.08 12:14:04.699,1.6674,1.6675,1.60,17.50
2007.10.08 12:14:04.731,1.6673,1.6675,43.90,19.90
2007.10.08 12:14:04.954,1.6673,1.6675,4.00,35.90
2007.10.08 12:14:05.011,1.6673,1.6675,1.60,35.90
2007.10.08 12:14:05.216,1.6673,1.6675,1.60,43.90
2007.10.08 12:14:05.631,1.6672,1.6675,56.50,43.90
2007.10.08 12:14:05.941,1.6673,1.6675,2.40,43.90
2007.10.08 12:14:06.047,1.6673,1.6675,6.40,43.90
2007.10.08 12:14:06.147,1.6674,1.6675,4.00,35.90
2007.10.08 12:14:06.246,1.6674,1.6675,5.60,33.50
2007.10.08 12:14:06.273,1.6674,1.6675,8.00,13.50
2007.10.08 12:14:06.355,1.6674,1.6675,8.00,12.70
2007.10.08 12:14:06.387,1.6674,1.6675,8.00,11.90
2007.10.08 12:14:06.672,1.6673,1.6675,43.90,18.30
2007.10.08 12:14:06.765,1.6673,1.6675,20.00,26.30
2007.10.08 12:14:06.863,1.6673,1.6675,4.00,34.30
2007.10.08 12:14:06.988,1.6673,1.6675,1.60,34.30
2007.10.08 12:14:07.951,1.6673,1.66755,1.60,35.90
2007.10.08 12:14:08.034,1.6672,1.66755,56.50,35.90
2007.10.08 12:14:08.247,1.6672,1.6675,56.50,0.90
2007.10.08 12:14:08.670,1.6673,1.6675,4.80,0.90
2007.10.08 12:14:08.765,1.6674,1.66755,2.40,23.90
2007.10.08 12:14:08.870,1.6674,1.66755,4.00,21.50
2007.10.08 12:14:08.974,1.6674,1.6675,8.00,0.60
2007.10.08 12:14:10.646,1.6674,1.6675,12.00,0.90
2007.10.08 12:14:10.747,1.6674,1.6675,15.90,0.90
2007.10.08 12:14:10.804,1.6674,1.6675,15.90,0.60
2007.10.08 12:14:10.852,1.6674,1.66755,23.90,3.20
2007.10.08 12:14:11.157,1.6674,1.6675,15.90,0.60
2007.10.08 12:14:11.888,1.6674,1.6676,23.90,0.80
2007.10.08 12:14:12.674,1.6674,1.66765,26.30,21.50
2007.10.08 12:14:12.762,1.66745,1.66765,0.80,21.50
2007.10.08 12:14:12.818,1.6675,1.66765,2.40,13.50
2007.10.08 12:14:13.021,1.6675,1.6676,2.40,0.90
2007.10.08 12:14:13.109,1.6675,1.66765,2.20,21.50
2007.10.08 12:14:14.994,1.6675,1.66765,2.20,17.50
2007.10.08 12:14:15.110,1.6675,1.66765,10.20,17.50
2007.10.08 12:14:15.163,1.66755,1.6676,0.80,0.80
2007.10.08 12:14:15.206,1.6676,1.66765,4.00,16.70
2007.10.08 12:14:15.261,1.6676,1.6677,4.00,43.90
2007.10.08 12:14:15.348,1.6676,1.6677,6.40,11.90
2007.10.08 12:14:15.843,1.6676,1.6677,6.40,0.80
2007.10.08 12:14:15.946,1.6676,1.6677,6.40,0.90
2007.10.08 12:14:16.183,1.6676,1.6678,8.00,52.40
2007.10.08 12:14:16.357,1.6676,1.6677,16.00,0.80
2007.10.08 12:14:16.467,1.6676,1.66785,19.90,38.30
2007.10.08 12:14:17.199,1.6676,1.66785,19.90,37.50
2007.10.08 12:14:17.209,1.6676,1.6678,19.90,0.50
2007.10.08 12:14:17.400,1.6676,1.6678,19.90,0.90
2007.10.08 12:14:17.712,1.6676,1.6677,16.00,0.70
2007.10.08 12:14:17.721,1.6676,1.66775,16.00,8.70
2007.10.08 12:14:17.807,1.6676,1.6677,8.00,0.70
2007.10.08 12:14:18.015,1.6676,1.6677,8.00,0.90
2007.10.08 12:14:18.242,1.6676,1.6677,6.40,0.70
2007.10.08 12:14:21.720,1.6676,1.6677,23.10,0.90
2007.10.08 12:14:21.750,1.66765,1.6677,0.80,0.70
2007.10.08 12:14:22.009,1.66765,1.6677,0.80,0.70
2007.10.08 12:14:22.236,1.6677,1.6678,6.40,15.10
2007.10.08 12:14:22.270,1.6677,1.66785,8.00,12.70
2007.10.08 12:14:23.341,1.6677,1.66785,8.00,20.70
2007.10.08 12:14:24.215,1.6677,1.6678,2.40,0.60
2007.10.08 12:14:24.321,1.6676,1.6678,31.90,0.50
2007.10.08 12:14:24.730,1.6676,1.66785,30.30,32.70
2007.10.08 12:14:26.135,1.66765,1.66785,0.80,32.70
2007.10.08 12:14:26.180,1.6677,1.66785,2.40,28.70
2007.10.08 12:14:26.244,1.6677,1.6678,4.00,0.70
2007.10.08 12:14:26.274,1.6677,1.66785,4.00,12.70
2007.10.08 12:14:26.377,1.6677,1.66785,4.00,20.70
2007.10.08 12:14:27.099,1.6677,1.66785,8.00,20.70
2007.10.08 12:14:27.215,1.6677,1.66785,8.00,12.70
2007.10.08 12:14:31.667,1.6677,1.66785,12.00,8.70
2007.10.08 12:14:31.725,1.6677,1.6679,14.40,53.40
2007.10.08 12:14:31.768,1.6678,1.6679,2.40,0.80
2007.10.08 12:14:31.881,1.6678,1.6679,2.40,0.90
2007.10.08 12:14:34.164,1.6678,1.6679,6.40,0.50
2007.10.08 12:14:34.249,1.6678,1.6679,8.00,0.50
2007.10.08 12:14:35.936,1.6678,1.6679,8.00,7.90
2007.10.08 12:14:36.043,1.6678,1.6679,16.00,7.90
2007.10.08 12:14:36.156,1.6678,1.6679,20.00,7.90
2007.10.08 12:14:36.266,1.6678,1.6679,23.90,4.00
2007.10.08 12:14:36.296,1.6678,1.6679,23.90,2.40
2007.10.08 12:14:36.361,1.6678,1.6679,31.90,2.40
2007.10.08 12:14:36.985,1.6678,1.668,31.90,31.10
2007.10.08 12:14:37.186,1.6678,1.668,23.90,31.10
2007.10.08 12:14:37.394,1.6678,1.668,23.90,30.30
2007.10.08 12:14:37.492,1.6678,1.668,31.90,30.30
2007.10.08 12:14:37.640,1.6678,1.66795,31.90,0.80
2007.10.08 12:14:37.711,1.6678,1.6679,27.90,2.40
2007.10.08 12:14:37.918,1.6678,1.6679,19.90,2.40
2007.10.08 12:14:38.028,1.6679,1.66795,4.00,0.80
2007.10.08 12:14:38.113,1.6679,1.66795,12.00,0.80
2007.10.08 12:14:38.138,1.6679,1.668,14.40,30.30
2007.10.08 12:14:38.257,1.668,1.66805,6.40,0.80
2007.10.08 12:14:38.361,1.668,1.6681,6.40,24.70
2007.10.08 12:14:38.554,1.668,1.6681,6.40,23.90
2007.10.08 12:14:38.636,1.668,1.6681,6.40,15.10
2007.10.08 12:14:38.678,1.668,1.6681,6.40,14.30
2007.10.08 12:14:38.766,1.668,1.6681,10.30,4.80
2007.10.08 12:14:38.788,1.668,1.6681,10.30,3.20
2007.10.08 12:14:38.835,1.668,1.6681,10.30,2.40
2007.10.08 12:14:38.967,1.668,1.6682,10.30,52.50
2007.10.08 12:14:38.979,1.668,1.6682,10.30,49.30
2007.10.08 12:14:40.009,1.668,1.6682,10.30,48.50
2007.10.08 12:14:40.235,1.668,1.6682,18.30,40.50
2007.10.08 12:14:40.253,1.668,1.6682,18.30,39.70
2007.10.08 12:14:40.600,1.668,1.6682,18.30,38.90
2007.10.08 12:14:40.635,1.668,1.6681,18.30,2.40
2007.10.08 12:14:40.762,1.668,1.6681,10.30,2.40
2007.10.08 12:14:40.788,1.668,1.6681,10.30,4.00
2007.10.08 12:14:40.970,1.668,1.6681,10.30,8.00
2007.10.08 12:14:41.176,1.6681,1.66815,0.80,0.80
2007.10.08 12:14:41.274,1.6682,1.66825,3.90,9.60
2007.10.08 12:14:41.294,1.6682,1.66825,3.90,8.80
2007.10.08 12:14:41.382,1.6682,1.66825,3.90,8.80
2007.10.08 12:14:41.500,1.66815,1.66825,0.80,8.80
2007.10.08 12:14:41.540,1.66815,1.6683,0.80,12.50
2007.10.08 12:14:41.595,1.66815,1.6683,0.80,11.70
2007.10.08 12:14:41.790,1.66815,1.6683,0.80,10.10
2007.10.08 12:14:42.015,1.6682,1.6683,2.40,20.50
2007.10.08 12:14:42.122,1.6682,1.6683,2.40,19.90
2007.10.08 12:14:42.233,1.6682,1.6683,2.40,11.90
2007.10.08 12:14:43.280,1.6682,1.6683,6.40,11.90
2007.10.08 12:14:43.656,1.6682,1.6683,8.00,11.90
2007.10.08 12:14:44.674,1.6681,1.6682,46.90,1.60
2007.10.08 12:14:44.745,1.6681,1.6682,26.20,7.90
2007.10.08 12:14:44.949,1.6681,1.6682,10.20,7.90
2007.10.08 12:14:45.061,1.6681,1.6682,9.60,11.90
2007.10.08 12:14:45.769,1.6681,1.6682,8.00,11.90
2007.10.08 12:14:46.656,1.66815,1.6682,0.80,10.30
2007.10.08 12:14:46.705,1.6682,1.6683,2.40,27.90
2007.10.08 12:14:47.119,1.6682,1.6683,2.40,31.90
2007.10.08 12:14:47.250,1.66815,1.6683,0.80,39.90
2007.10.08 12:14:47.264,1.6681,1.6683,11.90,42.30
2007.10.08 12:14:48.291,1.6681,1.6683,10.30,42.30
2007.10.08 12:14:48.300,1.6681,1.6683,2.40,42.90
2007.10.08 12:14:48.925,1.668,1.6683,43.90,42.90
2007.10.08 12:14:49.116,1.668,1.6682,43.90,0.80
2007.10.08 12:14:49.226,1.668,1.6682,42.30,2.40
2007.10.08 12:14:49.238,1.668,1.6682,26.30,16.70
2007.10.08 12:14:49.322,1.668,1.6682,26.30,15.90
2007.10.08 12:14:49.396,1.668,1.6682,18.30,23.90
2007.10.08 12:14:49.498,1.668,1.6682,26.30,23.90
2007.10.08 12:14:49.688,1.668,1.6682,39.10,15.90
2007.10.08 12:14:49.804,1.668,1.6682,37.50,7.90
2007.10.08 12:14:50.018,1.668,1.6682,37.50,11.90
2007.10.08 12:14:50.114,1.668,1.6682,39.90,11.90
2007.10.08 12:14:50.220,1.6681,1.6682,2.40,19.90
2007.10.08 12:14:52.206,1.6681,1.6682,6.40,11.90
2007.10.08 12:14:52.294,1.6681,1.6682,6.40,19.90
2007.10.08 12:14:53.669,1.6681,1.6682,2.40,23.90
2007.10.08 12:14:54.306,1.66805,1.6682,0.80,39.90
2007.10.08 12:14:54.320,1.668,1.6682,23.90,39.90
2007.10.08 12:14:54.400,1.668,1.6682,27.90,31.90
2007.10.08 12:14:54.717,1.6681,1.6682,2.40,23.90
2007.10.08 12:14:54.926,1.6681,1.6682,2.40,15.90
2007.10.08 12:14:55.131,1.6681,1.6682,6.40,15.90
2007.10.08 12:14:55.229,1.6681,1.6682,6.40,19.90
2007.10.08 12:14:55.288,1.6681,1.66825,6.40,20.70
2007.10.08 12:14:55.675,1.66815,1.6682,0.80,0.80
2007.10.08 12:14:55.722,1.66815,1.6682,0.80,0.70
2007.10.08 12:14:55.771,1.66815,1.6682,0.80,0.90
2007.10.08 12:14:55.941,1.6682,1.6683,2.40,0.70
2007.10.08 12:14:56.135,1.6682,1.66835,2.40,15.10
2007.10.08 12:14:56.257,1.6682,1.66835,2.40,23.10
2007.10.08 12:14:57.083,1.66815,1.66835,0.80,23.10
2007.10.08 12:14:57.382,1.66815,1.6683,0.80,0.80
2007.10.08 12:14:57.511,1.66815,1.6683,0.80,0.60
2007.10.08 12:14:57.542,1.66815,1.66835,0.80,20.70
2007.10.08 12:14:57.589,1.6682,1.6683,2.40,0.70
2007.10.08 12:14:58.568,1.6682,1.66835,2.40,23.10
2007.10.08 12:14:58.632,1.66815,1.6683,0.80,0.80
2007.10.08 12:14:58.871,1.66815,1.6683,0.80,0.60
2007.10.08 12:14:58.954,1.6682,1.66835,4.00,20.70
2007.10.08 12:14:59.262,1.6682,1.66835,6.40,20.70
2007.10.08 12:14:59.669,1.6682,1.6683,2.40,0.90
2007.10.08 12:15:03.738,1.66815,1.66835,0.80,32.70
2007.10.08 12:15:03.764,1.6681,1.66835,31.90,32.70
2007.10.08 12:15:03.832,1.6681,1.66835,23.90,40.70
2007.10.08 12:15:04.238,1.6681,1.66835,15.90,40.70
2007.10.08 12:15:04.865,1.6681,1.6683,14.30,0.70
2007.10.08 12:15:20.120,1.6681,1.6683,14.30,0.70
2007.10.08 12:15:20.189,1.6681,1.6683,11.90,35.70
2007.10.08 12:15:20.213,1.6681,1.66825,11.90,3.20
2007.10.08 12:15:20.328,1.6681,1.66825,8.00,7.10
2007.10.08 12:15:21.062,1.6681,1.6682,8.00,0.80
2007.10.08 12:15:21.214,1.6681,1.66825,8.00,12.70
2007.10.08 12:15:25.715,1.6681,1.66815,8.00,0.80
2007.10.08 12:15:25.850,1.6681,1.66815,8.00,0.80
2007.10.08 12:15:25.939,1.6681,1.66815,4.00,0.80
2007.10.08 12:15:26.238,1.668,1.6681,17.60,10.30
2007.10.08 12:15:26.847,1.668,1.6681,16.00,10.30
2007.10.08 12:15:27.668,1.668,1.6681,14.40,11.90
2007.10.08 12:15:27.991,1.668,1.6681,6.40,7.90
2007.10.08 12:15:28.094,1.668,1.6681,10.40,7.90
2007.10.08 12:15:28.216,1.668,1.6681,6.40,5.50
2007.10.08 12:15:30.764,1.66795,1.6681,7.20,5.50
2007.10.08 12:15:30.784,1.66795,1.6681,8.80,5.50
2007.10.08 12:15:31.341,1.66795,1.6682,12.70,35.70
2007.10.08 12:15:31.428,1.66795,1.6682,12.70,27.70
2007.10.08 12:15:31.515,1.668,1.6682,1.10,26.90
2007.10.08 12:15:32.243,1.668,1.6682,5.20,26.90
2007.10.08 12:15:32.335,1.668,1.6682,1.60,26.30
2007.10.08 12:15:34.242,1.668,1.6681,2.80,8.70
2007.10.08 12:15:34.267,1.668,1.6681,3.90,8.70
2007.10.08 12:15:34.326,1.66785,1.668,31.00,6.30
2007.10.08 12:15:34.425,1.6679,1.668,6.60,6.30
2007.10.08 12:15:34.942,1.6679,1.668,10.00,6.30
2007.10.08 12:15:35.151,1.6679,1.668,1.70,6.30
2007.10.08 12:15:35.665,1.6679,1.668,2.80,10.30
2007.10.08 12:15:35.789,1.66785,1.668,8.80,10.30
2007.10.08 12:15:36.094,1.66785,1.668,12.80,6.30
2007.10.08 12:15:36.204,1.66785,1.668,31.20,6.30
2007.10.08 12:15:36.237,1.668,1.66805,1.10,0.80
2007.10.08 12:15:36.311,1.668,1.66805,3.20,0.80
2007.10.08 12:15:36.335,1.66795,1.6681,12.70,4.00
2007.10.08 12:15:36.432,1.668,1.6682,6.30,36.50
2007.10.08 12:15:36.618,1.66795,1.6682,20.70,36.50
2007.10.08 12:15:36.838,1.66795,1.6682,20.70,34.90
2007.10.08 12:15:37.319,1.6679,1.6682,66.20,34.90
2007.10.08 12:15:37.338,1.668,1.6682,3.80,34.90
2007.10.08 12:15:37.371,1.6679,1.6682,41.50,50.90
2007.10.08 12:15:37.473,1.6678,1.6682,68.50,50.90
2007.10.08 12:15:37.637,1.6679,1.6682,6.80,50.90
2007.10.08 12:15:37.662,1.6679,1.6681,8.70,1.60
2007.10.08 12:15:37.672,1.6679,1.6681,8.60,8.00
2007.10.08 12:15:37.791,1.66785,1.668,20.00,3.90
2007.10.08 12:15:37.888,1.66785,1.668,12.00,3.90
2007.10.08 12:15:37.996,1.6679,1.668,0.90,6.30
2007.10.08 12:15:38.788,1.6678,1.668,54.00,2.40
2007.10.08 12:15:38.883,1.6678,1.668,54.00,2.40
2007.10.08 12:15:39.211,1.6679,1.6681,1.20,35.90
2007.10.08 12:15:39.713,1.6679,1.6681,3.00,31.90
2007.10.08 12:15:39.730,1.6679,1.6681,0.90,27.90
2007.10.08 12:15:39.829,1.6678,1.6681,63.70,15.90
2007.10.08 12:15:39.932,1.6678,1.6681,65.30,14.30
2007.10.08 12:15:40.033,1.6679,1.6681,2.80,14.30
2007.10.08 12:15:40.053,1.6679,1.6681,8.20,14.30
2007.10.08 12:15:40.232,1.668,1.6681,0.70,14.30
2007.10.08 12:15:40.256,1.668,1.6681,0.80,6.30
2007.10.08 12:15:40.671,1.6679,1.6681,42.30,6.30
2007.10.08 12:15:40.964,1.668,1.6681,2.20,6.30
2007.10.08 12:15:41.182,1.66795,1.6681,8.80,10.30
2007.10.08 12:15:41.793,1.66795,1.6681,8.80,11.90
2007.10.08 12:15:42.660,1.66795,1.6681,4.80,15.90
2007.10.08 12:15:42.719,1.668,1.6681,0.50,18.30
2007.10.08 12:15:42.763,1.66785,1.6681,32.00,34.30
2007.10.08 12:15:42.866,1.66785,1.6681,20.00,42.30
2007.10.08 12:15:42.954,1.66785,1.6681,9.60,42.30
2007.10.08 12:15:43.883,1.66775,1.6681,53.30,42.30
2007.10.08 12:15:44.143,1.6678,1.66805,5.30,0.80
2007.10.08 12:15:44.220,1.6678,1.668,7.00,14.30
2007.10.08 12:15:44.251,1.6678,1.668,6.80,15.90
2007.10.08 12:15:44.667,1.66785,1.668,2.40,15.90
2007.10.08 12:15:44.694,1.6679,1.668,1.90,15.90
2007.10.08 12:15:44.793,1.66785,1.668,4.80,7.90
2007.10.08 12:15:45.002,1.66785,1.668,12.80,7.90
2007.10.08 12:15:45.071,1.66785,1.668,15.20,7.90
2007.10.08 12:15:45.109,1.66785,1.668,19.20,11.90
2007.10.08 12:15:45.168,1.66785,1.668,16.80,11.90
2007.10.08 12:15:45.205,1.6679,1.668,1.30,11.90
2007.10.08 12:15:45.730,1.6679,1.668,0.50,19.90
2007.10.08 12:15:45.774,1.6678,1.668,5.50,19.90
2007.10.08 12:15:45.837,1.6679,1.668,0.70,19.90
2007.10.08 12:15:45.946,1.6678,1.668,14.00,19.90
2007.10.08 12:15:46.669,1.668,1.66805,0.80,0.80
2007.10.08 12:15:46.706,1.668,1.6681,1.00,33.60
2007.10.08 12:15:46.995,1.668,1.6681,2.00,7.10
2007.10.08 12:15:47.001,1.668,1.6681,1.10,25.50
2007.10.08 12:15:47.117,1.668,1.6681,1.80,7.10
2007.10.08 12:15:47.189,1.66795,1.6681,13.60,7.10
2007.10.08 12:15:47.213,1.66795,1.6681,13.60,5.50
2007.10.08 12:15:47.647,1.668,1.6681,0.70,5.50
2007.10.08 12:15:47.725,1.66795,1.668,0.80,2.40
2007.10.08 12:15:47.822,1.668,1.6681,0.50,24.80
2007.10.08 12:15:47.896,1.668,1.66805,1.00,0.80
2007.10.08 12:15:48.143,1.668,1.66805,1.20,0.80
2007.10.08 12:15:48.276,1.66775,1.668,35.70,19.90
2007.10.08 12:15:49.701,1.668,1.66805,0.60,0.80
2007.10.08 12:15:49.740,1.668,1.6681,0.50,25.60
2007.10.08 12:15:49.790,1.66795,1.6681,3.20,9.50
2007.10.08 12:15:49.907,1.66795,1.6681,3.20,7.10
2007.10.08 12:15:50.012,1.668,1.6681,3.00,7.10
2007.10.08 12:15:50.109,1.66795,1.6681,15.20,7.10
2007.10.08 12:15:50.711,1.6679,1.6681,32.00,13.50
2007.10.08 12:15:50.816,1.6679,1.6681,12.00,23.90
2007.10.08 12:15:50.927,1.6678,1.6681,52.50,21.50
2007.10.08 12:15:51.031,1.6679,1.668,0.80,2.40
2007.10.08 12:15:51.231,1.6678,1.668,36.50,18.30
2007.10.08 12:15:51.288,1.6678,1.668,36.50,19.90
2007.10.08 12:15:51.593,1.6678,1.66805,38.10,20.70
2007.10.08 12:15:51.860,1.6678,1.668,0.60,0.50
2007.10.08 12:15:56.635,1.66785,1.668,0.80,0.50
2007.10.08 12:15:56.743,1.66785,1.66805,2.40,20.70
2007.10.08 12:15:56.807,1.66785,1.66805,4.80,12.70
2007.10.08 12:15:57.127,1.66785,1.66805,8.80,12.70
2007.10.08 12:15:57.637,1.6679,1.668,0.90,0.50
2007.10.08 12:15:57.764,1.6678,1.668,0.80,0.60
2007.10.08 12:15:58.692,1.6678,1.668,0.50,0.90
2007.10.08 12:16:00.354,1.6678,1.668,0.80,0.50
2007.10.08 12:16:00.776,1.6678,1.66805,26.30,20.70
2007.10.08 12:16:00.882,1.6678,1.66805,26.30,28.70
2007.10.08 12:16:00.985,1.6678,1.66805,26.30,36.70
2007.10.08 12:16:03.772,1.6679,1.66805,2.40,28.70
2007.10.08 12:16:03.896,1.6679,1.66805,2.40,20.70
2007.10.08 12:16:03.985,1.6679,1.668,2.40,0.80
2007.10.08 12:16:04.184,1.6679,1.668,2.40,0.70
2007.10.08 12:16:04.203,1.6678,1.668,47.90,0.90
2007.10.08 12:16:04.291,1.6678,1.66805,27.90,27.10
2007.10.08 12:16:04.401,1.6678,1.668,19.90,0.60
2007.10.08 12:16:05.623,1.6678,1.66805,22.30,24.70
2007.10.08 12:16:05.655,1.6678,1.66805,26.30,20.70
2007.10.08 12:16:05.741,1.66785,1.668,0.80,0.80
2007.10.08 12:16:05.773,1.6679,1.668,2.40,0.70
2007.10.08 12:16:05.974,1.6679,1.66805,6.40,12.70
2007.10.08 12:16:06.033,1.6679,1.668,6.40,0.80
2007.10.08 12:16:10.645,1.6679,1.66805,6.40,13.50
2007.10.08 12:16:10.726,1.6679,1.66805,2.40,25.50
2007.10.08 12:16:10.938,1.6678,1.668,21.50,0.60
2007.10.08 12:16:11.881,1.6678,1.66805,19.90,25.50
2007.10.08 12:16:29.147,1.6678,1.668,22.30,24.70
2007.10.08 12:16:29.258,1.6678,1.668,22.30,22.30
2007.10.08 12:16:30.232,1.6678,1.668,22.90,22.30
2007.10.08 12:16:30.681,1.6678,1.668,20.50,22.30
2007.10.08 12:16:30.792,1.6678,1.668,20.50,24.70
2007.10.08 12:16:32.241,1.6678,1.668,28.50,24.70
2007.10.08 12:16:40.667,1.6678,1.668,30.90,24.70
2007.10.08 12:16:40.775,1.6678,1.668,30.90,22.30
2007.10.08 12:16:42.685,1.66775,1.668,31.70,22.30
2007.10.08 12:16:46.126,1.66775,1.668,29.30,22.30
2007.10.08 12:16:46.226,1.6678,1.668,4.40,24.70
2007.10.08 12:16:51.681,1.6678,1.668,4.10,24.70
2007.10.08 12:16:51.788,1.66775,1.668,31.70,22.30
2007.10.08 12:16:52.696,1.6678,1.668,4.70,24.70
2007.10.08 12:16:53.626,1.66775,1.668,31.70,22.30
2007.10.08 12:16:57.649,1.6678,1.668,31.70,22.30
2007.10.08 12:16:57.724,1.6678,1.668,36.50,18.30
2007.10.08 12:16:57.759,1.6679,1.668,0.90,18.30
2007.10.08 12:16:57.933,1.66785,1.668,4.80,10.30
2007.10.08 12:16:58.036,1.66785,1.668,8.80,10.30
2007.10.08 12:17:01.288,1.66785,1.668,8.80,22.30
2007.10.08 12:17:01.377,1.6679,1.668,0.80,23.10
2007.10.08 12:17:01.798,1.66785,1.668,8.80,10.30
2007.10.08 12:17:06.004,1.6679,1.668,0.60,14.30
2007.10.08 12:17:06.112,1.66785,1.668,4.80,25.50
2007.10.08 12:17:06.185,1.6679,1.66795,0.90,0.80
2007.10.08 12:17:06.216,1.66775,1.6679,19.00,10.30
2007.10.08 12:17:06.742,1.66775,1.6679,9.40,10.30
2007.10.08 12:17:06.957,1.66775,1.6679,17.40,10.30
2007.10.08 12:17:08.219,1.6678,1.6679,0.90,3.90
2007.10.08 12:17:08.267,1.66775,1.6679,23.80,3.90
2007.10.08 12:17:08.305,1.66775,1.668,27.70,34.30
2007.10.08 12:17:08.408,1.66775,1.668,27.70,18.30
2007.10.08 12:17:08.665,1.6679,1.668,0.60,18.30
2007.10.08 12:17:08.753,1.66785,1.668,4.80,18.30
2007.10.08 12:17:09.082,1.6679,1.668,3.00,18.30
2007.10.08 12:17:09.281,1.66785,1.668,8.80,10.30
2007.10.08 12:17:09.663,1.66785,1.668,4.80,10.30
2007.10.08 12:17:09.682,1.6678,1.668,46.90,10.30
2007.10.08 12:17:09.793,1.6678,1.668,36.50,18.30
2007.10.08 12:17:09.992,1.6678,1.668,36.50,18.30
2007.10.08 12:17:10.791,1.6678,1.668,34.90,18.30
2007.10.08 12:17:13.072,1.6678,1.668,34.90,22.30
2007.10.08 12:17:13.171,1.6678,1.66795,24.50,0.80
2007.10.08 12:17:13.292,1.6678,1.6679,16.60,10.30
2007.10.08 12:17:14.907,1.66775,1.6679,17.40,10.30
2007.10.08 12:17:15.040,1.66775,1.6679,21.40,6.30
2007.10.08 12:17:15.145,1.6678,1.6679,8.20,6.30
2007.10.08 12:17:15.192,1.6678,1.6679,15.40,6.30
2007.10.08 12:17:15.382,1.6679,1.66795,2.10,0.80
2007.10.08 12:17:15.405,1.6679,1.668,2.30,10.30
2007.10.08 12:17:16.279,1.6678,1.668,51.70,10.30
2007.10.08 12:17:16.289,1.6678,1.668,50.10,10.30
2007.10.08 12:17:16.414,1.6678,1.668,36.50,18.30
2007.10.08 12:17:16.920,1.66775,1.668,35.70,18.30
2007.10.08 12:17:17.108,1.66775,1.668,35.70,21.50
2007.10.08 12:17:17.211,1.6678,1.66795,1.40,0.80
2007.10.08 12:17:17.242,1.66775,1.6679,29.30,2.40
2007.10.08 12:17:17.343,1.6678,1.6679,4.40,6.30
2007.10.08 12:17:17.946,1.66775,1.6679,17.40,10.30
2007.10.08 12:17:18.627,1.66775,1.6679,19.80,10.30
2007.10.08 12:17:18.682,1.6679,1.66795,1.30,0.80
2007.10.08 12:17:18.723,1.6679,1.668,2.40,34.30
2007.10.08 12:17:18.785,1.6679,1.668,1.30,26.30
2007.10.08 12:17:18.889,1.66785,1.668,4.80,18.30
2007.10.08 12:17:18.996,1.66785,1.668,8.80,10.30
2007.10.08 12:17:19.197,1.66785,1.668,16.80,10.30
2007.10.08 12:17:19.312,1.6679,1.668,0.80,18.30
2007.10.08 12:17:19.724,1.66785,1.668,2.40,22.30
2007.10.08 12:17:19.756,1.6678,1.668,0.80,24.70
2007.10.08 12:17:20.703,1.6677,1.66795,69.60,0.80
2007.10.08 12:17:20.768,1.6678,1.6679,3.50,10.30
2007.10.08 12:17:20.856,1.6677,1.6679,53.70,10.30
2007.10.08 12:17:20.977,1.6677,1.6679,53.70,14.30
2007.10.08 12:17:21.070,1.6677,1.6679,50.10,14.30
2007.10.08 12:17:21.185,1.6677,1.6679,57.30,10.30
2007.10.08 12:17:21.505,1.6677,1.6679,65.30,10.30
2007.10.08 12:17:22.105,1.6677,1.6679,64.50,12.70
2007.10.08 12:17:22.218,1.6677,1.6678,55.90,2.40
2007.10.08 12:17:22.239,1.6677,1.6678,0.50,2.40
2007.10.08 12:17:22.409,1.6677,1.6678,9.50,2.40
2007.10.08 12:17:22.712,1.6677,1.6678,10.80,2.40
2007.10.08 12:17:23.156,1.6678,1.6679,0.50,32.70
2007.10.08 12:17:23.240,1.66775,1.6679,4.80,34.30
2007.10.08 12:17:23.344,1.66775,1.6679,4.80,26.30
2007.10.08 12:17:23.654,1.6678,1.6679,2.30,18.30
2007.10.08 12:17:23.677,1.66775,1.6679,4.80,19.90
2007.10.08 12:17:23.757,1.6678,1.6679,1.30,11.90
2007.10.08 12:17:23.963,1.66775,1.6679,8.80,11.90
2007.10.08 12:17:25.002,1.66775,1.6679,4.80,11.90
2007.10.08 12:17:25.107,1.66775,1.6679,4.80,24.70
2007.10.08 12:17:25.207,1.6678,1.6679,2.00,28.70
2007.10.08 12:17:25.219,1.6678,1.66785,1.40,0.80
2007.10.08 12:17:25.338,1.66765,1.6678,29.40,10.30
2007.10.08 12:17:25.429,1.66765,1.6678,27.80,10.30
2007.10.08 12:17:25.514,1.6677,1.6678,13.00,10.30
2007.10.08 12:17:25.831,1.66765,1.6678,25.40,10.30
2007.10.08 12:17:26.044,1.66765,1.6678,17.40,10.30
2007.10.08 12:17:26.147,1.66765,1.6678,16.80,10.30
2007.10.08 12:17:26.668,1.6677,1.6678,8.40,6.30
2007.10.08 12:17:26.772,1.6677,1.6678,8.50,2.40
2007.10.08 12:17:26.986,1.66765,1.6679,20.70,26.30
2007.10.08 12:17:27.195,1.66765,1.6679,28.70,26.30
2007.10.08 12:17:28.191,1.6677,1.6679,4.70,26.30
2007.10.08 12:17:28.217,1.6677,1.6678,1.80,12.70
2007.10.08 12:17:28.302,1.6677,1.6678,3.40,12.70
2007.10.08 12:17:28.522,1.66755,1.6677,18.20,14.30
2007.10.08 12:17:28.611,1.6675,1.6677,43.30,14.30
2007.10.08 12:17:28.729,1.6675,1.6677,44.50,14.30
2007.10.08 12:17:28.827,1.6675,1.6677,42.90,14.30
2007.10.08 12:17:28.933,1.66745,1.6677,47.70,18.30
2007.10.08 12:17:29.227,1.6675,1.6677,5.10,18.30
2007.10.08 12:17:29.413,1.66745,1.6677,37.10,18.30
2007.10.08 12:17:29.528,1.66745,1.6677,35.70,18.30
2007.10.08 12:17:29.620,1.6675,1.6677,12.40,20.70
2007.10.08 12:17:29.651,1.6675,1.6677,12.10,24.70
2007.10.08 12:17:29.854,1.6674,1.6677,72.80,24.70
2007.10.08 12:17:30.134,1.66745,1.6677,19.70,22.30
2007.10.08 12:17:30.183,1.66745,1.6677,35.70,18.30
2007.10.08 12:17:32.140,1.66745,1.6677,31.70,18.30
2007.10.08 12:17:32.183,1.6675,1.6677,7.00,20.70
2007.10.08 12:17:32.258,1.6674,1.6677,63.20,32.70
2007.10.08 12:17:32.462,1.6674,1.6677,63.20,32.70
2007.10.08 12:17:32.599,1.6674,1.6677,65.60,32.70
2007.10.08 12:17:32.664,1.6674,1.6677,69.60,28.70
2007.10.08 12:17:32.776,1.6675,1.6677,47.70,12.70
2007.10.08 12:17:32.927,1.66755,1.6677,4.80,10.30
2007.10.08 12:17:32.973,1.66755,1.6677,8.80,10.30
2007.10.08 12:17:37.958,1.6676,1.6677,3.10,6.30
2007.10.08 12:17:38.048,1.66755,1.6677,16.80,6.30
2007.10.08 12:17:38.171,1.66755,1.66775,20.70,0.80
2007.10.08 12:17:38.237,1.66755,1.6678,20.70,31.10
2007.10.08 12:17:38.258,1.66755,1.6678,20.70,27.10
2007.10.08 12:17:38.676,1.6676,1.6678,7.20,7.20
2007.10.08 12:17:38.762,1.66755,1.6678,40.70,5.60
2007.10.08 12:17:38.963,1.6676,1.6678,19.70,4.80
2007.10.08 12:17:39.001,1.6676,1.6678,2.10,2.40
2007.10.08 12:17:39.105,1.66755,1.6679,48.70,38.10
2007.10.08 12:17:39.160,1.66755,1.6679,48.70,38.10
2007.10.08 12:17:39.209,1.6676,1.6679,23.10,36.50
2007.10.08 12:17:39.891,1.6676,1.6679,51.90,3.00
2007.10.08 12:17:44.925,1.6677,1.6678,8.00,2.40
2007.10.08 12:17:45.135,1.6676,1.6678,51.90,2.40
2007.10.08 12:17:45.238,1.6677,1.6678,2.40,6.40
2007.10.08 12:17:45.284,1.6677,1.6678,4.00,8.00
2007.10.08 12:17:45.360,1.6677,1.6678,4.00,11.90
2007.10.08 12:17:46.032,1.6677,1.6678,8.00,11.90
2007.10.08 12:17:47.303,1.6677,1.6678,8.00,19.90
2007.10.08 12:17:53.098,1.6677,1.6678,4.00,31.90
2007.10.08 12:17:53.189,1.6677,1.66775,2.40,0.80
2007.10.08 12:17:53.213,1.6676,1.6677,17.60,10.30
2007.10.08 12:17:53.834,1.6676,1.6677,16.00,10.30
2007.10.08 12:17:54.150,1.6676,1.6677,7.00,10.30
2007.10.08 12:17:54.264,1.6676,1.6677,2.40,10.30
2007.10.08 12:17:57.674,1.6677,1.66775,0.90,0.80
2007.10.08 12:17:57.706,1.6677,1.6678,0.50,42.30
2007.10.08 12:17:57.783,1.66765,1.6678,4.80,28.70
2007.10.08 12:17:57.797,1.6677,1.6678,1.50,27.90
2007.10.08 12:17:57.876,1.66765,1.6678,4.80,19.90
2007.10.08 12:17:57.990,1.66765,1.6678,8.80,15.90
2007.10.08 12:17:58.198,1.66765,1.6677,1.30,2.40
2007.10.08 12:17:58.347,1.66755,1.6677,32.80,6.30
2007.10.08 12:17:58.404,1.66755,1.6677,32.80,6.30
2007.10.08 12:17:58.416,1.6677,1.66775,1.90,0.80
2007.10.08 12:17:58.506,1.6676,1.6677,4.90,6.30
2007.10.08 12:17:58.606,1.66755,1.6677,8.80,6.30
2007.10.08 12:17:59.118,1.6676,1.6677,3.20,10.30
2007.10.08 12:18:01.193,1.66755,1.6677,11.20,10.30
2007.10.08 12:18:01.204,1.66755,1.6677,11.20,6.30
2007.10.08 12:18:01.304,1.66755,1.6678,15.10,41.50
2007.10.08 12:18:01.418,1.6676,1.6678,6.50,25.50
2007.10.08 12:18:02.036,1.6676,1.6678,8.30,25.50
2007.10.08 12:18:02.963,1.6676,1.6678,22.30,25.50
2007.10.08 12:18:03.173,1.6676,1.6678,43.10,21.50
2007.10.08 12:18:03.248,1.66765,1.6678,8.80,20.70
2007.10.08 12:18:03.283,1.6677,1.6678,4.30,12.70
2007.10.08 12:18:03.493,1.66765,1.6678,8.80,11.90
2007.10.08 12:18:03.705,1.66765,1.6678,12.70,4.00
2007.10.08 12:18:03.774,1.6677,1.6678,2.90,2.40
2007.10.08 12:18:04.004,1.6677,1.6679,4.80,40.50
2007.10.08 12:18:04.109,1.66765,1.6679,12.70,35.90
2007.10.08 12:18:04.315,1.66765,1.6679,20.70,27.90
2007.10.08 12:18:05.863,1.6677,1.6679,11.60,27.90
2007.10.08 12:18:05.961,1.6677,1.6679,23.90,27.90
2007.10.08 12:18:06.183,1.6678,1.6679,1.90,31.90
2007.10.08 12:18:06.233,1.66775,1.6679,8.80,28.70
2007.10.08 12:18:06.286,1.66775,1.6679,8.80,20.70
2007.10.08 12:18:06.382,1.6678,1.6679,3.50,19.90
2007.10.08 12:18:08.171,1.6678,1.66785,3.40,1.60
2007.10.08 12:18:08.365,1.6678,1.66785,1.80,1.60
2007.10.08 12:18:08.675,1.6677,1.6678,12.60,6.30
2007.10.08 12:18:08.700,1.66765,1.6678,10.40,6.30
2007.10.08 12:18:08.878,1.66765,1.6678,8.80,6.30
2007.10.08 12:18:08.994,1.6677,1.6678,2.90,10.30
2007.10.08 12:18:09.205,1.66765,1.6678,16.80,10.30
2007.10.08 12:18:10.149,1.66765,1.6678,16.80,11.90
2007.10.08 12:18:10.447,1.6677,1.6678,0.50,11.90
2007.10.08 12:18:11.174,1.66765,1.6678,8.80,10.30
2007.10.08 12:18:11.875,1.6677,1.6678,3.10,10.30
2007.10.08 12:18:13.646,1.6678,1.66785,1.40,2.40
2007.10.08 12:18:13.757,1.6678,1.66785,2.10,0.80
2007.10.08 12:18:13.947,1.66775,1.66785,8.80,0.80
2007.10.08 12:18:14.086,1.6678,1.6679,2.70,11.90
2007.10.08 12:18:14.260,1.66775,1.6679,7.20,11.90
2007.10.08 12:18:14.356,1.66775,1.6679,7.20,19.90
2007.10.08 12:18:16.968,1.66775,1.6679,3.20,19.90
2007.10.08 12:18:17.067,1.66775,1.6679,3.20,27.10
2007.10.08 12:18:17.173,1.6678,1.6679,0.70,23.10
2007.10.08 12:18:17.235,1.6678,1.66785,1.50,1.60
2007.10.08 12:18:17.283,1.6677,1.6678,4.40,11.90
2007.10.08 12:18:17.908,1.66765,1.6678,8.80,11.90
2007.10.08 12:18:26.725,1.6677,1.6678,8.00,10.30
2007.10.08 12:18:28.684,1.6676,1.6677,38.10,2.40
2007.10.08 12:18:28.857,1.6676,1.6677,26.20,6.30
2007.10.08 12:18:29.037,1.6676,1.6677,18.20,6.30
2007.10.08 12:18:29.103,1.6676,1.6677,9.60,6.30
2007.10.08 12:18:29.718,1.6677,1.66775,1.60,0.80
2007.10.08 12:18:29.817,1.6677,1.66775,4.00,0.80
2007.10.08 12:18:29.843,1.6677,1.6678,4.00,21.50
2007.10.08 12:18:30.019,1.6677,1.6678,8.00,21.50
2007.10.08 12:18:33.922,1.6677,1.6678,8.00,20.70
2007.10.08 12:18:34.117,1.6677,1.6678,8.00,19.90
2007.10.08 12:18:38.633,1.6677,1.6678,4.00,19.90
2007.10.08 12:18:38.654,1.6677,1.6678,4.00,22.30
2007.10.08 12:18:38.774,1.6676,1.6678,29.50,34.30
2007.10.08 12:18:38.967,1.6676,1.6678,21.50,26.30
2007.10.08 12:18:39.062,1.6676,1.6678,21.50,27.10
2007.10.08 12:18:39.175,1.6676,1.6678,21.50,35.10
2007.10.08 12:18:39.208,1.6676,1.6678,21.50,35.90
2007.10.08 12:18:39.262,1.6676,1.6678,13.50,35.90
2007.10.08 12:18:39.793,1.6676,1.6678,11.90,35.90
2007.10.08 12:18:40.716,1.6677,1.6678,1.60,33.50
2007.10.08 12:18:40.722,1.6677,1.6678,4.00,29.50
2007.10.08 12:18:40.855,1.6677,1.6678,4.00,21.50
2007.10.08 12:18:40.933,1.6677,1.6678,4.00,13.50
2007.10.08 12:18:41.281,1.6677,1.6678,8.00,21.50
2007.10.08 12:18:43.691,1.6677,1.66775,6.40,0.80
2007.10.08 12:18:43.722,1.6676,1.6677,25.60,6.30
2007.10.08 12:18:43.942,1.6676,1.6677,9.60,6.30
2007.10.08 12:18:44.044,1.6676,1.6677,9.60,10.30
2007.10.08 12:18:44.250,1.6676,1.6677,9.60,18.30
2007.10.08 12:18:44.879,1.6676,1.6677,8.00,18.30
2007.10.08 12:18:46.222,1.66755,1.6676,0.80,2.40
2007.10.08 12:18:46.240,1.6675,1.6676,41.50,2.40
2007.10.08 12:18:46.352,1.6675,1.6676,17.60,6.30
2007.10.08 12:18:46.426,1.6675,1.6676,9.60,6.30
2007.10.08 12:18:46.748,1.6675,1.6676,8.00,6.30
2007.10.08 12:18:47.274,1.6675,1.6676,8.00,10.30
2007.10.08 12:18:50.165,1.6675,1.6676,8.00,6.30
2007.10.08 12:18:54.716,1.6675,1.6676,10.40,6.30
2007.10.08 12:18:54.726,1.6675,1.6676,14.40,6.30
2007.10.08 12:18:54.835,1.6675,1.6676,18.30,2.40
2007.10.08 12:18:55.256,1.6675,1.6677,26.30,12.80
2007.10.08 12:18:55.326,1.6675,1.6677,26.30,11.20
2007.10.08 12:18:55.342,1.6675,1.6677,38.30,11.20
2007.10.08 12:18:55.459,1.6675,1.6677,46.30,3.20
2007.10.08 12:18:55.535,1.6675,1.6677,46.30,2.40
2007.10.08 12:18:55.668,1.6675,1.6677,46.90,2.40
2007.10.08 12:18:55.869,1.6675,1.6677,48.50,2.40
2007.10.08 12:18:55.961,1.6675,1.6678,48.50,35.90
2007.10.08 12:18:57.414,1.6675,1.6678,3.60,35.90
2007.10.08 12:18:59.106,1.66745,1.6678,54.90,35.90
2007.10.08 12:18:59.191,1.6675,1.6677,5.50,2.40
2007.10.08 12:18:59.295,1.66745,1.6677,42.90,14.30
2007.10.08 12:18:59.814,1.66745,1.6677,33.30,14.30
2007.10.08 12:19:00.026,1.66745,1.6677,33.30,18.30
2007.10.08 12:19:00.054,1.66745,1.6677,33.30,20.70
2007.10.08 12:19:00.661,1.6675,1.6677,7.40,18.30
2007.10.08 12:19:00.749,1.66745,1.6677,41.30,6.30
2007.10.08 12:19:00.782,1.6675,1.6677,42.10,6.30
2007.10.08 12:19:01.252,1.6676,1.6677,1.20,14.30
2007.10.08 12:19:01.667,1.6675,1.6677,34.90,18.30
2007.10.08 12:19:01.694,1.66745,1.6677,34.90,20.70
2007.10.08 12:19:01.797,1.6675,1.6677,5.10,20.70
2007.10.08 12:19:01.850,1.66745,1.6677,33.30,20.70
2007.10.08 12:19:02.087,1.6675,1.6677,9.20,20.70
2007.10.08 12:19:03.645,1.6675,1.6677,2.40,18.30
2007.10.08 12:19:03.663,1.6675,1.6677,11.90,14.30
2007.10.08 12:19:03.748,1.6675,1.6677,26.10,14.30
2007.10.08 12:19:03.777,1.6675,1.6677,34.10,6.30
2007.10.08 12:19:04.282,1.6675,1.6677,35.70,14.30
2007.10.08 12:19:04.664,1.6675,1.6677,7.40,16.70
2007.10.08 12:19:04.694,1.66745,1.6677,34.30,20.70
2007.10.08 12:19:04.777,1.66745,1.6677,33.50,20.70
2007.10.08 12:19:04.867,1.66745,1.6677,32.70,20.70
2007.10.08 12:19:05.214,1.6675,1.6677,4.10,20.70
2007.10.08 12:19:07.642,1.66745,1.6677,24.70,18.30
2007.10.08 12:19:07.685,1.6675,1.6677,8.30,14.30
2007.10.08 12:19:07.753,1.6676,1.6677,0.50,14.30
2007.10.08 12:19:07.786,1.6676,1.6677,0.70,6.30
2007.10.08 12:19:21.170,1.6675,1.6677,55.70,7.10
2007.10.08 12:19:21.262,1.6675,1.6677,44.50,27.10
2007.10.08 12:19:21.717,1.66745,1.6677,18.10,31.10
2007.10.08 12:19:21.793,1.6675,1.6677,2.90,30.30
2007.10.08 12:19:21.883,1.66745,1.6677,26.10,22.30
2007.10.08 12:19:21.968,1.66745,1.6677,25.30,22.30
2007.10.08 12:19:22.101,1.66745,1.6677,32.70,22.30
2007.10.08 12:19:22.239,1.6675,1.6677,11.70,20.70
2007.10.08 12:19:23.133,1.6675,1.6677,10.80,20.70
2007.10.08 12:19:24.287,1.6675,1.6677,4.70,20.70
2007.10.08 12:19:24.726,1.6675,1.6677,31.10,18.30
2007.10.08 12:19:24.788,1.6676,1.6677,0.80,18.30
2007.10.08 12:19:24.820,1.66755,1.6677,4.80,18.30
2007.10.08 12:19:24.886,1.6676,1.6677,2.40,10.30
2007.10.08 12:19:24.996,1.6676,1.6677,2.50,10.30
2007.10.08 12:19:25.225,1.6676,1.6677,0.70,11.90
2007.10.08 12:19:25.740,1.6676,1.6677,8.00,10.30
2007.10.08 12:19:26.964,1.6676,1.6677,8.00,6.30
2007.10.08 12:19:27.182,1.6676,1.6677,15.90,2.40
2007.10.08 12:19:27.705,1.6676,1.66775,15.90,0.80
2007.10.08 12:19:27.719,1.6676,1.6678,15.90,23.90
2007.10.08 12:19:41.287,1.6676,1.6678,11.90,27.90
2007.10.08 12:19:41.664,1.6676,1.6677,11.90,1.60
2007.10.08 12:19:41.714,1.6676,1.6677,11.90,8.00
2007.10.08 12:19:41.818,1.6676,1.6677,8.00,11.90
2007.10.08 12:19:42.036,1.6676,1.6677,8.00,15.90
2007.10.08 12:19:42.126,1.6676,1.6677,16.00,15.90
2007.10.08 12:19:44.155,1.6676,1.6677,18.40,15.90
2007.10.08 12:19:44.206,1.6677,1.66775,2.40,2.40
2007.10.08 12:19:44.256,1.6677,1.66775,2.40,0.80
2007.10.08 12:19:44.288,1.6677,1.66775,2.40,0.80
2007.10.08 12:19:44.601,1.6677,1.6678,2.40,8.00
2007.10.08 12:19:45.028,1.6677,1.6678,6.40,8.00
2007.10.08 12:19:45.235,1.6677,1.6678,6.40,16.00
2007.10.08 12:19:46.207,1.6677,1.6678,8.00,16.00
2007.10.08 12:19:47.412,1.6677,1.6678,8.00,8.00
2007.10.08 12:19:47.611,1.6677,1.6678,4.00,8.00
2007.10.08 12:19:47.744,1.6676,1.6678,37.50,22.30
2007.10.08 12:19:47.832,1.6676,1.6678,33.50,22.30
2007.10.08 12:19:47.934,1.6676,1.6678,25.50,22.30
2007.10.08 12:19:48.354,1.6676,1.6678,17.50,22.30
2007.10.08 12:19:48.773,1.6676,1.6678,15.90,22.30
2007.10.08 12:19:49.209,1.6676,1.6678,15.90,20.70
2007.10.08 12:19:50.128,1.6676,1.6678,23.90,20.70
2007.10.08 12:19:58.756,1.6677,1.6678,1.60,20.70
2007.10.08 12:20:02.238,1.6676,1.6677,20.00,3.90
2007.10.08 12:20:02.562,1.6676,1.6677,20.00,3.90
2007.10.08 12:20:02.779,1.6676,1.6677,20.00,6.30
2007.10.08 12:20:04.239,1.6676,1.6677,12.00,6.30
2007.10.08 12:20:06.198,1.6676,1.6677,12.00,10.30
2007.10.08 12:20:06.311,1.6676,1.6677,8.00,10.30
2007.10.08 12:20:07.353,1.6676,1.6677,8.00,11.90
2007.10.08 12:20:08.821,1.6676,1.6677,8.00,10.30
2007.10.08 12:20:09.277,1.6676,1.6677,8.00,11.90
2007.10.08 12:20:09.730,1.6676,1.6677,8.00,10.30
2007.10.08 12:20:10.783,1.6676,1.6677,8.00,11.90
2007.10.08 12:20:11.260,1.6676,1.6677,8.00,10.30
2007.10.08 12:20:12.278,1.6676,1.6677,8.00,11.90
2007.10.08 12:20:17.082,1.6676,1.6677,8.00,19.90
2007.10.08 12:20:22.056,1.6676,1.6677,8.00,20.50
2007.10.08 12:20:22.156,1.6676,1.6677,4.00,20.50
2007.10.08 12:20:22.226,1.6676,1.6677,2.40,22.90
2007.10.08 12:20:22.273,1.6676,1.6677,2.40,38.90
2007.10.08 12:20:22.323,1.6676,1.6677,2.40,39.70
2007.10.08 12:20:22.366,1.6676,1.6677,2.40,43.70
2007.10.08 12:20:22.609,1.6676,1.6677,2.40,44.50
2007.10.08 12:20:22.631,1.6676,1.6677,2.40,42.10
2007.10.08 12:20:22.687,1.6675,1.6677,27.90,42.10
2007.10.08 12:20:22.744,1.6675,1.6676,27.90,1.60
2007.10.08 12:20:22.781,1.6675,1.6676,16.00,5.50
2007.10.08 12:20:22.886,1.6675,1.6676,8.00,5.50
2007.10.08 12:20:22.989,1.6675,1.6676,8.00,7.90
2007.10.08 12:20:23.204,1.6675,1.6676,4.00,19.90
2007.10.08 12:20:23.830,1.6675,1.6676,2.40,19.90
2007.10.08 12:20:24.673,1.6675,1.6676,8.00,19.90
2007.10.08 12:20:27.041,1.6675,1.6676,12.00,15.90
2007.10.08 12:20:27.141,1.6676,1.66765,4.00,2.40
2007.10.08 12:20:27.261,1.6676,1.66765,6.40,1.60
2007.10.08 12:20:27.269,1.6676,1.66765,6.40,0.80
2007.10.08 12:20:27.521,1.6676,1.6677,6.40,30.90
2007.10.08 12:20:28.385,1.6676,1.6677,6.40,22.90
2007.10.08 12:20:28.726,1.6675,1.6676,31.90,12.00
2007.10.08 12:20:28.807,1.6675,1.6676,20.00,15.90
2007.10.08 12:20:28.916,1.6675,1.6676,8.00,15.90
2007.10.08 12:20:29.014,1.6675,1.6676,8.00,19.90
2007.10.08 12:20:29.839,1.6675,1.6676,6.40,19.90
2007.10.08 12:20:32.102,1.6675,1.6676,8.80,19.90
2007.10.08 12:20:32.127,1.6675,1.6676,8.80,15.90
2007.10.08 12:20:32.208,1.66755,1.6676,0.80,14.30
2007.10.08 12:20:32.223,1.6676,1.66765,6.40,1.60
2007.10.08 12:20:32.731,1.6675,1.6676,20.70,1.60
2007.10.08 12:20:32.753,1.6675,1.6676,10.40,8.50
2007.10.08 12:20:32.955,1.6675,1.6676,2.40,12.50
2007.10.08 12:20:33.172,1.6675,1.6676,2.40,20.50
2007.10.08 12:20:33.678,1.6675,1.6676,6.40,20.50
2007.10.08 12:20:34.674,1.66755,1.6676,0.80,18.90
2007.10.08 12:20:34.697,1.6676,1.66765,2.40,1.60
2007.10.08 12:20:35.040,1.6676,1.66765,6.40,0.80
2007.10.08 12:20:35.114,1.6676,1.66765,6.40,0.80
2007.10.08 12:20:35.162,1.6676,1.6677,6.40,32.50
2007.10.08 12:20:35.242,1.6676,1.6677,6.40,52.50
2007.10.08 12:20:35.336,1.6676,1.6677,6.40,44.50
2007.10.08 12:20:35.667,1.6675,1.6676,12.70,8.00
2007.10.08 12:20:35.687,1.6675,1.6676,10.30,8.00
2007.10.08 12:20:35.964,1.6675,1.6676,10.30,10.40
2007.10.08 12:20:36.168,1.6675,1.6676,10.30,15.00
2007.10.08 12:20:36.203,1.6675,1.6676,10.30,16.60
2007.10.08 12:20:36.286,1.6675,1.6676,6.40,28.50
2007.10.08 12:20:38.915,1.6675,1.6676,6.40,0.90
2007.10.08 12:20:39.301,1.6675,1.6676,6.40,0.80
2007.10.08 12:20:39.501,1.6675,1.66765,6.40,32.50
2007.10.08 12:20:39.511,1.6675,1.6676,6.40,0.90
2007.10.08 12:20:39.599,1.6675,1.66765,6.40,33.30
2007.10.08 12:20:39.614,1.6675,1.66765,6.40,31.70
2007.10.08 12:20:39.912,1.6675,1.66765,6.40,30.90
2007.10.08 12:20:40.004,1.6675,1.6676,6.40,0.50
2007.10.08 12:20:40.123,1.6675,1.66765,6.40,22.30
2007.10.08 12:20:40.211,1.6675,1.66765,6.40,30.30
2007.10.08 12:20:40.638,1.6675,1.6676,8.00,0.50
2007.10.08 12:20:43.196,1.6675,1.66765,6.40,38.30
2007.10.08 12:20:43.238,1.6674,1.66765,27.90,50.30
2007.10.08 12:20:43.303,1.6674,1.66765,27.90,50.30
2007.10.08 12:20:43.327,1.6674,1.6676,23.90,0.60
2007.10.08 12:20:43.647,1.6675,1.66765,6.40,46.30
2007.10.08 12:20:43.708,1.6675,1.66765,8.00,46.30
2007.10.08 12:20:43.748,1.6675,1.66765,8.00,38.30
2007.10.08 12:20:43.966,1.6675,1.6676,8.00,0.50
2007.10.08 12:20:44.176,1.6675,1.66765,8.00,38.30
2007.10.08 12:20:44.797,1.6675,1.6676,8.00,0.60
2007.10.08 12:20:45.178,1.6675,1.6676,6.40,0.50
2007.10.08 12:20:45.192,1.6675,1.6676,2.40,0.80
2007.10.08 12:20:46.237,1.6675,1.66765,6.40,38.30
2007.10.08 12:20:48.733,1.6675,1.66765,2.40,42.30
2007.10.08 12:20:48.768,1.6675,1.66765,2.40,42.30
2007.10.08 12:20:49.030,1.6675,1.6676,2.40,0.90
2007.10.08 12:20:53.181,1.6675,1.6676,2.40,0.90
2007.10.08 12:20:53.984,1.6675,1.66765,2.40,42.10
2007.10.08 12:20:54.205,1.6675,1.6676,2.40,0.70
2007.10.08 12:20:55.358,1.6675,1.6676,2.40,0.50
2007.10.08 12:20:55.714,1.6675,1.6676,4.00,0.50
2007.10.08 12:20:55.783,1.6675,1.6676,8.00,0.70
2007.10.08 12:20:57.716,1.6675,1.6676,6.40,0.70
2007.10.08 12:20:59.335,1.6675,1.66765,6.40,38.70
2007.10.08 12:20:59.348,1.6675,1.66765,6.40,38.70
2007.10.08 12:21:02.265,1.6675,1.66765,8.00,38.70
2007.10.08 12:21:02.869,1.6675,1.66765,6.40,38.70
2007.10.08 12:21:12.168,1.6675,1.6676,6.40,27.70
2007.10.08 12:21:17.667,1.6675,1.6676,2.40,27.70
2007.10.08 12:21:17.774,1.6675,1.6676,2.40,28.50
2007.10.08 12:21:17.921,1.6675,1.6676,2.40,29.30
2007.10.08 12:21:34.843,1.6675,1.6676,2.40,28.50
2007.10.08 12:21:35.057,1.6675,1.6676,2.40,27.70
2007.10.08 12:21:35.195,1.6675,1.6676,6.40,27.70
2007.10.08 12:21:38.229,1.6675,1.6676,2.80,27.70
2007.10.08 12:21:41.739,1.66745,1.6676,7.20,27.90
2007.10.08 12:21:55.724,1.66745,1.6676,3.20,27.90
2007.10.08 12:21:55.797,1.6675,1.6676,0.60,28.70
2007.10.08 12:21:56.000,1.6674,1.6676,53.50,29.50
2007.10.08 12:21:56.027,1.6674,1.6676,49.50,30.30
2007.10.08 12:21:56.137,1.6674,1.6676,49.50,31.90
2007.10.08 12:21:56.341,1.6674,1.6676,49.50,31.10
2007.10.08 12:21:56.409,1.6675,1.6676,1.50,30.30
2007.10.08 12:21:56.433,1.6674,1.6676,49.50,31.10
2007.10.08 12:21:56.611,1.6674,1.6676,49.50,31.90
2007.10.08 12:21:57.500,1.6674,1.6676,49.50,31.10
2007.10.08 12:21:57.643,1.66745,1.6676,3.20,30.30
2007.10.08 12:21:57.678,1.66745,1.6676,3.20,29.50
2007.10.08 12:21:57.774,1.66745,1.6676,7.20,29.50
2007.10.08 12:21:58.214,1.66745,1.6676,7.20,21.50
2007.10.08 12:21:58.722,1.6674,1.6676,3.00,29.50
2007.10.08 12:21:58.922,1.66735,1.6675,20.70,8.00
2007.10.08 12:21:59.216,1.66735,1.6675,19.10,8.00
2007.10.08 12:21:59.679,1.66735,1.6675,17.50,8.00
2007.10.08 12:21:59.968,1.66735,1.6675,21.50,8.00
2007.10.08 12:22:00.082,1.66735,1.6675,23.10,8.00
2007.10.08 12:22:00.179,1.66735,1.6676,30.30,47.10
2007.10.08 12:22:00.243,1.6674,1.6676,2.60,39.90
2007.10.08 12:22:00.284,1.6674,1.6676,45.50,31.90
2007.10.08 12:22:00.486,1.6674,1.6676,45.50,35.90
2007.10.08 12:22:00.583,1.6675,1.6676,1.30,31.90
2007.10.08 12:22:01.744,1.6674,1.6676,47.90,31.10
2007.10.08 12:22:01.874,1.6675,1.6676,0.90,30.30
2007.10.08 12:22:02.032,1.6675,1.6676,0.50,29.50
2007.10.08 12:22:04.245,1.66745,1.6676,3.20,28.70
2007.10.08 12:22:05.162,1.6674,1.6676,51.90,28.70
2007.10.08 12:22:06.586,1.66745,1.6676,7.20,27.90
2007.10.08 12:22:26.110,1.6675,1.6676,6.40,19.90
2007.10.08 12:22:34.214,1.6675,1.6676,6.40,20.50
2007.10.08 12:22:34.265,1.6675,1.6676,6.40,21.30
2007.10.08 12:22:34.334,1.6675,1.6676,6.40,29.30
2007.10.08 12:22:34.665,1.6675,1.6676,6.40,30.10
2007.10.08 12:22:34.713,1.6674,1.6676,19.90,38.10
2007.10.08 12:22:34.801,1.6674,1.6676,18.30,38.10
2007.10.08 12:22:38.382,1.6674,1.6676,18.30,0.90
2007.10.08 12:22:43.743,1.6674,1.6675,8.00,0.60
2007.10.08 12:22:43.924,1.6674,1.66755,8.00,21.50
2007.10.08 12:22:44.245,1.6674,1.66755,8.00,14.30
2007.10.08 12:22:45.267,1.6674,1.6675,8.00,0.50
2007.10.08 12:22:46.191,1.6674,1.66755,10.40,11.90
2007.10.08 12:22:46.230,1.6674,1.66755,10.40,7.90
2007.10.08 12:22:46.731,1.6674,1.6675,8.00,0.90
2007.10.08 12:22:46.847,1.6674,1.6675,11.90,0.90
2007.10.08 12:22:46.943,1.6674,1.6676,11.90,47.90
2007.10.08 12:22:47.258,1.6674,1.66755,11.90,4.00
2007.10.08 12:22:54.669,1.6674,1.66755,10.30,4.00
2007.10.08 12:23:06.403,1.6674,1.6675,11.90,0.70
2007.10.08 12:23:11.719,1.6674,1.6675,11.90,4.00
2007.10.08 12:23:11.743,1.6674,1.6675,8.00,7.90
2007.10.08 12:23:11.859,1.6674,1.6675,8.00,15.90
2007.10.08 12:23:11.957,1.6674,1.6675,8.00,23.90
2007.10.08 12:23:12.173,1.6674,1.6675,8.00,27.90
2007.10.08 12:23:12.784,1.6674,1.6675,8.00,19.90
2007.10.08 12:23:13.519,1.6674,1.6675,8.00,27.90
2007.10.08 12:23:13.701,1.6674,1.6675,6.40,27.90
2007.10.08 12:23:13.736,1.6674,1.6675,2.40,27.90
2007.10.08 12:23:13.794,1.6674,1.6675,2.40,28.70
2007.10.08 12:23:15.081,1.6674,1.6675,2.40,20.70
2007.10.08 12:23:15.195,1.6674,1.6675,6.40,20.70
2007.10.08 12:23:15.597,1.6674,1.6675,6.40,28.70
2007.10.08 12:23:16.109,1.6674,1.6675,6.40,20.70
2007.10.08 12:23:19.035,1.6674,1.6675,6.40,19.90
2007.10.08 12:23:25.647,1.66735,1.6675,7.20,19.90
2007.10.08 12:23:41.741,1.66735,1.6675,8.80,19.90
2007.10.08 12:24:11.927,1.6674,1.6675,8.00,11.90
2007.10.08 12:24:12.037,1.6674,1.6675,8.00,19.90
2007.10.08 12:24:17.929,1.6674,1.6675,8.00,0.50
2007.10.08 12:24:23.639,1.6674,1.6675,8.00,0.50
2007.10.08 12:24:38.857,1.6674,1.66755,6.40,14.30
2007.10.08 12:24:41.289,1.6674,1.66755,8.00,14.30
2007.10.08 12:24:45.990,1.66735,1.6675,8.80,11.90
2007.10.08 12:24:50.177,1.66735,1.6675,8.80,19.90
2007.10.08 12:24:50.231,1.6673,1.6675,47.10,20.70
2007.10.08 12:24:50.294,1.6673,1.6675,43.10,20.70
2007.10.08 12:24:50.669,1.6673,1.6675,43.10,21.50
2007.10.08 12:24:50.908,1.6674,1.6675,1.10,13.50
2007.10.08 12:24:51.226,1.6673,1.6675,43.10,21.50
2007.10.08 12:24:51.636,1.66735,1.6675,7.20,29.50
2007.10.08 12:24:52.152,1.66735,1.6675,7.20,21.50
2007.10.08 12:24:52.262,1.66735,1.6675,7.20,13.50
2007.10.08 12:24:55.787,1.66735,1.6675,7.20,12.70
2007.10.08 12:24:55.942,1.6674,1.6675,2.70,11.90
2007.10.08 12:25:08.106,1.66735,1.6675,7.20,19.90
2007.10.08 12:25:08.211,1.6674,1.6675,2.80,27.90
2007.10.08 12:25:09.163,1.66735,1.6675,7.20,19.90
2007.10.08 12:25:11.743,1.66735,1.6675,8.80,19.90
2007.10.08 12:25:11.944,1.6674,1.6675,2.30,11.90
2007.10.08 12:25:16.184,1.6674,1.6675,2.70,11.90
2007.10.08 12:25:16.219,1.6674,1.6675,1.30,19.90
2007.10.08 12:25:16.326,1.66735,1.6675,7.20,11.90
2007.10.08 12:25:16.405,1.66735,1.6675,7.20,19.90
2007.10.08 12:25:17.237,1.66735,1.6675,7.20,11.90
2007.10.08 12:25:20.959,1.6674,1.6675,1.60,19.90
2007.10.08 12:25:23.269,1.6674,1.6675,2.20,11.90
2007.10.08 12:25:23.433,1.66735,1.6675,7.20,19.90
2007.10.08 12:25:23.684,1.66735,1.6675,8.80,19.90
2007.10.08 12:25:24.194,1.66735,1.6675,7.20,19.90
2007.10.08 12:25:27.375,1.66735,1.6675,7.20,27.90
2007.10.08 12:25:27.585,1.66735,1.6675,7.20,19.90
2007.10.08 12:25:27.680,1.6673,1.6675,35.10,31.90
2007.10.08 12:25:27.765,1.6674,1.6675,0.60,32.70
2007.10.08 12:25:27.804,1.6673,1.6675,27.10,40.70
2007.10.08 12:25:27.897,1.6674,1.6675,0.80,44.70
2007.10.08 12:25:28.178,1.6673,1.6675,19.10,45.50
2007.10.08 12:25:28.223,1.6674,1.6675,2.40,33.50
2007.10.08 12:25:28.318,1.66735,1.6675,7.20,29.50
2007.10.08 12:25:32.921,1.66735,1.6675,7.20,27.90
2007.10.08 12:25:41.291,1.66725,1.6675,24.70,39.90
2007.10.08 12:25:41.330,1.66725,1.6675,24.70,40.70
2007.10.08 12:25:41.385,1.6673,1.6675,15.90,32.70
2007.10.08 12:25:41.703,1.6673,1.6674,15.90,2.40
2007.10.08 12:25:41.799,1.6673,1.6674,14.30,2.40
2007.10.08 12:25:45.756,1.6673,1.6674,39.10,2.40
2007.10.08 12:25:45.767,1.66735,1.6674,0.80,2.40
2007.10.08 12:25:46.240,1.6674,1.6675,6.40,21.50
2007.10.08 12:25:46.267,1.6674,1.6675,6.40,20.70
2007.10.08 12:25:46.356,1.6674,1.6675,6.40,28.70
2007.10.08 12:25:46.583,1.6674,1.6675,6.40,27.90
2007.10.08 12:25:52.697,1.6674,1.6675,10.40,23.90
2007.10.08 12:25:52.733,1.6674,1.6675,10.40,22.30
2007.10.08 12:25:52.782,1.6674,1.6675,14.30,10.40
2007.10.08 12:25:52.883,1.6674,1.6675,14.30,2.40
2007.10.08 12:26:10.990,1.6674,1.6675,18.30,2.40
2007.10.08 12:26:11.152,1.6674,1.6675,20.70,2.40
2007.10.08 12:26:11.234,1.6675,1.66755,2.40,1.60
2007.10.08 12:26:11.264,1.6675,1.66755,2.40,0.80
2007.10.08 12:26:11.544,1.6675,1.6676,2.40,21.50
2007.10.08 12:26:11.598,1.6675,1.6676,2.40,0.60
2007.10.08 12:26:12.173,1.6675,1.66765,2.40,30.30
2007.10.08 12:26:13.635,1.6675,1.66755,2.40,0.80
2007.10.08 12:26:13.670,1.6674,1.66755,39.90,3.20
2007.10.08 12:26:13.736,1.6674,1.6675,39.90,0.90
2007.10.08 12:26:13.776,1.6674,1.66755,16.00,8.70
2007.10.08 12:26:13.888,1.6674,1.66755,8.00,8.70
2007.10.08 12:26:14.186,1.6674,1.66755,8.00,20.70
2007.10.08 12:26:14.622,1.6674,1.66755,8.00,12.70
2007.10.08 12:26:14.912,1.6674,1.66755,6.40,20.70
2007.10.08 12:26:15.218,1.6674,1.6675,6.40,0.60
2007.10.08 12:26:16.997,1.6674,1.6675,6.40,0.80
2007.10.08 12:26:18.703,1.6674,1.66755,2.40,29.50
2007.10.08 12:26:18.816,1.6673,1.6675,28.50,0.70
2007.10.08 12:26:18.906,1.6673,1.6675,20.50,0.80
2007.10.08 12:26:19.125,1.6673,1.66755,19.90,38.30
2007.10.08 12:26:19.750,1.6673,1.66755,18.30,38.30
2007.10.08 12:26:19.975,1.6673,1.66755,22.30,38.30
2007.10.08 12:26:20.078,1.6673,1.66755,31.10,46.30
2007.10.08 12:26:20.181,1.6674,1.6675,6.40,0.60
2007.10.08 12:26:21.246,1.6673,1.66755,15.90,42.30
2007.10.08 12:26:22.211,1.6673,1.6675,14.30,0.70
2007.10.08 12:26:22.560,1.6673,1.6675,14.30,0.70
2007.10.08 12:26:22.569,1.6673,1.6675,14.30,0.90
2007.10.08 12:26:22.654,1.66735,1.6675,0.80,0.80
2007.10.08 12:26:22.731,1.6674,1.6675,2.40,0.90
2007.10.08 12:26:22.835,1.6674,1.66755,2.40,14.30
2007.10.08 12:26:22.942,1.6674,1.66755,2.40,22.30
2007.10.08 12:26:23.183,1.6674,1.66755,6.40,22.30
2007.10.08 12:26:23.404,1.6674,1.6675,6.40,0.50
2007.10.08 12:26:27.692,1.6674,1.66755,6.40,30.30
2007.10.08 12:26:27.831,1.6674,1.6675,6.40,0.80
2007.10.08 12:26:35.190,1.6674,1.6675,6.40,0.50
2007.10.08 12:26:35.204,1.6674,1.66755,6.40,23.90
2007.10.08 12:26:35.279,1.6674,1.66755,6.40,20.00
2007.10.08 12:26:35.311,1.6674,1.66755,6.40,20.00
2007.10.08 12:26:35.412,1.6674,1.6675,6.40,0.50
2007.10.08 12:26:35.503,1.6674,1.66755,6.40,20.00
2007.10.08 12:26:35.717,1.6673,1.66755,23.90,34.30
2007.10.08 12:26:35.812,1.6673,1.66755,15.90,34.30
2007.10.08 12:26:36.785,1.6673,1.6675,14.30,0.50
2007.10.08 12:26:37.435,1.6673,1.6675,22.30,0.60
2007.10.08 12:26:38.702,1.6674,1.6675,2.40,21.50
2007.10.08 12:26:38.821,1.6674,1.6675,2.40,13.50
2007.10.08 12:26:39.148,1.6674,1.6675,6.40,13.50
2007.10.08 12:26:39.391,1.6674,1.6675,6.40,21.50
2007.10.08 12:26:41.081,1.6674,1.6675,6.40,20.70
2007.10.08 12:26:41.194,1.6674,1.6675,6.40,19.10
2007.10.08 12:26:41.205,1.6674,1.6675,6.40,15.10
2007.10.08 12:26:41.305,1.6674,1.6675,10.30,3.20
2007.10.08 12:26:41.355,1.6674,1.6675,10.30,2.40
2007.10.08 12:26:52.178,1.6674,1.66755,10.30,0.80
2007.10.08 12:26:52.209,1.6674,1.6676,10.30,43.90
2007.10.08 12:26:52.499,1.6674,1.6676,10.30,47.90
2007.10.08 12:26:53.995,1.6674,1.66755,10.30,0.80
2007.10.08 12:26:57.195,1.6674,1.6675,10.30,2.40
2007.10.08 12:27:00.171,1.6674,1.6675,11.90,2.40
2007.10.08 12:27:03.465,1.6674,1.66755,11.90,0.80
2007.10.08 12:27:03.506,1.6674,1.6676,11.90,43.90
2007.10.08 12:27:09.626,1.6674,1.6676,14.30,43.90
2007.10.08 12:27:09.739,1.6674,1.6676,14.30,41.50
2007.10.08 12:27:10.249,1.6674,1.6676,11.90,43.90
2007.10.08 12:27:15.534,1.6674,1.6676,11.90,51.90
2007.10.08 12:27:15.706,1.6674,1.66755,10.30,0.80
2007.10.08 12:27:16.156,1.6674,1.66755,10.30,1.60
2007.10.08 12:27:16.225,1.6674,1.6675,10.30,2.40
2007.10.08 12:27:16.791,1.6674,1.6675,6.40,14.30
2007.10.08 12:27:16.850,1.6674,1.6675,6.40,22.30
2007.10.08 12:27:17.102,1.6674,1.66755,6.40,24.70
2007.10.08 12:27:17.129,1.6674,1.6675,6.40,23.90
2007.10.08 12:27:17.160,1.6674,1.6675,6.40,27.90
2007.10.08 12:27:19.678,1.6674,1.6675,4.00,27.90
2007.10.08 12:27:19.790,1.6673,1.6675,31.90,39.90
2007.10.08 12:27:19.904,1.6673,1.6675,19.90,39.90
2007.10.08 12:27:20.026,1.6673,1.6675,15.90,39.90
2007.10.08 12:27:20.246,1.6673,1.6675,15.90,40.50
2007.10.08 12:27:20.660,1.6673,1.6675,14.30,40.50
2007.10.08 12:27:20.878,1.6673,1.6675,14.30,41.30
2007.10.08 12:27:21.082,1.6673,1.6675,18.30,41.30
2007.10.08 12:27:21.127,1.6673,1.6675,18.30,42.10
2007.10.08 12:27:21.179,1.66735,1.6675,0.80,42.10
2007.10.08 12:27:21.207,1.6674,1.6675,6.40,38.10
2007.10.08 12:27:21.303,1.6674,1.6675,6.40,30.10
2007.10.08 12:27:25.106,1.6674,1.6675,6.40,22.10
2007.10.08 12:27:25.162,1.6674,1.6675,6.40,24.50
2007.10.08 12:27:25.216,1.6673,1.6674,45.50,16.00
2007.10.08 12:27:25.345,1.6673,1.6674,17.60,19.90
2007.10.08 12:27:25.426,1.6673,1.6674,9.60,19.90
2007.10.08 12:27:25.733,1.6673,1.6674,8.00,19.90
2007.10.08 12:27:26.218,1.6673,1.6674,8.00,22.30
2007.10.08 12:27:27.230,1.6673,1.6674,8.00,19.90
2007.10.08 12:27:27.748,1.6673,1.6674,6.40,19.90
2007.10.08 12:27:27.858,1.6673,1.6674,6.40,27.90
2007.10.08 12:27:29.181,1.6673,1.6674,8.00,27.90
2007.10.08 12:27:30.139,1.6673,1.6674,8.00,19.90
2007.10.08 12:27:35.138,1.66725,1.6674,8.80,19.90
2007.10.08 12:27:43.266,1.66725,1.6674,7.20,20.70
2007.10.08 12:27:43.613,1.66725,1.6674,7.20,21.50
2007.10.08 12:27:46.269,1.66725,1.6674,7.20,29.50
2007.10.08 12:27:48.207,1.6673,1.6674,3.40,21.50
2007.10.08 12:28:02.165,1.66725,1.6674,3.20,21.50
2007.10.08 12:28:02.272,1.6672,1.6674,43.90,20.70
2007.10.08 12:28:02.285,1.6672,1.6674,27.90,28.70
2007.10.08 12:28:02.333,1.6673,1.66735,1.50,0.80
2007.10.08 12:28:02.377,1.6673,1.66735,2.40,1.60
2007.10.08 12:28:02.898,1.6672,1.66735,18.30,1.60
2007.10.08 12:28:03.958,1.6672,1.6673,18.30,2.40
2007.10.08 12:28:05.077,1.6672,1.66735,18.30,1.60
2007.10.08 12:28:05.216,1.6672,1.6673,18.30,2.40
2007.10.08 12:28:26.597,1.6672,1.6674,18.30,29.50
2007.10.08 12:28:31.388,1.6672,1.6674,18.30,33.50
2007.10.08 12:28:31.424,1.6672,1.66735,18.30,0.80
2007.10.08 12:28:31.760,1.6672,1.66735,18.30,1.60
2007.10.08 12:28:31.828,1.6672,1.6673,18.30,2.40
2007.10.08 12:28:37.682,1.6672,1.6674,18.30,29.50
2007.10.08 12:28:40.337,1.6672,1.6674,18.30,33.50
2007.10.08 12:28:40.422,1.66715,1.6674,19.10,33.50
2007.10.08 12:28:42.523,1.66715,1.66735,19.10,0.80
2007.10.08 12:28:42.919,1.6672,1.66735,5.60,1.60
2007.10.08 12:28:42.988,1.66715,1.6673,19.10,2.40
2007.10.08 12:28:45.854,1.66715,1.66735,19.10,1.60
2007.10.08 12:28:47.994,1.66715,1.66735,19.10,0.80
2007.10.08 12:28:48.019,1.66715,1.6673,19.10,2.40
2007.10.08 12:28:48.232,1.6672,1.6674,5.70,29.50
2007.10.08 12:28:52.230,1.66715,1.6674,27.10,17.50
2007.10.08 12:28:52.237,1.6673,1.6674,1.10,15.90
2007.10.08 12:28:52.299,1.6672,1.6674,31.90,7.90
2007.10.08 12:28:52.526,1.6672,1.6674,39.90,15.90
2007.10.08 12:28:52.617,1.6672,1.6674,39.90,15.90
2007.10.08 12:28:53.032,1.6673,1.6674,1.10,15.10
2007.10.08 12:28:53.057,1.66725,1.6674,4.80,7.10
2007.10.08 12:28:53.151,1.66725,1.6674,8.80,11.10
2007.10.08 12:28:53.194,1.66725,1.6674,8.80,10.30
2007.10.08 12:28:53.243,1.6673,1.6674,1.90,11.90
2007.10.08 12:28:53.654,1.66725,1.6674,8.80,10.30
2007.10.08 12:28:53.696,1.66725,1.6674,8.80,6.30
2007.10.08 12:28:53.924,1.66725,1.6674,16.80,6.30
2007.10.08 12:28:54.143,1.66725,1.6674,8.80,6.30
2007.10.08 12:28:54.787,1.6673,1.6674,1.60,10.30
2007.10.08 12:28:55.314,1.6673,1.6674,2.00,10.30
2007.10.08 12:28:55.740,1.6673,1.6674,2.10,30.30
2007.10.08 12:28:55.792,1.6673,1.6674,1.10,30.30
2007.10.08 12:28:56.044,1.6672,1.6673,3.50,8.00
2007.10.08 12:28:56.788,1.6672,1.6673,3.80,8.00
2007.10.08 12:28:57.103,1.66715,1.6674,16.70,31.90
2007.10.08 12:28:57.755,1.6672,1.6674,5.00,30.30
2007.10.08 12:28:58.297,1.6672,1.6674,6.50,31.10
2007.10.08 12:28:58.565,1.66715,1.6674,15.10,31.90
2007.10.08 12:28:58.703,1.66715,1.6674,15.10,33.50
2007.10.08 12:29:03.314,1.66715,1.66735,15.10,0.80
2007.10.08 12:29:03.866,1.66715,1.66735,15.10,1.60
2007.10.08 12:29:06.730,1.66715,1.66735,13.50,1.60
2007.10.08 12:29:06.803,1.66715,1.6673,13.50,2.40
2007.10.08 12:29:06.905,1.66715,1.66735,13.50,1.60
2007.10.08 12:29:07.678,1.6672,1.66735,6.20,1.60
2007.10.08 12:29:07.872,1.6672,1.6673,4.30,8.00
2007.10.08 12:29:08.222,1.6672,1.66735,6.80,1.60
2007.10.08 12:29:08.274,1.66715,1.66735,13.50,1.60
2007.10.08 12:29:33.744,1.6672,1.66735,14.30,1.60
2007.10.08 12:29:34.615,1.6672,1.6673,14.30,8.00
2007.10.08 12:29:34.767,1.6672,1.6673,12.70,8.00
2007.10.08 12:29:35.143,1.6672,1.6673,8.70,8.00
2007.10.08 12:29:35.244,1.6672,1.6673,4.80,14.30
2007.10.08 12:29:35.323,1.6672,1.6673,2.40,16.70
2007.10.08 12:29:35.658,1.6672,1.6673,6.40,8.70
2007.10.08 12:29:35.731,1.6672,1.6673,6.40,9.50
2007.10.08 12:29:35.985,1.6672,1.6673,6.40,17.50
2007.10.08 12:29:36.185,1.6672,1.6673,6.40,29.50
2007.10.08 12:29:38.185,1.6672,1.6673,8.00,29.50
2007.10.08 12:29:38.440,1.6672,1.6673,8.00,21.50
2007.10.08 12:29:39.225,1.6672,1.6673,8.00,0.60
2007.10.08 12:29:40.249,1.6672,1.6673,6.40,0.90
2007.10.08 12:29:40.430,1.6672,1.66735,6.40,30.30
2007.10.08 12:29:40.457,1.6672,1.6673,6.40,0.60
2007.10.08 12:29:40.809,1.6672,1.66735,6.40,30.30
2007.10.08 12:29:41.258,1.6672,1.6673,6.40,0.50
2007.10.08 12:29:45.175,1.6672,1.66735,6.40,24.70
2007.10.08 12:29:45.187,1.6672,1.66735,2.40,24.70
2007.10.08 12:29:45.265,1.6672,1.66735,2.40,22.30
2007.10.08 12:29:46.203,1.6672,1.6673,4.00,0.70
2007.10.08 12:29:46.715,1.6672,1.66735,2.40,22.30
2007.10.08 12:29:46.882,1.6672,1.66735,2.40,30.30
2007.10.08 12:29:48.179,1.6672,1.6673,6.40,0.70
2007.10.08 12:29:49.716,1.6672,1.6673,8.00,0.50
2007.10.08 12:29:49.971,1.6672,1.6673,8.00,0.80
2007.10.08 12:29:50.213,1.6672,1.66735,6.40,22.30
2007.10.08 12:29:50.481,1.6672,1.66735,6.40,30.30
2007.10.08 12:29:52.489,1.6672,1.6673,6.40,0.60
2007.10.08 12:29:52.667,1.6672,1.66735,8.00,22.30
2007.10.08 12:29:54.759,1.6672,1.66735,8.00,20.70
2007.10.08 12:30:06.249,1.6672,1.6673,8.00,0.90
2007.10.08 12:30:06.346,1.6672,1.66735,8.00,8.70
2007.10.08 12:30:06.662,1.6672,1.66735,8.00,12.70
2007.10.08 12:30:06.869,1.6672,1.6673,8.00,0.60
2007.10.08 12:30:08.757,1.6672,1.6673,8.00,19.90
2007.10.08 12:30:09.154,1.6672,1.6673,8.00,22.30
2007.10.08 12:30:09.247,1.6671,1.6672,34.90,1.60
2007.10.08 12:30:09.346,1.6671,1.6672,34.90,2.40
2007.10.08 12:30:09.378,1.6672,1.66725,2.40,0.80
2007.10.08 12:30:09.483,1.6671,1.6672,12.00,20.70
2007.10.08 12:30:09.518,1.6671,1.6672,12.00,21.50
2007.10.08 12:30:09.608,1.6671,1.6672,4.00,29.50
2007.10.08 12:30:09.801,1.6671,1.6672,2.40,29.50
2007.10.08 12:30:09.935,1.667,1.6672,18.90,29.50
2007.10.08 12:30:11.077,1.667,1.6672,18.30,29.50
2007.10.08 12:30:12.451,1.667,1.6672,26.30,29.50
2007.10.08 12:30:12.678,1.66705,1.6672,0.80,29.50
2007.10.08 12:30:12.996,1.6671,1.6672,2.40,21.50
2007.10.08 12:30:13.198,1.6671,1.6672,2.40,13.50
2007.10.08 12:30:13.316,1.6671,1.6672,2.40,21.50
2007.10.08 12:30:14.208,1.6671,1.6672,6.30,13.60
2007.10.08 12:30:14.227,1.6671,1.6672,6.30,12.00
2007.10.08 12:30:14.493,1.6671,1.6672,6.30,11.20
2007.10.08 12:30:14.523,1.6671,1.6672,6.30,3.20
2007.10.08 12:30:14.536,1.6671,1.6672,6.30,2.40
2007.10.08 12:30:16.826,1.6671,1.6672,10.30,2.40
2007.10.08 12:30:24.618,1.6671,1.6673,10.30,50.90
2007.10.08 12:30:27.402,1.6671,1.66725,10.30,12.00
2007.10.08 12:30:27.536,1.6671,1.6672,10.30,0.50
2007.10.08 12:30:27.715,1.6671,1.6672,3.90,14.60
2007.10.08 12:30:27.744,1.6671,1.66715,3.90,4.90
2007.10.08 12:30:27.836,1.667,1.6671,17.60,0.90
2007.10.08 12:30:27.942,1.667,1.66715,9.60,17.50
2007.10.08 12:30:28.250,1.667,1.6671,9.60,0.70
2007.10.08 12:30:28.290,1.667,1.6671,8.00,0.60
2007.10.08 12:30:28.473,1.667,1.66715,8.00,22.30
2007.10.08 12:30:28.764,1.667,1.66715,6.40,22.30
2007.10.08 12:30:28.969,1.667,1.66715,6.40,30.30
2007.10.08 12:30:29.315,1.667,1.6671,2.40,0.60
2007.10.08 12:30:29.330,1.667,1.66715,2.40,32.70
2007.10.08 12:30:29.410,1.667,1.66715,6.40,30.30
2007.10.08 12:30:29.713,1.667,1.66715,6.40,34.30
2007.10.08 12:30:29.934,1.667,1.66715,6.40,26.30
2007.10.08 12:30:32.917,1.667,1.6671,6.40,0.60
2007.10.08 12:30:33.207,1.667,1.66715,6.40,26.30
2007.10.08 12:30:33.302,1.667,1.66715,6.40,30.30
2007.10.08 12:30:34.452,1.667,1.66715,6.40,22.30
2007.10.08 12:30:35.180,1.667,1.66715,6.40,30.30
2007.10.08 12:30:39.903,1.667,1.66715,6.40,30.30
2007.10.08 12:30:40.260,1.667,1.66715,6.40,22.30
2007.10.08 12:30:40.911,1.66695,1.66715,7.20,42.20
2007.10.08 12:30:42.140,1.66695,1.66715,7.20,23.90
2007.10.08 12:30:42.251,1.667,1.6671,0.60,0.70
2007.10.08 12:30:42.454,1.6669,1.66715,29.50,23.90
2007.10.08 12:30:42.761,1.667,1.6671,0.90,0.90
2007.10.08 12:30:42.864,1.6669,1.66715,13.50,39.90
2007.10.08 12:30:43.171,1.6669,1.66715,20.70,39.90
2007.10.08 12:30:43.193,1.66695,1.66715,7.20,37.50
2007.10.08 12:30:43.702,1.66685,1.66715,15.10,41.50
2007.10.08 12:30:43.804,1.66685,1.66715,13.50,49.50
2007.10.08 12:30:44.253,1.6669,1.6671,0.70,0.50
2007.10.08 12:30:45.191,1.66685,1.66715,15.10,49.50
2007.10.08 12:30:45.240,1.6668,1.6671,64.40,42.30
2007.10.08 12:30:45.279,1.6668,1.6671,59.80,42.90
2007.10.08 12:30:45.681,1.66685,1.66705,11.10,4.80
2007.10.08 12:30:45.795,1.66685,1.66705,7.20,16.70
2007.10.08 12:30:46.216,1.6669,1.667,0.70,0.80
2007.10.08 12:30:46.325,1.66685,1.66705,7.20,12.70
2007.10.08 12:30:47.658,1.66685,1.66705,11.20,8.70
2007.10.08 12:30:47.686,1.66685,1.6671,13.60,52.60
2007.10.08 12:30:47.780,1.6669,1.667,0.80,0.90
2007.10.08 12:30:47.975,1.6669,1.6671,0.90,0.70
2007.10.08 12:30:48.025,1.66685,1.66715,17.50,45.50
2007.10.08 12:30:49.251,1.66685,1.6671,5.60,40.60
2007.10.08 12:30:49.363,1.6668,1.6671,62.90,42.20
2007.10.08 12:30:49.652,1.6668,1.6671,54.30,46.20
2007.10.08 12:30:49.663,1.6669,1.667,0.60,0.70
2007.10.08 12:30:49.785,1.6669,1.667,0.70,0.70
2007.10.08 12:30:50.176,1.6669,1.667,0.70,0.70
2007.10.08 12:30:50.303,1.6668,1.6671,55.10,53.20
2007.10.08 12:30:50.520,1.6668,1.6671,55.10,53.20
2007.10.08 12:30:50.529,1.6668,1.6671,51.10,57.20
2007.10.08 12:30:50.828,1.6668,1.6671,40.70,70.00
2007.10.08 12:30:51.150,1.6668,1.6671,43.10,74.00
2007.10.08 12:30:51.292,1.6668,1.6671,43.10,74.00
2007.10.08 12:30:52.106,1.6668,1.667,40.70,20.70
2007.10.08 12:30:52.215,1.6668,1.667,40.70,16.70
2007.10.08 12:30:52.243,1.6669,1.667,1.30,15.10
2007.10.08 12:30:52.313,1.6668,1.667,56.70,3.20
2007.10.08 12:30:52.328,1.6669,1.667,31.90,3.20
2007.10.08 12:30:52.540,1.667,1.6671,1.60,41.30
2007.10.08 12:30:52.770,1.667,1.6671,4.30,28.70
2007.10.08 12:30:52.805,1.66695,1.6671,8.80,28.70
2007.10.08 12:30:53.166,1.66695,1.6671,2.40,32.70
2007.10.08 12:30:53.244,1.66695,1.6671,2.40,39.90
2007.10.08 12:30:53.257,1.66685,1.6671,48.70,39.90
2007.10.08 12:30:53.281,1.6669,1.6671,8.70,47.90
2007.10.08 12:30:53.387,1.6669,1.6671,3.50,47.90
2007.10.08 12:30:53.423,1.66685,1.6671,16.70,39.90
2007.10.08 12:30:53.700,1.66685,1.6671,15.10,39.90
2007.10.08 12:30:55.675,1.6669,1.6671,19.10,35.90
2007.10.08 12:30:55.727,1.66695,1.6671,4.80,35.90
2007.10.08 12:30:55.797,1.66695,1.6671,4.80,27.90
2007.10.08 12:30:55.907,1.667,1.6671,1.20,19.90
2007.10.08 12:30:56.206,1.66695,1.6671,8.80,19.90
2007.10.08 12:30:58.201,1.66695,1.6671,8.80,11.90
2007.10.08 12:30:58.922,1.667,1.6671,1.40,11.90
2007.10.08 12:30:59.869,1.66695,1.6671,8.80,35.90
2007.10.08 12:31:00.136,1.66695,1.6671,8.80,27.90
2007.10.08 12:31:01.158,1.66695,1.6671,8.80,30.30
2007.10.08 12:31:01.217,1.66695,1.667,1.20,10.30
2007.10.08 12:31:01.251,1.66685,1.667,22.40,10.30
2007.10.08 12:31:01.337,1.6669,1.667,2.50,10.30
2007.10.08 12:31:01.437,1.6669,1.667,0.90,10.30
2007.10.08 12:31:01.642,1.66685,1.667,8.80,10.30
2007.10.08 12:31:01.762,1.66685,1.667,8.80,18.30
2007.10.08 12:31:02.293,1.6669,1.667,1.80,10.30
2007.10.08 12:31:02.719,1.66685,1.667,8.80,11.90
2007.10.08 12:31:07.143,1.66685,1.667,8.80,19.90
2007.10.08 12:31:09.702,1.6669,1.667,8.00,18.30
2007.10.08 12:31:09.720,1.6669,1.667,8.00,14.30
2007.10.08 12:31:09.836,1.6669,1.667,8.00,6.30
2007.10.08 12:31:10.361,1.6669,1.667,8.00,6.30
2007.10.08 12:31:11.497,1.6669,1.667,8.00,26.30
2007.10.08 12:31:11.632,1.6669,1.667,8.00,18.30
2007.10.08 12:31:11.714,1.6669,1.667,4.00,18.30
2007.10.08 12:31:11.878,1.6669,1.667,2.40,19.90
2007.10.08 12:31:11.942,1.6669,1.667,2.40,27.90
2007.10.08 12:31:12.249,1.6669,1.667,6.40,19.90
2007.10.08 12:31:12.684,1.6669,1.667,8.00,19.90
2007.10.08 12:31:13.200,1.6669,1.667,8.00,18.30
2007.10.08 12:31:14.132,1.6669,1.667,8.00,19.90
2007.10.08 12:31:14.755,1.6669,1.667,6.40,19.90
2007.10.08 12:31:14.894,1.6669,1.667,6.40,27.90
2007.10.08 12:31:15.200,1.6669,1.667,6.40,19.90
2007.10.08 12:31:17.724,1.6669,1.667,8.00,19.90
2007.10.08 12:31:19.255,1.6669,1.667,6.40,19.90
2007.10.08 12:31:19.799,1.6669,1.667,6.40,27.90
2007.10.08 12:31:20.324,1.6669,1.667,6.40,31.90
2007.10.08 12:31:20.736,1.6669,1.667,8.00,31.90
2007.10.08 12:31:20.825,1.6669,1.667,8.00,27.90
2007.10.08 12:31:21.740,1.6669,1.667,8.00,26.30
2007.10.08 12:31:21.969,1.6669,1.667,8.00,18.30
2007.10.08 12:31:22.151,1.6669,1.667,8.00,19.90
2007.10.08 12:31:22.177,1.6669,1.667,8.00,27.90
2007.10.08 12:31:23.175,1.6669,1.667,8.00,26.30
2007.10.08 12:31:23.212,1.6669,1.667,15.90,18.40
2007.10.08 12:31:23.303,1.6669,1.667,15.90,10.40
2007.10.08 12:31:24.039,1.6669,1.667,15.90,8.00
2007.10.08 12:31:28.725,1.6669,1.667,14.30,8.00
2007.10.08 12:31:29.258,1.6669,1.667,15.90,8.00
2007.10.08 12:31:36.489,1.6669,1.6671,15.90,40.50
2007.10.08 12:31:36.752,1.6669,1.667,14.30,1.60
2007.10.08 12:31:36.835,1.6669,1.667,10.40,5.50
2007.10.08 12:31:37.052,1.6669,1.667,10.40,13.50
2007.10.08 12:31:37.253,1.6669,1.667,6.40,15.90
2007.10.08 12:31:38.539,1.66685,1.667,7.20,27.90
2007.10.08 12:31:38.604,1.6669,1.667,2.40,23.90
2007.10.08 12:31:38.719,1.66685,1.667,8.80,27.90
2007.10.08 12:31:38.939,1.66685,1.667,8.80,19.90
2007.10.08 12:31:39.252,1.66685,1.667,8.80,18.30
2007.10.08 12:31:39.280,1.66685,1.66705,12.70,0.80
2007.10.08 12:31:39.494,1.6669,1.667,5.10,8.00
2007.10.08 12:31:40.022,1.6669,1.66705,3.70,0.80
2007.10.08 12:31:41.178,1.667,1.66705,2.40,0.80
2007.10.08 12:31:41.193,1.667,1.6671,1.10,36.70
2007.10.08 12:31:41.281,1.66695,1.6671,8.80,28.70
2007.10.08 12:31:41.398,1.667,1.6671,0.60,20.70
2007.10.08 12:31:41.567,1.66695,1.6671,8.80,19.90
2007.10.08 12:31:41.705,1.667,1.6671,1.10,19.90
2007.10.08 12:31:42.207,1.66695,1.6671,8.80,19.90
2007.10.08 12:31:42.238,1.66695,1.6671,8.80,11.90
2007.10.08 12:31:43.648,1.66695,1.6671,7.20,11.90
2007.10.08 12:31:43.997,1.667,1.6671,0.50,19.90
2007.10.08 12:31:44.213,1.66695,1.6671,7.20,11.90
2007.10.08 12:31:45.144,1.667,1.6671,3.30,19.90
2007.10.08 12:31:49.128,1.66695,1.6671,3.20,20.50
2007.10.08 12:31:49.201,1.6669,1.667,42.60,2.40
2007.10.08 12:31:49.239,1.6669,1.667,3.90,26.10
2007.10.08 12:31:49.301,1.6668,1.667,48.70,28.50
2007.10.08 12:31:49.355,1.6668,1.667,44.70,32.50
2007.10.08 12:31:49.446,1.6668,1.667,36.70,32.50
2007.10.08 12:31:49.628,1.6668,1.667,28.70,34.10
2007.10.08 12:31:49.662,1.6669,1.667,2.10,34.10
2007.10.08 12:31:49.718,1.66685,1.667,7.20,31.70
2007.10.08 12:31:49.776,1.6669,1.667,1.60,27.70
2007.10.08 12:31:49.877,1.6668,1.667,22.30,35.70
2007.10.08 12:31:49.975,1.66675,1.667,23.10,43.70
2007.10.08 12:31:50.186,1.66675,1.667,11.10,43.70
2007.10.08 12:31:50.217,1.6667,1.6669,61.40,1.60
2007.10.08 12:31:50.303,1.6667,1.6669,57.50,5.50
2007.10.08 12:31:50.329,1.6668,1.6669,1.50,6.30
2007.10.08 12:31:50.496,1.6668,1.6669,0.60,14.30
2007.10.08 12:31:50.658,1.6668,1.6669,0.50,15.10
2007.10.08 12:31:50.742,1.6668,1.6669,0.70,15.10
2007.10.08 12:31:50.810,1.66675,1.6669,8.70,11.20
2007.10.08 12:31:50.941,1.66675,1.6669,8.80,17.50
2007.10.08 12:31:51.029,1.66675,1.6669,8.80,9.50
2007.10.08 12:31:51.245,1.6668,1.6669,1.20,13.50
2007.10.08 12:31:53.229,1.66675,1.6669,7.20,13.50
2007.10.08 12:31:54.659,1.6668,1.6669,2.10,13.50
2007.10.08 12:31:55.157,1.6668,1.6669,1.20,13.50
2007.10.08 12:31:55.170,1.6667,1.6669,45.50,13.50
2007.10.08 12:31:55.269,1.6668,1.6669,0.80,17.50
2007.10.08 12:31:55.479,1.6667,1.6669,37.50,33.50
2007.10.08 12:31:55.688,1.66675,1.6669,7.20,29.50
2007.10.08 12:31:55.790,1.66675,1.6669,7.20,28.70
2007.10.08 12:31:55.900,1.66675,1.6669,7.20,20.70
2007.10.08 12:31:57.143,1.6668,1.6669,3.50,12.70
2007.10.08 12:31:57.642,1.66675,1.6669,8.80,12.70
2007.10.08 12:31:57.744,1.66675,1.6669,8.80,11.10
2007.10.08 12:31:59.108,1.6668,1.6669,3.40,19.10
2007.10.08 12:32:00.129,1.6668,1.6669,2.20,11.10
2007.10.08 12:32:00.592,1.66675,1.6669,8.80,10.30
2007.10.08 12:32:03.701,1.66675,1.6669,11.20,10.30
2007.10.08 12:32:03.747,1.6668,1.6669,2.60,2.40
2007.10.08 12:32:04.117,1.6668,1.6669,2.50,2.40
2007.10.08 12:32:04.995,1.6668,1.6669,4.60,2.40
2007.10.08 12:32:05.167,1.6668,1.6669,6.10,2.40
2007.10.08 12:32:05.202,1.6669,1.66695,0.60,0.80
2007.10.08 12:32:05.233,1.66685,1.66695,8.80,0.80
2007.10.08 12:32:05.408,1.6669,1.667,0.60,20.70
2007.10.08 12:32:06.246,1.6669,1.667,8.00,12.70
2007.10.08 12:32:09.129,1.6669,1.667,8.00,11.90
2007.10.08 12:32:19.213,1.6669,1.667,8.00,10.30
2007.10.08 12:32:19.228,1.6669,1.667,8.00,6.30
2007.10.08 12:32:19.431,1.6669,1.667,16.00,6.30
2007.10.08 12:32:20.153,1.6669,1.667,16.00,10.30
2007.10.08 12:32:21.186,1.6669,1.667,8.00,10.30
2007.10.08 12:32:22.730,1.6669,1.667,8.00,11.90
2007.10.08 12:32:27.726,1.66685,1.667,8.80,11.90
2007.10.08 12:32:30.752,1.6669,1.667,8.00,10.30
2007.10.08 12:32:38.645,1.6669,1.667,8.00,11.90
2007.10.08 12:33:02.213,1.6669,1.667,8.00,10.30
2007.10.08 12:33:02.265,1.6669,1.667,8.00,6.30
2007.10.08 12:33:03.308,1.6669,1.667,16.00,6.30
2007.10.08 12:33:04.017,1.6669,1.667,20.00,6.30
2007.10.08 12:33:04.182,1.66695,1.667,0.80,6.30
2007.10.08 12:33:04.257,1.667,1.66705,6.40,1.60
2007.10.08 12:33:04.274,1.667,1.66705,8.00,0.80
2007.10.08 12:33:04.352,1.667,1.66705,8.00,0.80
2007.10.08 12:33:07.702,1.667,1.6671,8.00,11.90
2007.10.08 12:33:08.190,1.667,1.6671,8.00,19.90
2007.10.08 12:33:08.995,1.667,1.66715,8.00,22.30
2007.10.08 12:33:11.682,1.667,1.66715,8.00,24.70
2007.10.08 12:33:12.016,1.667,1.66715,8.00,32.70
2007.10.08 12:33:12.193,1.667,1.6671,8.00,0.60
2007.10.08 12:33:14.192,1.667,1.6671,8.00,0.90
2007.10.08 12:33:16.157,1.667,1.6671,8.00,0.50
2007.10.08 12:33:17.175,1.667,1.66715,8.00,22.30
2007.10.08 12:33:18.114,1.667,1.6671,8.00,25.80
2007.10.08 12:33:18.205,1.6669,1.667,3.20,0.80
2007.10.08 12:33:18.269,1.6669,1.66705,1.60,27.90
2007.10.08 12:33:18.317,1.6669,1.66705,1.60,36.70
2007.10.08 12:33:18.731,1.6669,1.667,3.20,0.90
2007.10.08 12:33:18.770,1.6669,1.667,1.60,0.60
2007.10.08 12:33:18.841,1.6669,1.66705,1.60,16.70
2007.10.08 12:33:21.771,1.6669,1.66705,1.60,16.70
2007.10.08 12:33:21.866,1.6669,1.66705,1.60,24.70
2007.10.08 12:33:22.201,1.6669,1.66705,1.60,28.70
2007.10.08 12:33:22.270,1.6668,1.667,18.90,0.60
2007.10.08 12:33:22.307,1.6668,1.66705,18.30,30.30
2007.10.08 12:33:22.677,1.6668,1.667,18.30,0.60
2007.10.08 12:33:22.713,1.6668,1.66705,18.90,36.70
2007.10.08 12:33:22.925,1.6668,1.66705,26.90,36.70
2007.10.08 12:33:23.194,1.6668,1.667,26.90,0.90
2007.10.08 12:33:23.289,1.6668,1.66705,18.90,38.30
2007.10.08 12:33:24.123,1.6668,1.66705,26.90,30.30
2007.10.08 12:33:24.225,1.6668,1.66705,26.90,28.70
2007.10.08 12:33:24.961,1.6668,1.66705,28.50,28.70
2007.10.08 12:33:25.205,1.6668,1.66705,36.50,16.70
2007.10.08 12:33:25.262,1.6669,1.6671,1.60,72.70
2007.10.08 12:33:25.289,1.6669,1.6671,1.60,64.60
2007.10.08 12:33:26.630,1.6669,1.667,1.60,0.90
2007.10.08 12:33:26.691,1.6668,1.667,47.70,0.60
2007.10.08 12:33:26.743,1.6668,1.66705,39.70,19.90
2007.10.08 12:33:26.967,1.6668,1.667,26.90,0.60
2007.10.08 12:33:29.784,1.6668,1.66705,26.90,29.50
2007.10.08 12:33:30.175,1.6668,1.667,26.90,0.50
2007.10.08 12:33:30.208,1.6669,1.6671,1.60,72.70
2007.10.08 12:33:30.265,1.6669,1.667,1.60,0.80
2007.10.08 12:33:30.370,1.6669,1.6671,1.60,72.60
2007.10.08 12:33:30.552,1.6669,1.6671,1.60,56.60
2007.10.08 12:33:31.203,1.6669,1.667,4.00,0.70
2007.10.08 12:33:31.819,1.6669,1.6671,12.00,54.20
2007.10.08 12:33:32.136,1.6669,1.6671,16.00,55.80
2007.10.08 12:33:32.246,1.6669,1.66705,16.00,11.10
2007.10.08 12:33:32.866,1.6669,1.667,16.00,0.60
2007.10.08 12:33:33.416,1.6669,1.667,4.00,0.50
2007.10.08 12:33:33.526,1.6669,1.667,1.60,0.70
2007.10.08 12:33:34.246,1.6669,1.667,4.00,0.50
2007.10.08 12:33:34.728,1.6669,1.66705,2.40,7.10
2007.10.08 12:33:34.769,1.6668,1.66705,30.90,3.20
2007.10.08 12:33:34.986,1.6668,1.66705,26.90,18.40
2007.10.08 12:33:35.289,1.6669,1.667,3.90,0.50
2007.10.08 12:33:35.469,1.6669,1.6671,3.90,44.70
2007.10.08 12:33:35.554,1.6669,1.6671,3.90,0.80
2007.10.08 12:33:35.760,1.6668,1.6671,40.50,0.70
2007.10.08 12:33:35.887,1.6668,1.6671,28.50,43.10
2007.10.08 12:33:35.977,1.6668,1.66715,36.50,52.70
2007.10.08 12:33:36.084,1.6668,1.6671,28.50,51.10
2007.10.08 12:33:36.178,1.6668,1.667,36.50,0.60
2007.10.08 12:33:36.910,1.6668,1.667,28.50,0.60
2007.10.08 12:33:39.515,1.6668,1.667,28.50,10.40
2007.10.08 12:33:40.129,1.6668,1.667,27.90,10.40
2007.10.08 12:33:40.253,1.6668,1.667,19.90,26.30
2007.10.08 12:33:40.752,1.6668,1.667,18.30,26.30
2007.10.08 12:33:42.729,1.6668,1.667,18.30,27.90
2007.10.08 12:33:43.848,1.6668,1.667,18.30,28.70
2007.10.08 12:33:43.866,1.6668,1.667,18.30,29.50
2007.10.08 12:33:44.491,1.6668,1.667,18.30,33.50
2007.10.08 12:33:45.217,1.6668,1.667,18.30,41.50
2007.10.08 12:33:45.943,1.6668,1.667,18.30,37.50
2007.10.08 12:33:46.255,1.6668,1.667,18.30,29.50
2007.10.08 12:33:52.156,1.6668,1.667,18.30,30.10
2007.10.08 12:33:52.171,1.6668,1.667,16.70,30.10
2007.10.08 12:33:52.268,1.6668,1.667,16.70,38.10
2007.10.08 12:33:52.283,1.6668,1.66695,16.70,0.80
2007.10.08 12:33:52.381,1.6668,1.66695,16.70,1.60
2007.10.08 12:33:52.475,1.6668,1.6669,16.70,2.40
2007.10.08 12:34:05.133,1.6668,1.6669,12.70,11.20
2007.10.08 12:34:05.148,1.6668,1.6669,10.30,13.60
2007.10.08 12:34:05.229,1.6667,1.6668,29.60,10.30
2007.10.08 12:34:05.255,1.6667,1.6668,29.60,11.90
2007.10.08 12:34:05.347,1.6667,1.6668,17.60,11.90
2007.10.08 12:34:05.444,1.6667,1.6668,9.60,11.90
2007.10.08 12:34:05.645,1.6668,1.66685,2.40,0.80
2007.10.08 12:34:05.765,1.6668,1.66685,2.40,1.60
2007.10.08 12:34:05.867,1.6668,1.66685,2.40,0.80
2007.10.08 12:34:05.898,1.6668,1.6669,2.40,19.90
2007.10.08 12:34:06.292,1.6668,1.6669,6.40,7.90
2007.10.08 12:34:06.384,1.6668,1.6669,6.40,6.30
2007.10.08 12:34:06.686,1.6668,1.6669,2.40,6.30
2007.10.08 12:34:06.788,1.6668,1.6669,2.40,2.40
2007.10.08 12:34:06.892,1.6668,1.6669,2.40,10.40
2007.10.08 12:34:06.989,1.6667,1.6669,27.90,10.40
2007.10.08 12:34:08.187,1.6667,1.6669,23.90,14.40
2007.10.08 12:34:08.240,1.6667,1.6669,15.90,30.30
2007.10.08 12:34:08.248,1.6667,1.6669,15.90,31.90
2007.10.08 12:34:08.440,1.6667,1.6669,15.90,39.90
2007.10.08 12:34:08.771,1.6667,1.6669,14.30,39.90
2007.10.08 12:34:10.484,1.6667,1.6669,14.30,47.90
2007.10.08 12:34:10.708,1.6667,1.6668,12.70,1.60
2007.10.08 12:34:10.729,1.6667,1.6668,8.80,5.50
2007.10.08 12:34:11.048,1.6667,1.6668,8.80,7.90
2007.10.08 12:34:11.259,1.6667,1.6668,12.70,4.00
2007.10.08 12:34:11.608,1.6667,1.6668,10.30,4.00
2007.10.08 12:34:11.763,1.6667,1.6668,6.40,7.90
2007.10.08 12:34:12.171,1.6667,1.6668,6.40,23.90
2007.10.08 12:34:12.267,1.6667,1.6668,6.40,19.90
2007.10.08 12:34:12.464,1.6667,1.6668,6.40,11.90
2007.10.08 12:34:13.943,1.6667,1.6668,6.40,19.90
2007.10.08 12:34:15.276,1.6667,1.6668,6.40,11.90
2007.10.08 12:34:19.431,1.6667,1.6668,6.40,19.90
2007.10.08 12:34:20.784,1.6667,1.6668,8.00,19.90
2007.10.08 12:34:20.973,1.6667,1.6668,12.00,19.90
2007.10.08 12:34:21.083,1.6667,1.6668,12.80,11.90
2007.10.08 12:34:21.192,1.6667,1.6668,8.00,7.90
2007.10.08 12:34:21.208,1.6667,1.6668,8.80,7.90
2007.10.08 12:34:22.116,1.6667,1.6668,6.40,7.90
2007.10.08 12:34:22.751,1.6667,1.6668,6.40,15.90
2007.10.08 12:34:22.963,1.6667,1.6668,6.40,23.90
2007.10.08 12:34:23.166,1.6667,1.6668,6.40,19.90
2007.10.08 12:34:23.369,1.6667,1.6668,6.40,11.90
2007.10.08 12:34:28.723,1.6667,1.6668,8.00,11.90
2007.10.08 12:34:29.112,1.6667,1.6668,10.40,11.90
2007.10.08 12:34:29.187,1.6667,1.6668,10.40,7.90
2007.10.08 12:34:29.221,1.6667,1.6668,10.40,6.30
2007.10.08 12:34:29.309,1.6667,1.6668,14.30,2.40
2007.10.08 12:34:31.144,1.6667,1.6669,14.30,42.10
2007.10.08 12:34:35.399,1.6667,1.6669,14.30,34.10
2007.10.08 12:34:36.236,1.6667,1.6669,14.30,42.10
2007.10.08 12:34:39.143,1.6667,1.6669,14.30,41.50
2007.10.08 12:34:44.131,1.6667,1.6669,11.90,43.90
2007.10.08 12:34:49.140,1.6667,1.6669,14.30,43.90
2007.10.08 12:34:49.248,1.6667,1.6669,14.30,41.50
2007.10.08 12:34:51.725,1.6667,1.6669,11.90,43.90
2007.10.08 12:34:55.443,1.6667,1.6669,11.90,0.60
2007.10.08 12:34:58.209,1.6667,1.6669,11.90,43.90
2007.10.08 12:34:58.334,1.6667,1.66685,8.00,4.70
2007.10.08 12:34:58.636,1.6667,1.6668,8.00,0.90
2007.10.08 12:34:58.725,1.6667,1.6668,6.40,0.50
2007.10.08 12:34:59.798,1.6667,1.6668,6.40,0.60
2007.10.08 12:34:59.878,1.6667,1.6668,6.40,0.70
2007.10.08 12:35:00.207,1.6667,1.6668,6.40,0.70
2007.10.08 12:35:00.665,1.6667,1.66685,8.00,32.70
2007.10.08 12:35:01.167,1.6667,1.66685,8.00,30.30
2007.10.08 12:35:01.229,1.6667,1.66685,8.00,14.30
2007.10.08 12:35:04.173,1.6667,1.6668,6.40,0.90
2007.10.08 12:35:04.237,1.6667,1.66685,6.40,22.30
2007.10.08 12:35:04.695,1.6667,1.66685,8.00,22.30
2007.10.08 12:35:04.864,1.6667,1.66685,8.00,14.30
2007.10.08 12:35:06.343,1.6667,1.6668,8.00,0.80
2007.10.08 12:35:08.188,1.6667,1.66685,6.40,22.30
2007.10.08 12:35:08.904,1.6667,1.66685,6.40,30.30
2007.10.08 12:35:09.097,1.6667,1.66685,6.40,22.30
2007.10.08 12:35:10.153,1.6667,1.66685,6.40,30.30
2007.10.08 12:35:10.172,1.6667,1.66685,6.40,32.70
2007.10.08 12:35:10.281,1.6667,1.6668,6.40,0.90
2007.10.08 12:35:11.397,1.6667,1.66685,6.40,22.30
2007.10.08 12:35:15.183,1.6667,1.66685,6.40,30.30
2007.10.08 12:35:17.216,1.6667,1.6668,6.40,0.60
2007.10.08 12:35:17.259,1.6667,1.66685,6.40,42.30
2007.10.08 12:35:17.493,1.6667,1.66685,6.40,50.30
2007.10.08 12:35:17.645,1.6666,1.66685,15.90,50.30
2007.10.08 12:35:17.856,1.6666,1.6668,14.30,0.50
2007.10.08 12:35:18.988,1.6666,1.66685,14.30,42.30
2007.10.08 12:35:19.613,1.6666,1.66685,18.30,42.30
2007.10.08 12:35:24.123,1.6666,1.6668,18.30,32.70
2007.10.08 12:35:24.604,1.6666,1.6668,18.30,31.90
2007.10.08 12:35:27.683,1.6667,1.6668,19.10,12.00
2007.10.08 12:35:27.761,1.66675,1.6668,0.80,10.40
2007.10.08 12:35:28.014,1.66675,1.6669,0.80,22.10
2007.10.08 12:35:28.116,1.66675,1.6669,0.80,21.50
2007.10.08 12:35:28.217,1.6668,1.6669,4.00,21.50
2007.10.08 12:35:28.741,1.6668,1.6669,4.00,27.90
2007.10.08 12:35:30.208,1.6668,1.6669,6.40,27.90
2007.10.08 12:35:30.612,1.6668,1.6669,6.40,19.90
2007.10.08 12:35:32.264,1.6668,1.6669,6.40,27.90
2007.10.08 12:35:32.384,1.6668,1.6669,2.40,31.90
2007.10.08 12:35:32.405,1.6668,1.6669,2.40,27.90
2007.10.08 12:35:32.771,1.6668,1.6669,2.40,32.70
2007.10.08 12:35:33.234,1.6668,1.6669,2.40,33.50
2007.10.08 12:35:38.789,1.6668,1.6669,6.40,33.50
2007.10.08 12:35:38.834,1.6668,1.6669,6.40,32.70
2007.10.08 12:35:39.016,1.6668,1.6669,6.40,28.70
2007.10.08 12:35:39.296,1.6668,1.6669,6.40,27.90
2007.10.08 12:35:39.321,1.6668,1.6669,6.40,19.90
2007.10.08 12:35:46.643,1.6668,1.66695,6.40,22.30
2007.10.08 12:35:47.096,1.6668,1.66695,6.40,14.30
2007.10.08 12:35:56.303,1.6668,1.66695,6.40,22.30
2007.10.08 12:36:18.735,1.6668,1.6669,8.00,19.90
2007.10.08 12:36:23.605,1.6668,1.6669,4.10,19.90
2007.10.08 12:36:29.188,1.66675,1.6669,8.80,11.90
2007.10.08 12:36:30.758,1.66675,1.6669,12.70,8.00
2007.10.08 12:36:31.185,1.66675,1.6669,12.70,4.00
2007.10.08 12:36:31.208,1.66675,1.6669,12.70,2.40
2007.10.08 12:36:35.187,1.66675,1.6669,8.80,3.90
2007.10.08 12:36:35.679,1.66675,1.6669,8.80,5.50
2007.10.08 12:36:35.731,1.6668,1.6669,0.90,7.90
2007.10.08 12:36:36.244,1.6668,1.6669,2.40,11.90
2007.10.08 12:37:06.191,1.6668,1.6669,11.20,11.90
2007.10.08 12:37:06.332,1.66685,1.6669,0.80,6.30
2007.10.08 12:37:09.234,1.6669,1.667,6.40,22.30
2007.10.08 12:37:09.353,1.6669,1.667,6.40,20.70
2007.10.08 12:37:09.367,1.6669,1.667,6.40,19.90
2007.10.08 12:37:09.421,1.6669,1.667,6.40,20.70
2007.10.08 12:37:09.718,1.6669,1.667,6.40,19.90
2007.10.08 12:37:09.736,1.6669,1.667,6.40,35.90
2007.10.08 12:37:10.147,1.66685,1.667,0.80,39.90
2007.10.08 12:37:10.291,1.6668,1.667,15.90,39.90
2007.10.08 12:37:10.875,1.6668,1.667,14.30,39.90
2007.10.08 12:37:11.426,1.6668,1.667,14.30,41.50
2007.10.08 12:37:34.260,1.6668,1.667,14.30,42.30
2007.10.08 12:37:34.315,1.6668,1.667,14.30,43.10
2007.10.08 12:37:34.604,1.6668,1.667,14.30,43.90
2007.10.08 12:37:34.657,1.6668,1.667,12.70,43.10
2007.10.08 12:37:34.778,1.6668,1.66695,12.70,0.80
2007.10.08 12:37:35.424,1.6668,1.66695,12.70,1.60
2007.10.08 12:37:35.447,1.6668,1.6669,12.70,2.40
2007.10.08 12:37:36.221,1.6668,1.6669,11.90,4.00
2007.10.08 12:37:36.273,1.6668,1.6669,8.00,11.90
2007.10.08 12:37:36.487,1.6668,1.6669,8.00,19.90
2007.10.08 12:37:37.099,1.6668,1.6669,8.00,11.90
2007.10.08 12:37:37.842,1.6668,1.6669,16.00,11.90
2007.10.08 12:37:38.715,1.6668,1.6669,14.40,11.90
2007.10.08 12:37:39.179,1.6668,1.6669,6.40,11.90
2007.10.08 12:37:42.218,1.6668,1.6669,8.00,11.90
2007.10.08 12:37:46.191,1.6668,1.6669,8.80,10.30
2007.10.08 12:37:46.338,1.6668,1.6669,16.70,2.40
2007.10.08 12:37:49.915,1.6668,1.6669,14.30,2.40
2007.10.08 12:37:53.696,1.6668,1.6669,15.90,2.40
2007.10.08 12:37:54.095,1.6668,1.6669,18.30,2.40
2007.10.08 12:38:01.136,1.6668,1.6669,18.30,0.70
2007.10.08 12:38:02.250,1.6668,1.6669,16.70,0.70
2007.10.08 12:38:02.672,1.6668,1.6669,14.30,0.60
2007.10.08 12:38:06.168,1.6668,1.66695,10.30,4.00
2007.10.08 12:38:06.247,1.6668,1.66695,10.30,6.40
2007.10.08 12:38:06.266,1.6668,1.6669,6.40,0.70
2007.10.08 12:38:06.361,1.6668,1.66695,6.40,22.30
2007.10.08 12:38:07.208,1.6668,1.66695,6.40,14.30
2007.10.08 12:38:18.710,1.6668,1.66695,8.00,14.30
2007.10.08 12:38:19.879,1.6668,1.66695,18.30,3.20
2007.10.08 12:38:23.133,1.6668,1.66695,15.90,3.20
2007.10.08 12:38:23.162,1.6668,1.66695,11.90,7.20
2007.10.08 12:38:23.242,1.6668,1.66695,11.90,8.80
2007.10.08 12:38:23.267,1.6668,1.6669,8.00,0.60
2007.10.08 12:38:37.124,1.6668,1.6669,12.80,7.90
2007.10.08 12:38:37.160,1.6668,1.6669,15.20,7.90
2007.10.08 12:38:37.254,1.6668,1.6669,27.10,4.00
2007.10.08 12:38:37.659,1.6669,1.66695,6.40,0.80
2007.10.08 12:38:37.773,1.6669,1.667,6.40,29.50
2007.10.08 12:38:37.871,1.6669,1.667,6.40,13.50
2007.10.08 12:38:39.758,1.6669,1.667,8.00,13.50
2007.10.08 12:38:40.273,1.6669,1.667,8.00,11.90
2007.10.08 12:38:40.461,1.6669,1.667,16.00,11.90
2007.10.08 12:38:40.689,1.6669,1.667,16.00,13.50
2007.10.08 12:38:43.434,1.6669,1.667,16.00,12.70
2007.10.08 12:38:43.801,1.6669,1.667,16.00,11.90
2007.10.08 12:38:43.878,1.6669,1.667,8.00,11.90
2007.10.08 12:38:49.697,1.6669,1.667,8.00,10.30
2007.10.08 12:38:50.003,1.6669,1.667,16.00,10.30
2007.10.08 12:38:51.682,1.6669,1.667,16.00,11.90
2007.10.08 12:38:51.856,1.6669,1.667,8.00,11.90
2007.10.08 12:38:53.429,1.6669,1.667,16.00,11.90
2007.10.08 12:38:53.938,1.6669,1.667,8.00,11.90
2007.10.08 12:38:55.675,1.6669,1.667,6.40,11.90
2007.10.08 12:39:02.658,1.6669,1.667,8.00,11.90
2007.10.08 12:39:05.757,1.6669,1.667,6.40,11.90
2007.10.08 12:39:06.688,1.6669,1.667,8.00,11.90
2007.10.08 12:39:06.784,1.6669,1.667,8.00,10.30
2007.10.08 12:39:06.912,1.6669,1.667,16.00,10.30
2007.10.08 12:39:08.252,1.6669,1.667,14.40,10.30
2007.10.08 12:39:08.265,1.6669,1.667,6.40,10.30
2007.10.08 12:39:08.325,1.6669,1.667,6.40,11.90
2007.10.08 12:39:10.263,1.6669,1.667,14.40,11.90
2007.10.08 12:39:11.227,1.6669,1.667,16.00,11.90
2007.10.08 12:39:11.743,1.6669,1.667,16.00,10.30
2007.10.08 12:39:12.193,1.6669,1.667,9.60,18.30
2007.10.08 12:39:12.257,1.6669,1.667,8.00,19.10
2007.10.08 12:39:12.405,1.6668,1.667,14.10,27.10
2007.10.08 12:39:12.608,1.6669,1.667,2.40,27.10
2007.10.08 12:39:12.628,1.6669,1.667,2.40,27.90
2007.10.08 12:39:12.915,1.6668,1.667,12.50,27.90
2007.10.08 12:39:13.172,1.6668,1.667,14.90,27.90
2007.10.08 12:39:13.231,1.6668,1.667,18.90,27.90
2007.10.08 12:39:13.700,1.6668,1.667,18.90,29.50
2007.10.08 12:39:13.748,1.6668,1.667,18.30,29.50
2007.10.08 12:39:14.166,1.6668,1.667,14.30,29.50
2007.10.08 12:39:14.201,1.6668,1.667,10.30,31.90
2007.10.08 12:39:14.277,1.6668,1.667,2.40,43.90
2007.10.08 12:39:14.605,1.6668,1.667,2.40,41.50
2007.10.08 12:39:14.702,1.6669,1.667,2.40,25.50
2007.10.08 12:39:14.797,1.6669,1.667,2.40,21.50
2007.10.08 12:39:14.818,1.6669,1.667,4.00,21.50
2007.10.08 12:39:14.901,1.6669,1.667,4.00,13.50
2007.10.08 12:39:15.201,1.6669,1.667,8.00,13.50
2007.10.08 12:39:16.302,1.6669,1.667,6.40,13.50
2007.10.08 12:39:17.194,1.6669,1.667,8.00,13.50
2007.10.08 12:39:17.304,1.6669,1.667,8.00,12.70
2007.10.08 12:39:17.405,1.6669,1.66705,8.00,14.30
2007.10.08 12:39:17.671,1.6669,1.66705,8.00,14.30
2007.10.08 12:39:17.712,1.6669,1.667,6.40,0.80
2007.10.08 12:39:19.244,1.6669,1.667,8.00,11.90
2007.10.08 12:39:19.755,1.6669,1.667,6.40,11.90
2007.10.08 12:39:20.704,1.6669,1.667,2.40,11.90
2007.10.08 12:39:21.265,1.6669,1.667,6.40,11.90
2007.10.08 12:39:26.743,1.6669,1.667,6.40,10.30
2007.10.08 12:39:26.818,1.6669,1.667,10.30,2.40
2007.10.08 12:39:27.363,1.6669,1.667,11.90,2.40
2007.10.08 12:39:27.785,1.6669,1.667,10.30,2.40
2007.10.08 12:39:28.711,1.6669,1.667,10.30,4.00
2007.10.08 12:39:28.779,1.6669,1.667,6.40,7.90
2007.10.08 12:39:29.196,1.6669,1.667,6.40,11.90
2007.10.08 12:39:32.202,1.6669,1.667,14.40,11.90
2007.10.08 12:39:36.222,1.6669,1.667,16.00,11.90
2007.10.08 12:39:38.307,1.6669,1.667,14.40,11.90
2007.10.08 12:39:38.445,1.6669,1.667,6.40,11.90
2007.10.08 12:39:40.344,1.6669,1.667,14.40,11.90
2007.10.08 12:39:40.603,1.6669,1.667,14.40,0.90
2007.10.08 12:39:40.730,1.6669,1.66705,10.40,14.30
2007.10.08 12:39:40.758,1.6669,1.667,10.40,0.80
2007.10.08 12:39:40.936,1.6669,1.66705,2.40,14.30
2007.10.08 12:39:40.957,1.6669,1.667,2.40,0.70
2007.10.08 12:39:43.208,1.6669,1.66705,6.40,14.30
2007.10.08 12:39:43.739,1.6669,1.66705,8.00,14.30
2007.10.08 12:39:45.778,1.6669,1.66705,6.40,14.30
2007.10.08 12:39:45.805,1.6669,1.667,2.40,0.50
2007.10.08 12:39:45.878,1.6669,1.66705,2.40,14.30
2007.10.08 12:39:46.353,1.6669,1.66705,2.40,14.30
2007.10.08 12:39:48.302,1.6669,1.66705,6.40,14.30
2007.10.08 12:40:01.666,1.6669,1.66705,2.40,14.30
2007.10.08 12:40:01.815,1.6669,1.66705,2.40,14.30
2007.10.08 12:40:01.969,1.6669,1.66705,2.40,14.30
2007.10.08 12:40:02.237,1.6669,1.667,4.00,0.70
2007.10.08 12:40:02.291,1.6669,1.667,8.00,0.70
2007.10.08 12:40:04.792,1.6669,1.66705,4.00,14.30
2007.10.08 12:40:04.811,1.6669,1.66705,2.40,14.30
2007.10.08 12:40:05.195,1.6669,1.66705,2.40,22.30
2007.10.08 12:40:09.433,1.6669,1.66705,2.40,14.30
2007.10.08 12:40:09.640,1.6669,1.667,6.40,0.70
2007.10.08 12:40:09.746,1.6669,1.667,8.00,0.80
2007.10.08 12:40:09.829,1.6669,1.66705,8.00,14.30
2007.10.08 12:40:09.960,1.6669,1.667,8.00,0.50
2007.10.08 12:40:10.263,1.6669,1.667,8.00,19.90
2007.10.08 12:40:11.708,1.6669,1.667,6.40,19.90
2007.10.08 12:40:11.735,1.6669,1.667,2.40,19.90
2007.10.08 12:40:11.963,1.6669,1.667,2.40,11.90
2007.10.08 12:40:12.255,1.6669,1.667,2.40,19.90
2007.10.08 12:40:15.691,1.6669,1.667,2.40,20.70
2007.10.08 12:40:15.843,1.6669,1.667,2.40,21.50
2007.10.08 12:40:18.180,1.6668,1.667,55.90,21.50
2007.10.08 12:40:18.271,1.6668,1.667,35.90,33.50
2007.10.08 12:40:18.379,1.6668,1.667,27.90,41.50
2007.10.08 12:40:18.796,1.6668,1.667,26.30,41.50
2007.10.08 12:40:21.165,1.6668,1.66695,26.30,0.80
2007.10.08 12:40:21.543,1.6668,1.66695,26.30,1.60
2007.10.08 12:40:21.579,1.6668,1.6669,26.30,2.40
2007.10.08 12:40:52.475,1.6668,1.6669,18.30,2.40
2007.10.08 12:40:52.575,1.6668,1.667,18.30,28.70
2007.10.08 12:40:52.811,1.6668,1.667,18.30,29.50
2007.10.08 12:40:53.922,1.6668,1.667,26.30,37.50
2007.10.08 12:40:57.375,1.6668,1.66695,26.30,0.80
2007.10.08 12:40:57.478,1.6668,1.66695,18.30,0.80
2007.10.08 12:40:57.696,1.6668,1.66695,18.30,1.60
2007.10.08 12:40:57.755,1.6668,1.6669,18.30,2.40
2007.10.08 12:41:00.357,1.66675,1.6669,19.10,2.40
2007.10.08 12:41:26.559,1.6668,1.6669,26.30,2.40
2007.10.08 12:41:29.047,1.6668,1.6669,18.30,2.40
2007.10.08 12:41:29.703,1.6668,1.6669,14.30,4.00
2007.10.08 12:41:29.798,1.6668,1.6669,2.40,7.90
2007.10.08 12:41:29.808,1.6668,1.6669,2.40,8.70
2007.10.08 12:41:30.222,1.6668,1.6669,2.40,12.70
2007.10.08 12:41:30.289,1.6668,1.6669,2.40,13.50
2007.10.08 12:41:31.693,1.6668,1.6669,4.00,13.50
2007.10.08 12:41:31.781,1.6668,1.6669,8.00,13.50
2007.10.08 12:41:31.994,1.6668,1.6669,16.00,13.50
2007.10.08 12:41:32.194,1.6668,1.6669,1.60,21.50
2007.10.08 12:41:32.301,1.6667,1.6669,28.50,29.50
2007.10.08 12:41:32.387,1.6667,1.6669,28.50,37.50
2007.10.08 12:41:32.800,1.6667,1.6669,26.90,37.50
2007.10.08 12:41:33.107,1.6667,1.6669,26.30,37.50
2007.10.08 12:41:33.412,1.6667,1.6669,26.30,29.50
2007.10.08 12:41:37.167,1.6667,1.6668,26.30,2.40
2007.10.08 12:41:40.259,1.6667,1.6668,18.30,2.40
2007.10.08 12:41:42.022,1.6667,1.6668,22.30,2.40
2007.10.08 12:41:42.221,1.6668,1.6669,4.00,27.10
2007.10.08 12:41:42.226,1.6668,1.6669,6.40,13.50
2007.10.08 12:41:42.338,1.6668,1.6669,6.40,12.70
2007.10.08 12:41:42.409,1.6668,1.6669,6.40,11.90
2007.10.08 12:41:42.645,1.6668,1.6669,6.40,7.90
2007.10.08 12:41:42.756,1.6668,1.6669,10.30,4.00
2007.10.08 12:41:42.764,1.6668,1.6669,12.70,2.40
2007.10.08 12:41:46.707,1.6668,1.6669,14.30,2.40
2007.10.08 12:41:48.647,1.6668,1.66695,14.30,4.00
2007.10.08 12:41:57.548,1.6668,1.66705,14.30,34.30
2007.10.08 12:41:58.174,1.6668,1.66705,22.30,42.30
2007.10.08 12:42:03.252,1.6668,1.66695,19.90,5.60
2007.10.08 12:42:03.368,1.6668,1.66695,16.00,11.90
2007.10.08 12:42:03.470,1.6668,1.66695,8.00,11.90
2007.10.08 12:42:09.877,1.6668,1.66695,16.00,12.70
2007.10.08 12:42:18.139,1.6668,1.6669,18.40,10.30
2007.10.08 12:42:18.177,1.6668,1.6669,26.30,2.40
2007.10.08 12:42:18.304,1.6668,1.6669,34.30,2.40
2007.10.08 12:42:18.388,1.6668,1.6669,18.30,2.40
2007.10.08 12:42:18.495,1.6668,1.667,18.30,28.70
2007.10.08 12:42:18.590,1.6668,1.667,26.30,20.70
2007.10.08 12:42:18.634,1.6668,1.667,26.30,21.50
2007.10.08 12:42:18.703,1.6668,1.6669,26.30,2.40
2007.10.08 12:42:19.010,1.6668,1.667,26.30,21.50
2007.10.08 12:42:19.178,1.6668,1.667,18.30,21.50
2007.10.08 12:42:19.625,1.6668,1.667,18.30,29.50
2007.10.08 12:42:22.789,1.6668,1.667,16.70,29.50
2007.10.08 12:42:28.130,1.6668,1.667,24.70,37.50
2007.10.08 12:42:28.141,1.6668,1.667,3.90,37.50
2007.10.08 12:42:28.457,1.66675,1.667,17.50,37.50
2007.10.08 12:42:36.052,1.66675,1.667,17.50,36.70
2007.10.08 12:42:36.145,1.6668,1.667,2.90,36.70
2007.10.08 12:42:36.437,1.66675,1.667,19.10,35.90
2007.10.08 12:42:37.053,1.66675,1.667,27.10,35.90
2007.10.08 12:42:37.875,1.66675,1.667,27.10,19.90
2007.10.08 12:42:37.980,1.66675,1.667,19.10,27.90
2007.10.08 12:42:38.214,1.6668,1.667,0.60,26.30
2007.10.08 12:42:38.503,1.66675,1.667,27.10,18.30
2007.10.08 12:42:38.913,1.66675,1.667,31.10,18.30
2007.10.08 12:42:39.235,1.66675,1.667,39.10,18.30
2007.10.08 12:42:41.319,1.6668,1.667,47.10,6.30
2007.10.08 12:42:42.239,1.66685,1.667,7.20,10.30
2007.10.08 12:42:42.329,1.66685,1.667,7.20,11.90
2007.10.08 12:42:43.656,1.6669,1.667,1.80,11.90
2007.10.08 12:42:43.728,1.6669,1.667,7.30,4.00
2007.10.08 12:42:43.883,1.66685,1.667,27.90,4.00
2007.10.08 12:42:44.164,1.66685,1.667,25.50,4.00
2007.10.08 12:42:44.208,1.66685,1.667,12.70,8.00
2007.10.08 12:42:44.711,1.6669,1.667,3.30,11.90
2007.10.08 12:42:47.093,1.6669,1.667,2.60,7.90
2007.10.08 12:42:47.620,1.6669,1.667,3.30,11.90
2007.10.08 12:43:17.092,1.66634,1.66649,11.20,69.10
2007.10.08 12:43:17.233,1.66639,1.66649,0.80,36.40
2007.10.08 12:43:17.615,1.66638,1.66653,0.80,36.40
2007.10.08 12:43:17.641,1.66642,1.66652,8.00,73.90
2007.10.08 12:43:17.751,1.66643,1.66653,20.00,0.80
2007.10.08 12:43:17.963,1.66636,1.66661,2.40,0.60
2007.10.08 12:43:18.078,1.66641,1.66661,19.10,0.90
2007.10.08 12:43:18.173,1.66643,1.66663,11.20,69.10
2007.10.08 12:43:18.243,1.66647,1.66667,2.40,27.90
2007.10.08 12:43:20.939,1.66648,1.66673,8.00,18.00
2007.10.08 12:43:21.070,1.66649,1.66674,8.00,73.90
2007.10.08 12:43:21.093,1.66651,1.66676,20.00,0.80
2007.10.08 12:43:21.150,1.66654,1.66674,19.10,0.90
2007.10.08 12:43:22.648,1.66657,1.66667,8.00,55.80
2007.10.08 12:43:23.975,1.6665,1.6666,2.40,27.90
2007.10.08 12:43:24.199,1.66641,1.66651,31.10,52.40
2007.10.08 12:43:24.211,1.6663,1.6664,2.40,14.30
2007.10.08 12:43:24.300,1.66626,1.66636,2.40,0.60
2007.10.08 12:43:25.408,1.66624,1.66644,27.10,44.40
2007.10.08 12:43:26.033,1.66633,1.66643,19.10,0.90
2007.10.08 12:43:26.150,1.66638,1.66648,19.20,61.40
2007.10.08 12:43:26.168,1.6664,1.6665,8.00,0.90
2007.10.08 12:43:26.241,1.66644,1.66654,19.10,36.40
2007.10.08 12:43:31.669,1.66649,1.66659,9.60,77.10
2007.10.08 12:43:31.809,1.66648,1.66668,20.70,86.80
2007.10.08 12:43:32.690,1.6665,1.6667,0.80,36.40
2007.10.08 12:43:33.310,1.66652,1.66672,8.00,18.00
2007.10.08 12:43:33.509,1.66653,1.66673,20.70,86.80
2007.10.08 12:43:33.727,1.66651,1.66671,11.20,69.10
2007.10.08 12:43:33.766,1.66647,1.66672,8.80,77.10
2007.10.08 12:43:36.738,1.66646,1.66666,31.10,52.40
2007.10.08 12:43:36.931,1.66641,1.66666,2.40,0.60
2007.10.08 12:43:37.134,1.66637,1.66667,2.40,14.30
2007.10.08 12:43:37.330,1.66639,1.66664,19.10,26.80
2007.10.08 12:43:37.354,1.66638,1.66668,16.00,0.50
2007.10.08 12:43:37.554,1.66639,1.66669,29.50,46.00
2007.10.08 12:43:37.645,1.6664,1.6667,0.80,36.40
2007.10.08 12:43:37.688,1.66651,1.66661,11.20,69.10
2007.10.08 12:43:37.766,1.66652,1.66662,19.10,0.70
2007.10.08 12:43:40.039,1.66655,1.66665,8.00,73.90
2007.10.08 12:43:41.502,1.66656,1.66666,19.10,0.70
2007.10.08 12:43:42.016,1.66657,1.66667,16.00,0.70
2007.10.08 12:43:42.533,1.66659,1.66669,8.00,18.00
2007.10.08 12:43:43.169,1.66658,1.66678,29.50,46.00
2007.10.08 12:43:44.193,1.66665,1.66675,19.10,0.70
2007.10.08 12:43:44.425,1.66662,1.66682,11.20,69.10
2007.10.08 12:43:53.642,1.66668,1.66678,2.40,2.40
2007.10.08 12:43:54.059,1.66666,1.66686,9.60,77.10
2007.10.08 12:43:54.157,1.6667,1.6669,16.00,0.50
2007.10.08 12:43:54.586,1.66678,1.66688,8.00,18.00
2007.10.08 12:43:54.683,1.66682,1.66692,11.20,69.10
2007.10.08 12:44:57.122,1.6669,1.667,6.40,10.30
2007.10.08 12:44:57.791,1.6669,1.667,6.40,6.30
2007.10.08 12:44:57.840,1.6669,1.667,7.20,6.30
2007.10.08 12:44:58.317,1.6669,1.667,8.00,6.30
2007.10.08 12:44:59.388,1.6669,1.667,16.00,6.30
2007.10.08 12:44:59.717,1.6669,1.667,16.00,10.30
2007.10.08 12:45:00.253,1.6669,1.667,8.00,10.30
2007.10.08 12:45:01.757,1.6669,1.667,8.00,11.90
2007.10.08 12:45:02.268,1.6669,1.667,8.00,10.30
2007.10.08 12:45:02.698,1.6669,1.667,8.00,11.90
2007.10.08 12:45:02.796,1.6669,1.667,7.20,11.90
2007.10.08 12:45:03.205,1.6669,1.667,7.20,6.30
2007.10.08 12:45:03.226,1.6669,1.667,6.40,6.30
2007.10.08 12:45:03.374,1.6669,1.667,14.40,6.30
2007.10.08 12:45:03.823,1.6669,1.667,14.40,10.30
2007.10.08 12:45:04.452,1.6669,1.667,6.40,10.30
2007.10.08 12:45:05.374,1.6669,1.667,2.00,10.30
2007.10.08 12:45:10.206,1.66685,1.667,16.80,10.30
2007.10.08 12:45:10.280,1.66685,1.667,16.80,11.90
2007.10.08 12:45:11.716,1.66685,1.667,16.80,10.30
2007.10.08 12:45:12.211,1.6669,1.667,1.90,10.30
2007.10.08 12:45:14.204,1.66685,1.667,8.80,11.90
2007.10.08 12:45:16.553,1.66685,1.667,12.70,8.00
2007.10.08 12:45:23.336,1.6669,1.66695,1.80,0.80
2007.10.08 12:45:23.397,1.6669,1.66695,2.70,0.80
2007.10.08 12:45:23.767,1.66675,1.6669,16.70,2.40
2007.10.08 12:45:23.779,1.6668,1.6669,3.00,4.00
2007.10.08 12:45:24.035,1.66675,1.6669,12.70,4.00
2007.10.08 12:45:24.253,1.66675,1.6669,12.70,8.00
2007.10.08 12:45:39.655,1.6668,1.6669,1.60,5.60
2007.10.08 12:45:39.763,1.6667,1.6668,52.50,2.40
2007.10.08 12:45:39.805,1.66675,1.6668,0.80,2.40
2007.10.08 12:45:40.037,1.6667,1.6668,18.40,2.40
2007.10.08 12:45:40.089,1.66665,1.6668,40.70,2.40
2007.10.08 12:45:40.193,1.6667,1.6668,6.80,2.40
2007.10.08 12:45:40.300,1.66665,1.6668,24.70,2.40
2007.10.08 12:45:40.615,1.6667,1.6668,3.60,2.40
2007.10.08 12:45:40.725,1.66665,1.6668,20.70,6.40
2007.10.08 12:45:42.153,1.6667,1.6668,9.70,8.00
2007.10.08 12:45:42.939,1.66665,1.6668,15.10,8.00
2007.10.08 12:45:43.193,1.66665,1.6668,12.70,6.40
2007.10.08 12:45:43.563,1.66665,1.6668,20.70,6.40
2007.10.08 12:45:45.044,1.66665,1.6668,20.70,6.40
2007.10.08 12:45:45.195,1.66665,1.6668,15.10,6.40
2007.10.08 12:45:45.235,1.66665,1.6668,15.10,6.40
2007.10.08 12:45:45.265,1.66665,1.6668,15.10,8.00
2007.10.08 12:45:45.668,1.66665,1.6668,12.70,8.00
2007.10.08 12:45:47.986,1.6667,1.6668,1.30,16.00
2007.10.08 12:45:57.930,1.6667,1.6668,10.30,8.00
2007.10.08 12:45:58.213,1.6667,1.6668,12.70,8.00
2007.10.08 12:45:59.341,1.6667,1.6668,10.30,8.00
2007.10.08 12:46:32.700,1.6667,1.6668,11.90,8.00
2007.10.08 12:46:41.203,1.66665,1.6668,14.30,8.00
2007.10.08 12:46:48.765,1.6667,1.6668,10.30,8.00
2007.10.08 12:46:59.258,1.6667,1.6668,11.90,8.00
2007.10.08 12:47:00.698,1.6667,1.6668,14.30,8.00
2007.10.08 12:47:01.113,1.6667,1.6668,11.90,8.00
2007.10.08 12:47:01.630,1.6667,1.6668,14.30,8.00
2007.10.08 12:47:08.692,1.6667,1.6668,12.70,8.00
2007.10.08 12:47:09.002,1.6667,1.6668,10.30,8.00
2007.10.08 12:47:13.657,1.6667,1.6668,11.90,8.00
2007.10.08 12:47:14.268,1.66665,1.6668,14.30,8.00
2007.10.08 12:48:03.096,1.6667,1.6668,14.30,8.00
2007.10.08 12:48:03.271,1.66675,1.6668,0.80,6.40
2007.10.08 12:48:03.274,1.66675,1.6668,0.80,2.40
2007.10.08 12:48:03.296,1.66675,1.6668,1.60,2.40
2007.10.08 12:48:03.324,1.6668,1.6669,10.30,24.00
2007.10.08 12:48:03.430,1.6668,1.6669,10.30,16.00
2007.10.08 12:48:04.225,1.6668,1.6669,11.90,16.00
2007.10.08 12:48:04.350,1.6668,1.6669,11.90,8.00
2007.10.08 12:48:04.733,1.6668,1.6669,10.30,8.00
2007.10.08 12:48:09.810,1.6668,1.6669,10.30,0.90
2007.10.08 12:48:13.297,1.6668,1.66695,11.90,8.80
2007.10.08 12:48:14.233,1.6668,1.6669,10.30,0.50
2007.10.08 12:48:15.335,1.6668,1.66695,6.30,20.80
2007.10.08 12:48:17.176,1.6668,1.6669,6.30,0.80
2007.10.08 12:48:17.716,1.6668,1.66695,10.30,8.80
2007.10.08 12:48:19.270,1.6668,1.66695,11.90,8.80
2007.10.08 12:48:19.770,1.6668,1.66695,10.30,8.80
2007.10.08 12:48:21.212,1.6668,1.66695,11.90,8.80
2007.10.08 12:48:22.231,1.6668,1.6669,10.30,0.90
2007.10.08 12:48:24.283,1.6668,1.6669,11.90,0.50
2007.10.08 12:48:27.852,1.6668,1.66695,11.90,8.80
2007.10.08 12:48:28.712,1.6668,1.6669,10.30,0.50
2007.10.08 12:48:29.234,1.6668,1.6669,10.30,0.50
2007.10.08 12:48:31.711,1.6668,1.66695,11.90,16.80
2007.10.08 12:48:32.225,1.6668,1.66695,10.30,16.80
2007.10.08 12:48:32.259,1.6668,1.66695,6.30,20.80
2007.10.08 12:48:33.192,1.6668,1.66695,2.40,24.70
2007.10.08 12:48:33.654,1.6668,1.66695,2.40,27.10
2007.10.08 12:48:33.756,1.66675,1.6668,0.80,0.70
2007.10.08 12:48:33.767,1.66675,1.66685,0.80,4.80
2007.10.08 12:48:34.153,1.66675,1.66685,0.80,8.80
2007.10.08 12:48:34.651,1.66675,1.6668,0.80,0.50
2007.10.08 12:48:34.683,1.66675,1.6668,0.80,0.90
2007.10.08 12:48:34.768,1.66675,1.6669,0.80,0.60
2007.10.08 12:48:34.945,1.66675,1.66695,0.80,24.70
2007.10.08 12:48:37.964,1.6667,1.6669,23.90,0.90
2007.10.08 12:48:40.638,1.6667,1.6669,22.30,0.60
2007.10.08 12:48:40.857,1.6667,1.66695,30.30,32.70
2007.10.08 12:48:41.264,1.6667,1.66695,31.90,32.70
2007.10.08 12:48:44.681,1.6667,1.66695,30.30,32.70
2007.10.08 12:48:48.771,1.6667,1.66695,31.90,32.70
2007.10.08 12:48:49.071,1.6667,1.66695,31.90,33.30
2007.10.08 12:48:55.151,1.6667,1.66695,31.90,32.70
2007.10.08 12:48:55.244,1.6668,1.66695,2.40,31.10
2007.10.08 12:48:55.268,1.6668,1.6669,6.30,0.90
2007.10.08 12:48:55.367,1.6668,1.66695,6.30,11.20
2007.10.08 12:48:55.677,1.6668,1.66695,8.70,7.20
2007.10.08 12:48:55.790,1.6668,1.6669,9.50,0.50
2007.10.08 12:48:56.206,1.6668,1.66695,13.50,7.20
2007.10.08 12:49:02.148,1.6668,1.6669,12.70,6.40
2007.10.08 12:49:02.395,1.6668,1.6669,11.90,6.40
2007.10.08 12:49:09.614,1.66675,1.6669,12.70,6.40
2007.10.08 12:49:32.790,1.6668,1.6669,6.30,8.00
2007.10.08 12:49:33.139,1.66675,1.6669,12.70,16.00
2007.10.08 12:49:33.196,1.6667,1.6669,51.80,16.00
2007.10.08 12:49:33.268,1.6667,1.6669,7.60,23.90
2007.10.08 12:49:33.295,1.66665,1.6669,33.50,24.70
2007.10.08 12:49:33.478,1.66665,1.6669,33.50,32.70
2007.10.08 12:49:33.874,1.6667,1.6669,4.20,32.70
2007.10.08 12:49:38.023,1.66665,1.6669,31.10,33.50
2007.10.08 12:49:50.774,1.6667,1.66685,18.40,1.60
2007.10.08 12:49:50.969,1.6667,1.6668,10.40,2.40
2007.10.08 12:49:51.177,1.6667,1.6668,18.40,2.40
2007.10.08 12:49:51.294,1.6667,1.6668,16.00,6.40
2007.10.08 12:49:53.249,1.6667,1.6668,16.00,8.00
2007.10.08 12:49:59.760,1.6667,1.6668,16.00,0.60
2007.10.08 12:50:11.243,1.6667,1.6668,16.00,0.60
2007.10.08 12:50:13.199,1.6667,1.66685,16.00,10.40
2007.10.08 12:50:13.743,1.6667,1.66685,16.00,8.80
2007.10.08 12:50:13.838,1.6667,1.6668,16.00,0.60
2007.10.08 12:50:16.414,1.6667,1.6668,19.90,0.80
2007.10.08 12:50:18.642,1.6667,1.66685,22.30,8.00
2007.10.08 12:50:18.699,1.6667,1.66685,34.30,4.00
2007.10.08 12:50:18.792,1.6667,1.6668,26.30,0.60
2007.10.08 12:50:19.758,1.6667,1.6668,33.50,0.90
2007.10.08 12:50:22.620,1.6667,1.66695,33.50,21.50
2007.10.08 12:50:22.654,1.6667,1.66695,33.50,22.30
2007.10.08 12:50:23.577,1.6667,1.6669,34.30,0.50
2007.10.08 12:50:23.690,1.6667,1.6669,35.10,0.60
2007.10.08 12:50:26.246,1.6668,1.6669,17.50,0.80
2007.10.08 12:50:26.321,1.6668,1.66695,17.50,16.80
2007.10.08 12:50:26.343,1.6668,1.66695,17.50,8.80
2007.10.08 12:50:27.174,1.6668,1.66695,17.50,16.80
2007.10.08 12:50:31.174,1.6668,1.6669,10.30,16.00
2007.10.08 12:50:31.203,1.6668,1.6669,10.30,24.00
2007.10.08 12:50:31.319,1.6668,1.6669,2.40,19.90
2007.10.08 12:50:31.735,1.66675,1.6669,1.60,11.90
2007.10.08 12:50:32.256,1.66675,1.6669,1.60,19.90
2007.10.08 12:50:33.941,1.66675,1.6669,0.80,19.90
2007.10.08 12:50:33.958,1.6667,1.6669,35.10,19.90
2007.10.08 12:50:39.706,1.6668,1.6669,7.20,19.90
2007.10.08 12:50:39.731,1.6668,1.6669,13.50,16.00
2007.10.08 12:50:39.845,1.6668,1.6669,13.50,8.00
2007.10.08 12:50:40.150,1.6668,1.6669,13.50,16.00
2007.10.08 12:50:40.258,1.6668,1.6669,17.50,16.00
2007.10.08 12:50:44.233,1.6668,1.6669,19.10,16.00
2007.10.08 12:50:44.394,1.6668,1.6669,19.10,8.00
2007.10.08 12:51:06.183,1.6668,1.6669,19.70,8.00
2007.10.08 12:51:06.248,1.6668,1.6669,19.70,6.40
2007.10.08 12:51:06.347,1.6668,1.6669,20.50,6.40
2007.10.08 12:51:06.562,1.6668,1.6669,21.30,6.40
2007.10.08 12:51:06.900,1.6668,1.6669,29.30,6.40
2007.10.08 12:51:07.006,1.6668,1.6669,30.10,6.40
2007.10.08 12:51:07.183,1.6668,1.6669,29.50,6.40
2007.10.08 12:51:07.193,1.6668,1.6669,31.10,6.40
2007.10.08 12:51:08.192,1.6668,1.6669,31.10,8.00
2007.10.08 12:51:08.469,1.6668,1.6669,23.10,8.00
2007.10.08 12:51:09.200,1.6668,1.6669,31.10,8.00
2007.10.08 12:51:11.460,1.6668,1.6669,30.30,8.00
2007.10.08 12:51:11.492,1.6668,1.6669,29.50,8.00
2007.10.08 12:51:33.248,1.6668,1.6669,21.50,8.00
2007.10.08 12:51:49.857,1.6668,1.6669,20.70,8.00
2007.10.08 12:51:49.925,1.6668,1.6669,19.90,8.00
2007.10.08 12:51:50.093,1.6668,1.6669,19.10,8.00
2007.10.08 12:52:21.071,1.6668,1.6669,27.10,8.00
2007.10.08 12:52:31.941,1.6668,1.6669,19.10,8.00
2007.10.08 12:52:37.868,1.6668,1.6669,17.50,8.00
2007.10.08 12:52:41.286,1.6668,1.6669,13.50,8.00
2007.10.08 12:52:41.693,1.6668,1.6669,17.50,8.00
2007.10.08 12:52:42.187,1.6668,1.6669,19.10,8.00
2007.10.08 12:52:43.111,1.6668,1.6669,3.00,8.00
2007.10.08 12:52:43.206,1.6668,1.6669,6.20,6.40
2007.10.08 12:52:44.252,1.66675,1.6669,21.50,8.00
2007.10.08 12:52:47.708,1.66675,1.6669,29.50,8.00
2007.10.08 12:52:49.770,1.66675,1.6669,29.50,6.40
2007.10.08 12:52:50.207,1.6668,1.6669,4.90,2.40
2007.10.08 12:52:50.325,1.66675,1.6669,21.50,2.40
2007.10.08 12:52:50.410,1.6668,1.6669,12.50,2.40
2007.10.08 12:52:51.368,1.66675,1.6669,29.50,2.40
2007.10.08 12:53:00.148,1.6668,1.6669,2.50,6.40
2007.10.08 12:53:00.275,1.6668,1.6669,4.40,6.40
2007.10.08 12:53:00.447,1.66675,1.6669,21.50,6.40
2007.10.08 12:53:00.476,1.66675,1.6669,20.70,6.40
2007.10.08 12:53:00.863,1.6668,1.6669,8.20,6.40
2007.10.08 12:53:01.307,1.6668,1.6669,8.20,6.40
2007.10.08 12:53:01.318,1.6668,1.6669,8.80,8.00
2007.10.08 12:53:04.196,1.6668,1.6669,8.40,8.00
2007.10.08 12:53:04.285,1.6668,1.6669,7.00,8.00
2007.10.08 12:53:05.118,1.66675,1.6669,27.10,8.00
2007.10.08 12:53:10.289,1.6668,1.6669,9.70,6.40
2007.10.08 12:53:10.324,1.6668,1.6669,2.00,2.40
2007.10.08 12:53:10.580,1.66675,1.6669,27.10,2.40
2007.10.08 12:53:10.959,1.66675,1.6669,27.10,2.40
2007.10.08 12:53:11.652,1.66675,1.6669,31.10,2.40
2007.10.08 12:53:11.763,1.66675,1.6669,39.10,2.40
2007.10.08 12:53:11.856,1.66675,1.6669,43.10,2.40
2007.10.08 12:53:11.977,1.6668,1.667,18.20,30.30
2007.10.08 12:53:13.229,1.6668,1.667,42.30,22.30
2007.10.08 12:53:14.153,1.6668,1.667,42.90,22.30
2007.10.08 12:53:15.193,1.6669,1.667,2.40,18.30
2007.10.08 12:53:15.212,1.6669,1.667,8.80,14.30
2007.10.08 12:53:15.306,1.6669,1.667,12.70,2.40
2007.10.08 12:53:15.387,1.6669,1.667,20.70,2.40
2007.10.08 12:53:15.617,1.6669,1.667,21.50,2.40
2007.10.08 12:53:15.893,1.6669,1.667,22.30,2.40
2007.10.08 12:53:16.155,1.6669,1.667,26.30,2.40
2007.10.08 12:53:16.179,1.6669,1.667,13.00,2.40
2007.10.08 12:53:16.232,1.6669,1.667,3.90,2.40
2007.10.08 12:53:17.675,1.6669,1.667,13.50,2.40
2007.10.08 12:53:18.689,1.6669,1.667,15.90,2.40
2007.10.08 12:53:18.741,1.6669,1.667,5.60,6.40
2007.10.08 12:53:19.143,1.6669,1.667,15.90,6.40
2007.10.08 12:53:19.201,1.6669,1.667,13.50,6.40
2007.10.08 12:53:20.223,1.6669,1.667,13.50,8.00
2007.10.08 12:53:20.732,1.6669,1.667,13.50,6.40
2007.10.08 12:53:21.282,1.6669,1.667,12.70,6.40
2007.10.08 12:53:21.374,1.6669,1.667,11.90,6.40
2007.10.08 12:53:21.639,1.6669,1.667,7.90,6.40
2007.10.08 12:53:21.683,1.6669,1.667,6.30,8.80
2007.10.08 12:53:21.746,1.66685,1.667,1.60,12.70
2007.10.08 12:53:22.143,1.6669,1.667,2.40,12.70
2007.10.08 12:53:25.163,1.6669,1.667,4.00,10.30
2007.10.08 12:53:25.243,1.6669,1.667,11.90,6.40
2007.10.08 12:53:28.681,1.6669,1.667,11.90,8.00
2007.10.08 12:53:29.329,1.6669,1.667,10.30,8.00
2007.10.08 12:53:29.726,1.6669,1.667,11.90,8.00
2007.10.08 12:53:32.205,1.6669,1.667,11.90,4.00
2007.10.08 12:53:32.279,1.6669,1.667,11.90,2.40
2007.10.08 12:53:32.330,1.6669,1.667,19.90,2.40
2007.10.08 12:53:32.382,1.6669,1.667,20.70,2.40
2007.10.08 12:53:32.759,1.6669,1.667,20.70,6.40
2007.10.08 12:53:32.951,1.6669,1.667,12.70,6.40
2007.10.08 12:53:33.418,1.6669,1.667,15.10,6.40
2007.10.08 12:53:34.650,1.6669,1.667,12.70,6.40
2007.10.08 12:53:37.173,1.6669,1.667,12.70,2.40
2007.10.08 12:53:37.279,1.6669,1.6671,20.70,38.30
2007.10.08 12:53:37.372,1.6669,1.6671,20.70,26.30
2007.10.08 12:53:38.244,1.66695,1.6671,0.80,24.70
2007.10.08 12:53:38.565,1.66695,1.6671,1.60,24.70
2007.10.08 12:53:38.625,1.667,1.6671,2.40,16.70
2007.10.08 12:53:39.277,1.667,1.6671,6.30,14.40
2007.10.08 12:53:39.770,1.667,1.6671,2.40,26.30
2007.10.08 12:53:40.204,1.667,1.6671,10.30,18.40
2007.10.08 12:53:40.208,1.667,1.6671,11.90,16.00
2007.10.08 12:53:40.287,1.667,1.6671,11.90,8.00
2007.10.08 12:53:42.691,1.667,1.6671,11.90,6.40
2007.10.08 12:53:42.989,1.667,1.6671,19.90,6.40
2007.10.08 12:53:43.186,1.667,1.6671,20.70,6.40
2007.10.08 12:53:43.208,1.667,1.6671,21.30,6.40
2007.10.08 12:53:43.666,1.667,1.6671,22.10,6.40
2007.10.08 12:53:45.704,1.667,1.6671,22.10,2.40
2007.10.08 12:53:45.767,1.667,1.6671,24.50,2.40
2007.10.08 12:53:45.802,1.667,1.6671,32.50,2.40
2007.10.08 12:53:46.166,1.667,1.6671,30.10,2.40
2007.10.08 12:53:46.221,1.667,1.6671,30.10,6.40
2007.10.08 12:53:46.290,1.667,1.6671,30.10,8.00
2007.10.08 12:53:46.343,1.667,1.6671,22.10,8.00
2007.10.08 12:53:46.692,1.667,1.6671,22.10,6.40
2007.10.08 12:53:46.743,1.667,1.6671,21.50,6.40
2007.10.08 12:53:47.206,1.667,1.6671,21.50,8.00
2007.10.08 12:53:47.731,1.667,1.6671,21.50,6.40
2007.10.08 12:53:48.816,1.667,1.6671,22.10,6.40
2007.10.08 12:53:50.477,1.667,1.6671,14.10,6.40
2007.10.08 12:53:51.015,1.667,1.6671,22.10,6.40
2007.10.08 12:53:51.195,1.667,1.6671,27.70,2.40
2007.10.08 12:53:51.222,1.6671,1.6672,1.60,35.10
2007.10.08 12:53:51.305,1.6671,1.6672,4.00,21.50
2007.10.08 12:53:52.238,1.6671,1.6672,11.90,16.00
2007.10.08 12:53:52.247,1.6671,1.6672,19.90,16.00
2007.10.08 12:53:52.339,1.6671,1.6672,19.90,8.00
2007.10.08 12:53:53.282,1.6671,1.6672,27.90,6.40
2007.10.08 12:53:57.214,1.6671,1.6672,27.90,14.40
2007.10.08 12:53:57.735,1.6671,1.6672,27.90,6.40
2007.10.08 12:53:58.153,1.6671,1.6672,27.90,2.40
2007.10.08 12:53:58.254,1.6671,1.6672,20.50,2.40
2007.10.08 12:53:58.664,1.6671,1.6672,16.50,10.40
2007.10.08 12:53:58.809,1.6671,1.6672,6.90,12.00
2007.10.08 12:53:58.817,1.6671,1.6672,2.40,15.90
2007.10.08 12:53:59.373,1.6671,1.6672,2.40,23.90
2007.10.08 12:53:59.639,1.6671,1.66715,2.40,0.80
2007.10.08 12:53:59.700,1.66705,1.6671,0.80,2.40
2007.10.08 12:54:00.139,1.667,1.6671,21.30,2.40
2007.10.08 12:54:00.205,1.667,1.6671,29.30,6.40
2007.10.08 12:54:00.674,1.667,1.6671,31.70,6.40
2007.10.08 12:54:00.722,1.667,1.6672,47.70,27.90
2007.10.08 12:54:00.949,1.667,1.6672,47.70,19.90
2007.10.08 12:54:01.140,1.667,1.6671,43.70,6.40
2007.10.08 12:54:01.170,1.667,1.6671,41.30,6.40
2007.10.08 12:54:01.246,1.667,1.6671,29.30,6.40
2007.10.08 12:54:02.178,1.667,1.6671,21.30,6.40
2007.10.08 12:54:03.221,1.667,1.6671,20.70,6.40
2007.10.08 12:54:04.694,1.667,1.66715,20.70,7.20
2007.10.08 12:54:05.001,1.667,1.66715,19.90,7.20
2007.10.08 12:54:10.183,1.667,1.66715,27.90,7.20
2007.10.08 12:54:11.170,1.667,1.6671,27.90,0.70
2007.10.08 12:54:11.427,1.667,1.6671,19.90,0.50
2007.10.08 12:54:13.182,1.667,1.66715,31.90,8.80
2007.10.08 12:54:13.219,1.667,1.6672,32.70,39.90
2007.10.08 12:54:13.614,1.667,1.6672,35.10,37.50
2007.10.08 12:54:13.703,1.667,1.6672,35.10,21.50
2007.10.08 12:54:13.720,1.667,1.66725,35.10,28.70
2007.10.08 12:54:14.106,1.667,1.66725,43.10,20.70
2007.10.08 12:54:14.320,1.667,1.66725,47.10,20.70
2007.10.08 12:54:14.856,1.667,1.66725,43.10,20.70
2007.10.08 12:54:14.940,1.667,1.6672,35.10,0.80
2007.10.08 12:54:15.171,1.667,1.66725,32.70,23.10
2007.10.08 12:54:16.094,1.667,1.66725,33.30,23.10
2007.10.08 12:54:16.196,1.667,1.6672,33.30,23.10
2007.10.08 12:54:16.211,1.667,1.66715,37.30,7.20
2007.10.08 12:54:16.330,1.667,1.66715,29.30,7.20
2007.10.08 12:54:17.197,1.667,1.66715,20.70,7.20
2007.10.08 12:54:18.482,1.667,1.66715,19.90,7.20
2007.10.08 12:54:19.228,1.667,1.6671,19.90,0.70
2007.10.08 12:54:19.307,1.667,1.6671,31.90,0.90
2007.10.08 12:54:19.425,1.667,1.6672,39.90,35.90
2007.10.08 12:54:19.755,1.667,1.66715,27.90,7.20
2007.10.08 12:54:19.827,1.667,1.66715,26.30,8.80
2007.10.08 12:54:19.964,1.667,1.66715,18.30,8.80
2007.10.08 12:54:20.162,1.667,1.66715,26.30,8.80
2007.10.08 12:54:20.236,1.667,1.66715,27.90,8.80
2007.10.08 12:54:24.655,1.667,1.6671,27.90,0.60
2007.10.08 12:54:26.065,1.667,1.66715,28.50,7.20
2007.10.08 12:54:28.150,1.667,1.66715,32.50,3.20
2007.10.08 12:54:28.235,1.667,1.6672,35.70,43.90
2007.10.08 12:54:28.248,1.667,1.6672,43.70,0.60
2007.10.08 12:54:28.360,1.667,1.66725,35.70,28.70
2007.10.08 12:54:28.558,1.667,1.66725,36.50,28.70
2007.10.08 12:54:28.654,1.6671,1.6672,2.40,0.80
2007.10.08 12:54:28.867,1.6671,1.66725,4.00,20.70
2007.10.08 12:54:29.188,1.6671,1.66725,8.00,20.70
2007.10.08 12:54:29.204,1.6671,1.66725,16.00,20.70
2007.10.08 12:54:29.280,1.6671,1.66725,19.90,8.80
2007.10.08 12:54:29.707,1.6671,1.6672,19.90,0.70
2007.10.08 12:54:29.718,1.6671,1.6673,19.90,57.50
2007.10.08 12:54:29.926,1.6671,1.66735,31.90,35.10
2007.10.08 12:54:30.028,1.6671,1.66735,39.90,39.10
2007.10.08 12:54:30.215,1.6671,1.6673,27.90,0.60
2007.10.08 12:54:30.338,1.6671,1.6673,8.00,0.70
2007.10.08 12:54:30.731,1.6671,1.66735,16.00,39.10
2007.10.08 12:54:30.749,1.6671,1.6673,27.90,0.90
2007.10.08 12:54:30.949,1.6671,1.66735,35.90,39.10
2007.10.08 12:54:31.165,1.6671,1.6673,39.90,0.60
2007.10.08 12:54:31.640,1.6671,1.66725,39.90,0.80
2007.10.08 12:54:31.677,1.6671,1.6672,35.90,0.90
2007.10.08 12:54:31.745,1.6671,1.66725,35.90,4.80
2007.10.08 12:54:31.782,1.6671,1.6672,27.90,4.00
2007.10.08 12:54:31.867,1.6671,1.6672,19.90,4.00
2007.10.08 12:54:32.158,1.6671,1.6672,19.90,6.40
2007.10.08 12:54:32.214,1.66705,1.6671,1.60,2.40
2007.10.08 12:54:32.252,1.66705,1.6671,0.80,2.40
2007.10.08 12:54:32.553,1.667,1.6671,33.30,2.40
2007.10.08 12:54:32.828,1.667,1.6671,31.70,2.40
2007.10.08 12:54:33.242,1.667,1.6671,31.70,6.40
2007.10.08 12:54:33.998,1.667,1.6671,30.90,6.40
2007.10.08 12:54:34.074,1.667,1.6671,22.90,6.40
2007.10.08 12:54:34.187,1.6671,1.66715,2.40,0.80
2007.10.08 12:54:34.202,1.6671,1.6672,12.00,31.90
2007.10.08 12:54:34.279,1.6671,1.6672,15.90,16.00
2007.10.08 12:54:34.497,1.6671,1.6672,15.90,8.00
2007.10.08 12:54:35.207,1.6671,1.6672,12.00,11.90
2007.10.08 12:54:35.250,1.6671,1.6672,2.40,11.90
2007.10.08 12:54:35.624,1.6671,1.6672,2.40,19.90
2007.10.08 12:54:35.648,1.6671,1.6672,4.00,18.30
2007.10.08 12:54:35.736,1.6671,1.6672,7.90,10.40
2007.10.08 12:54:35.757,1.6671,1.6672,15.90,10.40
2007.10.08 12:54:36.034,1.6671,1.6672,23.90,10.40
2007.10.08 12:54:36.124,1.6671,1.6672,23.90,2.40
2007.10.08 12:54:36.248,1.6671,1.6672,19.90,6.40
2007.10.08 12:54:37.699,1.66705,1.6671,2.40,2.40
2007.10.08 12:54:37.711,1.66705,1.6671,0.80,2.40
2007.10.08 12:54:38.139,1.667,1.6671,32.50,2.40
2007.10.08 12:54:38.209,1.667,1.6671,32.50,6.40
2007.10.08 12:54:38.618,1.667,1.6671,34.90,6.40
2007.10.08 12:54:38.628,1.667,1.6671,38.90,2.40
2007.10.08 12:54:38.742,1.667,1.66715,45.30,0.80
2007.10.08 12:54:38.752,1.667,1.6672,45.30,27.90
2007.10.08 12:54:38.829,1.667,1.6672,37.30,19.90
2007.10.08 12:54:39.148,1.6671,1.6672,2.40,19.90
2007.10.08 12:54:39.162,1.6671,1.6672,8.80,19.90
2007.10.08 12:54:39.239,1.6671,1.6672,18.40,18.30
2007.10.08 12:54:39.249,1.6671,1.6672,22.30,6.40
2007.10.08 12:54:39.665,1.6671,1.6672,15.90,6.40
2007.10.08 12:54:39.795,1.6671,1.6672,15.90,2.40
2007.10.08 12:54:39.989,1.6671,1.6672,15.90,10.40
2007.10.08 12:54:40.193,1.6671,1.6672,19.90,10.40
2007.10.08 12:54:40.496,1.6671,1.6672,19.90,2.40
2007.10.08 12:54:41.229,1.6671,1.6672,27.90,2.40
2007.10.08 12:54:41.721,1.6672,1.6673,8.00,55.10
2007.10.08 12:54:41.745,1.6672,1.6673,11.90,28.00
2007.10.08 12:54:42.229,1.6672,1.6673,13.50,25.60
2007.10.08 12:54:42.269,1.6672,1.6673,19.90,8.00
2007.10.08 12:54:42.679,1.6672,1.6673,15.90,8.00
2007.10.08 12:54:42.745,1.6672,1.6673,6.30,10.40
2007.10.08 12:54:42.781,1.6672,1.6673,2.40,14.30
2007.10.08 12:54:43.154,1.6672,1.6673,2.40,11.90
2007.10.08 12:54:43.309,1.6672,1.6673,2.40,19.90
2007.10.08 12:54:43.666,1.6672,1.6673,2.40,22.30
2007.10.08 12:54:44.005,1.6672,1.6673,2.40,14.30
2007.10.08 12:54:44.178,1.6672,1.6673,10.40,14.30
2007.10.08 12:54:44.214,1.6672,1.6673,14.30,10.40
2007.10.08 12:54:44.434,1.6672,1.6673,22.30,10.40
2007.10.08 12:54:44.629,1.6672,1.6673,22.30,14.40
2007.10.08 12:54:44.701,1.6672,1.6673,14.30,12.00
2007.10.08 12:54:44.739,1.6672,1.6673,10.40,15.90
2007.10.08 12:54:44.958,1.6672,1.6673,2.40,15.90
2007.10.08 12:54:45.051,1.6672,1.6673,2.40,23.90
2007.10.08 12:54:46.197,1.6672,1.6673,6.40,27.90
2007.10.08 12:54:46.222,1.6672,1.6673,16.00,27.90
2007.10.08 12:54:46.301,1.6672,1.6673,19.90,24.00
2007.10.08 12:54:46.614,1.6672,1.6673,19.90,16.00
2007.10.08 12:54:47.126,1.6672,1.6673,19.90,8.00
2007.10.08 12:54:47.248,1.6672,1.6673,16.00,11.90
2007.10.08 12:54:47.388,1.6672,1.6673,8.00,11.90
2007.10.08 12:54:48.833,1.66715,1.6673,10.40,11.90
2007.10.08 12:54:52.670,1.6672,1.6673,2.20,15.90
2007.10.08 12:54:52.690,1.66715,1.6673,3.20,23.90
2007.10.08 12:54:52.765,1.6671,1.6672,30.20,6.30
2007.10.08 12:54:52.804,1.6671,1.6672,30.20,13.50
2007.10.08 12:54:52.817,1.66705,1.6672,31.00,13.50
2007.10.08 12:54:52.867,1.66705,1.6672,23.00,13.50
2007.10.08 12:54:53.070,1.6671,1.6672,3.30,13.50
2007.10.08 12:54:53.169,1.66705,1.6672,14.40,11.10
2007.10.08 12:54:53.201,1.66705,1.6672,14.40,3.90
2007.10.08 12:54:53.287,1.66705,1.6673,22.30,39.10
2007.10.08 12:54:53.585,1.6671,1.6673,1.50,39.10
2007.10.08 12:54:54.675,1.6672,1.6673,0.70,39.10
2007.10.08 12:54:54.721,1.6672,1.6673,2.10,27.10
2007.10.08 12:54:54.831,1.6672,1.6673,0.70,19.10
2007.10.08 12:54:55.251,1.6672,1.6673,0.60,19.10
2007.10.08 12:54:55.672,1.66715,1.6673,4.80,19.10
2007.10.08 12:54:55.702,1.6671,1.6673,59.90,19.10
2007.10.08 12:54:55.761,1.6671,1.6673,33.50,35.10
2007.10.08 12:54:55.966,1.6671,1.6673,6.40,43.10
2007.10.08 12:54:56.912,1.66705,1.6673,32.70,43.10
2007.10.08 12:54:57.120,1.6671,1.6673,12.20,43.10
2007.10.08 12:54:57.211,1.6672,1.6673,1.80,35.10
2007.10.08 12:54:57.231,1.66715,1.6673,8.80,35.10
2007.10.08 12:54:57.330,1.6672,1.6673,3.50,27.10
2007.10.08 12:54:57.425,1.66715,1.6673,8.80,19.10
2007.10.08 12:54:59.208,1.66715,1.6673,9.60,27.10
2007.10.08 12:55:01.669,1.66715,1.6672,2.10,2.40
2007.10.08 12:55:01.789,1.6671,1.6672,28.80,13.50
2007.10.08 12:55:01.856,1.66705,1.6672,30.40,13.50
2007.10.08 12:55:01.867,1.6671,1.6672,5.80,13.50
2007.10.08 12:55:02.195,1.6672,1.6673,0.60,42.30
2007.10.08 12:55:02.205,1.6672,1.6673,1.60,31.90
2007.10.08 12:55:02.291,1.66715,1.6673,9.60,27.10
2007.10.08 12:55:02.402,1.6672,1.6673,2.50,19.10
2007.10.08 12:55:02.699,1.66715,1.6672,4.50,7.20
2007.10.08 12:55:02.718,1.6672,1.6673,1.10,15.10
2007.10.08 12:55:02.825,1.6671,1.6672,19.20,13.50
2007.10.08 12:55:03.203,1.66715,1.6672,0.70,6.30
2007.10.08 12:55:03.238,1.6671,1.6672,25.50,2.40
2007.10.08 12:55:03.961,1.6671,1.6673,27.90,47.10
2007.10.08 12:55:04.639,1.66715,1.6673,1.20,47.10
2007.10.08 12:55:04.685,1.6672,1.6673,1.40,35.10
2007.10.08 12:55:04.738,1.66715,1.6673,6.40,35.10
2007.10.08 12:55:04.800,1.6672,1.6673,1.70,27.10
2007.10.08 12:55:04.896,1.66715,1.6673,6.40,19.10
2007.10.08 12:55:05.209,1.6672,1.6673,1.60,19.10
2007.10.08 12:55:05.659,1.66715,1.6672,7.50,7.20
2007.10.08 12:55:05.735,1.6671,1.6672,17.60,13.50
2007.10.08 12:55:06.230,1.6671,1.6672,19.20,17.50
2007.10.08 12:55:06.290,1.66715,1.6672,0.80,17.50
2007.10.08 12:55:06.484,1.66705,1.6672,20.00,17.50
2007.10.08 12:55:06.712,1.66705,1.6672,20.00,17.50
2007.10.08 12:55:06.737,1.6671,1.6672,0.90,25.50
2007.10.08 12:55:06.855,1.6671,1.6672,0.50,33.50
2007.10.08 12:55:06.950,1.66705,1.6672,6.40,33.50
2007.10.08 12:55:07.113,1.66705,1.6672,4.00,33.50
2007.10.08 12:55:08.206,1.6671,1.6672,1.20,25.50
2007.10.08 12:55:08.237,1.66705,1.6672,6.40,25.50
2007.10.08 12:55:08.753,1.66705,1.6672,4.00,25.50
2007.10.08 12:55:09.147,1.6671,1.6672,0.80,33.50
2007.10.08 12:55:09.646,1.66705,1.6672,8.00,29.50
2007.10.08 12:55:09.671,1.6671,1.6672,7.20,29.50
2007.10.08 12:55:09.782,1.6672,1.6673,1.10,31.10
2007.10.08 12:55:09.864,1.6672,1.6673,0.50,23.10
2007.10.08 12:55:10.186,1.66715,1.6673,10.40,23.10
2007.10.08 12:55:10.285,1.66715,1.6673,10.40,20.70
2007.10.08 12:55:10.809,1.6672,1.6673,1.90,19.10
2007.10.08 12:55:19.708,1.6672,1.6673,1.60,27.10
2007.10.08 12:55:19.753,1.66715,1.6673,1.60,27.10
2007.10.08 12:55:19.914,1.66715,1.6673,1.60,43.10
2007.10.08 12:55:20.784,1.66715,1.6673,0.80,43.10
2007.10.08 12:55:21.048,1.66715,1.6673,0.80,35.10
2007.10.08 12:55:21.161,1.6672,1.6673,6.40,35.10
2007.10.08 12:55:21.201,1.6672,1.6673,8.00,35.10
2007.10.08 12:55:21.264,1.6672,1.6673,8.00,19.10
2007.10.08 12:55:23.743,1.6672,1.6673,8.00,18.30
2007.10.08 12:55:28.632,1.6672,1.6673,4.00,22.30
2007.10.08 12:55:28.706,1.6672,1.6673,2.40,22.30
2007.10.08 12:55:28.739,1.66715,1.6673,1.60,38.30
2007.10.08 12:55:29.212,1.66715,1.6673,1.60,40.70
2007.10.08 12:55:29.921,1.66715,1.66735,1.60,41.50
2007.10.08 12:55:31.176,1.6672,1.6673,1.60,38.30
2007.10.08 12:55:31.292,1.6672,1.6673,4.00,26.30
2007.10.08 12:55:31.324,1.6672,1.6673,4.00,18.30
2007.10.08 12:55:32.146,1.6672,1.6673,8.00,18.30
2007.10.08 12:55:38.165,1.6672,1.6673,4.00,22.30
2007.10.08 12:55:38.279,1.6672,1.6673,2.40,24.70
2007.10.08 12:55:38.286,1.66715,1.6673,1.60,32.70
2007.10.08 12:55:38.376,1.66715,1.6673,1.60,40.70
2007.10.08 12:55:40.777,1.66715,1.6673,1.60,28.70
2007.10.08 12:55:40.825,1.66715,1.6673,2.40,28.70
2007.10.08 12:55:40.871,1.66715,1.6673,2.40,20.70
2007.10.08 12:55:41.133,1.66715,1.6673,2.40,18.30
2007.10.08 12:55:41.203,1.6672,1.6673,6.40,18.30
2007.10.08 12:55:41.238,1.6672,1.6673,8.00,18.30
2007.10.08 12:55:45.623,1.6672,1.6673,4.00,22.30
2007.10.08 12:55:45.671,1.6672,1.6673,2.40,24.70
2007.10.08 12:55:45.732,1.66715,1.6673,1.60,32.70
2007.10.08 12:55:45.835,1.66715,1.6673,1.60,40.70
2007.10.08 12:55:48.223,1.6672,1.6673,6.40,28.70
2007.10.08 12:55:48.228,1.6672,1.6673,8.00,26.30
2007.10.08 12:55:48.338,1.6672,1.6673,8.00,18.30
2007.10.08 12:55:53.770,1.6672,1.6673,8.00,19.90
2007.10.08 12:56:05.198,1.6672,1.6673,8.00,18.30
2007.10.08 12:56:05.651,1.6672,1.6673,8.00,14.30
2007.10.08 12:56:05.803,1.6672,1.6673,8.80,14.30
2007.10.08 12:56:05.931,1.6672,1.6673,9.60,14.30
2007.10.08 12:56:05.964,1.6672,1.6673,17.60,14.30
2007.10.08 12:56:09.257,1.6672,1.6673,9.60,14.30
2007.10.08 12:56:09.603,1.6672,1.6673,12.00,14.30
2007.10.08 12:56:09.689,1.6672,1.6673,16.80,14.30
2007.10.08 12:56:09.703,1.6673,1.6674,1.60,39.90
2007.10.08 12:56:09.783,1.6673,1.6674,4.00,18.30
2007.10.08 12:56:10.197,1.6673,1.6674,8.00,18.30
2007.10.08 12:56:12.178,1.6673,1.6674,2.40,20.70
2007.10.08 12:56:12.268,1.6673,1.6674,2.40,28.70
2007.10.08 12:56:14.758,1.66725,1.6674,1.60,28.70
2007.10.08 12:56:20.668,1.6673,1.6674,2.40,28.70
2007.10.08 12:56:20.705,1.6673,1.6674,4.00,26.30
2007.10.08 12:56:20.763,1.6673,1.6674,4.00,18.30
2007.10.08 12:56:21.182,1.6673,1.6674,8.00,18.30
2007.10.08 12:56:23.271,1.6673,1.6674,16.00,18.30
2007.10.08 12:56:24.206,1.6673,1.6674,8.00,18.30
2007.10.08 12:56:25.253,1.6673,1.6674,16.00,18.30
2007.10.08 12:56:26.661,1.6673,1.6674,16.00,14.30
2007.10.08 12:56:26.681,1.6674,1.6675,1.60,65.50
2007.10.08 12:56:26.781,1.6673,1.6674,25.50,2.40
2007.10.08 12:56:27.318,1.6673,1.6674,26.50,2.40
2007.10.08 12:56:27.703,1.6673,1.6675,31.90,31.90
2007.10.08 12:56:27.708,1.6674,1.6675,1.50,19.90
2007.10.08 12:56:27.808,1.66735,1.6676,12.70,60.50
2007.10.08 12:56:27.987,1.66735,1.6676,12.70,52.50
2007.10.08 12:56:28.113,1.66735,1.6676,12.70,51.90
2007.10.08 12:56:28.748,1.66735,1.6676,13.50,50.30
2007.10.08 12:56:28.866,1.66735,1.6676,21.50,50.30
2007.10.08 12:56:29.029,1.66735,1.6676,22.30,50.30
2007.10.08 12:56:30.106,1.66735,1.6676,22.30,55.10
2007.10.08 12:56:30.202,1.66735,1.6675,18.40,10.30
2007.10.08 12:56:30.256,1.66735,1.6675,18.40,18.30
2007.10.08 12:56:31.195,1.6674,1.6675,2.20,18.30
2007.10.08 12:56:31.244,1.66735,1.6675,20.00,18.30
2007.10.08 12:56:31.345,1.66735,1.6675,19.20,18.30
2007.10.08 12:56:31.483,1.6674,1.6675,7.30,18.30
2007.10.08 12:56:32.036,1.66735,1.6675,20.80,18.30
2007.10.08 12:56:32.046,1.6674,1.6675,6.60,18.30
2007.10.08 12:56:33.793,1.66735,1.6675,20.80,18.30
2007.10.08 12:56:33.844,1.6674,1.6675,6.60,18.30
2007.10.08 12:56:34.144,1.66735,1.6675,24.00,14.30
2007.10.08 12:56:34.199,1.66735,1.6675,24.80,6.30
2007.10.08 12:56:34.243,1.6674,1.6675,13.50,2.40
2007.10.08 12:56:34.979,1.66735,1.6676,28.70,46.30
2007.10.08 12:56:35.191,1.66735,1.6676,29.30,46.30
2007.10.08 12:56:35.289,1.6674,1.6676,7.00,38.30
2007.10.08 12:56:37.668,1.66735,1.6675,29.30,8.00
2007.10.08 12:56:37.688,1.66735,1.6675,25.30,10.40
2007.10.08 12:56:37.788,1.6674,1.6675,7.80,14.30
2007.10.08 12:56:38.143,1.6674,1.6675,9.40,14.30
2007.10.08 12:56:38.192,1.6674,1.6675,7.30,18.30
2007.10.08 12:56:43.051,1.6674,1.6675,9.40,18.30
2007.10.08 12:56:43.148,1.66735,1.6675,27.20,18.30
2007.10.08 12:56:43.169,1.6675,1.66755,1.40,0.80
2007.10.08 12:56:43.242,1.6675,1.6676,1.30,35.90
2007.10.08 12:56:43.265,1.66745,1.6676,9.60,19.90
2007.10.08 12:57:04.200,1.6675,1.6676,8.00,31.90
2007.10.08 12:57:04.415,1.6675,1.6676,8.00,39.90
2007.10.08 12:57:04.670,1.6674,1.6675,15.70,8.00
2007.10.08 12:57:04.739,1.6674,1.6675,14.20,14.30
2007.10.08 12:57:04.828,1.6674,1.6675,12.60,14.30
2007.10.08 12:57:04.943,1.6674,1.6675,20.60,14.30
2007.10.08 12:57:05.156,1.6674,1.6675,20.00,18.30
2007.10.08 12:57:07.533,1.6674,1.6675,20.80,18.30
2007.10.08 12:57:07.542,1.6674,1.6675,21.60,18.30
2007.10.08 12:57:07.963,1.6674,1.6675,20.80,18.30
2007.10.08 12:57:08.048,1.6674,1.6675,20.00,18.30
2007.10.08 12:57:09.191,1.6674,1.6675,19.20,18.30
2007.10.08 12:57:09.419,1.6674,1.6675,17.60,18.30
2007.10.08 12:57:09.577,1.6674,1.6675,16.00,18.30
2007.10.08 12:57:09.735,1.6674,1.6675,16.00,19.90
2007.10.08 12:57:10.232,1.6674,1.6675,4.00,19.90
2007.10.08 12:57:10.248,1.6674,1.6675,2.40,19.90
2007.10.08 12:57:10.326,1.6674,1.6675,2.40,27.90
2007.10.08 12:57:10.429,1.6674,1.6675,2.40,35.90
2007.10.08 12:57:10.528,1.66735,1.6675,1.60,35.90
2007.10.08 12:57:10.642,1.66735,1.6675,2.40,35.90
2007.10.08 12:57:10.732,1.6674,1.6675,2.40,27.90
2007.10.08 12:57:10.751,1.6674,1.6675,4.00,27.90
2007.10.08 12:57:11.049,1.6674,1.6675,4.00,19.90
2007.10.08 12:57:11.150,1.6674,1.6675,1.60,19.90
2007.10.08 12:57:11.160,1.66735,1.6675,1.60,19.90
2007.10.08 12:57:11.263,1.66735,1.6675,1.60,27.90
2007.10.08 12:57:11.468,1.66735,1.6675,1.60,35.90
2007.10.08 12:57:13.132,1.6674,1.6675,12.00,27.90
2007.10.08 12:57:13.208,1.66745,1.6675,0.80,18.30
2007.10.08 12:57:13.235,1.6675,1.6676,6.40,41.50
2007.10.08 12:57:13.344,1.6675,1.6676,6.40,29.50
2007.10.08 12:57:13.382,1.6675,1.6676,6.40,21.50
2007.10.08 12:57:13.644,1.6675,1.6676,2.40,26.30
2007.10.08 12:57:13.724,1.6674,1.6675,41.50,9.60
2007.10.08 12:57:13.762,1.6674,1.6675,24.00,15.90
2007.10.08 12:57:13.859,1.6674,1.6675,25.60,15.90
2007.10.08 12:57:13.960,1.6674,1.6675,17.60,15.90
2007.10.08 12:57:14.174,1.6674,1.6675,9.60,19.90
2007.10.08 12:57:14.219,1.6674,1.6675,9.60,18.30
2007.10.08 12:57:14.735,1.6674,1.6675,9.60,19.90
2007.10.08 12:57:14.910,1.6674,1.6675,8.00,19.90
2007.10.08 12:57:15.188,1.6674,1.6675,8.00,15.90
2007.10.08 12:57:15.244,1.6674,1.6675,8.80,6.30
2007.10.08 12:57:15.299,1.6674,1.6675,12.70,2.40
2007.10.08 12:57:15.922,1.6674,1.6676,12.70,42.30
2007.10.08 12:57:19.670,1.6674,1.66755,12.70,0.80
2007.10.08 12:57:19.763,1.6674,1.6675,8.80,6.30
2007.10.08 12:57:19.768,1.6674,1.6675,8.80,14.30
2007.10.08 12:57:20.186,1.6674,1.6675,8.80,18.30
2007.10.08 12:57:20.279,1.6674,1.6675,8.00,18.30
2007.10.08 12:57:20.385,1.6674,1.6675,16.00,18.30
2007.10.08 12:57:21.041,1.6674,1.6675,16.00,0.60
2007.10.08 12:57:21.749,1.6674,1.66755,16.00,20.70
2007.10.08 12:57:22.109,1.6674,1.66755,8.00,20.70
2007.10.08 12:57:22.255,1.6674,1.6675,8.00,0.80
2007.10.08 12:57:24.208,1.6674,1.6675,8.00,0.50
2007.10.08 12:58:07.646,1.6674,1.6675,12.00,15.90
2007.10.08 12:58:07.692,1.6674,1.6675,12.80,6.30
2007.10.08 12:58:07.751,1.6674,1.6675,16.70,2.40
2007.10.08 12:58:07.948,1.6674,1.6675,17.50,2.40
2007.10.08 12:58:07.970,1.6674,1.6676,17.50,38.30
2007.10.08 12:58:09.245,1.6674,1.66765,17.50,39.10
2007.10.08 12:58:13.359,1.6674,1.6676,21.50,0.50
2007.10.08 12:58:13.459,1.6674,1.66765,29.50,47.10
2007.10.08 12:58:13.772,1.6674,1.6676,25.50,0.80
2007.10.08 12:58:13.876,1.6674,1.66765,17.50,39.10
2007.10.08 12:58:14.192,1.6674,1.6676,25.50,0.80
2007.10.08 12:58:14.283,1.6674,1.66765,29.50,47.10
2007.10.08 12:58:18.239,1.6674,1.66765,29.50,39.10
2007.10.08 12:58:26.713,1.6674,1.6675,28.70,0.80
2007.10.08 12:58:26.747,1.6674,1.66755,16.80,15.10
2007.10.08 12:58:26.872,1.6674,1.6675,16.00,0.90
2007.10.08 12:58:27.156,1.6674,1.66755,16.00,19.10
2007.10.08 12:58:43.105,1.6674,1.6675,28.00,18.30
2007.10.08 12:58:43.178,1.6675,1.6676,1.60,25.50
2007.10.08 12:58:43.219,1.6675,1.6676,8.00,19.90
2007.10.08 12:58:43.291,1.6675,1.6676,8.00,27.90
2007.10.08 12:58:43.312,1.6675,1.6676,8.00,19.90
2007.10.08 12:58:50.422,1.6675,1.6676,8.00,0.50
2007.10.08 12:58:55.949,1.6675,1.66765,16.00,20.70
2007.10.08 12:58:56.643,1.6675,1.66765,16.00,23.10
2007.10.08 12:58:56.693,1.6675,1.6676,9.60,26.40
2007.10.08 12:58:56.742,1.6675,1.66755,8.00,10.30
2007.10.08 12:58:56.791,1.6675,1.66755,8.00,14.20
2007.10.08 12:58:56.918,1.66745,1.66755,1.60,15.10
2007.10.08 12:58:57.048,1.66745,1.66755,0.80,15.10
2007.10.08 12:58:57.211,1.66745,1.6675,0.80,0.80
2007.10.08 12:58:57.331,1.6674,1.66755,17.60,19.10
2007.10.08 12:58:57.611,1.6674,1.66755,16.00,19.10
2007.10.08 12:58:57.738,1.6674,1.6675,23.90,0.80
2007.10.08 12:58:57.766,1.6674,1.6676,23.90,46.30
2007.10.08 12:58:57.831,1.6674,1.6675,27.90,0.90
2007.10.08 12:58:57.940,1.6674,1.6676,27.90,0.70
2007.10.08 12:58:58.148,1.6674,1.6676,28.50,0.50
2007.10.08 12:58:58.257,1.6674,1.6676,28.50,0.80
2007.10.08 12:58:59.699,1.6674,1.66765,28.50,35.10
2007.10.08 12:58:59.721,1.6674,1.6677,28.50,79.10
2007.10.08 12:58:59.787,1.6674,1.6676,36.50,0.80
2007.10.08 12:58:59.825,1.6675,1.6677,1.60,71.80
2007.10.08 12:59:00.019,1.6675,1.6676,2.40,0.70
2007.10.08 12:59:00.207,1.6675,1.6677,8.80,63.00
2007.10.08 12:59:00.295,1.6675,1.6676,9.60,0.60
2007.10.08 12:59:00.325,1.6675,1.6676,9.60,0.50
2007.10.08 12:59:00.424,1.6675,1.6676,17.60,0.50
2007.10.08 12:59:00.744,1.6675,1.6676,17.60,0.60
2007.10.08 12:59:00.946,1.6675,1.6677,9.60,65.40
2007.10.08 12:59:01.036,1.6675,1.6676,10.40,0.90
2007.10.08 12:59:01.092,1.6675,1.6676,11.20,0.60
2007.10.08 12:59:01.193,1.6675,1.6677,10.40,65.40
2007.10.08 12:59:01.249,1.6675,1.6677,9.60,61.40
2007.10.08 12:59:01.434,1.6675,1.6677,10.40,61.40
2007.10.08 12:59:01.461,1.6675,1.6677,18.40,61.40
2007.10.08 12:59:01.641,1.6675,1.6676,17.60,0.60
2007.10.08 12:59:02.199,1.6675,1.6677,9.60,66.20
2007.10.08 12:59:03.115,1.6675,1.6677,9.60,70.20
2007.10.08 12:59:03.239,1.66745,1.6675,0.80,0.50
2007.10.08 12:59:03.249,1.6674,1.6675,12.60,0.50
2007.10.08 12:59:03.504,1.6674,1.6675,12.60,0.80
2007.10.08 12:59:03.642,1.6674,1.66755,11.00,19.10
2007.10.08 12:59:03.950,1.6674,1.66755,19.00,19.10
2007.10.08 12:59:04.184,1.6674,1.6675,19.00,0.50
2007.10.08 12:59:06.214,1.6674,1.66755,17.40,21.50
2007.10.08 12:59:06.236,1.6674,1.6675,10.40,40.70
2007.10.08 12:59:06.306,1.6674,1.6675,9.60,48.70
2007.10.08 12:59:06.330,1.6674,1.6675,8.80,49.00
2007.10.08 12:59:06.420,1.66735,1.6674,1.60,0.80
2007.10.08 12:59:06.480,1.66735,1.6674,1.60,0.90
2007.10.08 12:59:06.649,1.66735,1.6674,2.40,0.70
2007.10.08 12:59:06.739,1.6674,1.6675,4.00,0.80
2007.10.08 12:59:06.836,1.6674,1.66755,4.00,19.10
2007.10.08 12:59:06.935,1.6674,1.6675,12.00,0.70
2007.10.08 12:59:07.154,1.6674,1.6675,16.00,0.50
2007.10.08 12:59:07.252,1.6674,1.66755,8.00,19.10
2007.10.08 12:59:08.690,1.6674,1.6675,6.40,0.50
2007.10.08 12:59:08.721,1.66735,1.6674,1.60,0.60
2007.10.08 12:59:09.003,1.66735,1.6674,0.80,0.90
2007.10.08 12:59:09.263,1.6673,1.6675,30.10,53.50
2007.10.08 12:59:09.861,1.6673,1.6675,28.50,53.50
2007.10.08 12:59:12.190,1.6673,1.6674,26.90,0.60
2007.10.08 12:59:12.210,1.6673,1.66745,22.40,19.10
2007.10.08 12:59:12.270,1.6673,1.66745,21.60,19.10
2007.10.08 12:59:12.326,1.6673,1.6674,17.60,0.70
2007.10.08 12:59:12.626,1.6673,1.66745,13.60,19.10
2007.10.08 12:59:12.732,1.6673,1.66745,11.20,27.10
2007.10.08 12:59:12.817,1.6673,1.6674,9.60,0.60
2007.10.08 12:59:12.966,1.6673,1.6674,1.60,0.70
2007.10.08 12:59:14.056,1.6673,1.6674,0.80,0.60
2007.10.08 12:59:14.194,1.6673,1.66745,15.20,19.10
2007.10.08 12:59:14.256,1.6673,1.66745,16.00,19.10
2007.10.08 12:59:14.285,1.6673,1.66745,8.00,19.10
2007.10.08 12:59:15.114,1.66725,1.6673,2.40,0.60
2007.10.08 12:59:15.178,1.66725,1.6673,1.60,0.70
2007.10.08 12:59:15.236,1.66725,1.6673,1.60,0.60
2007.10.08 12:59:15.269,1.66725,1.6673,1.60,0.80
2007.10.08 12:59:15.674,1.6673,1.6674,1.60,46.30
2007.10.08 12:59:15.748,1.6673,1.6674,4.00,0.70
2007.10.08 12:59:15.848,1.6673,1.66745,4.00,19.10
2007.10.08 12:59:16.157,1.6673,1.66745,8.00,19.10
2007.10.08 12:59:17.694,1.6673,1.6674,1.60,30.30
2007.10.08 12:59:17.716,1.66725,1.6674,1.60,32.70
2007.10.08 12:59:19.688,1.6673,1.6674,4.00,18.30
2007.10.08 12:59:20.207,1.66725,1.6673,1.60,18.30
2007.10.08 12:59:20.313,1.66725,1.6673,0.80,19.90
2007.10.08 12:59:20.331,1.6672,1.6673,24.00,19.90
2007.10.08 12:59:20.413,1.6672,1.6673,8.00,19.90
2007.10.08 12:59:21.149,1.6672,1.6673,16.00,19.90
2007.10.08 12:59:21.447,1.6672,1.6673,8.00,19.90
2007.10.08 12:59:24.699,1.6672,1.6673,6.40,19.90
2007.10.08 12:59:24.783,1.6672,1.6673,2.40,31.90
2007.10.08 12:59:24.874,1.6672,1.6673,2.40,39.90
2007.10.08 12:59:24.987,1.66715,1.6673,1.60,47.90
2007.10.08 12:59:25.255,1.66715,1.6673,0.80,47.90
2007.10.08 12:59:25.489,1.66715,1.6673,0.80,39.90
2007.10.08 12:59:25.625,1.6671,1.6673,30.10,39.90
2007.10.08 12:59:25.903,1.6671,1.6673,22.10,39.90
2007.10.08 12:59:26.018,1.6671,1.6673,20.50,39.90
2007.10.08 12:59:26.117,1.6671,1.6673,28.50,39.90
2007.10.08 12:59:26.688,1.6671,1.6673,28.50,38.30
2007.10.08 12:59:28.115,1.6671,1.6673,28.50,39.90
2007.10.08 12:59:28.648,1.6671,1.6673,28.50,38.30
2007.10.08 12:59:29.019,1.6671,1.6672,28.50,2.40
2007.10.08 12:59:29.152,1.6671,1.6672,26.10,2.40
2007.10.08 12:59:29.236,1.6671,1.6672,18.20,6.30
2007.10.08 12:59:29.247,1.6671,1.6672,18.20,14.30
2007.10.08 12:59:30.061,1.6671,1.6672,17.60,14.30
2007.10.08 12:59:30.389,1.6671,1.6672,16.80,14.30
2007.10.08 12:59:30.816,1.6671,1.6672,16.00,14.30
2007.10.08 12:59:36.052,1.6671,1.6672,20.00,14.30
2007.10.08 12:59:36.159,1.6672,1.6673,6.40,18.30
2007.10.08 12:59:36.238,1.6672,1.6673,8.00,23.90
2007.10.08 12:59:36.276,1.6672,1.6673,8.00,19.90
2007.10.08 12:59:37.684,1.6672,1.6673,6.40,19.90
2007.10.08 12:59:37.737,1.66715,1.6673,1.60,27.90
2007.10.08 12:59:37.823,1.66715,1.6673,1.60,35.90
2007.10.08 12:59:37.939,1.66715,1.6673,1.60,43.90
2007.10.08 12:59:38.201,1.66715,1.6673,1.60,46.30
2007.10.08 12:59:38.257,1.66715,1.6673,1.60,38.30
2007.10.08 12:59:39.238,1.66715,1.6673,1.60,35.90
2007.10.08 12:59:39.646,1.66715,1.6673,1.60,38.30
2007.10.08 12:59:41.392,1.66715,1.6673,0.80,38.30
2007.10.08 12:59:41.796,1.6671,1.6673,29.50,38.30
2007.10.08 12:59:41.813,1.66705,1.6673,30.30,38.30
2007.10.08 12:59:44.676,1.66705,1.6673,32.70,35.90
2007.10.08 12:59:53.183,1.6671,1.6673,44.70,27.90
2007.10.08 12:59:53.236,1.66715,1.6673,5.60,27.90
2007.10.08 12:59:53.290,1.66715,1.6673,5.60,19.90
2007.10.08 12:59:54.310,1.66715,1.6673,10.40,19.90
2007.10.08 12:59:56.615,1.6672,1.6673,2.80,22.30
2007.10.08 12:59:56.711,1.6672,1.6673,2.00,27.10
2007.10.08 12:59:56.717,1.66715,1.6672,3.10,8.00
2007.10.08 12:59:56.811,1.6671,1.6672,27.80,14.30
2007.10.08 12:59:59.773,1.6671,1.6672,17.40,14.30
