2013.01.22 09:00:00.464,1.24282,1.243,2.25,3.00
2013.01.22 09:00:00.971,1.24282,1.243,2.25,3.00
2013.01.22 09:00:01.281,1.24284,1.24302,1.50,3.00
2013.01.22 09:00:01.641,1.24291,1.24303,1.50,2.25
2013.01.22 09:00:01.961,1.24295,1.24303,1.50,1.50
2013.01.22 09:00:02.202,1.24293,1.24306,1.50,2.25
2013.01.22 09:00:02.762,1.24295,1.24306,1.50,1.50
2013.01.22 09:00:02.940,1.24292,1.24306,1.50,1.50
2013.01.22 09:00:03.001,1.24295,1.24306,1.50,1.50
2013.01.22 09:00:03.182,1.24295,1.24311,1.50,2.25
2013.01.22 09:00:03.305,1.24295,1.24311,1.50,1.50
2013.01.22 09:00:03.610,1.24296,1.24314,1.50,1.50
2013.01.22 09:00:03.792,1.24295,1.24311,1.50,1.50
2013.01.22 09:00:04.042,1.24296,1.24314,1.50,3.00
2013.01.22 09:00:04.652,1.24293,1.24311,1.50,1.50
2013.01.22 09:00:06.024,1.24293,1.2431,1.50,2.25
2013.01.22 09:00:06.091,1.24291,1.24309,1.50,1.50
2013.01.22 09:00:06.391,1.24289,1.24307,1.50,1.50
2013.01.22 09:00:06.692,1.24292,1.24308,1.50,1.50
2013.01.22 09:00:06.766,1.24293,1.24311,1.50,3.75
2013.01.22 09:00:07.131,1.24291,1.24309,1.50,1.50
2013.01.22 09:00:07.491,1.24289,1.24305,1.50,1.50
2013.01.22 09:00:07.798,1.24287,1.24303,1.50,1.50
2013.01.22 09:00:07.922,1.24283,1.24301,1.50,1.50
2013.01.22 09:00:08.161,1.24282,1.24298,1.50,1.50
2013.01.22 09:00:11.210,1.24283,1.24301,1.50,3.00
2013.01.22 09:00:12.110,1.24283,1.243,1.50,1.50
2013.01.22 09:00:12.487,1.24282,1.24298,1.50,1.50
2013.01.22 09:00:12.912,1.24284,1.243,1.50,1.50
2013.01.22 09:00:13.822,1.24286,1.24302,1.50,3.00
2013.01.22 09:00:16.200,1.24288,1.24304,1.50,1.50
2013.01.22 09:00:16.268,1.24289,1.24307,1.50,1.50
2013.01.22 09:00:16.811,1.24286,1.24304,1.50,1.50
2013.01.22 09:00:17.230,1.24284,1.24302,2.25,1.50
2013.01.22 09:00:17.770,1.24284,1.24302,1.50,1.50
2013.01.22 09:00:18.490,1.24284,1.24302,1.50,6.00
2013.01.22 09:00:18.793,1.24282,1.24298,1.50,1.50
2013.01.22 09:00:29.296,1.24283,1.24301,1.50,2.25
2013.01.22 09:00:29.422,1.24281,1.24299,1.50,1.50
2013.01.22 09:00:30.081,1.24281,1.24298,1.50,1.50
2013.01.22 09:00:30.441,1.24279,1.24295,1.50,1.50
2013.01.22 09:00:32.160,1.24277,1.24293,1.50,1.50
2013.01.22 09:00:32.464,1.24279,1.24295,1.50,1.50
2013.01.22 09:00:32.771,1.2428,1.24298,1.50,1.50
2013.01.22 09:00:33.198,1.24283,1.24299,1.50,1.50
2013.01.22 09:00:34.171,1.24284,1.24302,1.50,2.25
2013.01.22 09:00:34.291,1.24284,1.24302,1.50,6.75
2013.01.22 09:00:34.530,1.24281,1.24299,1.50,1.50
2013.01.22 09:00:34.951,1.2428,1.24296,2.25,1.50
2013.01.22 09:00:35.252,1.24282,1.24299,1.50,1.50
2013.01.22 09:00:35.442,1.24279,1.24295,1.50,1.50
2013.01.22 09:00:35.801,1.24281,1.24297,1.50,1.50
2013.01.22 09:00:38.701,1.24281,1.24296,1.50,1.50
2013.01.22 09:00:39.001,1.24278,1.24294,1.50,1.50
2013.01.22 09:00:39.062,1.24281,1.24294,1.50,1.50
2013.01.22 09:00:39.122,1.24275,1.24291,1.50,1.50
2013.01.22 09:00:39.241,1.24276,1.24294,1.50,3.00
2013.01.22 09:00:39.992,1.24276,1.24291,1.50,2.25
2013.01.22 09:00:40.237,1.24276,1.24292,1.50,1.50
2013.01.22 09:00:40.303,1.24273,1.24289,1.50,1.50
2013.01.22 09:00:40.693,1.24271,1.24287,2.25,1.50
2013.01.22 09:00:41.013,1.24268,1.24284,2.63,1.50
2013.01.22 09:00:41.322,1.24267,1.24281,1.69,1.50
2013.01.22 09:00:43.250,1.24267,1.24284,1.17,1.50
2013.01.22 09:00:43.852,1.24266,1.24281,1.73,1.50
2013.01.22 09:00:44.499,1.24266,1.24277,1.50,1.50
2013.01.22 09:00:44.578,1.24265,1.24279,1.50,1.50
2013.01.22 09:00:44.882,1.24261,1.24279,1.65,1.50
2013.01.22 09:00:45.330,1.24261,1.24279,2.40,1.50
2013.01.22 09:00:45.391,1.24265,1.24281,2.25,1.50
2013.01.22 09:00:46.791,1.24265,1.24281,5.25,1.50
2013.01.22 09:00:46.852,1.24266,1.24284,2.44,1.50
2013.01.22 09:00:47.031,1.24266,1.24284,4.17,1.50
2013.01.22 09:00:47.573,1.24267,1.24281,1.69,1.50
2013.01.22 09:00:48.082,1.24266,1.24281,1.69,1.50
2013.01.22 09:00:48.641,1.24266,1.24281,1.50,1.50
2013.01.22 09:00:48.701,1.24267,1.24283,1.50,1.50
2013.01.22 09:00:50.303,1.24267,1.24283,5.25,1.50
2013.01.22 09:00:50.364,1.24267,1.24281,3.00,1.50
2013.01.22 09:00:50.869,1.24265,1.24281,1.50,1.50
2013.01.22 09:00:51.003,1.24263,1.24281,1.50,1.50
2013.01.22 09:00:51.070,1.24262,1.24278,1.50,1.50
2013.01.22 09:00:51.418,1.24261,1.24277,1.88,1.50
2013.01.22 09:00:54.123,1.24262,1.24279,3.75,1.50
2013.01.22 09:00:54.251,1.24263,1.24281,2.25,1.50
2013.01.22 09:00:54.555,1.24262,1.24278,2.25,1.50
2013.01.22 09:00:55.063,1.24262,1.24278,2.25,1.50
2013.01.22 09:00:55.976,1.24258,1.24276,5.10,1.50
2013.01.22 09:00:56.681,1.24258,1.24274,1.88,1.50
2013.01.22 09:00:56.743,1.24258,1.24274,1.88,1.50
2013.01.22 09:00:56.802,1.24257,1.24274,1.13,1.50
2013.01.22 09:00:57.041,1.24256,1.24272,1.50,1.50
2013.01.22 09:00:57.912,1.24254,1.24272,3.19,1.50
2013.01.22 09:00:58.092,1.24254,1.24272,1.50,1.50
2013.01.22 09:00:58.211,1.24253,1.24263,3.90,1.50
2013.01.22 09:00:58.512,1.24246,1.24254,2.48,3.75
2013.01.22 09:00:58.642,1.24245,1.2425,2.25,1.50
2013.01.22 09:00:58.702,1.24241,1.2425,1.13,1.50
2013.01.22 09:00:58.772,1.24239,1.2425,2.25,1.50
2013.01.22 09:00:59.581,1.24236,1.2425,1.35,1.50
2013.01.22 09:01:00.122,1.24234,1.24248,1.50,1.50
2013.01.22 09:01:00.182,1.24231,1.24249,1.50,1.50
2013.01.22 09:01:00.988,1.24232,1.24251,1.50,1.50
2013.01.22 09:01:01.543,1.24235,1.24251,2.25,1.50
2013.01.22 09:01:02.092,1.24235,1.24247,3.00,1.50
2013.01.22 09:01:02.391,1.24231,1.24246,2.25,1.50
2013.01.22 09:01:02.930,1.2423,1.24246,2.25,1.50
2013.01.22 09:01:03.591,1.24228,1.24244,2.25,1.50
2013.01.22 09:01:04.260,1.24228,1.24247,2.25,1.50
2013.01.22 09:01:04.811,1.24231,1.24247,1.69,1.50
2013.01.22 09:01:05.113,1.24235,1.24247,3.00,1.50
2013.01.22 09:01:05.290,1.24235,1.24249,3.00,1.50
2013.01.22 09:01:06.092,1.24235,1.2425,3.75,1.50
2013.01.22 09:01:07.501,1.24236,1.2425,2.10,1.50
2013.01.22 09:01:08.453,1.24239,1.24253,1.35,1.50
2013.01.22 09:01:08.522,1.24239,1.24256,1.35,2.25
2013.01.22 09:01:08.644,1.24238,1.24256,1.50,2.25
2013.01.22 09:01:08.951,1.24234,1.2425,3.60,1.50
2013.01.22 09:01:09.191,1.24234,1.24252,3.60,1.50
2013.01.22 09:01:09.931,1.24234,1.2425,2.85,1.50
2013.01.22 09:01:10.342,1.24234,1.24245,1.88,1.50
2013.01.22 09:01:10.651,1.24234,1.2424,1.13,1.50
2013.01.22 09:01:11.201,1.24228,1.24244,1.50,1.50
2013.01.22 09:01:11.501,1.24226,1.24244,2.85,1.50
2013.01.22 09:01:11.861,1.24226,1.24244,3.60,1.50
2013.01.22 09:01:11.921,1.24226,1.24241,3.60,1.50
2013.01.22 09:01:12.521,1.24228,1.24241,1.50,1.50
2013.01.22 09:01:12.763,1.2423,1.2424,1.50,1.50
2013.01.22 09:01:12.952,1.2423,1.24238,1.50,1.50
2013.01.22 09:01:13.732,1.24229,1.24235,1.50,1.50
2013.01.22 09:01:13.793,1.24229,1.24235,1.50,1.50
2013.01.22 09:01:14.164,1.24224,1.24234,1.50,1.50
2013.01.22 09:01:14.295,1.24224,1.24237,1.50,1.50
2013.01.22 09:01:14.363,1.24223,1.24231,1.50,3.75
2013.01.22 09:01:14.493,1.2422,1.24231,1.50,4.50
2013.01.22 09:01:14.553,1.24219,1.24227,3.00,3.75
2013.01.22 09:01:14.624,1.24219,1.24224,2.25,3.00
2013.01.22 09:01:14.754,1.24216,1.24222,1.50,3.75
2013.01.22 09:01:15.758,1.2421,1.24226,2.48,1.88
2013.01.22 09:01:15.963,1.24207,1.24223,1.50,1.50
2013.01.22 09:01:17.092,1.24207,1.24223,2.25,1.50
2013.01.22 09:01:17.511,1.24208,1.24224,1.13,1.50
2013.01.22 09:01:17.634,1.24206,1.24224,3.60,1.50
2013.01.22 09:01:17.882,1.24207,1.24224,1.35,2.25
2013.01.22 09:01:17.941,1.24207,1.24224,1.35,2.25
2013.01.22 09:01:18.782,1.24208,1.24224,1.73,2.25
2013.01.22 09:01:19.315,1.24209,1.24224,1.13,3.00
2013.01.22 09:01:20.222,1.24208,1.24224,2.10,2.25
2013.01.22 09:01:20.532,1.24213,1.24225,1.50,2.25
2013.01.22 09:01:23.273,1.24212,1.24226,1.50,1.50
2013.01.22 09:01:23.942,1.24212,1.24227,1.88,1.50
2013.01.22 09:01:24.362,1.24212,1.24226,2.25,1.50
2013.01.22 09:01:24.614,1.24212,1.24227,2.25,1.50
2013.01.22 09:01:24.925,1.24206,1.24223,2.85,1.50
2013.01.22 09:01:24.991,1.24206,1.24223,1.35,1.50
2013.01.22 09:01:25.051,1.24206,1.24223,1.35,2.25
2013.01.22 09:01:25.110,1.24204,1.2422,4.35,1.50
2013.01.22 09:01:25.772,1.24204,1.24223,5.10,2.25
2013.01.22 09:01:26.511,1.24205,1.2422,2.10,1.50
2013.01.22 09:01:27.050,1.24206,1.24221,2.10,1.50
2013.01.22 09:01:27.590,1.24205,1.24221,1.35,1.50
2013.01.22 09:01:28.081,1.24203,1.24221,3.00,1.50
2013.01.22 09:01:28.262,1.24203,1.24218,1.50,1.50
2013.01.22 09:01:28.645,1.24203,1.24216,1.73,1.50
2013.01.22 09:01:28.891,1.24204,1.24219,1.13,1.50
2013.01.22 09:01:29.431,1.24204,1.24219,1.13,1.50
2013.01.22 09:01:29.971,1.24203,1.24219,1.73,1.50
2013.01.22 09:01:32.833,1.24203,1.24219,1.73,1.50
2013.01.22 09:01:33.073,1.24204,1.24219,1.88,2.25
2013.01.22 09:01:33.382,1.24197,1.24214,2.25,3.75
2013.01.22 09:01:33.441,1.24197,1.24211,2.25,1.50
2013.01.22 09:01:33.502,1.24197,1.24211,1.50,1.50
2013.01.22 09:01:33.561,1.24197,1.24213,3.00,1.50
2013.01.22 09:01:33.621,1.24197,1.24213,3.00,2.25
2013.01.22 09:01:33.922,1.24195,1.24204,1.50,1.50
2013.01.22 09:01:34.520,1.24187,1.24205,1.88,2.25
2013.01.22 09:01:34.593,1.24188,1.24204,2.25,1.50
2013.01.22 09:01:35.115,1.24188,1.24204,2.25,1.50
2013.01.22 09:01:36.681,1.24191,1.24206,1.88,1.50
2013.01.22 09:01:36.802,1.24193,1.24209,1.50,3.75
2013.01.22 09:01:37.105,1.24193,1.24209,1.50,2.25
2013.01.22 09:01:37.291,1.2419,1.24204,2.25,1.50
2013.01.22 09:01:37.652,1.24189,1.24207,2.25,2.25
2013.01.22 09:01:38.131,1.24189,1.24207,3.75,3.00
2013.01.22 09:01:38.435,1.24192,1.24207,1.50,1.50
2013.01.22 09:01:38.741,1.24192,1.24201,1.50,1.50
2013.01.22 09:01:38.863,1.24189,1.24201,1.50,3.00
2013.01.22 09:01:38.931,1.24183,1.24201,3.75,3.00
2013.01.22 09:01:39.472,1.24183,1.24201,1.50,3.00
2013.01.22 09:01:39.951,1.24185,1.24202,1.50,2.25
2013.01.22 09:01:40.311,1.24184,1.24193,1.65,1.35
2013.01.22 09:01:40.371,1.24182,1.24195,3.00,3.08
2013.01.22 09:01:40.443,1.24182,1.24196,1.50,1.50
2013.01.22 09:01:40.576,1.24184,1.24192,1.50,1.50
2013.01.22 09:01:40.702,1.24175,1.24192,1.50,1.50
2013.01.22 09:01:41.361,1.24174,1.24189,1.50,1.50
2013.01.22 09:01:41.621,1.24173,1.24189,1.50,1.50
2013.01.22 09:01:42.823,1.24174,1.24192,1.50,1.50
2013.01.22 09:01:43.241,1.24176,1.24194,1.50,1.50
2013.01.22 09:01:43.614,1.24179,1.24195,1.50,1.50
2013.01.22 09:01:46.063,1.2418,1.24195,1.50,1.50
2013.01.22 09:01:46.252,1.24182,1.24198,1.50,1.50
2013.01.22 09:01:46.312,1.2418,1.24196,1.50,1.50
2013.01.22 09:01:46.676,1.24182,1.24198,1.50,1.50
2013.01.22 09:01:47.111,1.24183,1.24201,1.50,1.50
2013.01.22 09:01:47.232,1.24186,1.24202,1.50,2.10
2013.01.22 09:01:48.831,1.24183,1.24201,1.50,1.50
2013.01.22 09:01:50.540,1.24183,1.24201,1.50,3.75
2013.01.22 09:01:50.812,1.24185,1.24201,1.50,2.25
2013.01.22 09:01:51.792,1.24185,1.24203,1.50,4.50
2013.01.22 09:01:52.403,1.24185,1.24203,1.50,3.75
2013.01.22 09:01:52.640,1.24184,1.242,1.50,1.50
2013.01.22 09:01:53.171,1.24185,1.24203,1.50,5.25
2013.01.22 09:01:53.530,1.24183,1.24201,1.50,1.50
2013.01.22 09:01:54.630,1.24183,1.24201,1.50,3.75
2013.01.22 09:01:55.152,1.24183,1.24201,1.50,1.50
2013.01.22 09:01:55.701,1.24183,1.242,1.50,1.50
2013.01.22 09:01:56.010,1.2418,1.24196,2.25,1.50
2013.01.22 09:01:56.550,1.2418,1.24196,1.50,1.50
2013.01.22 09:02:00.481,1.24178,1.24195,2.25,1.50
2013.01.22 09:02:01.022,1.24177,1.24195,3.00,2.25
2013.01.22 09:02:01.081,1.24177,1.24193,3.00,1.13
2013.01.22 09:02:01.621,1.24175,1.24183,2.25,1.50
2013.01.22 09:02:02.102,1.24169,1.24183,2.25,1.50
2013.01.22 09:02:02.521,1.24169,1.24183,1.50,1.50
2013.01.22 09:02:02.641,1.24167,1.24183,1.50,1.50
2013.01.22 09:02:02.821,1.24163,1.24181,2.25,1.50
2013.01.22 09:02:03.251,1.24163,1.24181,1.50,1.88
2013.01.22 09:02:03.612,1.24163,1.24175,1.50,1.50
2013.01.22 09:02:03.795,1.24158,1.24174,2.25,2.25
2013.01.22 09:02:03.863,1.24158,1.24172,1.50,2.25
2013.01.22 09:02:04.114,1.24151,1.24165,1.50,5.78
2013.01.22 09:02:04.184,1.2415,1.24159,1.50,1.50
2013.01.22 09:02:04.494,1.24122,1.24149,1.50,28.92
2013.01.22 09:02:04.680,1.24111,1.24131,3.75,9.23
2013.01.22 09:02:04.741,1.24109,1.24124,5.25,1.95
2013.01.22 09:02:05.042,1.24095,1.2411,6.00,9.61
2013.01.22 09:02:05.170,1.24082,1.24098,3.56,6.01
2013.01.22 09:02:05.410,1.24077,1.24085,2.10,2.10
2013.01.22 09:02:05.771,1.24072,1.24077,1.05,1.13
2013.01.22 09:02:05.951,1.24072,1.24083,1.05,1.13
2013.01.22 09:02:06.011,1.24073,1.24082,1.05,1.50
2013.01.22 09:02:06.131,1.2407,1.24082,1.50,1.50
2013.01.22 09:02:06.192,1.2407,1.24086,1.95,1.50
2013.01.22 09:02:06.556,1.24073,1.24088,1.50,1.50
2013.01.22 09:02:06.863,1.24067,1.24087,1.50,1.13
2013.01.22 09:02:06.992,1.24062,1.24087,1.88,1.13
2013.01.22 09:02:07.460,1.24065,1.24091,2.25,1.13
2013.01.22 09:02:07.545,1.24065,1.2409,4.50,1.50
2013.01.22 09:02:07.612,1.24065,1.24092,5.25,1.50
2013.01.22 09:02:07.791,1.24066,1.2409,1.50,1.50
2013.01.22 09:02:07.971,1.24074,1.24094,2.25,1.13
2013.01.22 09:02:08.036,1.24074,1.24096,3.00,1.50
2013.01.22 09:02:08.182,1.24076,1.24099,1.50,1.13
2013.01.22 09:02:08.326,1.24076,1.24101,1.69,1.88
2013.01.22 09:02:08.511,1.24078,1.24101,1.69,1.88
2013.01.22 09:02:09.020,1.24078,1.24101,1.69,1.13
2013.01.22 09:02:09.342,1.2409,1.24101,1.50,1.13
2013.01.22 09:02:09.401,1.24083,1.24101,1.50,1.13
2013.01.22 09:02:09.521,1.24082,1.24101,2.10,1.88
2013.01.22 09:02:09.820,1.24082,1.24103,1.35,1.50
2013.01.22 09:02:10.002,1.24082,1.24103,2.25,1.50
2013.01.22 09:02:10.244,1.24082,1.24106,2.10,1.35
2013.01.22 09:02:10.444,1.24082,1.24103,2.10,1.13
2013.01.22 09:02:10.751,1.24078,1.24106,2.25,2.09
2013.01.22 09:02:10.811,1.24072,1.24099,1.50,1.13
2013.01.22 09:02:10.873,1.24071,1.24099,2.67,1.13
2013.01.22 09:02:11.173,1.24071,1.24099,1.50,2.10
2013.01.22 09:02:11.488,1.24061,1.24084,1.50,1.13
2013.01.22 09:02:11.731,1.24056,1.24082,1.50,1.35
2013.01.22 09:02:11.975,1.24056,1.2408,1.50,2.10
2013.01.22 09:02:12.522,1.24051,1.24076,1.50,5.85
2013.01.22 09:02:12.595,1.2405,1.24076,1.50,5.85
2013.01.22 09:02:13.115,1.24047,1.24074,3.04,1.13
2013.01.22 09:02:13.242,1.24047,1.24076,2.85,1.35
2013.01.22 09:02:13.542,1.24051,1.24076,1.50,1.13
2013.01.22 09:02:13.791,1.24052,1.24079,1.50,1.88
2013.01.22 09:02:14.246,1.24056,1.24078,1.50,1.28
2013.01.22 09:02:14.680,1.24054,1.24074,1.50,1.88
2013.01.22 09:02:14.802,1.24054,1.24074,2.85,1.88
2013.01.22 09:02:15.603,1.24054,1.24075,5.44,1.13
2013.01.22 09:02:15.702,1.24054,1.24075,6.19,1.13
2013.01.22 09:02:16.030,1.24056,1.24075,1.13,1.13
2013.01.22 09:02:16.151,1.2406,1.24079,1.13,1.13
2013.01.22 09:02:16.211,1.24059,1.24079,1.50,1.13
2013.01.22 09:02:16.271,1.24056,1.24081,2.10,1.50
2013.01.22 09:02:16.331,1.24056,1.24077,2.10,1.13
2013.01.22 09:02:16.881,1.24056,1.24079,1.35,2.25
2013.01.22 09:02:17.185,1.24059,1.24078,2.10,2.25
2013.01.22 09:02:17.492,1.24056,1.24075,2.85,1.50
2013.01.22 09:02:18.059,1.24072,1.24082,1.50,1.50
2013.01.22 09:02:18.194,1.24066,1.24084,1.50,6.00
2013.01.22 09:02:18.381,1.24066,1.24084,1.50,5.25
2013.01.22 09:02:19.683,1.24066,1.24084,4.13,1.50
2013.01.22 09:02:20.044,1.24071,1.24087,3.00,2.25
2013.01.22 09:02:20.233,1.24073,1.24089,1.50,3.00
2013.01.22 09:02:20.303,1.24071,1.24087,1.50,3.00
2013.01.22 09:02:20.620,1.24073,1.24087,1.50,3.00
2013.01.22 09:02:20.931,1.24077,1.24087,1.50,1.50
2013.01.22 09:02:21.233,1.24078,1.24088,2.44,1.50
2013.01.22 09:02:21.413,1.24082,1.24098,1.50,2.25
2013.01.22 09:02:21.481,1.24082,1.24098,1.50,3.00
2013.01.22 09:02:21.601,1.24082,1.24098,1.50,1.50
2013.01.22 09:02:21.782,1.24081,1.24099,1.50,1.88
2013.01.22 09:02:21.840,1.24081,1.24099,1.50,1.50
2013.01.22 09:02:22.285,1.2408,1.24096,1.50,1.50
2013.01.22 09:02:23.257,1.2408,1.24096,2.25,1.50
2013.01.22 09:02:23.562,1.24083,1.24093,1.50,2.85
2013.01.22 09:02:23.622,1.24086,1.24095,8.25,2.10
2013.01.22 09:02:23.681,1.2409,1.24095,1.50,1.50
2013.01.22 09:02:23.741,1.24091,1.24095,3.75,3.00
2013.01.22 09:02:23.981,1.24082,1.24098,1.50,1.88
2013.01.22 09:02:24.042,1.24081,1.24098,3.00,1.88
2013.01.22 09:02:24.101,1.24077,1.24095,1.88,1.50
2013.01.22 09:02:24.161,1.24079,1.24097,1.65,1.50
2013.01.22 09:02:24.221,1.24086,1.24097,2.10,1.50
2013.01.22 09:02:24.786,1.24089,1.24098,1.50,1.50
2013.01.22 09:02:25.121,1.2408,1.24098,1.50,1.50
2013.01.22 09:02:25.991,1.24076,1.24094,1.50,1.50
2013.01.22 09:02:27.232,1.24076,1.24092,1.50,1.50
2013.01.22 09:02:27.542,1.24076,1.2409,1.50,1.50
2013.01.22 09:02:27.781,1.2407,1.24088,2.25,1.50
2013.01.22 09:02:28.380,1.2407,1.24088,1.50,1.50
2013.01.22 09:02:29.172,1.24071,1.24088,3.75,1.50
2013.01.22 09:02:29.472,1.24071,1.24091,5.25,1.50
2013.01.22 09:02:29.532,1.24081,1.24091,4.50,1.50
2013.01.22 09:02:29.653,1.24082,1.24091,1.13,1.50
2013.01.22 09:02:29.713,1.24082,1.24098,2.63,1.62
2013.01.22 09:02:30.256,1.24082,1.241,2.63,1.13
2013.01.22 09:02:30.691,1.24083,1.24102,1.13,2.74
2013.01.22 09:02:31.606,1.24082,1.24102,3.38,2.74
2013.01.22 09:02:32.101,1.24089,1.24104,1.50,1.99
2013.01.22 09:02:32.163,1.24087,1.24104,1.50,1.50
2013.01.22 09:02:32.412,1.2409,1.24106,1.50,1.50
2013.01.22 09:02:32.530,1.2409,1.24108,1.50,1.50
2013.01.22 09:02:32.952,1.24092,1.2411,1.50,1.80
2013.01.22 09:02:33.312,1.24092,1.24106,1.50,1.50
2013.01.22 09:02:33.431,1.2409,1.24106,1.50,1.50
2013.01.22 09:02:34.534,1.2409,1.24108,1.50,3.75
2013.01.22 09:02:34.664,1.24092,1.24108,3.00,2.25
2013.01.22 09:02:35.046,1.24095,1.24109,1.65,1.50
2013.01.22 09:02:35.355,1.24099,1.24109,2.25,1.50
2013.01.22 09:02:35.421,1.24099,1.24115,2.25,1.99
2013.01.22 09:02:35.661,1.24099,1.24115,2.25,1.58
2013.01.22 09:02:35.780,1.24099,1.24115,2.25,1.99
2013.01.22 09:02:36.531,1.24099,1.24115,2.25,1.50
2013.01.22 09:02:36.841,1.24099,1.24117,2.25,2.48
2013.01.22 09:02:37.201,1.24099,1.24117,3.00,2.07
2013.01.22 09:02:37.262,1.24099,1.24112,3.00,1.50
2013.01.22 09:02:37.621,1.24089,1.24101,3.75,1.50
2013.01.22 09:02:37.982,1.24083,1.24099,1.88,1.50
2013.01.22 09:02:38.404,1.24076,1.24091,2.25,3.75
2013.01.22 09:02:38.711,1.24071,1.24084,2.25,1.65
2013.01.22 09:02:38.770,1.24071,1.24081,2.25,1.50
2013.01.22 09:02:38.892,1.24072,1.24087,1.50,1.50
2013.01.22 09:02:38.953,1.24075,1.24082,1.50,1.24
2013.01.22 09:02:39.312,1.24063,1.24071,1.13,1.50
2013.01.22 09:02:39.922,1.24061,1.2407,1.13,1.50
2013.01.22 09:02:39.982,1.24054,1.2407,1.13,1.50
2013.01.22 09:02:40.161,1.24052,1.2407,2.25,1.50
2013.01.22 09:02:40.703,1.24052,1.24071,2.25,1.50
2013.01.22 09:02:41.182,1.24052,1.24071,2.25,1.50
2013.01.22 09:02:41.547,1.24052,1.24058,1.50,1.50
2013.01.22 09:02:41.611,1.24052,1.24062,1.50,2.25
2013.01.22 09:02:41.672,1.24049,1.2406,1.50,1.50
2013.01.22 09:02:41.792,1.24046,1.2406,1.50,3.00
2013.01.22 09:02:41.971,1.24048,1.24066,1.50,3.75
2013.01.22 09:02:42.032,1.24044,1.2406,2.25,1.50
2013.01.22 09:02:43.132,1.24042,1.24057,3.00,1.50
2013.01.22 09:02:43.253,1.24042,1.24057,1.50,1.88
2013.01.22 09:02:43.443,1.24035,1.24054,1.50,1.50
2013.01.22 09:02:43.633,1.24031,1.24052,5.25,2.25
2013.01.22 09:02:43.754,1.24033,1.24052,3.75,1.50
2013.01.22 09:02:44.063,1.24031,1.24053,1.13,2.25
2013.01.22 09:02:44.193,1.24031,1.2405,1.13,1.50
2013.01.22 09:02:44.731,1.24028,1.24048,2.25,1.50
2013.01.22 09:02:45.282,1.24028,1.2405,1.50,2.25
2013.01.22 09:02:45.522,1.24027,1.24045,1.50,1.50
2013.01.22 09:02:45.824,1.24025,1.24042,2.25,1.50
2013.01.22 09:02:46.492,1.24026,1.24042,1.50,1.50
2013.01.22 09:02:46.802,1.24041,1.24056,1.50,1.50
2013.01.22 09:02:46.925,1.24035,1.24058,5.25,2.25
2013.01.22 09:02:46.992,1.24038,1.24058,1.50,1.50
2013.01.22 09:02:47.172,1.24036,1.24058,2.63,2.25
2013.01.22 09:02:47.232,1.2404,1.24058,1.50,1.50
2013.01.22 09:02:47.302,1.24041,1.24062,1.50,2.25
2013.01.22 09:02:47.493,1.24043,1.24064,1.50,2.25
2013.01.22 09:02:47.740,1.24043,1.24064,1.50,1.50
2013.01.22 09:02:48.161,1.24043,1.24064,2.63,1.50
2013.01.22 09:02:48.524,1.24045,1.24065,1.50,1.50
2013.01.22 09:02:48.651,1.24044,1.24062,1.69,1.50
2013.01.22 09:02:51.199,1.24044,1.24062,3.00,1.50
2013.01.22 09:02:51.324,1.24048,1.24066,1.50,1.88
2013.01.22 09:02:51.662,1.24051,1.24069,1.50,4.88
2013.01.22 09:02:52.530,1.24051,1.24069,2.25,1.65
2013.01.22 09:02:52.891,1.24058,1.24076,1.50,1.73
2013.01.22 09:02:53.011,1.24058,1.24076,1.50,1.50
2013.01.22 09:02:53.071,1.24059,1.24079,1.50,1.50
2013.01.22 09:02:54.042,1.24062,1.24079,1.50,1.50
2013.01.22 09:02:54.101,1.24063,1.24082,1.50,3.75
2013.01.22 09:02:54.640,1.24063,1.24083,1.50,3.00
2013.01.22 09:02:54.702,1.24061,1.24081,1.50,1.50
2013.01.22 09:02:55.026,1.24064,1.24082,1.50,1.50
2013.01.22 09:02:55.581,1.2407,1.24084,1.50,1.50
2013.01.22 09:02:55.940,1.24073,1.24087,1.50,1.50
2013.01.22 09:02:56.345,1.24068,1.24087,1.50,1.73
2013.01.22 09:02:56.412,1.24067,1.24086,1.50,1.50
2013.01.22 09:02:56.935,1.24072,1.24085,1.50,1.50
2013.01.22 09:02:57.009,1.24064,1.24084,1.50,1.50
2013.01.22 09:02:57.751,1.24062,1.2408,1.50,1.50
2013.01.22 09:02:59.581,1.24059,1.24079,2.25,1.50
2013.01.22 09:03:00.383,1.24061,1.24081,1.50,3.00
2013.01.22 09:03:00.813,1.24057,1.24077,1.50,1.50
2013.01.22 09:03:01.151,1.24057,1.24077,1.50,2.25
2013.01.22 09:03:01.701,1.24057,1.24077,1.50,2.25
2013.01.22 09:03:03.971,1.24055,1.24075,1.50,2.25
2013.01.22 09:03:04.529,1.24055,1.24075,1.50,1.50
2013.01.22 09:03:10.440,1.24055,1.24075,1.88,1.50
2013.01.22 09:03:10.683,1.24058,1.24076,1.50,1.50
2013.01.22 09:03:10.743,1.24058,1.24076,1.88,1.50
2013.01.22 09:03:10.932,1.24059,1.24078,1.88,1.50
2013.01.22 09:03:11.292,1.24059,1.24079,1.50,1.50
2013.01.22 09:03:11.662,1.24061,1.24081,1.50,1.50
2013.01.22 09:03:12.022,1.24058,1.24076,1.50,1.50
2013.01.22 09:03:15.461,1.2406,1.24078,1.50,1.50
2013.01.22 09:03:16.921,1.24061,1.24081,1.50,1.50
2013.01.22 09:03:17.100,1.24063,1.24083,1.50,1.50
2013.01.22 09:03:17.411,1.24062,1.2408,1.50,1.50
2013.01.22 09:03:17.712,1.24067,1.24083,1.50,1.50
2013.01.22 09:03:18.073,1.24069,1.24087,1.50,1.58
2013.01.22 09:03:18.201,1.24069,1.24087,1.50,2.25
2013.01.22 09:03:18.745,1.24069,1.24087,1.50,2.33
2013.01.22 09:03:18.811,1.24067,1.24085,1.50,1.50
2013.01.22 09:03:20.344,1.24064,1.24084,1.50,1.50
2013.01.22 09:03:20.840,1.24067,1.24085,1.50,1.58
2013.01.22 09:03:22.591,1.24068,1.24087,1.50,3.83
2013.01.22 09:03:23.133,1.24068,1.24088,1.50,2.55
2013.01.22 09:03:25.152,1.24066,1.24086,1.50,2.33
2013.01.22 09:03:25.748,1.24066,1.24086,1.50,1.58
2013.01.22 09:03:27.044,1.24069,1.24087,1.50,1.58
2013.01.22 09:03:28.162,1.24069,1.24087,1.50,1.58
2013.01.22 09:03:28.901,1.24069,1.24087,1.50,1.58
2013.01.22 09:03:29.202,1.24071,1.24087,1.88,1.58
2013.01.22 09:03:29.751,1.24071,1.24089,3.38,3.08
2013.01.22 09:03:30.102,1.24071,1.24089,3.38,3.00
2013.01.22 09:03:30.280,1.24074,1.24092,1.50,2.25
2013.01.22 09:03:31.222,1.24074,1.24094,2.25,2.25
2013.01.22 09:03:31.303,1.24076,1.24096,1.50,4.35
2013.01.22 09:03:32.210,1.24075,1.24093,1.50,2.25
2013.01.22 09:03:33.533,1.24077,1.24093,1.50,1.35
2013.01.22 09:03:35.101,1.24077,1.24094,1.65,2.25
2013.01.22 09:03:35.621,1.24077,1.24095,2.40,2.25
2013.01.22 09:03:36.183,1.24077,1.24095,2.40,1.50
2013.01.22 09:03:36.781,1.24077,1.24095,2.63,1.50
2013.01.22 09:03:36.901,1.2408,1.24097,1.65,1.50
2013.01.22 09:03:37.595,1.24078,1.24096,1.88,2.25
2013.01.22 09:03:37.661,1.24078,1.24098,1.88,4.50
2013.01.22 09:03:38.205,1.24077,1.24096,1.13,1.50
2013.01.22 09:03:38.871,1.24077,1.24096,2.25,1.50
2013.01.22 09:03:38.991,1.2408,1.24096,2.25,1.50
2013.01.22 09:03:39.176,1.24086,1.24103,1.50,3.38
2013.01.22 09:03:39.971,1.24084,1.24102,3.00,1.50
2013.01.22 09:03:40.491,1.24085,1.24104,1.50,1.54
2013.01.22 09:03:43.946,1.24087,1.24103,1.50,1.50
2013.01.22 09:03:44.372,1.24087,1.24107,1.50,2.25
2013.01.22 09:03:44.501,1.24089,1.24108,1.50,5.63
2013.01.22 09:03:45.043,1.24092,1.24109,1.50,1.13
2013.01.22 09:03:45.603,1.24091,1.24109,1.50,1.13
2013.01.22 09:03:49.542,1.24091,1.24111,1.50,1.88
2013.01.22 09:03:49.962,1.24094,1.24112,1.50,3.38
2013.01.22 09:03:50.080,1.24095,1.24114,1.50,2.25
2013.01.22 09:03:50.502,1.24095,1.24114,1.50,2.63
2013.01.22 09:03:50.622,1.24093,1.24111,3.00,1.50
2013.01.22 09:03:51.124,1.24096,1.24111,1.50,3.75
2013.01.22 09:03:51.312,1.24094,1.2411,1.50,1.13
2013.01.22 09:03:51.435,1.24092,1.2411,1.50,2.63
2013.01.22 09:03:51.736,1.24092,1.2411,1.50,2.10
2013.01.22 09:03:51.873,1.2409,1.24108,1.50,1.88
2013.01.22 09:03:52.002,1.24087,1.24105,3.00,1.50
2013.01.22 09:03:52.995,1.24084,1.24104,1.50,1.50
2013.01.22 09:03:54.272,1.24085,1.24104,1.35,1.50
2013.01.22 09:03:54.574,1.2409,1.24104,1.50,1.50
2013.01.22 09:03:54.702,1.24085,1.24104,1.50,1.50
2013.01.22 09:03:54.881,1.24084,1.24103,4.50,5.25
2013.01.22 09:03:55.182,1.24087,1.24101,1.50,1.50
2013.01.22 09:03:55.421,1.24085,1.24101,3.00,3.00
2013.01.22 09:03:55.553,1.24083,1.24101,1.50,3.00
2013.01.22 09:03:55.674,1.24083,1.241,1.50,1.50
2013.01.22 09:03:55.983,1.24083,1.24093,1.50,1.35
2013.01.22 09:03:56.044,1.24075,1.24087,1.65,1.50
2013.01.22 09:03:56.113,1.24075,1.24084,1.50,1.50
2013.01.22 09:03:56.421,1.24072,1.24081,3.75,1.50
2013.01.22 09:03:57.464,1.24061,1.24081,1.50,1.50
2013.01.22 09:03:57.741,1.24063,1.24083,1.50,3.00
2013.01.22 09:03:58.703,1.24061,1.24081,1.50,1.50
2013.01.22 09:03:59.723,1.24064,1.24082,1.50,1.50
2013.01.22 09:04:01.202,1.24061,1.24081,1.50,1.50
2013.01.22 09:04:01.502,1.24063,1.24082,1.50,1.50
2013.01.22 09:04:01.907,1.24063,1.24084,1.50,1.50
2013.01.22 09:04:02.393,1.24066,1.24084,1.50,1.50
2013.01.22 09:04:02.815,1.24063,1.24084,1.50,3.75
2013.01.22 09:04:02.884,1.24062,1.24081,1.50,1.50
2013.01.22 09:04:03.433,1.24061,1.2408,1.50,3.90
2013.01.22 09:04:03.794,1.24059,1.24071,3.00,1.73
2013.01.22 09:04:03.934,1.24058,1.24071,1.50,1.35
2013.01.22 09:04:04.012,1.24058,1.24066,1.50,1.65
2013.01.22 09:04:04.384,1.24058,1.24064,1.50,1.50
2013.01.22 09:04:04.697,1.24054,1.24066,3.00,1.65
2013.01.22 09:04:04.765,1.24054,1.24066,2.25,1.65
2013.01.22 09:04:05.087,1.2405,1.24066,3.38,1.65
2013.01.22 09:04:05.702,1.24048,1.24066,1.50,3.15
2013.01.22 09:04:05.894,1.24048,1.24066,1.50,3.90
2013.01.22 09:04:06.402,1.24048,1.24064,1.50,1.50
2013.01.22 09:04:06.705,1.24048,1.24064,1.50,1.50
2013.01.22 09:04:06.952,1.24046,1.24065,1.50,1.73
2013.01.22 09:04:07.013,1.24046,1.24065,1.50,2.10
2013.01.22 09:04:07.552,1.24046,1.24065,1.50,3.00
2013.01.22 09:04:08.431,1.24045,1.24062,1.88,1.88
2013.01.22 09:04:08.491,1.24045,1.24062,1.65,1.50
2013.01.22 09:04:08.732,1.24047,1.24062,1.13,1.65
2013.01.22 09:04:08.863,1.24045,1.24062,1.65,2.10
2013.01.22 09:04:08.933,1.24044,1.24062,2.40,2.10
2013.01.22 09:04:09.185,1.24044,1.24057,2.40,1.50
2013.01.22 09:04:09.492,1.24045,1.24062,1.65,1.50
2013.01.22 09:04:10.013,1.24045,1.2406,1.13,1.13
2013.01.22 09:04:10.169,1.24045,1.24061,1.65,1.13
2013.01.22 09:04:10.322,1.24044,1.2406,2.63,1.65
2013.01.22 09:04:10.657,1.24051,1.2406,1.50,1.13
2013.01.22 09:04:10.725,1.24052,1.2406,1.50,1.13
2013.01.22 09:04:10.794,1.24053,1.24058,1.50,1.13
2013.01.22 09:04:10.938,1.24051,1.24065,1.50,1.65
2013.01.22 09:04:11.003,1.24051,1.24063,1.50,1.13
2013.01.22 09:04:11.322,1.24048,1.24057,1.50,1.50
2013.01.22 09:04:11.514,1.24049,1.24057,1.50,1.50
2013.01.22 09:04:12.574,1.24049,1.24058,1.50,1.50
2013.01.22 09:04:12.702,1.24051,1.24063,1.50,1.50
2013.01.22 09:04:13.324,1.2405,1.24062,1.50,1.88
2013.01.22 09:04:13.399,1.2405,1.24062,1.50,1.13
2013.01.22 09:04:13.461,1.2405,1.24063,1.50,1.65
2013.01.22 09:04:13.823,1.2405,1.24063,1.50,1.65
2013.01.22 09:04:14.580,1.24047,1.24064,1.50,1.13
2013.01.22 09:04:14.713,1.2405,1.24062,1.50,1.09
2013.01.22 09:04:14.832,1.24049,1.24062,1.50,1.09
2013.01.22 09:04:15.072,1.2405,1.24059,1.50,1.50
2013.01.22 09:04:15.576,1.24048,1.24059,1.50,1.50
2013.01.22 09:04:15.891,1.24048,1.24058,1.50,1.50
2013.01.22 09:04:16.012,1.24048,1.24058,1.50,1.50
2013.01.22 09:04:16.552,1.24049,1.24058,1.50,1.50
2013.01.22 09:04:16.672,1.24049,1.24058,1.50,1.50
2013.01.22 09:04:17.103,1.24049,1.24058,1.50,1.50
2013.01.22 09:04:17.653,1.24049,1.24057,1.50,1.50
2013.01.22 09:04:18.220,1.24049,1.24057,1.50,2.25
2013.01.22 09:04:18.593,1.24049,1.24057,1.50,1.88
2013.01.22 09:04:18.843,1.24049,1.24057,1.50,1.13
2013.01.22 09:04:19.632,1.24049,1.24059,1.50,4.13
2013.01.22 09:04:20.002,1.24049,1.24059,1.50,4.50
2013.01.22 09:04:20.602,1.24044,1.24058,1.50,1.50
2013.01.22 09:04:21.490,1.24043,1.24057,2.25,1.88
2013.01.22 09:04:21.624,1.24043,1.24057,2.25,1.69
2013.01.22 09:04:21.758,1.24046,1.24056,1.50,1.50
2013.01.22 09:04:21.886,1.24046,1.24058,1.50,1.50
2013.01.22 09:04:23.435,1.24046,1.24057,1.50,1.50
2013.01.22 09:04:23.655,1.24047,1.24056,1.50,1.50
2013.01.22 09:04:24.388,1.24047,1.24058,1.50,1.50
2013.01.22 09:04:24.947,1.24047,1.24059,1.50,3.75
2013.01.22 09:04:25.554,1.24051,1.2406,1.50,1.50
2013.01.22 09:04:25.683,1.2405,1.24062,1.50,1.50
2013.01.22 09:04:25.862,1.24054,1.24062,1.28,1.50
2013.01.22 09:04:25.985,1.24058,1.24071,1.35,1.13
2013.01.22 09:04:26.113,1.24063,1.24072,1.13,1.13
2013.01.22 09:04:26.423,1.2407,1.24083,7.50,1.65
2013.01.22 09:04:26.887,1.24073,1.24081,2.25,1.13
2013.01.22 09:04:27.883,1.24073,1.24085,2.25,1.50
2013.01.22 09:04:28.460,1.24076,1.24086,1.50,1.50
2013.01.22 09:04:28.546,1.24073,1.24085,1.50,1.50
2013.01.22 09:04:28.697,1.24072,1.24085,1.50,1.50
2013.01.22 09:04:28.762,1.24063,1.24079,1.50,1.95
2013.01.22 09:04:28.942,1.24056,1.24068,3.75,1.50
2013.01.22 09:04:29.004,1.24056,1.24064,3.00,1.50
2013.01.22 09:04:29.442,1.24045,1.24065,3.00,3.00
2013.01.22 09:04:30.171,1.24045,1.24064,2.25,3.00
2013.01.22 09:04:30.711,1.24045,1.24064,2.25,1.50
2013.01.22 09:04:31.081,1.24045,1.24063,2.25,1.13
2013.01.22 09:04:31.702,1.24042,1.24062,4.50,1.50
2013.01.22 09:04:32.284,1.24049,1.24071,1.50,5.70
2013.01.22 09:04:32.414,1.24049,1.24062,1.50,1.50
2013.01.22 09:04:32.482,1.24049,1.24062,1.50,1.50
2013.01.22 09:04:33.041,1.24048,1.24065,1.50,1.50
2013.01.22 09:04:33.102,1.24048,1.24062,1.50,2.40
2013.01.22 09:04:34.082,1.24049,1.2406,1.50,2.40
2013.01.22 09:04:34.201,1.24048,1.2406,1.50,2.40
2013.01.22 09:04:34.450,1.24048,1.2406,1.50,2.55
2013.01.22 09:04:35.001,1.24045,1.2406,1.50,1.65
2013.01.22 09:04:35.394,1.24045,1.2406,1.50,1.65
2013.01.22 09:04:35.907,1.24045,1.2406,1.50,1.65
2013.01.22 09:04:36.533,1.24045,1.2406,1.50,3.75
2013.01.22 09:04:36.842,1.24045,1.24057,1.50,1.50
2013.01.22 09:04:37.165,1.24042,1.2406,3.15,3.15
2013.01.22 09:04:37.293,1.24042,1.2406,3.75,2.63
2013.01.22 09:04:37.414,1.24045,1.2406,1.50,1.88
2013.01.22 09:04:37.734,1.24042,1.2405,2.25,7.50
2013.01.22 09:04:38.293,1.24043,1.24052,1.50,2.25
2013.01.22 09:04:38.829,1.2403,1.24048,1.50,1.50
2013.01.22 09:04:39.132,1.24027,1.24052,2.25,2.95
2013.01.22 09:04:39.584,1.24027,1.24046,1.50,2.48
2013.01.22 09:04:39.893,1.24027,1.24044,1.50,2.85
2013.01.22 09:04:40.489,1.24014,1.24032,2.25,1.50
2013.01.22 09:04:40.575,1.24015,1.2404,1.50,2.25
2013.01.22 09:04:40.872,1.24017,1.24037,1.50,3.75
2013.01.22 09:04:40.982,1.24018,1.24035,2.25,1.50
2013.01.22 09:04:41.111,1.24015,1.24033,1.50,1.50
2013.01.22 09:04:41.774,1.24016,1.24034,2.25,1.50
2013.01.22 09:04:42.153,1.24016,1.24034,1.50,3.00
2013.01.22 09:04:42.214,1.24011,1.24031,2.25,2.25
2013.01.22 09:04:42.343,1.24011,1.24029,4.50,3.00
2013.01.22 09:04:42.972,1.24011,1.24031,2.44,2.48
2013.01.22 09:04:43.340,1.24016,1.24031,1.50,2.25
2013.01.22 09:04:43.653,1.24019,1.24032,1.50,1.50
2013.01.22 09:04:43.962,1.24025,1.24032,2.25,1.50
2013.01.22 09:04:44.503,1.24024,1.24039,1.50,4.20
2013.01.22 09:04:44.933,1.24024,1.24036,2.25,1.50
2013.01.22 09:04:45.005,1.24022,1.24032,2.25,1.50
2013.01.22 09:04:45.076,1.24022,1.24042,2.25,6.00
2013.01.22 09:04:45.203,1.24022,1.24042,1.50,6.00
2013.01.22 09:04:45.263,1.24022,1.2405,2.25,1.13
2013.01.22 09:04:45.812,1.24025,1.24045,1.50,1.50
2013.01.22 09:04:45.882,1.24025,1.24044,1.50,2.25
2013.01.22 09:04:46.716,1.24025,1.24044,1.50,3.00
2013.01.22 09:04:46.994,1.24022,1.24038,2.25,1.50
2013.01.22 09:04:47.182,1.2402,1.24038,1.50,1.50
2013.01.22 09:04:48.263,1.24018,1.24036,3.38,1.50
2013.01.22 09:04:48.572,1.24021,1.24038,2.25,1.50
2013.01.22 09:04:48.933,1.24018,1.24037,2.25,1.50
2013.01.22 09:04:49.241,1.24028,1.24042,1.50,2.25
2013.01.22 09:04:49.484,1.24025,1.2404,1.50,3.00
2013.01.22 09:04:49.615,1.24025,1.24042,1.50,1.73
2013.01.22 09:04:50.307,1.24026,1.24044,1.50,1.50
2013.01.22 09:04:50.492,1.24027,1.24047,1.50,3.00
2013.01.22 09:04:51.174,1.24026,1.24044,3.00,1.50
2013.01.22 09:04:52.032,1.24028,1.2404,1.50,2.25
2013.01.22 09:04:52.151,1.24028,1.24044,1.50,1.50
2013.01.22 09:04:52.213,1.24027,1.24049,2.25,4.73
2013.01.22 09:04:52.283,1.2403,1.24047,1.50,1.50
2013.01.22 09:04:52.401,1.24025,1.24049,6.75,3.00
2013.01.22 09:04:52.937,1.24031,1.24049,3.75,1.50
2013.01.22 09:04:53.076,1.24031,1.24049,2.63,2.25
2013.01.22 09:04:53.146,1.24031,1.24046,1.13,1.50
2013.01.22 09:04:53.391,1.24026,1.24046,2.25,1.50
2013.01.22 09:04:53.513,1.24025,1.24043,6.75,1.50
2013.01.22 09:04:54.063,1.24029,1.24043,1.50,1.50
2013.01.22 09:04:55.156,1.24028,1.24046,2.25,1.50
2013.01.22 09:04:55.953,1.24028,1.24044,1.50,1.50
2013.01.22 09:04:56.963,1.24026,1.24044,1.50,1.50
2013.01.22 09:04:57.644,1.24026,1.24044,1.50,1.73
2013.01.22 09:04:58.013,1.24026,1.24044,1.50,1.73
2013.01.22 09:04:58.503,1.24024,1.24039,1.50,1.73
2013.01.22 09:04:58.573,1.24021,1.24039,1.50,1.73
2013.01.22 09:04:58.635,1.24019,1.24037,2.25,1.50
2013.01.22 09:04:59.217,1.24016,1.24034,2.25,1.50
2013.01.22 09:04:59.580,1.24014,1.24034,3.00,1.73
2013.01.22 09:05:00.083,1.24013,1.24031,1.13,1.50
2013.01.22 09:05:00.452,1.24013,1.24024,1.50,1.50
2013.01.22 09:05:00.762,1.24011,1.24024,1.50,1.50
2013.01.22 09:05:00.956,1.24011,1.24024,2.25,1.50
2013.01.22 09:05:01.265,1.24011,1.24025,1.50,2.25
2013.01.22 09:05:01.571,1.24002,1.24014,1.50,1.50
2013.01.22 09:05:01.648,1.24001,1.24014,1.50,1.50
2013.01.22 09:05:01.715,1.24001,1.24019,1.50,1.80
2013.01.22 09:05:01.842,1.23999,1.24008,4.13,1.50
2013.01.22 09:05:02.162,1.23996,1.24003,1.50,1.35
2013.01.22 09:05:02.523,1.23992,1.24001,1.09,9.98
2013.01.22 09:05:02.653,1.23988,1.23996,2.25,4.50
2013.01.22 09:05:02.722,1.23986,1.23991,1.50,1.50
2013.01.22 09:05:03.082,1.2398,1.23989,2.25,8.25
2013.01.22 09:05:03.394,1.23973,1.23982,3.00,2.70
2013.01.22 09:05:04.054,1.23967,1.2398,1.50,2.48
2013.01.22 09:05:04.121,1.23968,1.23973,1.50,2.25
2013.01.22 09:05:04.243,1.23962,1.23971,2.25,1.50
2013.01.22 09:05:04.312,1.23953,1.23971,3.00,1.50
2013.01.22 09:05:04.439,1.23953,1.23973,3.00,1.50
2013.01.22 09:05:04.744,1.23953,1.2397,3.00,1.50
2013.01.22 09:05:04.873,1.23952,1.23972,3.00,1.50
2013.01.22 09:05:05.122,1.2395,1.23974,1.13,2.25
2013.01.22 09:05:05.305,1.23947,1.23974,2.10,2.25
2013.01.22 09:05:05.374,1.23947,1.23974,1.35,2.48
2013.01.22 09:05:05.681,1.23947,1.23973,2.10,1.73
2013.01.22 09:05:06.224,1.23947,1.23974,1.50,3.23
2013.01.22 09:05:06.771,1.23947,1.23972,1.50,1.50
2013.01.22 09:05:07.312,1.23946,1.23972,1.50,3.08
2013.01.22 09:05:07.854,1.23947,1.23972,1.73,2.40
2013.01.22 09:05:07.982,1.23944,1.23969,1.58,1.50
2013.01.22 09:05:08.526,1.23946,1.23969,1.35,3.75
2013.01.22 09:05:09.447,1.23946,1.23964,1.35,1.50
2013.01.22 09:05:09.812,1.23946,1.23965,1.50,1.50
2013.01.22 09:05:09.931,1.23946,1.23966,1.50,2.25
2013.01.22 09:05:10.412,1.23947,1.2397,3.45,1.50
2013.01.22 09:05:10.535,1.23954,1.2397,1.50,1.50
2013.01.22 09:05:10.851,1.23959,1.2397,1.73,1.50
2013.01.22 09:05:11.091,1.23959,1.23973,3.23,1.50
2013.01.22 09:05:11.331,1.2396,1.23973,2.29,1.50
2013.01.22 09:05:11.393,1.23963,1.23976,2.48,1.50
2013.01.22 09:05:11.525,1.23965,1.23985,1.50,1.50
2013.01.22 09:05:11.833,1.23965,1.23986,1.50,3.00
2013.01.22 09:05:11.953,1.23963,1.23981,1.50,2.25
2013.01.22 09:05:12.502,1.23964,1.23984,1.50,2.25
2013.01.22 09:05:12.632,1.23962,1.23982,1.50,2.25
2013.01.22 09:05:12.693,1.2396,1.2398,1.50,2.25
2013.01.22 09:05:12.882,1.23958,1.23978,1.50,2.25
2013.01.22 09:05:13.122,1.23955,1.23972,1.69,1.50
2013.01.22 09:05:14.135,1.23954,1.23972,1.50,5.25
2013.01.22 09:05:14.809,1.23954,1.23971,1.50,3.75
2013.01.22 09:05:15.621,1.2395,1.23968,1.50,1.50
2013.01.22 09:05:16.165,1.23948,1.23965,1.35,1.50
2013.01.22 09:05:16.595,1.23953,1.23967,1.50,1.50
2013.01.22 09:05:16.663,1.23953,1.23969,1.50,3.75
2013.01.22 09:05:16.723,1.2395,1.23969,3.38,5.25
2013.01.22 09:05:17.042,1.23961,1.23975,1.50,1.50
2013.01.22 09:05:17.115,1.23961,1.23976,2.95,2.25
2013.01.22 09:05:17.663,1.23961,1.23976,1.50,1.50
2013.01.22 09:05:17.796,1.23955,1.23975,1.50,1.50
2013.01.22 09:05:18.773,1.23956,1.23974,1.50,1.50
2013.01.22 09:05:19.325,1.23956,1.23974,2.25,1.50
2013.01.22 09:05:19.864,1.23956,1.23974,1.50,1.50
2013.01.22 09:05:19.934,1.23953,1.23971,2.25,1.50
2013.01.22 09:05:20.252,1.23951,1.23966,1.50,1.50
2013.01.22 09:05:20.555,1.23951,1.23964,1.50,1.50
2013.01.22 09:05:21.431,1.23951,1.23963,1.50,1.88
2013.01.22 09:05:21.947,1.23951,1.23963,1.50,1.88
2013.01.22 09:05:22.281,1.23947,1.23956,3.00,2.25
2013.01.22 09:05:22.594,1.23943,1.23954,1.65,1.50
2013.01.22 09:05:23.917,1.23934,1.23951,1.50,2.25
2013.01.22 09:05:24.043,1.23934,1.2395,1.28,1.50
2013.01.22 09:05:24.305,1.2394,1.2395,3.75,1.88
2013.01.22 09:05:24.433,1.23933,1.2395,1.13,1.50
2013.01.22 09:05:25.404,1.23932,1.23951,4.73,2.63
2013.01.22 09:05:25.932,1.23932,1.2395,5.63,1.50
2013.01.22 09:05:26.354,1.23932,1.2395,1.65,1.65
2013.01.22 09:05:26.855,1.23932,1.23949,2.44,2.70
2013.01.22 09:05:27.654,1.23931,1.23946,2.44,1.13
2013.01.22 09:05:27.965,1.2393,1.23935,1.50,1.50
2013.01.22 09:05:28.181,1.23931,1.23938,1.50,1.50
2013.01.22 09:05:28.694,1.2393,1.23939,1.50,1.50
2013.01.22 09:05:28.762,1.23926,1.23939,1.50,2.25
2013.01.22 09:05:29.240,1.23918,1.23936,2.25,1.50
2013.01.22 09:05:29.362,1.2392,1.23938,2.25,1.50
2013.01.22 09:05:29.698,1.2392,1.23938,2.25,3.38
2013.01.22 09:05:30.123,1.23918,1.23935,1.50,1.50
2013.01.22 09:05:30.242,1.23918,1.23935,1.50,1.50
2013.01.22 09:05:30.303,1.23918,1.23938,2.25,3.00
2013.01.22 09:05:31.086,1.23918,1.23938,1.50,3.00
2013.01.22 09:05:31.153,1.23916,1.23936,1.50,1.50
2013.01.22 09:05:31.464,1.23922,1.23941,1.50,1.88
2013.01.22 09:05:31.652,1.23922,1.23942,1.50,1.88
2013.01.22 09:05:32.072,1.2392,1.2394,3.00,2.25
2013.01.22 09:05:32.812,1.23918,1.23938,1.50,1.50
2013.01.22 09:05:33.129,1.2392,1.23938,1.50,1.50
2013.01.22 09:05:33.682,1.23921,1.23938,1.50,1.50
2013.01.22 09:05:34.166,1.23921,1.2394,1.50,1.50
2013.01.22 09:05:34.841,1.2392,1.2394,2.48,1.50
2013.01.22 09:05:34.962,1.23921,1.2394,1.73,1.50
2013.01.22 09:05:35.263,1.23926,1.2394,1.73,1.50
2013.01.22 09:05:35.382,1.23926,1.23942,1.73,1.50
2013.01.22 09:05:35.442,1.23927,1.23944,2.48,1.50
2013.01.22 09:05:35.504,1.23929,1.23945,1.50,1.50
2013.01.22 09:05:35.813,1.23934,1.23947,1.50,1.13
2013.01.22 09:05:36.341,1.23934,1.23952,1.50,1.50
2013.01.22 09:05:36.401,1.23934,1.23954,1.50,1.50
2013.01.22 09:05:36.522,1.23933,1.23951,1.50,1.50
2013.01.22 09:05:37.301,1.23935,1.23953,1.50,1.50
2013.01.22 09:05:37.722,1.23935,1.23953,3.75,1.50
2013.01.22 09:05:38.061,1.23947,1.23954,2.85,1.50
2013.01.22 09:05:38.375,1.23954,1.23966,2.40,2.63
2013.01.22 09:05:38.444,1.23954,1.23969,3.15,3.75
2013.01.22 09:05:38.990,1.23953,1.23969,1.65,1.50
2013.01.22 09:05:39.172,1.23953,1.23973,3.15,1.88
2013.01.22 09:05:39.731,1.23953,1.23973,2.40,1.88
2013.01.22 09:05:40.273,1.23956,1.23973,1.50,1.50
2013.01.22 09:05:40.816,1.23956,1.23976,2.25,2.25
2013.01.22 09:05:41.242,1.2396,1.23978,1.50,3.00
2013.01.22 09:05:41.603,1.2396,1.23978,3.75,3.00
2013.01.22 09:05:42.114,1.23964,1.23978,1.50,3.00
2013.01.22 09:05:42.194,1.23962,1.2398,1.50,1.65
2013.01.22 09:05:42.661,1.23964,1.23984,1.50,1.67
2013.01.22 09:05:43.165,1.23964,1.23984,1.60,2.25
2013.01.22 09:05:43.435,1.23964,1.23981,1.50,1.13
2013.01.22 09:05:43.983,1.23962,1.23981,1.60,1.13
2013.01.22 09:05:44.342,1.23961,1.2398,1.60,2.25
2013.01.22 09:05:44.763,1.2396,1.23977,1.60,1.50
2013.01.22 09:05:45.123,1.23956,1.23974,2.35,1.50
2013.01.22 09:05:45.442,1.23956,1.23971,2.35,1.50
2013.01.22 09:05:45.572,1.23954,1.23969,1.50,1.50
2013.01.22 09:05:45.694,1.23954,1.23967,1.50,1.88
2013.01.22 09:05:45.826,1.23954,1.23967,1.50,1.88
2013.01.22 09:05:45.893,1.23954,1.23964,1.50,1.50
2013.01.22 09:05:46.202,1.23949,1.23964,2.25,1.50
2013.01.22 09:05:46.442,1.23946,1.23964,1.50,1.50
2013.01.22 09:05:46.695,1.23946,1.23964,1.50,1.88
2013.01.22 09:05:47.004,1.23946,1.23962,1.50,3.29
2013.01.22 09:05:47.133,1.2394,1.23958,1.50,2.71
2013.01.22 09:05:47.253,1.23936,1.2395,1.50,1.73
2013.01.22 09:05:47.433,1.23932,1.2395,1.50,1.73
2013.01.22 09:05:47.493,1.23932,1.23946,1.50,1.13
2013.01.22 09:05:47.858,1.23928,1.23945,1.50,1.88
2013.01.22 09:05:48.101,1.23922,1.2394,1.50,1.50
2013.01.22 09:05:48.222,1.2392,1.23939,1.50,1.50
2013.01.22 09:05:48.912,1.2392,1.23938,1.50,1.50
2013.01.22 09:05:50.126,1.2392,1.23938,2.44,1.50
2013.01.22 09:05:50.726,1.23927,1.23938,1.50,1.50
2013.01.22 09:05:51.031,1.23925,1.23936,1.50,1.50
2013.01.22 09:05:51.212,1.23925,1.23939,1.50,1.50
2013.01.22 09:05:51.392,1.23925,1.23942,1.50,1.50
2013.01.22 09:05:51.930,1.23925,1.23943,1.50,1.50
2013.01.22 09:05:52.501,1.23925,1.23943,1.35,3.00
2013.01.22 09:05:52.563,1.23924,1.2394,1.69,1.50
2013.01.22 09:05:53.063,1.23924,1.23942,3.60,1.50
2013.01.22 09:05:53.601,1.23925,1.23942,3.23,1.50
2013.01.22 09:05:53.721,1.23927,1.23942,2.10,1.50
2013.01.22 09:05:53.842,1.23927,1.23946,2.33,1.50
2013.01.22 09:05:54.271,1.23931,1.2395,1.50,2.63
2013.01.22 09:05:54.811,1.23931,1.2395,2.25,1.50
2013.01.22 09:05:55.151,1.23935,1.23953,7.13,1.50
2013.01.22 09:05:55.652,1.23936,1.23956,2.25,1.88
2013.01.22 09:05:55.892,1.23945,1.23959,1.80,4.13
2013.01.22 09:05:56.015,1.2395,1.2396,4.50,1.50
2013.01.22 09:05:56.262,1.23951,1.23962,3.75,2.25
2013.01.22 09:05:56.322,1.23951,1.23962,3.75,1.50
2013.01.22 09:05:56.441,1.23948,1.23962,1.69,1.50
2013.01.22 09:05:56.501,1.23948,1.23962,2.44,1.13
2013.01.22 09:05:56.562,1.23948,1.23965,2.25,3.75
2013.01.22 09:05:56.742,1.23942,1.23962,3.00,2.25
2013.01.22 09:05:57.011,1.23942,1.23962,2.25,1.50
2013.01.22 09:05:57.513,1.23942,1.23962,6.75,1.88
2013.01.22 09:05:58.187,1.23942,1.23962,3.00,1.50
2013.01.22 09:05:58.841,1.23942,1.23962,3.00,3.00
2013.01.22 09:05:58.902,1.23942,1.2396,1.50,1.50
2013.01.22 09:05:59.884,1.23942,1.2396,4.50,1.50
2013.01.22 09:06:00.073,1.23944,1.23962,1.50,1.88
2013.01.22 09:06:00.432,1.23942,1.2396,1.50,1.50
2013.01.22 09:06:00.741,1.23945,1.23963,1.50,1.50
2013.01.22 09:06:00.982,1.23941,1.23961,1.50,2.25
2013.01.22 09:06:01.481,1.23941,1.2396,2.25,1.50
2013.01.22 09:06:02.023,1.23944,1.23959,5.25,1.50
2013.01.22 09:06:02.202,1.23944,1.23961,5.25,1.50
2013.01.22 09:06:02.740,1.23948,1.23963,1.50,1.50
2013.01.22 09:06:02.862,1.23948,1.23967,1.50,1.50
2013.01.22 09:06:03.422,1.23951,1.23968,1.50,1.50
2013.01.22 09:06:03.901,1.23951,1.23969,1.50,2.25
2013.01.22 09:06:04.261,1.23954,1.23969,1.50,2.25
2013.01.22 09:06:04.381,1.23953,1.23973,2.25,3.34
2013.01.22 09:06:04.442,1.23956,1.23974,2.25,3.75
2013.01.22 09:06:04.562,1.23956,1.23974,1.50,3.83
2013.01.22 09:06:04.621,1.2396,1.23974,1.50,3.83
2013.01.22 09:06:04.802,1.23958,1.23974,1.50,3.08
2013.01.22 09:06:05.102,1.23958,1.23976,1.50,1.50
2013.01.22 09:06:05.222,1.23962,1.23978,1.50,1.50
2013.01.22 09:06:05.283,1.2396,1.23978,1.50,2.25
2013.01.22 09:06:05.412,1.23963,1.23978,1.50,2.25
2013.01.22 09:06:05.721,1.23962,1.23977,1.50,3.75
2013.01.22 09:06:06.622,1.23963,1.23977,1.50,3.75
2013.01.22 09:06:06.914,1.23963,1.23978,1.50,1.50
2013.01.22 09:06:07.044,1.23963,1.23979,1.50,2.10
2013.01.22 09:06:07.292,1.23961,1.23979,3.00,2.10
2013.01.22 09:06:07.411,1.23964,1.2398,1.50,1.35
2013.01.22 09:06:07.952,1.23964,1.23981,1.50,3.04
2013.01.22 09:06:08.713,1.23962,1.2398,1.50,2.44
2013.01.22 09:06:09.441,1.23962,1.2398,1.50,3.00
2013.01.22 09:06:09.993,1.23962,1.2398,1.50,2.25
2013.01.22 09:06:10.173,1.2396,1.23978,3.00,1.50
2013.01.22 09:06:10.292,1.23961,1.23981,1.50,3.94
2013.01.22 09:06:12.291,1.23964,1.23982,1.50,3.75
2013.01.22 09:06:12.530,1.23962,1.2398,3.00,2.25
2013.01.22 09:06:13.072,1.23965,1.23983,1.50,1.13
2013.01.22 09:06:13.613,1.23966,1.23984,1.50,3.90
2013.01.22 09:06:14.102,1.23966,1.23984,2.25,1.50
2013.01.22 09:06:14.642,1.23971,1.23984,1.50,1.50
2013.01.22 09:06:14.968,1.23974,1.23984,1.35,1.50
2013.01.22 09:06:15.327,1.23975,1.23984,1.50,1.50
2013.01.22 09:06:15.387,1.23974,1.23984,1.50,1.50
2013.01.22 09:06:15.628,1.23973,1.23989,1.50,2.25
2013.01.22 09:06:15.928,1.23973,1.23991,2.40,1.13
2013.01.22 09:06:16.058,1.23973,1.23993,1.50,2.25
2013.01.22 09:06:16.731,1.23974,1.23991,3.75,1.88
2013.01.22 09:06:17.047,1.23974,1.23986,2.02,1.13
2013.01.22 09:06:17.108,1.23974,1.23988,2.02,3.38
2013.01.22 09:06:17.347,1.23973,1.23986,4.02,2.55
2013.01.22 09:06:17.649,1.23974,1.23982,2.02,1.73
2013.01.22 09:06:17.897,1.23966,1.23986,1.50,4.35
2013.01.22 09:06:18.325,1.23964,1.23984,1.50,4.13
2013.01.22 09:06:18.598,1.23964,1.23981,1.50,3.75
2013.01.22 09:06:18.718,1.23962,1.2398,1.50,1.50
2013.01.22 09:06:19.259,1.23963,1.2398,1.50,1.50
2013.01.22 09:06:19.379,1.23965,1.23984,1.50,1.13
2013.01.22 09:06:19.628,1.23965,1.23985,1.50,3.00
2013.01.22 09:06:19.810,1.23967,1.23986,1.50,3.00
2013.01.22 09:06:20.298,1.23966,1.23984,3.75,1.50
2013.01.22 09:06:20.658,1.23965,1.2398,2.25,1.50
2013.01.22 09:06:20.837,1.23962,1.2398,2.25,1.50
2013.01.22 09:06:21.078,1.23963,1.23981,3.75,2.63
2013.01.22 09:06:21.388,1.23963,1.23971,2.25,1.65
2013.01.22 09:06:21.508,1.23958,1.23971,2.25,1.65
2013.01.22 09:06:21.567,1.23958,1.2397,2.25,3.75
2013.01.22 09:06:21.628,1.23955,1.23968,2.25,1.35
2013.01.22 09:06:21.753,1.23956,1.23967,2.25,3.00
2013.01.22 09:06:21.819,1.23956,1.23967,2.25,2.25
2013.01.22 09:06:21.937,1.23952,1.23967,1.65,2.25
2013.01.22 09:06:22.190,1.23949,1.23967,2.07,1.50
2013.01.22 09:06:22.618,1.23949,1.23967,1.50,3.15
2013.01.22 09:06:23.158,1.23948,1.23966,1.50,1.50
2013.01.22 09:06:23.220,1.23948,1.23962,1.50,1.50
2013.01.22 09:06:23.531,1.23947,1.2396,1.50,1.65
2013.01.22 09:06:23.837,1.23947,1.23962,1.50,1.50
2013.01.22 09:06:24.377,1.23947,1.23963,1.50,1.50
2013.01.22 09:06:24.798,1.23947,1.23962,1.50,2.48
2013.01.22 09:06:25.101,1.23945,1.23951,2.25,5.25
2013.01.22 09:06:25.648,1.23938,1.23949,1.69,2.25
2013.01.22 09:06:25.899,1.23938,1.23944,1.50,1.50
2013.01.22 09:06:26.018,1.23938,1.23944,1.50,1.50
2013.01.22 09:06:26.637,1.23926,1.23944,3.00,1.50
2013.01.22 09:06:27.001,1.23928,1.23944,2.25,1.50
2013.01.22 09:06:27.868,1.23928,1.23947,2.25,1.50
2013.01.22 09:06:27.989,1.23928,1.23944,2.25,1.50
2013.01.22 09:06:28.528,1.23927,1.23944,1.50,1.50
2013.01.22 09:06:28.948,1.23929,1.23945,1.50,1.50
2013.01.22 09:06:29.751,1.2393,1.23945,3.00,1.50
2013.01.22 09:06:30.058,1.23931,1.23947,2.25,1.50
2013.01.22 09:06:30.418,1.2393,1.23949,3.00,1.50
2013.01.22 09:06:30.898,1.23931,1.23941,2.25,1.88
2013.01.22 09:06:31.019,1.23929,1.23941,1.50,1.50
2013.01.22 09:06:31.140,1.23928,1.23945,1.50,1.50
2013.01.22 09:06:31.509,1.23929,1.23947,1.50,1.50
2013.01.22 09:06:31.760,1.23926,1.23946,3.75,1.50
2013.01.22 09:06:31.831,1.23926,1.23943,2.25,1.50
2013.01.22 09:06:32.380,1.23926,1.23942,2.25,1.50
2013.01.22 09:06:32.508,1.23922,1.23942,1.50,1.88
2013.01.22 09:06:32.628,1.23922,1.23942,1.50,2.10
2013.01.22 09:06:33.169,1.23919,1.23939,2.54,1.50
2013.01.22 09:06:33.288,1.23921,1.23939,1.50,1.88
2013.01.22 09:06:33.647,1.23914,1.2393,4.50,1.50
2013.01.22 09:06:34.190,1.23915,1.23932,2.40,4.13
2013.01.22 09:06:34.319,1.23917,1.23933,1.13,2.25
2013.01.22 09:06:34.567,1.23917,1.23936,1.13,1.50
2013.01.22 09:06:35.172,1.23919,1.23936,1.50,1.50
2013.01.22 09:06:35.249,1.23926,1.23945,1.50,2.10
2013.01.22 09:06:35.443,1.23926,1.23945,4.50,1.50
2013.01.22 09:06:35.573,1.23925,1.23945,1.50,1.50
2013.01.22 09:06:36.287,1.23925,1.23945,2.25,2.25
2013.01.22 09:06:37.107,1.23927,1.23946,2.25,1.50
2013.01.22 09:06:37.426,1.2393,1.23946,3.75,3.75
2013.01.22 09:06:37.499,1.23928,1.23947,1.50,2.25
2013.01.22 09:06:38.049,1.2393,1.23946,3.00,1.50
2013.01.22 09:06:39.418,1.23931,1.23946,2.25,1.50
2013.01.22 09:06:39.539,1.23928,1.23946,2.25,1.50
2013.01.22 09:06:39.667,1.23931,1.23949,1.50,1.50
2013.01.22 09:06:40.088,1.23933,1.23951,1.50,1.88
2013.01.22 09:06:40.631,1.23933,1.2395,1.50,3.75
2013.01.22 09:06:40.759,1.23935,1.23953,1.50,5.25
2013.01.22 09:06:41.236,1.23943,1.23953,2.10,1.50
2013.01.22 09:06:41.538,1.23952,1.23962,1.50,2.25
2013.01.22 09:06:41.839,1.23963,1.23971,3.75,5.03
2013.01.22 09:06:41.909,1.23963,1.23971,3.75,5.03
2013.01.22 09:06:42.099,1.23961,1.23969,1.50,3.00
2013.01.22 09:06:42.458,1.23961,1.23971,1.50,5.18
2013.01.22 09:06:42.640,1.23963,1.23971,1.50,5.03
2013.01.22 09:06:42.889,1.23961,1.23975,1.50,1.65
2013.01.22 09:06:43.008,1.23966,1.23977,3.75,1.50
2013.01.22 09:06:43.129,1.23963,1.23978,3.75,4.50
2013.01.22 09:06:43.310,1.23964,1.23972,1.13,1.50
2013.01.22 09:06:43.437,1.23964,1.23978,1.13,2.25
2013.01.22 09:06:43.497,1.23966,1.23978,3.75,2.25
2013.01.22 09:06:43.889,1.23966,1.23983,3.75,2.25
2013.01.22 09:06:44.574,1.23966,1.23983,3.75,3.75
2013.01.22 09:06:44.651,1.23962,1.2398,2.25,1.50
2013.01.22 09:06:44.721,1.23969,1.23981,1.50,2.25
2013.01.22 09:06:44.911,1.23968,1.23987,3.00,1.65
2013.01.22 09:06:45.158,1.23968,1.23983,1.50,1.50
2013.01.22 09:06:45.278,1.23965,1.23982,6.00,1.50
2013.01.22 09:06:45.338,1.23965,1.23982,2.25,1.50
2013.01.22 09:06:45.898,1.23963,1.23981,1.50,2.25
2013.01.22 09:06:46.017,1.23961,1.23981,2.25,2.25
2013.01.22 09:06:46.137,1.23963,1.23982,2.25,1.50
2013.01.22 09:06:46.377,1.23963,1.23983,2.25,1.50
2013.01.22 09:06:46.558,1.23965,1.23984,1.50,1.50
2013.01.22 09:06:46.918,1.23964,1.23982,1.50,1.50
2013.01.22 09:06:47.457,1.23964,1.23982,2.25,1.50
2013.01.22 09:06:48.001,1.23964,1.23982,1.50,1.50
2013.01.22 09:06:48.366,1.23963,1.23981,1.50,2.25
2013.01.22 09:06:49.578,1.23961,1.23978,1.50,1.50
2013.01.22 09:06:49.644,1.23956,1.23976,3.38,1.50
2013.01.22 09:06:49.829,1.23955,1.23973,3.00,1.50
2013.01.22 09:06:50.019,1.23953,1.23972,1.50,1.50
2013.01.22 09:06:50.199,1.2395,1.23967,1.50,1.50
2013.01.22 09:06:50.377,1.23949,1.23967,1.50,2.25
2013.01.22 09:06:50.498,1.23949,1.23964,1.50,1.50
2013.01.22 09:06:50.864,1.23945,1.2396,1.50,1.50
2013.01.22 09:06:50.987,1.23943,1.2396,3.00,1.50
2013.01.22 09:06:52.050,1.23942,1.2396,2.25,1.50
2013.01.22 09:06:52.124,1.23942,1.23959,1.50,1.65
2013.01.22 09:06:52.429,1.23927,1.23945,2.25,1.50
2013.01.22 09:06:53.088,1.23927,1.23945,1.50,3.00
2013.01.22 09:06:53.628,1.23927,1.23945,2.10,1.50
2013.01.22 09:06:53.929,1.23935,1.23949,1.50,1.50
2013.01.22 09:06:53.997,1.23935,1.23951,1.50,3.00
2013.01.22 09:06:54.840,1.23937,1.23952,2.25,1.50
2013.01.22 09:06:55.182,1.23937,1.23954,2.44,1.50
2013.01.22 09:06:55.732,1.23935,1.23953,1.50,1.50
2013.01.22 09:06:56.218,1.23938,1.23954,1.50,1.50
2013.01.22 09:06:56.277,1.23938,1.23956,1.50,3.00
2013.01.22 09:06:56.807,1.23938,1.23957,2.25,3.00
2013.01.22 09:06:57.204,1.2394,1.23957,1.50,3.00
2013.01.22 09:06:57.539,1.23943,1.23957,1.50,3.00
2013.01.22 09:06:57.668,1.23946,1.23962,1.50,1.50
2013.01.22 09:06:57.788,1.23948,1.23962,1.50,1.50
2013.01.22 09:06:58.148,1.23948,1.23965,1.50,4.50
2013.01.22 09:06:58.449,1.23948,1.23966,1.50,4.50
2013.01.22 09:06:58.997,1.23948,1.23965,1.50,3.00
2013.01.22 09:06:59.676,1.23948,1.23966,1.50,1.50
2013.01.22 09:06:59.859,1.23948,1.23966,1.50,2.25
2013.01.22 09:07:00.098,1.23942,1.23959,4.50,4.50
2013.01.22 09:07:00.339,1.23936,1.23955,2.25,1.50
2013.01.22 09:07:00.698,1.23933,1.2395,3.23,1.50
2013.01.22 09:07:00.819,1.23938,1.23954,2.10,1.50
2013.01.22 09:07:00.950,1.23938,1.23945,1.50,1.50
2013.01.22 09:07:01.018,1.23933,1.23944,2.78,1.50
2013.01.22 09:07:01.317,1.23933,1.23949,3.15,2.25
2013.01.22 09:07:01.439,1.23933,1.23943,2.78,1.50
2013.01.22 09:07:01.681,1.23933,1.23938,2.25,1.50
2013.01.22 09:07:01.994,1.23927,1.23936,3.00,1.50
2013.01.22 09:07:02.129,1.2393,1.23939,2.25,3.75
2013.01.22 09:07:02.189,1.2393,1.23937,2.25,1.50
2013.01.22 09:07:02.389,1.23922,1.23937,1.50,1.50
2013.01.22 09:07:02.630,1.23917,1.23937,3.23,1.50
2013.01.22 09:07:03.317,1.23917,1.23936,3.00,3.00
2013.01.22 09:07:03.632,1.2392,1.23937,2.25,4.50
2013.01.22 09:07:03.937,1.23924,1.23936,1.50,1.50
2013.01.22 09:07:04.118,1.23922,1.2394,2.25,1.50
2013.01.22 09:07:04.540,1.23922,1.23941,2.25,1.50
2013.01.22 09:07:04.608,1.23925,1.23943,2.25,1.50
2013.01.22 09:07:04.800,1.23925,1.23943,2.25,1.50
2013.01.22 09:07:04.928,1.23923,1.23941,3.00,1.50
2013.01.22 09:07:05.858,1.23924,1.23941,1.73,1.50
2013.01.22 09:07:06.097,1.23924,1.23941,1.50,1.50
2013.01.22 09:07:06.218,1.23924,1.23941,1.73,1.50
2013.01.22 09:07:06.517,1.23925,1.23945,2.48,1.50
2013.01.22 09:07:06.820,1.23932,1.23945,1.50,1.50
2013.01.22 09:07:06.888,1.23934,1.23954,1.50,2.25
2013.01.22 09:07:07.439,1.23934,1.23954,1.50,2.25
2013.01.22 09:07:08.873,1.23934,1.23954,2.25,1.50
2013.01.22 09:07:09.418,1.23937,1.23955,1.50,1.50
2013.01.22 09:07:09.777,1.23935,1.23953,1.50,1.50
2013.01.22 09:07:10.709,1.23935,1.23953,2.25,1.50
2013.01.22 09:07:11.069,1.23937,1.23955,3.75,1.50
2013.01.22 09:07:11.127,1.23939,1.23957,2.25,1.50
2013.01.22 09:07:11.547,1.23943,1.23957,2.10,1.50
2013.01.22 09:07:11.848,1.2395,1.23962,2.25,1.50
2013.01.22 09:07:12.151,1.23953,1.23962,1.13,1.50
2013.01.22 09:07:12.397,1.23953,1.23968,1.13,1.13
2013.01.22 09:07:12.578,1.23953,1.23971,2.63,1.65
2013.01.22 09:07:13.737,1.23953,1.23971,2.25,2.25
2013.01.22 09:07:14.251,1.23954,1.23973,3.00,2.25
2013.01.22 09:07:14.390,1.23958,1.23975,1.50,1.50
2013.01.22 09:07:14.638,1.23958,1.23976,1.50,3.60
2013.01.22 09:07:14.697,1.23956,1.23974,2.25,1.50
2013.01.22 09:07:15.057,1.23956,1.23974,2.25,2.25
2013.01.22 09:07:15.957,1.23956,1.23974,2.25,2.25
2013.01.22 09:07:22.838,1.23959,1.23977,1.50,2.40
2013.01.22 09:07:23.319,1.23956,1.23974,2.25,2.25
2013.01.22 09:07:23.839,1.23956,1.23974,3.00,1.50
2013.01.22 09:07:24.360,1.23959,1.23977,1.50,4.65
2013.01.22 09:07:25.300,1.23966,1.23977,1.50,3.00
2013.01.22 09:07:25.548,1.23966,1.23983,1.50,1.50
2013.01.22 09:07:26.269,1.23968,1.23984,1.50,1.50
2013.01.22 09:07:26.869,1.23967,1.23984,3.00,1.50
2013.01.22 09:07:27.196,1.23971,1.23988,1.50,1.50
2013.01.22 09:07:27.737,1.23971,1.23989,1.50,3.00
2013.01.22 09:07:27.918,1.23971,1.23991,1.50,1.50
2013.01.22 09:07:28.387,1.23971,1.23989,1.50,1.84
2013.01.22 09:07:28.690,1.23968,1.23986,1.50,2.25
2013.01.22 09:07:29.119,1.23968,1.23986,1.50,3.75
2013.01.22 09:07:29.368,1.23968,1.23986,1.50,2.85
2013.01.22 09:07:29.549,1.23968,1.23984,1.50,1.50
2013.01.22 09:07:29.789,1.23963,1.23983,2.25,1.50
2013.01.22 09:07:30.276,1.23967,1.23985,1.50,1.50
2013.01.22 09:07:30.616,1.23969,1.23987,1.50,5.25
2013.01.22 09:07:31.238,1.23971,1.23991,1.50,2.63
2013.01.22 09:07:31.299,1.23966,1.23984,2.25,1.50
2013.01.22 09:07:31.427,1.23964,1.23982,1.50,1.50
2013.01.22 09:07:31.730,1.23962,1.2398,2.25,1.50
2013.01.22 09:07:32.251,1.23962,1.2398,1.50,1.50
2013.01.22 09:07:32.558,1.23958,1.23976,3.00,1.50
2013.01.22 09:07:33.099,1.23958,1.23976,2.25,1.50
2013.01.22 09:07:33.279,1.23957,1.23973,1.50,1.50
2013.01.22 09:07:33.639,1.23967,1.23974,1.50,1.50
2013.01.22 09:07:33.877,1.23957,1.23974,1.20,1.50
2013.01.22 09:07:33.999,1.23955,1.23974,1.58,1.50
2013.01.22 09:07:34.700,1.23955,1.23975,6.98,1.50
2013.01.22 09:07:35.247,1.23956,1.23975,4.73,1.50
2013.01.22 09:07:35.788,1.23956,1.23974,6.23,1.50
2013.01.22 09:07:36.326,1.23956,1.23973,6.00,1.50
2013.01.22 09:07:36.578,1.23957,1.23975,1.50,1.50
2013.01.22 09:07:37.507,1.23958,1.23976,2.25,1.50
2013.01.22 09:07:37.808,1.23957,1.23974,1.50,1.50
2013.01.22 09:07:38.048,1.23957,1.23976,1.50,1.50
2013.01.22 09:07:38.170,1.23957,1.23972,1.50,1.50
2013.01.22 09:07:38.718,1.23956,1.23972,3.75,1.50
2013.01.22 09:07:39.257,1.23957,1.23972,1.50,1.50
2013.01.22 09:07:40.167,1.23954,1.23972,1.50,2.25
2013.01.22 09:07:40.467,1.23956,1.23976,3.75,2.25
2013.01.22 09:07:40.588,1.23957,1.23976,1.50,2.25
2013.01.22 09:07:40.986,1.23958,1.23976,1.65,2.25
2013.01.22 09:07:41.929,1.23958,1.23978,3.15,4.65
2013.01.22 09:07:43.419,1.2396,1.23978,3.15,3.90
2013.01.22 09:07:43.607,1.2396,1.23978,3.15,2.25
2013.01.22 09:07:43.728,1.2396,1.23979,1.65,6.00
2013.01.22 09:07:44.267,1.23961,1.23979,2.25,2.25
2013.01.22 09:07:44.817,1.23962,1.2398,1.50,2.25
2013.01.22 09:07:45.522,1.2396,1.23976,1.50,1.50
2013.01.22 09:07:45.840,1.23959,1.23973,1.50,1.50
2013.01.22 09:07:45.969,1.23957,1.23971,1.50,1.50
2013.01.22 09:07:47.688,1.23955,1.23971,3.75,1.50
2013.01.22 09:07:48.228,1.23953,1.23971,4.65,1.50
2013.01.22 09:07:49.356,1.23956,1.23971,4.50,1.50
2013.01.22 09:07:49.967,1.23958,1.23971,3.75,1.50
2013.01.22 09:07:50.088,1.23959,1.23975,1.50,1.50
2013.01.22 09:07:50.268,1.23959,1.23977,1.50,1.50
2013.01.22 09:07:50.508,1.23959,1.23977,1.50,1.88
2013.01.22 09:07:50.572,1.23957,1.23969,3.75,1.13
2013.01.22 09:07:50.700,1.23957,1.23968,1.50,1.50
2013.01.22 09:07:50.888,1.23957,1.23972,1.50,1.50
2013.01.22 09:07:51.068,1.23957,1.23969,1.50,1.50
2013.01.22 09:07:51.368,1.23949,1.23967,6.00,1.50
2013.01.22 09:07:52.299,1.23949,1.23967,6.00,1.88
2013.01.22 09:07:52.368,1.23947,1.23965,4.73,1.88
2013.01.22 09:07:52.666,1.23946,1.23963,1.13,3.00
2013.01.22 09:07:52.968,1.23944,1.23961,1.65,1.65
2013.01.22 09:07:53.029,1.23944,1.23961,1.50,1.65
2013.01.22 09:07:53.087,1.23944,1.23961,1.65,1.65
2013.01.22 09:07:53.267,1.23944,1.23961,1.50,1.65
2013.01.22 09:07:53.328,1.23944,1.23961,1.65,1.65
2013.01.22 09:07:54.638,1.23943,1.23961,1.13,1.65
2013.01.22 09:07:54.818,1.23943,1.23959,1.13,1.50
2013.01.22 09:07:55.817,1.23944,1.23961,1.50,1.50
2013.01.22 09:07:56.367,1.23944,1.23964,3.00,2.25
2013.01.22 09:07:56.930,1.23947,1.23961,3.75,1.50
2013.01.22 09:07:57.300,1.2395,1.23968,3.00,2.25
2013.01.22 09:07:58.397,1.23954,1.23968,1.50,1.50
2013.01.22 09:07:58.577,1.23954,1.23971,1.50,1.50
2013.01.22 09:07:59.998,1.23954,1.23968,2.25,1.50
2013.01.22 09:08:00.117,1.23952,1.23968,3.75,1.50
2013.01.22 09:08:00.259,1.23952,1.23968,3.00,1.50
2013.01.22 09:08:00.317,1.23952,1.23968,1.65,1.50
2013.01.22 09:08:00.798,1.23956,1.23971,1.50,1.50
2013.01.22 09:08:01.982,1.23956,1.23971,1.50,1.50
2013.01.22 09:08:02.973,1.23955,1.23971,2.25,1.50
2013.01.22 09:08:03.227,1.23951,1.23969,3.00,1.50
2013.01.22 09:08:03.768,1.23951,1.23969,2.25,1.50
2013.01.22 09:08:03.949,1.23954,1.23969,3.75,1.50
2013.01.22 09:08:04.247,1.23957,1.23972,1.50,1.50
2013.01.22 09:08:04.797,1.23958,1.23973,2.25,1.50
2013.01.22 09:08:04.871,1.23958,1.23975,2.25,1.50
2013.01.22 09:08:05.390,1.23959,1.23976,1.50,1.50
2013.01.22 09:08:06.277,1.23959,1.23978,1.50,1.50
2013.01.22 09:08:06.578,1.23959,1.23976,1.50,1.50
2013.01.22 09:08:06.697,1.2396,1.23978,1.50,1.50
2013.01.22 09:08:07.601,1.2396,1.23978,2.25,1.50
2013.01.22 09:08:07.997,1.2396,1.23976,1.50,1.69
2013.01.22 09:08:08.536,1.23959,1.23976,1.50,1.50
2013.01.22 09:08:09.038,1.2396,1.23976,1.50,1.50
2013.01.22 09:08:09.508,1.23959,1.23976,1.50,1.69
2013.01.22 09:08:10.229,1.23958,1.23976,2.25,1.69
2013.01.22 09:08:10.349,1.23958,1.23975,1.50,1.50
2013.01.22 09:08:10.467,1.23959,1.23979,2.25,2.25
2013.01.22 09:08:10.646,1.23959,1.23979,2.25,2.25
2013.01.22 09:08:11.488,1.23959,1.23979,2.25,1.50
2013.01.22 09:08:11.727,1.23961,1.23979,1.50,1.50
2013.01.22 09:08:12.028,1.23958,1.23976,2.25,1.50
2013.01.22 09:08:12.268,1.23957,1.23974,2.25,1.50
2013.01.22 09:08:12.834,1.23959,1.23977,2.25,1.50
2013.01.22 09:08:13.167,1.23959,1.23977,2.25,1.50
2013.01.22 09:08:14.248,1.23959,1.23977,2.25,1.50
2013.01.22 09:08:14.307,1.23957,1.23975,3.00,1.50
2013.01.22 09:08:14.668,1.23959,1.23977,2.25,1.50
2013.01.22 09:08:15.152,1.23961,1.23979,2.25,3.00
2013.01.22 09:08:15.669,1.23961,1.23979,2.25,1.50
2013.01.22 09:08:16.787,1.23964,1.23979,2.25,1.50
2013.01.22 09:08:19.918,1.23968,1.23982,2.25,1.50
2013.01.22 09:08:20.279,1.2397,1.23984,2.25,1.50
2013.01.22 09:08:20.347,1.23968,1.23984,2.25,1.50
2013.01.22 09:08:21.231,1.23968,1.23981,2.25,1.50
2013.01.22 09:08:21.297,1.23963,1.23981,1.50,1.50
2013.01.22 09:08:21.538,1.2396,1.23978,2.25,1.50
2013.01.22 09:08:21.599,1.23962,1.2398,1.50,1.50
2013.01.22 09:08:22.030,1.23963,1.23983,1.50,2.25
2013.01.22 09:08:22.158,1.23966,1.23984,1.50,3.00
2013.01.22 09:08:22.578,1.23964,1.23983,1.50,1.50
2013.01.22 09:08:22.637,1.23966,1.23984,1.50,2.25
2013.01.22 09:08:23.358,1.23964,1.23982,1.50,1.50
2013.01.22 09:08:24.949,1.23963,1.23983,1.50,1.50
2013.01.22 09:08:25.307,1.23961,1.23981,1.50,1.50
2013.01.22 09:08:26.119,1.23964,1.23982,1.50,1.50
2013.01.22 09:08:26.298,1.23962,1.23982,1.50,1.50
2013.01.22 09:08:26.920,1.2396,1.2398,1.50,1.50
2013.01.22 09:08:27.227,1.23958,1.23978,1.50,1.50
2013.01.22 09:08:27.530,1.23957,1.23975,1.50,1.50
2013.01.22 09:08:27.709,1.23958,1.23978,1.50,1.50
2013.01.22 09:08:28.129,1.23958,1.23976,1.50,1.50
2013.01.22 09:08:28.488,1.23961,1.23979,1.50,3.00
2013.01.22 09:08:29.000,1.23959,1.23977,1.50,1.50
2013.01.22 09:08:29.077,1.2396,1.2398,1.50,1.50
2013.01.22 09:08:29.510,1.23965,1.23979,2.25,1.50
2013.01.22 09:08:30.268,1.23964,1.23979,2.25,1.50
2013.01.22 09:08:30.817,1.23965,1.2398,2.25,1.50
2013.01.22 09:08:31.298,1.23963,1.23981,1.50,1.50
2013.01.22 09:08:31.358,1.23961,1.23981,1.50,3.00
2013.01.22 09:08:31.949,1.23961,1.23981,1.50,1.73
2013.01.22 09:08:32.262,1.2396,1.23972,1.50,1.50
2013.01.22 09:08:32.331,1.23953,1.23972,1.09,1.50
2013.01.22 09:08:32.808,1.23954,1.23974,1.84,3.00
2013.01.22 09:08:32.868,1.23956,1.23975,1.50,2.25
2013.01.22 09:08:33.171,1.23959,1.23977,1.84,1.50
2013.01.22 09:08:33.477,1.23961,1.23979,1.50,1.50
2013.01.22 09:08:34.379,1.2396,1.2398,2.25,1.50
2013.01.22 09:08:34.897,1.2396,1.2398,1.50,1.50
2013.01.22 09:08:36.647,1.2396,1.23979,1.50,1.50
2013.01.22 09:08:37.011,1.23958,1.23978,1.50,1.50
2013.01.22 09:08:37.670,1.23959,1.23978,1.50,1.50
2013.01.22 09:08:37.739,1.23961,1.23979,1.50,1.50
2013.01.22 09:08:38.819,1.23963,1.23983,1.50,1.50
2013.01.22 09:08:39.739,1.23966,1.23983,1.50,1.50
2013.01.22 09:08:39.798,1.23967,1.23987,1.50,1.50
2013.01.22 09:08:39.859,1.23969,1.23987,1.50,1.50
2013.01.22 09:08:40.167,1.23971,1.23989,1.50,1.50
2013.01.22 09:08:42.668,1.23968,1.23988,1.50,1.50
2013.01.22 09:08:42.848,1.2397,1.2399,1.50,1.50
2013.01.22 09:08:43.658,1.23973,1.23991,1.50,1.50
2013.01.22 09:08:43.897,1.2397,1.2399,1.50,1.50
2013.01.22 09:08:45.419,1.23973,1.23991,1.50,1.50
2013.01.22 09:08:46.238,1.2397,1.2399,1.50,1.50
2013.01.22 09:08:48.216,1.23973,1.23991,1.50,1.50
2013.01.22 09:08:48.460,1.23974,1.23993,1.50,1.50
2013.01.22 09:08:49.068,1.23974,1.23992,1.50,1.35
2013.01.22 09:08:49.428,1.23967,1.23985,1.50,1.50
2013.01.22 09:08:49.977,1.23968,1.23988,1.50,1.50
2013.01.22 09:08:50.162,1.23971,1.23989,1.50,1.50
2013.01.22 09:08:50.468,1.23964,1.23982,3.90,2.10
2013.01.22 09:08:50.769,1.23973,1.23984,1.50,2.10
2013.01.22 09:08:51.128,1.23973,1.23993,1.50,3.00
2013.01.22 09:08:51.452,1.23971,1.23991,1.50,1.50
2013.01.22 09:08:52.608,1.23972,1.2399,1.50,1.50
2013.01.22 09:08:52.969,1.2397,1.23988,1.50,1.50
2013.01.22 09:08:53.849,1.23972,1.23992,1.50,1.50
2013.01.22 09:08:54.618,1.23972,1.23992,5.25,1.50
2013.01.22 09:08:55.000,1.23974,1.23994,2.25,1.50
2013.01.22 09:08:56.210,1.23976,1.23995,1.50,1.50
2013.01.22 09:08:56.687,1.23978,1.23997,1.50,1.50
2013.01.22 09:08:57.209,1.23978,1.23998,1.50,1.50
2013.01.22 09:08:57.539,1.23983,1.24,1.50,1.04
2013.01.22 09:08:58.595,1.23983,1.24001,1.50,1.50
2013.01.22 09:08:58.926,1.23987,1.24002,1.50,1.13
2013.01.22 09:08:59.460,1.23987,1.24004,1.50,1.50
2013.01.22 09:09:00.458,1.23993,1.24004,1.50,1.50
2013.01.22 09:09:00.518,1.23993,1.24009,1.50,3.23
2013.01.22 09:09:00.581,1.23992,1.24009,1.50,3.00
2013.01.22 09:09:00.768,1.23992,1.24012,1.50,1.50
2013.01.22 09:09:01.668,1.23991,1.24008,1.50,1.50
2013.01.22 09:09:01.909,1.23987,1.24007,3.00,1.50
2013.01.22 09:09:02.988,1.23989,1.24009,1.50,2.25
2013.01.22 09:09:03.490,1.23989,1.24009,1.50,1.50
2013.01.22 09:09:04.668,1.23987,1.24007,3.00,1.50
2013.01.22 09:09:04.970,1.23985,1.24003,1.50,1.50
2013.01.22 09:09:05.278,1.23987,1.24005,1.50,3.00
2013.01.22 09:09:05.520,1.23988,1.24008,1.50,1.50
2013.01.22 09:09:08.459,1.23988,1.24008,2.25,1.50
2013.01.22 09:09:08.888,1.23988,1.24008,1.50,1.50
2013.01.22 09:09:08.950,1.23987,1.24005,1.50,1.50
2013.01.22 09:09:11.919,1.23985,1.24003,5.55,1.50
2013.01.22 09:09:12.510,1.23985,1.24003,4.05,1.50
2013.01.22 09:09:13.468,1.23985,1.24003,1.50,3.75
2013.01.22 09:09:14.010,1.23984,1.24002,1.50,2.25
2013.01.22 09:09:15.540,1.23981,1.24001,4.50,1.50
2013.01.22 09:09:16.289,1.23981,1.24001,4.73,1.50
2013.01.22 09:09:16.838,1.23984,1.24002,3.98,1.50
2013.01.22 09:09:17.406,1.23986,1.24004,1.50,1.50
2013.01.22 09:09:17.534,1.23988,1.24006,1.50,1.50
2013.01.22 09:09:17.789,1.23989,1.24009,1.50,2.25
2013.01.22 09:09:17.849,1.23989,1.24009,1.50,3.00
2013.01.22 09:09:18.249,1.23989,1.24009,1.50,3.75
2013.01.22 09:09:18.329,1.23992,1.2401,1.50,2.25
2013.01.22 09:09:18.761,1.23988,1.24006,3.75,1.50
2013.01.22 09:09:19.068,1.23989,1.24009,1.50,3.75
2013.01.22 09:09:19.488,1.23993,1.24009,1.50,1.50
2013.01.22 09:09:21.701,1.23993,1.24013,2.25,2.25
2013.01.22 09:09:22.011,1.23998,1.24015,1.50,1.88
2013.01.22 09:09:22.260,1.24001,1.24016,1.50,3.00
2013.01.22 09:09:22.601,1.24008,1.24017,1.50,1.50
2013.01.22 09:09:22.934,1.24016,1.24028,1.50,1.50
2013.01.22 09:09:23.059,1.24016,1.24031,3.75,2.25
2013.01.22 09:09:23.178,1.24018,1.24036,2.25,2.33
2013.01.22 09:09:23.718,1.24019,1.24035,1.50,1.58
2013.01.22 09:09:23.838,1.24017,1.24036,1.50,1.58
2013.01.22 09:09:24.509,1.24018,1.24038,1.50,2.33
2013.01.22 09:09:24.921,1.24018,1.24037,2.25,1.58
2013.01.22 09:09:25.489,1.24022,1.24039,1.50,3.08
2013.01.22 09:09:25.847,1.24024,1.24042,1.50,2.40
2013.01.22 09:09:26.440,1.24024,1.24041,1.50,1.65
2013.01.22 09:09:26.801,1.24022,1.24038,3.75,1.20
2013.01.22 09:09:27.228,1.24023,1.24037,3.00,3.83
2013.01.22 09:09:27.299,1.24025,1.24038,3.00,1.58
2013.01.22 09:09:27.708,1.24028,1.24042,2.25,3.08
2013.01.22 09:09:27.948,1.24025,1.24042,2.25,3.00
2013.01.22 09:09:28.189,1.24025,1.24044,2.25,1.73
2013.01.22 09:09:28.311,1.24029,1.24044,1.50,1.73
2013.01.22 09:09:28.439,1.24025,1.24044,2.25,3.23
2013.01.22 09:09:28.631,1.24027,1.24044,2.25,2.48
2013.01.22 09:09:28.878,1.24028,1.24044,1.50,1.73
2013.01.22 09:09:29.059,1.24028,1.24043,1.50,1.13
2013.01.22 09:09:30.758,1.24028,1.24042,1.50,1.13
2013.01.22 09:09:30.880,1.24028,1.24043,1.50,1.73
2013.01.22 09:09:31.251,1.24026,1.24045,1.50,1.50
2013.01.22 09:09:31.320,1.24026,1.24046,2.25,1.50
2013.01.22 09:09:31.389,1.24029,1.24045,1.50,1.50
2013.01.22 09:09:31.461,1.24029,1.24045,1.50,1.50
2013.01.22 09:09:31.652,1.24026,1.24044,2.25,1.35
2013.01.22 09:09:32.204,1.24026,1.24044,2.25,2.85
2013.01.22 09:09:32.929,1.24026,1.24044,2.25,2.85
2013.01.22 09:09:33.470,1.24026,1.24044,2.25,2.10
2013.01.22 09:09:34.339,1.24028,1.24046,1.50,2.10
2013.01.22 09:09:34.659,1.2403,1.24047,1.50,2.67
2013.01.22 09:09:35.337,1.2403,1.24046,1.50,1.35
2013.01.22 09:09:35.889,1.2403,1.24047,1.50,2.63
2013.01.22 09:09:36.248,1.2403,1.24046,1.50,2.48
2013.01.22 09:09:36.310,1.24027,1.24039,1.50,1.13
2013.01.22 09:09:36.378,1.24023,1.24038,1.50,1.88
2013.01.22 09:09:36.500,1.24021,1.24035,1.88,1.50
2013.01.22 09:09:36.618,1.24021,1.24032,1.13,1.50
2013.01.22 09:09:36.677,1.24021,1.24038,1.13,4.50
2013.01.22 09:09:36.798,1.24021,1.24038,1.13,1.50
2013.01.22 09:09:36.991,1.24027,1.2404,1.50,1.50
2013.01.22 09:09:37.061,1.24027,1.24043,1.50,1.35
2013.01.22 09:09:37.247,1.24027,1.24045,1.88,3.75
2013.01.22 09:09:37.607,1.24037,1.24045,1.50,1.50
2013.01.22 09:09:37.923,1.24037,1.24042,1.50,1.13
2013.01.22 09:09:38.055,1.24037,1.24048,3.00,2.25
2013.01.22 09:09:38.123,1.24037,1.24048,3.00,1.50
2013.01.22 09:09:38.394,1.24034,1.24048,2.40,2.85
2013.01.22 09:09:38.520,1.2404,1.24055,1.50,1.88
2013.01.22 09:09:38.709,1.24038,1.24054,1.50,1.65
2013.01.22 09:09:38.828,1.24037,1.24054,1.50,1.65
2013.01.22 09:09:38.891,1.24037,1.24054,1.50,3.75
2013.01.22 09:09:39.255,1.24036,1.2405,1.50,2.48
2013.01.22 09:09:39.438,1.24036,1.2405,1.50,1.88
2013.01.22 09:09:39.559,1.24034,1.24051,1.50,1.13
2013.01.22 09:09:40.531,1.24034,1.24053,1.50,1.35
2013.01.22 09:09:40.839,1.24034,1.24054,1.50,3.75
2013.01.22 09:09:41.019,1.24035,1.24054,1.50,3.00
2013.01.22 09:09:41.079,1.24033,1.24051,3.00,1.50
2013.01.22 09:09:41.269,1.24028,1.24047,2.63,1.50
2013.01.22 09:09:41.340,1.24024,1.24044,2.25,1.50
2013.01.22 09:09:41.469,1.24024,1.24044,1.50,1.50
2013.01.22 09:09:41.707,1.24025,1.24046,1.50,3.00
2013.01.22 09:09:43.288,1.24025,1.24046,1.50,3.29
2013.01.22 09:09:44.842,1.24025,1.24046,1.50,1.79
2013.01.22 09:09:45.758,1.24027,1.24047,1.50,3.75
2013.01.22 09:09:46.119,1.2403,1.24048,1.50,2.63
2013.01.22 09:09:46.798,1.2403,1.24048,1.50,1.88
2013.01.22 09:09:47.679,1.2403,1.24048,1.50,1.88
2013.01.22 09:09:48.197,1.2403,1.24048,1.50,2.25
2013.01.22 09:09:48.319,1.24027,1.24048,1.50,4.13
2013.01.22 09:09:48.858,1.24025,1.24046,1.50,1.88
2013.01.22 09:09:51.688,1.24025,1.24046,1.50,2.10
2013.01.22 09:09:52.212,1.24025,1.24046,1.50,2.10
2013.01.22 09:09:52.918,1.24027,1.24046,1.50,2.39
2013.01.22 09:09:53.719,1.24027,1.24045,2.25,1.50
2013.01.22 09:09:53.959,1.24028,1.24048,2.85,1.88
2013.01.22 09:09:54.079,1.24033,1.24052,1.50,1.95
2013.01.22 09:09:54.199,1.24033,1.24052,3.00,1.50
2013.01.22 09:09:54.260,1.24036,1.24054,1.50,3.00
2013.01.22 09:09:54.528,1.24033,1.24054,1.50,3.00
2013.01.22 09:09:54.887,1.24036,1.24054,1.50,4.50
2013.01.22 09:09:55.197,1.24029,1.24049,1.50,2.48
2013.01.22 09:09:55.258,1.24029,1.24049,1.50,3.00
2013.01.22 09:09:55.688,1.24035,1.24049,1.50,1.13
2013.01.22 09:09:55.928,1.24031,1.24049,2.25,1.50
2013.01.22 09:09:56.468,1.2403,1.24048,3.38,2.25
2013.01.22 09:09:57.150,1.24025,1.24046,2.63,2.63
2013.01.22 09:09:57.801,1.24024,1.24045,3.38,1.50
2013.01.22 09:09:58.350,1.24026,1.24046,1.50,3.00
2013.01.22 09:09:58.778,1.24024,1.24042,1.50,2.25
2013.01.22 09:09:59.090,1.24019,1.24037,3.00,5.78
2013.01.22 09:09:59.218,1.24021,1.24037,1.50,5.78
2013.01.22 09:09:59.734,1.24021,1.24033,1.50,1.50
2013.01.22 09:10:00.609,1.24021,1.24035,1.50,1.50
2013.01.22 09:10:01.149,1.24021,1.24035,1.50,1.50
2013.01.22 09:10:01.449,1.24018,1.24035,2.25,1.50
2013.01.22 09:10:01.819,1.24022,1.24037,1.50,1.13
2013.01.22 09:10:02.009,1.24024,1.24038,1.50,2.78
2013.01.22 09:10:02.519,1.24023,1.24039,1.50,1.65
2013.01.22 09:10:03.059,1.2402,1.2404,2.25,2.63
2013.01.22 09:10:03.238,1.2402,1.2404,1.50,2.63
2013.01.22 09:10:03.618,1.2402,1.24039,1.50,2.25
2013.01.22 09:10:04.249,1.2402,1.24035,1.50,1.50
2013.01.22 09:10:04.732,1.24016,1.24031,1.50,1.50
2013.01.22 09:10:04.859,1.24013,1.24031,1.62,1.50
2013.01.22 09:10:05.114,1.24013,1.2403,1.62,1.50
2013.01.22 09:10:05.239,1.24013,1.24032,1.84,3.00
2013.01.22 09:10:06.029,1.24012,1.24032,1.50,1.50
2013.01.22 09:10:06.450,1.2401,1.2403,1.50,3.00
2013.01.22 09:10:06.760,1.24012,1.24032,1.50,1.50
2013.01.22 09:10:07.189,1.24011,1.24029,1.50,1.50
2013.01.22 09:10:07.551,1.24011,1.24029,3.00,1.50
2013.01.22 09:10:07.866,1.24011,1.24024,1.50,1.50
2013.01.22 09:10:07.988,1.24009,1.24024,3.00,1.50
2013.01.22 09:10:08.360,1.24011,1.24026,4.35,2.44
2013.01.22 09:10:08.550,1.24021,1.24033,2.25,2.25
2013.01.22 09:10:08.788,1.24021,1.24033,6.00,1.50
2013.01.22 09:10:08.908,1.24022,1.2404,1.35,3.00
2013.01.22 09:10:08.969,1.24021,1.2404,2.10,3.00
2013.01.22 09:10:09.158,1.24024,1.2404,1.50,1.50
2013.01.22 09:10:09.425,1.24022,1.2404,2.63,1.50
2013.01.22 09:10:09.496,1.24022,1.24042,3.00,1.50
2013.01.22 09:10:09.561,1.24022,1.24039,1.73,1.50
2013.01.22 09:10:10.590,1.24021,1.24039,1.50,1.50
2013.01.22 09:10:10.900,1.24016,1.24034,3.98,1.50
2013.01.22 09:10:11.449,1.24017,1.24037,1.88,1.50
2013.01.22 09:10:11.632,1.24016,1.24033,1.50,1.50
2013.01.22 09:10:11.699,1.24015,1.24033,1.50,1.50
2013.01.22 09:10:11.819,1.24012,1.24029,1.50,1.50
2013.01.22 09:10:12.002,1.2401,1.24028,2.25,1.50
2013.01.22 09:10:12.069,1.24009,1.24023,2.24,1.50
2013.01.22 09:10:12.490,1.24006,1.24024,2.25,1.50
2013.01.22 09:10:12.859,1.24005,1.24022,1.13,1.50
2013.01.22 09:10:12.932,1.24001,1.24021,1.88,1.50
2013.01.22 09:10:13.119,1.24001,1.24021,1.50,1.88
2013.01.22 09:10:13.241,1.23999,1.24016,1.50,1.50
2013.01.22 09:10:13.549,1.23995,1.24015,2.25,2.63
2013.01.22 09:10:13.942,1.23994,1.24005,3.00,1.50
2013.01.22 09:10:14.261,1.23988,1.23999,2.10,1.50
2013.01.22 09:10:14.572,1.23988,1.23998,2.10,1.88
2013.01.22 09:10:14.819,1.23986,1.23996,1.50,1.13
2013.01.22 09:10:14.881,1.23983,1.23995,2.25,1.28
2013.01.22 09:10:15.009,1.23982,1.2399,1.50,1.88
2013.01.22 09:10:15.199,1.23981,1.23988,2.25,1.35
2013.01.22 09:10:15.509,1.23973,1.2398,2.25,1.50
2013.01.22 09:10:15.871,1.23967,1.23976,1.50,1.13
2013.01.22 09:10:15.941,1.23967,1.23974,1.50,1.65
2013.01.22 09:10:16.011,1.23955,1.2397,1.50,1.50
2013.01.22 09:10:16.079,1.23953,1.23966,1.50,1.50
2013.01.22 09:10:16.149,1.23951,1.23966,2.25,1.50
2013.01.22 09:10:16.328,1.23949,1.23965,1.13,1.50
2013.01.22 09:10:16.749,1.23947,1.23963,1.80,1.50
2013.01.22 09:10:16.933,1.23945,1.23963,9.60,1.50
2013.01.22 09:10:17.058,1.23945,1.23963,1.50,1.50
2013.01.22 09:10:17.599,1.23945,1.23963,2.63,1.50
2013.01.22 09:10:17.787,1.23946,1.23964,2.85,1.50
2013.01.22 09:10:18.191,1.23946,1.23966,3.45,3.00
2013.01.22 09:10:19.181,1.23946,1.23965,2.25,1.50
2013.01.22 09:10:19.250,1.23946,1.23963,2.25,2.25
2013.01.22 09:10:19.502,1.23946,1.23964,1.50,1.50
2013.01.22 09:10:19.688,1.23946,1.23961,1.50,1.65
2013.01.22 09:10:19.991,1.23946,1.23965,1.50,2.25
2013.01.22 09:10:20.181,1.23939,1.23961,4.88,1.88
2013.01.22 09:10:20.430,1.23939,1.23961,4.50,1.88
2013.01.22 09:10:20.678,1.23939,1.23963,4.73,1.88
2013.01.22 09:10:21.650,1.23941,1.23963,1.73,1.50
2013.01.22 09:10:21.989,1.23949,1.23963,1.50,1.50
2013.01.22 09:10:22.061,1.23945,1.23962,3.23,1.50
2013.01.22 09:10:22.567,1.23944,1.23962,1.13,1.50
2013.01.22 09:10:22.870,1.2394,1.23957,4.13,1.50
2013.01.22 09:10:22.943,1.23938,1.23957,1.65,1.50
2013.01.22 09:10:23.011,1.23936,1.23951,5.63,1.50
2013.01.22 09:10:23.322,1.23934,1.2395,1.50,1.50
2013.01.22 09:10:23.509,1.23934,1.23952,1.50,1.50
2013.01.22 09:10:23.869,1.23934,1.2395,1.50,1.50
2013.01.22 09:10:23.940,1.23934,1.23952,3.23,3.00
2013.01.22 09:10:24.280,1.23934,1.23948,3.23,1.50
2013.01.22 09:10:24.614,1.23929,1.23945,1.65,1.50
2013.01.22 09:10:24.683,1.23931,1.23945,3.75,1.50
2013.01.22 09:10:24.753,1.23931,1.23943,3.75,1.50
2013.01.22 09:10:24.938,1.23931,1.23945,3.75,1.50
2013.01.22 09:10:25.130,1.23927,1.23945,1.13,1.50
2013.01.22 09:10:25.249,1.23925,1.23943,4.50,1.50
2013.01.22 09:10:25.493,1.23923,1.23943,2.25,2.25
2013.01.22 09:10:25.800,1.23921,1.23938,2.48,1.50
2013.01.22 09:10:26.351,1.2392,1.23938,3.60,1.50
2013.01.22 09:10:26.659,1.23921,1.23941,1.50,1.50
2013.01.22 09:10:26.961,1.23923,1.23942,1.50,1.50
2013.01.22 09:10:27.450,1.23927,1.23942,1.50,1.50
2013.01.22 09:10:27.519,1.23927,1.23947,1.50,2.25
2013.01.22 09:10:27.822,1.2393,1.23948,1.50,1.50
2013.01.22 09:10:28.128,1.23931,1.23951,3.75,1.50
2013.01.22 09:10:28.312,1.23932,1.23951,1.50,1.50
2013.01.22 09:10:28.500,1.23938,1.23957,2.25,2.25
2013.01.22 09:10:29.049,1.23937,1.23957,4.50,2.25
2013.01.22 09:10:30.272,1.23937,1.23957,2.10,1.50
2013.01.22 09:10:30.366,1.23942,1.2396,2.10,2.25
2013.01.22 09:10:30.900,1.23942,1.2396,3.15,1.50
2013.01.22 09:10:30.970,1.23944,1.23962,1.88,1.50
2013.01.22 09:10:31.038,1.2395,1.23967,1.50,1.13
2013.01.22 09:10:31.351,1.23951,1.23971,1.50,1.50
2013.01.22 09:10:31.419,1.2395,1.23968,1.50,1.50
2013.01.22 09:10:31.838,1.23951,1.23971,1.50,1.50
2013.01.22 09:10:32.381,1.2395,1.23969,1.50,1.50
2013.01.22 09:10:32.578,1.23953,1.23973,1.50,1.50
2013.01.22 09:10:32.657,1.23953,1.23973,2.25,1.50
2013.01.22 09:10:32.980,1.23972,1.23982,1.50,2.25
2013.01.22 09:10:33.341,1.23976,1.23986,3.75,1.88
2013.01.22 09:10:33.730,1.23983,1.23988,1.50,2.63
2013.01.22 09:10:34.051,1.23975,1.23999,1.50,1.50
2013.01.22 09:10:34.123,1.23986,1.23993,6.00,1.13
2013.01.22 09:10:34.381,1.2398,1.23988,1.50,6.75
2013.01.22 09:10:34.450,1.23974,1.23987,1.73,2.25
2013.01.22 09:10:34.520,1.23971,1.23989,3.23,1.13
2013.01.22 09:10:34.591,1.23971,1.23991,3.98,1.50
2013.01.22 09:10:34.722,1.23972,1.23988,2.25,1.50
2013.01.22 09:10:35.101,1.23976,1.23997,1.50,3.00
2013.01.22 09:10:35.174,1.23976,1.23995,1.50,1.50
2013.01.22 09:10:35.480,1.23974,1.23998,1.50,2.25
2013.01.22 09:10:35.979,1.23974,1.23997,1.50,3.98
2013.01.22 09:10:36.342,1.23972,1.23992,1.50,1.50
2013.01.22 09:10:36.529,1.23974,1.23996,1.50,1.13
2013.01.22 09:10:36.771,1.23973,1.23992,1.50,1.50
2013.01.22 09:10:36.979,1.23975,1.23996,2.25,1.13
2013.01.22 09:10:37.052,1.23978,1.23996,1.50,1.13
2013.01.22 09:10:37.729,1.23978,1.23999,1.50,2.25
2013.01.22 09:10:38.088,1.23976,1.23994,2.63,1.50
2013.01.22 09:10:38.270,1.23978,1.24,1.13,4.50
2013.01.22 09:10:38.668,1.2398,1.24,1.50,3.00
2013.01.22 09:10:38.989,1.23984,1.23997,1.50,1.50
2013.01.22 09:10:39.238,1.23984,1.24,1.50,2.16
2013.01.22 09:10:39.908,1.23979,1.23997,1.50,1.50
2013.01.22 09:10:40.409,1.23978,1.23998,2.25,1.50
2013.01.22 09:10:40.528,1.23983,1.24,1.50,1.50
2013.01.22 09:10:41.078,1.23983,1.24001,1.50,2.25
2013.01.22 09:10:42.918,1.23981,1.23999,1.50,2.25
2013.01.22 09:10:43.172,1.23982,1.24002,1.50,3.00
2013.01.22 09:10:43.818,1.23981,1.23999,1.50,1.50
2013.01.22 09:10:45.239,1.23983,1.24001,1.50,1.88
2013.01.22 09:10:45.791,1.23981,1.23999,3.00,1.50
2013.01.22 09:10:46.351,1.23982,1.24002,1.50,1.50
2013.01.22 09:10:47.205,1.23978,1.2399,1.50,1.50
2013.01.22 09:10:47.280,1.23972,1.2399,1.88,1.50
2013.01.22 09:10:47.351,1.23969,1.23989,4.50,1.50
2013.01.22 09:10:47.861,1.23969,1.23989,1.50,2.25
2013.01.22 09:10:48.001,1.23965,1.23984,2.25,1.50
2013.01.22 09:10:48.070,1.23965,1.23984,1.88,1.50
2013.01.22 09:10:48.619,1.23964,1.23983,2.18,1.50
2013.01.22 09:10:49.168,1.23964,1.23984,2.18,1.88
2013.01.22 09:10:49.483,1.23978,1.23988,1.50,1.50
2013.01.22 09:10:49.669,1.23969,1.23984,1.50,1.50
2013.01.22 09:10:49.788,1.23968,1.23984,1.88,1.50
2013.01.22 09:10:49.849,1.23969,1.23989,1.73,2.25
2013.01.22 09:10:49.909,1.23969,1.23989,3.23,2.25
2013.01.22 09:10:50.090,1.2397,1.2399,2.48,1.88
2013.01.22 09:10:50.461,1.23969,1.23987,3.38,1.50
2013.01.22 09:10:52.784,1.23961,1.23979,2.25,1.50
2013.01.22 09:10:53.461,1.23957,1.23977,2.25,1.50
2013.01.22 09:10:53.710,1.23954,1.23973,2.44,1.50
2013.01.22 09:10:53.779,1.23954,1.23973,1.69,1.50
2013.01.22 09:10:54.259,1.23954,1.23973,1.50,2.85
2013.01.22 09:10:54.560,1.23943,1.23956,4.35,1.50
2013.01.22 09:10:54.871,1.23943,1.23949,2.25,3.75
2013.01.22 09:10:55.564,1.23943,1.23954,3.00,3.00
2013.01.22 09:10:55.711,1.2394,1.23945,1.50,1.50
2013.01.22 09:10:55.796,1.23928,1.23939,1.13,8.26
2013.01.22 09:10:55.934,1.23922,1.2394,2.63,1.88
2013.01.22 09:10:56.003,1.23922,1.23934,2.63,1.50
2013.01.22 09:10:56.129,1.23919,1.23934,1.50,1.50
2013.01.22 09:10:56.489,1.23912,1.23933,2.48,1.50
2013.01.22 09:10:57.038,1.2391,1.23932,5.63,1.50
2013.01.22 09:10:57.099,1.2391,1.23929,5.63,1.50
2013.01.22 09:10:57.158,1.2391,1.23929,4.13,1.50
2013.01.22 09:10:57.621,1.23912,1.23931,4.13,1.50
2013.01.22 09:10:58.061,1.23909,1.23931,4.35,1.50
2013.01.22 09:10:58.619,1.23909,1.2393,4.13,1.50
2013.01.22 09:10:58.740,1.23907,1.23928,2.48,1.50
2013.01.22 09:10:58.869,1.23908,1.23931,1.88,1.50
2013.01.22 09:10:59.050,1.23906,1.23928,1.43,1.50
2013.01.22 09:10:59.598,1.23906,1.23929,1.13,1.50
2013.01.22 09:11:00.109,1.23906,1.23929,1.05,1.50
2013.01.22 09:11:00.412,1.23912,1.23927,1.50,1.50
2013.01.22 09:11:00.938,1.23907,1.23926,1.88,1.50
2013.01.22 09:11:01.431,1.23904,1.23926,2.63,1.50
2013.01.22 09:11:01.801,1.23904,1.23924,1.13,1.50
2013.01.22 09:11:02.110,1.23902,1.23922,1.05,1.50
2013.01.22 09:11:02.687,1.23903,1.23923,1.88,1.50
2013.01.22 09:11:03.079,1.23903,1.23917,1.50,1.50
2013.01.22 09:11:03.438,1.239,1.23915,1.50,1.50
2013.01.22 09:11:04.053,1.23903,1.23915,1.50,1.65
2013.01.22 09:11:04.180,1.23901,1.23915,1.50,1.65
2013.01.22 09:11:05.322,1.23902,1.23921,2.25,1.50
2013.01.22 09:11:05.395,1.23903,1.23923,2.25,3.00
2013.01.22 09:11:06.031,1.23903,1.23923,2.48,1.50
2013.01.22 09:11:06.179,1.23905,1.23925,1.50,1.50
2013.01.22 09:11:06.314,1.23904,1.23922,1.50,1.50
2013.01.22 09:11:06.629,1.23902,1.2392,2.25,1.50
2013.01.22 09:11:07.120,1.23903,1.23923,2.25,3.00
2013.01.22 09:11:07.638,1.23903,1.23923,2.25,1.50
2013.01.22 09:11:07.878,1.23903,1.23923,2.25,1.50
2013.01.22 09:11:08.213,1.23908,1.23926,2.25,3.00
2013.01.22 09:11:08.698,1.23912,1.23926,1.50,1.50
2013.01.22 09:11:08.758,1.23912,1.23929,1.50,1.50
2013.01.22 09:11:09.058,1.23908,1.23928,2.85,1.88
2013.01.22 09:11:09.118,1.23912,1.23929,1.50,3.00
2013.01.22 09:11:09.918,1.23915,1.23928,1.50,3.38
2013.01.22 09:11:10.727,1.23915,1.23931,1.50,1.50
2013.01.22 09:11:10.797,1.23918,1.23931,1.50,1.50
2013.01.22 09:11:10.862,1.2392,1.23933,1.50,3.75
2013.01.22 09:11:11.295,1.23922,1.23932,1.50,3.00
2013.01.22 09:11:11.364,1.23922,1.2394,1.50,2.25
2013.01.22 09:11:11.911,1.23919,1.23936,3.00,1.50
2013.01.22 09:11:12.519,1.23918,1.23936,1.50,1.50
2013.01.22 09:11:13.168,1.23918,1.23938,1.50,1.50
2013.01.22 09:11:13.709,1.23921,1.23939,1.50,1.50
2013.01.22 09:11:14.838,1.23922,1.2394,1.50,7.50
2013.01.22 09:11:15.270,1.23922,1.23938,1.50,3.75
2013.01.22 09:11:15.818,1.2392,1.23938,2.25,5.25
2013.01.22 09:11:16.248,1.2392,1.23938,2.25,2.25
2013.01.22 09:11:16.548,1.23922,1.2394,1.50,1.50
2013.01.22 09:11:16.908,1.23924,1.2394,1.50,1.13
2013.01.22 09:11:17.369,1.23924,1.23941,1.50,3.00
2013.01.22 09:11:17.430,1.23924,1.23941,3.00,1.50
2013.01.22 09:11:17.499,1.23928,1.23941,1.50,1.50
2013.01.22 09:11:17.798,1.23928,1.23941,1.50,1.50
2013.01.22 09:11:17.919,1.23925,1.23941,1.50,1.50
2013.01.22 09:11:18.100,1.23925,1.23941,1.50,1.50
2013.01.22 09:11:18.578,1.23925,1.23941,1.50,1.50
2013.01.22 09:11:18.762,1.23925,1.23941,1.50,1.50
2013.01.22 09:11:19.068,1.23925,1.23934,1.50,1.50
2013.01.22 09:11:19.189,1.23926,1.23934,1.50,1.50
2013.01.22 09:11:19.730,1.23926,1.23942,1.50,2.25
2013.01.22 09:11:20.800,1.23924,1.23942,2.25,1.50
2013.01.22 09:11:20.919,1.23926,1.23942,1.50,1.50
2013.01.22 09:11:21.218,1.23924,1.23942,1.50,1.50
2013.01.22 09:11:22.301,1.23926,1.23944,1.50,1.50
2013.01.22 09:11:22.849,1.23926,1.23946,1.50,3.00
2013.01.22 09:11:23.188,1.23925,1.23943,1.50,1.50
2013.01.22 09:11:23.500,1.23923,1.23941,2.25,1.50
2013.01.22 09:11:23.831,1.23921,1.23939,1.50,1.50
2013.01.22 09:11:24.079,1.23923,1.23943,1.50,1.88
2013.01.22 09:11:25.021,1.23923,1.23943,2.25,1.88
2013.01.22 09:11:25.568,1.23923,1.23943,2.25,1.50
2013.01.22 09:11:27.342,1.23924,1.23943,1.50,1.50
2013.01.22 09:11:27.470,1.23924,1.23943,2.25,1.50
2013.01.22 09:11:27.973,1.23923,1.23943,3.00,1.50
2013.01.22 09:11:28.043,1.23923,1.23943,2.25,1.50
2013.01.22 09:11:28.961,1.23927,1.2394,1.50,1.50
2013.01.22 09:11:29.029,1.23927,1.23943,1.50,3.75
2013.01.22 09:11:29.209,1.23927,1.23945,3.00,1.50
2013.01.22 09:11:29.699,1.23928,1.23945,3.75,1.50
2013.01.22 09:11:29.818,1.23928,1.23945,1.50,1.50
2013.01.22 09:11:30.178,1.23928,1.23945,4.50,1.50
2013.01.22 09:11:30.728,1.23929,1.23945,1.50,1.50
2013.01.22 09:11:31.268,1.23927,1.23944,1.35,1.50
2013.01.22 09:11:31.450,1.23928,1.23946,2.25,1.50
2013.01.22 09:11:31.579,1.2393,1.23948,1.50,1.88
2013.01.22 09:11:31.819,1.23932,1.2395,1.50,3.00
2013.01.22 09:11:32.299,1.23934,1.2395,1.50,2.25
2013.01.22 09:11:32.849,1.23934,1.2395,2.25,1.50
2013.01.22 09:11:32.995,1.23934,1.23951,2.25,4.50
2013.01.22 09:11:34.029,1.23936,1.23951,1.50,1.95
2013.01.22 09:11:34.648,1.23939,1.23951,1.50,1.50
2013.01.22 09:11:35.008,1.2394,1.23951,1.88,1.50
2013.01.22 09:11:35.569,1.23945,1.23951,1.50,1.50
2013.01.22 09:11:36.949,1.23945,1.23962,1.50,1.50
2013.01.22 09:11:37.769,1.23945,1.23963,1.50,6.00
2013.01.22 09:11:37.950,1.23942,1.23962,1.50,1.88
2013.01.22 09:11:38.533,1.23945,1.23963,1.50,3.00
2013.01.22 09:11:38.791,1.23945,1.23963,1.50,1.50
2013.01.22 09:11:39.823,1.23943,1.23961,1.50,1.50
2013.01.22 09:11:41.190,1.23943,1.23961,1.50,1.88
2013.01.22 09:11:41.440,1.2394,1.2396,1.50,1.88
2013.01.22 09:11:41.989,1.23943,1.23961,1.50,1.88
2013.01.22 09:11:42.319,1.23943,1.23961,2.63,1.50
2013.01.22 09:11:42.378,1.23944,1.23964,3.00,1.50
2013.01.22 09:11:42.438,1.23948,1.23966,1.50,1.32
2013.01.22 09:11:42.739,1.2395,1.23966,1.50,1.32
2013.01.22 09:11:43.067,1.23952,1.23966,1.50,1.32
2013.01.22 09:11:43.368,1.23954,1.23967,2.25,1.69
2013.01.22 09:11:43.488,1.23948,1.23961,2.25,1.50
2013.01.22 09:11:43.608,1.23948,1.23966,1.50,2.16
2013.01.22 09:11:44.198,1.23948,1.23966,1.50,1.88
2013.01.22 09:11:44.750,1.23949,1.23967,1.50,1.50
2013.01.22 09:11:44.809,1.23949,1.23969,1.50,4.50
2013.01.22 09:11:45.361,1.23947,1.23957,1.50,1.50
2013.01.22 09:11:45.683,1.23947,1.23956,1.50,1.13
2013.01.22 09:11:46.268,1.23939,1.23952,1.50,1.50
2013.01.22 09:11:46.388,1.23934,1.23952,2.25,3.00
2013.01.22 09:11:46.449,1.23934,1.23951,2.25,1.50
2013.01.22 09:11:46.943,1.23936,1.23951,1.50,1.50
2013.01.22 09:11:48.530,1.23934,1.23951,1.50,3.00
2013.01.22 09:11:48.617,1.23929,1.23949,2.25,1.50
2013.01.22 09:11:49.447,1.23929,1.23949,2.25,1.50
2013.01.22 09:11:50.369,1.23933,1.2395,1.50,1.13
2013.01.22 09:11:50.498,1.23931,1.23949,3.00,1.50
2013.01.22 09:11:50.799,1.23929,1.23947,4.88,1.50
2013.01.22 09:11:51.159,1.23934,1.23951,1.50,1.50
2013.01.22 09:11:51.718,1.23935,1.23952,1.35,1.50
2013.01.22 09:11:52.234,1.23935,1.23953,2.85,1.50
2013.01.22 09:11:53.102,1.23935,1.23953,2.25,1.65
2013.01.22 09:11:53.409,1.23941,1.23951,1.50,1.50
2013.01.22 09:11:53.530,1.23935,1.23951,3.00,1.50
2013.01.22 09:11:53.588,1.23935,1.23955,3.00,1.50
2013.01.22 09:11:54.204,1.23937,1.23954,1.50,1.50
2013.01.22 09:11:55.784,1.23936,1.23954,5.25,1.50
2013.01.22 09:11:55.992,1.23938,1.23956,2.25,1.58
2013.01.22 09:11:56.298,1.23941,1.23959,1.50,1.65
2013.01.22 09:11:56.658,1.23943,1.23961,1.50,3.53
2013.01.22 09:11:56.718,1.23941,1.23959,1.50,1.65
2013.01.22 09:11:57.278,1.23941,1.23959,2.25,1.65
2013.01.22 09:11:58.734,1.23939,1.23957,1.50,1.65
2013.01.22 09:11:58.802,1.23941,1.23959,1.50,1.65
2013.01.22 09:11:59.356,1.23941,1.23959,2.48,1.65
2013.01.22 09:11:59.700,1.23945,1.23963,1.50,1.73
2013.01.22 09:12:00.128,1.23942,1.23962,3.00,1.65
2013.01.22 09:12:00.188,1.23944,1.23964,1.50,1.65
2013.01.22 09:12:02.119,1.23942,1.2396,1.50,1.65
2013.01.22 09:12:02.659,1.23943,1.23963,1.88,1.65
2013.01.22 09:12:02.718,1.23946,1.23964,1.50,1.65
2013.01.22 09:12:03.839,1.23946,1.23964,1.50,1.50
2013.01.22 09:12:03.901,1.23949,1.23968,1.50,1.13
2013.01.22 09:12:04.447,1.23948,1.23966,1.50,1.50
2013.01.22 09:12:05.109,1.23948,1.23965,1.50,1.50
2013.01.22 09:12:06.648,1.23948,1.23966,3.00,1.50
2013.01.22 09:12:07.060,1.2395,1.23968,1.50,3.75
2013.01.22 09:12:07.392,1.23952,1.2397,1.50,1.50
2013.01.22 09:12:07.960,1.23952,1.23967,1.50,1.50
2013.01.22 09:12:08.270,1.2395,1.23964,1.50,4.50
2013.01.22 09:12:08.519,1.2395,1.23965,1.50,1.50
2013.01.22 09:12:08.639,1.2395,1.23963,1.50,2.25
2013.01.22 09:12:08.949,1.23938,1.23955,1.50,1.50
2013.01.22 09:12:09.428,1.2394,1.23957,2.25,1.50
2013.01.22 09:12:09.488,1.2394,1.2396,2.25,3.00
2013.01.22 09:12:10.032,1.2394,1.2396,1.50,3.00
2013.01.22 09:12:10.284,1.2394,1.23955,1.50,1.50
2013.01.22 09:12:10.530,1.23936,1.23955,1.50,1.50
2013.01.22 09:12:10.602,1.23934,1.2395,2.25,1.50
2013.01.22 09:12:10.908,1.23934,1.2395,3.00,1.50
2013.01.22 09:12:10.968,1.23934,1.23954,4.50,1.88
2013.01.22 09:12:11.508,1.23937,1.23954,1.50,1.50
2013.01.22 09:12:11.628,1.23938,1.23956,1.50,1.50
2013.01.22 09:12:12.080,1.23935,1.23955,3.00,1.50
2013.01.22 09:12:12.690,1.23935,1.23955,3.00,1.50
2013.01.22 09:12:13.203,1.23938,1.23956,1.50,1.50
2013.01.22 09:12:13.269,1.23935,1.23955,3.75,1.50
2013.01.22 09:12:13.403,1.23934,1.2395,4.13,1.13
2013.01.22 09:12:13.529,1.23935,1.23949,3.00,1.35
2013.01.22 09:12:13.589,1.23935,1.23941,3.00,1.50
2013.01.22 09:12:13.951,1.23933,1.23941,1.50,1.50
2013.01.22 09:12:14.379,1.23933,1.23946,1.50,1.88
2013.01.22 09:12:14.738,1.23928,1.23946,1.50,1.88
2013.01.22 09:12:15.169,1.23925,1.23943,2.25,1.50
2013.01.22 09:12:15.408,1.23923,1.23943,1.50,1.50
2013.01.22 09:12:15.719,1.23923,1.23943,2.25,2.25
2013.01.22 09:12:16.132,1.23918,1.23936,2.25,1.88
2013.01.22 09:12:16.214,1.23917,1.23936,2.63,1.50
2013.01.22 09:12:16.432,1.23917,1.23931,2.63,1.50
2013.01.22 09:12:16.721,1.23914,1.2393,1.20,1.88
2013.01.22 09:12:16.911,1.23914,1.2393,1.20,1.88
2013.01.22 09:12:17.581,1.23916,1.23931,1.50,1.50
2013.01.22 09:12:17.950,1.23909,1.23929,2.25,1.88
2013.01.22 09:12:18.509,1.2391,1.23928,2.25,1.50
2013.01.22 09:12:18.630,1.2391,1.23928,2.25,2.25
2013.01.22 09:12:18.762,1.2391,1.23924,2.25,2.10
2013.01.22 09:12:19.320,1.2391,1.23923,2.25,1.50
2013.01.22 09:12:19.698,1.2391,1.23919,2.25,1.50
2013.01.22 09:12:20.163,1.2391,1.23925,2.25,2.10
2013.01.22 09:12:20.420,1.2391,1.23927,2.25,2.25
2013.01.22 09:12:20.682,1.2391,1.23927,1.50,2.25
2013.01.22 09:12:20.932,1.2391,1.23927,1.50,2.25
2013.01.22 09:12:21.179,1.23903,1.23922,2.63,1.50
2013.01.22 09:12:21.300,1.23906,1.23924,1.50,1.50
2013.01.22 09:12:21.658,1.23911,1.23927,1.50,2.25
2013.01.22 09:12:22.020,1.23912,1.2393,1.50,1.50
2013.01.22 09:12:22.092,1.23914,1.23932,1.50,1.50
2013.01.22 09:12:22.458,1.23916,1.23933,1.50,1.13
2013.01.22 09:12:23.061,1.23919,1.23936,1.88,2.25
2013.01.22 09:12:23.579,1.23921,1.23937,1.73,1.50
2013.01.22 09:12:23.979,1.23924,1.23937,2.25,1.50
2013.01.22 09:12:24.280,1.23928,1.23938,2.25,1.50
2013.01.22 09:12:24.410,1.2393,1.23939,2.25,1.50
2013.01.22 09:12:24.590,1.23931,1.23947,2.25,1.13
2013.01.22 09:12:25.139,1.23931,1.23947,1.50,1.13
2013.01.22 09:12:25.772,1.23924,1.23947,3.00,2.07
2013.01.22 09:12:26.019,1.23924,1.2393,3.00,1.88
2013.01.22 09:12:26.198,1.23924,1.23932,3.00,1.65
2013.01.22 09:12:26.501,1.23927,1.23939,2.25,1.50
2013.01.22 09:12:27.419,1.23927,1.23939,2.25,1.50
2013.01.22 09:12:27.480,1.23927,1.23945,2.25,1.50
2013.01.22 09:12:27.551,1.23929,1.23947,1.88,1.88
2013.01.22 09:12:28.289,1.23931,1.23947,1.50,1.88
2013.01.22 09:12:28.450,1.23929,1.23947,3.38,1.88
2013.01.22 09:12:29.108,1.23928,1.23948,2.25,3.00
2013.01.22 09:12:29.638,1.23928,1.23948,1.50,3.00
2013.01.22 09:12:29.998,1.2393,1.23948,1.50,1.50
2013.01.22 09:12:30.559,1.2393,1.23949,1.88,1.50
2013.01.22 09:12:30.739,1.2393,1.2395,2.48,1.50
2013.01.22 09:12:31.098,1.23937,1.23952,1.50,1.13
2013.01.22 09:12:31.620,1.23935,1.23954,2.25,2.25
2013.01.22 09:12:32.468,1.23935,1.23954,2.25,1.50
2013.01.22 09:12:32.542,1.23938,1.23956,1.50,1.50
2013.01.22 09:12:32.670,1.23938,1.23956,1.50,2.25
2013.01.22 09:12:32.989,1.23938,1.23952,1.50,1.50
2013.01.22 09:12:33.380,1.2393,1.2395,2.63,1.50
2013.01.22 09:12:33.928,1.23931,1.23949,1.88,1.50
2013.01.22 09:12:34.112,1.23931,1.23949,1.50,1.50
2013.01.22 09:12:35.160,1.23931,1.23949,1.88,1.50
2013.01.22 09:12:35.711,1.23931,1.23949,1.88,1.50
2013.01.22 09:12:36.019,1.23929,1.23947,2.25,1.50
2013.01.22 09:12:37.249,1.23929,1.23947,1.88,1.88
2013.01.22 09:12:37.979,1.23931,1.23949,1.50,3.00
2013.01.22 09:12:39.333,1.2393,1.2395,1.50,1.50
2013.01.22 09:12:39.699,1.23932,1.23952,1.50,3.38
2013.01.22 09:12:40.299,1.2393,1.2395,3.00,1.50
2013.01.22 09:12:40.779,1.2393,1.2395,1.88,1.50
2013.01.22 09:12:41.202,1.23929,1.23947,1.88,1.50
2013.01.22 09:12:41.508,1.23926,1.23945,1.50,1.50
2013.01.22 09:12:41.694,1.23931,1.23949,1.50,1.50
2013.01.22 09:12:42.506,1.23931,1.23951,1.88,1.50
2013.01.22 09:12:42.588,1.23933,1.23953,1.50,1.50
2013.01.22 09:12:44.669,1.23932,1.23949,1.50,1.50
2013.01.22 09:12:45.209,1.23931,1.23949,1.50,1.50
2013.01.22 09:12:45.617,1.23932,1.23952,1.50,1.50
2013.01.22 09:12:46.241,1.23933,1.23952,1.50,1.50
2013.01.22 09:12:46.367,1.23934,1.23954,1.50,1.50
2013.01.22 09:12:47.279,1.23934,1.23954,3.75,1.50
2013.01.22 09:12:47.601,1.2394,1.2396,1.50,1.88
2013.01.22 09:12:47.789,1.2394,1.23958,1.50,1.50
2013.01.22 09:12:47.909,1.23937,1.23957,1.50,1.50
2013.01.22 09:12:47.968,1.2394,1.23958,1.50,1.50
2013.01.22 09:12:49.800,1.23942,1.2396,1.50,1.50
2013.01.22 09:12:52.394,1.23939,1.23959,1.50,1.50
2013.01.22 09:12:55.739,1.23939,1.23958,1.50,1.50
2013.01.22 09:12:55.804,1.23939,1.23955,1.50,1.50
2013.01.22 09:12:55.869,1.23936,1.23955,1.73,1.50
2013.01.22 09:12:56.408,1.23935,1.23953,1.50,2.63
2013.01.22 09:12:56.829,1.23935,1.23953,1.50,4.13
2013.01.22 09:12:56.887,1.23933,1.23951,1.50,2.25
2013.01.22 09:12:58.710,1.23931,1.23949,1.50,1.50
2013.01.22 09:13:01.119,1.23929,1.23948,1.50,1.50
2013.01.22 09:13:01.658,1.23928,1.23948,2.10,1.50
2013.01.22 09:13:05.259,1.23929,1.23947,1.50,1.50
2013.01.22 09:13:06.129,1.23932,1.23952,1.50,1.88
2013.01.22 09:13:06.498,1.23931,1.23947,1.50,1.50
2013.01.22 09:13:06.560,1.23927,1.23947,2.10,1.50
2013.01.22 09:13:06.751,1.23931,1.23947,2.63,1.50
2013.01.22 09:13:06.818,1.23932,1.23947,1.13,1.50
2013.01.22 09:13:07.179,1.23931,1.23945,1.50,1.50
2013.01.22 09:13:07.957,1.23927,1.23945,2.10,1.50
2013.01.22 09:13:11.069,1.23926,1.23945,3.38,1.50
2013.01.22 09:13:11.249,1.23926,1.23942,3.38,1.50
2013.01.22 09:13:13.247,1.23926,1.23942,3.38,1.50
2013.01.22 09:13:13.548,1.23926,1.23942,1.50,2.25
2013.01.22 09:13:13.906,1.23858,1.23936,1.50,30.94
2013.01.22 09:13:14.207,1.23858,1.23895,1.13,20.78
2013.01.22 09:13:14.447,1.2386,1.23889,1.13,1.50
2013.01.22 09:13:14.507,1.23858,1.23886,1.88,1.50
2013.01.22 09:13:14.686,1.23858,1.23887,1.50,1.50
2013.01.22 09:13:14.927,1.23868,1.23876,1.13,1.28
2013.01.22 09:13:14.988,1.23868,1.23876,1.50,1.13
2013.01.22 09:13:15.350,1.23868,1.23878,1.13,3.90
2013.01.22 09:13:15.411,1.23853,1.23877,1.50,3.83
2013.01.22 09:13:15.478,1.23853,1.23877,1.50,3.83
2013.01.22 09:13:15.777,1.23853,1.23877,1.50,3.83
2013.01.22 09:13:15.936,1.23852,1.23877,1.50,3.83
2013.01.22 09:13:16.118,1.23853,1.23877,1.50,3.83
2013.01.22 09:13:16.239,1.23852,1.23878,1.50,4.95
2013.01.22 09:13:16.538,1.23852,1.23876,1.50,1.80
2013.01.22 09:13:17.096,1.23851,1.23871,1.35,1.50
2013.01.22 09:13:17.219,1.23852,1.23871,1.50,1.50
2013.01.22 09:13:17.518,1.23852,1.23874,1.50,2.63
2013.01.22 09:13:18.698,1.23854,1.23874,3.23,3.00
2013.01.22 09:13:18.820,1.23858,1.23877,3.00,3.00
2013.01.22 09:13:19.289,1.23861,1.23877,3.38,3.00
2013.01.22 09:13:19.614,1.23865,1.23877,1.13,2.25
2013.01.22 09:13:19.679,1.23865,1.23885,1.28,1.50
2013.01.22 09:13:20.223,1.23865,1.23887,1.28,6.75
2013.01.22 09:13:20.293,1.23863,1.23887,1.05,6.90
2013.01.22 09:13:20.430,1.23862,1.23887,2.25,6.90
2013.01.22 09:13:20.548,1.23863,1.23887,1.50,3.00
2013.01.22 09:13:21.239,1.23862,1.23887,4.35,2.25
2013.01.22 09:13:21.765,1.23862,1.23888,5.10,2.25
2013.01.22 09:13:22.240,1.23862,1.23888,1.50,2.25
2013.01.22 09:13:24.599,1.23862,1.23886,1.50,1.35
2013.01.22 09:13:24.958,1.23859,1.23883,1.50,1.05
2013.01.22 09:13:25.140,1.23857,1.23883,1.50,1.05
2013.01.22 09:13:25.287,1.23851,1.23883,3.27,1.05
2013.01.22 09:13:27.099,1.23856,1.2388,1.88,3.00
2013.01.22 09:13:27.899,1.23865,1.23881,1.50,3.38
2013.01.22 09:13:28.588,1.23866,1.2388,1.50,3.38
2013.01.22 09:13:29.088,1.23866,1.23885,1.50,4.50
2013.01.22 09:13:29.721,1.23867,1.23885,1.50,3.00
2013.01.22 09:13:29.849,1.23867,1.23888,1.50,1.13
2013.01.22 09:13:30.087,1.23867,1.23889,1.50,4.73
2013.01.22 09:13:31.007,1.23866,1.23891,1.50,2.25
2013.01.22 09:13:31.631,1.23867,1.23889,1.50,3.98
2013.01.22 09:13:31.939,1.23866,1.23891,2.25,5.25
2013.01.22 09:13:32.299,1.23867,1.23892,2.25,5.25
2013.01.22 09:13:32.837,1.23867,1.23892,1.50,1.50
2013.01.22 09:13:33.928,1.23867,1.23892,1.50,6.23
2013.01.22 09:13:34.555,1.23869,1.23892,1.88,5.25
2013.01.22 09:13:34.829,1.23868,1.23892,8.33,4.50
2013.01.22 09:13:35.436,1.23868,1.23895,2.10,1.50
2013.01.22 09:13:35.938,1.23868,1.23894,2.10,2.25
2013.01.22 09:13:36.490,1.23868,1.23896,1.35,2.25
2013.01.22 09:13:37.010,1.23868,1.23895,1.35,1.13
2013.01.22 09:13:37.318,1.23868,1.23895,2.10,1.13
2013.01.22 09:13:37.678,1.23867,1.23893,1.50,1.50
2013.01.22 09:13:38.222,1.23867,1.23892,1.50,1.73
2013.01.22 09:13:38.582,1.23868,1.23891,1.50,1.35
2013.01.22 09:13:38.892,1.23867,1.23876,1.50,1.13
2013.01.22 09:13:38.960,1.2386,1.23876,1.88,1.13
2013.01.22 09:13:39.029,1.23855,1.23876,1.13,1.13
2013.01.22 09:13:39.088,1.23854,1.23876,1.13,1.13
2013.01.22 09:13:39.468,1.23851,1.23874,2.82,1.50
2013.01.22 09:13:40.147,1.23851,1.23873,2.44,1.50
2013.01.22 09:13:41.118,1.23852,1.23873,1.69,1.50
2013.01.22 09:13:42.039,1.23852,1.23873,1.69,1.50
2013.01.22 09:13:43.689,1.23852,1.23873,1.69,1.50
2013.01.22 09:13:45.248,1.23852,1.2387,1.69,1.13
2013.01.22 09:13:45.795,1.2385,1.23869,1.09,3.00
2013.01.22 09:13:46.598,1.23844,1.23863,2.03,1.13
2013.01.22 09:13:46.658,1.23843,1.23863,1.13,5.82
2013.01.22 09:13:47.083,1.2384,1.23858,1.13,1.50
2013.01.22 09:13:47.268,1.23835,1.23858,1.88,1.88
2013.01.22 09:13:48.390,1.23836,1.23858,1.50,1.13
2013.01.22 09:13:48.580,1.23833,1.23855,3.00,1.50
2013.01.22 09:13:49.585,1.23833,1.23855,2.25,1.50
2013.01.22 09:13:49.829,1.23829,1.23855,1.50,1.50
2013.01.22 09:13:50.551,1.23826,1.23855,3.45,1.13
2013.01.22 09:13:50.800,1.23826,1.23851,2.10,3.75
2013.01.22 09:13:50.991,1.23826,1.23851,1.35,1.50
2013.01.22 09:13:51.121,1.23825,1.23847,1.50,1.50
2013.01.22 09:13:51.429,1.23824,1.23837,1.50,1.50
2013.01.22 09:13:51.727,1.23816,1.23836,1.50,1.95
2013.01.22 09:13:52.340,1.23816,1.23834,1.50,1.50
2013.01.22 09:13:52.485,1.23816,1.23837,1.50,1.58
2013.01.22 09:13:52.789,1.2381,1.23838,1.88,1.20
2013.01.22 09:13:52.970,1.23806,1.23839,6.45,1.58
2013.01.22 09:13:54.079,1.2381,1.23839,1.13,1.13
2013.01.22 09:13:54.259,1.2381,1.23832,1.13,1.35
2013.01.22 09:13:54.789,1.23805,1.23824,1.13,1.13
2013.01.22 09:13:55.311,1.238,1.23824,1.50,1.88
2013.01.22 09:13:55.512,1.238,1.23823,1.50,1.50
2013.01.22 09:13:55.819,1.23803,1.23808,1.50,4.73
2013.01.22 09:13:56.000,1.23801,1.23808,1.50,2.03
2013.01.22 09:13:56.182,1.23799,1.23808,2.25,1.13
2013.01.22 09:13:56.441,1.23782,1.23803,1.50,1.50
2013.01.22 09:13:56.570,1.23786,1.23803,1.50,1.50
2013.01.22 09:13:56.630,1.23786,1.23807,1.50,1.50
2013.01.22 09:13:57.051,1.23785,1.23809,2.10,2.33
2013.01.22 09:13:57.180,1.23786,1.23809,1.50,1.13
2013.01.22 09:13:57.362,1.23789,1.23811,1.50,2.25
2013.01.22 09:13:57.432,1.23789,1.23814,1.50,4.50
2013.01.22 09:13:57.560,1.23791,1.23817,1.13,3.75
2013.01.22 09:13:57.620,1.23792,1.23816,1.88,1.88
2013.01.22 09:13:58.473,1.23783,1.2381,1.73,1.50
2013.01.22 09:13:58.758,1.23779,1.23809,2.25,2.10
2013.01.22 09:13:59.109,1.23776,1.23803,2.25,2.34
2013.01.22 09:13:59.421,1.23771,1.23798,2.91,1.50
2013.01.22 09:13:59.609,1.23771,1.2379,2.91,1.50
2013.01.22 09:13:59.790,1.2377,1.2379,1.50,1.50
2013.01.22 09:14:00.221,1.23768,1.2379,4.50,1.50
2013.01.22 09:14:00.589,1.23779,1.23792,1.90,1.88
2013.01.22 09:14:00.839,1.23786,1.23801,2.85,2.10
2013.01.22 09:14:00.911,1.23785,1.238,3.15,3.00
2013.01.22 09:14:00.980,1.23785,1.238,2.25,3.23
2013.01.22 09:14:01.292,1.23785,1.238,1.50,1.50
2013.01.22 09:14:01.360,1.23784,1.23799,3.00,1.50
2013.01.22 09:14:01.540,1.23781,1.23799,1.58,1.50
2013.01.22 09:14:02.499,1.23778,1.23798,1.88,1.50
2013.01.22 09:14:02.804,1.23776,1.23796,1.88,1.50
2013.01.22 09:14:03.130,1.23776,1.23796,1.50,1.50
2013.01.22 09:14:03.690,1.23781,1.23795,1.50,1.50
2013.01.22 09:14:03.880,1.23781,1.238,2.25,2.48
2013.01.22 09:14:04.431,1.23781,1.23798,1.50,2.25
2013.01.22 09:14:04.560,1.23778,1.23798,1.58,3.23
2013.01.22 09:14:05.101,1.23776,1.23796,1.88,1.50
2013.01.22 09:14:05.659,1.23776,1.23795,1.88,1.50
2013.01.22 09:14:05.842,1.23777,1.23797,1.88,1.50
2013.01.22 09:14:06.340,1.23777,1.23793,3.38,1.13
2013.01.22 09:14:06.531,1.2377,1.2379,5.33,3.60
2013.01.22 09:14:07.060,1.23774,1.23791,1.50,4.13
2013.01.22 09:14:07.309,1.23774,1.23792,1.50,1.50
2013.01.22 09:14:07.640,1.23779,1.23792,1.13,1.50
2013.01.22 09:14:07.831,1.23782,1.23792,1.50,1.50
2013.01.22 09:14:08.380,1.23773,1.23793,2.33,1.50
2013.01.22 09:14:08.630,1.23773,1.23793,1.58,1.50
2013.01.22 09:14:08.761,1.23776,1.23794,1.50,1.50
2013.01.22 09:14:10.543,1.23776,1.23794,2.63,1.50
2013.01.22 09:14:10.612,1.23777,1.23797,2.33,1.50
2013.01.22 09:14:10.680,1.23777,1.23797,2.25,1.88
2013.01.22 09:14:10.930,1.23776,1.23795,1.13,1.50
2013.01.22 09:14:11.240,1.23778,1.23791,1.50,1.50
2013.01.22 09:14:11.484,1.23781,1.23799,1.50,1.50
2013.01.22 09:14:12.551,1.23781,1.23799,1.50,3.00
2013.01.22 09:14:12.860,1.23781,1.23788,1.50,1.88
2013.01.22 09:14:13.734,1.23774,1.23788,1.50,1.88
2013.01.22 09:14:14.633,1.23773,1.23793,2.25,1.50
2013.01.22 09:14:14.763,1.23773,1.23793,1.50,1.50
2013.01.22 09:14:15.291,1.23774,1.23792,1.50,1.50
2013.01.22 09:14:15.433,1.23779,1.23792,1.50,1.50
2013.01.22 09:14:15.503,1.23779,1.23795,1.50,1.50
2013.01.22 09:14:15.569,1.23779,1.23798,1.50,2.25
2013.01.22 09:14:15.750,1.23779,1.23795,1.50,1.50
2013.01.22 09:14:16.049,1.23777,1.23795,1.50,1.50
2013.01.22 09:14:16.172,1.23777,1.23795,1.50,3.75
2013.01.22 09:14:16.719,1.23777,1.23794,1.50,3.00
2013.01.22 09:14:17.020,1.23777,1.23791,1.50,2.25
2013.01.22 09:14:17.380,1.23775,1.2379,1.50,1.50
2013.01.22 09:14:17.501,1.23767,1.23786,2.25,1.50
2013.01.22 09:14:17.629,1.23766,1.23783,1.88,1.50
2013.01.22 09:14:17.811,1.23766,1.23783,1.88,1.50
2013.01.22 09:14:17.880,1.23767,1.23787,1.50,1.50
2013.01.22 09:14:18.391,1.23767,1.23787,2.25,1.50
2013.01.22 09:14:18.930,1.23766,1.23784,2.63,1.50
2013.01.22 09:14:19.001,1.23764,1.23784,3.94,1.50
2013.01.22 09:14:19.070,1.23763,1.23782,1.13,1.88
2013.01.22 09:14:19.560,1.23758,1.23778,3.75,1.50
2013.01.22 09:14:20.222,1.23759,1.23774,1.50,1.50
2013.01.22 09:14:20.556,1.23757,1.23771,1.13,1.50
2013.01.22 09:14:20.799,1.2375,1.23769,2.25,1.50
2013.01.22 09:14:21.041,1.23754,1.23769,1.35,1.50
2013.01.22 09:14:21.115,1.23751,1.23769,4.73,1.50
2013.01.22 09:14:21.481,1.23751,1.23769,5.25,1.50
2013.01.22 09:14:22.030,1.23752,1.23769,1.50,1.50
2013.01.22 09:14:22.099,1.2375,1.23768,3.00,1.88
2013.01.22 09:14:22.289,1.2375,1.23766,1.50,1.50
2013.01.22 09:14:22.598,1.2375,1.23764,1.50,1.50
2013.01.22 09:14:23.139,1.2375,1.23765,1.50,1.50
2013.01.22 09:14:23.460,1.2375,1.23764,1.50,2.63
2013.01.22 09:14:23.786,1.23745,1.23758,2.25,1.50
2013.01.22 09:14:25.263,1.23741,1.23755,3.75,1.50
2013.01.22 09:14:26.118,1.2374,1.23755,1.50,1.50
2013.01.22 09:14:26.303,1.2374,1.23758,3.00,1.50
2013.01.22 09:14:26.372,1.2374,1.23758,3.00,1.65
2013.01.22 09:14:26.801,1.23741,1.23761,2.25,3.00
2013.01.22 09:14:27.532,1.23741,1.23761,2.25,1.50
2013.01.22 09:14:27.616,1.23743,1.23763,3.75,3.00
2013.01.22 09:14:27.693,1.23746,1.23763,1.50,1.50
2013.01.22 09:14:28.301,1.23746,1.23764,1.50,1.50
2013.01.22 09:14:28.369,1.23746,1.23766,2.25,1.50
2013.01.22 09:14:29.059,1.23747,1.23765,1.50,1.50
2013.01.22 09:14:30.518,1.23748,1.23768,1.50,1.50
2013.01.22 09:14:31.699,1.23757,1.23768,1.13,1.50
2013.01.22 09:14:31.999,1.23763,1.23779,1.50,2.63
2013.01.22 09:14:33.080,1.23762,1.23779,3.75,1.88
2013.01.22 09:14:33.619,1.23762,1.23779,5.25,1.50
2013.01.22 09:14:34.151,1.23769,1.23779,3.75,1.50
2013.01.22 09:14:34.221,1.23769,1.23781,3.75,1.50
2013.01.22 09:14:34.350,1.23771,1.23786,1.50,1.50
2013.01.22 09:14:34.529,1.2377,1.23786,1.65,1.50
2013.01.22 09:14:34.831,1.23767,1.23785,1.88,1.50
2013.01.22 09:14:35.588,1.23767,1.23785,1.50,1.88
2013.01.22 09:14:36.710,1.23765,1.23782,4.50,2.03
2013.01.22 09:14:36.875,1.23766,1.23783,1.13,1.50
2013.01.22 09:14:37.180,1.23766,1.23785,1.88,1.50
2013.01.22 09:14:37.479,1.2377,1.23785,1.13,1.50
2013.01.22 09:14:37.600,1.2377,1.23787,3.00,2.25
2013.01.22 09:14:37.908,1.23771,1.23789,2.78,1.50
2013.01.22 09:14:38.431,1.23771,1.23789,4.28,1.50
2013.01.22 09:14:39.010,1.23772,1.23792,1.65,1.50
2013.01.22 09:14:39.390,1.23772,1.23792,2.78,1.50
2013.01.22 09:14:39.709,1.23777,1.23795,1.50,1.50
2013.01.22 09:14:40.070,1.23781,1.23798,1.50,1.50
2013.01.22 09:14:40.270,1.23777,1.23797,1.50,2.25
2013.01.22 09:14:40.629,1.2378,1.23797,1.50,1.50
2013.01.22 09:14:40.690,1.23783,1.23801,1.50,2.25
2013.01.22 09:14:40.820,1.23778,1.23796,1.50,1.50
2013.01.22 09:14:41.129,1.23772,1.23792,2.25,1.50
2013.01.22 09:14:41.320,1.23771,1.23789,1.50,1.50
2013.01.22 09:14:41.811,1.23774,1.23792,1.50,1.50
2013.01.22 09:14:42.121,1.23776,1.23794,1.50,1.50
2013.01.22 09:14:42.430,1.2378,1.23797,1.50,1.50
2013.01.22 09:14:42.969,1.2378,1.23798,1.88,1.50
2013.01.22 09:14:43.783,1.2378,1.23798,1.88,1.50
2013.01.22 09:14:44.129,1.23784,1.23802,1.50,1.50
2013.01.22 09:14:44.789,1.23787,1.23805,1.50,1.50
2013.01.22 09:14:45.090,1.23789,1.23807,1.50,3.38
2013.01.22 09:14:45.520,1.23792,1.2381,1.50,3.00
2013.01.22 09:14:45.583,1.23792,1.2381,1.50,1.50
2013.01.22 09:14:45.775,1.23794,1.23813,1.50,2.25
2013.01.22 09:14:46.085,1.2379,1.2381,1.50,2.03
2013.01.22 09:14:46.739,1.2379,1.2381,1.50,2.03
2013.01.22 09:14:46.981,1.23794,1.23812,1.50,2.03
2013.01.22 09:14:47.590,1.23795,1.23815,1.50,3.00
2013.01.22 09:14:47.841,1.23795,1.23815,1.50,2.48
2013.01.22 09:14:48.394,1.23794,1.23812,1.50,2.10
2013.01.22 09:14:48.721,1.23794,1.2381,1.50,2.10
2013.01.22 09:14:49.080,1.23782,1.23802,1.88,1.73
2013.01.22 09:14:49.141,1.23782,1.23802,1.88,1.50
2013.01.22 09:14:49.209,1.23785,1.23803,1.50,1.88
2013.01.22 09:14:49.330,1.2378,1.238,2.25,1.73
2013.01.22 09:14:51.942,1.23783,1.23801,1.50,2.48
2013.01.22 09:14:52.841,1.23783,1.23793,1.50,1.13
2013.01.22 09:14:52.969,1.23783,1.23791,1.50,1.13
2013.01.22 09:14:53.031,1.23773,1.2379,2.25,2.48
2013.01.22 09:14:53.338,1.23775,1.2379,1.50,1.50
2013.01.22 09:14:53.661,1.23778,1.23792,1.50,1.13
2013.01.22 09:14:53.731,1.23778,1.23794,1.50,1.50
2013.01.22 09:14:53.861,1.23778,1.23798,1.50,1.50
2013.01.22 09:14:54.359,1.23778,1.23798,1.50,5.25
2013.01.22 09:14:54.811,1.23775,1.23792,1.50,1.50
2013.01.22 09:14:55.312,1.23774,1.23791,1.50,3.75
2013.01.22 09:14:55.500,1.23771,1.23791,3.00,5.25
2013.01.22 09:14:55.561,1.23771,1.23791,1.50,2.25
2013.01.22 09:14:55.810,1.23773,1.23793,1.50,3.75
2013.01.22 09:14:56.769,1.23773,1.23792,1.50,3.75
2013.01.22 09:14:57.130,1.23766,1.23786,3.75,2.25
2013.01.22 09:14:57.252,1.23766,1.23785,1.50,1.50
2013.01.22 09:14:57.441,1.23766,1.23783,1.50,1.73
2013.01.22 09:14:57.632,1.23766,1.23783,1.50,2.85
2013.01.22 09:14:58.491,1.23764,1.23779,3.00,1.50
2013.01.22 09:14:58.831,1.23779,1.23788,11.25,1.50
2013.01.22 09:14:59.021,1.2378,1.23788,1.50,1.50
2013.01.22 09:14:59.450,1.2378,1.23785,1.50,1.50
2013.01.22 09:14:59.689,1.2378,1.23788,1.50,1.50
2013.01.22 09:14:59.835,1.23775,1.23788,1.50,1.50
2013.01.22 09:14:59.974,1.23767,1.23786,1.50,1.50
2013.01.22 09:15:00.219,1.23766,1.23786,1.50,1.50
2013.01.22 09:15:00.555,1.23768,1.23788,1.50,1.50
2013.01.22 09:15:00.915,1.23768,1.23784,1.50,1.50
2013.01.22 09:15:01.242,1.23762,1.2378,1.50,1.73
2013.01.22 09:15:01.813,1.23759,1.23779,1.88,5.48
2013.01.22 09:15:02.020,1.23759,1.23779,1.88,1.73
2013.01.22 09:15:02.579,1.23759,1.23779,1.88,1.73
2013.01.22 09:15:03.069,1.23759,1.23779,1.88,1.73
2013.01.22 09:15:03.430,1.23759,1.23773,1.88,1.50
2013.01.22 09:15:03.929,1.23752,1.23772,1.50,3.38
2013.01.22 09:15:04.005,1.23752,1.23772,2.07,3.60
2013.01.22 09:15:04.132,1.23752,1.23772,1.50,2.63
2013.01.22 09:15:04.279,1.23754,1.23772,1.50,2.63
2013.01.22 09:15:04.723,1.23755,1.23775,1.50,1.50
2013.01.22 09:15:05.245,1.23753,1.23773,3.00,1.50
2013.01.22 09:15:05.818,1.2375,1.23764,1.50,2.03
2013.01.22 09:15:06.026,1.23746,1.2376,1.50,2.63
2013.01.22 09:15:06.553,1.23741,1.23758,1.50,3.00
2013.01.22 09:15:07.009,1.23738,1.23754,1.88,1.50
2013.01.22 09:15:07.821,1.23738,1.23754,1.50,1.50
2013.01.22 09:15:08.184,1.23738,1.23755,1.50,3.00
2013.01.22 09:15:09.701,1.23738,1.23754,1.50,1.88
2013.01.22 09:15:10.020,1.23738,1.23752,1.50,1.80
2013.01.22 09:15:10.333,1.23739,1.23749,1.50,1.28
2013.01.22 09:15:11.204,1.2373,1.23742,3.23,3.75
2013.01.22 09:15:11.363,1.23718,1.23734,1.50,5.25
2013.01.22 09:15:11.513,1.23714,1.23726,1.50,3.75
2013.01.22 09:15:11.861,1.23712,1.23719,3.00,1.50
2013.01.22 09:15:12.123,1.23679,1.23713,3.65,18.54
2013.01.22 09:15:12.199,1.23674,1.23698,1.50,6.38
2013.01.22 09:15:12.267,1.23674,1.23683,1.50,2.25
2013.01.22 09:15:12.327,1.23669,1.23676,1.50,1.50
2013.01.22 09:15:12.916,1.23643,1.23666,1.13,12.48
2013.01.22 09:15:12.988,1.23644,1.23654,1.50,2.25
2013.01.22 09:15:13.049,1.23639,1.23654,1.13,2.25
2013.01.22 09:15:13.173,1.23641,1.23649,1.50,1.50
2013.01.22 09:15:13.371,1.23636,1.23653,3.75,3.75
2013.01.22 09:15:13.692,1.23638,1.23648,1.50,1.43
2013.01.22 09:15:14.067,1.23624,1.23647,1.50,1.13
2013.01.22 09:15:14.203,1.23623,1.23641,1.50,1.13
2013.01.22 09:15:14.283,1.2362,1.23642,1.50,1.13
2013.01.22 09:15:14.409,1.23619,1.23646,1.50,1.13
2013.01.22 09:15:14.470,1.23619,1.23647,1.50,1.13
2013.01.22 09:15:14.529,1.23617,1.23646,1.50,1.88
2013.01.22 09:15:14.591,1.23616,1.23646,1.50,2.63
2013.01.22 09:15:14.661,1.23617,1.23639,1.13,1.50
2013.01.22 09:15:15.201,1.23616,1.23636,1.50,1.50
2013.01.22 09:15:15.509,1.23616,1.23636,1.50,1.50
2013.01.22 09:15:15.819,1.23585,1.23621,1.50,0.75
2013.01.22 09:15:16.145,1.23587,1.23614,1.95,2.48
2013.01.22 09:15:16.223,1.23587,1.23609,1.50,2.10
2013.01.22 09:15:16.481,1.23586,1.23608,1.50,1.88
2013.01.22 09:15:16.738,1.23576,1.2361,1.50,1.35
2013.01.22 09:15:16.815,1.23576,1.23612,1.50,1.35
2013.01.22 09:15:17.059,1.23575,1.23602,3.75,1.35
2013.01.22 09:15:17.240,1.23566,1.23602,1.13,1.35
2013.01.22 09:15:17.373,1.23566,1.23602,1.50,1.73
2013.01.22 09:15:17.681,1.23568,1.23602,1.13,1.35
2013.01.22 09:15:18.050,1.23569,1.23603,1.13,2.85
2013.01.22 09:15:18.360,1.23567,1.23588,1.50,1.31
2013.01.22 09:15:18.569,1.23571,1.23593,1.35,1.97
2013.01.22 09:15:18.942,1.23586,1.23602,2.40,2.25
2013.01.22 09:15:19.249,1.2358,1.23594,1.73,1.89
2013.01.22 09:15:19.370,1.23552,1.23574,1.50,8.16
2013.01.22 09:15:19.439,1.23553,1.23567,1.88,2.25
2013.01.22 09:15:19.807,1.23572,1.23592,5.25,2.25
2013.01.22 09:15:19.891,1.23568,1.23579,1.13,7.50
2013.01.22 09:15:19.961,1.23568,1.23584,2.25,1.50
2013.01.22 09:15:20.270,1.23568,1.23583,1.52,1.50
2013.01.22 09:15:20.836,1.23574,1.23592,1.20,1.50
2013.01.22 09:15:20.961,1.23574,1.23607,1.20,2.25
2013.01.22 09:15:21.090,1.23573,1.23607,1.44,1.50
2013.01.22 09:15:21.271,1.23573,1.23612,2.94,1.13
2013.01.22 09:15:21.531,1.23576,1.23609,1.05,2.25
2013.01.22 09:15:21.841,1.23576,1.23607,2.55,1.50
2013.01.22 09:15:22.150,1.23578,1.23605,1.58,1.50
2013.01.22 09:15:22.271,1.23576,1.23605,2.48,1.73
2013.01.22 09:15:22.462,1.23592,1.23607,1.88,1.50
2013.01.22 09:15:22.591,1.23593,1.23621,1.88,2.78
2013.01.22 09:15:22.662,1.23593,1.2362,1.88,1.28
2013.01.22 09:15:22.732,1.23593,1.23611,1.88,1.50
2013.01.22 09:15:23.042,1.23604,1.23623,2.25,1.50
2013.01.22 09:15:23.110,1.23607,1.23624,3.60,1.50
2013.01.22 09:15:23.229,1.23611,1.2363,1.88,1.13
2013.01.22 09:15:23.351,1.23609,1.23624,2.03,1.79
2013.01.22 09:15:23.482,1.23609,1.23625,1.50,1.50
2013.01.22 09:15:23.743,1.23609,1.23625,1.50,2.03
2013.01.22 09:15:23.812,1.23609,1.23625,2.25,1.50
2013.01.22 09:15:24.377,1.23613,1.23625,1.50,1.50
2013.01.22 09:15:24.442,1.23613,1.23631,1.50,1.50
2013.01.22 09:15:24.582,1.23614,1.23642,1.88,1.73
2013.01.22 09:15:24.972,1.23617,1.23643,1.50,1.58
2013.01.22 09:15:25.100,1.23617,1.23638,1.50,1.50
2013.01.22 09:15:25.220,1.23619,1.23649,1.50,2.10
2013.01.22 09:15:25.280,1.23619,1.2365,3.00,1.35
2013.01.22 09:15:25.399,1.23622,1.23653,1.50,2.10
2013.01.22 09:15:25.518,1.23624,1.23647,1.50,7.50
2013.01.22 09:15:25.821,1.23617,1.23631,2.25,7.50
2013.01.22 09:15:25.890,1.23615,1.23623,3.75,1.50
2013.01.22 09:15:26.021,1.23618,1.23631,1.50,1.50
2013.01.22 09:15:26.090,1.23619,1.23629,1.50,1.50
2013.01.22 09:15:26.221,1.23616,1.2363,1.50,1.50
2013.01.22 09:15:26.292,1.23616,1.23633,2.25,1.20
2013.01.22 09:15:26.361,1.23616,1.23634,1.50,1.73
2013.01.22 09:15:26.550,1.23616,1.23627,1.50,1.50
2013.01.22 09:15:27.100,1.23617,1.23626,1.50,1.50
2013.01.22 09:15:27.405,1.2362,1.23626,1.50,1.50
2013.01.22 09:15:28.174,1.23616,1.23628,1.50,1.50
2013.01.22 09:15:28.392,1.23617,1.23628,1.50,1.50
2013.01.22 09:15:28.522,1.23617,1.23628,1.50,1.50
2013.01.22 09:15:28.910,1.23617,1.23628,1.50,1.50
2013.01.22 09:15:29.213,1.23624,1.23631,1.50,1.50
2013.01.22 09:15:29.351,1.23614,1.23629,1.50,1.50
2013.01.22 09:15:29.421,1.23614,1.23629,1.50,1.50
2013.01.22 09:15:29.751,1.23608,1.23617,3.00,6.75
2013.01.22 09:15:29.833,1.23611,1.23619,4.50,2.25
2013.01.22 09:15:30.116,1.23594,1.23618,2.63,2.25
2013.01.22 09:15:30.252,1.23594,1.23616,1.13,2.48
2013.01.22 09:15:30.685,1.23597,1.23614,1.20,1.50
2013.01.22 09:15:30.950,1.23596,1.23614,1.35,1.50
2013.01.22 09:15:31.022,1.23598,1.23614,1.50,1.50
2013.01.22 09:15:31.152,1.23602,1.23614,1.50,1.50
2013.01.22 09:15:31.220,1.23602,1.23619,1.50,2.03
2013.01.22 09:15:31.409,1.236,1.2362,1.50,2.03
2013.01.22 09:15:31.473,1.23596,1.2362,1.50,3.53
2013.01.22 09:15:31.902,1.23594,1.23616,1.50,1.50
2013.01.22 09:15:32.033,1.23594,1.23616,1.50,1.73
2013.01.22 09:15:32.101,1.23592,1.23615,1.13,1.73
2013.01.22 09:15:32.234,1.23593,1.23613,1.50,1.50
2013.01.22 09:15:32.419,1.23593,1.23613,1.50,1.50
2013.01.22 09:15:32.601,1.23592,1.23609,1.50,1.50
2013.01.22 09:15:33.204,1.23591,1.23607,2.25,1.13
2013.01.22 09:15:33.294,1.23583,1.23604,1.50,3.23
2013.01.22 09:15:33.851,1.2358,1.23603,3.00,1.73
2013.01.22 09:15:35.364,1.2358,1.23603,1.50,3.23
2013.01.22 09:15:35.436,1.2358,1.23603,1.50,3.23
2013.01.22 09:15:35.581,1.2358,1.23603,1.50,3.23
2013.01.22 09:15:35.664,1.23579,1.23593,2.25,1.50
2013.01.22 09:15:35.729,1.23579,1.23592,1.50,1.50
2013.01.22 09:15:35.796,1.23574,1.23584,1.50,5.25
2013.01.22 09:15:36.060,1.23573,1.23578,2.25,4.50
2013.01.22 09:15:36.563,1.23573,1.23578,2.25,4.50
2013.01.22 09:15:36.647,1.23561,1.23578,1.50,5.25
2013.01.22 09:15:37.292,1.23562,1.23573,1.50,1.50
2013.01.22 09:15:37.635,1.23557,1.23569,1.50,2.25
2013.01.22 09:15:38.141,1.23547,1.23566,3.00,1.50
2013.01.22 09:15:38.269,1.23548,1.23566,1.50,1.50
2013.01.22 09:15:38.590,1.23547,1.23561,1.50,1.50
2013.01.22 09:15:38.834,1.23543,1.23562,1.13,2.25
2013.01.22 09:15:39.021,1.23538,1.2356,1.13,2.48
2013.01.22 09:15:39.088,1.23538,1.23553,1.13,1.05
2013.01.22 09:15:39.347,1.23531,1.23549,1.13,1.05
2013.01.22 09:15:39.598,1.23529,1.23547,1.13,1.05
2013.01.22 09:15:39.659,1.23529,1.23553,1.13,1.80
2013.01.22 09:15:39.721,1.23531,1.23553,1.13,1.80
2013.01.22 09:15:40.192,1.23534,1.23555,1.50,1.73
2013.01.22 09:15:40.500,1.23516,1.23531,1.65,1.50
2013.01.22 09:15:40.820,1.23531,1.23541,1.50,1.50
2013.01.22 09:15:40.880,1.23531,1.2355,1.50,1.20
2013.01.22 09:15:40.951,1.23522,1.23537,1.50,1.50
2013.01.22 09:15:41.279,1.2352,1.23527,3.00,1.73
2013.01.22 09:15:41.492,1.23519,1.2353,1.50,1.58
2013.01.22 09:15:41.831,1.23518,1.23533,4.50,1.50
2013.01.22 09:15:41.960,1.23506,1.23527,1.50,2.48
2013.01.22 09:15:42.212,1.23507,1.23531,1.50,1.35
2013.01.22 09:15:42.640,1.23507,1.23535,1.58,2.25
2013.01.22 09:15:42.700,1.23507,1.23535,2.33,1.50
2013.01.22 09:15:42.818,1.23509,1.23537,1.50,2.25
2013.01.22 09:15:42.878,1.23511,1.23537,1.50,3.75
2013.01.22 09:15:43.181,1.23501,1.23515,1.73,7.50
2013.01.22 09:15:43.250,1.23498,1.23509,2.63,1.50
2013.01.22 09:15:43.429,1.23499,1.23509,1.50,1.88
2013.01.22 09:15:43.969,1.23499,1.23507,1.50,1.65
2013.01.22 09:15:44.520,1.23491,1.23505,2.25,1.50
2013.01.22 09:15:44.645,1.23491,1.23506,1.50,1.50
2013.01.22 09:15:44.710,1.23488,1.23506,1.50,2.25
2013.01.22 09:15:44.831,1.23488,1.23506,1.50,3.00
2013.01.22 09:15:44.960,1.23482,1.23504,2.25,1.73
2013.01.22 09:15:45.464,1.23482,1.23499,1.50,1.13
2013.01.22 09:15:45.981,1.23474,1.23497,1.50,1.50
2013.01.22 09:15:46.171,1.23472,1.23496,2.25,1.50
2013.01.22 09:15:46.479,1.23472,1.23493,1.50,2.10
2013.01.22 09:15:46.780,1.23472,1.23493,1.50,2.85
2013.01.22 09:15:47.139,1.2347,1.23477,2.25,4.73
2013.01.22 09:15:47.459,1.23453,1.23479,1.13,1.13
2013.01.22 09:15:47.532,1.23461,1.23471,1.50,1.13
2013.01.22 09:15:47.673,1.23447,1.23468,1.13,1.35
2013.01.22 09:15:47.742,1.2343,1.23451,1.50,11.08
2013.01.22 09:15:47.870,1.23429,1.23447,1.50,1.69
2013.01.22 09:15:48.061,1.23416,1.23438,1.50,1.69
2013.01.22 09:15:48.190,1.23426,1.23446,1.13,1.13
2013.01.22 09:15:48.319,1.23413,1.23438,1.64,1.69
2013.01.22 09:15:48.381,1.23413,1.23422,1.26,2.25
2013.01.22 09:15:48.845,1.23413,1.2342,1.13,2.55
2013.01.22 09:15:48.919,1.23403,1.2342,3.98,1.65
2013.01.22 09:15:49.293,1.23417,1.23424,5.25,1.50
2013.01.22 09:15:49.573,1.23428,1.23448,2.63,1.65
2013.01.22 09:15:49.645,1.2343,1.23457,1.50,1.13
2013.01.22 09:15:49.796,1.23431,1.23461,2.48,2.25
2013.01.22 09:15:49.860,1.23433,1.23467,1.35,1.50
2013.01.22 09:15:49.980,1.23443,1.23468,1.50,2.48
2013.01.22 09:15:50.520,1.23446,1.23469,1.50,1.35
2013.01.22 09:15:50.593,1.23442,1.23456,2.25,4.24
2013.01.22 09:15:50.662,1.23414,1.23443,1.50,4.96
2013.01.22 09:15:50.729,1.23415,1.23425,1.50,3.00
2013.01.22 09:15:50.789,1.23404,1.23419,1.50,1.73
2013.01.22 09:15:51.029,1.23408,1.23419,1.58,1.50
2013.01.22 09:15:51.088,1.23398,1.23419,1.50,1.50
2013.01.22 09:15:51.148,1.23392,1.23419,1.73,1.50
2013.01.22 09:15:51.210,1.23401,1.2342,2.63,1.88
2013.01.22 09:15:51.271,1.23397,1.23412,1.50,1.50
2013.01.22 09:15:51.400,1.23395,1.23417,1.50,3.83
2013.01.22 09:15:51.578,1.23396,1.23422,1.50,1.73
2013.01.22 09:15:51.699,1.23398,1.23423,1.50,1.13
2013.01.22 09:15:52.058,1.23411,1.23434,2.25,1.50
2013.01.22 09:15:52.418,1.23409,1.23432,1.64,1.50
2013.01.22 09:15:52.539,1.23411,1.23435,1.19,8.25
2013.01.22 09:15:52.659,1.2341,1.23434,3.29,3.75
2013.01.22 09:15:52.720,1.23414,1.23439,1.69,1.13
2013.01.22 09:15:53.488,1.23417,1.23443,1.13,8.25
2013.01.22 09:15:53.570,1.23417,1.23445,1.13,2.85
2013.01.22 09:15:53.640,1.23426,1.23445,1.50,6.60
2013.01.22 09:15:53.969,1.23441,1.23445,2.25,2.10
2013.01.22 09:15:54.674,1.23428,1.23445,1.13,2.85
2013.01.22 09:15:54.745,1.23438,1.23457,1.13,1.13
2013.01.22 09:15:54.817,1.23438,1.23456,1.13,1.13
2013.01.22 09:15:55.120,1.23446,1.23458,1.50,1.50
2013.01.22 09:15:55.250,1.23446,1.23469,2.25,4.88
2013.01.22 09:15:55.439,1.23452,1.23467,2.63,4.13
2013.01.22 09:15:55.742,1.23458,1.23472,1.50,1.50
2013.01.22 09:15:56.051,1.23459,1.23477,1.50,3.00
2013.01.22 09:15:56.181,1.23458,1.23477,2.25,2.25
2013.01.22 09:15:56.300,1.23461,1.23482,1.13,2.25
2013.01.22 09:15:56.419,1.23465,1.23487,1.13,1.50
2013.01.22 09:15:56.791,1.23464,1.23492,1.13,1.20
2013.01.22 09:15:56.979,1.23461,1.23496,1.58,2.25
2013.01.22 09:15:57.042,1.23463,1.23494,1.50,1.13
2013.01.22 09:15:57.354,1.23461,1.23493,1.13,1.13
2013.01.22 09:15:57.432,1.23461,1.23486,1.13,2.25
2013.01.22 09:15:57.830,1.23459,1.2348,3.75,2.25
2013.01.22 09:15:58.328,1.2346,1.2348,1.28,2.25
2013.01.22 09:15:58.920,1.2346,1.23479,1.58,2.25
2013.01.22 09:15:59.040,1.23462,1.23492,1.88,1.13
2013.01.22 09:15:59.225,1.2346,1.23492,1.65,1.13
2013.01.22 09:15:59.768,1.23461,1.23496,1.28,1.50
2013.01.22 09:16:00.130,1.23462,1.23492,1.88,1.50
2013.01.22 09:16:00.579,1.23463,1.23499,1.65,1.13
2013.01.22 09:16:00.664,1.23471,1.23496,2.25,1.13
2013.01.22 09:16:01.080,1.23474,1.23495,1.50,1.13
2013.01.22 09:16:01.157,1.23474,1.23495,1.50,1.13
2013.01.22 09:16:01.774,1.23474,1.23497,1.50,1.13
2013.01.22 09:16:02.240,1.23474,1.23499,2.35,2.63
2013.01.22 09:16:02.541,1.23498,1.23505,6.00,3.75
2013.01.22 09:16:02.608,1.23483,1.23502,1.50,3.75
2013.01.22 09:16:03.089,1.23483,1.23502,1.50,3.75
2013.01.22 09:16:03.150,1.23478,1.23502,1.13,3.75
2013.01.22 09:16:03.689,1.23478,1.23501,1.13,3.75
2013.01.22 09:16:03.869,1.23481,1.23504,1.13,1.13
2013.01.22 09:16:03.934,1.23479,1.23504,1.50,6.38
2013.01.22 09:16:04.540,1.2348,1.23501,1.50,2.40
2013.01.22 09:16:04.779,1.2348,1.23492,1.50,2.25
2013.01.22 09:16:04.839,1.2348,1.23494,1.50,2.25
2013.01.22 09:16:04.901,1.2348,1.23488,1.50,2.25
2013.01.22 09:16:04.971,1.2348,1.23497,1.50,1.50
2013.01.22 09:16:05.221,1.2348,1.23497,1.50,2.25
2013.01.22 09:16:05.290,1.2348,1.23497,2.25,1.50
2013.01.22 09:16:05.362,1.23489,1.23502,1.50,1.50
2013.01.22 09:16:05.720,1.23489,1.23502,2.25,1.50
2013.01.22 09:16:06.050,1.23496,1.23503,1.65,3.00
2013.01.22 09:16:06.901,1.23499,1.23506,1.13,3.00
2013.01.22 09:16:07.391,1.23507,1.23514,1.50,2.25
2013.01.22 09:16:07.460,1.23509,1.23516,1.50,2.25
2013.01.22 09:16:07.827,1.23514,1.23522,4.50,2.25
2013.01.22 09:16:08.041,1.23514,1.23522,4.50,1.50
2013.01.22 09:16:08.246,1.23518,1.23525,3.75,1.50
2013.01.22 09:16:08.432,1.23509,1.2352,3.75,1.50
2013.01.22 09:16:08.501,1.23514,1.23522,1.50,1.50
2013.01.22 09:16:08.570,1.23514,1.23526,1.50,1.50
2013.01.22 09:16:08.630,1.23512,1.23526,1.50,2.25
2013.01.22 09:16:08.690,1.23509,1.23524,1.88,1.50
2013.01.22 09:16:09.229,1.23509,1.23525,1.88,1.50
2013.01.22 09:16:09.316,1.23508,1.23526,4.50,1.50
2013.01.22 09:16:09.828,1.23509,1.23524,1.13,1.50
2013.01.22 09:16:10.280,1.23512,1.23527,4.50,1.50
2013.01.22 09:16:10.600,1.23514,1.23524,1.73,1.50
2013.01.22 09:16:11.141,1.2352,1.23526,1.50,1.50
2013.01.22 09:16:11.452,1.23522,1.23529,2.25,1.13
2013.01.22 09:16:11.585,1.23522,1.23542,2.25,2.25
2013.01.22 09:16:11.769,1.23527,1.23546,1.50,1.88
2013.01.22 09:16:12.129,1.23534,1.23546,1.50,1.88
2013.01.22 09:16:12.190,1.23535,1.23549,1.50,1.20
2013.01.22 09:16:12.346,1.23535,1.23549,1.50,1.13
2013.01.22 09:16:12.409,1.23531,1.23549,2.25,1.50
2013.01.22 09:16:12.589,1.23533,1.23542,1.50,1.50
2013.01.22 09:16:12.650,1.23527,1.23542,1.50,1.50
2013.01.22 09:16:12.720,1.23533,1.23542,1.50,1.50
2013.01.22 09:16:12.782,1.23535,1.23551,1.50,2.55
2013.01.22 09:16:12.850,1.23539,1.23551,1.50,2.55
2013.01.22 09:16:12.975,1.23539,1.23551,1.50,2.40
2013.01.22 09:16:13.371,1.2354,1.23561,1.35,1.80
2013.01.22 09:16:13.446,1.23533,1.23555,2.25,1.05
2013.01.22 09:16:13.519,1.23516,1.23544,1.13,13.93
2013.01.22 09:16:13.589,1.23492,1.23528,1.88,16.20
2013.01.22 09:16:13.658,1.23492,1.23501,3.75,1.13
2013.01.22 09:16:13.719,1.23492,1.23501,3.75,1.13
2013.01.22 09:16:13.783,1.2349,1.23499,8.25,1.50
2013.01.22 09:16:14.090,1.23486,1.23491,3.38,1.13
2013.01.22 09:16:14.402,1.23467,1.23477,1.50,5.71
2013.01.22 09:16:14.723,1.23462,1.23476,1.50,1.06
2013.01.22 09:16:14.982,1.23447,1.23465,1.58,2.41
2013.01.22 09:16:15.229,1.23454,1.23475,4.50,1.51
2013.01.22 09:16:15.289,1.23459,1.23476,3.00,2.03
2013.01.22 09:16:15.649,1.23457,1.23475,7.50,1.35
2013.01.22 09:16:15.841,1.23455,1.23472,1.50,1.66
2013.01.22 09:16:15.909,1.23444,1.23472,1.50,1.66
2013.01.22 09:16:15.970,1.23454,1.23476,6.00,1.65
2013.01.22 09:16:16.171,1.23451,1.23465,1.50,1.20
2013.01.22 09:16:16.240,1.23452,1.23465,1.50,1.13
2013.01.22 09:16:16.313,1.23453,1.23467,1.50,1.13
2013.01.22 09:16:16.398,1.23451,1.23467,1.50,1.89
2013.01.22 09:16:17.053,1.2345,1.23475,1.50,3.15
2013.01.22 09:16:17.374,1.23445,1.23467,1.13,1.35
2013.01.22 09:16:17.682,1.23451,1.23465,3.75,1.35
2013.01.22 09:16:17.752,1.23445,1.23468,1.13,1.65
2013.01.22 09:16:17.892,1.23445,1.23469,1.13,2.03
2013.01.22 09:16:17.961,1.23447,1.23468,1.50,1.65
2013.01.22 09:16:18.270,1.23447,1.23468,1.50,1.65
2013.01.22 09:16:18.400,1.23447,1.23471,1.50,1.65
2013.01.22 09:16:18.902,1.23447,1.23469,1.50,1.13
2013.01.22 09:16:19.221,1.23446,1.23468,1.13,1.13
2013.01.22 09:16:19.727,1.23446,1.2347,1.13,1.28
2013.01.22 09:16:20.029,1.23447,1.23472,1.50,1.43
2013.01.22 09:16:20.273,1.23446,1.23472,1.50,1.28
2013.01.22 09:16:20.345,1.23445,1.23466,1.05,1.50
2013.01.22 09:16:20.695,1.23456,1.23465,1.50,1.50
2013.01.22 09:16:20.821,1.23459,1.23469,6.00,1.65
2013.01.22 09:16:20.890,1.2346,1.23469,6.38,1.50
2013.01.22 09:16:21.010,1.23461,1.2347,1.13,1.50
2013.01.22 09:16:21.519,1.23466,1.23477,1.50,1.05
2013.01.22 09:16:21.760,1.23465,1.23482,1.50,1.13
2013.01.22 09:16:21.832,1.23464,1.23472,1.50,1.50
2013.01.22 09:16:21.960,1.23465,1.23482,1.50,1.13
2013.01.22 09:16:22.341,1.23464,1.23473,1.13,1.50
2013.01.22 09:16:22.849,1.23465,1.23491,3.38,1.13
2013.01.22 09:16:22.909,1.23465,1.23487,3.38,1.13
2013.01.22 09:16:23.031,1.23465,1.23487,1.50,1.13
2013.01.22 09:16:23.158,1.23465,1.23491,1.50,2.25
2013.01.22 09:16:23.461,1.23482,1.23492,2.25,1.92
2013.01.22 09:16:23.652,1.23489,1.23503,1.50,5.25
2013.01.22 09:16:23.782,1.23481,1.23503,3.15,4.50
2013.01.22 09:16:23.851,1.23481,1.235,2.70,1.50
2013.01.22 09:16:24.170,1.23481,1.23496,3.15,1.50
2013.01.22 09:16:24.229,1.23481,1.23495,2.70,1.50
2013.01.22 09:16:24.290,1.23481,1.23489,2.70,4.50
2013.01.22 09:16:24.471,1.23475,1.23487,1.50,1.50
2013.01.22 09:16:24.979,1.23473,1.23485,1.50,1.50
2013.01.22 09:16:25.418,1.23467,1.23483,1.88,1.50
2013.01.22 09:16:25.538,1.23468,1.23485,1.88,3.00
2013.01.22 09:16:25.851,1.23479,1.23491,3.00,3.15
2013.01.22 09:16:25.920,1.23481,1.23491,2.25,3.15
2013.01.22 09:16:26.218,1.23481,1.23491,1.50,3.15
2013.01.22 09:16:26.529,1.23479,1.23492,3.75,2.25
2013.01.22 09:16:26.828,1.23479,1.23488,2.25,1.50
2013.01.22 09:16:26.888,1.23479,1.23491,2.25,1.13
2013.01.22 09:16:27.128,1.2348,1.23488,1.50,1.50
2013.01.22 09:16:27.310,1.23487,1.23495,1.50,1.13
2013.01.22 09:16:27.920,1.23485,1.23503,1.50,1.50
2013.01.22 09:16:28.050,1.23485,1.23503,1.62,1.50
2013.01.22 09:16:28.455,1.23485,1.23503,1.73,1.50
2013.01.22 09:16:28.519,1.23485,1.23503,1.58,1.50
2013.01.22 09:16:29.069,1.23482,1.23502,1.58,1.50
2013.01.22 09:16:29.450,1.23484,1.23504,1.58,1.50
2013.01.22 09:16:29.736,1.23484,1.23504,1.62,1.50
2013.01.22 09:16:30.038,1.23426,1.23492,1.95,37.75
2013.01.22 09:16:30.098,1.23426,1.23455,1.95,1.50
2013.01.22 09:16:30.159,1.23416,1.23455,2.03,1.58
2013.01.22 09:16:30.291,1.23411,1.23452,2.25,1.95
2013.01.22 09:16:30.420,1.23409,1.23447,1.50,2.10
2013.01.22 09:16:30.490,1.234,1.23444,3.08,1.50
2013.01.22 09:16:30.682,1.23404,1.23447,2.25,1.88
2013.01.22 09:16:31.049,1.23417,1.23443,1.50,2.78
2013.01.22 09:16:31.290,1.23417,1.23443,1.50,1.65
2013.01.22 09:16:31.424,1.23422,1.23444,4.50,1.65
2013.01.22 09:16:31.731,1.23435,1.23444,1.50,1.65
2013.01.22 09:16:31.922,1.23433,1.23455,1.50,1.65
2013.01.22 09:16:32.067,1.23428,1.23441,1.50,2.56
2013.01.22 09:16:32.449,1.23426,1.23433,2.25,1.13
2013.01.22 09:16:32.568,1.23428,1.23434,1.50,2.63
2013.01.22 09:16:32.750,1.23421,1.23447,2.25,1.50
2013.01.22 09:16:32.868,1.23421,1.2346,1.13,1.20
2013.01.22 09:16:32.989,1.23428,1.2346,1.88,1.58
2013.01.22 09:16:33.290,1.2344,1.23464,1.58,1.13
2013.01.22 09:16:33.471,1.23436,1.23464,1.50,1.35
2013.01.22 09:16:33.857,1.23432,1.23461,1.50,1.88
2013.01.22 09:16:33.981,1.23432,1.2346,1.50,1.13
2013.01.22 09:16:34.288,1.23403,1.23425,1.13,1.65
2013.01.22 09:16:34.692,1.23403,1.23425,1.13,2.40
2013.01.22 09:16:35.178,1.23393,1.23421,1.97,1.50
2013.01.22 09:16:35.669,1.23394,1.23413,1.22,4.80
2013.01.22 09:16:35.851,1.23394,1.23413,1.22,4.65
2013.01.22 09:16:36.039,1.23396,1.23418,1.50,1.50
2013.01.22 09:16:36.101,1.23396,1.23421,1.50,3.75
2013.01.22 09:16:36.169,1.234,1.23421,1.50,4.50
2013.01.22 09:16:36.470,1.234,1.23427,1.50,1.65
2013.01.22 09:16:36.540,1.23396,1.23423,4.50,1.50
2013.01.22 09:16:36.600,1.23396,1.23423,4.50,2.25
2013.01.22 09:16:36.910,1.23404,1.23421,1.50,1.80
2013.01.22 09:16:37.352,1.23407,1.23426,1.50,1.80
2013.01.22 09:16:37.600,1.23407,1.23436,2.25,3.90
2013.01.22 09:16:38.042,1.23405,1.23439,2.25,3.90
2013.01.22 09:16:38.291,1.23406,1.23438,1.13,2.25
2013.01.22 09:16:38.359,1.23413,1.23439,1.50,2.25
2013.01.22 09:16:38.540,1.2341,1.23442,1.88,1.65
2013.01.22 09:16:38.613,1.23412,1.23448,1.88,2.97
2013.01.22 09:16:38.922,1.23416,1.23448,1.88,1.54
2013.01.22 09:16:39.350,1.23412,1.23448,2.25,3.06
2013.01.22 09:16:39.884,1.23415,1.23448,3.75,2.55
2013.01.22 09:16:40.091,1.23412,1.23448,1.50,2.55
2013.01.22 09:16:40.982,1.23412,1.23447,1.88,1.57
2013.01.22 09:16:41.419,1.23409,1.23436,1.13,1.43
2013.01.22 09:16:41.600,1.23409,1.23435,1.13,1.28
2013.01.22 09:16:42.320,1.23407,1.23436,1.50,1.58
2013.01.22 09:16:42.582,1.23407,1.23434,1.50,1.26
2013.01.22 09:16:43.009,1.23408,1.23436,1.13,1.80
2013.01.22 09:16:43.069,1.23408,1.23436,4.50,1.73
2013.01.22 09:16:43.605,1.23408,1.23439,4.50,2.19
2013.01.22 09:16:43.684,1.2341,1.23439,1.88,2.33
2013.01.22 09:16:44.120,1.23411,1.23439,1.88,1.02
2013.01.22 09:16:44.790,1.23426,1.23449,1.50,1.23
2013.01.22 09:16:45.043,1.23429,1.23451,1.50,1.65
2013.01.22 09:16:45.259,1.23429,1.23454,1.50,1.50
2013.01.22 09:16:45.760,1.23429,1.23452,1.50,1.65
2013.01.22 09:16:45.892,1.23429,1.23454,1.50,1.50
2013.01.22 09:16:46.079,1.23429,1.23454,1.50,2.40
2013.01.22 09:16:46.320,1.23427,1.23453,1.50,1.50
2013.01.22 09:16:46.881,1.23424,1.23453,1.88,1.50
2013.01.22 09:16:46.949,1.23424,1.23453,2.25,1.50
2013.01.22 09:16:47.205,1.23424,1.23453,2.25,1.50
2013.01.22 09:16:47.740,1.23425,1.23453,1.13,1.50
2013.01.22 09:16:48.339,1.23426,1.23453,2.40,1.65
2013.01.22 09:16:48.458,1.23424,1.23453,2.40,3.60
2013.01.22 09:16:48.518,1.23424,1.23453,2.40,3.23
2013.01.22 09:16:48.639,1.23424,1.23453,2.33,3.60
2013.01.22 09:16:48.699,1.23424,1.23449,1.50,1.50
2013.01.22 09:16:49.009,1.23422,1.23449,2.25,1.50
2013.01.22 09:16:49.071,1.23426,1.23449,1.50,1.50
2013.01.22 09:16:49.608,1.23424,1.23452,2.25,1.50
2013.01.22 09:16:50.149,1.23424,1.23449,2.25,1.50
2013.01.22 09:16:50.709,1.23424,1.23449,2.25,1.50
2013.01.22 09:16:51.039,1.23421,1.23446,3.00,1.50
2013.01.22 09:16:51.099,1.23421,1.23446,3.00,1.50
2013.01.22 09:16:51.580,1.23425,1.23447,1.50,1.13
2013.01.22 09:16:51.700,1.23421,1.23447,1.50,1.88
2013.01.22 09:16:51.825,1.23424,1.23445,1.50,1.50
2013.01.22 09:16:52.139,1.2343,1.2345,1.50,1.50
2013.01.22 09:16:52.499,1.23431,1.2345,1.50,2.25
2013.01.22 09:16:52.872,1.23431,1.2345,1.58,2.25
2013.01.22 09:16:53.420,1.23428,1.23448,1.65,1.50
2013.01.22 09:16:53.483,1.2343,1.23453,1.65,1.05
2013.01.22 09:16:54.066,1.2343,1.23453,1.65,1.05
2013.01.22 09:16:54.680,1.23437,1.23459,1.50,4.65
2013.01.22 09:16:54.738,1.2344,1.23459,1.50,4.28
2013.01.22 09:16:55.040,1.23451,1.23459,1.50,1.28
2013.01.22 09:16:55.230,1.23448,1.23475,1.88,1.28
2013.01.22 09:16:55.529,1.23448,1.23483,2.40,1.35
2013.01.22 09:16:55.653,1.23449,1.23483,1.13,1.35
2013.01.22 09:16:55.722,1.23449,1.23483,1.13,1.13
2013.01.22 09:16:55.792,1.23449,1.23483,1.13,1.13
2013.01.22 09:16:56.111,1.23454,1.23479,1.50,2.25
2013.01.22 09:16:56.470,1.23457,1.23478,1.13,1.13
2013.01.22 09:16:56.529,1.2346,1.23481,1.50,1.13
2013.01.22 09:16:56.603,1.23462,1.23481,1.50,1.13
2013.01.22 09:16:56.921,1.23471,1.23481,1.50,1.13
2013.01.22 09:16:57.243,1.23474,1.23481,1.50,1.88
2013.01.22 09:16:57.429,1.23474,1.23488,1.50,1.88
2013.01.22 09:16:57.729,1.23474,1.2349,1.50,1.50
2013.01.22 09:16:57.969,1.23475,1.23499,1.50,3.00
2013.01.22 09:16:59.168,1.23473,1.23499,3.19,2.44
2013.01.22 09:16:59.531,1.23475,1.23499,1.50,2.44
2013.01.22 09:16:59.859,1.23492,1.23511,2.25,1.50
2013.01.22 09:17:00.170,1.23505,1.23522,1.50,1.13
2013.01.22 09:17:00.650,1.23505,1.23512,1.50,1.50
2013.01.22 09:17:00.957,1.23478,1.23501,2.25,11.01
2013.01.22 09:17:01.499,1.23478,1.23485,1.50,1.50
2013.01.22 09:17:01.868,1.23468,1.23488,1.50,2.25
2013.01.22 09:17:02.398,1.2347,1.23488,1.50,3.15
2013.01.22 09:17:02.519,1.2347,1.23488,1.50,3.15
2013.01.22 09:17:02.717,1.23471,1.23488,1.50,3.15
2013.01.22 09:17:03.259,1.23469,1.23488,1.50,1.50
2013.01.22 09:17:03.787,1.23479,1.23489,1.50,2.40
2013.01.22 09:17:03.851,1.23476,1.23492,1.50,3.75
2013.01.22 09:17:03.922,1.23479,1.23502,1.50,1.73
2013.01.22 09:17:04.170,1.23479,1.23504,1.50,2.48
2013.01.22 09:17:04.769,1.23479,1.23504,1.50,1.13
2013.01.22 09:17:04.952,1.23482,1.23506,1.13,3.38
2013.01.22 09:17:05.274,1.23479,1.23504,1.50,2.63
2013.01.22 09:17:05.520,1.23482,1.23503,1.50,1.13
2013.01.22 09:17:05.580,1.2348,1.23503,3.00,1.13
2013.01.22 09:17:06.302,1.2348,1.23502,3.00,1.13
2013.01.22 09:17:06.609,1.23487,1.23506,1.50,1.13
2013.01.22 09:17:06.790,1.23489,1.23509,1.50,2.78
2013.01.22 09:17:07.348,1.23489,1.23509,1.50,1.50
2013.01.22 09:17:07.890,1.23494,1.23509,2.25,1.50
2013.01.22 09:17:07.951,1.23494,1.23513,2.25,3.79
2013.01.22 09:17:08.019,1.23494,1.23513,2.25,3.79
2013.01.22 09:17:08.139,1.23492,1.23509,2.25,1.50
2013.01.22 09:17:08.500,1.23481,1.23499,2.78,1.50
2013.01.22 09:17:08.690,1.23482,1.23502,3.00,1.50
2013.01.22 09:17:08.749,1.23482,1.23502,3.00,1.50
2013.01.22 09:17:08.940,1.23482,1.23502,2.25,1.50
2013.01.22 09:17:09.124,1.23484,1.23502,1.50,1.50
2013.01.22 09:17:09.370,1.23482,1.23502,1.50,1.50
2013.01.22 09:17:09.490,1.23485,1.23503,1.50,3.00
2013.01.22 09:17:09.979,1.2348,1.23498,1.50,1.50
2013.01.22 09:17:10.719,1.2348,1.23497,1.50,1.50
2013.01.22 09:17:10.778,1.23477,1.23495,1.50,1.50
2013.01.22 09:17:10.910,1.23477,1.23495,1.88,1.50
2013.01.22 09:17:10.971,1.23477,1.23495,1.50,1.50
2013.01.22 09:17:11.041,1.23482,1.23497,1.50,1.50
2013.01.22 09:17:11.350,1.23485,1.23497,1.65,1.50
2013.01.22 09:17:11.470,1.23485,1.23503,3.00,3.75
2013.01.22 09:17:11.721,1.23485,1.23502,3.00,2.25
2013.01.22 09:17:11.863,1.23485,1.23502,2.25,2.25
2013.01.22 09:17:11.993,1.23485,1.23501,1.50,1.35
2013.01.22 09:17:12.373,1.23485,1.23501,2.25,2.25
2013.01.22 09:17:12.899,1.23482,1.235,1.50,1.50
2013.01.22 09:17:12.958,1.23484,1.23502,1.50,2.25
2013.01.22 09:17:13.343,1.23484,1.23504,1.50,3.75
2013.01.22 09:17:13.888,1.23484,1.23504,1.50,3.75
2013.01.22 09:17:14.210,1.23484,1.23503,1.50,1.13
2013.01.22 09:17:14.450,1.23484,1.23504,1.50,5.25
2013.01.22 09:17:14.629,1.23482,1.23502,3.75,1.50
2013.01.22 09:17:15.360,1.23483,1.23502,1.50,1.50
2013.01.22 09:17:15.419,1.23483,1.23502,1.50,2.44
2013.01.22 09:17:15.731,1.23477,1.2349,3.00,1.50
2013.01.22 09:17:16.039,1.23477,1.23485,1.50,1.50
2013.01.22 09:17:16.099,1.23475,1.23485,2.25,1.50
2013.01.22 09:17:16.160,1.23475,1.23493,1.50,1.50
2013.01.22 09:17:16.289,1.23479,1.23493,1.50,1.50
2013.01.22 09:17:16.349,1.23478,1.23498,1.50,1.50
2013.01.22 09:17:16.408,1.23482,1.23499,1.50,2.25
2013.01.22 09:17:16.664,1.23484,1.23504,1.50,1.50
2013.01.22 09:17:17.201,1.23487,1.23505,1.50,1.50
2013.01.22 09:17:17.558,1.23487,1.23507,1.50,1.50
2013.01.22 09:17:18.162,1.23491,1.23509,1.50,1.50
2013.01.22 09:17:18.474,1.23489,1.23508,1.50,1.50
2013.01.22 09:17:19.025,1.23488,1.23508,1.50,1.50
2013.01.22 09:17:19.584,1.23489,1.23507,1.50,1.50
2013.01.22 09:17:20.215,1.23488,1.23508,1.50,1.50
2013.01.22 09:17:20.762,1.23487,1.23505,1.50,1.50
2013.01.22 09:17:21.649,1.23487,1.23495,1.50,2.25
2013.01.22 09:17:22.199,1.23474,1.23489,1.50,2.25
2013.01.22 09:17:23.339,1.23474,1.23487,1.50,1.50
2013.01.22 09:17:25.549,1.23471,1.23487,4.88,1.50
2013.01.22 09:17:26.150,1.23471,1.23487,4.65,1.50
2013.01.22 09:17:26.209,1.23471,1.23487,4.69,1.50
2013.01.22 09:17:26.269,1.23473,1.23493,2.44,2.25
2013.01.22 09:17:26.390,1.23489,1.23495,1.50,2.25
2013.01.22 09:17:26.810,1.23493,1.23497,1.50,2.63
2013.01.22 09:17:27.531,1.23493,1.23501,1.50,1.50
2013.01.22 09:17:27.661,1.23495,1.23506,1.50,1.20
2013.01.22 09:17:27.789,1.23489,1.23507,1.35,1.95
2013.01.22 09:17:27.851,1.23489,1.23521,1.35,1.43
2013.01.22 09:17:27.920,1.23496,1.23516,1.50,2.25
2013.01.22 09:17:28.940,1.23499,1.23517,1.50,2.18
2013.01.22 09:17:29.241,1.23503,1.2352,1.50,1.62
2013.01.22 09:17:29.671,1.23501,1.23519,1.50,1.62
2013.01.22 09:17:30.349,1.23499,1.23517,1.50,1.62
2013.01.22 09:17:30.770,1.23502,1.2352,1.50,1.62
2013.01.22 09:17:30.832,1.235,1.23518,1.50,1.62
2013.01.22 09:17:31.339,1.23501,1.23521,1.50,1.62
2013.01.22 09:17:31.461,1.23501,1.23521,1.50,1.62
2013.01.22 09:17:32.012,1.235,1.23518,1.50,1.62
2013.01.22 09:17:32.085,1.23497,1.23517,1.50,1.62
2013.01.22 09:17:32.610,1.23497,1.23517,1.50,1.50
2013.01.22 09:17:33.389,1.23497,1.23516,1.50,1.50
2013.01.22 09:17:34.063,1.23503,1.23516,1.50,1.50
2013.01.22 09:17:34.192,1.23503,1.23521,1.50,1.50
2013.01.22 09:17:34.739,1.23504,1.23524,1.50,2.25
2013.01.22 09:17:35.240,1.23504,1.23524,1.50,2.25
2013.01.22 09:17:35.789,1.23504,1.23524,1.50,1.50
2013.01.22 09:17:36.390,1.23507,1.23525,1.50,2.25
2013.01.22 09:17:36.749,1.23507,1.23527,1.50,2.25
2013.01.22 09:17:36.989,1.2351,1.23528,1.88,2.25
2013.01.22 09:17:37.291,1.23516,1.23528,2.25,1.50
2013.01.22 09:17:37.360,1.23516,1.23536,2.25,2.48
2013.01.22 09:17:37.480,1.2352,1.23538,1.50,3.08
2013.01.22 09:17:37.718,1.2352,1.23538,1.50,1.50
2013.01.22 09:17:38.081,1.23523,1.23538,3.75,1.50
2013.01.22 09:17:38.328,1.23526,1.23542,2.10,1.50
2013.01.22 09:17:38.452,1.23528,1.23546,1.50,1.50
2013.01.22 09:17:38.700,1.23531,1.2355,1.50,1.13
2013.01.22 09:17:39.218,1.23531,1.23551,1.50,4.13
2013.01.22 09:17:39.279,1.2353,1.23548,1.50,1.50
2013.01.22 09:17:40.265,1.23532,1.2355,1.50,1.50
2013.01.22 09:17:40.569,1.23536,1.23554,1.50,2.52
2013.01.22 09:17:40.689,1.23534,1.23552,1.50,1.58
2013.01.22 09:17:41.804,1.23531,1.23551,1.50,1.50
2013.01.22 09:17:44.652,1.23531,1.2355,1.50,1.50
2013.01.22 09:17:44.722,1.23529,1.23549,1.50,1.50
2013.01.22 09:17:45.339,1.23529,1.23548,1.50,1.50
2013.01.22 09:17:45.579,1.23528,1.23546,2.25,1.50
2013.01.22 09:17:47.330,1.2353,1.23548,1.50,1.50
2013.01.22 09:17:47.450,1.2353,1.2355,1.50,2.25
2013.01.22 09:17:47.509,1.23529,1.23547,3.75,1.50
2013.01.22 09:17:48.059,1.2353,1.23547,2.25,1.50
2013.01.22 09:17:48.362,1.2353,1.23549,2.25,1.50
2013.01.22 09:17:49.040,1.2353,1.2355,2.25,1.50
2013.01.22 09:17:49.218,1.23536,1.2355,2.93,1.50
2013.01.22 09:17:49.404,1.23546,1.23555,1.50,2.25
2013.01.22 09:17:49.473,1.23546,1.23558,1.50,1.58
2013.01.22 09:17:49.543,1.23543,1.23558,1.54,1.50
2013.01.22 09:17:49.614,1.23543,1.23561,3.19,3.00
2013.01.22 09:17:49.753,1.23543,1.23561,3.23,2.25
2013.01.22 09:17:50.121,1.23544,1.23561,1.50,1.58
2013.01.22 09:17:50.430,1.23546,1.23561,1.50,1.50
2013.01.22 09:17:51.090,1.23546,1.23563,1.50,1.50
2013.01.22 09:17:51.150,1.23546,1.23567,3.00,1.50
2013.01.22 09:17:51.449,1.23546,1.23565,1.50,1.50
2013.01.22 09:17:52.125,1.23547,1.23566,2.25,1.50
2013.01.22 09:17:53.429,1.23547,1.23566,2.25,1.50
2013.01.22 09:17:53.992,1.23546,1.23566,1.50,1.50
2013.01.22 09:17:55.114,1.23548,1.23567,1.50,1.50
2013.01.22 09:17:55.431,1.23544,1.23555,1.05,1.50
2013.01.22 09:17:55.489,1.23542,1.23555,1.50,2.25
2013.01.22 09:17:55.549,1.23542,1.23551,1.50,1.50
2013.01.22 09:17:55.608,1.23539,1.23551,1.65,1.50
2013.01.22 09:17:55.973,1.23532,1.23549,1.50,1.50
2013.01.22 09:17:56.099,1.2353,1.23549,2.25,1.50
2013.01.22 09:17:56.701,1.23528,1.23548,1.88,1.50
2013.01.22 09:17:56.942,1.23528,1.23548,1.88,1.50
2013.01.22 09:17:57.319,1.23528,1.23546,1.13,1.50
2013.01.22 09:17:57.860,1.23528,1.23546,1.13,1.50
2013.01.22 09:17:58.884,1.2353,1.23546,2.25,1.50
2013.01.22 09:17:59.506,1.23529,1.23546,1.50,1.50
2013.01.22 09:18:00.789,1.23528,1.23544,2.63,1.50
2013.01.22 09:18:01.233,1.23526,1.23544,1.50,1.50
2013.01.22 09:18:01.549,1.23526,1.23542,1.50,1.50
2013.01.22 09:18:02.578,1.23527,1.23542,1.88,1.50
2013.01.22 09:18:02.888,1.23527,1.23542,1.13,2.25
2013.01.22 09:18:03.130,1.2352,1.23534,3.00,1.50
2013.01.22 09:18:03.309,1.23514,1.23533,1.50,1.50
2013.01.22 09:18:03.429,1.23512,1.23531,1.50,3.00
2013.01.22 09:18:03.610,1.23509,1.2353,1.88,1.50
2013.01.22 09:18:03.849,1.23505,1.2353,1.88,1.50
2013.01.22 09:18:04.388,1.23508,1.23531,1.13,6.00
2013.01.22 09:18:04.689,1.23503,1.23528,1.13,2.03
2013.01.22 09:18:05.002,1.23503,1.23521,1.13,1.50
2013.01.22 09:18:05.261,1.23497,1.23515,2.25,1.50
2013.01.22 09:18:05.331,1.23485,1.23515,1.13,1.50
2013.01.22 09:18:05.400,1.23485,1.23515,1.13,1.50
2013.01.22 09:18:05.580,1.23485,1.23512,1.13,1.50
2013.01.22 09:18:06.119,1.23483,1.23511,2.54,1.13
2013.01.22 09:18:06.481,1.23485,1.23505,1.13,1.50
2013.01.22 09:18:06.789,1.23493,1.23512,1.28,2.03
2013.01.22 09:18:06.970,1.23491,1.23511,2.63,1.50
2013.01.22 09:18:07.209,1.23491,1.23506,1.69,1.50
2013.01.22 09:18:07.510,1.23491,1.23501,1.50,1.50
2013.01.22 09:18:07.571,1.23488,1.235,1.50,1.50
2013.01.22 09:18:07.699,1.23488,1.23499,1.50,1.50
2013.01.22 09:18:08.240,1.23486,1.23496,1.13,1.50
2013.01.22 09:18:08.300,1.23483,1.23496,2.25,1.50
2013.01.22 09:18:08.419,1.23484,1.23502,1.50,2.25
2013.01.22 09:18:08.480,1.23484,1.23502,1.13,2.25
2013.01.22 09:18:08.610,1.23489,1.23506,1.88,1.50
2013.01.22 09:18:08.729,1.23492,1.23506,1.50,1.50
2013.01.22 09:18:08.851,1.23488,1.23505,2.48,1.50
2013.01.22 09:18:08.982,1.23492,1.23507,1.50,1.20
2013.01.22 09:18:09.325,1.23499,1.23508,1.50,1.50
2013.01.22 09:18:09.662,1.23502,1.23509,1.50,1.50
2013.01.22 09:18:10.142,1.23503,1.2351,1.50,2.25
2013.01.22 09:18:10.490,1.23507,1.2352,3.00,3.00
2013.01.22 09:18:11.784,1.23521,1.23527,1.50,1.58
2013.01.22 09:18:11.979,1.23522,1.23535,1.50,1.43
2013.01.22 09:18:12.159,1.23522,1.23542,1.50,2.25
2013.01.22 09:18:12.301,1.23522,1.23542,1.50,1.50
2013.01.22 09:18:12.984,1.23523,1.23544,1.50,1.50
2013.01.22 09:18:13.231,1.23519,1.23538,1.50,1.50
2013.01.22 09:18:13.541,1.23517,1.23536,1.50,1.50
2013.01.22 09:18:13.609,1.23518,1.23539,1.50,1.50
2013.01.22 09:18:13.671,1.23521,1.2354,1.50,1.50
2013.01.22 09:18:14.389,1.23521,1.2354,2.25,1.50
2013.01.22 09:18:14.456,1.2353,1.23543,1.13,1.50
2013.01.22 09:18:14.521,1.2353,1.23546,2.25,8.25
2013.01.22 09:18:14.955,1.23531,1.23551,2.03,1.50
2013.01.22 09:18:15.479,1.23532,1.23551,1.13,1.50
2013.01.22 09:18:16.352,1.23533,1.23554,2.10,1.13
2013.01.22 09:18:16.483,1.23533,1.23555,2.10,2.25
2013.01.22 09:18:17.090,1.23532,1.23552,1.13,1.50
2013.01.22 09:18:17.400,1.23533,1.23549,1.35,1.50
2013.01.22 09:18:17.580,1.23534,1.23553,3.60,1.50
2013.01.22 09:18:17.646,1.23534,1.23556,3.60,1.50
2013.01.22 09:18:17.712,1.23534,1.23558,3.60,1.13
2013.01.22 09:18:17.780,1.23534,1.23555,2.85,1.50
2013.01.22 09:18:18.138,1.23529,1.2354,1.50,1.50
2013.01.22 09:18:18.380,1.23525,1.23531,1.50,1.50
2013.01.22 09:18:18.439,1.23519,1.2353,1.50,1.50
2013.01.22 09:18:18.560,1.23519,1.23535,1.50,1.50
2013.01.22 09:18:18.681,1.23517,1.23535,4.50,1.50
2013.01.22 09:18:18.809,1.2352,1.23535,1.50,1.50
2013.01.22 09:18:19.118,1.2352,1.2353,1.50,1.50
2013.01.22 09:18:19.240,1.23521,1.23535,1.50,1.50
2013.01.22 09:18:19.779,1.23522,1.23535,1.50,1.50
2013.01.22 09:18:20.429,1.23522,1.23535,1.50,1.50
2013.01.22 09:18:20.733,1.23524,1.23531,1.50,1.50
2013.01.22 09:18:20.909,1.23521,1.23531,1.50,1.50
2013.01.22 09:18:21.173,1.23522,1.2354,1.50,2.25
2013.01.22 09:18:21.932,1.23522,1.2354,1.50,2.25
2013.01.22 09:18:22.571,1.23522,1.2354,3.00,2.25
2013.01.22 09:18:22.880,1.23522,1.2354,1.50,2.25
2013.01.22 09:18:22.940,1.23525,1.23543,1.50,1.88
2013.01.22 09:18:23.070,1.23522,1.2354,1.50,1.50
2013.01.22 09:18:23.309,1.23525,1.23543,1.50,1.88
2013.01.22 09:18:23.369,1.23521,1.23541,2.25,2.25
2013.01.22 09:18:24.696,1.23521,1.23544,2.63,2.70
2013.01.22 09:18:24.761,1.23538,1.23544,1.35,1.35
2013.01.22 09:18:24.892,1.23541,1.23548,3.60,2.25
2013.01.22 09:18:24.969,1.23541,1.23547,3.98,1.50
2013.01.22 09:18:25.539,1.23541,1.23553,5.85,3.75
2013.01.22 09:18:25.728,1.23541,1.23562,5.85,1.50
2013.01.22 09:18:26.900,1.23541,1.23562,4.13,3.00
2013.01.22 09:18:27.200,1.23541,1.2356,3.00,1.50
2013.01.22 09:18:27.319,1.23541,1.2356,4.13,1.50
2013.01.22 09:18:28.069,1.23542,1.23563,2.25,1.50
2013.01.22 09:18:28.879,1.23542,1.23563,2.25,2.10
2013.01.22 09:18:29.000,1.23542,1.23563,2.25,3.04
2013.01.22 09:18:29.382,1.23541,1.23558,1.50,1.50
2013.01.22 09:18:29.985,1.23538,1.23558,2.25,1.50
2013.01.22 09:18:31.559,1.23538,1.23557,1.50,3.75
2013.01.22 09:18:31.859,1.23536,1.23554,1.50,1.50
2013.01.22 09:18:31.919,1.23536,1.23553,1.50,2.25
2013.01.22 09:18:32.039,1.23536,1.23553,1.50,3.60
2013.01.22 09:18:32.339,1.23536,1.23553,1.50,3.23
2013.01.22 09:18:32.700,1.23534,1.23546,1.50,1.50
2013.01.22 09:18:32.880,1.23528,1.23546,1.50,1.50
2013.01.22 09:18:33.719,1.23526,1.23544,1.50,1.50
2013.01.22 09:18:34.351,1.23526,1.23544,1.50,3.00
2013.01.22 09:18:34.553,1.23523,1.23543,1.50,2.25
2013.01.22 09:18:34.619,1.2352,1.2354,1.88,1.50
2013.01.22 09:18:35.300,1.23518,1.23538,4.50,1.50
2013.01.22 09:18:35.601,1.23527,1.23545,1.50,4.35
2013.01.22 09:18:35.673,1.23527,1.23543,1.50,1.88
2013.01.22 09:18:35.803,1.23528,1.23545,1.50,2.63
2013.01.22 09:18:35.870,1.23528,1.23546,1.65,1.50
2013.01.22 09:18:35.990,1.23528,1.23546,1.50,1.50
2013.01.22 09:18:36.126,1.23532,1.23545,1.50,4.50
2013.01.22 09:18:36.671,1.23523,1.23543,1.88,2.25
2013.01.22 09:18:36.802,1.23522,1.23536,1.50,1.50
2013.01.22 09:18:36.933,1.23518,1.23536,1.50,1.50
2013.01.22 09:18:37.491,1.23519,1.23539,1.50,1.50
2013.01.22 09:18:37.681,1.23521,1.23541,1.50,3.00
2013.01.22 09:18:38.650,1.2352,1.23537,1.50,1.50
2013.01.22 09:18:38.710,1.23517,1.23537,1.50,1.50
2013.01.22 09:18:40.490,1.23522,1.23538,1.50,1.50
2013.01.22 09:18:40.550,1.23522,1.2354,1.50,1.50
2013.01.22 09:18:40.672,1.23523,1.23542,1.50,1.88
2013.01.22 09:18:41.448,1.23521,1.23541,1.50,1.50
2013.01.22 09:18:41.950,1.23523,1.23543,1.50,3.38
2013.01.22 09:18:42.460,1.23522,1.2354,1.50,1.50
2013.01.22 09:18:44.450,1.2352,1.23538,1.50,1.50
2013.01.22 09:18:44.810,1.23518,1.23536,1.50,1.50
2013.01.22 09:18:45.219,1.23515,1.23535,1.50,1.50
2013.01.22 09:18:45.701,1.23513,1.23531,1.50,1.50
2013.01.22 09:18:46.359,1.23515,1.23533,1.50,1.50
2013.01.22 09:18:47.409,1.23512,1.23532,1.50,1.50
2013.01.22 09:18:47.649,1.23511,1.23529,3.00,1.50
2013.01.22 09:18:48.627,1.23513,1.23531,1.50,1.50
2013.01.22 09:18:49.219,1.2351,1.2353,1.88,1.50
2013.01.22 09:18:49.339,1.23512,1.23532,1.50,3.00
2013.01.22 09:18:49.650,1.23508,1.23527,1.50,1.50
2013.01.22 09:18:49.793,1.23507,1.23527,3.00,1.50
2013.01.22 09:18:49.979,1.23507,1.23525,1.50,1.50
2013.01.22 09:18:50.340,1.23504,1.23524,3.75,2.25
2013.01.22 09:18:50.700,1.23507,1.23525,1.50,1.50
2013.01.22 09:18:50.879,1.23509,1.23529,1.50,2.25
2013.01.22 09:18:51.481,1.23508,1.23525,1.50,1.50
2013.01.22 09:18:51.970,1.23507,1.23523,1.50,1.50
2013.01.22 09:18:52.271,1.23501,1.23519,6.00,1.50
2013.01.22 09:18:53.100,1.23501,1.23521,1.50,1.50
2013.01.22 09:18:53.173,1.23503,1.23523,1.50,3.75
2013.01.22 09:18:53.242,1.23501,1.23521,3.00,1.50
2013.01.22 09:18:53.672,1.23503,1.23523,1.50,2.25
2013.01.22 09:18:54.233,1.23503,1.23523,1.50,1.50
2013.01.22 09:18:54.781,1.23505,1.23525,1.50,1.50
2013.01.22 09:18:55.170,1.23503,1.2352,1.50,1.50
2013.01.22 09:18:55.612,1.23497,1.23515,3.00,1.50
2013.01.22 09:18:56.120,1.23494,1.23514,3.00,1.50
2013.01.22 09:18:56.601,1.23494,1.23509,1.50,1.50
2013.01.22 09:18:56.961,1.23486,1.23504,2.25,1.50
2013.01.22 09:18:57.572,1.23494,1.23504,1.50,1.50
2013.01.22 09:18:57.641,1.23495,1.23511,1.13,1.50
2013.01.22 09:18:58.159,1.23495,1.23511,1.13,1.50
2013.01.22 09:18:58.639,1.23496,1.23514,1.50,1.50
2013.01.22 09:18:59.150,1.23496,1.23514,1.50,1.50
2013.01.22 09:18:59.942,1.23497,1.23515,2.25,1.50
2013.01.22 09:19:00.189,1.23498,1.23518,2.63,1.50
2013.01.22 09:19:00.310,1.23498,1.23516,2.63,1.50
2013.01.22 09:19:00.838,1.23496,1.23515,1.88,1.50
2013.01.22 09:19:01.409,1.23496,1.23513,1.43,1.50
2013.01.22 09:19:01.828,1.23495,1.2351,1.80,1.50
2013.01.22 09:19:01.890,1.23495,1.2351,3.19,1.50
2013.01.22 09:19:01.950,1.23495,1.23513,3.19,1.50
2013.01.22 09:19:02.593,1.23501,1.23513,2.40,1.50
2013.01.22 09:19:02.901,1.23502,1.23522,2.85,2.25
2013.01.22 09:19:03.034,1.23502,1.23522,2.48,2.25
2013.01.22 09:19:03.159,1.23502,1.23522,4.65,2.25
2013.01.22 09:19:03.401,1.23502,1.2352,1.50,1.50
2013.01.22 09:19:04.947,1.23505,1.23521,1.50,1.50
2013.01.22 09:19:05.011,1.23505,1.23523,1.50,1.50
2013.01.22 09:19:05.080,1.23505,1.23523,1.88,1.50
2013.01.22 09:19:05.151,1.2351,1.23526,1.50,1.50
2013.01.22 09:19:05.220,1.23513,1.23529,2.25,2.25
2013.01.22 09:19:05.522,1.23521,1.23529,1.50,1.88
2013.01.22 09:19:06.262,1.23521,1.23529,1.88,1.88
2013.01.22 09:19:06.720,1.23523,1.23532,3.38,1.50
2013.01.22 09:19:07.237,1.23525,1.23532,1.50,1.50
2013.01.22 09:19:07.305,1.23525,1.23545,1.50,2.25
2013.01.22 09:19:07.374,1.23525,1.23545,1.50,1.50
2013.01.22 09:19:12.223,1.23525,1.23545,1.88,1.88
2013.01.22 09:19:12.554,1.23532,1.23545,1.13,1.88
2013.01.22 09:19:12.808,1.23532,1.23552,1.50,1.88
2013.01.22 09:19:13.239,1.2354,1.23552,1.13,1.88
2013.01.22 09:19:13.315,1.23538,1.23552,1.50,1.88
2013.01.22 09:19:13.383,1.23538,1.23551,1.88,1.50
2013.01.22 09:19:13.452,1.23538,1.23551,3.38,1.50
2013.01.22 09:19:14.860,1.23536,1.23552,1.50,1.50
2013.01.22 09:19:14.992,1.23534,1.23551,1.50,1.13
2013.01.22 09:19:15.067,1.23535,1.23546,1.50,1.50
2013.01.22 09:19:15.134,1.2353,1.23546,1.73,1.50
2013.01.22 09:19:15.453,1.23529,1.23546,1.88,2.25
2013.01.22 09:19:16.087,1.23524,1.23542,1.50,1.50
2013.01.22 09:19:16.154,1.23525,1.23545,1.50,1.88
2013.01.22 09:19:16.940,1.23525,1.23544,1.50,1.50
2013.01.22 09:19:17.001,1.23524,1.23538,1.50,1.50
2013.01.22 09:19:17.600,1.23524,1.23537,1.50,1.13
2013.01.22 09:19:18.305,1.23524,1.23537,1.50,4.50
2013.01.22 09:19:18.636,1.23524,1.23537,1.50,2.25
2013.01.22 09:19:18.781,1.23514,1.23534,2.25,1.50
2013.01.22 09:19:18.852,1.23516,1.23531,1.50,1.50
2013.01.22 09:19:18.985,1.23511,1.23529,3.75,1.50
2013.01.22 09:19:19.052,1.23511,1.23528,3.00,1.50
2013.01.22 09:19:19.431,1.23509,1.23515,2.25,1.50
2013.01.22 09:19:19.740,1.23504,1.23511,3.15,1.50
2013.01.22 09:19:19.860,1.23503,1.23511,3.15,1.50
2013.01.22 09:19:20.050,1.23501,1.23513,1.13,3.00
2013.01.22 09:19:20.721,1.23495,1.2351,2.85,1.50
2013.01.22 09:19:21.039,1.23495,1.2351,1.88,1.50
2013.01.22 09:19:21.220,1.23495,1.23512,3.38,1.50
2013.01.22 09:19:21.282,1.23495,1.23514,3.23,1.50
2013.01.22 09:19:22.372,1.23495,1.23514,2.85,1.50
2013.01.22 09:19:22.560,1.23495,1.23514,3.53,1.50
2013.01.22 09:19:22.619,1.23495,1.23514,3.75,1.50
2013.01.22 09:19:22.979,1.23495,1.23514,3.53,1.50
2013.01.22 09:19:23.282,1.23497,1.23516,1.65,1.50
2013.01.22 09:19:23.350,1.23497,1.23516,1.88,1.50
2013.01.22 09:19:23.530,1.23503,1.23519,1.88,3.23
2013.01.22 09:19:24.269,1.23507,1.23519,1.50,1.13
2013.01.22 09:19:25.299,1.23509,1.2352,1.50,1.50
2013.01.22 09:19:25.613,1.23512,1.23528,1.50,1.13
2013.01.22 09:19:25.923,1.23512,1.2353,1.50,1.50
2013.01.22 09:19:25.995,1.23513,1.23533,1.50,3.00
2013.01.22 09:19:27.730,1.23513,1.23532,1.50,1.50
2013.01.22 09:19:27.801,1.23516,1.23533,1.50,1.50
2013.01.22 09:19:28.112,1.23518,1.23536,1.50,2.25
2013.01.22 09:19:28.421,1.23525,1.23541,1.50,1.88
2013.01.22 09:19:28.729,1.23516,1.2353,2.25,5.26
2013.01.22 09:19:28.801,1.23514,1.23522,1.88,6.00
2013.01.22 09:19:28.932,1.23518,1.23534,1.13,1.88
2013.01.22 09:19:29.300,1.23513,1.23532,1.13,2.25
2013.01.22 09:19:29.480,1.23518,1.23534,1.50,2.25
2013.01.22 09:19:29.841,1.23511,1.23525,1.69,4.50
2013.01.22 09:19:29.902,1.23511,1.23529,3.19,1.50
2013.01.22 09:19:29.970,1.23514,1.23531,1.50,1.13
2013.01.22 09:19:30.819,1.23514,1.23532,1.50,1.50
2013.01.22 09:19:32.000,1.23516,1.23534,1.50,3.00
2013.01.22 09:19:32.316,1.23514,1.23524,1.50,3.00
2013.01.22 09:19:32.442,1.2351,1.23524,1.35,3.00
2013.01.22 09:19:32.629,1.23512,1.23524,1.50,1.50
2013.01.22 09:19:32.690,1.23511,1.23524,1.50,3.00
2013.01.22 09:19:33.050,1.23508,1.2352,1.13,1.50
2013.01.22 09:19:33.480,1.23508,1.2352,1.13,1.88
2013.01.22 09:19:33.606,1.23508,1.2352,1.13,1.50
2013.01.22 09:19:33.675,1.23508,1.23515,1.13,1.50
2013.01.22 09:19:33.979,1.23478,1.23516,3.30,28.88
2013.01.22 09:19:34.542,1.2348,1.23493,3.30,4.50
2013.01.22 09:19:34.635,1.23475,1.2348,4.43,1.50
2013.01.22 09:19:35.001,1.2348,1.23487,1.43,3.75
2013.01.22 09:19:35.316,1.2348,1.23493,1.43,1.50
2013.01.22 09:19:35.380,1.23476,1.23494,1.13,1.50
2013.01.22 09:19:35.442,1.23473,1.23494,2.63,1.50
2013.01.22 09:19:35.512,1.23473,1.23484,1.13,1.50
2013.01.22 09:19:35.582,1.23473,1.23482,1.13,1.13
2013.01.22 09:19:35.714,1.23467,1.23473,1.50,1.13
2013.01.22 09:19:35.782,1.23467,1.23471,1.50,1.13
2013.01.22 09:19:36.051,1.23456,1.2347,1.50,2.33
2013.01.22 09:19:36.374,1.23457,1.23463,2.25,3.23
2013.01.22 09:19:36.502,1.23453,1.23467,8.25,1.50
2013.01.22 09:19:36.632,1.23455,1.2346,1.50,1.13
2013.01.22 09:19:36.820,1.23439,1.23454,1.50,2.25
2013.01.22 09:19:36.880,1.23439,1.23454,2.25,2.25
2013.01.22 09:19:36.940,1.23439,1.23454,2.25,1.88
2013.01.22 09:19:37.260,1.2344,1.23453,1.50,1.50
2013.01.22 09:19:37.325,1.23412,1.23446,1.50,4.13
2013.01.22 09:19:37.393,1.23428,1.23452,1.50,1.50
2013.01.22 09:19:37.583,1.23429,1.23448,1.50,2.48
2013.01.22 09:19:37.772,1.23436,1.2345,1.50,3.60
2013.01.22 09:19:37.900,1.23404,1.23437,4.50,2.48
2013.01.22 09:19:38.019,1.23404,1.23418,3.00,6.23
2013.01.22 09:19:38.079,1.23404,1.23433,2.25,1.50
2013.01.22 09:19:38.393,1.23421,1.23443,1.50,2.25
2013.01.22 09:19:38.640,1.23427,1.23445,1.50,2.10
2013.01.22 09:19:38.711,1.23429,1.23443,1.50,12.00
2013.01.22 09:19:38.780,1.23423,1.23445,1.50,3.83
2013.01.22 09:19:38.841,1.23405,1.23445,1.50,3.90
2013.01.22 09:19:39.090,1.234,1.23443,1.19,1.88
2013.01.22 09:19:39.272,1.23408,1.2344,1.73,1.13
2013.01.22 09:19:39.593,1.23435,1.23449,4.50,1.13
2013.01.22 09:19:39.661,1.23442,1.23454,1.50,2.45
2013.01.22 09:19:39.730,1.23444,1.23458,1.50,2.45
2013.01.22 09:19:39.789,1.23445,1.23458,1.50,1.50
2013.01.22 09:19:39.911,1.23442,1.23458,5.25,3.00
2013.01.22 09:19:39.982,1.23442,1.23456,1.50,1.13
2013.01.22 09:19:40.052,1.23438,1.23454,2.25,1.13
2013.01.22 09:19:40.749,1.23442,1.23457,1.50,2.25
2013.01.22 09:19:40.978,1.23443,1.23461,3.00,1.50
2013.01.22 09:19:41.114,1.23442,1.23462,1.50,1.50
2013.01.22 09:19:41.257,1.23442,1.23461,1.50,1.50
2013.01.22 09:19:41.499,1.23443,1.23462,1.50,1.50
2013.01.22 09:19:41.562,1.23441,1.23463,3.90,1.50
2013.01.22 09:19:41.689,1.23444,1.23465,1.35,1.65
2013.01.22 09:19:41.870,1.23446,1.23464,1.50,1.28
2013.01.22 09:19:42.120,1.23445,1.23464,1.50,1.28
2013.01.22 09:19:42.958,1.23447,1.23468,1.50,2.03
2013.01.22 09:19:43.034,1.23452,1.23471,3.30,1.50
2013.01.22 09:19:43.340,1.23454,1.2348,2.48,1.13
2013.01.22 09:19:43.412,1.23454,1.23485,2.48,4.50
2013.01.22 09:19:43.482,1.2346,1.23479,1.50,1.50
2013.01.22 09:19:43.790,1.23463,1.23482,1.50,2.25
2013.01.22 09:19:44.211,1.23463,1.23482,2.25,1.50
2013.01.22 09:19:44.802,1.2346,1.23478,3.00,1.50
2013.01.22 09:19:44.872,1.23459,1.23478,1.77,1.50
2013.01.22 09:19:44.940,1.23461,1.2348,1.50,1.50
2013.01.22 09:19:45.059,1.23458,1.23479,1.77,1.50
2013.01.22 09:19:45.127,1.23458,1.23479,1.77,1.50
2013.01.22 09:19:45.492,1.2346,1.23481,1.77,1.50
2013.01.22 09:19:46.269,1.2346,1.23481,1.50,1.50
2013.01.22 09:19:46.389,1.23462,1.23483,1.50,1.50
2013.01.22 09:19:46.714,1.23462,1.23481,2.52,1.50
2013.01.22 09:19:46.841,1.23462,1.23481,2.25,1.50
2013.01.22 09:19:47.102,1.23463,1.23481,1.50,1.50
2013.01.22 09:19:47.350,1.23468,1.23481,1.50,1.50
2013.01.22 09:19:47.711,1.23468,1.23479,2.85,1.50
2013.01.22 09:19:48.115,1.23468,1.23479,2.10,1.50
2013.01.22 09:19:48.198,1.23468,1.23486,1.50,1.65
2013.01.22 09:19:48.750,1.23468,1.23484,1.73,1.50
2013.01.22 09:19:49.699,1.23471,1.23484,1.50,1.50
2013.01.22 09:19:49.879,1.23472,1.23486,1.50,1.50
2013.01.22 09:19:50.000,1.23469,1.23487,1.50,1.50
2013.01.22 09:19:50.420,1.23469,1.23487,2.25,1.88
2013.01.22 09:19:51.733,1.23469,1.23484,1.50,1.50
2013.01.22 09:19:52.251,1.23471,1.23485,1.50,1.60
2013.01.22 09:19:52.809,1.2347,1.23486,2.10,1.60
2013.01.22 09:19:52.989,1.23471,1.23488,2.25,1.60
2013.01.22 09:19:53.230,1.23472,1.23488,1.50,1.60
2013.01.22 09:19:53.360,1.23472,1.23486,1.50,1.50
2013.01.22 09:19:53.659,1.23471,1.23486,2.25,1.50
2013.01.22 09:19:53.719,1.23471,1.23489,3.75,3.00
2013.01.22 09:19:54.018,1.23472,1.23492,2.25,1.50
2013.01.22 09:19:54.561,1.23473,1.23491,3.75,1.50
2013.01.22 09:19:55.011,1.23475,1.23493,1.50,1.50
2013.01.22 09:19:55.191,1.23473,1.23491,2.25,1.50
2013.01.22 09:19:55.740,1.23475,1.23492,1.50,1.50
2013.01.22 09:19:56.060,1.23475,1.23489,2.25,1.50
2013.01.22 09:19:56.130,1.23476,1.23492,1.50,1.50
2013.01.22 09:19:58.359,1.23476,1.23492,1.50,1.50
2013.01.22 09:19:58.478,1.23478,1.23492,1.50,1.50
2013.01.22 09:19:58.879,1.23479,1.23499,1.50,2.25
2013.01.22 09:19:59.000,1.23481,1.23501,1.50,2.25
2013.01.22 09:19:59.250,1.23479,1.23499,1.88,1.50
2013.01.22 09:20:00.227,1.23479,1.23499,1.50,1.50
2013.01.22 09:20:00.542,1.23478,1.23497,1.50,1.50
2013.01.22 09:20:01.135,1.23477,1.23497,3.00,1.50
2013.01.22 09:20:02.390,1.23478,1.23497,1.50,1.50
2013.01.22 09:20:02.449,1.23479,1.23499,1.50,1.50
2013.01.22 09:20:02.510,1.23477,1.23497,2.25,1.50
2013.01.22 09:20:02.929,1.23475,1.23495,1.50,1.50
2013.01.22 09:20:03.259,1.23478,1.23495,1.13,1.50
2013.01.22 09:20:03.681,1.23478,1.23497,1.13,1.50
2013.01.22 09:20:05.000,1.23477,1.23497,2.63,4.35
2013.01.22 09:20:05.059,1.23477,1.23493,1.13,1.50
2013.01.22 09:20:05.421,1.23476,1.23489,1.50,1.50
2013.01.22 09:20:05.553,1.23476,1.23493,1.50,2.25
2013.01.22 09:20:05.622,1.23473,1.23491,3.00,1.50
2013.01.22 09:20:05.943,1.23472,1.23483,2.25,1.50
2013.01.22 09:20:06.073,1.23472,1.23481,1.50,1.50
2013.01.22 09:20:06.489,1.23466,1.23481,1.50,1.50
2013.01.22 09:20:07.029,1.23464,1.23481,1.13,2.25
2013.01.22 09:20:07.569,1.23464,1.23481,1.13,1.50
2013.01.22 09:20:09.611,1.23465,1.23481,4.50,1.88
2013.01.22 09:20:09.740,1.23465,1.23479,4.50,1.88
2013.01.22 09:20:10.066,1.23454,1.23468,2.03,5.25
2013.01.22 09:20:10.133,1.23454,1.23467,2.03,1.50
2013.01.22 09:20:10.945,1.2345,1.23467,2.78,2.25
2013.01.22 09:20:11.375,1.2345,1.23466,2.25,1.50
2013.01.22 09:20:11.447,1.2345,1.23466,2.25,4.50
2013.01.22 09:20:11.588,1.23447,1.23463,1.50,1.50
2013.01.22 09:20:11.971,1.23441,1.23459,2.25,1.50
2013.01.22 09:20:12.091,1.23445,1.23459,2.25,1.50
2013.01.22 09:20:12.449,1.23448,1.23457,2.25,1.50
2013.01.22 09:20:12.751,1.23443,1.23449,2.25,3.75
2013.01.22 09:20:12.941,1.23438,1.23446,1.88,1.50
2013.01.22 09:20:13.132,1.23437,1.23445,1.13,1.50
2013.01.22 09:20:13.693,1.23436,1.23445,1.50,1.50
2013.01.22 09:20:14.031,1.23431,1.23445,1.58,1.50
2013.01.22 09:20:14.518,1.23435,1.23445,1.50,1.50
2013.01.22 09:20:15.239,1.23435,1.2345,1.50,1.50
2013.01.22 09:20:15.480,1.23433,1.2345,1.95,1.50
2013.01.22 09:20:16.113,1.23433,1.2345,1.95,1.50
2013.01.22 09:20:16.881,1.23444,1.23452,1.13,1.50
2013.01.22 09:20:16.959,1.23444,1.2346,1.13,2.25
2013.01.22 09:20:17.534,1.23444,1.2346,1.13,1.50
2013.01.22 09:20:18.620,1.23444,1.2346,1.13,2.25
2013.01.22 09:20:18.979,1.23444,1.23451,1.13,1.50
2013.01.22 09:20:19.518,1.23444,1.2345,1.13,1.50
2013.01.22 09:20:20.058,1.23435,1.23445,1.73,1.50
2013.01.22 09:20:20.309,1.23424,1.23444,1.73,1.50
2013.01.22 09:20:20.551,1.23422,1.23442,1.73,1.50
2013.01.22 09:20:20.969,1.2342,1.2344,2.78,1.50
2013.01.22 09:20:21.273,1.23436,1.23445,4.50,3.00
2013.01.22 09:20:21.341,1.2344,1.23448,3.00,1.50
2013.01.22 09:20:21.471,1.23441,1.23452,2.25,1.13
2013.01.22 09:20:21.601,1.23441,1.23454,2.25,1.13
2013.01.22 09:20:22.122,1.23442,1.2346,1.50,2.25
2013.01.22 09:20:22.282,1.23443,1.23459,2.25,1.50
2013.01.22 09:20:22.829,1.23442,1.23459,3.75,2.25
2013.01.22 09:20:22.890,1.23442,1.23459,3.75,2.25
2013.01.22 09:20:22.951,1.23442,1.23457,3.75,1.50
2013.01.22 09:20:23.189,1.23442,1.23461,1.50,2.25
2013.01.22 09:20:24.130,1.23442,1.23461,2.25,1.50
2013.01.22 09:20:24.251,1.23442,1.23461,2.25,2.25
2013.01.22 09:20:24.548,1.23444,1.23462,2.25,1.50
2013.01.22 09:20:24.788,1.23442,1.2346,1.50,1.50
2013.01.22 09:20:25.528,1.23443,1.23461,2.25,1.50
2013.01.22 09:20:26.257,1.23442,1.23459,2.25,1.50
2013.01.22 09:20:26.759,1.23442,1.23459,1.88,1.50
2013.01.22 09:20:27.082,1.23441,1.23459,6.00,1.50
2013.01.22 09:20:27.225,1.23443,1.23461,2.25,2.25
2013.01.22 09:20:27.729,1.23442,1.23458,1.35,1.50
2013.01.22 09:20:28.039,1.23444,1.23463,1.35,3.00
2013.01.22 09:20:28.098,1.23444,1.23461,1.35,1.50
2013.01.22 09:20:28.399,1.23444,1.23461,1.35,2.23
2013.01.22 09:20:28.520,1.23447,1.23461,2.10,1.50
2013.01.22 09:20:28.880,1.23449,1.23461,1.35,1.50
2013.01.22 09:20:29.059,1.23451,1.23468,2.10,2.25
2013.01.22 09:20:29.300,1.23453,1.23471,2.48,2.25
2013.01.22 09:20:29.659,1.23457,1.23471,1.50,1.50
2013.01.22 09:20:29.778,1.23455,1.23471,1.50,1.50
2013.01.22 09:20:29.899,1.23453,1.23471,2.48,3.00
2013.01.22 09:20:30.260,1.23453,1.2347,2.10,1.50
2013.01.22 09:20:30.808,1.23453,1.23471,2.10,1.50
2013.01.22 09:20:30.870,1.23454,1.23471,1.35,1.50
2013.01.22 09:20:31.181,1.23465,1.23521,14.63,1.13
2013.01.22 09:20:31.490,1.23489,1.23524,10.35,3.38
2013.01.22 09:20:32.041,1.23489,1.23514,2.25,2.63
2013.01.22 09:20:32.168,1.23489,1.23535,2.25,1.13
2013.01.22 09:20:32.591,1.23497,1.23525,1.50,1.13
2013.01.22 09:20:32.660,1.23497,1.23526,1.50,1.88
2013.01.22 09:20:32.919,1.23497,1.23525,2.25,1.13
2013.01.22 09:20:33.043,1.23497,1.23526,1.50,1.88
2013.01.22 09:20:33.288,1.23499,1.23525,2.25,1.13
2013.01.22 09:20:33.408,1.23499,1.23526,2.25,1.88
2013.01.22 09:20:33.589,1.23498,1.23525,1.50,1.88
2013.01.22 09:20:34.123,1.235,1.23526,1.13,1.13
2013.01.22 09:20:34.439,1.23506,1.23519,1.50,1.50
2013.01.22 09:20:34.560,1.23505,1.23525,1.50,1.13
2013.01.22 09:20:34.929,1.23505,1.23526,1.50,1.50
2013.01.22 09:20:35.002,1.235,1.23527,1.13,1.50
2013.01.22 09:20:35.340,1.235,1.23527,1.50,1.88
2013.01.22 09:20:35.521,1.23499,1.23526,1.88,2.25
2013.01.22 09:20:35.591,1.23499,1.23526,4.73,1.50
2013.01.22 09:20:35.900,1.23503,1.23523,3.75,1.50
2013.01.22 09:20:36.261,1.23506,1.23526,1.88,1.50
2013.01.22 09:20:36.452,1.23506,1.23525,2.63,1.50
2013.01.22 09:20:36.958,1.23511,1.23525,3.00,1.50
2013.01.22 09:20:37.321,1.23514,1.23531,1.50,1.50
2013.01.22 09:20:38.070,1.23516,1.23532,1.50,1.50
2013.01.22 09:20:38.327,1.23516,1.23529,1.50,1.13
2013.01.22 09:20:38.533,1.23516,1.23531,1.50,1.50
2013.01.22 09:20:38.900,1.23516,1.23527,1.50,1.50
2013.01.22 09:20:39.404,1.23514,1.23521,2.25,2.85
2013.01.22 09:20:39.491,1.23509,1.23521,2.25,2.85
2013.01.22 09:20:39.562,1.23509,1.23519,2.25,1.35
2013.01.22 09:20:39.703,1.23505,1.23517,3.75,1.50
2013.01.22 09:20:39.772,1.23505,1.23515,3.75,1.50
2013.01.22 09:20:40.319,1.23504,1.23511,1.13,1.50
2013.01.22 09:20:40.679,1.23504,1.23512,1.13,3.75
2013.01.22 09:20:41.659,1.23504,1.23511,3.75,1.50
2013.01.22 09:20:41.720,1.23504,1.23511,3.75,1.50
2013.01.22 09:20:41.903,1.23504,1.23516,3.75,1.88
2013.01.22 09:20:41.975,1.23501,1.23518,1.13,3.38
2013.01.22 09:20:42.309,1.235,1.23516,1.50,1.88
2013.01.22 09:20:42.669,1.23506,1.23516,1.35,1.88
2013.01.22 09:20:42.789,1.23504,1.23516,3.23,1.50
2013.01.22 09:20:42.910,1.23504,1.23516,1.73,1.50
2013.01.22 09:20:43.090,1.23504,1.23516,1.13,1.50
2013.01.22 09:20:43.150,1.23505,1.23516,1.50,1.50
2013.01.22 09:20:43.270,1.235,1.23516,3.00,2.25
2013.01.22 09:20:43.780,1.23498,1.23514,1.50,1.50
2013.01.22 09:20:44.033,1.235,1.23519,2.25,1.13
2013.01.22 09:20:44.219,1.23502,1.23518,1.50,1.69
2013.01.22 09:20:44.522,1.23506,1.23524,1.50,1.28
2013.01.22 09:20:44.650,1.23506,1.23524,1.50,1.65
2013.01.22 09:20:45.242,1.23506,1.23526,2.25,2.40
2013.01.22 09:20:45.371,1.23506,1.23524,1.50,1.35
2013.01.22 09:20:45.620,1.23501,1.23518,1.50,1.50
2013.01.22 09:20:45.680,1.235,1.23517,2.25,2.07
2013.01.22 09:20:46.040,1.23508,1.2352,1.50,1.50
2013.01.22 09:20:46.718,1.23509,1.23522,1.13,1.50
2013.01.22 09:20:47.390,1.23509,1.23522,1.13,1.50
2013.01.22 09:20:47.570,1.23511,1.23531,2.25,2.25
2013.01.22 09:20:48.109,1.23511,1.23526,1.50,1.50
2013.01.22 09:20:48.169,1.23514,1.23526,1.35,1.50
2013.01.22 09:20:48.555,1.23514,1.23527,2.10,2.25
2013.01.22 09:20:48.859,1.23516,1.23533,1.13,2.25
2013.01.22 09:20:49.169,1.23516,1.23533,1.13,1.50
2013.01.22 09:20:49.348,1.23516,1.23533,1.13,2.25
2013.01.22 09:20:49.831,1.23513,1.23531,1.50,2.63
2013.01.22 09:20:49.901,1.23515,1.23531,2.25,2.63
2013.01.22 09:20:50.152,1.23514,1.23526,1.50,3.00
2013.01.22 09:20:50.759,1.23517,1.23526,1.50,1.50
2013.01.22 09:20:51.000,1.23517,1.23529,1.50,1.50
2013.01.22 09:20:51.119,1.23517,1.23532,1.50,1.50
2013.01.22 09:20:51.462,1.23516,1.23532,1.50,1.50
2013.01.22 09:20:51.770,1.23521,1.23534,1.50,2.40
2013.01.22 09:20:51.949,1.2352,1.23529,1.50,3.75
2013.01.22 09:20:52.642,1.23523,1.23532,2.25,1.88
2013.01.22 09:20:53.330,1.23521,1.23529,1.50,1.50
2013.01.22 09:20:53.632,1.23522,1.23528,1.50,1.50
2013.01.22 09:20:54.171,1.2352,1.23536,2.44,1.50
2013.01.22 09:20:54.299,1.2352,1.23536,1.50,1.50
2013.01.22 09:20:54.479,1.2352,1.23534,1.50,1.50
2013.01.22 09:20:54.603,1.2352,1.23533,1.50,1.50
2013.01.22 09:20:54.670,1.2352,1.23538,1.50,3.00
2013.01.22 09:20:55.088,1.23519,1.23533,1.50,1.50
2013.01.22 09:20:55.268,1.23519,1.23533,1.50,1.50
2013.01.22 09:20:55.621,1.23519,1.23533,1.50,1.50
2013.01.22 09:20:55.863,1.23519,1.23535,1.50,1.50
2013.01.22 09:20:56.189,1.23519,1.23535,1.50,1.50
2013.01.22 09:20:56.549,1.23519,1.23528,1.50,1.50
2013.01.22 09:20:56.850,1.23521,1.23528,1.50,1.50
2013.01.22 09:20:56.979,1.23516,1.23528,3.00,1.50
2013.01.22 09:20:57.101,1.23509,1.23525,3.00,1.50
2013.01.22 09:20:57.169,1.23516,1.23534,3.00,2.25
2013.01.22 09:20:57.468,1.23525,1.23551,1.95,1.50
2013.01.22 09:20:57.591,1.23522,1.2354,1.88,1.50
2013.01.22 09:20:57.718,1.23522,1.23544,1.88,2.25
2013.01.22 09:20:57.840,1.23529,1.23547,3.75,2.25
2013.01.22 09:20:58.147,1.23531,1.23551,7.50,1.13
2013.01.22 09:20:58.268,1.23533,1.2355,3.75,1.13
2013.01.22 09:20:58.510,1.23534,1.23539,1.50,2.25
2013.01.22 09:20:58.819,1.23532,1.23544,1.50,1.50
2013.01.22 09:20:59.000,1.23533,1.23546,1.50,1.50
2013.01.22 09:20:59.361,1.23533,1.2355,2.25,1.13
2013.01.22 09:20:59.680,1.23533,1.23545,2.25,2.25
2013.01.22 09:21:00.041,1.23536,1.23544,1.50,1.50
2013.01.22 09:21:00.291,1.23536,1.23544,1.50,1.50
2013.01.22 09:21:00.658,1.23519,1.23544,2.48,2.25
2013.01.22 09:21:00.969,1.23521,1.23544,4.65,2.25
2013.01.22 09:21:01.089,1.23536,1.23556,1.50,4.13
2013.01.22 09:21:01.151,1.23536,1.23556,1.50,4.65
2013.01.22 09:21:01.271,1.23534,1.23554,1.50,2.25
2013.01.22 09:21:01.404,1.23534,1.23545,1.50,1.50
2013.01.22 09:21:01.469,1.23537,1.23545,1.50,1.50
2013.01.22 09:21:01.529,1.23535,1.23545,1.50,1.50
2013.01.22 09:21:01.885,1.23539,1.23549,1.50,1.13
2013.01.22 09:21:02.212,1.23537,1.23549,2.25,3.00
2013.01.22 09:21:02.280,1.23537,1.23549,1.50,3.00
2013.01.22 09:21:02.461,1.23529,1.23547,2.25,2.25
2013.01.22 09:21:02.638,1.2353,1.23549,1.50,1.50
2013.01.22 09:21:02.699,1.2353,1.23549,1.50,1.50
2013.01.22 09:21:03.260,1.2353,1.23549,1.50,1.13
2013.01.22 09:21:03.382,1.2353,1.23549,2.25,1.13
2013.01.22 09:21:03.928,1.2353,1.2355,1.50,2.25
2013.01.22 09:21:05.069,1.23533,1.23551,1.50,2.25
2013.01.22 09:21:05.130,1.23533,1.23551,1.50,1.50
2013.01.22 09:21:05.310,1.2354,1.23551,1.35,1.50
2013.01.22 09:21:05.550,1.23537,1.23551,1.13,1.50
2013.01.22 09:21:05.790,1.23541,1.23551,1.50,1.50
2013.01.22 09:21:06.090,1.23536,1.23554,1.50,1.50
2013.01.22 09:21:06.210,1.23535,1.23555,2.63,1.88
2013.01.22 09:21:06.571,1.23532,1.23548,3.00,1.50
2013.01.22 09:21:06.819,1.23531,1.23548,1.50,2.25
2013.01.22 09:21:06.940,1.23531,1.23548,1.50,2.25
2013.01.22 09:21:07.181,1.23526,1.23538,1.50,1.50
2013.01.22 09:21:07.609,1.23528,1.23539,3.00,1.50
2013.01.22 09:21:08.149,1.23527,1.23539,3.00,1.50
2013.01.22 09:21:09.109,1.23528,1.23539,2.25,1.50
2013.01.22 09:21:09.711,1.23528,1.23541,2.25,1.50
2013.01.22 09:21:10.080,1.23529,1.23546,2.44,3.38
2013.01.22 09:21:10.261,1.23535,1.23543,1.88,1.50
2013.01.22 09:21:10.330,1.23536,1.23545,1.13,1.50
2013.01.22 09:21:10.810,1.23536,1.23544,1.50,1.50
2013.01.22 09:21:11.372,1.23536,1.23556,1.50,2.25
2013.01.22 09:21:11.512,1.23532,1.23544,2.25,1.50
2013.01.22 09:21:11.702,1.23536,1.23544,1.50,1.50
2013.01.22 09:21:12.069,1.23538,1.23543,1.50,1.50
2013.01.22 09:21:12.609,1.23536,1.23546,2.63,1.50
2013.01.22 09:21:13.118,1.23537,1.23543,1.50,1.50
2013.01.22 09:21:13.669,1.23537,1.23555,1.50,2.25
2013.01.22 09:21:14.009,1.23539,1.23557,1.50,1.69
2013.01.22 09:21:14.730,1.23539,1.23557,1.50,2.44
2013.01.22 09:21:14.793,1.23539,1.23558,1.88,1.50
2013.01.22 09:21:14.863,1.2355,1.23557,2.25,2.25
2013.01.22 09:21:14.989,1.23542,1.2356,2.63,1.50
2013.01.22 09:21:15.289,1.2354,1.2356,1.50,3.00
2013.01.22 09:21:15.411,1.2354,1.2356,1.50,3.00
2013.01.22 09:21:15.530,1.23546,1.2356,3.00,3.00
2013.01.22 09:21:15.650,1.23542,1.23552,1.50,1.50
2013.01.22 09:21:16.378,1.23488,1.23545,2.46,7.74
2013.01.22 09:21:16.498,1.23488,1.23525,2.46,10.28
2013.01.22 09:21:16.859,1.23477,1.23498,1.50,2.26
2013.01.22 09:21:17.219,1.23466,1.2349,1.50,3.34
2013.01.22 09:21:17.459,1.23478,1.23488,1.50,3.08
2013.01.22 09:21:17.519,1.23476,1.23482,2.25,1.13
2013.01.22 09:21:17.782,1.23468,1.23487,7.50,1.50
2013.01.22 09:21:18.033,1.23466,1.23485,7.50,2.25
2013.01.22 09:21:18.221,1.23467,1.23481,1.50,1.13
2013.01.22 09:21:18.412,1.23451,1.23482,2.78,1.88
2013.01.22 09:21:18.479,1.23449,1.23484,6.90,2.25
2013.01.22 09:21:19.079,1.2345,1.23479,2.40,1.50
2013.01.22 09:21:19.439,1.2345,1.23483,1.65,5.63
2013.01.22 09:21:19.559,1.2345,1.23489,1.65,2.25
2013.01.22 09:21:19.860,1.2346,1.23493,1.73,4.50
2013.01.22 09:21:20.219,1.23468,1.23481,1.13,2.25
2013.01.22 09:21:20.339,1.23468,1.23494,1.13,1.13
2013.01.22 09:21:21.132,1.23468,1.23494,1.69,1.13
2013.01.22 09:21:21.217,1.23468,1.23499,1.69,2.25
2013.01.22 09:21:21.292,1.23478,1.23508,1.50,2.44
2013.01.22 09:21:21.659,1.23479,1.23508,1.50,1.69
2013.01.22 09:21:21.782,1.23479,1.23508,1.50,1.69
2013.01.22 09:21:22.031,1.23481,1.23508,1.50,1.69
2013.01.22 09:21:22.869,1.23482,1.23508,1.13,1.13
2013.01.22 09:21:22.999,1.23482,1.23508,1.13,1.88
2013.01.22 09:21:23.359,1.23485,1.23509,1.13,1.50
2013.01.22 09:21:23.599,1.23482,1.23509,1.88,1.88
2013.01.22 09:21:23.659,1.23482,1.23507,1.88,1.32
2013.01.22 09:21:24.018,1.23482,1.23503,1.32,1.88
2013.01.22 09:21:24.321,1.23476,1.23489,1.50,3.00
2013.01.22 09:21:24.379,1.23476,1.23489,2.25,2.10
2013.01.22 09:21:24.439,1.23476,1.23491,2.25,1.50
2013.01.22 09:21:24.559,1.23477,1.23504,2.25,1.13
2013.01.22 09:21:24.679,1.2349,1.23519,0.75,2.33
2013.01.22 09:21:24.799,1.23477,1.23504,2.25,1.13
2013.01.22 09:21:25.039,1.23491,1.23519,0.75,2.25
2013.01.22 09:21:25.100,1.23489,1.2352,1.13,1.50
2013.01.22 09:21:25.459,1.23489,1.2352,1.13,1.65
2013.01.22 09:21:25.639,1.23492,1.23521,1.13,1.28
2013.01.22 09:21:25.759,1.23496,1.23525,1.50,2.33
2013.01.22 09:21:25.938,1.23511,1.23525,0.75,2.25
2013.01.22 09:21:26.240,1.23496,1.23523,1.50,2.85
2013.01.22 09:21:26.778,1.23503,1.23522,1.50,2.25
2013.01.22 09:21:27.018,1.23487,1.23516,1.88,2.63
2013.01.22 09:21:27.139,1.23486,1.235,1.88,2.25
2013.01.22 09:21:27.498,1.23475,1.23491,1.50,1.13
2013.01.22 09:21:27.919,1.23483,1.2349,4.50,1.13
2013.01.22 09:21:28.217,1.23483,1.23497,1.50,1.50
2013.01.22 09:21:28.282,1.2348,1.23498,1.50,1.50
2013.01.22 09:21:28.350,1.23476,1.23489,1.35,1.50
2013.01.22 09:21:28.468,1.2349,1.23569,5.86,1.50
2013.01.22 09:21:28.589,1.2352,1.23542,6.00,2.02
2013.01.22 09:21:28.707,1.23525,1.23546,1.50,1.90
2013.01.22 09:21:28.947,1.23525,1.23568,1.50,2.25
2013.01.22 09:21:29.067,1.23537,1.23568,1.50,2.25
2013.01.22 09:21:29.369,1.2354,1.23568,1.50,2.25
2013.01.22 09:21:29.548,1.2354,1.23558,1.50,1.50
2013.01.22 09:21:29.670,1.2354,1.2356,1.88,1.50
2013.01.22 09:21:30.403,1.23539,1.23567,1.50,3.08
2013.01.22 09:21:30.470,1.23527,1.23567,1.95,2.33
2013.01.22 09:21:30.651,1.2353,1.23568,1.58,1.58
2013.01.22 09:21:31.063,1.2353,1.23564,1.58,1.13
2013.01.22 09:21:31.143,1.23525,1.23565,2.33,1.13
2013.01.22 09:21:31.680,1.23525,1.23566,1.95,2.33
2013.01.22 09:21:32.239,1.23525,1.23565,1.95,1.58
2013.01.22 09:21:32.542,1.23525,1.23561,1.95,1.13
2013.01.22 09:21:33.089,1.23523,1.23559,3.83,1.50
2013.01.22 09:21:33.449,1.23532,1.23564,1.20,2.25
2013.01.22 09:21:33.809,1.23533,1.23566,1.20,1.13
2013.01.22 09:21:34.111,1.23533,1.23567,1.20,1.13
2013.01.22 09:21:34.301,1.23538,1.23568,3.83,1.13
2013.01.22 09:21:34.488,1.23538,1.23568,3.83,1.13
2013.01.22 09:21:34.739,1.23526,1.23568,1.32,1.13
2013.01.22 09:21:35.099,1.23528,1.23563,3.94,1.88
2013.01.22 09:21:35.222,1.23526,1.23565,1.95,2.40
2013.01.22 09:21:35.290,1.23533,1.23565,1.13,2.40
2013.01.22 09:21:35.830,1.23538,1.23567,1.58,1.50
2013.01.22 09:21:35.948,1.23538,1.23568,1.58,1.13
2013.01.22 09:21:36.201,1.23537,1.23568,2.33,2.63
2013.01.22 09:21:36.269,1.23537,1.23567,1.58,1.13
2013.01.22 09:21:36.389,1.23537,1.23567,1.58,1.13
2013.01.22 09:21:36.808,1.23536,1.23568,1.58,1.65
2013.01.22 09:21:37.348,1.23535,1.23567,1.50,1.58
2013.01.22 09:21:37.530,1.23533,1.23567,1.58,1.58
2013.01.22 09:21:37.652,1.23531,1.23567,2.33,1.58
2013.01.22 09:21:37.898,1.2353,1.23567,2.40,1.73
2013.01.22 09:21:38.080,1.23531,1.23563,1.95,1.13
2013.01.22 09:21:38.619,1.23531,1.23566,2.33,2.48
2013.01.22 09:21:39.069,1.23531,1.23562,1.58,1.13
2013.01.22 09:21:39.369,1.2353,1.23566,2.70,2.48
2013.01.22 09:21:39.429,1.23546,1.23566,1.35,2.48
2013.01.22 09:21:39.489,1.2355,1.23566,1.50,2.25
2013.01.22 09:21:39.669,1.23549,1.23566,1.50,1.88
2013.01.22 09:21:39.792,1.23537,1.23561,1.13,1.50
2013.01.22 09:21:39.859,1.23558,1.23564,3.75,3.75
2013.01.22 09:21:40.039,1.23558,1.2357,1.50,1.50
2013.01.22 09:21:40.158,1.23549,1.23563,1.95,1.50
2013.01.22 09:21:40.218,1.23539,1.23563,1.88,1.50
2013.01.22 09:21:40.278,1.23537,1.23563,1.13,1.50
2013.01.22 09:21:40.339,1.23538,1.23561,1.13,1.50
2013.01.22 09:21:40.889,1.23536,1.23556,2.25,1.50
2013.01.22 09:21:41.850,1.23536,1.23556,1.50,2.25
2013.01.22 09:21:42.307,1.23527,1.23545,3.00,1.50
2013.01.22 09:21:42.620,1.23528,1.23548,1.50,3.00
2013.01.22 09:21:42.749,1.23531,1.23549,1.50,3.00
2013.01.22 09:21:43.600,1.23532,1.23551,1.50,1.50
2013.01.22 09:21:44.111,1.23532,1.23552,1.50,1.50
2013.01.22 09:21:44.359,1.23532,1.23552,1.69,2.10
2013.01.22 09:21:44.719,1.23515,1.23538,2.25,9.60
2013.01.22 09:21:44.968,1.23519,1.23529,3.00,3.01
2013.01.22 09:21:45.028,1.23522,1.2353,2.25,2.25
2013.01.22 09:21:45.088,1.23512,1.23526,1.50,3.75
2013.01.22 09:21:45.147,1.23501,1.23516,1.80,3.75
2013.01.22 09:21:45.207,1.23496,1.23502,4.43,1.50
2013.01.22 09:21:45.267,1.23492,1.23502,1.35,1.50
2013.01.22 09:21:45.448,1.23488,1.23504,2.51,2.25
2013.01.22 09:21:45.748,1.23472,1.23492,4.50,1.50
2013.01.22 09:21:45.873,1.23467,1.23494,1.13,1.95
2013.01.22 09:21:46.001,1.2346,1.23494,1.50,2.33
2013.01.22 09:21:46.310,1.2346,1.23494,1.50,2.33
2013.01.22 09:21:46.371,1.23459,1.23493,2.25,1.28
2013.01.22 09:21:46.548,1.23461,1.23495,1.50,3.23
2013.01.22 09:21:46.608,1.2346,1.23495,1.50,3.23
2013.01.22 09:21:46.910,1.23462,1.23494,1.50,2.48
2013.01.22 09:21:47.270,1.23475,1.23491,1.50,4.65
2013.01.22 09:21:47.389,1.23469,1.23491,1.50,4.13
2013.01.22 09:21:47.510,1.23475,1.23494,1.50,2.33
2013.01.22 09:21:47.689,1.23457,1.23491,1.13,1.13
2013.01.22 09:21:47.748,1.23458,1.23492,1.13,1.65
2013.01.22 09:21:47.943,1.23456,1.23497,1.58,2.33
2013.01.22 09:21:48.012,1.23456,1.23492,1.58,4.13
2013.01.22 09:21:48.322,1.23475,1.23493,1.50,3.75
2013.01.22 09:21:48.629,1.23483,1.23504,1.50,2.33
2013.01.22 09:21:49.292,1.23465,1.23498,1.50,1.28
2013.01.22 09:21:49.599,1.23464,1.23489,1.50,1.50
2013.01.22 09:21:50.081,1.23465,1.23491,1.50,2.25
2013.01.22 09:21:50.202,1.23464,1.23491,1.50,1.13
2013.01.22 09:21:50.509,1.23458,1.23492,3.00,1.88
2013.01.22 09:21:50.698,1.23458,1.23492,3.00,2.48
2013.01.22 09:21:50.942,1.23475,1.2349,1.50,1.13
2013.01.22 09:21:51.314,1.23483,1.23497,1.50,1.35
2013.01.22 09:21:51.510,1.23479,1.23489,1.50,1.13
2013.01.22 09:21:51.571,1.23481,1.23485,2.25,1.50
2013.01.22 09:21:51.881,1.23467,1.23482,1.65,7.50
2013.01.22 09:21:52.285,1.23465,1.2347,1.50,1.50
2013.01.22 09:21:52.426,1.23461,1.23467,1.50,1.50
2013.01.22 09:21:52.619,1.23457,1.23467,3.38,2.25
2013.01.22 09:21:52.872,1.23438,1.23462,1.88,1.50
2013.01.22 09:21:53.060,1.23443,1.23463,1.16,1.50
2013.01.22 09:21:53.379,1.23444,1.23467,1.65,1.50
2013.01.22 09:21:53.859,1.2345,1.23473,1.65,2.25
2013.01.22 09:21:54.234,1.23455,1.23476,1.50,1.50
2013.01.22 09:21:54.545,1.2345,1.23474,1.65,1.50
2013.01.22 09:21:55.210,1.23454,1.23474,1.50,1.50
2013.01.22 09:21:55.390,1.2346,1.23474,1.50,1.50
2013.01.22 09:21:55.510,1.23456,1.23474,1.50,1.50
2013.01.22 09:21:55.572,1.23458,1.23476,1.50,1.50
2013.01.22 09:21:56.269,1.23456,1.23474,2.10,1.50
2013.01.22 09:21:56.570,1.2346,1.2348,1.50,1.50
2013.01.22 09:21:56.641,1.23464,1.23482,1.50,2.44
2013.01.22 09:21:56.951,1.23466,1.23484,1.50,3.75
2013.01.22 09:21:57.082,1.23477,1.23495,1.50,1.50
2013.01.22 09:21:57.153,1.23479,1.23501,1.50,1.35
2013.01.22 09:21:57.281,1.23481,1.23504,1.50,2.25
2013.01.22 09:21:57.590,1.23482,1.23504,1.50,2.25
2013.01.22 09:21:57.901,1.23482,1.235,1.50,1.35
2013.01.22 09:21:57.970,1.23481,1.23515,1.50,1.50
2013.01.22 09:21:58.100,1.23485,1.2349,1.50,1.50
2013.01.22 09:21:58.170,1.23481,1.2349,1.50,1.50
2013.01.22 09:21:58.239,1.23482,1.23495,1.50,1.50
2013.01.22 09:21:58.300,1.23481,1.23501,1.50,3.00
2013.01.22 09:21:58.609,1.23487,1.23496,1.50,1.50
2013.01.22 09:21:58.909,1.23484,1.23497,1.50,2.25
2013.01.22 09:21:58.969,1.23484,1.23497,1.50,2.25
2013.01.22 09:21:59.509,1.23492,1.23499,4.50,1.50
2013.01.22 09:22:00.120,1.23493,1.23502,5.25,3.75
2013.01.22 09:22:00.249,1.23494,1.23499,1.50,1.50
2013.01.22 09:22:00.309,1.23492,1.235,1.50,1.50
2013.01.22 09:22:00.428,1.23495,1.23504,1.13,1.50
2013.01.22 09:22:00.490,1.23493,1.235,1.50,1.50
2013.01.22 09:22:00.609,1.23492,1.23501,2.25,3.00
2013.01.22 09:22:00.670,1.23492,1.23501,1.50,3.00
2013.01.22 09:22:00.911,1.23492,1.23505,1.50,1.50
2013.01.22 09:22:00.980,1.23495,1.23505,1.50,1.50
2013.01.22 09:22:01.339,1.23501,1.23511,10.35,1.50
2013.01.22 09:22:01.410,1.23511,1.23521,3.75,2.25
2013.01.22 09:22:01.470,1.23515,1.23521,1.50,1.50
2013.01.22 09:22:01.771,1.23524,1.23535,7.50,3.75
2013.01.22 09:22:02.319,1.23532,1.23539,1.50,3.00
2013.01.22 09:22:02.743,1.23514,1.23538,1.50,4.50
2013.01.22 09:22:02.810,1.23526,1.23551,1.50,2.25
2013.01.22 09:22:03.440,1.23526,1.23551,1.50,1.88
2013.01.22 09:22:03.511,1.23526,1.23548,1.50,2.25
2013.01.22 09:22:04.300,1.23538,1.23561,3.68,4.73
2013.01.22 09:22:04.369,1.23551,1.23561,1.50,3.00
2013.01.22 09:22:04.548,1.23544,1.23552,12.00,3.75
2013.01.22 09:22:04.671,1.23552,1.23561,11.25,2.25
2013.01.22 09:22:04.990,1.23552,1.23564,11.25,1.13
2013.01.22 09:22:05.170,1.23553,1.23565,3.75,1.50
2013.01.22 09:22:05.709,1.23556,1.23568,1.50,2.25
2013.01.22 09:22:06.068,1.23553,1.23568,3.75,1.50
2013.01.22 09:22:06.249,1.23553,1.23576,3.75,1.50
2013.01.22 09:22:06.809,1.23554,1.23574,11.25,1.50
2013.01.22 09:22:07.121,1.23552,1.23576,1.13,1.50
2013.01.22 09:22:07.185,1.23552,1.23576,1.13,1.50
2013.01.22 09:22:07.488,1.23551,1.23571,2.63,1.35
2013.01.22 09:22:07.549,1.23551,1.23572,2.63,1.50
2013.01.22 09:22:07.670,1.23551,1.23564,2.63,1.50
2013.01.22 09:22:08.030,1.23552,1.23561,1.13,1.50
2013.01.22 09:22:08.394,1.2355,1.23561,1.50,2.25
2013.01.22 09:22:08.530,1.23537,1.23557,1.50,1.35
2013.01.22 09:22:08.649,1.23533,1.23556,2.25,1.35
2013.01.22 09:22:08.890,1.23536,1.23556,1.50,1.35
2013.01.22 09:22:09.069,1.23534,1.23555,2.25,1.50
2013.01.22 09:22:09.369,1.23538,1.23556,1.50,2.85
2013.01.22 09:22:09.808,1.23538,1.23556,2.25,1.35
2013.01.22 09:22:10.109,1.23546,1.2356,5.25,2.25
2013.01.22 09:22:10.411,1.23548,1.23562,5.25,1.50
2013.01.22 09:22:11.260,1.23551,1.23563,1.13,2.18
2013.01.22 09:22:11.500,1.23551,1.23562,1.73,1.50
2013.01.22 09:22:11.620,1.23557,1.23571,1.50,1.50
2013.01.22 09:22:12.133,1.23558,1.23576,2.25,2.25
2013.01.22 09:22:12.509,1.23558,1.23575,1.50,2.10
2013.01.22 09:22:12.819,1.23558,1.23574,1.50,2.29
2013.01.22 09:22:13.120,1.23565,1.23576,3.75,3.19
2013.01.22 09:22:13.240,1.23569,1.23576,3.75,2.44
2013.01.22 09:22:13.489,1.23569,1.23578,3.75,1.50
2013.01.22 09:22:13.790,1.2357,1.23582,7.50,2.25
2013.01.22 09:22:14.210,1.23579,1.23588,1.50,2.63
2013.01.22 09:22:14.279,1.23579,1.23592,1.50,2.25
2013.01.22 09:22:14.519,1.23579,1.23597,1.50,1.50
2013.01.22 09:22:14.763,1.23579,1.23597,1.50,2.25
2013.01.22 09:22:14.831,1.23579,1.23597,1.50,1.50
2013.01.22 09:22:15.382,1.23582,1.236,1.50,2.25
2013.01.22 09:22:16.509,1.23585,1.23603,1.50,2.63
2013.01.22 09:22:16.570,1.23585,1.23603,1.50,2.63
2013.01.22 09:22:17.110,1.23585,1.23603,1.50,2.25
2013.01.22 09:22:17.350,1.23565,1.23592,1.50,0.75
2013.01.22 09:22:17.480,1.23575,1.23603,2.25,3.00
2013.01.22 09:22:17.540,1.23582,1.23603,3.00,2.25
2013.01.22 09:22:17.660,1.23563,1.23591,3.00,1.50
2013.01.22 09:22:17.970,1.23574,1.23587,1.50,1.50
2013.01.22 09:22:18.089,1.23562,1.23583,2.63,1.50
2013.01.22 09:22:18.159,1.23572,1.23583,1.50,1.50
2013.01.22 09:22:18.339,1.2358,1.23585,1.50,1.50
2013.01.22 09:22:18.460,1.23578,1.23584,1.50,1.50
2013.01.22 09:22:18.529,1.2358,1.23589,1.35,1.50
2013.01.22 09:22:18.649,1.23585,1.23592,1.50,6.90
2013.01.22 09:22:18.709,1.23586,1.23592,1.50,2.25
2013.01.22 09:22:18.769,1.23587,1.236,1.50,2.25
2013.01.22 09:22:19.030,1.23587,1.23601,1.50,3.00
2013.01.22 09:22:19.208,1.23587,1.23594,1.50,3.75
2013.01.22 09:22:19.270,1.23588,1.23601,2.63,1.50
2013.01.22 09:22:19.390,1.23596,1.23603,3.75,1.50
2013.01.22 09:22:19.509,1.23599,1.23608,3.75,2.25
2013.01.22 09:22:19.629,1.23602,1.2361,2.25,1.13
2013.01.22 09:22:19.809,1.23608,1.2362,1.50,4.50
2013.01.22 09:22:20.229,1.23608,1.23623,1.50,1.50
2013.01.22 09:22:20.408,1.23608,1.23626,1.50,1.50
2013.01.22 09:22:20.529,1.23611,1.23628,1.50,2.63
2013.01.22 09:22:20.830,1.23602,1.23627,3.75,1.50
2013.01.22 09:22:21.189,1.23607,1.23619,1.88,1.50
2013.01.22 09:22:21.248,1.23609,1.23637,2.25,1.50
2013.01.22 09:22:21.310,1.23615,1.23619,1.50,1.50
2013.01.22 09:22:21.372,1.23606,1.23614,1.35,1.50
2013.01.22 09:22:21.441,1.23606,1.23625,1.13,1.50
2013.01.22 09:22:21.501,1.23601,1.23622,2.25,1.88
2013.01.22 09:22:21.831,1.23605,1.23625,11.25,1.50
2013.01.22 09:22:22.080,1.23588,1.23614,2.10,0.75
2013.01.22 09:22:22.151,1.23605,1.23622,11.25,1.13
2013.01.22 09:22:22.209,1.23604,1.23616,2.25,1.50
2013.01.22 09:22:22.569,1.23599,1.23608,2.25,2.10
2013.01.22 09:22:22.941,1.23586,1.23607,1.50,1.35
2013.01.22 09:22:23.259,1.23587,1.23607,1.50,1.35
2013.01.22 09:22:23.440,1.23585,1.23605,2.25,1.35
2013.01.22 09:22:23.921,1.23585,1.23604,2.25,1.50
2013.01.22 09:22:24.432,1.23586,1.23605,1.50,1.50
2013.01.22 09:22:25.290,1.23587,1.23605,1.13,1.50
2013.01.22 09:22:25.529,1.23587,1.23606,1.13,2.10
2013.01.22 09:22:25.772,1.23589,1.23608,2.25,6.79
2013.01.22 09:22:25.901,1.23589,1.23606,1.50,1.35
2013.01.22 09:22:26.271,1.23589,1.23608,2.25,5.29
2013.01.22 09:22:26.461,1.23589,1.23608,1.50,6.79
2013.01.22 09:22:27.018,1.23589,1.23608,1.50,7.92
2013.01.22 09:22:27.078,1.23589,1.23608,1.50,7.69
2013.01.22 09:22:27.439,1.23589,1.23608,2.25,6.94
2013.01.22 09:22:27.990,1.2359,1.23609,11.25,1.80
2013.01.22 09:22:28.350,1.23591,1.23609,12.75,1.05
2013.01.22 09:22:28.769,1.23598,1.23612,1.50,1.65
2013.01.22 09:22:29.129,1.23603,1.23612,1.50,1.50
2013.01.22 09:22:29.310,1.23603,1.23614,1.50,1.50
2013.01.22 09:22:29.549,1.23607,1.23623,1.88,2.85
2013.01.22 09:22:29.610,1.23607,1.23622,1.50,1.50
2013.01.22 09:22:29.729,1.23609,1.23623,2.25,1.50
2013.01.22 09:22:29.972,1.23619,1.23627,1.50,1.50
2013.01.22 09:22:30.042,1.23615,1.23633,1.50,1.13
2013.01.22 09:22:30.170,1.23613,1.23636,2.25,1.88
2013.01.22 09:22:30.291,1.23616,1.23637,2.25,1.50
2013.01.22 09:22:30.900,1.23616,1.23639,2.25,1.50
2013.01.22 09:22:31.269,1.23616,1.23638,2.25,1.50
2013.01.22 09:22:31.893,1.23623,1.23636,1.88,1.50
2013.01.22 09:22:32.102,1.2363,1.23645,1.50,3.60
2013.01.22 09:22:32.637,1.23631,1.23644,1.50,1.50
2013.01.22 09:22:32.941,1.23628,1.23643,1.50,1.35
2013.01.22 09:22:33.670,1.2363,1.23644,1.50,1.50
2013.01.22 09:22:35.230,1.23631,1.23644,1.50,1.50
2013.01.22 09:22:35.769,1.23631,1.23646,1.50,3.60
2013.01.22 09:22:36.596,1.23629,1.23644,1.50,1.35
2013.01.22 09:22:36.950,1.23626,1.23644,3.00,2.10
2013.01.22 09:22:37.695,1.23626,1.23646,1.50,2.25
2013.01.22 09:22:38.060,1.23628,1.23645,1.50,1.50
2013.01.22 09:22:40.029,1.23629,1.23645,1.50,1.50
2013.01.22 09:22:40.990,1.23629,1.23648,1.50,1.69
2013.01.22 09:22:41.109,1.23629,1.2365,1.69,2.85
2013.01.22 09:22:41.170,1.23631,1.2365,1.50,2.85
2013.01.22 09:22:41.543,1.2364,1.2365,1.50,1.50
2013.01.22 09:22:41.689,1.2364,1.23652,1.50,1.50
2013.01.22 09:22:42.073,1.2364,1.23655,1.50,1.50
2013.01.22 09:22:42.570,1.23642,1.23656,1.50,2.85
2013.01.22 09:22:42.750,1.2364,1.23655,1.50,1.54
2013.01.22 09:22:43.229,1.23636,1.23653,3.00,1.35
2013.01.22 09:22:43.349,1.23636,1.23653,3.75,1.35
2013.01.22 09:22:43.655,1.23636,1.2365,2.25,1.50
2013.01.22 09:22:43.779,1.23633,1.2365,4.88,1.50
2013.01.22 09:22:43.839,1.23633,1.23652,4.88,1.50
2013.01.22 09:22:43.900,1.23633,1.23652,1.13,1.50
2013.01.22 09:22:44.460,1.23633,1.23654,1.50,3.60
2013.01.22 09:22:44.951,1.23636,1.23653,1.50,1.50
2013.01.22 09:22:45.490,1.23637,1.23654,1.50,2.25
2013.01.22 09:22:45.849,1.23639,1.23656,1.50,1.69
2013.01.22 09:22:46.150,1.23643,1.23656,1.50,3.04
2013.01.22 09:22:46.460,1.23643,1.23654,1.50,1.50
2013.01.22 09:22:46.761,1.23637,1.23647,3.00,3.00
2013.01.22 09:22:46.999,1.23635,1.23647,1.50,3.00
2013.01.22 09:22:47.539,1.23632,1.23647,2.25,3.75
2013.01.22 09:22:47.660,1.23636,1.23647,1.50,1.50
2013.01.22 09:22:47.781,1.23641,1.23648,1.50,1.50
2013.01.22 09:22:48.078,1.23641,1.23652,1.50,1.50
2013.01.22 09:22:48.328,1.23639,1.23652,3.75,1.50
2013.01.22 09:22:48.630,1.23637,1.23654,1.50,1.50
2013.01.22 09:22:48.690,1.23635,1.23651,2.25,1.50
2013.01.22 09:22:48.759,1.23635,1.23653,2.25,2.44
2013.01.22 09:22:48.819,1.23635,1.23653,2.25,3.19
2013.01.22 09:22:48.939,1.23635,1.23653,2.25,3.19
2013.01.22 09:22:49.119,1.23633,1.23651,2.25,2.25
2013.01.22 09:22:49.239,1.23633,1.23651,1.50,2.25
2013.01.22 09:22:49.419,1.23635,1.23651,1.50,1.50
2013.01.22 09:22:49.660,1.23633,1.23651,1.50,1.50
2013.01.22 09:22:49.721,1.23633,1.23651,1.50,2.25
2013.01.22 09:22:50.029,1.23637,1.23653,1.50,1.50
2013.01.22 09:22:50.390,1.23643,1.23653,1.54,1.50
2013.01.22 09:22:50.750,1.23648,1.23654,1.50,2.25
2013.01.22 09:22:50.988,1.23649,1.23661,2.25,3.60
2013.01.22 09:22:51.427,1.23655,1.23665,6.75,4.50
2013.01.22 09:22:51.753,1.23657,1.23668,9.01,3.75
2013.01.22 09:22:52.062,1.23653,1.23663,3.00,3.00
2013.01.22 09:22:52.130,1.2365,1.2366,1.13,2.25
2013.01.22 09:22:52.370,1.23655,1.23668,2.25,1.50
2013.01.22 09:22:52.432,1.23655,1.23675,2.44,4.50
2013.01.22 09:22:52.500,1.23655,1.23675,1.50,4.50
2013.01.22 09:22:52.560,1.23655,1.23669,2.25,1.50
2013.01.22 09:22:52.800,1.23655,1.23672,1.50,2.25
2013.01.22 09:22:53.281,1.23655,1.23674,1.50,1.50
2013.01.22 09:22:53.401,1.23653,1.23673,1.50,1.50
2013.01.22 09:22:53.529,1.23655,1.23675,1.50,1.50
2013.01.22 09:22:54.049,1.23655,1.23675,1.50,2.10
2013.01.22 09:22:54.405,1.23654,1.2367,2.25,3.98
2013.01.22 09:22:54.478,1.23654,1.23669,1.50,1.73
2013.01.22 09:22:54.544,1.23656,1.23669,2.25,1.13
2013.01.22 09:22:54.729,1.23652,1.2367,1.88,4.13
2013.01.22 09:22:54.790,1.23661,1.23669,2.25,2.40
2013.01.22 09:22:54.969,1.23652,1.23668,1.50,1.13
2013.01.22 09:22:55.089,1.23654,1.23669,1.50,1.50
2013.01.22 09:22:55.449,1.23659,1.23669,1.50,1.50
2013.01.22 09:22:55.881,1.23659,1.23676,1.50,1.50
2013.01.22 09:22:56.120,1.23661,1.23679,1.50,2.25
2013.01.22 09:22:56.479,1.23664,1.23671,1.13,1.50
2013.01.22 09:22:56.541,1.23664,1.23679,1.13,2.25
2013.01.22 09:22:56.660,1.2367,1.23681,1.50,1.58
2013.01.22 09:22:56.782,1.2367,1.23688,1.50,1.50
2013.01.22 09:22:56.850,1.23672,1.2369,1.50,1.50
2013.01.22 09:22:57.210,1.23674,1.23692,1.50,1.50
2013.01.22 09:22:57.511,1.23676,1.23694,1.50,1.50
2013.01.22 09:22:57.829,1.23677,1.23697,1.50,1.50
2013.01.22 09:22:58.070,1.23677,1.23697,1.50,1.88
2013.01.22 09:22:58.309,1.23679,1.23692,1.50,2.85
2013.01.22 09:22:58.371,1.23679,1.23694,1.50,1.88
2013.01.22 09:22:58.441,1.23679,1.23694,1.50,1.88
2013.01.22 09:22:58.810,1.23679,1.23694,1.50,1.88
2013.01.22 09:22:59.350,1.23674,1.23693,1.50,1.50
2013.01.22 09:22:59.649,1.23676,1.23694,1.50,1.50
2013.01.22 09:22:59.709,1.23677,1.23697,1.50,1.50
2013.01.22 09:23:00.069,1.23676,1.23694,1.50,1.50
2013.01.22 09:23:00.128,1.23674,1.23694,1.50,1.50
2013.01.22 09:23:00.560,1.23672,1.23692,1.50,1.50
2013.01.22 09:23:00.920,1.23674,1.23694,1.50,1.50
2013.01.22 09:23:01.279,1.23674,1.23688,1.50,1.65
2013.01.22 09:23:01.827,1.23673,1.23688,1.50,3.00
2013.01.22 09:23:02.321,1.23669,1.23687,1.50,1.65
2013.01.22 09:23:02.574,1.23665,1.23683,1.50,2.10
2013.01.22 09:23:02.940,1.23665,1.23683,1.50,2.85
2013.01.22 09:23:03.239,1.23662,1.23679,2.25,2.25
2013.01.22 09:23:03.421,1.2366,1.23676,1.50,1.50
2013.01.22 09:23:03.781,1.2366,1.23672,1.50,1.73
2013.01.22 09:23:03.852,1.23658,1.23671,2.25,1.50
2013.01.22 09:23:03.979,1.23657,1.23666,2.25,1.50
2013.01.22 09:23:04.159,1.23656,1.23666,1.50,1.50
2013.01.22 09:23:04.220,1.23656,1.23666,1.50,5.10
2013.01.22 09:23:04.281,1.23648,1.23666,3.75,5.10
2013.01.22 09:23:04.409,1.23645,1.23659,2.03,1.50
2013.01.22 09:23:04.590,1.23645,1.23659,1.50,1.58
2013.01.22 09:23:05.009,1.2364,1.23659,2.40,1.50
2013.01.22 09:23:05.250,1.2364,1.23659,2.40,1.50
2013.01.22 09:23:05.610,1.2364,1.23659,2.40,2.25
2013.01.22 09:23:05.914,1.23647,1.23658,3.00,2.25
2013.01.22 09:23:06.171,1.23653,1.23666,1.50,2.25
2013.01.22 09:23:06.241,1.23656,1.23666,1.50,1.50
2013.01.22 09:23:06.850,1.23652,1.23671,3.75,3.75
2013.01.22 09:23:07.264,1.23654,1.23672,3.00,1.50
2013.01.22 09:23:09.709,1.23654,1.23668,1.50,2.10
2013.01.22 09:23:09.768,1.23654,1.23672,1.50,2.25
2013.01.22 09:23:09.829,1.23654,1.23668,1.50,1.13
2013.01.22 09:23:09.891,1.23651,1.23668,3.94,2.63
2013.01.22 09:23:10.068,1.23651,1.23668,4.69,4.13
2013.01.22 09:23:10.380,1.2365,1.23662,1.50,1.50
2013.01.22 09:23:10.559,1.2365,1.23664,1.50,1.50
2013.01.22 09:23:10.739,1.23647,1.23664,1.50,1.50
2013.01.22 09:23:10.799,1.23643,1.23663,2.63,1.50
2013.01.22 09:23:11.849,1.23643,1.23663,2.25,1.50
2013.01.22 09:23:12.150,1.23644,1.2366,1.50,1.50
2013.01.22 09:23:12.451,1.23649,1.2366,1.50,1.50
2013.01.22 09:23:12.808,1.23649,1.23664,3.60,1.50
2013.01.22 09:23:12.868,1.23651,1.23669,2.25,1.65
2013.01.22 09:23:13.109,1.23652,1.23671,1.50,1.50
2013.01.22 09:23:13.621,1.23652,1.23672,1.50,2.25
2013.01.22 09:23:13.919,1.23654,1.23674,1.50,1.50
2013.01.22 09:23:14.278,1.23654,1.23672,1.50,1.50
2013.01.22 09:23:14.729,1.23653,1.23671,1.50,2.10
2013.01.22 09:23:15.031,1.23651,1.23668,1.50,1.88
2013.01.22 09:23:15.339,1.23654,1.23668,1.50,1.88
2013.01.22 09:23:15.700,1.23659,1.23668,4.50,1.88
2013.01.22 09:23:16.064,1.23662,1.2367,5.40,1.50
2013.01.22 09:23:16.389,1.23669,1.23677,5.10,1.13
2013.01.22 09:23:16.450,1.2367,1.23679,3.75,1.50
2013.01.22 09:23:16.988,1.23673,1.23689,2.25,2.40
2013.01.22 09:23:17.711,1.23674,1.23689,1.50,2.40
2013.01.22 09:23:17.831,1.23674,1.23689,2.25,1.65
2013.01.22 09:23:18.080,1.23679,1.23689,2.25,2.25
2013.01.22 09:23:18.263,1.23675,1.23689,2.63,2.25
2013.01.22 09:23:18.332,1.2368,1.23689,1.50,2.25
2013.01.22 09:23:18.995,1.2368,1.23691,2.85,1.20
2013.01.22 09:23:19.116,1.2368,1.23694,2.85,1.13
2013.01.22 09:23:19.236,1.2368,1.237,2.85,2.25
2013.01.22 09:23:19.779,1.2368,1.237,1.50,1.50
2013.01.22 09:23:19.904,1.2368,1.237,2.16,1.50
2013.01.22 09:23:20.206,1.23685,1.23703,1.50,2.25
2013.01.22 09:23:20.445,1.23683,1.23702,1.50,1.50
2013.01.22 09:23:20.506,1.23683,1.23702,1.50,1.88
2013.01.22 09:23:21.190,1.23678,1.23696,1.04,1.50
2013.01.22 09:23:21.342,1.23676,1.23696,1.50,3.00
2013.01.22 09:23:21.408,1.23674,1.23694,1.50,1.50
2013.01.22 09:23:22.720,1.23672,1.23692,3.00,1.50
2013.01.22 09:23:23.026,1.23671,1.23689,1.50,3.00
2013.01.22 09:23:23.265,1.23669,1.23689,1.80,1.50
2013.01.22 09:23:24.465,1.23668,1.23686,3.00,1.50
2013.01.22 09:23:24.767,1.23666,1.23684,1.50,1.50
2013.01.22 09:23:25.075,1.23663,1.23681,1.41,1.50
2013.01.22 09:23:25.745,1.23661,1.23681,1.50,1.50
2013.01.22 09:23:25.927,1.23659,1.23679,2.25,1.50
2013.01.22 09:23:26.587,1.23659,1.23674,1.28,1.50
2013.01.22 09:23:26.895,1.23658,1.23666,1.28,1.50
2013.01.22 09:23:27.196,1.23646,1.23663,1.13,1.50
2013.01.22 09:23:27.256,1.23645,1.23663,2.63,1.50
2013.01.22 09:23:27.376,1.23646,1.23666,1.88,1.50
2013.01.22 09:23:27.856,1.23644,1.23664,2.63,1.50
2013.01.22 09:23:27.976,1.23644,1.23664,2.25,1.50
2013.01.22 09:23:28.039,1.23642,1.23662,2.25,1.50
2013.01.22 09:23:28.407,1.23642,1.23661,1.50,1.50
2013.01.22 09:23:28.475,1.23642,1.23661,1.88,1.50
2013.01.22 09:23:28.535,1.23654,1.23661,2.25,1.50
2013.01.22 09:23:28.715,1.23645,1.23661,3.75,1.50
2013.01.22 09:23:29.085,1.23645,1.23659,3.00,1.50
2013.01.22 09:23:29.267,1.23646,1.23663,3.00,1.50
2013.01.22 09:23:29.821,1.23645,1.23663,1.50,1.50
2013.01.22 09:23:30.127,1.23645,1.23659,2.25,1.50
2013.01.22 09:23:30.486,1.23638,1.23649,1.50,1.50
2013.01.22 09:23:30.846,1.23631,1.23641,2.25,2.03
2013.01.22 09:23:31.147,1.23623,1.23632,1.50,6.00
2013.01.22 09:23:31.336,1.23625,1.23629,1.50,1.50
2013.01.22 09:23:31.396,1.23617,1.23628,2.25,1.50
2013.01.22 09:23:32.307,1.23615,1.23628,1.50,1.50
2013.01.22 09:23:32.424,1.23615,1.23628,2.40,1.50
2013.01.22 09:23:32.557,1.23617,1.23636,1.28,1.50
2013.01.22 09:23:32.915,1.2362,1.23637,3.75,2.25
2013.01.22 09:23:33.036,1.23615,1.23637,1.65,1.88
2013.01.22 09:23:33.096,1.23612,1.23635,1.50,1.50
2013.01.22 09:23:33.215,1.23611,1.23631,1.35,1.50
2013.01.22 09:23:33.515,1.23611,1.23628,2.10,1.50
2013.01.22 09:23:34.126,1.23619,1.23628,1.50,1.50
2013.01.22 09:23:34.251,1.23621,1.2363,1.13,1.50
2013.01.22 09:23:34.319,1.23614,1.23629,10.88,2.10
2013.01.22 09:23:34.387,1.23614,1.2362,5.25,1.35
2013.01.22 09:23:34.447,1.23612,1.23618,2.25,3.75
2013.01.22 09:23:34.506,1.23611,1.23616,1.50,1.50
2013.01.22 09:23:34.926,1.23603,1.23608,1.50,3.00
2013.01.22 09:23:34.986,1.23593,1.23605,1.50,1.50
2013.01.22 09:23:35.044,1.23591,1.23596,1.50,1.50
2013.01.22 09:23:35.286,1.23587,1.23594,1.50,1.50
2013.01.22 09:23:35.526,1.23574,1.23597,2.63,1.50
2013.01.22 09:23:35.716,1.23574,1.23597,3.98,2.25
2013.01.22 09:23:36.718,1.23574,1.23597,2.48,2.85
2013.01.22 09:23:37.247,1.23575,1.23597,1.35,2.25
2013.01.22 09:23:37.626,1.23576,1.23597,2.10,1.50
2013.01.22 09:23:37.927,1.23578,1.23597,3.75,1.50
2013.01.22 09:23:37.987,1.23575,1.23597,5.10,1.50
2013.01.22 09:23:38.107,1.23575,1.236,4.35,3.38
2013.01.22 09:23:38.297,1.23576,1.23601,1.13,2.10
2013.01.22 09:23:38.490,1.23571,1.23595,2.25,1.50
2013.01.22 09:23:38.856,1.23571,1.2359,1.13,1.50
2013.01.22 09:23:39.215,1.23564,1.2359,1.50,1.50
2013.01.22 09:23:39.336,1.23559,1.2359,1.73,1.50
2013.01.22 09:23:40.865,1.23559,1.23591,1.50,1.50
2013.01.22 09:23:40.935,1.2356,1.23591,2.63,1.50
2013.01.22 09:23:41.245,1.23582,1.23591,1.13,1.50
2013.01.22 09:23:41.366,1.23582,1.23597,1.88,2.10
2013.01.22 09:23:41.870,1.23581,1.23603,5.82,1.13
2013.01.22 09:23:42.013,1.23581,1.23603,4.13,2.67
2013.01.22 09:23:42.297,1.23578,1.23593,1.50,1.50
2013.01.22 09:23:42.985,1.23578,1.23588,1.50,1.50
2013.01.22 09:23:43.073,1.23572,1.23588,1.50,1.50
2013.01.22 09:23:43.205,1.23578,1.23588,2.10,2.25
2013.01.22 09:23:43.506,1.2359,1.23596,1.50,1.50
2013.01.22 09:23:43.687,1.23598,1.23613,3.75,1.88
2013.01.22 09:23:43.866,1.23601,1.23615,3.75,1.50
2013.01.22 09:23:43.986,1.23603,1.23616,2.25,6.00
2013.01.22 09:23:44.046,1.23604,1.23616,3.75,6.00
2013.01.22 09:23:44.590,1.23604,1.23616,1.50,1.50
2013.01.22 09:23:44.716,1.23604,1.23623,1.50,1.50
2013.01.22 09:23:45.208,1.23604,1.23623,3.75,1.50
2013.01.22 09:23:45.517,1.2361,1.23623,2.25,1.50
2013.01.22 09:23:45.875,1.23617,1.23625,2.25,1.50
2013.01.22 09:23:45.995,1.23615,1.23635,1.50,1.50
2013.01.22 09:23:46.176,1.23616,1.23637,2.10,1.13
2013.01.22 09:23:46.359,1.23608,1.23627,1.50,2.44
2013.01.22 09:23:46.550,1.23607,1.23618,1.50,1.50
2013.01.22 09:23:46.986,1.23607,1.23613,1.50,1.50
2013.01.22 09:23:47.227,1.23594,1.23612,3.00,3.00
2013.01.22 09:23:47.416,1.23594,1.23609,2.25,1.50
2013.01.22 09:23:47.779,1.23594,1.23609,2.25,1.88
2013.01.22 09:23:47.863,1.23581,1.23601,1.50,1.88
2013.01.22 09:23:48.070,1.23581,1.236,1.50,1.13
2013.01.22 09:23:48.256,1.23579,1.23604,1.50,2.25
2013.01.22 09:23:48.317,1.23569,1.23602,1.35,2.25
2013.01.22 09:23:48.386,1.23575,1.23598,1.50,1.50
2013.01.22 09:23:48.507,1.23575,1.23608,1.88,1.50
2013.01.22 09:23:48.627,1.23575,1.23608,1.88,1.20
2013.01.22 09:23:48.746,1.23575,1.23608,1.88,1.56
2013.01.22 09:23:49.107,1.2358,1.23606,1.50,1.02
2013.01.22 09:23:49.405,1.23586,1.23615,1.50,3.00
2013.01.22 09:23:49.588,1.23587,1.23617,1.50,1.50
2013.01.22 09:23:49.776,1.2359,1.23609,1.50,1.50
2013.01.22 09:23:50.016,1.23584,1.23604,1.88,2.25
2013.01.22 09:23:50.136,1.23583,1.23604,1.95,2.25
2013.01.22 09:23:50.387,1.23583,1.23604,1.50,3.23
2013.01.22 09:23:50.942,1.23583,1.23604,1.50,2.25
2013.01.22 09:23:51.256,1.23586,1.23604,1.50,2.25
2013.01.22 09:23:51.791,1.23584,1.23601,1.50,1.50
2013.01.22 09:23:52.356,1.23578,1.23596,1.50,1.50
2013.01.22 09:23:52.477,1.23579,1.23598,1.50,1.50
2013.01.22 09:23:53.025,1.23578,1.23592,2.25,2.70
2013.01.22 09:23:53.267,1.2357,1.23583,1.13,1.50
2013.01.22 09:23:53.335,1.2357,1.23587,1.13,1.50
2013.01.22 09:23:53.455,1.2357,1.23585,1.13,1.50
2013.01.22 09:23:53.760,1.2357,1.23584,1.13,1.50
2013.01.22 09:23:53.825,1.23567,1.23584,1.50,1.50
2013.01.22 09:23:54.007,1.23566,1.23584,1.50,1.50
2013.01.22 09:23:54.398,1.23567,1.23587,1.50,1.50
2013.01.22 09:23:54.587,1.23567,1.23587,2.25,1.50
2013.01.22 09:23:54.895,1.23577,1.23589,1.50,1.50
2013.01.22 09:23:54.955,1.23571,1.23589,1.88,1.50
2013.01.22 09:23:55.375,1.2357,1.23588,1.50,1.50
2013.01.22 09:23:55.496,1.23565,1.23581,2.25,1.50
2013.01.22 09:23:55.836,1.2357,1.2359,1.50,1.88
2013.01.22 09:23:56.078,1.23568,1.23588,3.00,1.50
2013.01.22 09:23:56.387,1.2357,1.2359,1.50,1.88
2013.01.22 09:23:56.906,1.23571,1.23589,1.50,1.50
2013.01.22 09:23:57.226,1.23567,1.23585,1.50,1.50
2013.01.22 09:23:57.586,1.23577,1.23602,21.15,1.50
2013.01.22 09:23:57.657,1.23596,1.2361,5.25,3.00
2013.01.22 09:23:57.848,1.23603,1.23612,4.50,1.50
2013.01.22 09:23:58.156,1.23613,1.23619,1.50,1.50
2013.01.22 09:23:58.216,1.23616,1.23621,1.50,2.25
2013.01.22 09:23:58.460,1.23619,1.23633,1.50,2.07
2013.01.22 09:23:58.525,1.23619,1.23633,1.50,2.07
2013.01.22 09:23:59.145,1.23619,1.23633,1.50,1.92
2013.01.22 09:23:59.266,1.23616,1.23632,1.50,2.10
2013.01.22 09:23:59.325,1.23612,1.23632,2.25,2.10
2013.01.22 09:23:59.807,1.2361,1.2363,1.50,1.50
2013.01.22 09:24:00.089,1.23608,1.23628,3.00,1.50
2013.01.22 09:24:00.396,1.2361,1.23631,1.50,1.69
2013.01.22 09:24:00.639,1.23608,1.23633,1.50,3.00
2013.01.22 09:24:00.766,1.23605,1.23634,1.88,4.20
2013.01.22 09:24:00.827,1.23605,1.23634,1.88,4.20
2013.01.22 09:24:01.136,1.23608,1.23633,3.75,1.13
2013.01.22 09:24:01.616,1.23625,1.23635,1.50,1.32
2013.01.22 09:24:01.918,1.23627,1.23635,3.75,1.13
2013.01.22 09:24:02.345,1.2363,1.23639,1.50,2.25
2013.01.22 09:24:03.004,1.23627,1.23642,1.13,1.50
2013.01.22 09:24:03.087,1.23618,1.23645,1.50,1.50
2013.01.22 09:24:03.266,1.23616,1.23645,2.25,1.50
2013.01.22 09:24:04.737,1.23614,1.23643,6.00,1.50
2013.01.22 09:24:05.403,1.23617,1.23646,2.25,1.88
2013.01.22 09:24:05.787,1.23619,1.23648,1.50,1.88
2013.01.22 09:24:06.335,1.2362,1.23649,1.50,1.13
2013.01.22 09:24:07.275,1.2362,1.23649,1.50,1.13
2013.01.22 09:24:07.516,1.23618,1.23645,1.50,1.13
2013.01.22 09:24:07.696,1.23615,1.23644,3.00,1.13
2013.01.22 09:24:07.827,1.23615,1.23644,4.13,1.50
2013.01.22 09:24:09.027,1.23618,1.23644,1.13,1.50
2013.01.22 09:24:09.335,1.23636,1.23646,1.50,1.50
2013.01.22 09:24:09.995,1.23636,1.23655,1.50,1.13
2013.01.22 09:24:10.236,1.23637,1.23658,2.25,1.50
2013.01.22 09:24:10.355,1.23641,1.23658,4.35,1.50
2013.01.22 09:24:10.476,1.23644,1.23659,3.75,1.50
2013.01.22 09:24:10.719,1.23644,1.23662,3.75,1.50
2013.01.22 09:24:10.787,1.23644,1.23664,3.75,2.25
2013.01.22 09:24:11.577,1.23644,1.23665,3.75,1.13
2013.01.22 09:24:12.095,1.23644,1.23665,3.75,1.13
2013.01.22 09:24:13.492,1.23641,1.23668,6.75,1.88
2013.01.22 09:24:13.579,1.23639,1.23667,1.35,2.07
2013.01.22 09:24:13.705,1.23637,1.23667,3.75,1.88
2013.01.22 09:24:14.257,1.23634,1.23668,4.88,1.35
2013.01.22 09:24:14.497,1.23634,1.23666,4.13,1.13
2013.01.22 09:24:14.807,1.2363,1.23655,2.25,3.00
2013.01.22 09:24:15.165,1.23643,1.23663,3.04,2.25
2013.01.22 09:24:15.286,1.23643,1.23663,1.50,1.50
2013.01.22 09:24:15.405,1.23643,1.23669,1.50,1.50
2013.01.22 09:24:15.467,1.23643,1.23667,1.50,1.50
2013.01.22 09:24:15.836,1.23643,1.23669,1.50,1.50
2013.01.22 09:24:16.385,1.23643,1.23672,1.50,2.25
2013.01.22 09:24:17.515,1.23638,1.23673,2.25,2.40
2013.01.22 09:24:18.076,1.23637,1.2367,1.50,2.48
2013.01.22 09:24:18.636,1.2364,1.23668,1.50,1.88
2013.01.22 09:24:18.878,1.23642,1.2367,1.50,5.25
2013.01.22 09:24:18.946,1.23644,1.2367,1.13,5.25
2013.01.22 09:24:19.345,1.23644,1.23672,1.13,5.63
2013.01.22 09:24:19.647,1.23651,1.23672,1.50,5.63
2013.01.22 09:24:20.545,1.23655,1.23673,1.50,1.50
2013.01.22 09:24:21.545,1.23649,1.23667,1.13,1.50
2013.01.22 09:24:21.925,1.23649,1.23669,2.25,1.50
2013.01.22 09:24:21.985,1.23648,1.23666,2.25,1.50
2013.01.22 09:24:22.286,1.23646,1.23666,2.25,1.50
2013.01.22 09:24:22.417,1.23645,1.23663,1.50,1.50
2013.01.22 09:24:22.775,1.23647,1.23663,1.50,1.50
2013.01.22 09:24:22.836,1.23645,1.23663,1.50,1.50
2013.01.22 09:24:23.776,1.23647,1.23665,1.50,1.50
2013.01.22 09:24:24.077,1.23649,1.23668,1.13,1.50
2013.01.22 09:24:24.195,1.2365,1.2367,1.50,1.50
2013.01.22 09:24:24.956,1.2365,1.2367,1.50,2.25
2013.01.22 09:24:25.135,1.23652,1.2367,1.50,2.25
2013.01.22 09:24:25.317,1.2365,1.23668,1.50,1.50
2013.01.22 09:24:25.506,1.23646,1.23665,1.50,1.50
2013.01.22 09:24:25.566,1.23645,1.23665,3.00,1.50
2013.01.22 09:24:26.185,1.23645,1.23665,3.00,1.50
2013.01.22 09:24:26.367,1.23645,1.23665,4.13,1.50
2013.01.22 09:24:26.489,1.23648,1.23665,1.13,1.50
2013.01.22 09:24:26.556,1.2365,1.23665,1.73,1.50
2013.01.22 09:24:26.796,1.23651,1.23671,2.25,2.25
2013.01.22 09:24:26.916,1.23649,1.23669,2.48,2.25
2013.01.22 09:24:27.895,1.23649,1.23669,1.50,3.00
2013.01.22 09:24:28.547,1.23648,1.23666,1.50,1.50
2013.01.22 09:24:29.057,1.23647,1.23665,3.75,1.50
2013.01.22 09:24:29.118,1.23645,1.23665,1.50,1.50
2013.01.22 09:24:30.448,1.23645,1.23665,2.48,1.50
2013.01.22 09:24:30.765,1.23654,1.23673,1.50,2.10
2013.01.22 09:24:31.497,1.23654,1.2367,1.50,1.50
2013.01.22 09:24:31.915,1.23652,1.2367,1.88,1.50
2013.01.22 09:24:32.456,1.23651,1.2367,1.50,1.50
2013.01.22 09:24:34.096,1.23652,1.2367,1.50,1.50
2013.01.22 09:24:34.286,1.2365,1.23664,1.50,1.65
2013.01.22 09:24:34.525,1.23654,1.23664,1.50,1.35
2013.01.22 09:24:34.586,1.23652,1.23669,1.88,1.50
2013.01.22 09:24:34.766,1.23654,1.2367,1.50,1.50
2013.01.22 09:24:35.072,1.23656,1.2367,1.50,1.50
2013.01.22 09:24:35.621,1.23656,1.23672,1.50,1.50
2013.01.22 09:24:36.274,1.23656,1.23671,1.50,1.50
2013.01.22 09:24:37.106,1.23654,1.23669,1.50,1.50
2013.01.22 09:24:37.666,1.23654,1.23671,1.50,1.50
2013.01.22 09:24:38.476,1.23654,1.23671,1.50,1.50
2013.01.22 09:24:38.926,1.23654,1.23671,1.50,2.25
2013.01.22 09:24:39.927,1.23654,1.23671,1.50,2.25
2013.01.22 09:24:40.228,1.23652,1.23668,1.50,1.50
2013.01.22 09:24:40.478,1.23648,1.23665,1.88,1.35
2013.01.22 09:24:41.067,1.23646,1.23664,2.25,1.50
2013.01.22 09:24:41.506,1.23645,1.23662,1.58,1.50
2013.01.22 09:24:42.345,1.23645,1.23664,1.50,1.50
2013.01.22 09:24:42.596,1.23645,1.23664,1.50,1.50
2013.01.22 09:24:43.026,1.23648,1.23668,1.50,3.75
2013.01.22 09:24:43.146,1.23648,1.23668,1.50,3.75
2013.01.22 09:24:43.642,1.23652,1.23669,1.50,1.13
2013.01.22 09:24:44.009,1.23652,1.23669,1.88,2.25
2013.01.22 09:24:44.756,1.23651,1.23668,1.50,1.50
2013.01.22 09:24:44.996,1.23645,1.23662,1.04,1.50
2013.01.22 09:24:45.116,1.23645,1.23665,5.25,2.63
2013.01.22 09:24:45.298,1.23648,1.23665,1.50,1.13
2013.01.22 09:24:46.216,1.23649,1.23668,1.50,1.50
2013.01.22 09:24:46.597,1.23649,1.23668,1.50,1.50
2013.01.22 09:24:46.895,1.23652,1.23669,1.50,1.50
2013.01.22 09:24:47.596,1.23654,1.23669,1.50,1.50
2013.01.22 09:24:47.656,1.23654,1.23672,1.50,4.50
2013.01.22 09:24:47.906,1.23656,1.23672,1.50,3.00
2013.01.22 09:24:47.986,1.23656,1.23672,1.50,3.00
2013.01.22 09:24:49.348,1.23656,1.23673,1.50,1.50
2013.01.22 09:24:49.676,1.23656,1.23673,1.50,1.50
2013.01.22 09:24:49.919,1.23656,1.23672,1.50,3.60
2013.01.22 09:24:50.176,1.23654,1.23671,1.88,1.50
2013.01.22 09:24:51.544,1.23656,1.23671,2.10,2.25
2013.01.22 09:24:51.845,1.2366,1.23675,2.63,2.40
2013.01.22 09:24:52.611,1.2366,1.23676,2.25,1.50
2013.01.22 09:24:52.928,1.23664,1.2368,1.50,1.50
2013.01.22 09:24:53.057,1.23664,1.23681,1.50,1.50
2013.01.22 09:24:53.869,1.23675,1.23682,1.50,1.50
2013.01.22 09:24:53.997,1.23675,1.23683,1.50,1.50
2013.01.22 09:24:54.446,1.23676,1.23688,1.50,1.50
2013.01.22 09:24:54.530,1.2368,1.23693,1.50,1.35
2013.01.22 09:24:55.046,1.23679,1.23694,1.50,1.50
2013.01.22 09:24:55.225,1.23681,1.23699,1.50,2.25
2013.01.22 09:24:56.335,1.23678,1.23698,1.50,1.50
2013.01.22 09:24:57.186,1.23678,1.2369,1.50,2.63
2013.01.22 09:24:57.366,1.23678,1.23694,1.50,2.03
2013.01.22 09:24:57.426,1.23673,1.23693,1.50,1.88
2013.01.22 09:24:57.546,1.23677,1.23694,1.50,1.88
2013.01.22 09:24:57.727,1.23678,1.23698,1.50,1.50
2013.01.22 09:24:58.035,1.23683,1.23699,1.50,1.50
2013.01.22 09:24:58.636,1.23683,1.23701,1.50,1.50
2013.01.22 09:24:59.304,1.23685,1.23703,1.50,3.00
2013.01.22 09:24:59.628,1.2368,1.2369,1.50,2.10
2013.01.22 09:24:59.937,1.23678,1.2369,1.04,4.35
2013.01.22 09:25:00.117,1.23678,1.23692,1.04,1.13
2013.01.22 09:25:00.185,1.23676,1.23692,1.50,1.13
2013.01.22 09:25:00.245,1.23677,1.23694,1.13,1.50
2013.01.22 09:25:00.726,1.23681,1.23694,1.50,1.50
2013.01.22 09:25:01.086,1.23682,1.23694,1.50,1.50
2013.01.22 09:25:01.205,1.23683,1.23701,2.25,2.85
2013.01.22 09:25:01.804,1.23684,1.23701,1.88,1.35
2013.01.22 09:25:02.619,1.2368,1.23697,2.63,1.50
2013.01.22 09:25:02.746,1.23677,1.23697,1.88,1.50
2013.01.22 09:25:03.105,1.23681,1.237,1.50,3.00
2013.01.22 09:25:03.528,1.23684,1.237,1.50,2.25
2013.01.22 09:25:03.857,1.23686,1.237,2.25,2.25
2013.01.22 09:25:03.920,1.23687,1.23701,1.50,1.50
2013.01.22 09:25:04.646,1.23687,1.23704,1.50,1.13
2013.01.22 09:25:07.775,1.23688,1.23705,1.50,1.13
2013.01.22 09:25:08.337,1.23685,1.23703,2.25,2.25
2013.01.22 09:25:08.877,1.23687,1.23705,2.25,3.38
2013.01.22 09:25:09.485,1.23687,1.23705,2.25,2.25
2013.01.22 09:25:10.028,1.23687,1.23705,2.63,1.50
2013.01.22 09:25:10.337,1.23696,1.23707,1.13,2.25
2013.01.22 09:25:10.515,1.23699,1.23719,1.50,1.50
2013.01.22 09:25:10.696,1.23702,1.2372,1.50,1.50
2013.01.22 09:25:10.997,1.23702,1.23714,1.50,1.28
2013.01.22 09:25:11.058,1.23694,1.23713,2.25,1.05
2013.01.22 09:25:11.556,1.23698,1.23716,1.50,3.53
2013.01.22 09:25:11.737,1.23694,1.23713,1.50,1.88
2013.01.22 09:25:11.856,1.23694,1.23707,1.50,3.75
2013.01.22 09:25:12.097,1.23689,1.23702,4.50,2.85
2013.01.22 09:25:12.155,1.23689,1.237,4.50,1.50
2013.01.22 09:25:12.457,1.23684,1.23695,1.50,1.50
2013.01.22 09:25:12.766,1.23684,1.23698,1.50,1.50
2013.01.22 09:25:13.192,1.23678,1.23698,1.88,1.50
2013.01.22 09:25:13.266,1.23678,1.23695,2.03,1.50
2013.01.22 09:25:13.697,1.23675,1.23693,2.25,3.08
2013.01.22 09:25:13.877,1.23674,1.2369,1.50,1.88
2013.01.22 09:25:14.179,1.23663,1.23676,3.30,1.88
2013.01.22 09:25:14.487,1.23647,1.23661,1.13,1.50
2013.01.22 09:25:14.616,1.23647,1.23659,1.13,1.50
2013.01.22 09:25:14.677,1.23644,1.23658,1.50,1.50
2013.01.22 09:25:14.916,1.2364,1.23659,1.50,1.50
2013.01.22 09:25:14.975,1.2364,1.23661,1.50,3.00
2013.01.22 09:25:15.277,1.2364,1.23659,1.88,1.50
2013.01.22 09:25:15.459,1.23642,1.23663,1.50,1.50
2013.01.22 09:25:16.006,1.23643,1.23662,1.50,1.50
2013.01.22 09:25:16.127,1.23645,1.23664,1.50,3.00
2013.01.22 09:25:16.646,1.23643,1.23663,1.88,1.50
2013.01.22 09:25:16.826,1.23641,1.2366,1.88,1.50
2013.01.22 09:25:17.367,1.23642,1.23661,1.88,1.50
2013.01.22 09:25:18.066,1.23643,1.23664,1.88,1.50
2013.01.22 09:25:18.780,1.23644,1.23664,1.13,1.50
2013.01.22 09:25:19.265,1.23643,1.23663,1.50,2.25
2013.01.22 09:25:19.385,1.23639,1.23658,1.88,2.25
2013.01.22 09:25:19.445,1.23637,1.23655,2.25,1.50
2013.01.22 09:25:19.758,1.23636,1.23653,2.25,1.50
2013.01.22 09:25:20.185,1.23636,1.23655,2.25,1.50
2013.01.22 09:25:20.725,1.23636,1.23654,1.50,1.50
2013.01.22 09:25:21.279,1.23636,1.2365,1.50,1.50
2013.01.22 09:25:21.347,1.23632,1.2365,2.25,1.50
2013.01.22 09:25:21.407,1.23632,1.23646,2.25,1.50
2013.01.22 09:25:22.006,1.23632,1.23642,1.50,1.50
2013.01.22 09:25:22.245,1.23621,1.23642,2.63,1.50
2013.01.22 09:25:23.045,1.23625,1.23643,1.50,1.50
2013.01.22 09:25:23.428,1.23628,1.23643,1.50,1.50
2013.01.22 09:25:23.496,1.23628,1.23646,1.50,1.50
2013.01.22 09:25:23.677,1.23628,1.23648,3.00,1.50
2013.01.22 09:25:24.408,1.23624,1.23642,1.50,1.50
2013.01.22 09:25:24.716,1.23624,1.2364,1.50,1.50
2013.01.22 09:25:24.836,1.23624,1.23643,1.50,1.50
2013.01.22 09:25:25.076,1.23627,1.23643,1.50,1.50
2013.01.22 09:25:25.196,1.23628,1.23648,1.50,1.50
2013.01.22 09:25:25.556,1.23626,1.23646,1.50,1.50
2013.01.22 09:25:25.926,1.23626,1.23646,1.50,2.25
2013.01.22 09:25:26.466,1.23624,1.23644,3.00,1.50
2013.01.22 09:25:27.010,1.23624,1.23644,1.50,1.50
2013.01.22 09:25:27.366,1.23624,1.23642,1.50,1.50
2013.01.22 09:25:29.416,1.23637,1.23661,2.44,2.25
2013.01.22 09:25:29.488,1.23651,1.23657,7.88,1.50
2013.01.22 09:25:29.557,1.23653,1.23659,2.25,1.80
2013.01.22 09:25:29.627,1.23653,1.23659,1.50,1.35
2013.01.22 09:25:29.685,1.23651,1.23659,1.88,1.35
2013.01.22 09:25:29.866,1.2365,1.23659,1.50,1.80
2013.01.22 09:25:30.476,1.23649,1.23659,3.75,1.80
2013.01.22 09:25:30.839,1.23641,1.23659,1.50,3.68
2013.01.22 09:25:30.906,1.23639,1.23657,1.50,1.80
2013.01.22 09:25:31.540,1.23639,1.23657,1.50,1.50
2013.01.22 09:25:31.727,1.23641,1.23659,1.50,1.88
2013.01.22 09:25:31.905,1.23642,1.23662,1.50,1.50
2013.01.22 09:25:32.868,1.23645,1.23663,1.50,1.50
2013.01.22 09:25:33.429,1.23646,1.23666,1.50,2.25
2013.01.22 09:25:33.827,1.23646,1.23663,1.50,1.50
2013.01.22 09:25:34.007,1.23642,1.23654,2.25,1.50
2013.01.22 09:25:34.067,1.23639,1.23654,1.50,2.25
2013.01.22 09:25:34.602,1.23639,1.23654,1.50,3.75
2013.01.22 09:25:34.677,1.23639,1.23654,1.50,1.50
2013.01.22 09:25:35.897,1.23639,1.23654,1.50,1.50
2013.01.22 09:25:36.076,1.23637,1.23654,1.50,1.50
2013.01.22 09:25:36.355,1.2364,1.23652,1.50,2.25
2013.01.22 09:25:36.658,1.23643,1.23658,2.25,2.25
2013.01.22 09:25:36.727,1.23643,1.23658,2.25,1.50
2013.01.22 09:25:36.787,1.23644,1.23662,2.25,1.50
2013.01.22 09:25:36.849,1.23647,1.23665,1.50,1.88
2013.01.22 09:25:37.550,1.23649,1.23667,1.50,3.00
2013.01.22 09:25:37.625,1.23651,1.23669,1.50,1.50
2013.01.22 09:25:37.769,1.23651,1.23669,1.50,2.25
2013.01.22 09:25:38.765,1.23652,1.23672,1.50,2.25
2013.01.22 09:25:39.426,1.23652,1.23672,1.50,2.25
2013.01.22 09:25:39.777,1.23654,1.23673,1.50,1.50
2013.01.22 09:25:40.765,1.23657,1.23673,1.50,1.50
2013.01.22 09:25:41.095,1.23655,1.23673,1.50,3.00
2013.01.22 09:25:42.605,1.23655,1.23673,1.50,3.00
2013.01.22 09:25:44.155,1.23648,1.2366,1.88,3.00
2013.01.22 09:25:44.217,1.23648,1.23657,1.88,1.65
2013.01.22 09:25:44.276,1.23648,1.23661,1.50,1.50
2013.01.22 09:25:44.335,1.23653,1.23663,1.50,1.50
2013.01.22 09:25:44.516,1.2365,1.23663,1.50,1.50
2013.01.22 09:25:44.816,1.23654,1.23663,1.50,1.50
2013.01.22 09:25:45.357,1.23655,1.23663,1.50,1.50
2013.01.22 09:25:46.055,1.23655,1.23673,1.50,2.25
2013.01.22 09:25:46.489,1.23652,1.2367,1.50,3.00
2013.01.22 09:25:46.806,1.23656,1.2367,1.50,1.13
2013.01.22 09:25:47.315,1.23656,1.23671,1.50,1.13
2013.01.22 09:25:47.946,1.23656,1.23671,1.50,1.50
2013.01.22 09:25:48.497,1.23656,1.23672,1.50,1.50
2013.01.22 09:25:48.856,1.23656,1.23672,1.50,3.00
2013.01.22 09:25:49.096,1.23656,1.23673,1.50,2.25
2013.01.22 09:25:50.658,1.23656,1.23673,1.50,3.00
2013.01.22 09:25:51.218,1.23656,1.23674,1.50,3.23
2013.01.22 09:25:51.346,1.23652,1.23672,2.25,1.50
2013.01.22 09:25:51.586,1.23655,1.23673,1.50,1.50
2013.01.22 09:25:52.727,1.23652,1.23672,1.50,1.50
2013.01.22 09:25:53.756,1.2365,1.2367,2.25,1.50
2013.01.22 09:25:54.097,1.23652,1.2367,1.50,1.50
2013.01.22 09:25:54.626,1.23653,1.23673,1.50,4.13
2013.01.22 09:26:01.009,1.23653,1.23673,1.58,4.50
2013.01.22 09:26:01.567,1.23655,1.23672,1.50,2.25
2013.01.22 09:26:01.626,1.23655,1.23673,1.50,2.85
2013.01.22 09:26:01.746,1.23657,1.23672,1.50,2.25
2013.01.22 09:26:02.247,1.23657,1.23673,1.50,2.10
2013.01.22 09:26:02.605,1.23657,1.23673,1.50,3.00
2013.01.22 09:26:02.669,1.23657,1.23673,1.50,3.00
2013.01.22 09:26:03.785,1.23654,1.23672,1.88,2.10
2013.01.22 09:26:04.446,1.23654,1.23672,1.50,2.25
2013.01.22 09:26:04.747,1.23654,1.23674,1.50,4.88
2013.01.22 09:26:05.648,1.23654,1.23674,1.50,2.63
2013.01.22 09:26:05.718,1.23653,1.23671,1.50,1.50
2013.01.22 09:26:06.455,1.23653,1.23671,1.50,2.63
2013.01.22 09:26:07.638,1.23653,1.23671,1.50,3.38
2013.01.22 09:26:07.948,1.23651,1.23669,1.50,1.50
2013.01.22 09:26:08.259,1.23652,1.23672,1.50,6.23
2013.01.22 09:26:08.567,1.23658,1.23673,1.50,1.50
2013.01.22 09:26:09.215,1.23655,1.23674,3.00,3.60
2013.01.22 09:26:10.295,1.23655,1.23674,1.50,1.35
2013.01.22 09:26:10.595,1.23655,1.23671,1.50,1.50
2013.01.22 09:26:11.126,1.23654,1.23671,1.50,1.50
2013.01.22 09:26:11.944,1.23654,1.23671,2.25,1.50
2013.01.22 09:26:12.006,1.23654,1.23672,2.25,1.50
2013.01.22 09:26:12.066,1.23656,1.23672,1.28,1.50
2013.01.22 09:26:12.306,1.23662,1.23681,1.50,1.50
2013.01.22 09:26:12.485,1.23661,1.23678,1.50,1.50
2013.01.22 09:26:12.546,1.23657,1.23677,4.13,1.50
2013.01.22 09:26:12.726,1.23657,1.23674,1.88,1.50
2013.01.22 09:26:13.087,1.23658,1.23674,2.25,1.50
2013.01.22 09:26:13.287,1.23658,1.23676,3.75,1.50
2013.01.22 09:26:14.388,1.23658,1.23676,3.75,1.50
2013.01.22 09:26:14.936,1.23659,1.23679,1.50,3.00
2013.01.22 09:26:15.655,1.23659,1.23679,2.25,1.50
2013.01.22 09:26:16.196,1.23659,1.23679,2.25,2.25
2013.01.22 09:26:17.037,1.23659,1.23679,2.25,2.25
2013.01.22 09:26:17.635,1.23663,1.2368,1.50,3.00
2013.01.22 09:26:18.175,1.23663,1.23681,1.50,2.63
2013.01.22 09:26:19.219,1.23663,1.2368,1.50,1.13
2013.01.22 09:26:19.526,1.23653,1.23665,1.13,1.50
2013.01.22 09:26:19.708,1.23651,1.23667,1.50,1.13
2013.01.22 09:26:19.836,1.23648,1.23664,3.00,1.50
2013.01.22 09:26:20.015,1.23647,1.23666,1.50,1.50
2013.01.22 09:26:20.555,1.23648,1.23666,1.50,1.50
2013.01.22 09:26:20.917,1.2365,1.23668,1.50,1.88
2013.01.22 09:26:21.445,1.23652,1.23671,1.50,1.35
2013.01.22 09:26:21.565,1.2365,1.2367,2.25,2.25
2013.01.22 09:26:22.706,1.2365,1.2367,3.75,2.25
2013.01.22 09:26:23.467,1.23652,1.23671,1.50,2.10
2013.01.22 09:26:27.295,1.23652,1.23671,1.50,1.35
2013.01.22 09:26:32.685,1.23651,1.23669,1.50,1.50
2013.01.22 09:26:34.585,1.23652,1.23672,1.50,1.50
2013.01.22 09:26:36.356,1.23651,1.23669,1.50,1.50
2013.01.22 09:26:36.669,1.23652,1.23672,1.50,1.50
2013.01.22 09:26:38.896,1.2365,1.23667,1.50,1.50
2013.01.22 09:26:39.446,1.23649,1.23667,1.50,1.50
2013.01.22 09:26:40.964,1.2365,1.23667,1.50,1.50
2013.01.22 09:26:41.504,1.2365,1.23666,1.50,1.50
2013.01.22 09:26:42.334,1.2365,1.23668,1.50,1.50
2013.01.22 09:26:43.139,1.23657,1.23668,2.10,1.50
2013.01.22 09:26:43.385,1.23663,1.23676,2.40,2.25
2013.01.22 09:26:43.446,1.23662,1.23676,1.50,2.25
2013.01.22 09:26:43.506,1.2366,1.23676,1.13,2.25
2013.01.22 09:26:43.566,1.23658,1.23673,1.50,1.50
2013.01.22 09:26:43.926,1.23652,1.23672,1.50,1.50
2013.01.22 09:26:44.855,1.23652,1.23671,1.50,1.50
2013.01.22 09:26:44.915,1.23651,1.23669,1.50,1.50
2013.01.22 09:26:46.097,1.23651,1.23669,1.88,1.50
2013.01.22 09:26:46.336,1.23653,1.23671,1.50,1.50
2013.01.22 09:26:46.515,1.2365,1.2367,3.00,1.50
2013.01.22 09:26:46.575,1.23653,1.23671,1.50,1.50
2013.01.22 09:26:46.827,1.2365,1.2367,1.50,1.50
2013.01.22 09:26:47.466,1.23652,1.23672,1.50,1.50
2013.01.22 09:26:47.796,1.23655,1.23673,1.50,1.50
2013.01.22 09:26:48.039,1.23652,1.23672,1.88,1.50
2013.01.22 09:26:48.109,1.23652,1.2367,1.88,1.50
2013.01.22 09:26:48.536,1.23654,1.23672,1.50,1.50
2013.01.22 09:26:50.157,1.23651,1.23671,1.50,1.50
2013.01.22 09:26:52.076,1.23649,1.23669,1.50,1.50
2013.01.22 09:26:52.555,1.23652,1.2367,1.50,1.50
2013.01.22 09:26:53.195,1.23649,1.23669,1.50,1.50
2013.01.22 09:26:53.626,1.23651,1.23671,1.50,1.50
2013.01.22 09:26:53.986,1.23649,1.23669,1.50,1.50
2013.01.22 09:26:54.416,1.23666,1.23674,1.58,3.00
2013.01.22 09:26:54.491,1.23671,1.23682,1.50,2.25
2013.01.22 09:26:54.558,1.23671,1.23685,1.50,2.25
2013.01.22 09:26:55.106,1.23671,1.23689,1.50,1.50
2013.01.22 09:26:55.168,1.23671,1.2369,1.50,3.75
2013.01.22 09:26:55.716,1.23671,1.23691,1.50,2.25
2013.01.22 09:26:56.127,1.23674,1.23692,1.50,3.75
2013.01.22 09:26:56.485,1.23679,1.23692,1.50,1.50
2013.01.22 09:26:56.786,1.23686,1.23695,3.75,2.25
2013.01.22 09:26:57.266,1.23686,1.23697,1.50,1.88
2013.01.22 09:26:57.324,1.23686,1.23697,1.50,1.13
2013.01.22 09:26:57.445,1.23684,1.23696,1.50,1.13
2013.01.22 09:26:57.504,1.23684,1.23702,1.50,1.50
2013.01.22 09:26:58.907,1.23684,1.23702,2.25,1.50
2013.01.22 09:26:59.267,1.23693,1.23711,1.65,1.50
2013.01.22 09:26:59.805,1.23692,1.2371,3.00,1.50
2013.01.22 09:27:00.045,1.23693,1.2371,1.28,1.50
2013.01.22 09:27:00.606,1.23696,1.23711,1.50,1.50
2013.01.22 09:27:00.966,1.23696,1.23713,1.50,1.50
2013.01.22 09:27:01.086,1.23697,1.23713,5.25,1.50
2013.01.22 09:27:01.207,1.23701,1.23717,3.00,1.50
2013.01.22 09:27:01.267,1.23701,1.23719,3.23,1.50
2013.01.22 09:27:01.395,1.23704,1.23722,1.50,2.63
2013.01.22 09:27:01.637,1.23707,1.23722,2.10,1.13
2013.01.22 09:27:01.697,1.23707,1.23725,2.48,2.25
2013.01.22 09:27:02.062,1.2371,1.23732,1.50,1.13
2013.01.22 09:27:02.605,1.23709,1.23732,1.50,1.73
2013.01.22 09:27:02.906,1.23713,1.23732,1.50,1.35
2013.01.22 09:27:03.086,1.23716,1.23735,1.50,1.50
2013.01.22 09:27:03.446,1.23717,1.23736,1.73,1.50
2013.01.22 09:27:03.625,1.23718,1.23741,1.13,2.25
2013.01.22 09:27:03.985,1.23717,1.23743,1.73,1.88
2013.01.22 09:27:04.605,1.23718,1.23743,1.13,1.88
2013.01.22 09:27:05.146,1.23716,1.23743,3.60,5.63
2013.01.22 09:27:05.716,1.23718,1.23743,1.73,1.13
2013.01.22 09:27:05.955,1.23718,1.23744,1.73,2.25
2013.01.22 09:27:06.504,1.23718,1.23743,1.73,1.13
2013.01.22 09:27:07.615,1.23716,1.23741,2.48,1.13
2013.01.22 09:27:08.154,1.23714,1.23741,1.50,1.73
2013.01.22 09:27:10.135,1.23712,1.2374,1.35,1.13
2013.01.22 09:27:10.256,1.23712,1.2374,3.23,1.13
2013.01.22 09:27:13.501,1.23712,1.2374,1.50,1.50
2013.01.22 09:27:13.712,1.23711,1.23737,4.13,1.50
2013.01.22 09:27:15.155,1.23712,1.23737,1.13,1.50
2013.01.22 09:27:15.457,1.23715,1.23739,3.00,1.88
2013.01.22 09:27:15.815,1.23715,1.23733,2.25,1.50
2013.01.22 09:27:15.875,1.23713,1.23733,1.13,1.50
2013.01.22 09:27:17.165,1.23712,1.23733,1.50,1.50
2013.01.22 09:27:17.685,1.23712,1.23733,2.25,1.50
2013.01.22 09:27:17.985,1.23712,1.23733,1.50,1.50
2013.01.22 09:27:18.527,1.23714,1.23733,3.75,1.50
2013.01.22 09:27:19.075,1.23715,1.23734,1.50,1.50
2013.01.22 09:27:19.196,1.23714,1.23734,4.35,1.50
2013.01.22 09:27:19.316,1.23714,1.23732,1.50,1.50
2013.01.22 09:27:19.676,1.2371,1.2373,1.50,2.25
2013.01.22 09:27:20.225,1.2371,1.2373,2.40,3.23
2013.01.22 09:27:20.526,1.2371,1.23727,3.75,1.50
2013.01.22 09:27:20.835,1.2371,1.23727,1.50,1.50
2013.01.22 09:27:21.295,1.2371,1.23729,2.25,3.75
2013.01.22 09:27:21.477,1.2371,1.23729,2.25,1.50
2013.01.22 09:27:22.078,1.2371,1.23729,2.25,1.88
2013.01.22 09:27:22.196,1.23709,1.23728,2.85,1.88
2013.01.22 09:27:22.257,1.23709,1.23728,3.60,1.50
2013.01.22 09:27:22.435,1.23709,1.23725,3.00,1.50
2013.01.22 09:27:22.737,1.23709,1.23723,2.25,1.50
2013.01.22 09:27:22.797,1.23709,1.23725,2.25,1.50
2013.01.22 09:27:22.856,1.23711,1.23725,1.50,1.50
2013.01.22 09:27:23.035,1.23705,1.23723,1.50,1.50
2013.01.22 09:27:23.235,1.23706,1.23723,2.25,1.50
2013.01.22 09:27:23.536,1.23713,1.23726,1.65,1.50
2013.01.22 09:27:23.596,1.23713,1.23728,1.65,1.50
2013.01.22 09:27:23.657,1.23712,1.23726,2.25,1.50
2013.01.22 09:27:23.837,1.23708,1.23726,1.88,1.50
2013.01.22 09:27:23.956,1.23706,1.23724,1.88,1.50
2013.01.22 09:27:24.077,1.23704,1.23724,1.50,1.50
2013.01.22 09:27:24.136,1.23702,1.2372,2.25,1.50
2013.01.22 09:27:24.556,1.237,1.23717,1.50,1.50
2013.01.22 09:27:24.676,1.237,1.2372,2.25,3.00
2013.01.22 09:27:25.297,1.237,1.2372,2.25,1.50
2013.01.22 09:27:26.086,1.237,1.23717,1.50,3.00
2013.01.22 09:27:26.444,1.23699,1.23715,1.50,1.88
2013.01.22 09:27:26.987,1.23699,1.23715,1.50,1.88
2013.01.22 09:27:27.538,1.23699,1.23715,1.50,1.88
2013.01.22 09:27:28.054,1.23699,1.23714,1.50,2.63
2013.01.22 09:27:28.559,1.23698,1.23713,1.88,1.13
2013.01.22 09:27:29.105,1.23694,1.23714,2.25,1.88
2013.01.22 09:27:29.595,1.23691,1.23709,4.35,1.50
2013.01.22 09:27:29.775,1.23691,1.23709,3.00,1.50
2013.01.22 09:27:29.836,1.23692,1.23712,2.25,1.88
2013.01.22 09:27:31.245,1.23695,1.23712,2.25,1.88
2013.01.22 09:27:31.426,1.23696,1.23712,2.10,1.50
2013.01.22 09:27:31.965,1.23696,1.23714,2.10,3.00
2013.01.22 09:27:32.205,1.23696,1.23714,2.85,3.00
2013.01.22 09:27:32.627,1.23696,1.23716,3.60,3.38
2013.01.22 09:27:32.745,1.23698,1.23718,1.50,3.00
2013.01.22 09:27:33.094,1.23698,1.23718,6.00,3.00
2013.01.22 09:27:33.160,1.23698,1.23718,1.50,3.00
2013.01.22 09:27:33.677,1.23696,1.23713,2.25,1.50
2013.01.22 09:27:34.036,1.23696,1.23716,2.25,4.88
2013.01.22 09:27:34.397,1.23696,1.23715,2.25,1.50
2013.01.22 09:27:36.286,1.23696,1.23714,2.25,1.13
2013.01.22 09:27:36.586,1.23696,1.23716,2.25,1.50
2013.01.22 09:27:37.176,1.23696,1.23716,2.25,3.75
2013.01.22 09:27:37.486,1.23695,1.23713,2.25,1.50
2013.01.22 09:27:38.026,1.23695,1.23713,1.50,1.50
2013.01.22 09:27:38.484,1.23695,1.23713,1.50,2.25
2013.01.22 09:27:38.665,1.23689,1.23707,2.40,3.38
2013.01.22 09:27:38.726,1.23689,1.23707,1.65,3.53
2013.01.22 09:27:38.846,1.23689,1.23704,1.50,2.10
2013.01.22 09:27:39.205,1.23684,1.23694,1.50,1.50
2013.01.22 09:27:39.506,1.23684,1.23691,1.50,1.50
2013.01.22 09:27:39.865,1.23675,1.2369,3.00,1.50
2013.01.22 09:27:39.926,1.23666,1.23686,1.50,1.50
2013.01.22 09:27:40.046,1.23665,1.23683,1.50,1.50
2013.01.22 09:27:41.276,1.23667,1.23685,1.50,1.50
2013.01.22 09:27:42.159,1.23668,1.23685,2.85,1.50
2013.01.22 09:27:42.229,1.23671,1.23689,3.04,1.50
2013.01.22 09:27:42.357,1.23672,1.23692,4.13,1.50
2013.01.22 09:27:44.286,1.23674,1.23692,1.35,1.50
2013.01.22 09:27:45.125,1.23674,1.2369,1.35,1.50
2013.01.22 09:27:49.455,1.23673,1.2369,1.50,1.50
2013.01.22 09:27:53.975,1.23672,1.2369,1.88,1.50
2013.01.22 09:28:05.196,1.23673,1.2369,1.28,1.50
2013.01.22 09:28:06.006,1.23673,1.2369,1.28,1.50
2013.01.22 09:28:07.555,1.23673,1.23693,2.03,3.75
2013.01.22 09:28:09.765,1.23673,1.23693,4.73,2.25
2013.01.22 09:28:10.126,1.23681,1.23699,1.50,1.88
2013.01.22 09:28:10.636,1.2368,1.23698,1.50,1.50
2013.01.22 09:28:10.945,1.23679,1.23696,2.25,1.50
2013.01.22 09:28:11.495,1.23678,1.23696,1.88,1.50
2013.01.22 09:28:11.856,1.2368,1.23698,1.50,1.50
2013.01.22 09:28:23.236,1.2368,1.23698,3.75,1.50
2013.01.22 09:28:23.419,1.23684,1.23704,1.50,4.13
2013.01.22 09:28:23.487,1.23682,1.23702,1.50,3.00
2013.01.22 09:28:23.556,1.2368,1.237,3.00,1.50
2013.01.22 09:28:23.986,1.23682,1.23702,1.50,4.50
2013.01.22 09:28:24.307,1.23682,1.23701,1.50,2.25
2013.01.22 09:28:24.836,1.23681,1.23699,1.50,1.50
2013.01.22 09:28:30.439,1.23681,1.23699,2.25,1.50
2013.01.22 09:28:30.566,1.23681,1.23699,2.25,1.50
2013.01.22 09:28:30.628,1.23681,1.23699,1.50,1.50
2013.01.22 09:28:30.694,1.23681,1.23699,2.25,1.50
2013.01.22 09:28:30.878,1.23681,1.23699,2.25,1.50
2013.01.22 09:28:30.936,1.23681,1.23699,1.50,1.50
2013.01.22 09:28:31.304,1.23681,1.23697,1.50,1.50
2013.01.22 09:28:31.856,1.2368,1.23697,1.50,1.50
2013.01.22 09:28:32.168,1.23681,1.23699,1.50,1.50
2013.01.22 09:28:33.032,1.23678,1.23698,1.88,1.50
2013.01.22 09:28:35.956,1.23687,1.23698,1.50,1.50
2013.01.22 09:28:36.320,1.23692,1.23704,1.50,1.50
2013.01.22 09:28:36.706,1.23692,1.23707,1.50,1.13
2013.01.22 09:28:37.007,1.23689,1.23707,2.25,1.88
2013.01.22 09:28:37.188,1.23687,1.23705,1.88,1.50
2013.01.22 09:28:37.676,1.23689,1.23707,1.50,1.88
2013.01.22 09:28:38.168,1.23687,1.23705,1.88,1.50
2013.01.22 09:28:38.466,1.23689,1.23707,1.50,1.88
2013.01.22 09:28:42.977,1.23687,1.23705,1.50,1.50
2013.01.22 09:28:43.603,1.23686,1.23705,1.50,1.50
2013.01.22 09:28:43.669,1.23688,1.23706,1.50,1.50
2013.01.22 09:28:50.438,1.23685,1.23705,1.50,1.50
2013.01.22 09:28:50.497,1.23683,1.23701,3.38,1.50
2013.01.22 09:28:51.043,1.23682,1.237,1.13,1.50
2013.01.22 09:28:51.288,1.23685,1.23705,1.50,1.50
2013.01.22 09:28:51.776,1.23685,1.23705,3.00,1.50
2013.01.22 09:28:52.077,1.23689,1.23706,1.50,1.50
2013.01.22 09:28:52.643,1.23688,1.23706,1.50,1.50
2013.01.22 09:28:52.708,1.23689,1.23709,1.50,3.38
2013.01.22 09:28:53.268,1.23689,1.23709,3.75,1.88
2013.01.22 09:28:54.943,1.23689,1.23709,2.25,1.50
2013.01.22 09:28:55.380,1.23692,1.2371,1.50,1.50
2013.01.22 09:28:56.667,1.23693,1.2371,1.50,1.50
2013.01.22 09:28:56.728,1.23694,1.23714,1.50,2.25
2013.01.22 09:28:58.386,1.23694,1.2371,1.50,1.50
2013.01.22 09:28:59.025,1.23694,1.23714,1.50,3.00
2013.01.22 09:28:59.657,1.23698,1.23716,1.50,1.50
2013.01.22 09:28:59.966,1.23702,1.2372,1.50,1.50
2013.01.22 09:29:00.336,1.23704,1.23722,1.50,1.50
2013.01.22 09:29:00.889,1.23704,1.23724,1.50,3.94
2013.01.22 09:29:01.199,1.23711,1.23724,3.75,2.25
2013.01.22 09:29:01.747,1.23708,1.23725,2.48,1.50
2013.01.22 09:29:02.276,1.23708,1.23726,3.98,1.50
2013.01.22 09:29:02.458,1.2371,1.23728,2.25,1.50
2013.01.22 09:29:02.587,1.2371,1.23728,2.25,2.25
2013.01.22 09:29:02.778,1.2371,1.23728,3.75,2.25
2013.01.22 09:29:03.296,1.23712,1.2373,1.50,3.75
2013.01.22 09:29:03.805,1.23712,1.2373,1.50,3.75
2013.01.22 09:29:05.258,1.23714,1.2373,1.50,2.25
2013.01.22 09:29:05.807,1.23714,1.23729,1.50,1.50
2013.01.22 09:29:06.228,1.23716,1.23732,1.50,2.25
2013.01.22 09:29:06.548,1.2372,1.23736,1.50,2.25
2013.01.22 09:29:06.678,1.23723,1.2374,1.50,1.50
2013.01.22 09:29:06.747,1.23725,1.23743,1.50,2.25
2013.01.22 09:29:06.929,1.23722,1.23742,1.50,2.25
2013.01.22 09:29:07.456,1.23723,1.23742,1.50,2.25
2013.01.22 09:29:07.887,1.23725,1.23743,1.50,2.25
2013.01.22 09:29:08.428,1.23725,1.23743,1.50,1.50
2013.01.22 09:29:10.235,1.23727,1.23745,2.25,3.75
2013.01.22 09:29:10.777,1.23728,1.23748,2.48,1.50
2013.01.22 09:29:11.917,1.23729,1.23748,1.13,1.50
2013.01.22 09:29:12.358,1.23729,1.23748,1.88,1.50
2013.01.22 09:29:12.666,1.23735,1.23753,2.25,2.25
2013.01.22 09:29:13.255,1.23735,1.23753,2.25,1.50
2013.01.22 09:29:14.859,1.23735,1.23753,2.25,2.40
2013.01.22 09:29:15.230,1.23734,1.23744,1.28,1.50
2013.01.22 09:29:15.597,1.23731,1.23744,2.25,2.25
2013.01.22 09:29:15.955,1.23724,1.23744,1.88,2.25
2013.01.22 09:29:17.697,1.23724,1.23744,1.50,2.85
2013.01.22 09:29:17.936,1.23724,1.23744,2.25,2.85
2013.01.22 09:29:18.295,1.23723,1.23741,1.50,1.50
2013.01.22 09:29:18.598,1.23723,1.23741,1.50,2.25
2013.01.22 09:29:18.958,1.23723,1.23741,1.50,1.50
2013.01.22 09:29:19.258,1.23723,1.23741,2.25,2.10
2013.01.22 09:29:19.807,1.23726,1.23743,1.50,2.48
2013.01.22 09:29:19.926,1.23726,1.23744,1.50,2.25
2013.01.22 09:29:20.046,1.23728,1.23744,1.50,1.35
2013.01.22 09:29:20.587,1.23728,1.23745,1.50,1.88
2013.01.22 09:29:20.898,1.23731,1.23745,1.50,1.13
2013.01.22 09:29:24.201,1.23731,1.23746,1.50,3.23
2013.01.22 09:29:25.007,1.23728,1.23746,1.50,3.23
2013.01.22 09:29:25.547,1.23728,1.23747,1.50,1.50
2013.01.22 09:29:26.111,1.23728,1.23747,1.50,3.38
2013.01.22 09:29:26.668,1.23728,1.23746,1.50,2.48
2013.01.22 09:29:26.735,1.23728,1.23747,1.50,1.13
2013.01.22 09:29:29.695,1.23727,1.23745,1.50,1.50
2013.01.22 09:29:29.877,1.23729,1.23746,1.50,1.13
2013.01.22 09:29:30.546,1.23729,1.23747,1.50,4.88
2013.01.22 09:29:31.276,1.23729,1.23747,1.50,2.03
2013.01.22 09:29:32.446,1.23729,1.23747,1.65,2.03
2013.01.22 09:29:32.867,1.23729,1.23747,3.15,1.65
2013.01.22 09:29:34.786,1.23729,1.23747,2.25,1.65
2013.01.22 09:29:35.366,1.23728,1.23748,4.50,1.50
2013.01.22 09:29:38.317,1.23728,1.23748,3.08,3.00
2013.01.22 09:29:38.389,1.23728,1.23745,3.08,1.50
2013.01.22 09:29:41.228,1.23727,1.23745,2.33,1.50
2013.01.22 09:29:41.745,1.23726,1.23744,5.33,1.50
2013.01.22 09:29:42.047,1.23729,1.23744,2.25,1.50
2013.01.22 09:29:42.107,1.23729,1.23746,2.25,1.50
2013.01.22 09:29:42.167,1.23729,1.23748,2.25,2.40
2013.01.22 09:29:43.006,1.23728,1.23748,2.33,1.50
2013.01.22 09:29:43.429,1.23727,1.23745,1.95,1.50
2013.01.22 09:29:44.278,1.23727,1.23744,1.58,1.50
2013.01.22 09:29:44.635,1.23724,1.23742,1.58,1.50
2013.01.22 09:29:45.149,1.23724,1.23742,1.95,1.50
2013.01.22 09:29:45.540,1.23722,1.2374,3.08,1.50
2013.01.22 09:29:46.049,1.23722,1.2374,3.08,1.50
2013.01.22 09:29:47.127,1.23724,1.2374,1.20,1.50
2013.01.22 09:29:47.977,1.23723,1.2374,3.15,1.50
2013.01.22 09:29:51.046,1.23722,1.2374,2.40,1.50
2013.01.22 09:29:51.562,1.23723,1.2374,1.65,1.50
2013.01.22 09:29:52.637,1.23723,1.2374,1.65,1.50
2013.01.22 09:29:52.757,1.23721,1.23739,1.58,1.50
2013.01.22 09:29:52.936,1.23717,1.23736,4.88,1.50
2013.01.22 09:29:53.058,1.23717,1.23734,5.63,1.50
2013.01.22 09:29:53.367,1.23717,1.23734,1.13,1.50
2013.01.22 09:29:53.548,1.23715,1.23731,2.25,1.50
2013.01.22 09:29:53.667,1.23715,1.23731,1.50,1.50
2013.01.22 09:29:53.848,1.23712,1.23728,1.50,1.50
2013.01.22 09:29:54.156,1.23712,1.23726,1.50,1.50
2013.01.22 09:29:54.276,1.23709,1.23726,1.50,1.50
2013.01.22 09:29:55.252,1.2371,1.23728,2.25,1.50
2013.01.22 09:29:56.006,1.2371,1.23728,1.50,1.50
2013.01.22 09:30:00.088,1.23708,1.23726,1.88,1.50
2013.01.22 09:30:01.002,1.23706,1.23725,3.60,1.50
2013.01.22 09:30:01.357,1.23707,1.23727,1.73,1.50
2013.01.22 09:30:02.670,1.23707,1.23727,2.48,1.50
2013.01.22 09:30:03.195,1.23707,1.23727,2.25,1.50
2013.01.22 09:30:03.708,1.23707,1.23726,1.50,1.50
2013.01.22 09:30:04.291,1.23707,1.23726,2.10,1.50
2013.01.22 09:30:04.419,1.23706,1.23724,1.54,1.50
2013.01.22 09:30:04.489,1.23706,1.23726,3.04,1.50
2013.01.22 09:30:04.760,1.23706,1.23723,1.32,1.50
2013.01.22 09:30:06.721,1.23707,1.23725,1.50,1.50
2013.01.22 09:30:09.387,1.23709,1.23727,1.50,1.50
2013.01.22 09:30:10.307,1.23709,1.23727,3.00,1.50
2013.01.22 09:30:10.608,1.23727,1.23737,3.75,1.50
2013.01.22 09:30:10.968,1.23719,1.23733,1.13,1.50
2013.01.22 09:30:11.038,1.23718,1.23737,1.50,2.48
2013.01.22 09:30:11.526,1.23717,1.23737,1.73,2.63
2013.01.22 09:30:11.766,1.23717,1.23734,1.73,1.58
2013.01.22 09:30:11.886,1.23715,1.23734,1.50,1.58
2013.01.22 09:30:12.008,1.23714,1.23732,1.88,2.40
2013.01.22 09:30:12.068,1.23714,1.23732,1.50,2.40
2013.01.22 09:30:12.643,1.23714,1.23731,1.50,1.13
2013.01.22 09:30:12.845,1.23711,1.23726,1.13,1.50
2013.01.22 09:30:13.087,1.23707,1.23723,1.50,1.50
2013.01.22 09:30:13.338,1.23709,1.23723,2.25,1.50
2013.01.22 09:30:13.588,1.23707,1.23723,1.50,1.50
2013.01.22 09:30:14.447,1.23706,1.2372,2.63,1.50
2013.01.22 09:30:14.926,1.23704,1.2372,2.40,1.50
2013.01.22 09:30:14.986,1.23702,1.2372,4.39,1.50
2013.01.22 09:30:15.049,1.23702,1.23718,2.89,1.50
2013.01.22 09:30:15.358,1.237,1.23714,2.25,1.50
2013.01.22 09:30:15.628,1.23695,1.23714,1.92,1.50
2013.01.22 09:30:18.144,1.23695,1.23708,2.48,1.50
2013.01.22 09:30:18.208,1.23697,1.23716,1.50,3.00
2013.01.22 09:30:19.747,1.23698,1.23718,2.10,1.50
2013.01.22 09:30:20.167,1.237,1.2372,1.50,3.00
2013.01.22 09:30:20.739,1.237,1.2372,2.25,1.50
2013.01.22 09:30:21.243,1.237,1.2372,1.50,1.50
2013.01.22 09:30:21.732,1.23702,1.23722,1.50,1.50
2013.01.22 09:30:22.936,1.23703,1.23722,2.25,1.50
2013.01.22 09:30:23.237,1.23705,1.23723,1.50,1.50
2013.01.22 09:30:23.596,1.23707,1.23727,1.50,1.50
2013.01.22 09:30:23.827,1.23707,1.23721,1.50,1.88
2013.01.22 09:30:24.247,1.23705,1.23719,3.75,1.13
2013.01.22 09:30:24.487,1.23707,1.23721,1.50,1.50
2013.01.22 09:30:24.726,1.23707,1.23727,1.50,1.50
2013.01.22 09:30:26.193,1.23706,1.23724,1.50,1.50
2013.01.22 09:30:26.499,1.23708,1.23724,1.50,2.10
2013.01.22 09:30:26.808,1.23703,1.23717,2.25,1.50
2013.01.22 09:30:26.999,1.23703,1.2372,1.50,1.50
2013.01.22 09:30:27.427,1.23703,1.23716,1.50,1.50
2013.01.22 09:30:27.608,1.23702,1.23718,1.05,1.50
2013.01.22 09:30:27.666,1.23705,1.2372,1.50,4.50
2013.01.22 09:30:28.046,1.23705,1.23725,1.50,1.50
2013.01.22 09:30:28.867,1.23705,1.23725,1.88,1.50
2013.01.22 09:30:29.226,1.23726,1.23743,1.50,1.50
2013.01.22 09:30:29.347,1.23723,1.23741,2.25,1.88
2013.01.22 09:30:29.826,1.2372,1.2374,2.25,1.88
2013.01.22 09:30:30.907,1.23718,1.23738,2.85,1.50
2013.01.22 09:30:32.506,1.23717,1.23736,1.13,1.50
2013.01.22 09:30:32.746,1.23713,1.23731,1.73,1.50
2013.01.22 09:30:34.898,1.23715,1.23731,1.73,1.50
2013.01.22 09:30:35.020,1.23715,1.23732,1.73,1.50
2013.01.22 09:30:36.184,1.23716,1.2373,2.10,2.25
2013.01.22 09:30:36.427,1.23718,1.23728,1.50,1.50
2013.01.22 09:30:36.727,1.23718,1.23735,8.25,1.50
2013.01.22 09:30:36.787,1.23719,1.23733,1.50,1.50
2013.01.22 09:30:36.905,1.23718,1.23738,8.25,1.88
2013.01.22 09:30:37.386,1.23717,1.23735,3.08,1.50
2013.01.22 09:30:38.157,1.23716,1.23734,1.35,1.50
2013.01.22 09:30:38.516,1.23716,1.23732,1.35,1.50
2013.01.22 09:30:39.198,1.23716,1.23733,1.35,1.50
2013.01.22 09:30:39.556,1.23714,1.23731,2.48,1.50
2013.01.22 09:30:41.206,1.23714,1.23725,1.73,2.63
2013.01.22 09:30:41.350,1.23701,1.23717,2.25,1.50
2013.01.22 09:30:41.419,1.237,1.23707,1.73,1.50
2013.01.22 09:30:41.623,1.23691,1.23707,1.17,1.50
2013.01.22 09:30:41.760,1.23693,1.23708,1.50,1.50
2013.01.22 09:30:41.827,1.23693,1.23708,1.50,1.58
2013.01.22 09:30:42.066,1.23691,1.23706,1.54,1.53
2013.01.22 09:30:42.607,1.23688,1.23705,2.25,1.50
2013.01.22 09:30:43.146,1.23687,1.23705,3.75,1.50
2013.01.22 09:30:43.680,1.23687,1.23704,2.25,1.50
2013.01.22 09:30:44.436,1.23687,1.23701,1.50,1.50
2013.01.22 09:30:45.317,1.23688,1.23704,2.63,1.50
2013.01.22 09:30:45.856,1.23688,1.23705,1.54,1.50
2013.01.22 09:30:48.627,1.23688,1.23706,3.04,1.50
2013.01.22 09:30:50.506,1.2369,1.23706,1.50,1.50
2013.01.22 09:30:50.627,1.23691,1.23709,1.35,1.50
2013.01.22 09:30:50.746,1.23694,1.2371,1.13,3.00
2013.01.22 09:30:50.987,1.23694,1.23713,1.13,1.88
2013.01.22 09:30:51.050,1.23694,1.23711,1.13,2.63
2013.01.22 09:30:51.297,1.2369,1.23707,1.35,1.50
2013.01.22 09:30:51.497,1.23693,1.23709,4.13,1.50
2013.01.22 09:30:51.574,1.23693,1.23712,4.13,1.88
2013.01.22 09:30:51.640,1.23692,1.23712,2.25,3.00
2013.01.22 09:30:51.887,1.23688,1.23706,2.25,2.25
2013.01.22 09:30:52.066,1.23685,1.23699,1.35,1.50
2013.01.22 09:30:52.607,1.23684,1.23699,2.14,1.50
2013.01.22 09:30:53.407,1.23683,1.23698,1.50,1.50
2013.01.22 09:30:54.007,1.23683,1.23698,4.35,1.50
2013.01.22 09:30:54.367,1.23685,1.23701,4.50,1.50
2013.01.22 09:30:54.933,1.23687,1.23701,1.50,1.50
2013.01.22 09:30:55.547,1.23686,1.23701,1.50,1.50
2013.01.22 09:30:55.624,1.23689,1.23701,1.50,1.50
2013.01.22 09:30:55.760,1.23689,1.23705,2.10,1.50
2013.01.22 09:30:56.271,1.23689,1.23705,2.25,1.50
2013.01.22 09:30:57.530,1.23687,1.23705,3.38,1.50
2013.01.22 09:30:57.596,1.23687,1.23705,4.13,1.50
2013.01.22 09:30:57.956,1.23687,1.23698,1.13,1.50
2013.01.22 09:30:59.755,1.23684,1.23698,2.10,1.50
2013.01.22 09:31:00.566,1.23684,1.23698,1.35,1.50
2013.01.22 09:31:01.106,1.23683,1.23698,3.23,1.50
2013.01.22 09:31:01.166,1.23684,1.23698,2.10,1.50
2013.01.22 09:31:02.166,1.23684,1.237,2.85,1.50
2013.01.22 09:31:03.656,1.23685,1.23703,2.10,1.50
2013.01.22 09:31:04.456,1.23686,1.23703,1.13,1.50
2013.01.22 09:31:04.925,1.23688,1.23703,1.50,1.50
2013.01.22 09:31:05.736,1.23688,1.23703,2.25,1.50
2013.01.22 09:31:06.946,1.23686,1.23703,3.00,1.50
2013.01.22 09:31:07.128,1.23686,1.23699,3.00,1.50
2013.01.22 09:31:07.246,1.23685,1.23699,2.25,1.50
2013.01.22 09:31:07.569,1.23686,1.23702,1.35,1.50
2013.01.22 09:31:08.987,1.23684,1.237,1.50,1.50
2013.01.22 09:31:09.347,1.23683,1.23702,3.38,3.00
2013.01.22 09:31:09.405,1.23686,1.23702,1.50,3.00
2013.01.22 09:31:10.101,1.23686,1.237,1.50,1.50
2013.01.22 09:31:11.339,1.23684,1.237,1.50,1.88
2013.01.22 09:31:11.646,1.23682,1.23698,5.44,1.65
2013.01.22 09:31:12.307,1.23682,1.23698,5.59,1.50
2013.01.22 09:31:12.487,1.23684,1.23701,1.50,1.65
2013.01.22 09:31:12.845,1.23685,1.23699,1.50,1.50
2013.01.22 09:31:14.344,1.23685,1.23699,1.50,1.88
2013.01.22 09:31:14.646,1.23679,1.23695,1.13,3.00
2013.01.22 09:31:14.708,1.23677,1.23692,2.25,1.50
2013.01.22 09:31:14.837,1.23676,1.23692,3.75,1.50
2013.01.22 09:31:15.206,1.23677,1.2369,3.00,1.50
2013.01.22 09:31:15.506,1.23672,1.2369,2.01,3.00
2013.01.22 09:31:15.745,1.23674,1.23691,1.64,1.50
2013.01.22 09:31:16.286,1.23676,1.23691,1.50,1.65
2013.01.22 09:31:16.588,1.23674,1.23688,1.50,1.50
2013.01.22 09:31:17.578,1.23675,1.23688,2.10,1.50
2013.01.22 09:31:18.362,1.23676,1.2369,1.88,1.50
2013.01.22 09:31:18.496,1.23676,1.23692,1.88,1.50
2013.01.22 09:31:19.307,1.23677,1.23692,2.25,1.50
2013.01.22 09:31:19.426,1.23676,1.23692,1.88,1.50
2013.01.22 09:31:19.670,1.23675,1.23692,1.69,1.88
2013.01.22 09:31:20.339,1.23673,1.23691,2.24,3.38
2013.01.22 09:31:20.646,1.23673,1.23688,2.99,1.50
2013.01.22 09:31:22.068,1.23673,1.23688,3.60,1.50
2013.01.22 09:31:22.436,1.23677,1.23688,5.25,1.50
2013.01.22 09:31:22.736,1.23674,1.23688,1.35,1.50
2013.01.22 09:31:22.796,1.23673,1.2369,5.10,1.50
2013.01.22 09:31:23.396,1.23673,1.23689,1.13,1.50
2013.01.22 09:31:23.457,1.23673,1.23687,1.13,1.50
2013.01.22 09:31:23.818,1.23687,1.23697,5.45,2.48
2013.01.22 09:31:23.890,1.23689,1.23704,1.88,1.50
2013.01.22 09:31:24.017,1.23689,1.23707,1.88,2.48
2013.01.22 09:31:24.206,1.23686,1.23699,3.75,1.50
2013.01.22 09:31:24.576,1.23679,1.23699,3.00,1.50
2013.01.22 09:31:24.877,1.23679,1.23699,2.25,2.48
2013.01.22 09:31:25.248,1.23674,1.2369,1.50,1.73
2013.01.22 09:31:25.798,1.23679,1.2369,1.50,2.48
2013.01.22 09:31:25.860,1.23681,1.2369,1.35,1.50
2013.01.22 09:31:25.927,1.23681,1.2369,1.88,1.50
2013.01.22 09:31:26.227,1.23686,1.23699,3.00,1.50
2013.01.22 09:31:26.897,1.23686,1.23702,3.00,1.50
2013.01.22 09:31:27.400,1.23686,1.23702,1.50,1.50
2013.01.22 09:31:27.917,1.23686,1.23702,2.25,1.50
2013.01.22 09:31:27.977,1.23688,1.23704,1.50,1.50
2013.01.22 09:31:28.110,1.23691,1.23708,1.50,2.25
2013.01.22 09:31:28.178,1.23691,1.23709,1.50,1.50
2013.01.22 09:31:28.566,1.23688,1.23708,3.75,1.50
2013.01.22 09:31:29.226,1.23688,1.23708,2.25,1.50
2013.01.22 09:31:33.171,1.2369,1.2371,2.25,1.50
2013.01.22 09:31:35.047,1.23692,1.23711,1.50,1.50
2013.01.22 09:31:35.348,1.23694,1.23714,1.50,2.25
2013.01.22 09:31:35.706,1.23711,1.23716,1.35,1.69
2013.01.22 09:31:35.949,1.23711,1.23719,2.85,2.59
2013.01.22 09:31:36.078,1.23711,1.23719,2.85,2.40
2013.01.22 09:31:36.461,1.23712,1.23727,1.50,1.50
2013.01.22 09:31:36.926,1.23711,1.23728,3.60,2.63
2013.01.22 09:31:38.706,1.23711,1.23728,3.60,3.38
2013.01.22 09:31:39.008,1.23721,1.23729,1.88,2.25
2013.01.22 09:31:39.067,1.23722,1.23737,2.25,1.50
2013.01.22 09:31:40.166,1.23724,1.23737,1.50,1.50
2013.01.22 09:31:40.492,1.23724,1.2374,1.50,1.50
2013.01.22 09:31:40.556,1.23724,1.23742,1.50,2.25
2013.01.22 09:31:41.756,1.23729,1.23742,2.63,1.50
2013.01.22 09:31:42.058,1.23731,1.23749,1.88,5.95
2013.01.22 09:31:42.187,1.23731,1.23748,1.50,1.65
2013.01.22 09:31:42.367,1.23731,1.23747,2.25,1.73
2013.01.22 09:31:42.546,1.2373,1.23739,1.50,1.50
2013.01.22 09:31:42.608,1.2373,1.23742,1.50,1.73
2013.01.22 09:31:43.148,1.2373,1.23742,1.50,1.73
2013.01.22 09:31:43.207,1.23727,1.23742,1.13,1.73
2013.01.22 09:31:43.268,1.23727,1.23742,1.13,1.73
2013.01.22 09:31:43.391,1.23727,1.23742,1.13,1.65
2013.01.22 09:31:44.003,1.23726,1.23741,1.13,1.73
2013.01.22 09:31:44.310,1.23723,1.23741,2.63,1.65
2013.01.22 09:31:44.377,1.23723,1.23741,2.63,2.48
2013.01.22 09:31:44.737,1.23723,1.23737,2.25,1.73
2013.01.22 09:31:45.053,1.23721,1.23728,1.50,1.50
2013.01.22 09:31:45.122,1.23715,1.23728,2.25,1.50
2013.01.22 09:31:45.189,1.23715,1.23728,1.50,1.50
2013.01.22 09:31:45.258,1.23715,1.23731,1.50,1.50
2013.01.22 09:31:45.757,1.2371,1.23728,2.25,1.50
2013.01.22 09:31:46.299,1.2371,1.23728,2.25,1.50
2013.01.22 09:31:47.206,1.23712,1.2373,2.25,1.50
2013.01.22 09:31:47.907,1.23709,1.23729,2.25,1.50
2013.01.22 09:31:48.027,1.23709,1.23729,1.50,1.50
2013.01.22 09:31:48.146,1.23708,1.23726,1.50,2.44
2013.01.22 09:31:48.447,1.23704,1.23718,1.50,1.50
2013.01.22 09:31:48.507,1.23697,1.23715,1.88,1.50
2013.01.22 09:31:48.567,1.23697,1.23715,1.88,1.73
2013.01.22 09:31:48.927,1.23695,1.23709,2.25,1.73
2013.01.22 09:31:48.987,1.23689,1.23709,2.25,1.73
2013.01.22 09:31:49.106,1.23689,1.23709,2.25,1.73
2013.01.22 09:31:49.648,1.23687,1.23703,1.88,1.50
2013.01.22 09:31:49.720,1.23687,1.23703,1.13,1.50
2013.01.22 09:31:49.789,1.23684,1.23701,1.35,1.50
2013.01.22 09:31:49.917,1.23683,1.23701,1.88,1.50
2013.01.22 09:31:50.496,1.23681,1.23697,6.00,1.50
2013.01.22 09:31:50.617,1.23677,1.23697,2.10,1.50
2013.01.22 09:31:50.677,1.23676,1.23691,1.50,1.50
2013.01.22 09:31:50.856,1.23676,1.23694,1.50,1.50
2013.01.22 09:31:51.218,1.23676,1.23698,1.50,1.50
2013.01.22 09:31:51.287,1.23669,1.23697,3.27,1.88
2013.01.22 09:31:51.976,1.23669,1.23697,1.35,1.13
2013.01.22 09:31:52.396,1.23681,1.23701,2.25,1.73
2013.01.22 09:31:52.517,1.23685,1.23705,1.73,1.13
2013.01.22 09:31:52.576,1.23687,1.23705,1.50,1.13
2013.01.22 09:31:52.888,1.23701,1.23711,1.88,1.88
2013.01.22 09:31:52.958,1.237,1.23717,1.50,1.13
2013.01.22 09:31:53.028,1.23696,1.23719,6.75,1.50
2013.01.22 09:31:53.496,1.23696,1.23719,3.98,1.50
2013.01.22 09:31:53.741,1.23696,1.23719,3.75,1.50
2013.01.22 09:31:53.809,1.23695,1.23727,2.07,2.25
2013.01.22 09:31:54.057,1.23695,1.23727,2.07,2.63
2013.01.22 09:31:54.416,1.23697,1.2372,1.50,1.20
2013.01.22 09:31:54.476,1.23697,1.2372,1.50,1.20
2013.01.22 09:31:54.956,1.23705,1.23719,2.55,2.40
2013.01.22 09:31:55.224,1.23711,1.23723,1.88,1.80
2013.01.22 09:31:55.830,1.23712,1.23728,1.65,1.13
2013.01.22 09:31:58.227,1.23716,1.23731,1.50,3.00
2013.01.22 09:31:58.288,1.23716,1.23732,2.10,1.13
2013.01.22 09:31:58.348,1.23716,1.23736,2.85,1.13
2013.01.22 09:31:58.466,1.23716,1.23738,2.85,3.00
2013.01.22 09:31:59.029,1.23716,1.23738,1.50,1.50
2013.01.22 09:31:59.576,1.23715,1.23738,1.50,1.50
2013.01.22 09:32:00.117,1.23714,1.23736,1.13,1.13
2013.01.22 09:32:01.217,1.23715,1.23741,1.50,4.35
2013.01.22 09:32:01.740,1.23713,1.23741,1.50,4.35
2013.01.22 09:32:01.988,1.23709,1.23737,1.13,1.13
2013.01.22 09:32:02.506,1.23705,1.23736,1.88,2.48
2013.01.22 09:32:02.567,1.23705,1.23734,1.88,3.75
2013.01.22 09:32:02.870,1.23705,1.23732,1.88,1.73
2013.01.22 09:32:03.180,1.23723,1.2374,6.75,1.95
2013.01.22 09:32:03.308,1.2371,1.23736,1.50,2.25
2013.01.22 09:32:03.727,1.23711,1.23733,1.13,1.50
2013.01.22 09:32:04.087,1.23711,1.23729,2.63,1.50
2013.01.22 09:32:04.507,1.23708,1.23728,2.25,1.50
2013.01.22 09:32:04.926,1.23706,1.23726,2.25,1.50
2013.01.22 09:32:07.897,1.23709,1.23727,1.50,1.50
2013.01.22 09:32:08.719,1.23709,1.23717,1.50,2.10
2013.01.22 09:32:09.056,1.23711,1.23729,3.00,1.88
2013.01.22 09:32:09.535,1.23712,1.2373,1.50,1.50
2013.01.22 09:32:11.006,1.23712,1.23722,1.50,1.13
2013.01.22 09:32:11.187,1.23707,1.23716,1.50,3.00
2013.01.22 09:32:11.247,1.23703,1.23715,2.25,1.50
2013.01.22 09:32:11.373,1.23703,1.23714,1.50,2.10
2013.01.22 09:32:11.677,1.23689,1.23707,3.00,1.50
2013.01.22 09:32:11.750,1.23691,1.23709,2.25,1.50
2013.01.22 09:32:11.816,1.23691,1.23709,2.25,1.50
2013.01.22 09:32:12.496,1.23691,1.23706,2.25,2.10
2013.01.22 09:32:12.684,1.23689,1.23705,1.50,2.10
2013.01.22 09:32:12.806,1.23686,1.23703,1.50,1.50
2013.01.22 09:32:13.166,1.23685,1.237,1.13,1.50
2013.01.22 09:32:13.488,1.23685,1.23698,1.13,1.50
2013.01.22 09:32:13.847,1.23688,1.23697,1.50,2.25
2013.01.22 09:32:14.207,1.23689,1.23696,2.85,1.50
2013.01.22 09:32:14.326,1.23691,1.23708,2.48,1.50
2013.01.22 09:32:14.688,1.23691,1.23708,4.35,1.50
2013.01.22 09:32:14.986,1.23695,1.23712,1.50,1.50
2013.01.22 09:32:15.346,1.23697,1.23714,1.35,1.50
2013.01.22 09:32:15.467,1.23694,1.23712,3.38,1.50
2013.01.22 09:32:15.708,1.23695,1.23714,1.50,2.85
2013.01.22 09:32:15.778,1.23695,1.23713,1.50,1.35
2013.01.22 09:32:16.147,1.23695,1.23713,1.50,1.35
2013.01.22 09:32:16.696,1.23694,1.23712,1.50,2.25
2013.01.22 09:32:17.057,1.23696,1.23714,1.50,4.50
2013.01.22 09:32:17.359,1.237,1.23714,1.50,1.50
2013.01.22 09:32:18.337,1.237,1.23711,1.50,4.50
2013.01.22 09:32:18.696,1.23697,1.2371,2.10,2.25
2013.01.22 09:32:19.045,1.23699,1.23711,2.10,2.25
2013.01.22 09:32:19.226,1.23699,1.23713,1.50,1.09
2013.01.22 09:32:19.347,1.23704,1.23714,2.10,2.25
2013.01.22 09:32:19.646,1.23712,1.23725,1.50,1.50
2013.01.22 09:32:19.827,1.23712,1.2373,2.63,1.50
2013.01.22 09:32:20.401,1.23713,1.23731,1.88,1.50
2013.01.22 09:32:21.996,1.2371,1.2373,2.25,1.50
2013.01.22 09:32:22.747,1.2371,1.23729,1.50,1.50
2013.01.22 09:32:22.807,1.23709,1.23727,2.25,1.50
2013.01.22 09:32:23.636,1.23709,1.23721,2.25,2.10
2013.01.22 09:32:23.887,1.23702,1.23718,2.63,4.50
2013.01.22 09:32:23.947,1.23702,1.23715,2.63,2.25
2013.01.22 09:32:24.796,1.23697,1.23715,1.50,3.23
2013.01.22 09:32:25.307,1.23696,1.23714,1.50,1.50
2013.01.22 09:32:25.370,1.23696,1.23714,2.10,1.50
2013.01.22 09:32:26.773,1.237,1.23714,1.50,1.50
2013.01.22 09:32:28.056,1.23701,1.23714,2.10,1.50
2013.01.22 09:32:28.359,1.23701,1.23716,2.85,1.88
2013.01.22 09:32:28.969,1.23705,1.23719,1.50,1.50
2013.01.22 09:32:29.474,1.23709,1.2372,2.25,1.50
2013.01.22 09:32:29.597,1.23709,1.23727,2.25,1.50
2013.01.22 09:32:29.837,1.23711,1.23729,2.25,1.50
2013.01.22 09:32:30.376,1.23712,1.23731,1.50,1.35
2013.01.22 09:32:30.957,1.23712,1.23732,3.38,2.10
2013.01.22 09:32:31.286,1.23714,1.23733,1.50,1.35
2013.01.22 09:32:31.789,1.23714,1.23733,2.25,1.35
2013.01.22 09:32:33.513,1.23714,1.23732,2.25,4.50
2013.01.22 09:32:33.817,1.23714,1.23734,2.25,3.38
2013.01.22 09:32:34.512,1.23717,1.23735,1.50,3.60
2013.01.22 09:32:35.039,1.23717,1.23734,2.25,1.73
2013.01.22 09:32:37.519,1.23717,1.23732,2.25,1.32
2013.01.22 09:32:37.647,1.23714,1.23728,1.50,2.63
2013.01.22 09:32:37.706,1.23712,1.23728,1.88,1.88
2013.01.22 09:32:38.237,1.23711,1.23728,2.25,2.63
2013.01.22 09:32:39.157,1.23712,1.23727,1.50,2.40
2013.01.22 09:32:39.217,1.23715,1.23727,1.50,2.40
2013.01.22 09:32:39.519,1.23709,1.23717,3.15,3.60
2013.01.22 09:32:39.587,1.23708,1.23716,3.38,1.50
2013.01.22 09:32:40.006,1.23704,1.23719,1.35,2.25
2013.01.22 09:32:40.147,1.23707,1.23722,1.73,2.25
2013.01.22 09:32:40.208,1.23709,1.23722,2.25,1.50
2013.01.22 09:32:40.869,1.23709,1.23727,2.25,3.00
2013.01.22 09:32:41.058,1.23712,1.2373,1.50,2.25
2013.01.22 09:32:41.179,1.23712,1.2373,1.50,2.63
2013.01.22 09:32:41.497,1.23704,1.23715,1.50,2.63
2013.01.22 09:32:41.856,1.23703,1.23708,2.25,1.50
2013.01.22 09:32:42.121,1.23701,1.23707,1.50,1.50
2013.01.22 09:32:42.368,1.23699,1.23707,2.63,2.25
2013.01.22 09:32:42.617,1.23694,1.23703,1.50,1.69
2013.01.22 09:32:42.678,1.23686,1.23703,4.88,1.69
2013.01.22 09:32:43.046,1.23686,1.23702,1.13,2.25
2013.01.22 09:32:43.286,1.23682,1.23702,3.38,2.44
2013.01.22 09:32:43.466,1.23682,1.23702,2.63,2.25
2013.01.22 09:32:44.616,1.23682,1.237,1.13,2.25
2013.01.22 09:32:44.918,1.23689,1.23704,1.50,1.13
2013.01.22 09:32:45.037,1.23689,1.23706,2.25,1.50
2013.01.22 09:32:45.097,1.23691,1.2371,1.50,2.10
2013.01.22 09:32:45.697,1.23691,1.23711,2.25,2.25
2013.01.22 09:32:45.999,1.2369,1.23705,2.25,1.88
2013.01.22 09:32:46.068,1.23687,1.23705,2.25,2.63
2013.01.22 09:32:46.804,1.23689,1.23705,1.50,1.13
2013.01.22 09:32:47.359,1.23688,1.23705,2.25,1.13
2013.01.22 09:32:47.787,1.23687,1.23705,2.44,1.50
2013.01.22 09:32:47.906,1.23689,1.23707,2.25,1.50
2013.01.22 09:32:48.328,1.23694,1.23708,2.63,1.50
2013.01.22 09:32:48.637,1.23695,1.23715,1.50,3.04
2013.01.22 09:32:48.906,1.23695,1.23715,1.50,2.85
2013.01.22 09:32:49.149,1.23695,1.23715,2.25,1.50
2013.01.22 09:32:49.887,1.23695,1.23715,2.25,1.88
2013.01.22 09:32:50.375,1.23695,1.23715,1.50,2.82
2013.01.22 09:32:50.947,1.23695,1.23715,2.25,2.59
2013.01.22 09:32:52.152,1.23697,1.23715,1.50,2.59
2013.01.22 09:32:55.836,1.23698,1.23715,1.50,1.13
2013.01.22 09:32:56.136,1.23694,1.23712,1.13,2.25
2013.01.22 09:32:56.257,1.23693,1.23711,2.25,1.13
2013.01.22 09:32:56.797,1.23692,1.23711,2.25,1.13
2013.01.22 09:32:57.432,1.23692,1.23711,2.25,1.13
2013.01.22 09:33:02.226,1.23692,1.23712,2.25,3.00
2013.01.22 09:33:03.636,1.23692,1.23712,2.25,2.25
2013.01.22 09:33:04.439,1.23692,1.23712,2.25,3.75
2013.01.22 09:33:05.007,1.23692,1.23712,2.25,2.25
2013.01.22 09:33:06.086,1.23697,1.23713,1.50,5.63
2013.01.22 09:33:06.387,1.23689,1.23706,2.25,1.13
2013.01.22 09:33:06.507,1.23689,1.23707,2.25,5.03
2013.01.22 09:33:07.756,1.23689,1.23706,2.25,1.50
2013.01.22 09:33:08.296,1.23688,1.23705,1.50,2.40
2013.01.22 09:33:08.867,1.23687,1.23705,2.25,2.40
2013.01.22 09:33:11.306,1.23685,1.23704,1.50,2.40
2013.01.22 09:33:11.737,1.23686,1.23704,1.50,2.40
2013.01.22 09:33:16.782,1.237,1.23708,2.25,2.44
2013.01.22 09:33:16.860,1.237,1.2371,1.50,1.50
2013.01.22 09:33:16.927,1.237,1.23711,1.50,3.00
2013.01.22 09:33:17.597,1.23703,1.23719,1.13,2.63
2013.01.22 09:33:18.088,1.23703,1.23722,2.78,2.40
2013.01.22 09:33:19.236,1.23705,1.23723,1.50,6.00
2013.01.22 09:33:19.476,1.23702,1.23722,1.88,4.13
2013.01.22 09:33:20.108,1.23702,1.23722,1.50,3.98
2013.01.22 09:33:20.906,1.23702,1.2372,1.50,2.25
2013.01.22 09:33:20.966,1.23702,1.23721,1.50,2.10
2013.01.22 09:33:22.147,1.23705,1.23721,1.50,2.10
2013.01.22 09:33:22.627,1.23703,1.23721,1.50,2.10
2013.01.22 09:33:22.747,1.23703,1.2372,1.50,1.54
2013.01.22 09:33:23.067,1.23703,1.23716,1.50,1.50
2013.01.22 09:33:23.697,1.23702,1.23716,1.50,1.50
2013.01.22 09:33:23.817,1.23702,1.23721,1.50,3.04
2013.01.22 09:33:24.076,1.23704,1.2372,1.50,1.50
2013.01.22 09:33:24.376,1.23701,1.23721,1.50,3.00
2013.01.22 09:33:24.436,1.23701,1.23721,2.25,2.85
2013.01.22 09:33:24.798,1.23713,1.23731,1.50,1.50
2013.01.22 09:33:24.918,1.23714,1.23732,1.13,2.25
2013.01.22 09:33:27.920,1.23715,1.23732,1.50,2.25
2013.01.22 09:33:27.988,1.2372,1.23732,1.73,2.25
2013.01.22 09:33:30.603,1.23704,1.23721,1.50,2.25
2013.01.22 09:33:30.671,1.23701,1.23721,2.25,3.75
2013.01.22 09:33:30.930,1.23707,1.23721,1.73,3.00
2013.01.22 09:33:31.307,1.23719,1.23735,2.25,1.13
2013.01.22 09:33:31.426,1.2372,1.23737,2.25,1.50
2013.01.22 09:33:31.582,1.2372,1.23739,2.25,3.75
2013.01.22 09:33:31.827,1.23723,1.23741,1.50,2.25
2013.01.22 09:33:32.097,1.23724,1.23743,1.50,2.25
2013.01.22 09:33:32.396,1.23722,1.23739,1.50,1.50
2013.01.22 09:33:32.756,1.23718,1.23737,1.35,1.50
2013.01.22 09:33:33.136,1.23719,1.23739,2.25,1.50
2013.01.22 09:33:35.395,1.23722,1.2374,2.25,2.25
2013.01.22 09:33:35.882,1.23723,1.2374,1.13,2.25
2013.01.22 09:33:36.196,1.23726,1.23744,1.50,2.63
2013.01.22 09:33:36.498,1.23726,1.23744,1.50,2.25
2013.01.22 09:33:38.137,1.23726,1.23744,1.50,2.44
2013.01.22 09:33:39.742,1.23727,1.23744,1.50,2.25
2013.01.22 09:33:40.446,1.23727,1.23744,1.50,2.25
2013.01.22 09:33:41.918,1.23727,1.23747,2.63,3.00
2013.01.22 09:33:42.397,1.23733,1.23747,1.13,2.25
2013.01.22 09:33:42.950,1.23733,1.23748,1.50,2.48
2013.01.22 09:33:43.279,1.23733,1.23746,1.50,1.50
2013.01.22 09:33:44.259,1.23733,1.23748,1.50,2.48
2013.01.22 09:33:45.071,1.23733,1.23748,1.50,2.48
2013.01.22 09:33:45.317,1.23732,1.23743,4.50,1.50
2013.01.22 09:33:45.437,1.23729,1.23743,1.13,1.50
2013.01.22 09:33:45.557,1.23729,1.23745,1.13,1.50
2013.01.22 09:33:46.066,1.23727,1.23746,1.50,1.50
2013.01.22 09:33:47.206,1.23726,1.23746,3.38,1.50
2013.01.22 09:33:47.777,1.23726,1.23746,4.50,2.25
2013.01.22 09:33:48.077,1.23726,1.23745,3.38,1.35
2013.01.22 09:33:49.181,1.23726,1.23745,3.38,1.35
2013.01.22 09:33:51.607,1.23723,1.23741,3.38,2.25
2013.01.22 09:33:52.217,1.23721,1.2374,1.13,1.50
2013.01.22 09:33:52.756,1.23721,1.2374,1.50,1.50
2013.01.22 09:33:53.307,1.23723,1.23741,1.88,1.50
2013.01.22 09:33:53.815,1.2372,1.2374,1.88,1.50
2013.01.22 09:33:54.307,1.2372,1.2374,3.38,1.50
2013.01.22 09:33:54.368,1.23723,1.23741,1.50,1.50
2013.01.22 09:33:54.669,1.23724,1.23744,2.63,2.85
2013.01.22 09:33:55.229,1.23726,1.23744,2.25,1.35
2013.01.22 09:33:56.427,1.23725,1.23742,1.50,1.50
2013.01.22 09:33:56.787,1.23725,1.23742,1.88,3.15
2013.01.22 09:33:58.226,1.23725,1.23742,1.13,3.75
2013.01.22 09:33:58.287,1.23725,1.23742,1.13,2.25
2013.01.22 09:33:58.827,1.23728,1.23745,1.88,2.10
2013.01.22 09:33:59.127,1.23728,1.23747,2.63,1.13
2013.01.22 09:33:59.666,1.23728,1.23748,2.63,3.23
2013.01.22 09:34:00.278,1.23728,1.23747,1.88,1.50
2013.01.22 09:34:00.807,1.23727,1.23746,1.88,2.25
2013.01.22 09:34:01.057,1.2373,1.23746,1.50,1.50
2013.01.22 09:34:02.247,1.23728,1.23744,1.13,1.50
2013.01.22 09:34:02.836,1.23726,1.23744,3.38,1.50
2013.01.22 09:34:03.767,1.23727,1.23745,2.25,1.50
2013.01.22 09:34:04.319,1.23727,1.23745,3.75,2.25
2013.01.22 09:34:06.377,1.23727,1.23745,2.25,2.25
2013.01.22 09:34:06.977,1.23727,1.23745,2.25,2.25
2013.01.22 09:34:07.587,1.23727,1.23744,2.25,2.63
2013.01.22 09:34:07.707,1.23727,1.23743,2.25,2.48
2013.01.22 09:34:08.096,1.23727,1.23744,2.25,1.88
2013.01.22 09:34:08.157,1.23726,1.23741,2.63,1.50
2013.01.22 09:34:08.219,1.23727,1.23747,1.50,2.25
2013.01.22 09:34:08.480,1.23727,1.23747,1.50,2.25
2013.01.22 09:34:09.036,1.23727,1.23747,2.25,2.25
2013.01.22 09:34:09.216,1.23733,1.23749,1.50,4.88
2013.01.22 09:34:09.457,1.23736,1.23752,1.50,1.88
2013.01.22 09:34:09.530,1.23738,1.23752,1.50,1.88
2013.01.22 09:34:10.079,1.23738,1.23752,1.50,1.13
2013.01.22 09:34:14.777,1.23733,1.23751,2.25,1.50
2013.01.22 09:34:14.837,1.23733,1.23741,1.50,1.88
2013.01.22 09:34:14.957,1.23731,1.23736,1.50,2.25
2013.01.22 09:34:15.084,1.23731,1.23741,1.50,2.07
2013.01.22 09:34:15.154,1.23731,1.23741,1.50,1.13
2013.01.22 09:34:15.353,1.23731,1.2374,1.50,2.25
2013.01.22 09:34:15.537,1.23725,1.2374,1.50,2.25
2013.01.22 09:34:15.598,1.2372,1.23738,3.75,1.50
2013.01.22 09:34:15.968,1.2372,1.23738,2.25,1.50
2013.01.22 09:34:17.594,1.2372,1.23738,3.38,1.50
2013.01.22 09:34:18.064,1.23726,1.23742,2.25,1.50
2013.01.22 09:34:18.138,1.23727,1.23745,3.75,1.88
2013.01.22 09:34:18.615,1.23729,1.23747,1.50,1.50
2013.01.22 09:34:18.760,1.2373,1.23747,1.88,1.50
2013.01.22 09:34:19.009,1.23733,1.2375,1.88,2.25
2013.01.22 09:34:19.079,1.23735,1.23755,2.63,3.04
2013.01.22 09:34:19.747,1.23741,1.23757,1.50,1.69
2013.01.22 09:34:20.422,1.23741,1.2375,1.50,1.13
2013.01.22 09:34:20.728,1.23735,1.23748,1.13,1.88
2013.01.22 09:34:20.799,1.23735,1.23748,1.79,1.88
2013.01.22 09:34:21.263,1.23733,1.23748,1.13,1.13
2013.01.22 09:34:21.637,1.23731,1.23744,1.50,1.50
2013.01.22 09:34:22.062,1.23728,1.23744,1.88,1.50
2013.01.22 09:34:22.246,1.23728,1.23744,1.50,1.69
2013.01.22 09:34:23.478,1.23728,1.23743,1.13,1.50
2013.01.22 09:34:24.028,1.23726,1.23743,10.50,1.50
2013.01.22 09:34:24.577,1.23726,1.23744,3.00,2.44
2013.01.22 09:34:25.118,1.23722,1.23741,10.99,1.50
2013.01.22 09:34:25.727,1.23722,1.23741,10.24,3.00
2013.01.22 09:34:27.081,1.23725,1.23741,1.05,3.00
2013.01.22 09:34:27.148,1.23728,1.23741,1.50,3.00
2013.01.22 09:34:27.937,1.23726,1.23741,2.10,3.00
2013.01.22 09:34:28.438,1.23725,1.23741,5.10,2.25
2013.01.22 09:34:28.986,1.23725,1.23744,5.63,3.00
2013.01.22 09:34:29.837,1.23726,1.23744,3.00,1.50
2013.01.22 09:34:30.019,1.23726,1.23744,3.00,1.50
2013.01.22 09:34:30.758,1.23728,1.23743,1.50,1.50
2013.01.22 09:34:31.267,1.23727,1.23743,2.25,1.50
2013.01.22 09:34:33.350,1.23727,1.23743,3.00,1.50
2013.01.22 09:34:33.540,1.23728,1.23743,1.88,1.50
2013.01.22 09:34:33.847,1.23729,1.23743,2.07,1.50
2013.01.22 09:34:34.401,1.23729,1.23747,3.57,1.88
2013.01.22 09:34:34.838,1.23729,1.23747,3.57,1.13
2013.01.22 09:34:35.092,1.23729,1.23749,4.92,4.28
2013.01.22 09:34:37.975,1.23729,1.23748,2.82,2.63
2013.01.22 09:34:38.517,1.23729,1.23748,2.82,1.13
2013.01.22 09:34:38.637,1.23732,1.23749,1.50,4.28
2013.01.22 09:34:38.770,1.23732,1.23749,2.25,3.15
2013.01.22 09:34:38.841,1.23734,1.23749,1.73,3.15
2013.01.22 09:34:39.147,1.23744,1.2375,1.50,2.25
2013.01.22 09:34:40.067,1.23746,1.23762,1.50,1.13
2013.01.22 09:34:40.768,1.23746,1.23762,3.38,1.88
2013.01.22 09:34:41.079,1.23751,1.23762,1.50,1.13
2013.01.22 09:34:41.157,1.23751,1.23765,2.25,1.50
2013.01.22 09:34:41.430,1.23751,1.23768,2.25,3.75
2013.01.22 09:34:41.498,1.23753,1.23768,1.50,2.63
2013.01.22 09:34:41.620,1.23757,1.23768,1.50,1.65
2013.01.22 09:34:41.927,1.23756,1.23772,2.25,1.65
2013.01.22 09:34:42.178,1.23754,1.23769,3.75,1.13
2013.01.22 09:34:44.364,1.23752,1.23768,1.50,1.09
2013.01.22 09:34:45.340,1.23751,1.23769,2.25,1.50
2013.01.22 09:34:45.720,1.23755,1.23768,1.50,1.88
2013.01.22 09:34:45.789,1.23753,1.23765,1.50,1.32
2013.01.22 09:34:45.858,1.23751,1.23765,1.50,1.32
2013.01.22 09:34:46.338,1.23751,1.23762,1.50,2.85
2013.01.22 09:34:46.649,1.23751,1.23764,1.50,2.85
2013.01.22 09:34:47.121,1.23747,1.23762,1.50,1.35
2013.01.22 09:34:47.195,1.23747,1.23762,1.50,2.25
2013.01.22 09:34:47.262,1.23745,1.23762,1.50,2.25
2013.01.22 09:34:47.780,1.23745,1.23762,1.50,2.25
2013.01.22 09:34:47.847,1.23745,1.23763,1.50,3.00
2013.01.22 09:34:48.398,1.23746,1.23764,1.50,3.15
2013.01.22 09:34:48.457,1.2375,1.23764,1.50,3.15
2013.01.22 09:34:48.518,1.23748,1.23764,3.00,3.15
2013.01.22 09:34:49.067,1.23749,1.23764,1.50,1.13
2013.01.22 09:34:50.346,1.23747,1.23765,3.00,1.13
2013.01.22 09:34:51.842,1.23747,1.23764,1.50,2.10
2013.01.22 09:34:51.978,1.23747,1.23762,1.50,2.25
2013.01.22 09:34:52.479,1.23746,1.23762,1.50,2.25
2013.01.22 09:34:55.865,1.23749,1.23762,1.50,2.25
2013.01.22 09:34:55.937,1.23746,1.23762,1.50,2.25
2013.01.22 09:34:56.376,1.23742,1.23762,1.88,3.75
2013.01.22 09:34:56.617,1.23745,1.23762,1.50,2.25
2013.01.22 09:34:58.287,1.23745,1.23762,2.63,2.25
2013.01.22 09:34:58.408,1.23748,1.23763,3.00,1.50
2013.01.22 09:34:58.588,1.2375,1.23765,1.50,1.65
2013.01.22 09:34:58.948,1.23747,1.23766,1.50,1.65
2013.01.22 09:35:00.296,1.23747,1.23767,1.50,1.88
2013.01.22 09:35:02.350,1.23749,1.23769,1.50,5.67
2013.01.22 09:35:02.988,1.23749,1.23769,2.63,4.17
2013.01.22 09:35:03.349,1.23754,1.23769,1.50,2.03
2013.01.22 09:35:05.427,1.23752,1.23769,1.50,1.65
2013.01.22 09:35:06.505,1.23752,1.23769,1.50,1.65
2013.01.22 09:35:07.408,1.23752,1.23769,1.50,1.65
2013.01.22 09:35:07.946,1.23749,1.23769,3.00,3.15
2013.01.22 09:35:08.797,1.23751,1.23769,1.50,1.65
2013.01.22 09:35:09.623,1.23756,1.23769,1.50,1.50
2013.01.22 09:35:09.706,1.23759,1.23774,1.50,1.50
2013.01.22 09:35:09.841,1.23757,1.23776,3.00,1.50
2013.01.22 09:35:09.909,1.23757,1.23776,1.50,2.25
2013.01.22 09:35:09.981,1.23758,1.23776,1.88,1.50
2013.01.22 09:35:10.107,1.23758,1.23776,1.88,2.25
2013.01.22 09:35:10.238,1.23762,1.23777,1.50,1.50
2013.01.22 09:35:10.657,1.23765,1.23779,1.50,1.50
2013.01.22 09:35:10.718,1.23765,1.23783,1.50,2.10
2013.01.22 09:35:10.777,1.23761,1.23768,1.13,1.50
2013.01.22 09:35:11.028,1.23758,1.23776,2.25,4.50
2013.01.22 09:35:11.277,1.23762,1.23777,1.50,3.00
2013.01.22 09:35:11.816,1.23763,1.23777,1.50,3.75
2013.01.22 09:35:12.247,1.23765,1.23777,1.50,3.75
2013.01.22 09:35:12.670,1.23763,1.23777,1.50,3.75
2013.01.22 09:35:13.066,1.23763,1.23776,1.50,4.50
2013.01.22 09:35:13.201,1.23763,1.23777,1.50,4.50
2013.01.22 09:35:13.747,1.23762,1.23777,1.50,3.75
2013.01.22 09:35:14.018,1.23762,1.23777,1.50,4.50
2013.01.22 09:35:14.137,1.23762,1.23777,1.50,3.75
2013.01.22 09:35:14.198,1.2376,1.23777,1.50,3.75
2013.01.22 09:35:15.200,1.2376,1.23773,1.50,3.75
2013.01.22 09:35:15.566,1.2376,1.23776,1.50,3.75
2013.01.22 09:35:19.044,1.2376,1.23777,3.00,2.25
2013.01.22 09:35:19.377,1.2376,1.23776,2.40,2.25
2013.01.22 09:35:19.736,1.23764,1.2378,1.50,1.50
2013.01.22 09:35:20.259,1.23766,1.23781,1.88,1.50
2013.01.22 09:35:20.326,1.23766,1.23784,1.88,4.50
2013.01.22 09:35:21.222,1.23768,1.23786,1.50,3.00
2013.01.22 09:35:21.726,1.23769,1.23786,1.50,1.65
2013.01.22 09:35:22.447,1.23768,1.23787,1.50,3.04
2013.01.22 09:35:22.817,1.23767,1.23787,2.25,3.04
2013.01.22 09:35:23.366,1.23767,1.23787,1.50,3.79
2013.01.22 09:35:24.266,1.23766,1.23784,2.63,2.44
2013.01.22 09:35:28.398,1.23766,1.23784,3.00,2.25
2013.01.22 09:35:29.468,1.23769,1.23784,1.50,2.25
2013.01.22 09:35:29.887,1.23768,1.23786,2.25,2.25
2013.01.22 09:35:30.433,1.23768,1.23786,1.50,3.00
2013.01.22 09:35:32.487,1.23768,1.23786,1.79,3.00
2013.01.22 09:35:33.027,1.23768,1.23786,1.88,3.00
2013.01.22 09:35:33.222,1.23768,1.23786,2.63,3.15
2013.01.22 09:35:33.872,1.2377,1.23788,1.50,2.22
2013.01.22 09:35:34.206,1.23773,1.23788,1.88,1.28
2013.01.22 09:35:34.756,1.23773,1.23789,2.63,1.13
2013.01.22 09:35:35.286,1.23773,1.23789,2.63,1.13
2013.01.22 09:35:35.347,1.23773,1.23791,2.63,1.50
2013.01.22 09:35:35.707,1.23779,1.23794,1.50,1.35
2013.01.22 09:35:36.878,1.23781,1.23796,2.25,1.50
2013.01.22 09:35:37.236,1.23785,1.23799,1.50,1.50
2013.01.22 09:35:37.538,1.23786,1.238,1.79,2.25
2013.01.22 09:35:40.530,1.2379,1.23803,2.40,1.50
2013.01.22 09:35:40.781,1.23789,1.23805,2.25,2.85
2013.01.22 09:35:40.907,1.23788,1.23805,2.25,2.10
2013.01.22 09:35:41.348,1.23788,1.23805,2.63,2.10
2013.01.22 09:35:41.668,1.23789,1.23808,2.25,5.25
2013.01.22 09:35:42.207,1.2379,1.23807,1.50,1.50
2013.01.22 09:35:42.527,1.23788,1.23804,1.50,1.35
2013.01.22 09:35:42.743,1.23786,1.23804,3.00,3.04
2013.01.22 09:35:43.439,1.23786,1.23804,1.50,2.44
2013.01.22 09:35:44.617,1.23786,1.23802,2.25,1.50
2013.01.22 09:35:46.057,1.23787,1.23801,2.25,1.50
2013.01.22 09:35:46.418,1.23787,1.23798,1.50,1.50
2013.01.22 09:35:46.546,1.2378,1.23798,1.50,2.25
2013.01.22 09:35:46.668,1.23779,1.23797,1.50,3.15
2013.01.22 09:35:46.998,1.23776,1.23791,2.25,2.25
2013.01.22 09:35:47.418,1.23775,1.23791,1.50,2.25
2013.01.22 09:35:49.168,1.23775,1.2379,1.50,1.13
2013.01.22 09:35:49.479,1.23773,1.23787,1.50,5.03
2013.01.22 09:35:49.716,1.23769,1.23785,2.25,1.35
2013.01.22 09:35:50.197,1.23765,1.23784,1.13,3.60
2013.01.22 09:35:50.259,1.23764,1.23784,3.00,4.35
2013.01.22 09:35:50.838,1.23764,1.23784,2.25,4.35
2013.01.22 09:35:51.420,1.23764,1.23784,2.63,6.75
2013.01.22 09:35:51.506,1.23764,1.23784,2.25,4.50
2013.01.22 09:35:52.009,1.23765,1.23784,1.50,4.50
2013.01.22 09:35:52.368,1.23767,1.23785,1.50,2.25
2013.01.22 09:35:52.917,1.23767,1.23785,1.50,4.50
2013.01.22 09:35:53.036,1.23767,1.23787,1.50,3.94
2013.01.22 09:35:53.157,1.23767,1.23787,2.25,4.50
2013.01.22 09:35:53.710,1.2377,1.23787,2.25,5.40
2013.01.22 09:35:55.577,1.23768,1.23786,2.25,2.25
2013.01.22 09:35:56.476,1.23768,1.23786,2.25,1.50
2013.01.22 09:35:56.656,1.23769,1.23789,2.85,4.50
2013.01.22 09:35:56.719,1.23776,1.23789,1.50,1.50
2013.01.22 09:35:57.040,1.23778,1.23798,1.88,2.25
2013.01.22 09:35:57.108,1.23778,1.23798,1.88,1.50
2013.01.22 09:35:57.578,1.23782,1.23802,1.50,3.19
2013.01.22 09:35:58.377,1.23781,1.23799,1.50,1.50
2013.01.22 09:36:00.098,1.23783,1.23801,1.50,2.25
2013.01.22 09:36:00.727,1.23783,1.23801,1.50,2.25
2013.01.22 09:36:01.254,1.23784,1.23803,1.50,1.69
2013.01.22 09:36:01.617,1.23785,1.23802,1.50,1.50
2013.01.22 09:36:01.796,1.23782,1.23802,1.50,3.00
2013.01.22 09:36:01.857,1.23785,1.23802,1.50,1.50
2013.01.22 09:36:02.675,1.23789,1.23801,1.50,1.50
2013.01.22 09:36:03.212,1.2379,1.23807,1.50,1.50
2013.01.22 09:36:03.717,1.23789,1.23805,1.50,1.50
2013.01.22 09:36:04.737,1.23789,1.23806,1.50,3.34
2013.01.22 09:36:08.246,1.23794,1.23806,1.50,3.19
2013.01.22 09:36:09.236,1.23788,1.23806,2.22,3.75
2013.01.22 09:36:09.297,1.23788,1.23806,1.88,3.75
2013.01.22 09:36:09.987,1.23788,1.23806,2.25,2.85
2013.01.22 09:36:10.288,1.23788,1.23806,1.88,1.65
2013.01.22 09:36:10.838,1.2379,1.23807,1.50,1.88
2013.01.22 09:36:11.347,1.23791,1.23806,1.88,1.50
2013.01.22 09:36:12.217,1.23791,1.23807,3.31,2.25
2013.01.22 09:36:12.519,1.23791,1.23807,2.59,6.00
2013.01.22 09:36:13.077,1.23788,1.23807,2.25,6.00
2013.01.22 09:36:13.857,1.23791,1.23807,3.75,2.25
2013.01.22 09:36:14.659,1.23792,1.23808,1.13,4.13
2013.01.22 09:36:14.740,1.23791,1.23809,3.00,5.67
2013.01.22 09:36:15.107,1.23792,1.23809,1.13,1.69
2013.01.22 09:36:15.468,1.238,1.23808,1.50,1.50
2013.01.22 09:36:15.528,1.238,1.23818,1.50,3.90
2013.01.22 09:36:17.225,1.238,1.23818,2.25,2.40
2013.01.22 09:36:20.946,1.23799,1.23816,2.25,2.85
2013.01.22 09:36:21.487,1.23799,1.23814,2.25,1.50
2013.01.22 09:36:21.667,1.23799,1.23811,1.50,1.50
2013.01.22 09:36:21.787,1.23796,1.23811,1.50,1.50
2013.01.22 09:36:21.968,1.23793,1.23811,4.43,3.00
2013.01.22 09:36:22.027,1.23793,1.2381,2.93,4.50
2013.01.22 09:36:22.146,1.23792,1.2381,2.18,6.60
2013.01.22 09:36:22.711,1.23791,1.23808,1.13,2.25
2013.01.22 09:36:24.417,1.23788,1.23808,3.57,2.25
2013.01.22 09:36:25.567,1.2379,1.23808,2.63,7.50
2013.01.22 09:36:25.806,1.2379,1.23806,1.13,1.50
2013.01.22 09:36:26.288,1.23788,1.23806,2.25,2.25
2013.01.22 09:36:26.417,1.23788,1.23806,2.25,1.50
2013.01.22 09:36:27.272,1.23792,1.2381,2.44,2.25
2013.01.22 09:36:27.338,1.23792,1.2381,1.69,2.25
2013.01.22 09:36:27.517,1.23798,1.23816,1.50,2.25
2013.01.22 09:36:27.847,1.23793,1.23815,1.50,1.50
2013.01.22 09:36:27.919,1.23796,1.238,3.00,1.50
2013.01.22 09:36:27.987,1.23793,1.23799,3.00,4.50
2013.01.22 09:36:28.168,1.23795,1.23805,1.50,2.63
2013.01.22 09:36:28.227,1.2379,1.23801,2.25,5.25
2013.01.22 09:36:28.468,1.23782,1.23792,10.13,1.65
2013.01.22 09:36:29.099,1.23782,1.2379,1.88,1.50
2013.01.22 09:36:29.167,1.23775,1.2379,2.78,1.50
2013.01.22 09:36:29.468,1.23775,1.2379,2.03,1.50
2013.01.22 09:36:31.038,1.23782,1.23793,1.50,1.50
2013.01.22 09:36:31.098,1.23783,1.238,1.50,1.88
2013.01.22 09:36:31.229,1.23787,1.23802,1.50,1.73
2013.01.22 09:36:31.776,1.23785,1.23801,2.25,1.13
2013.01.22 09:36:32.278,1.23785,1.23802,2.25,3.00
2013.01.22 09:36:32.698,1.23785,1.238,2.25,1.13
2013.01.22 09:36:32.878,1.23781,1.23797,2.25,2.40
2013.01.22 09:36:32.998,1.23781,1.23797,2.40,2.40
2013.01.22 09:36:33.408,1.23784,1.238,1.50,4.50
2013.01.22 09:36:33.587,1.23785,1.23802,1.28,2.25
2013.01.22 09:36:34.006,1.23785,1.23802,2.78,1.50
2013.01.22 09:36:34.558,1.23786,1.23802,1.50,2.03
2013.01.22 09:36:35.089,1.23781,1.23799,1.50,3.38
2013.01.22 09:36:35.637,1.23781,1.23799,3.00,2.63
2013.01.22 09:36:36.056,1.23784,1.23801,1.50,2.03
2013.01.22 09:36:36.576,1.23784,1.23802,2.25,5.03
2013.01.22 09:36:37.217,1.23784,1.23802,2.25,4.65
2013.01.22 09:36:37.338,1.23784,1.23801,2.25,1.28
2013.01.22 09:36:37.639,1.23781,1.23796,1.50,1.17
2013.01.22 09:36:37.947,1.23777,1.23791,1.50,2.85
2013.01.22 09:36:38.514,1.23773,1.2379,1.50,1.50
2013.01.22 09:36:38.794,1.23773,1.2379,1.50,1.50
2013.01.22 09:36:38.918,1.2377,1.23783,2.25,1.65
2013.01.22 09:36:39.469,1.23767,1.23785,1.50,3.75
2013.01.22 09:36:40.077,1.2377,1.23786,2.25,2.63
2013.01.22 09:36:40.627,1.23767,1.23784,1.50,3.15
2013.01.22 09:36:41.047,1.23764,1.2378,1.50,1.13
2013.01.22 09:36:41.407,1.23762,1.23777,1.13,3.38
2013.01.22 09:36:41.467,1.23756,1.23775,1.50,1.09
2013.01.22 09:36:41.588,1.23756,1.23773,2.25,1.50
2013.01.22 09:36:41.707,1.23753,1.23771,2.25,2.25
2013.01.22 09:36:42.967,1.23753,1.23771,1.50,2.25
2013.01.22 09:36:43.751,1.23753,1.23771,1.50,2.25
2013.01.22 09:36:45.557,1.23753,1.23771,1.50,2.25
2013.01.22 09:36:45.687,1.2375,1.2377,2.25,2.25
2013.01.22 09:36:48.917,1.23753,1.23771,1.50,1.50
2013.01.22 09:36:54.236,1.23755,1.23771,1.50,1.50
2013.01.22 09:36:54.783,1.23755,1.2377,1.50,1.50
2013.01.22 09:36:55.557,1.23752,1.2377,1.50,1.50
2013.01.22 09:36:57.807,1.23753,1.23773,1.50,1.50
2013.01.22 09:36:59.529,1.23753,1.23765,1.50,2.10
2013.01.22 09:36:59.598,1.23748,1.23761,1.35,2.25
2013.01.22 09:37:00.138,1.23751,1.23761,1.50,1.50
2013.01.22 09:37:00.257,1.23753,1.23773,1.50,1.88
2013.01.22 09:37:00.797,1.23753,1.23773,2.25,1.50
2013.01.22 09:37:01.407,1.23753,1.23773,3.45,1.50
2013.01.22 09:37:01.728,1.23755,1.23773,2.48,1.50
2013.01.22 09:37:01.994,1.23757,1.23775,1.88,3.00
2013.01.22 09:37:06.456,1.23757,1.23775,3.38,1.50
2013.01.22 09:37:07.298,1.23757,1.23775,2.63,1.50
2013.01.22 09:37:07.827,1.23759,1.23777,1.50,1.50
2013.01.22 09:37:11.707,1.23761,1.23779,1.50,5.25
2013.01.22 09:37:12.147,1.23764,1.23782,1.50,3.00
2013.01.22 09:37:12.448,1.23765,1.23784,1.50,1.50
2013.01.22 09:37:12.999,1.23765,1.23785,1.50,1.50
2013.01.22 09:37:13.706,1.23769,1.23787,1.88,3.00
2013.01.22 09:37:14.007,1.23778,1.23793,1.50,2.25
2013.01.22 09:37:14.186,1.23772,1.2379,2.25,3.00
2013.01.22 09:37:14.247,1.2378,1.2379,1.50,1.50
2013.01.22 09:37:14.367,1.2378,1.23794,1.50,1.88
2013.01.22 09:37:14.926,1.2378,1.23795,1.50,1.50
2013.01.22 09:37:15.188,1.2378,1.23794,1.50,1.13
2013.01.22 09:37:15.619,1.2378,1.23796,1.50,2.40
2013.01.22 09:37:15.753,1.2378,1.23797,1.50,2.29
2013.01.22 09:37:15.821,1.23783,1.238,1.50,3.75
2013.01.22 09:37:16.377,1.23782,1.238,1.50,2.10
2013.01.22 09:37:19.857,1.23785,1.23802,1.50,1.88
2013.01.22 09:37:20.037,1.23787,1.23805,1.50,1.50
2013.01.22 09:37:28.567,1.23787,1.23805,1.88,1.50
2013.01.22 09:37:28.686,1.2379,1.23807,1.50,1.50
2013.01.22 09:37:28.867,1.2379,1.23807,1.50,3.00
2013.01.22 09:37:29.426,1.23789,1.23807,1.13,2.85
2013.01.22 09:37:29.606,1.23789,1.23807,1.13,2.85
2013.01.22 09:37:30.157,1.23789,1.23807,1.13,2.10
2013.01.22 09:37:30.482,1.23788,1.23807,2.25,2.10
2013.01.22 09:37:37.761,1.23788,1.23805,2.25,1.50
2013.01.22 09:37:38.006,1.23784,1.23802,1.50,2.25
2013.01.22 09:37:40.649,1.23784,1.23801,2.25,1.13
2013.01.22 09:37:41.067,1.23782,1.23799,2.63,1.50
2013.01.22 09:37:41.667,1.23782,1.23801,2.63,1.13
2013.01.22 09:37:42.430,1.23783,1.23801,1.50,1.13
2013.01.22 09:37:42.497,1.23782,1.238,2.25,1.13
2013.01.22 09:37:42.560,1.23781,1.238,2.25,2.25
2013.01.22 09:37:42.688,1.23781,1.23796,2.25,1.50
2013.01.22 09:37:42.807,1.23781,1.23796,2.25,1.50
2013.01.22 09:37:43.288,1.23781,1.23799,2.25,1.50
2013.01.22 09:37:44.596,1.23779,1.23797,3.38,1.50
2013.01.22 09:37:45.617,1.23781,1.23799,3.00,3.00
2013.01.22 09:37:46.118,1.23782,1.238,1.50,1.50
2013.01.22 09:37:47.768,1.23782,1.238,3.00,1.05
2013.01.22 09:37:48.149,1.23788,1.23802,1.73,1.80
2013.01.22 09:37:48.458,1.23798,1.23804,1.50,1.50
2013.01.22 09:37:48.579,1.23799,1.23804,2.25,1.50
2013.01.22 09:37:48.828,1.23799,1.23806,2.25,1.65
2013.01.22 09:37:49.070,1.23799,1.2381,1.50,2.25
2013.01.22 09:37:49.139,1.23799,1.2381,1.50,1.50
2013.01.22 09:37:49.268,1.23802,1.23811,1.50,1.50
2013.01.22 09:37:49.388,1.23802,1.23816,1.50,2.25
2013.01.22 09:37:49.508,1.23804,1.23816,1.50,1.50
2013.01.22 09:37:49.821,1.23804,1.23816,1.50,1.50
2013.01.22 09:37:50.147,1.23805,1.23817,1.50,1.50
2013.01.22 09:37:50.207,1.23805,1.23819,1.50,1.50
2013.01.22 09:37:50.268,1.23805,1.2382,1.50,1.73
2013.01.22 09:37:51.413,1.23804,1.23819,1.88,1.50
2013.01.22 09:37:51.906,1.23806,1.23819,1.50,1.50
2013.01.22 09:37:51.968,1.23806,1.23822,2.10,3.00
2013.01.22 09:37:52.040,1.23809,1.23822,1.50,3.00
2013.01.22 09:37:52.478,1.23812,1.23822,1.50,1.50
2013.01.22 09:37:52.628,1.23812,1.23829,1.50,1.95
2013.01.22 09:37:53.407,1.23812,1.23828,1.50,1.50
2013.01.22 09:37:53.603,1.23812,1.23829,1.50,1.95
2013.01.22 09:37:54.266,1.23814,1.23829,1.50,1.20
2013.01.22 09:37:55.219,1.23813,1.2383,1.50,1.20
2013.01.22 09:37:55.408,1.23814,1.2383,1.50,1.20
2013.01.22 09:37:55.707,1.23816,1.23832,1.88,1.95
2013.01.22 09:37:55.767,1.23816,1.23832,1.50,1.58
2013.01.22 09:37:56.930,1.23814,1.23832,2.25,2.33
2013.01.22 09:37:57.127,1.23814,1.23832,2.63,2.33
2013.01.22 09:37:57.188,1.23814,1.23831,2.25,1.58
2013.01.22 09:37:57.726,1.23814,1.23831,2.25,1.58
2013.01.22 09:37:58.325,1.23814,1.23831,2.25,1.58
2013.01.22 09:37:58.863,1.23814,1.23831,2.25,1.58
2013.01.22 09:37:59.408,1.23814,1.2383,2.25,1.95
2013.01.22 09:37:59.948,1.2381,1.23828,2.40,1.88
2013.01.22 09:38:00.488,1.2381,1.23828,2.40,2.07
2013.01.22 09:38:00.668,1.2381,1.23827,2.25,2.10
2013.01.22 09:38:01.319,1.23806,1.23823,1.50,1.69
2013.01.22 09:38:01.650,1.23804,1.23819,1.50,1.65
2013.01.22 09:38:01.958,1.23804,1.23815,1.50,1.50
2013.01.22 09:38:02.031,1.23799,1.23815,1.50,2.25
2013.01.22 09:38:02.106,1.23797,1.23815,2.25,2.25
2013.01.22 09:38:02.806,1.23797,1.23815,2.25,2.25
2013.01.22 09:38:03.046,1.23797,1.23815,1.50,2.25
2013.01.22 09:38:03.467,1.23797,1.23815,2.25,2.25
2013.01.22 09:38:04.006,1.23797,1.23815,1.50,2.25
2013.01.22 09:38:04.677,1.23797,1.23814,2.25,1.50
2013.01.22 09:38:05.337,1.23795,1.23813,2.25,2.25
2013.01.22 09:38:07.408,1.23793,1.2381,1.73,2.25
2013.01.22 09:38:09.087,1.23791,1.23808,1.88,1.50
2013.01.22 09:38:09.268,1.23791,1.23808,1.13,1.50
2013.01.22 09:38:11.443,1.23792,1.2381,1.50,2.55
2013.01.22 09:38:11.581,1.23797,1.2381,1.50,2.55
2013.01.22 09:38:11.887,1.23808,1.23823,2.25,2.33
2013.01.22 09:38:11.947,1.23808,1.23827,2.25,1.50
2013.01.22 09:38:12.068,1.23815,1.23829,1.35,2.63
2013.01.22 09:38:12.247,1.23821,1.23837,2.25,2.25
2013.01.22 09:38:12.307,1.23822,1.2384,1.50,3.45
2013.01.22 09:38:13.358,1.23822,1.2384,5.25,2.25
2013.01.22 09:38:13.899,1.23819,1.23839,1.50,1.50
2013.01.22 09:38:13.958,1.23818,1.23836,1.50,1.50
2013.01.22 09:38:15.927,1.23818,1.23836,1.50,2.40
2013.01.22 09:38:16.287,1.23814,1.23831,2.25,2.10
2013.01.22 09:38:16.410,1.2381,1.23828,7.13,2.10
2013.01.22 09:38:16.717,1.2381,1.23824,1.13,1.50
2013.01.22 09:38:17.396,1.23807,1.23824,1.13,1.50
2013.01.22 09:38:17.517,1.23808,1.23824,4.50,1.50
2013.01.22 09:38:17.762,1.23807,1.23824,1.13,1.50
2013.01.22 09:38:18.666,1.23805,1.23822,1.13,1.50
2013.01.22 09:38:19.546,1.23807,1.23824,1.88,1.50
2013.01.22 09:38:19.607,1.23807,1.23827,1.88,1.50
2013.01.22 09:38:20.296,1.23809,1.23829,1.50,2.25
2013.01.22 09:38:21.126,1.23809,1.23827,1.50,2.25
2013.01.22 09:38:21.436,1.23817,1.2383,1.50,1.50
2013.01.22 09:38:21.738,1.23823,1.23831,1.13,1.50
2013.01.22 09:38:22.097,1.23827,1.23832,1.50,1.13
2013.01.22 09:38:22.598,1.23826,1.23834,1.50,1.13
2013.01.22 09:38:22.728,1.23826,1.23843,1.50,2.25
2013.01.22 09:38:22.907,1.23826,1.23843,1.50,2.10
2013.01.22 09:38:23.028,1.23826,1.23843,1.50,2.10
2013.01.22 09:38:23.088,1.23824,1.23841,2.25,2.25
2013.01.22 09:38:23.449,1.23821,1.23836,1.50,2.85
2013.01.22 09:38:23.752,1.23816,1.23834,2.25,1.50
2013.01.22 09:38:23.881,1.23816,1.23834,1.50,1.50
2013.01.22 09:38:24.613,1.23816,1.23833,1.50,2.25
2013.01.22 09:38:24.701,1.23811,1.23829,2.25,1.50
2013.01.22 09:38:25.212,1.23811,1.23831,2.25,3.38
2013.01.22 09:38:25.820,1.23813,1.23831,2.25,3.00
2013.01.22 09:38:26.372,1.23813,1.23831,1.50,1.50
2013.01.22 09:38:26.738,1.23813,1.23831,2.25,1.50
2013.01.22 09:38:26.920,1.23815,1.23833,2.25,1.50
2013.01.22 09:38:29.096,1.23815,1.23833,2.25,1.50
2013.01.22 09:38:29.707,1.23815,1.23833,1.50,1.50
2013.01.22 09:38:30.957,1.23815,1.23833,1.50,1.88
2013.01.22 09:38:31.378,1.2381,1.23829,1.50,1.50
2013.01.22 09:38:31.937,1.23809,1.23829,1.50,1.50
2013.01.22 09:38:31.998,1.23822,1.23829,2.25,1.50
2013.01.22 09:38:32.059,1.23822,1.23833,3.75,2.25
2013.01.22 09:38:32.308,1.2382,1.23832,1.50,1.50
2013.01.22 09:38:32.367,1.23816,1.23832,1.13,1.50
2013.01.22 09:38:32.549,1.23821,1.23834,1.88,1.50
2013.01.22 09:38:32.619,1.23821,1.23834,1.50,1.50
2013.01.22 09:38:32.688,1.23816,1.23834,1.88,1.50
2013.01.22 09:38:32.808,1.23822,1.23836,1.50,1.50
2013.01.22 09:38:32.868,1.23815,1.23835,1.50,1.50
2013.01.22 09:38:33.488,1.23815,1.23835,1.50,2.25
2013.01.22 09:38:34.030,1.23815,1.23831,1.50,2.25
2013.01.22 09:38:34.098,1.23815,1.23833,1.50,2.25
2013.01.22 09:38:34.158,1.2381,1.23828,1.50,1.50
2013.01.22 09:38:36.780,1.2381,1.23828,3.00,1.50
2013.01.22 09:38:37.030,1.23819,1.23835,3.38,2.25
2013.01.22 09:38:37.097,1.23818,1.23835,1.73,1.50
2013.01.22 09:38:37.219,1.23817,1.23835,1.50,1.50
2013.01.22 09:38:37.286,1.23817,1.23835,1.88,1.50
2013.01.22 09:38:37.347,1.23822,1.23838,2.63,2.63
2013.01.22 09:38:37.587,1.23817,1.23835,3.00,1.50
2013.01.22 09:38:37.648,1.23817,1.23835,2.25,1.50
2013.01.22 09:38:37.708,1.23814,1.23834,1.88,1.50
2013.01.22 09:38:37.767,1.23817,1.23835,1.50,1.50
2013.01.22 09:38:38.076,1.23815,1.23833,1.88,1.50
2013.01.22 09:38:43.678,1.23815,1.23833,3.75,1.50
2013.01.22 09:38:43.737,1.23817,1.23835,1.50,1.50
2013.01.22 09:38:45.807,1.23814,1.23834,1.50,1.50
2013.01.22 09:38:50.518,1.23816,1.23835,1.50,1.50
2013.01.22 09:38:51.049,1.23816,1.23836,1.50,1.50
2013.01.22 09:38:51.421,1.23816,1.23835,1.50,2.25
2013.01.22 09:38:52.178,1.23814,1.23832,1.50,1.50
2013.01.22 09:38:54.338,1.23814,1.2383,1.50,1.50
2013.01.22 09:38:54.759,1.2381,1.2383,2.85,1.50
2013.01.22 09:38:55.097,1.2381,1.23829,2.85,1.13
2013.01.22 09:38:55.403,1.23809,1.23827,2.25,1.88
2013.01.22 09:38:55.528,1.23807,1.23823,2.25,2.25
2013.01.22 09:38:55.586,1.23804,1.23822,1.13,2.25
2013.01.22 09:38:55.707,1.23806,1.23822,1.35,2.25
2013.01.22 09:38:56.009,1.23804,1.23822,3.38,1.88
2013.01.22 09:38:56.137,1.23804,1.23822,1.88,1.88
2013.01.22 09:38:56.561,1.23806,1.23822,1.50,1.88
2013.01.22 09:38:56.809,1.23809,1.23826,1.50,1.50
2013.01.22 09:38:56.998,1.23807,1.23825,2.25,1.50
2013.01.22 09:38:57.427,1.23808,1.23823,2.93,1.50
2013.01.22 09:38:57.549,1.23806,1.23823,1.13,1.50
2013.01.22 09:38:58.847,1.23807,1.23823,1.50,1.50
2013.01.22 09:38:59.448,1.23806,1.23823,1.13,1.65
2013.01.22 09:38:59.995,1.23805,1.23822,1.50,1.50
2013.01.22 09:39:00.958,1.23802,1.23822,4.69,3.00
2013.01.22 09:39:01.018,1.23802,1.23822,3.75,3.00
2013.01.22 09:39:01.080,1.23802,1.23818,3.75,1.50
2013.01.22 09:39:01.269,1.238,1.23817,1.65,1.13
2013.01.22 09:39:01.399,1.23803,1.23817,1.50,1.13
2013.01.22 09:39:01.468,1.23794,1.23812,4.13,1.50
2013.01.22 09:39:01.537,1.23794,1.23812,3.38,1.50
2013.01.22 09:39:01.957,1.23796,1.23814,1.50,1.50
2013.01.22 09:39:05.179,1.23798,1.23816,1.50,3.00
2013.01.22 09:39:05.787,1.23795,1.23815,3.23,1.50
2013.01.22 09:39:05.919,1.23795,1.23815,2.25,1.50
2013.01.22 09:39:06.107,1.23796,1.23815,1.05,1.50
2013.01.22 09:39:06.658,1.23795,1.23815,1.88,1.50
2013.01.22 09:39:06.718,1.23794,1.23813,2.55,1.50
2013.01.22 09:39:07.229,1.23794,1.23813,1.13,2.25
2013.01.22 09:39:07.598,1.23794,1.23813,1.13,2.63
2013.01.22 09:39:08.258,1.23792,1.2381,3.30,2.25
2013.01.22 09:39:08.768,1.23792,1.2381,3.30,3.00
2013.01.22 09:39:09.319,1.23792,1.2381,3.30,3.00
2013.01.22 09:39:10.711,1.23792,1.2381,1.50,2.25
2013.01.22 09:39:11.308,1.23791,1.23809,1.13,2.25
2013.01.22 09:39:12.688,1.23792,1.2381,1.50,2.25
2013.01.22 09:39:12.749,1.23792,1.2381,2.18,2.25
2013.01.22 09:39:13.268,1.23794,1.2381,1.43,1.50
2013.01.22 09:39:13.790,1.23792,1.2381,2.93,2.25
2013.01.22 09:39:14.332,1.23792,1.2381,2.93,2.25
2013.01.22 09:39:16.366,1.23793,1.2381,1.43,2.25
2013.01.22 09:39:20.168,1.23795,1.23809,2.25,1.50
2013.01.22 09:39:21.977,1.23795,1.23806,2.25,2.25
2013.01.22 09:39:22.097,1.2379,1.23807,1.50,2.25
2013.01.22 09:39:22.157,1.23791,1.23808,2.25,1.50
2013.01.22 09:39:22.397,1.23793,1.23808,2.25,1.50
2013.01.22 09:39:23.819,1.23793,1.23808,1.50,1.50
2013.01.22 09:39:23.948,1.23793,1.23804,1.50,1.50
2013.01.22 09:39:24.469,1.23793,1.23805,1.50,1.50
2013.01.22 09:39:24.778,1.23793,1.23804,1.50,1.50
2013.01.22 09:39:25.628,1.23791,1.23804,1.50,1.50
2013.01.22 09:39:28.957,1.23791,1.23804,1.50,1.50
2013.01.22 09:39:29.159,1.23791,1.23804,1.50,1.50
2013.01.22 09:39:29.707,1.23791,1.23804,1.50,1.50
2013.01.22 09:39:30.247,1.23791,1.23804,2.18,1.50
2013.01.22 09:39:30.497,1.23791,1.23804,1.50,1.50
2013.01.22 09:39:37.698,1.23791,1.23802,1.50,1.65
2013.01.22 09:39:37.764,1.23791,1.23801,1.50,1.50
2013.01.22 09:39:37.889,1.23787,1.238,3.23,1.50
2013.01.22 09:39:38.008,1.23787,1.238,2.55,1.50
2013.01.22 09:39:38.557,1.23787,1.238,2.37,3.75
2013.01.22 09:39:39.918,1.23787,1.23798,1.24,1.50
2013.01.22 09:39:40.460,1.23776,1.23785,1.50,3.00
2013.01.22 09:39:40.535,1.23766,1.23782,1.13,1.50
2013.01.22 09:39:41.488,1.23765,1.23782,2.29,1.50
2013.01.22 09:39:43.898,1.23765,1.23784,2.85,2.25
2013.01.22 09:39:44.438,1.23766,1.23784,1.88,2.25
2013.01.22 09:39:51.208,1.23767,1.23785,6.38,2.25
2013.01.22 09:39:52.308,1.23767,1.23785,2.63,2.25
2013.01.22 09:39:55.628,1.23767,1.23785,6.38,2.25
2013.01.22 09:39:56.432,1.23767,1.23785,2.63,2.25
2013.01.22 09:39:57.002,1.23767,1.23785,6.38,2.25
2013.01.22 09:39:58.089,1.23767,1.23785,2.63,2.25
2013.01.22 09:39:58.621,1.23767,1.23785,2.63,2.25
2013.01.22 09:39:59.198,1.23767,1.23785,2.63,2.25
2013.01.22 09:40:01.979,1.23766,1.23784,4.88,2.25
2013.01.22 09:40:02.568,1.23766,1.23784,5.63,2.25
2013.01.22 09:40:06.220,1.23765,1.23783,7.54,3.75
2013.01.22 09:40:06.767,1.23765,1.23782,2.29,1.50
2013.01.22 09:40:07.278,1.23766,1.23782,4.50,1.77
2013.01.22 09:40:07.639,1.23766,1.23783,5.25,2.25
2013.01.22 09:40:08.179,1.23767,1.23782,1.88,1.50
2013.01.22 09:40:08.718,1.23767,1.23782,1.88,1.65
2013.01.22 09:40:09.257,1.23765,1.23781,1.50,1.50
2013.01.22 09:40:09.736,1.23763,1.2378,1.13,2.25
2013.01.22 09:40:11.799,1.23764,1.23781,1.50,1.50
2013.01.22 09:40:16.761,1.23764,1.23781,3.60,1.50
2013.01.22 09:40:18.029,1.23765,1.23782,2.85,1.50
2013.01.22 09:40:21.647,1.23767,1.23782,1.50,1.50
2013.01.22 09:40:21.948,1.23769,1.23787,1.13,2.55
2013.01.22 09:40:22.067,1.2377,1.23788,1.50,2.63
2013.01.22 09:40:22.127,1.23774,1.23791,2.25,3.57
2013.01.22 09:40:22.543,1.23772,1.23788,1.13,5.25
2013.01.22 09:40:22.898,1.23768,1.23781,1.13,2.25
2013.01.22 09:40:23.197,1.23764,1.23781,1.50,2.25
2013.01.22 09:40:25.628,1.23766,1.23783,2.29,1.50
2013.01.22 09:40:25.687,1.23766,1.23785,2.29,1.50
2013.01.22 09:40:26.769,1.23766,1.23784,3.04,1.50
2013.01.22 09:40:27.387,1.23766,1.23785,2.29,1.50
2013.01.22 09:40:28.247,1.23767,1.23787,1.69,1.50
2013.01.22 09:40:28.430,1.23766,1.23785,3.04,1.50
2013.01.22 09:40:28.739,1.23766,1.23785,3.89,1.50
2013.01.22 09:40:28.799,1.23766,1.23785,3.79,1.50
2013.01.22 09:40:31.256,1.23766,1.23785,1.54,1.50
2013.01.22 09:40:31.577,1.23767,1.23785,5.25,2.25
2013.01.22 09:40:31.878,1.23767,1.23782,4.50,1.50
2013.01.22 09:40:32.209,1.23767,1.23784,4.50,1.50
2013.01.22 09:40:37.479,1.23767,1.23783,4.50,1.50
2013.01.22 09:40:37.548,1.23765,1.23783,6.38,1.50
2013.01.22 09:40:37.967,1.23765,1.2378,1.88,1.50
2013.01.22 09:40:38.529,1.23764,1.2378,1.64,1.50
2013.01.22 09:40:38.669,1.23763,1.2378,1.64,1.50
2013.01.22 09:40:42.802,1.23763,1.2378,1.35,1.65
2013.01.22 09:40:43.142,1.23763,1.23779,2.10,2.78
2013.01.22 09:40:44.880,1.23766,1.23782,3.38,3.30
2013.01.22 09:40:54.008,1.23766,1.23783,4.88,1.65
2013.01.22 09:40:54.068,1.23766,1.23785,4.88,3.00
2013.01.22 09:40:54.128,1.23767,1.23785,1.50,2.25
2013.01.22 09:40:54.187,1.2377,1.23787,1.50,1.13
2013.01.22 09:40:54.308,1.2377,1.23788,1.50,1.50
2013.01.22 09:40:54.487,1.23771,1.23788,3.00,1.50
2013.01.22 09:40:54.548,1.23772,1.23792,3.00,2.25
2013.01.22 09:40:54.728,1.23773,1.23789,2.25,1.50
2013.01.22 09:40:55.037,1.23773,1.23787,2.25,1.50
2013.01.22 09:40:55.098,1.23773,1.23789,2.25,3.00
2013.01.22 09:40:55.628,1.23772,1.23789,2.48,1.50
2013.01.22 09:40:55.868,1.23772,1.23789,3.38,1.50
2013.01.22 09:40:56.372,1.23772,1.23789,3.00,1.50
2013.01.22 09:40:56.497,1.23774,1.23791,2.25,1.50
2013.01.22 09:40:57.058,1.23772,1.2379,2.85,1.50
2013.01.22 09:40:57.117,1.23774,1.23792,3.00,1.50
2013.01.22 09:40:57.177,1.23777,1.23793,3.75,1.50
2013.01.22 09:40:57.418,1.23778,1.23798,1.50,3.00
2013.01.22 09:40:57.478,1.23781,1.23798,1.50,1.50
2013.01.22 09:40:57.537,1.23781,1.23799,1.50,3.00
2013.01.22 09:40:57.907,1.23779,1.23797,1.50,1.50
2013.01.22 09:40:59.758,1.23781,1.23799,1.50,1.50
2013.01.22 09:41:00.059,1.23768,1.23785,6.23,1.73
2013.01.22 09:41:00.120,1.23768,1.23778,6.00,1.50
2013.01.22 09:41:00.262,1.23768,1.23772,2.25,1.50
2013.01.22 09:41:00.390,1.23762,1.23769,1.50,1.50
2013.01.22 09:41:00.639,1.23762,1.23767,1.13,1.50
2013.01.22 09:41:00.759,1.23761,1.23771,1.50,1.50
2013.01.22 09:41:01.378,1.23762,1.23772,1.50,3.00
2013.01.22 09:41:01.859,1.23754,1.23772,1.50,1.50
2013.01.22 09:41:04.057,1.23752,1.2377,2.25,1.50
2013.01.22 09:41:04.238,1.23752,1.2377,1.50,1.50
2013.01.22 09:41:04.481,1.23754,1.23772,1.50,4.50
2013.01.22 09:41:05.308,1.23754,1.23772,1.80,3.75
2013.01.22 09:41:05.607,1.23754,1.23771,1.50,1.50
2013.01.22 09:41:05.667,1.23754,1.23771,1.50,2.25
2013.01.22 09:41:06.220,1.23753,1.23768,1.50,1.50
2013.01.22 09:41:09.367,1.23753,1.23768,2.25,1.50
2013.01.22 09:41:10.028,1.23755,1.23772,2.25,1.88
2013.01.22 09:41:12.008,1.23755,1.23771,2.25,2.63
2013.01.22 09:41:12.188,1.23751,1.23763,2.25,1.50
2013.01.22 09:41:12.247,1.23749,1.23763,2.63,1.50
2013.01.22 09:41:12.928,1.23748,1.23766,1.13,2.25
2013.01.22 09:41:13.169,1.2375,1.23769,1.05,3.19
2013.01.22 09:41:13.228,1.23757,1.23769,1.50,1.69
2013.01.22 09:41:13.348,1.23758,1.23772,1.50,2.63
2013.01.22 09:41:13.887,1.23758,1.23773,1.50,2.25
2013.01.22 09:41:15.220,1.23756,1.23773,3.00,2.63
2013.01.22 09:41:16.736,1.2376,1.23773,1.50,2.63
2013.01.22 09:41:17.158,1.23757,1.23773,1.50,2.63
2013.01.22 09:41:17.338,1.23757,1.23776,1.50,1.77
2013.01.22 09:41:17.532,1.23758,1.23774,1.50,2.25
2013.01.22 09:41:17.719,1.23758,1.23775,1.50,3.38
2013.01.22 09:41:17.898,1.23761,1.23773,1.50,2.25
2013.01.22 09:41:18.137,1.23758,1.23773,1.50,2.25
2013.01.22 09:41:20.650,1.23759,1.23776,1.50,1.50
2013.01.22 09:41:21.811,1.23759,1.23779,1.50,2.14
2013.01.22 09:41:22.530,1.23759,1.23779,1.50,2.63
2013.01.22 09:41:22.841,1.23762,1.23779,1.50,1.13
2013.01.22 09:41:23.150,1.23762,1.23776,1.50,2.40
2013.01.22 09:41:23.398,1.23759,1.23776,4.50,3.04
2013.01.22 09:41:23.949,1.2376,1.23775,1.50,2.40
2013.01.22 09:41:24.190,1.23758,1.23774,2.25,1.50
2013.01.22 09:41:24.259,1.23757,1.23773,3.00,2.25
2013.01.22 09:41:24.798,1.23757,1.23773,1.50,2.25
2013.01.22 09:41:25.158,1.23757,1.23774,1.50,3.15
2013.01.22 09:41:25.458,1.23757,1.23774,1.50,3.15
2013.01.22 09:41:28.849,1.23762,1.23779,1.50,2.63
2013.01.22 09:41:28.968,1.23762,1.23781,1.50,1.88
2013.01.22 09:41:29.509,1.23762,1.23781,1.50,1.13
2013.01.22 09:41:30.037,1.23762,1.23782,1.50,2.63
2013.01.22 09:41:30.098,1.2376,1.2378,3.00,1.88
2013.01.22 09:41:30.338,1.2376,1.2378,1.50,1.77
2013.01.22 09:41:31.998,1.2376,1.2378,1.50,1.77
2013.01.22 09:41:34.598,1.23762,1.2378,1.35,1.77
2013.01.22 09:41:34.779,1.23762,1.23782,2.85,1.88
2013.01.22 09:41:35.297,1.23762,1.23782,2.85,1.77
2013.01.22 09:41:35.538,1.23762,1.23782,3.08,1.88
2013.01.22 09:41:37.008,1.23762,1.2378,6.60,1.88
2013.01.22 09:41:37.068,1.23763,1.23781,2.85,1.88
2013.01.22 09:41:37.371,1.23768,1.23781,1.35,1.88
2013.01.22 09:41:38.560,1.23768,1.23781,1.58,1.88
2013.01.22 09:41:38.868,1.23775,1.23786,1.50,1.88
2013.01.22 09:41:39.050,1.23775,1.23791,1.50,4.13
2013.01.22 09:41:39.178,1.23778,1.23791,1.50,3.38
2013.01.22 09:41:39.599,1.23781,1.23799,1.50,3.00
2013.01.22 09:41:40.481,1.23778,1.23798,1.50,1.88
2013.01.22 09:41:42.009,1.23778,1.23798,1.50,2.25
2013.01.22 09:41:42.188,1.23775,1.23795,1.50,3.00
2013.01.22 09:41:42.310,1.23773,1.23792,7.50,1.50
2013.01.22 09:41:42.368,1.23775,1.23793,1.50,3.38
2013.01.22 09:41:42.729,1.23781,1.23799,1.50,1.50
2013.01.22 09:41:43.640,1.23783,1.23801,1.50,1.50
2013.01.22 09:41:43.708,1.23783,1.23803,1.50,1.50
2013.01.22 09:41:44.328,1.23783,1.23803,2.25,1.50
2013.01.22 09:41:44.387,1.23786,1.23804,1.50,3.38
2013.01.22 09:41:49.973,1.23787,1.23806,1.50,1.50
2013.01.22 09:41:50.519,1.23787,1.23807,1.50,2.63
2013.01.22 09:41:51.228,1.23787,1.23806,1.50,2.25
2013.01.22 09:41:51.478,1.23787,1.23807,1.50,2.63
2013.01.22 09:41:54.618,1.23787,1.23806,1.50,2.25
2013.01.22 09:41:55.399,1.23799,1.23806,1.50,2.25
2013.01.22 09:41:55.638,1.23797,1.23812,1.35,1.50
2013.01.22 09:41:55.698,1.23801,1.23812,1.88,1.50
2013.01.22 09:41:55.820,1.23802,1.23819,1.65,2.25
2013.01.22 09:41:55.938,1.23805,1.23819,1.54,1.50
2013.01.22 09:41:55.998,1.23808,1.23823,1.50,1.50
2013.01.22 09:41:56.178,1.23807,1.23826,2.25,1.88
2013.01.22 09:41:56.779,1.23807,1.23827,2.63,2.25
2013.01.22 09:41:56.958,1.2381,1.2383,1.50,3.00
2013.01.22 09:41:57.019,1.2381,1.2383,1.50,2.25
2013.01.22 09:41:58.069,1.23808,1.23826,1.50,1.50
2013.01.22 09:41:58.367,1.23808,1.23828,1.50,1.50
2013.01.22 09:41:59.784,1.23808,1.23827,1.50,1.50
2013.01.22 09:42:00.338,1.23809,1.23827,1.50,1.50
2013.01.22 09:42:02.298,1.2381,1.2383,3.00,1.50
2013.01.22 09:42:02.419,1.23812,1.23832,1.50,1.50
2013.01.22 09:42:04.257,1.23813,1.23834,1.50,1.50
2013.01.22 09:42:04.377,1.23812,1.23831,1.50,1.50
2013.01.22 09:42:06.590,1.23813,1.23834,1.50,3.00
2013.01.22 09:42:08.928,1.23813,1.23834,1.50,5.10
2013.01.22 09:42:09.288,1.23811,1.23831,1.50,3.00
2013.01.22 09:42:09.467,1.23808,1.23828,7.13,1.50
2013.01.22 09:42:11.030,1.2381,1.23828,1.50,1.50
2013.01.22 09:42:11.339,1.23812,1.23829,1.73,1.50
2013.01.22 09:42:11.640,1.23816,1.23829,1.50,1.50
2013.01.22 09:42:11.999,1.23821,1.23829,1.50,1.50
2013.01.22 09:42:12.337,1.23821,1.23834,1.50,1.50
2013.01.22 09:42:12.579,1.23822,1.23841,1.50,3.00
2013.01.22 09:42:12.729,1.23824,1.23843,1.50,1.50
2013.01.22 09:42:13.333,1.23826,1.23844,1.50,2.25
2013.01.22 09:42:14.603,1.23828,1.23844,1.13,1.50
2013.01.22 09:42:14.909,1.23841,1.23848,1.50,1.50
2013.01.22 09:42:15.209,1.23843,1.23859,1.13,8.25
2013.01.22 09:42:15.329,1.23849,1.23861,1.50,3.00
2013.01.22 09:42:15.389,1.23852,1.23862,1.50,1.13
2013.01.22 09:42:15.508,1.23854,1.2387,1.50,1.65
2013.01.22 09:42:15.628,1.23854,1.2387,1.50,1.65
2013.01.22 09:42:16.229,1.23854,1.2387,1.50,1.65
2013.01.22 09:42:16.732,1.23854,1.23869,2.40,1.65
2013.01.22 09:42:16.801,1.23858,1.23869,1.50,1.50
2013.01.22 09:42:17.109,1.23858,1.2387,2.25,1.50
2013.01.22 09:42:17.545,1.2386,1.23873,1.13,1.50
2013.01.22 09:42:18.121,1.2386,1.23873,1.13,1.50
2013.01.22 09:42:18.319,1.23861,1.23873,1.13,1.50
2013.01.22 09:42:18.438,1.23856,1.23873,1.50,1.50
2013.01.22 09:42:18.558,1.23855,1.23873,1.13,1.50
2013.01.22 09:42:18.799,1.23855,1.23871,1.13,3.75
2013.01.22 09:42:18.918,1.23852,1.23872,1.13,1.50
2013.01.22 09:42:19.467,1.23852,1.23872,1.13,2.25
2013.01.22 09:42:20.257,1.23852,1.23871,1.13,1.50
2013.01.22 09:42:21.437,1.23852,1.23872,1.05,1.50
2013.01.22 09:42:21.948,1.2385,1.23872,1.80,1.50
2013.01.22 09:42:22.489,1.23848,1.2387,1.05,1.13
2013.01.22 09:42:22.549,1.23846,1.23868,1.28,1.13
2013.01.22 09:42:22.730,1.23841,1.23868,1.13,1.13
2013.01.22 09:42:23.987,1.23844,1.23871,1.50,1.88
2013.01.22 09:42:24.528,1.23844,1.23871,1.50,1.88
2013.01.22 09:42:24.587,1.23846,1.23871,1.13,1.88
2013.01.22 09:42:24.767,1.23847,1.23871,1.35,1.88
2013.01.22 09:42:25.068,1.23848,1.23873,9.98,1.50
2013.01.22 09:42:25.429,1.23848,1.23873,2.48,2.25
2013.01.22 09:42:25.490,1.23848,1.23873,2.85,2.25
2013.01.22 09:42:25.920,1.23851,1.23873,1.13,1.50
2013.01.22 09:42:26.397,1.2385,1.23871,1.13,1.50
2013.01.22 09:42:26.517,1.23847,1.23871,1.50,1.50
2013.01.22 09:42:26.940,1.23847,1.2387,1.50,1.50
2013.01.22 09:42:27.187,1.23845,1.2387,1.32,1.50
2013.01.22 09:42:27.247,1.23845,1.23867,1.32,1.35
2013.01.22 09:42:27.548,1.23844,1.23864,4.50,1.50
2013.01.22 09:42:27.609,1.23844,1.23864,4.50,2.25
2013.01.22 09:42:28.156,1.23842,1.23864,1.88,1.35
2013.01.22 09:42:28.639,1.2384,1.23864,3.00,1.32
2013.01.22 09:42:28.759,1.2384,1.23864,1.50,4.17
2013.01.22 09:42:28.938,1.23837,1.23863,1.13,2.10
2013.01.22 09:42:29.418,1.23837,1.23863,1.13,2.85
2013.01.22 09:42:29.658,1.23838,1.23859,1.50,1.50
2013.01.22 09:42:29.959,1.23841,1.23862,2.25,1.50
2013.01.22 09:42:30.269,1.23838,1.23854,1.50,3.00
2013.01.22 09:42:30.817,1.23838,1.23854,1.50,1.50
2013.01.22 09:42:31.324,1.23838,1.23854,1.50,3.00
2013.01.22 09:42:31.708,1.23838,1.23851,1.50,1.50
2013.01.22 09:42:32.069,1.23843,1.23851,1.35,1.50
2013.01.22 09:42:32.140,1.23846,1.23857,1.50,1.69
2013.01.22 09:42:32.268,1.23845,1.23863,2.25,2.25
2013.01.22 09:42:32.328,1.23845,1.23863,2.25,1.50
2013.01.22 09:42:32.388,1.23844,1.23863,1.13,1.50
2013.01.22 09:42:34.068,1.23844,1.23863,2.10,1.50
2013.01.22 09:42:34.248,1.23849,1.23867,1.50,2.25
2013.01.22 09:42:34.370,1.23849,1.23867,2.44,2.25
2013.01.22 09:42:35.831,1.23852,1.23868,1.50,1.13
2013.01.22 09:42:36.259,1.23852,1.23872,1.50,2.25
2013.01.22 09:42:36.908,1.23852,1.23872,2.25,2.25
2013.01.22 09:42:37.447,1.23855,1.23872,2.25,2.25
2013.01.22 09:42:37.998,1.23855,1.23873,2.44,2.25
2013.01.22 09:42:38.120,1.23858,1.23872,2.44,1.13
2013.01.22 09:42:38.238,1.23862,1.23872,1.50,1.50
2013.01.22 09:42:38.299,1.23857,1.23872,1.35,2.25
2013.01.22 09:42:38.428,1.23858,1.23872,1.50,1.50
2013.01.22 09:42:38.488,1.23863,1.23879,2.25,1.50
2013.01.22 09:42:38.608,1.23861,1.2388,1.50,2.25
2013.01.22 09:42:38.668,1.23863,1.23881,1.50,3.75
2013.01.22 09:42:38.908,1.23863,1.23881,1.50,1.50
2013.01.22 09:42:39.098,1.23863,1.2388,2.25,3.75
2013.01.22 09:42:39.218,1.23863,1.23881,2.25,1.50
2013.01.22 09:42:39.413,1.23864,1.23883,1.50,1.50
2013.01.22 09:42:39.540,1.23868,1.23884,2.25,1.88
2013.01.22 09:42:39.838,1.23871,1.23888,1.50,1.28
2013.01.22 09:42:39.898,1.23871,1.23887,1.50,1.50
2013.01.22 09:42:40.018,1.23869,1.23883,2.25,2.48
2013.01.22 09:42:40.079,1.23869,1.23879,2.25,1.50
2013.01.22 09:42:40.440,1.23846,1.23869,1.13,22.21
2013.01.22 09:42:40.509,1.23844,1.23854,4.13,9.01
2013.01.22 09:42:40.628,1.23841,1.23845,3.38,1.50
2013.01.22 09:42:40.688,1.23841,1.23845,3.38,1.50
2013.01.22 09:42:40.810,1.23832,1.23843,4.13,3.61
2013.01.22 09:42:41.120,1.23824,1.23839,2.25,2.53
2013.01.22 09:42:41.250,1.23823,1.23831,3.00,1.50
2013.01.22 09:42:41.510,1.23816,1.23827,2.75,1.50
2013.01.22 09:42:41.579,1.23808,1.23827,1.50,1.50
2013.01.22 09:42:41.700,1.23805,1.23825,2.25,1.50
2013.01.22 09:42:41.760,1.23805,1.23825,1.50,1.50
2013.01.22 09:42:41.888,1.23801,1.23823,1.50,1.13
2013.01.22 09:42:42.189,1.238,1.23825,3.00,1.50
2013.01.22 09:42:42.249,1.238,1.23825,2.25,1.50
2013.01.22 09:42:42.428,1.23795,1.23825,2.25,1.50
2013.01.22 09:42:42.669,1.23794,1.23819,5.48,1.50
2013.01.22 09:42:42.849,1.23794,1.23819,4.35,1.50
2013.01.22 09:42:43.344,1.23799,1.23819,2.63,1.50
2013.01.22 09:42:43.472,1.23809,1.23824,2.25,1.13
2013.01.22 09:42:43.538,1.23811,1.23826,3.00,2.25
2013.01.22 09:42:43.659,1.23806,1.23826,1.88,1.50
2013.01.22 09:42:44.220,1.23802,1.23819,1.13,1.50
2013.01.22 09:42:44.950,1.23801,1.23825,2.25,2.25
2013.01.22 09:42:45.201,1.23797,1.23828,3.08,2.25
2013.01.22 09:42:45.448,1.23799,1.23828,4.35,3.00
2013.01.22 09:42:45.871,1.23799,1.23828,1.95,2.25
2013.01.22 09:42:46.475,1.23813,1.23832,1.50,3.00
2013.01.22 09:42:46.799,1.23815,1.23834,1.50,1.88
2013.01.22 09:42:47.319,1.23815,1.23834,1.50,1.50
2013.01.22 09:42:49.848,1.23816,1.23836,1.50,1.50
2013.01.22 09:42:50.349,1.23816,1.23837,1.50,1.50
2013.01.22 09:42:51.347,1.23815,1.23834,1.50,1.50
2013.01.22 09:42:52.008,1.23815,1.23834,1.50,1.88
2013.01.22 09:42:52.129,1.23812,1.23828,1.50,1.88
2013.01.22 09:42:52.190,1.23808,1.23826,1.50,1.65
2013.01.22 09:42:52.558,1.23804,1.23824,3.00,2.25
2013.01.22 09:42:54.919,1.23804,1.23824,3.75,2.25
2013.01.22 09:42:55.278,1.23808,1.23828,1.50,2.25
2013.01.22 09:42:55.958,1.23808,1.23828,2.48,2.25
2013.01.22 09:42:56.079,1.23808,1.23828,1.73,2.25
2013.01.22 09:42:56.449,1.23808,1.23828,1.73,2.25
2013.01.22 09:42:56.839,1.23808,1.23828,1.50,3.60
2013.01.22 09:42:57.187,1.23808,1.23824,1.50,1.50
2013.01.22 09:42:57.341,1.23803,1.23823,1.50,4.88
2013.01.22 09:42:57.414,1.23802,1.2382,1.50,3.75
2013.01.22 09:42:57.729,1.23801,1.23818,1.13,1.50
2013.01.22 09:42:58.149,1.23801,1.2382,1.35,1.50
2013.01.22 09:42:58.588,1.23806,1.23824,1.50,1.88
2013.01.22 09:42:58.941,1.23808,1.23826,1.50,1.50
2013.01.22 09:43:01.932,1.23808,1.23826,2.25,1.50
2013.01.22 09:43:02.239,1.23808,1.23826,1.50,1.50
2013.01.22 09:43:03.450,1.23807,1.23825,1.50,1.50
2013.01.22 09:43:04.031,1.23805,1.23823,1.50,1.50
2013.01.22 09:43:04.338,1.23803,1.23821,1.50,1.50
2013.01.22 09:43:06.169,1.23801,1.23819,1.50,1.50
2013.01.22 09:43:08.338,1.23804,1.2382,1.50,1.50
2013.01.22 09:43:08.578,1.23805,1.23823,1.50,1.50
2013.01.22 09:43:08.698,1.23805,1.23822,1.50,2.25
2013.01.22 09:43:09.049,1.23802,1.23818,1.50,1.50
2013.01.22 09:43:11.706,1.23802,1.23818,2.25,1.50
2013.01.22 09:43:12.507,1.23802,1.23818,1.50,1.50
2013.01.22 09:43:13.460,1.238,1.23817,1.13,1.50
2013.01.22 09:43:14.238,1.23802,1.23818,2.25,1.50
2013.01.22 09:43:17.879,1.23803,1.23818,2.10,1.50
2013.01.22 09:43:17.938,1.23804,1.2382,2.25,1.50
2013.01.22 09:43:18.060,1.23807,1.23822,1.50,4.50
2013.01.22 09:43:19.349,1.23805,1.23821,3.75,2.25
2013.01.22 09:43:19.899,1.23805,1.2382,2.25,1.50
2013.01.22 09:43:20.948,1.23805,1.2382,1.50,1.65
2013.01.22 09:43:21.308,1.23805,1.23815,1.50,1.50
2013.01.22 09:43:21.790,1.23797,1.23814,1.50,1.50
2013.01.22 09:43:23.968,1.23796,1.23814,3.38,1.50
2013.01.22 09:43:25.209,1.23798,1.23814,2.25,1.50
2013.01.22 09:43:25.279,1.23796,1.23814,3.75,1.50
2013.01.22 09:43:25.829,1.23796,1.23814,4.50,1.50
2013.01.22 09:43:26.468,1.23798,1.23814,2.25,1.50
2013.01.22 09:43:28.248,1.23798,1.23815,2.25,1.50
2013.01.22 09:43:28.816,1.23798,1.23814,2.25,1.50
2013.01.22 09:43:30.698,1.238,1.23816,1.50,1.50
2013.01.22 09:43:30.878,1.23798,1.23814,3.75,1.50
2013.01.22 09:43:31.179,1.238,1.23816,1.50,1.50
2013.01.22 09:43:31.298,1.238,1.23813,1.50,2.10
2013.01.22 09:43:31.549,1.23795,1.23809,4.88,1.50
2013.01.22 09:43:31.850,1.23791,1.23809,2.63,1.50
2013.01.22 09:43:32.407,1.23793,1.23811,1.88,1.88
2013.01.22 09:43:32.959,1.23791,1.23809,1.88,1.50
2013.01.22 09:43:34.941,1.23791,1.23809,1.75,1.88
2013.01.22 09:43:35.190,1.23789,1.23807,1.75,1.50
2013.01.22 09:43:35.379,1.23791,1.23809,1.75,1.88
2013.01.22 09:43:37.339,1.23793,1.23811,1.75,3.00
2013.01.22 09:43:44.810,1.23793,1.23811,1.50,2.63
2013.01.22 09:43:44.991,1.2379,1.23808,1.50,2.25
2013.01.22 09:43:45.299,1.23787,1.23803,4.13,1.50
2013.01.22 09:43:45.848,1.23787,1.23803,2.63,1.50
2013.01.22 09:43:46.387,1.23786,1.23802,2.82,1.50
2013.01.22 09:43:46.853,1.23787,1.238,1.88,1.50
2013.01.22 09:43:47.468,1.23785,1.238,1.88,1.50
2013.01.22 09:43:48.110,1.23786,1.238,2.10,1.50
2013.01.22 09:43:48.657,1.23786,1.23801,1.88,1.50
2013.01.22 09:43:49.073,1.23787,1.23801,2.25,1.50
2013.01.22 09:43:49.619,1.23787,1.23803,2.85,3.00
2013.01.22 09:43:50.780,1.23787,1.23803,5.10,1.50
2013.01.22 09:43:50.850,1.23787,1.238,4.50,1.50
2013.01.22 09:43:50.909,1.23785,1.238,3.38,1.50
2013.01.22 09:43:51.148,1.23788,1.238,2.25,1.50
2013.01.22 09:43:51.208,1.23788,1.23802,2.25,1.50
2013.01.22 09:43:51.328,1.23786,1.23802,3.38,1.50
2013.01.22 09:43:51.628,1.23788,1.23802,2.25,1.50
2013.01.22 09:43:51.807,1.23787,1.23802,1.13,1.50
2013.01.22 09:43:52.048,1.23788,1.23802,2.25,1.50
2013.01.22 09:43:52.170,1.23788,1.23804,3.75,1.50
2013.01.22 09:43:52.359,1.23786,1.23803,2.63,1.50
2013.01.22 09:43:52.599,1.23788,1.23803,2.25,1.50
2013.01.22 09:43:52.901,1.23784,1.238,6.19,1.50
2013.01.22 09:43:53.269,1.23786,1.23802,4.95,3.00
2013.01.22 09:43:53.571,1.23788,1.23802,4.50,1.50
2013.01.22 09:43:53.708,1.23787,1.23802,2.63,1.50
2013.01.22 09:43:54.329,1.23787,1.23801,2.63,1.50
2013.01.22 09:43:54.751,1.23788,1.23804,2.25,1.50
2013.01.22 09:43:55.118,1.23788,1.23804,3.38,1.50
2013.01.22 09:43:55.689,1.2379,1.23806,2.25,1.50
2013.01.22 09:43:55.810,1.23792,1.2381,1.50,1.50
2013.01.22 09:43:59.539,1.23792,1.2381,2.48,1.50
2013.01.22 09:43:59.660,1.23796,1.23813,1.50,1.50
2013.01.22 09:44:00.209,1.23796,1.23814,1.88,1.50
2013.01.22 09:44:00.330,1.23797,1.23814,1.13,1.50
2013.01.22 09:44:00.389,1.23798,1.23816,1.65,3.00
2013.01.22 09:44:00.569,1.23799,1.23816,1.35,1.50
2013.01.22 09:44:00.871,1.23806,1.23822,1.50,3.00
2013.01.22 09:44:01.359,1.23806,1.23822,1.50,2.25
2013.01.22 09:44:04.829,1.23806,1.23822,1.50,1.50
2013.01.22 09:44:04.889,1.23809,1.23822,1.50,1.50
2013.01.22 09:44:05.248,1.23811,1.23822,3.75,1.50
2013.01.22 09:44:05.535,1.23814,1.23828,2.25,2.25
2013.01.22 09:44:06.188,1.23814,1.23828,2.25,3.00
2013.01.22 09:44:07.878,1.23814,1.23829,2.25,4.13
2013.01.22 09:44:08.409,1.23814,1.23829,1.50,2.63
2013.01.22 09:44:10.148,1.23814,1.23829,1.50,2.63
2013.01.22 09:44:10.667,1.23813,1.23829,4.77,2.63
2013.01.22 09:44:10.989,1.23811,1.23824,1.69,1.50
2013.01.22 09:44:11.229,1.23807,1.23824,2.48,1.50
2013.01.22 09:44:11.888,1.23806,1.23821,2.44,1.50
2013.01.22 09:44:14.460,1.23816,1.23828,8.25,1.35
2013.01.22 09:44:14.590,1.23821,1.23829,3.79,1.13
2013.01.22 09:44:14.729,1.23822,1.23839,1.35,1.88
2013.01.22 09:44:14.790,1.23823,1.23839,3.00,1.88
2013.01.22 09:44:15.100,1.23828,1.23846,3.04,1.50
2013.01.22 09:44:15.220,1.2383,1.23848,2.10,2.25
2013.01.22 09:44:15.278,1.23833,1.23849,1.50,1.50
2013.01.22 09:44:15.818,1.23833,1.23849,1.50,3.15
2013.01.22 09:44:16.248,1.23834,1.23849,1.50,1.65
2013.01.22 09:44:17.422,1.23832,1.2385,2.10,2.40
2013.01.22 09:44:17.953,1.23832,1.23849,2.85,1.65
2013.01.22 09:44:18.439,1.23829,1.23845,3.75,1.50
2013.01.22 09:44:18.977,1.23829,1.23845,1.50,1.50
2013.01.22 09:44:19.799,1.23831,1.23847,1.50,1.50
2013.01.22 09:44:20.205,1.23835,1.2385,1.50,1.65
2013.01.22 09:44:20.271,1.23835,1.2385,1.50,1.65
2013.01.22 09:44:20.340,1.23835,1.2385,1.50,1.65
2013.01.22 09:44:20.412,1.23831,1.23847,2.25,1.50
2013.01.22 09:44:20.541,1.23829,1.23846,4.32,1.50
2013.01.22 09:44:20.671,1.23835,1.23846,1.50,1.50
2013.01.22 09:44:20.980,1.23843,1.2385,2.25,1.50
2013.01.22 09:44:21.171,1.23845,1.23858,1.50,1.50
2013.01.22 09:44:21.299,1.23845,1.23861,1.50,1.88
2013.01.22 09:44:21.719,1.23847,1.23863,1.50,3.38
2013.01.22 09:44:22.260,1.23847,1.23863,2.10,1.50
2013.01.22 09:44:22.571,1.23852,1.23867,1.50,1.13
2013.01.22 09:44:22.951,1.23849,1.23867,1.50,2.63
2013.01.22 09:44:23.199,1.23851,1.23867,1.50,1.13
2013.01.22 09:44:23.438,1.23849,1.23867,1.50,2.63
2013.01.22 09:44:24.118,1.23853,1.23871,1.50,1.88
2013.01.22 09:44:24.519,1.23852,1.23868,1.50,1.50
2013.01.22 09:44:26.119,1.23852,1.23868,1.50,1.88
2013.01.22 09:44:26.179,1.23849,1.23865,1.50,2.03
2013.01.22 09:44:26.238,1.23847,1.23863,2.85,1.50
2013.01.22 09:44:26.775,1.23844,1.23862,4.50,1.50
2013.01.22 09:44:27.290,1.23844,1.23862,3.00,1.50
2013.01.22 09:44:30.088,1.23844,1.23862,4.50,1.50
2013.01.22 09:44:30.328,1.23844,1.2386,1.65,1.50
2013.01.22 09:44:31.060,1.23842,1.23859,1.88,1.50
2013.01.22 09:44:31.189,1.23842,1.23859,1.50,1.65
2013.01.22 09:44:31.309,1.23841,1.23856,2.10,1.50
2013.01.22 09:44:31.549,1.23837,1.23854,1.88,1.50
2013.01.22 09:44:33.060,1.23834,1.2385,1.50,1.50
2013.01.22 09:44:33.372,1.23834,1.23848,1.50,1.50
2013.01.22 09:44:34.563,1.23834,1.23848,1.28,1.88
2013.01.22 09:44:34.870,1.23832,1.23848,1.50,1.50
2013.01.22 09:44:34.929,1.23827,1.23837,1.50,1.50
2013.01.22 09:44:34.989,1.23823,1.23837,5.25,1.50
2013.01.22 09:44:35.229,1.23823,1.23839,5.25,1.50
2013.01.22 09:44:36.079,1.23823,1.23839,1.84,1.50
2013.01.22 09:44:36.319,1.23825,1.23841,1.50,1.50
2013.01.22 09:44:36.382,1.23838,1.23847,4.88,2.25
2013.01.22 09:44:36.465,1.23842,1.23849,2.25,1.13
2013.01.22 09:44:36.532,1.23844,1.2385,2.25,1.50
2013.01.22 09:44:36.660,1.2384,1.23848,1.13,1.50
2013.01.22 09:44:36.732,1.23843,1.2385,1.13,1.50
2013.01.22 09:44:37.099,1.23844,1.23854,3.94,1.50
2013.01.22 09:44:37.219,1.23845,1.2386,1.54,2.40
2013.01.22 09:44:37.338,1.23849,1.23866,1.50,3.38
2013.01.22 09:44:37.460,1.23847,1.23865,2.10,2.25
2013.01.22 09:44:37.658,1.23847,1.23865,2.10,1.88
2013.01.22 09:44:37.718,1.23847,1.23865,2.10,1.50
2013.01.22 09:44:38.238,1.23848,1.23865,1.50,1.50
2013.01.22 09:44:38.298,1.2385,1.23866,1.50,1.50
2013.01.22 09:44:39.539,1.2385,1.23866,1.50,3.38
2013.01.22 09:44:39.599,1.23848,1.23863,1.50,1.88
2013.01.22 09:44:39.719,1.23844,1.2386,3.75,1.65
2013.01.22 09:44:40.869,1.23844,1.2386,1.50,1.50
2013.01.22 09:44:41.289,1.23845,1.23863,1.50,2.25
2013.01.22 09:44:41.608,1.23847,1.23864,1.50,1.13
2013.01.22 09:44:41.969,1.23845,1.23863,1.65,2.25
2013.01.22 09:44:43.361,1.23845,1.23863,1.50,2.63
2013.01.22 09:44:43.432,1.23844,1.2386,2.63,1.50
2013.01.22 09:44:43.620,1.23844,1.2386,2.25,1.88
2013.01.22 09:44:44.179,1.23844,1.23859,1.13,2.31
2013.01.22 09:44:44.720,1.23844,1.23859,1.50,3.04
2013.01.22 09:44:45.239,1.23842,1.23856,1.50,2.25
2013.01.22 09:44:45.541,1.23841,1.23849,2.25,1.50
2013.01.22 09:44:45.850,1.23834,1.23841,3.75,1.50
2013.01.22 09:44:45.919,1.2383,1.2384,1.58,1.50
2013.01.22 09:44:46.048,1.2382,1.23838,1.50,1.50
2013.01.22 09:44:47.331,1.2382,1.23838,2.63,1.50
2013.01.22 09:44:47.903,1.23824,1.23838,1.50,1.50
2013.01.22 09:44:48.480,1.23826,1.23842,1.50,1.50
2013.01.22 09:44:48.539,1.23829,1.23845,1.50,1.50
2013.01.22 09:44:49.079,1.23833,1.23851,1.50,2.25
2013.01.22 09:44:49.628,1.23833,1.23851,1.50,1.50
2013.01.22 09:44:49.930,1.23835,1.23853,1.50,3.00
2013.01.22 09:44:50.232,1.23837,1.23855,1.50,1.88
2013.01.22 09:44:50.540,1.23839,1.23857,1.50,3.00
2013.01.22 09:44:50.600,1.23842,1.23858,1.50,1.50
2013.01.22 09:44:50.720,1.2384,1.23856,3.00,1.50
2013.01.22 09:44:53.768,1.23843,1.23856,1.35,1.50
2013.01.22 09:44:53.888,1.23844,1.23859,1.88,1.50
2013.01.22 09:44:53.950,1.23848,1.23859,4.50,1.50
2013.01.22 09:44:54.010,1.23847,1.23859,1.50,1.50
2013.01.22 09:44:54.078,1.23847,1.23861,1.50,1.50
2013.01.22 09:44:54.222,1.23848,1.23863,2.25,1.50
2013.01.22 09:44:54.290,1.23847,1.23862,1.50,1.50
2013.01.22 09:44:54.359,1.23847,1.2386,1.88,1.50
2013.01.22 09:44:56.178,1.23847,1.2386,1.13,1.50
2013.01.22 09:44:56.718,1.23847,1.23861,2.63,1.50
2013.01.22 09:44:57.228,1.23846,1.23861,1.73,1.50
2013.01.22 09:44:57.350,1.23847,1.23863,3.15,1.50
2013.01.22 09:44:57.420,1.23849,1.23865,1.50,1.50
2013.01.22 09:44:59.328,1.23851,1.23867,1.50,1.50
2013.01.22 09:44:59.782,1.23853,1.23867,3.75,1.50
2013.01.22 09:45:00.159,1.23851,1.23867,1.50,3.60
2013.01.22 09:45:00.533,1.23848,1.23865,1.50,1.50
2013.01.22 09:45:00.900,1.23846,1.23862,4.65,1.50
2013.01.22 09:45:01.439,1.23846,1.23862,3.38,1.50
2013.01.22 09:45:01.778,1.23851,1.23864,1.65,2.25
2013.01.22 09:45:02.394,1.23855,1.23866,1.50,1.50
2013.01.22 09:45:02.744,1.23861,1.23867,1.50,1.50
2013.01.22 09:45:03.330,1.23861,1.23866,1.50,1.50
2013.01.22 09:45:03.631,1.23861,1.23879,1.50,1.50
2013.01.22 09:45:08.160,1.23861,1.23877,1.50,2.25
2013.01.22 09:45:08.468,1.23859,1.23876,1.50,1.88
2013.01.22 09:45:09.396,1.23858,1.23874,1.50,1.50
2013.01.22 09:45:09.606,1.23859,1.23877,1.50,1.50
2013.01.22 09:45:12.589,1.23857,1.23875,1.50,1.50
2013.01.22 09:45:14.409,1.23857,1.23875,1.50,1.88
2013.01.22 09:45:16.458,1.23857,1.23875,1.50,1.50
2013.01.22 09:45:18.049,1.23856,1.23873,1.50,1.50
2013.01.22 09:45:18.552,1.23855,1.23873,1.50,1.50
2013.01.22 09:45:21.120,1.23855,1.23873,1.50,2.63
2013.01.22 09:45:22.023,1.23855,1.23873,2.85,2.63
2013.01.22 09:45:22.506,1.23868,1.2388,1.32,6.00
2013.01.22 09:45:22.581,1.23876,1.23889,1.28,1.50
2013.01.22 09:45:22.666,1.23879,1.23893,1.50,1.50
2013.01.22 09:45:22.739,1.2388,1.23898,1.50,2.25
2013.01.22 09:45:23.048,1.2388,1.23898,1.50,2.25
2013.01.22 09:45:23.360,1.23872,1.23881,1.13,1.50
2013.01.22 09:45:23.659,1.23869,1.23876,1.50,1.50
2013.01.22 09:45:24.018,1.2386,1.23876,1.50,1.50
2013.01.22 09:45:24.379,1.23858,1.23875,1.50,1.50
2013.01.22 09:45:24.888,1.23857,1.23875,1.50,1.50
2013.01.22 09:45:27.188,1.23856,1.23872,3.00,1.50
2013.01.22 09:45:27.489,1.23854,1.2387,1.50,1.50
2013.01.22 09:45:27.979,1.23851,1.23869,2.25,1.50
2013.01.22 09:45:29.498,1.2385,1.23866,2.25,1.50
2013.01.22 09:45:31.268,1.23852,1.23868,1.50,1.50
2013.01.22 09:45:32.938,1.23852,1.23866,1.50,1.50
2013.01.22 09:45:32.998,1.23847,1.23865,3.00,1.50
2013.01.22 09:45:33.518,1.23847,1.23865,2.25,1.50
2013.01.22 09:45:34.668,1.23848,1.23865,2.25,1.50
2013.01.22 09:45:37.878,1.2385,1.23866,1.50,1.50
2013.01.22 09:45:38.536,1.23849,1.23867,2.25,1.50
2013.01.22 09:45:41.139,1.23849,1.23867,2.25,1.50
2013.01.22 09:45:41.688,1.23849,1.23867,1.50,1.50
2013.01.22 09:45:42.048,1.23849,1.23865,1.50,1.50
2013.01.22 09:45:42.349,1.23847,1.23863,1.13,1.50
2013.01.22 09:45:42.589,1.23847,1.23865,1.88,3.00
2013.01.22 09:45:43.008,1.23846,1.23862,4.50,1.50
2013.01.22 09:45:43.132,1.23844,1.2386,3.00,1.50
2013.01.22 09:45:43.929,1.23841,1.23859,2.63,1.50
2013.01.22 09:45:43.988,1.23843,1.23861,1.88,1.50
2013.01.22 09:45:44.488,1.23843,1.23861,3.00,1.50
2013.01.22 09:45:44.789,1.23847,1.23862,2.25,1.50
2013.01.22 09:45:44.848,1.23847,1.23865,2.25,1.50
2013.01.22 09:45:47.522,1.23847,1.23864,2.25,1.50
2013.01.22 09:45:47.589,1.23848,1.23862,4.50,1.50
2013.01.22 09:45:47.901,1.23847,1.23862,2.25,1.50
2013.01.22 09:45:48.632,1.23847,1.23862,4.50,1.50
2013.01.22 09:45:50.270,1.23846,1.23862,2.78,3.38
2013.01.22 09:45:50.778,1.23845,1.2386,2.63,1.50
2013.01.22 09:45:51.427,1.23845,1.2386,2.40,1.50
2013.01.22 09:45:51.620,1.23847,1.2386,2.25,1.50
2013.01.22 09:45:53.071,1.23848,1.2386,4.50,1.50
2013.01.22 09:45:53.212,1.23848,1.23862,4.50,1.50
2013.01.22 09:45:53.359,1.23848,1.2386,4.50,1.50
2013.01.22 09:45:53.778,1.23848,1.23863,4.50,1.50
2013.01.22 09:45:54.205,1.23859,1.23865,1.35,1.50
2013.01.22 09:45:54.273,1.23862,1.2387,1.50,2.40
2013.01.22 09:45:54.400,1.23867,1.23872,1.50,1.13
2013.01.22 09:45:54.703,1.23878,1.23886,3.00,1.88
2013.01.22 09:45:54.833,1.23886,1.23891,1.50,1.50
2013.01.22 09:45:55.139,1.23888,1.23896,1.50,3.38
2013.01.22 09:45:55.569,1.23883,1.23894,1.50,1.50
2013.01.22 09:45:55.638,1.23888,1.23904,1.50,4.13
2013.01.22 09:45:55.819,1.23886,1.23904,1.50,1.88
2013.01.22 09:45:57.668,1.23886,1.23904,1.50,1.88
2013.01.22 09:45:57.969,1.23884,1.23902,1.50,1.88
2013.01.22 09:45:59.579,1.23884,1.239,1.50,1.50
2013.01.22 09:46:00.118,1.23883,1.23899,1.50,1.88
2013.01.22 09:46:00.671,1.23881,1.23897,1.50,1.50
2013.01.22 09:46:02.288,1.23881,1.23892,1.50,2.10
2013.01.22 09:46:02.529,1.23874,1.23888,1.32,6.15
2013.01.22 09:46:02.588,1.23875,1.23888,1.88,4.13
2013.01.22 09:46:03.024,1.23878,1.23894,2.25,1.50
2013.01.22 09:46:03.268,1.2388,1.23896,1.50,1.88
2013.01.22 09:46:04.598,1.23878,1.23894,3.75,1.50
2013.01.22 09:46:04.899,1.23875,1.23891,2.25,1.78
2013.01.22 09:46:05.679,1.23875,1.23891,1.50,3.00
2013.01.22 09:46:06.150,1.23875,1.23891,1.50,1.50
2013.01.22 09:46:06.209,1.23877,1.23893,1.50,3.38
2013.01.22 09:46:07.514,1.23877,1.23891,1.50,1.50
2013.01.22 09:46:08.298,1.2388,1.23896,1.50,2.63
2013.01.22 09:46:08.817,1.2388,1.23896,1.50,1.88
2013.01.22 09:46:11.456,1.23878,1.23894,3.00,1.50
2013.01.22 09:46:13.611,1.23882,1.23898,1.50,1.50
2013.01.22 09:46:15.601,1.23879,1.23895,1.50,1.50
2013.01.22 09:46:15.970,1.23876,1.23894,3.00,1.50
2013.01.22 09:46:16.101,1.23878,1.23894,2.25,1.50
2013.01.22 09:46:16.349,1.23876,1.23894,1.50,1.50
2013.01.22 09:46:16.708,1.23879,1.23894,2.25,1.50
2013.01.22 09:46:17.069,1.23876,1.23894,1.50,3.00
2013.01.22 09:46:17.128,1.23875,1.23892,1.50,1.50
2013.01.22 09:46:17.609,1.23878,1.23892,2.25,1.50
2013.01.22 09:46:17.728,1.23878,1.23894,3.75,1.50
2013.01.22 09:46:18.288,1.23878,1.23894,1.50,1.50
2013.01.22 09:46:18.999,1.23879,1.23897,1.50,1.50
2013.01.22 09:46:19.058,1.23882,1.23898,1.50,1.50
2013.01.22 09:46:19.369,1.23885,1.23899,1.50,1.13
2013.01.22 09:46:20.041,1.23883,1.23899,1.50,1.88
2013.01.22 09:46:20.170,1.23883,1.23899,1.50,2.40
2013.01.22 09:46:20.229,1.23883,1.23899,1.50,2.03
2013.01.22 09:46:20.288,1.23883,1.23897,1.50,1.13
2013.01.22 09:46:20.350,1.23878,1.23894,3.00,1.50
2013.01.22 09:46:20.408,1.23878,1.23891,1.50,1.78
2013.01.22 09:46:20.467,1.23875,1.23891,2.25,1.78
2013.01.22 09:46:21.008,1.23875,1.23891,1.50,1.78
2013.01.22 09:46:21.388,1.23875,1.23891,1.50,1.50
2013.01.22 09:46:21.464,1.23877,1.23893,1.50,1.50
2013.01.22 09:46:22.518,1.23878,1.23895,1.50,1.13
2013.01.22 09:46:22.579,1.23878,1.23896,1.50,1.50
2013.01.22 09:46:22.698,1.2388,1.23898,1.50,2.63
2013.01.22 09:46:23.063,1.23877,1.23888,1.50,1.50
2013.01.22 09:46:25.010,1.23877,1.2389,1.50,1.50
2013.01.22 09:46:26.118,1.23874,1.2389,4.50,1.50
2013.01.22 09:46:26.769,1.23874,1.23888,1.50,1.50
2013.01.22 09:46:27.129,1.23876,1.23888,2.25,1.50
2013.01.22 09:46:28.508,1.23876,1.23893,1.50,2.25
2013.01.22 09:46:29.720,1.23878,1.23895,1.50,1.13
2013.01.22 09:46:30.258,1.23878,1.23896,2.25,3.00
2013.01.22 09:46:31.667,1.23878,1.23896,1.50,1.50
2013.01.22 09:46:31.729,1.23878,1.23896,1.50,2.25
2013.01.22 09:46:32.048,1.23875,1.23881,1.50,1.50
2013.01.22 09:46:32.109,1.23873,1.23881,1.50,2.25
2013.01.22 09:46:32.168,1.23871,1.23877,2.25,2.25
2013.01.22 09:46:32.228,1.2387,1.23881,1.50,1.50
2013.01.22 09:46:32.643,1.23877,1.23891,1.50,1.50
2013.01.22 09:46:32.770,1.23877,1.23893,1.50,1.50
2013.01.22 09:46:33.388,1.23879,1.23895,1.50,1.50
2013.01.22 09:46:33.989,1.23881,1.23897,1.50,3.00
2013.01.22 09:46:34.352,1.23878,1.23888,2.25,3.00
2013.01.22 09:46:34.600,1.23874,1.23886,3.94,1.35
2013.01.22 09:46:34.789,1.23873,1.23883,1.50,1.88
2013.01.22 09:46:35.168,1.23869,1.23884,1.50,1.50
2013.01.22 09:46:35.351,1.23872,1.23886,2.25,2.25
2013.01.22 09:46:35.599,1.23872,1.23888,1.50,1.73
2013.01.22 09:46:37.803,1.23869,1.23885,4.50,1.50
2013.01.22 09:46:37.969,1.2387,1.23888,1.88,1.50
2013.01.22 09:46:38.649,1.2387,1.23888,1.88,1.50
2013.01.22 09:46:39.188,1.23875,1.23891,1.50,2.25
2013.01.22 09:46:39.429,1.23879,1.23895,1.50,2.48
2013.01.22 09:46:39.610,1.23877,1.23891,1.50,1.50
2013.01.22 09:46:39.739,1.23873,1.23891,2.63,3.00
2013.01.22 09:46:39.919,1.23875,1.23893,1.50,2.25
2013.01.22 09:46:40.220,1.23876,1.23892,1.50,3.38
2013.01.22 09:46:40.729,1.23876,1.23891,1.50,2.25
2013.01.22 09:46:41.030,1.23882,1.2389,4.50,2.25
2013.01.22 09:46:41.101,1.23881,1.23894,1.65,1.50
2013.01.22 09:46:41.648,1.23883,1.23894,1.50,1.50
2013.01.22 09:46:41.731,1.23883,1.23899,1.50,3.00
2013.01.22 09:46:42.306,1.23883,1.23899,1.50,1.65
2013.01.22 09:46:42.671,1.23883,1.23896,1.50,1.50
2013.01.22 09:46:42.921,1.23871,1.23889,1.50,1.50
2013.01.22 09:46:43.289,1.23871,1.23889,1.50,1.58
2013.01.22 09:46:43.769,1.23869,1.23886,1.50,3.60
2013.01.22 09:46:43.829,1.23867,1.23885,1.65,1.58
2013.01.22 09:46:44.372,1.23867,1.23885,1.65,2.33
2013.01.22 09:46:44.679,1.2387,1.23886,1.50,3.45
2013.01.22 09:46:44.858,1.23868,1.23884,3.00,1.50
2013.01.22 09:46:44.922,1.23872,1.23884,2.07,1.50
2013.01.22 09:46:45.108,1.23875,1.23887,2.63,1.78
2013.01.22 09:46:45.348,1.23876,1.23892,2.25,1.50
2013.01.22 09:46:45.891,1.23878,1.23892,2.25,1.50
2013.01.22 09:46:46.082,1.23878,1.23894,4.50,1.50
2013.01.22 09:46:46.590,1.23878,1.23894,3.00,1.50
2013.01.22 09:46:46.889,1.23877,1.23892,2.63,1.50
2013.01.22 09:46:47.190,1.23871,1.23887,2.63,1.50
2013.01.22 09:46:47.550,1.23871,1.23884,1.13,1.50
2013.01.22 09:46:48.182,1.23866,1.23884,3.23,1.50
2013.01.22 09:46:49.040,1.23866,1.23884,1.50,1.50
2013.01.22 09:46:49.159,1.23866,1.23882,2.25,1.50
2013.01.22 09:46:49.699,1.23866,1.23884,3.75,3.00
2013.01.22 09:46:49.879,1.23865,1.23881,3.19,1.50
2013.01.22 09:46:50.663,1.23866,1.23881,1.13,1.50
2013.01.22 09:46:50.968,1.23869,1.23884,1.13,1.50
2013.01.22 09:46:51.579,1.23869,1.23886,3.38,1.50
2013.01.22 09:46:54.708,1.23871,1.23886,2.40,1.50
2013.01.22 09:46:55.619,1.23868,1.23886,3.60,1.50
2013.01.22 09:46:55.738,1.23867,1.23883,1.13,1.50
2013.01.22 09:46:56.280,1.23866,1.23883,1.50,1.50
2013.01.22 09:46:56.599,1.23863,1.23872,1.73,2.25
2013.01.22 09:46:56.781,1.23851,1.23867,1.13,2.25
2013.01.22 09:46:56.849,1.23848,1.23862,1.50,1.50
2013.01.22 09:46:57.205,1.23847,1.23859,3.00,1.50
2013.01.22 09:46:57.758,1.23843,1.23859,2.82,1.50
2013.01.22 09:46:59.149,1.23843,1.23859,2.44,1.88
2013.01.22 09:46:59.270,1.23843,1.23853,1.50,1.50
2013.01.22 09:46:59.591,1.23838,1.23846,2.25,1.50
2013.01.22 09:46:59.898,1.23827,1.23844,1.13,2.25
2013.01.22 09:47:00.321,1.23826,1.23841,1.28,1.50
2013.01.22 09:47:01.238,1.23825,1.23841,2.40,1.50
2013.01.22 09:47:01.819,1.23826,1.23841,1.65,1.50
2013.01.22 09:47:01.999,1.23832,1.23848,2.25,1.50
2013.01.22 09:47:02.119,1.23829,1.23843,3.75,1.50
2013.01.22 09:47:02.418,1.23831,1.23849,2.63,3.00
2013.01.22 09:47:02.539,1.23831,1.23844,1.13,1.50
2013.01.22 09:47:03.809,1.23828,1.23844,1.50,1.50
2013.01.22 09:47:05.529,1.23825,1.23843,7.32,1.50
2013.01.22 09:47:05.948,1.23824,1.23841,3.00,1.50
2013.01.22 09:47:06.254,1.23824,1.23839,1.50,1.50
2013.01.22 09:47:06.829,1.23827,1.23843,1.13,2.25
2013.01.22 09:47:07.010,1.23832,1.23843,2.63,2.25
2013.01.22 09:47:07.073,1.23832,1.23843,1.50,1.50
2013.01.22 09:47:07.139,1.23827,1.2384,1.65,1.50
2013.01.22 09:47:07.640,1.23824,1.2384,1.88,1.50
2013.01.22 09:47:09.381,1.23824,1.2384,3.19,1.50
2013.01.22 09:47:09.449,1.23826,1.23842,2.48,1.50
2013.01.22 09:47:09.628,1.23828,1.23844,1.50,1.50
2013.01.22 09:47:12.988,1.23829,1.23847,1.50,3.00
2013.01.22 09:47:13.109,1.23828,1.23844,1.50,1.50
2013.01.22 09:47:16.530,1.2383,1.23848,1.50,1.50
2013.01.22 09:47:16.589,1.23833,1.23849,1.50,3.00
2013.01.22 09:47:16.768,1.23834,1.23852,1.50,1.50
2013.01.22 09:47:16.828,1.23837,1.23853,1.50,1.50
2013.01.22 09:47:17.189,1.23837,1.23847,1.50,1.28
2013.01.22 09:47:17.309,1.23837,1.23847,1.50,1.13
2013.01.22 09:47:17.488,1.23837,1.23849,1.50,2.25
2013.01.22 09:47:17.548,1.23833,1.23849,1.50,3.00
2013.01.22 09:47:17.698,1.23837,1.23849,1.50,1.50
2013.01.22 09:47:17.938,1.23837,1.23853,1.50,1.50
2013.01.22 09:47:19.589,1.23833,1.23852,1.50,1.88
2013.01.22 09:47:19.929,1.23834,1.2385,1.50,1.50
2013.01.22 09:47:21.278,1.23831,1.23849,1.50,3.00
2013.01.22 09:47:21.401,1.23829,1.23847,1.50,1.50
2013.01.22 09:47:21.851,1.23827,1.23845,1.88,1.50
2013.01.22 09:47:22.770,1.23827,1.23844,1.88,1.50
2013.01.22 09:47:22.890,1.23825,1.23843,1.50,1.50
2013.01.22 09:47:23.668,1.23826,1.23843,1.50,1.50
2013.01.22 09:47:23.788,1.23828,1.23844,1.50,1.50
2013.01.22 09:47:24.579,1.23825,1.23843,1.50,1.50
2013.01.22 09:47:25.250,1.23824,1.23842,1.50,1.50
2013.01.22 09:47:25.309,1.23826,1.23844,1.50,1.50
2013.01.22 09:47:25.672,1.23826,1.23844,1.50,5.25
2013.01.22 09:47:25.979,1.23824,1.23842,1.50,2.25
2013.01.22 09:47:28.018,1.23823,1.23839,1.50,1.50
2013.01.22 09:47:32.499,1.23823,1.23839,1.88,1.50
2013.01.22 09:47:32.619,1.23823,1.23839,1.65,1.50
2013.01.22 09:47:33.203,1.23825,1.23842,1.50,4.50
2013.01.22 09:47:34.200,1.23825,1.23843,1.50,1.50
2013.01.22 09:47:34.318,1.23828,1.23846,1.50,2.25
2013.01.22 09:47:34.438,1.23828,1.23846,1.50,1.50
2013.01.22 09:47:35.409,1.23834,1.23846,1.13,1.50
2013.01.22 09:47:35.710,1.23834,1.23852,3.00,3.00
2013.01.22 09:47:37.260,1.23837,1.23853,1.88,2.63
2013.01.22 09:47:37.860,1.23838,1.23854,1.13,3.00
2013.01.22 09:47:37.919,1.23842,1.23856,1.50,3.38
2013.01.22 09:47:38.830,1.23842,1.23858,1.50,1.50
2013.01.22 09:47:42.180,1.23845,1.23861,1.50,1.88
2013.01.22 09:47:42.299,1.23845,1.23863,1.50,5.63
2013.01.22 09:47:42.361,1.23849,1.23863,1.50,4.13
2013.01.22 09:47:42.698,1.23851,1.23864,1.50,5.70
2013.01.22 09:47:42.939,1.23851,1.23869,1.50,1.50
2013.01.22 09:47:43.634,1.2385,1.23865,1.50,1.50
2013.01.22 09:47:44.041,1.23847,1.23865,1.50,3.23
2013.01.22 09:47:44.818,1.23847,1.23861,1.50,1.50
2013.01.22 09:47:44.940,1.23844,1.23861,1.50,3.00
2013.01.22 09:47:45.472,1.23843,1.23861,1.50,3.00
2013.01.22 09:47:47.150,1.23843,1.23861,1.50,2.25
2013.01.22 09:47:48.091,1.23843,1.23854,1.50,1.50
2013.01.22 09:47:48.598,1.23842,1.2386,1.50,2.63
2013.01.22 09:47:48.899,1.23848,1.2386,2.40,1.88
2013.01.22 09:47:49.379,1.23848,1.23864,3.90,3.38
2013.01.22 09:47:52.888,1.23847,1.23863,1.50,1.50
2013.01.22 09:47:53.010,1.23841,1.23857,1.88,1.50
2013.01.22 09:47:53.389,1.23839,1.23855,1.50,1.50
2013.01.22 09:47:55.569,1.23839,1.23853,1.50,1.50
2013.01.22 09:47:55.690,1.23837,1.23853,1.50,3.75
2013.01.22 09:47:55.749,1.23835,1.23851,1.50,1.88
2013.01.22 09:47:56.109,1.23834,1.23849,2.25,2.25
2013.01.22 09:47:56.228,1.23834,1.23849,2.25,2.25
2013.01.22 09:47:56.532,1.23838,1.23851,1.50,1.50
2013.01.22 09:47:56.600,1.23838,1.23854,1.50,1.50
2013.01.22 09:47:56.790,1.23836,1.23852,1.50,1.50
2013.01.22 09:47:59.801,1.23837,1.23852,1.50,1.50
2013.01.22 09:47:59.929,1.2384,1.23856,1.50,1.50
2013.01.22 09:47:59.999,1.23837,1.23852,3.00,2.25
2013.01.22 09:48:00.119,1.23835,1.23852,3.00,2.25
2013.01.22 09:48:03.850,1.23838,1.23852,1.50,2.25
2013.01.22 09:48:04.716,1.23837,1.23852,1.50,2.25
2013.01.22 09:48:07.320,1.23835,1.23847,1.50,1.13
2013.01.22 09:48:07.378,1.23832,1.23846,1.88,1.13
2013.01.22 09:48:07.738,1.23832,1.23848,1.50,2.25
2013.01.22 09:48:07.798,1.23829,1.23847,3.38,1.50
2013.01.22 09:48:07.859,1.23832,1.23847,1.50,1.50
2013.01.22 09:48:08.099,1.23834,1.23852,1.50,1.88
2013.01.22 09:48:08.638,1.23834,1.23852,2.25,1.88
2013.01.22 09:48:09.770,1.23834,1.2385,2.25,1.50
2013.01.22 09:48:10.128,1.23819,1.23834,1.50,2.25
2013.01.22 09:48:10.482,1.23817,1.23834,1.13,1.50
2013.01.22 09:48:10.839,1.23818,1.23836,1.88,1.50
2013.01.22 09:48:11.779,1.23817,1.23833,2.25,1.50
2013.01.22 09:48:12.940,1.23817,1.23831,2.25,1.50
2013.01.22 09:48:13.420,1.23817,1.23835,1.50,2.63
2013.01.22 09:48:13.599,1.23821,1.23837,1.50,2.25
2013.01.22 09:48:13.659,1.23822,1.2384,1.50,3.00
2013.01.22 09:48:14.243,1.23822,1.2384,2.25,1.88
2013.01.22 09:48:16.889,1.23824,1.23842,1.50,1.50
2013.01.22 09:48:18.568,1.23824,1.23841,1.50,1.50
2013.01.22 09:48:18.636,1.23823,1.23839,2.25,1.50
2013.01.22 09:48:19.922,1.23823,1.23839,1.50,2.10
2013.01.22 09:48:20.243,1.23818,1.23834,2.25,1.50
2013.01.22 09:48:20.489,1.2382,1.23836,2.25,1.50
2013.01.22 09:48:20.548,1.23822,1.23838,2.25,1.88
2013.01.22 09:48:20.789,1.23824,1.2384,1.50,1.50
2013.01.22 09:48:25.560,1.23826,1.23844,1.50,1.50
2013.01.22 09:48:29.454,1.23825,1.23841,1.50,1.50
2013.01.22 09:48:29.761,1.2382,1.23836,1.50,3.00
2013.01.22 09:48:30.130,1.23818,1.23834,1.50,1.50
2013.01.22 09:48:30.432,1.2381,1.23828,2.25,3.00
2013.01.22 09:48:32.469,1.23808,1.23826,1.50,1.65
2013.01.22 09:48:34.180,1.23807,1.23823,3.75,1.50
2013.01.22 09:48:37.519,1.2381,1.23826,1.50,1.65
2013.01.22 09:48:38.079,1.23811,1.23828,1.50,3.00
2013.01.22 09:48:38.139,1.23809,1.23827,3.00,2.25
2013.01.22 09:48:38.699,1.23807,1.23825,3.00,1.50
2013.01.22 09:48:39.594,1.23807,1.23823,1.88,1.50
2013.01.22 09:48:40.140,1.23808,1.23824,1.50,1.50
2013.01.22 09:48:40.263,1.23809,1.23826,1.50,1.50
2013.01.22 09:48:40.768,1.23808,1.23824,1.50,1.50
2013.01.22 09:48:41.211,1.2381,1.23826,1.50,1.50
2013.01.22 09:48:41.474,1.23807,1.23825,2.63,1.65
2013.01.22 09:48:42.023,1.23807,1.23825,1.50,1.65
2013.01.22 09:48:42.389,1.23807,1.23825,1.50,2.78
2013.01.22 09:48:43.022,1.23806,1.23822,2.25,1.88
2013.01.22 09:48:44.399,1.23805,1.23816,1.65,1.50
2013.01.22 09:48:44.820,1.238,1.23816,2.25,1.50
2013.01.22 09:48:45.336,1.23797,1.23815,3.60,1.50
2013.01.22 09:48:45.980,1.23797,1.23815,3.60,1.50
2013.01.22 09:48:46.538,1.23798,1.23815,2.85,1.50
2013.01.22 09:48:46.658,1.23798,1.23815,2.85,1.50
2013.01.22 09:48:46.897,1.23802,1.2382,2.25,1.50
2013.01.22 09:48:47.910,1.238,1.23818,3.00,1.50
2013.01.22 09:48:48.518,1.238,1.23818,2.25,2.63
2013.01.22 09:48:48.758,1.23798,1.23816,1.50,2.03
2013.01.22 09:48:48.999,1.23796,1.23814,3.00,1.50
2013.01.22 09:48:51.089,1.23796,1.23814,2.25,1.50
2013.01.22 09:48:51.630,1.23797,1.23813,3.75,1.50
2013.01.22 09:48:52.648,1.23798,1.23816,1.50,2.63
2013.01.22 09:48:52.829,1.23801,1.23816,1.50,1.13
2013.01.22 09:48:53.620,1.23801,1.23818,1.50,2.25
2013.01.22 09:48:54.702,1.23801,1.23819,1.50,1.50
2013.01.22 09:48:55.779,1.23799,1.23817,1.50,1.50
2013.01.22 09:48:56.139,1.23797,1.23815,2.63,1.50
2013.01.22 09:48:56.200,1.23797,1.23815,2.63,1.50
2013.01.22 09:48:57.088,1.23796,1.23812,4.13,1.50
2013.01.22 09:48:57.148,1.23798,1.23814,1.50,1.50
2013.01.22 09:48:58.910,1.23795,1.23813,4.50,1.50
2013.01.22 09:48:59.572,1.23795,1.23813,4.84,1.88
2013.01.22 09:49:00.151,1.23794,1.23811,1.84,1.50
2013.01.22 09:49:00.723,1.23794,1.23811,1.32,1.65
2013.01.22 09:49:01.471,1.23796,1.23812,1.50,1.88
2013.01.22 09:49:02.019,1.23793,1.23811,4.65,1.88
2013.01.22 09:49:02.259,1.23797,1.23812,6.60,1.88
2013.01.22 09:49:02.439,1.23797,1.23812,3.23,1.88
2013.01.22 09:49:03.493,1.23795,1.23813,2.40,1.50
2013.01.22 09:49:04.028,1.23797,1.23814,1.50,1.88
2013.01.22 09:49:04.710,1.23797,1.23815,1.50,1.65
2013.01.22 09:49:08.018,1.238,1.23816,1.50,3.75
2013.01.22 09:49:08.320,1.23798,1.23814,1.50,1.50
2013.01.22 09:49:08.919,1.238,1.23816,1.50,3.75
2013.01.22 09:49:10.438,1.23797,1.23815,1.50,2.25
2013.01.22 09:49:10.499,1.238,1.23816,1.50,2.25
2013.01.22 09:49:10.618,1.23802,1.23818,1.50,2.25
2013.01.22 09:49:12.429,1.238,1.23816,1.50,1.50
2013.01.22 09:49:13.154,1.23802,1.23818,1.50,1.88
2013.01.22 09:49:14.820,1.238,1.23816,3.00,1.50
2013.01.22 09:49:20.459,1.23798,1.23814,3.00,1.50
2013.01.22 09:49:21.859,1.23796,1.23813,6.38,1.50
2013.01.22 09:49:22.168,1.23796,1.23811,1.50,1.50
2013.01.22 09:49:22.289,1.23793,1.23811,4.13,1.50
2013.01.22 09:49:22.510,1.23794,1.23811,1.65,1.50
2013.01.22 09:49:22.999,1.23793,1.23811,2.25,2.25
2013.01.22 09:49:23.118,1.23792,1.23809,1.50,1.50
2013.01.22 09:49:23.369,1.23791,1.23809,1.50,1.50
2013.01.22 09:49:23.700,1.23789,1.23805,2.25,1.65
2013.01.22 09:49:23.831,1.23786,1.23804,2.25,2.03
2013.01.22 09:49:24.749,1.23787,1.23804,1.50,1.88
2013.01.22 09:49:24.928,1.23788,1.23806,1.50,1.50
2013.01.22 09:49:25.590,1.23788,1.23806,2.25,1.50
2013.01.22 09:49:26.148,1.23788,1.23806,1.50,1.50
2013.01.22 09:49:27.040,1.23788,1.23806,3.75,1.50
2013.01.22 09:49:27.830,1.23788,1.23806,1.50,1.50
2013.01.22 09:49:29.850,1.23788,1.23806,2.25,1.50
2013.01.22 09:49:32.860,1.23788,1.23806,6.00,1.50
2013.01.22 09:49:33.441,1.2379,1.23808,2.25,1.50
2013.01.22 09:49:35.228,1.23788,1.23804,6.00,1.50
2013.01.22 09:49:39.102,1.23789,1.23807,2.25,3.00
2013.01.22 09:49:39.649,1.23788,1.23804,4.50,1.50
2013.01.22 09:49:42.168,1.23787,1.23803,6.00,1.50
2013.01.22 09:49:42.350,1.23788,1.23806,2.25,1.50
2013.01.22 09:49:43.307,1.23788,1.23806,1.50,2.25
2013.01.22 09:49:43.372,1.23783,1.23801,2.25,1.50
2013.01.22 09:49:53.151,1.23783,1.23801,1.50,1.88
2013.01.22 09:49:55.231,1.23783,1.23801,1.50,1.50
2013.01.22 09:49:55.739,1.23784,1.238,1.50,1.50
2013.01.22 09:50:00.019,1.23781,1.23799,1.50,1.50
2013.01.22 09:50:00.371,1.23785,1.23801,1.50,1.50
2013.01.22 09:50:00.919,1.23784,1.23802,1.50,3.75
2013.01.22 09:50:01.278,1.23783,1.23799,1.50,1.50
2013.01.22 09:50:02.341,1.23783,1.23799,1.50,3.00
2013.01.22 09:50:02.470,1.2378,1.23798,3.00,1.88
2013.01.22 09:50:03.461,1.23785,1.23801,1.50,3.00
2013.01.22 09:50:03.788,1.23787,1.23801,1.50,1.50
2013.01.22 09:50:04.280,1.23784,1.23801,1.50,2.25
2013.01.22 09:50:04.820,1.23784,1.23802,1.50,1.50
2013.01.22 09:50:04.940,1.23784,1.23802,1.50,3.75
2013.01.22 09:50:05.448,1.23783,1.23799,1.50,1.50
2013.01.22 09:50:05.810,1.23786,1.23802,1.50,3.75
2013.01.22 09:50:05.870,1.23788,1.23804,1.50,1.50
2013.01.22 09:50:06.059,1.2379,1.23804,1.50,2.25
2013.01.22 09:50:06.242,1.23788,1.23804,3.00,3.60
2013.01.22 09:50:06.372,1.23784,1.238,1.50,1.50
2013.01.22 09:50:06.619,1.23782,1.238,1.50,2.25
2013.01.22 09:50:07.681,1.23782,1.238,1.50,4.13
2013.01.22 09:50:08.121,1.23779,1.23797,2.63,2.25
2013.01.22 09:50:08.200,1.23775,1.23792,1.50,2.25
2013.01.22 09:50:08.423,1.23773,1.23791,3.38,2.25
2013.01.22 09:50:09.259,1.23772,1.23788,1.50,1.50
2013.01.22 09:50:09.622,1.2377,1.23787,2.25,1.50
2013.01.22 09:50:10.020,1.23768,1.23785,2.85,1.50
2013.01.22 09:50:10.329,1.23771,1.23785,2.25,1.50
2013.01.22 09:50:10.870,1.23771,1.23786,2.25,1.50
2013.01.22 09:50:11.341,1.23771,1.23786,2.63,1.50
2013.01.22 09:50:12.329,1.23771,1.23789,2.25,1.50
2013.01.22 09:50:13.127,1.23771,1.23789,3.00,1.50
2013.01.22 09:50:16.318,1.23769,1.23787,3.00,1.50
2013.01.22 09:50:16.640,1.23774,1.2379,3.53,1.50
2013.01.22 09:50:18.258,1.23775,1.23793,3.15,2.25
2013.01.22 09:50:23.469,1.23775,1.23793,2.40,3.00
2013.01.22 09:50:23.540,1.23775,1.23791,1.65,2.25
2013.01.22 09:50:24.268,1.23776,1.23791,1.50,2.63
2013.01.22 09:50:24.570,1.23778,1.23792,1.50,1.50
2013.01.22 09:50:25.108,1.23777,1.23792,2.25,1.50
2013.01.22 09:50:25.471,1.23777,1.23794,2.25,1.13
2013.01.22 09:50:26.094,1.23777,1.23794,1.50,1.88
2013.01.22 09:50:28.370,1.23777,1.23794,6.75,1.13
2013.01.22 09:50:28.432,1.23777,1.23795,6.75,1.50
2013.01.22 09:50:28.682,1.23782,1.23798,1.50,1.28
2013.01.22 09:50:30.348,1.23785,1.238,1.50,1.50
2013.01.22 09:50:30.409,1.23785,1.23801,1.50,2.25
2013.01.22 09:50:36.289,1.23785,1.23801,1.50,2.63
2013.01.22 09:50:36.668,1.23785,1.23801,2.25,1.88
2013.01.22 09:50:36.969,1.23795,1.23811,2.25,1.50
2013.01.22 09:50:37.030,1.23797,1.23815,1.50,3.00
2013.01.22 09:50:37.089,1.23799,1.23815,1.50,3.23
2013.01.22 09:50:37.390,1.23804,1.23815,1.50,1.50
2013.01.22 09:50:37.449,1.23804,1.23819,1.50,2.78
2013.01.22 09:50:37.629,1.23804,1.23819,1.50,1.80
2013.01.22 09:50:38.237,1.23804,1.2382,1.50,2.55
2013.01.22 09:50:38.359,1.23802,1.23818,3.00,1.50
2013.01.22 09:50:44.209,1.238,1.23816,1.50,1.50
2013.01.22 09:50:53.448,1.23802,1.23818,1.50,1.50
2013.01.22 09:50:58.008,1.23804,1.2382,1.50,1.50
2013.01.22 09:50:58.070,1.23801,1.23819,2.25,1.50
2013.01.22 09:50:59.182,1.23799,1.23817,1.50,1.50
2013.01.22 09:51:05.455,1.238,1.23818,2.25,1.50
2013.01.22 09:51:05.758,1.23802,1.2382,1.50,3.00
2013.01.22 09:51:06.504,1.23802,1.2382,1.50,1.50
2013.01.22 09:51:07.149,1.23804,1.2382,2.25,1.50
2013.01.22 09:51:07.688,1.23804,1.2382,1.50,1.50
2013.01.22 09:51:15.847,1.23805,1.23823,1.50,1.50
2013.01.22 09:51:16.341,1.23808,1.23824,1.50,3.00
2013.01.22 09:51:17.569,1.23809,1.23827,1.50,1.50
2013.01.22 09:51:20.578,1.23807,1.23825,1.50,1.50
2013.01.22 09:51:32.939,1.23807,1.23824,1.50,1.50
2013.01.22 09:51:33.268,1.23806,1.23822,1.50,1.50
2013.01.22 09:51:35.009,1.23804,1.2382,3.00,1.50
2013.01.22 09:51:42.731,1.23805,1.2382,3.75,1.50
2013.01.22 09:51:45.468,1.23804,1.2382,2.48,1.50
2013.01.22 09:51:47.389,1.23805,1.23823,2.48,1.50
2013.01.22 09:51:47.629,1.23805,1.23823,2.63,1.50
2013.01.22 09:51:47.869,1.23808,1.23825,2.63,1.50
2013.01.22 09:51:56.999,1.23808,1.23822,1.13,1.50
2013.01.22 09:51:57.119,1.23806,1.23822,1.50,1.50
2013.01.22 09:51:57.818,1.23804,1.2382,2.63,1.50
2013.01.22 09:51:58.340,1.23804,1.2382,2.55,1.88
2013.01.22 09:51:59.819,1.23804,1.2382,2.63,1.50
2013.01.22 09:52:00.059,1.23804,1.23822,2.25,1.50
2013.01.22 09:52:00.410,1.23803,1.23819,2.25,1.50
2013.01.22 09:52:01.719,1.23803,1.23819,2.25,1.50
2013.01.22 09:52:02.878,1.23803,1.23819,2.63,1.50
2013.01.22 09:52:03.640,1.23805,1.23819,1.13,1.50
2013.01.22 09:52:04.982,1.238,1.23818,2.48,1.50
2013.01.22 09:52:05.452,1.238,1.23818,2.55,1.50
2013.01.22 09:52:08.109,1.238,1.23818,1.73,1.50
2013.01.22 09:52:08.469,1.23811,1.23825,1.50,1.13
2013.01.22 09:52:09.010,1.23809,1.23825,3.00,2.63
2013.01.22 09:52:09.249,1.2381,1.23828,1.50,1.50
2013.01.22 09:52:09.309,1.23813,1.23828,1.50,1.50
2013.01.22 09:52:09.610,1.23816,1.23829,1.50,1.50
2013.01.22 09:52:10.089,1.23818,1.23834,1.58,1.50
2013.01.22 09:52:10.390,1.23824,1.23836,1.50,1.50
2013.01.22 09:52:10.820,1.23826,1.2384,1.50,1.73
2013.01.22 09:52:10.938,1.23826,1.23843,1.50,1.50
2013.01.22 09:52:11.478,1.23825,1.23843,2.25,1.50
2013.01.22 09:52:11.599,1.23828,1.23844,1.50,1.88
2013.01.22 09:52:11.900,1.23832,1.2385,1.50,2.25
2013.01.22 09:52:12.440,1.23833,1.2385,1.50,2.25
2013.01.22 09:52:12.500,1.23835,1.23851,1.50,2.63
2013.01.22 09:52:13.198,1.23835,1.23851,1.50,2.63
2013.01.22 09:52:13.929,1.23837,1.23851,1.50,1.13
2013.01.22 09:52:14.289,1.23839,1.23854,1.50,1.50
2013.01.22 09:52:14.829,1.23838,1.23854,1.50,3.75
2013.01.22 09:52:16.933,1.23838,1.23854,1.50,4.88
2013.01.22 09:52:20.540,1.23838,1.23854,1.50,5.48
2013.01.22 09:52:20.668,1.23835,1.23852,3.00,2.40
2013.01.22 09:52:20.733,1.23835,1.23853,1.50,1.73
2013.01.22 09:52:20.860,1.23838,1.23854,1.50,2.63
2013.01.22 09:52:21.525,1.23836,1.23852,1.50,2.25
2013.01.22 09:52:21.651,1.23836,1.23852,1.50,2.25
2013.01.22 09:52:22.198,1.23837,1.23854,1.50,1.13
2013.01.22 09:52:23.610,1.23837,1.23854,3.00,1.88
2013.01.22 09:52:23.669,1.23839,1.23854,1.50,1.13
2013.01.22 09:52:24.268,1.23839,1.23856,1.50,3.98
2013.01.22 09:52:25.129,1.23841,1.23856,2.25,3.23
2013.01.22 09:52:25.190,1.23843,1.23856,2.25,1.50
2013.01.22 09:52:25.310,1.23846,1.23861,1.50,2.25
2013.01.22 09:52:25.369,1.23846,1.23861,1.50,1.50
2013.01.22 09:52:25.898,1.23846,1.23862,1.50,2.63
2013.01.22 09:52:30.139,1.23846,1.23864,1.50,1.50
2013.01.22 09:52:30.698,1.23846,1.23865,1.50,1.88
2013.01.22 09:52:33.299,1.23848,1.23867,1.50,2.48
2013.01.22 09:52:34.103,1.23848,1.23867,1.50,1.50
2013.01.22 09:52:34.589,1.23851,1.23867,1.50,1.50
2013.01.22 09:52:34.949,1.23849,1.23867,2.25,1.50
2013.01.22 09:52:35.291,1.23851,1.23868,1.50,2.85
2013.01.22 09:52:37.170,1.23851,1.23868,1.50,3.60
2013.01.22 09:52:40.221,1.23851,1.23867,1.50,1.13
2013.01.22 09:52:40.293,1.23851,1.23868,1.50,2.85
2013.01.22 09:52:40.481,1.23849,1.23865,1.50,1.50
2013.01.22 09:52:41.029,1.23849,1.23864,1.50,1.50
2013.01.22 09:52:41.330,1.23845,1.23861,1.50,1.50
2013.01.22 09:52:41.849,1.23844,1.23861,1.50,1.50
2013.01.22 09:52:42.420,1.23846,1.23864,1.50,1.50
2013.01.22 09:52:42.602,1.23848,1.23865,1.50,1.50
2013.01.22 09:52:43.088,1.23846,1.23863,1.50,1.50
2013.01.22 09:52:43.389,1.23847,1.23865,1.50,1.50
2013.01.22 09:52:44.190,1.23849,1.23867,1.50,1.50
2013.01.22 09:52:44.500,1.23844,1.2385,1.50,2.25
2013.01.22 09:52:44.629,1.23834,1.2385,1.50,2.25
2013.01.22 09:52:44.809,1.23835,1.23853,1.50,1.50
2013.01.22 09:52:45.311,1.23836,1.23852,1.50,1.50
2013.01.22 09:52:45.826,1.23836,1.23852,1.50,1.65
2013.01.22 09:52:47.885,1.23831,1.23849,1.50,1.50
2013.01.22 09:53:05.909,1.23831,1.23849,1.50,1.65
2013.01.22 09:53:06.341,1.23815,1.23836,1.50,6.00
2013.01.22 09:53:06.468,1.23798,1.23826,1.73,17.34
2013.01.22 09:53:06.592,1.23784,1.23803,1.13,1.73
2013.01.22 09:53:06.660,1.23776,1.23789,3.75,3.75
2013.01.22 09:53:06.720,1.23776,1.23784,3.75,1.50
2013.01.22 09:53:07.239,1.23768,1.23783,1.13,1.50
2013.01.22 09:53:07.300,1.23768,1.23788,1.13,1.50
2013.01.22 09:53:07.359,1.23766,1.23788,1.50,1.50
2013.01.22 09:53:07.840,1.23763,1.23787,1.88,1.88
2013.01.22 09:53:07.961,1.23765,1.23788,2.25,1.13
2013.01.22 09:53:08.941,1.23765,1.23793,7.50,1.88
2013.01.22 09:53:09.491,1.23767,1.23793,1.13,1.88
2013.01.22 09:53:11.349,1.23765,1.23789,6.23,1.50
2013.01.22 09:53:11.589,1.23765,1.23788,4.13,1.35
2013.01.22 09:53:12.179,1.23764,1.23787,2.48,1.50
2013.01.22 09:53:12.541,1.23763,1.23786,1.50,1.13
2013.01.22 09:53:13.078,1.23761,1.23783,5.25,1.88
2013.01.22 09:53:13.438,1.23761,1.23782,4.50,1.20
2013.01.22 09:53:13.803,1.23762,1.23779,1.13,4.58
2013.01.22 09:53:13.954,1.23757,1.23779,3.38,5.33
2013.01.22 09:53:14.259,1.23757,1.23779,3.38,3.08
2013.01.22 09:53:14.817,1.23758,1.2378,3.38,1.73
2013.01.22 09:53:15.402,1.23758,1.23779,4.50,1.35
2013.01.22 09:53:16.099,1.23758,1.23779,1.50,1.35
2013.01.22 09:53:16.341,1.23749,1.23778,1.50,3.75
2013.01.22 09:53:16.398,1.23749,1.2378,1.50,2.10
2013.01.22 09:53:16.640,1.23749,1.23778,1.50,1.13
2013.01.22 09:53:17.000,1.23752,1.23776,1.73,1.73
2013.01.22 09:53:19.681,1.23755,1.23777,1.28,2.10
2013.01.22 09:53:19.989,1.23764,1.23781,1.09,1.50
2013.01.22 09:53:20.570,1.23765,1.23781,1.84,1.50
2013.01.22 09:53:20.636,1.23765,1.23787,1.65,1.50
2013.01.22 09:53:21.247,1.23765,1.23786,1.65,2.14
2013.01.22 09:53:21.697,1.23765,1.23786,1.65,2.14
2013.01.22 09:53:22.789,1.23765,1.23786,1.69,2.14
2013.01.22 09:53:22.974,1.23762,1.23785,3.94,4.13
2013.01.22 09:53:23.039,1.23761,1.23785,1.13,4.13
2013.01.22 09:53:24.440,1.23757,1.23782,1.88,1.13
2013.01.22 09:53:25.250,1.23757,1.23782,1.13,1.13
2013.01.22 09:53:25.918,1.23757,1.23782,1.88,1.13
2013.01.22 09:53:26.558,1.23757,1.23782,1.13,1.13
2013.01.22 09:53:28.290,1.23757,1.23783,1.13,1.13
2013.01.22 09:53:28.842,1.23756,1.23778,1.54,1.50
2013.01.22 09:53:29.170,1.23754,1.23778,1.50,3.98
2013.01.22 09:53:34.669,1.23754,1.23776,1.13,1.13
2013.01.22 09:53:35.310,1.23754,1.23774,1.13,1.65
2013.01.22 09:53:38.640,1.23754,1.23774,1.73,1.65
2013.01.22 09:53:39.270,1.23754,1.23775,1.13,2.25
2013.01.22 09:53:45.102,1.23753,1.23775,2.95,1.50
2013.01.22 09:53:45.619,1.23755,1.23775,1.28,1.50
2013.01.22 09:53:49.500,1.23753,1.23775,2.25,1.35
2013.01.22 09:53:50.239,1.23754,1.23775,1.28,1.35
2013.01.22 09:53:52.425,1.23754,1.23774,1.28,2.03
2013.01.22 09:53:52.507,1.23753,1.23774,2.25,1.28
2013.01.22 09:53:53.213,1.23755,1.23774,1.50,1.28
2013.01.22 09:53:53.518,1.23763,1.23776,1.13,1.13
2013.01.22 09:53:54.029,1.23764,1.23778,1.13,1.65
2013.01.22 09:53:54.636,1.23759,1.23778,1.50,1.50
2013.01.22 09:53:57.898,1.23757,1.23779,5.59,3.30
2013.01.22 09:53:59.941,1.23757,1.23779,5.59,2.03
2013.01.22 09:54:00.069,1.23757,1.23777,4.84,1.73
2013.01.22 09:54:00.189,1.23754,1.23775,2.97,3.15
2013.01.22 09:54:01.170,1.23756,1.23775,6.34,1.65
2013.01.22 09:54:01.238,1.23756,1.23774,1.84,1.50
2013.01.22 09:54:03.278,1.23756,1.23775,1.84,2.40
2013.01.22 09:54:03.789,1.23756,1.23775,1.84,2.78
2013.01.22 09:54:08.958,1.23756,1.23773,1.50,2.10
2013.01.22 09:54:09.259,1.23752,1.23767,2.25,2.25
2013.01.22 09:54:09.560,1.23752,1.23767,2.25,3.00
2013.01.22 09:54:10.109,1.23752,1.23765,2.59,1.13
2013.01.22 09:54:10.472,1.23749,1.2376,1.56,1.50
2013.01.22 09:54:11.722,1.23744,1.2376,2.03,1.50
2013.01.22 09:54:13.969,1.23742,1.2376,1.88,1.50
2013.01.22 09:54:14.418,1.23739,1.23758,1.13,1.50
2013.01.22 09:54:15.189,1.23737,1.23758,2.25,2.10
2013.01.22 09:54:15.734,1.23737,1.23758,1.50,2.85
2013.01.22 09:54:15.800,1.23737,1.23755,1.50,1.50
2013.01.22 09:54:16.140,1.23735,1.23753,1.13,1.50
2013.01.22 09:54:16.763,1.23735,1.23753,1.13,1.50
2013.01.22 09:54:17.070,1.23735,1.23752,2.85,1.50
2013.01.22 09:54:17.130,1.23735,1.23752,1.50,1.50
2013.01.22 09:54:18.819,1.23735,1.23752,1.65,2.25
2013.01.22 09:54:19.959,1.23735,1.23755,1.35,3.15
2013.01.22 09:54:20.461,1.23735,1.23755,2.48,2.40
2013.01.22 09:54:21.124,1.23735,1.23754,2.63,1.65
2013.01.22 09:54:22.194,1.23736,1.23756,1.50,1.13
2013.01.22 09:54:22.901,1.23736,1.23756,2.85,1.88
2013.01.22 09:54:23.755,1.23736,1.23756,2.85,1.65
2013.01.22 09:54:23.941,1.23732,1.23753,2.25,6.75
2013.01.22 09:54:24.003,1.23732,1.23753,2.25,3.00
2013.01.22 09:54:24.551,1.23734,1.23755,1.50,4.65
2013.01.22 09:54:24.799,1.23734,1.23752,1.50,1.35
2013.01.22 09:54:24.924,1.23731,1.2375,1.50,1.50
2013.01.22 09:54:25.769,1.23733,1.23754,1.50,3.75
2013.01.22 09:54:25.950,1.23732,1.23751,1.50,1.50
2013.01.22 09:54:31.943,1.23734,1.23753,1.50,1.50
2013.01.22 09:54:34.149,1.23734,1.23753,1.50,2.25
2013.01.22 09:54:34.459,1.23734,1.23752,1.50,1.50
2013.01.22 09:54:35.379,1.23734,1.2375,1.50,1.50
2013.01.22 09:54:35.499,1.23731,1.2375,3.00,3.00
2013.01.22 09:54:36.684,1.23729,1.23748,1.50,1.50
2013.01.22 09:54:44.150,1.23729,1.23748,1.50,2.25
2013.01.22 09:54:44.473,1.23727,1.23745,4.13,1.50
2013.01.22 09:54:45.084,1.23728,1.23745,1.50,1.50
2013.01.22 09:54:45.510,1.23726,1.23742,1.50,1.50
2013.01.22 09:54:46.171,1.23727,1.23743,1.50,1.50
2013.01.22 09:54:46.582,1.23726,1.23741,2.25,1.50
2013.01.22 09:54:47.130,1.23727,1.23744,1.50,1.50
2013.01.22 09:54:48.000,1.23728,1.23746,1.50,2.25
2013.01.22 09:54:49.672,1.23727,1.23743,3.00,1.50
2013.01.22 09:54:49.981,1.23726,1.2374,1.13,1.50
2013.01.22 09:54:50.050,1.23726,1.23742,2.63,3.00
2013.01.22 09:54:51.036,1.23726,1.23742,3.38,1.50
2013.01.22 09:54:51.789,1.23726,1.23742,1.88,1.50
2013.01.22 09:54:52.150,1.23728,1.23742,1.50,1.50
2013.01.22 09:54:52.790,1.23729,1.23742,1.50,1.50
2013.01.22 09:54:53.390,1.23729,1.23744,1.50,3.00
2013.01.22 09:54:53.899,1.23729,1.23747,3.00,3.00
2013.01.22 09:54:54.258,1.23729,1.23743,1.50,1.50
2013.01.22 09:54:54.439,1.23727,1.23743,1.50,2.25
2013.01.22 09:54:54.559,1.23729,1.23743,1.50,2.25
2013.01.22 09:54:54.619,1.23729,1.23745,3.00,3.00
2013.01.22 09:54:54.799,1.23729,1.23744,1.50,2.25
2013.01.22 09:54:54.858,1.23726,1.23744,1.88,2.25
2013.01.22 09:54:55.189,1.23728,1.23744,1.50,1.50
2013.01.22 09:54:55.369,1.23726,1.23744,1.88,2.25
2013.01.22 09:54:55.428,1.23725,1.23741,5.25,1.50
2013.01.22 09:54:55.729,1.23729,1.23741,1.50,1.50
2013.01.22 09:54:56.819,1.23729,1.23744,1.50,1.50
2013.01.22 09:54:59.319,1.23727,1.23744,2.25,1.50
2013.01.22 09:54:59.838,1.23728,1.23744,1.50,1.50
2013.01.22 09:55:01.331,1.23727,1.23744,1.50,1.50
2013.01.22 09:55:02.309,1.23726,1.23744,2.63,2.25
2013.01.22 09:55:02.430,1.23725,1.23741,3.38,1.50
2013.01.22 09:55:03.859,1.23725,1.23741,3.38,1.50
2013.01.22 09:55:04.989,1.23729,1.23741,1.50,1.50
2013.01.22 09:55:05.049,1.23729,1.23743,1.50,1.50
2013.01.22 09:55:05.230,1.23727,1.23743,2.63,1.50
2013.01.22 09:55:06.210,1.23729,1.23743,1.50,1.50
2013.01.22 09:55:06.270,1.23727,1.23743,1.88,1.50
2013.01.22 09:55:06.329,1.23728,1.23746,1.50,3.00
2013.01.22 09:55:06.769,1.23727,1.23743,2.63,1.50
2013.01.22 09:55:07.129,1.23729,1.23745,3.00,1.50
2013.01.22 09:55:07.369,1.23726,1.23744,2.63,1.50
2013.01.22 09:55:07.669,1.23729,1.23745,1.50,1.50
2013.01.22 09:55:07.970,1.23727,1.23743,2.63,1.50
2013.01.22 09:55:08.269,1.2373,1.23748,1.50,1.50
2013.01.22 09:55:08.328,1.23729,1.23745,1.50,1.50
2013.01.22 09:55:08.630,1.23729,1.23743,1.50,1.50
2013.01.22 09:55:08.849,1.23729,1.23745,1.50,1.50
2013.01.22 09:55:09.219,1.23731,1.23748,1.50,1.50
2013.01.22 09:55:09.339,1.2373,1.23746,1.50,1.50
2013.01.22 09:55:09.398,1.23728,1.23746,1.50,1.50
2013.01.22 09:55:09.579,1.23729,1.23743,1.50,1.50
2013.01.22 09:55:09.758,1.23727,1.23743,2.63,1.50
2013.01.22 09:55:09.879,1.2373,1.23746,1.50,3.00
2013.01.22 09:55:09.939,1.23727,1.23745,3.38,1.50
2013.01.22 09:55:10.179,1.2373,1.23746,1.50,1.50
2013.01.22 09:55:10.480,1.23728,1.23744,1.50,1.50
2013.01.22 09:55:11.039,1.23727,1.23745,2.63,1.50
2013.01.22 09:55:11.340,1.23729,1.23746,1.50,1.50
2013.01.22 09:55:11.818,1.23727,1.23745,2.63,1.50
2013.01.22 09:55:12.079,1.23728,1.23745,2.25,1.50
2013.01.22 09:55:12.199,1.23732,1.2375,1.50,5.40
2013.01.22 09:55:12.259,1.23735,1.2375,1.50,2.40
2013.01.22 09:55:12.619,1.23737,1.23753,5.25,3.38
2013.01.22 09:55:12.861,1.23738,1.23754,1.50,1.88
2013.01.22 09:55:12.978,1.23739,1.23757,1.50,3.00
2013.01.22 09:55:16.881,1.2374,1.23757,1.88,1.50
2013.01.22 09:55:16.951,1.23743,1.23761,1.88,2.25
2013.01.22 09:55:17.350,1.23745,1.23763,1.88,2.25
2013.01.22 09:55:17.909,1.23748,1.23764,1.50,1.73
2013.01.22 09:55:21.300,1.23748,1.23764,2.85,1.35
2013.01.22 09:55:21.360,1.23753,1.23769,2.63,7.50
2013.01.22 09:55:21.599,1.23759,1.23773,1.50,4.50
2013.01.22 09:55:22.139,1.23758,1.23774,1.50,2.44
2013.01.22 09:55:22.689,1.23757,1.23774,1.50,2.82
2013.01.22 09:55:22.989,1.23754,1.2377,1.50,2.63
2013.01.22 09:55:25.509,1.23754,1.23769,1.50,2.85
2013.01.22 09:55:25.704,1.23751,1.23767,1.50,1.50
2013.01.22 09:55:30.359,1.23751,1.23764,1.50,1.13
2013.01.22 09:55:30.539,1.23748,1.23764,1.50,1.88
2013.01.22 09:55:32.520,1.23746,1.23764,3.00,3.38
2013.01.22 09:55:32.579,1.23749,1.23764,1.50,1.88
2013.01.22 09:55:33.111,1.23749,1.23764,1.50,3.38
2013.01.22 09:55:34.619,1.23749,1.23762,1.50,1.35
2013.01.22 09:55:34.680,1.23746,1.23762,1.50,1.35
2013.01.22 09:55:35.039,1.23744,1.23762,1.50,1.50
2013.01.22 09:55:35.160,1.23742,1.2376,1.50,1.50
2013.01.22 09:55:35.520,1.2374,1.23758,1.50,1.50
2013.01.22 09:55:37.680,1.2374,1.23758,1.50,2.48
2013.01.22 09:55:37.759,1.23734,1.23752,1.50,1.50
2013.01.22 09:55:37.825,1.23736,1.23752,1.50,1.50
2013.01.22 09:55:38.010,1.23739,1.23754,1.13,1.50
2013.01.22 09:55:38.070,1.23745,1.23756,1.50,1.50
2013.01.22 09:55:38.130,1.23745,1.23761,1.50,1.50
2013.01.22 09:55:38.559,1.23747,1.23763,1.50,1.50
2013.01.22 09:55:42.668,1.23747,1.23763,1.50,2.25
2013.01.22 09:55:42.729,1.23745,1.23762,1.50,2.25
2013.01.22 09:55:42.910,1.23742,1.23758,1.50,1.50
2013.01.22 09:55:43.269,1.23745,1.23761,1.50,1.50
2013.01.22 09:55:43.629,1.23751,1.23767,1.50,3.23
2013.01.22 09:55:43.689,1.23749,1.23765,1.50,1.50
2013.01.22 09:55:44.759,1.23751,1.23767,1.50,1.50
2013.01.22 09:55:45.322,1.23751,1.23767,2.48,1.50
2013.01.22 09:55:45.509,1.2376,1.23772,1.50,1.50
2013.01.22 09:55:45.570,1.23758,1.23776,3.00,3.60
2013.01.22 09:55:45.749,1.23756,1.23774,1.50,1.88
2013.01.22 09:55:46.861,1.23754,1.23772,3.00,1.50
2013.01.22 09:55:47.169,1.23754,1.23771,1.50,1.50
2013.01.22 09:55:48.368,1.23754,1.23769,1.50,1.13
2013.01.22 09:55:48.681,1.23754,1.23761,1.50,2.25
2013.01.22 09:55:49.040,1.23754,1.23767,2.25,1.28
2013.01.22 09:55:49.100,1.23758,1.23768,1.50,1.13
2013.01.22 09:55:49.460,1.23762,1.23773,1.50,1.13
2013.01.22 09:55:49.591,1.23763,1.23774,1.50,1.50
2013.01.22 09:55:49.651,1.23766,1.23774,1.50,1.50
2013.01.22 09:55:49.840,1.23769,1.23785,3.00,2.85
2013.01.22 09:55:49.899,1.23771,1.23787,1.50,3.00
2013.01.22 09:55:50.023,1.23771,1.23785,1.50,1.13
2013.01.22 09:55:50.270,1.23774,1.2379,1.50,2.25
2013.01.22 09:55:50.419,1.23776,1.23792,1.50,2.25
2013.01.22 09:55:50.480,1.23776,1.23792,1.50,1.50
2013.01.22 09:55:50.541,1.23779,1.23795,1.50,3.00
2013.01.22 09:55:50.960,1.23776,1.23794,1.50,2.25
2013.01.22 09:55:51.473,1.23776,1.23794,1.50,2.25
2013.01.22 09:55:52.029,1.23776,1.23794,1.50,2.25
2013.01.22 09:55:52.589,1.23776,1.23794,1.50,2.25
2013.01.22 09:55:53.070,1.23776,1.23794,1.50,2.25
2013.01.22 09:55:54.289,1.23775,1.23791,1.50,2.25
2013.01.22 09:55:54.839,1.23776,1.23793,1.50,1.88
2013.01.22 09:55:55.379,1.23776,1.23793,1.50,1.13
2013.01.22 09:55:55.880,1.23776,1.23793,1.50,1.13
2013.01.22 09:55:58.280,1.23774,1.23792,3.00,2.25
2013.01.22 09:55:59.289,1.23774,1.23791,1.50,1.50
2013.01.22 09:55:59.891,1.23772,1.2379,1.50,2.25
2013.01.22 09:56:00.079,1.23772,1.2379,1.50,2.25
2013.01.22 09:56:00.639,1.23772,1.2379,1.50,2.85
2013.01.22 09:56:00.699,1.2377,1.23786,1.50,1.50
2013.01.22 09:56:01.512,1.2377,1.23786,1.50,2.25
2013.01.22 09:56:01.651,1.2377,1.23783,1.50,1.13
2013.01.22 09:56:01.710,1.23763,1.23777,1.50,1.50
2013.01.22 09:56:02.132,1.23763,1.23781,2.25,1.88
2013.01.22 09:56:02.259,1.23762,1.23779,1.50,1.50
2013.01.22 09:56:02.319,1.23761,1.23779,1.50,1.50
2013.01.22 09:56:03.080,1.23761,1.23779,1.50,2.25
2013.01.22 09:56:03.322,1.23761,1.23779,2.03,2.25
2013.01.22 09:56:03.391,1.23761,1.23779,1.65,2.25
2013.01.22 09:56:03.931,1.23761,1.23779,1.50,1.50
2013.01.22 09:56:04.410,1.23765,1.23783,1.50,2.10
2013.01.22 09:56:08.380,1.23769,1.23784,1.50,1.13
2013.01.22 09:56:08.859,1.23765,1.23781,1.88,1.50
2013.01.22 09:56:09.479,1.23762,1.2378,2.25,1.50
2013.01.22 09:56:09.541,1.23762,1.2378,1.88,1.73
2013.01.22 09:56:10.091,1.23763,1.23779,1.50,1.73
2013.01.22 09:56:10.310,1.23765,1.23781,1.50,3.00
2013.01.22 09:56:10.729,1.23765,1.23781,1.50,1.73
2013.01.22 09:56:11.659,1.23762,1.2378,3.00,1.73
2013.01.22 09:56:18.049,1.23763,1.2378,1.50,1.73
2013.01.22 09:56:18.110,1.23765,1.23783,1.50,2.70
2013.01.22 09:56:18.170,1.23766,1.23782,1.50,2.25
2013.01.22 09:56:18.230,1.23766,1.23783,1.50,1.50
2013.01.22 09:56:18.798,1.23767,1.23785,1.50,4.13
2013.01.22 09:56:19.364,1.23767,1.23785,1.50,6.38
2013.01.22 09:56:20.393,1.23767,1.23785,1.50,3.38
2013.01.22 09:56:20.460,1.2377,1.23784,1.50,4.50
2013.01.22 09:56:20.640,1.2377,1.23786,1.50,3.19
2013.01.22 09:56:20.939,1.23773,1.23786,1.50,1.50
2013.01.22 09:56:21.012,1.23774,1.23791,1.50,1.50
2013.01.22 09:56:21.157,1.23777,1.23791,1.50,1.50
2013.01.22 09:56:21.431,1.23777,1.23793,1.50,2.63
2013.01.22 09:56:22.039,1.23777,1.23792,1.50,3.75
2013.01.22 09:56:22.643,1.23777,1.23793,1.50,1.88
2013.01.22 09:56:23.970,1.23783,1.23793,1.50,1.50
2013.01.22 09:56:24.330,1.23786,1.23799,1.50,1.50
2013.01.22 09:56:25.350,1.23786,1.238,1.50,1.28
2013.01.22 09:56:27.341,1.23786,1.238,1.50,1.13
2013.01.22 09:56:27.460,1.23786,1.23797,1.50,2.10
2013.01.22 09:56:27.580,1.23779,1.23795,1.50,2.29
2013.01.22 09:56:28.119,1.23778,1.23795,1.50,3.00
2013.01.22 09:56:28.611,1.23779,1.23795,1.50,1.92
2013.01.22 09:56:28.789,1.23777,1.23795,1.88,2.85
2013.01.22 09:56:29.341,1.23777,1.23795,1.88,2.85
2013.01.22 09:56:29.970,1.23784,1.23795,1.13,2.10
2013.01.22 09:56:30.209,1.23787,1.23803,1.50,2.25
2013.01.22 09:56:30.329,1.23787,1.23803,1.50,1.88
2013.01.22 09:56:30.810,1.23789,1.23805,1.50,3.23
2013.01.22 09:56:30.939,1.23792,1.23808,1.50,1.50
2013.01.22 09:56:31.120,1.23794,1.2381,1.50,3.75
2013.01.22 09:56:32.321,1.23791,1.23809,2.55,1.88
2013.01.22 09:56:32.440,1.23791,1.23804,1.80,1.50
2013.01.22 09:56:32.500,1.23786,1.23802,1.88,3.00
2013.01.22 09:56:32.619,1.23783,1.23801,2.63,1.50
2013.01.22 09:56:35.130,1.23783,1.238,1.50,2.25
2013.01.22 09:56:35.490,1.23779,1.23796,1.50,3.98
2013.01.22 09:56:35.549,1.23778,1.23795,1.88,1.35
2013.01.22 09:56:36.710,1.23774,1.23792,1.88,1.73
2013.01.22 09:56:36.829,1.23772,1.2379,1.50,1.50
2013.01.22 09:56:40.149,1.23772,1.2379,1.50,5.25
2013.01.22 09:56:40.450,1.23769,1.23785,1.50,4.50
2013.01.22 09:56:40.990,1.23769,1.23782,1.50,3.00
2013.01.22 09:56:41.429,1.23769,1.23785,1.50,2.48
2013.01.22 09:56:41.489,1.23767,1.23784,1.50,6.00
2013.01.22 09:56:41.849,1.23769,1.23783,1.50,1.50
2013.01.22 09:56:43.760,1.23769,1.23784,1.50,2.25
2013.01.22 09:56:44.300,1.23768,1.23784,1.50,2.25
2013.01.22 09:56:44.660,1.23776,1.23789,1.69,1.50
2013.01.22 09:56:44.721,1.23778,1.23792,1.69,2.25
2013.01.22 09:56:44.780,1.2378,1.23794,1.50,1.13
2013.01.22 09:56:45.140,1.2378,1.23798,1.50,1.50
2013.01.22 09:56:45.900,1.2378,1.23797,1.50,1.50
2013.01.22 09:56:46.140,1.23775,1.23791,1.50,1.50
2013.01.22 09:56:46.962,1.23775,1.23791,1.50,2.25
2013.01.22 09:56:47.271,1.23767,1.23782,1.50,2.25
2013.01.22 09:56:47.693,1.23765,1.23782,1.50,1.50
2013.01.22 09:56:48.009,1.23765,1.23781,1.50,2.25
2013.01.22 09:56:48.610,1.23768,1.23781,1.50,2.25
2013.01.22 09:56:48.730,1.23769,1.23786,1.50,1.13
2013.01.22 09:56:48.909,1.23771,1.23787,1.13,1.50
2013.01.22 09:56:49.220,1.23781,1.23787,1.50,1.50
2013.01.22 09:56:49.400,1.2378,1.23792,1.50,1.88
2013.01.22 09:56:49.581,1.2378,1.23798,2.25,1.50
2013.01.22 09:56:49.979,1.23781,1.23798,3.60,1.50
2013.01.22 09:56:50.399,1.23786,1.23802,1.50,1.50
2013.01.22 09:56:51.452,1.23785,1.23801,1.50,2.25
2013.01.22 09:56:51.769,1.23781,1.23796,1.13,1.50
2013.01.22 09:56:52.280,1.2378,1.23796,1.50,1.50
2013.01.22 09:56:53.779,1.2378,1.23796,2.25,1.50
2013.01.22 09:56:53.899,1.23784,1.238,1.13,1.73
2013.01.22 09:56:54.200,1.23786,1.23803,1.65,1.28
2013.01.22 09:56:54.640,1.23786,1.23804,2.10,2.25
2013.01.22 09:56:54.700,1.23791,1.23807,1.50,1.13
2013.01.22 09:56:55.059,1.23796,1.23809,1.50,1.50
2013.01.22 09:56:55.500,1.23796,1.23814,1.50,3.90
2013.01.22 09:56:56.299,1.23796,1.23814,2.25,1.50
2013.01.22 09:56:56.559,1.238,1.23816,1.50,1.50
2013.01.22 09:56:56.919,1.238,1.23816,1.50,3.45
2013.01.22 09:56:57.598,1.238,1.23815,1.50,2.40
2013.01.22 09:56:58.269,1.238,1.23812,1.50,1.13
2013.01.22 09:56:58.449,1.23792,1.23809,2.25,2.25
2013.01.22 09:56:58.510,1.23792,1.23809,1.50,3.15
2013.01.22 09:56:58.880,1.23792,1.23808,1.50,1.88
2013.01.22 09:57:00.875,1.23788,1.23806,1.50,3.53
2013.01.22 09:57:01.400,1.23789,1.23806,1.50,2.03
2013.01.22 09:57:01.829,1.23787,1.23805,1.50,2.40
2013.01.22 09:57:02.249,1.23791,1.23809,1.50,1.88
2013.01.22 09:57:02.646,1.2379,1.23806,1.50,1.50
2013.01.22 09:57:03.989,1.2379,1.23806,1.50,3.00
2013.01.22 09:57:04.292,1.23788,1.23804,1.50,2.40
2013.01.22 09:57:04.361,1.23786,1.23802,2.40,1.88
2013.01.22 09:57:04.539,1.23784,1.23799,1.88,1.50
2013.01.22 09:57:07.281,1.23784,1.238,3.38,1.50
2013.01.22 09:57:07.640,1.23788,1.23801,6.00,1.50
2013.01.22 09:57:08.000,1.23788,1.23805,4.50,1.50
2013.01.22 09:57:08.119,1.23787,1.23804,2.25,1.50
2013.01.22 09:57:08.239,1.23787,1.23802,5.10,1.50
2013.01.22 09:57:08.419,1.23786,1.23802,2.25,1.50
2013.01.22 09:57:08.599,1.23788,1.23802,4.50,1.50
2013.01.22 09:57:08.659,1.23788,1.23805,4.50,1.50
2013.01.22 09:57:08.722,1.23788,1.23802,4.50,1.50
2013.01.22 09:57:08.848,1.23786,1.23802,2.25,1.50
2013.01.22 09:57:09.089,1.23789,1.23805,2.25,1.50
2013.01.22 09:57:09.345,1.23786,1.23804,2.25,1.50
2013.01.22 09:57:09.418,1.23785,1.23801,8.97,1.50
2013.01.22 09:57:09.719,1.23788,1.23805,4.50,1.50
2013.01.22 09:57:09.779,1.23787,1.23805,2.25,1.50
2013.01.22 09:57:10.139,1.23788,1.23805,4.50,1.50
2013.01.22 09:57:10.318,1.23786,1.23803,2.25,1.50
2013.01.22 09:57:10.559,1.23787,1.23805,6.75,1.50
2013.01.22 09:57:11.099,1.2379,1.23806,1.50,1.50
2013.01.22 09:57:14.080,1.23787,1.23803,6.00,1.50
2013.01.22 09:57:14.201,1.23785,1.23801,6.15,1.50
2013.01.22 09:57:14.570,1.23788,1.23801,4.50,1.50
2013.01.22 09:57:14.629,1.23788,1.23803,4.50,3.00
2013.01.22 09:57:14.829,1.23786,1.23804,3.00,1.50
2013.01.22 09:57:15.339,1.23787,1.23803,1.50,1.50
2013.01.22 09:57:15.699,1.23788,1.23803,4.50,1.50
2013.01.22 09:57:15.879,1.23787,1.23803,2.25,1.50
2013.01.22 09:57:16.179,1.23788,1.23803,4.50,1.50
2013.01.22 09:57:16.319,1.23787,1.23803,2.25,1.50
2013.01.22 09:57:16.679,1.23788,1.23803,4.50,1.50
2013.01.22 09:57:18.860,1.23787,1.23803,2.25,1.50
2013.01.22 09:57:19.399,1.23785,1.23802,2.78,1.50
2013.01.22 09:57:19.710,1.23785,1.23802,2.25,1.88
2013.01.22 09:57:20.610,1.23785,1.23802,2.25,1.88
2013.01.22 09:57:20.670,1.23785,1.23802,2.25,1.65
2013.01.22 09:57:20.733,1.23785,1.23799,2.25,1.50
2013.01.22 09:57:20.802,1.23783,1.23799,3.94,1.50
2013.01.22 09:57:20.870,1.23782,1.23794,1.88,1.50
2013.01.22 09:57:21.179,1.23778,1.23794,2.10,1.50
2013.01.22 09:57:24.149,1.2378,1.23796,1.50,3.00
2013.01.22 09:57:24.473,1.23778,1.23794,1.88,1.50
2013.01.22 09:57:25.789,1.23777,1.23792,1.13,1.50
2013.01.22 09:57:27.101,1.23777,1.23792,1.13,1.50
2013.01.22 09:57:32.901,1.23776,1.23792,2.44,1.50
2013.01.22 09:57:33.262,1.23778,1.23792,4.50,1.50
2013.01.22 09:57:35.371,1.23778,1.23792,2.25,1.50
2013.01.22 09:57:35.893,1.23777,1.23792,3.00,1.65
2013.01.22 09:57:37.021,1.23778,1.23792,2.25,1.65
2013.01.22 09:57:37.611,1.23778,1.23792,2.25,1.50
2013.01.22 09:57:38.142,1.23778,1.23792,4.50,1.50
2013.01.22 09:57:43.292,1.23777,1.23792,2.25,1.50
2013.01.22 09:57:43.365,1.23778,1.23795,1.50,1.50
2013.01.22 09:57:48.563,1.23777,1.23795,2.63,1.50
2013.01.22 09:57:48.751,1.23779,1.23797,1.50,1.50
2013.01.22 09:57:49.232,1.23781,1.23799,1.50,1.50
2013.01.22 09:57:49.610,1.2378,1.23796,1.50,1.50
2013.01.22 09:57:50.401,1.23781,1.23798,1.50,1.50
2013.01.22 09:57:50.951,1.23781,1.23799,1.50,1.50
2013.01.22 09:57:51.491,1.23784,1.238,1.50,1.50
2013.01.22 09:57:52.171,1.23781,1.23799,1.50,1.50
2013.01.22 09:57:52.661,1.23783,1.23801,1.50,1.50
2013.01.22 09:57:53.901,1.23783,1.238,1.50,1.50
2013.01.22 09:57:54.380,1.23781,1.23799,1.50,1.50
2013.01.22 09:57:54.931,1.23782,1.238,1.50,1.50
2013.01.22 09:57:58.713,1.23783,1.238,1.50,1.50
2013.01.22 09:57:58.772,1.23784,1.23802,1.50,1.65
2013.01.22 09:57:58.831,1.23782,1.23798,1.50,1.50
2013.01.22 09:57:59.251,1.23783,1.23801,1.50,1.50
2013.01.22 09:57:59.741,1.23781,1.23799,1.50,1.50
2013.01.22 09:58:00.381,1.23783,1.23801,1.50,1.50
2013.01.22 09:58:00.742,1.23781,1.23799,1.50,1.50
2013.01.22 09:58:04.339,1.23781,1.23799,1.88,1.50
2013.01.22 09:58:04.462,1.23786,1.23804,1.50,1.50
2013.01.22 09:58:04.701,1.23788,1.23804,1.50,1.50
2013.01.22 09:58:04.821,1.2379,1.23807,1.50,1.13
2013.01.22 09:58:05.531,1.2379,1.23808,1.50,1.50
2013.01.22 09:58:18.980,1.23788,1.23806,3.00,1.50
2013.01.22 09:58:39.591,1.23789,1.23807,1.50,1.50
2013.01.22 09:58:44.381,1.23787,1.23805,1.50,1.50
2013.01.22 09:58:44.894,1.23785,1.23803,1.50,1.50
2013.01.22 09:58:45.424,1.23783,1.23801,1.88,1.50
2013.01.22 09:58:47.539,1.23782,1.23799,1.13,1.50
2013.01.22 09:58:47.663,1.23781,1.23799,1.50,1.50
2013.01.22 09:58:48.774,1.23779,1.23797,3.00,1.50
2013.01.22 09:58:51.891,1.23783,1.23798,1.50,1.50
2013.01.22 09:58:52.251,1.23784,1.23801,1.50,2.25
2013.01.22 09:58:52.373,1.23781,1.23798,1.50,1.50
2013.01.22 09:58:52.431,1.23779,1.23796,3.00,1.50
2013.01.22 09:58:52.911,1.2378,1.23798,1.50,1.50
2013.01.22 09:58:55.453,1.23779,1.23795,2.25,1.50
2013.01.22 09:58:55.761,1.2378,1.23798,2.25,1.50
2013.01.22 09:58:55.881,1.23778,1.23796,6.38,1.50
2013.01.22 09:58:55.941,1.23778,1.23796,2.63,1.50
2013.01.22 09:58:56.134,1.23781,1.23797,1.50,3.15
2013.01.22 09:59:03.941,1.23781,1.23797,2.25,1.65
2013.01.22 09:59:04.502,1.23783,1.23799,3.00,1.88
2013.01.22 09:59:05.241,1.23785,1.23801,1.50,1.88
2013.01.22 09:59:05.706,1.23785,1.23801,1.50,1.50
2013.01.22 09:59:10.611,1.23785,1.23803,1.50,1.65
2013.01.22 09:59:11.961,1.23785,1.23804,1.50,3.00
2013.01.22 09:59:12.142,1.23787,1.23804,1.50,1.50
2013.01.22 09:59:12.501,1.23791,1.23807,1.50,1.50
2013.01.22 09:59:17.761,1.23792,1.23809,1.50,2.25
2013.01.22 09:59:18.002,1.23792,1.23809,1.50,2.85
2013.01.22 09:59:18.062,1.23789,1.23807,1.50,2.10
2013.01.22 09:59:18.601,1.23789,1.23807,1.50,1.88
2013.01.22 09:59:20.464,1.23789,1.23807,1.50,1.50
2013.01.22 09:59:21.022,1.2379,1.23807,1.50,1.50
2013.01.22 09:59:21.491,1.23793,1.23809,1.50,1.50
2013.01.22 09:59:26.986,1.2379,1.23806,1.50,1.50
2013.01.22 09:59:27.941,1.23791,1.23809,1.50,1.50
2013.01.22 09:59:28.642,1.23789,1.23807,1.50,1.50
2013.01.22 09:59:29.121,1.23793,1.23808,1.50,1.50
2013.01.22 09:59:29.241,1.23791,1.23808,1.50,1.50
2013.01.22 09:59:29.761,1.2379,1.23808,1.50,1.50
2013.01.22 09:59:31.952,1.2379,1.23808,2.25,1.50
2013.01.22 09:59:32.134,1.2378,1.23799,2.25,3.23
2013.01.22 09:59:32.262,1.23771,1.23784,4.50,2.25
2013.01.22 09:59:32.323,1.23771,1.23783,3.75,1.50
2013.01.22 09:59:32.393,1.23768,1.23782,2.25,2.25
2013.01.22 09:59:32.454,1.23768,1.23777,2.25,1.50
2013.01.22 09:59:32.834,1.23764,1.2378,2.25,1.50
2013.01.22 09:59:33.022,1.23763,1.23778,2.63,1.50
2013.01.22 09:59:33.082,1.2376,1.23778,1.50,1.50
2013.01.22 09:59:33.426,1.23763,1.23779,1.50,1.50
2013.01.22 09:59:33.803,1.23759,1.23777,1.50,1.50
2013.01.22 09:59:34.766,1.23759,1.23777,2.63,1.50
2013.01.22 09:59:34.893,1.23763,1.23779,1.50,1.50
2013.01.22 09:59:38.744,1.2376,1.23778,3.00,1.50
2013.01.22 09:59:41.523,1.23763,1.23781,1.50,2.25
2013.01.22 09:59:42.204,1.23763,1.23781,1.50,2.25
2013.01.22 09:59:43.162,1.23763,1.23781,1.50,3.75
2013.01.22 09:59:43.693,1.23763,1.23781,1.50,3.75
2013.01.22 09:59:44.314,1.23766,1.23782,1.50,2.25
2013.01.22 09:59:45.243,1.23768,1.23784,1.50,3.00
2013.01.22 09:59:45.362,1.23768,1.23784,1.50,2.25
2013.01.22 09:59:45.941,1.23769,1.23786,1.50,2.03
2013.01.22 09:59:48.544,1.23769,1.23786,1.50,1.13
2013.01.22 09:59:48.734,1.23779,1.23787,1.50,1.88
2013.01.22 09:59:49.082,1.23779,1.23789,1.50,3.75
2013.01.22 09:59:49.145,1.23779,1.23797,1.50,1.50
2013.01.22 09:59:49.534,1.23783,1.23799,1.50,1.50
2013.01.22 09:59:50.983,1.23781,1.23797,1.50,1.50
2013.01.22 09:59:55.355,1.23761,1.2381,1.50,1.50
2013.01.22 09:59:55.614,1.23759,1.23814,2.25,1.50
2013.01.22 09:59:57.184,1.23759,1.23814,2.25,1.50
