2008.02.21 07:00:00.945,1.61925,1.6194,0.20,0.20
2008.02.21 07:00:01.281,1.6192,1.61935,0.20,0.05
2008.02.21 07:00:01.430,1.6192,1.61935,0.20,0.05
2008.02.21 07:00:01.580,1.6192,1.61935,0.20,0.05
2008.02.21 07:00:01.729,1.61915,1.6193,0.20,0.05
2008.02.21 07:00:01.876,1.6192,1.61935,0.20,0.05
2008.02.21 07:00:02.026,1.6192,1.61935,0.20,0.05
2008.02.21 07:00:02.360,1.6192,1.61935,0.20,0.05
2008.02.21 07:00:02.693,1.61925,1.6194,0.20,0.20
2008.02.21 07:00:03.028,1.61925,1.6194,0.20,0.20
2008.02.21 07:00:03.360,1.61925,1.6194,0.20,0.20
2008.02.21 07:00:03.431,1.61925,1.6194,0.20,0.20
2008.02.21 07:00:03.715,1.6193,1.6194,0.20,0.20
2008.02.21 07:00:03.909,1.6193,1.6194,0.20,0.05
2008.02.21 07:00:04.103,1.61935,1.61945,0.20,0.05
2008.02.21 07:00:04.358,1.6193,1.61945,0.20,0.05
2008.02.21 07:00:04.732,1.6193,1.61945,0.20,0.05
2008.02.21 07:00:04.984,1.6193,1.61945,0.20,0.05
2008.02.21 07:00:05.237,1.6193,1.61945,0.20,0.05
2008.02.21 07:00:07.355,1.6193,1.61945,0.20,0.05
2008.02.21 07:00:07.494,1.6193,1.61945,0.20,0.05
2008.02.21 07:00:08.436,1.6193,1.61945,0.20,0.05
2008.02.21 07:00:11.865,1.61925,1.6194,0.20,0.05
2008.02.21 07:00:11.932,1.61925,1.6194,0.20,0.05
2008.02.21 07:00:11.993,1.61925,1.6194,0.20,0.05
2008.02.21 07:00:12.037,1.61925,1.6194,0.20,0.05
2008.02.21 07:00:12.237,1.61925,1.6194,0.20,0.05
2008.02.21 07:00:12.591,1.61925,1.6194,0.20,0.05
2008.02.21 07:00:12.830,1.61925,1.6194,0.20,0.05
2008.02.21 07:00:13.328,1.61925,1.6194,0.20,0.05
2008.02.21 07:00:14.905,1.61935,1.61945,0.20,0.60
2008.02.21 07:00:15.014,1.61935,1.61945,0.20,0.05
2008.02.21 07:00:15.124,1.61935,1.61945,0.20,0.05
2008.02.21 07:00:15.232,1.61935,1.61945,0.20,0.05
2008.02.21 07:00:15.375,1.61935,1.61945,0.20,0.05
2008.02.21 07:00:15.485,1.61935,1.61945,0.20,0.05
2008.02.21 07:00:15.663,1.61925,1.6194,1.70,0.05
2008.02.21 07:00:15.842,1.61925,1.6194,0.20,0.05
2008.02.21 07:00:16.021,1.61925,1.6194,0.20,0.05
2008.02.21 07:00:16.200,1.6193,1.6194,0.20,0.20
2008.02.21 07:00:16.380,1.6193,1.6194,0.20,0.20
2008.02.21 07:00:16.558,1.6193,1.6194,0.20,0.20
2008.02.21 07:00:16.792,1.61925,1.6194,0.20,0.20
2008.02.21 07:00:17.026,1.61925,1.6194,0.20,0.20
2008.02.21 07:00:17.260,1.6193,1.61945,0.20,0.90
2008.02.21 07:00:17.493,1.6193,1.61945,0.20,0.05
2008.02.21 07:00:18.450,1.6193,1.61945,0.20,0.05
2008.02.21 07:00:18.660,1.61925,1.6194,0.20,0.05
2008.02.21 07:00:18.759,1.61925,1.6194,0.20,0.20
2008.02.21 07:00:18.857,1.61925,1.6194,0.20,0.20
2008.02.21 07:00:18.955,1.61925,1.6194,0.20,0.20
2008.02.21 07:00:19.155,1.61925,1.6194,0.20,0.05
2008.02.21 07:00:19.265,1.61925,1.6194,0.20,0.05
2008.02.21 07:00:19.364,1.61925,1.6194,0.20,0.05
2008.02.21 07:00:19.463,1.61925,1.6194,0.20,0.05
2008.02.21 07:00:19.637,1.61925,1.6194,0.20,0.05
2008.02.21 07:00:19.907,1.61925,1.6194,0.20,0.05
2008.02.21 07:00:20.175,1.61925,1.6194,0.20,0.05
2008.02.21 07:00:20.444,1.6192,1.61935,0.20,0.05
2008.02.21 07:00:20.713,1.6193,1.6194,0.20,0.20
2008.02.21 07:00:20.892,1.6193,1.6194,0.20,0.20
2008.02.21 07:00:21.863,1.6192,1.61935,0.20,0.05
2008.02.21 07:00:21.968,1.6192,1.61935,0.20,0.05
2008.02.21 07:00:22.072,1.6192,1.61935,0.20,0.05
2008.02.21 07:00:22.207,1.6192,1.61935,0.20,0.05
2008.02.21 07:00:22.318,1.6192,1.61935,0.20,0.05
2008.02.21 07:00:22.736,1.6192,1.61935,0.20,0.05
2008.02.21 07:00:23.000,1.6192,1.61935,0.20,0.05
2008.02.21 07:00:23.263,1.6192,1.61935,0.20,0.05
2008.02.21 07:00:23.611,1.61915,1.6193,3.30,0.05
2008.02.21 07:00:23.876,1.61915,1.6193,5.70,0.05
2008.02.21 07:00:24.099,1.61915,1.6193,0.20,0.05
2008.02.21 07:00:24.323,1.6192,1.61935,0.20,0.05
2008.02.21 07:00:24.548,1.6192,1.61935,0.20,0.05
2008.02.21 07:00:24.771,1.61915,1.6193,3.30,0.05
2008.02.21 07:00:24.995,1.6192,1.61935,0.20,0.05
2008.02.21 07:00:25.265,1.6193,1.6194,0.20,0.05
2008.02.21 07:00:25.533,1.6193,1.6194,0.20,0.05
2008.02.21 07:00:25.802,1.6193,1.6194,0.20,0.05
2008.02.21 07:00:26.071,1.6193,1.6194,0.20,0.05
2008.02.21 07:00:26.270,1.61915,1.6193,0.20,0.05
2008.02.21 07:00:26.468,1.61915,1.6193,0.20,0.05
2008.02.21 07:00:26.667,1.61915,1.6193,0.20,0.05
2008.02.21 07:00:26.866,1.6193,1.6194,0.20,0.20
2008.02.21 07:00:27.155,1.6193,1.6194,0.20,0.05
2008.02.21 07:00:27.444,1.61935,1.61945,0.20,0.05
2008.02.21 07:00:27.733,1.6193,1.6194,0.20,0.20
2008.02.21 07:00:28.022,1.6193,1.6194,0.20,0.20
2008.02.21 07:00:28.249,1.6193,1.6194,0.20,0.20
2008.02.21 07:00:28.668,1.6193,1.6194,0.20,0.20
2008.02.21 07:00:28.897,1.6193,1.6194,0.20,0.20
2008.02.21 07:00:29.125,1.6193,1.6194,0.20,0.20
2008.02.21 07:00:30.727,1.6193,1.6194,0.20,0.20
2008.02.21 07:00:31.586,1.61925,1.61935,0.20,0.05
2008.02.21 07:00:31.836,1.61925,1.61935,0.20,0.05
2008.02.21 07:00:32.085,1.61925,1.61935,0.20,0.05
2008.02.21 07:00:32.238,1.61925,1.61935,0.20,0.05
2008.02.21 07:00:32.694,1.61925,1.61935,0.20,0.05
2008.02.21 07:00:32.900,1.61925,1.61935,0.20,0.05
2008.02.21 07:00:33.206,1.61925,1.61935,0.20,0.05
2008.02.21 07:00:33.721,1.61925,1.61935,0.20,0.05
2008.02.21 07:00:33.930,1.61925,1.61935,0.20,0.05
2008.02.21 07:00:34.182,1.61925,1.61935,0.20,0.05
2008.02.21 07:00:34.397,1.61925,1.61935,0.20,0.05
2008.02.21 07:00:34.453,1.6193,1.6194,0.20,0.20
2008.02.21 07:00:34.507,1.6193,1.6194,0.20,0.20
2008.02.21 07:00:34.663,1.6193,1.6194,0.20,0.20
2008.02.21 07:00:34.965,1.6193,1.6194,0.20,0.20
2008.02.21 07:00:35.423,1.6193,1.6194,0.20,0.20
2008.02.21 07:00:35.743,1.6193,1.6194,0.20,0.20
2008.02.21 07:00:36.050,1.6193,1.6194,0.20,0.20
2008.02.21 07:00:36.248,1.6193,1.6194,0.20,0.20
2008.02.21 07:00:36.719,1.6193,1.6194,0.20,0.20
2008.02.21 07:00:37.240,1.6193,1.6194,0.20,0.20
2008.02.21 07:00:40.144,1.6193,1.6194,0.20,0.20
2008.02.21 07:00:41.484,1.6193,1.6194,0.20,0.20
2008.02.21 07:00:42.197,1.6193,1.6194,0.20,0.20
2008.02.21 07:00:42.326,1.6193,1.6194,0.20,0.20
2008.02.21 07:00:42.455,1.6193,1.6194,0.20,0.20
2008.02.21 07:00:47.174,1.6193,1.6194,0.20,0.20
2008.02.21 07:00:48.406,1.6193,1.6194,0.20,0.20
2008.02.21 07:00:52.662,1.6193,1.6194,0.20,0.20
2008.02.21 07:00:53.451,1.6193,1.6194,0.20,0.20
2008.02.21 07:00:53.715,1.6193,1.6194,0.20,0.20
2008.02.21 07:00:53.770,1.6193,1.6194,0.20,0.20
2008.02.21 07:00:53.851,1.6193,1.6194,0.20,0.05
2008.02.21 07:00:54.198,1.6193,1.6194,0.20,0.05
2008.02.21 07:00:54.531,1.6193,1.6194,0.20,0.05
2008.02.21 07:00:54.865,1.6193,1.6194,0.20,0.05
2008.02.21 07:00:55.199,1.6193,1.6194,0.20,0.05
2008.02.21 07:00:55.413,1.6193,1.6194,0.20,0.05
2008.02.21 07:00:55.626,1.6193,1.6194,0.20,0.05
2008.02.21 07:00:56.027,1.6193,1.6194,0.20,0.05
2008.02.21 07:00:56.440,1.6193,1.6194,0.20,0.05
2008.02.21 07:00:57.523,1.6193,1.6194,0.20,0.05
2008.02.21 07:00:57.694,1.6193,1.6194,0.20,0.20
2008.02.21 07:00:57.895,1.6193,1.6194,0.20,0.20
2008.02.21 07:01:00.562,1.6193,1.6194,0.20,0.20
2008.02.21 07:01:04.402,1.6193,1.6194,0.20,0.20
2008.02.21 07:01:05.138,1.6193,1.6194,0.20,0.20
2008.02.21 07:01:07.193,1.6193,1.6194,0.20,0.05
2008.02.21 07:01:07.296,1.6193,1.6194,0.20,0.05
2008.02.21 07:01:07.400,1.6193,1.6194,0.20,0.05
2008.02.21 07:01:07.503,1.6193,1.6194,0.20,0.05
2008.02.21 07:01:07.711,1.6193,1.6194,0.20,0.05
2008.02.21 07:01:07.910,1.6193,1.6194,0.20,0.05
2008.02.21 07:01:08.161,1.6193,1.6194,0.20,0.05
2008.02.21 07:01:08.363,1.6193,1.6194,0.20,0.20
2008.02.21 07:01:08.562,1.6193,1.6194,0.20,0.20
2008.02.21 07:01:08.862,1.6193,1.6194,0.20,0.20
2008.02.21 07:01:09.701,1.6193,1.6194,0.20,0.20
2008.02.21 07:01:11.983,1.6193,1.6194,0.20,0.20
2008.02.21 07:01:12.116,1.6193,1.6194,0.20,0.20
2008.02.21 07:01:12.396,1.6193,1.6194,0.20,0.20
2008.02.21 07:01:15.865,1.6193,1.6194,0.20,0.20
2008.02.21 07:01:17.444,1.6193,1.6194,0.20,0.20
2008.02.21 07:01:21.917,1.6193,1.6194,0.20,0.20
2008.02.21 07:01:22.229,1.6193,1.6194,0.20,0.20
2008.02.21 07:01:28.901,1.61925,1.6193,0.20,0.20
2008.02.21 07:01:28.978,1.61925,1.6193,0.20,0.20
2008.02.21 07:01:29.026,1.61925,1.6193,0.20,0.20
2008.02.21 07:01:29.157,1.61925,1.6193,0.20,0.20
2008.02.21 07:01:29.250,1.61925,1.6193,0.10,0.20
2008.02.21 07:01:29.466,1.61925,1.6193,0.10,0.20
2008.02.21 07:01:29.667,1.61925,1.6193,0.10,0.20
2008.02.21 07:01:30.339,1.61925,1.6193,0.10,0.20
2008.02.21 07:01:30.459,1.61925,1.6193,0.10,0.20
2008.02.21 07:01:30.705,1.61925,1.6193,0.10,0.20
2008.02.21 07:01:30.921,1.61925,1.6193,0.10,0.20
2008.02.21 07:01:36.102,1.6192,1.61925,1.60,0.05
2008.02.21 07:01:36.160,1.6192,1.61925,1.60,0.05
2008.02.21 07:01:36.174,1.6192,1.61925,1.60,0.05
2008.02.21 07:01:36.249,1.6192,1.61925,1.60,0.05
2008.02.21 07:01:36.308,1.6192,1.61925,1.60,0.05
2008.02.21 07:01:36.402,1.61925,1.6193,0.10,0.20
2008.02.21 07:01:36.457,1.61925,1.6193,0.10,0.20
2008.02.21 07:01:36.683,1.61925,1.6193,0.10,0.20
2008.02.21 07:01:36.743,1.61925,1.6193,0.10,0.20
2008.02.21 07:01:36.801,1.61925,1.6193,0.10,0.20
2008.02.21 07:01:36.900,1.61925,1.6193,0.10,0.20
2008.02.21 07:01:37.212,1.61925,1.6193,0.10,0.20
2008.02.21 07:01:37.416,1.61925,1.6193,0.10,0.20
2008.02.21 07:01:37.620,1.61925,1.6193,0.10,0.20
2008.02.21 07:01:37.825,1.61925,1.6193,0.10,0.20
2008.02.21 07:01:38.029,1.61925,1.6193,0.10,0.20
2008.02.21 07:01:38.233,1.61925,1.6193,0.10,0.20
2008.02.21 07:01:38.501,1.61925,1.6193,0.10,0.20
2008.02.21 07:01:39.499,1.61925,1.6193,0.10,0.20
2008.02.21 07:01:39.643,1.61925,1.6193,0.10,0.20
2008.02.21 07:01:39.720,1.61925,1.6193,0.10,0.20
2008.02.21 07:01:40.491,1.61925,1.6193,0.10,0.20
2008.02.21 07:01:40.694,1.61925,1.6193,0.10,0.20
2008.02.21 07:01:40.898,1.61925,1.6193,0.10,5.80
2008.02.21 07:01:41.102,1.61925,1.6193,0.10,5.80
2008.02.21 07:01:41.306,1.61925,1.6193,0.10,5.80
2008.02.21 07:01:41.590,1.61925,1.6193,0.10,0.20
2008.02.21 07:01:41.874,1.61925,1.6193,0.10,0.05
2008.02.21 07:01:42.158,1.61925,1.6193,0.10,0.05
2008.02.21 07:01:42.442,1.61925,1.6193,0.10,0.05
2008.02.21 07:01:42.640,1.61925,1.6193,0.10,0.05
2008.02.21 07:01:43.900,1.61925,1.6193,0.10,0.05
2008.02.21 07:01:45.162,1.61925,1.6193,0.10,0.05
2008.02.21 07:01:45.870,1.61925,1.6193,0.10,0.05
2008.02.21 07:01:46.038,1.61925,1.6193,0.10,0.05
2008.02.21 07:01:46.207,1.61925,1.61935,0.30,0.05
2008.02.21 07:01:46.375,1.61925,1.61935,0.30,0.05
2008.02.21 07:01:46.543,1.61925,1.61935,0.30,0.05
2008.02.21 07:01:46.757,1.61925,1.61935,0.30,0.05
2008.02.21 07:01:46.970,1.61925,1.61935,0.30,0.05
2008.02.21 07:01:47.185,1.6193,1.6194,0.20,0.05
2008.02.21 07:01:47.399,1.6193,1.6194,0.20,0.05
2008.02.21 07:01:47.612,1.6193,1.6194,0.20,0.05
2008.02.21 07:01:47.826,1.6193,1.6194,0.20,0.05
2008.02.21 07:01:49.566,1.6193,1.6194,0.20,0.05
2008.02.21 07:01:51.416,1.6193,1.6194,0.20,0.05
2008.02.21 07:01:51.469,1.6193,1.6194,0.20,0.05
2008.02.21 07:01:51.551,1.61935,1.61945,0.20,0.05
2008.02.21 07:01:51.659,1.61935,1.61945,0.20,0.05
2008.02.21 07:01:51.975,1.61935,1.61945,0.20,0.05
2008.02.21 07:01:52.017,1.61935,1.61945,0.20,0.05
2008.02.21 07:01:52.122,1.61935,1.61945,0.20,0.05
2008.02.21 07:01:52.434,1.61935,1.6194,0.20,0.20
2008.02.21 07:01:52.477,1.61935,1.6194,0.20,0.20
2008.02.21 07:01:52.521,1.61935,1.6194,0.20,0.20
2008.02.21 07:01:52.565,1.61935,1.6194,0.20,6.60
2008.02.21 07:01:52.608,1.61925,1.6194,0.30,6.70
2008.02.21 07:01:52.651,1.61925,1.6194,0.30,6.70
2008.02.21 07:01:52.709,1.61925,1.6194,0.30,6.70
2008.02.21 07:01:52.752,1.61925,1.6194,0.30,6.70
2008.02.21 07:01:53.606,1.61925,1.6194,0.30,0.20
2008.02.21 07:01:53.777,1.61925,1.6194,0.30,0.20
2008.02.21 07:01:54.119,1.61925,1.6194,0.30,0.20
2008.02.21 07:01:57.909,1.61925,1.6194,0.30,0.20
2008.02.21 07:01:58.044,1.61925,1.6194,0.30,0.20
2008.02.21 07:01:58.189,1.61925,1.6194,0.30,0.20
2008.02.21 07:01:58.704,1.61925,1.6194,0.30,0.20
2008.02.21 07:01:59.207,1.61925,1.6194,0.30,0.20
2008.02.21 07:01:59.516,1.61925,1.6194,0.30,0.20
2008.02.21 07:01:59.725,1.61925,1.6194,0.30,0.20
2008.02.21 07:01:59.776,1.61925,1.6194,0.30,0.20
2008.02.21 07:01:59.893,1.61925,1.6194,0.30,0.20
2008.02.21 07:01:59.986,1.61925,1.6194,0.30,0.20
2008.02.21 07:02:00.051,1.61925,1.6194,0.30,0.20
2008.02.21 07:02:00.124,1.61925,1.61935,0.30,0.05
2008.02.21 07:02:00.197,1.61925,1.61935,0.30,0.05
2008.02.21 07:02:00.271,1.61925,1.61935,0.30,0.05
2008.02.21 07:02:00.345,1.61925,1.61935,0.30,0.05
2008.02.21 07:02:00.436,1.61925,1.61935,0.30,0.05
2008.02.21 07:02:01.160,1.61925,1.61935,0.30,0.05
2008.02.21 07:02:01.929,1.61925,1.61935,0.30,0.05
2008.02.21 07:02:02.011,1.61925,1.61935,0.30,0.05
2008.02.21 07:02:02.188,1.61925,1.61935,0.30,0.05
2008.02.21 07:02:05.043,1.61925,1.61935,0.30,0.05
2008.02.21 07:02:05.126,1.61925,1.61935,0.30,0.05
2008.02.21 07:02:06.506,1.61925,1.61935,0.30,0.05
2008.02.21 07:02:06.661,1.61925,1.61935,0.30,0.05
2008.02.21 07:02:07.091,1.61925,1.61935,0.30,0.05
2008.02.21 07:02:08.189,1.61925,1.61935,0.30,0.05
2008.02.21 07:02:08.409,1.61925,1.61935,0.30,0.05
2008.02.21 07:02:08.568,1.61925,1.6193,0.30,0.20
2008.02.21 07:02:08.703,1.61925,1.6193,0.30,0.20
2008.02.21 07:02:08.727,1.61925,1.6193,0.10,0.20
2008.02.21 07:02:08.830,1.61925,1.6193,0.10,0.20
2008.02.21 07:02:09.226,1.61925,1.6193,0.10,0.20
2008.02.21 07:02:09.901,1.61925,1.6193,0.10,0.20
2008.02.21 07:02:10.820,1.61925,1.6193,0.10,0.20
2008.02.21 07:02:12.424,1.61925,1.6193,0.10,0.20
2008.02.21 07:02:12.492,1.61925,1.6193,0.10,0.20
2008.02.21 07:02:12.561,1.61925,1.6193,0.10,0.20
2008.02.21 07:02:12.630,1.61925,1.6193,0.10,0.20
2008.02.21 07:02:12.699,1.61925,1.6193,0.10,0.20
2008.02.21 07:02:12.913,1.61915,1.6192,5.70,0.05
2008.02.21 07:02:12.982,1.61915,1.6192,5.70,0.05
2008.02.21 07:02:13.252,1.61915,1.6192,1.60,0.05
2008.02.21 07:02:13.521,1.61915,1.6192,0.80,0.05
2008.02.21 07:02:13.790,1.6191,1.6192,0.40,0.20
2008.02.21 07:02:14.061,1.6192,1.6193,0.90,0.20
2008.02.21 07:02:14.285,1.6192,1.6193,0.90,0.20
2008.02.21 07:02:14.508,1.6192,1.6193,0.90,0.20
2008.02.21 07:02:14.732,1.6192,1.61925,0.80,0.05
2008.02.21 07:02:14.962,1.6192,1.61925,0.80,0.05
2008.02.21 07:02:15.193,1.6192,1.61925,0.80,0.05
2008.02.21 07:02:15.519,1.6192,1.61925,0.80,0.05
2008.02.21 07:02:15.929,1.6192,1.61925,0.80,0.05
2008.02.21 07:02:16.161,1.6192,1.6193,0.90,0.20
2008.02.21 07:02:16.361,1.6192,1.6193,0.90,0.20
2008.02.21 07:02:16.560,1.6192,1.6193,0.90,0.05
2008.02.21 07:02:16.760,1.6192,1.6193,0.90,0.05
2008.02.21 07:02:16.974,1.6192,1.6193,0.90,0.05
2008.02.21 07:02:17.176,1.6192,1.6193,0.90,0.05
2008.02.21 07:02:17.399,1.6192,1.6193,0.90,0.05
2008.02.21 07:02:17.696,1.6192,1.6193,0.90,0.05
2008.02.21 07:02:18.714,1.6192,1.6193,0.90,0.05
2008.02.21 07:02:22.959,1.6192,1.6193,0.90,0.05
2008.02.21 07:02:23.065,1.6192,1.6193,0.90,0.05
2008.02.21 07:02:23.175,1.6192,1.6193,0.90,0.05
2008.02.21 07:02:23.382,1.6192,1.6193,0.90,0.05
2008.02.21 07:02:23.615,1.6192,1.6193,0.90,0.05
2008.02.21 07:02:23.899,1.6192,1.6193,0.90,0.05
2008.02.21 07:02:24.132,1.6192,1.6193,0.90,0.05
2008.02.21 07:02:24.367,1.6192,1.6193,0.90,0.20
2008.02.21 07:02:24.540,1.6192,1.6193,0.90,0.20
2008.02.21 07:02:24.723,1.6192,1.6193,0.90,0.20
2008.02.21 07:02:24.943,1.6192,1.6193,0.90,0.20
2008.02.21 07:02:25.116,1.6192,1.6193,0.90,0.05
2008.02.21 07:02:25.290,1.6192,1.6193,0.90,0.05
2008.02.21 07:02:25.464,1.6192,1.6193,0.90,0.05
2008.02.21 07:02:25.797,1.6192,1.6193,0.90,0.05
2008.02.21 07:02:26.131,1.6192,1.6193,0.90,0.05
2008.02.21 07:02:26.463,1.6192,1.6193,0.90,0.05
2008.02.21 07:02:26.887,1.6192,1.6193,0.90,0.05
2008.02.21 07:02:27.036,1.6192,1.6193,0.90,0.05
2008.02.21 07:02:27.192,1.6192,1.6193,0.90,0.05
2008.02.21 07:02:27.340,1.6192,1.6193,0.90,0.05
2008.02.21 07:02:27.731,1.6192,1.6193,0.90,0.05
2008.02.21 07:02:28.137,1.6192,1.6193,0.90,0.05
2008.02.21 07:02:28.321,1.6192,1.6193,1.10,0.05
2008.02.21 07:02:28.505,1.6192,1.61935,1.10,0.05
2008.02.21 07:02:28.718,1.6192,1.61935,1.10,0.05
2008.02.21 07:02:28.933,1.6193,1.6194,0.20,0.05
2008.02.21 07:02:29.146,1.6193,1.6194,0.20,0.05
2008.02.21 07:02:29.360,1.6193,1.6194,0.20,0.05
2008.02.21 07:02:29.575,1.6193,1.6194,0.20,0.05
2008.02.21 07:02:29.799,1.6193,1.6194,0.40,0.05
2008.02.21 07:02:30.025,1.6193,1.6194,0.20,0.05
2008.02.21 07:02:30.249,1.6193,1.6194,0.20,0.05
2008.02.21 07:02:30.473,1.6193,1.6194,0.20,0.05
2008.02.21 07:02:30.697,1.6193,1.6194,0.20,0.05
2008.02.21 07:02:30.881,1.6193,1.6194,0.20,0.05
2008.02.21 07:02:31.074,1.6193,1.6194,0.20,0.05
2008.02.21 07:02:31.257,1.6193,1.6194,0.20,0.20
2008.02.21 07:02:31.441,1.6193,1.6194,0.20,0.20
2008.02.21 07:02:31.624,1.6193,1.6194,0.20,0.20
2008.02.21 07:02:31.838,1.61925,1.6194,0.90,0.20
2008.02.21 07:02:32.051,1.61925,1.6194,0.90,0.20
2008.02.21 07:02:32.285,1.61925,1.6194,0.90,0.20
2008.02.21 07:02:33.196,1.61925,1.6194,0.90,0.20
2008.02.21 07:02:33.396,1.61925,1.6194,0.90,0.20
2008.02.21 07:02:33.534,1.61925,1.6194,0.90,0.20
2008.02.21 07:02:33.719,1.61925,1.6194,0.90,0.20
2008.02.21 07:02:35.184,1.61925,1.6194,0.90,0.20
2008.02.21 07:02:35.397,1.61925,1.6194,0.90,0.20
2008.02.21 07:02:36.621,1.61925,1.6194,0.90,0.20
2008.02.21 07:02:37.429,1.61925,1.6194,0.90,0.20
2008.02.21 07:02:37.600,1.61925,1.61935,0.90,0.05
2008.02.21 07:02:37.663,1.61925,1.61935,0.90,0.05
2008.02.21 07:02:39.706,1.61925,1.61935,0.90,0.05
2008.02.21 07:02:41.207,1.61925,1.61935,0.90,0.05
2008.02.21 07:02:42.957,1.61925,1.61935,0.90,0.05
2008.02.21 07:02:43.073,1.61925,1.61935,0.90,0.05
2008.02.21 07:02:43.188,1.61925,1.61935,0.90,0.05
2008.02.21 07:02:43.301,1.61925,1.61935,0.90,0.05
2008.02.21 07:02:43.542,1.61925,1.61935,0.90,0.05
2008.02.21 07:02:43.789,1.61925,1.61935,0.90,0.05
2008.02.21 07:02:44.018,1.61925,1.61935,0.90,0.05
2008.02.21 07:02:44.514,1.61925,1.61935,0.90,0.05
2008.02.21 07:02:44.680,1.61915,1.61925,1.70,0.05
2008.02.21 07:02:44.853,1.61915,1.61925,0.20,0.05
2008.02.21 07:02:45.028,1.61915,1.61925,0.20,0.05
2008.02.21 07:02:45.202,1.61915,1.61925,0.20,0.05
2008.02.21 07:02:45.375,1.61915,1.61925,0.20,0.05
2008.02.21 07:02:45.949,1.61915,1.61925,0.20,0.05
2008.02.21 07:02:46.911,1.61915,1.61925,0.20,0.05
2008.02.21 07:02:49.789,1.61915,1.61925,0.20,0.05
2008.02.21 07:03:07.737,1.61915,1.61925,0.20,0.05
2008.02.21 07:03:09.823,1.61915,1.61925,0.20,0.05
2008.02.21 07:03:14.134,1.61915,1.61925,0.20,0.05
2008.02.21 07:03:14.434,1.61915,1.61925,0.20,0.05
2008.02.21 07:03:14.551,1.61915,1.61925,0.20,0.05
2008.02.21 07:03:14.661,1.61915,1.61925,0.20,0.05
2008.02.21 07:03:15.258,1.61915,1.61925,0.20,0.05
2008.02.21 07:03:15.555,1.61915,1.61925,0.20,0.05
2008.02.21 07:03:17.171,1.61915,1.61925,0.20,0.05
2008.02.21 07:03:17.691,1.61915,1.61925,0.20,0.05
2008.02.21 07:03:19.533,1.61915,1.61925,0.20,0.05
2008.02.21 07:03:23.686,1.61915,1.61925,0.20,0.05
2008.02.21 07:03:23.918,1.61915,1.61925,0.20,0.05
2008.02.21 07:03:25.237,1.61915,1.61925,0.20,0.05
2008.02.21 07:03:26.679,1.61915,1.61925,0.20,0.05
2008.02.21 07:03:26.878,1.61915,1.6193,0.20,0.20
2008.02.21 07:03:26.989,1.61915,1.6193,0.20,0.20
2008.02.21 07:03:27.091,1.61915,1.6193,0.20,0.20
2008.02.21 07:03:27.196,1.61915,1.6193,0.20,0.05
2008.02.21 07:03:27.529,1.61915,1.6193,0.20,0.05
2008.02.21 07:03:30.067,1.61915,1.6193,0.20,0.05
2008.02.21 07:03:30.291,1.61915,1.61925,0.20,0.05
2008.02.21 07:03:30.489,1.61915,1.61925,0.20,0.05
2008.02.21 07:03:30.688,1.61915,1.61925,0.20,0.05
2008.02.21 07:03:30.981,1.61915,1.61925,0.20,0.05
2008.02.21 07:03:31.379,1.61915,1.61925,0.20,0.05
2008.02.21 07:03:32.398,1.61915,1.61925,0.20,0.05
2008.02.21 07:03:33.229,1.61915,1.61925,0.20,0.05
2008.02.21 07:03:34.480,1.61915,1.61925,0.20,0.05
2008.02.21 07:03:34.578,1.61915,1.61925,0.20,0.05
2008.02.21 07:03:34.676,1.61915,1.61925,0.20,0.05
2008.02.21 07:03:44.986,1.61915,1.61925,0.20,0.05
2008.02.21 07:03:45.104,1.61915,1.61925,0.20,0.05
2008.02.21 07:03:45.225,1.61915,1.61925,0.20,0.05
2008.02.21 07:03:45.470,1.61915,1.61925,0.20,0.05
2008.02.21 07:03:46.383,1.61915,1.61925,0.20,0.05
2008.02.21 07:03:46.625,1.61915,1.61925,0.20,0.05
2008.02.21 07:03:46.870,1.61915,1.61925,0.20,0.05
2008.02.21 07:03:50.152,1.6192,1.61925,0.20,0.05
2008.02.21 07:03:50.325,1.6192,1.61925,0.20,0.05
2008.02.21 07:03:50.508,1.6192,1.61925,0.20,0.05
2008.02.21 07:03:50.623,1.6192,1.61925,0.20,0.05
2008.02.21 07:03:50.746,1.6192,1.6193,0.40,0.20
2008.02.21 07:03:50.869,1.6192,1.6193,0.40,0.20
2008.02.21 07:03:50.993,1.6192,1.6193,0.40,0.20
2008.02.21 07:03:51.633,1.6192,1.6193,0.40,0.20
2008.02.21 07:03:54.772,1.6192,1.6193,0.40,0.20
2008.02.21 07:03:54.937,1.6192,1.6193,0.40,0.20
2008.02.21 07:03:55.190,1.6192,1.6193,0.40,0.20
2008.02.21 07:03:55.396,1.6192,1.6193,0.40,0.20
2008.02.21 07:03:55.715,1.6192,1.6193,0.40,0.20
2008.02.21 07:03:56.927,1.6192,1.6193,0.40,0.20
2008.02.21 07:03:57.069,1.6192,1.6193,0.40,0.20
2008.02.21 07:03:57.214,1.6192,1.6193,0.40,0.20
2008.02.21 07:03:57.681,1.6192,1.6193,0.40,0.20
2008.02.21 07:03:59.662,1.6192,1.6193,0.40,0.20
2008.02.21 07:03:59.819,1.6192,1.6193,0.40,0.20
2008.02.21 07:03:59.962,1.6192,1.6193,0.40,0.20
2008.02.21 07:04:00.923,1.6192,1.6193,0.40,0.20
2008.02.21 07:04:01.192,1.6192,1.6193,0.40,0.20
2008.02.21 07:04:01.441,1.6192,1.6193,0.40,0.20
2008.02.21 07:04:04.640,1.6193,1.61935,0.20,4.10
2008.02.21 07:04:04.789,1.6193,1.6194,0.20,0.05
2008.02.21 07:04:04.939,1.6193,1.6194,0.20,0.05
2008.02.21 07:04:05.092,1.6193,1.6194,0.20,0.05
2008.02.21 07:04:05.245,1.6193,1.6194,0.20,0.05
2008.02.21 07:04:05.434,1.6193,1.6194,0.20,0.05
2008.02.21 07:04:05.668,1.6193,1.6194,0.20,0.05
2008.02.21 07:04:05.834,1.6193,1.6194,0.20,0.05
2008.02.21 07:04:05.988,1.6193,1.6194,0.20,0.05
2008.02.21 07:04:06.298,1.6193,1.6194,0.20,0.05
2008.02.21 07:04:06.606,1.6193,1.6194,0.20,0.05
2008.02.21 07:04:06.915,1.6193,1.6194,0.20,0.05
2008.02.21 07:04:07.144,1.6193,1.6194,0.20,0.05
2008.02.21 07:04:08.372,1.6193,1.6194,0.20,0.05
2008.02.21 07:04:08.911,1.6193,1.6194,0.20,0.05
2008.02.21 07:04:10.119,1.6193,1.6194,0.20,0.05
2008.02.21 07:04:12.065,1.6193,1.6194,0.20,0.05
2008.02.21 07:04:12.210,1.6193,1.6194,0.20,0.05
2008.02.21 07:04:12.414,1.6193,1.6194,0.20,0.05
2008.02.21 07:04:12.914,1.6193,1.6194,0.20,0.05
2008.02.21 07:04:13.098,1.6193,1.6194,0.20,0.05
2008.02.21 07:04:13.318,1.6193,1.6194,0.20,0.05
2008.02.21 07:04:13.645,1.6193,1.6194,0.20,0.05
2008.02.21 07:04:13.864,1.6193,1.6194,0.20,0.05
2008.02.21 07:04:14.083,1.6193,1.6194,0.20,0.05
2008.02.21 07:04:14.302,1.6193,1.6194,0.20,0.05
2008.02.21 07:04:14.687,1.6193,1.6194,0.20,0.05
2008.02.21 07:04:14.975,1.6193,1.6194,0.20,0.05
2008.02.21 07:04:15.264,1.6193,1.6194,0.20,0.05
2008.02.21 07:04:15.512,1.6193,1.6194,0.20,0.05
2008.02.21 07:04:15.761,1.6193,1.6194,0.20,0.05
2008.02.21 07:04:16.011,1.6193,1.6194,0.20,0.05
2008.02.21 07:04:16.261,1.61925,1.6194,0.20,0.05
2008.02.21 07:04:16.510,1.6193,1.6194,0.20,0.05
2008.02.21 07:04:16.758,1.61925,1.6194,0.20,0.05
2008.02.21 07:04:17.007,1.61925,1.6194,0.20,0.05
2008.02.21 07:04:17.256,1.61925,1.6194,0.20,0.05
2008.02.21 07:04:17.520,1.61925,1.6194,0.20,0.05
2008.02.21 07:04:17.803,1.61925,1.6194,0.20,0.05
2008.02.21 07:04:18.067,1.6193,1.6194,0.20,0.05
2008.02.21 07:04:18.331,1.6193,1.6194,0.20,0.05
2008.02.21 07:04:18.589,1.6193,1.6194,0.20,0.05
2008.02.21 07:04:18.848,1.6193,1.6194,0.20,0.05
2008.02.21 07:04:19.106,1.6193,1.6194,0.20,0.05
2008.02.21 07:04:24.042,1.6193,1.61945,0.20,0.05
2008.02.21 07:04:24.181,1.6193,1.61945,0.20,0.05
2008.02.21 07:04:24.284,1.6193,1.61945,0.20,0.05
2008.02.21 07:04:24.413,1.6193,1.61945,0.20,0.05
2008.02.21 07:04:24.536,1.6193,1.61945,0.20,0.05
2008.02.21 07:04:25.960,1.6193,1.61945,0.20,0.05
2008.02.21 07:04:26.879,1.6193,1.61945,0.20,0.05
2008.02.21 07:04:26.974,1.6193,1.61945,0.40,0.05
2008.02.21 07:04:27.079,1.6193,1.61945,0.40,0.05
2008.02.21 07:04:27.188,1.6193,1.61945,0.40,0.05
2008.02.21 07:04:27.282,1.61935,1.6195,0.20,0.05
2008.02.21 07:04:27.376,1.61935,1.6195,0.20,0.05
2008.02.21 07:04:27.690,1.61935,1.6195,0.20,0.05
2008.02.21 07:04:27.964,1.61935,1.6195,0.20,0.05
2008.02.21 07:04:28.237,1.61935,1.6195,0.20,0.05
2008.02.21 07:04:28.510,1.61935,1.6195,0.20,0.05
2008.02.21 07:04:28.771,1.6193,1.61945,0.20,0.05
2008.02.21 07:04:29.030,1.6193,1.61945,0.20,0.05
2008.02.21 07:04:29.299,1.6193,1.6194,0.20,0.05
2008.02.21 07:04:29.558,1.6193,1.6194,0.20,0.05
2008.02.21 07:04:29.812,1.6193,1.6194,0.20,0.05
2008.02.21 07:04:30.064,1.6193,1.6194,0.20,0.05
2008.02.21 07:04:30.318,1.6193,1.6194,0.20,0.05
2008.02.21 07:04:32.490,1.6193,1.6194,0.20,0.05
2008.02.21 07:04:32.704,1.6193,1.6194,0.20,0.05
2008.02.21 07:04:32.920,1.6193,1.6194,0.20,0.05
2008.02.21 07:04:33.432,1.6193,1.6194,0.20,0.05
2008.02.21 07:04:33.937,1.6193,1.6194,0.20,0.05
2008.02.21 07:04:35.187,1.6193,1.6194,0.20,0.05
2008.02.21 07:04:38.996,1.6193,1.6194,0.20,0.05
2008.02.21 07:04:49.906,1.6193,1.6194,0.20,0.05
2008.02.21 07:04:50.121,1.6193,1.6194,0.20,0.05
2008.02.21 07:04:51.655,1.6193,1.6194,0.20,0.05
2008.02.21 07:04:51.957,1.6193,1.6194,0.20,0.05
2008.02.21 07:04:54.907,1.6193,1.6194,0.20,0.05
2008.02.21 07:04:55.168,1.6193,1.6194,0.20,0.05
2008.02.21 07:04:55.252,1.6193,1.6194,0.20,0.05
2008.02.21 07:04:55.429,1.6193,1.6194,0.20,0.05
2008.02.21 07:04:55.724,1.6193,1.6194,0.20,0.05
2008.02.21 07:04:56.252,1.6193,1.6194,0.20,0.05
2008.02.21 07:04:56.666,1.6193,1.6194,0.20,0.05
2008.02.21 07:04:57.000,1.6193,1.6194,0.20,0.05
2008.02.21 07:04:57.333,1.6193,1.6194,0.20,0.05
2008.02.21 07:04:57.497,1.6193,1.6194,0.20,0.05
2008.02.21 07:05:00.459,1.6193,1.6194,0.20,0.05
2008.02.21 07:05:00.708,1.6193,1.6194,0.20,0.05
2008.02.21 07:05:00.909,1.6193,1.6194,0.20,0.05
2008.02.21 07:05:01.214,1.6193,1.6194,0.20,0.05
2008.02.21 07:05:01.941,1.6193,1.6194,0.20,0.05
2008.02.21 07:05:02.144,1.6193,1.6194,0.20,0.05
2008.02.21 07:05:02.260,1.6193,1.6194,0.20,0.05
2008.02.21 07:05:04.411,1.6193,1.6194,0.20,0.05
2008.02.21 07:05:04.461,1.6193,1.6194,0.20,0.05
2008.02.21 07:05:04.509,1.6193,1.6194,0.20,0.05
2008.02.21 07:05:04.691,1.6193,1.6194,0.20,0.05
2008.02.21 07:05:04.738,1.6193,1.6194,0.20,0.05
2008.02.21 07:05:04.786,1.6193,1.6194,0.20,0.05
2008.02.21 07:05:04.955,1.6193,1.6194,0.20,0.05
2008.02.21 07:05:06.935,1.6193,1.6194,0.20,0.05
2008.02.21 07:05:07.188,1.6193,1.6194,0.20,0.05
2008.02.21 07:05:07.284,1.6193,1.6194,0.20,0.05
2008.02.21 07:05:07.451,1.6193,1.6194,0.20,0.05
2008.02.21 07:05:07.677,1.6193,1.6194,0.20,0.05
2008.02.21 07:05:07.840,1.6193,1.6194,0.20,0.05
2008.02.21 07:05:07.958,1.6193,1.6194,0.20,0.05
2008.02.21 07:05:08.154,1.61925,1.6194,0.90,0.05
2008.02.21 07:05:08.489,1.61925,1.6194,0.90,0.05
2008.02.21 07:05:08.831,1.61925,1.6194,0.90,0.05
2008.02.21 07:05:09.167,1.6193,1.6194,0.20,0.05
2008.02.21 07:05:09.378,1.6193,1.6194,0.20,0.05
2008.02.21 07:05:09.586,1.6193,1.6194,0.40,0.05
2008.02.21 07:05:09.806,1.6193,1.6194,0.40,0.05
2008.02.21 07:05:10.005,1.6193,1.6194,0.40,0.05
2008.02.21 07:05:10.214,1.6193,1.6194,0.20,0.05
2008.02.21 07:05:10.508,1.6193,1.6194,0.20,0.05
2008.02.21 07:05:10.804,1.6193,1.6194,0.40,0.05
2008.02.21 07:05:11.096,1.6193,1.6194,0.40,0.05
2008.02.21 07:05:11.390,1.6193,1.6194,0.40,0.05
2008.02.21 07:05:11.700,1.6193,1.6194,0.40,0.05
2008.02.21 07:05:12.214,1.6193,1.6194,0.40,0.05
2008.02.21 07:05:15.913,1.6193,1.6194,0.40,0.05
2008.02.21 07:05:16.934,1.6193,1.6194,0.40,0.05
2008.02.21 07:05:17.247,1.6193,1.6194,0.40,0.05
2008.02.21 07:05:18.475,1.6193,1.6194,0.40,0.05
2008.02.21 07:05:18.808,1.6194,1.6195,0.20,0.20
2008.02.21 07:05:18.947,1.6194,1.6195,0.20,0.20
2008.02.21 07:05:19.039,1.6194,1.6195,0.20,0.20
2008.02.21 07:05:19.116,1.6194,1.6195,0.40,0.20
2008.02.21 07:05:19.185,1.6194,1.6195,0.40,0.20
2008.02.21 07:05:19.253,1.6194,1.6195,0.40,0.20
2008.02.21 07:05:19.322,1.6194,1.6195,0.40,0.20
2008.02.21 07:05:19.389,1.61935,1.6194,4.10,0.05
2008.02.21 07:05:19.458,1.61935,1.6194,0.20,0.05
2008.02.21 07:05:19.527,1.6193,1.6194,1.10,0.05
2008.02.21 07:05:19.661,1.6193,1.6194,1.10,0.05
2008.02.21 07:05:20.679,1.6193,1.6194,1.10,0.05
2008.02.21 07:05:21.251,1.6193,1.6194,1.10,0.05
2008.02.21 07:05:21.412,1.6193,1.6194,1.10,0.05
2008.02.21 07:05:23.459,1.6193,1.6194,1.10,0.05
2008.02.21 07:05:24.165,1.61935,1.6194,4.00,0.05
2008.02.21 07:05:24.308,1.6194,1.6195,0.20,0.20
2008.02.21 07:05:24.452,1.6194,1.61945,0.20,0.05
2008.02.21 07:05:24.596,1.6194,1.61945,0.20,0.05
2008.02.21 07:05:24.740,1.6194,1.6195,0.40,0.05
2008.02.21 07:05:24.884,1.6194,1.6195,0.40,0.05
2008.02.21 07:05:25.029,1.6194,1.6195,0.40,0.05
2008.02.21 07:05:25.357,1.6194,1.61945,0.20,0.05
2008.02.21 07:05:25.686,1.6194,1.61945,0.20,0.05
2008.02.21 07:05:26.016,1.61935,1.61945,0.20,0.05
2008.02.21 07:05:26.215,1.6193,1.6194,1.10,0.05
2008.02.21 07:05:26.423,1.6193,1.6194,1.10,0.05
2008.02.21 07:05:26.722,1.6193,1.6194,1.10,0.05
2008.02.21 07:05:27.910,1.6193,1.6194,1.10,0.05
2008.02.21 07:05:28.109,1.6193,1.6194,1.10,0.05
2008.02.21 07:05:28.133,1.6193,1.6194,1.10,0.05
2008.02.21 07:05:28.267,1.61935,1.61945,0.20,0.05
2008.02.21 07:05:28.471,1.61935,1.61945,0.20,0.05
2008.02.21 07:05:29.861,1.6194,1.61945,0.20,0.05
2008.02.21 07:05:30.104,1.6194,1.61945,0.20,0.05
2008.02.21 07:05:30.224,1.6194,1.61945,0.20,0.05
2008.02.21 07:05:30.328,1.6194,1.61945,0.20,0.05
2008.02.21 07:05:30.633,1.6194,1.61945,0.20,0.05
2008.02.21 07:05:30.931,1.6194,1.61945,0.20,0.05
2008.02.21 07:05:31.034,1.61935,1.61945,0.90,0.05
2008.02.21 07:05:31.287,1.61935,1.61945,0.90,0.05
2008.02.21 07:05:32.299,1.61935,1.61945,0.90,0.05
2008.02.21 07:05:35.253,1.61935,1.61945,0.60,0.05
2008.02.21 07:05:36.410,1.61935,1.61945,0.60,0.05
2008.02.21 07:05:36.724,1.61935,1.61945,0.60,0.05
2008.02.21 07:05:38.945,1.61935,1.61945,0.60,0.05
2008.02.21 07:05:39.138,1.61935,1.61945,0.60,0.05
2008.02.21 07:05:39.459,1.61935,1.61945,0.60,0.05
2008.02.21 07:05:39.882,1.61935,1.61945,0.60,0.05
2008.02.21 07:05:40.190,1.61935,1.61945,0.60,0.05
2008.02.21 07:05:40.468,1.61935,1.61945,0.60,0.05
2008.02.21 07:05:41.226,1.61935,1.61945,0.60,0.05
2008.02.21 07:05:42.160,1.61935,1.61945,0.60,0.05
2008.02.21 07:05:42.478,1.61935,1.61945,0.60,0.05
2008.02.21 07:05:42.685,1.61935,1.61945,0.60,0.05
2008.02.21 07:05:44.643,1.61935,1.61945,0.60,0.05
2008.02.21 07:05:45.161,1.61935,1.61945,0.60,0.05
2008.02.21 07:05:50.971,1.61935,1.61945,0.60,0.05
2008.02.21 07:05:51.487,1.61935,1.61945,0.60,0.05
2008.02.21 07:05:51.894,1.61935,1.61945,0.60,0.05
2008.02.21 07:05:54.470,1.61935,1.61945,0.60,0.05
2008.02.21 07:05:56.666,1.61935,1.61945,0.60,0.05
2008.02.21 07:05:56.993,1.61935,1.61945,0.60,0.05
2008.02.21 07:05:57.137,1.61935,1.61945,0.60,0.05
2008.02.21 07:05:57.235,1.61935,1.61945,0.60,0.05
2008.02.21 07:05:57.362,1.61935,1.61945,0.60,0.05
2008.02.21 07:05:59.154,1.61935,1.61945,0.60,0.05
2008.02.21 07:06:07.667,1.61935,1.61945,0.60,0.05
2008.02.21 07:06:07.723,1.61935,1.61945,0.60,0.05
2008.02.21 07:06:07.951,1.61935,1.61945,0.60,0.05
2008.02.21 07:06:07.995,1.61935,1.61945,0.60,0.05
2008.02.21 07:06:08.181,1.61935,1.61945,0.60,0.05
2008.02.21 07:06:11.940,1.61935,1.61945,0.60,0.05
2008.02.21 07:06:12.075,1.61935,1.61945,0.60,0.05
2008.02.21 07:06:12.209,1.61935,1.61945,1.40,0.05
2008.02.21 07:06:12.482,1.61935,1.61945,1.40,0.05
2008.02.21 07:06:12.710,1.61935,1.61945,1.40,0.05
2008.02.21 07:06:13.215,1.61935,1.61945,1.40,0.05
2008.02.21 07:06:13.436,1.61935,1.61945,1.40,0.05
2008.02.21 07:06:13.689,1.61935,1.61945,1.40,0.05
2008.02.21 07:06:13.897,1.61935,1.6194,1.20,0.05
2008.02.21 07:06:14.049,1.61935,1.6194,1.20,0.05
2008.02.21 07:06:14.193,1.61935,1.6194,1.20,0.05
2008.02.21 07:06:14.337,1.61935,1.6194,1.20,0.05
2008.02.21 07:06:14.479,1.61935,1.6194,1.20,0.05
2008.02.21 07:06:14.813,1.61935,1.6194,1.20,0.05
2008.02.21 07:06:15.146,1.61935,1.6194,1.20,0.05
2008.02.21 07:06:15.479,1.61935,1.6194,1.20,0.05
2008.02.21 07:06:16.244,1.61935,1.6194,1.20,0.05
2008.02.21 07:06:16.679,1.61935,1.6194,1.20,0.05
2008.02.21 07:06:16.898,1.61935,1.6194,1.20,0.05
2008.02.21 07:06:17.217,1.61935,1.6194,1.20,0.05
2008.02.21 07:06:17.425,1.61935,1.6194,1.20,0.05
2008.02.21 07:06:17.577,1.61935,1.6194,1.20,0.05
2008.02.21 07:06:18.221,1.61935,1.6194,1.20,0.05
2008.02.21 07:06:19.893,1.61935,1.6194,1.20,0.05
2008.02.21 07:06:20.644,1.61935,1.6194,1.20,0.05
2008.02.21 07:06:20.753,1.61935,1.6194,1.20,0.05
2008.02.21 07:06:21.072,1.61935,1.6194,0.80,0.20
2008.02.21 07:06:21.403,1.61925,1.6194,0.20,0.20
2008.02.21 07:06:21.722,1.61925,1.6194,0.20,0.05
2008.02.21 07:06:21.905,1.61925,1.6194,0.20,0.05
2008.02.21 07:06:22.094,1.61925,1.6194,0.20,0.20
2008.02.21 07:06:22.280,1.6192,1.6193,0.90,0.05
2008.02.21 07:06:22.464,1.6193,1.6194,0.20,0.05
2008.02.21 07:06:22.647,1.6193,1.6194,0.20,0.05
2008.02.21 07:06:22.832,1.6193,1.6194,0.20,0.05
2008.02.21 07:06:23.155,1.6193,1.6194,0.20,0.05
2008.02.21 07:06:23.480,1.6193,1.6194,0.20,0.05
2008.02.21 07:06:23.968,1.6193,1.6194,0.20,0.05
2008.02.21 07:06:25.210,1.6193,1.6194,0.20,0.05
2008.02.21 07:06:27.015,1.6193,1.6194,0.20,0.05
2008.02.21 07:06:27.253,1.6193,1.6194,0.20,0.05
2008.02.21 07:06:27.661,1.6193,1.6194,0.20,0.05
2008.02.21 07:06:27.981,1.6193,1.6194,0.20,0.05
2008.02.21 07:06:28.194,1.6193,1.6194,0.20,0.05
2008.02.21 07:06:29.213,1.6193,1.6194,0.20,0.05
2008.02.21 07:06:29.425,1.6193,1.6194,0.20,0.05
2008.02.21 07:06:29.732,1.6193,1.6194,0.20,0.05
2008.02.21 07:06:29.948,1.6193,1.6194,0.20,0.05
2008.02.21 07:06:30.077,1.6193,1.6194,0.40,0.05
2008.02.21 07:06:30.412,1.6193,1.6194,0.40,0.05
2008.02.21 07:06:30.749,1.6193,1.6194,0.20,0.05
2008.02.21 07:06:31.082,1.6193,1.6194,0.20,0.05
2008.02.21 07:06:31.704,1.6193,1.6194,0.20,0.05
2008.02.21 07:06:31.921,1.6193,1.6194,0.20,0.05
2008.02.21 07:06:35.145,1.6193,1.6194,0.20,0.05
2008.02.21 07:06:35.456,1.6193,1.6194,0.20,0.05
2008.02.21 07:06:36.180,1.6193,1.6194,0.20,0.05
2008.02.21 07:06:37.419,1.6193,1.6194,0.20,0.05
2008.02.21 07:06:38.032,1.6193,1.6194,0.20,0.05
2008.02.21 07:06:38.679,1.6193,1.6194,0.20,0.05
2008.02.21 07:06:38.890,1.6193,1.6194,0.20,0.05
2008.02.21 07:06:39.195,1.6193,1.6194,0.20,0.05
2008.02.21 07:06:40.135,1.6193,1.6194,0.20,0.05
2008.02.21 07:06:40.469,1.6193,1.6194,0.20,0.05
2008.02.21 07:06:43.402,1.6193,1.6194,0.20,0.05
2008.02.21 07:06:43.716,1.6193,1.6194,0.20,0.05
2008.02.21 07:06:44.273,1.6193,1.6194,0.20,0.05
2008.02.21 07:06:45.922,1.6193,1.6194,0.20,0.05
2008.02.21 07:06:46.629,1.6193,1.6194,0.20,0.05
2008.02.21 07:06:48.889,1.6193,1.6194,0.20,0.05
2008.02.21 07:06:49.196,1.6193,1.6194,0.20,0.05
2008.02.21 07:06:49.888,1.6193,1.61945,0.20,0.05
2008.02.21 07:06:50.129,1.6193,1.61945,0.20,0.05
2008.02.21 07:06:50.284,1.61935,1.6195,0.20,0.20
2008.02.21 07:06:50.480,1.6193,1.61945,0.40,0.05
2008.02.21 07:06:50.673,1.61935,1.6195,0.20,0.05
2008.02.21 07:06:50.869,1.61935,1.6195,0.20,0.05
2008.02.21 07:06:51.063,1.61935,1.6195,0.20,0.05
2008.02.21 07:06:51.357,1.6194,1.61955,0.20,3.20
2008.02.21 07:06:51.676,1.6194,1.61955,0.20,3.20
2008.02.21 07:06:51.995,1.6194,1.61955,0.20,3.20
2008.02.21 07:06:52.415,1.6193,1.6194,0.90,0.05
2008.02.21 07:06:52.619,1.6193,1.6194,0.70,0.05
2008.02.21 07:06:52.823,1.61935,1.6195,0.20,0.20
2008.02.21 07:06:53.027,1.61935,1.6195,0.20,0.20
2008.02.21 07:06:53.232,1.6194,1.61955,0.20,3.20
2008.02.21 07:06:53.516,1.6194,1.61955,0.20,3.20
2008.02.21 07:06:53.799,1.6194,1.61955,0.20,3.20
2008.02.21 07:06:54.082,1.6194,1.61955,0.20,3.20
2008.02.21 07:06:54.445,1.6194,1.61955,0.20,3.20
2008.02.21 07:06:54.683,1.6194,1.61955,0.20,3.20
2008.02.21 07:06:55.163,1.6194,1.61955,0.20,3.20
2008.02.21 07:06:55.402,1.6194,1.61955,0.20,3.20
2008.02.21 07:06:55.692,1.61935,1.6195,0.20,0.05
2008.02.21 07:06:55.840,1.61935,1.6195,0.20,0.05
2008.02.21 07:06:56.425,1.61935,1.6195,0.20,0.05
2008.02.21 07:06:57.136,1.61935,1.61945,0.20,1.60
2008.02.21 07:06:57.390,1.61935,1.61945,0.20,1.60
2008.02.21 07:06:57.644,1.61935,1.61945,0.20,1.60
2008.02.21 07:06:57.803,1.6193,1.61935,0.60,0.05
2008.02.21 07:06:57.963,1.6193,1.6194,0.70,0.20
2008.02.21 07:06:58.120,1.6193,1.6194,0.70,0.20
2008.02.21 07:06:58.279,1.61935,1.61945,0.20,0.05
2008.02.21 07:06:58.437,1.61935,1.61945,0.20,0.05
2008.02.21 07:06:58.596,1.61935,1.61945,0.20,0.05
2008.02.21 07:06:58.855,1.61935,1.61945,0.20,0.05
2008.02.21 07:06:59.114,1.61935,1.61945,0.20,0.05
2008.02.21 07:06:59.373,1.6193,1.6194,0.70,0.05
2008.02.21 07:06:59.632,1.6193,1.6194,0.70,0.05
2008.02.21 07:06:59.914,1.6193,1.6194,0.70,0.05
2008.02.21 07:07:00.063,1.6193,1.6194,0.70,0.05
2008.02.21 07:07:00.228,1.6193,1.6194,0.70,0.05
2008.02.21 07:07:00.632,1.6193,1.6194,0.70,0.05
2008.02.21 07:07:00.860,1.6193,1.6194,0.70,0.05
2008.02.21 07:07:01.089,1.6193,1.6194,0.70,0.05
2008.02.21 07:07:01.430,1.6193,1.6194,0.70,0.05
2008.02.21 07:07:01.660,1.6193,1.6194,0.70,0.05
2008.02.21 07:07:01.778,1.6193,1.61935,0.60,0.05
2008.02.21 07:07:01.898,1.6193,1.61935,0.60,0.05
2008.02.21 07:07:02.190,1.6193,1.61935,0.60,0.05
2008.02.21 07:07:02.692,1.6193,1.61935,0.60,0.05
2008.02.21 07:07:03.650,1.6193,1.61935,0.60,0.05
2008.02.21 07:07:05.148,1.6193,1.61935,0.60,0.05
2008.02.21 07:07:05.467,1.6193,1.6194,0.60,0.05
2008.02.21 07:07:05.646,1.6193,1.6194,0.70,0.05
2008.02.21 07:07:05.817,1.6193,1.61945,0.90,2.40
2008.02.21 07:07:06.056,1.6193,1.61945,1.40,2.40
2008.02.21 07:07:06.294,1.61935,1.6194,0.60,0.05
2008.02.21 07:07:06.534,1.61935,1.6194,0.60,0.05
2008.02.21 07:07:06.886,1.6194,1.61945,0.20,2.40
2008.02.21 07:07:07.166,1.6194,1.61945,0.20,2.40
2008.02.21 07:07:07.323,1.6194,1.61945,0.20,2.40
2008.02.21 07:07:07.435,1.6194,1.6195,0.20,0.05
2008.02.21 07:07:07.703,1.6195,1.61955,0.80,0.80
2008.02.21 07:07:07.933,1.61955,1.61965,0.20,0.80
2008.02.21 07:07:08.162,1.6194,1.61945,0.20,0.05
2008.02.21 07:07:08.395,1.6194,1.6195,0.20,0.20
2008.02.21 07:07:08.625,1.6194,1.6195,0.20,0.20
2008.02.21 07:07:08.853,1.6194,1.6195,0.20,0.20
2008.02.21 07:07:09.159,1.61935,1.6194,0.60,0.05
2008.02.21 07:07:09.463,1.61935,1.6194,0.60,0.05
2008.02.21 07:07:09.778,1.61935,1.6194,0.60,0.05
2008.02.21 07:07:09.976,1.61935,1.6194,0.60,0.05
2008.02.21 07:07:10.490,1.61935,1.6194,0.60,0.05
2008.02.21 07:07:10.699,1.61935,1.6194,0.60,0.05
2008.02.21 07:07:11.654,1.61935,1.6194,0.60,0.05
2008.02.21 07:07:11.931,1.61935,1.6194,0.60,0.05
2008.02.21 07:07:12.141,1.61935,1.6194,0.60,0.05
2008.02.21 07:07:12.350,1.61935,1.6194,0.60,0.05
2008.02.21 07:07:12.569,1.61935,1.6194,0.60,0.05
2008.02.21 07:07:12.778,1.61935,1.6194,0.60,0.05
2008.02.21 07:07:12.987,1.61935,1.6194,0.60,0.05
2008.02.21 07:07:13.322,1.61935,1.6194,0.60,0.05
2008.02.21 07:07:13.656,1.61935,1.6194,0.60,0.05
2008.02.21 07:07:13.989,1.6195,1.61955,0.20,0.80
2008.02.21 07:07:14.204,1.6194,1.6195,0.20,0.05
2008.02.21 07:07:14.420,1.6194,1.6195,0.20,0.05
2008.02.21 07:07:14.635,1.6195,1.6196,0.20,1.60
2008.02.21 07:07:14.850,1.6194,1.6195,0.20,0.05
2008.02.21 07:07:15.065,1.61955,1.61965,0.20,1.60
2008.02.21 07:07:15.359,1.61955,1.61965,0.20,1.60
2008.02.21 07:07:15.653,1.61955,1.61965,0.20,1.60
2008.02.21 07:07:15.946,1.61955,1.61965,0.20,1.60
2008.02.21 07:07:16.115,1.61955,1.61965,0.20,9.60
2008.02.21 07:07:16.294,1.6194,1.6195,0.05,0.20
2008.02.21 07:07:16.454,1.6194,1.6195,0.05,0.20
2008.02.21 07:07:16.632,1.6194,1.6195,0.05,0.20
2008.02.21 07:07:16.801,1.6194,1.6195,0.05,0.20
2008.02.21 07:07:16.971,1.61945,1.61955,0.20,4.00
2008.02.21 07:07:17.267,1.6195,1.6196,0.20,0.05
2008.02.21 07:07:17.561,1.61955,1.61965,0.20,0.05
2008.02.21 07:07:17.855,1.61955,1.61965,0.20,0.05
2008.02.21 07:07:18.150,1.61955,1.6196,0.20,0.20
2008.02.21 07:07:18.395,1.6194,1.6195,0.05,0.20
2008.02.21 07:07:18.638,1.6194,1.6195,0.05,0.20
2008.02.21 07:07:18.881,1.6194,1.6195,0.05,0.20
2008.02.21 07:07:19.125,1.6194,1.6195,0.05,0.20
2008.02.21 07:07:19.394,1.6194,1.6195,0.05,0.20
2008.02.21 07:07:19.672,1.6194,1.6195,0.05,0.20
2008.02.21 07:07:20.530,1.6194,1.6195,0.05,0.20
2008.02.21 07:07:20.718,1.6194,1.6195,0.05,0.20
2008.02.21 07:07:20.900,1.6194,1.6195,0.05,0.20
2008.02.21 07:07:21.078,1.61935,1.6194,1.30,0.05
2008.02.21 07:07:21.386,1.6194,1.6195,0.05,0.20
2008.02.21 07:07:21.694,1.6194,1.6195,0.05,0.20
2008.02.21 07:07:22.004,1.6194,1.6195,0.05,0.20
2008.02.21 07:07:23.162,1.6194,1.6195,0.05,0.20
2008.02.21 07:07:25.634,1.6194,1.6195,0.05,0.20
2008.02.21 07:07:25.883,1.6194,1.6195,0.05,0.20
2008.02.21 07:07:26.132,1.6194,1.6195,0.05,0.20
2008.02.21 07:07:26.382,1.6194,1.6195,0.05,0.20
2008.02.21 07:07:27.498,1.6194,1.6195,0.05,0.20
2008.02.21 07:07:27.696,1.6194,1.6195,0.05,0.20
2008.02.21 07:07:29.163,1.6194,1.6195,0.05,0.20
2008.02.21 07:07:29.237,1.6194,1.61945,0.05,1.90
2008.02.21 07:07:29.310,1.6193,1.6194,0.20,0.20
2008.02.21 07:07:29.444,1.6194,1.61945,0.05,2.00
2008.02.21 07:07:29.517,1.6194,1.61945,0.05,2.00
2008.02.21 07:07:29.591,1.6194,1.61945,0.05,2.00
2008.02.21 07:07:29.664,1.6194,1.61945,0.05,2.00
2008.02.21 07:07:29.908,1.6194,1.61945,0.05,3.60
2008.02.21 07:07:30.153,1.6194,1.61945,0.05,3.60
2008.02.21 07:07:30.397,1.6194,1.61945,0.05,3.60
2008.02.21 07:07:30.640,1.6194,1.61945,0.05,3.60
2008.02.21 07:07:30.883,1.6194,1.61945,0.05,3.60
2008.02.21 07:07:31.059,1.61925,1.61935,0.20,0.05
2008.02.21 07:07:31.399,1.6194,1.61945,0.05,3.60
2008.02.21 07:07:32.211,1.6194,1.61945,0.05,3.60
2008.02.21 07:07:32.383,1.6194,1.61945,0.05,3.60
2008.02.21 07:07:32.557,1.6194,1.61945,0.05,3.60
2008.02.21 07:07:32.807,1.6194,1.61945,0.05,2.00
2008.02.21 07:07:32.961,1.6194,1.61945,0.05,2.00
2008.02.21 07:07:35.130,1.6194,1.61945,0.05,2.00
2008.02.21 07:07:35.238,1.6194,1.61945,0.05,2.00
2008.02.21 07:07:35.451,1.61925,1.61935,0.20,0.05
2008.02.21 07:07:35.968,1.61925,1.61935,0.20,0.05
2008.02.21 07:07:36.696,1.61925,1.61935,0.20,0.05
2008.02.21 07:07:39.389,1.61925,1.61935,0.20,0.05
2008.02.21 07:07:39.553,1.61925,1.61935,0.20,0.05
2008.02.21 07:07:39.723,1.61925,1.61935,0.20,0.05
2008.02.21 07:07:39.891,1.61925,1.61935,0.20,0.05
2008.02.21 07:07:40.060,1.61925,1.61935,0.20,0.05
2008.02.21 07:07:40.461,1.61925,1.61935,0.20,0.05
2008.02.21 07:07:40.721,1.61925,1.61935,0.20,0.05
2008.02.21 07:07:40.977,1.61925,1.61935,0.20,0.05
2008.02.21 07:07:41.226,1.61925,1.61935,0.20,0.05
2008.02.21 07:07:41.431,1.6193,1.6194,0.20,0.20
2008.02.21 07:07:41.635,1.61925,1.61935,0.20,0.05
2008.02.21 07:07:41.838,1.61925,1.61935,0.20,0.05
2008.02.21 07:07:42.042,1.61925,1.61935,0.20,0.05
2008.02.21 07:07:42.246,1.61925,1.61935,0.20,0.05
2008.02.21 07:07:42.540,1.61925,1.61935,0.20,0.05
2008.02.21 07:07:42.835,1.61925,1.61935,0.20,0.05
2008.02.21 07:07:43.128,1.61925,1.61935,0.20,0.05
2008.02.21 07:07:43.422,1.61925,1.61935,0.20,0.05
2008.02.21 07:07:45.617,1.61925,1.61935,0.20,0.05
2008.02.21 07:07:46.962,1.61925,1.61935,0.20,0.05
2008.02.21 07:07:47.396,1.61925,1.61935,0.20,0.05
2008.02.21 07:07:47.505,1.61925,1.61935,0.20,0.05
2008.02.21 07:07:47.590,1.61925,1.61935,0.20,0.05
2008.02.21 07:07:47.687,1.61925,1.61935,0.20,0.05
2008.02.21 07:07:47.771,1.61925,1.61935,0.20,0.05
2008.02.21 07:07:47.894,1.61925,1.61935,0.20,0.05
2008.02.21 07:07:47.979,1.61925,1.61935,0.60,0.05
2008.02.21 07:07:48.094,1.61925,1.61935,0.60,0.05
2008.02.21 07:07:48.645,1.61925,1.61935,0.60,0.05
2008.02.21 07:07:48.978,1.61925,1.61935,0.60,0.05
2008.02.21 07:07:49.310,1.61925,1.61935,0.60,0.05
2008.02.21 07:07:49.644,1.61925,1.61935,0.60,0.05
2008.02.21 07:07:50.155,1.61925,1.61935,0.60,0.05
2008.02.21 07:07:50.399,1.61925,1.61935,0.60,0.05
2008.02.21 07:07:53.695,1.61925,1.61935,0.60,0.05
2008.02.21 07:07:54.884,1.61925,1.61935,0.60,0.05
2008.02.21 07:07:55.827,1.6193,1.6194,0.20,0.05
2008.02.21 07:07:56.021,1.6193,1.6194,0.20,0.05
2008.02.21 07:07:56.214,1.6193,1.6194,0.20,0.05
2008.02.21 07:07:57.145,1.6193,1.6194,0.20,0.05
2008.02.21 07:07:57.458,1.6193,1.6194,0.20,0.05
2008.02.21 07:07:57.691,1.6193,1.6194,0.20,0.05
2008.02.21 07:07:57.884,1.6193,1.6194,0.20,0.05
2008.02.21 07:07:58.857,1.61915,1.6192,10.50,0.05
2008.02.21 07:07:59.000,1.61915,1.6192,10.50,0.05
2008.02.21 07:07:59.144,1.61915,1.6192,6.50,0.05
2008.02.21 07:07:59.288,1.6192,1.61935,0.20,9.60
2008.02.21 07:07:59.432,1.6192,1.61935,0.20,10.40
2008.02.21 07:07:59.575,1.6191,1.6192,0.40,0.05
2008.02.21 07:07:59.719,1.6191,1.6192,0.40,0.05
2008.02.21 07:07:59.878,1.6191,1.6192,0.40,0.05
2008.02.21 07:08:00.101,1.6193,1.61935,0.20,10.40
2008.02.21 07:08:00.236,1.6193,1.61935,0.20,4.80
2008.02.21 07:08:00.370,1.6193,1.6194,0.20,0.05
2008.02.21 07:08:00.503,1.6193,1.6194,0.20,0.05
2008.02.21 07:08:00.636,1.61925,1.61935,0.20,0.05
2008.02.21 07:08:00.770,1.61925,1.61935,0.20,0.05
2008.02.21 07:08:00.913,1.61925,1.61935,0.20,0.05
2008.02.21 07:08:01.128,1.61925,1.61935,0.20,0.05
2008.02.21 07:08:01.341,1.61925,1.61935,0.20,0.05
2008.02.21 07:08:01.620,1.61925,1.61935,0.20,0.05
2008.02.21 07:08:01.833,1.61925,1.61935,0.20,0.05
2008.02.21 07:08:02.073,1.61925,1.61935,0.20,0.05
2008.02.21 07:08:02.139,1.61925,1.61935,0.20,0.05
2008.02.21 07:08:02.441,1.61925,1.61935,0.20,0.05
2008.02.21 07:08:02.838,1.61925,1.61935,0.20,0.05
2008.02.21 07:08:03.161,1.61925,1.61935,0.20,0.05
2008.02.21 07:08:03.370,1.61925,1.61935,0.20,0.05
2008.02.21 07:08:05.667,1.61925,1.61935,0.20,0.05
2008.02.21 07:08:06.388,1.61925,1.61935,0.20,0.05
2008.02.21 07:08:06.707,1.61925,1.61935,0.20,0.05
2008.02.21 07:08:07.400,1.61925,1.61935,0.20,0.05
2008.02.21 07:08:07.463,1.61925,1.61935,0.20,0.05
2008.02.21 07:08:08.388,1.61925,1.61935,0.20,0.05
2008.02.21 07:08:08.428,1.61925,1.61935,0.20,0.05
2008.02.21 07:08:08.461,1.61925,1.61935,0.20,0.05
2008.02.21 07:08:08.498,1.61925,1.61935,0.20,0.05
2008.02.21 07:08:08.635,1.61925,1.61935,0.20,0.05
2008.02.21 07:08:09.163,1.61925,1.61935,0.20,0.05
2008.02.21 07:08:09.854,1.61925,1.61935,0.20,0.05
2008.02.21 07:08:10.054,1.61925,1.61935,0.20,0.05
2008.02.21 07:08:10.252,1.61925,1.61935,0.20,0.05
2008.02.21 07:08:10.370,1.61925,1.61935,0.20,0.05
2008.02.21 07:08:10.489,1.61925,1.61935,0.20,0.05
2008.02.21 07:08:10.688,1.61925,1.61935,0.20,0.05
2008.02.21 07:08:11.078,1.61925,1.6194,0.20,0.20
2008.02.21 07:08:11.210,1.61925,1.6194,0.20,0.20
2008.02.21 07:08:11.343,1.61925,1.6194,0.20,0.20
2008.02.21 07:08:11.477,1.61925,1.6194,0.20,0.05
2008.02.21 07:08:11.611,1.61925,1.6194,0.20,0.05
2008.02.21 07:08:11.743,1.61925,1.6194,0.20,0.05
2008.02.21 07:08:12.118,1.61925,1.6194,0.20,0.05
2008.02.21 07:08:14.188,1.61925,1.61935,0.20,0.05
2008.02.21 07:08:19.149,1.61925,1.61935,0.20,0.05
2008.02.21 07:08:19.863,1.61925,1.61935,0.20,0.05
2008.02.21 07:08:19.936,1.61925,1.61935,0.20,0.05
2008.02.21 07:08:20.174,1.61925,1.61935,0.20,0.05
2008.02.21 07:08:20.249,1.61925,1.61935,0.20,0.05
2008.02.21 07:08:20.383,1.61925,1.61935,0.20,0.05
2008.02.21 07:08:20.622,1.6192,1.6193,0.40,0.05
2008.02.21 07:08:20.699,1.6192,1.6193,0.40,0.05
2008.02.21 07:08:20.770,1.6192,1.6193,0.40,0.05
2008.02.21 07:08:20.904,1.6192,1.6193,0.40,0.05
2008.02.21 07:08:21.239,1.6192,1.6193,0.40,0.05
2008.02.21 07:08:21.572,1.6192,1.6193,0.20,0.05
2008.02.21 07:08:21.906,1.6192,1.6193,0.20,0.05
2008.02.21 07:08:22.884,1.6192,1.6193,0.20,0.05
2008.02.21 07:08:23.763,1.6192,1.6193,0.20,0.05
2008.02.21 07:08:24.155,1.61925,1.61935,0.20,0.05
2008.02.21 07:08:26.119,1.6192,1.6193,0.20,0.05
2008.02.21 07:08:26.313,1.6192,1.6193,0.20,0.05
2008.02.21 07:08:29.039,1.6192,1.6193,0.20,0.05
2008.02.21 07:08:31.653,1.6192,1.6193,0.20,0.05
2008.02.21 07:08:31.879,1.6192,1.6193,0.20,0.05
2008.02.21 07:08:33.600,1.6192,1.6193,0.20,0.05
2008.02.21 07:08:34.709,1.6192,1.6193,0.20,0.05
2008.02.21 07:08:34.916,1.6192,1.6193,0.20,0.05
2008.02.21 07:08:35.015,1.6192,1.6193,0.20,0.05
2008.02.21 07:08:35.114,1.6192,1.6193,0.20,0.05
2008.02.21 07:08:35.212,1.61925,1.61935,0.20,0.05
2008.02.21 07:08:35.311,1.61925,1.61935,0.20,0.05
2008.02.21 07:08:35.425,1.61925,1.61935,0.20,0.05
2008.02.21 07:08:35.524,1.61925,1.61935,0.20,0.05
2008.02.21 07:08:35.632,1.61925,1.61935,0.20,0.05
2008.02.21 07:08:36.145,1.61925,1.61935,0.20,0.05
2008.02.21 07:08:38.179,1.61925,1.61935,0.20,0.05
2008.02.21 07:08:39.644,1.61925,1.61935,0.20,0.05
2008.02.21 07:08:39.865,1.61925,1.61935,0.20,0.05
2008.02.21 07:08:40.085,1.61925,1.61935,0.20,0.05
2008.02.21 07:08:40.302,1.6193,1.6194,0.20,0.05
2008.02.21 07:08:40.566,1.6193,1.6194,0.20,0.05
2008.02.21 07:08:40.829,1.6193,1.6194,0.20,0.05
2008.02.21 07:08:42.146,1.6193,1.6194,0.20,0.05
2008.02.21 07:08:42.265,1.6193,1.6194,0.20,0.05
2008.02.21 07:08:42.383,1.6193,1.6194,0.20,0.05
2008.02.21 07:08:42.502,1.6193,1.6194,0.20,0.05
2008.02.21 07:08:42.671,1.6193,1.6194,0.20,0.05
2008.02.21 07:08:43.741,1.6193,1.6194,0.20,0.05
2008.02.21 07:08:44.074,1.6193,1.6194,0.20,0.05
2008.02.21 07:08:44.408,1.6193,1.6194,0.20,0.05
2008.02.21 07:08:44.592,1.6193,1.6194,0.20,0.05
2008.02.21 07:08:46.939,1.6193,1.6194,0.20,0.05
2008.02.21 07:08:49.070,1.6193,1.6194,0.20,0.05
2008.02.21 07:08:49.118,1.6193,1.6194,0.20,0.05
2008.02.21 07:08:49.416,1.6193,1.6194,0.20,0.05
2008.02.21 07:08:50.267,1.6193,1.6194,0.20,0.05
2008.02.21 07:08:51.082,1.6193,1.6194,0.20,0.05
2008.02.21 07:08:52.417,1.6193,1.6194,0.20,0.05
2008.02.21 07:08:58.168,1.6193,1.6194,0.20,0.05
2008.02.21 07:08:58.911,1.6193,1.6194,0.20,0.05
2008.02.21 07:08:59.279,1.6193,1.6194,0.20,0.05
2008.02.21 07:09:00.198,1.6193,1.6194,0.20,0.05
2008.02.21 07:09:00.394,1.6193,1.6194,0.20,0.05
2008.02.21 07:09:00.606,1.6193,1.6194,0.20,0.05
2008.02.21 07:09:00.888,1.6193,1.61945,0.20,0.05
2008.02.21 07:09:01.171,1.6193,1.61945,0.20,0.05
2008.02.21 07:09:06.338,1.6193,1.61945,0.20,0.05
2008.02.21 07:09:06.401,1.6193,1.61945,0.20,0.05
2008.02.21 07:09:06.444,1.6193,1.61945,0.20,0.05
2008.02.21 07:09:06.504,1.6193,1.61945,0.20,0.05
2008.02.21 07:09:06.546,1.6193,1.61945,0.20,0.05
2008.02.21 07:09:06.619,1.6193,1.61945,0.20,0.05
2008.02.21 07:09:06.671,1.6193,1.61945,0.20,0.05
2008.02.21 07:09:06.713,1.6193,1.61945,0.20,0.05
2008.02.21 07:09:06.807,1.6193,1.61945,0.20,0.05
2008.02.21 07:09:06.911,1.6193,1.61945,0.20,0.05
2008.02.21 07:09:06.978,1.6193,1.61945,0.20,0.05
2008.02.21 07:09:07.020,1.6193,1.61945,0.20,0.05
2008.02.21 07:09:07.133,1.6193,1.61945,0.20,0.05
2008.02.21 07:09:07.214,1.6193,1.6194,0.20,0.05
2008.02.21 07:09:07.538,1.6193,1.6194,0.20,0.05
2008.02.21 07:09:07.879,1.6193,1.6194,0.20,0.05
2008.02.21 07:09:08.210,1.6193,1.6194,0.20,0.05
2008.02.21 07:09:10.434,1.6193,1.6194,0.20,0.05
2008.02.21 07:09:10.950,1.6193,1.6194,0.20,0.05
2008.02.21 07:09:14.656,1.6193,1.6194,0.20,0.05
2008.02.21 07:09:14.912,1.6193,1.6194,0.20,0.05
2008.02.21 07:09:14.950,1.6193,1.61945,0.20,0.05
2008.02.21 07:09:15.046,1.6193,1.61945,0.20,0.05
2008.02.21 07:09:15.180,1.6193,1.61945,0.20,0.05
2008.02.21 07:09:15.571,1.6193,1.6194,0.20,0.05
2008.02.21 07:09:15.663,1.6193,1.6194,0.20,0.05
2008.02.21 07:09:15.777,1.6193,1.6194,0.20,0.05
2008.02.21 07:09:15.900,1.6193,1.6194,0.20,0.05
2008.02.21 07:09:17.140,1.61935,1.61945,0.20,0.05
2008.02.21 07:09:17.267,1.61935,1.61945,0.20,0.05
2008.02.21 07:09:17.393,1.61935,1.61945,0.20,0.05
2008.02.21 07:09:17.518,1.61935,1.61945,0.20,0.05
2008.02.21 07:09:17.642,1.61935,1.61945,0.20,0.05
2008.02.21 07:09:17.766,1.61935,1.61945,0.20,0.05
2008.02.21 07:09:17.892,1.61935,1.61945,0.20,0.05
2008.02.21 07:09:18.026,1.61935,1.61945,0.20,0.05
2008.02.21 07:09:18.360,1.61935,1.61945,0.20,0.05
2008.02.21 07:09:18.693,1.61935,1.61945,0.20,0.05
2008.02.21 07:09:19.026,1.61935,1.61945,0.20,0.05
2008.02.21 07:09:19.359,1.61935,1.61945,0.20,0.05
2008.02.21 07:09:19.573,1.61935,1.61945,0.20,0.05
2008.02.21 07:09:19.787,1.61935,1.61945,0.20,0.05
2008.02.21 07:09:20.000,1.61935,1.61945,0.20,0.05
2008.02.21 07:09:20.221,1.61935,1.61945,0.20,0.05
2008.02.21 07:09:21.877,1.61935,1.61945,0.20,0.05
2008.02.21 07:09:22.188,1.61935,1.61945,0.20,0.05
2008.02.21 07:09:23.416,1.61935,1.61945,0.20,0.05
2008.02.21 07:09:28.227,1.61935,1.61945,0.20,0.05
2008.02.21 07:09:28.336,1.61935,1.61945,0.20,0.05
2008.02.21 07:09:28.454,1.61935,1.61945,0.20,0.05
2008.02.21 07:09:28.858,1.61935,1.61945,0.20,0.05
2008.02.21 07:09:28.976,1.61935,1.61945,0.20,0.05
2008.02.21 07:09:29.160,1.61935,1.61945,0.20,0.05
2008.02.21 07:09:29.286,1.61935,1.61945,0.20,0.05
2008.02.21 07:09:29.566,1.61935,1.61945,0.20,0.05
2008.02.21 07:09:29.845,1.61935,1.61945,0.20,0.05
2008.02.21 07:09:30.123,1.61935,1.61945,0.20,0.05
2008.02.21 07:09:30.402,1.61935,1.61945,0.20,0.05
2008.02.21 07:09:30.607,1.61935,1.61945,0.20,0.05
2008.02.21 07:09:30.813,1.61935,1.61945,0.20,0.05
2008.02.21 07:09:31.017,1.61935,1.61945,0.20,0.05
2008.02.21 07:09:31.222,1.61935,1.61945,0.20,0.05
2008.02.21 07:09:31.540,1.61935,1.61945,0.20,0.05
2008.02.21 07:09:31.784,1.61935,1.61945,0.20,0.05
2008.02.21 07:09:32.036,1.61935,1.61945,0.20,0.05
2008.02.21 07:09:32.159,1.61935,1.61945,0.20,0.05
2008.02.21 07:09:32.444,1.61935,1.61945,0.20,0.05
2008.02.21 07:09:34.161,1.61935,1.61945,0.20,0.05
2008.02.21 07:09:34.275,1.61935,1.61945,0.20,0.05
2008.02.21 07:09:34.397,1.61935,1.61945,0.20,0.05
2008.02.21 07:09:34.671,1.61935,1.61945,0.20,0.05
2008.02.21 07:09:35.130,1.61935,1.61945,0.20,0.05
2008.02.21 07:09:35.962,1.61935,1.61945,0.20,0.05
2008.02.21 07:09:36.322,1.6194,1.6195,0.20,0.05
2008.02.21 07:09:36.537,1.6194,1.6195,0.20,0.05
2008.02.21 07:09:36.656,1.6194,1.61955,0.20,0.70
2008.02.21 07:09:36.775,1.6194,1.61955,0.20,0.90
2008.02.21 07:09:36.895,1.6194,1.61955,0.20,0.50
2008.02.21 07:09:37.014,1.6194,1.61955,0.20,0.70
2008.02.21 07:09:37.386,1.6196,1.61965,0.10,15.30
2008.02.21 07:09:37.505,1.6196,1.61975,0.10,0.70
2008.02.21 07:09:37.840,1.6196,1.61975,0.10,0.70
2008.02.21 07:09:38.185,1.6196,1.6198,0.10,0.05
2008.02.21 07:09:38.509,1.6196,1.6198,0.10,0.05
2008.02.21 07:09:38.708,1.6196,1.6198,0.10,0.05
2008.02.21 07:09:38.907,1.6196,1.6198,0.10,0.05
2008.02.21 07:09:39.107,1.6196,1.6198,0.10,0.05
2008.02.21 07:09:39.305,1.6196,1.6198,0.10,0.05
2008.02.21 07:09:39.503,1.6196,1.6198,0.10,0.05
2008.02.21 07:09:39.837,1.6196,1.6198,0.10,0.05
2008.02.21 07:09:40.173,1.6196,1.6198,0.10,0.05
2008.02.21 07:09:40.518,1.6196,1.6198,0.10,0.05
2008.02.21 07:09:40.706,1.6196,1.6198,0.10,0.05
2008.02.21 07:09:40.905,1.6196,1.6198,0.10,0.05
2008.02.21 07:09:41.105,1.6196,1.6198,0.30,0.05
2008.02.21 07:09:41.303,1.61975,1.61985,0.20,0.05
2008.02.21 07:09:41.502,1.61975,1.61985,0.20,0.05
2008.02.21 07:09:41.980,1.61975,1.61985,0.20,0.05
2008.02.21 07:09:42.259,1.61975,1.61985,0.20,0.05
2008.02.21 07:09:42.539,1.61975,1.61985,0.20,0.05
2008.02.21 07:09:42.718,1.61975,1.61985,0.20,0.05
2008.02.21 07:09:43.061,1.61975,1.61985,0.20,0.05
2008.02.21 07:09:43.240,1.61965,1.61975,0.20,0.05
2008.02.21 07:09:43.419,1.61965,1.61975,0.20,0.05
2008.02.21 07:09:43.597,1.61965,1.61975,0.20,0.05
2008.02.21 07:09:43.832,1.61965,1.61975,0.20,0.05
2008.02.21 07:09:44.076,1.61965,1.61975,0.20,0.05
2008.02.21 07:09:44.300,1.61965,1.61975,0.20,0.05
2008.02.21 07:09:44.544,1.61965,1.61975,0.20,0.05
2008.02.21 07:09:44.778,1.61965,1.61975,0.20,0.05
2008.02.21 07:09:45.185,1.61965,1.61975,0.20,0.05
2008.02.21 07:09:45.374,1.61965,1.61975,0.20,0.05
2008.02.21 07:09:45.564,1.61965,1.61975,0.20,0.05
2008.02.21 07:09:45.752,1.61965,1.61975,0.20,0.05
2008.02.21 07:09:46.046,1.61965,1.61975,0.20,0.05
2008.02.21 07:09:46.339,1.6196,1.6197,0.20,0.05
2008.02.21 07:09:46.634,1.6196,1.6197,0.20,0.05
2008.02.21 07:09:46.927,1.61965,1.61975,0.20,0.05
2008.02.21 07:09:47.218,1.6196,1.6197,0.20,0.05
2008.02.21 07:09:47.431,1.6196,1.6197,0.20,0.20
2008.02.21 07:09:47.645,1.6195,1.6196,0.20,0.05
2008.02.21 07:09:47.858,1.6195,1.6196,0.20,0.05
2008.02.21 07:09:48.072,1.6195,1.6196,0.20,0.05
2008.02.21 07:09:48.285,1.6195,1.6196,0.20,0.05
2008.02.21 07:09:48.498,1.6195,1.6196,0.20,0.05
2008.02.21 07:09:48.711,1.6195,1.6196,0.20,0.05
2008.02.21 07:09:49.432,1.6195,1.6196,0.20,0.05
2008.02.21 07:09:51.374,1.6195,1.6196,0.20,0.05
2008.02.21 07:09:51.578,1.6195,1.6196,0.20,0.05
2008.02.21 07:09:51.713,1.6195,1.6196,0.40,0.05
2008.02.21 07:09:51.887,1.6195,1.6196,0.40,0.05
2008.02.21 07:09:52.024,1.6195,1.6196,0.40,0.05
2008.02.21 07:09:52.152,1.6195,1.6196,0.40,0.05
2008.02.21 07:09:52.282,1.61955,1.61965,0.20,0.05
2008.02.21 07:09:52.616,1.61955,1.61965,0.20,0.05
2008.02.21 07:09:52.744,1.61955,1.61965,0.20,0.05
2008.02.21 07:09:53.124,1.61955,1.61965,0.20,0.05
2008.02.21 07:09:53.383,1.61955,1.61965,0.20,0.05
2008.02.21 07:09:53.653,1.6196,1.61965,0.20,0.05
2008.02.21 07:09:53.911,1.61955,1.61965,0.20,0.05
2008.02.21 07:09:54.214,1.61955,1.61965,0.20,0.05
2008.02.21 07:09:54.816,1.61955,1.61965,0.20,0.05
2008.02.21 07:09:55.123,1.61955,1.61965,0.20,0.05
2008.02.21 07:09:56.978,1.61955,1.61965,0.20,0.05
2008.02.21 07:09:57.071,1.61955,1.61965,0.20,0.05
2008.02.21 07:09:57.194,1.61955,1.61965,0.20,0.05
2008.02.21 07:09:57.549,1.61955,1.61965,0.20,0.05
2008.02.21 07:09:57.614,1.61955,1.61965,0.20,0.05
2008.02.21 07:09:57.677,1.61955,1.61965,0.20,0.05
2008.02.21 07:09:57.868,1.61955,1.61965,0.20,0.05
2008.02.21 07:09:58.643,1.61955,1.61965,0.20,0.05
2008.02.21 07:09:59.686,1.61955,1.61965,0.20,0.05
2008.02.21 07:10:00.103,1.61955,1.61965,0.20,0.05
2008.02.21 07:10:00.427,1.61955,1.61965,0.20,0.05
2008.02.21 07:10:00.693,1.61955,1.61965,0.20,0.05
2008.02.21 07:10:00.962,1.61955,1.61965,0.20,0.05
2008.02.21 07:10:03.478,1.61955,1.61965,0.20,0.05
2008.02.21 07:10:03.538,1.61955,1.61965,0.20,0.05
2008.02.21 07:10:03.639,1.61955,1.61965,0.20,0.05
2008.02.21 07:10:04.164,1.61955,1.61965,0.20,0.05
2008.02.21 07:10:05.619,1.61955,1.61965,0.20,0.05
2008.02.21 07:10:05.944,1.61955,1.61965,0.20,0.05
2008.02.21 07:10:06.137,1.61955,1.61965,0.20,0.05
2008.02.21 07:10:06.264,1.61955,1.61965,0.20,0.05
2008.02.21 07:10:06.393,1.61945,1.61955,1.70,0.05
2008.02.21 07:10:06.522,1.61945,1.61955,1.70,0.05
2008.02.21 07:10:06.771,1.61945,1.61955,0.20,0.05
2008.02.21 07:10:07.364,1.61945,1.61955,0.20,0.05
2008.02.21 07:10:07.889,1.61945,1.61955,0.20,0.05
2008.02.21 07:10:13.160,1.61945,1.61955,0.20,0.05
2008.02.21 07:10:13.889,1.61945,1.61955,0.20,0.05
2008.02.21 07:10:14.085,1.61945,1.61955,0.20,0.05
2008.02.21 07:10:14.264,1.61945,1.61955,0.20,0.05
2008.02.21 07:10:14.386,1.61945,1.61955,0.20,0.05
2008.02.21 07:10:14.505,1.61945,1.61955,0.20,0.05
2008.02.21 07:10:14.625,1.61945,1.61955,0.20,0.05
2008.02.21 07:10:14.744,1.61945,1.61955,0.20,0.05
2008.02.21 07:10:15.134,1.61945,1.61955,0.20,0.05
2008.02.21 07:10:15.655,1.61945,1.61955,0.20,0.05
2008.02.21 07:10:16.074,1.61945,1.61955,0.20,0.05
2008.02.21 07:10:16.238,1.61945,1.61955,0.20,0.05
2008.02.21 07:10:16.401,1.61945,1.61955,0.20,0.05
2008.02.21 07:10:16.565,1.61945,1.61955,0.20,0.05
2008.02.21 07:10:16.728,1.61945,1.61955,0.20,0.05
2008.02.21 07:10:17.117,1.61945,1.61955,0.20,0.05
2008.02.21 07:10:27.375,1.6195,1.61955,0.20,0.05
2008.02.21 07:10:27.544,1.6195,1.61955,0.20,0.05
2008.02.21 07:10:27.713,1.61955,1.61965,0.20,0.05
2008.02.21 07:10:27.862,1.61955,1.61965,0.20,0.05
2008.02.21 07:10:28.010,1.61955,1.61965,0.20,0.05
2008.02.21 07:10:28.616,1.61955,1.61965,0.20,0.05
2008.02.21 07:10:30.155,1.61955,1.61965,0.20,0.05
2008.02.21 07:10:31.005,1.61955,1.61965,0.20,0.05
2008.02.21 07:10:31.150,1.61955,1.61965,0.20,0.05
2008.02.21 07:10:31.293,1.61955,1.61965,0.20,0.05
2008.02.21 07:10:31.446,1.61955,1.61965,0.20,0.05
2008.02.21 07:10:31.496,1.61955,1.61965,0.20,0.05
2008.02.21 07:10:31.581,1.61955,1.61965,0.20,0.05
2008.02.21 07:10:31.725,1.61955,1.61965,0.20,0.05
2008.02.21 07:10:31.878,1.61955,1.61965,0.20,0.05
2008.02.21 07:10:32.145,1.61955,1.61965,0.20,0.05
2008.02.21 07:10:35.432,1.61955,1.61965,0.20,0.05
2008.02.21 07:10:35.690,1.61955,1.61965,0.20,0.05
2008.02.21 07:10:35.940,1.61955,1.61965,0.20,0.05
2008.02.21 07:10:36.189,1.61955,1.61965,0.20,0.05
2008.02.21 07:10:36.437,1.61955,1.61965,0.20,0.05
2008.02.21 07:10:36.678,1.61955,1.61965,0.20,0.05
2008.02.21 07:10:36.916,1.61955,1.61965,0.20,0.05
2008.02.21 07:10:37.156,1.61955,1.61965,0.20,0.05
2008.02.21 07:10:37.439,1.61955,1.61965,0.20,0.05
2008.02.21 07:10:37.692,1.61955,1.61965,0.20,0.05
2008.02.21 07:10:37.945,1.61955,1.61965,0.20,0.05
2008.02.21 07:10:38.199,1.6196,1.61965,0.20,0.05
2008.02.21 07:10:38.453,1.6196,1.6197,0.40,0.20
2008.02.21 07:10:38.877,1.6196,1.6197,0.40,0.20
2008.02.21 07:10:39.110,1.6196,1.6197,0.40,0.20
2008.02.21 07:10:39.392,1.6196,1.6197,0.40,0.20
2008.02.21 07:10:39.909,1.6196,1.6197,0.40,0.20
2008.02.21 07:10:40.118,1.6196,1.61965,0.20,0.05
2008.02.21 07:10:40.267,1.6196,1.61965,0.20,0.05
2008.02.21 07:10:40.426,1.6196,1.61965,0.20,0.05
2008.02.21 07:10:40.546,1.61955,1.61965,0.20,0.05
2008.02.21 07:10:40.665,1.61955,1.61965,0.20,0.05
2008.02.21 07:10:40.784,1.61955,1.61965,0.20,0.05
2008.02.21 07:10:40.903,1.61955,1.61965,0.20,0.05
2008.02.21 07:10:41.220,1.61955,1.61965,0.20,0.05
2008.02.21 07:10:41.339,1.61955,1.61965,0.20,0.05
2008.02.21 07:10:41.457,1.61955,1.61965,0.20,0.05
2008.02.21 07:10:41.663,1.61955,1.61965,0.20,0.05
2008.02.21 07:10:41.896,1.61955,1.61965,0.20,0.05
2008.02.21 07:10:42.134,1.61955,1.61965,0.20,0.05
2008.02.21 07:10:42.388,1.61955,1.61965,0.20,0.05
2008.02.21 07:10:43.341,1.61955,1.61965,0.20,0.05
2008.02.21 07:10:44.365,1.61955,1.61965,0.20,0.05
2008.02.21 07:10:44.481,1.61955,1.61965,0.20,0.05
2008.02.21 07:10:44.594,1.61955,1.61965,0.20,0.05
2008.02.21 07:10:46.457,1.61955,1.61965,0.20,0.05
2008.02.21 07:10:47.346,1.61955,1.61965,0.20,0.05
2008.02.21 07:10:47.653,1.61955,1.61965,0.20,0.05
2008.02.21 07:10:47.867,1.61955,1.61965,0.20,0.05
2008.02.21 07:10:48.582,1.61955,1.61965,0.20,0.05
2008.02.21 07:10:49.143,1.61955,1.61965,0.20,0.05
2008.02.21 07:10:52.948,1.61955,1.61965,0.20,0.05
2008.02.21 07:10:52.972,1.61955,1.6196,0.20,0.20
2008.02.21 07:10:53.010,1.61955,1.6196,0.20,0.20
2008.02.21 07:10:53.050,1.61955,1.6196,0.20,0.20
2008.02.21 07:10:53.143,1.6195,1.6196,0.40,0.20
2008.02.21 07:10:53.169,1.6195,1.6196,0.40,0.20
2008.02.21 07:10:53.247,1.6195,1.6196,0.40,0.20
2008.02.21 07:10:53.574,1.6195,1.6196,0.40,0.20
2008.02.21 07:10:53.908,1.6195,1.6196,0.40,0.20
2008.02.21 07:10:54.404,1.6195,1.6196,0.40,0.20
2008.02.21 07:10:55.664,1.6195,1.6196,0.40,0.20
2008.02.21 07:10:55.825,1.6195,1.6196,0.40,0.05
2008.02.21 07:10:55.963,1.6195,1.6196,0.40,0.05
2008.02.21 07:10:58.264,1.6195,1.6196,0.40,0.05
2008.02.21 07:10:58.356,1.6195,1.6196,0.20,0.20
2008.02.21 07:10:58.450,1.6195,1.6196,0.40,0.20
2008.02.21 07:10:58.533,1.6195,1.6196,0.40,0.20
2008.02.21 07:10:58.617,1.6195,1.6196,0.40,0.20
2008.02.21 07:10:59.557,1.61955,1.6196,0.20,0.20
2008.02.21 07:10:59.891,1.61955,1.61965,0.20,0.05
2008.02.21 07:11:00.234,1.61955,1.61965,0.20,0.05
2008.02.21 07:11:00.558,1.61955,1.61965,0.20,0.05
2008.02.21 07:11:00.725,1.61955,1.61965,0.20,0.05
2008.02.21 07:11:00.894,1.61955,1.61965,0.20,0.05
2008.02.21 07:11:01.064,1.61955,1.61965,0.20,0.05
2008.02.21 07:11:01.464,1.61955,1.61965,0.20,0.05
2008.02.21 07:11:01.682,1.61955,1.61965,0.20,0.05
2008.02.21 07:11:01.901,1.61955,1.61965,0.20,0.05
2008.02.21 07:11:02.120,1.61955,1.61965,0.20,0.05
2008.02.21 07:11:02.416,1.61955,1.61965,0.20,0.05
2008.02.21 07:11:02.610,1.61955,1.61965,0.20,0.05
2008.02.21 07:11:02.804,1.61955,1.61965,0.20,0.05
2008.02.21 07:11:02.997,1.61955,1.61965,0.20,0.05
2008.02.21 07:11:03.333,1.61955,1.61965,0.20,0.05
2008.02.21 07:11:05.114,1.61955,1.61965,0.20,0.05
2008.02.21 07:11:05.416,1.61955,1.61965,0.20,0.05
2008.02.21 07:11:06.008,1.61955,1.61965,0.20,0.05
2008.02.21 07:11:06.361,1.61955,1.61965,0.20,0.05
2008.02.21 07:11:06.564,1.61955,1.61965,0.20,0.05
2008.02.21 07:11:06.768,1.61955,1.61965,0.20,0.05
2008.02.21 07:11:07.047,1.61955,1.61965,0.20,0.05
2008.02.21 07:11:07.251,1.61955,1.61965,0.20,0.80
2008.02.21 07:11:07.455,1.61955,1.61965,0.20,0.80
2008.02.21 07:11:07.779,1.6195,1.6196,0.20,0.80
2008.02.21 07:11:08.103,1.6195,1.6196,0.20,0.20
2008.02.21 07:11:08.427,1.6195,1.6196,0.20,0.20
2008.02.21 07:11:08.845,1.6195,1.6196,0.20,0.20
2008.02.21 07:11:09.118,1.61945,1.61955,0.20,0.05
2008.02.21 07:11:09.318,1.61945,1.61955,0.20,0.05
2008.02.21 07:11:09.518,1.6194,1.6195,0.20,0.05
2008.02.21 07:11:09.751,1.6194,1.6195,0.20,0.05
2008.02.21 07:11:09.984,1.61945,1.61955,0.20,0.05
2008.02.21 07:11:10.218,1.61945,1.61955,0.20,0.05
2008.02.21 07:11:10.278,1.61945,1.61955,0.20,0.05
2008.02.21 07:11:10.451,1.61945,1.61955,0.20,0.05
2008.02.21 07:11:10.675,1.61945,1.61955,0.20,0.05
2008.02.21 07:11:11.121,1.61945,1.61955,0.20,0.05
2008.02.21 07:11:11.344,1.6195,1.6196,0.20,0.05
2008.02.21 07:11:11.645,1.6195,1.6196,0.20,0.05
2008.02.21 07:11:12.108,1.61945,1.61955,0.20,0.05
2008.02.21 07:11:12.277,1.61945,1.61955,0.20,0.05
2008.02.21 07:11:15.870,1.61945,1.61955,0.20,0.05
2008.02.21 07:11:16.383,1.61945,1.61955,0.20,0.05
2008.02.21 07:11:18.150,1.61945,1.61955,0.20,0.05
2008.02.21 07:11:18.354,1.61945,1.61955,0.20,0.05
2008.02.21 07:11:20.651,1.61945,1.61955,0.20,0.05
2008.02.21 07:11:20.858,1.61945,1.61955,0.20,0.05
2008.02.21 07:11:21.380,1.61945,1.61955,0.20,0.05
2008.02.21 07:11:21.897,1.61945,1.61955,0.20,0.05
2008.02.21 07:11:24.582,1.61945,1.61955,0.20,0.05
2008.02.21 07:11:25.089,1.61945,1.61955,0.20,0.05
2008.02.21 07:11:25.408,1.61945,1.61955,0.20,0.05
2008.02.21 07:11:28.916,1.61945,1.61955,0.20,0.05
2008.02.21 07:11:36.153,1.61945,1.61955,0.20,0.05
2008.02.21 07:11:39.911,1.61945,1.61955,0.20,0.05
2008.02.21 07:11:45.919,1.61945,1.61955,0.20,0.05
2008.02.21 07:11:48.362,1.61945,1.61955,0.20,0.05
2008.02.21 07:11:48.479,1.61945,1.61955,0.20,0.05
2008.02.21 07:11:50.600,1.61945,1.61955,0.20,0.05
2008.02.21 07:11:50.913,1.61945,1.61955,0.20,0.05
2008.02.21 07:11:51.115,1.61945,1.61955,0.20,0.05
2008.02.21 07:11:51.324,1.61945,1.61955,0.20,0.05
2008.02.21 07:11:52.655,1.61945,1.61955,0.20,0.05
2008.02.21 07:11:52.872,1.61945,1.61955,0.20,0.05
2008.02.21 07:11:53.182,1.61945,1.61955,0.20,0.05
2008.02.21 07:11:53.386,1.61945,1.61955,0.20,0.05
2008.02.21 07:11:53.904,1.61945,1.61955,0.20,0.05
2008.02.21 07:11:54.227,1.61945,1.61955,0.20,0.05
2008.02.21 07:11:54.634,1.61945,1.61955,0.20,0.05
2008.02.21 07:11:55.352,1.61945,1.61955,0.20,0.05
2008.02.21 07:11:55.668,1.61945,1.61955,0.20,0.05
2008.02.21 07:11:56.217,1.61945,1.61955,0.20,0.05
2008.02.21 07:11:59.896,1.61945,1.61955,0.20,0.05
2008.02.21 07:12:00.942,1.61945,1.61955,0.20,0.05
2008.02.21 07:12:01.159,1.61945,1.61955,0.20,0.05
2008.02.21 07:12:01.664,1.61945,1.61955,0.20,0.05
2008.02.21 07:12:02.181,1.61945,1.61955,0.20,0.05
2008.02.21 07:12:02.728,1.61945,1.61955,0.20,0.05
2008.02.21 07:12:03.344,1.61945,1.61955,0.20,0.05
2008.02.21 07:12:03.867,1.61945,1.61955,0.20,0.05
2008.02.21 07:12:04.170,1.61945,1.61955,0.20,0.05
2008.02.21 07:12:04.298,1.61945,1.61955,0.20,0.05
2008.02.21 07:12:04.429,1.61945,1.61955,0.20,0.05
2008.02.21 07:12:04.557,1.61945,1.61955,0.20,0.05
2008.02.21 07:12:04.708,1.61945,1.61955,0.20,0.05
2008.02.21 07:12:04.855,1.61945,1.6195,0.20,0.20
2008.02.21 07:12:05.008,1.61935,1.61945,0.80,0.05
2008.02.21 07:12:05.157,1.61935,1.61945,0.20,0.05
2008.02.21 07:12:05.316,1.61935,1.61945,0.20,0.05
2008.02.21 07:12:05.464,1.61935,1.61945,0.20,0.05
2008.02.21 07:12:06.363,1.61935,1.61945,0.20,0.05
2008.02.21 07:12:07.088,1.61935,1.61945,0.20,0.05
2008.02.21 07:12:08.086,1.6194,1.6195,0.20,0.20
2008.02.21 07:12:08.281,1.6194,1.6195,0.20,0.05
2008.02.21 07:12:08.476,1.6194,1.6195,0.20,0.05
2008.02.21 07:12:08.679,1.6194,1.6195,0.20,0.05
2008.02.21 07:12:08.849,1.6194,1.6195,0.20,0.05
2008.02.21 07:12:09.016,1.6194,1.6195,0.20,0.05
2008.02.21 07:12:09.184,1.6194,1.6195,0.20,0.05
2008.02.21 07:12:10.076,1.6194,1.6195,0.20,0.05
2008.02.21 07:12:10.205,1.61945,1.61955,0.20,0.05
2008.02.21 07:12:10.333,1.61945,1.61955,0.20,0.05
2008.02.21 07:12:10.462,1.61945,1.61955,0.20,0.05
2008.02.21 07:12:10.590,1.61945,1.61955,0.20,0.05
2008.02.21 07:12:10.902,1.61945,1.61955,0.20,0.05
2008.02.21 07:12:11.322,1.61945,1.61955,0.20,0.05
2008.02.21 07:12:12.069,1.61945,1.61955,0.20,0.05
2008.02.21 07:12:14.622,1.61945,1.61955,0.20,0.05
2008.02.21 07:12:15.692,1.61945,1.61955,0.20,0.05
2008.02.21 07:12:15.924,1.61945,1.61955,0.20,0.05
2008.02.21 07:12:16.411,1.61945,1.61955,0.20,0.05
2008.02.21 07:12:18.667,1.61945,1.61955,0.20,0.05
2008.02.21 07:12:21.385,1.61945,1.61955,0.20,0.05
2008.02.21 07:12:21.605,1.61945,1.61955,0.20,0.05
2008.02.21 07:12:21.902,1.61945,1.61955,0.20,0.05
2008.02.21 07:12:24.582,1.61945,1.61955,0.20,0.05
2008.02.21 07:12:24.891,1.61945,1.61955,0.20,0.05
2008.02.21 07:12:25.111,1.61945,1.61955,0.20,0.05
2008.02.21 07:12:25.397,1.61945,1.61955,0.20,0.05
2008.02.21 07:12:25.506,1.61945,1.61955,0.20,0.05
2008.02.21 07:12:25.803,1.61945,1.61955,0.20,0.05
2008.02.21 07:12:26.865,1.61945,1.61955,0.20,0.05
2008.02.21 07:12:27.223,1.61945,1.61955,0.20,0.05
2008.02.21 07:12:27.631,1.61945,1.61955,0.20,0.05
2008.02.21 07:12:28.458,1.61945,1.61955,0.20,0.05
2008.02.21 07:12:28.762,1.61945,1.61955,0.20,0.05
2008.02.21 07:12:29.988,1.61945,1.61955,0.20,0.05
2008.02.21 07:12:30.501,1.61965,1.6197,2.10,0.20
2008.02.21 07:12:30.588,1.61965,1.6197,2.50,0.20
2008.02.21 07:12:30.684,1.61965,1.6197,3.30,0.20
2008.02.21 07:12:30.779,1.61965,1.6197,2.30,0.20
2008.02.21 07:12:30.934,1.61965,1.6197,1.80,0.20
2008.02.21 07:12:31.330,1.61965,1.6197,1.10,0.20
2008.02.21 07:12:31.652,1.61965,1.6197,1.40,0.20
2008.02.21 07:12:31.960,1.61965,1.6197,1.60,0.20
2008.02.21 07:12:32.279,1.61965,1.6197,1.30,0.20
2008.02.21 07:12:32.587,1.61965,1.6197,1.70,0.20
2008.02.21 07:12:32.883,1.61965,1.6197,2.10,0.20
2008.02.21 07:12:35.376,1.61965,1.6197,1.80,0.20
2008.02.21 07:12:35.470,1.61945,1.61955,3.70,0.05
2008.02.21 07:12:35.693,1.61945,1.61955,5.80,0.05
2008.02.21 07:12:35.890,1.61945,1.61955,5.20,0.05
2008.02.21 07:12:37.203,1.61965,1.6197,3.00,0.20
2008.02.21 07:12:37.297,1.61965,1.61975,2.60,15.20
2008.02.21 07:12:37.401,1.6195,1.6196,5.40,0.05
2008.02.21 07:12:37.505,1.61965,1.61975,0.50,3.20
2008.02.21 07:12:37.632,1.61965,1.61975,1.00,3.20
2008.02.21 07:12:37.736,1.61965,1.61975,0.50,0.05
2008.02.21 07:12:37.841,1.61965,1.6197,0.70,0.05
2008.02.21 07:12:37.946,1.61965,1.6197,0.50,0.05
2008.02.21 07:12:38.045,1.61965,1.6197,0.50,0.05
2008.02.21 07:12:38.145,1.61965,1.6197,1.10,0.05
2008.02.21 07:12:38.242,1.61965,1.6197,1.30,0.05
2008.02.21 07:12:38.340,1.61965,1.6197,1.40,0.05
2008.02.21 07:12:38.611,1.61965,1.6197,1.10,0.05
2008.02.21 07:12:38.709,1.61965,1.6197,1.30,0.05
2008.02.21 07:12:38.835,1.61965,1.6197,0.60,0.05
2008.02.21 07:12:38.934,1.61965,1.6197,0.70,0.05
2008.02.21 07:12:39.437,1.61965,1.6197,1.40,0.05
2008.02.21 07:12:40.154,1.61965,1.6197,0.80,0.05
2008.02.21 07:12:40.595,1.61965,1.6197,0.90,0.05
2008.02.21 07:12:41.895,1.61965,1.6197,1.10,0.05
2008.02.21 07:12:43.733,1.61965,1.6197,0.60,0.05
2008.02.21 07:12:44.162,1.61965,1.6197,1.00,0.05
2008.02.21 07:12:44.354,1.61965,1.6197,1.40,0.05
2008.02.21 07:12:47.066,1.6195,1.6196,0.20,0.05
2008.02.21 07:12:47.195,1.6195,1.6196,0.20,0.05
2008.02.21 07:12:47.324,1.61965,1.61975,0.60,4.00
2008.02.21 07:12:47.386,1.61965,1.61975,0.80,4.00
2008.02.21 07:12:47.466,1.61965,1.61975,0.90,4.00
2008.02.21 07:12:47.602,1.61965,1.61975,1.20,4.00
2008.02.21 07:12:47.681,1.61965,1.61975,0.50,1.60
2008.02.21 07:12:47.745,1.61955,1.61965,1.20,0.05
2008.02.21 07:12:48.327,1.61955,1.61965,0.90,0.05
2008.02.21 07:12:49.150,1.61955,1.61965,0.70,0.05
2008.02.21 07:12:49.867,1.61955,1.61965,0.70,0.05
2008.02.21 07:12:51.101,1.61955,1.61965,1.20,0.05
2008.02.21 07:12:51.418,1.61955,1.61965,0.90,0.05
2008.02.21 07:12:52.078,1.61955,1.61965,1.30,0.05
2008.02.21 07:12:52.401,1.61955,1.61965,0.60,0.05
2008.02.21 07:12:52.608,1.61955,1.61965,1.00,0.05
2008.02.21 07:12:52.928,1.61955,1.61965,0.80,0.05
2008.02.21 07:12:54.010,1.61955,1.61965,0.20,0.05
2008.02.21 07:12:54.240,1.61955,1.61965,0.20,0.05
2008.02.21 07:12:54.477,1.61955,1.61965,0.20,0.05
2008.02.21 07:12:54.692,1.6196,1.6197,0.20,0.05
2008.02.21 07:12:54.916,1.6196,1.6197,0.20,0.05
2008.02.21 07:12:55.140,1.6196,1.6197,0.20,0.05
2008.02.21 07:12:55.374,1.61955,1.61965,0.20,0.05
2008.02.21 07:12:55.590,1.61955,1.61965,0.20,0.05
2008.02.21 07:12:55.879,1.61955,1.61965,0.20,0.05
2008.02.21 07:12:56.169,1.61955,1.61965,0.20,0.05
2008.02.21 07:12:56.887,1.61955,1.61965,0.20,0.05
2008.02.21 07:12:57.100,1.61955,1.61965,0.20,0.05
2008.02.21 07:12:58.103,1.61955,1.61965,0.20,0.05
2008.02.21 07:13:00.582,1.61955,1.61965,0.20,0.05
2008.02.21 07:13:00.909,1.61955,1.61965,0.20,0.05
2008.02.21 07:13:01.115,1.61955,1.61965,0.20,0.05
2008.02.21 07:13:01.425,1.61955,1.61965,0.20,0.05
2008.02.21 07:13:01.628,1.61955,1.61965,0.20,0.05
2008.02.21 07:13:01.843,1.61955,1.61965,0.20,0.05
2008.02.21 07:13:02.171,1.61955,1.61965,0.20,0.05
2008.02.21 07:13:02.483,1.61955,1.61965,0.20,0.05
2008.02.21 07:13:02.797,1.61955,1.61965,0.20,0.05
2008.02.21 07:13:03.004,1.61955,1.61965,0.20,0.05
2008.02.21 07:13:03.214,1.61955,1.61965,0.20,0.05
2008.02.21 07:13:03.424,1.61955,1.61965,0.20,0.05
2008.02.21 07:13:03.526,1.61955,1.61965,0.20,0.05
2008.02.21 07:13:03.634,1.61955,1.61965,0.20,0.05
2008.02.21 07:13:03.843,1.61955,1.61965,0.20,0.05
2008.02.21 07:13:04.160,1.61955,1.61965,0.20,0.05
2008.02.21 07:13:04.478,1.61955,1.61965,0.20,0.05
2008.02.21 07:13:06.407,1.61955,1.61965,0.20,0.05
2008.02.21 07:13:07.338,1.61955,1.61965,0.20,0.05
2008.02.21 07:13:08.879,1.61955,1.61965,0.20,0.05
2008.02.21 07:13:09.401,1.61955,1.61965,0.20,0.05
2008.02.21 07:13:11.373,1.61955,1.61965,0.20,0.05
2008.02.21 07:13:11.587,1.61955,1.61965,0.20,0.05
2008.02.21 07:13:11.795,1.61955,1.61965,0.20,0.05
2008.02.21 07:13:12.004,1.61955,1.61965,0.20,0.05
2008.02.21 07:13:13.604,1.61955,1.61965,0.20,0.05
2008.02.21 07:13:14.494,1.61955,1.61965,0.20,0.05
2008.02.21 07:13:14.687,1.6195,1.61955,0.20,0.05
2008.02.21 07:13:14.860,1.6195,1.61955,0.20,0.05
2008.02.21 07:13:15.044,1.61945,1.61955,0.20,0.05
2008.02.21 07:13:15.228,1.61945,1.61955,0.20,0.05
2008.02.21 07:13:15.526,1.61945,1.61955,0.20,0.05
2008.02.21 07:13:15.825,1.61945,1.61955,0.20,0.05
2008.02.21 07:13:19.820,1.6196,1.6197,0.20,0.20
2008.02.21 07:13:19.877,1.6196,1.6197,0.20,0.20
2008.02.21 07:13:19.912,1.6196,1.61975,0.20,0.60
2008.02.21 07:13:19.941,1.6196,1.61975,0.20,0.50
2008.02.21 07:13:19.971,1.6196,1.61975,0.20,0.80
2008.02.21 07:13:20.043,1.6196,1.61975,0.20,0.05
2008.02.21 07:13:20.080,1.6196,1.61975,0.20,0.05
2008.02.21 07:13:20.120,1.6196,1.61975,0.20,0.05
2008.02.21 07:13:20.149,1.61955,1.6196,1.60,0.05
2008.02.21 07:13:20.178,1.61955,1.6196,1.60,0.05
2008.02.21 07:13:20.254,1.6195,1.6196,0.40,0.05
2008.02.21 07:13:20.286,1.6195,1.6196,0.40,0.05
2008.02.21 07:13:20.334,1.6195,1.6196,0.40,0.05
2008.02.21 07:13:20.364,1.6195,1.6196,0.40,0.05
2008.02.21 07:13:20.403,1.6195,1.6196,0.20,0.05
2008.02.21 07:13:20.548,1.6195,1.6196,0.20,0.05
2008.02.21 07:13:20.882,1.61955,1.61965,0.20,0.05
2008.02.21 07:13:21.216,1.6196,1.6197,0.20,0.20
2008.02.21 07:13:21.550,1.6196,1.6197,0.20,0.05
2008.02.21 07:13:21.693,1.61955,1.61965,0.20,0.05
2008.02.21 07:13:21.810,1.61955,1.61965,0.20,0.05
2008.02.21 07:13:21.929,1.61955,1.61965,0.20,0.05
2008.02.21 07:13:22.362,1.61955,1.61965,0.20,0.05
2008.02.21 07:13:22.953,1.61955,1.61965,0.20,0.05
2008.02.21 07:13:23.391,1.61955,1.61965,0.20,0.05
2008.02.21 07:13:23.565,1.61955,1.61965,0.20,0.05
2008.02.21 07:13:23.683,1.61955,1.61965,0.20,0.05
2008.02.21 07:13:23.803,1.61955,1.61965,0.20,0.05
2008.02.21 07:13:23.930,1.61955,1.61965,0.20,0.05
2008.02.21 07:13:24.135,1.61955,1.61965,0.20,0.05
2008.02.21 07:13:24.343,1.61955,1.61965,0.20,0.05
2008.02.21 07:13:24.642,1.61955,1.61965,0.20,0.05
2008.02.21 07:13:24.977,1.6195,1.6196,0.20,0.05
2008.02.21 07:13:25.311,1.6195,1.6196,0.20,0.05
2008.02.21 07:13:25.645,1.6195,1.6196,0.20,0.05
2008.02.21 07:13:25.991,1.6195,1.6196,0.20,0.05
2008.02.21 07:13:27.153,1.6195,1.6196,0.20,0.05
2008.02.21 07:13:29.026,1.6195,1.6196,0.20,0.05
2008.02.21 07:13:29.240,1.6195,1.6196,0.20,0.05
2008.02.21 07:13:32.193,1.6195,1.6196,0.20,0.05
2008.02.21 07:13:32.395,1.6195,1.6196,0.20,0.05
2008.02.21 07:13:33.911,1.6195,1.6196,0.20,0.05
2008.02.21 07:13:36.116,1.61945,1.61955,0.20,0.05
2008.02.21 07:13:36.184,1.61945,1.61955,0.20,0.05
2008.02.21 07:13:36.263,1.61945,1.61955,0.20,0.05
2008.02.21 07:13:36.316,1.61945,1.61955,0.20,0.05
2008.02.21 07:13:36.369,1.61945,1.61955,0.20,0.05
2008.02.21 07:13:36.480,1.61945,1.61955,0.20,0.05
2008.02.21 07:13:36.535,1.61945,1.61955,0.20,0.05
2008.02.21 07:13:36.629,1.6195,1.6196,0.20,0.05
2008.02.21 07:13:36.682,1.6195,1.6196,0.20,0.05
2008.02.21 07:13:36.736,1.6195,1.6196,0.20,0.05
2008.02.21 07:13:36.860,1.6195,1.6196,0.20,0.05
2008.02.21 07:13:36.999,1.6195,1.6196,0.20,0.05
2008.02.21 07:13:37.072,1.6195,1.6196,0.20,0.05
2008.02.21 07:13:37.166,1.6195,1.6196,0.20,0.05
2008.02.21 07:13:37.380,1.6195,1.6196,0.20,0.05
2008.02.21 07:13:37.548,1.6195,1.6196,0.20,0.05
2008.02.21 07:13:37.596,1.6195,1.6196,0.20,0.05
2008.02.21 07:13:37.716,1.6195,1.6196,0.20,0.05
2008.02.21 07:13:37.887,1.6195,1.6196,0.20,0.05
2008.02.21 07:13:38.060,1.6195,1.6196,0.20,0.05
2008.02.21 07:13:38.230,1.6195,1.6196,0.20,0.05
2008.02.21 07:13:38.346,1.6195,1.6196,0.20,0.05
2008.02.21 07:13:38.465,1.6195,1.6196,0.20,0.05
2008.02.21 07:13:38.595,1.6195,1.6196,0.20,0.05
2008.02.21 07:13:38.719,1.6195,1.6196,0.20,0.05
2008.02.21 07:13:38.908,1.6195,1.6196,0.20,0.05
2008.02.21 07:13:40.664,1.61955,1.61965,0.20,0.05
2008.02.21 07:13:40.833,1.61955,1.61965,0.20,0.05
2008.02.21 07:13:41.142,1.61955,1.61965,0.20,0.05
2008.02.21 07:13:51.344,1.61955,1.61965,0.20,0.05
2008.02.21 07:13:54.399,1.61955,1.61965,0.20,0.05
2008.02.21 07:13:55.847,1.61955,1.61965,0.20,0.05
2008.02.21 07:13:56.003,1.61955,1.61965,0.20,0.05
2008.02.21 07:13:56.157,1.61955,1.61965,0.20,0.05
2008.02.21 07:13:56.310,1.61955,1.61965,0.20,0.05
2008.02.21 07:13:56.660,1.61955,1.61965,0.20,0.05
2008.02.21 07:13:56.923,1.61955,1.61965,0.20,0.05
2008.02.21 07:13:57.193,1.61955,1.61965,0.20,0.05
2008.02.21 07:13:57.458,1.61955,1.61965,0.20,0.05
2008.02.21 07:13:57.689,1.6195,1.6196,0.20,0.05
2008.02.21 07:13:57.916,1.61945,1.61955,0.90,0.05
2008.02.21 07:13:58.150,1.61945,1.61955,0.90,0.05
2008.02.21 07:13:58.379,1.61945,1.61955,0.80,0.05
2008.02.21 07:13:58.608,1.61945,1.61955,0.80,0.05
2008.02.21 07:13:58.917,1.61945,1.6195,0.80,0.20
2008.02.21 07:13:59.226,1.61935,1.6195,1.70,0.20
2008.02.21 07:13:59.534,1.61935,1.6195,0.20,0.20
2008.02.21 07:13:59.729,1.61935,1.6195,0.20,0.20
2008.02.21 07:14:00.062,1.61935,1.6195,0.20,0.20
2008.02.21 07:14:00.305,1.6194,1.6195,0.20,0.05
2008.02.21 07:14:00.501,1.6194,1.6195,0.20,0.05
2008.02.21 07:14:00.738,1.6194,1.6195,0.20,0.05
2008.02.21 07:14:00.977,1.61945,1.61955,0.20,0.05
2008.02.21 07:14:01.216,1.61945,1.61955,0.20,0.05
2008.02.21 07:14:01.454,1.61945,1.61955,0.20,0.05
2008.02.21 07:14:01.652,1.61945,1.61955,0.20,0.05
2008.02.21 07:14:01.858,1.61945,1.61955,0.20,0.05
2008.02.21 07:14:02.049,1.61945,1.61955,0.20,0.05
2008.02.21 07:14:02.256,1.6195,1.6196,0.20,0.05
2008.02.21 07:14:02.455,1.6195,1.6196,0.20,0.05
2008.02.21 07:14:02.675,1.61945,1.61955,0.20,0.05
2008.02.21 07:14:02.893,1.61945,1.61955,0.20,0.05
2008.02.21 07:14:03.115,1.61945,1.61955,0.20,0.05
2008.02.21 07:14:03.334,1.61945,1.6196,4.10,0.05
2008.02.21 07:14:03.554,1.6195,1.6196,0.20,0.05
2008.02.21 07:14:03.771,1.6195,1.6196,0.20,0.05
2008.02.21 07:14:04.423,1.6195,1.6196,0.20,0.05
2008.02.21 07:14:04.631,1.6195,1.61955,0.20,0.05
2008.02.21 07:14:04.796,1.61945,1.61955,0.20,0.05
2008.02.21 07:14:04.982,1.61945,1.61955,0.20,0.05
2008.02.21 07:14:05.136,1.61945,1.61955,0.20,0.05
2008.02.21 07:14:05.299,1.61945,1.61955,0.20,0.05
2008.02.21 07:14:05.904,1.61945,1.61955,0.20,0.05
2008.02.21 07:14:06.108,1.61945,1.61955,0.20,0.05
2008.02.21 07:14:06.421,1.61945,1.61955,0.20,0.05
2008.02.21 07:14:08.166,1.61945,1.61955,0.20,0.05
2008.02.21 07:14:08.899,1.61945,1.61955,0.20,0.05
2008.02.21 07:14:09.830,1.61945,1.61955,0.20,0.05
2008.02.21 07:14:10.345,1.61945,1.61955,0.20,0.05
2008.02.21 07:14:10.652,1.61945,1.61955,0.20,0.05
2008.02.21 07:14:12.116,1.61945,1.61955,0.20,0.05
2008.02.21 07:14:12.422,1.61945,1.61955,0.20,0.05
2008.02.21 07:14:12.537,1.6195,1.61955,0.20,0.05
2008.02.21 07:14:12.652,1.6195,1.6196,0.40,0.05
2008.02.21 07:14:12.766,1.6195,1.6196,0.40,0.05
2008.02.21 07:14:12.878,1.6195,1.6196,0.40,0.05
2008.02.21 07:14:13.151,1.6195,1.6196,0.40,0.05
2008.02.21 07:14:13.354,1.6195,1.6196,0.40,0.05
2008.02.21 07:14:13.666,1.6195,1.6196,0.40,0.05
2008.02.21 07:14:14.912,1.6195,1.6196,0.40,0.05
2008.02.21 07:14:16.270,1.6196,1.61975,0.20,7.20
2008.02.21 07:14:16.460,1.6196,1.61975,0.20,7.20
2008.02.21 07:14:16.679,1.6195,1.6196,0.40,0.05
2008.02.21 07:14:16.899,1.6196,1.61975,0.20,7.20
2008.02.21 07:14:17.118,1.6196,1.61975,0.20,4.80
2008.02.21 07:14:17.337,1.6196,1.6197,0.40,0.05
2008.02.21 07:14:17.556,1.6196,1.6197,0.40,0.05
2008.02.21 07:14:17.860,1.6197,1.61985,0.20,7.20
2008.02.21 07:14:18.141,1.6197,1.61985,0.20,7.20
2008.02.21 07:14:18.429,1.6197,1.61975,0.20,0.05
2008.02.21 07:14:18.664,1.6197,1.61975,0.20,0.05
2008.02.21 07:14:19.071,1.6197,1.61975,0.20,0.05
2008.02.21 07:14:19.588,1.6197,1.61975,0.20,0.05
2008.02.21 07:14:20.108,1.6197,1.61975,0.20,0.05
2008.02.21 07:14:20.284,1.6197,1.61975,0.20,0.05
2008.02.21 07:14:20.424,1.6197,1.61975,0.20,0.05
2008.02.21 07:14:20.688,1.6197,1.61975,0.20,0.05
2008.02.21 07:14:20.889,1.61975,1.61985,1.80,0.80
2008.02.21 07:14:21.069,1.6198,1.61995,0.20,7.20
2008.02.21 07:14:21.248,1.6198,1.61995,0.20,7.20
2008.02.21 07:14:21.427,1.6198,1.61985,0.20,3.20
2008.02.21 07:14:21.605,1.6197,1.61985,0.20,3.20
2008.02.21 07:14:21.850,1.6197,1.6198,0.40,0.05
2008.02.21 07:14:22.095,1.6197,1.6198,0.40,0.05
2008.02.21 07:14:22.339,1.6198,1.61995,0.20,4.00
2008.02.21 07:14:22.589,1.6198,1.61995,0.20,8.00
2008.02.21 07:14:22.828,1.6198,1.61995,0.20,4.00
2008.02.21 07:14:23.067,1.6197,1.6198,0.40,0.05
2008.02.21 07:14:23.305,1.61975,1.61985,0.20,0.05
2008.02.21 07:14:23.544,1.61975,1.61985,0.20,0.05
2008.02.21 07:14:23.822,1.61975,1.61985,0.20,0.05
2008.02.21 07:14:24.100,1.61965,1.6197,0.70,0.05
2008.02.21 07:14:24.378,1.6196,1.6197,0.40,0.05
2008.02.21 07:14:24.657,1.6196,1.6197,0.40,0.05
2008.02.21 07:14:24.900,1.6196,1.6197,0.40,0.05
2008.02.21 07:14:25.720,1.6197,1.61985,0.20,4.00
2008.02.21 07:14:25.959,1.6196,1.6197,0.40,0.05
2008.02.21 07:14:26.199,1.6197,1.6198,0.40,0.05
2008.02.21 07:14:26.448,1.6197,1.6198,0.40,0.05
2008.02.21 07:14:26.687,1.6197,1.6198,0.40,0.05
2008.02.21 07:14:26.954,1.6197,1.6198,0.20,0.05
2008.02.21 07:14:27.224,1.6197,1.6198,0.20,0.05
2008.02.21 07:14:27.492,1.6197,1.6198,0.20,0.05
2008.02.21 07:14:27.760,1.6197,1.6198,0.20,0.05
2008.02.21 07:14:28.034,1.6197,1.6198,0.20,0.05
2008.02.21 07:14:28.426,1.6197,1.6198,0.40,0.05
2008.02.21 07:14:28.700,1.61975,1.61985,0.20,0.05
2008.02.21 07:14:28.894,1.61975,1.61985,0.20,0.05
2008.02.21 07:14:29.272,1.61975,1.61985,0.20,0.05
2008.02.21 07:14:29.667,1.61975,1.61985,0.20,0.05
2008.02.21 07:14:29.861,1.61975,1.61985,0.20,0.05
2008.02.21 07:14:30.166,1.61975,1.61985,0.20,0.05
2008.02.21 07:14:30.471,1.61975,1.61985,0.20,0.05
2008.02.21 07:14:30.775,1.6197,1.6198,0.40,0.05
2008.02.21 07:14:30.959,1.6197,1.6198,0.40,0.05
2008.02.21 07:14:31.143,1.6197,1.6198,0.40,0.05
2008.02.21 07:14:31.326,1.6197,1.6198,0.40,0.05
2008.02.21 07:14:31.511,1.6197,1.6198,0.40,0.05
2008.02.21 07:14:31.694,1.6197,1.6198,0.40,0.05
2008.02.21 07:14:31.878,1.6197,1.6198,0.40,0.05
2008.02.21 07:14:32.159,1.6197,1.6198,0.40,0.05
2008.02.21 07:14:32.437,1.6197,1.6198,0.40,0.05
2008.02.21 07:14:32.716,1.6197,1.6198,0.40,0.05
2008.02.21 07:14:32.995,1.61975,1.61985,0.20,0.05
2008.02.21 07:14:33.169,1.61975,1.61985,0.20,0.05
2008.02.21 07:14:33.342,1.61975,1.61985,0.20,0.05
2008.02.21 07:14:33.515,1.61975,1.61985,0.20,0.05
2008.02.21 07:14:33.720,1.61975,1.61985,0.20,0.05
2008.02.21 07:14:34.009,1.61975,1.61985,0.20,0.05
2008.02.21 07:14:34.298,1.6198,1.6199,0.20,0.05
2008.02.21 07:14:34.586,1.6198,1.6199,0.20,0.05
2008.02.21 07:14:34.886,1.6198,1.6199,0.20,0.05
2008.02.21 07:14:35.104,1.61965,1.61975,0.20,0.05
2008.02.21 07:14:35.333,1.61965,1.61975,0.20,0.05
2008.02.21 07:14:35.562,1.61965,1.61975,0.20,0.05
2008.02.21 07:14:35.792,1.61965,1.61975,0.20,0.05
2008.02.21 07:14:36.020,1.6197,1.61975,0.20,0.05
2008.02.21 07:14:36.258,1.6197,1.61975,0.20,0.05
2008.02.21 07:14:36.497,1.6197,1.61975,0.20,0.05
2008.02.21 07:14:36.736,1.6197,1.6198,0.40,0.05
2008.02.21 07:14:36.975,1.6197,1.6198,0.40,0.05
2008.02.21 07:14:37.254,1.6197,1.6198,0.40,0.05
2008.02.21 07:14:38.074,1.6197,1.6198,0.40,0.05
2008.02.21 07:14:38.387,1.6197,1.6198,0.40,0.05
2008.02.21 07:14:38.576,1.6197,1.61985,0.40,0.05
2008.02.21 07:14:38.765,1.6197,1.61985,0.40,0.05
2008.02.21 07:14:38.954,1.6197,1.61985,0.40,0.05
2008.02.21 07:14:39.243,1.6198,1.6199,0.20,0.05
2008.02.21 07:14:39.532,1.6198,1.6199,0.20,0.05
2008.02.21 07:14:39.822,1.6198,1.6199,0.20,0.05
2008.02.21 07:14:40.147,1.6198,1.6199,0.20,0.05
2008.02.21 07:14:41.310,1.6198,1.6199,0.20,0.05
2008.02.21 07:14:41.479,1.6198,1.6199,0.20,0.05
2008.02.21 07:14:41.647,1.6198,1.6199,0.20,0.05
2008.02.21 07:14:41.815,1.6198,1.6199,0.20,0.05
2008.02.21 07:14:41.985,1.6198,1.6199,0.20,0.05
2008.02.21 07:14:42.274,1.6198,1.6199,0.40,0.05
2008.02.21 07:14:42.563,1.6198,1.6199,0.20,0.05
2008.02.21 07:14:42.854,1.6199,1.62005,0.20,0.05
2008.02.21 07:14:43.142,1.6199,1.62,0.20,0.05
2008.02.21 07:14:43.402,1.62,1.6201,0.20,0.05
2008.02.21 07:14:43.663,1.62,1.6201,0.40,0.05
2008.02.21 07:14:43.922,1.62,1.6201,0.20,0.05
2008.02.21 07:14:44.181,1.62,1.6201,0.20,0.05
2008.02.21 07:14:44.451,1.62,1.62005,0.20,0.05
2008.02.21 07:14:44.720,1.62,1.62005,0.20,0.05
2008.02.21 07:14:44.989,1.61995,1.62005,0.20,0.05
2008.02.21 07:14:45.232,1.62,1.62005,0.20,0.05
2008.02.21 07:14:45.476,1.62,1.62005,0.20,0.05
2008.02.21 07:14:45.720,1.62,1.62005,0.20,0.05
2008.02.21 07:14:45.964,1.62,1.62005,0.20,0.05
2008.02.21 07:14:46.207,1.62,1.62005,0.20,0.05
2008.02.21 07:14:46.500,1.62,1.6201,0.40,0.05
2008.02.21 07:14:46.784,1.62,1.6201,0.40,0.05
2008.02.21 07:14:47.068,1.62,1.6201,0.40,0.05
2008.02.21 07:14:47.312,1.62,1.62005,0.20,0.05
2008.02.21 07:14:47.556,1.61995,1.62005,0.20,0.05
2008.02.21 07:14:47.799,1.61995,1.62005,0.20,0.05
2008.02.21 07:14:48.044,1.6199,1.62,0.40,0.05
2008.02.21 07:14:48.636,1.6199,1.62,0.40,0.05
2008.02.21 07:14:48.874,1.6199,1.62,0.40,0.05
2008.02.21 07:14:49.532,1.6199,1.62,0.40,0.05
2008.02.21 07:14:49.909,1.6199,1.62,0.20,0.05
2008.02.21 07:14:50.042,1.6199,1.62,0.20,0.05
2008.02.21 07:14:50.175,1.61995,1.62005,0.20,0.05
2008.02.21 07:14:50.308,1.61995,1.62005,0.20,0.05
2008.02.21 07:14:51.104,1.61995,1.62005,0.20,0.05
2008.02.21 07:14:51.283,1.61995,1.62005,0.20,0.05
2008.02.21 07:14:51.442,1.61995,1.62005,0.20,0.05
2008.02.21 07:14:51.602,1.6199,1.62,0.20,0.05
2008.02.21 07:14:51.761,1.6199,1.62,0.20,0.05
2008.02.21 07:14:51.919,1.6199,1.62,0.20,0.05
2008.02.21 07:14:52.368,1.6199,1.62,0.20,0.05
2008.02.21 07:14:52.602,1.6199,1.62,0.20,0.05
2008.02.21 07:14:52.855,1.6199,1.62,0.20,0.05
2008.02.21 07:14:53.159,1.6199,1.62,0.20,0.05
2008.02.21 07:14:53.403,1.61995,1.62005,0.20,0.05
2008.02.21 07:14:53.596,1.61995,1.62005,0.20,0.05
2008.02.21 07:14:53.790,1.61995,1.62005,0.20,0.05
2008.02.21 07:14:54.062,1.61995,1.62005,0.20,0.05
2008.02.21 07:14:54.256,1.62,1.62005,0.20,0.05
2008.02.21 07:14:54.449,1.62,1.62005,0.20,0.05
2008.02.21 07:14:54.627,1.62,1.62005,0.20,0.05
2008.02.21 07:14:54.809,1.61995,1.62005,0.20,0.05
2008.02.21 07:14:55.056,1.61995,1.62005,0.20,0.05
2008.02.21 07:14:56.402,1.61995,1.62005,0.20,0.05
2008.02.21 07:14:56.599,1.61995,1.62005,0.20,0.05
2008.02.21 07:14:56.744,1.61995,1.62005,0.20,0.05
2008.02.21 07:14:56.886,1.61995,1.62005,0.20,0.05
2008.02.21 07:14:57.032,1.61995,1.62005,0.20,0.05
2008.02.21 07:14:57.176,1.6199,1.62,0.20,0.05
2008.02.21 07:14:57.336,1.6199,1.62,0.20,0.05
2008.02.21 07:14:57.607,1.62,1.6201,0.20,0.20
2008.02.21 07:14:57.942,1.62,1.6201,0.40,0.20
2008.02.21 07:14:58.276,1.61995,1.62005,0.20,0.05
2008.02.21 07:14:58.610,1.61995,1.62005,0.20,0.05
2008.02.21 07:14:58.784,1.61995,1.62005,0.20,0.05
2008.02.21 07:14:59.080,1.61995,1.62005,0.20,0.05
2008.02.21 07:14:59.681,1.61995,1.62005,0.20,0.05
2008.02.21 07:14:59.934,1.61995,1.62005,0.20,0.05
2008.02.21 07:15:00.187,1.61995,1.62005,0.20,0.05
2008.02.21 07:15:00.670,1.61995,1.62005,0.20,0.05
2008.02.21 07:15:00.767,1.61995,1.62005,0.20,0.05
2008.02.21 07:15:02.952,1.61995,1.62005,0.20,0.05
2008.02.21 07:15:03.252,1.61995,1.62005,0.20,0.05
2008.02.21 07:15:03.560,1.61995,1.62005,0.20,0.05
2008.02.21 07:15:03.799,1.61995,1.62005,0.20,0.05
2008.02.21 07:15:03.993,1.61995,1.62005,0.20,0.05
2008.02.21 07:15:04.187,1.61995,1.62005,0.20,0.05
2008.02.21 07:15:04.616,1.62,1.62005,0.20,0.05
2008.02.21 07:15:04.811,1.62,1.62005,0.20,0.05
2008.02.21 07:15:05.054,1.62,1.62005,0.20,0.05
2008.02.21 07:15:05.298,1.62,1.62005,0.20,0.05
2008.02.21 07:15:05.541,1.62,1.62005,0.20,0.05
2008.02.21 07:15:05.784,1.62,1.6201,0.40,0.05
2008.02.21 07:15:06.366,1.62,1.6201,0.40,0.05
2008.02.21 07:15:06.663,1.62,1.6201,0.40,0.05
2008.02.21 07:15:07.408,1.62,1.6201,0.40,0.05
2008.02.21 07:15:07.571,1.6201,1.6202,0.20,0.05
2008.02.21 07:15:07.736,1.6201,1.6202,0.20,0.05
2008.02.21 07:15:08.010,1.6201,1.6202,0.40,0.05
2008.02.21 07:15:08.284,1.6201,1.6202,0.20,0.05
2008.02.21 07:15:08.558,1.62005,1.62015,8.10,0.05
2008.02.21 07:15:08.832,1.62005,1.62015,8.10,0.05
2008.02.21 07:15:09.047,1.62005,1.62015,8.10,0.05
2008.02.21 07:15:09.261,1.62005,1.6201,8.00,0.05
2008.02.21 07:15:09.476,1.62005,1.6201,8.00,0.05
2008.02.21 07:15:09.689,1.62005,1.6201,8.00,0.05
2008.02.21 07:15:09.903,1.6201,1.6202,0.20,0.20
2008.02.21 07:15:10.121,1.6201,1.6202,0.40,0.05
2008.02.21 07:15:10.340,1.6201,1.6202,0.40,0.05
2008.02.21 07:15:10.560,1.6201,1.6202,0.20,0.20
2008.02.21 07:15:10.779,1.6201,1.6202,0.40,0.05
2008.02.21 07:15:10.952,1.6201,1.6202,0.40,0.05
2008.02.21 07:15:11.124,1.6201,1.62015,0.20,0.05
2008.02.21 07:15:11.299,1.6201,1.62015,0.20,0.05
2008.02.21 07:15:11.472,1.6201,1.62015,0.20,0.05
2008.02.21 07:15:11.809,1.6201,1.62015,0.20,0.05
2008.02.21 07:15:11.822,1.6201,1.62015,0.20,0.05
2008.02.21 07:15:12.075,1.6201,1.62015,0.20,0.05
2008.02.21 07:15:12.329,1.62005,1.62015,1.30,0.05
2008.02.21 07:15:12.583,1.6201,1.62015,0.20,0.05
2008.02.21 07:15:12.838,1.6201,1.62015,0.20,0.05
2008.02.21 07:15:13.011,1.6201,1.62015,0.20,0.05
2008.02.21 07:15:13.185,1.6201,1.62015,0.20,0.05
2008.02.21 07:15:13.358,1.6201,1.62015,0.20,0.05
2008.02.21 07:15:13.531,1.6201,1.62015,0.20,0.05
2008.02.21 07:15:13.705,1.62005,1.6201,12.10,0.05
2008.02.21 07:15:13.879,1.62005,1.6201,1.70,0.05
2008.02.21 07:15:14.133,1.62005,1.6201,3.20,0.05
2008.02.21 07:15:14.346,1.62005,1.6201,3.90,0.05
2008.02.21 07:15:14.561,1.62005,1.62015,2.70,0.05
2008.02.21 07:15:14.775,1.62005,1.62015,0.90,0.05
2008.02.21 07:15:14.990,1.6202,1.6203,0.40,0.20
2008.02.21 07:15:15.209,1.6202,1.6203,0.40,0.20
2008.02.21 07:15:15.428,1.6202,1.6203,0.40,0.20
2008.02.21 07:15:15.647,1.6202,1.6203,0.40,0.05
2008.02.21 07:15:15.865,1.6202,1.6203,0.40,0.05
2008.02.21 07:15:15.994,1.6202,1.6203,0.40,0.05
2008.02.21 07:15:16.122,1.6202,1.6203,0.40,0.05
2008.02.21 07:15:17.133,1.6202,1.6203,0.40,0.05
2008.02.21 07:15:17.362,1.6202,1.6203,0.40,0.05
2008.02.21 07:15:17.655,1.6202,1.6203,0.40,0.05
2008.02.21 07:15:18.163,1.6202,1.6203,0.40,0.05
2008.02.21 07:15:20.180,1.6202,1.6203,0.40,0.05
2008.02.21 07:15:20.446,1.6202,1.6203,0.40,0.05
2008.02.21 07:15:20.570,1.6202,1.6203,0.40,0.20
2008.02.21 07:15:20.693,1.6202,1.6203,0.40,0.20
2008.02.21 07:15:20.923,1.6202,1.6203,0.40,0.05
2008.02.21 07:15:21.201,1.6202,1.6203,0.40,0.05
2008.02.21 07:15:21.479,1.6202,1.6203,0.40,0.05
2008.02.21 07:15:21.882,1.6202,1.6203,0.40,0.05
2008.02.21 07:15:22.162,1.6202,1.6203,0.40,0.20
2008.02.21 07:15:23.163,1.6202,1.6203,0.40,0.20
2008.02.21 07:15:23.373,1.6202,1.6203,0.40,0.05
2008.02.21 07:15:23.694,1.6202,1.6203,0.40,0.05
2008.02.21 07:15:23.903,1.6202,1.6203,0.40,0.05
2008.02.21 07:15:24.112,1.6202,1.6203,0.40,0.05
2008.02.21 07:15:24.718,1.6202,1.6203,0.40,0.05
2008.02.21 07:15:24.932,1.6202,1.6203,0.40,0.20
2008.02.21 07:15:25.146,1.6202,1.6203,0.40,0.20
2008.02.21 07:15:25.369,1.6202,1.6203,0.40,0.20
2008.02.21 07:15:25.581,1.6202,1.6203,0.40,0.20
2008.02.21 07:15:25.842,1.6202,1.6203,0.40,0.20
2008.02.21 07:15:26.590,1.6202,1.6203,0.40,0.20
2008.02.21 07:15:26.874,1.6202,1.6203,0.40,0.20
2008.02.21 07:15:27.079,1.6202,1.6203,0.40,0.05
2008.02.21 07:15:27.635,1.6202,1.6203,0.40,0.05
2008.02.21 07:15:27.830,1.6202,1.6203,0.40,0.20
2008.02.21 07:15:28.118,1.6202,1.6203,0.40,0.20
2008.02.21 07:15:28.311,1.6202,1.6203,0.40,0.20
2008.02.21 07:15:28.623,1.6202,1.6203,0.40,0.20
2008.02.21 07:15:32.732,1.6202,1.6203,0.40,0.20
2008.02.21 07:15:34.755,1.6202,1.6203,0.40,0.20
2008.02.21 07:15:34.938,1.6202,1.6203,0.40,0.05
2008.02.21 07:15:35.106,1.6202,1.6203,0.40,0.05
2008.02.21 07:15:35.264,1.6202,1.6203,0.40,0.05
2008.02.21 07:15:35.470,1.6202,1.6203,0.40,0.05
2008.02.21 07:15:35.674,1.6202,1.6203,0.40,0.05
2008.02.21 07:15:36.159,1.6202,1.6203,0.40,0.20
2008.02.21 07:15:36.362,1.6202,1.6203,0.40,0.20
2008.02.21 07:15:36.748,1.6202,1.6203,0.40,0.20
2008.02.21 07:15:37.161,1.6202,1.6203,0.40,0.20
2008.02.21 07:15:39.631,1.6202,1.6203,0.40,0.20
2008.02.21 07:15:40.239,1.6202,1.6203,0.40,0.20
2008.02.21 07:15:40.398,1.6202,1.6203,0.40,0.20
2008.02.21 07:15:41.885,1.6202,1.6203,0.40,0.20
2008.02.21 07:15:42.751,1.6202,1.6203,0.40,0.20
2008.02.21 07:15:43.164,1.6202,1.6203,0.40,0.20
2008.02.21 07:15:43.476,1.6202,1.6203,0.40,0.20
2008.02.21 07:15:51.904,1.6202,1.6203,0.40,0.05
2008.02.21 07:15:51.993,1.6202,1.6203,0.40,0.05
2008.02.21 07:15:52.244,1.6202,1.6203,0.40,0.20
2008.02.21 07:15:52.331,1.6202,1.6203,0.40,0.20
2008.02.21 07:15:52.666,1.6202,1.6203,0.40,0.20
2008.02.21 07:15:54.110,1.6202,1.6203,0.40,0.20
2008.02.21 07:15:54.252,1.6202,1.6203,0.40,0.05
2008.02.21 07:15:54.359,1.6202,1.6203,0.40,0.05
2008.02.21 07:15:54.836,1.6202,1.6203,0.40,0.05
2008.02.21 07:15:56.421,1.6202,1.6203,0.40,0.05
2008.02.21 07:15:56.532,1.6202,1.6203,0.40,0.05
2008.02.21 07:15:56.953,1.6202,1.6203,0.40,0.05
2008.02.21 07:15:57.464,1.6202,1.6203,0.40,0.05
2008.02.21 07:15:57.658,1.6202,1.6203,0.40,0.05
2008.02.21 07:15:58.574,1.6202,1.6203,0.40,0.05
2008.02.21 07:15:58.706,1.6202,1.6203,0.40,0.05
2008.02.21 07:15:58.839,1.6202,1.6203,0.40,0.05
2008.02.21 07:15:58.973,1.6202,1.6203,0.40,0.05
2008.02.21 07:15:59.076,1.6202,1.6203,0.40,0.20
2008.02.21 07:15:59.180,1.6202,1.6203,0.40,0.20
2008.02.21 07:15:59.283,1.6202,1.6203,0.40,0.20
2008.02.21 07:15:59.414,1.6202,1.6203,0.40,0.20
2008.02.21 07:15:59.517,1.6202,1.6203,0.20,0.20
2008.02.21 07:15:59.621,1.6202,1.6203,0.20,0.20
2008.02.21 07:15:59.725,1.6202,1.6203,0.40,0.20
2008.02.21 07:15:59.829,1.6202,1.6203,0.40,0.20
2008.02.21 07:15:59.974,1.6202,1.6203,0.40,0.20
2008.02.21 07:16:00.244,1.6202,1.6203,0.40,0.05
2008.02.21 07:16:00.512,1.6202,1.6203,0.40,0.05
2008.02.21 07:16:00.781,1.6202,1.6203,0.40,0.05
2008.02.21 07:16:01.050,1.6202,1.6203,0.40,0.05
2008.02.21 07:16:01.611,1.6202,1.6203,0.40,0.05
2008.02.21 07:16:01.765,1.6202,1.6203,0.40,0.05
2008.02.21 07:16:01.909,1.6202,1.6203,0.40,0.05
2008.02.21 07:16:02.054,1.6202,1.6203,0.40,0.05
2008.02.21 07:16:02.268,1.6202,1.6203,0.40,0.05
2008.02.21 07:16:02.482,1.6202,1.6203,0.40,0.05
2008.02.21 07:16:02.696,1.6202,1.6203,0.40,0.05
2008.02.21 07:16:02.909,1.6202,1.6203,0.40,0.20
2008.02.21 07:16:03.155,1.6202,1.6203,0.40,0.20
2008.02.21 07:16:03.388,1.6202,1.6203,0.40,0.20
2008.02.21 07:16:03.622,1.6202,1.6203,0.40,0.20
2008.02.21 07:16:03.855,1.6202,1.6203,0.40,0.20
2008.02.21 07:16:04.088,1.6202,1.6203,0.40,0.20
2008.02.21 07:16:04.233,1.6202,1.6203,0.40,0.20
2008.02.21 07:16:04.397,1.6202,1.6203,0.40,0.20
2008.02.21 07:16:04.541,1.6202,1.6203,0.40,0.20
2008.02.21 07:16:04.685,1.6202,1.6203,0.40,0.20
2008.02.21 07:16:04.829,1.6202,1.6203,0.40,0.05
2008.02.21 07:16:04.974,1.6202,1.6203,0.40,0.05
2008.02.21 07:16:05.119,1.6202,1.6203,0.40,0.05
2008.02.21 07:16:05.455,1.6202,1.6203,0.40,0.05
2008.02.21 07:16:05.724,1.6202,1.6203,0.40,0.05
2008.02.21 07:16:05.993,1.6202,1.6203,0.40,0.05
2008.02.21 07:16:06.261,1.6202,1.6203,0.40,0.05
2008.02.21 07:16:06.486,1.6202,1.6203,0.40,0.05
2008.02.21 07:16:06.709,1.6202,1.6203,0.40,0.05
2008.02.21 07:16:06.943,1.6202,1.6203,0.40,0.05
2008.02.21 07:16:07.408,1.6202,1.6203,0.40,0.05
2008.02.21 07:16:08.230,1.6202,1.6203,0.40,0.05
2008.02.21 07:16:08.493,1.6202,1.6203,0.40,0.05
2008.02.21 07:16:08.766,1.6202,1.6203,0.40,0.05
2008.02.21 07:16:09.031,1.6202,1.6203,0.40,0.05
2008.02.21 07:16:09.293,1.6202,1.6203,0.40,0.05
2008.02.21 07:16:11.130,1.6202,1.6203,0.40,0.05
2008.02.21 07:16:11.953,1.6202,1.6203,0.40,0.05
2008.02.21 07:16:12.286,1.6202,1.6203,0.40,0.05
2008.02.21 07:16:12.620,1.6202,1.6203,0.40,0.05
2008.02.21 07:16:12.789,1.6202,1.6203,0.40,0.05
2008.02.21 07:16:12.957,1.6202,1.6203,0.40,0.05
2008.02.21 07:16:13.125,1.6202,1.6203,0.40,0.05
2008.02.21 07:16:13.838,1.6202,1.6203,0.40,0.05
2008.02.21 07:16:14.116,1.6201,1.62015,0.20,0.05
2008.02.21 07:16:14.396,1.6201,1.62015,0.20,0.05
2008.02.21 07:16:14.661,1.6201,1.62015,0.20,0.05
2008.02.21 07:16:14.786,1.6201,1.62015,0.20,0.05
2008.02.21 07:16:14.909,1.6201,1.6202,0.40,0.05
2008.02.21 07:16:15.032,1.6201,1.6202,0.40,0.05
2008.02.21 07:16:15.156,1.6201,1.6202,0.40,0.05
2008.02.21 07:16:15.279,1.6201,1.6202,0.40,0.05
2008.02.21 07:16:15.403,1.6201,1.6202,0.40,0.05
2008.02.21 07:16:15.551,1.6201,1.6202,0.40,0.05
2008.02.21 07:16:15.708,1.6201,1.62015,0.20,0.05
2008.02.21 07:16:16.103,1.6201,1.62015,0.20,0.05
2008.02.21 07:16:16.250,1.6201,1.62015,0.20,0.05
2008.02.21 07:16:16.617,1.6201,1.62015,0.20,0.05
2008.02.21 07:16:16.841,1.6201,1.6202,0.40,0.05
2008.02.21 07:16:17.001,1.6201,1.6202,0.40,0.05
2008.02.21 07:16:17.159,1.6201,1.6202,0.40,0.05
2008.02.21 07:16:17.442,1.6201,1.6202,0.40,0.05
2008.02.21 07:16:17.621,1.6201,1.6202,0.40,0.05
2008.02.21 07:16:17.700,1.6202,1.6203,0.40,0.20
2008.02.21 07:16:17.779,1.6202,1.6203,0.40,0.20
2008.02.21 07:16:17.869,1.6202,1.6203,0.40,0.20
2008.02.21 07:16:17.937,1.6202,1.6203,0.40,0.20
2008.02.21 07:16:18.039,1.6202,1.6203,0.40,0.20
2008.02.21 07:16:18.142,1.6202,1.6203,0.40,0.20
2008.02.21 07:16:18.220,1.6202,1.6203,0.40,0.20
2008.02.21 07:16:18.365,1.6202,1.6203,0.40,0.20
2008.02.21 07:16:18.475,1.6202,1.6203,0.40,0.20
2008.02.21 07:16:18.810,1.6202,1.6203,0.40,0.20
2008.02.21 07:16:19.153,1.6202,1.6203,0.40,0.20
2008.02.21 07:16:19.487,1.6201,1.6202,0.40,0.05
2008.02.21 07:16:19.671,1.6201,1.6202,1.10,0.05
2008.02.21 07:16:19.855,1.6202,1.62025,0.20,0.05
2008.02.21 07:16:20.448,1.6202,1.62025,0.20,0.05
2008.02.21 07:16:20.631,1.6202,1.62025,0.20,0.05
2008.02.21 07:16:20.871,1.6202,1.62025,0.20,0.05
2008.02.21 07:16:21.110,1.6202,1.6203,0.40,0.05
2008.02.21 07:16:21.348,1.6202,1.6203,0.40,0.05
2008.02.21 07:16:21.586,1.6202,1.6203,0.40,0.05
2008.02.21 07:16:21.825,1.6202,1.6203,0.40,0.05
2008.02.21 07:16:22.632,1.6202,1.6203,0.40,0.05
2008.02.21 07:16:23.141,1.6202,1.6203,0.40,0.05
2008.02.21 07:16:23.439,1.6202,1.6203,0.40,0.05
2008.02.21 07:16:24.173,1.6202,1.6203,0.40,0.05
2008.02.21 07:16:24.380,1.6202,1.6203,0.40,0.05
2008.02.21 07:16:25.096,1.6202,1.6203,0.40,0.05
2008.02.21 07:16:25.449,1.6202,1.6203,0.40,0.05
2008.02.21 07:16:25.742,1.6202,1.6203,0.40,0.05
2008.02.21 07:16:25.851,1.6202,1.6203,0.40,0.05
2008.02.21 07:16:26.211,1.6202,1.6203,0.40,0.05
2008.02.21 07:16:29.673,1.6202,1.6203,0.40,0.05
2008.02.21 07:16:30.988,1.6202,1.6203,0.40,0.05
2008.02.21 07:16:33.102,1.6202,1.6203,0.40,0.05
2008.02.21 07:16:33.432,1.6202,1.6203,0.40,0.05
2008.02.21 07:16:33.595,1.6202,1.6203,0.40,0.05
2008.02.21 07:16:33.759,1.6202,1.6203,0.40,0.05
2008.02.21 07:16:33.936,1.6202,1.6203,0.40,0.05
2008.02.21 07:16:35.644,1.6202,1.6203,0.40,0.05
2008.02.21 07:16:35.712,1.6202,1.6203,0.40,0.05
2008.02.21 07:16:36.416,1.6202,1.6203,0.40,0.05
2008.02.21 07:16:36.928,1.6202,1.6203,0.40,0.05
2008.02.21 07:16:37.127,1.6202,1.6203,0.40,0.05
2008.02.21 07:16:37.436,1.6202,1.6203,0.40,0.05
2008.02.21 07:16:37.590,1.6202,1.6203,0.40,0.05
2008.02.21 07:16:37.743,1.6202,1.62035,0.40,0.05
2008.02.21 07:16:38.004,1.6202,1.62035,1.10,0.05
2008.02.21 07:16:38.168,1.6202,1.6203,1.10,0.05
2008.02.21 07:16:38.311,1.6202,1.6203,1.10,0.05
2008.02.21 07:16:38.476,1.6202,1.6203,0.40,0.05
2008.02.21 07:16:38.811,1.6202,1.62035,0.40,0.05
2008.02.21 07:16:39.145,1.6202,1.62035,0.40,0.05
2008.02.21 07:16:39.479,1.6202,1.6203,0.40,0.05
2008.02.21 07:16:39.661,1.6202,1.6203,0.40,0.05
2008.02.21 07:16:39.861,1.6202,1.6203,0.40,0.05
2008.02.21 07:16:40.158,1.6202,1.62035,0.40,0.05
2008.02.21 07:16:40.321,1.6202,1.62035,0.40,0.05
2008.02.21 07:16:40.481,1.6202,1.6203,0.40,0.05
2008.02.21 07:16:40.744,1.6202,1.6203,0.40,0.05
2008.02.21 07:16:41.006,1.6202,1.6203,0.40,0.05
2008.02.21 07:16:41.269,1.6202,1.6203,0.40,0.05
2008.02.21 07:16:41.630,1.6202,1.6203,0.40,0.05
2008.02.21 07:16:41.997,1.6202,1.6203,0.40,0.05
2008.02.21 07:16:42.251,1.6202,1.6203,0.40,0.05
2008.02.21 07:16:43.072,1.6202,1.6203,0.40,0.05
2008.02.21 07:16:43.705,1.6202,1.6203,0.40,0.05
2008.02.21 07:16:43.843,1.6202,1.6203,0.40,0.05
2008.02.21 07:16:43.981,1.6202,1.6203,0.40,0.05
2008.02.21 07:16:44.120,1.6202,1.6203,0.40,0.05
2008.02.21 07:16:44.259,1.6202,1.62035,0.40,0.05
2008.02.21 07:16:44.399,1.6202,1.62035,0.40,0.05
2008.02.21 07:16:44.538,1.6202,1.6203,0.40,0.05
2008.02.21 07:16:44.678,1.6202,1.6203,0.40,0.05
2008.02.21 07:16:45.012,1.6202,1.6203,0.40,0.20
2008.02.21 07:16:45.346,1.6202,1.6203,0.40,0.20
2008.02.21 07:16:45.680,1.6202,1.6203,0.40,0.20
2008.02.21 07:16:45.889,1.6202,1.6203,0.40,0.20
2008.02.21 07:16:48.616,1.6202,1.6203,0.40,0.20
2008.02.21 07:16:48.896,1.6202,1.6203,0.40,0.20
2008.02.21 07:16:49.019,1.6202,1.6203,0.40,0.20
2008.02.21 07:16:49.146,1.6202,1.6203,0.40,0.20
2008.02.21 07:16:49.270,1.6202,1.6203,0.40,0.05
2008.02.21 07:16:50.329,1.6202,1.6203,0.40,0.05
2008.02.21 07:16:50.844,1.6202,1.6203,0.40,0.05
2008.02.21 07:16:51.177,1.6202,1.6203,0.40,0.05
2008.02.21 07:16:55.150,1.6202,1.6203,0.40,0.05
2008.02.21 07:16:55.310,1.6202,1.6203,0.40,0.05
2008.02.21 07:16:55.408,1.6202,1.62035,0.40,0.05
2008.02.21 07:16:55.487,1.6202,1.62035,0.40,0.05
2008.02.21 07:16:55.578,1.6202,1.62035,0.40,0.05
2008.02.21 07:16:55.667,1.6202,1.62035,1.10,0.05
2008.02.21 07:16:55.757,1.62035,1.62045,0.20,0.70
2008.02.21 07:16:55.855,1.62035,1.62045,0.20,0.90
2008.02.21 07:16:55.934,1.6203,1.62035,0.80,0.05
2008.02.21 07:16:56.024,1.6203,1.62035,0.80,0.05
2008.02.21 07:16:56.113,1.6202,1.6203,0.40,0.05
2008.02.21 07:16:56.202,1.6202,1.6203,0.40,0.05
2008.02.21 07:16:56.537,1.6202,1.6203,0.40,0.05
2008.02.21 07:16:56.871,1.62035,1.6204,0.20,0.20
2008.02.21 07:16:57.206,1.62035,1.62045,0.20,0.50
2008.02.21 07:16:57.420,1.62035,1.62045,0.20,0.60
2008.02.21 07:16:57.635,1.62035,1.6205,0.20,0.05
2008.02.21 07:16:57.848,1.62035,1.62045,0.20,0.05
2008.02.21 07:16:58.062,1.62035,1.62045,0.20,0.05
2008.02.21 07:16:58.277,1.62035,1.62045,0.20,0.05
2008.02.21 07:16:58.490,1.62035,1.62045,0.20,0.05
2008.02.21 07:16:58.729,1.62035,1.62045,0.20,0.05
2008.02.21 07:16:58.968,1.6203,1.6204,0.20,0.05
2008.02.21 07:16:59.206,1.6203,1.6204,0.20,0.05
2008.02.21 07:16:59.444,1.6203,1.6204,0.20,0.05
2008.02.21 07:16:59.670,1.6203,1.6204,0.20,0.05
2008.02.21 07:16:59.844,1.6203,1.6204,0.20,0.05
2008.02.21 07:17:00.077,1.6203,1.6204,0.20,0.05
2008.02.21 07:17:00.392,1.6203,1.6204,0.20,0.05
2008.02.21 07:17:00.565,1.6203,1.6204,0.20,0.05
2008.02.21 07:17:00.741,1.6203,1.6204,0.20,0.05
2008.02.21 07:17:00.947,1.6203,1.6204,0.20,0.05
2008.02.21 07:17:01.120,1.6203,1.6204,0.20,0.05
2008.02.21 07:17:01.294,1.6203,1.6204,0.20,0.05
2008.02.21 07:17:01.469,1.6203,1.6204,0.20,0.05
2008.02.21 07:17:01.603,1.6203,1.6204,0.40,0.05
2008.02.21 07:17:01.745,1.6203,1.6204,0.40,0.05
2008.02.21 07:17:01.869,1.6203,1.6204,0.40,0.05
2008.02.21 07:17:02.141,1.6203,1.6204,0.40,0.05
2008.02.21 07:17:02.275,1.6203,1.6204,0.40,0.05
2008.02.21 07:17:02.408,1.62035,1.62045,0.20,0.05
2008.02.21 07:17:02.543,1.62035,1.62045,0.20,0.05
2008.02.21 07:17:02.741,1.62035,1.62045,0.20,0.05
2008.02.21 07:17:03.084,1.62035,1.62045,0.20,0.05
2008.02.21 07:17:03.283,1.62035,1.62045,0.20,0.05
2008.02.21 07:17:03.484,1.62035,1.62045,0.20,0.05
2008.02.21 07:17:03.692,1.62035,1.62045,0.20,0.05
2008.02.21 07:17:03.911,1.62035,1.62045,0.20,0.05
2008.02.21 07:17:04.111,1.62035,1.62045,0.20,0.05
2008.02.21 07:17:04.319,1.62035,1.62045,0.20,0.05
2008.02.21 07:17:04.537,1.62035,1.62045,0.20,0.05
2008.02.21 07:17:04.826,1.62035,1.62045,0.20,0.05
2008.02.21 07:17:05.114,1.62035,1.62045,0.20,0.05
2008.02.21 07:17:05.402,1.62035,1.62045,0.20,0.05
2008.02.21 07:17:05.692,1.62035,1.62045,0.20,0.05
2008.02.21 07:17:05.916,1.62035,1.62045,0.20,0.05
2008.02.21 07:17:06.140,1.62035,1.62045,0.20,0.05
2008.02.21 07:17:06.399,1.62035,1.62045,0.20,0.05
2008.02.21 07:17:06.622,1.62035,1.62045,0.20,0.05
2008.02.21 07:17:07.173,1.62035,1.62045,0.20,0.05
2008.02.21 07:17:07.648,1.62035,1.62045,0.20,0.05
2008.02.21 07:17:08.412,1.62035,1.62045,0.20,0.05
2008.02.21 07:17:08.620,1.62035,1.62045,0.20,0.05
2008.02.21 07:17:08.829,1.62035,1.62045,0.20,0.05
2008.02.21 07:17:09.068,1.62035,1.62045,0.20,0.05
2008.02.21 07:17:09.308,1.62035,1.62045,0.20,0.05
2008.02.21 07:17:09.609,1.62035,1.62045,0.20,0.05
2008.02.21 07:17:09.919,1.62035,1.62045,0.20,0.05
2008.02.21 07:17:10.154,1.62035,1.62045,0.20,0.05
2008.02.21 07:17:10.656,1.62035,1.62045,0.20,0.05
2008.02.21 07:17:10.856,1.62035,1.62045,0.20,0.05
2008.02.21 07:17:11.270,1.62035,1.62045,0.20,0.05
2008.02.21 07:17:11.464,1.62035,1.62045,0.20,0.05
2008.02.21 07:17:11.657,1.62035,1.62045,0.20,0.05
2008.02.21 07:17:11.851,1.62035,1.62045,0.20,0.05
2008.02.21 07:17:12.170,1.62035,1.62045,0.20,0.05
2008.02.21 07:17:12.488,1.62035,1.62045,0.20,0.05
2008.02.21 07:17:12.807,1.62035,1.62045,0.20,0.05
2008.02.21 07:17:13.177,1.62035,1.62045,0.20,0.05
2008.02.21 07:17:13.347,1.6203,1.6204,0.40,0.05
2008.02.21 07:17:13.528,1.6203,1.6204,0.40,0.20
2008.02.21 07:17:13.696,1.6203,1.6204,0.40,0.20
2008.02.21 07:17:14.170,1.6203,1.6204,0.40,0.20
2008.02.21 07:17:14.895,1.6203,1.6204,0.40,0.20
2008.02.21 07:17:17.874,1.62035,1.6204,0.20,0.20
2008.02.21 07:17:18.032,1.62035,1.62045,0.20,0.05
2008.02.21 07:17:18.086,1.62035,1.62045,0.20,0.05
2008.02.21 07:17:18.140,1.62035,1.62045,0.20,0.05
2008.02.21 07:17:18.195,1.62035,1.62045,0.20,0.05
2008.02.21 07:17:18.377,1.62035,1.62045,0.20,0.05
2008.02.21 07:17:18.799,1.62035,1.62045,0.20,0.05
2008.02.21 07:17:19.098,1.62035,1.62045,0.20,0.05
2008.02.21 07:17:19.415,1.62035,1.62045,0.20,0.05
2008.02.21 07:17:19.613,1.62035,1.62045,0.20,0.05
2008.02.21 07:17:21.089,1.62035,1.62045,0.20,0.05
2008.02.21 07:17:22.134,1.62035,1.62045,0.20,0.05
2008.02.21 07:17:24.975,1.62035,1.62045,0.20,0.05
2008.02.21 07:17:25.094,1.62035,1.62045,0.20,0.05
2008.02.21 07:17:25.162,1.62035,1.62045,0.20,0.05
2008.02.21 07:17:25.230,1.62035,1.62045,0.20,0.05
2008.02.21 07:17:25.299,1.62035,1.62045,0.20,0.05
2008.02.21 07:17:25.632,1.6204,1.62045,0.20,0.05
2008.02.21 07:17:25.966,1.62035,1.62045,0.20,0.05
2008.02.21 07:17:26.300,1.6204,1.62045,0.20,0.05
2008.02.21 07:17:26.455,1.6204,1.62045,0.20,0.05
2008.02.21 07:17:26.608,1.62035,1.62045,0.20,0.05
2008.02.21 07:17:26.763,1.62035,1.62045,0.20,0.05
2008.02.21 07:17:27.164,1.62035,1.62045,0.20,0.05
2008.02.21 07:17:27.317,1.62035,1.62045,0.20,0.05
2008.02.21 07:17:27.607,1.62035,1.62045,0.20,0.05
2008.02.21 07:17:27.896,1.62035,1.62045,0.20,0.05
2008.02.21 07:17:29.419,1.62035,1.62045,0.20,0.05
2008.02.21 07:17:30.631,1.62035,1.62045,0.20,0.05
2008.02.21 07:17:30.763,1.62035,1.62045,0.20,0.05
2008.02.21 07:17:31.643,1.6203,1.6204,1.30,0.05
2008.02.21 07:17:31.786,1.6203,1.6204,1.50,0.05
2008.02.21 07:17:31.930,1.6203,1.6204,0.80,0.05
2008.02.21 07:17:32.069,1.6203,1.6204,0.80,0.05
2008.02.21 07:17:32.208,1.6203,1.6204,0.70,0.05
2008.02.21 07:17:32.692,1.6203,1.6204,0.50,0.05
2008.02.21 07:17:35.756,1.6203,1.6204,0.60,0.05
2008.02.21 07:17:35.948,1.6203,1.6204,0.90,0.05
2008.02.21 07:17:36.271,1.6203,1.62035,0.70,0.05
2008.02.21 07:17:36.596,1.6203,1.62035,1.20,0.05
2008.02.21 07:17:36.920,1.6203,1.62035,1.30,0.05
2008.02.21 07:17:37.249,1.6203,1.62035,0.80,0.05
2008.02.21 07:17:37.407,1.6203,1.62035,1.30,0.05
2008.02.21 07:17:37.566,1.6203,1.62035,1.10,0.05
2008.02.21 07:17:37.724,1.6203,1.62035,1.20,0.05
2008.02.21 07:17:38.347,1.6203,1.62035,1.00,0.05
2008.02.21 07:17:38.460,1.6203,1.62035,0.50,0.05
2008.02.21 07:17:38.626,1.6203,1.62035,1.20,0.05
2008.02.21 07:17:39.382,1.6203,1.62035,1.20,0.05
2008.02.21 07:17:39.526,1.6203,1.62035,0.90,0.05
2008.02.21 07:17:39.670,1.6203,1.6204,1.40,0.20
2008.02.21 07:17:39.814,1.6203,1.6204,0.70,0.20
2008.02.21 07:17:39.958,1.6203,1.62035,1.30,0.05
2008.02.21 07:17:40.101,1.6203,1.62035,1.00,0.05
2008.02.21 07:17:40.245,1.6203,1.62035,1.10,0.05
2008.02.21 07:17:40.535,1.6203,1.62035,1.00,0.05
2008.02.21 07:17:40.679,1.6203,1.62035,1.20,0.05
2008.02.21 07:17:41.156,1.6203,1.62035,0.90,0.05
2008.02.21 07:17:41.379,1.6203,1.62035,0.90,0.05
2008.02.21 07:17:43.912,1.6203,1.62035,0.80,0.05
2008.02.21 07:17:44.171,1.6203,1.62035,1.10,0.05
2008.02.21 07:17:44.872,1.6203,1.62035,0.50,0.05
2008.02.21 07:17:45.040,1.6203,1.62035,1.00,0.05
2008.02.21 07:17:45.232,1.6203,1.62035,1.20,0.05
2008.02.21 07:17:48.639,1.6203,1.62035,1.90,0.05
2008.02.21 07:17:48.831,1.6203,1.62035,1.90,0.05
2008.02.21 07:17:48.950,1.6203,1.62035,1.90,0.05
2008.02.21 07:17:49.158,1.6203,1.62035,1.90,0.05
2008.02.21 07:17:49.359,1.6203,1.62035,1.90,0.05
2008.02.21 07:17:49.692,1.6203,1.62035,1.90,0.05
2008.02.21 07:17:50.027,1.6203,1.62035,1.90,0.05
2008.02.21 07:17:50.361,1.6203,1.62035,1.90,0.05
2008.02.21 07:17:50.562,1.6203,1.62035,1.90,0.05
2008.02.21 07:17:51.966,1.6203,1.62035,1.90,0.05
2008.02.21 07:17:53.979,1.6203,1.62035,1.90,0.05
2008.02.21 07:17:54.154,1.6203,1.62035,1.90,0.05
2008.02.21 07:17:54.432,1.6203,1.62035,1.90,0.05
2008.02.21 07:17:54.950,1.6203,1.62035,1.90,0.05
2008.02.21 07:17:57.358,1.6203,1.62035,1.90,0.05
2008.02.21 07:17:57.436,1.62015,1.6202,5.70,0.05
2008.02.21 07:17:57.515,1.6201,1.6202,1.10,0.05
2008.02.21 07:17:57.649,1.6203,1.62035,1.90,4.00
2008.02.21 07:17:57.783,1.6201,1.6202,1.10,0.05
2008.02.21 07:17:57.917,1.6201,1.6202,0.40,0.05
2008.02.21 07:17:58.052,1.6201,1.6202,0.40,0.05
2008.02.21 07:17:58.185,1.6201,1.6202,0.40,0.05
2008.02.21 07:17:58.386,1.6201,1.6202,0.40,0.05
2008.02.21 07:17:58.695,1.6201,1.6202,0.40,0.05
2008.02.21 07:18:00.134,1.62015,1.6202,0.80,0.05
2008.02.21 07:18:00.431,1.62015,1.6202,1.40,0.05
2008.02.21 07:18:00.544,1.62015,1.6202,1.40,0.05
2008.02.21 07:18:01.305,1.6201,1.62015,0.20,0.05
2008.02.21 07:18:01.393,1.6201,1.62015,0.20,0.05
2008.02.21 07:18:01.463,1.6201,1.62015,0.20,0.05
2008.02.21 07:18:01.531,1.62005,1.62015,8.10,0.05
2008.02.21 07:18:01.670,1.62015,1.6203,1.40,0.20
2008.02.21 07:18:02.387,1.62015,1.6203,1.40,0.20
2008.02.21 07:18:03.876,1.62015,1.6203,1.40,0.20
2008.02.21 07:18:04.031,1.62005,1.62015,8.10,0.05
2008.02.21 07:18:06.442,1.62015,1.6203,1.40,0.20
2008.02.21 07:18:06.648,1.62015,1.6203,1.40,0.20
2008.02.21 07:18:08.235,1.62015,1.62025,1.40,5.60
2008.02.21 07:18:08.367,1.62015,1.6202,1.40,0.20
2008.02.21 07:18:09.689,1.62015,1.6202,1.40,0.20
2008.02.21 07:18:09.928,1.62015,1.6202,1.40,0.20
2008.02.21 07:18:10.613,1.62015,1.6202,0.05,0.20
2008.02.21 07:18:11.017,1.62015,1.6202,0.05,0.20
2008.02.21 07:18:11.147,1.62015,1.6202,0.05,0.20
2008.02.21 07:18:11.344,1.62015,1.6202,0.05,0.20
2008.02.21 07:18:11.442,1.62015,1.6202,0.05,0.20
2008.02.21 07:18:11.654,1.62015,1.6202,0.05,0.20
2008.02.21 07:18:11.764,1.62005,1.62015,8.10,0.05
2008.02.21 07:18:11.958,1.62015,1.6202,0.05,0.20
2008.02.21 07:18:12.147,1.62015,1.6202,0.05,0.20
2008.02.21 07:18:12.247,1.62015,1.6202,0.05,0.20
2008.02.21 07:18:12.344,1.62015,1.6202,0.05,0.20
2008.02.21 07:18:12.632,1.62015,1.6202,0.05,0.20
2008.02.21 07:18:12.921,1.62015,1.6202,0.05,0.20
2008.02.21 07:18:13.209,1.62015,1.6202,0.05,0.20
2008.02.21 07:18:13.499,1.62015,1.6202,0.05,0.20
2008.02.21 07:18:13.701,1.62015,1.6202,0.05,0.20
2008.02.21 07:18:14.075,1.62005,1.6201,8.00,0.05
2008.02.21 07:18:14.183,1.62005,1.6201,8.00,0.05
2008.02.21 07:18:14.418,1.62015,1.6202,0.05,0.20
2008.02.21 07:18:14.736,1.62015,1.6202,0.05,0.20
2008.02.21 07:18:16.253,1.62015,1.6202,0.05,0.20
2008.02.21 07:18:17.836,1.62,1.62005,0.20,0.05
2008.02.21 07:18:18.085,1.62005,1.62015,8.00,1.60
2008.02.21 07:18:18.335,1.62015,1.6202,0.05,0.20
2008.02.21 07:18:18.584,1.62015,1.6202,0.05,0.20
2008.02.21 07:18:18.899,1.62015,1.6202,0.05,0.20
2008.02.21 07:18:20.080,1.62005,1.6201,8.00,0.05
2008.02.21 07:18:20.196,1.62005,1.6201,8.00,0.05
2008.02.21 07:18:20.284,1.62015,1.6202,0.05,0.20
2008.02.21 07:18:20.432,1.62015,1.6202,0.05,0.20
2008.02.21 07:18:20.651,1.62015,1.6202,0.05,0.20
2008.02.21 07:18:21.461,1.62015,1.6202,0.05,0.20
2008.02.21 07:18:21.579,1.62015,1.6202,0.05,0.20
2008.02.21 07:18:21.698,1.62015,1.6202,0.05,0.20
2008.02.21 07:18:21.812,1.62015,1.6202,0.05,0.20
2008.02.21 07:18:21.925,1.62015,1.6202,0.05,0.20
2008.02.21 07:18:22.040,1.62015,1.6202,0.05,0.20
2008.02.21 07:18:22.153,1.62015,1.6202,0.05,0.20
2008.02.21 07:18:22.590,1.62005,1.6201,2.40,0.05
2008.02.21 07:18:22.705,1.62015,1.6202,0.05,0.20
2008.02.21 07:18:22.933,1.62005,1.6201,2.40,0.05
2008.02.21 07:18:23.162,1.62005,1.6201,2.40,0.05
2008.02.21 07:18:23.400,1.62015,1.6202,0.05,0.20
2008.02.21 07:18:24.786,1.62015,1.6202,0.05,0.20
2008.02.21 07:18:24.871,1.62015,1.6202,0.05,0.20
2008.02.21 07:18:24.949,1.62015,1.6202,0.05,0.20
2008.02.21 07:18:25.028,1.62015,1.6202,0.05,0.20
2008.02.21 07:18:25.114,1.62015,1.6202,0.05,0.20
2008.02.21 07:18:25.203,1.62015,1.6202,0.05,0.20
2008.02.21 07:18:25.281,1.62015,1.6202,0.05,0.20
2008.02.21 07:18:25.421,1.62015,1.6202,0.05,0.20
2008.02.21 07:18:25.586,1.62015,1.6202,0.05,0.20
2008.02.21 07:18:25.664,1.62015,1.6202,0.05,0.20
2008.02.21 07:18:25.742,1.62015,1.6202,0.05,0.20
2008.02.21 07:18:25.942,1.62015,1.6202,0.05,0.20
2008.02.21 07:18:26.277,1.62015,1.6202,0.05,0.20
2008.02.21 07:18:26.612,1.62015,1.6202,0.05,0.20
2008.02.21 07:18:26.949,1.62015,1.6202,0.05,0.20
2008.02.21 07:18:27.096,1.62015,1.6202,0.05,0.20
2008.02.21 07:18:27.254,1.62015,1.6202,0.05,0.20
2008.02.21 07:18:27.402,1.62015,1.6202,0.05,0.20
2008.02.21 07:18:27.554,1.62015,1.6202,0.05,0.20
2008.02.21 07:18:27.703,1.62015,1.6202,0.05,0.20
2008.02.21 07:18:27.853,1.62015,1.6202,0.05,0.20
2008.02.21 07:18:28.187,1.62015,1.6202,0.05,0.20
2008.02.21 07:18:28.530,1.62015,1.6202,0.05,0.20
2008.02.21 07:18:28.864,1.62015,1.6202,0.05,0.20
2008.02.21 07:18:29.060,1.62015,1.6202,0.05,0.05
2008.02.21 07:18:29.256,1.62015,1.62025,0.20,0.05
2008.02.21 07:18:29.448,1.6202,1.6203,0.20,0.20
2008.02.21 07:18:29.643,1.6202,1.6203,0.20,0.05
2008.02.21 07:18:29.836,1.6202,1.6203,0.20,0.05
2008.02.21 07:18:30.030,1.6202,1.6203,0.20,0.05
2008.02.21 07:18:30.253,1.6202,1.6203,0.20,0.05
2008.02.21 07:18:30.477,1.6202,1.6203,0.20,0.05
2008.02.21 07:18:30.702,1.6202,1.6203,0.20,0.05
2008.02.21 07:18:31.162,1.6202,1.6203,0.20,0.05
2008.02.21 07:18:31.666,1.6202,1.6203,0.20,0.05
2008.02.21 07:18:31.887,1.6202,1.6203,0.20,0.05
2008.02.21 07:18:32.707,1.6202,1.6203,0.20,0.05
2008.02.21 07:18:32.931,1.6202,1.6203,0.20,0.05
2008.02.21 07:18:33.155,1.6202,1.62025,0.20,0.05
2008.02.21 07:18:33.359,1.62025,1.62035,0.20,0.05
2008.02.21 07:18:33.564,1.6202,1.6203,0.20,0.05
2008.02.21 07:18:33.768,1.6202,1.6203,0.20,0.05
2008.02.21 07:18:33.972,1.6202,1.6203,0.20,0.05
2008.02.21 07:18:34.175,1.62025,1.62035,0.20,0.05
2008.02.21 07:18:34.455,1.62025,1.62035,0.20,0.05
2008.02.21 07:18:34.734,1.62025,1.62035,0.20,0.05
2008.02.21 07:18:35.014,1.62025,1.62035,0.20,0.05
2008.02.21 07:18:35.294,1.6202,1.6203,0.20,0.05
2008.02.21 07:18:35.507,1.62025,1.62035,0.20,0.05
2008.02.21 07:18:35.721,1.62025,1.62035,0.20,0.05
2008.02.21 07:18:35.934,1.62025,1.62035,0.20,0.05
2008.02.21 07:18:36.148,1.62025,1.62035,0.20,0.05
2008.02.21 07:18:36.665,1.62025,1.62035,0.20,0.05
2008.02.21 07:18:36.879,1.62025,1.62035,0.20,0.05
2008.02.21 07:18:37.092,1.62025,1.62035,0.20,0.05
2008.02.21 07:18:37.307,1.62025,1.62035,0.20,0.05
2008.02.21 07:18:37.551,1.62025,1.62035,0.20,0.05
2008.02.21 07:18:37.795,1.6202,1.62025,0.05,0.05
2008.02.21 07:18:38.039,1.6202,1.62025,0.05,0.05
2008.02.21 07:18:38.418,1.6202,1.62025,0.05,0.05
2008.02.21 07:18:38.622,1.6202,1.62025,0.05,0.05
2008.02.21 07:18:38.821,1.6202,1.62025,0.05,0.05
2008.02.21 07:18:39.020,1.6202,1.62025,0.05,0.05
2008.02.21 07:18:39.220,1.6201,1.62025,0.20,0.05
2008.02.21 07:18:39.389,1.62015,1.6203,0.20,0.20
2008.02.21 07:18:39.557,1.62015,1.6203,0.20,0.20
2008.02.21 07:18:39.727,1.62005,1.62025,4.00,2.40
2008.02.21 07:18:39.896,1.62005,1.62025,0.90,4.00
2008.02.21 07:18:40.072,1.62005,1.6202,1.20,0.20
2008.02.21 07:18:40.242,1.62005,1.6201,0.50,0.05
2008.02.21 07:18:40.508,1.62005,1.6201,1.20,0.05
2008.02.21 07:18:40.772,1.61985,1.61995,4.00,0.05
2008.02.21 07:18:41.036,1.61985,1.62,4.30,0.20
2008.02.21 07:18:41.301,1.61985,1.6199,0.60,0.20
2008.02.21 07:18:41.551,1.61975,1.61985,0.20,0.05
2008.02.21 07:18:41.801,1.6198,1.6199,0.20,0.05
2008.02.21 07:18:42.048,1.6198,1.6199,0.20,0.05
2008.02.21 07:18:42.297,1.6198,1.6199,0.20,0.05
2008.02.21 07:18:42.516,1.6198,1.6199,0.20,0.05
2008.02.21 07:18:42.735,1.61975,1.6198,0.05,0.05
2008.02.21 07:18:42.955,1.61975,1.62,0.05,0.20
2008.02.21 07:18:43.187,1.61955,1.61965,2.40,0.05
2008.02.21 07:18:43.406,1.6196,1.6197,1.60,0.20
2008.02.21 07:18:43.671,1.61955,1.6196,1.60,0.05
2008.02.21 07:18:43.936,1.61955,1.61965,1.70,0.05
2008.02.21 07:18:44.199,1.61955,1.61965,0.20,0.05
2008.02.21 07:18:44.463,1.61955,1.61965,0.20,0.05
2008.02.21 07:18:44.722,1.6196,1.6197,0.20,0.20
2008.02.21 07:18:44.980,1.6196,1.6197,0.20,0.20
2008.02.21 07:18:45.237,1.6196,1.6197,0.20,0.20
2008.02.21 07:18:45.614,1.6196,1.6197,0.20,0.20
2008.02.21 07:18:47.439,1.6196,1.6197,0.20,0.20
2008.02.21 07:18:47.604,1.61955,1.6197,3.30,0.20
2008.02.21 07:18:47.718,1.61955,1.6197,12.10,0.20
2008.02.21 07:18:47.831,1.61955,1.6197,12.10,0.05
2008.02.21 07:18:47.945,1.61955,1.6197,12.10,0.05
2008.02.21 07:18:48.069,1.61955,1.6197,12.90,0.05
2008.02.21 07:18:48.173,1.6196,1.61975,0.20,0.05
2008.02.21 07:18:48.287,1.6196,1.61975,0.20,0.05
2008.02.21 07:18:48.400,1.6196,1.61975,0.20,0.05
2008.02.21 07:18:48.611,1.6196,1.61975,0.20,0.05
2008.02.21 07:18:48.945,1.6196,1.61975,0.20,0.05
2008.02.21 07:18:49.281,1.6196,1.6197,0.20,0.20
2008.02.21 07:18:49.615,1.6196,1.6197,0.20,0.20
2008.02.21 07:18:49.735,1.6196,1.6197,0.20,0.20
2008.02.21 07:18:49.925,1.6196,1.6197,0.20,0.20
2008.02.21 07:18:50.122,1.6196,1.6197,0.20,0.20
2008.02.21 07:18:52.218,1.6196,1.6197,0.20,0.20
2008.02.21 07:18:52.413,1.6196,1.6197,0.20,0.20
2008.02.21 07:18:52.853,1.6196,1.6197,0.20,0.20
2008.02.21 07:18:53.156,1.6196,1.6197,0.20,0.20
2008.02.21 07:18:53.393,1.6195,1.61965,8.10,0.05
2008.02.21 07:18:53.620,1.61965,1.61975,0.20,0.05
2008.02.21 07:18:53.849,1.61965,1.61975,0.20,0.05
2008.02.21 07:18:54.099,1.61965,1.61975,0.20,0.05
2008.02.21 07:18:54.355,1.61935,1.61955,3.50,16.00
2008.02.21 07:18:54.606,1.6194,1.61955,0.20,3.20
2008.02.21 07:18:54.855,1.61945,1.61955,0.20,1.60
2008.02.21 07:18:55.064,1.61945,1.61955,0.20,0.05
2008.02.21 07:18:55.273,1.61945,1.61955,0.20,0.05
2008.02.21 07:18:55.482,1.61945,1.61955,0.20,0.05
2008.02.21 07:18:55.690,1.61945,1.61955,0.20,0.05
2008.02.21 07:18:55.900,1.6195,1.6196,0.20,0.20
2008.02.21 07:18:56.169,1.6195,1.6196,0.40,0.20
2008.02.21 07:18:56.438,1.6195,1.6196,0.40,0.20
2008.02.21 07:18:56.705,1.6195,1.6196,0.40,0.20
2008.02.21 07:18:56.974,1.6195,1.6196,0.40,0.20
2008.02.21 07:18:57.143,1.6195,1.6196,0.40,0.20
2008.02.21 07:18:57.443,1.6195,1.6196,0.20,0.20
2008.02.21 07:18:57.612,1.61945,1.6196,0.80,0.20
2008.02.21 07:18:57.792,1.61945,1.6196,0.80,0.20
2008.02.21 07:18:57.961,1.6195,1.6196,0.20,0.20
2008.02.21 07:18:58.222,1.6196,1.61965,0.10,6.50
2008.02.21 07:18:58.481,1.6196,1.61965,0.10,2.40
2008.02.21 07:18:58.740,1.6195,1.61955,9.60,0.05
2008.02.21 07:18:59.000,1.61945,1.61955,5.70,0.05
2008.02.21 07:18:59.223,1.6194,1.6195,0.20,0.05
2008.02.21 07:18:59.449,1.6194,1.6195,0.20,0.05
2008.02.21 07:18:59.678,1.6194,1.6195,0.20,0.05
2008.02.21 07:18:59.902,1.61945,1.61955,0.20,0.05
2008.02.21 07:19:00.212,1.61945,1.61955,0.20,0.05
2008.02.21 07:19:00.611,1.61945,1.61955,0.20,0.05
2008.02.21 07:19:00.837,1.61945,1.61955,0.20,0.05
2008.02.21 07:19:01.060,1.61945,1.61955,0.20,0.05
2008.02.21 07:19:01.250,1.61935,1.61945,0.20,0.05
2008.02.21 07:19:01.447,1.61935,1.61945,0.20,0.05
2008.02.21 07:19:01.627,1.61935,1.61945,0.20,0.05
2008.02.21 07:19:01.816,1.61935,1.61945,0.20,0.05
2008.02.21 07:19:02.181,1.61935,1.61945,0.20,0.05
2008.02.21 07:19:02.369,1.61935,1.61945,0.20,0.05
2008.02.21 07:19:02.559,1.61925,1.6194,1.70,0.20
2008.02.21 07:19:02.747,1.61925,1.6194,0.20,0.20
2008.02.21 07:19:02.935,1.61925,1.6194,0.20,0.20
2008.02.21 07:19:03.125,1.61925,1.6194,0.20,0.20
2008.02.21 07:19:03.394,1.61925,1.6194,0.20,0.20
2008.02.21 07:19:03.664,1.6193,1.6194,0.20,0.20
2008.02.21 07:19:03.942,1.6193,1.6194,0.20,0.20
2008.02.21 07:19:04.201,1.6193,1.6194,0.20,0.20
2008.02.21 07:19:07.625,1.6193,1.6194,0.20,0.20
2008.02.21 07:19:07.740,1.6193,1.6194,0.20,0.05
2008.02.21 07:19:07.862,1.6193,1.6194,0.20,0.05
2008.02.21 07:19:07.966,1.6193,1.6194,0.20,0.05
2008.02.21 07:19:08.079,1.6193,1.6194,0.20,0.05
2008.02.21 07:19:08.192,1.6193,1.6194,0.20,0.05
2008.02.21 07:19:08.475,1.6193,1.6194,0.20,0.05
2008.02.21 07:19:09.184,1.6193,1.6194,0.20,0.05
2008.02.21 07:19:09.428,1.61935,1.61945,0.20,0.05
2008.02.21 07:19:09.577,1.61935,1.61945,0.20,0.05
2008.02.21 07:19:09.728,1.6194,1.6195,0.20,0.20
2008.02.21 07:19:09.877,1.6194,1.6195,0.20,0.20
2008.02.21 07:19:10.026,1.61945,1.61955,0.20,0.05
2008.02.21 07:19:10.175,1.61945,1.61955,0.20,0.05
2008.02.21 07:19:10.419,1.61945,1.61955,0.20,0.05
2008.02.21 07:19:10.643,1.61945,1.61955,0.20,0.05
2008.02.21 07:19:10.867,1.61945,1.61955,0.20,0.05
2008.02.21 07:19:11.091,1.61945,1.61955,0.20,0.05
2008.02.21 07:19:11.315,1.61945,1.6195,0.20,0.20
2008.02.21 07:19:11.493,1.61945,1.6195,0.20,0.20
2008.02.21 07:19:11.661,1.61945,1.6195,0.20,0.20
2008.02.21 07:19:11.840,1.61945,1.6195,0.20,0.20
2008.02.21 07:19:12.008,1.61945,1.61955,0.20,0.05
2008.02.21 07:19:12.187,1.61945,1.61955,0.20,0.05
2008.02.21 07:19:12.356,1.61945,1.61955,0.20,0.05
2008.02.21 07:19:12.595,1.61945,1.61955,0.20,0.05
2008.02.21 07:19:12.832,1.61945,1.61955,0.20,0.05
2008.02.21 07:19:13.071,1.61945,1.61955,0.20,0.05
2008.02.21 07:19:13.309,1.61945,1.61955,0.20,0.05
2008.02.21 07:19:13.560,1.6194,1.61955,0.20,0.05
2008.02.21 07:19:13.734,1.61945,1.61955,0.20,0.05
2008.02.21 07:19:13.908,1.61945,1.61955,0.20,0.05
2008.02.21 07:19:14.417,1.61945,1.61955,0.20,0.05
2008.02.21 07:19:14.689,1.61945,1.61955,0.20,0.05
2008.02.21 07:19:14.951,1.61945,1.61955,0.20,0.05
2008.02.21 07:19:15.208,1.61945,1.61955,0.20,0.05
2008.02.21 07:19:15.656,1.61945,1.61955,0.20,0.05
2008.02.21 07:19:15.824,1.61945,1.61955,0.20,0.05
2008.02.21 07:19:15.993,1.61945,1.61955,0.20,0.05
2008.02.21 07:19:16.162,1.6194,1.6196,0.20,0.20
2008.02.21 07:19:16.331,1.6193,1.61945,1.60,1.60
2008.02.21 07:19:16.511,1.61935,1.6194,0.20,0.05
2008.02.21 07:19:16.700,1.6193,1.6194,0.90,0.05
2008.02.21 07:19:16.898,1.6193,1.61935,0.90,0.05
2008.02.21 07:19:17.097,1.6193,1.61935,0.90,0.05
2008.02.21 07:19:17.296,1.6193,1.6194,1.10,0.05
2008.02.21 07:19:17.498,1.6195,1.61955,0.20,4.00
2008.02.21 07:19:17.771,1.6195,1.61955,0.20,2.40
2008.02.21 07:19:18.046,1.6195,1.61955,0.20,2.40
2008.02.21 07:19:18.320,1.6195,1.61955,0.20,2.40
2008.02.21 07:19:18.595,1.6194,1.6195,0.20,0.20
2008.02.21 07:19:18.839,1.6194,1.6195,0.20,0.20
2008.02.21 07:19:19.082,1.6194,1.6195,0.20,0.20
2008.02.21 07:19:19.325,1.6194,1.6195,0.20,0.20
2008.02.21 07:19:19.569,1.61935,1.61945,0.20,0.05
2008.02.21 07:19:19.793,1.61935,1.61945,0.20,0.05
2008.02.21 07:19:20.017,1.61935,1.61945,0.20,0.05
2008.02.21 07:19:20.240,1.6194,1.6195,0.20,0.05
2008.02.21 07:19:20.465,1.6194,1.6195,0.20,1.60
2008.02.21 07:19:20.690,1.6193,1.6194,0.20,0.05
2008.02.21 07:19:20.919,1.6193,1.6194,0.20,0.05
2008.02.21 07:19:21.149,1.6193,1.6194,0.20,0.05
2008.02.21 07:19:21.377,1.6194,1.6195,0.20,0.05
2008.02.21 07:19:21.608,1.6194,1.6195,0.20,0.05
2008.02.21 07:19:21.908,1.61945,1.61955,0.20,1.60
2008.02.21 07:19:22.207,1.6194,1.6195,0.20,0.05
2008.02.21 07:19:22.390,1.6194,1.6195,0.20,0.05
2008.02.21 07:19:22.506,1.6194,1.6195,0.20,0.05
2008.02.21 07:19:22.805,1.6194,1.6195,0.20,0.05
2008.02.21 07:19:23.044,1.6194,1.6195,0.20,0.05
2008.02.21 07:19:23.283,1.6194,1.6195,0.20,0.05
2008.02.21 07:19:23.749,1.6194,1.6195,0.20,0.05
2008.02.21 07:19:24.664,1.6194,1.6195,0.20,0.05
2008.02.21 07:19:24.864,1.61925,1.6194,0.70,0.05
2008.02.21 07:19:25.027,1.6194,1.61945,0.20,1.60
2008.02.21 07:19:25.191,1.6194,1.6195,0.20,0.05
2008.02.21 07:19:25.354,1.6194,1.6195,0.20,0.05
2008.02.21 07:19:25.516,1.6194,1.6195,0.20,0.05
2008.02.21 07:19:25.680,1.6194,1.6195,0.20,0.05
2008.02.21 07:19:25.844,1.6194,1.6195,0.20,0.05
2008.02.21 07:19:26.178,1.61945,1.61955,0.20,0.05
2008.02.21 07:19:26.517,1.61945,1.61955,0.20,0.05
2008.02.21 07:19:26.851,1.61945,1.61955,0.20,0.05
2008.02.21 07:19:27.040,1.61945,1.61955,0.20,0.05
2008.02.21 07:19:27.229,1.61945,1.61955,0.20,0.05
2008.02.21 07:19:27.417,1.61945,1.61955,0.20,0.05
2008.02.21 07:19:27.628,1.6194,1.6195,0.20,0.05
2008.02.21 07:19:27.816,1.6194,1.6195,0.20,0.05
2008.02.21 07:19:28.004,1.6194,1.6195,0.20,0.05
2008.02.21 07:19:28.254,1.6194,1.6195,0.20,0.05
2008.02.21 07:19:28.512,1.6194,1.6195,0.20,0.05
2008.02.21 07:19:28.750,1.6194,1.6195,0.20,0.05
2008.02.21 07:19:28.999,1.6194,1.6195,0.20,0.05
2008.02.21 07:19:29.966,1.6194,1.6195,0.20,0.05
2008.02.21 07:19:30.691,1.6194,1.6195,0.20,0.05
2008.02.21 07:19:30.855,1.61935,1.61945,0.20,0.05
2008.02.21 07:19:31.010,1.61935,1.61945,0.20,0.05
2008.02.21 07:19:31.187,1.61935,1.61945,0.20,0.05
2008.02.21 07:19:31.366,1.61935,1.61945,0.20,0.05
2008.02.21 07:19:31.545,1.61935,1.61945,0.20,0.05
2008.02.21 07:19:31.723,1.61935,1.61945,0.20,0.05
2008.02.21 07:19:31.901,1.61935,1.61945,0.20,0.05
2008.02.21 07:19:32.081,1.61935,1.6194,0.20,0.20
2008.02.21 07:19:32.255,1.6193,1.6194,0.20,0.20
2008.02.21 07:19:32.429,1.6193,1.6194,0.20,0.20
2008.02.21 07:19:32.649,1.6193,1.6194,0.20,0.20
2008.02.21 07:19:32.957,1.6193,1.6194,0.20,0.20
2008.02.21 07:19:33.219,1.6193,1.6194,0.20,0.20
2008.02.21 07:19:33.387,1.6193,1.6194,0.20,0.20
2008.02.21 07:19:33.684,1.6193,1.6194,0.20,0.20
2008.02.21 07:19:35.889,1.6193,1.6194,0.20,0.20
2008.02.21 07:19:35.999,1.6193,1.6194,0.20,0.20
2008.02.21 07:19:36.107,1.6193,1.6194,0.20,0.20
2008.02.21 07:19:36.215,1.6193,1.6194,0.20,0.20
2008.02.21 07:19:36.848,1.61925,1.61935,0.20,0.05
2008.02.21 07:19:36.992,1.61925,1.61935,0.20,0.05
2008.02.21 07:19:37.143,1.61925,1.61935,0.20,0.05
2008.02.21 07:19:37.278,1.61925,1.61935,0.20,0.05
2008.02.21 07:19:37.721,1.61925,1.61935,0.20,0.05
2008.02.21 07:19:37.922,1.61925,1.61935,0.20,0.05
2008.02.21 07:19:38.137,1.61925,1.61935,0.20,0.05
2008.02.21 07:19:38.506,1.61925,1.61935,0.20,0.05
2008.02.21 07:19:39.432,1.61925,1.61935,0.20,0.05
2008.02.21 07:19:39.561,1.61925,1.61935,0.20,0.05
2008.02.21 07:19:39.690,1.61925,1.61935,0.20,0.05
2008.02.21 07:19:39.869,1.61935,1.61945,0.20,0.05
2008.02.21 07:19:40.049,1.61935,1.61945,0.20,0.05
2008.02.21 07:19:40.228,1.61935,1.61945,0.20,0.05
2008.02.21 07:19:40.407,1.61935,1.61945,0.20,0.05
2008.02.21 07:19:40.586,1.61935,1.61945,0.20,0.05
2008.02.21 07:19:40.765,1.61935,1.61945,0.20,0.05
2008.02.21 07:19:40.953,1.61935,1.61945,0.20,0.05
2008.02.21 07:19:41.152,1.61935,1.61945,0.20,0.05
2008.02.21 07:19:41.340,1.61935,1.61945,0.20,0.05
2008.02.21 07:19:41.529,1.61935,1.61945,0.20,0.05
2008.02.21 07:19:41.717,1.61935,1.61945,0.20,0.05
2008.02.21 07:19:41.891,1.61935,1.61945,0.20,0.05
2008.02.21 07:19:44.944,1.61935,1.61945,0.20,0.05
2008.02.21 07:19:45.039,1.61935,1.61945,0.20,0.05
2008.02.21 07:19:45.143,1.61935,1.61945,0.20,0.05
2008.02.21 07:19:45.249,1.61935,1.61945,0.20,0.05
2008.02.21 07:19:45.352,1.61935,1.61945,0.20,0.05
2008.02.21 07:19:45.457,1.61935,1.61945,0.20,0.05
2008.02.21 07:19:45.890,1.61935,1.61945,0.20,0.05
2008.02.21 07:19:46.061,1.61935,1.61945,0.20,0.05
2008.02.21 07:19:46.230,1.6194,1.6195,0.20,0.05
2008.02.21 07:19:46.399,1.6194,1.6195,0.20,0.05
2008.02.21 07:19:46.568,1.6194,1.6195,0.20,0.05
2008.02.21 07:19:46.736,1.6194,1.6195,0.20,0.05
2008.02.21 07:19:47.526,1.6194,1.6195,0.20,0.05
2008.02.21 07:19:47.683,1.6194,1.6195,0.20,0.05
2008.02.21 07:19:48.573,1.6194,1.6195,0.20,0.05
2008.02.21 07:19:49.939,1.6194,1.6195,0.20,0.05
2008.02.21 07:19:50.018,1.6194,1.6195,0.20,0.05
2008.02.21 07:19:50.155,1.6194,1.6195,0.20,0.05
2008.02.21 07:19:51.211,1.6194,1.6195,0.20,0.05
2008.02.21 07:19:51.335,1.6193,1.6194,0.20,0.05
2008.02.21 07:19:51.461,1.6193,1.6194,0.20,0.05
2008.02.21 07:19:51.585,1.61935,1.6195,0.20,0.20
2008.02.21 07:19:51.710,1.6193,1.6194,0.20,0.05
2008.02.21 07:19:51.834,1.6193,1.6194,0.20,0.20
2008.02.21 07:19:51.959,1.6193,1.6194,0.20,0.20
2008.02.21 07:19:52.082,1.6193,1.6194,0.20,0.20
2008.02.21 07:19:52.250,1.6193,1.6194,0.20,0.20
2008.02.21 07:19:52.418,1.6193,1.6194,0.20,0.20
2008.02.21 07:19:52.718,1.6193,1.6194,0.20,0.20
2008.02.21 07:19:52.932,1.6193,1.6194,0.20,0.20
2008.02.21 07:19:55.959,1.6193,1.6194,0.20,0.20
2008.02.21 07:19:56.880,1.6193,1.6194,0.20,0.20
2008.02.21 07:19:57.402,1.6193,1.6194,0.20,0.20
2008.02.21 07:19:58.388,1.6193,1.6194,0.20,0.20
2008.02.21 07:19:58.498,1.6193,1.6194,0.20,0.20
2008.02.21 07:19:58.606,1.6193,1.6194,0.20,0.20
2008.02.21 07:19:58.825,1.6192,1.6193,0.20,0.20
2008.02.21 07:19:59.054,1.61925,1.61935,0.20,0.05
2008.02.21 07:19:59.265,1.61925,1.61935,0.20,0.05
2008.02.21 07:19:59.484,1.6193,1.6194,0.20,0.20
2008.02.21 07:19:59.712,1.6193,1.6194,0.20,0.20
2008.02.21 07:20:00.639,1.6193,1.6194,0.20,0.20
2008.02.21 07:20:01.424,1.6193,1.6194,0.20,0.20
2008.02.21 07:20:01.558,1.6193,1.6194,0.20,0.20
2008.02.21 07:20:01.692,1.6193,1.6194,0.20,0.20
2008.02.21 07:20:01.977,1.6193,1.6194,0.20,0.20
2008.02.21 07:20:02.130,1.6193,1.6194,0.20,0.20
2008.02.21 07:20:02.284,1.6193,1.6194,0.20,0.20
2008.02.21 07:20:02.438,1.6193,1.6194,0.20,0.20
2008.02.21 07:20:02.592,1.6193,1.6194,0.20,0.20
2008.02.21 07:20:02.745,1.6192,1.61935,0.20,0.05
2008.02.21 07:20:02.898,1.6192,1.6193,0.20,0.20
2008.02.21 07:20:03.136,1.6192,1.6193,0.20,0.20
2008.02.21 07:20:03.374,1.6192,1.6193,0.20,0.20
2008.02.21 07:20:03.612,1.6192,1.6193,0.20,0.20
2008.02.21 07:20:03.851,1.6192,1.6193,0.20,0.20
2008.02.21 07:20:04.462,1.6192,1.6193,0.20,0.20
2008.02.21 07:20:04.926,1.6192,1.6193,0.20,0.20
2008.02.21 07:20:07.170,1.6192,1.6193,0.20,0.20
2008.02.21 07:20:11.390,1.6191,1.6192,8.10,0.05
2008.02.21 07:20:11.486,1.61915,1.6192,0.10,0.05
2008.02.21 07:20:11.674,1.61915,1.6192,0.10,0.05
2008.02.21 07:20:11.767,1.61915,1.6192,0.10,0.05
2008.02.21 07:20:11.877,1.61915,1.6192,0.10,0.05
2008.02.21 07:20:11.982,1.61915,1.61925,0.30,0.05
2008.02.21 07:20:12.075,1.61915,1.61925,0.30,0.05
2008.02.21 07:20:12.169,1.61915,1.61925,0.20,0.05
2008.02.21 07:20:12.297,1.61915,1.61925,0.20,0.05
2008.02.21 07:20:12.392,1.61915,1.61925,0.20,0.05
2008.02.21 07:20:12.485,1.61915,1.61925,0.20,0.05
2008.02.21 07:20:12.738,1.61915,1.61925,0.20,0.05
2008.02.21 07:20:12.991,1.61915,1.61925,0.20,0.05
2008.02.21 07:20:13.245,1.61915,1.61925,0.20,0.05
2008.02.21 07:20:13.499,1.61915,1.61925,0.20,0.05
2008.02.21 07:20:13.697,1.61915,1.61925,0.20,0.05
2008.02.21 07:20:13.895,1.61915,1.61925,0.20,0.05
2008.02.21 07:20:14.417,1.6191,1.61925,0.20,0.05
2008.02.21 07:20:14.588,1.6191,1.61925,0.20,0.05
2008.02.21 07:20:14.738,1.6191,1.61925,0.20,0.05
2008.02.21 07:20:14.896,1.6191,1.61925,0.40,0.05
2008.02.21 07:20:15.044,1.6191,1.61925,0.40,0.05
2008.02.21 07:20:15.192,1.6191,1.61925,0.40,0.05
2008.02.21 07:20:15.341,1.6191,1.61925,0.20,0.05
2008.02.21 07:20:15.490,1.6191,1.61925,0.20,0.05
2008.02.21 07:20:15.750,1.61905,1.6192,10.50,0.05
2008.02.21 07:20:16.010,1.6191,1.6192,0.20,0.05
2008.02.21 07:20:16.277,1.6191,1.61915,0.20,0.05
2008.02.21 07:20:16.537,1.619,1.61915,8.10,0.05
2008.02.21 07:20:16.724,1.6191,1.6192,0.20,0.20
2008.02.21 07:20:16.907,1.6191,1.6192,0.20,0.20
2008.02.21 07:20:17.091,1.6191,1.6192,0.20,0.20
2008.02.21 07:20:17.274,1.6191,1.6192,0.20,0.20
2008.02.21 07:20:17.458,1.6191,1.6192,0.20,0.20
2008.02.21 07:20:17.651,1.6191,1.6192,0.20,0.20
2008.02.21 07:20:17.844,1.6191,1.6192,0.20,0.20
2008.02.21 07:20:18.038,1.6191,1.6192,0.20,0.20
2008.02.21 07:20:18.240,1.6191,1.6192,0.20,0.20
2008.02.21 07:20:18.425,1.61915,1.6192,0.20,0.20
2008.02.21 07:20:18.619,1.6192,1.6193,0.20,0.20
2008.02.21 07:20:18.798,1.61925,1.6193,0.20,0.20
2008.02.21 07:20:18.976,1.61915,1.6193,0.20,0.20
2008.02.21 07:20:19.166,1.61915,1.6193,0.20,0.20
2008.02.21 07:20:19.334,1.61915,1.6193,0.20,0.20
2008.02.21 07:20:19.515,1.61915,1.6193,0.20,0.20
2008.02.21 07:20:19.931,1.61915,1.6193,0.20,0.20
2008.02.21 07:20:20.137,1.61925,1.6193,0.20,0.20
2008.02.21 07:20:20.336,1.61915,1.6193,0.20,0.20
2008.02.21 07:20:20.880,1.61915,1.6193,0.20,0.20
2008.02.21 07:20:21.054,1.61915,1.6193,0.20,0.20
2008.02.21 07:20:21.229,1.61915,1.6193,0.20,0.20
2008.02.21 07:20:21.401,1.61915,1.6193,0.20,0.20
2008.02.21 07:20:21.516,1.61915,1.6193,0.20,0.20
2008.02.21 07:20:21.575,1.61915,1.6193,0.20,0.20
2008.02.21 07:20:21.774,1.61915,1.6193,0.20,0.20
2008.02.21 07:20:21.981,1.61915,1.6193,0.20,0.20
2008.02.21 07:20:22.198,1.61915,1.6193,0.20,0.20
2008.02.21 07:20:22.398,1.61915,1.6193,0.20,0.20
2008.02.21 07:20:22.908,1.61915,1.6193,0.20,0.20
2008.02.21 07:20:23.172,1.61915,1.6193,0.20,0.20
2008.02.21 07:20:23.350,1.61915,1.6193,0.20,0.20
2008.02.21 07:20:23.520,1.61915,1.6193,0.20,0.20
2008.02.21 07:20:23.689,1.6191,1.6192,0.20,0.05
2008.02.21 07:20:23.792,1.6191,1.6192,0.20,0.20
2008.02.21 07:20:23.897,1.6191,1.6192,0.20,0.20
2008.02.21 07:20:24.000,1.6191,1.6192,0.20,0.20
2008.02.21 07:20:24.105,1.6191,1.6192,0.20,0.20
2008.02.21 07:20:24.208,1.6191,1.6192,0.20,0.20
2008.02.21 07:20:24.395,1.6191,1.6192,0.20,0.20
2008.02.21 07:20:24.709,1.6191,1.6192,0.20,0.20
2008.02.21 07:20:25.220,1.6191,1.6192,0.20,0.20
2008.02.21 07:20:27.176,1.6191,1.6192,0.20,0.20
2008.02.21 07:20:28.959,1.6191,1.6192,0.40,0.20
2008.02.21 07:20:29.084,1.6191,1.6192,0.40,0.20
2008.02.21 07:20:29.206,1.6191,1.6192,0.40,0.20
2008.02.21 07:20:29.452,1.6191,1.6192,0.40,0.20
2008.02.21 07:20:29.663,1.6191,1.6192,0.40,0.20
2008.02.21 07:20:29.783,1.6191,1.6192,0.40,0.20
2008.02.21 07:20:30.118,1.6191,1.6192,0.40,0.20
2008.02.21 07:20:30.451,1.6191,1.6192,0.20,0.20
2008.02.21 07:20:30.785,1.6191,1.6192,0.20,0.20
2008.02.21 07:20:31.119,1.6191,1.6192,0.40,0.20
2008.02.21 07:20:31.303,1.6191,1.6192,0.40,0.20
2008.02.21 07:20:31.486,1.6191,1.6192,0.40,0.20
2008.02.21 07:20:31.680,1.6192,1.61925,0.20,0.20
2008.02.21 07:20:31.855,1.6192,1.61935,0.20,0.05
2008.02.21 07:20:32.044,1.6192,1.61935,0.20,0.05
2008.02.21 07:20:32.232,1.6192,1.6193,0.20,0.05
2008.02.21 07:20:32.422,1.6192,1.61935,0.20,0.05
2008.02.21 07:20:32.611,1.6192,1.61935,0.20,0.05
2008.02.21 07:20:32.800,1.6192,1.61935,0.20,0.05
2008.02.21 07:20:33.102,1.61925,1.6194,0.20,0.20
2008.02.21 07:20:33.337,1.61925,1.6194,0.20,0.05
2008.02.21 07:20:33.571,1.61915,1.6193,0.20,0.05
2008.02.21 07:20:33.805,1.6191,1.61925,0.70,0.05
2008.02.21 07:20:34.039,1.61915,1.6193,0.20,0.05
2008.02.21 07:20:34.248,1.61915,1.6193,0.20,0.05
2008.02.21 07:20:34.468,1.61915,1.6193,0.20,0.05
2008.02.21 07:20:34.668,1.61915,1.6193,4.70,0.05
2008.02.21 07:20:34.878,1.61915,1.6193,3.10,0.05
2008.02.21 07:20:35.137,1.6193,1.61945,0.20,4.00
2008.02.21 07:20:35.351,1.6193,1.61945,0.20,0.05
2008.02.21 07:20:35.567,1.61925,1.6193,0.20,0.20
2008.02.21 07:20:35.781,1.61915,1.6193,0.20,0.20
2008.02.21 07:20:35.994,1.61915,1.6193,0.20,0.20
2008.02.21 07:20:36.279,1.61915,1.61925,0.20,0.05
2008.02.21 07:20:36.563,1.6191,1.61925,0.20,0.05
2008.02.21 07:20:36.846,1.61915,1.61925,0.20,0.05
2008.02.21 07:20:37.130,1.61915,1.61925,0.20,0.05
2008.02.21 07:20:37.299,1.61915,1.61925,0.20,0.05
2008.02.21 07:20:37.490,1.61915,1.61925,0.20,0.05
2008.02.21 07:20:37.966,1.61915,1.61925,0.20,0.05
2008.02.21 07:20:38.134,1.6191,1.61925,0.20,0.05
2008.02.21 07:20:38.273,1.6191,1.61925,0.20,0.05
2008.02.21 07:20:38.422,1.61915,1.61925,0.20,0.05
2008.02.21 07:20:38.561,1.61915,1.61925,0.20,0.05
2008.02.21 07:20:38.700,1.61915,1.61925,0.20,0.05
2008.02.21 07:20:38.839,1.61915,1.61925,0.20,0.05
2008.02.21 07:20:38.978,1.61915,1.6192,0.20,0.20
2008.02.21 07:20:39.126,1.61915,1.6192,0.20,0.20
2008.02.21 07:20:39.255,1.61915,1.6192,0.20,0.20
2008.02.21 07:20:39.495,1.6191,1.6192,0.40,0.20
2008.02.21 07:20:39.736,1.6191,1.6192,0.40,0.20
2008.02.21 07:20:39.973,1.6191,1.6192,0.40,0.20
2008.02.21 07:20:40.211,1.6191,1.6192,0.40,0.20
2008.02.21 07:20:40.436,1.6191,1.6192,0.40,0.20
2008.02.21 07:20:40.657,1.619,1.61915,4.20,0.05
2008.02.21 07:20:40.875,1.619,1.61915,3.30,0.05
2008.02.21 07:20:41.095,1.619,1.61915,3.00,0.05
2008.02.21 07:20:41.322,1.619,1.61915,1.60,0.05
2008.02.21 07:20:41.517,1.619,1.61915,3.90,0.05
2008.02.21 07:20:41.723,1.6191,1.6192,0.20,0.20
2008.02.21 07:20:41.926,1.6191,1.6192,0.20,0.20
2008.02.21 07:20:42.748,1.6191,1.6192,0.20,0.20
2008.02.21 07:20:44.392,1.6191,1.6192,0.20,0.20
2008.02.21 07:20:45.363,1.6191,1.6192,0.20,0.20
2008.02.21 07:20:45.518,1.6191,1.6192,0.20,0.20
2008.02.21 07:20:45.670,1.6191,1.6192,0.20,0.20
2008.02.21 07:20:45.824,1.6191,1.6192,0.20,0.20
2008.02.21 07:20:46.691,1.6191,1.6192,0.20,0.20
2008.02.21 07:20:46.988,1.6191,1.6192,0.20,0.20
2008.02.21 07:20:47.182,1.6191,1.6192,0.40,0.05
2008.02.21 07:20:47.287,1.6191,1.6192,0.40,0.05
2008.02.21 07:20:47.390,1.6191,1.6192,0.40,0.05
2008.02.21 07:20:47.495,1.6191,1.6192,0.40,0.05
2008.02.21 07:20:49.114,1.6191,1.6192,0.40,0.05
2008.02.21 07:20:49.283,1.6191,1.6192,0.40,0.05
2008.02.21 07:20:49.595,1.6191,1.6192,0.40,0.05
2008.02.21 07:20:50.015,1.6191,1.6192,0.40,0.05
2008.02.21 07:20:50.422,1.6191,1.6192,0.40,0.05
2008.02.21 07:20:50.637,1.6191,1.6192,0.40,0.05
2008.02.21 07:20:50.801,1.6191,1.6192,0.20,0.20
2008.02.21 07:20:50.964,1.6191,1.6192,0.20,0.20
2008.02.21 07:20:51.127,1.6191,1.6192,0.20,0.20
2008.02.21 07:20:51.292,1.6191,1.6192,0.20,0.20
2008.02.21 07:20:51.455,1.6191,1.6192,0.20,0.20
2008.02.21 07:20:51.619,1.61915,1.6192,0.20,0.20
2008.02.21 07:20:51.784,1.61915,1.61925,0.20,0.05
2008.02.21 07:20:52.057,1.61915,1.61925,0.20,0.05
2008.02.21 07:20:52.330,1.61915,1.61925,0.20,0.05
2008.02.21 07:20:52.578,1.61915,1.61925,0.20,0.05
2008.02.21 07:20:52.604,1.6191,1.6192,0.20,0.05
2008.02.21 07:20:52.878,1.6191,1.6192,0.20,0.20
2008.02.21 07:20:52.997,1.6191,1.6192,0.20,0.20
2008.02.21 07:20:53.116,1.61915,1.6192,0.20,0.20
2008.02.21 07:20:53.235,1.61915,1.6192,0.20,0.20
2008.02.21 07:20:53.414,1.61915,1.6192,0.20,0.20
2008.02.21 07:20:53.923,1.61915,1.6192,0.20,0.20
2008.02.21 07:20:54.239,1.61915,1.6192,0.20,0.20
2008.02.21 07:20:58.935,1.61915,1.6192,0.20,0.20
2008.02.21 07:20:58.983,1.61915,1.6192,0.20,0.20
2008.02.21 07:20:59.044,1.61915,1.6192,0.20,0.20
2008.02.21 07:20:59.195,1.61915,1.6192,0.20,0.20
2008.02.21 07:20:59.418,1.61915,1.61925,0.20,0.30
2008.02.21 07:20:59.643,1.61915,1.61925,0.20,0.30
2008.02.21 07:20:59.867,1.61915,1.6192,0.20,0.20
2008.02.21 07:21:00.092,1.61915,1.6192,0.20,0.20
2008.02.21 07:21:00.318,1.6191,1.6192,0.20,0.20
2008.02.21 07:21:00.622,1.6191,1.6192,0.20,0.20
2008.02.21 07:21:00.926,1.6191,1.6192,0.20,0.20
2008.02.21 07:21:01.229,1.6191,1.6192,0.20,0.20
2008.02.21 07:21:01.532,1.6191,1.6192,0.20,0.20
2008.02.21 07:21:01.757,1.619,1.6191,1.50,0.05
2008.02.21 07:21:01.980,1.6189,1.619,0.20,0.20
2008.02.21 07:21:02.204,1.6189,1.619,0.20,0.05
2008.02.21 07:21:02.428,1.61875,1.6189,4.80,0.05
2008.02.21 07:21:02.692,1.6188,1.61895,0.20,0.05
2008.02.21 07:21:02.936,1.6188,1.61895,0.20,0.05
2008.02.21 07:21:03.200,1.6188,1.6189,0.20,0.20
2008.02.21 07:21:03.454,1.6189,1.619,0.20,0.20
2008.02.21 07:21:03.622,1.6188,1.61895,0.20,0.05
2008.02.21 07:21:03.792,1.6188,1.61895,0.20,0.05
2008.02.21 07:21:03.960,1.6188,1.6189,0.20,0.20
2008.02.21 07:21:04.129,1.6188,1.6189,0.20,0.20
2008.02.21 07:21:04.298,1.6188,1.6189,0.20,0.20
2008.02.21 07:21:04.467,1.6188,1.6189,0.20,0.20
2008.02.21 07:21:04.666,1.6188,1.6189,0.20,0.20
2008.02.21 07:21:04.865,1.61875,1.61885,0.20,0.05
2008.02.21 07:21:05.064,1.6187,1.61885,0.20,0.05
2008.02.21 07:21:05.264,1.61865,1.61875,4.40,0.05
2008.02.21 07:21:05.463,1.61865,1.61875,2.30,0.05
2008.02.21 07:21:05.767,1.6187,1.61885,0.20,0.05
2008.02.21 07:21:06.405,1.6187,1.61885,0.20,0.05
2008.02.21 07:21:06.712,1.61865,1.61875,1.00,0.05
2008.02.21 07:21:06.874,1.61865,1.61875,0.20,0.05
2008.02.21 07:21:07.020,1.61865,1.61875,0.20,0.05
2008.02.21 07:21:07.174,1.61865,1.61875,0.20,0.05
2008.02.21 07:21:07.327,1.61865,1.61875,0.20,0.05
2008.02.21 07:21:07.492,1.6186,1.6187,0.20,0.05
2008.02.21 07:21:07.750,1.61875,1.61885,0.20,4.00
2008.02.21 07:21:08.009,1.61875,1.61885,0.20,0.05
2008.02.21 07:21:08.268,1.61865,1.6188,4.10,0.05
2008.02.21 07:21:08.527,1.6188,1.6189,0.20,0.20
2008.02.21 07:21:08.771,1.61875,1.61885,0.20,0.05
2008.02.21 07:21:09.016,1.6187,1.61885,0.20,0.05
2008.02.21 07:21:09.260,1.6186,1.61865,5.40,0.05
2008.02.21 07:21:09.504,1.6187,1.61885,0.20,2.40
2008.02.21 07:21:09.748,1.6186,1.6187,0.70,0.05
2008.02.21 07:21:09.976,1.6186,1.6187,0.20,0.05
2008.02.21 07:21:10.200,1.61865,1.6188,1.30,0.05
2008.02.21 07:21:10.424,1.61865,1.61875,2.10,0.05
2008.02.21 07:21:10.648,1.61865,1.61875,4.10,0.05
2008.02.21 07:21:10.912,1.61865,1.6187,0.20,0.20
2008.02.21 07:21:11.176,1.6186,1.6187,0.20,0.20
2008.02.21 07:21:11.439,1.6186,1.6187,0.20,0.05
2008.02.21 07:21:11.704,1.61865,1.61875,0.20,0.05
2008.02.21 07:21:11.928,1.61855,1.61865,0.20,0.05
2008.02.21 07:21:12.152,1.61855,1.61865,0.20,0.05
2008.02.21 07:21:12.376,1.61855,1.61865,0.20,0.05
2008.02.21 07:21:12.599,1.61855,1.61865,0.20,0.05
2008.02.21 07:21:12.823,1.61855,1.61865,0.20,0.05
2008.02.21 07:21:12.982,1.61855,1.61865,0.20,0.05
2008.02.21 07:21:13.141,1.6185,1.61865,0.20,0.05
2008.02.21 07:21:13.308,1.6185,1.61865,0.40,0.05
2008.02.21 07:21:13.467,1.6185,1.61865,0.40,0.05
2008.02.21 07:21:13.626,1.6185,1.61865,0.20,0.05
2008.02.21 07:21:13.786,1.61855,1.6187,0.20,0.20
2008.02.21 07:21:13.970,1.6186,1.6187,0.20,0.05
2008.02.21 07:21:14.155,1.61865,1.61875,0.20,0.05
2008.02.21 07:21:14.340,1.61865,1.61875,0.20,0.05
2008.02.21 07:21:14.526,1.6187,1.6188,0.20,0.05
2008.02.21 07:21:14.710,1.6186,1.6187,0.20,0.05
2008.02.21 07:21:14.888,1.6186,1.6187,0.20,0.05
2008.02.21 07:21:15.067,1.6186,1.6187,0.20,0.05
2008.02.21 07:21:15.246,1.61865,1.6188,0.20,0.05
2008.02.21 07:21:15.424,1.61865,1.6188,0.20,0.05
2008.02.21 07:21:15.721,1.61865,1.6188,0.20,0.05
2008.02.21 07:21:15.970,1.61865,1.6188,0.20,0.05
2008.02.21 07:21:16.218,1.6186,1.6187,0.20,0.05
2008.02.21 07:21:16.468,1.6186,1.6187,0.20,0.05
2008.02.21 07:21:16.716,1.61865,1.6188,0.20,0.05
2008.02.21 07:21:16.865,1.61865,1.6188,0.20,0.05
2008.02.21 07:21:17.148,1.6185,1.61855,0.90,0.05
2008.02.21 07:21:17.303,1.61845,1.61855,0.20,0.05
2008.02.21 07:21:17.452,1.6187,1.61875,0.20,1.60
2008.02.21 07:21:17.603,1.6187,1.6188,0.20,1.60
2008.02.21 07:21:17.752,1.61865,1.61875,0.20,0.05
2008.02.21 07:21:17.891,1.6186,1.6187,0.20,0.05
2008.02.21 07:21:18.030,1.6186,1.6187,0.20,0.05
2008.02.21 07:21:18.180,1.6185,1.61865,0.20,0.05
2008.02.21 07:21:18.309,1.6185,1.61865,0.20,0.05
2008.02.21 07:21:18.448,1.61865,1.61875,0.20,1.60
2008.02.21 07:21:18.597,1.61865,1.6188,0.20,0.05
2008.02.21 07:21:18.727,1.6186,1.6187,0.20,0.05
2008.02.21 07:21:18.865,1.6186,1.6187,0.20,0.05
2008.02.21 07:21:19.084,1.6186,1.6187,0.20,0.05
2008.02.21 07:21:19.305,1.61855,1.6187,0.20,0.20
2008.02.21 07:21:19.524,1.61855,1.6187,0.20,0.20
2008.02.21 07:21:19.754,1.61865,1.6187,0.20,0.20
2008.02.21 07:21:19.971,1.61865,1.6187,0.20,0.20
2008.02.21 07:21:20.189,1.61865,1.6187,0.20,0.20
2008.02.21 07:21:20.408,1.6185,1.6186,4.20,0.05
2008.02.21 07:21:20.628,1.6185,1.6186,0.20,0.20
2008.02.21 07:21:20.845,1.6185,1.6186,0.20,0.20
2008.02.21 07:21:21.059,1.6185,1.6186,0.20,0.20
2008.02.21 07:21:21.273,1.61855,1.6186,0.20,0.20
2008.02.21 07:21:21.488,1.61855,1.6186,0.20,0.20
2008.02.21 07:21:21.701,1.6185,1.6186,0.20,0.20
2008.02.21 07:21:21.916,1.6185,1.61865,0.20,4.00
2008.02.21 07:21:22.120,1.6185,1.6186,0.20,0.20
2008.02.21 07:21:22.324,1.6185,1.6186,0.20,0.20
2008.02.21 07:21:22.676,1.6185,1.6186,0.20,0.20
2008.02.21 07:21:23.175,1.6185,1.6186,0.20,0.20
2008.02.21 07:21:23.685,1.6185,1.6186,0.20,0.20
2008.02.21 07:21:23.898,1.6185,1.6186,0.20,0.20
2008.02.21 07:21:24.049,1.6185,1.6186,0.20,0.20
2008.02.21 07:21:24.628,1.6185,1.6186,0.20,0.20
2008.02.21 07:21:24.709,1.6185,1.6186,0.20,0.20
2008.02.21 07:21:24.792,1.6185,1.6186,0.20,0.20
2008.02.21 07:21:24.919,1.6185,1.6186,0.20,0.20
2008.02.21 07:21:25.063,1.61855,1.61865,0.20,4.00
2008.02.21 07:21:25.220,1.61855,1.61865,0.20,0.05
2008.02.21 07:21:25.355,1.61855,1.6186,0.20,0.20
2008.02.21 07:21:25.499,1.6184,1.6185,0.20,0.05
2008.02.21 07:21:25.655,1.61835,1.61845,0.20,0.05
2008.02.21 07:21:25.799,1.61835,1.61845,0.20,0.05
2008.02.21 07:21:25.943,1.61825,1.6184,0.20,0.05
2008.02.21 07:21:26.277,1.6182,1.61835,0.20,0.05
2008.02.21 07:21:26.611,1.6182,1.6183,0.20,0.20
2008.02.21 07:21:26.946,1.61825,1.6183,8.00,0.05
2008.02.21 07:21:27.099,1.6182,1.6183,0.20,0.20
2008.02.21 07:21:27.254,1.6182,1.6183,0.20,0.05
2008.02.21 07:21:27.452,1.6182,1.6183,0.20,0.05
2008.02.21 07:21:27.610,1.6182,1.6183,0.20,0.05
2008.02.21 07:21:27.762,1.6182,1.6183,0.20,0.05
2008.02.21 07:21:27.919,1.6182,1.6183,0.20,0.05
2008.02.21 07:21:28.199,1.6182,1.6183,0.20,0.05
2008.02.21 07:21:28.533,1.6182,1.6183,0.20,0.05
2008.02.21 07:21:28.867,1.6183,1.61845,8.10,5.60
2008.02.21 07:21:29.202,1.6183,1.6184,0.20,0.05
2008.02.21 07:21:29.395,1.6182,1.61825,8.10,0.05
2008.02.21 07:21:29.590,1.61815,1.61825,0.20,0.05
2008.02.21 07:21:29.783,1.61815,1.61825,0.20,0.05
2008.02.21 07:21:29.977,1.61815,1.61825,10.50,0.05
2008.02.21 07:21:30.172,1.61815,1.61825,10.50,0.05
2008.02.21 07:21:30.365,1.61825,1.61835,0.20,0.05
2008.02.21 07:21:30.560,1.61825,1.61835,0.20,0.05
2008.02.21 07:21:30.753,1.61825,1.61835,0.20,0.05
2008.02.21 07:21:30.949,1.61825,1.61835,0.20,0.05
2008.02.21 07:21:31.142,1.61825,1.61835,0.20,0.05
2008.02.21 07:21:31.466,1.61825,1.61835,0.20,0.05
2008.02.21 07:21:31.790,1.61825,1.61835,0.20,0.05
2008.02.21 07:21:32.114,1.61825,1.61835,0.20,0.05
2008.02.21 07:21:32.343,1.6183,1.6184,0.20,0.20
2008.02.21 07:21:32.583,1.6183,1.6184,0.20,0.20
2008.02.21 07:21:32.811,1.6183,1.6184,0.20,0.20
2008.02.21 07:21:33.041,1.6183,1.6184,0.40,0.20
2008.02.21 07:21:33.271,1.61835,1.61845,0.20,0.05
2008.02.21 07:21:33.570,1.6185,1.6186,0.20,0.05
2008.02.21 07:21:33.877,1.6185,1.6186,0.20,0.05
2008.02.21 07:21:34.167,1.6185,1.6186,0.20,0.05
2008.02.21 07:21:34.386,1.61855,1.61865,0.20,0.05
2008.02.21 07:21:34.615,1.61855,1.61865,0.20,0.05
2008.02.21 07:21:34.836,1.6183,1.61845,1.70,0.05
2008.02.21 07:21:35.056,1.61845,1.61855,0.20,0.80
2008.02.21 07:21:35.282,1.61845,1.61855,0.20,0.05
2008.02.21 07:21:35.536,1.61845,1.6186,0.20,0.05
2008.02.21 07:21:35.791,1.6185,1.6186,0.20,0.05
2008.02.21 07:21:36.044,1.6185,1.6186,0.20,0.05
2008.02.21 07:21:36.297,1.6185,1.6186,0.20,0.05
2008.02.21 07:21:36.475,1.6185,1.6186,0.20,0.05
2008.02.21 07:21:36.693,1.6185,1.6186,0.20,0.05
2008.02.21 07:21:36.904,1.6185,1.6186,0.20,0.05
2008.02.21 07:21:37.203,1.6185,1.6186,0.20,0.05
2008.02.21 07:21:37.427,1.6185,1.6186,0.20,0.05
2008.02.21 07:21:37.583,1.61845,1.6186,0.20,0.05
2008.02.21 07:21:37.737,1.61845,1.6186,0.20,0.05
2008.02.21 07:21:37.905,1.61845,1.6186,0.20,0.05
2008.02.21 07:21:38.059,1.61845,1.61855,0.20,4.00
2008.02.21 07:21:38.212,1.61845,1.6185,0.20,0.20
2008.02.21 07:21:38.384,1.61845,1.6185,0.20,0.20
2008.02.21 07:21:38.619,1.61845,1.61855,0.20,0.05
2008.02.21 07:21:38.854,1.61845,1.61855,0.20,0.05
2008.02.21 07:21:39.088,1.61845,1.61855,0.20,0.05
2008.02.21 07:21:39.323,1.61845,1.61855,0.20,0.05
2008.02.21 07:21:39.556,1.61845,1.61855,0.20,0.05
2008.02.21 07:21:39.695,1.61845,1.61855,0.20,0.05
2008.02.21 07:21:39.883,1.61845,1.61855,0.20,0.05
2008.02.21 07:21:40.177,1.61845,1.61855,0.20,0.05
2008.02.21 07:21:40.317,1.61845,1.61855,0.20,0.05
2008.02.21 07:21:40.456,1.61845,1.61855,8.10,0.05
2008.02.21 07:21:40.790,1.61845,1.61855,8.10,0.05
2008.02.21 07:21:41.124,1.61845,1.61855,8.10,0.05
2008.02.21 07:21:41.967,1.61845,1.61855,8.10,0.05
2008.02.21 07:21:42.432,1.61845,1.61855,8.10,0.05
2008.02.21 07:21:42.661,1.6185,1.61865,0.20,1.60
2008.02.21 07:21:42.884,1.6185,1.61865,0.20,0.05
2008.02.21 07:21:43.601,1.61845,1.61855,8.10,0.05
2008.02.21 07:21:43.830,1.61845,1.61855,0.20,0.05
2008.02.21 07:21:44.060,1.61845,1.61855,0.20,0.05
2008.02.21 07:21:44.288,1.61845,1.61855,0.20,0.05
2008.02.21 07:21:44.516,1.61845,1.61855,0.20,0.05
2008.02.21 07:21:44.746,1.61845,1.6185,0.20,0.20
2008.02.21 07:21:44.958,1.61845,1.6185,0.20,0.20
2008.02.21 07:21:45.153,1.61845,1.6185,0.20,0.20
2008.02.21 07:21:45.365,1.61845,1.6185,0.20,0.20
2008.02.21 07:21:45.561,1.61845,1.61855,0.20,0.05
2008.02.21 07:21:45.709,1.61845,1.61855,0.20,0.05
2008.02.21 07:21:45.754,1.6184,1.61855,0.20,0.05
2008.02.21 07:21:45.948,1.61845,1.61855,0.20,0.05
2008.02.21 07:21:46.143,1.61845,1.61855,0.20,0.05
2008.02.21 07:21:46.336,1.61845,1.61855,0.20,0.05
2008.02.21 07:21:46.530,1.61845,1.61855,0.20,0.05
2008.02.21 07:21:46.724,1.61845,1.61855,0.20,0.05
2008.02.21 07:21:47.058,1.61845,1.61855,0.20,0.05
2008.02.21 07:21:47.392,1.6185,1.6186,0.20,0.20
2008.02.21 07:21:47.726,1.6185,1.6186,0.20,0.20
2008.02.21 07:21:47.914,1.6184,1.6185,8.10,0.05
2008.02.21 07:21:48.102,1.6184,1.6185,0.20,0.05
2008.02.21 07:21:48.291,1.6184,1.6185,0.20,0.05
2008.02.21 07:21:48.479,1.6184,1.6185,0.20,0.05
2008.02.21 07:21:48.668,1.6184,1.6185,0.20,0.05
2008.02.21 07:21:48.888,1.6184,1.6185,0.20,0.05
2008.02.21 07:21:49.107,1.6184,1.6185,0.20,0.05
2008.02.21 07:21:49.325,1.61845,1.61855,0.20,0.05
2008.02.21 07:21:49.647,1.61845,1.61855,0.20,0.05
2008.02.21 07:21:49.866,1.61845,1.6185,0.20,0.20
2008.02.21 07:21:50.094,1.61845,1.6185,0.20,0.20
2008.02.21 07:21:50.324,1.6184,1.6185,0.20,0.20
2008.02.21 07:21:50.552,1.6184,1.6185,0.20,0.20
2008.02.21 07:21:50.781,1.6184,1.6185,0.20,0.20
2008.02.21 07:21:51.050,1.6184,1.6185,0.20,0.20
2008.02.21 07:21:51.400,1.6184,1.6185,0.20,0.20
2008.02.21 07:21:51.902,1.6184,1.6185,0.20,0.20
2008.02.21 07:21:52.082,1.6184,1.6185,0.20,0.05
2008.02.21 07:21:52.261,1.61845,1.61855,0.20,0.05
2008.02.21 07:21:52.441,1.61845,1.61855,0.20,0.05
2008.02.21 07:21:52.620,1.61845,1.61855,0.20,0.05
2008.02.21 07:21:52.805,1.61845,1.6185,0.20,0.20
2008.02.21 07:21:53.039,1.61845,1.61855,0.20,0.05
2008.02.21 07:21:53.273,1.61845,1.61855,0.20,0.05
2008.02.21 07:21:53.670,1.61845,1.61855,0.20,0.05
2008.02.21 07:21:54.385,1.61845,1.61855,0.20,0.05
2008.02.21 07:21:55.588,1.61845,1.61855,0.20,0.05
2008.02.21 07:21:55.668,1.6185,1.6186,0.20,0.05
2008.02.21 07:21:55.747,1.6185,1.6186,8.10,0.05
2008.02.21 07:21:55.873,1.6185,1.6186,8.10,0.05
2008.02.21 07:21:55.984,1.6185,1.6186,8.10,0.05
2008.02.21 07:21:56.103,1.6185,1.6186,8.30,0.05
2008.02.21 07:21:56.222,1.6186,1.6187,0.20,0.20
2008.02.21 07:21:56.341,1.6186,1.6187,0.20,0.20
2008.02.21 07:21:56.459,1.6185,1.6186,8.30,0.05
2008.02.21 07:21:56.578,1.6185,1.6186,0.40,0.05
2008.02.21 07:21:56.697,1.6185,1.6186,0.20,0.05
2008.02.21 07:21:56.816,1.6185,1.6186,0.20,0.05
2008.02.21 07:21:57.151,1.6185,1.6186,0.20,0.05
2008.02.21 07:21:57.483,1.6185,1.6186,0.20,0.05
2008.02.21 07:21:57.817,1.6185,1.6186,0.20,0.05
2008.02.21 07:21:58.158,1.6185,1.6186,0.20,0.20
2008.02.21 07:21:58.298,1.6185,1.6186,0.20,0.20
2008.02.21 07:21:58.438,1.6185,1.6186,0.20,0.20
2008.02.21 07:21:58.643,1.6185,1.6186,0.20,0.20
2008.02.21 07:21:58.781,1.61845,1.61855,0.20,0.05
2008.02.21 07:21:58.940,1.61845,1.61855,0.20,0.05
2008.02.21 07:21:59.160,1.61845,1.61855,0.20,0.05
2008.02.21 07:21:59.435,1.61845,1.61855,0.20,0.05
2008.02.21 07:21:59.489,1.61845,1.61855,0.20,0.05
2008.02.21 07:21:59.544,1.61845,1.61855,0.20,0.05
2008.02.21 07:21:59.670,1.6185,1.61855,0.20,0.05
2008.02.21 07:21:59.723,1.6185,1.61855,0.20,0.05
2008.02.21 07:21:59.827,1.6185,1.61855,0.20,0.05
2008.02.21 07:21:59.981,1.6185,1.61855,0.20,0.05
2008.02.21 07:22:00.315,1.6185,1.61855,0.20,0.05
2008.02.21 07:22:00.649,1.6185,1.6186,0.40,0.05
2008.02.21 07:22:00.984,1.6185,1.6186,0.40,0.20
2008.02.21 07:22:01.167,1.6185,1.6186,0.40,0.20
2008.02.21 07:22:01.350,1.6185,1.6186,0.40,0.05
2008.02.21 07:22:01.535,1.6185,1.6186,0.40,0.05
2008.02.21 07:22:01.720,1.6186,1.6187,0.20,0.20
2008.02.21 07:22:01.904,1.6186,1.6187,0.40,0.20
2008.02.21 07:22:02.091,1.6186,1.6187,0.40,0.20
2008.02.21 07:22:02.359,1.6186,1.6187,0.40,0.20
2008.02.21 07:22:02.629,1.61855,1.61865,0.20,0.05
2008.02.21 07:22:02.898,1.6185,1.61865,0.40,0.05
2008.02.21 07:22:03.167,1.6185,1.61865,0.20,0.05
2008.02.21 07:22:03.291,1.6185,1.61865,0.20,0.05
2008.02.21 07:22:03.416,1.61865,1.61875,0.20,0.70
2008.02.21 07:22:03.540,1.61865,1.61875,0.20,0.05
2008.02.21 07:22:03.663,1.61865,1.61875,0.20,0.05
2008.02.21 07:22:03.787,1.61865,1.61875,0.20,0.05
2008.02.21 07:22:04.147,1.61865,1.61875,0.20,0.05
2008.02.21 07:22:04.335,1.61865,1.61875,0.20,0.05
2008.02.21 07:22:04.523,1.61865,1.61875,0.20,0.05
2008.02.21 07:22:04.712,1.61865,1.6188,0.20,0.05
2008.02.21 07:22:04.966,1.61865,1.6188,0.20,0.05
2008.02.21 07:22:05.154,1.61865,1.6188,0.20,0.05
2008.02.21 07:22:05.314,1.61865,1.6188,0.20,0.05
2008.02.21 07:22:05.473,1.61865,1.6188,0.20,0.05
2008.02.21 07:22:05.634,1.61865,1.6188,0.20,0.05
2008.02.21 07:22:05.794,1.61865,1.6188,0.20,0.05
2008.02.21 07:22:05.953,1.61865,1.6188,0.20,0.05
2008.02.21 07:22:06.414,1.61865,1.6188,0.20,0.20
2008.02.21 07:22:06.601,1.61865,1.6188,0.20,0.20
2008.02.21 07:22:06.788,1.6186,1.6187,0.20,0.05
2008.02.21 07:22:06.979,1.6186,1.6187,0.20,0.05
2008.02.21 07:22:07.170,1.6186,1.6187,0.20,0.05
2008.02.21 07:22:07.663,1.6186,1.6187,0.20,0.05
2008.02.21 07:22:07.960,1.6186,1.6187,0.20,0.05
2008.02.21 07:22:08.192,1.6186,1.6187,0.20,0.05
2008.02.21 07:22:08.735,1.6186,1.6187,0.20,0.05
2008.02.21 07:22:09.139,1.6186,1.6187,0.20,0.05
2008.02.21 07:22:09.287,1.6186,1.6187,0.20,0.05
2008.02.21 07:22:09.505,1.6186,1.6187,0.20,0.05
2008.02.21 07:22:09.944,1.6186,1.6187,0.20,0.05
2008.02.21 07:22:10.211,1.6186,1.6187,0.20,0.05
2008.02.21 07:22:10.429,1.6186,1.61875,0.20,0.05
2008.02.21 07:22:10.528,1.6186,1.61875,0.20,0.05
2008.02.21 07:22:10.672,1.6186,1.61875,0.20,0.05
2008.02.21 07:22:13.600,1.6186,1.6187,0.20,0.05
2008.02.21 07:22:13.649,1.6186,1.6187,0.20,0.05
2008.02.21 07:22:13.729,1.6186,1.6187,0.20,0.05
2008.02.21 07:22:13.894,1.6186,1.61875,0.20,0.05
2008.02.21 07:22:13.968,1.6186,1.61875,0.20,0.05
2008.02.21 07:22:14.138,1.6186,1.61875,0.40,0.05
2008.02.21 07:22:14.156,1.6186,1.61875,0.40,0.05
2008.02.21 07:22:14.176,1.6186,1.61875,0.40,0.05
2008.02.21 07:22:14.203,1.6186,1.61875,8.30,0.05
2008.02.21 07:22:14.383,1.6186,1.61875,8.30,0.05
2008.02.21 07:22:14.478,1.6186,1.61875,8.30,0.05
2008.02.21 07:22:14.813,1.61865,1.61875,0.20,0.05
2008.02.21 07:22:15.150,1.6186,1.61875,0.20,0.05
2008.02.21 07:22:15.483,1.6186,1.61875,0.40,0.05
2008.02.21 07:22:15.686,1.61865,1.61875,0.20,0.05
2008.02.21 07:22:15.891,1.61865,1.61875,0.20,0.05
2008.02.21 07:22:18.157,1.61865,1.61875,0.20,0.05
2008.02.21 07:22:18.286,1.61865,1.61875,0.20,0.05
2008.02.21 07:22:18.454,1.61865,1.61875,0.20,0.05
2008.02.21 07:22:18.666,1.61865,1.61875,0.20,0.05
2008.02.21 07:22:18.976,1.61865,1.61875,0.20,0.05
2008.02.21 07:22:19.182,1.61865,1.61875,0.20,0.05
2008.02.21 07:22:19.286,1.61865,1.61875,0.20,0.05
2008.02.21 07:22:21.629,1.61865,1.61875,0.20,0.05
2008.02.21 07:22:22.625,1.61865,1.61875,0.20,0.05
2008.02.21 07:22:22.960,1.6187,1.61875,0.20,0.05
2008.02.21 07:22:23.292,1.6187,1.6188,0.40,0.20
2008.02.21 07:22:23.625,1.6187,1.6188,0.40,0.20
2008.02.21 07:22:23.773,1.6187,1.6188,0.40,0.20
2008.02.21 07:22:23.948,1.6187,1.6188,0.40,0.20
2008.02.21 07:22:24.155,1.6187,1.6188,0.40,0.20
2008.02.21 07:22:24.303,1.6187,1.6188,0.40,0.20
2008.02.21 07:22:24.977,1.6187,1.6188,0.40,0.20
2008.02.21 07:22:26.174,1.6187,1.6188,0.40,0.20
2008.02.21 07:22:26.277,1.6187,1.6188,0.20,0.20
2008.02.21 07:22:26.381,1.6186,1.61875,8.30,0.05
2008.02.21 07:22:26.486,1.6186,1.61875,0.40,0.05
2008.02.21 07:22:26.590,1.6186,1.61875,0.40,0.05
2008.02.21 07:22:26.693,1.61865,1.61875,0.20,0.05
2008.02.21 07:22:26.798,1.61865,1.61875,0.20,0.05
2008.02.21 07:22:26.866,1.61865,1.61875,0.20,0.05
2008.02.21 07:22:26.973,1.61865,1.61875,0.20,0.05
2008.02.21 07:22:27.045,1.61865,1.61875,0.20,0.05
2008.02.21 07:22:28.409,1.61865,1.61875,0.20,0.05
2008.02.21 07:22:29.652,1.61865,1.61875,0.20,0.05
2008.02.21 07:22:30.170,1.61865,1.61875,0.20,0.05
2008.02.21 07:22:30.488,1.61865,1.61875,0.20,0.05
2008.02.21 07:22:30.688,1.61865,1.61875,0.20,0.05
2008.02.21 07:22:30.904,1.61865,1.61875,0.20,0.05
2008.02.21 07:22:31.223,1.61865,1.61875,0.20,0.05
2008.02.21 07:22:32.017,1.61865,1.61875,0.20,0.05
2008.02.21 07:22:32.206,1.61865,1.61875,0.20,0.05
2008.02.21 07:22:32.395,1.61865,1.61875,0.20,0.05
2008.02.21 07:22:34.023,1.61865,1.61875,0.20,0.05
2008.02.21 07:22:34.214,1.61865,1.61875,0.20,0.05
2008.02.21 07:22:40.139,1.6186,1.6187,0.40,0.05
2008.02.21 07:22:40.240,1.6186,1.6187,0.40,0.20
2008.02.21 07:22:40.338,1.6186,1.6187,0.40,0.20
2008.02.21 07:22:40.438,1.6186,1.6187,0.40,0.20
2008.02.21 07:22:40.646,1.6186,1.6187,0.40,0.20
2008.02.21 07:22:40.951,1.6186,1.6187,0.40,0.20
2008.02.21 07:22:42.391,1.6186,1.6187,0.40,0.20
2008.02.21 07:22:46.588,1.61855,1.6186,4.10,0.05
2008.02.21 07:22:46.686,1.61855,1.6186,4.00,0.05
2008.02.21 07:22:46.786,1.6185,1.6186,2.70,0.05
2008.02.21 07:22:46.830,1.6185,1.6186,2.70,0.05
2008.02.21 07:22:46.844,1.6185,1.6186,2.70,0.05
2008.02.21 07:22:46.873,1.6185,1.6186,2.70,0.05
2008.02.21 07:22:46.928,1.6185,1.6186,2.70,0.05
2008.02.21 07:22:46.972,1.6185,1.6186,2.70,0.05
2008.02.21 07:22:47.015,1.6185,1.6186,2.50,0.20
2008.02.21 07:22:47.061,1.6185,1.6186,2.50,0.20
2008.02.21 07:22:47.103,1.6185,1.61855,2.40,0.05
2008.02.21 07:22:47.164,1.6185,1.61855,2.40,0.05
2008.02.21 07:22:47.208,1.6185,1.61855,2.40,0.05
2008.02.21 07:22:47.252,1.6185,1.61855,2.40,0.05
2008.02.21 07:22:47.296,1.6185,1.61855,2.40,0.05
2008.02.21 07:22:47.382,1.6185,1.61855,2.40,0.05
2008.02.21 07:22:47.694,1.6185,1.61855,2.40,0.05
2008.02.21 07:22:48.395,1.6185,1.61855,2.40,0.05
2008.02.21 07:22:48.729,1.6184,1.61855,0.40,0.05
2008.02.21 07:22:49.063,1.6184,1.6185,0.40,0.20
2008.02.21 07:22:49.151,1.6184,1.6185,0.40,0.20
2008.02.21 07:22:49.438,1.6184,1.6185,0.40,0.20
2008.02.21 07:22:49.526,1.6184,1.6185,0.40,0.20
2008.02.21 07:22:49.640,1.6184,1.6185,0.40,0.20
2008.02.21 07:22:49.907,1.6184,1.6185,0.40,0.20
2008.02.21 07:22:50.130,1.6184,1.6185,0.40,0.05
2008.02.21 07:22:50.363,1.6184,1.6185,0.40,0.05
2008.02.21 07:22:50.664,1.6184,1.6185,0.40,0.05
2008.02.21 07:22:52.630,1.6184,1.6185,0.40,0.05
2008.02.21 07:22:52.710,1.6184,1.6185,0.20,0.20
2008.02.21 07:22:52.749,1.6184,1.6185,0.20,0.20
2008.02.21 07:22:52.802,1.6184,1.6185,0.20,0.20
2008.02.21 07:22:52.930,1.6184,1.6185,0.20,0.20
2008.02.21 07:22:52.964,1.6184,1.6185,0.40,0.05
2008.02.21 07:22:52.992,1.6184,1.6185,0.40,0.05
2008.02.21 07:22:53.023,1.6184,1.6185,0.40,0.05
2008.02.21 07:22:53.130,1.6184,1.6185,0.40,0.05
2008.02.21 07:22:53.189,1.6184,1.6185,0.40,0.05
2008.02.21 07:22:53.521,1.6184,1.6185,0.20,0.20
2008.02.21 07:22:53.857,1.6184,1.6185,0.40,0.05
2008.02.21 07:22:54.193,1.6184,1.6185,0.40,0.20
2008.02.21 07:22:54.382,1.6184,1.6185,0.40,0.20
2008.02.21 07:22:54.572,1.6184,1.6185,0.40,0.20
2008.02.21 07:22:55.654,1.6184,1.6185,0.40,0.20
2008.02.21 07:22:55.966,1.6184,1.6185,0.40,0.20
2008.02.21 07:22:58.807,1.6185,1.61855,0.20,4.10
2008.02.21 07:22:58.991,1.6185,1.61855,0.20,4.10
2008.02.21 07:22:59.030,1.6185,1.61855,0.20,4.10
2008.02.21 07:22:59.067,1.6185,1.61855,0.20,4.10
2008.02.21 07:22:59.182,1.6185,1.61855,0.40,0.60
2008.02.21 07:22:59.221,1.6185,1.6186,0.40,0.20
2008.02.21 07:22:59.260,1.6185,1.6186,0.40,0.20
2008.02.21 07:22:59.393,1.6185,1.6186,0.40,0.20
2008.02.21 07:22:59.452,1.6185,1.6186,0.40,0.20
2008.02.21 07:22:59.583,1.6185,1.6186,0.40,0.20
2008.02.21 07:22:59.792,1.6185,1.6186,0.20,0.20
2008.02.21 07:23:00.003,1.6185,1.6186,0.20,0.20
2008.02.21 07:23:00.212,1.6185,1.6186,0.20,0.20
2008.02.21 07:23:00.425,1.6185,1.6186,0.20,0.20
2008.02.21 07:23:00.634,1.6185,1.6186,0.20,0.20
2008.02.21 07:23:05.411,1.6185,1.6186,0.20,0.20
2008.02.21 07:23:05.554,1.6185,1.6186,0.20,0.20
2008.02.21 07:23:05.717,1.6185,1.6186,0.20,0.20
2008.02.21 07:23:05.996,1.6185,1.6186,0.20,0.20
2008.02.21 07:23:06.208,1.6185,1.6186,0.20,0.20
2008.02.21 07:23:06.447,1.6185,1.6186,0.20,0.20
2008.02.21 07:23:06.685,1.6185,1.6186,0.20,0.20
2008.02.21 07:23:07.095,1.6185,1.6186,0.20,0.20
2008.02.21 07:23:07.343,1.6184,1.6185,0.40,0.05
2008.02.21 07:23:07.513,1.6184,1.6185,0.20,0.20
2008.02.21 07:23:07.699,1.6184,1.6185,0.20,0.20
2008.02.21 07:23:07.898,1.6184,1.6185,0.20,0.20
2008.02.21 07:23:08.460,1.6184,1.6185,0.20,0.20
2008.02.21 07:23:08.672,1.6184,1.6185,0.20,0.20
2008.02.21 07:23:08.881,1.6184,1.6185,0.20,0.20
2008.02.21 07:23:09.090,1.6184,1.6185,0.20,0.20
2008.02.21 07:23:09.299,1.6184,1.6185,0.20,0.20
2008.02.21 07:23:09.570,1.6184,1.6185,0.20,0.20
2008.02.21 07:23:10.113,1.6185,1.61855,0.20,4.10
2008.02.21 07:23:10.289,1.6185,1.6186,0.20,0.20
2008.02.21 07:23:10.463,1.6185,1.6186,0.20,0.20
2008.02.21 07:23:10.601,1.6185,1.6186,0.20,0.20
2008.02.21 07:23:10.739,1.6185,1.6186,0.20,0.20
2008.02.21 07:23:10.877,1.6185,1.6186,0.20,0.20
2008.02.21 07:23:11.016,1.6185,1.6186,0.20,0.20
2008.02.21 07:23:11.222,1.6185,1.6186,0.20,0.20
2008.02.21 07:23:11.417,1.6185,1.6186,0.20,0.20
2008.02.21 07:23:11.555,1.6185,1.6186,0.20,0.20
2008.02.21 07:23:11.730,1.6185,1.6186,0.20,0.20
2008.02.21 07:23:11.941,1.6185,1.6186,0.20,0.20
2008.02.21 07:23:12.409,1.6186,1.61865,0.20,4.10
2008.02.21 07:23:12.558,1.6186,1.61865,0.20,4.10
2008.02.21 07:23:12.654,1.6186,1.61865,0.20,4.10
2008.02.21 07:23:12.749,1.61855,1.6186,0.10,0.20
2008.02.21 07:23:12.843,1.6186,1.6187,0.20,0.20
2008.02.21 07:23:12.936,1.6186,1.6187,0.20,0.20
2008.02.21 07:23:13.030,1.6186,1.6187,0.20,0.20
2008.02.21 07:23:13.150,1.6186,1.6187,0.20,0.20
2008.02.21 07:23:13.244,1.61855,1.61865,0.20,0.05
2008.02.21 07:23:13.518,1.61855,1.61865,0.20,0.05
2008.02.21 07:23:13.727,1.61855,1.61865,0.20,0.05
2008.02.21 07:23:14.192,1.61855,1.61865,0.20,0.05
2008.02.21 07:23:14.400,1.61855,1.61865,0.20,0.05
2008.02.21 07:23:16.705,1.61855,1.61865,0.20,0.05
2008.02.21 07:23:16.913,1.61855,1.61865,0.20,0.05
2008.02.21 07:23:17.025,1.61855,1.61865,0.20,0.05
2008.02.21 07:23:17.237,1.61855,1.61865,0.20,0.05
2008.02.21 07:23:17.437,1.61855,1.61865,0.20,0.05
2008.02.21 07:23:17.552,1.61855,1.61865,0.20,0.05
2008.02.21 07:23:17.668,1.61855,1.61865,0.20,0.05
2008.02.21 07:23:18.001,1.61855,1.61865,0.20,0.05
2008.02.21 07:23:20.670,1.61855,1.61865,0.20,0.05
2008.02.21 07:23:20.950,1.61855,1.61865,0.20,0.05
2008.02.21 07:23:21.118,1.61855,1.61865,0.20,0.05
2008.02.21 07:23:22.429,1.61855,1.61865,0.20,0.05
2008.02.21 07:23:22.763,1.61855,1.61865,0.20,0.05
2008.02.21 07:23:22.938,1.6185,1.6186,0.40,0.05
2008.02.21 07:23:23.112,1.6185,1.6186,0.20,0.05
2008.02.21 07:23:23.286,1.6185,1.6186,0.20,0.05
2008.02.21 07:23:23.683,1.6185,1.6186,0.20,0.05
2008.02.21 07:23:24.400,1.6185,1.6186,0.20,0.05
2008.02.21 07:23:24.724,1.6185,1.6186,0.20,0.05
2008.02.21 07:23:24.921,1.6185,1.6186,0.20,0.05
2008.02.21 07:23:25.077,1.6185,1.6186,0.20,0.05
2008.02.21 07:23:25.223,1.6185,1.6186,0.20,0.05
2008.02.21 07:23:26.925,1.6185,1.6186,0.20,0.05
2008.02.21 07:23:27.026,1.6185,1.6186,0.20,0.20
2008.02.21 07:23:27.145,1.6185,1.6186,0.20,0.20
2008.02.21 07:23:27.253,1.6185,1.6186,0.20,0.20
2008.02.21 07:23:27.386,1.6185,1.6186,0.20,0.20
2008.02.21 07:23:27.698,1.6185,1.6186,0.20,0.20
2008.02.21 07:23:27.809,1.6185,1.6186,0.20,0.20
2008.02.21 07:23:28.108,1.6185,1.6186,0.20,0.05
2008.02.21 07:23:28.407,1.61845,1.6186,0.20,0.20
2008.02.21 07:23:28.706,1.61845,1.61855,0.20,0.05
2008.02.21 07:23:29.015,1.61845,1.61855,0.20,0.05
2008.02.21 07:23:29.224,1.6185,1.6186,0.20,0.20
2008.02.21 07:23:29.451,1.61855,1.6187,0.20,0.20
2008.02.21 07:23:29.671,1.61845,1.6186,0.20,0.05
2008.02.21 07:23:29.891,1.61845,1.6186,0.20,0.05
2008.02.21 07:23:30.100,1.61845,1.6186,0.20,0.05
2008.02.21 07:23:30.354,1.61845,1.61855,0.20,0.05
2008.02.21 07:23:30.563,1.61845,1.61855,0.20,0.05
2008.02.21 07:23:30.772,1.61845,1.61855,0.20,0.05
2008.02.21 07:23:30.980,1.61845,1.61855,0.20,0.05
2008.02.21 07:23:31.241,1.61845,1.61855,0.20,0.05
2008.02.21 07:23:33.145,1.61845,1.61855,0.20,0.05
2008.02.21 07:23:33.468,1.61845,1.61855,0.20,0.05
2008.02.21 07:23:34.143,1.61845,1.61855,0.20,0.05
2008.02.21 07:23:35.605,1.61845,1.61855,0.20,0.05
2008.02.21 07:23:35.830,1.6184,1.6185,0.20,0.05
2008.02.21 07:23:36.053,1.6184,1.6185,0.20,0.05
2008.02.21 07:23:36.236,1.6184,1.6185,0.20,0.05
2008.02.21 07:23:36.409,1.6184,1.6185,0.20,0.05
2008.02.21 07:23:36.591,1.6184,1.6185,0.20,0.05
2008.02.21 07:23:36.764,1.61835,1.61845,0.20,0.05
2008.02.21 07:23:36.939,1.61835,1.61845,0.20,0.05
2008.02.21 07:23:37.111,1.61835,1.61845,0.20,0.05
2008.02.21 07:23:37.340,1.61835,1.61845,0.20,0.05
2008.02.21 07:23:37.657,1.61835,1.61845,0.20,0.05
2008.02.21 07:23:38.694,1.61835,1.61845,0.20,0.05
2008.02.21 07:23:39.927,1.61835,1.61845,0.20,0.05
2008.02.21 07:23:40.153,1.61835,1.61845,0.20,0.05
2008.02.21 07:23:43.965,1.61835,1.61845,0.20,0.05
2008.02.21 07:23:44.510,1.61835,1.61845,0.20,0.05
2008.02.21 07:23:44.927,1.61835,1.61845,0.20,0.05
2008.02.21 07:23:45.016,1.61835,1.61845,0.20,0.05
2008.02.21 07:23:45.105,1.61835,1.61845,0.20,0.05
2008.02.21 07:23:45.193,1.6184,1.6185,0.20,0.20
2008.02.21 07:23:45.282,1.6184,1.6185,0.20,0.20
2008.02.21 07:23:45.567,1.6184,1.6185,0.20,0.20
2008.02.21 07:23:45.775,1.6184,1.6185,0.20,0.20
2008.02.21 07:23:46.284,1.6184,1.6185,0.20,0.20
2008.02.21 07:23:46.693,1.6184,1.6185,0.20,0.20
2008.02.21 07:23:46.812,1.6184,1.6185,0.40,0.20
2008.02.21 07:23:46.905,1.6184,1.6185,0.40,0.20
2008.02.21 07:23:46.997,1.6184,1.6185,0.40,0.20
2008.02.21 07:23:47.148,1.6184,1.6185,0.40,0.20
2008.02.21 07:23:47.432,1.6184,1.6185,0.40,0.20
2008.02.21 07:23:47.726,1.6184,1.6185,0.40,0.20
2008.02.21 07:23:47.940,1.6184,1.6185,0.40,0.20
2008.02.21 07:23:48.154,1.6184,1.6185,0.40,0.20
2008.02.21 07:23:48.463,1.6184,1.6185,0.40,0.20
2008.02.21 07:23:48.687,1.6184,1.6185,0.40,0.20
2008.02.21 07:23:48.911,1.6184,1.6185,0.40,0.05
2008.02.21 07:23:49.146,1.6184,1.6185,0.40,0.05
2008.02.21 07:23:49.369,1.6183,1.6184,0.40,0.05
2008.02.21 07:23:49.594,1.6183,1.6184,0.40,0.20
2008.02.21 07:23:49.858,1.6183,1.6184,0.40,0.20
2008.02.21 07:23:50.122,1.6183,1.6184,0.40,0.20
2008.02.21 07:23:50.385,1.6183,1.6184,0.40,0.20
2008.02.21 07:23:50.649,1.6183,1.6184,0.40,0.20
2008.02.21 07:23:51.149,1.6183,1.6184,0.40,0.20
2008.02.21 07:23:52.182,1.6183,1.6184,0.40,0.20
2008.02.21 07:23:53.380,1.6183,1.6184,0.40,0.20
2008.02.21 07:23:53.654,1.61835,1.61845,0.20,0.05
2008.02.21 07:23:53.808,1.61835,1.61845,0.20,0.05
2008.02.21 07:23:53.961,1.61835,1.61845,0.20,0.05
2008.02.21 07:23:54.115,1.61835,1.61845,0.20,0.05
2008.02.21 07:23:55.691,1.61835,1.61845,0.20,0.05
2008.02.21 07:23:56.721,1.61835,1.61845,0.20,0.05
2008.02.21 07:23:56.953,1.61835,1.61845,0.20,0.05
2008.02.21 07:23:59.049,1.61835,1.61845,0.20,0.05
2008.02.21 07:23:59.191,1.61835,1.61845,0.20,0.05
2008.02.21 07:23:59.324,1.61835,1.61845,0.20,0.05
2008.02.21 07:23:59.653,1.61835,1.61845,0.20,0.05
2008.02.21 07:24:00.994,1.61835,1.61845,0.20,0.05
2008.02.21 07:24:01.584,1.61835,1.61845,0.20,0.05
2008.02.21 07:24:01.723,1.61835,1.61845,0.20,0.05
2008.02.21 07:24:01.921,1.61835,1.61845,0.20,0.05
2008.02.21 07:24:02.242,1.61835,1.61845,0.20,0.05
2008.02.21 07:24:02.648,1.61835,1.61845,0.20,0.05
2008.02.21 07:24:02.888,1.61835,1.61845,0.20,0.05
2008.02.21 07:24:03.030,1.61835,1.61845,0.20,0.05
2008.02.21 07:24:03.426,1.61835,1.61845,0.20,0.05
2008.02.21 07:24:03.678,1.61835,1.61845,0.20,0.05
2008.02.21 07:24:03.908,1.61835,1.61845,0.20,0.05
2008.02.21 07:24:04.111,1.61835,1.61845,0.20,0.05
2008.02.21 07:24:04.294,1.61835,1.61845,0.20,0.05
2008.02.21 07:24:04.928,1.61835,1.61845,0.20,0.05
2008.02.21 07:24:05.140,1.61835,1.61845,0.20,0.05
2008.02.21 07:24:05.457,1.61835,1.61845,0.20,0.05
2008.02.21 07:24:06.169,1.61835,1.61845,0.20,0.05
2008.02.21 07:24:06.393,1.61835,1.61845,0.20,0.05
2008.02.21 07:24:06.582,1.61835,1.61845,0.20,0.05
2008.02.21 07:24:06.789,1.61835,1.61845,0.20,0.05
2008.02.21 07:24:07.069,1.61835,1.61845,0.20,0.05
2008.02.21 07:24:07.411,1.61835,1.61845,0.20,0.05
2008.02.21 07:24:07.642,1.61835,1.61845,0.20,0.05
2008.02.21 07:24:08.137,1.61835,1.61845,0.20,0.05
2008.02.21 07:24:08.449,1.61835,1.61845,0.20,0.05
2008.02.21 07:24:08.626,1.61835,1.61845,0.20,0.05
2008.02.21 07:24:08.805,1.61835,1.61845,0.20,0.05
2008.02.21 07:24:09.186,1.61835,1.61845,0.20,0.05
2008.02.21 07:24:09.474,1.61835,1.6184,0.20,0.20
2008.02.21 07:24:09.776,1.6183,1.6184,0.40,0.20
2008.02.21 07:24:10.065,1.61835,1.61845,0.20,0.05
2008.02.21 07:24:10.354,1.61835,1.61845,0.20,0.05
2008.02.21 07:24:10.568,1.61835,1.61845,0.20,0.05
2008.02.21 07:24:10.780,1.61835,1.61845,0.20,0.05
2008.02.21 07:24:10.995,1.61835,1.61845,0.20,0.05
2008.02.21 07:24:11.209,1.61835,1.61845,0.20,0.05
2008.02.21 07:24:11.687,1.61835,1.61845,0.20,0.05
2008.02.21 07:24:13.932,1.61835,1.61845,0.20,0.05
2008.02.21 07:24:14.016,1.61835,1.61845,0.20,0.05
2008.02.21 07:24:14.094,1.61835,1.61845,0.20,0.05
2008.02.21 07:24:14.173,1.61835,1.61845,0.20,0.05
2008.02.21 07:24:14.449,1.61835,1.61845,0.20,0.05
2008.02.21 07:24:15.176,1.61835,1.61845,0.20,0.05
2008.02.21 07:24:16.401,1.61835,1.61845,0.20,0.05
2008.02.21 07:24:16.493,1.61835,1.61845,0.20,0.05
2008.02.21 07:24:16.587,1.61835,1.61845,0.20,0.05
2008.02.21 07:24:16.698,1.6183,1.61845,1.10,0.05
2008.02.21 07:24:16.792,1.6183,1.61845,1.10,0.05
2008.02.21 07:24:16.885,1.6183,1.61845,1.10,0.05
2008.02.21 07:24:16.978,1.6183,1.61845,1.10,0.05
2008.02.21 07:24:17.683,1.6183,1.61845,1.10,0.05
2008.02.21 07:24:20.153,1.6183,1.61845,1.10,0.05
2008.02.21 07:24:23.969,1.6183,1.61845,1.10,0.05
2008.02.21 07:24:24.288,1.61835,1.61845,0.20,0.05
2008.02.21 07:24:24.607,1.6183,1.6184,0.20,0.05
2008.02.21 07:24:24.925,1.6183,1.6184,0.20,0.05
2008.02.21 07:24:25.113,1.6183,1.6184,0.20,0.05
2008.02.21 07:24:25.302,1.6183,1.6184,0.20,0.05
2008.02.21 07:24:25.684,1.6183,1.6184,0.20,0.05
2008.02.21 07:24:25.980,1.6183,1.6184,0.20,0.05
2008.02.21 07:24:26.229,1.6183,1.6184,0.20,0.05
2008.02.21 07:24:26.479,1.6183,1.6184,0.20,0.05
2008.02.21 07:24:28.051,1.6183,1.6184,0.20,0.05
2008.02.21 07:24:28.563,1.6183,1.6184,0.20,0.05
2008.02.21 07:24:30.748,1.6183,1.6184,0.20,0.05
2008.02.21 07:24:30.849,1.6183,1.6184,0.20,0.05
2008.02.21 07:24:30.943,1.6183,1.6184,0.20,0.05
2008.02.21 07:24:31.466,1.6183,1.6184,0.20,0.05
2008.02.21 07:24:31.720,1.6183,1.6184,0.20,0.05
2008.02.21 07:24:32.069,1.6183,1.6184,0.20,0.05
2008.02.21 07:24:32.327,1.6183,1.6184,0.20,0.05
2008.02.21 07:24:32.586,1.6183,1.6184,0.20,0.05
2008.02.21 07:24:32.845,1.61835,1.61845,0.20,0.05
2008.02.21 07:24:33.104,1.61835,1.61845,0.20,0.05
2008.02.21 07:24:33.373,1.61835,1.6184,0.20,0.20
2008.02.21 07:24:33.642,1.61835,1.6184,0.20,0.20
2008.02.21 07:24:33.910,1.61835,1.6184,0.20,0.20
2008.02.21 07:24:34.437,1.61835,1.6184,0.20,0.20
2008.02.21 07:24:34.658,1.61835,1.61845,0.20,0.05
2008.02.21 07:24:34.876,1.61835,1.61845,0.20,0.05
2008.02.21 07:24:35.202,1.61835,1.61845,0.20,0.05
2008.02.21 07:24:35.329,1.61835,1.61845,0.20,0.05
2008.02.21 07:24:35.638,1.61835,1.61845,0.20,4.00
2008.02.21 07:24:35.768,1.61835,1.6184,0.20,0.20
2008.02.21 07:24:35.896,1.61835,1.61845,0.20,4.00
2008.02.21 07:24:36.025,1.61835,1.61845,0.20,4.00
2008.02.21 07:24:36.153,1.61835,1.61845,0.20,0.05
2008.02.21 07:24:36.337,1.61835,1.61845,0.20,0.05
2008.02.21 07:24:38.314,1.61835,1.61845,0.20,0.05
2008.02.21 07:24:38.487,1.61835,1.61845,0.20,0.05
2008.02.21 07:24:38.662,1.61835,1.61845,0.20,0.05
2008.02.21 07:24:38.836,1.6184,1.6185,0.20,0.20
2008.02.21 07:24:39.009,1.6184,1.6185,0.20,0.20
2008.02.21 07:24:39.182,1.6184,1.6185,0.20,0.20
2008.02.21 07:24:39.357,1.6184,1.6185,0.20,0.20
2008.02.21 07:24:39.612,1.61835,1.61845,0.20,0.05
2008.02.21 07:24:39.865,1.61835,1.61845,0.20,0.05
2008.02.21 07:24:40.118,1.61835,1.6184,0.20,0.20
2008.02.21 07:24:40.373,1.6183,1.6184,0.20,0.20
2008.02.21 07:24:40.581,1.6183,1.6184,0.40,0.20
2008.02.21 07:24:40.790,1.6183,1.6184,0.40,0.20
2008.02.21 07:24:41.135,1.6183,1.6184,0.20,0.20
2008.02.21 07:24:41.343,1.6183,1.6184,0.20,0.20
2008.02.21 07:24:41.752,1.6183,1.6184,0.20,0.20
2008.02.21 07:24:42.154,1.6183,1.6184,0.20,0.20
2008.02.21 07:24:42.338,1.6183,1.6184,0.40,0.05
2008.02.21 07:24:42.568,1.61835,1.61845,0.20,0.05
2008.02.21 07:24:42.799,1.61835,1.61845,0.20,0.05
2008.02.21 07:24:43.027,1.61835,1.61845,0.20,0.05
2008.02.21 07:24:43.258,1.61835,1.61845,0.20,0.05
2008.02.21 07:24:43.487,1.61835,1.61845,0.20,0.05
2008.02.21 07:24:43.702,1.61835,1.61845,0.20,0.05
2008.02.21 07:24:43.924,1.61835,1.61845,0.20,0.05
2008.02.21 07:24:44.749,1.61835,1.61845,0.20,0.05
2008.02.21 07:24:49.095,1.61835,1.61845,0.20,1.60
2008.02.21 07:24:49.136,1.61835,1.61845,0.20,1.60
2008.02.21 07:24:49.194,1.61825,1.6183,5.70,0.05
2008.02.21 07:24:49.247,1.6183,1.6184,0.20,0.20
2008.02.21 07:24:49.319,1.6183,1.6184,0.20,0.20
2008.02.21 07:24:49.373,1.6183,1.6184,0.20,0.20
2008.02.21 07:24:49.429,1.61825,1.6183,4.00,0.05
2008.02.21 07:24:49.494,1.61825,1.6183,4.00,0.05
2008.02.21 07:24:49.546,1.6182,1.6183,0.40,0.05
2008.02.21 07:24:49.701,1.6182,1.6183,0.40,0.05
2008.02.21 07:24:49.914,1.6182,1.6183,0.40,0.05
2008.02.21 07:24:49.968,1.6182,1.6183,0.40,0.05
2008.02.21 07:24:50.021,1.6182,1.6183,0.40,0.20
2008.02.21 07:24:50.195,1.6182,1.6183,0.20,0.20
2008.02.21 07:24:50.528,1.6182,1.6183,0.40,0.20
2008.02.21 07:24:50.862,1.6182,1.6183,0.40,0.20
2008.02.21 07:24:51.196,1.6182,1.6183,0.40,0.20
2008.02.21 07:24:53.308,1.6183,1.61835,0.20,4.10
2008.02.21 07:24:53.440,1.6183,1.61835,0.20,4.10
2008.02.21 07:24:53.470,1.6183,1.61835,0.20,4.10
2008.02.21 07:24:53.550,1.6183,1.61835,0.20,4.10
2008.02.21 07:24:53.650,1.6183,1.61835,0.20,4.10
2008.02.21 07:24:53.678,1.6183,1.61835,0.20,4.10
2008.02.21 07:24:53.766,1.6183,1.61835,0.20,4.10
2008.02.21 07:24:54.046,1.6183,1.6184,0.20,0.05
2008.02.21 07:24:54.322,1.6183,1.6184,0.20,0.05
2008.02.21 07:24:54.595,1.6183,1.6184,0.20,0.05
2008.02.21 07:24:54.869,1.6183,1.6184,0.20,0.05
2008.02.21 07:24:55.073,1.6183,1.6184,0.20,0.05
2008.02.21 07:24:55.277,1.6183,1.6184,0.40,0.05
2008.02.21 07:24:55.481,1.6183,1.6184,0.40,0.05
2008.02.21 07:24:55.740,1.6183,1.6184,0.40,0.05
2008.02.21 07:24:55.943,1.6183,1.6184,0.40,0.05
2008.02.21 07:24:56.141,1.6183,1.6184,0.40,0.05
2008.02.21 07:24:56.340,1.61835,1.61845,0.20,0.05
2008.02.21 07:24:56.539,1.61835,1.61845,0.20,0.05
2008.02.21 07:24:56.739,1.61835,1.61845,0.20,0.05
2008.02.21 07:24:57.656,1.61835,1.61845,0.20,0.05
2008.02.21 07:24:57.934,1.61835,1.61845,0.20,0.05
2008.02.21 07:24:58.218,1.61835,1.61845,0.20,0.05
2008.02.21 07:24:58.923,1.61835,1.61845,0.20,0.05
2008.02.21 07:24:59.048,1.61835,1.61845,0.20,0.05
2008.02.21 07:24:59.116,1.61835,1.61845,0.20,0.05
2008.02.21 07:24:59.568,1.61835,1.61845,0.20,0.05
2008.02.21 07:24:59.684,1.61835,1.61845,0.20,0.05
2008.02.21 07:24:59.803,1.61835,1.61845,0.20,0.05
2008.02.21 07:24:59.993,1.61835,1.61845,0.20,0.05
2008.02.21 07:25:00.895,1.61825,1.6183,4.10,0.05
2008.02.21 07:25:01.231,1.61825,1.6183,4.00,0.05
2008.02.21 07:25:01.388,1.6182,1.6183,0.40,0.05
2008.02.21 07:25:01.547,1.6182,1.6183,0.40,0.05
2008.02.21 07:25:01.705,1.6182,1.6183,0.40,0.05
2008.02.21 07:25:01.863,1.6182,1.6183,0.40,0.05
2008.02.21 07:25:02.022,1.6182,1.6183,0.40,0.05
2008.02.21 07:25:02.275,1.6182,1.6183,0.40,0.05
2008.02.21 07:25:02.529,1.6182,1.6183,0.40,0.05
2008.02.21 07:25:02.990,1.6182,1.6183,0.40,0.05
2008.02.21 07:25:03.243,1.6182,1.6183,0.40,0.05
2008.02.21 07:25:04.929,1.6182,1.6183,0.40,0.05
2008.02.21 07:25:05.191,1.6182,1.6183,0.40,0.05
2008.02.21 07:25:05.330,1.6182,1.6183,0.40,0.20
2008.02.21 07:25:05.419,1.6182,1.6183,0.40,0.20
2008.02.21 07:25:05.508,1.6182,1.6183,0.40,0.05
2008.02.21 07:25:05.797,1.6182,1.6183,0.40,0.05
2008.02.21 07:25:05.911,1.6182,1.6183,0.40,0.05
2008.02.21 07:25:06.211,1.6182,1.6183,0.40,0.05
2008.02.21 07:25:06.901,1.6183,1.6184,0.20,0.20
2008.02.21 07:25:07.234,1.6183,1.6184,0.20,0.05
2008.02.21 07:25:07.567,1.6183,1.6184,0.20,0.05
2008.02.21 07:25:07.727,1.6183,1.6184,0.20,0.05
2008.02.21 07:25:07.975,1.6183,1.6184,0.20,0.05
2008.02.21 07:25:08.170,1.6183,1.6184,0.20,0.05
2008.02.21 07:25:08.328,1.6183,1.6184,0.20,0.05
2008.02.21 07:25:08.602,1.6183,1.6184,0.20,0.05
2008.02.21 07:25:08.875,1.6183,1.6184,0.20,0.05
2008.02.21 07:25:09.148,1.6183,1.6184,0.20,0.05
2008.02.21 07:25:09.421,1.6183,1.6184,0.20,0.05
2008.02.21 07:25:09.737,1.6183,1.6184,0.20,0.05
2008.02.21 07:25:10.068,1.6183,1.6184,0.20,0.05
2008.02.21 07:25:10.456,1.6183,1.6184,0.20,0.05
2008.02.21 07:25:12.420,1.6183,1.6184,0.20,0.05
2008.02.21 07:25:12.725,1.6183,1.6184,0.20,0.05
2008.02.21 07:25:12.937,1.6183,1.6184,0.20,0.05
2008.02.21 07:25:13.382,1.6183,1.6184,0.20,0.05
2008.02.21 07:25:13.501,1.6183,1.6184,0.40,0.05
2008.02.21 07:25:13.621,1.61835,1.61845,0.20,0.05
2008.02.21 07:25:13.800,1.61835,1.61845,0.20,0.05
2008.02.21 07:25:13.980,1.61835,1.61845,0.20,0.05
2008.02.21 07:25:14.172,1.61835,1.61845,0.20,0.05
2008.02.21 07:25:14.479,1.61835,1.61845,0.20,0.05
2008.02.21 07:25:14.693,1.61835,1.61845,0.20,0.05
2008.02.21 07:25:14.896,1.61835,1.61845,0.20,0.05
2008.02.21 07:25:15.198,1.61835,1.61845,0.20,0.05
2008.02.21 07:25:15.885,1.61835,1.61845,0.20,0.05
2008.02.21 07:25:15.993,1.61835,1.61845,0.20,0.05
2008.02.21 07:25:16.191,1.61835,1.61845,0.20,0.05
2008.02.21 07:25:16.299,1.61835,1.61845,0.20,0.05
2008.02.21 07:25:16.446,1.61835,1.61845,0.20,0.05
2008.02.21 07:25:16.744,1.61835,1.61845,0.20,0.05
2008.02.21 07:25:18.176,1.61835,1.61845,0.20,0.05
2008.02.21 07:25:18.265,1.61835,1.61845,0.20,0.05
2008.02.21 07:25:18.465,1.61835,1.61845,0.20,0.05
2008.02.21 07:25:18.622,1.6184,1.6185,0.20,0.20
2008.02.21 07:25:18.711,1.6184,1.6185,0.20,0.20
2008.02.21 07:25:18.800,1.6184,1.6185,0.20,0.05
2008.02.21 07:25:18.957,1.6184,1.6185,0.20,0.05
2008.02.21 07:25:19.290,1.6184,1.6185,0.20,0.05
2008.02.21 07:25:19.767,1.6184,1.6185,0.20,0.05
2008.02.21 07:25:20.197,1.6184,1.6185,0.20,0.05
2008.02.21 07:25:20.418,1.6184,1.6185,0.20,0.05
2008.02.21 07:25:20.710,1.6184,1.6185,0.20,0.05
2008.02.21 07:25:21.230,1.6184,1.6185,0.20,0.05
2008.02.21 07:25:21.441,1.6184,1.6185,0.20,0.05
2008.02.21 07:25:21.643,1.6184,1.6185,0.20,0.05
2008.02.21 07:25:22.147,1.6184,1.6185,0.20,0.05
2008.02.21 07:25:22.392,1.6184,1.6185,0.20,0.05
2008.02.21 07:25:22.555,1.6184,1.6185,0.20,0.05
2008.02.21 07:25:22.718,1.6184,1.6185,0.20,0.05
2008.02.21 07:25:22.997,1.6184,1.6185,0.20,0.05
2008.02.21 07:25:23.205,1.6184,1.6185,0.20,0.05
2008.02.21 07:25:23.539,1.61835,1.6185,0.20,0.05
2008.02.21 07:25:23.873,1.61835,1.6185,0.20,0.05
2008.02.21 07:25:24.208,1.6184,1.6185,0.20,0.05
2008.02.21 07:25:24.397,1.6184,1.6185,0.20,0.05
2008.02.21 07:25:24.570,1.6184,1.6185,0.20,0.05
2008.02.21 07:25:24.745,1.6184,1.6185,0.20,0.05
2008.02.21 07:25:24.918,1.6184,1.6185,0.20,0.05
2008.02.21 07:25:25.092,1.6184,1.6185,0.20,0.05
2008.02.21 07:25:26.214,1.6184,1.6185,0.20,0.05
2008.02.21 07:25:26.423,1.6184,1.6185,0.20,0.05
2008.02.21 07:25:26.731,1.6184,1.6185,0.20,0.05
2008.02.21 07:25:26.937,1.6184,1.6185,0.20,0.05
2008.02.21 07:25:27.150,1.6184,1.6185,0.20,0.05
2008.02.21 07:25:27.620,1.6184,1.6185,0.20,0.05
2008.02.21 07:25:27.833,1.6184,1.6185,0.20,0.05
2008.02.21 07:25:28.179,1.6184,1.6185,0.20,0.05
2008.02.21 07:25:28.500,1.6184,1.6185,0.20,0.05
2008.02.21 07:25:29.933,1.6184,1.6185,0.20,0.05
2008.02.21 07:25:30.475,1.6184,1.6185,0.20,0.05
2008.02.21 07:25:30.594,1.6184,1.6185,0.20,0.05
2008.02.21 07:25:30.708,1.6184,1.6185,0.20,0.05
2008.02.21 07:25:30.995,1.6184,1.6185,0.20,0.05
2008.02.21 07:25:31.115,1.6184,1.6185,0.20,0.05
2008.02.21 07:25:31.406,1.6184,1.6185,0.20,0.05
2008.02.21 07:25:33.412,1.6184,1.6185,0.20,0.20
2008.02.21 07:25:33.477,1.6184,1.6185,0.20,0.20
2008.02.21 07:25:33.530,1.6184,1.6185,0.20,0.20
2008.02.21 07:25:33.656,1.6184,1.6185,0.20,0.20
2008.02.21 07:25:33.710,1.61835,1.61845,0.20,0.05
2008.02.21 07:25:33.763,1.61835,1.61845,0.20,0.05
2008.02.21 07:25:33.955,1.61835,1.61845,0.20,0.05
2008.02.21 07:25:34.008,1.61835,1.61845,0.20,0.05
2008.02.21 07:25:34.187,1.61835,1.61845,0.20,0.05
2008.02.21 07:25:34.907,1.61835,1.61845,0.20,0.05
2008.02.21 07:25:35.203,1.61835,1.61845,0.20,0.05
2008.02.21 07:25:35.718,1.61835,1.61845,0.20,0.05
2008.02.21 07:25:35.934,1.61835,1.61845,0.20,0.05
2008.02.21 07:25:36.282,1.61835,1.61845,0.20,0.05
2008.02.21 07:25:37.215,1.61835,1.61845,0.20,0.05
2008.02.21 07:25:37.938,1.61835,1.61845,0.20,0.05
2008.02.21 07:25:40.194,1.61835,1.61845,0.20,0.05
2008.02.21 07:25:40.512,1.61835,1.61845,0.20,0.05
2008.02.21 07:25:40.822,1.61835,1.61845,0.20,0.05
2008.02.21 07:25:40.918,1.61835,1.61845,0.20,0.05
2008.02.21 07:25:41.530,1.61835,1.61845,0.20,0.05
2008.02.21 07:25:41.932,1.61835,1.61845,0.20,0.05
2008.02.21 07:25:42.178,1.61835,1.61845,0.20,0.05
2008.02.21 07:25:42.495,1.61835,1.61845,0.20,0.05
2008.02.21 07:25:42.537,1.61835,1.61845,0.20,0.05
2008.02.21 07:25:42.595,1.61835,1.61845,0.20,0.05
2008.02.21 07:25:42.711,1.61835,1.61845,0.20,0.05
2008.02.21 07:25:42.793,1.61835,1.61845,0.20,0.05
2008.02.21 07:25:42.914,1.61835,1.61845,0.20,0.05
2008.02.21 07:25:42.966,1.61835,1.61845,0.20,0.05
2008.02.21 07:25:43.137,1.61835,1.61845,0.20,0.05
2008.02.21 07:25:43.204,1.61835,1.61845,0.20,0.05
2008.02.21 07:25:43.470,1.61835,1.61845,0.20,0.05
2008.02.21 07:25:44.350,1.6184,1.6185,0.20,0.20
2008.02.21 07:25:44.454,1.6184,1.6185,0.20,0.20
2008.02.21 07:25:44.569,1.6184,1.61855,0.20,0.60
2008.02.21 07:25:44.674,1.61835,1.61845,0.20,0.05
2008.02.21 07:25:44.779,1.61835,1.61845,0.20,0.05
2008.02.21 07:25:44.940,1.61835,1.61845,0.20,0.05
2008.02.21 07:25:45.044,1.61835,1.61845,0.20,0.05
2008.02.21 07:25:45.148,1.61835,1.61845,0.20,0.05
2008.02.21 07:25:45.251,1.61835,1.61845,0.20,0.05
2008.02.21 07:25:45.438,1.61835,1.61845,0.20,0.05
2008.02.21 07:25:45.628,1.61835,1.61845,0.20,0.05
2008.02.21 07:25:45.816,1.61835,1.61845,0.20,0.05
2008.02.21 07:25:46.006,1.61835,1.61845,0.20,0.05
2008.02.21 07:25:46.195,1.6183,1.6184,0.20,0.05
2008.02.21 07:25:46.339,1.6183,1.6184,0.20,0.20
2008.02.21 07:25:46.492,1.6183,1.6184,0.20,0.20
2008.02.21 07:25:46.624,1.6183,1.6184,0.20,0.20
2008.02.21 07:25:46.769,1.6183,1.6184,0.20,0.20
2008.02.21 07:25:46.924,1.6183,1.6184,0.20,0.20
2008.02.21 07:25:47.238,1.6183,1.6184,0.20,0.20
2008.02.21 07:25:49.844,1.61835,1.6184,0.20,0.20
2008.02.21 07:25:50.103,1.61835,1.61845,0.20,0.05
2008.02.21 07:25:50.372,1.61835,1.61845,0.20,0.05
2008.02.21 07:25:50.696,1.61835,1.61845,0.20,0.05
2008.02.21 07:25:51.919,1.61835,1.61845,0.20,0.05
2008.02.21 07:25:54.957,1.61835,1.61845,0.20,0.05
2008.02.21 07:25:57.408,1.61835,1.61845,0.20,0.05
2008.02.21 07:25:57.732,1.61835,1.61845,0.20,0.05
2008.02.21 07:25:57.931,1.61835,1.61845,0.20,0.05
2008.02.21 07:25:58.265,1.61835,1.61845,0.20,0.05
2008.02.21 07:25:58.599,1.61835,1.61845,0.20,0.05
2008.02.21 07:25:58.934,1.61835,1.61845,0.20,0.05
2008.02.21 07:25:59.150,1.61835,1.61845,0.20,0.05
2008.02.21 07:25:59.489,1.61835,1.61845,0.20,0.05
2008.02.21 07:25:59.705,1.61835,1.61845,0.20,0.05
2008.02.21 07:26:00.672,1.61835,1.61845,0.20,0.05
2008.02.21 07:26:00.976,1.61835,1.61845,0.20,0.05
2008.02.21 07:26:01.428,1.61835,1.61845,0.20,0.05
2008.02.21 07:26:01.591,1.61835,1.61845,0.20,0.05
2008.02.21 07:26:01.755,1.61835,1.61845,0.20,0.05
2008.02.21 07:26:02.965,1.61835,1.61845,0.20,0.05
2008.02.21 07:26:03.201,1.61835,1.61845,0.20,0.05
2008.02.21 07:26:03.306,1.61835,1.61845,0.20,0.05
2008.02.21 07:26:03.449,1.61835,1.61845,0.20,0.05
2008.02.21 07:26:03.551,1.61835,1.61845,0.20,0.05
2008.02.21 07:26:03.765,1.61835,1.61845,0.20,0.05
2008.02.21 07:26:05.199,1.61835,1.61845,0.20,0.05
2008.02.21 07:26:05.406,1.61835,1.61845,0.20,0.05
2008.02.21 07:26:05.529,1.61835,1.61845,0.20,0.05
2008.02.21 07:26:05.654,1.6183,1.61845,0.20,0.05
2008.02.21 07:26:05.778,1.61835,1.61845,0.20,0.05
2008.02.21 07:26:05.901,1.61835,1.61845,0.20,0.05
2008.02.21 07:26:06.025,1.6183,1.61845,0.20,0.05
2008.02.21 07:26:06.329,1.6183,1.61845,0.20,0.05
2008.02.21 07:26:06.633,1.6183,1.61845,0.20,0.05
2008.02.21 07:26:06.936,1.6183,1.61845,0.20,0.05
2008.02.21 07:26:07.239,1.6183,1.61845,0.20,0.05
2008.02.21 07:26:07.455,1.6183,1.61845,0.20,0.05
2008.02.21 07:26:07.698,1.6183,1.61845,0.20,0.05
2008.02.21 07:26:08.621,1.6183,1.61845,0.20,0.05
2008.02.21 07:26:08.920,1.61835,1.61845,0.20,0.05
2008.02.21 07:26:08.998,1.61835,1.61845,0.20,0.05
2008.02.21 07:26:09.142,1.61835,1.61845,0.20,0.05
2008.02.21 07:26:09.212,1.61835,1.61845,0.20,0.05
2008.02.21 07:26:09.291,1.61835,1.61845,0.20,0.05
2008.02.21 07:26:09.403,1.61835,1.61845,0.20,0.05
2008.02.21 07:26:09.742,1.61835,1.61845,0.20,0.05
2008.02.21 07:26:09.840,1.61835,1.61845,0.20,0.05
2008.02.21 07:26:10.658,1.61835,1.61845,0.20,0.05
2008.02.21 07:26:10.733,1.6183,1.61845,0.20,0.05
2008.02.21 07:26:10.828,1.6183,1.61845,0.20,0.05
2008.02.21 07:26:10.901,1.6183,1.61845,0.20,0.05
2008.02.21 07:26:10.980,1.6183,1.61845,0.20,0.05
2008.02.21 07:26:11.058,1.6183,1.61845,0.20,0.05
2008.02.21 07:26:11.200,1.6183,1.61845,0.20,0.05
2008.02.21 07:26:11.492,1.6183,1.61845,0.20,0.05
2008.02.21 07:26:11.996,1.6183,1.61845,0.20,0.05
2008.02.21 07:26:12.199,1.6183,1.61845,0.20,0.05
2008.02.21 07:26:16.674,1.6183,1.61845,0.20,0.05
2008.02.21 07:26:16.703,1.61835,1.61845,0.20,0.05
2008.02.21 07:26:16.742,1.61835,1.61845,0.20,0.05
2008.02.21 07:26:16.762,1.61835,1.61845,0.20,0.05
2008.02.21 07:26:16.892,1.61835,1.61845,0.20,0.05
2008.02.21 07:26:16.975,1.61835,1.61845,0.20,0.05
2008.02.21 07:26:17.186,1.61835,1.61845,0.20,0.05
2008.02.21 07:26:17.479,1.61835,1.61845,0.20,0.05
2008.02.21 07:26:17.635,1.61835,1.61845,0.20,0.05
2008.02.21 07:26:17.914,1.61835,1.61845,0.20,0.05
2008.02.21 07:26:19.929,1.61835,1.61845,0.20,0.05
2008.02.21 07:26:33.638,1.61835,1.61845,0.20,0.05
2008.02.21 07:26:33.917,1.61835,1.61845,0.20,0.05
2008.02.21 07:26:34.092,1.61835,1.61845,0.20,0.05
2008.02.21 07:26:35.134,1.6183,1.61845,0.20,0.05
2008.02.21 07:26:35.372,1.6183,1.61845,0.20,0.05
2008.02.21 07:26:35.612,1.6183,1.61845,0.20,0.05
2008.02.21 07:26:35.851,1.6183,1.61845,0.20,0.05
2008.02.21 07:26:36.090,1.6183,1.61845,0.20,0.05
2008.02.21 07:26:36.329,1.6183,1.61845,0.20,0.05
2008.02.21 07:26:36.568,1.6183,1.61845,0.20,0.05
2008.02.21 07:26:38.677,1.61835,1.61845,0.20,0.05
2008.02.21 07:26:38.763,1.61835,1.61845,0.20,0.05
2008.02.21 07:26:38.861,1.61835,1.61845,0.20,0.05
2008.02.21 07:26:39.166,1.61835,1.61845,0.20,0.05
2008.02.21 07:26:39.470,1.61835,1.61845,0.20,0.05
2008.02.21 07:26:39.775,1.6184,1.6185,0.20,0.20
2008.02.21 07:26:40.079,1.6184,1.6185,0.20,0.20
2008.02.21 07:26:40.666,1.6184,1.6185,0.20,0.20
2008.02.21 07:26:40.880,1.6184,1.6185,0.20,0.20
2008.02.21 07:26:41.703,1.6184,1.6185,0.20,0.20
2008.02.21 07:26:41.906,1.6184,1.6185,0.20,0.20
2008.02.21 07:26:42.121,1.6184,1.6185,0.20,0.20
2008.02.21 07:26:43.576,1.6184,1.6185,0.20,0.20
2008.02.21 07:26:43.755,1.6184,1.6185,0.20,0.20
2008.02.21 07:26:43.934,1.6184,1.6185,0.20,0.20
2008.02.21 07:26:44.116,1.6184,1.6185,0.20,0.20
2008.02.21 07:26:44.295,1.6184,1.6185,0.20,0.20
2008.02.21 07:26:44.544,1.6184,1.6185,0.20,0.20
2008.02.21 07:26:44.793,1.6184,1.6185,0.20,0.20
2008.02.21 07:26:45.042,1.6184,1.6185,0.20,0.20
2008.02.21 07:26:45.291,1.6184,1.6185,0.20,0.20
2008.02.21 07:26:45.551,1.6184,1.6185,0.20,0.20
2008.02.21 07:26:45.809,1.6184,1.6185,0.20,0.20
2008.02.21 07:26:47.664,1.6184,1.6185,0.20,0.20
2008.02.21 07:26:47.807,1.6184,1.6185,0.20,0.20
2008.02.21 07:26:47.942,1.61845,1.6185,0.20,0.20
2008.02.21 07:26:48.075,1.61845,1.6185,0.20,0.20
2008.02.21 07:26:48.208,1.61845,1.6185,0.20,0.20
2008.02.21 07:26:48.342,1.61845,1.61855,0.20,2.40
2008.02.21 07:26:48.611,1.61845,1.61855,0.20,0.05
2008.02.21 07:26:48.880,1.61845,1.61855,0.20,0.05
2008.02.21 07:26:49.150,1.61845,1.61855,0.20,0.05
2008.02.21 07:26:49.419,1.61845,1.61855,0.20,0.05
2008.02.21 07:26:49.587,1.61845,1.61855,0.20,0.05
2008.02.21 07:26:49.880,1.61845,1.61855,0.20,0.05
2008.02.21 07:26:50.393,1.61845,1.61855,0.20,0.05
2008.02.21 07:26:50.619,1.61845,1.6185,0.20,0.20
2008.02.21 07:26:50.834,1.6184,1.6185,0.20,0.20
2008.02.21 07:26:51.047,1.6184,1.6185,0.20,0.20
2008.02.21 07:26:51.269,1.6184,1.6185,0.20,0.20
2008.02.21 07:26:51.339,1.6184,1.6185,0.20,0.20
2008.02.21 07:26:51.483,1.6184,1.6185,0.20,0.20
2008.02.21 07:26:51.757,1.6184,1.6185,0.20,0.20
2008.02.21 07:26:52.031,1.6184,1.6185,0.20,0.20
2008.02.21 07:26:52.305,1.6184,1.6185,0.20,0.20
2008.02.21 07:26:52.580,1.6184,1.6185,0.20,0.20
2008.02.21 07:26:52.798,1.6184,1.6185,0.20,0.20
2008.02.21 07:26:53.018,1.6184,1.6185,0.40,0.20
2008.02.21 07:26:53.237,1.6184,1.6185,0.40,0.20
2008.02.21 07:26:53.455,1.6184,1.6185,0.40,0.20
2008.02.21 07:26:53.736,1.6184,1.6185,0.40,0.20
2008.02.21 07:26:54.111,1.61845,1.6185,0.20,0.20
2008.02.21 07:26:54.346,1.6184,1.61855,0.40,0.05
2008.02.21 07:26:54.580,1.6184,1.61855,0.20,0.05
2008.02.21 07:26:54.799,1.6184,1.61855,0.20,0.05
2008.02.21 07:26:55.017,1.6184,1.61855,0.20,0.05
2008.02.21 07:26:55.236,1.6184,1.6185,0.20,0.05
2008.02.21 07:26:55.466,1.6184,1.6185,0.20,0.20
2008.02.21 07:26:55.674,1.6184,1.6185,0.20,0.20
2008.02.21 07:26:55.937,1.6184,1.6185,0.20,0.20
2008.02.21 07:26:56.202,1.6184,1.6185,0.20,0.20
2008.02.21 07:26:56.465,1.6184,1.6185,0.20,0.20
2008.02.21 07:26:58.102,1.61835,1.61845,0.50,0.05
2008.02.21 07:26:58.237,1.6184,1.6185,0.20,0.20
2008.02.21 07:26:58.371,1.6184,1.6185,0.20,0.20
2008.02.21 07:26:58.505,1.61835,1.61845,0.50,0.05
2008.02.21 07:26:58.639,1.61835,1.61845,0.50,0.05
2008.02.21 07:26:58.973,1.61835,1.61845,0.50,0.05
2008.02.21 07:26:59.314,1.61835,1.61845,0.50,0.05
2008.02.21 07:26:59.649,1.61835,1.61845,0.20,0.05
2008.02.21 07:26:59.873,1.61835,1.61845,0.20,0.05
2008.02.21 07:27:00.960,1.61835,1.61845,0.20,0.05
2008.02.21 07:27:01.175,1.61835,1.61845,0.20,0.05
2008.02.21 07:27:01.504,1.61835,1.61845,0.20,0.05
2008.02.21 07:27:01.714,1.61835,1.61845,0.20,0.05
2008.02.21 07:27:01.897,1.61835,1.61845,0.20,0.05
2008.02.21 07:27:02.080,1.61835,1.61845,0.20,0.05
2008.02.21 07:27:02.264,1.61835,1.61845,0.20,0.05
2008.02.21 07:27:02.448,1.61835,1.61845,0.20,0.05
2008.02.21 07:27:02.631,1.61835,1.61845,0.20,0.05
2008.02.21 07:27:03.440,1.61835,1.61845,0.20,0.05
2008.02.21 07:27:03.644,1.61835,1.61845,0.20,0.05
2008.02.21 07:27:03.849,1.6184,1.6185,0.20,0.20
2008.02.21 07:27:04.171,1.6184,1.6185,0.20,0.20
2008.02.21 07:27:04.332,1.6184,1.6185,0.20,0.20
2008.02.21 07:27:04.491,1.6184,1.6185,0.20,0.20
2008.02.21 07:27:04.651,1.61835,1.6185,0.20,0.20
2008.02.21 07:27:04.820,1.6184,1.6185,0.20,0.20
2008.02.21 07:27:05.120,1.6183,1.6184,0.20,0.20
2008.02.21 07:27:05.430,1.6183,1.6184,0.20,0.20
2008.02.21 07:27:05.739,1.6183,1.6184,0.20,0.20
2008.02.21 07:27:06.051,1.6183,1.6184,0.20,0.20
2008.02.21 07:27:06.302,1.6183,1.6184,0.20,0.20
2008.02.21 07:27:06.541,1.6183,1.6184,0.20,0.20
2008.02.21 07:27:06.780,1.6183,1.6184,0.20,0.20
2008.02.21 07:27:07.035,1.6183,1.6184,0.40,0.20
2008.02.21 07:27:07.284,1.6183,1.6184,0.20,0.20
2008.02.21 07:27:07.532,1.6183,1.6184,0.20,0.20
2008.02.21 07:27:08.124,1.6183,1.6184,0.20,0.20
2008.02.21 07:27:09.691,1.6183,1.6184,0.20,0.20
2008.02.21 07:27:09.875,1.6183,1.6184,0.20,0.20
2008.02.21 07:27:10.641,1.6183,1.6184,0.20,0.20
2008.02.21 07:27:10.830,1.6183,1.6184,0.20,0.20
2008.02.21 07:27:11.019,1.6184,1.6185,0.20,0.60
2008.02.21 07:27:11.208,1.6184,1.6185,0.20,0.70
2008.02.21 07:27:11.399,1.61835,1.61845,0.20,0.05
2008.02.21 07:27:11.588,1.61835,1.61845,0.20,0.05
2008.02.21 07:27:11.776,1.61835,1.61845,0.20,0.05
2008.02.21 07:27:11.966,1.61835,1.61845,0.20,0.05
2008.02.21 07:27:12.144,1.61835,1.61845,0.20,0.05
2008.02.21 07:27:12.323,1.61835,1.61845,0.20,0.05
2008.02.21 07:27:12.641,1.61835,1.61845,0.20,0.05
2008.02.21 07:27:12.820,1.61835,1.6184,0.20,0.20
2008.02.21 07:27:13.005,1.61835,1.6184,0.20,0.20
2008.02.21 07:27:13.183,1.61835,1.6184,0.20,0.20
2008.02.21 07:27:13.352,1.6183,1.6184,0.40,0.20
2008.02.21 07:27:13.520,1.6183,1.6184,0.40,0.20
2008.02.21 07:27:13.696,1.6183,1.6184,0.40,0.20
2008.02.21 07:27:13.856,1.6183,1.6184,0.40,0.20
2008.02.21 07:27:14.024,1.6183,1.6184,0.40,0.20
2008.02.21 07:27:14.356,1.6183,1.6184,0.40,0.20
2008.02.21 07:27:14.479,1.6183,1.6184,0.40,0.20
2008.02.21 07:27:14.602,1.6183,1.6184,0.40,0.20
2008.02.21 07:27:14.727,1.61835,1.61845,0.20,0.80
2008.02.21 07:27:14.850,1.61835,1.61845,0.20,0.80
2008.02.21 07:27:14.973,1.61835,1.61845,0.20,0.80
2008.02.21 07:27:15.096,1.61835,1.61845,0.20,0.05
2008.02.21 07:27:15.442,1.61835,1.61845,0.20,0.05
2008.02.21 07:27:15.526,1.61835,1.61845,0.20,0.05
2008.02.21 07:27:15.647,1.61835,1.6184,0.20,0.20
2008.02.21 07:27:15.731,1.6183,1.6184,0.40,0.20
2008.02.21 07:27:15.815,1.6183,1.6184,0.40,0.20
2008.02.21 07:27:15.999,1.6183,1.6184,0.40,0.20
2008.02.21 07:27:16.211,1.6183,1.6184,0.40,0.20
2008.02.21 07:27:17.147,1.6183,1.6184,0.20,0.20
2008.02.21 07:27:17.251,1.6183,1.6184,0.20,0.20
2008.02.21 07:27:17.443,1.6183,1.6184,0.20,0.20
2008.02.21 07:27:18.158,1.6183,1.6184,0.20,0.20
2008.02.21 07:27:18.479,1.6183,1.6184,0.40,0.20
2008.02.21 07:27:18.779,1.6183,1.6184,0.20,0.20
2008.02.21 07:27:19.088,1.6183,1.6184,0.20,0.20
2008.02.21 07:27:19.526,1.6183,1.6184,0.20,0.20
2008.02.21 07:27:19.752,1.6183,1.6184,0.40,0.20
2008.02.21 07:27:19.986,1.6183,1.6184,0.20,0.20
2008.02.21 07:27:20.199,1.6183,1.6184,0.20,0.20
2008.02.21 07:27:20.412,1.6183,1.6184,0.20,0.20
2008.02.21 07:27:21.220,1.6183,1.6184,0.20,0.20
2008.02.21 07:27:21.926,1.6183,1.6184,0.40,0.20
2008.02.21 07:27:22.098,1.6183,1.6184,0.40,0.20
2008.02.21 07:27:22.272,1.6183,1.6184,0.40,0.20
2008.02.21 07:27:22.464,1.6183,1.6184,0.40,0.20
2008.02.21 07:27:22.619,1.6183,1.6184,0.20,0.20
2008.02.21 07:27:22.773,1.6183,1.6184,0.20,0.20
2008.02.21 07:27:22.997,1.6183,1.6184,0.20,0.20
2008.02.21 07:27:23.229,1.6183,1.6184,0.20,0.20
2008.02.21 07:27:23.382,1.6183,1.6184,0.40,0.20
2008.02.21 07:27:23.700,1.6183,1.6184,0.40,0.20
2008.02.21 07:27:24.018,1.6183,1.6184,0.40,0.20
2008.02.21 07:27:24.338,1.6183,1.6184,0.40,0.20
2008.02.21 07:27:24.518,1.61835,1.61845,0.20,0.80
2008.02.21 07:27:24.696,1.61835,1.61845,0.20,0.80
2008.02.21 07:27:24.875,1.61835,1.61845,0.20,0.05
2008.02.21 07:27:25.202,1.61835,1.61845,0.20,0.05
2008.02.21 07:27:25.382,1.61835,1.61845,0.20,0.05
2008.02.21 07:27:25.686,1.61835,1.61845,0.20,0.05
2008.02.21 07:27:25.839,1.61835,1.61845,0.20,0.05
2008.02.21 07:27:26.034,1.61835,1.61845,0.20,0.05
2008.02.21 07:27:26.201,1.61835,1.61845,0.20,0.05
2008.02.21 07:27:29.416,1.61835,1.61845,0.20,0.05
2008.02.21 07:27:29.730,1.61835,1.61845,0.20,0.05
2008.02.21 07:27:29.850,1.61835,1.61845,0.20,0.05
2008.02.21 07:27:30.051,1.61835,1.61845,0.20,0.05
2008.02.21 07:27:31.169,1.61835,1.61845,0.20,0.05
2008.02.21 07:27:31.692,1.61835,1.61845,0.20,0.05
2008.02.21 07:27:31.775,1.61835,1.61845,0.20,0.05
2008.02.21 07:27:31.988,1.61835,1.61845,0.20,0.05
2008.02.21 07:27:32.201,1.61835,1.61845,0.20,0.05
2008.02.21 07:27:32.574,1.61835,1.61845,0.20,0.05
2008.02.21 07:27:32.682,1.61835,1.61845,0.20,0.05
2008.02.21 07:27:32.941,1.61835,1.61845,0.20,0.05
2008.02.21 07:27:33.200,1.61835,1.61845,0.20,0.05
2008.02.21 07:27:33.466,1.61835,1.61845,0.20,0.05
2008.02.21 07:27:33.725,1.61835,1.61845,0.20,0.05
2008.02.21 07:27:33.838,1.61835,1.61845,0.20,0.05
2008.02.21 07:27:34.010,1.61835,1.61845,0.20,0.05
2008.02.21 07:27:35.709,1.61835,1.61845,0.20,0.05
2008.02.21 07:27:35.798,1.61835,1.61845,0.20,0.05
2008.02.21 07:27:35.887,1.61835,1.61845,0.20,0.05
2008.02.21 07:27:38.155,1.61835,1.61845,0.20,0.05
2008.02.21 07:27:38.208,1.61835,1.61845,0.20,0.05
2008.02.21 07:27:38.408,1.61835,1.61845,0.20,0.05
2008.02.21 07:27:39.498,1.61835,1.61845,0.20,0.05
2008.02.21 07:27:39.925,1.61835,1.61845,0.20,0.05
2008.02.21 07:27:43.189,1.61835,1.61845,0.20,0.05
2008.02.21 07:27:43.220,1.61835,1.61845,0.20,0.05
2008.02.21 07:27:43.256,1.61835,1.61845,0.20,0.05
2008.02.21 07:27:43.702,1.61835,1.61845,0.20,0.05
2008.02.21 07:27:46.239,1.61835,1.61845,0.20,0.05
2008.02.21 07:27:46.373,1.61835,1.61845,0.20,0.05
2008.02.21 07:27:46.506,1.61835,1.61845,0.20,0.05
2008.02.21 07:27:46.761,1.61835,1.61845,0.20,0.05
2008.02.21 07:27:46.893,1.61835,1.61845,0.20,0.05
2008.02.21 07:27:47.228,1.61835,1.61845,0.20,0.05
2008.02.21 07:27:47.561,1.61835,1.61845,0.20,0.05
2008.02.21 07:27:47.906,1.61835,1.61845,0.20,0.05
2008.02.21 07:27:48.095,1.61835,1.61845,0.20,0.05
2008.02.21 07:27:48.293,1.61835,1.61845,0.20,0.05
2008.02.21 07:27:48.490,1.61835,1.61845,0.20,0.05
2008.02.21 07:27:48.769,1.61835,1.61845,0.20,0.05
2008.02.21 07:27:50.179,1.61835,1.61845,0.20,0.05
2008.02.21 07:27:50.242,1.61835,1.61845,0.20,4.00
2008.02.21 07:27:50.307,1.61835,1.6184,0.20,0.20
2008.02.21 07:27:50.370,1.61835,1.6184,0.20,0.20
2008.02.21 07:27:50.434,1.61835,1.61845,0.20,0.05
2008.02.21 07:27:50.498,1.61835,1.61845,0.20,0.80
2008.02.21 07:27:50.699,1.61835,1.61845,0.20,0.80
2008.02.21 07:27:50.760,1.61835,1.61845,0.20,0.80
2008.02.21 07:27:50.938,1.6184,1.61845,0.20,0.80
2008.02.21 07:27:51.001,1.6184,1.61845,0.20,0.80
2008.02.21 07:27:51.334,1.6184,1.61845,0.20,0.05
2008.02.21 07:27:51.680,1.61835,1.61845,0.20,0.05
2008.02.21 07:27:52.016,1.61835,1.61845,0.20,0.05
2008.02.21 07:27:52.229,1.61835,1.61845,0.20,0.05
2008.02.21 07:27:52.443,1.61825,1.6183,10.40,0.05
2008.02.21 07:27:52.469,1.61825,1.6183,10.40,0.05
2008.02.21 07:27:52.657,1.6182,1.6183,0.40,0.05
2008.02.21 07:27:52.871,1.6182,1.6183,0.40,0.05
2008.02.21 07:27:53.085,1.6182,1.6183,0.40,0.05
2008.02.21 07:27:53.395,1.6182,1.6183,0.20,0.05
2008.02.21 07:27:53.704,1.6182,1.6183,0.20,0.05
2008.02.21 07:27:54.012,1.6182,1.6183,0.20,0.05
2008.02.21 07:27:54.263,1.6182,1.6183,0.20,0.05
2008.02.21 07:27:54.669,1.6182,1.6183,0.20,0.05
2008.02.21 07:27:54.868,1.6182,1.6183,0.40,0.05
2008.02.21 07:27:55.067,1.6182,1.6183,0.40,0.05
2008.02.21 07:27:55.292,1.6182,1.6183,0.20,0.05
2008.02.21 07:27:55.515,1.6182,1.6183,0.20,0.05
2008.02.21 07:27:55.739,1.6182,1.6183,0.20,0.05
2008.02.21 07:27:55.963,1.6182,1.6183,0.40,0.05
2008.02.21 07:27:56.217,1.6182,1.6183,0.40,0.05
2008.02.21 07:27:56.426,1.6182,1.6183,0.40,0.05
2008.02.21 07:27:56.633,1.6182,1.6183,0.40,0.05
2008.02.21 07:27:56.843,1.6182,1.6183,0.40,0.05
2008.02.21 07:27:57.050,1.6182,1.6183,0.40,0.05
2008.02.21 07:27:57.259,1.6182,1.6183,0.40,0.05
2008.02.21 07:27:57.478,1.6182,1.6183,0.40,0.05
2008.02.21 07:27:57.753,1.6182,1.6183,0.40,0.05
2008.02.21 07:27:57.972,1.6182,1.6183,0.40,0.05
2008.02.21 07:27:58.191,1.6182,1.6183,0.40,0.05
2008.02.21 07:27:58.463,1.6182,1.6183,0.40,0.05
2008.02.21 07:27:58.705,1.6182,1.6183,0.40,0.05
2008.02.21 07:27:58.949,1.6182,1.6183,0.40,0.05
2008.02.21 07:27:59.193,1.6182,1.6183,0.40,0.05
2008.02.21 07:27:59.415,1.6182,1.6183,0.40,0.05
2008.02.21 07:27:59.584,1.6182,1.6183,0.40,0.05
2008.02.21 07:27:59.761,1.6182,1.6183,0.40,0.05
2008.02.21 07:28:00.205,1.6182,1.6183,0.40,0.05
2008.02.21 07:28:00.309,1.6182,1.6183,0.40,0.05
2008.02.21 07:28:00.412,1.61825,1.61835,0.20,0.80
2008.02.21 07:28:00.516,1.61825,1.61835,0.20,0.80
2008.02.21 07:28:00.619,1.61825,1.61835,0.20,0.80
2008.02.21 07:28:00.755,1.61825,1.61835,0.20,0.05
2008.02.21 07:28:00.955,1.61825,1.61835,0.20,0.05
2008.02.21 07:28:01.269,1.61825,1.61835,0.20,0.05
2008.02.21 07:28:01.507,1.61825,1.61835,0.20,0.05
2008.02.21 07:28:01.747,1.61825,1.61835,0.20,0.05
2008.02.21 07:28:01.986,1.61825,1.61835,0.20,0.05
2008.02.21 07:28:02.225,1.61825,1.61835,0.20,0.80
2008.02.21 07:28:02.464,1.61825,1.6183,0.20,0.20
2008.02.21 07:28:02.943,1.61825,1.6183,0.20,0.20
2008.02.21 07:28:05.012,1.61825,1.6183,0.20,0.20
2008.02.21 07:28:05.182,1.61825,1.6183,0.20,0.20
2008.02.21 07:28:05.370,1.6181,1.6182,8.30,0.05
2008.02.21 07:28:05.490,1.6181,1.6182,8.30,0.20
2008.02.21 07:28:05.664,1.6181,1.6182,0.40,0.20
2008.02.21 07:28:05.840,1.6181,1.6182,0.20,0.20
2008.02.21 07:28:06.014,1.61805,1.6181,0.20,0.20
2008.02.21 07:28:06.188,1.618,1.6181,0.20,0.20
2008.02.21 07:28:06.376,1.618,1.6181,0.20,0.20
2008.02.21 07:28:06.550,1.61805,1.61815,0.20,0.05
2008.02.21 07:28:06.777,1.61805,1.61815,0.20,0.05
2008.02.21 07:28:07.006,1.61805,1.61815,0.20,0.05
2008.02.21 07:28:07.234,1.61805,1.61815,0.20,0.05
2008.02.21 07:28:07.463,1.61805,1.61815,0.20,0.05
2008.02.21 07:28:07.687,1.61805,1.61815,0.20,0.05
2008.02.21 07:28:07.910,1.61805,1.61815,0.20,0.05
2008.02.21 07:28:08.135,1.61805,1.6181,0.20,0.20
2008.02.21 07:28:08.358,1.61805,1.6181,0.20,0.20
2008.02.21 07:28:08.582,1.61805,1.61815,0.20,0.05
2008.02.21 07:28:08.856,1.61805,1.61815,0.20,0.05
2008.02.21 07:28:09.130,1.61805,1.61815,0.20,0.05
2008.02.21 07:28:09.404,1.61805,1.61815,0.20,0.05
2008.02.21 07:28:09.678,1.61805,1.61815,0.20,0.05
2008.02.21 07:28:09.867,1.61805,1.61815,0.20,0.05
2008.02.21 07:28:10.056,1.61805,1.61815,0.20,0.05
2008.02.21 07:28:10.244,1.61805,1.61815,0.20,0.05
2008.02.21 07:28:10.517,1.61805,1.61815,0.20,0.05
2008.02.21 07:28:10.754,1.61805,1.61815,0.20,0.05
2008.02.21 07:28:10.993,1.61805,1.61815,0.20,0.05
2008.02.21 07:28:11.450,1.61805,1.61815,0.20,0.05
2008.02.21 07:28:11.690,1.61805,1.61815,0.20,0.05
2008.02.21 07:28:11.833,1.61805,1.61815,0.20,0.05
2008.02.21 07:28:11.977,1.61805,1.61815,0.20,0.05
2008.02.21 07:28:12.153,1.61805,1.61815,0.20,0.05
2008.02.21 07:28:12.298,1.61805,1.61815,0.20,0.05
2008.02.21 07:28:12.444,1.61805,1.61815,0.20,0.05
2008.02.21 07:28:12.586,1.61805,1.61815,0.20,0.05
2008.02.21 07:28:13.172,1.61805,1.6181,0.20,0.20
2008.02.21 07:28:13.461,1.61805,1.61815,0.20,0.05
2008.02.21 07:28:13.750,1.61805,1.61815,0.20,0.05
2008.02.21 07:28:13.927,1.61805,1.61815,0.20,0.05
2008.02.21 07:28:14.747,1.61805,1.61815,0.20,0.05
2008.02.21 07:28:15.689,1.61805,1.61815,0.20,0.05
2008.02.21 07:28:15.882,1.61805,1.61815,0.20,0.05
2008.02.21 07:28:16.084,1.61805,1.61815,0.20,0.05
2008.02.21 07:28:16.269,1.61805,1.61815,0.20,0.05
2008.02.21 07:28:16.462,1.61805,1.61815,0.20,0.05
2008.02.21 07:28:16.655,1.61805,1.61815,0.20,0.05
2008.02.21 07:28:16.849,1.61805,1.61815,0.20,0.05
2008.02.21 07:28:18.440,1.61805,1.6181,0.20,0.20
2008.02.21 07:28:18.599,1.61805,1.6181,0.20,0.20
2008.02.21 07:28:18.759,1.61805,1.61815,0.20,0.05
2008.02.21 07:28:19.017,1.61805,1.61815,0.20,0.05
2008.02.21 07:28:19.275,1.61805,1.61815,0.20,0.05
2008.02.21 07:28:19.583,1.61805,1.61815,0.20,0.05
2008.02.21 07:28:20.422,1.61805,1.61815,0.20,0.05
2008.02.21 07:28:20.646,1.61805,1.61815,0.20,0.80
2008.02.21 07:28:20.870,1.618,1.6181,0.40,0.05
2008.02.21 07:28:21.069,1.61805,1.61815,0.20,0.80
2008.02.21 07:28:21.269,1.61805,1.61815,0.20,0.05
2008.02.21 07:28:21.468,1.61805,1.61815,0.20,0.05
2008.02.21 07:28:21.666,1.618,1.6181,0.40,0.05
2008.02.21 07:28:21.865,1.618,1.6181,0.40,0.05
2008.02.21 07:28:22.100,1.618,1.6181,0.40,0.05
2008.02.21 07:28:22.302,1.618,1.6181,0.40,0.05
2008.02.21 07:28:22.497,1.618,1.6181,0.20,0.05
2008.02.21 07:28:22.693,1.618,1.6181,0.40,0.05
2008.02.21 07:28:22.888,1.618,1.6181,0.40,0.05
2008.02.21 07:28:23.096,1.618,1.6181,0.40,0.05
2008.02.21 07:28:23.306,1.618,1.6181,0.40,0.05
2008.02.21 07:28:23.515,1.618,1.6181,0.40,0.05
2008.02.21 07:28:23.723,1.618,1.6181,0.40,0.05
2008.02.21 07:28:23.932,1.618,1.6181,0.40,0.05
2008.02.21 07:28:24.161,1.618,1.6181,0.20,0.05
2008.02.21 07:28:24.390,1.618,1.6181,0.20,0.05
2008.02.21 07:28:25.016,1.618,1.6181,0.20,0.05
2008.02.21 07:28:25.286,1.618,1.6181,0.20,0.05
2008.02.21 07:28:25.554,1.618,1.6181,0.20,0.05
2008.02.21 07:28:25.824,1.61805,1.61815,0.20,0.05
2008.02.21 07:28:26.092,1.61805,1.61815,0.20,0.05
2008.02.21 07:28:26.325,1.61805,1.61815,0.20,0.05
2008.02.21 07:28:26.569,1.618,1.6181,0.20,0.05
2008.02.21 07:28:26.801,1.618,1.6181,0.40,0.05
2008.02.21 07:28:27.034,1.618,1.6181,0.40,0.05
2008.02.21 07:28:27.208,1.618,1.6181,0.40,0.05
2008.02.21 07:28:27.384,1.618,1.6181,0.20,0.05
2008.02.21 07:28:27.558,1.618,1.6181,0.20,0.05
2008.02.21 07:28:27.732,1.618,1.6181,0.20,0.05
2008.02.21 07:28:27.907,1.618,1.6181,0.20,0.05
2008.02.21 07:28:28.081,1.61805,1.61815,0.20,0.05
2008.02.21 07:28:28.395,1.61805,1.61815,0.20,0.05
2008.02.21 07:28:28.708,1.61805,1.61815,0.20,0.05
2008.02.21 07:28:29.022,1.61805,1.61815,0.20,0.05
2008.02.21 07:28:29.251,1.61815,1.61825,0.20,0.05
2008.02.21 07:28:29.479,1.61815,1.61825,0.20,0.05
2008.02.21 07:28:29.713,1.61815,1.61825,0.20,0.05
2008.02.21 07:28:29.943,1.61815,1.61825,0.20,0.05
2008.02.21 07:28:30.171,1.6182,1.6183,0.20,0.20
2008.02.21 07:28:30.416,1.6182,1.6183,0.20,0.05
2008.02.21 07:28:30.660,1.6182,1.6183,0.20,0.05
2008.02.21 07:28:30.903,1.6182,1.6183,0.20,0.05
2008.02.21 07:28:31.146,1.6182,1.6183,0.20,0.05
2008.02.21 07:28:31.404,1.6182,1.6183,0.20,0.05
2008.02.21 07:28:31.662,1.6182,1.6183,0.20,0.05
2008.02.21 07:28:31.921,1.6182,1.6183,0.20,0.05
2008.02.21 07:28:32.179,1.6182,1.6183,0.20,0.05
2008.02.21 07:28:32.408,1.6182,1.6183,0.20,0.05
2008.02.21 07:28:32.638,1.6182,1.6183,0.20,0.80
2008.02.21 07:28:32.872,1.6182,1.6183,0.20,1.00
2008.02.21 07:28:33.100,1.6182,1.6183,0.20,1.00
2008.02.21 07:28:33.283,1.61815,1.61825,0.20,0.05
2008.02.21 07:28:33.469,1.61815,1.61825,0.20,0.05
2008.02.21 07:28:33.652,1.61815,1.61825,0.20,0.05
2008.02.21 07:28:33.836,1.61815,1.61825,0.20,0.05
2008.02.21 07:28:34.020,1.61815,1.61825,0.20,0.80
2008.02.21 07:28:34.203,1.61815,1.61825,0.20,0.80
2008.02.21 07:28:34.527,1.61815,1.61825,0.20,0.80
2008.02.21 07:28:35.387,1.61815,1.61825,0.20,1.60
2008.02.21 07:28:35.588,1.61815,1.6182,0.20,0.80
2008.02.21 07:28:35.784,1.61805,1.6182,0.20,0.80
2008.02.21 07:28:35.979,1.61805,1.6182,0.20,0.80
2008.02.21 07:28:36.182,1.61805,1.6182,0.20,0.80
2008.02.21 07:28:36.465,1.61805,1.6182,0.20,0.80
2008.02.21 07:28:36.749,1.61805,1.6182,0.20,0.05
2008.02.21 07:28:37.033,1.6181,1.61825,0.20,0.05
2008.02.21 07:28:37.316,1.6181,1.61825,0.20,0.05
2008.02.21 07:28:37.977,1.6181,1.61825,0.20,0.05
2008.02.21 07:28:38.493,1.6181,1.61825,0.20,0.05
2008.02.21 07:28:39.346,1.61815,1.61825,0.20,0.05
2008.02.21 07:28:39.518,1.61815,1.61825,0.20,0.05
2008.02.21 07:28:39.693,1.61815,1.61825,0.20,0.05
2008.02.21 07:28:39.866,1.61815,1.61825,0.20,0.05
2008.02.21 07:28:40.039,1.61815,1.61825,0.20,0.05
2008.02.21 07:28:40.266,1.61815,1.61825,0.20,0.05
2008.02.21 07:28:40.501,1.61815,1.61825,0.20,0.05
2008.02.21 07:28:40.735,1.61815,1.61825,0.20,0.05
2008.02.21 07:28:41.632,1.6181,1.61825,0.20,0.05
2008.02.21 07:28:41.882,1.61815,1.61825,0.20,0.05
2008.02.21 07:28:42.131,1.61815,1.61825,0.20,0.05
2008.02.21 07:28:42.381,1.61815,1.61825,0.20,0.05
2008.02.21 07:28:42.624,1.61815,1.61825,0.20,0.05
2008.02.21 07:28:42.875,1.61815,1.61825,0.20,0.05
2008.02.21 07:28:43.119,1.61815,1.61825,0.20,0.05
2008.02.21 07:28:43.362,1.6181,1.6182,0.20,0.05
2008.02.21 07:28:43.604,1.6181,1.6182,0.20,0.05
2008.02.21 07:28:43.846,1.6181,1.6182,0.20,0.05
2008.02.21 07:28:44.084,1.6181,1.6182,0.20,0.05
2008.02.21 07:28:44.322,1.6181,1.6182,0.20,0.05
2008.02.21 07:28:44.561,1.6181,1.6182,0.40,0.05
2008.02.21 07:28:44.760,1.6182,1.6183,0.20,1.00
2008.02.21 07:28:44.961,1.6182,1.6183,0.40,0.05
2008.02.21 07:28:45.164,1.6182,1.6183,0.40,0.05
2008.02.21 07:28:45.364,1.6182,1.6183,0.20,0.05
2008.02.21 07:28:45.563,1.6182,1.6183,0.20,0.05
2008.02.21 07:28:45.837,1.6182,1.6183,0.20,0.05
2008.02.21 07:28:46.111,1.61815,1.61825,0.20,0.05
2008.02.21 07:28:46.385,1.61815,1.61825,0.20,0.05
2008.02.21 07:28:46.574,1.61815,1.61825,0.20,0.05
2008.02.21 07:28:46.769,1.61815,1.61825,0.20,0.05
2008.02.21 07:28:46.958,1.61815,1.61825,0.20,0.05
2008.02.21 07:28:47.147,1.61815,1.61825,0.20,0.05
2008.02.21 07:28:47.338,1.6181,1.6182,0.20,0.05
2008.02.21 07:28:47.525,1.6181,1.6182,0.20,0.05
2008.02.21 07:28:47.789,1.6181,1.6182,0.20,0.05
2008.02.21 07:28:48.053,1.6181,1.6182,0.20,0.05
2008.02.21 07:28:48.316,1.6181,1.6182,0.20,0.05
2008.02.21 07:28:48.581,1.6181,1.6182,0.20,0.05
2008.02.21 07:28:49.443,1.6181,1.6182,0.20,0.05
2008.02.21 07:28:49.595,1.6181,1.6182,0.20,0.05
2008.02.21 07:28:49.698,1.6181,1.6182,0.20,0.05
2008.02.21 07:28:50.695,1.6181,1.6182,0.20,0.05
2008.02.21 07:28:50.834,1.6181,1.6182,0.40,0.05
2008.02.21 07:28:50.974,1.6181,1.6182,0.20,0.05
2008.02.21 07:28:51.113,1.6181,1.6182,0.20,0.05
2008.02.21 07:28:51.251,1.6181,1.6182,0.20,0.05
2008.02.21 07:28:51.399,1.6181,1.6182,0.20,0.05
2008.02.21 07:28:51.529,1.6181,1.6182,0.20,0.05
2008.02.21 07:28:51.864,1.6181,1.6182,0.40,0.05
2008.02.21 07:28:52.205,1.6181,1.6182,0.40,0.05
2008.02.21 07:28:52.540,1.61815,1.61825,0.20,0.05
2008.02.21 07:28:52.735,1.61815,1.61825,0.20,0.05
2008.02.21 07:28:52.929,1.61815,1.61825,0.20,0.05
2008.02.21 07:28:53.123,1.61815,1.61825,0.20,0.05
2008.02.21 07:28:53.316,1.61815,1.61825,0.20,0.05
2008.02.21 07:28:53.520,1.61815,1.61825,0.20,0.05
2008.02.21 07:28:53.824,1.61815,1.61825,0.20,0.05
2008.02.21 07:28:54.128,1.61815,1.61825,0.20,0.05
2008.02.21 07:28:54.441,1.61815,1.61825,0.20,0.05
2008.02.21 07:28:54.745,1.61815,1.61825,0.20,0.05
2008.02.21 07:28:54.935,1.61815,1.61825,0.20,0.05
2008.02.21 07:28:55.195,1.61815,1.61825,0.20,0.05
2008.02.21 07:28:59.304,1.61815,1.61825,0.20,0.05
2008.02.21 07:28:59.734,1.61815,1.61825,0.20,0.05
2008.02.21 07:29:01.758,1.61815,1.61825,0.20,0.05
2008.02.21 07:29:02.449,1.61815,1.61825,0.20,0.05
2008.02.21 07:29:02.523,1.61815,1.61825,0.20,0.05
2008.02.21 07:29:02.676,1.61815,1.61825,0.20,0.05
2008.02.21 07:29:02.750,1.61815,1.61825,0.20,0.05
2008.02.21 07:29:02.825,1.61815,1.61825,0.20,0.05
2008.02.21 07:29:03.074,1.61815,1.61825,0.20,0.05
2008.02.21 07:29:03.324,1.61815,1.61825,0.20,0.05
2008.02.21 07:29:03.572,1.61815,1.61825,0.20,0.05
2008.02.21 07:29:04.931,1.61815,1.61825,0.20,0.05
2008.02.21 07:29:05.243,1.61815,1.61825,0.20,0.05
2008.02.21 07:29:05.397,1.61815,1.61825,0.20,0.05
2008.02.21 07:29:05.526,1.61815,1.61825,0.20,0.05
2008.02.21 07:29:05.654,1.61815,1.61825,0.20,0.05
2008.02.21 07:29:05.790,1.61815,1.61825,0.20,0.05
2008.02.21 07:29:05.970,1.61815,1.61825,0.20,0.05
2008.02.21 07:29:06.255,1.61815,1.61825,0.20,0.05
2008.02.21 07:29:06.699,1.61815,1.61825,0.20,0.05
2008.02.21 07:29:06.977,1.61815,1.61825,0.20,0.05
2008.02.21 07:29:07.127,1.61815,1.61825,0.20,0.05
2008.02.21 07:29:07.275,1.61815,1.6183,0.20,0.05
2008.02.21 07:29:07.424,1.61815,1.6183,0.20,0.05
2008.02.21 07:29:07.573,1.6182,1.6183,0.20,0.05
2008.02.21 07:29:07.722,1.6182,1.6183,0.20,0.05
2008.02.21 07:29:07.879,1.6182,1.6183,0.20,0.05
2008.02.21 07:29:08.027,1.6182,1.6183,0.20,0.05
2008.02.21 07:29:08.463,1.6182,1.6183,0.20,0.05
2008.02.21 07:29:08.635,1.6182,1.6183,0.20,0.05
2008.02.21 07:29:09.185,1.6182,1.6183,0.20,0.05
2008.02.21 07:29:09.481,1.6182,1.6183,0.20,0.05
2008.02.21 07:29:09.699,1.6182,1.6183,0.20,0.05
2008.02.21 07:29:09.945,1.6182,1.6183,0.20,0.05
2008.02.21 07:29:10.049,1.6182,1.6183,0.20,0.05
2008.02.21 07:29:10.152,1.61815,1.61825,0.20,0.05
2008.02.21 07:29:10.256,1.61815,1.61825,0.20,0.05
2008.02.21 07:29:10.439,1.61815,1.61825,0.20,0.05
2008.02.21 07:29:11.218,1.61815,1.61825,0.20,0.05
2008.02.21 07:29:11.403,1.61815,1.61825,0.20,0.05
2008.02.21 07:29:11.587,1.61815,1.61825,0.20,0.05
2008.02.21 07:29:11.770,1.61815,1.61825,0.20,0.05
2008.02.21 07:29:11.954,1.61815,1.61825,0.20,0.05
2008.02.21 07:29:12.137,1.61815,1.61825,0.20,0.05
2008.02.21 07:29:12.321,1.61815,1.61825,0.20,0.05
2008.02.21 07:29:12.615,1.61815,1.61825,0.20,0.05
2008.02.21 07:29:12.910,1.61815,1.61825,0.20,0.05
2008.02.21 07:29:13.205,1.61815,1.61825,0.20,0.05
2008.02.21 07:29:13.499,1.61815,1.61825,0.20,0.05
2008.02.21 07:29:13.693,1.61815,1.61825,0.20,0.05
2008.02.21 07:29:13.886,1.61815,1.61825,0.20,0.05
2008.02.21 07:29:14.267,1.61815,1.61825,0.20,0.05
2008.02.21 07:29:16.040,1.61815,1.61825,0.20,0.05
2008.02.21 07:29:16.128,1.61815,1.61825,0.20,0.05
2008.02.21 07:29:16.238,1.61815,1.61825,0.20,0.05
2008.02.21 07:29:16.927,1.61815,1.61825,0.20,0.05
2008.02.21 07:29:17.176,1.61815,1.61825,0.20,0.05
2008.02.21 07:29:17.982,1.61815,1.61825,0.20,0.05
2008.02.21 07:29:18.200,1.61815,1.61825,0.20,0.05
2008.02.21 07:29:18.344,1.6182,1.6183,0.20,0.20
2008.02.21 07:29:18.488,1.6182,1.6183,0.20,0.20
2008.02.21 07:29:18.681,1.6182,1.6183,0.20,0.20
2008.02.21 07:29:18.875,1.61815,1.6183,0.20,0.20
2008.02.21 07:29:19.069,1.61815,1.6183,0.20,0.20
2008.02.21 07:29:19.263,1.61815,1.6183,0.20,0.20
2008.02.21 07:29:19.457,1.61815,1.6182,0.20,0.20
2008.02.21 07:29:19.741,1.6181,1.6182,0.20,0.20
2008.02.21 07:29:20.025,1.6181,1.6182,0.20,0.05
2008.02.21 07:29:20.308,1.6181,1.6182,0.20,0.05
2008.02.21 07:29:20.594,1.6181,1.6182,0.20,0.05
2008.02.21 07:29:20.798,1.6181,1.6182,0.20,0.05
2008.02.21 07:29:21.009,1.6181,1.6182,0.20,0.05
2008.02.21 07:29:21.431,1.6181,1.6182,0.20,0.05
2008.02.21 07:29:22.442,1.6181,1.6182,0.40,0.05
2008.02.21 07:29:22.581,1.6181,1.6182,0.40,0.05
2008.02.21 07:29:22.981,1.6181,1.6182,0.40,0.05
2008.02.21 07:29:23.172,1.6181,1.6182,0.40,0.05
2008.02.21 07:29:23.312,1.6181,1.6182,0.40,0.05
2008.02.21 07:29:23.450,1.6181,1.6182,0.40,0.05
2008.02.21 07:29:23.783,1.6181,1.6182,0.40,0.05
2008.02.21 07:29:24.116,1.6181,1.6182,0.20,0.05
2008.02.21 07:29:24.752,1.6181,1.6182,0.20,0.05
2008.02.21 07:29:24.953,1.6181,1.6182,0.20,0.05
2008.02.21 07:29:26.615,1.6181,1.6182,0.20,0.05
2008.02.21 07:29:26.779,1.6181,1.6182,0.20,0.05
2008.02.21 07:29:26.944,1.6181,1.6182,0.20,0.05
2008.02.21 07:29:27.107,1.6181,1.6182,0.20,0.05
2008.02.21 07:29:27.271,1.6181,1.6182,0.40,0.05
2008.02.21 07:29:27.434,1.6181,1.6182,0.40,0.05
2008.02.21 07:29:28.120,1.6181,1.6182,0.40,0.05
2008.02.21 07:29:28.439,1.6181,1.6182,0.20,0.05
2008.02.21 07:29:28.758,1.6181,1.6182,0.20,0.05
2008.02.21 07:29:28.927,1.6181,1.6182,0.20,0.05
2008.02.21 07:29:29.097,1.6181,1.6182,0.20,0.20
2008.02.21 07:29:29.265,1.61805,1.61815,0.20,0.05
2008.02.21 07:29:29.433,1.61805,1.61815,0.20,0.05
2008.02.21 07:29:29.602,1.61805,1.61815,0.20,0.05
2008.02.21 07:29:29.835,1.61805,1.61815,0.20,0.05
2008.02.21 07:29:30.070,1.61805,1.61815,0.20,0.05
2008.02.21 07:29:30.304,1.61805,1.61815,0.20,0.05
2008.02.21 07:29:30.537,1.61815,1.61825,0.20,0.05
2008.02.21 07:29:30.780,1.61815,1.61825,0.20,0.05
2008.02.21 07:29:31.067,1.61805,1.61815,0.20,0.05
2008.02.21 07:29:31.351,1.61805,1.61815,0.20,0.05
2008.02.21 07:29:31.635,1.61805,1.61815,0.20,0.05
2008.02.21 07:29:31.848,1.61805,1.61815,0.20,0.05
2008.02.21 07:29:32.061,1.61805,1.61815,0.20,0.05
2008.02.21 07:29:32.273,1.61805,1.61815,0.20,0.05
2008.02.21 07:29:32.488,1.61805,1.6181,0.20,0.20
2008.02.21 07:29:32.701,1.61805,1.6181,0.20,0.20
2008.02.21 07:29:32.996,1.61805,1.61815,0.20,0.05
2008.02.21 07:29:33.300,1.618,1.6181,0.40,0.05
2008.02.21 07:29:33.594,1.618,1.6181,0.40,0.05
2008.02.21 07:29:33.888,1.618,1.6181,0.40,0.05
2008.02.21 07:29:34.066,1.618,1.6181,0.40,0.05
2008.02.21 07:29:34.225,1.61805,1.61815,0.20,0.05
2008.02.21 07:29:34.394,1.61805,1.61815,0.20,0.05
2008.02.21 07:29:34.563,1.61805,1.61815,0.20,0.05
2008.02.21 07:29:34.731,1.61805,1.61815,0.20,0.05
2008.02.21 07:29:35.064,1.61805,1.61815,0.20,0.05
2008.02.21 07:29:35.397,1.61805,1.61815,0.20,0.05
2008.02.21 07:29:35.737,1.61805,1.61815,0.20,0.05
2008.02.21 07:29:35.924,1.61805,1.61815,0.20,0.05
2008.02.21 07:29:36.114,1.61805,1.61815,0.20,0.05
2008.02.21 07:29:36.312,1.61805,1.61815,0.20,0.05
2008.02.21 07:29:36.491,1.61805,1.61815,0.20,0.05
2008.02.21 07:29:36.687,1.618,1.61815,0.40,0.05
2008.02.21 07:29:36.983,1.618,1.61815,0.20,0.05
2008.02.21 07:29:37.276,1.61805,1.61815,0.20,0.05
2008.02.21 07:29:37.570,1.61805,1.61815,0.20,0.05
2008.02.21 07:29:37.863,1.61805,1.61815,0.20,0.05
2008.02.21 07:29:38.216,1.61805,1.61815,0.20,0.05
2008.02.21 07:29:38.632,1.61805,1.61815,0.20,0.05
2008.02.21 07:29:38.781,1.61805,1.6181,0.20,0.20
2008.02.21 07:29:38.949,1.61805,1.6181,0.20,0.20
2008.02.21 07:29:39.095,1.61805,1.6181,0.20,0.20
2008.02.21 07:29:39.263,1.61805,1.6181,0.20,0.20
2008.02.21 07:29:39.459,1.61805,1.6181,0.20,0.20
2008.02.21 07:29:39.608,1.61805,1.61815,0.20,0.05
2008.02.21 07:29:39.756,1.61805,1.61815,0.20,0.05
2008.02.21 07:29:40.039,1.61805,1.61815,0.20,0.05
2008.02.21 07:29:40.322,1.6181,1.6182,0.20,0.20
2008.02.21 07:29:40.605,1.6181,1.6182,0.20,0.20
2008.02.21 07:29:40.887,1.6181,1.6182,0.20,0.20
2008.02.21 07:29:41.096,1.6181,1.6182,0.20,0.20
2008.02.21 07:29:41.305,1.6181,1.6182,0.20,0.20
2008.02.21 07:29:41.513,1.6181,1.6182,0.20,0.20
2008.02.21 07:29:41.732,1.6181,1.6182,0.20,0.20
2008.02.21 07:29:41.941,1.6181,1.6182,0.20,0.20
2008.02.21 07:29:42.225,1.61805,1.6181,0.20,0.20
2008.02.21 07:29:42.509,1.61805,1.61815,0.20,4.00
2008.02.21 07:29:42.793,1.61805,1.61815,0.20,0.05
2008.02.21 07:29:43.076,1.61805,1.61815,0.20,0.05
2008.02.21 07:29:43.270,1.61805,1.61815,0.20,0.05
2008.02.21 07:29:43.464,1.61805,1.61815,0.20,0.05
2008.02.21 07:29:43.658,1.61805,1.61815,0.20,0.05
2008.02.21 07:29:43.851,1.61805,1.61815,0.20,0.05
2008.02.21 07:29:44.161,1.6181,1.6182,0.20,0.05
2008.02.21 07:29:44.470,1.6181,1.6182,0.20,0.05
2008.02.21 07:29:44.779,1.6181,1.6182,0.20,0.05
2008.02.21 07:29:45.089,1.6181,1.6182,0.20,0.05
2008.02.21 07:29:45.503,1.6181,1.6182,0.20,0.05
2008.02.21 07:29:45.727,1.6181,1.6182,0.20,0.05
2008.02.21 07:29:46.452,1.6181,1.6182,0.20,0.05
2008.02.21 07:29:46.750,1.6181,1.6182,0.20,0.05
2008.02.21 07:29:48.194,1.6181,1.6182,0.20,0.05
2008.02.21 07:29:48.328,1.6181,1.6182,0.40,0.20
2008.02.21 07:29:48.462,1.61815,1.6182,0.20,0.20
2008.02.21 07:29:48.596,1.61815,1.6182,0.20,0.20
2008.02.21 07:29:48.732,1.61815,1.61825,0.20,4.00
2008.02.21 07:29:48.865,1.61815,1.61825,0.20,0.05
2008.02.21 07:29:49.011,1.61815,1.61825,0.20,0.05
2008.02.21 07:29:49.361,1.61815,1.61825,0.20,0.05
2008.02.21 07:29:49.696,1.61815,1.61825,0.20,0.05
2008.02.21 07:29:50.029,1.61815,1.61825,0.20,0.05
2008.02.21 07:29:50.244,1.61815,1.6183,0.20,0.05
2008.02.21 07:29:50.458,1.61815,1.6183,0.20,0.05
2008.02.21 07:29:50.672,1.61815,1.6183,0.20,0.05
2008.02.21 07:29:50.886,1.61815,1.6183,0.20,0.05
2008.02.21 07:29:51.100,1.61815,1.6183,0.20,0.05
2008.02.21 07:29:51.330,1.6182,1.6183,0.20,0.05
2008.02.21 07:29:51.559,1.6182,1.6183,0.20,0.05
2008.02.21 07:29:51.789,1.6182,1.6183,0.20,0.20
2008.02.21 07:29:52.018,1.6182,1.6183,0.20,1.00
2008.02.21 07:29:52.236,1.6181,1.6182,0.20,0.05
2008.02.21 07:29:52.454,1.6181,1.6182,0.20,0.05
2008.02.21 07:29:52.674,1.6181,1.6182,0.40,0.05
2008.02.21 07:29:52.726,1.6181,1.6182,0.40,0.05
2008.02.21 07:29:52.901,1.6181,1.6182,0.40,0.05
2008.02.21 07:29:53.120,1.6181,1.6182,0.40,0.05
2008.02.21 07:29:53.353,1.6181,1.6182,0.40,0.05
2008.02.21 07:29:53.587,1.6181,1.6182,0.40,0.05
2008.02.21 07:29:53.821,1.6181,1.6182,0.40,0.05
2008.02.21 07:29:54.054,1.6181,1.6182,0.40,0.05
2008.02.21 07:29:54.309,1.6181,1.6182,0.40,0.05
2008.02.21 07:29:54.563,1.6181,1.6182,0.40,0.05
2008.02.21 07:29:54.817,1.61825,1.61835,0.20,1.60
2008.02.21 07:29:55.071,1.61825,1.61835,0.20,0.05
2008.02.21 07:29:55.299,1.61825,1.61835,0.20,0.05
2008.02.21 07:29:55.528,1.61825,1.61835,0.20,0.05
2008.02.21 07:29:55.761,1.61825,1.61835,0.20,0.05
2008.02.21 07:29:55.990,1.61825,1.61835,0.20,0.05
2008.02.21 07:29:56.219,1.61825,1.61835,0.20,0.05
2008.02.21 07:29:56.493,1.61825,1.61835,0.20,0.05
2008.02.21 07:29:56.768,1.61815,1.61825,1.70,0.05
2008.02.21 07:29:57.041,1.61815,1.61825,0.20,0.05
2008.02.21 07:29:57.270,1.6182,1.6183,0.20,0.05
2008.02.21 07:29:57.499,1.6182,1.6183,0.20,0.05
2008.02.21 07:29:57.728,1.61825,1.61835,0.20,0.05
2008.02.21 07:29:57.959,1.61825,1.61835,0.20,0.05
2008.02.21 07:29:58.186,1.61825,1.61835,0.20,0.05
2008.02.21 07:29:58.437,1.61825,1.61835,0.20,0.05
2008.02.21 07:29:58.686,1.61825,1.61835,0.20,0.05
2008.02.21 07:29:58.934,1.61825,1.61835,0.20,0.05
2008.02.21 07:29:59.182,1.61825,1.61835,0.20,0.05
2008.02.21 07:29:59.366,1.61825,1.61835,0.20,0.05
2008.02.21 07:29:59.548,1.61825,1.61835,0.20,0.05
2008.02.21 07:29:59.732,1.61825,1.61835,0.20,0.05
2008.02.21 07:30:00.201,1.61825,1.61835,0.20,0.05
2008.02.21 07:30:00.420,1.61825,1.61835,0.20,0.05
2008.02.21 07:30:00.619,1.61825,1.61835,0.20,0.05
2008.02.21 07:30:00.818,1.61825,1.61835,0.20,0.05
2008.02.21 07:30:01.019,1.61825,1.61835,0.20,0.05
2008.02.21 07:30:01.216,1.61825,1.61835,0.20,0.05
2008.02.21 07:30:01.495,1.6183,1.61835,0.20,0.05
2008.02.21 07:30:01.774,1.61835,1.61845,0.20,1.60
2008.02.21 07:30:02.053,1.61835,1.61845,0.20,0.05
2008.02.21 07:30:02.332,1.61835,1.61845,0.20,0.05
2008.02.21 07:30:02.536,1.61835,1.61845,0.20,0.05
2008.02.21 07:30:02.739,1.61835,1.61845,0.20,0.05
2008.02.21 07:30:03.009,1.61835,1.61845,0.20,0.05
2008.02.21 07:30:03.211,1.61835,1.61845,0.20,0.05
2008.02.21 07:30:03.447,1.61835,1.61845,0.20,0.05
2008.02.21 07:30:03.680,1.61835,1.61845,0.20,0.05
2008.02.21 07:30:03.914,1.61835,1.61845,0.20,0.05
2008.02.21 07:30:04.147,1.61835,1.61845,0.20,0.05
2008.02.21 07:30:04.384,1.61835,1.61845,0.20,0.05
2008.02.21 07:30:04.618,1.61835,1.61845,0.20,0.05
2008.02.21 07:30:04.851,1.61835,1.61845,0.20,0.05
2008.02.21 07:30:05.085,1.61835,1.61845,0.20,0.05
2008.02.21 07:30:05.318,1.61835,1.61845,0.20,0.05
2008.02.21 07:30:05.700,1.61835,1.61845,0.20,0.05
2008.02.21 07:30:06.212,1.61835,1.61845,0.20,0.05
2008.02.21 07:30:06.449,1.61835,1.61845,0.20,0.05
2008.02.21 07:30:06.634,1.61835,1.61845,0.20,0.05
2008.02.21 07:30:06.827,1.61835,1.61845,0.20,0.05
2008.02.21 07:30:07.022,1.61835,1.61845,0.20,0.05
2008.02.21 07:30:07.262,1.61835,1.61845,0.20,0.05
2008.02.21 07:30:07.478,1.61835,1.61845,0.20,0.05
2008.02.21 07:30:07.786,1.61835,1.61845,0.20,0.05
2008.02.21 07:30:08.202,1.61835,1.61845,0.20,0.05
2008.02.21 07:30:08.513,1.61835,1.61845,0.20,0.05
2008.02.21 07:30:09.034,1.61835,1.61845,0.20,0.05
2008.02.21 07:30:09.250,1.61835,1.61845,0.20,0.05
2008.02.21 07:30:09.465,1.6185,1.6186,0.20,1.00
2008.02.21 07:30:09.720,1.6185,1.6186,0.20,1.00
2008.02.21 07:30:09.978,1.6185,1.6186,0.20,0.80
2008.02.21 07:30:10.232,1.6185,1.6186,0.20,0.80
2008.02.21 07:30:10.497,1.61855,1.61865,0.20,1.20
2008.02.21 07:30:10.675,1.61855,1.61865,0.20,1.20
2008.02.21 07:30:10.853,1.61855,1.61865,0.20,0.50
2008.02.21 07:30:11.032,1.61855,1.61865,0.20,0.50
2008.02.21 07:30:11.211,1.61855,1.61865,0.20,0.50
2008.02.21 07:30:11.425,1.61855,1.61865,0.20,0.50
2008.02.21 07:30:11.582,1.61855,1.61865,0.20,0.05
2008.02.21 07:30:11.742,1.61855,1.61865,0.20,0.05
2008.02.21 07:30:11.922,1.61855,1.61865,0.20,0.05
2008.02.21 07:30:12.081,1.61855,1.61865,0.20,0.05
2008.02.21 07:30:12.240,1.6186,1.61875,0.20,0.05
2008.02.21 07:30:12.399,1.6186,1.61875,0.20,0.05
2008.02.21 07:30:12.558,1.6186,1.61875,0.20,0.05
2008.02.21 07:30:12.792,1.61865,1.61875,0.20,0.05
2008.02.21 07:30:13.026,1.61865,1.61875,0.20,0.05
2008.02.21 07:30:13.260,1.61865,1.61875,0.20,0.05
2008.02.21 07:30:13.494,1.6186,1.61875,0.20,0.05
2008.02.21 07:30:13.753,1.61865,1.61875,0.20,0.05
2008.02.21 07:30:14.012,1.61865,1.61875,0.20,0.05
2008.02.21 07:30:14.270,1.61865,1.61875,0.20,0.05
2008.02.21 07:30:14.528,1.61865,1.61875,0.20,0.05
2008.02.21 07:30:14.712,1.61865,1.61875,0.20,0.05
2008.02.21 07:30:14.896,1.61865,1.61875,0.20,0.05
2008.02.21 07:30:15.080,1.61865,1.61875,0.20,0.05
2008.02.21 07:30:15.443,1.61865,1.61875,0.20,0.05
2008.02.21 07:30:15.626,1.61865,1.61875,0.20,0.05
2008.02.21 07:30:15.924,1.61865,1.61875,0.20,0.05
2008.02.21 07:30:16.223,1.61865,1.61875,0.20,0.05
2008.02.21 07:30:16.522,1.61865,1.61875,0.20,0.05
2008.02.21 07:30:16.699,1.61865,1.61875,0.20,0.05
2008.02.21 07:30:17.127,1.61865,1.61875,0.20,0.05
2008.02.21 07:30:17.295,1.61865,1.61875,0.20,0.05
2008.02.21 07:30:17.464,1.61865,1.61875,0.20,0.05
2008.02.21 07:30:17.632,1.61865,1.61875,0.20,0.05
2008.02.21 07:30:17.801,1.61865,1.61875,0.20,0.05
2008.02.21 07:30:17.958,1.61865,1.61875,0.20,0.05
2008.02.21 07:30:18.144,1.61865,1.61875,0.20,0.05
2008.02.21 07:30:18.303,1.61865,1.61875,0.20,0.05
2008.02.21 07:30:18.471,1.6186,1.61875,0.20,0.05
2008.02.21 07:30:18.630,1.6186,1.61875,0.20,0.05
2008.02.21 07:30:18.925,1.6185,1.61865,0.20,0.05
2008.02.21 07:30:19.219,1.6185,1.61865,0.20,0.05
2008.02.21 07:30:19.513,1.6185,1.61865,0.20,0.05
2008.02.21 07:30:19.807,1.61855,1.61865,0.20,0.05
2008.02.21 07:30:19.982,1.6185,1.61865,0.20,0.05
2008.02.21 07:30:20.156,1.61845,1.61855,5.70,0.05
2008.02.21 07:30:20.330,1.61845,1.61855,0.20,0.05
2008.02.21 07:30:20.503,1.61845,1.61855,0.20,0.05
2008.02.21 07:30:20.676,1.61845,1.61855,0.20,0.05
2008.02.21 07:30:20.931,1.61845,1.6185,0.20,0.20
2008.02.21 07:30:21.184,1.6184,1.6185,0.20,0.20
2008.02.21 07:30:21.440,1.6184,1.61855,0.20,0.05
2008.02.21 07:30:21.705,1.6184,1.6185,0.20,0.05
2008.02.21 07:30:21.902,1.6184,1.6185,0.20,0.05
2008.02.21 07:30:22.101,1.6184,1.6185,0.20,0.05
2008.02.21 07:30:22.301,1.6184,1.6185,0.20,0.05
2008.02.21 07:30:22.725,1.6184,1.6185,0.20,0.05
2008.02.21 07:30:23.231,1.6184,1.6185,0.20,0.05
2008.02.21 07:30:23.510,1.6184,1.6185,0.20,0.05
2008.02.21 07:30:23.789,1.61845,1.61855,0.20,0.05
2008.02.21 07:30:24.004,1.61845,1.61855,0.20,0.05
2008.02.21 07:30:24.218,1.6185,1.6186,0.20,0.05
2008.02.21 07:30:24.431,1.6185,1.6186,0.20,0.05
2008.02.21 07:30:24.645,1.6185,1.6186,0.20,0.05
2008.02.21 07:30:24.798,1.6185,1.6186,0.20,0.05
2008.02.21 07:30:24.860,1.61845,1.61855,0.20,0.05
2008.02.21 07:30:25.143,1.6185,1.6186,0.20,0.05
2008.02.21 07:30:25.427,1.6185,1.6186,0.20,0.05
2008.02.21 07:30:25.712,1.6185,1.6186,0.20,0.05
2008.02.21 07:30:25.997,1.6185,1.6186,0.20,0.05
2008.02.21 07:30:26.201,1.6185,1.6186,0.20,0.05
2008.02.21 07:30:26.405,1.61855,1.61865,0.20,0.05
2008.02.21 07:30:26.610,1.61855,1.61865,0.20,0.05
2008.02.21 07:30:26.815,1.61855,1.61865,0.20,0.05
2008.02.21 07:30:27.184,1.61855,1.61865,0.20,0.05
2008.02.21 07:30:27.428,1.61855,1.61865,0.20,0.05
2008.02.21 07:30:27.676,1.61855,1.61865,0.20,0.05
2008.02.21 07:30:27.919,1.61855,1.61865,0.20,0.05
2008.02.21 07:30:28.147,1.61855,1.61865,0.20,0.05
2008.02.21 07:30:28.421,1.61855,1.61865,0.20,0.05
2008.02.21 07:30:28.717,1.61855,1.61865,0.20,0.05
2008.02.21 07:30:28.946,1.61855,1.61865,0.20,0.05
2008.02.21 07:30:29.166,1.6186,1.6187,0.20,0.05
2008.02.21 07:30:29.385,1.6186,1.6187,0.20,0.05
2008.02.21 07:30:29.609,1.6186,1.6187,0.20,0.05
2008.02.21 07:30:29.827,1.6186,1.6187,0.20,0.05
2008.02.21 07:30:29.979,1.6186,1.6187,0.40,0.05
2008.02.21 07:30:30.116,1.6186,1.6187,0.40,0.05
2008.02.21 07:30:30.256,1.61865,1.61875,0.20,0.05
2008.02.21 07:30:30.394,1.61865,1.61875,0.20,0.05
2008.02.21 07:30:30.533,1.61865,1.61875,0.20,0.05
2008.02.21 07:30:30.674,1.61865,1.61875,0.20,0.05
2008.02.21 07:30:30.814,1.61865,1.61875,0.20,0.05
2008.02.21 07:30:31.088,1.61865,1.61875,0.20,0.05
2008.02.21 07:30:31.363,1.6186,1.6187,0.20,0.05
2008.02.21 07:30:31.636,1.6186,1.6187,0.20,0.05
2008.02.21 07:30:31.909,1.6185,1.61865,0.20,0.05
2008.02.21 07:30:32.034,1.6185,1.61865,0.20,0.05
2008.02.21 07:30:32.158,1.6185,1.61865,0.20,0.05
2008.02.21 07:30:32.294,1.6185,1.61865,0.20,0.05
2008.02.21 07:30:32.452,1.6185,1.61865,0.20,0.05
2008.02.21 07:30:32.605,1.6185,1.61865,0.20,0.05
2008.02.21 07:30:32.863,1.61855,1.6187,0.20,0.60
2008.02.21 07:30:32.986,1.61855,1.6187,0.20,0.60
2008.02.21 07:30:33.141,1.6186,1.6187,0.20,0.60
2008.02.21 07:30:33.305,1.6186,1.6187,0.20,0.05
2008.02.21 07:30:33.457,1.61855,1.6187,0.20,0.05
2008.02.21 07:30:33.611,1.61855,1.6187,0.20,0.05
2008.02.21 07:30:33.765,1.61855,1.6187,0.20,0.05
2008.02.21 07:30:33.974,1.61855,1.6187,0.20,0.05
2008.02.21 07:30:34.222,1.61855,1.61865,0.20,0.05
2008.02.21 07:30:34.471,1.61855,1.61865,0.20,0.05
2008.02.21 07:30:34.935,1.61855,1.61865,0.20,0.05
2008.02.21 07:30:35.120,1.6185,1.6186,0.20,0.05
2008.02.21 07:30:35.230,1.6185,1.6186,0.20,0.05
2008.02.21 07:30:35.338,1.6185,1.6186,0.20,0.05
2008.02.21 07:30:35.447,1.6185,1.6186,0.20,0.05
2008.02.21 07:30:35.556,1.6185,1.6186,0.20,0.05
2008.02.21 07:30:35.867,1.61845,1.6186,0.20,0.05
2008.02.21 07:30:35.977,1.61845,1.6186,0.20,0.05
2008.02.21 07:30:36.247,1.6184,1.6185,0.20,0.05
2008.02.21 07:30:36.517,1.6185,1.6186,0.20,0.05
2008.02.21 07:30:36.786,1.61845,1.61855,0.20,0.05
2008.02.21 07:30:37.053,1.61845,1.61855,0.20,0.05
2008.02.21 07:30:37.256,1.61845,1.61855,0.20,0.05
2008.02.21 07:30:37.440,1.61845,1.61855,0.20,0.05
2008.02.21 07:30:37.877,1.61845,1.61855,0.20,0.05
2008.02.21 07:30:38.071,1.61845,1.61855,0.20,0.05
2008.02.21 07:30:38.343,1.6184,1.6185,0.20,0.05
2008.02.21 07:30:38.621,1.6184,1.6185,0.40,0.05
2008.02.21 07:30:38.880,1.6184,1.6185,0.40,0.05
2008.02.21 07:30:39.148,1.6184,1.6185,0.40,0.05
2008.02.21 07:30:39.448,1.6184,1.6185,0.40,0.05
2008.02.21 07:30:39.671,1.6184,1.6185,0.40,0.05
2008.02.21 07:30:39.895,1.6184,1.6185,0.40,0.05
2008.02.21 07:30:40.119,1.6183,1.6184,0.40,0.05
2008.02.21 07:30:40.341,1.6183,1.6184,0.40,0.05
2008.02.21 07:30:40.515,1.6183,1.6184,0.40,0.05
2008.02.21 07:30:40.689,1.6183,1.6184,0.20,0.20
2008.02.21 07:30:40.863,1.6183,1.6184,0.20,0.20
2008.02.21 07:30:41.038,1.6182,1.6183,0.20,0.05
2008.02.21 07:30:41.212,1.6182,1.6183,0.20,0.05
2008.02.21 07:30:41.490,1.6182,1.6183,0.20,0.05
2008.02.21 07:30:41.780,1.6182,1.6183,0.20,0.05
2008.02.21 07:30:42.047,1.6182,1.6183,0.20,0.05
2008.02.21 07:30:42.327,1.6182,1.6183,0.20,0.05
2008.02.21 07:30:42.500,1.6182,1.6183,0.20,0.05
2008.02.21 07:30:42.755,1.6182,1.6183,0.20,0.05
2008.02.21 07:30:43.260,1.6182,1.6183,0.20,0.05
2008.02.21 07:30:43.494,1.6181,1.61815,0.20,0.05
2008.02.21 07:30:43.722,1.61805,1.61815,0.50,0.05
2008.02.21 07:30:43.953,1.6181,1.6182,0.20,0.60
2008.02.21 07:30:44.183,1.6182,1.61825,0.20,4.10
2008.02.21 07:30:44.413,1.61815,1.6183,0.20,0.05
2008.02.21 07:30:44.581,1.61815,1.6183,0.20,0.05
2008.02.21 07:30:44.762,1.61815,1.6183,0.20,0.05
2008.02.21 07:30:44.929,1.61815,1.6183,0.20,0.05
2008.02.21 07:30:45.098,1.61815,1.6183,0.20,0.05
2008.02.21 07:30:45.269,1.61815,1.6183,0.20,0.05
2008.02.21 07:30:45.742,1.61815,1.6183,0.20,0.05
2008.02.21 07:30:46.022,1.61815,1.6183,0.20,0.05
2008.02.21 07:30:46.302,1.6182,1.6183,0.20,0.05
2008.02.21 07:30:46.582,1.6182,1.6183,0.20,0.05
2008.02.21 07:30:46.770,1.61815,1.6183,0.20,0.05
2008.02.21 07:30:46.960,1.61815,1.6182,0.20,0.20
2008.02.21 07:30:47.148,1.61815,1.6182,0.20,0.20
2008.02.21 07:30:47.337,1.6181,1.6182,0.40,0.05
2008.02.21 07:30:47.527,1.6181,1.6182,0.20,0.20
2008.02.21 07:30:47.802,1.6181,1.6182,0.40,0.20
2008.02.21 07:30:48.075,1.6181,1.6182,0.40,0.20
2008.02.21 07:30:48.957,1.6181,1.6182,0.40,0.20
2008.02.21 07:30:50.488,1.6181,1.6182,0.40,0.20
2008.02.21 07:30:51.919,1.6181,1.6182,0.40,0.20
2008.02.21 07:30:52.053,1.6181,1.6182,0.20,0.20
2008.02.21 07:30:52.186,1.61805,1.61815,0.20,0.05
2008.02.21 07:30:52.319,1.61805,1.61815,0.20,0.05
2008.02.21 07:30:52.453,1.6181,1.6182,0.20,0.20
2008.02.21 07:30:52.587,1.6181,1.6182,0.20,0.20
2008.02.21 07:30:52.721,1.6181,1.6182,0.20,0.20
2008.02.21 07:30:52.855,1.6181,1.6182,0.20,0.20
2008.02.21 07:30:53.152,1.6181,1.6182,0.40,0.20
2008.02.21 07:30:53.452,1.6181,1.6182,0.40,0.05
2008.02.21 07:30:53.751,1.6181,1.6182,0.20,0.20
2008.02.21 07:30:53.945,1.6181,1.6182,0.20,0.20
2008.02.21 07:30:54.138,1.6181,1.6182,0.40,0.20
2008.02.21 07:30:54.331,1.6181,1.6182,0.40,0.20
2008.02.21 07:30:54.525,1.6181,1.6182,0.40,0.05
2008.02.21 07:30:54.718,1.6181,1.6182,0.40,0.05
2008.02.21 07:30:54.913,1.6182,1.6183,0.20,0.20
2008.02.21 07:30:55.188,1.6182,1.6183,0.20,0.05
2008.02.21 07:30:55.476,1.6182,1.6183,0.20,0.20
2008.02.21 07:30:55.750,1.6181,1.6182,0.40,0.05
2008.02.21 07:30:56.025,1.6181,1.6182,0.40,0.05
2008.02.21 07:30:56.262,1.6181,1.6182,0.40,0.05
2008.02.21 07:30:56.501,1.6181,1.6182,0.40,0.05
2008.02.21 07:30:56.749,1.6181,1.6182,0.40,0.05
2008.02.21 07:30:57.035,1.6181,1.6182,0.40,0.05
2008.02.21 07:30:57.240,1.6181,1.6182,0.40,0.05
2008.02.21 07:30:57.997,1.6181,1.6182,0.40,0.05
2008.02.21 07:30:58.216,1.6181,1.6182,0.40,0.05
2008.02.21 07:30:58.912,1.6181,1.6182,0.40,0.05
2008.02.21 07:30:59.052,1.6181,1.6182,0.20,0.20
2008.02.21 07:30:59.191,1.6181,1.6182,0.20,0.20
2008.02.21 07:30:59.330,1.6181,1.6182,0.20,0.20
2008.02.21 07:30:59.520,1.6181,1.6182,0.20,0.20
2008.02.21 07:30:59.659,1.6181,1.6182,0.20,0.20
2008.02.21 07:30:59.798,1.6181,1.6182,0.20,0.20
2008.02.21 07:31:00.671,1.6181,1.6182,0.20,0.20
2008.02.21 07:31:00.945,1.6181,1.6182,0.20,0.20
2008.02.21 07:31:01.350,1.6181,1.6182,0.20,0.20
2008.02.21 07:31:01.437,1.61815,1.6182,0.20,0.20
2008.02.21 07:31:01.526,1.61815,1.61825,0.20,0.80
2008.02.21 07:31:01.676,1.61815,1.61825,0.20,0.80
2008.02.21 07:31:01.765,1.61815,1.61825,0.20,0.80
2008.02.21 07:31:02.017,1.61815,1.61825,0.20,0.80
2008.02.21 07:31:02.390,1.61815,1.61825,0.20,0.80
2008.02.21 07:31:02.688,1.61815,1.61825,0.20,0.80
2008.02.21 07:31:03.670,1.61815,1.6182,0.20,0.20
2008.02.21 07:31:03.867,1.61815,1.6182,0.20,0.20
2008.02.21 07:31:04.066,1.61815,1.6182,0.20,0.20
2008.02.21 07:31:04.295,1.6181,1.6182,0.20,0.20
2008.02.21 07:31:04.523,1.6181,1.6182,0.20,0.20
2008.02.21 07:31:04.751,1.6181,1.6182,0.20,0.20
2008.02.21 07:31:04.996,1.6181,1.6182,0.20,0.20
2008.02.21 07:31:05.225,1.6181,1.6182,0.20,0.20
2008.02.21 07:31:05.712,1.6181,1.6182,0.20,0.20
2008.02.21 07:31:05.913,1.61815,1.6182,0.20,0.20
2008.02.21 07:31:06.092,1.61815,1.6182,0.20,0.20
2008.02.21 07:31:06.416,1.61815,1.6182,0.20,0.20
2008.02.21 07:31:06.751,1.61815,1.61825,0.20,0.80
2008.02.21 07:31:07.084,1.61815,1.61825,0.20,0.80
2008.02.21 07:31:07.423,1.61815,1.61825,0.20,0.80
2008.02.21 07:31:07.612,1.61815,1.61825,0.20,0.80
2008.02.21 07:31:07.802,1.61815,1.61825,0.20,0.80
2008.02.21 07:31:07.989,1.61805,1.6182,0.20,0.05
2008.02.21 07:31:08.189,1.61805,1.6182,0.20,0.05
2008.02.21 07:31:08.360,1.61805,1.6182,0.20,0.05
2008.02.21 07:31:08.534,1.61805,1.6182,0.20,0.05
2008.02.21 07:31:08.707,1.61805,1.6182,0.20,0.05
2008.02.21 07:31:09.913,1.61805,1.6182,0.20,0.20
2008.02.21 07:31:10.079,1.618,1.61815,0.20,0.05
2008.02.21 07:31:10.241,1.618,1.61815,0.20,0.05
2008.02.21 07:31:10.415,1.6181,1.6182,0.20,0.20
2008.02.21 07:31:10.588,1.6181,1.6182,0.20,0.20
2008.02.21 07:31:11.995,1.6181,1.6182,0.20,0.20
2008.02.21 07:31:12.228,1.6181,1.6182,0.20,0.20
2008.02.21 07:31:12.409,1.6181,1.6182,0.20,0.20
2008.02.21 07:31:12.486,1.6181,1.6182,0.20,0.20
2008.02.21 07:31:12.565,1.6181,1.6182,0.20,0.20
2008.02.21 07:31:12.648,1.6181,1.6182,0.20,0.20
2008.02.21 07:31:12.728,1.6181,1.6182,0.20,0.20
2008.02.21 07:31:12.805,1.6181,1.6182,0.20,0.20
2008.02.21 07:31:12.969,1.6181,1.6182,0.20,0.20
2008.02.21 07:31:13.049,1.6181,1.6182,0.20,0.20
2008.02.21 07:31:13.156,1.6181,1.6182,0.20,0.20
2008.02.21 07:31:13.234,1.6181,1.6182,0.20,0.20
2008.02.21 07:31:13.970,1.6181,1.6182,0.20,0.20
2008.02.21 07:31:14.185,1.6181,1.6182,0.20,0.20
2008.02.21 07:31:14.501,1.6181,1.6182,0.20,0.20
2008.02.21 07:31:14.704,1.6181,1.6182,0.20,0.20
2008.02.21 07:31:14.908,1.6181,1.6182,0.20,0.20
2008.02.21 07:31:15.111,1.6181,1.6182,0.20,0.20
2008.02.21 07:31:15.317,1.6181,1.6182,0.20,0.20
2008.02.21 07:31:15.611,1.61805,1.6182,0.20,0.20
2008.02.21 07:31:15.906,1.618,1.61815,0.40,0.05
2008.02.21 07:31:16.201,1.618,1.61815,0.40,0.05
2008.02.21 07:31:16.507,1.6181,1.6182,0.20,0.20
2008.02.21 07:31:16.721,1.6181,1.6182,0.20,0.20
2008.02.21 07:31:16.935,1.6181,1.6182,0.20,0.20
2008.02.21 07:31:17.148,1.6181,1.6182,0.20,0.20
2008.02.21 07:31:17.362,1.6181,1.6182,0.20,0.20
2008.02.21 07:31:17.732,1.6181,1.6182,0.20,0.20
2008.02.21 07:31:19.520,1.6181,1.6182,0.20,0.20
2008.02.21 07:31:19.622,1.61805,1.61815,0.20,0.05
2008.02.21 07:31:19.727,1.61805,1.61815,0.20,0.05
2008.02.21 07:31:19.840,1.61805,1.61815,0.20,0.05
2008.02.21 07:31:19.943,1.61805,1.61815,0.20,0.05
2008.02.21 07:31:20.049,1.61805,1.61815,0.20,0.05
2008.02.21 07:31:20.150,1.6181,1.6182,0.20,0.20
2008.02.21 07:31:20.255,1.6181,1.6182,0.20,0.20
2008.02.21 07:31:20.472,1.6181,1.6182,0.20,0.20
2008.02.21 07:31:20.806,1.6181,1.6182,0.20,0.20
2008.02.21 07:31:21.140,1.6181,1.6182,0.20,0.20
2008.02.21 07:31:21.475,1.6181,1.6182,0.20,0.20
2008.02.21 07:31:21.660,1.6181,1.6182,0.20,0.20
2008.02.21 07:31:21.844,1.6181,1.6182,0.20,0.20
2008.02.21 07:31:22.696,1.6181,1.6182,0.20,0.20
2008.02.21 07:31:23.012,1.6181,1.6182,0.20,0.20
2008.02.21 07:31:23.162,1.6181,1.6182,0.20,0.20
2008.02.21 07:31:23.319,1.6181,1.6182,0.40,0.20
2008.02.21 07:31:23.479,1.6181,1.6182,0.40,0.05
2008.02.21 07:31:23.640,1.6182,1.6183,0.20,0.05
2008.02.21 07:31:23.863,1.6182,1.6183,0.20,0.05
2008.02.21 07:31:24.087,1.6182,1.6183,0.20,0.05
2008.02.21 07:31:24.312,1.6182,1.6183,0.20,0.05
2008.02.21 07:31:24.535,1.6182,1.6183,0.20,0.05
2008.02.21 07:31:24.793,1.6182,1.6183,0.20,0.05
2008.02.21 07:31:25.052,1.6182,1.6183,0.20,0.05
2008.02.21 07:31:25.924,1.6182,1.6183,0.20,0.05
2008.02.21 07:31:27.903,1.6182,1.6183,0.20,0.20
2008.02.21 07:31:28.051,1.6182,1.6183,0.20,0.20
2008.02.21 07:31:28.201,1.6182,1.6183,0.20,0.20
2008.02.21 07:31:28.446,1.6182,1.6183,0.20,0.20
2008.02.21 07:31:28.597,1.6182,1.6183,0.20,0.05
2008.02.21 07:31:28.744,1.6182,1.6183,0.20,0.05
2008.02.21 07:31:29.079,1.6182,1.6183,0.20,0.05
2008.02.21 07:31:29.413,1.6182,1.6183,0.20,0.05
2008.02.21 07:31:29.747,1.6182,1.6183,0.20,0.05
2008.02.21 07:31:30.164,1.6182,1.6183,0.20,0.05
2008.02.21 07:31:30.382,1.6182,1.6183,0.20,0.05
2008.02.21 07:31:30.601,1.6182,1.6183,0.20,0.05
2008.02.21 07:31:30.820,1.6182,1.6183,0.20,0.05
2008.02.21 07:31:31.303,1.6182,1.6183,0.20,0.05
2008.02.21 07:31:31.567,1.6182,1.6183,0.20,0.05
2008.02.21 07:31:31.831,1.6182,1.6183,0.20,0.05
2008.02.21 07:31:32.064,1.6182,1.6183,0.20,0.05
2008.02.21 07:31:32.298,1.6182,1.6183,0.20,0.05
2008.02.21 07:31:32.532,1.6182,1.6183,0.20,0.05
2008.02.21 07:31:32.765,1.6182,1.6183,0.20,0.20
2008.02.21 07:31:33.067,1.6182,1.6183,0.20,0.20
2008.02.21 07:31:33.367,1.6182,1.6183,0.20,0.20
2008.02.21 07:31:33.665,1.6182,1.6183,0.20,0.20
2008.02.21 07:31:33.963,1.6182,1.6183,0.20,0.20
2008.02.21 07:31:34.186,1.6182,1.6183,0.20,0.20
2008.02.21 07:31:34.410,1.6182,1.6183,0.20,0.20
2008.02.21 07:31:34.634,1.6182,1.6183,0.20,0.05
2008.02.21 07:31:34.857,1.6182,1.6183,0.20,0.05
2008.02.21 07:31:35.071,1.6182,1.6183,0.20,0.05
2008.02.21 07:31:35.285,1.6182,1.6183,0.20,0.05
2008.02.21 07:31:35.499,1.6182,1.6183,0.20,0.05
2008.02.21 07:31:35.780,1.6182,1.6183,0.20,0.05
2008.02.21 07:31:36.100,1.6182,1.6183,0.20,0.05
2008.02.21 07:31:36.409,1.6182,1.6183,0.20,0.05
2008.02.21 07:31:36.717,1.6182,1.6183,0.20,0.05
2008.02.21 07:31:37.031,1.6181,1.61825,0.20,0.05
2008.02.21 07:31:37.256,1.61815,1.61825,0.20,0.05
2008.02.21 07:31:37.482,1.61815,1.61825,0.20,0.05
2008.02.21 07:31:37.709,1.61815,1.61825,0.20,0.05
2008.02.21 07:31:37.937,1.61815,1.61825,0.20,0.05
2008.02.21 07:31:38.201,1.6181,1.6182,0.20,0.05
2008.02.21 07:31:38.465,1.6181,1.6182,0.20,0.05
2008.02.21 07:31:39.272,1.6181,1.6182,0.20,0.05
2008.02.21 07:31:39.485,1.6181,1.6182,0.20,0.05
2008.02.21 07:31:39.704,1.6181,1.6182,0.20,0.05
2008.02.21 07:31:39.902,1.61815,1.61825,0.20,0.05
2008.02.21 07:31:40.127,1.61815,1.61825,0.20,0.05
2008.02.21 07:31:40.350,1.61815,1.61825,0.20,0.05
2008.02.21 07:31:40.574,1.61815,1.61825,0.20,0.05
2008.02.21 07:31:40.938,1.61815,1.61825,0.20,0.05
2008.02.21 07:31:41.457,1.61815,1.61825,0.20,0.05
2008.02.21 07:31:41.966,1.61815,1.61825,0.20,0.05
2008.02.21 07:31:42.689,1.61815,1.61825,0.20,0.05
2008.02.21 07:31:42.957,1.61815,1.61825,0.20,0.05
2008.02.21 07:31:43.120,1.61815,1.61825,0.20,0.05
2008.02.21 07:31:43.284,1.61815,1.61825,0.20,0.05
2008.02.21 07:31:43.522,1.61815,1.61825,0.20,0.05
2008.02.21 07:31:43.728,1.61815,1.61825,0.20,0.05
2008.02.21 07:31:45.391,1.61815,1.61825,0.20,0.05
2008.02.21 07:31:45.550,1.6181,1.61825,0.20,0.05
2008.02.21 07:31:45.710,1.61815,1.61825,0.20,0.05
2008.02.21 07:31:45.868,1.61815,1.61825,0.20,0.05
2008.02.21 07:31:46.028,1.61815,1.61825,0.20,0.05
2008.02.21 07:31:46.271,1.61815,1.61825,0.20,0.05
2008.02.21 07:31:46.514,1.61815,1.61825,0.20,0.05
2008.02.21 07:31:46.758,1.61815,1.61825,0.20,0.05
2008.02.21 07:31:47.002,1.61815,1.61825,0.20,0.05
2008.02.21 07:31:47.448,1.61815,1.61825,0.20,0.05
2008.02.21 07:31:49.951,1.61815,1.61825,0.20,0.05
2008.02.21 07:31:51.496,1.61815,1.61825,0.20,0.05
2008.02.21 07:31:51.696,1.61815,1.61825,0.20,0.05
2008.02.21 07:31:52.014,1.61815,1.61825,0.20,0.05
2008.02.21 07:31:53.247,1.61815,1.61825,0.20,0.05
2008.02.21 07:31:53.400,1.61815,1.61825,0.20,0.05
2008.02.21 07:31:53.556,1.61815,1.61825,0.20,0.05
2008.02.21 07:31:53.709,1.61815,1.61825,0.20,0.05
2008.02.21 07:31:53.864,1.61815,1.61825,0.20,0.05
2008.02.21 07:31:54.016,1.61815,1.61825,0.20,0.05
2008.02.21 07:31:54.331,1.61815,1.61825,0.20,0.05
2008.02.21 07:31:54.664,1.61815,1.61825,0.20,0.05
2008.02.21 07:31:54.999,1.61815,1.61825,0.20,0.05
2008.02.21 07:31:55.443,1.61815,1.61825,0.20,0.05
2008.02.21 07:31:55.654,1.61815,1.61825,0.20,0.05
2008.02.21 07:31:55.844,1.61815,1.61825,0.20,0.05
2008.02.21 07:31:56.032,1.61815,1.61825,0.20,0.05
2008.02.21 07:31:56.222,1.61815,1.61825,0.20,0.05
2008.02.21 07:31:56.516,1.61815,1.61825,0.20,0.05
2008.02.21 07:31:56.810,1.61815,1.61825,0.20,0.05
2008.02.21 07:31:57.102,1.61815,1.61825,0.20,0.05
2008.02.21 07:31:57.395,1.61815,1.61825,0.20,0.05
2008.02.21 07:31:57.639,1.61815,1.61825,0.20,0.05
2008.02.21 07:31:57.883,1.61815,1.61825,0.20,0.05
2008.02.21 07:31:58.126,1.61815,1.61825,0.20,0.05
2008.02.21 07:31:58.379,1.61815,1.61825,0.20,0.05
2008.02.21 07:31:58.632,1.61815,1.61825,0.20,0.05
2008.02.21 07:31:59.052,1.61815,1.61825,0.20,0.05
2008.02.21 07:31:59.940,1.61815,1.61825,0.20,0.05
2008.02.21 07:32:00.462,1.61815,1.61825,0.20,0.05
2008.02.21 07:32:00.782,1.61815,1.61825,0.20,0.05
2008.02.21 07:32:01.013,1.61815,1.61825,0.20,0.05
2008.02.21 07:32:01.207,1.61815,1.61825,0.20,0.05
2008.02.21 07:32:01.494,1.61815,1.61825,0.20,0.05
2008.02.21 07:32:01.808,1.61815,1.61825,0.20,0.05
2008.02.21 07:32:02.122,1.61815,1.61825,0.20,0.05
2008.02.21 07:32:02.436,1.61815,1.61825,0.20,0.05
2008.02.21 07:32:03.236,1.61815,1.61825,0.20,0.05
2008.02.21 07:32:03.458,1.61815,1.61825,0.20,0.05
2008.02.21 07:32:03.688,1.61815,1.61825,0.20,0.05
2008.02.21 07:32:03.920,1.61815,1.61825,0.20,0.05
2008.02.21 07:32:04.149,1.61815,1.61825,0.20,0.05
2008.02.21 07:32:04.380,1.61815,1.61825,0.20,0.05
2008.02.21 07:32:05.862,1.6181,1.61825,0.20,0.05
2008.02.21 07:32:06.035,1.6181,1.61825,0.20,0.05
2008.02.21 07:32:06.210,1.61815,1.61825,0.20,0.05
2008.02.21 07:32:06.382,1.61815,1.61825,0.20,0.05
2008.02.21 07:32:06.555,1.61815,1.61825,0.20,0.05
2008.02.21 07:32:06.683,1.6181,1.61825,0.20,0.05
2008.02.21 07:32:06.812,1.6181,1.61825,0.20,0.05
2008.02.21 07:32:06.941,1.6181,1.6182,0.20,0.20
2008.02.21 07:32:07.071,1.6181,1.6182,0.20,0.20
2008.02.21 07:32:07.199,1.61815,1.6182,0.20,0.20
2008.02.21 07:32:07.503,1.61815,1.6182,0.20,0.20
2008.02.21 07:32:07.838,1.6181,1.6182,0.20,0.20
2008.02.21 07:32:08.174,1.61815,1.6182,0.20,0.20
2008.02.21 07:32:08.508,1.61815,1.6182,0.20,0.20
2008.02.21 07:32:08.695,1.61815,1.6182,0.20,0.20
2008.02.21 07:32:08.864,1.61815,1.6182,0.20,0.20
2008.02.21 07:32:09.032,1.61815,1.6182,0.20,0.20
2008.02.21 07:32:09.201,1.6181,1.6182,0.20,0.20
2008.02.21 07:32:09.369,1.6181,1.6182,0.20,0.20
2008.02.21 07:32:09.538,1.6181,1.6182,0.20,0.20
2008.02.21 07:32:09.937,1.6181,1.6182,0.20,0.20
2008.02.21 07:32:10.160,1.6181,1.6182,0.20,0.20
2008.02.21 07:32:10.384,1.6181,1.6182,0.20,0.20
2008.02.21 07:32:11.197,1.6181,1.6182,0.20,0.20
2008.02.21 07:32:13.773,1.6181,1.6182,0.20,0.20
2008.02.21 07:32:13.995,1.6181,1.6182,0.20,0.20
2008.02.21 07:32:14.170,1.6181,1.6182,0.20,0.20
2008.02.21 07:32:14.289,1.6181,1.6182,0.20,0.20
2008.02.21 07:32:14.408,1.6181,1.6182,0.40,0.20
2008.02.21 07:32:14.527,1.6181,1.6182,0.40,0.20
2008.02.21 07:32:14.646,1.6181,1.6182,0.40,0.20
2008.02.21 07:32:14.764,1.6181,1.6182,0.40,0.20
2008.02.21 07:32:14.883,1.6181,1.6182,0.40,0.20
2008.02.21 07:32:15.002,1.6181,1.6182,0.40,0.20
2008.02.21 07:32:15.311,1.6181,1.6182,0.40,0.20
2008.02.21 07:32:15.619,1.6181,1.6182,0.40,0.20
2008.02.21 07:32:15.927,1.6181,1.6182,0.40,0.20
2008.02.21 07:32:17.033,1.6181,1.6182,0.40,0.20
2008.02.21 07:32:17.727,1.6181,1.6182,0.40,0.20
2008.02.21 07:32:17.938,1.6181,1.6182,0.40,0.20
2008.02.21 07:32:18.241,1.6181,1.6182,0.40,0.20
2008.02.21 07:32:18.929,1.6181,1.6182,0.20,0.20
2008.02.21 07:32:19.117,1.6181,1.6182,0.20,0.20
2008.02.21 07:32:19.351,1.6181,1.6182,0.40,0.20
2008.02.21 07:32:19.585,1.6181,1.6182,0.40,0.20
2008.02.21 07:32:19.827,1.6181,1.6182,0.40,0.20
2008.02.21 07:32:20.060,1.6181,1.6182,0.40,0.20
2008.02.21 07:32:22.176,1.6181,1.6182,0.40,0.20
2008.02.21 07:32:22.493,1.6181,1.6182,0.40,0.20
2008.02.21 07:32:23.006,1.6181,1.6182,0.40,0.20
2008.02.21 07:32:23.416,1.6181,1.6182,0.40,0.20
2008.02.21 07:32:23.664,1.6181,1.6182,0.20,0.20
2008.02.21 07:32:23.913,1.61815,1.61825,0.20,0.05
2008.02.21 07:32:24.162,1.61815,1.61825,0.20,0.05
2008.02.21 07:32:24.344,1.61815,1.61825,0.20,0.05
2008.02.21 07:32:24.509,1.61815,1.61825,0.20,0.05
2008.02.21 07:32:24.683,1.61815,1.6182,0.20,0.20
2008.02.21 07:32:24.857,1.61815,1.6182,0.20,0.20
2008.02.21 07:32:25.030,1.61815,1.6182,0.20,0.20
2008.02.21 07:32:25.204,1.61815,1.6182,0.20,0.20
2008.02.21 07:32:25.424,1.61815,1.6182,0.20,0.20
2008.02.21 07:32:25.642,1.61815,1.6182,0.20,0.20
2008.02.21 07:32:25.861,1.61815,1.61825,0.20,0.05
2008.02.21 07:32:26.081,1.61815,1.61825,0.20,0.05
2008.02.21 07:32:26.299,1.61815,1.61825,0.20,0.05
2008.02.21 07:32:26.467,1.61815,1.61825,0.20,0.05
2008.02.21 07:32:26.636,1.61815,1.61825,0.20,0.05
2008.02.21 07:32:26.805,1.61815,1.61825,0.20,0.05
2008.02.21 07:32:27.144,1.61815,1.61825,0.20,0.05
2008.02.21 07:32:27.313,1.61815,1.61825,0.20,0.05
2008.02.21 07:32:27.532,1.61815,1.61825,0.20,0.05
2008.02.21 07:32:27.750,1.61815,1.61825,0.20,0.05
2008.02.21 07:32:27.968,1.61815,1.61825,0.20,0.05
2008.02.21 07:32:29.927,1.6181,1.61825,0.40,0.05
2008.02.21 07:32:29.973,1.6181,1.61825,0.40,0.05
2008.02.21 07:32:30.023,1.6181,1.6182,0.20,0.20
2008.02.21 07:32:30.067,1.6181,1.6182,0.20,0.20
2008.02.21 07:32:30.153,1.6181,1.6182,0.20,0.20
2008.02.21 07:32:30.206,1.6181,1.6182,0.20,0.20
2008.02.21 07:32:30.251,1.6181,1.6182,0.20,0.20
2008.02.21 07:32:30.559,1.61815,1.61825,0.20,0.05
2008.02.21 07:32:30.858,1.6182,1.6183,0.20,1.60
2008.02.21 07:32:31.157,1.6182,1.6183,0.20,1.60
2008.02.21 07:32:31.456,1.6182,1.6183,0.20,0.05
2008.02.21 07:32:31.742,1.6182,1.6183,0.20,0.05
2008.02.21 07:32:31.955,1.6182,1.6183,0.20,0.05
2008.02.21 07:32:32.257,1.6182,1.6183,0.20,0.05
2008.02.21 07:32:32.578,1.61825,1.61835,0.20,1.60
2008.02.21 07:32:32.772,1.61825,1.61835,0.20,0.05
2008.02.21 07:32:32.965,1.61825,1.61835,0.20,0.05
2008.02.21 07:32:33.422,1.6182,1.6183,0.20,0.05
2008.02.21 07:32:33.607,1.6182,1.6183,0.20,0.05
2008.02.21 07:32:33.805,1.6182,1.6183,0.20,0.05
2008.02.21 07:32:33.975,1.6182,1.6183,0.20,0.05
2008.02.21 07:32:34.163,1.6182,1.6183,0.20,0.05
2008.02.21 07:32:34.347,1.6182,1.6183,0.20,0.20
2008.02.21 07:32:34.652,1.6182,1.6183,0.20,0.05
2008.02.21 07:32:34.956,1.6182,1.6183,0.20,0.05
2008.02.21 07:32:35.268,1.6182,1.6183,0.20,0.05
2008.02.21 07:32:35.631,1.6182,1.6183,0.20,0.05
2008.02.21 07:32:35.956,1.6182,1.6183,0.20,0.05
2008.02.21 07:32:36.204,1.6182,1.6183,0.20,0.05
2008.02.21 07:32:36.667,1.6182,1.6183,0.20,0.05
2008.02.21 07:32:36.836,1.6182,1.6183,0.20,0.05
2008.02.21 07:32:37.007,1.6182,1.6183,0.20,0.05
2008.02.21 07:32:37.419,1.6182,1.6183,0.20,0.05
2008.02.21 07:32:37.758,1.6182,1.6183,0.20,0.05
2008.02.21 07:32:38.713,1.6182,1.6183,0.20,0.05
2008.02.21 07:32:38.896,1.6182,1.6183,0.20,0.05
2008.02.21 07:32:39.486,1.6182,1.6183,0.20,0.05
2008.02.21 07:32:45.422,1.6182,1.6183,0.20,0.05
2008.02.21 07:32:45.733,1.6182,1.6183,0.20,0.05
2008.02.21 07:32:45.918,1.6182,1.6183,0.20,0.20
2008.02.21 07:32:45.972,1.6182,1.6183,0.20,0.20
2008.02.21 07:32:46.025,1.6182,1.6183,0.20,0.20
2008.02.21 07:32:46.120,1.61815,1.61825,0.20,0.05
2008.02.21 07:32:46.175,1.61815,1.61825,0.20,0.05
2008.02.21 07:32:46.232,1.61815,1.61825,0.20,0.05
2008.02.21 07:32:46.295,1.61815,1.61825,0.20,0.05
2008.02.21 07:32:46.347,1.61815,1.61825,0.20,0.05
2008.02.21 07:32:46.452,1.61815,1.61825,0.20,0.05
2008.02.21 07:32:46.657,1.61815,1.61825,0.20,0.05
2008.02.21 07:32:46.958,1.61815,1.61825,0.20,0.05
2008.02.21 07:32:47.149,1.61815,1.61825,0.20,0.05
2008.02.21 07:32:47.318,1.61815,1.61825,0.20,0.05
2008.02.21 07:32:47.487,1.61815,1.61825,0.20,0.05
2008.02.21 07:32:47.594,1.61815,1.61825,0.20,0.05
2008.02.21 07:32:47.703,1.61815,1.61825,0.20,0.05
2008.02.21 07:32:47.982,1.61815,1.61825,0.20,0.05
2008.02.21 07:32:49.739,1.61815,1.61825,0.20,0.05
2008.02.21 07:32:50.662,1.61815,1.61825,0.20,0.05
2008.02.21 07:32:50.793,1.61815,1.61825,0.20,0.05
2008.02.21 07:32:51.190,1.61815,1.61825,0.20,0.05
2008.02.21 07:32:51.325,1.61815,1.61825,0.20,0.05
2008.02.21 07:32:51.655,1.61815,1.61825,0.20,0.05
2008.02.21 07:32:51.863,1.61815,1.61825,0.20,0.05
2008.02.21 07:32:52.072,1.61815,1.61825,0.20,0.05
2008.02.21 07:32:52.445,1.61815,1.61825,0.20,0.05
2008.02.21 07:32:52.677,1.61815,1.61825,0.20,0.05
2008.02.21 07:32:52.976,1.61815,1.61825,0.20,0.05
2008.02.21 07:32:53.225,1.61815,1.61825,0.20,0.05
2008.02.21 07:32:53.474,1.61815,1.61825,0.20,0.05
2008.02.21 07:32:53.721,1.61815,1.61825,0.20,0.05
2008.02.21 07:32:53.955,1.61815,1.61825,0.20,0.05
2008.02.21 07:32:54.105,1.61815,1.61825,0.20,0.05
2008.02.21 07:32:54.251,1.61815,1.61825,0.20,0.05
2008.02.21 07:32:55.963,1.61815,1.61825,0.20,0.05
2008.02.21 07:32:56.191,1.61815,1.61825,0.20,0.05
2008.02.21 07:32:56.265,1.61815,1.61825,0.20,0.05
2008.02.21 07:32:56.691,1.61815,1.61825,0.20,0.05
2008.02.21 07:32:56.764,1.61815,1.61825,0.20,0.05
2008.02.21 07:32:57.027,1.61815,1.61825,0.20,0.05
2008.02.21 07:32:57.337,1.61815,1.61825,0.20,0.05
2008.02.21 07:32:57.648,1.6182,1.6183,0.20,0.05
2008.02.21 07:32:57.962,1.6182,1.6183,0.20,0.05
2008.02.21 07:32:58.258,1.6182,1.6183,0.20,0.05
2008.02.21 07:32:58.551,1.6182,1.6183,0.20,0.05
2008.02.21 07:32:58.844,1.6182,1.6183,0.20,0.05
2008.02.21 07:32:59.949,1.6182,1.6183,0.20,0.05
2008.02.21 07:33:00.155,1.6182,1.6183,0.20,0.05
2008.02.21 07:33:00.622,1.61815,1.6183,0.20,0.05
2008.02.21 07:33:00.806,1.61815,1.6183,0.20,0.05
2008.02.21 07:33:01.001,1.61815,1.6183,0.20,0.05
2008.02.21 07:33:02.625,1.6182,1.6183,0.20,0.05
2008.02.21 07:33:02.748,1.6182,1.6183,0.20,0.05
2008.02.21 07:33:02.871,1.6182,1.6183,0.20,0.05
2008.02.21 07:33:02.995,1.6182,1.6183,0.20,0.05
2008.02.21 07:33:03.119,1.6182,1.6183,0.20,0.05
2008.02.21 07:33:03.243,1.6182,1.6183,0.20,0.05
2008.02.21 07:33:11.251,1.61815,1.6183,0.20,0.05
2008.02.21 07:33:11.340,1.6181,1.61825,0.40,0.05
2008.02.21 07:33:11.394,1.6181,1.61825,0.40,0.05
2008.02.21 07:33:11.437,1.6181,1.61825,0.40,0.05
2008.02.21 07:33:11.660,1.61815,1.6183,0.20,0.05
2008.02.21 07:33:11.736,1.61815,1.6183,0.20,0.05
2008.02.21 07:33:11.941,1.61815,1.6183,0.20,0.05
2008.02.21 07:33:12.261,1.61815,1.6183,0.20,0.05
2008.02.21 07:33:13.592,1.6181,1.61825,0.40,0.05
2008.02.21 07:33:13.669,1.6181,1.61825,0.40,0.05
2008.02.21 07:33:13.749,1.6181,1.61825,0.20,0.05
2008.02.21 07:33:13.828,1.6181,1.61825,0.20,0.05
2008.02.21 07:33:13.906,1.6181,1.61825,0.20,0.05
2008.02.21 07:33:14.013,1.6181,1.61825,0.20,0.05
2008.02.21 07:33:14.276,1.6181,1.61825,0.20,0.05
2008.02.21 07:33:14.549,1.6181,1.61825,0.20,0.05
2008.02.21 07:33:15.659,1.6181,1.61825,0.20,0.05
2008.02.21 07:33:15.814,1.6181,1.61825,0.20,0.05
2008.02.21 07:33:15.935,1.6181,1.6182,0.20,0.20
2008.02.21 07:33:16.074,1.6181,1.6182,0.20,0.20
2008.02.21 07:33:16.278,1.61805,1.6182,0.20,0.20
2008.02.21 07:33:16.482,1.61805,1.6182,0.20,0.20
2008.02.21 07:33:16.685,1.61805,1.6182,0.20,0.20
2008.02.21 07:33:16.890,1.61805,1.6182,0.20,0.20
2008.02.21 07:33:17.259,1.61805,1.6182,0.20,0.20
2008.02.21 07:33:17.531,1.61805,1.6182,0.20,0.20
2008.02.21 07:33:17.804,1.61805,1.6182,0.20,0.20
2008.02.21 07:33:18.078,1.61805,1.6182,0.20,0.20
2008.02.21 07:33:19.226,1.61805,1.6182,0.20,0.20
2008.02.21 07:33:19.695,1.61805,1.6182,0.20,0.20
2008.02.21 07:33:19.868,1.61805,1.6182,0.20,0.20
2008.02.21 07:33:20.042,1.61805,1.6182,0.20,0.20
2008.02.21 07:33:20.416,1.61805,1.6182,0.20,0.20
2008.02.21 07:33:20.536,1.6181,1.61825,0.20,4.00
2008.02.21 07:33:20.654,1.6181,1.61825,0.20,0.05
2008.02.21 07:33:20.773,1.6181,1.61825,0.20,0.05
2008.02.21 07:33:20.892,1.6181,1.61825,0.20,0.05
2008.02.21 07:33:21.453,1.6181,1.61825,0.20,0.05
2008.02.21 07:33:22.930,1.6181,1.61825,0.20,0.05
2008.02.21 07:33:22.973,1.6181,1.61825,0.40,0.05
2008.02.21 07:33:22.998,1.6181,1.61825,0.40,0.05
2008.02.21 07:33:23.172,1.61815,1.61825,0.20,0.05
2008.02.21 07:33:23.254,1.61815,1.61825,0.20,0.05
2008.02.21 07:33:23.454,1.61815,1.61825,0.20,0.05
2008.02.21 07:33:24.448,1.61815,1.61825,0.20,0.05
2008.02.21 07:33:24.713,1.61815,1.61825,0.20,0.05
2008.02.21 07:33:24.977,1.61815,1.61825,0.20,0.05
2008.02.21 07:33:26.022,1.61815,1.61825,0.20,0.05
2008.02.21 07:33:26.230,1.61815,1.61825,0.20,0.05
2008.02.21 07:33:26.433,1.61815,1.61825,0.20,4.00
2008.02.21 07:33:26.511,1.61815,1.6182,0.20,0.20
2008.02.21 07:33:26.589,1.61815,1.6182,0.20,0.20
2008.02.21 07:33:26.677,1.61815,1.6182,0.20,0.20
2008.02.21 07:33:26.759,1.61815,1.6182,0.20,0.20
2008.02.21 07:33:26.845,1.61815,1.6182,0.20,0.20
2008.02.21 07:33:27.108,1.61815,1.6182,0.20,0.20
2008.02.21 07:33:27.371,1.61815,1.6182,0.20,0.20
2008.02.21 07:33:27.635,1.61815,1.61825,0.20,0.05
2008.02.21 07:33:27.899,1.61815,1.61825,0.20,0.05
2008.02.21 07:33:28.174,1.61815,1.61825,0.20,0.05
2008.02.21 07:33:28.297,1.61815,1.61825,0.20,0.05
2008.02.21 07:33:28.668,1.61815,1.61825,0.20,0.05
2008.02.21 07:33:28.790,1.61815,1.61825,0.20,0.05
2008.02.21 07:33:30.715,1.61815,1.61825,0.20,0.05
2008.02.21 07:33:30.827,1.61815,1.61825,0.20,0.05
2008.02.21 07:33:30.938,1.61815,1.6182,0.20,0.20
2008.02.21 07:33:31.046,1.61815,1.6182,0.20,0.20
2008.02.21 07:33:31.306,1.61815,1.6182,0.20,0.20
2008.02.21 07:33:31.566,1.61815,1.6182,0.20,0.20
2008.02.21 07:33:31.962,1.61815,1.6182,0.20,0.20
2008.02.21 07:33:32.221,1.61815,1.6182,0.20,0.20
2008.02.21 07:33:32.489,1.61815,1.6182,0.20,0.20
2008.02.21 07:33:32.727,1.6181,1.6182,0.20,0.20
2008.02.21 07:33:33.213,1.6181,1.6182,0.20,0.20
2008.02.21 07:33:33.426,1.6181,1.6182,0.20,0.20
2008.02.21 07:33:33.752,1.6181,1.6182,0.20,0.20
2008.02.21 07:33:34.674,1.6181,1.6182,0.20,0.20
2008.02.21 07:33:35.115,1.61815,1.6182,0.20,0.20
2008.02.21 07:33:35.305,1.61815,1.61825,0.20,0.05
2008.02.21 07:33:35.464,1.61815,1.61825,0.20,0.05
2008.02.21 07:33:35.527,1.61815,1.61825,0.20,0.05
2008.02.21 07:33:35.689,1.61815,1.61825,0.20,0.05
2008.02.21 07:33:35.807,1.61815,1.61825,0.20,0.05
2008.02.21 07:33:35.985,1.61815,1.61825,0.20,0.05
2008.02.21 07:33:36.192,1.61815,1.61825,0.20,0.05
2008.02.21 07:33:36.265,1.61815,1.61825,0.20,0.05
2008.02.21 07:33:36.710,1.61815,1.61825,0.20,0.05
2008.02.21 07:33:36.851,1.61815,1.61825,0.20,0.05
2008.02.21 07:33:36.989,1.61815,1.61825,0.20,0.05
2008.02.21 07:33:37.233,1.61815,1.61825,0.20,0.05
2008.02.21 07:33:37.854,1.61815,1.61825,0.20,0.05
2008.02.21 07:33:39.198,1.61815,1.61825,0.20,0.05
2008.02.21 07:33:41.993,1.61815,1.61825,0.20,0.05
2008.02.21 07:33:43.140,1.61815,1.61825,0.20,0.05
2008.02.21 07:33:45.439,1.61815,1.61825,0.20,0.05
2008.02.21 07:33:46.064,1.6181,1.61825,0.40,0.05
2008.02.21 07:33:46.113,1.6181,1.61825,0.40,0.05
2008.02.21 07:33:46.161,1.6181,1.61825,0.40,0.90
2008.02.21 07:33:46.211,1.6181,1.6182,0.20,0.20
2008.02.21 07:33:46.399,1.6181,1.6182,0.20,0.20
2008.02.21 07:33:46.578,1.6181,1.6182,0.20,0.20
2008.02.21 07:33:46.948,1.6181,1.6182,0.20,0.20
2008.02.21 07:33:47.175,1.6181,1.6182,0.20,0.20
2008.02.21 07:33:47.353,1.6181,1.6182,0.20,0.20
2008.02.21 07:33:47.481,1.6181,1.6182,0.20,0.20
2008.02.21 07:33:47.838,1.6181,1.6182,0.20,0.20
2008.02.21 07:33:48.233,1.6181,1.6182,0.20,0.20
2008.02.21 07:33:54.236,1.6181,1.6182,0.20,0.20
2008.02.21 07:33:58.625,1.61815,1.6182,0.20,0.20
2008.02.21 07:33:58.692,1.61815,1.61825,0.20,0.05
2008.02.21 07:33:58.758,1.61815,1.61825,0.20,0.05
2008.02.21 07:33:58.832,1.61815,1.61825,0.20,0.05
2008.02.21 07:33:58.924,1.61815,1.61825,0.20,0.05
2008.02.21 07:33:58.986,1.61815,1.61825,0.20,0.05
2008.02.21 07:33:59.168,1.61815,1.61825,0.20,0.05
2008.02.21 07:33:59.232,1.61815,1.61825,0.20,0.05
2008.02.21 07:33:59.352,1.61815,1.61825,0.20,0.05
2008.02.21 07:33:59.416,1.6182,1.61825,0.20,0.05
2008.02.21 07:33:59.481,1.6182,1.61825,0.20,0.05
2008.02.21 07:33:59.546,1.6182,1.61825,0.20,0.05
2008.02.21 07:33:59.610,1.6182,1.6183,0.40,0.20
2008.02.21 07:33:59.889,1.6182,1.6183,0.40,0.20
2008.02.21 07:34:00.169,1.6182,1.6183,0.40,0.20
2008.02.21 07:34:00.446,1.6182,1.6183,0.40,0.20
2008.02.21 07:34:00.724,1.6182,1.6183,0.40,0.20
2008.02.21 07:34:00.921,1.6182,1.6183,0.40,0.20
2008.02.21 07:34:01.029,1.6182,1.6183,0.40,0.20
2008.02.21 07:34:01.137,1.6182,1.6183,0.20,0.20
2008.02.21 07:34:01.246,1.6182,1.6183,0.20,0.20
2008.02.21 07:34:01.448,1.6182,1.6183,0.20,0.20
2008.02.21 07:34:01.556,1.61815,1.6183,0.20,0.20
2008.02.21 07:34:01.700,1.61815,1.6183,0.20,0.20
2008.02.21 07:34:01.808,1.6182,1.6183,0.20,0.20
2008.02.21 07:34:02.101,1.6182,1.6183,0.20,0.20
2008.02.21 07:34:02.744,1.6182,1.6183,0.20,0.20
2008.02.21 07:34:03.037,1.61825,1.61835,0.20,0.50
2008.02.21 07:34:03.171,1.6183,1.6184,0.20,0.20
2008.02.21 07:34:03.296,1.6183,1.6184,0.20,0.20
2008.02.21 07:34:03.418,1.6183,1.6184,0.20,0.20
2008.02.21 07:34:03.542,1.6183,1.6184,0.20,0.20
2008.02.21 07:34:03.672,1.6183,1.6184,0.20,0.20
2008.02.21 07:34:03.970,1.6183,1.6184,0.20,0.20
2008.02.21 07:34:04.311,1.6183,1.6184,0.20,0.20
2008.02.21 07:34:04.455,1.6183,1.6184,0.20,0.20
2008.02.21 07:34:04.939,1.6183,1.6184,0.20,0.20
2008.02.21 07:34:05.082,1.6183,1.6184,0.20,0.20
2008.02.21 07:34:05.242,1.6183,1.6184,0.20,0.20
2008.02.21 07:34:05.443,1.6183,1.6184,0.20,0.20
2008.02.21 07:34:05.562,1.6183,1.6184,0.20,0.20
2008.02.21 07:34:05.724,1.6183,1.6184,0.40,0.20
2008.02.21 07:34:05.841,1.6183,1.6184,0.40,0.20
2008.02.21 07:34:05.983,1.6183,1.6184,0.40,0.20
2008.02.21 07:34:06.169,1.6183,1.6184,0.40,0.20
2008.02.21 07:34:06.489,1.6183,1.6184,0.40,0.20
2008.02.21 07:34:06.718,1.6183,1.6184,0.40,0.20
2008.02.21 07:34:07.001,1.6183,1.6184,0.40,0.20
2008.02.21 07:34:09.208,1.6183,1.6184,0.40,0.20
2008.02.21 07:34:09.249,1.6183,1.6184,0.40,0.20
2008.02.21 07:34:10.438,1.6183,1.6184,0.40,0.20
2008.02.21 07:34:11.458,1.6183,1.6184,0.40,0.20
2008.02.21 07:34:11.932,1.6183,1.6184,0.40,0.20
2008.02.21 07:34:12.185,1.6183,1.6184,0.40,0.20
2008.02.21 07:34:14.145,1.6183,1.6184,0.20,0.20
2008.02.21 07:34:14.235,1.6183,1.6184,0.20,0.20
2008.02.21 07:34:14.435,1.6183,1.6184,0.20,0.20
2008.02.21 07:34:14.523,1.6183,1.6184,0.40,0.20
2008.02.21 07:34:14.748,1.6183,1.6184,0.40,0.20
2008.02.21 07:34:14.977,1.6183,1.6184,0.40,0.20
2008.02.21 07:34:15.208,1.6183,1.6184,0.20,0.20
2008.02.21 07:34:15.444,1.6183,1.6184,0.40,0.20
2008.02.21 07:34:15.671,1.6183,1.6184,0.40,0.20
2008.02.21 07:34:15.900,1.6183,1.6184,0.40,0.20
2008.02.21 07:34:16.208,1.6183,1.6184,0.40,0.20
2008.02.21 07:34:21.840,1.6183,1.6184,0.40,0.20
2008.02.21 07:34:25.801,1.6183,1.6184,0.40,0.20
2008.02.21 07:34:27.031,1.6183,1.6184,0.40,0.20
2008.02.21 07:34:27.500,1.6183,1.6184,0.40,0.20
2008.02.21 07:34:33.668,1.6183,1.6184,0.20,0.20
2008.02.21 07:34:33.713,1.6183,1.6184,0.20,0.20
2008.02.21 07:34:33.906,1.6183,1.6184,0.20,0.20
2008.02.21 07:34:34.008,1.6183,1.6184,0.20,0.20
2008.02.21 07:34:34.213,1.6183,1.6184,0.20,0.20
2008.02.21 07:34:35.860,1.6183,1.6184,0.20,0.20
2008.02.21 07:34:39.318,1.6183,1.6184,0.20,0.20
2008.02.21 07:34:48.256,1.6183,1.6184,0.20,0.20
2008.02.21 07:34:50.526,1.6183,1.6184,0.20,0.20
2008.02.21 07:34:52.614,1.6183,1.6184,0.20,0.20
2008.02.21 07:34:53.191,1.6183,1.6184,0.40,0.20
2008.02.21 07:34:53.253,1.6183,1.6184,0.40,0.20
2008.02.21 07:34:53.307,1.6183,1.6184,0.40,0.20
2008.02.21 07:34:53.458,1.6183,1.6184,0.40,0.20
2008.02.21 07:34:54.057,1.6183,1.6184,0.40,0.20
2008.02.21 07:34:54.318,1.6183,1.6184,0.20,0.20
2008.02.21 07:34:54.626,1.6183,1.6184,0.20,0.20
2008.02.21 07:34:54.765,1.6183,1.6184,0.20,0.20
2008.02.21 07:34:55.208,1.6183,1.6184,0.20,0.20
2008.02.21 07:35:02.960,1.6183,1.6184,0.20,0.20
2008.02.21 07:35:03.127,1.6182,1.6183,0.40,0.05
2008.02.21 07:35:03.241,1.6183,1.6184,0.20,8.10
2008.02.21 07:35:03.354,1.6182,1.6183,0.40,0.05
2008.02.21 07:35:03.468,1.6182,1.6183,0.40,0.05
2008.02.21 07:35:03.581,1.6182,1.6183,0.40,0.20
2008.02.21 07:35:03.711,1.6182,1.6183,0.40,0.20
2008.02.21 07:35:03.857,1.61815,1.6182,4.10,0.05
2008.02.21 07:35:03.970,1.61815,1.6182,0.20,0.05
2008.02.21 07:35:04.084,1.6181,1.6182,0.20,0.05
2008.02.21 07:35:04.418,1.61815,1.61825,0.20,0.05
2008.02.21 07:35:04.752,1.61815,1.61825,0.20,0.05
2008.02.21 07:35:05.085,1.61815,1.61825,0.20,0.05
2008.02.21 07:35:05.490,1.61815,1.61825,0.20,0.05
2008.02.21 07:35:05.703,1.61815,1.61825,0.20,0.05
2008.02.21 07:35:06.220,1.61815,1.61825,0.20,0.05
2008.02.21 07:35:06.439,1.61815,1.61825,0.20,0.05
2008.02.21 07:35:08.375,1.61815,1.61825,0.20,0.05
2008.02.21 07:35:10.760,1.61815,1.61825,0.20,0.05
2008.02.21 07:35:12.290,1.61815,1.61825,0.20,0.05
2008.02.21 07:35:13.739,1.61815,1.61825,0.20,0.05
2008.02.21 07:35:13.952,1.61815,1.61825,0.20,0.05
2008.02.21 07:35:14.167,1.61815,1.61825,0.20,0.05
2008.02.21 07:35:14.381,1.61815,1.61825,0.20,0.05
2008.02.21 07:35:14.739,1.61815,1.61825,0.20,0.05
2008.02.21 07:35:14.918,1.61815,1.61825,0.20,0.05
2008.02.21 07:35:15.098,1.61815,1.61825,0.20,0.05
2008.02.21 07:35:15.727,1.61815,1.61825,0.20,0.05
2008.02.21 07:35:16.254,1.61815,1.61825,0.20,0.05
2008.02.21 07:35:16.455,1.61815,1.61825,0.20,0.05
2008.02.21 07:35:22.664,1.61815,1.61825,0.20,0.05
2008.02.21 07:35:22.771,1.61815,1.61825,0.20,0.05
2008.02.21 07:35:22.990,1.61815,1.61825,0.20,0.05
2008.02.21 07:35:28.483,1.61815,1.61825,0.20,0.05
2008.02.21 07:35:28.667,1.61815,1.61825,0.20,0.05
2008.02.21 07:35:28.785,1.61815,1.61825,0.20,0.05
2008.02.21 07:35:29.499,1.61815,1.61825,0.20,0.05
2008.02.21 07:35:29.961,1.61815,1.61825,0.20,0.05
2008.02.21 07:35:30.206,1.61815,1.61825,0.20,0.05
2008.02.21 07:35:30.691,1.61815,1.61825,0.20,0.05
2008.02.21 07:35:30.885,1.61815,1.61825,0.20,0.05
2008.02.21 07:35:31.078,1.61815,1.61825,0.20,0.05
2008.02.21 07:35:31.271,1.61815,1.61825,0.20,0.05
2008.02.21 07:35:31.544,1.61815,1.61825,0.20,0.05
2008.02.21 07:35:31.817,1.6181,1.6182,0.20,0.05
2008.02.21 07:35:34.397,1.6181,1.6182,0.20,0.05
2008.02.21 07:35:35.687,1.6181,1.6182,0.20,0.05
2008.02.21 07:35:35.720,1.6181,1.6182,0.20,0.05
2008.02.21 07:35:35.739,1.6181,1.6182,0.20,0.05
2008.02.21 07:35:35.899,1.6181,1.6182,0.20,0.05
2008.02.21 07:35:36.084,1.6181,1.6182,0.20,0.05
2008.02.21 07:35:36.127,1.61815,1.61825,0.20,0.05
2008.02.21 07:35:36.154,1.61815,1.61825,0.20,0.05
2008.02.21 07:35:36.194,1.61815,1.61825,0.20,0.05
2008.02.21 07:35:36.252,1.61815,1.61825,0.20,0.05
2008.02.21 07:35:36.453,1.61815,1.61825,0.20,0.05
2008.02.21 07:35:36.727,1.6181,1.6182,0.20,0.05
2008.02.21 07:35:37.002,1.6181,1.6182,0.20,0.20
2008.02.21 07:35:37.279,1.61805,1.6182,0.20,0.20
2008.02.21 07:35:37.583,1.6181,1.6182,0.20,0.20
2008.02.21 07:35:37.701,1.6181,1.6182,0.20,0.20
2008.02.21 07:35:37.908,1.6181,1.6182,0.20,0.20
2008.02.21 07:35:38.001,1.6181,1.6182,0.20,0.20
2008.02.21 07:35:38.235,1.6181,1.6182,0.20,0.20
2008.02.21 07:35:39.187,1.6181,1.6182,0.20,0.20
2008.02.21 07:35:39.432,1.6181,1.6182,0.20,0.05
2008.02.21 07:35:39.676,1.6181,1.6182,0.20,0.05
2008.02.21 07:35:39.989,1.6181,1.6182,0.20,0.05
2008.02.21 07:35:40.508,1.6181,1.6182,0.20,0.05
2008.02.21 07:35:40.680,1.6181,1.6182,0.20,0.05
2008.02.21 07:35:40.818,1.6181,1.6182,0.20,0.05
2008.02.21 07:35:41.023,1.6181,1.6182,0.20,0.05
2008.02.21 07:35:41.160,1.61815,1.61825,0.20,0.05
2008.02.21 07:35:41.299,1.61815,1.61825,0.20,0.05
2008.02.21 07:35:41.636,1.6181,1.6182,0.20,0.05
2008.02.21 07:35:41.775,1.6181,1.6182,0.20,0.05
2008.02.21 07:35:42.023,1.6181,1.6182,0.20,0.05
2008.02.21 07:35:42.272,1.6181,1.6182,0.20,0.05
2008.02.21 07:35:42.333,1.6181,1.6182,0.20,0.05
2008.02.21 07:35:42.562,1.61815,1.61825,0.20,0.05
2008.02.21 07:35:42.810,1.61815,1.61825,0.20,0.05
2008.02.21 07:35:43.093,1.6181,1.6182,0.20,0.05
2008.02.21 07:35:43.246,1.6181,1.6182,0.20,0.05
2008.02.21 07:35:43.620,1.61815,1.61825,0.20,0.05
2008.02.21 07:35:43.774,1.61815,1.61825,0.20,0.05
2008.02.21 07:35:46.070,1.61815,1.61825,0.20,0.05
2008.02.21 07:35:46.339,1.6181,1.6182,0.20,0.05
2008.02.21 07:35:46.608,1.6181,1.6182,0.20,0.05
2008.02.21 07:35:46.876,1.6181,1.6182,0.20,0.05
2008.02.21 07:35:47.144,1.6181,1.6182,0.20,0.05
2008.02.21 07:35:47.327,1.6181,1.6182,0.20,0.05
2008.02.21 07:35:47.511,1.6181,1.6182,0.20,0.05
2008.02.21 07:35:47.695,1.6181,1.6182,0.20,0.05
2008.02.21 07:35:47.878,1.6181,1.6182,0.20,0.05
2008.02.21 07:35:48.324,1.6181,1.6182,0.20,0.05
2008.02.21 07:35:48.740,1.6181,1.6182,0.20,0.05
2008.02.21 07:35:50.695,1.6181,1.6182,0.20,0.05
2008.02.21 07:35:50.935,1.6181,1.6182,0.20,0.05
2008.02.21 07:35:51.128,1.6181,1.6182,0.20,0.05
2008.02.21 07:35:51.337,1.6181,1.6182,0.20,0.05
2008.02.21 07:35:51.546,1.6181,1.6182,0.20,0.05
2008.02.21 07:35:51.755,1.61815,1.61825,0.20,0.05
2008.02.21 07:35:51.963,1.61815,1.61825,0.20,0.05
2008.02.21 07:35:52.171,1.61815,1.61825,0.20,0.05
2008.02.21 07:35:52.476,1.6181,1.61825,0.20,0.05
2008.02.21 07:35:53.716,1.6181,1.61825,0.20,0.05
2008.02.21 07:35:53.939,1.6181,1.61825,0.20,0.05
2008.02.21 07:35:54.163,1.61815,1.61825,0.20,0.05
2008.02.21 07:35:54.471,1.61815,1.61825,0.20,0.05
2008.02.21 07:35:54.780,1.61815,1.61825,0.20,0.05
2008.02.21 07:35:55.088,1.6181,1.61825,0.20,0.05
2008.02.21 07:35:55.406,1.6181,1.6182,0.20,0.20
2008.02.21 07:35:55.630,1.6181,1.6182,0.20,0.20
2008.02.21 07:35:55.853,1.6181,1.6182,0.20,0.20
2008.02.21 07:35:56.077,1.618,1.61815,0.20,0.05
2008.02.21 07:35:56.301,1.61805,1.6182,0.20,0.20
2008.02.21 07:35:56.521,1.6181,1.6182,0.20,0.05
2008.02.21 07:35:56.740,1.6181,1.6182,0.20,0.05
2008.02.21 07:35:57.256,1.6181,1.6182,0.20,0.05
2008.02.21 07:35:57.443,1.6181,1.6182,0.20,0.05
2008.02.21 07:35:58.983,1.6181,1.6182,0.20,0.05
2008.02.21 07:35:59.095,1.6181,1.6182,0.20,0.05
2008.02.21 07:35:59.211,1.6181,1.6182,0.20,0.05
2008.02.21 07:35:59.324,1.6181,1.6182,0.20,0.05
2008.02.21 07:35:59.504,1.6181,1.6182,0.20,0.05
2008.02.21 07:35:59.653,1.61815,1.61825,0.20,0.05
2008.02.21 07:35:59.813,1.61815,1.61825,0.20,0.05
2008.02.21 07:35:59.962,1.61815,1.61825,0.20,0.05
2008.02.21 07:36:00.589,1.61815,1.61825,0.20,0.05
2008.02.21 07:36:01.641,1.61805,1.6182,0.20,0.05
2008.02.21 07:36:01.725,1.61805,1.6182,0.20,0.05
2008.02.21 07:36:01.809,1.61805,1.6182,0.20,0.20
2008.02.21 07:36:01.901,1.61805,1.6182,0.20,0.20
2008.02.21 07:36:01.975,1.61805,1.6182,0.20,0.20
2008.02.21 07:36:02.058,1.61805,1.6182,0.20,0.20
2008.02.21 07:36:02.163,1.61805,1.61815,0.20,0.05
2008.02.21 07:36:02.246,1.61805,1.61815,0.20,0.05
2008.02.21 07:36:02.711,1.61805,1.61815,0.20,0.05
2008.02.21 07:36:02.934,1.61805,1.61815,0.20,0.05
2008.02.21 07:36:03.166,1.61805,1.61815,0.20,0.05
2008.02.21 07:36:03.390,1.61805,1.61815,0.20,0.05
2008.02.21 07:36:04.496,1.61805,1.61815,0.20,0.05
2008.02.21 07:36:04.992,1.61805,1.61815,0.20,0.05
2008.02.21 07:36:07.668,1.61805,1.61815,0.20,0.05
2008.02.21 07:36:07.862,1.61805,1.61815,0.20,0.05
2008.02.21 07:36:08.253,1.61805,1.61815,0.20,0.05
2008.02.21 07:36:08.377,1.61805,1.61815,0.20,0.05
2008.02.21 07:36:08.501,1.61805,1.61815,0.20,0.05
2008.02.21 07:36:08.700,1.61805,1.61815,0.20,0.05
2008.02.21 07:36:08.993,1.61805,1.61815,0.20,0.05
2008.02.21 07:36:12.554,1.61805,1.61815,0.20,0.05
2008.02.21 07:36:12.686,1.61805,1.61815,0.20,0.05
2008.02.21 07:36:12.851,1.61805,1.61815,0.20,0.05
2008.02.21 07:36:12.994,1.61805,1.61815,0.20,0.05
2008.02.21 07:36:13.153,1.61805,1.61815,0.20,0.05
2008.02.21 07:36:15.418,1.61805,1.61815,0.20,0.05
2008.02.21 07:36:15.558,1.61805,1.61815,0.20,0.05
2008.02.21 07:36:15.697,1.618,1.61815,0.20,0.05
2008.02.21 07:36:15.836,1.618,1.61815,0.20,0.05
2008.02.21 07:36:15.975,1.61805,1.61815,0.20,0.05
2008.02.21 07:36:16.433,1.61805,1.61815,0.20,0.05
2008.02.21 07:36:16.767,1.61805,1.61815,0.20,0.05
2008.02.21 07:36:17.099,1.61805,1.61815,0.20,0.05
2008.02.21 07:36:19.237,1.61805,1.61815,0.20,0.05
2008.02.21 07:36:19.377,1.61805,1.61815,0.20,0.05
2008.02.21 07:36:19.600,1.61805,1.61815,0.20,0.05
2008.02.21 07:36:21.662,1.61805,1.61815,0.20,0.05
2008.02.21 07:36:22.263,1.61805,1.61815,0.20,0.05
2008.02.21 07:36:23.402,1.61805,1.61815,0.20,0.05
2008.02.21 07:36:23.567,1.61805,1.61815,0.20,0.05
2008.02.21 07:36:23.731,1.61805,1.61815,0.20,0.05
2008.02.21 07:36:23.894,1.61805,1.61815,0.20,0.05
2008.02.21 07:36:24.059,1.61805,1.61815,0.20,0.05
2008.02.21 07:36:24.222,1.61805,1.61815,0.20,0.05
2008.02.21 07:36:24.436,1.61805,1.61815,0.20,0.05
2008.02.21 07:36:24.766,1.61805,1.61815,0.20,0.05
2008.02.21 07:36:25.094,1.61805,1.61815,0.20,0.05
2008.02.21 07:36:25.424,1.618,1.61815,0.40,0.05
2008.02.21 07:36:25.594,1.618,1.61815,0.20,0.05
2008.02.21 07:36:25.764,1.61805,1.61815,0.20,0.05
2008.02.21 07:36:25.945,1.61805,1.61815,0.20,0.05
2008.02.21 07:36:26.437,1.61805,1.61815,0.20,0.05
2008.02.21 07:36:26.771,1.61805,1.61815,0.20,0.05
2008.02.21 07:36:27.155,1.61805,1.61815,0.20,0.05
2008.02.21 07:36:27.489,1.61805,1.61815,0.20,0.05
2008.02.21 07:36:27.678,1.61805,1.61815,0.20,0.05
2008.02.21 07:36:27.869,1.61805,1.61815,0.20,0.05
2008.02.21 07:36:28.213,1.61805,1.61815,0.20,0.05
2008.02.21 07:36:28.503,1.61805,1.61815,0.20,0.05
2008.02.21 07:36:29.213,1.61805,1.61815,0.20,0.05
2008.02.21 07:36:29.463,1.618,1.61815,0.20,0.05
2008.02.21 07:36:29.676,1.618,1.61815,0.20,0.05
2008.02.21 07:36:29.889,1.618,1.61815,0.20,0.05
2008.02.21 07:36:30.104,1.61805,1.61815,0.20,0.05
2008.02.21 07:36:30.317,1.61805,1.61815,0.20,0.05
2008.02.21 07:36:30.532,1.61805,1.61815,0.20,0.05
2008.02.21 07:36:30.786,1.61805,1.61815,0.20,0.05
2008.02.21 07:36:31.039,1.61805,1.6181,0.20,0.20
2008.02.21 07:36:31.294,1.61795,1.618,1.60,0.05
2008.02.21 07:36:31.547,1.6179,1.618,0.20,0.05
2008.02.21 07:36:31.721,1.6179,1.618,0.20,0.05
2008.02.21 07:36:32.096,1.6179,1.618,0.20,0.05
2008.02.21 07:36:32.236,1.6179,1.618,0.20,0.05
2008.02.21 07:36:32.679,1.6179,1.618,0.20,0.05
2008.02.21 07:36:32.882,1.6179,1.618,0.20,0.05
2008.02.21 07:36:35.922,1.6179,1.618,0.20,0.05
2008.02.21 07:36:36.241,1.6179,1.618,0.20,0.05
2008.02.21 07:36:36.441,1.6179,1.618,0.20,0.05
2008.02.21 07:36:36.952,1.6179,1.618,0.20,0.05
2008.02.21 07:36:37.748,1.6179,1.618,0.20,0.05
2008.02.21 07:36:42.506,1.6179,1.618,0.20,0.05
2008.02.21 07:36:42.702,1.6179,1.618,0.20,0.05
2008.02.21 07:36:43.193,1.6179,1.618,0.20,0.05
2008.02.21 07:36:43.378,1.6179,1.618,0.20,0.05
2008.02.21 07:36:43.550,1.6179,1.618,0.20,0.05
2008.02.21 07:36:43.725,1.6179,1.618,0.20,0.05
2008.02.21 07:36:43.900,1.6179,1.618,0.20,0.05
2008.02.21 07:36:44.073,1.6179,1.618,0.20,0.05
2008.02.21 07:36:44.344,1.61785,1.61795,0.20,0.05
2008.02.21 07:36:44.613,1.6178,1.6179,0.20,0.20
2008.02.21 07:36:44.882,1.6178,1.6179,0.20,0.20
2008.02.21 07:36:45.160,1.6178,1.6179,0.20,0.20
2008.02.21 07:36:45.339,1.6178,1.6179,0.20,0.20
2008.02.21 07:36:45.841,1.61785,1.6179,0.20,0.20
2008.02.21 07:36:46.031,1.61785,1.6179,0.20,0.20
2008.02.21 07:36:46.220,1.61775,1.6178,1.60,0.05
2008.02.21 07:36:46.338,1.61785,1.6179,0.20,8.10
2008.02.21 07:36:46.458,1.6178,1.6179,0.20,0.05
2008.02.21 07:36:46.577,1.6178,1.6179,0.20,0.05
2008.02.21 07:36:46.696,1.6178,1.6179,0.20,0.05
2008.02.21 07:36:46.815,1.6178,1.6179,0.20,0.05
2008.02.21 07:36:46.963,1.6178,1.6179,0.20,0.05
2008.02.21 07:36:47.154,1.6178,1.6179,0.20,0.05
2008.02.21 07:36:47.276,1.6178,1.6179,0.20,0.05
2008.02.21 07:36:47.686,1.6178,1.6179,0.20,0.05
2008.02.21 07:36:48.020,1.6178,1.6179,0.20,0.05
2008.02.21 07:36:48.353,1.6178,1.6179,0.20,0.05
2008.02.21 07:36:48.512,1.6178,1.6179,0.20,0.05
2008.02.21 07:36:48.712,1.6178,1.6179,0.20,0.05
2008.02.21 07:36:49.333,1.6178,1.6179,0.20,0.05
2008.02.21 07:36:49.543,1.6178,1.6179,0.20,0.20
2008.02.21 07:36:49.752,1.61775,1.61785,0.20,0.05
2008.02.21 07:36:49.960,1.61775,1.61785,0.20,0.05
2008.02.21 07:36:50.170,1.61775,1.61785,0.20,0.05
2008.02.21 07:36:50.473,1.61775,1.61785,0.20,0.05
2008.02.21 07:36:50.687,1.61775,1.61785,0.20,0.05
2008.02.21 07:36:51.545,1.6177,1.6178,0.40,0.05
2008.02.21 07:36:51.689,1.6177,1.6178,0.40,0.05
2008.02.21 07:36:51.833,1.6177,1.6178,0.40,0.05
2008.02.21 07:36:51.977,1.6177,1.6178,0.40,0.20
2008.02.21 07:36:52.121,1.6177,1.6178,0.40,0.20
2008.02.21 07:36:52.264,1.6177,1.6178,0.40,0.20
2008.02.21 07:36:52.737,1.6177,1.6178,0.40,0.20
2008.02.21 07:36:52.947,1.6177,1.6178,0.40,0.20
2008.02.21 07:36:54.070,1.6177,1.6178,0.40,0.20
2008.02.21 07:36:54.855,1.6177,1.6178,0.20,0.20
2008.02.21 07:36:54.966,1.6177,1.6178,0.20,0.20
2008.02.21 07:36:55.000,1.6177,1.6178,0.20,0.20
2008.02.21 07:36:55.086,1.6177,1.6178,0.20,0.20
2008.02.21 07:36:55.124,1.6177,1.6178,0.20,0.20
2008.02.21 07:36:55.154,1.6177,1.6178,0.40,0.20
2008.02.21 07:36:55.214,1.6177,1.6178,0.40,0.20
2008.02.21 07:36:55.226,1.6177,1.6178,0.40,0.20
2008.02.21 07:36:55.240,1.6177,1.6178,0.20,0.20
2008.02.21 07:36:55.258,1.6177,1.6178,0.20,0.20
2008.02.21 07:36:55.271,1.6177,1.6178,0.20,0.20
2008.02.21 07:36:55.329,1.6177,1.6178,0.20,0.20
2008.02.21 07:36:55.377,1.6177,1.6178,0.20,0.20
2008.02.21 07:36:55.408,1.6177,1.6178,0.20,0.20
2008.02.21 07:36:55.423,1.6177,1.6178,0.20,0.20
2008.02.21 07:36:55.462,1.6177,1.6178,0.20,0.05
2008.02.21 07:36:55.474,1.6177,1.6178,0.20,0.05
2008.02.21 07:36:55.537,1.6177,1.6178,0.20,0.05
2008.02.21 07:36:55.591,1.6178,1.6179,0.20,2.60
2008.02.21 07:36:55.603,1.6178,1.6179,0.20,2.60
2008.02.21 07:36:55.663,1.6178,1.6179,0.20,0.20
2008.02.21 07:36:55.681,1.6178,1.6179,0.20,0.20
2008.02.21 07:36:55.739,1.6178,1.6179,0.20,0.20
2008.02.21 07:36:55.788,1.6178,1.6179,0.20,0.20
2008.02.21 07:36:55.945,1.6178,1.6179,0.20,0.20
2008.02.21 07:36:56.279,1.6178,1.6179,0.20,0.20
2008.02.21 07:36:56.611,1.6178,1.6179,0.20,0.20
2008.02.21 07:36:56.944,1.6178,1.6179,0.20,0.20
2008.02.21 07:36:57.278,1.6178,1.6179,0.20,0.20
2008.02.21 07:36:57.402,1.6178,1.6179,0.20,0.20
2008.02.21 07:36:57.739,1.6178,1.6179,0.20,0.20
2008.02.21 07:36:57.845,1.6178,1.6179,0.20,0.20
2008.02.21 07:36:59.169,1.6178,1.6179,0.20,0.20
2008.02.21 07:36:59.284,1.6178,1.6179,0.20,0.20
2008.02.21 07:36:59.393,1.6178,1.6179,0.20,0.20
2008.02.21 07:36:59.502,1.61775,1.61785,0.20,0.05
2008.02.21 07:36:59.610,1.61775,1.61785,0.20,0.05
2008.02.21 07:36:59.719,1.61775,1.61785,0.20,0.05
2008.02.21 07:36:59.899,1.61775,1.61785,0.20,0.05
2008.02.21 07:37:00.141,1.61775,1.61785,0.20,0.05
2008.02.21 07:37:00.390,1.61775,1.61785,0.20,0.05
2008.02.21 07:37:00.733,1.61775,1.61785,0.20,0.05
2008.02.21 07:37:00.971,1.61775,1.61785,0.20,0.05
2008.02.21 07:37:01.487,1.61775,1.61785,0.20,0.05
2008.02.21 07:37:02.467,1.61775,1.61785,0.20,0.05
2008.02.21 07:37:02.686,1.61775,1.61785,0.20,0.05
2008.02.21 07:37:02.904,1.61775,1.61785,0.20,0.05
2008.02.21 07:37:03.124,1.61775,1.61785,0.20,0.05
2008.02.21 07:37:03.343,1.61775,1.6178,0.20,0.20
2008.02.21 07:37:03.613,1.61775,1.61785,0.20,0.05
2008.02.21 07:37:03.883,1.6178,1.6179,0.20,0.20
2008.02.21 07:37:04.179,1.6178,1.6179,0.20,0.20
2008.02.21 07:37:04.447,1.6178,1.61785,0.20,4.00
2008.02.21 07:37:04.660,1.61775,1.61785,0.20,4.00
2008.02.21 07:37:04.875,1.61775,1.61785,0.20,4.00
2008.02.21 07:37:05.090,1.61775,1.6178,0.20,0.20
2008.02.21 07:37:05.304,1.61775,1.6178,0.20,0.20
2008.02.21 07:37:05.588,1.61775,1.6178,0.20,0.20
2008.02.21 07:37:05.874,1.6177,1.6178,0.20,0.20
2008.02.21 07:37:06.157,1.61755,1.6177,0.20,0.20
2008.02.21 07:37:06.442,1.61755,1.61765,0.20,12.00
2008.02.21 07:37:06.666,1.61755,1.61765,0.20,0.05
2008.02.21 07:37:06.890,1.61755,1.61765,0.20,0.80
2008.02.21 07:37:07.113,1.61755,1.61765,0.20,0.05
2008.02.21 07:37:07.337,1.61755,1.61765,0.20,0.05
2008.02.21 07:37:07.605,1.61755,1.61765,0.20,0.05
2008.02.21 07:37:07.875,1.61755,1.61765,0.20,0.05
2008.02.21 07:37:08.143,1.61755,1.61765,0.20,0.05
2008.02.21 07:37:08.411,1.6176,1.6177,0.20,0.20
2008.02.21 07:37:08.660,1.6176,1.6177,0.20,0.05
2008.02.21 07:37:08.910,1.61755,1.6177,0.20,8.20
2008.02.21 07:37:09.161,1.61755,1.6177,0.20,8.20
2008.02.21 07:37:09.410,1.61755,1.6177,0.20,9.80
2008.02.21 07:37:09.655,1.61755,1.6176,0.20,0.20
2008.02.21 07:37:09.899,1.61755,1.6176,0.20,0.20
2008.02.21 07:37:10.143,1.6176,1.6177,0.20,0.20
2008.02.21 07:37:10.389,1.61755,1.61765,0.20,0.05
2008.02.21 07:37:10.568,1.6176,1.6177,0.20,0.05
2008.02.21 07:37:10.743,1.61765,1.61775,0.20,0.80
2008.02.21 07:37:10.917,1.61765,1.61775,0.20,0.80
2008.02.21 07:37:11.091,1.61765,1.61775,0.20,0.80
2008.02.21 07:37:11.266,1.6176,1.6177,0.20,0.05
2008.02.21 07:37:11.439,1.6176,1.6177,0.20,0.05
2008.02.21 07:37:11.715,1.6176,1.6177,0.20,0.05
2008.02.21 07:37:13.534,1.61765,1.61775,0.20,0.05
2008.02.21 07:37:13.601,1.61765,1.61775,0.20,0.05
2008.02.21 07:37:13.680,1.61765,1.61775,0.20,0.05
2008.02.21 07:37:13.854,1.61765,1.61775,0.20,0.05
2008.02.21 07:37:14.037,1.61765,1.61775,0.20,0.05
2008.02.21 07:37:14.139,1.61765,1.61775,0.20,0.05
2008.02.21 07:37:14.204,1.61765,1.61775,0.20,0.05
2008.02.21 07:37:14.273,1.61765,1.61775,0.20,0.05
2008.02.21 07:37:14.516,1.61765,1.61775,0.20,0.05
2008.02.21 07:37:14.610,1.61765,1.61775,0.20,0.05
2008.02.21 07:37:14.946,1.6177,1.6178,0.20,0.05
2008.02.21 07:37:15.279,1.6177,1.6178,0.20,0.05
2008.02.21 07:37:15.854,1.6176,1.61775,0.40,0.05
2008.02.21 07:37:15.979,1.6176,1.61765,0.20,0.05
2008.02.21 07:37:16.103,1.6175,1.61765,1.00,0.05
2008.02.21 07:37:16.227,1.61755,1.6177,0.20,0.05
2008.02.21 07:37:16.350,1.61755,1.6177,0.20,0.05
2008.02.21 07:37:16.474,1.61755,1.6177,0.20,0.05
2008.02.21 07:37:16.598,1.61755,1.6177,0.20,0.05
2008.02.21 07:37:16.832,1.61765,1.61775,0.20,0.80
2008.02.21 07:37:17.422,1.61765,1.61775,0.20,0.80
2008.02.21 07:37:17.658,1.61765,1.6177,0.20,0.20
2008.02.21 07:37:17.898,1.61765,1.6177,0.20,0.20
2008.02.21 07:37:18.135,1.61765,1.61775,0.20,0.80
2008.02.21 07:37:18.374,1.61765,1.61775,0.20,0.05
2008.02.21 07:37:18.613,1.61765,1.61775,0.20,0.05
2008.02.21 07:37:18.867,1.61765,1.61775,0.20,0.05
2008.02.21 07:37:19.123,1.61765,1.61775,0.20,0.05
2008.02.21 07:37:19.377,1.61765,1.61775,0.20,0.05
2008.02.21 07:37:19.631,1.61765,1.61775,0.20,0.05
2008.02.21 07:37:19.880,1.61765,1.61775,0.20,0.05
2008.02.21 07:37:20.129,1.61765,1.6178,0.20,0.05
2008.02.21 07:37:20.378,1.61775,1.61785,0.20,5.60
2008.02.21 07:37:20.627,1.61775,1.61785,0.20,4.00
2008.02.21 07:37:20.913,1.6178,1.61785,0.20,4.00
2008.02.21 07:37:21.197,1.6177,1.61785,0.20,4.00
2008.02.21 07:37:21.480,1.6177,1.61785,0.20,4.00
2008.02.21 07:37:21.764,1.61765,1.61775,0.70,0.05
2008.02.21 07:37:21.997,1.61765,1.61775,0.20,0.05
2008.02.21 07:37:22.212,1.61765,1.61775,0.20,0.05
2008.02.21 07:37:22.450,1.61765,1.61775,0.20,0.05
2008.02.21 07:37:22.673,1.61765,1.61775,0.20,0.05
2008.02.21 07:37:22.921,1.61765,1.61775,0.20,0.05
2008.02.21 07:37:23.169,1.61765,1.61775,0.20,0.05
2008.02.21 07:37:23.418,1.61765,1.61775,0.20,0.05
2008.02.21 07:37:23.828,1.61765,1.61775,0.20,0.05
2008.02.21 07:37:24.012,1.61765,1.61775,0.20,0.05
2008.02.21 07:37:24.420,1.61765,1.61775,0.20,0.05
2008.02.21 07:37:24.938,1.61765,1.61775,0.20,0.05
2008.02.21 07:37:25.128,1.61775,1.6178,0.20,0.20
2008.02.21 07:37:25.308,1.61775,1.61785,0.20,6.40
2008.02.21 07:37:25.487,1.61775,1.61785,0.20,4.80
2008.02.21 07:37:25.665,1.61775,1.61785,0.20,4.80
2008.02.21 07:37:25.968,1.61775,1.61785,0.20,4.80
2008.02.21 07:37:26.196,1.61775,1.61785,0.20,4.80
2008.02.21 07:37:26.345,1.61775,1.61785,0.20,4.00
2008.02.21 07:37:26.494,1.61775,1.61785,0.20,4.00
2008.02.21 07:37:26.642,1.6178,1.61785,0.20,4.00
2008.02.21 07:37:26.791,1.61775,1.61785,0.20,4.00
2008.02.21 07:37:26.942,1.61775,1.61785,0.20,4.00
2008.02.21 07:37:27.195,1.6178,1.61785,0.20,4.00
2008.02.21 07:37:27.450,1.6178,1.61785,0.20,4.00
2008.02.21 07:37:27.702,1.6178,1.61785,0.20,4.00
2008.02.21 07:37:27.956,1.6177,1.6178,0.20,0.05
2008.02.21 07:37:28.196,1.6177,1.6178,0.20,0.05
2008.02.21 07:37:28.433,1.6177,1.6178,0.20,0.05
2008.02.21 07:37:28.672,1.6177,1.6178,0.20,0.05
2008.02.21 07:37:28.915,1.6177,1.6178,0.20,0.05
2008.02.21 07:37:30.643,1.6177,1.6178,0.20,0.05
2008.02.21 07:37:31.004,1.6177,1.6178,0.20,0.05
2008.02.21 07:37:32.427,1.6177,1.6178,0.20,0.05
2008.02.21 07:37:33.952,1.6177,1.6178,0.20,0.05
2008.02.21 07:37:34.876,1.6177,1.6178,0.20,0.05
2008.02.21 07:37:35.492,1.6177,1.6178,0.20,0.05
2008.02.21 07:37:35.670,1.61765,1.6178,0.20,0.05
2008.02.21 07:37:35.849,1.61765,1.6178,0.20,0.20
2008.02.21 07:37:36.028,1.61765,1.6178,0.20,0.20
2008.02.21 07:37:39.183,1.61765,1.6178,0.20,0.20
2008.02.21 07:37:39.371,1.61765,1.6178,0.20,0.20
2008.02.21 07:37:39.560,1.61765,1.61775,0.20,0.05
2008.02.21 07:37:39.749,1.61765,1.61775,0.20,0.05
2008.02.21 07:37:39.939,1.61765,1.61775,0.20,0.05
2008.02.21 07:37:40.127,1.61765,1.61775,0.20,0.05
2008.02.21 07:37:41.113,1.6176,1.61775,0.20,0.05
2008.02.21 07:37:41.252,1.6176,1.61775,0.20,0.05
2008.02.21 07:37:41.351,1.6176,1.61775,0.20,0.05
2008.02.21 07:37:41.415,1.6176,1.61775,0.20,0.05
2008.02.21 07:37:43.389,1.6176,1.6177,0.20,0.05
2008.02.21 07:37:43.522,1.61755,1.6176,0.10,3.20
2008.02.21 07:37:43.764,1.61755,1.6176,0.10,3.30
2008.02.21 07:37:44.012,1.61755,1.6176,0.10,3.30
2008.02.21 07:37:44.242,1.6175,1.6176,0.20,3.40
2008.02.21 07:37:44.480,1.6175,1.6176,0.20,3.40
2008.02.21 07:37:44.718,1.6175,1.6176,0.20,3.40
2008.02.21 07:37:44.933,1.6175,1.6176,0.20,3.40
2008.02.21 07:37:45.147,1.6175,1.6176,0.20,3.40
2008.02.21 07:37:45.301,1.6175,1.6176,0.20,3.20
2008.02.21 07:37:45.455,1.61755,1.6176,0.20,3.20
2008.02.21 07:37:45.609,1.61755,1.6176,0.20,3.20
2008.02.21 07:37:45.944,1.61735,1.61745,16.90,0.05
2008.02.21 07:37:46.278,1.61735,1.61745,0.20,0.05
2008.02.21 07:37:46.611,1.6174,1.6175,0.20,0.05
2008.02.21 07:37:46.790,1.6174,1.6175,0.20,0.05
2008.02.21 07:37:46.969,1.6174,1.6175,0.20,0.05
2008.02.21 07:37:47.150,1.6174,1.6175,0.20,0.05
2008.02.21 07:37:47.328,1.6174,1.6175,0.20,0.05
2008.02.21 07:37:47.508,1.6174,1.6175,0.20,0.05
2008.02.21 07:37:47.687,1.61745,1.61755,0.20,0.05
2008.02.21 07:37:47.985,1.61745,1.61755,0.20,0.05
2008.02.21 07:37:48.285,1.6174,1.6175,0.20,0.05
2008.02.21 07:37:48.584,1.6174,1.6175,0.20,0.05
2008.02.21 07:37:48.749,1.6174,1.6175,0.20,0.05
2008.02.21 07:37:49.208,1.6174,1.6175,0.20,0.05
2008.02.21 07:37:49.371,1.6174,1.6175,0.20,0.05
2008.02.21 07:37:49.536,1.6174,1.6175,0.20,0.20
2008.02.21 07:37:49.700,1.61725,1.61735,4.90,0.05
2008.02.21 07:37:49.883,1.61725,1.61735,0.90,0.05
2008.02.21 07:37:50.067,1.6173,1.6174,0.40,0.05
2008.02.21 07:37:50.251,1.61725,1.61735,0.90,0.05
2008.02.21 07:37:50.434,1.61725,1.61735,0.20,0.05
2008.02.21 07:37:50.617,1.61725,1.61735,0.20,0.05
2008.02.21 07:37:50.936,1.61725,1.61735,0.20,0.05
2008.02.21 07:37:51.260,1.61715,1.61725,0.20,0.05
2008.02.21 07:37:51.579,1.61715,1.61725,0.20,0.05
2008.02.21 07:37:51.833,1.61715,1.6173,0.20,0.05
2008.02.21 07:37:52.087,1.61715,1.6173,0.20,0.05
2008.02.21 07:37:52.341,1.61715,1.6173,0.20,0.05
2008.02.21 07:37:52.595,1.61715,1.6173,0.20,0.05
2008.02.21 07:37:52.834,1.61715,1.6173,0.20,0.05
2008.02.21 07:37:53.073,1.61715,1.6173,0.20,0.05
2008.02.21 07:37:53.312,1.61715,1.6173,0.20,0.05
2008.02.21 07:37:55.122,1.61715,1.61725,0.20,0.05
2008.02.21 07:37:55.431,1.61715,1.61725,0.20,0.05
2008.02.21 07:37:55.644,1.61725,1.61735,0.20,1.60
2008.02.21 07:37:55.964,1.61725,1.61735,0.20,0.05
2008.02.21 07:37:56.283,1.6174,1.61745,0.20,2.40
2008.02.21 07:37:56.602,1.61735,1.6174,0.10,1.60
2008.02.21 07:37:56.797,1.61745,1.61755,0.20,1.60
2008.02.21 07:37:56.970,1.61745,1.61755,0.20,1.60
2008.02.21 07:37:57.163,1.61745,1.61755,0.20,1.60
2008.02.21 07:37:57.391,1.61745,1.61755,0.20,1.60
2008.02.21 07:37:57.575,1.6174,1.61745,0.10,7.30
2008.02.21 07:37:57.759,1.6172,1.6173,0.40,0.05
2008.02.21 07:37:57.968,1.6173,1.6174,0.20,1.70
2008.02.21 07:37:58.178,1.61735,1.6174,0.20,1.60
2008.02.21 07:37:58.386,1.61735,1.6174,0.20,1.60
2008.02.21 07:37:58.596,1.61735,1.6174,0.20,1.60
2008.02.21 07:37:58.805,1.61745,1.6175,0.20,0.20
2008.02.21 07:37:58.963,1.61745,1.6175,0.20,0.20
2008.02.21 07:37:59.122,1.61735,1.61745,0.20,0.05
2008.02.21 07:37:59.282,1.61735,1.61745,0.20,0.05
2008.02.21 07:37:59.440,1.61735,1.61745,0.20,0.05
2008.02.21 07:37:59.599,1.61735,1.61745,0.20,0.05
2008.02.21 07:37:59.605,1.61735,1.61745,0.20,0.05
2008.02.21 07:37:59.757,1.61735,1.61745,0.20,0.05
2008.02.21 07:37:59.916,1.61735,1.61745,0.20,0.05
2008.02.21 07:38:00.108,1.61735,1.61745,0.20,0.05
2008.02.21 07:38:00.302,1.61735,1.61745,0.20,0.05
2008.02.21 07:38:00.496,1.61735,1.61745,0.20,0.05
2008.02.21 07:38:00.809,1.61735,1.61745,0.20,0.05
2008.02.21 07:38:01.130,1.61735,1.61745,0.20,0.05
2008.02.21 07:38:01.294,1.6173,1.6174,0.20,0.05
2008.02.21 07:38:01.458,1.6173,1.6174,0.20,0.05
2008.02.21 07:38:01.622,1.6173,1.6174,0.20,0.05
2008.02.21 07:38:02.069,1.6173,1.6174,0.20,0.05
2008.02.21 07:38:02.638,1.6173,1.6174,0.20,0.05
2008.02.21 07:38:03.011,1.6173,1.6174,0.20,0.05
2008.02.21 07:38:05.075,1.6173,1.6174,0.20,0.05
2008.02.21 07:38:05.180,1.6173,1.6174,0.20,0.05
2008.02.21 07:38:05.249,1.6173,1.6174,0.20,0.20
2008.02.21 07:38:05.327,1.6173,1.6174,0.20,0.20
2008.02.21 07:38:05.406,1.6173,1.6174,0.20,0.20
2008.02.21 07:38:05.485,1.6173,1.6174,0.20,0.20
2008.02.21 07:38:05.564,1.6173,1.6174,0.20,0.20
2008.02.21 07:38:05.652,1.6173,1.6174,0.20,0.20
2008.02.21 07:38:05.729,1.6173,1.6174,0.20,0.20
2008.02.21 07:38:05.940,1.6173,1.6174,0.20,0.20
2008.02.21 07:38:06.018,1.6173,1.6174,0.20,0.20
2008.02.21 07:38:06.207,1.6173,1.6174,0.20,0.20
2008.02.21 07:38:06.397,1.6173,1.6174,0.20,0.20
2008.02.21 07:38:07.347,1.6173,1.6174,0.20,0.20
2008.02.21 07:38:07.465,1.6173,1.6174,0.20,0.20
2008.02.21 07:38:07.584,1.6173,1.6174,0.20,0.20
2008.02.21 07:38:08.547,1.6173,1.6174,0.20,0.20
2008.02.21 07:38:08.641,1.6173,1.6174,0.20,0.20
2008.02.21 07:38:08.701,1.6173,1.6174,0.20,0.20
2008.02.21 07:38:08.844,1.6173,1.6174,0.40,0.20
2008.02.21 07:38:08.902,1.6173,1.6174,0.40,0.20
2008.02.21 07:38:08.961,1.61735,1.6174,0.20,0.20
2008.02.21 07:38:09.041,1.61735,1.6174,0.20,0.20
2008.02.21 07:38:09.161,1.61735,1.6174,0.20,0.20
2008.02.21 07:38:09.220,1.61735,1.61745,0.20,0.05
2008.02.21 07:38:09.278,1.61735,1.61745,0.20,0.05
2008.02.21 07:38:09.420,1.61735,1.61745,0.20,0.05
2008.02.21 07:38:09.637,1.61735,1.61745,0.20,0.05
2008.02.21 07:38:09.881,1.61735,1.61745,0.20,0.05
2008.02.21 07:38:10.135,1.61735,1.61745,0.20,0.05
2008.02.21 07:38:10.370,1.6174,1.61745,0.20,0.05
2008.02.21 07:38:10.613,1.6174,1.61745,0.20,0.05
2008.02.21 07:38:10.847,1.6174,1.6175,0.40,0.05
2008.02.21 07:38:11.081,1.6174,1.6175,0.40,0.05
2008.02.21 07:38:11.314,1.6174,1.6175,0.40,0.05
2008.02.21 07:38:11.699,1.6174,1.6175,0.40,0.05
2008.02.21 07:38:12.957,1.6174,1.6175,0.40,0.05
2008.02.21 07:38:13.127,1.6174,1.6175,0.40,0.05
2008.02.21 07:38:13.500,1.6174,1.6175,0.40,0.05
2008.02.21 07:38:13.572,1.61745,1.61755,0.20,0.05
2008.02.21 07:38:13.692,1.61745,1.61755,0.20,0.05
2008.02.21 07:38:13.720,1.61745,1.61755,0.20,0.05
2008.02.21 07:38:13.749,1.61745,1.61755,0.20,0.05
2008.02.21 07:38:13.825,1.61745,1.61755,0.20,0.05
2008.02.21 07:38:13.933,1.61745,1.61755,0.20,0.05
2008.02.21 07:38:14.070,1.61745,1.61755,0.20,0.05
2008.02.21 07:38:14.157,1.61745,1.61755,0.20,0.05
2008.02.21 07:38:14.277,1.61745,1.61755,0.20,0.05
2008.02.21 07:38:14.456,1.61745,1.61755,0.20,0.05
2008.02.21 07:38:14.539,1.61745,1.61755,0.20,0.05
2008.02.21 07:38:14.668,1.61745,1.61755,0.20,0.05
2008.02.21 07:38:14.873,1.61745,1.61755,0.20,0.05
2008.02.21 07:38:16.075,1.6174,1.6175,0.40,0.05
2008.02.21 07:38:16.152,1.6174,1.6175,0.40,0.05
2008.02.21 07:38:16.219,1.6174,1.6175,0.40,0.05
2008.02.21 07:38:16.288,1.6174,1.6175,0.40,0.05
2008.02.21 07:38:16.455,1.6174,1.6175,0.40,0.05
2008.02.21 07:38:16.522,1.6174,1.6175,0.40,0.05
2008.02.21 07:38:16.590,1.6174,1.6175,0.40,0.05
2008.02.21 07:38:17.318,1.6174,1.61745,0.20,0.05
2008.02.21 07:38:17.386,1.6174,1.61745,0.20,0.05
2008.02.21 07:38:17.455,1.6174,1.61745,0.20,0.05
2008.02.21 07:38:17.523,1.61735,1.61745,0.20,0.05
2008.02.21 07:38:17.600,1.61735,1.61745,0.20,0.05
2008.02.21 07:38:17.684,1.61735,1.61745,0.20,0.05
2008.02.21 07:38:17.982,1.61735,1.61745,0.20,0.05
2008.02.21 07:38:18.505,1.61735,1.61745,0.20,0.05
2008.02.21 07:38:18.645,1.61735,1.61745,0.20,0.05
2008.02.21 07:38:18.729,1.61735,1.61745,0.20,0.05
2008.02.21 07:38:18.813,1.61735,1.61745,0.20,0.05
2008.02.21 07:38:18.908,1.61735,1.61745,0.20,0.05
2008.02.21 07:38:20.899,1.61735,1.61745,0.20,0.05
2008.02.21 07:38:20.963,1.61735,1.61745,0.20,0.05
2008.02.21 07:38:21.028,1.61735,1.61745,0.20,0.05
2008.02.21 07:38:21.091,1.61735,1.61745,0.20,0.05
2008.02.21 07:38:21.165,1.6173,1.6174,0.40,0.05
2008.02.21 07:38:21.235,1.6173,1.6174,0.40,0.05
2008.02.21 07:38:21.289,1.6173,1.6174,0.40,0.05
2008.02.21 07:38:21.352,1.6173,1.6174,0.40,0.05
2008.02.21 07:38:21.423,1.6173,1.6174,0.40,0.05
2008.02.21 07:38:21.755,1.6173,1.6174,0.40,0.05
2008.02.21 07:38:22.089,1.61735,1.61745,0.20,0.05
2008.02.21 07:38:22.422,1.61735,1.61745,0.20,0.05
2008.02.21 07:38:22.608,1.61735,1.61745,0.20,0.05
2008.02.21 07:38:22.791,1.61735,1.61745,0.20,0.05
2008.02.21 07:38:23.093,1.61735,1.61745,0.20,0.05
2008.02.21 07:38:23.277,1.61735,1.61745,0.20,0.05
2008.02.21 07:38:23.462,1.61735,1.61745,0.20,0.05
2008.02.21 07:38:24.018,1.61735,1.61745,0.20,0.05
2008.02.21 07:38:24.812,1.61735,1.61745,0.20,0.05
2008.02.21 07:38:25.485,1.61735,1.61745,0.20,0.05
2008.02.21 07:38:25.857,1.61735,1.61745,0.20,0.05
2008.02.21 07:38:26.630,1.61735,1.61745,0.20,0.05
2008.02.21 07:38:28.389,1.61735,1.61745,0.20,0.05
2008.02.21 07:38:28.476,1.61735,1.61745,0.20,0.05
2008.02.21 07:38:28.564,1.61735,1.61745,0.20,0.05
2008.02.21 07:38:28.720,1.61735,1.61745,0.20,0.05
2008.02.21 07:38:28.972,1.61735,1.61745,0.20,0.05
2008.02.21 07:38:29.198,1.61735,1.61745,0.20,0.05
2008.02.21 07:38:29.438,1.61735,1.61745,0.20,0.05
2008.02.21 07:38:29.688,1.6174,1.6175,0.40,0.20
2008.02.21 07:38:30.013,1.6174,1.6175,0.40,0.20
2008.02.21 07:38:30.337,1.6174,1.6175,0.40,0.20
2008.02.21 07:38:30.673,1.6175,1.61755,0.20,4.10
2008.02.21 07:38:30.998,1.6175,1.61755,0.20,4.00
2008.02.21 07:38:31.176,1.6175,1.6176,0.20,0.20
2008.02.21 07:38:31.354,1.6175,1.6176,0.20,0.20
2008.02.21 07:38:31.533,1.6175,1.6176,0.20,0.20
2008.02.21 07:38:31.715,1.6175,1.6176,0.20,0.20
2008.02.21 07:38:31.914,1.6175,1.6176,0.20,0.20
2008.02.21 07:38:32.162,1.6175,1.6176,0.20,0.20
2008.02.21 07:38:32.438,1.6175,1.6176,0.20,0.20
2008.02.21 07:38:32.686,1.61755,1.6177,0.20,9.00
2008.02.21 07:38:32.938,1.61755,1.6177,0.20,8.80
2008.02.21 07:38:33.187,1.6175,1.6176,0.40,0.05
2008.02.21 07:38:33.436,1.6175,1.6176,0.40,0.20
2008.02.21 07:38:33.684,1.6175,1.6176,0.40,0.20
2008.02.21 07:38:33.932,1.6175,1.6176,0.40,0.20
2008.02.21 07:38:34.210,1.6175,1.6176,0.40,0.20
2008.02.21 07:38:34.488,1.6175,1.6176,0.40,0.20
2008.02.21 07:38:34.767,1.6175,1.6176,0.40,0.20
2008.02.21 07:38:35.054,1.61755,1.6176,3.30,0.20
2008.02.21 07:38:35.339,1.61765,1.6178,0.20,1.00
2008.02.21 07:38:35.603,1.6177,1.6178,0.20,0.20
2008.02.21 07:38:35.877,1.6176,1.6177,0.40,0.05
2008.02.21 07:38:36.126,1.6176,1.6177,0.20,0.05
2008.02.21 07:38:36.375,1.61755,1.61765,0.20,0.80
2008.02.21 07:38:36.624,1.61755,1.61765,0.20,0.80
2008.02.21 07:38:36.874,1.6175,1.6176,0.20,1.60
2008.02.21 07:38:37.118,1.61745,1.61755,0.20,0.05
2008.02.21 07:38:37.363,1.61745,1.61755,0.20,0.05
2008.02.21 07:38:37.607,1.61745,1.61755,0.20,0.05
2008.02.21 07:38:37.851,1.61745,1.61755,0.20,0.05
2008.02.21 07:38:38.096,1.6175,1.61755,0.20,0.05
2008.02.21 07:38:38.386,1.61745,1.6175,1.60,0.05
2008.02.21 07:38:38.675,1.6174,1.6175,0.20,0.20
2008.02.21 07:38:38.708,1.6174,1.6175,0.20,0.20
2008.02.21 07:38:38.964,1.6174,1.6175,0.20,0.05
2008.02.21 07:38:39.218,1.61745,1.61755,0.20,0.05
2008.02.21 07:38:39.473,1.61745,1.6175,0.20,0.20
2008.02.21 07:38:39.727,1.61745,1.6175,0.20,0.20
2008.02.21 07:38:39.981,1.61745,1.61755,0.20,0.05
2008.02.21 07:38:40.243,1.61745,1.61755,0.20,0.05
2008.02.21 07:38:41.179,1.61745,1.61755,0.20,0.05
2008.02.21 07:38:41.449,1.61745,1.61755,0.20,0.05
2008.02.21 07:38:41.718,1.61745,1.61755,0.20,0.05
2008.02.21 07:38:41.987,1.61735,1.6175,0.90,0.20
2008.02.21 07:38:42.257,1.61745,1.61755,0.20,0.05
2008.02.21 07:38:42.520,1.61745,1.61755,0.20,0.05
2008.02.21 07:38:42.783,1.61745,1.61755,0.20,0.05
2008.02.21 07:38:43.046,1.61745,1.61755,0.20,0.05
2008.02.21 07:38:43.290,1.61745,1.61755,0.20,0.05
2008.02.21 07:38:43.538,1.61745,1.61755,0.20,0.05
2008.02.21 07:38:43.781,1.61745,1.61755,0.20,0.05
2008.02.21 07:38:44.025,1.61745,1.61755,0.20,0.05
2008.02.21 07:38:44.269,1.61745,1.61755,0.20,0.05
2008.02.21 07:38:45.436,1.61745,1.61755,0.20,0.05
2008.02.21 07:38:46.446,1.61745,1.61755,0.20,0.05
2008.02.21 07:38:46.614,1.6174,1.6175,0.40,0.05
2008.02.21 07:38:46.782,1.6174,1.6175,0.40,0.20
2008.02.21 07:38:46.953,1.6174,1.6175,0.20,0.20
2008.02.21 07:38:47.121,1.6174,1.6175,0.20,0.20
2008.02.21 07:38:47.291,1.6174,1.6175,0.40,0.20
2008.02.21 07:38:47.439,1.6174,1.6175,0.40,0.20
2008.02.21 07:38:47.669,1.6174,1.6175,0.40,0.20
2008.02.21 07:38:47.819,1.6174,1.6175,0.20,0.20
2008.02.21 07:38:47.967,1.61735,1.61745,0.90,0.05
2008.02.21 07:38:48.206,1.61735,1.61745,0.90,0.05
2008.02.21 07:38:48.526,1.61735,1.61745,0.90,0.05
2008.02.21 07:38:48.843,1.61735,1.61745,0.90,0.05
2008.02.21 07:38:49.161,1.61735,1.61745,0.90,0.05
2008.02.21 07:38:49.395,1.61735,1.61745,0.90,0.05
2008.02.21 07:38:49.636,1.61735,1.61745,0.90,0.05
2008.02.21 07:38:49.869,1.61735,1.61745,0.90,0.05
2008.02.21 07:38:50.102,1.61735,1.61745,0.90,0.05
2008.02.21 07:38:50.337,1.61735,1.61745,0.90,0.05
2008.02.21 07:38:50.620,1.6174,1.6175,0.20,0.20
2008.02.21 07:38:50.904,1.6174,1.6175,0.20,0.20
2008.02.21 07:38:51.189,1.6174,1.6175,0.20,7.40
2008.02.21 07:38:51.408,1.6174,1.6175,0.40,0.20
2008.02.21 07:38:51.626,1.6174,1.6175,0.40,0.20
2008.02.21 07:38:51.845,1.6174,1.6175,0.20,0.20
2008.02.21 07:38:52.064,1.6174,1.6175,0.40,0.20
2008.02.21 07:38:52.283,1.6174,1.6175,0.20,0.20
2008.02.21 07:38:52.582,1.6174,1.6175,0.40,0.20
2008.02.21 07:38:52.881,1.61745,1.6175,0.20,0.20
2008.02.21 07:38:53.191,1.61745,1.61755,0.20,0.05
2008.02.21 07:38:53.480,1.61745,1.61755,0.20,0.05
2008.02.21 07:38:53.728,1.61745,1.61755,0.20,0.05
2008.02.21 07:38:53.976,1.61745,1.61755,0.20,0.05
2008.02.21 07:38:54.224,1.6175,1.6176,0.40,0.20
2008.02.21 07:38:54.454,1.6175,1.6176,0.40,0.20
2008.02.21 07:38:54.672,1.6175,1.6176,0.40,0.20
2008.02.21 07:38:54.891,1.6175,1.6176,0.40,0.20
2008.02.21 07:38:55.182,1.6175,1.6176,0.40,0.20
2008.02.21 07:38:55.447,1.6175,1.6176,0.40,0.20
2008.02.21 07:38:55.694,1.6175,1.6176,0.40,0.20
2008.02.21 07:38:55.917,1.6175,1.6176,0.40,0.20
2008.02.21 07:38:56.141,1.6175,1.6176,0.40,0.20
2008.02.21 07:38:56.429,1.6175,1.6176,0.40,0.20
2008.02.21 07:38:57.043,1.6175,1.6176,0.40,0.20
2008.02.21 07:38:58.381,1.6175,1.6176,0.40,0.20
2008.02.21 07:38:58.707,1.6175,1.6176,0.40,0.20
2008.02.21 07:38:58.897,1.6175,1.6176,0.40,0.20
2008.02.21 07:39:01.179,1.6175,1.6176,0.40,0.20
2008.02.21 07:39:02.778,1.6175,1.6176,0.40,0.20
2008.02.21 07:39:02.962,1.6175,1.6176,0.40,0.05
2008.02.21 07:39:03.145,1.6175,1.6176,0.40,0.05
2008.02.21 07:39:03.331,1.6175,1.6176,0.40,0.20
2008.02.21 07:39:03.516,1.6175,1.6176,0.40,0.20
2008.02.21 07:39:03.698,1.6175,1.6176,0.40,0.20
2008.02.21 07:39:03.991,1.6175,1.6176,0.40,0.20
2008.02.21 07:39:05.166,1.6175,1.6176,0.40,0.20
2008.02.21 07:39:05.490,1.6175,1.6176,0.40,0.20
2008.02.21 07:39:05.594,1.6175,1.6176,0.20,0.20
2008.02.21 07:39:05.699,1.6175,1.6176,0.20,0.20
2008.02.21 07:39:05.805,1.6175,1.6176,0.40,0.20
2008.02.21 07:39:05.910,1.6175,1.6176,0.40,0.20
2008.02.21 07:39:06.236,1.6175,1.6176,0.40,0.20
2008.02.21 07:39:06.557,1.6175,1.6176,0.40,0.20
2008.02.21 07:39:06.883,1.6175,1.6176,0.40,0.05
2008.02.21 07:39:07.206,1.6176,1.6177,0.40,0.20
2008.02.21 07:39:07.416,1.6176,1.6177,0.40,0.20
2008.02.21 07:39:07.721,1.6176,1.6177,0.40,0.20
2008.02.21 07:39:07.927,1.6176,1.6177,0.40,0.20
2008.02.21 07:39:08.139,1.6176,1.6177,0.40,0.05
2008.02.21 07:39:08.435,1.6176,1.6177,0.40,0.05
2008.02.21 07:39:08.673,1.6176,1.6177,0.40,0.05
2008.02.21 07:39:08.912,1.6176,1.6177,0.40,0.20
2008.02.21 07:39:09.151,1.6176,1.6177,0.40,0.20
2008.02.21 07:39:09.390,1.6176,1.6177,0.40,0.20
2008.02.21 07:39:09.618,1.6176,1.6177,0.40,0.20
2008.02.21 07:39:09.846,1.6176,1.6177,0.40,0.20
2008.02.21 07:39:10.075,1.6176,1.6177,0.40,0.20
2008.02.21 07:39:10.328,1.6176,1.6177,0.40,0.20
2008.02.21 07:39:10.581,1.6176,1.6177,0.40,0.20
2008.02.21 07:39:10.836,1.6176,1.6177,0.40,0.05
2008.02.21 07:39:11.090,1.6176,1.6177,0.40,0.05
2008.02.21 07:39:11.295,1.6176,1.6177,0.40,0.05
2008.02.21 07:39:11.493,1.6176,1.6177,0.40,0.05
2008.02.21 07:39:11.690,1.6176,1.6177,0.40,0.05
2008.02.21 07:39:12.471,1.6176,1.6177,0.40,0.05
2008.02.21 07:39:12.700,1.6176,1.6177,0.40,0.05
2008.02.21 07:39:13.419,1.6176,1.6177,0.40,0.05
2008.02.21 07:39:16.022,1.6176,1.6177,0.40,0.05
2008.02.21 07:39:16.151,1.6176,1.61765,0.20,0.05
2008.02.21 07:39:16.279,1.61755,1.61765,0.20,0.05
2008.02.21 07:39:16.421,1.61755,1.61765,0.20,0.05
2008.02.21 07:39:16.648,1.61755,1.61765,0.20,0.05
2008.02.21 07:39:16.826,1.61755,1.61765,0.20,0.05
2008.02.21 07:39:17.004,1.61755,1.61765,0.20,0.05
2008.02.21 07:39:17.183,1.61755,1.61765,0.20,0.05
2008.02.21 07:39:17.365,1.61755,1.61765,0.20,0.05
2008.02.21 07:39:17.665,1.61755,1.61765,0.20,0.05
2008.02.21 07:39:17.841,1.61755,1.61765,0.20,0.05
2008.02.21 07:39:18.014,1.61755,1.61765,0.20,0.05
2008.02.21 07:39:18.188,1.61755,1.61765,0.20,0.05
2008.02.21 07:39:20.165,1.61755,1.61765,0.20,0.05
2008.02.21 07:39:20.208,1.61755,1.61765,0.20,0.05
2008.02.21 07:39:20.262,1.61755,1.61765,0.20,0.05
2008.02.21 07:39:20.305,1.61755,1.61765,0.20,0.05
2008.02.21 07:39:20.356,1.61755,1.61765,0.20,0.05
2008.02.21 07:39:20.521,1.6176,1.61765,0.20,0.05
2008.02.21 07:39:20.686,1.6176,1.61765,0.20,0.05
2008.02.21 07:39:20.848,1.6176,1.61765,0.20,4.10
2008.02.21 07:39:21.013,1.6176,1.6177,0.20,0.20
2008.02.21 07:39:21.177,1.6176,1.6177,0.20,0.20
2008.02.21 07:39:21.465,1.6176,1.6177,0.20,0.20
2008.02.21 07:39:21.633,1.6176,1.6177,0.20,0.20
2008.02.21 07:39:21.802,1.6176,1.6177,0.20,0.20
2008.02.21 07:39:21.978,1.6176,1.6177,0.20,0.20
2008.02.21 07:39:22.147,1.6176,1.6177,0.20,0.20
2008.02.21 07:39:22.566,1.6176,1.6177,0.20,0.20
2008.02.21 07:39:22.679,1.6176,1.6177,0.40,0.20
2008.02.21 07:39:22.793,1.6176,1.6177,0.40,0.20
2008.02.21 07:39:22.907,1.6176,1.6177,0.40,0.20
2008.02.21 07:39:23.185,1.6176,1.6177,0.40,0.20
2008.02.21 07:39:23.320,1.6176,1.6177,0.40,0.20
2008.02.21 07:39:23.434,1.6176,1.6177,0.40,0.20
2008.02.21 07:39:23.548,1.6176,1.6177,0.40,0.20
2008.02.21 07:39:23.867,1.6176,1.6177,0.40,0.20
2008.02.21 07:39:24.186,1.6176,1.6177,0.20,0.20
2008.02.21 07:39:24.505,1.6176,1.6177,0.20,0.20
2008.02.21 07:39:24.843,1.61765,1.6177,0.20,0.20
2008.02.21 07:39:25.003,1.61765,1.6177,0.20,0.20
2008.02.21 07:39:25.166,1.61765,1.6177,0.20,0.20
2008.02.21 07:39:25.325,1.61765,1.61775,0.20,0.05
2008.02.21 07:39:25.643,1.61765,1.61775,0.20,0.05
2008.02.21 07:39:26.470,1.61765,1.61775,0.20,0.05
2008.02.21 07:39:29.952,1.61765,1.61775,0.20,0.05
2008.02.21 07:39:30.031,1.61765,1.61775,0.20,0.05
2008.02.21 07:39:30.210,1.61765,1.61775,0.20,0.05
2008.02.21 07:39:30.411,1.61765,1.61775,0.20,0.05
2008.02.21 07:39:30.630,1.61765,1.61775,0.20,0.05
2008.02.21 07:39:30.719,1.61765,1.61775,0.20,0.05
2008.02.21 07:39:30.814,1.61765,1.61775,0.20,0.05
2008.02.21 07:39:30.953,1.61765,1.61775,0.20,0.05
2008.02.21 07:39:31.455,1.61765,1.61775,0.20,0.05
2008.02.21 07:39:31.787,1.61765,1.61775,0.20,0.05
2008.02.21 07:39:36.418,1.61765,1.61775,0.20,0.05
2008.02.21 07:39:36.643,1.61765,1.61775,0.20,0.05
2008.02.21 07:39:36.772,1.61765,1.61775,0.20,0.05
2008.02.21 07:39:36.948,1.61765,1.61775,0.20,0.05
2008.02.21 07:39:37.086,1.61765,1.61775,0.20,0.05
2008.02.21 07:39:37.205,1.61765,1.61775,0.20,0.05
2008.02.21 07:39:37.334,1.61765,1.61775,0.20,0.05
2008.02.21 07:39:37.668,1.61765,1.61775,0.20,0.05
2008.02.21 07:39:37.827,1.61765,1.61775,0.20,0.05
2008.02.21 07:39:38.001,1.61765,1.61775,0.20,0.05
2008.02.21 07:39:38.335,1.61765,1.61775,0.20,0.05
2008.02.21 07:39:38.669,1.61765,1.61775,0.20,0.05
2008.02.21 07:39:38.792,1.61765,1.61775,0.20,0.05
2008.02.21 07:39:38.928,1.61765,1.61775,0.20,0.05
2008.02.21 07:39:39.051,1.61765,1.61775,0.20,0.05
2008.02.21 07:39:39.175,1.61765,1.61775,0.20,0.05
2008.02.21 07:39:39.663,1.61765,1.61775,0.20,0.05
2008.02.21 07:39:39.937,1.61765,1.61775,0.20,0.05
2008.02.21 07:39:40.215,1.61765,1.61775,0.20,0.05
2008.02.21 07:39:40.490,1.61765,1.61775,0.20,0.05
2008.02.21 07:39:40.781,1.61765,1.61775,0.20,0.05
2008.02.21 07:39:40.959,1.61765,1.61775,0.20,0.05
2008.02.21 07:39:41.212,1.61765,1.61775,0.20,0.05
2008.02.21 07:39:41.390,1.61765,1.61775,0.20,0.05
2008.02.21 07:39:41.685,1.61765,1.61775,0.20,0.05
2008.02.21 07:39:41.982,1.61765,1.61775,4.10,0.05
2008.02.21 07:39:42.286,1.6177,1.61775,0.20,0.05
2008.02.21 07:39:42.578,1.6177,1.61775,0.20,0.05
2008.02.21 07:39:42.801,1.6177,1.61775,0.20,0.05
2008.02.21 07:39:44.642,1.6177,1.61775,0.20,0.05
2008.02.21 07:39:48.870,1.6177,1.61775,0.20,0.05
2008.02.21 07:39:53.144,1.6177,1.61775,0.20,0.05
2008.02.21 07:39:53.242,1.6177,1.61775,0.20,0.05
2008.02.21 07:39:53.440,1.6177,1.61775,0.20,0.05
2008.02.21 07:39:53.639,1.6177,1.61775,0.20,0.05
2008.02.21 07:39:53.837,1.6177,1.61775,0.20,0.05
2008.02.21 07:39:54.162,1.6177,1.61775,0.20,0.05
2008.02.21 07:39:54.650,1.6177,1.61775,0.20,0.05
2008.02.21 07:39:54.883,1.6177,1.61775,0.20,0.05
2008.02.21 07:39:55.088,1.6177,1.61775,0.20,0.05
2008.02.21 07:39:55.292,1.6178,1.6179,0.20,0.70
2008.02.21 07:39:55.511,1.6178,1.6179,0.20,0.05
2008.02.21 07:39:55.734,1.6178,1.6179,0.20,0.05
2008.02.21 07:39:55.953,1.6178,1.6179,0.20,0.05
2008.02.21 07:39:56.432,1.6178,1.6179,0.20,0.05
2008.02.21 07:39:56.675,1.6178,1.6179,0.20,0.05
2008.02.21 07:39:56.833,1.6178,1.6179,0.40,0.05
2008.02.21 07:39:56.992,1.6178,1.6179,0.40,0.05
2008.02.21 07:39:57.152,1.6178,1.6179,0.40,0.05
2008.02.21 07:39:57.404,1.6178,1.6179,0.40,0.05
2008.02.21 07:39:57.602,1.6178,1.6179,0.40,0.05
2008.02.21 07:39:57.760,1.6178,1.6179,0.40,0.05
2008.02.21 07:39:57.995,1.6178,1.6179,0.20,0.05
2008.02.21 07:39:58.154,1.6178,1.6179,0.20,0.05
2008.02.21 07:39:58.314,1.6177,1.61785,1.10,0.05
2008.02.21 07:39:58.710,1.6177,1.61785,1.10,0.05
2008.02.21 07:39:58.905,1.61775,1.61785,0.20,0.05
2008.02.21 07:39:59.098,1.6178,1.61785,0.20,0.05
2008.02.21 07:39:59.292,1.61775,1.61785,0.20,0.05
2008.02.21 07:39:59.601,1.61775,1.61785,0.20,0.05
2008.02.21 07:39:59.911,1.6178,1.6179,0.20,0.05
2008.02.21 07:40:00.221,1.6178,1.6179,0.20,0.05
2008.02.21 07:40:00.532,1.6178,1.6179,0.20,0.05
2008.02.21 07:40:00.745,1.6178,1.6179,0.20,0.05
2008.02.21 07:40:00.958,1.6178,1.6179,0.20,0.05
2008.02.21 07:40:01.172,1.6178,1.6179,0.20,0.05
2008.02.21 07:40:01.384,1.6178,1.6179,0.20,0.05
2008.02.21 07:40:01.688,1.6178,1.6179,0.20,0.05
2008.02.21 07:40:02.165,1.6178,1.6179,0.20,0.05
2008.02.21 07:40:02.621,1.6178,1.6179,0.20,0.05
2008.02.21 07:40:02.820,1.61785,1.61795,0.20,0.05
2008.02.21 07:40:03.020,1.61785,1.61795,0.20,0.05
2008.02.21 07:40:03.219,1.61785,1.61795,0.20,0.05
2008.02.21 07:40:03.417,1.6178,1.6179,0.20,0.05
2008.02.21 07:40:03.723,1.6178,1.6179,0.20,0.05
2008.02.21 07:40:04.130,1.6178,1.6179,0.20,0.05
2008.02.21 07:40:05.665,1.6178,1.6179,0.20,0.05
2008.02.21 07:40:05.876,1.6178,1.6179,0.20,0.05
2008.02.21 07:40:06.181,1.6178,1.6179,0.20,0.05
2008.02.21 07:40:06.395,1.6178,1.6179,0.20,0.05
2008.02.21 07:40:06.853,1.61775,1.61785,0.90,0.05
2008.02.21 07:40:07.062,1.61775,1.61785,0.20,0.05
2008.02.21 07:40:07.272,1.6178,1.61785,0.20,0.05
2008.02.21 07:40:07.481,1.6178,1.61785,0.20,0.05
2008.02.21 07:40:07.571,1.6178,1.61785,0.20,0.05
2008.02.21 07:40:07.660,1.6178,1.6179,0.20,0.05
2008.02.21 07:40:07.893,1.6178,1.6179,0.20,0.05
2008.02.21 07:40:07.982,1.6178,1.61785,0.20,0.05
2008.02.21 07:40:08.071,1.6178,1.61785,0.20,0.05
2008.02.21 07:40:08.159,1.6178,1.61785,0.20,0.05
2008.02.21 07:40:08.256,1.61775,1.61785,0.20,0.05
2008.02.21 07:40:08.450,1.61775,1.61785,0.20,0.05
2008.02.21 07:40:08.663,1.61775,1.61785,0.20,0.05
2008.02.21 07:40:08.958,1.61775,1.61785,0.20,0.05
2008.02.21 07:40:09.251,1.61775,1.61785,0.20,0.05
2008.02.21 07:40:09.545,1.6178,1.61785,0.20,0.05
2008.02.21 07:40:09.709,1.6178,1.6179,0.20,0.05
2008.02.21 07:40:09.874,1.6178,1.6179,0.20,0.05
2008.02.21 07:40:10.038,1.61775,1.6179,1.70,0.05
2008.02.21 07:40:10.201,1.6178,1.6179,0.20,0.05
2008.02.21 07:40:10.364,1.6178,1.6179,0.20,0.05
2008.02.21 07:40:10.528,1.6178,1.6179,0.20,0.05
2008.02.21 07:40:10.811,1.6178,1.6179,0.20,0.05
2008.02.21 07:40:11.095,1.6178,1.6179,0.20,0.05
2008.02.21 07:40:11.380,1.6178,1.61795,0.20,0.05
2008.02.21 07:40:11.667,1.6178,1.61795,0.40,0.05
2008.02.21 07:40:11.896,1.6178,1.61795,0.40,0.05
2008.02.21 07:40:12.126,1.6178,1.61795,0.40,0.05
2008.02.21 07:40:12.354,1.6178,1.61795,0.40,0.05
2008.02.21 07:40:12.585,1.6178,1.61795,0.40,0.05
2008.02.21 07:40:12.845,1.6178,1.61795,0.40,0.05
2008.02.21 07:40:13.105,1.61775,1.61785,0.90,0.05
2008.02.21 07:40:13.364,1.61775,1.6179,0.90,0.05
2008.02.21 07:40:13.632,1.61775,1.6179,0.20,0.05
2008.02.21 07:40:13.887,1.61775,1.6179,0.20,0.05
2008.02.21 07:40:13.901,1.61775,1.6179,0.20,0.05
2008.02.21 07:40:14.120,1.61775,1.6179,0.90,0.05
2008.02.21 07:40:14.355,1.6178,1.6179,0.20,0.05
2008.02.21 07:40:14.590,1.6178,1.6179,0.20,0.05
2008.02.21 07:40:14.824,1.61775,1.6179,0.90,0.05
2008.02.21 07:40:15.079,1.61775,1.6179,0.90,0.05
2008.02.21 07:40:15.335,1.61785,1.61795,0.20,0.05
2008.02.21 07:40:15.588,1.6179,1.61795,0.20,0.05
2008.02.21 07:40:15.843,1.61785,1.61795,0.90,0.05
2008.02.21 07:40:16.068,1.618,1.6181,0.20,0.05
2008.02.21 07:40:16.292,1.618,1.6181,0.20,0.05
2008.02.21 07:40:16.516,1.6179,1.61805,0.20,0.90
2008.02.21 07:40:16.751,1.61795,1.61805,0.20,0.60
2008.02.21 07:40:16.965,1.6182,1.61825,0.20,0.60
2008.02.21 07:40:17.178,1.6182,1.61825,0.40,0.90
2008.02.21 07:40:17.393,1.61805,1.6182,0.90,0.05
2008.02.21 07:40:17.608,1.61805,1.6182,0.20,0.05
2008.02.21 07:40:17.821,1.61805,1.61815,0.20,0.05
2008.02.21 07:40:18.066,1.618,1.6181,0.40,0.05
2008.02.21 07:40:18.310,1.618,1.6181,0.20,0.05
2008.02.21 07:40:18.553,1.618,1.6181,0.20,0.05
2008.02.21 07:40:18.797,1.61795,1.61805,0.20,0.05
2008.02.21 07:40:19.042,1.618,1.6181,0.20,0.05
2008.02.21 07:40:19.296,1.6179,1.618,0.40,0.05
2008.02.21 07:40:19.541,1.61795,1.6181,0.20,0.05
2008.02.21 07:40:19.785,1.61795,1.6181,0.20,0.05
2008.02.21 07:40:20.024,1.61795,1.6181,0.20,0.05
2008.02.21 07:40:20.273,1.61795,1.61805,0.20,0.05
2008.02.21 07:40:20.502,1.61795,1.61805,0.20,0.05
2008.02.21 07:40:20.741,1.6179,1.618,0.20,0.05
2008.02.21 07:40:20.960,1.6179,1.618,0.20,0.05
2008.02.21 07:40:21.179,1.6179,1.618,0.20,0.05
2008.02.21 07:40:21.665,1.6179,1.618,0.20,0.05
2008.02.21 07:40:21.916,1.6179,1.618,0.20,0.05
2008.02.21 07:40:22.109,1.6179,1.618,0.20,0.05
2008.02.21 07:40:22.283,1.61795,1.6181,0.20,0.05
2008.02.21 07:40:22.489,1.61795,1.6181,0.20,0.05
2008.02.21 07:40:22.681,1.61795,1.6181,0.20,0.05
2008.02.21 07:40:22.857,1.61795,1.6181,0.20,0.20
2008.02.21 07:40:23.041,1.6179,1.618,0.20,0.05
2008.02.21 07:40:23.366,1.61785,1.61795,0.20,0.05
2008.02.21 07:40:23.680,1.61785,1.61795,0.20,0.05
2008.02.21 07:40:23.994,1.61785,1.61795,0.20,0.05
2008.02.21 07:40:24.193,1.61785,1.61795,0.20,0.05
2008.02.21 07:40:24.964,1.61785,1.61795,0.20,0.05
2008.02.21 07:40:25.165,1.61785,1.61795,0.20,0.05
2008.02.21 07:40:25.365,1.61785,1.61795,0.20,0.05
2008.02.21 07:40:26.737,1.61785,1.61795,0.20,0.05
2008.02.21 07:40:26.856,1.61785,1.61795,0.20,0.05
2008.02.21 07:40:26.974,1.61785,1.61795,0.20,0.05
2008.02.21 07:40:27.750,1.61785,1.61795,0.20,0.05
2008.02.21 07:40:27.847,1.61785,1.61795,0.20,0.05
2008.02.21 07:40:27.955,1.61785,1.61795,0.20,0.05
2008.02.21 07:40:28.149,1.61785,1.61795,0.20,0.05
2008.02.21 07:40:28.285,1.61785,1.61795,0.20,0.05
2008.02.21 07:40:28.620,1.61785,1.61795,0.20,0.05
2008.02.21 07:40:28.953,1.61785,1.61795,0.20,0.05
2008.02.21 07:40:31.370,1.61785,1.61795,0.20,0.05
2008.02.21 07:40:31.686,1.61785,1.61795,0.20,0.05
2008.02.21 07:40:31.887,1.61785,1.61795,0.20,0.05
2008.02.21 07:40:32.071,1.61785,1.61795,0.20,0.05
2008.02.21 07:40:32.255,1.61785,1.61795,0.20,0.05
2008.02.21 07:40:32.438,1.61785,1.61795,0.20,0.05
2008.02.21 07:40:32.932,1.61785,1.61795,0.20,0.05
2008.02.21 07:40:33.467,1.61785,1.61795,0.20,0.05
2008.02.21 07:40:34.901,1.61785,1.61795,0.20,0.05
2008.02.21 07:40:35.442,1.61785,1.61795,0.20,0.05
2008.02.21 07:40:36.638,1.6179,1.61795,0.20,0.05
2008.02.21 07:40:36.713,1.6179,1.61795,0.20,0.05
2008.02.21 07:40:36.833,1.61785,1.6179,4.10,0.05
2008.02.21 07:40:36.952,1.61785,1.6179,0.20,0.05
2008.02.21 07:40:37.071,1.6178,1.6179,0.40,0.05
2008.02.21 07:40:37.189,1.61785,1.61795,0.20,0.05
2008.02.21 07:40:37.315,1.61785,1.61795,0.20,0.05
2008.02.21 07:40:37.434,1.61785,1.61795,0.20,0.05
2008.02.21 07:40:37.563,1.6179,1.61795,0.20,0.05
2008.02.21 07:40:37.682,1.6179,1.61795,0.20,0.05
2008.02.21 07:40:38.018,1.61785,1.61795,0.20,0.05
2008.02.21 07:40:38.352,1.61785,1.61795,0.20,0.05
2008.02.21 07:40:38.685,1.61785,1.61795,0.20,0.05
2008.02.21 07:40:39.139,1.61785,1.61795,0.20,0.05
2008.02.21 07:40:39.648,1.61785,1.61795,0.20,0.05
2008.02.21 07:40:40.102,1.61785,1.61795,0.20,0.05
2008.02.21 07:40:40.246,1.6179,1.61795,0.20,0.05
2008.02.21 07:40:40.389,1.6179,1.61795,0.20,0.05
2008.02.21 07:40:40.532,1.6179,1.61795,0.20,0.05
2008.02.21 07:40:40.676,1.6178,1.6179,0.40,0.05
2008.02.21 07:40:40.820,1.6178,1.6179,0.40,0.05
2008.02.21 07:40:41.114,1.6178,1.6179,0.40,0.05
2008.02.21 07:40:41.407,1.6178,1.6179,0.40,0.05
2008.02.21 07:40:41.700,1.6178,1.6179,0.40,0.05
2008.02.21 07:40:41.919,1.6178,1.6179,0.40,0.05
2008.02.21 07:40:44.343,1.6178,1.6179,0.40,0.05
2008.02.21 07:40:44.538,1.6178,1.6179,0.40,0.05
2008.02.21 07:40:44.733,1.6178,1.6179,0.20,0.05
2008.02.21 07:40:45.048,1.6178,1.6179,0.20,0.05
2008.02.21 07:40:45.361,1.6178,1.6179,0.20,0.05
2008.02.21 07:40:45.683,1.6178,1.6179,0.20,0.05
2008.02.21 07:40:45.996,1.6178,1.6179,0.20,0.05
2008.02.21 07:40:46.179,1.6178,1.6179,0.20,0.05
2008.02.21 07:40:46.374,1.6178,1.6179,0.20,0.05
2008.02.21 07:40:46.557,1.6178,1.6179,0.20,0.05
2008.02.21 07:40:46.740,1.6178,1.6179,0.20,0.05
2008.02.21 07:40:47.009,1.6178,1.6179,0.20,0.05
2008.02.21 07:40:47.278,1.6178,1.6179,0.20,0.05
2008.02.21 07:40:47.547,1.6178,1.6179,0.20,0.05
2008.02.21 07:40:47.816,1.6178,1.6179,0.20,0.05
2008.02.21 07:40:48.050,1.6178,1.6179,0.20,0.20
2008.02.21 07:40:48.284,1.6178,1.6179,0.20,0.05
2008.02.21 07:40:48.518,1.6178,1.6179,0.20,0.05
2008.02.21 07:40:48.760,1.6178,1.6179,0.20,0.05
2008.02.21 07:40:48.984,1.6178,1.6179,0.20,0.05
2008.02.21 07:40:49.268,1.6178,1.6179,0.20,0.05
2008.02.21 07:40:49.552,1.6178,1.6179,0.20,0.05
2008.02.21 07:40:49.835,1.6178,1.6179,0.20,0.05
2008.02.21 07:40:49.967,1.6178,1.6179,0.20,0.05
2008.02.21 07:40:50.118,1.6178,1.6179,0.20,0.05
2008.02.21 07:40:50.347,1.6178,1.6179,0.20,0.05
2008.02.21 07:40:50.576,1.6178,1.6179,0.20,0.05
2008.02.21 07:40:50.804,1.6178,1.6179,0.20,0.05
2008.02.21 07:40:51.033,1.6178,1.6179,0.20,0.05
2008.02.21 07:40:51.256,1.6178,1.6179,0.20,0.05
2008.02.21 07:40:52.122,1.6178,1.6179,0.20,0.05
2008.02.21 07:40:52.755,1.6178,1.6179,0.20,0.05
2008.02.21 07:40:52.973,1.6178,1.6179,0.20,0.05
2008.02.21 07:40:53.162,1.6178,1.6179,0.20,0.05
2008.02.21 07:40:53.367,1.6178,1.6179,0.20,0.05
2008.02.21 07:40:54.208,1.6178,1.6179,0.20,0.20
2008.02.21 07:40:54.437,1.6178,1.6179,0.20,0.20
2008.02.21 07:40:54.666,1.6178,1.6179,0.20,0.20
2008.02.21 07:40:54.910,1.6178,1.6179,0.20,0.20
2008.02.21 07:40:55.433,1.6178,1.6179,0.20,0.20
2008.02.21 07:40:58.610,1.61775,1.61785,0.20,0.05
2008.02.21 07:40:58.679,1.61775,1.61785,0.20,0.05
2008.02.21 07:40:58.746,1.61775,1.61785,0.20,0.05
2008.02.21 07:40:58.815,1.61775,1.61785,0.20,0.05
2008.02.21 07:40:58.899,1.61775,1.61785,0.20,0.05
2008.02.21 07:40:58.969,1.61775,1.61785,0.20,0.05
2008.02.21 07:40:59.150,1.61775,1.61785,0.20,0.05
2008.02.21 07:40:59.403,1.61775,1.61785,0.20,0.05
2008.02.21 07:40:59.737,1.61775,1.61785,0.20,0.05
2008.02.21 07:41:00.069,1.61775,1.61785,0.20,0.05
2008.02.21 07:41:02.668,1.61775,1.61785,0.20,0.05
2008.02.21 07:41:02.762,1.61775,1.61785,0.20,0.05
2008.02.21 07:41:02.878,1.61775,1.61785,0.20,0.05
2008.02.21 07:41:02.972,1.61775,1.61785,0.20,0.05
2008.02.21 07:41:03.195,1.61775,1.61785,0.20,0.05
2008.02.21 07:41:03.289,1.61775,1.61785,0.20,0.05
2008.02.21 07:41:03.401,1.61775,1.61785,0.20,0.05
2008.02.21 07:41:03.547,1.61775,1.61785,0.20,0.05
2008.02.21 07:41:03.917,1.61775,1.61785,0.20,0.05
2008.02.21 07:41:04.437,1.61775,1.61785,0.20,0.05
2008.02.21 07:41:09.630,1.6178,1.6179,0.20,0.20
2008.02.21 07:41:09.788,1.6178,1.6179,0.20,0.05
2008.02.21 07:41:09.902,1.6178,1.6179,0.20,0.05
2008.02.21 07:41:10.088,1.6178,1.6179,0.20,0.05
2008.02.21 07:41:10.208,1.6178,1.6179,0.20,0.05
2008.02.21 07:41:10.450,1.6178,1.6179,0.20,0.05
2008.02.21 07:41:10.631,1.6178,1.6179,0.20,0.05
2008.02.21 07:41:13.604,1.6178,1.6179,0.20,0.05
2008.02.21 07:41:13.712,1.61775,1.61785,0.20,0.05
2008.02.21 07:41:13.821,1.61775,1.61785,0.20,0.05
2008.02.21 07:41:14.021,1.61775,1.61785,0.20,0.05
2008.02.21 07:41:14.129,1.61775,1.61785,0.20,0.05
2008.02.21 07:41:14.238,1.61775,1.61785,0.20,0.05
2008.02.21 07:41:14.369,1.61775,1.61785,0.20,0.05
2008.02.21 07:41:14.563,1.61775,1.61785,0.20,0.05
2008.02.21 07:41:14.678,1.61775,1.61785,0.20,0.05
2008.02.21 07:41:14.889,1.61775,1.61785,0.20,0.05
2008.02.21 07:41:15.133,1.61775,1.61785,0.20,0.05
2008.02.21 07:41:15.271,1.61775,1.61785,0.20,0.05
2008.02.21 07:41:15.410,1.61775,1.61785,0.20,0.05
2008.02.21 07:41:15.549,1.61775,1.61785,0.20,0.05
2008.02.21 07:41:15.717,1.61775,1.61785,0.20,0.05
2008.02.21 07:41:15.931,1.61775,1.61785,0.20,0.05
2008.02.21 07:41:16.070,1.61775,1.61785,0.20,0.05
2008.02.21 07:41:16.209,1.61775,1.61785,0.20,0.05
2008.02.21 07:41:16.468,1.61775,1.61785,0.20,0.05
2008.02.21 07:41:16.727,1.61775,1.61785,0.20,0.05
2008.02.21 07:41:16.987,1.61775,1.61785,0.20,0.05
2008.02.21 07:41:17.395,1.61775,1.61785,0.20,0.05
2008.02.21 07:41:17.708,1.61775,1.61785,0.20,0.05
2008.02.21 07:41:17.971,1.61775,1.61785,0.20,0.05
2008.02.21 07:41:18.674,1.61775,1.61785,0.20,0.05
2008.02.21 07:41:18.933,1.61775,1.61785,0.20,0.05
2008.02.21 07:41:19.192,1.61775,1.6178,0.20,0.20
2008.02.21 07:41:19.452,1.6177,1.6178,0.20,0.20
2008.02.21 07:41:19.682,1.6177,1.61785,0.20,0.05
2008.02.21 07:41:19.911,1.6177,1.61785,0.20,0.05
2008.02.21 07:41:20.148,1.61765,1.6178,10.50,0.05
2008.02.21 07:41:20.375,1.61775,1.61785,0.20,0.05
2008.02.21 07:41:20.631,1.61775,1.61785,0.20,0.05
2008.02.21 07:41:20.885,1.61775,1.61785,0.20,0.05
2008.02.21 07:41:21.138,1.61775,1.61785,0.20,0.05
2008.02.21 07:41:21.392,1.61775,1.61785,0.20,0.05
2008.02.21 07:41:21.599,1.61775,1.61785,0.20,0.05
2008.02.21 07:41:21.807,1.61775,1.61785,0.20,0.05
2008.02.21 07:41:22.015,1.61775,1.61785,0.20,0.05
2008.02.21 07:41:22.223,1.61775,1.61785,0.20,0.05
2008.02.21 07:41:22.432,1.61775,1.61785,0.20,0.05
2008.02.21 07:41:22.696,1.61765,1.61775,6.50,0.05
2008.02.21 07:41:22.960,1.61765,1.61775,0.20,0.05
2008.02.21 07:41:23.224,1.61765,1.61775,0.20,0.05
2008.02.21 07:41:23.487,1.61765,1.61775,0.20,0.05
2008.02.21 07:41:23.734,1.61765,1.61775,0.20,0.05
2008.02.21 07:41:23.977,1.61765,1.61775,0.20,0.05
2008.02.21 07:41:24.220,1.61765,1.61775,0.20,0.05
2008.02.21 07:41:24.466,1.6176,1.61775,0.20,0.05
2008.02.21 07:41:24.728,1.6176,1.61775,0.20,0.05
2008.02.21 07:41:24.992,1.6176,1.6177,0.20,0.05
2008.02.21 07:41:25.256,1.6176,1.6177,0.20,0.05
2008.02.21 07:41:25.520,1.6176,1.6177,0.20,0.05
2008.02.21 07:41:25.759,1.6176,1.6177,0.20,0.05
2008.02.21 07:41:25.998,1.6176,1.6177,0.20,0.05
2008.02.21 07:41:26.237,1.61755,1.6177,0.20,8.20
2008.02.21 07:41:26.476,1.6176,1.6177,0.20,8.20
2008.02.21 07:41:26.740,1.6176,1.6177,0.20,8.20
2008.02.21 07:41:27.003,1.6176,1.6177,0.20,8.20
2008.02.21 07:41:27.267,1.6176,1.6177,0.20,8.20
2008.02.21 07:41:27.531,1.6176,1.6177,0.20,0.05
2008.02.21 07:41:27.684,1.6176,1.6177,0.20,0.05
2008.02.21 07:41:27.838,1.6176,1.6177,0.20,0.05
2008.02.21 07:41:27.991,1.6176,1.6177,0.20,0.05
2008.02.21 07:41:28.205,1.6176,1.6177,0.20,0.05
2008.02.21 07:41:28.497,1.6176,1.6177,0.20,0.05
2008.02.21 07:41:28.666,1.6176,1.6177,0.20,0.05
2008.02.21 07:41:28.845,1.6176,1.6177,0.20,0.05
2008.02.21 07:41:29.005,1.6176,1.6177,0.20,0.05
2008.02.21 07:41:29.174,1.6176,1.6177,0.20,0.05
2008.02.21 07:41:29.342,1.6176,1.6177,0.20,0.05
2008.02.21 07:41:29.520,1.6176,1.6177,0.20,0.05
2008.02.21 07:41:29.969,1.6176,1.6177,0.20,0.05
2008.02.21 07:41:30.262,1.6176,1.6177,0.20,0.05
2008.02.21 07:41:30.538,1.6176,1.6177,0.20,0.05
2008.02.21 07:41:30.776,1.6176,1.6177,0.20,0.05
2008.02.21 07:41:31.015,1.6176,1.6177,0.20,0.05
2008.02.21 07:41:31.253,1.6176,1.6177,0.20,0.05
2008.02.21 07:41:31.491,1.6176,1.6177,0.20,0.05
2008.02.21 07:41:31.756,1.6176,1.6177,0.20,0.05
2008.02.21 07:41:32.462,1.6176,1.6177,0.20,0.05
2008.02.21 07:41:32.699,1.6176,1.6177,0.20,0.05
2008.02.21 07:41:33.181,1.6176,1.6177,0.20,0.05
2008.02.21 07:41:33.418,1.6176,1.6177,0.20,0.05
2008.02.21 07:41:33.656,1.6176,1.6177,0.20,0.05
2008.02.21 07:41:33.814,1.6176,1.6177,0.20,0.05
2008.02.21 07:41:34.004,1.6176,1.6177,0.20,0.05
2008.02.21 07:41:34.163,1.6176,1.6177,0.20,0.05
2008.02.21 07:41:34.322,1.6176,1.6177,0.20,0.05
2008.02.21 07:41:34.480,1.6176,1.6177,0.20,0.05
2008.02.21 07:41:34.638,1.6176,1.6177,0.20,0.05
2008.02.21 07:41:34.916,1.6176,1.6177,0.20,0.05
2008.02.21 07:41:35.126,1.6176,1.6177,0.20,0.05
2008.02.21 07:41:35.656,1.6176,1.6177,0.20,0.05
2008.02.21 07:41:35.964,1.6176,1.6177,0.20,0.05
2008.02.21 07:41:36.192,1.6176,1.6177,0.20,0.05
2008.02.21 07:41:36.394,1.6176,1.6177,0.20,0.05
2008.02.21 07:41:36.549,1.6176,1.6177,0.20,0.20
2008.02.21 07:41:36.703,1.6176,1.6177,0.20,0.20
2008.02.21 07:41:36.976,1.6176,1.6177,0.20,0.20
2008.02.21 07:41:37.250,1.6176,1.6177,0.20,0.20
2008.02.21 07:41:37.524,1.6176,1.6177,0.20,0.05
2008.02.21 07:41:37.799,1.6176,1.6177,0.20,0.05
2008.02.21 07:41:38.415,1.6176,1.6177,0.20,0.05
2008.02.21 07:41:38.679,1.6176,1.6177,0.20,0.05
2008.02.21 07:41:38.913,1.6176,1.6177,0.20,0.05
2008.02.21 07:41:39.201,1.6176,1.6177,0.20,0.05
2008.02.21 07:41:39.713,1.6176,1.6177,0.20,0.05
2008.02.21 07:41:40.130,1.6176,1.6177,0.20,0.05
2008.02.21 07:41:40.428,1.6176,1.6177,0.20,0.05
2008.02.21 07:41:43.776,1.6176,1.6177,0.20,0.05
2008.02.21 07:41:43.929,1.6176,1.6177,0.20,0.05
2008.02.21 07:41:44.083,1.6176,1.6177,0.20,0.05
2008.02.21 07:41:44.267,1.6176,1.6177,0.20,0.05
2008.02.21 07:41:44.450,1.6176,1.6177,0.20,0.05
2008.02.21 07:41:46.439,1.6176,1.6177,0.20,0.05
2008.02.21 07:41:46.640,1.6176,1.6177,0.20,0.05
2008.02.21 07:41:46.950,1.6176,1.6177,0.20,0.05
2008.02.21 07:41:47.599,1.6176,1.6177,0.20,0.05
2008.02.21 07:41:47.762,1.6176,1.6177,0.20,0.05
2008.02.21 07:41:48.086,1.6176,1.6177,0.20,0.05
2008.02.21 07:41:48.288,1.6176,1.6177,0.20,0.05
2008.02.21 07:41:51.094,1.6176,1.6177,0.20,0.05
2008.02.21 07:41:53.978,1.6176,1.6177,0.20,0.05
2008.02.21 07:41:55.878,1.6176,1.6177,0.20,0.05
2008.02.21 07:41:56.011,1.6176,1.6177,0.40,0.05
2008.02.21 07:41:56.145,1.6176,1.6177,0.20,0.05
2008.02.21 07:41:56.279,1.6176,1.6177,0.20,0.05
2008.02.21 07:41:56.413,1.6176,1.6177,0.20,0.05
2008.02.21 07:41:57.115,1.6176,1.6177,0.20,0.05
2008.02.21 07:41:58.305,1.6176,1.6177,0.20,0.05
2008.02.21 07:41:58.672,1.6176,1.6177,0.20,0.05
2008.02.21 07:41:58.869,1.6176,1.6177,0.20,0.05
2008.02.21 07:41:59.088,1.6176,1.6177,0.20,0.05
2008.02.21 07:41:59.390,1.6176,1.6177,0.20,0.05
2008.02.21 07:41:59.721,1.6176,1.6177,0.20,0.05
2008.02.21 07:42:00.424,1.6176,1.6177,0.20,0.05
2008.02.21 07:42:00.726,1.6176,1.6177,0.20,0.05
2008.02.21 07:42:02.825,1.61755,1.61765,0.20,0.05
2008.02.21 07:42:02.932,1.61755,1.61765,0.20,0.05
2008.02.21 07:42:03.045,1.61755,1.61765,0.20,0.05
2008.02.21 07:42:03.159,1.61755,1.61765,0.20,0.05
2008.02.21 07:42:03.940,1.61755,1.61765,0.20,0.05
2008.02.21 07:42:04.239,1.61755,1.61765,0.20,0.05
2008.02.21 07:42:04.880,1.61755,1.61765,0.20,0.05
2008.02.21 07:42:05.177,1.6176,1.61765,0.20,0.05
2008.02.21 07:42:05.335,1.6176,1.61765,0.20,0.05
2008.02.21 07:42:05.494,1.6176,1.61765,0.20,0.05
2008.02.21 07:42:05.653,1.61755,1.61765,0.20,0.05
2008.02.21 07:42:05.822,1.61755,1.61765,0.20,0.05
2008.02.21 07:42:05.982,1.61755,1.61765,0.20,0.05
2008.02.21 07:42:06.140,1.61755,1.61765,0.20,0.05
2008.02.21 07:42:06.472,1.61755,1.61765,0.20,0.05
2008.02.21 07:42:06.969,1.61755,1.61765,0.20,0.05
2008.02.21 07:42:07.303,1.61755,1.61765,0.20,0.05
2008.02.21 07:42:07.507,1.61755,1.61765,0.20,0.05
2008.02.21 07:42:07.711,1.6176,1.6177,0.20,0.05
2008.02.21 07:42:07.918,1.6176,1.6177,0.20,0.05
2008.02.21 07:42:08.122,1.6176,1.6177,0.20,0.80
2008.02.21 07:42:08.426,1.6176,1.6177,0.20,0.90
2008.02.21 07:42:08.730,1.6176,1.6177,0.20,0.05
2008.02.21 07:42:09.034,1.6176,1.6177,0.20,0.05
2008.02.21 07:42:09.338,1.6176,1.6177,0.20,0.05
2008.02.21 07:42:10.729,1.6176,1.6177,0.20,0.05
2008.02.21 07:42:10.921,1.6176,1.6177,0.20,0.05
2008.02.21 07:42:12.166,1.6176,1.6177,0.20,0.05
2008.02.21 07:42:12.475,1.6176,1.6177,0.20,0.05
2008.02.21 07:42:12.683,1.6176,1.6177,0.20,0.05
2008.02.21 07:42:12.890,1.6176,1.6177,0.20,0.05
2008.02.21 07:42:13.199,1.6176,1.6177,0.20,0.05
2008.02.21 07:42:13.407,1.6176,1.6177,0.20,0.05
2008.02.21 07:42:13.674,1.6176,1.6177,0.20,0.05
2008.02.21 07:42:13.941,1.6176,1.6177,0.20,0.05
2008.02.21 07:42:14.209,1.6176,1.6177,0.20,0.05
2008.02.21 07:42:14.516,1.6176,1.6177,0.20,0.05
2008.02.21 07:42:14.690,1.6176,1.6177,0.20,0.05
2008.02.21 07:42:14.863,1.6176,1.6177,0.20,0.05
2008.02.21 07:42:15.090,1.6176,1.6177,0.20,0.05
2008.02.21 07:42:15.361,1.6176,1.6177,0.20,0.05
2008.02.21 07:42:16.719,1.6176,1.6177,0.20,0.05
2008.02.21 07:42:17.654,1.6176,1.6177,0.20,0.05
2008.02.21 07:42:17.789,1.6176,1.6177,0.20,0.20
2008.02.21 07:42:17.942,1.6176,1.6177,0.20,0.05
2008.02.21 07:42:18.084,1.6176,1.6177,0.20,0.05
2008.02.21 07:42:18.228,1.6176,1.6177,0.20,0.05
2008.02.21 07:42:19.165,1.6176,1.6177,0.20,0.05
2008.02.21 07:42:19.194,1.6176,1.6177,0.20,0.05
2008.02.21 07:42:20.142,1.6176,1.6177,0.20,0.05
2008.02.21 07:42:20.870,1.6176,1.6177,0.20,0.05
2008.02.21 07:42:22.484,1.6176,1.6177,0.20,0.05
2008.02.21 07:42:22.684,1.6176,1.6177,0.20,0.05
2008.02.21 07:42:23.074,1.6176,1.6177,0.20,0.05
2008.02.21 07:42:23.257,1.6176,1.6177,0.20,0.05
2008.02.21 07:42:23.527,1.6176,1.6177,0.20,0.05
2008.02.21 07:42:23.873,1.6176,1.6177,0.20,0.05
2008.02.21 07:42:24.193,1.6176,1.6177,0.20,0.05
2008.02.21 07:42:26.377,1.6176,1.6177,0.20,0.05
2008.02.21 07:42:26.671,1.6176,1.6177,0.20,0.05
2008.02.21 07:42:27.387,1.6176,1.6177,0.20,0.05
2008.02.21 07:42:27.906,1.6176,1.6177,0.20,0.05
2008.02.21 07:42:28.932,1.6176,1.6177,0.20,0.05
2008.02.21 07:42:29.413,1.6176,1.6177,0.20,0.05
2008.02.21 07:42:29.557,1.6176,1.6177,0.20,6.60
2008.02.21 07:42:29.691,1.6175,1.6176,0.40,0.05
2008.02.21 07:42:29.825,1.6175,1.6176,0.40,0.05
2008.02.21 07:42:30.074,1.6175,1.6176,0.40,0.05
2008.02.21 07:42:30.322,1.6175,1.6176,0.40,0.05
2008.02.21 07:42:30.699,1.6175,1.6176,0.40,0.05
2008.02.21 07:42:30.948,1.6175,1.61755,0.20,0.05
2008.02.21 07:42:31.077,1.61745,1.61755,0.20,0.05
2008.02.21 07:42:31.206,1.61745,1.61755,0.20,0.05
2008.02.21 07:42:31.334,1.61745,1.61755,0.20,0.05
2008.02.21 07:42:31.463,1.61745,1.61755,0.20,0.05
2008.02.21 07:42:31.610,1.61745,1.61755,0.20,0.05
2008.02.21 07:42:31.924,1.61745,1.61755,0.20,0.05
2008.02.21 07:42:32.163,1.61745,1.61755,0.20,0.05
2008.02.21 07:42:32.887,1.6176,1.61765,0.20,10.50
2008.02.21 07:42:33.081,1.6176,1.6177,0.20,1.80
2008.02.21 07:42:33.204,1.6176,1.6177,0.20,0.20
2008.02.21 07:42:33.328,1.6176,1.6177,0.20,0.20
2008.02.21 07:42:33.452,1.6176,1.6177,0.20,0.20
2008.02.21 07:42:33.575,1.6176,1.6177,0.20,0.20
2008.02.21 07:42:33.708,1.6176,1.6177,0.20,0.20
2008.02.21 07:42:33.830,1.6176,1.6177,0.20,0.20
2008.02.21 07:42:33.955,1.6176,1.6177,0.40,0.20
2008.02.21 07:42:34.172,1.6176,1.6177,0.40,0.20
2008.02.21 07:42:34.345,1.6176,1.6177,0.40,0.20
2008.02.21 07:42:34.519,1.6176,1.6177,0.20,6.60
2008.02.21 07:42:34.693,1.6175,1.6176,0.40,0.05
2008.02.21 07:42:34.866,1.6175,1.6176,0.20,0.05
2008.02.21 07:42:35.040,1.6175,1.6176,0.20,0.05
2008.02.21 07:42:35.284,1.61755,1.61765,0.20,0.05
2008.02.21 07:42:35.528,1.61755,1.61765,0.20,0.05
2008.02.21 07:42:35.773,1.6175,1.6176,0.20,0.05
2008.02.21 07:42:36.016,1.6175,1.6176,0.20,0.05
2008.02.21 07:42:36.205,1.6176,1.6177,0.40,0.20
2008.02.21 07:42:36.394,1.6176,1.6177,0.40,0.20
2008.02.21 07:42:36.582,1.6176,1.6177,0.40,0.20
2008.02.21 07:42:36.771,1.6176,1.6177,0.40,0.20
2008.02.21 07:42:36.959,1.6176,1.6177,0.40,0.20
2008.02.21 07:42:37.123,1.6176,1.6177,0.40,0.20
2008.02.21 07:42:37.635,1.6176,1.6177,0.40,0.20
2008.02.21 07:42:38.196,1.6176,1.6177,0.40,0.20
2008.02.21 07:42:38.265,1.6176,1.6177,0.20,0.20
2008.02.21 07:42:38.344,1.6176,1.6177,0.20,0.20
2008.02.21 07:42:38.423,1.6176,1.6177,0.20,0.20
2008.02.21 07:42:38.599,1.6176,1.6177,0.20,0.20
2008.02.21 07:42:38.688,1.6176,1.6177,0.40,0.20
2008.02.21 07:42:38.808,1.6176,1.6177,0.40,0.20
2008.02.21 07:42:38.931,1.6176,1.6177,0.40,0.20
2008.02.21 07:42:39.130,1.6176,1.6177,0.40,0.20
2008.02.21 07:42:39.627,1.6176,1.6177,0.40,0.20
2008.02.21 07:42:39.959,1.6176,1.6177,0.40,0.20
2008.02.21 07:42:40.293,1.6176,1.6177,0.40,0.20
2008.02.21 07:42:40.410,1.6176,1.6177,0.40,0.20
2008.02.21 07:42:40.524,1.6176,1.6177,0.40,0.20
2008.02.21 07:42:40.658,1.6176,1.6177,0.40,0.20
2008.02.21 07:42:40.771,1.6176,1.6177,0.40,0.20
2008.02.21 07:42:40.887,1.61765,1.6177,0.20,0.20
2008.02.21 07:42:41.000,1.61765,1.61775,0.20,0.05
2008.02.21 07:42:41.113,1.61765,1.61775,0.20,0.05
2008.02.21 07:42:41.226,1.61765,1.61775,0.20,0.05
2008.02.21 07:42:41.396,1.61765,1.61775,0.20,0.05
2008.02.21 07:42:41.610,1.61765,1.61775,0.20,0.05
2008.02.21 07:42:41.779,1.61765,1.61775,0.20,0.05
2008.02.21 07:42:41.947,1.61765,1.61775,0.20,0.05
2008.02.21 07:42:42.117,1.61765,1.61775,0.20,0.05
2008.02.21 07:42:42.286,1.61765,1.61775,0.20,0.05
2008.02.21 07:42:42.470,1.61765,1.61775,0.20,0.05
2008.02.21 07:42:42.653,1.61765,1.61775,0.20,0.05
2008.02.21 07:42:43.654,1.61765,1.61775,0.20,0.05
2008.02.21 07:42:45.133,1.61765,1.61775,0.20,0.05
2008.02.21 07:42:45.244,1.61765,1.61775,0.20,0.05
2008.02.21 07:42:45.368,1.61765,1.61775,0.20,0.05
2008.02.21 07:42:45.490,1.61765,1.61775,0.20,0.05
2008.02.21 07:42:45.660,1.61765,1.61775,0.20,0.05
2008.02.21 07:42:45.973,1.61765,1.61775,0.20,0.05
2008.02.21 07:42:46.139,1.61765,1.61775,0.20,0.05
2008.02.21 07:42:46.319,1.61765,1.61775,0.20,0.05
2008.02.21 07:42:46.881,1.61765,1.61775,0.20,0.05
2008.02.21 07:42:47.191,1.61765,1.61775,0.20,0.05
2008.02.21 07:42:47.329,1.61765,1.61775,0.20,0.05
2008.02.21 07:42:47.467,1.61765,1.61775,0.20,0.05
2008.02.21 07:42:47.605,1.61765,1.61775,0.50,0.05
2008.02.21 07:42:47.753,1.61765,1.61775,0.50,0.05
2008.02.21 07:42:48.017,1.61765,1.61775,0.50,0.05
2008.02.21 07:42:48.291,1.61765,1.61775,0.50,0.05
2008.02.21 07:42:48.565,1.61765,1.61775,0.50,0.05
2008.02.21 07:42:48.991,1.61765,1.61775,0.50,0.05
2008.02.21 07:42:49.680,1.61765,1.61775,0.50,0.05
2008.02.21 07:42:49.892,1.61765,1.61775,0.50,0.05
2008.02.21 07:42:50.195,1.61765,1.61775,0.50,0.05
2008.02.21 07:42:50.627,1.61765,1.61775,0.50,0.05
2008.02.21 07:42:50.771,1.61765,1.61775,0.50,0.05
2008.02.21 07:42:50.927,1.61765,1.61775,0.50,0.05
2008.02.21 07:42:54.947,1.61765,1.61775,0.50,0.05
2008.02.21 07:42:55.673,1.61765,1.61775,0.50,0.05
2008.02.21 07:42:55.906,1.61765,1.61775,0.50,0.05
2008.02.21 07:42:56.196,1.61765,1.61775,0.50,0.05
2008.02.21 07:42:56.652,1.61765,1.61775,0.50,0.05
2008.02.21 07:42:56.841,1.61765,1.61775,0.50,0.05
2008.02.21 07:42:57.905,1.61765,1.61775,0.50,0.05
2008.02.21 07:42:58.163,1.61765,1.6177,0.30,0.20
2008.02.21 07:42:58.243,1.61765,1.6177,0.30,0.20
2008.02.21 07:42:58.422,1.61765,1.6177,0.30,0.20
2008.02.21 07:42:58.720,1.61765,1.6177,0.30,0.20
2008.02.21 07:42:58.913,1.61765,1.6177,0.30,0.60
2008.02.21 07:42:59.461,1.61765,1.6177,0.30,0.70
2008.02.21 07:42:59.647,1.61765,1.6177,0.30,0.70
2008.02.21 07:42:59.954,1.61765,1.6177,0.30,0.50
2008.02.21 07:43:00.161,1.61765,1.6177,0.30,0.60
2008.02.21 07:43:01.387,1.61765,1.6177,0.30,0.60
2008.02.21 07:43:01.550,1.61765,1.6177,0.30,0.70
2008.02.21 07:43:01.688,1.61765,1.6177,0.30,0.70
2008.02.21 07:43:01.904,1.61765,1.6177,0.30,0.60
2008.02.21 07:43:02.413,1.61765,1.6177,0.30,0.50
2008.02.21 07:43:10.943,1.61765,1.6177,0.30,0.90
2008.02.21 07:43:11.227,1.61765,1.6177,0.30,0.80
2008.02.21 07:43:11.511,1.61765,1.6177,0.30,0.70
2008.02.21 07:43:12.688,1.61765,1.6177,0.30,0.50
2008.02.21 07:43:12.852,1.61765,1.6177,0.30,0.50
2008.02.21 07:43:13.016,1.61765,1.6177,0.30,0.60
2008.02.21 07:43:13.414,1.61765,1.6177,0.30,0.60
2008.02.21 07:43:13.576,1.61765,1.6177,0.30,0.80
2008.02.21 07:43:13.740,1.61765,1.6177,0.30,0.90
2008.02.21 07:43:13.981,1.61765,1.6177,0.30,0.60
2008.02.21 07:43:14.205,1.61765,1.6177,0.30,0.60
2008.02.21 07:43:15.210,1.61765,1.6177,0.30,0.80
2008.02.21 07:43:21.941,1.61765,1.6177,0.30,0.80
2008.02.21 07:43:22.028,1.61765,1.6177,0.30,0.60
2008.02.21 07:43:22.461,1.61765,1.6177,0.30,0.50
2008.02.21 07:43:22.684,1.61765,1.6177,0.30,0.90
2008.02.21 07:43:22.907,1.61765,1.6177,0.30,0.60
2008.02.21 07:43:23.131,1.61765,1.6177,0.30,0.80
2008.02.21 07:43:26.370,1.6176,1.61765,0.20,0.05
2008.02.21 07:43:26.489,1.61755,1.61765,0.20,0.05
2008.02.21 07:43:26.608,1.61755,1.61765,0.20,0.05
2008.02.21 07:43:26.727,1.61755,1.61765,0.20,0.05
2008.02.21 07:43:26.888,1.61755,1.61765,0.20,0.05
2008.02.21 07:43:27.007,1.6176,1.6177,0.20,1.60
2008.02.21 07:43:27.204,1.6176,1.6177,0.20,1.60
2008.02.21 07:43:27.372,1.6176,1.6177,0.20,1.60
2008.02.21 07:43:27.541,1.6176,1.6177,0.20,1.60
2008.02.21 07:43:27.709,1.6176,1.6177,0.20,1.60
2008.02.21 07:43:27.960,1.6176,1.6177,0.20,1.60
2008.02.21 07:43:34.328,1.6176,1.6177,0.20,1.60
2008.02.21 07:43:34.688,1.6176,1.6177,0.20,1.60
2008.02.21 07:43:37.677,1.6176,1.6177,0.20,1.60
2008.02.21 07:43:37.733,1.6176,1.6177,0.20,1.60
2008.02.21 07:43:37.805,1.6176,1.6177,0.20,1.60
2008.02.21 07:43:37.880,1.6176,1.6177,0.20,1.60
2008.02.21 07:43:38.116,1.6176,1.6177,0.20,1.60
2008.02.21 07:43:38.917,1.6176,1.6177,0.20,1.60
2008.02.21 07:43:44.698,1.6176,1.6177,0.20,1.60
2008.02.21 07:43:44.889,1.6176,1.6177,0.20,1.60
2008.02.21 07:43:48.363,1.6176,1.6177,0.20,1.60
2008.02.21 07:43:48.447,1.6176,1.6177,0.20,1.60
2008.02.21 07:43:49.467,1.6176,1.6177,0.20,0.05
2008.02.21 07:43:49.676,1.6176,1.6177,0.20,0.05
2008.02.21 07:43:50.193,1.6176,1.6177,0.20,0.05
2008.02.21 07:43:50.397,1.6176,1.6177,0.20,0.05
2008.02.21 07:43:50.708,1.6176,1.6177,0.20,0.05
2008.02.21 07:43:56.306,1.6176,1.6177,0.20,0.05
2008.02.21 07:43:57.713,1.6176,1.6177,0.20,0.05
2008.02.21 07:43:57.851,1.6176,1.6177,0.40,0.05
2008.02.21 07:43:57.981,1.6176,1.6177,0.20,0.05
2008.02.21 07:43:58.169,1.6176,1.6177,0.20,0.05
2008.02.21 07:43:58.298,1.6176,1.6177,0.20,0.05
2008.02.21 07:43:58.425,1.6176,1.6177,0.20,0.05
2008.02.21 07:43:58.664,1.6175,1.6176,0.40,0.05
2008.02.21 07:43:58.902,1.6175,1.6176,0.40,0.05
2008.02.21 07:43:59.141,1.6175,1.6176,0.40,0.20
2008.02.21 07:43:59.380,1.6175,1.6176,0.40,0.20
2008.02.21 07:43:59.635,1.6175,1.6176,0.40,0.20
2008.02.21 07:43:59.888,1.6175,1.6176,0.40,0.20
2008.02.21 07:44:00.143,1.6175,1.6176,0.40,0.20
2008.02.21 07:44:00.396,1.6175,1.6176,0.40,0.20
2008.02.21 07:44:00.595,1.6175,1.6176,0.40,0.20
2008.02.21 07:44:00.793,1.6175,1.6176,0.40,0.20
2008.02.21 07:44:03.610,1.6175,1.6176,0.40,0.20
2008.02.21 07:44:03.679,1.6175,1.6176,0.40,0.20
2008.02.21 07:44:03.747,1.6175,1.6176,0.40,0.20
2008.02.21 07:44:03.816,1.6175,1.6176,0.40,0.20
2008.02.21 07:44:03.886,1.6175,1.6176,0.40,0.20
2008.02.21 07:44:03.955,1.6175,1.6176,0.20,0.20
2008.02.21 07:44:04.033,1.6175,1.6176,0.20,0.20
2008.02.21 07:44:04.189,1.6175,1.6176,0.20,0.20
2008.02.21 07:44:04.259,1.6175,1.6176,0.20,0.20
2008.02.21 07:44:04.328,1.6175,1.6176,0.40,0.20
2008.02.21 07:44:04.456,1.6175,1.6176,0.40,0.20
2008.02.21 07:44:04.679,1.6175,1.6176,0.20,0.20
2008.02.21 07:44:05.013,1.6175,1.6176,0.40,0.20
2008.02.21 07:44:05.347,1.6175,1.6176,0.40,0.20
2008.02.21 07:44:05.681,1.6175,1.6176,0.40,0.20
2008.02.21 07:44:05.860,1.6175,1.6176,0.40,0.20
2008.02.21 07:44:06.038,1.6175,1.6176,0.40,0.20
2008.02.21 07:44:07.409,1.6175,1.6176,0.40,0.20
2008.02.21 07:44:07.593,1.6175,1.61755,0.20,0.05
2008.02.21 07:44:07.777,1.61745,1.61755,4.10,0.05
2008.02.21 07:44:07.861,1.61745,1.61755,0.20,0.05
2008.02.21 07:44:08.189,1.61745,1.61755,0.20,0.05
2008.02.21 07:44:11.368,1.6175,1.6176,0.20,0.20
2008.02.21 07:44:11.461,1.6175,1.6176,0.20,0.20
2008.02.21 07:44:11.569,1.6175,1.6176,0.20,0.20
2008.02.21 07:44:11.687,1.61755,1.6176,0.20,0.20
2008.02.21 07:44:11.723,1.61755,1.6176,0.20,0.20
2008.02.21 07:44:11.762,1.61755,1.61765,0.20,0.05
2008.02.21 07:44:11.801,1.61755,1.61765,0.20,0.05
2008.02.21 07:44:11.924,1.61755,1.61765,0.20,0.05
2008.02.21 07:44:12.101,1.6175,1.6176,0.20,0.05
2008.02.21 07:44:12.190,1.6175,1.6176,0.20,0.05
2008.02.21 07:44:12.513,1.6175,1.6176,0.20,0.05
2008.02.21 07:44:13.138,1.6175,1.6176,0.20,0.05
2008.02.21 07:44:13.474,1.61755,1.61765,0.20,0.05
2008.02.21 07:44:13.658,1.61755,1.61765,0.20,0.05
2008.02.21 07:44:13.773,1.61755,1.61765,0.20,0.05
2008.02.21 07:44:16.655,1.6176,1.6177,0.20,1.60
2008.02.21 07:44:16.778,1.6176,1.6177,0.20,1.60
2008.02.21 07:44:16.901,1.6176,1.6177,0.20,0.05
2008.02.21 07:44:17.026,1.6176,1.6177,0.20,0.05
2008.02.21 07:44:17.150,1.6176,1.6177,0.20,0.05
2008.02.21 07:44:17.274,1.6176,1.6177,0.20,0.05
2008.02.21 07:44:17.413,1.6176,1.6177,0.20,0.05
2008.02.21 07:44:19.040,1.61755,1.61765,0.20,0.05
2008.02.21 07:44:19.113,1.61755,1.61765,0.20,0.05
2008.02.21 07:44:19.187,1.61755,1.61765,0.20,0.05
2008.02.21 07:44:19.261,1.61755,1.61765,0.20,0.05
2008.02.21 07:44:19.335,1.61755,1.61765,0.20,0.05
2008.02.21 07:44:19.432,1.61755,1.61765,0.20,0.05
2008.02.21 07:44:19.505,1.61755,1.61765,0.20,0.05
2008.02.21 07:44:19.663,1.61755,1.61765,0.20,0.05
2008.02.21 07:44:20.147,1.61755,1.61765,0.20,0.05
2008.02.21 07:44:20.365,1.61755,1.61765,0.20,0.05
2008.02.21 07:44:20.585,1.6176,1.6177,0.20,0.05
2008.02.21 07:44:20.803,1.6176,1.6177,0.20,0.05
2008.02.21 07:44:21.211,1.6176,1.6177,0.20,0.05
2008.02.21 07:44:21.623,1.6176,1.6177,0.20,0.05
2008.02.21 07:44:22.909,1.6176,1.6177,0.20,0.20
2008.02.21 07:44:23.072,1.6176,1.6177,0.20,0.20
2008.02.21 07:44:23.238,1.61755,1.61765,0.20,0.05
2008.02.21 07:44:23.402,1.61755,1.61765,0.20,0.05
2008.02.21 07:44:23.565,1.61755,1.61765,0.20,0.05
2008.02.21 07:44:23.743,1.61755,1.61765,0.20,0.05
2008.02.21 07:44:23.947,1.61755,1.61765,0.20,0.05
2008.02.21 07:44:33.449,1.61755,1.61765,0.20,0.05
2008.02.21 07:44:35.657,1.61755,1.61765,0.20,0.05
2008.02.21 07:44:35.927,1.6176,1.6177,0.20,0.20
2008.02.21 07:44:36.031,1.6176,1.61775,0.20,0.80
2008.02.21 07:44:36.114,1.6176,1.61775,0.20,0.50
2008.02.21 07:44:36.449,1.61755,1.61765,0.20,0.05
2008.02.21 07:44:36.782,1.61755,1.61765,0.20,0.05
2008.02.21 07:44:37.118,1.6176,1.6177,0.20,0.05
2008.02.21 07:44:37.332,1.6176,1.6177,0.20,0.05
2008.02.21 07:44:37.546,1.6176,1.6177,0.20,0.05
2008.02.21 07:44:37.759,1.6176,1.6177,0.20,0.05
2008.02.21 07:44:37.972,1.6176,1.6177,0.20,0.05
2008.02.21 07:44:38.186,1.6176,1.6177,0.20,0.05
2008.02.21 07:44:38.981,1.6176,1.6177,0.20,0.05
2008.02.21 07:44:39.225,1.6176,1.6177,0.20,0.05
2008.02.21 07:44:39.686,1.6176,1.6177,0.20,0.05
2008.02.21 07:44:40.212,1.6176,1.6177,0.20,0.05
2008.02.21 07:44:40.412,1.6176,1.6177,0.20,0.05
2008.02.21 07:44:42.401,1.6176,1.6177,0.20,0.05
2008.02.21 07:44:42.621,1.6176,1.6177,0.20,0.05
2008.02.21 07:44:42.916,1.6176,1.6177,0.20,0.05
2008.02.21 07:44:43.136,1.6176,1.6177,0.20,0.05
2008.02.21 07:44:43.354,1.6176,1.6177,0.20,0.05
2008.02.21 07:44:43.644,1.6176,1.6177,0.20,0.05
2008.02.21 07:44:43.967,1.6176,1.6177,0.20,0.05
2008.02.21 07:44:44.379,1.6176,1.6177,0.20,0.05
2008.02.21 07:44:44.902,1.6176,1.6177,0.20,0.05
2008.02.21 07:44:45.195,1.6176,1.6177,0.20,0.05
2008.02.21 07:44:45.429,1.6176,1.6177,0.20,0.05
2008.02.21 07:44:45.720,1.6176,1.6177,0.20,0.05
2008.02.21 07:44:45.932,1.6176,1.6177,0.20,0.05
2008.02.21 07:44:46.465,1.6176,1.6177,0.20,0.05
2008.02.21 07:44:46.755,1.6176,1.6177,0.20,0.05
2008.02.21 07:44:46.983,1.6176,1.6177,0.20,0.05
2008.02.21 07:44:47.211,1.6176,1.6177,0.20,0.05
2008.02.21 07:44:48.927,1.6176,1.6177,0.20,0.05
2008.02.21 07:44:54.213,1.6176,1.6177,0.20,0.05
2008.02.21 07:44:54.725,1.6176,1.6177,0.20,0.05
2008.02.21 07:44:55.157,1.6176,1.6177,0.20,0.05
2008.02.21 07:44:55.456,1.6176,1.6177,0.20,0.05
2008.02.21 07:44:55.729,1.6176,1.6177,0.20,0.05
2008.02.21 07:44:56.002,1.6176,1.6177,0.20,0.05
2008.02.21 07:44:56.276,1.6176,1.6177,0.20,0.05
2008.02.21 07:44:57.123,1.6176,1.6177,0.20,0.05
2008.02.21 07:44:57.339,1.6176,1.6177,0.20,0.05
2008.02.21 07:44:57.496,1.6176,1.6177,0.20,0.05
2008.02.21 07:44:57.566,1.6176,1.6177,0.20,0.05
2008.02.21 07:44:57.727,1.6176,1.6177,0.20,0.05
2008.02.21 07:44:59.056,1.61755,1.61765,0.20,0.05
2008.02.21 07:44:59.235,1.61755,1.61765,0.20,0.05
2008.02.21 07:44:59.414,1.61755,1.61765,0.20,0.05
2008.02.21 07:44:59.591,1.61755,1.61765,0.20,0.05
2008.02.21 07:44:59.701,1.61755,1.61765,0.20,0.05
2008.02.21 07:44:59.809,1.61755,1.61765,0.20,0.05
2008.02.21 07:44:59.923,1.61755,1.61765,0.20,0.05
2008.02.21 07:45:00.427,1.61755,1.61765,0.20,0.05
2008.02.21 07:45:01.141,1.61755,1.61765,0.20,0.05
2008.02.21 07:45:02.170,1.61755,1.61765,0.20,0.05
2008.02.21 07:45:02.250,1.61755,1.61765,0.20,0.05
2008.02.21 07:45:02.484,1.61755,1.61765,0.20,0.05
2008.02.21 07:45:02.694,1.61755,1.61765,0.20,0.05
2008.02.21 07:45:02.958,1.61755,1.61765,0.20,0.05
2008.02.21 07:45:03.222,1.61755,1.61765,0.20,0.05
2008.02.21 07:45:03.486,1.61755,1.61765,0.20,0.05
2008.02.21 07:45:03.750,1.61755,1.61765,0.20,0.05
2008.02.21 07:45:04.148,1.61755,1.61765,0.20,0.05
2008.02.21 07:45:04.399,1.6176,1.6177,0.20,0.20
2008.02.21 07:45:04.654,1.6176,1.6177,0.20,0.05
2008.02.21 07:45:04.907,1.6176,1.6177,0.20,0.05
2008.02.21 07:45:05.101,1.6176,1.6177,0.20,0.05
2008.02.21 07:45:05.294,1.6176,1.6177,0.20,0.05
2008.02.21 07:45:05.488,1.6176,1.6177,0.20,0.05
2008.02.21 07:45:05.681,1.6176,1.6177,0.20,0.05
2008.02.21 07:45:06.156,1.6176,1.6177,0.20,0.05
2008.02.21 07:45:06.451,1.6176,1.6177,0.20,0.05
2008.02.21 07:45:06.680,1.6176,1.6177,0.20,0.05
2008.02.21 07:45:07.897,1.6176,1.6177,0.20,0.05
2008.02.21 07:45:08.160,1.6176,1.6177,0.20,0.05
2008.02.21 07:45:08.274,1.6176,1.6177,0.20,0.05
2008.02.21 07:45:08.431,1.6176,1.6177,0.20,0.05
2008.02.21 07:45:08.533,1.6176,1.6177,0.20,0.05
2008.02.21 07:45:08.933,1.6176,1.6177,0.20,0.05
2008.02.21 07:45:14.210,1.6176,1.6177,0.20,0.05
2008.02.21 07:45:16.377,1.6176,1.6177,0.20,0.05
2008.02.21 07:45:19.910,1.6176,1.6177,0.20,0.05
2008.02.21 07:45:20.154,1.6176,1.6177,0.20,0.05
2008.02.21 07:45:21.466,1.6176,1.6177,0.20,0.05
2008.02.21 07:45:21.694,1.6176,1.6177,0.20,0.05
2008.02.21 07:45:21.902,1.6176,1.6177,0.20,0.05
2008.02.21 07:45:22.207,1.6176,1.6177,0.20,0.05
2008.02.21 07:45:24.174,1.6176,1.6177,0.20,0.20
2008.02.21 07:45:24.217,1.6176,1.6177,0.20,0.20
2008.02.21 07:45:24.308,1.6176,1.6177,0.20,0.20
2008.02.21 07:45:24.388,1.6176,1.6177,0.20,0.20
2008.02.21 07:45:24.430,1.6176,1.6177,0.20,0.20
2008.02.21 07:45:24.650,1.61755,1.61765,0.20,0.05
2008.02.21 07:45:24.733,1.61755,1.61765,0.20,0.05
2008.02.21 07:45:24.816,1.61755,1.61765,0.20,0.05
2008.02.21 07:45:24.899,1.61755,1.61765,0.20,0.05
2008.02.21 07:45:25.210,1.61755,1.61765,0.20,0.05
2008.02.21 07:45:25.631,1.61755,1.61765,0.20,0.05
2008.02.21 07:45:28.490,1.61755,1.61765,0.20,0.05
2008.02.21 07:45:28.700,1.61755,1.61765,0.20,0.05
2008.02.21 07:45:28.908,1.61755,1.61765,0.20,0.05
2008.02.21 07:45:29.490,1.61755,1.61765,0.20,0.05
2008.02.21 07:45:29.692,1.61755,1.61765,0.20,0.05
2008.02.21 07:45:31.433,1.61755,1.61765,0.20,0.05
2008.02.21 07:45:31.537,1.61755,1.61765,0.20,0.05
2008.02.21 07:45:31.636,1.61755,1.61765,0.20,0.05
2008.02.21 07:45:31.668,1.61755,1.61765,0.20,0.05
2008.02.21 07:45:31.955,1.61755,1.61765,0.20,0.05
2008.02.21 07:45:32.203,1.61755,1.61765,0.20,0.05
2008.02.21 07:45:32.671,1.61755,1.61765,0.20,0.05
2008.02.21 07:45:32.918,1.61755,1.61765,0.20,0.05
2008.02.21 07:45:33.175,1.61755,1.61765,0.20,0.05
2008.02.21 07:45:33.269,1.61755,1.61765,0.20,0.05
2008.02.21 07:45:33.701,1.61755,1.61765,0.20,0.05
2008.02.21 07:45:34.400,1.61755,1.61765,0.20,0.05
2008.02.21 07:45:34.598,1.6176,1.6177,0.20,0.20
2008.02.21 07:45:34.767,1.6176,1.6177,0.20,0.05
2008.02.21 07:45:34.936,1.6176,1.6177,0.20,0.05
2008.02.21 07:45:35.105,1.6176,1.6177,0.20,0.05
2008.02.21 07:45:35.289,1.6176,1.6177,0.20,0.05
2008.02.21 07:45:35.477,1.6176,1.6177,0.20,0.05
2008.02.21 07:45:35.714,1.6176,1.6177,0.20,0.05
2008.02.21 07:45:37.144,1.6176,1.6177,0.20,0.05
2008.02.21 07:45:37.186,1.6176,1.6177,0.20,0.05
2008.02.21 07:45:37.229,1.6176,1.6177,0.20,0.05
2008.02.21 07:45:37.305,1.6176,1.6177,0.20,0.05
2008.02.21 07:45:37.461,1.6176,1.6177,0.20,0.05
2008.02.21 07:45:37.513,1.6176,1.6177,0.20,0.05
2008.02.21 07:45:37.545,1.6176,1.6177,0.20,0.05
2008.02.21 07:45:37.598,1.6176,1.6177,0.20,0.05
2008.02.21 07:45:37.641,1.61765,1.61775,0.20,0.05
2008.02.21 07:45:37.685,1.61765,1.61775,0.20,0.05
2008.02.21 07:45:37.728,1.61765,1.61775,0.20,0.05
2008.02.21 07:45:37.815,1.61765,1.61775,0.20,0.05
2008.02.21 07:45:37.860,1.61765,1.61775,0.20,0.05
2008.02.21 07:45:37.981,1.61765,1.61775,0.20,0.05
2008.02.21 07:45:38.015,1.61765,1.61775,0.20,0.05
2008.02.21 07:45:38.179,1.61765,1.61775,0.20,0.05
2008.02.21 07:45:38.707,1.61765,1.61775,0.20,0.05
2008.02.21 07:45:39.042,1.61765,1.61775,0.20,0.05
2008.02.21 07:45:39.378,1.61765,1.6178,0.20,0.05
2008.02.21 07:45:39.737,1.61765,1.6178,0.20,0.05
2008.02.21 07:45:40.456,1.61765,1.6178,0.20,0.05
2008.02.21 07:45:41.487,1.61765,1.6178,0.20,0.05
2008.02.21 07:45:42.380,1.61765,1.6178,0.20,0.05
2008.02.21 07:45:42.585,1.61765,1.6178,0.20,0.20
2008.02.21 07:45:42.796,1.61765,1.61775,0.20,0.05
2008.02.21 07:45:43.000,1.61765,1.61775,0.20,0.05
2008.02.21 07:45:43.203,1.61765,1.61775,0.20,0.05
2008.02.21 07:45:44.230,1.61765,1.61775,0.20,0.05
2008.02.21 07:45:44.430,1.61765,1.61775,0.20,0.05
2008.02.21 07:45:45.981,1.61765,1.61775,0.20,0.05
2008.02.21 07:45:46.190,1.61765,1.61775,0.20,0.05
2008.02.21 07:45:46.391,1.61765,1.61775,0.20,0.05
2008.02.21 07:45:46.704,1.61765,1.61775,0.20,0.05
2008.02.21 07:45:47.419,1.61765,1.61775,0.20,0.05
2008.02.21 07:45:47.662,1.61765,1.61775,0.20,0.05
2008.02.21 07:45:47.907,1.61765,1.61775,0.20,0.05
2008.02.21 07:45:48.150,1.61765,1.61775,0.20,0.05
2008.02.21 07:45:48.395,1.61765,1.61775,0.20,0.05
2008.02.21 07:45:49.643,1.61765,1.61775,0.20,0.05
2008.02.21 07:45:52.412,1.61765,1.61775,0.20,0.05
2008.02.21 07:45:52.722,1.61765,1.61775,0.20,0.05
2008.02.21 07:45:52.928,1.61765,1.61775,0.20,0.05
2008.02.21 07:45:54.615,1.61765,1.61775,0.20,0.05
2008.02.21 07:45:55.680,1.61765,1.61775,0.20,0.05
2008.02.21 07:45:57.941,1.61765,1.61775,0.20,0.05
2008.02.21 07:45:58.105,1.61765,1.61775,0.20,0.05
2008.02.21 07:45:58.269,1.6176,1.61775,0.20,0.05
2008.02.21 07:45:58.432,1.6176,1.61775,0.20,0.05
2008.02.21 07:45:58.596,1.6176,1.61775,0.20,0.05
2008.02.21 07:46:04.750,1.6176,1.61775,0.20,0.05
2008.02.21 07:46:04.929,1.6176,1.61775,0.20,0.05
2008.02.21 07:46:06.124,1.6177,1.6178,0.20,0.20
2008.02.21 07:46:06.327,1.6177,1.6178,0.20,0.20
2008.02.21 07:46:06.544,1.6177,1.6178,0.20,0.05
2008.02.21 07:46:06.760,1.6177,1.6178,0.20,0.05
2008.02.21 07:46:06.973,1.6177,1.6178,0.20,0.05
2008.02.21 07:46:07.215,1.6177,1.6178,0.20,0.05
2008.02.21 07:46:07.430,1.6177,1.6178,0.20,0.05
2008.02.21 07:46:07.738,1.6177,1.6178,0.20,0.05
2008.02.21 07:46:08.047,1.6177,1.6178,0.20,0.05
2008.02.21 07:46:08.356,1.6177,1.6178,0.20,0.05
2008.02.21 07:46:08.559,1.6177,1.6178,0.20,0.05
2008.02.21 07:46:11.163,1.6177,1.6178,0.20,0.05
2008.02.21 07:46:11.453,1.6177,1.6178,0.20,0.05
2008.02.21 07:46:11.678,1.6177,1.6178,0.20,0.05
2008.02.21 07:46:11.882,1.6177,1.6178,0.20,0.05
2008.02.21 07:46:12.648,1.61765,1.61775,0.90,0.05
2008.02.21 07:46:12.893,1.61765,1.61775,0.20,0.05
2008.02.21 07:46:13.136,1.61765,1.61775,0.20,0.05
2008.02.21 07:46:13.423,1.61765,1.61775,0.20,0.05
2008.02.21 07:46:13.667,1.61765,1.61775,0.20,0.05
2008.02.21 07:46:13.925,1.61765,1.61775,0.20,0.05
2008.02.21 07:46:14.455,1.61765,1.61775,0.20,0.05
2008.02.21 07:46:14.654,1.61765,1.61775,0.20,0.05
2008.02.21 07:46:14.743,1.61765,1.61775,0.20,0.05
2008.02.21 07:46:14.983,1.61765,1.61775,0.20,0.05
2008.02.21 07:46:15.159,1.61765,1.61775,0.20,0.05
2008.02.21 07:46:15.247,1.61765,1.61775,0.20,0.05
2008.02.21 07:46:15.378,1.61765,1.61775,0.20,0.05
2008.02.21 07:46:15.494,1.61765,1.61775,0.20,0.05
2008.02.21 07:46:15.582,1.61765,1.61775,0.20,0.05
2008.02.21 07:46:15.671,1.61765,1.61775,0.20,0.05
2008.02.21 07:46:16.006,1.61765,1.61775,0.20,0.05
2008.02.21 07:46:16.339,1.61765,1.61775,0.20,0.05
2008.02.21 07:46:17.104,1.6177,1.6178,0.20,0.20
2008.02.21 07:46:17.295,1.6177,1.6178,0.20,0.05
2008.02.21 07:46:17.483,1.6177,1.6178,0.20,0.05
2008.02.21 07:46:17.672,1.6177,1.6178,0.20,0.05
2008.02.21 07:46:19.387,1.6177,1.6178,0.20,0.20
2008.02.21 07:46:19.438,1.6177,1.6178,0.20,0.20
2008.02.21 07:46:19.508,1.6177,1.6178,0.20,0.20
2008.02.21 07:46:19.604,1.61765,1.61775,0.20,0.05
2008.02.21 07:46:19.645,1.61765,1.61775,0.20,0.05
2008.02.21 07:46:19.755,1.61765,1.61775,0.20,0.05
2008.02.21 07:46:20.162,1.61765,1.61775,0.20,0.05
2008.02.21 07:46:20.662,1.61765,1.61775,0.20,0.05
2008.02.21 07:46:21.386,1.61765,1.61775,0.20,0.05
2008.02.21 07:46:34.608,1.61765,1.61775,0.20,0.05
2008.02.21 07:46:34.826,1.61765,1.61775,0.20,0.05
2008.02.21 07:46:35.219,1.61765,1.61775,0.20,0.05
2008.02.21 07:46:35.404,1.61765,1.61775,0.20,0.05
2008.02.21 07:46:35.589,1.61765,1.61775,0.20,0.05
2008.02.21 07:46:35.770,1.61765,1.61775,0.20,0.05
2008.02.21 07:46:36.002,1.61765,1.61775,0.20,0.05
2008.02.21 07:46:36.161,1.61765,1.61775,0.20,0.05
2008.02.21 07:46:38.053,1.61765,1.61775,0.20,0.05
2008.02.21 07:46:38.086,1.61765,1.61775,0.20,0.05
2008.02.21 07:46:38.153,1.61765,1.61775,0.20,0.05
2008.02.21 07:46:38.180,1.61765,1.61775,0.20,0.05
2008.02.21 07:46:38.215,1.61765,1.61775,0.20,0.05
2008.02.21 07:46:38.256,1.61765,1.6177,0.20,0.20
2008.02.21 07:46:38.294,1.61765,1.6177,0.20,0.20
2008.02.21 07:46:38.414,1.61765,1.6177,0.20,0.20
2008.02.21 07:46:38.603,1.61765,1.6177,0.20,0.20
2008.02.21 07:46:38.676,1.6176,1.6177,0.40,0.20
2008.02.21 07:46:38.707,1.6176,1.6177,0.40,0.20
2008.02.21 07:46:38.740,1.6176,1.6177,0.40,0.20
2008.02.21 07:46:39.074,1.6176,1.6177,0.40,0.20
2008.02.21 07:46:39.442,1.6176,1.6177,0.40,0.20
2008.02.21 07:46:41.624,1.6176,1.6177,0.40,0.20
2008.02.21 07:46:41.729,1.6176,1.6177,0.40,0.20
2008.02.21 07:46:42.081,1.6176,1.6177,0.20,0.20
2008.02.21 07:46:42.165,1.6176,1.6177,0.20,0.20
2008.02.21 07:46:42.250,1.61755,1.6177,0.20,0.20
2008.02.21 07:46:42.401,1.6175,1.6176,0.20,0.05
2008.02.21 07:46:42.484,1.6176,1.6177,0.20,0.20
2008.02.21 07:46:42.570,1.6175,1.6176,0.40,0.05
2008.02.21 07:46:42.653,1.6175,1.6176,0.40,0.05
2008.02.21 07:46:42.739,1.6175,1.6176,0.40,0.05
2008.02.21 07:46:42.822,1.61755,1.61765,0.20,0.80
2008.02.21 07:46:42.921,1.61755,1.6176,0.20,0.20
2008.02.21 07:46:43.140,1.61755,1.61765,0.20,0.80
2008.02.21 07:46:43.361,1.61755,1.61765,0.20,0.05
2008.02.21 07:46:43.581,1.61755,1.61765,0.20,0.05
2008.02.21 07:46:43.800,1.6176,1.6177,0.20,0.05
2008.02.21 07:46:44.021,1.6176,1.6177,0.20,0.05
2008.02.21 07:46:44.259,1.6176,1.6177,0.20,0.05
2008.02.21 07:46:44.498,1.6176,1.6177,0.20,0.05
2008.02.21 07:46:44.737,1.6176,1.6177,0.20,0.05
2008.02.21 07:46:44.976,1.6176,1.6177,0.20,0.05
2008.02.21 07:46:45.148,1.6176,1.6177,0.20,0.05
2008.02.21 07:46:45.322,1.6176,1.6177,0.20,0.05
2008.02.21 07:46:45.497,1.6176,1.6177,0.20,0.05
2008.02.21 07:46:45.670,1.61755,1.61765,0.20,0.05
2008.02.21 07:46:45.844,1.61755,1.61765,0.20,0.05
2008.02.21 07:46:46.017,1.61755,1.61765,0.20,0.05
2008.02.21 07:46:46.262,1.6176,1.6177,0.20,0.05
2008.02.21 07:46:46.506,1.6176,1.6177,0.20,0.05
2008.02.21 07:46:46.749,1.6176,1.6177,0.20,0.05
2008.02.21 07:46:46.994,1.6176,1.6177,0.20,0.05
2008.02.21 07:46:47.239,1.6176,1.6177,0.20,0.05
2008.02.21 07:46:47.435,1.6176,1.6177,0.20,0.05
2008.02.21 07:46:47.649,1.6176,1.6177,0.20,0.05
2008.02.21 07:46:47.954,1.6176,1.6177,0.20,0.05
2008.02.21 07:46:48.228,1.6176,1.6177,0.20,0.05
2008.02.21 07:46:48.671,1.6176,1.6177,0.20,0.05
2008.02.21 07:46:48.994,1.6176,1.6177,0.20,0.05
2008.02.21 07:46:49.185,1.6176,1.6177,0.20,0.05
2008.02.21 07:46:49.378,1.6176,1.6177,0.20,0.20
2008.02.21 07:46:49.523,1.6176,1.6177,0.20,0.20
2008.02.21 07:46:49.665,1.61755,1.61765,0.20,0.05
2008.02.21 07:46:49.809,1.61755,1.61765,0.20,0.05
2008.02.21 07:46:49.953,1.61755,1.61765,0.20,0.05
2008.02.21 07:46:50.453,1.61755,1.61765,0.20,0.05
2008.02.21 07:46:50.701,1.61755,1.61765,0.20,0.05
2008.02.21 07:46:51.235,1.61755,1.61765,0.20,0.05
2008.02.21 07:46:51.438,1.61755,1.61765,0.20,0.05
2008.02.21 07:46:51.503,1.61755,1.61765,0.20,0.05
2008.02.21 07:46:51.562,1.61755,1.61765,0.20,0.05
2008.02.21 07:46:51.632,1.61755,1.61765,0.20,0.05
2008.02.21 07:46:51.691,1.61755,1.61765,0.20,0.05
2008.02.21 07:46:51.949,1.61755,1.61765,0.20,0.05
2008.02.21 07:46:52.006,1.61755,1.61765,0.20,0.05
2008.02.21 07:46:52.362,1.61755,1.61765,0.20,0.05
2008.02.21 07:46:52.695,1.61755,1.61765,0.20,0.05
2008.02.21 07:46:53.027,1.61755,1.61765,0.20,0.05
2008.02.21 07:46:53.360,1.61755,1.61765,0.20,0.05
2008.02.21 07:46:54.198,1.61755,1.61765,0.20,0.05
2008.02.21 07:46:54.342,1.61755,1.61765,0.20,0.05
2008.02.21 07:46:54.691,1.61755,1.61765,0.20,0.05
2008.02.21 07:46:54.824,1.61755,1.61765,0.20,0.05
2008.02.21 07:46:55.024,1.61755,1.61765,0.20,0.05
2008.02.21 07:46:55.329,1.61755,1.61765,0.20,0.05
2008.02.21 07:46:55.883,1.6175,1.61765,0.40,0.05
2008.02.21 07:46:56.217,1.61755,1.61765,0.20,0.05
2008.02.21 07:46:56.390,1.61755,1.61765,0.20,0.05
2008.02.21 07:46:56.544,1.61755,1.61765,0.20,0.05
2008.02.21 07:46:56.698,1.61755,1.61765,0.20,0.05
2008.02.21 07:46:56.852,1.61755,1.61765,0.20,0.05
2008.02.21 07:46:57.007,1.61755,1.61765,0.20,4.80
2008.02.21 07:46:57.161,1.6175,1.6176,0.20,0.20
2008.02.21 07:46:57.317,1.6175,1.6176,0.20,0.20
2008.02.21 07:46:57.635,1.61745,1.61755,0.20,0.05
2008.02.21 07:46:57.955,1.6175,1.6176,0.20,0.05
2008.02.21 07:46:58.274,1.6175,1.6176,0.20,0.05
2008.02.21 07:46:58.654,1.6175,1.6176,0.20,0.05
2008.02.21 07:46:58.747,1.61745,1.6176,0.20,0.05
2008.02.21 07:46:58.842,1.61745,1.6176,0.20,0.05
2008.02.21 07:46:58.936,1.61745,1.6176,0.20,0.05
2008.02.21 07:46:59.030,1.61745,1.6176,0.20,0.05
2008.02.21 07:46:59.124,1.61745,1.6176,0.20,0.05
2008.02.21 07:46:59.217,1.6175,1.6176,0.20,0.05
2008.02.21 07:46:59.312,1.6175,1.6176,0.20,0.20
2008.02.21 07:46:59.647,1.61755,1.61765,0.20,0.80
2008.02.21 07:46:59.981,1.61755,1.61765,0.20,0.80
2008.02.21 07:47:00.315,1.61755,1.61765,0.20,0.05
2008.02.21 07:47:00.493,1.61755,1.61765,0.20,0.05
2008.02.21 07:47:00.728,1.61755,1.61765,0.20,0.05
2008.02.21 07:47:01.577,1.6176,1.6177,0.20,0.20
2008.02.21 07:47:01.801,1.6176,1.6177,0.20,0.20
2008.02.21 07:47:02.025,1.6176,1.6177,0.20,0.20
2008.02.21 07:47:02.249,1.6176,1.6177,0.20,0.20
2008.02.21 07:47:02.508,1.6176,1.6177,0.20,0.20
2008.02.21 07:47:03.705,1.6176,1.6177,0.20,0.20
2008.02.21 07:47:03.889,1.6176,1.6177,0.20,0.20
2008.02.21 07:47:03.963,1.6176,1.6177,0.20,0.20
2008.02.21 07:47:04.036,1.6176,1.6177,0.20,0.20
2008.02.21 07:47:04.110,1.6176,1.6177,0.20,0.20
2008.02.21 07:47:04.193,1.6176,1.6177,0.20,0.20
2008.02.21 07:47:04.267,1.6176,1.6177,0.20,0.20
2008.02.21 07:47:04.385,1.6175,1.6176,0.40,0.05
2008.02.21 07:47:04.460,1.6175,1.6176,0.20,0.20
2008.02.21 07:47:04.810,1.6175,1.6176,0.20,0.20
2008.02.21 07:47:05.142,1.6175,1.6176,0.20,0.20
2008.02.21 07:47:05.476,1.6175,1.6176,0.20,0.20
2008.02.21 07:47:05.691,1.6175,1.6176,0.20,0.20
2008.02.21 07:47:05.962,1.6175,1.6176,0.20,0.20
2008.02.21 07:47:06.165,1.6175,1.6176,0.20,0.20
2008.02.21 07:47:06.373,1.6175,1.6176,0.40,0.20
2008.02.21 07:47:06.659,1.6175,1.6176,0.40,0.20
2008.02.21 07:47:06.914,1.61755,1.61765,0.20,4.80
2008.02.21 07:47:07.168,1.61755,1.61765,0.20,0.80
2008.02.21 07:47:07.421,1.61755,1.61765,0.20,0.05
2008.02.21 07:47:07.675,1.61755,1.61765,0.20,0.05
2008.02.21 07:47:07.933,1.61755,1.61765,0.20,0.05
2008.02.21 07:47:08.192,1.61755,1.61765,0.20,0.05
2008.02.21 07:47:08.451,1.61755,1.61765,0.20,0.05
2008.02.21 07:47:08.710,1.61755,1.61765,0.20,0.05
2008.02.21 07:47:08.914,1.61755,1.61765,0.20,0.05
2008.02.21 07:47:09.117,1.61755,1.61765,0.20,0.05
2008.02.21 07:47:09.330,1.61755,1.61765,0.20,0.05
2008.02.21 07:47:09.534,1.61755,1.61765,0.20,0.05
2008.02.21 07:47:09.736,1.61755,1.61765,0.20,0.05
2008.02.21 07:47:09.976,1.61755,1.61765,0.20,0.05
2008.02.21 07:47:10.170,1.6175,1.61765,0.20,0.05
2008.02.21 07:47:10.364,1.6175,1.61765,0.20,0.05
2008.02.21 07:47:10.557,1.6175,1.61765,0.20,0.05
2008.02.21 07:47:10.893,1.6175,1.61765,0.20,0.05
2008.02.21 07:47:11.047,1.6175,1.61765,0.20,0.05
2008.02.21 07:47:11.200,1.6175,1.61765,0.20,0.05
2008.02.21 07:47:11.412,1.6175,1.61765,0.20,0.05
2008.02.21 07:47:12.358,1.61745,1.6176,0.20,0.05
2008.02.21 07:47:12.588,1.61745,1.6176,0.20,0.05
2008.02.21 07:47:12.816,1.61755,1.61765,0.20,0.05
2008.02.21 07:47:12.975,1.6175,1.61765,0.20,0.05
2008.02.21 07:47:13.133,1.6175,1.61765,0.20,0.05
2008.02.21 07:47:13.293,1.6175,1.61765,0.20,0.05
2008.02.21 07:47:13.451,1.61755,1.61765,0.20,0.05
2008.02.21 07:47:13.624,1.61755,1.61765,0.20,0.05
2008.02.21 07:47:13.783,1.61755,1.61765,0.20,0.05
2008.02.21 07:47:14.077,1.61755,1.61765,0.20,0.05
2008.02.21 07:47:14.372,1.61755,1.61765,0.20,0.05
2008.02.21 07:47:14.666,1.61755,1.61765,0.20,0.05
2008.02.21 07:47:15.654,1.61755,1.61765,0.20,0.05
2008.02.21 07:47:15.878,1.6175,1.61765,0.20,0.05
2008.02.21 07:47:16.036,1.6175,1.61765,0.20,0.05
2008.02.21 07:47:16.174,1.6175,1.61765,0.20,0.05
2008.02.21 07:47:16.324,1.6175,1.61765,0.20,0.05
2008.02.21 07:47:16.472,1.61745,1.6176,0.20,0.05
2008.02.21 07:47:16.672,1.61745,1.6176,0.20,0.05
2008.02.21 07:47:17.007,1.6175,1.61765,0.20,0.05
2008.02.21 07:47:17.340,1.61755,1.61765,0.20,0.05
2008.02.21 07:47:17.674,1.6175,1.61765,0.20,0.05
2008.02.21 07:47:18.678,1.6175,1.61765,0.20,0.05
2008.02.21 07:47:18.887,1.6175,1.61765,0.20,0.05
2008.02.21 07:47:19.099,1.61755,1.61765,0.20,0.05
2008.02.21 07:47:19.227,1.61755,1.61765,0.20,0.05
2008.02.21 07:47:19.358,1.61755,1.61765,0.20,0.05
2008.02.21 07:47:19.489,1.61755,1.61765,0.20,0.05
2008.02.21 07:47:19.619,1.61755,1.61765,0.20,0.05
2008.02.21 07:47:19.748,1.61755,1.61765,0.20,0.05
2008.02.21 07:47:20.012,1.61755,1.61765,0.20,0.05
2008.02.21 07:47:20.276,1.61755,1.61765,0.20,0.05
2008.02.21 07:47:20.537,1.61755,1.61765,0.20,0.05
2008.02.21 07:47:20.802,1.6174,1.61745,1.60,0.05
2008.02.21 07:47:21.046,1.61735,1.61745,10.50,0.05
2008.02.21 07:47:21.289,1.6174,1.61755,0.20,0.05
2008.02.21 07:47:21.536,1.61745,1.61755,0.20,0.05
2008.02.21 07:47:21.780,1.61735,1.6175,2.50,0.05
2008.02.21 07:47:22.014,1.61735,1.6175,0.20,0.20
2008.02.21 07:47:22.249,1.6174,1.6175,0.20,0.20
2008.02.21 07:47:22.484,1.6173,1.61745,0.20,0.05
2008.02.21 07:47:22.718,1.6173,1.61745,0.20,0.05
2008.02.21 07:47:22.952,1.6173,1.61745,0.20,0.05
2008.02.21 07:47:23.160,1.6173,1.61745,0.20,0.80
2008.02.21 07:47:23.369,1.61725,1.6174,0.20,0.20
2008.02.21 07:47:23.583,1.61725,1.6174,0.20,0.20
2008.02.21 07:47:23.792,1.61725,1.6174,0.20,0.20
2008.02.21 07:47:24.001,1.61725,1.6174,2.50,0.05
2008.02.21 07:47:24.163,1.61725,1.6174,10.50,0.05
2008.02.21 07:47:24.316,1.61725,1.6174,10.50,0.05
2008.02.21 07:47:24.482,1.61725,1.61735,10.50,0.05
2008.02.21 07:47:24.642,1.61725,1.61735,10.50,0.05
2008.02.21 07:47:24.795,1.61725,1.61735,8.10,0.05
2008.02.21 07:47:24.949,1.61715,1.61725,5.70,0.05
2008.02.21 07:47:25.087,1.61715,1.61725,0.20,0.05
2008.02.21 07:47:25.225,1.61715,1.61725,0.20,0.05
2008.02.21 07:47:25.446,1.61715,1.61725,0.20,0.05
2008.02.21 07:47:25.584,1.61715,1.61725,0.20,0.05
2008.02.21 07:47:25.734,1.61705,1.6172,14.50,0.05
2008.02.21 07:47:25.863,1.61715,1.61725,0.20,0.05
2008.02.21 07:47:26.187,1.61715,1.61725,0.20,0.05
2008.02.21 07:47:26.511,1.61715,1.61725,0.20,0.05
2008.02.21 07:47:26.835,1.61715,1.61725,0.20,0.05
2008.02.21 07:47:27.028,1.61715,1.61725,0.20,0.05
2008.02.21 07:47:27.221,1.61715,1.61725,0.20,0.05
2008.02.21 07:47:27.419,1.61715,1.61725,0.20,0.05
2008.02.21 07:47:27.721,1.61715,1.61725,0.20,0.05
2008.02.21 07:47:27.914,1.61715,1.6172,0.20,0.20
2008.02.21 07:47:28.228,1.61715,1.6172,0.20,0.20
2008.02.21 07:47:28.541,1.61715,1.6172,0.20,0.20
2008.02.21 07:47:28.854,1.61715,1.6172,0.20,0.20
2008.02.21 07:47:29.191,1.61715,1.6172,0.20,0.20
2008.02.21 07:47:29.409,1.617,1.61715,0.40,0.05
2008.02.21 07:47:29.628,1.617,1.61715,0.20,0.05
2008.02.21 07:47:29.846,1.617,1.61715,0.20,0.80
2008.02.21 07:47:30.065,1.617,1.6171,0.20,0.20
2008.02.21 07:47:30.244,1.6169,1.617,1.90,0.05
2008.02.21 07:47:30.423,1.6169,1.617,0.40,0.05
2008.02.21 07:47:30.602,1.61695,1.61705,0.20,0.05
2008.02.21 07:47:30.781,1.61695,1.61705,0.20,0.05
2008.02.21 07:47:30.959,1.61695,1.61705,0.20,0.05
2008.02.21 07:47:31.193,1.61695,1.6171,0.20,0.20
2008.02.21 07:47:31.427,1.61695,1.6171,0.20,0.20
2008.02.21 07:47:31.661,1.61705,1.61715,0.20,0.05
2008.02.21 07:47:31.895,1.61705,1.61715,0.20,0.05
2008.02.21 07:47:32.160,1.61705,1.61715,0.20,0.05
2008.02.21 07:47:32.423,1.61705,1.61715,0.20,0.05
2008.02.21 07:47:32.691,1.61705,1.61715,0.20,0.05
2008.02.21 07:47:32.956,1.61705,1.61715,0.20,0.05
2008.02.21 07:47:33.185,1.61705,1.61715,0.20,0.05
2008.02.21 07:47:33.400,1.61705,1.61715,0.20,0.05
2008.02.21 07:47:33.623,1.61705,1.61715,0.20,0.05
2008.02.21 07:47:33.837,1.617,1.6171,0.20,0.05
2008.02.21 07:47:34.050,1.617,1.6171,0.20,0.05
2008.02.21 07:47:34.363,1.617,1.6171,0.20,0.05
2008.02.21 07:47:34.678,1.617,1.6171,0.20,0.05
2008.02.21 07:47:34.993,1.6171,1.6172,0.20,0.05
2008.02.21 07:47:35.182,1.6171,1.6172,0.20,0.05
2008.02.21 07:47:35.370,1.6171,1.6172,0.20,0.05
2008.02.21 07:47:35.562,1.61715,1.61725,0.20,0.05
2008.02.21 07:47:35.752,1.61715,1.61725,0.20,0.05
2008.02.21 07:47:35.943,1.61715,1.61725,0.20,0.05
2008.02.21 07:47:36.131,1.6172,1.6173,0.20,0.05
2008.02.21 07:47:36.350,1.6172,1.6173,0.20,0.05
2008.02.21 07:47:36.569,1.6172,1.6173,0.20,0.05
2008.02.21 07:47:36.787,1.6172,1.6173,0.20,0.05
2008.02.21 07:47:37.005,1.6172,1.6173,0.20,0.05
2008.02.21 07:47:37.310,1.6173,1.6174,0.20,1.60
2008.02.21 07:47:37.614,1.6173,1.6174,0.20,1.60
2008.02.21 07:47:37.851,1.6173,1.6174,0.20,0.50
2008.02.21 07:47:37.920,1.61725,1.6173,0.20,0.20
2008.02.21 07:47:38.224,1.6171,1.6172,0.20,0.05
2008.02.21 07:47:38.432,1.6171,1.6172,0.20,0.05
2008.02.21 07:47:38.706,1.6171,1.6172,0.20,0.05
2008.02.21 07:47:38.913,1.6171,1.6172,0.20,0.05
2008.02.21 07:47:39.124,1.61715,1.61725,0.20,0.05
2008.02.21 07:47:39.287,1.61715,1.61725,0.20,0.05
2008.02.21 07:47:39.449,1.61715,1.61725,0.20,0.05
2008.02.21 07:47:39.613,1.61715,1.61725,0.20,0.05
2008.02.21 07:47:39.776,1.61715,1.61725,0.20,0.05
2008.02.21 07:47:39.952,1.61715,1.61725,0.20,0.05
2008.02.21 07:47:40.116,1.61715,1.61725,0.20,0.05
2008.02.21 07:47:40.300,1.61715,1.61725,0.20,0.05
2008.02.21 07:47:40.483,1.61715,1.61725,0.20,0.05
2008.02.21 07:47:40.872,1.61725,1.6173,0.20,0.20
2008.02.21 07:47:41.056,1.61725,1.61735,0.20,0.05
2008.02.21 07:47:41.240,1.6173,1.6174,0.20,0.60
2008.02.21 07:47:41.459,1.6173,1.6174,0.20,0.60
2008.02.21 07:47:41.678,1.61725,1.61735,0.20,0.05
2008.02.21 07:47:41.897,1.61725,1.61735,0.20,0.05
2008.02.21 07:47:42.139,1.61725,1.61735,0.20,0.05
2008.02.21 07:47:42.357,1.61725,1.61735,0.20,0.05
2008.02.21 07:47:42.471,1.61725,1.61735,0.20,0.05
2008.02.21 07:47:42.595,1.61725,1.61735,0.20,0.05
2008.02.21 07:47:42.698,1.61715,1.61725,0.20,0.05
2008.02.21 07:47:42.812,1.61715,1.61725,0.20,0.05
2008.02.21 07:47:42.947,1.61715,1.61725,0.20,0.05
2008.02.21 07:47:43.150,1.61715,1.61725,0.20,0.05
2008.02.21 07:47:43.668,1.61715,1.61725,0.20,0.05
2008.02.21 07:47:44.603,1.6172,1.6173,0.20,0.05
2008.02.21 07:47:44.757,1.6172,1.6173,0.20,0.05
2008.02.21 07:47:44.911,1.6172,1.6173,0.20,0.05
2008.02.21 07:47:45.064,1.6172,1.6173,0.20,0.05
2008.02.21 07:47:45.217,1.6172,1.6173,0.20,0.05
2008.02.21 07:47:45.511,1.6172,1.6173,0.20,0.05
2008.02.21 07:47:45.804,1.6172,1.6173,0.20,0.05
2008.02.21 07:47:46.179,1.6172,1.6173,0.20,0.05
2008.02.21 07:47:46.475,1.6172,1.6173,0.20,0.05
2008.02.21 07:47:46.704,1.6172,1.6173,0.20,0.05
2008.02.21 07:47:46.997,1.6172,1.6173,0.20,0.05
2008.02.21 07:47:47.132,1.61715,1.61725,0.20,0.05
2008.02.21 07:47:47.266,1.61715,1.61725,0.20,0.05
2008.02.21 07:47:47.426,1.61715,1.61725,0.20,0.05
2008.02.21 07:47:47.722,1.61715,1.61725,0.20,0.05
2008.02.21 07:47:48.138,1.61715,1.61725,0.20,0.05
2008.02.21 07:47:48.965,1.61715,1.61725,0.20,0.05
2008.02.21 07:47:49.169,1.61715,1.61725,0.20,0.05
2008.02.21 07:47:49.342,1.61715,1.61725,0.20,0.05
2008.02.21 07:47:49.516,1.6171,1.6172,0.20,0.05
2008.02.21 07:47:49.630,1.6171,1.6172,0.20,0.05
2008.02.21 07:47:49.743,1.6171,1.6172,0.20,0.05
2008.02.21 07:47:49.856,1.6171,1.6172,0.20,0.05
2008.02.21 07:47:49.969,1.6171,1.6172,0.20,0.05
2008.02.21 07:47:50.161,1.6171,1.6172,0.20,0.05
2008.02.21 07:47:50.275,1.6171,1.6172,0.20,0.05
2008.02.21 07:47:50.388,1.6171,1.6172,0.20,0.05
2008.02.21 07:47:50.586,1.6171,1.6172,0.20,0.05
2008.02.21 07:47:51.335,1.61715,1.61725,0.20,0.05
2008.02.21 07:47:51.535,1.61715,1.61725,0.20,0.05
2008.02.21 07:47:51.699,1.61715,1.61725,0.20,0.05
2008.02.21 07:47:51.861,1.61715,1.61725,0.20,0.05
2008.02.21 07:47:52.025,1.61715,1.61725,0.20,0.05
2008.02.21 07:47:52.188,1.61715,1.61725,0.20,0.05
2008.02.21 07:47:52.352,1.61715,1.61725,0.20,0.05
2008.02.21 07:47:52.515,1.61715,1.61725,0.20,0.05
2008.02.21 07:47:52.684,1.61715,1.61725,0.20,0.05
2008.02.21 07:47:52.852,1.6171,1.6172,0.20,0.05
2008.02.21 07:47:53.022,1.6171,1.6172,0.20,0.05
2008.02.21 07:47:53.228,1.6171,1.6172,0.20,0.05
2008.02.21 07:47:53.636,1.6171,1.6172,0.20,0.05
2008.02.21 07:47:53.960,1.6171,1.6172,0.20,0.05
2008.02.21 07:47:54.185,1.6171,1.6172,0.20,0.05
2008.02.21 07:47:54.410,1.6171,1.6172,0.20,0.05
2008.02.21 07:47:54.633,1.6171,1.6172,0.20,0.05
2008.02.21 07:47:54.827,1.6171,1.6172,0.20,0.20
2008.02.21 07:47:55.021,1.6171,1.6172,0.20,0.20
2008.02.21 07:47:55.224,1.6171,1.6172,0.20,0.20
2008.02.21 07:47:55.408,1.6171,1.6172,0.20,0.20
2008.02.21 07:47:55.925,1.6171,1.6172,0.20,0.20
2008.02.21 07:47:57.160,1.6171,1.6172,0.20,0.20
2008.02.21 07:47:57.320,1.6171,1.6172,0.20,0.05
2008.02.21 07:47:57.478,1.6171,1.6172,0.20,0.05
2008.02.21 07:47:57.636,1.6171,1.6172,0.20,0.05
2008.02.21 07:47:57.841,1.61715,1.61725,0.20,0.05
2008.02.21 07:47:58.045,1.61715,1.61725,0.20,0.05
2008.02.21 07:47:58.249,1.61715,1.61725,0.20,0.05
2008.02.21 07:47:58.460,1.61715,1.61725,0.20,0.05
2008.02.21 07:47:58.664,1.6172,1.6173,0.20,0.50
2008.02.21 07:47:59.298,1.6172,1.6173,0.20,0.60
2008.02.21 07:47:59.431,1.6172,1.6173,0.20,0.70
2008.02.21 07:47:59.620,1.6172,1.6173,0.20,0.50
2008.02.21 07:47:59.689,1.6171,1.6172,0.20,0.05
2008.02.21 07:47:59.758,1.6171,1.6172,0.20,0.05
2008.02.21 07:47:59.828,1.6171,1.6172,0.20,0.05
2008.02.21 07:47:59.897,1.6171,1.6172,0.20,0.05
2008.02.21 07:47:59.966,1.6171,1.6172,0.20,0.05
2008.02.21 07:48:00.033,1.6171,1.6172,0.40,0.05
2008.02.21 07:48:00.102,1.6171,1.6172,0.40,0.05
2008.02.21 07:48:00.171,1.61715,1.61725,0.20,0.05
2008.02.21 07:48:00.250,1.61715,1.61725,0.20,0.05
2008.02.21 07:48:00.318,1.61715,1.61725,0.20,0.05
2008.02.21 07:48:00.478,1.61715,1.61725,0.20,0.05
2008.02.21 07:48:00.547,1.61715,1.61725,0.20,0.05
2008.02.21 07:48:00.684,1.61715,1.61725,0.20,0.05
2008.02.21 07:48:00.997,1.61715,1.61725,0.20,0.05
2008.02.21 07:48:01.300,1.61715,1.61725,0.20,0.05
2008.02.21 07:48:02.437,1.61715,1.61725,0.20,0.05
2008.02.21 07:48:02.634,1.6171,1.6172,0.40,0.05
2008.02.21 07:48:02.748,1.6171,1.6172,0.20,0.05
2008.02.21 07:48:02.952,1.6171,1.6172,0.40,0.05
2008.02.21 07:48:03.155,1.6171,1.6172,0.40,0.05
2008.02.21 07:48:03.360,1.61715,1.61725,0.20,0.05
2008.02.21 07:48:03.577,1.6172,1.6173,0.20,0.20
2008.02.21 07:48:03.780,1.61715,1.61725,0.20,0.05
2008.02.21 07:48:03.904,1.61715,1.61725,0.20,0.05
2008.02.21 07:48:04.027,1.61715,1.61725,0.20,0.05
2008.02.21 07:48:04.151,1.6171,1.6172,0.40,0.05
2008.02.21 07:48:04.274,1.6171,1.6172,0.40,0.05
2008.02.21 07:48:04.431,1.6171,1.6172,0.40,0.05
2008.02.21 07:48:04.644,1.6171,1.6172,0.40,0.05
2008.02.21 07:48:04.958,1.6171,1.6172,0.40,0.05
2008.02.21 07:48:05.162,1.6171,1.6172,0.40,0.05
2008.02.21 07:48:06.193,1.6171,1.6172,0.40,0.05
2008.02.21 07:48:06.872,1.6171,1.61715,0.20,0.05
2008.02.21 07:48:07.000,1.6171,1.61715,0.20,0.05
2008.02.21 07:48:07.123,1.6171,1.61715,0.20,0.05
2008.02.21 07:48:07.247,1.61705,1.61715,4.10,0.05
2008.02.21 07:48:07.371,1.61705,1.61715,0.20,0.05
2008.02.21 07:48:07.496,1.61705,1.61715,0.20,0.05
2008.02.21 07:48:07.619,1.61705,1.61715,0.20,0.05
2008.02.21 07:48:07.742,1.61705,1.61715,0.20,0.05
2008.02.21 07:48:07.866,1.61705,1.61715,0.20,0.05
2008.02.21 07:48:07.989,1.6171,1.61715,0.20,0.05
2008.02.21 07:48:08.154,1.6171,1.6172,0.40,0.05
2008.02.21 07:48:08.318,1.6171,1.6172,0.40,0.05
2008.02.21 07:48:08.481,1.6171,1.6172,0.40,0.20
2008.02.21 07:48:08.644,1.6171,1.6172,0.40,0.20
2008.02.21 07:48:08.808,1.6171,1.6172,0.40,0.20
2008.02.21 07:48:08.972,1.6171,1.6172,0.40,0.20
2008.02.21 07:48:09.136,1.6171,1.6172,0.40,0.20
2008.02.21 07:48:09.343,1.6171,1.6172,0.40,0.20
2008.02.21 07:48:09.553,1.61705,1.61715,0.20,0.05
2008.02.21 07:48:09.762,1.617,1.6171,0.40,0.05
2008.02.21 07:48:09.981,1.617,1.6171,0.40,0.05
2008.02.21 07:48:10.180,1.617,1.6171,0.40,0.05
2008.02.21 07:48:10.377,1.617,1.6171,0.40,0.05
2008.02.21 07:48:10.618,1.617,1.61705,0.20,0.05
2008.02.21 07:48:10.722,1.617,1.61705,0.20,0.05
2008.02.21 07:48:10.827,1.617,1.61705,0.20,0.05
2008.02.21 07:48:10.937,1.61695,1.61705,4.90,0.05
2008.02.21 07:48:11.041,1.61695,1.61705,0.90,0.05
2008.02.21 07:48:11.144,1.61695,1.61705,0.20,0.05
2008.02.21 07:48:11.468,1.61695,1.61705,8.10,0.05
2008.02.21 07:48:11.793,1.6171,1.61715,0.20,0.80
2008.02.21 07:48:12.120,1.61695,1.61705,12.90,0.05
2008.02.21 07:48:12.328,1.61695,1.61705,0.20,0.05
2008.02.21 07:48:12.536,1.61695,1.61705,0.20,0.05
2008.02.21 07:48:13.164,1.61695,1.61705,0.20,0.05
2008.02.21 07:48:13.372,1.61695,1.61705,0.20,0.05
2008.02.21 07:48:13.546,1.61695,1.61705,0.20,0.05
2008.02.21 07:48:13.719,1.6169,1.617,0.20,0.05
2008.02.21 07:48:13.891,1.6169,1.617,0.20,0.05
2008.02.21 07:48:14.194,1.6169,1.617,4.10,0.05
2008.02.21 07:48:14.400,1.617,1.6171,4.00,0.20
2008.02.21 07:48:14.813,1.617,1.6171,4.00,0.20
2008.02.21 07:48:14.940,1.6169,1.617,0.20,0.05
2008.02.21 07:48:15.959,1.6169,1.617,0.20,0.05
2008.02.21 07:48:16.633,1.617,1.6171,0.20,0.20
2008.02.21 07:48:16.727,1.617,1.6171,0.20,0.05
2008.02.21 07:48:16.821,1.617,1.6171,0.20,0.05
2008.02.21 07:48:16.919,1.617,1.6171,0.20,0.05
2008.02.21 07:48:17.013,1.617,1.6171,0.20,0.05
2008.02.21 07:48:17.107,1.617,1.6171,0.20,0.05
2008.02.21 07:48:17.201,1.617,1.6171,0.20,0.05
2008.02.21 07:48:17.378,1.617,1.6171,0.20,0.05
2008.02.21 07:48:17.472,1.617,1.6171,0.20,0.20
2008.02.21 07:48:17.567,1.617,1.61705,0.20,0.70
2008.02.21 07:48:17.735,1.61685,1.61695,4.10,0.05
2008.02.21 07:48:17.904,1.61685,1.61695,0.20,0.05
2008.02.21 07:48:18.404,1.61685,1.61695,0.20,0.05
2008.02.21 07:48:18.572,1.61685,1.61695,0.20,0.05
2008.02.21 07:48:18.774,1.61685,1.61695,0.20,0.05
2008.02.21 07:48:20.643,1.61685,1.61695,0.20,0.05
2008.02.21 07:48:20.847,1.6168,1.6169,0.40,0.05
2008.02.21 07:48:21.051,1.6168,1.6169,0.40,0.05
2008.02.21 07:48:21.666,1.6168,1.6169,0.40,0.05
2008.02.21 07:48:22.492,1.6168,1.6169,0.40,0.05
2008.02.21 07:48:23.224,1.6168,1.6169,0.40,0.05
2008.02.21 07:48:23.426,1.6168,1.6169,0.40,0.05
2008.02.21 07:48:23.933,1.6169,1.617,0.20,0.20
2008.02.21 07:48:24.071,1.6169,1.617,0.20,0.20
2008.02.21 07:48:24.208,1.6169,1.617,0.20,0.20
2008.02.21 07:48:24.347,1.6169,1.617,0.40,0.20
2008.02.21 07:48:24.493,1.6169,1.617,0.40,0.05
2008.02.21 07:48:24.633,1.6169,1.617,0.40,0.05
2008.02.21 07:48:24.772,1.6169,1.617,0.40,0.05
2008.02.21 07:48:25.047,1.6169,1.617,0.40,0.20
2008.02.21 07:48:25.322,1.6169,1.617,0.40,0.20
2008.02.21 07:48:25.596,1.6169,1.617,0.40,0.20
2008.02.21 07:48:25.871,1.61685,1.61695,0.20,0.05
2008.02.21 07:48:26.059,1.61685,1.61695,0.20,0.05
2008.02.21 07:48:26.531,1.61685,1.61695,0.20,0.05
2008.02.21 07:48:26.738,1.61685,1.61695,0.20,0.05
2008.02.21 07:48:26.925,1.61685,1.61695,0.20,0.05
2008.02.21 07:48:27.065,1.61685,1.61695,0.20,0.05
2008.02.21 07:48:27.203,1.61685,1.61695,0.20,0.05
2008.02.21 07:48:27.467,1.61685,1.61695,0.20,0.05
2008.02.21 07:48:27.618,1.6169,1.61695,0.20,0.05
2008.02.21 07:48:27.747,1.6169,1.617,0.40,0.20
2008.02.21 07:48:28.100,1.6169,1.617,0.40,0.20
2008.02.21 07:48:28.433,1.61705,1.6172,0.20,0.05
2008.02.21 07:48:28.765,1.61705,1.61715,0.20,0.05
2008.02.21 07:48:29.103,1.61705,1.61715,0.20,0.05
2008.02.21 07:48:29.241,1.61705,1.61715,0.20,0.05
2008.02.21 07:48:29.402,1.61705,1.61715,0.20,0.05
2008.02.21 07:48:29.541,1.61705,1.61715,0.20,0.05
2008.02.21 07:48:29.680,1.617,1.6171,0.20,0.05
2008.02.21 07:48:29.818,1.617,1.6171,0.20,0.05
2008.02.21 07:48:30.274,1.617,1.6171,0.20,0.05
2008.02.21 07:48:30.418,1.617,1.6171,0.20,0.05
2008.02.21 07:48:30.562,1.617,1.6171,0.40,0.05
2008.02.21 07:48:30.705,1.6171,1.6172,0.20,0.05
2008.02.21 07:48:30.852,1.6171,1.6172,0.20,0.05
2008.02.21 07:48:30.998,1.6172,1.6173,0.20,1.80
2008.02.21 07:48:31.138,1.6171,1.61715,0.20,0.05
2008.02.21 07:48:31.277,1.61705,1.61715,7.30,0.05
2008.02.21 07:48:31.417,1.61705,1.61715,1.70,0.05
2008.02.21 07:48:31.555,1.61705,1.61715,1.70,0.05
2008.02.21 07:48:31.694,1.61705,1.61715,1.70,0.05
2008.02.21 07:48:31.831,1.61705,1.61715,0.20,0.05
2008.02.21 07:48:31.969,1.61705,1.61715,0.20,0.05
2008.02.21 07:48:32.117,1.61705,1.61715,0.20,0.05
2008.02.21 07:48:32.308,1.61705,1.61715,0.20,0.05
2008.02.21 07:48:32.496,1.61705,1.61715,0.20,0.05
2008.02.21 07:48:32.685,1.61705,1.61715,0.20,0.05
2008.02.21 07:48:33.271,1.61705,1.61715,0.20,0.05
2008.02.21 07:48:33.345,1.617,1.61705,0.20,0.05
2008.02.21 07:48:33.420,1.61695,1.61705,4.90,0.05
2008.02.21 07:48:33.493,1.61695,1.61705,0.20,0.05
2008.02.21 07:48:33.572,1.61695,1.61705,0.20,0.05
2008.02.21 07:48:33.679,1.61695,1.61705,0.20,0.05
2008.02.21 07:48:33.753,1.61695,1.61705,0.20,0.05
2008.02.21 07:48:33.907,1.61695,1.61705,0.20,0.05
2008.02.21 07:48:34.041,1.6171,1.61715,0.20,8.90
2008.02.21 07:48:34.202,1.6171,1.61715,0.20,8.90
2008.02.21 07:48:34.276,1.6171,1.6172,0.20,1.80
2008.02.21 07:48:34.349,1.6171,1.6172,0.20,1.80
2008.02.21 07:48:34.503,1.6171,1.6172,0.20,0.20
2008.02.21 07:48:34.656,1.6171,1.6172,0.20,0.20
2008.02.21 07:48:34.809,1.6171,1.6172,0.20,0.20
2008.02.21 07:48:34.962,1.6171,1.6172,0.40,0.20
2008.02.21 07:48:35.116,1.6171,1.6172,0.40,0.20
2008.02.21 07:48:35.269,1.6171,1.6172,0.40,0.20
2008.02.21 07:48:35.427,1.6171,1.6172,0.40,0.20
2008.02.21 07:48:35.555,1.6171,1.6172,0.40,0.20
2008.02.21 07:48:35.748,1.6171,1.6172,0.40,0.20
2008.02.21 07:48:35.951,1.6171,1.6172,0.40,0.20
2008.02.21 07:48:36.120,1.6171,1.6172,0.40,0.20
2008.02.21 07:48:36.248,1.6171,1.6172,0.40,0.20
2008.02.21 07:48:36.484,1.6171,1.6172,0.40,0.20
2008.02.21 07:48:36.777,1.6171,1.6172,0.40,0.20
2008.02.21 07:48:37.071,1.6171,1.61715,0.20,6.40
2008.02.21 07:48:37.366,1.61695,1.61705,0.20,2.40
2008.02.21 07:48:37.660,1.61695,1.61705,0.20,2.40
2008.02.21 07:48:37.814,1.61695,1.61705,1.70,2.50
2008.02.21 07:48:37.977,1.61695,1.61705,1.70,1.90
2008.02.21 07:48:38.121,1.61695,1.61705,1.70,1.90
2008.02.21 07:48:38.274,1.61695,1.61705,1.70,1.90
2008.02.21 07:48:38.438,1.61695,1.61705,1.70,1.90
2008.02.21 07:48:38.636,1.617,1.61705,0.20,1.90
2008.02.21 07:48:38.835,1.617,1.61705,0.20,1.90
2008.02.21 07:48:38.980,1.617,1.61705,0.20,1.90
2008.02.21 07:48:39.043,1.617,1.61705,0.20,1.90
2008.02.21 07:48:39.241,1.6169,1.61695,0.30,0.40
2008.02.21 07:48:39.439,1.6169,1.61695,0.30,0.40
2008.02.21 07:48:39.638,1.6169,1.61695,0.30,0.40
2008.02.21 07:48:39.791,1.6169,1.61695,0.30,0.40
2008.02.21 07:48:39.945,1.6169,1.61695,0.30,0.40
2008.02.21 07:48:40.225,1.6169,1.61695,0.30,0.40
2008.02.21 07:48:40.751,1.6169,1.61695,0.30,0.40
2008.02.21 07:48:41.397,1.6169,1.61695,0.30,0.40
2008.02.21 07:48:41.527,1.6169,1.61695,0.30,0.40
2008.02.21 07:48:41.656,1.61695,1.61705,0.20,1.90
2008.02.21 07:48:41.796,1.6169,1.61695,0.30,0.40
2008.02.21 07:48:41.984,1.6169,1.61695,0.30,0.40
2008.02.21 07:48:42.188,1.6169,1.61695,0.30,0.40
2008.02.21 07:48:42.695,1.6169,1.61695,0.30,0.40
2008.02.21 07:48:42.999,1.6169,1.61695,0.30,0.40
2008.02.21 07:48:43.533,1.6169,1.61695,0.30,0.40
2008.02.21 07:48:43.731,1.6169,1.61695,0.30,0.40
2008.02.21 07:48:43.884,1.617,1.61705,0.20,1.90
2008.02.21 07:48:44.037,1.617,1.61705,0.20,1.90
2008.02.21 07:48:44.191,1.617,1.61705,0.20,1.90
2008.02.21 07:48:44.344,1.6169,1.61695,0.30,0.40
2008.02.21 07:48:44.497,1.6169,1.61695,0.30,0.40
2008.02.21 07:48:44.650,1.6169,1.61695,0.30,0.40
2008.02.21 07:48:45.188,1.6169,1.61695,0.30,0.40
2008.02.21 07:48:45.505,1.6169,1.61695,0.30,0.40
2008.02.21 07:48:45.883,1.6169,1.61695,0.30,0.40
2008.02.21 07:48:45.977,1.617,1.61705,0.40,1.90
2008.02.21 07:48:46.071,1.6171,1.6172,0.20,1.80
2008.02.21 07:48:46.164,1.6171,1.6172,0.20,1.80
2008.02.21 07:48:46.258,1.6171,1.6172,0.40,0.20
2008.02.21 07:48:46.351,1.6171,1.6172,0.40,0.20
2008.02.21 07:48:46.445,1.6171,1.6172,0.20,0.20
2008.02.21 07:48:46.538,1.617,1.61705,0.30,0.40
2008.02.21 07:48:46.746,1.617,1.61705,0.30,0.40
2008.02.21 07:48:46.983,1.617,1.61705,0.30,0.40
2008.02.21 07:48:47.162,1.617,1.61705,0.30,0.40
2008.02.21 07:48:47.673,1.617,1.61705,0.30,0.40
2008.02.21 07:48:47.926,1.617,1.61705,0.30,0.40
2008.02.21 07:48:48.015,1.61705,1.61715,0.20,0.05
2008.02.21 07:48:48.144,1.617,1.61705,0.20,0.40
2008.02.21 07:48:48.231,1.617,1.61705,0.20,0.40
2008.02.21 07:48:48.320,1.61695,1.61705,0.20,0.40
2008.02.21 07:48:48.504,1.61695,1.61705,0.20,0.40
2008.02.21 07:48:48.593,1.61695,1.61705,0.20,0.40
2008.02.21 07:48:48.700,1.61695,1.61705,0.20,0.40
2008.02.21 07:48:48.927,1.61695,1.61705,0.20,0.40
2008.02.21 07:48:49.272,1.61695,1.61705,0.20,0.40
2008.02.21 07:48:49.751,1.61695,1.61705,0.20,0.40
2008.02.21 07:48:50.084,1.61695,1.61705,0.20,0.40
2008.02.21 07:48:50.263,1.61695,1.61705,0.20,0.40
2008.02.21 07:48:50.495,1.61695,1.61705,0.20,0.40
2008.02.21 07:48:50.695,1.61695,1.61705,0.20,0.40
2008.02.21 07:48:51.208,1.61695,1.61705,0.20,0.40
2008.02.21 07:48:51.481,1.61695,1.61705,0.20,0.40
2008.02.21 07:48:51.754,1.61695,1.61705,0.20,0.40
2008.02.21 07:48:52.659,1.61695,1.61705,0.20,0.40
2008.02.21 07:48:52.822,1.61695,1.61705,0.20,0.40
2008.02.21 07:48:53.181,1.61695,1.61705,0.20,0.40
2008.02.21 07:48:53.706,1.61695,1.61705,0.20,0.40
2008.02.21 07:48:53.911,1.61695,1.61705,0.20,0.40
2008.02.21 07:48:54.045,1.61695,1.61705,0.20,0.40
2008.02.21 07:48:54.292,1.617,1.61705,0.20,0.40
2008.02.21 07:48:54.522,1.617,1.61705,0.20,0.40
2008.02.21 07:48:54.762,1.617,1.61705,0.20,0.40
2008.02.21 07:48:55.000,1.617,1.61705,0.20,0.40
2008.02.21 07:48:55.184,1.617,1.61705,0.20,0.40
2008.02.21 07:48:55.369,1.617,1.61705,0.40,0.40
2008.02.21 07:48:55.553,1.617,1.61705,0.40,0.40
2008.02.21 07:48:55.737,1.61705,1.61715,0.20,0.05
2008.02.21 07:48:55.922,1.617,1.61705,0.30,0.40
2008.02.21 07:48:56.105,1.617,1.61705,0.30,0.40
2008.02.21 07:48:56.329,1.617,1.61705,0.40,0.40
2008.02.21 07:48:56.537,1.617,1.61705,0.20,0.40
2008.02.21 07:48:56.746,1.617,1.61705,0.20,0.40
2008.02.21 07:48:57.000,1.617,1.61705,0.20,0.40
2008.02.21 07:48:57.210,1.617,1.61705,0.20,0.40
2008.02.21 07:48:57.420,1.617,1.61705,0.20,0.40
2008.02.21 07:48:57.948,1.617,1.61705,0.20,0.40
2008.02.21 07:48:58.679,1.617,1.61705,0.20,0.40
2008.02.21 07:48:58.985,1.617,1.61705,0.20,0.40
2008.02.21 07:48:59.184,1.617,1.61705,0.20,0.40
2008.02.21 07:48:59.517,1.617,1.61705,0.20,0.40
2008.02.21 07:48:59.852,1.61695,1.61705,0.20,0.40
2008.02.21 07:49:00.186,1.61695,1.61705,0.20,0.40
2008.02.21 07:49:00.360,1.61695,1.61705,0.20,0.40
2008.02.21 07:49:01.891,1.61695,1.61705,0.20,0.40
2008.02.21 07:49:01.977,1.61695,1.61705,0.20,0.40
2008.02.21 07:49:02.056,1.61695,1.61705,0.20,0.40
2008.02.21 07:49:02.188,1.61695,1.61705,0.20,0.40
2008.02.21 07:49:02.266,1.61695,1.61705,0.20,0.40
2008.02.21 07:49:02.494,1.61695,1.61705,0.20,0.40
2008.02.21 07:49:02.705,1.61695,1.61705,0.20,0.40
2008.02.21 07:49:03.219,1.61695,1.61705,0.20,0.40
2008.02.21 07:49:03.387,1.61695,1.61705,0.20,0.40
2008.02.21 07:49:05.569,1.617,1.61705,0.20,0.40
2008.02.21 07:49:05.728,1.617,1.61705,0.20,0.40
2008.02.21 07:49:05.910,1.617,1.61705,0.20,0.40
2008.02.21 07:49:06.068,1.617,1.61705,0.20,0.40
2008.02.21 07:49:07.044,1.617,1.61705,0.20,0.40
2008.02.21 07:49:07.671,1.617,1.61705,0.20,0.40
2008.02.21 07:49:07.954,1.617,1.61705,0.20,0.40
2008.02.21 07:49:08.087,1.617,1.61705,0.20,0.40
2008.02.21 07:49:08.221,1.61695,1.61705,0.20,0.40
2008.02.21 07:49:08.713,1.61695,1.61705,0.20,0.40
2008.02.21 07:49:09.432,1.61695,1.61705,0.20,0.40
2008.02.21 07:49:10.175,1.61695,1.61705,0.20,0.40
2008.02.21 07:49:11.940,1.61695,1.61705,0.20,0.40
2008.02.21 07:49:12.143,1.61695,1.61705,0.20,0.40
2008.02.21 07:49:12.261,1.617,1.61705,0.20,0.40
2008.02.21 07:49:12.380,1.617,1.61705,0.20,0.40
2008.02.21 07:49:12.501,1.617,1.61705,0.40,0.40
2008.02.21 07:49:12.655,1.617,1.6171,0.40,0.05
2008.02.21 07:49:12.774,1.617,1.6171,0.40,0.05
2008.02.21 07:49:12.867,1.617,1.6171,0.20,0.05
2008.02.21 07:49:12.970,1.617,1.6171,0.20,0.05
2008.02.21 07:49:13.069,1.617,1.61705,0.20,0.40
2008.02.21 07:49:13.163,1.617,1.61705,0.20,0.40
2008.02.21 07:49:13.388,1.617,1.6171,0.20,0.05
2008.02.21 07:49:13.483,1.617,1.6171,0.20,0.05
2008.02.21 07:49:14.603,1.61695,1.61705,0.60,0.05
2008.02.21 07:49:14.854,1.61695,1.61705,0.20,0.05
2008.02.21 07:49:14.959,1.61695,1.61705,0.20,0.05
2008.02.21 07:49:15.063,1.61695,1.61705,0.20,0.05
2008.02.21 07:49:15.441,1.61695,1.61705,0.20,0.05
2008.02.21 07:49:16.714,1.61695,1.61705,0.20,0.05
2008.02.21 07:49:17.929,1.617,1.61705,0.20,0.05
2008.02.21 07:49:18.062,1.617,1.61705,0.20,0.05
2008.02.21 07:49:18.197,1.617,1.61705,0.20,0.05
2008.02.21 07:49:18.330,1.617,1.61705,0.20,0.05
2008.02.21 07:49:18.599,1.617,1.6171,0.20,0.05
2008.02.21 07:49:20.917,1.617,1.61705,0.20,0.05
2008.02.21 07:49:21.064,1.61695,1.61705,0.20,0.05
2008.02.21 07:49:21.208,1.61695,1.61705,0.20,0.05
2008.02.21 07:49:21.386,1.61695,1.61705,0.20,0.05
2008.02.21 07:49:21.566,1.61695,1.61705,0.20,0.05
2008.02.21 07:49:21.744,1.617,1.6171,0.20,0.05
2008.02.21 07:49:21.924,1.617,1.6171,0.20,0.05
2008.02.21 07:49:22.103,1.617,1.6171,0.20,0.05
2008.02.21 07:49:22.388,1.617,1.6171,0.40,0.05
2008.02.21 07:49:22.671,1.617,1.6171,0.40,0.05
2008.02.21 07:49:22.955,1.617,1.6171,0.40,0.05
2008.02.21 07:49:23.239,1.61705,1.61715,0.20,0.05
2008.02.21 07:49:23.413,1.61705,1.61715,0.20,0.05
2008.02.21 07:49:23.587,1.61705,1.61715,0.20,0.05
2008.02.21 07:49:23.761,1.61705,1.61715,0.20,0.05
2008.02.21 07:49:24.682,1.61705,1.61715,0.20,0.05
2008.02.21 07:49:24.884,1.61705,1.61715,0.20,0.05
2008.02.21 07:49:25.039,1.61705,1.61715,0.20,0.05
2008.02.21 07:49:25.192,1.617,1.6171,0.40,0.05
2008.02.21 07:49:25.345,1.617,1.6171,0.40,0.05
2008.02.21 07:49:25.523,1.617,1.6171,0.40,0.05
2008.02.21 07:49:26.760,1.617,1.6171,0.40,0.05
2008.02.21 07:49:29.375,1.617,1.6171,0.40,0.05
2008.02.21 07:49:29.415,1.617,1.6171,0.40,0.05
2008.02.21 07:49:30.642,1.617,1.6171,0.40,0.05
2008.02.21 07:49:30.706,1.617,1.6171,0.40,0.20
2008.02.21 07:49:31.637,1.617,1.6171,0.40,0.05
2008.02.21 07:49:31.703,1.61705,1.61715,0.20,4.00
2008.02.21 07:49:31.833,1.61705,1.61715,0.20,0.05
2008.02.21 07:49:31.960,1.61705,1.61715,0.20,0.05
2008.02.21 07:49:32.088,1.61705,1.61715,0.20,0.05
2008.02.21 07:49:32.280,1.61705,1.61715,0.20,0.05
2008.02.21 07:49:32.431,1.61705,1.61715,0.20,0.05
2008.02.21 07:49:33.246,1.61705,1.61715,0.20,0.05
2008.02.21 07:49:33.364,1.61705,1.61715,0.20,0.05
2008.02.21 07:49:33.558,1.61705,1.61715,0.20,0.05
2008.02.21 07:49:34.490,1.61705,1.61715,0.20,0.05
2008.02.21 07:49:34.752,1.61705,1.61715,0.20,0.05
2008.02.21 07:49:34.956,1.61705,1.61715,0.20,0.05
2008.02.21 07:49:36.188,1.61705,1.61715,0.20,0.05
2008.02.21 07:49:36.495,1.61705,1.61715,0.20,0.05
2008.02.21 07:49:37.441,1.61705,1.61715,0.20,0.05
2008.02.21 07:49:37.761,1.6171,1.61715,0.20,0.05
2008.02.21 07:49:37.954,1.61705,1.61715,4.10,0.05
2008.02.21 07:49:38.148,1.61705,1.61715,0.20,0.05
2008.02.21 07:49:38.343,1.61705,1.61715,0.20,0.05
2008.02.21 07:49:38.546,1.61705,1.61715,0.20,0.05
2008.02.21 07:49:38.740,1.6171,1.61715,0.20,0.05
2008.02.21 07:49:38.909,1.6171,1.61715,0.20,0.05
2008.02.21 07:49:39.077,1.6171,1.61715,0.20,0.05
2008.02.21 07:49:39.246,1.61705,1.61715,0.20,0.05
2008.02.21 07:49:39.414,1.61705,1.61715,0.20,0.05
2008.02.21 07:49:39.584,1.61705,1.61715,0.20,0.05
2008.02.21 07:49:39.801,1.61705,1.61715,0.20,0.05
2008.02.21 07:49:40.429,1.61705,1.61715,0.20,0.05
2008.02.21 07:49:40.688,1.61705,1.61715,0.20,0.05
2008.02.21 07:49:41.148,1.61705,1.61715,0.20,0.05
2008.02.21 07:49:41.322,1.61705,1.61715,0.20,0.05
2008.02.21 07:49:41.700,1.61705,1.61715,0.20,0.05
2008.02.21 07:49:42.471,1.61705,1.61715,0.20,0.05
2008.02.21 07:49:42.555,1.61705,1.61715,0.20,0.05
2008.02.21 07:49:42.700,1.61705,1.61715,0.20,0.05
2008.02.21 07:49:42.785,1.61705,1.61715,0.20,0.05
2008.02.21 07:49:42.909,1.61705,1.61715,0.20,0.05
2008.02.21 07:49:43.082,1.61705,1.61715,0.20,0.05
2008.02.21 07:49:43.255,1.61705,1.61715,0.20,0.05
2008.02.21 07:49:43.429,1.61705,1.61715,0.20,0.05
2008.02.21 07:49:43.605,1.61705,1.61715,0.20,0.05
2008.02.21 07:49:43.779,1.61705,1.61715,0.20,0.05
2008.02.21 07:49:43.967,1.61705,1.61715,0.20,0.05
2008.02.21 07:49:44.191,1.61705,1.61715,0.20,0.05
2008.02.21 07:49:44.414,1.61705,1.61715,0.20,0.05
2008.02.21 07:49:44.639,1.61705,1.61715,0.20,0.05
2008.02.21 07:49:44.864,1.61705,1.61715,0.20,0.05
2008.02.21 07:49:45.087,1.61705,1.61715,0.20,0.05
2008.02.21 07:49:45.111,1.61705,1.61715,0.20,0.05
2008.02.21 07:49:45.312,1.61705,1.61715,0.20,0.05
2008.02.21 07:49:45.535,1.61705,1.61715,0.20,0.05
2008.02.21 07:49:46.249,1.61705,1.61715,0.20,0.05
2008.02.21 07:49:47.202,1.61705,1.61715,0.20,0.05
2008.02.21 07:49:47.510,1.61705,1.61715,0.20,0.05
2008.02.21 07:49:47.717,1.61705,1.61715,0.20,0.05
2008.02.21 07:49:48.239,1.61705,1.61715,0.20,0.05
2008.02.21 07:49:48.745,1.61705,1.61715,0.20,0.05
2008.02.21 07:49:50.701,1.61705,1.61715,0.20,0.05
2008.02.21 07:49:50.934,1.61705,1.61715,0.20,0.05
2008.02.21 07:49:51.048,1.61705,1.61715,0.20,0.05
2008.02.21 07:49:51.281,1.61705,1.61715,0.20,0.05
2008.02.21 07:49:51.678,1.61705,1.61715,0.20,0.05
2008.02.21 07:49:51.911,1.61705,1.61715,0.20,0.05
2008.02.21 07:49:52.150,1.61705,1.61715,0.20,0.05
2008.02.21 07:49:52.330,1.61705,1.61715,0.20,0.05
2008.02.21 07:49:52.509,1.6171,1.61715,0.20,0.05
2008.02.21 07:49:52.688,1.6171,1.6172,0.40,0.05
2008.02.21 07:49:52.867,1.6171,1.6172,0.40,0.05
2008.02.21 07:49:53.152,1.6171,1.6172,0.40,0.05
2008.02.21 07:49:53.321,1.6171,1.6172,0.40,0.20
2008.02.21 07:49:53.489,1.6171,1.6172,0.40,0.20
2008.02.21 07:49:53.729,1.6171,1.6172,0.40,0.20
2008.02.21 07:49:54.766,1.6171,1.6172,0.40,0.20
2008.02.21 07:49:55.017,1.6171,1.6172,0.40,0.20
2008.02.21 07:49:55.461,1.6171,1.6172,0.20,0.20
2008.02.21 07:49:55.627,1.61705,1.61715,0.20,0.05
2008.02.21 07:49:55.791,1.61705,1.61715,0.20,0.05
2008.02.21 07:49:55.956,1.6171,1.6172,0.20,0.20
2008.02.21 07:49:56.120,1.6171,1.6172,0.20,0.20
2008.02.21 07:49:56.284,1.6171,1.6172,0.20,0.20
2008.02.21 07:49:56.455,1.6171,1.6172,0.40,0.20
2008.02.21 07:49:56.694,1.6171,1.6172,0.40,0.20
2008.02.21 07:49:56.932,1.6171,1.6172,0.40,0.20
2008.02.21 07:49:57.237,1.6171,1.6172,0.40,0.20
2008.02.21 07:49:57.488,1.6171,1.6172,0.20,0.20
2008.02.21 07:49:57.626,1.6171,1.6172,0.20,0.20
2008.02.21 07:49:57.775,1.61705,1.61715,0.20,0.05
2008.02.21 07:49:57.933,1.61705,1.61715,0.20,0.05
2008.02.21 07:49:58.082,1.6171,1.6172,0.20,0.20
2008.02.21 07:49:58.241,1.6171,1.6172,0.20,0.20
2008.02.21 07:49:58.421,1.6171,1.6172,0.20,0.20
2008.02.21 07:49:58.570,1.6171,1.6172,0.20,0.20
2008.02.21 07:49:58.820,1.6171,1.6172,0.20,0.20
2008.02.21 07:49:59.069,1.6171,1.6172,0.20,0.20
2008.02.21 07:49:59.319,1.6171,1.6172,0.40,0.20
2008.02.21 07:49:59.566,1.6171,1.6172,0.40,0.20
2008.02.21 07:49:59.736,1.6171,1.6172,0.20,0.20
2008.02.21 07:49:59.905,1.6171,1.6172,0.20,0.20
2008.02.21 07:50:00.075,1.6171,1.6172,0.20,0.20
2008.02.21 07:50:01.763,1.6171,1.6172,0.20,0.20
2008.02.21 07:50:04.607,1.61705,1.61715,0.20,0.05
2008.02.21 07:50:04.670,1.61705,1.61715,0.20,0.05
2008.02.21 07:50:04.733,1.61705,1.61715,0.20,0.05
2008.02.21 07:50:04.805,1.61705,1.61715,0.20,0.05
2008.02.21 07:50:04.860,1.6171,1.6172,0.20,0.20
2008.02.21 07:50:04.926,1.6171,1.6172,0.20,0.20
2008.02.21 07:50:04.990,1.6171,1.6172,0.20,0.20
2008.02.21 07:50:05.054,1.6171,1.6172,0.20,0.20
2008.02.21 07:50:05.117,1.6171,1.6172,0.20,0.20
2008.02.21 07:50:05.212,1.6171,1.6172,0.40,0.20
2008.02.21 07:50:05.275,1.6171,1.6172,0.40,0.20
2008.02.21 07:50:05.440,1.6171,1.6172,0.40,0.20
2008.02.21 07:50:05.682,1.6171,1.6172,0.40,0.20
2008.02.21 07:50:06.192,1.6171,1.6172,0.20,0.20
2008.02.21 07:50:06.445,1.6171,1.6172,0.20,0.20
2008.02.21 07:50:06.679,1.6171,1.6172,0.20,0.20
2008.02.21 07:50:07.125,1.617,1.61705,0.20,0.05
2008.02.21 07:50:07.324,1.61695,1.61705,4.90,0.05
2008.02.21 07:50:07.523,1.61695,1.61705,0.20,0.05
2008.02.21 07:50:07.727,1.61695,1.61705,0.20,0.05
2008.02.21 07:50:07.930,1.617,1.6171,0.20,0.20
2008.02.21 07:50:08.144,1.617,1.6171,0.20,0.05
2008.02.21 07:50:08.339,1.61695,1.61705,0.20,0.05
2008.02.21 07:50:08.542,1.61695,1.61705,0.20,0.05
2008.02.21 07:50:08.758,1.61695,1.61705,0.20,0.05
2008.02.21 07:50:08.960,1.61695,1.61705,0.20,0.05
2008.02.21 07:50:13.731,1.61695,1.61705,0.20,0.05
2008.02.21 07:50:14.244,1.61695,1.61705,0.20,0.05
2008.02.21 07:50:15.593,1.6169,1.617,0.40,0.05
2008.02.21 07:50:15.783,1.61695,1.61705,0.20,4.00
2008.02.21 07:50:15.972,1.61695,1.61705,0.20,4.00
2008.02.21 07:50:16.161,1.61695,1.61705,0.20,0.05
2008.02.21 07:50:16.346,1.6169,1.61705,0.40,0.05
2008.02.21 07:50:16.530,1.61695,1.61705,0.20,0.05
2008.02.21 07:50:16.719,1.61695,1.61705,0.20,0.05
2008.02.21 07:50:16.967,1.61695,1.61705,0.20,0.05
2008.02.21 07:50:17.238,1.61695,1.61705,0.20,0.05
2008.02.21 07:50:17.391,1.6169,1.617,0.40,0.05
2008.02.21 07:50:17.545,1.6169,1.617,0.20,0.20
2008.02.21 07:50:17.699,1.6169,1.617,0.20,0.20
2008.02.21 07:50:17.980,1.6169,1.617,0.20,0.20
2008.02.21 07:50:19.485,1.6169,1.617,0.20,0.20
2008.02.21 07:50:21.391,1.6169,1.617,0.20,0.20
2008.02.21 07:50:23.113,1.61685,1.6169,10.40,0.80
2008.02.21 07:50:23.197,1.61685,1.6169,10.40,0.80
2008.02.21 07:50:23.282,1.61685,1.6169,10.40,0.80
2008.02.21 07:50:23.366,1.61685,1.6169,10.40,0.80
2008.02.21 07:50:23.450,1.61685,1.6169,8.00,0.80
2008.02.21 07:50:23.534,1.6169,1.617,0.20,0.20
2008.02.21 07:50:23.619,1.61685,1.61695,0.20,0.05
2008.02.21 07:50:23.702,1.61685,1.6169,0.20,0.80
2008.02.21 07:50:23.785,1.61685,1.6169,0.20,0.80
2008.02.21 07:50:23.990,1.61685,1.6169,0.20,0.80
2008.02.21 07:50:24.073,1.61685,1.6169,0.20,0.80
2008.02.21 07:50:24.157,1.61685,1.6169,0.20,0.80
2008.02.21 07:50:24.344,1.61685,1.6169,0.20,0.80
2008.02.21 07:50:24.850,1.61685,1.6169,0.20,0.80
2008.02.21 07:50:25.225,1.61685,1.6169,0.20,0.80
2008.02.21 07:50:25.438,1.61685,1.6169,0.20,0.80
2008.02.21 07:50:25.883,1.61685,1.6169,0.20,0.80
2008.02.21 07:50:26.026,1.61685,1.6169,0.20,0.80
2008.02.21 07:50:26.170,1.61685,1.6169,0.20,0.80
2008.02.21 07:50:26.314,1.61685,1.6169,0.20,0.80
2008.02.21 07:50:26.457,1.6169,1.617,0.20,0.05
2008.02.21 07:50:26.601,1.6169,1.617,0.20,0.05
2008.02.21 07:50:26.745,1.6169,1.617,0.20,0.05
2008.02.21 07:50:26.889,1.61685,1.6169,0.80,0.80
2008.02.21 07:50:27.184,1.61685,1.6169,0.80,0.80
2008.02.21 07:50:27.492,1.61685,1.6169,0.80,0.80
2008.02.21 07:50:27.700,1.61685,1.6169,0.80,0.80
2008.02.21 07:50:28.991,1.61685,1.6169,0.80,0.80
2008.02.21 07:50:29.254,1.61685,1.6169,0.80,0.80
2008.02.21 07:50:29.586,1.6169,1.617,0.20,0.05
2008.02.21 07:50:29.921,1.61685,1.6169,0.80,0.80
2008.02.21 07:50:30.253,1.61685,1.6169,0.80,0.80
2008.02.21 07:50:30.587,1.61685,1.6169,0.80,0.80
2008.02.21 07:50:31.173,1.61685,1.6169,0.80,0.80
2008.02.21 07:50:31.378,1.61685,1.6169,0.80,0.80
2008.02.21 07:50:31.669,1.61685,1.6169,0.20,0.80
2008.02.21 07:50:31.958,1.61685,1.6169,0.20,0.80
2008.02.21 07:50:32.246,1.61685,1.6169,0.20,0.80
2008.02.21 07:50:32.535,1.61685,1.6169,0.20,0.80
2008.02.21 07:50:33.158,1.61685,1.6169,0.20,0.80
2008.02.21 07:50:33.284,1.61685,1.6169,0.20,0.80
2008.02.21 07:50:33.423,1.6169,1.617,0.20,0.20
2008.02.21 07:50:33.562,1.6169,1.617,0.40,0.05
2008.02.21 07:50:33.596,1.6169,1.617,0.40,0.05
2008.02.21 07:50:33.637,1.617,1.6171,0.20,1.70
2008.02.21 07:50:33.682,1.617,1.6171,0.20,1.70
2008.02.21 07:50:33.727,1.617,1.6171,0.20,1.70
2008.02.21 07:50:33.759,1.617,1.6171,0.20,0.20
2008.02.21 07:50:33.793,1.617,1.6171,0.20,0.20
2008.02.21 07:50:33.847,1.617,1.6171,0.20,0.20
2008.02.21 07:50:33.881,1.617,1.61715,0.20,8.80
2008.02.21 07:50:33.915,1.617,1.61715,0.20,4.80
2008.02.21 07:50:33.948,1.617,1.61715,0.20,3.20
2008.02.21 07:50:33.991,1.617,1.61715,0.20,0.80
2008.02.21 07:50:34.024,1.617,1.61715,0.20,0.80
2008.02.21 07:50:34.064,1.617,1.61715,0.20,0.80
2008.02.21 07:50:34.233,1.617,1.61715,0.20,0.80
2008.02.21 07:50:34.384,1.617,1.61715,0.20,0.80
2008.02.21 07:50:34.419,1.617,1.61715,0.20,0.80
2008.02.21 07:50:34.452,1.617,1.61715,0.20,0.80
2008.02.21 07:50:34.751,1.61695,1.61705,0.20,0.05
2008.02.21 07:50:35.051,1.61695,1.61705,0.20,0.05
2008.02.21 07:50:35.363,1.6169,1.617,0.20,0.05
2008.02.21 07:50:35.722,1.6169,1.617,0.20,0.05
2008.02.21 07:50:36.249,1.6169,1.617,0.20,0.05
2008.02.21 07:50:36.402,1.6169,1.617,0.20,0.05
2008.02.21 07:50:36.555,1.6169,1.617,0.20,0.05
2008.02.21 07:50:40.690,1.6169,1.617,0.20,1.60
2008.02.21 07:50:40.868,1.6169,1.617,0.40,1.60
2008.02.21 07:50:41.078,1.6169,1.617,0.40,1.60
2008.02.21 07:50:41.225,1.6169,1.617,0.40,0.50
2008.02.21 07:50:41.287,1.61695,1.61705,0.20,0.05
2008.02.21 07:50:41.496,1.6169,1.617,0.20,0.20
2008.02.21 07:50:41.705,1.61685,1.617,0.20,0.20
2008.02.21 07:50:41.914,1.61685,1.617,0.20,0.20
2008.02.21 07:50:42.097,1.61685,1.617,0.20,0.20
2008.02.21 07:50:42.281,1.61685,1.617,0.20,0.20
2008.02.21 07:50:42.559,1.61685,1.617,0.20,0.20
2008.02.21 07:50:42.762,1.61685,1.617,0.20,0.20
2008.02.21 07:50:43.571,1.61685,1.617,0.20,0.20
2008.02.21 07:50:44.646,1.61685,1.617,0.20,0.20
2008.02.21 07:50:44.720,1.61685,1.617,0.20,0.20
2008.02.21 07:50:44.901,1.61685,1.6169,0.20,0.20
2008.02.21 07:50:44.943,1.61685,1.6169,0.20,0.20
2008.02.21 07:50:44.961,1.61685,1.6169,0.20,0.20
2008.02.21 07:50:45.027,1.61685,1.6169,0.20,0.20
2008.02.21 07:50:45.065,1.61685,1.6169,0.20,0.20
2008.02.21 07:50:45.142,1.61675,1.6168,5.70,0.05
2008.02.21 07:50:45.159,1.61675,1.6168,5.70,0.05
2008.02.21 07:50:45.178,1.61675,1.6168,5.70,0.05
2008.02.21 07:50:45.216,1.6168,1.61695,0.20,4.00
2008.02.21 07:50:45.242,1.6168,1.61695,0.20,4.00
2008.02.21 07:50:45.427,1.61685,1.61695,0.20,0.50
2008.02.21 07:50:45.621,1.61685,1.61695,0.20,0.50
2008.02.21 07:50:45.805,1.61685,1.61695,0.20,0.05
2008.02.21 07:50:45.995,1.61685,1.61695,0.20,0.05
2008.02.21 07:50:46.270,1.61685,1.61695,0.20,0.05
2008.02.21 07:50:46.728,1.6168,1.6169,0.40,0.05
2008.02.21 07:50:46.942,1.6168,1.6169,0.40,0.05
2008.02.21 07:50:47.955,1.6168,1.6169,0.40,0.05
2008.02.21 07:50:49.497,1.6168,1.6169,0.40,0.05
2008.02.21 07:50:50.222,1.6168,1.6169,0.40,0.05
2008.02.21 07:50:51.676,1.6168,1.6169,0.40,0.05
2008.02.21 07:50:51.824,1.6168,1.6169,0.40,0.05
2008.02.21 07:50:53.431,1.6168,1.6169,0.40,0.05
2008.02.21 07:50:53.493,1.6168,1.6169,0.40,0.05
2008.02.21 07:50:53.538,1.6168,1.6169,0.40,0.05
2008.02.21 07:50:53.604,1.6168,1.6169,0.40,0.05
2008.02.21 07:50:53.649,1.6168,1.6169,0.20,0.20
2008.02.21 07:50:53.691,1.61675,1.6169,0.20,0.20
2008.02.21 07:50:53.735,1.61675,1.6169,0.20,0.20
2008.02.21 07:50:54.294,1.61675,1.6169,0.20,0.20
2008.02.21 07:50:54.702,1.61675,1.6169,0.20,0.20
2008.02.21 07:50:55.495,1.61675,1.6169,0.20,0.20
2008.02.21 07:50:55.605,1.6168,1.6169,0.20,0.05
2008.02.21 07:50:55.715,1.6168,1.6169,0.40,0.05
2008.02.21 07:50:55.821,1.6168,1.6169,0.40,0.05
2008.02.21 07:50:55.930,1.6168,1.6169,0.20,0.05
2008.02.21 07:50:56.039,1.6168,1.6169,0.20,0.05
2008.02.21 07:50:56.251,1.6168,1.6169,0.20,0.05
2008.02.21 07:50:56.444,1.6168,1.6169,0.20,0.05
2008.02.21 07:50:56.638,1.6168,1.6169,0.20,0.05
2008.02.21 07:50:56.831,1.6168,1.6169,0.20,0.05
2008.02.21 07:50:58.018,1.6168,1.6169,0.20,0.05
2008.02.21 07:51:03.596,1.6168,1.6169,0.20,0.05
2008.02.21 07:51:03.726,1.61675,1.61685,0.20,0.05
2008.02.21 07:51:04.014,1.61675,1.61685,0.20,0.05
2008.02.21 07:51:04.341,1.6168,1.6169,0.20,0.20
2008.02.21 07:51:04.494,1.6168,1.6169,0.20,0.20
2008.02.21 07:51:04.661,1.6168,1.6169,0.20,0.05
2008.02.21 07:51:04.814,1.6168,1.6169,0.20,0.05
2008.02.21 07:51:05.281,1.6168,1.6169,0.20,0.05
2008.02.21 07:51:05.595,1.61675,1.6169,0.20,0.05
2008.02.21 07:51:05.790,1.61675,1.6169,0.20,0.20
2008.02.21 07:51:05.975,1.61675,1.6169,0.60,0.20
2008.02.21 07:51:06.158,1.61675,1.6169,0.50,0.05
2008.02.21 07:51:06.342,1.6168,1.61695,0.20,0.05
2008.02.21 07:51:06.507,1.6168,1.61695,0.40,0.05
2008.02.21 07:51:06.671,1.6169,1.617,0.20,0.20
2008.02.21 07:51:06.835,1.6169,1.617,0.20,0.20
2008.02.21 07:51:06.998,1.6169,1.617,0.20,0.20
2008.02.21 07:51:07.467,1.6169,1.617,0.20,0.20
2008.02.21 07:51:07.720,1.6169,1.617,0.20,0.20
2008.02.21 07:51:07.975,1.6169,1.617,0.20,0.20
2008.02.21 07:51:08.532,1.61685,1.617,0.20,0.20
2008.02.21 07:51:08.705,1.6169,1.617,0.20,0.20
2008.02.21 07:51:08.879,1.6169,1.617,0.20,0.20
2008.02.21 07:51:09.053,1.6168,1.6169,0.20,0.05
2008.02.21 07:51:09.227,1.6168,1.61695,0.40,0.05
2008.02.21 07:51:09.401,1.6168,1.61695,0.40,0.05
2008.02.21 07:51:09.744,1.6168,1.61695,0.40,0.05
2008.02.21 07:51:10.070,1.61675,1.6169,0.60,0.05
2008.02.21 07:51:10.404,1.6167,1.61685,0.40,0.05
2008.02.21 07:51:10.593,1.6167,1.61685,0.40,0.05
2008.02.21 07:51:10.781,1.6167,1.61685,0.40,0.05
2008.02.21 07:51:10.970,1.6167,1.61685,0.40,0.05
2008.02.21 07:51:11.159,1.6167,1.61685,0.40,0.05
2008.02.21 07:51:11.348,1.6167,1.61685,0.40,0.05
2008.02.21 07:51:11.538,1.6168,1.6169,0.20,1.00
2008.02.21 07:51:11.839,1.61675,1.61685,1.40,0.05
2008.02.21 07:51:12.138,1.61675,1.61685,0.20,0.05
2008.02.21 07:51:12.437,1.61675,1.61685,0.20,0.05
2008.02.21 07:51:12.636,1.61675,1.61685,0.20,0.05
2008.02.21 07:51:12.835,1.61675,1.61685,0.20,0.05
2008.02.21 07:51:13.035,1.61675,1.61685,0.20,0.05
2008.02.21 07:51:13.236,1.6167,1.6168,0.20,0.05
2008.02.21 07:51:13.434,1.6167,1.6168,0.20,0.05
2008.02.21 07:51:13.725,1.6167,1.6168,0.40,0.05
2008.02.21 07:51:14.013,1.6167,1.61685,0.20,0.05
2008.02.21 07:51:14.302,1.61675,1.61685,0.20,0.05
2008.02.21 07:51:14.592,1.6166,1.61665,0.60,0.05
2008.02.21 07:51:14.813,1.6167,1.6168,0.20,0.20
2008.02.21 07:51:15.033,1.61665,1.6167,0.10,0.20
2008.02.21 07:51:15.250,1.6166,1.6167,0.40,0.20
2008.02.21 07:51:15.468,1.6166,1.6167,0.40,0.20
2008.02.21 07:51:15.686,1.6166,1.6167,0.40,0.20
2008.02.21 07:51:15.964,1.61665,1.6167,0.20,0.20
2008.02.21 07:51:16.223,1.61665,1.61675,0.20,4.00
2008.02.21 07:51:16.492,1.61665,1.61675,0.20,0.05
2008.02.21 07:51:16.761,1.6166,1.61675,0.40,0.05
2008.02.21 07:51:17.019,1.6166,1.61675,0.40,0.05
2008.02.21 07:51:17.258,1.6166,1.6167,0.20,0.05
2008.02.21 07:51:17.508,1.6166,1.61675,0.20,0.05
2008.02.21 07:51:17.757,1.61655,1.6167,0.60,0.05
2008.02.21 07:51:18.012,1.61655,1.6167,0.20,0.20
2008.02.21 07:51:18.266,1.61655,1.6167,0.20,0.20
2008.02.21 07:51:18.520,1.61655,1.6167,1.00,0.05
2008.02.21 07:51:18.776,1.61655,1.6167,4.50,0.05
2008.02.21 07:51:19.124,1.61655,1.6167,1.30,0.05
2008.02.21 07:51:19.363,1.6166,1.61665,0.20,0.05
2008.02.21 07:51:19.603,1.61655,1.61665,5.20,0.05
2008.02.21 07:51:19.869,1.6166,1.61675,0.20,0.05
2008.02.21 07:51:20.134,1.6165,1.61665,1.00,0.05
2008.02.21 07:51:20.397,1.6165,1.61665,1.50,0.05
2008.02.21 07:51:20.660,1.6165,1.61665,0.90,0.05
2008.02.21 07:51:20.920,1.6165,1.61665,0.90,0.05
2008.02.21 07:51:21.178,1.6165,1.61665,0.90,0.05
2008.02.21 07:51:21.437,1.6165,1.61665,0.90,0.05
2008.02.21 07:51:21.695,1.61655,1.6167,0.20,0.20
2008.02.21 07:51:21.879,1.61655,1.6167,0.20,0.20
2008.02.21 07:51:22.064,1.6166,1.6167,0.20,0.20
2008.02.21 07:51:22.246,1.6166,1.6167,0.40,0.20
2008.02.21 07:51:22.430,1.6166,1.6167,0.20,0.20
2008.02.21 07:51:22.613,1.6165,1.61665,0.70,0.05
2008.02.21 07:51:22.902,1.6165,1.61665,0.50,0.05
2008.02.21 07:51:23.190,1.6165,1.61665,0.40,0.05
2008.02.21 07:51:23.480,1.61645,1.6165,1.00,0.05
2008.02.21 07:51:23.769,1.61645,1.61655,1.30,0.05
2008.02.21 07:51:24.014,1.61645,1.61665,1.10,5.60
2008.02.21 07:51:24.258,1.61645,1.6165,1.20,0.05
2008.02.21 07:51:24.502,1.6164,1.6165,0.70,0.05
2008.02.21 07:51:24.746,1.6164,1.6165,0.80,0.05
2008.02.21 07:51:24.946,1.61645,1.61655,0.20,0.05
2008.02.21 07:51:25.145,1.61645,1.61655,0.20,0.05
2008.02.21 07:51:25.344,1.61645,1.6166,0.20,1.60
2008.02.21 07:51:25.543,1.61645,1.6166,0.20,1.60
2008.02.21 07:51:25.742,1.6164,1.6165,0.40,0.20
2008.02.21 07:51:25.942,1.6164,1.6165,0.40,0.20
2008.02.21 07:51:26.140,1.6164,1.6165,0.40,0.20
2008.02.21 07:51:26.339,1.6164,1.6165,0.40,0.05
2008.02.21 07:51:26.539,1.61645,1.6166,0.20,0.05
2008.02.21 07:51:26.738,1.61645,1.6166,0.20,0.05
2008.02.21 07:51:26.876,1.61645,1.6166,0.20,0.05
2008.02.21 07:51:27.015,1.61645,1.6166,0.20,0.05
2008.02.21 07:51:27.155,1.61645,1.6166,0.20,0.05
2008.02.21 07:51:27.293,1.6165,1.6166,0.20,0.05
2008.02.21 07:51:27.431,1.6165,1.6166,0.20,0.05
2008.02.21 07:51:27.571,1.61645,1.6166,0.20,0.05
2008.02.21 07:51:27.710,1.6165,1.61665,0.40,0.05
2008.02.21 07:51:27.998,1.6165,1.61665,0.40,0.05
2008.02.21 07:51:28.394,1.61655,1.61665,0.20,0.05
2008.02.21 07:51:30.276,1.61655,1.61665,0.20,0.05
2008.02.21 07:51:30.586,1.61655,1.61665,0.20,0.05
2008.02.21 07:51:31.337,1.6165,1.6166,0.40,0.05
2008.02.21 07:51:31.497,1.6165,1.6166,0.20,0.05
2008.02.21 07:51:31.656,1.61645,1.6165,0.10,0.20
2008.02.21 07:51:31.814,1.6164,1.6165,0.40,0.20
2008.02.21 07:51:31.978,1.6164,1.6165,0.40,0.05
2008.02.21 07:51:32.142,1.6165,1.6166,0.20,0.05
2008.02.21 07:51:32.308,1.6165,1.6166,0.20,0.20
2008.02.21 07:51:32.471,1.6165,1.6166,0.20,0.20
2008.02.21 07:51:32.635,1.61655,1.6166,0.20,0.20
2008.02.21 07:51:32.799,1.61655,1.61665,0.20,0.05
2008.02.21 07:51:33.018,1.61655,1.61665,0.20,0.05
2008.02.21 07:51:33.237,1.61655,1.61665,0.20,0.05
2008.02.21 07:51:33.455,1.61655,1.61665,0.20,0.05
2008.02.21 07:51:33.673,1.61655,1.61665,0.20,0.05
2008.02.21 07:51:33.892,1.6165,1.6166,0.20,0.05
2008.02.21 07:51:34.181,1.6165,1.6166,0.40,0.05
2008.02.21 07:51:34.471,1.6165,1.6166,0.20,0.05
2008.02.21 07:51:34.759,1.61655,1.61665,0.20,0.05
2008.02.21 07:51:35.048,1.61655,1.61665,0.20,0.05
2008.02.21 07:51:35.263,1.61655,1.61665,0.20,0.05
2008.02.21 07:51:35.476,1.6165,1.61665,0.40,0.05
2008.02.21 07:51:35.690,1.6165,1.61665,0.20,0.05
2008.02.21 07:51:35.903,1.6165,1.61665,0.20,0.05
2008.02.21 07:51:36.157,1.6165,1.61665,0.20,0.05
2008.02.21 07:51:36.411,1.6165,1.61665,0.20,0.05
2008.02.21 07:51:36.665,1.61655,1.61665,0.20,0.05
2008.02.21 07:51:36.919,1.61655,1.61665,0.20,0.05
2008.02.21 07:51:37.158,1.61655,1.61665,0.20,0.05
2008.02.21 07:51:37.397,1.61655,1.61665,0.20,0.05
2008.02.21 07:51:37.637,1.61655,1.61665,0.20,0.05
2008.02.21 07:51:37.876,1.61655,1.61665,0.20,0.05
2008.02.21 07:51:38.279,1.61655,1.61665,0.20,0.05
2008.02.21 07:51:38.519,1.61655,1.61665,0.20,0.05
2008.02.21 07:51:38.758,1.61655,1.61665,0.20,0.05
2008.02.21 07:51:38.996,1.61655,1.61665,0.20,0.05
2008.02.21 07:51:42.367,1.61655,1.61665,0.20,0.05
2008.02.21 07:51:42.518,1.61655,1.61665,0.20,0.05
2008.02.21 07:51:43.446,1.61655,1.61665,0.20,0.80
2008.02.21 07:51:43.726,1.61655,1.6166,0.20,0.20
2008.02.21 07:51:44.006,1.61655,1.61665,0.20,4.00
2008.02.21 07:51:44.296,1.6165,1.6166,0.20,0.05
2008.02.21 07:51:44.514,1.6165,1.6166,0.20,0.05
2008.02.21 07:51:44.732,1.6165,1.6166,0.20,0.05
2008.02.21 07:51:45.952,1.6165,1.6166,0.20,0.05
2008.02.21 07:51:46.193,1.6165,1.6166,0.20,0.05
2008.02.21 07:51:46.428,1.61655,1.61665,0.20,0.05
2008.02.21 07:51:46.662,1.61655,1.61665,0.20,0.05
2008.02.21 07:51:46.896,1.6165,1.6166,0.20,0.05
2008.02.21 07:51:47.130,1.6165,1.6166,0.20,0.05
2008.02.21 07:51:47.363,1.6165,1.6166,0.20,0.05
2008.02.21 07:51:49.182,1.6165,1.6166,0.20,0.05
2008.02.21 07:51:49.392,1.6165,1.6166,0.20,0.05
2008.02.21 07:51:49.607,1.6165,1.6166,0.20,0.05
2008.02.21 07:51:49.831,1.6165,1.6166,0.20,0.05
2008.02.21 07:51:50.036,1.6165,1.6166,0.20,0.05
2008.02.21 07:51:50.250,1.6165,1.6166,0.20,0.05
2008.02.21 07:51:50.473,1.6165,1.6166,0.20,0.05
2008.02.21 07:51:50.762,1.6165,1.6166,0.20,0.05
2008.02.21 07:51:51.231,1.6165,1.6166,0.20,0.05
2008.02.21 07:51:51.522,1.61655,1.61665,0.20,0.05
2008.02.21 07:51:51.768,1.61655,1.61665,0.20,0.05
2008.02.21 07:51:51.980,1.61655,1.61665,0.20,0.05
2008.02.21 07:51:52.194,1.6165,1.6166,0.20,0.05
2008.02.21 07:51:52.410,1.6165,1.6166,0.20,0.05
2008.02.21 07:51:52.668,1.6165,1.6166,0.20,0.05
2008.02.21 07:51:53.012,1.6165,1.6166,0.20,0.05
2008.02.21 07:51:53.918,1.6165,1.6166,0.20,0.05
2008.02.21 07:51:54.159,1.6165,1.61665,0.20,0.05
2008.02.21 07:51:54.407,1.6166,1.6167,0.20,0.20
2008.02.21 07:51:54.656,1.6166,1.6167,0.20,0.20
2008.02.21 07:51:54.865,1.61655,1.6167,0.20,0.20
2008.02.21 07:51:55.082,1.61655,1.6167,0.20,0.20
2008.02.21 07:51:55.296,1.61655,1.6167,0.20,0.05
2008.02.21 07:51:55.505,1.6165,1.61665,0.20,0.05
2008.02.21 07:51:55.776,1.61655,1.6167,0.20,0.20
2008.02.21 07:51:56.045,1.61655,1.6167,0.20,0.05
2008.02.21 07:51:56.316,1.6166,1.6167,0.20,0.05
2008.02.21 07:51:56.962,1.6166,1.6167,0.20,0.05
2008.02.21 07:51:57.466,1.6166,1.6167,0.20,0.05
2008.02.21 07:51:58.425,1.6166,1.6167,0.20,0.05
2008.02.21 07:51:58.635,1.61655,1.6167,0.20,0.05
2008.02.21 07:51:58.898,1.61655,1.6167,0.20,0.05
2008.02.21 07:51:59.162,1.61655,1.6167,0.20,0.05
2008.02.21 07:51:59.426,1.61655,1.6167,0.20,0.05
2008.02.21 07:51:59.696,1.61655,1.61665,0.20,0.05
2008.02.21 07:51:59.964,1.61655,1.61665,0.20,0.05
2008.02.21 07:52:00.232,1.61655,1.61665,0.20,0.05
2008.02.21 07:52:00.510,1.61655,1.61665,0.20,0.05
2008.02.21 07:52:00.779,1.61655,1.61665,0.20,0.05
2008.02.21 07:52:01.011,1.61655,1.61665,0.20,0.05
2008.02.21 07:52:01.212,1.61655,1.61665,0.20,0.05
2008.02.21 07:52:01.416,1.61655,1.61665,0.20,0.05
2008.02.21 07:52:01.619,1.61655,1.61665,0.20,0.05
2008.02.21 07:52:01.831,1.61655,1.61665,0.20,0.05
2008.02.21 07:52:04.695,1.61655,1.61665,0.20,0.05
2008.02.21 07:52:04.789,1.61655,1.61665,0.20,0.05
2008.02.21 07:52:05.089,1.61655,1.61665,0.20,0.05
2008.02.21 07:52:05.390,1.61655,1.61665,0.20,0.05
2008.02.21 07:52:05.958,1.61645,1.6166,1.20,0.05
2008.02.21 07:52:06.152,1.61645,1.6166,0.20,0.05
2008.02.21 07:52:06.345,1.61645,1.6166,0.20,0.05
2008.02.21 07:52:06.547,1.61645,1.6166,0.20,0.05
2008.02.21 07:52:06.752,1.61645,1.6166,0.20,0.05
2008.02.21 07:52:06.981,1.61645,1.6166,0.20,0.05
2008.02.21 07:52:07.250,1.61655,1.61665,0.20,0.05
2008.02.21 07:52:07.518,1.61655,1.61665,0.20,0.05
2008.02.21 07:52:07.796,1.61655,1.61665,0.20,0.05
2008.02.21 07:52:08.931,1.61655,1.61665,0.20,0.05
2008.02.21 07:52:09.121,1.61655,1.61665,0.20,0.05
2008.02.21 07:52:09.492,1.61655,1.61665,0.20,0.05
2008.02.21 07:52:12.423,1.61655,1.61665,0.20,0.05
2008.02.21 07:52:12.535,1.61655,1.61665,0.20,0.05
2008.02.21 07:52:12.638,1.61655,1.61665,0.20,0.05
2008.02.21 07:52:12.741,1.61655,1.61665,0.20,0.05
2008.02.21 07:52:13.937,1.61655,1.61665,0.20,0.05
2008.02.21 07:52:14.257,1.61655,1.61665,0.20,0.05
2008.02.21 07:52:16.003,1.61655,1.61665,0.20,0.05
2008.02.21 07:52:17.152,1.61645,1.6166,1.70,0.05
2008.02.21 07:52:17.312,1.61645,1.6166,0.20,0.05
2008.02.21 07:52:17.688,1.61655,1.61665,0.20,0.05
2008.02.21 07:52:17.805,1.61655,1.61665,0.20,0.05
2008.02.21 07:52:17.924,1.61655,1.61665,0.20,0.05
2008.02.21 07:52:18.043,1.61655,1.61665,0.20,0.05
2008.02.21 07:52:18.171,1.61655,1.61665,0.20,0.05
2008.02.21 07:52:18.291,1.61655,1.61665,0.20,0.05
2008.02.21 07:52:18.411,1.61645,1.61655,1.60,0.05
2008.02.21 07:52:18.531,1.61645,1.61655,1.60,0.05
2008.02.21 07:52:18.825,1.6164,1.61655,0.20,0.05
2008.02.21 07:52:19.119,1.6165,1.6166,0.20,0.20
2008.02.21 07:52:19.414,1.61655,1.61665,0.20,0.05
2008.02.21 07:52:19.707,1.61655,1.61665,0.20,0.05
2008.02.21 07:52:19.901,1.61655,1.61665,0.20,0.05
2008.02.21 07:52:20.095,1.61655,1.61665,0.20,0.05
2008.02.21 07:52:20.473,1.61655,1.61665,0.20,0.05
2008.02.21 07:52:20.665,1.61655,1.61665,0.20,0.05
2008.02.21 07:52:20.859,1.61655,1.61665,0.20,0.05
2008.02.21 07:52:21.053,1.61655,1.61665,0.20,0.05
2008.02.21 07:52:21.248,1.61655,1.61665,0.20,0.05
2008.02.21 07:52:21.450,1.61655,1.61665,0.20,0.05
2008.02.21 07:52:21.644,1.61655,1.61665,0.20,0.05
2008.02.21 07:52:21.847,1.61655,1.61665,0.20,0.05
2008.02.21 07:52:22.071,1.61655,1.61665,0.20,0.05
2008.02.21 07:52:22.971,1.61655,1.61665,0.20,0.05
2008.02.21 07:52:23.676,1.61655,1.61665,0.20,0.05
2008.02.21 07:52:23.830,1.61655,1.61665,0.20,0.05
2008.02.21 07:52:24.295,1.61655,1.61665,0.20,0.05
2008.02.21 07:52:24.510,1.61655,1.61665,0.20,0.05
2008.02.21 07:52:24.710,1.61655,1.61665,0.20,0.05
2008.02.21 07:52:24.946,1.61655,1.61665,0.20,0.05
2008.02.21 07:52:25.084,1.61655,1.61665,0.20,0.05
2008.02.21 07:52:25.241,1.61655,1.61665,0.20,0.05
2008.02.21 07:52:25.562,1.6165,1.61665,0.20,0.05
2008.02.21 07:52:26.285,1.6165,1.61665,0.20,0.05
2008.02.21 07:52:27.008,1.6165,1.61665,0.20,0.05
2008.02.21 07:52:27.141,1.6167,1.61675,0.20,17.70
2008.02.21 07:52:27.285,1.6167,1.61675,0.10,1.70
2008.02.21 07:52:27.419,1.6167,1.61675,0.20,1.60
2008.02.21 07:52:27.554,1.6167,1.6168,0.20,0.05
2008.02.21 07:52:27.687,1.6167,1.6168,0.20,0.05
2008.02.21 07:52:27.820,1.6167,1.6168,0.20,0.05
2008.02.21 07:52:27.953,1.6167,1.6168,0.20,0.05
2008.02.21 07:52:28.233,1.6167,1.6168,0.20,0.20
2008.02.21 07:52:28.511,1.6167,1.6168,0.20,0.20
2008.02.21 07:52:29.018,1.6167,1.6168,0.20,0.20
2008.02.21 07:52:29.393,1.61665,1.6168,0.20,0.20
2008.02.21 07:52:29.476,1.61665,1.6168,0.20,0.20
2008.02.21 07:52:29.579,1.61665,1.6168,0.20,0.20
2008.02.21 07:52:29.763,1.61665,1.6168,0.20,0.20
2008.02.21 07:52:29.946,1.61665,1.6168,0.20,0.20
2008.02.21 07:52:30.130,1.61665,1.6168,0.20,0.60
2008.02.21 07:52:30.634,1.61655,1.61665,1.70,0.05
2008.02.21 07:52:30.819,1.61655,1.61665,0.20,0.05
2008.02.21 07:52:31.004,1.61655,1.61665,0.20,0.05
2008.02.21 07:52:31.187,1.61655,1.61665,0.20,0.05
2008.02.21 07:52:31.327,1.61655,1.6167,0.20,0.20
2008.02.21 07:52:31.467,1.6166,1.6167,0.20,0.20
2008.02.21 07:52:31.614,1.6166,1.6167,0.20,0.05
2008.02.21 07:52:31.753,1.6166,1.6167,0.40,0.05
2008.02.21 07:52:31.896,1.61665,1.61675,0.20,0.50
2008.02.21 07:52:32.035,1.61675,1.61685,0.20,0.05
2008.02.21 07:52:32.334,1.61675,1.6168,0.20,0.20
2008.02.21 07:52:32.634,1.6167,1.6168,0.20,0.05
2008.02.21 07:52:32.933,1.6167,1.6168,0.20,0.05
2008.02.21 07:52:33.231,1.6167,1.6168,0.20,0.50
2008.02.21 07:52:33.479,1.6167,1.6168,0.20,0.60
2008.02.21 07:52:33.729,1.6166,1.61675,0.20,0.05
2008.02.21 07:52:33.977,1.61655,1.6166,1.60,0.05
2008.02.21 07:52:34.226,1.61665,1.6167,0.20,0.90
2008.02.21 07:52:34.485,1.61655,1.6166,0.20,0.20
2008.02.21 07:52:34.745,1.61655,1.6167,0.20,0.20
2008.02.21 07:52:35.004,1.61645,1.6166,0.20,0.05
2008.02.21 07:52:35.264,1.6165,1.61665,0.20,0.05
2008.02.21 07:52:35.529,1.6165,1.6166,0.20,0.20
2008.02.21 07:52:35.788,1.61655,1.6166,0.20,0.20
2008.02.21 07:52:36.047,1.61655,1.6166,0.20,0.20
2008.02.21 07:52:36.316,1.61645,1.6166,0.20,0.20
2008.02.21 07:52:36.583,1.61645,1.6166,0.20,0.20
2008.02.21 07:52:36.853,1.61645,1.6166,0.20,0.20
2008.02.21 07:52:37.123,1.6165,1.6166,0.40,0.20
2008.02.21 07:52:37.378,1.6165,1.6166,0.40,0.05
2008.02.21 07:52:37.631,1.6165,1.6166,0.40,0.20
2008.02.21 07:52:37.886,1.6165,1.6166,0.20,0.20
2008.02.21 07:52:38.141,1.6165,1.6166,0.40,0.20
2008.02.21 07:52:38.446,1.6165,1.61655,0.20,0.05
2008.02.21 07:52:38.750,1.61645,1.61655,0.20,0.05
2008.02.21 07:52:39.055,1.6164,1.61655,0.20,0.05
2008.02.21 07:52:39.359,1.6164,1.61655,0.20,0.05
2008.02.21 07:52:39.619,1.6164,1.61655,0.20,0.05
2008.02.21 07:52:39.881,1.6164,1.6165,0.20,0.05
2008.02.21 07:52:40.141,1.61645,1.61655,0.20,0.05
2008.02.21 07:52:40.420,1.61645,1.61655,0.20,0.05
2008.02.21 07:52:40.699,1.61635,1.6165,16.90,0.05
2008.02.21 07:52:40.979,1.61645,1.61655,0.20,0.05
2008.02.21 07:52:41.258,1.6164,1.6165,0.20,0.05
2008.02.21 07:52:41.492,1.61635,1.6165,15.30,0.05
2008.02.21 07:52:41.729,1.61645,1.61655,0.20,0.05
2008.02.21 07:52:41.963,1.61645,1.61655,0.20,0.05
2008.02.21 07:52:42.197,1.61645,1.61655,0.20,0.05
2008.02.21 07:52:42.478,1.6164,1.6165,0.40,0.05
2008.02.21 07:52:42.757,1.61645,1.61655,0.20,0.05
2008.02.21 07:52:43.035,1.6164,1.6165,0.20,0.05
2008.02.21 07:52:43.316,1.61645,1.6165,0.20,0.20
2008.02.21 07:52:43.594,1.61645,1.6165,0.20,0.20
2008.02.21 07:52:43.874,1.6164,1.6165,0.20,0.20
2008.02.21 07:52:44.152,1.6164,1.6165,0.20,0.20
2008.02.21 07:52:44.432,1.6164,1.6165,0.20,0.20
2008.02.21 07:52:44.671,1.6164,1.6165,0.20,0.20
2008.02.21 07:52:44.976,1.6164,1.6165,0.20,0.20
2008.02.21 07:52:45.230,1.6164,1.6165,0.20,0.20
2008.02.21 07:52:45.505,1.6164,1.6165,0.20,0.20
2008.02.21 07:52:45.780,1.6164,1.6165,0.20,0.20
2008.02.21 07:52:46.055,1.61635,1.61645,0.20,0.05
2008.02.21 07:52:46.329,1.61635,1.61645,0.20,0.05
2008.02.21 07:52:46.602,1.61635,1.61645,0.20,0.05
2008.02.21 07:52:46.876,1.61635,1.61645,0.20,0.05
2008.02.21 07:52:47.149,1.61635,1.61645,0.20,0.05
2008.02.21 07:52:47.424,1.61635,1.61645,0.20,0.05
2008.02.21 07:52:47.654,1.6162,1.6163,2.70,0.05
2008.02.21 07:52:47.893,1.6162,1.6163,0.20,0.05
2008.02.21 07:52:48.124,1.6162,1.6163,0.20,0.05
2008.02.21 07:52:48.353,1.61615,1.61625,0.20,0.05
2008.02.21 07:52:48.646,1.61615,1.61625,0.20,0.05
2008.02.21 07:52:48.940,1.6162,1.6163,0.20,0.05
2008.02.21 07:52:49.258,1.6162,1.6163,0.20,0.05
2008.02.21 07:52:49.552,1.6162,1.6163,0.20,0.20
2008.02.21 07:52:49.796,1.61615,1.61625,0.20,0.05
2008.02.21 07:52:50.040,1.61615,1.61625,0.20,0.05
2008.02.21 07:52:50.284,1.61615,1.6162,0.20,0.20
2008.02.21 07:52:50.528,1.61615,1.6162,0.20,0.20
2008.02.21 07:52:50.801,1.61615,1.6162,0.20,0.20
2008.02.21 07:52:51.077,1.61615,1.61625,0.20,0.05
2008.02.21 07:52:51.350,1.61615,1.61625,0.20,0.05
2008.02.21 07:52:51.614,1.61615,1.61625,0.20,0.05
2008.02.21 07:52:51.877,1.61615,1.61625,0.20,0.05
2008.02.21 07:52:52.141,1.61615,1.61625,0.20,0.05
2008.02.21 07:52:52.404,1.61615,1.6162,0.20,0.20
2008.02.21 07:52:52.699,1.61615,1.61625,0.20,0.05
2008.02.21 07:52:52.984,1.61615,1.61625,0.20,0.50
2008.02.21 07:52:53.268,1.61615,1.61625,0.20,0.60
2008.02.21 07:52:53.552,1.61615,1.61625,0.20,0.05
2008.02.21 07:52:53.822,1.61615,1.61625,0.20,0.05
2008.02.21 07:52:54.228,1.61615,1.61625,0.20,0.05
2008.02.21 07:52:54.501,1.61615,1.61625,0.20,0.05
2008.02.21 07:52:54.739,1.61615,1.61625,0.20,0.05
2008.02.21 07:52:54.979,1.61615,1.61625,0.20,0.05
2008.02.21 07:52:55.218,1.61615,1.61625,0.20,0.05
2008.02.21 07:52:55.458,1.6162,1.6163,0.20,0.05
2008.02.21 07:52:55.711,1.6162,1.6163,0.20,0.05
2008.02.21 07:52:56.181,1.6162,1.6163,0.20,0.05
2008.02.21 07:52:56.434,1.6162,1.6163,0.20,0.05
2008.02.21 07:52:56.613,1.6162,1.61635,0.20,0.80
2008.02.21 07:52:56.791,1.6162,1.61635,0.20,0.05
2008.02.21 07:52:56.970,1.6163,1.6164,0.20,0.20
2008.02.21 07:52:57.150,1.6163,1.6164,0.20,0.20
2008.02.21 07:52:57.328,1.6163,1.6164,0.40,0.20
2008.02.21 07:52:57.507,1.6163,1.6164,0.20,0.20
2008.02.21 07:52:57.720,1.6163,1.6164,0.20,0.20
2008.02.21 07:52:57.975,1.6163,1.6164,0.20,0.20
2008.02.21 07:52:58.242,1.6163,1.6164,0.20,0.20
2008.02.21 07:52:58.456,1.6163,1.6164,0.20,0.20
2008.02.21 07:52:58.669,1.6163,1.6164,0.20,0.20
2008.02.21 07:52:58.903,1.6163,1.6164,0.20,0.20
2008.02.21 07:52:59.138,1.6163,1.6164,0.20,0.20
2008.02.21 07:52:59.371,1.6163,1.6164,0.20,0.20
2008.02.21 07:52:59.605,1.6163,1.6164,0.20,0.20
2008.02.21 07:52:59.869,1.61625,1.61635,0.20,0.05
2008.02.21 07:53:00.132,1.61625,1.61635,0.20,0.80
2008.02.21 07:53:00.395,1.61625,1.61635,0.20,0.05
2008.02.21 07:53:00.658,1.61625,1.61635,0.20,0.05
2008.02.21 07:53:00.807,1.6162,1.6163,0.20,0.20
2008.02.21 07:53:00.956,1.6162,1.6163,0.20,0.20
2008.02.21 07:53:01.104,1.6162,1.6163,0.20,0.20
2008.02.21 07:53:01.255,1.6162,1.6163,0.20,0.20
2008.02.21 07:53:01.412,1.6162,1.6163,0.20,0.05
2008.02.21 07:53:01.561,1.6162,1.6163,0.40,0.05
2008.02.21 07:53:01.896,1.6162,1.6163,0.20,0.05
2008.02.21 07:53:02.229,1.6162,1.6163,0.20,0.05
2008.02.21 07:53:02.563,1.6162,1.6163,0.20,0.05
2008.02.21 07:53:02.743,1.6162,1.6163,0.20,0.05
2008.02.21 07:53:02.941,1.6162,1.6163,0.20,0.05
2008.02.21 07:53:03.118,1.6162,1.6163,0.20,0.05
2008.02.21 07:53:03.414,1.6162,1.6163,0.20,0.05
2008.02.21 07:53:03.592,1.6162,1.6163,0.20,0.05
2008.02.21 07:53:03.765,1.6162,1.6163,0.20,0.05
2008.02.21 07:53:03.940,1.6162,1.6163,0.20,0.05
2008.02.21 07:53:04.115,1.6162,1.6163,0.20,0.20
2008.02.21 07:53:04.289,1.61615,1.6162,4.10,0.05
2008.02.21 07:53:04.463,1.6161,1.6162,0.40,0.05
2008.02.21 07:53:04.638,1.6161,1.6162,0.40,0.05
2008.02.21 07:53:04.972,1.6161,1.6162,0.40,0.05
2008.02.21 07:53:05.306,1.6163,1.6164,0.20,0.20
2008.02.21 07:53:05.640,1.6162,1.61635,0.20,0.05
2008.02.21 07:53:05.834,1.6162,1.61635,0.20,0.05
2008.02.21 07:53:06.027,1.6162,1.6163,0.20,0.05
2008.02.21 07:53:06.221,1.6162,1.6163,0.20,0.05
2008.02.21 07:53:06.415,1.6162,1.6163,0.20,0.05
2008.02.21 07:53:06.608,1.6162,1.6163,0.20,0.05
2008.02.21 07:53:06.907,1.6162,1.6163,0.20,0.05
2008.02.21 07:53:07.204,1.6162,1.6163,0.20,0.05
2008.02.21 07:53:07.503,1.6162,1.6163,0.20,0.05
2008.02.21 07:53:07.803,1.6163,1.6164,0.20,0.20
2008.02.21 07:53:08.033,1.6163,1.6164,0.20,0.20
2008.02.21 07:53:08.254,1.6162,1.6163,0.20,0.05
2008.02.21 07:53:08.472,1.61625,1.61635,0.20,0.05
2008.02.21 07:53:08.691,1.61625,1.61635,0.20,0.05
2008.02.21 07:53:08.919,1.61625,1.61635,0.20,0.05
2008.02.21 07:53:09.244,1.61625,1.61635,0.20,0.05
2008.02.21 07:53:09.472,1.61625,1.61635,0.20,0.05
2008.02.21 07:53:09.701,1.61625,1.61635,0.20,0.05
2008.02.21 07:53:09.921,1.61625,1.61635,0.20,0.05
2008.02.21 07:53:10.139,1.61625,1.61635,0.20,0.05
2008.02.21 07:53:10.357,1.61625,1.61635,0.20,0.05
2008.02.21 07:53:10.576,1.6163,1.61635,0.20,0.05
2008.02.21 07:53:10.795,1.6163,1.6164,0.40,0.05
2008.02.21 07:53:11.030,1.61635,1.61645,0.20,0.05
2008.02.21 07:53:11.264,1.6163,1.6164,0.20,0.05
2008.02.21 07:53:11.497,1.6165,1.61655,0.20,0.50
2008.02.21 07:53:11.732,1.6165,1.61655,0.20,0.50
2008.02.21 07:53:11.955,1.6165,1.6166,0.40,0.20
2008.02.21 07:53:12.180,1.61645,1.6165,4.00,0.05
2008.02.21 07:53:12.405,1.61635,1.6165,3.30,0.05
2008.02.21 07:53:12.627,1.61635,1.6165,1.70,0.05
2008.02.21 07:53:12.851,1.6164,1.6165,0.20,0.05
2008.02.21 07:53:13.151,1.6164,1.6165,0.20,0.20
2008.02.21 07:53:13.452,1.6163,1.6164,0.40,0.05
2008.02.21 07:53:13.752,1.61635,1.6165,0.90,0.05
2008.02.21 07:53:14.015,1.61635,1.61645,0.20,0.05
2008.02.21 07:53:14.276,1.6163,1.61645,0.20,0.05
2008.02.21 07:53:14.534,1.6163,1.61645,0.20,0.05
2008.02.21 07:53:14.794,1.61645,1.61655,0.20,0.60
2008.02.21 07:53:15.063,1.61645,1.6165,0.20,0.20
2008.02.21 07:53:15.334,1.6164,1.6165,0.40,0.20
2008.02.21 07:53:15.602,1.6164,1.6165,0.40,0.20
2008.02.21 07:53:15.871,1.61645,1.6165,0.20,0.20
2008.02.21 07:53:16.091,1.61645,1.61655,0.20,0.05
2008.02.21 07:53:16.309,1.61645,1.61655,0.20,0.05
2008.02.21 07:53:16.527,1.61645,1.61655,0.20,0.05
2008.02.21 07:53:16.756,1.61645,1.61655,0.20,0.05
2008.02.21 07:53:16.951,1.61645,1.61655,0.20,0.05
2008.02.21 07:53:17.150,1.61645,1.61655,0.20,0.05
2008.02.21 07:53:17.349,1.61645,1.61655,0.20,0.05
2008.02.21 07:53:17.548,1.61645,1.61655,0.90,0.05
2008.02.21 07:53:17.749,1.6165,1.6166,0.20,0.20
2008.02.21 07:53:17.948,1.6165,1.6166,0.20,0.20
2008.02.21 07:53:18.145,1.6165,1.6166,0.20,0.20
2008.02.21 07:53:18.345,1.6165,1.6166,0.20,0.20
2008.02.21 07:53:18.543,1.6165,1.6166,0.20,0.20
2008.02.21 07:53:18.742,1.6165,1.6166,0.20,0.20
2008.02.21 07:53:18.950,1.6165,1.6166,0.20,0.20
2008.02.21 07:53:19.253,1.6165,1.6166,0.20,0.20
2008.02.21 07:53:19.556,1.6165,1.6166,0.20,0.20
2008.02.21 07:53:19.860,1.6165,1.6166,0.20,0.20
2008.02.21 07:53:20.848,1.6165,1.6166,0.20,0.20
2008.02.21 07:53:21.072,1.6165,1.6166,0.20,0.20
2008.02.21 07:53:21.296,1.6165,1.6166,0.20,0.20
2008.02.21 07:53:22.135,1.6165,1.6166,0.20,0.20
2008.02.21 07:53:22.324,1.6165,1.6166,0.20,0.20
2008.02.21 07:53:22.512,1.6165,1.6166,0.20,0.20
2008.02.21 07:53:22.701,1.6165,1.6166,0.20,0.20
2008.02.21 07:53:22.889,1.6165,1.6166,0.20,0.20
2008.02.21 07:53:23.161,1.6165,1.6166,0.20,0.20
2008.02.21 07:53:23.434,1.6165,1.6166,0.20,0.20
2008.02.21 07:53:23.708,1.6165,1.6166,0.20,0.20
2008.02.21 07:53:23.982,1.6165,1.6166,0.20,0.20
2008.02.21 07:53:24.476,1.6165,1.6166,0.20,0.20
2008.02.21 07:53:26.865,1.6165,1.6166,0.20,0.20
2008.02.21 07:53:28.666,1.6165,1.6166,0.40,0.20
2008.02.21 07:53:28.835,1.6165,1.6166,0.40,0.20
2008.02.21 07:53:29.004,1.6165,1.6166,0.20,0.20
2008.02.21 07:53:29.259,1.6165,1.6166,0.40,0.20
2008.02.21 07:53:29.502,1.6165,1.6166,0.20,0.20
2008.02.21 07:53:31.119,1.61655,1.6166,0.20,0.20
2008.02.21 07:53:31.329,1.61655,1.6166,0.20,0.20
2008.02.21 07:53:31.537,1.61655,1.6166,0.20,0.20
2008.02.21 07:53:31.746,1.61655,1.6166,0.20,0.20
2008.02.21 07:53:31.954,1.61655,1.6166,0.20,0.20
2008.02.21 07:53:32.264,1.61655,1.6166,0.20,0.20
2008.02.21 07:53:32.774,1.61655,1.6166,0.20,0.20
2008.02.21 07:53:35.080,1.61655,1.6166,0.20,0.20
2008.02.21 07:53:35.156,1.61655,1.6166,0.20,0.20
2008.02.21 07:53:35.360,1.61655,1.6167,0.20,0.20
2008.02.21 07:53:35.566,1.61655,1.6167,0.20,0.20
2008.02.21 07:53:35.769,1.61655,1.6167,0.20,0.20
2008.02.21 07:53:35.984,1.6166,1.6167,0.20,0.20
2008.02.21 07:53:36.187,1.6166,1.6167,0.20,0.20
2008.02.21 07:53:36.416,1.6166,1.6167,0.20,0.20
2008.02.21 07:53:36.645,1.6166,1.6167,0.20,0.20
2008.02.21 07:53:37.187,1.6166,1.6167,0.20,0.20
2008.02.21 07:53:37.491,1.6166,1.6167,0.20,0.20
2008.02.21 07:53:37.651,1.61655,1.61665,0.20,0.05
2008.02.21 07:53:37.810,1.61655,1.61665,0.20,0.05
2008.02.21 07:53:37.968,1.61655,1.6166,0.20,0.20
2008.02.21 07:53:38.127,1.61655,1.6166,0.20,0.20
2008.02.21 07:53:38.286,1.61655,1.6166,0.20,0.20
2008.02.21 07:53:38.484,1.61655,1.6166,0.20,0.20
2008.02.21 07:53:38.684,1.61655,1.6166,0.20,0.20
2008.02.21 07:53:38.882,1.61655,1.6166,0.20,0.20
2008.02.21 07:53:39.081,1.61655,1.61665,0.20,0.05
2008.02.21 07:53:39.280,1.61655,1.61665,0.20,0.05
2008.02.21 07:53:39.528,1.61655,1.61665,0.20,0.05
2008.02.21 07:53:39.777,1.61655,1.61665,0.20,0.05
2008.02.21 07:53:40.033,1.61655,1.61665,0.20,0.05
2008.02.21 07:53:40.438,1.61655,1.61665,0.20,0.05
2008.02.21 07:53:40.652,1.61655,1.61665,0.20,0.05
2008.02.21 07:53:40.867,1.6166,1.6167,0.20,0.20
2008.02.21 07:53:41.080,1.6166,1.6167,0.20,0.20
2008.02.21 07:53:41.293,1.6166,1.6167,0.20,0.20
2008.02.21 07:53:41.502,1.6166,1.6167,0.20,0.20
2008.02.21 07:53:41.716,1.6166,1.6167,0.20,0.20
2008.02.21 07:53:41.925,1.6166,1.6167,0.20,0.20
2008.02.21 07:53:42.135,1.6166,1.6167,0.20,0.20
2008.02.21 07:53:42.343,1.6166,1.6167,0.20,0.20
2008.02.21 07:53:42.638,1.6165,1.6166,8.10,0.05
2008.02.21 07:53:42.933,1.6166,1.6167,0.20,0.20
2008.02.21 07:53:43.228,1.6166,1.6167,0.20,0.20
2008.02.21 07:53:43.523,1.61655,1.61665,4.00,0.05
2008.02.21 07:53:43.761,1.6166,1.6167,0.20,0.20
2008.02.21 07:53:43.999,1.6166,1.6167,0.20,0.20
2008.02.21 07:53:44.239,1.61655,1.6167,0.20,0.20
2008.02.21 07:53:44.503,1.61655,1.6167,0.20,0.20
2008.02.21 07:53:44.776,1.6166,1.6167,0.20,0.20
2008.02.21 07:53:45.039,1.6166,1.6167,0.20,0.20
2008.02.21 07:53:45.315,1.6166,1.6167,0.20,0.20
2008.02.21 07:53:45.521,1.6166,1.6167,0.20,0.20
2008.02.21 07:53:45.736,1.6165,1.6166,8.00,0.05
2008.02.21 07:53:45.940,1.6166,1.6167,0.20,0.20
2008.02.21 07:53:46.143,1.6166,1.6167,0.20,0.20
2008.02.21 07:53:46.347,1.6166,1.6167,0.20,0.20
2008.02.21 07:53:46.585,1.6166,1.6167,0.20,0.20
2008.02.21 07:53:47.185,1.6166,1.6167,0.20,0.20
2008.02.21 07:53:47.557,1.61655,1.61665,0.20,0.05
2008.02.21 07:53:47.741,1.61655,1.61665,0.20,0.05
2008.02.21 07:53:47.924,1.61655,1.61665,0.20,0.05
2008.02.21 07:53:48.109,1.61655,1.61665,0.20,0.05
2008.02.21 07:53:48.293,1.6165,1.6166,0.20,0.20
2008.02.21 07:53:48.477,1.6165,1.6166,0.20,0.20
2008.02.21 07:53:48.691,1.6165,1.6166,0.20,0.20
2008.02.21 07:53:48.905,1.6165,1.6166,0.20,0.20
2008.02.21 07:53:49.119,1.6165,1.6166,0.20,0.20
2008.02.21 07:53:49.333,1.6165,1.6166,0.20,0.20
2008.02.21 07:53:49.547,1.6165,1.6166,0.20,0.05
2008.02.21 07:53:49.700,1.6166,1.6167,0.20,0.20
2008.02.21 07:53:49.854,1.6166,1.6167,0.20,0.20
2008.02.21 07:53:50.007,1.6166,1.6167,0.20,0.20
2008.02.21 07:53:50.490,1.6166,1.6167,0.20,0.20
2008.02.21 07:53:50.690,1.6166,1.6167,0.20,0.20
2008.02.21 07:53:51.098,1.6166,1.6167,0.20,0.20
2008.02.21 07:53:51.328,1.6166,1.6167,0.20,0.20
2008.02.21 07:53:51.543,1.6166,1.6167,0.20,0.20
2008.02.21 07:53:52.465,1.6166,1.6167,0.20,0.20
2008.02.21 07:53:52.636,1.6166,1.6167,0.20,0.20
2008.02.21 07:53:52.970,1.6166,1.6167,0.20,0.20
2008.02.21 07:53:53.201,1.6166,1.6167,0.20,0.20
2008.02.21 07:53:54.107,1.6166,1.6167,0.20,0.20
2008.02.21 07:53:54.297,1.6165,1.61665,8.10,0.05
2008.02.21 07:53:54.487,1.61645,1.6165,2.50,0.05
2008.02.21 07:53:54.678,1.6164,1.6165,9.70,0.05
2008.02.21 07:53:54.922,1.6164,1.6165,9.70,0.05
2008.02.21 07:53:55.146,1.6164,1.61655,8.10,0.05
2008.02.21 07:53:55.382,1.61655,1.6166,0.20,0.20
2008.02.21 07:53:55.617,1.61655,1.61665,0.20,0.60
2008.02.21 07:53:55.901,1.61655,1.61665,0.20,0.05
2008.02.21 07:53:56.196,1.61655,1.6167,0.20,0.20
2008.02.21 07:53:56.470,1.6166,1.6167,0.40,0.20
2008.02.21 07:53:56.755,1.6166,1.6167,0.20,0.20
2008.02.21 07:53:57.010,1.6166,1.6167,0.40,0.20
2008.02.21 07:53:57.263,1.6166,1.6167,0.40,0.20
2008.02.21 07:53:57.515,1.6166,1.6167,0.40,0.20
2008.02.21 07:53:57.769,1.6166,1.6167,0.40,0.20
2008.02.21 07:53:58.028,1.6166,1.6167,0.40,0.20
2008.02.21 07:53:58.286,1.6166,1.6167,0.40,0.20
2008.02.21 07:53:58.555,1.61665,1.61675,0.20,0.05
2008.02.21 07:53:58.804,1.61665,1.61675,0.20,0.05
2008.02.21 07:53:59.091,1.61665,1.61675,0.90,0.05
2008.02.21 07:53:59.320,1.6167,1.6168,0.20,0.20
2008.02.21 07:53:59.548,1.6167,1.6168,0.20,0.20
2008.02.21 07:53:59.777,1.6167,1.6168,0.20,0.20
2008.02.21 07:54:00.016,1.6167,1.6168,0.20,0.20
2008.02.21 07:54:00.254,1.61665,1.61675,0.20,0.05
2008.02.21 07:54:00.493,1.61665,1.61675,0.20,0.05
2008.02.21 07:54:00.732,1.61665,1.61675,0.20,0.05
2008.02.21 07:54:01.003,1.61665,1.61675,0.20,0.05
2008.02.21 07:54:01.273,1.61665,1.61675,0.20,0.05
2008.02.21 07:54:01.541,1.61665,1.61675,0.20,0.05
2008.02.21 07:54:01.809,1.61665,1.61675,0.20,0.05
2008.02.21 07:54:02.088,1.61665,1.61675,0.20,0.05
2008.02.21 07:54:02.316,1.61665,1.61675,0.20,0.05
2008.02.21 07:54:03.568,1.61665,1.61675,0.20,0.05
2008.02.21 07:54:03.774,1.61665,1.61675,0.20,0.05
2008.02.21 07:54:04.049,1.61665,1.61675,0.20,0.05
2008.02.21 07:54:04.322,1.61665,1.61675,0.20,0.05
2008.02.21 07:54:04.880,1.6166,1.61675,0.40,0.05
2008.02.21 07:54:05.135,1.6166,1.6167,0.20,0.20
2008.02.21 07:54:05.388,1.6166,1.6167,0.20,0.20
2008.02.21 07:54:05.642,1.61655,1.6167,0.20,0.20
2008.02.21 07:54:05.899,1.61655,1.6167,0.20,0.05
2008.02.21 07:54:06.122,1.61665,1.61675,0.20,0.05
2008.02.21 07:54:06.335,1.61665,1.61675,0.20,0.05
2008.02.21 07:54:06.864,1.61665,1.61675,0.20,0.05
2008.02.21 07:54:07.115,1.61665,1.6167,0.20,0.90
2008.02.21 07:54:07.364,1.61655,1.6167,0.20,0.20
2008.02.21 07:54:07.615,1.6166,1.6167,0.20,0.20
2008.02.21 07:54:07.867,1.61665,1.61675,0.20,0.05
2008.02.21 07:54:08.149,1.61665,1.61675,0.20,0.05
2008.02.21 07:54:08.433,1.61665,1.61675,0.20,0.05
2008.02.21 07:54:08.716,1.61665,1.61675,0.20,0.05
2008.02.21 07:54:09.000,1.61665,1.61675,0.20,0.05
2008.02.21 07:54:09.258,1.61665,1.61675,0.20,0.05
2008.02.21 07:54:09.517,1.61675,1.6169,0.20,0.50
2008.02.21 07:54:09.776,1.6168,1.6169,0.20,0.60
2008.02.21 07:54:10.035,1.6168,1.6169,0.20,0.20
2008.02.21 07:54:10.298,1.61685,1.61695,0.20,0.05
2008.02.21 07:54:10.567,1.61685,1.61695,0.20,0.05
2008.02.21 07:54:10.815,1.61685,1.61695,0.20,0.05
2008.02.21 07:54:11.074,1.61685,1.61695,0.20,0.05
2008.02.21 07:54:11.369,1.61685,1.61695,0.20,0.05
2008.02.21 07:54:11.662,1.61685,1.61695,0.20,0.05
2008.02.21 07:54:11.957,1.61685,1.61695,0.20,0.05
2008.02.21 07:54:12.202,1.61685,1.61695,0.20,0.05
2008.02.21 07:54:12.445,1.61685,1.61695,0.20,0.05
2008.02.21 07:54:12.690,1.61685,1.61695,0.20,0.05
2008.02.21 07:54:12.933,1.61685,1.61695,0.20,0.05
2008.02.21 07:54:13.212,1.61685,1.61695,0.20,0.05
2008.02.21 07:54:13.491,1.61685,1.61695,0.20,0.05
2008.02.21 07:54:13.771,1.6168,1.61695,0.40,0.05
2008.02.21 07:54:14.050,1.61685,1.6169,0.20,0.20
2008.02.21 07:54:14.325,1.6168,1.6169,0.40,0.20
2008.02.21 07:54:14.599,1.6168,1.6169,0.40,0.20
2008.02.21 07:54:14.872,1.6168,1.6169,0.40,0.20
2008.02.21 07:54:15.146,1.61685,1.6169,0.20,0.20
2008.02.21 07:54:15.451,1.61695,1.617,0.20,0.20
2008.02.21 07:54:15.756,1.6169,1.61695,0.10,0.50
2008.02.21 07:54:16.062,1.6168,1.6169,0.40,0.20
2008.02.21 07:54:16.306,1.6168,1.6169,0.40,0.20
2008.02.21 07:54:16.551,1.6168,1.6169,0.20,0.20
2008.02.21 07:54:16.795,1.6168,1.6169,0.40,0.20
2008.02.21 07:54:17.039,1.6168,1.6169,0.40,0.05
2008.02.21 07:54:17.333,1.6168,1.6169,0.40,0.20
2008.02.21 07:54:17.629,1.6168,1.6169,0.20,0.20
2008.02.21 07:54:17.923,1.6168,1.6169,0.20,0.20
2008.02.21 07:54:18.162,1.6168,1.6169,0.40,0.05
2008.02.21 07:54:18.400,1.6168,1.6169,0.40,0.20
2008.02.21 07:54:18.640,1.6168,1.6169,0.40,0.20
2008.02.21 07:54:18.879,1.6168,1.6169,0.40,0.05
2008.02.21 07:54:19.119,1.6168,1.6169,0.40,0.20
2008.02.21 07:54:19.428,1.6168,1.6169,0.40,0.20
2008.02.21 07:54:19.757,1.6169,1.617,0.20,0.20
2008.02.21 07:54:20.030,1.6169,1.617,0.20,0.20
2008.02.21 07:54:20.259,1.6169,1.617,0.20,0.20
2008.02.21 07:54:20.487,1.6169,1.617,0.20,0.20
2008.02.21 07:54:20.715,1.6169,1.617,0.20,0.20
2008.02.21 07:54:20.943,1.6169,1.617,0.20,0.20
2008.02.21 07:54:21.171,1.6169,1.617,0.20,0.20
2008.02.21 07:54:21.476,1.6169,1.617,0.20,0.20
2008.02.21 07:54:21.778,1.6169,1.617,0.20,0.20
2008.02.21 07:54:22.090,1.61685,1.61695,0.20,0.05
2008.02.21 07:54:22.304,1.61685,1.61695,0.20,0.05
2008.02.21 07:54:22.519,1.61685,1.617,5.70,0.20
2008.02.21 07:54:22.734,1.6169,1.61705,0.20,7.20
2008.02.21 07:54:22.949,1.61695,1.61705,0.20,1.60
2008.02.21 07:54:23.163,1.61695,1.61705,0.20,0.05
2008.02.21 07:54:23.468,1.61695,1.617,0.20,0.20
2008.02.21 07:54:23.773,1.61685,1.617,0.20,0.05
2008.02.21 07:54:24.083,1.61685,1.61695,0.20,0.05
2008.02.21 07:54:24.298,1.61685,1.61695,0.20,0.05
2008.02.21 07:54:24.513,1.61685,1.61695,0.20,0.05
2008.02.21 07:54:24.729,1.61685,1.61695,0.20,0.05
2008.02.21 07:54:24.945,1.61685,1.61695,0.20,0.05
2008.02.21 07:54:25.159,1.61685,1.61695,0.20,0.05
2008.02.21 07:54:25.443,1.61685,1.61695,0.20,0.05
2008.02.21 07:54:25.734,1.61685,1.61695,0.20,0.05
2008.02.21 07:54:26.014,1.61685,1.61695,0.20,0.05
2008.02.21 07:54:26.293,1.6168,1.61695,0.20,0.05
2008.02.21 07:54:26.562,1.6168,1.61695,0.20,0.05
2008.02.21 07:54:26.831,1.61685,1.61695,0.20,0.05
2008.02.21 07:54:27.100,1.61685,1.61695,0.20,0.05
2008.02.21 07:54:27.303,1.61685,1.61695,0.20,0.05
2008.02.21 07:54:27.508,1.61685,1.61695,0.20,0.05
2008.02.21 07:54:27.711,1.61685,1.61695,0.20,0.05
2008.02.21 07:54:27.914,1.61685,1.61695,0.20,0.05
2008.02.21 07:54:28.118,1.61685,1.61695,0.20,0.05
2008.02.21 07:54:28.403,1.61695,1.61705,0.20,1.60
2008.02.21 07:54:28.687,1.61695,1.61705,0.20,1.60
2008.02.21 07:54:28.972,1.61695,1.61705,0.20,1.60
2008.02.21 07:54:29.255,1.61695,1.61705,0.20,0.05
2008.02.21 07:54:29.454,1.61695,1.61705,0.20,0.05
2008.02.21 07:54:30.466,1.61695,1.61705,0.20,0.05
2008.02.21 07:54:31.221,1.61695,1.61705,0.20,0.05
2008.02.21 07:54:31.434,1.61695,1.61705,0.20,0.05
2008.02.21 07:54:31.621,1.61695,1.61705,0.20,0.05
2008.02.21 07:54:31.804,1.6169,1.617,0.20,0.05
2008.02.21 07:54:31.987,1.6169,1.617,0.20,0.05
2008.02.21 07:54:32.171,1.6169,1.617,0.20,0.05
2008.02.21 07:54:32.366,1.6169,1.617,0.20,0.05
2008.02.21 07:54:32.649,1.6169,1.617,0.20,0.05
2008.02.21 07:54:32.945,1.6168,1.6169,0.40,0.05
2008.02.21 07:54:33.239,1.6168,1.6169,0.40,0.20
2008.02.21 07:54:33.532,1.6168,1.6169,0.40,0.20
2008.02.21 07:54:33.730,1.6168,1.6169,0.40,0.20
2008.02.21 07:54:33.991,1.6168,1.6169,0.40,0.20
2008.02.21 07:54:34.201,1.6168,1.6169,0.40,0.05
2008.02.21 07:54:34.400,1.6168,1.6169,0.40,0.05
2008.02.21 07:54:34.719,1.6168,1.6169,0.40,0.05
2008.02.21 07:54:35.037,1.6168,1.6169,0.40,0.05
2008.02.21 07:54:35.357,1.6168,1.6169,0.40,0.20
2008.02.21 07:54:35.685,1.6168,1.6169,0.40,0.05
2008.02.21 07:54:35.915,1.6168,1.6169,0.40,0.20
2008.02.21 07:54:36.145,1.6168,1.6169,0.40,0.05
2008.02.21 07:54:36.385,1.6168,1.6169,0.40,0.20
2008.02.21 07:54:36.614,1.6168,1.6169,0.40,0.20
2008.02.21 07:54:36.847,1.6168,1.6169,0.40,0.05
2008.02.21 07:54:37.062,1.6168,1.6169,0.40,0.20
2008.02.21 07:54:37.285,1.6168,1.6169,0.40,0.20
2008.02.21 07:54:37.509,1.6169,1.61695,0.20,4.10
2008.02.21 07:54:37.693,1.6169,1.61695,0.20,4.10
2008.02.21 07:54:37.878,1.6169,1.617,0.20,0.20
2008.02.21 07:54:38.062,1.61695,1.61705,0.20,0.05
2008.02.21 07:54:38.246,1.61695,1.61705,0.20,0.05
2008.02.21 07:54:38.437,1.61695,1.61705,0.20,0.05
2008.02.21 07:54:38.736,1.61695,1.61705,0.20,0.05
2008.02.21 07:54:39.036,1.61695,1.61705,0.20,0.05
2008.02.21 07:54:39.333,1.61695,1.61705,0.20,0.05
2008.02.21 07:54:39.686,1.61695,1.61705,0.20,0.05
2008.02.21 07:54:39.891,1.61695,1.61705,0.20,0.05
2008.02.21 07:54:40.004,1.61695,1.61705,0.20,0.05
2008.02.21 07:54:40.117,1.61695,1.61705,0.20,0.05
2008.02.21 07:54:40.231,1.61695,1.61705,0.20,0.05
2008.02.21 07:54:40.345,1.61695,1.61705,0.20,0.05
2008.02.21 07:54:40.459,1.61695,1.61705,0.20,0.05
2008.02.21 07:54:40.581,1.61695,1.61705,0.20,0.05
2008.02.21 07:54:40.727,1.61695,1.61705,0.20,0.05
2008.02.21 07:54:40.945,1.61695,1.61705,0.20,0.05
2008.02.21 07:54:41.266,1.61695,1.61705,0.20,0.05
2008.02.21 07:54:41.677,1.61695,1.61705,0.20,0.05
2008.02.21 07:54:41.923,1.61695,1.61705,0.20,0.05
2008.02.21 07:54:42.183,1.61695,1.61705,0.20,0.05
2008.02.21 07:54:42.443,1.61695,1.61705,0.20,0.05
2008.02.21 07:54:44.047,1.61695,1.61705,0.20,0.05
2008.02.21 07:54:44.086,1.61695,1.61705,0.20,0.05
2008.02.21 07:54:44.975,1.61695,1.61705,0.20,0.05
2008.02.21 07:54:45.000,1.61695,1.61705,0.20,0.05
2008.02.21 07:54:45.090,1.61695,1.61705,0.20,0.05
2008.02.21 07:54:45.350,1.61695,1.61705,0.20,0.05
2008.02.21 07:54:45.609,1.61695,1.61705,0.20,0.05
2008.02.21 07:54:45.868,1.61695,1.61705,0.20,0.05
2008.02.21 07:54:46.127,1.61695,1.61705,0.20,0.05
2008.02.21 07:54:46.398,1.61695,1.61705,0.20,0.05
2008.02.21 07:54:46.667,1.61695,1.61705,0.20,0.05
2008.02.21 07:54:46.936,1.61695,1.61705,0.20,0.05
2008.02.21 07:54:47.204,1.61695,1.61705,0.20,0.05
2008.02.21 07:54:47.495,1.61695,1.61705,0.20,0.05
2008.02.21 07:54:47.713,1.61695,1.61705,0.20,0.05
2008.02.21 07:54:47.940,1.61695,1.61705,0.20,0.05
2008.02.21 07:54:48.169,1.61695,1.61705,0.20,0.05
2008.02.21 07:54:48.438,1.61695,1.61705,0.20,0.05
2008.02.21 07:54:48.708,1.61695,1.61705,0.20,0.05
2008.02.21 07:54:48.978,1.61695,1.61705,0.20,0.05
2008.02.21 07:54:49.246,1.61695,1.61705,0.20,0.05
2008.02.21 07:54:49.485,1.61695,1.61705,0.20,0.05
2008.02.21 07:54:49.724,1.61695,1.61705,0.20,0.05
2008.02.21 07:54:49.962,1.6169,1.61705,0.20,0.05
2008.02.21 07:54:50.210,1.61695,1.61705,0.20,0.05
2008.02.21 07:54:50.448,1.6169,1.617,0.20,0.05
2008.02.21 07:54:50.689,1.6169,1.617,0.20,0.05
2008.02.21 07:54:50.927,1.6169,1.617,0.20,0.05
2008.02.21 07:54:51.165,1.6169,1.617,0.20,0.05
2008.02.21 07:54:51.429,1.61685,1.617,0.20,0.05
2008.02.21 07:54:51.692,1.61685,1.617,0.20,0.05
2008.02.21 07:54:51.956,1.6169,1.617,0.20,0.05
2008.02.21 07:54:52.230,1.6169,1.617,0.20,0.05
2008.02.21 07:54:52.473,1.6169,1.617,0.20,0.05
2008.02.21 07:54:52.728,1.6169,1.617,0.20,0.05
2008.02.21 07:54:52.982,1.6169,1.617,0.20,0.05
2008.02.21 07:54:53.238,1.6169,1.617,0.20,0.05
2008.02.21 07:54:53.476,1.6169,1.617,0.20,0.05
2008.02.21 07:54:53.725,1.6169,1.617,0.20,0.05
2008.02.21 07:54:54.429,1.6169,1.617,0.20,0.05
2008.02.21 07:54:54.602,1.6169,1.617,0.20,0.05
2008.02.21 07:54:54.777,1.6169,1.617,0.20,0.05
2008.02.21 07:54:54.949,1.6169,1.617,0.20,0.05
2008.02.21 07:54:55.123,1.6169,1.617,0.20,0.05
2008.02.21 07:54:55.301,1.6169,1.617,0.20,0.05
2008.02.21 07:54:56.061,1.6169,1.617,0.20,0.05
2008.02.21 07:54:56.701,1.6169,1.617,0.20,0.05
2008.02.21 07:54:56.906,1.6169,1.617,0.20,0.05
2008.02.21 07:54:57.729,1.6169,1.617,0.20,0.05
2008.02.21 07:54:58.521,1.6169,1.617,0.20,0.05
2008.02.21 07:54:58.855,1.6169,1.617,0.20,0.05
2008.02.21 07:54:59.192,1.6169,1.617,0.20,0.05
2008.02.21 07:54:59.684,1.6169,1.617,0.20,0.05
2008.02.21 07:54:59.838,1.6169,1.617,0.20,0.05
2008.02.21 07:55:00.533,1.6169,1.617,0.20,0.05
2008.02.21 07:55:00.686,1.6169,1.617,0.20,0.05
2008.02.21 07:55:00.850,1.6169,1.617,0.20,0.05
2008.02.21 07:55:01.013,1.6169,1.617,0.20,0.05
2008.02.21 07:55:01.177,1.6169,1.617,0.20,0.05
2008.02.21 07:55:01.346,1.6169,1.617,0.20,0.05
2008.02.21 07:55:04.022,1.6169,1.617,0.20,0.05
2008.02.21 07:55:04.126,1.6169,1.617,0.20,0.05
2008.02.21 07:55:04.949,1.6169,1.617,0.20,0.05
2008.02.21 07:55:05.233,1.6169,1.617,0.20,0.05
2008.02.21 07:55:05.516,1.6169,1.617,0.20,0.05
2008.02.21 07:55:09.933,1.6169,1.617,0.20,0.05
2008.02.21 07:55:10.112,1.6169,1.617,0.20,0.05
2008.02.21 07:55:10.447,1.6169,1.617,0.20,0.05
2008.02.21 07:55:11.011,1.6169,1.617,0.20,0.05
2008.02.21 07:55:11.436,1.6169,1.617,0.20,0.05
2008.02.21 07:55:11.640,1.6169,1.617,0.20,0.05
2008.02.21 07:55:11.844,1.6169,1.617,0.20,0.05
2008.02.21 07:55:12.049,1.61685,1.61695,0.20,0.05
2008.02.21 07:55:12.302,1.6169,1.617,0.20,0.05
2008.02.21 07:55:12.556,1.6169,1.617,0.20,0.05
2008.02.21 07:55:12.810,1.6169,1.617,0.20,0.05
2008.02.21 07:55:13.064,1.6169,1.617,0.20,0.05
2008.02.21 07:55:13.327,1.6169,1.617,0.20,0.05
2008.02.21 07:55:13.645,1.61695,1.61705,0.20,0.05
2008.02.21 07:55:13.909,1.61695,1.61705,0.20,0.05
2008.02.21 07:55:14.172,1.61695,1.61705,0.20,0.05
2008.02.21 07:55:14.375,1.61695,1.61705,0.20,0.05
2008.02.21 07:55:14.569,1.61695,1.61705,0.20,0.05
2008.02.21 07:55:14.764,1.61695,1.61705,0.20,0.05
2008.02.21 07:55:14.957,1.61695,1.61705,0.20,0.05
2008.02.21 07:55:15.151,1.61695,1.61705,0.20,0.05
2008.02.21 07:55:15.470,1.61695,1.61705,0.20,0.05
2008.02.21 07:55:15.791,1.61695,1.61705,0.20,0.05
2008.02.21 07:55:16.110,1.61695,1.61705,0.20,0.05
2008.02.21 07:55:16.339,1.61695,1.61705,0.20,0.05
2008.02.21 07:55:16.567,1.61695,1.61705,0.20,0.05
2008.02.21 07:55:17.172,1.61695,1.61705,0.20,0.05
2008.02.21 07:55:17.400,1.61695,1.61705,0.20,0.05
2008.02.21 07:55:17.630,1.61695,1.61705,0.20,0.05
2008.02.21 07:55:17.859,1.61695,1.61705,0.20,0.05
2008.02.21 07:55:18.088,1.61695,1.61705,0.20,0.05
2008.02.21 07:55:18.324,1.61695,1.61705,0.20,0.05
2008.02.21 07:55:18.559,1.61695,1.61705,0.20,0.05
2008.02.21 07:55:18.802,1.61695,1.61705,0.20,0.05
2008.02.21 07:55:19.033,1.61695,1.61705,0.20,0.05
2008.02.21 07:55:19.270,1.61695,1.61705,0.20,0.05
2008.02.21 07:55:19.669,1.61695,1.61705,0.20,0.05
2008.02.21 07:55:19.966,1.61695,1.61705,0.20,0.05
2008.02.21 07:55:21.952,1.61695,1.61705,0.20,0.05
2008.02.21 07:55:22.181,1.61695,1.61705,0.20,0.05
2008.02.21 07:55:22.297,1.61695,1.61705,0.20,0.05
2008.02.21 07:55:22.406,1.61695,1.61705,0.20,0.05
2008.02.21 07:55:22.515,1.61695,1.61705,0.20,0.05
2008.02.21 07:55:22.625,1.61695,1.61705,0.20,0.05
2008.02.21 07:55:22.744,1.61695,1.61705,0.20,0.05
2008.02.21 07:55:22.853,1.61695,1.61705,0.20,0.05
2008.02.21 07:55:22.961,1.61695,1.61705,0.20,0.05
2008.02.21 07:55:23.071,1.61695,1.61705,0.20,0.05
2008.02.21 07:55:23.308,1.61695,1.61705,0.20,0.05
2008.02.21 07:55:23.641,1.61695,1.61705,0.20,0.05
2008.02.21 07:55:23.986,1.61695,1.61705,0.20,0.05
2008.02.21 07:55:24.319,1.61695,1.61705,0.20,0.05
2008.02.21 07:55:25.200,1.61695,1.61705,0.20,0.05
2008.02.21 07:55:25.412,1.61695,1.617,0.20,0.20
2008.02.21 07:55:25.626,1.6169,1.617,0.40,0.20
2008.02.21 07:55:25.842,1.61695,1.617,0.20,0.20
2008.02.21 07:55:26.067,1.6169,1.617,0.20,0.20
2008.02.21 07:55:26.282,1.61685,1.61695,0.20,0.05
2008.02.21 07:55:26.615,1.61685,1.61695,0.20,0.05
2008.02.21 07:55:26.950,1.6169,1.617,0.40,0.20
2008.02.21 07:55:27.284,1.6169,1.617,0.20,0.20
2008.02.21 07:55:27.472,1.6169,1.617,0.20,0.20
2008.02.21 07:55:27.670,1.6169,1.617,0.20,0.20
2008.02.21 07:55:27.849,1.6169,1.617,0.20,0.20
2008.02.21 07:55:28.038,1.6169,1.617,0.20,0.20
2008.02.21 07:55:28.228,1.61695,1.617,0.20,0.20
2008.02.21 07:55:28.418,1.61695,1.61705,0.20,0.05
2008.02.21 07:55:28.701,1.61695,1.61705,0.20,0.05
2008.02.21 07:55:28.996,1.61695,1.61705,0.20,0.05
2008.02.21 07:55:29.281,1.61695,1.61705,0.20,0.05
2008.02.21 07:55:29.522,1.61695,1.61705,0.20,0.05
2008.02.21 07:55:29.761,1.61695,1.61705,0.20,0.05
2008.02.21 07:55:31.429,1.61695,1.61705,0.20,0.05
2008.02.21 07:55:31.703,1.61695,1.61705,0.20,0.05
2008.02.21 07:55:31.851,1.61695,1.61705,0.20,0.05
2008.02.21 07:55:32.115,1.61695,1.61705,0.20,0.05
2008.02.21 07:55:32.265,1.6169,1.617,0.20,0.20
2008.02.21 07:55:32.414,1.6169,1.617,0.20,0.20
2008.02.21 07:55:32.748,1.6169,1.617,0.20,0.20
2008.02.21 07:55:33.176,1.6169,1.617,0.20,0.20
2008.02.21 07:55:33.511,1.6169,1.617,0.20,0.05
2008.02.21 07:55:33.674,1.6169,1.617,0.20,0.05
2008.02.21 07:55:33.836,1.6169,1.617,0.20,0.05
2008.02.21 07:55:34.000,1.6169,1.617,0.20,0.05
2008.02.21 07:55:34.165,1.6169,1.617,0.20,0.05
2008.02.21 07:55:34.330,1.6169,1.617,0.20,0.05
2008.02.21 07:55:34.493,1.6169,1.617,0.20,0.05
2008.02.21 07:55:34.666,1.6169,1.617,0.20,0.20
2008.02.21 07:55:34.940,1.6169,1.617,0.20,0.20
2008.02.21 07:55:35.215,1.6169,1.617,0.20,0.20
2008.02.21 07:55:35.987,1.6169,1.617,0.20,0.20
2008.02.21 07:55:36.239,1.61675,1.6168,0.20,0.05
2008.02.21 07:55:36.482,1.6167,1.6168,1.60,0.05
2008.02.21 07:55:36.726,1.61685,1.61695,0.20,1.60
2008.02.21 07:55:36.911,1.6168,1.6169,0.20,0.05
2008.02.21 07:55:37.094,1.6168,1.6169,0.20,0.05
2008.02.21 07:55:37.277,1.6168,1.6169,0.20,0.05
2008.02.21 07:55:37.460,1.6168,1.6169,0.20,0.05
2008.02.21 07:55:37.644,1.6168,1.6169,0.20,0.05
2008.02.21 07:55:37.978,1.6168,1.6169,0.20,0.05
2008.02.21 07:55:38.312,1.6168,1.6169,0.20,0.05
2008.02.21 07:55:38.645,1.6168,1.6169,0.20,0.05
2008.02.21 07:55:38.997,1.6168,1.6169,0.20,0.05
2008.02.21 07:55:39.206,1.6168,1.6169,0.20,0.05
2008.02.21 07:55:42.941,1.6168,1.6169,0.20,0.05
2008.02.21 07:55:43.243,1.6168,1.6169,0.20,0.05
2008.02.21 07:55:43.443,1.6168,1.6169,0.20,0.05
2008.02.21 07:55:43.600,1.61675,1.6169,0.20,0.05
2008.02.21 07:55:43.760,1.61675,1.6169,0.20,0.05
2008.02.21 07:55:44.075,1.6168,1.6169,0.20,0.05
2008.02.21 07:55:44.391,1.6168,1.6169,0.20,0.20
2008.02.21 07:55:44.706,1.6168,1.6169,0.20,0.05
2008.02.21 07:55:45.025,1.6168,1.6169,0.20,0.20
2008.02.21 07:55:45.266,1.6167,1.6168,0.20,0.05
2008.02.21 07:55:45.504,1.6167,1.6168,0.20,0.05
2008.02.21 07:55:45.744,1.6167,1.6168,0.20,0.05
2008.02.21 07:55:45.983,1.61665,1.6168,0.20,0.05
2008.02.21 07:55:46.157,1.61665,1.6168,0.20,0.05
2008.02.21 07:55:46.331,1.61665,1.6168,0.20,0.05
2008.02.21 07:55:46.505,1.61665,1.6168,0.20,0.05
2008.02.21 07:55:46.680,1.61665,1.6168,0.20,0.05
2008.02.21 07:55:46.853,1.6167,1.6168,0.20,0.05
2008.02.21 07:55:47.187,1.6167,1.6168,0.20,0.05
2008.02.21 07:55:47.521,1.6167,1.6168,0.20,0.05
2008.02.21 07:55:47.855,1.6167,1.6168,0.20,0.05
2008.02.21 07:55:48.049,1.6167,1.6168,0.20,0.05
2008.02.21 07:55:48.241,1.6167,1.6168,0.20,0.05
2008.02.21 07:55:48.436,1.6167,1.6168,0.20,0.05
2008.02.21 07:55:48.744,1.6167,1.6168,0.20,0.05
2008.02.21 07:55:48.962,1.6167,1.6168,0.20,0.05
2008.02.21 07:55:49.267,1.6167,1.6168,0.20,0.05
2008.02.21 07:55:49.571,1.6167,1.6168,0.20,0.05
2008.02.21 07:55:50.010,1.6167,1.6168,0.20,0.05
2008.02.21 07:55:50.217,1.6167,1.6168,0.20,0.05
2008.02.21 07:55:50.417,1.6167,1.6168,0.20,0.05
2008.02.21 07:55:51.637,1.6167,1.6168,0.20,0.05
2008.02.21 07:55:51.928,1.6167,1.6168,0.20,0.05
2008.02.21 07:55:52.117,1.6167,1.6168,0.20,0.20
2008.02.21 07:55:52.312,1.61665,1.61675,0.20,0.05
2008.02.21 07:55:52.501,1.61665,1.61675,0.20,0.05
2008.02.21 07:55:52.692,1.61665,1.61675,0.20,0.05
2008.02.21 07:55:52.880,1.61665,1.61675,0.20,0.05
2008.02.21 07:55:53.068,1.61665,1.61675,0.20,0.05
2008.02.21 07:55:53.181,1.61665,1.61675,0.20,0.05
2008.02.21 07:55:53.375,1.61665,1.61675,0.20,0.05
2008.02.21 07:55:53.674,1.61665,1.61675,0.20,0.05
2008.02.21 07:55:53.973,1.61665,1.61675,0.20,0.05
2008.02.21 07:55:54.272,1.61665,1.61675,0.20,0.05
2008.02.21 07:55:54.516,1.61665,1.61675,0.20,0.05
2008.02.21 07:55:54.760,1.61665,1.61675,0.20,0.05
2008.02.21 07:55:55.604,1.61665,1.61675,0.20,0.05
2008.02.21 07:55:55.848,1.61665,1.61675,0.20,0.05
2008.02.21 07:55:56.101,1.61665,1.61675,0.20,0.05
2008.02.21 07:55:56.336,1.61665,1.61675,0.20,0.05
2008.02.21 07:55:56.519,1.61665,1.61675,0.20,0.05
2008.02.21 07:55:57.266,1.61665,1.61675,0.20,0.05
2008.02.21 07:55:57.565,1.61665,1.61675,0.20,0.05
2008.02.21 07:55:57.865,1.61665,1.61675,0.20,0.05
2008.02.21 07:55:58.165,1.61665,1.61675,0.20,0.05
2008.02.21 07:55:58.678,1.61665,1.61675,0.20,0.05
2008.02.21 07:55:58.901,1.61665,1.61675,0.20,0.05
2008.02.21 07:56:00.267,1.61665,1.61675,0.20,0.05
2008.02.21 07:56:00.407,1.61665,1.61675,0.20,0.05
2008.02.21 07:56:00.562,1.61665,1.6167,0.20,0.20
2008.02.21 07:56:00.715,1.6166,1.6167,0.40,0.20
2008.02.21 07:56:00.869,1.6166,1.6167,0.40,0.20
2008.02.21 07:56:01.656,1.6166,1.6167,0.40,0.20
2008.02.21 07:56:01.870,1.6166,1.6167,0.40,0.20
2008.02.21 07:56:02.083,1.6166,1.6167,0.40,0.20
2008.02.21 07:56:02.298,1.6166,1.6167,0.40,0.20
2008.02.21 07:56:02.512,1.6166,1.6167,0.40,0.20
2008.02.21 07:56:02.892,1.6167,1.61675,0.20,4.10
2008.02.21 07:56:03.046,1.6167,1.6168,0.20,0.20
2008.02.21 07:56:03.199,1.6167,1.6168,0.20,0.20
2008.02.21 07:56:03.353,1.6167,1.6168,0.20,1.00
2008.02.21 07:56:03.507,1.6167,1.6168,0.20,1.00
2008.02.21 07:56:03.790,1.61665,1.6168,0.20,1.00
2008.02.21 07:56:04.075,1.61665,1.6168,0.20,0.20
2008.02.21 07:56:04.359,1.61665,1.6168,0.20,0.20
2008.02.21 07:56:04.647,1.6167,1.6168,0.20,0.20
2008.02.21 07:56:04.831,1.6167,1.6168,0.20,0.20
2008.02.21 07:56:05.004,1.6167,1.6168,0.20,0.20
2008.02.21 07:56:05.177,1.6168,1.61685,0.20,4.10
2008.02.21 07:56:05.352,1.6167,1.6168,2.40,0.20
2008.02.21 07:56:05.528,1.6168,1.6169,0.20,0.20
2008.02.21 07:56:05.861,1.6168,1.6169,0.20,0.20
2008.02.21 07:56:06.205,1.6168,1.6169,0.20,0.20
2008.02.21 07:56:06.540,1.6168,1.6169,0.20,0.20
2008.02.21 07:56:06.710,1.6168,1.6169,0.20,0.20
2008.02.21 07:56:06.882,1.6168,1.6169,0.40,0.20
2008.02.21 07:56:07.051,1.6168,1.6169,0.40,0.20
2008.02.21 07:56:07.218,1.6168,1.6169,0.40,0.20
2008.02.21 07:56:07.387,1.6168,1.6169,0.20,0.20
2008.02.21 07:56:07.556,1.6168,1.6169,0.20,0.20
2008.02.21 07:56:09.611,1.6167,1.6168,1.20,0.05
2008.02.21 07:56:09.700,1.6167,1.6168,2.60,0.20
2008.02.21 07:56:09.788,1.6167,1.6168,0.40,0.20
2008.02.21 07:56:09.960,1.6167,1.6168,0.40,0.20
2008.02.21 07:56:10.049,1.6167,1.6168,0.40,0.20
2008.02.21 07:56:10.139,1.6167,1.6168,0.40,0.20
2008.02.21 07:56:10.227,1.6167,1.6168,0.40,0.20
2008.02.21 07:56:10.315,1.6167,1.6168,0.40,0.20
2008.02.21 07:56:10.703,1.6167,1.6168,0.40,0.20
2008.02.21 07:56:10.927,1.6167,1.6168,0.40,0.05
2008.02.21 07:56:11.149,1.6167,1.6168,0.40,0.05
2008.02.21 07:56:11.382,1.6167,1.6168,0.40,0.20
2008.02.21 07:56:11.606,1.6167,1.6168,0.40,0.20
2008.02.21 07:56:12.497,1.6167,1.6168,0.40,0.20
2008.02.21 07:56:12.776,1.6167,1.6168,0.20,0.20
2008.02.21 07:56:13.424,1.6167,1.6168,0.20,0.20
2008.02.21 07:56:13.725,1.6167,1.6168,0.20,0.20
2008.02.21 07:56:13.939,1.6167,1.6168,0.20,0.20
2008.02.21 07:56:14.258,1.6167,1.6168,0.20,0.20
2008.02.21 07:56:14.456,1.6167,1.6168,0.20,0.20
2008.02.21 07:56:15.123,1.6167,1.6168,0.20,0.20
2008.02.21 07:56:15.358,1.61675,1.61685,0.20,0.05
2008.02.21 07:56:15.593,1.61675,1.61685,0.20,0.05
2008.02.21 07:56:15.827,1.61675,1.61685,0.20,0.05
2008.02.21 07:56:15.960,1.61675,1.61685,0.20,0.05
2008.02.21 07:56:16.229,1.61675,1.61685,0.20,0.05
2008.02.21 07:56:16.355,1.61675,1.61685,0.20,0.05
2008.02.21 07:56:16.487,1.61675,1.61685,0.20,0.05
2008.02.21 07:56:19.949,1.61675,1.61685,0.20,0.05
2008.02.21 07:56:23.117,1.61675,1.61685,0.20,0.05
2008.02.21 07:56:23.231,1.61675,1.61685,0.20,0.05
2008.02.21 07:56:23.638,1.61675,1.61685,0.20,0.05
2008.02.21 07:56:23.753,1.61675,1.61685,0.20,0.05
2008.02.21 07:56:23.878,1.61675,1.61685,0.20,0.05
2008.02.21 07:56:23.993,1.61675,1.61685,0.20,0.05
2008.02.21 07:56:27.754,1.61675,1.61685,0.20,0.05
2008.02.21 07:56:28.726,1.61675,1.61685,0.20,0.05
2008.02.21 07:56:29.795,1.61675,1.61685,0.20,0.05
2008.02.21 07:56:29.909,1.61675,1.61685,0.20,0.05
2008.02.21 07:56:30.023,1.61675,1.61685,0.20,0.05
2008.02.21 07:56:30.168,1.61675,1.61685,0.20,0.05
2008.02.21 07:56:30.282,1.61675,1.61685,0.20,0.05
2008.02.21 07:56:30.396,1.61675,1.61685,0.20,0.05
2008.02.21 07:56:30.510,1.61675,1.61685,0.20,0.05
2008.02.21 07:56:30.625,1.61675,1.61685,0.20,0.05
2008.02.21 07:56:30.739,1.61675,1.61685,0.20,0.05
2008.02.21 07:56:31.079,1.61675,1.61685,0.20,0.05
2008.02.21 07:56:31.629,1.61675,1.61685,0.20,0.05
2008.02.21 07:56:31.964,1.61675,1.61685,0.20,0.05
2008.02.21 07:56:32.162,1.61675,1.61685,0.20,0.05
2008.02.21 07:56:32.875,1.6167,1.6168,0.20,0.05
2008.02.21 07:56:33.086,1.6167,1.6168,0.20,0.05
2008.02.21 07:56:33.305,1.6167,1.6168,0.20,0.05
2008.02.21 07:56:33.524,1.6167,1.6168,0.20,0.05
2008.02.21 07:56:34.996,1.6167,1.6168,0.20,0.05
2008.02.21 07:56:35.275,1.6167,1.6168,0.20,0.05
2008.02.21 07:56:35.680,1.6167,1.6168,0.20,0.05
2008.02.21 07:56:35.744,1.6167,1.6168,0.20,0.05
2008.02.21 07:56:35.808,1.6167,1.6168,0.20,0.05
2008.02.21 07:56:35.909,1.6167,1.6168,0.20,0.05
2008.02.21 07:56:35.995,1.6167,1.6168,0.20,0.05
2008.02.21 07:56:36.159,1.61675,1.61685,0.20,0.05
2008.02.21 07:56:36.323,1.61675,1.61685,0.20,0.05
2008.02.21 07:56:36.487,1.61675,1.61685,0.20,0.05
2008.02.21 07:56:36.738,1.61675,1.61685,0.20,0.05
2008.02.21 07:56:38.408,1.61675,1.61685,0.20,0.05
2008.02.21 07:56:38.642,1.61675,1.61685,0.20,0.05
2008.02.21 07:56:39.231,1.61675,1.61685,0.20,0.05
2008.02.21 07:56:39.394,1.61675,1.61685,0.20,0.05
2008.02.21 07:56:39.558,1.61675,1.61685,0.20,0.05
2008.02.21 07:56:39.748,1.61675,1.61685,0.20,0.05
2008.02.21 07:56:39.972,1.61675,1.61685,0.20,0.05
2008.02.21 07:56:40.168,1.61675,1.61685,0.20,0.05
2008.02.21 07:56:42.986,1.61675,1.61685,0.20,0.05
2008.02.21 07:56:43.187,1.61675,1.61685,0.20,0.05
2008.02.21 07:56:43.480,1.61675,1.61685,0.20,0.05
2008.02.21 07:56:44.000,1.61675,1.61685,0.20,0.05
2008.02.21 07:56:47.196,1.61675,1.61685,0.20,0.05
2008.02.21 07:56:47.305,1.61675,1.61685,0.20,0.05
2008.02.21 07:56:47.422,1.61675,1.61685,0.20,0.05
2008.02.21 07:56:47.531,1.61675,1.61685,0.20,0.05
2008.02.21 07:56:47.716,1.61675,1.61685,0.20,0.05
2008.02.21 07:56:48.611,1.6168,1.6169,0.20,0.20
2008.02.21 07:56:48.814,1.6168,1.6169,0.20,0.20
2008.02.21 07:56:49.019,1.6168,1.61695,0.20,0.05
2008.02.21 07:56:49.262,1.6168,1.61695,0.20,0.05
2008.02.21 07:56:50.426,1.6168,1.61695,0.20,0.05
2008.02.21 07:56:50.951,1.6168,1.61695,0.20,0.05
2008.02.21 07:56:51.130,1.61685,1.61695,0.20,0.05
2008.02.21 07:56:51.283,1.6168,1.6169,0.20,0.05
2008.02.21 07:56:51.427,1.6168,1.6169,0.20,0.05
2008.02.21 07:56:51.570,1.6168,1.6169,0.20,0.05
2008.02.21 07:56:51.713,1.6168,1.6169,0.20,0.05
2008.02.21 07:56:52.073,1.6168,1.6169,0.20,0.05
2008.02.21 07:56:52.685,1.6168,1.6169,0.20,0.05
2008.02.21 07:56:53.466,1.6168,1.6169,0.20,0.05
2008.02.21 07:56:53.687,1.6168,1.6169,0.20,0.05
2008.02.21 07:56:56.740,1.6168,1.6169,0.20,0.05
2008.02.21 07:56:56.962,1.6168,1.6169,0.20,0.05
2008.02.21 07:56:57.665,1.6168,1.6169,0.20,0.05
2008.02.21 07:56:59.419,1.6168,1.6169,0.20,0.05
2008.02.21 07:57:02.448,1.6168,1.6169,0.20,0.05
2008.02.21 07:57:02.973,1.6168,1.6169,0.20,0.05
2008.02.21 07:57:07.595,1.61685,1.61695,0.20,0.05
2008.02.21 07:57:07.683,1.61685,1.61695,0.20,0.05
2008.02.21 07:57:07.771,1.61685,1.61695,0.20,0.05
2008.02.21 07:57:07.860,1.61685,1.61695,0.20,0.05
2008.02.21 07:57:07.958,1.61685,1.61695,0.20,0.05
2008.02.21 07:57:08.250,1.61685,1.61695,0.20,0.05
2008.02.21 07:57:09.689,1.61685,1.61695,0.20,0.05
2008.02.21 07:57:10.007,1.61685,1.61695,0.20,0.05
2008.02.21 07:57:10.100,1.61685,1.61695,0.20,0.05
2008.02.21 07:57:10.196,1.6168,1.6169,0.20,0.05
2008.02.21 07:57:10.289,1.6168,1.6169,0.20,0.05
2008.02.21 07:57:10.348,1.6168,1.6169,0.20,0.05
2008.02.21 07:57:11.228,1.6168,1.6169,0.20,0.05
2008.02.21 07:57:11.431,1.6168,1.6169,0.20,0.05
2008.02.21 07:57:11.743,1.6168,1.6169,0.20,0.05
2008.02.21 07:57:11.791,1.6168,1.6169,0.20,0.05
2008.02.21 07:57:11.948,1.6168,1.6169,0.20,0.05
2008.02.21 07:57:11.999,1.6168,1.6169,0.40,0.05
2008.02.21 07:57:12.069,1.6168,1.6169,0.40,0.05
2008.02.21 07:57:12.153,1.6168,1.61685,0.20,0.05
2008.02.21 07:57:12.203,1.61675,1.61685,0.20,0.05
2008.02.21 07:57:12.274,1.61675,1.61685,0.20,0.05
2008.02.21 07:57:12.417,1.61675,1.61685,0.20,0.05
2008.02.21 07:57:12.571,1.61675,1.61685,0.20,0.05
2008.02.21 07:57:12.724,1.61675,1.61685,0.20,0.05
2008.02.21 07:57:12.978,1.61675,1.61685,0.20,0.05
2008.02.21 07:57:13.136,1.61675,1.61685,0.20,0.05
2008.02.21 07:57:13.289,1.61675,1.61685,0.20,0.05
2008.02.21 07:57:13.444,1.61675,1.61685,0.20,0.05
2008.02.21 07:57:13.686,1.61675,1.61685,0.20,0.05
2008.02.21 07:57:13.921,1.61675,1.61685,0.20,0.05
2008.02.21 07:57:14.446,1.61675,1.61685,0.20,0.05
2008.02.21 07:57:14.510,1.61675,1.61685,0.20,0.05
2008.02.21 07:57:14.619,1.61675,1.61685,0.20,0.05
2008.02.21 07:57:14.692,1.61675,1.61685,0.20,0.05
2008.02.21 07:57:14.747,1.61675,1.61685,0.20,0.05
2008.02.21 07:57:15.051,1.61675,1.61685,0.20,0.05
2008.02.21 07:57:15.126,1.61675,1.61685,0.20,0.05
2008.02.21 07:57:15.200,1.61675,1.61685,0.20,0.05
2008.02.21 07:57:16.634,1.61675,1.61685,0.20,0.05
2008.02.21 07:57:16.671,1.61675,1.61685,0.20,0.05
2008.02.21 07:57:16.878,1.61675,1.61685,0.20,0.05
2008.02.21 07:57:17.248,1.61675,1.61685,0.20,0.05
2008.02.21 07:57:17.453,1.61675,1.61685,0.20,0.05
2008.02.21 07:57:19.010,1.61675,1.61685,0.20,0.05
2008.02.21 07:57:19.165,1.61675,1.61685,0.20,0.05
2008.02.21 07:57:19.254,1.61675,1.61685,0.20,0.05
2008.02.21 07:57:19.552,1.61675,1.61685,0.20,0.05
2008.02.21 07:57:19.875,1.61675,1.61685,0.20,0.05
2008.02.21 07:57:20.179,1.61675,1.61685,0.20,0.05
2008.02.21 07:57:20.493,1.61675,1.61685,0.20,0.05
2008.02.21 07:57:20.807,1.61675,1.61685,0.20,0.05
2008.02.21 07:57:21.226,1.61675,1.61685,0.20,0.05
2008.02.21 07:57:22.246,1.61675,1.61685,0.20,0.05
2008.02.21 07:57:22.372,1.61675,1.61685,0.20,0.05
2008.02.21 07:57:25.677,1.61675,1.61685,0.20,0.05
2008.02.21 07:57:25.729,1.61675,1.61685,0.20,0.05
2008.02.21 07:57:25.806,1.61675,1.61685,0.20,0.05
2008.02.21 07:57:25.860,1.61675,1.61685,0.20,0.05
2008.02.21 07:57:25.914,1.61675,1.61685,0.20,0.05
2008.02.21 07:57:26.005,1.61675,1.61685,0.20,0.05
2008.02.21 07:57:26.253,1.61675,1.61685,0.20,0.05
2008.02.21 07:57:26.513,1.61675,1.61685,0.20,0.05
2008.02.21 07:57:30.104,1.61675,1.61685,0.20,0.05
2008.02.21 07:57:30.213,1.61675,1.61685,0.20,0.05
2008.02.21 07:57:30.329,1.61675,1.61685,0.20,0.05
2008.02.21 07:57:30.401,1.61675,1.61685,0.20,0.05
2008.02.21 07:57:34.148,1.61675,1.61685,0.20,0.05
2008.02.21 07:57:34.255,1.61675,1.61685,0.20,0.05
2008.02.21 07:57:35.493,1.61675,1.61685,0.20,0.05
2008.02.21 07:57:35.699,1.61675,1.61685,0.20,0.05
2008.02.21 07:57:35.904,1.61675,1.61685,0.20,0.05
2008.02.21 07:57:36.109,1.61675,1.61685,0.20,0.05
2008.02.21 07:57:36.428,1.61675,1.61685,0.20,0.05
2008.02.21 07:57:36.947,1.61675,1.61685,0.20,0.05
2008.02.21 07:57:37.214,1.61675,1.61685,0.20,0.05
2008.02.21 07:57:37.482,1.61675,1.61685,0.20,0.05
2008.02.21 07:57:42.736,1.61675,1.61685,0.20,0.05
2008.02.21 07:57:44.945,1.61675,1.61685,0.20,0.05
2008.02.21 07:57:45.254,1.61675,1.61685,0.20,0.05
2008.02.21 07:57:45.444,1.61675,1.61685,0.20,0.05
2008.02.21 07:57:45.479,1.61675,1.61685,0.20,0.05
2008.02.21 07:57:45.582,1.61675,1.61685,0.20,0.05
2008.02.21 07:57:45.761,1.61675,1.61685,0.20,0.05
2008.02.21 07:57:46.183,1.61675,1.61685,0.20,0.05
2008.02.21 07:57:47.722,1.61675,1.61685,0.20,0.05
2008.02.21 07:57:48.455,1.61675,1.61685,0.20,0.05
2008.02.21 07:57:50.657,1.61675,1.61685,0.20,0.05
2008.02.21 07:57:50.677,1.61675,1.61685,0.20,0.05
2008.02.21 07:57:52.616,1.61675,1.61685,0.20,0.05
2008.02.21 07:57:53.037,1.61675,1.61685,0.20,0.05
2008.02.21 07:57:53.191,1.61675,1.61685,0.20,0.05
2008.02.21 07:57:53.236,1.61675,1.61685,0.20,0.05
2008.02.21 07:57:53.407,1.61675,1.61685,0.20,0.05
2008.02.21 07:57:53.450,1.61675,1.61685,0.20,0.05
2008.02.21 07:57:53.520,1.61675,1.61685,0.20,0.05
2008.02.21 07:57:53.728,1.61675,1.61685,0.20,0.05
2008.02.21 07:57:56.676,1.61675,1.61685,0.20,0.05
2008.02.21 07:57:56.983,1.61675,1.61685,0.20,0.05
2008.02.21 07:57:57.214,1.61665,1.61675,8.90,0.05
2008.02.21 07:57:57.443,1.6167,1.6168,0.20,0.20
2008.02.21 07:57:57.672,1.6167,1.6168,0.20,0.20
2008.02.21 07:57:57.901,1.61675,1.61685,0.20,4.00
2008.02.21 07:57:58.165,1.61675,1.61685,0.20,0.05
2008.02.21 07:57:58.429,1.61675,1.6168,0.20,0.20
2008.02.21 07:57:58.693,1.6167,1.6168,0.20,0.20
2008.02.21 07:57:58.958,1.61675,1.61685,0.20,4.00
2008.02.21 07:57:59.150,1.61675,1.61685,0.20,0.05
2008.02.21 07:57:59.345,1.61675,1.61685,0.20,0.05
2008.02.21 07:57:59.538,1.61675,1.61685,0.20,0.05
2008.02.21 07:57:59.733,1.61675,1.61685,0.20,0.05
2008.02.21 07:57:59.927,1.61675,1.61685,0.20,0.05
2008.02.21 07:58:00.142,1.61675,1.61685,0.20,0.05
2008.02.21 07:58:00.356,1.61675,1.6168,0.20,0.20
2008.02.21 07:58:00.571,1.61675,1.6168,0.20,0.20
2008.02.21 07:58:00.785,1.6167,1.6168,0.20,0.20
2008.02.21 07:58:01.000,1.61675,1.61685,0.20,0.05
2008.02.21 07:58:01.234,1.61675,1.61685,0.20,0.05
2008.02.21 07:58:01.469,1.61675,1.61685,0.20,0.05
2008.02.21 07:58:01.702,1.61675,1.61685,0.20,0.05
2008.02.21 07:58:01.936,1.61675,1.61685,0.20,0.05
2008.02.21 07:58:02.170,1.61675,1.61685,0.20,0.05
2008.02.21 07:58:02.454,1.61675,1.61685,0.20,0.05
2008.02.21 07:58:02.727,1.61675,1.61685,0.20,0.05
2008.02.21 07:58:03.000,1.61675,1.61685,0.20,0.05
2008.02.21 07:58:03.274,1.61675,1.61685,0.20,0.05
2008.02.21 07:58:03.489,1.61675,1.61685,0.20,0.05
2008.02.21 07:58:03.703,1.61675,1.61685,0.20,0.05
2008.02.21 07:58:03.918,1.61675,1.61685,0.20,0.05
2008.02.21 07:58:04.132,1.61675,1.61685,0.20,0.05
2008.02.21 07:58:06.738,1.61675,1.61685,0.20,0.05
2008.02.21 07:58:06.887,1.61675,1.61685,0.20,0.05
2008.02.21 07:58:07.255,1.61675,1.61685,0.20,0.05
2008.02.21 07:58:07.471,1.61675,1.61685,0.20,0.05
2008.02.21 07:58:07.565,1.61675,1.61685,0.20,0.05
2008.02.21 07:58:07.726,1.61675,1.61685,0.20,0.05
2008.02.21 07:58:07.821,1.61675,1.61685,0.20,0.05
2008.02.21 07:58:07.914,1.61675,1.61685,0.20,0.05
2008.02.21 07:58:08.007,1.61675,1.61685,0.20,0.05
2008.02.21 07:58:08.196,1.61675,1.61685,0.20,0.05
2008.02.21 07:58:08.531,1.61675,1.61685,0.20,0.05
2008.02.21 07:58:08.866,1.61675,1.61685,0.20,0.05
2008.02.21 07:58:09.199,1.61675,1.61685,0.20,0.05
2008.02.21 07:58:09.455,1.61675,1.61685,0.20,0.05
2008.02.21 07:58:09.684,1.61675,1.61685,0.20,0.05
2008.02.21 07:58:10.323,1.61675,1.61685,0.20,0.05
2008.02.21 07:58:10.670,1.61675,1.61685,0.20,0.05
2008.02.21 07:58:10.884,1.61675,1.61685,0.20,0.05
2008.02.21 07:58:11.099,1.61675,1.61685,0.20,0.05
2008.02.21 07:58:11.311,1.61675,1.61685,0.20,0.05
2008.02.21 07:58:11.550,1.61675,1.61685,0.20,0.05
2008.02.21 07:58:11.788,1.61675,1.61685,0.20,0.05
2008.02.21 07:58:12.949,1.61675,1.61685,0.20,0.05
2008.02.21 07:58:13.263,1.61675,1.61685,0.20,0.05
2008.02.21 07:58:13.481,1.61675,1.61685,0.20,0.05
2008.02.21 07:58:13.700,1.61675,1.61685,0.20,0.05
2008.02.21 07:58:14.174,1.61675,1.61685,0.20,0.05
2008.02.21 07:58:14.392,1.61675,1.61685,0.20,0.05
2008.02.21 07:58:14.628,1.61675,1.61685,0.20,0.05
2008.02.21 07:58:19.454,1.61675,1.61685,0.20,0.05
2008.02.21 07:58:21.944,1.61675,1.61685,0.20,0.05
2008.02.21 07:58:22.039,1.61675,1.61685,0.20,0.05
2008.02.21 07:58:22.097,1.61675,1.61685,0.20,0.05
2008.02.21 07:58:22.195,1.61675,1.61685,0.20,0.05
2008.02.21 07:58:22.253,1.61675,1.61685,0.20,4.00
2008.02.21 07:58:22.312,1.61675,1.61685,0.20,4.00
2008.02.21 07:58:22.370,1.61675,1.6168,0.20,0.20
2008.02.21 07:58:22.495,1.61675,1.6168,0.20,0.20
2008.02.21 07:58:22.552,1.61675,1.6168,0.20,0.20
2008.02.21 07:58:22.887,1.61675,1.61685,0.20,0.05
2008.02.21 07:58:23.223,1.61675,1.61685,0.20,0.05
2008.02.21 07:58:23.557,1.61675,1.61685,0.20,0.05
2008.02.21 07:58:23.776,1.61675,1.61685,0.20,0.05
2008.02.21 07:58:24.238,1.61675,1.61685,0.20,0.05
2008.02.21 07:58:24.457,1.61675,1.61685,0.20,0.05
2008.02.21 07:58:24.764,1.61675,1.61685,0.20,0.05
2008.02.21 07:58:25.009,1.61675,1.61685,0.20,0.05
2008.02.21 07:58:25.252,1.61675,1.61685,0.20,0.05
2008.02.21 07:58:25.495,1.61675,1.61685,0.20,0.05
2008.02.21 07:58:25.508,1.61675,1.61685,0.20,0.05
2008.02.21 07:58:25.740,1.61675,1.61685,0.20,0.05
2008.02.21 07:58:25.943,1.61675,1.61685,0.20,0.05
2008.02.21 07:58:26.147,1.61675,1.61685,0.60,0.05
2008.02.21 07:58:26.352,1.6168,1.6169,0.40,0.20
2008.02.21 07:58:26.555,1.6168,1.6169,0.40,0.20
2008.02.21 07:58:26.856,1.6168,1.6169,0.40,0.20
2008.02.21 07:58:27.271,1.6168,1.6169,0.40,0.20
2008.02.21 07:58:27.505,1.6168,1.6169,0.20,0.20
2008.02.21 07:58:27.739,1.6168,1.6169,0.40,0.20
2008.02.21 07:58:27.958,1.6168,1.6169,0.20,0.20
2008.02.21 07:58:28.176,1.6168,1.6169,0.20,0.20
2008.02.21 07:58:28.396,1.6168,1.6169,0.20,0.20
2008.02.21 07:58:28.616,1.6168,1.6169,0.40,0.20
2008.02.21 07:58:28.834,1.6168,1.6169,0.40,0.20
2008.02.21 07:58:29.076,1.6168,1.6169,0.40,0.20
2008.02.21 07:58:29.727,1.6168,1.6169,0.20,0.20
2008.02.21 07:58:29.900,1.6168,1.6169,0.40,0.05
2008.02.21 07:58:30.074,1.6168,1.6169,0.40,0.05
2008.02.21 07:58:30.249,1.6168,1.6169,0.40,0.05
2008.02.21 07:58:30.469,1.6168,1.6169,0.40,0.05
2008.02.21 07:58:30.642,1.6168,1.6169,0.40,0.05
2008.02.21 07:58:30.816,1.6168,1.6169,0.40,0.05
2008.02.21 07:58:31.026,1.61685,1.61695,0.20,0.05
2008.02.21 07:58:31.235,1.61685,1.61695,2.40,0.05
2008.02.21 07:58:31.445,1.61685,1.61695,2.30,0.05
2008.02.21 07:58:31.653,1.6169,1.61695,0.20,0.05
2008.02.21 07:58:31.864,1.617,1.6171,0.20,0.20
2008.02.21 07:58:32.108,1.617,1.6171,0.40,0.05
2008.02.21 07:58:32.353,1.617,1.6171,0.20,0.05
2008.02.21 07:58:32.597,1.617,1.6171,0.20,0.05
2008.02.21 07:58:32.840,1.61705,1.61715,0.20,0.05
2008.02.21 07:58:33.015,1.61705,1.61715,0.20,0.05
2008.02.21 07:58:33.188,1.61705,1.61715,0.20,0.05
2008.02.21 07:58:33.507,1.61705,1.61715,0.20,0.05
2008.02.21 07:58:33.901,1.61705,1.61715,0.20,0.05
2008.02.21 07:58:34.712,1.61705,1.61715,0.20,0.05
2008.02.21 07:58:34.918,1.61705,1.61715,0.20,0.05
2008.02.21 07:58:35.879,1.61705,1.61715,0.20,0.05
2008.02.21 07:58:35.929,1.61705,1.61715,0.20,0.05
2008.02.21 07:58:35.963,1.61705,1.61715,0.20,0.05
2008.02.21 07:58:35.997,1.61705,1.61715,0.20,0.05
2008.02.21 07:58:37.234,1.61705,1.61715,0.20,0.05
2008.02.21 07:58:37.264,1.61705,1.61715,0.20,0.05
2008.02.21 07:58:37.682,1.61705,1.61715,0.20,0.05
2008.02.21 07:58:41.446,1.61705,1.61715,0.20,0.05
2008.02.21 07:58:41.899,1.617,1.61715,1.40,0.05
2008.02.21 07:58:42.104,1.61705,1.61715,0.20,0.05
2008.02.21 07:58:42.210,1.61705,1.61715,0.20,0.05
2008.02.21 07:58:42.304,1.61705,1.61715,0.20,0.05
2008.02.21 07:58:42.398,1.61705,1.61715,0.20,0.05
2008.02.21 07:58:42.492,1.61705,1.61715,0.20,0.05
2008.02.21 07:58:42.589,1.61705,1.61715,0.20,0.05
2008.02.21 07:58:42.688,1.61705,1.61715,0.20,0.05
2008.02.21 07:58:42.886,1.61705,1.61715,0.20,0.05
2008.02.21 07:58:43.209,1.61705,1.61715,0.20,0.05
2008.02.21 07:58:43.553,1.61705,1.61715,0.20,0.05
2008.02.21 07:58:43.888,1.61705,1.61715,0.20,0.05
2008.02.21 07:58:44.221,1.61705,1.61715,0.20,0.05
2008.02.21 07:58:44.431,1.61705,1.61715,0.20,0.05
2008.02.21 07:58:44.596,1.61705,1.61715,0.20,0.05
2008.02.21 07:58:44.758,1.61705,1.61715,0.20,0.05
2008.02.21 07:58:44.923,1.61705,1.61715,0.20,0.05
2008.02.21 07:58:45.087,1.61705,1.61715,0.20,0.05
2008.02.21 07:58:45.364,1.61705,1.61715,0.20,0.05
2008.02.21 07:58:45.642,1.61705,1.61715,0.20,0.05
2008.02.21 07:58:45.922,1.617,1.6171,1.30,0.05
2008.02.21 07:58:46.201,1.617,1.6171,0.40,0.05
2008.02.21 07:58:46.410,1.61705,1.61715,0.20,0.05
2008.02.21 07:58:46.619,1.61705,1.61715,0.20,0.05
2008.02.21 07:58:46.828,1.61705,1.61715,0.20,0.05
2008.02.21 07:58:47.036,1.61705,1.61715,0.20,0.05
2008.02.21 07:58:47.245,1.61705,1.61715,1.30,0.05
2008.02.21 07:58:47.454,1.6171,1.6172,0.20,0.05
2008.02.21 07:58:47.663,1.6171,1.6172,0.40,0.05
2008.02.21 07:58:47.872,1.6171,1.6172,0.40,0.05
2008.02.21 07:58:48.081,1.6171,1.6172,0.40,0.05
2008.02.21 07:58:48.265,1.6171,1.6172,0.40,0.05
2008.02.21 07:58:48.449,1.6171,1.6172,0.40,0.05
2008.02.21 07:58:48.734,1.6171,1.6172,0.40,0.05
2008.02.21 07:58:48.941,1.6171,1.6172,0.40,0.05
2008.02.21 07:58:49.973,1.6171,1.6172,0.40,0.05
2008.02.21 07:58:50.173,1.6171,1.6172,0.40,0.05
2008.02.21 07:58:50.453,1.6171,1.6172,0.20,0.05
2008.02.21 07:58:50.656,1.6172,1.6173,0.20,0.20
2008.02.21 07:58:50.860,1.6172,1.6173,0.20,0.20
2008.02.21 07:58:51.066,1.6172,1.6173,0.20,0.05
2008.02.21 07:58:51.340,1.6172,1.6173,0.20,0.05
2008.02.21 07:58:51.590,1.6172,1.6173,0.20,0.05
2008.02.21 07:58:51.839,1.61725,1.61735,0.20,0.05
2008.02.21 07:58:52.088,1.61725,1.61735,0.20,0.05
2008.02.21 07:58:52.337,1.61725,1.61735,0.20,0.05
2008.02.21 07:58:52.540,1.61725,1.61735,0.20,0.05
2008.02.21 07:58:52.745,1.61725,1.61735,0.20,0.05
2008.02.21 07:58:52.948,1.61725,1.61735,0.20,0.05
2008.02.21 07:58:53.152,1.61725,1.61735,0.20,0.05
2008.02.21 07:58:53.355,1.61725,1.61735,0.20,0.05
2008.02.21 07:58:53.494,1.61725,1.61735,0.20,0.05
2008.02.21 07:58:53.633,1.61725,1.61735,0.20,0.05
2008.02.21 07:58:53.772,1.61725,1.61735,0.20,0.05
2008.02.21 07:58:53.919,1.61725,1.61735,0.20,0.05
2008.02.21 07:58:54.234,1.61725,1.61735,0.20,0.05
2008.02.21 07:58:54.551,1.61725,1.61735,0.20,0.05
2008.02.21 07:58:54.878,1.61725,1.61735,0.20,0.05
2008.02.21 07:58:55.198,1.61725,1.61735,0.20,0.05
2008.02.21 07:58:55.652,1.61725,1.61735,0.20,0.05
2008.02.21 07:58:55.840,1.61725,1.61735,0.20,0.05
2008.02.21 07:58:56.171,1.61725,1.61735,0.20,0.05
2008.02.21 07:58:56.689,1.61725,1.61735,0.20,0.05
2008.02.21 07:58:56.861,1.61725,1.61735,0.20,0.05
2008.02.21 07:58:59.101,1.61725,1.61735,0.20,0.05
2008.02.21 07:58:59.169,1.61725,1.61735,0.20,0.05
2008.02.21 07:58:59.237,1.61725,1.61735,0.20,0.05
2008.02.21 07:58:59.402,1.61725,1.61735,0.20,0.05
2008.02.21 07:58:59.627,1.6172,1.6173,0.40,0.05
2008.02.21 07:58:59.761,1.6172,1.6173,0.40,0.05
2008.02.21 07:58:59.894,1.6172,1.6173,0.40,0.05
2008.02.21 07:59:00.426,1.6172,1.6173,0.40,0.05
2008.02.21 07:59:00.578,1.6172,1.61725,0.20,0.05
2008.02.21 07:59:00.699,1.6172,1.61725,0.20,0.05
2008.02.21 07:59:00.807,1.61715,1.61725,4.10,0.05
2008.02.21 07:59:00.943,1.61715,1.61725,0.20,0.05
2008.02.21 07:59:01.145,1.61715,1.61725,0.20,0.05
2008.02.21 07:59:01.264,1.61715,1.61725,0.20,0.05
2008.02.21 07:59:01.362,1.61715,1.61725,0.20,0.05
2008.02.21 07:59:01.471,1.61715,1.61725,0.20,0.05
2008.02.21 07:59:01.663,1.61715,1.61725,0.20,0.05
2008.02.21 07:59:01.853,1.61715,1.61725,0.20,0.05
2008.02.21 07:59:02.036,1.61715,1.61725,0.20,0.05
2008.02.21 07:59:02.221,1.61715,1.61725,0.20,0.05
2008.02.21 07:59:02.406,1.61715,1.61725,0.20,0.05
2008.02.21 07:59:02.647,1.61715,1.61725,0.20,0.05
2008.02.21 07:59:02.840,1.61715,1.61725,0.20,0.05
2008.02.21 07:59:03.044,1.61715,1.61725,0.20,0.05
2008.02.21 07:59:03.238,1.61715,1.61725,0.20,0.05
2008.02.21 07:59:03.556,1.61715,1.61725,0.20,0.05
2008.02.21 07:59:03.799,1.61715,1.61725,0.20,0.05
2008.02.21 07:59:04.043,1.61715,1.61725,0.20,0.05
2008.02.21 07:59:04.397,1.61715,1.61725,0.20,0.05
2008.02.21 07:59:04.642,1.61715,1.61725,0.20,0.05
2008.02.21 07:59:05.442,1.61715,1.61725,0.20,0.05
2008.02.21 07:59:05.721,1.61715,1.61725,0.20,0.05
2008.02.21 07:59:06.681,1.61715,1.61725,0.20,0.05
2008.02.21 07:59:07.207,1.61715,1.61725,0.20,0.05
2008.02.21 07:59:08.645,1.61715,1.61725,0.20,0.05
2008.02.21 07:59:08.718,1.61715,1.61725,0.20,0.05
2008.02.21 07:59:08.866,1.61715,1.61725,0.20,0.05
2008.02.21 07:59:09.014,1.61715,1.61725,0.20,0.05
2008.02.21 07:59:09.345,1.61715,1.61725,0.20,0.05
2008.02.21 07:59:10.678,1.61715,1.61725,0.20,4.00
2008.02.21 07:59:10.867,1.61715,1.6172,0.20,0.20
2008.02.21 07:59:10.966,1.61715,1.6172,0.20,0.20
2008.02.21 07:59:11.066,1.61715,1.6172,0.20,0.20
2008.02.21 07:59:11.164,1.6171,1.6172,0.40,0.20
2008.02.21 07:59:11.262,1.6171,1.6172,0.40,0.20
2008.02.21 07:59:11.440,1.6171,1.6172,0.40,0.20
2008.02.21 07:59:12.460,1.6171,1.6172,0.40,0.20
2008.02.21 07:59:12.664,1.6171,1.6172,0.40,0.20
2008.02.21 07:59:12.796,1.61705,1.6172,0.20,0.20
2008.02.21 07:59:12.923,1.61705,1.6172,0.20,0.20
2008.02.21 07:59:13.052,1.61705,1.6172,0.20,0.20
2008.02.21 07:59:13.240,1.6171,1.6172,0.20,0.20
2008.02.21 07:59:13.302,1.6171,1.6172,0.20,0.20
2008.02.21 07:59:13.439,1.6171,1.6172,0.20,0.20
2008.02.21 07:59:13.628,1.6171,1.6172,0.20,0.20
2008.02.21 07:59:13.818,1.6171,1.6172,0.40,0.20
2008.02.21 07:59:14.009,1.6171,1.6172,0.20,0.20
2008.02.21 07:59:14.343,1.6171,1.6172,0.40,0.20
2008.02.21 07:59:14.678,1.6172,1.6173,0.20,0.20
2008.02.21 07:59:15.013,1.6172,1.6173,0.40,0.20
2008.02.21 07:59:15.187,1.6172,1.6173,0.40,0.20
2008.02.21 07:59:15.439,1.6172,1.6173,0.20,0.20
2008.02.21 07:59:15.614,1.6172,1.6173,0.20,0.20
2008.02.21 07:59:15.799,1.6172,1.6173,0.40,0.20
2008.02.21 07:59:15.972,1.6172,1.6173,0.40,0.20
2008.02.21 07:59:16.307,1.6172,1.6173,0.40,0.20
2008.02.21 07:59:17.699,1.6172,1.6173,0.40,0.20
2008.02.21 07:59:17.895,1.6172,1.6173,0.40,0.20
2008.02.21 07:59:18.243,1.6172,1.6173,0.40,0.20
2008.02.21 07:59:18.493,1.6172,1.6173,0.40,0.20
2008.02.21 07:59:18.743,1.6172,1.6173,0.40,0.05
2008.02.21 07:59:18.994,1.6172,1.6173,0.40,0.05
2008.02.21 07:59:19.243,1.6172,1.6173,0.40,0.20
2008.02.21 07:59:19.496,1.6172,1.6173,0.40,0.20
2008.02.21 07:59:20.050,1.6172,1.6173,0.40,0.20
2008.02.21 07:59:20.363,1.6172,1.61725,0.20,0.05
2008.02.21 07:59:20.597,1.61715,1.61725,8.10,0.05
2008.02.21 07:59:20.830,1.61715,1.61725,8.10,0.05
2008.02.21 07:59:21.064,1.61715,1.61725,8.10,0.05
2008.02.21 07:59:21.455,1.61715,1.61725,0.20,0.05
2008.02.21 07:59:21.714,1.61715,1.61725,0.20,0.05
2008.02.21 07:59:21.972,1.61715,1.61725,0.20,0.05
2008.02.21 07:59:22.231,1.61715,1.61725,0.20,0.05
2008.02.21 07:59:22.449,1.61715,1.61725,0.20,0.05
2008.02.21 07:59:22.637,1.61715,1.61725,0.20,0.05
2008.02.21 07:59:22.826,1.61715,1.61725,0.20,0.05
2008.02.21 07:59:23.015,1.6171,1.6172,0.40,0.05
2008.02.21 07:59:23.203,1.6171,1.6172,0.40,0.05
2008.02.21 07:59:23.440,1.6171,1.6172,0.40,0.05
2008.02.21 07:59:24.169,1.6171,1.6172,0.40,0.20
2008.02.21 07:59:24.383,1.6171,1.6172,0.40,0.20
2008.02.21 07:59:24.587,1.6171,1.6172,0.40,0.05
2008.02.21 07:59:24.791,1.6171,1.6172,0.40,0.20
2008.02.21 07:59:24.995,1.6171,1.6172,0.40,0.20
2008.02.21 07:59:25.199,1.6171,1.6172,0.40,0.20
2008.02.21 07:59:25.432,1.61715,1.61725,0.20,0.50
2008.02.21 07:59:25.666,1.61715,1.61725,0.20,0.05
2008.02.21 07:59:25.900,1.61715,1.61725,0.20,0.05
2008.02.21 07:59:26.134,1.61715,1.61725,0.20,0.05
2008.02.21 07:59:26.367,1.61715,1.61725,0.20,0.05
2008.02.21 07:59:26.596,1.61715,1.61725,0.20,0.05
2008.02.21 07:59:26.825,1.61715,1.61725,0.20,0.05
2008.02.21 07:59:28.226,1.61715,1.61725,0.20,0.05
2008.02.21 07:59:28.430,1.61715,1.61725,0.20,0.05
2008.02.21 07:59:28.653,1.61715,1.61725,0.20,0.05
2008.02.21 07:59:28.876,1.6171,1.61725,0.20,0.05
2008.02.21 07:59:29.100,1.6171,1.61725,0.20,0.05
2008.02.21 07:59:29.324,1.61715,1.61725,0.20,0.05
2008.02.21 07:59:29.609,1.61715,1.61725,0.20,0.05
2008.02.21 07:59:29.928,1.61715,1.61725,0.20,0.05
2008.02.21 07:59:30.211,1.61715,1.61725,0.20,0.05
2008.02.21 07:59:30.496,1.61715,1.61725,0.20,0.05
2008.02.21 07:59:31.998,1.61715,1.61725,0.20,0.05
2008.02.21 07:59:32.132,1.61705,1.6172,8.10,0.05
2008.02.21 07:59:32.266,1.6171,1.6172,0.20,0.05
2008.02.21 07:59:32.400,1.6171,1.6172,0.20,0.20
2008.02.21 07:59:32.608,1.61715,1.6172,0.20,0.20
2008.02.21 07:59:32.816,1.61715,1.61725,0.20,0.05
2008.02.21 07:59:33.023,1.61715,1.61725,0.20,0.05
2008.02.21 07:59:33.233,1.61715,1.61725,0.20,0.05
2008.02.21 07:59:33.441,1.61715,1.61725,0.20,0.05
2008.02.21 07:59:33.751,1.61715,1.61725,0.20,0.05
2008.02.21 07:59:34.063,1.61715,1.61725,0.20,0.05
2008.02.21 07:59:34.372,1.61715,1.61725,0.20,0.05
2008.02.21 07:59:34.612,1.61715,1.61725,0.20,0.05
2008.02.21 07:59:34.847,1.61715,1.61725,0.20,0.05
2008.02.21 07:59:35.061,1.61715,1.61725,0.20,0.05
2008.02.21 07:59:35.286,1.61715,1.61725,0.20,0.05
2008.02.21 07:59:35.509,1.61715,1.61725,0.20,0.05
2008.02.21 07:59:35.804,1.6172,1.61725,8.10,0.05
2008.02.21 07:59:36.099,1.6172,1.61725,0.20,0.05
2008.02.21 07:59:36.394,1.6172,1.61735,0.20,0.05
2008.02.21 07:59:36.604,1.6172,1.61735,0.40,0.05
2008.02.21 07:59:36.812,1.6172,1.61735,0.40,0.05
2008.02.21 07:59:37.020,1.6172,1.61735,0.40,0.05
2008.02.21 07:59:37.229,1.61725,1.61735,7.20,0.05
2008.02.21 07:59:37.438,1.61725,1.61735,8.00,0.05
2008.02.21 07:59:37.650,1.61725,1.61735,8.00,0.05
2008.02.21 07:59:37.843,1.61725,1.6173,8.00,0.05
2008.02.21 07:59:38.037,1.6173,1.6174,0.40,0.20
2008.02.21 07:59:38.232,1.6173,1.6174,0.40,0.20
2008.02.21 07:59:38.427,1.6173,1.6174,0.40,0.05
2008.02.21 07:59:38.594,1.6173,1.6174,0.40,0.05
2008.02.21 07:59:38.763,1.6173,1.6174,0.40,0.20
2008.02.21 07:59:38.943,1.6173,1.6174,0.40,0.20
2008.02.21 07:59:39.141,1.61725,1.6173,12.10,0.05
2008.02.21 07:59:39.311,1.61725,1.6173,8.00,0.05
2008.02.21 07:59:39.480,1.61725,1.6173,8.00,0.05
2008.02.21 07:59:39.700,1.61725,1.61735,8.10,0.05
2008.02.21 07:59:39.920,1.61725,1.61735,0.20,0.05
2008.02.21 07:59:40.138,1.61725,1.61735,0.20,0.05
2008.02.21 07:59:40.356,1.61725,1.61735,0.20,0.05
2008.02.21 07:59:40.574,1.61725,1.61735,0.20,0.05
2008.02.21 07:59:40.788,1.61725,1.61735,0.20,0.05
2008.02.21 07:59:41.001,1.61725,1.61735,0.20,0.05
2008.02.21 07:59:41.215,1.61725,1.61735,0.20,0.05
2008.02.21 07:59:41.429,1.6172,1.6173,0.40,0.05
2008.02.21 07:59:41.650,1.6172,1.6173,0.20,0.05
2008.02.21 07:59:41.823,1.6172,1.6173,0.20,0.05
2008.02.21 07:59:41.997,1.61735,1.6174,0.20,0.20
2008.02.21 07:59:42.173,1.61725,1.6173,10.40,0.05
2008.02.21 07:59:42.349,1.6172,1.6173,0.20,0.05
2008.02.21 07:59:42.523,1.61725,1.61735,0.20,0.05
2008.02.21 07:59:42.856,1.6172,1.6173,0.20,0.05
2008.02.21 07:59:43.190,1.6172,1.6173,0.20,0.05
2008.02.21 07:59:43.524,1.6172,1.6173,0.20,0.05
2008.02.21 07:59:43.857,1.6172,1.6173,0.20,0.05
2008.02.21 07:59:44.097,1.6172,1.6173,0.20,0.05
2008.02.21 07:59:45.471,1.6172,1.6173,0.20,0.05
2008.02.21 07:59:45.547,1.6172,1.6173,0.20,0.05
2008.02.21 07:59:45.697,1.6172,1.6173,0.20,0.05
2008.02.21 07:59:45.914,1.6172,1.6173,0.20,0.05
2008.02.21 07:59:47.609,1.6172,1.6173,0.20,0.05
2008.02.21 07:59:47.773,1.61715,1.61725,0.20,0.05
2008.02.21 07:59:47.921,1.61715,1.61725,0.20,0.05
2008.02.21 07:59:48.069,1.61715,1.61725,0.20,0.05
2008.02.21 07:59:48.218,1.6172,1.6173,0.20,0.20
2008.02.21 07:59:48.367,1.6172,1.6173,0.20,0.05
2008.02.21 07:59:48.516,1.6172,1.6173,0.20,0.05
2008.02.21 07:59:48.665,1.6172,1.6173,0.20,0.05
2008.02.21 07:59:48.997,1.6172,1.6173,0.20,0.05
2008.02.21 07:59:49.331,1.6172,1.6173,0.20,0.05
2008.02.21 07:59:49.665,1.6172,1.6173,0.20,0.05
2008.02.21 07:59:49.904,1.6172,1.6173,0.20,0.20
2008.02.21 07:59:50.123,1.6172,1.6173,0.20,0.05
2008.02.21 07:59:50.351,1.6172,1.6173,0.20,0.05
2008.02.21 07:59:50.580,1.6172,1.6173,0.20,0.05
2008.02.21 07:59:50.815,1.61725,1.61735,0.20,0.05
2008.02.21 07:59:51.120,1.61725,1.61735,0.20,0.05
2008.02.21 07:59:51.424,1.61725,1.61735,0.20,0.05
2008.02.21 07:59:51.728,1.61725,1.61735,0.20,0.05
2008.02.21 07:59:51.946,1.61725,1.61735,0.20,0.05
2008.02.21 07:59:52.166,1.61725,1.61735,0.20,0.05
2008.02.21 07:59:52.384,1.61725,1.61735,0.20,0.05
2008.02.21 07:59:52.603,1.61725,1.61735,0.20,0.05
2008.02.21 07:59:52.822,1.61725,1.61735,0.20,0.05
2008.02.21 07:59:53.030,1.61725,1.61735,0.20,0.05
2008.02.21 07:59:53.239,1.61725,1.61735,0.20,0.05
2008.02.21 07:59:53.447,1.61725,1.61735,0.20,0.05
2008.02.21 07:59:54.067,1.61725,1.61735,0.20,0.05
2008.02.21 07:59:54.165,1.61725,1.61735,0.20,0.05
2008.02.21 07:59:54.378,1.61725,1.61735,0.20,0.05
2008.02.21 07:59:54.678,1.61725,1.61735,0.20,0.05
2008.02.21 07:59:55.139,1.6172,1.61735,0.30,0.05
2008.02.21 07:59:55.203,1.6172,1.61735,0.30,0.05
2008.02.21 07:59:55.537,1.6172,1.6173,0.30,0.20
2008.02.21 07:59:55.870,1.6172,1.61735,0.50,0.05
2008.02.21 07:59:56.205,1.6172,1.61735,0.50,0.05
2008.02.21 07:59:56.374,1.6172,1.61735,0.50,0.05
2008.02.21 07:59:56.545,1.6172,1.61735,0.50,0.05
2008.02.21 07:59:56.715,1.61725,1.6174,4.20,0.20
2008.02.21 07:59:56.884,1.61725,1.61735,4.50,0.05
2008.02.21 07:59:57.053,1.6172,1.61735,2.00,0.05
2008.02.21 07:59:57.303,1.6172,1.61735,0.50,0.05
2008.02.21 07:59:57.552,1.61725,1.61735,0.20,0.05
2008.02.21 07:59:57.906,1.61725,1.61735,0.20,0.05
2008.02.21 07:59:58.130,1.61725,1.61735,0.20,0.05
2008.02.21 07:59:58.383,1.61725,1.61735,0.20,0.05
2008.02.21 07:59:58.607,1.61725,1.61735,0.20,0.05
2008.02.21 07:59:58.833,1.61725,1.61735,0.20,0.05
2008.02.21 07:59:59.057,1.61725,1.61735,0.20,0.05
2008.02.21 07:59:59.316,1.61725,1.61735,0.20,0.05
2008.02.21 07:59:59.680,1.61725,1.61735,0.20,0.05
2008.02.21 07:59:59.939,1.61725,1.61735,0.20,0.05
