2013.11.01 14:00:00.171,1.23068,1.23101,1.50,1.50
2013.11.01 14:00:00.411,1.23073,1.23112,1.13,1.50
2013.11.01 14:00:00.470,1.23073,1.23109,1.13,1.50
2013.11.01 14:00:00.771,1.23074,1.23114,1.13,1.50
2013.11.01 14:00:00.901,1.23073,1.23113,1.13,1.50
2013.11.01 14:00:01.148,1.23081,1.23114,1.50,1.50
2013.11.01 14:00:01.208,1.23081,1.23114,1.50,1.50
2013.11.01 14:00:01.328,1.23081,1.23117,1.50,1.50
2013.11.01 14:00:01.509,1.23081,1.23126,1.50,1.50
2013.11.01 14:00:01.568,1.23082,1.23126,1.13,1.50
2013.11.01 14:00:02.058,1.23089,1.23122,1.88,2.20
2013.11.01 14:00:02.142,1.23091,1.23132,1.50,1.58
2013.11.01 14:00:02.212,1.23094,1.23132,1.50,1.58
2013.11.01 14:00:02.522,1.23115,1.23132,1.50,1.46
2013.11.01 14:00:02.589,1.23116,1.23145,1.13,1.50
2013.11.01 14:00:02.648,1.23117,1.23147,1.13,1.50
2013.11.01 14:00:02.709,1.23123,1.23151,1.13,1.13
2013.11.01 14:00:02.948,1.23123,1.23158,1.13,1.50
2013.11.01 14:00:03.249,1.23133,1.23159,1.50,1.50
2013.11.01 14:00:03.309,1.23133,1.23159,1.50,1.50
2013.11.01 14:00:03.790,1.23136,1.2317,1.50,3.00
2013.11.01 14:00:04.059,1.23137,1.23167,1.50,1.50
2013.11.01 14:00:04.119,1.23136,1.23167,1.13,1.50
2013.11.01 14:00:04.179,1.23136,1.23167,1.13,1.50
2013.11.01 14:00:04.239,1.23131,1.23167,1.13,2.25
2013.11.01 14:00:04.298,1.23131,1.23159,1.13,1.50
2013.11.01 14:00:04.359,1.23122,1.23159,1.50,1.50
2013.11.01 14:00:04.854,1.23109,1.23157,1.72,2.25
2013.11.01 14:00:04.940,1.23109,1.23159,2.29,1.50
2013.11.01 14:00:05.119,1.23109,1.23159,1.91,1.50
2013.11.01 14:00:05.241,1.23109,1.23159,1.91,1.50
2013.11.01 14:00:05.801,1.23109,1.23159,1.26,1.50
2013.11.01 14:00:06.109,1.2311,1.2316,1.95,2.25
2013.11.01 14:00:06.232,1.23109,1.23159,1.39,1.50
2013.11.01 14:00:06.361,1.23109,1.23159,1.76,3.00
2013.11.01 14:00:06.481,1.23109,1.23159,1.76,3.75
2013.11.01 14:00:06.732,1.23103,1.23152,1.13,1.13
2013.11.01 14:00:06.800,1.23102,1.2315,1.50,1.13
2013.11.01 14:00:07.159,1.23102,1.23135,1.13,1.50
2013.11.01 14:00:07.280,1.23102,1.23138,1.13,1.50
2013.11.01 14:00:07.461,1.23098,1.23134,2.25,1.13
2013.11.01 14:00:07.530,1.23095,1.23134,1.50,1.73
2013.11.01 14:00:07.591,1.23083,1.23131,1.13,1.73
2013.11.01 14:00:07.722,1.23081,1.23131,1.13,1.13
2013.11.01 14:00:08.031,1.23082,1.23121,1.13,1.13
2013.11.01 14:00:08.701,1.23076,1.23093,1.13,1.50
2013.11.01 14:00:08.940,1.23079,1.2311,1.28,1.50
2013.11.01 14:00:09.368,1.23078,1.23114,1.50,1.13
2013.11.01 14:00:09.445,1.23078,1.23114,1.50,1.50
2013.11.01 14:00:09.631,1.23085,1.23121,1.13,1.50
2013.11.01 14:00:09.940,1.23081,1.23099,1.13,0.38
2013.11.01 14:00:10.009,1.23082,1.2312,1.13,1.50
2013.11.01 14:00:10.129,1.23075,1.23112,1.58,1.13
2013.11.01 14:00:10.190,1.23075,1.2311,1.50,1.50
2013.11.01 14:00:10.249,1.23075,1.2311,1.50,1.13
2013.11.01 14:00:10.310,1.23075,1.23114,1.50,1.13
2013.11.01 14:00:10.370,1.23083,1.2311,1.13,1.13
2013.11.01 14:00:10.904,1.23078,1.23119,1.69,1.13
2013.11.01 14:00:11.210,1.23078,1.23122,1.50,1.50
2013.11.01 14:00:11.453,1.23079,1.23119,1.13,1.13
2013.11.01 14:00:11.520,1.23079,1.23117,1.13,1.13
2013.11.01 14:00:11.700,1.23085,1.23122,1.50,1.13
2013.11.01 14:00:11.882,1.23081,1.23122,1.13,1.13
2013.11.01 14:00:12.013,1.23079,1.23121,1.13,1.13
2013.11.01 14:00:12.084,1.23079,1.23121,1.13,1.50
2013.11.01 14:00:12.509,1.23083,1.23121,1.13,1.50
2013.11.01 14:00:12.570,1.23084,1.23124,1.88,1.50
2013.11.01 14:00:12.689,1.23079,1.23122,1.13,1.13
2013.11.01 14:00:12.990,1.23083,1.23102,2.63,1.13
2013.11.01 14:00:13.409,1.23079,1.23102,1.88,1.13
2013.11.01 14:00:13.711,1.23083,1.23102,1.50,1.50
2013.11.01 14:00:13.890,1.23075,1.231,1.13,1.50
2013.11.01 14:00:13.952,1.23075,1.231,1.13,1.50
2013.11.01 14:00:14.260,1.23066,1.23095,1.13,1.13
2013.11.01 14:00:14.620,1.23065,1.231,1.50,1.59
2013.11.01 14:00:14.861,1.23068,1.23098,1.69,1.13
2013.11.01 14:00:14.921,1.23072,1.23107,1.50,1.59
2013.11.01 14:00:14.989,1.23072,1.23107,1.50,1.59
2013.11.01 14:00:15.229,1.23075,1.23117,1.50,1.29
2013.11.01 14:00:15.590,1.23076,1.23116,1.50,1.61
2013.11.01 14:00:15.899,1.2308,1.23115,1.50,1.50
2013.11.01 14:00:16.200,1.23072,1.23087,1.88,1.50
2013.11.01 14:00:16.259,1.23072,1.23087,1.50,1.50
2013.11.01 14:00:16.860,1.23072,1.23093,1.50,1.13
2013.11.01 14:00:16.979,1.23067,1.23084,2.44,1.50
2013.11.01 14:00:17.099,1.23075,1.2311,1.65,2.63
2013.11.01 14:00:17.350,1.23079,1.23109,1.20,1.50
2013.11.01 14:00:17.994,1.23082,1.23111,1.05,1.50
2013.11.01 14:00:18.769,1.23083,1.23112,2.03,2.63
2013.11.01 14:00:18.840,1.23083,1.23112,2.03,3.38
2013.11.01 14:00:18.972,1.23083,1.23108,2.03,1.50
2013.11.01 14:00:19.101,1.23081,1.23108,1.73,1.50
2013.11.01 14:00:20.001,1.23078,1.23104,1.05,1.50
2013.11.01 14:00:20.241,1.23073,1.23104,2.33,1.50
2013.11.01 14:00:20.551,1.23076,1.23099,1.02,1.13
2013.11.01 14:00:21.580,1.23079,1.23108,1.17,1.13
2013.11.01 14:00:21.640,1.23089,1.23112,1.28,2.25
2013.11.01 14:00:21.941,1.23089,1.23114,1.28,1.50
2013.11.01 14:00:22.971,1.23088,1.23113,1.28,1.13
2013.11.01 14:00:23.149,1.23089,1.23113,1.28,1.13
2013.11.01 14:00:23.450,1.23087,1.23105,1.65,1.88
2013.11.01 14:00:23.808,1.23088,1.23108,1.13,1.50
2013.11.01 14:00:23.929,1.23088,1.23108,1.50,1.50
2013.11.01 14:00:24.049,1.23088,1.23111,2.07,2.25
2013.11.01 14:00:24.351,1.23088,1.23111,1.32,1.88
2013.11.01 14:00:24.472,1.2309,1.23111,1.09,1.88
2013.11.01 14:00:25.021,1.2309,1.23112,1.43,1.50
2013.11.01 14:00:25.151,1.2309,1.23112,1.13,1.13
2013.11.01 14:00:25.450,1.23089,1.23114,1.32,1.13
2013.11.01 14:00:25.926,1.23089,1.23114,1.13,1.13
2013.11.01 14:00:26.429,1.2309,1.23109,1.35,1.13
2013.11.01 14:00:27.629,1.23088,1.23112,1.50,1.50
2013.11.01 14:00:27.750,1.23088,1.23112,1.13,1.50
2013.11.01 14:00:28.111,1.23082,1.2311,1.13,2.25
2013.11.01 14:00:28.170,1.23081,1.2311,1.88,3.00
2013.11.01 14:00:29.071,1.23085,1.23107,1.95,1.13
2013.11.01 14:00:29.250,1.23088,1.23109,1.13,1.13
2013.11.01 14:00:29.431,1.23084,1.23109,2.50,1.13
2013.11.01 14:00:29.789,1.23083,1.23111,2.18,1.13
2013.11.01 14:00:29.848,1.2309,1.23114,1.50,1.88
2013.11.01 14:00:29.909,1.2309,1.23114,1.50,1.88
2013.11.01 14:00:30.089,1.23087,1.23114,1.05,1.88
2013.11.01 14:00:30.428,1.23087,1.23114,1.80,1.13
2013.11.01 14:00:30.501,1.23089,1.23107,1.88,1.50
2013.11.01 14:00:30.576,1.2309,1.23103,1.50,1.50
2013.11.01 14:00:30.880,1.23093,1.23099,1.50,1.13
2013.11.01 14:00:31.121,1.2309,1.231,1.50,2.25
2013.11.01 14:00:31.301,1.23092,1.23097,1.50,1.13
2013.11.01 14:00:31.482,1.23089,1.23099,2.25,1.13
2013.11.01 14:00:31.548,1.23087,1.23094,1.50,2.25
2013.11.01 14:00:31.853,1.23092,1.23101,4.50,1.50
2013.11.01 14:00:32.161,1.23092,1.23098,2.25,1.13
2013.11.01 14:00:32.281,1.23092,1.23102,1.50,1.13
2013.11.01 14:00:32.522,1.23086,1.23094,1.50,1.13
2013.11.01 14:00:32.591,1.23089,1.23096,3.00,1.13
2013.11.01 14:00:32.661,1.2309,1.23098,4.50,1.13
2013.11.01 14:00:32.731,1.23091,1.23098,2.25,1.13
2013.11.01 14:00:32.919,1.23092,1.231,1.50,1.13
2013.11.01 14:00:33.099,1.23092,1.231,1.50,1.13
2013.11.01 14:00:33.219,1.23091,1.23102,2.25,1.88
2013.11.01 14:00:33.339,1.23091,1.23097,2.25,1.13
2013.11.01 14:00:33.962,1.23087,1.23098,2.25,1.88
2013.11.01 14:00:34.511,1.23089,1.23098,1.50,1.88
2013.11.01 14:00:35.299,1.23088,1.23097,2.25,1.50
2013.11.01 14:00:35.361,1.23086,1.23096,1.13,1.50
2013.11.01 14:00:35.609,1.23085,1.23095,1.50,2.25
2013.11.01 14:00:35.848,1.23085,1.23095,1.50,1.13
2013.11.01 14:00:36.031,1.23086,1.23095,1.13,1.13
2013.11.01 14:00:36.089,1.23085,1.23095,1.50,1.13
2013.11.01 14:00:36.151,1.23086,1.23096,1.50,2.25
2013.11.01 14:00:36.458,1.23094,1.231,1.13,2.63
2013.11.01 14:00:36.759,1.23096,1.231,2.25,1.50
2013.11.01 14:00:36.819,1.23098,1.2311,1.50,2.63
2013.11.01 14:00:37.202,1.23097,1.23109,1.50,2.25
2013.11.01 14:00:37.513,1.23096,1.23106,1.69,1.13
2013.11.01 14:00:37.580,1.23096,1.23107,1.50,1.13
2013.11.01 14:00:37.700,1.23095,1.23105,1.50,1.13
2013.11.01 14:00:37.941,1.23096,1.23107,1.50,1.50
2013.11.01 14:00:38.241,1.23094,1.23106,2.44,1.50
2013.11.01 14:00:38.549,1.23094,1.23106,1.50,2.25
2013.11.01 14:00:39.090,1.23093,1.23104,1.50,1.88
2013.11.01 14:00:39.391,1.23091,1.23097,1.50,1.13
2013.11.01 14:00:39.523,1.23087,1.23095,1.50,1.50
2013.11.01 14:00:39.711,1.23089,1.23095,1.50,1.50
2013.11.01 14:00:40.010,1.23089,1.23099,1.88,1.13
2013.11.01 14:00:40.311,1.23095,1.23104,1.50,2.25
2013.11.01 14:00:40.428,1.23094,1.23104,1.50,2.25
2013.11.01 14:00:40.609,1.23094,1.23104,2.25,1.50
2013.11.01 14:00:40.669,1.23094,1.23105,2.25,1.13
2013.11.01 14:00:40.911,1.23097,1.23107,1.13,1.50
2013.11.01 14:00:41.631,1.23097,1.23109,2.25,1.50
2013.11.01 14:00:41.830,1.23096,1.23108,2.25,1.88
2013.11.01 14:00:42.009,1.23096,1.23106,2.25,1.13
2013.11.01 14:00:42.310,1.23094,1.23105,1.50,1.50
2013.11.01 14:00:42.369,1.23092,1.23104,1.50,1.88
2013.11.01 14:00:42.492,1.23094,1.23105,1.69,1.88
2013.11.01 14:00:42.800,1.23099,1.23109,1.50,1.13
2013.11.01 14:00:43.280,1.23098,1.23109,1.50,1.88
2013.11.01 14:00:43.399,1.23098,1.23109,1.50,1.13
2013.11.01 14:00:43.701,1.23099,1.2311,1.50,1.50
2013.11.01 14:00:44.121,1.231,1.23111,1.50,1.88
2013.11.01 14:00:44.300,1.231,1.23111,1.50,1.88
2013.11.01 14:00:44.421,1.231,1.23111,1.50,1.50
2013.11.01 14:00:44.481,1.23099,1.2311,1.50,1.50
2013.11.01 14:00:45.340,1.23099,1.2311,1.50,1.88
2013.11.01 14:00:45.709,1.23098,1.23109,1.50,1.50
2013.11.01 14:00:46.069,1.23098,1.23107,1.50,1.50
2013.11.01 14:00:46.129,1.23098,1.23107,1.50,1.50
2013.11.01 14:00:46.488,1.23097,1.23105,2.25,2.25
2013.11.01 14:00:46.610,1.23096,1.23105,1.50,2.25
2013.11.01 14:00:46.728,1.23094,1.23105,1.50,3.00
2013.11.01 14:00:46.971,1.23092,1.23103,1.50,1.13
2013.11.01 14:00:47.989,1.23092,1.23103,1.50,2.25
2013.11.01 14:00:48.350,1.23082,1.23097,2.25,2.63
2013.11.01 14:00:48.709,1.23079,1.23086,2.25,1.32
2013.11.01 14:00:48.768,1.2308,1.23086,3.75,1.13
2013.11.01 14:00:48.888,1.2308,1.23093,7.50,1.13
2013.11.01 14:00:49.009,1.2308,1.23086,1.50,1.13
2013.11.01 14:00:49.559,1.23076,1.23086,1.50,1.13
2013.11.01 14:00:50.069,1.23076,1.23086,1.50,1.13
2013.11.01 14:00:50.249,1.23074,1.23084,1.50,1.13
2013.11.01 14:00:50.548,1.23075,1.23084,2.25,1.13
2013.11.01 14:00:51.209,1.23076,1.23084,1.50,1.13
2013.11.01 14:00:51.699,1.23073,1.23084,1.50,1.13
2013.11.01 14:00:52.240,1.23073,1.23084,2.25,1.88
2013.11.01 14:00:53.378,1.23075,1.23086,1.50,2.63
2013.11.01 14:00:53.559,1.23077,1.23088,1.50,1.13
2013.11.01 14:00:54.840,1.23079,1.23089,2.25,1.13
2013.11.01 14:00:54.901,1.2308,1.23091,1.50,1.88
2013.11.01 14:00:55.428,1.2308,1.23091,1.50,1.50
2013.11.01 14:00:55.928,1.23081,1.23092,2.44,1.50
2013.11.01 14:00:56.291,1.23082,1.23094,1.69,1.88
2013.11.01 14:00:56.838,1.23084,1.23094,1.32,1.50
2013.11.01 14:00:57.139,1.23082,1.23094,1.88,1.50
2013.11.01 14:00:57.322,1.23083,1.23094,2.25,1.13
2013.11.01 14:00:57.510,1.2308,1.23091,1.50,1.32
2013.11.01 14:00:57.698,1.2308,1.23091,1.50,1.32
2013.11.01 14:00:58.179,1.2308,1.23091,1.50,1.50
2013.11.01 14:00:58.861,1.2308,1.23091,1.50,1.88
2013.11.01 14:00:59.553,1.23079,1.2309,2.25,2.63
2013.11.01 14:00:59.680,1.23079,1.2309,2.25,1.13
2013.11.01 14:00:59.740,1.23078,1.2309,1.50,1.88
2013.11.01 14:01:00.160,1.23079,1.2309,1.32,1.13
2013.11.01 14:01:00.221,1.23078,1.2309,1.50,1.88
2013.11.01 14:01:00.349,1.2308,1.2309,2.25,1.13
2013.11.01 14:01:00.408,1.23081,1.23093,1.50,1.50
2013.11.01 14:01:00.468,1.23081,1.23092,1.50,1.32
2013.11.01 14:01:00.709,1.23079,1.2309,1.50,1.13
2013.11.01 14:01:00.768,1.2308,1.23089,3.00,1.13
2013.11.01 14:01:01.368,1.2308,1.23091,1.50,1.88
2013.11.01 14:01:01.848,1.2308,1.2309,1.50,1.13
2013.11.01 14:01:02.388,1.2308,1.2309,1.50,1.13
2013.11.01 14:01:02.930,1.2308,1.23091,1.50,1.88
2013.11.01 14:01:03.289,1.23081,1.23091,2.07,1.50
2013.11.01 14:01:03.468,1.23083,1.23094,2.25,1.50
2013.11.01 14:01:03.779,1.23085,1.23095,1.50,1.13
2013.11.01 14:01:04.318,1.23084,1.23095,2.25,1.88
2013.11.01 14:01:04.439,1.23083,1.23095,1.50,2.82
2013.11.01 14:01:04.890,1.23083,1.23092,1.50,1.32
2013.11.01 14:01:05.008,1.23083,1.23095,1.50,2.63
2013.11.01 14:01:08.442,1.23083,1.23094,1.50,1.69
2013.11.01 14:01:08.688,1.23081,1.23093,1.50,2.07
2013.11.01 14:01:08.928,1.23082,1.23094,2.25,1.88
2013.11.01 14:01:10.389,1.23083,1.23095,1.50,2.63
2013.11.01 14:01:10.749,1.23089,1.23098,2.63,1.50
2013.11.01 14:01:10.810,1.23092,1.23102,1.32,2.25
2013.11.01 14:01:10.869,1.23092,1.23103,1.69,1.50
2013.11.01 14:01:11.348,1.23095,1.23105,1.50,1.13
2013.11.01 14:01:11.588,1.23093,1.23105,1.69,1.88
2013.11.01 14:01:11.892,1.23094,1.23106,1.50,1.13
2013.11.01 14:01:12.021,1.23093,1.23105,1.50,2.25
2013.11.01 14:01:12.619,1.23093,1.23104,2.44,1.50
2013.11.01 14:01:12.679,1.23097,1.23107,1.50,1.13
2013.11.01 14:01:13.278,1.23098,1.2311,1.32,3.38
2013.11.01 14:01:13.338,1.23097,1.23109,2.07,1.50
2013.11.01 14:01:14.179,1.23095,1.23107,1.88,1.50
2013.11.01 14:01:14.482,1.23095,1.23101,1.50,1.13
2013.11.01 14:01:14.611,1.23093,1.23098,1.50,1.13
2013.11.01 14:01:14.792,1.23093,1.231,1.50,1.13
2013.11.01 14:01:15.099,1.23089,1.231,1.50,1.50
2013.11.01 14:01:15.498,1.2309,1.23101,3.00,1.50
2013.11.01 14:01:15.558,1.23091,1.23102,3.00,1.13
2013.11.01 14:01:15.680,1.23093,1.23102,2.25,1.50
2013.11.01 14:01:16.221,1.23092,1.23103,1.50,1.50
2013.11.01 14:01:16.889,1.23092,1.23102,1.13,1.50
2013.11.01 14:01:16.987,1.2309,1.23099,1.13,1.13
2013.11.01 14:01:17.410,1.23088,1.23099,1.50,1.50
2013.11.01 14:01:17.951,1.23089,1.23099,1.50,1.50
2013.11.01 14:01:18.019,1.23089,1.23096,1.50,1.13
2013.11.01 14:01:18.561,1.2309,1.23101,1.50,1.13
2013.11.01 14:01:18.618,1.23091,1.23102,1.32,3.00
2013.11.01 14:01:18.738,1.2309,1.23102,1.50,3.00
2013.11.01 14:01:19.160,1.23092,1.23102,1.13,1.69
2013.11.01 14:01:19.700,1.23092,1.23104,1.50,1.88
2013.11.01 14:01:19.760,1.23092,1.23103,1.50,1.32
2013.11.01 14:01:19.999,1.23093,1.23103,1.50,1.13
2013.11.01 14:01:20.058,1.23096,1.23105,2.25,2.82
2013.11.01 14:01:20.118,1.23098,1.23107,1.50,1.32
2013.11.01 14:01:20.179,1.23097,1.23105,2.25,2.44
2013.11.01 14:01:20.239,1.23093,1.23104,2.63,2.25
2013.11.01 14:01:20.299,1.23094,1.23105,1.13,1.69
2013.11.01 14:01:20.359,1.23095,1.23106,2.25,2.25
2013.11.01 14:01:20.418,1.23097,1.23108,1.50,1.32
2013.11.01 14:01:20.962,1.23097,1.23108,1.50,1.69
2013.11.01 14:01:21.088,1.23095,1.23107,1.50,2.07
2013.11.01 14:01:22.140,1.23098,1.2311,1.50,3.57
2013.11.01 14:01:22.499,1.23097,1.23106,2.25,1.13
2013.11.01 14:01:22.679,1.23094,1.23106,1.50,2.07
2013.11.01 14:01:22.798,1.23094,1.23105,1.50,1.32
2013.11.01 14:01:23.039,1.23092,1.23104,1.50,1.88
2013.11.01 14:01:23.399,1.23094,1.23106,2.25,3.75
2013.11.01 14:01:23.460,1.23095,1.23106,1.50,1.88
2013.11.01 14:01:24.001,1.23095,1.23106,1.50,1.69
2013.11.01 14:01:24.549,1.23095,1.23107,1.50,2.44
2013.11.01 14:01:26.200,1.23095,1.23104,1.50,1.50
2013.11.01 14:01:26.919,1.23095,1.23106,1.50,1.69
2013.11.01 14:01:27.099,1.23095,1.23106,1.50,1.69
2013.11.01 14:01:27.620,1.23093,1.23104,1.50,2.07
2013.11.01 14:01:28.160,1.23093,1.23104,1.50,1.69
2013.11.01 14:01:28.540,1.23093,1.23103,1.50,1.32
2013.11.01 14:01:28.598,1.23093,1.23104,1.50,1.69
2013.11.01 14:01:29.661,1.23093,1.23104,1.50,1.69
2013.11.01 14:01:30.276,1.23093,1.23104,2.25,2.07
2013.11.01 14:01:30.818,1.23093,1.23104,1.50,1.69
2013.11.01 14:01:31.368,1.23093,1.23104,1.50,1.69
2013.11.01 14:01:31.548,1.23093,1.23103,1.50,1.32
2013.11.01 14:01:32.091,1.23092,1.23103,1.50,2.07
2013.11.01 14:01:32.449,1.23089,1.231,1.88,1.32
2013.11.01 14:01:32.751,1.2309,1.231,1.13,1.32
2013.11.01 14:01:32.823,1.23092,1.23101,1.13,1.50
2013.11.01 14:01:32.891,1.23094,1.23102,1.32,2.25
2013.11.01 14:01:33.012,1.23094,1.23104,1.32,1.50
2013.11.01 14:01:33.079,1.23095,1.23104,1.13,1.32
2013.11.01 14:01:33.139,1.23095,1.23106,1.13,1.50
2013.11.01 14:01:33.439,1.23094,1.23104,1.88,1.50
2013.11.01 14:01:34.010,1.23093,1.23104,1.13,2.44
2013.11.01 14:01:34.741,1.23093,1.23104,1.13,1.50
2013.11.01 14:01:35.070,1.23092,1.23103,1.13,2.25
2013.11.01 14:01:35.371,1.23091,1.23102,1.88,1.50
2013.11.01 14:01:36.349,1.23091,1.23102,1.88,1.50
2013.11.01 14:01:36.469,1.2309,1.23101,1.50,1.32
2013.11.01 14:01:36.649,1.23091,1.23101,1.50,1.32
2013.11.01 14:01:36.829,1.23091,1.23101,2.07,1.50
2013.11.01 14:01:37.009,1.23093,1.23104,2.07,1.50
2013.11.01 14:01:37.190,1.23094,1.23105,1.88,1.13
2013.11.01 14:01:38.508,1.23094,1.23105,1.50,1.69
2013.11.01 14:01:38.688,1.23092,1.23103,1.50,1.69
2013.11.01 14:01:39.538,1.23092,1.23104,1.88,1.50
2013.11.01 14:01:40.259,1.23095,1.23106,1.13,2.07
2013.11.01 14:01:40.680,1.23094,1.23105,1.50,2.07
2013.11.01 14:01:40.980,1.23094,1.23106,2.07,1.88
2013.11.01 14:01:41.341,1.23097,1.23107,1.50,2.82
2013.11.01 14:01:41.589,1.23097,1.23107,2.25,1.13
2013.11.01 14:01:41.889,1.23097,1.23107,2.82,1.13
2013.11.01 14:01:42.250,1.23098,1.23109,1.69,1.50
2013.11.01 14:01:42.490,1.231,1.23111,1.50,1.88
2013.11.01 14:01:43.225,1.23102,1.23113,1.50,1.69
2013.11.01 14:01:43.890,1.23102,1.23113,1.50,1.69
2013.11.01 14:01:44.070,1.23099,1.2311,1.50,1.13
2013.11.01 14:01:44.248,1.231,1.23108,2.25,1.13
2013.11.01 14:01:44.308,1.23098,1.23108,1.50,1.13
2013.11.01 14:01:44.609,1.23096,1.23108,1.50,1.88
2013.11.01 14:01:44.728,1.23094,1.23106,1.50,1.13
2013.11.01 14:01:44.850,1.23096,1.23107,1.50,1.13
2013.11.01 14:01:45.088,1.23094,1.23107,1.69,1.50
2013.11.01 14:01:45.628,1.23095,1.23108,3.19,1.88
2013.11.01 14:01:46.168,1.23095,1.23106,1.50,1.69
2013.11.01 14:01:46.529,1.23095,1.23106,1.50,1.50
2013.11.01 14:01:46.988,1.23093,1.23105,2.63,1.50
2013.11.01 14:01:48.219,1.23093,1.23105,2.07,1.50
2013.11.01 14:01:48.758,1.23095,1.23105,1.32,1.50
2013.11.01 14:01:49.059,1.23095,1.23105,1.69,1.50
2013.11.01 14:01:49.358,1.23095,1.23105,1.32,1.50
2013.11.01 14:01:49.418,1.23095,1.23107,2.63,1.50
2013.11.01 14:01:49.962,1.23096,1.23107,1.32,1.50
2013.11.01 14:01:50.030,1.23096,1.23107,1.69,1.50
2013.11.01 14:01:50.392,1.23098,1.23109,1.88,1.50
2013.11.01 14:01:50.520,1.23097,1.23108,1.50,1.13
2013.11.01 14:01:50.881,1.23095,1.23105,1.50,1.69
2013.11.01 14:01:51.059,1.23093,1.23103,2.25,1.32
2013.11.01 14:01:51.119,1.23093,1.23104,2.25,1.69
2013.11.01 14:01:51.750,1.23093,1.23103,1.32,1.50
2013.11.01 14:01:51.824,1.23093,1.23105,1.88,2.82
2013.11.01 14:01:53.168,1.23094,1.23105,1.50,1.69
2013.11.01 14:01:53.470,1.23099,1.2311,1.88,1.32
2013.11.01 14:01:53.530,1.23101,1.23113,1.88,2.82
2013.11.01 14:01:53.909,1.23101,1.23113,2.63,1.69
2013.11.01 14:01:54.450,1.23101,1.23112,2.63,1.69
2013.11.01 14:01:54.629,1.23101,1.2311,2.63,1.32
2013.11.01 14:01:55.809,1.23101,1.23113,2.63,1.69
2013.11.01 14:01:56.311,1.23102,1.23113,1.50,1.50
2013.11.01 14:01:56.749,1.23102,1.23112,1.50,1.69
2013.11.01 14:01:56.810,1.23102,1.23112,1.50,1.13
2013.11.01 14:01:56.929,1.23102,1.23112,1.50,2.44
2013.11.01 14:01:57.110,1.23102,1.23113,1.88,1.50
2013.11.01 14:01:57.229,1.23102,1.23113,1.88,1.50
2013.11.01 14:01:57.470,1.23102,1.23113,1.88,1.50
2013.11.01 14:01:57.709,1.23102,1.23114,2.63,1.69
2013.11.01 14:01:57.769,1.23102,1.23113,1.13,1.50
2013.11.01 14:01:57.951,1.23102,1.23113,1.88,1.50
2013.11.01 14:01:58.372,1.23102,1.23112,1.13,1.50
2013.11.01 14:01:58.681,1.23102,1.23113,1.13,1.50
2013.11.01 14:01:59.898,1.23102,1.23113,1.13,1.69
2013.11.01 14:02:00.770,1.23101,1.23113,2.25,1.50
2013.11.01 14:02:00.912,1.23103,1.23114,1.88,3.19
2013.11.01 14:02:01.102,1.23106,1.23117,1.32,1.50
2013.11.01 14:02:01.468,1.23107,1.23119,2.44,2.25
2013.11.01 14:02:02.008,1.23107,1.23118,1.69,1.50
2013.11.01 14:02:02.548,1.23107,1.23118,1.50,1.88
2013.11.01 14:02:03.090,1.23108,1.23118,1.13,1.88
2013.11.01 14:02:03.153,1.23108,1.23119,1.13,2.63
2013.11.01 14:02:03.223,1.23109,1.23119,1.50,1.13
2013.11.01 14:02:03.557,1.23107,1.23119,1.88,3.19
2013.11.01 14:02:03.638,1.23108,1.23119,1.50,2.63
2013.11.01 14:02:03.823,1.23107,1.23118,2.25,2.07
2013.11.01 14:02:03.890,1.23105,1.23117,1.88,1.69
2013.11.01 14:02:04.022,1.23105,1.23116,1.13,2.25
2013.11.01 14:02:04.088,1.23105,1.23117,1.88,1.69
2013.11.01 14:02:04.212,1.23105,1.23116,1.88,1.32
2013.11.01 14:02:04.282,1.23105,1.23117,1.88,3.00
2013.11.01 14:02:04.539,1.23105,1.23116,1.88,2.07
2013.11.01 14:02:05.054,1.23105,1.23116,1.50,1.50
2013.11.01 14:02:05.126,1.23105,1.23116,1.88,1.50
2013.11.01 14:02:05.431,1.23106,1.23117,1.13,2.07
2013.11.01 14:02:05.500,1.23108,1.23118,1.13,1.88
2013.11.01 14:02:05.626,1.23107,1.23116,1.50,1.32
2013.11.01 14:02:05.750,1.23106,1.23115,1.50,1.13
2013.11.01 14:02:05.869,1.23104,1.23114,1.88,1.50
2013.11.01 14:02:06.110,1.23104,1.23114,1.50,1.32
2013.11.01 14:02:06.648,1.23103,1.23114,1.50,1.32
2013.11.01 14:02:07.071,1.23103,1.2311,1.50,2.25
2013.11.01 14:02:07.259,1.23097,1.23108,2.63,1.50
2013.11.01 14:02:07.802,1.23097,1.23108,1.88,1.88
2013.11.01 14:02:08.349,1.23096,1.23106,1.32,1.50
2013.11.01 14:02:08.471,1.23096,1.23106,1.88,1.50
2013.11.01 14:02:08.538,1.23095,1.23106,1.50,1.88
2013.11.01 14:02:08.659,1.23096,1.23107,2.25,1.50
2013.11.01 14:02:08.720,1.23097,1.23108,1.50,1.88
2013.11.01 14:02:08.779,1.23097,1.23108,1.50,1.50
2013.11.01 14:02:09.566,1.23099,1.2311,1.50,1.88
2013.11.01 14:02:10.097,1.23099,1.2311,1.50,1.13
2013.11.01 14:02:10.409,1.23097,1.23107,3.00,1.50
2013.11.01 14:02:10.768,1.23095,1.23102,3.19,1.50
2013.11.01 14:02:11.128,1.23096,1.23103,1.50,1.50
2013.11.01 14:02:11.669,1.23097,1.23104,2.25,1.50
2013.11.01 14:02:11.788,1.23097,1.23105,2.44,1.50
2013.11.01 14:02:11.969,1.23096,1.23103,1.69,2.25
2013.11.01 14:02:14.938,1.23095,1.23102,1.32,1.50
2013.11.01 14:02:15.990,1.23097,1.23103,1.69,1.50
2013.11.01 14:02:16.540,1.23095,1.23103,1.69,2.25
2013.11.01 14:02:19.500,1.23096,1.23104,3.75,1.50
2013.11.01 14:02:19.980,1.23099,1.23108,1.32,1.13
2013.11.01 14:02:20.041,1.23098,1.23107,2.07,1.13
2013.11.01 14:02:20.219,1.23098,1.23105,2.44,1.50
2013.11.01 14:02:20.400,1.23103,1.23107,1.69,1.13
2013.11.01 14:02:20.941,1.23102,1.23107,2.44,1.50
2013.11.01 14:02:21.178,1.23101,1.23107,1.69,1.50
2013.11.01 14:02:21.479,1.23099,1.23108,1.69,2.25
2013.11.01 14:02:22.918,1.23099,1.23107,1.50,1.50
2013.11.01 14:02:23.158,1.23099,1.23106,1.50,1.13
2013.11.01 14:02:23.459,1.23097,1.23102,1.69,1.50
2013.11.01 14:02:23.699,1.23095,1.23101,1.50,1.50
2013.11.01 14:02:23.820,1.23095,1.23101,1.50,1.50
2013.11.01 14:02:24.379,1.23095,1.23102,1.69,1.50
2013.11.01 14:02:24.801,1.23098,1.23104,1.13,1.50
2013.11.01 14:02:25.338,1.231,1.23107,1.50,1.50
2013.11.01 14:02:25.871,1.231,1.23106,1.50,1.50
2013.11.01 14:02:26.323,1.231,1.23107,1.32,2.25
2013.11.01 14:02:26.451,1.23099,1.23105,1.69,1.50
2013.11.01 14:02:26.990,1.23099,1.23105,1.50,1.50
2013.11.01 14:02:27.349,1.23095,1.23105,1.13,2.44
2013.11.01 14:02:27.528,1.23094,1.23103,1.50,1.50
2013.11.01 14:02:28.595,1.23094,1.23101,1.50,1.50
2013.11.01 14:02:28.672,1.23092,1.23098,1.50,1.50
2013.11.01 14:02:28.739,1.2309,1.23098,1.50,1.50
2013.11.01 14:02:30.310,1.2309,1.23097,1.50,2.25
2013.11.01 14:02:30.848,1.2309,1.23096,1.50,1.50
2013.11.01 14:02:30.909,1.23086,1.23093,1.50,1.50
2013.11.01 14:02:31.031,1.23086,1.23092,2.25,1.50
2013.11.01 14:02:31.701,1.23086,1.23094,2.07,1.50
2013.11.01 14:02:31.828,1.23086,1.23092,1.50,1.50
2013.11.01 14:02:32.740,1.23085,1.23091,2.44,1.50
2013.11.01 14:02:32.799,1.23086,1.23094,2.07,1.50
2013.11.01 14:02:32.918,1.23085,1.23091,2.44,1.50
2013.11.01 14:02:33.638,1.23084,1.23091,1.50,1.50
2013.11.01 14:02:34.000,1.23082,1.23091,1.50,1.50
2013.11.01 14:02:34.588,1.23081,1.23086,2.07,1.50
2013.11.01 14:02:34.710,1.23081,1.2309,1.32,2.25
2013.11.01 14:02:34.832,1.23082,1.23092,1.50,1.50
2013.11.01 14:02:35.380,1.23083,1.23091,1.50,1.50
2013.11.01 14:02:36.109,1.23083,1.2309,1.50,1.50
2013.11.01 14:02:36.721,1.23082,1.2309,3.19,1.50
2013.11.01 14:02:37.043,1.23084,1.23091,1.69,1.50
2013.11.01 14:02:38.221,1.23086,1.23092,1.69,1.50
2013.11.01 14:02:38.711,1.23084,1.23091,2.44,1.50
2013.11.01 14:02:39.008,1.23082,1.2309,2.07,1.50
2013.11.01 14:02:40.118,1.23084,1.2309,1.32,1.50
2013.11.01 14:02:40.299,1.23084,1.2309,2.25,1.50
2013.11.01 14:02:41.159,1.23084,1.2309,1.50,1.50
2013.11.01 14:02:41.283,1.23083,1.2309,2.07,1.50
2013.11.01 14:02:41.415,1.23084,1.23092,1.32,1.13
2013.11.01 14:02:41.968,1.23086,1.23091,1.13,1.50
2013.11.01 14:02:42.510,1.23083,1.2309,2.07,1.50
2013.11.01 14:02:42.869,1.23081,1.23087,1.50,1.50
2013.11.01 14:02:43.610,1.23082,1.23088,1.13,1.50
2013.11.01 14:02:43.729,1.2308,1.23088,2.07,2.25
2013.11.01 14:02:43.849,1.2308,1.23087,1.88,1.13
2013.11.01 14:02:43.909,1.2308,1.23087,1.13,1.13
2013.11.01 14:02:44.089,1.2308,1.23086,2.63,1.50
2013.11.01 14:02:44.509,1.23079,1.23086,1.32,1.50
2013.11.01 14:02:44.870,1.23078,1.23085,3.00,1.50
2013.11.01 14:02:45.350,1.23078,1.23086,1.32,2.25
2013.11.01 14:02:47.049,1.23076,1.23086,3.19,2.25
2013.11.01 14:02:47.814,1.23076,1.23086,2.82,2.25
2013.11.01 14:02:47.999,1.23078,1.23085,1.50,1.50
2013.11.01 14:02:48.360,1.23079,1.23087,1.32,1.88
2013.11.01 14:02:48.733,1.2308,1.2309,1.32,1.80
2013.11.01 14:02:49.859,1.23079,1.23086,2.25,1.50
2013.11.01 14:02:49.979,1.23079,1.23086,1.32,1.13
2013.11.01 14:02:50.099,1.23076,1.23084,3.75,1.50
2013.11.01 14:02:50.218,1.23077,1.23085,1.69,1.50
2013.11.01 14:02:50.459,1.23077,1.23085,1.32,1.50
2013.11.01 14:02:51.008,1.23077,1.23085,1.13,1.50
2013.11.01 14:02:51.188,1.23077,1.23087,2.44,1.50
2013.11.01 14:02:51.309,1.23077,1.23087,1.13,1.50
2013.11.01 14:02:51.428,1.23078,1.23088,1.50,1.13
2013.11.01 14:02:52.682,1.23078,1.23088,1.50,1.13
2013.11.01 14:02:53.108,1.23079,1.23089,1.32,1.13
2013.11.01 14:02:53.288,1.23078,1.23088,2.07,1.13
2013.11.01 14:02:56.769,1.2308,1.23087,1.13,1.13
2013.11.01 14:02:57.308,1.23079,1.23089,1.50,1.13
2013.11.01 14:02:59.698,1.23079,1.23086,1.50,1.13
2013.11.01 14:02:59.938,1.23078,1.23087,2.25,1.13
2013.11.01 14:03:00.178,1.23079,1.23088,1.69,1.13
2013.11.01 14:03:00.689,1.23079,1.23088,1.69,1.13
2013.11.01 14:03:02.728,1.23077,1.23088,1.50,1.50
2013.11.01 14:03:03.265,1.23077,1.23088,1.69,1.50
2013.11.01 14:03:03.750,1.23078,1.23089,2.44,1.50
2013.11.01 14:03:03.928,1.23077,1.23088,2.82,1.50
2013.11.01 14:03:05.308,1.23078,1.23089,2.44,2.25
2013.11.01 14:03:08.268,1.23079,1.2309,1.50,1.88
2013.11.01 14:03:08.962,1.23079,1.23088,1.50,1.13
2013.11.01 14:03:10.710,1.23079,1.2309,1.50,1.88
2013.11.01 14:03:12.578,1.23079,1.2309,1.50,2.63
2013.11.01 14:03:14.578,1.2308,1.23091,2.25,1.88
2013.11.01 14:03:15.918,1.23079,1.2309,1.50,2.25
2013.11.01 14:03:16.762,1.2308,1.2309,2.07,1.50
2013.11.01 14:03:17.010,1.2308,1.2309,1.69,1.50
2013.11.01 14:03:17.558,1.23079,1.2309,1.69,1.50
2013.11.01 14:03:17.859,1.23079,1.2309,1.69,1.50
2013.11.01 14:03:18.039,1.23082,1.23092,1.50,1.50
2013.11.01 14:03:18.622,1.23081,1.23091,1.50,1.50
2013.11.01 14:03:19.138,1.2308,1.23091,1.69,1.50
2013.11.01 14:03:19.619,1.23079,1.2309,1.13,2.25
2013.11.01 14:03:20.158,1.23078,1.2309,2.07,2.25
2013.11.01 14:03:20.708,1.23079,1.23089,2.07,1.50
2013.11.01 14:03:22.479,1.23079,1.23088,1.69,1.50
2013.11.01 14:03:22.779,1.23069,1.23079,1.13,1.69
2013.11.01 14:03:22.839,1.23068,1.23076,1.88,1.35
2013.11.01 14:03:22.959,1.23065,1.23075,2.63,1.50
2013.11.01 14:03:23.018,1.23065,1.23075,1.88,1.50
2013.11.01 14:03:23.558,1.23063,1.23075,2.25,2.44
2013.11.01 14:03:23.858,1.23062,1.23072,1.13,2.25
2013.11.01 14:03:23.978,1.2306,1.23071,1.13,1.50
2013.11.01 14:03:24.580,1.2306,1.23071,1.13,1.69
2013.11.01 14:03:24.819,1.23058,1.23069,1.50,1.69
2013.11.01 14:03:26.829,1.23058,1.23068,1.88,1.50
2013.11.01 14:03:27.369,1.23059,1.2307,2.07,1.50
2013.11.01 14:03:28.028,1.23059,1.23068,1.13,1.50
2013.11.01 14:03:28.627,1.23058,1.23068,1.88,1.50
2013.11.01 14:03:29.909,1.23059,1.23068,1.13,1.50
2013.11.01 14:03:30.208,1.23059,1.23068,1.13,1.50
2013.11.01 14:03:30.509,1.23063,1.23073,1.69,1.50
2013.11.01 14:03:30.940,1.23064,1.23075,1.32,2.63
2013.11.01 14:03:31.059,1.23062,1.23074,2.44,1.50
2013.11.01 14:03:31.119,1.23063,1.23074,1.69,1.50
2013.11.01 14:03:31.302,1.23064,1.23074,1.32,1.50
2013.11.01 14:03:31.370,1.23063,1.23074,1.69,1.50
2013.11.01 14:03:31.614,1.23064,1.23074,1.69,1.50
2013.11.01 14:03:32.851,1.23064,1.23075,1.13,1.50
2013.11.01 14:03:32.911,1.23064,1.23075,2.44,1.50
2013.11.01 14:03:33.279,1.23065,1.23076,1.69,1.50
2013.11.01 14:03:33.940,1.23065,1.23076,1.50,1.69
2013.11.01 14:03:34.489,1.23065,1.23076,1.50,1.50
2013.11.01 14:03:35.028,1.23065,1.23076,1.69,1.50
2013.11.01 14:03:35.568,1.23065,1.23076,1.50,1.50
2013.11.01 14:03:35.808,1.23065,1.23076,2.07,1.50
2013.11.01 14:03:35.868,1.23065,1.23076,2.07,1.50
2013.11.01 14:03:36.168,1.23066,1.23076,1.32,1.50
2013.11.01 14:03:36.889,1.23067,1.23078,1.50,1.50
2013.11.01 14:03:37.068,1.23065,1.23076,2.07,1.50
2013.11.01 14:03:37.129,1.23065,1.23077,2.07,1.50
2013.11.01 14:03:38.055,1.23065,1.23077,2.07,1.50
2013.11.01 14:03:38.369,1.23066,1.23076,1.32,1.50
2013.11.01 14:03:38.430,1.23065,1.23076,2.07,1.50
2013.11.01 14:03:38.730,1.23067,1.23077,2.25,1.50
2013.11.01 14:03:39.750,1.23068,1.23079,1.50,2.25
2013.11.01 14:03:40.109,1.23071,1.2308,2.44,1.50
2013.11.01 14:03:40.229,1.23075,1.23084,1.32,1.50
2013.11.01 14:03:40.350,1.23077,1.23087,1.32,1.65
2013.11.01 14:03:40.709,1.23078,1.23088,1.50,1.50
2013.11.01 14:03:40.829,1.23076,1.23087,1.50,1.50
2013.11.01 14:03:41.070,1.23075,1.23082,1.50,1.69
2013.11.01 14:03:41.131,1.23072,1.23082,1.50,1.50
2013.11.01 14:03:41.430,1.23071,1.23082,2.25,1.50
2013.11.01 14:03:41.669,1.23071,1.23081,2.25,1.13
2013.11.01 14:03:41.789,1.2307,1.23079,1.50,1.35
2013.11.01 14:03:42.209,1.23069,1.23079,1.50,2.25
2013.11.01 14:03:42.509,1.23069,1.2308,2.07,1.50
2013.11.01 14:03:42.809,1.23071,1.23082,1.69,2.10
2013.11.01 14:03:43.348,1.23071,1.23082,1.50,2.10
2013.11.01 14:03:44.300,1.23071,1.23082,2.44,2.10
2013.11.01 14:03:44.659,1.23072,1.23083,1.32,1.50
2013.11.01 14:03:44.898,1.23071,1.23082,2.82,1.50
2013.11.01 14:03:44.959,1.23071,1.23082,2.82,1.50
2013.11.01 14:03:45.319,1.23072,1.23083,1.32,1.50
2013.11.01 14:03:45.501,1.23072,1.23083,1.32,1.50
2013.11.01 14:03:45.680,1.23073,1.23083,1.32,1.50
2013.11.01 14:03:45.740,1.23071,1.23082,2.25,1.50
2013.11.01 14:03:45.861,1.2307,1.23081,1.88,1.50
2013.11.01 14:03:46.388,1.2307,1.23081,1.50,1.50
2013.11.01 14:03:47.331,1.2307,1.23082,1.50,2.07
2013.11.01 14:03:47.580,1.23069,1.2308,2.18,1.50
2013.11.01 14:03:48.118,1.23069,1.23079,1.80,1.50
2013.11.01 14:03:48.663,1.23069,1.2308,1.05,3.19
2013.11.01 14:03:48.910,1.23069,1.23079,1.50,1.50
2013.11.01 14:03:49.389,1.23067,1.23078,1.50,2.07
2013.11.01 14:03:49.750,1.23066,1.23076,1.50,1.13
2013.11.01 14:03:49.929,1.23062,1.23074,1.50,2.25
2013.11.01 14:03:49.992,1.23063,1.23073,1.50,1.50
2013.11.01 14:03:50.418,1.23064,1.23075,1.88,1.50
2013.11.01 14:03:50.960,1.23065,1.23077,2.07,2.25
2013.11.01 14:03:51.740,1.23066,1.23076,3.75,1.32
2013.11.01 14:03:51.859,1.23068,1.23079,1.50,2.07
2013.11.01 14:03:51.919,1.23068,1.23079,1.50,2.44
2013.11.01 14:03:52.099,1.23068,1.23079,1.50,3.00
2013.11.01 14:03:52.279,1.23065,1.23077,2.25,1.50
2013.11.01 14:03:52.819,1.23066,1.23078,1.88,2.44
2013.11.01 14:03:53.358,1.23067,1.23079,1.50,3.57
2013.11.01 14:03:53.872,1.23067,1.23078,1.50,2.63
2013.11.01 14:03:54.001,1.23065,1.23077,1.50,2.44
2013.11.01 14:03:56.151,1.23065,1.23077,1.88,2.82
2013.11.01 14:03:56.789,1.23065,1.23076,1.88,1.32
2013.11.01 14:03:57.150,1.23065,1.23076,1.88,1.50
2013.11.01 14:03:57.210,1.23065,1.23073,1.88,1.50
2013.11.01 14:03:57.449,1.23062,1.23073,1.69,3.00
2013.11.01 14:03:57.511,1.23061,1.2307,2.82,1.50
2013.11.01 14:03:57.869,1.23057,1.23063,1.50,1.50
2013.11.01 14:03:57.928,1.23057,1.23066,1.50,1.50
2013.11.01 14:03:58.798,1.23055,1.23065,1.88,1.50
2013.11.01 14:03:59.459,1.23057,1.23066,2.07,1.50
2013.11.01 14:03:59.520,1.23057,1.23066,1.88,2.25
2013.11.01 14:03:59.821,1.23059,1.23068,2.25,2.25
2013.11.01 14:03:59.999,1.23062,1.2307,2.25,1.50
2013.11.01 14:04:00.058,1.23062,1.23071,2.25,3.00
2013.11.01 14:04:00.730,1.23063,1.23073,1.50,1.32
2013.11.01 14:04:01.270,1.23063,1.2307,1.69,1.50
2013.11.01 14:04:01.628,1.23066,1.23075,1.13,1.50
2013.11.01 14:04:01.869,1.23067,1.23076,2.44,2.25
2013.11.01 14:04:02.049,1.23069,1.23079,1.13,1.50
2013.11.01 14:04:02.169,1.2307,1.23081,1.88,2.25
2013.11.01 14:04:03.078,1.2307,1.23081,1.50,1.50
2013.11.01 14:04:03.378,1.23069,1.2308,2.82,3.00
2013.11.01 14:04:03.438,1.23072,1.2308,1.50,3.00
2013.11.01 14:04:04.101,1.23073,1.2308,1.50,1.50
2013.11.01 14:04:04.459,1.23074,1.23085,1.50,2.07
2013.11.01 14:04:04.940,1.23075,1.23081,1.50,1.50
2013.11.01 14:04:05.001,1.23075,1.23081,1.50,1.50
2013.11.01 14:04:05.458,1.23075,1.23081,1.50,2.25
2013.11.01 14:04:05.535,1.23077,1.23087,2.25,1.50
2013.11.01 14:04:06.079,1.23078,1.23087,1.50,1.50
2013.11.01 14:04:06.709,1.23078,1.23086,1.50,1.50
2013.11.01 14:04:06.769,1.23077,1.23085,1.50,1.32
2013.11.01 14:04:06.831,1.23076,1.23082,1.50,1.13
2013.11.01 14:04:07.010,1.23074,1.23081,1.88,1.32
2013.11.01 14:04:07.250,1.2307,1.23079,1.50,2.07
2013.11.01 14:04:07.369,1.23069,1.23079,1.50,2.07
2013.11.01 14:04:07.488,1.23069,1.2308,1.50,2.44
2013.11.01 14:04:09.150,1.2307,1.2308,3.19,3.00
2013.11.01 14:04:09.692,1.2307,1.2308,2.82,1.50
2013.11.01 14:04:11.549,1.2307,1.2308,2.82,3.00
2013.11.01 14:04:12.670,1.2307,1.2308,2.82,1.50
2013.11.01 14:04:13.033,1.23074,1.23083,1.69,2.25
2013.11.01 14:04:13.279,1.23074,1.23082,1.50,1.50
2013.11.01 14:04:13.458,1.23073,1.2308,2.25,1.13
2013.11.01 14:04:13.879,1.23072,1.23078,1.50,2.25
2013.11.01 14:04:13.999,1.2307,1.23078,1.50,2.25
2013.11.01 14:04:14.778,1.2307,1.23079,1.50,1.50
2013.11.01 14:04:15.331,1.2307,1.2308,1.50,1.69
2013.11.01 14:04:15.570,1.2307,1.23079,1.50,1.69
2013.11.01 14:04:15.630,1.2307,1.23079,2.07,1.13
2013.11.01 14:04:15.750,1.23066,1.23078,2.82,1.50
2013.11.01 14:04:16.048,1.23067,1.23078,1.32,1.50
2013.11.01 14:04:16.170,1.23068,1.23079,1.88,1.50
2013.11.01 14:04:19.175,1.23069,1.23079,2.07,1.50
2013.11.01 14:04:19.422,1.23068,1.23079,2.07,1.50
2013.11.01 14:04:19.958,1.23069,1.23079,1.32,1.50
2013.11.01 14:04:20.478,1.23069,1.23079,2.82,1.50
2013.11.01 14:04:21.630,1.23069,1.2308,3.94,1.50
2013.11.01 14:04:22.193,1.2307,1.23079,1.32,1.50
2013.11.01 14:04:23.008,1.23069,1.23079,2.44,3.00
2013.11.01 14:04:23.248,1.23069,1.2308,2.44,1.50
2013.11.01 14:04:23.668,1.2307,1.23081,2.44,1.50
2013.11.01 14:04:23.968,1.23073,1.23082,1.13,2.25
2013.11.01 14:04:24.269,1.23075,1.23085,1.32,1.88
2013.11.01 14:04:24.388,1.23074,1.23085,1.69,1.88
2013.11.01 14:04:24.928,1.23074,1.23085,1.50,1.88
2013.11.01 14:04:26.149,1.23076,1.23086,1.13,1.50
2013.11.01 14:04:26.450,1.23084,1.23094,1.50,2.07
2013.11.01 14:04:26.808,1.23083,1.23092,2.25,1.32
2013.11.01 14:04:27.349,1.23078,1.2309,1.50,2.44
2013.11.01 14:04:28.879,1.23077,1.23088,1.13,1.50
2013.11.01 14:04:29.180,1.23079,1.23088,1.50,1.69
2013.11.01 14:04:30.279,1.23078,1.23088,1.50,1.50
2013.11.01 14:04:32.149,1.23079,1.23089,1.50,1.88
2013.11.01 14:04:32.700,1.23079,1.23089,2.25,2.25
2013.11.01 14:04:33.001,1.23076,1.23085,2.25,3.19
2013.11.01 14:04:33.182,1.23073,1.23083,3.00,1.32
2013.11.01 14:04:33.311,1.23073,1.23083,2.25,1.88
2013.11.01 14:04:33.671,1.23073,1.23079,1.50,1.13
2013.11.01 14:04:34.850,1.2307,1.23077,2.25,1.60
2013.11.01 14:04:34.928,1.23065,1.23074,1.13,1.41
2013.11.01 14:04:35.422,1.2306,1.23069,2.25,2.07
2013.11.01 14:04:35.660,1.2306,1.23069,1.50,1.50
2013.11.01 14:04:36.511,1.23059,1.23068,1.50,1.32
2013.11.01 14:04:36.570,1.23055,1.23066,1.88,2.44
2013.11.01 14:04:36.690,1.23055,1.23062,1.13,1.13
2013.11.01 14:04:37.228,1.23053,1.23062,1.50,1.13
2013.11.01 14:04:37.768,1.23053,1.23064,1.69,1.88
2013.11.01 14:04:38.189,1.23053,1.23064,2.07,1.50
2013.11.01 14:04:39.358,1.23054,1.23062,2.25,1.32
2013.11.01 14:04:39.418,1.23055,1.23066,1.50,2.07
2013.11.01 14:04:39.658,1.2305,1.23062,1.50,2.25
2013.11.01 14:04:39.898,1.23051,1.23062,1.32,2.25
2013.11.01 14:04:40.259,1.23052,1.23064,1.69,1.50
2013.11.01 14:04:40.319,1.23054,1.23066,2.82,1.50
2013.11.01 14:04:40.940,1.23054,1.23066,3.19,1.50
2013.11.01 14:04:41.601,1.23054,1.23066,2.63,2.25
2013.11.01 14:04:42.319,1.23054,1.23066,1.50,1.69
2013.11.01 14:04:42.499,1.23052,1.23063,1.50,1.13
2013.11.01 14:04:42.800,1.23048,1.2306,1.50,1.50
2013.11.01 14:04:43.579,1.23049,1.23061,2.25,1.69
2013.11.01 14:04:44.522,1.2305,1.23062,1.50,2.07
2013.11.01 14:04:46.499,1.2305,1.23061,1.50,1.50
2013.11.01 14:04:46.619,1.2305,1.23061,1.50,1.69
2013.11.01 14:04:46.858,1.2305,1.23061,2.07,1.50
2013.11.01 14:04:47.219,1.2305,1.23059,1.50,1.69
2013.11.01 14:04:47.339,1.23051,1.23061,1.50,1.88
2013.11.01 14:04:47.879,1.2305,1.23061,1.50,1.88
2013.11.01 14:04:48.698,1.23051,1.23061,1.50,1.50
2013.11.01 14:04:49.238,1.23052,1.23062,1.50,1.13
2013.11.01 14:04:50.142,1.23052,1.23062,1.50,1.13
2013.11.01 14:04:50.873,1.23052,1.23063,1.50,2.07
2013.11.01 14:04:51.979,1.23052,1.23063,2.25,1.88
2013.11.01 14:04:52.280,1.23053,1.23063,1.13,1.88
2013.11.01 14:04:52.459,1.23053,1.23063,1.13,1.88
2013.11.01 14:04:53.000,1.23052,1.23063,1.50,1.88
2013.11.01 14:04:54.149,1.23053,1.23063,2.25,1.13
2013.11.01 14:04:54.894,1.23054,1.23063,1.50,1.13
2013.11.01 14:04:55.209,1.23054,1.23063,1.50,1.13
2013.11.01 14:04:55.509,1.23055,1.23066,1.32,2.25
2013.11.01 14:04:55.569,1.23057,1.23066,1.32,2.25
2013.11.01 14:04:56.049,1.2306,1.23069,2.44,1.50
2013.11.01 14:04:56.109,1.2306,1.23069,1.13,1.50
2013.11.01 14:04:56.231,1.23061,1.23072,1.50,1.88
2013.11.01 14:04:56.769,1.23061,1.23072,1.50,2.07
2013.11.01 14:04:57.011,1.23061,1.23072,1.50,1.88
2013.11.01 14:04:57.190,1.2306,1.23071,1.13,1.50
2013.11.01 14:05:00.878,1.2306,1.23071,3.00,1.13
2013.11.01 14:05:01.428,1.23061,1.23072,1.69,1.88
2013.11.01 14:05:02.698,1.23061,1.23072,1.50,1.50
2013.11.01 14:05:03.058,1.23063,1.23073,1.50,1.13
2013.11.01 14:05:04.366,1.23064,1.23074,1.50,1.50
2013.11.01 14:05:04.908,1.23064,1.23073,1.50,1.13
2013.11.01 14:05:05.448,1.23064,1.23073,1.69,1.13
2013.11.01 14:05:06.168,1.23065,1.23073,1.69,1.13
2013.11.01 14:05:06.712,1.23066,1.23077,1.50,1.88
2013.11.01 14:05:06.781,1.23065,1.23077,1.50,2.63
2013.11.01 14:05:07.322,1.23065,1.23076,1.50,1.69
2013.11.01 14:05:07.625,1.23063,1.23074,1.50,1.13
2013.11.01 14:05:08.350,1.23064,1.23074,3.57,1.88
2013.11.01 14:05:09.569,1.23066,1.23077,1.50,1.88
2013.11.01 14:05:10.373,1.23066,1.23076,1.50,1.13
2013.11.01 14:05:10.560,1.23063,1.23074,1.50,2.44
2013.11.01 14:05:11.601,1.23063,1.23074,1.50,4.32
2013.11.01 14:05:11.719,1.23063,1.2307,1.50,1.32
2013.11.01 14:05:12.331,1.23063,1.2307,1.50,1.32
2013.11.01 14:05:12.998,1.23063,1.23069,1.69,1.13
2013.11.01 14:05:14.539,1.23063,1.23072,1.50,1.73
2013.11.01 14:05:15.750,1.23063,1.23072,2.25,1.13
2013.11.01 14:05:15.809,1.23066,1.23073,2.44,1.50
2013.11.01 14:05:16.169,1.23068,1.23075,1.32,1.50
2013.11.01 14:05:16.349,1.2307,1.2308,1.69,1.50
2013.11.01 14:05:16.891,1.23069,1.2308,2.25,1.50
2013.11.01 14:05:18.149,1.2307,1.23081,1.50,1.50
2013.11.01 14:05:18.688,1.23071,1.23082,1.50,1.88
2013.11.01 14:05:19.200,1.23071,1.23082,1.50,1.88
2013.11.01 14:05:20.398,1.23071,1.23082,1.50,1.88
2013.11.01 14:05:21.350,1.23071,1.23082,1.50,1.13
2013.11.01 14:05:21.799,1.23074,1.23085,1.50,1.69
2013.11.01 14:05:22.158,1.23076,1.23087,1.32,2.25
2013.11.01 14:05:22.218,1.23075,1.23087,2.44,1.50
2013.11.01 14:05:22.879,1.23077,1.23089,1.50,1.50
2013.11.01 14:05:23.238,1.23075,1.23087,2.82,1.50
2013.11.01 14:05:23.839,1.23076,1.23087,1.32,1.50
2013.11.01 14:05:24.100,1.23077,1.23089,1.69,1.50
2013.11.01 14:05:24.991,1.23078,1.23089,1.69,1.50
2013.11.01 14:05:25.060,1.23079,1.2309,3.00,1.13
2013.11.01 14:05:25.493,1.23081,1.23092,1.32,1.50
2013.11.01 14:05:25.560,1.23081,1.23093,1.69,2.63
2013.11.01 14:05:25.620,1.23082,1.23093,1.50,1.13
2013.11.01 14:05:25.859,1.23082,1.23094,2.07,1.50
2013.11.01 14:05:27.099,1.23082,1.23094,2.44,1.50
2013.11.01 14:05:27.762,1.23082,1.23094,2.82,1.50
2013.11.01 14:05:27.890,1.23082,1.23094,2.44,1.50
2013.11.01 14:05:28.010,1.23082,1.23094,2.82,1.50
2013.11.01 14:05:28.071,1.23082,1.23094,2.44,1.50
2013.11.01 14:05:28.309,1.23082,1.23094,2.82,1.50
2013.11.01 14:05:28.428,1.23084,1.23096,2.07,1.50
2013.11.01 14:05:28.488,1.23084,1.23096,2.44,1.50
2013.11.01 14:05:28.610,1.23086,1.23098,1.69,1.88
2013.11.01 14:05:29.029,1.23084,1.23096,1.69,1.50
2013.11.01 14:05:33.992,1.23084,1.23095,1.50,1.32
2013.11.01 14:05:34.119,1.23082,1.23093,1.13,1.88
2013.11.01 14:05:34.178,1.23081,1.23092,1.13,2.25
2013.11.01 14:05:34.718,1.23082,1.23092,1.32,1.50
2013.11.01 14:05:35.569,1.23081,1.23093,1.69,1.50
2013.11.01 14:05:35.770,1.23083,1.23095,1.69,2.25
2013.11.01 14:05:36.862,1.23083,1.23095,1.69,1.88
2013.11.01 14:05:37.861,1.23083,1.23095,1.50,1.88
2013.11.01 14:05:38.100,1.23083,1.23094,1.50,1.21
2013.11.01 14:05:38.579,1.2308,1.23091,1.50,1.50
2013.11.01 14:05:41.000,1.23079,1.23091,2.07,1.50
2013.11.01 14:05:42.251,1.2308,1.23091,1.50,1.50
2013.11.01 14:05:42.800,1.23079,1.23091,2.82,1.50
2013.11.01 14:05:44.680,1.2308,1.23091,2.07,1.50
2013.11.01 14:05:44.738,1.2308,1.23091,1.69,1.50
2013.11.01 14:05:44.858,1.23081,1.23092,1.50,1.13
2013.11.01 14:05:47.210,1.23082,1.23092,1.88,1.13
2013.11.01 14:05:47.393,1.23083,1.23094,2.44,1.58
2013.11.01 14:05:48.001,1.23084,1.23095,2.25,2.92
2013.11.01 14:05:48.239,1.23086,1.23096,1.50,1.04
2013.11.01 14:05:48.658,1.23088,1.23098,1.50,1.88
2013.11.01 14:05:49.198,1.23089,1.231,1.50,3.08
2013.11.01 14:05:50.678,1.23088,1.23099,1.88,1.13
2013.11.01 14:05:51.038,1.23086,1.23097,1.50,1.50
2013.11.01 14:05:52.539,1.23086,1.23097,1.69,1.50
2013.11.01 14:05:53.509,1.23085,1.23096,1.88,2.25
2013.11.01 14:05:53.869,1.23082,1.23093,2.25,1.50
2013.11.01 14:05:53.932,1.23081,1.23092,1.50,1.13
2013.11.01 14:05:55.208,1.23079,1.2309,1.50,1.13
2013.11.01 14:05:55.722,1.2308,1.23091,1.50,2.07
2013.11.01 14:05:56.278,1.2308,1.2309,1.50,1.32
2013.11.01 14:05:56.909,1.23079,1.2309,2.25,1.32
2013.11.01 14:05:57.335,1.23077,1.23088,2.25,1.13
2013.11.01 14:05:57.473,1.23076,1.23087,2.44,1.13
2013.11.01 14:05:57.779,1.23078,1.23087,1.13,1.50
2013.11.01 14:05:57.839,1.23079,1.2309,1.50,2.07
2013.11.01 14:05:58.378,1.23079,1.23089,1.50,1.32
2013.11.01 14:05:59.165,1.23079,1.2309,1.50,1.88
2013.11.01 14:05:59.421,1.2308,1.23091,1.69,1.88
2013.11.01 14:05:59.962,1.2308,1.23091,1.69,1.13
2013.11.01 14:06:00.390,1.2308,1.23089,1.50,1.13
2013.11.01 14:06:02.031,1.23079,1.23089,1.50,1.88
2013.11.01 14:06:02.388,1.23079,1.2309,1.32,1.88
2013.11.01 14:06:02.929,1.23081,1.23091,1.69,1.88
2013.11.01 14:06:04.439,1.23081,1.23091,1.50,1.88
2013.11.01 14:06:04.780,1.23081,1.2309,1.50,1.32
2013.11.01 14:06:04.904,1.23078,1.23089,2.25,1.13
2013.11.01 14:06:05.031,1.23079,1.2309,2.25,1.13
2013.11.01 14:06:05.090,1.2308,1.23091,1.50,3.57
2013.11.01 14:06:05.211,1.23081,1.23091,2.25,1.50
2013.11.01 14:06:05.689,1.2308,1.23085,1.50,1.13
2013.11.01 14:06:05.931,1.23081,1.23093,2.25,1.88
2013.11.01 14:06:06.168,1.23083,1.23094,1.50,1.50
2013.11.01 14:06:06.905,1.23083,1.23095,2.25,1.88
2013.11.01 14:06:07.641,1.23085,1.23095,2.44,1.13
2013.11.01 14:06:08.800,1.23086,1.23097,1.50,1.88
2013.11.01 14:06:09.039,1.23088,1.23099,1.50,1.13
2013.11.01 14:06:09.340,1.2309,1.23101,1.50,1.95
2013.11.01 14:06:09.698,1.23092,1.23101,1.69,1.58
2013.11.01 14:06:13.050,1.23092,1.23101,1.50,1.95
2013.11.01 14:06:13.349,1.2309,1.231,2.07,1.20
2013.11.01 14:06:13.650,1.23091,1.231,1.69,1.58
2013.11.01 14:06:14.729,1.23091,1.23102,1.69,2.33
2013.11.01 14:06:15.629,1.23092,1.23101,1.69,1.20
2013.11.01 14:06:16.228,1.23091,1.23102,1.69,2.33
2013.11.01 14:06:16.349,1.23092,1.23102,1.50,2.25
2013.11.01 14:06:16.590,1.23094,1.23103,1.50,1.50
2013.11.01 14:06:16.709,1.23094,1.23103,1.69,1.50
2013.11.01 14:06:20.829,1.23094,1.23103,1.50,1.13
2013.11.01 14:06:21.370,1.23094,1.23103,1.69,1.13
2013.11.01 14:06:22.588,1.23094,1.23103,1.50,1.13
2013.11.01 14:06:22.889,1.23094,1.23103,1.69,1.13
2013.11.01 14:06:25.569,1.23094,1.23103,1.69,1.13
2013.11.01 14:06:26.109,1.23094,1.23104,2.44,1.13
2013.11.01 14:06:30.629,1.23094,1.23104,1.69,1.13
2013.11.01 14:06:30.931,1.23098,1.23106,1.32,1.17
2013.11.01 14:06:31.239,1.23101,1.23111,1.69,1.13
2013.11.01 14:06:31.538,1.23102,1.23113,1.50,1.13
2013.11.01 14:06:32.699,1.23102,1.23113,2.07,1.13
2013.11.01 14:06:32.758,1.23102,1.23113,1.50,1.13
2013.11.01 14:06:33.142,1.23102,1.23113,1.50,1.13
2013.11.01 14:06:33.202,1.23102,1.23113,1.50,1.13
2013.11.01 14:06:33.638,1.23102,1.23114,1.50,1.50
2013.11.01 14:06:33.759,1.23103,1.23114,1.50,1.50
2013.11.01 14:06:34.179,1.23102,1.23113,2.82,1.13
2013.11.01 14:06:34.838,1.23102,1.23113,2.25,1.13
2013.11.01 14:06:35.898,1.23103,1.23113,1.50,1.13
2013.11.01 14:06:36.438,1.23103,1.23114,1.69,1.50
2013.11.01 14:06:39.830,1.23103,1.23113,1.69,1.50
2013.11.01 14:06:40.863,1.23103,1.23114,1.69,1.50
2013.11.01 14:06:41.360,1.23105,1.23116,2.25,1.13
2013.11.01 14:06:42.379,1.23106,1.23116,1.69,1.13
2013.11.01 14:06:42.861,1.23107,1.23116,1.50,1.13
2013.11.01 14:06:43.170,1.23106,1.23116,1.50,1.32
2013.11.01 14:06:43.711,1.23103,1.23115,1.69,2.25
2013.11.01 14:06:43.891,1.23106,1.23116,1.69,1.50
2013.11.01 14:06:44.430,1.23106,1.23116,1.69,1.13
2013.11.01 14:06:44.730,1.23106,1.23116,1.50,1.13
2013.11.01 14:06:45.092,1.23105,1.23116,1.50,3.57
2013.11.01 14:06:46.119,1.23101,1.23113,2.82,1.88
2013.11.01 14:06:46.538,1.23101,1.23113,2.82,1.88
2013.11.01 14:06:48.668,1.231,1.23111,1.50,1.50
2013.11.01 14:06:49.269,1.231,1.23112,2.25,2.44
2013.11.01 14:06:49.869,1.23099,1.2311,1.50,1.88
2013.11.01 14:06:50.553,1.23097,1.23109,3.75,1.50
2013.11.01 14:06:52.008,1.23097,1.23109,3.00,1.69
2013.11.01 14:06:52.489,1.23101,1.23112,1.50,3.19
2013.11.01 14:06:53.413,1.231,1.23111,1.88,1.50
2013.11.01 14:06:53.962,1.231,1.2311,1.13,1.50
2013.11.01 14:06:54.569,1.23099,1.23109,1.50,2.25
2013.11.01 14:06:54.629,1.23099,1.23108,1.50,1.69
2013.11.01 14:06:54.929,1.23099,1.23107,1.13,1.13
2013.11.01 14:06:54.988,1.23098,1.23107,1.50,1.88
2013.11.01 14:06:55.171,1.23093,1.23104,3.19,2.25
2013.11.01 14:06:55.230,1.23096,1.23105,1.69,2.25
2013.11.01 14:06:55.594,1.23098,1.23107,1.50,1.13
2013.11.01 14:06:57.699,1.23098,1.23108,1.50,1.13
2013.11.01 14:06:58.261,1.23098,1.23109,1.50,2.07
2013.11.01 14:06:58.799,1.23099,1.23109,1.32,1.50
2013.11.01 14:06:58.981,1.231,1.23111,1.69,1.50
2013.11.01 14:06:59.579,1.231,1.2311,1.50,2.55
2013.11.01 14:06:59.879,1.23102,1.23111,1.69,1.88
2013.11.01 14:07:00.968,1.23101,1.23111,2.25,1.32
2013.11.01 14:07:01.030,1.23101,1.23111,2.25,2.07
2013.11.01 14:07:01.268,1.23101,1.23112,1.69,2.25
2013.11.01 14:07:01.810,1.23102,1.23113,1.69,1.50
2013.11.01 14:07:01.868,1.23103,1.23114,1.69,2.25
2013.11.01 14:07:01.929,1.23104,1.23115,1.69,1.50
2013.11.01 14:07:02.530,1.23104,1.23115,2.07,1.50
2013.11.01 14:07:03.189,1.23106,1.23116,1.50,1.13
2013.11.01 14:07:04.609,1.23108,1.23117,1.50,1.73
2013.11.01 14:07:04.668,1.23108,1.23117,1.50,2.10
2013.11.01 14:07:05.209,1.23106,1.23116,2.25,1.13
2013.11.01 14:07:05.971,1.23108,1.23117,1.69,1.13
2013.11.01 14:07:06.578,1.23107,1.23117,1.32,1.88
2013.11.01 14:07:08.919,1.23106,1.23116,2.25,1.32
2013.11.01 14:07:10.380,1.23109,1.23117,1.32,1.50
2013.11.01 14:07:11.068,1.23109,1.23117,1.32,1.50
2013.11.01 14:07:11.429,1.2311,1.23118,1.32,1.13
2013.11.01 14:07:11.610,1.2311,1.23119,1.88,1.50
2013.11.01 14:07:11.729,1.23111,1.23121,2.25,1.13
2013.11.01 14:07:12.089,1.23121,1.23127,1.50,4.50
2013.11.01 14:07:13.058,1.23121,1.23129,1.50,1.50
2013.11.01 14:07:14.978,1.2312,1.23129,2.25,1.50
2013.11.01 14:07:15.520,1.23118,1.23129,3.00,1.50
2013.11.01 14:07:16.360,1.23118,1.23129,1.88,1.50
2013.11.01 14:07:17.619,1.23117,1.23128,1.50,1.50
2013.11.01 14:07:17.860,1.23116,1.23126,1.50,1.88
2013.11.01 14:07:18.099,1.23115,1.23125,1.32,1.50
2013.11.01 14:07:18.339,1.23115,1.23125,1.88,1.50
2013.11.01 14:07:18.580,1.23116,1.23126,1.69,1.13
2013.11.01 14:07:18.758,1.23117,1.23126,1.32,1.13
2013.11.01 14:07:18.819,1.23116,1.23127,1.69,1.50
2013.11.01 14:07:19.178,1.23115,1.23126,1.50,2.25
2013.11.01 14:07:22.057,1.23115,1.23125,1.32,1.50
2013.11.01 14:07:22.239,1.23116,1.23127,1.69,1.88
2013.11.01 14:07:22.358,1.23117,1.23127,1.32,1.88
2013.11.01 14:07:22.418,1.23116,1.23127,1.50,1.88
2013.11.01 14:07:22.600,1.23115,1.23126,1.50,1.50
2013.11.01 14:07:26.101,1.23115,1.23126,2.44,1.50
2013.11.01 14:07:26.222,1.23115,1.23126,1.88,1.88
2013.11.01 14:07:26.770,1.23115,1.23126,2.44,1.88
2013.11.01 14:07:27.309,1.23115,1.23126,1.13,1.88
2013.11.01 14:07:27.720,1.23115,1.23126,1.69,1.88
2013.11.01 14:07:27.841,1.23115,1.23126,1.32,1.88
2013.11.01 14:07:27.912,1.23113,1.23124,2.82,1.50
2013.11.01 14:07:29.368,1.23113,1.23124,2.07,1.50
2013.11.01 14:07:29.611,1.23115,1.23124,1.32,1.50
2013.11.01 14:07:29.680,1.23121,1.23131,1.50,2.63
2013.11.01 14:07:29.801,1.23121,1.2313,2.07,1.69
2013.11.01 14:07:29.862,1.23122,1.2313,1.69,1.69
2013.11.01 14:07:30.169,1.23124,1.23134,1.32,2.63
2013.11.01 14:07:30.709,1.23121,1.23132,1.32,1.50
2013.11.01 14:07:31.188,1.23122,1.23133,1.50,2.25
2013.11.01 14:07:31.712,1.23126,1.23133,1.32,2.25
2013.11.01 14:07:31.790,1.23124,1.23131,1.32,2.25
2013.11.01 14:07:31.864,1.23126,1.23132,1.13,1.50
2013.11.01 14:07:32.239,1.2312,1.23128,3.57,1.50
2013.11.01 14:07:32.599,1.23121,1.23132,1.50,1.50
2013.11.01 14:07:32.779,1.23123,1.23131,1.32,1.50
2013.11.01 14:07:33.139,1.23121,1.23131,1.32,1.13
2013.11.01 14:07:33.439,1.23121,1.23131,1.32,1.13
2013.11.01 14:07:33.711,1.2312,1.23131,2.44,1.13
2013.11.01 14:07:33.772,1.2312,1.23131,2.82,1.13
2013.11.01 14:07:34.081,1.23119,1.23129,1.69,1.50
2013.11.01 14:07:34.379,1.23118,1.23128,1.88,2.25
2013.11.01 14:07:34.500,1.23118,1.23126,1.32,2.25
2013.11.01 14:07:34.859,1.23119,1.23128,2.44,1.50
2013.11.01 14:07:35.409,1.23119,1.23128,2.44,1.50
2013.11.01 14:07:36.590,1.23119,1.23128,2.07,1.50
2013.11.01 14:07:37.129,1.23118,1.23128,2.44,1.50
2013.11.01 14:07:37.622,1.23118,1.23126,1.50,1.50
2013.11.01 14:07:37.930,1.23122,1.23131,1.88,2.25
2013.11.01 14:07:38.050,1.23123,1.23131,1.50,1.50
2013.11.01 14:07:38.353,1.23125,1.23134,1.32,1.88
2013.11.01 14:07:38.423,1.23125,1.23136,1.32,1.50
2013.11.01 14:07:38.552,1.23124,1.23135,2.63,1.50
2013.11.01 14:07:38.622,1.23124,1.23134,1.50,1.13
2013.11.01 14:07:38.929,1.23119,1.2313,1.32,1.88
2013.11.01 14:07:39.589,1.23119,1.23129,1.32,1.50
2013.11.01 14:07:39.651,1.23118,1.23129,2.82,1.50
2013.11.01 14:07:39.770,1.23118,1.23128,3.19,1.50
2013.11.01 14:07:40.071,1.2312,1.23129,2.44,1.50
2013.11.01 14:07:40.373,1.2312,1.2313,2.44,1.50
2013.11.01 14:07:40.680,1.2312,1.23131,2.82,2.63
2013.11.01 14:07:41.228,1.23119,1.23128,2.44,1.50
2013.11.01 14:07:41.569,1.23122,1.23131,1.50,3.00
2013.11.01 14:07:41.812,1.23123,1.23131,1.50,1.50
2013.11.01 14:07:42.358,1.23125,1.23133,1.13,1.13
2013.11.01 14:07:43.173,1.23125,1.23133,1.32,1.13
2013.11.01 14:07:44.722,1.23129,1.23136,1.50,1.50
2013.11.01 14:07:44.853,1.23134,1.23144,1.50,1.13
2013.11.01 14:07:45.399,1.23134,1.23142,1.50,1.13
2013.11.01 14:07:45.580,1.23134,1.23142,1.50,1.88
2013.11.01 14:07:45.639,1.23131,1.2314,2.44,1.13
2013.11.01 14:07:46.180,1.23129,1.2314,2.44,1.50
2013.11.01 14:07:46.300,1.23129,1.23141,2.82,2.63
2013.11.01 14:07:46.359,1.2313,1.23141,1.69,1.13
2013.11.01 14:07:46.540,1.2313,1.23141,1.69,1.13
2013.11.01 14:07:48.281,1.23131,1.23141,1.32,1.13
2013.11.01 14:07:48.594,1.23131,1.23142,1.32,1.50
2013.11.01 14:07:49.318,1.23129,1.23139,1.32,1.13
2013.11.01 14:07:49.379,1.23128,1.23139,2.82,1.13
2013.11.01 14:07:49.619,1.23128,1.23139,1.69,1.13
2013.11.01 14:07:49.920,1.23137,1.23145,1.32,1.50
2013.11.01 14:07:50.039,1.23137,1.23144,1.32,2.25
2013.11.01 14:07:50.099,1.23136,1.23143,1.69,1.50
2013.11.01 14:07:50.282,1.23137,1.23143,1.13,1.50
2013.11.01 14:07:50.412,1.23138,1.23149,1.32,1.50
2013.11.01 14:07:50.973,1.23139,1.2315,2.07,2.48
2013.11.01 14:07:52.429,1.23138,1.23148,2.07,1.13
2013.11.01 14:07:52.609,1.2314,1.2315,1.32,2.10
2013.11.01 14:07:52.668,1.23139,1.23149,1.69,1.13
2013.11.01 14:07:52.849,1.2314,1.2315,1.32,2.10
2013.11.01 14:07:53.211,1.2314,1.2315,1.32,1.13
2013.11.01 14:07:53.448,1.2314,1.2315,1.32,1.50
2013.11.01 14:07:53.988,1.23139,1.2315,3.19,1.50
2013.11.01 14:07:54.539,1.23139,1.23148,1.88,1.13
2013.11.01 14:07:54.900,1.23139,1.23148,1.69,1.13
2013.11.01 14:07:54.961,1.23138,1.23148,2.82,1.13
2013.11.01 14:07:55.139,1.23144,1.23153,1.50,2.25
2013.11.01 14:07:55.199,1.23142,1.2315,1.69,1.13
2013.11.01 14:07:55.378,1.23143,1.23154,2.07,2.25
2013.11.01 14:07:55.439,1.23144,1.23154,2.07,1.50
2013.11.01 14:07:55.619,1.23143,1.23153,2.44,1.13
2013.11.01 14:07:55.799,1.23143,1.23153,2.82,1.13
2013.11.01 14:07:55.859,1.23143,1.23153,3.57,1.13
2013.11.01 14:07:55.920,1.23143,1.23153,3.19,1.13
2013.11.01 14:07:56.159,1.23143,1.23152,1.69,1.13
2013.11.01 14:07:56.579,1.23141,1.23151,3.19,1.13
2013.11.01 14:07:57.889,1.23143,1.23152,1.69,1.13
2013.11.01 14:07:58.429,1.23143,1.23153,1.69,1.88
2013.11.01 14:07:58.549,1.23143,1.23153,2.44,1.88
2013.11.01 14:07:58.670,1.23143,1.23153,1.32,1.13
2013.11.01 14:07:59.030,1.23143,1.23153,2.44,1.13
2013.11.01 14:07:59.339,1.23143,1.23153,1.13,1.88
2013.11.01 14:07:59.642,1.23141,1.23151,1.13,1.13
2013.11.01 14:08:00.237,1.23141,1.23151,2.25,1.13
2013.11.01 14:08:00.740,1.23142,1.23152,1.32,2.25
2013.11.01 14:08:01.041,1.23146,1.23155,1.13,2.63
2013.11.01 14:08:01.408,1.23146,1.23156,1.32,1.50
2013.11.01 14:08:02.679,1.23147,1.23156,1.32,1.50
2013.11.01 14:08:03.279,1.23146,1.23157,1.32,2.63
2013.11.01 14:08:03.398,1.23146,1.23156,1.32,1.50
2013.11.01 14:08:03.698,1.23146,1.23156,1.50,1.88
2013.11.01 14:08:03.820,1.23144,1.23155,1.50,1.13
2013.11.01 14:08:03.939,1.23141,1.23152,1.13,1.88
2013.11.01 14:08:04.601,1.2314,1.23151,1.13,2.44
2013.11.01 14:08:04.963,1.23144,1.23152,1.32,1.50
2013.11.01 14:08:05.090,1.23144,1.23152,1.69,1.50
2013.11.01 14:08:05.570,1.23145,1.23153,1.32,1.50
2013.11.01 14:08:06.809,1.23144,1.23153,1.69,1.50
2013.11.01 14:08:06.929,1.23145,1.23154,1.32,2.25
2013.11.01 14:08:06.990,1.23145,1.23155,1.32,1.50
2013.11.01 14:08:07.528,1.23144,1.23154,1.32,2.63
2013.11.01 14:08:07.838,1.23143,1.23154,2.07,2.63
2013.11.01 14:08:08.138,1.23144,1.23154,1.32,2.63
2013.11.01 14:08:08.678,1.23144,1.23154,1.32,1.13
2013.11.01 14:08:08.799,1.23144,1.23154,1.50,1.50
2013.11.01 14:08:09.657,1.23143,1.23151,1.50,1.13
2013.11.01 14:08:09.739,1.2314,1.2315,1.88,1.50
2013.11.01 14:08:10.170,1.2314,1.23149,1.50,1.35
2013.11.01 14:08:10.528,1.23139,1.23146,1.50,1.88
2013.11.01 14:08:10.772,1.23133,1.23144,3.19,1.50
2013.11.01 14:08:11.139,1.23132,1.2314,1.69,1.50
2013.11.01 14:08:12.871,1.23132,1.23139,1.50,1.13
2013.11.01 14:08:12.990,1.2313,1.2314,1.50,2.25
2013.11.01 14:08:15.479,1.2313,1.23139,1.50,1.32
2013.11.01 14:08:16.018,1.23129,1.23139,1.50,1.69
2013.11.01 14:08:16.558,1.2313,1.23139,1.13,1.69
2013.11.01 14:08:16.859,1.23135,1.23144,2.25,1.50
2013.11.01 14:08:17.159,1.23138,1.23148,2.25,1.69
2013.11.01 14:08:17.399,1.23138,1.23148,2.25,2.25
2013.11.01 14:08:17.578,1.23138,1.23148,2.25,2.25
2013.11.01 14:08:18.122,1.2314,1.23148,2.25,1.50
2013.11.01 14:08:18.479,1.23142,1.2315,3.04,1.50
2013.11.01 14:08:18.598,1.23142,1.23152,3.42,1.50
2013.11.01 14:08:18.739,1.23143,1.23154,1.69,1.88
2013.11.01 14:08:19.169,1.23146,1.23154,1.32,1.88
2013.11.01 14:08:19.470,1.23149,1.23159,1.32,1.13
2013.11.01 14:08:19.588,1.23148,1.23159,2.25,1.50
2013.11.01 14:08:20.449,1.23148,1.23159,3.00,1.13
2013.11.01 14:08:20.989,1.23148,1.23158,1.50,1.13
2013.11.01 14:08:21.529,1.23147,1.23157,3.19,1.13
2013.11.01 14:08:21.649,1.23145,1.23154,1.32,1.50
2013.11.01 14:08:22.189,1.23144,1.23152,2.44,1.13
2013.11.01 14:08:25.070,1.23144,1.23152,2.44,1.13
2013.11.01 14:08:25.249,1.23144,1.23154,3.19,1.13
2013.11.01 14:08:25.309,1.23146,1.23155,1.69,2.63
2013.11.01 14:08:25.850,1.23148,1.23157,1.69,1.13
2013.11.01 14:08:27.471,1.23149,1.23157,2.07,1.13
2013.11.01 14:08:28.679,1.23149,1.23158,2.07,1.13
2013.11.01 14:08:29.219,1.23146,1.23154,1.50,1.13
2013.11.01 14:08:30.031,1.23146,1.23156,1.32,1.88
2013.11.01 14:08:30.151,1.23146,1.23156,1.69,1.50
2013.11.01 14:08:31.270,1.23148,1.23157,1.32,1.13
2013.11.01 14:08:32.298,1.23149,1.23157,1.69,1.13
2013.11.01 14:08:33.459,1.23147,1.23156,1.69,1.50
2013.11.01 14:08:33.820,1.23145,1.23155,2.07,1.13
2013.11.01 14:08:34.909,1.23146,1.23155,1.32,1.13
2013.11.01 14:08:35.090,1.23146,1.23156,1.69,2.25
2013.11.01 14:08:35.152,1.23146,1.23156,2.63,2.25
2013.11.01 14:08:35.329,1.23146,1.23156,1.69,1.50
2013.11.01 14:08:35.389,1.23146,1.23156,1.32,1.50
2013.11.01 14:08:35.509,1.23146,1.23156,1.32,1.50
2013.11.01 14:08:35.689,1.23146,1.23156,1.69,2.25
2013.11.01 14:08:36.231,1.23145,1.23154,2.25,1.13
2013.11.01 14:08:36.349,1.23146,1.23155,1.32,1.50
2013.11.01 14:08:36.409,1.23146,1.23154,1.32,1.13
2013.11.01 14:08:36.889,1.23144,1.23155,1.32,1.13
2013.11.01 14:08:37.488,1.23145,1.23154,2.44,1.13
2013.11.01 14:08:38.290,1.23145,1.23155,2.07,1.50
2013.11.01 14:08:38.410,1.23146,1.23155,1.69,1.50
2013.11.01 14:08:38.470,1.23145,1.23155,2.44,1.50
2013.11.01 14:08:40.398,1.23145,1.23154,2.44,1.13
2013.11.01 14:08:42.788,1.23145,1.23153,2.44,1.13
2013.11.01 14:08:44.159,1.23144,1.2315,1.50,1.13
2013.11.01 14:08:44.280,1.23139,1.23147,3.19,1.13
2013.11.01 14:08:44.640,1.23137,1.23147,2.82,1.13
2013.11.01 14:08:46.449,1.23138,1.23147,1.32,1.13
2013.11.01 14:08:48.020,1.23138,1.23147,1.32,1.13
2013.11.01 14:08:48.260,1.23138,1.23148,2.44,1.13
2013.11.01 14:08:48.561,1.23137,1.23143,1.50,1.32
2013.11.01 14:08:48.919,1.23134,1.23145,1.50,5.07
2013.11.01 14:08:49.098,1.23132,1.23142,1.50,1.13
2013.11.01 14:08:49.399,1.23131,1.23141,2.82,1.13
2013.11.01 14:08:49.939,1.23131,1.23141,1.50,1.13
2013.11.01 14:08:51.189,1.23131,1.23142,1.50,1.50
2013.11.01 14:08:51.708,1.23132,1.23142,1.13,1.50
2013.11.01 14:08:51.950,1.2314,1.2315,1.69,1.88
2013.11.01 14:08:52.069,1.2314,1.23151,3.19,1.88
2013.11.01 14:08:52.249,1.23141,1.23152,1.50,1.88
2013.11.01 14:08:52.609,1.23139,1.2315,1.50,1.88
2013.11.01 14:08:53.253,1.23141,1.23151,1.32,1.50
2013.11.01 14:08:53.327,1.23141,1.23153,2.82,2.63
2013.11.01 14:08:53.450,1.23142,1.23153,1.69,2.25
2013.11.01 14:08:53.810,1.23144,1.23154,1.32,1.13
2013.11.01 14:08:54.349,1.23144,1.23154,1.32,1.13
2013.11.01 14:08:54.769,1.23144,1.23151,1.32,1.50
2013.11.01 14:08:59.260,1.23145,1.23155,1.69,3.23
2013.11.01 14:08:59.380,1.23146,1.23155,1.32,1.50
2013.11.01 14:08:59.739,1.23148,1.23156,1.32,2.25
2013.11.01 14:08:59.859,1.23146,1.23152,2.63,1.50
2013.11.01 14:09:00.099,1.23147,1.23153,1.69,2.25
2013.11.01 14:09:00.339,1.23143,1.23149,2.07,1.50
2013.11.01 14:09:00.580,1.23143,1.23149,1.50,1.50
2013.11.01 14:09:02.407,1.23142,1.23148,1.69,1.50
2013.11.01 14:09:02.770,1.23142,1.2315,2.82,1.50
2013.11.01 14:09:03.309,1.23143,1.23149,1.50,1.50
2013.11.01 14:09:03.869,1.23142,1.23149,1.50,1.50
2013.11.01 14:09:04.449,1.23141,1.23146,1.50,1.50
2013.11.01 14:09:04.641,1.23142,1.23151,2.44,1.13
2013.11.01 14:09:04.999,1.23143,1.23152,1.50,1.13
2013.11.01 14:09:05.191,1.23141,1.23147,1.69,2.25
2013.11.01 14:09:05.793,1.2314,1.23146,2.44,1.50
2013.11.01 14:09:05.862,1.23142,1.2315,1.32,1.50
2013.11.01 14:09:06.101,1.23142,1.23147,1.13,1.50
2013.11.01 14:09:06.401,1.23146,1.23152,2.25,1.50
2013.11.01 14:09:06.519,1.23151,1.23155,1.13,3.19
2013.11.01 14:09:06.579,1.23149,1.23159,2.82,1.88
2013.11.01 14:09:06.760,1.23151,1.23159,1.50,1.50
2013.11.01 14:09:06.939,1.23153,1.23158,1.13,2.25
2013.11.01 14:09:07.000,1.23153,1.23158,1.13,1.50
2013.11.01 14:09:07.179,1.23152,1.23158,1.69,1.50
2013.11.01 14:09:07.239,1.23153,1.23162,1.13,1.13
2013.11.01 14:09:07.299,1.23153,1.23161,1.88,1.13
2013.11.01 14:09:07.539,1.23154,1.23164,1.88,1.50
2013.11.01 14:09:08.089,1.23155,1.23165,1.32,1.13
2013.11.01 14:09:10.171,1.23155,1.23165,1.32,1.13
2013.11.01 14:09:10.709,1.23155,1.23165,1.32,1.13
2013.11.01 14:09:11.289,1.23155,1.23165,1.32,1.13
2013.11.01 14:09:11.349,1.23155,1.23165,1.32,1.13
2013.11.01 14:09:11.470,1.23154,1.23165,2.07,2.48
2013.11.01 14:09:11.589,1.23154,1.23162,2.44,1.13
2013.11.01 14:09:12.608,1.23154,1.23162,1.13,1.17
2013.11.01 14:09:13.148,1.23153,1.23162,2.25,1.17
2013.11.01 14:09:13.208,1.23153,1.23162,1.88,1.17
2013.11.01 14:09:13.389,1.23151,1.2316,1.13,1.17
2013.11.01 14:09:14.498,1.23148,1.23159,2.44,1.54
2013.11.01 14:09:14.558,1.23148,1.23159,2.44,1.54
2013.11.01 14:09:15.437,1.23148,1.23159,2.25,1.54
2013.11.01 14:09:15.517,1.23147,1.23157,1.31,1.50
2013.11.01 14:09:15.582,1.23147,1.23157,1.68,1.50
2013.11.01 14:09:15.878,1.23148,1.23159,2.44,1.50
2013.11.01 14:09:15.939,1.23149,1.23159,1.32,1.50
2013.11.01 14:09:16.239,1.23148,1.23159,1.50,1.50
2013.11.01 14:09:16.299,1.23149,1.23159,1.32,1.50
2013.11.01 14:09:20.059,1.23148,1.23159,1.69,1.50
2013.11.01 14:09:20.299,1.2315,1.23159,1.13,1.88
2013.11.01 14:09:20.539,1.23148,1.23159,2.44,1.50
2013.11.01 14:09:20.779,1.23147,1.23157,1.69,3.00
2013.11.01 14:09:21.139,1.23147,1.23155,1.32,2.25
2013.11.01 14:09:21.440,1.23151,1.23159,2.82,1.13
2013.11.01 14:09:21.511,1.23151,1.23157,1.88,2.25
2013.11.01 14:09:21.748,1.23151,1.2316,3.19,1.13
2013.11.01 14:09:21.929,1.23151,1.23161,2.07,2.25
2013.11.01 14:09:22.170,1.2315,1.23159,1.32,1.13
2013.11.01 14:09:22.289,1.2315,1.23159,1.32,1.88
2013.11.01 14:09:22.531,1.2315,1.2316,2.82,1.13
2013.11.01 14:09:23.010,1.23149,1.23158,1.32,1.88
2013.11.01 14:09:23.314,1.23148,1.23157,1.32,2.25
2013.11.01 14:09:24.569,1.23149,1.23157,2.44,1.50
2013.11.01 14:09:25.049,1.23151,1.23161,1.50,1.50
2013.11.01 14:09:25.879,1.2315,1.23157,1.50,2.25
2013.11.01 14:09:26.119,1.23151,1.23161,2.63,1.50
2013.11.01 14:09:26.179,1.2315,1.23157,1.50,2.25
2013.11.01 14:09:26.786,1.2315,1.23157,1.69,1.50
2013.11.01 14:09:26.862,1.23146,1.23156,3.19,1.50
2013.11.01 14:09:27.409,1.23148,1.23156,1.32,1.50
2013.11.01 14:09:27.949,1.23148,1.23156,1.13,1.50
2013.11.01 14:09:33.339,1.23148,1.23156,1.32,1.50
2013.11.01 14:09:38.189,1.23148,1.23158,2.07,1.13
2013.11.01 14:09:38.250,1.2315,1.23158,1.32,1.13
2013.11.01 14:09:38.430,1.23151,1.2316,1.69,2.25
2013.11.01 14:09:47.550,1.2315,1.23158,1.32,1.88
2013.11.01 14:09:47.669,1.23147,1.23158,1.50,1.88
2013.11.01 14:09:48.209,1.23146,1.23156,1.69,1.50
2013.11.01 14:09:48.749,1.23147,1.23158,1.88,1.50
2013.11.01 14:09:52.758,1.23148,1.23159,1.32,1.88
2013.11.01 14:09:54.819,1.23149,1.2316,2.07,2.25
2013.11.01 14:09:55.942,1.23151,1.23159,1.50,1.32
2013.11.01 14:09:56.120,1.23148,1.23158,1.69,1.50
2013.11.01 14:09:56.671,1.23147,1.23158,1.50,1.50
2013.11.01 14:09:57.328,1.23149,1.2316,1.50,2.25
2013.11.01 14:09:58.079,1.2315,1.2316,2.44,1.50
2013.11.01 14:09:58.648,1.23151,1.2316,1.50,1.50
2013.11.01 14:10:00.969,1.23152,1.23162,1.32,2.10
2013.11.01 14:10:01.030,1.23153,1.23162,2.25,1.50
2013.11.01 14:10:01.509,1.23154,1.23161,1.50,1.13
2013.11.01 14:10:01.809,1.23154,1.23161,1.50,1.50
2013.11.01 14:10:02.350,1.23153,1.23161,1.50,2.48
2013.11.01 14:10:02.888,1.23148,1.23159,2.82,1.88
2013.11.01 14:10:03.309,1.23149,1.23159,1.32,1.88
2013.11.01 14:10:03.849,1.2315,1.2316,1.32,1.50
2013.11.01 14:10:04.643,1.2315,1.2316,1.69,1.50
2013.11.01 14:10:05.908,1.2315,1.2316,1.50,1.50
2013.11.01 14:10:06.149,1.23151,1.23162,1.50,3.38
2013.11.01 14:10:06.449,1.23149,1.2316,2.44,1.88
2013.11.01 14:10:06.869,1.2315,1.2316,1.32,1.88
2013.11.01 14:10:07.289,1.2315,1.2316,2.82,1.50
2013.11.01 14:10:08.259,1.2315,1.2316,2.07,2.10
2013.11.01 14:10:08.378,1.23149,1.2316,2.82,2.10
2013.11.01 14:10:08.558,1.23149,1.2316,2.44,2.10
2013.11.01 14:10:08.679,1.23151,1.2316,1.50,1.35
2013.11.01 14:10:08.920,1.23149,1.2316,2.25,2.85
2013.11.01 14:10:09.219,1.23149,1.23158,1.32,1.13
2013.11.01 14:10:11.399,1.23152,1.23159,1.50,1.13
2013.11.01 14:10:11.760,1.23151,1.23161,2.82,1.13
2013.11.01 14:10:12.120,1.23153,1.23163,1.50,3.38
2013.11.01 14:10:12.239,1.23153,1.23163,1.32,3.60
2013.11.01 14:10:12.540,1.23153,1.23163,1.32,2.85
2013.11.01 14:10:12.660,1.23152,1.23163,3.57,1.88
2013.11.01 14:10:12.733,1.23157,1.23164,1.35,3.00
2013.11.01 14:10:12.860,1.23158,1.23164,3.38,1.50
2013.11.01 14:10:13.221,1.23158,1.23165,1.88,2.25
2013.11.01 14:10:13.346,1.23159,1.2317,1.69,1.88
2013.11.01 14:10:13.732,1.23159,1.2317,1.69,1.88
2013.11.01 14:10:13.918,1.23159,1.2317,1.69,1.50
2013.11.01 14:10:14.445,1.2316,1.2317,1.13,1.50
2013.11.01 14:10:14.518,1.23163,1.23171,1.32,1.13
2013.11.01 14:10:14.879,1.23161,1.23172,2.44,1.73
2013.11.01 14:10:15.680,1.23162,1.23173,2.07,3.60
2013.11.01 14:10:16.459,1.23162,1.23173,2.82,2.85
2013.11.01 14:10:16.879,1.23162,1.23173,2.82,3.60
2013.11.01 14:10:16.942,1.23163,1.23173,1.32,3.60
2013.11.01 14:10:17.060,1.23163,1.23173,1.69,2.85
2013.11.01 14:10:17.420,1.23162,1.23172,2.82,1.73
2013.11.01 14:10:18.720,1.23162,1.23173,3.00,1.13
2013.11.01 14:10:18.780,1.23163,1.23174,2.25,5.44
2013.11.01 14:10:19.081,1.23163,1.23174,3.00,4.69
2013.11.01 14:10:19.141,1.23163,1.23174,1.32,5.07
2013.11.01 14:10:19.259,1.23162,1.23173,2.44,2.25
2013.11.01 14:10:19.498,1.2316,1.23171,3.00,1.50
2013.11.01 14:10:19.740,1.2316,1.23171,3.00,2.25
2013.11.01 14:10:24.139,1.2316,1.2317,1.50,2.25
2013.11.01 14:10:24.260,1.23158,1.23168,2.44,1.13
2013.11.01 14:10:24.799,1.23158,1.23166,1.50,1.13
2013.11.01 14:10:25.272,1.23157,1.23166,1.50,1.13
2013.11.01 14:10:25.808,1.23157,1.23166,1.13,1.13
2013.11.01 14:10:29.099,1.23156,1.23167,1.50,1.88
2013.11.01 14:10:29.159,1.23155,1.23165,1.88,1.13
2013.11.01 14:10:29.701,1.23155,1.23165,2.63,1.13
2013.11.01 14:10:29.880,1.23157,1.23168,2.63,1.32
2013.11.01 14:10:30.540,1.23156,1.23167,3.19,1.88
2013.11.01 14:10:31.079,1.23157,1.23167,1.32,1.88
2013.11.01 14:10:31.499,1.23157,1.23167,1.32,1.88
2013.11.01 14:10:32.038,1.23157,1.23167,2.44,1.13
2013.11.01 14:10:32.593,1.23158,1.23168,1.50,1.13
2013.11.01 14:10:34.342,1.23158,1.23166,1.69,1.13
2013.11.01 14:10:34.769,1.23158,1.23167,2.82,1.13
2013.11.01 14:10:35.129,1.23159,1.2317,1.32,2.63
2013.11.01 14:10:35.741,1.23158,1.23168,2.82,1.13
2013.11.01 14:10:36.265,1.23158,1.23168,1.50,1.13
2013.11.01 14:10:36.768,1.23158,1.23168,1.69,1.13
2013.11.01 14:10:37.561,1.23157,1.23167,1.69,1.13
2013.11.01 14:10:39.948,1.23157,1.23167,1.69,1.13
2013.11.01 14:10:40.480,1.23157,1.23167,1.69,1.13
2013.11.01 14:10:40.600,1.23158,1.23166,1.69,1.13
2013.11.01 14:10:42.210,1.23158,1.23168,1.69,1.50
2013.11.01 14:10:42.901,1.23157,1.23167,2.82,1.13
2013.11.01 14:10:43.020,1.23157,1.23168,2.82,2.25
2013.11.01 14:10:43.561,1.23159,1.23169,2.44,1.50
2013.11.01 14:10:44.153,1.23159,1.23168,2.44,1.13
2013.11.01 14:10:44.658,1.2316,1.23169,1.32,1.50
2013.11.01 14:10:44.778,1.23158,1.23167,1.69,1.13
2013.11.01 14:10:45.319,1.23159,1.23168,1.13,1.13
2013.11.01 14:10:45.679,1.23155,1.23166,1.88,1.50
2013.11.01 14:10:45.859,1.23155,1.23164,1.32,1.50
2013.11.01 14:10:46.579,1.23156,1.23165,2.07,1.13
2013.11.01 14:10:47.891,1.23156,1.23165,1.32,1.50
2013.11.01 14:10:48.251,1.2316,1.23165,1.13,1.13
2013.11.01 14:10:48.373,1.23157,1.23167,1.50,1.13
2013.11.01 14:10:48.680,1.23158,1.23167,1.32,1.13
2013.11.01 14:10:49.199,1.23157,1.23167,1.13,1.13
2013.11.01 14:10:49.259,1.23157,1.23167,1.50,1.13
2013.11.01 14:10:49.319,1.23156,1.23165,1.88,1.13
2013.11.01 14:10:49.558,1.23155,1.23165,1.50,3.00
2013.11.01 14:10:49.919,1.23154,1.23163,2.07,2.63
2013.11.01 14:10:50.780,1.23151,1.23161,2.44,1.13
2013.11.01 14:10:51.283,1.2315,1.23161,1.50,1.13
2013.11.01 14:10:51.654,1.23149,1.23159,2.07,1.13
2013.11.01 14:10:52.169,1.23148,1.23158,1.69,1.88
2013.11.01 14:10:52.470,1.23151,1.23159,1.32,1.50
2013.11.01 14:10:52.529,1.23151,1.2316,2.07,1.88
2013.11.01 14:10:52.649,1.23151,1.2316,3.94,1.88
2013.11.01 14:10:52.829,1.23152,1.23161,1.32,1.13
2013.11.01 14:10:52.949,1.23152,1.23161,1.32,1.13
2013.11.01 14:10:54.379,1.23152,1.23161,1.69,1.13
2013.11.01 14:10:54.679,1.23151,1.2316,1.50,1.13
2013.11.01 14:10:54.799,1.23149,1.23159,2.44,1.13
2013.11.01 14:10:54.919,1.23151,1.23162,1.50,1.50
2013.11.01 14:10:55.949,1.23151,1.23162,3.19,1.88
2013.11.01 14:10:56.249,1.23153,1.23162,1.69,1.13
2013.11.01 14:10:56.548,1.23154,1.23162,1.32,1.13
2013.11.01 14:10:59.061,1.23156,1.23164,1.32,1.50
2013.11.01 14:10:59.184,1.23153,1.23163,2.44,1.13
2013.11.01 14:10:59.312,1.23154,1.23164,3.00,1.13
2013.11.01 14:10:59.739,1.23154,1.23163,1.69,1.13
2013.11.01 14:11:00.220,1.23153,1.23163,2.44,1.13
2013.11.01 14:11:00.339,1.23154,1.23163,1.50,1.13
2013.11.01 14:11:00.760,1.23154,1.23163,1.69,1.88
2013.11.01 14:11:01.305,1.23152,1.23162,2.63,1.13
2013.11.01 14:11:01.608,1.23152,1.23162,3.19,1.13
2013.11.01 14:11:01.909,1.23155,1.23163,1.32,1.13
2013.11.01 14:11:02.511,1.23153,1.23163,2.07,1.13
2013.11.01 14:11:03.250,1.23153,1.23163,2.82,1.13
2013.11.01 14:11:03.610,1.23157,1.23168,2.44,3.00
2013.11.01 14:11:04.029,1.23157,1.23166,2.07,1.13
2013.11.01 14:11:04.149,1.23157,1.23167,3.57,1.13
2013.11.01 14:11:04.269,1.23157,1.23167,2.63,1.13
2013.11.01 14:11:04.390,1.23157,1.23167,1.32,1.13
2013.11.01 14:11:04.929,1.23155,1.23165,2.44,1.13
2013.11.01 14:11:05.470,1.23157,1.23164,1.69,1.13
2013.11.01 14:11:05.655,1.23158,1.23166,2.82,1.13
2013.11.01 14:11:05.721,1.23163,1.23168,1.88,2.63
2013.11.01 14:11:06.080,1.23166,1.2317,1.13,1.50
2013.11.01 14:11:06.140,1.23166,1.23175,3.57,1.13
2013.11.01 14:11:06.440,1.23169,1.23177,1.32,2.25
2013.11.01 14:11:06.799,1.23166,1.23176,4.31,1.13
2013.11.01 14:11:07.795,1.23166,1.23176,3.93,1.13
2013.11.01 14:11:09.440,1.23166,1.23174,2.06,1.13
2013.11.01 14:11:10.959,1.23166,1.23174,2.06,1.13
2013.11.01 14:11:11.439,1.23166,1.23176,2.81,1.50
2013.11.01 14:11:11.499,1.23166,1.23176,2.82,1.88
2013.11.01 14:11:11.860,1.23168,1.23178,4.13,1.88
2013.11.01 14:11:11.979,1.2317,1.23178,3.19,1.13
2013.11.01 14:11:12.519,1.23171,1.23179,1.31,1.13
2013.11.01 14:11:12.879,1.23171,1.23179,2.06,1.13
2013.11.01 14:11:13.059,1.23171,1.23181,2.44,1.13
2013.11.01 14:11:13.360,1.23171,1.23181,1.50,1.50
2013.11.01 14:11:13.539,1.23171,1.23181,3.00,2.25
2013.11.01 14:11:13.899,1.23172,1.23181,1.31,1.13
2013.11.01 14:11:14.421,1.23172,1.23181,1.31,1.13
2013.11.01 14:11:14.661,1.23172,1.23181,1.31,1.13
2013.11.01 14:11:15.022,1.23171,1.23181,1.69,2.25
2013.11.01 14:11:15.679,1.23171,1.2318,1.69,1.35
2013.11.01 14:11:17.052,1.2317,1.2318,1.50,3.60
2013.11.01 14:11:21.441,1.23172,1.2318,2.44,2.48
2013.11.01 14:11:21.562,1.23177,1.23183,1.50,1.50
2013.11.01 14:11:21.679,1.23177,1.23186,1.69,1.13
2013.11.01 14:11:22.559,1.23178,1.23188,1.50,1.88
2013.11.01 14:11:24.192,1.23179,1.23189,2.25,1.88
2013.11.01 14:11:24.259,1.23179,1.23189,1.50,1.88
2013.11.01 14:11:24.560,1.23177,1.23185,1.50,1.13
2013.11.01 14:11:24.619,1.23174,1.23185,3.41,1.13
2013.11.01 14:11:24.801,1.23174,1.23183,1.99,1.88
2013.11.01 14:11:24.980,1.23173,1.23183,1.61,1.88
2013.11.01 14:11:25.102,1.23173,1.23183,1.61,1.50
2013.11.01 14:11:25.281,1.23173,1.23183,2.36,1.13
2013.11.01 14:11:25.340,1.23173,1.23183,1.80,1.13
2013.11.01 14:11:30.160,1.23172,1.23181,1.43,1.13
2013.11.01 14:11:30.701,1.23172,1.23182,1.24,1.13
2013.11.01 14:11:31.239,1.23172,1.23182,1.24,1.13
2013.11.01 14:11:33.139,1.23172,1.23182,1.24,1.13
2013.11.01 14:11:34.459,1.23172,1.23182,1.43,1.13
2013.11.01 14:11:34.999,1.23172,1.23183,1.69,1.88
2013.11.01 14:11:35.060,1.23174,1.23183,1.32,1.88
2013.11.01 14:11:35.299,1.23174,1.23184,1.69,1.13
2013.11.01 14:11:35.359,1.23174,1.23184,1.69,1.13
2013.11.01 14:11:35.599,1.23173,1.23184,2.07,1.13
2013.11.01 14:11:36.141,1.23173,1.23184,1.88,1.13
2013.11.01 14:11:37.919,1.23173,1.23183,1.88,1.13
2013.11.01 14:11:38.220,1.2317,1.2318,1.50,3.19
2013.11.01 14:11:38.579,1.23167,1.23177,2.82,1.50
2013.11.01 14:11:38.641,1.23168,1.23177,1.32,1.50
2013.11.01 14:11:39.799,1.23166,1.23177,1.88,2.63
2013.11.01 14:11:39.870,1.23166,1.23177,1.88,3.00
2013.11.01 14:11:40.410,1.23166,1.23176,2.07,1.13
2013.11.01 14:11:40.771,1.23165,1.23175,1.50,1.13
2013.11.01 14:11:41.310,1.23164,1.23173,2.07,1.13
2013.11.01 14:11:41.430,1.23164,1.23175,2.44,1.13
2013.11.01 14:11:41.610,1.23164,1.23176,1.69,1.50
2013.11.01 14:11:41.968,1.23165,1.23175,2.07,1.13
2013.11.01 14:11:42.391,1.2317,1.23177,1.32,1.13
2013.11.01 14:11:43.289,1.23168,1.23177,2.07,1.13
2013.11.01 14:11:43.650,1.23168,1.23178,1.32,1.50
2013.11.01 14:11:43.950,1.23167,1.23177,2.44,1.13
2013.11.01 14:11:44.069,1.23167,1.23177,1.32,1.13
2013.11.01 14:11:44.586,1.23166,1.23175,1.32,1.13
2013.11.01 14:11:46.141,1.23165,1.23175,2.44,1.13
2013.11.01 14:11:48.133,1.23165,1.23175,2.44,1.13
2013.11.01 14:11:48.320,1.23167,1.23177,3.19,1.13
2013.11.01 14:11:48.800,1.23166,1.23177,1.69,1.88
2013.11.01 14:11:50.019,1.23166,1.23177,1.50,1.13
2013.11.01 14:11:50.079,1.23166,1.23177,1.50,1.13
2013.11.01 14:11:52.659,1.23166,1.23177,1.69,1.88
2013.11.01 14:11:52.840,1.23167,1.23177,2.07,1.13
2013.11.01 14:11:52.900,1.23167,1.23177,2.44,1.88
2013.11.01 14:11:55.219,1.23167,1.23177,1.32,1.88
2013.11.01 14:11:58.299,1.23167,1.23177,4.32,1.13
2013.11.01 14:11:58.839,1.23167,1.23177,4.32,1.13
2013.11.01 14:11:59.370,1.2317,1.2318,2.07,2.25
2013.11.01 14:11:59.430,1.2317,1.2318,2.07,2.25
2013.11.01 14:11:59.790,1.23172,1.23181,1.32,1.13
2013.11.01 14:12:00.331,1.23172,1.23182,1.32,1.88
2013.11.01 14:12:00.571,1.23171,1.23182,2.44,2.25
2013.11.01 14:12:00.991,1.23172,1.23182,1.32,2.63
2013.11.01 14:12:01.229,1.23171,1.23182,1.69,2.25
2013.11.01 14:12:01.417,1.23172,1.23182,1.32,1.88
2013.11.01 14:12:01.603,1.23171,1.23182,3.57,2.25
2013.11.01 14:12:02.135,1.23171,1.2318,2.82,1.50
2013.11.01 14:12:02.324,1.23171,1.23182,1.88,3.00
2013.11.01 14:12:02.635,1.2317,1.2318,1.69,1.13
2013.11.01 14:12:02.762,1.23171,1.2318,2.07,1.13
2013.11.01 14:12:02.820,1.23171,1.2318,1.69,1.50
2013.11.01 14:12:03.179,1.2317,1.2318,1.88,2.25
2013.11.01 14:12:03.539,1.23172,1.2318,1.32,2.63
2013.11.01 14:12:05.330,1.23171,1.2318,1.69,1.50
2013.11.01 14:12:08.369,1.23171,1.23182,1.50,3.60
2013.11.01 14:12:08.881,1.23171,1.2318,1.50,1.50
2013.11.01 14:12:10.770,1.23171,1.23182,1.69,2.85
2013.11.01 14:12:11.370,1.23172,1.23182,1.32,2.85
2013.11.01 14:12:11.490,1.23172,1.23182,2.44,1.50
2013.11.01 14:12:11.549,1.23172,1.23182,2.44,1.50
2013.11.01 14:12:11.910,1.23172,1.23182,1.50,1.50
2013.11.01 14:12:14.212,1.23172,1.23182,1.50,2.63
2013.11.01 14:12:14.810,1.2317,1.2318,2.44,1.50
2013.11.01 14:12:15.322,1.2317,1.2318,1.69,1.50
2013.11.01 14:12:15.739,1.2317,1.2318,2.07,1.50
2013.11.01 14:12:16.279,1.2317,1.2318,1.69,2.25
2013.11.01 14:12:16.519,1.23169,1.2318,2.44,1.50
2013.11.01 14:12:16.951,1.23169,1.2318,2.44,2.25
2013.11.01 14:12:18.180,1.23169,1.2318,4.32,1.50
2013.11.01 14:12:18.240,1.23169,1.2318,3.75,2.25
2013.11.01 14:12:18.299,1.23169,1.2318,3.00,2.25
2013.11.01 14:12:19.869,1.23168,1.23178,2.25,1.13
2013.11.01 14:12:20.453,1.23167,1.23178,2.07,1.20
2013.11.01 14:12:22.109,1.23167,1.23178,2.07,1.20
2013.11.01 14:12:22.411,1.2317,1.2318,2.44,1.13
2013.11.01 14:12:22.769,1.2317,1.2318,2.25,2.25
2013.11.01 14:12:23.009,1.23166,1.23176,2.25,1.13
2013.11.01 14:12:23.757,1.23168,1.23176,1.50,1.13
2013.11.01 14:12:24.269,1.23168,1.23178,3.19,1.13
2013.11.01 14:12:24.989,1.23168,1.23178,3.19,1.13
2013.11.01 14:12:25.969,1.23169,1.23178,1.50,1.13
2013.11.01 14:12:27.840,1.2317,1.23176,1.13,1.13
2013.11.01 14:12:27.960,1.23169,1.23177,1.32,1.50
2013.11.01 14:12:28.021,1.23169,1.23175,1.13,1.50
2013.11.01 14:12:28.380,1.23168,1.23175,2.07,1.50
2013.11.01 14:12:28.500,1.23169,1.23177,1.69,1.13
2013.11.01 14:12:29.453,1.23168,1.23175,2.07,1.50
2013.11.01 14:12:29.942,1.2317,1.23176,2.07,2.25
2013.11.01 14:12:30.072,1.23172,1.23179,1.13,2.25
2013.11.01 14:12:30.193,1.23169,1.23178,1.50,1.13
2013.11.01 14:12:30.320,1.23171,1.23178,1.50,1.88
2013.11.01 14:12:30.560,1.23169,1.23177,1.50,1.13
2013.11.01 14:12:30.979,1.23169,1.23176,1.50,1.50
2013.11.01 14:12:31.459,1.23171,1.23177,1.50,2.25
2013.11.01 14:12:31.639,1.23171,1.23181,1.50,1.50
2013.11.01 14:12:31.820,1.23169,1.23179,1.69,1.13
2013.11.01 14:12:32.119,1.23166,1.23175,1.50,1.13
2013.11.01 14:12:33.039,1.23166,1.23177,1.50,1.13
2013.11.01 14:12:33.459,1.23166,1.23178,1.50,1.88
2013.11.01 14:12:35.730,1.23165,1.23177,2.82,1.50
2013.11.01 14:12:35.790,1.23165,1.23176,2.82,2.25
2013.11.01 14:12:35.849,1.23163,1.23174,3.94,1.50
2013.11.01 14:12:36.390,1.23163,1.23174,3.94,1.50
2013.11.01 14:12:36.931,1.23167,1.23177,1.69,1.50
2013.11.01 14:12:37.469,1.23167,1.23178,2.07,1.50
2013.11.01 14:12:38.150,1.23168,1.23178,1.32,1.50
2013.11.01 14:12:38.700,1.23167,1.23178,2.44,1.50
2013.11.01 14:12:40.319,1.23167,1.23178,2.44,1.50
2013.11.01 14:12:41.352,1.2317,1.23178,1.32,1.50
2013.11.01 14:12:44.731,1.23168,1.23178,1.32,1.50
2013.11.01 14:12:45.090,1.23168,1.2318,2.44,2.25
2013.11.01 14:12:45.599,1.23168,1.2318,2.82,2.25
2013.11.01 14:12:47.482,1.23168,1.2318,2.63,2.25
2013.11.01 14:12:47.782,1.23167,1.23178,3.00,3.00
2013.11.01 14:12:48.020,1.23167,1.23178,1.13,1.50
2013.11.01 14:12:48.559,1.23166,1.23178,2.07,2.25
2013.11.01 14:12:48.679,1.23165,1.23176,1.32,2.25
2013.11.01 14:12:49.880,1.23164,1.23175,1.32,1.50
2013.11.01 14:12:50.239,1.23165,1.23175,1.69,1.50
2013.11.01 14:12:50.541,1.23169,1.23179,1.32,1.50
2013.11.01 14:12:51.810,1.23168,1.23179,2.25,1.50
2013.11.01 14:12:53.735,1.2317,1.23179,1.13,1.50
2013.11.01 14:12:53.921,1.23168,1.23177,1.32,1.13
2013.11.01 14:12:54.222,1.23168,1.23179,2.44,1.50
2013.11.01 14:12:59.144,1.23169,1.2318,1.50,1.88
2013.11.01 14:13:00.760,1.23167,1.23179,2.25,3.00
2013.11.01 14:13:01.299,1.23167,1.23178,1.50,1.50
2013.11.01 14:13:03.509,1.23167,1.23178,1.50,1.50
2013.11.01 14:13:08.008,1.23168,1.23179,1.50,1.69
2013.11.01 14:13:08.959,1.23168,1.2318,2.25,2.25
2013.11.01 14:13:09.680,1.23168,1.2318,2.25,2.44
2013.11.01 14:13:12.119,1.23168,1.2318,2.25,3.75
2013.11.01 14:13:16.070,1.23167,1.23178,1.69,1.50
2013.11.01 14:13:16.253,1.2317,1.23181,2.25,2.10
2013.11.01 14:13:16.559,1.23168,1.23179,1.50,1.50
2013.11.01 14:13:16.740,1.23169,1.23179,2.07,1.50
2013.11.01 14:13:17.099,1.23173,1.23183,1.32,2.25
2013.11.01 14:13:17.161,1.23173,1.23183,1.32,3.00
2013.11.01 14:13:17.710,1.23171,1.2318,2.44,1.13
2013.11.01 14:13:18.040,1.23171,1.23181,2.07,1.13
2013.11.01 14:13:19.289,1.23171,1.23181,2.44,1.88
2013.11.01 14:13:19.590,1.23171,1.23181,2.07,1.13
2013.11.01 14:13:21.882,1.23172,1.23181,1.50,1.50
2013.11.01 14:13:21.945,1.23172,1.23181,2.07,1.50
2013.11.01 14:13:22.010,1.23174,1.23183,1.69,1.88
2013.11.01 14:13:22.072,1.23175,1.23183,1.32,1.50
2013.11.01 14:13:22.192,1.23175,1.23183,1.13,1.13
2013.11.01 14:13:22.372,1.23175,1.23183,1.32,1.50
2013.11.01 14:13:22.611,1.23173,1.23183,2.07,3.00
2013.11.01 14:13:22.800,1.23173,1.23183,4.13,1.50
2013.11.01 14:13:22.860,1.23174,1.23184,1.32,1.50
2013.11.01 14:13:23.354,1.23178,1.23185,2.07,2.25
2013.11.01 14:13:23.541,1.23177,1.23184,3.57,1.50
2013.11.01 14:13:23.660,1.23178,1.23189,1.32,1.50
2013.11.01 14:13:24.261,1.23178,1.23189,4.32,1.50
2013.11.01 14:13:24.443,1.2318,1.2319,1.13,3.38
2013.11.01 14:13:24.630,1.23182,1.23191,2.25,2.10
2013.11.01 14:13:25.132,1.23184,1.23193,1.13,2.63
2013.11.01 14:13:25.370,1.23184,1.23193,1.05,2.63
2013.11.01 14:13:25.910,1.23183,1.23192,4.35,1.13
2013.11.01 14:13:26.030,1.23185,1.23192,1.35,1.13
2013.11.01 14:13:26.390,1.23184,1.2319,2.18,1.13
2013.11.01 14:13:26.690,1.23179,1.2319,2.29,1.88
2013.11.01 14:13:26.810,1.23181,1.23191,1.35,1.13
2013.11.01 14:13:27.350,1.23179,1.2319,2.29,1.50
2013.11.01 14:13:27.469,1.23179,1.2319,2.67,1.50
2013.11.01 14:13:28.770,1.23179,1.2319,4.92,1.50
2013.11.01 14:13:29.012,1.23181,1.23191,1.35,1.35
2013.11.01 14:13:29.372,1.23183,1.23192,1.92,1.50
2013.11.01 14:13:29.729,1.23181,1.23192,1.35,3.00
2013.11.01 14:13:30.270,1.23183,1.23192,1.35,1.50
2013.11.01 14:13:30.512,1.23181,1.23191,1.43,1.50
2013.11.01 14:13:31.059,1.23179,1.23191,5.29,2.25
2013.11.01 14:13:31.181,1.2318,1.23191,1.24,2.25
2013.11.01 14:13:31.299,1.23179,1.2319,4.92,1.13
2013.11.01 14:13:31.663,1.23179,1.2319,2.48,2.07
2013.11.01 14:13:31.790,1.23179,1.2319,2.85,1.50
2013.11.01 14:13:31.849,1.23179,1.2319,3.42,1.50
2013.11.01 14:13:32.091,1.23179,1.23189,3.42,1.50
2013.11.01 14:13:32.807,1.2318,1.23189,1.69,1.50
2013.11.01 14:13:33.311,1.23179,1.2319,2.48,2.25
2013.11.01 14:13:33.635,1.23179,1.2319,3.04,3.00
2013.11.01 14:13:33.701,1.23181,1.23191,1.62,2.25
2013.11.01 14:13:33.952,1.23181,1.23191,2.10,1.50
2013.11.01 14:13:34.319,1.23179,1.2319,2.48,2.25
2013.11.01 14:13:35.112,1.2318,1.2319,2.18,1.50
2013.11.01 14:13:35.662,1.2318,1.23191,3.79,2.25
2013.11.01 14:13:35.970,1.23183,1.23191,2.82,1.13
2013.11.01 14:13:37.359,1.23182,1.23191,2.25,2.25
2013.11.01 14:13:37.901,1.23183,1.23191,2.25,1.13
2013.11.01 14:13:38.860,1.23184,1.23192,1.13,1.13
2013.11.01 14:13:38.980,1.23184,1.23194,1.13,2.10
2013.11.01 14:13:39.539,1.23185,1.23191,2.07,1.13
2013.11.01 14:13:39.839,1.23183,1.23191,1.88,1.50
2013.11.01 14:13:40.379,1.23182,1.23191,2.25,1.50
2013.11.01 14:13:41.092,1.23182,1.23191,2.07,1.50
2013.11.01 14:13:41.150,1.23182,1.23191,2.25,1.50
2013.11.01 14:13:42.301,1.23181,1.2319,1.50,1.50
2013.11.01 14:13:45.651,1.23182,1.2319,1.50,1.50
2013.11.01 14:13:46.140,1.23183,1.23191,1.50,1.50
2013.11.01 14:13:46.640,1.23181,1.23191,1.69,1.50
2013.11.01 14:13:48.310,1.23182,1.23191,1.69,1.13
2013.11.01 14:13:48.848,1.23181,1.23191,3.57,1.50
2013.11.01 14:13:51.579,1.2318,1.2319,2.07,1.50
2013.11.01 14:13:52.119,1.23182,1.23191,1.32,1.13
2013.11.01 14:13:52.240,1.23183,1.23191,1.88,1.13
2013.11.01 14:13:52.480,1.23183,1.23193,2.25,1.13
2013.11.01 14:13:52.539,1.23184,1.23194,1.13,1.50
2013.11.01 14:13:53.404,1.23184,1.23195,1.32,1.50
2013.11.01 14:13:53.981,1.23184,1.23195,1.69,1.50
2013.11.01 14:13:54.400,1.23186,1.23196,1.88,1.50
2013.11.01 14:13:54.939,1.23185,1.23197,2.25,2.25
2013.11.01 14:13:55.443,1.23186,1.23197,2.25,2.25
2013.11.01 14:13:56.479,1.23185,1.23197,2.25,2.25
2013.11.01 14:13:57.432,1.23185,1.23196,2.25,1.69
2013.11.01 14:13:57.609,1.23187,1.23198,1.50,2.07
2013.11.01 14:13:58.272,1.23185,1.23196,3.75,1.69
2013.11.01 14:13:58.569,1.23187,1.23197,1.88,2.25
2013.11.01 14:13:59.110,1.23187,1.23196,2.63,1.50
2013.11.01 14:13:59.171,1.23187,1.23196,2.63,1.50
2013.11.01 14:13:59.231,1.2319,1.23197,1.50,1.50
2013.11.01 14:14:00.202,1.23189,1.23196,1.50,1.50
2013.11.01 14:14:00.381,1.23187,1.23196,1.50,2.25
2013.11.01 14:14:00.500,1.23184,1.23194,3.38,1.50
2013.11.01 14:14:01.040,1.23184,1.23194,2.44,1.50
2013.11.01 14:14:01.598,1.23184,1.23194,2.25,1.50
2013.11.01 14:14:02.980,1.23185,1.23194,2.25,1.50
2013.11.01 14:14:04.389,1.23185,1.23194,2.44,1.50
2013.11.01 14:14:04.930,1.23184,1.23195,2.25,3.00
2013.11.01 14:14:05.485,1.23184,1.23194,2.44,1.50
2013.11.01 14:14:06.429,1.23184,1.23194,2.25,1.50
2013.11.01 14:14:07.029,1.23184,1.23194,4.32,1.50
2013.11.01 14:14:07.389,1.23184,1.23194,3.75,2.44
2013.11.01 14:14:10.271,1.23184,1.23194,2.44,2.25
2013.11.01 14:14:15.079,1.23184,1.23193,2.25,2.25
2013.11.01 14:14:15.559,1.23182,1.23191,1.50,1.50
2013.11.01 14:14:16.582,1.23181,1.23191,1.50,2.25
2013.11.01 14:14:17.220,1.2318,1.2319,3.00,1.50
2013.11.01 14:14:17.701,1.23181,1.2319,1.13,2.07
2013.11.01 14:14:17.820,1.23181,1.23191,2.07,3.00
2013.11.01 14:14:18.120,1.23185,1.23192,1.50,2.25
2013.11.01 14:14:18.623,1.23185,1.23193,1.50,2.25
2013.11.01 14:14:22.482,1.23183,1.23192,3.00,1.50
2013.11.01 14:14:23.000,1.23183,1.23194,3.00,1.50
2013.11.01 14:14:27.110,1.23184,1.23194,2.25,2.44
2013.11.01 14:14:27.410,1.23184,1.23194,3.38,2.25
2013.11.01 14:14:27.529,1.23184,1.23194,3.38,2.25
2013.11.01 14:14:28.069,1.23184,1.23192,1.13,1.50
2013.11.01 14:14:28.805,1.23182,1.23192,1.50,1.50
2013.11.01 14:14:30.459,1.23181,1.23192,3.57,1.50
2013.11.01 14:14:31.080,1.23181,1.23192,3.19,1.50
2013.11.01 14:14:33.210,1.23181,1.23192,3.57,3.98
2013.11.01 14:14:33.509,1.23179,1.23189,2.07,1.50
2013.11.01 14:14:33.942,1.2318,1.23191,1.69,2.25
2013.11.01 14:14:34.010,1.2318,1.23192,4.69,3.00
2013.11.01 14:14:34.549,1.2318,1.23192,2.63,2.25
2013.11.01 14:14:34.929,1.2318,1.23191,1.88,2.25
2013.11.01 14:14:36.821,1.23179,1.23189,2.07,1.88
2013.11.01 14:14:37.299,1.2318,1.23191,1.13,1.50
2013.11.01 14:14:43.720,1.2318,1.23191,1.32,1.50
2013.11.01 14:14:43.960,1.23183,1.23193,1.50,2.25
2013.11.01 14:14:44.439,1.23183,1.23191,1.50,2.25
2013.11.01 14:14:45.159,1.23179,1.23191,3.19,1.50
2013.11.01 14:14:47.272,1.2318,1.23191,3.19,1.50
2013.11.01 14:14:47.331,1.23181,1.23193,1.69,2.25
2013.11.01 14:14:48.049,1.2318,1.23192,1.50,2.63
2013.11.01 14:14:48.589,1.23179,1.23191,4.32,1.50
2013.11.01 14:14:48.893,1.23182,1.23191,1.50,1.50
2013.11.01 14:14:49.329,1.23182,1.23193,2.25,1.88
2013.11.01 14:14:50.170,1.23182,1.23192,2.25,1.88
2013.11.01 14:14:50.590,1.23178,1.2319,3.00,4.13
2013.11.01 14:14:51.129,1.23179,1.2319,1.69,1.88
2013.11.01 14:14:51.799,1.23179,1.2319,1.50,1.88
2013.11.01 14:14:52.350,1.23179,1.2319,2.07,1.88
2013.11.01 14:14:55.229,1.2318,1.2319,1.69,1.88
2013.11.01 14:14:55.739,1.23181,1.23191,2.07,2.25
2013.11.01 14:14:57.401,1.23181,1.23191,2.82,2.25
2013.11.01 14:14:57.699,1.23182,1.23193,3.19,1.13
2013.11.01 14:14:57.819,1.23182,1.23193,2.44,1.88
2013.11.01 14:14:58.329,1.23182,1.23192,1.32,1.50
2013.11.01 14:14:58.875,1.23181,1.23191,3.57,1.13
2013.11.01 14:14:59.361,1.23181,1.23191,4.32,1.13
2013.11.01 14:14:59.779,1.23182,1.23192,2.07,1.50
2013.11.01 14:14:59.901,1.23182,1.23193,1.50,2.25
2013.11.01 14:15:00.021,1.23183,1.23193,1.32,2.63
2013.11.01 14:15:00.562,1.23182,1.23193,1.50,2.25
2013.11.01 14:15:00.751,1.23182,1.23193,2.07,3.38
2013.11.01 14:15:01.496,1.23182,1.23193,2.07,2.25
2013.11.01 14:15:02.949,1.23183,1.23193,1.69,2.25
2013.11.01 14:15:03.189,1.23182,1.23193,1.50,1.50
2013.11.01 14:15:03.429,1.23182,1.23193,2.07,1.50
2013.11.01 14:15:03.969,1.23182,1.23193,2.44,1.50
2013.11.01 14:15:04.851,1.2318,1.23191,1.69,2.25
2013.11.01 14:15:05.030,1.23181,1.23192,2.44,1.88
2013.11.01 14:15:05.209,1.23181,1.23191,1.69,1.50
2013.11.01 14:15:05.510,1.23181,1.23191,2.82,1.50
2013.11.01 14:15:05.630,1.23181,1.23191,2.44,1.50
2013.11.01 14:15:05.750,1.23181,1.23191,2.44,1.50
2013.11.01 14:15:07.129,1.23182,1.23193,2.07,1.88
2013.11.01 14:15:07.249,1.23183,1.23193,1.32,1.88
2013.11.01 14:15:07.369,1.23182,1.23192,2.07,1.13
2013.11.01 14:15:07.609,1.23183,1.23192,1.32,1.13
2013.11.01 14:15:08.173,1.23182,1.23192,2.07,1.13
2013.11.01 14:15:08.231,1.23182,1.23192,2.07,1.50
2013.11.01 14:15:08.770,1.23181,1.23191,2.25,1.50
2013.11.01 14:15:09.310,1.23181,1.23191,1.50,1.13
2013.11.01 14:15:09.790,1.23181,1.23191,3.19,1.13
2013.11.01 14:15:10.329,1.23182,1.23192,1.50,2.25
2013.11.01 14:15:10.870,1.23182,1.23192,1.50,1.50
2013.11.01 14:15:11.400,1.23182,1.23192,1.50,1.50
2013.11.01 14:15:11.939,1.23182,1.23192,1.88,2.25
2013.11.01 14:15:15.492,1.23182,1.23193,4.69,1.13
2013.11.01 14:15:15.551,1.23182,1.23194,4.69,1.50
2013.11.01 14:15:15.731,1.23186,1.23195,1.32,1.50
2013.11.01 14:15:15.970,1.23188,1.23199,3.00,2.25
2013.11.01 14:15:17.174,1.23188,1.23198,2.25,2.25
2013.11.01 14:15:17.719,1.23189,1.23199,1.50,1.50
2013.11.01 14:15:19.909,1.2319,1.232,1.50,3.98
2013.11.01 14:15:20.271,1.23189,1.23199,1.13,1.50
2013.11.01 14:15:20.929,1.2319,1.232,1.50,3.60
2013.11.01 14:15:22.050,1.23193,1.23203,1.13,3.00
2013.11.01 14:15:22.110,1.23194,1.23205,1.69,1.54
2013.11.01 14:15:22.476,1.23194,1.23203,1.32,1.50
2013.11.01 14:15:22.542,1.23193,1.23204,2.55,2.25
2013.11.01 14:15:23.079,1.23194,1.23204,1.35,1.50
2013.11.01 14:15:23.859,1.23194,1.23204,1.35,1.32
2013.11.01 14:15:24.099,1.23192,1.23203,1.54,1.50
2013.11.01 14:15:25.642,1.23192,1.23203,1.54,1.50
2013.11.01 14:15:25.701,1.23193,1.23203,1.99,1.50
2013.11.01 14:15:26.060,1.23193,1.23203,1.62,1.50
2013.11.01 14:15:27.760,1.23192,1.23203,1.54,1.50
2013.11.01 14:15:28.299,1.23194,1.23204,1.35,1.50
2013.11.01 14:15:28.959,1.23196,1.23204,1.50,1.50
2013.11.01 14:15:30.678,1.23194,1.23204,1.35,1.50
2013.11.01 14:15:30.979,1.23193,1.23203,1.24,1.50
2013.11.01 14:15:35.389,1.23194,1.23204,3.00,1.50
2013.11.01 14:15:35.939,1.23194,1.23206,4.69,1.50
2013.11.01 14:15:36.461,1.23195,1.23206,4.32,1.50
2013.11.01 14:15:36.999,1.23195,1.23205,1.50,2.25
2013.11.01 14:15:37.119,1.23192,1.23204,2.82,2.25
2013.11.01 14:15:39.892,1.23192,1.23204,3.75,1.50
2013.11.01 14:15:40.129,1.23193,1.23204,5.07,1.50
2013.11.01 14:15:40.189,1.23193,1.23204,4.69,1.50
2013.11.01 14:15:40.489,1.23193,1.23205,5.82,3.38
2013.11.01 14:15:40.549,1.23193,1.23205,4.69,3.38
2013.11.01 14:15:41.340,1.23193,1.23205,5.82,3.38
2013.11.01 14:15:41.641,1.23193,1.23204,1.69,3.00
2013.11.01 14:15:41.819,1.23193,1.23204,3.00,1.50
2013.11.01 14:15:43.291,1.23193,1.23205,5.44,2.63
2013.11.01 14:15:43.830,1.23193,1.23205,3.75,2.82
2013.11.01 14:15:44.069,1.23193,1.23204,1.50,2.25
2013.11.01 14:15:46.339,1.23193,1.23203,1.69,1.50
2013.11.01 14:15:46.939,1.23192,1.23204,1.88,2.25
2013.11.01 14:15:47.359,1.23193,1.23205,3.00,3.38
2013.11.01 14:15:49.132,1.23193,1.23205,3.38,1.88
2013.11.01 14:15:53.163,1.23193,1.23205,4.32,1.88
2013.11.01 14:15:53.520,1.23193,1.23205,5.82,1.13
2013.11.01 14:15:53.580,1.23193,1.23205,5.44,1.13
2013.11.01 14:15:56.673,1.23193,1.23205,3.75,2.63
2013.11.01 14:15:56.742,1.23193,1.23204,3.00,1.32
2013.11.01 14:15:56.861,1.23191,1.23201,1.50,2.63
2013.11.01 14:15:57.409,1.23189,1.232,1.50,3.38
2013.11.01 14:15:57.593,1.23188,1.232,1.69,4.13
2013.11.01 14:15:58.142,1.23188,1.232,3.19,1.88
2013.11.01 14:15:58.216,1.23189,1.232,2.45,1.88
2013.11.01 14:15:58.401,1.23189,1.23201,5.07,1.50
2013.11.01 14:15:58.831,1.23189,1.23199,1.32,1.50
2013.11.01 14:15:58.895,1.23188,1.23198,1.69,1.50
2013.11.01 14:15:59.499,1.23188,1.23198,1.50,1.13
2013.11.01 14:15:59.740,1.23186,1.23197,3.00,1.50
2013.11.01 14:15:59.799,1.23185,1.23197,1.50,1.50
2013.11.01 14:16:00.580,1.23185,1.23197,1.69,1.50
2013.11.01 14:16:02.088,1.23186,1.23197,3.20,1.50
2013.11.01 14:16:02.166,1.23187,1.23199,3.57,2.25
2013.11.01 14:16:02.352,1.23188,1.23199,3.76,1.50
2013.11.01 14:16:02.476,1.23188,1.23199,3.19,1.50
2013.11.01 14:16:02.545,1.23188,1.232,2.82,4.13
2013.11.01 14:16:03.092,1.23188,1.23199,2.44,1.50
2013.11.01 14:16:03.391,1.23186,1.23197,2.82,1.50
2013.11.01 14:16:04.410,1.23186,1.23197,1.69,1.50
2013.11.01 14:16:04.889,1.23185,1.23195,2.44,1.50
2013.11.01 14:16:06.540,1.23185,1.23197,3.57,1.50
2013.11.01 14:16:07.981,1.23185,1.23197,2.07,1.50
2013.11.01 14:16:08.219,1.23185,1.23196,1.32,2.25
2013.11.01 14:16:08.702,1.23185,1.23197,2.82,2.25
2013.11.01 14:16:09.242,1.23185,1.23197,3.94,2.25
2013.11.01 14:16:10.439,1.23185,1.23196,2.82,2.25
2013.11.01 14:16:11.651,1.23185,1.23197,3.94,1.50
2013.11.01 14:16:12.472,1.23185,1.23195,2.44,1.50
2013.11.01 14:16:13.450,1.23185,1.23195,2.82,1.50
2013.11.01 14:16:13.810,1.23185,1.23195,3.94,1.50
2013.11.01 14:16:16.550,1.23184,1.23195,1.88,1.88
2013.11.01 14:16:17.090,1.23184,1.23194,2.07,1.13
2013.11.01 14:16:17.150,1.23184,1.23194,2.07,1.13
2013.11.01 14:16:17.510,1.23183,1.23192,1.50,1.13
2013.11.01 14:16:17.949,1.23182,1.23192,1.32,1.13
2013.11.01 14:16:18.469,1.23182,1.23192,1.32,1.13
2013.11.01 14:16:18.650,1.23182,1.23192,1.13,1.13
2013.11.01 14:16:19.500,1.23181,1.23189,1.69,1.13
2013.11.01 14:16:20.650,1.2318,1.23189,1.32,1.13
2013.11.01 14:16:23.750,1.23179,1.2319,2.07,2.25
2013.11.01 14:16:23.809,1.23179,1.2319,2.45,2.25
2013.11.01 14:16:24.340,1.23179,1.23189,3.20,1.13
2013.11.01 14:16:25.189,1.23179,1.23189,2.45,1.13
2013.11.01 14:16:25.549,1.23177,1.23188,1.50,1.13
2013.11.01 14:16:25.909,1.23175,1.23186,3.19,1.13
2013.11.01 14:16:26.220,1.23175,1.23186,3.57,1.13
2013.11.01 14:16:26.345,1.23175,1.23186,3.19,1.13
2013.11.01 14:16:26.589,1.23176,1.23188,3.19,1.13
2013.11.01 14:16:26.889,1.23175,1.23186,3.19,1.13
2013.11.01 14:16:27.490,1.23175,1.23186,3.19,1.13
2013.11.01 14:16:27.732,1.23175,1.23186,3.94,1.13
2013.11.01 14:16:27.972,1.23178,1.23189,2.45,2.25
2013.11.01 14:16:28.091,1.23178,1.23189,2.26,2.63
2013.11.01 14:16:28.629,1.23177,1.23186,1.50,1.88
2013.11.01 14:16:29.060,1.23175,1.23186,1.32,1.88
2013.11.01 14:16:29.182,1.23175,1.23185,1.13,1.32
2013.11.01 14:16:29.600,1.23174,1.23184,2.07,1.50
2013.11.01 14:16:29.839,1.23174,1.23186,4.13,2.07
2013.11.01 14:16:29.900,1.23174,1.23183,3.01,1.50
2013.11.01 14:16:30.140,1.23173,1.23183,1.13,2.25
2013.11.01 14:16:31.730,1.23172,1.23181,2.25,1.50
2013.11.01 14:16:32.569,1.23172,1.23182,2.82,1.50
2013.11.01 14:16:33.112,1.23172,1.23182,3.57,1.50
2013.11.01 14:16:33.649,1.23172,1.2318,3.01,1.50
2013.11.01 14:16:34.309,1.23172,1.23183,3.57,1.50
2013.11.01 14:16:34.370,1.23172,1.2318,3.57,1.50
2013.11.01 14:16:35.339,1.23172,1.2318,1.50,1.50
2013.11.01 14:16:35.891,1.23172,1.23179,1.50,1.50
2013.11.01 14:16:37.020,1.23169,1.23178,1.50,1.88
2013.11.01 14:16:37.199,1.23169,1.23177,1.13,1.50
2013.11.01 14:16:37.740,1.23168,1.23177,1.50,2.44
2013.11.01 14:16:37.860,1.23165,1.23172,2.44,1.50
2013.11.01 14:16:38.219,1.23163,1.23172,2.25,1.50
2013.11.01 14:16:38.279,1.23162,1.23172,3.38,1.50
2013.11.01 14:16:41.290,1.23162,1.23173,3.75,1.88
2013.11.01 14:16:41.836,1.23162,1.23173,4.50,1.13
2013.11.01 14:16:42.380,1.23162,1.23173,4.50,1.13
2013.11.01 14:16:47.769,1.23162,1.23173,3.19,1.13
2013.11.01 14:16:48.321,1.23163,1.23175,4.13,3.19
2013.11.01 14:16:48.859,1.23163,1.23173,1.50,1.88
2013.11.01 14:16:49.581,1.23163,1.23174,2.25,1.13
2013.11.01 14:16:50.130,1.23162,1.23173,3.00,1.88
2013.11.01 14:16:50.969,1.23162,1.23173,2.82,1.88
2013.11.01 14:16:51.030,1.23162,1.23169,1.32,1.13
2013.11.01 14:16:51.212,1.23162,1.23172,1.13,1.50
2013.11.01 14:16:51.632,1.23162,1.23173,3.20,2.63
2013.11.01 14:16:51.815,1.23162,1.23172,2.44,1.50
2013.11.01 14:16:53.030,1.23162,1.23172,1.88,1.50
2013.11.01 14:16:57.531,1.23162,1.23172,1.88,1.50
2013.11.01 14:16:59.769,1.23163,1.23172,2.82,1.50
2013.11.01 14:17:00.310,1.23165,1.23174,3.00,1.13
2013.11.01 14:17:00.550,1.23164,1.23173,1.50,1.13
2013.11.01 14:17:02.380,1.23163,1.23173,2.25,1.13
2013.11.01 14:17:03.975,1.23163,1.23173,4.88,1.13
2013.11.01 14:17:04.281,1.23163,1.23175,3.75,2.82
2013.11.01 14:17:04.341,1.23163,1.23175,3.75,2.44
2013.11.01 14:17:04.462,1.23163,1.23174,3.75,1.69
2013.11.01 14:17:04.521,1.23163,1.23173,1.50,1.13
2013.11.01 14:17:04.583,1.23162,1.23173,1.50,2.63
2013.11.01 14:17:04.942,1.23161,1.2317,1.13,1.50
2013.11.01 14:17:05.319,1.23161,1.2317,1.13,1.50
2013.11.01 14:17:07.880,1.23161,1.2317,1.13,1.50
2013.11.01 14:17:09.882,1.23161,1.2317,2.25,1.50
2013.11.01 14:17:14.630,1.23161,1.23172,3.38,1.50
2013.11.01 14:17:16.383,1.23161,1.23172,1.88,1.50
2013.11.01 14:17:16.931,1.23161,1.23172,1.50,2.07
2013.11.01 14:17:16.993,1.2316,1.2317,1.50,1.88
2013.11.01 14:17:17.493,1.2316,1.23172,3.01,1.69
2013.11.01 14:17:18.412,1.2316,1.23172,3.01,1.50
2013.11.01 14:17:18.962,1.2316,1.23172,3.01,1.69
2013.11.01 14:17:19.664,1.2316,1.2317,1.13,2.07
2013.11.01 14:17:20.226,1.2316,1.23169,1.13,1.50
2013.11.01 14:17:20.779,1.23159,1.23169,1.88,1.50
2013.11.01 14:17:21.681,1.23159,1.2317,1.13,1.88
2013.11.01 14:17:22.461,1.23159,1.2317,1.88,2.07
2013.11.01 14:17:27.979,1.23159,1.23169,1.13,1.69
2013.11.01 14:17:31.309,1.23159,1.23169,1.88,1.50
2013.11.01 14:17:33.475,1.23159,1.23169,1.88,1.50
2013.11.01 14:17:33.542,1.23159,1.23169,1.13,2.07
2013.11.01 14:17:34.089,1.23159,1.23169,1.13,3.19
2013.11.01 14:17:34.591,1.23159,1.23169,1.13,2.44
2013.11.01 14:17:34.771,1.23159,1.23169,1.13,1.69
2013.11.01 14:17:37.572,1.23158,1.23167,1.50,1.32
2013.11.01 14:17:37.809,1.23154,1.23163,2.25,4.32
2013.11.01 14:17:37.869,1.23151,1.23162,1.88,2.44
2013.11.01 14:17:38.431,1.23151,1.23162,2.63,2.44
2013.11.01 14:17:38.970,1.23152,1.23163,3.75,2.07
2013.11.01 14:17:39.211,1.23152,1.23163,2.25,2.07
2013.11.01 14:17:39.271,1.23152,1.23163,1.50,3.57
2013.11.01 14:17:39.509,1.23152,1.23163,3.00,1.88
2013.11.01 14:17:39.570,1.23152,1.23163,3.00,2.44
2013.11.01 14:17:39.750,1.23152,1.23163,3.75,2.82
2013.11.01 14:17:40.169,1.23152,1.23162,3.00,1.69
2013.11.01 14:17:40.720,1.23153,1.23163,3.00,2.44
2013.11.01 14:17:41.200,1.23153,1.23163,2.25,2.82
2013.11.01 14:17:41.322,1.23153,1.23163,3.00,1.69
2013.11.01 14:17:41.440,1.23153,1.23163,1.50,1.32
2013.11.01 14:17:41.742,1.23153,1.23163,1.50,1.69
2013.11.01 14:17:42.772,1.23153,1.23163,3.00,1.13
2013.11.01 14:17:44.430,1.23153,1.23163,1.50,1.13
2013.11.01 14:17:46.579,1.23153,1.23163,1.69,1.13
2013.11.01 14:17:47.130,1.23152,1.23163,2.25,1.69
2013.11.01 14:17:48.310,1.23152,1.23163,1.50,3.94
2013.11.01 14:17:50.281,1.2315,1.23161,1.50,2.07
2013.11.01 14:17:50.640,1.2315,1.2316,1.50,1.69
2013.11.01 14:17:50.830,1.23149,1.23159,1.13,1.13
2013.11.01 14:17:51.370,1.23148,1.23159,1.50,1.13
2013.11.01 14:17:51.913,1.23148,1.23159,1.50,1.13
2013.11.01 14:17:52.329,1.23149,1.23159,3.00,1.13
2013.11.01 14:17:54.160,1.23149,1.2316,3.75,1.32
2013.11.01 14:17:54.463,1.23149,1.23159,2.25,1.88
2013.11.01 14:17:54.531,1.23149,1.23159,1.50,2.63
2013.11.01 14:17:57.380,1.23147,1.23156,2.25,1.09
2013.11.01 14:17:58.229,1.23147,1.23157,2.25,1.32
2013.11.01 14:17:58.293,1.23147,1.23157,2.25,1.69
2013.11.01 14:17:58.823,1.23147,1.23157,2.25,1.69
2013.11.01 14:17:59.369,1.23147,1.23157,2.25,1.69
2013.11.01 14:17:59.800,1.23147,1.23156,1.50,1.50
2013.11.01 14:17:59.920,1.23147,1.23155,1.50,1.24
2013.11.01 14:17:59.981,1.23147,1.23155,1.50,1.24
2013.11.01 14:18:00.339,1.23147,1.23157,2.25,1.69
2013.11.01 14:18:00.399,1.23147,1.23157,1.50,1.32
2013.11.01 14:18:01.750,1.23147,1.23157,1.88,1.69
2013.11.01 14:18:02.110,1.23147,1.23157,2.63,1.69
2013.11.01 14:18:04.510,1.23147,1.23155,1.13,1.09
2013.11.01 14:18:04.631,1.23147,1.23157,3.38,2.44
2013.11.01 14:18:04.751,1.23147,1.23158,4.13,2.82
2013.11.01 14:18:04.810,1.23147,1.23158,2.63,2.07
2013.11.01 14:18:05.413,1.23147,1.23159,4.13,2.44
2013.11.01 14:18:05.481,1.23147,1.23159,4.88,2.07
2013.11.01 14:18:05.540,1.23148,1.23159,3.75,2.07
2013.11.01 14:18:06.023,1.23149,1.2316,3.75,2.44
2013.11.01 14:18:06.511,1.23149,1.2316,1.50,2.07
2013.11.01 14:18:07.156,1.23149,1.2316,1.50,2.59
2013.11.01 14:18:07.282,1.23149,1.23159,1.50,1.32
2013.11.01 14:18:07.760,1.23149,1.2316,1.50,3.12
2013.11.01 14:18:08.292,1.23149,1.23159,1.50,1.32
2013.11.01 14:18:09.200,1.23149,1.23159,1.50,1.32
2013.11.01 14:18:11.560,1.23148,1.23159,2.63,1.32
2013.11.01 14:18:12.100,1.23148,1.23157,1.50,1.32
2013.11.01 14:18:12.620,1.23147,1.23158,2.85,2.59
2013.11.01 14:18:12.742,1.23147,1.23157,2.85,1.32
2013.11.01 14:18:12.989,1.23147,1.23159,5.48,1.32
2013.11.01 14:18:13.350,1.23148,1.2316,5.11,1.84
2013.11.01 14:18:13.410,1.23151,1.23163,3.75,1.69
2013.11.01 14:18:13.530,1.23152,1.23164,2.63,1.69
2013.11.01 14:18:13.769,1.23153,1.23165,3.38,1.32
2013.11.01 14:18:14.070,1.23153,1.23165,3.38,1.32
2013.11.01 14:18:14.431,1.23153,1.23163,1.50,1.84
2013.11.01 14:18:14.551,1.23151,1.23162,3.00,1.32
2013.11.01 14:18:15.031,1.23151,1.23161,1.88,1.32
2013.11.01 14:18:15.272,1.23151,1.23161,1.50,1.47
2013.11.01 14:18:15.510,1.23151,1.23162,2.63,1.69
2013.11.01 14:18:15.750,1.23154,1.23165,6.01,5.18
2013.11.01 14:18:16.110,1.23153,1.23164,1.13,1.50
2013.11.01 14:18:16.542,1.23153,1.23165,2.63,1.50
2013.11.01 14:18:17.080,1.23153,1.23166,3.38,1.50
2013.11.01 14:18:18.291,1.23153,1.23167,4.13,1.69
2013.11.01 14:18:18.470,1.23153,1.23166,3.38,1.69
2013.11.01 14:18:22.901,1.23155,1.23168,3.00,2.82
2013.11.01 14:18:25.124,1.23155,1.23168,3.19,2.25
2013.11.01 14:18:26.102,1.23161,1.23169,3.01,1.13
2013.11.01 14:18:26.661,1.23162,1.23171,2.26,1.50
2013.11.01 14:18:28.602,1.23162,1.23169,2.26,1.13
2013.11.01 14:18:28.780,1.2316,1.23168,1.50,1.50
2013.11.01 14:18:28.900,1.23157,1.23168,1.50,2.25
2013.11.01 14:18:30.052,1.23157,1.23168,1.50,2.25
2013.11.01 14:18:30.590,1.23157,1.23168,1.50,1.50
2013.11.01 14:18:33.070,1.23157,1.23169,1.69,2.25
2013.11.01 14:18:33.311,1.23159,1.23171,3.00,1.13
2013.11.01 14:18:33.430,1.23159,1.2317,3.00,1.50
2013.11.01 14:18:35.170,1.23158,1.23169,1.50,1.50
2013.11.01 14:18:38.368,1.23156,1.23168,2.63,1.50
2013.11.01 14:18:39.272,1.23156,1.23169,4.13,2.25
2013.11.01 14:18:39.822,1.23157,1.23168,3.00,1.50
2013.11.01 14:18:40.180,1.23157,1.23165,3.00,1.88
2013.11.01 14:18:40.302,1.23154,1.23165,1.50,2.63
2013.11.01 14:18:40.962,1.23152,1.23164,1.50,2.44
2013.11.01 14:18:41.141,1.23152,1.23163,1.50,1.32
2013.11.01 14:18:43.012,1.23152,1.23164,1.50,2.82
2013.11.01 14:18:43.370,1.23151,1.23161,1.13,1.69
2013.11.01 14:18:43.910,1.23151,1.23162,1.88,1.50
2013.11.01 14:18:44.211,1.23151,1.23164,4.50,1.50
2013.11.01 14:18:45.610,1.23151,1.23164,5.07,1.50
2013.11.01 14:18:45.790,1.23153,1.23166,4.32,1.50
2013.11.01 14:18:46.031,1.23155,1.23168,3.00,1.88
2013.11.01 14:18:48.188,1.23154,1.23165,2.63,1.13
2013.11.01 14:18:49.160,1.23154,1.23165,1.50,1.32
2013.11.01 14:18:49.280,1.23154,1.23166,1.50,2.82
2013.11.01 14:18:49.579,1.23152,1.23164,1.88,1.50
2013.11.01 14:18:51.441,1.23152,1.23163,2.25,2.07
2013.11.01 14:18:52.159,1.23152,1.23163,2.25,1.69
2013.11.01 14:18:57.040,1.23152,1.23164,2.25,2.44
2013.11.01 14:18:57.579,1.23152,1.23163,3.76,1.32
2013.11.01 14:18:58.240,1.23152,1.23163,2.25,1.69
2013.11.01 14:18:58.796,1.23152,1.23164,2.25,1.69
2013.11.01 14:19:00.930,1.23152,1.23165,4.51,2.44
2013.11.01 14:19:01.412,1.23153,1.23164,3.38,1.69
2013.11.01 14:19:01.950,1.23153,1.23165,3.75,1.69
2013.11.01 14:19:02.311,1.23155,1.23166,3.00,2.07
2013.11.01 14:19:02.491,1.23155,1.23167,3.00,2.82
2013.11.01 14:19:02.852,1.23155,1.23165,1.50,2.07
2013.11.01 14:19:02.970,1.23152,1.23164,3.00,2.44
2013.11.01 14:19:03.511,1.23152,1.23164,2.25,1.69
2013.11.01 14:19:05.743,1.23152,1.23163,1.50,1.69
2013.11.01 14:19:06.280,1.23153,1.23166,3.57,1.88
2013.11.01 14:19:07.849,1.23155,1.23168,3.75,1.69
2013.11.01 14:19:08.390,1.23156,1.23169,3.38,2.25
2013.11.01 14:19:08.848,1.23157,1.2317,3.00,1.50
2013.11.01 14:19:12.900,1.23159,1.23171,3.00,1.88
2013.11.01 14:19:13.260,1.23161,1.23171,2.63,1.88
2013.11.01 14:19:13.579,1.23162,1.23171,3.76,1.88
2013.11.01 14:19:14.361,1.23164,1.23171,3.00,1.13
2013.11.01 14:19:14.790,1.23164,1.23171,3.00,1.13
2013.11.01 14:19:14.972,1.23164,1.23171,2.25,1.50
2013.11.01 14:19:15.031,1.23162,1.2317,1.13,1.50
2013.11.01 14:19:15.090,1.23158,1.2317,1.50,1.50
2013.11.01 14:19:16.063,1.23157,1.23167,1.13,1.50
2013.11.01 14:19:16.181,1.23157,1.2317,3.57,1.88
2013.11.01 14:19:16.485,1.23157,1.23169,3.38,2.07
2013.11.01 14:19:17.030,1.23157,1.23169,3.57,1.50
2013.11.01 14:19:18.430,1.23157,1.23169,5.07,1.50
2013.11.01 14:19:18.940,1.23159,1.23171,4.51,1.69
2013.11.01 14:19:20.293,1.23159,1.23171,4.51,1.69
2013.11.01 14:19:24.390,1.23159,1.23171,3.00,2.44
2013.11.01 14:19:24.510,1.23157,1.23168,1.50,2.44
2013.11.01 14:19:24.631,1.23156,1.23168,2.25,2.44
2013.11.01 14:19:24.692,1.23156,1.23168,3.00,2.44
2013.11.01 14:19:24.753,1.23155,1.23167,1.50,1.69
2013.11.01 14:19:25.300,1.23155,1.23166,1.50,1.32
2013.11.01 14:19:25.479,1.23153,1.23165,1.88,1.69
2013.11.01 14:19:25.599,1.23153,1.23166,3.38,2.07
2013.11.01 14:19:25.840,1.23155,1.23167,4.50,1.69
2013.11.01 14:19:25.900,1.23156,1.23167,3.76,1.69
2013.11.01 14:19:26.259,1.2316,1.2317,3.75,2.44
2013.11.01 14:19:26.580,1.2316,1.2317,1.50,1.32
2013.11.01 14:19:30.300,1.2316,1.2317,1.88,1.69
2013.11.01 14:19:31.183,1.2316,1.2317,1.13,1.69
2013.11.01 14:19:32.060,1.2316,1.2317,1.13,1.32
2013.11.01 14:19:32.870,1.2316,1.2317,1.32,1.13
2013.11.01 14:19:32.990,1.2316,1.2317,1.32,1.50
2013.11.01 14:19:33.050,1.23159,1.23167,1.50,1.32
2013.11.01 14:19:33.530,1.23156,1.23167,1.50,1.69
2013.11.01 14:19:34.161,1.23154,1.23166,1.50,2.07
2013.11.01 14:19:35.060,1.23154,1.23166,1.13,1.50
2013.11.01 14:19:40.160,1.23154,1.23167,4.13,2.25
2013.11.01 14:19:40.279,1.23155,1.23168,3.38,1.50
2013.11.01 14:19:43.604,1.23155,1.23168,3.64,1.50
2013.11.01 14:19:44.571,1.23157,1.2317,3.46,1.50
2013.11.01 14:19:44.809,1.23159,1.23172,3.00,3.38
2013.11.01 14:19:49.494,1.23159,1.23172,3.00,3.19
2013.11.01 14:19:49.562,1.23158,1.2317,1.50,1.69
2013.11.01 14:19:50.530,1.23158,1.2317,1.50,2.07
2013.11.01 14:19:51.069,1.23158,1.2317,3.00,1.69
2013.11.01 14:19:51.250,1.23159,1.23172,3.75,2.07
2013.11.01 14:19:51.789,1.23159,1.23172,3.38,1.50
2013.11.01 14:19:52.481,1.23159,1.23171,2.25,1.50
2013.11.01 14:19:53.022,1.23159,1.23171,2.25,1.69
2013.11.01 14:19:53.141,1.23158,1.2317,2.25,1.69
2013.11.01 14:19:55.542,1.23159,1.23172,3.75,2.07
2013.11.01 14:19:57.330,1.23159,1.23171,3.00,1.32
2013.11.01 14:19:57.390,1.23159,1.23171,3.00,1.13
2013.11.01 14:19:57.509,1.23159,1.23171,1.50,2.63
2013.11.01 14:19:58.049,1.23158,1.2317,2.25,1.50
2013.11.01 14:19:59.130,1.23158,1.2317,4.32,1.50
2013.11.01 14:20:00.602,1.23158,1.2317,3.38,1.69
2013.11.01 14:20:01.560,1.23158,1.2317,1.50,1.50
2013.11.01 14:20:02.173,1.23158,1.23169,3.00,1.32
2013.11.01 14:20:02.232,1.2316,1.23171,3.00,1.32
2013.11.01 14:20:03.220,1.2316,1.23171,3.00,1.32
2013.11.01 14:20:05.941,1.2316,1.23172,3.00,2.25
2013.11.01 14:20:06.120,1.2316,1.23172,3.00,2.82
2013.11.01 14:20:06.361,1.23162,1.23173,3.00,1.32
2013.11.01 14:20:06.842,1.23162,1.23171,1.50,2.82
2013.11.01 14:20:07.080,1.23162,1.23171,1.50,1.13
2013.11.01 14:20:07.263,1.23161,1.23171,1.50,1.69
2013.11.01 14:20:07.391,1.23161,1.23171,1.50,1.32
2013.11.01 14:20:07.510,1.23161,1.23171,1.50,1.13
2013.11.01 14:20:07.690,1.23161,1.23169,1.50,1.50
2013.11.01 14:20:13.311,1.23161,1.23171,1.50,1.50
2013.11.01 14:20:16.000,1.23161,1.23173,2.25,2.07
2013.11.01 14:20:17.220,1.23161,1.23173,1.50,2.07
2013.11.01 14:20:19.984,1.23162,1.23174,3.00,1.50
2013.11.01 14:20:20.545,1.23162,1.23174,3.00,1.50
2013.11.01 14:20:24.811,1.23162,1.23174,3.00,1.69
2013.11.01 14:20:25.951,1.23162,1.23174,3.00,1.69
2013.11.01 14:20:30.137,1.23162,1.23174,3.00,2.07
2013.11.01 14:20:30.321,1.23161,1.23173,3.00,2.82
2013.11.01 14:20:30.382,1.23161,1.23172,3.00,1.32
2013.11.01 14:20:30.860,1.23159,1.2317,2.25,2.44
2013.11.01 14:20:31.160,1.23159,1.2317,2.25,2.44
2013.11.01 14:20:31.583,1.23159,1.2317,1.50,2.44
2013.11.01 14:20:31.953,1.23159,1.23171,2.63,1.50
2013.11.01 14:20:32.510,1.2316,1.23172,4.50,1.32
2013.11.01 14:20:33.790,1.2316,1.23172,4.50,2.07
2013.11.01 14:20:34.150,1.2316,1.23172,3.75,3.19
2013.11.01 14:20:34.700,1.2316,1.23171,2.25,1.69
2013.11.01 14:20:35.192,1.2316,1.23173,4.88,2.44
2013.11.01 14:20:37.460,1.2316,1.23172,4.51,1.50
2013.11.01 14:20:37.971,1.2316,1.23169,3.38,1.50
2013.11.01 14:20:38.905,1.2316,1.2317,3.00,1.50
2013.11.01 14:20:42.702,1.23161,1.2317,2.26,1.50
2013.11.01 14:20:42.892,1.23161,1.23172,5.63,2.25
2013.11.01 14:20:43.074,1.23161,1.23172,5.26,1.50
2013.11.01 14:20:43.560,1.23161,1.23173,5.63,2.44
2013.11.01 14:20:46.499,1.23163,1.23174,5.26,1.69
2013.11.01 14:20:46.560,1.23164,1.23175,2.63,1.50
2013.11.01 14:20:46.620,1.23164,1.23177,4.13,2.44
2013.11.01 14:20:47.430,1.23164,1.23176,4.88,1.69
2013.11.01 14:20:47.611,1.23164,1.23173,1.50,1.50
2013.11.01 14:20:48.029,1.23163,1.23173,1.88,2.25
2013.11.01 14:20:49.429,1.23163,1.23171,3.75,1.50
2013.11.01 14:20:49.550,1.23164,1.23174,6.00,1.50
2013.11.01 14:20:49.614,1.23165,1.23175,4.50,1.50
2013.11.01 14:20:49.970,1.23165,1.23171,3.00,1.50
2013.11.01 14:20:55.071,1.23164,1.23171,1.50,1.50
2013.11.01 14:20:55.621,1.23163,1.23171,1.50,1.50
2013.11.01 14:20:59.420,1.23162,1.23171,3.19,1.50
2013.11.01 14:20:59.540,1.23163,1.23171,2.45,1.50
2013.11.01 14:20:59.601,1.23163,1.23171,1.50,1.50
2013.11.01 14:21:00.140,1.23162,1.23171,3.00,1.69
2013.11.01 14:21:00.500,1.23162,1.23171,1.50,1.50
2013.11.01 14:21:00.621,1.23162,1.23171,3.75,1.50
2013.11.01 14:21:15.002,1.23162,1.23171,1.50,1.50
2013.11.01 14:21:15.661,1.23162,1.23172,1.69,1.50
2013.11.01 14:21:16.202,1.23163,1.23171,3.38,1.50
2013.11.01 14:21:16.800,1.23163,1.23174,3.19,1.50
2013.11.01 14:21:16.863,1.23163,1.23175,3.19,1.50
2013.11.01 14:21:16.933,1.23163,1.23171,3.94,1.50
2013.11.01 14:21:17.291,1.23163,1.2317,3.00,1.13
2013.11.01 14:21:17.650,1.23158,1.23166,2.10,1.50
2013.11.01 14:21:17.711,1.23158,1.23166,1.50,1.50
2013.11.01 14:21:17.770,1.23155,1.23165,1.50,2.25
2013.11.01 14:21:18.311,1.23152,1.23161,2.25,1.50
2013.11.01 14:21:18.794,1.23153,1.23161,3.00,1.50
2013.11.01 14:21:19.222,1.23152,1.23161,1.50,1.50
2013.11.01 14:21:19.882,1.23153,1.23161,2.82,1.50
2013.11.01 14:21:20.242,1.23155,1.23163,3.57,1.50
2013.11.01 14:21:33.185,1.23155,1.23163,4.70,1.69
2013.11.01 14:21:33.729,1.23155,1.23163,3.95,1.50
2013.11.01 14:21:38.140,1.23155,1.23163,4.70,1.69
2013.11.01 14:21:38.680,1.23155,1.23163,3.95,1.50
2013.11.01 14:21:40.861,1.23156,1.23163,4.50,1.50
2013.11.01 14:21:40.920,1.23156,1.23168,4.88,1.50
2013.11.01 14:21:41.461,1.23157,1.23168,3.75,1.69
2013.11.01 14:21:44.604,1.23157,1.23168,3.75,2.07
2013.11.01 14:21:46.610,1.23157,1.23168,3.75,1.69
2013.11.01 14:21:47.833,1.23157,1.23168,2.25,1.69
2013.11.01 14:21:48.444,1.23157,1.23166,2.25,2.25
2013.11.01 14:21:48.632,1.23153,1.23165,3.75,1.50
2013.11.01 14:21:48.810,1.23153,1.23165,2.25,1.69
2013.11.01 14:21:49.125,1.23153,1.23165,1.88,3.00
2013.11.01 14:21:50.192,1.23149,1.2316,1.13,2.07
2013.11.01 14:21:50.492,1.23149,1.23158,1.13,1.32
2013.11.01 14:21:50.551,1.23149,1.23158,1.13,1.02
2013.11.01 14:21:50.610,1.23149,1.2316,1.13,1.69
2013.11.01 14:21:50.790,1.23149,1.2316,1.13,2.07
2013.11.01 14:21:51.030,1.23149,1.23161,3.38,2.07
2013.11.01 14:21:51.210,1.23149,1.23162,5.86,1.69
2013.11.01 14:21:51.270,1.2315,1.23163,5.25,2.07
2013.11.01 14:21:51.451,1.23151,1.23163,3.01,1.69
2013.11.01 14:21:51.870,1.23152,1.23163,4.88,1.69
2013.11.01 14:21:52.640,1.23152,1.23163,5.25,1.69
2013.11.01 14:21:53.294,1.23152,1.23162,4.88,1.32
2013.11.01 14:21:53.420,1.23152,1.23163,4.13,1.69
2013.11.01 14:21:58.340,1.23152,1.23163,1.88,1.69
2013.11.01 14:21:58.841,1.23152,1.23163,1.88,1.69
2013.11.01 14:21:58.961,1.23152,1.23164,5.45,1.50
2013.11.01 14:21:59.020,1.23155,1.23164,2.26,1.69
2013.11.01 14:21:59.501,1.23155,1.23164,1.13,1.32
2013.11.01 14:21:59.622,1.23155,1.23162,1.50,1.13
2013.11.01 14:21:59.800,1.23151,1.23162,2.63,2.07
2013.11.01 14:22:00.350,1.23151,1.23162,2.63,2.07
2013.11.01 14:22:01.410,1.23151,1.23162,2.63,2.07
2013.11.01 14:22:01.471,1.23151,1.23162,2.63,1.69
2013.11.01 14:22:01.530,1.23151,1.23162,2.25,2.07
2013.11.01 14:22:02.015,1.23151,1.23161,3.76,1.32
2013.11.01 14:22:02.144,1.23151,1.2316,2.63,1.32
2013.11.01 14:22:02.203,1.23151,1.2316,3.38,1.32
2013.11.01 14:22:02.636,1.2315,1.23162,1.13,3.00
2013.11.01 14:22:02.761,1.2315,1.23162,2.25,2.07
2013.11.01 14:22:02.881,1.2315,1.2316,1.88,1.32
2013.11.01 14:22:03.001,1.2315,1.23162,2.25,2.44
2013.11.01 14:22:03.300,1.2315,1.23162,3.38,1.69
2013.11.01 14:22:04.490,1.23152,1.23163,3.00,1.69
2013.11.01 14:22:04.791,1.23152,1.23162,1.88,1.32
2013.11.01 14:22:05.331,1.23151,1.23162,1.88,2.25
2013.11.01 14:22:05.390,1.23151,1.23163,1.88,2.82
2013.11.01 14:22:05.871,1.23151,1.23162,3.01,1.32
2013.11.01 14:22:06.110,1.23151,1.23163,3.01,2.44
2013.11.01 14:22:07.361,1.23151,1.23162,3.01,1.32
2013.11.01 14:22:10.491,1.23151,1.23163,3.01,2.44
2013.11.01 14:22:10.850,1.23151,1.23162,3.01,1.32
2013.11.01 14:22:11.662,1.23151,1.23162,3.01,1.32
2013.11.01 14:22:11.841,1.23151,1.23163,3.01,2.44
2013.11.01 14:22:12.080,1.23151,1.23162,3.01,1.32
2013.11.01 14:22:12.440,1.23153,1.23163,4.88,1.69
2013.11.01 14:22:12.500,1.23155,1.23163,3.75,2.25
2013.11.01 14:22:12.680,1.23158,1.23166,3.00,1.69
2013.11.01 14:22:14.711,1.23156,1.23163,2.25,1.69
2013.11.01 14:22:14.830,1.23152,1.23163,3.38,1.69
2013.11.01 14:22:15.370,1.23152,1.23163,3.38,1.50
2013.11.01 14:22:15.920,1.23152,1.23163,4.13,1.69
2013.11.01 14:22:21.182,1.23152,1.23163,4.13,1.50
2013.11.01 14:22:23.162,1.23152,1.23163,4.13,2.07
2013.11.01 14:22:23.521,1.23152,1.23162,2.25,1.32
2013.11.01 14:22:24.012,1.23152,1.23164,2.25,1.88
2013.11.01 14:22:24.252,1.23152,1.23161,1.50,1.50
2013.11.01 14:22:24.612,1.23151,1.23162,1.88,1.32
2013.11.01 14:22:25.331,1.23151,1.23162,2.26,2.07
2013.11.01 14:22:25.572,1.23151,1.23161,1.13,2.89
2013.11.01 14:22:28.611,1.23151,1.23161,1.88,1.69
2013.11.01 14:22:28.791,1.23151,1.2316,1.88,1.32
2013.11.01 14:22:28.911,1.23151,1.23161,1.88,1.69
2013.11.01 14:22:29.031,1.23151,1.2316,1.88,1.32
2013.11.01 14:22:29.214,1.23151,1.23161,1.88,1.69
2013.11.01 14:22:32.370,1.23151,1.2316,1.13,1.69
2013.11.01 14:22:32.551,1.23151,1.23161,1.13,3.19
2013.11.01 14:22:32.673,1.23151,1.2316,1.13,1.32
2013.11.01 14:22:34.760,1.23151,1.2316,1.13,1.32
2013.11.01 14:22:35.311,1.23151,1.23162,1.88,2.07
2013.11.01 14:22:35.371,1.23151,1.23162,1.88,2.82
2013.11.01 14:22:35.672,1.23151,1.2316,1.88,2.25
2013.11.01 14:22:35.740,1.23151,1.2316,1.88,1.32
2013.11.01 14:22:39.851,1.23151,1.2316,1.13,1.50
2013.11.01 14:22:39.973,1.23151,1.23162,1.88,1.32
2013.11.01 14:22:41.745,1.23151,1.23162,1.88,1.32
2013.11.01 14:22:43.141,1.23149,1.23158,2.25,1.32
2013.11.01 14:22:43.260,1.23149,1.23162,4.51,2.07
2013.11.01 14:22:43.440,1.23149,1.23162,4.51,2.07
2013.11.01 14:22:43.800,1.2315,1.23161,2.63,1.32
2013.11.01 14:22:44.101,1.2315,1.23162,1.88,2.07
2013.11.01 14:22:44.700,1.2315,1.23161,1.88,1.32
2013.11.01 14:22:45.190,1.2315,1.2316,1.50,1.32
2013.11.01 14:22:45.490,1.23149,1.23157,1.50,2.07
2013.11.01 14:22:45.922,1.23147,1.23157,1.13,2.07
2013.11.01 14:22:46.220,1.23144,1.23157,2.63,2.82
2013.11.01 14:22:46.760,1.23144,1.23156,1.88,2.82
2013.11.01 14:22:47.301,1.23143,1.23154,1.13,1.69
2013.11.01 14:22:49.721,1.23141,1.23153,2.25,1.69
2013.11.01 14:22:49.843,1.23141,1.23153,2.26,2.07
2013.11.01 14:22:50.080,1.23141,1.23153,2.26,1.69
2013.11.01 14:22:50.140,1.23141,1.23153,2.25,1.69
2013.11.01 14:22:50.681,1.23141,1.23153,2.25,2.07
2013.11.01 14:22:51.931,1.23141,1.23153,2.25,1.69
2013.11.01 14:22:52.631,1.23141,1.23153,1.88,2.07
2013.11.01 14:22:53.050,1.23141,1.23153,1.88,1.69
2013.11.01 14:22:54.440,1.23141,1.23153,1.88,2.82
2013.11.01 14:22:54.971,1.23141,1.23153,1.88,2.82
2013.11.01 14:23:01.721,1.23141,1.23153,1.50,1.69
2013.11.01 14:23:02.081,1.23138,1.23149,1.50,1.69
2013.11.01 14:23:02.380,1.23136,1.23148,2.25,1.50
2013.11.01 14:23:03.912,1.23136,1.23148,2.25,1.32
2013.11.01 14:23:04.091,1.23136,1.23148,2.25,1.50
2013.11.01 14:23:04.462,1.23136,1.23148,2.25,2.07
2013.11.01 14:23:04.642,1.23136,1.23148,2.25,1.50
2013.11.01 14:23:05.502,1.23136,1.23148,2.25,2.07
2013.11.01 14:23:05.681,1.23136,1.23149,2.25,2.44
2013.11.01 14:23:05.982,1.23136,1.23148,2.25,2.07
2013.11.01 14:23:06.161,1.23136,1.23149,2.25,2.44
2013.11.01 14:23:06.471,1.23136,1.23148,2.25,1.32
2013.11.01 14:23:06.710,1.23136,1.23149,2.25,2.44
2013.11.01 14:23:07.193,1.23136,1.23148,2.25,1.32
2013.11.01 14:23:07.310,1.23136,1.23148,2.25,1.50
2013.11.01 14:23:07.671,1.23136,1.23148,2.25,1.32
2013.11.01 14:23:07.731,1.23136,1.23149,2.25,2.44
2013.11.01 14:23:07.971,1.23136,1.23148,2.25,2.07
2013.11.01 14:23:08.623,1.23136,1.23148,2.25,1.50
2013.11.01 14:23:08.921,1.23136,1.23148,2.25,2.07
2013.11.01 14:23:10.301,1.23136,1.23149,2.25,2.44
2013.11.01 14:23:10.482,1.23136,1.23142,1.13,1.50
2013.11.01 14:23:10.841,1.2313,1.23135,1.50,1.50
2013.11.01 14:23:10.903,1.23129,1.23137,1.50,1.32
2013.11.01 14:23:10.963,1.23128,1.23135,1.50,1.32
2013.11.01 14:23:11.083,1.23128,1.23138,1.50,1.32
2013.11.01 14:23:11.201,1.23128,1.23138,5.26,1.69
2013.11.01 14:23:11.801,1.23128,1.23136,1.50,1.69
2013.11.01 14:23:11.861,1.23128,1.23137,1.50,1.32
2013.11.01 14:23:11.981,1.23128,1.23137,1.50,1.69
2013.11.01 14:23:12.282,1.23126,1.23134,1.50,1.32
2013.11.01 14:23:12.821,1.23124,1.23135,2.82,1.32
2013.11.01 14:23:13.180,1.23124,1.23135,4.32,1.50
2013.11.01 14:23:13.782,1.23125,1.23138,4.70,2.44
2013.11.01 14:23:16.155,1.23125,1.23138,4.69,2.44
2013.11.01 14:23:16.724,1.23126,1.23138,3.00,1.69
2013.11.01 14:23:20.362,1.23126,1.23138,4.13,2.07
2013.11.01 14:23:20.484,1.23127,1.23138,3.75,2.82
2013.11.01 14:23:20.792,1.23127,1.23137,3.75,1.32
2013.11.01 14:23:20.852,1.23127,1.23138,3.75,2.82
2013.11.01 14:23:21.391,1.23128,1.23137,3.00,1.32
2013.11.01 14:23:22.514,1.23128,1.23138,3.00,1.69
2013.11.01 14:23:22.824,1.23128,1.2314,1.13,1.50
2013.11.01 14:23:22.891,1.23128,1.23142,3.38,1.50
2013.11.01 14:23:23.192,1.23128,1.23142,3.00,2.44
2013.11.01 14:23:24.830,1.23128,1.23141,3.00,1.32
2013.11.01 14:23:25.582,1.23128,1.23142,3.38,1.50
2013.11.01 14:23:25.823,1.23128,1.23139,2.63,1.32
2013.11.01 14:23:25.881,1.23126,1.23138,2.25,1.32
2013.11.01 14:23:26.001,1.23126,1.2314,3.00,3.19
2013.11.01 14:23:26.241,1.23126,1.23141,4.88,1.69
2013.11.01 14:23:26.900,1.23128,1.23143,4.32,2.25
2013.11.01 14:23:29.880,1.23129,1.23143,3.95,2.25
2013.11.01 14:23:29.940,1.23129,1.23143,3.76,1.88
2013.11.01 14:23:30.121,1.23131,1.23144,2.63,1.69
2013.11.01 14:23:30.661,1.23131,1.23144,2.63,2.07
2013.11.01 14:23:31.731,1.23131,1.23144,2.25,2.44
2013.11.01 14:23:32.152,1.23131,1.23141,2.25,1.32
2013.11.01 14:23:32.511,1.23126,1.23134,1.50,2.44
2013.11.01 14:23:32.811,1.23123,1.23136,1.50,2.82
2013.11.01 14:23:33.371,1.23123,1.23136,3.60,2.07
2013.11.01 14:23:34.746,1.23123,1.23134,3.60,1.32
2013.11.01 14:23:35.171,1.23123,1.23131,2.48,1.09
2013.11.01 14:23:35.232,1.23121,1.23131,2.63,1.09
2013.11.01 14:23:35.292,1.23121,1.23131,4.50,1.09
2013.11.01 14:23:35.412,1.23123,1.23132,6.38,1.84
2013.11.01 14:23:35.711,1.23125,1.23135,2.63,1.47
2013.11.01 14:23:36.391,1.23126,1.23138,2.26,1.69
2013.11.01 14:23:36.630,1.23125,1.23138,1.50,2.44
2013.11.01 14:23:36.811,1.23125,1.23137,1.50,1.32
2013.11.01 14:23:37.172,1.23125,1.23131,1.13,1.09
2013.11.01 14:23:37.781,1.23121,1.23131,1.13,1.09
2013.11.01 14:23:38.441,1.2312,1.23131,2.63,1.09
2013.11.01 14:23:38.691,1.2312,1.23131,2.63,1.09
2013.11.01 14:23:39.261,1.2312,1.23133,3.38,1.50
2013.11.01 14:23:39.910,1.23121,1.23135,3.38,1.50
2013.11.01 14:23:40.237,1.23123,1.23137,3.38,1.69
2013.11.01 14:23:40.563,1.23123,1.23136,2.63,1.32
2013.11.01 14:23:40.681,1.23123,1.23137,4.13,1.69
2013.11.01 14:23:40.862,1.23123,1.23136,4.13,1.32
2013.11.01 14:23:40.982,1.23123,1.23137,2.63,1.69
2013.11.01 14:23:41.341,1.23124,1.23139,5.63,1.69
2013.11.01 14:23:41.861,1.23124,1.23136,3.75,1.32
2013.11.01 14:23:42.102,1.23124,1.23137,3.38,1.69
2013.11.01 14:23:42.607,1.23124,1.23139,4.88,1.69
2013.11.01 14:23:44.742,1.23122,1.23132,1.50,1.50
2013.11.01 14:23:44.982,1.2312,1.23131,1.13,3.57
2013.11.01 14:23:45.643,1.23119,1.23128,2.63,1.50
2013.11.01 14:23:47.001,1.23119,1.23129,1.13,1.50
2013.11.01 14:23:47.360,1.2312,1.23133,4.73,1.32
2013.11.01 14:23:47.901,1.23121,1.23133,2.26,1.32
2013.11.01 14:23:49.102,1.23121,1.23133,2.26,1.32
2013.11.01 14:23:49.461,1.23121,1.23133,1.88,1.32
2013.11.01 14:23:50.000,1.23121,1.23131,1.13,1.32
2013.11.01 14:23:50.242,1.23121,1.23132,1.13,2.07
2013.11.01 14:23:50.722,1.23121,1.23133,1.88,1.32
2013.11.01 14:23:53.274,1.23121,1.23132,1.13,2.07
2013.11.01 14:23:53.402,1.23121,1.23132,1.88,1.69
2013.11.01 14:23:53.521,1.23121,1.23132,1.88,1.69
2013.11.01 14:23:54.062,1.23121,1.23134,3.76,1.69
2013.11.01 14:23:54.723,1.23121,1.23134,3.01,2.07
2013.11.01 14:23:55.082,1.23121,1.23133,1.88,1.32
2013.11.01 14:23:55.201,1.23121,1.23133,2.63,1.84
2013.11.01 14:23:55.383,1.23121,1.23133,2.63,1.32
2013.11.01 14:23:56.191,1.23121,1.23133,2.63,1.32
2013.11.01 14:23:56.731,1.23121,1.23133,2.63,1.32
2013.11.01 14:23:58.551,1.23121,1.23133,2.63,1.32
2013.11.01 14:23:58.611,1.23121,1.23133,2.63,1.32
2013.11.01 14:24:02.202,1.23121,1.23133,3.00,1.32
2013.11.01 14:24:02.263,1.23121,1.23133,4.50,1.32
2013.11.01 14:24:02.383,1.23121,1.23134,4.50,1.69
2013.11.01 14:24:02.562,1.23121,1.23133,4.88,1.32
2013.11.01 14:24:02.863,1.23121,1.23134,5.26,1.50
2013.11.01 14:24:03.334,1.23121,1.23134,3.76,1.69
2013.11.01 14:24:03.543,1.23122,1.23136,4.50,1.69
2013.11.01 14:24:03.853,1.23121,1.23132,1.88,1.32
2013.11.01 14:24:05.041,1.23121,1.23134,2.63,1.69
2013.11.01 14:24:05.654,1.23121,1.23134,2.63,1.69
2013.11.01 14:24:07.876,1.23121,1.23134,2.63,1.32
2013.11.01 14:24:07.941,1.23122,1.23136,3.00,2.44
2013.11.01 14:24:08.301,1.23122,1.23136,3.75,1.69
2013.11.01 14:24:08.661,1.23122,1.23136,4.50,3.38
2013.11.01 14:24:10.921,1.23122,1.23136,4.88,1.32
2013.11.01 14:24:11.508,1.23122,1.23134,2.63,1.32
2013.11.01 14:24:11.890,1.23122,1.23136,4.32,1.50
2013.11.01 14:24:12.071,1.23126,1.23139,2.63,1.69
2013.11.01 14:24:12.431,1.23128,1.23141,4.13,1.32
2013.11.01 14:24:13.041,1.23129,1.23142,3.38,1.32
2013.11.01 14:24:15.003,1.23129,1.23143,4.13,1.32
2013.11.01 14:24:16.843,1.23129,1.23138,1.50,1.50
2013.11.01 14:24:17.081,1.23126,1.23133,1.88,1.09
2013.11.01 14:24:17.621,1.23126,1.23133,1.13,1.09
2013.11.01 14:24:17.744,1.23126,1.23135,1.13,1.84
2013.11.01 14:24:17.871,1.23126,1.23136,1.13,2.07
2013.11.01 14:24:17.931,1.23126,1.23136,1.13,1.50
2013.11.01 14:24:18.171,1.23126,1.23135,2.25,1.32
2013.11.01 14:24:20.186,1.23126,1.23138,3.00,1.84
2013.11.01 14:24:20.373,1.23128,1.2314,3.75,1.24
2013.11.01 14:24:20.433,1.23129,1.23138,3.00,1.09
2013.11.01 14:24:20.621,1.23127,1.23138,2.25,1.09
2013.11.01 14:24:20.863,1.23127,1.23138,2.25,1.09
2013.11.01 14:24:21.584,1.23128,1.2314,3.00,1.84
2013.11.01 14:24:21.705,1.23128,1.2314,5.25,1.32
2013.11.01 14:24:22.251,1.23129,1.23141,3.00,1.32
2013.11.01 14:24:22.672,1.23129,1.23142,3.75,1.32
2013.11.01 14:24:22.973,1.23131,1.23143,3.00,2.44
2013.11.01 14:24:23.093,1.23131,1.23143,3.00,1.13
2013.11.01 14:24:23.331,1.23133,1.23146,3.00,2.07
2013.11.01 14:24:24.033,1.23129,1.23139,1.50,1.50
2013.11.01 14:24:24.153,1.23131,1.23138,3.00,1.50
2013.11.01 14:24:24.452,1.23128,1.23141,1.50,2.82
2013.11.01 14:24:24.636,1.23129,1.23143,3.75,2.07
2013.11.01 14:24:30.681,1.23129,1.23143,5.25,1.69
2013.11.01 14:24:40.734,1.23131,1.23145,3.00,3.19
2013.11.01 14:24:44.331,1.23131,1.23144,3.00,1.32
2013.11.01 14:24:44.631,1.23129,1.23139,1.13,2.07
2013.11.01 14:24:45.860,1.23127,1.23139,1.50,1.69
2013.11.01 14:24:45.920,1.23127,1.23139,1.50,1.69
2013.11.01 14:24:53.731,1.23127,1.23139,1.50,1.32
2013.11.01 14:24:54.210,1.23127,1.2314,1.50,3.57
2013.11.01 14:24:54.722,1.23127,1.23139,1.50,1.13
2013.11.01 14:24:57.472,1.23127,1.23138,1.50,1.13
2013.11.01 14:24:57.831,1.23125,1.23135,1.13,1.32
2013.11.01 14:25:00.704,1.23125,1.23137,1.13,1.69
2013.11.01 14:25:01.181,1.23125,1.23137,1.13,1.13
2013.11.01 14:25:01.961,1.23125,1.23139,5.25,1.88
2013.11.01 14:25:02.483,1.23127,1.23139,3.00,1.13
2013.11.01 14:25:03.831,1.23127,1.23139,3.00,2.07
2013.11.01 14:25:04.132,1.23127,1.23135,3.00,1.32
2013.11.01 14:25:04.190,1.23127,1.23136,3.75,1.88
2013.11.01 14:25:05.241,1.23127,1.23136,1.50,1.50
2013.11.01 14:25:06.242,1.23127,1.23139,1.50,1.32
2013.11.01 14:25:06.481,1.23127,1.23139,3.00,1.13
2013.11.01 14:25:06.661,1.23126,1.23139,2.63,1.88
2013.11.01 14:25:08.590,1.23126,1.23139,4.13,1.88
2013.11.01 14:25:09.012,1.23127,1.23136,3.00,1.50
2013.11.01 14:25:10.961,1.23127,1.23141,3.75,3.19
2013.11.01 14:25:11.701,1.23127,1.23141,3.75,3.19
2013.11.01 14:25:11.761,1.23127,1.23141,3.75,3.19
2013.11.01 14:25:11.880,1.23126,1.23139,2.63,1.88
2013.11.01 14:25:13.081,1.23126,1.23139,4.13,1.32
2013.11.01 14:25:13.620,1.23127,1.23139,3.00,1.32
2013.11.01 14:25:14.160,1.23127,1.23139,3.00,1.32
2013.11.01 14:25:16.262,1.23127,1.23139,3.00,1.32
2013.11.01 14:25:16.384,1.23127,1.23139,1.50,2.82
2013.11.01 14:25:16.681,1.23126,1.23138,1.32,1.88
2013.11.01 14:25:17.667,1.23126,1.23137,1.13,1.13
2013.11.01 14:25:18.176,1.23126,1.23138,1.13,2.07
2013.11.01 14:25:18.304,1.23126,1.23138,1.13,1.69
2013.11.01 14:25:20.014,1.23126,1.23139,2.63,3.57
2013.11.01 14:25:20.141,1.23126,1.23139,3.20,3.00
2013.11.01 14:25:20.261,1.23126,1.23139,2.25,3.19
2013.11.01 14:25:20.320,1.23126,1.23136,1.50,1.13
2013.11.01 14:25:20.681,1.23126,1.23136,1.88,1.69
2013.11.01 14:25:20.745,1.23126,1.23136,2.63,1.69
2013.11.01 14:25:20.873,1.23126,1.23139,2.63,3.19
2013.11.01 14:25:20.936,1.23126,1.23136,1.88,1.69
2013.11.01 14:25:21.072,1.23126,1.23136,1.13,1.69
2013.11.01 14:25:21.250,1.23126,1.23136,1.13,1.32
2013.11.01 14:25:21.611,1.23126,1.23138,1.13,3.19
2013.11.01 14:25:21.731,1.23126,1.23137,1.13,1.32
2013.11.01 14:25:22.152,1.23126,1.23137,1.13,1.69
2013.11.01 14:25:23.880,1.23126,1.23138,1.13,2.07
2013.11.01 14:25:24.002,1.23126,1.23138,1.13,2.07
2013.11.01 14:25:24.970,1.23126,1.23139,2.63,1.69
2013.11.01 14:25:27.553,1.23126,1.23139,2.63,2.07
2013.11.01 14:25:27.971,1.23126,1.23137,2.63,1.69
2013.11.01 14:25:28.151,1.23126,1.23137,1.13,2.44
2013.11.01 14:25:29.220,1.23124,1.23137,2.25,3.19
2013.11.01 14:25:29.281,1.23124,1.23137,2.63,3.19
2013.11.01 14:25:29.832,1.23124,1.23137,2.25,3.19
2013.11.01 14:25:30.380,1.23124,1.23135,1.13,1.32
2013.11.01 14:25:30.501,1.23123,1.23135,3.23,1.32
2013.11.01 14:25:31.041,1.23123,1.23135,3.23,1.69
2013.11.01 14:25:31.252,1.23123,1.23135,3.23,1.32
2013.11.01 14:25:31.733,1.23123,1.23135,3.23,1.13
2013.11.01 14:25:31.972,1.23123,1.23136,3.61,1.69
2013.11.01 14:25:32.153,1.23123,1.23135,3.61,1.32
2013.11.01 14:25:34.462,1.23124,1.23137,2.63,1.69
2013.11.01 14:25:35.001,1.23124,1.23138,3.38,3.19
2013.11.01 14:25:35.592,1.23124,1.23138,3.01,2.07
2013.11.01 14:25:35.654,1.23124,1.23138,3.01,2.07
2013.11.01 14:25:36.683,1.23124,1.23138,3.01,1.69
2013.11.01 14:25:36.743,1.23124,1.23138,3.01,1.69
2013.11.01 14:25:39.220,1.23125,1.23139,4.13,1.88
2013.11.01 14:25:41.151,1.23125,1.23139,4.13,2.63
2013.11.01 14:25:41.453,1.23124,1.23134,1.88,1.32
2013.11.01 14:25:41.970,1.23122,1.23133,1.13,1.32
2013.11.01 14:25:42.090,1.23121,1.23133,1.88,1.69
2013.11.01 14:25:45.020,1.23121,1.23133,1.88,1.32
2013.11.01 14:25:46.001,1.23121,1.23133,1.88,1.69
2013.11.01 14:25:46.544,1.23121,1.23133,1.88,1.69
2013.11.01 14:25:47.323,1.23121,1.23132,1.88,1.32
2013.11.01 14:25:53.174,1.23121,1.23133,3.00,1.13
2013.11.01 14:25:53.949,1.23121,1.23133,5.45,1.13
2013.11.01 14:25:54.035,1.23121,1.23136,5.26,1.69
2013.11.01 14:25:54.583,1.23121,1.23135,4.51,1.50
2013.11.01 14:25:54.762,1.23122,1.23137,4.13,1.69
2013.11.01 14:25:55.013,1.23122,1.23136,3.00,3.19
2013.11.01 14:25:55.072,1.23122,1.23136,3.00,2.44
2013.11.01 14:25:55.135,1.23121,1.23135,2.25,1.69
2013.11.01 14:25:55.203,1.23121,1.23135,2.82,1.50
2013.11.01 14:25:55.322,1.23122,1.23137,3.95,3.00
2013.11.01 14:25:55.861,1.23122,1.23135,3.00,1.69
2013.11.01 14:25:56.041,1.23122,1.23136,4.13,1.32
2013.11.01 14:25:56.101,1.23122,1.23137,4.13,3.19
2013.11.01 14:25:57.441,1.23123,1.23138,4.32,2.63
2013.11.01 14:25:57.501,1.23124,1.23138,3.19,1.13
2013.11.01 14:25:58.192,1.23125,1.23139,3.95,1.50
2013.11.01 14:25:58.432,1.23127,1.23142,5.07,1.50
2013.11.01 14:25:58.742,1.23129,1.23143,3.19,1.88
2013.11.01 14:25:59.302,1.23129,1.23143,4.50,1.32
2013.11.01 14:26:00.692,1.23129,1.23143,4.50,1.69
2013.11.01 14:26:01.531,1.23128,1.23142,1.88,2.82
2013.11.01 14:26:02.281,1.23128,1.23139,1.50,1.69
2013.11.01 14:26:02.643,1.23128,1.23141,1.50,1.13
2013.11.01 14:26:02.702,1.23128,1.23141,1.50,1.69
2013.11.01 14:26:03.302,1.23127,1.2314,1.50,1.69
2013.11.01 14:26:03.605,1.23127,1.23141,3.94,1.13
2013.11.01 14:26:04.912,1.23127,1.2314,3.75,1.69
2013.11.01 14:26:05.032,1.23127,1.2314,3.75,2.07
2013.11.01 14:26:05.151,1.23127,1.2314,1.50,2.82
2013.11.01 14:26:05.941,1.23127,1.23138,1.50,1.32
2013.11.01 14:26:06.871,1.23125,1.23138,1.88,1.69
2013.11.01 14:26:07.351,1.23125,1.23138,1.88,2.07
2013.11.01 14:26:07.471,1.23125,1.23139,3.38,1.69
2013.11.01 14:26:07.532,1.23125,1.23139,4.13,2.07
2013.11.01 14:26:07.595,1.23124,1.23136,1.13,1.69
2013.11.01 14:26:09.101,1.23122,1.23134,2.25,1.32
2013.11.01 14:26:09.342,1.23122,1.23134,1.50,1.32
2013.11.01 14:26:09.460,1.23122,1.23136,3.75,2.63
2013.11.01 14:26:10.193,1.23122,1.23136,4.32,2.25
2013.11.01 14:26:10.732,1.23122,1.23137,4.32,1.50
2013.11.01 14:26:10.995,1.23123,1.23138,4.32,2.63
2013.11.01 14:26:15.912,1.23124,1.23138,4.88,1.69
2013.11.01 14:26:16.462,1.23124,1.23136,4.88,1.50
2013.11.01 14:26:17.071,1.23124,1.23133,4.50,1.50
2013.11.01 14:26:17.322,1.23124,1.23133,1.50,1.50
2013.11.01 14:26:17.441,1.23124,1.23136,1.50,2.44
2013.11.01 14:26:23.651,1.23124,1.23136,3.00,1.69
2013.11.01 14:26:25.541,1.23124,1.23137,4.50,1.32
2013.11.01 14:26:26.081,1.23125,1.23138,3.75,2.44
2013.11.01 14:26:26.261,1.23125,1.23137,1.50,1.69
2013.11.01 14:26:26.888,1.23125,1.23137,1.50,1.50
2013.11.01 14:26:27.036,1.23125,1.23136,1.50,1.69
2013.11.01 14:26:27.102,1.23125,1.23136,1.50,1.32
2013.11.01 14:26:27.343,1.23125,1.23138,1.50,1.69
2013.11.01 14:26:27.582,1.23125,1.23139,3.00,2.07
2013.11.01 14:26:27.642,1.23125,1.23139,3.00,2.44
2013.11.01 14:26:29.831,1.23125,1.23139,3.00,2.07
2013.11.01 14:26:30.433,1.23125,1.23139,3.00,2.07
2013.11.01 14:26:31.001,1.23125,1.23139,2.25,2.07
2013.11.01 14:26:31.599,1.23125,1.23139,1.50,2.07
2013.11.01 14:26:32.661,1.23125,1.23139,1.50,2.07
2013.11.01 14:26:36.073,1.23125,1.23139,2.82,1.88
2013.11.01 14:26:36.194,1.23125,1.23139,2.25,2.07
2013.11.01 14:26:36.432,1.23125,1.23138,1.69,1.13
2013.11.01 14:26:36.611,1.23123,1.23136,3.00,1.32
2013.11.01 14:26:36.852,1.23125,1.23139,3.57,2.25
2013.11.01 14:26:37.092,1.23125,1.23139,2.63,2.07
2013.11.01 14:26:37.700,1.23125,1.23139,3.19,1.50
2013.11.01 14:26:38.202,1.23125,1.23139,1.88,2.25
2013.11.01 14:26:38.622,1.23125,1.23137,1.69,1.50
2013.11.01 14:26:38.742,1.23125,1.23139,3.19,1.50
2013.11.01 14:26:39.341,1.23125,1.2314,6.19,1.88
2013.11.01 14:26:39.885,1.23126,1.2314,4.69,1.13
2013.11.01 14:26:42.803,1.23126,1.2314,2.44,2.63
2013.11.01 14:26:43.163,1.23125,1.23139,1.88,1.69
2013.11.01 14:26:43.282,1.23125,1.23139,2.44,1.50
2013.11.01 14:26:43.883,1.23125,1.23137,2.45,1.50
2013.11.01 14:26:44.421,1.23125,1.23139,1.88,1.50
2013.11.01 14:26:44.964,1.23125,1.23139,2.63,1.69
2013.11.01 14:26:45.512,1.23125,1.23139,3.38,1.50
2013.11.01 14:26:45.691,1.23126,1.23141,4.13,1.69
2013.11.01 14:26:46.943,1.23126,1.2314,3.38,1.69
2013.11.01 14:26:47.783,1.23126,1.23139,2.82,1.50
2013.11.01 14:26:49.102,1.23126,1.23141,5.44,1.88
2013.11.01 14:26:50.418,1.23126,1.23141,5.25,2.44
2013.11.01 14:26:50.791,1.23126,1.23141,4.50,2.07
2013.11.01 14:26:51.851,1.23126,1.23141,4.50,2.44
2013.11.01 14:26:52.341,1.23126,1.23141,4.50,2.07
2013.11.01 14:26:53.854,1.23126,1.2314,4.50,2.07
2013.11.01 14:26:53.973,1.23126,1.2314,3.75,1.32
2013.11.01 14:26:54.211,1.23126,1.23139,1.88,2.07
2013.11.01 14:26:54.752,1.23126,1.23139,1.88,1.69
2013.11.01 14:26:55.651,1.23126,1.23139,2.44,1.50
2013.11.01 14:26:55.831,1.23126,1.23139,3.01,1.50
2013.11.01 14:26:55.891,1.23126,1.23139,3.57,1.50
2013.11.01 14:26:56.011,1.23126,1.23139,3.20,1.50
2013.11.01 14:26:56.372,1.23126,1.23139,3.57,1.50
2013.11.01 14:26:56.911,1.23126,1.23141,4.50,2.44
2013.11.01 14:26:59.434,1.23127,1.23141,2.63,1.50
2013.11.01 14:26:59.612,1.23126,1.23139,1.32,1.50
2013.11.01 14:26:59.673,1.23126,1.23139,1.32,1.50
2013.11.01 14:26:59.914,1.23126,1.23138,1.13,1.32
2013.11.01 14:27:00.272,1.23123,1.23136,1.50,1.69
2013.11.01 14:27:00.332,1.23123,1.23136,1.50,1.69
2013.11.01 14:27:00.451,1.23123,1.23136,1.50,1.69
2013.11.01 14:27:00.991,1.23123,1.23136,1.50,1.32
2013.11.01 14:27:01.532,1.23124,1.23139,5.07,1.50
2013.11.01 14:27:01.772,1.23126,1.2314,3.00,1.13
2013.11.01 14:27:05.001,1.23126,1.2314,3.57,1.13
2013.11.01 14:27:06.271,1.23126,1.2314,3.19,1.13
2013.11.01 14:27:16.251,1.23126,1.2314,3.00,2.63
2013.11.01 14:27:16.791,1.23127,1.23141,3.20,1.50
2013.11.01 14:27:17.454,1.23128,1.23142,2.82,2.25
2013.11.01 14:27:17.514,1.23128,1.23143,5.07,1.50
2013.11.01 14:27:22.682,1.23128,1.23143,4.88,2.82
2013.11.01 14:27:23.250,1.23128,1.23141,1.88,1.69
2013.11.01 14:27:25.021,1.23128,1.23141,1.88,1.69
2013.11.01 14:27:34.891,1.23128,1.23141,2.63,1.69
2013.11.01 14:27:35.431,1.23128,1.23141,2.63,1.69
2013.11.01 14:27:36.002,1.23128,1.23141,1.88,1.69
2013.11.01 14:27:36.921,1.23128,1.2314,2.63,1.69
2013.11.01 14:27:37.161,1.23128,1.2314,1.50,2.44
2013.11.01 14:27:41.931,1.23127,1.2314,2.63,2.07
2013.11.01 14:27:42.471,1.23127,1.23141,3.76,1.69
2013.11.01 14:27:44.993,1.23127,1.23141,3.76,1.69
2013.11.01 14:27:46.303,1.23127,1.2314,3.38,1.88
2013.11.01 14:27:46.662,1.23127,1.23141,2.25,1.69
2013.11.01 14:27:46.782,1.23128,1.23142,2.63,2.07
2013.11.01 14:27:47.367,1.23128,1.23141,1.13,1.69
2013.11.01 14:27:48.171,1.23128,1.23142,3.38,1.13
2013.11.01 14:27:49.388,1.23128,1.23142,4.88,1.32
2013.11.01 14:27:49.934,1.23128,1.23142,5.45,1.13
2013.11.01 14:27:55.969,1.23128,1.23142,4.13,1.69
2013.11.01 14:27:56.271,1.23128,1.23142,3.75,2.44
2013.11.01 14:27:56.451,1.23128,1.23142,3.75,1.32
2013.11.01 14:27:56.571,1.23128,1.23142,3.75,1.69
2013.11.01 14:27:57.111,1.23128,1.23142,3.75,1.32
2013.11.01 14:27:58.231,1.23128,1.23142,3.75,1.32
2013.11.01 14:27:58.592,1.23128,1.23139,3.75,1.69
2013.11.01 14:27:59.261,1.23128,1.23139,1.50,1.69
2013.11.01 14:27:59.500,1.23128,1.23141,1.50,1.69
2013.11.01 14:28:02.201,1.23127,1.23141,2.25,2.07
2013.11.01 14:28:02.743,1.23127,1.2314,1.50,2.44
2013.11.01 14:28:03.101,1.23126,1.23138,1.88,1.69
2013.11.01 14:28:03.461,1.23125,1.23136,1.13,1.32
2013.11.01 14:28:04.608,1.23124,1.23136,1.88,1.32
2013.11.01 14:28:04.675,1.23124,1.23136,1.88,1.32
2013.11.01 14:28:04.922,1.23123,1.23134,2.48,2.07
2013.11.01 14:28:05.282,1.23121,1.23133,1.88,1.32
2013.11.01 14:28:05.642,1.23121,1.23132,1.13,1.32
2013.11.01 14:28:06.183,1.23121,1.23131,1.13,2.07
2013.11.01 14:28:07.571,1.23121,1.23132,1.13,1.32
2013.11.01 14:28:07.632,1.23121,1.23133,1.13,2.07
2013.11.01 14:28:07.802,1.23121,1.23132,1.13,1.32
2013.11.01 14:28:07.921,1.23121,1.23133,1.13,1.50
2013.11.01 14:28:08.041,1.23121,1.23131,1.13,1.50
2013.11.01 14:28:08.342,1.23121,1.23133,1.13,1.69
2013.11.01 14:28:09.983,1.2312,1.23132,1.88,1.69
2013.11.01 14:28:10.521,1.2312,1.23133,2.26,1.69
2013.11.01 14:28:10.883,1.2312,1.23132,1.13,1.32
2013.11.01 14:28:11.061,1.2312,1.23133,2.26,2.07
2013.11.01 14:28:11.541,1.2312,1.23132,1.88,1.32
2013.11.01 14:28:12.096,1.2312,1.23132,1.13,2.82
2013.11.01 14:28:12.472,1.2312,1.23132,1.13,2.82
2013.11.01 14:28:12.653,1.2312,1.23132,1.32,2.25
2013.11.01 14:28:13.012,1.2312,1.23133,8.44,1.13
2013.11.01 14:28:13.131,1.23121,1.23134,4.69,1.50
2013.11.01 14:28:13.312,1.23122,1.23137,5.63,1.50
2013.11.01 14:28:13.913,1.23122,1.23137,4.88,1.69
2013.11.01 14:28:14.272,1.23122,1.23136,4.13,1.32
2013.11.01 14:28:14.452,1.23122,1.23137,3.38,1.69
2013.11.01 14:28:14.993,1.23122,1.23136,3.00,1.32
2013.11.01 14:28:16.072,1.23122,1.23134,3.75,1.69
2013.11.01 14:28:16.192,1.23122,1.23136,3.75,1.13
2013.11.01 14:28:16.311,1.23122,1.23136,1.50,2.63
2013.11.01 14:28:16.671,1.23122,1.23133,1.50,1.32
2013.11.01 14:28:17.211,1.23122,1.23133,1.50,1.32
2013.11.01 14:28:18.092,1.23122,1.23134,1.50,1.69
2013.11.01 14:28:18.391,1.23122,1.23134,1.50,1.32
2013.11.01 14:28:19.232,1.23122,1.23135,1.50,1.50
2013.11.01 14:28:19.831,1.23122,1.23136,4.50,1.32
2013.11.01 14:28:21.393,1.23122,1.23136,5.25,1.32
2013.11.01 14:28:27.661,1.23122,1.23136,4.88,1.32
2013.11.01 14:28:33.506,1.23122,1.23137,5.25,2.07
2013.11.01 14:28:33.874,1.23122,1.23136,3.38,1.69
2013.11.01 14:28:34.112,1.23122,1.23137,3.75,2.07
2013.11.01 14:28:38.121,1.23122,1.23136,5.63,1.32
2013.11.01 14:28:38.302,1.23122,1.23137,6.57,1.88
2013.11.01 14:28:42.274,1.23122,1.23136,5.63,1.32
2013.11.01 14:28:46.513,1.23122,1.23137,4.88,2.82
2013.11.01 14:28:46.871,1.23123,1.23138,9.42,2.25
2013.11.01 14:28:46.934,1.23126,1.2314,3.20,2.63
2013.11.01 14:28:47.053,1.23126,1.2314,5.45,1.13
2013.11.01 14:28:47.472,1.23127,1.23141,2.26,2.07
2013.11.01 14:28:47.832,1.23127,1.23141,3.01,1.50
2013.11.01 14:28:48.373,1.23127,1.23141,3.57,1.50
2013.11.01 14:28:48.931,1.23127,1.23141,3.38,1.50
2013.11.01 14:28:50.932,1.23127,1.23142,5.63,2.44
2013.11.01 14:28:50.991,1.23128,1.23143,4.13,2.82
2013.11.01 14:28:54.523,1.23128,1.23143,4.13,2.44
2013.11.01 14:28:54.821,1.23133,1.23147,3.19,2.25
2013.11.01 14:28:55.483,1.23134,1.23149,4.69,1.88
2013.11.01 14:28:57.081,1.23134,1.23149,4.50,2.07
2013.11.01 14:28:58.643,1.23134,1.23149,5.44,2.25
2013.11.01 14:28:59.361,1.23134,1.23149,5.25,2.44
2013.11.01 14:28:59.841,1.23134,1.23147,2.25,1.69
2013.11.01 14:29:02.282,1.23133,1.23146,1.50,1.13
2013.11.01 14:29:09.421,1.23131,1.23145,2.63,2.07
2013.11.01 14:29:14.624,1.23131,1.23144,2.25,1.32
2013.11.01 14:29:15.174,1.23131,1.23145,2.25,2.07
2013.11.01 14:29:16.191,1.2313,1.23144,3.75,3.19
2013.11.01 14:29:16.252,1.2313,1.23142,1.50,1.50
2013.11.01 14:29:16.374,1.23129,1.23142,1.13,2.82
2013.11.01 14:29:16.911,1.23128,1.2314,1.50,1.13
2013.11.01 14:29:17.871,1.23126,1.2314,1.69,1.88
2013.11.01 14:29:18.652,1.23127,1.23141,4.70,1.50
2013.11.01 14:29:18.712,1.23127,1.23141,3.57,1.50
2013.11.01 14:29:19.072,1.23128,1.23141,2.82,1.50
2013.11.01 14:29:20.032,1.23128,1.23141,2.25,1.50
2013.11.01 14:29:20.596,1.23128,1.23142,3.00,2.07
2013.11.01 14:29:21.702,1.23128,1.23143,6.76,2.44
2013.11.01 14:29:21.821,1.23129,1.23143,3.20,2.25
2013.11.01 14:29:21.941,1.23129,1.23143,3.95,2.25
2013.11.01 14:29:22.062,1.23129,1.23144,4.70,2.25
2013.11.01 14:29:22.571,1.23131,1.23146,3.94,1.88
2013.11.01 14:29:24.041,1.23131,1.23146,3.75,2.07
2013.11.01 14:29:24.941,1.23131,1.23146,3.94,1.88
2013.11.01 14:29:25.242,1.23131,1.23145,4.50,1.32
2013.11.01 14:29:25.831,1.23132,1.23145,3.00,1.32
2013.11.01 14:29:28.311,1.23132,1.23143,3.00,1.69
2013.11.01 14:29:28.492,1.23132,1.23143,3.75,1.32
2013.11.01 14:29:28.555,1.23132,1.23143,3.75,1.32
2013.11.01 14:29:28.684,1.23132,1.23145,4.13,1.32
2013.11.01 14:29:28.765,1.23132,1.23146,4.13,2.44
2013.11.01 14:29:29.463,1.23132,1.23145,4.13,1.32
2013.11.01 14:29:30.851,1.23132,1.23145,4.13,1.69
2013.11.01 14:29:31.091,1.23132,1.23145,4.13,1.32
2013.11.01 14:29:32.565,1.23132,1.23143,3.38,1.50
2013.11.01 14:29:32.634,1.23132,1.23145,3.00,2.82
2013.11.01 14:29:35.331,1.23132,1.23143,1.50,1.50
2013.11.01 14:29:35.572,1.23132,1.23146,3.00,2.07
2013.11.01 14:29:35.814,1.23132,1.23146,3.00,2.07
2013.11.01 14:29:36.475,1.23133,1.23147,4.50,1.13
2013.11.01 14:29:37.093,1.23133,1.23147,4.50,1.69
2013.11.01 14:29:37.274,1.23133,1.23146,3.94,1.13
2013.11.01 14:29:37.796,1.23133,1.23146,3.75,2.07
2013.11.01 14:29:37.875,1.23135,1.23149,4.50,1.69
2013.11.01 14:29:38.182,1.23135,1.23149,4.50,1.69
2013.11.01 14:29:38.241,1.23135,1.23149,4.50,1.69
2013.11.01 14:29:41.592,1.23135,1.23148,2.25,3.57
2013.11.01 14:29:42.193,1.23135,1.23148,2.25,2.82
2013.11.01 14:29:45.873,1.23135,1.23147,2.25,2.07
2013.11.01 14:29:46.411,1.23135,1.23145,1.50,1.69
2013.11.01 14:29:46.713,1.23132,1.23143,1.88,1.32
2013.11.01 14:29:46.774,1.23132,1.23144,2.63,2.82
2013.11.01 14:29:46.833,1.23132,1.23144,2.63,2.82
2013.11.01 14:29:47.012,1.23132,1.23144,2.63,1.69
2013.11.01 14:29:47.261,1.23132,1.23144,2.63,2.07
2013.11.01 14:29:48.742,1.23132,1.23144,3.00,2.07
2013.11.01 14:29:49.464,1.23132,1.23143,2.25,1.50
2013.11.01 14:29:49.774,1.23126,1.23137,1.50,1.69
2013.11.01 14:29:50.441,1.23123,1.23136,1.62,1.32
2013.11.01 14:29:51.103,1.23123,1.23135,1.62,1.69
2013.11.01 14:29:51.701,1.23123,1.23133,1.62,1.32
2013.11.01 14:29:52.183,1.23123,1.23135,1.50,1.13
2013.11.01 14:29:52.302,1.23121,1.23134,2.07,1.50
2013.11.01 14:29:52.854,1.23121,1.23133,1.88,1.32
2013.11.01 14:29:53.302,1.23122,1.23134,4.88,1.69
2013.11.01 14:29:53.362,1.23123,1.23136,5.63,2.07
2013.11.01 14:29:53.543,1.23124,1.23136,3.75,1.32
2013.11.01 14:29:53.962,1.23124,1.23134,2.25,1.32
2013.11.01 14:29:54.023,1.23123,1.23134,1.50,1.32
2013.11.01 14:29:54.202,1.23123,1.23135,1.50,2.07
2013.11.01 14:29:54.262,1.23123,1.23132,1.50,1.32
2013.11.01 14:29:54.383,1.23123,1.23134,1.50,1.13
2013.11.01 14:29:54.563,1.23121,1.23133,1.13,1.50
2013.11.01 14:29:55.621,1.23121,1.23131,1.13,1.50
2013.11.01 14:29:56.171,1.23121,1.23131,1.50,1.50
2013.11.01 14:29:56.993,1.23121,1.23131,1.50,1.50
2013.11.01 14:29:58.595,1.23121,1.23133,2.63,2.44
2013.11.01 14:29:59.111,1.23121,1.23133,2.63,2.07
2013.11.01 14:30:01.731,1.23121,1.23133,2.63,2.07
2013.11.01 14:30:02.282,1.23121,1.23133,2.63,2.07
2013.11.01 14:30:02.823,1.23121,1.23131,1.50,2.07
2013.11.01 14:30:02.942,1.23121,1.23131,1.50,1.50
2013.11.01 14:30:03.182,1.23123,1.23134,3.00,1.32
2013.11.01 14:30:03.302,1.23123,1.23135,3.00,1.13
2013.11.01 14:30:03.662,1.23124,1.23136,2.63,1.50
2013.11.01 14:30:04.154,1.23125,1.23136,2.63,1.50
2013.11.01 14:30:04.662,1.23128,1.23139,4.50,2.07
2013.11.01 14:30:05.151,1.23127,1.23136,1.50,1.50
2013.11.01 14:30:05.521,1.23124,1.23136,1.13,1.50
2013.11.01 14:30:06.521,1.23124,1.23136,1.88,1.50
2013.11.01 14:30:07.024,1.23124,1.23136,2.63,1.50
2013.11.01 14:30:07.563,1.23124,1.23135,1.50,2.25
2013.11.01 14:30:08.162,1.23124,1.23135,1.50,1.69
2013.11.01 14:30:08.401,1.23124,1.23137,2.63,1.69
2013.11.01 14:30:09.181,1.23124,1.23135,1.50,1.50
2013.11.01 14:30:20.821,1.23124,1.23137,1.50,2.82
2013.11.01 14:30:24.374,1.23125,1.23136,3.38,1.69
2013.11.01 14:30:24.496,1.23125,1.23138,6.19,1.50
2013.11.01 14:30:24.977,1.23127,1.2314,2.63,1.88
2013.11.01 14:30:25.481,1.23127,1.23141,3.38,2.25
2013.11.01 14:30:26.022,1.23127,1.23141,3.38,2.25
2013.11.01 14:30:26.536,1.2313,1.23142,2.63,1.88
2013.11.01 14:30:27.142,1.2313,1.23142,3.75,1.32
2013.11.01 14:30:27.502,1.23131,1.23142,3.38,1.13
2013.11.01 14:30:27.922,1.23131,1.23143,3.00,1.32
2013.11.01 14:30:28.723,1.23131,1.23144,3.38,2.10
2013.11.01 14:30:28.782,1.23131,1.23144,2.63,1.69
2013.11.01 14:30:29.142,1.23136,1.23147,2.63,1.32
2013.11.01 14:30:33.163,1.23136,1.23148,1.50,1.50
2013.11.01 14:30:36.052,1.23136,1.2315,4.50,2.44
2013.11.01 14:30:36.591,1.23136,1.23146,1.50,1.50
2013.11.01 14:30:40.221,1.23136,1.23146,1.50,2.44
2013.11.01 14:30:40.342,1.23133,1.23143,1.50,2.25
2013.11.01 14:30:40.401,1.23132,1.23143,1.50,1.88
2013.11.01 14:30:40.641,1.23132,1.23143,1.50,2.82
2013.11.01 14:30:40.882,1.23132,1.23143,1.50,2.07
2013.11.01 14:30:41.544,1.23133,1.23143,3.00,1.13
2013.11.01 14:30:41.843,1.23134,1.23144,3.00,1.13
2013.11.01 14:30:42.441,1.23134,1.23146,3.00,1.88
2013.11.01 14:30:43.111,1.23134,1.23146,1.50,2.07
2013.11.01 14:30:45.263,1.23134,1.23146,1.50,2.44
2013.11.01 14:30:45.621,1.23133,1.23144,1.50,1.69
2013.11.01 14:30:45.802,1.23131,1.23142,1.50,1.32
2013.11.01 14:30:46.960,1.23131,1.23142,4.13,1.32
2013.11.01 14:30:48.781,1.23131,1.23142,2.25,1.32
2013.11.01 14:30:50.622,1.23131,1.23142,1.50,2.82
2013.11.01 14:30:50.802,1.23131,1.23141,1.50,1.50
2013.11.01 14:30:53.870,1.23131,1.23141,1.50,1.69
2013.11.01 14:30:59.244,1.23131,1.23141,1.50,1.50
2013.11.01 14:30:59.362,1.23131,1.23142,3.38,1.50
2013.11.01 14:30:59.664,1.23133,1.23144,1.50,2.25
2013.11.01 14:30:59.781,1.23133,1.23145,1.50,1.50
2013.11.01 14:31:00.558,1.23133,1.23144,1.50,1.50
2013.11.01 14:31:01.102,1.23134,1.23146,2.63,1.50
2013.11.01 14:31:02.221,1.23134,1.23146,2.63,1.50
2013.11.01 14:31:04.525,1.23134,1.23147,1.50,3.19
2013.11.01 14:31:04.641,1.23134,1.23147,1.50,2.82
2013.11.01 14:31:04.701,1.23134,1.23146,1.50,1.32
2013.11.01 14:31:09.421,1.23135,1.23145,3.00,2.44
2013.11.01 14:31:09.781,1.23139,1.23147,3.00,1.69
2013.11.01 14:31:09.902,1.23137,1.23147,1.50,2.44
2013.11.01 14:31:10.021,1.23135,1.23145,1.50,1.69
2013.11.01 14:31:15.362,1.23133,1.23145,1.50,1.69
2013.11.01 14:31:15.421,1.23132,1.23145,1.88,1.69
2013.11.01 14:31:16.521,1.23132,1.23145,1.13,3.19
2013.11.01 14:31:18.311,1.23131,1.23144,1.13,1.69
2013.11.01 14:31:18.851,1.23131,1.23143,1.50,1.69
2013.11.01 14:31:20.531,1.23131,1.23144,3.00,1.69
2013.11.01 14:31:25.421,1.23131,1.23138,4.13,1.50
2013.11.01 14:31:25.601,1.23127,1.23135,3.38,1.32
2013.11.01 14:31:25.781,1.23125,1.23132,1.13,1.32
2013.11.01 14:31:25.962,1.23121,1.23132,1.13,2.07
2013.11.01 14:31:26.512,1.23121,1.23132,1.88,1.32
2013.11.01 14:31:26.751,1.23121,1.23132,1.13,2.07
2013.11.01 14:31:27.291,1.23119,1.23131,1.50,1.69
2013.11.01 14:31:28.072,1.23119,1.23131,2.25,1.69
2013.11.01 14:31:28.431,1.23119,1.2313,1.88,1.32
2013.11.01 14:31:32.142,1.23119,1.2313,1.50,2.25
2013.11.01 14:31:32.502,1.23119,1.23127,1.13,1.32
2013.11.01 14:31:32.622,1.23117,1.23129,2.63,1.69
2013.11.01 14:31:32.682,1.23117,1.23126,4.88,1.32
2013.11.01 14:31:32.922,1.23117,1.2313,4.88,2.07
2013.11.01 14:31:33.042,1.23117,1.23129,3.00,2.07
2013.11.01 14:31:33.222,1.23117,1.23129,3.01,1.69
2013.11.01 14:31:33.402,1.23117,1.23129,1.88,1.69
2013.11.01 14:31:33.704,1.23115,1.23126,2.03,1.32
2013.11.01 14:31:34.064,1.23113,1.23123,1.28,1.69
2013.11.01 14:31:34.601,1.23113,1.23123,1.28,1.32
2013.11.01 14:31:35.911,1.23113,1.23124,2.78,1.13
2013.11.01 14:31:36.629,1.23113,1.23123,2.25,1.13
2013.11.01 14:31:38.182,1.23113,1.23121,1.28,1.13
2013.11.01 14:31:38.422,1.23113,1.23124,2.25,1.13
2013.11.01 14:31:38.662,1.23113,1.23124,3.42,1.13
2013.11.01 14:31:39.201,1.23113,1.23124,3.42,1.13
2013.11.01 14:31:42.262,1.23113,1.23124,4.17,1.13
2013.11.01 14:31:43.973,1.23113,1.23124,4.92,1.13
2013.11.01 14:31:46.771,1.23113,1.23126,4.37,2.63
2013.11.01 14:31:47.312,1.23114,1.23124,3.80,1.13
2013.11.01 14:31:47.818,1.23114,1.23126,3.99,1.88
2013.11.01 14:31:49.742,1.23114,1.23126,4.37,1.88
2013.11.01 14:31:50.285,1.23114,1.23126,2.68,1.88
2013.11.01 14:31:52.304,1.23114,1.23126,2.67,2.07
2013.11.01 14:32:02.201,1.23114,1.23124,3.80,1.13
2013.11.01 14:32:02.761,1.23115,1.23124,3.42,1.13
2013.11.01 14:32:05.962,1.23115,1.23124,3.42,1.13
2013.11.01 14:32:07.132,1.23115,1.23124,3.42,1.32
2013.11.01 14:32:07.192,1.23115,1.23124,3.42,1.32
2013.11.01 14:32:07.431,1.23114,1.23122,1.55,1.13
2013.11.01 14:32:07.671,1.23114,1.23124,1.17,1.13
2013.11.01 14:32:08.292,1.23114,1.23125,2.67,1.32
2013.11.01 14:32:12.344,1.23114,1.23125,2.30,1.13
2013.11.01 14:32:12.881,1.23114,1.23125,2.30,1.32
2013.11.01 14:32:14.471,1.23114,1.23125,2.30,1.32
2013.11.01 14:32:20.121,1.23114,1.23125,2.30,1.32
2013.11.01 14:32:20.796,1.23114,1.23123,2.30,1.32
2013.11.01 14:32:21.931,1.23114,1.23123,2.30,1.69
2013.11.01 14:32:22.292,1.23112,1.23122,1.50,1.32
2013.11.01 14:32:23.153,1.23111,1.23122,2.25,1.32
2013.11.01 14:32:27.001,1.23111,1.23122,1.50,1.13
2013.11.01 14:32:28.561,1.23111,1.23122,1.50,2.07
2013.11.01 14:32:30.211,1.2311,1.23121,1.50,2.07
2013.11.01 14:32:30.271,1.23109,1.23121,1.06,2.07
2013.11.01 14:32:30.512,1.23109,1.23121,2.56,2.07
2013.11.01 14:32:30.811,1.23109,1.23121,1.06,2.07
2013.11.01 14:32:31.309,1.2311,1.23121,3.00,1.32
2013.11.01 14:32:31.435,1.23109,1.23121,1.06,2.07
2013.11.01 14:32:31.493,1.23109,1.23121,2.56,2.07
2013.11.01 14:32:31.792,1.23109,1.23121,1.06,2.07
2013.11.01 14:32:31.913,1.23109,1.23121,1.06,2.07
2013.11.01 14:32:32.032,1.23109,1.23121,2.56,2.07
2013.11.01 14:32:32.391,1.23109,1.23121,1.06,2.07
2013.11.01 14:32:32.511,1.23109,1.23121,1.06,2.07
2013.11.01 14:32:32.580,1.23109,1.23121,2.56,2.07
2013.11.01 14:32:32.883,1.23109,1.23121,1.06,2.07
2013.11.01 14:32:33.062,1.23109,1.23121,2.56,2.07
2013.11.01 14:32:33.243,1.23109,1.23121,1.81,2.07
2013.11.01 14:32:33.303,1.23109,1.23119,1.06,1.13
2013.11.01 14:32:33.842,1.23107,1.23116,1.06,1.32
2013.11.01 14:32:38.895,1.23107,1.23117,1.06,1.13
2013.11.01 14:32:39.942,1.23107,1.23117,1.06,1.32
2013.11.01 14:32:40.002,1.23107,1.23117,1.06,1.13
2013.11.01 14:32:40.181,1.23107,1.23117,1.06,1.32
2013.11.01 14:32:42.113,1.23106,1.23117,1.50,3.38
2013.11.01 14:32:42.233,1.23105,1.23112,1.50,1.32
2013.11.01 14:32:42.292,1.23102,1.2311,1.13,2.07
2013.11.01 14:32:42.352,1.23102,1.2311,2.25,2.07
2013.11.01 14:32:42.412,1.23099,1.23109,1.13,1.32
2013.11.01 14:32:42.951,1.23098,1.23109,1.50,1.69
2013.11.01 14:32:43.974,1.23091,1.23102,1.50,1.88
2013.11.01 14:32:44.043,1.23091,1.23102,1.50,2.44
2013.11.01 14:32:44.101,1.23089,1.23102,1.50,2.82
2013.11.01 14:32:44.702,1.23089,1.23102,4.13,1.32
2013.11.01 14:32:45.003,1.23092,1.23105,4.32,1.13
2013.11.01 14:32:45.122,1.23095,1.23109,3.57,1.50
2013.11.01 14:32:50.272,1.23095,1.23108,3.38,1.32
2013.11.01 14:32:50.333,1.23095,1.23108,3.38,2.07
2013.11.01 14:32:50.572,1.23094,1.23107,1.50,2.07
2013.11.01 14:32:58.394,1.23094,1.23107,1.50,2.07
2013.11.01 14:32:59.127,1.23092,1.23105,3.38,1.50
2013.11.01 14:32:59.911,1.23092,1.23105,3.38,1.69
2013.11.01 14:33:00.092,1.23092,1.23105,1.88,2.07
2013.11.01 14:33:00.452,1.23092,1.23105,1.88,1.69
2013.11.01 14:33:01.553,1.23092,1.23105,1.88,2.07
2013.11.01 14:33:03.651,1.23092,1.23105,1.88,2.44
2013.11.01 14:33:04.011,1.23093,1.23106,3.00,1.32
2013.11.01 14:33:04.965,1.23093,1.23106,3.00,1.32
2013.11.01 14:33:12.053,1.23093,1.23107,3.94,1.50
2013.11.01 14:33:12.791,1.23094,1.23107,3.19,1.50
2013.11.01 14:33:13.541,1.23095,1.23108,3.19,1.13
2013.11.01 14:33:14.103,1.23094,1.23107,1.69,1.50
2013.11.01 14:33:14.942,1.23094,1.23107,1.69,1.50
2013.11.01 14:33:15.001,1.23094,1.23107,1.50,1.50
2013.11.01 14:33:15.543,1.23094,1.23107,1.50,1.50
2013.11.01 14:33:17.042,1.23094,1.23106,1.50,1.13
2013.11.01 14:33:17.702,1.23094,1.23106,1.50,1.32
2013.11.01 14:33:17.942,1.23094,1.23106,1.50,1.32
2013.11.01 14:33:18.782,1.23094,1.23106,1.50,1.32
2013.11.01 14:33:18.903,1.23092,1.23105,1.88,1.69
2013.11.01 14:33:19.931,1.23092,1.23105,1.88,1.69
2013.11.01 14:33:19.992,1.23092,1.23105,1.88,1.50
2013.11.01 14:33:20.532,1.23092,1.23104,1.88,1.32
2013.11.01 14:33:20.896,1.23091,1.23101,1.88,1.50
2013.11.01 14:33:21.263,1.23091,1.23102,1.13,1.88
2013.11.01 14:33:21.684,1.2309,1.231,2.25,1.69
2013.11.01 14:33:21.743,1.2309,1.231,2.25,1.50
2013.11.01 14:33:22.642,1.2309,1.231,1.50,1.32
2013.11.01 14:33:22.884,1.23087,1.23097,2.25,1.69
2013.11.01 14:33:23.184,1.23086,1.23099,4.32,1.50
2013.11.01 14:33:23.243,1.23088,1.231,2.82,1.13
2013.11.01 14:33:23.433,1.2309,1.23104,6.20,1.50
2013.11.01 14:33:23.672,1.23092,1.23106,3.38,1.50
2013.11.01 14:33:26.202,1.23092,1.23106,3.38,1.50
2013.11.01 14:33:27.722,1.23092,1.23106,3.38,1.50
2013.11.01 14:33:30.362,1.23092,1.23105,3.19,1.13
2013.11.01 14:33:30.602,1.23091,1.23104,1.50,1.50
2013.11.01 14:33:31.144,1.23091,1.23104,1.50,1.50
2013.11.01 14:33:31.203,1.23091,1.23104,1.50,1.50
2013.11.01 14:33:31.507,1.23091,1.231,1.50,1.32
2013.11.01 14:33:31.814,1.23089,1.231,1.50,2.07
2013.11.01 14:33:31.874,1.23089,1.231,1.50,2.44
2013.11.01 14:33:31.933,1.23087,1.23099,2.63,1.32
2013.11.01 14:33:32.173,1.23087,1.23098,2.25,1.69
2013.11.01 14:33:32.712,1.23084,1.23095,1.50,1.13
2013.11.01 14:33:33.192,1.23082,1.23094,1.69,1.50
2013.11.01 14:33:33.312,1.2308,1.23093,1.50,1.50
2013.11.01 14:33:33.852,1.2308,1.23094,3.00,1.88
2013.11.01 14:33:35.090,1.23082,1.23094,2.45,1.88
2013.11.01 14:33:35.583,1.23085,1.23097,3.75,1.50
2013.11.01 14:33:35.669,1.23089,1.23102,3.75,1.50
2013.11.01 14:33:35.733,1.23089,1.23102,4.32,1.13
2013.11.01 14:33:36.092,1.23092,1.23104,2.82,1.50
2013.11.01 14:33:37.491,1.23092,1.23106,5.44,1.50
2013.11.01 14:33:37.974,1.23093,1.23107,5.07,1.88
2013.11.01 14:33:38.512,1.23095,1.23107,3.20,1.50
2013.11.01 14:33:38.572,1.23095,1.23107,2.82,1.50
2013.11.01 14:33:39.131,1.23095,1.23109,6.57,1.50
2013.11.01 14:33:50.112,1.23094,1.23103,1.50,1.50
2013.11.01 14:33:50.173,1.23095,1.23105,3.00,1.50
2013.11.01 14:33:50.293,1.23092,1.23102,1.69,1.50
2013.11.01 14:33:50.472,1.23092,1.23105,2.07,1.50
2013.11.01 14:33:50.782,1.23095,1.23108,3.19,1.50
2013.11.01 14:33:56.172,1.23097,1.23109,3.00,1.13
2013.11.01 14:33:58.422,1.23097,1.23102,1.50,1.13
2013.11.01 14:33:58.727,1.23091,1.23098,1.50,2.82
2013.11.01 14:33:59.154,1.23088,1.23096,1.50,1.13
2013.11.01 14:34:00.845,1.23087,1.23098,1.50,1.32
2013.11.01 14:34:01.024,1.23087,1.231,1.69,2.63
2013.11.01 14:34:01.263,1.23088,1.23102,3.19,1.88
2013.11.01 14:34:01.442,1.2309,1.23102,3.00,2.07
2013.11.01 14:34:02.078,1.23089,1.23102,1.50,2.82
2013.11.01 14:34:02.705,1.23089,1.23102,1.50,2.82
2013.11.01 14:34:03.241,1.23088,1.231,1.13,1.88
2013.11.01 14:34:05.165,1.23088,1.231,1.13,2.07
2013.11.01 14:34:06.454,1.23088,1.231,1.88,2.82
2013.11.01 14:34:09.268,1.23088,1.23097,2.63,1.32
2013.11.01 14:34:09.393,1.23088,1.23097,1.50,1.13
2013.11.01 14:34:09.931,1.23088,1.23097,1.50,1.32
2013.11.01 14:34:11.232,1.23088,1.23097,1.50,1.69
2013.11.01 14:34:11.513,1.23087,1.23098,1.50,2.07
2013.11.01 14:34:12.052,1.23087,1.23098,3.38,1.13
2013.11.01 14:34:12.173,1.23087,1.23098,4.88,1.13
2013.11.01 14:34:12.792,1.23088,1.23102,4.13,2.07
2013.11.01 14:34:13.153,1.23089,1.23101,3.00,1.32
2013.11.01 14:34:13.692,1.23089,1.23101,2.25,1.32
2013.11.01 14:34:14.554,1.23089,1.23102,3.75,1.88
2013.11.01 14:34:15.095,1.2309,1.23102,4.50,1.13
2013.11.01 14:34:18.042,1.2309,1.23101,4.50,1.32
2013.11.01 14:34:18.522,1.2309,1.23101,4.50,1.32
2013.11.01 14:34:19.002,1.2309,1.231,3.00,1.13
2013.11.01 14:34:19.062,1.23089,1.231,1.50,1.13
2013.11.01 14:34:19.602,1.23089,1.231,1.13,1.13
2013.11.01 14:34:20.414,1.23089,1.231,1.13,1.13
2013.11.01 14:34:21.264,1.23089,1.23102,1.50,1.50
2013.11.01 14:34:21.384,1.23089,1.23102,1.50,1.50
2013.11.01 14:34:21.562,1.23089,1.23104,3.76,2.82
2013.11.01 14:34:22.163,1.23089,1.23101,3.38,1.13
2013.11.01 14:34:22.702,1.23089,1.23103,4.32,1.50
2013.11.01 14:34:23.242,1.23091,1.23105,3.38,1.88
2013.11.01 14:34:24.851,1.23091,1.23105,3.38,2.82
2013.11.01 14:34:25.108,1.23093,1.23105,3.00,1.32
2013.11.01 14:34:25.412,1.23092,1.23104,1.50,1.13
2013.11.01 14:34:25.533,1.23092,1.23104,1.50,1.69
2013.11.01 14:34:25.834,1.23091,1.23104,1.13,2.63
2013.11.01 14:34:26.073,1.23091,1.23103,1.13,2.44
2013.11.01 14:34:26.732,1.23091,1.23103,1.13,2.07
2013.11.01 14:34:27.253,1.23091,1.23102,1.13,2.07
2013.11.01 14:34:27.374,1.23091,1.231,1.13,1.13
2013.11.01 14:34:27.912,1.23089,1.23101,1.13,1.50
2013.11.01 14:34:27.972,1.23089,1.23102,2.63,2.07
2013.11.01 14:34:28.512,1.23089,1.23102,3.38,1.69
2013.11.01 14:34:29.292,1.23089,1.23099,3.38,1.69
2013.11.01 14:34:29.533,1.23089,1.23101,1.13,2.07
2013.11.01 14:34:29.592,1.23089,1.23101,1.13,2.07
2013.11.01 14:34:29.716,1.23089,1.23101,1.13,1.50
2013.11.01 14:34:30.522,1.23089,1.23101,1.13,2.63
2013.11.01 14:34:31.062,1.23089,1.23101,1.13,2.44
2013.11.01 14:34:31.242,1.23089,1.23101,1.13,2.07
2013.11.01 14:34:31.842,1.23089,1.23099,1.13,1.32
2013.11.01 14:34:31.962,1.23089,1.231,1.13,1.32
2013.11.01 14:34:34.172,1.23089,1.23102,3.38,1.69
2013.11.01 14:34:35.445,1.23089,1.23103,3.38,3.19
2013.11.01 14:34:36.162,1.23089,1.23101,3.38,1.32
2013.11.01 14:34:36.284,1.23087,1.23099,1.88,1.69
2013.11.01 14:34:36.464,1.23087,1.23095,1.13,1.32
2013.11.01 14:34:36.642,1.23087,1.23099,1.88,2.07
2013.11.01 14:34:36.702,1.23087,1.23099,1.88,1.69
2013.11.01 14:34:36.882,1.23087,1.231,3.75,2.44
2013.11.01 14:34:37.002,1.23087,1.231,1.88,1.32
2013.11.01 14:34:37.122,1.23088,1.23102,3.38,2.82
2013.11.01 14:34:37.481,1.23088,1.23101,3.38,1.69
2013.11.01 14:34:38.347,1.23088,1.23102,3.38,2.07
2013.11.01 14:34:38.415,1.23088,1.231,3.38,1.13
2013.11.01 14:34:38.774,1.23088,1.231,3.38,1.69
2013.11.01 14:34:38.892,1.23088,1.231,3.38,1.32
2013.11.01 14:34:38.952,1.23089,1.23101,3.38,2.44
2013.11.01 14:34:39.011,1.23089,1.23101,3.38,1.32
2013.11.01 14:34:39.982,1.2309,1.23104,4.50,1.13
2013.11.01 14:34:40.162,1.23092,1.23106,3.75,1.32
2013.11.01 14:34:40.344,1.23093,1.23107,3.75,2.07
2013.11.01 14:34:40.594,1.23096,1.23109,3.00,1.32
2013.11.01 14:34:41.543,1.23096,1.23109,3.00,1.69
2013.11.01 14:34:47.505,1.23095,1.23108,1.50,1.32
2013.11.01 14:34:50.292,1.23095,1.23108,2.25,1.13
2013.11.01 14:34:51.072,1.23095,1.23108,3.00,1.13
2013.11.01 14:34:51.644,1.23096,1.2311,3.75,1.88
2013.11.01 14:34:52.073,1.23096,1.23109,3.01,2.07
2013.11.01 14:34:52.313,1.23096,1.23109,1.13,1.69
2013.11.01 14:34:53.812,1.23096,1.23108,1.13,1.32
2013.11.01 14:34:54.114,1.23095,1.23109,1.88,1.69
2013.11.01 14:34:55.454,1.23095,1.23108,2.26,1.69
2013.11.01 14:34:55.903,1.23095,1.23108,1.50,2.44
2013.11.01 14:34:56.508,1.23095,1.23106,1.50,1.32
2013.11.01 14:34:56.756,1.23095,1.23108,2.26,1.32
2013.11.01 14:34:56.824,1.23095,1.23109,3.76,2.07
2013.11.01 14:34:56.894,1.23096,1.2311,3.38,2.07
2013.11.01 14:34:57.563,1.23096,1.2311,4.13,1.88
2013.11.01 14:34:58.437,1.23096,1.2311,4.13,1.88
2013.11.01 14:34:59.252,1.23096,1.23109,3.38,1.32
2013.11.01 14:35:00.214,1.23096,1.2311,3.38,1.88
2013.11.01 14:35:00.334,1.23096,1.2311,3.38,1.13
2013.11.01 14:35:00.872,1.23098,1.2311,3.00,1.13
2013.11.01 14:35:01.922,1.23098,1.23109,3.00,1.32
2013.11.01 14:35:02.102,1.23098,1.2311,3.00,1.13
2013.11.01 14:35:04.953,1.23098,1.2311,3.00,1.13
2013.11.01 14:35:07.064,1.23098,1.23107,3.00,1.13
2013.11.01 14:35:07.963,1.23098,1.2311,3.00,1.69
2013.11.01 14:35:08.502,1.23098,1.2311,3.00,1.69
2013.11.01 14:35:10.462,1.23098,1.23109,3.00,1.13
2013.11.01 14:35:14.407,1.23098,1.23109,3.75,1.32
2013.11.01 14:35:14.712,1.23098,1.23109,3.75,1.69
2013.11.01 14:35:16.712,1.23098,1.23109,3.57,1.13
2013.11.01 14:35:16.955,1.23098,1.23112,5.25,1.69
2013.11.01 14:35:17.253,1.23099,1.23112,3.38,1.69
2013.11.01 14:35:17.762,1.231,1.23112,3.00,1.69
2013.11.01 14:35:20.533,1.231,1.23112,1.50,2.44
2013.11.01 14:35:20.713,1.23099,1.23112,1.50,1.32
2013.11.01 14:35:21.014,1.23099,1.23112,1.88,1.69
2013.11.01 14:35:22.452,1.23099,1.23112,1.88,2.07
2013.11.01 14:35:22.572,1.23099,1.23111,1.13,1.88
2013.11.01 14:35:22.633,1.23099,1.23112,1.88,1.32
2013.11.01 14:35:23.052,1.23099,1.23112,1.88,2.44
2013.11.01 14:35:23.593,1.23099,1.23112,2.25,3.57
2013.11.01 14:35:24.131,1.23099,1.23112,2.25,2.82
2013.11.01 14:35:24.194,1.23097,1.23111,3.00,3.19
2013.11.01 14:35:24.552,1.23096,1.23109,1.50,1.69
2013.11.01 14:35:24.972,1.23096,1.23109,1.50,1.69
2013.11.01 14:35:25.092,1.23096,1.23109,1.50,1.69
2013.11.01 14:35:30.995,1.23096,1.23109,1.69,1.13
2013.11.01 14:35:31.174,1.23097,1.23111,3.19,1.88
2013.11.01 14:35:31.294,1.23097,1.23111,3.57,1.50
2013.11.01 14:35:31.472,1.23099,1.23112,3.38,1.32
2013.11.01 14:35:31.593,1.23099,1.23113,3.75,1.50
2013.11.01 14:35:34.016,1.23099,1.23114,3.94,2.63
2013.11.01 14:35:34.494,1.23099,1.23113,5.25,1.32
2013.11.01 14:35:34.853,1.23099,1.23111,3.00,1.69
2013.11.01 14:35:34.972,1.23098,1.23111,1.50,2.44
2013.11.01 14:35:35.849,1.23098,1.23111,1.50,2.44
2013.11.01 14:35:36.058,1.23098,1.23111,1.50,2.07
2013.11.01 14:35:36.183,1.23098,1.23111,1.50,3.19
2013.11.01 14:35:37.007,1.23098,1.23111,1.50,2.82
2013.11.01 14:35:37.138,1.23098,1.23111,1.50,3.19
2013.11.01 14:35:40.712,1.23098,1.23111,1.50,2.07
2013.11.01 14:35:41.132,1.23096,1.2311,2.63,2.07
2013.11.01 14:35:41.742,1.23096,1.23109,2.63,1.32
2013.11.01 14:35:41.923,1.23096,1.23109,1.88,2.07
2013.11.01 14:35:42.043,1.23097,1.23111,3.00,1.13
2013.11.01 14:35:42.282,1.23097,1.23112,4.70,1.88
2013.11.01 14:35:42.582,1.23101,1.23116,4.50,1.69
2013.11.01 14:35:43.062,1.23101,1.23115,4.13,1.32
2013.11.01 14:35:45.572,1.23101,1.23115,4.13,2.44
2013.11.01 14:35:45.872,1.23101,1.23114,1.13,1.79
2013.11.01 14:35:47.312,1.23101,1.23113,1.13,1.32
2013.11.01 14:35:47.867,1.23101,1.23113,1.13,1.32
2013.11.01 14:35:48.424,1.23101,1.23113,1.13,1.32
2013.11.01 14:35:49.622,1.23101,1.23113,1.13,1.69
2013.11.01 14:35:53.733,1.23101,1.23113,1.13,1.69
2013.11.01 14:35:53.853,1.23101,1.23113,1.13,1.23
2013.11.01 14:35:54.274,1.23099,1.23112,1.88,2.07
2013.11.01 14:35:54.392,1.23099,1.23112,1.50,1.50
2013.11.01 14:35:54.572,1.23099,1.23111,1.13,1.69
2013.11.01 14:35:54.934,1.23097,1.23109,1.50,1.13
2013.11.01 14:35:55.112,1.23096,1.23108,1.50,1.50
2013.11.01 14:35:55.292,1.23096,1.23109,3.00,1.13
2013.11.01 14:35:57.384,1.23097,1.23111,3.75,1.32
2013.11.01 14:36:01.732,1.23097,1.23111,3.94,1.13
2013.11.01 14:36:04.312,1.23097,1.23111,4.13,1.69
2013.11.01 14:36:04.552,1.23096,1.23109,2.07,1.13
2013.11.01 14:36:05.092,1.23096,1.2311,2.07,3.38
2013.11.01 14:36:05.562,1.23097,1.2311,3.00,1.13
2013.11.01 14:36:07.444,1.23097,1.2311,1.50,1.88
2013.11.01 14:36:07.971,1.23096,1.2311,2.07,2.63
2013.11.01 14:36:09.232,1.23096,1.2311,2.44,2.63
2013.11.01 14:36:09.432,1.23096,1.2311,1.88,1.88
2013.11.01 14:36:11.643,1.23096,1.2311,1.50,2.44
2013.11.01 14:36:11.764,1.23095,1.23108,1.88,1.50
2013.11.01 14:36:11.884,1.23095,1.2311,4.13,2.82
2013.11.01 14:36:12.421,1.23095,1.23109,4.70,1.13
2013.11.01 14:36:12.904,1.23095,1.23109,4.13,2.07
2013.11.01 14:36:13.602,1.23095,1.23109,4.13,1.32
2013.11.01 14:36:14.402,1.23095,1.2311,5.07,1.50
2013.11.01 14:36:14.522,1.23096,1.23111,5.07,2.63
2013.11.01 14:36:14.582,1.23097,1.23111,3.57,1.13
2013.11.01 14:36:16.192,1.23097,1.23111,3.57,1.88
2013.11.01 14:36:16.731,1.23097,1.2311,3.00,1.32
2013.11.01 14:36:23.086,1.23097,1.23111,3.38,1.32
2013.11.01 14:36:23.213,1.23097,1.2311,3.38,1.32
2013.11.01 14:36:23.275,1.23096,1.23108,1.50,1.32
2013.11.01 14:36:23.392,1.23096,1.2311,1.50,2.07
2013.11.01 14:36:24.472,1.23097,1.23111,3.00,2.82
2013.11.01 14:36:24.893,1.23096,1.2311,1.50,2.07
2013.11.01 14:36:27.933,1.23096,1.23109,3.19,1.13
2013.11.01 14:36:27.992,1.23096,1.23109,2.63,1.32
2013.11.01 14:36:28.173,1.23097,1.23111,3.38,2.82
2013.11.01 14:36:29.105,1.23097,1.2311,1.13,1.50
2013.11.01 14:36:29.402,1.23096,1.23105,2.25,1.32
2013.11.01 14:36:29.522,1.23095,1.23105,1.13,1.32
2013.11.01 14:36:29.582,1.23095,1.23107,1.13,2.82
2013.11.01 14:36:30.124,1.23094,1.23107,1.50,1.13
2013.11.01 14:36:30.782,1.23094,1.23107,1.88,1.32
2013.11.01 14:36:31.322,1.23094,1.23107,1.13,1.13
2013.11.01 14:36:33.292,1.23094,1.23107,1.13,1.32
2013.11.01 14:36:33.953,1.23094,1.23107,1.88,1.13
2013.11.01 14:36:34.492,1.23094,1.23107,1.69,1.13
2013.11.01 14:36:34.553,1.23094,1.23108,2.25,1.13
2013.11.01 14:36:35.493,1.23095,1.23108,3.19,1.13
2013.11.01 14:36:35.623,1.23095,1.23108,3.00,1.13
2013.11.01 14:36:40.322,1.23095,1.23109,3.00,2.82
2013.11.01 14:36:40.802,1.23094,1.23107,1.50,1.13
2013.11.01 14:36:40.862,1.23094,1.23107,1.50,1.32
2013.11.01 14:36:41.222,1.23092,1.23105,2.63,1.32
2013.11.01 14:36:42.812,1.23092,1.23106,1.88,2.82
2013.11.01 14:36:43.506,1.23092,1.23105,1.88,1.32
2013.11.01 14:36:43.623,1.23092,1.23105,1.88,1.69
2013.11.01 14:36:44.123,1.23092,1.23105,1.88,1.32
2013.11.01 14:36:44.662,1.23092,1.23105,2.07,1.13
2013.11.01 14:36:47.272,1.23092,1.23105,3.57,1.13
2013.11.01 14:36:47.895,1.23093,1.23106,3.19,1.13
2013.11.01 14:36:51.802,1.23093,1.23106,3.94,1.13
2013.11.01 14:36:55.362,1.23095,1.23108,3.00,2.44
2013.11.01 14:36:55.722,1.23093,1.23103,2.25,1.69
2013.11.01 14:36:55.903,1.23092,1.23103,1.13,1.69
2013.11.01 14:36:56.102,1.23092,1.23103,1.13,1.69
2013.11.01 14:36:56.372,1.23092,1.23103,1.13,1.69
2013.11.01 14:36:58.122,1.2309,1.23102,1.13,1.32
2013.11.01 14:37:02.504,1.2309,1.23102,1.13,1.32
2013.11.01 14:37:03.642,1.2309,1.23103,3.38,1.69
2013.11.01 14:37:04.202,1.2309,1.23104,3.38,1.32
2013.11.01 14:37:05.455,1.2309,1.23104,3.38,1.32
2013.11.01 14:37:05.964,1.2309,1.23104,3.38,1.32
2013.11.01 14:37:11.242,1.23091,1.23105,3.57,1.88
2013.11.01 14:37:12.092,1.23092,1.23106,3.00,1.32
2013.11.01 14:37:12.486,1.23092,1.23106,3.00,2.44
2013.11.01 14:37:12.974,1.23092,1.23105,3.00,1.32
2013.11.01 14:37:14.782,1.23092,1.23107,3.57,3.38
2013.11.01 14:37:15.382,1.23093,1.23107,4.13,1.88
2013.11.01 14:37:15.932,1.23094,1.23107,3.38,1.13
2013.11.01 14:37:16.911,1.23094,1.23107,1.88,1.88
2013.11.01 14:37:17.334,1.23094,1.23109,3.76,1.69
2013.11.01 14:37:17.393,1.23095,1.23109,2.45,1.50
2013.11.01 14:37:17.694,1.23096,1.23109,3.95,1.50
2013.11.01 14:37:17.992,1.23097,1.2311,2.82,1.50
2013.11.01 14:37:20.518,1.23099,1.2311,4.55,1.50
2013.11.01 14:37:20.704,1.23102,1.23114,2.86,1.50
2013.11.01 14:37:20.766,1.23103,1.23114,4.13,1.13
2013.11.01 14:37:21.094,1.23103,1.23113,2.25,1.50
2013.11.01 14:37:21.213,1.23103,1.23114,2.25,1.69
2013.11.01 14:37:21.513,1.23103,1.23114,1.13,2.44
2013.11.01 14:37:21.872,1.23102,1.23114,1.50,1.69
2013.11.01 14:37:22.007,1.23102,1.23114,1.50,1.32
2013.11.01 14:37:24.244,1.23102,1.23113,1.50,1.32
2013.11.01 14:37:24.305,1.23101,1.23111,1.50,2.07
2013.11.01 14:37:24.423,1.23097,1.2311,2.25,1.50
2013.11.01 14:37:25.262,1.23097,1.2311,1.13,1.13
2013.11.01 14:37:25.382,1.23098,1.23111,3.38,1.32
2013.11.01 14:37:26.753,1.23098,1.23111,4.13,1.32
2013.11.01 14:37:28.512,1.23098,1.23112,4.13,1.32
2013.11.01 14:37:33.425,1.23098,1.23112,4.13,1.69
2013.11.01 14:37:33.554,1.23098,1.23111,4.13,1.32
2013.11.01 14:37:37.323,1.23098,1.23111,1.13,1.32
2013.11.01 14:37:41.173,1.23098,1.23111,2.82,1.88
2013.11.01 14:37:41.475,1.23098,1.23108,4.13,1.32
2013.11.01 14:37:41.652,1.23098,1.23108,2.25,1.32
2013.11.01 14:37:42.072,1.23098,1.23111,1.50,2.07
2013.11.01 14:37:44.063,1.23098,1.23111,2.25,1.13
2013.11.01 14:37:45.074,1.23098,1.23112,3.00,1.32
2013.11.01 14:37:45.382,1.23098,1.23112,3.00,1.32
2013.11.01 14:37:49.986,1.23098,1.23112,3.75,2.44
2013.11.01 14:37:50.162,1.23098,1.23112,3.00,2.07
2013.11.01 14:37:50.282,1.23097,1.2311,1.50,1.32
2013.11.01 14:37:51.464,1.23097,1.2311,1.50,2.07
2013.11.01 14:37:51.582,1.23097,1.2311,2.25,1.32
2013.11.01 14:37:51.704,1.23097,1.23108,2.25,1.69
2013.11.01 14:37:51.884,1.23095,1.23108,1.88,1.69
2013.11.01 14:37:51.944,1.23095,1.23108,2.82,1.13
2013.11.01 14:37:52.363,1.23095,1.2311,4.13,2.44
2013.11.01 14:37:53.203,1.23095,1.2311,4.69,2.25
2013.11.01 14:37:53.382,1.23096,1.23111,5.07,1.88
2013.11.01 14:37:53.562,1.23096,1.23111,5.45,1.13
2013.11.01 14:37:58.256,1.23096,1.23111,5.45,1.88
2013.11.01 14:38:00.312,1.23096,1.23109,4.70,1.13
2013.11.01 14:38:00.613,1.23095,1.23107,1.50,1.13
2013.11.01 14:38:00.672,1.23094,1.23107,1.50,1.13
2013.11.01 14:38:00.913,1.23092,1.23105,1.88,1.13
2013.11.01 14:38:01.554,1.23092,1.23105,1.88,1.13
2013.11.01 14:38:02.215,1.23092,1.23106,3.57,1.50
2013.11.01 14:38:02.578,1.23093,1.23107,3.57,1.13
2013.11.01 14:38:03.132,1.23094,1.23108,3.19,1.13
2013.11.01 14:38:11.464,1.23094,1.23105,2.25,1.88
2013.11.01 14:38:11.524,1.23092,1.23104,1.50,1.32
2013.11.01 14:38:12.072,1.23091,1.23103,1.13,1.88
2013.11.01 14:38:18.549,1.2309,1.23103,1.88,2.07
2013.11.01 14:38:19.452,1.23089,1.23103,2.63,2.07
2013.11.01 14:38:20.003,1.23089,1.23101,1.13,1.69
2013.11.01 14:38:20.724,1.23089,1.23101,1.32,1.50
2013.11.01 14:38:23.403,1.23089,1.23101,1.13,1.69
2013.11.01 14:38:23.943,1.23088,1.23101,1.13,1.69
2013.11.01 14:38:27.093,1.23088,1.23101,1.32,1.50
2013.11.01 14:38:27.394,1.23088,1.23098,1.88,1.32
2013.11.01 14:38:27.454,1.23088,1.231,1.88,2.07
2013.11.01 14:38:27.515,1.23088,1.231,1.88,2.44
2013.11.01 14:38:27.643,1.23088,1.231,1.50,2.07
2013.11.01 14:38:28.872,1.23086,1.23098,1.50,2.44
2013.11.01 14:38:29.112,1.23085,1.23098,2.63,1.32
2013.11.01 14:38:29.472,1.23085,1.23098,3.38,1.32
2013.11.01 14:38:29.772,1.23084,1.23097,2.63,1.50
2013.11.01 14:38:30.192,1.23084,1.23097,1.88,1.69
2013.11.01 14:38:34.292,1.23084,1.23097,1.50,2.07
2013.11.01 14:38:34.952,1.23082,1.23095,1.88,1.69
2013.11.01 14:38:35.781,1.23082,1.23095,2.26,1.69
2013.11.01 14:38:36.105,1.23084,1.23097,6.76,2.44
2013.11.01 14:38:36.233,1.23084,1.23098,5.63,2.07
2013.11.01 14:38:37.813,1.23084,1.23098,5.07,1.13
2013.11.01 14:38:37.873,1.23084,1.23099,5.07,1.13
2013.11.01 14:38:38.233,1.23086,1.231,3.75,1.13
2013.11.01 14:38:38.854,1.23088,1.23099,3.00,1.32
2013.11.01 14:38:38.974,1.23087,1.23099,1.50,1.32
2013.11.01 14:38:39.527,1.23087,1.231,1.50,2.07
2013.11.01 14:38:41.358,1.23087,1.231,1.50,2.44
2013.11.01 14:38:41.722,1.23087,1.231,1.50,1.13
2013.11.01 14:38:42.022,1.23087,1.231,1.50,2.44
2013.11.01 14:38:44.075,1.23087,1.231,3.00,1.13
2013.11.01 14:38:44.374,1.23088,1.23102,4.88,2.82
2013.11.01 14:38:44.733,1.23089,1.23103,2.63,3.57
2013.11.01 14:38:45.495,1.23089,1.23102,2.63,1.32
2013.11.01 14:38:45.674,1.23089,1.23103,2.63,1.69
2013.11.01 14:38:46.094,1.23091,1.23105,2.82,2.85
2013.11.01 14:38:46.597,1.23091,1.23103,1.69,1.13
2013.11.01 14:38:47.153,1.23091,1.23104,2.44,1.50
2013.11.01 14:38:47.692,1.23091,1.23104,2.44,1.50
2013.11.01 14:38:47.755,1.2309,1.23103,3.00,1.50
2013.11.01 14:38:48.414,1.2309,1.23103,2.25,1.50
2013.11.01 14:38:48.659,1.2309,1.23105,4.69,4.35
2013.11.01 14:38:51.252,1.23094,1.23104,2.64,1.50
2013.11.01 14:38:51.312,1.23092,1.23104,2.07,1.50
2013.11.01 14:38:51.887,1.23092,1.23105,3.94,1.13
2013.11.01 14:38:52.433,1.23093,1.23106,2.63,1.32
2013.11.01 14:38:53.057,1.23093,1.23106,2.63,1.13
2013.11.01 14:38:53.363,1.23093,1.23106,1.50,1.13
2013.11.01 14:38:53.483,1.23092,1.23104,1.50,1.13
2013.11.01 14:38:54.933,1.23092,1.23105,2.63,2.25
2013.11.01 14:38:55.114,1.23092,1.23106,3.94,1.13
2013.11.01 14:38:55.652,1.23092,1.23106,3.75,2.07
2013.11.01 14:38:56.192,1.23092,1.23105,1.50,1.88
2013.11.01 14:38:56.705,1.23092,1.23105,1.50,2.07
2013.11.01 14:38:58.935,1.23091,1.23104,2.25,2.07
2013.11.01 14:39:03.623,1.23091,1.23104,1.50,2.44
2013.11.01 14:39:03.926,1.23089,1.23101,1.50,2.07
2013.11.01 14:39:04.663,1.23089,1.23101,1.50,2.07
2013.11.01 14:39:04.782,1.23089,1.23102,1.50,1.50
2013.11.01 14:39:05.024,1.23089,1.23101,3.75,1.32
2013.11.01 14:39:05.562,1.23089,1.23101,1.50,1.32
2013.11.01 14:39:07.192,1.23089,1.23102,1.50,2.07
2013.11.01 14:39:07.615,1.23088,1.231,2.25,1.32
2013.11.01 14:39:08.043,1.23088,1.23102,4.13,2.25
2013.11.01 14:39:08.582,1.23088,1.23102,4.13,1.69
2013.11.01 14:39:09.222,1.23088,1.23102,4.13,1.50
2013.11.01 14:39:09.742,1.23089,1.23102,3.38,1.50
2013.11.01 14:39:10.368,1.23088,1.231,2.63,2.07
2013.11.01 14:39:10.553,1.23088,1.23102,4.13,1.50
2013.11.01 14:39:10.732,1.2309,1.23104,2.63,2.07
2013.11.01 14:39:11.624,1.2309,1.23104,4.88,2.44
2013.11.01 14:39:11.684,1.2309,1.23104,4.13,3.19
2013.11.01 14:39:12.044,1.23091,1.23104,2.63,1.69
2013.11.01 14:39:12.524,1.23091,1.23102,1.50,1.32
2013.11.01 14:39:12.773,1.23091,1.23102,1.50,1.69
2013.11.01 14:39:13.882,1.2309,1.23103,1.88,2.25
2013.11.01 14:39:14.183,1.2309,1.23103,2.63,1.88
2013.11.01 14:39:14.696,1.2309,1.23103,4.51,1.13
2013.11.01 14:39:15.056,1.2309,1.231,3.75,1.50
2013.11.01 14:39:15.593,1.23089,1.23099,1.35,1.13
2013.11.01 14:39:16.192,1.23087,1.23099,1.50,3.75
2013.11.01 14:39:16.553,1.23087,1.23098,1.50,1.50
2013.11.01 14:39:16.613,1.23087,1.231,2.63,2.25
2013.11.01 14:39:19.023,1.23087,1.23099,2.45,1.88
2013.11.01 14:39:19.202,1.23087,1.231,2.97,1.50
2013.11.01 14:39:19.323,1.23088,1.23102,3.20,2.63
2013.11.01 14:39:20.217,1.23088,1.23102,1.88,2.63
2013.11.01 14:39:20.823,1.23088,1.23102,3.20,1.88
2013.11.01 14:39:21.183,1.23088,1.23101,4.32,1.88
2013.11.01 14:39:21.493,1.23088,1.23101,4.70,1.88
2013.11.01 14:39:22.032,1.23088,1.23102,4.69,2.63
2013.11.01 14:39:23.033,1.23088,1.23102,5.07,2.25
2013.11.01 14:39:23.453,1.2309,1.23103,5.82,1.50
2013.11.01 14:39:23.692,1.23092,1.23105,3.94,2.25
2013.11.01 14:39:23.752,1.23094,1.23108,3.95,2.25
2013.11.01 14:39:23.872,1.23094,1.23109,5.07,1.50
2013.11.01 14:39:24.593,1.23095,1.2311,4.32,2.63
2013.11.01 14:39:25.114,1.23096,1.2311,3.00,1.88
2013.11.01 14:39:26.704,1.23096,1.2311,3.57,1.13
2013.11.01 14:39:27.062,1.23097,1.23111,3.95,1.50
2013.11.01 14:39:27.123,1.23097,1.23111,3.94,1.50
2013.11.01 14:39:27.303,1.23097,1.23111,3.57,1.50
2013.11.01 14:39:27.482,1.23097,1.2311,2.59,1.13
2013.11.01 14:39:27.603,1.23097,1.2311,2.07,1.13
2013.11.01 14:39:28.153,1.23096,1.23108,1.50,1.13
2013.11.01 14:39:28.693,1.23096,1.23109,5.82,1.50
2013.11.01 14:39:28.994,1.23099,1.2311,2.45,1.88
2013.11.01 14:39:29.113,1.23099,1.2311,2.45,1.13
2013.11.01 14:39:29.174,1.23099,1.2311,1.69,1.13
2013.11.01 14:39:29.473,1.23099,1.23111,1.13,1.13
2013.11.01 14:39:29.713,1.23099,1.23112,2.45,1.88
2013.11.01 14:39:30.258,1.23099,1.23112,1.32,1.13
2013.11.01 14:39:30.336,1.23099,1.23112,1.69,1.13
2013.11.01 14:39:30.466,1.23099,1.23112,1.32,1.13
2013.11.01 14:39:30.595,1.23099,1.23112,1.50,1.88
2013.11.01 14:39:31.983,1.23099,1.23112,1.50,1.13
2013.11.01 14:39:32.103,1.23099,1.23109,1.88,1.13
2013.11.01 14:39:32.223,1.23098,1.23108,1.50,1.50
2013.11.01 14:39:32.282,1.23098,1.23107,1.13,1.13
2013.11.01 14:39:32.463,1.23095,1.23108,1.50,1.13
2013.11.01 14:39:32.523,1.23095,1.23109,1.88,1.88
2013.11.01 14:39:32.702,1.23095,1.23109,2.45,1.88
2013.11.01 14:39:33.243,1.23095,1.23109,2.45,1.50
2013.11.01 14:39:33.603,1.23097,1.2311,3.20,1.50
2013.11.01 14:39:34.293,1.23097,1.2311,3.20,1.50
2013.11.01 14:39:34.775,1.23097,1.2311,3.20,1.88
2013.11.01 14:39:35.021,1.23097,1.2311,3.94,1.88
2013.11.01 14:39:35.393,1.23097,1.2311,2.07,2.63
2013.11.01 14:39:36.573,1.23097,1.2311,2.07,2.63
2013.11.01 14:39:36.693,1.23097,1.23109,2.07,1.50
2013.11.01 14:39:36.812,1.23097,1.23109,2.82,1.50
2013.11.01 14:39:37.354,1.23097,1.2311,2.82,1.88
2013.11.01 14:39:37.415,1.23097,1.2311,2.82,1.50
2013.11.01 14:39:38.924,1.23097,1.2311,2.82,1.50
2013.11.01 14:39:39.164,1.23097,1.23109,2.82,1.50
2013.11.01 14:39:39.285,1.23097,1.23108,1.88,1.13
2013.11.01 14:39:39.644,1.23097,1.23109,2.07,1.13
2013.11.01 14:39:40.434,1.23097,1.2311,2.07,2.63
2013.11.01 14:39:43.453,1.23095,1.23109,2.07,2.63
2013.11.01 14:39:44.534,1.23095,1.23109,2.25,2.82
2013.11.01 14:39:44.892,1.23096,1.2311,3.94,1.88
2013.11.01 14:39:45.614,1.23096,1.23109,3.19,1.13
2013.11.01 14:39:47.603,1.23096,1.23109,3.75,1.13
2013.11.01 14:39:48.493,1.23096,1.23109,3.00,1.13
2013.11.01 14:39:48.672,1.23095,1.23108,1.69,1.13
2013.11.01 14:39:50.213,1.23095,1.23109,2.07,1.50
2013.11.01 14:39:50.752,1.23095,1.23108,2.44,1.13
2013.11.01 14:39:52.816,1.23095,1.23108,3.94,1.50
2013.11.01 14:39:53.126,1.23096,1.23109,3.95,1.50
2013.11.01 14:39:53.363,1.23097,1.23112,6.57,1.50
2013.11.01 14:39:53.543,1.23098,1.23112,3.94,1.50
2013.11.01 14:39:53.902,1.23099,1.23114,4.69,1.50
2013.11.01 14:39:57.224,1.231,1.23114,2.45,1.50
2013.11.01 14:39:57.283,1.231,1.23114,3.57,1.50
2013.11.01 14:39:57.663,1.23101,1.23114,3.95,1.50
2013.11.01 14:39:57.784,1.23102,1.23116,5.07,1.88
2013.11.01 14:39:57.963,1.23104,1.23118,3.57,1.13
2013.11.01 14:39:58.648,1.23104,1.23118,4.51,1.13
2013.11.01 14:39:58.953,1.23104,1.23118,4.32,1.13
2013.11.01 14:39:59.013,1.23104,1.23118,3.94,1.13
2013.11.01 14:39:59.193,1.23103,1.23115,1.13,1.50
2013.11.01 14:39:59.764,1.23102,1.23115,2.07,1.50
2013.11.01 14:40:03.313,1.23102,1.23115,2.45,1.50
2013.11.01 14:40:03.673,1.23101,1.23115,2.07,1.50
2013.11.01 14:40:04.179,1.23101,1.23115,2.44,1.50
2013.11.01 14:40:04.973,1.23105,1.23119,3.00,1.13
2013.11.01 14:40:05.033,1.23104,1.23118,2.07,1.50
2013.11.01 14:40:06.113,1.23104,1.23118,2.07,1.88
2013.11.01 14:40:07.565,1.23104,1.23118,2.82,1.88
2013.11.01 14:40:07.683,1.23104,1.23118,2.63,1.88
2013.11.01 14:40:07.864,1.23104,1.23116,1.13,1.50
2013.11.01 14:40:14.143,1.23103,1.23116,1.69,1.50
2013.11.01 14:40:14.444,1.23103,1.23118,4.70,1.88
2013.11.01 14:40:14.565,1.23103,1.23118,4.70,1.88
2013.11.01 14:40:15.114,1.23105,1.23118,2.82,1.13
2013.11.01 14:40:15.475,1.23105,1.23119,3.57,1.13
2013.11.01 14:40:17.791,1.23106,1.2312,2.82,1.88
2013.11.01 14:40:17.930,1.23106,1.23118,1.69,1.50
2013.11.01 14:40:18.233,1.23106,1.2312,3.19,1.50
2013.11.01 14:40:18.987,1.23106,1.2312,3.20,1.50
2013.11.01 14:40:22.364,1.23107,1.2312,2.45,1.50
2013.11.01 14:40:25.379,1.23107,1.2312,2.44,2.25
2013.11.01 14:40:26.985,1.23107,1.23119,3.75,1.50
2013.11.01 14:40:27.165,1.23107,1.23119,2.44,1.50
2013.11.01 14:40:36.395,1.23107,1.23119,1.32,1.50
2013.11.01 14:40:36.573,1.23107,1.2312,1.69,3.00
2013.11.01 14:40:37.389,1.23106,1.23119,2.07,1.13
2013.11.01 14:40:37.808,1.23106,1.23119,1.32,1.13
2013.11.01 14:40:38.733,1.23106,1.23119,1.32,1.13
2013.11.01 14:40:39.243,1.23106,1.23119,4.32,2.25
2013.11.01 14:40:39.554,1.23106,1.23119,5.26,1.50
2013.11.01 14:40:42.744,1.23106,1.2312,5.25,2.63
2013.11.01 14:40:43.915,1.23109,1.23122,3.00,2.25
2013.11.01 14:40:44.614,1.23109,1.23121,2.07,1.50
2013.11.01 14:40:44.673,1.23109,1.23122,2.07,2.25
2013.11.01 14:40:44.793,1.23109,1.23122,1.69,1.50
2013.11.01 14:40:46.174,1.23109,1.23123,5.82,1.13
2013.11.01 14:40:46.474,1.2311,1.23123,3.57,1.13
2013.11.01 14:40:47.015,1.2311,1.23124,1.69,1.88
2013.11.01 14:40:47.485,1.23109,1.23122,1.32,1.50
2013.11.01 14:40:48.115,1.23109,1.23123,3.94,2.25
2013.11.01 14:40:48.173,1.23109,1.23123,5.07,1.50
2013.11.01 14:40:48.354,1.23111,1.23123,2.82,1.50
2013.11.01 14:40:48.713,1.23111,1.23123,2.82,2.25
2013.11.01 14:40:49.383,1.23111,1.23123,2.82,2.25
2013.11.01 14:40:49.444,1.23111,1.23123,1.69,2.25
2013.11.01 14:40:50.853,1.23111,1.23123,2.22,1.88
2013.11.01 14:40:50.974,1.23111,1.23123,1.69,2.25
2013.11.01 14:40:51.933,1.23111,1.23123,1.69,2.25
2013.11.01 14:40:51.994,1.23111,1.23123,2.22,2.25
2013.11.01 14:40:53.974,1.23111,1.23123,5.78,1.13
2013.11.01 14:40:54.034,1.23111,1.23123,4.47,1.13
2013.11.01 14:40:54.575,1.23111,1.23123,2.07,1.50
2013.11.01 14:40:55.785,1.23111,1.23123,1.69,1.50
2013.11.01 14:40:58.135,1.23111,1.23124,2.25,1.50
2013.11.01 14:40:58.494,1.23111,1.23122,1.50,1.50
2013.11.01 14:41:01.193,1.23111,1.23122,1.50,1.50
2013.11.01 14:41:01.373,1.23111,1.23124,2.25,1.69
2013.11.01 14:41:01.895,1.23111,1.23124,2.07,1.50
2013.11.01 14:41:10.443,1.23109,1.23121,2.82,1.50
2013.11.01 14:41:10.803,1.23109,1.23121,2.82,1.50
2013.11.01 14:41:12.656,1.23109,1.23121,1.32,3.38
2013.11.01 14:41:12.964,1.23107,1.23119,2.07,1.88
2013.11.01 14:41:14.283,1.23107,1.23119,1.32,1.88
2013.11.01 14:41:15.894,1.23107,1.23119,1.32,1.88
2013.11.01 14:41:16.373,1.23107,1.23119,2.82,1.50
2013.11.01 14:41:21.545,1.23107,1.2312,2.44,2.25
2013.11.01 14:41:23.963,1.23107,1.2312,3.19,1.50
2013.11.01 14:41:26.734,1.23108,1.23121,3.94,1.50
2013.11.01 14:41:30.394,1.23108,1.23121,2.44,1.50
2013.11.01 14:41:30.454,1.23108,1.23121,2.44,1.50
2013.11.01 14:41:37.005,1.23108,1.23121,3.76,1.13
2013.11.01 14:41:37.125,1.23108,1.23121,3.57,1.50
2013.11.01 14:41:37.243,1.23108,1.23121,2.44,1.50
2013.11.01 14:41:37.424,1.23108,1.23121,1.32,1.88
2013.11.01 14:41:50.223,1.23108,1.23121,5.07,1.88
2013.11.01 14:41:50.763,1.23108,1.23121,3.94,1.88
2013.11.01 14:41:52.665,1.23108,1.23121,2.07,1.50
2013.11.01 14:41:56.083,1.23108,1.23121,2.07,1.50
2013.11.01 14:42:06.790,1.23109,1.23121,3.00,1.50
2013.11.01 14:42:07.096,1.23111,1.23121,3.20,1.50
2013.11.01 14:42:07.574,1.23111,1.23123,2.07,2.10
2013.11.01 14:42:08.113,1.23111,1.2312,1.32,1.88
2013.11.01 14:42:08.684,1.23108,1.2312,3.57,1.13
2013.11.01 14:42:10.453,1.23108,1.2312,1.50,2.44
2013.11.01 14:42:10.996,1.23107,1.23119,1.69,2.63
2013.11.01 14:42:11.534,1.23107,1.23119,1.69,2.63
2013.11.01 14:42:17.454,1.23106,1.23118,3.00,1.32
2013.11.01 14:42:17.573,1.23106,1.23118,3.00,1.13
2013.11.01 14:42:18.114,1.23106,1.23118,3.19,1.50
2013.11.01 14:42:18.964,1.23106,1.23118,4.50,1.32
2013.11.01 14:42:19.024,1.23106,1.23117,1.50,2.07
2013.11.01 14:42:19.204,1.23106,1.23117,1.50,1.50
2013.11.01 14:42:19.933,1.23106,1.23117,1.50,2.07
2013.11.01 14:42:20.114,1.23106,1.23117,1.50,1.50
2013.11.01 14:42:23.713,1.23106,1.23117,1.50,2.07
2013.11.01 14:42:25.684,1.23106,1.23117,1.50,1.50
2013.11.01 14:42:25.865,1.23106,1.23117,1.50,2.07
2013.11.01 14:42:28.214,1.23106,1.23118,1.50,2.07
2013.11.01 14:42:31.004,1.23106,1.23118,1.50,1.88
2013.11.01 14:42:32.486,1.23106,1.23118,1.50,2.07
2013.11.01 14:42:32.906,1.23106,1.2312,4.69,2.85
2013.11.01 14:42:34.596,1.23106,1.2312,4.69,2.85
2013.11.01 14:42:34.717,1.23106,1.2312,4.50,2.29
2013.11.01 14:42:35.264,1.23106,1.2312,4.50,2.29
2013.11.01 14:42:38.866,1.23106,1.23118,2.34,1.32
2013.11.01 14:42:39.990,1.23106,1.23118,2.34,1.13
2013.11.01 14:42:40.681,1.23106,1.23119,2.91,1.88
2013.11.01 14:42:41.368,1.23107,1.2312,2.91,2.25
2013.11.01 14:42:45.084,1.23107,1.2312,2.91,2.25
2013.11.01 14:42:45.698,1.23106,1.23118,2.34,1.32
2013.11.01 14:42:47.685,1.23106,1.23117,1.50,1.32
2013.11.01 14:42:47.804,1.23106,1.23118,3.57,1.50
2013.11.01 14:42:48.045,1.23108,1.23119,3.10,1.50
2013.11.01 14:42:48.104,1.23109,1.23121,3.57,1.88
2013.11.01 14:42:48.164,1.23109,1.23121,3.57,1.50
2013.11.01 14:42:48.704,1.23109,1.2312,2.07,1.50
2013.11.01 14:42:48.763,1.23109,1.2312,1.50,1.50
2013.11.01 14:42:49.904,1.23108,1.2312,2.85,2.25
2013.11.01 14:42:56.284,1.23108,1.23121,4.32,2.25
2013.11.01 14:42:56.345,1.23108,1.23121,2.44,1.50
2013.11.01 14:42:56.466,1.2311,1.23122,2.45,2.25
2013.11.01 14:42:56.526,1.2311,1.23123,3.20,1.13
2013.11.01 14:42:56.645,1.23111,1.23125,6.19,1.50
2013.11.01 14:42:59.271,1.23113,1.23126,2.82,1.88
2013.11.01 14:42:59.396,1.23114,1.23127,5.44,1.50
2013.11.01 14:42:59.454,1.23115,1.23128,4.14,1.50
2013.11.01 14:43:00.007,1.23118,1.2313,2.45,1.13
2013.11.01 14:43:01.306,1.23118,1.2313,1.69,1.13
2013.11.01 14:43:01.783,1.23115,1.23128,2.07,1.50
2013.11.01 14:43:02.083,1.23117,1.23129,3.00,1.69
2013.11.01 14:43:02.624,1.23117,1.23129,1.50,1.50
2013.11.01 14:43:02.926,1.23117,1.23128,1.50,1.13
2013.11.01 14:43:06.175,1.23115,1.23128,1.69,1.88
2013.11.01 14:43:06.713,1.23115,1.23128,3.19,1.13
2013.11.01 14:43:07.849,1.23115,1.23129,3.00,1.13
2013.11.01 14:43:08.517,1.23115,1.23128,1.50,2.44
2013.11.01 14:43:08.704,1.23113,1.23126,2.63,1.50
2013.11.01 14:43:08.946,1.23113,1.23126,1.50,1.50
2013.11.01 14:43:09.304,1.23113,1.23126,3.75,1.32
2013.11.01 14:43:10.216,1.23113,1.23125,3.57,1.13
2013.11.01 14:43:10.335,1.23113,1.23127,4.32,2.48
2013.11.01 14:43:10.576,1.23114,1.23128,5.82,1.13
2013.11.01 14:43:14.992,1.23117,1.2313,2.82,2.85
2013.11.01 14:43:15.294,1.23117,1.23124,1.13,1.13
2013.11.01 14:43:15.824,1.23115,1.23124,1.32,1.13
2013.11.01 14:43:18.585,1.23115,1.23126,1.69,1.50
2013.11.01 14:43:18.704,1.23115,1.23123,1.13,1.13
2013.11.01 14:43:18.765,1.23115,1.23125,2.44,1.35
2013.11.01 14:43:18.943,1.23115,1.23122,3.57,1.50
2013.11.01 14:43:19.004,1.23115,1.23127,1.69,2.25
2013.11.01 14:43:19.123,1.23115,1.23128,3.57,1.13
2013.11.01 14:43:25.834,1.23116,1.23128,2.82,1.13
2013.11.01 14:43:26.374,1.23116,1.2313,4.32,4.50
2013.11.01 14:43:26.674,1.23116,1.23129,4.69,1.13
2013.11.01 14:43:26.914,1.23118,1.23128,2.82,1.50
2013.11.01 14:43:27.453,1.23118,1.2313,2.82,2.25
2013.11.01 14:43:27.754,1.23114,1.23123,2.07,1.50
2013.11.01 14:43:27.934,1.23113,1.2312,1.69,1.13
2013.11.01 14:43:28.475,1.23111,1.2312,1.69,1.13
2013.11.01 14:43:31.964,1.23111,1.23123,2.07,1.73
2013.11.01 14:43:33.495,1.23111,1.23123,3.00,1.73
2013.11.01 14:43:33.674,1.23111,1.23123,2.07,1.73
2013.11.01 14:43:33.734,1.23111,1.23122,2.07,1.13
2013.11.01 14:43:34.033,1.23111,1.23122,1.88,1.13
2013.11.01 14:43:35.890,1.23111,1.23122,1.88,1.13
2013.11.01 14:43:37.394,1.23111,1.23122,1.50,1.13
2013.11.01 14:43:37.745,1.23111,1.23122,1.88,1.13
2013.11.01 14:43:39.026,1.23111,1.23122,2.07,1.13
2013.11.01 14:43:40.565,1.23111,1.23122,1.69,1.13
2013.11.01 14:43:41.102,1.23111,1.23122,1.69,1.13
2013.11.01 14:43:43.254,1.23111,1.23122,1.69,1.13
2013.11.01 14:43:44.404,1.23111,1.23122,1.69,1.13
2013.11.01 14:43:44.944,1.23111,1.23121,1.69,1.13
2013.11.01 14:43:45.616,1.23111,1.23122,1.50,1.13
2013.11.01 14:43:46.133,1.23111,1.23122,2.44,1.73
2013.11.01 14:43:46.674,1.23111,1.23122,1.50,4.35
2013.11.01 14:43:53.557,1.23111,1.2312,1.50,1.50
2013.11.01 14:43:54.094,1.2311,1.23121,1.50,1.50
2013.11.01 14:44:04.925,1.2311,1.23121,2.25,1.13
2013.11.01 14:44:05.464,1.2311,1.23123,2.25,1.73
2013.11.01 14:44:09.534,1.2311,1.23123,2.82,1.73
2013.11.01 14:44:09.834,1.2311,1.23123,2.82,1.73
2013.11.01 14:44:09.953,1.2311,1.23123,2.25,1.73
2013.11.01 14:44:10.254,1.23111,1.23123,3.75,1.35
2013.11.01 14:44:23.895,1.23112,1.23122,3.57,1.13
2013.11.01 14:44:24.254,1.23117,1.23128,3.00,1.50
2013.11.01 14:44:24.916,1.23118,1.2313,3.00,2.63
2013.11.01 14:44:25.464,1.23118,1.2313,3.00,4.13
2013.11.01 14:44:25.704,1.23117,1.2313,1.50,4.88
2013.11.01 14:44:26.424,1.23117,1.2313,1.69,4.13
2013.11.01 14:44:26.854,1.23116,1.23128,3.75,1.50
2013.11.01 14:44:27.094,1.23116,1.23127,1.50,1.13
2013.11.01 14:44:27.854,1.23115,1.23128,2.07,1.13
2013.11.01 14:44:27.914,1.23115,1.23129,2.07,2.25
2013.11.01 14:44:28.214,1.23115,1.23128,1.69,1.13
2013.11.01 14:44:32.255,1.23115,1.23128,1.50,1.69
2013.11.01 14:44:32.793,1.23114,1.23126,1.50,1.13
2013.11.01 14:44:36.005,1.23114,1.23127,3.38,1.50
2013.11.01 14:44:36.128,1.23115,1.23129,5.44,2.25
2013.11.01 14:44:37.974,1.23115,1.23129,5.82,1.50
2013.11.01 14:44:40.934,1.23116,1.23129,3.20,1.13
2013.11.01 14:44:41.053,1.23116,1.23129,2.82,1.50
2013.11.01 14:44:42.889,1.23116,1.23127,2.63,1.35
2013.11.01 14:44:43.014,1.23112,1.23123,2.44,1.13
2013.11.01 14:44:43.134,1.23112,1.23124,2.44,1.13
2013.11.01 14:44:45.015,1.23112,1.23124,2.45,1.13
2013.11.01 14:44:48.514,1.23112,1.23123,2.44,1.50
2013.11.01 14:44:52.954,1.23112,1.23123,2.45,1.50
2013.11.01 14:44:55.276,1.23112,1.23123,1.32,1.50
2013.11.01 14:44:55.394,1.23112,1.23123,1.32,1.50
2013.11.01 14:44:55.455,1.23112,1.23122,1.13,1.50
2013.11.01 14:44:55.634,1.2311,1.23121,1.50,2.10
2013.11.01 14:44:56.223,1.23109,1.23121,1.50,2.48
2013.11.01 14:44:59.166,1.23109,1.2312,2.25,1.35
2013.11.01 14:44:59.525,1.23109,1.23121,2.44,1.73
2013.11.01 14:45:01.147,1.23109,1.23121,2.07,1.35
2013.11.01 14:45:01.575,1.2311,1.23121,3.20,1.73
2013.11.01 14:45:01.755,1.2311,1.2312,1.69,1.13
2013.11.01 14:45:02.374,1.2311,1.23121,2.07,1.35
2013.11.01 14:45:02.434,1.2311,1.23121,3.19,1.35
2013.11.01 14:45:04.204,1.2311,1.23121,2.07,1.35
2013.11.01 14:45:04.384,1.2311,1.2312,1.69,1.13
2013.11.01 14:45:04.584,1.2311,1.23121,3.57,1.35
2013.11.01 14:45:04.644,1.2311,1.23121,3.19,1.35
2013.11.01 14:45:12.484,1.2311,1.23122,2.07,2.25
2013.11.01 14:45:13.563,1.23111,1.23122,2.82,1.50
2013.11.01 14:45:13.684,1.23111,1.23123,2.82,2.85
2013.11.01 14:45:14.285,1.23111,1.23123,2.82,2.85
2013.11.01 14:45:14.823,1.23111,1.23123,2.82,2.85
2013.11.01 14:45:15.367,1.23111,1.23122,2.25,1.32
2013.11.01 14:45:15.614,1.23109,1.23121,1.50,1.88
2013.11.01 14:45:18.664,1.23109,1.23121,1.69,1.50
2013.11.01 14:45:18.724,1.23109,1.23121,1.69,1.50
2013.11.01 14:45:19.264,1.23109,1.23121,1.50,2.25
2013.11.01 14:45:19.949,1.23109,1.2312,2.25,1.73
2013.11.01 14:45:21.184,1.23109,1.2312,1.88,1.35
2013.11.01 14:45:21.305,1.23109,1.2312,4.13,1.35
2013.11.01 14:45:21.365,1.23109,1.23121,1.69,1.50
2013.11.01 14:45:21.724,1.23109,1.23121,3.94,1.73
2013.11.01 14:45:26.695,1.23109,1.23121,1.69,1.73
2013.11.01 14:45:26.755,1.23109,1.23121,2.07,1.73
2013.11.01 14:45:26.875,1.23109,1.23121,2.44,1.50
2013.11.01 14:45:27.116,1.23109,1.23122,5.07,2.25
2013.11.01 14:45:27.674,1.23109,1.23122,4.69,2.25
2013.11.01 14:45:27.975,1.23109,1.23121,1.69,1.88
2013.11.01 14:45:28.514,1.23109,1.23121,2.25,1.13
2013.11.01 14:45:29.056,1.23109,1.23121,1.50,1.13
2013.11.01 14:45:32.881,1.23109,1.23121,1.69,1.13
2013.11.01 14:45:39.485,1.23109,1.23119,1.69,1.13
2013.11.01 14:45:39.724,1.23108,1.23117,1.32,3.00
2013.11.01 14:45:39.844,1.23108,1.2312,2.07,1.50
2013.11.01 14:45:41.698,1.23108,1.2312,2.07,1.88
2013.11.01 14:45:42.014,1.23108,1.23119,1.32,2.63
2013.11.01 14:45:42.565,1.23108,1.23119,2.82,1.13
2013.11.01 14:45:44.668,1.23108,1.23119,2.82,1.50
2013.11.01 14:45:44.844,1.23108,1.23117,2.82,5.25
2013.11.01 14:45:45.204,1.23108,1.2312,1.69,1.73
2013.11.01 14:45:45.549,1.23108,1.2312,2.82,1.73
2013.11.01 14:45:50.655,1.23108,1.2312,2.82,1.73
2013.11.01 14:45:56.165,1.23108,1.23121,2.82,2.48
2013.11.01 14:45:56.584,1.23108,1.23115,1.32,1.50
2013.11.01 14:45:56.704,1.23108,1.2312,2.07,2.25
2013.11.01 14:46:00.745,1.23108,1.23114,2.44,1.13
2013.11.01 14:46:00.864,1.23108,1.23117,1.69,5.63
2013.11.01 14:46:00.925,1.23108,1.23117,1.69,5.25
2013.11.01 14:46:01.464,1.23108,1.23121,1.50,1.73
2013.11.01 14:46:07.446,1.23108,1.2312,2.82,1.50
2013.11.01 14:46:16.964,1.23108,1.23121,1.50,2.10
2013.11.01 14:46:17.674,1.23108,1.2312,1.50,1.13
2013.11.01 14:46:17.974,1.23107,1.23119,1.50,1.13
2013.11.01 14:46:18.514,1.23106,1.23119,2.44,1.13
2013.11.01 14:46:19.725,1.23106,1.23119,3.57,1.88
2013.11.01 14:46:19.904,1.23109,1.23122,2.82,4.13
2013.11.01 14:46:20.024,1.23109,1.23122,3.57,1.13
2013.11.01 14:46:20.145,1.2311,1.23124,3.20,3.75
2013.11.01 14:46:20.264,1.2311,1.23123,3.72,1.50
2013.11.01 14:46:20.384,1.23111,1.23124,3.57,1.88
2013.11.01 14:46:20.505,1.23111,1.23125,4.70,1.88
2013.11.01 14:46:21.044,1.23112,1.23126,5.07,3.60
2013.11.01 14:46:30.491,1.23112,1.23125,2.07,2.25
2013.11.01 14:46:30.567,1.23113,1.23125,3.19,1.50
2013.11.01 14:46:30.625,1.23115,1.23127,3.19,1.88
2013.11.01 14:46:30.745,1.23117,1.2313,3.19,2.25
2013.11.01 14:46:32.497,1.23117,1.2313,2.44,1.88
2013.11.01 14:46:32.555,1.23117,1.2313,2.44,1.88
2013.11.01 14:46:33.108,1.23116,1.23128,1.69,1.13
2013.11.01 14:46:33.544,1.23116,1.23128,1.69,1.13
2013.11.01 14:46:33.724,1.23113,1.23126,2.25,1.32
2013.11.01 14:46:37.525,1.23113,1.23126,2.25,2.25
2013.11.01 14:46:37.704,1.23111,1.23124,1.69,2.63
2013.11.01 14:46:45.114,1.23111,1.23124,2.44,1.88
2013.11.01 14:46:45.885,1.23112,1.23125,3.75,1.88
2013.11.01 14:46:48.266,1.23112,1.23125,3.19,1.88
2013.11.01 14:46:48.804,1.23112,1.23125,1.50,2.25
2013.11.01 14:46:52.380,1.23112,1.23123,1.50,1.13
2013.11.01 14:46:52.864,1.23111,1.23123,1.88,1.88
2013.11.01 14:46:53.045,1.23111,1.23123,2.63,1.88
2013.11.01 14:46:53.404,1.23111,1.23123,1.88,1.13
2013.11.01 14:46:59.404,1.23111,1.23123,2.44,1.13
2013.11.01 14:46:59.464,1.23111,1.23123,1.50,1.69
2013.11.01 14:46:59.585,1.23111,1.23124,1.69,1.50
2013.11.01 14:47:00.134,1.23111,1.23123,1.69,1.13
2013.11.01 14:47:03.147,1.23111,1.23124,3.20,2.10
2013.11.01 14:47:03.276,1.23112,1.23125,4.32,1.13
2013.11.01 14:47:03.395,1.23112,1.23124,2.63,1.50
2013.11.01 14:47:03.934,1.23111,1.23123,1.50,1.13
2013.11.01 14:47:09.286,1.23108,1.23122,4.32,1.50
2013.11.01 14:47:09.644,1.23108,1.23121,2.25,2.07
2013.11.01 14:47:10.194,1.23106,1.23119,2.25,1.13
2013.11.01 14:47:10.854,1.23106,1.2312,3.75,1.32
2013.11.01 14:47:12.235,1.23107,1.23121,3.00,2.44
2013.11.01 14:47:12.354,1.23106,1.23119,3.00,1.32
2013.11.01 14:47:13.308,1.23106,1.23119,2.44,1.13
2013.11.01 14:47:13.384,1.23107,1.23121,3.57,1.13
2013.11.01 14:47:14.806,1.23106,1.23119,2.82,1.13
2013.11.01 14:47:15.116,1.23106,1.23119,2.45,1.13
2013.11.01 14:47:16.408,1.23106,1.23119,4.09,1.13
2013.11.01 14:47:16.535,1.23107,1.23118,3.19,1.13
2013.11.01 14:47:17.075,1.23107,1.23119,1.32,1.13
2013.11.01 14:47:20.593,1.23106,1.23119,2.59,1.13
2013.11.01 14:47:21.976,1.23106,1.23119,2.25,1.13
2013.11.01 14:47:24.805,1.23106,1.23116,2.25,1.88
2013.11.01 14:47:25.344,1.23103,1.23116,4.32,1.13
2013.11.01 14:47:26.264,1.23103,1.23117,4.32,2.25
2013.11.01 14:47:26.338,1.23103,1.23117,2.07,2.63
2013.11.01 14:47:26.404,1.23103,1.23117,3.57,1.13
2013.11.01 14:47:26.464,1.23103,1.23117,3.57,1.13
2013.11.01 14:47:29.144,1.23103,1.23117,3.19,1.88
2013.11.01 14:47:30.674,1.23103,1.23117,2.44,1.88
2013.11.01 14:47:31.245,1.23102,1.23116,3.94,1.50
2013.11.01 14:47:31.745,1.23103,1.23117,3.19,1.13
2013.11.01 14:47:31.865,1.23104,1.23118,2.63,1.50
2013.11.01 14:47:32.164,1.23106,1.2312,4.50,2.07
2013.11.01 14:47:34.425,1.23107,1.2312,3.00,2.07
2013.11.01 14:47:36.874,1.23107,1.23119,1.69,1.13
2013.11.01 14:47:37.415,1.23105,1.23118,2.25,1.88
2013.11.01 14:47:38.194,1.23105,1.23116,1.50,1.50
2013.11.01 14:47:39.494,1.23103,1.23116,2.82,1.50
2013.11.01 14:47:40.004,1.23103,1.23116,2.07,1.50
2013.11.01 14:47:42.065,1.23103,1.23115,1.32,1.50
2013.11.01 14:47:42.185,1.23104,1.23118,2.97,2.25
2013.11.01 14:47:42.807,1.23103,1.23117,1.69,2.63
2013.11.01 14:47:43.316,1.23102,1.23116,2.82,1.50
2013.11.01 14:47:47.724,1.23102,1.23114,1.13,1.50
2013.11.01 14:47:48.575,1.23101,1.23114,1.69,1.50
2013.11.01 14:47:54.934,1.231,1.23113,2.82,3.00
2013.11.01 14:47:55.807,1.231,1.23112,2.44,1.50
2013.11.01 14:47:56.286,1.231,1.23113,3.94,1.50
2013.11.01 14:47:56.405,1.231,1.23113,6.57,1.50
2013.11.01 14:47:56.830,1.231,1.23113,2.44,2.25
2013.11.01 14:47:57.276,1.231,1.23111,1.50,1.50
2013.11.01 14:47:57.576,1.231,1.23113,2.25,3.75
2013.11.01 14:47:59.795,1.231,1.23113,2.44,1.50
2013.11.01 14:48:00.336,1.23099,1.23112,3.00,2.44
2013.11.01 14:48:00.884,1.23098,1.2311,2.25,1.13
2013.11.01 14:48:07.475,1.23098,1.2311,3.53,1.13
2013.11.01 14:48:08.745,1.231,1.23112,2.82,1.88
2013.11.01 14:48:09.425,1.231,1.23111,2.44,1.13
2013.11.01 14:48:28.835,1.231,1.2311,2.07,1.13
2013.11.01 14:48:29.435,1.231,1.2311,1.69,1.13
2013.11.01 14:48:36.134,1.231,1.23111,1.69,1.88
2013.11.01 14:48:36.674,1.231,1.23111,1.69,1.88
2013.11.01 14:48:38.374,1.231,1.2311,1.50,1.13
2013.11.01 14:48:38.554,1.23099,1.2311,1.13,1.13
2013.11.01 14:48:39.094,1.23099,1.23111,2.44,1.13
2013.11.01 14:48:39.835,1.23099,1.23111,2.44,1.13
2013.11.01 14:48:40.614,1.23099,1.23111,1.94,1.88
2013.11.01 14:48:41.156,1.23099,1.23111,3.19,1.13
2013.11.01 14:48:41.277,1.23099,1.23113,2.63,3.75
2013.11.01 14:48:41.754,1.23099,1.2311,1.13,1.13
2013.11.01 14:48:43.368,1.23098,1.2311,2.63,1.13
2013.11.01 14:48:43.426,1.23098,1.2311,2.25,1.13
2013.11.01 14:48:43.604,1.23098,1.2311,1.50,1.13
2013.11.01 14:48:47.299,1.23098,1.2311,1.50,1.69
2013.11.01 14:48:48.982,1.23098,1.2311,1.50,1.69
2013.11.01 14:48:49.107,1.23098,1.2311,1.50,1.32
2013.11.01 14:48:50.514,1.23098,1.2311,1.50,1.32
2013.11.01 14:48:50.694,1.23097,1.2311,2.25,2.44
2013.11.01 14:48:51.055,1.23097,1.2311,2.25,3.19
2013.11.01 14:48:51.254,1.23097,1.2311,2.25,3.19
2013.11.01 14:48:51.794,1.23097,1.2311,3.00,1.69
2013.11.01 14:48:54.874,1.23097,1.2311,3.75,2.44
2013.11.01 14:48:54.934,1.23097,1.2311,3.75,2.07
2013.11.01 14:48:56.146,1.23097,1.2311,3.75,1.88
2013.11.01 14:48:57.688,1.23097,1.2311,4.32,1.88
2013.11.01 14:48:57.817,1.23097,1.2311,4.47,1.88
2013.11.01 14:48:58.365,1.23097,1.2311,4.13,1.13
2013.11.01 14:48:58.945,1.23097,1.2311,4.13,1.88
2013.11.01 14:49:02.034,1.23097,1.2311,3.38,2.63
2013.11.01 14:49:05.446,1.23097,1.2311,4.70,2.63
2013.11.01 14:49:05.748,1.23103,1.23116,8.07,2.25
2013.11.01 14:49:05.934,1.23103,1.23115,3.19,1.13
2013.11.01 14:49:06.054,1.23101,1.23114,2.25,1.50
2013.11.01 14:49:06.234,1.231,1.23113,3.19,1.50
2013.11.01 14:49:13.285,1.231,1.23113,2.82,2.25
2013.11.01 14:49:13.646,1.231,1.23113,6.50,1.50
2013.11.01 14:49:14.184,1.231,1.23114,6.72,1.50
2013.11.01 14:49:14.728,1.231,1.23114,6.95,1.50
2013.11.01 14:49:15.264,1.231,1.23114,6.57,1.50
2013.11.01 14:49:18.704,1.231,1.23114,4.69,1.50
2013.11.01 14:49:22.164,1.231,1.23112,2.07,1.50
2013.11.01 14:49:22.971,1.231,1.23112,3.57,1.50
2013.11.01 14:49:23.955,1.231,1.23112,2.07,1.50
2013.11.01 14:49:24.602,1.231,1.23112,2.44,1.50
2013.11.01 14:49:25.105,1.231,1.23112,2.63,1.50
2013.11.01 14:49:26.220,1.231,1.23112,2.07,1.50
2013.11.01 14:49:28.747,1.231,1.23112,2.44,1.50
2013.11.01 14:49:28.815,1.231,1.23112,2.07,1.50
2013.11.01 14:49:29.424,1.231,1.23112,1.88,1.69
2013.11.01 14:49:29.484,1.231,1.23112,2.07,1.50
2013.11.01 14:49:30.024,1.231,1.23112,1.88,1.50
2013.11.01 14:49:33.574,1.23098,1.2311,3.19,1.50
2013.11.01 14:49:34.115,1.23098,1.2311,1.69,1.88
2013.11.01 14:49:35.195,1.23098,1.2311,2.82,1.13
2013.11.01 14:49:35.435,1.231,1.23113,2.26,1.50
2013.11.01 14:49:36.444,1.231,1.23114,4.51,2.07
2013.11.01 14:49:40.726,1.231,1.23114,4.88,2.82
2013.11.01 14:49:41.328,1.231,1.23111,4.88,1.50
2013.11.01 14:49:46.034,1.231,1.23114,4.88,2.82
2013.11.01 14:49:46.094,1.231,1.23114,4.88,2.07
2013.11.01 14:49:46.600,1.231,1.23114,4.88,2.07
2013.11.01 14:49:46.844,1.231,1.23111,5.07,1.50
2013.11.01 14:49:56.945,1.231,1.23111,3.38,1.50
2013.11.01 14:49:59.795,1.231,1.23111,1.88,2.82
2013.11.01 14:50:00.096,1.23099,1.23108,1.50,1.50
2013.11.01 14:50:00.635,1.23098,1.23108,1.32,1.50
2013.11.01 14:50:00.994,1.23098,1.23108,3.57,1.50
2013.11.01 14:50:01.535,1.23098,1.23108,3.57,1.50
2013.11.01 14:50:04.520,1.23098,1.23108,3.57,1.50
2013.11.01 14:50:07.604,1.23098,1.23108,3.57,1.50
2013.11.01 14:50:07.915,1.23098,1.23108,5.07,1.50
2013.11.01 14:50:10.324,1.23099,1.23108,4.32,1.50
2013.11.01 14:50:11.044,1.23098,1.23108,2.25,1.50
2013.11.01 14:50:13.659,1.23098,1.23108,2.82,1.50
2013.11.01 14:50:13.785,1.23098,1.23108,2.82,1.50
2013.11.01 14:50:14.085,1.23098,1.23108,3.20,2.25
2013.11.01 14:50:14.281,1.23098,1.23108,3.19,2.25
2013.11.01 14:50:16.652,1.23098,1.23108,1.69,1.50
2013.11.01 14:50:21.820,1.23097,1.23108,2.07,1.50
2013.11.01 14:50:24.238,1.23097,1.23108,1.32,1.50
2013.11.01 14:50:24.434,1.23097,1.23108,2.97,1.50
2013.11.01 14:50:30.183,1.23097,1.23108,2.44,1.50
2013.11.01 14:50:33.244,1.23098,1.23108,3.20,1.50
2013.11.01 14:50:33.785,1.23098,1.23108,2.25,1.50
2013.11.01 14:50:41.217,1.23098,1.23108,1.50,1.50
2013.11.01 14:50:41.754,1.23098,1.23108,1.50,1.50
2013.11.01 14:50:42.515,1.23098,1.23108,1.50,1.50
2013.11.01 14:50:44.247,1.23098,1.23108,1.50,1.50
2013.11.01 14:50:51.014,1.23097,1.23108,1.50,1.50
2013.11.01 14:50:55.010,1.23097,1.23108,1.50,1.69
2013.11.01 14:50:55.564,1.23097,1.23108,1.50,2.07
2013.11.01 14:51:01.935,1.23097,1.23108,2.25,1.50
2013.11.01 14:51:02.475,1.23097,1.23108,3.75,1.50
2013.11.01 14:51:05.765,1.23097,1.23108,4.17,1.50
2013.11.01 14:51:06.125,1.231,1.23108,5.07,1.50
2013.11.01 14:51:06.906,1.231,1.23109,5.07,1.50
2013.11.01 14:51:06.964,1.231,1.2311,6.04,1.50
2013.11.01 14:51:07.894,1.23101,1.23111,5.07,1.50
2013.11.01 14:51:09.115,1.23102,1.23112,2.82,1.50
2013.11.01 14:51:10.438,1.23102,1.23111,2.82,1.50
2013.11.01 14:51:10.626,1.23102,1.23112,3.57,1.50
2013.11.01 14:51:12.755,1.23102,1.23111,2.82,1.50
2013.11.01 14:51:13.725,1.23102,1.23111,3.95,2.25
2013.11.01 14:51:13.982,1.23102,1.23111,4.70,2.25
2013.11.01 14:51:14.414,1.23102,1.23111,4.70,1.50
2013.11.01 14:51:16.495,1.23102,1.23111,3.95,1.50
2013.11.01 14:51:20.514,1.23102,1.23112,3.20,2.25
2013.11.01 14:51:21.294,1.23103,1.23117,3.57,3.00
2013.11.01 14:51:24.399,1.23103,1.23112,3.57,1.50
2013.11.01 14:51:24.526,1.23103,1.23113,4.32,1.50
2013.11.01 14:51:26.124,1.23103,1.23111,4.13,2.25
2013.11.01 14:51:26.638,1.23103,1.23111,1.32,1.50
2013.11.01 14:51:28.616,1.23102,1.23111,2.44,1.50
2013.11.01 14:51:28.674,1.23102,1.23111,2.82,1.50
2013.11.01 14:51:28.980,1.23102,1.2311,3.94,1.50
2013.11.01 14:51:30.647,1.23102,1.2311,3.94,1.50
2013.11.01 14:51:33.326,1.23102,1.23111,2.44,1.50
2013.11.01 14:51:33.947,1.23102,1.23111,2.82,1.50
2013.11.01 14:51:36.006,1.23102,1.23111,3.57,2.25
2013.11.01 14:51:37.496,1.23102,1.23112,3.19,1.50
2013.11.01 14:51:37.914,1.23102,1.23113,2.44,1.50
2013.11.01 14:51:37.975,1.23102,1.23113,4.32,1.50
2013.11.01 14:51:38.156,1.23103,1.23116,4.32,1.50
2013.11.01 14:51:38.277,1.23105,1.23118,2.82,1.88
2013.11.01 14:51:38.406,1.23105,1.23118,3.95,1.50
2013.11.01 14:51:38.645,1.23105,1.23118,7.55,1.50
2013.11.01 14:51:39.005,1.23107,1.23119,2.45,1.50
2013.11.01 14:51:42.365,1.23108,1.23119,3.20,1.50
2013.11.01 14:51:42.666,1.2311,1.23119,3.20,1.50
2013.11.01 14:51:42.788,1.2311,1.23122,5.44,2.25
2013.11.01 14:51:42.856,1.2311,1.23122,3.76,2.44
2013.11.01 14:51:43.585,1.2311,1.23117,3.00,1.50
2013.11.01 14:51:43.764,1.23106,1.23117,2.44,2.25
2013.11.01 14:51:43.824,1.23106,1.23117,2.07,2.25
2013.11.01 14:51:44.494,1.23106,1.23117,1.69,2.25
2013.11.01 14:51:45.034,1.23106,1.23117,1.69,2.25
2013.11.01 14:51:45.535,1.23106,1.23117,2.07,2.25
2013.11.01 14:51:46.845,1.23106,1.23117,3.95,1.50
2013.11.01 14:51:46.964,1.23107,1.23119,3.95,2.25
2013.11.01 14:51:47.505,1.23107,1.23119,6.57,1.50
2013.11.01 14:51:47.805,1.2311,1.23122,2.82,1.50
2013.11.01 14:51:48.468,1.2311,1.2312,1.69,1.50
2013.11.01 14:51:48.526,1.2311,1.2312,1.69,1.50
2013.11.01 14:51:48.826,1.23109,1.23119,1.32,1.50
2013.11.01 14:51:49.006,1.23108,1.23119,2.07,1.50
2013.11.01 14:51:49.066,1.23108,1.23119,2.45,1.50
2013.11.01 14:51:49.188,1.23108,1.23119,1.69,1.50
2013.11.01 14:51:49.366,1.23107,1.23117,2.07,1.50
2013.11.01 14:51:49.485,1.23106,1.23117,2.07,1.50
2013.11.01 14:51:50.024,1.23106,1.23118,1.32,3.00
2013.11.01 14:51:50.535,1.23106,1.23118,1.50,2.25
2013.11.01 14:51:51.675,1.23106,1.23118,1.69,2.25
2013.11.01 14:51:51.795,1.23106,1.23118,3.57,1.50
2013.11.01 14:51:51.915,1.23106,1.23118,3.57,2.25
2013.11.01 14:51:52.393,1.23106,1.23118,3.00,2.25
2013.11.01 14:51:52.470,1.23104,1.23116,1.50,1.50
2013.11.01 14:51:52.594,1.23104,1.23117,1.50,1.88
2013.11.01 14:51:53.195,1.23104,1.23117,3.57,1.88
2013.11.01 14:51:53.499,1.23109,1.23121,3.19,1.13
2013.11.01 14:51:53.747,1.23108,1.23121,1.69,1.88
2013.11.01 14:51:54.285,1.23108,1.23122,2.82,1.50
2013.11.01 14:51:54.346,1.23108,1.2312,1.32,1.50
2013.11.01 14:51:54.885,1.23108,1.2312,1.69,1.50
2013.11.01 14:51:56.345,1.23108,1.2312,1.50,1.50
2013.11.01 14:51:56.955,1.23108,1.23119,1.50,1.50
2013.11.01 14:51:57.496,1.23108,1.23119,1.50,2.25
2013.11.01 14:52:01.067,1.23108,1.23119,2.25,1.50
2013.11.01 14:52:01.547,1.23108,1.23119,2.25,1.50
2013.11.01 14:52:02.195,1.23107,1.23119,1.69,1.88
2013.11.01 14:52:02.273,1.23107,1.23119,1.50,1.88
2013.11.01 14:52:07.125,1.23107,1.23118,1.88,1.50
2013.11.01 14:52:07.425,1.23111,1.23124,3.38,1.50
2013.11.01 14:52:07.967,1.23111,1.23124,4.32,1.50
2013.11.01 14:52:08.265,1.23112,1.23125,3.19,1.50
2013.11.01 14:52:08.684,1.23112,1.23125,1.69,1.50
2013.11.01 14:52:09.684,1.23111,1.23125,2.07,3.00
2013.11.01 14:52:10.847,1.23111,1.23124,2.45,1.50
2013.11.01 14:52:10.969,1.23111,1.23125,3.38,1.50
2013.11.01 14:52:11.096,1.2311,1.23123,2.25,2.07
2013.11.01 14:52:11.155,1.2311,1.23123,1.50,2.44
2013.11.01 14:52:11.274,1.2311,1.23123,1.88,2.07
2013.11.01 14:52:12.005,1.2311,1.23123,1.50,2.07
2013.11.01 14:52:12.554,1.2311,1.23122,1.50,1.50
2013.11.01 14:52:13.159,1.2311,1.23121,1.50,2.07
2013.11.01 14:52:13.237,1.23108,1.2312,2.25,2.10
2013.11.01 14:52:13.477,1.23108,1.23117,1.50,1.88
2013.11.01 14:52:14.027,1.23107,1.23117,1.50,2.07
2013.11.01 14:52:15.215,1.23107,1.23117,1.50,2.07
2013.11.01 14:52:15.727,1.23107,1.23117,1.50,1.13
2013.11.01 14:52:20.035,1.23107,1.23117,1.50,1.32
2013.11.01 14:52:20.545,1.23107,1.23117,1.50,1.13
2013.11.01 14:52:21.945,1.23107,1.23118,1.50,1.50
2013.11.01 14:52:22.005,1.23107,1.23119,2.25,1.88
2013.11.01 14:52:34.045,1.23107,1.23119,2.25,1.88
2013.11.01 14:52:35.727,1.23107,1.23117,1.50,1.32
2013.11.01 14:52:36.877,1.23107,1.23119,3.57,1.50
2013.11.01 14:52:36.995,1.23107,1.23119,4.32,1.50
2013.11.01 14:52:37.055,1.23108,1.2312,2.45,1.13
2013.11.01 14:52:37.175,1.23108,1.23122,2.07,2.85
2013.11.01 14:52:37.354,1.2311,1.23123,3.95,1.50
2013.11.01 14:52:45.985,1.2311,1.23123,4.70,1.13
2013.11.01 14:52:48.545,1.23111,1.23123,2.63,1.13
2013.11.01 14:52:49.167,1.23111,1.23122,1.69,2.25
2013.11.01 14:52:49.716,1.23111,1.23123,3.20,1.50
2013.11.01 14:52:50.215,1.23111,1.23122,3.20,2.25
2013.11.01 14:52:50.843,1.23112,1.23122,3.19,2.25
2013.11.01 14:52:50.917,1.23112,1.23122,1.32,2.25
2013.11.01 14:52:51.038,1.23112,1.23123,1.50,1.50
2013.11.01 14:52:52.675,1.23112,1.23123,2.07,1.50
2013.11.01 14:52:52.855,1.23112,1.23123,1.50,1.50
2013.11.01 14:52:52.915,1.23112,1.23123,1.50,1.50
2013.11.01 14:52:52.975,1.23112,1.23123,1.50,1.50
2013.11.01 14:52:53.334,1.23112,1.23123,2.07,1.50
2013.11.01 14:52:54.407,1.23112,1.23124,2.07,1.50
2013.11.01 14:52:54.467,1.23112,1.23123,3.57,1.50
2013.11.01 14:52:55.497,1.23112,1.23123,3.19,1.50
2013.11.01 14:52:55.615,1.23111,1.23123,2.82,1.50
2013.11.01 14:52:56.156,1.23111,1.23122,1.50,1.69
2013.11.01 14:52:56.336,1.23109,1.23119,1.88,1.50
2013.11.01 14:52:56.875,1.23109,1.23119,2.07,1.50
2013.11.01 14:52:57.215,1.23108,1.23119,2.07,1.50
2013.11.01 14:52:57.754,1.23107,1.23119,2.07,1.50
2013.11.01 14:52:58.505,1.23107,1.23119,2.07,1.50
2013.11.01 14:53:02.175,1.23109,1.23121,3.19,2.25
2013.11.01 14:53:02.739,1.23111,1.23122,3.94,1.50
2013.11.01 14:53:03.247,1.23111,1.23123,1.50,1.50
2013.11.01 14:53:03.485,1.23111,1.23123,2.44,1.88
2013.11.01 14:53:04.172,1.23111,1.23123,2.44,1.88
2013.11.01 14:53:04.239,1.23111,1.23123,4.70,1.50
2013.11.01 14:53:06.371,1.23111,1.23123,4.70,1.50
2013.11.01 14:53:06.439,1.23111,1.23123,4.70,1.50
2013.11.01 14:53:07.076,1.23111,1.23125,4.50,2.48
2013.11.01 14:53:07.196,1.23111,1.23125,5.25,2.48
2013.11.01 14:53:07.556,1.23113,1.23125,3.20,1.50
2013.11.01 14:53:08.807,1.23113,1.23125,3.20,1.50
2013.11.01 14:53:10.594,1.23113,1.23125,4.13,1.50
2013.11.01 14:53:10.656,1.23114,1.23125,3.57,1.50
2013.11.01 14:53:11.015,1.23116,1.23128,3.20,1.50
2013.11.01 14:53:11.195,1.23117,1.23129,2.82,1.50
2013.11.01 14:53:16.108,1.23117,1.23129,2.82,1.50
2013.11.01 14:53:16.415,1.23117,1.23129,2.82,1.50
2013.11.01 14:53:17.286,1.23117,1.23129,1.69,1.50
2013.11.01 14:53:17.345,1.23117,1.23129,2.82,1.50
2013.11.01 14:53:17.526,1.23117,1.23129,2.07,1.50
2013.11.01 14:53:17.647,1.23117,1.23129,2.07,1.50
2013.11.01 14:53:17.885,1.23117,1.23129,2.07,1.50
2013.11.01 14:53:18.305,1.23116,1.23128,1.69,2.25
2013.11.01 14:53:20.066,1.23116,1.23128,1.32,2.25
2013.11.01 14:53:21.427,1.23116,1.23128,1.69,2.25
2013.11.01 14:53:21.845,1.23116,1.23128,1.32,2.25
2013.11.01 14:53:23.207,1.23116,1.23127,5.07,1.50
2013.11.01 14:53:23.626,1.23117,1.23129,3.20,1.50
2013.11.01 14:53:24.196,1.23119,1.2313,3.01,1.88
2013.11.01 14:53:24.316,1.23119,1.2313,2.45,1.88
2013.11.01 14:53:24.496,1.23119,1.23129,1.32,1.50
2013.11.01 14:53:24.615,1.23117,1.23129,1.69,1.50
2013.11.01 14:53:29.505,1.23117,1.23127,2.82,1.50
2013.11.01 14:53:30.529,1.23117,1.2313,2.07,2.25
2013.11.01 14:53:30.655,1.23117,1.23129,1.69,1.50
2013.11.01 14:53:31.946,1.23117,1.23129,1.69,1.50
2013.11.01 14:53:34.685,1.23117,1.23129,1.69,1.50
2013.11.01 14:53:35.187,1.23117,1.23129,1.50,1.50
2013.11.01 14:53:35.247,1.23117,1.23129,2.63,1.50
2013.11.01 14:53:35.557,1.23119,1.2313,3.57,1.35
2013.11.01 14:53:35.746,1.23119,1.23129,1.13,1.50
2013.11.01 14:53:36.046,1.23119,1.23129,1.69,1.50
2013.11.01 14:53:36.407,1.23118,1.23129,1.32,1.50
2013.11.01 14:53:36.707,1.23117,1.23129,2.82,1.50
2013.11.01 14:53:36.945,1.23117,1.23129,2.44,1.50
2013.11.01 14:53:37.065,1.23117,1.23129,1.69,1.50
2013.11.01 14:53:38.016,1.23116,1.23128,2.07,2.25
2013.11.01 14:53:38.566,1.23116,1.23128,1.50,2.25
2013.11.01 14:53:39.344,1.23116,1.23128,1.88,2.25
2013.11.01 14:53:39.999,1.23116,1.23128,1.50,2.25
2013.11.01 14:53:40.846,1.23116,1.23127,1.50,3.57
2013.11.01 14:53:41.025,1.23116,1.23127,1.50,2.07
2013.11.01 14:53:41.595,1.23116,1.23127,4.50,1.32
2013.11.01 14:53:42.315,1.23116,1.23127,4.50,1.13
2013.11.01 14:53:42.829,1.23116,1.23127,3.00,1.13
2013.11.01 14:53:45.285,1.23116,1.23129,4.32,1.50
2013.11.01 14:53:45.645,1.23117,1.23129,3.75,1.50
2013.11.01 14:53:47.877,1.23117,1.23129,1.50,1.50
2013.11.01 14:53:48.117,1.23117,1.23129,1.50,1.50
2013.11.01 14:53:49.255,1.23117,1.23129,1.50,1.69
2013.11.01 14:53:50.565,1.23116,1.23127,2.63,1.50
2013.11.01 14:53:51.237,1.23116,1.23127,1.50,1.50
2013.11.01 14:53:58.116,1.23116,1.23127,1.50,1.50
2013.11.01 14:53:58.622,1.23116,1.23126,1.50,2.25
2013.11.01 14:54:02.231,1.23115,1.23125,1.50,1.50
2013.11.01 14:54:02.415,1.23113,1.23125,1.13,1.50
2013.11.01 14:54:04.289,1.23113,1.23125,1.50,1.50
2013.11.01 14:54:04.835,1.23114,1.23125,3.01,1.50
2013.11.01 14:54:05.384,1.23114,1.23125,3.01,1.69
2013.11.01 14:54:09.226,1.23115,1.23129,5.63,1.50
2013.11.01 14:54:09.897,1.23116,1.23129,4.32,1.50
2013.11.01 14:54:10.745,1.23116,1.23129,3.75,1.69
2013.11.01 14:54:11.284,1.23118,1.23129,2.45,1.50
2013.11.01 14:54:13.374,1.23117,1.23129,2.63,1.50
2013.11.01 14:54:14.535,1.23117,1.23129,3.38,1.50
2013.11.01 14:54:15.074,1.23117,1.23129,3.57,1.50
2013.11.01 14:54:16.144,1.23118,1.23129,2.82,1.50
2013.11.01 14:54:19.325,1.23118,1.23129,3.20,1.50
2013.11.01 14:54:19.941,1.23119,1.23131,4.69,1.88
2013.11.01 14:54:20.485,1.23119,1.23131,5.44,1.88
2013.11.01 14:54:21.024,1.2312,1.23131,4.69,1.13
2013.11.01 14:54:22.046,1.2312,1.23131,3.00,1.32
2013.11.01 14:54:22.591,1.2312,1.23131,4.69,1.13
2013.11.01 14:54:24.155,1.2312,1.23131,3.38,1.13
2013.11.01 14:54:24.706,1.23119,1.23131,2.82,2.25
2013.11.01 14:54:24.824,1.23119,1.23131,2.07,2.25
2013.11.01 14:54:24.946,1.23119,1.2313,3.94,1.13
2013.11.01 14:54:27.625,1.2312,1.23131,3.00,1.13
2013.11.01 14:54:29.989,1.2312,1.23131,3.19,1.13
2013.11.01 14:54:33.275,1.2312,1.23131,4.70,1.13
2013.11.01 14:54:34.095,1.2312,1.23131,5.07,1.13
2013.11.01 14:54:34.155,1.2312,1.23131,4.32,1.13
2013.11.01 14:54:34.635,1.2312,1.23133,6.19,1.50
2013.11.01 14:54:34.754,1.2312,1.23131,6.20,1.13
2013.11.01 14:54:35.604,1.2312,1.23131,3.00,1.13
2013.11.01 14:54:35.726,1.2312,1.2313,2.63,1.13
2013.11.01 14:54:35.965,1.23119,1.23131,1.13,3.00
2013.11.01 14:54:36.025,1.23119,1.23131,1.13,3.00
2013.11.01 14:54:36.385,1.23119,1.2313,1.13,2.07
2013.11.01 14:54:36.625,1.23118,1.2313,1.88,2.07
2013.11.01 14:54:37.166,1.23118,1.23129,1.13,1.50
2013.11.01 14:54:37.225,1.23117,1.23129,2.25,1.88
2013.11.01 14:54:39.118,1.23117,1.23129,4.13,1.88
2013.11.01 14:54:39.367,1.23119,1.2313,4.50,1.32
2013.11.01 14:54:39.916,1.23119,1.2313,2.25,1.69
2013.11.01 14:54:40.235,1.23119,1.2313,1.50,1.69
2013.11.01 14:54:40.536,1.23119,1.23131,3.38,1.69
2013.11.01 14:54:40.597,1.23119,1.23131,3.38,1.65
2013.11.01 14:54:44.458,1.23119,1.23131,3.00,2.44
2013.11.01 14:54:51.015,1.23119,1.2313,3.00,2.25
2013.11.01 14:54:51.196,1.23119,1.2313,4.50,1.50
2013.11.01 14:54:51.318,1.23119,1.23131,5.25,1.32
2013.11.01 14:54:51.557,1.23119,1.23131,6.00,2.07
2013.11.01 14:54:51.797,1.23119,1.23131,5.25,1.13
2013.11.01 14:54:52.905,1.2312,1.23131,2.82,1.13
2013.11.01 14:54:53.509,1.2312,1.23131,3.75,1.13
2013.11.01 14:54:53.694,1.2312,1.23131,1.50,1.88
2013.11.01 14:54:54.256,1.2312,1.23131,1.50,1.88
2013.11.01 14:54:58.485,1.2312,1.23131,2.25,1.32
2013.11.01 14:54:59.035,1.2312,1.23131,3.00,1.13
2013.11.01 14:55:00.115,1.2312,1.23132,3.38,1.69
2013.11.01 14:55:01.085,1.2312,1.23131,2.25,1.13
2013.11.01 14:55:01.625,1.2312,1.23131,2.25,1.13
2013.11.01 14:55:02.167,1.2312,1.23131,1.50,1.32
2013.11.01 14:55:02.704,1.2312,1.23131,1.50,1.13
2013.11.01 14:55:03.561,1.2312,1.23131,1.50,1.50
2013.11.01 14:55:04.104,1.2312,1.23131,1.50,1.50
2013.11.01 14:55:04.526,1.2312,1.23131,1.32,1.13
2013.11.01 14:55:04.645,1.23121,1.23134,2.82,1.50
2013.11.01 14:55:05.005,1.23122,1.23134,3.57,1.50
2013.11.01 14:55:05.512,1.23122,1.23134,3.57,1.50
2013.11.01 14:55:06.277,1.23126,1.23134,4.32,1.88
2013.11.01 14:55:06.395,1.23129,1.2314,3.00,1.50
2013.11.01 14:55:06.456,1.2313,1.23141,3.75,1.13
2013.11.01 14:55:06.516,1.23135,1.23146,1.50,2.25
2013.11.01 14:55:06.635,1.23135,1.23146,1.50,1.50
2013.11.01 14:55:07.116,1.23135,1.23146,2.63,1.69
2013.11.01 14:55:07.655,1.23135,1.23145,3.38,1.13
2013.11.01 14:55:08.195,1.23135,1.23146,1.50,1.69
2013.11.01 14:55:09.465,1.23135,1.23144,1.50,1.50
2013.11.01 14:55:10.080,1.23135,1.23144,1.50,1.50
2013.11.01 14:55:10.635,1.23135,1.23144,1.50,1.69
2013.11.01 14:55:10.995,1.23133,1.23141,1.50,1.32
2013.11.01 14:55:11.355,1.23129,1.23139,1.50,2.07
2013.11.01 14:55:16.458,1.23127,1.23139,2.25,1.69
2013.11.01 14:55:16.515,1.23127,1.23138,1.50,1.32
2013.11.01 14:55:17.055,1.23127,1.23138,1.50,2.07
2013.11.01 14:55:19.527,1.23127,1.23138,1.50,2.44
2013.11.01 14:55:19.877,1.23127,1.23138,1.50,2.07
2013.11.01 14:55:20.996,1.23127,1.23138,1.50,2.44
2013.11.01 14:55:26.356,1.23127,1.23137,1.50,1.13
2013.11.01 14:55:27.576,1.23127,1.23137,1.50,1.69
2013.11.01 14:55:28.116,1.23127,1.23135,1.50,1.32
2013.11.01 14:55:31.655,1.23124,1.23135,1.50,1.69
2013.11.01 14:55:33.067,1.23124,1.23135,1.50,1.32
2013.11.01 14:55:34.455,1.23124,1.23136,1.50,1.69
2013.11.01 14:55:34.759,1.23124,1.23136,2.63,1.69
2013.11.01 14:55:36.356,1.23124,1.23137,3.00,1.13
2013.11.01 14:55:36.416,1.23124,1.23138,4.13,2.25
2013.11.01 14:55:37.895,1.23127,1.23139,3.00,1.69
2013.11.01 14:55:46.925,1.23127,1.2314,3.00,1.88
2013.11.01 14:55:46.985,1.23127,1.2314,3.00,2.44
2013.11.01 14:55:48.287,1.23127,1.23138,1.50,1.32
2013.11.01 14:55:50.027,1.23127,1.2314,1.50,2.63
2013.11.01 14:55:50.265,1.23127,1.2314,1.50,2.82
2013.11.01 14:55:51.730,1.23127,1.2314,1.50,2.82
2013.11.01 14:55:52.275,1.23127,1.23139,3.75,1.32
2013.11.01 14:55:52.455,1.23127,1.2314,3.75,2.44
2013.11.01 14:55:52.575,1.23127,1.2314,4.13,2.07
2013.11.01 14:55:53.245,1.23127,1.2314,4.13,1.69
2013.11.01 14:55:53.365,1.23128,1.23142,3.75,3.94
2013.11.01 14:55:53.425,1.23128,1.23142,5.25,2.82
2013.11.01 14:55:53.546,1.23128,1.23142,5.25,2.44
2013.11.01 14:55:54.426,1.23131,1.23144,3.00,1.32
2013.11.01 14:55:55.231,1.23131,1.23142,1.50,2.29
2013.11.01 14:55:55.416,1.23128,1.23139,2.63,1.69
2013.11.01 14:55:55.656,1.23128,1.2314,2.25,2.07
2013.11.01 14:55:56.597,1.23128,1.23141,1.50,1.69
2013.11.01 14:55:56.775,1.23127,1.23141,3.38,1.69
2013.11.01 14:56:01.255,1.23127,1.2314,2.63,1.69
2013.11.01 14:56:01.495,1.23127,1.23138,1.50,1.32
2013.11.01 14:56:01.555,1.23125,1.23138,3.38,2.07
2013.11.01 14:56:02.346,1.23125,1.23138,3.38,1.50
2013.11.01 14:56:02.586,1.23125,1.23138,2.63,3.00
2013.11.01 14:56:02.645,1.23125,1.23138,3.00,2.44
2013.11.01 14:56:02.825,1.23125,1.23138,3.38,1.69
2013.11.01 14:56:03.005,1.23125,1.23138,4.88,1.50
2013.11.01 14:56:03.125,1.23125,1.23138,6.01,1.50
2013.11.01 14:56:04.836,1.23126,1.23139,3.00,2.44
2013.11.01 14:56:04.957,1.23126,1.23139,3.00,2.44
2013.11.01 14:56:05.015,1.23126,1.23139,3.00,2.44
2013.11.01 14:56:05.135,1.23126,1.23137,2.25,1.69
2013.11.01 14:56:05.314,1.23123,1.23135,1.50,1.69
2013.11.01 14:56:05.855,1.23121,1.23134,1.50,2.07
2013.11.01 14:56:06.560,1.23121,1.23133,1.50,1.69
2013.11.01 14:56:06.878,1.23118,1.23129,1.13,1.32
2013.11.01 14:56:06.946,1.23118,1.2313,1.13,1.69
2013.11.01 14:56:07.006,1.23118,1.2313,3.00,1.69
2013.11.01 14:56:07.126,1.23118,1.2313,2.25,1.50
2013.11.01 14:56:07.247,1.23119,1.23133,3.75,1.69
2013.11.01 14:56:08.116,1.23119,1.23133,3.00,2.07
2013.11.01 14:56:09.606,1.23119,1.23133,3.00,2.44
2013.11.01 14:56:10.084,1.23119,1.23133,3.75,1.69
2013.11.01 14:56:10.205,1.23119,1.23133,3.75,1.69
2013.11.01 14:56:10.265,1.23119,1.23133,3.75,1.32
2013.11.01 14:56:11.235,1.2312,1.23133,3.38,1.69
2013.11.01 14:56:11.296,1.2312,1.23134,5.25,1.69
2013.11.01 14:56:12.575,1.23121,1.23129,3.75,2.48
2013.11.01 14:56:12.935,1.23115,1.23126,1.13,1.32
2013.11.01 14:56:12.995,1.23115,1.23128,1.88,2.07
2013.11.01 14:56:13.535,1.23115,1.23129,3.01,2.07
2013.11.01 14:56:14.016,1.23117,1.23131,3.01,1.50
2013.11.01 14:56:14.195,1.23118,1.23133,4.13,2.82
2013.11.01 14:56:14.555,1.2312,1.23133,4.88,1.50
2013.11.01 14:56:14.856,1.23122,1.23135,4.50,3.04
2013.11.01 14:56:14.978,1.2312,1.23133,1.50,2.44
2013.11.01 14:56:15.107,1.23118,1.23131,3.38,1.13
2013.11.01 14:56:15.708,1.23118,1.2313,1.13,1.88
2013.11.01 14:56:16.065,1.23118,1.23132,4.13,1.13
2013.11.01 14:56:16.665,1.2312,1.23134,3.75,2.07
2013.11.01 14:56:17.293,1.2312,1.23132,1.50,1.69
2013.11.01 14:56:17.416,1.2312,1.23132,1.50,1.32
2013.11.01 14:56:17.597,1.2312,1.23134,3.75,1.32
2013.11.01 14:56:17.656,1.2312,1.23135,4.13,3.57
2013.11.01 14:56:17.836,1.2312,1.23134,4.50,1.69
2013.11.01 14:56:18.016,1.23121,1.23134,3.75,1.32
2013.11.01 14:56:18.077,1.23121,1.23134,1.88,2.25
2013.11.01 14:56:18.196,1.23121,1.23134,2.63,1.32
2013.11.01 14:56:18.256,1.23121,1.23134,2.63,1.69
2013.11.01 14:56:18.615,1.23121,1.23133,2.25,1.69
2013.11.01 14:56:18.918,1.23119,1.23132,2.25,2.63
2013.11.01 14:56:18.976,1.23119,1.23132,2.25,1.69
2013.11.01 14:56:19.036,1.23119,1.23132,2.25,1.13
2013.11.01 14:56:19.337,1.23119,1.23132,2.63,1.32
2013.11.01 14:56:19.638,1.23119,1.23133,3.00,3.19
2013.11.01 14:56:19.695,1.23119,1.23133,3.00,2.44
2013.11.01 14:56:19.755,1.23119,1.23133,3.00,2.07
2013.11.01 14:56:20.826,1.23119,1.23133,3.00,2.44
2013.11.01 14:56:21.405,1.23119,1.23133,3.00,1.88
2013.11.01 14:56:22.755,1.23119,1.23133,3.00,2.44
2013.11.01 14:56:23.236,1.23119,1.23133,3.00,1.88
2013.11.01 14:56:27.207,1.23121,1.23134,3.00,1.32
2013.11.01 14:56:27.926,1.23121,1.23134,3.00,1.32
2013.11.01 14:56:28.046,1.23121,1.23134,3.00,1.69
2013.11.01 14:56:28.704,1.23121,1.23134,3.75,2.07
2013.11.01 14:56:28.779,1.23122,1.23135,3.19,2.10
2013.11.01 14:56:29.145,1.23122,1.23135,1.50,2.10
2013.11.01 14:56:31.895,1.23122,1.23135,1.50,2.10
2013.11.01 14:56:32.554,1.23122,1.23135,3.00,1.13
2013.11.01 14:56:34.785,1.23122,1.23135,2.63,1.88
2013.11.01 14:56:38.705,1.23122,1.23135,3.75,1.88
2013.11.01 14:56:40.115,1.23122,1.23135,3.75,2.07
2013.11.01 14:56:40.298,1.23122,1.23135,3.75,2.44
2013.11.01 14:56:40.546,1.23122,1.23135,2.25,3.04
2013.11.01 14:56:40.666,1.23121,1.23134,1.88,2.82
2013.11.01 14:56:41.773,1.23121,1.23133,2.44,1.50
2013.11.01 14:56:42.625,1.23121,1.23133,2.63,2.07
2013.11.01 14:56:43.405,1.23121,1.23133,3.00,1.50
2013.11.01 14:56:43.526,1.23121,1.23133,1.88,1.69
2013.11.01 14:56:44.064,1.23121,1.23133,1.88,1.50
2013.11.01 14:56:52.255,1.23121,1.23133,1.50,1.50
2013.11.01 14:56:53.875,1.23121,1.23133,2.82,1.50
2013.11.01 14:56:54.597,1.23121,1.23133,3.19,1.50
2013.11.01 14:56:55.134,1.23121,1.23133,3.19,1.50
2013.11.01 14:56:56.496,1.23121,1.23133,2.25,1.69
2013.11.01 14:56:57.035,1.23121,1.23135,4.13,2.07
2013.11.01 14:56:57.601,1.23121,1.23133,1.88,1.50
2013.11.01 14:56:58.157,1.23121,1.23131,1.50,1.32
2013.11.01 14:56:58.515,1.23118,1.23129,1.05,1.69
2013.11.01 14:56:58.636,1.23117,1.23129,1.50,1.69
2013.11.01 14:56:58.756,1.23117,1.23129,1.50,1.69
2013.11.01 14:56:59.356,1.23115,1.23127,1.69,1.50
2013.11.01 14:56:59.536,1.23116,1.23129,5.63,1.50
2013.11.01 14:56:59.596,1.23117,1.2313,3.75,1.32
2013.11.01 14:57:00.640,1.23117,1.2313,3.75,1.50
2013.11.01 14:57:05.697,1.23118,1.23132,4.13,2.44
2013.11.01 14:57:05.817,1.23121,1.23132,3.75,1.32
2013.11.01 14:57:06.235,1.23121,1.23132,1.50,1.32
2013.11.01 14:57:09.659,1.2312,1.23132,1.50,1.32
2013.11.01 14:57:11.057,1.23119,1.23132,2.25,1.88
2013.11.01 14:57:11.595,1.23119,1.23132,1.50,2.07
2013.11.01 14:57:11.718,1.23119,1.23131,1.50,2.07
2013.11.01 14:57:12.078,1.23119,1.2313,1.50,1.69
2013.11.01 14:57:12.316,1.23117,1.23129,1.50,1.69
2013.11.01 14:57:12.876,1.23116,1.23129,2.25,2.07
2013.11.01 14:57:13.115,1.23115,1.23127,1.50,1.69
2013.11.01 14:57:13.727,1.23115,1.23127,3.00,1.50
2013.11.01 14:57:13.908,1.23116,1.2313,3.00,2.07
2013.11.01 14:57:14.445,1.23118,1.23132,4.13,1.32
2013.11.01 14:57:14.806,1.23118,1.23131,3.75,1.69
2013.11.01 14:57:14.866,1.23118,1.23131,3.75,1.69
2013.11.01 14:57:15.748,1.23119,1.2313,6.23,1.32
2013.11.01 14:57:15.808,1.2312,1.23132,3.00,1.32
2013.11.01 14:57:15.876,1.2312,1.23127,1.50,1.50
2013.11.01 14:57:16.115,1.2312,1.23126,1.50,1.50
2013.11.01 14:57:16.666,1.2312,1.23127,1.50,1.50
2013.11.01 14:57:18.197,1.23119,1.23127,1.50,1.50
2013.11.01 14:57:18.934,1.23119,1.23132,1.50,2.44
2013.11.01 14:57:19.003,1.23119,1.23132,1.50,1.69
2013.11.01 14:57:20.536,1.23119,1.23132,1.50,2.44
2013.11.01 14:57:20.957,1.23117,1.2313,2.25,2.44
2013.11.01 14:57:21.386,1.23117,1.2313,2.25,2.07
2013.11.01 14:57:23.456,1.23117,1.2313,2.25,2.07
2013.11.01 14:57:24.017,1.23117,1.2313,2.25,2.44
2013.11.01 14:57:25.900,1.23117,1.2313,2.25,2.07
2013.11.01 14:57:29.596,1.23117,1.23131,3.76,1.50
2013.11.01 14:57:30.192,1.23118,1.23131,2.63,1.50
2013.11.01 14:57:32.194,1.23118,1.23131,2.63,1.69
2013.11.01 14:57:32.745,1.23118,1.23131,2.63,1.50
2013.11.01 14:57:33.516,1.23118,1.23131,2.63,1.50
2013.11.01 14:57:34.347,1.23118,1.23131,2.63,1.50
2013.11.01 14:57:35.178,1.23118,1.23131,1.50,2.07
2013.11.01 14:57:35.356,1.23118,1.2313,1.13,2.10
2013.11.01 14:57:35.416,1.23118,1.2313,1.50,3.23
2013.11.01 14:57:35.597,1.23117,1.23128,1.13,1.50
2013.11.01 14:57:35.777,1.23116,1.23128,1.50,1.32
2013.11.01 14:57:36.376,1.23116,1.23128,1.32,1.13
2013.11.01 14:57:36.677,1.23116,1.2313,5.45,1.50
2013.11.01 14:57:36.737,1.23116,1.2313,4.70,1.50
2013.11.01 14:57:36.856,1.23117,1.2313,3.19,1.50
2013.11.01 14:57:37.395,1.23117,1.2313,3.94,1.50
2013.11.01 14:57:39.485,1.23117,1.2313,3.19,1.50
2013.11.01 14:57:41.426,1.23117,1.23131,3.19,1.88
2013.11.01 14:57:41.605,1.23117,1.23131,6.57,1.13
2013.11.01 14:57:41.966,1.23119,1.23133,6.94,3.00
2013.11.01 14:57:43.066,1.2312,1.23134,3.94,1.88
2013.11.01 14:57:43.606,1.2312,1.23134,4.88,2.07
2013.11.01 14:57:45.589,1.23121,1.23135,3.00,3.19
2013.11.01 14:57:46.245,1.23121,1.23135,3.00,2.82
2013.11.01 14:57:46.795,1.23121,1.23134,2.82,1.50
2013.11.01 14:57:47.548,1.23121,1.23134,3.38,1.50
2013.11.01 14:57:48.588,1.23121,1.23134,2.44,1.88
2013.11.01 14:57:48.826,1.2312,1.23133,3.19,2.25
2013.11.01 14:57:49.126,1.23121,1.23134,3.20,1.50
2013.11.01 14:57:49.427,1.23124,1.23136,2.82,2.63
2013.11.01 14:57:49.547,1.23123,1.23135,2.25,1.32
2013.11.01 14:57:49.670,1.23122,1.23135,2.25,3.04
2013.11.01 14:57:49.976,1.23119,1.23132,1.65,2.07
2013.11.01 14:57:56.446,1.23119,1.23132,1.65,1.32
2013.11.01 14:57:56.685,1.23119,1.23133,2.96,1.50
2013.11.01 14:57:56.745,1.23119,1.23132,2.21,1.50
2013.11.01 14:57:57.046,1.23119,1.2313,1.84,1.50
2013.11.01 14:57:57.288,1.23118,1.2313,1.65,1.50
2013.11.01 14:57:57.347,1.23118,1.23131,1.65,2.82
2013.11.01 14:57:58.926,1.23119,1.23132,2.22,1.50
2013.11.01 14:57:59.174,1.2312,1.23134,4.47,1.88
2013.11.01 14:57:59.715,1.2312,1.23134,3.34,1.88
2013.11.01 14:58:02.565,1.2312,1.23133,1.84,1.13
2013.11.01 14:58:03.125,1.2312,1.23133,1.09,1.88
2013.11.01 14:58:06.686,1.2312,1.23133,1.09,1.88
2013.11.01 14:58:07.196,1.2312,1.23133,1.09,1.88
2013.11.01 14:58:10.327,1.2312,1.23133,1.46,1.88
2013.11.01 14:58:10.572,1.2312,1.23132,1.46,1.50
2013.11.01 14:58:17.139,1.2312,1.23132,1.46,1.50
2013.11.01 14:58:19.598,1.2312,1.23132,2.59,1.50
2013.11.01 14:58:23.035,1.2312,1.23134,3.35,3.00
2013.11.01 14:58:33.568,1.23121,1.23134,3.57,2.25
2013.11.01 14:58:34.116,1.23125,1.23138,4.32,1.50
2013.11.01 14:58:34.516,1.23126,1.23138,2.82,1.50
2013.11.01 14:58:34.757,1.23126,1.23138,2.07,1.50
2013.11.01 14:58:35.006,1.23124,1.23137,1.69,2.63
2013.11.01 14:58:36.216,1.23124,1.23137,1.69,1.88
2013.11.01 14:58:36.395,1.23123,1.23136,2.59,1.50
2013.11.01 14:58:36.875,1.23123,1.23135,1.46,2.25
2013.11.01 14:58:37.570,1.23123,1.23135,3.72,1.50
2013.11.01 14:58:39.296,1.23123,1.23135,4.85,1.50
2013.11.01 14:58:41.288,1.23123,1.23137,4.85,1.50
2013.11.01 14:58:41.900,1.23123,1.23137,3.72,1.50
2013.11.01 14:58:46.566,1.23123,1.23137,4.10,1.50
2013.11.01 14:58:49.793,1.23123,1.23137,4.85,2.25
2013.11.01 14:58:50.338,1.23123,1.23133,4.85,1.50
2013.11.01 14:58:51.529,1.23124,1.23133,4.32,1.50
2013.11.01 14:58:52.068,1.23125,1.23136,5.45,1.50
2013.11.01 14:58:52.127,1.23125,1.23136,4.32,1.50
2013.11.01 14:58:52.366,1.23126,1.23136,3.57,1.50
2013.11.01 14:58:52.906,1.23127,1.23137,6.72,1.50
2013.11.01 14:58:53.636,1.23127,1.23138,5.97,1.50
2013.11.01 14:58:56.486,1.23127,1.2314,5.22,1.50
2013.11.01 14:58:57.736,1.23127,1.2314,5.22,1.50
2013.11.01 14:58:59.976,1.23127,1.2314,5.22,1.50
2013.11.01 14:59:00.240,1.2313,1.2314,4.32,1.50
2013.11.01 14:59:00.308,1.2313,1.23142,3.75,1.50
2013.11.01 14:59:00.368,1.2313,1.23143,4.13,1.50
2013.11.01 14:59:00.487,1.23134,1.23145,3.00,1.13
2013.11.01 14:59:00.846,1.23134,1.23144,3.00,1.13
2013.11.01 14:59:00.966,1.23131,1.23144,1.50,1.88
2013.11.01 14:59:01.717,1.23131,1.23144,1.50,2.07
2013.11.01 14:59:17.656,1.23131,1.23144,1.50,2.44
2013.11.01 14:59:17.777,1.23131,1.23144,1.50,2.07
2013.11.01 14:59:17.838,1.23131,1.23142,1.32,1.13
2013.11.01 14:59:17.958,1.23131,1.23144,1.32,2.25
2013.11.01 14:59:18.256,1.23131,1.2314,1.50,2.25
2013.11.01 14:59:18.916,1.23129,1.2314,1.50,1.50
2013.11.01 14:59:19.036,1.23126,1.23138,1.09,1.50
2013.11.01 14:59:19.706,1.23126,1.23139,1.09,2.25
2013.11.01 14:59:27.486,1.23126,1.23138,1.01,1.50
2013.11.01 14:59:28.240,1.23126,1.23138,1.76,1.50
2013.11.01 14:59:28.488,1.23126,1.23138,2.14,1.50
2013.11.01 14:59:28.607,1.23126,1.23139,2.51,2.63
2013.11.01 14:59:29.146,1.23126,1.23139,4.39,1.13
2013.11.01 14:59:29.746,1.23126,1.23139,3.64,1.13
2013.11.01 14:59:30.376,1.23126,1.23139,3.64,1.13
2013.11.01 14:59:32.596,1.23126,1.23137,3.64,1.13
2013.11.01 14:59:32.716,1.23122,1.23135,1.50,1.32
2013.11.01 14:59:32.955,1.2312,1.23132,1.50,1.13
2013.11.01 14:59:43.440,1.2312,1.23134,3.19,2.25
2013.11.01 14:59:43.507,1.2312,1.23133,6.94,1.50
2013.11.01 14:59:43.626,1.23121,1.23133,4.70,1.50
2013.11.01 14:59:43.992,1.23123,1.23137,5.44,1.50
2013.11.01 14:59:44.537,1.23124,1.23138,3.79,3.00
2013.11.01 14:59:45.836,1.23124,1.23136,1.13,1.50
2013.11.01 14:59:46.268,1.23123,1.23136,1.32,3.00
2013.11.01 14:59:46.687,1.23122,1.23135,1.69,1.50
2013.11.01 14:59:47.286,1.23122,1.23136,3.94,1.50
2013.11.01 14:59:47.826,1.23122,1.23136,3.38,1.69
2013.11.01 14:59:48.186,1.23121,1.23134,1.50,1.69
2013.11.01 14:59:48.688,1.23121,1.23134,1.50,1.50
2013.11.01 14:59:49.706,1.23121,1.23134,1.50,1.69
2013.11.01 14:59:52.616,1.23121,1.23134,1.32,1.50
2013.11.01 14:59:52.736,1.23121,1.23134,1.88,1.50
2013.11.01 14:59:53.696,1.23121,1.23134,4.32,1.50
2013.11.01 14:59:54.236,1.23122,1.23135,3.19,1.50
2013.11.01 14:59:57.067,1.23122,1.23135,5.26,1.13
2013.11.01 14:59:57.187,1.23124,1.23136,4.13,1.13
2013.11.01 14:59:57.246,1.23124,1.23135,1.13,1.32
2013.11.01 14:59:57.306,1.23123,1.23134,2.25,1.69
2013.11.01 14:59:57.486,1.23122,1.23131,1.88,1.32
2013.11.01 14:59:58.026,1.23116,1.23129,1.50,1.69
2013.11.01 14:59:58.572,1.23116,1.2313,3.75,1.32
2013.11.01 14:59:58.649,1.23116,1.23131,3.57,2.25
2013.11.01 14:59:59.576,1.23116,1.23131,3.76,2.44
2013.11.01 14:59:59.696,1.23116,1.23131,5.44,1.50
2013.11.01 14:59:59.756,1.23116,1.23132,3.76,2.82
2013.11.01 14:59:59.936,1.23116,1.23131,3.76,1.69
