2012.09.07 10:00:00.286,1.21348,1.21365,1.50,1.50
2012.09.07 10:00:00.374,1.21348,1.21365,1.50,2.25
2012.09.07 10:00:00.462,1.21348,1.21365,1.69,3.00
2012.09.07 10:00:00.679,1.21348,1.21362,1.69,2.25
2012.09.07 10:00:00.834,1.21346,1.21362,1.50,2.25
2012.09.07 10:00:00.920,1.21345,1.21364,1.50,2.25
2012.09.07 10:00:00.998,1.21341,1.21358,1.50,1.50
2012.09.07 10:00:01.988,1.21341,1.21358,1.50,6.00
2012.09.07 10:00:02.140,1.21337,1.21356,1.50,1.50
2012.09.07 10:00:02.358,1.21337,1.21355,2.25,1.50
2012.09.07 10:00:02.921,1.21335,1.21349,3.19,1.50
2012.09.07 10:00:03.015,1.21339,1.21355,3.19,2.25
2012.09.07 10:00:03.521,1.21339,1.21358,3.00,2.25
2012.09.07 10:00:03.598,1.21339,1.21353,2.25,1.39
2012.09.07 10:00:03.745,1.21339,1.21358,3.00,1.50
2012.09.07 10:00:04.296,1.21339,1.21358,3.00,2.25
2012.09.07 10:00:04.717,1.21339,1.21358,3.19,6.75
2012.09.07 10:00:04.994,1.21339,1.21355,2.44,2.25
2012.09.07 10:00:05.218,1.21336,1.21354,1.69,2.25
2012.09.07 10:00:06.266,1.21335,1.21352,5.44,1.50
2012.09.07 10:00:06.885,1.21336,1.21352,2.44,2.25
2012.09.07 10:00:10.449,1.21334,1.21342,2.25,1.50
2012.09.07 10:00:10.808,1.21331,1.21347,1.50,1.61
2012.09.07 10:00:10.893,1.21328,1.21341,2.25,1.50
2012.09.07 10:00:11.110,1.21326,1.21336,2.25,2.25
2012.09.07 10:00:11.186,1.21326,1.21335,1.50,1.50
2012.09.07 10:00:11.338,1.21326,1.21342,2.25,2.25
2012.09.07 10:00:11.768,1.21326,1.21346,2.25,2.25
2012.09.07 10:00:11.847,1.21326,1.21346,2.25,2.25
2012.09.07 10:00:13.230,1.21331,1.21348,2.25,2.25
2012.09.07 10:00:13.378,1.21332,1.21348,3.00,2.25
2012.09.07 10:00:13.467,1.21335,1.21348,1.69,2.25
2012.09.07 10:00:13.825,1.21335,1.21348,1.69,2.25
2012.09.07 10:00:14.323,1.21338,1.21349,1.69,1.50
2012.09.07 10:00:14.677,1.21338,1.21348,1.50,1.50
2012.09.07 10:00:15.039,1.21332,1.21349,1.50,3.00
2012.09.07 10:00:15.604,1.2133,1.21347,2.25,2.25
2012.09.07 10:00:15.676,1.21329,1.21346,1.50,2.25
2012.09.07 10:00:16.108,1.21337,1.21346,1.50,2.25
2012.09.07 10:00:16.465,1.21344,1.21358,1.50,1.05
2012.09.07 10:00:17.006,1.21337,1.21357,1.54,1.80
2012.09.07 10:00:19.155,1.21335,1.21355,1.50,2.25
2012.09.07 10:00:19.236,1.21335,1.21355,1.50,2.25
2012.09.07 10:00:19.744,1.21334,1.21351,1.50,1.13
2012.09.07 10:00:19.957,1.21331,1.21351,3.00,2.48
2012.09.07 10:00:20.827,1.2133,1.21348,1.50,2.25
2012.09.07 10:00:21.046,1.2133,1.21348,2.48,2.48
2012.09.07 10:00:21.595,1.21329,1.21349,2.48,2.48
2012.09.07 10:00:22.498,1.21333,1.21351,1.50,2.25
2012.09.07 10:00:23.056,1.21333,1.21351,1.50,2.25
2012.09.07 10:00:23.138,1.21333,1.21351,1.50,2.25
2012.09.07 10:00:23.560,1.21333,1.21351,2.25,2.25
2012.09.07 10:00:23.776,1.21337,1.21354,1.50,2.29
2012.09.07 10:00:24.136,1.21338,1.21358,1.50,2.29
2012.09.07 10:00:24.354,1.21338,1.21358,1.50,2.29
2012.09.07 10:00:24.496,1.21336,1.21356,3.00,2.29
2012.09.07 10:00:24.648,1.21334,1.21354,3.00,2.29
2012.09.07 10:00:25.055,1.21334,1.21354,3.00,2.29
2012.09.07 10:00:25.548,1.21338,1.21358,1.50,2.29
2012.09.07 10:00:25.895,1.21338,1.21358,1.50,2.52
2012.09.07 10:00:25.979,1.21338,1.21358,1.50,2.29
2012.09.07 10:00:26.338,1.21338,1.21348,2.25,1.50
2012.09.07 10:00:26.896,1.21334,1.21348,1.50,1.50
2012.09.07 10:00:27.986,1.21334,1.2135,1.50,1.50
2012.09.07 10:00:29.306,1.21334,1.21347,1.50,1.50
2012.09.07 10:00:29.655,1.21334,1.21341,1.50,1.50
2012.09.07 10:00:30.167,1.21334,1.21342,1.50,1.50
2012.09.07 10:00:34.936,1.21334,1.21349,1.50,2.29
2012.09.07 10:00:35.145,1.21329,1.21349,2.25,3.04
2012.09.07 10:00:35.516,1.21329,1.21349,2.25,3.04
2012.09.07 10:00:36.024,1.21329,1.21349,2.25,3.00
2012.09.07 10:00:37.084,1.21329,1.21349,2.25,3.00
2012.09.07 10:00:38.725,1.21329,1.21349,2.85,2.25
2012.09.07 10:00:45.354,1.21333,1.21352,1.50,2.25
2012.09.07 10:00:46.985,1.21333,1.21352,2.25,3.00
2012.09.07 10:00:47.497,1.21333,1.21352,1.50,3.00
2012.09.07 10:00:56.435,1.21337,1.21352,2.25,2.25
2012.09.07 10:00:56.573,1.21333,1.21352,2.25,2.25
2012.09.07 10:00:57.075,1.21333,1.21352,1.50,3.00
2012.09.07 10:00:58.105,1.21338,1.21351,2.25,1.35
2012.09.07 10:01:00.260,1.21333,1.21352,2.63,2.25
2012.09.07 10:01:00.776,1.21333,1.21352,1.69,3.00
2012.09.07 10:01:01.126,1.21338,1.21352,2.25,3.75
2012.09.07 10:01:02.174,1.21333,1.21352,3.19,3.75
2012.09.07 10:01:02.719,1.21333,1.21351,1.50,1.35
2012.09.07 10:01:03.179,1.21336,1.21351,2.44,1.35
2012.09.07 10:01:03.396,1.21333,1.21352,1.50,2.85
2012.09.07 10:01:03.715,1.21333,1.21352,1.50,2.85
2012.09.07 10:01:06.874,1.21333,1.21352,2.25,2.85
2012.09.07 10:01:07.405,1.21333,1.21352,2.25,2.85
2012.09.07 10:01:10.707,1.21333,1.21352,2.25,2.85
2012.09.07 10:01:11.346,1.21338,1.21352,2.25,2.85
2012.09.07 10:01:11.495,1.21334,1.21352,3.19,3.60
2012.09.07 10:01:12.036,1.21333,1.21352,2.25,3.00
2012.09.07 10:01:12.515,1.21333,1.21352,2.25,3.60
2012.09.07 10:01:13.047,1.21333,1.21352,2.25,3.60
2012.09.07 10:01:15.695,1.21333,1.21352,2.44,3.60
2012.09.07 10:01:16.049,1.21334,1.21352,1.69,3.00
2012.09.07 10:01:16.408,1.21333,1.21352,3.94,3.00
2012.09.07 10:01:16.964,1.21337,1.21351,2.25,1.50
2012.09.07 10:01:20.386,1.21335,1.21349,3.75,1.50
2012.09.07 10:01:24.299,1.21338,1.2135,2.25,1.50
2012.09.07 10:01:24.847,1.21338,1.2135,2.25,1.50
2012.09.07 10:01:33.724,1.2134,1.2135,1.50,1.50
2012.09.07 10:01:35.103,1.21342,1.2135,1.50,1.50
2012.09.07 10:01:36.815,1.21338,1.2135,2.44,1.50
2012.09.07 10:01:37.522,1.21342,1.21355,2.25,5.25
2012.09.07 10:01:37.668,1.21344,1.21355,1.50,1.50
2012.09.07 10:01:37.959,1.21344,1.21355,1.50,2.10
2012.09.07 10:01:38.321,1.21342,1.21351,1.50,2.25
2012.09.07 10:01:38.401,1.21337,1.21349,2.25,2.25
2012.09.07 10:01:38.549,1.21337,1.21349,2.25,2.25
2012.09.07 10:01:39.047,1.21337,1.21349,2.25,2.25
2012.09.07 10:01:41.128,1.21337,1.21349,2.25,2.25
2012.09.07 10:01:41.278,1.21335,1.21347,3.75,1.50
2012.09.07 10:01:46.645,1.21335,1.21347,2.25,1.50
2012.09.07 10:01:47.095,1.21335,1.21347,2.25,1.50
2012.09.07 10:01:47.239,1.21336,1.2135,3.00,1.50
2012.09.07 10:01:47.387,1.21337,1.21349,1.50,1.50
2012.09.07 10:01:50.225,1.21344,1.21349,2.25,2.25
2012.09.07 10:01:50.297,1.21339,1.21349,1.13,2.25
2012.09.07 10:01:50.383,1.21352,1.21362,1.50,1.50
2012.09.07 10:01:50.653,1.2135,1.21362,1.50,2.25
2012.09.07 10:01:57.898,1.2135,1.21362,1.50,2.25
2012.09.07 10:01:58.049,1.21348,1.21359,1.50,2.25
2012.09.07 10:01:58.617,1.21347,1.21359,1.50,2.25
2012.09.07 10:01:59.829,1.21357,1.21368,2.25,1.13
2012.09.07 10:01:59.909,1.21357,1.21368,2.25,1.88
2012.09.07 10:02:00.658,1.21357,1.21368,2.25,1.50
2012.09.07 10:02:00.948,1.21357,1.2137,2.25,1.50
2012.09.07 10:02:01.586,1.21356,1.2137,3.94,1.50
2012.09.07 10:02:01.946,1.21368,1.21379,1.50,1.50
2012.09.07 10:02:02.307,1.21368,1.21379,1.50,1.50
2012.09.07 10:02:03.056,1.21363,1.21379,2.25,1.50
2012.09.07 10:02:03.205,1.21364,1.21379,3.90,1.50
2012.09.07 10:02:03.545,1.21361,1.21378,1.50,2.25
2012.09.07 10:02:04.376,1.21366,1.21378,3.00,2.25
2012.09.07 10:02:04.458,1.21363,1.2138,2.25,2.85
2012.09.07 10:02:04.675,1.21359,1.21378,2.25,2.25
2012.09.07 10:02:04.946,1.21362,1.21379,1.50,2.25
2012.09.07 10:02:05.805,1.21359,1.21378,1.50,2.25
2012.09.07 10:02:06.458,1.21361,1.21379,1.50,2.25
2012.09.07 10:02:07.028,1.2136,1.21377,1.50,2.25
2012.09.07 10:02:07.387,1.21357,1.21376,3.00,2.25
2012.09.07 10:02:07.612,1.21355,1.21374,2.25,2.25
2012.09.07 10:02:08.085,1.21353,1.21372,1.50,2.25
2012.09.07 10:02:08.172,1.21353,1.21372,2.25,2.25
2012.09.07 10:02:08.983,1.21355,1.21372,3.00,2.25
2012.09.07 10:02:09.327,1.21357,1.21371,1.50,1.50
2012.09.07 10:02:09.476,1.21358,1.21375,2.25,1.50
2012.09.07 10:02:10.005,1.21358,1.21376,2.25,1.50
2012.09.07 10:02:10.895,1.21361,1.21376,1.50,1.50
2012.09.07 10:02:10.965,1.21361,1.21378,1.50,1.50
2012.09.07 10:02:11.935,1.21362,1.21379,2.25,1.50
2012.09.07 10:02:12.635,1.21364,1.2138,1.50,0.10
2012.09.07 10:02:12.847,1.21367,1.2138,1.50,0.10
2012.09.07 10:02:14.596,1.21369,1.2138,1.50,0.10
2012.09.07 10:02:15.605,1.21369,1.2138,1.50,0.85
2012.09.07 10:02:15.817,1.21364,1.2138,1.50,0.85
2012.09.07 10:02:16.718,1.21364,1.2138,2.25,0.10
2012.09.07 10:02:16.869,1.21364,1.2138,2.25,0.10
2012.09.07 10:02:16.950,1.21369,1.2138,1.50,0.10
2012.09.07 10:02:17.451,1.2137,1.2138,1.50,0.10
2012.09.07 10:02:18.014,1.21369,1.2138,1.50,0.10
2012.09.07 10:02:18.155,1.21366,1.2138,1.50,0.10
2012.09.07 10:02:20.199,1.21368,1.2138,1.50,0.10
2012.09.07 10:02:20.809,1.2137,1.2138,1.50,0.10
2012.09.07 10:02:21.509,1.21368,1.2138,1.50,0.10
2012.09.07 10:02:26.795,1.21377,1.2138,2.25,0.10
2012.09.07 10:02:27.354,1.21379,1.2138,2.25,0.10
2012.09.07 10:02:28.507,1.21377,1.2138,3.75,0.10
2012.09.07 10:02:28.660,1.21373,1.2138,1.50,0.10
2012.09.07 10:02:29.066,1.2137,1.2138,2.25,0.10
2012.09.07 10:02:29.288,1.21374,1.2138,1.50,0.10
2012.09.07 10:02:29.366,1.21372,1.2138,1.50,0.10
2012.09.07 10:02:33.028,1.21373,1.2138,1.50,0.10
2012.09.07 10:02:37.010,1.21372,1.2138,2.25,0.10
2012.09.07 10:02:38.019,1.21373,1.2138,1.50,0.10
2012.09.07 10:02:38.849,1.21373,1.2138,2.25,0.10
2012.09.07 10:02:39.208,1.21378,1.2138,4.50,0.10
2012.09.07 10:02:39.730,1.21379,1.2138,1.50,0.10
2012.09.07 10:02:40.326,1.21378,1.2138,4.50,0.10
2012.09.07 10:02:40.666,1.21382,1.21399,1.50,1.50
2012.09.07 10:02:40.866,1.21385,1.21402,1.50,2.25
2012.09.07 10:02:41.836,1.21385,1.21402,2.25,3.00
2012.09.07 10:02:42.057,1.21385,1.21402,1.50,3.00
2012.09.07 10:02:46.315,1.21383,1.21402,2.25,1.50
2012.09.07 10:02:48.945,1.21383,1.214,1.50,1.35
2012.09.07 10:02:49.086,1.21381,1.214,2.25,1.35
2012.09.07 10:02:49.867,1.21381,1.214,2.25,1.35
2012.09.07 10:02:49.950,1.21381,1.21403,2.25,3.00
2012.09.07 10:02:53.119,1.21381,1.21402,2.25,1.50
2012.09.07 10:02:53.384,1.21381,1.21401,2.25,1.35
2012.09.07 10:02:53.464,1.21381,1.21401,2.25,1.35
2012.09.07 10:02:53.675,1.21381,1.21401,2.25,1.35
2012.09.07 10:02:54.178,1.21381,1.21401,2.25,1.35
2012.09.07 10:02:54.565,1.21381,1.21402,3.00,1.50
2012.09.07 10:02:54.637,1.21386,1.21403,1.63,2.25
2012.09.07 10:02:54.997,1.21392,1.21409,2.25,1.50
2012.09.07 10:02:55.217,1.21388,1.21409,2.25,1.50
2012.09.07 10:02:56.928,1.21387,1.21407,2.25,2.25
2012.09.07 10:03:02.403,1.21388,1.21409,3.00,1.50
2012.09.07 10:03:02.905,1.21391,1.21412,2.25,1.35
2012.09.07 10:03:04.029,1.21394,1.21412,1.50,1.35
2012.09.07 10:03:08.789,1.21394,1.21414,2.25,5.25
2012.09.07 10:03:09.774,1.21395,1.21414,2.25,1.50
2012.09.07 10:03:10.897,1.21397,1.21419,3.00,3.75
2012.09.07 10:03:10.980,1.21399,1.21419,2.25,2.25
2012.09.07 10:03:11.184,1.21399,1.21418,2.25,1.50
2012.09.07 10:03:11.870,1.21399,1.21421,2.25,3.00
2012.09.07 10:03:12.316,1.21399,1.21421,2.25,3.00
2012.09.07 10:03:15.703,1.21399,1.21419,2.25,1.50
2012.09.07 10:03:17.190,1.21399,1.21415,1.50,2.25
2012.09.07 10:03:17.348,1.21396,1.21414,1.50,1.50
2012.09.07 10:03:18.872,1.21394,1.21414,2.25,3.38
2012.09.07 10:03:19.734,1.21394,1.21414,2.25,4.13
2012.09.07 10:03:24.326,1.21394,1.21404,1.50,2.25
2012.09.07 10:03:24.467,1.21389,1.21403,3.00,1.50
2012.09.07 10:03:28.257,1.21394,1.21409,1.50,1.50
2012.09.07 10:03:28.337,1.21392,1.2141,2.25,3.03
2012.09.07 10:03:28.837,1.21394,1.21412,2.25,1.50
2012.09.07 10:03:29.226,1.21398,1.21415,1.50,1.50
2012.09.07 10:03:29.776,1.21398,1.21416,2.25,1.50
2012.09.07 10:03:31.387,1.21397,1.21416,3.00,2.25
2012.09.07 10:03:31.751,1.21394,1.21415,3.00,1.88
2012.09.07 10:03:33.332,1.21394,1.21414,2.25,2.63
2012.09.07 10:03:44.715,1.21395,1.21405,1.50,2.25
2012.09.07 10:03:45.068,1.2139,1.21404,2.25,4.13
2012.09.07 10:03:45.218,1.21387,1.21403,1.50,2.25
2012.09.07 10:03:45.782,1.21387,1.21402,1.50,1.13
2012.09.07 10:03:47.339,1.21386,1.21402,2.25,1.13
2012.09.07 10:03:50.716,1.21392,1.21402,3.75,1.88
2012.09.07 10:03:51.278,1.21393,1.21404,3.75,2.63
2012.09.07 10:03:51.497,1.21391,1.21404,2.25,3.38
2012.09.07 10:03:52.206,1.21391,1.21404,2.25,2.63
2012.09.07 10:03:52.358,1.21391,1.21404,2.98,2.63
2012.09.07 10:03:53.025,1.2139,1.21404,3.73,1.50
2012.09.07 10:03:53.912,1.21392,1.21403,1.48,1.50
2012.09.07 10:03:55.564,1.21391,1.21404,1.48,1.50
2012.09.07 10:03:56.225,1.2139,1.21404,1.50,1.50
2012.09.07 10:03:56.487,1.21392,1.21405,3.75,1.50
2012.09.07 10:03:59.369,1.21392,1.21403,1.50,1.50
2012.09.07 10:03:59.808,1.21393,1.21405,3.75,3.38
2012.09.07 10:04:00.610,1.21393,1.21405,3.75,1.13
2012.09.07 10:04:00.966,1.21393,1.21405,3.75,1.13
2012.09.07 10:04:03.565,1.21393,1.21405,3.75,1.50
2012.09.07 10:04:04.494,1.21393,1.21406,3.75,1.50
2012.09.07 10:04:08.215,1.21392,1.21406,2.25,1.50
2012.09.07 10:04:08.297,1.21396,1.21406,1.50,1.50
2012.09.07 10:04:08.755,1.21402,1.21418,1.50,1.50
2012.09.07 10:04:09.375,1.21402,1.21417,1.50,1.50
2012.09.07 10:04:09.459,1.21402,1.21418,1.50,1.50
2012.09.07 10:04:09.735,1.21401,1.21417,3.00,1.50
2012.09.07 10:04:11.720,1.21401,1.21415,1.50,1.50
2012.09.07 10:04:11.871,1.21399,1.21415,1.50,1.50
2012.09.07 10:04:16.270,1.21399,1.21415,1.50,1.50
2012.09.07 10:04:17.100,1.21399,1.21415,1.69,1.50
2012.09.07 10:04:17.666,1.21402,1.21417,1.50,1.50
2012.09.07 10:04:17.821,1.21399,1.21417,2.25,1.50
2012.09.07 10:04:18.307,1.21397,1.21412,2.25,1.50
2012.09.07 10:04:19.526,1.21397,1.21412,1.50,1.50
2012.09.07 10:04:20.574,1.21397,1.21412,1.50,1.50
2012.09.07 10:04:21.035,1.21397,1.21409,2.25,2.10
2012.09.07 10:04:21.247,1.21395,1.21403,1.50,1.88
2012.09.07 10:04:21.326,1.21392,1.21403,2.25,1.88
2012.09.07 10:04:22.250,1.21387,1.21402,2.23,1.88
2012.09.07 10:04:23.116,1.21387,1.21401,1.50,1.13
2012.09.07 10:04:23.635,1.21386,1.21401,2.25,1.13
2012.09.07 10:04:26.286,1.21386,1.21401,2.25,1.88
2012.09.07 10:04:28.879,1.21388,1.21401,2.25,1.50
2012.09.07 10:04:30.217,1.21387,1.21403,2.44,2.25
2012.09.07 10:04:31.547,1.21389,1.21402,2.25,1.50
2012.09.07 10:04:32.834,1.21387,1.21403,2.44,3.00
2012.09.07 10:04:33.234,1.21388,1.21403,2.25,2.25
2012.09.07 10:04:33.375,1.21387,1.21403,2.44,3.00
2012.09.07 10:04:33.446,1.21388,1.21403,2.25,1.50
2012.09.07 10:04:33.975,1.21387,1.21402,4.50,2.63
2012.09.07 10:04:37.024,1.21387,1.21402,1.50,4.88
2012.09.07 10:04:38.213,1.21386,1.21402,1.50,1.88
2012.09.07 10:04:38.736,1.21388,1.21403,1.50,2.25
2012.09.07 10:04:44.159,1.21388,1.21404,1.69,2.25
2012.09.07 10:04:44.441,1.21388,1.21404,2.25,2.25
2012.09.07 10:04:47.610,1.21391,1.21402,2.25,1.50
2012.09.07 10:04:49.507,1.21392,1.21403,1.65,3.00
2012.09.07 10:04:49.801,1.21398,1.21405,1.50,2.25
2012.09.07 10:04:49.885,1.214,1.21417,1.50,1.50
2012.09.07 10:04:50.039,1.214,1.21418,1.50,1.20
2012.09.07 10:04:50.414,1.21402,1.21418,1.50,1.20
2012.09.07 10:04:50.790,1.21402,1.21417,1.50,1.50
2012.09.07 10:04:51.227,1.21401,1.21416,1.50,1.50
2012.09.07 10:04:51.612,1.214,1.21416,3.19,2.25
2012.09.07 10:04:52.069,1.214,1.21417,4.50,2.25
2012.09.07 10:04:52.163,1.21401,1.21413,1.50,1.50
2012.09.07 10:04:52.795,1.21401,1.21413,1.50,2.25
2012.09.07 10:04:52.947,1.21399,1.21411,3.00,1.50
2012.09.07 10:04:54.376,1.21396,1.2141,3.75,1.50
2012.09.07 10:04:57.290,1.21396,1.21409,3.00,1.50
2012.09.07 10:04:57.373,1.21395,1.21407,2.25,1.50
2012.09.07 10:04:58.335,1.21395,1.21407,1.50,1.50
2012.09.07 10:04:58.655,1.21394,1.21404,1.50,1.50
2012.09.07 10:04:59.190,1.21392,1.21404,1.50,2.25
2012.09.07 10:04:59.271,1.2139,1.21397,1.50,2.25
2012.09.07 10:04:59.349,1.21387,1.21397,1.50,2.25
2012.09.07 10:04:59.956,1.21385,1.21397,3.00,2.25
2012.09.07 10:05:00.517,1.21385,1.21397,2.25,2.25
2012.09.07 10:05:01.046,1.21385,1.21396,2.25,1.50
2012.09.07 10:05:02.622,1.21385,1.21396,3.00,1.50
2012.09.07 10:05:03.147,1.21385,1.21396,1.50,1.50
2012.09.07 10:05:03.726,1.21384,1.21396,1.50,1.50
2012.09.07 10:05:04.336,1.21385,1.21396,1.50,1.50
2012.09.07 10:05:04.756,1.21385,1.21396,1.50,1.50
2012.09.07 10:05:05.798,1.21384,1.21396,3.75,1.50
2012.09.07 10:05:06.236,1.21384,1.21396,3.00,1.50
2012.09.07 10:05:07.748,1.21384,1.21398,2.25,1.50
2012.09.07 10:05:10.203,1.21383,1.21398,1.50,1.50
2012.09.07 10:05:10.756,1.21383,1.21395,1.50,3.00
2012.09.07 10:05:10.975,1.2138,1.21394,1.48,3.38
2012.09.07 10:05:13.089,1.21377,1.21393,2.44,2.25
2012.09.07 10:05:13.170,1.21386,1.21396,1.50,8.25
2012.09.07 10:05:13.458,1.21389,1.21402,1.50,1.50
2012.09.07 10:05:17.348,1.21389,1.21401,2.25,1.50
2012.09.07 10:05:17.979,1.21389,1.21401,1.50,1.50
2012.09.07 10:05:18.131,1.21388,1.21399,1.50,1.50
2012.09.07 10:05:20.362,1.21389,1.21401,1.50,3.00
2012.09.07 10:05:20.438,1.21391,1.21401,1.50,1.50
2012.09.07 10:05:20.575,1.21391,1.21403,1.50,1.50
2012.09.07 10:05:22.265,1.21389,1.21401,1.50,1.50
2012.09.07 10:05:24.487,1.21389,1.21401,2.25,1.50
2012.09.07 10:05:25.725,1.2139,1.21404,2.25,1.50
2012.09.07 10:05:26.197,1.21389,1.21402,2.25,1.50
2012.09.07 10:05:26.595,1.2139,1.21404,2.25,1.50
2012.09.07 10:05:32.217,1.2139,1.21404,2.85,1.50
2012.09.07 10:05:32.636,1.21395,1.21407,2.25,1.50
2012.09.07 10:05:35.605,1.21395,1.21407,1.50,1.50
2012.09.07 10:05:35.895,1.21392,1.21406,3.75,1.50
2012.09.07 10:05:36.427,1.21392,1.21406,1.50,1.50
2012.09.07 10:05:37.058,1.21392,1.21405,1.50,1.50
2012.09.07 10:05:37.137,1.21391,1.21403,2.25,1.50
2012.09.07 10:05:39.448,1.21388,1.21402,3.75,1.50
2012.09.07 10:05:39.727,1.2139,1.21402,2.25,1.50
2012.09.07 10:05:40.718,1.21394,1.21402,3.75,1.50
2012.09.07 10:05:40.872,1.21399,1.21411,2.25,3.75
2012.09.07 10:05:41.086,1.21399,1.21411,2.25,1.50
2012.09.07 10:05:45.609,1.21395,1.21407,2.25,1.50
2012.09.07 10:05:45.689,1.21395,1.21407,2.25,1.50
2012.09.07 10:05:45.767,1.21398,1.2141,1.50,3.75
2012.09.07 10:05:46.577,1.21397,1.21409,1.73,1.50
2012.09.07 10:05:46.727,1.21417,1.21429,2.25,1.50
2012.09.07 10:05:49.297,1.21417,1.21429,2.44,1.50
2012.09.07 10:05:53.146,1.21417,1.21429,2.44,1.50
2012.09.07 10:05:53.550,1.21419,1.21431,2.25,3.00
2012.09.07 10:05:59.187,1.21419,1.21431,2.25,1.50
2012.09.07 10:06:00.519,1.21416,1.21433,3.19,2.25
2012.09.07 10:06:08.154,1.21419,1.21433,1.50,1.50
2012.09.07 10:06:08.226,1.21421,1.21433,1.50,1.50
2012.09.07 10:06:08.367,1.21421,1.21435,1.50,3.00
2012.09.07 10:06:11.686,1.21421,1.21435,1.50,3.38
2012.09.07 10:06:12.203,1.21421,1.21434,1.50,3.38
2012.09.07 10:06:12.346,1.2142,1.21434,3.00,3.38
2012.09.07 10:06:15.786,1.21425,1.21434,1.50,3.38
2012.09.07 10:06:15.937,1.21425,1.21435,1.50,2.25
2012.09.07 10:06:16.875,1.21425,1.21437,1.50,1.13
2012.09.07 10:06:17.867,1.21425,1.21434,1.50,1.50
2012.09.07 10:06:18.474,1.21423,1.21435,1.09,3.00
2012.09.07 10:06:18.553,1.21422,1.21435,1.09,3.38
2012.09.07 10:06:19.508,1.2142,1.21434,2.25,2.25
2012.09.07 10:06:21.697,1.21422,1.21434,1.50,2.25
2012.09.07 10:06:22.209,1.21425,1.21435,2.25,1.50
2012.09.07 10:06:22.926,1.21425,1.21435,1.50,3.00
2012.09.07 10:06:23.200,1.21426,1.21436,1.50,2.63
2012.09.07 10:06:32.131,1.21426,1.21436,1.50,4.88
2012.09.07 10:06:32.282,1.2142,1.21434,3.00,2.25
2012.09.07 10:06:32.432,1.2142,1.21434,1.50,2.25
2012.09.07 10:06:32.740,1.21417,1.21433,2.25,2.25
2012.09.07 10:06:33.549,1.21416,1.21431,2.44,1.50
2012.09.07 10:06:34.965,1.21417,1.21432,1.50,1.50
2012.09.07 10:06:44.545,1.21416,1.21432,2.44,1.50
2012.09.07 10:06:44.906,1.21416,1.2143,2.44,1.50
2012.09.07 10:06:47.143,1.21421,1.2143,2.25,1.50
2012.09.07 10:06:47.290,1.21416,1.2143,1.69,1.50
2012.09.07 10:06:47.372,1.21416,1.2143,1.69,1.50
2012.09.07 10:06:47.591,1.21416,1.2143,1.50,1.50
2012.09.07 10:06:48.157,1.21416,1.2143,2.25,1.50
2012.09.07 10:06:53.708,1.21417,1.2143,3.00,1.50
2012.09.07 10:06:57.285,1.21416,1.2143,2.44,1.50
2012.09.07 10:07:01.693,1.21417,1.21433,1.50,3.00
2012.09.07 10:07:03.160,1.21413,1.2143,3.00,1.50
2012.09.07 10:07:03.238,1.21413,1.21428,3.00,1.50
2012.09.07 10:07:03.381,1.21411,1.21425,1.13,2.25
2012.09.07 10:07:03.461,1.21406,1.21425,1.69,2.25
2012.09.07 10:07:03.608,1.21406,1.21423,1.69,2.25
2012.09.07 10:07:05.447,1.21408,1.21423,1.50,2.25
2012.09.07 10:07:06.430,1.21408,1.21423,1.50,3.00
2012.09.07 10:07:06.999,1.21408,1.21423,1.50,2.25
2012.09.07 10:07:07.957,1.21409,1.21424,1.50,1.50
2012.09.07 10:07:09.516,1.21411,1.21424,1.50,1.50
2012.09.07 10:07:09.708,1.21413,1.21428,1.50,2.25
2012.09.07 10:07:10.328,1.21413,1.2143,1.50,2.25
2012.09.07 10:07:11.006,1.21414,1.2143,1.50,2.25
2012.09.07 10:07:11.841,1.21413,1.2143,1.50,2.25
2012.09.07 10:07:12.201,1.2141,1.21429,3.00,1.50
2012.09.07 10:07:12.557,1.21408,1.21424,3.00,2.25
2012.09.07 10:07:13.015,1.2142,1.21431,3.94,1.50
2012.09.07 10:07:13.096,1.2142,1.21432,3.94,1.50
2012.09.07 10:07:13.628,1.21422,1.21433,2.25,2.25
2012.09.07 10:07:14.580,1.21418,1.21433,1.50,3.75
2012.09.07 10:07:14.799,1.21414,1.21428,1.50,1.50
2012.09.07 10:07:14.878,1.21414,1.21428,1.50,2.25
2012.09.07 10:07:15.299,1.2141,1.21424,3.19,2.25
2012.09.07 10:07:16.390,1.21409,1.21424,1.66,2.25
2012.09.07 10:07:17.667,1.21408,1.21425,1.50,3.00
2012.09.07 10:07:18.287,1.21408,1.21425,2.25,3.00
2012.09.07 10:07:23.848,1.21408,1.21425,1.69,3.00
2012.09.07 10:07:25.227,1.21407,1.21425,2.44,3.00
2012.09.07 10:07:26.111,1.21406,1.21424,1.69,1.50
2012.09.07 10:07:26.459,1.21404,1.21421,2.23,1.50
2012.09.07 10:07:26.920,1.21401,1.21418,1.50,2.25
2012.09.07 10:07:31.838,1.21404,1.21418,1.50,1.50
2012.09.07 10:07:32.409,1.21404,1.21419,1.50,1.50
2012.09.07 10:07:34.159,1.21399,1.21419,2.98,3.00
2012.09.07 10:07:34.240,1.21399,1.21405,2.25,1.50
2012.09.07 10:07:34.323,1.21398,1.21413,1.48,2.25
2012.09.07 10:07:34.406,1.21397,1.21414,2.25,1.50
2012.09.07 10:07:34.493,1.21394,1.21414,5.25,2.25
2012.09.07 10:07:34.570,1.21395,1.21413,2.25,1.50
2012.09.07 10:07:36.911,1.21395,1.21413,2.25,2.25
2012.09.07 10:07:37.517,1.21394,1.21412,1.50,1.50
2012.09.07 10:07:37.606,1.21397,1.21412,1.50,1.50
2012.09.07 10:07:37.960,1.21394,1.21413,2.25,1.50
2012.09.07 10:07:38.040,1.21396,1.21415,1.50,1.50
2012.09.07 10:07:38.579,1.21396,1.21415,2.25,1.50
2012.09.07 10:07:39.898,1.21396,1.21415,2.63,1.50
2012.09.07 10:07:40.457,1.21396,1.21415,1.88,1.50
2012.09.07 10:07:41.192,1.21396,1.21415,1.88,1.50
2012.09.07 10:07:41.869,1.21396,1.21415,1.88,1.50
2012.09.07 10:07:43.108,1.214,1.21417,1.50,2.25
2012.09.07 10:07:43.767,1.214,1.21417,1.50,2.25
2012.09.07 10:07:43.840,1.21398,1.21415,1.50,1.50
2012.09.07 10:07:45.330,1.21398,1.21415,2.25,1.50
2012.09.07 10:07:46.668,1.21396,1.21414,1.50,1.50
2012.09.07 10:07:49.269,1.21401,1.21414,1.35,1.50
2012.09.07 10:07:49.467,1.21407,1.21421,2.25,1.73
2012.09.07 10:07:49.549,1.21407,1.21422,2.25,1.50
2012.09.07 10:07:50.068,1.21408,1.21423,3.00,2.25
2012.09.07 10:07:57.339,1.21408,1.21422,2.25,2.25
2012.09.07 10:08:00.422,1.21408,1.21423,3.00,2.25
2012.09.07 10:08:05.872,1.21408,1.21423,1.50,5.25
2012.09.07 10:08:11.561,1.21406,1.21422,3.94,1.50
2012.09.07 10:08:11.698,1.21406,1.21417,1.50,5.25
2012.09.07 10:08:12.038,1.21403,1.2141,1.48,2.25
2012.09.07 10:08:12.449,1.21392,1.2141,3.00,2.25
2012.09.07 10:08:15.227,1.21392,1.2141,2.25,1.50
2012.09.07 10:08:22.997,1.21392,1.2141,3.00,2.25
2012.09.07 10:08:32.911,1.21393,1.2141,2.25,2.25
2012.09.07 10:08:33.457,1.21393,1.2141,2.25,2.25
2012.09.07 10:08:36.479,1.21393,1.2141,1.50,2.25
2012.09.07 10:08:43.027,1.21393,1.2141,1.50,2.25
2012.09.07 10:08:47.017,1.21393,1.2141,1.50,2.25
2012.09.07 10:08:47.107,1.2139,1.21409,3.75,3.00
2012.09.07 10:08:47.941,1.2139,1.21409,3.75,3.00
2012.09.07 10:08:48.849,1.2139,1.21409,3.00,3.00
2012.09.07 10:08:49.212,1.21388,1.21399,2.25,1.50
2012.09.07 10:08:49.572,1.21385,1.21398,2.40,1.50
2012.09.07 10:08:53.408,1.21384,1.21398,1.05,1.50
2012.09.07 10:08:54.060,1.21383,1.21396,1.05,1.50
2012.09.07 10:08:54.835,1.21384,1.21396,1.05,1.50
2012.09.07 10:08:55.427,1.21383,1.21396,1.05,1.50
2012.09.07 10:08:56.348,1.21384,1.21396,1.05,1.50
2012.09.07 10:09:00.769,1.21384,1.21397,1.05,1.50
2012.09.07 10:09:00.917,1.21385,1.21399,1.65,1.50
2012.09.07 10:09:01.258,1.21384,1.21401,1.65,3.00
2012.09.07 10:09:03.450,1.21383,1.21401,1.80,2.25
2012.09.07 10:09:06.359,1.21386,1.21403,1.50,2.25
2012.09.07 10:09:07.117,1.21387,1.21404,1.50,2.25
2012.09.07 10:09:10.508,1.21385,1.21404,2.25,2.25
2012.09.07 10:09:13.867,1.21384,1.21404,2.25,2.25
2012.09.07 10:09:14.191,1.21392,1.21405,2.44,1.50
2012.09.07 10:09:16.750,1.21393,1.21409,1.69,2.25
2012.09.07 10:09:17.387,1.21393,1.21411,3.19,2.25
2012.09.07 10:09:18.608,1.21393,1.21412,3.00,2.25
2012.09.07 10:09:19.128,1.21393,1.2141,1.50,1.50
2012.09.07 10:09:21.458,1.21395,1.21412,1.50,2.25
2012.09.07 10:09:22.870,1.21401,1.21413,3.94,1.50
2012.09.07 10:09:23.228,1.21401,1.21415,3.94,1.50
2012.09.07 10:09:23.448,1.21401,1.21415,3.94,1.50
2012.09.07 10:09:24.416,1.21401,1.21415,3.94,1.50
2012.09.07 10:09:26.217,1.214,1.21415,3.19,1.50
2012.09.07 10:09:33.102,1.21399,1.21416,3.19,1.50
2012.09.07 10:09:34.041,1.21397,1.21415,2.25,2.25
2012.09.07 10:09:34.121,1.21395,1.21412,1.50,1.50
2012.09.07 10:09:35.039,1.21395,1.21412,1.50,1.50
2012.09.07 10:09:35.190,1.21395,1.2141,1.50,1.50
2012.09.07 10:09:37.455,1.21394,1.2141,2.25,1.50
2012.09.07 10:09:40.067,1.21394,1.21408,2.25,2.25
2012.09.07 10:09:40.278,1.2139,1.21405,1.69,1.13
2012.09.07 10:09:40.419,1.21385,1.21402,1.50,2.25
2012.09.07 10:09:40.946,1.21382,1.21402,3.60,2.25
2012.09.07 10:09:41.487,1.21382,1.21402,3.60,2.25
2012.09.07 10:09:45.386,1.21382,1.21402,3.60,2.25
2012.09.07 10:09:46.687,1.21382,1.21402,3.60,2.25
2012.09.07 10:09:47.189,1.21385,1.21402,2.25,2.25
2012.09.07 10:09:47.658,1.21382,1.21402,3.73,2.25
2012.09.07 10:09:51.627,1.21382,1.21402,3.73,2.25
2012.09.07 10:09:53.710,1.21377,1.21385,1.69,1.50
2012.09.07 10:09:53.862,1.21369,1.21379,1.50,2.25
2012.09.07 10:09:54.376,1.21362,1.21377,2.07,1.50
2012.09.07 10:09:54.928,1.21362,1.21378,2.53,1.50
2012.09.07 10:09:55.508,1.21362,1.21378,1.99,1.50
2012.09.07 10:09:55.652,1.21363,1.21378,1.24,2.25
2012.09.07 10:09:55.734,1.21368,1.21384,2.25,2.03
2012.09.07 10:09:56.031,1.21363,1.21379,1.62,1.50
2012.09.07 10:09:56.250,1.21363,1.21379,1.80,1.50
2012.09.07 10:09:56.541,1.21356,1.21367,1.17,1.50
2012.09.07 10:09:56.829,1.2135,1.21371,1.47,1.50
2012.09.07 10:09:56.908,1.21353,1.21371,1.06,1.50
2012.09.07 10:09:57.449,1.21352,1.2137,1.81,2.25
2012.09.07 10:09:57.779,1.21353,1.21369,1.81,1.50
2012.09.07 10:09:58.298,1.21353,1.21368,1.62,2.25
2012.09.07 10:09:58.817,1.21353,1.21368,1.81,2.25
2012.09.07 10:10:00.021,1.21356,1.21368,2.25,2.25
2012.09.07 10:10:00.451,1.21358,1.2137,1.50,2.25
2012.09.07 10:10:00.752,1.21339,1.21345,1.50,1.50
2012.09.07 10:10:00.831,1.21339,1.21345,1.50,1.50
2012.09.07 10:10:01.187,1.21327,1.21343,1.69,2.25
2012.09.07 10:10:01.387,1.21326,1.21343,1.69,2.25
2012.09.07 10:10:01.528,1.21329,1.21343,1.50,2.25
2012.09.07 10:10:01.598,1.21324,1.21343,3.19,2.25
2012.09.07 10:10:02.727,1.21324,1.21343,2.44,2.25
2012.09.07 10:10:03.256,1.21324,1.21343,1.69,2.25
2012.09.07 10:10:03.762,1.21325,1.21343,1.54,1.50
2012.09.07 10:10:03.843,1.21327,1.21347,3.75,2.48
2012.09.07 10:10:04.517,1.21327,1.21347,3.00,2.25
2012.09.07 10:10:05.060,1.21328,1.21347,1.50,2.25
2012.09.07 10:10:05.583,1.21329,1.21347,2.85,2.25
2012.09.07 10:10:05.821,1.21329,1.2135,1.69,2.63
2012.09.07 10:10:06.183,1.21329,1.2135,1.50,2.63
2012.09.07 10:10:08.068,1.21329,1.21349,2.44,1.50
2012.09.07 10:10:08.628,1.2133,1.21349,1.69,1.50
2012.09.07 10:10:09.179,1.2133,1.2135,1.69,2.25
2012.09.07 10:10:09.647,1.2133,1.2135,2.44,2.25
2012.09.07 10:10:10.820,1.21337,1.21356,1.50,1.50
2012.09.07 10:10:11.113,1.21335,1.21355,1.50,2.25
2012.09.07 10:10:12.063,1.21336,1.21355,2.25,2.25
2012.09.07 10:10:12.213,1.21335,1.21355,2.44,2.25
2012.09.07 10:10:13.119,1.21335,1.21357,2.25,3.75
2012.09.07 10:10:13.944,1.21335,1.21349,2.25,2.25
2012.09.07 10:10:14.228,1.21328,1.21344,1.50,1.50
2012.09.07 10:10:14.518,1.21328,1.21343,1.69,1.13
2012.09.07 10:10:15.149,1.21325,1.21343,2.44,1.88
2012.09.07 10:10:15.764,1.21322,1.21337,2.25,2.25
2012.09.07 10:10:16.119,1.21317,1.21336,1.50,1.50
2012.09.07 10:10:16.473,1.21319,1.21336,1.48,2.25
2012.09.07 10:10:16.689,1.21316,1.21338,3.75,3.75
2012.09.07 10:10:16.910,1.21316,1.21336,3.00,1.50
2012.09.07 10:10:17.485,1.21313,1.21335,2.25,3.23
2012.09.07 10:10:18.454,1.21309,1.21329,2.25,2.25
2012.09.07 10:10:18.898,1.21309,1.21329,2.25,2.25
2012.09.07 10:10:22.961,1.21307,1.21325,3.15,1.35
2012.09.07 10:10:23.468,1.21307,1.21325,3.15,1.35
2012.09.07 10:10:24.599,1.21307,1.21325,4.48,1.13
2012.09.07 10:10:25.137,1.21307,1.21325,2.59,3.38
2012.09.07 10:10:26.438,1.213,1.21311,1.65,1.35
2012.09.07 10:10:26.510,1.21298,1.21307,2.10,1.50
2012.09.07 10:10:26.592,1.21297,1.21301,2.25,1.50
2012.09.07 10:10:26.674,1.21301,1.21306,3.00,5.10
2012.09.07 10:10:26.753,1.21296,1.21301,1.50,2.25
2012.09.07 10:10:27.147,1.21288,1.21299,2.25,1.13
2012.09.07 10:10:27.241,1.21284,1.21295,1.50,1.88
2012.09.07 10:10:27.320,1.21282,1.21294,1.50,2.25
2012.09.07 10:10:27.403,1.21279,1.21293,1.05,1.13
2012.09.07 10:10:27.955,1.21276,1.2129,1.70,1.13
2012.09.07 10:10:28.411,1.21276,1.21291,1.50,2.63
2012.09.07 10:10:28.962,1.21275,1.2129,2.07,2.25
2012.09.07 10:10:29.181,1.21275,1.21289,3.20,1.13
2012.09.07 10:10:29.260,1.21275,1.2129,3.20,2.63
2012.09.07 10:10:29.414,1.21276,1.21295,3.38,3.00
2012.09.07 10:10:29.487,1.21279,1.21296,1.50,1.50
2012.09.07 10:10:29.702,1.21276,1.21295,3.38,3.00
2012.09.07 10:10:29.781,1.21276,1.21295,3.20,4.50
2012.09.07 10:10:30.189,1.21276,1.21295,2.82,1.50
2012.09.07 10:10:30.839,1.21276,1.21296,2.82,2.25
2012.09.07 10:10:31.658,1.21276,1.21291,2.82,2.25
2012.09.07 10:10:32.021,1.21276,1.21291,1.70,2.25
2012.09.07 10:10:32.520,1.21276,1.21291,4.55,2.25
2012.09.07 10:10:32.883,1.21279,1.21291,1.50,2.25
2012.09.07 10:10:32.960,1.21279,1.21297,1.50,1.50
2012.09.07 10:10:33.709,1.21279,1.21301,1.50,2.25
2012.09.07 10:10:34.552,1.21279,1.213,2.25,1.02
2012.09.07 10:10:34.912,1.21279,1.21298,1.50,1.02
2012.09.07 10:10:35.707,1.21279,1.21302,1.50,2.52
2012.09.07 10:10:36.404,1.21297,1.21307,1.50,2.40
2012.09.07 10:10:36.622,1.21299,1.21311,1.50,3.00
2012.09.07 10:10:36.706,1.21301,1.21312,1.50,1.01
2012.09.07 10:10:36.860,1.21301,1.21319,2.25,1.58
2012.09.07 10:10:37.080,1.21301,1.21318,2.25,2.25
2012.09.07 10:10:37.301,1.21301,1.21318,2.25,1.58
2012.09.07 10:10:37.868,1.21301,1.2132,2.25,2.33
2012.09.07 10:10:38.989,1.21301,1.2132,2.25,1.58
2012.09.07 10:10:40.156,1.21301,1.2132,2.25,1.50
2012.09.07 10:10:40.226,1.2131,1.2132,1.35,1.50
2012.09.07 10:10:40.300,1.21315,1.2132,1.50,1.50
2012.09.07 10:10:40.454,1.21314,1.21328,1.70,1.73
2012.09.07 10:10:40.800,1.21314,1.21328,1.70,1.50
2012.09.07 10:10:40.950,1.21313,1.21328,1.70,4.50
2012.09.07 10:10:41.451,1.21315,1.21328,1.50,3.00
2012.09.07 10:10:42.008,1.21315,1.21328,1.50,3.00
2012.09.07 10:10:42.787,1.21315,1.21328,1.70,1.50
2012.09.07 10:10:42.927,1.21315,1.21328,1.70,1.50
2012.09.07 10:10:43.789,1.21311,1.21326,5.23,1.13
2012.09.07 10:10:43.939,1.21311,1.21323,1.50,1.50
2012.09.07 10:10:44.570,1.21302,1.21323,2.25,1.50
2012.09.07 10:10:44.709,1.21302,1.21323,1.50,1.50
2012.09.07 10:10:45.828,1.21302,1.21321,1.50,1.50
2012.09.07 10:10:46.357,1.213,1.21319,2.25,1.50
2012.09.07 10:10:47.579,1.213,1.2132,1.50,3.00
2012.09.07 10:10:49.168,1.21301,1.21321,3.75,2.25
2012.09.07 10:10:49.617,1.21313,1.21321,3.75,1.50
2012.09.07 10:10:49.759,1.2131,1.21324,1.48,2.25
2012.09.07 10:10:49.914,1.21313,1.21326,3.75,2.63
2012.09.07 10:10:49.992,1.21313,1.21326,3.75,1.50
2012.09.07 10:10:50.070,1.21313,1.21324,3.75,1.88
2012.09.07 10:10:50.360,1.213,1.21319,1.50,2.25
2012.09.07 10:10:50.438,1.21299,1.21319,2.25,2.25
2012.09.07 10:10:51.100,1.21299,1.21319,2.25,2.25
2012.09.07 10:10:52.298,1.21299,1.21319,1.50,1.50
2012.09.07 10:10:53.503,1.21312,1.21319,1.50,1.50
2012.09.07 10:10:53.657,1.21312,1.21325,1.70,1.88
2012.09.07 10:10:53.743,1.21306,1.21311,2.10,3.00
2012.09.07 10:10:54.242,1.21307,1.21311,1.50,2.25
2012.09.07 10:10:54.320,1.21295,1.21311,1.70,3.00
2012.09.07 10:10:56.750,1.21295,1.21311,1.70,3.00
2012.09.07 10:10:56.888,1.21299,1.21314,1.48,1.58
2012.09.07 10:10:57.029,1.21305,1.21321,2.63,1.50
2012.09.07 10:10:57.111,1.21305,1.21322,4.55,1.50
2012.09.07 10:10:57.190,1.21306,1.21325,1.55,1.50
2012.09.07 10:10:57.269,1.21306,1.21325,1.55,1.50
2012.09.07 10:10:58.022,1.21306,1.21324,1.32,1.88
2012.09.07 10:10:58.309,1.21306,1.21324,1.88,2.63
2012.09.07 10:10:58.462,1.21305,1.21323,2.25,1.50
2012.09.07 10:10:58.800,1.21305,1.21322,2.25,2.25
2012.09.07 10:10:59.007,1.21306,1.21323,1.32,1.50
2012.09.07 10:10:59.591,1.21303,1.21319,3.00,3.00
2012.09.07 10:10:59.742,1.21302,1.2132,3.00,1.50
2012.09.07 10:11:00.289,1.21302,1.2132,2.25,1.50
2012.09.07 10:11:00.920,1.21301,1.2132,1.50,1.50
2012.09.07 10:11:01.350,1.21306,1.21324,1.50,2.25
2012.09.07 10:11:02.100,1.21306,1.21324,1.50,1.50
2012.09.07 10:11:03.230,1.21311,1.21324,1.50,1.50
2012.09.07 10:11:03.451,1.21315,1.21328,1.50,1.50
2012.09.07 10:11:04.149,1.21313,1.2133,3.30,3.00
2012.09.07 10:11:04.301,1.21311,1.21328,2.36,2.10
2012.09.07 10:11:04.448,1.21311,1.21328,1.63,3.08
2012.09.07 10:11:04.799,1.21307,1.21324,3.00,1.50
2012.09.07 10:11:05.088,1.21305,1.21324,1.63,1.50
2012.09.07 10:11:06.087,1.21305,1.21324,1.63,1.50
2012.09.07 10:11:07.468,1.21302,1.21323,3.13,1.35
2012.09.07 10:11:08.698,1.21319,1.21324,2.25,3.75
2012.09.07 10:11:08.776,1.21319,1.21324,3.00,2.25
2012.09.07 10:11:08.920,1.21309,1.21324,2.10,2.25
2012.09.07 10:11:09.002,1.21307,1.21324,1.50,1.50
2012.09.07 10:11:09.147,1.21315,1.21325,1.50,3.00
2012.09.07 10:11:09.290,1.21313,1.21326,1.50,2.25
2012.09.07 10:11:09.369,1.21305,1.21326,1.50,2.25
2012.09.07 10:11:09.449,1.21311,1.21327,1.50,3.75
2012.09.07 10:11:09.810,1.21313,1.21329,2.25,1.50
2012.09.07 10:11:10.038,1.21315,1.21332,3.75,1.73
2012.09.07 10:11:10.191,1.21313,1.2133,3.00,1.50
2012.09.07 10:11:10.748,1.21313,1.21333,1.50,1.95
2012.09.07 10:11:12.160,1.21313,1.21331,1.50,1.50
2012.09.07 10:11:14.417,1.21313,1.21331,2.25,1.50
2012.09.07 10:11:14.929,1.21314,1.21332,3.00,1.73
2012.09.07 10:11:15.447,1.21315,1.21333,2.25,1.73
2012.09.07 10:11:15.729,1.21316,1.21335,1.50,2.48
2012.09.07 10:11:15.942,1.21326,1.21341,6.00,3.38
2012.09.07 10:11:16.021,1.21326,1.21342,6.20,1.50
2012.09.07 10:11:16.308,1.21328,1.21345,2.45,1.50
2012.09.07 10:11:16.944,1.21327,1.21345,2.45,1.50
2012.09.07 10:11:17.797,1.21328,1.21346,1.70,1.88
2012.09.07 10:11:18.270,1.21331,1.21343,1.50,2.25
2012.09.07 10:11:18.348,1.21331,1.21346,1.50,1.50
2012.09.07 10:11:18.418,1.21332,1.21349,1.50,1.50
2012.09.07 10:11:18.498,1.21334,1.21349,1.50,1.50
2012.09.07 10:11:19.169,1.21337,1.21349,1.50,1.50
2012.09.07 10:11:20.310,1.21335,1.21349,2.25,1.50
2012.09.07 10:11:20.848,1.21333,1.21349,2.25,1.50
2012.09.07 10:11:21.643,1.21333,1.21349,2.25,1.50
2012.09.07 10:11:21.782,1.21333,1.21348,2.25,1.50
2012.09.07 10:11:22.638,1.21333,1.21348,2.25,2.25
2012.09.07 10:11:24.279,1.21331,1.21347,2.25,1.13
2012.09.07 10:11:24.433,1.21327,1.2134,2.25,1.50
2012.09.07 10:11:24.512,1.21327,1.2134,1.50,1.50
2012.09.07 10:11:24.589,1.21324,1.2134,2.55,1.50
2012.09.07 10:11:25.152,1.21323,1.21337,1.50,2.25
2012.09.07 10:11:25.822,1.2132,1.21336,1.50,1.50
2012.09.07 10:11:27.037,1.2132,1.21336,4.50,1.50
2012.09.07 10:11:27.376,1.2132,1.21339,1.50,2.25
2012.09.07 10:11:27.639,1.21318,1.21338,3.00,1.50
2012.09.07 10:11:28.473,1.21318,1.21338,3.00,1.50
2012.09.07 10:11:28.625,1.21318,1.21338,4.73,1.50
2012.09.07 10:11:29.138,1.21324,1.2134,1.50,1.50
2012.09.07 10:11:32.200,1.21324,1.21339,1.50,1.13
2012.09.07 10:11:32.760,1.21323,1.21338,2.25,1.50
2012.09.07 10:11:32.981,1.21323,1.21342,3.00,1.50
2012.09.07 10:11:33.703,1.21326,1.21342,1.50,1.50
2012.09.07 10:11:34.304,1.21327,1.21341,1.50,1.50
2012.09.07 10:11:34.829,1.21327,1.21341,1.50,1.50
2012.09.07 10:11:34.969,1.21325,1.21341,3.00,1.50
2012.09.07 10:11:35.741,1.21324,1.2134,2.25,1.50
2012.09.07 10:11:35.962,1.21324,1.21343,3.00,1.50
2012.09.07 10:11:36.111,1.21329,1.21343,1.50,1.50
2012.09.07 10:11:36.669,1.21329,1.21344,1.50,1.50
2012.09.07 10:11:37.520,1.21329,1.21343,1.50,1.50
2012.09.07 10:11:37.943,1.21329,1.21344,1.50,1.50
2012.09.07 10:11:38.440,1.21327,1.21344,1.50,1.50
2012.09.07 10:11:39.538,1.21327,1.21345,1.50,2.25
2012.09.07 10:11:40.180,1.21327,1.21345,1.50,2.25
2012.09.07 10:11:40.469,1.2133,1.21345,1.50,2.25
2012.09.07 10:11:41.488,1.21332,1.21345,1.50,1.50
2012.09.07 10:11:42.142,1.21332,1.21344,1.50,1.50
2012.09.07 10:11:42.501,1.21328,1.21344,1.50,1.50
2012.09.07 10:11:43.901,1.21331,1.21345,1.50,1.50
2012.09.07 10:11:45.872,1.21329,1.21345,1.50,1.50
2012.09.07 10:11:45.954,1.21326,1.21345,4.50,1.50
2012.09.07 10:11:46.169,1.21326,1.21346,2.25,3.00
2012.09.07 10:11:46.769,1.21324,1.21344,2.25,2.25
2012.09.07 10:11:47.787,1.21324,1.21344,3.00,2.25
2012.09.07 10:11:48.313,1.21325,1.21344,1.50,2.25
2012.09.07 10:11:49.668,1.21324,1.21344,2.25,2.25
2012.09.07 10:11:49.810,1.21333,1.21344,3.00,2.25
2012.09.07 10:11:50.400,1.21336,1.21348,1.50,1.50
2012.09.07 10:11:50.483,1.21336,1.21351,1.50,3.38
2012.09.07 10:11:51.200,1.21336,1.21351,1.70,3.38
2012.09.07 10:11:51.740,1.21336,1.21351,1.70,2.25
2012.09.07 10:11:52.408,1.21336,1.21352,1.70,2.25
2012.09.07 10:11:56.711,1.21337,1.21353,3.00,1.50
2012.09.07 10:11:57.270,1.21337,1.21353,2.25,1.50
2012.09.07 10:11:58.570,1.21337,1.21354,2.25,4.13
2012.09.07 10:11:59.739,1.21336,1.21353,2.45,3.00
2012.09.07 10:12:00.077,1.21336,1.21351,3.20,1.88
2012.09.07 10:12:00.561,1.21334,1.21349,1.50,1.35
2012.09.07 10:12:00.780,1.21323,1.21339,1.50,1.50
2012.09.07 10:12:01.340,1.21323,1.21343,2.25,2.25
2012.09.07 10:12:02.574,1.21322,1.2134,3.75,2.25
2012.09.07 10:12:02.930,1.21322,1.2134,1.50,3.00
2012.09.07 10:12:03.567,1.21336,1.21345,1.73,1.50
2012.09.07 10:12:03.655,1.21346,1.21361,1.50,3.75
2012.09.07 10:12:03.799,1.21347,1.21361,2.10,3.00
2012.09.07 10:12:03.882,1.21348,1.21361,1.88,2.25
2012.09.07 10:12:04.029,1.21347,1.21361,2.85,3.00
2012.09.07 10:12:04.678,1.21349,1.21363,1.50,2.25
2012.09.07 10:12:08.762,1.21347,1.21366,2.45,3.00
2012.09.07 10:12:09.629,1.21347,1.21365,2.25,1.50
2012.09.07 10:12:10.229,1.21347,1.21363,1.50,1.50
2012.09.07 10:12:10.308,1.21346,1.21363,2.07,3.03
2012.09.07 10:12:11.007,1.21346,1.21362,1.32,3.03
2012.09.07 10:12:12.267,1.21346,1.21362,1.32,3.03
2012.09.07 10:12:12.610,1.2135,1.21362,2.10,1.50
2012.09.07 10:12:12.771,1.21355,1.2137,1.50,1.50
2012.09.07 10:12:13.295,1.21355,1.21371,1.50,1.50
2012.09.07 10:12:13.819,1.21353,1.21372,2.45,2.63
2012.09.07 10:12:13.888,1.21353,1.21368,1.50,1.50
2012.09.07 10:12:14.100,1.21349,1.21367,3.75,2.25
2012.09.07 10:12:14.254,1.21349,1.21367,2.25,2.25
2012.09.07 10:12:14.779,1.21349,1.21366,2.25,1.50
2012.09.07 10:12:15.038,1.21347,1.21364,1.50,1.50
2012.09.07 10:12:15.788,1.21346,1.21364,3.20,1.50
2012.09.07 10:12:18.281,1.21347,1.21364,1.70,2.25
2012.09.07 10:12:19.709,1.21346,1.21364,3.20,1.50
2012.09.07 10:12:20.888,1.21346,1.21364,3.95,3.00
2012.09.07 10:12:21.777,1.21347,1.21363,3.00,2.25
2012.09.07 10:12:24.187,1.21347,1.21364,3.00,4.50
2012.09.07 10:12:24.795,1.21348,1.21364,1.50,4.50
2012.09.07 10:12:26.820,1.21348,1.21363,1.50,1.50
2012.09.07 10:12:27.159,1.21346,1.21359,3.00,3.75
2012.09.07 10:12:27.247,1.21347,1.2136,1.50,2.25
2012.09.07 10:12:27.680,1.21348,1.21362,1.50,2.40
2012.09.07 10:12:28.238,1.21348,1.21362,1.70,1.50
2012.09.07 10:12:28.789,1.21348,1.21364,1.70,2.25
2012.09.07 10:12:32.188,1.21348,1.21363,1.50,1.50
2012.09.07 10:12:32.543,1.21347,1.21359,2.25,2.25
2012.09.07 10:12:34.250,1.21347,1.2136,2.25,3.75
2012.09.07 10:12:34.870,1.21349,1.21361,1.88,1.50
2012.09.07 10:12:34.961,1.21352,1.21359,2.25,2.25
2012.09.07 10:12:35.320,1.21342,1.21354,1.50,3.23
2012.09.07 10:12:35.544,1.21342,1.21351,1.50,1.50
2012.09.07 10:12:35.833,1.21331,1.21349,1.50,2.25
2012.09.07 10:12:36.919,1.21336,1.21349,1.35,1.50
2012.09.07 10:12:37.141,1.21346,1.21359,1.50,4.50
2012.09.07 10:12:44.098,1.21345,1.21358,1.70,1.35
2012.09.07 10:12:44.240,1.21342,1.21354,1.48,1.13
2012.09.07 10:12:44.587,1.21338,1.2135,1.48,1.50
2012.09.07 10:12:44.728,1.21337,1.2135,3.00,1.50
2012.09.07 10:12:51.853,1.21336,1.21342,2.45,2.10
2012.09.07 10:12:52.199,1.21317,1.21332,4.52,1.50
2012.09.07 10:12:52.739,1.21317,1.21336,4.55,2.25
2012.09.07 10:12:53.369,1.21317,1.21334,4.55,1.50
2012.09.07 10:12:54.433,1.21317,1.21335,4.55,1.50
2012.09.07 10:12:56.045,1.21332,1.21341,1.50,2.28
2012.09.07 10:12:56.131,1.21332,1.21348,1.50,1.50
2012.09.07 10:12:56.213,1.21332,1.21348,1.50,2.25
2012.09.07 10:12:56.289,1.2133,1.21348,2.25,3.00
2012.09.07 10:12:57.140,1.2133,1.21342,1.50,3.00
2012.09.07 10:12:57.221,1.21323,1.21339,1.50,1.50
2012.09.07 10:12:57.300,1.21321,1.21339,2.25,1.50
2012.09.07 10:12:57.837,1.21321,1.21339,2.25,1.50
2012.09.07 10:12:59.891,1.21328,1.21339,2.25,1.50
2012.09.07 10:13:00.042,1.21323,1.21339,2.23,1.50
2012.09.07 10:13:00.122,1.21323,1.21341,3.75,2.25
2012.09.07 10:13:00.667,1.21323,1.21341,3.00,2.25
2012.09.07 10:13:02.163,1.21323,1.21341,1.50,2.25
2012.09.07 10:13:02.510,1.21321,1.21334,2.25,2.25
2012.09.07 10:13:02.728,1.21319,1.21337,3.00,3.38
2012.09.07 10:13:02.869,1.2132,1.21337,1.50,1.50
2012.09.07 10:13:03.218,1.2132,1.21334,2.25,2.25
2012.09.07 10:13:07.307,1.2132,1.21337,1.50,1.88
2012.09.07 10:13:07.520,1.2132,1.21339,2.25,1.73
2012.09.07 10:13:10.368,1.21323,1.21341,2.25,1.88
2012.09.07 10:13:12.182,1.21323,1.21341,2.25,1.13
2012.09.07 10:13:12.547,1.21323,1.21341,2.45,1.13
2012.09.07 10:13:12.901,1.21327,1.21341,3.00,1.13
2012.09.07 10:13:18.804,1.21328,1.21346,2.25,4.50
2012.09.07 10:13:18.879,1.21327,1.21346,4.70,3.00
2012.09.07 10:13:19.298,1.21327,1.21344,4.70,2.25
2012.09.07 10:13:19.980,1.21327,1.21344,1.70,2.25
2012.09.07 10:13:20.577,1.21327,1.21344,2.45,2.25
2012.09.07 10:13:23.110,1.21326,1.21342,2.45,2.63
2012.09.07 10:13:23.628,1.21326,1.2134,2.45,1.50
2012.09.07 10:13:25.160,1.21327,1.21341,1.70,2.25
2012.09.07 10:13:26.828,1.21326,1.21341,2.45,2.85
2012.09.07 10:13:26.901,1.21324,1.2134,3.20,2.10
2012.09.07 10:13:27.460,1.21322,1.21338,3.17,3.00
2012.09.07 10:13:28.680,1.21322,1.21338,2.23,3.00
2012.09.07 10:13:30.880,1.21322,1.21337,3.17,1.50
2012.09.07 10:13:30.961,1.21322,1.21338,1.70,1.50
2012.09.07 10:13:33.446,1.2132,1.21338,1.48,1.50
2012.09.07 10:13:33.578,1.2132,1.21337,1.48,1.13
2012.09.07 10:13:33.777,1.2132,1.21338,1.48,1.50
2012.09.07 10:13:34.359,1.2132,1.21337,1.48,5.25
2012.09.07 10:13:34.710,1.21317,1.2133,2.85,2.25
2012.09.07 10:13:36.128,1.21317,1.21331,1.35,1.50
2012.09.07 10:13:36.201,1.21316,1.21329,2.85,2.25
2012.09.07 10:13:37.819,1.21314,1.21327,2.85,2.25
2012.09.07 10:13:38.101,1.21298,1.21312,1.13,1.50
2012.09.07 10:13:39.321,1.21296,1.21312,2.45,3.75
2012.09.07 10:13:39.889,1.21296,1.2131,4.17,3.00
2012.09.07 10:13:40.181,1.21298,1.2131,1.50,3.00
2012.09.07 10:13:40.823,1.21295,1.21308,1.17,1.13
2012.09.07 10:13:40.897,1.21293,1.21308,2.45,1.88
2012.09.07 10:13:41.169,1.21288,1.21305,1.50,3.00
2012.09.07 10:13:41.237,1.21286,1.21305,1.50,3.75
2012.09.07 10:13:42.119,1.21286,1.21305,3.00,3.00
2012.09.07 10:13:42.341,1.2129,1.21305,2.25,2.25
2012.09.07 10:13:42.872,1.21288,1.21303,2.45,2.10
2012.09.07 10:13:43.032,1.21283,1.21302,4.67,1.50
2012.09.07 10:13:43.939,1.21283,1.21302,3.17,3.00
2012.09.07 10:13:44.436,1.2129,1.21302,2.25,2.25
2012.09.07 10:13:44.510,1.21285,1.21302,1.13,3.00
2012.09.07 10:13:44.802,1.21285,1.21303,1.50,1.50
2012.09.07 10:13:45.080,1.21286,1.21306,1.50,4.88
2012.09.07 10:13:45.997,1.21286,1.21306,1.50,3.38
2012.09.07 10:13:47.458,1.21287,1.21306,1.50,2.63
2012.09.07 10:13:48.028,1.21285,1.21306,2.25,3.38
2012.09.07 10:13:48.102,1.21285,1.21304,2.25,4.50
2012.09.07 10:13:48.594,1.21284,1.21301,1.50,2.63
2012.09.07 10:13:48.675,1.21281,1.21299,2.25,1.50
2012.09.07 10:13:50.368,1.21277,1.21299,4.48,1.50
2012.09.07 10:13:50.442,1.21294,1.21299,1.13,1.50
2012.09.07 10:13:50.662,1.21289,1.21308,1.50,1.13
2012.09.07 10:13:50.740,1.21304,1.21309,2.25,2.25
2012.09.07 10:13:51.181,1.21284,1.21305,1.50,1.50
2012.09.07 10:13:51.264,1.21283,1.21301,2.25,1.50
2012.09.07 10:13:51.481,1.21283,1.21303,3.75,1.50
2012.09.07 10:13:51.699,1.21283,1.21302,1.50,1.50
2012.09.07 10:13:52.711,1.21281,1.21302,2.25,2.85
2012.09.07 10:13:53.228,1.21283,1.21302,1.50,1.50
2012.09.07 10:13:53.759,1.21283,1.21303,1.50,1.50
2012.09.07 10:13:53.903,1.21312,1.21316,1.50,2.63
2012.09.07 10:13:53.983,1.21312,1.21316,1.50,1.73
2012.09.07 10:13:54.135,1.21312,1.21318,1.50,3.04
2012.09.07 10:13:54.695,1.2131,1.21318,1.50,2.29
2012.09.07 10:13:54.792,1.21306,1.21326,2.25,2.25
2012.09.07 10:13:55.083,1.21298,1.21305,2.25,1.50
2012.09.07 10:13:55.236,1.21303,1.21307,2.25,1.50
2012.09.07 10:13:55.383,1.21302,1.21315,2.25,1.53
2012.09.07 10:13:55.464,1.213,1.2131,2.25,1.50
2012.09.07 10:13:55.541,1.21297,1.21307,1.50,3.00
2012.09.07 10:13:55.620,1.21293,1.21306,1.50,1.13
2012.09.07 10:13:55.769,1.21289,1.21306,1.70,1.13
2012.09.07 10:13:56.286,1.21288,1.21307,1.70,3.38
2012.09.07 10:13:57.548,1.21286,1.21306,1.13,1.88
2012.09.07 10:13:57.970,1.21294,1.21312,1.50,2.25
2012.09.07 10:13:58.261,1.2129,1.21305,1.70,1.50
2012.09.07 10:13:58.480,1.21287,1.21306,1.50,1.88
2012.09.07 10:13:59.030,1.21288,1.21306,2.25,1.88
2012.09.07 10:13:59.851,1.21289,1.21306,1.50,1.88
2012.09.07 10:13:59.989,1.21289,1.21306,1.50,2.63
2012.09.07 10:14:00.331,1.21289,1.21306,1.50,2.63
2012.09.07 10:14:01.116,1.21309,1.2132,1.50,1.50
2012.09.07 10:14:01.191,1.21316,1.21322,1.50,3.00
2012.09.07 10:14:01.276,1.21316,1.21335,3.20,1.50
2012.09.07 10:14:01.492,1.21321,1.21338,1.50,2.25
2012.09.07 10:14:01.572,1.21321,1.21339,1.50,2.25
2012.09.07 10:14:01.931,1.21321,1.21341,1.50,1.50
2012.09.07 10:14:02.608,1.21323,1.21342,1.50,2.25
2012.09.07 10:14:02.753,1.2132,1.21325,3.00,2.25
2012.09.07 10:14:02.902,1.2132,1.21325,2.25,2.25
2012.09.07 10:14:02.983,1.21317,1.21322,1.50,1.50
2012.09.07 10:14:03.271,1.21299,1.21318,2.25,1.50
2012.09.07 10:14:03.356,1.21299,1.21318,1.50,1.73
2012.09.07 10:14:03.432,1.21294,1.21314,1.50,2.48
2012.09.07 10:14:03.992,1.21291,1.21311,1.50,1.50
2012.09.07 10:14:04.711,1.21293,1.21313,2.25,2.25
2012.09.07 10:14:05.343,1.21295,1.21315,2.85,2.48
2012.09.07 10:14:05.494,1.21298,1.21315,1.50,1.73
2012.09.07 10:14:05.654,1.21303,1.2132,1.50,2.25
2012.09.07 10:14:06.013,1.21311,1.21321,1.50,1.50
2012.09.07 10:14:06.163,1.21308,1.21326,3.00,1.80
2012.09.07 10:14:07.914,1.21308,1.21326,1.50,2.40
2012.09.07 10:14:08.062,1.21308,1.21326,1.50,3.30
2012.09.07 10:14:09.111,1.21305,1.21323,1.50,1.50
2012.09.07 10:14:09.260,1.21302,1.21323,1.50,1.50
2012.09.07 10:14:09.624,1.21287,1.21293,1.80,1.88
2012.09.07 10:14:09.701,1.21276,1.21293,2.45,1.88
2012.09.07 10:14:10.258,1.21274,1.21288,3.20,1.50
2012.09.07 10:14:12.081,1.21285,1.21292,2.10,1.88
2012.09.07 10:14:12.441,1.21292,1.21297,1.50,1.50
2012.09.07 10:14:12.798,1.21293,1.21303,2.48,1.50
2012.09.07 10:14:13.301,1.21297,1.21308,2.25,4.29
2012.09.07 10:14:13.662,1.21305,1.2131,1.50,5.04
2012.09.07 10:14:13.883,1.21305,1.21317,1.50,1.50
2012.09.07 10:14:13.960,1.21303,1.21319,1.50,1.50
2012.09.07 10:14:14.391,1.21296,1.21317,2.25,1.50
2012.09.07 10:14:14.469,1.21292,1.213,1.73,1.50
2012.09.07 10:14:14.622,1.21287,1.21294,1.48,1.13
2012.09.07 10:14:14.699,1.21278,1.21292,1.48,1.13
2012.09.07 10:14:15.219,1.21282,1.21293,1.50,1.73
2012.09.07 10:14:15.308,1.21275,1.21291,1.70,1.50
2012.09.07 10:14:15.739,1.21272,1.21289,1.67,1.50
2012.09.07 10:14:16.132,1.21274,1.21292,2.45,1.88
2012.09.07 10:14:16.212,1.21273,1.21289,1.70,2.25
2012.09.07 10:14:16.293,1.21273,1.21288,1.70,1.13
2012.09.07 10:14:16.372,1.21273,1.21292,3.05,1.13
2012.09.07 10:14:16.791,1.21273,1.2129,1.55,1.50
2012.09.07 10:14:18.703,1.21273,1.2129,1.55,1.50
2012.09.07 10:14:18.909,1.21275,1.21292,3.20,2.25
2012.09.07 10:14:19.119,1.21279,1.21292,2.25,1.50
2012.09.07 10:14:19.202,1.21275,1.21292,2.45,1.50
2012.09.07 10:14:19.281,1.21278,1.21292,1.50,1.50
2012.09.07 10:14:19.639,1.21291,1.21307,1.50,1.50
2012.09.07 10:14:19.791,1.21291,1.21311,1.50,2.25
2012.09.07 10:14:19.874,1.21289,1.21309,1.50,2.25
2012.09.07 10:14:20.159,1.2129,1.21297,1.50,2.25
2012.09.07 10:14:20.521,1.21288,1.21295,3.00,2.63
2012.09.07 10:14:20.610,1.21282,1.21295,1.50,2.63
2012.09.07 10:14:20.689,1.21279,1.21294,2.23,1.13
2012.09.07 10:14:21.512,1.21278,1.21295,2.25,1.50
2012.09.07 10:14:21.591,1.21288,1.213,1.88,1.50
2012.09.07 10:14:21.744,1.21295,1.21303,2.30,1.53
2012.09.07 10:14:21.962,1.21298,1.21309,1.70,1.50
2012.09.07 10:14:22.043,1.213,1.21309,1.50,1.50
2012.09.07 10:14:22.331,1.21302,1.2132,1.50,2.25
2012.09.07 10:14:22.414,1.21303,1.21322,1.50,1.50
2012.09.07 10:14:22.490,1.21305,1.21322,1.50,1.50
2012.09.07 10:14:24.488,1.21305,1.21324,1.50,1.50
2012.09.07 10:14:24.785,1.21307,1.21325,1.50,1.50
2012.09.07 10:14:25.141,1.2131,1.21327,1.50,1.80
2012.09.07 10:14:28.190,1.21308,1.21313,1.50,2.25
2012.09.07 10:14:28.270,1.21307,1.21324,1.50,5.25
2012.09.07 10:14:28.350,1.213,1.21322,2.25,1.73
2012.09.07 10:14:28.498,1.21302,1.21324,2.25,3.38
2012.09.07 10:14:28.569,1.21302,1.21324,1.50,3.38
2012.09.07 10:14:29.091,1.21302,1.21324,1.50,3.00
2012.09.07 10:14:29.232,1.21304,1.21324,1.50,2.25
2012.09.07 10:14:29.589,1.21309,1.21326,1.50,2.40
2012.09.07 10:14:29.948,1.21311,1.21328,1.50,1.50
2012.09.07 10:14:30.092,1.21311,1.21329,1.50,2.25
2012.09.07 10:14:30.241,1.21313,1.21331,1.50,2.25
2012.09.07 10:14:30.530,1.21304,1.21322,3.75,1.50
2012.09.07 10:14:31.131,1.21304,1.21322,3.95,2.25
2012.09.07 10:14:33.429,1.21304,1.21323,1.50,1.50
2012.09.07 10:14:35.858,1.21304,1.21324,2.25,3.75
2012.09.07 10:14:36.071,1.21307,1.21324,1.50,2.25
2012.09.07 10:14:38.117,1.21315,1.21325,2.25,2.25
2012.09.07 10:14:38.400,1.21317,1.21331,1.50,1.50
2012.09.07 10:14:38.622,1.21317,1.21334,3.00,3.75
2012.09.07 10:14:39.353,1.21315,1.21332,2.25,1.35
2012.09.07 10:14:39.430,1.21312,1.21332,3.00,1.35
2012.09.07 10:14:39.509,1.21312,1.21332,2.25,1.73
2012.09.07 10:14:39.848,1.21308,1.21329,1.50,1.13
2012.09.07 10:14:40.409,1.21307,1.21327,1.50,2.25
2012.09.07 10:14:40.480,1.21309,1.21329,1.50,1.88
2012.09.07 10:14:44.866,1.21309,1.21323,2.25,2.25
2012.09.07 10:14:47.309,1.21308,1.21322,2.25,1.88
2012.09.07 10:14:47.648,1.21314,1.21323,2.25,1.88
2012.09.07 10:14:47.861,1.21315,1.21327,1.50,1.50
2012.09.07 10:14:48.291,1.21317,1.21329,2.25,1.50
2012.09.07 10:14:48.861,1.21316,1.21331,3.00,1.50
2012.09.07 10:14:49.081,1.21316,1.21333,3.00,1.50
2012.09.07 10:14:49.420,1.21316,1.21334,3.20,5.10
2012.09.07 10:14:50.093,1.21316,1.21333,3.20,1.88
2012.09.07 10:14:50.299,1.21316,1.21333,3.20,1.50
2012.09.07 10:14:50.880,1.21316,1.21332,3.20,1.50
2012.09.07 10:14:52.890,1.21316,1.21334,2.45,3.98
2012.09.07 10:14:53.447,1.21316,1.21334,2.45,3.98
2012.09.07 10:14:55.024,1.21313,1.21333,3.20,1.50
2012.09.07 10:14:55.099,1.21313,1.21333,2.25,1.50
2012.09.07 10:14:55.168,1.21313,1.21331,2.25,1.50
2012.09.07 10:14:55.489,1.21314,1.21334,1.50,2.25
2012.09.07 10:14:57.152,1.21315,1.21334,2.10,1.50
2012.09.07 10:14:57.509,1.21319,1.21337,1.50,1.50
2012.09.07 10:15:00.788,1.21318,1.21337,3.20,1.50
2012.09.07 10:15:02.850,1.21318,1.21338,3.20,2.25
2012.09.07 10:15:06.168,1.21318,1.21333,2.45,2.25
2012.09.07 10:15:06.525,1.21316,1.21323,1.50,1.50
2012.09.07 10:15:06.679,1.21313,1.21328,2.03,3.00
2012.09.07 10:15:06.751,1.21313,1.21328,2.03,3.00
2012.09.07 10:15:06.971,1.21306,1.21325,1.50,1.50
2012.09.07 10:15:07.052,1.21305,1.21325,1.50,1.50
2012.09.07 10:15:07.401,1.21305,1.21325,2.25,2.25
2012.09.07 10:15:08.179,1.21305,1.21325,2.25,3.00
2012.09.07 10:15:08.740,1.21306,1.21324,1.50,2.25
2012.09.07 10:15:08.818,1.21306,1.21324,1.50,2.25
2012.09.07 10:15:09.832,1.21306,1.21324,1.50,2.25
2012.09.07 10:15:10.128,1.21306,1.21324,1.50,1.50
2012.09.07 10:15:10.409,1.21306,1.21324,2.25,1.50
2012.09.07 10:15:10.478,1.21308,1.21326,2.25,3.75
2012.09.07 10:15:12.451,1.2131,1.21326,1.50,1.50
2012.09.07 10:15:13.251,1.21309,1.21327,1.50,1.50
2012.09.07 10:15:15.211,1.21309,1.21321,1.50,2.25
2012.09.07 10:15:15.430,1.21305,1.21321,2.25,3.38
2012.09.07 10:15:20.289,1.21304,1.21321,3.75,3.38
2012.09.07 10:15:23.329,1.21304,1.2132,3.75,2.25
2012.09.07 10:15:25.498,1.21304,1.2132,3.00,2.25
2012.09.07 10:15:27.747,1.21305,1.21319,1.50,1.50
2012.09.07 10:15:28.277,1.21305,1.21319,1.50,3.00
2012.09.07 10:15:31.212,1.21304,1.21319,2.25,1.50
2012.09.07 10:15:34.230,1.21304,1.21319,1.50,1.13
2012.09.07 10:15:34.660,1.21304,1.21316,1.50,2.25
2012.09.07 10:15:35.407,1.21303,1.21316,1.50,2.25
2012.09.07 10:15:38.249,1.21304,1.21319,2.45,3.00
2012.09.07 10:15:41.303,1.21301,1.21319,1.50,3.00
2012.09.07 10:15:41.579,1.21299,1.21315,2.25,1.50
2012.09.07 10:15:41.858,1.21299,1.21319,2.25,2.25
2012.09.07 10:15:43.420,1.21302,1.2132,1.50,4.35
2012.09.07 10:15:43.499,1.21312,1.2132,1.35,2.25
2012.09.07 10:15:43.653,1.21316,1.21326,2.45,1.95
2012.09.07 10:15:43.729,1.21318,1.21326,1.50,1.95
2012.09.07 10:15:44.078,1.21318,1.2133,3.75,2.25
2012.09.07 10:15:45.751,1.21319,1.21331,1.50,1.13
2012.09.07 10:15:46.310,1.21319,1.21336,3.60,1.69
2012.09.07 10:15:46.520,1.21323,1.21339,1.50,1.69
2012.09.07 10:15:48.762,1.21323,1.21336,1.50,3.19
2012.09.07 10:15:48.909,1.21323,1.21335,1.50,1.69
2012.09.07 10:15:49.382,1.21323,1.21333,1.50,2.25
2012.09.07 10:15:49.808,1.21321,1.21333,1.50,2.25
2012.09.07 10:15:50.638,1.21319,1.21333,1.70,2.25
2012.09.07 10:15:52.018,1.21319,1.21332,1.50,1.50
2012.09.07 10:15:54.697,1.21319,1.21336,2.25,2.44
2012.09.07 10:15:59.390,1.21319,1.21329,2.25,2.25
2012.09.07 10:15:59.681,1.21319,1.21331,1.50,1.50
2012.09.07 10:16:00.209,1.21318,1.21333,1.50,4.50
2012.09.07 10:16:00.581,1.21318,1.21335,3.80,2.44
2012.09.07 10:16:00.660,1.2132,1.21331,1.50,2.25
2012.09.07 10:16:01.022,1.21322,1.21331,1.50,2.25
2012.09.07 10:16:02.039,1.21322,1.21331,2.25,2.25
2012.09.07 10:16:02.126,1.21322,1.21334,2.25,1.50
2012.09.07 10:16:02.479,1.21322,1.21337,2.25,1.69
2012.09.07 10:16:02.693,1.21322,1.2134,1.50,2.59
2012.09.07 10:16:02.841,1.21331,1.2134,2.25,2.25
2012.09.07 10:16:02.922,1.21322,1.2134,2.25,2.44
2012.09.07 10:16:04.422,1.21323,1.2134,2.25,2.44
2012.09.07 10:16:05.767,1.21322,1.2134,2.25,2.44
2012.09.07 10:16:06.139,1.21327,1.2134,2.25,2.44
2012.09.07 10:16:06.282,1.21327,1.2134,2.45,1.50
2012.09.07 10:16:06.498,1.21328,1.21343,1.50,3.19
2012.09.07 10:16:07.389,1.21328,1.21343,1.50,3.19
2012.09.07 10:16:07.839,1.21327,1.21343,1.50,1.69
2012.09.07 10:16:07.908,1.21324,1.21342,2.25,1.69
2012.09.07 10:16:07.979,1.21324,1.21342,2.25,1.69
2012.09.07 10:16:08.498,1.21323,1.21342,2.25,3.19
2012.09.07 10:16:08.941,1.21328,1.21342,2.25,3.19
2012.09.07 10:16:09.112,1.2133,1.21344,2.25,3.75
2012.09.07 10:16:09.189,1.21324,1.21343,3.00,3.00
2012.09.07 10:16:09.262,1.21324,1.21343,1.50,3.00
2012.09.07 10:16:09.342,1.21323,1.21341,2.25,2.44
2012.09.07 10:16:10.589,1.21326,1.21341,2.25,3.19
2012.09.07 10:16:10.740,1.21327,1.21341,1.50,2.25
2012.09.07 10:16:10.821,1.21327,1.21343,3.00,1.50
2012.09.07 10:16:10.959,1.21327,1.21344,3.75,3.19
2012.09.07 10:16:12.312,1.21327,1.21343,3.00,1.69
2012.09.07 10:16:13.760,1.21327,1.21341,3.75,2.44
2012.09.07 10:16:16.182,1.21327,1.21345,3.75,2.44
2012.09.07 10:16:16.259,1.21328,1.21345,1.50,2.25
2012.09.07 10:16:16.340,1.21332,1.21345,1.50,1.50
2012.09.07 10:16:16.548,1.21333,1.21351,2.25,1.50
2012.09.07 10:16:16.688,1.21333,1.21343,2.25,2.25
2012.09.07 10:16:16.897,1.21327,1.21343,2.25,2.25
2012.09.07 10:16:22.418,1.21326,1.21343,5.42,3.00
2012.09.07 10:16:24.228,1.21326,1.21343,5.42,1.50
2012.09.07 10:16:30.358,1.21329,1.21343,1.50,1.50
2012.09.07 10:16:34.552,1.21329,1.21338,1.50,2.25
2012.09.07 10:16:37.160,1.21332,1.21338,1.50,2.25
2012.09.07 10:16:37.307,1.2133,1.21338,1.50,2.25
2012.09.07 10:16:38.828,1.2133,1.21337,1.50,1.50
2012.09.07 10:16:38.910,1.21326,1.21337,2.25,1.50
2012.09.07 10:16:38.989,1.21321,1.21337,2.40,1.50
2012.09.07 10:16:40.260,1.21323,1.2134,2.25,2.44
2012.09.07 10:16:41.092,1.21323,1.21337,2.25,1.69
2012.09.07 10:16:42.498,1.21321,1.21338,2.25,2.44
2012.09.07 10:16:43.737,1.21323,1.21337,1.50,1.69
2012.09.07 10:16:44.168,1.21321,1.21337,2.25,1.69
2012.09.07 10:16:47.603,1.21321,1.21335,2.25,1.13
2012.09.07 10:16:47.963,1.21321,1.21327,1.50,2.25
2012.09.07 10:16:48.575,1.21318,1.21332,1.50,1.50
2012.09.07 10:16:48.782,1.21318,1.21336,2.25,1.50
2012.09.07 10:16:48.862,1.21325,1.21338,1.50,3.00
2012.09.07 10:16:49.219,1.21328,1.2134,1.50,1.50
2012.09.07 10:16:49.685,1.21328,1.21341,1.50,1.69
2012.09.07 10:16:49.970,1.21325,1.21341,3.00,1.69
2012.09.07 10:16:53.471,1.21324,1.2134,1.50,1.69
2012.09.07 10:16:53.622,1.21327,1.21339,2.25,1.32
2012.09.07 10:16:53.843,1.2133,1.21341,1.50,1.50
2012.09.07 10:16:54.059,1.21332,1.21341,1.50,1.50
2012.09.07 10:16:54.961,1.21334,1.21348,1.50,3.19
2012.09.07 10:17:01.781,1.21332,1.21344,1.50,3.19
2012.09.07 10:17:04.300,1.21333,1.21347,1.50,2.44
2012.09.07 10:17:14.429,1.21333,1.21347,1.50,2.25
2012.09.07 10:17:15.148,1.21333,1.21343,1.50,3.00
2012.09.07 10:17:15.289,1.2133,1.21342,1.50,2.25
2012.09.07 10:17:15.428,1.2133,1.21341,1.50,2.25
2012.09.07 10:17:16.013,1.2133,1.21342,1.50,1.88
2012.09.07 10:17:16.162,1.2133,1.21342,1.50,1.50
2012.09.07 10:17:16.450,1.21333,1.21345,1.50,1.50
2012.09.07 10:17:19.190,1.21333,1.21345,1.50,2.25
2012.09.07 10:17:19.271,1.21333,1.21345,1.50,1.50
2012.09.07 10:17:20.187,1.21333,1.21345,1.50,2.25
2012.09.07 10:17:23.600,1.21334,1.21346,1.50,1.13
2012.09.07 10:17:24.938,1.21332,1.21346,1.50,4.13
2012.09.07 10:17:26.228,1.21332,1.21346,1.50,3.75
2012.09.07 10:17:32.268,1.21332,1.21346,1.50,2.25
2012.09.07 10:17:35.028,1.21336,1.21347,1.50,1.50
2012.09.07 10:17:35.579,1.21336,1.21348,1.50,1.50
2012.09.07 10:17:38.480,1.21332,1.21346,1.50,1.50
2012.09.07 10:17:39.789,1.21332,1.21346,2.25,1.50
2012.09.07 10:17:39.919,1.21334,1.21346,1.50,1.50
2012.09.07 10:17:40.200,1.21338,1.2135,2.25,1.50
2012.09.07 10:17:40.282,1.21338,1.2135,3.00,1.50
2012.09.07 10:17:40.431,1.21341,1.21353,1.50,3.75
2012.09.07 10:17:41.930,1.21341,1.21357,2.25,2.25
2012.09.07 10:17:42.015,1.21349,1.21357,1.35,2.25
2012.09.07 10:17:42.094,1.21353,1.21361,1.50,2.48
2012.09.07 10:17:42.173,1.21352,1.21364,2.25,1.50
2012.09.07 10:17:42.251,1.21354,1.21364,1.50,1.50
2012.09.07 10:17:42.331,1.21354,1.21367,1.50,1.50
2012.09.07 10:17:42.888,1.21359,1.21371,1.50,3.75
2012.09.07 10:17:44.098,1.21356,1.21373,1.50,3.00
2012.09.07 10:17:46.367,1.21356,1.21371,1.50,1.88
2012.09.07 10:17:46.441,1.21353,1.2137,2.25,2.25
2012.09.07 10:17:46.979,1.2135,1.21369,3.00,2.63
2012.09.07 10:17:47.931,1.2135,1.21367,3.20,1.50
2012.09.07 10:17:49.903,1.2135,1.21368,3.00,1.50
2012.09.07 10:17:49.982,1.21353,1.21366,1.50,1.50
2012.09.07 10:17:50.597,1.21352,1.21365,3.75,3.00
2012.09.07 10:17:55.791,1.21352,1.21367,3.00,1.50
2012.09.07 10:17:57.171,1.21357,1.21366,1.50,1.50
2012.09.07 10:17:57.252,1.21357,1.21368,1.50,2.25
2012.09.07 10:17:57.609,1.21359,1.21368,2.25,2.25
2012.09.07 10:17:57.738,1.21359,1.21371,2.25,1.50
2012.09.07 10:17:58.079,1.21359,1.21369,2.25,2.25
2012.09.07 10:17:58.518,1.21359,1.21372,2.25,1.50
2012.09.07 10:17:59.471,1.21358,1.21369,2.25,2.25
2012.09.07 10:17:59.555,1.21361,1.21374,3.00,1.88
2012.09.07 10:17:59.843,1.21365,1.21374,1.50,1.50
2012.09.07 10:17:59.929,1.21366,1.21377,3.00,2.25
2012.09.07 10:18:00.341,1.21368,1.21378,2.25,3.00
2012.09.07 10:18:01.493,1.21368,1.21379,3.00,2.25
2012.09.07 10:18:02.201,1.21368,1.2138,2.25,2.25
2012.09.07 10:18:02.282,1.2137,1.2138,1.50,2.25
2012.09.07 10:18:02.434,1.2137,1.21383,1.50,1.13
2012.09.07 10:18:03.750,1.2137,1.21382,1.50,1.50
2012.09.07 10:18:03.902,1.21364,1.21382,3.20,1.50
2012.09.07 10:18:04.190,1.21364,1.2138,2.25,1.50
2012.09.07 10:18:05.081,1.21364,1.21381,1.50,1.50
2012.09.07 10:18:06.400,1.21364,1.21378,1.50,2.25
2012.09.07 10:18:06.940,1.21361,1.21378,4.50,3.75
2012.09.07 10:18:07.020,1.21361,1.21378,4.50,3.75
2012.09.07 10:18:07.556,1.21361,1.21377,2.25,1.50
2012.09.07 10:18:09.572,1.21363,1.2138,3.05,2.25
2012.09.07 10:18:09.790,1.21366,1.2138,1.50,2.25
2012.09.07 10:18:10.151,1.21365,1.21377,1.50,2.25
2012.09.07 10:18:10.298,1.21366,1.21379,1.50,3.00
2012.09.07 10:18:10.830,1.21366,1.21381,2.25,1.50
2012.09.07 10:18:11.038,1.21366,1.21381,2.25,1.50
2012.09.07 10:18:11.759,1.21366,1.21382,2.25,2.25
2012.09.07 10:18:13.231,1.21367,1.2138,1.50,3.75
2012.09.07 10:18:13.861,1.21369,1.2138,1.50,3.75
2012.09.07 10:18:14.608,1.21369,1.2138,1.50,2.25
2012.09.07 10:18:14.878,1.21369,1.21382,2.10,1.50
2012.09.07 10:18:15.298,1.21371,1.21382,1.50,1.50
2012.09.07 10:18:15.652,1.21374,1.21388,3.00,1.50
2012.09.07 10:18:15.873,1.21377,1.21393,1.50,1.50
2012.09.07 10:18:16.022,1.21379,1.21396,1.50,1.50
2012.09.07 10:18:16.229,1.21379,1.21398,1.50,2.25
2012.09.07 10:18:16.300,1.21379,1.21396,2.25,2.25
2012.09.07 10:18:16.378,1.21379,1.21398,2.25,2.25
2012.09.07 10:18:17.161,1.21379,1.21394,1.50,1.50
2012.09.07 10:18:17.668,1.21378,1.21394,1.50,1.50
2012.09.07 10:18:18.549,1.21378,1.21395,1.50,6.75
2012.09.07 10:18:19.031,1.21378,1.2139,1.50,2.25
2012.09.07 10:18:19.318,1.21376,1.2139,2.45,2.25
2012.09.07 10:18:19.999,1.21376,1.2139,4.50,3.75
2012.09.07 10:18:21.000,1.21377,1.21391,3.60,2.25
2012.09.07 10:18:22.409,1.2138,1.21391,1.50,2.25
2012.09.07 10:18:23.159,1.21378,1.21391,2.25,2.25
2012.09.07 10:18:23.430,1.21378,1.21393,1.50,1.50
2012.09.07 10:18:23.630,1.21378,1.2139,1.50,2.25
2012.09.07 10:18:24.642,1.21378,1.21393,2.25,1.50
2012.09.07 10:18:25.750,1.21378,1.21391,3.00,2.25
2012.09.07 10:18:27.872,1.21378,1.21393,1.50,1.50
2012.09.07 10:18:27.955,1.21376,1.21392,1.50,3.00
2012.09.07 10:18:28.309,1.21371,1.21389,2.25,1.50
2012.09.07 10:18:30.452,1.21378,1.2139,1.50,2.25
2012.09.07 10:18:31.493,1.21378,1.21389,1.50,2.25
2012.09.07 10:18:33.397,1.21377,1.21393,1.50,2.63
2012.09.07 10:18:36.598,1.21378,1.21392,1.50,3.00
2012.09.07 10:18:37.632,1.21378,1.21392,1.50,1.50
2012.09.07 10:18:41.929,1.21377,1.2139,1.70,2.25
2012.09.07 10:18:43.490,1.21377,1.21391,1.50,2.25
2012.09.07 10:18:45.312,1.21376,1.21389,2.85,2.25
2012.09.07 10:18:47.085,1.21376,1.21389,2.85,3.00
2012.09.07 10:18:47.159,1.21376,1.21388,2.10,3.75
2012.09.07 10:18:47.310,1.21376,1.21392,4.35,8.25
2012.09.07 10:18:47.857,1.21377,1.21389,3.00,1.50
2012.09.07 10:18:48.746,1.21377,1.2139,3.00,2.25
2012.09.07 10:18:48.824,1.21377,1.21393,1.50,1.50
2012.09.07 10:18:48.971,1.21377,1.21393,2.25,1.50
2012.09.07 10:18:49.520,1.21377,1.21394,2.25,5.25
2012.09.07 10:18:50.544,1.21377,1.21394,3.60,2.25
2012.09.07 10:18:50.901,1.2138,1.21393,1.50,1.50
2012.09.07 10:18:51.261,1.21379,1.21393,1.50,1.50
2012.09.07 10:18:51.810,1.21378,1.21393,2.25,1.50
2012.09.07 10:18:52.405,1.21378,1.21393,2.25,1.50
2012.09.07 10:18:54.082,1.21381,1.21393,1.50,1.50
2012.09.07 10:18:54.569,1.21381,1.21396,1.50,1.50
2012.09.07 10:18:58.231,1.21381,1.21398,1.50,3.00
2012.09.07 10:19:01.440,1.21381,1.21398,1.50,6.75
2012.09.07 10:19:01.590,1.21381,1.21398,1.50,2.25
2012.09.07 10:19:02.227,1.21381,1.21396,1.50,1.50
2012.09.07 10:19:03.283,1.21381,1.21396,1.50,2.25
2012.09.07 10:19:03.639,1.21381,1.21393,1.50,2.25
2012.09.07 10:19:04.192,1.21383,1.21393,1.50,2.25
2012.09.07 10:19:04.469,1.21381,1.21393,1.50,2.25
2012.09.07 10:19:04.668,1.21382,1.21393,2.25,1.50
2012.09.07 10:19:05.034,1.21398,1.21402,1.50,2.25
2012.09.07 10:19:05.115,1.21398,1.21408,1.50,3.75
2012.09.07 10:19:05.263,1.21399,1.2141,1.50,1.50
2012.09.07 10:19:05.344,1.21402,1.21415,1.50,1.65
2012.09.07 10:19:05.897,1.21402,1.21414,1.50,1.65
2012.09.07 10:19:06.349,1.214,1.21413,1.50,1.20
2012.09.07 10:19:07.329,1.214,1.21412,2.25,3.00
2012.09.07 10:19:08.415,1.21402,1.21415,1.50,2.25
2012.09.07 10:19:08.495,1.21402,1.21414,1.50,1.24
2012.09.07 10:19:08.642,1.21399,1.21415,2.25,2.25
2012.09.07 10:19:09.199,1.21399,1.21415,1.70,1.50
2012.09.07 10:19:09.752,1.21399,1.21415,1.50,1.73
2012.09.07 10:19:10.100,1.21391,1.21407,1.50,2.25
2012.09.07 10:19:10.249,1.2139,1.21407,1.50,2.25
2012.09.07 10:19:11.672,1.21389,1.21407,1.50,2.25
2012.09.07 10:19:12.182,1.2139,1.21409,2.25,2.25
2012.09.07 10:19:12.330,1.21396,1.21409,2.25,3.00
2012.09.07 10:19:12.481,1.21397,1.21412,2.85,2.63
2012.09.07 10:19:12.564,1.21398,1.21411,2.25,2.25
2012.09.07 10:19:12.853,1.21398,1.21413,3.00,1.88
2012.09.07 10:19:12.929,1.21398,1.21412,4.50,2.63
2012.09.07 10:19:13.644,1.21405,1.21415,1.50,1.50
2012.09.07 10:19:13.743,1.21407,1.21421,2.45,2.25
2012.09.07 10:19:14.300,1.21406,1.21423,3.20,2.70
2012.09.07 10:19:14.690,1.21411,1.21423,1.50,1.95
2012.09.07 10:19:15.051,1.2142,1.21425,1.50,1.50
2012.09.07 10:19:15.133,1.21419,1.21434,2.45,3.75
2012.09.07 10:19:15.280,1.21418,1.21436,4.70,3.00
2012.09.07 10:19:15.821,1.21418,1.21434,3.20,1.50
2012.09.07 10:19:15.898,1.21418,1.21435,3.20,1.58
2012.09.07 10:19:16.498,1.21419,1.21434,2.25,2.33
2012.09.07 10:19:23.861,1.21418,1.21432,3.00,2.33
2012.09.07 10:19:34.619,1.21419,1.21433,2.25,3.08
2012.09.07 10:19:45.560,1.21417,1.21432,3.20,1.50
2012.09.07 10:19:47.040,1.21416,1.21432,4.55,2.25
2012.09.07 10:19:47.323,1.21416,1.21428,3.20,2.25
2012.09.07 10:19:48.091,1.21416,1.21431,3.20,2.25
2012.09.07 10:19:49.370,1.21416,1.21429,1.50,2.25
2012.09.07 10:19:50.619,1.21417,1.2143,2.25,1.50
2012.09.07 10:19:51.211,1.21417,1.2143,2.25,1.50
2012.09.07 10:19:52.396,1.21417,1.2143,2.25,1.50
2012.09.07 10:19:52.468,1.21415,1.21431,2.25,1.50
2012.09.07 10:19:52.601,1.21414,1.2143,2.25,1.13
2012.09.07 10:19:52.951,1.21424,1.21436,2.10,2.25
2012.09.07 10:19:53.101,1.21422,1.21436,2.25,3.75
2012.09.07 10:19:53.183,1.21419,1.21436,2.25,3.75
2012.09.07 10:19:53.263,1.21417,1.21435,3.00,1.50
2012.09.07 10:19:53.409,1.21418,1.21434,1.50,1.50
2012.09.07 10:19:53.749,1.21427,1.21439,2.25,2.63
2012.09.07 10:19:54.818,1.21423,1.21438,3.05,1.13
2012.09.07 10:19:55.380,1.21424,1.21439,3.75,3.75
2012.09.07 10:19:55.522,1.21421,1.21432,2.03,1.13
2012.09.07 10:19:55.994,1.21417,1.21426,2.25,1.50
2012.09.07 10:19:56.139,1.21427,1.21438,2.25,1.88
2012.09.07 10:19:56.641,1.21427,1.21438,2.25,1.13
2012.09.07 10:19:57.600,1.21427,1.21438,2.25,1.13
2012.09.07 10:19:57.893,1.21427,1.21444,1.50,1.50
2012.09.07 10:19:58.252,1.21417,1.21427,1.50,3.00
2012.09.07 10:19:58.332,1.21407,1.21427,3.00,3.00
2012.09.07 10:19:58.480,1.21407,1.21427,3.00,2.25
2012.09.07 10:19:59.090,1.21406,1.21425,1.73,2.25
2012.09.07 10:19:59.239,1.21409,1.21427,1.73,1.50
2012.09.07 10:19:59.324,1.21409,1.2143,1.73,3.00
2012.09.07 10:19:59.401,1.21408,1.2143,3.98,2.25
2012.09.07 10:19:59.928,1.21409,1.21428,1.73,2.25
2012.09.07 10:20:00.712,1.21411,1.21427,1.73,1.50
2012.09.07 10:20:01.202,1.21411,1.21427,2.25,1.50
2012.09.07 10:20:02.751,1.21411,1.21429,3.00,2.25
2012.09.07 10:20:03.308,1.21412,1.21431,2.25,2.25
2012.09.07 10:20:03.815,1.21412,1.21431,2.25,2.25
2012.09.07 10:20:05.282,1.21412,1.2143,1.50,2.25
2012.09.07 10:20:05.360,1.21412,1.21427,1.50,2.25
2012.09.07 10:20:05.723,1.21411,1.21428,1.50,1.13
2012.09.07 10:20:05.803,1.21407,1.21423,1.50,2.25
2012.09.07 10:20:06.230,1.21403,1.21423,3.00,2.25
2012.09.07 10:20:06.311,1.21403,1.21423,3.00,2.25
2012.09.07 10:20:07.560,1.21403,1.2142,2.25,2.25
2012.09.07 10:20:11.962,1.21409,1.2142,1.35,1.50
2012.09.07 10:20:12.040,1.21409,1.21426,1.35,3.75
2012.09.07 10:20:13.009,1.2141,1.21426,1.50,1.50
2012.09.07 10:20:13.576,1.21411,1.21427,1.50,2.25
2012.09.07 10:20:15.988,1.21411,1.2142,1.50,3.75
2012.09.07 10:20:16.239,1.21411,1.21426,1.50,1.50
2012.09.07 10:20:23.017,1.21411,1.21428,1.70,1.88
2012.09.07 10:20:23.549,1.21411,1.21428,2.45,1.50
2012.09.07 10:20:27.537,1.2141,1.21428,3.20,3.38
2012.09.07 10:20:27.608,1.2141,1.21421,3.00,2.25
2012.09.07 10:20:32.951,1.2141,1.21422,2.25,2.25
2012.09.07 10:20:33.312,1.21409,1.21426,1.70,2.37
2012.09.07 10:20:34.018,1.21411,1.21428,1.50,1.62
2012.09.07 10:20:34.106,1.21412,1.21428,1.50,1.50
2012.09.07 10:20:35.800,1.21414,1.21431,1.50,6.12
2012.09.07 10:20:35.938,1.21414,1.21431,1.50,4.62
2012.09.07 10:20:36.968,1.21416,1.21431,2.25,2.25
2012.09.07 10:20:37.509,1.21416,1.2143,2.25,1.50
2012.09.07 10:20:37.582,1.21412,1.21428,1.35,1.50
2012.09.07 10:20:37.728,1.21412,1.21428,1.35,1.50
2012.09.07 10:20:37.837,1.21412,1.21428,1.35,1.50
2012.09.07 10:20:38.182,1.21412,1.21423,1.35,2.25
2012.09.07 10:20:38.474,1.21411,1.21423,1.50,2.25
2012.09.07 10:20:38.695,1.2141,1.21423,1.50,2.25
2012.09.07 10:20:40.226,1.2141,1.21419,2.25,2.25
2012.09.07 10:20:40.373,1.2141,1.21423,1.50,2.25
2012.09.07 10:20:41.095,1.2141,1.21424,2.25,2.25
2012.09.07 10:20:41.832,1.2141,1.21424,3.75,1.50
2012.09.07 10:20:42.401,1.21413,1.21426,1.50,2.25
2012.09.07 10:20:42.555,1.21413,1.21427,1.50,1.50
2012.09.07 10:20:44.480,1.21413,1.21427,2.25,1.50
2012.09.07 10:20:44.864,1.21415,1.21429,2.25,1.50
2012.09.07 10:20:47.223,1.21415,1.21429,2.25,2.25
2012.09.07 10:20:47.305,1.21415,1.21429,2.25,3.75
2012.09.07 10:20:47.381,1.21415,1.21427,1.50,1.50
2012.09.07 10:20:49.070,1.21414,1.21428,3.75,1.50
2012.09.07 10:20:49.399,1.21417,1.21429,1.50,1.50
2012.09.07 10:20:50.323,1.21419,1.21428,1.50,1.50
2012.09.07 10:20:50.992,1.21421,1.2143,1.50,1.50
2012.09.07 10:20:51.354,1.21423,1.21433,1.50,1.50
2012.09.07 10:20:51.432,1.21421,1.2143,3.00,1.50
2012.09.07 10:20:51.860,1.21423,1.21432,1.50,1.50
2012.09.07 10:20:52.756,1.21419,1.2143,3.00,1.50
2012.09.07 10:20:52.834,1.21414,1.21425,3.00,1.50
2012.09.07 10:20:53.122,1.21414,1.21425,1.50,1.50
2012.09.07 10:20:59.242,1.21414,1.21425,2.25,1.50
2012.09.07 10:21:02.291,1.21414,1.21425,2.25,1.50
2012.09.07 10:21:02.514,1.21417,1.21428,1.50,1.50
2012.09.07 10:21:03.053,1.21417,1.21428,2.25,1.50
2012.09.07 10:21:03.679,1.21417,1.21428,1.50,1.50
2012.09.07 10:21:03.757,1.21415,1.21426,1.50,1.50
2012.09.07 10:21:04.183,1.21414,1.21423,1.50,1.50
2012.09.07 10:21:08.776,1.21411,1.2142,1.50,1.50
2012.09.07 10:21:08.997,1.21408,1.21418,1.70,1.50
2012.09.07 10:21:09.516,1.21408,1.21418,3.20,1.50
2012.09.07 10:21:10.170,1.21408,1.21418,1.50,1.50
2012.09.07 10:21:12.398,1.21408,1.21418,1.50,2.25
2012.09.07 10:21:12.930,1.21406,1.21415,2.25,2.25
2012.09.07 10:21:15.631,1.21404,1.21415,2.25,1.50
2012.09.07 10:21:15.922,1.21403,1.21413,1.48,1.50
2012.09.07 10:21:16.991,1.21401,1.2141,2.25,1.50
2012.09.07 10:21:19.341,1.21407,1.21412,2.25,1.50
2012.09.07 10:21:19.492,1.21401,1.2141,3.20,1.50
2012.09.07 10:21:19.642,1.21401,1.2141,3.00,1.50
2012.09.07 10:21:19.795,1.21407,1.21412,2.25,3.00
2012.09.07 10:21:19.943,1.21401,1.2141,1.50,1.50
2012.09.07 10:21:20.361,1.21398,1.21407,2.25,1.50
2012.09.07 10:21:20.652,1.21396,1.21405,1.50,2.25
2012.09.07 10:21:21.407,1.21396,1.21405,2.25,1.50
2012.09.07 10:21:21.970,1.21392,1.21404,2.25,1.50
2012.09.07 10:21:23.243,1.21392,1.21404,2.25,1.50
2012.09.07 10:21:23.532,1.21391,1.21401,1.50,1.50
2012.09.07 10:21:23.682,1.21389,1.21401,1.50,2.25
2012.09.07 10:21:23.831,1.21392,1.21401,1.50,1.50
2012.09.07 10:21:23.981,1.21393,1.21401,1.50,1.50
2012.09.07 10:21:24.270,1.21393,1.21403,1.50,1.50
2012.09.07 10:21:24.559,1.21393,1.21408,1.50,1.50
2012.09.07 10:21:25.893,1.21393,1.21408,1.50,1.50
2012.09.07 10:21:28.259,1.21394,1.21408,1.50,1.50
2012.09.07 10:21:28.605,1.2139,1.21406,2.25,1.50
2012.09.07 10:21:28.750,1.21389,1.21406,2.42,3.00
2012.09.07 10:21:29.290,1.21389,1.21406,1.70,3.00
2012.09.07 10:21:29.873,1.21389,1.21406,1.70,1.50
2012.09.07 10:21:31.162,1.2139,1.21404,1.70,1.50
2012.09.07 10:21:31.508,1.21388,1.214,2.25,4.50
2012.09.07 10:21:44.921,1.21387,1.21398,2.45,1.50
2012.09.07 10:21:45.272,1.21385,1.21395,3.20,1.50
2012.09.07 10:21:45.831,1.21384,1.214,1.50,3.38
2012.09.07 10:21:45.912,1.21386,1.214,2.25,4.88
2012.09.07 10:21:46.507,1.21386,1.214,2.45,1.50
2012.09.07 10:21:47.103,1.21382,1.21392,1.50,1.50
2012.09.07 10:21:47.184,1.21382,1.21392,1.50,1.50
2012.09.07 10:21:47.264,1.21383,1.21391,1.50,2.25
2012.09.07 10:21:47.343,1.21383,1.21394,2.25,1.73
2012.09.07 10:21:47.423,1.21382,1.2139,1.50,1.50
2012.09.07 10:21:47.572,1.21374,1.21391,2.25,2.25
2012.09.07 10:21:49.041,1.2137,1.21376,3.35,2.25
2012.09.07 10:21:49.126,1.2137,1.21375,1.50,1.50
2012.09.07 10:21:49.274,1.21367,1.21373,3.75,2.25
2012.09.07 10:21:49.774,1.21364,1.21374,2.25,3.00
2012.09.07 10:21:49.996,1.21361,1.21373,1.50,1.50
2012.09.07 10:21:50.281,1.21358,1.21373,3.92,2.25
2012.09.07 10:21:50.502,1.21362,1.21373,3.75,1.50
2012.09.07 10:21:51.351,1.21363,1.21373,2.25,2.25
2012.09.07 10:21:51.438,1.21359,1.21373,1.48,2.25
2012.09.07 10:21:51.853,1.2136,1.21374,1.48,2.25
2012.09.07 10:21:51.933,1.21359,1.21375,1.67,1.50
2012.09.07 10:21:52.082,1.21361,1.2138,2.25,3.00
2012.09.07 10:21:52.490,1.21364,1.2138,1.50,1.50
2012.09.07 10:21:53.490,1.21361,1.21381,2.25,3.38
2012.09.07 10:21:54.102,1.21361,1.21381,3.17,3.38
2012.09.07 10:21:54.389,1.21363,1.21381,1.48,3.00
2012.09.07 10:21:54.870,1.21362,1.21375,1.67,2.25
2012.09.07 10:21:55.431,1.21361,1.21374,1.32,3.00
2012.09.07 10:21:55.650,1.2136,1.21374,5.23,3.75
2012.09.07 10:21:55.720,1.21358,1.21373,1.48,1.50
2012.09.07 10:21:56.418,1.21357,1.21371,1.48,1.50
2012.09.07 10:21:56.508,1.21356,1.21373,3.80,4.50
2012.09.07 10:21:58.451,1.21359,1.21374,1.50,1.50
2012.09.07 10:21:58.673,1.21358,1.21373,2.25,3.75
2012.09.07 10:22:01.065,1.21359,1.21373,2.25,1.50
2012.09.07 10:22:02.261,1.21357,1.21373,3.00,3.00
2012.09.07 10:22:02.872,1.2136,1.21373,2.25,3.00
2012.09.07 10:22:03.608,1.21356,1.21373,3.92,1.50
2012.09.07 10:22:03.680,1.21359,1.21373,2.25,1.50
2012.09.07 10:22:06.800,1.21358,1.21373,1.88,1.50
2012.09.07 10:22:07.828,1.21359,1.21373,2.25,1.50
2012.09.07 10:22:09.483,1.21359,1.21373,2.25,1.50
2012.09.07 10:22:09.561,1.21354,1.21372,3.92,1.50
2012.09.07 10:22:09.782,1.21354,1.21373,1.67,1.50
2012.09.07 10:22:09.861,1.21353,1.21373,2.10,1.50
2012.09.07 10:22:11.971,1.21351,1.21371,2.85,2.25
2012.09.07 10:22:13.052,1.21352,1.21371,2.25,2.25
2012.09.07 10:22:20.131,1.21361,1.21372,1.50,2.25
2012.09.07 10:22:20.210,1.21361,1.21372,2.25,1.50
2012.09.07 10:22:20.293,1.21361,1.21372,2.48,1.50
2012.09.07 10:22:20.641,1.21365,1.21387,2.48,1.50
2012.09.07 10:22:21.651,1.21367,1.21387,1.50,2.25
2012.09.07 10:22:21.735,1.21367,1.21384,1.50,1.50
2012.09.07 10:22:21.811,1.21367,1.21384,1.50,1.50
2012.09.07 10:22:22.551,1.21367,1.21382,1.50,1.50
2012.09.07 10:22:23.911,1.21367,1.21384,1.50,2.25
2012.09.07 10:22:27.069,1.21367,1.21385,1.50,1.50
2012.09.07 10:22:27.593,1.21367,1.21388,1.50,2.25
2012.09.07 10:22:28.153,1.21368,1.21389,1.50,1.50
2012.09.07 10:22:28.482,1.21368,1.21383,1.50,2.10
2012.09.07 10:22:28.705,1.21367,1.21382,1.50,2.25
2012.09.07 10:22:28.784,1.21363,1.21382,1.50,2.25
2012.09.07 10:22:29.193,1.21363,1.21382,2.25,2.25
2012.09.07 10:22:29.276,1.21366,1.21385,1.50,3.00
2012.09.07 10:22:30.460,1.21366,1.21381,1.50,1.50
2012.09.07 10:22:31.028,1.21365,1.21381,1.50,1.50
2012.09.07 10:22:31.775,1.21365,1.21378,1.50,1.50
2012.09.07 10:22:32.061,1.21363,1.21378,1.50,1.50
2012.09.07 10:22:32.603,1.21359,1.21374,2.25,3.75
2012.09.07 10:22:32.679,1.21359,1.21373,2.25,1.50
2012.09.07 10:22:33.164,1.21358,1.21373,1.13,2.25
2012.09.07 10:22:33.244,1.21358,1.21373,1.13,2.25
2012.09.07 10:22:34.481,1.21355,1.21373,3.00,2.25
2012.09.07 10:22:35.010,1.21354,1.21371,4.50,2.25
2012.09.07 10:22:35.513,1.21354,1.21371,2.25,2.25
2012.09.07 10:22:36.069,1.21354,1.21371,2.25,2.25
2012.09.07 10:22:36.890,1.21354,1.21364,2.25,3.00
2012.09.07 10:22:37.101,1.21351,1.21363,3.00,2.25
2012.09.07 10:22:37.320,1.21349,1.21363,3.75,2.25
2012.09.07 10:22:38.090,1.21349,1.21362,3.75,1.50
2012.09.07 10:22:39.042,1.21349,1.21362,2.25,1.50
2012.09.07 10:22:41.612,1.21351,1.21363,1.50,3.00
2012.09.07 10:22:42.889,1.21347,1.21364,3.95,2.25
2012.09.07 10:22:43.480,1.21347,1.21363,2.45,1.88
2012.09.07 10:22:44.116,1.21348,1.21363,1.50,2.63
2012.09.07 10:22:44.650,1.21348,1.21363,1.50,1.50
2012.09.07 10:22:45.052,1.2135,1.21363,1.50,1.50
2012.09.07 10:22:50.728,1.2135,1.21363,2.25,1.50
2012.09.07 10:22:57.568,1.2135,1.21363,2.25,1.50
2012.09.07 10:23:06.650,1.2135,1.21363,2.23,2.25
2012.09.07 10:23:06.859,1.2135,1.21363,1.50,2.25
2012.09.07 10:23:11.229,1.2135,1.21366,1.50,1.50
2012.09.07 10:23:11.301,1.21352,1.21367,1.50,3.00
2012.09.07 10:23:11.580,1.21357,1.21371,1.50,1.50
2012.09.07 10:23:12.138,1.21357,1.21374,2.25,2.25
2012.09.07 10:23:13.021,1.21358,1.21376,1.50,3.75
2012.09.07 10:23:17.069,1.21367,1.21376,2.25,1.50
2012.09.07 10:23:17.224,1.21367,1.21377,3.20,1.50
2012.09.07 10:23:17.304,1.2137,1.21383,2.25,3.00
2012.09.07 10:23:17.874,1.2137,1.21383,2.25,2.25
2012.09.07 10:23:19.210,1.2137,1.21382,1.50,1.50
2012.09.07 10:23:19.431,1.21363,1.2138,3.00,1.50
2012.09.07 10:23:19.981,1.21363,1.21377,1.50,1.50
2012.09.07 10:23:20.400,1.21361,1.21377,1.50,1.50
2012.09.07 10:23:21.158,1.21362,1.21377,1.50,1.50
2012.09.07 10:23:21.232,1.21364,1.21377,1.50,1.50
2012.09.07 10:23:26.876,1.21364,1.21377,1.50,1.50
2012.09.07 10:23:30.310,1.21362,1.21377,1.50,1.50
2012.09.07 10:23:30.878,1.21363,1.21377,1.50,1.50
2012.09.07 10:23:35.279,1.21362,1.21377,1.50,1.50
2012.09.07 10:23:35.936,1.2136,1.21377,1.50,1.50
2012.09.07 10:23:36.499,1.2136,1.21377,1.50,1.50
2012.09.07 10:23:37.898,1.21367,1.21378,2.25,2.25
2012.09.07 10:23:38.048,1.21367,1.21381,2.25,2.18
2012.09.07 10:23:42.041,1.21367,1.21383,2.45,1.50
2012.09.07 10:23:46.487,1.2137,1.21383,1.50,1.50
2012.09.07 10:23:52.563,1.2137,1.21383,2.25,1.50
2012.09.07 10:23:52.637,1.21374,1.21386,3.00,2.25
2012.09.07 10:23:53.274,1.21374,1.21386,4.50,1.50
2012.09.07 10:23:53.551,1.21374,1.21385,2.25,2.25
2012.09.07 10:23:53.890,1.21371,1.21384,1.50,1.50
2012.09.07 10:23:54.108,1.21368,1.21384,2.25,1.50
2012.09.07 10:24:02.650,1.21366,1.21384,4.70,1.50
2012.09.07 10:24:07.925,1.21366,1.21384,2.45,3.00
2012.09.07 10:24:09.740,1.21366,1.21378,3.95,2.25
2012.09.07 10:24:09.887,1.21366,1.21383,3.95,2.25
2012.09.07 10:24:30.506,1.21367,1.21383,1.50,2.25
2012.09.07 10:24:51.352,1.21368,1.21383,1.50,2.25
2012.09.07 10:24:51.429,1.21372,1.21384,2.25,3.00
2012.09.07 10:24:51.509,1.21367,1.21383,1.73,2.25
2012.09.07 10:24:51.590,1.21367,1.21383,1.73,2.25
2012.09.07 10:24:52.956,1.21367,1.21384,3.00,3.00
2012.09.07 10:24:54.312,1.21367,1.21383,1.50,2.25
2012.09.07 10:24:58.646,1.21366,1.21385,3.00,3.75
2012.09.07 10:25:04.035,1.21367,1.21385,1.48,3.75
2012.09.07 10:25:04.708,1.2137,1.21385,3.73,3.75
2012.09.07 10:25:04.917,1.21368,1.21385,2.25,3.75
2012.09.07 10:25:05.807,1.21366,1.21385,3.00,3.75
2012.09.07 10:25:06.356,1.21366,1.21385,3.00,3.75
2012.09.07 10:25:07.180,1.21377,1.21388,3.75,2.25
2012.09.07 10:25:07.260,1.21382,1.21392,1.50,2.78
2012.09.07 10:25:07.349,1.21381,1.21391,3.20,1.05
2012.09.07 10:25:07.499,1.21381,1.21399,1.50,2.48
2012.09.07 10:25:07.719,1.21382,1.21399,2.23,1.50
2012.09.07 10:25:08.398,1.21381,1.21398,2.23,1.50
2012.09.07 10:25:08.618,1.21381,1.21398,1.50,2.25
2012.09.07 10:25:08.759,1.21379,1.21397,1.50,3.00
2012.09.07 10:25:08.977,1.21377,1.21395,2.25,2.25
2012.09.07 10:25:11.530,1.21379,1.21397,1.50,4.50
2012.09.07 10:25:11.836,1.21379,1.21397,1.50,3.00
2012.09.07 10:25:12.790,1.21379,1.21397,3.00,3.00
2012.09.07 10:25:16.008,1.21376,1.21397,2.25,1.50
2012.09.07 10:25:17.503,1.21376,1.21397,1.50,1.50
2012.09.07 10:25:17.854,1.21379,1.21397,1.50,2.25
2012.09.07 10:25:18.768,1.2138,1.21397,1.50,1.50
2012.09.07 10:25:19.061,1.21382,1.21399,1.50,1.50
2012.09.07 10:25:20.041,1.21382,1.21399,1.50,1.50
2012.09.07 10:25:21.139,1.21381,1.21398,3.00,1.50
2012.09.07 10:25:21.996,1.21389,1.21399,2.23,1.50
2012.09.07 10:25:22.068,1.21389,1.21399,1.50,1.50
2012.09.07 10:25:22.148,1.21389,1.21399,1.50,1.50
2012.09.07 10:25:22.229,1.21381,1.21399,1.50,1.50
2012.09.07 10:25:22.793,1.21379,1.21398,1.50,1.50
2012.09.07 10:25:23.082,1.21377,1.21399,2.25,2.25
2012.09.07 10:25:23.647,1.21376,1.21396,1.50,2.25
2012.09.07 10:25:24.167,1.21374,1.21394,3.75,2.25
2012.09.07 10:25:26.717,1.21374,1.21394,1.50,2.25
2012.09.07 10:25:30.102,1.21375,1.21395,1.50,1.50
2012.09.07 10:25:30.429,1.21377,1.21395,1.50,1.50
2012.09.07 10:25:31.069,1.21377,1.21395,1.50,1.50
2012.09.07 10:25:32.472,1.21376,1.21395,1.50,1.50
2012.09.07 10:25:38.867,1.21377,1.21395,1.50,1.50
2012.09.07 10:25:40.578,1.21376,1.21395,1.50,1.50
2012.09.07 10:25:42.116,1.21375,1.21394,1.50,3.00
2012.09.07 10:25:44.449,1.21375,1.21394,1.70,1.50
2012.09.07 10:25:44.527,1.21376,1.21395,1.55,2.25
2012.09.07 10:25:45.047,1.21379,1.21397,1.70,1.50
2012.09.07 10:25:46.911,1.21379,1.21398,1.50,1.50
2012.09.07 10:25:47.202,1.21384,1.21399,1.50,1.50
2012.09.07 10:25:47.569,1.2139,1.21405,1.50,2.25
2012.09.07 10:25:48.630,1.21388,1.21403,3.00,1.50
2012.09.07 10:25:51.327,1.21388,1.21404,1.50,1.50
2012.09.07 10:25:53.799,1.21395,1.21406,3.00,3.00
2012.09.07 10:25:53.879,1.21395,1.21407,3.00,1.50
2012.09.07 10:25:53.962,1.21396,1.21411,1.50,2.25
2012.09.07 10:25:54.041,1.21398,1.21413,1.50,1.50
2012.09.07 10:25:54.118,1.21398,1.21415,1.50,3.00
2012.09.07 10:25:54.679,1.21398,1.21415,1.50,3.00
2012.09.07 10:25:55.237,1.21398,1.21415,1.50,3.00
2012.09.07 10:25:55.798,1.21398,1.21413,1.50,2.25
2012.09.07 10:25:57.080,1.21398,1.21415,1.50,3.00
2012.09.07 10:25:57.752,1.21399,1.21415,1.50,3.00
2012.09.07 10:25:58.037,1.21397,1.21415,3.05,3.00
2012.09.07 10:26:00.198,1.21397,1.21415,3.05,3.00
2012.09.07 10:26:01.127,1.21397,1.21415,2.45,1.50
2012.09.07 10:26:02.618,1.21401,1.21416,1.50,1.88
2012.09.07 10:26:03.272,1.21401,1.21417,1.50,4.13
2012.09.07 10:26:03.864,1.21401,1.21414,1.50,1.50
2012.09.07 10:26:04.220,1.21399,1.21415,1.50,6.00
2012.09.07 10:26:04.708,1.21401,1.21414,1.50,1.50
2012.09.07 10:26:05.127,1.21401,1.21416,1.50,1.50
2012.09.07 10:26:05.687,1.214,1.21416,1.70,1.50
2012.09.07 10:26:09.039,1.21404,1.21417,1.50,1.50
2012.09.07 10:26:09.608,1.21404,1.21418,1.50,2.25
2012.09.07 10:26:12.839,1.21404,1.21417,1.50,1.50
2012.09.07 10:26:15.991,1.21404,1.21418,2.25,1.50
2012.09.07 10:26:16.210,1.21407,1.21419,1.50,1.50
2012.09.07 10:26:16.359,1.21412,1.21422,1.50,1.65
2012.09.07 10:26:16.640,1.21412,1.21426,1.50,1.50
2012.09.07 10:26:16.720,1.21412,1.21425,1.50,1.73
2012.09.07 10:26:16.941,1.21412,1.21424,1.50,2.25
2012.09.07 10:26:17.089,1.21409,1.21424,1.50,2.25
2012.09.07 10:26:17.590,1.21408,1.21424,1.50,2.25
2012.09.07 10:26:17.740,1.2141,1.21427,1.50,1.50
2012.09.07 10:26:18.656,1.21412,1.21427,1.50,1.50
2012.09.07 10:26:20.271,1.21409,1.21427,1.50,1.50
2012.09.07 10:26:20.557,1.21412,1.21427,1.50,1.50
2012.09.07 10:26:21.718,1.21409,1.21427,1.50,1.50
2012.09.07 10:26:22.368,1.21412,1.21427,1.50,1.50
2012.09.07 10:26:23.437,1.21412,1.21427,1.50,1.50
2012.09.07 10:26:24.711,1.21409,1.21428,1.50,3.00
2012.09.07 10:26:24.931,1.21408,1.21428,1.50,3.00
2012.09.07 10:26:29.268,1.21408,1.21426,2.23,2.25
2012.09.07 10:26:31.982,1.21405,1.21425,5.98,1.50
2012.09.07 10:26:33.039,1.21406,1.21424,1.48,1.50
2012.09.07 10:26:33.737,1.21406,1.21423,1.48,1.50
2012.09.07 10:26:34.293,1.21406,1.21426,1.48,3.00
2012.09.07 10:26:34.749,1.21406,1.21421,1.48,1.50
2012.09.07 10:26:35.177,1.21406,1.21421,1.48,1.50
2012.09.07 10:26:35.740,1.21406,1.21423,1.48,2.25
2012.09.07 10:26:36.485,1.21406,1.21421,1.48,3.00
2012.09.07 10:26:37.290,1.21405,1.21417,3.73,4.50
2012.09.07 10:26:37.516,1.21398,1.21415,3.23,2.25
2012.09.07 10:26:37.674,1.21399,1.21417,1.73,1.50
2012.09.07 10:26:38.323,1.21399,1.21419,1.50,1.50
2012.09.07 10:26:39.192,1.21399,1.2142,2.25,3.00
2012.09.07 10:26:41.688,1.21399,1.2142,2.25,2.25
2012.09.07 10:26:42.207,1.21399,1.2142,2.25,2.25
2012.09.07 10:26:42.746,1.21399,1.2142,2.25,2.25
2012.09.07 10:26:43.686,1.21399,1.2142,2.25,3.00
2012.09.07 10:26:44.266,1.21399,1.2142,1.50,3.00
2012.09.07 10:26:44.827,1.21401,1.2142,1.50,1.50
2012.09.07 10:26:45.420,1.21401,1.2142,1.50,1.50
2012.09.07 10:26:45.980,1.21401,1.2142,1.50,2.25
2012.09.07 10:26:46.536,1.21401,1.2142,1.50,1.50
2012.09.07 10:26:47.178,1.21401,1.2142,1.50,1.50
2012.09.07 10:26:48.737,1.21401,1.21421,2.25,3.00
2012.09.07 10:26:49.317,1.21401,1.21421,2.25,3.00
2012.09.07 10:26:50.046,1.21401,1.21421,2.25,3.00
2012.09.07 10:26:50.579,1.21401,1.21421,2.25,3.00
2012.09.07 10:26:52.719,1.21399,1.2142,1.50,3.00
2012.09.07 10:26:52.799,1.21399,1.21418,1.50,4.50
2012.09.07 10:26:53.331,1.21399,1.2142,1.50,3.00
2012.09.07 10:26:53.930,1.21401,1.2142,1.50,2.25
2012.09.07 10:26:54.936,1.21401,1.2142,1.50,2.25
2012.09.07 10:26:55.659,1.21401,1.2142,1.50,2.25
2012.09.07 10:26:56.217,1.21401,1.2142,1.50,2.25
2012.09.07 10:26:57.548,1.21401,1.2142,1.50,2.25
2012.09.07 10:26:58.064,1.21398,1.2142,3.00,2.25
2012.09.07 10:26:58.694,1.214,1.2142,1.50,2.25
2012.09.07 10:26:59.239,1.214,1.2142,1.50,2.25
2012.09.07 10:26:59.796,1.214,1.2142,1.50,2.25
2012.09.07 10:27:01.988,1.214,1.2142,1.50,2.25
2012.09.07 10:27:02.626,1.214,1.2142,1.50,2.25
2012.09.07 10:27:04.173,1.214,1.2142,1.50,2.25
2012.09.07 10:27:04.781,1.21401,1.21421,1.50,1.50
2012.09.07 10:27:05.198,1.21404,1.21421,1.50,1.50
2012.09.07 10:27:08.367,1.21401,1.21421,3.00,1.50
2012.09.07 10:27:08.876,1.21401,1.2142,1.50,1.50
2012.09.07 10:27:13.049,1.21401,1.21419,1.50,1.50
2012.09.07 10:27:18.967,1.21401,1.21419,2.25,1.50
2012.09.07 10:27:22.067,1.21403,1.2142,1.50,1.50
2012.09.07 10:27:22.400,1.21417,1.21426,2.25,1.05
2012.09.07 10:27:22.618,1.21416,1.21432,2.25,2.25
2012.09.07 10:27:24.591,1.21413,1.21432,1.50,3.23
2012.09.07 10:27:24.670,1.21412,1.21428,1.50,1.50
2012.09.07 10:27:24.748,1.21408,1.21424,2.25,1.50
2012.09.07 10:27:25.328,1.21408,1.21426,1.50,1.50
2012.09.07 10:27:28.598,1.21405,1.21426,1.50,1.50
2012.09.07 10:27:30.767,1.21406,1.21428,2.25,3.00
2012.09.07 10:27:32.638,1.21405,1.21426,1.50,1.50
2012.09.07 10:27:33.147,1.21407,1.21427,1.50,2.25
2012.09.07 10:27:34.836,1.21407,1.21427,2.25,2.25
2012.09.07 10:27:35.482,1.21407,1.21427,2.25,3.00
2012.09.07 10:27:39.806,1.21415,1.21427,2.10,3.00
2012.09.07 10:27:40.162,1.21427,1.21441,1.50,1.50
2012.09.07 10:27:40.244,1.21427,1.21446,4.50,1.50
2012.09.07 10:27:40.450,1.21427,1.21447,3.75,1.50
2012.09.07 10:27:42.006,1.21427,1.21446,5.25,2.10
2012.09.07 10:27:42.511,1.21429,1.21446,4.70,1.50
2012.09.07 10:27:43.879,1.21431,1.21447,1.50,1.50
2012.09.07 10:27:44.497,1.21431,1.21448,1.50,1.50
2012.09.07 10:27:45.042,1.21431,1.21449,1.50,1.50
2012.09.07 10:27:51.070,1.21438,1.21451,1.70,2.25
2012.09.07 10:27:51.301,1.2144,1.21458,2.45,1.50
2012.09.07 10:27:51.861,1.2144,1.21457,3.95,2.63
2012.09.07 10:27:52.149,1.21441,1.21456,3.20,1.88
2012.09.07 10:27:52.529,1.21441,1.21455,1.70,2.10
2012.09.07 10:27:53.076,1.21436,1.21454,2.07,1.50
2012.09.07 10:27:53.628,1.21436,1.21455,2.45,2.10
2012.09.07 10:27:53.714,1.21436,1.21455,2.45,2.10
2012.09.07 10:27:54.469,1.21436,1.21455,2.45,2.10
2012.09.07 10:27:55.381,1.2144,1.21455,2.25,1.35
2012.09.07 10:27:55.668,1.21442,1.21458,1.50,1.50
2012.09.07 10:27:55.880,1.21449,1.21457,1.48,4.50
2012.09.07 10:27:56.030,1.21444,1.21458,2.25,1.50
2012.09.07 10:27:56.182,1.21446,1.21462,2.25,1.50
2012.09.07 10:27:56.331,1.21446,1.21465,2.25,1.50
2012.09.07 10:27:56.692,1.21444,1.21463,1.50,1.50
2012.09.07 10:27:57.231,1.21448,1.21463,1.73,1.50
2012.09.07 10:27:57.382,1.21454,1.21468,1.73,1.50
2012.09.07 10:27:57.530,1.21454,1.21472,2.67,3.00
2012.09.07 10:28:01.198,1.21454,1.21472,2.67,3.75
2012.09.07 10:28:01.717,1.21454,1.21472,1.92,2.25
2012.09.07 10:28:02.240,1.21455,1.21472,2.25,3.38
2012.09.07 10:28:02.743,1.21455,1.21472,2.48,3.38
2012.09.07 10:28:03.267,1.21455,1.21473,1.92,3.00
2012.09.07 10:28:04.010,1.21456,1.21473,2.67,3.00
2012.09.07 10:28:04.528,1.21456,1.21472,1.92,1.50
2012.09.07 10:28:06.170,1.21456,1.21473,2.67,3.00
2012.09.07 10:28:06.531,1.21456,1.21473,2.45,3.00
2012.09.07 10:28:06.890,1.21461,1.21476,2.25,1.50
2012.09.07 10:28:07.113,1.21461,1.21479,3.75,1.50
2012.09.07 10:28:07.257,1.21462,1.21481,1.50,1.50
2012.09.07 10:28:08.920,1.21464,1.21487,1.50,2.25
2012.09.07 10:28:09.480,1.21465,1.21485,1.50,2.25
2012.09.07 10:28:10.253,1.21465,1.21485,2.25,2.25
2012.09.07 10:28:10.339,1.21448,1.21466,2.78,1.50
2012.09.07 10:28:10.490,1.21449,1.21468,1.73,3.00
2012.09.07 10:28:10.782,1.21449,1.21468,1.73,2.25
2012.09.07 10:28:11.203,1.21451,1.21471,3.98,1.50
2012.09.07 10:28:11.350,1.21458,1.21474,1.50,3.00
2012.09.07 10:28:11.428,1.21458,1.21474,1.50,2.25
2012.09.07 10:28:13.547,1.21454,1.21476,3.00,2.25
2012.09.07 10:28:13.770,1.21454,1.21476,3.00,3.00
2012.09.07 10:28:15.879,1.21454,1.21476,3.00,2.25
2012.09.07 10:28:16.484,1.21443,1.21458,1.50,1.50
2012.09.07 10:28:16.559,1.21443,1.21458,1.50,1.50
2012.09.07 10:28:16.703,1.21443,1.21462,1.73,2.25
2012.09.07 10:28:17.120,1.21446,1.21466,1.13,1.50
2012.09.07 10:28:17.203,1.21452,1.21466,1.50,1.50
2012.09.07 10:28:17.768,1.21452,1.21471,1.50,2.25
2012.09.07 10:28:18.307,1.21452,1.21471,1.50,2.25
2012.09.07 10:28:18.520,1.21453,1.21473,2.25,4.50
2012.09.07 10:28:18.670,1.21455,1.21473,1.50,2.25
2012.09.07 10:28:19.209,1.21454,1.21473,1.50,2.25
2012.09.07 10:28:20.612,1.21447,1.21453,1.50,1.13
2012.09.07 10:28:20.764,1.2144,1.21446,3.00,1.50
2012.09.07 10:28:20.844,1.2144,1.21449,3.00,1.50
2012.09.07 10:28:21.343,1.2144,1.21454,1.48,1.50
2012.09.07 10:28:21.492,1.2144,1.21459,1.48,1.50
2012.09.07 10:28:22.128,1.2144,1.2146,3.73,2.25
2012.09.07 10:28:22.653,1.2144,1.2146,3.00,2.25
2012.09.07 10:28:24.320,1.21442,1.21462,2.25,2.25
2012.09.07 10:28:24.474,1.21442,1.21461,1.50,1.50
2012.09.07 10:28:24.553,1.21444,1.21464,2.25,2.25
2012.09.07 10:28:24.629,1.21444,1.21464,2.25,1.50
2012.09.07 10:28:25.188,1.21445,1.21467,2.48,3.75
2012.09.07 10:28:25.779,1.21438,1.21445,1.73,3.75
2012.09.07 10:28:25.999,1.21433,1.21444,3.00,1.50
2012.09.07 10:28:26.224,1.2143,1.21438,2.25,1.50
2012.09.07 10:28:26.371,1.21425,1.21441,1.48,2.25
2012.09.07 10:28:26.450,1.21425,1.21441,1.48,2.25
2012.09.07 10:28:27.023,1.2142,1.21441,2.98,2.85
2012.09.07 10:28:27.611,1.21421,1.21441,1.48,2.85
2012.09.07 10:28:28.520,1.21425,1.2144,1.48,1.35
2012.09.07 10:28:29.569,1.21424,1.21441,3.17,1.50
2012.09.07 10:28:31.510,1.21424,1.21443,1.48,3.00
2012.09.07 10:28:31.663,1.21426,1.21443,1.48,3.00
2012.09.07 10:28:32.319,1.21426,1.21443,1.48,3.75
2012.09.07 10:28:32.830,1.21426,1.21443,1.48,3.75
2012.09.07 10:28:33.443,1.21426,1.21443,1.48,3.75
2012.09.07 10:28:34.113,1.21426,1.21443,1.48,3.75
2012.09.07 10:28:34.940,1.21423,1.21439,2.23,1.50
2012.09.07 10:28:35.720,1.21422,1.21439,1.48,1.50
2012.09.07 10:28:36.370,1.21422,1.21439,1.48,1.50
2012.09.07 10:28:37.771,1.21422,1.21439,1.48,1.50
2012.09.07 10:28:38.538,1.21421,1.21439,1.48,2.25
2012.09.07 10:28:39.241,1.21421,1.21439,2.23,2.25
2012.09.07 10:28:40.260,1.21421,1.21439,2.23,2.25
2012.09.07 10:28:41.659,1.21421,1.21439,2.23,2.25
2012.09.07 10:28:42.307,1.21421,1.21439,2.23,2.25
2012.09.07 10:28:43.857,1.21421,1.21439,2.23,1.50
2012.09.07 10:28:47.516,1.21421,1.21439,1.48,1.50
2012.09.07 10:28:48.070,1.21423,1.21439,1.48,1.50
2012.09.07 10:28:50.256,1.21423,1.21439,1.48,1.50
2012.09.07 10:28:50.786,1.21421,1.21439,2.98,1.50
2012.09.07 10:28:51.909,1.21424,1.21439,2.25,2.10
2012.09.07 10:28:52.534,1.21423,1.21439,1.48,2.10
2012.09.07 10:28:53.157,1.21423,1.21439,1.48,2.10
2012.09.07 10:28:53.692,1.21423,1.21439,1.48,2.10
2012.09.07 10:28:54.218,1.21423,1.21439,1.48,2.10
2012.09.07 10:28:54.780,1.21424,1.21439,1.48,2.10
2012.09.07 10:28:55.339,1.21423,1.21441,1.48,1.50
2012.09.07 10:28:55.699,1.21427,1.21441,1.88,1.73
2012.09.07 10:28:56.049,1.21423,1.21438,2.60,1.50
2012.09.07 10:28:56.620,1.21423,1.21439,1.50,2.25
2012.09.07 10:28:58.442,1.21424,1.21439,1.13,1.50
2012.09.07 10:29:01.190,1.21419,1.21432,3.77,1.50
2012.09.07 10:29:01.274,1.21422,1.21427,2.25,1.50
2012.09.07 10:29:01.425,1.21423,1.21429,1.48,1.50
2012.09.07 10:29:01.710,1.21422,1.21438,2.25,2.25
2012.09.07 10:29:02.282,1.21421,1.21438,1.48,2.25
2012.09.07 10:29:02.570,1.21422,1.21435,1.48,1.50
2012.09.07 10:29:02.929,1.21423,1.21435,1.50,1.50
2012.09.07 10:29:03.011,1.21424,1.21439,1.50,2.25
2012.09.07 10:29:03.592,1.21425,1.2144,1.48,2.25
2012.09.07 10:29:03.939,1.21429,1.2144,2.25,1.50
2012.09.07 10:29:04.010,1.21426,1.2144,1.48,1.50
2012.09.07 10:29:04.571,1.21426,1.21439,1.48,1.50
2012.09.07 10:29:05.139,1.21427,1.21439,2.25,1.50
2012.09.07 10:29:05.431,1.21425,1.21439,1.67,1.50
2012.09.07 10:29:06.270,1.21426,1.21436,1.48,1.50
2012.09.07 10:29:06.962,1.21431,1.21436,2.25,1.50
2012.09.07 10:29:07.044,1.21431,1.21438,2.25,1.50
2012.09.07 10:29:07.512,1.21429,1.21438,2.25,1.50
2012.09.07 10:29:07.590,1.21429,1.2144,2.25,1.50
2012.09.07 10:29:07.672,1.21427,1.2144,1.13,1.50
2012.09.07 10:29:08.173,1.21424,1.21439,2.42,1.50
2012.09.07 10:29:08.250,1.21424,1.21439,2.42,1.50
2012.09.07 10:29:08.785,1.21424,1.21439,2.42,1.50
2012.09.07 10:29:13.979,1.2143,1.21439,2.25,1.50
2012.09.07 10:29:14.200,1.21429,1.21443,1.70,4.50
2012.09.07 10:29:14.747,1.21425,1.21441,1.67,1.50
2012.09.07 10:29:15.330,1.21425,1.21441,1.48,1.50
2012.09.07 10:29:16.174,1.21425,1.21441,1.48,1.50
2012.09.07 10:29:17.144,1.21425,1.21441,1.48,1.50
2012.09.07 10:29:17.652,1.21425,1.21441,1.48,1.50
2012.09.07 10:29:18.371,1.21425,1.21441,1.48,1.50
2012.09.07 10:29:20.510,1.21425,1.2144,1.67,1.35
2012.09.07 10:29:20.798,1.21424,1.21438,1.50,1.50
2012.09.07 10:29:20.951,1.21422,1.21438,1.48,2.25
2012.09.07 10:29:21.160,1.21422,1.21435,2.23,1.50
2012.09.07 10:29:21.239,1.21422,1.21438,1.48,2.25
2012.09.07 10:29:37.687,1.21422,1.21438,1.48,1.50
2012.09.07 10:29:41.757,1.21419,1.21438,2.23,1.50
2012.09.07 10:29:43.099,1.21419,1.21438,1.48,1.50
2012.09.07 10:29:43.669,1.21422,1.21438,2.45,1.50
2012.09.07 10:29:44.177,1.21422,1.21439,2.45,1.50
2012.09.07 10:29:44.728,1.21421,1.21438,1.67,2.25
2012.09.07 10:29:44.797,1.21421,1.21438,1.67,2.25
2012.09.07 10:29:47.787,1.21424,1.21438,2.25,2.25
2012.09.07 10:29:47.930,1.21421,1.21438,1.67,2.25
2012.09.07 10:29:50.969,1.21421,1.21438,1.67,3.75
2012.09.07 10:29:51.528,1.21421,1.21436,1.67,1.50
2012.09.07 10:29:52.135,1.21421,1.21436,1.48,1.50
2012.09.07 10:29:52.647,1.21421,1.21436,1.48,1.50
2012.09.07 10:29:53.628,1.2142,1.21436,1.67,3.00
2012.09.07 10:29:54.039,1.21419,1.21436,3.00,4.35
2012.09.07 10:29:54.400,1.21415,1.2143,1.48,2.25
2012.09.07 10:29:54.689,1.21415,1.21432,1.48,2.25
2012.09.07 10:29:55.327,1.21415,1.21432,1.48,2.25
2012.09.07 10:29:56.262,1.21415,1.21432,1.48,2.25
2012.09.07 10:29:56.400,1.21415,1.2143,1.48,4.50
2012.09.07 10:29:56.550,1.21414,1.21428,2.25,1.50
2012.09.07 10:29:57.088,1.21412,1.21427,1.48,3.00
2012.09.07 10:29:58.351,1.21412,1.21427,1.48,3.00
2012.09.07 10:29:58.899,1.2141,1.21427,2.98,3.00
2012.09.07 10:29:59.346,1.2141,1.21427,2.23,3.00
2012.09.07 10:30:00.449,1.2141,1.21423,3.00,2.25
2012.09.07 10:30:00.978,1.2141,1.21425,2.98,2.25
2012.09.07 10:30:01.477,1.2141,1.21425,2.23,2.25
2012.09.07 10:30:01.751,1.21417,1.21434,1.50,3.00
2012.09.07 10:30:01.832,1.21417,1.21435,1.50,2.25
2012.09.07 10:30:02.178,1.21415,1.21435,3.00,2.25
2012.09.07 10:30:03.067,1.21415,1.21435,3.00,2.25
2012.09.07 10:30:05.707,1.21416,1.21435,1.50,2.25
2012.09.07 10:30:06.831,1.2142,1.21435,1.50,1.50
2012.09.07 10:30:07.426,1.2142,1.21436,1.50,1.50
2012.09.07 10:30:08.927,1.21419,1.21439,3.00,2.25
2012.09.07 10:30:09.466,1.21419,1.21439,3.00,1.50
2012.09.07 10:30:10.228,1.21421,1.21439,1.50,1.50
2012.09.07 10:30:10.758,1.21422,1.21441,1.50,3.00
2012.09.07 10:30:12.229,1.21422,1.21441,3.20,2.25
2012.09.07 10:30:13.078,1.21424,1.21441,2.45,2.25
2012.09.07 10:30:13.329,1.21424,1.21443,2.45,5.10
2012.09.07 10:30:13.857,1.21426,1.21443,3.00,6.00
2012.09.07 10:30:14.746,1.21427,1.21443,2.45,3.75
2012.09.07 10:30:15.530,1.21427,1.21443,2.45,2.25
2012.09.07 10:30:17.298,1.21427,1.21443,2.45,1.50
2012.09.07 10:30:18.127,1.21429,1.21444,2.10,2.25
2012.09.07 10:30:18.480,1.21434,1.2145,1.50,1.50
2012.09.07 10:30:21.409,1.21434,1.21452,3.20,3.75
2012.09.07 10:30:22.402,1.21435,1.21452,3.20,1.50
2012.09.07 10:30:22.917,1.21435,1.21452,3.95,1.50
2012.09.07 10:30:23.468,1.21437,1.21454,2.25,4.50
2012.09.07 10:30:24.231,1.2144,1.21453,2.25,2.25
2012.09.07 10:30:28.649,1.21441,1.21453,2.25,2.25
2012.09.07 10:30:45.545,1.21442,1.21453,1.35,2.25
2012.09.07 10:30:45.616,1.21442,1.21457,1.35,2.25
2012.09.07 10:30:45.760,1.21449,1.21458,2.25,2.25
2012.09.07 10:30:46.053,1.21455,1.21472,1.50,2.25
2012.09.07 10:30:46.270,1.21456,1.21475,3.00,2.33
2012.09.07 10:30:48.158,1.2146,1.21477,2.25,2.33
2012.09.07 10:30:48.380,1.21454,1.21469,3.00,1.50
2012.09.07 10:30:48.461,1.21456,1.2147,1.50,1.50
2012.09.07 10:30:48.609,1.21458,1.21475,2.25,1.58
2012.09.07 10:30:48.818,1.21458,1.21475,2.25,1.58
2012.09.07 10:30:50.016,1.21459,1.21476,2.25,1.58
2012.09.07 10:30:50.164,1.21456,1.21461,1.50,1.50
2012.09.07 10:30:50.386,1.21459,1.21467,1.50,1.50
2012.09.07 10:30:50.604,1.21457,1.21463,1.50,1.50
2012.09.07 10:30:50.752,1.21457,1.21471,1.50,2.25
2012.09.07 10:30:50.833,1.21453,1.21471,1.50,2.25
2012.09.07 10:30:50.911,1.21452,1.21471,3.00,2.25
2012.09.07 10:30:51.529,1.21452,1.21471,3.00,2.25
2012.09.07 10:30:53.899,1.21455,1.21472,1.50,2.25
2012.09.07 10:30:54.798,1.21455,1.21472,2.25,2.25
2012.09.07 10:30:54.870,1.21455,1.21469,2.25,2.25
2012.09.07 10:30:55.221,1.21456,1.21471,1.50,1.50
2012.09.07 10:30:55.697,1.21458,1.21474,2.25,1.50
2012.09.07 10:30:57.177,1.21455,1.21471,1.50,1.50
2012.09.07 10:30:57.307,1.21453,1.2147,3.75,2.25
2012.09.07 10:30:57.789,1.21455,1.21472,1.50,2.25
2012.09.07 10:30:58.555,1.21455,1.21472,1.50,2.85
2012.09.07 10:30:58.913,1.21449,1.21464,1.50,3.00
2012.09.07 10:30:59.118,1.21446,1.21463,4.70,2.10
2012.09.07 10:31:03.793,1.21465,1.21471,1.50,3.75
2012.09.07 10:31:04.011,1.21466,1.21483,1.50,2.25
2012.09.07 10:31:04.093,1.21466,1.21481,1.50,1.50
2012.09.07 10:31:04.313,1.21463,1.21478,1.50,1.50
2012.09.07 10:31:04.389,1.2146,1.21478,1.50,1.50
2012.09.07 10:31:04.540,1.21462,1.21468,1.50,2.25
2012.09.07 10:31:04.694,1.2145,1.21465,1.70,1.50
2012.09.07 10:31:04.774,1.21449,1.21464,3.35,2.25
2012.09.07 10:31:05.059,1.21446,1.21463,2.45,2.25
2012.09.07 10:31:05.631,1.21448,1.21463,1.50,1.50
2012.09.07 10:31:06.191,1.21448,1.21465,2.25,2.25
2012.09.07 10:31:06.549,1.21454,1.21465,1.50,1.50
2012.09.07 10:31:06.701,1.21458,1.21475,1.50,3.00
2012.09.07 10:31:06.784,1.21458,1.21475,1.50,3.00
2012.09.07 10:31:08.503,1.21464,1.21476,2.25,1.50
2012.09.07 10:31:08.648,1.21466,1.21483,2.45,1.65
2012.09.07 10:31:09.183,1.2146,1.21477,1.50,2.25
2012.09.07 10:31:09.842,1.21461,1.21479,1.50,3.00
2012.09.07 10:31:09.989,1.21461,1.2148,1.50,2.25
2012.09.07 10:31:12.089,1.21461,1.2148,1.50,2.25
2012.09.07 10:31:12.793,1.21461,1.2148,2.25,2.25
2012.09.07 10:31:13.141,1.21471,1.2148,1.50,2.25
2012.09.07 10:31:13.222,1.21472,1.21487,2.25,1.88
2012.09.07 10:31:13.303,1.21471,1.21479,1.48,1.50
2012.09.07 10:31:13.378,1.21464,1.21479,1.58,1.50
2012.09.07 10:31:13.452,1.21464,1.21481,2.25,1.50
2012.09.07 10:31:13.657,1.21464,1.21481,1.50,1.50
2012.09.07 10:31:14.280,1.21464,1.21475,1.50,1.50
2012.09.07 10:31:14.430,1.21464,1.21475,1.50,2.25
2012.09.07 10:31:14.579,1.21464,1.2148,1.50,1.50
2012.09.07 10:31:14.663,1.21462,1.21479,1.50,2.25
2012.09.07 10:31:14.884,1.21459,1.21475,1.50,2.25
2012.09.07 10:31:15.481,1.21457,1.21476,1.50,2.25
2012.09.07 10:31:15.913,1.21469,1.21476,2.25,2.25
2012.09.07 10:31:15.987,1.21458,1.21476,2.25,2.25
2012.09.07 10:31:16.057,1.21459,1.21476,1.50,2.25
2012.09.07 10:31:16.624,1.21463,1.21482,3.20,2.25
2012.09.07 10:31:16.702,1.21463,1.21482,2.25,2.25
2012.09.07 10:31:16.900,1.21463,1.21482,1.50,3.00
2012.09.07 10:31:16.982,1.21461,1.21478,1.50,1.50
2012.09.07 10:31:19.509,1.21459,1.21478,1.50,2.25
2012.09.07 10:31:19.651,1.21459,1.21478,1.50,2.25
2012.09.07 10:31:21.681,1.21459,1.21478,1.50,3.00
2012.09.07 10:31:27.016,1.21458,1.21475,3.75,1.50
2012.09.07 10:31:33.980,1.21467,1.21475,2.25,1.50
2012.09.07 10:31:34.129,1.21467,1.21483,2.25,3.98
2012.09.07 10:31:34.199,1.21468,1.21483,1.50,1.50
2012.09.07 10:31:34.489,1.21458,1.21477,3.00,2.25
2012.09.07 10:31:34.698,1.21458,1.21477,2.25,2.25
2012.09.07 10:31:35.949,1.21461,1.21478,1.50,3.00
2012.09.07 10:31:39.157,1.21461,1.21478,1.50,1.50
2012.09.07 10:31:39.721,1.21461,1.21475,1.50,1.50
2012.09.07 10:31:39.804,1.21456,1.21474,1.50,2.85
2012.09.07 10:31:40.308,1.21456,1.21474,1.50,2.85
2012.09.07 10:31:40.868,1.21456,1.21473,1.50,5.25
2012.09.07 10:31:42.007,1.21456,1.21473,2.25,3.75
2012.09.07 10:31:42.219,1.21457,1.21475,1.50,2.25
2012.09.07 10:31:42.368,1.2146,1.21477,1.50,3.00
2012.09.07 10:31:43.098,1.2146,1.21477,1.50,2.25
2012.09.07 10:31:43.309,1.21458,1.21475,3.00,1.50
2012.09.07 10:31:43.532,1.21456,1.21473,2.25,1.50
2012.09.07 10:31:45.598,1.21456,1.21469,2.25,2.10
2012.09.07 10:31:46.185,1.21448,1.21463,1.70,2.25
2012.09.07 10:31:46.709,1.21447,1.21463,4.50,2.25
2012.09.07 10:31:50.399,1.21448,1.21463,3.75,2.25
2012.09.07 10:31:51.290,1.21448,1.21464,3.75,3.00
2012.09.07 10:31:54.184,1.21449,1.21464,1.50,3.00
2012.09.07 10:31:54.279,1.21455,1.21467,3.20,1.50
2012.09.07 10:31:54.780,1.21456,1.21473,3.75,1.50
2012.09.07 10:31:54.861,1.21458,1.21475,1.50,1.50
2012.09.07 10:31:56.492,1.21455,1.21474,3.00,1.50
2012.09.07 10:31:57.568,1.21455,1.21474,2.25,3.00
2012.09.07 10:31:59.880,1.21454,1.21471,1.50,1.50
2012.09.07 10:32:00.563,1.21456,1.21468,1.50,1.50
2012.09.07 10:32:02.987,1.21456,1.21465,1.50,3.00
2012.09.07 10:32:03.330,1.21454,1.21459,1.50,1.50
2012.09.07 10:32:03.752,1.21447,1.21459,2.25,3.00
2012.09.07 10:32:04.571,1.21446,1.21459,2.25,1.50
2012.09.07 10:32:04.651,1.21445,1.21457,1.50,1.50
2012.09.07 10:32:18.280,1.21445,1.21458,1.50,4.50
2012.09.07 10:32:21.736,1.21445,1.21457,1.50,1.35
2012.09.07 10:32:22.081,1.21443,1.21457,2.25,3.75
2012.09.07 10:32:22.161,1.2144,1.21456,1.50,2.25
2012.09.07 10:32:22.380,1.21445,1.21459,3.00,5.25
2012.09.07 10:32:23.089,1.21445,1.21458,3.00,1.35
2012.09.07 10:32:23.159,1.21442,1.21457,1.48,1.35
2012.09.07 10:32:23.240,1.21442,1.21456,1.48,1.35
2012.09.07 10:32:23.391,1.21439,1.21452,1.50,1.50
2012.09.07 10:32:23.537,1.21439,1.21456,1.50,1.58
2012.09.07 10:32:23.822,1.21439,1.21452,1.50,2.10
2012.09.07 10:32:23.959,1.21435,1.21452,1.50,3.60
2012.09.07 10:32:24.170,1.21434,1.21448,2.25,1.35
2012.09.07 10:32:25.460,1.21434,1.2145,2.25,4.35
2012.09.07 10:32:26.563,1.21434,1.21446,2.25,2.25
2012.09.07 10:32:27.121,1.21434,1.21446,3.75,2.85
2012.09.07 10:32:28.370,1.21434,1.21446,3.75,2.85
2012.09.07 10:32:28.910,1.21434,1.21448,3.75,4.50
2012.09.07 10:32:30.789,1.21434,1.21445,3.75,2.25
2012.09.07 10:32:32.758,1.21434,1.21445,2.25,2.25
2012.09.07 10:32:33.819,1.21431,1.21445,2.45,2.25
2012.09.07 10:32:34.598,1.21434,1.21445,2.25,1.50
2012.09.07 10:32:35.147,1.21434,1.21447,2.25,3.00
2012.09.07 10:32:35.668,1.21434,1.21445,2.25,1.50
2012.09.07 10:32:40.946,1.21429,1.21445,1.63,1.50
2012.09.07 10:32:41.169,1.21427,1.21444,2.23,1.50
2012.09.07 10:32:41.788,1.21425,1.21443,2.25,2.25
2012.09.07 10:32:42.329,1.21424,1.21443,1.63,1.50
2012.09.07 10:32:42.542,1.21428,1.21445,1.70,3.75
2012.09.07 10:32:45.456,1.21427,1.21445,5.58,2.25
2012.09.07 10:32:46.611,1.21429,1.21445,2.45,1.50
2012.09.07 10:32:47.179,1.21428,1.21445,1.08,2.10
2012.09.07 10:32:47.737,1.21427,1.21445,4.83,2.85
2012.09.07 10:32:47.811,1.21427,1.21445,3.33,5.10
2012.09.07 10:32:48.338,1.21427,1.21443,2.58,1.50
2012.09.07 10:32:49.138,1.21427,1.21443,1.83,1.50
2012.09.07 10:32:51.132,1.21429,1.21443,2.10,1.50
2012.09.07 10:32:51.469,1.21437,1.21449,2.25,1.88
2012.09.07 10:32:51.750,1.21433,1.2145,2.35,1.50
2012.09.07 10:32:51.829,1.21432,1.21448,1.60,2.25
2012.09.07 10:32:51.900,1.2143,1.21448,2.35,3.75
2012.09.07 10:32:52.181,1.21428,1.21446,1.50,3.21
2012.09.07 10:32:52.333,1.21425,1.21443,3.00,3.00
2012.09.07 10:32:52.878,1.21425,1.21443,1.50,3.30
2012.09.07 10:32:53.342,1.21425,1.21443,2.25,3.30
2012.09.07 10:32:54.527,1.21424,1.21442,2.25,2.25
2012.09.07 10:32:55.638,1.21425,1.2144,2.25,1.50
2012.09.07 10:32:56.382,1.21425,1.21439,2.25,1.50
2012.09.07 10:32:57.140,1.21425,1.2144,2.25,3.00
2012.09.07 10:32:57.489,1.21429,1.2144,2.25,1.50
2012.09.07 10:32:58.068,1.21426,1.21441,2.45,1.50
2012.09.07 10:33:02.117,1.21428,1.21441,2.25,2.25
2012.09.07 10:33:03.358,1.21428,1.21442,2.25,1.05
2012.09.07 10:33:04.412,1.21428,1.21441,2.25,1.05
2012.09.07 10:33:04.982,1.21428,1.21442,2.45,2.55
2012.09.07 10:33:07.507,1.21428,1.21442,2.25,2.25
2012.09.07 10:33:10.660,1.21428,1.21442,2.63,2.25
2012.09.07 10:33:11.010,1.21432,1.21443,1.13,1.50
2012.09.07 10:33:11.150,1.21428,1.21443,1.50,3.75
2012.09.07 10:33:12.947,1.21427,1.21443,1.70,3.75
2012.09.07 10:33:17.949,1.21427,1.21443,1.70,3.00
2012.09.07 10:33:18.474,1.21427,1.21442,3.20,2.25
2012.09.07 10:33:19.369,1.21427,1.21442,3.73,2.25
2012.09.07 10:33:24.322,1.21429,1.21441,2.25,2.25
2012.09.07 10:33:24.400,1.21429,1.21441,1.50,2.25
2012.09.07 10:33:24.956,1.21429,1.21441,2.25,2.25
2012.09.07 10:33:25.050,1.21434,1.21448,1.50,3.75
2012.09.07 10:33:25.136,1.21433,1.21445,1.50,1.50
2012.09.07 10:33:26.243,1.21435,1.21447,1.50,1.50
2012.09.07 10:33:26.601,1.21435,1.21444,1.50,2.25
2012.09.07 10:33:26.682,1.21435,1.21447,1.50,1.50
2012.09.07 10:33:26.971,1.21433,1.21446,1.50,1.50
2012.09.07 10:33:27.518,1.21432,1.21446,1.50,1.50
2012.09.07 10:33:28.631,1.21432,1.21446,1.50,2.25
2012.09.07 10:33:29.134,1.21432,1.21446,1.50,2.25
2012.09.07 10:33:30.311,1.21432,1.21446,1.50,3.00
2012.09.07 10:33:30.394,1.21431,1.21445,1.50,3.75
2012.09.07 10:33:35.277,1.21431,1.21443,2.25,2.25
2012.09.07 10:33:35.561,1.21434,1.21446,1.50,1.50
2012.09.07 10:33:40.208,1.21435,1.21448,1.50,1.50
2012.09.07 10:33:40.751,1.21435,1.21449,1.50,1.50
2012.09.07 10:33:45.640,1.21434,1.21444,1.50,1.50
2012.09.07 10:33:45.723,1.21431,1.21444,1.50,1.50
2012.09.07 10:33:45.942,1.21433,1.21446,1.50,1.50
2012.09.07 10:33:46.443,1.21433,1.21447,1.50,1.50
2012.09.07 10:33:48.601,1.21436,1.21447,2.25,1.50
2012.09.07 10:33:48.822,1.21438,1.21452,1.50,3.00
2012.09.07 10:34:08.826,1.21438,1.21451,1.50,1.50
2012.09.07 10:34:11.488,1.2144,1.21452,1.50,1.50
2012.09.07 10:34:14.068,1.2144,1.21452,1.50,3.75
2012.09.07 10:34:14.698,1.2144,1.21452,1.50,1.50
2012.09.07 10:34:26.551,1.2144,1.21452,1.50,2.25
2012.09.07 10:34:27.251,1.21437,1.21449,1.50,1.50
2012.09.07 10:34:27.328,1.21435,1.21449,1.50,1.50
2012.09.07 10:34:36.400,1.21435,1.21449,1.50,2.25
2012.09.07 10:34:36.923,1.21434,1.21446,1.50,1.50
2012.09.07 10:34:37.878,1.21431,1.21445,1.50,1.50
2012.09.07 10:34:46.038,1.21431,1.21445,2.25,1.50
2012.09.07 10:34:46.121,1.21437,1.21449,1.50,2.25
2012.09.07 10:34:50.015,1.21434,1.21448,1.50,2.25
2012.09.07 10:34:50.527,1.21434,1.21448,1.50,1.50
2012.09.07 10:34:52.398,1.21433,1.21445,1.50,1.50
2012.09.07 10:34:58.532,1.21434,1.21447,1.50,1.50
2012.09.07 10:34:59.110,1.21434,1.21448,1.50,1.50
2012.09.07 10:35:02.801,1.21434,1.21448,1.50,2.25
2012.09.07 10:35:02.950,1.21434,1.21448,1.50,3.23
2012.09.07 10:35:03.300,1.21432,1.21443,1.50,1.50
2012.09.07 10:35:03.869,1.21431,1.21443,1.50,1.50
2012.09.07 10:35:06.649,1.21431,1.21443,1.50,2.25
2012.09.07 10:35:07.189,1.21431,1.21443,1.50,1.50
2012.09.07 10:35:09.248,1.21432,1.21445,1.50,1.50
2012.09.07 10:35:09.809,1.21432,1.21446,1.50,2.25
2012.09.07 10:35:13.262,1.21432,1.21446,1.50,2.25
2012.09.07 10:35:14.470,1.21431,1.21443,1.50,1.50
2012.09.07 10:35:14.974,1.21434,1.21448,1.50,3.75
2012.09.07 10:35:15.120,1.21434,1.21448,1.50,2.25
2012.09.07 10:35:15.329,1.21436,1.21448,2.25,2.25
2012.09.07 10:35:16.749,1.21435,1.21446,1.50,1.50
2012.09.07 10:35:17.101,1.21437,1.21446,2.25,1.50
2012.09.07 10:35:17.532,1.21437,1.21449,1.50,2.25
2012.09.07 10:35:17.681,1.21435,1.21446,1.50,1.50
2012.09.07 10:35:18.185,1.21434,1.21446,2.25,1.50
2012.09.07 10:35:24.828,1.21433,1.21445,1.50,1.50
2012.09.07 10:35:36.729,1.21435,1.21447,1.50,2.25
2012.09.07 10:35:40.719,1.21436,1.2145,1.50,3.75
2012.09.07 10:35:41.000,1.21436,1.2145,1.50,3.75
2012.09.07 10:35:41.613,1.21437,1.2145,1.50,3.75
2012.09.07 10:35:41.971,1.21439,1.21448,1.50,1.50
2012.09.07 10:35:42.309,1.21436,1.21447,1.50,1.50
2012.09.07 10:35:43.698,1.21437,1.21448,1.50,3.00
2012.09.07 10:35:43.992,1.21435,1.21446,1.50,1.50
2012.09.07 10:35:44.490,1.21438,1.21447,1.50,2.25
2012.09.07 10:35:44.993,1.21439,1.2145,1.50,3.00
2012.09.07 10:35:45.071,1.21439,1.2145,1.50,3.75
2012.09.07 10:35:45.909,1.21436,1.21445,1.50,1.50
2012.09.07 10:35:54.602,1.21436,1.21443,1.50,2.25
2012.09.07 10:35:54.752,1.2143,1.21441,1.50,1.50
2012.09.07 10:36:01.268,1.21432,1.21442,1.50,2.25
2012.09.07 10:36:02.050,1.21432,1.21442,2.23,1.50
2012.09.07 10:36:02.130,1.21432,1.21442,1.50,1.50
2012.09.07 10:36:09.220,1.21435,1.21442,1.50,1.50
2012.09.07 10:36:09.311,1.21437,1.21448,1.50,1.50
2012.09.07 10:36:09.850,1.21438,1.21448,1.50,2.25
2012.09.07 10:36:09.995,1.21439,1.21448,2.25,2.25
2012.09.07 10:36:10.350,1.21444,1.21454,1.50,1.50
2012.09.07 10:36:10.498,1.21444,1.21456,3.00,3.00
2012.09.07 10:36:10.569,1.21447,1.21456,1.50,1.50
2012.09.07 10:36:11.289,1.21447,1.21457,1.50,2.25
2012.09.07 10:36:12.487,1.21447,1.21457,1.50,1.50
2012.09.07 10:36:13.038,1.21448,1.21458,1.50,1.50
2012.09.07 10:36:14.119,1.21448,1.2146,1.50,2.48
2012.09.07 10:36:14.588,1.21449,1.21461,2.25,1.73
2012.09.07 10:36:16.329,1.21449,1.21461,2.25,1.50
2012.09.07 10:36:16.878,1.21449,1.21461,3.75,2.25
2012.09.07 10:36:17.508,1.21449,1.21461,4.50,1.50
2012.09.07 10:36:19.890,1.21451,1.21461,1.50,3.75
2012.09.07 10:36:22.952,1.21451,1.21461,1.50,3.75
2012.09.07 10:36:26.188,1.21451,1.21461,2.98,1.50
2012.09.07 10:36:26.530,1.21458,1.21466,1.50,1.50
2012.09.07 10:36:27.669,1.21458,1.21467,1.50,1.50
2012.09.07 10:36:30.768,1.21458,1.21465,1.50,2.25
2012.09.07 10:36:31.048,1.21456,1.21465,1.50,2.25
2012.09.07 10:36:33.786,1.21456,1.21468,1.50,3.00
2012.09.07 10:36:33.863,1.2146,1.21468,1.50,2.25
2012.09.07 10:36:33.946,1.21462,1.21471,2.25,1.50
2012.09.07 10:36:39.843,1.21462,1.21473,1.50,1.62
2012.09.07 10:36:39.920,1.2146,1.21472,2.25,2.37
2012.09.07 10:36:40.202,1.21459,1.21471,3.00,3.12
2012.09.07 10:36:40.340,1.21459,1.21471,3.00,2.37
2012.09.07 10:36:40.422,1.21462,1.21471,1.48,2.37
2012.09.07 10:36:40.822,1.21466,1.21479,1.50,1.35
2012.09.07 10:36:41.392,1.21474,1.21481,1.50,3.00
2012.09.07 10:36:47.635,1.21476,1.21486,3.00,1.88
2012.09.07 10:36:47.722,1.21479,1.21486,2.25,1.50
2012.09.07 10:36:47.945,1.2148,1.21491,1.50,4.50
2012.09.07 10:36:48.303,1.21482,1.2149,1.50,2.25
2012.09.07 10:36:48.663,1.21483,1.21492,2.25,1.50
2012.09.07 10:36:48.883,1.21483,1.215,2.25,6.23
2012.09.07 10:36:49.384,1.21482,1.21497,1.50,2.48
2012.09.07 10:36:49.914,1.21482,1.21497,1.50,2.25
2012.09.07 10:36:50.505,1.21482,1.21497,1.50,1.50
2012.09.07 10:36:51.071,1.21483,1.21499,1.50,2.25
2012.09.07 10:36:51.361,1.21483,1.21498,1.50,1.50
2012.09.07 10:36:52.434,1.21483,1.21499,1.50,3.00
2012.09.07 10:36:52.513,1.21486,1.21499,2.25,1.50
2012.09.07 10:36:52.590,1.21486,1.21499,2.25,1.50
2012.09.07 10:36:53.000,1.21486,1.215,2.32,1.50
2012.09.07 10:36:53.150,1.21484,1.215,3.75,1.50
2012.09.07 10:36:55.451,1.21489,1.21501,1.50,2.25
2012.09.07 10:36:55.598,1.21492,1.21507,1.50,1.50
2012.09.07 10:36:55.753,1.2149,1.21506,1.50,2.25
2012.09.07 10:36:56.100,1.21485,1.21501,2.25,2.25
2012.09.07 10:36:56.250,1.21488,1.21504,1.50,1.50
2012.09.07 10:36:56.399,1.21493,1.21504,1.50,1.50
2012.09.07 10:36:56.549,1.21491,1.21507,1.50,2.25
2012.09.07 10:36:57.001,1.21491,1.21512,1.50,1.50
2012.09.07 10:36:57.218,1.21491,1.21507,1.50,1.50
2012.09.07 10:36:57.759,1.21493,1.21507,1.50,1.50
2012.09.07 10:36:58.230,1.21493,1.21507,1.50,2.25
2012.09.07 10:36:58.559,1.21494,1.21507,1.50,2.25
2012.09.07 10:36:59.182,1.21495,1.21507,1.50,1.50
2012.09.07 10:36:59.918,1.21499,1.21509,1.50,1.50
2012.09.07 10:37:00.641,1.21502,1.21517,1.50,2.25
2012.09.07 10:37:01.341,1.21502,1.21518,1.50,1.50
2012.09.07 10:37:01.609,1.215,1.21516,1.50,1.13
2012.09.07 10:37:02.169,1.21502,1.21517,1.50,1.50
2012.09.07 10:37:02.239,1.21502,1.21518,1.50,1.50
2012.09.07 10:37:02.791,1.21503,1.21518,1.50,1.50
2012.09.07 10:37:03.428,1.21503,1.21518,1.50,1.50
2012.09.07 10:37:03.511,1.21503,1.21519,1.70,2.25
2012.09.07 10:37:03.664,1.21509,1.21521,1.13,2.85
2012.09.07 10:37:03.745,1.2151,1.21521,1.73,1.50
2012.09.07 10:37:03.829,1.2151,1.21521,1.50,2.25
2012.09.07 10:37:04.050,1.21508,1.21521,1.73,2.25
2012.09.07 10:37:05.402,1.21516,1.21526,1.50,1.50
2012.09.07 10:37:05.481,1.21512,1.21526,1.50,1.50
2012.09.07 10:37:05.633,1.21517,1.21526,1.50,1.50
2012.09.07 10:37:05.711,1.21517,1.21526,1.50,1.50
2012.09.07 10:37:05.864,1.21517,1.21532,1.50,1.50
2012.09.07 10:37:06.297,1.21517,1.21532,1.50,1.50
2012.09.07 10:37:07.423,1.21516,1.21526,1.50,1.50
2012.09.07 10:37:07.574,1.21511,1.21526,2.48,1.50
2012.09.07 10:37:10.310,1.21511,1.21519,2.25,1.35
2012.09.07 10:37:10.532,1.21505,1.21514,1.48,2.25
2012.09.07 10:37:10.615,1.2151,1.21518,1.50,2.25
2012.09.07 10:37:10.761,1.21512,1.21522,1.50,1.50
2012.09.07 10:37:10.842,1.2151,1.21521,1.50,1.50
2012.09.07 10:37:11.272,1.21504,1.21521,1.50,2.25
2012.09.07 10:37:11.562,1.21502,1.21518,1.50,1.50
2012.09.07 10:37:11.644,1.21501,1.21515,1.50,2.25
2012.09.07 10:37:11.862,1.21499,1.21515,1.48,2.25
2012.09.07 10:37:12.451,1.21496,1.21513,2.25,2.25
2012.09.07 10:37:12.531,1.21502,1.21515,2.25,1.50
2012.09.07 10:37:12.614,1.21502,1.21518,2.25,3.00
2012.09.07 10:37:14.830,1.21505,1.2152,1.50,2.25
2012.09.07 10:37:15.215,1.21505,1.2152,3.20,1.50
2012.09.07 10:37:15.902,1.21505,1.2152,3.20,1.50
2012.09.07 10:37:17.659,1.21505,1.21522,1.70,1.50
2012.09.07 10:37:20.115,1.21507,1.21524,1.70,1.50
2012.09.07 10:37:20.647,1.21507,1.21524,1.70,1.50
2012.09.07 10:37:27.698,1.21506,1.21525,3.20,2.25
2012.09.07 10:37:28.308,1.21505,1.21523,2.45,1.50
2012.09.07 10:37:30.728,1.21506,1.21522,1.70,1.50
2012.09.07 10:37:32.208,1.21506,1.21524,1.70,3.75
2012.09.07 10:37:34.290,1.21503,1.21522,1.70,1.50
2012.09.07 10:37:34.827,1.21505,1.21524,2.45,3.00
2012.09.07 10:37:35.550,1.21505,1.21523,2.45,1.50
2012.09.07 10:37:35.890,1.21503,1.21518,1.70,1.50
2012.09.07 10:37:36.249,1.21503,1.21515,1.70,1.50
2012.09.07 10:37:36.719,1.21507,1.21519,2.45,1.50
2012.09.07 10:37:36.848,1.21507,1.21523,2.45,3.75
2012.09.07 10:37:41.058,1.21506,1.21522,1.50,1.50
2012.09.07 10:37:41.389,1.21495,1.21506,1.13,1.50
2012.09.07 10:37:41.598,1.21488,1.21505,2.42,1.50
2012.09.07 10:37:42.592,1.21488,1.21505,1.67,1.50
2012.09.07 10:37:44.529,1.21488,1.21505,1.48,2.25
2012.09.07 10:37:45.088,1.21487,1.21505,2.45,3.00
2012.09.07 10:37:50.478,1.21487,1.21505,1.70,3.00
2012.09.07 10:37:53.449,1.21487,1.21505,1.70,3.00
2012.09.07 10:37:54.969,1.21486,1.21502,2.45,1.50
2012.09.07 10:37:55.239,1.21487,1.21504,1.70,2.85
2012.09.07 10:37:55.819,1.21487,1.21505,1.70,3.60
2012.09.07 10:38:00.931,1.21487,1.21505,1.70,2.10
2012.09.07 10:38:01.428,1.21488,1.21504,1.50,1.58
2012.09.07 10:38:01.782,1.21485,1.21502,1.70,2.25
2012.09.07 10:38:01.859,1.21485,1.21502,1.70,1.50
2012.09.07 10:38:03.220,1.21486,1.21503,1.70,1.50
2012.09.07 10:38:05.499,1.21486,1.21502,1.70,2.10
2012.09.07 10:38:05.850,1.21482,1.21497,1.50,2.25
2012.09.07 10:38:05.999,1.21479,1.21496,2.45,1.50
2012.09.07 10:38:07.140,1.21479,1.21497,2.45,1.50
2012.09.07 10:38:09.032,1.21479,1.21498,2.48,1.50
2012.09.07 10:38:09.116,1.21482,1.21498,1.50,1.50
2012.09.07 10:38:09.258,1.21479,1.21498,1.50,1.50
2012.09.07 10:38:09.470,1.21479,1.21498,2.25,1.50
2012.09.07 10:38:09.619,1.21479,1.21498,2.98,1.50
2012.09.07 10:38:10.187,1.21479,1.21498,2.98,1.50
2012.09.07 10:38:10.852,1.21479,1.21498,2.98,1.50
2012.09.07 10:38:12.149,1.21479,1.21498,2.98,1.50
2012.09.07 10:38:12.657,1.21481,1.21499,1.48,1.50
2012.09.07 10:38:12.730,1.21481,1.215,1.48,1.50
2012.09.07 10:38:13.698,1.21481,1.21501,2.23,3.75
2012.09.07 10:38:13.838,1.21481,1.21501,1.50,3.75
2012.09.07 10:38:13.922,1.21481,1.21501,2.23,4.50
2012.09.07 10:38:14.284,1.21478,1.21488,1.50,1.50
2012.09.07 10:38:15.098,1.21473,1.21487,1.50,3.00
2012.09.07 10:38:15.560,1.21467,1.21487,3.00,3.00
2012.09.07 10:38:16.118,1.21467,1.21486,2.25,1.50
2012.09.07 10:38:16.839,1.21467,1.21486,2.25,1.50
2012.09.07 10:38:17.468,1.21467,1.21487,3.00,2.25
2012.09.07 10:38:18.051,1.21469,1.21487,1.50,1.50
2012.09.07 10:38:18.340,1.2147,1.21489,2.25,1.50
2012.09.07 10:38:18.792,1.2147,1.21488,1.50,1.50
2012.09.07 10:38:19.350,1.21468,1.21488,2.25,2.25
2012.09.07 10:38:19.860,1.21468,1.21488,3.00,1.50
2012.09.07 10:38:19.931,1.21468,1.21489,3.00,2.25
2012.09.07 10:38:21.217,1.21468,1.21486,3.20,1.50
2012.09.07 10:38:21.761,1.21468,1.21486,2.45,1.50
2012.09.07 10:38:22.471,1.21467,1.21485,3.20,1.50
2012.09.07 10:38:23.344,1.21467,1.21485,3.20,2.25
2012.09.07 10:38:24.028,1.21467,1.21485,1.70,2.25
2012.09.07 10:38:24.100,1.21467,1.21484,1.50,1.50
2012.09.07 10:38:24.619,1.21466,1.21484,3.20,1.50
2012.09.07 10:38:25.152,1.21466,1.21483,1.70,1.50
2012.09.07 10:38:25.302,1.21466,1.21481,1.70,1.50
2012.09.07 10:38:25.438,1.21466,1.21483,1.70,1.50
2012.09.07 10:38:26.617,1.21466,1.21483,1.70,2.25
2012.09.07 10:38:27.159,1.21464,1.21482,1.70,1.50
2012.09.07 10:38:28.138,1.21464,1.21482,1.70,1.50
2012.09.07 10:38:28.629,1.21463,1.21479,2.82,1.50
2012.09.07 10:38:29.228,1.21461,1.21477,2.42,1.50
2012.09.07 10:38:29.441,1.2146,1.21476,1.70,2.25
2012.09.07 10:38:29.802,1.21457,1.21476,1.70,3.00
2012.09.07 10:38:29.952,1.21459,1.21476,1.70,2.25
2012.09.07 10:38:30.655,1.21455,1.21475,3.20,2.25
2012.09.07 10:38:30.739,1.21453,1.21474,2.45,3.60
2012.09.07 10:38:32.199,1.21452,1.2147,1.70,1.50
2012.09.07 10:38:32.848,1.21451,1.2147,2.82,1.50
2012.09.07 10:38:35.079,1.21451,1.21469,2.45,1.50
2012.09.07 10:38:35.697,1.21451,1.2147,3.20,1.50
2012.09.07 10:38:36.561,1.21451,1.21471,3.57,3.00
2012.09.07 10:38:36.921,1.21461,1.21481,2.25,3.00
2012.09.07 10:38:37.061,1.21461,1.21481,2.25,2.25
2012.09.07 10:38:37.341,1.21461,1.21481,2.25,2.25
2012.09.07 10:38:37.882,1.21458,1.2148,2.25,1.50
2012.09.07 10:38:37.963,1.2146,1.21479,2.25,3.00
2012.09.07 10:38:38.180,1.2146,1.21479,2.25,3.00
2012.09.07 10:38:38.711,1.21459,1.21477,2.25,1.50
2012.09.07 10:38:43.094,1.21462,1.21478,1.70,3.00
2012.09.07 10:38:43.171,1.21462,1.21478,1.50,2.25
2012.09.07 10:38:43.251,1.2146,1.21477,1.50,2.25
2012.09.07 10:38:43.846,1.2146,1.21478,2.25,2.25
2012.09.07 10:38:44.400,1.2146,1.21478,2.25,2.25
2012.09.07 10:38:45.487,1.2146,1.21478,1.50,2.25
2012.09.07 10:38:45.704,1.21458,1.21476,3.20,1.50
2012.09.07 10:38:46.282,1.21458,1.21476,3.20,1.50
2012.09.07 10:38:46.769,1.21458,1.21474,1.55,1.50
2012.09.07 10:38:46.920,1.21458,1.21476,3.05,1.50
2012.09.07 10:38:47.331,1.21457,1.21474,2.30,1.50
2012.09.07 10:38:47.878,1.21457,1.21474,2.30,1.50
2012.09.07 10:38:48.379,1.21457,1.21474,1.70,1.50
2012.09.07 10:38:48.458,1.21457,1.21477,3.20,2.25
2012.09.07 10:38:50.101,1.21457,1.21477,2.25,2.25
2012.09.07 10:38:50.250,1.21456,1.21474,5.45,1.50
2012.09.07 10:38:50.940,1.21456,1.21473,3.20,1.50
2012.09.07 10:38:51.299,1.2145,1.21468,4.67,2.85
2012.09.07 10:38:51.959,1.2145,1.21466,1.70,1.50
2012.09.07 10:38:52.288,1.2145,1.21464,1.70,1.50
2012.09.07 10:38:52.820,1.2145,1.21464,1.70,1.50
2012.09.07 10:38:53.180,1.21451,1.21469,3.20,1.50
2012.09.07 10:38:54.199,1.21451,1.21468,3.00,1.35
2012.09.07 10:38:54.342,1.21449,1.21465,3.17,2.25
2012.09.07 10:38:54.700,1.21445,1.21464,1.70,3.00
2012.09.07 10:38:55.058,1.21446,1.21465,1.70,1.50
2012.09.07 10:38:55.530,1.21445,1.21463,1.70,1.50
2012.09.07 10:38:56.078,1.21449,1.21465,1.70,1.50
2012.09.07 10:38:56.464,1.21449,1.21464,1.70,1.31
2012.09.07 10:38:56.539,1.21449,1.21464,1.70,1.31
2012.09.07 10:38:57.088,1.21452,1.21465,1.50,1.50
2012.09.07 10:38:57.159,1.21452,1.21467,3.00,3.75
2012.09.07 10:38:57.488,1.21452,1.21467,3.00,2.25
2012.09.07 10:38:57.998,1.21454,1.21471,1.70,4.88
2012.09.07 10:38:58.539,1.21454,1.2147,1.70,1.50
2012.09.07 10:38:58.680,1.21455,1.21471,1.70,2.25
2012.09.07 10:38:58.763,1.21456,1.21471,1.65,1.50
2012.09.07 10:38:58.843,1.21455,1.21473,2.45,1.50
2012.09.07 10:38:58.922,1.21456,1.21473,2.40,1.50
2012.09.07 10:38:59.077,1.21458,1.21477,2.25,3.00
2012.09.07 10:38:59.608,1.2146,1.21477,1.50,2.25
2012.09.07 10:39:00.161,1.2146,1.21475,1.50,1.50
2012.09.07 10:39:00.384,1.2145,1.21469,2.25,2.25
2012.09.07 10:39:00.534,1.2145,1.21468,1.50,1.50
2012.09.07 10:39:00.889,1.21455,1.21468,1.50,1.50
2012.09.07 10:39:00.972,1.2145,1.21468,1.50,1.50
2012.09.07 10:39:01.050,1.21448,1.21467,1.50,2.25
2012.09.07 10:39:01.325,1.21451,1.21465,1.50,1.50
2012.09.07 10:39:01.543,1.21449,1.21465,1.50,1.50
2012.09.07 10:39:01.972,1.21449,1.21465,2.25,1.50
2012.09.07 10:39:02.318,1.21454,1.21469,2.25,2.25
2012.09.07 10:39:02.663,1.2146,1.21472,1.50,3.00
2012.09.07 10:39:03.560,1.2146,1.2147,1.50,1.50
2012.09.07 10:39:03.784,1.21455,1.21466,1.50,3.00
2012.09.07 10:39:03.861,1.21452,1.21466,1.50,3.00
2012.09.07 10:39:04.014,1.21455,1.21466,1.50,1.50
2012.09.07 10:39:04.587,1.21455,1.21466,1.50,1.50
2012.09.07 10:39:04.680,1.21458,1.21472,1.50,3.90
2012.09.07 10:39:04.829,1.21458,1.21472,2.25,2.40
2012.09.07 10:39:05.315,1.21463,1.21476,1.50,3.00
2012.09.07 10:39:05.640,1.21465,1.21477,1.50,3.00
2012.09.07 10:39:08.919,1.21461,1.21473,1.50,2.25
2012.09.07 10:39:08.989,1.21461,1.21473,2.25,2.25
2012.09.07 10:39:09.130,1.21465,1.21477,2.45,1.50
2012.09.07 10:39:09.422,1.21467,1.21479,1.50,1.50
2012.09.07 10:39:09.643,1.21469,1.21479,1.50,1.50
2012.09.07 10:39:09.724,1.21472,1.21486,2.25,2.25
2012.09.07 10:39:09.872,1.21472,1.21484,1.50,1.50
2012.09.07 10:39:10.389,1.21472,1.21485,1.50,1.50
2012.09.07 10:39:10.928,1.2147,1.21488,2.25,2.25
2012.09.07 10:39:13.056,1.2147,1.21487,2.25,1.50
2012.09.07 10:39:13.588,1.21468,1.21487,3.00,1.50
2012.09.07 10:39:14.158,1.21468,1.21484,2.85,1.13
2012.09.07 10:39:14.489,1.21466,1.21484,1.70,5.63
2012.09.07 10:39:15.498,1.21465,1.21478,1.55,1.50
2012.09.07 10:39:15.631,1.21464,1.21475,1.50,2.25
2012.09.07 10:39:15.712,1.2146,1.21473,1.48,1.50
2012.09.07 10:39:15.794,1.21456,1.21473,1.70,2.25
2012.09.07 10:39:16.540,1.21456,1.21472,1.70,1.50
2012.09.07 10:39:16.621,1.21456,1.2147,3.20,1.50
2012.09.07 10:39:19.249,1.21456,1.2147,2.25,1.50
2012.09.07 10:39:21.110,1.21456,1.2147,2.45,1.50
2012.09.07 10:39:21.469,1.21458,1.21472,1.50,1.50
2012.09.07 10:39:27.461,1.21456,1.2147,2.45,1.50
2012.09.07 10:39:27.809,1.21459,1.21471,1.50,1.50
2012.09.07 10:39:28.559,1.21457,1.21469,3.75,1.50
2012.09.07 10:39:37.377,1.21457,1.21469,3.00,1.50
2012.09.07 10:39:37.649,1.21461,1.21475,1.50,3.00
2012.09.07 10:39:38.212,1.21461,1.21475,1.50,2.25
2012.09.07 10:39:43.451,1.21461,1.21475,1.50,2.25
2012.09.07 10:39:43.603,1.21463,1.21476,1.50,1.50
2012.09.07 10:39:44.182,1.21463,1.21476,1.50,1.50
2012.09.07 10:39:44.674,1.21461,1.21475,3.20,4.50
2012.09.07 10:39:49.303,1.21461,1.21473,2.25,2.25
2012.09.07 10:39:49.384,1.21458,1.21473,1.50,2.25
2012.09.07 10:39:51.425,1.21458,1.21473,1.50,1.50
2012.09.07 10:39:52.303,1.21458,1.21473,1.50,1.50
2012.09.07 10:39:53.217,1.21458,1.21472,1.50,3.00
2012.09.07 10:39:53.723,1.21458,1.21472,1.50,3.00
2012.09.07 10:39:54.241,1.21458,1.21472,1.50,3.00
2012.09.07 10:39:55.329,1.21458,1.21472,1.50,2.25
2012.09.07 10:39:56.147,1.21458,1.21472,1.50,2.25
2012.09.07 10:39:56.752,1.21458,1.21472,1.50,2.25
2012.09.07 10:39:58.230,1.21458,1.21472,1.50,1.50
2012.09.07 10:39:58.877,1.21456,1.21471,2.45,3.75
2012.09.07 10:39:59.446,1.21456,1.21471,2.25,3.75
2012.09.07 10:40:06.238,1.21455,1.21468,1.70,1.50
2012.09.07 10:40:10.072,1.21454,1.21468,2.25,2.25
2012.09.07 10:40:10.431,1.21449,1.21462,1.65,1.50
2012.09.07 10:40:11.142,1.21448,1.2146,3.15,1.50
2012.09.07 10:40:11.712,1.21446,1.21462,2.40,1.50
2012.09.07 10:40:12.269,1.21448,1.21462,2.40,3.75
2012.09.07 10:40:12.828,1.21448,1.21462,3.90,3.00
2012.09.07 10:40:13.391,1.21447,1.21462,2.60,4.88
2012.09.07 10:40:14.056,1.21447,1.21461,2.40,1.50
2012.09.07 10:40:14.132,1.21447,1.21461,2.25,1.50
2012.09.07 10:40:14.690,1.21441,1.21461,1.50,3.00
2012.09.07 10:40:14.772,1.21441,1.21459,1.50,1.50
2012.09.07 10:40:14.853,1.21439,1.21453,2.25,3.75
2012.09.07 10:40:14.931,1.21448,1.21453,2.25,4.50
2012.09.07 10:40:15.081,1.21448,1.21458,2.25,1.50
2012.09.07 10:40:15.638,1.21448,1.21459,2.25,4.50
2012.09.07 10:40:15.918,1.21448,1.21459,2.25,3.00
2012.09.07 10:40:18.108,1.21448,1.21459,2.25,3.00
2012.09.07 10:40:20.021,1.21446,1.21459,2.25,3.00
2012.09.07 10:40:20.099,1.21439,1.21459,4.55,3.00
2012.09.07 10:40:20.309,1.21439,1.21459,3.20,3.75
2012.09.07 10:40:21.076,1.21439,1.21457,1.70,2.63
2012.09.07 10:40:22.331,1.21439,1.21455,2.45,2.25
2012.09.07 10:40:23.069,1.21439,1.21455,2.45,2.63
2012.09.07 10:40:24.058,1.21438,1.21453,2.25,2.63
2012.09.07 10:40:24.724,1.21438,1.21453,2.25,1.88
2012.09.07 10:40:25.072,1.21436,1.21451,1.70,1.50
2012.09.07 10:40:25.429,1.21433,1.2145,2.45,1.50
2012.09.07 10:40:25.830,1.21433,1.2145,2.45,2.63
2012.09.07 10:40:26.053,1.21433,1.21447,2.45,2.25
2012.09.07 10:40:26.128,1.21433,1.21447,2.25,2.25
2012.09.07 10:40:26.678,1.21432,1.21446,2.45,1.50
2012.09.07 10:40:27.181,1.21432,1.21446,2.45,2.25
2012.09.07 10:40:27.400,1.21429,1.21446,1.88,2.25
2012.09.07 10:40:27.550,1.21429,1.21446,1.50,2.25
2012.09.07 10:40:27.910,1.21429,1.21442,1.50,1.50
2012.09.07 10:40:28.057,1.21429,1.21446,3.20,3.75
2012.09.07 10:40:30.107,1.21436,1.21449,1.50,1.50
2012.09.07 10:40:30.187,1.21433,1.21449,1.50,1.50
2012.09.07 10:40:31.437,1.21431,1.21449,2.25,1.50
2012.09.07 10:40:31.766,1.21431,1.21449,2.45,1.50
2012.09.07 10:40:32.285,1.21433,1.2145,3.20,2.25
2012.09.07 10:40:32.606,1.21438,1.2145,1.50,2.25
2012.09.07 10:40:32.677,1.21436,1.2145,1.50,2.25
2012.09.07 10:40:33.349,1.21434,1.2145,1.70,2.25
2012.09.07 10:40:35.633,1.21432,1.21448,4.55,1.50
2012.09.07 10:40:35.768,1.21432,1.21444,2.45,2.25
2012.09.07 10:40:36.048,1.2143,1.21444,5.25,3.75
2012.09.07 10:40:36.196,1.21428,1.21444,1.50,4.50
2012.09.07 10:40:36.718,1.21426,1.21443,3.20,3.00
2012.09.07 10:40:36.858,1.21426,1.21441,3.20,1.50
2012.09.07 10:40:37.116,1.21426,1.21443,3.20,3.00
2012.09.07 10:40:37.809,1.21427,1.21441,2.25,2.25
2012.09.07 10:40:38.948,1.21427,1.21442,2.25,1.50
2012.09.07 10:40:40.541,1.21427,1.2144,2.25,2.25
2012.09.07 10:40:40.919,1.21427,1.21442,2.25,3.00
2012.09.07 10:40:42.264,1.21427,1.21442,2.25,3.00
2012.09.07 10:40:42.336,1.21426,1.21439,1.50,1.50
2012.09.07 10:40:42.408,1.21424,1.21435,2.25,1.88
2012.09.07 10:40:42.487,1.21426,1.21442,2.25,3.38
2012.09.07 10:40:42.570,1.21426,1.21442,3.20,3.00
2012.09.07 10:40:42.717,1.21426,1.21442,3.20,2.25
2012.09.07 10:40:43.189,1.21425,1.21437,1.70,1.50
2012.09.07 10:40:43.548,1.21422,1.21432,2.25,1.50
2012.09.07 10:40:45.181,1.21422,1.21432,2.25,1.50
2012.09.07 10:40:45.259,1.21415,1.21431,3.20,1.50
2012.09.07 10:40:45.468,1.2141,1.21414,1.70,2.25
2012.09.07 10:40:45.691,1.21408,1.21414,1.50,3.00
2012.09.07 10:40:45.770,1.21403,1.21414,1.50,3.00
2012.09.07 10:40:46.271,1.21402,1.21414,3.75,2.25
2012.09.07 10:40:46.796,1.21403,1.21415,2.25,1.50
2012.09.07 10:40:48.107,1.21405,1.21415,2.25,1.50
2012.09.07 10:40:48.322,1.21411,1.21426,1.50,2.25
2012.09.07 10:40:48.468,1.21411,1.21428,2.25,2.25
2012.09.07 10:40:49.019,1.21412,1.2143,2.25,3.75
2012.09.07 10:40:49.549,1.21413,1.21433,2.25,4.50
2012.09.07 10:40:51.916,1.21413,1.21432,2.25,1.50
2012.09.07 10:40:52.616,1.21412,1.2143,3.75,2.25
2012.09.07 10:40:53.137,1.21414,1.21432,2.25,3.00
2012.09.07 10:40:54.038,1.21413,1.21429,1.50,1.50
2012.09.07 10:40:54.169,1.21414,1.2143,2.25,2.48
2012.09.07 10:40:54.250,1.21414,1.2143,2.25,1.73
2012.09.07 10:40:54.336,1.21414,1.21431,2.25,2.25
2012.09.07 10:40:54.879,1.21415,1.21431,1.50,2.25
2012.09.07 10:40:57.741,1.21415,1.21433,3.08,3.00
2012.09.07 10:40:58.076,1.21415,1.21432,3.08,1.50
2012.09.07 10:40:58.149,1.21415,1.21431,1.50,2.25
2012.09.07 10:40:58.698,1.21414,1.21429,1.50,1.50
2012.09.07 10:40:59.250,1.21417,1.21428,2.45,1.50
2012.09.07 10:40:59.399,1.21417,1.21432,2.25,1.50
2012.09.07 10:40:59.964,1.21417,1.21432,3.75,2.25
2012.09.07 10:41:00.531,1.21416,1.21431,3.20,3.00
2012.09.07 10:41:03.710,1.21416,1.21427,2.45,2.25
2012.09.07 10:41:03.791,1.21417,1.21432,2.25,1.50
2012.09.07 10:41:04.949,1.21417,1.21433,3.00,3.00
2012.09.07 10:41:05.032,1.2142,1.21424,1.50,3.00
2012.09.07 10:41:05.181,1.21412,1.21424,1.50,2.63
2012.09.07 10:41:05.260,1.21412,1.21424,1.50,2.63
2012.09.07 10:41:05.337,1.2141,1.21424,3.75,2.63
2012.09.07 10:41:07.892,1.21407,1.21422,3.95,2.25
2012.09.07 10:41:08.047,1.21407,1.21419,2.23,1.50
2012.09.07 10:41:08.191,1.21403,1.21419,1.50,2.25
2012.09.07 10:41:08.270,1.21402,1.21419,2.25,2.25
2012.09.07 10:41:08.491,1.21402,1.21417,2.25,1.50
2012.09.07 10:41:09.019,1.21401,1.21417,1.50,1.50
2012.09.07 10:41:09.104,1.21401,1.21419,3.00,2.25
2012.09.07 10:41:09.734,1.21401,1.21418,1.50,1.50
2012.09.07 10:41:10.289,1.214,1.21419,2.25,2.25
2012.09.07 10:41:10.368,1.21399,1.21417,3.00,1.50
2012.09.07 10:41:26.909,1.21402,1.21419,1.50,2.25
2012.09.07 10:41:27.498,1.21403,1.21418,1.02,1.50
2012.09.07 10:41:30.096,1.21403,1.21418,1.21,1.50
2012.09.07 10:41:30.230,1.21403,1.21421,1.21,3.75
2012.09.07 10:41:32.847,1.21402,1.21419,1.70,1.50
2012.09.07 10:41:36.050,1.21402,1.21419,1.50,1.50
2012.09.07 10:41:36.619,1.21402,1.21419,3.73,1.50
2012.09.07 10:41:36.909,1.21406,1.21419,2.25,1.50
2012.09.07 10:41:37.432,1.21407,1.2142,2.25,2.25
2012.09.07 10:41:41.095,1.21407,1.21419,2.25,1.50
2012.09.07 10:41:41.228,1.21402,1.21416,2.25,1.50
2012.09.07 10:41:41.489,1.21399,1.21417,1.50,2.25
2012.09.07 10:41:41.767,1.21395,1.21415,2.25,2.25
2012.09.07 10:41:46.467,1.21395,1.21415,2.25,2.25
2012.09.07 10:41:46.889,1.21395,1.21415,2.25,2.25
2012.09.07 10:41:47.508,1.21398,1.21416,1.50,2.25
2012.09.07 10:41:47.827,1.21398,1.21416,1.50,2.25
2012.09.07 10:41:49.459,1.21398,1.21416,2.25,2.25
2012.09.07 10:41:51.999,1.21398,1.21416,3.00,1.50
2012.09.07 10:41:52.557,1.21398,1.21416,2.25,3.00
2012.09.07 10:41:54.790,1.21396,1.21411,1.50,1.50
2012.09.07 10:41:54.929,1.21396,1.21411,1.50,1.50
2012.09.07 10:41:55.008,1.21396,1.21409,1.50,1.50
2012.09.07 10:41:55.079,1.21391,1.21409,2.23,1.50
2012.09.07 10:41:56.346,1.2139,1.21407,2.03,1.50
2012.09.07 10:41:56.827,1.2139,1.21407,2.03,2.25
2012.09.07 10:41:59.487,1.2139,1.21404,1.50,2.25
2012.09.07 10:42:00.119,1.2139,1.21403,1.50,1.50
2012.09.07 10:42:00.748,1.21391,1.21405,1.50,2.25
2012.09.07 10:42:00.829,1.21391,1.21405,1.70,1.50
2012.09.07 10:42:01.189,1.21391,1.21407,2.25,1.50
2012.09.07 10:42:01.708,1.21391,1.2141,3.00,3.00
2012.09.07 10:42:02.248,1.21391,1.21407,3.00,1.50
2012.09.07 10:42:06.088,1.21392,1.21408,1.70,1.50
2012.09.07 10:42:06.308,1.21392,1.21406,2.45,1.50
2012.09.07 10:42:06.517,1.21392,1.21409,2.45,1.50
2012.09.07 10:42:08.779,1.21392,1.21405,2.45,1.50
2012.09.07 10:42:09.418,1.21397,1.21405,2.25,1.50
2012.09.07 10:42:09.499,1.21397,1.21408,2.25,1.50
2012.09.07 10:42:10.009,1.21397,1.21409,2.25,1.50
2012.09.07 10:42:10.906,1.21397,1.2141,2.25,1.50
2012.09.07 10:42:11.437,1.21397,1.21409,2.25,1.50
2012.09.07 10:42:11.510,1.21397,1.21407,2.25,1.50
2012.09.07 10:42:11.730,1.21397,1.21409,2.25,1.50
2012.09.07 10:42:12.179,1.21397,1.21407,2.25,1.50
2012.09.07 10:42:13.307,1.21397,1.21407,2.25,1.50
2012.09.07 10:42:13.439,1.21398,1.21413,2.25,1.50
2012.09.07 10:42:13.637,1.21398,1.21416,2.25,1.50
2012.09.07 10:42:14.129,1.21401,1.21419,2.25,2.25
2012.09.07 10:42:16.886,1.21401,1.21418,2.25,1.50
2012.09.07 10:42:17.522,1.21401,1.21418,2.25,2.25
2012.09.07 10:42:18.056,1.21401,1.21419,2.25,3.75
2012.09.07 10:42:22.897,1.21401,1.21419,1.50,3.00
2012.09.07 10:42:23.458,1.21399,1.21418,2.25,2.25
2012.09.07 10:42:25.426,1.214,1.21418,1.50,1.50
2012.09.07 10:42:30.825,1.21401,1.21419,2.25,1.50
2012.09.07 10:42:32.047,1.21401,1.21419,2.25,1.50
2012.09.07 10:42:32.997,1.21401,1.21419,2.25,1.50
2012.09.07 10:42:42.777,1.21401,1.21419,2.25,2.25
2012.09.07 10:42:45.117,1.21401,1.21419,2.25,1.50
2012.09.07 10:42:45.659,1.21401,1.21419,3.00,2.25
2012.09.07 10:42:47.112,1.21401,1.21419,2.25,2.25
2012.09.07 10:42:53.436,1.21401,1.21419,2.25,1.50
2012.09.07 10:42:53.639,1.21404,1.21421,1.50,3.00
2012.09.07 10:42:53.918,1.21404,1.21421,1.50,3.00
2012.09.07 10:42:53.991,1.21404,1.21419,1.50,1.50
2012.09.07 10:42:54.558,1.21398,1.21415,1.50,1.50
2012.09.07 10:42:54.644,1.21398,1.21418,3.00,1.50
2012.09.07 10:42:55.203,1.21398,1.21418,3.00,2.25
2012.09.07 10:42:55.839,1.21416,1.2142,1.50,1.73
2012.09.07 10:42:55.994,1.21416,1.21426,1.50,1.73
2012.09.07 10:42:56.069,1.21416,1.21426,1.50,1.50
2012.09.07 10:42:56.218,1.21417,1.21427,3.00,3.00
2012.09.07 10:42:56.601,1.21418,1.2143,3.60,3.75
2012.09.07 10:42:56.680,1.21416,1.21429,4.35,3.75
2012.09.07 10:42:56.830,1.21418,1.2143,2.25,3.75
2012.09.07 10:42:56.911,1.21418,1.21432,2.25,1.50
2012.09.07 10:42:57.467,1.2142,1.21432,1.35,2.25
2012.09.07 10:42:57.949,1.21417,1.21424,4.50,2.10
2012.09.07 10:42:58.288,1.214,1.21418,3.00,3.75
2012.09.07 10:42:58.360,1.21398,1.21416,3.00,1.50
2012.09.07 10:42:58.439,1.21398,1.21416,3.00,2.25
2012.09.07 10:43:00.956,1.21398,1.21415,1.50,1.50
2012.09.07 10:43:01.300,1.21416,1.21434,3.75,1.50
2012.09.07 10:43:01.379,1.21417,1.21436,1.50,4.88
2012.09.07 10:43:01.589,1.2142,1.21438,1.50,1.50
2012.09.07 10:43:01.938,1.2142,1.21439,2.25,1.50
2012.09.07 10:43:02.007,1.2142,1.21439,2.25,1.50
2012.09.07 10:43:02.078,1.21421,1.2144,1.50,3.23
2012.09.07 10:43:02.291,1.21421,1.21438,1.50,1.50
2012.09.07 10:43:03.058,1.21419,1.21437,1.50,2.25
2012.09.07 10:43:04.040,1.21419,1.21437,1.50,3.00
2012.09.07 10:43:04.627,1.21419,1.21437,1.50,3.00
2012.09.07 10:43:06.555,1.21419,1.21437,1.50,3.75
2012.09.07 10:43:06.808,1.21421,1.21437,1.50,4.50
2012.09.07 10:43:07.482,1.21435,1.21449,3.00,2.48
2012.09.07 10:43:08.059,1.21436,1.21451,1.50,1.65
2012.09.07 10:43:11.447,1.21436,1.2145,3.00,1.50
2012.09.07 10:43:13.810,1.21436,1.21453,3.00,1.88
2012.09.07 10:43:13.892,1.21439,1.21453,2.83,1.50
2012.09.07 10:43:14.041,1.21444,1.21456,1.13,1.50
2012.09.07 10:43:14.189,1.21447,1.21456,1.35,1.50
2012.09.07 10:43:14.269,1.21447,1.21459,1.35,1.13
2012.09.07 10:43:14.829,1.21446,1.21459,3.00,1.13
2012.09.07 10:43:15.346,1.21446,1.2146,1.50,1.50
2012.09.07 10:43:16.246,1.21446,1.21461,1.50,3.53
2012.09.07 10:43:17.406,1.21446,1.21459,1.50,1.50
2012.09.07 10:43:18.117,1.21446,1.21459,1.50,1.13
2012.09.07 10:43:18.656,1.21446,1.21459,1.50,1.50
2012.09.07 10:43:18.789,1.21446,1.21462,1.70,2.25
2012.09.07 10:43:18.869,1.21446,1.21463,1.70,1.50
2012.09.07 10:43:18.953,1.21446,1.21464,2.30,2.25
2012.09.07 10:43:19.197,1.21448,1.21464,1.50,1.50
2012.09.07 10:43:19.347,1.21446,1.21464,2.30,1.50
2012.09.07 10:43:19.866,1.21446,1.21464,2.30,1.50
2012.09.07 10:43:19.937,1.21446,1.21464,2.30,1.50
2012.09.07 10:43:20.477,1.21446,1.21464,1.70,1.50
2012.09.07 10:43:21.055,1.21447,1.21464,2.45,2.25
2012.09.07 10:43:22.018,1.21447,1.21464,2.45,1.50
2012.09.07 10:43:22.339,1.21447,1.21463,2.45,1.88
2012.09.07 10:43:22.618,1.21447,1.21463,2.45,1.50
2012.09.07 10:43:24.636,1.21447,1.21462,2.45,2.25
2012.09.07 10:43:25.180,1.21448,1.21463,2.25,3.00
2012.09.07 10:43:25.530,1.21448,1.21462,2.25,1.50
2012.09.07 10:43:26.068,1.21448,1.21462,2.25,1.50
2012.09.07 10:43:26.606,1.21448,1.21462,2.25,1.50
2012.09.07 10:43:27.428,1.21448,1.21463,2.45,2.25
2012.09.07 10:43:27.909,1.21448,1.21463,2.45,1.50
2012.09.07 10:43:28.459,1.21449,1.21464,1.50,2.25
2012.09.07 10:43:28.540,1.21449,1.21467,1.50,1.65
2012.09.07 10:43:28.970,1.21451,1.21466,2.25,1.50
2012.09.07 10:43:29.177,1.2145,1.21466,2.25,1.50
2012.09.07 10:43:29.819,1.2145,1.21466,1.35,1.50
2012.09.07 10:43:31.752,1.2145,1.21466,1.35,1.50
2012.09.07 10:43:32.102,1.21448,1.21464,3.00,1.50
2012.09.07 10:43:32.380,1.2145,1.21466,1.50,1.50
2012.09.07 10:43:32.948,1.21451,1.21466,1.50,1.50
2012.09.07 10:43:33.518,1.21449,1.21454,2.25,3.00
2012.09.07 10:43:33.661,1.21446,1.21454,1.50,2.25
2012.09.07 10:43:33.742,1.21445,1.21458,2.25,2.25
2012.09.07 10:43:33.819,1.21442,1.2146,4.50,1.50
2012.09.07 10:43:33.971,1.21443,1.2146,1.50,1.50
2012.09.07 10:43:34.047,1.21443,1.21459,1.50,1.50
2012.09.07 10:43:34.256,1.2144,1.21457,2.25,1.50
2012.09.07 10:43:35.176,1.21442,1.21459,2.10,1.50
2012.09.07 10:43:35.519,1.21447,1.21461,2.25,3.00
2012.09.07 10:43:35.666,1.21448,1.21464,1.50,1.50
2012.09.07 10:43:35.739,1.21449,1.21466,2.25,2.25
2012.09.07 10:43:36.302,1.21451,1.21466,1.50,1.50
2012.09.07 10:43:36.932,1.21451,1.21466,2.25,1.50
2012.09.07 10:43:38.793,1.2145,1.21466,2.25,1.50
2012.09.07 10:43:40.229,1.21455,1.21466,3.75,1.50
2012.09.07 10:43:40.639,1.21458,1.21469,3.00,3.15
2012.09.07 10:43:40.721,1.21458,1.21469,3.00,2.25
2012.09.07 10:43:41.248,1.21458,1.21469,2.25,2.25
2012.09.07 10:43:47.409,1.21458,1.21468,2.25,2.25
2012.09.07 10:43:47.492,1.21458,1.21471,2.25,1.50
2012.09.07 10:43:47.642,1.21458,1.21471,1.50,2.25
2012.09.07 10:43:48.151,1.21458,1.21471,1.50,2.25
2012.09.07 10:43:48.687,1.21456,1.21471,5.25,2.25
2012.09.07 10:43:49.044,1.21456,1.21468,5.25,3.75
2012.09.07 10:43:49.778,1.21457,1.21469,3.00,1.50
2012.09.07 10:43:50.002,1.21461,1.21469,1.50,1.50
2012.09.07 10:43:50.427,1.21459,1.2147,1.50,2.25
2012.09.07 10:43:51.049,1.21454,1.21469,1.50,1.50
2012.09.07 10:43:51.123,1.21452,1.21469,2.25,1.50
2012.09.07 10:43:51.684,1.21452,1.21468,2.25,1.50
2012.09.07 10:43:53.536,1.21452,1.21469,2.25,2.25
2012.09.07 10:43:54.297,1.21452,1.21469,2.25,2.25
2012.09.07 10:43:54.800,1.21452,1.21469,2.25,1.50
2012.09.07 10:43:55.499,1.21453,1.21465,1.50,1.50
2012.09.07 10:43:56.680,1.21453,1.21469,1.50,2.25
2012.09.07 10:43:57.233,1.21453,1.21469,1.50,2.25
2012.09.07 10:43:59.097,1.21453,1.21469,1.50,2.25
2012.09.07 10:44:00.778,1.21453,1.21467,1.50,1.50
2012.09.07 10:44:01.338,1.21454,1.21466,1.50,1.50
2012.09.07 10:44:01.703,1.21452,1.21464,1.50,1.50
2012.09.07 10:44:01.783,1.21452,1.21461,1.50,2.25
2012.09.07 10:44:01.929,1.21452,1.21465,1.50,2.25
2012.09.07 10:44:12.079,1.2145,1.21465,1.50,2.25
2012.09.07 10:44:15.357,1.2145,1.21464,1.50,3.00
2012.09.07 10:44:16.079,1.2145,1.21465,1.50,2.25
2012.09.07 10:44:16.982,1.21453,1.21465,1.50,1.50
2012.09.07 10:44:17.508,1.21453,1.21466,1.50,2.25
2012.09.07 10:44:18.079,1.21453,1.21464,1.50,2.25
2012.09.07 10:44:18.418,1.21449,1.21464,1.50,3.75
2012.09.07 10:44:20.239,1.21454,1.21464,1.50,4.50
2012.09.07 10:44:23.946,1.21452,1.21464,1.50,5.25
2012.09.07 10:44:24.540,1.21453,1.21464,1.50,4.50
2012.09.07 10:44:27.549,1.21451,1.21464,1.50,4.50
2012.09.07 10:44:27.626,1.21449,1.21464,1.50,4.50
2012.09.07 10:44:27.819,1.21453,1.21464,1.50,5.25
2012.09.07 10:44:28.221,1.2145,1.21464,1.50,4.50
2012.09.07 10:44:31.869,1.2145,1.2146,1.50,2.25
2012.09.07 10:44:32.220,1.2145,1.21457,1.50,2.25
2012.09.07 10:44:33.008,1.21449,1.2146,1.50,1.50
2012.09.07 10:44:33.279,1.21452,1.21461,1.50,2.25
2012.09.07 10:44:37.019,1.2145,1.21461,1.50,2.25
2012.09.07 10:44:37.311,1.21452,1.21461,1.50,2.25
2012.09.07 10:44:37.389,1.21449,1.21461,1.50,2.25
2012.09.07 10:44:37.596,1.21449,1.21463,1.50,3.00
2012.09.07 10:44:38.317,1.21452,1.21463,1.50,3.75
2012.09.07 10:44:42.463,1.21448,1.21463,2.25,3.00
2012.09.07 10:44:42.798,1.21453,1.21463,1.50,3.00
2012.09.07 10:44:43.370,1.21453,1.21463,1.50,1.50
2012.09.07 10:44:43.729,1.21453,1.21466,1.50,1.50
2012.09.07 10:44:44.291,1.21453,1.21467,1.50,1.50
2012.09.07 10:44:44.839,1.21453,1.21467,1.50,1.50
2012.09.07 10:44:45.489,1.21453,1.21468,1.50,2.25
2012.09.07 10:44:45.983,1.21451,1.21468,3.00,2.25
2012.09.07 10:44:46.557,1.21451,1.21468,1.50,2.25
2012.09.07 10:44:47.171,1.21451,1.21468,1.50,2.25
2012.09.07 10:44:47.847,1.21451,1.21468,1.50,2.25
2012.09.07 10:44:48.579,1.21451,1.21466,1.50,2.25
2012.09.07 10:44:48.716,1.21448,1.21466,1.70,2.25
2012.09.07 10:44:49.418,1.21448,1.21466,1.70,2.25
2012.09.07 10:44:49.866,1.21451,1.21466,1.50,1.50
2012.09.07 10:44:50.410,1.2145,1.21466,1.50,1.50
2012.09.07 10:44:51.065,1.2145,1.21466,1.50,3.00
2012.09.07 10:44:51.423,1.2145,1.21465,1.50,6.00
2012.09.07 10:44:52.318,1.2145,1.21465,1.50,1.50
2012.09.07 10:44:54.121,1.2145,1.21462,1.50,3.00
2012.09.07 10:44:54.669,1.21447,1.21462,2.25,4.50
2012.09.07 10:44:55.326,1.21448,1.21462,1.50,4.50
2012.09.07 10:44:55.857,1.21446,1.21462,3.20,4.50
2012.09.07 10:44:56.720,1.21447,1.2146,2.25,2.25
2012.09.07 10:45:01.466,1.21445,1.21458,3.00,2.25
2012.09.07 10:45:01.538,1.21446,1.21461,3.00,1.50
2012.09.07 10:45:02.847,1.21448,1.21462,1.50,5.25
2012.09.07 10:45:03.735,1.21447,1.21461,2.25,2.25
2012.09.07 10:45:04.820,1.21447,1.21464,4.50,3.00
2012.09.07 10:45:05.388,1.2145,1.21464,1.50,3.00
2012.09.07 10:45:05.947,1.2145,1.21464,1.50,1.50
2012.09.07 10:45:10.095,1.2145,1.21464,1.50,1.50
2012.09.07 10:45:11.213,1.2145,1.21465,1.50,2.25
2012.09.07 10:45:11.670,1.2145,1.21456,1.50,2.25
2012.09.07 10:45:12.103,1.2145,1.21464,2.25,1.88
2012.09.07 10:45:12.395,1.21451,1.21464,3.00,1.88
2012.09.07 10:45:12.903,1.21452,1.21464,1.50,1.88
2012.09.07 10:45:13.451,1.21451,1.21464,1.50,1.88
2012.09.07 10:45:15.717,1.21451,1.21464,1.50,1.88
2012.09.07 10:45:16.781,1.21451,1.21466,1.50,2.25
2012.09.07 10:45:18.760,1.21451,1.21465,1.50,3.00
2012.09.07 10:45:18.840,1.21451,1.21467,1.50,1.50
2012.09.07 10:45:19.304,1.21451,1.21467,3.00,2.25
2012.09.07 10:45:19.383,1.21451,1.21467,2.25,2.25
2012.09.07 10:45:20.069,1.21451,1.21464,1.50,1.13
2012.09.07 10:45:20.623,1.21451,1.21464,1.50,1.13
2012.09.07 10:45:21.699,1.21451,1.21463,1.50,2.63
2012.09.07 10:45:29.439,1.21448,1.21463,2.25,3.23
2012.09.07 10:45:36.137,1.21448,1.21459,1.50,3.75
2012.09.07 10:45:36.657,1.21447,1.21459,2.25,4.50
2012.09.07 10:45:42.046,1.21448,1.21461,2.25,2.25
2012.09.07 10:45:43.607,1.21448,1.21463,2.25,4.73
2012.09.07 10:45:49.197,1.21448,1.21463,3.75,4.35
2012.09.07 10:45:51.846,1.21448,1.21463,1.50,1.73
2012.09.07 10:46:13.898,1.21446,1.21463,5.07,1.73
2012.09.07 10:46:27.146,1.21446,1.21463,5.07,1.50
2012.09.07 10:46:37.526,1.21449,1.21463,1.50,1.50
2012.09.07 10:46:41.958,1.21449,1.21461,1.50,2.25
2012.09.07 10:46:45.298,1.21448,1.21461,2.25,2.25
2012.09.07 10:46:47.280,1.21452,1.21461,1.50,2.25
2012.09.07 10:46:48.000,1.21449,1.21461,1.50,2.25
2012.09.07 10:46:48.501,1.21448,1.21461,1.50,2.25
2012.09.07 10:46:49.336,1.21448,1.21458,2.25,2.25
2012.09.07 10:46:58.766,1.21448,1.21458,1.50,2.25
2012.09.07 10:46:58.962,1.21442,1.21457,2.45,1.50
2012.09.07 10:46:59.277,1.21448,1.21457,1.50,1.50
2012.09.07 10:47:00.961,1.21448,1.21453,1.50,1.50
2012.09.07 10:47:01.039,1.21439,1.21453,2.98,4.50
2012.09.07 10:47:01.110,1.21446,1.21453,1.50,4.50
2012.09.07 10:47:01.188,1.21439,1.21453,5.23,4.50
2012.09.07 10:47:01.598,1.21443,1.21453,1.50,1.50
2012.09.07 10:47:01.808,1.21443,1.21457,2.45,1.35
2012.09.07 10:47:01.882,1.21445,1.21459,3.95,4.35
2012.09.07 10:47:01.958,1.21445,1.21459,4.32,2.25
2012.09.07 10:47:07.367,1.21447,1.21457,1.50,2.25
2012.09.07 10:47:08.113,1.21446,1.21456,1.50,1.50
2012.09.07 10:47:11.117,1.21447,1.21456,1.50,1.50
2012.09.07 10:47:11.960,1.21447,1.21457,2.25,2.25
2012.09.07 10:47:12.039,1.21447,1.2146,2.25,1.50
2012.09.07 10:47:12.119,1.21447,1.21462,2.25,2.25
2012.09.07 10:47:12.200,1.21449,1.21462,1.50,1.50
2012.09.07 10:47:12.667,1.21451,1.21468,2.25,1.50
2012.09.07 10:47:12.927,1.21451,1.21469,2.25,3.75
2012.09.07 10:47:13.668,1.21451,1.21468,2.25,2.25
2012.09.07 10:47:13.748,1.21451,1.21467,2.25,1.50
2012.09.07 10:47:14.463,1.21455,1.21465,1.50,3.00
2012.09.07 10:47:15.571,1.21455,1.21466,1.50,2.25
2012.09.07 10:47:16.468,1.21455,1.21471,1.50,3.15
2012.09.07 10:47:16.987,1.21456,1.21471,1.50,2.25
2012.09.07 10:47:19.946,1.21456,1.2147,1.50,3.00
2012.09.07 10:47:20.137,1.21456,1.21472,1.50,3.38
2012.09.07 10:47:20.288,1.21458,1.21472,2.25,2.25
2012.09.07 10:47:20.847,1.21459,1.21471,1.50,3.00
2012.09.07 10:47:21.651,1.21459,1.21469,1.50,2.25
2012.09.07 10:47:22.667,1.21459,1.21471,1.50,1.50
2012.09.07 10:47:23.320,1.2146,1.21473,1.50,1.50
2012.09.07 10:47:24.919,1.2146,1.21473,1.50,1.88
2012.09.07 10:47:25.798,1.2146,1.21473,1.50,1.50
2012.09.07 10:47:28.210,1.2146,1.21473,1.50,1.88
2012.09.07 10:47:36.129,1.2146,1.21474,1.50,3.00
2012.09.07 10:47:36.999,1.2146,1.21474,1.50,3.00
2012.09.07 10:47:40.549,1.2146,1.21474,1.50,5.25
2012.09.07 10:47:40.770,1.21458,1.21471,1.50,1.50
2012.09.07 10:47:41.327,1.21457,1.21471,1.50,1.50
2012.09.07 10:47:43.388,1.21457,1.21471,1.50,2.25
2012.09.07 10:47:43.757,1.21455,1.21469,1.62,2.25
2012.09.07 10:47:44.097,1.21454,1.21466,1.67,1.50
2012.09.07 10:47:44.308,1.21455,1.21469,1.62,1.50
2012.09.07 10:47:45.246,1.21455,1.21469,1.62,1.50
2012.09.07 10:47:47.506,1.21455,1.21468,1.62,2.25
2012.09.07 10:47:48.036,1.21453,1.21467,4.81,2.25
2012.09.07 10:47:49.301,1.21455,1.21468,1.50,3.75
2012.09.07 10:47:52.709,1.21455,1.21469,2.37,1.50
2012.09.07 10:47:52.932,1.21459,1.21471,1.62,2.25
2012.09.07 10:47:55.362,1.21459,1.21464,1.50,1.50
2012.09.07 10:47:55.929,1.21452,1.21464,3.49,1.50
2012.09.07 10:47:58.537,1.21453,1.21464,1.50,1.50
2012.09.07 10:47:59.095,1.21453,1.21464,1.50,2.25
2012.09.07 10:47:59.619,1.2145,1.21464,1.62,5.25
2012.09.07 10:48:07.658,1.2145,1.21464,2.37,3.00
2012.09.07 10:48:07.788,1.2145,1.21464,3.72,1.50
2012.09.07 10:48:07.999,1.21454,1.21464,1.50,2.25
2012.09.07 10:48:09.519,1.21452,1.21464,1.50,3.75
2012.09.07 10:48:09.740,1.21455,1.21464,1.50,2.25
2012.09.07 10:48:10.088,1.21455,1.21465,1.50,1.50
2012.09.07 10:48:10.789,1.21459,1.21471,1.50,3.00
2012.09.07 10:48:11.859,1.21456,1.2147,1.50,2.25
2012.09.07 10:48:13.968,1.21456,1.2147,1.50,3.00
2012.09.07 10:48:16.146,1.21456,1.21469,1.50,1.50
2012.09.07 10:48:16.277,1.21452,1.21465,1.50,1.50
2012.09.07 10:48:16.348,1.21452,1.21463,1.50,2.25
2012.09.07 10:48:26.828,1.21452,1.21462,1.50,4.50
2012.09.07 10:48:28.468,1.21453,1.21462,1.50,4.50
2012.09.07 10:48:29.118,1.21452,1.21462,1.50,4.50
2012.09.07 10:48:29.445,1.21456,1.21462,1.50,4.50
2012.09.07 10:48:33.067,1.2145,1.21462,3.87,4.50
2012.09.07 10:48:33.207,1.21456,1.21462,1.50,4.50
2012.09.07 10:48:36.850,1.2145,1.21462,3.87,4.50
2012.09.07 10:48:37.345,1.21453,1.21462,1.50,4.50
2012.09.07 10:48:37.891,1.21453,1.21462,1.50,3.00
2012.09.07 10:48:37.971,1.2145,1.21462,3.12,3.75
2012.09.07 10:48:39.040,1.21448,1.21462,1.62,6.00
2012.09.07 10:48:39.550,1.2145,1.21462,1.50,4.50
2012.09.07 10:48:43.006,1.21451,1.21462,1.50,4.50
2012.09.07 10:48:46.111,1.21449,1.21462,1.62,5.25
2012.09.07 10:48:46.613,1.2145,1.21462,1.50,3.75
2012.09.07 10:48:48.007,1.2145,1.2146,1.50,3.75
2012.09.07 10:48:48.337,1.21447,1.2146,1.50,4.50
2012.09.07 10:49:08.239,1.21448,1.2146,1.50,4.50
2012.09.07 10:49:14.719,1.21448,1.21459,1.50,3.75
2012.09.07 10:49:14.873,1.2145,1.21459,1.50,3.75
2012.09.07 10:49:15.387,1.21449,1.21459,3.00,3.75
2012.09.07 10:49:15.739,1.21451,1.21459,1.50,3.75
2012.09.07 10:49:16.278,1.21451,1.21462,2.25,1.50
2012.09.07 10:49:16.357,1.21453,1.21463,1.50,2.25
2012.09.07 10:49:16.689,1.21457,1.21467,2.10,2.25
2012.09.07 10:49:16.769,1.21462,1.21471,2.25,1.50
2012.09.07 10:49:16.908,1.21464,1.21476,1.50,1.50
2012.09.07 10:49:17.051,1.21475,1.21479,1.50,1.50
2012.09.07 10:49:17.269,1.2147,1.21477,2.25,1.50
2012.09.07 10:49:17.406,1.2147,1.21477,1.50,1.50
2012.09.07 10:49:17.483,1.21469,1.21479,2.37,1.50
2012.09.07 10:49:17.933,1.2147,1.21483,1.50,2.25
2012.09.07 10:49:19.144,1.21473,1.21485,2.25,1.50
2012.09.07 10:49:19.559,1.2147,1.21484,2.37,2.25
2012.09.07 10:49:20.103,1.2147,1.21484,1.50,2.25
2012.09.07 10:49:20.542,1.21473,1.21485,1.50,3.00
2012.09.07 10:49:20.901,1.21474,1.21482,1.50,1.50
2012.09.07 10:49:21.121,1.21471,1.21482,1.50,1.50
2012.09.07 10:49:21.341,1.2147,1.21482,2.25,1.50
2012.09.07 10:49:21.771,1.21476,1.21485,1.50,2.25
2012.09.07 10:49:21.921,1.21474,1.21485,1.50,2.25
2012.09.07 10:49:22.140,1.21476,1.21487,1.50,1.50
2012.09.07 10:49:22.291,1.21472,1.21486,1.50,2.25
2012.09.07 10:49:22.859,1.21472,1.21486,2.25,2.25
2012.09.07 10:49:23.472,1.21472,1.21486,1.50,2.25
2012.09.07 10:49:23.557,1.21471,1.21483,1.50,2.25
2012.09.07 10:49:24.002,1.21471,1.21485,3.75,2.25
2012.09.07 10:49:24.528,1.21471,1.21483,3.75,1.50
2012.09.07 10:49:24.909,1.21471,1.21483,3.00,3.00
2012.09.07 10:49:25.060,1.21473,1.21483,1.50,1.50
2012.09.07 10:49:25.423,1.21473,1.21485,1.50,2.25
2012.09.07 10:49:25.570,1.2147,1.21484,1.50,3.00
2012.09.07 10:49:25.721,1.21469,1.21481,3.00,2.25
2012.09.07 10:49:26.139,1.21471,1.21482,1.50,1.50
2012.09.07 10:49:26.737,1.21467,1.21481,1.50,2.25
2012.09.07 10:49:27.542,1.2147,1.21482,1.50,3.75
2012.09.07 10:49:27.689,1.21467,1.21481,3.00,3.00
2012.09.07 10:49:28.249,1.21467,1.21481,2.25,2.25
2012.09.07 10:49:28.403,1.21468,1.21481,1.88,1.50
2012.09.07 10:49:28.480,1.21467,1.21484,1.50,5.25
2012.09.07 10:49:28.758,1.21467,1.21478,1.50,1.50
2012.09.07 10:49:28.910,1.21463,1.21478,2.23,1.50
2012.09.07 10:49:29.840,1.2146,1.21478,2.48,3.75
2012.09.07 10:49:30.909,1.2146,1.21478,2.48,3.75
2012.09.07 10:49:31.430,1.21475,1.21481,2.10,2.25
2012.09.07 10:49:31.722,1.21476,1.21484,3.00,1.50
2012.09.07 10:49:31.937,1.21476,1.21493,3.75,4.50
2012.09.07 10:49:32.077,1.21476,1.21493,3.75,4.50
2012.09.07 10:49:32.149,1.21477,1.21494,3.95,1.13
2012.09.07 10:49:32.812,1.21478,1.21498,2.25,3.75
2012.09.07 10:49:32.890,1.21479,1.21496,2.25,1.50
2012.09.07 10:49:33.325,1.21479,1.21499,5.25,2.25
2012.09.07 10:49:37.556,1.21489,1.21501,1.50,1.50
2012.09.07 10:49:37.626,1.21492,1.21506,2.25,1.73
2012.09.07 10:49:37.900,1.21495,1.21511,1.70,1.13
2012.09.07 10:49:38.400,1.21496,1.21511,3.00,4.95
2012.09.07 10:49:38.753,1.21491,1.21504,1.50,2.25
2012.09.07 10:49:39.150,1.21486,1.21505,2.25,3.00
2012.09.07 10:49:39.431,1.21486,1.21503,2.25,1.50
2012.09.07 10:49:40.879,1.21485,1.21502,2.25,2.25
2012.09.07 10:49:41.749,1.21486,1.21503,2.25,3.00
2012.09.07 10:49:43.272,1.21487,1.21503,1.50,1.50
2012.09.07 10:49:43.353,1.21496,1.21512,4.50,2.25
2012.09.07 10:49:44.997,1.21496,1.21514,3.95,1.50
2012.09.07 10:49:45.127,1.21497,1.21516,3.60,1.50
2012.09.07 10:49:45.377,1.21499,1.21518,1.50,3.38
2012.09.07 10:49:45.927,1.21498,1.21516,2.23,1.50
2012.09.07 10:49:46.386,1.21499,1.21518,3.75,1.13
2012.09.07 10:49:47.148,1.21499,1.21518,3.75,1.13
2012.09.07 10:49:48.500,1.21506,1.2152,2.98,2.25
2012.09.07 10:49:48.584,1.2151,1.2152,2.98,1.50
2012.09.07 10:49:48.736,1.21507,1.21518,1.48,1.50
2012.09.07 10:49:48.813,1.21507,1.21521,1.48,3.75
2012.09.07 10:49:50.978,1.21505,1.21521,1.48,1.50
2012.09.07 10:49:51.748,1.21513,1.21521,2.25,1.50
2012.09.07 10:49:51.820,1.21515,1.21526,2.25,1.50
2012.09.07 10:49:51.899,1.21515,1.21527,3.00,1.50
2012.09.07 10:49:52.169,1.21516,1.2153,1.50,1.88
2012.09.07 10:49:52.913,1.21516,1.2153,3.00,1.50
2012.09.07 10:49:53.269,1.2152,1.21533,1.35,3.75
2012.09.07 10:49:53.472,1.21525,1.21533,1.32,1.50
2012.09.07 10:49:53.552,1.21531,1.21541,1.50,1.50
2012.09.07 10:49:53.634,1.21531,1.21543,2.25,2.25
2012.09.07 10:49:54.202,1.21531,1.21543,3.00,2.25
2012.09.07 10:49:54.348,1.21529,1.21543,1.50,3.00
2012.09.07 10:49:54.420,1.21526,1.21543,3.38,3.00
2012.09.07 10:49:54.948,1.21526,1.21546,3.00,1.50
2012.09.07 10:49:57.057,1.21526,1.21545,2.25,1.50
2012.09.07 10:49:58.619,1.21525,1.21544,1.50,2.25
2012.09.07 10:49:59.356,1.21524,1.21542,1.50,2.25
2012.09.07 10:50:00.250,1.21526,1.21542,1.70,2.25
2012.09.07 10:50:00.399,1.21527,1.21545,1.70,2.48
2012.09.07 10:50:00.959,1.21527,1.21546,1.70,1.50
2012.09.07 10:50:01.707,1.21527,1.21545,1.70,1.50
2012.09.07 10:50:01.778,1.21526,1.21544,1.70,1.50
2012.09.07 10:50:02.298,1.21526,1.21544,2.45,2.25
2012.09.07 10:50:02.789,1.21526,1.21541,3.95,2.25
2012.09.07 10:50:03.700,1.21526,1.21543,3.00,2.63
2012.09.07 10:50:04.062,1.21527,1.21543,2.25,1.50
2012.09.07 10:50:04.352,1.21529,1.21543,1.50,1.50
2012.09.07 10:50:04.920,1.21528,1.21544,1.48,1.50
2012.09.07 10:50:05.636,1.2153,1.21547,1.50,1.50
2012.09.07 10:50:05.800,1.21536,1.21552,1.70,1.50
2012.09.07 10:50:06.340,1.21537,1.21554,2.25,4.50
2012.09.07 10:50:06.689,1.21537,1.21551,3.00,1.50
2012.09.07 10:50:06.828,1.21537,1.21553,3.00,2.25
2012.09.07 10:50:10.846,1.21537,1.21553,3.00,1.50
2012.09.07 10:50:13.979,1.21537,1.21553,4.48,1.50
2012.09.07 10:50:14.541,1.21537,1.21553,4.48,1.50
2012.09.07 10:50:18.739,1.21537,1.21553,2.98,1.50
2012.09.07 10:50:19.708,1.21537,1.21553,2.25,1.50
2012.09.07 10:50:20.279,1.21537,1.21552,2.25,1.35
2012.09.07 10:50:20.429,1.21532,1.21551,2.48,4.50
2012.09.07 10:50:20.509,1.2153,1.2155,2.48,1.50
2012.09.07 10:50:20.938,1.21532,1.2155,1.73,1.50
2012.09.07 10:50:22.570,1.21532,1.21551,1.50,1.50
2012.09.07 10:50:23.243,1.21529,1.21548,1.70,2.25
2012.09.07 10:50:24.458,1.21529,1.21547,1.70,1.50
2012.09.07 10:50:24.992,1.21529,1.21547,1.70,2.25
2012.09.07 10:50:25.579,1.21529,1.21543,2.23,1.50
2012.09.07 10:50:25.728,1.21528,1.21543,1.50,1.50
2012.09.07 10:50:26.268,1.21528,1.21543,2.25,2.25
2012.09.07 10:50:28.099,1.21528,1.21543,2.98,2.25
2012.09.07 10:50:28.461,1.21533,1.21545,1.55,4.50
2012.09.07 10:50:28.821,1.21535,1.21549,1.50,1.50
2012.09.07 10:50:29.299,1.21536,1.2155,3.00,1.50
2012.09.07 10:50:29.839,1.21536,1.21553,3.00,4.50
2012.09.07 10:50:29.978,1.21536,1.21553,3.95,1.50
2012.09.07 10:50:38.230,1.21536,1.21552,3.17,3.75
2012.09.07 10:50:38.369,1.21536,1.2155,2.42,2.10
2012.09.07 10:50:38.648,1.21528,1.21544,2.25,3.00
2012.09.07 10:50:39.186,1.21528,1.21544,1.48,3.00
2012.09.07 10:50:39.970,1.21526,1.21544,1.70,3.00
2012.09.07 10:50:40.124,1.21528,1.21544,3.75,3.00
2012.09.07 10:50:40.645,1.21526,1.21543,3.95,3.00
2012.09.07 10:50:40.859,1.21528,1.21543,1.50,2.25
2012.09.07 10:50:41.151,1.21531,1.21548,2.25,1.50
2012.09.07 10:50:41.230,1.21531,1.21548,2.25,1.50
2012.09.07 10:50:42.221,1.21535,1.2155,2.25,1.50
2012.09.07 10:50:42.371,1.21536,1.21551,1.70,1.50
2012.09.07 10:50:42.451,1.21536,1.21553,3.92,3.00
2012.09.07 10:50:43.012,1.21538,1.21554,2.25,3.75
2012.09.07 10:50:46.015,1.21536,1.21553,3.17,2.25
2012.09.07 10:50:46.578,1.21536,1.21554,2.45,4.50
2012.09.07 10:50:47.117,1.21537,1.21554,2.25,4.50
2012.09.07 10:50:49.449,1.21538,1.21552,2.23,2.25
2012.09.07 10:50:49.930,1.21537,1.21553,1.50,1.50
2012.09.07 10:50:51.817,1.21537,1.21553,1.50,3.00
2012.09.07 10:50:55.957,1.21539,1.21553,3.75,1.50
2012.09.07 10:50:56.299,1.21538,1.21551,1.48,2.25
2012.09.07 10:50:56.378,1.21536,1.21554,3.95,3.00
2012.09.07 10:50:56.911,1.21536,1.21554,3.95,3.00
2012.09.07 10:50:59.196,1.21537,1.21554,2.25,3.00
2012.09.07 10:51:03.126,1.21537,1.21554,2.25,3.00
2012.09.07 10:51:05.148,1.2154,1.21554,1.50,2.25
2012.09.07 10:51:06.697,1.2154,1.21554,1.50,1.50
2012.09.07 10:51:07.443,1.2154,1.21554,2.25,1.50
2012.09.07 10:51:08.130,1.2154,1.21554,1.50,1.50
2012.09.07 10:51:09.294,1.2154,1.21554,2.25,1.50
2012.09.07 10:51:09.601,1.21541,1.21552,2.25,2.25
2012.09.07 10:51:09.753,1.21541,1.21554,1.50,1.13
2012.09.07 10:51:10.767,1.2154,1.21554,1.50,1.50
2012.09.07 10:51:11.753,1.2154,1.21554,1.50,3.00
2012.09.07 10:51:13.325,1.21537,1.21554,2.25,1.50
2012.09.07 10:51:14.010,1.21537,1.21554,3.00,1.50
2012.09.07 10:51:14.548,1.21537,1.21554,3.00,1.50
2012.09.07 10:51:15.289,1.21536,1.21554,3.95,3.00
2012.09.07 10:51:15.920,1.21536,1.21554,3.20,3.75
2012.09.07 10:51:16.001,1.21536,1.21552,3.95,1.50
2012.09.07 10:51:16.371,1.21541,1.21554,1.50,3.75
2012.09.07 10:51:16.451,1.21539,1.21554,1.50,3.00
2012.09.07 10:51:16.661,1.21539,1.21554,1.50,2.25
2012.09.07 10:51:17.345,1.21537,1.21554,3.20,2.25
2012.09.07 10:51:17.491,1.21537,1.21553,1.70,1.50
2012.09.07 10:51:18.060,1.21537,1.21553,2.07,1.50
2012.09.07 10:51:18.630,1.21537,1.21553,1.70,1.50
2012.09.07 10:51:19.173,1.21536,1.21553,4.32,1.50
2012.09.07 10:51:19.943,1.21536,1.21553,3.57,1.50
2012.09.07 10:51:20.889,1.21537,1.21553,3.20,1.50
2012.09.07 10:51:20.970,1.21545,1.21555,1.50,1.80
2012.09.07 10:51:21.052,1.21545,1.21556,2.63,1.05
2012.09.07 10:51:21.752,1.21545,1.21559,3.75,1.20
2012.09.07 10:51:22.340,1.21545,1.21559,3.75,1.20
2012.09.07 10:51:23.318,1.21545,1.21559,3.75,1.20
2012.09.07 10:51:24.677,1.21545,1.21559,3.75,1.20
2012.09.07 10:51:25.241,1.21546,1.21559,1.50,1.95
2012.09.07 10:51:25.786,1.21546,1.21559,1.50,1.95
2012.09.07 10:51:27.641,1.21546,1.21559,1.50,1.95
2012.09.07 10:51:28.146,1.21545,1.21558,2.25,1.65
2012.09.07 10:51:28.360,1.21543,1.21554,1.50,3.00
2012.09.07 10:51:28.441,1.21539,1.21554,2.45,3.00
2012.09.07 10:51:29.270,1.21541,1.21554,1.50,2.25
2012.09.07 10:51:32.647,1.21539,1.21554,4.70,2.25
2012.09.07 10:51:33.339,1.21539,1.21554,3.20,2.25
2012.09.07 10:51:34.310,1.2154,1.21553,1.50,4.50
2012.09.07 10:51:37.930,1.21536,1.21552,2.82,1.50
2012.09.07 10:51:42.157,1.21536,1.21552,2.25,1.50
2012.09.07 10:51:42.759,1.21536,1.21552,1.50,3.00
2012.09.07 10:51:46.431,1.21536,1.21549,3.00,1.50
2012.09.07 10:51:50.940,1.21535,1.21549,1.50,3.00
2012.09.07 10:51:51.159,1.21534,1.21548,1.70,2.25
2012.09.07 10:51:52.506,1.21537,1.21549,1.50,3.75
2012.09.07 10:51:53.120,1.21537,1.21548,1.50,1.50
2012.09.07 10:51:53.411,1.21533,1.21547,3.20,3.00
2012.09.07 10:51:54.881,1.21531,1.21548,1.55,3.75
2012.09.07 10:51:55.411,1.21528,1.21547,2.45,3.75
2012.09.07 10:51:55.919,1.21527,1.21546,1.32,2.25
2012.09.07 10:51:58.840,1.21531,1.21546,2.25,3.00
2012.09.07 10:51:59.889,1.21537,1.21547,1.50,1.50
2012.09.07 10:52:00.752,1.21536,1.21547,1.50,1.50
2012.09.07 10:52:01.309,1.21536,1.21549,2.25,3.00
2012.09.07 10:52:01.612,1.21545,1.2155,2.45,1.50
2012.09.07 10:52:01.832,1.21547,1.21562,1.13,1.50
2012.09.07 10:52:02.361,1.21546,1.21563,2.82,1.50
2012.09.07 10:52:03.186,1.21546,1.21568,2.82,3.75
2012.09.07 10:52:03.833,1.21546,1.21556,2.82,1.50
2012.09.07 10:52:03.968,1.21546,1.21559,2.07,1.50
2012.09.07 10:52:04.038,1.21546,1.21559,3.57,1.50
2012.09.07 10:52:04.113,1.21548,1.21564,1.50,3.75
2012.09.07 10:52:04.192,1.21548,1.21561,2.25,3.75
2012.09.07 10:52:05.508,1.21547,1.21561,1.50,2.25
2012.09.07 10:52:05.768,1.21547,1.21562,3.00,1.50
2012.09.07 10:52:06.297,1.21546,1.21562,1.32,1.50
2012.09.07 10:52:06.906,1.21546,1.21564,1.32,3.00
2012.09.07 10:52:13.028,1.21546,1.21563,1.70,1.50
2012.09.07 10:52:13.692,1.21545,1.21564,4.32,3.00
2012.09.07 10:52:14.247,1.21544,1.21556,1.13,2.25
2012.09.07 10:52:15.782,1.21542,1.21553,2.80,1.50
2012.09.07 10:52:15.930,1.21542,1.21552,1.50,1.50
2012.09.07 10:52:16.341,1.21541,1.21549,1.50,2.25
2012.09.07 10:52:16.562,1.21532,1.21543,1.50,1.50
2012.09.07 10:52:17.015,1.21531,1.21543,1.50,1.50
2012.09.07 10:52:18.994,1.21531,1.21543,1.50,2.25
2012.09.07 10:52:19.491,1.21524,1.21536,2.25,1.50
2012.09.07 10:52:19.643,1.21525,1.21539,2.25,1.50
2012.09.07 10:52:20.859,1.21528,1.2154,1.50,1.50
2012.09.07 10:52:22.828,1.21528,1.2154,1.88,1.50
2012.09.07 10:52:22.917,1.21541,1.21555,1.50,2.25
2012.09.07 10:52:35.039,1.21545,1.21555,3.95,1.50
2012.09.07 10:52:35.180,1.21545,1.21557,5.45,1.50
2012.09.07 10:52:35.685,1.21547,1.21559,2.25,2.25
2012.09.07 10:52:36.501,1.21547,1.21559,1.50,1.50
2012.09.07 10:52:37.850,1.21549,1.21561,1.50,1.50
2012.09.07 10:52:40.259,1.21552,1.21561,3.75,1.50
2012.09.07 10:52:40.481,1.21549,1.21561,1.50,1.50
2012.09.07 10:52:47.332,1.21549,1.21561,1.50,2.25
2012.09.07 10:52:47.479,1.21545,1.21557,3.95,2.25
2012.09.07 10:52:47.769,1.21543,1.21557,1.50,2.25
2012.09.07 10:52:48.360,1.21541,1.21553,1.50,2.25
2012.09.07 10:52:48.440,1.21539,1.21551,1.50,1.50
2012.09.07 10:52:48.810,1.2154,1.21551,3.75,1.50
2012.09.07 10:52:49.318,1.21539,1.21551,1.50,1.50
2012.09.07 10:52:51.650,1.21539,1.21551,3.75,1.50
2012.09.07 10:52:52.182,1.21539,1.21551,1.50,1.50
2012.09.07 10:52:55.464,1.21537,1.21545,1.50,1.50
2012.09.07 10:52:55.548,1.21534,1.21544,2.25,2.25
2012.09.07 10:52:56.110,1.21533,1.21545,2.25,2.25
2012.09.07 10:52:56.661,1.21536,1.21545,2.25,1.50
2012.09.07 10:52:56.741,1.21529,1.21534,3.30,1.50
2012.09.07 10:52:57.103,1.21529,1.21533,1.50,1.50
2012.09.07 10:52:57.180,1.21518,1.21529,2.45,1.50
2012.09.07 10:52:57.748,1.21518,1.21531,2.45,1.50
2012.09.07 10:52:58.641,1.21518,1.21531,2.45,1.50
2012.09.07 10:52:59.808,1.21519,1.21531,1.35,1.50
2012.09.07 10:52:59.951,1.21526,1.21538,1.50,2.25
2012.09.07 10:53:00.030,1.21524,1.21542,2.25,2.48
2012.09.07 10:53:00.896,1.21524,1.21542,2.25,1.50
2012.09.07 10:53:01.409,1.21523,1.21541,2.25,1.50
2012.09.07 10:53:01.634,1.21525,1.21545,2.25,2.25
2012.09.07 10:53:02.201,1.21525,1.21542,3.95,1.50
2012.09.07 10:53:02.559,1.21525,1.21537,3.75,1.50
2012.09.07 10:53:02.708,1.21519,1.21534,1.33,1.50
2012.09.07 10:53:02.918,1.21516,1.21525,3.60,1.50
2012.09.07 10:53:03.268,1.21513,1.21523,1.88,1.50
2012.09.07 10:53:03.350,1.2151,1.21523,1.48,1.50
2012.09.07 10:53:03.842,1.2151,1.21523,2.25,1.50
2012.09.07 10:53:03.923,1.21512,1.21523,2.25,3.00
2012.09.07 10:53:04.001,1.21508,1.21519,3.17,2.25
2012.09.07 10:53:04.079,1.21511,1.21519,3.95,2.25
2012.09.07 10:53:04.291,1.2151,1.21521,2.45,2.25
2012.09.07 10:53:04.443,1.2151,1.21525,2.45,1.50
2012.09.07 10:53:04.592,1.21518,1.21527,2.25,2.25
2012.09.07 10:53:05.152,1.21518,1.21532,2.25,2.25
2012.09.07 10:53:05.358,1.21518,1.21532,2.25,2.25
2012.09.07 10:53:05.701,1.21514,1.21532,1.70,2.25
2012.09.07 10:53:06.268,1.21512,1.21531,1.50,2.25
2012.09.07 10:53:06.588,1.21512,1.21531,1.70,2.25
2012.09.07 10:53:07.548,1.21524,1.21531,3.75,2.25
2012.09.07 10:53:07.753,1.21525,1.21542,3.60,1.50
2012.09.07 10:53:07.901,1.21527,1.21543,3.75,3.00
2012.09.07 10:53:08.318,1.21526,1.21544,3.00,1.50
2012.09.07 10:53:08.461,1.2153,1.21548,2.25,3.00
2012.09.07 10:53:08.937,1.21532,1.2155,2.25,2.25
2012.09.07 10:53:13.001,1.21532,1.2155,1.50,2.25
2012.09.07 10:53:14.418,1.21532,1.2155,1.70,2.25
2012.09.07 10:53:15.719,1.21534,1.2155,3.95,2.25
2012.09.07 10:53:17.351,1.21539,1.2155,2.25,2.25
2012.09.07 10:53:18.939,1.21533,1.21548,1.70,1.50
2012.09.07 10:53:19.081,1.2153,1.21546,1.92,1.50
2012.09.07 10:53:19.291,1.2153,1.21546,1.70,1.50
2012.09.07 10:53:19.802,1.21531,1.21546,3.95,2.25
2012.09.07 10:53:20.218,1.21532,1.2155,2.25,1.50
2012.09.07 10:53:20.489,1.2153,1.21547,3.75,1.50
2012.09.07 10:53:20.839,1.21528,1.21545,2.25,2.25
2012.09.07 10:53:22.726,1.21527,1.21547,3.00,2.25
2012.09.07 10:53:23.277,1.21527,1.21547,2.25,2.25
2012.09.07 10:53:23.790,1.21527,1.21547,3.00,2.25
2012.09.07 10:53:24.088,1.21527,1.21547,3.00,2.25
2012.09.07 10:53:24.157,1.2153,1.21547,1.50,1.50
2012.09.07 10:53:24.676,1.2153,1.21548,3.00,1.50
2012.09.07 10:53:26.757,1.21534,1.21548,4.50,1.50
2012.09.07 10:53:26.890,1.21536,1.2155,1.70,1.50
2012.09.07 10:53:27.447,1.21536,1.21551,1.70,1.50
2012.09.07 10:53:28.978,1.21533,1.21552,2.30,1.50
2012.09.07 10:53:29.483,1.21533,1.21552,1.55,2.25
2012.09.07 10:53:29.768,1.21533,1.21552,1.55,3.00
2012.09.07 10:53:31.509,1.21533,1.21552,1.55,3.00
2012.09.07 10:53:31.649,1.21536,1.21552,1.50,3.00
2012.09.07 10:53:31.908,1.21533,1.21552,1.70,3.00
2012.09.07 10:53:32.887,1.21532,1.21552,2.25,3.00
2012.09.07 10:53:32.958,1.21532,1.2155,1.50,2.25
2012.09.07 10:53:33.097,1.21529,1.21549,3.00,2.25
2012.09.07 10:53:33.718,1.21529,1.21549,3.00,2.25
2012.09.07 10:53:34.289,1.21529,1.21549,3.00,2.25
2012.09.07 10:53:36.377,1.21529,1.21549,3.20,2.25
2012.09.07 10:53:36.630,1.21536,1.21552,1.70,2.25
2012.09.07 10:53:43.868,1.21536,1.21553,1.70,1.50
2012.09.07 10:53:46.368,1.21535,1.21553,6.95,1.50
2012.09.07 10:53:46.710,1.2153,1.21544,2.98,1.50
2012.09.07 10:53:47.299,1.21526,1.21542,2.42,1.50
2012.09.07 10:53:47.381,1.21526,1.21542,1.70,1.50
2012.09.07 10:53:47.937,1.21526,1.21542,1.70,1.50
2012.09.07 10:53:51.843,1.21526,1.21543,3.20,3.00
2012.09.07 10:53:52.830,1.21526,1.21541,1.70,1.50
2012.09.07 10:53:58.022,1.21527,1.21541,1.50,1.50
2012.09.07 10:53:58.102,1.21527,1.21543,2.25,1.50
2012.09.07 10:53:58.179,1.21527,1.21546,2.25,2.25
2012.09.07 10:53:59.119,1.21527,1.21546,1.50,2.25
2012.09.07 10:53:59.319,1.21525,1.21544,1.13,2.25
2012.09.07 10:53:59.720,1.21522,1.21538,3.75,1.50
2012.09.07 10:54:00.313,1.21522,1.2154,3.75,1.50
2012.09.07 10:54:03.120,1.21522,1.2154,3.75,1.50
2012.09.07 10:54:03.483,1.21536,1.21547,1.50,1.50
2012.09.07 10:54:03.562,1.21536,1.21551,1.50,2.25
2012.09.07 10:54:03.710,1.21537,1.21553,2.25,2.25
2012.09.07 10:54:04.418,1.21536,1.2155,1.50,1.50
2012.09.07 10:54:05.509,1.21536,1.2155,2.25,3.75
2012.09.07 10:54:06.209,1.21536,1.21548,2.25,1.50
2012.09.07 10:54:07.341,1.21535,1.21548,2.45,1.50
2012.09.07 10:54:08.251,1.21535,1.21548,1.13,1.50
2012.09.07 10:54:08.608,1.21525,1.2154,2.25,1.50
2012.09.07 10:54:08.750,1.21524,1.2154,1.50,2.25
2012.09.07 10:54:08.998,1.21536,1.21541,1.35,2.25
2012.09.07 10:54:09.271,1.21542,1.2156,1.70,2.25
2012.09.07 10:54:10.138,1.21544,1.21557,2.30,1.50
2012.09.07 10:54:10.899,1.21544,1.21558,1.73,2.25
2012.09.07 10:54:11.252,1.21541,1.21549,1.13,1.50
2012.09.07 10:54:11.334,1.2154,1.21548,1.50,2.25
2012.09.07 10:54:11.820,1.21534,1.21548,1.50,1.50
2012.09.07 10:54:12.275,1.21534,1.2155,1.50,3.75
2012.09.07 10:54:13.752,1.21535,1.2155,1.50,3.00
2012.09.07 10:54:14.100,1.21545,1.21556,1.13,3.00
2012.09.07 10:54:14.799,1.21545,1.21557,1.13,1.50
2012.09.07 10:54:20.217,1.21545,1.21554,1.13,1.50
2012.09.07 10:54:20.551,1.21536,1.21552,5.07,1.50
2012.09.07 10:54:21.138,1.21536,1.21552,3.95,1.50
2012.09.07 10:54:21.480,1.21537,1.21553,3.00,1.50
2012.09.07 10:54:25.201,1.21538,1.21552,2.45,2.25
2012.09.07 10:54:26.210,1.21537,1.21552,2.45,1.50
2012.09.07 10:54:26.781,1.21536,1.21551,3.95,1.50
2012.09.07 10:54:37.361,1.21536,1.21551,3.20,1.50
2012.09.07 10:54:47.601,1.21536,1.21551,1.70,1.50
2012.09.07 10:54:47.740,1.21533,1.21551,3.00,2.25
2012.09.07 10:54:47.819,1.21533,1.21547,1.88,2.25
2012.09.07 10:54:47.892,1.2153,1.21547,2.23,2.25
2012.09.07 10:54:49.169,1.2153,1.21547,2.98,1.50
2012.09.07 10:54:49.894,1.2153,1.21547,2.98,1.50
2012.09.07 10:54:50.628,1.2153,1.21547,2.98,1.50
2012.09.07 10:54:51.207,1.2153,1.21547,2.98,1.50
2012.09.07 10:54:51.809,1.2153,1.21547,2.98,1.50
2012.09.07 10:54:53.262,1.2153,1.21545,2.25,1.50
2012.09.07 10:54:53.459,1.21528,1.21543,1.70,2.25
2012.09.07 10:55:01.176,1.21527,1.21543,4.70,2.25
2012.09.07 10:55:01.518,1.21536,1.21547,2.45,2.25
2012.09.07 10:55:02.068,1.21537,1.21552,2.45,2.25
2012.09.07 10:55:11.099,1.21537,1.21553,3.95,5.25
2012.09.07 10:55:19.348,1.21537,1.21553,1.70,3.75
2012.09.07 10:55:20.499,1.21532,1.2155,1.50,2.25
2012.09.07 10:55:20.580,1.2153,1.21547,4.48,1.50
2012.09.07 10:55:21.827,1.2153,1.21547,3.73,2.25
2012.09.07 10:55:27.772,1.21528,1.21542,1.50,2.25
2012.09.07 10:55:28.070,1.21524,1.21542,3.30,3.75
2012.09.07 10:55:28.572,1.21523,1.21539,1.65,1.50
2012.09.07 10:55:29.981,1.21526,1.21539,1.50,1.50
2012.09.07 10:55:30.268,1.21526,1.21542,4.55,1.50
2012.09.07 10:55:30.667,1.21526,1.21546,4.55,3.00
2012.09.07 10:55:36.633,1.21526,1.21546,6.05,3.75
2012.09.07 10:55:44.260,1.21526,1.21541,5.85,4.50
2012.09.07 10:55:44.339,1.21526,1.2154,4.50,1.50
2012.09.07 10:55:44.472,1.21525,1.21536,1.48,1.50
2012.09.07 10:55:44.819,1.21527,1.21536,1.50,2.25
2012.09.07 10:55:45.171,1.21525,1.21536,1.50,2.25
2012.09.07 10:55:45.771,1.21526,1.21536,2.25,1.50
2012.09.07 10:55:46.331,1.21526,1.21537,3.00,1.50
2012.09.07 10:55:46.478,1.21526,1.21546,4.50,3.75
2012.09.07 10:55:55.498,1.21526,1.21541,4.50,4.50
2012.09.07 10:55:55.567,1.21526,1.21538,3.00,1.50
2012.09.07 10:55:55.640,1.21526,1.21535,1.50,1.50
2012.09.07 10:55:56.188,1.21522,1.21535,1.70,1.50
2012.09.07 10:55:57.420,1.21522,1.21536,2.42,1.50
2012.09.07 10:55:57.501,1.21526,1.21539,1.50,2.25
2012.09.07 10:55:57.582,1.21527,1.21539,1.50,1.50
2012.09.07 10:55:57.662,1.21527,1.21542,3.00,1.50
2012.09.07 10:55:57.742,1.21527,1.21539,2.25,1.50
2012.09.07 10:55:58.102,1.21517,1.21533,1.65,2.25
2012.09.07 10:55:58.194,1.21516,1.21533,1.65,2.25
2012.09.07 10:55:58.761,1.21516,1.21533,1.65,4.50
2012.09.07 10:55:59.332,1.21515,1.2153,1.20,1.50
2012.09.07 10:56:00.086,1.21515,1.21528,1.50,1.50
2012.09.07 10:56:00.451,1.21513,1.21526,1.50,1.50
2012.09.07 10:56:00.672,1.21513,1.21528,1.70,1.50
2012.09.07 10:56:00.833,1.21514,1.2153,1.50,4.50
2012.09.07 10:56:01.600,1.21514,1.21532,3.00,3.00
2012.09.07 10:56:02.554,1.21512,1.21529,1.50,1.50
2012.09.07 10:56:02.917,1.21512,1.21529,1.50,3.75
2012.09.07 10:56:02.990,1.21512,1.21529,2.25,3.00
2012.09.07 10:56:03.073,1.21515,1.21529,1.50,2.25
2012.09.07 10:56:03.222,1.21509,1.21529,3.00,3.00
2012.09.07 10:56:04.342,1.21514,1.21528,2.25,1.50
2012.09.07 10:56:05.512,1.21509,1.21528,3.00,1.50
2012.09.07 10:56:05.595,1.2152,1.21529,1.50,2.25
2012.09.07 10:56:05.671,1.21523,1.2153,1.70,2.25
2012.09.07 10:56:05.824,1.21525,1.21542,2.45,1.50
2012.09.07 10:56:06.381,1.21525,1.21543,3.20,3.00
2012.09.07 10:56:08.300,1.21525,1.21543,3.80,3.00
2012.09.07 10:56:11.040,1.21528,1.21541,1.70,1.50
2012.09.07 10:56:11.390,1.21526,1.21539,2.25,1.50
2012.09.07 10:56:11.471,1.21526,1.2154,2.25,1.50
2012.09.07 10:56:12.022,1.21528,1.21542,1.50,4.50
2012.09.07 10:56:12.381,1.21528,1.21542,1.50,1.50
2012.09.07 10:56:13.358,1.21526,1.21543,1.70,2.25
2012.09.07 10:56:14.068,1.21525,1.21542,2.45,1.50
2012.09.07 10:56:16.690,1.21524,1.21539,1.32,2.25
2012.09.07 10:56:16.829,1.21526,1.21543,1.70,1.50
2012.09.07 10:56:19.538,1.21527,1.21543,1.50,1.50
2012.09.07 10:56:20.557,1.21529,1.21543,1.50,1.50
2012.09.07 10:56:21.448,1.21527,1.21542,2.25,2.25
2012.09.07 10:56:29.149,1.21527,1.21543,2.25,3.75
2012.09.07 10:56:29.782,1.21535,1.21548,1.50,1.50
2012.09.07 10:56:34.899,1.21533,1.21548,5.45,1.50
2012.09.07 10:56:35.382,1.21533,1.21546,3.75,3.00
2012.09.07 10:56:35.463,1.21529,1.21546,1.50,3.00
2012.09.07 10:56:35.989,1.21527,1.21546,1.70,3.00
2012.09.07 10:56:37.393,1.21526,1.21546,3.95,3.75
2012.09.07 10:56:37.927,1.21526,1.21543,4.70,1.50
2012.09.07 10:56:38.468,1.21526,1.21543,2.45,3.00
2012.09.07 10:56:40.261,1.21526,1.21543,4.70,1.50
2012.09.07 10:56:40.961,1.21526,1.21544,3.95,1.50
2012.09.07 10:56:43.521,1.21526,1.21543,3.20,1.50
2012.09.07 10:56:44.041,1.21526,1.21543,3.20,1.50
2012.09.07 10:56:44.550,1.21526,1.21543,3.20,1.50
2012.09.07 10:56:45.374,1.21526,1.21544,3.95,1.50
2012.09.07 10:56:49.070,1.21533,1.21544,2.25,1.50
2012.09.07 10:56:49.409,1.21534,1.21548,1.88,1.50
2012.09.07 10:56:53.321,1.21529,1.21546,2.45,2.25
2012.09.07 10:56:53.729,1.21529,1.21543,1.50,1.50
2012.09.07 10:56:53.990,1.21527,1.21543,2.45,2.25
2012.09.07 10:56:57.187,1.21526,1.21543,2.45,3.00
2012.09.07 10:57:13.996,1.21531,1.21542,1.35,1.50
2012.09.07 10:57:14.340,1.21541,1.21553,1.50,1.50
2012.09.07 10:57:14.899,1.21539,1.21554,4.32,1.50
2012.09.07 10:57:17.293,1.21538,1.21555,1.70,3.75
2012.09.07 10:57:17.489,1.21539,1.21554,4.88,2.25
2012.09.07 10:57:18.011,1.21539,1.21554,5.07,1.50
2012.09.07 10:57:19.849,1.21541,1.21555,2.45,4.50
2012.09.07 10:57:20.187,1.21545,1.21555,1.50,1.50
2012.09.07 10:57:25.090,1.21541,1.21553,2.45,1.50
2012.09.07 10:57:25.170,1.21541,1.21555,2.45,3.00
2012.09.07 10:57:25.550,1.2154,1.21546,1.50,1.50
2012.09.07 10:57:25.631,1.21528,1.21543,1.73,2.25
2012.09.07 10:57:25.779,1.21527,1.21542,1.50,2.25
2012.09.07 10:57:31.289,1.21525,1.21541,1.50,2.25
2012.09.07 10:57:31.368,1.21523,1.21534,1.88,1.50
2012.09.07 10:57:31.659,1.21517,1.21534,1.48,5.25
2012.09.07 10:57:32.256,1.21517,1.21533,1.48,2.25
2012.09.07 10:57:32.867,1.21517,1.21533,1.48,2.25
2012.09.07 10:57:34.399,1.21517,1.21533,1.48,2.25
2012.09.07 10:57:35.184,1.21517,1.21533,1.48,2.25
2012.09.07 10:57:36.215,1.21517,1.21533,1.48,2.25
2012.09.07 10:57:36.726,1.21517,1.21533,1.48,2.25
2012.09.07 10:57:37.247,1.21518,1.21533,1.48,2.25
2012.09.07 10:57:38.548,1.2152,1.21533,2.25,2.25
2012.09.07 10:57:39.251,1.21518,1.21533,1.48,2.25
2012.09.07 10:57:39.579,1.21518,1.21534,2.25,3.00
2012.09.07 10:57:39.729,1.21521,1.21537,1.50,1.50
2012.09.07 10:57:40.267,1.21521,1.21537,1.50,1.50
2012.09.07 10:57:40.339,1.21521,1.21536,1.50,1.50
2012.09.07 10:57:40.769,1.21521,1.21537,1.50,1.50
2012.09.07 10:57:40.990,1.21517,1.2153,1.50,2.25
2012.09.07 10:57:43.008,1.21515,1.2153,1.50,2.25
2012.09.07 10:57:43.839,1.21512,1.21528,1.50,2.25
2012.09.07 10:57:44.366,1.21512,1.21528,1.50,3.75
2012.09.07 10:57:45.275,1.21517,1.21528,3.00,2.25
2012.09.07 10:57:45.351,1.21518,1.21533,2.25,4.50
2012.09.07 10:57:50.417,1.21517,1.21524,2.25,1.50
2012.09.07 10:57:50.487,1.21513,1.21523,2.98,1.50
2012.09.07 10:57:50.759,1.21506,1.21523,3.17,5.25
2012.09.07 10:57:55.270,1.21507,1.21522,1.70,1.50
2012.09.07 10:57:58.824,1.21507,1.21522,1.70,1.50
2012.09.07 10:58:03.137,1.21507,1.21523,1.70,4.50
2012.09.07 10:58:03.378,1.21507,1.21523,1.70,3.75
2012.09.07 10:58:04.039,1.21507,1.21523,1.70,5.25
2012.09.07 10:58:04.720,1.21507,1.21523,1.70,5.25
2012.09.07 10:58:06.129,1.21505,1.21523,2.42,3.75
2012.09.07 10:58:06.677,1.21509,1.21521,3.75,2.25
2012.09.07 10:58:11.028,1.21509,1.21521,3.75,3.60
2012.09.07 10:58:11.112,1.21503,1.21516,1.48,1.50
2012.09.07 10:58:11.328,1.21501,1.21516,2.25,1.50
2012.09.07 10:58:11.620,1.21499,1.21512,1.48,1.50
2012.09.07 10:58:11.959,1.21497,1.21512,2.25,1.50
2012.09.07 10:58:14.301,1.21497,1.21511,1.50,1.50
2012.09.07 10:58:16.458,1.21497,1.21513,1.50,1.50
2012.09.07 10:58:22.887,1.21498,1.21514,1.50,2.25
2012.09.07 10:58:24.499,1.21498,1.21513,1.50,1.50
2012.09.07 10:58:24.580,1.21498,1.21511,1.50,1.50
2012.09.07 10:58:24.869,1.21498,1.21511,1.50,1.50
2012.09.07 10:58:26.141,1.21498,1.21514,1.50,2.25
2012.09.07 10:58:26.370,1.21504,1.21514,3.95,2.25
2012.09.07 10:58:26.520,1.21498,1.21514,1.50,2.25
2012.09.07 10:58:27.022,1.21498,1.21513,1.50,1.50
2012.09.07 10:58:30.561,1.21501,1.21517,1.50,2.25
2012.09.07 10:58:31.128,1.21501,1.21517,1.50,2.25
2012.09.07 10:58:32.800,1.21506,1.21517,2.45,2.25
2012.09.07 10:58:32.948,1.21506,1.21521,4.70,1.50
2012.09.07 10:58:34.952,1.21506,1.21519,3.75,1.50
2012.09.07 10:58:35.099,1.21502,1.21519,2.98,2.25
2012.09.07 10:58:35.779,1.21502,1.21519,1.50,2.25
2012.09.07 10:58:36.669,1.21503,1.21519,1.48,2.25
2012.09.07 10:58:37.037,1.21506,1.21519,2.25,2.25
2012.09.07 10:58:37.519,1.21502,1.21519,1.50,2.25
2012.09.07 10:58:41.728,1.21502,1.21519,1.50,2.25
2012.09.07 10:58:44.116,1.21498,1.21519,2.25,2.25
2012.09.07 10:58:44.257,1.21498,1.21519,2.25,2.25
2012.09.07 10:58:49.547,1.21498,1.21517,1.50,2.25
2012.09.07 10:58:49.909,1.21504,1.21515,1.70,1.50
2012.09.07 10:58:49.991,1.21506,1.21522,3.20,4.50
2012.09.07 10:58:57.128,1.21506,1.21522,3.95,3.75
2012.09.07 10:59:00.577,1.21506,1.21518,3.00,1.50
2012.09.07 10:59:00.927,1.21502,1.21519,1.50,3.75
2012.09.07 10:59:20.867,1.21503,1.2152,3.20,3.00
2012.09.07 10:59:22.318,1.21503,1.2152,3.95,2.25
2012.09.07 10:59:25.897,1.21502,1.21519,2.25,1.50
2012.09.07 10:59:26.416,1.21501,1.21519,2.83,3.00
2012.09.07 10:59:27.356,1.21504,1.21519,2.10,3.00
2012.09.07 10:59:27.429,1.21506,1.21519,3.05,2.25
2012.09.07 10:59:27.706,1.21506,1.21522,3.05,3.00
2012.09.07 10:59:30.498,1.21506,1.21522,2.45,3.00
2012.09.07 10:59:30.585,1.21501,1.21519,5.98,2.25
2012.09.07 10:59:31.616,1.21501,1.21519,4.48,2.25
2012.09.07 10:59:32.626,1.21503,1.21519,1.67,2.25
2012.09.07 10:59:35.977,1.21501,1.21519,5.25,2.70
2012.09.07 10:59:36.501,1.21502,1.21519,1.50,2.70
2012.09.07 10:59:37.047,1.21501,1.21519,5.25,2.70
2012.09.07 10:59:37.119,1.21502,1.21519,1.73,2.70
2012.09.07 10:59:37.266,1.21501,1.21519,5.25,2.70
2012.09.07 10:59:38.636,1.21501,1.21519,3.75,2.70
2012.09.07 10:59:39.667,1.21506,1.21519,2.25,3.45
2012.09.07 10:59:39.948,1.21506,1.2152,2.45,1.95
2012.09.07 10:59:40.511,1.21506,1.2152,2.45,1.20
2012.09.07 10:59:46.567,1.21506,1.21521,3.20,3.45
2012.09.07 10:59:50.448,1.21507,1.21521,2.45,2.70
2012.09.07 10:59:51.006,1.21507,1.21521,2.45,2.70
2012.09.07 10:59:51.557,1.21507,1.21521,2.45,2.70
2012.09.07 10:59:52.304,1.21506,1.21521,3.20,2.70
2012.09.07 10:59:53.951,1.21506,1.2151,3.95,0.10
2012.09.07 10:59:58.202,1.21505,1.2151,2.25,0.10
2012.09.07 10:59:58.492,1.21504,1.2151,1.50,0.10
