2015.10.29 03:00:02.100,1.08594,1.08611,1.37,1.75
2015.10.29 03:00:02.373,1.08593,1.08611,1.12,1.75
2015.10.29 03:00:13.437,1.08591,1.0861,1.87,1.75
2015.10.29 03:00:14.685,1.08592,1.0861,1.00,1.75
2015.10.29 03:00:17.512,1.08592,1.08611,2.25,1.75
2015.10.29 03:00:23.955,1.08592,1.08611,1.87,1.75
2015.10.29 03:00:24.007,1.08589,1.08608,1.75,1.75
2015.10.29 03:00:24.059,1.08588,1.08607,2.25,1.75
2015.10.29 03:00:24.645,1.08587,1.08606,2.62,1.75
2015.10.29 03:00:26.748,1.08589,1.08605,1.50,1.75
2015.10.29 03:00:26.953,1.08589,1.08606,1.87,1.75
2015.10.29 03:00:27.506,1.0859,1.08606,1.00,1.75
2015.10.29 03:00:29.530,1.08592,1.08607,1.00,1.75
2015.10.29 03:00:30.043,1.08591,1.08607,1.50,1.75
2015.10.29 03:00:31.630,1.08589,1.08607,1.87,1.75
2015.10.29 03:00:31.936,1.08592,1.08607,1.00,1.75
2015.10.29 03:00:32.702,1.0859,1.08608,1.00,1.75
2015.10.29 03:00:33.392,1.08589,1.08607,1.87,1.75
2015.10.29 03:00:37.442,1.08594,1.08609,1.00,1.75
2015.10.29 03:00:40.027,1.08595,1.08609,1.00,1.75
2015.10.29 03:00:40.334,1.08599,1.08614,1.00,1.12
2015.10.29 03:00:40.385,1.08599,1.08615,1.00,1.75
2015.10.29 03:00:41.202,1.08597,1.08616,2.25,1.75
2015.10.29 03:00:53.761,1.08596,1.08614,1.50,1.75
2015.10.29 03:00:54.373,1.08595,1.08614,1.50,1.75
2015.10.29 03:01:26.335,1.08597,1.08616,1.00,1.75
2015.10.29 03:01:27.743,1.08598,1.08617,1.00,1.75
2015.10.29 03:01:29.638,1.08597,1.08616,1.00,1.75
2015.10.29 03:01:30.165,1.08596,1.08615,1.12,1.75
2015.10.29 03:01:35.159,1.08594,1.08613,1.37,1.75
2015.10.29 03:01:35.210,1.08594,1.08613,1.12,1.75
2015.10.29 03:01:40.478,1.08593,1.08612,1.37,1.75
2015.10.29 03:01:40.529,1.08592,1.08611,1.12,1.75
2015.10.29 03:01:45.441,1.08594,1.08611,1.00,1.75
2015.10.29 03:01:47.315,1.08592,1.08611,2.62,1.75
2015.10.29 03:01:49.955,1.08593,1.08611,1.00,1.75
2015.10.29 03:01:50.219,1.08593,1.08612,2.25,1.75
2015.10.29 03:01:50.629,1.08595,1.08614,1.87,1.75
2015.10.29 03:01:51.138,1.08595,1.08614,2.25,1.75
2015.10.29 03:01:54.989,1.08598,1.08614,1.00,1.75
2015.10.29 03:01:55.142,1.08599,1.08618,1.50,1.75
2015.10.29 03:01:55.651,1.08602,1.08619,1.00,1.75
2015.10.29 03:02:01.709,1.08601,1.08618,1.00,1.75
2015.10.29 03:02:05.374,1.08603,1.08618,1.00,1.75
2015.10.29 03:02:05.693,1.08607,1.08622,1.00,1.75
2015.10.29 03:02:05.745,1.08607,1.08622,1.00,1.75
2015.10.29 03:02:05.949,1.08606,1.08623,1.00,1.75
2015.10.29 03:02:06.457,1.08604,1.08623,2.25,1.75
2015.10.29 03:02:10.432,1.08603,1.08621,1.37,1.75
2015.10.29 03:02:10.483,1.08603,1.08621,1.12,1.75
2015.10.29 03:02:36.530,1.08602,1.08621,1.50,1.75
2015.10.29 03:02:36.683,1.08601,1.0862,1.12,1.75
2015.10.29 03:03:19.270,1.08601,1.0862,2.25,1.75
2015.10.29 03:03:37.535,1.08603,1.0862,1.00,1.75
2015.10.29 03:03:38.053,1.08601,1.0862,2.25,1.75
2015.10.29 03:03:39.199,1.08601,1.0862,1.87,1.75
2015.10.29 03:03:56.358,1.08603,1.0862,1.00,1.75
2015.10.29 03:03:56.888,1.08602,1.08621,1.00,2.25
2015.10.29 03:03:57.397,1.08598,1.08617,1.87,1.75
2015.10.29 03:03:57.449,1.08598,1.08617,1.87,1.75
2015.10.29 03:03:57.989,1.08599,1.08618,1.50,1.75
2015.10.29 03:03:59.251,1.08599,1.08618,1.87,1.75
2015.10.29 03:04:19.293,1.08599,1.08614,1.87,1.00
2015.10.29 03:04:21.785,1.086,1.08619,1.37,1.75
2015.10.29 03:04:22.306,1.086,1.08619,1.75,1.75
2015.10.29 03:04:46.070,1.086,1.08619,1.37,1.75
2015.10.29 03:04:46.121,1.086,1.08619,1.12,1.75
2015.10.29 03:05:15.563,1.08601,1.08619,1.00,1.75
2015.10.29 03:05:16.082,1.086,1.08619,1.87,1.75
2015.10.29 03:05:19.198,1.086,1.08619,1.50,1.75
2015.10.29 03:05:30.320,1.086,1.08618,1.75,1.50
2015.10.29 03:05:30.372,1.086,1.08618,1.75,1.50
2015.10.29 03:05:39.210,1.08602,1.08619,1.00,1.75
2015.10.29 03:05:59.231,1.086,1.08617,2.25,1.00
2015.10.29 03:06:21.567,1.08605,1.0862,1.00,1.75
2015.10.29 03:06:21.721,1.08606,1.08621,1.00,1.75
2015.10.29 03:06:21.976,1.08604,1.08621,1.75,1.12
2015.10.29 03:06:23.935,1.08602,1.0862,2.25,1.00
2015.10.29 03:06:23.987,1.08602,1.08618,2.25,1.00
2015.10.29 03:06:24.105,1.08601,1.0862,2.25,1.50
2015.10.29 03:06:39.316,1.08604,1.08621,1.75,1.50
2015.10.29 03:06:42.136,1.08607,1.08626,1.00,1.75
2015.10.29 03:06:42.238,1.08607,1.08626,1.50,1.75
2015.10.29 03:06:42.289,1.08607,1.08626,1.50,1.75
2015.10.29 03:06:42.805,1.08608,1.08627,1.75,1.75
2015.10.29 03:06:55.349,1.0861,1.08629,1.75,1.75
2015.10.29 03:07:38.762,1.08613,1.08629,1.00,1.75
2015.10.29 03:07:39.264,1.08613,1.08627,1.12,1.00
2015.10.29 03:07:42.279,1.08613,1.08631,1.75,1.75
2015.10.29 03:07:51.526,1.08613,1.08631,1.75,1.30
2015.10.29 03:07:51.832,1.08611,1.08627,1.75,1.12
2015.10.29 03:07:52.349,1.0861,1.08626,1.75,1.00
2015.10.29 03:07:54.616,1.08611,1.08627,1.75,1.12
2015.10.29 03:07:54.922,1.08611,1.0863,2.25,1.50
2015.10.29 03:08:01.397,1.08612,1.08631,1.50,1.75
2015.10.29 03:08:01.448,1.08612,1.08631,1.12,1.75
2015.10.29 03:08:02.009,1.0861,1.08626,1.12,1.75
2015.10.29 03:08:03.819,1.08609,1.08625,1.00,1.75
2015.10.29 03:08:04.402,1.0861,1.08624,1.00,1.75
2015.10.29 03:08:09.114,1.08609,1.08624,1.00,1.75
2015.10.29 03:08:10.244,1.08608,1.08627,1.12,1.75
2015.10.29 03:08:11.138,1.08605,1.08626,2.25,1.75
2015.10.29 03:08:11.478,1.08608,1.08626,1.00,1.75
2015.10.29 03:08:19.223,1.08608,1.08626,1.00,1.75
2015.10.29 03:08:26.742,1.08606,1.08625,1.50,1.75
2015.10.29 03:08:27.048,1.08608,1.08626,1.00,1.75
2015.10.29 03:08:28.502,1.08609,1.08626,1.00,1.75
2015.10.29 03:08:29.575,1.0861,1.08627,1.00,2.62
2015.10.29 03:08:30.259,1.0861,1.08627,1.00,2.25
2015.10.29 03:08:30.783,1.08606,1.08626,1.50,1.75
2015.10.29 03:08:31.300,1.08608,1.08626,1.00,1.75
2015.10.29 03:08:31.351,1.0861,1.08626,1.00,1.75
2015.10.29 03:08:31.910,1.08609,1.08626,1.00,1.75
2015.10.29 03:08:33.770,1.08611,1.08627,1.00,1.75
2015.10.29 03:08:34.075,1.08608,1.08627,1.00,1.75
2015.10.29 03:08:36.511,1.08606,1.08626,2.25,1.75
2015.10.29 03:09:35.261,1.08604,1.08623,1.50,2.25
2015.10.29 03:09:38.468,1.08605,1.08623,1.75,1.50
2015.10.29 03:09:38.775,1.08608,1.08625,2.25,1.50
2015.10.29 03:09:39.296,1.08608,1.08625,2.25,1.75
2015.10.29 03:09:40.230,1.08606,1.08624,1.50,1.75
2015.10.29 03:09:40.283,1.08604,1.08623,1.75,1.75
2015.10.29 03:09:41.955,1.08609,1.08625,1.00,1.75
2015.10.29 03:09:42.058,1.08609,1.08626,1.12,1.75
2015.10.29 03:09:50.471,1.08608,1.08624,1.12,1.50
2015.10.29 03:09:50.999,1.08604,1.08623,1.75,1.75
2015.10.29 03:09:58.967,1.08606,1.08625,2.25,1.75
2015.10.29 03:09:59.018,1.08606,1.08625,2.25,1.75
2015.10.29 03:09:59.547,1.08603,1.08622,1.75,1.00
2015.10.29 03:10:00.489,1.08606,1.08625,1.75,1.75
2015.10.29 03:10:00.694,1.08608,1.08627,1.75,1.75
2015.10.29 03:10:01.198,1.08605,1.08624,1.75,1.00
2015.10.29 03:10:01.301,1.08605,1.08624,1.75,1.50
2015.10.29 03:10:04.913,1.08605,1.08624,1.75,1.00
2015.10.29 03:10:08.539,1.08607,1.08626,2.25,1.50
2015.10.29 03:10:09.204,1.08609,1.08627,1.75,1.12
2015.10.29 03:10:14.806,1.08607,1.08626,1.75,1.12
2015.10.29 03:10:14.858,1.08607,1.08626,1.75,1.50
2015.10.29 03:10:21.595,1.08609,1.08628,1.75,1.50
2015.10.29 03:10:21.646,1.08609,1.08628,1.75,1.50
2015.10.29 03:10:39.262,1.08613,1.08632,1.50,3.00
2015.10.29 03:11:23.784,1.08614,1.08632,1.50,1.37
2015.10.29 03:11:23.835,1.08614,1.08633,1.75,1.50
2015.10.29 03:11:24.142,1.08616,1.08635,1.75,1.50
2015.10.29 03:11:39.261,1.08619,1.08634,1.00,1.37
2015.10.29 03:11:54.694,1.08614,1.08633,1.75,1.37
2015.10.29 03:11:55.219,1.08616,1.08633,1.50,1.75
2015.10.29 03:11:59.367,1.08616,1.08634,1.75,1.75
2015.10.29 03:12:03.947,1.08613,1.08632,1.75,1.37
2015.10.29 03:12:04.486,1.08613,1.08632,1.75,1.75
2015.10.29 03:12:09.713,1.08617,1.08635,1.37,1.75
2015.10.29 03:12:09.968,1.08622,1.08639,2.25,1.37
2015.10.29 03:12:15.636,1.08619,1.08638,2.25,1.37
2015.10.29 03:12:16.153,1.0862,1.08639,1.75,1.75
2015.10.29 03:12:19.226,1.08621,1.08639,1.00,1.75
2015.10.29 03:12:19.568,1.08618,1.08637,1.50,1.75
2015.10.29 03:12:19.925,1.08616,1.08635,1.75,1.75
2015.10.29 03:12:20.230,1.08611,1.08629,1.75,1.00
2015.10.29 03:12:20.385,1.0861,1.08627,1.75,1.12
2015.10.29 03:12:20.436,1.08606,1.08624,1.75,1.00
2015.10.29 03:12:20.590,1.08603,1.08622,1.75,1.12
2015.10.29 03:12:20.641,1.08601,1.0862,1.75,1.12
2015.10.29 03:12:20.794,1.08599,1.08618,1.75,1.12
2015.10.29 03:12:20.883,1.08599,1.08618,1.75,1.37
2015.10.29 03:12:21.395,1.08599,1.08618,1.75,1.75
2015.10.29 03:12:31.146,1.08599,1.08618,1.75,1.75
2015.10.29 03:12:31.667,1.08596,1.08615,1.75,1.50
2015.10.29 03:12:32.763,1.08597,1.08616,1.50,1.75
2015.10.29 03:12:33.475,1.08598,1.08617,1.75,3.00
2015.10.29 03:12:35.172,1.08596,1.08615,1.75,1.75
2015.10.29 03:12:39.194,1.08598,1.08617,1.50,1.75
2015.10.29 03:12:44.378,1.08596,1.08615,1.75,1.75
2015.10.29 03:12:44.734,1.08598,1.08617,1.50,1.75
2015.10.29 03:12:45.099,1.08596,1.08615,1.50,1.75
2015.10.29 03:12:45.711,1.08596,1.08615,1.75,1.75
2015.10.29 03:12:46.017,1.08597,1.08616,1.12,1.75
2015.10.29 03:12:49.276,1.08596,1.08609,1.50,1.00
2015.10.29 03:12:49.421,1.08593,1.08612,1.00,1.75
2015.10.29 03:12:49.524,1.08594,1.08613,1.12,2.25
2015.10.29 03:12:49.627,1.08594,1.08609,1.00,1.75
2015.10.29 03:12:49.730,1.08592,1.08609,1.12,1.75
2015.10.29 03:12:49.832,1.08593,1.08609,1.50,1.50
2015.10.29 03:12:51.713,1.08593,1.08609,1.00,1.75
2015.10.29 03:12:53.322,1.08592,1.08609,1.12,1.75
2015.10.29 03:13:01.333,1.08593,1.08611,1.00,1.75
2015.10.29 03:13:01.537,1.08594,1.08611,1.87,1.75
2015.10.29 03:13:02.352,1.08595,1.08611,1.00,1.75
2015.10.29 03:13:05.988,1.08594,1.08612,1.12,1.75
2015.10.29 03:13:06.245,1.08592,1.08609,1.12,1.75
2015.10.29 03:13:11.445,1.08589,1.08607,1.50,1.75
2015.10.29 03:13:11.970,1.08591,1.08607,1.00,1.75
2015.10.29 03:13:12.175,1.08592,1.08607,1.87,1.50
2015.10.29 03:13:12.533,1.08594,1.08607,1.00,1.50
2015.10.29 03:13:13.081,1.08593,1.0861,1.00,1.75
2015.10.29 03:13:13.590,1.08592,1.08607,1.12,1.50
2015.10.29 03:13:18.547,1.08593,1.0861,1.00,1.75
2015.10.29 03:13:19.268,1.08593,1.0861,1.12,1.75
2015.10.29 03:13:22.303,1.08595,1.08609,1.00,1.75
2015.10.29 03:13:22.507,1.08593,1.08609,1.12,1.75
2015.10.29 03:13:23.391,1.08594,1.08609,1.00,1.75
2015.10.29 03:13:27.344,1.08593,1.08609,1.12,1.75
2015.10.29 03:13:32.707,1.08596,1.08608,1.00,1.50
2015.10.29 03:13:33.216,1.08596,1.08608,1.00,1.00
2015.10.29 03:13:34.478,1.08596,1.0861,1.00,1.50
2015.10.29 03:13:35.597,1.08595,1.0861,2.25,1.00
2015.10.29 03:13:39.182,1.08595,1.0861,1.50,1.12
2015.10.29 03:13:56.598,1.08597,1.08613,1.00,1.75
2015.10.29 03:13:56.904,1.08597,1.08613,2.25,1.50
2015.10.29 03:13:59.207,1.08596,1.08613,1.50,1.75
2015.10.29 03:14:07.340,1.08595,1.08612,1.87,1.75
2015.10.29 03:14:10.326,1.08593,1.0861,1.12,1.75
2015.10.29 03:14:27.410,1.08591,1.08605,1.75,1.00
2015.10.29 03:14:27.665,1.08589,1.08605,1.75,1.12
2015.10.29 03:14:27.971,1.08588,1.08605,1.50,1.75
2015.10.29 03:15:00.058,1.08587,1.08602,1.75,1.00
2015.10.29 03:15:07.613,1.08588,1.08604,1.50,1.50
2015.10.29 03:15:07.919,1.08589,1.08604,1.75,1.00
2015.10.29 03:15:08.429,1.08591,1.08604,1.50,1.12
2015.10.29 03:15:08.943,1.08592,1.08604,1.00,1.12
2015.10.29 03:15:11.866,1.08591,1.08604,1.00,1.12
2015.10.29 03:15:12.394,1.0859,1.08604,1.12,1.12
2015.10.29 03:15:19.222,1.08589,1.08605,1.12,1.75
2015.10.29 03:15:27.959,1.08589,1.08604,1.00,1.75
2015.10.29 03:15:28.011,1.08587,1.08604,1.12,1.75
2015.10.29 03:15:28.573,1.08585,1.08602,1.87,1.75
2015.10.29 03:15:33.781,1.08585,1.08602,1.75,1.50
2015.10.29 03:15:49.728,1.08587,1.08598,1.12,1.00
2015.10.29 03:15:50.085,1.08585,1.086,1.50,1.12
2015.10.29 03:15:50.373,1.08584,1.086,1.12,1.75
2015.10.29 03:16:01.368,1.08583,1.08597,1.50,1.00
2015.10.29 03:16:02.036,1.08581,1.08597,1.75,1.37
2015.10.29 03:16:02.551,1.08581,1.08597,1.50,1.50
2015.10.29 03:16:07.230,1.08581,1.08596,1.75,1.00
2015.10.29 03:16:07.383,1.08582,1.08599,1.75,1.50
2015.10.29 03:16:07.537,1.08584,1.08599,1.75,1.00
2015.10.29 03:16:12.127,1.08585,1.08599,1.75,1.00
2015.10.29 03:16:13.004,1.08585,1.08601,1.75,1.00
2015.10.29 03:16:26.774,1.08584,1.08601,1.75,1.50
2015.10.29 03:16:27.362,1.08584,1.08599,1.75,1.00
2015.10.29 03:16:33.286,1.08584,1.08598,1.75,1.00
2015.10.29 03:16:33.389,1.08584,1.08601,2.25,1.50
2015.10.29 03:16:33.543,1.08585,1.08598,1.50,1.00
2015.10.29 03:16:38.158,1.08584,1.08601,1.75,1.50
2015.10.29 03:16:39.284,1.08584,1.08601,1.75,1.12
2015.10.29 03:16:43.181,1.08584,1.08599,1.75,1.00
2015.10.29 03:16:48.080,1.08584,1.08599,1.50,1.12
2015.10.29 03:16:49.657,1.08584,1.08596,1.50,1.00
2015.10.29 03:16:49.810,1.08581,1.08596,1.75,1.00
2015.10.29 03:16:50.165,1.08581,1.08596,1.12,1.50
2015.10.29 03:16:53.742,1.08582,1.08596,1.00,2.25
2015.10.29 03:16:54.963,1.08581,1.08596,1.12,1.50
2015.10.29 03:16:56.191,1.08581,1.08595,1.00,1.75
2015.10.29 03:16:59.144,1.08582,1.08595,1.00,1.75
2015.10.29 03:17:03.637,1.08581,1.08596,1.00,1.75
2015.10.29 03:17:11.541,1.08582,1.08596,1.00,1.75
2015.10.29 03:17:18.253,1.08583,1.08596,1.00,1.75
2015.10.29 03:17:20.243,1.08582,1.08596,1.00,2.25
2015.10.29 03:17:20.794,1.08578,1.08596,2.25,2.25
2015.10.29 03:17:36.646,1.0858,1.08596,1.00,1.75
2015.10.29 03:17:39.218,1.0858,1.08596,1.00,1.75
2015.10.29 03:17:40.141,1.08579,1.08596,1.00,1.75
2015.10.29 03:17:59.184,1.08579,1.08593,1.12,1.00
2015.10.29 03:18:03.239,1.0858,1.08596,1.00,1.75
2015.10.29 03:18:04.454,1.08581,1.08596,1.00,1.75
2015.10.29 03:18:04.823,1.08578,1.08596,1.50,1.75
2015.10.29 03:18:07.861,1.08577,1.08596,1.37,1.75
2015.10.29 03:18:07.912,1.08577,1.08596,1.12,1.75
2015.10.29 03:18:19.242,1.08576,1.08594,1.00,1.75
2015.10.29 03:18:28.160,1.08574,1.08592,1.50,1.75
2015.10.29 03:18:28.427,1.08576,1.08595,1.12,1.75
2015.10.29 03:18:28.580,1.08574,1.08593,2.25,1.75
2015.10.29 03:18:28.683,1.08575,1.08593,1.50,1.75
2015.10.29 03:18:30.789,1.08574,1.08593,1.75,1.50
2015.10.29 03:18:33.415,1.08574,1.08591,1.75,1.00
2015.10.29 03:18:33.979,1.08574,1.08591,1.75,1.50
2015.10.29 03:18:34.598,1.08571,1.0859,1.75,1.75
2015.10.29 03:18:46.379,1.08572,1.0859,1.50,1.75
2015.10.29 03:18:46.887,1.08572,1.0859,1.12,1.75
2015.10.29 03:18:54.392,1.08569,1.08588,1.75,1.75
2015.10.29 03:18:54.902,1.08569,1.08588,1.50,1.75
2015.10.29 03:18:56.533,1.08568,1.08585,1.50,1.50
2015.10.29 03:18:56.944,1.08568,1.08587,1.75,1.75
2015.10.29 03:18:57.403,1.08569,1.08588,1.50,1.75
2015.10.29 03:18:57.952,1.08569,1.08588,1.75,1.75
2015.10.29 03:19:04.668,1.08573,1.08592,1.00,1.75
2015.10.29 03:19:04.770,1.08574,1.08592,1.12,1.75
2015.10.29 03:19:04.873,1.08576,1.08593,1.00,2.25
2015.10.29 03:19:05.397,1.08572,1.08591,2.25,1.75
2015.10.29 03:19:09.060,1.08575,1.08592,1.00,1.75
2015.10.29 03:19:09.264,1.08575,1.08593,1.50,1.75
2015.10.29 03:19:13.558,1.08573,1.08588,1.75,1.00
2015.10.29 03:19:13.813,1.08572,1.0859,1.75,1.12
2015.10.29 03:19:19.608,1.08573,1.08589,1.75,1.00
2015.10.29 03:19:19.812,1.08571,1.08589,1.75,1.50
2015.10.29 03:19:26.488,1.08573,1.08592,1.75,1.75
2015.10.29 03:19:27.874,1.08572,1.08591,1.50,2.25
2015.10.29 03:19:27.925,1.08571,1.0859,1.50,1.75
2015.10.29 03:19:28.671,1.08569,1.08588,1.75,2.25
2015.10.29 03:19:28.977,1.08567,1.08586,1.75,1.75
2015.10.29 03:19:29.514,1.08565,1.08584,1.75,1.75
2015.10.29 03:19:29.973,1.08565,1.08584,1.50,1.75
2015.10.29 03:19:30.025,1.08565,1.08584,1.12,1.75
2015.10.29 03:19:30.778,1.08564,1.08582,1.12,1.75
2015.10.29 03:19:31.290,1.08563,1.0858,1.12,1.75
2015.10.29 03:19:32.860,1.08561,1.0858,1.50,1.75
2015.10.29 03:19:33.384,1.0856,1.08579,1.50,2.25
2015.10.29 03:19:35.254,1.08563,1.08581,1.00,1.75
2015.10.29 03:19:35.407,1.08564,1.08583,1.00,1.75
2015.10.29 03:19:35.676,1.08564,1.08583,2.25,1.75
2015.10.29 03:19:54.211,1.0856,1.08578,1.75,1.37
2015.10.29 03:19:54.262,1.08559,1.08578,2.25,1.75
2015.10.29 03:19:55.335,1.08559,1.08578,2.25,1.75
2015.10.29 03:20:19.250,1.08558,1.08575,1.75,1.00
2015.10.29 03:20:39.308,1.08561,1.08578,1.00,1.75
2015.10.29 03:20:42.637,1.08562,1.08578,1.00,1.75
2015.10.29 03:20:43.554,1.08561,1.08578,1.00,1.75
2015.10.29 03:20:57.314,1.08563,1.08582,1.00,1.75
2015.10.29 03:20:57.416,1.08564,1.08583,1.12,1.75
2015.10.29 03:20:57.968,1.08565,1.08584,1.00,2.25
2015.10.29 03:20:58.126,1.08565,1.08584,1.50,2.25
2015.10.29 03:21:10.445,1.08561,1.08579,1.75,1.00
2015.10.29 03:21:10.548,1.08561,1.08579,1.75,1.37
2015.10.29 03:21:10.599,1.08561,1.08579,1.75,1.75
2015.10.29 03:21:11.935,1.0856,1.08578,1.75,1.50
2015.10.29 03:21:12.467,1.08559,1.08578,2.25,1.75
2015.10.29 03:21:16.908,1.08558,1.08577,2.25,1.75
2015.10.29 03:21:25.290,1.0856,1.08577,1.00,1.75
2015.10.29 03:21:25.803,1.08559,1.08577,1.87,1.75
2015.10.29 03:21:27.160,1.0856,1.08579,1.00,1.75
2015.10.29 03:21:27.262,1.0856,1.08579,1.50,1.75
2015.10.29 03:21:29.474,1.08562,1.08581,1.00,1.75
2015.10.29 03:21:36.531,1.0856,1.08578,1.50,1.75
2015.10.29 03:21:36.719,1.08559,1.08578,1.87,1.75
2015.10.29 03:21:55.507,1.0856,1.08577,1.00,1.75
2015.10.29 03:21:55.869,1.08562,1.08578,1.00,1.75
2015.10.29 03:21:56.510,1.08561,1.08578,1.00,1.75
2015.10.29 03:21:57.912,1.08559,1.08578,2.62,1.75
2015.10.29 03:21:59.269,1.08559,1.08574,2.62,1.00
2015.10.29 03:22:08.915,1.0856,1.08578,1.37,1.75
2015.10.29 03:22:09.424,1.0856,1.08578,1.75,1.75
2015.10.29 03:22:13.897,1.08563,1.08582,1.00,1.75
2015.10.29 03:22:14.101,1.08563,1.08582,1.50,1.75
2015.10.29 03:22:19.263,1.08564,1.08583,1.50,2.25
2015.10.29 03:22:23.273,1.08563,1.08582,1.12,2.85
2015.10.29 03:22:23.677,1.08559,1.08578,1.75,1.75
2015.10.29 03:22:30.360,1.08561,1.08578,1.37,1.75
2015.10.29 03:22:30.878,1.08562,1.08581,1.50,1.75
2015.10.29 03:22:46.950,1.08562,1.08581,1.37,1.75
2015.10.29 03:22:47.103,1.08561,1.0858,1.12,2.25
2015.10.29 03:22:47.382,1.0856,1.08578,1.12,1.75
2015.10.29 03:22:47.536,1.08557,1.08575,1.12,1.75
2015.10.29 03:22:48.489,1.08556,1.08572,1.12,1.50
2015.10.29 03:22:48.642,1.08555,1.08572,1.60,1.75
2015.10.29 03:22:48.744,1.08556,1.08572,1.30,1.75
2015.10.29 03:22:48.795,1.08555,1.08572,2.10,1.50
2015.10.29 03:22:49.305,1.08556,1.08572,1.75,1.12
2015.10.29 03:22:49.610,1.08558,1.08572,1.00,1.75
2015.10.29 03:22:54.703,1.08556,1.08573,1.72,1.75
2015.10.29 03:22:54.754,1.08557,1.08574,1.67,1.75
2015.10.29 03:22:56.637,1.08558,1.08577,2.10,1.75
2015.10.29 03:22:56.944,1.08559,1.08577,1.75,1.50
2015.10.29 03:22:57.249,1.08559,1.08577,3.00,1.75
2015.10.29 03:23:10.419,1.08562,1.08578,1.00,1.75
2015.10.29 03:23:12.698,1.08563,1.08578,1.00,1.75
2015.10.29 03:23:13.480,1.08562,1.08578,1.00,1.75
2015.10.29 03:23:13.982,1.08562,1.08571,1.00,1.00
2015.10.29 03:23:14.135,1.0856,1.08571,1.12,1.00
2015.10.29 03:23:14.664,1.08558,1.0857,1.75,1.00
2015.10.29 03:23:17.029,1.08558,1.0857,1.50,1.00
2015.10.29 03:23:17.625,1.08557,1.0857,3.00,1.00
2015.10.29 03:23:19.032,1.08557,1.08571,2.25,1.00
2015.10.29 03:23:23.477,1.08557,1.0857,1.50,1.00
2015.10.29 03:23:27.269,1.08556,1.08571,2.25,1.00
2015.10.29 03:23:36.717,1.08557,1.08572,1.50,1.12
2015.10.29 03:23:39.272,1.08557,1.08572,1.50,1.00
2015.10.29 03:23:43.306,1.08556,1.08572,1.50,1.50
2015.10.29 03:23:49.126,1.08559,1.08574,1.00,1.75
2015.10.29 03:23:49.228,1.08557,1.08574,2.62,1.75
2015.10.29 03:23:51.207,1.08558,1.08574,1.00,1.75
2015.10.29 03:23:51.720,1.08559,1.08574,1.00,1.75
2015.10.29 03:23:51.873,1.08556,1.08574,1.50,1.75
2015.10.29 03:23:59.193,1.08556,1.08572,1.50,1.00
2015.10.29 03:24:19.235,1.08557,1.08573,1.00,1.50
2015.10.29 03:24:34.555,1.08556,1.08575,1.50,2.25
2015.10.29 03:24:35.065,1.08556,1.08575,1.75,2.25
2015.10.29 03:24:59.309,1.08556,1.08575,1.75,1.75
2015.10.29 03:25:31.673,1.08561,1.08576,1.00,1.75
2015.10.29 03:25:31.775,1.08561,1.08576,1.00,1.75
2015.10.29 03:25:32.331,1.0856,1.08576,1.12,1.75
2015.10.29 03:25:39.257,1.08559,1.08576,1.00,1.75
2015.10.29 03:25:59.193,1.08559,1.08576,1.00,1.75
2015.10.29 03:26:01.768,1.08557,1.08576,2.25,1.75
2015.10.29 03:26:19.206,1.08558,1.08573,1.37,1.00
2015.10.29 03:26:27.249,1.0856,1.08576,1.00,1.75
2015.10.29 03:26:27.457,1.08561,1.08579,1.12,1.75
2015.10.29 03:26:27.668,1.08561,1.0858,1.75,1.75
2015.10.29 03:26:39.268,1.08561,1.08578,1.50,1.75
2015.10.29 03:26:41.304,1.08561,1.0858,1.75,1.75
2015.10.29 03:26:41.356,1.08561,1.0858,1.75,1.75
2015.10.29 03:26:41.458,1.08561,1.0858,1.50,1.75
2015.10.29 03:26:52.426,1.08563,1.08582,1.00,1.75
2015.10.29 03:26:52.788,1.08567,1.08582,1.00,1.75
2015.10.29 03:26:59.262,1.08567,1.08584,1.00,1.75
2015.10.29 03:27:04.068,1.08568,1.08584,1.00,1.75
2015.10.29 03:27:04.272,1.08569,1.08584,1.00,1.75
2015.10.29 03:27:04.630,1.08567,1.08584,1.12,1.75
2015.10.29 03:27:05.430,1.08567,1.08584,1.12,1.75
2015.10.29 03:27:05.981,1.08567,1.08584,1.00,1.75
2015.10.29 03:27:08.050,1.08565,1.08583,1.12,1.75
2015.10.29 03:27:11.243,1.08567,1.08584,1.00,1.75
2015.10.29 03:27:15.175,1.08569,1.08584,1.00,1.75
2015.10.29 03:27:17.063,1.08568,1.08584,1.00,1.75
2015.10.29 03:27:19.243,1.08568,1.08584,1.00,1.75
2015.10.29 03:27:24.567,1.08569,1.08584,1.00,1.75
2015.10.29 03:27:25.117,1.0857,1.08584,1.00,1.75
2015.10.29 03:27:25.219,1.08568,1.08584,1.00,1.75
2015.10.29 03:27:25.963,1.08566,1.08584,1.12,1.75
2015.10.29 03:27:26.220,1.08563,1.08582,1.75,2.25
2015.10.29 03:27:26.425,1.08562,1.08581,1.12,2.25
2015.10.29 03:27:39.252,1.08561,1.0858,1.87,1.75
2015.10.29 03:28:28.332,1.0856,1.08579,1.50,1.75
2015.10.29 03:28:29.465,1.08559,1.08577,1.87,1.75
2015.10.29 03:29:07.540,1.0856,1.08577,1.00,1.75
2015.10.29 03:29:19.228,1.0856,1.08579,1.12,1.75
2015.10.29 03:29:47.070,1.0856,1.08579,2.25,1.75
2015.10.29 03:29:57.349,1.08559,1.08578,1.50,1.75
2015.10.29 03:29:57.690,1.08556,1.08571,1.75,1.00
2015.10.29 03:29:59.292,1.08557,1.08571,1.12,1.12
2015.10.29 03:30:00.734,1.08555,1.0857,1.75,1.00
2015.10.29 03:30:01.051,1.08555,1.0857,1.12,1.50
2015.10.29 03:30:02.742,1.08555,1.08568,1.72,1.50
2015.10.29 03:30:02.794,1.08555,1.08566,1.72,1.00
2015.10.29 03:30:03.100,1.08554,1.08563,1.30,1.00
2015.10.29 03:30:03.627,1.08554,1.08564,1.60,1.00
2015.10.29 03:30:04.160,1.08554,1.08567,1.60,1.50
2015.10.29 03:30:04.618,1.08554,1.08569,1.72,1.50
2015.10.29 03:30:14.518,1.08554,1.08567,1.72,1.00
2015.10.29 03:30:15.028,1.08555,1.08569,1.35,1.50
2015.10.29 03:30:19.334,1.08555,1.08569,1.35,1.75
2015.10.29 03:30:27.088,1.08555,1.08566,1.35,1.00
2015.10.29 03:30:27.629,1.08555,1.08568,1.35,1.50
2015.10.29 03:30:39.864,1.08554,1.08566,1.60,1.00
2015.10.29 03:30:40.068,1.08554,1.08563,1.60,1.00
2015.10.29 03:30:40.585,1.08548,1.08564,4.35,1.87
2015.10.29 03:30:41.145,1.08551,1.08564,1.35,1.00
2015.10.29 03:30:41.248,1.08551,1.08565,1.35,1.00
2015.10.29 03:30:41.655,1.08549,1.08565,1.75,1.37
2015.10.29 03:30:41.757,1.08549,1.08565,2.10,1.50
2015.10.29 03:30:42.276,1.08551,1.08563,1.35,1.50
2015.10.29 03:30:43.744,1.08551,1.08564,1.35,1.00
2015.10.29 03:30:44.507,1.08552,1.08562,1.72,1.00
2015.10.29 03:30:47.419,1.08552,1.08562,1.72,1.00
2015.10.29 03:30:47.927,1.08552,1.08563,1.72,1.00
2015.10.29 03:30:48.588,1.08552,1.08563,1.72,1.00
2015.10.29 03:30:49.095,1.08552,1.08563,1.72,1.00
2015.10.29 03:30:52.438,1.08552,1.08563,1.72,1.00
2015.10.29 03:30:52.946,1.08552,1.08564,1.72,1.00
2015.10.29 03:30:53.470,1.08552,1.08564,1.72,1.00
2015.10.29 03:30:54.641,1.08551,1.08562,2.10,1.00
2015.10.29 03:30:54.915,1.08551,1.08566,1.35,1.87
2015.10.29 03:30:55.172,1.08551,1.08564,1.35,1.00
2015.10.29 03:30:55.695,1.08551,1.08563,1.35,1.00
2015.10.29 03:30:56.231,1.08558,1.08563,1.00,1.00
2015.10.29 03:30:56.383,1.08556,1.08567,1.30,1.00
2015.10.29 03:30:56.537,1.08561,1.08571,1.00,1.50
2015.10.29 03:30:56.741,1.08561,1.08579,1.50,1.75
2015.10.29 03:30:56.844,1.08561,1.08579,2.25,1.75
2015.10.29 03:30:56.997,1.08562,1.0858,1.37,1.75
2015.10.29 03:30:57.507,1.08561,1.08579,1.75,2.25
2015.10.29 03:30:57.854,1.0856,1.08579,1.75,2.25
2015.10.29 03:31:05.637,1.08559,1.08577,1.50,2.25
2015.10.29 03:31:05.936,1.08555,1.08571,1.67,1.50
2015.10.29 03:31:06.193,1.08555,1.08566,1.67,1.00
2015.10.29 03:31:06.498,1.08555,1.08568,1.67,1.00
2015.10.29 03:31:07.007,1.08555,1.08567,1.67,1.00
2015.10.29 03:31:09.165,1.08555,1.08569,1.67,1.50
2015.10.29 03:31:09.369,1.08553,1.08567,1.35,1.00
2015.10.29 03:31:17.183,1.08554,1.08567,1.30,1.50
2015.10.29 03:31:22.356,1.08552,1.08567,1.35,1.87
2015.10.29 03:31:27.124,1.08555,1.0857,1.30,3.00
2015.10.29 03:31:27.634,1.08554,1.08569,1.35,1.12
2015.10.29 03:31:28.159,1.08555,1.0857,1.30,2.25
2015.10.29 03:31:29.841,1.08555,1.08568,1.30,1.00
2015.10.29 03:31:30.150,1.08553,1.08565,1.35,1.00
2015.10.29 03:31:30.676,1.08552,1.08564,1.35,1.00
2015.10.29 03:31:31.148,1.08552,1.08567,1.35,2.62
2015.10.29 03:31:31.668,1.08552,1.08567,1.35,1.87
2015.10.29 03:31:32.708,1.08552,1.08566,1.35,1.00
2015.10.29 03:31:33.271,1.08552,1.08565,1.35,1.00
2015.10.29 03:31:33.476,1.08552,1.08567,1.35,2.62
2015.10.29 03:31:33.987,1.08553,1.08569,1.72,1.75
2015.10.29 03:31:34.190,1.08554,1.08569,1.35,1.12
2015.10.29 03:31:35.671,1.08555,1.08571,1.72,2.25
2015.10.29 03:31:36.441,1.08554,1.08571,2.10,2.25
2015.10.29 03:31:37.440,1.08555,1.0857,1.30,2.25
2015.10.29 03:31:37.645,1.08554,1.08571,2.10,2.25
2015.10.29 03:31:38.172,1.08556,1.08571,1.67,1.87
2015.10.29 03:31:38.999,1.08566,1.08571,1.00,1.12
2015.10.29 03:31:39.050,1.08557,1.08571,1.72,1.12
2015.10.29 03:31:39.102,1.08559,1.08573,1.00,1.75
2015.10.29 03:31:39.285,1.08561,1.08574,1.00,1.00
2015.10.29 03:31:39.642,1.08557,1.08574,1.75,1.37
2015.10.29 03:31:40.153,1.08556,1.08574,1.35,2.25
2015.10.29 03:32:01.033,1.08555,1.0857,1.35,1.00
2015.10.29 03:32:01.339,1.08555,1.08567,1.35,1.00
2015.10.29 03:32:01.646,1.08555,1.0857,1.35,1.00
2015.10.29 03:32:06.378,1.08555,1.08571,1.35,1.00
2015.10.29 03:32:07.046,1.08555,1.08572,1.35,2.62
2015.10.29 03:32:07.593,1.08555,1.08571,2.10,1.00
2015.10.29 03:32:08.241,1.08556,1.08572,1.35,1.12
2015.10.29 03:32:09.568,1.08555,1.08571,1.35,1.00
2015.10.29 03:32:10.076,1.08555,1.08572,2.10,1.87
2015.10.29 03:32:15.262,1.08555,1.08571,1.35,1.00
2015.10.29 03:32:15.912,1.08555,1.08572,1.35,1.87
2015.10.29 03:32:21.380,1.08555,1.08571,2.10,1.00
2015.10.29 03:32:23.197,1.08555,1.0857,1.35,1.00
2015.10.29 03:32:23.300,1.08555,1.08567,1.35,1.00
2015.10.29 03:32:23.414,1.08555,1.08569,1.35,1.00
2015.10.29 03:32:23.926,1.08555,1.0857,1.35,1.00
2015.10.29 03:32:26.277,1.08555,1.08571,1.35,1.50
2015.10.29 03:32:29.443,1.08555,1.08572,2.10,1.12
2015.10.29 03:32:29.952,1.08555,1.08571,2.10,1.50
2015.10.29 03:32:30.465,1.08555,1.0857,1.35,1.00
2015.10.29 03:32:31.356,1.08555,1.08569,1.35,1.00
2015.10.29 03:32:35.713,1.08555,1.08571,1.35,1.50
2015.10.29 03:32:44.087,1.08556,1.08569,1.75,1.00
2015.10.29 03:32:44.596,1.08555,1.08568,1.35,1.00
2015.10.29 03:32:45.344,1.08555,1.08569,1.35,1.00
2015.10.29 03:32:50.380,1.08555,1.0857,2.10,1.50
2015.10.29 03:32:55.285,1.08555,1.08569,2.10,1.00
2015.10.29 03:32:59.264,1.08555,1.08569,2.10,1.00
2015.10.29 03:33:08.066,1.08555,1.08571,2.10,1.87
2015.10.29 03:33:14.359,1.08557,1.08573,1.50,1.87
2015.10.29 03:33:14.411,1.08557,1.08573,1.75,1.87
2015.10.29 03:33:17.113,1.08557,1.08572,1.75,1.00
2015.10.29 03:33:17.520,1.08557,1.08572,1.12,1.50
2015.10.29 03:33:17.877,1.08557,1.08567,1.12,1.00
2015.10.29 03:33:30.176,1.08555,1.08566,2.10,1.00
2015.10.29 03:33:31.499,1.08554,1.08565,2.10,1.00
2015.10.29 03:33:31.606,1.08555,1.08565,1.30,1.00
2015.10.29 03:33:32.118,1.08554,1.08565,2.10,1.00
2015.10.29 03:33:32.627,1.08555,1.08564,1.30,1.00
2015.10.29 03:33:39.319,1.08555,1.08563,1.30,1.00
2015.10.29 03:33:45.283,1.08555,1.08562,1.30,1.00
2015.10.29 03:33:45.335,1.08555,1.0856,1.30,1.00
2015.10.29 03:33:45.641,1.0855,1.08558,1.35,1.00
2015.10.29 03:33:45.693,1.0855,1.08557,1.35,1.00
2015.10.29 03:33:45.935,1.08548,1.0856,1.12,1.00
2015.10.29 03:33:46.038,1.08552,1.08559,1.35,1.00
2015.10.29 03:33:46.140,1.08552,1.08561,1.35,1.00
2015.10.29 03:33:46.701,1.08552,1.08561,1.35,1.00
2015.10.29 03:33:47.209,1.08554,1.08561,1.67,1.00
2015.10.29 03:33:48.637,1.08554,1.08561,1.35,1.00
2015.10.29 03:33:48.825,1.08554,1.08563,2.10,1.00
2015.10.29 03:33:48.877,1.08555,1.08567,1.35,1.00
2015.10.29 03:33:48.980,1.08556,1.08569,1.67,1.00
2015.10.29 03:33:49.082,1.08556,1.08571,1.67,1.12
2015.10.29 03:33:49.184,1.08556,1.08571,1.35,1.00
2015.10.29 03:33:49.492,1.08555,1.08568,1.35,1.00
2015.10.29 03:33:51.718,1.08556,1.08569,1.35,1.00
2015.10.29 03:33:52.077,1.08555,1.08566,1.35,1.00
2015.10.29 03:33:52.485,1.08555,1.08568,1.35,1.00
2015.10.29 03:33:52.986,1.08555,1.08567,1.35,1.00
2015.10.29 03:33:53.504,1.08555,1.08565,1.35,1.00
2015.10.29 03:33:58.883,1.08555,1.08565,1.35,1.00
2015.10.29 03:33:59.503,1.08555,1.08564,1.35,1.00
2015.10.29 03:33:59.605,1.08555,1.08564,1.67,1.00
2015.10.29 03:34:01.287,1.08555,1.08563,1.67,1.00
2015.10.29 03:34:01.433,1.08555,1.08561,1.67,1.00
2015.10.29 03:34:01.535,1.08556,1.08566,1.30,1.00
2015.10.29 03:34:01.793,1.08556,1.08566,1.35,1.00
2015.10.29 03:34:01.844,1.08556,1.08571,1.35,1.50
2015.10.29 03:34:02.200,1.08556,1.08568,1.35,1.00
2015.10.29 03:34:04.146,1.08556,1.08569,1.35,1.00
2015.10.29 03:34:10.656,1.08555,1.0857,2.85,1.00
2015.10.29 03:34:15.293,1.08556,1.08569,1.75,1.00
2015.10.29 03:34:15.598,1.08555,1.08564,1.67,1.00
2015.10.29 03:34:15.954,1.08555,1.08566,1.67,1.00
2015.10.29 03:34:16.056,1.08555,1.08564,1.67,1.00
2015.10.29 03:34:16.473,1.08555,1.08566,1.67,1.00
2015.10.29 03:34:16.728,1.08556,1.08567,1.35,1.00
2015.10.29 03:34:17.244,1.08556,1.08568,1.35,1.00
2015.10.29 03:34:19.227,1.08556,1.08568,1.67,1.00
2015.10.29 03:34:19.676,1.08555,1.0857,2.10,1.50
2015.10.29 03:34:36.822,1.08555,1.08571,2.10,1.12
2015.10.29 03:34:39.271,1.08556,1.08572,2.10,2.62
2015.10.29 03:34:40.158,1.08555,1.08571,1.35,1.50
2015.10.29 03:34:40.361,1.08555,1.08568,1.35,1.00
2015.10.29 03:34:40.876,1.08555,1.08569,1.35,1.00
2015.10.29 03:34:41.234,1.08555,1.08568,1.67,1.50
2015.10.29 03:34:41.286,1.08555,1.08563,1.67,1.00
2015.10.29 03:34:41.694,1.08553,1.08565,1.35,1.00
2015.10.29 03:34:42.228,1.08553,1.08566,1.35,1.50
2015.10.29 03:34:43.122,1.08553,1.08565,1.35,1.00
2015.10.29 03:34:44.889,1.08553,1.08563,1.35,1.00
2015.10.29 03:34:48.258,1.08553,1.08564,1.35,1.00
2015.10.29 03:34:48.766,1.08553,1.08565,1.35,1.00
2015.10.29 03:35:00.511,1.08553,1.08566,2.10,1.00
2015.10.29 03:35:01.021,1.08553,1.08567,2.10,1.00
2015.10.29 03:35:01.530,1.08556,1.08568,1.30,1.00
2015.10.29 03:35:09.290,1.08555,1.08566,1.67,1.00
2015.10.29 03:35:09.805,1.08555,1.08565,1.67,1.00
2015.10.29 03:35:11.951,1.08555,1.08566,1.67,1.00
2015.10.29 03:35:12.461,1.08555,1.08564,1.67,1.00
2015.10.29 03:35:12.979,1.08553,1.08564,2.10,1.00
2015.10.29 03:35:18.509,1.08554,1.08565,1.72,1.00
2015.10.29 03:35:19.417,1.08555,1.08567,1.30,1.00
2015.10.29 03:35:20.075,1.08555,1.08564,1.30,1.00
2015.10.29 03:35:21.590,1.08554,1.08564,1.35,1.00
2015.10.29 03:35:22.099,1.08554,1.08565,2.10,1.00
2015.10.29 03:35:22.479,1.08555,1.08567,1.72,1.00
2015.10.29 03:35:22.987,1.08555,1.08568,1.72,1.00
2015.10.29 03:35:23.547,1.08556,1.08568,1.67,1.00
2015.10.29 03:35:24.914,1.08556,1.08567,1.67,1.00
2015.10.29 03:35:25.219,1.08556,1.08565,1.67,1.00
2015.10.29 03:35:25.759,1.08556,1.08566,1.67,1.00
2015.10.29 03:35:29.543,1.08556,1.08568,1.67,1.00
2015.10.29 03:35:37.556,1.08554,1.08568,2.10,1.00
2015.10.29 03:35:39.524,1.08555,1.08568,1.30,1.00
2015.10.29 03:35:40.659,1.08555,1.08567,1.30,1.00
2015.10.29 03:35:50.516,1.08554,1.08566,2.10,1.00
2015.10.29 03:35:58.893,1.08554,1.08567,2.10,1.00
2015.10.29 03:35:59.402,1.08554,1.08567,2.10,1.00
2015.10.29 03:36:04.930,1.08554,1.08566,2.10,1.00
2015.10.29 03:36:05.498,1.08554,1.08566,1.72,1.00
2015.10.29 03:36:07.496,1.08554,1.08566,2.10,1.00
2015.10.29 03:36:19.579,1.08553,1.08564,2.10,1.00
2015.10.29 03:36:19.884,1.08553,1.08562,2.10,1.00
2015.10.29 03:36:19.936,1.08553,1.08564,2.10,1.00
2015.10.29 03:36:20.079,1.08553,1.08564,1.67,1.00
2015.10.29 03:36:20.589,1.08553,1.08565,2.10,1.00
2015.10.29 03:36:20.792,1.08553,1.08567,2.10,1.00
2015.10.29 03:36:20.996,1.08553,1.08565,2.10,1.00
2015.10.29 03:36:23.098,1.08553,1.08563,1.67,1.00
2015.10.29 03:36:23.408,1.08553,1.08565,1.67,1.00
2015.10.29 03:36:24.070,1.08554,1.08564,1.30,1.00
2015.10.29 03:36:29.128,1.08554,1.08566,1.30,1.00
2015.10.29 03:36:31.910,1.08554,1.08566,2.10,1.00
2015.10.29 03:36:33.640,1.08554,1.08566,1.12,1.00
2015.10.29 03:36:34.218,1.08554,1.08567,2.10,1.00
2015.10.29 03:36:38.517,1.08554,1.08566,2.10,1.00
2015.10.29 03:36:44.769,1.08554,1.08565,1.75,1.00
2015.10.29 03:36:45.280,1.08553,1.08564,1.35,1.00
2015.10.29 03:36:46.333,1.08553,1.08565,1.67,1.00
2015.10.29 03:36:46.537,1.08553,1.08563,1.67,1.00
2015.10.29 03:36:47.983,1.0855,1.08561,1.75,1.00
2015.10.29 03:36:48.086,1.08548,1.08563,1.12,1.00
2015.10.29 03:36:48.137,1.08548,1.08563,1.12,1.00
2015.10.29 03:36:48.240,1.08548,1.08563,1.12,1.50
2015.10.29 03:36:48.555,1.08548,1.08561,1.12,1.00
2015.10.29 03:36:50.469,1.08546,1.0856,1.75,1.00
2015.10.29 03:36:50.673,1.08545,1.0856,2.25,1.00
2015.10.29 03:36:50.799,1.08545,1.08556,1.75,1.00
2015.10.29 03:36:55.233,1.08545,1.08557,1.75,1.00
2015.10.29 03:36:58.433,1.08545,1.08558,2.25,1.00
2015.10.29 03:36:59.088,1.08545,1.08557,2.25,1.00
2015.10.29 03:36:59.428,1.08545,1.08559,2.25,1.00
2015.10.29 03:36:59.633,1.08547,1.08561,1.75,1.00
2015.10.29 03:37:00.148,1.08547,1.0856,1.75,1.00
2015.10.29 03:37:00.960,1.08547,1.08561,1.75,1.00
2015.10.29 03:37:15.591,1.08547,1.0856,1.75,1.00
2015.10.29 03:37:16.885,1.08548,1.08563,1.75,1.00
2015.10.29 03:37:19.308,1.08548,1.08563,1.75,1.00
2015.10.29 03:37:21.927,1.08549,1.08562,1.50,1.00
2015.10.29 03:37:27.357,1.08549,1.08563,1.50,1.00
2015.10.29 03:37:27.880,1.0855,1.08564,1.12,1.12
2015.10.29 03:37:28.185,1.0855,1.08564,1.75,1.00
2015.10.29 03:37:29.541,1.0855,1.08565,1.75,1.00
2015.10.29 03:37:29.592,1.0855,1.08565,1.12,1.50
2015.10.29 03:37:30.101,1.0855,1.08563,1.12,1.00
2015.10.29 03:37:43.280,1.08549,1.08562,1.50,1.00
2015.10.29 03:37:43.534,1.08548,1.08559,1.75,1.00
2015.10.29 03:37:43.906,1.08547,1.08558,1.50,1.00
2015.10.29 03:37:44.161,1.08547,1.08556,1.50,1.00
2015.10.29 03:37:51.075,1.08547,1.08558,1.50,1.00
2015.10.29 03:37:56.040,1.08546,1.08557,2.25,1.00
2015.10.29 03:37:56.142,1.08546,1.08557,1.12,1.00
2015.10.29 03:37:59.256,1.08545,1.08557,1.12,1.00
2015.10.29 03:38:02.429,1.08546,1.08558,1.00,1.00
2015.10.29 03:38:02.753,1.08547,1.08562,1.12,2.25
2015.10.29 03:38:20.356,1.08547,1.08562,1.75,1.00
2015.10.29 03:38:27.165,1.08547,1.08561,1.75,1.00
2015.10.29 03:38:27.623,1.08547,1.08564,1.75,1.50
2015.10.29 03:38:27.930,1.08547,1.0856,2.25,1.00
2015.10.29 03:38:29.842,1.08547,1.08562,2.25,1.00
2015.10.29 03:38:30.351,1.08547,1.08563,2.25,1.12
2015.10.29 03:38:54.714,1.08546,1.08564,2.25,1.00
2015.10.29 03:38:55.238,1.08546,1.08567,2.25,1.75
2015.10.29 03:38:59.245,1.08546,1.08567,2.25,2.25
2015.10.29 03:39:19.271,1.08547,1.08568,1.75,1.50
2015.10.29 03:39:24.965,1.08549,1.08566,1.75,1.00
2015.10.29 03:39:25.169,1.08544,1.08566,2.25,1.50
2015.10.29 03:39:28.043,1.08544,1.08564,1.75,1.00
2015.10.29 03:39:28.552,1.08544,1.08565,1.75,1.87
2015.10.29 03:39:49.089,1.08549,1.08569,1.75,1.12
2015.10.29 03:39:49.588,1.0855,1.08571,1.75,1.12
2015.10.29 03:39:52.496,1.08549,1.08569,1.12,1.00
2015.10.29 03:39:52.815,1.08548,1.08567,1.75,1.00
2015.10.29 03:39:53.070,1.08548,1.08569,1.75,1.87
2015.10.29 03:39:53.487,1.08548,1.08567,1.75,1.00
2015.10.29 03:39:53.692,1.08548,1.08567,1.75,1.12
2015.10.29 03:39:55.918,1.08547,1.08568,2.62,1.00
2015.10.29 03:39:57.041,1.08549,1.08569,1.75,1.12
2015.10.29 03:39:57.427,1.08551,1.08572,1.75,2.25
2015.10.29 03:39:57.733,1.08558,1.08574,1.75,1.00
2015.10.29 03:39:58.242,1.08557,1.08575,1.75,1.00
2015.10.29 03:40:09.327,1.08554,1.08574,1.87,1.00
2015.10.29 03:40:09.530,1.08552,1.08574,3.75,1.50
2015.10.29 03:40:09.937,1.08552,1.08571,1.75,1.00
2015.10.29 03:40:10.506,1.08551,1.08571,1.75,1.87
2015.10.29 03:40:11.629,1.08551,1.08569,1.75,1.00
2015.10.29 03:40:11.861,1.08556,1.08572,1.50,1.50
2015.10.29 03:40:11.912,1.08563,1.08576,1.00,1.75
2015.10.29 03:40:11.964,1.08558,1.08576,1.87,1.75
2015.10.29 03:40:12.015,1.08558,1.0858,3.00,1.75
2015.10.29 03:40:12.324,1.08562,1.08582,1.75,1.50
2015.10.29 03:40:17.123,1.08559,1.08582,3.00,1.75
2015.10.29 03:40:24.237,1.08558,1.08581,2.25,1.75
2015.10.29 03:40:39.297,1.08555,1.08577,3.00,1.50
2015.10.29 03:40:52.094,1.08558,1.08579,1.75,1.50
2015.10.29 03:40:59.219,1.08556,1.08579,3.37,1.75
2015.10.29 03:41:08.788,1.08561,1.08583,1.75,1.75
2015.10.29 03:41:08.839,1.08561,1.08583,1.75,1.75
2015.10.29 03:41:10.906,1.08564,1.08586,1.75,1.75
2015.10.29 03:41:11.417,1.08568,1.08589,1.75,1.75
2015.10.29 03:41:11.934,1.08568,1.0859,1.75,1.75
2015.10.29 03:41:17.731,1.08575,1.08591,1.00,1.75
2015.10.29 03:41:17.833,1.08575,1.08593,1.75,2.25
2015.10.29 03:41:17.935,1.08573,1.08593,2.25,1.00
2015.10.29 03:41:18.101,1.08573,1.08593,1.75,1.50
2015.10.29 03:41:19.233,1.08573,1.08594,1.75,1.75
2015.10.29 03:41:35.851,1.08571,1.08592,1.75,1.75
2015.10.29 03:41:38.646,1.08574,1.08595,1.75,2.25
2015.10.29 03:41:38.697,1.08574,1.08595,2.25,1.75
2015.10.29 03:41:44.452,1.08573,1.08593,1.75,2.25
2015.10.29 03:41:44.504,1.08573,1.08594,1.75,2.25
2015.10.29 03:41:49.132,1.08576,1.08593,1.00,1.75
2015.10.29 03:41:50.348,1.08575,1.08592,1.12,1.75
2015.10.29 03:42:04.997,1.08576,1.08593,1.00,1.75
2015.10.29 03:42:05.200,1.08576,1.08592,1.50,1.50
2015.10.29 03:43:02.167,1.08578,1.08594,1.00,1.75
2015.10.29 03:43:11.191,1.08576,1.08593,1.50,1.75
2015.10.29 03:43:15.721,1.08578,1.08595,1.00,1.75
2015.10.29 03:43:15.823,1.08579,1.08595,1.12,1.75
2015.10.29 03:43:17.093,1.0858,1.08595,1.00,1.75
2015.10.29 03:43:17.297,1.0858,1.08597,1.75,1.12
2015.10.29 03:43:17.506,1.08579,1.08595,1.75,1.12
2015.10.29 03:43:21.666,1.08579,1.08594,1.75,1.00
2015.10.29 03:43:25.306,1.08578,1.08595,1.75,1.12
2015.10.29 03:43:25.612,1.08583,1.08597,1.00,1.75
2015.10.29 03:43:36.585,1.08582,1.08595,1.00,1.12
2015.10.29 03:43:39.319,1.08583,1.08597,1.00,1.75
2015.10.29 03:43:39.647,1.08582,1.08595,1.00,1.75
2015.10.29 03:43:39.752,1.08579,1.08594,1.12,1.50
2015.10.29 03:43:40.514,1.0858,1.08594,1.00,1.50
2015.10.29 03:43:53.267,1.08579,1.08594,1.12,1.50
2015.10.29 03:43:58.152,1.0858,1.08594,1.00,1.50
2015.10.29 03:43:58.668,1.08581,1.08594,1.00,1.50
2015.10.29 03:44:00.436,1.08579,1.08594,1.12,1.50
2015.10.29 03:44:10.099,1.08582,1.08596,1.00,1.75
2015.10.29 03:44:11.354,1.08581,1.08596,1.00,1.75
2015.10.29 03:44:28.968,1.08582,1.08597,1.00,1.75
2015.10.29 03:44:29.019,1.08582,1.08597,1.00,1.75
2015.10.29 03:44:29.566,1.08584,1.08597,1.00,1.75
2015.10.29 03:44:29.923,1.08583,1.086,1.87,1.75
2015.10.29 03:44:30.448,1.08584,1.086,1.00,1.75
2015.10.29 03:44:37.398,1.08583,1.086,1.87,1.75
2015.10.29 03:44:38.033,1.08584,1.08598,1.00,1.50
2015.10.29 03:44:43.581,1.08585,1.08599,1.00,1.75
2015.10.29 03:44:52.148,1.08584,1.086,1.50,1.75
2015.10.29 03:44:57.782,1.08585,1.086,1.00,1.75
2015.10.29 03:44:59.225,1.08585,1.08598,1.00,1.00
2015.10.29 03:44:59.956,1.08586,1.086,1.00,1.75
2015.10.29 03:45:01.952,1.08588,1.08602,1.00,1.75
2015.10.29 03:45:04.956,1.08588,1.08604,1.12,1.75
2015.10.29 03:45:05.059,1.0859,1.08604,1.00,1.75
2015.10.29 03:45:05.456,1.08586,1.08605,2.25,1.75
2015.10.29 03:45:19.287,1.08588,1.08604,1.50,1.50
2015.10.29 03:45:38.813,1.08592,1.08607,1.00,2.25
2015.10.29 03:45:39.220,1.0859,1.08607,1.12,1.75
2015.10.29 03:45:39.577,1.08592,1.08607,1.00,2.25
2015.10.29 03:45:39.934,1.08594,1.08611,1.50,1.75
2015.10.29 03:45:40.018,1.08596,1.08611,1.00,1.75
2015.10.29 03:45:40.121,1.08598,1.08611,1.00,1.75
2015.10.29 03:45:41.909,1.08596,1.08613,1.00,1.75
2015.10.29 03:45:42.417,1.08595,1.08613,1.87,1.75
2015.10.29 03:45:46.044,1.08595,1.08605,1.12,1.00
2015.10.29 03:45:46.146,1.0859,1.08605,1.50,1.12
2015.10.29 03:45:46.248,1.08589,1.08601,1.75,1.00
2015.10.29 03:45:46.399,1.08588,1.08605,1.50,1.75
2015.10.29 03:45:49.377,1.08591,1.08608,1.00,1.87
2015.10.29 03:45:49.582,1.08592,1.08611,1.50,1.75
2015.10.29 03:45:49.635,1.08593,1.08612,1.12,1.75
2015.10.29 03:45:49.694,1.08596,1.08612,1.00,1.75
2015.10.29 03:45:50.219,1.08595,1.08611,1.00,1.75
2015.10.29 03:45:50.743,1.08594,1.08612,1.00,1.75
2015.10.29 03:45:51.483,1.08595,1.08613,1.00,3.00
2015.10.29 03:45:52.326,1.08596,1.08611,1.00,1.75
2015.10.29 03:45:52.462,1.08592,1.08608,1.50,1.50
2015.10.29 03:45:52.566,1.08595,1.08608,1.00,1.50
2015.10.29 03:45:52.772,1.08593,1.0861,1.12,1.87
2015.10.29 03:45:53.077,1.08592,1.08608,1.00,1.75
2015.10.29 03:45:53.650,1.0859,1.08608,2.25,1.75
2015.10.29 03:45:56.171,1.08594,1.08608,1.00,2.25
2015.10.29 03:45:56.497,1.08596,1.08612,1.00,1.75
2015.10.29 03:45:56.549,1.08596,1.08612,1.00,1.75
2015.10.29 03:45:57.060,1.08597,1.08613,1.00,1.75
2015.10.29 03:45:57.594,1.08596,1.08613,1.00,1.75
2015.10.29 03:45:57.952,1.08596,1.08613,1.50,1.75
2015.10.29 03:45:59.081,1.08593,1.08611,2.25,1.37
2015.10.29 03:45:59.184,1.08594,1.0861,1.00,1.50
2015.10.29 03:46:00.659,1.08594,1.08611,1.87,1.75
2015.10.29 03:46:01.204,1.08596,1.08613,1.12,1.75
2015.10.29 03:46:05.059,1.08594,1.0861,1.37,1.50
2015.10.29 03:46:05.111,1.08593,1.0861,1.50,1.75
2015.10.29 03:46:05.671,1.08591,1.0861,2.25,2.25
2015.10.29 03:46:07.646,1.08593,1.0861,1.00,2.25
2015.10.29 03:46:08.416,1.08592,1.08608,1.12,1.75
2015.10.29 03:46:12.333,1.08593,1.08609,1.00,2.25
2015.10.29 03:46:12.690,1.08594,1.08609,1.12,1.50
2015.10.29 03:46:13.233,1.08595,1.08612,1.00,2.25
2015.10.29 03:46:14.803,1.08595,1.08612,1.37,2.25
2015.10.29 03:46:15.311,1.08597,1.08613,1.00,1.75
2015.10.29 03:46:17.660,1.08595,1.08613,2.25,1.75
2015.10.29 03:46:18.278,1.08594,1.0861,1.50,1.37
2015.10.29 03:46:18.791,1.08593,1.0861,1.50,1.75
2015.10.29 03:46:19.324,1.08593,1.0861,1.12,2.25
2015.10.29 03:46:21.551,1.08591,1.08608,1.50,1.50
2015.10.29 03:46:22.070,1.08591,1.08608,1.12,2.25
2015.10.29 03:46:29.511,1.08591,1.08608,1.50,1.50
2015.10.29 03:46:29.562,1.08591,1.08608,1.75,1.50
2015.10.29 03:46:30.816,1.08592,1.08608,1.37,2.25
2015.10.29 03:46:31.400,1.08592,1.08608,1.00,2.25
2015.10.29 03:46:34.723,1.08592,1.08608,1.00,2.25
2015.10.29 03:46:35.268,1.08592,1.08609,1.00,2.25
2015.10.29 03:46:35.756,1.08592,1.08609,1.12,2.25
2015.10.29 03:46:36.225,1.08594,1.08609,1.00,2.25
2015.10.29 03:46:37.854,1.08593,1.08609,1.00,1.75
2015.10.29 03:46:38.982,1.08592,1.08609,1.12,1.75
2015.10.29 03:46:41.738,1.08593,1.08609,1.00,1.75
2015.10.29 03:46:45.138,1.08594,1.0861,1.00,1.75
2015.10.29 03:46:45.548,1.08595,1.08611,1.00,1.75
2015.10.29 03:46:45.701,1.08597,1.08612,1.00,2.25
2015.10.29 03:46:46.124,1.08595,1.08612,1.00,1.75
2015.10.29 03:46:49.762,1.08597,1.08613,1.00,2.25
2015.10.29 03:46:49.968,1.08598,1.08614,1.00,1.75
2015.10.29 03:46:50.172,1.08599,1.08615,1.00,1.75
2015.10.29 03:46:50.326,1.08596,1.08609,1.75,1.00
2015.10.29 03:46:50.524,1.08592,1.08611,2.25,1.00
2015.10.29 03:46:50.576,1.08592,1.08611,2.25,1.75
2015.10.29 03:46:51.447,1.0859,1.08609,1.75,1.75
2015.10.29 03:46:51.499,1.0859,1.08608,1.75,1.75
2015.10.29 03:46:51.742,1.08587,1.08606,1.75,1.75
2015.10.29 03:46:52.872,1.08586,1.08605,2.25,1.75
2015.10.29 03:47:02.058,1.08589,1.08606,1.00,1.75
2015.10.29 03:47:02.413,1.0859,1.08607,1.12,2.25
2015.10.29 03:47:03.220,1.08591,1.08607,1.00,1.75
2015.10.29 03:47:03.836,1.08589,1.08607,1.50,1.75
2015.10.29 03:47:04.503,1.08588,1.08606,1.50,1.75
2015.10.29 03:47:05.022,1.08588,1.08606,1.12,2.25
2015.10.29 03:47:08.493,1.08585,1.08601,1.75,1.37
2015.10.29 03:47:09.008,1.08584,1.08601,1.75,1.50
2015.10.29 03:47:12.310,1.08587,1.08603,1.00,2.25
2015.10.29 03:47:16.816,1.08587,1.08604,1.37,1.75
2015.10.29 03:47:17.336,1.08586,1.08603,1.50,1.50
2015.10.29 03:47:17.847,1.08585,1.08604,3.00,1.75
2015.10.29 03:47:18.152,1.08588,1.08605,1.87,1.75
2015.10.29 03:47:19.330,1.08587,1.08604,1.12,2.25
2015.10.29 03:47:21.957,1.08586,1.08602,1.12,1.50
2015.10.29 03:47:38.041,1.08585,1.086,1.12,1.50
2015.10.29 03:47:38.797,1.08586,1.08601,1.00,1.75
2015.10.29 03:47:39.310,1.08586,1.08601,1.00,1.75
2015.10.29 03:47:43.411,1.08585,1.08601,1.00,1.75
2015.10.29 03:47:45.484,1.08586,1.08601,1.00,1.75
2015.10.29 03:47:46.735,1.08587,1.08602,1.00,3.00
2015.10.29 03:47:46.787,1.08587,1.08602,1.00,3.00
2015.10.29 03:47:47.307,1.08588,1.08605,1.00,1.75
2015.10.29 03:47:47.359,1.08588,1.08605,1.12,1.75
2015.10.29 03:47:47.615,1.08591,1.08606,1.00,2.25
2015.10.29 03:47:49.174,1.0859,1.08606,1.00,2.25
2015.10.29 03:47:59.290,1.0859,1.08607,1.12,1.75
2015.10.29 03:47:59.394,1.08592,1.08608,1.00,1.75
2015.10.29 03:47:59.701,1.08594,1.08609,1.00,2.25
2015.10.29 03:48:00.052,1.08594,1.08609,1.00,2.25
2015.10.29 03:48:03.444,1.08595,1.08609,1.00,1.75
2015.10.29 03:48:07.855,1.08594,1.08609,1.00,1.75
2015.10.29 03:48:18.092,1.08593,1.0861,1.00,1.75
2015.10.29 03:48:19.242,1.08593,1.08607,1.12,1.00
2015.10.29 03:48:26.898,1.08594,1.0861,1.00,1.75
2015.10.29 03:48:27.000,1.08597,1.0861,1.00,1.75
2015.10.29 03:48:27.205,1.08597,1.08614,1.00,2.25
2015.10.29 03:48:27.307,1.086,1.08614,1.00,1.75
2015.10.29 03:48:27.410,1.086,1.08615,1.00,1.75
2015.10.29 03:48:29.101,1.08599,1.08616,1.12,2.25
2015.10.29 03:48:29.626,1.08598,1.08615,1.12,1.75
2015.10.29 03:48:31.070,1.08597,1.08615,1.12,1.75
2015.10.29 03:48:34.894,1.08598,1.08615,1.00,1.75
2015.10.29 03:48:38.237,1.08596,1.08614,1.50,1.75
2015.10.29 03:48:49.032,1.08595,1.08613,1.37,1.75
2015.10.29 03:48:49.084,1.08595,1.08613,1.12,1.75
2015.10.29 03:48:57.925,1.08596,1.08612,1.00,1.75
2015.10.29 03:48:58.335,1.08599,1.08614,1.00,1.75
2015.10.29 03:48:58.438,1.08599,1.08617,1.00,1.75
2015.10.29 03:48:58.592,1.08601,1.08617,1.00,1.75
2015.10.29 03:48:59.168,1.08601,1.08612,1.00,1.00
2015.10.29 03:48:59.321,1.08599,1.08616,1.00,1.75
2015.10.29 03:49:03.513,1.086,1.08616,1.00,1.75
2015.10.29 03:49:12.228,1.08599,1.08616,1.00,1.75
2015.10.29 03:49:13.237,1.08599,1.08614,1.00,1.75
2015.10.29 03:49:13.340,1.08596,1.08614,1.00,1.75
2015.10.29 03:49:13.850,1.08595,1.08612,1.12,1.12
2015.10.29 03:49:14.305,1.08595,1.08612,1.00,1.87
2015.10.29 03:49:16.927,1.08594,1.08612,1.00,1.87
2015.10.29 03:49:19.208,1.08594,1.08608,1.12,1.00
2015.10.29 03:49:19.722,1.08592,1.0861,1.50,1.75
2015.10.29 03:49:20.067,1.08595,1.0861,1.00,1.75
2015.10.29 03:49:23.757,1.08597,1.08612,1.00,2.25
2015.10.29 03:49:23.859,1.08595,1.08612,1.00,1.75
2015.10.29 03:49:26.584,1.08595,1.08612,1.00,1.75
2015.10.29 03:49:26.842,1.08597,1.08613,1.00,2.25
2015.10.29 03:49:27.148,1.08599,1.08615,1.00,1.75
2015.10.29 03:49:34.437,1.08598,1.08614,1.00,1.12
2015.10.29 03:49:34.590,1.086,1.08617,1.00,1.75
2015.10.29 03:49:34.693,1.086,1.08619,1.50,1.75
2015.10.29 03:49:34.833,1.08603,1.08622,1.00,1.75
2015.10.29 03:49:35.140,1.08609,1.08624,1.00,1.75
2015.10.29 03:49:35.650,1.08608,1.08623,1.00,1.75
2015.10.29 03:49:39.248,1.08608,1.08623,1.00,1.75
2015.10.29 03:49:41.714,1.08609,1.08624,1.00,1.75
2015.10.29 03:49:42.779,1.0861,1.08626,1.00,1.75
2015.10.29 03:49:42.932,1.08613,1.08625,1.00,1.50
2015.10.29 03:49:42.983,1.08613,1.08625,1.00,1.75
2015.10.29 03:49:43.034,1.08608,1.08625,1.12,1.75
2015.10.29 03:49:43.195,1.08611,1.08625,1.00,1.75
2015.10.29 03:49:43.348,1.08607,1.08624,1.50,1.75
2015.10.29 03:49:43.655,1.08607,1.08624,1.12,1.75
2015.10.29 03:49:44.942,1.08606,1.08623,1.12,1.75
2015.10.29 03:49:47.275,1.08603,1.08621,1.75,1.50
2015.10.29 03:49:47.531,1.08601,1.08619,1.50,1.75
2015.10.29 03:49:49.477,1.08596,1.08615,2.25,1.37
2015.10.29 03:49:49.630,1.08595,1.08614,1.75,1.75
2015.10.29 03:49:49.885,1.08595,1.08614,1.75,1.75
2015.10.29 03:49:50.434,1.08593,1.08611,2.25,1.50
2015.10.29 03:49:59.177,1.08595,1.08611,1.50,1.50
2015.10.29 03:50:04.496,1.08595,1.08611,1.37,1.50
2015.10.29 03:50:04.916,1.08594,1.08613,2.25,1.75
2015.10.29 03:50:05.421,1.08596,1.08615,1.00,2.25
2015.10.29 03:50:07.323,1.08597,1.08615,1.00,1.75
2015.10.29 03:50:07.375,1.086,1.08617,1.00,1.87
2015.10.29 03:50:07.528,1.08601,1.08619,1.00,2.25
2015.10.29 03:50:07.631,1.08601,1.08619,1.50,2.25
2015.10.29 03:50:19.214,1.08601,1.08618,1.50,1.75
2015.10.29 03:50:36.941,1.08601,1.0862,1.37,1.75
2015.10.29 03:50:37.451,1.08596,1.08613,1.75,1.00
2015.10.29 03:50:37.604,1.08592,1.08611,1.75,1.00
2015.10.29 03:50:37.706,1.08592,1.0861,1.75,1.12
2015.10.29 03:50:37.816,1.08592,1.0861,1.75,1.87
2015.10.29 03:50:38.071,1.0859,1.08609,2.25,2.25
2015.10.29 03:50:39.549,1.08589,1.08604,1.75,1.00
2015.10.29 03:50:39.806,1.08588,1.08605,1.75,1.50
2015.10.29 03:50:50.577,1.08586,1.08605,2.25,1.75
2015.10.29 03:50:50.713,1.08586,1.08605,2.25,1.75
2015.10.29 03:50:59.314,1.08588,1.08605,1.00,1.75
2015.10.29 03:51:14.171,1.08587,1.08605,1.12,1.75
2015.10.29 03:51:19.350,1.08587,1.08605,1.50,1.75
2015.10.29 03:51:52.285,1.08585,1.08602,1.50,1.75
2015.10.29 03:52:00.839,1.08587,1.08604,1.00,1.75
2015.10.29 03:52:01.348,1.08586,1.08604,1.12,1.75
2015.10.29 03:52:04.094,1.08587,1.08604,1.00,1.75
2015.10.29 03:52:04.614,1.08586,1.08604,1.12,1.75
2015.10.29 03:52:10.082,1.08586,1.08605,1.87,1.75
2015.10.29 03:52:10.593,1.08588,1.08607,1.87,1.75
2015.10.29 03:52:19.247,1.08587,1.08606,2.25,1.75
2015.10.29 03:52:25.244,1.08586,1.08604,1.75,2.25
2015.10.29 03:52:25.759,1.08585,1.086,1.75,1.00
2015.10.29 03:52:26.268,1.08585,1.08599,1.75,1.00
2015.10.29 03:52:31.455,1.08585,1.08601,1.75,1.12
2015.10.29 03:52:41.039,1.08586,1.08604,1.75,2.25
2015.10.29 03:52:43.029,1.08586,1.08603,1.50,1.50
2015.10.29 03:52:43.080,1.08586,1.08603,1.50,1.75
2015.10.29 03:52:48.413,1.08588,1.08605,1.00,1.75
2015.10.29 03:52:48.465,1.08591,1.08607,1.00,1.75
2015.10.29 03:52:48.567,1.08592,1.08607,1.12,1.50
2015.10.29 03:52:52.423,1.08594,1.08611,1.00,1.75
2015.10.29 03:52:52.578,1.08594,1.08611,1.12,1.75
2015.10.29 03:52:55.493,1.0859,1.08609,1.75,1.75
2015.10.29 03:53:23.255,1.08588,1.08607,1.75,1.75
2015.10.29 03:53:31.090,1.08586,1.08604,1.75,2.25
2015.10.29 03:53:31.142,1.08585,1.08604,2.25,2.25
2015.10.29 03:54:12.777,1.08585,1.08603,2.25,1.75
2015.10.29 03:54:12.829,1.08585,1.08603,2.25,1.75
2015.10.29 03:56:19.211,1.08585,1.08601,2.25,1.00
2015.10.29 03:56:38.936,1.08585,1.086,1.75,1.00
2015.10.29 03:56:39.446,1.08585,1.08601,1.50,1.50
2015.10.29 03:56:59.277,1.08585,1.08601,1.50,1.50
2015.10.29 03:57:19.744,1.08585,1.08602,1.00,2.25
2015.10.29 03:57:36.434,1.08585,1.08601,1.12,1.75
2015.10.29 03:57:36.980,1.08585,1.08601,1.12,1.75
2015.10.29 03:57:39.255,1.08585,1.08601,1.50,1.50
2015.10.29 03:57:43.664,1.08584,1.086,1.12,1.75
2015.10.29 03:57:57.552,1.08584,1.08601,1.75,1.50
2015.10.29 03:57:58.010,1.08583,1.08599,1.50,1.50
2015.10.29 03:57:58.521,1.08583,1.08597,1.50,1.00
2015.10.29 03:57:59.040,1.08583,1.08599,1.50,1.50
2015.10.29 03:57:59.551,1.08587,1.08605,1.00,1.75
2015.10.29 03:57:59.704,1.08588,1.08607,1.12,1.75
2015.10.29 03:57:59.860,1.08588,1.08607,1.50,1.75
2015.10.29 03:58:02.981,1.08589,1.08608,1.37,1.75
2015.10.29 03:58:03.525,1.08589,1.08608,1.75,1.75
2015.10.29 03:58:19.323,1.08589,1.08608,1.50,2.25
2015.10.29 03:59:39.272,1.08589,1.08608,1.12,1.75
