2009.01.05 10:00:00.729,1.50665,1.5071,7.00,2.40
2009.01.05 10:00:02.499,1.50665,1.5071,7.00,3.40
2009.01.05 10:00:03.189,1.50665,1.5071,7.00,2.40
2009.01.05 10:00:04.119,1.5068,1.50715,1.80,3.40
2009.01.05 10:00:04.688,1.50665,1.5071,7.00,2.40
2009.01.05 10:00:08.237,1.50675,1.5071,1.80,2.40
2009.01.05 10:00:13.366,1.50675,1.50695,1.80,1.00
2009.01.05 10:00:14.216,1.50665,1.507,4.00,1.00
2009.01.05 10:00:14.336,1.50655,1.5071,7.00,1.20
2009.01.05 10:00:16.275,1.50655,1.507,4.80,3.40
2009.01.05 10:00:16.736,1.5066,1.507,2.40,3.40
2009.01.05 10:00:17.135,1.5067,1.50705,1.80,2.40
2009.01.05 10:00:18.085,1.5067,1.50705,1.80,2.40
2009.01.05 10:00:29.932,1.5067,1.50705,1.80,2.40
2009.01.05 10:00:31.712,1.5067,1.50705,1.80,2.40
2009.01.05 10:00:35.511,1.50665,1.507,1.80,2.40
2009.01.05 10:00:37.520,1.50665,1.507,2.40,2.40
2009.01.05 10:00:37.890,1.5067,1.50705,1.80,2.40
2009.01.05 10:00:38.740,1.5067,1.50705,1.80,2.40
2009.01.05 10:00:44.439,1.5067,1.50705,1.80,2.40
2009.01.05 10:00:45.079,1.5067,1.507,1.80,1.00
2009.01.05 10:00:45.538,1.50655,1.507,4.00,3.40
2009.01.05 10:00:48.228,1.50655,1.50695,4.00,2.40
2009.01.05 10:00:48.748,1.50655,1.507,4.00,5.80
2009.01.05 10:00:49.197,1.50655,1.507,4.00,3.40
2009.01.05 10:00:52.247,1.50655,1.507,4.00,3.40
2009.01.05 10:00:52.707,1.50655,1.507,4.00,1.00
2009.01.05 10:00:54.206,1.50655,1.50695,4.00,3.40
2009.01.05 10:00:56.476,1.50665,1.50695,4.20,1.00
2009.01.05 10:00:56.596,1.50665,1.50705,4.20,3.40
2009.01.05 10:00:56.996,1.50665,1.50695,1.60,3.40
2009.01.05 10:00:57.166,1.50655,1.50695,4.00,3.40
2009.01.05 10:00:58.755,1.5067,1.50695,1.00,2.40
2009.01.05 10:00:59.335,1.50665,1.5069,5.80,1.00
2009.01.05 10:00:59.915,1.50665,1.50705,5.80,3.40
2009.01.05 10:01:00.705,1.50665,1.50705,5.80,2.40
2009.01.05 10:01:01.445,1.5067,1.507,1.80,1.00
2009.01.05 10:01:02.274,1.50655,1.507,4.00,1.00
2009.01.05 10:01:03.244,1.50655,1.507,4.00,3.40
2009.01.05 10:01:03.834,1.5067,1.50705,1.80,2.40
2009.01.05 10:01:04.424,1.5067,1.5071,1.80,4.80
2009.01.05 10:01:04.824,1.5067,1.5071,1.80,5.00
2009.01.05 10:01:07.653,1.5067,1.5071,1.80,4.80
2009.01.05 10:01:13.442,1.5067,1.5071,1.80,5.00
2009.01.05 10:01:14.562,1.5067,1.5071,1.80,4.80
2009.01.05 10:01:15.711,1.5067,1.50695,2.20,2.40
2009.01.05 10:01:15.951,1.50655,1.50685,6.60,1.00
2009.01.05 10:01:16.011,1.50655,1.5069,5.00,4.00
2009.01.05 10:01:16.191,1.5065,1.5069,1.80,5.00
2009.01.05 10:01:28.828,1.5065,1.5069,1.80,4.80
2009.01.05 10:01:29.338,1.5065,1.5069,1.80,5.00
2009.01.05 10:01:30.798,1.5065,1.5069,1.80,4.80
2009.01.05 10:01:32.537,1.5065,1.50685,1.80,1.40
2009.01.05 10:01:33.047,1.50645,1.5067,4.80,1.20
2009.01.05 10:01:33.517,1.5063,1.5067,1.80,4.80
2009.01.05 10:01:34.027,1.50605,1.50655,4.60,1.20
2009.01.05 10:01:34.987,1.506,1.50655,2.00,3.40
2009.01.05 10:01:36.036,1.50605,1.5065,2.00,2.40
2009.01.05 10:01:37.776,1.50605,1.50655,2.00,3.40
2009.01.05 10:01:38.636,1.50605,1.5065,2.00,2.40
2009.01.05 10:01:40.165,1.506,1.50605,1.60,1.00
2009.01.05 10:01:40.645,1.50595,1.50605,2.00,1.00
2009.01.05 10:01:41.735,1.50555,1.506,1.80,1.00
2009.01.05 10:01:42.195,1.5054,1.50595,2.00,2.40
2009.01.05 10:01:44.324,1.50545,1.50595,2.00,3.40
2009.01.05 10:01:44.554,1.5054,1.5059,2.80,1.20
2009.01.05 10:01:44.954,1.5054,1.5059,2.80,1.00
2009.01.05 10:01:45.634,1.5054,1.50565,2.80,1.00
2009.01.05 10:01:46.294,1.50505,1.50565,3.20,3.40
2009.01.05 10:01:46.984,1.50495,1.5055,6.20,5.80
2009.01.05 10:01:47.414,1.50505,1.5055,6.20,3.40
2009.01.05 10:01:48.293,1.5052,1.5055,2.00,2.40
2009.01.05 10:01:48.514,1.50535,1.5056,1.80,2.40
2009.01.05 10:01:48.844,1.50555,1.5056,1.80,2.40
2009.01.05 10:01:49.533,1.50545,1.50615,2.80,2.60
2009.01.05 10:01:49.933,1.5055,1.50615,2.00,5.80
2009.01.05 10:01:50.593,1.50555,1.506,2.00,4.80
2009.01.05 10:01:51.662,1.5057,1.5061,1.80,1.20
2009.01.05 10:01:52.472,1.5056,1.5061,4.60,1.20
2009.01.05 10:01:53.442,1.50575,1.50595,4.00,2.40
2009.01.05 10:01:54.242,1.5058,1.5061,3.00,2.40
2009.01.05 10:01:54.762,1.50575,1.5062,4.80,1.20
2009.01.05 10:01:55.342,1.50575,1.5062,5.40,1.20
2009.01.05 10:01:55.872,1.50585,1.5063,2.40,1.20
2009.01.05 10:01:56.282,1.5059,1.5063,1.00,1.20
2009.01.05 10:01:56.631,1.50585,1.50625,1.00,1.00
2009.01.05 10:01:57.071,1.50575,1.50625,4.80,3.40
2009.01.05 10:01:57.761,1.50575,1.50625,4.60,1.00
2009.01.05 10:01:58.331,1.50575,1.5062,2.40,3.40
2009.01.05 10:01:58.711,1.50575,1.50605,1.80,1.20
2009.01.05 10:01:59.411,1.5056,1.50595,1.00,1.00
2009.01.05 10:01:59.990,1.50545,1.5058,1.00,1.20
2009.01.05 10:02:00.600,1.5053,1.50575,8.00,3.40
2009.01.05 10:02:01.120,1.5053,1.5058,10.80,3.40
2009.01.05 10:02:01.900,1.5053,1.50575,8.60,1.20
2009.01.05 10:02:02.190,1.5053,1.50575,8.60,3.40
2009.01.05 10:02:02.610,1.5053,1.5057,8.60,3.40
2009.01.05 10:02:03.010,1.5053,1.5057,8.00,3.40
2009.01.05 10:02:03.749,1.50545,1.5057,1.80,1.20
2009.01.05 10:02:04.249,1.50525,1.50555,1.00,3.40
2009.01.05 10:02:04.989,1.50535,1.50555,1.00,3.40
2009.01.05 10:02:05.449,1.5054,1.5058,2.00,2.40
2009.01.05 10:02:06.089,1.5054,1.5059,2.80,2.40
2009.01.05 10:02:06.659,1.5055,1.50595,2.80,3.40
2009.01.05 10:02:07.019,1.50565,1.506,1.00,2.60
2009.01.05 10:02:07.539,1.50565,1.506,1.00,1.60
2009.01.05 10:02:08.039,1.5056,1.506,2.80,1.60
2009.01.05 10:02:09.288,1.5057,1.506,2.00,1.60
2009.01.05 10:02:10.548,1.50565,1.506,3.40,1.60
2009.01.05 10:02:10.828,1.50565,1.506,1.00,1.60
2009.01.05 10:02:11.638,1.50565,1.506,2.80,1.60
2009.01.05 10:02:12.747,1.5057,1.506,1.00,1.60
2009.01.05 10:02:13.137,1.50565,1.506,2.80,1.60
2009.01.05 10:02:13.367,1.5057,1.506,1.00,1.60
2009.01.05 10:02:16.377,1.50565,1.506,1.00,1.60
2009.01.05 10:02:16.896,1.5056,1.506,2.80,1.60
2009.01.05 10:02:17.246,1.50565,1.506,1.00,1.60
2009.01.05 10:02:18.006,1.50565,1.506,2.80,1.60
2009.01.05 10:02:18.586,1.5057,1.506,1.00,1.60
2009.01.05 10:02:19.956,1.50565,1.506,2.80,1.60
2009.01.05 10:02:20.386,1.5058,1.50615,1.00,1.20
2009.01.05 10:02:21.145,1.5057,1.506,1.00,1.60
2009.01.05 10:02:21.915,1.50575,1.50615,1.00,1.20
2009.01.05 10:02:22.875,1.5057,1.506,1.00,1.60
2009.01.05 10:02:23.405,1.50575,1.506,1.00,1.00
2009.01.05 10:02:23.875,1.5055,1.506,2.80,4.00
2009.01.05 10:02:24.235,1.5055,1.506,2.80,5.00
2009.01.05 10:02:24.984,1.50555,1.50595,1.00,1.20
2009.01.05 10:02:26.034,1.5056,1.50595,1.00,1.20
2009.01.05 10:02:27.434,1.50555,1.50595,1.00,1.20
2009.01.05 10:02:28.844,1.50555,1.5058,1.00,2.40
2009.01.05 10:02:29.133,1.5053,1.5058,4.80,2.40
2009.01.05 10:02:29.793,1.50535,1.50575,2.00,2.40
2009.01.05 10:02:30.083,1.5054,1.5058,3.00,2.40
2009.01.05 10:02:30.543,1.50535,1.5058,7.00,2.40
2009.01.05 10:02:30.773,1.50535,1.5058,7.00,3.40
2009.01.05 10:02:31.903,1.5054,1.5058,3.00,3.40
2009.01.05 10:02:33.852,1.5054,1.5058,2.80,2.40
2009.01.05 10:02:34.322,1.50545,1.50585,1.00,3.40
2009.01.05 10:02:34.962,1.5054,1.50585,1.40,3.40
2009.01.05 10:02:35.522,1.5054,1.50585,2.40,3.40
2009.01.05 10:02:35.802,1.5054,1.50585,2.40,3.40
2009.01.05 10:02:36.922,1.5054,1.50585,3.00,3.40
2009.01.05 10:02:37.462,1.50545,1.50585,1.00,2.40
2009.01.05 10:02:37.931,1.5055,1.5059,2.00,2.40
2009.01.05 10:02:38.441,1.5055,1.5059,2.80,2.40
2009.01.05 10:02:38.961,1.50555,1.50595,1.00,2.40
2009.01.05 10:02:39.441,1.5055,1.50595,2.80,2.40
2009.01.05 10:02:40.281,1.5056,1.50595,2.00,2.40
2009.01.05 10:02:40.731,1.5057,1.50595,2.00,2.40
2009.01.05 10:02:41.551,1.5057,1.506,4.00,1.60
2009.01.05 10:02:41.960,1.5057,1.5061,7.20,4.80
2009.01.05 10:02:42.421,1.5056,1.50605,1.00,5.80
2009.01.05 10:02:42.820,1.50555,1.50595,2.00,2.40
2009.01.05 10:02:43.360,1.5056,1.50595,2.40,2.40
2009.01.05 10:02:43.830,1.5057,1.50605,1.80,3.40
2009.01.05 10:02:44.270,1.5056,1.506,1.00,2.40
2009.01.05 10:02:44.930,1.5057,1.506,2.00,2.40
2009.01.05 10:02:45.459,1.5057,1.5059,2.00,2.40
2009.01.05 10:02:45.970,1.50575,1.5059,2.00,2.40
2009.01.05 10:02:46.329,1.50575,1.50595,2.00,2.40
2009.01.05 10:02:46.719,1.50575,1.506,2.00,2.40
2009.01.05 10:02:47.889,1.50575,1.50605,2.00,2.40
2009.01.05 10:02:48.359,1.50575,1.506,2.00,2.40
2009.01.05 10:02:48.818,1.50575,1.5061,2.00,2.40
2009.01.05 10:02:49.889,1.5057,1.5061,5.60,2.40
2009.01.05 10:02:50.128,1.50565,1.50605,2.00,2.40
2009.01.05 10:02:51.538,1.5057,1.5061,1.00,3.40
2009.01.05 10:02:52.038,1.50555,1.506,2.80,2.40
2009.01.05 10:02:52.608,1.50555,1.506,4.60,2.40
2009.01.05 10:02:53.118,1.5056,1.50605,1.00,3.40
2009.01.05 10:02:54.337,1.5057,1.5061,1.00,3.40
2009.01.05 10:03:00.906,1.5057,1.5061,1.00,2.40
2009.01.05 10:03:04.625,1.5057,1.5061,1.00,3.40
2009.01.05 10:03:05.205,1.5056,1.50605,3.00,2.40
2009.01.05 10:03:05.725,1.5057,1.5061,1.00,1.20
2009.01.05 10:03:05.955,1.50565,1.5061,1.00,3.40
2009.01.05 10:03:07.005,1.50565,1.5061,2.80,2.40
2009.01.05 10:03:07.114,1.50575,1.50615,1.00,1.20
2009.01.05 10:03:07.464,1.5057,1.5061,1.00,1.20
2009.01.05 10:03:08.084,1.50565,1.50605,1.00,1.20
2009.01.05 10:03:10.074,1.50565,1.5061,1.00,3.40
2009.01.05 10:03:10.313,1.5057,1.5061,1.00,1.20
2009.01.05 10:03:11.403,1.50575,1.5061,1.00,1.20
2009.01.05 10:03:12.383,1.50575,1.50615,1.00,1.20
2009.01.05 10:03:15.992,1.50585,1.5062,1.00,1.20
2009.01.05 10:03:17.042,1.5058,1.5062,1.00,1.20
2009.01.05 10:03:22.731,1.50575,1.50615,1.00,1.20
2009.01.05 10:03:23.590,1.50575,1.50615,1.00,1.00
2009.01.05 10:03:24.060,1.5056,1.506,2.00,2.40
2009.01.05 10:03:25.910,1.5056,1.50605,2.80,2.40
2009.01.05 10:03:26.389,1.50565,1.50605,2.00,2.40
2009.01.05 10:03:26.869,1.5057,1.5061,2.00,2.40
2009.01.05 10:03:27.169,1.5057,1.50615,2.80,2.40
2009.01.05 10:03:28.509,1.5058,1.50605,1.00,1.20
2009.01.05 10:03:29.049,1.50555,1.50605,1.00,3.40
2009.01.05 10:03:31.049,1.5055,1.5059,11.20,4.80
2009.01.05 10:03:31.628,1.50555,1.5059,2.00,4.80
2009.01.05 10:03:32.038,1.50555,1.506,2.80,2.40
2009.01.05 10:03:32.218,1.50555,1.50595,5.60,2.40
2009.01.05 10:03:32.718,1.5057,1.506,1.00,2.40
2009.01.05 10:03:33.118,1.50555,1.50605,1.40,3.40
2009.01.05 10:03:41.116,1.5056,1.50605,1.00,3.40
2009.01.05 10:03:41.286,1.50555,1.506,2.80,2.40
2009.01.05 10:03:41.766,1.5056,1.506,2.00,2.40
2009.01.05 10:03:42.346,1.5056,1.50605,2.80,2.40
2009.01.05 10:03:43.826,1.50555,1.506,4.60,2.40
2009.01.05 10:03:44.605,1.50555,1.506,1.00,3.40
2009.01.05 10:03:44.955,1.5055,1.50595,3.00,2.40
2009.01.05 10:03:45.475,1.50555,1.506,1.00,3.40
2009.01.05 10:03:47.364,1.5056,1.50595,1.00,1.20
2009.01.05 10:03:47.715,1.50555,1.50595,1.00,1.20
2009.01.05 10:03:48.334,1.5055,1.50595,3.00,3.40
2009.01.05 10:03:49.354,1.5055,1.5059,3.00,1.20
2009.01.05 10:03:50.544,1.5055,1.50595,3.00,5.80
2009.01.05 10:03:50.884,1.5055,1.50595,3.00,5.80
2009.01.05 10:03:51.054,1.5055,1.50595,3.00,3.40
2009.01.05 10:03:51.563,1.5055,1.50595,1.40,3.40
2009.01.05 10:03:52.353,1.5055,1.50595,2.80,2.40
2009.01.05 10:03:52.983,1.5055,1.50595,3.00,3.40
2009.01.05 10:03:53.213,1.5055,1.50595,2.80,2.40
2009.01.05 10:03:54.463,1.50555,1.50595,4.00,2.40
2009.01.05 10:03:54.993,1.50555,1.506,1.00,3.40
2009.01.05 10:03:55.453,1.50555,1.506,1.00,3.80
2009.01.05 10:03:55.802,1.50555,1.50595,1.00,1.20
2009.01.05 10:03:56.662,1.5056,1.50595,1.00,1.20
2009.01.05 10:04:01.561,1.5056,1.506,1.40,1.20
2009.01.05 10:04:01.681,1.50565,1.50595,1.00,1.20
2009.01.05 10:04:02.101,1.50555,1.50595,1.00,3.40
2009.01.05 10:04:02.671,1.50555,1.50595,1.00,1.20
2009.01.05 10:04:07.570,1.50555,1.5059,1.00,1.20
2009.01.05 10:04:08.040,1.50545,1.5059,2.80,3.40
2009.01.05 10:04:08.459,1.5055,1.50595,1.00,3.40
2009.01.05 10:04:11.429,1.5055,1.50595,1.40,3.40
2009.01.05 10:04:11.939,1.50555,1.50595,1.00,1.20
2009.01.05 10:04:14.378,1.50555,1.5058,1.00,2.40
2009.01.05 10:04:14.708,1.50555,1.5058,1.00,2.40
2009.01.05 10:04:15.168,1.5055,1.50575,2.40,1.00
2009.01.05 10:04:15.618,1.50555,1.506,1.00,1.20
2009.01.05 10:04:15.968,1.5055,1.506,1.00,1.20
2009.01.05 10:04:17.117,1.5055,1.50595,1.00,3.40
2009.01.05 10:04:18.857,1.50545,1.5059,2.80,2.40
2009.01.05 10:04:20.237,1.50545,1.5059,1.00,3.40
2009.01.05 10:04:20.467,1.50565,1.5059,1.80,2.40
2009.01.05 10:04:20.996,1.5056,1.50595,1.00,1.20
2009.01.05 10:04:21.736,1.50545,1.50595,1.00,3.40
2009.01.05 10:04:22.606,1.50565,1.50595,1.80,3.40
2009.01.05 10:04:22.896,1.50565,1.50595,1.80,2.40
2009.01.05 10:04:23.126,1.50565,1.5062,1.80,7.40
2009.01.05 10:04:26.385,1.50575,1.5061,1.80,2.40
2009.01.05 10:04:26.616,1.5057,1.50605,1.00,3.40
2009.01.05 10:04:27.135,1.50565,1.506,1.40,3.40
2009.01.05 10:04:27.545,1.50565,1.50605,1.80,6.40
2009.01.05 10:04:28.304,1.5056,1.50605,3.00,5.80
2009.01.05 10:04:28.535,1.5056,1.506,3.00,3.40
2009.01.05 10:04:28.825,1.5057,1.506,1.80,2.40
2009.01.05 10:04:29.275,1.5057,1.506,4.20,1.00
2009.01.05 10:04:29.874,1.50575,1.50615,2.40,7.40
2009.01.05 10:04:30.114,1.50575,1.50615,1.80,7.40
2009.01.05 10:04:34.143,1.50575,1.50615,4.20,7.40
2009.01.05 10:04:34.523,1.50585,1.5061,1.80,1.20
2009.01.05 10:04:35.043,1.5058,1.5061,2.40,3.40
2009.01.05 10:04:35.553,1.50585,1.50615,1.80,1.00
2009.01.05 10:04:35.903,1.50585,1.50615,2.60,1.00
2009.01.05 10:04:38.162,1.5058,1.50615,4.20,5.80
2009.01.05 10:04:38.842,1.5058,1.50605,4.20,1.00
2009.01.05 10:04:40.492,1.50585,1.5061,2.60,1.00
2009.01.05 10:04:42.771,1.50575,1.50615,4.80,3.40
2009.01.05 10:04:43.241,1.50575,1.50615,4.00,5.80
2009.01.05 10:04:44.061,1.50565,1.5061,1.00,3.40
2009.01.05 10:04:44.571,1.5056,1.50605,2.80,2.40
2009.01.05 10:04:47.011,1.5056,1.50605,4.60,2.40
2009.01.05 10:04:47.120,1.50565,1.5061,1.00,3.40
2009.01.05 10:04:52.039,1.50565,1.50605,1.00,1.20
2009.01.05 10:04:52.869,1.50565,1.506,1.00,1.20
2009.01.05 10:04:53.089,1.5056,1.506,2.40,1.20
2009.01.05 10:04:53.549,1.50545,1.50585,1.80,3.40
2009.01.05 10:04:53.879,1.5054,1.50585,2.40,3.40
2009.01.05 10:04:54.578,1.5054,1.50575,3.00,3.40
2009.01.05 10:04:54.918,1.50535,1.50575,4.80,3.40
2009.01.05 10:04:58.477,1.50535,1.50575,2.40,3.40
2009.01.05 10:04:58.947,1.5052,1.5056,8.00,2.40
2009.01.05 10:04:59.557,1.5052,1.5055,8.00,4.80
2009.01.05 10:05:00.407,1.5052,1.5055,8.00,4.80
2009.01.05 10:05:00.977,1.5052,1.5055,9.60,4.80
2009.01.05 10:05:01.377,1.5052,1.5055,10.40,2.40
2009.01.05 10:05:03.726,1.5052,1.5054,8.80,2.40
2009.01.05 10:05:04.126,1.50505,1.5054,4.80,2.40
2009.01.05 10:05:04.766,1.50505,1.5054,4.00,2.40
2009.01.05 10:05:06.975,1.50505,1.50545,4.00,4.80
2009.01.05 10:05:07.435,1.50505,1.5053,4.00,1.00
2009.01.05 10:05:11.824,1.50505,1.5053,1.00,2.40
2009.01.05 10:05:12.504,1.50505,1.50525,1.80,1.00
2009.01.05 10:05:12.724,1.50505,1.5054,1.80,4.80
2009.01.05 10:05:13.974,1.50505,1.5053,1.80,1.00
2009.01.05 10:05:14.973,1.50505,1.5054,1.80,4.80
2009.01.05 10:05:15.743,1.50505,1.5053,1.80,1.00
2009.01.05 10:05:24.581,1.5051,1.5053,1.80,1.00
2009.01.05 10:05:24.631,1.5051,1.5053,3.40,1.00
2009.01.05 10:05:25.241,1.5051,1.50545,3.40,2.40
2009.01.05 10:05:25.361,1.5051,1.50545,3.40,4.80
2009.01.05 10:05:27.290,1.5051,1.5054,1.60,2.40
2009.01.05 10:05:27.461,1.50505,1.5053,4.00,1.00
2009.01.05 10:05:42.897,1.5051,1.50545,3.40,2.40
2009.01.05 10:05:43.007,1.5051,1.50545,3.40,4.80
2009.01.05 10:05:43.696,1.5051,1.5054,1.60,2.40
2009.01.05 10:05:45.346,1.5051,1.5054,1.60,4.80
2009.01.05 10:05:45.746,1.5051,1.5053,1.60,1.00
2009.01.05 10:05:46.026,1.5051,1.5054,1.60,2.40
2009.01.05 10:05:46.846,1.5051,1.50545,4.20,3.40
2009.01.05 10:05:47.186,1.5051,1.50545,3.40,3.40
2009.01.05 10:05:47.426,1.5051,1.50545,3.40,2.40
2009.01.05 10:05:48.695,1.5051,1.50545,5.60,2.40
2009.01.05 10:05:49.215,1.50515,1.5054,1.60,2.40
2009.01.05 10:05:49.555,1.50505,1.5054,4.00,2.40
2009.01.05 10:05:52.235,1.50505,1.5054,4.00,2.40
2009.01.05 10:05:52.914,1.50505,1.50545,4.00,4.80
2009.01.05 10:05:53.554,1.5051,1.5054,6.40,1.00
2009.01.05 10:05:54.374,1.5051,1.50545,6.40,2.40
2009.01.05 10:05:54.834,1.5051,1.50545,5.60,2.40
2009.01.05 10:05:55.344,1.5051,1.5055,5.60,6.40
2009.01.05 10:05:55.754,1.5051,1.5055,6.40,6.40
2009.01.05 10:05:57.143,1.5051,1.50545,2.80,2.40
2009.01.05 10:05:57.723,1.5051,1.50545,2.00,4.80
2009.01.05 10:05:58.633,1.505,1.5053,5.40,1.00
2009.01.05 10:05:59.233,1.50505,1.50545,4.00,4.80
2009.01.05 10:06:01.302,1.5051,1.50545,5.60,2.40
2009.01.05 10:06:01.942,1.5051,1.5055,6.40,6.20
2009.01.05 10:06:05.701,1.5051,1.5054,2.40,1.00
2009.01.05 10:06:05.981,1.5051,1.50545,1.00,2.40
2009.01.05 10:06:06.101,1.50505,1.50545,4.60,2.40
2009.01.05 10:06:07.161,1.50505,1.50545,4.00,4.80
2009.01.05 10:06:11.270,1.5051,1.50545,2.00,4.80
2009.01.05 10:06:11.610,1.5051,1.50545,1.80,4.80
2009.01.05 10:06:11.850,1.50505,1.50545,4.00,4.80
2009.01.05 10:06:15.029,1.5051,1.50545,1.80,4.80
2009.01.05 10:06:15.949,1.50515,1.5054,4.00,1.00
2009.01.05 10:06:16.349,1.50515,1.5055,4.00,6.40
2009.01.05 10:06:16.869,1.50515,1.5055,4.00,4.00
2009.01.05 10:06:17.448,1.50515,1.5055,4.60,4.00
2009.01.05 10:06:17.868,1.5051,1.50545,4.00,2.40
2009.01.05 10:06:18.258,1.5051,1.50545,4.60,2.40
2009.01.05 10:06:18.788,1.50515,1.5054,4.00,1.00
2009.01.05 10:06:19.188,1.50515,1.5055,4.00,6.40
2009.01.05 10:06:19.878,1.50515,1.5055,4.00,4.00
2009.01.05 10:06:20.438,1.50515,1.5055,4.00,6.40
2009.01.05 10:06:23.417,1.5051,1.50545,4.00,2.40
2009.01.05 10:06:24.447,1.50515,1.5054,2.80,1.00
2009.01.05 10:06:24.797,1.50515,1.50565,2.80,2.40
2009.01.05 10:06:25.516,1.5052,1.5057,1.00,5.80
2009.01.05 10:06:27.926,1.5052,1.50545,1.00,1.00
2009.01.05 10:06:28.426,1.5051,1.5056,2.00,3.80
2009.01.05 10:06:28.746,1.5051,1.5056,2.00,2.40
2009.01.05 10:06:30.105,1.5051,1.5055,5.60,2.40
2009.01.05 10:06:30.815,1.5052,1.50555,2.00,2.40
2009.01.05 10:06:32.265,1.50515,1.50545,1.00,2.40
2009.01.05 10:06:33.075,1.50505,1.50545,4.00,4.80
2009.01.05 10:06:40.503,1.505,1.50545,2.80,4.80
2009.01.05 10:06:40.673,1.50505,1.50545,2.00,4.80
2009.01.05 10:06:41.763,1.5051,1.50545,4.00,4.80
2009.01.05 10:06:42.582,1.50505,1.50545,2.80,2.40
2009.01.05 10:06:43.152,1.50505,1.50545,2.00,4.80
2009.01.05 10:06:44.442,1.5051,1.50545,4.00,2.40
2009.01.05 10:06:45.862,1.5051,1.50545,4.60,2.40
2009.01.05 10:06:46.031,1.5051,1.50545,4.00,2.40
2009.01.05 10:06:46.541,1.5051,1.50545,4.60,2.40
2009.01.05 10:06:47.361,1.50505,1.50545,2.80,2.40
2009.01.05 10:06:47.771,1.50505,1.50545,2.00,4.80
2009.01.05 10:06:49.261,1.50505,1.50545,2.80,2.40
2009.01.05 10:06:49.790,1.50505,1.50545,4.60,2.40
2009.01.05 10:06:50.021,1.50505,1.50545,4.00,4.80
2009.01.05 10:06:51.180,1.5051,1.50545,4.00,4.80
2009.01.05 10:06:51.600,1.5051,1.50545,4.00,2.40
2009.01.05 10:06:54.649,1.5051,1.50545,4.60,2.40
2009.01.05 10:06:55.199,1.5051,1.50545,4.00,2.40
2009.01.05 10:06:58.728,1.50515,1.50545,2.00,2.40
2009.01.05 10:06:59.258,1.50515,1.5054,4.60,1.00
2009.01.05 10:06:59.718,1.50515,1.5054,5.60,1.00
2009.01.05 10:07:00.248,1.50515,1.50555,5.60,4.80
2009.01.05 10:07:07.766,1.50525,1.5056,2.60,2.40
2009.01.05 10:07:07.936,1.5053,1.5056,1.40,2.40
2009.01.05 10:07:08.447,1.5053,1.5057,2.80,4.80
2009.01.05 10:07:09.836,1.5053,1.5057,2.00,4.80
2009.01.05 10:07:10.246,1.5053,1.50565,2.00,2.40
2009.01.05 10:07:12.775,1.50525,1.5056,2.00,2.40
2009.01.05 10:07:14.265,1.5052,1.5056,2.00,4.80
2009.01.05 10:07:14.724,1.5052,1.5056,2.00,4.80
2009.01.05 10:07:14.935,1.5052,1.5056,2.80,2.40
2009.01.05 10:07:18.074,1.5052,1.5056,2.00,4.80
2009.01.05 10:07:18.354,1.5052,1.50555,2.00,2.40
2009.01.05 10:07:18.824,1.50515,1.50555,2.00,2.40
2009.01.05 10:07:19.583,1.5051,1.5055,2.80,2.40
2009.01.05 10:07:20.283,1.5051,1.5055,2.00,4.80
2009.01.05 10:07:20.843,1.5051,1.5055,2.00,4.80
2009.01.05 10:07:21.303,1.50515,1.5056,2.80,4.80
2009.01.05 10:07:22.053,1.50515,1.50555,2.00,2.40
2009.01.05 10:07:22.453,1.50515,1.5055,2.00,4.80
2009.01.05 10:07:22.883,1.50515,1.50545,2.00,2.40
2009.01.05 10:07:23.312,1.50515,1.50555,2.00,2.40
2009.01.05 10:07:26.352,1.50515,1.5054,2.00,11.80
2009.01.05 10:07:26.702,1.5051,1.5054,2.80,11.80
2009.01.05 10:07:27.122,1.50515,1.5054,2.00,11.80
2009.01.05 10:07:27.512,1.50505,1.5054,4.00,11.80
2009.01.05 10:07:28.101,1.50505,1.5054,4.60,11.80
2009.01.05 10:07:30.581,1.50505,1.5054,7.40,11.80
2009.01.05 10:07:31.390,1.5051,1.5054,4.00,11.80
2009.01.05 10:07:31.961,1.5052,1.5055,2.00,2.40
2009.01.05 10:07:32.530,1.5052,1.5056,2.00,4.80
2009.01.05 10:07:35.160,1.50515,1.5055,4.00,2.40
2009.01.05 10:07:35.669,1.50515,1.5055,1.80,2.40
2009.01.05 10:07:36.659,1.50525,1.50555,1.80,2.40
2009.01.05 10:07:37.109,1.50525,1.5056,2.40,2.40
2009.01.05 10:07:37.569,1.50525,1.5057,4.80,6.40
2009.01.05 10:07:38.489,1.5052,1.5056,2.00,2.40
2009.01.05 10:07:39.129,1.5051,1.50555,2.80,2.40
2009.01.05 10:07:39.588,1.50505,1.50545,2.00,2.40
2009.01.05 10:07:39.998,1.50505,1.50545,2.00,4.80
2009.01.05 10:07:40.589,1.50505,1.5055,2.80,2.40
2009.01.05 10:07:41.058,1.5051,1.5055,1.00,2.40
2009.01.05 10:07:41.458,1.5051,1.50545,2.00,2.40
2009.01.05 10:07:42.748,1.5051,1.5055,2.80,2.40
2009.01.05 10:07:43.138,1.5051,1.5054,2.00,2.40
2009.01.05 10:07:43.648,1.5051,1.5053,1.00,2.40
2009.01.05 10:07:44.627,1.505,1.5053,2.00,2.40
2009.01.05 10:07:45.087,1.505,1.50535,2.00,2.40
2009.01.05 10:07:46.137,1.50505,1.5054,4.00,2.40
2009.01.05 10:07:46.667,1.50505,1.50545,6.60,2.40
2009.01.05 10:07:46.957,1.50515,1.5055,2.00,2.40
2009.01.05 10:07:47.367,1.50515,1.5055,2.00,2.40
2009.01.05 10:07:48.317,1.5051,1.5055,2.80,2.40
2009.01.05 10:07:48.956,1.5051,1.5054,2.00,2.40
2009.01.05 10:07:49.256,1.5051,1.50545,2.00,2.40
2009.01.05 10:07:50.696,1.50505,1.50545,2.60,2.40
2009.01.05 10:07:51.156,1.505,1.5054,2.00,4.80
2009.01.05 10:07:52.305,1.505,1.50525,2.00,1.00
2009.01.05 10:07:52.956,1.505,1.5053,2.00,2.40
2009.01.05 10:07:53.375,1.505,1.5054,2.00,4.80
2009.01.05 10:07:53.675,1.50505,1.5054,4.80,4.80
2009.01.05 10:07:54.235,1.50505,1.5054,4.80,2.40
2009.01.05 10:07:55.205,1.5051,1.5054,2.00,2.40
2009.01.05 10:07:55.775,1.5051,1.5055,2.00,4.80
2009.01.05 10:07:56.184,1.5051,1.50545,2.00,2.40
2009.01.05 10:07:59.274,1.5051,1.5054,2.00,2.40
2009.01.05 10:07:59.734,1.5051,1.50545,2.00,2.40
2009.01.05 10:08:00.363,1.50515,1.50545,2.00,2.40
2009.01.05 10:08:01.423,1.50515,1.5055,2.00,2.40
2009.01.05 10:08:01.873,1.50505,1.5054,4.80,4.80
2009.01.05 10:08:02.813,1.50505,1.5054,4.80,2.40
2009.01.05 10:08:03.523,1.50505,1.50535,2.80,2.40
2009.01.05 10:08:04.293,1.505,1.50535,4.80,2.40
2009.01.05 10:08:04.792,1.50505,1.50545,4.00,4.80
2009.01.05 10:08:05.723,1.50505,1.5054,4.60,2.40
2009.01.05 10:08:06.202,1.50505,1.5054,4.00,4.80
2009.01.05 10:08:07.632,1.505,1.5053,4.80,2.40
2009.01.05 10:08:08.032,1.505,1.5053,4.00,2.40
2009.01.05 10:08:10.561,1.505,1.50535,4.00,2.40
2009.01.05 10:08:12.261,1.50505,1.50535,1.00,2.40
2009.01.05 10:08:13.180,1.505,1.5053,4.00,2.40
2009.01.05 10:08:13.980,1.505,1.5053,2.40,3.40
2009.01.05 10:08:14.840,1.50495,1.5053,1.80,4.80
2009.01.05 10:08:15.540,1.50495,1.5053,2.40,2.40
2009.01.05 10:08:16.390,1.5049,1.50525,4.80,2.40
2009.01.05 10:08:16.740,1.50495,1.5053,1.80,2.40
2009.01.05 10:08:17.270,1.50495,1.5053,2.40,2.40
2009.01.05 10:08:17.730,1.50485,1.50515,3.80,2.40
2009.01.05 10:08:18.199,1.50485,1.50515,1.40,2.40
2009.01.05 10:08:18.599,1.50495,1.5053,4.00,2.40
2009.01.05 10:08:19.619,1.50495,1.50515,4.00,2.40
2009.01.05 10:08:20.349,1.50495,1.5054,4.00,2.40
2009.01.05 10:08:20.459,1.505,1.50545,3.00,1.20
2009.01.05 10:08:21.668,1.50515,1.50545,2.40,3.40
2009.01.05 10:08:21.788,1.505,1.50545,2.20,5.80
2009.01.05 10:08:23.978,1.505,1.50535,3.80,2.40
2009.01.05 10:08:24.488,1.505,1.50525,2.20,2.40
2009.01.05 10:08:25.367,1.5049,1.50525,4.60,2.40
2009.01.05 10:08:27.887,1.5049,1.50525,2.40,2.40
2009.01.05 10:08:28.407,1.5049,1.50515,3.00,2.40
2009.01.05 10:08:28.647,1.5049,1.50525,2.40,2.40
2009.01.05 10:08:30.326,1.50495,1.5053,1.80,5.80
2009.01.05 10:08:30.956,1.50485,1.5052,4.80,1.20
2009.01.05 10:08:31.116,1.50485,1.5051,3.00,2.40
2009.01.05 10:08:31.566,1.5049,1.5051,2.20,2.40
2009.01.05 10:08:32.096,1.50475,1.5051,6.40,2.40
2009.01.05 10:08:32.916,1.50465,1.505,4.80,4.00
2009.01.05 10:08:33.366,1.5046,1.50495,21.60,2.40
2009.01.05 10:08:34.056,1.5046,1.50495,21.00,2.40
2009.01.05 10:08:34.525,1.50435,1.5048,3.00,2.40
2009.01.05 10:08:34.815,1.50435,1.5048,3.00,1.00
2009.01.05 10:08:35.166,1.50455,1.50485,1.80,2.40
2009.01.05 10:08:35.855,1.5045,1.5049,1.00,2.40
2009.01.05 10:08:36.515,1.50445,1.50475,1.00,2.40
2009.01.05 10:08:36.925,1.50435,1.50465,3.00,2.40
2009.01.05 10:08:37.325,1.50435,1.50475,4.00,2.40
2009.01.05 10:08:37.844,1.50435,1.5047,4.00,2.40
2009.01.05 10:08:38.535,1.5045,1.50475,1.00,2.40
2009.01.05 10:08:39.294,1.50445,1.5048,2.60,4.80
2009.01.05 10:08:40.054,1.50445,1.5048,4.00,4.80
2009.01.05 10:08:40.804,1.50445,1.5047,4.00,1.20
2009.01.05 10:08:41.404,1.50435,1.50465,3.80,2.40
2009.01.05 10:08:41.853,1.5044,1.50475,1.80,2.40
2009.01.05 10:08:42.493,1.5044,1.50475,2.60,2.40
2009.01.05 10:08:42.933,1.50445,1.50485,4.80,4.80
2009.01.05 10:08:43.274,1.50445,1.5049,4.80,5.80
2009.01.05 10:08:43.843,1.50445,1.50485,4.80,1.20
2009.01.05 10:08:44.363,1.50445,1.5047,1.80,1.00
2009.01.05 10:08:45.463,1.50435,1.5047,1.00,5.00
2009.01.05 10:08:45.882,1.50435,1.5047,1.00,4.00
2009.01.05 10:08:46.552,1.50435,1.50465,5.00,2.40
2009.01.05 10:08:47.462,1.5043,1.5046,5.40,2.40
2009.01.05 10:08:47.802,1.5043,1.5046,4.80,2.40
2009.01.05 10:08:48.162,1.5043,1.5046,2.60,2.40
2009.01.05 10:08:49.912,1.50435,1.5047,2.40,2.40
2009.01.05 10:08:50.661,1.50435,1.50475,3.20,4.80
2009.01.05 10:08:50.831,1.50435,1.50475,3.20,2.40
2009.01.05 10:08:51.511,1.50435,1.5047,3.20,1.00
2009.01.05 10:08:51.871,1.50435,1.5048,3.20,3.40
2009.01.05 10:08:52.441,1.5044,1.5048,1.40,1.00
2009.01.05 10:08:53.451,1.50435,1.50465,2.60,2.40
2009.01.05 10:08:53.911,1.50435,1.50465,3.20,2.40
2009.01.05 10:08:55.820,1.5044,1.5046,1.00,2.40
2009.01.05 10:08:56.120,1.5044,1.50465,1.00,4.80
2009.01.05 10:08:56.530,1.5044,1.50465,1.00,2.40
2009.01.05 10:08:57.730,1.5044,1.50455,1.00,2.40
2009.01.05 10:08:58.349,1.50435,1.5045,1.00,2.40
2009.01.05 10:08:59.649,1.50435,1.50445,1.00,2.40
2009.01.05 10:08:59.929,1.50425,1.5045,5.80,2.40
2009.01.05 10:09:00.439,1.50435,1.5045,1.00,2.40
2009.01.05 10:09:00.719,1.50435,1.5045,1.80,1.00
2009.01.05 10:09:00.889,1.50435,1.50465,2.60,2.40
2009.01.05 10:09:01.589,1.50435,1.50465,1.80,2.40
2009.01.05 10:09:01.929,1.50435,1.5046,1.40,2.40
2009.01.05 10:09:02.348,1.5043,1.5046,2.60,2.40
2009.01.05 10:09:02.958,1.50435,1.50465,3.20,1.00
2009.01.05 10:09:03.578,1.5044,1.50465,1.40,1.00
2009.01.05 10:09:04.988,1.50445,1.50465,1.00,1.00
2009.01.05 10:09:07.327,1.5044,1.50465,1.40,1.00
2009.01.05 10:09:07.787,1.50435,1.50465,3.20,1.00
2009.01.05 10:09:09.707,1.50425,1.50455,4.60,2.40
2009.01.05 10:09:10.337,1.5043,1.50465,1.80,2.40
2009.01.05 10:09:10.797,1.50435,1.5047,4.80,2.40
2009.01.05 10:09:11.487,1.5045,1.50465,1.00,1.00
2009.01.05 10:09:11.786,1.5042,1.50465,4.00,2.40
2009.01.05 10:09:13.426,1.5043,1.50465,1.80,2.40
2009.01.05 10:09:14.696,1.5043,1.50465,4.00,2.40
2009.01.05 10:09:15.506,1.5043,1.50465,1.80,2.40
2009.01.05 10:09:16.695,1.5043,1.50455,1.80,1.00
2009.01.05 10:09:16.815,1.5043,1.5046,1.80,2.40
2009.01.05 10:09:17.545,1.5043,1.50465,1.80,3.40
2009.01.05 10:09:18.175,1.50435,1.50465,2.60,2.40
2009.01.05 10:09:18.945,1.50435,1.50465,2.60,3.40
2009.01.05 10:09:19.704,1.5044,1.5046,1.00,2.40
2009.01.05 10:09:20.294,1.5043,1.5046,2.60,2.40
2009.01.05 10:09:21.545,1.50435,1.50465,1.80,2.40
2009.01.05 10:09:22.304,1.50435,1.5045,1.80,1.00
2009.01.05 10:09:22.834,1.5042,1.5044,2.40,2.40
2009.01.05 10:09:23.584,1.50415,1.5044,1.00,2.40
2009.01.05 10:09:24.123,1.50415,1.5044,1.00,2.40
2009.01.05 10:09:24.583,1.5042,1.50445,1.00,2.40
2009.01.05 10:09:24.923,1.5042,1.5044,1.00,2.40
2009.01.05 10:09:25.683,1.5042,1.50445,1.00,2.40
2009.01.05 10:09:28.542,1.5042,1.5043,1.00,1.00
2009.01.05 10:09:29.062,1.50405,1.5044,2.40,2.40
2009.01.05 10:09:30.712,1.50405,1.5044,4.20,2.40
2009.01.05 10:09:31.282,1.5041,1.50425,1.00,1.00
2009.01.05 10:09:33.901,1.50405,1.5044,2.40,3.40
2009.01.05 10:09:34.401,1.50405,1.50435,2.40,2.40
2009.01.05 10:09:34.851,1.50405,1.5044,5.80,5.80
2009.01.05 10:09:35.381,1.50415,1.50445,4.00,3.40
2009.01.05 10:09:35.661,1.50415,1.5045,4.80,1.20
2009.01.05 10:09:36.460,1.50415,1.5045,3.00,1.20
2009.01.05 10:09:36.910,1.50415,1.5044,1.00,5.80
2009.01.05 10:09:37.271,1.5041,1.5044,1.00,5.80
2009.01.05 10:09:37.670,1.50405,1.5044,2.40,5.80
2009.01.05 10:09:38.400,1.50405,1.5044,5.80,3.40
2009.01.05 10:09:39.270,1.504,1.50425,2.40,1.00
2009.01.05 10:09:39.440,1.5039,1.50425,4.20,5.80
2009.01.05 10:09:42.479,1.5039,1.50415,4.20,1.00
2009.01.05 10:09:43.059,1.50395,1.50415,1.40,1.00
2009.01.05 10:09:43.519,1.5039,1.5042,1.60,3.40
2009.01.05 10:09:43.699,1.5039,1.5042,1.60,4.80
2009.01.05 10:09:43.989,1.5039,1.50425,3.40,3.40
2009.01.05 10:09:44.848,1.5039,1.50425,3.40,1.00
2009.01.05 10:09:45.878,1.5039,1.50425,3.40,1.20
2009.01.05 10:09:46.628,1.5039,1.50425,3.40,1.00
2009.01.05 10:09:46.978,1.5039,1.50425,6.00,1.00
2009.01.05 10:09:47.278,1.50395,1.5043,2.60,2.40
2009.01.05 10:09:50.767,1.50395,1.5043,2.60,3.40
2009.01.05 10:09:51.207,1.504,1.5042,1.00,2.40
2009.01.05 10:09:51.737,1.5039,1.5042,2.40,2.40
2009.01.05 10:09:52.067,1.5039,1.5042,3.40,2.40
2009.01.05 10:09:52.746,1.504,1.50425,1.00,5.80
2009.01.05 10:09:53.246,1.504,1.50425,1.00,4.80
2009.01.05 10:09:53.996,1.504,1.5042,1.00,2.40
2009.01.05 10:09:54.396,1.50385,1.5041,4.00,1.00
2009.01.05 10:09:55.016,1.5039,1.5041,1.60,1.00
2009.01.05 10:09:57.416,1.5039,1.5041,1.60,2.40
2009.01.05 10:09:57.755,1.5038,1.5041,2.20,2.40
2009.01.05 10:09:57.875,1.5038,1.5041,3.80,2.40
2009.01.05 10:09:58.515,1.5038,1.5041,3.80,4.80
2009.01.05 10:09:59.225,1.5038,1.50395,3.80,1.00
2009.01.05 10:09:59.835,1.5037,1.50395,1.00,4.80
2009.01.05 10:10:00.245,1.50355,1.50395,6.20,4.80
2009.01.05 10:10:00.995,1.5036,1.50395,2.40,4.80
2009.01.05 10:10:01.574,1.50365,1.50395,2.00,2.40
2009.01.05 10:10:01.965,1.50365,1.50405,2.00,2.40
2009.01.05 10:10:02.924,1.5036,1.50405,2.80,4.80
2009.01.05 10:10:03.484,1.5037,1.50405,1.60,4.80
2009.01.05 10:10:04.124,1.5037,1.50405,3.40,4.80
2009.01.05 10:10:04.863,1.5037,1.50405,3.40,5.80
2009.01.05 10:10:05.433,1.5037,1.504,1.60,4.80
2009.01.05 10:10:05.813,1.5037,1.504,3.40,2.40
2009.01.05 10:10:06.263,1.5037,1.50405,3.40,4.80
2009.01.05 10:10:06.563,1.5037,1.50405,3.40,2.40
2009.01.05 10:10:07.663,1.5037,1.5041,3.40,7.40
2009.01.05 10:10:08.113,1.5037,1.50405,3.40,2.40
2009.01.05 10:10:08.752,1.5037,1.504,3.40,1.00
2009.01.05 10:10:08.922,1.5037,1.504,5.60,1.00
2009.01.05 10:10:09.732,1.5037,1.50405,1.60,2.40
2009.01.05 10:10:10.552,1.5037,1.504,5.60,1.00
2009.01.05 10:10:11.422,1.5037,1.50405,3.40,2.40
2009.01.05 10:10:11.952,1.5037,1.504,1.60,2.40
2009.01.05 10:10:12.062,1.5037,1.504,1.60,4.80
2009.01.05 10:10:14.141,1.5037,1.504,1.60,5.80
2009.01.05 10:10:14.321,1.5037,1.504,1.60,4.80
2009.01.05 10:10:14.931,1.50365,1.504,4.00,6.40
2009.01.05 10:10:15.461,1.5037,1.5039,1.60,1.00
2009.01.05 10:10:15.851,1.5037,1.504,1.60,4.80
2009.01.05 10:10:16.321,1.5037,1.50405,3.40,2.40
2009.01.05 10:10:17.591,1.5037,1.5041,3.40,7.40
2009.01.05 10:10:18.120,1.5037,1.504,3.40,1.00
2009.01.05 10:10:18.350,1.5037,1.504,1.60,2.40
2009.01.05 10:10:19.590,1.50365,1.504,2.60,6.40
2009.01.05 10:10:19.990,1.50365,1.5039,2.60,1.20
2009.01.05 10:10:20.450,1.50365,1.5039,2.60,3.40
2009.01.05 10:10:20.870,1.5035,1.50375,2.40,1.00
2009.01.05 10:10:21.479,1.5035,1.50385,2.40,2.40
2009.01.05 10:10:21.940,1.50355,1.5039,1.80,2.40
2009.01.05 10:10:22.469,1.50355,1.5039,4.00,3.40
2009.01.05 10:10:23.329,1.50355,1.50395,4.00,5.80
2009.01.05 10:10:23.919,1.5036,1.5039,2.20,4.80
2009.01.05 10:10:24.319,1.5036,1.5039,1.00,4.80
2009.01.05 10:10:24.769,1.50355,1.50395,4.00,5.80
2009.01.05 10:10:25.219,1.5036,1.5039,2.20,2.40
2009.01.05 10:10:25.789,1.50355,1.5039,4.00,2.40
2009.01.05 10:10:26.128,1.50355,1.5039,4.00,2.40
2009.01.05 10:10:26.768,1.5036,1.5039,2.20,4.80
2009.01.05 10:10:27.349,1.5036,1.5039,1.00,4.80
2009.01.05 10:10:29.758,1.5036,1.5038,1.00,1.00
2009.01.05 10:10:30.327,1.5036,1.50385,1.00,2.40
2009.01.05 10:10:31.127,1.5036,1.50385,1.00,3.40
2009.01.05 10:10:31.767,1.50355,1.50375,2.60,1.00
2009.01.05 10:10:32.177,1.50355,1.5039,2.60,5.80
2009.01.05 10:10:32.647,1.50355,1.5039,2.60,4.80
2009.01.05 10:10:33.747,1.50355,1.5039,2.60,2.40
2009.01.05 10:10:34.146,1.50355,1.5039,4.00,2.40
2009.01.05 10:10:34.726,1.50355,1.50395,4.00,2.40
2009.01.05 10:10:36.666,1.50355,1.50395,6.20,2.40
2009.01.05 10:10:37.526,1.5036,1.50395,2.00,2.40
2009.01.05 10:10:38.365,1.5036,1.504,2.00,4.80
2009.01.05 10:10:40.875,1.5036,1.50395,2.00,2.40
2009.01.05 10:10:41.385,1.50375,1.50395,2.40,2.40
2009.01.05 10:10:42.025,1.5036,1.50395,2.00,2.40
2009.01.05 10:10:42.915,1.50355,1.50395,6.20,2.40
2009.01.05 10:10:43.314,1.5036,1.5039,2.00,2.40
2009.01.05 10:10:44.174,1.5036,1.50395,2.00,2.40
2009.01.05 10:10:44.464,1.5036,1.504,2.00,4.80
2009.01.05 10:10:45.944,1.50375,1.504,2.40,4.80
2009.01.05 10:10:46.343,1.5036,1.504,2.80,2.40
2009.01.05 10:10:46.693,1.50355,1.504,9.60,4.80
2009.01.05 10:10:47.063,1.50355,1.504,7.00,4.80
2009.01.05 10:10:47.173,1.5036,1.504,2.00,4.80
2009.01.05 10:10:48.563,1.5036,1.504,2.00,4.80
2009.01.05 10:10:52.362,1.50355,1.504,9.60,4.80
2009.01.05 10:10:52.922,1.50355,1.504,7.00,4.80
2009.01.05 10:10:53.372,1.5036,1.504,2.00,4.80
2009.01.05 10:10:54.242,1.50355,1.504,9.60,4.80
2009.01.05 10:10:54.712,1.5036,1.50395,2.00,2.40
2009.01.05 10:10:55.221,1.5036,1.504,2.00,4.80
2009.01.05 10:10:56.221,1.5036,1.50385,1.00,2.40
2009.01.05 10:10:56.491,1.50375,1.5041,4.60,8.00
2009.01.05 10:10:57.231,1.50375,1.50415,1.00,1.00
2009.01.05 10:10:58.071,1.50365,1.5041,2.80,3.40
2009.01.05 10:10:59.242,1.5039,1.50445,2.00,2.40
2009.01.05 10:10:59.740,1.504,1.5045,2.00,10.40
2009.01.05 10:11:01.410,1.5041,1.50435,2.00,2.40
2009.01.05 10:11:02.220,1.5041,1.5044,2.00,10.40
2009.01.05 10:11:03.410,1.5041,1.5044,2.80,8.00
2009.01.05 10:11:03.929,1.5042,1.50465,1.00,16.00
2009.01.05 10:11:04.929,1.5042,1.50465,3.20,3.40
2009.01.05 10:11:05.379,1.50425,1.5047,2.80,2.40
2009.01.05 10:11:07.039,1.50425,1.5047,1.00,3.40
2009.01.05 10:11:08.708,1.5042,1.50465,2.80,2.40
2009.01.05 10:11:09.238,1.50415,1.5046,2.80,3.40
2009.01.05 10:11:09.658,1.50415,1.50455,2.80,2.40
2009.01.05 10:11:10.048,1.50405,1.5045,1.00,3.40
2009.01.05 10:11:11.168,1.5042,1.5046,1.00,1.00
2009.01.05 10:11:11.697,1.5041,1.50455,1.00,2.40
2009.01.05 10:11:12.787,1.5041,1.5044,1.00,2.40
2009.01.05 10:11:13.307,1.504,1.5043,5.60,1.00
2009.01.05 10:11:13.717,1.504,1.5045,2.80,2.40
2009.01.05 10:11:14.297,1.50405,1.5045,1.00,2.40
2009.01.05 10:11:14.777,1.50405,1.5045,1.00,3.40
2009.01.05 10:11:15.476,1.504,1.50445,7.40,2.40
2009.01.05 10:11:15.826,1.50405,1.50445,1.00,2.40
2009.01.05 10:11:16.286,1.504,1.50435,2.00,2.40
2009.01.05 10:11:16.636,1.504,1.50445,2.80,4.80
2009.01.05 10:11:17.286,1.504,1.50435,2.00,2.40
2009.01.05 10:11:18.126,1.50405,1.50445,2.00,2.40
2009.01.05 10:11:18.636,1.50405,1.50445,2.00,4.80
2009.01.05 10:11:19.326,1.504,1.50445,2.80,4.80
2009.01.05 10:11:19.846,1.504,1.50445,4.60,4.80
2009.01.05 10:11:20.085,1.50405,1.50445,2.00,4.80
2009.01.05 10:11:20.845,1.5041,1.50445,1.80,4.80
2009.01.05 10:11:21.405,1.504,1.50445,4.60,4.80
2009.01.05 10:11:21.685,1.504,1.50435,4.60,2.40
2009.01.05 10:11:22.035,1.504,1.50435,4.00,4.80
2009.01.05 10:11:22.325,1.504,1.50435,1.80,4.80
2009.01.05 10:11:23.115,1.504,1.50435,1.80,4.80
2009.01.05 10:11:23.584,1.5039,1.5043,4.60,2.40
2009.01.05 10:11:24.255,1.5039,1.50435,4.60,4.80
2009.01.05 10:11:24.604,1.504,1.50435,1.80,4.80
2009.01.05 10:11:25.704,1.504,1.50435,1.80,4.80
2009.01.05 10:11:26.024,1.504,1.50435,1.80,4.80
2009.01.05 10:11:26.594,1.504,1.50435,1.80,2.40
2009.01.05 10:11:26.764,1.5041,1.5044,1.80,2.40
2009.01.05 10:11:26.984,1.5041,1.5044,2.60,2.40
2009.01.05 10:11:27.274,1.50405,1.5043,4.80,1.00
2009.01.05 10:11:27.793,1.5041,1.50435,2.20,3.40
2009.01.05 10:11:28.254,1.50395,1.50435,1.00,5.80
2009.01.05 10:11:28.713,1.5038,1.50425,2.80,2.40
2009.01.05 10:11:29.003,1.5038,1.5042,2.00,2.40
2009.01.05 10:11:29.473,1.5038,1.50425,2.80,2.40
2009.01.05 10:11:31.173,1.5038,1.50415,2.00,1.40
2009.01.05 10:11:31.643,1.5038,1.5041,2.00,2.40
2009.01.05 10:11:32.103,1.50385,1.50425,2.00,2.40
2009.01.05 10:11:32.512,1.5038,1.50425,1.00,3.40
2009.01.05 10:11:33.262,1.50375,1.50415,2.00,2.40
2009.01.05 10:11:33.782,1.5038,1.5041,1.00,2.40
2009.01.05 10:11:34.222,1.5037,1.50405,8.00,4.80
2009.01.05 10:11:35.022,1.5037,1.50405,8.00,5.80
2009.01.05 10:11:35.322,1.50355,1.50395,6.20,4.80
2009.01.05 10:11:35.782,1.50355,1.50395,7.00,4.80
2009.01.05 10:11:36.871,1.50355,1.50395,7.00,2.40
2009.01.05 10:11:37.391,1.5036,1.50395,2.00,2.40
2009.01.05 10:11:37.901,1.50375,1.50405,4.00,2.40
2009.01.05 10:11:38.431,1.50375,1.5041,4.00,1.60
2009.01.05 10:11:39.021,1.50385,1.50425,4.00,2.40
2009.01.05 10:11:39.531,1.5039,1.5043,3.00,4.00
2009.01.05 10:11:40.040,1.5039,1.50425,3.00,2.40
2009.01.05 10:11:40.550,1.50385,1.5043,1.00,3.40
2009.01.05 10:11:41.020,1.5039,1.5043,2.00,2.40
2009.01.05 10:11:41.630,1.50395,1.5043,2.00,2.40
2009.01.05 10:11:42.130,1.5039,1.5043,2.00,2.40
2009.01.05 10:11:42.700,1.5038,1.5042,2.80,3.80
2009.01.05 10:11:43.100,1.5038,1.50405,2.00,1.00
2009.01.05 10:11:43.750,1.50375,1.50405,6.20,1.00
2009.01.05 10:11:45.439,1.50375,1.50405,4.00,1.00
2009.01.05 10:11:46.109,1.50375,1.5041,4.00,2.40
2009.01.05 10:11:46.559,1.5038,1.50405,2.20,4.80
2009.01.05 10:11:46.979,1.5039,1.5041,2.40,2.40
2009.01.05 10:11:47.479,1.50395,1.5042,1.80,1.20
2009.01.05 10:11:48.238,1.50385,1.5042,2.00,2.40
2009.01.05 10:11:48.928,1.5039,1.50425,2.00,2.40
2009.01.05 10:11:49.268,1.5039,1.50435,2.80,2.40
2009.01.05 10:11:50.478,1.50405,1.50445,2.00,2.40
2009.01.05 10:11:51.458,1.50395,1.5044,2.80,2.40
2009.01.05 10:11:52.438,1.5039,1.5043,2.00,2.40
2009.01.05 10:11:52.987,1.50375,1.50415,2.00,2.40
2009.01.05 10:11:53.408,1.50385,1.50425,3.00,3.40
2009.01.05 10:11:53.987,1.50395,1.5042,1.80,2.40
2009.01.05 10:11:54.567,1.50395,1.5043,1.80,5.80
2009.01.05 10:11:55.587,1.50395,1.5043,4.00,2.40
2009.01.05 10:11:56.336,1.504,1.50425,2.20,2.40
2009.01.05 10:11:56.497,1.50395,1.50425,2.40,1.00
2009.01.05 10:11:56.916,1.50395,1.50435,4.80,4.80
2009.01.05 10:11:57.317,1.50395,1.50435,7.00,4.80
2009.01.05 10:11:57.676,1.50395,1.50435,6.20,4.80
2009.01.05 10:11:58.446,1.50395,1.5043,6.20,2.40
2009.01.05 10:11:59.386,1.504,1.50435,1.60,2.40
2009.01.05 10:12:00.455,1.50405,1.5044,2.00,3.80
2009.01.05 10:12:00.905,1.504,1.50425,2.20,2.40
2009.01.05 10:12:01.366,1.504,1.50425,1.00,4.80
2009.01.05 10:12:02.485,1.50395,1.5043,4.00,2.40
2009.01.05 10:12:02.885,1.50395,1.5043,6.20,2.40
2009.01.05 10:12:03.455,1.50395,1.50435,4.80,2.40
2009.01.05 10:12:03.805,1.50395,1.50435,2.60,2.40
2009.01.05 10:12:04.445,1.50395,1.50435,4.00,2.40
2009.01.05 10:12:04.905,1.50395,1.50425,4.00,2.40
2009.01.05 10:12:05.514,1.50395,1.50435,4.80,2.40
2009.01.05 10:12:06.194,1.50395,1.50435,6.20,2.40
2009.01.05 10:12:06.784,1.504,1.5043,1.60,1.40
2009.01.05 10:12:07.234,1.504,1.5043,2.00,2.40
2009.01.05 10:12:07.584,1.50395,1.5043,6.20,2.40
2009.01.05 10:12:09.364,1.50395,1.50425,4.00,2.40
2009.01.05 10:12:09.813,1.504,1.50425,1.00,4.80
2009.01.05 10:12:10.403,1.504,1.50425,1.00,2.40
2009.01.05 10:12:10.983,1.504,1.50425,1.00,2.40
2009.01.05 10:12:11.323,1.50395,1.50435,6.20,4.80
2009.01.05 10:12:12.203,1.50395,1.50435,6.20,4.80
2009.01.05 10:12:12.783,1.50395,1.5043,6.20,2.40
2009.01.05 10:12:14.052,1.50395,1.50435,6.20,4.80
2009.01.05 10:12:14.822,1.504,1.5043,2.20,3.80
2009.01.05 10:12:14.933,1.50395,1.5043,6.20,2.40
2009.01.05 10:12:15.332,1.50395,1.5044,7.00,2.40
2009.01.05 10:12:15.802,1.50405,1.5044,2.00,2.40
2009.01.05 10:12:16.272,1.50405,1.50445,2.00,2.40
2009.01.05 10:12:17.461,1.50405,1.5044,2.00,2.40
2009.01.05 10:12:17.911,1.5041,1.5045,2.00,2.40
2009.01.05 10:12:18.581,1.50415,1.5045,2.00,2.40
2009.01.05 10:12:19.671,1.5042,1.50455,2.00,2.40
2009.01.05 10:12:20.131,1.50435,1.5048,2.60,2.40
2009.01.05 10:12:20.191,1.5043,1.5046,1.00,1.00
2009.01.05 10:12:21.490,1.5043,1.50465,1.80,2.40
2009.01.05 10:12:22.490,1.50415,1.5046,2.80,2.40
2009.01.05 10:12:24.150,1.50415,1.50455,2.00,2.40
2009.01.05 10:12:25.180,1.50415,1.5044,2.00,2.40
2009.01.05 10:12:25.690,1.50415,1.50455,2.00,2.40
2009.01.05 10:12:26.089,1.5042,1.50465,1.00,3.40
2009.01.05 10:12:26.619,1.50415,1.5046,2.80,2.40
2009.01.05 10:12:28.179,1.50425,1.50465,1.00,1.20
2009.01.05 10:12:28.509,1.50415,1.50455,2.80,2.40
2009.01.05 10:12:29.548,1.5041,1.5045,2.00,2.40
2009.01.05 10:12:30.128,1.5041,1.50455,2.80,2.40
2009.01.05 10:12:31.568,1.50415,1.50455,2.00,2.40
2009.01.05 10:12:31.958,1.50415,1.50455,2.80,2.40
2009.01.05 10:12:32.478,1.5042,1.50465,1.00,3.40
2009.01.05 10:12:32.768,1.50415,1.50455,2.80,2.40
2009.01.05 10:12:33.578,1.5042,1.50465,1.00,3.40
2009.01.05 10:12:34.408,1.5043,1.5047,2.00,2.40
2009.01.05 10:12:34.917,1.5043,1.50465,2.00,2.40
2009.01.05 10:12:36.237,1.50435,1.50465,4.00,2.40
2009.01.05 10:12:37.007,1.5043,1.5047,2.80,2.40
2009.01.05 10:12:37.067,1.50425,1.50465,1.00,1.20
2009.01.05 10:12:37.877,1.5042,1.5046,2.00,2.40
2009.01.05 10:12:38.606,1.5042,1.50455,2.00,2.40
2009.01.05 10:12:39.136,1.5042,1.5046,2.00,2.40
2009.01.05 10:12:39.986,1.50415,1.5045,2.00,2.40
2009.01.05 10:12:40.436,1.5041,1.5045,2.00,2.40
2009.01.05 10:12:40.906,1.50415,1.50455,2.00,2.40
2009.01.05 10:12:41.486,1.5042,1.50465,5.60,2.40
2009.01.05 10:12:42.016,1.5043,1.5047,1.00,2.40
2009.01.05 10:12:42.365,1.5043,1.5047,1.00,3.40
2009.01.05 10:12:42.775,1.5043,1.5046,1.00,2.40
2009.01.05 10:12:43.625,1.50405,1.50455,2.80,2.40
2009.01.05 10:12:46.455,1.50415,1.5045,4.00,2.40
2009.01.05 10:12:46.755,1.50415,1.5045,1.80,2.40
2009.01.05 10:12:47.174,1.5041,1.5044,3.00,2.40
2009.01.05 10:12:47.744,1.50415,1.50445,2.00,2.40
2009.01.05 10:12:48.254,1.5041,1.5045,4.60,2.40
2009.01.05 10:12:48.604,1.5041,1.5045,4.00,4.80
2009.01.05 10:12:49.694,1.50415,1.5045,2.00,2.40
2009.01.05 10:12:50.154,1.50415,1.50455,2.00,2.40
2009.01.05 10:12:50.613,1.50415,1.50455,6.20,2.40
2009.01.05 10:12:51.013,1.50415,1.50455,7.00,2.40
2009.01.05 10:12:51.543,1.5043,1.50465,2.00,2.40
2009.01.05 10:12:52.103,1.5043,1.5047,2.00,2.40
2009.01.05 10:12:52.843,1.5044,1.50475,2.00,4.80
2009.01.05 10:12:53.293,1.5043,1.5047,2.00,2.40
2009.01.05 10:12:54.752,1.50435,1.5046,4.00,1.00
2009.01.05 10:12:55.552,1.5044,1.50475,1.80,2.40
2009.01.05 10:12:56.212,1.50435,1.5046,2.40,1.00
2009.01.05 10:12:56.732,1.50435,1.5047,4.00,2.40
2009.01.05 10:12:57.092,1.50445,1.50465,1.80,1.00
2009.01.05 10:12:57.542,1.5044,1.50475,1.00,2.40
2009.01.05 10:12:57.952,1.50425,1.5047,3.00,3.40
2009.01.05 10:12:58.412,1.5042,1.50465,5.60,2.40
2009.01.05 10:12:59.291,1.5042,1.50465,2.80,2.40
2009.01.05 10:13:00.221,1.50415,1.50455,2.40,4.80
2009.01.05 10:13:01.081,1.5043,1.5045,2.20,1.00
2009.01.05 10:13:01.581,1.50435,1.5045,1.00,1.40
2009.01.05 10:13:02.701,1.50425,1.50435,2.00,2.40
2009.01.05 10:13:03.051,1.50415,1.5047,2.80,2.40
2009.01.05 10:13:03.451,1.5042,1.50475,1.00,3.40
2009.01.05 10:13:03.851,1.50415,1.50465,2.00,2.40
2009.01.05 10:13:04.370,1.50415,1.5045,4.00,2.40
2009.01.05 10:13:04.880,1.50415,1.50455,4.60,4.80
2009.01.05 10:13:08.869,1.5042,1.50455,2.00,4.80
2009.01.05 10:13:09.410,1.5042,1.50455,6.20,2.40
2009.01.05 10:13:10.379,1.5042,1.50455,7.00,2.40
2009.01.05 10:13:11.979,1.50425,1.50455,3.00,2.40
2009.01.05 10:13:12.318,1.50425,1.5045,7.00,1.00
2009.01.05 10:13:12.838,1.50425,1.5046,7.00,4.00
2009.01.05 10:13:13.688,1.50425,1.5046,6.20,4.00
2009.01.05 10:13:24.636,1.50445,1.50495,3.60,2.40
2009.01.05 10:13:25.325,1.5045,1.5049,1.40,2.40
2009.01.05 10:13:25.745,1.5045,1.50475,1.00,2.40
2009.01.05 10:13:26.105,1.50435,1.50475,7.00,2.40
2009.01.05 10:13:26.685,1.5044,1.50475,2.00,2.40
2009.01.05 10:13:27.145,1.5045,1.50475,2.20,2.40
2009.01.05 10:13:27.965,1.50435,1.50475,7.00,2.40
2009.01.05 10:13:28.305,1.5045,1.50475,2.20,2.40
2009.01.05 10:13:31.784,1.50445,1.5047,2.40,1.00
2009.01.05 10:13:32.294,1.50435,1.50475,1.00,2.40
2009.01.05 10:13:33.773,1.50435,1.50475,2.80,2.40
2009.01.05 10:13:34.453,1.50435,1.50475,4.60,2.40
2009.01.05 10:13:36.662,1.50435,1.50475,7.00,2.40
2009.01.05 10:13:42.331,1.5045,1.50475,2.20,2.40
2009.01.05 10:13:42.671,1.5045,1.50465,2.20,1.40
2009.01.05 10:13:43.001,1.50435,1.50455,2.00,2.40
2009.01.05 10:13:43.631,1.50435,1.5047,2.20,1.00
2009.01.05 10:13:44.201,1.5041,1.5046,2.80,2.40
2009.01.05 10:13:46.650,1.5042,1.5046,1.00,1.20
2009.01.05 10:13:47.210,1.5042,1.50465,1.00,3.40
2009.01.05 10:13:50.049,1.50415,1.5046,2.80,2.40
2009.01.05 10:13:50.679,1.50415,1.50455,2.00,2.40
2009.01.05 10:13:51.429,1.50425,1.5046,1.00,1.20
2009.01.05 10:13:51.549,1.50425,1.5046,1.00,1.00
2009.01.05 10:13:55.728,1.50415,1.50455,2.80,2.40
2009.01.05 10:13:56.997,1.50415,1.50455,2.00,2.40
2009.01.05 10:13:57.807,1.50415,1.5045,2.00,2.40
2009.01.05 10:13:58.627,1.50405,1.5045,2.80,2.40
2009.01.05 10:14:00.987,1.50415,1.50455,1.00,3.40
2009.01.05 10:14:01.397,1.5041,1.5045,1.00,1.20
2009.01.05 10:14:01.877,1.50405,1.50445,2.00,2.40
2009.01.05 10:14:02.387,1.5041,1.5045,1.00,1.20
2009.01.05 10:14:03.296,1.5041,1.50455,1.00,3.40
2009.01.05 10:14:03.866,1.5041,1.50455,2.80,2.40
2009.01.05 10:14:06.025,1.5041,1.5045,2.00,2.40
2009.01.05 10:14:08.625,1.5041,1.50455,2.80,2.40
2009.01.05 10:14:09.874,1.50415,1.50455,1.00,2.40
2009.01.05 10:14:10.274,1.5041,1.50455,2.80,2.40
2009.01.05 10:14:10.675,1.50405,1.5045,2.80,2.40
2009.01.05 10:14:11.035,1.50405,1.50445,2.80,2.40
2009.01.05 10:14:12.004,1.5042,1.50445,1.80,2.40
2009.01.05 10:14:12.174,1.5042,1.5045,2.40,3.80
2009.01.05 10:14:12.974,1.5041,1.5044,3.20,2.40
2009.01.05 10:14:13.535,1.50405,1.50445,2.80,2.40
2009.01.05 10:14:13.983,1.5041,1.50445,4.60,2.40
2009.01.05 10:14:15.063,1.5042,1.5045,2.40,1.00
2009.01.05 10:14:15.473,1.50405,1.5045,2.80,2.40
2009.01.05 10:14:16.333,1.50405,1.5045,5.60,2.40
2009.01.05 10:14:16.623,1.50415,1.5045,2.00,2.40
2009.01.05 10:14:18.952,1.50415,1.50455,2.00,4.80
2009.01.05 10:14:19.812,1.50405,1.5044,4.40,2.40
2009.01.05 10:14:20.192,1.5041,1.5044,4.40,1.60
2009.01.05 10:14:21.172,1.50415,1.50435,2.20,2.40
2009.01.05 10:14:21.792,1.5039,1.50435,6.20,4.80
2009.01.05 10:14:22.302,1.504,1.50435,2.00,4.80
2009.01.05 10:14:22.651,1.504,1.50445,4.60,6.40
2009.01.05 10:14:23.272,1.50405,1.5044,4.60,1.60
2009.01.05 10:14:24.081,1.50405,1.5044,4.00,1.60
2009.01.05 10:14:24.501,1.504,1.50435,3.00,2.40
2009.01.05 10:14:25.601,1.50395,1.50435,6.20,4.80
2009.01.05 10:14:26.071,1.50405,1.50445,2.80,2.40
2009.01.05 10:14:28.640,1.50405,1.5045,2.80,2.40
2009.01.05 10:14:30.210,1.50405,1.50445,2.80,2.40
2009.01.05 10:14:31.449,1.50405,1.50445,2.00,2.40
2009.01.05 10:14:32.079,1.50405,1.50445,2.80,2.40
2009.01.05 10:14:32.369,1.504,1.50445,5.60,2.40
2009.01.05 10:14:32.989,1.50405,1.50445,1.00,2.40
2009.01.05 10:14:34.259,1.50405,1.50445,2.80,2.40
2009.01.05 10:14:34.788,1.50405,1.5045,7.00,2.40
2009.01.05 10:14:35.688,1.5041,1.5045,2.00,2.40
2009.01.05 10:14:37.808,1.5041,1.50455,2.80,4.80
2009.01.05 10:14:38.328,1.5041,1.5045,2.00,2.40
2009.01.05 10:14:41.797,1.50405,1.5045,4.80,3.40
2009.01.05 10:14:42.196,1.5041,1.50435,2.20,4.80
2009.01.05 10:14:42.567,1.5041,1.50425,1.00,1.00
2009.01.05 10:14:43.546,1.504,1.50435,1.60,4.80
2009.01.05 10:14:46.006,1.504,1.50425,1.60,1.00
2009.01.05 10:14:46.366,1.504,1.5043,2.20,4.80
2009.01.05 10:14:47.565,1.504,1.50435,1.60,5.80
2009.01.05 10:14:48.475,1.504,1.50435,3.80,4.80
2009.01.05 10:14:49.045,1.504,1.50435,4.60,2.40
2009.01.05 10:14:49.585,1.50395,1.50435,7.00,4.80
2009.01.05 10:14:50.105,1.50395,1.50435,6.20,4.80
2009.01.05 10:14:50.505,1.504,1.50445,3.00,3.40
2009.01.05 10:14:51.014,1.50405,1.50445,2.00,2.40
2009.01.05 10:14:52.064,1.504,1.50445,2.80,4.80
2009.01.05 10:14:53.864,1.504,1.50445,1.40,5.80
2009.01.05 10:14:55.184,1.50395,1.50435,5.40,2.40
2009.01.05 10:14:55.873,1.50395,1.50435,4.80,2.40
2009.01.05 10:14:56.563,1.504,1.50435,2.00,2.40
2009.01.05 10:14:57.153,1.504,1.5044,2.00,2.40
2009.01.05 10:14:58.113,1.50395,1.5044,5.40,3.40
2009.01.05 10:14:58.573,1.50395,1.50435,4.80,2.40
2009.01.05 10:14:59.073,1.5041,1.5045,2.00,5.60
2009.01.05 10:14:59.593,1.50405,1.5045,2.80,5.60
2009.01.05 10:15:00.052,1.50415,1.5045,1.00,3.20
2009.01.05 10:15:00.992,1.50415,1.50445,2.00,2.40
2009.01.05 10:15:01.383,1.50415,1.5045,2.00,5.60
2009.01.05 10:15:02.002,1.5042,1.5045,2.00,5.60
2009.01.05 10:15:03.012,1.5042,1.50445,2.00,2.40
2009.01.05 10:15:03.641,1.5042,1.5045,2.00,5.60
2009.01.05 10:15:04.411,1.5042,1.50445,2.00,2.40
2009.01.05 10:15:04.941,1.5042,1.5045,2.00,5.60
2009.01.05 10:15:07.782,1.5042,1.50445,2.00,2.40
2009.01.05 10:15:07.901,1.5042,1.5045,2.00,5.60
2009.01.05 10:15:09.990,1.5042,1.50445,2.00,2.40
2009.01.05 10:15:10.810,1.5042,1.5045,2.00,3.20
2009.01.05 10:15:11.400,1.5042,1.50445,2.00,2.40
2009.01.05 10:15:12.099,1.5042,1.5045,2.00,3.20
2009.01.05 10:15:13.129,1.50425,1.5045,1.00,3.20
2009.01.05 10:15:14.689,1.50425,1.50465,1.00,1.20
2009.01.05 10:15:15.499,1.5042,1.5045,2.80,3.20
2009.01.05 10:15:17.358,1.5042,1.5045,2.00,3.20
2009.01.05 10:15:20.158,1.5042,1.5045,2.00,5.60
2009.01.05 10:15:21.217,1.5042,1.5045,2.00,3.20
2009.01.05 10:15:27.685,1.5042,1.5045,2.80,3.20
2009.01.05 10:15:32.495,1.50425,1.5045,1.00,3.20
2009.01.05 10:15:32.945,1.5044,1.50475,1.00,1.20
2009.01.05 10:15:34.264,1.50435,1.50455,1.00,3.20
2009.01.05 10:15:34.554,1.50445,1.50475,1.00,1.20
2009.01.05 10:15:35.264,1.5044,1.50475,1.00,1.20
2009.01.05 10:15:37.043,1.50445,1.5047,1.00,1.20
2009.01.05 10:15:37.733,1.50435,1.5047,1.00,1.20
2009.01.05 10:15:38.083,1.5044,1.5048,1.40,1.20
2009.01.05 10:15:38.493,1.5044,1.5048,1.00,1.20
2009.01.05 10:15:38.913,1.50435,1.50475,1.00,2.40
2009.01.05 10:15:41.103,1.5043,1.5047,2.00,2.40
2009.01.05 10:15:41.392,1.50435,1.5048,1.00,3.40
2009.01.05 10:15:41.982,1.5043,1.50475,2.80,2.40
2009.01.05 10:15:44.262,1.50425,1.5047,2.80,2.40
2009.01.05 10:15:44.772,1.50425,1.50465,2.00,2.40
2009.01.05 10:15:45.791,1.5042,1.50465,2.80,2.40
2009.01.05 10:15:46.231,1.50425,1.5047,1.00,3.40
2009.01.05 10:15:47.961,1.5042,1.50465,2.80,2.40
2009.01.05 10:15:48.321,1.5042,1.50465,1.00,3.40
2009.01.05 10:15:48.791,1.50415,1.5046,2.80,2.40
2009.01.05 10:15:50.720,1.50415,1.5046,5.20,2.40
2009.01.05 10:15:51.130,1.50425,1.5046,2.00,2.40
2009.01.05 10:15:51.960,1.5043,1.50475,1.00,3.40
2009.01.05 10:15:52.350,1.50425,1.5047,1.00,3.40
2009.01.05 10:15:52.759,1.5042,1.5046,2.00,2.40
2009.01.05 10:15:53.100,1.50415,1.5046,2.80,2.40
2009.01.05 10:15:54.309,1.5042,1.50465,2.80,2.40
2009.01.05 10:15:54.899,1.50435,1.50475,1.00,3.40
2009.01.05 10:15:55.240,1.5043,1.50475,1.00,3.40
2009.01.05 10:15:55.919,1.50425,1.5047,1.00,3.40
2009.01.05 10:15:58.738,1.5042,1.50465,2.80,2.40
2009.01.05 10:15:59.618,1.50425,1.5047,1.00,3.40
2009.01.05 10:16:00.198,1.50465,1.50485,2.20,1.20
2009.01.05 10:16:00.588,1.5046,1.5052,2.40,7.20
2009.01.05 10:16:01.198,1.5047,1.5052,6.60,7.20
2009.01.05 10:16:01.897,1.5047,1.50505,4.80,3.40
2009.01.05 10:16:02.407,1.50465,1.50505,1.80,5.80
2009.01.05 10:16:02.817,1.50475,1.50505,2.20,4.80
2009.01.05 10:16:03.087,1.5047,1.5051,4.00,6.20
2009.01.05 10:16:03.427,1.50465,1.50505,4.60,3.80
2009.01.05 10:16:04.177,1.5046,1.50495,7.00,2.40
2009.01.05 10:16:05.527,1.5046,1.50485,3.00,2.40
2009.01.05 10:16:06.236,1.5045,1.50495,2.80,4.80
2009.01.05 10:16:07.196,1.5045,1.50495,2.80,5.80
2009.01.05 10:16:07.666,1.5045,1.50485,2.80,2.40
2009.01.05 10:16:07.776,1.5045,1.50485,1.00,2.40
2009.01.05 10:16:08.486,1.50445,1.50485,4.60,2.40
2009.01.05 10:16:11.006,1.5045,1.50485,3.00,2.40
2009.01.05 10:16:11.175,1.5045,1.50485,4.80,2.40
2009.01.05 10:16:14.174,1.50455,1.5049,1.80,2.40
2009.01.05 10:16:14.705,1.50455,1.5048,2.40,1.20
2009.01.05 10:16:15.204,1.50445,1.5048,1.00,1.20
2009.01.05 10:16:15.614,1.50445,1.5049,1.00,3.40
2009.01.05 10:16:17.643,1.50445,1.5049,1.00,5.20
2009.01.05 10:16:17.754,1.50445,1.50485,1.00,3.40
2009.01.05 10:16:18.274,1.5044,1.50485,1.00,5.80
2009.01.05 10:16:18.733,1.50435,1.5048,1.00,3.40
2009.01.05 10:16:19.463,1.50435,1.5048,1.00,4.80
2009.01.05 10:16:20.873,1.5044,1.5048,1.00,2.20
2009.01.05 10:16:21.273,1.50435,1.5048,1.00,4.80
2009.01.05 10:16:24.122,1.50435,1.5048,4.60,3.40
2009.01.05 10:16:24.762,1.50435,1.5048,4.60,2.40
2009.01.05 10:16:24.992,1.5044,1.5048,1.00,2.40
2009.01.05 10:16:26.711,1.5044,1.50485,1.00,5.80
2009.01.05 10:16:27.121,1.50445,1.5048,2.20,2.40
2009.01.05 10:16:27.521,1.50435,1.5048,2.80,2.40
2009.01.05 10:16:27.921,1.5044,1.5048,2.00,2.40
2009.01.05 10:16:28.331,1.5045,1.50485,4.60,2.40
2009.01.05 10:16:29.651,1.50465,1.5051,1.80,3.80
2009.01.05 10:16:30.111,1.50475,1.5051,2.00,2.40
2009.01.05 10:16:30.700,1.5048,1.5051,4.60,1.60
2009.01.05 10:16:31.261,1.5047,1.50505,3.00,2.40
2009.01.05 10:16:31.610,1.50465,1.50505,7.00,2.40
2009.01.05 10:16:31.970,1.5047,1.505,4.00,1.00
2009.01.05 10:16:32.140,1.5047,1.50505,3.00,2.40
2009.01.05 10:16:33.200,1.5048,1.505,2.20,1.00
2009.01.05 10:16:33.651,1.50475,1.5051,3.00,4.00
2009.01.05 10:16:34.180,1.50475,1.5051,1.00,4.00
2009.01.05 10:16:35.619,1.50475,1.50505,1.00,2.40
2009.01.05 10:16:36.239,1.5047,1.505,3.00,1.60
2009.01.05 10:16:38.769,1.50475,1.5051,2.00,1.60
2009.01.05 10:16:39.348,1.5048,1.5051,1.00,1.00
2009.01.05 10:16:39.748,1.50505,1.50535,1.00,1.20
2009.01.05 10:16:40.268,1.50485,1.50535,2.40,1.20
2009.01.05 10:16:40.648,1.50495,1.50535,1.80,1.20
2009.01.05 10:16:41.108,1.50515,1.50525,1.00,1.20
2009.01.05 10:16:42.048,1.50475,1.50515,5.20,1.20
2009.01.05 10:16:42.517,1.5046,1.5051,1.00,1.20
2009.01.05 10:16:42.788,1.5046,1.5052,2.80,2.80
2009.01.05 10:16:43.358,1.5046,1.5052,5.60,2.40
2009.01.05 10:16:43.817,1.5048,1.5051,1.00,1.20
2009.01.05 10:16:44.227,1.50475,1.50515,1.00,1.20
2009.01.05 10:16:45.037,1.50475,1.5052,1.00,3.40
2009.01.05 10:16:45.787,1.5048,1.5052,1.00,3.40
2009.01.05 10:16:46.197,1.50475,1.5052,2.80,2.40
2009.01.05 10:16:46.757,1.5048,1.50525,1.00,5.80
2009.01.05 10:16:47.056,1.50475,1.5052,2.80,2.40
2009.01.05 10:16:48.086,1.50485,1.50525,1.00,4.80
2009.01.05 10:16:48.606,1.5048,1.50525,2.80,4.80
2009.01.05 10:16:48.956,1.50495,1.5053,2.00,2.40
2009.01.05 10:16:49.766,1.5052,1.50555,1.00,1.20
2009.01.05 10:16:50.356,1.50515,1.5055,1.00,1.20
2009.01.05 10:16:50.815,1.5053,1.50535,1.00,4.10
2009.01.05 10:16:52.125,1.5046,1.50515,1.00,2.40
2009.01.05 10:16:52.545,1.5046,1.50505,1.00,1.20
2009.01.05 10:16:53.065,1.5047,1.505,8.00,1.20
2009.01.05 10:17:00.943,1.50475,1.505,1.00,1.20
2009.01.05 10:17:04.372,1.50475,1.50505,1.00,1.20
2009.01.05 10:17:07.861,1.50475,1.5051,1.00,1.20
2009.01.05 10:17:14.430,1.50475,1.5051,1.00,1.00
2009.01.05 10:17:15.330,1.50475,1.5051,1.00,1.20
2009.01.05 10:17:16.129,1.5048,1.5051,1.00,1.20
2009.01.05 10:17:16.370,1.50475,1.5051,1.00,1.20
2009.01.05 10:17:17.510,1.5049,1.5051,2.40,1.00
2009.01.05 10:17:18.369,1.5049,1.50525,1.00,3.40
2009.01.05 10:17:19.259,1.5048,1.50525,2.80,5.80
2009.01.05 10:17:19.649,1.5048,1.5052,2.80,2.40
2009.01.05 10:17:20.109,1.50485,1.5052,2.00,2.40
2009.01.05 10:17:20.848,1.5048,1.5052,1.00,1.00
2009.01.05 10:17:21.249,1.5048,1.5052,1.00,3.40
2009.01.05 10:17:21.638,1.50475,1.5052,1.00,3.40
2009.01.05 10:17:22.048,1.5048,1.5052,2.00,2.40
2009.01.05 10:17:22.728,1.5048,1.5052,2.80,2.40
2009.01.05 10:17:23.458,1.5048,1.5052,1.00,2.40
2009.01.05 10:17:23.628,1.50475,1.5052,1.00,3.40
2009.01.05 10:17:27.957,1.50475,1.50515,1.00,2.40
2009.01.05 10:17:29.746,1.5047,1.5051,10.80,2.40
2009.01.05 10:17:30.226,1.5047,1.5051,10.00,2.40
2009.01.05 10:17:31.006,1.5047,1.5051,8.00,2.40
2009.01.05 10:17:32.396,1.5047,1.5051,8.00,2.40
2009.01.05 10:17:32.815,1.5047,1.50505,8.00,1.00
2009.01.05 10:17:33.215,1.5047,1.50505,8.00,3.40
2009.01.05 10:17:33.326,1.5047,1.50505,8.00,1.00
2009.01.05 10:17:41.383,1.5047,1.50495,8.00,2.40
2009.01.05 10:17:41.913,1.5047,1.50495,8.00,2.40
2009.01.05 10:17:42.203,1.5047,1.50495,8.00,2.40
2009.01.05 10:17:43.113,1.5047,1.50495,8.00,3.40
2009.01.05 10:17:43.993,1.5047,1.50485,8.00,2.40
2009.01.05 10:17:44.323,1.50455,1.50485,1.00,2.40
2009.01.05 10:17:44.892,1.50455,1.5048,1.00,1.00
2009.01.05 10:17:45.463,1.50455,1.50495,1.00,3.40
2009.01.05 10:17:45.812,1.50455,1.505,1.00,3.40
2009.01.05 10:17:47.872,1.50455,1.50495,1.00,1.20
2009.01.05 10:17:48.272,1.50455,1.5049,1.00,1.00
2009.01.05 10:17:48.741,1.50445,1.5049,1.00,3.40
2009.01.05 10:17:49.752,1.50445,1.5049,3.00,3.40
2009.01.05 10:17:50.251,1.50455,1.5049,1.00,1.20
2009.01.05 10:17:50.652,1.5045,1.5049,1.00,1.20
2009.01.05 10:17:51.221,1.5044,1.50485,2.80,2.40
2009.01.05 10:17:51.841,1.5044,1.50485,1.00,3.40
2009.01.05 10:17:52.081,1.5044,1.5048,1.00,1.20
2009.01.05 10:17:52.471,1.5044,1.5048,1.00,3.40
2009.01.05 10:17:52.881,1.50435,1.50475,2.80,2.40
2009.01.05 10:17:53.001,1.5045,1.50485,2.00,2.40
2009.01.05 10:17:53.451,1.5046,1.50485,2.20,2.40
2009.01.05 10:17:54.040,1.50465,1.5051,1.00,4.80
2009.01.05 10:17:54.330,1.50465,1.5051,4.80,2.40
2009.01.05 10:17:55.540,1.50465,1.50505,7.00,2.40
2009.01.05 10:17:56.170,1.50465,1.50505,4.80,2.40
2009.01.05 10:17:56.610,1.50465,1.50505,2.40,2.40
2009.01.05 10:17:57.080,1.50465,1.50505,1.00,3.40
2009.01.05 10:17:57.670,1.5046,1.50505,1.00,5.80
2009.01.05 10:17:58.250,1.50475,1.50505,4.00,2.40
2009.01.05 10:17:58.729,1.50465,1.50505,4.80,4.80
2009.01.05 10:17:59.229,1.5046,1.50505,1.00,5.80
2009.01.05 10:17:59.639,1.50455,1.505,2.80,2.40
2009.01.05 10:18:00.159,1.5046,1.50505,1.00,5.80
2009.01.05 10:18:00.909,1.5046,1.50505,3.00,5.80
2009.01.05 10:18:01.268,1.5046,1.50505,2.80,4.80
2009.01.05 10:18:01.739,1.50465,1.50505,1.00,4.80
2009.01.05 10:18:03.918,1.50465,1.50505,5.60,4.80
2009.01.05 10:18:04.438,1.5047,1.50505,4.60,2.40
2009.01.05 10:18:04.858,1.5047,1.5051,4.60,3.80
2009.01.05 10:18:05.248,1.50475,1.5051,2.40,3.80
2009.01.05 10:18:05.488,1.50475,1.5051,4.00,1.60
2009.01.05 10:18:05.937,1.50475,1.50515,6.40,2.40
2009.01.05 10:18:08.688,1.5048,1.50515,4.40,2.40
2009.01.05 10:18:09.307,1.50485,1.5052,4.20,2.40
2009.01.05 10:18:10.576,1.50485,1.5052,6.40,2.40
2009.01.05 10:18:11.786,1.50485,1.5052,6.40,2.40
2009.01.05 10:18:12.466,1.50485,1.5052,4.20,2.40
2009.01.05 10:18:12.936,1.50485,1.5052,6.40,2.40
2009.01.05 10:18:13.576,1.50485,1.50505,1.00,2.40
2009.01.05 10:18:14.046,1.5047,1.5051,2.00,2.40
2009.01.05 10:18:14.636,1.50465,1.50505,1.00,2.40
2009.01.05 10:18:17.215,1.5047,1.50505,2.00,2.40
2009.01.05 10:18:17.325,1.5046,1.50495,9.20,2.40
2009.01.05 10:18:17.725,1.5047,1.50495,1.00,1.00
2009.01.05 10:18:18.074,1.5047,1.50505,2.80,2.40
2009.01.05 10:18:20.014,1.50465,1.50505,1.00,4.80
2009.01.05 10:18:20.294,1.5046,1.50505,9.20,4.80
2009.01.05 10:18:20.884,1.50465,1.50505,6.20,4.80
2009.01.05 10:18:21.334,1.50465,1.50505,7.00,2.40
2009.01.05 10:18:25.903,1.5046,1.50505,9.20,4.80
2009.01.05 10:18:26.983,1.5046,1.505,6.40,2.40
2009.01.05 10:18:28.412,1.5046,1.505,6.40,3.40
2009.01.05 10:18:28.642,1.5046,1.50495,6.40,2.40
2009.01.05 10:18:28.922,1.5046,1.50495,6.40,4.80
2009.01.05 10:18:30.961,1.5046,1.50495,6.40,2.40
2009.01.05 10:18:32.401,1.5046,1.50495,6.40,4.80
2009.01.05 10:18:42.089,1.5046,1.50495,7.00,2.40
2009.01.05 10:18:43.309,1.5046,1.50495,7.00,3.80
2009.01.05 10:18:43.598,1.5046,1.5049,7.00,2.40
2009.01.05 10:18:43.948,1.50455,1.5049,3.00,4.00
2009.01.05 10:18:46.798,1.5045,1.5049,7.00,4.00
2009.01.05 10:18:47.257,1.50455,1.5049,2.00,4.00
2009.01.05 10:18:47.877,1.50465,1.5049,2.20,1.60
2009.01.05 10:18:48.327,1.50455,1.5049,3.00,4.00
2009.01.05 10:18:49.037,1.50465,1.5049,2.20,1.60
2009.01.05 10:18:50.157,1.50465,1.50485,2.00,1.00
2009.01.05 10:18:50.727,1.50465,1.50495,4.40,2.40
2009.01.05 10:18:51.197,1.50475,1.505,1.80,2.40
2009.01.05 10:18:51.686,1.50475,1.505,4.00,1.00
2009.01.05 10:18:52.217,1.50475,1.505,4.60,1.00
2009.01.05 10:18:52.746,1.5049,1.50515,2.20,2.40
2009.01.05 10:18:53.206,1.5048,1.50515,2.80,2.40
2009.01.05 10:18:54.236,1.5048,1.50515,2.20,4.80
2009.01.05 10:18:54.746,1.5047,1.50515,2.80,4.80
2009.01.05 10:18:55.036,1.50475,1.50515,1.00,4.80
2009.01.05 10:18:56.065,1.5047,1.50515,2.80,4.80
2009.01.05 10:18:58.725,1.5047,1.5051,2.80,2.40
2009.01.05 10:19:02.034,1.50475,1.5051,2.00,2.40
2009.01.05 10:19:02.814,1.50475,1.50515,7.00,2.40
2009.01.05 10:19:03.564,1.50485,1.5052,7.00,1.60
2009.01.05 10:19:07.333,1.50495,1.5052,2.00,1.60
2009.01.05 10:19:08.233,1.50495,1.5052,4.40,1.60
2009.01.05 10:19:08.922,1.505,1.5053,6.20,1.60
2009.01.05 10:19:09.762,1.50495,1.5053,2.80,3.80
2009.01.05 10:19:10.562,1.50495,1.50525,1.00,2.40
2009.01.05 10:19:10.972,1.50495,1.50525,1.00,2.40
2009.01.05 10:19:11.092,1.50485,1.5051,1.00,3.80
2009.01.05 10:19:11.991,1.50475,1.50505,1.00,2.40
2009.01.05 10:19:12.551,1.50475,1.50505,1.00,2.40
2009.01.05 10:19:17.301,1.5047,1.505,7.00,1.00
2009.01.05 10:19:19.320,1.50475,1.505,2.60,1.00
2009.01.05 10:19:19.600,1.5048,1.50525,2.80,2.40
2009.01.05 10:19:22.779,1.5048,1.50525,2.80,4.80
2009.01.05 10:19:23.559,1.50485,1.50525,1.00,2.40
2009.01.05 10:19:24.279,1.5048,1.50525,1.00,5.80
2009.01.05 10:19:25.979,1.50485,1.50525,1.00,2.40
2009.01.05 10:19:32.427,1.50485,1.50525,2.80,2.40
2009.01.05 10:19:32.727,1.5049,1.50535,1.00,5.80
2009.01.05 10:19:33.276,1.505,1.50535,1.00,3.40
2009.01.05 10:19:35.296,1.505,1.5052,1.00,1.00
2009.01.05 10:19:35.576,1.5049,1.50535,1.00,2.40
2009.01.05 10:19:36.656,1.5049,1.5052,1.00,1.40
2009.01.05 10:19:36.996,1.5048,1.5052,2.60,3.80
2009.01.05 10:19:37.216,1.5048,1.50515,3.00,2.40
2009.01.05 10:19:45.733,1.50475,1.50515,7.00,2.40
2009.01.05 10:19:47.083,1.5048,1.50515,3.00,2.40
2009.01.05 10:20:01.870,1.50495,1.50515,2.20,2.40
2009.01.05 10:20:02.389,1.50485,1.50515,1.00,2.40
2009.01.05 10:20:02.779,1.5048,1.50515,3.00,2.40
2009.01.05 10:20:05.609,1.50475,1.50515,7.00,2.40
2009.01.05 10:20:07.898,1.5048,1.5051,7.00,1.00
2009.01.05 10:20:12.967,1.50485,1.5051,3.00,1.00
2009.01.05 10:20:17.726,1.50485,1.5052,3.00,3.80
2009.01.05 10:20:19.365,1.5049,1.50515,2.20,2.40
2009.01.05 10:20:19.535,1.5048,1.50515,4.60,2.40
2009.01.05 10:20:25.864,1.5048,1.50515,7.20,2.40
2009.01.05 10:20:26.274,1.5049,1.5054,2.80,4.80
2009.01.05 10:20:28.783,1.50485,1.5052,3.00,2.40
2009.01.05 10:20:29.353,1.505,1.5054,1.80,2.40
2009.01.05 10:20:29.993,1.505,1.50545,2.40,1.60
2009.01.05 10:20:30.713,1.505,1.5055,6.40,2.40
2009.01.05 10:20:31.242,1.50525,1.5058,2.40,1.60
2009.01.05 10:20:31.762,1.50525,1.5058,2.80,1.60
2009.01.05 10:20:32.392,1.5053,1.50565,1.00,2.40
2009.01.05 10:20:32.852,1.50545,1.5055,1.00,1.00
2009.01.05 10:20:33.252,1.50505,1.50555,6.20,2.40
2009.01.05 10:20:34.612,1.50515,1.5055,6.20,4.00
2009.01.05 10:20:35.461,1.5052,1.5055,4.60,1.60
2009.01.05 10:20:35.871,1.5052,1.5055,1.00,3.80
2009.01.05 10:20:36.511,1.5052,1.5055,4.60,1.60
2009.01.05 10:20:37.431,1.5052,1.5055,1.00,3.80
2009.01.05 10:20:37.831,1.5051,1.50545,4.60,2.40
2009.01.05 10:20:38.291,1.50515,1.50545,1.00,2.40
2009.01.05 10:20:38.591,1.50515,1.50545,3.40,2.40
2009.01.05 10:20:39.111,1.50525,1.5057,2.00,2.40
2009.01.05 10:20:39.391,1.5054,1.50575,1.00,1.20
2009.01.05 10:20:40.620,1.5054,1.50555,1.00,1.00
2009.01.05 10:20:41.030,1.5054,1.50555,1.00,2.40
2009.01.05 10:20:41.490,1.50525,1.5058,2.80,2.40
2009.01.05 10:20:42.010,1.50535,1.50575,1.00,1.00
2009.01.05 10:20:42.590,1.5053,1.50555,1.00,2.40
2009.01.05 10:20:43.169,1.50505,1.50555,2.80,4.80
2009.01.05 10:20:47.239,1.5052,1.50555,2.00,4.80
2009.01.05 10:20:47.639,1.5052,1.5056,2.80,2.40
2009.01.05 10:20:47.758,1.50535,1.5057,1.00,1.00
2009.01.05 10:20:48.338,1.50545,1.5058,1.00,1.20
2009.01.05 10:20:48.918,1.5055,1.5058,1.00,1.20
2009.01.05 10:20:49.449,1.50535,1.50555,8.80,2.40
2009.01.05 10:20:50.068,1.50495,1.50555,5.40,2.40
2009.01.05 10:20:51.588,1.50505,1.50545,7.00,2.40
2009.01.05 10:21:01.035,1.5051,1.5055,5.60,6.20
2009.01.05 10:21:01.675,1.5051,1.5055,6.40,3.80
2009.01.05 10:21:03.235,1.50515,1.5055,1.80,1.60
2009.01.05 10:21:03.525,1.5052,1.50565,3.00,5.80
2009.01.05 10:21:05.474,1.5052,1.5055,3.00,3.80
2009.01.05 10:21:13.042,1.5051,1.5055,9.00,3.80
2009.01.05 10:21:13.392,1.5052,1.50565,3.00,5.80
2009.01.05 10:21:13.842,1.5052,1.50565,2.80,4.80
2009.01.05 10:21:15.262,1.5052,1.50565,3.00,5.80
2009.01.05 10:21:16.242,1.5052,1.5056,1.00,2.40
2009.01.05 10:21:16.531,1.5052,1.5056,2.80,2.40
2009.01.05 10:21:16.821,1.50525,1.50565,2.80,2.40
2009.01.05 10:21:17.101,1.5053,1.5057,1.00,3.40
2009.01.05 10:21:17.481,1.5053,1.5057,1.40,1.20
2009.01.05 10:21:18.301,1.5053,1.5057,3.00,1.20
2009.01.05 10:21:19.121,1.5053,1.5057,3.00,2.40
2009.01.05 10:21:19.421,1.5053,1.5057,3.00,2.40
2009.01.05 10:21:19.961,1.50525,1.5056,4.40,3.80
2009.01.05 10:21:20.541,1.50525,1.5056,2.00,3.80
2009.01.05 10:21:20.900,1.5052,1.50545,2.40,1.40
2009.01.05 10:21:21.240,1.50505,1.50545,1.40,4.00
2009.01.05 10:21:21.940,1.5051,1.5054,1.00,6.40
2009.01.05 10:21:22.510,1.5051,1.5054,1.00,4.80
2009.01.05 10:21:22.920,1.50515,1.50555,2.00,2.40
2009.01.05 10:21:23.220,1.5052,1.50565,1.00,3.40
2009.01.05 10:21:23.680,1.5053,1.5055,1.00,2.40
2009.01.05 10:21:24.330,1.50495,1.5055,7.00,2.40
2009.01.05 10:21:24.969,1.50515,1.5057,1.00,1.00
2009.01.05 10:21:25.430,1.50525,1.5057,1.00,3.40
2009.01.05 10:21:25.909,1.5052,1.50565,1.00,3.80
2009.01.05 10:21:26.480,1.50515,1.50555,2.00,4.80
2009.01.05 10:21:28.988,1.50515,1.50555,4.00,4.80
2009.01.05 10:21:29.378,1.5052,1.5055,6.40,1.00
2009.01.05 10:21:29.678,1.5052,1.5056,6.40,3.80
2009.01.05 10:21:40.726,1.5053,1.50575,1.40,5.80
2009.01.05 10:21:42.835,1.5053,1.50575,2.80,4.80
2009.01.05 10:21:43.535,1.5053,1.5056,2.80,1.00
2009.01.05 10:21:43.875,1.5053,1.50565,1.40,2.40
2009.01.05 10:21:44.095,1.5053,1.50565,2.20,4.00
2009.01.05 10:21:44.965,1.5052,1.5056,8.60,4.00
2009.01.05 10:21:47.004,1.5052,1.5056,6.40,3.80
2009.01.05 10:21:47.184,1.5052,1.5056,4.20,3.80
2009.01.05 10:21:49.884,1.5052,1.5055,2.40,1.40
2009.01.05 10:21:50.053,1.5052,1.50535,1.00,4.00
2009.01.05 10:21:50.443,1.50505,1.50535,2.20,4.00
2009.01.05 10:21:52.353,1.50505,1.50535,2.20,5.40
2009.01.05 10:21:52.463,1.50495,1.5052,3.00,1.60
2009.01.05 10:21:53.043,1.505,1.5052,2.20,1.60
2009.01.05 10:21:53.393,1.50485,1.5052,6.20,4.00
2009.01.05 10:21:53.682,1.5049,1.50525,4.00,4.80
2009.01.05 10:21:54.192,1.5049,1.50525,4.00,2.40
2009.01.05 10:21:55.192,1.5049,1.50525,1.80,2.40
2009.01.05 10:21:55.472,1.5048,1.5051,6.20,1.60
2009.01.05 10:21:57.761,1.5048,1.5051,4.00,1.60
2009.01.05 10:21:59.431,1.5048,1.50505,4.00,1.00
2009.01.05 10:21:59.771,1.5048,1.505,1.80,1.00
2009.01.05 10:22:00.061,1.5048,1.50505,2.20,2.40
2009.01.05 10:22:00.341,1.5047,1.505,3.00,1.60
2009.01.05 10:22:00.451,1.5047,1.50505,3.00,2.40
2009.01.05 10:22:00.801,1.5047,1.50505,5.20,2.40
2009.01.05 10:22:01.651,1.5047,1.505,3.00,1.40
2009.01.05 10:22:01.771,1.5046,1.5049,1.00,4.00
2009.01.05 10:22:02.461,1.5046,1.50485,1.00,2.40
2009.01.05 10:22:03.680,1.50445,1.50485,4.80,3.40
2009.01.05 10:22:04.150,1.5045,1.5048,2.20,4.80
2009.01.05 10:22:04.560,1.5044,1.5048,2.40,4.80
2009.01.05 10:22:05.180,1.50455,1.5048,1.00,2.40
2009.01.05 10:22:05.610,1.50455,1.5049,1.00,6.40
2009.01.05 10:22:06.120,1.50455,1.5049,1.00,4.80
2009.01.05 10:22:06.450,1.5045,1.5049,2.40,4.80
2009.01.05 10:22:06.799,1.50455,1.5049,2.40,3.80
2009.01.05 10:22:07.619,1.50455,1.5049,4.60,3.80
2009.01.05 10:22:07.739,1.5046,1.5049,2.40,1.60
2009.01.05 10:22:08.139,1.5046,1.50485,1.00,2.40
2009.01.05 10:22:08.779,1.50455,1.50485,1.00,2.40
2009.01.05 10:22:09.479,1.50465,1.5049,1.00,1.60
2009.01.05 10:22:09.879,1.50465,1.50495,1.00,2.40
2009.01.05 10:22:10.349,1.5046,1.50495,4.80,2.40
2009.01.05 10:22:10.519,1.5046,1.50495,7.00,2.40
2009.01.05 10:22:12.458,1.50475,1.5049,2.20,1.00
2009.01.05 10:22:12.858,1.5047,1.50495,2.00,2.40
2009.01.05 10:22:13.878,1.50475,1.5051,6.20,1.60
2009.01.05 10:22:14.338,1.50475,1.5051,2.80,4.00
2009.01.05 10:22:14.928,1.50475,1.5051,1.00,4.00
2009.01.05 10:22:15.267,1.5048,1.5052,2.80,2.40
2009.01.05 10:22:15.797,1.50495,1.50525,1.00,1.20
2009.01.05 10:22:16.267,1.5049,1.50525,1.00,1.00
2009.01.05 10:22:16.777,1.50475,1.50525,1.00,1.00
2009.01.05 10:22:17.187,1.5048,1.5052,1.00,1.20
2009.01.05 10:22:17.847,1.50475,1.5052,1.00,3.40
2009.01.05 10:22:21.006,1.50475,1.5051,1.00,1.00
2009.01.05 10:22:21.246,1.5047,1.50505,2.00,2.40
2009.01.05 10:22:21.546,1.5047,1.50505,1.00,2.40
2009.01.05 10:22:21.776,1.5047,1.50505,1.00,4.80
2009.01.05 10:22:22.286,1.5047,1.50505,1.00,4.80
2009.01.05 10:22:24.885,1.5046,1.50505,2.80,4.80
2009.01.05 10:22:25.005,1.5045,1.5049,15.00,2.40
2009.01.05 10:22:26.665,1.5045,1.50485,9.80,2.40
2009.01.05 10:22:27.065,1.50445,1.50485,7.00,2.40
2009.01.05 10:22:28.334,1.50445,1.50485,4.80,2.40
2009.01.05 10:22:29.234,1.50445,1.50485,7.00,2.40
2009.01.05 10:22:30.793,1.5045,1.5048,2.20,3.80
2009.01.05 10:22:31.433,1.5044,1.5048,4.60,3.80
2009.01.05 10:22:33.583,1.5044,1.5048,2.40,4.80
2009.01.05 10:22:35.143,1.5044,1.5048,4.60,3.80
2009.01.05 10:22:38.262,1.5044,1.5048,1.80,7.20
2009.01.05 10:22:39.252,1.5044,1.5048,2.40,4.80
2009.01.05 10:22:40.061,1.5044,1.5048,4.60,3.80
2009.01.05 10:22:40.871,1.5044,1.5048,2.40,3.80
2009.01.05 10:22:41.971,1.5044,1.5048,2.40,4.80
2009.01.05 10:22:42.891,1.5044,1.5048,2.40,3.80
2009.01.05 10:22:43.421,1.5044,1.5048,4.60,3.80
2009.01.05 10:22:44.120,1.5044,1.5048,2.40,3.80
2009.01.05 10:22:45.510,1.5044,1.5048,7.00,4.00
2009.01.05 10:22:46.390,1.5044,1.5048,4.60,3.80
2009.01.05 10:22:47.210,1.5044,1.5048,2.40,3.80
2009.01.05 10:22:47.789,1.5044,1.5048,2.40,4.80
2009.01.05 10:22:49.299,1.5044,1.5048,2.40,3.80
2009.01.05 10:22:49.699,1.5044,1.5048,4.60,3.80
2009.01.05 10:22:52.908,1.5044,1.5048,7.00,4.00
2009.01.05 10:22:53.748,1.5044,1.5048,2.40,3.80
2009.01.05 10:22:54.918,1.5044,1.5048,4.60,3.80
2009.01.05 10:22:55.598,1.5044,1.5048,2.40,3.80
2009.01.05 10:22:59.027,1.5044,1.5048,2.40,4.80
2009.01.05 10:22:59.896,1.5044,1.5048,2.40,3.80
2009.01.05 10:23:01.346,1.50445,1.5048,2.00,3.80
2009.01.05 10:23:01.947,1.5046,1.50505,1.00,1.20
2009.01.05 10:23:02.986,1.5047,1.50505,1.00,1.20
2009.01.05 10:23:03.516,1.50465,1.505,1.00,1.20
2009.01.05 10:23:03.995,1.50455,1.5049,1.00,1.00
2009.01.05 10:23:05.605,1.50455,1.50495,1.00,1.00
2009.01.05 10:23:06.355,1.5046,1.50495,1.00,1.00
2009.01.05 10:23:06.885,1.50455,1.5049,1.00,1.00
2009.01.05 10:23:07.345,1.5045,1.50485,3.00,1.00
2009.01.05 10:23:08.884,1.50455,1.50495,1.00,2.40
2009.01.05 10:23:09.514,1.50445,1.50485,4.80,3.40
2009.01.05 10:23:10.324,1.50445,1.50485,7.00,2.40
2009.01.05 10:23:11.654,1.5044,1.5046,4.80,1.00
2009.01.05 10:23:12.074,1.50435,1.50465,3.80,3.40
2009.01.05 10:23:12.474,1.50395,1.5046,2.80,2.40
2009.01.05 10:23:12.864,1.504,1.5044,1.00,1.20
2009.01.05 10:23:13.204,1.50395,1.5044,1.00,1.20
2009.01.05 10:23:13.433,1.504,1.5044,1.00,1.20
2009.01.05 10:23:14.143,1.50415,1.5044,1.00,1.20
2009.01.05 10:23:14.913,1.504,1.5044,8.60,1.20
2009.01.05 10:23:15.493,1.504,1.5044,1.00,1.20
2009.01.05 10:23:15.663,1.5041,1.5044,1.00,1.40
2009.01.05 10:23:16.053,1.50385,1.50435,2.80,2.40
2009.01.05 10:23:16.693,1.50375,1.5042,3.00,1.00
2009.01.05 10:23:17.032,1.5038,1.50425,1.00,1.20
2009.01.05 10:23:17.672,1.5039,1.5043,1.00,1.20
2009.01.05 10:23:18.572,1.5039,1.5042,1.00,1.20
2009.01.05 10:23:19.122,1.50395,1.50425,2.60,4.80
2009.01.05 10:23:20.162,1.50385,1.5042,3.20,1.00
2009.01.05 10:23:20.622,1.5038,1.5042,3.00,1.00
2009.01.05 10:23:21.901,1.5038,1.5041,3.00,1.40
2009.01.05 10:23:22.121,1.5038,1.50395,2.20,2.40
2009.01.05 10:23:22.951,1.50365,1.50395,4.00,2.40
2009.01.05 10:23:24.971,1.5036,1.5039,3.00,1.00
2009.01.05 10:23:25.600,1.5035,1.5039,6.80,1.60
2009.01.05 10:23:26.120,1.50355,1.50385,1.80,2.40
2009.01.05 10:23:26.700,1.5037,1.5042,1.00,2.60
2009.01.05 10:23:27.200,1.5037,1.5042,2.80,1.60
2009.01.05 10:23:27.730,1.5038,1.5042,1.00,1.60
2009.01.05 10:23:28.590,1.5037,1.5041,2.80,1.60
2009.01.05 10:23:28.700,1.5038,1.5041,1.00,1.60
2009.01.05 10:23:29.109,1.5038,1.50405,1.00,2.40
2009.01.05 10:23:29.400,1.5038,1.50405,1.00,2.40
2009.01.05 10:23:29.519,1.50355,1.50405,2.80,4.80
2009.01.05 10:23:31.509,1.5036,1.5039,3.00,2.40
2009.01.05 10:23:31.679,1.50355,1.5039,4.00,2.40
2009.01.05 10:23:32.949,1.50355,1.50385,1.80,2.40
2009.01.05 10:23:38.657,1.5036,1.5041,2.80,4.80
2009.01.05 10:23:39.807,1.50365,1.5041,1.00,2.40
2009.01.05 10:23:40.087,1.5036,1.50405,2.80,4.80
2009.01.05 10:23:41.826,1.50365,1.50405,2.00,4.80
2009.01.05 10:23:42.476,1.50365,1.50405,2.80,2.40
2009.01.05 10:23:43.286,1.5037,1.50405,4.00,2.40
2009.01.05 10:23:43.686,1.5037,1.50405,6.20,2.40
2009.01.05 10:23:44.266,1.5037,1.50405,4.60,2.40
2009.01.05 10:23:45.136,1.50375,1.50405,1.00,2.40
2009.01.05 10:23:45.756,1.5037,1.50405,1.00,2.40
2009.01.05 10:23:46.736,1.50365,1.50405,2.80,2.40
2009.01.05 10:23:47.425,1.50365,1.50405,2.00,4.80
2009.01.05 10:23:47.705,1.5036,1.50405,4.60,4.80
2009.01.05 10:23:48.045,1.5036,1.50405,2.80,4.80
2009.01.05 10:23:48.855,1.50365,1.50405,2.80,2.40
2009.01.05 10:23:53.274,1.5037,1.50405,3.00,2.40
2009.01.05 10:23:53.984,1.5038,1.50405,2.00,2.40
2009.01.05 10:23:55.084,1.5038,1.5041,4.00,1.60
2009.01.05 10:23:55.553,1.5038,1.5041,2.80,1.60
2009.01.05 10:23:56.373,1.50375,1.5041,2.80,1.60
2009.01.05 10:23:56.783,1.5038,1.5041,1.00,1.60
2009.01.05 10:23:57.483,1.50375,1.5041,4.60,1.60
2009.01.05 10:23:59.312,1.50375,1.50405,1.80,2.40
2009.01.05 10:24:00.743,1.50375,1.50405,4.00,2.40
2009.01.05 10:24:01.332,1.50375,1.5041,4.60,1.60
2009.01.05 10:24:03.401,1.5038,1.5041,1.60,1.60
2009.01.05 10:24:03.461,1.50395,1.5041,1.00,1.60
2009.01.05 10:24:03.931,1.504,1.50425,1.00,1.20
2009.01.05 10:24:04.851,1.5039,1.50435,1.00,6.20
2009.01.05 10:24:05.321,1.50405,1.50435,1.00,1.20
2009.01.05 10:24:05.781,1.50415,1.5044,1.00,1.20
2009.01.05 10:24:06.350,1.50415,1.5042,1.00,1.60
2009.01.05 10:24:07.260,1.50415,1.50455,1.00,1.20
2009.01.05 10:24:07.800,1.5041,1.5046,1.00,1.20
2009.01.05 10:24:08.960,1.50415,1.5043,1.00,2.40
2009.01.05 10:24:09.710,1.5041,1.5045,2.80,3.20
2009.01.05 10:24:10.560,1.50425,1.50485,2.00,2.40
2009.01.05 10:24:11.259,1.5043,1.5049,1.80,2.40
2009.01.05 10:24:11.719,1.5044,1.5048,4.00,2.40
2009.01.05 10:24:12.059,1.50435,1.5048,5.60,2.40
2009.01.05 10:24:12.579,1.50435,1.5048,2.80,2.40
2009.01.05 10:24:13.159,1.50435,1.50475,2.80,2.40
2009.01.05 10:24:13.499,1.50435,1.50475,2.80,2.40
2009.01.05 10:24:13.669,1.5043,1.50475,2.80,4.80
2009.01.05 10:24:14.409,1.50435,1.50475,2.00,2.40
2009.01.05 10:24:14.758,1.50435,1.5048,2.80,2.40
2009.01.05 10:24:16.148,1.50435,1.5048,1.00,3.40
2009.01.05 10:24:16.628,1.5043,1.5047,2.00,2.40
2009.01.05 10:24:17.158,1.50445,1.50475,2.00,2.40
2009.01.05 10:24:17.708,1.5043,1.50475,1.00,3.40
2009.01.05 10:24:18.277,1.50425,1.50465,2.00,4.80
2009.01.05 10:24:19.067,1.50415,1.5046,2.80,2.40
2009.01.05 10:24:19.187,1.5042,1.50465,1.00,5.80
2009.01.05 10:24:21.057,1.5042,1.50465,2.80,4.80
2009.01.05 10:24:25.576,1.50415,1.5046,2.80,2.40
2009.01.05 10:24:26.106,1.50415,1.50455,2.80,2.40
2009.01.05 10:24:27.185,1.50415,1.5046,2.80,2.40
2009.01.05 10:24:30.295,1.5041,1.5045,2.00,2.40
2009.01.05 10:24:30.705,1.50415,1.5046,1.00,3.40
2009.01.05 10:24:32.014,1.50415,1.5046,2.80,2.40
2009.01.05 10:24:35.603,1.50415,1.50455,2.00,2.40
2009.01.05 10:24:38.093,1.5041,1.5045,2.00,2.40
2009.01.05 10:24:38.784,1.5041,1.50445,2.00,2.40
2009.01.05 10:24:39.523,1.5041,1.5045,2.00,2.40
2009.01.05 10:24:40.062,1.5041,1.50455,2.80,2.40
2009.01.05 10:24:40.353,1.50425,1.5046,4.00,2.40
2009.01.05 10:24:40.872,1.50425,1.50465,6.20,4.80
2009.01.05 10:24:42.142,1.50435,1.50465,2.20,4.80
2009.01.05 10:24:42.612,1.5045,1.5048,4.00,2.40
2009.01.05 10:24:42.913,1.5046,1.5049,2.60,4.80
2009.01.05 10:24:44.032,1.50475,1.50525,1.00,2.40
2009.01.05 10:24:44.751,1.5049,1.50525,1.00,1.20
2009.01.05 10:24:45.211,1.50475,1.5052,1.00,3.40
2009.01.05 10:24:45.941,1.50475,1.50515,1.00,2.40
2009.01.05 10:24:46.471,1.5047,1.50505,6.20,2.40
2009.01.05 10:24:48.401,1.5047,1.50505,4.00,2.40
2009.01.05 10:24:48.811,1.50475,1.5051,6.20,6.20
2009.01.05 10:24:49.311,1.50485,1.5051,2.20,3.80
2009.01.05 10:24:49.970,1.50485,1.5051,1.00,3.80
2009.01.05 10:24:50.660,1.5048,1.5051,6.20,1.60
2009.01.05 10:24:51.870,1.50475,1.5051,4.60,3.80
2009.01.05 10:24:52.459,1.50475,1.50505,3.00,2.40
2009.01.05 10:24:52.860,1.5047,1.50505,2.00,2.40
2009.01.05 10:24:53.329,1.5047,1.50505,4.60,2.40
2009.01.05 10:24:53.909,1.50475,1.50505,1.00,2.40
2009.01.05 10:24:54.419,1.5047,1.50505,1.00,2.40
2009.01.05 10:24:54.839,1.50465,1.50505,2.80,2.40
2009.01.05 10:24:57.598,1.50465,1.50505,1.00,3.40
2009.01.05 10:24:58.118,1.5048,1.50505,4.00,2.40
2009.01.05 10:24:58.578,1.50485,1.50505,2.20,2.40
2009.01.05 10:24:58.978,1.50475,1.50505,1.00,2.40
2009.01.05 10:24:59.328,1.5047,1.50505,4.00,2.40
2009.01.05 10:25:00.088,1.50465,1.50505,2.80,2.40
2009.01.05 10:25:00.737,1.50455,1.50495,2.80,2.40
2009.01.05 10:25:01.367,1.50455,1.50495,1.00,4.80
2009.01.05 10:25:01.717,1.50455,1.50495,2.80,4.80
2009.01.05 10:25:02.357,1.50455,1.505,2.80,2.40
2009.01.05 10:25:02.887,1.50465,1.505,2.00,2.40
2009.01.05 10:25:03.747,1.5047,1.50505,6.20,4.80
2009.01.05 10:25:04.257,1.50465,1.50505,2.00,4.80
2009.01.05 10:25:04.897,1.50465,1.50505,2.80,2.40
2009.01.05 10:25:05.526,1.5047,1.50505,4.00,2.40
2009.01.05 10:25:05.917,1.5048,1.5051,1.80,1.60
2009.01.05 10:25:06.896,1.5048,1.5051,7.00,1.60
2009.01.05 10:25:07.576,1.5048,1.5051,6.20,1.60
2009.01.05 10:25:08.276,1.5048,1.5051,7.00,1.60
2009.01.05 10:25:08.856,1.5048,1.5051,4.00,1.60
2009.01.05 10:25:09.375,1.50475,1.50505,1.00,2.40
2009.01.05 10:25:09.875,1.5048,1.50505,1.00,2.40
2009.01.05 10:25:10.605,1.5047,1.50505,2.80,2.40
2009.01.05 10:25:11.105,1.50475,1.50505,1.00,2.40
2009.01.05 10:25:12.135,1.5049,1.505,2.00,1.00
2009.01.05 10:25:12.665,1.5049,1.50545,2.80,2.40
2009.01.05 10:25:13.134,1.50495,1.5055,1.00,3.40
2009.01.05 10:25:15.354,1.50495,1.50525,1.00,1.20
2009.01.05 10:25:15.774,1.5046,1.50515,9.40,2.40
2009.01.05 10:25:16.254,1.5046,1.50515,1.00,3.40
2009.01.05 10:25:16.764,1.50465,1.50495,1.00,1.00
2009.01.05 10:25:17.364,1.50465,1.50505,1.00,1.20
2009.01.05 10:25:17.783,1.5047,1.50505,1.00,1.20
2009.01.05 10:25:18.313,1.5047,1.5051,1.00,1.00
2009.01.05 10:25:18.773,1.50465,1.5051,2.80,3.40
2009.01.05 10:25:19.693,1.50475,1.50515,1.00,1.20
2009.01.05 10:25:20.093,1.50475,1.5051,1.00,1.20
2009.01.05 10:25:21.303,1.5048,1.5051,2.60,1.20
2009.01.05 10:25:21.712,1.50505,1.5055,2.00,8.00
2009.01.05 10:25:22.272,1.50515,1.5056,2.20,3.80
2009.01.05 10:25:22.992,1.50525,1.5055,1.00,3.80
2009.01.05 10:25:23.732,1.50525,1.50555,1.80,2.40
2009.01.05 10:25:24.132,1.5051,1.50545,7.00,2.40
2009.01.05 10:25:24.472,1.50515,1.50545,3.00,2.40
2009.01.05 10:25:25.162,1.50515,1.50545,3.00,2.40
2009.01.05 10:25:25.742,1.50505,1.50545,2.80,2.40
2009.01.05 10:25:26.261,1.5051,1.50545,4.40,2.40
2009.01.05 10:25:26.782,1.50515,1.5054,4.00,1.00
2009.01.05 10:25:27.351,1.50515,1.5055,6.20,4.00
2009.01.05 10:25:29.041,1.50515,1.5055,6.20,3.80
2009.01.05 10:25:29.560,1.5052,1.50535,4.40,2.40
2009.01.05 10:25:30.021,1.50535,1.50555,2.20,3.10
2009.01.05 10:25:30.480,1.5051,1.50535,6.20,2.40
2009.01.05 10:25:30.840,1.5053,1.50555,2.20,1.60
2009.01.05 10:25:31.890,1.5052,1.5055,3.00,4.00
2009.01.05 10:25:32.470,1.50535,1.5055,2.20,5.20
2009.01.05 10:25:33.260,1.50495,1.5054,4.00,2.40
2009.01.05 10:25:33.990,1.50495,1.50545,1.00,3.80
2009.01.05 10:25:34.289,1.50495,1.50535,7.00,2.40
2009.01.05 10:25:34.759,1.5049,1.50535,10.80,4.80
2009.01.05 10:25:35.179,1.5049,1.5052,8.00,1.20
2009.01.05 10:25:35.699,1.5049,1.50515,8.00,2.40
2009.01.05 10:25:36.269,1.50445,1.5049,1.00,1.20
2009.01.05 10:25:36.629,1.5044,1.5049,1.00,1.20
2009.01.05 10:25:36.969,1.50435,1.505,2.40,3.40
2009.01.05 10:25:37.429,1.5045,1.5049,3.00,1.00
2009.01.05 10:25:38.128,1.50455,1.50485,1.00,1.00
2009.01.05 10:25:38.529,1.5045,1.50485,3.00,1.00
2009.01.05 10:25:39.688,1.5045,1.50495,3.00,3.40
2009.01.05 10:25:40.168,1.5045,1.50495,3.00,5.00
2009.01.05 10:25:40.678,1.50455,1.50495,1.00,3.40
2009.01.05 10:25:42.067,1.50455,1.50495,1.00,5.00
2009.01.05 10:25:42.757,1.5045,1.5048,3.00,1.00
2009.01.05 10:25:43.057,1.50445,1.50485,7.00,2.40
2009.01.05 10:25:43.397,1.50445,1.5049,7.00,2.40
2009.01.05 10:25:44.237,1.5046,1.50485,1.00,1.00
2009.01.05 10:25:44.757,1.50445,1.5048,2.40,2.40
2009.01.05 10:25:45.087,1.50445,1.50485,2.40,3.40
2009.01.05 10:25:47.826,1.50445,1.50485,2.40,2.40
2009.01.05 10:25:48.286,1.50445,1.50485,1.00,2.40
2009.01.05 10:25:48.706,1.5044,1.5048,1.00,1.00
2009.01.05 10:25:48.886,1.50435,1.5048,1.00,3.40
2009.01.05 10:25:50.555,1.5043,1.50475,2.80,2.40
2009.01.05 10:25:50.896,1.5043,1.50475,1.00,3.40
2009.01.05 10:25:51.305,1.5043,1.5046,1.00,2.40
2009.01.05 10:25:51.835,1.50415,1.5046,1.00,2.40
2009.01.05 10:25:52.835,1.50415,1.50455,1.00,4.80
2009.01.05 10:25:53.225,1.50425,1.50455,1.80,2.40
2009.01.05 10:25:54.045,1.50425,1.50455,1.80,2.40
2009.01.05 10:25:58.523,1.50425,1.50455,2.40,2.40
2009.01.05 10:25:59.023,1.5043,1.5046,1.80,1.60
2009.01.05 10:25:59.433,1.5043,1.5046,4.60,1.60
2009.01.05 10:26:01.373,1.5043,1.5046,3.00,3.80
2009.01.05 10:26:01.843,1.50425,1.5046,7.00,3.80
2009.01.05 10:26:02.593,1.5044,1.5046,2.00,2.40
2009.01.05 10:26:03.003,1.5044,1.50485,2.00,2.40
2009.01.05 10:26:03.412,1.50435,1.5049,2.80,4.80
2009.01.05 10:26:04.352,1.5044,1.5048,2.00,2.40
2009.01.05 10:26:05.162,1.50435,1.5048,2.80,2.40
2009.01.05 10:26:06.212,1.50445,1.5048,2.00,2.40
2009.01.05 10:26:06.612,1.5046,1.5049,1.00,4.80
2009.01.05 10:26:07.112,1.5048,1.505,1.00,1.20
2009.01.05 10:26:07.622,1.5048,1.50505,1.00,1.20
2009.01.05 10:26:08.301,1.50485,1.5049,1.00,2.40
2009.01.05 10:26:08.871,1.5046,1.5049,1.00,2.40
2009.01.05 10:26:09.551,1.50455,1.5048,1.00,2.40
2009.01.05 10:26:10.130,1.5045,1.5048,4.60,2.40
2009.01.05 10:26:10.521,1.50435,1.5047,1.00,1.00
2009.01.05 10:26:11.151,1.5043,1.50475,1.00,5.80
2009.01.05 10:26:11.590,1.5043,1.5047,3.40,1.00
2009.01.05 10:26:12.210,1.50455,1.5047,1.00,1.00
2009.01.05 10:26:13.320,1.5044,1.50475,1.00,3.40
2009.01.05 10:26:13.670,1.50435,1.5047,2.00,2.40
2009.01.05 10:26:14.230,1.50405,1.5046,1.00,3.40
2009.01.05 10:26:14.750,1.504,1.5045,2.00,2.40
2009.01.05 10:26:15.209,1.50415,1.5046,1.00,1.20
2009.01.05 10:26:15.879,1.5041,1.5045,2.00,2.40
2009.01.05 10:26:16.289,1.50405,1.5045,2.80,2.40
2009.01.05 10:26:17.929,1.5042,1.5045,2.00,2.40
2009.01.05 10:26:18.329,1.50425,1.50455,1.80,4.80
2009.01.05 10:26:18.609,1.5043,1.5046,1.80,1.60
2009.01.05 10:26:19.978,1.5044,1.5046,4.00,1.40
2009.01.05 10:26:20.668,1.5044,1.50475,4.60,2.40
2009.01.05 10:26:21.308,1.50445,1.5048,1.80,6.40
2009.01.05 10:26:21.878,1.5045,1.5048,1.80,1.60
2009.01.05 10:26:22.218,1.5044,1.50475,6.20,2.40
2009.01.05 10:26:22.618,1.5044,1.50475,2.00,2.40
2009.01.05 10:26:26.957,1.50435,1.50475,4.60,2.40
2009.01.05 10:26:27.816,1.5043,1.50465,1.00,1.20
2009.01.05 10:26:28.516,1.50425,1.50465,1.00,1.20
2009.01.05 10:26:28.926,1.50425,1.5047,2.80,2.40
2009.01.05 10:26:30.496,1.50425,1.5047,2.80,3.40
2009.01.05 10:26:31.506,1.50425,1.5047,2.80,2.40
2009.01.05 10:26:34.625,1.5043,1.50475,1.00,5.80
2009.01.05 10:26:35.355,1.50425,1.5047,2.80,2.40
2009.01.05 10:26:35.924,1.50425,1.50465,2.00,2.40
2009.01.05 10:26:36.614,1.5042,1.50465,2.80,2.40
2009.01.05 10:26:37.014,1.50425,1.5047,1.00,5.80
2009.01.05 10:26:37.524,1.5042,1.50465,3.00,3.40
2009.01.05 10:26:38.214,1.5042,1.5046,3.00,1.20
2009.01.05 10:26:39.024,1.50415,1.50455,4.80,1.20
2009.01.05 10:26:39.644,1.50415,1.50455,4.80,3.40
2009.01.05 10:26:40.614,1.50415,1.50455,4.00,3.40
2009.01.05 10:26:41.013,1.50425,1.50455,1.80,2.40
2009.01.05 10:26:41.373,1.50425,1.5046,2.60,5.80
2009.01.05 10:26:42.203,1.50425,1.5046,2.60,3.40
2009.01.05 10:26:42.743,1.50425,1.5046,3.20,3.40
2009.01.05 10:26:43.143,1.50425,1.5047,4.80,3.40
2009.01.05 10:26:44.223,1.5043,1.50455,3.00,2.40
2009.01.05 10:26:44.682,1.5043,1.50455,2.20,3.40
2009.01.05 10:26:44.902,1.5042,1.50455,2.60,3.40
2009.01.05 10:26:45.322,1.50425,1.5046,1.80,2.40
2009.01.05 10:26:45.892,1.5043,1.50465,1.80,2.40
2009.01.05 10:26:46.752,1.5044,1.50475,1.80,3.40
2009.01.05 10:26:47.212,1.5043,1.5047,3.00,1.00
2009.01.05 10:26:47.682,1.50425,1.5047,4.80,3.40
2009.01.05 10:26:48.981,1.5043,1.5047,3.00,3.40
2009.01.05 10:26:49.511,1.50425,1.5046,4.80,3.40
2009.01.05 10:26:50.091,1.50425,1.50465,4.00,3.40
2009.01.05 10:26:50.631,1.50425,1.50465,4.80,1.00
2009.01.05 10:26:51.031,1.50425,1.5046,4.80,3.40
2009.01.05 10:26:51.681,1.5043,1.5047,2.40,3.40
2009.01.05 10:26:52.260,1.50435,1.5047,1.00,1.00
2009.01.05 10:26:52.830,1.50425,1.50465,1.00,1.20
2009.01.05 10:26:53.860,1.50425,1.5047,1.00,3.40
2009.01.05 10:26:54.020,1.50425,1.50465,1.00,1.20
2009.01.05 10:26:54.710,1.50425,1.5047,2.80,2.40
2009.01.05 10:26:56.110,1.5043,1.5047,2.00,2.40
2009.01.05 10:26:56.910,1.5043,1.50475,7.00,4.80
2009.01.05 10:26:57.309,1.5043,1.50475,2.80,4.80
2009.01.05 10:26:57.759,1.5043,1.5047,2.00,2.40
2009.01.05 10:27:00.528,1.50425,1.5047,2.80,2.40
2009.01.05 10:27:01.058,1.5043,1.5047,2.00,2.40
2009.01.05 10:27:02.099,1.50435,1.5047,1.80,2.40
2009.01.05 10:27:02.788,1.50445,1.5047,1.80,1.00
2009.01.05 10:27:03.488,1.50445,1.5047,2.40,1.00
2009.01.05 10:27:04.488,1.50435,1.50475,3.00,2.40
2009.01.05 10:27:05.118,1.50435,1.50475,2.00,4.80
2009.01.05 10:27:05.347,1.5045,1.50475,1.00,2.40
2009.01.05 10:27:05.738,1.5044,1.50475,2.80,2.40
2009.01.05 10:27:05.907,1.5044,1.50475,2.00,2.40
2009.01.05 10:27:06.327,1.50435,1.50475,1.40,3.40
2009.01.05 10:27:06.557,1.50435,1.50475,1.00,3.40
2009.01.05 10:27:06.947,1.50425,1.5047,2.80,2.40
2009.01.05 10:27:08.676,1.50435,1.5047,4.00,2.40
2009.01.05 10:27:09.177,1.50435,1.50475,4.60,2.40
2009.01.05 10:27:09.587,1.50435,1.50475,1.00,2.40
2009.01.05 10:27:10.026,1.5043,1.50475,2.80,4.80
2009.01.05 10:27:10.376,1.5043,1.50475,5.40,4.80
2009.01.05 10:27:11.176,1.50445,1.50475,1.80,2.40
2009.01.05 10:27:11.626,1.50445,1.50475,1.80,2.40
2009.01.05 10:27:13.605,1.5046,1.50475,2.40,2.40
2009.01.05 10:27:13.706,1.50465,1.50485,1.80,2.40
2009.01.05 10:27:13.875,1.50465,1.50485,4.00,2.40
2009.01.05 10:27:14.215,1.50465,1.50495,4.80,3.20
2009.01.05 10:27:14.335,1.50465,1.5051,2.80,3.40
2009.01.05 10:27:15.545,1.50465,1.5051,2.80,2.40
2009.01.05 10:27:15.725,1.50465,1.50505,1.00,2.40
2009.01.05 10:27:17.584,1.50465,1.50505,1.00,1.20
2009.01.05 10:27:18.384,1.50465,1.5051,1.00,3.40
2009.01.05 10:27:24.423,1.50465,1.5049,1.00,2.40
2009.01.05 10:27:24.483,1.50465,1.5049,1.00,2.40
2009.01.05 10:27:24.943,1.5046,1.5049,2.80,2.40
2009.01.05 10:27:25.123,1.5046,1.50515,1.00,5.80
2009.01.05 10:27:25.773,1.5046,1.5049,1.00,1.00
2009.01.05 10:27:26.053,1.5046,1.50485,1.00,2.40
2009.01.05 10:27:26.582,1.50445,1.50485,1.80,2.40
2009.01.05 10:27:34.200,1.50445,1.50475,4.00,2.40
2009.01.05 10:27:35.950,1.50445,1.50475,1.80,2.40
2009.01.05 10:27:43.628,1.50445,1.50475,4.00,2.40
2009.01.05 10:27:44.308,1.50445,1.50475,1.80,2.40
2009.01.05 10:27:46.108,1.50445,1.50475,4.00,2.40
2009.01.05 10:27:46.907,1.50445,1.50475,1.80,2.40
2009.01.05 10:27:49.268,1.50445,1.50475,4.00,2.40
2009.01.05 10:27:49.837,1.50445,1.50475,1.80,2.40
2009.01.05 10:27:50.867,1.50445,1.50475,1.80,4.80
2009.01.05 10:27:51.496,1.50445,1.50475,1.80,2.40
2009.01.05 10:27:54.666,1.5046,1.505,2.00,2.40
2009.01.05 10:27:55.065,1.5046,1.5051,2.80,2.40
2009.01.05 10:27:55.405,1.50465,1.50515,1.00,3.40
2009.01.05 10:27:55.865,1.50465,1.505,1.00,1.00
2009.01.05 10:27:56.205,1.5046,1.505,1.00,1.20
2009.01.05 10:27:57.505,1.50465,1.505,1.00,1.20
2009.01.05 10:27:58.175,1.5046,1.505,1.00,1.20
2009.01.05 10:27:58.634,1.5046,1.5049,1.00,1.20
2009.01.05 10:27:59.215,1.5046,1.505,1.00,1.20
2009.01.05 10:28:00.495,1.50465,1.505,1.00,1.20
2009.01.05 10:28:03.993,1.5046,1.505,1.00,1.20
2009.01.05 10:28:05.193,1.50465,1.5051,1.00,3.40
2009.01.05 10:28:05.653,1.50465,1.50505,1.00,2.40
2009.01.05 10:28:07.563,1.50465,1.50505,1.00,3.40
2009.01.05 10:28:08.062,1.50465,1.50505,1.00,1.20
2009.01.05 10:28:08.512,1.50465,1.50505,1.00,3.40
2009.01.05 10:28:10.991,1.5046,1.505,1.00,1.20
2009.01.05 10:28:11.491,1.50465,1.50505,1.00,3.40
2009.01.05 10:28:13.941,1.50465,1.50505,1.00,3.80
2009.01.05 10:28:14.221,1.50465,1.505,1.00,1.20
2009.01.05 10:28:15.381,1.50465,1.50505,1.00,3.40
2009.01.05 10:28:15.601,1.50465,1.50505,1.00,2.40
2009.01.05 10:28:17.100,1.50465,1.5051,1.00,3.40
2009.01.05 10:28:17.680,1.50465,1.50505,1.00,2.40
2009.01.05 10:28:18.200,1.50465,1.5051,1.00,3.40
2009.01.05 10:28:18.810,1.50465,1.50505,1.00,2.40
2009.01.05 10:28:19.589,1.50465,1.5051,1.00,3.40
2009.01.05 10:28:20.369,1.50465,1.50505,1.00,2.40
2009.01.05 10:28:21.469,1.5046,1.50495,2.00,2.40
2009.01.05 10:28:22.119,1.50465,1.50505,1.00,2.40
2009.01.05 10:28:23.179,1.5046,1.50505,2.80,2.40
2009.01.05 10:28:23.679,1.50465,1.50505,1.00,2.40
2009.01.05 10:28:24.078,1.5046,1.50505,2.80,2.40
2009.01.05 10:28:24.578,1.50465,1.50505,1.00,2.40
2009.01.05 10:28:26.238,1.50465,1.50505,1.00,3.40
2009.01.05 10:28:26.878,1.50465,1.50505,1.00,2.40
2009.01.05 10:28:27.627,1.5046,1.505,2.00,2.40
2009.01.05 10:28:28.027,1.50465,1.50505,1.00,2.40
2009.01.05 10:28:28.497,1.50465,1.50505,1.00,3.40
2009.01.05 10:28:28.967,1.50465,1.50505,1.00,2.40
2009.01.05 10:28:30.637,1.5046,1.50505,2.80,2.40
2009.01.05 10:28:31.736,1.50465,1.50505,1.00,2.40
2009.01.05 10:28:32.206,1.50465,1.50505,1.00,3.40
2009.01.05 10:28:33.086,1.50465,1.50505,1.00,2.40
2009.01.05 10:28:36.305,1.50465,1.505,1.00,1.20
2009.01.05 10:28:36.415,1.50465,1.50505,1.00,3.40
2009.01.05 10:28:36.746,1.50465,1.50505,1.00,2.40
2009.01.05 10:28:37.045,1.50465,1.50505,1.00,3.40
2009.01.05 10:28:39.845,1.5046,1.50505,1.00,3.40
2009.01.05 10:28:40.425,1.50465,1.50505,1.00,2.40
2009.01.05 10:28:41.324,1.50465,1.5051,2.80,3.40
2009.01.05 10:28:42.754,1.50465,1.50495,1.00,1.00
2009.01.05 10:28:43.104,1.50465,1.50505,1.00,1.20
2009.01.05 10:28:43.624,1.5046,1.50505,1.00,3.40
2009.01.05 10:28:44.213,1.5046,1.505,2.80,2.40
2009.01.05 10:28:44.553,1.50465,1.5051,1.00,3.40
2009.01.05 10:28:44.893,1.50465,1.50505,1.00,1.20
2009.01.05 10:28:45.523,1.5046,1.50505,2.80,2.40
2009.01.05 10:28:47.013,1.50475,1.50505,1.80,2.40
2009.01.05 10:28:47.463,1.50475,1.50515,2.40,2.40
2009.01.05 10:28:48.153,1.50475,1.50515,2.40,3.40
2009.01.05 10:28:48.733,1.50475,1.5051,1.80,2.40
2009.01.05 10:28:49.502,1.5047,1.5051,3.00,1.00
2009.01.05 10:28:50.212,1.50465,1.5051,1.00,4.80
2009.01.05 10:28:50.593,1.50455,1.505,2.80,2.40
2009.01.05 10:28:50.872,1.50455,1.505,1.00,3.40
2009.01.05 10:28:52.222,1.5045,1.50485,2.00,2.40
2009.01.05 10:28:52.571,1.50445,1.50485,7.00,2.40
2009.01.05 10:28:54.671,1.50445,1.50485,4.80,3.40
2009.01.05 10:28:55.261,1.50445,1.50485,4.80,2.40
2009.01.05 10:28:55.541,1.5045,1.50495,2.80,2.40
2009.01.05 10:28:56.241,1.50455,1.505,1.00,3.40
2009.01.05 10:28:57.111,1.50455,1.50495,1.00,1.20
2009.01.05 10:28:57.760,1.50455,1.505,1.00,3.40
2009.01.05 10:28:58.270,1.50455,1.50495,1.00,1.20
2009.01.05 10:29:01.120,1.50455,1.505,1.00,3.40
2009.01.05 10:29:01.879,1.5046,1.505,1.00,1.20
2009.01.05 10:29:03.649,1.50465,1.505,1.00,1.20
2009.01.05 10:29:04.948,1.50465,1.50495,1.00,1.20
2009.01.05 10:29:05.798,1.50455,1.505,1.00,3.40
2009.01.05 10:29:06.588,1.50465,1.505,1.00,1.20
2009.01.05 10:29:09.477,1.50465,1.50495,1.00,1.00
2009.01.05 10:29:09.908,1.5046,1.505,1.00,1.20
2009.01.05 10:29:10.257,1.5046,1.50495,1.00,1.20
2009.01.05 10:29:10.887,1.5046,1.505,1.00,1.00
2009.01.05 10:29:11.677,1.5046,1.505,1.00,1.20
2009.01.05 10:29:13.627,1.50465,1.505,1.00,1.20
2009.01.05 10:29:19.555,1.5046,1.505,1.00,1.20
2009.01.05 10:29:19.975,1.50445,1.50485,6.20,2.40
2009.01.05 10:29:20.455,1.50455,1.50495,1.00,1.00
2009.01.05 10:29:20.915,1.5045,1.505,3.00,3.40
2009.01.05 10:29:21.605,1.5045,1.50495,3.00,3.40
2009.01.05 10:29:22.014,1.50455,1.50495,1.00,3.40
2009.01.05 10:29:22.444,1.5045,1.50495,2.80,2.40
2009.01.05 10:29:23.064,1.50465,1.505,1.00,1.20
2009.01.05 10:29:25.194,1.50465,1.50495,1.00,1.40
2009.01.05 10:29:25.474,1.5044,1.50485,7.00,2.40
2009.01.05 10:29:33.162,1.50445,1.50485,4.80,2.40
2009.01.05 10:29:37.241,1.5044,1.5047,3.60,2.40
2009.01.05 10:29:37.681,1.50435,1.5047,2.00,2.40
2009.01.05 10:29:38.151,1.50435,1.50465,2.00,2.40
2009.01.05 10:29:38.661,1.50435,1.50475,2.80,2.40
2009.01.05 10:29:38.770,1.50435,1.5048,2.80,3.40
2009.01.05 10:29:40.650,1.5043,1.50465,1.80,2.40
2009.01.05 10:29:40.930,1.5043,1.50465,1.80,2.40
2009.01.05 10:29:41.510,1.5042,1.50465,2.80,5.80
2009.01.05 10:29:42.150,1.50425,1.50465,1.00,3.40
2009.01.05 10:29:42.559,1.50425,1.50465,2.80,2.40
2009.01.05 10:29:42.960,1.5043,1.5046,1.80,1.40
2009.01.05 10:29:43.249,1.50435,1.50455,2.20,2.40
2009.01.05 10:29:43.949,1.5041,1.5045,1.00,1.00
2009.01.05 10:29:44.470,1.504,1.50445,1.00,1.20
2009.01.05 10:29:45.059,1.504,1.50445,2.80,2.40
2009.01.05 10:29:45.219,1.50405,1.5045,2.80,2.40
2009.01.05 10:29:48.328,1.50405,1.50445,2.00,2.40
2009.01.05 10:29:49.148,1.50405,1.50445,2.80,2.40
2009.01.05 10:29:50.068,1.50405,1.5044,2.80,1.40
2009.01.05 10:29:50.648,1.50395,1.50425,4.00,2.40
2009.01.05 10:29:50.927,1.50395,1.50425,1.80,2.40
2009.01.05 10:29:53.227,1.50395,1.50425,1.00,2.40
2009.01.05 10:29:53.847,1.50385,1.50425,7.00,2.40
2009.01.05 10:29:54.437,1.50385,1.50425,4.00,4.80
2009.01.05 10:29:55.956,1.50385,1.5042,2.00,2.40
2009.01.05 10:29:57.306,1.50395,1.5042,1.80,2.40
2009.01.05 10:29:57.886,1.50395,1.50425,1.80,2.40
2009.01.05 10:29:58.176,1.504,1.5043,1.80,2.40
2009.01.05 10:29:59.176,1.504,1.5043,2.60,2.40
2009.01.05 10:30:00.075,1.504,1.5043,1.80,2.40
2009.01.05 10:30:00.255,1.50395,1.50425,1.80,2.40
2009.01.05 10:30:01.385,1.50395,1.5043,1.80,3.80
2009.01.05 10:30:01.445,1.50395,1.5043,6.20,2.40
2009.01.05 10:30:01.505,1.50395,1.50425,6.20,2.40
2009.01.05 10:30:01.795,1.50395,1.50425,4.00,2.40
2009.01.05 10:30:03.104,1.50395,1.50425,1.80,2.40
2009.01.05 10:30:08.203,1.5039,1.50425,4.20,2.40
2009.01.05 10:30:08.373,1.5039,1.50425,4.20,4.80
2009.01.05 10:30:09.663,1.50395,1.50425,1.80,4.80
2009.01.05 10:30:09.833,1.50395,1.50425,1.80,2.40
2009.01.05 10:30:10.173,1.5039,1.50425,6.40,2.40
2009.01.05 10:30:10.633,1.5039,1.50425,4.20,2.40
2009.01.05 10:30:11.323,1.5039,1.50425,4.20,5.80
2009.01.05 10:30:13.022,1.5039,1.5042,3.80,2.40
2009.01.05 10:30:13.812,1.5039,1.50425,4.20,4.80
2009.01.05 10:30:14.232,1.50395,1.50425,1.80,2.40
2009.01.05 10:30:14.622,1.50395,1.50425,4.00,2.40
2009.01.05 10:30:16.121,1.50395,1.50425,1.80,2.40
2009.01.05 10:30:18.931,1.5039,1.50425,4.20,2.40
2009.01.05 10:30:19.401,1.5039,1.50415,2.40,1.20
2009.01.05 10:30:20.041,1.50385,1.5041,5.60,4.80
2009.01.05 10:30:20.450,1.5035,1.504,2.80,4.80
2009.01.05 10:30:21.450,1.5035,1.504,2.00,4.80
2009.01.05 10:30:21.980,1.5037,1.50405,2.00,2.40
2009.01.05 10:30:22.450,1.50375,1.50405,1.80,2.40
2009.01.05 10:30:22.850,1.5038,1.5042,2.00,2.40
2009.01.05 10:30:23.490,1.50385,1.5042,4.00,2.40
2009.01.05 10:30:24.079,1.50385,1.50425,3.00,2.40
2009.01.05 10:30:24.479,1.5038,1.50415,2.00,2.40
2009.01.05 10:30:24.829,1.5038,1.5042,2.00,2.40
2009.01.05 10:30:25.249,1.5038,1.5042,2.80,2.40
2009.01.05 10:30:26.069,1.50385,1.5042,6.20,2.40
2009.01.05 10:30:26.469,1.50395,1.50425,4.00,4.80
2009.01.05 10:30:26.939,1.50395,1.50425,4.00,2.40
2009.01.05 10:30:27.339,1.50385,1.50425,7.00,2.40
2009.01.05 10:30:27.969,1.50385,1.50425,1.00,2.40
2009.01.05 10:30:28.648,1.504,1.50425,2.20,4.80
2009.01.05 10:30:29.049,1.50395,1.50425,1.80,4.80
2009.01.05 10:30:29.948,1.50395,1.50425,1.80,2.40
2009.01.05 10:30:30.708,1.50385,1.50425,6.20,4.80
2009.01.05 10:30:31.048,1.50395,1.50425,1.80,2.40
2009.01.05 10:30:31.468,1.50395,1.50425,1.80,2.40
2009.01.05 10:30:32.517,1.5038,1.50425,2.80,4.80
2009.01.05 10:30:32.887,1.50385,1.50425,6.20,4.80
2009.01.05 10:30:33.408,1.50385,1.50425,4.00,4.80
2009.01.05 10:30:33.987,1.5038,1.5042,3.00,2.40
2009.01.05 10:30:34.447,1.50385,1.5042,4.00,2.40
2009.01.05 10:30:34.907,1.50385,1.50425,6.20,4.80
2009.01.05 10:30:35.248,1.50385,1.50415,4.00,1.40
2009.01.05 10:30:36.016,1.5037,1.50405,7.00,2.40
2009.01.05 10:30:36.706,1.5038,1.504,1.80,1.00
2009.01.05 10:30:36.987,1.5037,1.50405,7.00,2.40
2009.01.05 10:30:37.506,1.5038,1.5042,2.00,2.40
2009.01.05 10:30:39.086,1.5037,1.50415,2.80,2.40
2009.01.05 10:30:39.596,1.50385,1.50415,2.00,2.40
2009.01.05 10:30:40.185,1.50375,1.5042,2.80,2.40
2009.01.05 10:30:40.895,1.5039,1.5042,1.80,1.00
2009.01.05 10:30:41.195,1.50385,1.50425,4.60,2.40
2009.01.05 10:30:41.715,1.50385,1.50425,4.00,2.40
2009.01.05 10:30:43.205,1.5039,1.50425,7.00,2.40
2009.01.05 10:30:43.845,1.50415,1.50425,2.40,2.40
2009.01.05 10:30:44.425,1.50415,1.5044,1.00,1.00
2009.01.05 10:30:44.924,1.5041,1.50455,2.80,2.40
2009.01.05 10:30:45.094,1.5041,1.5045,2.00,2.40
2009.01.05 10:30:46.694,1.5041,1.5045,4.80,2.40
2009.01.05 10:30:46.874,1.5042,1.50455,2.00,2.40
2009.01.05 10:30:47.114,1.5042,1.5046,2.00,2.40
2009.01.05 10:30:47.884,1.5042,1.5046,4.00,2.40
2009.01.05 10:30:48.124,1.50425,1.5046,2.00,2.40
2009.01.05 10:30:48.424,1.50425,1.50465,2.00,4.80
2009.01.05 10:30:52.942,1.50425,1.50465,4.80,4.80
2009.01.05 10:30:53.362,1.5043,1.50465,4.40,4.80
2009.01.05 10:30:53.872,1.5043,1.50465,6.20,2.40
2009.01.05 10:30:59.391,1.5043,1.50465,4.00,2.40
2009.01.05 10:31:00.181,1.50425,1.50465,4.60,4.80
2009.01.05 10:31:00.471,1.50425,1.50465,4.00,4.80
2009.01.05 10:31:04.580,1.5042,1.5045,1.80,2.40
2009.01.05 10:31:05.060,1.50425,1.50465,4.00,4.80
2009.01.05 10:31:06.379,1.5043,1.50465,4.00,2.40
2009.01.05 10:31:08.099,1.50425,1.50465,4.60,4.80
2009.01.05 10:31:09.978,1.50425,1.50465,4.00,4.80
2009.01.05 10:31:10.318,1.5042,1.50465,5.20,4.80
2009.01.05 10:31:10.788,1.5042,1.5046,2.00,2.40
2009.01.05 10:31:11.588,1.50425,1.50465,1.00,4.80
2009.01.05 10:31:12.038,1.5042,1.5046,2.00,2.40
2009.01.05 10:31:14.357,1.50415,1.5046,7.00,2.40
2009.01.05 10:31:14.477,1.50415,1.50455,7.00,2.40
2009.01.05 10:31:14.917,1.5043,1.50465,1.80,2.40
2009.01.05 10:31:15.527,1.5043,1.50465,1.80,2.40
2009.01.05 10:31:21.866,1.5045,1.5047,2.00,2.40
2009.01.05 10:31:22.345,1.5045,1.50485,2.00,2.40
2009.01.05 10:31:22.736,1.50455,1.50485,2.00,2.40
2009.01.05 10:31:23.215,1.50455,1.5049,4.80,2.40
2009.01.05 10:31:24.146,1.5046,1.5049,2.00,2.40
2009.01.05 10:31:24.975,1.5046,1.50485,2.00,2.40
2009.01.05 10:31:26.525,1.5046,1.5049,2.00,2.40
2009.01.05 10:31:27.044,1.5046,1.50485,2.00,2.40
2009.01.05 10:31:27.454,1.5046,1.5049,2.00,2.40
2009.01.05 10:31:27.814,1.5046,1.50485,2.00,2.40
2009.01.05 10:31:32.933,1.5046,1.50495,2.00,2.40
2009.01.05 10:31:33.403,1.50455,1.50485,2.00,2.40
2009.01.05 10:31:34.093,1.50455,1.5048,2.00,2.40
2009.01.05 10:31:35.183,1.5045,1.50485,2.00,2.40
2009.01.05 10:31:35.582,1.5045,1.5048,2.00,2.40
2009.01.05 10:31:36.162,1.50445,1.50465,2.00,2.40
2009.01.05 10:31:37.442,1.50445,1.50475,2.00,2.40
2009.01.05 10:31:37.862,1.50445,1.50465,2.00,2.40
2009.01.05 10:31:40.231,1.50445,1.5047,2.00,2.40
2009.01.05 10:31:41.391,1.5045,1.5047,2.00,2.40
2009.01.05 10:31:41.791,1.5045,1.50485,2.00,2.40
2009.01.05 10:31:41.951,1.50455,1.5049,2.00,2.40
2009.01.05 10:31:42.860,1.5046,1.50495,2.00,2.40
2009.01.05 10:31:43.790,1.50465,1.5051,1.40,3.40
2009.01.05 10:31:44.190,1.5048,1.5051,1.00,3.40
2009.01.05 10:31:44.830,1.50485,1.5051,1.00,3.40
2009.01.05 10:31:45.340,1.5047,1.50505,5.40,2.40
2009.01.05 10:31:45.720,1.50475,1.50515,1.80,5.80
2009.01.05 10:31:45.940,1.5047,1.50515,3.00,5.80
2009.01.05 10:31:46.390,1.5047,1.5051,1.00,1.00
2009.01.05 10:31:46.839,1.50465,1.50505,3.20,2.40
2009.01.05 10:31:47.479,1.5047,1.50505,2.80,2.40
2009.01.05 10:31:47.830,1.5048,1.5051,1.00,2.40
2009.01.05 10:31:48.859,1.50475,1.5051,2.60,2.40
2009.01.05 10:31:49.399,1.50485,1.5051,1.00,2.40
2009.01.05 10:31:49.759,1.50485,1.50515,1.00,4.80
2009.01.05 10:31:50.399,1.50475,1.50515,6.60,4.80
2009.01.05 10:31:50.779,1.50475,1.50515,6.60,5.80
2009.01.05 10:31:51.458,1.50475,1.50515,4.80,3.40
2009.01.05 10:31:52.268,1.5049,1.50515,2.20,2.40
2009.01.05 10:31:53.208,1.5048,1.50515,4.80,2.40
2009.01.05 10:31:53.768,1.5049,1.5051,1.80,1.00
2009.01.05 10:31:54.118,1.5048,1.50515,4.80,2.40
2009.01.05 10:31:54.518,1.5048,1.50515,7.00,2.40
2009.01.05 10:31:54.858,1.5048,1.50515,4.80,2.40
2009.01.05 10:31:55.717,1.5048,1.50515,7.00,2.40
2009.01.05 10:31:56.227,1.5048,1.50515,4.00,2.40
2009.01.05 10:31:58.217,1.5047,1.5051,2.00,2.40
2009.01.05 10:31:58.697,1.50465,1.50505,7.00,2.40
2009.01.05 10:31:58.986,1.50465,1.505,6.20,2.40
2009.01.05 10:31:59.436,1.50465,1.505,4.00,2.40
2009.01.05 10:32:00.856,1.50465,1.505,6.20,2.40
2009.01.05 10:32:01.156,1.50465,1.50505,6.20,4.80
2009.01.05 10:32:01.616,1.50465,1.5051,7.00,2.40
2009.01.05 10:32:02.076,1.5047,1.5051,2.00,2.40
2009.01.05 10:32:02.546,1.5047,1.50505,2.00,2.40
2009.01.05 10:32:02.776,1.50465,1.5051,3.60,3.40
2009.01.05 10:32:03.696,1.50465,1.50505,2.80,2.40
2009.01.05 10:32:04.226,1.50465,1.50505,2.00,2.40
2009.01.05 10:32:04.625,1.5046,1.50505,2.80,2.40
2009.01.05 10:32:04.795,1.5046,1.505,7.00,2.40
2009.01.05 10:32:05.125,1.50465,1.50505,2.80,2.40
2009.01.05 10:32:05.765,1.50465,1.50505,3.60,2.40
2009.01.05 10:32:07.515,1.5048,1.50505,1.00,2.40
2009.01.05 10:32:08.554,1.5048,1.5051,1.00,2.40
2009.01.05 10:32:08.994,1.50475,1.5051,1.00,2.40
2009.01.05 10:32:10.854,1.50475,1.50515,4.00,4.80
2009.01.05 10:32:12.773,1.5048,1.50515,2.00,4.80
2009.01.05 10:32:13.403,1.50475,1.50515,4.00,4.80
2009.01.05 10:32:14.383,1.5048,1.50515,2.60,4.80
2009.01.05 10:32:14.613,1.50485,1.50525,2.00,2.40
2009.01.05 10:32:15.253,1.5049,1.50525,2.00,2.40
2009.01.05 10:32:15.762,1.5049,1.5053,2.00,2.40
2009.01.05 10:32:19.182,1.50485,1.5053,5.20,3.40
2009.01.05 10:32:19.522,1.50485,1.50515,2.40,2.40
2009.01.05 10:32:19.852,1.50485,1.50515,1.80,2.40
2009.01.05 10:32:21.601,1.505,1.5054,1.80,5.80
2009.01.05 10:32:21.881,1.505,1.5054,1.80,4.80
2009.01.05 10:32:24.650,1.50495,1.50535,2.00,4.80
2009.01.05 10:32:25.000,1.5049,1.50535,2.80,4.80
2009.01.05 10:32:25.350,1.5049,1.5053,2.00,2.40
2009.01.05 10:32:27.190,1.50495,1.5053,6.20,2.40
2009.01.05 10:32:27.640,1.50505,1.5054,6.20,2.40
2009.01.05 10:32:28.219,1.50505,1.50545,6.20,4.80
2009.01.05 10:32:29.319,1.50505,1.50545,7.00,2.40
2009.01.05 10:32:29.609,1.50505,1.50545,6.20,4.80
2009.01.05 10:32:31.649,1.50505,1.5054,1.00,2.40
2009.01.05 10:32:32.229,1.50495,1.50535,2.80,2.40
2009.01.05 10:32:33.048,1.5051,1.50535,4.00,2.40
2009.01.05 10:32:33.388,1.5051,1.50545,4.00,4.80
2009.01.05 10:32:34.048,1.5051,1.50545,4.00,2.40
2009.01.05 10:32:34.848,1.50515,1.50545,1.80,2.40
2009.01.05 10:32:35.438,1.50515,1.50545,1.80,2.40
2009.01.05 10:32:41.986,1.50515,1.50545,4.20,2.40
2009.01.05 10:32:42.446,1.5053,1.5058,2.00,2.40
2009.01.05 10:32:42.956,1.50535,1.50575,2.00,2.40
2009.01.05 10:32:45.975,1.5055,1.50565,1.80,2.40
2009.01.05 10:32:46.825,1.50555,1.50605,4.80,2.40
2009.01.05 10:32:46.875,1.5056,1.5061,2.00,2.40
2009.01.05 10:32:47.155,1.5056,1.50615,2.80,3.40
2009.01.05 10:32:47.335,1.50565,1.50615,2.00,2.40
2009.01.05 10:32:47.695,1.5057,1.50615,2.00,2.40
2009.01.05 10:32:50.344,1.50565,1.50605,2.60,3.40
2009.01.05 10:32:50.514,1.5056,1.50605,1.00,3.40
2009.01.05 10:32:50.974,1.5056,1.506,1.00,1.20
2009.01.05 10:32:51.204,1.50535,1.50585,2.00,2.40
2009.01.05 10:32:51.684,1.5053,1.50575,2.00,2.40
2009.01.05 10:32:51.984,1.5053,1.5057,2.00,2.40
2009.01.05 10:32:52.436,1.5053,1.50565,4.80,2.40
2009.01.05 10:32:52.724,1.5053,1.5056,2.00,2.40
2009.01.05 10:32:53.003,1.5053,1.50555,2.00,2.40
2009.01.05 10:32:53.234,1.5053,1.5055,2.00,2.40
2009.01.05 10:32:56.233,1.5053,1.5056,2.00,2.40
2009.01.05 10:32:56.633,1.5053,1.5055,2.00,2.40
2009.01.05 10:32:56.973,1.5053,1.5055,4.80,2.40
2009.01.05 10:32:57.323,1.5054,1.50575,2.00,2.40
2009.01.05 10:32:58.192,1.50515,1.50555,1.80,4.80
2009.01.05 10:32:58.552,1.505,1.5055,2.80,2.40
2009.01.05 10:33:02.731,1.50505,1.5055,5.20,2.40
2009.01.05 10:33:03.081,1.5051,1.5055,2.80,2.40
2009.01.05 10:33:03.951,1.5051,1.5055,7.00,2.40
2009.01.05 10:33:04.401,1.50515,1.50555,4.40,4.80
2009.01.05 10:33:04.741,1.5052,1.50555,1.80,4.80
2009.01.05 10:33:08.120,1.50525,1.50555,6.20,2.40
2009.01.05 10:33:10.469,1.5052,1.5055,2.20,2.40
2009.01.05 10:33:10.769,1.50495,1.5054,2.00,2.40
2009.01.05 10:33:11.439,1.5049,1.5054,1.00,3.40
2009.01.05 10:33:11.659,1.5049,1.50535,1.00,1.00
2009.01.05 10:33:12.119,1.50485,1.50525,1.00,1.20
2009.01.05 10:33:12.939,1.50475,1.50515,2.00,2.40
2009.01.05 10:33:13.689,1.50485,1.50525,1.40,1.20
2009.01.05 10:33:14.779,1.5051,1.5055,1.00,2.40
2009.01.05 10:33:15.578,1.50465,1.5053,2.00,2.40
2009.01.05 10:33:16.028,1.5046,1.50525,2.00,2.40
2009.01.05 10:33:16.558,1.5046,1.5051,2.00,2.40
2009.01.05 10:33:17.088,1.5047,1.50495,2.00,2.40
2009.01.05 10:33:17.908,1.5047,1.5051,2.00,2.40
2009.01.05 10:33:18.078,1.50465,1.50505,2.00,2.40
2009.01.05 10:33:21.057,1.5048,1.50505,1.80,2.40
2009.01.05 10:33:21.177,1.5048,1.5054,2.40,11.40
2009.01.05 10:33:21.417,1.5048,1.5054,2.40,3.40
2009.01.05 10:33:21.517,1.50485,1.50545,2.00,2.40
2009.01.05 10:33:21.637,1.50485,1.5055,2.80,3.80
2009.01.05 10:33:21.917,1.5049,1.5055,2.80,2.40
2009.01.05 10:33:22.417,1.505,1.5054,2.00,2.40
2009.01.05 10:33:25.446,1.50495,1.5054,3.60,2.40
2009.01.05 10:33:25.916,1.50505,1.5054,2.80,2.40
2009.01.05 10:33:26.196,1.505,1.5054,1.00,1.00
2009.01.05 10:33:26.766,1.50485,1.5053,2.80,2.40
2009.01.05 10:33:27.445,1.50485,1.5052,2.00,2.40
2009.01.05 10:33:27.735,1.50475,1.50505,2.00,2.40
2009.01.05 10:33:28.256,1.50475,1.505,2.00,2.40
2009.01.05 10:33:29.285,1.50475,1.50515,2.00,2.40
2009.01.05 10:33:29.745,1.50475,1.505,2.00,2.40
2009.01.05 10:33:32.864,1.50465,1.505,2.00,2.40
2009.01.05 10:33:33.504,1.50465,1.50495,2.00,2.40
2009.01.05 10:33:33.864,1.5046,1.50495,10.00,2.40
2009.01.05 10:33:34.273,1.5046,1.505,8.00,2.40
2009.01.05 10:33:35.343,1.5046,1.50505,10.80,5.80
2009.01.05 10:33:35.993,1.50465,1.505,2.00,2.40
2009.01.05 10:33:36.453,1.50465,1.50505,2.00,4.80
2009.01.05 10:33:36.913,1.5048,1.50505,1.80,2.40
2009.01.05 10:33:37.083,1.5048,1.5052,1.80,2.40
2009.01.05 10:33:37.263,1.5048,1.5053,1.80,2.40
2009.01.05 10:33:37.843,1.50485,1.50535,2.80,2.40
2009.01.05 10:33:39.162,1.50505,1.5054,2.00,2.40
2009.01.05 10:33:39.912,1.50505,1.5054,2.80,2.40
2009.01.05 10:33:40.373,1.50505,1.50545,2.80,4.80
2009.01.05 10:33:40.772,1.50505,1.50545,3.60,2.40
2009.01.05 10:33:41.182,1.50495,1.50535,2.00,2.40
2009.01.05 10:33:41.472,1.5049,1.50525,1.00,11.40
2009.01.05 10:33:41.992,1.50475,1.5051,2.00,2.40
2009.01.05 10:33:42.521,1.50475,1.505,2.00,2.40
2009.01.05 10:33:43.261,1.5047,1.505,10.00,2.40
2009.01.05 10:33:43.561,1.5048,1.505,4.80,2.40
2009.01.05 10:33:44.261,1.5048,1.50535,2.80,2.40
2009.01.05 10:33:44.611,1.5048,1.5053,2.00,2.40
2009.01.05 10:33:44.671,1.50475,1.5053,2.80,2.40
2009.01.05 10:33:45.991,1.5048,1.50525,4.60,2.40
2009.01.05 10:33:46.511,1.5048,1.50525,7.00,2.40
2009.01.05 10:33:46.871,1.5048,1.5052,2.00,2.40
2009.01.05 10:33:50.270,1.50485,1.5051,2.00,2.40
2009.01.05 10:33:50.780,1.5048,1.5051,2.00,2.40
2009.01.05 10:33:51.809,1.50485,1.5052,2.00,2.40
2009.01.05 10:33:52.259,1.50485,1.5053,2.80,2.40
2009.01.05 10:33:52.719,1.50485,1.50525,1.00,1.20
2009.01.05 10:33:53.549,1.5048,1.50525,2.80,3.40
2009.01.05 10:33:54.149,1.5048,1.50525,2.80,2.40
2009.01.05 10:33:54.609,1.50485,1.5053,1.00,3.40
2009.01.05 10:33:55.220,1.50485,1.50525,1.00,3.40
2009.01.05 10:33:55.518,1.50475,1.5052,2.80,2.40
2009.01.05 10:33:56.349,1.50475,1.50505,2.00,2.40
2009.01.05 10:33:56.708,1.50475,1.505,2.00,2.40
2009.01.05 10:33:59.028,1.50475,1.50505,2.00,2.40
2009.01.05 10:33:59.378,1.50475,1.5051,2.00,2.40
2009.01.05 10:34:04.426,1.50495,1.5055,1.00,1.00
2009.01.05 10:34:04.486,1.5049,1.50555,1.40,5.80
2009.01.05 10:34:04.836,1.50495,1.50555,2.00,4.80
2009.01.05 10:34:05.306,1.50485,1.5055,2.80,2.40
2009.01.05 10:34:05.706,1.505,1.5054,2.40,2.40
2009.01.05 10:34:06.416,1.50515,1.50545,2.00,4.80
2009.01.05 10:34:06.776,1.50515,1.5054,6.20,1.00
2009.01.05 10:34:07.346,1.50515,1.5054,4.60,1.00
2009.01.05 10:34:08.205,1.5052,1.5055,1.80,57.60
2009.01.05 10:34:08.715,1.50505,1.50545,2.20,1.20
2009.01.05 10:34:09.215,1.50505,1.50545,1.00,1.20
2009.01.05 10:34:09.325,1.50505,1.50545,2.00,2.40
2009.01.05 10:34:09.735,1.50505,1.5055,2.80,59.80
2009.01.05 10:34:10.585,1.5051,1.5055,2.00,59.80
2009.01.05 10:34:10.825,1.50525,1.5055,1.00,58.40
2009.01.05 10:34:11.054,1.50525,1.5055,1.00,56.00
2009.01.05 10:34:12.905,1.5051,1.5055,3.60,58.40
2009.01.05 10:34:14.904,1.5051,1.5055,2.80,58.40
2009.01.05 10:34:15.364,1.5051,1.5055,3.60,58.40
2009.01.05 10:34:15.704,1.5051,1.5055,1.00,59.40
2009.01.05 10:34:16.174,1.505,1.5054,2.80,2.40
2009.01.05 10:34:16.803,1.505,1.50545,2.80,2.40
2009.01.05 10:34:19.663,1.505,1.50535,2.80,2.40
2009.01.05 10:34:19.882,1.50495,1.50535,1.00,4.80
2009.01.05 10:34:25.341,1.505,1.50535,2.00,4.80
2009.01.05 10:34:25.782,1.505,1.50535,7.00,2.40
2009.01.05 10:34:26.121,1.50495,1.50535,2.00,4.80
2009.01.05 10:34:26.801,1.50495,1.5053,2.00,2.40
2009.01.05 10:34:27.401,1.50495,1.50535,2.00,4.80
2009.01.05 10:34:27.821,1.505,1.50535,4.60,2.40
2009.01.05 10:34:29.211,1.505,1.50535,6.20,2.40
2009.01.05 10:34:29.910,1.505,1.50535,7.00,2.40
2009.01.05 10:34:31.490,1.50515,1.5053,2.20,1.00
2009.01.05 10:34:32.000,1.50505,1.5054,7.00,4.00
2009.01.05 10:34:33.769,1.50505,1.50535,1.00,2.40
2009.01.05 10:34:33.889,1.50495,1.50535,1.00,2.40
2009.01.05 10:34:36.510,1.505,1.50535,6.20,4.80
2009.01.05 10:34:37.788,1.505,1.50535,6.20,2.40
2009.01.05 10:34:38.758,1.505,1.50535,4.60,2.40
2009.01.05 10:34:39.808,1.50505,1.5053,4.00,1.00
2009.01.05 10:34:41.297,1.505,1.50535,2.40,2.40
2009.01.05 10:34:41.737,1.505,1.50535,4.00,2.40
2009.01.05 10:34:42.007,1.5049,1.5052,6.20,3.80
2009.01.05 10:34:43.877,1.5049,1.50515,2.00,2.40
2009.01.05 10:34:44.337,1.5049,1.5053,2.00,2.40
2009.01.05 10:34:47.976,1.5049,1.5053,2.80,2.40
2009.01.05 10:34:51.185,1.50505,1.5053,1.80,1.00
2009.01.05 10:34:51.595,1.50505,1.5054,2.40,4.00
2009.01.05 10:34:51.825,1.50505,1.5054,4.60,4.00
2009.01.05 10:34:52.905,1.5051,1.5054,4.00,1.60
2009.01.05 10:34:53.435,1.5051,1.5054,1.80,1.60
2009.01.05 10:34:53.774,1.50495,1.50535,4.00,4.80
2009.01.05 10:34:54.214,1.5049,1.50535,2.80,4.80
2009.01.05 10:34:54.725,1.5049,1.5053,2.00,2.40
2009.01.05 10:34:55.424,1.50505,1.50535,2.20,2.40
2009.01.05 10:34:56.124,1.505,1.50535,1.80,2.40
2009.01.05 10:34:56.664,1.5052,1.50535,2.00,2.40
2009.01.05 10:34:57.174,1.5052,1.5056,4.00,5.60
2009.01.05 10:34:58.083,1.50525,1.5056,4.00,2.40
2009.01.05 10:34:59.143,1.50525,1.50555,6.20,2.40
2009.01.05 10:35:01.443,1.50515,1.5055,2.60,2.40
2009.01.05 10:35:01.902,1.5053,1.50555,2.20,5.80
2009.01.05 10:35:02.482,1.50515,1.50555,2.60,5.80
2009.01.05 10:35:02.942,1.50525,1.50555,1.80,2.40
2009.01.05 10:35:03.342,1.50515,1.50555,4.60,2.40
2009.01.05 10:35:03.752,1.50515,1.50555,4.00,4.80
2009.01.05 10:35:11.480,1.50525,1.50555,2.00,4.80
2009.01.05 10:35:11.600,1.50525,1.50555,4.00,2.40
2009.01.05 10:35:12.000,1.50525,1.50555,4.00,2.40
2009.01.05 10:35:15.659,1.50525,1.50555,1.80,2.40
2009.01.05 10:35:15.819,1.50515,1.50555,7.00,2.40
2009.01.05 10:35:16.289,1.50515,1.50555,4.00,4.80
2009.01.05 10:35:20.408,1.50515,1.50555,1.80,4.80
2009.01.05 10:35:22.278,1.50515,1.50555,4.00,4.80
2009.01.05 10:35:23.157,1.50515,1.50555,1.80,4.80
2009.01.05 10:35:23.497,1.50515,1.50555,1.80,5.80
2009.01.05 10:35:27.646,1.50515,1.50555,1.80,4.80
2009.01.05 10:35:29.446,1.50515,1.50555,1.80,5.80
2009.01.05 10:35:40.103,1.50515,1.5055,1.80,1.00
2009.01.05 10:35:40.273,1.50515,1.50545,1.80,2.40
2009.01.05 10:35:58.739,1.5052,1.5055,4.00,3.80
2009.01.05 10:35:59.259,1.50525,1.50545,2.20,2.40
2009.01.05 10:35:59.609,1.50515,1.50545,1.80,2.40
2009.01.05 10:36:06.057,1.50515,1.50545,4.00,2.40
2009.01.05 10:36:07.267,1.50515,1.50545,1.80,2.40
2009.01.05 10:36:19.994,1.5051,1.5054,4.20,2.40
2009.01.05 10:36:20.873,1.50515,1.50545,1.80,2.40
2009.01.05 10:36:26.082,1.50505,1.50545,2.40,2.40
2009.01.05 10:36:26.312,1.50505,1.50545,3.80,2.40
2009.01.05 10:36:26.542,1.50495,1.5054,3.60,2.40
2009.01.05 10:36:27.302,1.505,1.50545,1.00,5.80
2009.01.05 10:36:27.712,1.50495,1.5054,2.80,2.40
2009.01.05 10:36:28.172,1.50495,1.5054,2.80,2.40
2009.01.05 10:36:28.532,1.5049,1.5053,2.00,4.80
2009.01.05 10:36:28.971,1.50495,1.5053,2.00,2.40
2009.01.05 10:36:29.652,1.50495,1.5054,2.80,2.40
2009.01.05 10:36:31.811,1.50495,1.5054,1.00,3.40
2009.01.05 10:36:38.189,1.50495,1.5054,2.80,2.40
2009.01.05 10:36:39.229,1.5051,1.5054,2.20,2.40
2009.01.05 10:36:39.779,1.50505,1.50545,6.20,4.80
2009.01.05 10:36:40.119,1.50515,1.50545,4.00,4.80
2009.01.05 10:36:40.629,1.5052,1.50545,2.20,2.40
2009.01.05 10:36:41.039,1.50505,1.50545,7.00,2.40
2009.01.05 10:36:42.218,1.50505,1.50545,6.20,4.80
2009.01.05 10:36:45.048,1.505,1.50545,1.00,5.80
2009.01.05 10:36:45.807,1.50495,1.5054,2.80,2.40
2009.01.05 10:36:47.167,1.505,1.5054,3.00,2.40
2009.01.05 10:36:47.797,1.50495,1.5054,7.00,4.80
2009.01.05 10:36:50.836,1.50495,1.5054,9.60,4.80
2009.01.05 10:36:51.176,1.505,1.5054,2.00,4.80
2009.01.05 10:36:51.537,1.505,1.50545,2.80,4.80
2009.01.05 10:36:52.076,1.50505,1.50545,1.80,4.80
2009.01.05 10:36:52.366,1.50505,1.50545,4.00,4.80
2009.01.05 10:36:52.826,1.50505,1.50545,4.80,2.40
2009.01.05 10:36:53.246,1.505,1.50545,2.80,4.80
2009.01.05 10:36:58.894,1.50505,1.50545,2.00,4.80
2009.01.05 10:36:59.294,1.50515,1.50545,4.00,4.80
2009.01.05 10:36:59.934,1.50505,1.50545,6.20,4.80
2009.01.05 10:37:00.414,1.50505,1.50545,4.00,4.80
2009.01.05 10:37:01.094,1.505,1.50545,2.80,4.80
2009.01.05 10:37:08.013,1.50495,1.5054,2.80,2.40
2009.01.05 10:37:14.900,1.505,1.5054,2.00,2.40
2009.01.05 10:37:22.019,1.5052,1.5054,1.00,2.40
2009.01.05 10:37:22.609,1.50545,1.50555,2.00,1.00
2009.01.05 10:37:23.009,1.50545,1.506,2.00,2.40
2009.01.05 10:37:23.658,1.5055,1.50595,2.00,2.40
2009.01.05 10:37:23.778,1.50565,1.50605,2.00,2.40
2009.01.05 10:37:24.348,1.5057,1.506,2.00,2.40
2009.01.05 10:37:25.158,1.50565,1.5061,2.80,2.40
2009.01.05 10:37:25.378,1.50565,1.50605,2.00,2.40
2009.01.05 10:37:26.908,1.5057,1.50605,2.00,2.40
2009.01.05 10:37:27.087,1.50565,1.50595,4.80,2.40
2009.01.05 10:37:27.487,1.50565,1.50595,4.00,2.40
2009.01.05 10:37:28.187,1.5056,1.50595,4.00,2.40
2009.01.05 10:37:29.167,1.50555,1.50595,7.00,2.40
2009.01.05 10:37:29.737,1.50555,1.50595,6.20,4.80
2009.01.05 10:37:30.027,1.50555,1.50595,7.00,2.40
2009.01.05 10:37:30.497,1.50555,1.50595,6.20,4.80
2009.01.05 10:37:43.034,1.5055,1.50595,2.80,4.80
2009.01.05 10:37:43.733,1.5055,1.5059,2.00,2.40
2009.01.05 10:37:46.643,1.50555,1.5059,2.00,2.40
2009.01.05 10:37:47.663,1.50555,1.5059,4.00,2.40
2009.01.05 10:37:48.183,1.50565,1.50595,1.80,2.40
2009.01.05 10:37:48.633,1.50565,1.506,6.20,6.20
2009.01.05 10:37:49.062,1.50565,1.506,4.00,3.80
2009.01.05 10:37:49.772,1.50575,1.5061,2.00,2.40
2009.01.05 10:37:50.062,1.5057,1.50615,5.20,4.80
2009.01.05 10:37:50.462,1.5057,1.5061,2.00,2.40
2009.01.05 10:37:51.862,1.5059,1.50645,1.40,4.20
2009.01.05 10:37:52.221,1.50605,1.50655,1.80,2.40
2009.01.05 10:37:52.671,1.50605,1.50665,1.00,3.40
2009.01.05 10:37:53.021,1.5062,1.5065,1.00,1.20
2009.01.05 10:37:54.121,1.5062,1.50655,1.40,1.20
2009.01.05 10:37:54.641,1.50615,1.50655,1.00,1.20
2009.01.05 10:37:55.731,1.50605,1.50645,2.00,2.40
2009.01.05 10:37:56.260,1.50605,1.5065,2.80,2.40
2009.01.05 10:37:56.680,1.50605,1.50645,4.80,2.40
2009.01.05 10:37:57.130,1.5061,1.50635,2.00,2.40
2009.01.05 10:37:58.810,1.5062,1.50635,2.00,2.40
2009.01.05 10:37:59.220,1.50615,1.50645,2.00,2.40
2009.01.05 10:37:59.600,1.50615,1.5064,2.00,2.40
2009.01.05 10:38:00.499,1.5062,1.50645,2.00,2.40
2009.01.05 10:38:00.719,1.5062,1.5064,2.00,2.40
2009.01.05 10:38:01.059,1.50615,1.5064,2.00,2.40
2009.01.05 10:38:01.509,1.50615,1.50645,2.00,2.40
2009.01.05 10:38:02.539,1.50615,1.5064,2.00,2.40
2009.01.05 10:38:02.709,1.5061,1.50635,2.00,2.40
2009.01.05 10:38:03.659,1.5062,1.5064,2.00,2.40
2009.01.05 10:38:04.299,1.5062,1.5065,2.00,2.40
2009.01.05 10:38:05.189,1.50625,1.5065,2.00,2.40
2009.01.05 10:38:05.578,1.50625,1.50655,2.00,2.40
2009.01.05 10:38:05.739,1.50625,1.5066,2.00,2.40
2009.01.05 10:38:06.418,1.50615,1.50655,2.80,2.40
2009.01.05 10:38:06.768,1.50615,1.50655,2.00,2.40
2009.01.05 10:38:07.258,1.5062,1.50655,2.00,2.40
2009.01.05 10:38:07.838,1.5062,1.5066,2.00,2.40
2009.01.05 10:38:09.477,1.5062,1.50665,2.80,2.40
2009.01.05 10:38:09.877,1.50625,1.5066,1.00,1.20
2009.01.05 10:38:10.397,1.506,1.5065,4.80,3.40
2009.01.05 10:38:11.947,1.5061,1.5065,1.40,1.00
2009.01.05 10:38:13.946,1.5061,1.5065,1.00,1.00
2009.01.05 10:38:14.716,1.5061,1.5065,3.20,1.00
2009.01.05 10:38:15.186,1.5061,1.5065,5.40,1.00
2009.01.05 10:38:15.296,1.5061,1.50655,7.20,5.80
2009.01.05 10:38:16.856,1.5061,1.50655,4.80,5.80
2009.01.05 10:38:18.935,1.5062,1.50655,1.80,5.80
2009.01.05 10:38:19.415,1.50615,1.50655,3.00,3.40
2009.01.05 10:38:19.515,1.50615,1.50655,3.00,5.80
2009.01.05 10:38:21.324,1.50615,1.50655,3.00,3.40
2009.01.05 10:38:21.444,1.5062,1.5065,1.00,1.00
2009.01.05 10:38:21.554,1.5062,1.50665,1.00,3.40
2009.01.05 10:38:21.964,1.50625,1.50655,1.80,1.20
2009.01.05 10:38:22.084,1.5062,1.50655,2.20,3.40
2009.01.05 10:38:22.144,1.5062,1.50655,1.00,3.40
2009.01.05 10:38:22.944,1.5062,1.50655,1.00,2.40
2009.01.05 10:38:23.424,1.50625,1.50665,3.00,1.60
2009.01.05 10:38:24.034,1.50615,1.5065,1.00,1.20
2009.01.05 10:38:25.694,1.50605,1.5065,3.00,3.40
2009.01.05 10:38:25.933,1.50615,1.5065,1.00,1.20
2009.01.05 10:38:26.563,1.5062,1.5066,4.00,3.40
2009.01.05 10:38:27.073,1.5062,1.5066,2.40,1.00
2009.01.05 10:38:27.653,1.5062,1.50655,1.00,1.20
2009.01.05 10:38:30.172,1.5063,1.50655,4.00,1.20
2009.01.05 10:38:30.522,1.5063,1.50665,4.00,3.40
2009.01.05 10:38:32.772,1.5063,1.50665,4.00,2.40
2009.01.05 10:38:32.832,1.50645,1.5066,2.20,1.00
2009.01.05 10:38:33.122,1.50645,1.5067,2.20,8.80
2009.01.05 10:38:33.701,1.5064,1.5067,4.00,1.60
2009.01.05 10:38:34.171,1.50655,1.5068,1.80,3.40
2009.01.05 10:38:34.571,1.50665,1.50715,1.80,4.80
2009.01.05 10:38:35.081,1.50665,1.50715,1.80,2.40
2009.01.05 10:38:36.091,1.50675,1.50705,1.80,2.40
2009.01.05 10:38:36.661,1.5068,1.5071,1.80,4.00
2009.01.05 10:38:37.051,1.5068,1.5071,1.80,6.40
2009.01.05 10:38:38.041,1.50675,1.50705,1.80,2.40
2009.01.05 10:38:38.490,1.5065,1.50695,1.00,3.40
2009.01.05 10:38:38.950,1.50645,1.5069,1.00,1.20
2009.01.05 10:38:39.650,1.5065,1.50695,1.40,3.40
2009.01.05 10:38:40.290,1.5065,1.50695,3.00,3.40
2009.01.05 10:38:42.400,1.5065,1.50685,3.00,1.20
2009.01.05 10:38:42.799,1.50645,1.50685,4.80,1.20
2009.01.05 10:38:43.829,1.5066,1.50685,2.20,1.20
2009.01.05 10:38:46.028,1.5067,1.5069,2.20,2.40
2009.01.05 10:38:46.368,1.5067,1.50695,2.20,3.40
2009.01.05 10:38:50.737,1.5067,1.50685,2.20,1.20
2009.01.05 10:38:53.307,1.5067,1.5069,2.20,5.80
2009.01.05 10:38:54.396,1.5067,1.5069,2.20,3.40
2009.01.05 10:38:54.796,1.5067,1.5069,2.20,1.20
2009.01.05 10:38:57.116,1.5067,1.50695,2.20,3.40
2009.01.05 10:38:57.456,1.5067,1.5069,2.20,1.20
2009.01.05 10:38:59.355,1.5067,1.50685,2.20,3.40
2009.01.05 10:39:00.155,1.5067,1.5068,2.20,1.20
2009.01.05 10:39:01.065,1.5066,1.5068,2.20,3.40
2009.01.05 10:39:01.984,1.5067,1.5069,2.20,3.40
2009.01.05 10:39:04.034,1.5067,1.50685,2.20,2.40
2009.01.05 10:39:04.484,1.5067,1.50685,2.20,3.40
2009.01.05 10:39:05.914,1.5067,1.50685,2.20,3.80
2009.01.05 10:39:06.324,1.5066,1.5068,2.20,3.40
2009.01.05 10:39:09.263,1.5067,1.50685,2.20,2.40
2009.01.05 10:39:09.563,1.5067,1.507,2.20,3.40
2009.01.05 10:39:10.372,1.5067,1.50705,4.40,4.80
2009.01.05 10:39:11.402,1.5068,1.5071,1.80,2.40
2009.01.05 10:39:11.812,1.50675,1.507,4.00,1.00
2009.01.05 10:39:12.372,1.5067,1.507,1.80,2.40
2009.01.05 10:39:12.792,1.50675,1.507,1.80,2.40
2009.01.05 10:39:13.392,1.5067,1.50695,2.20,1.20
2009.01.05 10:39:13.792,1.5067,1.50695,2.20,3.40
2009.01.05 10:39:14.542,1.5067,1.5069,2.20,1.20
2009.01.05 10:39:15.251,1.5066,1.5068,2.20,2.40
2009.01.05 10:39:15.671,1.5066,1.50685,2.20,3.40
2009.01.05 10:39:16.121,1.50655,1.5069,4.00,5.80
2009.01.05 10:39:16.981,1.50655,1.5069,4.00,3.40
2009.01.05 10:39:17.562,1.5067,1.507,2.20,3.40
2009.01.05 10:39:18.081,1.50655,1.507,4.80,3.40
2009.01.05 10:39:25.689,1.50655,1.50695,4.80,1.20
2009.01.05 10:39:26.159,1.50655,1.50695,1.00,3.40
2009.01.05 10:39:26.719,1.5065,1.50695,3.00,3.40
2009.01.05 10:39:27.709,1.50655,1.50695,1.00,3.40
2009.01.05 10:39:28.278,1.5065,1.50685,3.00,3.40
2009.01.05 10:39:28.508,1.50645,1.50685,4.00,5.80
2009.01.05 10:39:28.968,1.50645,1.50685,4.80,5.80
2009.01.05 10:39:32.757,1.50645,1.5068,3.00,1.00
2009.01.05 10:39:32.987,1.5064,1.5067,1.60,1.20
2009.01.05 10:39:33.577,1.5064,1.5068,2.20,3.40
2009.01.05 10:39:34.157,1.5064,1.50665,2.40,1.20
2009.01.05 10:39:34.267,1.5064,1.5066,2.20,2.40
2009.01.05 10:39:34.877,1.50625,1.50655,1.80,2.40
2009.01.05 10:39:35.447,1.50615,1.50655,4.80,2.40
2009.01.05 10:39:36.026,1.50625,1.50655,2.60,2.40
2009.01.05 10:39:36.316,1.50635,1.5067,1.00,1.00
2009.01.05 10:39:36.496,1.5063,1.5067,1.40,1.00
2009.01.05 10:39:37.086,1.5063,1.5067,1.40,3.40
2009.01.05 10:39:37.776,1.50635,1.5067,1.00,1.00
2009.01.05 10:39:38.236,1.5063,1.5067,1.40,1.00
2009.01.05 10:39:38.696,1.50635,1.5067,1.00,1.00
2009.01.05 10:39:39.166,1.50625,1.5067,3.20,3.40
2009.01.05 10:39:39.805,1.50625,1.5067,5.40,2.40
2009.01.05 10:39:40.686,1.50635,1.50675,1.00,1.20
2009.01.05 10:39:42.485,1.50635,1.50675,1.00,3.40
2009.01.05 10:39:42.875,1.50635,1.50675,1.00,1.20
2009.01.05 10:39:43.924,1.50635,1.5067,1.00,1.00
2009.01.05 10:39:44.104,1.50625,1.5067,4.80,3.40
2009.01.05 10:39:55.772,1.5064,1.50675,1.80,6.40
2009.01.05 10:39:55.882,1.5064,1.50675,1.80,5.80
2009.01.05 10:39:56.931,1.5064,1.5068,2.40,1.20
2009.01.05 10:39:57.851,1.5064,1.50675,2.40,1.20
2009.01.05 10:39:58.411,1.5064,1.50675,1.00,1.20
2009.01.05 10:39:58.641,1.50635,1.50675,1.00,1.20
2009.01.05 10:39:59.871,1.50635,1.5066,1.00,2.40
2009.01.05 10:40:00.380,1.50625,1.5066,4.00,2.40
2009.01.05 10:40:01.300,1.50625,1.50655,1.80,2.40
2009.01.05 10:40:09.018,1.5062,1.50655,4.00,2.40
2009.01.05 10:40:09.248,1.5062,1.50655,4.00,2.40
2009.01.05 10:40:10.688,1.50625,1.5065,1.80,1.00
2009.01.05 10:40:10.748,1.50625,1.5066,4.00,2.40
2009.01.05 10:40:11.428,1.50625,1.50665,4.00,2.40
2009.01.05 10:40:11.608,1.50625,1.5067,4.80,3.40
2009.01.05 10:40:17.047,1.50625,1.50665,1.00,1.20
2009.01.05 10:40:17.686,1.50625,1.50665,1.00,3.40
2009.01.05 10:40:23.185,1.50625,1.5066,1.00,3.40
2009.01.05 10:40:23.765,1.50615,1.5066,4.80,5.80
2009.01.05 10:40:24.365,1.50615,1.5066,4.80,6.20
2009.01.05 10:40:24.885,1.5062,1.50645,1.00,3.40
2009.01.05 10:40:25.914,1.50615,1.50645,1.80,2.40
2009.01.05 10:40:26.304,1.50625,1.5068,1.00,3.40
2009.01.05 10:40:26.924,1.5063,1.5068,1.00,3.40
2009.01.05 10:40:27.464,1.5063,1.50675,1.00,3.40
2009.01.05 10:40:28.484,1.50635,1.5068,1.00,3.40
2009.01.05 10:40:29.723,1.50635,1.50675,1.00,1.20
2009.01.05 10:40:29.954,1.5064,1.50675,1.00,1.20
2009.01.05 10:40:31.003,1.5063,1.5067,1.00,3.40
2009.01.05 10:40:31.673,1.50625,1.5067,1.00,3.40
2009.01.05 10:40:32.963,1.50625,1.5067,3.20,3.40
2009.01.05 10:40:33.433,1.50635,1.5067,1.00,1.20
2009.01.05 10:40:33.723,1.5063,1.5067,1.00,1.20
2009.01.05 10:40:34.812,1.50625,1.5067,1.00,3.40
2009.01.05 10:40:36.812,1.50625,1.50665,1.00,1.20
2009.01.05 10:40:37.332,1.50625,1.5066,1.00,1.20
2009.01.05 10:40:39.871,1.50625,1.50655,1.00,1.20
2009.01.05 10:40:40.221,1.50615,1.50655,1.00,1.20
2009.01.05 10:40:41.031,1.5063,1.5066,1.80,2.40
2009.01.05 10:40:41.331,1.50635,1.50665,1.00,2.40
2009.01.05 10:40:42.100,1.50635,1.5066,2.40,1.00
2009.01.05 10:40:42.280,1.50635,1.50665,2.40,1.20
2009.01.05 10:40:42.620,1.50635,1.50665,1.00,1.20
2009.01.05 10:40:42.790,1.50625,1.5066,1.00,1.20
2009.01.05 10:40:43.190,1.5062,1.5066,1.00,1.20
2009.01.05 10:40:43.590,1.5062,1.50665,1.40,3.40
2009.01.05 10:40:44.350,1.50625,1.50665,1.00,3.40
2009.01.05 10:40:44.800,1.5064,1.50665,1.80,2.40
2009.01.05 10:40:45.210,1.5064,1.5068,2.40,1.00
2009.01.05 10:40:45.560,1.50645,1.5068,1.00,1.00
2009.01.05 10:40:46.210,1.5064,1.50675,1.00,1.00
2009.01.05 10:40:46.379,1.5063,1.50675,2.80,2.40
2009.01.05 10:40:47.119,1.50645,1.50675,1.00,2.40
2009.01.05 10:40:47.289,1.50655,1.5069,1.00,3.40
2009.01.05 10:40:47.799,1.5064,1.5068,8.60,1.20
2009.01.05 10:40:48.449,1.5065,1.5068,1.00,1.20
2009.01.05 10:40:50.229,1.5065,1.50685,1.00,1.20
2009.01.05 10:40:50.938,1.5065,1.50685,2.40,1.20
2009.01.05 10:40:51.238,1.5065,1.50695,3.20,3.40
2009.01.05 10:40:52.468,1.50645,1.5068,1.00,1.20
2009.01.05 10:40:52.858,1.50635,1.5068,1.00,3.40
2009.01.05 10:40:53.268,1.50635,1.5068,1.40,2.40
2009.01.05 10:40:53.738,1.5064,1.5068,1.00,1.20
2009.01.05 10:40:55.718,1.5064,1.50685,1.00,3.80
2009.01.05 10:40:55.827,1.5064,1.50685,1.40,3.40
2009.01.05 10:40:58.206,1.5064,1.5068,2.40,1.20
2009.01.05 10:40:59.016,1.50635,1.5068,3.20,3.40
2009.01.05 10:40:59.926,1.5064,1.50685,1.40,5.80
2009.01.05 10:41:00.146,1.5064,1.50685,1.40,3.40
2009.01.05 10:41:00.496,1.5064,1.50675,1.40,1.20
2009.01.05 10:41:00.906,1.50635,1.50675,3.20,3.40
2009.01.05 10:41:01.376,1.50635,1.5067,2.60,3.40
2009.01.05 10:41:02.626,1.5064,1.50665,1.00,3.40
2009.01.05 10:41:03.035,1.50635,1.50675,2.60,5.80
2009.01.05 10:41:03.436,1.50635,1.5067,2.60,2.40
2009.01.05 10:41:03.965,1.5064,1.50665,1.00,3.40
2009.01.05 10:41:05.125,1.50635,1.5067,6.20,2.40
2009.01.05 10:41:05.725,1.5064,1.5068,2.00,2.40
2009.01.05 10:41:06.005,1.50645,1.5069,1.00,3.40
2009.01.05 10:41:07.424,1.5065,1.5069,1.00,1.20
2009.01.05 10:41:08.224,1.50645,1.5069,1.00,3.40
2009.01.05 10:41:09.604,1.5065,1.50695,1.00,3.40
2009.01.05 10:41:09.934,1.5066,1.50695,1.00,1.20
2009.01.05 10:41:10.804,1.50655,1.50695,1.00,1.20
2009.01.05 10:41:11.144,1.50655,1.5069,1.00,1.20
2009.01.05 10:41:13.073,1.5065,1.5069,1.00,1.20
2009.01.05 10:41:13.593,1.5065,1.50695,1.00,3.80
2009.01.05 10:41:13.943,1.5065,1.50695,3.00,3.40
2009.01.05 10:41:16.562,1.50655,1.50695,1.00,3.40
2009.01.05 10:41:17.262,1.5065,1.50695,3.00,3.40
2009.01.05 10:41:19.881,1.50655,1.50695,1.00,1.20
2009.01.05 10:41:20.321,1.5065,1.50695,3.00,3.40
2009.01.05 10:41:20.561,1.5065,1.50695,3.00,4.80
2009.01.05 10:41:20.681,1.5065,1.50685,3.00,1.00
2009.01.05 10:41:21.092,1.50645,1.50685,4.00,5.80
2009.01.05 10:41:21.381,1.50645,1.50685,4.80,5.80
2009.01.05 10:41:21.791,1.50645,1.50685,2.40,5.80
2009.01.05 10:41:23.521,1.50665,1.50685,1.80,2.40
2009.01.05 10:41:23.870,1.50655,1.50695,1.00,1.20
2009.01.05 10:41:24.331,1.50635,1.50685,6.20,2.40
2009.01.05 10:41:24.840,1.5065,1.50695,3.00,3.40
2009.01.05 10:41:26.430,1.50655,1.50695,1.00,3.40
2009.01.05 10:41:27.649,1.5065,1.50695,3.00,3.40
2009.01.05 10:41:28.689,1.5065,1.50695,2.40,4.80
2009.01.05 10:41:29.089,1.50655,1.50685,1.00,1.00
2009.01.05 10:41:29.659,1.5065,1.50685,1.80,3.40
2009.01.05 10:41:33.348,1.50655,1.5068,1.80,1.00
2009.01.05 10:41:33.858,1.50655,1.50685,1.00,3.40
2009.01.05 10:41:34.438,1.50645,1.50685,2.40,3.40
2009.01.05 10:41:38.067,1.50655,1.5069,2.00,2.40
2009.01.05 10:41:38.397,1.50665,1.507,1.00,1.00
2009.01.05 10:41:38.857,1.5066,1.507,3.00,1.00
2009.01.05 10:41:40.386,1.5067,1.50705,1.80,5.80
2009.01.05 10:41:40.507,1.5067,1.50705,2.40,3.40
2009.01.05 10:41:40.986,1.50675,1.507,1.80,1.00
2009.01.05 10:41:42.106,1.5067,1.50705,3.00,2.40
2009.01.05 10:41:42.676,1.50675,1.5069,4.80,1.00
2009.01.05 10:41:43.216,1.50675,1.5071,1.00,3.40
2009.01.05 10:41:43.726,1.50675,1.50705,1.80,1.00
2009.01.05 10:41:44.935,1.5067,1.50705,2.40,3.40
2009.01.05 10:41:45.465,1.5067,1.50705,1.80,3.40
2009.01.05 10:41:45.915,1.50665,1.507,1.00,1.00
2009.01.05 10:41:46.195,1.5066,1.50695,1.00,1.20
2009.01.05 10:41:47.485,1.50655,1.50695,1.00,1.20
2009.01.05 10:42:00.052,1.50655,1.5069,1.00,1.00
2009.01.05 10:42:00.501,1.5065,1.5069,3.00,1.00
2009.01.05 10:42:21.406,1.50665,1.50695,1.80,5.40
2009.01.05 10:42:21.916,1.50665,1.50695,1.80,2.40
2009.01.05 10:42:23.586,1.5066,1.5069,1.00,1.00
2009.01.05 10:42:24.086,1.5065,1.5069,3.00,1.00
2009.01.05 10:42:26.835,1.5065,1.5069,1.40,1.00
2009.01.05 10:42:28.375,1.5065,1.5069,4.80,1.00
2009.01.05 10:42:28.715,1.50655,1.5069,3.00,1.00
2009.01.05 10:42:40.872,1.50655,1.50695,3.00,3.40
2009.01.05 10:42:41.572,1.5066,1.50695,4.00,3.40
2009.01.05 10:42:42.042,1.5066,1.5069,1.00,1.00
2009.01.05 10:42:42.202,1.50655,1.5069,1.00,1.00
2009.01.05 10:42:42.321,1.5065,1.5069,2.40,1.00
2009.01.05 10:42:43.001,1.5066,1.50695,1.80,5.80
2009.01.05 10:42:43.061,1.5066,1.50695,2.40,3.40
2009.01.05 10:42:44.141,1.5066,1.50695,1.80,3.40
2009.01.05 10:42:44.301,1.5065,1.5069,2.40,1.00
2009.01.05 10:42:45.541,1.5066,1.50695,1.80,5.80
2009.01.05 10:42:45.941,1.5065,1.5069,2.40,1.00
2009.01.05 10:42:47.140,1.5065,1.5069,3.00,1.00
2009.01.05 10:42:58.218,1.50655,1.5069,1.00,1.00
2009.01.05 10:42:58.967,1.5065,1.5069,2.40,1.00
2009.01.05 10:43:00.657,1.5067,1.5069,1.80,1.00
2009.01.05 10:43:01.127,1.50665,1.50695,1.00,1.20
2009.01.05 10:43:01.597,1.50645,1.50695,1.00,1.20
2009.01.05 10:43:03.056,1.50655,1.5069,1.00,1.00
2009.01.05 10:43:03.736,1.5065,1.5069,4.00,1.00
2009.01.05 10:43:04.486,1.50655,1.5069,1.00,1.00
2009.01.05 10:43:09.895,1.50655,1.5069,3.00,1.00
2009.01.05 10:43:12.444,1.5066,1.5069,1.80,3.80
2009.01.05 10:43:12.904,1.50655,1.50685,3.00,2.40
2009.01.05 10:43:13.134,1.5065,1.50685,6.40,3.40
2009.01.05 10:43:13.524,1.50655,1.5068,1.80,1.00
2009.01.05 10:43:14.304,1.50655,1.50685,1.00,3.40
2009.01.05 10:43:14.884,1.50645,1.50685,2.40,3.40
2009.01.05 10:43:15.504,1.5066,1.5068,1.80,1.00
2009.01.05 10:43:15.844,1.5066,1.5069,1.80,3.80
2009.01.05 10:43:16.133,1.50655,1.50685,1.00,3.40
2009.01.05 10:43:16.663,1.50645,1.50685,2.40,3.40
2009.01.05 10:43:18.003,1.5066,1.5068,1.80,1.00
2009.01.05 10:43:18.503,1.50665,1.50695,1.80,2.40
2009.01.05 10:43:20.382,1.50665,1.50695,1.80,2.40
2009.01.05 10:43:20.792,1.50665,1.50695,1.80,3.40
2009.01.05 10:43:20.902,1.5066,1.5069,1.80,3.80
2009.01.05 10:43:21.232,1.5066,1.5069,1.80,2.40
2009.01.05 10:43:22.162,1.5066,1.5069,4.00,1.60
2009.01.05 10:43:22.692,1.5066,1.50695,1.80,3.40
2009.01.05 10:43:23.092,1.50665,1.50695,3.00,2.40
2009.01.05 10:43:23.432,1.50665,1.5069,1.00,1.00
2009.01.05 10:43:23.851,1.5066,1.50695,1.80,3.40
2009.01.05 10:43:24.711,1.5066,1.50695,1.00,3.40
2009.01.05 10:43:24.881,1.50665,1.5069,4.00,1.00
2009.01.05 10:43:25.181,1.50665,1.507,4.00,8.80
2009.01.05 10:43:25.661,1.50665,1.5069,3.00,1.60
2009.01.05 10:43:26.221,1.5066,1.5069,1.80,1.60
2009.01.05 10:43:26.461,1.5066,1.5069,4.00,1.60
2009.01.05 10:43:27.201,1.5066,1.5069,2.40,1.60
2009.01.05 10:43:27.660,1.5066,1.5069,1.00,3.80
2009.01.05 10:43:28.080,1.5066,1.5069,1.00,4.80
2009.01.05 10:43:28.850,1.5066,1.5069,4.80,1.60
2009.01.05 10:43:29.440,1.5067,1.50695,2.20,2.40
2009.01.05 10:43:30.030,1.50655,1.50685,2.40,2.40
2009.01.05 10:43:30.800,1.50655,1.50685,1.80,2.40
2009.01.05 10:43:30.960,1.50645,1.50685,2.40,3.40
2009.01.05 10:43:31.730,1.50645,1.50685,2.40,2.40
2009.01.05 10:43:31.960,1.5065,1.50685,4.80,2.40
2009.01.05 10:43:32.440,1.50655,1.50685,1.80,2.40
2009.01.05 10:43:32.959,1.50655,1.50685,1.80,4.80
2009.01.05 10:43:33.409,1.50655,1.50685,1.80,2.40
2009.01.05 10:43:33.759,1.50655,1.50685,1.80,2.40
2009.01.05 10:44:06.011,1.5066,1.5069,1.80,3.80
2009.01.05 10:44:07.241,1.5066,1.5069,1.80,2.40
2009.01.05 10:44:08.791,1.5066,1.5069,1.80,3.80
2009.01.05 10:44:10.320,1.5066,1.5069,1.80,2.40
2009.01.05 10:44:10.841,1.50655,1.50685,2.40,2.40
2009.01.05 10:44:10.900,1.50655,1.50685,1.80,2.40
2009.01.05 10:44:12.740,1.50655,1.5069,2.40,1.60
2009.01.05 10:44:12.860,1.50655,1.50695,2.40,3.40
2009.01.05 10:44:13.260,1.50665,1.50695,1.00,3.40
2009.01.05 10:44:14.719,1.5066,1.50695,2.40,3.40
2009.01.05 10:44:16.159,1.5066,1.50695,1.80,3.40
2009.01.05 10:44:16.749,1.5066,1.50695,1.00,3.40
2009.01.05 10:44:16.989,1.50655,1.50695,2.40,3.40
2009.01.05 10:44:39.893,1.50655,1.50695,4.20,2.40
2009.01.05 10:44:40.123,1.50665,1.50695,1.80,2.40
2009.01.05 10:44:40.913,1.50665,1.50695,1.80,2.40
2009.01.05 10:44:46.391,1.5066,1.50695,1.00,3.40
2009.01.05 10:44:46.681,1.50665,1.50695,1.80,2.40
2009.01.05 10:44:47.771,1.50665,1.50695,1.80,2.40
2009.01.05 10:44:49.271,1.50655,1.50695,1.80,5.80
2009.01.05 10:44:49.491,1.50655,1.50695,2.40,3.40
2009.01.05 10:44:50.990,1.50665,1.50695,1.80,2.40
2009.01.05 10:44:51.910,1.50665,1.50695,1.80,2.40
2009.01.05 10:45:09.136,1.5066,1.50695,1.00,3.40
2009.01.05 10:45:09.676,1.50655,1.50695,2.40,3.40
2009.01.05 10:45:12.065,1.5066,1.50695,1.00,3.40
2009.01.05 10:45:12.825,1.50665,1.50695,1.80,2.40
2009.01.05 10:45:20.973,1.50665,1.507,1.80,1.60
2009.01.05 10:45:21.433,1.50665,1.507,2.40,1.60
2009.01.05 10:45:21.673,1.50665,1.50695,1.00,1.20
2009.01.05 10:45:21.853,1.5066,1.50695,1.00,1.20
2009.01.05 10:45:21.963,1.5066,1.50685,1.00,1.00
2009.01.05 10:45:22.483,1.5065,1.50685,3.00,2.40
2009.01.05 10:45:23.563,1.50655,1.507,2.80,5.00
2009.01.05 10:45:24.352,1.50665,1.507,1.00,4.00
2009.01.05 10:45:24.832,1.50665,1.507,2.40,1.60
2009.01.05 10:45:26.282,1.50665,1.507,1.80,1.60
2009.01.05 10:45:26.692,1.50665,1.507,2.40,1.60
2009.01.05 10:45:28.881,1.50665,1.50695,1.00,1.20
2009.01.05 10:45:29.341,1.50655,1.50695,1.00,1.20
2009.01.05 10:45:32.031,1.50655,1.50695,1.00,3.40
2009.01.05 10:45:32.560,1.50655,1.50695,1.00,1.20
2009.01.05 10:45:34.270,1.50655,1.50695,1.00,3.40
2009.01.05 10:45:35.070,1.50665,1.507,2.40,1.60
2009.01.05 10:45:35.680,1.50665,1.50695,1.40,1.20
2009.01.05 10:45:36.209,1.50655,1.50695,1.00,1.20
2009.01.05 10:45:44.708,1.50665,1.50695,1.80,3.40
2009.01.05 10:45:45.348,1.50665,1.50695,1.80,2.40
2009.01.05 10:45:56.685,1.50655,1.50695,3.80,3.40
2009.01.05 10:45:57.275,1.50665,1.50695,1.80,2.40
2009.01.05 10:45:59.394,1.50665,1.50695,8.00,2.40
2009.01.05 10:45:59.914,1.5068,1.50695,1.80,2.40
2009.01.05 10:46:00.874,1.5068,1.50695,2.20,2.40
2009.01.05 10:46:01.513,1.50665,1.50705,4.80,3.40
2009.01.05 10:46:06.382,1.50665,1.507,4.80,2.40
2009.01.05 10:46:06.792,1.50665,1.507,4.80,3.40
2009.01.05 10:46:07.752,1.50665,1.50705,4.80,3.40
2009.01.05 10:46:16.030,1.50665,1.507,4.80,1.20
2009.01.05 10:46:16.381,1.50665,1.50705,4.80,3.40
2009.01.05 10:46:19.859,1.50675,1.50705,1.00,3.40
2009.01.05 10:46:20.629,1.50665,1.50705,4.00,5.80
2009.01.05 10:46:21.689,1.50665,1.50705,4.80,3.40
2009.01.05 10:46:35.335,1.50665,1.50705,4.80,3.80
2009.01.05 10:46:35.545,1.5066,1.50695,1.00,1.20
2009.01.05 10:46:36.535,1.50655,1.50695,1.00,1.20
2009.01.05 10:46:38.994,1.50655,1.50695,3.20,1.20
2009.01.05 10:46:39.334,1.5066,1.50695,1.40,1.20
2009.01.05 10:46:39.634,1.5066,1.50695,3.00,1.20
2009.01.05 10:46:40.005,1.50655,1.50685,4.00,2.40
2009.01.05 10:46:41.154,1.50655,1.50685,1.80,2.40
2009.01.05 10:46:43.174,1.50655,1.5069,1.80,2.40
2009.01.05 10:46:43.513,1.5066,1.507,3.00,1.00
2009.01.05 10:46:47.452,1.50675,1.507,1.80,1.00
2009.01.05 10:46:47.912,1.50675,1.50705,1.80,2.40
2009.01.05 10:46:49.502,1.5067,1.507,3.00,1.20
2009.01.05 10:46:49.982,1.50655,1.50695,1.00,1.20
2009.01.05 10:46:51.331,1.5067,1.50695,2.40,1.20
2009.01.05 10:46:51.741,1.50685,1.507,1.80,1.00
2009.01.05 10:46:52.201,1.50685,1.50725,2.40,3.80
2009.01.05 10:46:53.081,1.50675,1.50705,1.00,1.20
2009.01.05 10:46:53.531,1.50665,1.50705,1.00,1.20
2009.01.05 10:46:55.330,1.5067,1.50695,1.00,1.20
2009.01.05 10:46:55.800,1.5066,1.50695,4.80,1.20
2009.01.05 10:46:59.969,1.5066,1.50695,5.40,1.20
2009.01.05 10:47:00.419,1.50665,1.50695,1.00,1.20
2009.01.05 10:47:01.119,1.5066,1.50695,4.80,1.20
2009.01.05 10:47:06.738,1.5066,1.50695,5.40,1.20
2009.01.05 10:47:07.588,1.5066,1.50695,4.80,1.20
2009.01.05 10:47:07.998,1.5066,1.50695,7.20,2.40
2009.01.05 10:47:09.147,1.5066,1.50695,7.20,2.40
2009.01.05 10:47:10.127,1.5066,1.50695,4.80,3.40
2009.01.05 10:47:10.767,1.5066,1.50695,7.00,3.40
2009.01.05 10:47:11.736,1.5066,1.5069,4.80,1.00
2009.01.05 10:47:29.272,1.5066,1.50695,4.80,3.40
2009.01.05 10:47:30.312,1.50665,1.50695,1.80,2.40
2009.01.05 10:47:30.532,1.50665,1.50695,1.80,2.40
2009.01.05 10:47:31.052,1.5067,1.507,1.80,2.40
2009.01.05 10:47:35.271,1.5067,1.5069,1.80,1.20
2009.01.05 10:47:35.561,1.5066,1.5069,4.80,1.00
2009.01.05 10:47:49.358,1.5066,1.50685,4.80,2.40
2009.01.05 10:47:49.597,1.5066,1.5069,4.80,1.00
2009.01.05 10:47:53.756,1.5066,1.5069,4.80,3.40
2009.01.05 10:47:55.966,1.5066,1.5068,4.80,2.40
2009.01.05 10:47:56.026,1.50645,1.5068,4.00,3.40
2009.01.05 10:47:56.136,1.50645,1.5068,4.00,2.40
2009.01.05 10:47:56.536,1.50645,1.50685,4.00,2.40
2009.01.05 10:47:56.596,1.5066,1.5069,4.80,3.40
2009.01.05 10:47:57.946,1.5066,1.5068,4.80,2.40
2009.01.05 10:47:58.065,1.5066,1.5068,4.80,3.40
2009.01.05 10:47:58.235,1.50645,1.5068,4.00,3.40
2009.01.05 10:48:01.434,1.5066,1.5068,4.80,3.40
2009.01.05 10:48:07.803,1.50645,1.5068,4.00,3.40
2009.01.05 10:48:08.323,1.5066,1.5068,4.80,3.40
2009.01.05 10:48:08.443,1.5066,1.5068,4.80,1.00
2009.01.05 10:48:08.953,1.5066,1.5069,4.80,3.40
2009.01.05 10:48:11.512,1.5066,1.5068,4.80,1.00
2009.01.05 10:48:12.142,1.5066,1.50685,4.80,3.40
2009.01.05 10:48:15.061,1.5066,1.5068,4.80,1.00
2009.01.05 10:48:15.231,1.50635,1.5068,1.00,1.00
2009.01.05 10:48:15.821,1.5063,1.5068,1.00,3.40
2009.01.05 10:48:18.561,1.50635,1.5068,1.40,3.40
2009.01.05 10:48:19.020,1.5064,1.5068,1.00,1.20
2009.01.05 10:48:19.130,1.50645,1.5068,1.00,1.20
2009.01.05 10:48:19.870,1.50645,1.50685,1.00,1.40
2009.01.05 10:48:20.870,1.50635,1.5068,1.40,3.40
2009.01.05 10:48:21.450,1.50645,1.5068,1.00,1.20
2009.01.05 10:48:21.570,1.5066,1.5068,4.80,1.20
2009.01.05 10:48:23.119,1.50625,1.5068,1.40,3.40
2009.01.05 10:48:23.639,1.5065,1.5068,4.80,1.20
2009.01.05 10:48:28.408,1.50645,1.5068,1.00,1.20
2009.01.05 10:48:30.627,1.50645,1.50665,1.00,1.40
2009.01.05 10:48:30.868,1.5063,1.50655,2.20,1.00
2009.01.05 10:48:31.277,1.5063,1.50665,2.20,2.40
2009.01.05 10:48:31.577,1.50645,1.5069,1.00,1.20
2009.01.05 10:48:34.566,1.50645,1.50665,1.00,2.40
2009.01.05 10:48:34.846,1.50645,1.50665,1.00,2.40
2009.01.05 10:48:35.186,1.5063,1.50665,2.40,2.40
2009.01.05 10:48:35.716,1.5063,1.5065,2.20,1.00
2009.01.05 10:48:36.336,1.5063,1.50645,2.20,2.40
2009.01.05 10:48:36.446,1.50605,1.50645,1.80,2.40
2009.01.05 10:48:49.263,1.50605,1.50635,4.00,2.40
2009.01.05 10:48:50.073,1.5061,1.5064,1.80,2.40
2009.01.05 10:48:52.342,1.50605,1.50635,5.80,2.40
2009.01.05 10:48:52.452,1.50605,1.50635,4.00,2.40
2009.01.05 10:48:52.972,1.50605,1.50635,1.80,2.40
2009.01.05 10:48:53.992,1.50605,1.50635,4.00,2.40
2009.01.05 10:48:56.671,1.50615,1.50635,2.20,2.40
2009.01.05 10:48:57.021,1.5061,1.50645,4.00,4.80
2009.01.05 10:48:57.431,1.5061,1.50645,4.80,2.40
2009.01.05 10:48:58.641,1.5061,1.50645,2.40,2.40
2009.01.05 10:48:59.101,1.5061,1.50645,4.00,2.40
2009.01.05 10:48:59.441,1.5061,1.50645,4.00,2.40
2009.01.05 10:48:59.790,1.5061,1.50645,2.40,2.40
2009.01.05 10:49:00.430,1.5061,1.5064,2.40,2.40
2009.01.05 10:49:00.610,1.5061,1.5064,1.80,2.40
2009.01.05 10:49:31.103,1.5061,1.5064,2.60,2.40
2009.01.05 10:49:59.256,1.5061,1.50645,3.20,4.00
2009.01.05 10:50:00.066,1.5061,1.50645,2.60,4.00
2009.01.05 10:50:00.586,1.5061,1.5064,2.60,2.40
2009.01.05 10:50:02.955,1.5061,1.5064,3.20,2.40
2009.01.05 10:50:03.625,1.5061,1.5064,2.60,2.40
2009.01.05 10:50:04.745,1.50625,1.5064,1.80,1.00
2009.01.05 10:50:05.145,1.50625,1.50665,2.40,3.20
2009.01.05 10:50:05.954,1.50625,1.50665,1.40,3.20
2009.01.05 10:50:06.254,1.50625,1.5066,1.00,3.20
2009.01.05 10:50:08.494,1.50625,1.5066,2.40,3.20
2009.01.05 10:50:09.014,1.5063,1.5066,1.00,3.20
2009.01.05 10:50:09.594,1.50625,1.5066,2.40,3.20
2009.01.05 10:50:10.863,1.50635,1.5066,2.20,3.20
2009.01.05 10:50:11.363,1.5064,1.5066,2.20,3.20
2009.01.05 10:50:12.113,1.5064,1.5067,1.80,2.40
2009.01.05 10:50:12.823,1.5064,1.5067,2.60,2.40
2009.01.05 10:50:18.392,1.50645,1.5068,4.00,3.40
2009.01.05 10:50:18.851,1.5065,1.5069,3.00,1.00
2009.01.05 10:50:19.361,1.5065,1.50685,1.00,1.20
2009.01.05 10:50:20.331,1.50645,1.50685,1.00,1.20
2009.01.05 10:50:22.830,1.50655,1.50685,2.40,1.20
2009.01.05 10:50:23.180,1.5067,1.50685,1.80,1.20
2009.01.05 10:50:23.560,1.5067,1.507,1.80,2.40
2009.01.05 10:50:25.490,1.5067,1.507,2.60,2.40
2009.01.05 10:50:26.899,1.50665,1.50695,4.20,2.80
2009.01.05 10:50:27.229,1.50675,1.5069,2.40,1.00
2009.01.05 10:50:27.460,1.5065,1.5069,1.00,1.00
2009.01.05 10:50:36.977,1.5065,1.5069,2.40,1.00
2009.01.05 10:50:37.147,1.50655,1.5069,1.00,1.00
2009.01.05 10:50:41.106,1.5065,1.5069,2.40,1.00
2009.01.05 10:50:44.645,1.5066,1.5069,1.80,1.00
2009.01.05 10:50:45.115,1.5066,1.5069,1.00,1.00
2009.01.05 10:50:45.295,1.5065,1.5069,2.40,1.00
2009.01.05 10:50:47.644,1.5065,1.5069,3.00,1.00
2009.01.05 10:51:11.709,1.50655,1.50695,1.80,5.80
2009.01.05 10:51:11.829,1.50655,1.50695,2.40,3.40
2009.01.05 10:51:24.166,1.50665,1.50695,1.00,3.40
2009.01.05 10:51:24.575,1.50665,1.50695,4.80,2.40
2009.01.05 10:51:24.846,1.50665,1.50695,1.80,2.40
2009.01.05 10:51:25.905,1.50665,1.50695,3.20,3.40
2009.01.05 10:51:26.145,1.50665,1.50695,1.60,3.40
2009.01.05 10:51:26.725,1.5066,1.50695,3.00,3.40
2009.01.05 10:51:27.125,1.50655,1.50695,4.80,3.40
2009.01.05 10:51:34.723,1.5066,1.50695,3.00,3.40
2009.01.05 10:51:34.833,1.50665,1.50695,1.00,3.40
2009.01.05 10:51:36.503,1.50665,1.50695,2.40,3.40
2009.01.05 10:51:36.613,1.50675,1.50695,1.00,3.40
2009.01.05 10:51:37.363,1.5066,1.50695,3.00,3.40
2009.01.05 10:51:38.732,1.50655,1.50695,4.80,3.40
2009.01.05 10:51:39.432,1.5066,1.50695,1.80,3.40
2009.01.05 10:51:39.492,1.5067,1.50695,1.00,2.40
2009.01.05 10:51:40.122,1.5067,1.50695,1.00,2.40
2009.01.05 10:51:40.792,1.50665,1.50695,1.00,2.40
2009.01.05 10:51:41.132,1.50665,1.5069,1.00,1.00
2009.01.05 10:51:41.302,1.5066,1.5069,1.00,1.00
2009.01.05 10:51:41.761,1.50655,1.5069,1.00,1.00
2009.01.05 10:51:46.410,1.5067,1.5069,1.80,1.00
2009.01.05 10:51:46.870,1.5066,1.50695,1.80,5.80
2009.01.05 10:51:47.330,1.50655,1.5069,1.00,1.00
2009.01.05 10:52:05.287,1.5066,1.50695,1.80,3.40
2009.01.05 10:52:05.756,1.50655,1.5069,1.00,1.00
2009.01.05 10:52:08.525,1.5065,1.5069,2.40,1.00
2009.01.05 10:52:09.654,1.5065,1.5069,3.00,1.00
2009.01.05 10:52:13.364,1.50655,1.5069,1.00,1.00
2009.01.05 10:52:13.774,1.5065,1.5069,3.00,1.00
2009.01.05 10:52:14.353,1.50655,1.5069,1.00,1.00
2009.01.05 10:52:15.343,1.5065,1.5069,3.00,1.00
2009.01.05 10:52:32.269,1.50655,1.5069,1.00,1.00
2009.01.05 10:52:32.729,1.5065,1.5069,3.00,1.00
2009.01.05 10:52:43.406,1.50655,1.5069,1.00,1.00
2009.01.05 10:52:43.926,1.5065,1.5069,3.00,1.00
2009.01.05 10:52:44.916,1.50655,1.5069,1.00,1.00
2009.01.05 10:52:45.376,1.5065,1.5069,3.00,1.00
2009.01.05 10:52:46.376,1.50655,1.5069,1.00,1.00
2009.01.05 10:52:46.496,1.5065,1.5069,3.00,1.00
2009.01.05 10:52:52.604,1.50655,1.5069,1.00,1.00
2009.01.05 10:52:53.144,1.5065,1.5069,3.00,1.00
2009.01.05 10:52:57.263,1.50655,1.5069,1.00,1.00
2009.01.05 10:52:57.783,1.5065,1.5069,3.00,1.00
2009.01.05 10:53:07.151,1.50655,1.5069,1.00,1.00
2009.01.05 10:53:07.501,1.5065,1.5069,3.00,1.00
2009.01.05 10:53:15.980,1.5065,1.5068,3.00,1.20
2009.01.05 10:53:16.319,1.5065,1.5068,3.00,3.40
2009.01.05 10:53:16.779,1.50645,1.5068,4.00,3.40
2009.01.05 10:53:23.167,1.50645,1.5068,4.80,3.40
2009.01.05 10:53:23.677,1.50645,1.5068,4.00,3.40
2009.01.05 10:53:24.207,1.50645,1.5068,4.80,3.40
2009.01.05 10:53:25.236,1.50645,1.5068,4.00,3.40
2009.01.05 10:53:26.236,1.50645,1.50685,4.80,3.40
2009.01.05 10:53:29.905,1.50645,1.5068,4.80,1.40
2009.01.05 10:53:30.255,1.5065,1.50665,2.20,2.40
2009.01.05 10:53:31.465,1.50635,1.50665,1.80,2.40
2009.01.05 10:53:32.095,1.50645,1.5067,1.80,1.60
2009.01.05 10:53:32.455,1.50645,1.50685,2.40,3.40
2009.01.05 10:53:34.344,1.50645,1.50675,2.40,1.00
2009.01.05 10:53:34.795,1.50645,1.50685,2.40,3.40
2009.01.05 10:53:35.364,1.50645,1.50675,2.40,1.20
2009.01.05 10:53:35.964,1.5064,1.5067,2.60,2.40
2009.01.05 10:53:38.693,1.50645,1.50665,1.00,2.40
2009.01.05 10:53:39.223,1.50645,1.50675,1.80,4.80
2009.01.05 10:53:39.693,1.50645,1.5068,1.80,2.40
2009.01.05 10:53:40.273,1.50645,1.50685,2.40,5.80
2009.01.05 10:53:40.763,1.50645,1.50685,1.80,5.80
2009.01.05 10:53:42.162,1.50645,1.5068,1.80,3.40
2009.01.05 10:53:43.282,1.50645,1.5068,1.80,4.80
2009.01.05 10:53:43.862,1.50645,1.50685,2.40,5.80
2009.01.05 10:53:44.912,1.50645,1.5067,1.40,2.40
2009.01.05 10:53:45.302,1.5064,1.5067,2.60,2.40
2009.01.05 10:53:46.821,1.50645,1.50665,1.00,2.40
2009.01.05 10:53:47.281,1.5063,1.50665,6.20,2.40
2009.01.05 10:53:47.681,1.50625,1.50665,7.00,2.40
2009.01.05 10:53:50.441,1.50625,1.50655,7.00,2.40
2009.01.05 10:53:50.680,1.50625,1.50655,4.00,2.40
2009.01.05 10:53:51.430,1.50625,1.5066,4.80,1.00
2009.01.05 10:53:52.070,1.50625,1.5066,4.00,1.20
2009.01.05 10:53:55.339,1.50625,1.5066,2.60,1.20
2009.01.05 10:53:55.869,1.5063,1.5065,1.00,2.40
2009.01.05 10:53:56.109,1.50615,1.50655,4.80,3.40
2009.01.05 10:53:56.559,1.50625,1.5066,1.00,3.40
2009.01.05 10:53:57.039,1.50625,1.5066,1.00,1.20
2009.01.05 10:53:57.449,1.50625,1.50665,1.00,3.40
2009.01.05 10:53:57.959,1.50625,1.50665,1.40,3.40
2009.01.05 10:54:01.128,1.50625,1.50655,1.00,3.40
2009.01.05 10:54:01.178,1.50615,1.50655,4.80,3.40
2009.01.05 10:54:02.448,1.5062,1.50645,2.20,2.40
2009.01.05 10:54:03.037,1.5061,1.50645,2.60,2.40
2009.01.05 10:54:03.508,1.50615,1.50645,1.80,2.40
2009.01.05 10:54:08.146,1.50615,1.50645,1.80,3.40
2009.01.05 10:54:08.196,1.50615,1.5063,2.40,2.40
2009.01.05 10:54:08.646,1.5061,1.50645,2.40,2.40
2009.01.05 10:54:09.096,1.5061,1.50645,4.60,2.40
2009.01.05 10:54:09.386,1.50625,1.5066,1.00,1.20
2009.01.05 10:54:12.265,1.50635,1.5066,1.40,1.20
2009.01.05 10:54:12.815,1.5064,1.5066,1.00,1.20
2009.01.05 10:54:13.345,1.50635,1.5066,4.00,1.20
2009.01.05 10:54:13.975,1.5064,1.5067,1.00,1.20
2009.01.05 10:54:15.764,1.50635,1.5067,1.00,1.20
2009.01.05 10:54:17.154,1.50635,1.50665,1.00,1.20
2009.01.05 10:54:17.334,1.5063,1.50665,1.00,1.20
2009.01.05 10:54:17.744,1.50625,1.50665,1.00,1.20
2009.01.05 10:54:18.203,1.50635,1.50665,3.00,1.20
2009.01.05 10:54:18.903,1.50635,1.5067,1.00,1.20
2009.01.05 10:54:19.204,1.50635,1.50665,1.00,1.20
2009.01.05 10:54:19.773,1.5063,1.5067,1.00,1.20
2009.01.05 10:54:20.573,1.5062,1.50665,5.40,2.40
2009.01.05 10:54:20.813,1.5062,1.50665,2.40,3.40
2009.01.05 10:54:21.613,1.5062,1.5066,2.40,2.40
2009.01.05 10:54:22.063,1.50635,1.50665,2.20,3.40
2009.01.05 10:54:22.402,1.50635,1.50665,1.00,1.20
2009.01.05 10:54:23.032,1.5063,1.50665,1.00,1.20
2009.01.05 10:54:25.602,1.5063,1.5067,1.00,1.20
2009.01.05 10:54:26.292,1.5064,1.50675,4.80,1.20
2009.01.05 10:54:26.412,1.5064,1.5067,1.00,1.20
2009.01.05 10:54:27.101,1.50635,1.5067,1.00,1.20
2009.01.05 10:54:29.401,1.50635,1.5067,3.00,1.20
2009.01.05 10:54:29.871,1.5064,1.50675,1.00,1.20
2009.01.05 10:54:30.211,1.5064,1.50675,1.00,1.00
2009.01.05 10:54:30.740,1.5064,1.5067,1.00,1.20
2009.01.05 10:54:31.440,1.50635,1.5067,1.00,1.20
2009.01.05 10:54:33.740,1.50645,1.5067,2.20,1.20
2009.01.05 10:54:34.010,1.5064,1.5068,4.00,3.40
2009.01.05 10:54:34.420,1.50645,1.50675,3.00,1.00
2009.01.05 10:54:34.470,1.50645,1.5068,3.00,1.00
2009.01.05 10:54:34.759,1.50645,1.50685,3.00,5.80
2009.01.05 10:54:35.099,1.50645,1.50685,2.40,3.40
2009.01.05 10:54:35.440,1.50645,1.50675,2.40,2.40
2009.01.05 10:54:36.189,1.50645,1.50685,2.40,3.40
2009.01.05 10:54:37.179,1.50645,1.5067,2.40,1.00
2009.01.05 10:54:37.289,1.50645,1.50675,2.40,2.40
2009.01.05 10:54:37.639,1.50645,1.50675,1.80,2.40
2009.01.05 10:54:37.759,1.50645,1.50685,1.80,5.80
2009.01.05 10:54:37.879,1.50645,1.50685,2.40,3.40
2009.01.05 10:54:38.279,1.50645,1.5068,2.40,3.40
2009.01.05 10:54:38.969,1.50645,1.5068,1.80,5.80
2009.01.05 10:54:39.369,1.50645,1.5068,1.80,2.40
2009.01.05 10:54:39.888,1.50645,1.50685,2.40,3.40
2009.01.05 10:54:40.588,1.50645,1.5068,1.80,3.40
2009.01.05 10:54:41.048,1.50645,1.5068,2.40,1.00
2009.01.05 10:54:41.618,1.50645,1.50685,2.40,3.40
2009.01.05 10:54:41.738,1.50645,1.50685,1.80,5.80
2009.01.05 10:54:42.488,1.50645,1.50685,2.40,3.40
2009.01.05 10:54:44.687,1.50645,1.5068,2.40,2.40
2009.01.05 10:54:45.097,1.50645,1.5068,2.40,1.00
2009.01.05 10:54:45.947,1.50645,1.50685,2.40,3.40
2009.01.05 10:54:50.196,1.5064,1.50675,4.80,3.40
2009.01.05 10:54:51.046,1.50645,1.5067,2.40,3.40
2009.01.05 10:54:51.226,1.50645,1.50655,1.00,2.40
2009.01.05 10:54:51.846,1.50635,1.50655,3.00,2.40
2009.01.05 10:54:52.255,1.50625,1.50665,2.40,2.40
2009.01.05 10:54:52.655,1.50635,1.5067,1.00,1.20
2009.01.05 10:54:52.886,1.50635,1.5067,1.40,1.20
2009.01.05 10:54:58.134,1.50635,1.5067,1.00,1.20
2009.01.05 10:54:59.274,1.50635,1.50675,1.00,1.20
2009.01.05 10:54:59.974,1.5064,1.50675,1.40,1.20
2009.01.05 10:55:00.503,1.50635,1.5067,1.00,1.20
2009.01.05 10:55:01.013,1.5064,1.50675,1.00,1.20
2009.01.05 10:55:01.663,1.50635,1.50675,1.00,1.20
2009.01.05 10:55:02.223,1.50635,1.50675,3.00,1.20
2009.01.05 10:55:02.673,1.5064,1.50675,1.00,1.20
2009.01.05 10:55:04.293,1.50635,1.50675,1.00,1.20
2009.01.05 10:55:04.643,1.5063,1.5067,1.00,1.20
2009.01.05 10:55:05.452,1.5062,1.50655,7.00,2.40
2009.01.05 10:55:06.202,1.50625,1.50655,4.80,2.40
2009.01.05 10:55:06.602,1.5064,1.50665,2.40,1.00
2009.01.05 10:55:06.952,1.5064,1.50675,1.80,2.40
2009.01.05 10:55:07.852,1.5064,1.50675,3.00,3.40
2009.01.05 10:55:08.151,1.50635,1.50675,2.40,3.40
2009.01.05 10:55:08.721,1.5063,1.5067,1.00,3.40
2009.01.05 10:55:09.172,1.5063,1.5067,1.00,5.40
2009.01.05 10:55:09.801,1.50625,1.50665,3.00,3.40
2009.01.05 10:55:10.771,1.50625,1.50655,3.00,2.40
2009.01.05 10:55:12.410,1.50625,1.50665,1.00,3.40
2009.01.05 10:55:12.930,1.5062,1.50665,4.80,5.80
2009.01.05 10:55:13.031,1.5062,1.50665,1.00,5.80
2009.01.05 10:55:15.340,1.5062,1.50655,1.00,2.40
2009.01.05 10:55:15.670,1.50615,1.50655,1.00,2.40
2009.01.05 10:55:16.659,1.5062,1.5066,1.00,1.00
2009.01.05 10:55:17.050,1.5062,1.5066,3.00,1.00
2009.01.05 10:55:17.449,1.5062,1.50655,3.00,2.40
2009.01.05 10:55:17.560,1.50615,1.50655,1.00,2.40
2009.01.05 10:55:18.329,1.50615,1.50655,2.80,2.40
2009.01.05 10:55:19.009,1.50625,1.5066,3.00,1.00
2009.01.05 10:55:19.129,1.50625,1.5066,1.00,1.00
2009.01.05 10:55:19.409,1.5062,1.5066,1.00,1.00
2009.01.05 10:55:20.788,1.50615,1.50655,1.00,5.80
2009.01.05 10:55:21.758,1.50615,1.50655,1.00,1.20
2009.01.05 10:55:22.268,1.50615,1.50655,1.00,3.40
2009.01.05 10:55:22.898,1.50615,1.5064,1.00,1.00
2009.01.05 10:55:23.108,1.5061,1.5064,2.00,2.40
2009.01.05 10:55:23.848,1.5062,1.5064,1.80,1.00
2009.01.05 10:55:24.598,1.5062,1.5065,4.00,2.40
2009.01.05 10:55:25.817,1.5061,1.5064,3.00,2.40
2009.01.05 10:55:26.208,1.50605,1.5064,4.80,2.40
2009.01.05 10:55:26.907,1.50615,1.5064,2.20,2.40
2009.01.05 10:55:27.297,1.5061,1.5065,4.80,3.40
2009.01.05 10:55:27.477,1.5062,1.50655,1.80,5.80
2009.01.05 10:55:27.527,1.5062,1.50655,2.60,5.80
2009.01.05 10:55:28.257,1.50625,1.5065,2.20,3.40
2009.01.05 10:55:28.907,1.50625,1.5065,4.60,3.40
2009.01.05 10:55:32.186,1.50625,1.5065,4.60,2.40
2009.01.05 10:55:32.306,1.50625,1.50655,2.40,2.40
2009.01.05 10:55:33.006,1.5062,1.5065,4.00,2.40
2009.01.05 10:55:33.405,1.5062,1.50645,4.00,1.20
2009.01.05 10:55:33.916,1.50625,1.50645,1.80,1.20
2009.01.05 10:55:34.255,1.50625,1.50645,2.40,1.20
2009.01.05 10:55:34.645,1.50625,1.5067,2.40,3.40
2009.01.05 10:55:38.714,1.50625,1.50655,1.80,2.40
2009.01.05 10:56:00.719,1.50625,1.50665,6.20,2.40
2009.01.05 10:56:01.069,1.50635,1.50675,1.00,3.40
2009.01.05 10:56:01.739,1.50635,1.50675,1.00,1.20
2009.01.05 10:56:02.978,1.50635,1.50665,1.00,1.20
2009.01.05 10:56:03.658,1.5063,1.50665,3.00,1.20
2009.01.05 10:56:03.838,1.50635,1.50675,1.00,1.20
2009.01.05 10:56:04.118,1.5064,1.50675,1.00,1.20
2009.01.05 10:56:04.298,1.50635,1.50675,1.00,1.20
2009.01.05 10:56:06.987,1.5064,1.50675,1.00,1.20
2009.01.05 10:56:07.737,1.50635,1.50675,1.00,1.20
2009.01.05 10:56:13.456,1.50635,1.5068,2.40,3.80
2009.01.05 10:56:13.806,1.5064,1.5068,1.00,1.00
2009.01.05 10:56:14.515,1.5064,1.5068,3.00,1.00
2009.01.05 10:56:15.345,1.50645,1.5068,1.00,1.00
2009.01.05 10:56:15.755,1.50645,1.50685,2.40,3.40
2009.01.05 10:56:20.974,1.5065,1.50685,2.40,3.40
2009.01.05 10:56:21.264,1.50655,1.5068,1.80,1.00
2009.01.05 10:56:22.124,1.50655,1.5069,4.00,3.80
2009.01.05 10:56:22.654,1.50645,1.50685,4.80,3.40
2009.01.05 10:56:24.663,1.50645,1.5067,1.80,1.20
2009.01.05 10:56:24.843,1.5063,1.50665,3.20,2.40
2009.01.05 10:56:25.123,1.5063,1.50665,2.60,2.40
2009.01.05 10:56:27.662,1.50635,1.5066,3.20,3.40
2009.01.05 10:56:28.182,1.50635,1.5065,1.60,2.40
2009.01.05 10:56:28.982,1.50625,1.5065,3.20,2.40
2009.01.05 10:56:29.332,1.5062,1.50645,2.60,1.20
2009.01.05 10:56:29.732,1.50625,1.50635,1.60,2.40
2009.01.05 10:56:30.212,1.506,1.50635,2.40,2.40
2009.01.05 10:56:30.852,1.506,1.50635,1.80,2.40
2009.01.05 10:56:31.492,1.506,1.50625,1.00,1.20
2009.01.05 10:56:31.611,1.5059,1.5062,8.00,1.20
2009.01.05 10:56:32.611,1.50565,1.5061,3.00,1.00
2009.01.05 10:56:35.651,1.50575,1.5061,1.00,3.40
2009.01.05 10:56:36.350,1.5057,1.5061,3.00,1.00
2009.01.05 10:56:37.040,1.50575,1.50605,2.40,2.40
2009.01.05 10:56:37.380,1.50565,1.5061,4.80,3.40
2009.01.05 10:56:37.890,1.5057,1.5061,3.00,1.00
2009.01.05 10:56:39.570,1.5057,1.5061,3.00,3.40
2009.01.05 10:56:40.819,1.50565,1.5061,4.80,3.40
2009.01.05 10:56:42.539,1.5058,1.5061,2.60,3.40
2009.01.05 10:56:43.169,1.5059,1.50625,1.00,2.40
2009.01.05 10:56:43.519,1.5058,1.50615,2.00,2.40
2009.01.05 10:56:43.929,1.50575,1.50615,6.20,2.40
2009.01.05 10:56:45.019,1.50575,1.50615,4.00,2.40
2009.01.05 10:56:46.348,1.50575,1.50615,4.00,3.40
2009.01.05 10:56:46.628,1.50575,1.506,4.00,2.40
2009.01.05 10:56:47.138,1.50575,1.5062,4.00,5.80
2009.01.05 10:56:47.248,1.50565,1.50615,8.60,3.40
2009.01.05 10:56:47.648,1.50565,1.5061,4.80,2.40
2009.01.05 10:56:48.107,1.50565,1.50615,5.40,3.40
2009.01.05 10:56:49.757,1.50565,1.50605,4.80,2.40
2009.01.05 10:56:50.277,1.5058,1.50605,1.00,2.40
2009.01.05 10:56:51.037,1.50565,1.5061,7.00,2.40
2009.01.05 10:56:51.497,1.50565,1.50605,7.00,2.40
2009.01.05 10:56:51.717,1.50575,1.50605,1.00,2.40
2009.01.05 10:56:52.806,1.50565,1.50605,7.00,2.40
2009.01.05 10:56:53.366,1.50565,1.50595,6.20,1.00
2009.01.05 10:56:53.756,1.50565,1.5059,4.00,1.00
2009.01.05 10:56:54.276,1.50565,1.50595,6.20,1.00
2009.01.05 10:56:55.256,1.50565,1.50605,6.20,2.40
2009.01.05 10:56:55.536,1.50565,1.506,7.00,1.00
2009.01.05 10:56:55.976,1.50565,1.50605,4.80,3.40
2009.01.05 10:56:56.386,1.50565,1.50605,4.00,5.80
2009.01.05 10:56:57.685,1.50565,1.50605,4.00,2.40
2009.01.05 10:56:58.155,1.5056,1.5059,3.20,2.40
2009.01.05 10:56:58.685,1.50565,1.5058,1.60,2.40
2009.01.05 10:56:59.035,1.5054,1.5059,4.00,5.80
2009.01.05 10:56:59.955,1.5054,1.5058,4.00,2.40
2009.01.05 10:57:00.515,1.5055,1.50565,1.00,2.40
2009.01.05 10:57:01.265,1.50495,1.50565,2.80,4.80
2009.01.05 10:57:01.614,1.505,1.5054,1.80,2.40
2009.01.05 10:57:01.784,1.505,1.5054,4.00,2.40
2009.01.05 10:57:02.074,1.505,1.50565,4.00,5.80
2009.01.05 10:57:02.794,1.50515,1.5057,7.00,3.40
2009.01.05 10:57:03.704,1.50515,1.50555,6.20,2.40
2009.01.05 10:57:04.214,1.5052,1.5056,2.00,2.40
2009.01.05 10:57:05.153,1.50535,1.5056,4.60,2.40
2009.01.05 10:57:05.753,1.50535,1.5057,1.00,1.20
2009.01.05 10:57:06.213,1.50525,1.5057,1.40,3.40
2009.01.05 10:57:06.453,1.5052,1.5056,3.60,2.40
2009.01.05 10:57:07.113,1.50535,1.5056,1.80,2.40
2009.01.05 10:57:07.703,1.50535,1.50575,1.80,2.40
2009.01.05 10:57:08.033,1.5053,1.5057,4.20,2.40
2009.01.05 10:57:08.553,1.50545,1.5056,2.40,1.20
2009.01.05 10:57:08.843,1.50545,1.50555,1.60,5.20
2009.01.05 10:57:09.992,1.50505,1.50545,4.80,2.40
2009.01.05 10:57:10.432,1.5052,1.50555,2.00,2.40
2009.01.05 10:57:11.172,1.50525,1.50555,2.00,2.40
2009.01.05 10:57:11.752,1.5052,1.50555,2.80,2.40
2009.01.05 10:57:12.452,1.5052,1.5056,2.80,2.40
2009.01.05 10:57:12.862,1.50525,1.5056,2.00,2.40
2009.01.05 10:57:13.961,1.5054,1.50585,1.80,2.40
2009.01.05 10:57:14.371,1.50525,1.50565,2.00,2.40
2009.01.05 10:57:16.241,1.50545,1.50595,4.00,4.80
2009.01.05 10:57:16.681,1.5054,1.5059,2.00,2.40
2009.01.05 10:57:17.150,1.5054,1.50575,2.00,2.40
2009.01.05 10:57:17.891,1.50535,1.50575,2.80,2.40
2009.01.05 10:57:18.590,1.50535,1.50575,2.00,2.40
2009.01.05 10:57:18.990,1.50535,1.5056,2.00,2.40
2009.01.05 10:57:19.110,1.5053,1.5056,2.00,2.40
2009.01.05 10:57:19.800,1.50525,1.5056,2.00,2.40
2009.01.05 10:57:20.500,1.5052,1.5056,2.80,2.40
2009.01.05 10:57:22.049,1.50525,1.50565,2.00,2.40
2009.01.05 10:57:22.219,1.50525,1.5056,2.00,2.40
2009.01.05 10:57:23.089,1.50525,1.5056,1.00,2.40
2009.01.05 10:57:23.149,1.50525,1.5056,1.00,3.40
2009.01.05 10:57:23.849,1.50515,1.5055,7.20,2.40
2009.01.05 10:57:24.439,1.50515,1.5055,4.00,2.40
2009.01.05 10:57:32.737,1.50515,1.50555,6.20,2.40
2009.01.05 10:57:33.067,1.50515,1.5056,7.00,2.40
2009.01.05 10:57:35.906,1.50515,1.5055,4.00,2.40
2009.01.05 10:57:37.086,1.5053,1.5055,2.40,2.40
2009.01.05 10:57:37.496,1.50545,1.50585,1.80,2.40
2009.01.05 10:57:37.906,1.50545,1.50595,1.80,5.80
2009.01.05 10:57:38.255,1.50545,1.50595,4.00,4.80
2009.01.05 10:57:41.765,1.50545,1.50585,1.80,4.80
2009.01.05 10:57:42.424,1.50545,1.50585,4.00,4.80
2009.01.05 10:57:57.161,1.50545,1.50585,1.80,5.80
2009.01.05 10:57:58.201,1.50545,1.50585,1.80,4.80
2009.01.05 10:57:58.530,1.50545,1.50585,4.00,4.80
2009.01.05 10:58:09.688,1.5056,1.50585,1.80,2.40
2009.01.05 10:58:10.498,1.5056,1.5058,1.80,1.00
2009.01.05 10:58:11.207,1.5056,1.5059,1.80,2.40
2009.01.05 10:58:13.257,1.50565,1.506,2.60,5.80
2009.01.05 10:58:14.657,1.50565,1.50595,2.60,2.40
2009.01.05 10:58:15.456,1.50565,1.506,2.60,3.40
2009.01.05 10:58:16.166,1.5056,1.50595,4.20,4.80
2009.01.05 10:58:16.966,1.50565,1.506,4.00,3.80
2009.01.05 10:58:17.316,1.50565,1.50595,4.00,2.40
2009.01.05 10:58:17.656,1.50565,1.50595,2.60,2.40
2009.01.05 10:58:18.336,1.50565,1.5059,2.60,2.40
2009.01.05 10:58:18.806,1.5057,1.5059,2.00,2.40
2009.01.05 10:58:19.266,1.5057,1.50625,5.00,2.40
2009.01.05 10:58:19.626,1.5058,1.5063,2.80,2.40
2009.01.05 10:58:20.025,1.5059,1.50625,4.60,2.40
2009.01.05 10:58:20.545,1.50595,1.5065,1.40,3.40
2009.01.05 10:58:21.175,1.5059,1.5064,2.80,2.40
2009.01.05 10:58:21.575,1.50595,1.5063,1.00,2.40
2009.01.05 10:58:21.995,1.5059,1.5063,1.00,2.40
2009.01.05 10:58:24.884,1.5059,1.5063,2.80,2.40
2009.01.05 10:58:25.364,1.5059,1.50635,3.60,2.40
2009.01.05 10:58:27.483,1.50595,1.5063,1.80,1.20
2009.01.05 10:58:27.664,1.50595,1.5063,2.60,1.20
2009.01.05 10:58:28.113,1.50595,1.5064,4.80,3.40
2009.01.05 10:58:28.563,1.50595,1.5064,1.40,3.40
2009.01.05 10:58:28.673,1.5059,1.50635,3.60,2.40
2009.01.05 10:58:29.713,1.50595,1.50635,1.00,3.40
2009.01.05 10:58:29.933,1.5059,1.5063,1.00,2.40
2009.01.05 10:58:30.443,1.50585,1.5063,2.80,2.40
2009.01.05 10:58:31.213,1.50585,1.50625,1.00,1.20
2009.01.05 10:58:31.912,1.5058,1.50625,3.80,3.40
2009.01.05 10:58:32.332,1.50585,1.50625,2.00,2.40
2009.01.05 10:58:32.802,1.50585,1.5063,7.00,2.40
2009.01.05 10:58:34.922,1.50585,1.50625,4.80,1.20
2009.01.05 10:58:35.562,1.5058,1.50625,2.80,3.40
2009.01.05 10:58:36.101,1.50585,1.50625,2.00,2.40
2009.01.05 10:58:36.571,1.50585,1.5063,4.60,2.40
2009.01.05 10:58:37.521,1.5058,1.50615,1.00,2.40
2009.01.05 10:58:37.981,1.5058,1.50625,1.00,1.20
2009.01.05 10:58:38.091,1.5058,1.5063,1.00,1.20
2009.01.05 10:58:39.741,1.5058,1.50615,1.00,1.20
2009.01.05 10:58:40.321,1.5058,1.5062,1.00,3.40
2009.01.05 10:58:40.660,1.5058,1.50615,1.00,1.20
2009.01.05 10:58:41.360,1.5058,1.5062,1.00,1.20
2009.01.05 10:58:42.180,1.50575,1.5062,1.40,3.40
2009.01.05 10:58:42.461,1.5057,1.50615,3.60,2.40
2009.01.05 10:58:43.030,1.5058,1.50615,1.80,2.40
2009.01.05 10:58:43.799,1.5057,1.5061,2.40,1.20
2009.01.05 10:58:44.249,1.50575,1.5061,1.00,1.20
2009.01.05 10:58:45.889,1.5057,1.5061,3.00,1.20
2009.01.05 10:58:47.629,1.5058,1.5061,1.00,1.20
2009.01.05 10:58:48.489,1.50575,1.5062,1.40,3.40
2009.01.05 10:58:48.988,1.5057,1.50615,3.60,2.40
2009.01.05 10:58:50.448,1.50575,1.5061,1.40,1.20
2009.01.05 10:58:51.128,1.50575,1.5061,1.00,1.20
2009.01.05 10:58:51.648,1.5057,1.50615,3.60,3.40
2009.01.05 10:58:52.278,1.50575,1.50615,3.00,1.20
2009.01.05 10:58:52.718,1.50585,1.50625,2.40,1.00
2009.01.05 10:58:53.947,1.50585,1.50615,3.00,2.40
2009.01.05 10:58:54.747,1.5057,1.50615,3.60,4.80
2009.01.05 10:58:55.157,1.50575,1.5062,1.40,3.40
2009.01.05 10:58:55.897,1.50575,1.50615,1.00,3.40
2009.01.05 10:58:56.288,1.5057,1.5061,3.00,2.40
2009.01.05 10:58:56.806,1.5057,1.50615,2.80,3.40
2009.01.05 10:58:57.147,1.5058,1.50615,1.00,1.20
2009.01.05 10:58:58.126,1.5057,1.50615,3.60,2.40
2009.01.05 10:58:59.096,1.50575,1.50615,1.00,1.20
2009.01.05 10:58:59.636,1.5057,1.5061,3.00,1.00
2009.01.05 10:59:00.136,1.5057,1.50605,3.00,1.00
2009.01.05 10:59:00.696,1.50575,1.5061,1.00,2.40
2009.01.05 10:59:01.135,1.50575,1.50615,2.00,2.40
2009.01.05 10:59:02.055,1.5058,1.50625,2.80,2.40
2009.01.05 10:59:02.635,1.50585,1.5063,1.00,3.40
2009.01.05 10:59:03.155,1.50575,1.50615,1.00,3.40
2009.01.05 10:59:03.495,1.50565,1.50615,1.80,5.80
2009.01.05 10:59:04.665,1.50565,1.50605,4.80,2.40
2009.01.05 10:59:05.124,1.50565,1.506,4.80,1.00
2009.01.05 10:59:06.695,1.50565,1.5061,4.80,3.40
2009.01.05 10:59:07.094,1.5057,1.50615,3.00,3.40
2009.01.05 10:59:09.063,1.50575,1.50615,1.00,3.40
2009.01.05 10:59:09.563,1.50575,1.5061,1.00,3.40
2009.01.05 10:59:11.123,1.50565,1.50595,3.20,4.80
2009.01.05 10:59:11.543,1.50565,1.50595,1.80,2.40
2009.01.05 10:59:11.963,1.50575,1.5061,1.00,1.20
2009.01.05 10:59:12.083,1.50575,1.5061,1.00,1.00
2009.01.05 10:59:12.373,1.50575,1.5061,1.00,1.20
2009.01.05 10:59:13.763,1.50575,1.5061,1.00,1.00
2009.01.05 10:59:14.102,1.50575,1.5061,1.00,3.40
2009.01.05 10:59:15.062,1.50575,1.50605,1.00,1.20
2009.01.05 10:59:16.282,1.50565,1.506,2.60,3.40
2009.01.05 10:59:19.951,1.50565,1.50595,2.60,2.40
2009.01.05 10:59:20.461,1.50565,1.506,1.80,5.80
2009.01.05 10:59:23.670,1.50565,1.50595,1.80,2.40
2009.01.05 10:59:25.370,1.5056,1.5059,2.40,5.80
2009.01.05 10:59:25.780,1.5056,1.5059,4.20,2.40
2009.01.05 10:59:26.369,1.5056,1.50595,4.20,5.80
2009.01.05 10:59:27.039,1.5056,1.50595,4.20,3.40
2009.01.05 10:59:29.029,1.50565,1.506,1.80,2.40
2009.01.05 10:59:29.619,1.50565,1.50605,1.80,5.80
2009.01.05 10:59:30.489,1.50565,1.50605,4.00,4.80
2009.01.05 10:59:30.848,1.50565,1.50605,6.20,4.80
2009.01.05 10:59:31.418,1.50575,1.506,4.40,1.00
2009.01.05 10:59:31.798,1.5059,1.50615,3.00,1.00
2009.01.05 10:59:32.368,1.506,1.5063,1.00,1.20
2009.01.05 10:59:32.818,1.50595,1.5063,1.00,1.40
2009.01.05 10:59:33.358,1.5059,1.50625,1.00,1.20
2009.01.05 10:59:35.797,1.5059,1.5063,1.00,1.20
2009.01.05 10:59:36.187,1.5058,1.5062,1.60,4.80
2009.01.05 10:59:36.637,1.5058,1.50615,2.00,2.40
2009.01.05 10:59:36.907,1.5058,1.5062,2.80,2.40
2009.01.05 10:59:39.536,1.5058,1.5062,2.00,2.40
2009.01.05 10:59:43.006,1.5058,1.5062,3.00,3.40
2009.01.05 10:59:43.875,1.50575,1.5062,4.80,3.40
2009.01.05 10:59:44.825,1.5058,1.5062,3.00,1.00
2009.01.05 10:59:45.245,1.5058,1.5062,3.60,2.40
2009.01.05 10:59:46.175,1.5059,1.5062,1.00,2.40
2009.01.05 10:59:46.714,1.50595,1.50625,4.80,2.40
2009.01.05 10:59:47.394,1.50595,1.50625,4.00,2.40
2009.01.05 10:59:47.984,1.5061,1.50625,2.80,2.40
2009.01.05 10:59:48.554,1.50615,1.5068,1.40,3.40
2009.01.05 10:59:48.884,1.50605,1.50665,2.00,2.40
2009.01.05 10:59:49.484,1.50615,1.5066,2.00,2.40
2009.01.05 10:59:50.004,1.50615,1.5065,2.00,2.40
2009.01.05 10:59:50.503,1.50605,1.5065,5.60,2.40
2009.01.05 10:59:50.984,1.50615,1.50635,1.00,1.20
2009.01.05 10:59:51.553,1.50605,1.50635,1.00,1.00
2009.01.05 10:59:52.073,1.5059,1.50635,1.00,3.40
2009.01.05 10:59:52.713,1.5059,1.50625,2.00,2.40
2009.01.05 10:59:53.173,1.50595,1.5063,1.00,1.00
2009.01.05 10:59:53.473,1.5059,1.50635,1.00,3.40
2009.01.05 10:59:54.683,1.5059,1.5063,1.00,2.40
2009.01.05 10:59:55.032,1.50605,1.50655,2.60,5.80
2009.01.05 10:59:56.882,1.50615,1.50645,2.60,2.40
2009.01.05 10:59:57.772,1.50615,1.50655,4.80,3.40
2009.01.05 10:59:58.951,1.50615,1.50655,4.80,1.20
2009.01.05 10:59:59.533,1.5062,1.50665,2.80,2.40
2009.01.05 10:59:59.991,1.50625,1.5067,1.00,3.40
