2008.01.02 17:00:00.185,1.6467,1.6469,21.60,6.40
2008.01.02 17:00:00.491,1.6467,1.6469,21.60,6.40
2008.01.02 17:00:00.916,1.6467,1.6469,21.60,6.40
2008.01.02 17:00:01.228,1.6468,1.6469,4.00,6.40
2008.01.02 17:00:02.999,1.6468,1.6469,4.00,6.40
2008.01.02 17:00:05.506,1.6468,1.6469,4.00,6.40
2008.01.02 17:00:07.242,1.6468,1.6469,4.00,6.40
2008.01.02 17:00:07.459,1.6468,1.6469,4.00,6.40
2008.01.02 17:00:10.982,1.6468,1.6469,4.00,6.40
2008.01.02 17:00:11.191,1.6468,1.64695,4.00,16.00
2008.01.02 17:00:11.418,1.6468,1.64695,4.00,16.00
2008.01.02 17:00:11.696,1.6468,1.6469,4.00,2.40
2008.01.02 17:00:11.975,1.6468,1.6469,4.00,2.40
2008.01.02 17:00:12.253,1.6468,1.6469,4.00,2.40
2008.01.02 17:00:12.531,1.6468,1.6469,4.00,2.40
2008.01.02 17:00:12.774,1.6468,1.6469,4.00,2.40
2008.01.02 17:00:13.169,1.6468,1.6469,4.00,2.40
2008.01.02 17:00:13.501,1.6468,1.6469,4.00,2.40
2008.01.02 17:00:13.717,1.6468,1.6469,4.00,2.40
2008.01.02 17:00:13.937,1.6468,1.6469,4.00,6.40
2008.01.02 17:00:14.174,1.6468,1.64695,4.00,16.00
2008.01.02 17:00:14.392,1.6468,1.64695,4.00,16.00
2008.01.02 17:00:14.687,1.6468,1.6469,4.00,6.40
2008.01.02 17:00:14.979,1.6468,1.6469,4.00,6.40
2008.01.02 17:00:15.272,1.6468,1.6469,4.00,6.40
2008.01.02 17:00:15.565,1.6468,1.6469,4.00,6.40
2008.01.02 17:00:15.853,1.6468,1.6469,4.00,6.40
2008.01.02 17:00:16.141,1.6468,1.6469,6.40,4.00
2008.01.02 17:00:16.429,1.6468,1.6469,4.00,6.40
2008.01.02 17:00:16.662,1.6468,1.6469,4.00,6.40
2008.01.02 17:00:17.188,1.6468,1.6469,4.00,6.40
2008.01.02 17:00:17.421,1.6468,1.6469,4.00,6.40
2008.01.02 17:00:17.709,1.6468,1.6469,4.00,6.40
2008.01.02 17:00:17.997,1.6468,1.6469,4.00,6.40
2008.01.02 17:00:18.286,1.6468,1.6469,4.00,6.40
2008.01.02 17:00:18.665,1.6468,1.6469,4.00,6.40
2008.01.02 17:00:19.209,1.6468,1.6469,6.40,6.40
2008.01.02 17:00:19.437,1.6468,1.64695,9.00,8.00
2008.01.02 17:00:19.742,1.6468,1.6469,8.00,6.40
2008.01.02 17:00:20.045,1.6468,1.6469,8.00,2.40
2008.01.02 17:00:20.349,1.6468,1.6469,4.00,6.40
2008.01.02 17:00:20.651,1.6468,1.6469,4.00,6.40
2008.01.02 17:00:20.991,1.6468,1.6469,4.00,6.40
2008.01.02 17:00:21.253,1.6468,1.6469,4.00,4.00
2008.01.02 17:00:21.516,1.6468,1.64695,4.00,16.00
2008.01.02 17:00:21.792,1.6468,1.64695,4.00,16.00
2008.01.02 17:00:22.024,1.6468,1.64695,4.00,16.00
2008.01.02 17:00:22.257,1.6468,1.64695,4.00,16.00
2008.01.02 17:00:22.490,1.6468,1.64695,4.00,16.00
2008.01.02 17:00:22.767,1.6468,1.64695,4.00,16.00
2008.01.02 17:00:23.122,1.6468,1.64695,4.00,16.00
2008.01.02 17:00:23.411,1.6468,1.64695,4.00,16.00
2008.01.02 17:00:23.699,1.6468,1.64695,4.00,16.00
2008.01.02 17:00:23.918,1.6468,1.64695,4.00,16.00
2008.01.02 17:00:24.136,1.6468,1.64695,4.00,16.00
2008.01.02 17:00:24.354,1.6468,1.6469,4.00,2.40
2008.01.02 17:00:24.572,1.6468,1.6469,4.00,2.40
2008.01.02 17:00:24.969,1.6468,1.6469,4.00,2.40
2008.01.02 17:00:25.211,1.6468,1.6469,4.00,6.40
2008.01.02 17:00:26.196,1.6468,1.6469,4.00,2.40
2008.01.02 17:00:27.421,1.6468,1.6469,4.00,2.40
2008.01.02 17:00:28.136,1.6468,1.6469,4.00,6.40
2008.01.02 17:00:28.606,1.6468,1.6469,4.00,6.40
2008.01.02 17:00:28.768,1.6468,1.6469,4.00,6.40
2008.01.02 17:00:29.038,1.6468,1.6469,4.00,6.40
2008.01.02 17:00:29.307,1.6468,1.6469,4.00,6.40
2008.01.02 17:00:29.575,1.6468,1.6469,4.00,6.40
2008.01.02 17:00:31.234,1.6468,1.6469,4.00,0.90
2008.01.02 17:00:31.927,1.6468,1.6469,4.00,0.70
2008.01.02 17:00:32.149,1.6468,1.6469,4.00,0.90
2008.01.02 17:00:32.373,1.6468,1.64695,4.00,22.40
2008.01.02 17:00:32.821,1.6468,1.64695,4.00,22.40
2008.01.02 17:00:33.069,1.6468,1.6469,4.00,0.70
2008.01.02 17:00:33.318,1.6468,1.6469,4.00,0.70
2008.01.02 17:00:35.448,1.6468,1.6469,4.00,0.60
2008.01.02 17:00:35.650,1.6468,1.64695,4.00,22.40
2008.01.02 17:00:35.834,1.6468,1.64695,4.00,18.40
2008.01.02 17:00:36.102,1.6468,1.647,6.40,37.00
2008.01.02 17:00:36.370,1.6468,1.647,6.40,37.00
2008.01.02 17:00:37.232,1.6468,1.647,6.40,37.00
2008.01.02 17:00:37.484,1.6468,1.6469,6.40,0.90
2008.01.02 17:00:37.737,1.6468,1.64695,4.00,22.40
2008.01.02 17:00:37.991,1.6468,1.6469,4.00,0.70
2008.01.02 17:00:38.245,1.6468,1.64695,4.00,22.40
2008.01.02 17:00:38.500,1.6468,1.6469,4.00,0.60
2008.01.02 17:00:39.224,1.6468,1.6469,4.00,0.60
2008.01.02 17:00:41.718,1.6468,1.64695,4.00,22.40
2008.01.02 17:00:42.737,1.6468,1.6469,4.00,0.70
2008.01.02 17:00:43.170,1.6468,1.64695,4.00,22.40
2008.01.02 17:00:43.407,1.6468,1.6469,4.00,0.90
2008.01.02 17:00:44.191,1.6468,1.64695,4.00,22.40
2008.01.02 17:00:44.433,1.6468,1.64695,6.40,20.00
2008.01.02 17:00:44.906,1.6468,1.6469,6.40,0.70
2008.01.02 17:00:45.150,1.6468,1.64695,6.40,20.00
2008.01.02 17:00:45.412,1.6468,1.64695,6.40,20.00
2008.01.02 17:00:45.660,1.6468,1.64695,6.40,20.00
2008.01.02 17:00:46.650,1.6468,1.6469,4.00,0.70
2008.01.02 17:00:46.899,1.6468,1.64695,4.00,18.40
2008.01.02 17:00:47.147,1.6468,1.6469,4.00,0.50
2008.01.02 17:00:47.366,1.6468,1.64695,4.40,18.40
2008.01.02 17:00:47.583,1.6468,1.6469,4.00,0.80
2008.01.02 17:00:47.801,1.6468,1.64695,4.00,18.40
2008.01.02 17:00:48.020,1.6468,1.64695,4.00,18.40
2008.01.02 17:00:48.238,1.6468,1.64695,4.00,22.40
2008.01.02 17:00:48.759,1.6468,1.64695,4.00,22.40
2008.01.02 17:00:49.012,1.6468,1.64695,4.00,18.40
2008.01.02 17:00:50.184,1.6468,1.64695,4.00,18.40
2008.01.02 17:00:51.940,1.6468,1.64695,4.00,18.40
2008.01.02 17:00:53.147,1.6468,1.64695,4.00,22.40
2008.01.02 17:00:53.356,1.6468,1.64695,4.00,22.40
2008.01.02 17:00:55.605,1.6468,1.64695,4.00,22.40
2008.01.02 17:00:55.804,1.6468,1.64695,4.00,18.40
2008.01.02 17:00:56.002,1.6468,1.64695,4.00,18.40
2008.01.02 17:00:56.200,1.6468,1.6469,4.00,0.70
2008.01.02 17:00:56.399,1.6468,1.6469,4.00,0.80
2008.01.02 17:00:56.713,1.6468,1.647,6.40,32.00
2008.01.02 17:00:57.049,1.6468,1.64695,6.40,0.90
2008.01.02 17:00:57.364,1.6468,1.64695,4.00,22.40
2008.01.02 17:00:57.582,1.6468,1.64695,4.00,22.40
2008.01.02 17:01:00.203,1.6468,1.6469,4.00,6.40
2008.01.02 17:01:00.391,1.6468,1.6469,4.00,6.40
2008.01.02 17:01:00.579,1.6468,1.6469,4.00,6.40
2008.01.02 17:01:00.897,1.6467,1.6469,17.60,6.40
2008.01.02 17:01:01.216,1.6467,1.6469,19.40,6.40
2008.01.02 17:01:01.535,1.6467,1.6469,19.40,6.40
2008.01.02 17:01:02.147,1.6467,1.6469,19.40,6.40
2008.01.02 17:01:03.055,1.6467,1.6469,17.60,6.40
2008.01.02 17:01:03.328,1.6467,1.6469,17.60,6.40
2008.01.02 17:01:03.601,1.6467,1.6469,17.60,6.40
2008.01.02 17:01:04.338,1.6467,1.6469,3.90,6.40
2008.01.02 17:01:06.201,1.6467,1.6469,17.60,6.40
2008.01.02 17:01:09.187,1.6467,1.6469,17.60,6.40
2008.01.02 17:01:10.429,1.6467,1.6469,17.60,6.40
2008.01.02 17:01:11.968,1.6467,1.6469,19.40,6.40
2008.01.02 17:01:12.175,1.6467,1.6469,19.40,6.40
2008.01.02 17:01:13.239,1.6467,1.6469,19.40,6.40
2008.01.02 17:01:14.102,1.6467,1.6469,17.60,6.40
2008.01.02 17:01:14.337,1.6468,1.6469,6.40,4.00
2008.01.02 17:01:14.927,1.6468,1.6469,6.40,4.00
2008.01.02 17:01:15.222,1.6468,1.6469,6.40,4.00
2008.01.02 17:01:15.419,1.6468,1.6469,6.40,4.00
2008.01.02 17:01:15.719,1.6468,1.6469,6.40,4.00
2008.01.02 17:01:16.085,1.6468,1.6469,4.00,4.00
2008.01.02 17:01:16.328,1.6467,1.6469,17.60,6.40
2008.01.02 17:01:16.591,1.6467,1.6469,17.60,6.40
2008.01.02 17:01:16.814,1.6468,1.6469,4.00,6.40
2008.01.02 17:01:17.072,1.6468,1.6469,4.00,6.40
2008.01.02 17:01:17.330,1.6468,1.6469,4.00,6.40
2008.01.02 17:01:17.588,1.6468,1.6469,4.00,6.40
2008.01.02 17:01:17.846,1.6468,1.6469,4.00,6.40
2008.01.02 17:01:21.147,1.6468,1.6469,4.00,6.40
2008.01.02 17:01:21.338,1.6467,1.6469,4.80,16.80
2008.01.02 17:01:21.525,1.6467,1.6469,0.80,28.80
2008.01.02 17:01:21.713,1.6466,1.6468,25.60,4.00
2008.01.02 17:01:21.902,1.6466,1.6468,17.60,4.00
2008.01.02 17:01:22.090,1.6466,1.6468,20.00,4.00
2008.01.02 17:01:22.378,1.6467,1.6468,4.00,6.40
2008.01.02 17:01:22.666,1.6467,1.6468,4.00,6.40
2008.01.02 17:01:22.954,1.6467,1.6468,4.00,6.40
2008.01.02 17:01:23.242,1.6467,1.6468,4.00,6.40
2008.01.02 17:01:24.710,1.6467,1.6468,6.40,4.00
2008.01.02 17:01:24.873,1.6467,1.64685,6.40,17.60
2008.01.02 17:01:25.035,1.6467,1.64685,6.40,17.60
2008.01.02 17:01:25.199,1.6467,1.64685,6.40,16.80
2008.01.02 17:01:25.504,1.6467,1.64685,6.40,8.00
2008.01.02 17:01:25.787,1.6467,1.6469,6.40,31.20
2008.01.02 17:01:26.425,1.6467,1.6469,6.40,31.20
2008.01.02 17:01:26.739,1.6467,1.6469,6.40,31.20
2008.01.02 17:01:27.260,1.6467,1.6469,6.40,31.20
2008.01.02 17:01:28.193,1.6467,1.6469,6.40,31.20
2008.01.02 17:01:29.230,1.6467,1.6469,6.40,31.20
2008.01.02 17:01:29.636,1.6467,1.6468,2.40,4.00
2008.01.02 17:01:29.840,1.6467,1.6468,2.40,4.00
2008.01.02 17:01:30.067,1.6467,1.6468,2.40,4.00
2008.01.02 17:01:30.270,1.6467,1.64685,6.40,8.00
2008.01.02 17:01:30.553,1.6467,1.6469,6.40,31.20
2008.01.02 17:01:30.836,1.6467,1.6469,2.40,31.20
2008.01.02 17:01:31.119,1.6467,1.6469,2.40,33.00
2008.01.02 17:01:31.401,1.6467,1.6469,2.40,33.00
2008.01.02 17:01:31.436,1.6466,1.6469,37.60,33.00
2008.01.02 17:01:31.644,1.6466,1.6469,37.60,33.20
2008.01.02 17:01:31.887,1.64665,1.6468,8.00,4.00
2008.01.02 17:01:32.129,1.6466,1.6468,29.80,4.00
2008.01.02 17:01:32.373,1.6467,1.6468,1.80,6.40
2008.01.02 17:01:32.597,1.6466,1.6468,29.80,6.40
2008.01.02 17:01:33.182,1.6466,1.6468,29.80,6.40
2008.01.02 17:01:33.737,1.6466,1.6468,33.80,4.00
2008.01.02 17:01:34.222,1.6466,1.6468,33.80,4.00
2008.01.02 17:01:34.672,1.6466,1.6468,29.80,4.00
2008.01.02 17:01:34.870,1.6465,1.6468,46.70,6.40
2008.01.02 17:01:35.068,1.6465,1.6468,46.70,6.40
2008.01.02 17:01:35.468,1.6465,1.6468,46.70,6.40
2008.01.02 17:01:35.717,1.6466,1.6468,9.50,6.40
2008.01.02 17:01:35.990,1.6466,1.6468,8.60,6.40
2008.01.02 17:01:36.238,1.6465,1.6468,46.70,6.40
2008.01.02 17:01:37.263,1.6466,1.6468,2.50,6.40
2008.01.02 17:01:37.529,1.6466,1.6468,8.80,6.40
2008.01.02 17:01:37.747,1.6465,1.6468,42.70,6.40
2008.01.02 17:01:37.965,1.6465,1.6468,46.70,6.40
2008.01.02 17:01:38.260,1.6466,1.6468,11.60,6.40
2008.01.02 17:01:40.226,1.6465,1.6468,40.30,8.80
2008.01.02 17:01:40.419,1.6465,1.6468,30.60,8.80
2008.01.02 17:01:40.655,1.6466,1.6468,3.00,9.00
2008.01.02 17:01:40.843,1.6465,1.6468,22.60,21.00
2008.01.02 17:01:41.032,1.6466,1.6468,1.80,33.00
2008.01.02 17:01:41.220,1.64645,1.6468,16.80,33.00
2008.01.02 17:01:41.466,1.6465,1.6468,6.10,33.00
2008.01.02 17:01:41.729,1.6465,1.6467,3.90,12.80
2008.01.02 17:01:41.993,1.6465,1.6467,3.10,24.00
2008.01.02 17:01:42.257,1.6465,1.6467,1.60,28.80
2008.01.02 17:01:42.915,1.64645,1.6467,12.80,28.80
2008.01.02 17:01:44.926,1.6465,1.6467,4.00,29.60
2008.01.02 17:01:45.080,1.64645,1.6467,12.80,29.80
2008.01.02 17:01:45.234,1.6465,1.6466,2.20,4.00
2008.01.02 17:01:45.504,1.6464,1.6466,33.80,4.00
2008.01.02 17:01:45.907,1.6464,1.6466,33.80,4.00
2008.01.02 17:01:46.205,1.6465,1.6466,1.40,4.00
2008.01.02 17:01:46.503,1.6464,1.6466,33.80,4.00
2008.01.02 17:01:46.802,1.6464,1.6466,33.80,4.00
2008.01.02 17:01:47.004,1.6465,1.6466,1.90,4.00
2008.01.02 17:01:48.135,1.6465,1.6466,2.80,4.00
2008.01.02 17:01:48.312,1.6464,1.6466,34.60,4.00
2008.01.02 17:01:49.427,1.6465,1.6466,1.00,4.00
2008.01.02 17:01:50.231,1.6464,1.6466,30.60,4.00
2008.01.02 17:01:50.492,1.6465,1.6466,1.30,4.00
2008.01.02 17:01:50.938,1.6465,1.6466,1.30,4.00
2008.01.02 17:01:51.262,1.6465,1.6466,0.80,4.00
2008.01.02 17:01:52.163,1.6464,1.6466,30.00,4.00
2008.01.02 17:01:52.627,1.6464,1.6466,5.00,4.00
2008.01.02 17:01:52.820,1.6463,1.6466,47.80,6.40
2008.01.02 17:01:54.387,1.6464,1.6466,6.00,6.40
2008.01.02 17:01:55.680,1.6464,1.6466,29.90,6.40
2008.01.02 17:01:55.863,1.6465,1.6466,1.60,4.00
2008.01.02 17:01:56.071,1.6465,1.6466,2.50,4.00
2008.01.02 17:01:56.280,1.6464,1.6466,35.70,4.00
2008.01.02 17:01:58.925,1.6465,1.6466,2.20,4.00
2008.01.02 17:02:01.537,1.6465,1.6466,1.40,4.00
2008.01.02 17:02:04.197,1.6465,1.6466,6.40,4.00
2008.01.02 17:02:06.448,1.6465,1.6466,6.40,4.00
2008.01.02 17:02:07.272,1.6465,1.6466,2.40,4.00
2008.01.02 17:02:07.521,1.6465,1.6466,2.40,4.00
2008.01.02 17:02:09.004,1.6465,1.6466,2.40,4.00
2008.01.02 17:02:09.190,1.6465,1.64665,4.80,8.00
2008.01.02 17:02:09.419,1.6465,1.64665,4.80,8.00
2008.01.02 17:02:09.647,1.6465,1.6467,4.80,26.40
2008.01.02 17:02:09.875,1.6465,1.6467,12.80,18.40
2008.01.02 17:02:10.103,1.6465,1.6467,16.00,10.40
2008.01.02 17:02:10.332,1.6465,1.6467,20.00,10.40
2008.01.02 17:02:10.560,1.6465,1.6467,20.00,10.40
2008.01.02 17:02:10.788,1.6465,1.6467,20.00,10.40
2008.01.02 17:02:11.016,1.6465,1.6467,21.80,10.40
2008.01.02 17:02:11.245,1.6465,1.6467,25.80,10.40
2008.01.02 17:02:11.983,1.6465,1.6467,25.80,10.40
2008.01.02 17:02:12.246,1.6465,1.6467,16.80,12.80
2008.01.02 17:02:12.479,1.6465,1.6467,8.80,20.80
2008.01.02 17:02:12.712,1.6465,1.6467,8.80,28.80
2008.01.02 17:02:13.228,1.6465,1.6467,8.80,28.80
2008.01.02 17:02:15.137,1.6465,1.6467,6.40,31.20
2008.01.02 17:02:15.360,1.6465,1.6467,6.40,31.20
2008.01.02 17:02:15.609,1.6465,1.6467,6.40,31.20
2008.01.02 17:02:15.872,1.6465,1.64665,6.40,8.80
2008.01.02 17:02:16.120,1.6465,1.64665,6.40,17.60
2008.01.02 17:02:16.369,1.6465,1.64665,8.80,9.60
2008.01.02 17:02:16.631,1.6465,1.64665,8.80,0.80
2008.01.02 17:02:16.895,1.6465,1.6467,14.60,8.00
2008.01.02 17:02:17.160,1.6465,1.6468,14.60,38.60
2008.01.02 17:02:17.422,1.6465,1.6468,14.60,33.00
2008.01.02 17:02:17.681,1.6465,1.6468,16.20,30.40
2008.01.02 17:02:17.919,1.6465,1.6468,16.20,4.00
2008.01.02 17:02:18.213,1.6465,1.6468,16.20,4.00
2008.01.02 17:02:19.051,1.6465,1.6468,17.00,4.00
2008.01.02 17:02:20.198,1.6465,1.6468,17.00,4.00
2008.01.02 17:02:20.712,1.6465,1.6468,17.00,4.00
2008.01.02 17:02:20.972,1.6465,1.64685,25.30,0.30
2008.01.02 17:02:21.230,1.6465,1.64685,25.50,0.30
2008.01.02 17:02:21.509,1.6465,1.64685,25.70,0.30
2008.01.02 17:02:21.919,1.6465,1.64685,29.70,0.30
2008.01.02 17:02:22.138,1.6465,1.64685,29.70,0.30
2008.01.02 17:02:22.388,1.6465,1.64685,29.70,0.30
2008.01.02 17:02:23.048,1.6466,1.64685,0.80,0.30
2008.01.02 17:02:23.297,1.6466,1.6469,8.80,33.00
2008.01.02 17:02:23.545,1.6466,1.6469,8.80,33.00
2008.01.02 17:02:23.752,1.6466,1.6469,8.80,33.00
2008.01.02 17:02:23.987,1.6466,1.6469,10.60,33.00
2008.01.02 17:02:24.195,1.6466,1.6469,13.00,33.00
2008.01.02 17:02:24.403,1.6466,1.6469,15.40,33.00
2008.01.02 17:02:24.944,1.6466,1.6469,15.40,33.00
2008.01.02 17:02:25.144,1.6466,1.6469,15.40,33.00
2008.01.02 17:02:33.596,1.6466,1.6469,15.40,32.80
2008.01.02 17:02:33.770,1.6467,1.6469,4.00,30.40
2008.01.02 17:02:33.943,1.6467,1.6469,4.00,31.20
2008.01.02 17:02:34.117,1.6467,1.6469,4.00,31.20
2008.01.02 17:02:34.289,1.6467,1.6469,6.40,31.20
2008.01.02 17:02:34.463,1.6467,1.6469,6.40,31.20
2008.01.02 17:02:34.727,1.6467,1.6469,6.40,31.40
2008.01.02 17:02:35.050,1.6467,1.64685,6.40,17.60
2008.01.02 17:02:35.374,1.6467,1.6468,6.40,4.00
2008.01.02 17:02:35.697,1.6467,1.6468,6.40,4.00
2008.01.02 17:02:36.003,1.6467,1.6468,6.40,4.00
2008.01.02 17:02:36.196,1.6467,1.6468,6.40,4.00
2008.01.02 17:02:36.516,1.6467,1.6468,6.40,4.00
2008.01.02 17:02:36.730,1.6467,1.6468,1.60,6.60
2008.01.02 17:02:37.029,1.6466,1.6468,4.00,29.00
2008.01.02 17:02:37.326,1.6465,1.6468,19.80,33.00
2008.01.02 17:02:37.624,1.6465,1.6468,19.80,33.00
2008.01.02 17:02:37.922,1.6465,1.6468,19.80,33.00
2008.01.02 17:02:38.183,1.6465,1.6468,15.80,33.00
2008.01.02 17:02:38.420,1.6465,1.6468,15.80,33.00
2008.01.02 17:02:40.996,1.6465,1.6468,16.60,33.00
2008.01.02 17:02:41.220,1.6466,1.6468,5.60,35.20
2008.01.02 17:02:41.443,1.6466,1.6468,6.40,31.20
2008.01.02 17:02:41.666,1.6466,1.6468,6.40,31.20
2008.01.02 17:02:41.890,1.6466,1.6468,6.40,31.20
2008.01.02 17:02:42.221,1.6466,1.6468,6.40,31.20
2008.01.02 17:02:42.538,1.6466,1.6468,6.40,31.20
2008.01.02 17:02:42.800,1.6466,1.6468,7.20,27.20
2008.01.02 17:02:43.038,1.6466,1.6468,7.20,27.20
2008.01.02 17:02:43.276,1.6466,1.6468,7.20,27.20
2008.01.02 17:02:43.882,1.6467,1.6468,0.20,27.20
2008.01.02 17:02:44.085,1.6467,1.6468,0.20,27.20
2008.01.02 17:02:44.289,1.6467,1.6468,0.20,27.20
2008.01.02 17:02:44.715,1.6467,1.6468,0.20,27.20
2008.01.02 17:02:44.918,1.6466,1.6468,6.40,31.20
2008.01.02 17:02:45.202,1.6466,1.6468,6.40,31.20
2008.01.02 17:02:45.485,1.6466,1.6468,6.40,31.20
2008.01.02 17:02:46.614,1.6466,1.6468,6.40,28.80
2008.01.02 17:02:46.873,1.6467,1.6468,4.10,6.40
2008.01.02 17:02:47.092,1.6467,1.6468,4.10,2.40
2008.01.02 17:02:47.310,1.6466,1.6468,11.20,15.20
2008.01.02 17:02:47.529,1.6466,1.6468,7.20,27.20
2008.01.02 17:02:48.181,1.6466,1.6468,7.20,27.20
2008.01.02 17:02:49.291,1.6467,1.6468,4.00,27.20
2008.01.02 17:02:49.640,1.6467,1.6468,4.00,27.20
2008.01.02 17:02:49.847,1.6466,1.6468,6.40,31.20
2008.01.02 17:02:50.253,1.6466,1.6468,6.40,31.20
2008.01.02 17:02:50.499,1.6466,1.6468,6.40,31.20
2008.01.02 17:02:54.167,1.6466,1.6468,6.40,31.20
2008.01.02 17:02:54.396,1.6467,1.6468,4.00,27.20
2008.01.02 17:02:54.626,1.6466,1.6468,6.40,27.20
2008.01.02 17:02:54.855,1.6466,1.6468,6.40,31.20
2008.01.02 17:02:55.084,1.6466,1.6468,6.40,31.20
2008.01.02 17:02:55.381,1.6466,1.6468,6.40,31.20
2008.01.02 17:02:55.679,1.6466,1.6468,6.40,31.20
2008.01.02 17:02:56.246,1.6466,1.6468,6.40,31.20
2008.01.02 17:02:56.984,1.6466,1.6468,6.40,31.20
2008.01.02 17:02:57.288,1.6466,1.6468,6.40,31.20
2008.01.02 17:02:57.669,1.6466,1.6468,6.40,0.70
2008.01.02 17:02:59.256,1.6466,1.64685,6.40,31.50
2008.01.02 17:03:01.174,1.6466,1.64685,6.40,30.70
2008.01.02 17:03:01.549,1.6466,1.64685,6.40,31.50
2008.01.02 17:03:02.268,1.6466,1.64685,6.40,31.50
2008.01.02 17:03:02.685,1.6466,1.6468,6.40,0.60
2008.01.02 17:03:04.260,1.6466,1.64685,6.40,31.50
2008.01.02 17:03:04.755,1.6467,1.64685,4.00,27.40
2008.01.02 17:03:05.007,1.6467,1.64685,4.00,23.40
2008.01.02 17:03:05.254,1.6467,1.6468,4.00,0.60
2008.01.02 17:03:05.502,1.6467,1.64685,4.00,27.40
2008.01.02 17:03:05.715,1.6466,1.6468,6.40,0.70
2008.01.02 17:03:06.044,1.6466,1.64685,6.40,31.50
2008.01.02 17:03:06.256,1.6466,1.6468,6.40,0.90
2008.01.02 17:03:08.507,1.6466,1.64685,6.40,31.50
2008.01.02 17:03:10.202,1.6467,1.64685,4.00,27.50
2008.01.02 17:03:10.401,1.6467,1.6468,4.00,0.60
2008.01.02 17:03:10.599,1.6467,1.64685,4.00,23.40
2008.01.02 17:03:10.842,1.6466,1.64685,10.40,27.40
2008.01.02 17:03:11.086,1.6466,1.64685,6.40,31.50
2008.01.02 17:03:15.433,1.6466,1.6468,6.40,0.90
2008.01.02 17:03:26.251,1.6466,1.6468,6.40,31.20
2008.01.02 17:03:28.223,1.6466,1.6468,6.40,31.20
2008.01.02 17:03:31.194,1.6466,1.64675,2.40,8.00
2008.01.02 17:03:31.413,1.6466,1.64675,2.40,8.00
2008.01.02 17:03:31.632,1.6466,1.64675,2.40,16.00
2008.01.02 17:03:31.850,1.6466,1.64675,6.40,8.00
2008.01.02 17:03:32.067,1.6466,1.6468,6.40,31.20
2008.01.02 17:03:32.285,1.6466,1.6468,6.40,31.20
2008.01.02 17:03:33.195,1.6466,1.6468,6.40,31.20
2008.01.02 17:03:37.245,1.6466,1.6468,6.40,31.20
2008.01.02 17:03:39.206,1.6466,1.6468,6.40,31.20
2008.01.02 17:03:40.272,1.6466,1.6468,6.40,31.20
2008.01.02 17:03:40.495,1.6466,1.6468,6.40,31.20
2008.01.02 17:03:40.784,1.6466,1.6468,6.40,35.20
2008.01.02 17:03:41.003,1.6466,1.64675,2.40,8.00
2008.01.02 17:03:41.221,1.6466,1.64675,2.40,8.00
2008.01.02 17:03:41.532,1.6466,1.6468,2.40,31.20
2008.01.02 17:03:41.780,1.6466,1.6468,6.40,30.40
2008.01.02 17:03:42.029,1.6466,1.6468,6.40,31.20
2008.01.02 17:03:42.276,1.6466,1.6468,6.40,31.20
2008.01.02 17:03:42.737,1.6466,1.6468,6.40,27.20
2008.01.02 17:03:42.946,1.6466,1.6468,6.40,27.20
2008.01.02 17:03:43.154,1.6466,1.6468,6.40,27.20
2008.01.02 17:03:43.363,1.6466,1.6468,6.40,31.20
2008.01.02 17:03:43.571,1.6466,1.6468,6.40,31.20
2008.01.02 17:03:44.144,1.6466,1.6468,8.20,31.20
2008.01.02 17:03:44.969,1.6466,1.6468,6.40,31.20
2008.01.02 17:03:45.256,1.6466,1.6468,6.40,31.20
2008.01.02 17:03:45.463,1.6466,1.6468,6.40,31.20
2008.01.02 17:03:45.776,1.6466,1.6468,6.40,31.20
2008.01.02 17:03:46.280,1.6466,1.6468,6.40,31.20
2008.01.02 17:03:47.016,1.6466,1.6468,6.50,31.20
2008.01.02 17:03:48.234,1.6466,1.6468,6.50,31.20
2008.01.02 17:03:48.443,1.6466,1.6468,6.50,31.20
2008.01.02 17:03:49.168,1.6466,1.6468,6.50,31.20
2008.01.02 17:03:50.967,1.6466,1.6468,6.60,31.20
2008.01.02 17:03:51.584,1.6466,1.6468,6.50,31.20
2008.01.02 17:03:51.939,1.6466,1.6468,6.50,31.20
2008.01.02 17:03:52.178,1.6466,1.6468,6.40,31.20
2008.01.02 17:03:53.256,1.6466,1.6468,6.40,31.20
2008.01.02 17:03:54.788,1.6466,1.6468,6.40,0.70
2008.01.02 17:03:55.206,1.6466,1.6469,6.40,60.80
2008.01.02 17:03:56.982,1.6466,1.6468,6.40,0.90
2008.01.02 17:03:57.195,1.6466,1.6468,12.00,27.20
2008.01.02 17:03:57.298,1.6466,1.6468,10.80,27.20
2008.01.02 17:03:57.542,1.6466,1.6468,10.80,27.20
2008.01.02 17:03:57.725,1.6466,1.6468,10.80,27.20
2008.01.02 17:03:58.157,1.6467,1.6468,0.60,27.20
2008.01.02 17:03:58.512,1.6467,1.6468,0.60,27.20
2008.01.02 17:03:58.844,1.6467,1.6468,0.60,27.20
2008.01.02 17:03:59.280,1.6467,1.6468,0.60,27.20
2008.01.02 17:03:59.472,1.6467,1.6468,0.20,27.20
2008.01.02 17:03:59.665,1.6468,1.6469,0.20,29.60
2008.01.02 17:03:59.858,1.64665,1.6468,0.80,27.00
2008.01.02 17:04:00.181,1.6467,1.6468,0.40,27.00
2008.01.02 17:04:00.420,1.6467,1.6468,0.40,27.00
2008.01.02 17:04:00.724,1.6467,1.6468,0.40,27.00
2008.01.02 17:04:01.151,1.6467,1.6468,0.40,24.60
2008.01.02 17:04:01.374,1.6468,1.64685,0.40,8.00
2008.01.02 17:04:01.597,1.6467,1.6468,4.00,1.60
2008.01.02 17:04:01.821,1.6468,1.64685,0.30,16.00
2008.01.02 17:04:02.044,1.6468,1.64685,0.30,16.00
2008.01.02 17:04:02.308,1.64675,1.6468,0.80,0.80
2008.01.02 17:04:02.712,1.64675,1.6468,0.80,0.80
2008.01.02 17:04:02.975,1.64675,1.64685,0.80,17.60
2008.01.02 17:04:03.239,1.6467,1.6469,10.40,23.20
2008.01.02 17:04:03.418,1.6467,1.6469,10.40,22.40
2008.01.02 17:04:03.596,1.6467,1.6469,10.40,23.40
2008.01.02 17:04:03.775,1.6467,1.64685,6.40,17.60
2008.01.02 17:04:03.952,1.6467,1.64685,6.40,17.60
2008.01.02 17:04:04.129,1.6467,1.64685,6.40,17.60
2008.01.02 17:04:04.392,1.6468,1.64685,4.00,8.80
2008.01.02 17:04:04.655,1.6468,1.64695,4.00,17.60
2008.01.02 17:04:04.983,1.6468,1.64695,4.00,17.60
2008.01.02 17:04:05.249,1.6468,1.64695,8.80,16.00
2008.01.02 17:04:05.997,1.6468,1.64695,8.80,16.00
2008.01.02 17:04:06.256,1.6467,1.647,17.60,8.00
2008.01.02 17:04:06.457,1.6467,1.64705,25.60,16.00
2008.01.02 17:04:06.680,1.6467,1.64705,24.80,16.00
2008.01.02 17:04:06.903,1.6467,1.64705,24.90,8.00
2008.01.02 17:04:07.126,1.6467,1.6471,24.90,43.40
2008.01.02 17:04:07.349,1.6467,1.6471,4.20,43.40
2008.01.02 17:04:07.642,1.6467,1.6471,0.50,43.40
2008.01.02 17:04:07.935,1.6467,1.6471,0.50,43.40
2008.01.02 17:04:08.229,1.6467,1.64705,18.30,0.30
2008.01.02 17:04:08.462,1.6467,1.64705,22.30,0.30
2008.01.02 17:04:08.685,1.6467,1.64705,22.30,0.30
2008.01.02 17:04:09.098,1.6467,1.64705,24.70,0.30
2008.01.02 17:04:09.323,1.6467,1.64705,27.10,0.30
2008.01.02 17:04:09.585,1.6467,1.64705,27.10,0.30
2008.01.02 17:04:09.986,1.6467,1.64705,27.10,0.30
2008.01.02 17:04:14.020,1.6467,1.64705,27.10,0.30
2008.01.02 17:04:14.180,1.6467,1.64705,26.30,0.30
2008.01.02 17:04:14.338,1.6467,1.64705,25.10,0.30
2008.01.02 17:04:14.547,1.6467,1.64705,29.10,0.30
2008.01.02 17:04:15.428,1.6467,1.64705,29.10,0.30
2008.01.02 17:04:15.643,1.6467,1.64705,30.20,0.30
2008.01.02 17:04:15.861,1.6467,1.64705,30.80,0.30
2008.01.02 17:04:16.258,1.6467,1.64705,30.80,0.30
2008.01.02 17:04:16.476,1.6467,1.64705,31.00,0.30
2008.01.02 17:04:17.016,1.6467,1.64705,30.80,0.30
2008.01.02 17:04:17.299,1.6467,1.64705,30.70,0.30
2008.01.02 17:04:17.581,1.6467,1.64705,30.60,0.30
2008.01.02 17:04:17.997,1.6467,1.6471,30.60,41.80
2008.01.02 17:04:18.175,1.6468,1.6471,8.80,41.80
2008.01.02 17:04:18.374,1.6468,1.6471,12.80,33.80
2008.01.02 17:04:18.769,1.6468,1.6471,12.80,33.80
2008.01.02 17:04:19.013,1.6468,1.6471,12.80,35.60
2008.01.02 17:04:19.256,1.6468,1.6471,12.80,35.60
2008.01.02 17:04:19.503,1.6468,1.6471,12.80,35.60
2008.01.02 17:04:22.487,1.6468,1.6471,12.80,35.60
2008.01.02 17:04:22.670,1.6468,1.64695,8.80,8.00
2008.01.02 17:04:22.863,1.6468,1.64695,4.80,8.00
2008.01.02 17:04:23.057,1.6468,1.64695,4.80,16.00
2008.01.02 17:04:23.268,1.6468,1.64695,12.80,8.00
2008.01.02 17:04:23.461,1.6468,1.6471,12.80,35.60
2008.01.02 17:04:23.703,1.6468,1.647,8.80,12.00
2008.01.02 17:04:24.016,1.6468,1.647,4.80,24.00
2008.01.02 17:04:24.330,1.6468,1.647,4.80,24.00
2008.01.02 17:04:24.643,1.6468,1.647,4.80,24.00
2008.01.02 17:04:25.015,1.6468,1.647,4.80,24.00
2008.01.02 17:04:25.240,1.6468,1.647,8.80,20.00
2008.01.02 17:04:25.464,1.6468,1.64705,12.80,0.30
2008.01.02 17:04:25.750,1.6468,1.64705,12.80,0.30
2008.01.02 17:04:25.997,1.6468,1.64705,12.80,0.30
2008.01.02 17:04:27.200,1.6468,1.64705,12.80,0.30
2008.01.02 17:04:27.510,1.6468,1.64705,12.80,0.30
2008.01.02 17:04:27.939,1.6468,1.64705,12.80,0.30
2008.01.02 17:04:28.242,1.6468,1.64705,12.80,0.30
2008.01.02 17:04:29.062,1.6468,1.6471,12.80,35.70
2008.01.02 17:04:30.799,1.6468,1.64705,12.80,0.30
2008.01.02 17:04:31.038,1.6468,1.6471,12.80,37.30
2008.01.02 17:04:31.242,1.6468,1.64705,6.40,31.50
2008.01.02 17:04:31.744,1.6468,1.647,6.40,0.60
2008.01.02 17:04:31.969,1.6468,1.647,6.40,0.70
2008.01.02 17:04:32.259,1.6468,1.64705,6.40,31.50
2008.01.02 17:04:32.522,1.6468,1.647,6.40,0.50
2008.01.02 17:04:32.985,1.6468,1.64705,6.40,31.50
2008.01.02 17:04:34.709,1.6468,1.647,6.40,0.70
2008.01.02 17:04:34.923,1.6468,1.64705,6.40,31.50
2008.01.02 17:04:38.303,1.6468,1.647,6.40,0.60
2008.01.02 17:04:38.494,1.6468,1.64705,6.40,31.50
2008.01.02 17:04:38.723,1.6468,1.64705,6.40,31.50
2008.01.02 17:04:40.253,1.6468,1.64705,6.40,31.50
2008.01.02 17:04:42.232,1.6468,1.647,6.40,0.90
2008.01.02 17:04:42.450,1.6468,1.64705,6.40,31.50
2008.01.02 17:04:42.764,1.6468,1.64705,6.40,31.50
2008.01.02 17:04:42.966,1.6468,1.64705,6.40,31.50
2008.01.02 17:04:43.413,1.6468,1.6471,6.40,62.00
2008.01.02 17:04:43.797,1.6468,1.6471,6.40,63.60
2008.01.02 17:04:44.115,1.6468,1.647,6.40,35.40
2008.01.02 17:04:44.524,1.6468,1.64695,6.40,0.80
2008.01.02 17:04:44.776,1.6468,1.647,6.40,35.20
2008.01.02 17:04:44.979,1.6468,1.64695,6.40,0.70
2008.01.02 17:04:45.652,1.6468,1.647,6.40,36.00
2008.01.02 17:04:45.887,1.6467,1.6469,12.00,0.70
2008.01.02 17:04:46.141,1.6467,1.6469,9.80,0.80
2008.01.02 17:04:46.375,1.6468,1.6469,6.40,0.70
2008.01.02 17:04:46.638,1.6468,1.647,6.40,31.20
2008.01.02 17:04:46.902,1.6468,1.647,6.40,0.60
2008.01.02 17:04:47.239,1.6468,1.64705,6.40,31.50
2008.01.02 17:04:47.619,1.6468,1.64705,2.40,31.50
2008.01.02 17:04:47.877,1.6468,1.647,2.40,0.90
2008.01.02 17:04:48.285,1.6468,1.64705,2.40,27.50
2008.01.02 17:04:48.525,1.6468,1.647,2.40,0.80
2008.01.02 17:04:48.987,1.6468,1.64705,2.40,27.50
2008.01.02 17:04:49.224,1.6468,1.64705,2.40,27.50
2008.01.02 17:04:49.707,1.6468,1.64705,2.40,31.50
2008.01.02 17:04:49.961,1.6468,1.647,2.40,31.20
2008.01.02 17:04:50.215,1.6468,1.64695,2.40,0.80
2008.01.02 17:04:50.470,1.6468,1.647,2.40,0.80
2008.01.02 17:04:53.284,1.6468,1.647,2.40,0.90
2008.01.02 17:04:53.946,1.6468,1.647,2.40,0.60
2008.01.02 17:04:54.168,1.6468,1.6471,2.40,55.60
2008.01.02 17:04:54.361,1.6468,1.64695,2.40,0.90
2008.01.02 17:04:55.196,1.6468,1.647,2.40,31.40
2008.01.02 17:04:55.502,1.6468,1.647,2.40,31.40
2008.01.02 17:04:57.186,1.6468,1.64695,2.40,16.00
2008.01.02 17:04:57.450,1.6467,1.6469,8.00,16.00
2008.01.02 17:04:57.658,1.6467,1.6469,8.00,24.00
2008.01.02 17:04:57.995,1.6467,1.6469,8.00,24.00
2008.01.02 17:04:58.203,1.6467,1.6469,8.00,24.00
2008.01.02 17:04:58.411,1.6467,1.6469,24.00,12.00
2008.01.02 17:04:58.719,1.6468,1.647,2.40,35.40
2008.01.02 17:04:59.028,1.6468,1.647,2.40,31.40
2008.01.02 17:04:59.336,1.6468,1.647,2.40,31.40
2008.01.02 17:04:59.643,1.6468,1.647,2.40,32.20
2008.01.02 17:04:59.991,1.6468,1.647,2.40,32.20
2008.01.02 17:05:00.924,1.6468,1.647,2.40,34.00
2008.01.02 17:05:01.154,1.6467,1.647,36.00,34.00
2008.01.02 17:05:01.186,1.6468,1.647,0.60,34.00
2008.01.02 17:05:01.450,1.6468,1.647,1.60,34.00
2008.01.02 17:05:02.595,1.6468,1.647,0.60,33.20
2008.01.02 17:05:02.803,1.6468,1.6469,1.30,4.00
2008.01.02 17:05:03.012,1.6467,1.6469,22.40,8.00
2008.01.02 17:05:03.220,1.6468,1.6469,1.40,8.00
2008.01.02 17:05:03.428,1.6467,1.64695,34.40,8.00
2008.01.02 17:05:03.653,1.6468,1.647,1.30,34.00
2008.01.02 17:05:03.951,1.6467,1.647,34.40,34.00
2008.01.02 17:05:04.250,1.6468,1.647,1.20,34.00
2008.01.02 17:05:11.133,1.6467,1.64695,34.40,0.30
2008.01.02 17:05:14.520,1.6468,1.64695,1.40,0.30
2008.01.02 17:05:14.798,1.6467,1.64695,40.00,0.30
2008.01.02 17:05:15.211,1.6467,1.64695,40.00,0.30
2008.01.02 17:05:15.531,1.6468,1.64695,1.10,0.30
2008.01.02 17:05:16.752,1.6467,1.64695,42.40,0.30
2008.01.02 17:05:16.990,1.6468,1.64695,1.00,0.30
2008.01.02 17:05:17.228,1.6467,1.64695,42.40,0.30
2008.01.02 17:05:17.560,1.6467,1.64695,40.00,0.30
2008.01.02 17:05:17.798,1.6467,1.64695,40.00,0.30
2008.01.02 17:05:18.139,1.6468,1.64695,2.00,0.30
2008.01.02 17:05:18.396,1.6468,1.64695,1.60,0.30
2008.01.02 17:05:18.648,1.6467,1.64695,42.60,0.30
2008.01.02 17:05:18.978,1.6468,1.64695,2.30,0.30
2008.01.02 17:05:19.231,1.6467,1.64695,45.80,0.30
2008.01.02 17:05:19.421,1.6468,1.64695,4.80,0.30
2008.01.02 17:05:19.608,1.6468,1.64695,1.50,0.30
2008.01.02 17:05:19.796,1.64675,1.64695,10.40,0.30
2008.01.02 17:05:20.211,1.6468,1.64695,3.20,0.30
2008.01.02 17:05:20.456,1.6468,1.64695,0.80,0.30
2008.01.02 17:05:20.738,1.6468,1.64695,3.50,0.30
2008.01.02 17:05:20.981,1.6468,1.64695,2.40,0.30
2008.01.02 17:05:21.248,1.6467,1.64695,43.40,0.30
2008.01.02 17:05:21.797,1.6468,1.64695,1.60,0.30
2008.01.02 17:05:21.994,1.6468,1.64695,3.00,0.30
2008.01.02 17:05:22.272,1.6468,1.64695,2.60,0.30
2008.01.02 17:05:24.262,1.6468,1.64695,2.50,0.30
2008.01.02 17:05:31.146,1.6468,1.64695,6.40,0.30
2008.01.02 17:05:31.345,1.6468,1.64695,6.40,0.30
2008.01.02 17:05:33.237,1.6468,1.64695,6.40,0.30
2008.01.02 17:05:33.504,1.6468,1.64695,6.40,0.30
2008.01.02 17:05:33.707,1.6468,1.64695,6.40,0.30
2008.01.02 17:05:33.909,1.6468,1.64695,6.40,0.30
2008.01.02 17:05:34.225,1.6468,1.64695,6.40,0.30
2008.01.02 17:05:34.533,1.6468,1.64695,6.40,0.30
2008.01.02 17:05:34.770,1.6468,1.64695,6.40,0.30
2008.01.02 17:05:35.257,1.6468,1.64695,6.40,0.30
2008.01.02 17:05:40.226,1.6468,1.64695,6.40,0.30
2008.01.02 17:05:40.507,1.6468,1.64695,6.40,0.30
2008.01.02 17:05:40.791,1.6468,1.64695,6.40,0.30
2008.01.02 17:05:40.993,1.6468,1.64695,6.40,0.30
2008.01.02 17:05:41.197,1.6468,1.647,6.40,27.20
2008.01.02 17:05:41.469,1.6468,1.647,6.40,27.20
2008.01.02 17:05:41.992,1.6468,1.647,6.40,27.20
2008.01.02 17:05:42.251,1.6468,1.647,6.40,27.20
2008.01.02 17:05:45.847,1.6468,1.647,6.40,27.20
2008.01.02 17:05:49.671,1.6468,1.647,6.40,17.60
2008.01.02 17:05:49.904,1.6468,1.647,6.40,17.60
2008.01.02 17:05:50.112,1.6468,1.647,4.00,17.60
2008.01.02 17:05:50.321,1.6468,1.647,4.00,20.00
2008.01.02 17:05:50.530,1.6468,1.647,4.00,24.00
2008.01.02 17:05:51.256,1.6468,1.647,4.00,24.00
2008.01.02 17:05:52.492,1.6468,1.647,4.00,24.00
2008.01.02 17:05:52.694,1.6468,1.647,4.00,24.00
2008.01.02 17:05:53.212,1.6468,1.647,4.00,24.00
2008.01.02 17:05:54.243,1.6468,1.647,4.00,24.00
2008.01.02 17:05:54.572,1.6468,1.647,4.00,24.00
2008.01.02 17:06:03.098,1.6468,1.647,6.40,31.20
2008.01.02 17:06:05.737,1.6468,1.647,6.40,31.20
2008.01.02 17:06:05.946,1.6468,1.647,6.40,27.20
2008.01.02 17:06:06.155,1.6468,1.647,6.40,27.20
2008.01.02 17:06:06.362,1.6468,1.647,6.40,27.20
2008.01.02 17:06:06.635,1.6468,1.647,6.40,27.20
2008.01.02 17:06:07.235,1.6468,1.647,6.40,27.20
2008.01.02 17:06:07.311,1.6468,1.647,1.30,27.20
2008.01.02 17:06:08.211,1.6468,1.647,10.40,27.20
2008.01.02 17:06:08.444,1.6469,1.647,0.50,19.20
2008.01.02 17:06:08.661,1.6468,1.647,10.40,11.20
2008.01.02 17:06:08.908,1.6468,1.647,14.40,11.20
2008.01.02 17:06:09.126,1.6468,1.647,18.40,7.20
2008.01.02 17:06:09.345,1.6469,1.647,1.30,7.20
2008.01.02 17:06:10.043,1.6469,1.647,1.70,7.20
2008.01.02 17:06:10.361,1.6468,1.647,20.20,7.20
2008.01.02 17:06:10.969,1.6468,1.647,20.20,7.20
2008.01.02 17:06:11.187,1.6468,1.647,18.40,7.20
2008.01.02 17:06:11.406,1.6468,1.647,3.10,27.20
2008.01.02 17:06:11.619,1.6468,1.647,1.80,31.20
2008.01.02 17:06:11.832,1.6468,1.647,0.80,31.20
2008.01.02 17:06:12.045,1.6467,1.647,43.40,31.20
2008.01.02 17:06:12.258,1.6467,1.647,44.30,31.20
2008.01.02 17:06:12.741,1.6468,1.647,2.10,31.20
2008.01.02 17:06:13.076,1.6467,1.647,44.20,31.20
2008.01.02 17:06:14.090,1.6468,1.64695,1.40,0.30
2008.01.02 17:06:14.304,1.6468,1.64695,1.70,0.30
2008.01.02 17:06:14.592,1.6467,1.64695,33.00,0.30
2008.01.02 17:06:14.881,1.6468,1.64695,5.20,0.30
2008.01.02 17:06:15.168,1.6468,1.64695,3.40,0.30
2008.01.02 17:06:15.457,1.6467,1.64695,27.40,0.30
2008.01.02 17:06:15.706,1.6468,1.64695,3.90,0.30
2008.01.02 17:06:15.955,1.64665,1.64695,25.00,0.30
2008.01.02 17:06:16.204,1.64665,1.64695,25.00,0.30
2008.01.02 17:06:16.452,1.64665,1.64695,25.00,0.30
2008.01.02 17:06:16.704,1.6468,1.64695,1.70,0.30
2008.01.02 17:06:17.003,1.6468,1.64695,1.90,0.30
2008.01.02 17:06:17.231,1.6467,1.64695,33.00,0.30
2008.01.02 17:06:17.459,1.6467,1.64695,33.00,0.30
2008.01.02 17:06:17.682,1.6467,1.64695,33.00,0.30
2008.01.02 17:06:18.636,1.6467,1.64695,29.00,0.30
2008.01.02 17:06:18.860,1.6467,1.64695,23.10,0.30
2008.01.02 17:06:19.083,1.64665,1.64695,27.10,0.30
2008.01.02 17:06:19.306,1.64665,1.64695,25.00,0.30
2008.01.02 17:06:20.297,1.6467,1.64695,7.10,0.30
2008.01.02 17:06:27.495,1.64665,1.64695,25.10,0.30
2008.01.02 17:06:28.217,1.64665,1.64695,25.20,0.30
2008.01.02 17:06:28.847,1.64665,1.64695,25.10,0.30
2008.01.02 17:06:29.661,1.64665,1.64695,25.00,0.30
2008.01.02 17:06:29.992,1.6467,1.64695,2.40,0.30
2008.01.02 17:06:34.131,1.64665,1.64695,24.30,0.30
2008.01.02 17:06:34.342,1.64665,1.64695,22.60,0.30
2008.01.02 17:06:34.550,1.6467,1.64695,14.60,0.30
2008.01.02 17:06:34.766,1.6467,1.6469,8.20,0.30
2008.01.02 17:06:34.974,1.6466,1.6469,29.80,0.30
2008.01.02 17:06:35.252,1.6466,1.6469,29.80,0.30
2008.01.02 17:06:35.491,1.6467,1.6469,4.00,0.30
2008.01.02 17:06:35.749,1.6466,1.6469,29.80,0.30
2008.01.02 17:06:36.055,1.6466,1.6469,29.80,0.30
2008.01.02 17:06:36.286,1.6467,1.6469,1.80,0.30
2008.01.02 17:06:36.481,1.6467,1.6469,1.80,0.30
2008.01.02 17:06:36.693,1.6467,1.6469,5.80,0.30
2008.01.02 17:06:36.907,1.6467,1.6469,13.80,0.30
2008.01.02 17:06:37.140,1.6467,1.6469,12.00,0.30
2008.01.02 17:06:37.374,1.6467,1.6469,8.00,0.30
2008.01.02 17:06:37.626,1.6467,1.6469,8.00,0.30
2008.01.02 17:06:37.858,1.6467,1.6469,4.00,0.30
2008.01.02 17:06:38.091,1.64665,1.6469,0.80,0.30
2008.01.02 17:06:39.211,1.64665,1.6469,0.80,0.30
2008.01.02 17:06:39.510,1.64665,1.6469,0.80,0.30
2008.01.02 17:06:39.702,1.64665,1.64685,0.80,0.30
2008.01.02 17:06:39.915,1.64665,1.64685,0.80,0.30
2008.01.02 17:06:40.156,1.64665,1.64685,0.80,0.30
2008.01.02 17:06:40.365,1.64665,1.64685,0.80,0.30
2008.01.02 17:06:40.715,1.64665,1.64685,0.80,0.30
2008.01.02 17:06:40.989,1.64665,1.64685,0.80,0.30
2008.01.02 17:06:41.218,1.64665,1.6469,0.80,30.60
2008.01.02 17:06:41.400,1.6467,1.6469,6.40,31.40
2008.01.02 17:06:41.603,1.6467,1.6469,6.40,31.40
2008.01.02 17:06:42.136,1.6467,1.6469,8.80,29.00
2008.01.02 17:06:42.334,1.6467,1.6469,8.80,29.00
2008.01.02 17:06:42.552,1.6467,1.6469,8.80,29.00
2008.01.02 17:06:42.771,1.6467,1.6469,6.40,27.40
2008.01.02 17:06:42.989,1.6467,1.6469,10.40,27.40
2008.01.02 17:06:43.208,1.6467,1.6469,10.40,27.40
2008.01.02 17:06:43.476,1.6467,1.6469,10.40,31.40
2008.01.02 17:06:44.169,1.6467,1.6469,10.40,27.40
2008.01.02 17:06:44.383,1.6467,1.6469,10.40,27.40
2008.01.02 17:06:44.597,1.6467,1.6469,10.40,27.40
2008.01.02 17:06:44.810,1.6467,1.6469,10.40,27.40
2008.01.02 17:06:45.022,1.6467,1.6469,10.40,27.40
2008.01.02 17:06:45.237,1.6467,1.6469,10.40,31.40
2008.01.02 17:06:45.480,1.6467,1.6469,10.40,31.40
2008.01.02 17:06:45.731,1.6467,1.6469,10.40,31.40
2008.01.02 17:06:45.975,1.6467,1.6469,10.40,31.40
2008.01.02 17:06:46.219,1.6467,1.6469,10.40,27.40
2008.01.02 17:06:46.443,1.6467,1.6469,10.40,27.40
2008.01.02 17:06:46.679,1.6467,1.6469,10.40,25.00
2008.01.02 17:06:46.903,1.6467,1.6469,12.80,25.00
2008.01.02 17:06:47.125,1.6467,1.6469,13.60,25.00
2008.01.02 17:06:47.348,1.6467,1.6469,12.00,31.40
2008.01.02 17:06:47.576,1.6467,1.6469,12.00,31.40
2008.01.02 17:06:48.285,1.6467,1.6469,12.00,31.40
2008.01.02 17:06:49.736,1.6467,1.6469,12.00,31.40
2008.01.02 17:06:54.175,1.6468,1.6469,4.00,17.00
2008.01.02 17:06:54.379,1.6468,1.6469,4.00,6.60
2008.01.02 17:06:54.551,1.6468,1.6469,4.00,2.60
2008.01.02 17:06:54.725,1.6467,1.6469,25.80,13.00
2008.01.02 17:06:54.919,1.6467,1.6469,13.80,27.40
2008.01.02 17:06:55.091,1.6467,1.6469,12.00,27.40
2008.01.02 17:06:55.338,1.6467,1.6469,12.00,27.40
2008.01.02 17:06:55.518,1.6467,1.6469,12.00,27.40
2008.01.02 17:06:59.167,1.6467,1.6469,12.00,27.40
2008.01.02 17:07:02.987,1.6467,1.6469,11.20,27.40
2008.01.02 17:07:03.150,1.6467,1.6469,11.20,26.60
2008.01.02 17:07:03.314,1.6467,1.6469,10.40,30.60
2008.01.02 17:07:03.477,1.6467,1.6469,6.40,30.60
2008.01.02 17:07:03.810,1.6467,1.6469,6.40,31.40
2008.01.02 17:07:04.143,1.6467,1.6469,6.40,31.40
2008.01.02 17:07:04.476,1.6467,1.6469,6.40,27.40
2008.01.02 17:07:05.066,1.6467,1.6469,6.40,27.40
2008.01.02 17:07:05.264,1.6467,1.6469,6.40,27.40
2008.01.02 17:07:05.555,1.6467,1.6469,6.40,27.40
2008.01.02 17:07:05.849,1.6467,1.6469,12.80,29.00
2008.01.02 17:07:06.142,1.6467,1.6469,12.20,31.40
2008.01.02 17:07:06.435,1.6467,1.6469,12.20,31.40
2008.01.02 17:07:06.728,1.6467,1.6469,12.20,29.00
2008.01.02 17:07:06.982,1.6468,1.6469,4.00,2.60
2008.01.02 17:07:07.236,1.6467,1.6469,16.20,11.40
2008.01.02 17:07:07.489,1.6467,1.6469,16.20,22.60
2008.01.02 17:07:07.742,1.6467,1.6469,16.20,22.60
2008.01.02 17:07:08.051,1.6467,1.6469,16.20,22.60
2008.01.02 17:07:08.342,1.6467,1.6469,16.20,22.60
2008.01.02 17:07:08.594,1.6467,1.6469,16.20,22.60
2008.01.02 17:07:08.828,1.6467,1.6469,16.20,24.20
2008.01.02 17:07:09.071,1.6467,1.6469,16.20,25.00
2008.01.02 17:07:09.305,1.6467,1.6469,13.80,27.40
2008.01.02 17:07:09.537,1.6467,1.6469,13.80,27.40
2008.01.02 17:07:12.978,1.6467,1.6469,14.10,27.20
2008.01.02 17:07:13.206,1.6467,1.6469,16.40,24.80
2008.01.02 17:07:13.435,1.6467,1.6469,16.40,24.80
2008.01.02 17:07:13.486,1.6467,1.6469,5.00,24.80
2008.01.02 17:07:14.681,1.6468,1.6469,2.00,16.80
2008.01.02 17:07:14.879,1.64675,1.6469,4.80,6.40
2008.01.02 17:07:15.077,1.64675,1.6469,5.60,2.40
2008.01.02 17:07:15.276,1.6468,1.6469,0.70,3.20
2008.01.02 17:07:15.473,1.6467,1.6469,24.90,3.20
2008.01.02 17:07:15.671,1.6467,1.6469,24.90,3.40
2008.01.02 17:07:15.909,1.6467,1.6469,24.90,3.40
2008.01.02 17:07:16.148,1.6467,1.6469,23.10,3.40
2008.01.02 17:07:16.385,1.64665,1.6469,14.00,29.80
2008.01.02 17:07:16.623,1.6467,1.6469,3.70,29.80
2008.01.02 17:07:17.280,1.64665,1.6469,12.80,29.80
2008.01.02 17:07:17.673,1.6467,1.6469,2.50,32.20
2008.01.02 17:07:17.897,1.64665,1.6469,10.40,32.20
2008.01.02 17:07:18.142,1.6467,1.6469,2.80,33.00
2008.01.02 17:07:18.365,1.64665,1.6469,10.40,33.00
2008.01.02 17:07:18.588,1.6467,1.6469,1.90,33.00
2008.01.02 17:07:19.251,1.64665,1.6469,10.40,33.00
2008.01.02 17:07:19.685,1.64665,1.6469,10.40,37.00
2008.01.02 17:07:19.938,1.6466,1.64685,27.20,16.00
2008.01.02 17:07:20.152,1.6466,1.64685,27.20,16.00
2008.01.02 17:07:20.366,1.6467,1.6468,1.30,1.60
2008.01.02 17:07:20.578,1.6466,1.6468,23.20,1.60
2008.01.02 17:07:20.791,1.6466,1.6468,23.20,5.60
2008.01.02 17:07:21.054,1.6467,1.6468,0.50,4.80
2008.01.02 17:07:21.317,1.6466,1.6467,3.30,0.50
2008.01.02 17:07:21.580,1.6465,1.6467,41.00,0.50
2008.01.02 17:07:21.973,1.6466,1.6467,6.70,0.50
2008.01.02 17:07:22.241,1.6465,1.6467,38.60,0.50
2008.01.02 17:07:23.330,1.6465,1.6467,34.60,0.50
2008.01.02 17:07:24.250,1.6467,1.6468,0.80,4.00
2008.01.02 17:07:24.455,1.6467,1.64685,1.00,17.80
2008.01.02 17:07:24.658,1.6467,1.64685,1.10,17.60
2008.01.02 17:07:24.861,1.6467,1.64685,0.60,16.00
2008.01.02 17:07:25.250,1.6467,1.64685,0.60,16.00
2008.01.02 17:07:25.773,1.6467,1.64685,0.50,16.00
2008.01.02 17:07:26.022,1.6467,1.6468,0.90,4.00
2008.01.02 17:07:26.210,1.6467,1.6468,1.00,4.00
2008.01.02 17:07:26.398,1.6467,1.6468,0.80,4.00
2008.01.02 17:07:26.586,1.6467,1.6468,0.70,4.00
2008.01.02 17:07:26.774,1.6467,1.6468,0.70,4.00
2008.01.02 17:07:27.019,1.6467,1.6468,1.40,4.00
2008.01.02 17:07:27.323,1.6467,1.6468,1.10,4.00
2008.01.02 17:07:27.626,1.6467,1.6468,1.00,4.00
2008.01.02 17:07:29.708,1.6467,1.6468,1.00,4.00
2008.01.02 17:07:30.053,1.6467,1.6468,1.10,4.00
2008.01.02 17:07:30.275,1.6467,1.6468,0.90,4.00
2008.01.02 17:07:30.648,1.6467,1.6469,0.90,32.20
2008.01.02 17:07:30.871,1.6467,1.6469,0.50,29.80
2008.01.02 17:07:31.094,1.6467,1.6469,0.60,29.80
2008.01.02 17:07:31.327,1.6467,1.6468,0.50,4.00
2008.01.02 17:07:32.230,1.6467,1.6468,1.60,4.00
2008.01.02 17:07:32.825,1.6467,1.6468,1.10,4.00
2008.01.02 17:07:33.212,1.6467,1.6468,1.20,4.00
2008.01.02 17:07:33.445,1.6467,1.6468,0.90,4.00
2008.01.02 17:07:33.678,1.6467,1.6468,1.60,4.00
2008.01.02 17:07:33.911,1.6466,1.6467,2.00,4.20
2008.01.02 17:07:34.145,1.6465,1.6467,43.10,4.20
2008.01.02 17:07:34.398,1.6465,1.6467,19.10,4.20
2008.01.02 17:07:34.550,1.6465,1.64675,20.70,12.20
2008.01.02 17:07:34.651,1.6465,1.64675,17.50,13.00
2008.01.02 17:07:34.904,1.6464,1.6467,39.10,18.00
2008.01.02 17:07:35.158,1.6465,1.6466,0.50,0.60
2008.01.02 17:07:35.391,1.6464,1.6467,37.50,26.00
2008.01.02 17:07:35.624,1.6464,1.6467,37.50,24.40
2008.01.02 17:07:35.857,1.6464,1.6467,37.50,24.40
2008.01.02 17:07:36.283,1.6465,1.6466,0.60,0.80
2008.01.02 17:07:36.794,1.64645,1.6467,8.80,24.40
2008.01.02 17:07:37.005,1.6465,1.6466,0.70,0.90
2008.01.02 17:07:37.309,1.64645,1.6467,8.80,26.00
2008.01.02 17:07:37.626,1.64645,1.6467,8.80,26.00
2008.01.02 17:07:37.956,1.6465,1.6466,0.70,0.80
2008.01.02 17:07:38.254,1.64645,1.6467,8.80,27.80
2008.01.02 17:07:38.686,1.6465,1.6466,0.80,0.60
2008.01.02 17:07:38.964,1.6465,1.6466,0.70,0.80
2008.01.02 17:07:39.183,1.6465,1.6466,0.50,0.80
2008.01.02 17:07:39.421,1.6465,1.6466,0.60,0.90
2008.01.02 17:07:39.660,1.64645,1.6467,8.80,25.00
2008.01.02 17:07:39.899,1.64645,1.6467,16.80,11.40
2008.01.02 17:07:40.138,1.64645,1.6467,18.40,11.40
2008.01.02 17:07:40.377,1.6464,1.6467,39.90,11.40
2008.01.02 17:07:40.615,1.6465,1.6466,0.70,0.50
2008.01.02 17:07:40.854,1.6464,1.6467,39.90,11.40
2008.01.02 17:07:41.239,1.6464,1.6467,39.90,11.40
2008.01.02 17:07:42.063,1.6465,1.6466,0.70,0.70
2008.01.02 17:07:42.267,1.6464,1.6467,39.90,11.40
2008.01.02 17:07:42.586,1.6465,1.6466,12.00,0.50
2008.01.02 17:07:42.811,1.6465,1.6466,8.00,0.50
2008.01.02 17:07:43.034,1.6465,1.6467,2.40,34.60
2008.01.02 17:07:43.258,1.6464,1.6466,21.50,14.40
2008.01.02 17:07:43.480,1.6464,1.6465,21.50,0.90
2008.01.02 17:07:43.719,1.6464,1.6466,21.50,14.40
2008.01.02 17:07:43.963,1.6464,1.6466,20.00,14.40
2008.01.02 17:07:44.201,1.6464,1.6466,20.00,14.40
2008.01.02 17:07:44.438,1.6464,1.6466,20.00,14.40
2008.01.02 17:07:45.252,1.6464,1.64665,24.00,26.60
2008.01.02 17:07:45.491,1.6464,1.64665,25.50,22.60
2008.01.02 17:07:45.795,1.6464,1.6466,25.50,0.60
2008.01.02 17:07:46.013,1.6464,1.6466,25.50,0.80
2008.01.02 17:07:46.206,1.6464,1.64665,20.00,22.60
2008.01.02 17:07:46.399,1.6464,1.64665,20.00,22.60
2008.01.02 17:07:47.038,1.6464,1.64665,20.00,23.40
2008.01.02 17:07:47.307,1.6464,1.64665,20.00,23.40
2008.01.02 17:07:47.575,1.6464,1.64665,20.00,28.20
2008.01.02 17:07:47.791,1.6464,1.6466,20.00,0.50
2008.01.02 17:07:47.997,1.6464,1.64665,20.00,27.40
2008.01.02 17:07:48.288,1.6464,1.6466,20.00,0.80
2008.01.02 17:07:53.187,1.6464,1.64665,24.00,28.20
2008.01.02 17:07:53.409,1.6464,1.64665,24.00,24.20
2008.01.02 17:07:53.633,1.6464,1.64665,24.00,24.20
2008.01.02 17:07:53.835,1.6464,1.64665,20.00,24.20
2008.01.02 17:07:54.038,1.6464,1.64665,20.00,24.20
2008.01.02 17:07:54.501,1.6464,1.6466,20.00,0.60
2008.01.02 17:07:56.583,1.6464,1.64665,20.00,24.20
2008.01.02 17:07:58.653,1.6464,1.6466,24.00,0.80
2008.01.02 17:07:58.881,1.6464,1.64665,24.00,24.20
2008.01.02 17:07:59.170,1.6464,1.64665,24.00,24.20
2008.01.02 17:07:59.457,1.6464,1.6466,25.80,0.80
2008.01.02 17:07:59.767,1.6464,1.6466,25.80,0.70
2008.01.02 17:08:00.268,1.6464,1.64665,25.80,23.40
2008.01.02 17:08:01.199,1.6464,1.64665,24.00,23.40
2008.01.02 17:08:01.427,1.6464,1.64665,24.00,27.40
2008.01.02 17:08:02.232,1.6464,1.6466,25.80,10.40
2008.01.02 17:08:02.481,1.6464,1.6466,25.80,6.40
2008.01.02 17:08:02.964,1.6464,1.6466,24.00,6.40
2008.01.02 17:08:03.179,1.6464,1.6466,24.00,2.40
2008.01.02 17:08:03.392,1.6464,1.6466,24.00,2.40
2008.01.02 17:08:03.697,1.6464,1.6466,24.00,2.40
2008.01.02 17:08:03.910,1.6464,1.6466,24.00,2.40
2008.01.02 17:08:04.148,1.6464,1.6466,26.60,2.40
2008.01.02 17:08:04.386,1.6464,1.6466,25.80,6.40
2008.01.02 17:08:04.624,1.6464,1.6466,25.80,6.40
2008.01.02 17:08:04.862,1.6464,1.6466,20.00,6.40
2008.01.02 17:08:05.100,1.6464,1.6466,20.00,6.40
2008.01.02 17:08:05.379,1.6464,1.6466,20.00,6.40
2008.01.02 17:08:05.676,1.6464,1.6466,20.00,6.40
2008.01.02 17:08:06.058,1.6464,1.6466,20.00,6.40
2008.01.02 17:08:07.316,1.6464,1.6466,20.00,6.40
2008.01.02 17:08:08.759,1.6464,1.6466,20.00,14.40
2008.01.02 17:08:08.962,1.6464,1.6466,12.00,27.90
2008.01.02 17:08:09.165,1.6464,1.6466,12.00,27.90
2008.01.02 17:08:09.393,1.6464,1.6466,12.00,27.90
2008.01.02 17:08:09.711,1.6464,1.6466,12.00,26.40
2008.01.02 17:08:09.939,1.6464,1.6466,16.00,26.40
2008.01.02 17:08:10.718,1.6464,1.6466,16.00,18.40
2008.01.02 17:08:10.997,1.6464,1.6466,25.80,6.40
2008.01.02 17:08:11.275,1.6464,1.6466,25.80,6.40
2008.01.02 17:08:12.000,1.6464,1.6466,24.00,6.40
2008.01.02 17:08:12.261,1.6464,1.6466,24.00,6.40
2008.01.02 17:08:12.515,1.6464,1.6466,25.80,6.40
2008.01.02 17:08:14.286,1.6464,1.6466,25.80,6.40
2008.01.02 17:08:15.213,1.6464,1.6466,24.00,6.40
2008.01.02 17:08:15.317,1.6464,1.6466,20.00,6.40
2008.01.02 17:08:15.651,1.6464,1.6466,20.00,6.40
2008.01.02 17:08:16.014,1.6464,1.6466,20.00,10.40
2008.01.02 17:08:16.347,1.6464,1.6466,20.00,10.40
2008.01.02 17:08:16.572,1.6464,1.6466,20.00,10.40
2008.01.02 17:08:16.795,1.6464,1.6466,24.00,10.40
2008.01.02 17:08:17.071,1.6464,1.6466,25.80,10.40
2008.01.02 17:08:17.294,1.6465,1.6466,4.00,10.40
2008.01.02 17:08:17.617,1.6465,1.6466,4.00,6.40
2008.01.02 17:08:17.940,1.6464,1.6466,12.00,26.40
2008.01.02 17:08:18.263,1.6464,1.6466,16.00,18.40
2008.01.02 17:08:18.587,1.6464,1.6466,24.00,6.40
2008.01.02 17:08:18.824,1.6464,1.6466,24.00,6.40
2008.01.02 17:08:19.036,1.6464,1.6466,24.00,6.40
2008.01.02 17:08:19.243,1.6464,1.6466,24.00,6.40
2008.01.02 17:08:19.489,1.6464,1.6466,24.00,6.40
2008.01.02 17:08:19.787,1.6464,1.6466,13.60,8.80
2008.01.02 17:08:20.099,1.6464,1.6466,9.60,30.40
2008.01.02 17:08:20.398,1.6464,1.64655,5.60,0.80
2008.01.02 17:08:20.632,1.6464,1.64655,2.40,0.80
2008.01.02 17:08:20.877,1.6463,1.6465,13.60,12.00
2008.01.02 17:08:21.110,1.6463,1.6465,6.40,24.00
2008.01.02 17:08:21.344,1.6464,1.6465,6.40,8.00
2008.01.02 17:08:21.643,1.6464,1.6465,4.00,8.00
2008.01.02 17:08:21.941,1.6464,1.6466,6.40,31.40
2008.01.02 17:08:22.240,1.6464,1.6466,8.80,29.00
2008.01.02 17:08:22.538,1.6464,1.6466,8.80,29.00
2008.01.02 17:08:22.802,1.6464,1.6466,6.40,31.40
2008.01.02 17:08:23.066,1.6464,1.64655,6.40,0.30
2008.01.02 17:08:23.330,1.6464,1.64655,6.40,17.80
2008.01.02 17:08:23.615,1.6464,1.64655,6.40,17.80
2008.01.02 17:08:23.856,1.6464,1.64655,6.40,17.80
2008.01.02 17:08:24.236,1.6464,1.64655,6.40,17.80
2008.01.02 17:08:24.544,1.6464,1.64655,6.40,17.80
2008.01.02 17:08:25.066,1.6464,1.64655,6.40,17.80
2008.01.02 17:08:25.305,1.6464,1.6465,6.40,4.00
2008.01.02 17:08:25.695,1.6464,1.6465,4.00,6.40
2008.01.02 17:08:25.973,1.6464,1.6465,4.00,6.40
2008.01.02 17:08:26.251,1.6464,1.6465,6.40,4.00
2008.01.02 17:08:26.654,1.6464,1.6465,6.40,4.00
2008.01.02 17:08:26.862,1.6464,1.6466,6.40,35.40
2008.01.02 17:08:27.070,1.6464,1.6466,6.40,31.40
2008.01.02 17:08:27.279,1.6464,1.6466,2.40,32.20
2008.01.02 17:08:27.585,1.6464,1.6466,2.40,32.20
2008.01.02 17:08:31.262,1.6464,1.6466,2.40,32.20
2008.01.02 17:08:31.683,1.6464,1.6466,6.40,32.20
2008.01.02 17:08:31.887,1.6464,1.6466,2.40,32.20
2008.01.02 17:08:32.090,1.6464,1.6466,2.40,33.20
2008.01.02 17:08:32.293,1.6464,1.6466,2.40,34.00
2008.01.02 17:08:32.526,1.6464,1.6466,2.40,34.00
2008.01.02 17:08:33.634,1.6464,1.6466,6.40,34.00
2008.01.02 17:08:33.842,1.6464,1.6466,6.40,33.20
2008.01.02 17:08:34.159,1.6464,1.6466,2.40,33.20
2008.01.02 17:08:34.367,1.6464,1.6466,2.40,32.20
2008.01.02 17:08:34.745,1.6464,1.6466,2.40,32.20
2008.01.02 17:08:34.997,1.6464,1.6466,2.40,34.00
2008.01.02 17:08:35.782,1.6464,1.6466,2.40,34.00
2008.01.02 17:08:36.328,1.6464,1.64665,2.40,38.80
2008.01.02 17:08:36.724,1.6464,1.64665,2.40,38.00
2008.01.02 17:08:36.974,1.6464,1.64665,6.40,38.00
2008.01.02 17:08:37.227,1.6464,1.6466,6.40,34.00
2008.01.02 17:08:37.480,1.6463,1.6465,16.00,4.80
2008.01.02 17:08:37.733,1.6463,1.64655,12.00,12.20
2008.01.02 17:08:37.986,1.6463,1.6465,8.80,26.80
2008.01.02 17:08:38.249,1.6463,1.64645,4.80,17.00
2008.01.02 17:08:38.512,1.6463,1.6464,4.80,0.80
2008.01.02 17:08:38.775,1.6463,1.64645,6.40,21.60
2008.01.02 17:08:39.051,1.6463,1.6465,2.40,33.00
2008.01.02 17:08:39.326,1.6463,1.6464,4.00,0.60
2008.01.02 17:08:39.599,1.6463,1.64645,4.00,22.60
2008.01.02 17:08:39.874,1.6463,1.64645,6.40,0.70
2008.01.02 17:08:40.152,1.6463,1.64655,6.40,35.40
2008.01.02 17:08:40.429,1.6463,1.64655,8.80,33.00
2008.01.02 17:08:40.706,1.6463,1.64655,8.80,33.00
2008.01.02 17:08:41.005,1.6463,1.64655,10.40,33.00
2008.01.02 17:08:41.263,1.6464,1.64655,2.40,29.80
2008.01.02 17:08:41.541,1.6464,1.64655,2.40,21.80
2008.01.02 17:08:41.821,1.6464,1.64655,6.40,0.60
2008.01.02 17:08:42.099,1.6464,1.6467,6.40,62.80
2008.01.02 17:08:42.363,1.6464,1.64665,6.40,35.40
2008.01.02 17:08:42.783,1.6464,1.64665,6.40,35.40
2008.01.02 17:08:43.046,1.6464,1.6466,6.40,0.80
2008.01.02 17:08:43.308,1.6464,1.64665,6.40,35.40
2008.01.02 17:08:43.572,1.6464,1.6466,6.40,0.70
2008.01.02 17:08:44.263,1.6464,1.64665,6.40,35.40
2008.01.02 17:08:44.526,1.6464,1.6466,6.40,0.60
2008.01.02 17:08:44.806,1.6464,1.64665,6.40,35.40
2008.01.02 17:08:45.068,1.6464,1.64665,6.40,35.40
2008.01.02 17:08:46.051,1.6464,1.64665,6.40,35.40
2008.01.02 17:08:47.224,1.6464,1.6466,6.40,0.80
2008.01.02 17:08:47.513,1.6464,1.6466,2.40,0.50
2008.01.02 17:08:47.801,1.6464,1.64665,6.40,35.40
2008.01.02 17:08:48.477,1.6464,1.64665,6.40,35.40
2008.01.02 17:08:48.726,1.6464,1.64665,6.40,35.40
2008.01.02 17:08:48.973,1.6464,1.6466,6.40,0.60
2008.01.02 17:08:49.222,1.6464,1.64665,6.40,37.20
2008.01.02 17:08:49.735,1.6464,1.6466,6.40,0.80
2008.01.02 17:08:50.250,1.6464,1.64665,6.40,37.20
2008.01.02 17:08:50.484,1.6464,1.64665,6.40,37.20
2008.01.02 17:08:52.225,1.6464,1.6466,6.40,0.50
2008.01.02 17:08:52.710,1.6464,1.64655,2.40,0.80
2008.01.02 17:08:52.943,1.6464,1.6466,2.40,37.20
2008.01.02 17:08:53.176,1.6464,1.6466,2.40,41.20
2008.01.02 17:08:53.434,1.6464,1.64655,2.40,0.60
2008.01.02 17:08:53.692,1.6464,1.6466,6.40,41.20
2008.01.02 17:08:53.951,1.6464,1.6466,6.40,37.20
2008.01.02 17:08:54.209,1.6464,1.6467,8.80,61.60
2008.01.02 17:08:54.447,1.6464,1.64665,8.80,34.80
2008.01.02 17:08:54.685,1.6464,1.6466,6.40,0.50
2008.01.02 17:08:54.922,1.6464,1.6466,6.40,0.70
2008.01.02 17:08:55.160,1.6464,1.6466,6.40,0.50
2008.01.02 17:08:55.418,1.6464,1.6466,6.40,0.90
2008.01.02 17:08:55.999,1.6464,1.6466,6.40,0.70
2008.01.02 17:08:56.727,1.6464,1.64665,2.40,35.40
2008.01.02 17:08:56.935,1.6464,1.64665,2.40,35.40
2008.01.02 17:08:57.144,1.6464,1.6466,2.40,0.50
2008.01.02 17:08:57.352,1.6464,1.6466,2.40,0.50
2008.01.02 17:08:58.665,1.6464,1.6466,6.40,0.70
2008.01.02 17:08:59.052,1.6464,1.64665,6.40,37.20
2008.01.02 17:09:00.030,1.6464,1.64665,6.40,35.40
2008.01.02 17:09:00.310,1.6464,1.64665,6.40,35.40
2008.01.02 17:09:00.599,1.6464,1.6466,6.40,0.80
2008.01.02 17:09:00.846,1.6464,1.64665,6.40,35.40
2008.01.02 17:09:01.255,1.6464,1.64665,6.40,35.40
2008.01.02 17:09:02.637,1.6464,1.6466,6.40,0.50
2008.01.02 17:09:02.865,1.6464,1.6466,8.80,0.70
2008.01.02 17:09:03.115,1.6464,1.64665,8.80,33.00
2008.01.02 17:09:03.343,1.6464,1.64665,6.40,35.40
2008.01.02 17:09:03.680,1.6464,1.6466,6.40,0.70
2008.01.02 17:09:03.998,1.6464,1.64665,6.40,35.40
2008.01.02 17:09:04.316,1.6464,1.6466,6.40,0.90
2008.01.02 17:09:08.262,1.6464,1.6466,6.40,31.40
2008.01.02 17:09:08.999,1.6464,1.6466,6.40,31.40
2008.01.02 17:09:09.292,1.6464,1.6466,6.40,31.40
2008.01.02 17:09:09.721,1.6464,1.6466,6.40,31.40
2008.01.02 17:09:10.020,1.6464,1.6466,6.40,31.40
2008.01.02 17:09:11.291,1.6464,1.6466,6.40,31.40
2008.01.02 17:09:12.657,1.6464,1.6466,6.40,31.40
2008.01.02 17:09:16.053,1.6464,1.6466,6.40,31.40
2008.01.02 17:09:17.446,1.6464,1.64665,6.40,35.40
2008.01.02 17:09:20.303,1.6464,1.64665,6.40,35.40
2008.01.02 17:09:21.234,1.6464,1.64665,6.40,35.40
2008.01.02 17:09:21.559,1.6464,1.64665,6.40,35.40
2008.01.02 17:09:22.270,1.6464,1.64665,6.40,35.40
2008.01.02 17:09:22.583,1.6464,1.64665,6.40,33.00
2008.01.02 17:09:22.852,1.6464,1.64665,8.80,33.00
2008.01.02 17:09:23.615,1.6464,1.64665,6.40,35.40
2008.01.02 17:09:23.808,1.6464,1.6466,6.40,0.70
2008.01.02 17:09:24.021,1.6464,1.64665,8.80,33.00
2008.01.02 17:09:24.278,1.6464,1.6466,8.80,0.90
2008.01.02 17:09:24.470,1.6464,1.64665,6.40,33.00
2008.01.02 17:09:24.683,1.6464,1.6466,6.40,0.80
2008.01.02 17:09:24.896,1.6464,1.6466,6.40,0.70
2008.01.02 17:09:25.124,1.6464,1.64665,6.40,37.20
2008.01.02 17:09:25.352,1.6464,1.6466,6.40,0.90
2008.01.02 17:09:25.806,1.6464,1.6466,6.40,0.60
2008.01.02 17:09:25.993,1.6464,1.64665,6.40,35.40
2008.01.02 17:09:26.193,1.6464,1.64665,6.40,35.40
2008.01.02 17:09:26.380,1.6464,1.64665,6.40,31.40
2008.01.02 17:09:26.568,1.6464,1.6466,6.40,0.70
2008.01.02 17:09:26.756,1.6464,1.6466,8.80,0.60
2008.01.02 17:09:26.944,1.6464,1.6466,6.40,43.40
2008.01.02 17:09:27.279,1.6464,1.6466,6.40,43.40
2008.01.02 17:09:27.612,1.6464,1.64665,6.40,37.20
2008.01.02 17:09:27.945,1.6464,1.6466,6.40,0.80
2008.01.02 17:09:28.163,1.6464,1.64665,6.40,37.20
2008.01.02 17:09:28.381,1.6464,1.64665,2.40,37.20
2008.01.02 17:09:28.748,1.6464,1.64665,2.40,37.20
2008.01.02 17:09:29.023,1.6464,1.64665,2.40,35.40
2008.01.02 17:09:29.544,1.6464,1.6466,2.40,0.50
2008.01.02 17:09:30.015,1.6464,1.6466,2.40,0.90
2008.01.02 17:09:30.193,1.6464,1.64665,4.80,34.80
2008.01.02 17:09:30.371,1.6464,1.6466,2.40,0.80
2008.01.02 17:09:31.131,1.6464,1.6466,6.40,0.80
2008.01.02 17:09:31.409,1.6464,1.6466,6.40,0.80
2008.01.02 17:09:31.732,1.6464,1.64665,6.40,37.20
2008.01.02 17:09:32.011,1.6464,1.6466,6.40,0.80
2008.01.02 17:09:32.274,1.6464,1.6466,6.40,0.60
2008.01.02 17:09:33.329,1.6464,1.64665,6.40,37.20
2008.01.02 17:09:34.034,1.6464,1.6466,6.40,0.80
2008.01.02 17:09:34.750,1.6464,1.64665,2.40,37.20
2008.01.02 17:09:35.071,1.6464,1.64665,2.40,37.20
2008.01.02 17:09:35.365,1.6464,1.64665,2.40,37.20
2008.01.02 17:09:36.319,1.6464,1.6466,2.40,0.60
2008.01.02 17:09:36.537,1.6464,1.6466,2.40,0.60
2008.01.02 17:09:36.755,1.6464,1.64665,6.40,37.20
2008.01.02 17:09:36.973,1.6464,1.64665,6.40,37.20
2008.01.02 17:09:39.019,1.6464,1.64665,6.40,37.20
2008.01.02 17:09:39.172,1.6464,1.6466,6.40,35.40
2008.01.02 17:09:39.400,1.6463,1.6465,14.40,16.80
2008.01.02 17:09:39.628,1.6463,1.6464,10.40,0.90
2008.01.02 17:09:39.856,1.6463,1.64635,4.00,0.80
2008.01.02 17:09:40.085,1.6462,1.64635,3.20,0.80
2008.01.02 17:09:40.313,1.6462,1.6464,5.60,32.80
2008.01.02 17:09:40.621,1.6462,1.6464,8.00,30.40
2008.01.02 17:09:40.929,1.6463,1.64645,4.00,28.00
2008.01.02 17:09:41.237,1.6463,1.64645,4.00,24.20
2008.01.02 17:09:41.474,1.6463,1.6464,4.00,0.90
2008.01.02 17:09:41.707,1.6463,1.64645,4.00,24.00
2008.01.02 17:09:41.942,1.6463,1.6464,4.00,0.80
2008.01.02 17:09:42.175,1.6463,1.6465,4.00,30.60
2008.01.02 17:09:42.443,1.6463,1.64645,4.00,0.30
2008.01.02 17:09:42.711,1.6462,1.6465,27.40,0.80
2008.01.02 17:09:42.979,1.6462,1.6465,15.40,0.50
2008.01.02 17:09:43.247,1.6462,1.64655,23.40,4.30
2008.01.02 17:09:43.496,1.6462,1.6466,23.40,40.50
2008.01.02 17:09:43.744,1.6462,1.6466,23.40,44.50
2008.01.02 17:09:43.992,1.6462,1.6465,23.40,0.30
2008.01.02 17:09:44.240,1.6462,1.6466,23.40,44.50
2008.01.02 17:09:44.648,1.6462,1.6466,23.40,45.30
2008.01.02 17:09:44.952,1.6462,1.6466,21.60,45.30
2008.01.02 17:09:45.220,1.6462,1.6466,20.80,45.30
2008.01.02 17:09:45.393,1.6462,1.64655,12.80,12.20
2008.01.02 17:09:45.566,1.6462,1.6465,12.80,4.20
2008.01.02 17:09:45.739,1.6462,1.6465,13.60,4.20
2008.01.02 17:09:45.912,1.6462,1.6465,13.60,4.20
2008.01.02 17:09:46.084,1.6462,1.6465,13.60,4.20
2008.01.02 17:09:46.257,1.6462,1.6465,21.60,4.20
2008.01.02 17:09:46.591,1.6462,1.6465,21.60,0.30
2008.01.02 17:09:47.035,1.6462,1.6465,21.60,0.30
2008.01.02 17:09:47.372,1.6462,1.6465,13.60,4.20
2008.01.02 17:09:47.716,1.6462,1.6465,13.60,4.20
2008.01.02 17:09:47.889,1.6462,1.6465,23.40,4.20
2008.01.02 17:09:48.070,1.6462,1.6465,21.60,0.30
2008.01.02 17:09:48.244,1.6462,1.6464,16.80,12.00
2008.01.02 17:09:48.577,1.6462,1.6464,4.80,20.00
2008.01.02 17:09:48.911,1.6462,1.6464,12.80,12.00
2008.01.02 17:09:49.244,1.6462,1.6465,12.80,24.20
2008.01.02 17:09:49.457,1.6462,1.6465,12.80,12.20
2008.01.02 17:09:49.677,1.6462,1.6465,14.40,4.00
2008.01.02 17:09:49.890,1.6462,1.6465,26.40,4.00
2008.01.02 17:09:50.104,1.6463,1.6465,2.40,4.00
2008.01.02 17:09:50.317,1.6463,1.6465,4.80,4.00
2008.01.02 17:09:50.611,1.6463,1.6465,4.80,4.00
2008.01.02 17:09:50.903,1.6463,1.64655,8.80,0.30
2008.01.02 17:09:51.197,1.6463,1.64655,8.80,0.30
2008.01.02 17:09:51.491,1.6463,1.64655,8.80,0.30
2008.01.02 17:09:51.709,1.6463,1.64655,8.80,0.30
2008.01.02 17:09:52.046,1.6463,1.6465,8.80,1.80
2008.01.02 17:09:52.266,1.6463,1.64645,4.80,8.00
2008.01.02 17:09:52.482,1.6463,1.64645,4.80,16.00
2008.01.02 17:09:52.711,1.6463,1.64645,4.80,16.00
2008.01.02 17:09:52.940,1.6463,1.64645,4.80,16.00
2008.01.02 17:09:53.168,1.6463,1.64645,4.80,16.00
2008.01.02 17:09:53.396,1.6463,1.64655,8.80,0.30
2008.01.02 17:09:53.690,1.6463,1.64655,8.80,0.30
2008.01.02 17:09:53.999,1.6463,1.64655,8.80,0.30
2008.01.02 17:09:54.460,1.6463,1.64655,8.80,0.30
2008.01.02 17:09:55.275,1.6463,1.64655,8.80,0.30
2008.01.02 17:09:56.532,1.6463,1.64655,8.80,0.30
2008.01.02 17:09:57.105,1.6463,1.64655,8.80,0.30
2008.01.02 17:09:57.268,1.6463,1.64655,12.80,0.30
2008.01.02 17:09:58.981,1.6463,1.64655,12.80,0.30
2008.01.02 17:09:59.128,1.6463,1.64655,12.80,0.30
2008.01.02 17:10:00.861,1.6463,1.64655,12.80,0.30
2008.01.02 17:10:01.025,1.6463,1.64655,12.80,0.30
2008.01.02 17:10:01.187,1.6463,1.6466,12.80,30.00
2008.01.02 17:10:01.350,1.6463,1.6466,12.80,30.00
2008.01.02 17:10:01.813,1.6463,1.6466,12.80,30.00
2008.01.02 17:10:02.260,1.6463,1.6466,12.80,30.00
2008.01.02 17:10:04.081,1.6463,1.6466,12.80,30.00
2008.01.02 17:10:04.285,1.6463,1.64655,12.80,0.30
2008.01.02 17:10:04.999,1.6463,1.64655,12.80,0.30
2008.01.02 17:10:05.207,1.6463,1.64655,12.80,0.30
2008.01.02 17:10:05.417,1.6463,1.64655,12.80,0.30
2008.01.02 17:10:05.587,1.6462,1.64655,45.00,0.30
2008.01.02 17:10:06.278,1.6462,1.64655,45.00,0.30
2008.01.02 17:10:07.308,1.6463,1.64655,2.40,0.30
2008.01.02 17:10:09.374,1.64625,1.64655,17.60,0.30
2008.01.02 17:10:09.568,1.64625,1.64655,17.60,0.30
2008.01.02 17:10:09.984,1.6463,1.64655,6.60,0.30
2008.01.02 17:10:10.152,1.6463,1.64655,3.50,0.30
2008.01.02 17:10:11.034,1.6463,1.64655,5.40,0.30
2008.01.02 17:10:11.733,1.64625,1.64655,16.80,0.30
2008.01.02 17:10:11.910,1.6463,1.64655,6.70,0.30
2008.01.02 17:10:12.095,1.6463,1.64655,4.40,0.30
2008.01.02 17:10:12.334,1.6463,1.64655,2.30,0.30
2008.01.02 17:10:12.673,1.64625,1.64655,16.80,0.30
2008.01.02 17:10:12.851,1.64625,1.64655,16.80,0.30
2008.01.02 17:10:13.100,1.6463,1.64655,3.90,0.30
2008.01.02 17:10:13.349,1.6463,1.64655,0.50,0.30
2008.01.02 17:10:13.597,1.64625,1.64655,16.80,0.30
2008.01.02 17:10:13.846,1.6463,1.64655,4.50,0.30
2008.01.02 17:10:14.079,1.6463,1.64655,4.20,0.30
2008.01.02 17:10:14.811,1.6463,1.64655,2.40,0.30
2008.01.02 17:10:15.063,1.6463,1.64655,0.60,0.30
2008.01.02 17:10:15.316,1.64625,1.64655,12.80,0.30
2008.01.02 17:10:16.059,1.64625,1.64655,12.80,0.30
2008.01.02 17:10:16.719,1.6463,1.6465,1.90,1.80
2008.01.02 17:10:16.958,1.64625,1.6465,12.80,1.80
2008.01.02 17:10:17.255,1.6463,1.6465,2.30,1.80
2008.01.02 17:10:17.524,1.6463,1.6465,0.70,9.80
2008.01.02 17:10:17.772,1.64625,1.6465,8.80,9.80
2008.01.02 17:10:18.021,1.6463,1.6465,4.30,1.80
2008.01.02 17:10:18.279,1.64625,1.6465,12.80,1.80
2008.01.02 17:10:18.537,1.6463,1.6465,1.90,1.80
2008.01.02 17:10:18.806,1.64625,1.6465,8.80,4.00
2008.01.02 17:10:19.067,1.6463,1.6465,2.00,5.80
2008.01.02 17:10:19.326,1.64625,1.6465,12.80,5.80
2008.01.02 17:10:19.586,1.64625,1.6465,12.80,5.80
2008.01.02 17:10:21.252,1.6463,1.6465,1.90,5.80
2008.01.02 17:10:21.714,1.64625,1.6465,8.80,5.80
2008.01.02 17:10:21.971,1.64625,1.6465,8.80,5.80
2008.01.02 17:10:22.500,1.64625,1.6465,8.80,5.80
2008.01.02 17:10:22.756,1.6463,1.6465,1.80,9.80
2008.01.02 17:10:23.005,1.6463,1.64645,2.30,16.00
2008.01.02 17:10:23.233,1.6463,1.64645,1.10,16.00
2008.01.02 17:10:23.463,1.6462,1.64645,40.80,8.00
2008.01.02 17:10:23.691,1.6462,1.6465,44.80,5.80
2008.01.02 17:10:23.918,1.6462,1.6465,44.80,5.80
2008.01.02 17:10:24.213,1.6463,1.6465,0.80,4.00
2008.01.02 17:10:24.508,1.6462,1.6465,40.80,4.00
2008.01.02 17:10:24.801,1.64625,1.6465,8.80,4.00
2008.01.02 17:10:25.213,1.64625,1.6465,12.80,4.00
2008.01.02 17:10:25.453,1.64625,1.6465,12.80,4.00
2008.01.02 17:10:26.009,1.6463,1.6465,2.10,4.00
2008.01.02 17:10:26.217,1.64625,1.6465,12.80,4.00
2008.01.02 17:10:29.309,1.64625,1.6465,12.80,4.00
2008.01.02 17:10:33.757,1.6463,1.6465,12.80,4.00
2008.01.02 17:10:34.065,1.6463,1.64655,12.80,0.30
2008.01.02 17:10:34.374,1.6463,1.64655,8.80,0.30
2008.01.02 17:10:34.607,1.6463,1.64655,8.80,0.30
2008.01.02 17:10:34.840,1.6463,1.64655,8.80,0.30
2008.01.02 17:10:35.074,1.6463,1.64655,8.80,0.30
2008.01.02 17:10:35.307,1.6463,1.64655,12.80,0.30
2008.01.02 17:10:36.020,1.6463,1.64655,12.80,0.30
2008.01.02 17:10:36.318,1.6463,1.64655,4.80,8.20
2008.01.02 17:10:36.537,1.6463,1.6465,4.80,4.00
2008.01.02 17:10:37.180,1.6463,1.6465,8.80,4.00
2008.01.02 17:10:37.559,1.6463,1.6465,8.80,4.00
2008.01.02 17:10:37.861,1.6463,1.6465,8.80,4.00
2008.01.02 17:10:38.165,1.6463,1.6465,8.80,4.00
2008.01.02 17:10:38.469,1.6463,1.6465,4.80,4.00
2008.01.02 17:10:38.703,1.6463,1.6465,4.80,4.00
2008.01.02 17:10:39.222,1.6463,1.6465,8.80,4.00
2008.01.02 17:10:39.454,1.6463,1.6465,8.80,4.00
2008.01.02 17:10:42.001,1.6463,1.6465,8.80,4.00
2008.01.02 17:10:42.311,1.6463,1.6465,8.80,4.00
2008.01.02 17:10:43.030,1.6463,1.6465,8.80,4.00
2008.01.02 17:10:46.473,1.6463,1.6465,8.80,4.00
2008.01.02 17:10:49.618,1.6463,1.6465,8.80,4.00
2008.01.02 17:10:49.831,1.6463,1.6465,8.80,4.00
2008.01.02 17:10:50.045,1.6463,1.64655,20.00,16.00
2008.01.02 17:10:50.271,1.6464,1.64655,4.80,16.00
2008.01.02 17:10:50.640,1.6464,1.6465,2.40,4.00
2008.01.02 17:10:50.893,1.6463,1.6465,8.00,16.00
2008.01.02 17:10:51.147,1.6463,1.6465,8.00,24.00
2008.01.02 17:10:51.400,1.6464,1.6465,6.40,8.00
2008.01.02 17:10:51.652,1.6464,1.6466,6.40,29.00
2008.01.02 17:10:51.966,1.6464,1.6466,6.40,29.00
2008.01.02 17:10:52.230,1.6464,1.6466,6.40,29.00
2008.01.02 17:10:52.493,1.6464,1.64655,2.40,16.00
2008.01.02 17:10:52.755,1.6464,1.64655,2.40,16.00
2008.01.02 17:10:53.350,1.6464,1.64655,2.40,16.00
2008.01.02 17:10:53.608,1.6464,1.64655,2.40,16.00
2008.01.02 17:10:53.852,1.6464,1.64655,6.40,8.00
2008.01.02 17:10:54.096,1.6464,1.6466,6.40,29.00
2008.01.02 17:10:54.340,1.6464,1.64655,2.40,8.00
2008.01.02 17:10:54.582,1.6464,1.64655,2.40,16.00
2008.01.02 17:10:54.827,1.6463,1.6465,20.80,4.00
2008.01.02 17:10:55.070,1.6463,1.6465,20.80,4.00
2008.01.02 17:10:55.314,1.6464,1.64655,2.40,8.00
2008.01.02 17:10:55.558,1.6464,1.6466,2.40,29.00
2008.01.02 17:10:55.691,1.6464,1.6466,2.40,0.70
2008.01.02 17:10:55.801,1.6464,1.6466,2.40,0.60
2008.01.02 17:10:56.221,1.6464,1.64665,2.40,33.80
2008.01.02 17:10:56.636,1.6464,1.64665,2.40,33.80
2008.01.02 17:10:57.056,1.6464,1.6466,2.40,0.90
2008.01.02 17:10:57.642,1.64635,1.6466,4.00,0.50
2008.01.02 17:10:57.816,1.64635,1.6466,4.00,45.00
2008.01.02 17:10:57.990,1.64635,1.6465,4.00,0.80
2008.01.02 17:10:58.162,1.6464,1.6466,2.40,46.90
2008.01.02 17:10:58.336,1.6464,1.6465,2.40,0.70
2008.01.02 17:10:58.509,1.6464,1.64665,2.40,34.60
2008.01.02 17:10:58.684,1.6464,1.64665,8.80,31.40
2008.01.02 17:10:59.024,1.6464,1.64665,8.80,30.60
2008.01.02 17:10:59.357,1.6464,1.64665,6.40,33.00
2008.01.02 17:10:59.690,1.6464,1.6466,6.40,0.80
2008.01.02 17:11:01.723,1.6464,1.64665,6.40,33.00
2008.01.02 17:11:03.161,1.6464,1.64665,6.40,33.00
2008.01.02 17:11:03.913,1.6464,1.64665,6.40,33.00
2008.01.02 17:11:04.202,1.6464,1.6466,6.40,0.90
2008.01.02 17:11:04.427,1.6464,1.6466,6.40,0.50
2008.01.02 17:11:04.649,1.6464,1.6466,6.40,0.70
2008.01.02 17:11:04.842,1.6464,1.64665,6.40,33.00
2008.01.02 17:11:05.095,1.6464,1.64665,6.40,33.00
2008.01.02 17:11:05.804,1.6464,1.64665,2.40,33.00
2008.01.02 17:11:06.012,1.6464,1.64665,2.40,33.00
2008.01.02 17:11:06.221,1.6464,1.6466,2.40,0.90
2008.01.02 17:11:06.429,1.6464,1.64665,2.40,33.00
2008.01.02 17:11:06.733,1.6464,1.64665,8.80,30.60
2008.01.02 17:11:06.942,1.6464,1.6466,8.80,0.60
2008.01.02 17:11:07.438,1.6464,1.64665,6.40,33.00
2008.01.02 17:11:07.732,1.6464,1.64665,6.40,33.00
2008.01.02 17:11:12.176,1.6464,1.64665,6.40,33.00
2008.01.02 17:11:12.399,1.6464,1.64665,2.40,33.00
2008.01.02 17:11:13.124,1.6464,1.64665,2.40,33.00
2008.01.02 17:11:16.140,1.6464,1.64665,2.40,33.00
2008.01.02 17:11:16.470,1.6464,1.64665,2.40,33.00
2008.01.02 17:11:16.688,1.6464,1.64665,2.40,33.00
2008.01.02 17:11:19.808,1.6464,1.64665,6.40,32.80
2008.01.02 17:11:20.091,1.6464,1.64665,6.40,32.80
2008.01.02 17:11:22.161,1.6464,1.6466,6.40,0.60
2008.01.02 17:11:22.492,1.6464,1.64665,6.40,32.80
2008.01.02 17:11:23.698,1.6464,1.6466,8.80,26.40
2008.01.02 17:11:23.916,1.6464,1.6466,8.80,26.40
2008.01.02 17:11:24.134,1.6464,1.6466,8.80,26.40
2008.01.02 17:11:24.432,1.6464,1.6466,8.80,26.40
2008.01.02 17:11:24.753,1.6464,1.6466,6.40,26.40
2008.01.02 17:11:24.946,1.6464,1.6466,6.40,28.80
2008.01.02 17:11:25.139,1.6464,1.6466,6.40,28.80
2008.01.02 17:11:32.135,1.6464,1.6466,4.00,22.40
2008.01.02 17:11:32.422,1.64635,1.6466,4.00,22.40
2008.01.02 17:11:32.601,1.64635,1.64655,4.00,0.30
2008.01.02 17:11:32.799,1.64635,1.6465,4.00,4.00
2008.01.02 17:11:32.997,1.6463,1.6465,26.60,4.00
2008.01.02 17:11:33.223,1.6464,1.6465,4.00,4.00
2008.01.02 17:11:33.421,1.6464,1.6465,4.00,6.40
2008.01.02 17:11:33.697,1.6464,1.6465,4.00,6.40
2008.01.02 17:11:33.984,1.6464,1.6465,4.00,6.40
2008.01.02 17:11:34.314,1.6464,1.6465,6.40,4.00
2008.01.02 17:11:38.764,1.6464,1.6465,8.80,4.00
2008.01.02 17:11:39.032,1.6464,1.6465,8.80,4.00
2008.01.02 17:11:39.301,1.6464,1.6465,6.40,4.00
2008.01.02 17:11:40.838,1.6464,1.6465,4.00,6.40
2008.01.02 17:11:41.155,1.6464,1.6465,6.40,4.00
2008.01.02 17:11:42.129,1.6464,1.6465,8.80,4.00
2008.01.02 17:11:42.292,1.6464,1.6465,6.40,4.00
2008.01.02 17:11:42.469,1.6464,1.6465,6.40,4.00
2008.01.02 17:11:46.463,1.6464,1.6465,6.40,4.00
2008.01.02 17:11:48.206,1.6464,1.6465,2.40,12.00
2008.01.02 17:11:48.365,1.6463,1.6465,16.00,12.00
2008.01.02 17:11:48.538,1.6463,1.6465,12.00,24.00
2008.01.02 17:11:48.696,1.6463,1.6465,9.60,26.40
2008.01.02 17:11:49.016,1.6463,1.64645,3.20,16.00
2008.01.02 17:11:49.314,1.6462,1.6464,14.60,6.60
2008.01.02 17:11:49.612,1.6462,1.6464,8.80,26.60
2008.01.02 17:11:49.837,1.6462,1.6465,8.80,49.80
2008.01.02 17:11:49.909,1.6462,1.6464,8.80,26.60
2008.01.02 17:11:50.123,1.6462,1.6464,8.80,26.60
2008.01.02 17:11:50.336,1.6462,1.6464,4.80,26.60
2008.01.02 17:11:50.548,1.6462,1.6464,4.80,26.60
2008.01.02 17:11:50.761,1.6462,1.6464,4.80,26.60
2008.01.02 17:11:51.149,1.6462,1.6464,4.80,26.60
2008.01.02 17:11:51.592,1.6462,1.6463,4.80,0.30
2008.01.02 17:11:51.870,1.64615,1.6463,4.00,0.30
2008.01.02 17:11:52.069,1.64615,1.6463,4.00,0.30
2008.01.02 17:11:52.267,1.646,1.6463,25.00,0.30
2008.01.02 17:11:52.687,1.646,1.6463,23.40,0.30
2008.01.02 17:11:52.960,1.646,1.6463,23.40,0.30
2008.01.02 17:11:53.619,1.6461,1.6463,0.80,0.30
2008.01.02 17:11:53.944,1.6461,1.6463,0.80,0.30
2008.01.02 17:11:54.127,1.6461,1.64635,0.80,0.30
2008.01.02 17:11:54.310,1.6461,1.64635,4.00,0.30
2008.01.02 17:11:54.493,1.6461,1.64635,4.00,0.30
2008.01.02 17:11:54.696,1.6461,1.6463,4.00,0.30
2008.01.02 17:11:54.860,1.646,1.6463,29.20,0.30
2008.01.02 17:11:55.193,1.646,1.6463,25.20,0.30
2008.01.02 17:11:55.528,1.646,1.6463,23.60,0.30
2008.01.02 17:11:55.895,1.646,1.6463,27.60,0.30
2008.01.02 17:11:56.122,1.646,1.6463,25.80,0.30
2008.01.02 17:11:56.350,1.646,1.6463,25.60,0.30
2008.01.02 17:11:56.579,1.646,1.6463,21.60,0.30
2008.01.02 17:11:57.150,1.646,1.6463,21.60,0.30
2008.01.02 17:11:57.461,1.646,1.6463,21.60,0.30
2008.01.02 17:11:57.724,1.646,1.6463,21.60,0.30
2008.01.02 17:11:57.987,1.646,1.6463,21.70,0.30
2008.01.02 17:11:58.395,1.646,1.6463,21.70,0.30
2008.01.02 17:11:58.608,1.646,1.6463,21.60,0.30
2008.01.02 17:11:58.821,1.646,1.6462,9.60,12.00
2008.01.02 17:11:59.044,1.646,1.6462,11.40,24.00
2008.01.02 17:11:59.268,1.646,1.6462,11.40,24.00
2008.01.02 17:11:59.491,1.646,1.6462,11.40,24.00
2008.01.02 17:12:00.169,1.646,1.6462,11.40,24.00
2008.01.02 17:12:00.417,1.646,1.6462,23.40,8.00
2008.01.02 17:12:00.666,1.646,1.6463,23.40,0.30
2008.01.02 17:12:01.711,1.646,1.6463,23.40,0.30
2008.01.02 17:12:04.390,1.646,1.6463,23.40,0.30
2008.01.02 17:12:05.042,1.646,1.6463,21.60,0.30
2008.01.02 17:12:05.290,1.646,1.6463,21.60,0.30
2008.01.02 17:12:05.636,1.646,1.6463,21.60,0.30
2008.01.02 17:12:05.949,1.646,1.6463,21.60,0.30
2008.01.02 17:12:14.128,1.646,1.6463,21.60,0.30
2008.01.02 17:12:14.441,1.646,1.6463,21.60,0.30
2008.01.02 17:12:16.664,1.646,1.6463,21.60,0.30
2008.01.02 17:12:16.905,1.64595,1.6463,25.60,0.30
2008.01.02 17:12:20.687,1.646,1.6463,21.60,0.30
2008.01.02 17:12:20.879,1.646,1.6463,15.40,0.30
2008.01.02 17:12:21.073,1.646,1.6463,15.40,4.20
2008.01.02 17:12:21.266,1.646,1.6463,15.40,4.20
2008.01.02 17:12:21.460,1.646,1.6463,15.40,4.20
2008.01.02 17:12:21.961,1.646,1.6463,15.40,4.20
2008.01.02 17:12:22.209,1.646,1.6463,15.40,4.20
2008.01.02 17:12:23.195,1.646,1.6463,15.40,4.20
2008.01.02 17:12:24.006,1.646,1.6463,15.40,4.20
2008.01.02 17:12:24.194,1.646,1.6463,13.60,6.00
2008.01.02 17:12:27.965,1.646,1.6463,13.60,5.80
2008.01.02 17:12:28.212,1.646,1.6463,13.60,6.00
2008.01.02 17:12:29.549,1.646,1.6463,13.60,5.80
2008.01.02 17:12:29.803,1.6461,1.64635,12.00,16.00
2008.01.02 17:12:29.986,1.6461,1.64635,15.20,16.00
2008.01.02 17:12:30.169,1.6462,1.64635,2.40,16.00
2008.01.02 17:12:30.352,1.6462,1.64635,2.40,8.00
2008.01.02 17:12:30.535,1.6462,1.6464,2.40,33.20
2008.01.02 17:12:30.718,1.6462,1.6464,2.40,33.20
2008.01.02 17:12:31.052,1.6462,1.6463,2.40,2.00
2008.01.02 17:12:31.386,1.6461,1.6463,4.00,0.30
2008.01.02 17:12:31.718,1.646,1.6463,23.20,0.30
2008.01.02 17:12:31.901,1.646,1.6463,21.60,0.30
2008.01.02 17:12:32.228,1.646,1.6463,21.60,0.30
2008.01.02 17:12:32.442,1.646,1.6463,21.60,0.30
2008.01.02 17:12:32.958,1.646,1.6463,21.60,0.30
2008.01.02 17:12:33.463,1.646,1.6463,21.60,0.30
2008.01.02 17:12:34.087,1.646,1.6463,21.60,0.30
2008.01.02 17:12:34.261,1.646,1.6463,21.60,0.30
2008.01.02 17:12:34.434,1.646,1.6463,13.70,4.20
2008.01.02 17:12:34.607,1.646,1.6463,13.70,4.20
2008.01.02 17:12:34.780,1.646,1.6463,21.70,4.20
2008.01.02 17:12:35.039,1.646,1.6463,21.60,0.30
2008.01.02 17:12:35.940,1.646,1.6463,21.60,0.30
2008.01.02 17:12:36.209,1.646,1.6463,21.60,0.30
2008.01.02 17:12:36.412,1.646,1.6463,13.60,4.20
2008.01.02 17:12:36.615,1.646,1.6463,13.60,4.20
2008.01.02 17:12:37.303,1.646,1.6463,13.60,4.20
2008.01.02 17:12:37.710,1.646,1.6463,13.60,4.20
2008.01.02 17:12:37.974,1.64595,1.6463,17.60,4.20
2008.01.02 17:12:38.232,1.646,1.6463,4.20,4.20
2008.01.02 17:12:38.425,1.64595,1.6463,25.60,4.20
2008.01.02 17:12:38.618,1.646,1.6463,1.60,0.30
2008.01.02 17:12:38.812,1.646,1.6463,6.30,0.30
2008.01.02 17:12:39.005,1.646,1.6463,4.20,4.20
2008.01.02 17:12:39.263,1.64595,1.6462,17.60,4.00
2008.01.02 17:12:39.531,1.646,1.6462,0.60,20.00
2008.01.02 17:12:39.788,1.64595,1.6462,8.80,24.00
2008.01.02 17:12:41.175,1.64595,1.6462,12.80,16.00
2008.01.02 17:12:41.353,1.646,1.6462,2.90,8.00
2008.01.02 17:12:41.532,1.646,1.6463,5.10,6.00
2008.01.02 17:12:41.729,1.64595,1.6463,16.80,6.00
2008.01.02 17:12:42.074,1.64595,1.6463,16.80,4.20
2008.01.02 17:12:42.576,1.64595,1.6463,16.80,4.20
2008.01.02 17:12:42.809,1.64595,1.6463,16.80,4.20
2008.01.02 17:12:43.042,1.646,1.6463,4.60,4.20
2008.01.02 17:12:43.231,1.64595,1.6463,16.80,4.20
2008.01.02 17:12:44.139,1.64595,1.6463,16.80,4.20
2008.01.02 17:12:46.249,1.64595,1.6463,16.80,4.20
2008.01.02 17:12:46.454,1.64595,1.6463,16.80,4.20
2008.01.02 17:12:46.955,1.646,1.6463,1.90,6.00
2008.01.02 17:12:47.377,1.64595,1.6463,17.60,6.00
2008.01.02 17:12:48.180,1.646,1.6463,5.30,6.00
2008.01.02 17:12:48.381,1.646,1.6463,1.60,6.00
2008.01.02 17:12:51.100,1.64595,1.6463,16.80,6.00
2008.01.02 17:12:51.298,1.64595,1.6462,16.80,4.00
2008.01.02 17:12:51.496,1.646,1.6462,2.00,4.00
2008.01.02 17:12:51.733,1.64595,1.6462,12.80,4.00
2008.01.02 17:12:51.931,1.64595,1.6462,12.80,16.00
2008.01.02 17:12:52.150,1.646,1.6462,2.10,24.00
2008.01.02 17:12:52.408,1.64595,1.6462,17.60,8.00
2008.01.02 17:12:52.674,1.64595,1.6463,17.60,6.00
2008.01.02 17:12:53.680,1.64595,1.6463,17.60,6.00
2008.01.02 17:12:53.894,1.646,1.6463,5.20,6.00
2008.01.02 17:12:54.103,1.646,1.6463,3.70,6.00
2008.01.02 17:12:54.360,1.64595,1.6463,17.60,6.00
2008.01.02 17:12:54.619,1.64595,1.6463,17.60,6.00
2008.01.02 17:12:54.878,1.64595,1.6463,17.60,6.00
2008.01.02 17:12:55.136,1.646,1.6463,3.10,4.20
2008.01.02 17:12:56.170,1.64595,1.6463,17.60,4.20
2008.01.02 17:12:57.032,1.64595,1.6463,17.60,6.00
2008.01.02 17:12:57.213,1.64595,1.6463,17.60,6.00
2008.01.02 17:12:58.159,1.64595,1.6463,17.60,6.00
2008.01.02 17:13:00.405,1.646,1.6463,0.90,6.00
2008.01.02 17:13:01.442,1.64595,1.6463,17.60,5.80
2008.01.02 17:13:01.980,1.646,1.6463,4.70,4.00
2008.01.02 17:13:03.593,1.646,1.6463,6.10,4.00
2008.01.02 17:13:03.762,1.64595,1.6463,31.20,4.00
2008.01.02 17:13:03.967,1.64595,1.6463,32.80,4.00
2008.01.02 17:13:04.149,1.646,1.6463,31.20,4.00
2008.01.02 17:13:04.318,1.6461,1.6463,2.50,4.00
2008.01.02 17:13:04.540,1.6461,1.6463,2.60,4.00
2008.01.02 17:13:04.897,1.646,1.6463,35.20,4.00
2008.01.02 17:13:05.409,1.6461,1.6463,2.30,4.00
2008.01.02 17:13:06.246,1.6461,1.6463,8.80,4.00
2008.01.02 17:13:06.449,1.6461,1.64635,8.80,16.20
2008.01.02 17:13:06.664,1.6461,1.64635,8.80,16.20
2008.01.02 17:13:09.105,1.6461,1.64635,8.80,16.00
2008.01.02 17:13:09.268,1.6461,1.64635,8.80,16.00
2008.01.02 17:13:09.432,1.6461,1.64635,8.80,16.00
2008.01.02 17:13:09.735,1.6461,1.64635,8.80,8.00
2008.01.02 17:13:09.953,1.6461,1.6464,12.80,6.00
2008.01.02 17:13:10.171,1.6461,1.6464,13.60,6.00
2008.01.02 17:13:10.389,1.6461,1.6464,12.80,6.00
2008.01.02 17:13:10.637,1.6461,1.6464,12.80,6.00
2008.01.02 17:13:10.891,1.6461,1.6464,12.80,6.00
2008.01.02 17:13:11.139,1.6461,1.6464,13.60,6.00
2008.01.02 17:13:11.390,1.6461,1.6464,13.60,6.00
2008.01.02 17:13:11.618,1.6461,1.6464,13.60,6.00
2008.01.02 17:13:12.240,1.6461,1.6464,13.60,6.00
2008.01.02 17:13:13.163,1.6461,1.6464,13.60,6.00
2008.01.02 17:13:15.736,1.6461,1.6464,13.60,6.00
2008.01.02 17:13:16.153,1.6461,1.6464,13.60,6.00
2008.01.02 17:13:16.471,1.6461,1.6464,13.60,6.00
2008.01.02 17:13:18.240,1.6461,1.6464,13.60,6.00
2008.01.02 17:13:19.993,1.6461,1.6464,13.60,6.00
2008.01.02 17:13:20.210,1.6461,1.6464,13.60,6.00
2008.01.02 17:13:20.414,1.6461,1.6464,13.60,6.00
2008.01.02 17:13:20.716,1.6461,1.6464,13.60,6.00
2008.01.02 17:13:20.939,1.6461,1.6464,25.60,6.00
2008.01.02 17:13:21.182,1.6461,1.6464,25.60,4.20
2008.01.02 17:13:21.385,1.6461,1.6464,25.60,4.20
2008.01.02 17:13:21.608,1.6461,1.6464,25.60,4.20
2008.01.02 17:13:21.835,1.6461,1.6464,25.60,4.20
2008.01.02 17:13:23.934,1.6461,1.6464,25.60,4.20
2008.01.02 17:13:29.107,1.6461,1.64645,25.60,24.20
2008.01.02 17:13:29.292,1.6461,1.64645,26.40,24.20
2008.01.02 17:13:29.486,1.64615,1.6464,0.80,0.70
2008.01.02 17:13:29.680,1.64615,1.64645,0.80,16.20
2008.01.02 17:13:29.872,1.6462,1.6464,0.80,0.50
2008.01.02 17:13:30.096,1.6462,1.6465,0.80,42.90
2008.01.02 17:13:30.319,1.6462,1.64645,13.60,0.30
2008.01.02 17:13:30.542,1.6462,1.64645,13.60,0.30
2008.01.02 17:13:30.766,1.6462,1.64645,17.60,0.30
2008.01.02 17:13:31.010,1.6462,1.64645,17.60,0.30
2008.01.02 17:13:31.310,1.6462,1.64645,17.60,0.30
2008.01.02 17:13:31.731,1.6462,1.64645,17.60,0.30
2008.01.02 17:13:32.458,1.6462,1.64645,17.60,0.30
2008.01.02 17:13:33.048,1.6462,1.64645,17.60,0.30
2008.01.02 17:13:33.266,1.6463,1.64645,4.00,0.30
2008.01.02 17:13:33.484,1.6463,1.64645,8.00,0.30
2008.01.02 17:13:33.702,1.6463,1.64645,8.00,0.30
2008.01.02 17:13:34.208,1.6463,1.64645,8.00,0.30
2008.01.02 17:13:34.451,1.6463,1.64645,8.00,0.30
2008.01.02 17:13:36.177,1.6463,1.64645,8.00,0.30
2008.01.02 17:13:36.425,1.6463,1.64645,4.00,0.30
2008.01.02 17:13:36.674,1.6462,1.64645,13.60,0.30
2008.01.02 17:13:36.922,1.6462,1.64645,13.60,0.30
2008.01.02 17:13:37.171,1.6462,1.64645,13.60,0.30
2008.01.02 17:13:37.389,1.6462,1.64645,12.80,0.30
2008.01.02 17:13:38.068,1.6462,1.6465,12.80,34.80
2008.01.02 17:13:38.286,1.6461,1.6465,8.80,42.80
2008.01.02 17:13:38.490,1.6461,1.6465,4.80,42.80
2008.01.02 17:13:38.692,1.6461,1.6464,4.80,0.30
2008.01.02 17:13:38.896,1.6461,1.6464,16.80,0.30
2008.01.02 17:13:39.142,1.6461,1.6464,19.20,0.30
2008.01.02 17:13:39.345,1.6461,1.6464,21.60,0.30
2008.01.02 17:13:39.563,1.6461,1.6464,21.60,0.30
2008.01.02 17:13:40.235,1.6461,1.6464,21.60,0.30
2008.01.02 17:13:40.803,1.6461,1.6464,13.60,0.30
2008.01.02 17:13:40.966,1.6461,1.6464,13.60,4.20
2008.01.02 17:13:41.461,1.6461,1.6464,13.60,4.20
2008.01.02 17:13:41.723,1.6461,1.6464,13.60,4.20
2008.01.02 17:13:41.956,1.6461,1.6464,25.60,0.30
2008.01.02 17:13:42.189,1.6461,1.6464,27.40,0.30
2008.01.02 17:13:42.439,1.6461,1.6464,27.40,0.30
2008.01.02 17:13:42.710,1.6461,1.6464,27.40,0.30
2008.01.02 17:13:43.224,1.6461,1.6464,27.40,0.30
2008.01.02 17:13:43.407,1.6461,1.6464,27.40,4.20
2008.01.02 17:13:43.605,1.6461,1.6464,27.40,4.20
2008.01.02 17:13:44.173,1.6461,1.6464,27.40,4.20
2008.01.02 17:13:44.482,1.6461,1.6464,27.40,4.20
2008.01.02 17:13:44.703,1.6461,1.6464,27.40,4.20
2008.01.02 17:13:44.886,1.6461,1.6464,27.40,0.30
2008.01.02 17:13:45.070,1.6461,1.6464,27.40,0.30
2008.01.02 17:13:45.931,1.6461,1.6464,27.40,0.30
2008.01.02 17:13:46.453,1.6461,1.6464,27.40,0.30
2008.01.02 17:13:46.620,1.6461,1.6464,29.50,0.30
2008.01.02 17:13:48.765,1.6461,1.6464,29.50,0.30
2008.01.02 17:13:48.943,1.6461,1.6464,29.50,4.20
2008.01.02 17:13:49.122,1.6461,1.6464,27.40,4.20
2008.01.02 17:13:49.300,1.6461,1.6464,27.40,4.20
2008.01.02 17:13:50.910,1.6461,1.6464,27.40,4.20
2008.01.02 17:13:51.073,1.6461,1.6464,25.60,4.20
2008.01.02 17:13:51.237,1.6461,1.6464,25.60,4.20
2008.01.02 17:13:52.256,1.6461,1.6464,25.60,4.20
2008.01.02 17:13:54.198,1.6461,1.6464,25.60,4.20
2008.01.02 17:13:54.416,1.6461,1.6464,25.60,4.20
2008.01.02 17:13:55.223,1.6461,1.6464,17.60,6.00
2008.01.02 17:13:55.411,1.6461,1.6464,13.60,6.00
2008.01.02 17:13:55.599,1.6461,1.6464,13.60,6.00
2008.01.02 17:13:55.845,1.6461,1.6463,8.80,12.00
2008.01.02 17:13:56.084,1.6461,1.6463,8.80,24.00
2008.01.02 17:13:56.322,1.6461,1.6463,8.80,24.00
2008.01.02 17:13:57.452,1.6461,1.6463,8.80,24.00
2008.01.02 17:13:57.707,1.6461,1.6463,12.80,24.00
2008.01.02 17:13:57.910,1.6461,1.6463,13.60,8.00
2008.01.02 17:13:58.113,1.6461,1.6464,13.60,30.00
2008.01.02 17:13:58.316,1.6461,1.6464,14.00,24.20
2008.01.02 17:13:58.519,1.6461,1.6464,14.00,24.20
2008.01.02 17:13:58.744,1.6461,1.6464,14.00,16.20
2008.01.02 17:13:59.053,1.6461,1.6464,22.00,0.30
2008.01.02 17:13:59.360,1.6461,1.6464,22.00,0.30
2008.01.02 17:13:59.668,1.6461,1.6464,22.00,0.30
2008.01.02 17:14:01.192,1.6461,1.6464,22.00,0.30
2008.01.02 17:14:01.213,1.6461,1.6464,22.80,0.30
2008.01.02 17:14:01.381,1.6461,1.6465,23.90,42.90
2008.01.02 17:14:01.548,1.6461,1.6465,23.90,42.90
2008.01.02 17:14:02.244,1.6461,1.6465,23.90,42.90
2008.01.02 17:14:04.871,1.6461,1.6464,23.20,0.30
2008.01.02 17:14:05.098,1.6461,1.6464,23.20,0.30
2008.01.02 17:14:05.447,1.6461,1.6464,23.20,0.30
2008.01.02 17:14:05.761,1.6461,1.6465,23.20,42.90
2008.01.02 17:14:06.470,1.6461,1.6465,23.20,42.90
2008.01.02 17:14:06.708,1.6461,1.6464,22.40,0.30
2008.01.02 17:14:06.947,1.6461,1.6463,8.80,0.50
2008.01.02 17:14:07.151,1.6461,1.6464,8.80,42.00
2008.01.02 17:14:07.353,1.6461,1.6464,8.80,42.00
2008.01.02 17:14:07.708,1.6461,1.6463,8.80,0.60
2008.01.02 17:14:07.911,1.6461,1.6464,12.80,30.00
2008.01.02 17:14:08.183,1.6461,1.6465,12.80,48.80
2008.01.02 17:14:08.476,1.6461,1.6464,12.80,0.80
2008.01.02 17:14:09.208,1.6461,1.6464,12.80,0.90
2008.01.02 17:14:10.688,1.6461,1.64645,13.60,33.80
2008.01.02 17:14:10.952,1.6461,1.64645,13.60,33.80
2008.01.02 17:14:11.170,1.6461,1.6464,12.80,0.50
2008.01.02 17:14:11.387,1.6461,1.6464,8.80,41.80
2008.01.02 17:14:11.605,1.6461,1.6463,8.80,0.70
2008.01.02 17:14:12.193,1.6461,1.6464,8.80,41.80
2008.01.02 17:14:12.512,1.6461,1.6464,8.80,41.80
2008.01.02 17:14:12.752,1.6461,1.6463,13.60,0.80
2008.01.02 17:14:12.991,1.6461,1.64645,13.60,21.80
2008.01.02 17:14:13.228,1.6461,1.6464,13.60,0.90
2008.01.02 17:14:13.680,1.6461,1.6464,12.80,7.00
2008.01.02 17:14:13.903,1.6461,1.6464,8.80,11.00
2008.01.02 17:14:14.173,1.6461,1.6464,8.80,11.00
2008.01.02 17:14:14.377,1.6461,1.64635,4.80,9.80
2008.01.02 17:14:14.579,1.6461,1.64635,4.80,21.80
2008.01.02 17:14:14.782,1.6461,1.64635,4.80,21.80
2008.01.02 17:14:15.015,1.6461,1.64635,4.80,21.80
2008.01.02 17:14:15.334,1.6461,1.64635,4.00,21.80
2008.01.02 17:14:15.653,1.6461,1.64635,4.00,21.80
2008.01.02 17:14:15.971,1.646,1.64635,40.00,21.80
2008.01.02 17:14:16.290,1.6461,1.64635,4.80,21.80
2008.01.02 17:14:16.512,1.6461,1.64635,4.80,21.80
2008.01.02 17:14:16.970,1.6461,1.64635,4.80,21.80
2008.01.02 17:14:21.155,1.6461,1.64635,2.40,21.80
2008.01.02 17:14:21.368,1.646,1.64625,28.00,12.00
2008.01.02 17:14:21.582,1.646,1.6462,24.00,0.80
2008.01.02 17:14:21.885,1.646,1.64625,23.20,20.00
2008.01.02 17:14:22.098,1.646,1.64625,22.40,20.00
2008.01.02 17:14:22.311,1.646,1.6462,22.40,0.50
2008.01.02 17:14:22.562,1.646,1.64625,22.40,20.00
2008.01.02 17:14:22.827,1.646,1.64625,20.80,20.00
2008.01.02 17:14:23.169,1.646,1.64625,20.80,20.00
2008.01.02 17:14:23.783,1.646,1.6462,20.80,0.70
2008.01.02 17:14:24.001,1.646,1.64625,20.80,20.00
2008.01.02 17:14:24.175,1.6461,1.64625,4.80,20.00
2008.01.02 17:14:24.349,1.6461,1.64625,8.80,12.00
2008.01.02 17:14:24.586,1.6461,1.64635,8.80,20.20
2008.01.02 17:14:24.825,1.6461,1.64635,13.60,12.20
2008.01.02 17:14:25.063,1.6461,1.6464,13.60,34.90
2008.01.02 17:14:25.302,1.6461,1.64645,21.60,10.00
2008.01.02 17:14:25.541,1.6461,1.6464,21.60,0.80
2008.01.02 17:14:25.981,1.6461,1.6465,21.60,49.60
2008.01.02 17:14:27.368,1.6461,1.64635,21.60,0.30
2008.01.02 17:14:27.537,1.6461,1.6464,23.20,2.10
2008.01.02 17:14:27.704,1.6461,1.64635,21.60,0.30
2008.01.02 17:14:34.692,1.6461,1.64635,21.60,0.30
2008.01.02 17:14:34.841,1.6461,1.64635,13.60,0.30
2008.01.02 17:14:34.990,1.6461,1.64635,13.60,0.30
2008.01.02 17:14:35.138,1.6461,1.64635,13.60,0.30
2008.01.02 17:14:35.508,1.6461,1.64635,13.60,0.30
2008.01.02 17:14:36.178,1.6461,1.64635,12.80,0.30
2008.01.02 17:14:36.461,1.6461,1.64635,12.80,0.30
2008.01.02 17:14:37.007,1.6461,1.6463,12.80,1.80
2008.01.02 17:14:37.230,1.6461,1.6463,12.80,1.80
2008.01.02 17:14:37.453,1.6461,1.6463,12.80,1.80
2008.01.02 17:14:37.676,1.6461,1.6464,12.80,6.80
2008.01.02 17:14:37.904,1.6461,1.6463,4.80,12.00
2008.01.02 17:14:38.133,1.6461,1.6463,4.80,24.00
2008.01.02 17:14:38.361,1.6461,1.6463,4.80,24.00
2008.01.02 17:14:39.176,1.6461,1.6463,4.80,24.00
2008.01.02 17:14:40.006,1.6461,1.6463,4.80,24.00
2008.01.02 17:14:40.204,1.6461,1.6463,4.80,25.80
2008.01.02 17:14:41.155,1.6461,1.6463,8.80,21.80
2008.01.02 17:14:41.366,1.6461,1.6463,12.80,13.80
2008.01.02 17:14:41.533,1.6461,1.6463,12.80,1.80
2008.01.02 17:14:41.721,1.6462,1.6464,4.00,17.80
2008.01.02 17:14:41.939,1.6462,1.6464,4.00,15.40
2008.01.02 17:14:42.159,1.6462,1.6464,6.40,8.40
2008.01.02 17:14:42.397,1.6462,1.6464,6.40,25.20
2008.01.02 17:14:42.595,1.6462,1.6464,6.40,32.40
2008.01.02 17:14:42.813,1.6462,1.6464,6.40,30.80
2008.01.02 17:14:43.035,1.6462,1.6464,6.40,30.80
2008.01.02 17:14:43.259,1.6462,1.6464,8.80,25.80
2008.01.02 17:14:43.482,1.6462,1.6464,8.80,5.80
2008.01.02 17:14:43.711,1.6462,1.6464,4.80,5.80
2008.01.02 17:14:43.970,1.6462,1.6464,4.80,5.80
2008.01.02 17:14:44.213,1.6462,1.6464,4.80,6.60
2008.01.02 17:14:44.456,1.6462,1.6464,4.80,11.40
2008.01.02 17:14:44.699,1.6462,1.6464,2.40,16.40
2008.01.02 17:14:44.918,1.6462,1.64635,2.40,8.00
2008.01.02 17:14:45.136,1.6462,1.64635,2.40,16.00
2008.01.02 17:14:45.299,1.64615,1.64635,6.40,16.00
2008.01.02 17:14:45.355,1.6462,1.64635,2.40,16.00
2008.01.02 17:14:45.638,1.6462,1.64635,2.40,16.00
2008.01.02 17:14:45.856,1.6462,1.64635,4.80,8.00
2008.01.02 17:14:46.073,1.6462,1.6464,7.20,28.80
2008.01.02 17:14:46.292,1.6462,1.6464,7.20,29.80
2008.01.02 17:14:46.510,1.6462,1.6464,7.20,29.80
2008.01.02 17:14:46.758,1.6462,1.6464,7.20,29.80
2008.01.02 17:14:46.997,1.6462,1.6464,7.20,29.80
2008.01.02 17:14:47.234,1.6462,1.6464,10.40,20.00
2008.01.02 17:14:47.471,1.6462,1.6464,14.40,16.00
2008.01.02 17:14:47.732,1.6462,1.6464,14.40,8.00
2008.01.02 17:14:48.199,1.6462,1.6464,14.40,8.00
2008.01.02 17:14:48.764,1.6462,1.6464,14.40,16.00
2008.01.02 17:14:48.982,1.6462,1.6464,6.40,28.00
2008.01.02 17:14:49.171,1.6462,1.6464,5.60,28.20
2008.01.02 17:14:49.359,1.6462,1.64635,4.80,8.00
2008.01.02 17:14:49.547,1.6462,1.64635,4.80,16.00
2008.01.02 17:14:50.168,1.6462,1.64635,4.80,16.00
2008.01.02 17:14:50.427,1.6462,1.64635,4.80,16.00
2008.01.02 17:14:50.685,1.6462,1.64635,4.80,16.00
2008.01.02 17:14:50.943,1.6462,1.64635,4.80,16.00
2008.01.02 17:14:51.111,1.6462,1.64635,4.80,16.00
2008.01.02 17:14:51.279,1.6462,1.64635,8.80,8.00
2008.01.02 17:14:51.448,1.6462,1.6464,8.80,29.00
2008.01.02 17:14:51.734,1.6462,1.6464,8.80,29.00
2008.01.02 17:14:52.188,1.6462,1.6464,4.80,29.00
2008.01.02 17:14:52.476,1.6462,1.6464,4.80,29.00
2008.01.02 17:14:52.765,1.6462,1.64635,4.80,8.00
2008.01.02 17:14:53.053,1.6462,1.64635,4.80,16.00
2008.01.02 17:14:53.236,1.6462,1.64635,4.80,16.00
2008.01.02 17:14:54.231,1.6462,1.64635,4.80,16.00
2008.01.02 17:14:56.181,1.6462,1.64635,4.80,8.00
2008.01.02 17:14:56.467,1.6462,1.64635,4.80,8.00
2008.01.02 17:14:56.755,1.6462,1.6464,4.80,29.00
2008.01.02 17:14:57.450,1.6462,1.6464,4.80,29.00
2008.01.02 17:14:57.753,1.6462,1.6464,8.80,29.00
2008.01.02 17:15:00.022,1.6462,1.6464,8.80,29.00
2008.01.02 17:15:00.226,1.6462,1.6464,8.80,29.00
2008.01.02 17:15:03.336,1.6462,1.64645,8.80,33.00
2008.01.02 17:15:05.205,1.6462,1.64645,8.80,33.00
2008.01.02 17:15:06.243,1.6462,1.6464,8.80,0.60
2008.01.02 17:15:07.272,1.6462,1.64645,8.80,33.00
2008.01.02 17:15:11.220,1.6462,1.64645,8.80,33.00
2008.01.02 17:15:11.380,1.6463,1.64645,4.00,29.00
2008.01.02 17:15:11.681,1.6463,1.64645,4.00,29.00
2008.01.02 17:15:11.938,1.6462,1.64645,12.80,29.00
2008.01.02 17:15:12.217,1.6462,1.64645,12.80,29.00
2008.01.02 17:15:12.496,1.6462,1.6464,8.80,0.80
2008.01.02 17:15:12.760,1.6462,1.6464,8.80,0.60
2008.01.02 17:15:13.220,1.6462,1.6464,8.80,0.70
2008.01.02 17:15:15.507,1.6462,1.6464,8.80,0.60
2008.01.02 17:15:15.711,1.6462,1.6464,8.80,0.90
2008.01.02 17:15:15.914,1.6462,1.64645,8.80,33.00
2008.01.02 17:15:16.226,1.6462,1.6464,8.80,0.60
2008.01.02 17:15:16.757,1.6462,1.6464,8.80,0.70
2008.01.02 17:15:18.133,1.6462,1.6464,6.40,0.80
2008.01.02 17:15:18.336,1.6462,1.6464,4.00,35.40
2008.01.02 17:15:18.644,1.6462,1.6463,4.00,0.70
2008.01.02 17:15:18.827,1.6462,1.64635,6.40,4.30
2008.01.02 17:15:19.011,1.6462,1.6463,6.40,0.80
2008.01.02 17:15:19.202,1.6462,1.6463,6.40,0.80
2008.01.02 17:15:19.385,1.6462,1.64635,6.40,13.00
2008.01.02 17:15:19.567,1.6462,1.6463,6.40,0.60
2008.01.02 17:15:19.811,1.6462,1.64635,6.40,12.20
2008.01.02 17:15:20.259,1.6462,1.64635,6.40,12.20
2008.01.02 17:15:20.986,1.6462,1.64635,6.40,12.20
2008.01.02 17:15:21.232,1.6462,1.6463,6.40,0.80
2008.01.02 17:15:21.460,1.6462,1.64635,6.40,0.70
2008.01.02 17:15:21.711,1.6462,1.64635,8.80,0.50
2008.01.02 17:15:21.920,1.6462,1.64645,12.80,0.70
2008.01.02 17:15:22.128,1.6462,1.64645,12.80,0.50
2008.01.02 17:15:22.337,1.6462,1.64645,12.80,0.30
2008.01.02 17:15:22.544,1.6462,1.64645,12.80,0.30
2008.01.02 17:15:22.753,1.6463,1.64645,4.00,0.30
2008.01.02 17:15:23.026,1.6463,1.6465,8.00,25.10
2008.01.02 17:15:23.298,1.6463,1.6465,8.00,21.10
2008.01.02 17:15:23.571,1.6463,1.64645,9.80,0.30
2008.01.02 17:15:23.845,1.6463,1.64645,4.00,0.30
2008.01.02 17:15:24.108,1.6463,1.6465,4.00,29.10
2008.01.02 17:15:24.371,1.6462,1.64645,19.40,0.30
2008.01.02 17:15:24.635,1.6462,1.6465,15.40,33.10
2008.01.02 17:15:24.853,1.6462,1.6465,14.60,33.90
2008.01.02 17:15:25.073,1.6462,1.6463,12.80,0.60
2008.01.02 17:15:25.291,1.6462,1.6463,4.00,0.70
2008.01.02 17:15:25.508,1.6461,1.6463,9.70,32.00
2008.01.02 17:15:25.727,1.6461,1.6462,1.70,0.80
2008.01.02 17:15:26.010,1.646,1.6462,8.80,0.60
2008.01.02 17:15:26.294,1.646,1.6463,8.80,53.00
2008.01.02 17:15:26.721,1.646,1.6463,8.80,51.40
2008.01.02 17:15:26.904,1.646,1.6462,8.80,0.50
2008.01.02 17:15:27.108,1.646,1.6462,8.80,0.80
2008.01.02 17:15:27.311,1.646,1.64625,8.80,26.60
2008.01.02 17:15:29.189,1.646,1.6462,8.80,0.70
2008.01.02 17:15:29.371,1.646,1.64625,8.80,30.60
2008.01.02 17:15:29.554,1.646,1.64625,8.80,31.40
2008.01.02 17:15:29.738,1.646,1.64625,8.80,31.40
2008.01.02 17:15:30.024,1.646,1.64625,8.80,31.40
2008.01.02 17:15:30.319,1.6461,1.6462,4.00,0.60
2008.01.02 17:15:30.611,1.6461,1.6462,4.00,4.80
2008.01.02 17:15:30.927,1.6461,1.6462,4.00,4.80
2008.01.02 17:15:31.130,1.6461,1.6462,4.00,4.80
2008.01.02 17:15:31.333,1.6461,1.64625,6.40,17.80
2008.01.02 17:15:31.536,1.6461,1.64625,6.40,17.80
2008.01.02 17:15:32.190,1.6461,1.64625,6.40,17.80
2008.01.02 17:15:33.036,1.6461,1.6462,6.40,2.40
2008.01.02 17:15:33.216,1.6461,1.64615,4.00,1.80
2008.01.02 17:15:33.394,1.646,1.64615,6.40,9.80
2008.01.02 17:15:33.572,1.646,1.64615,6.40,17.80
2008.01.02 17:15:34.189,1.646,1.64615,6.40,17.80
2008.01.02 17:15:34.503,1.646,1.64615,6.40,17.80
2008.01.02 17:15:35.014,1.646,1.64615,6.40,17.80
2008.01.02 17:15:35.217,1.646,1.64615,6.40,17.80
2008.01.02 17:15:36.170,1.646,1.64615,6.40,17.00
2008.01.02 17:15:36.388,1.646,1.64615,6.40,16.20
2008.01.02 17:15:37.683,1.646,1.64615,6.40,16.20
2008.01.02 17:15:37.896,1.646,1.6461,6.40,4.00
2008.01.02 17:15:38.211,1.646,1.6461,6.40,4.00
2008.01.02 17:15:38.521,1.646,1.6461,6.40,4.00
2008.01.02 17:15:39.415,1.646,1.6461,6.40,0.70
2008.01.02 17:15:39.500,1.646,1.6461,6.40,4.80
2008.01.02 17:15:39.828,1.646,1.6461,6.40,4.80
2008.01.02 17:15:40.071,1.646,1.6461,4.80,4.80
2008.01.02 17:15:40.314,1.646,1.6461,4.80,4.80
2008.01.02 17:15:41.141,1.646,1.6461,2.40,4.80
2008.01.02 17:15:41.365,1.6459,1.6461,20.00,6.40
2008.01.02 17:15:41.599,1.6459,1.6461,20.00,6.40
2008.01.02 17:15:41.981,1.6459,1.6461,20.00,6.40
2008.01.02 17:15:42.215,1.6459,1.6461,8.80,17.80
2008.01.02 17:15:42.459,1.6459,1.6461,4.80,21.80
2008.01.02 17:15:42.702,1.6459,1.6461,4.80,29.80
2008.01.02 17:15:42.969,1.6459,1.6461,4.80,31.60
2008.01.02 17:15:43.244,1.6459,1.6461,4.80,31.60
2008.01.02 17:15:43.478,1.6459,1.6461,4.80,30.80
2008.01.02 17:15:46.201,1.6459,1.6461,4.80,30.00
2008.01.02 17:15:46.395,1.6459,1.6461,4.80,30.80
2008.01.02 17:15:46.686,1.6459,1.6461,4.80,30.80
2008.01.02 17:15:48.658,1.6459,1.6461,2.40,30.80
2008.01.02 17:15:48.817,1.6458,1.646,8.00,2.00
2008.01.02 17:15:48.995,1.6458,1.646,4.00,2.00
2008.01.02 17:15:49.266,1.6457,1.646,23.20,2.00
2008.01.02 17:15:49.470,1.6457,1.646,23.20,2.00
2008.01.02 17:15:49.708,1.6457,1.646,23.20,2.00
2008.01.02 17:15:49.946,1.6457,1.646,21.60,2.00
2008.01.02 17:15:50.185,1.6457,1.646,21.60,2.00
2008.01.02 17:15:50.423,1.6457,1.646,21.60,2.00
2008.01.02 17:15:50.616,1.6457,1.646,20.80,2.00
2008.01.02 17:15:50.810,1.6457,1.646,20.80,6.80
2008.01.02 17:15:51.003,1.6457,1.646,12.80,6.80
2008.01.02 17:15:51.196,1.6457,1.6459,12.80,1.80
2008.01.02 17:15:51.390,1.6457,1.6459,12.80,1.80
2008.01.02 17:15:51.583,1.6457,1.6459,12.80,1.80
2008.01.02 17:15:51.831,1.6457,1.6459,8.80,1.80
2008.01.02 17:15:52.079,1.6457,1.6459,8.80,1.80
2008.01.02 17:15:52.327,1.6457,1.6459,4.80,1.80
2008.01.02 17:15:52.575,1.6457,1.6459,4.80,5.80
2008.01.02 17:15:53.479,1.6457,1.6459,4.80,5.80
2008.01.02 17:15:54.030,1.6457,1.6459,4.80,6.00
2008.01.02 17:15:54.283,1.6457,1.6459,4.80,7.60
2008.01.02 17:15:54.547,1.6457,1.6459,8.80,27.60
2008.01.02 17:15:54.785,1.6457,1.6459,8.80,27.60
2008.01.02 17:15:55.024,1.6457,1.6459,8.80,27.60
2008.01.02 17:15:55.262,1.6457,1.6459,8.80,30.00
2008.01.02 17:15:55.501,1.6457,1.6459,8.80,30.00
2008.01.02 17:15:55.786,1.6457,1.6459,8.80,30.00
2008.01.02 17:15:56.070,1.6457,1.6459,8.80,30.00
2008.01.02 17:15:56.352,1.6457,1.6459,4.80,30.00
2008.01.02 17:15:56.635,1.6457,1.6459,4.80,28.00
2008.01.02 17:15:56.869,1.6457,1.6459,12.80,6.40
2008.01.02 17:15:57.101,1.6457,1.6459,14.40,6.40
2008.01.02 17:15:57.335,1.6457,1.6459,4.80,20.40
2008.01.02 17:15:57.568,1.6457,1.6459,4.80,28.40
2008.01.02 17:15:58.123,1.6457,1.6459,4.80,29.20
2008.01.02 17:15:58.372,1.6457,1.6459,4.80,30.00
2008.01.02 17:15:58.620,1.6457,1.6459,4.80,30.00
2008.01.02 17:15:59.188,1.6457,1.6459,4.80,30.00
2008.01.02 17:15:59.706,1.6457,1.6459,4.80,30.00
2008.01.02 17:16:02.193,1.6457,1.6459,4.80,30.00
2008.01.02 17:16:03.240,1.6457,1.6459,4.80,30.00
2008.01.02 17:16:04.470,1.6457,1.6459,4.80,30.00
2008.01.02 17:16:04.723,1.6457,1.6459,4.80,30.00
2008.01.02 17:16:05.499,1.6457,1.6459,4.80,30.00
2008.01.02 17:16:09.161,1.6457,1.6459,4.80,30.80
2008.01.02 17:16:09.337,1.6457,1.6458,4.80,4.00
2008.01.02 17:16:09.468,1.6457,1.6458,4.80,4.00
2008.01.02 17:16:09.621,1.6457,1.6458,4.80,4.00
2008.01.02 17:16:09.774,1.6457,1.6458,4.80,4.00
2008.01.02 17:16:09.927,1.6457,1.6458,4.80,4.50
2008.01.02 17:16:10.260,1.6456,1.6458,16.00,4.50
2008.01.02 17:16:10.615,1.6456,1.6458,16.00,4.50
2008.01.02 17:16:10.948,1.6456,1.6458,16.00,4.50
2008.01.02 17:16:11.146,1.6456,1.6458,16.00,6.90
2008.01.02 17:16:11.344,1.6456,1.6458,20.00,6.40
2008.01.02 17:16:11.950,1.6456,1.6458,20.00,6.40
2008.01.02 17:16:12.198,1.6456,1.6457,14.40,4.00
2008.01.02 17:16:12.446,1.6456,1.6457,8.00,4.00
2008.01.02 17:16:12.695,1.6456,1.6457,4.00,4.00
2008.01.02 17:16:12.943,1.6456,1.6457,4.00,4.00
2008.01.02 17:16:13.166,1.6456,1.6457,4.00,6.40
2008.01.02 17:16:13.390,1.6456,1.6457,4.00,6.40
2008.01.02 17:16:13.613,1.6456,1.6457,4.00,6.40
2008.01.02 17:16:13.924,1.6456,1.6457,4.00,6.40
2008.01.02 17:16:14.230,1.6456,1.6457,4.00,6.40
2008.01.02 17:16:16.187,1.6456,1.6457,4.00,6.40
2008.01.02 17:16:16.445,1.6456,1.6457,4.00,2.40
2008.01.02 17:16:16.721,1.6456,1.6457,4.00,2.40
2008.01.02 17:16:16.980,1.6456,1.6457,4.00,6.40
2008.01.02 17:16:17.237,1.6456,1.6457,4.00,6.40
2008.01.02 17:16:17.496,1.6456,1.6457,4.00,6.40
2008.01.02 17:16:17.754,1.6456,1.6457,4.00,6.40
2008.01.02 17:16:18.693,1.6456,1.6457,4.00,6.40
2008.01.02 17:16:19.587,1.6456,1.6457,4.00,6.40
2008.01.02 17:16:19.840,1.6456,1.6458,8.80,32.40
2008.01.02 17:16:20.244,1.6456,1.6458,8.80,28.40
2008.01.02 17:16:20.770,1.6456,1.6458,8.80,28.40
2008.01.02 17:16:21.040,1.6456,1.6458,8.80,28.20
2008.01.02 17:16:21.233,1.6456,1.6458,12.80,25.80
2008.01.02 17:16:21.456,1.6456,1.6458,12.80,9.80
2008.01.02 17:16:21.695,1.6456,1.6458,12.80,1.80
2008.01.02 17:16:21.919,1.6456,1.6458,12.80,1.80
2008.01.02 17:16:22.230,1.6456,1.6458,12.80,1.80
2008.01.02 17:16:23.465,1.6456,1.6458,12.80,1.80
2008.01.02 17:16:23.674,1.6456,1.6458,12.80,1.80
2008.01.02 17:16:24.193,1.6456,1.6458,12.80,1.80
2008.01.02 17:16:27.508,1.6455,1.6458,39.20,1.80
2008.01.02 17:16:30.704,1.6456,1.6458,1.00,5.80
2008.01.02 17:16:30.896,1.6456,1.64575,1.50,8.00
2008.01.02 17:16:31.090,1.6455,1.64575,27.20,16.00
2008.01.02 17:16:31.283,1.6456,1.64575,2.30,16.00
2008.01.02 17:16:34.189,1.6455,1.64575,24.80,16.00
2008.01.02 17:16:34.482,1.6454,1.64575,54.60,16.00
2008.01.02 17:16:34.775,1.6455,1.6457,4.80,16.00
2008.01.02 17:16:34.958,1.6454,1.6457,54.60,20.00
2008.01.02 17:16:35.142,1.6454,1.6457,54.60,20.00
2008.01.02 17:16:35.326,1.6455,1.6457,31.20,12.00
2008.01.02 17:16:35.510,1.6455,1.6457,35.20,12.00
2008.01.02 17:16:35.812,1.6455,1.6458,39.20,1.80
2008.01.02 17:16:36.115,1.6455,1.64585,39.20,0.30
2008.01.02 17:16:36.418,1.6456,1.64585,6.60,0.30
2008.01.02 17:16:36.721,1.6456,1.64585,3.50,0.30
2008.01.02 17:16:36.959,1.6455,1.64585,39.20,0.30
2008.01.02 17:16:37.197,1.6455,1.64585,39.20,0.30
2008.01.02 17:16:38.094,1.6455,1.6458,40.00,1.80
2008.01.02 17:16:38.317,1.6455,1.64575,32.00,8.00
2008.01.02 17:16:38.541,1.6455,1.64575,32.00,16.00
2008.01.02 17:16:38.800,1.6455,1.64575,32.00,16.00
2008.01.02 17:16:39.058,1.6455,1.64575,32.00,16.00
2008.01.02 17:16:39.338,1.6456,1.64575,1.80,16.00
2008.01.02 17:16:39.963,1.6456,1.64575,2.70,16.00
2008.01.02 17:16:40.177,1.6456,1.64575,2.80,16.00
2008.01.02 17:16:41.203,1.6456,1.64575,1.20,16.00
2008.01.02 17:16:41.431,1.6456,1.64575,1.70,16.00
2008.01.02 17:16:41.659,1.6455,1.64575,26.40,16.00
2008.01.02 17:16:41.887,1.6456,1.64575,0.80,16.00
2008.01.02 17:16:42.095,1.6455,1.64575,26.40,16.00
2008.01.02 17:16:42.303,1.6455,1.64575,24.80,16.00
2008.01.02 17:16:42.511,1.6455,1.64575,24.80,16.00
2008.01.02 17:16:42.719,1.6456,1.64575,0.50,16.00
2008.01.02 17:16:43.007,1.6455,1.64575,44.80,8.00
2008.01.02 17:16:43.295,1.6456,1.6458,1.70,24.00
2008.01.02 17:16:43.688,1.6455,1.6458,48.80,12.00
2008.01.02 17:16:43.901,1.6457,1.6458,1.50,8.00
2008.01.02 17:16:44.114,1.6456,1.6459,32.00,35.10
2008.01.02 17:16:44.327,1.6456,1.6459,36.00,26.30
2008.01.02 17:16:44.540,1.6456,1.6459,36.00,25.80
2008.01.02 17:16:45.264,1.6457,1.6459,1.30,25.80
2008.01.02 17:16:45.640,1.6456,1.6459,35.20,25.80
2008.01.02 17:16:45.899,1.6456,1.6457,0.80,18.60
2008.01.02 17:16:46.117,1.6455,1.6457,17.60,24.80
2008.01.02 17:16:46.336,1.6455,1.6457,25.60,12.80
2008.01.02 17:16:46.554,1.6455,1.6457,25.60,12.80
2008.01.02 17:16:46.771,1.6455,1.6457,29.60,4.80
2008.01.02 17:16:47.028,1.6456,1.6457,2.70,4.80
2008.01.02 17:16:47.329,1.6456,1.6457,3.90,4.80
2008.01.02 17:16:47.627,1.6456,1.6457,2.90,4.80
2008.01.02 17:16:47.926,1.6456,1.6457,2.80,4.00
2008.01.02 17:16:48.768,1.6456,1.6457,1.50,4.00
2008.01.02 17:16:49.508,1.6455,1.6457,32.00,4.00
2008.01.02 17:16:49.746,1.6455,1.6457,32.00,4.00
2008.01.02 17:16:50.223,1.6455,1.6457,31.20,4.00
2008.01.02 17:16:50.482,1.6455,1.6457,31.20,4.00
2008.01.02 17:16:50.962,1.6455,1.6457,31.20,4.00
2008.01.02 17:16:51.171,1.6455,1.6457,31.20,4.00
2008.01.02 17:16:51.387,1.6455,1.6458,41.60,28.40
2008.01.02 17:16:51.595,1.6455,1.6458,41.60,28.40
2008.01.02 17:16:51.804,1.6456,1.6458,5.70,5.80
2008.01.02 17:16:52.013,1.6455,1.6458,44.00,1.80
2008.01.02 17:16:52.227,1.6456,1.6458,3.70,1.80
2008.01.02 17:16:52.508,1.6455,1.6458,44.00,1.80
2008.01.02 17:16:52.722,1.6456,1.6458,3.70,1.80
2008.01.02 17:16:53.013,1.6456,1.6458,0.80,1.80
2008.01.02 17:16:53.251,1.6455,1.6458,44.00,1.80
2008.01.02 17:16:54.483,1.6456,1.6458,2.80,1.80
2008.01.02 17:16:57.717,1.6456,1.6458,13.60,1.80
2008.01.02 17:16:58.014,1.6456,1.6458,13.60,1.80
2008.01.02 17:16:58.238,1.6456,1.6458,9.60,1.80
2008.01.02 17:16:58.555,1.6456,1.6458,9.60,1.80
2008.01.02 17:16:58.783,1.6456,1.6458,9.60,1.80
2008.01.02 17:16:59.267,1.6456,1.6458,9.60,1.80
2008.01.02 17:16:59.577,1.6456,1.6458,9.60,1.80
2008.01.02 17:17:00.044,1.6456,1.6458,9.60,2.00
2008.01.02 17:17:00.337,1.6456,1.6458,7.20,18.80
2008.01.02 17:17:00.565,1.6456,1.6458,7.20,30.80
2008.01.02 17:17:01.090,1.6456,1.6458,7.20,28.40
2008.01.02 17:17:01.318,1.6456,1.6458,9.60,28.40
2008.01.02 17:17:03.156,1.6456,1.6458,3.20,30.80
2008.01.02 17:17:03.348,1.6456,1.6458,3.20,30.80
2008.01.02 17:17:04.155,1.6456,1.6458,3.20,35.60
2008.01.02 17:17:04.373,1.6456,1.6457,3.20,4.00
2008.01.02 17:17:04.561,1.6456,1.6457,3.20,4.00
2008.01.02 17:17:04.750,1.6456,1.6457,3.20,4.00
2008.01.02 17:17:05.014,1.6456,1.6457,3.20,4.00
2008.01.02 17:17:05.253,1.6456,1.6457,3.20,4.00
2008.01.02 17:17:05.468,1.6456,1.6457,3.20,4.00
2008.01.02 17:17:05.721,1.6456,1.6457,7.20,4.00
2008.01.02 17:17:06.007,1.6456,1.6457,7.20,4.00
2008.01.02 17:17:06.261,1.6456,1.6457,7.20,4.00
2008.01.02 17:17:06.515,1.6456,1.64575,7.20,16.20
2008.01.02 17:17:06.732,1.6456,1.64575,7.20,16.20
2008.01.02 17:17:07.145,1.6456,1.64575,7.20,16.20
2008.01.02 17:17:07.363,1.6456,1.64575,7.20,16.20
2008.01.02 17:17:08.202,1.6456,1.64575,7.20,16.20
2008.01.02 17:17:08.502,1.6456,1.64575,7.20,16.20
2008.01.02 17:17:08.766,1.6456,1.6457,7.20,4.00
2008.01.02 17:17:09.029,1.6456,1.6457,7.20,4.00
2008.01.02 17:17:09.291,1.6456,1.6457,7.20,4.00
2008.01.02 17:17:09.555,1.6456,1.6457,7.20,4.00
2008.01.02 17:17:09.819,1.6456,1.6457,7.20,4.00
2008.01.02 17:17:10.193,1.6456,1.6457,7.20,4.00
2008.01.02 17:17:10.771,1.6456,1.6457,7.20,4.00
2008.01.02 17:17:11.020,1.6456,1.6457,7.20,4.00
2008.01.02 17:17:11.299,1.6456,1.64575,7.20,16.20
2008.01.02 17:17:11.719,1.6456,1.6457,7.20,4.00
2008.01.02 17:17:12.057,1.6456,1.6457,3.20,4.00
2008.01.02 17:17:12.386,1.6456,1.6457,5.60,4.00
2008.01.02 17:17:12.714,1.6456,1.6457,5.60,4.00
2008.01.02 17:17:12.948,1.6456,1.6457,5.60,4.00
2008.01.02 17:17:13.176,1.6456,1.6457,5.60,6.00
2008.01.02 17:17:13.406,1.6456,1.6457,5.60,14.00
2008.01.02 17:17:13.636,1.6456,1.6457,5.60,26.00
2008.01.02 17:17:13.924,1.6456,1.6457,5.60,26.00
2008.01.02 17:17:14.217,1.6456,1.6457,0.80,28.40
2008.01.02 17:17:14.506,1.6456,1.6457,0.80,28.40
2008.01.02 17:17:14.952,1.6456,1.6457,0.80,31.60
2008.01.02 17:17:15.176,1.6456,1.64565,0.80,0.30
2008.01.02 17:17:15.400,1.6455,1.6456,0.10,5.60
2008.01.02 17:17:15.623,1.6454,1.6455,16.00,0.70
2008.01.02 17:17:15.859,1.6454,1.6455,20.80,1.50
2008.01.02 17:17:16.142,1.6454,1.6455,20.00,1.50
2008.01.02 17:17:16.426,1.6454,1.6455,16.00,1.50
2008.01.02 17:17:16.727,1.6454,1.6455,16.00,1.50
2008.01.02 17:17:16.992,1.6454,1.6455,16.00,1.50
2008.01.02 17:17:17.256,1.6454,1.6455,16.00,1.50
2008.01.02 17:17:17.518,1.6454,1.6455,16.00,1.50
2008.01.02 17:17:17.782,1.6454,1.6455,9.60,1.50
2008.01.02 17:17:18.030,1.6454,1.6455,7.20,1.50
2008.01.02 17:17:18.279,1.6454,1.6455,9.60,1.50
2008.01.02 17:17:18.528,1.6454,1.6455,17.60,1.50
2008.01.02 17:17:18.776,1.6454,1.6455,17.60,1.50
2008.01.02 17:17:19.054,1.6454,1.6455,17.60,1.50
2008.01.02 17:17:19.332,1.6454,1.6455,17.60,1.50
2008.01.02 17:17:19.610,1.6454,1.6455,17.60,1.50
2008.01.02 17:17:19.888,1.6454,1.6455,17.60,1.50
2008.01.02 17:17:20.101,1.6454,1.6455,16.00,1.50
2008.01.02 17:17:20.333,1.6454,1.6455,14.40,1.50
2008.01.02 17:17:20.547,1.6454,1.6455,14.40,1.50
2008.01.02 17:17:20.760,1.6454,1.6455,14.40,1.50
2008.01.02 17:17:20.975,1.6454,1.6455,19.20,1.50
2008.01.02 17:17:21.275,1.6454,1.6455,19.20,1.50
2008.01.02 17:17:21.573,1.6454,1.6455,19.20,1.50
2008.01.02 17:17:21.871,1.6454,1.6455,19.20,1.50
2008.01.02 17:17:22.110,1.6454,1.6455,20.00,1.50
2008.01.02 17:17:22.348,1.6454,1.6455,10.40,1.50
2008.01.02 17:17:22.587,1.6454,1.6455,2.40,1.50
2008.01.02 17:17:22.824,1.64535,1.6455,4.00,5.50
2008.01.02 17:17:23.084,1.64535,1.6455,4.00,5.50
2008.01.02 17:17:23.383,1.6453,1.6455,14.40,7.90
2008.01.02 17:17:23.681,1.6454,1.6455,0.20,7.90
2008.01.02 17:17:23.979,1.6453,1.6455,19.20,7.90
2008.01.02 17:17:24.208,1.6453,1.6455,19.20,7.90
2008.01.02 17:17:24.436,1.6453,1.6455,19.20,3.90
2008.01.02 17:17:24.684,1.6453,1.6455,19.20,3.90
2008.01.02 17:17:24.912,1.6453,1.6455,18.40,3.90
2008.01.02 17:17:25.140,1.6453,1.6455,12.80,10.00
2008.01.02 17:17:25.462,1.6453,1.6455,4.80,30.00
2008.01.02 17:17:25.786,1.6453,1.6455,4.80,30.00
2008.01.02 17:17:26.109,1.6453,1.6455,4.80,29.20
2008.01.02 17:17:26.308,1.6453,1.6455,4.80,29.20
2008.01.02 17:17:26.506,1.6453,1.6455,4.80,29.20
2008.01.02 17:17:26.667,1.6453,1.6455,4.80,0.60
2008.01.02 17:17:26.712,1.6453,1.6455,4.80,29.20
2008.01.02 17:17:26.908,1.6453,1.6455,4.80,33.20
2008.01.02 17:17:27.107,1.6453,1.6455,4.80,33.20
2008.01.02 17:17:27.417,1.6453,1.64545,4.80,0.60
2008.01.02 17:17:27.745,1.6453,1.6455,4.80,37.80
2008.01.02 17:17:28.052,1.6453,1.64545,4.80,0.50
2008.01.02 17:17:28.276,1.6453,1.6455,4.80,37.80
2008.01.02 17:17:28.499,1.6453,1.64545,4.80,0.60
2008.01.02 17:17:29.143,1.6453,1.6455,2.40,37.20
2008.01.02 17:17:29.412,1.6452,1.6454,10.40,12.70
2008.01.02 17:17:29.680,1.6452,1.64545,4.80,24.30
2008.01.02 17:17:29.949,1.6452,1.6454,4.80,0.50
2008.01.02 17:17:30.216,1.6452,1.6454,5.60,0.60
2008.01.02 17:17:30.484,1.6453,1.6454,2.40,0.90
2008.01.02 17:17:30.733,1.6453,1.6455,6.40,31.70
2008.01.02 17:17:30.981,1.6453,1.64545,6.40,0.30
2008.01.02 17:17:31.254,1.6453,1.6455,6.40,31.70
2008.01.02 17:17:31.501,1.6453,1.64545,6.40,0.30
2008.01.02 17:17:31.755,1.6453,1.64555,6.40,37.20
2008.01.02 17:17:32.004,1.6453,1.64555,6.40,37.20
2008.01.02 17:17:32.251,1.6453,1.64555,6.40,37.20
2008.01.02 17:17:33.781,1.6453,1.64555,6.40,37.20
2008.01.02 17:17:37.236,1.6453,1.64555,6.40,36.40
2008.01.02 17:17:39.489,1.6453,1.64555,6.40,36.40
2008.01.02 17:17:41.469,1.6453,1.6455,8.80,0.70
2008.01.02 17:17:41.682,1.6452,1.64545,25.60,2.10
2008.01.02 17:17:41.897,1.6452,1.6454,13.60,0.70
2008.01.02 17:17:42.111,1.6452,1.64545,13.60,0.30
2008.01.02 17:17:42.324,1.6452,1.64545,13.60,0.30
2008.01.02 17:17:42.586,1.6452,1.6455,13.60,34.90
2008.01.02 17:17:42.850,1.6452,1.64545,13.60,0.30
2008.01.02 17:17:43.170,1.6452,1.64545,13.60,0.30
2008.01.02 17:17:44.945,1.6452,1.6455,13.60,34.90
2008.01.02 17:17:47.244,1.6452,1.64545,13.60,0.30
2008.01.02 17:17:48.998,1.6452,1.6455,13.60,34.90
2008.01.02 17:17:51.124,1.6452,1.64555,13.60,39.60
2008.01.02 17:17:51.327,1.6453,1.6455,4.00,0.70
2008.01.02 17:17:51.549,1.6453,1.6455,4.00,0.80
2008.01.02 17:17:52.013,1.6453,1.64555,4.00,36.40
2008.01.02 17:17:52.251,1.6453,1.6455,6.40,0.80
2008.01.02 17:17:52.488,1.6453,1.6455,6.40,0.60
2008.01.02 17:17:53.232,1.6453,1.6455,6.40,0.50
2008.01.02 17:17:56.524,1.6453,1.6455,8.80,0.80
2008.01.02 17:17:56.753,1.6453,1.64555,8.80,34.00
2008.01.02 17:17:57.043,1.6453,1.6455,6.40,0.60
2008.01.02 17:17:57.317,1.6453,1.6455,6.40,0.60
2008.01.02 17:17:57.591,1.6453,1.64555,6.40,36.40
2008.01.02 17:17:57.864,1.6453,1.64555,7.20,32.40
2008.01.02 17:17:58.118,1.6453,1.64555,7.20,32.40
2008.01.02 17:17:58.371,1.6453,1.6455,7.20,0.90
2008.01.02 17:17:58.676,1.6453,1.6455,7.20,0.50
2008.01.02 17:17:58.929,1.6453,1.64555,6.40,36.40
2008.01.02 17:17:59.213,1.6453,1.64555,6.40,36.40
2008.01.02 17:18:03.208,1.6453,1.64555,6.40,36.40
2008.01.02 17:18:03.411,1.6453,1.64555,6.40,32.40
2008.01.02 17:18:03.615,1.6453,1.6455,6.40,0.60
2008.01.02 17:18:03.923,1.6453,1.64555,6.40,32.40
2008.01.02 17:18:04.191,1.6453,1.64555,6.40,30.60
2008.01.02 17:18:04.460,1.6453,1.6455,6.40,0.90
2008.01.02 17:18:05.673,1.6453,1.64555,6.40,30.60
2008.01.02 17:18:05.850,1.6453,1.64555,8.80,28.20
2008.01.02 17:18:06.194,1.6453,1.6455,8.80,0.80
2008.01.02 17:18:07.862,1.6453,1.6455,9.60,0.80
2008.01.02 17:18:08.930,1.6453,1.64555,9.60,28.20
2008.01.02 17:18:12.103,1.6453,1.64555,8.80,28.20
2008.01.02 17:18:13.167,1.6453,1.6455,8.80,0.50
2008.01.02 17:18:14.285,1.6452,1.64555,38.60,28.20
2008.01.02 17:18:15.736,1.6452,1.64555,38.60,28.20
2008.01.02 17:18:17.177,1.6453,1.64555,8.80,28.20
2008.01.02 17:18:19.173,1.6453,1.64555,8.80,28.20
2008.01.02 17:18:19.391,1.6453,1.6455,8.80,0.90
2008.01.02 17:18:19.608,1.6453,1.64555,8.80,32.20
2008.01.02 17:18:20.209,1.6453,1.64555,8.80,32.20
2008.01.02 17:18:20.956,1.6453,1.64555,8.80,34.00
2008.01.02 17:18:21.183,1.6453,1.6455,6.40,0.90
2008.01.02 17:18:21.412,1.6453,1.6455,6.40,0.70
2008.01.02 17:18:23.165,1.6453,1.6455,6.40,28.80
2008.01.02 17:18:23.358,1.6453,1.6455,6.40,28.80
2008.01.02 17:18:23.550,1.6453,1.6455,6.40,28.80
2008.01.02 17:18:23.953,1.6453,1.6455,6.40,28.80
2008.01.02 17:18:24.263,1.6453,1.6455,6.40,28.80
2008.01.02 17:18:24.490,1.6453,1.6455,6.40,28.80
2008.01.02 17:18:24.718,1.6453,1.6455,12.80,24.00
2008.01.02 17:18:24.835,1.6453,1.6455,12.80,0.50
2008.01.02 17:18:25.002,1.6453,1.6455,12.80,4.00
2008.01.02 17:18:25.285,1.6453,1.64555,13.60,5.00
2008.01.02 17:18:25.568,1.6453,1.64555,13.60,0.30
2008.01.02 17:18:25.846,1.6453,1.6456,21.60,13.80
2008.01.02 17:18:26.124,1.6453,1.6456,21.60,1.80
2008.01.02 17:18:26.402,1.6453,1.6456,21.60,1.80
2008.01.02 17:18:26.680,1.6453,1.6456,21.60,2.00
2008.01.02 17:18:26.894,1.6453,1.6456,21.60,2.00
2008.01.02 17:18:27.106,1.6453,1.6456,21.60,2.00
2008.01.02 17:18:27.319,1.6453,1.6456,21.60,2.00
2008.01.02 17:18:27.532,1.6453,1.6456,21.60,2.00
2008.01.02 17:18:27.746,1.6453,1.6456,21.60,2.00
2008.01.02 17:18:28.260,1.6453,1.6456,21.60,2.00
2008.01.02 17:18:30.428,1.6453,1.6456,21.60,2.00
2008.01.02 17:18:30.944,1.6453,1.6456,21.60,2.00
2008.01.02 17:18:31.468,1.6453,1.6456,21.60,2.00
2008.01.02 17:18:32.799,1.6453,1.6456,20.80,2.00
2008.01.02 17:18:33.028,1.6453,1.6456,20.80,2.00
2008.01.02 17:18:33.256,1.6453,1.6456,20.80,2.00
2008.01.02 17:18:33.758,1.6453,1.6456,20.80,2.00
2008.01.02 17:18:34.170,1.6453,1.6456,20.80,2.00
2008.01.02 17:18:34.695,1.6453,1.6456,20.80,2.00
2008.01.02 17:18:35.205,1.6453,1.6456,20.80,2.00
2008.01.02 17:18:35.455,1.6453,1.6456,20.80,2.00
2008.01.02 17:18:37.106,1.6453,1.6456,20.80,1.80
2008.01.02 17:18:37.319,1.6452,1.6455,27.20,1.80
2008.01.02 17:18:37.599,1.6452,1.6455,27.20,1.80
2008.01.02 17:18:37.819,1.6452,1.6455,25.60,1.80
2008.01.02 17:18:38.097,1.6452,1.6456,25.60,1.80
2008.01.02 17:18:38.375,1.6452,1.6456,25.60,1.80
2008.01.02 17:18:38.653,1.6452,1.6456,21.60,1.80
2008.01.02 17:18:38.967,1.6452,1.6456,21.60,1.80
2008.01.02 17:18:39.211,1.6452,1.6455,21.60,1.80
2008.01.02 17:18:39.490,1.6452,1.6455,21.60,1.80
2008.01.02 17:18:39.732,1.6452,1.6455,21.60,2.00
2008.01.02 17:18:39.976,1.6452,1.6455,21.60,2.00
2008.01.02 17:18:40.232,1.6452,1.6455,21.60,2.00
2008.01.02 17:18:40.944,1.6452,1.6455,21.60,2.00
2008.01.02 17:18:41.246,1.6452,1.6455,21.60,2.00
2008.01.02 17:18:41.479,1.6452,1.6455,21.60,2.00
2008.01.02 17:18:41.712,1.6452,1.6455,25.60,2.00
2008.01.02 17:18:41.997,1.6452,1.6455,25.60,2.00
2008.01.02 17:18:42.251,1.6452,1.6455,25.60,2.00
2008.01.02 17:18:42.530,1.6452,1.6455,21.60,2.00
2008.01.02 17:18:42.808,1.6453,1.6455,8.00,0.30
2008.01.02 17:18:43.086,1.6453,1.6455,8.00,2.00
2008.01.02 17:18:43.339,1.6453,1.6455,8.00,2.00
2008.01.02 17:18:43.592,1.6453,1.6455,8.00,2.00
2008.01.02 17:18:43.845,1.6453,1.6455,8.00,2.00
2008.01.02 17:18:44.098,1.6453,1.6455,8.00,2.00
2008.01.02 17:18:44.387,1.6453,1.6455,8.80,2.00
2008.01.02 17:18:44.695,1.6453,1.6455,8.80,1.80
2008.01.02 17:18:44.987,1.6453,1.6456,16.80,6.00
2008.01.02 17:18:45.194,1.6453,1.6456,19.20,2.00
2008.01.02 17:18:45.401,1.6453,1.6456,21.60,2.00
2008.01.02 17:18:45.612,1.6453,1.6456,21.60,2.00
2008.01.02 17:18:45.819,1.6453,1.6456,20.80,2.00
2008.01.02 17:18:46.027,1.6453,1.6456,21.60,2.00
2008.01.02 17:18:46.320,1.6453,1.6456,16.80,1.80
2008.01.02 17:18:46.615,1.6453,1.6456,16.80,1.80
2008.01.02 17:18:46.927,1.6453,1.6456,16.80,1.80
2008.01.02 17:18:47.220,1.6453,1.6456,21.60,2.00
2008.01.02 17:18:47.453,1.6453,1.6456,21.60,2.00
2008.01.02 17:18:47.686,1.6453,1.6456,21.60,2.00
2008.01.02 17:18:47.981,1.6453,1.6456,21.60,2.00
2008.01.02 17:18:48.203,1.6453,1.6456,21.60,2.00
2008.01.02 17:18:48.718,1.6454,1.6456,4.00,2.00
2008.01.02 17:18:48.942,1.6454,1.6456,8.00,2.00
2008.01.02 17:18:49.230,1.6454,1.6456,8.00,2.00
2008.01.02 17:18:49.447,1.6454,1.6456,8.00,2.00
2008.01.02 17:18:50.166,1.6454,1.6456,4.00,6.00
2008.01.02 17:18:50.354,1.6454,1.6456,4.00,6.00
2008.01.02 17:18:50.542,1.6454,1.6456,4.00,6.00
2008.01.02 17:18:50.730,1.6454,1.64555,4.00,8.00
2008.01.02 17:18:50.918,1.6452,1.6455,31.20,4.00
2008.01.02 17:18:51.106,1.6452,1.6455,27.20,5.80
2008.01.02 17:18:51.374,1.6452,1.6455,27.20,5.80
2008.01.02 17:18:51.655,1.6452,1.6455,27.20,6.00
2008.01.02 17:18:51.923,1.6452,1.6455,25.60,6.00
2008.01.02 17:18:52.192,1.6452,1.6455,25.60,6.00
2008.01.02 17:18:52.411,1.6452,1.6455,25.60,6.00
2008.01.02 17:18:52.744,1.6452,1.6455,25.60,6.00
2008.01.02 17:18:53.157,1.6452,1.6455,25.60,6.00
2008.01.02 17:18:54.193,1.6452,1.6455,25.60,6.00
2008.01.02 17:18:54.410,1.6452,1.6455,25.60,2.00
2008.01.02 17:18:54.628,1.6452,1.6455,25.60,2.00
2008.01.02 17:18:54.846,1.6452,1.6455,25.60,1.80
2008.01.02 17:18:55.065,1.6452,1.6456,25.60,5.80
2008.01.02 17:18:55.283,1.6453,1.6456,16.80,1.80
2008.01.02 17:18:55.561,1.6453,1.6456,20.80,1.80
2008.01.02 17:18:55.839,1.6453,1.6456,20.80,2.00
2008.01.02 17:18:56.117,1.6453,1.6456,23.20,2.00
2008.01.02 17:18:56.395,1.6453,1.6456,25.60,2.00
2008.01.02 17:18:56.698,1.6453,1.6456,25.60,2.00
2008.01.02 17:18:56.941,1.6453,1.6456,25.60,2.00
2008.01.02 17:18:57.206,1.6453,1.6456,25.60,2.00
2008.01.02 17:18:57.468,1.6453,1.6456,25.60,2.00
2008.01.02 17:18:57.681,1.6453,1.6456,24.80,2.00
2008.01.02 17:18:57.894,1.6453,1.6455,12.80,1.80
2008.01.02 17:18:58.108,1.6453,1.6456,10.40,1.80
2008.01.02 17:18:58.321,1.6452,1.6456,31.20,1.80
2008.01.02 17:18:58.555,1.6452,1.6456,27.20,1.80
2008.01.02 17:18:58.889,1.6452,1.6456,25.60,1.80
2008.01.02 17:18:59.188,1.6452,1.6456,25.60,1.80
2008.01.02 17:18:59.685,1.6452,1.6455,25.60,1.80
2008.01.02 17:18:59.928,1.6452,1.6455,13.60,25.80
2008.01.02 17:19:00.171,1.6452,1.6455,13.60,30.00
2008.01.02 17:19:00.414,1.6452,1.6455,13.60,30.00
2008.01.02 17:19:00.651,1.6452,1.6455,13.60,30.00
2008.01.02 17:19:01.038,1.6452,1.6455,13.60,30.80
2008.01.02 17:19:01.276,1.6452,1.6454,8.80,4.00
2008.01.02 17:19:01.514,1.6452,1.6454,8.80,24.00
2008.01.02 17:19:01.759,1.6452,1.6454,8.80,24.00
2008.01.02 17:19:02.105,1.6452,1.6454,8.80,24.00
2008.01.02 17:19:02.347,1.6452,1.6454,8.80,24.00
2008.01.02 17:19:02.682,1.6451,1.6454,50.20,24.00
2008.01.02 17:19:02.709,1.6451,1.6454,50.20,24.00
2008.01.02 17:19:03.228,1.6451,1.6454,49.40,24.00
2008.01.02 17:19:04.161,1.6452,1.6454,8.80,24.00
2008.01.02 17:19:04.394,1.6452,1.6454,12.80,12.00
2008.01.02 17:19:04.627,1.6452,1.64545,12.80,4.00
2008.01.02 17:19:04.861,1.6452,1.6455,12.80,30.00
2008.01.02 17:19:05.098,1.6452,1.6455,12.80,30.00
2008.01.02 17:19:05.336,1.6452,1.6455,12.80,30.00
2008.01.02 17:19:05.575,1.6452,1.6455,13.60,30.00
2008.01.02 17:19:05.814,1.6452,1.6455,13.60,30.00
2008.01.02 17:19:06.219,1.6452,1.6455,21.60,26.00
2008.01.02 17:19:06.427,1.6452,1.6455,21.60,14.00
2008.01.02 17:19:06.634,1.6452,1.6455,21.60,2.00
2008.01.02 17:19:06.878,1.6452,1.6455,21.60,2.00
2008.01.02 17:19:07.122,1.6452,1.6455,21.60,0.30
2008.01.02 17:19:07.365,1.6452,1.6455,21.60,0.30
2008.01.02 17:19:07.608,1.6452,1.6455,25.60,0.30
2008.01.02 17:19:08.014,1.6452,1.6455,27.40,0.30
2008.01.02 17:19:08.211,1.6453,1.6455,4.80,0.30
2008.01.02 17:19:08.454,1.6453,1.6455,8.80,0.30
2008.01.02 17:19:08.672,1.6453,1.6456,12.00,26.00
2008.01.02 17:19:08.920,1.6453,1.6455,20.00,4.00
2008.01.02 17:19:09.169,1.6453,1.6455,20.00,4.00
2008.01.02 17:19:09.416,1.6453,1.6455,4.00,16.00
2008.01.02 17:19:09.665,1.6453,1.6455,4.00,24.00
2008.01.02 17:19:09.922,1.6452,1.6455,19.40,28.00
2008.01.02 17:19:10.201,1.6452,1.6455,19.40,28.00
2008.01.02 17:19:11.199,1.6452,1.6455,19.40,24.00
2008.01.02 17:19:11.398,1.6452,1.6455,27.40,8.00
2008.01.02 17:19:11.596,1.6452,1.6456,27.40,1.80
2008.01.02 17:19:11.974,1.6452,1.6456,27.40,1.80
2008.01.02 17:19:12.257,1.6452,1.6456,27.50,1.80
2008.01.02 17:19:12.716,1.6452,1.6456,27.50,1.80
2008.01.02 17:19:12.963,1.6452,1.64565,27.50,20.00
2008.01.02 17:19:13.688,1.6453,1.64565,0.80,20.00
2008.01.02 17:19:13.916,1.6453,1.64565,0.80,20.00
2008.01.02 17:19:14.136,1.6453,1.6456,2.40,0.30
2008.01.02 17:19:14.354,1.6454,1.64565,8.00,12.20
2008.01.02 17:19:14.571,1.6454,1.64565,8.00,0.30
2008.01.02 17:19:14.790,1.6454,1.64565,8.00,0.30
2008.01.02 17:19:15.170,1.6454,1.64565,10.40,0.30
2008.01.02 17:19:15.489,1.6454,1.64565,12.80,0.30
2008.01.02 17:19:16.036,1.6454,1.6456,12.80,1.80
2008.01.02 17:19:16.742,1.6454,1.6456,8.80,1.80
2008.01.02 17:19:16.950,1.6454,1.6456,4.80,1.80
2008.01.02 17:19:17.158,1.6454,1.6456,4.80,1.80
2008.01.02 17:19:17.386,1.6454,1.6456,4.80,1.80
2008.01.02 17:19:17.910,1.6454,1.6456,4.80,1.80
2008.01.02 17:19:20.965,1.6454,1.6456,4.80,0.90
2008.01.02 17:19:21.190,1.6454,1.64565,4.80,22.00
2008.01.02 17:19:23.600,1.6454,1.64555,4.80,0.30
2008.01.02 17:19:23.804,1.6453,1.64555,16.00,12.20
2008.01.02 17:19:24.007,1.6453,1.6455,16.00,0.70
2008.01.02 17:19:24.251,1.6453,1.64555,16.00,26.60
2008.01.02 17:19:24.494,1.6453,1.64555,16.00,26.60
2008.01.02 17:19:24.737,1.6453,1.64555,18.40,24.20
2008.01.02 17:19:25.012,1.6453,1.64555,18.40,24.20
2008.01.02 17:19:25.224,1.6453,1.64555,18.40,24.20
2008.01.02 17:19:26.323,1.6453,1.6455,14.40,0.60
2008.01.02 17:19:27.018,1.6453,1.6455,14.40,6.70
2008.01.02 17:19:27.307,1.6452,1.6455,8.80,35.40
2008.01.02 17:19:27.531,1.6452,1.6455,8.80,43.40
2008.01.02 17:19:27.753,1.6452,1.6454,8.80,0.70
2008.01.02 17:19:27.977,1.6452,1.6454,10.60,0.50
2008.01.02 17:19:28.201,1.6452,1.6454,11.40,0.50
2008.01.02 17:19:28.584,1.6452,1.64545,11.40,18.60
2008.01.02 17:19:28.872,1.6452,1.64545,14.60,8.20
2008.01.02 17:19:29.160,1.6452,1.6455,15.40,25.80
2008.01.02 17:19:29.409,1.6452,1.6455,15.40,21.10
2008.01.02 17:19:29.658,1.6452,1.6455,15.40,0.60
2008.01.02 17:19:29.905,1.6452,1.64555,23.40,4.30
2008.01.02 17:19:30.153,1.6452,1.6456,23.40,31.70
2008.01.02 17:19:30.669,1.6452,1.6456,23.40,31.70
2008.01.02 17:19:31.591,1.6452,1.6454,23.40,0.30
2008.01.02 17:19:31.828,1.6452,1.6455,11.40,28.20
2008.01.02 17:19:32.067,1.6452,1.6454,11.40,0.90
2008.01.02 17:19:32.305,1.6452,1.6455,10.60,49.00
2008.01.02 17:19:32.519,1.6452,1.6455,10.60,49.00
2008.01.02 17:19:32.732,1.6452,1.6455,10.60,49.00
2008.01.02 17:19:32.945,1.6452,1.6455,8.80,49.00
2008.01.02 17:19:33.158,1.6452,1.6454,10.60,0.60
2008.01.02 17:19:33.381,1.6452,1.64545,10.60,18.60
2008.01.02 17:19:33.604,1.6452,1.64545,10.60,18.40
2008.01.02 17:19:33.829,1.6453,1.64545,8.00,8.00
2008.01.02 17:19:34.062,1.6453,1.64555,15.20,14.60
2008.01.02 17:19:34.285,1.6454,1.64565,2.40,32.40
2008.01.02 17:19:34.568,1.6454,1.64565,2.40,24.40
2008.01.02 17:19:34.851,1.6454,1.6456,2.40,21.20
2008.01.02 17:19:35.162,1.6454,1.6456,2.40,18.00
2008.01.02 17:19:35.445,1.6454,1.64565,4.80,18.00
2008.01.02 17:19:35.712,1.6454,1.64565,4.80,18.00
2008.01.02 17:19:35.986,1.6454,1.64565,4.80,18.00
2008.01.02 17:19:36.260,1.6454,1.6456,4.80,0.60
2008.01.02 17:19:36.994,1.6454,1.64565,4.80,18.00
2008.01.02 17:19:37.407,1.6454,1.6456,4.80,0.50
2008.01.02 17:19:37.719,1.6454,1.6456,4.80,0.80
2008.01.02 17:19:38.177,1.6454,1.64565,2.40,18.00
2008.01.02 17:19:38.440,1.6453,1.64565,28.80,18.00
2008.01.02 17:19:38.983,1.6453,1.6456,28.00,0.60
2008.01.02 17:19:39.236,1.6454,1.64565,4.80,18.00
2008.01.02 17:19:39.489,1.6454,1.6456,4.80,0.50
2008.01.02 17:19:39.738,1.6454,1.6456,8.80,0.70
2008.01.02 17:19:39.986,1.6454,1.64565,12.80,0.50
2008.01.02 17:19:40.234,1.6454,1.64565,8.80,0.30
2008.01.02 17:19:40.483,1.6454,1.6457,8.80,23.70
2008.01.02 17:19:40.737,1.6454,1.64565,8.80,0.30
2008.01.02 17:19:41.008,1.6454,1.6456,4.80,0.50
2008.01.02 17:19:41.261,1.6454,1.6456,6.40,0.70
2008.01.02 17:19:41.515,1.6455,1.6457,4.00,7.20
2008.01.02 17:19:41.769,1.6455,1.64575,8.00,13.80
2008.01.02 17:19:42.023,1.6455,1.64575,1.60,17.80
2008.01.02 17:19:42.276,1.6455,1.64575,10.40,16.20
2008.01.02 17:19:42.550,1.6456,1.64575,2.40,0.70
2008.01.02 17:19:42.823,1.6456,1.6458,2.40,26.00
2008.01.02 17:19:43.107,1.6456,1.6458,2.40,26.80
2008.01.02 17:19:43.380,1.6456,1.6458,2.40,27.60
2008.01.02 17:19:43.643,1.6456,1.64575,2.40,0.50
2008.01.02 17:19:43.906,1.6456,1.64575,2.40,0.60
2008.01.02 17:19:44.182,1.6456,1.64575,2.40,0.50
2008.01.02 17:19:45.600,1.6456,1.6458,2.40,27.40
2008.01.02 17:19:45.819,1.6456,1.6458,2.40,21.80
2008.01.02 17:19:46.043,1.6456,1.64575,2.40,0.80
2008.01.02 17:19:46.262,1.6455,1.64575,22.40,0.90
2008.01.02 17:19:46.480,1.6455,1.6458,14.40,30.80
2008.01.02 17:19:46.758,1.6455,1.6458,14.40,30.80
2008.01.02 17:19:47.021,1.6454,1.6458,36.00,41.40
2008.01.02 17:19:47.036,1.6455,1.6458,14.40,34.80
2008.01.02 17:19:47.316,1.6455,1.6457,14.40,0.60
2008.01.02 17:19:47.595,1.6455,1.64575,14.40,12.20
2008.01.02 17:19:47.839,1.6455,1.6457,18.40,0.60
2008.01.02 17:19:48.082,1.6455,1.6457,17.60,2.40
2008.01.02 17:19:48.325,1.6456,1.6457,4.00,2.40
2008.01.02 17:19:48.567,1.6456,1.6457,4.00,2.40
2008.01.02 17:19:49.038,1.6456,1.6457,4.00,2.40
2008.01.02 17:19:49.286,1.6456,1.6458,6.40,21.20
2008.01.02 17:19:49.535,1.6456,1.6458,6.40,21.20
2008.01.02 17:19:49.742,1.6456,1.6458,6.40,21.20
2008.01.02 17:19:50.261,1.6456,1.6458,6.40,21.20
2008.01.02 17:19:50.662,1.6456,1.6458,6.40,21.20
2008.01.02 17:19:51.198,1.6456,1.6458,6.40,21.20
2008.01.02 17:19:54.953,1.6456,1.6458,6.40,25.20
2008.01.02 17:19:55.167,1.6456,1.6457,2.40,0.30
2008.01.02 17:19:55.381,1.6455,1.64565,4.00,8.00
2008.01.02 17:19:55.594,1.6454,1.6456,10.40,4.00
2008.01.02 17:19:55.872,1.6453,1.6457,2.40,5.80
2008.01.02 17:19:56.150,1.6453,1.6455,2.40,0.30
2008.01.02 17:19:56.429,1.6453,1.6455,1.60,0.30
2008.01.02 17:19:56.707,1.6453,1.64535,1.60,8.00
2008.01.02 17:19:56.920,1.6452,1.64535,4.80,8.00
2008.01.02 17:19:57.133,1.6452,1.64535,4.80,8.00
2008.01.02 17:19:57.346,1.6452,1.64535,4.80,8.00
2008.01.02 17:19:57.559,1.6452,1.64535,4.80,8.00
2008.01.02 17:19:58.235,1.6452,1.64535,4.80,8.00
2008.01.02 17:19:58.555,1.6452,1.64535,4.80,8.00
2008.01.02 17:19:58.788,1.6452,1.64535,4.80,8.00
2008.01.02 17:19:58.973,1.6452,1.64535,4.80,8.00
2008.01.02 17:19:59.154,1.6452,1.64535,4.80,8.00
2008.01.02 17:19:59.338,1.6452,1.64535,4.80,8.00
2008.01.02 17:19:59.689,1.6452,1.64535,4.80,8.00
2008.01.02 17:20:00.025,1.6452,1.64535,4.80,8.00
2008.01.02 17:20:00.315,1.64515,1.6453,4.00,12.80
2008.01.02 17:20:00.628,1.6451,1.6453,9.60,24.00
2008.01.02 17:20:00.941,1.6451,1.6453,20.00,16.00
2008.01.02 17:20:01.154,1.6452,1.6453,2.40,8.00
2008.01.02 17:20:01.367,1.6452,1.6453,2.40,8.00
2008.01.02 17:20:01.580,1.6452,1.6453,4.80,4.00
2008.01.02 17:20:01.794,1.6452,1.6453,4.80,4.00
2008.01.02 17:20:02.126,1.6452,1.6453,4.80,4.00
2008.01.02 17:20:02.460,1.6452,1.6454,4.80,24.00
2008.01.02 17:20:02.793,1.6452,1.6454,4.80,24.00
2008.01.02 17:20:03.126,1.6452,1.6454,4.80,24.00
2008.01.02 17:20:03.344,1.6452,1.6454,4.80,24.00
2008.01.02 17:20:03.583,1.6452,1.6454,4.80,24.00
2008.01.02 17:20:03.781,1.6452,1.6454,8.80,20.00
2008.01.02 17:20:04.015,1.6452,1.64545,8.80,4.20
2008.01.02 17:20:04.290,1.6452,1.6453,2.40,4.00
2008.01.02 17:20:04.563,1.6452,1.6453,2.40,8.00
2008.01.02 17:20:04.836,1.6452,1.6453,2.40,8.00
2008.01.02 17:20:05.074,1.6452,1.6454,2.40,27.60
2008.01.02 17:20:05.312,1.6452,1.6454,2.40,30.80
2008.01.02 17:20:05.646,1.6452,1.6454,2.40,30.60
2008.01.02 17:20:05.884,1.6452,1.6454,4.80,25.80
2008.01.02 17:20:06.141,1.6452,1.6454,4.80,25.80
2008.01.02 17:20:06.399,1.6452,1.6454,4.80,25.80
2008.01.02 17:20:06.656,1.6452,1.6454,4.80,25.80
2008.01.02 17:20:06.915,1.6452,1.6454,8.80,25.80
2008.01.02 17:20:07.169,1.6452,1.6454,8.80,25.80
2008.01.02 17:20:07.422,1.6452,1.6454,8.80,25.80
2008.01.02 17:20:07.675,1.6452,1.6454,6.40,25.80
2008.01.02 17:20:07.928,1.6451,1.6453,13.60,12.00
2008.01.02 17:20:08.186,1.6451,1.6453,8.00,24.00
2008.01.02 17:20:08.445,1.6451,1.6453,8.00,24.00
2008.01.02 17:20:08.703,1.6451,1.6453,12.00,24.00
2008.01.02 17:20:08.995,1.6451,1.6453,12.00,24.00
2008.01.02 17:20:09.253,1.6451,1.6453,12.00,24.00
2008.01.02 17:20:09.591,1.6451,1.6453,12.00,24.00
2008.01.02 17:20:09.857,1.6452,1.6454,16.80,19.20
2008.01.02 17:20:10.115,1.6452,1.6454,18.40,10.40
2008.01.02 17:20:10.389,1.6453,1.64545,2.40,20.00
2008.01.02 17:20:10.662,1.6453,1.6455,2.40,30.80
2008.01.02 17:20:10.935,1.6453,1.6455,2.40,32.40
2008.01.02 17:20:11.436,1.6453,1.6455,2.40,33.20
2008.01.02 17:20:11.671,1.6453,1.6455,2.40,33.20
2008.01.02 17:20:13.171,1.6453,1.6454,2.40,4.00
2008.01.02 17:20:13.385,1.6452,1.6454,18.40,4.00
2008.01.02 17:20:13.579,1.6452,1.6454,18.40,8.00
2008.01.02 17:20:14.153,1.6452,1.6454,18.40,8.00
2008.01.02 17:20:14.472,1.6452,1.6454,18.40,8.00
2008.01.02 17:20:14.994,1.6452,1.6454,18.40,8.00
2008.01.02 17:20:15.589,1.6452,1.6454,18.40,8.00
2008.01.02 17:20:15.803,1.6452,1.6454,14.40,8.00
2008.01.02 17:20:16.223,1.6452,1.6454,14.40,8.00
2008.01.02 17:20:16.555,1.6452,1.6454,14.40,8.00
2008.01.02 17:20:17.289,1.6452,1.6454,14.40,8.00
2008.01.02 17:20:17.612,1.6452,1.6454,12.00,8.00
2008.01.02 17:20:17.807,1.6452,1.6454,12.00,8.80
2008.01.02 17:20:18.002,1.6452,1.6454,9.60,9.60
2008.01.02 17:20:18.355,1.6452,1.6454,10.40,9.80
2008.01.02 17:20:18.689,1.6452,1.6454,12.80,20.80
2008.01.02 17:20:19.023,1.6452,1.64545,12.80,4.20
2008.01.02 17:20:19.271,1.6452,1.64545,12.80,0.30
2008.01.02 17:20:19.480,1.6452,1.64545,12.80,0.30
2008.01.02 17:20:19.708,1.6452,1.64545,12.80,0.30
2008.01.02 17:20:20.200,1.6452,1.64545,12.80,0.30
2008.01.02 17:20:21.624,1.6452,1.6455,12.80,34.80
2008.01.02 17:20:21.858,1.6452,1.6455,24.80,30.80
2008.01.02 17:20:22.090,1.6452,1.6455,27.20,30.80
2008.01.02 17:20:22.319,1.6453,1.6455,2.40,30.80
2008.01.02 17:20:22.778,1.6453,1.6455,2.40,31.60
2008.01.02 17:20:23.006,1.6453,1.6455,2.40,33.20
2008.01.02 17:20:23.271,1.6453,1.6455,2.40,33.20
2008.01.02 17:20:23.921,1.6453,1.6455,2.40,34.80
2008.01.02 17:20:24.133,1.6453,1.64545,2.40,0.30
2008.01.02 17:20:24.382,1.6452,1.6454,18.40,6.40
2008.01.02 17:20:24.629,1.6452,1.6454,18.40,6.40
2008.01.02 17:20:24.877,1.6452,1.6454,18.40,6.40
2008.01.02 17:20:25.126,1.6452,1.6454,18.40,8.00
2008.01.02 17:20:25.350,1.6452,1.6454,18.40,8.80
2008.01.02 17:20:26.042,1.6452,1.6454,18.40,7.20
2008.01.02 17:20:26.265,1.6452,1.6454,18.40,6.40
2008.01.02 17:20:27.128,1.6452,1.6454,18.40,6.60
2008.01.02 17:20:27.327,1.6452,1.6454,8.80,20.20
2008.01.02 17:20:27.524,1.6452,1.6454,8.80,29.00
2008.01.02 17:20:28.155,1.6452,1.6454,8.80,28.20
2008.01.02 17:20:28.408,1.6452,1.6454,8.80,26.60
2008.01.02 17:20:28.662,1.6452,1.6454,8.80,26.60
2008.01.02 17:20:29.161,1.6452,1.6454,8.80,26.60
2008.01.02 17:20:29.992,1.6452,1.6454,10.40,26.60
2008.01.02 17:20:30.185,1.6452,1.6454,10.40,26.40
2008.01.02 17:20:30.378,1.6452,1.6454,18.40,14.40
2008.01.02 17:20:30.556,1.6452,1.6454,18.40,6.40
2008.01.02 17:20:31.001,1.6452,1.6454,18.40,6.40
2008.01.02 17:20:31.179,1.6452,1.6454,16.80,6.60
2008.01.02 17:20:31.358,1.6452,1.6454,8.80,26.60
2008.01.02 17:20:31.618,1.6452,1.6454,8.80,26.40
2008.01.02 17:20:31.876,1.6453,1.6454,8.00,8.00
2008.01.02 17:20:32.135,1.6453,1.64545,11.20,4.20
2008.01.02 17:20:32.394,1.6452,1.64545,14.40,0.30
2008.01.02 17:20:32.654,1.6452,1.6454,14.40,0.30
2008.01.02 17:20:32.892,1.6452,1.6454,8.80,16.20
2008.01.02 17:20:33.130,1.6452,1.6454,8.80,26.60
2008.01.02 17:20:33.368,1.6452,1.6454,8.80,26.60
2008.01.02 17:20:33.596,1.6452,1.6454,8.80,26.40
2008.01.02 17:20:33.824,1.6452,1.64545,12.80,0.30
2008.01.02 17:20:34.052,1.6452,1.64545,12.80,0.30
2008.01.02 17:20:34.280,1.6452,1.64545,12.80,0.30
2008.01.02 17:20:35.634,1.6452,1.6455,12.80,34.80
2008.01.02 17:20:35.861,1.6452,1.6455,24.80,30.80
2008.01.02 17:20:36.066,1.6452,1.6455,26.40,30.80
2008.01.02 17:20:36.292,1.6453,1.6455,2.40,30.80
2008.01.02 17:20:36.495,1.6453,1.6455,2.40,30.80
2008.01.02 17:20:36.769,1.6453,1.6455,2.40,32.40
2008.01.02 17:20:37.020,1.6453,1.6455,2.40,33.20
2008.01.02 17:20:37.272,1.6453,1.6455,2.40,33.20
2008.01.02 17:20:39.374,1.6453,1.64545,2.40,0.30
2008.01.02 17:20:42.963,1.6453,1.64545,2.40,0.30
2008.01.02 17:20:46.013,1.6453,1.6455,2.40,33.20
2008.01.02 17:20:46.226,1.6453,1.6455,2.40,33.20
2008.01.02 17:20:46.730,1.6453,1.6455,2.40,33.20
2008.01.02 17:20:46.977,1.6453,1.6455,2.40,33.20
2008.01.02 17:20:47.982,1.6453,1.6455,2.40,33.20
2008.01.02 17:20:48.262,1.6453,1.6455,2.40,33.20
2008.01.02 17:20:48.519,1.6453,1.6455,2.40,33.20
2008.01.02 17:20:48.801,1.6452,1.6454,11.20,4.00
2008.01.02 17:20:49.010,1.6452,1.64535,3.20,8.00
2008.01.02 17:20:49.244,1.6452,1.6453,2.40,0.80
2008.01.02 17:20:49.477,1.6452,1.6454,10.40,8.00
2008.01.02 17:20:49.710,1.6452,1.6454,8.80,8.20
2008.01.02 17:20:50.010,1.6452,1.64535,4.80,8.00
2008.01.02 17:20:50.308,1.6451,1.64525,13.60,0.80
2008.01.02 17:20:50.605,1.6451,1.64525,13.60,0.80
2008.01.02 17:20:50.905,1.6451,1.6452,4.80,3.90
2008.01.02 17:20:51.164,1.6451,1.64525,5.60,16.00
2008.01.02 17:20:51.423,1.6452,1.64525,4.00,8.00
2008.01.02 17:20:51.682,1.6452,1.6453,4.80,4.00
2008.01.02 17:20:51.961,1.6452,1.64535,8.80,8.00
2008.01.02 17:20:52.178,1.6452,1.6454,8.80,9.80
2008.01.02 17:20:52.209,1.6452,1.6454,12.80,0.50
2008.01.02 17:20:52.477,1.6452,1.64545,12.80,2.10
2008.01.02 17:20:52.745,1.6452,1.6454,4.80,25.80
2008.01.02 17:20:52.993,1.6452,1.6454,4.80,29.80
2008.01.02 17:20:53.242,1.6452,1.6453,2.40,0.80
2008.01.02 17:20:53.491,1.6451,1.64535,11.20,21.00
2008.01.02 17:20:53.740,1.6451,1.64535,4.80,25.00
2008.01.02 17:20:54.003,1.6451,1.64535,5.60,27.20
2008.01.02 17:20:54.266,1.6451,1.6453,4.00,0.80
2008.01.02 17:20:54.551,1.6451,1.64535,8.00,28.80
2008.01.02 17:20:54.815,1.6451,1.64535,14.40,22.40
2008.01.02 17:20:55.058,1.6451,1.64535,14.40,23.20
2008.01.02 17:20:55.301,1.6451,1.6453,14.40,0.60
2008.01.02 17:20:55.544,1.6451,1.64535,14.40,22.60
2008.01.02 17:20:55.787,1.6451,1.6453,14.40,5.60
2008.01.02 17:20:56.010,1.6451,1.6453,14.40,5.60
2008.01.02 17:20:56.234,1.6451,1.6453,12.00,18.70
2008.01.02 17:20:56.458,1.6451,1.64525,2.40,14.10
2008.01.02 17:20:56.681,1.6451,1.64525,2.40,22.10
2008.01.02 17:20:56.905,1.645,1.6452,4.80,0.80
2008.01.02 17:20:57.158,1.645,1.6451,4.80,0.80
2008.01.02 17:20:57.433,1.6449,1.6452,34.40,31.60
2008.01.02 17:20:57.687,1.6449,1.64515,34.40,5.90
2008.01.02 17:20:57.940,1.6449,1.64515,24.80,13.80
2008.01.02 17:20:58.204,1.645,1.64515,2.40,24.20
2008.01.02 17:20:58.467,1.645,1.64515,4.80,0.70
2008.01.02 17:20:58.731,1.645,1.64515,8.80,0.60
2008.01.02 17:20:58.995,1.645,1.6452,8.80,0.50
2008.01.02 17:20:59.255,1.645,1.6452,8.80,0.60
2008.01.02 17:20:59.501,1.645,1.6452,8.80,0.90
2008.01.02 17:21:00.234,1.645,1.64525,8.80,30.80
2008.01.02 17:21:00.747,1.645,1.6452,8.80,0.90
2008.01.02 17:21:00.993,1.645,1.64525,8.80,29.00
2008.01.02 17:21:01.251,1.645,1.64525,8.80,28.20
2008.01.02 17:21:01.509,1.645,1.6452,6.40,0.60
2008.01.02 17:21:02.165,1.645,1.6452,6.40,0.90
2008.01.02 17:21:02.429,1.645,1.6452,6.40,0.50
2008.01.02 17:21:04.071,1.645,1.64525,7.20,33.00
2008.01.02 17:21:04.310,1.645,1.64525,7.20,33.00
2008.01.02 17:21:04.569,1.645,1.64525,7.20,33.00
2008.01.02 17:21:04.808,1.645,1.64525,7.20,33.00
2008.01.02 17:21:05.747,1.645,1.6452,7.20,0.60
2008.01.02 17:21:06.010,1.645,1.64525,6.40,33.00
2008.01.02 17:21:06.199,1.645,1.64525,7.20,33.00
2008.01.02 17:21:06.453,1.645,1.6452,7.20,0.60
2008.01.02 17:21:07.181,1.645,1.6452,7.20,0.60
2008.01.02 17:21:07.504,1.645,1.6452,7.20,0.80
2008.01.02 17:21:09.245,1.645,1.64525,7.20,33.00
2008.01.02 17:21:12.133,1.645,1.6452,7.20,0.80
2008.01.02 17:21:12.368,1.645,1.6452,7.20,0.80
2008.01.02 17:21:12.581,1.645,1.6452,7.20,0.50
2008.01.02 17:21:13.168,1.645,1.64525,7.20,33.00
2008.01.02 17:21:13.482,1.645,1.64525,7.20,33.00
2008.01.02 17:21:13.759,1.645,1.6452,6.40,0.90
2008.01.02 17:21:14.217,1.645,1.64525,6.40,33.00
2008.01.02 17:21:14.942,1.645,1.6452,6.40,0.70
2008.01.02 17:21:16.228,1.645,1.6452,0.80,0.70
2008.01.02 17:21:16.627,1.64495,1.64525,10.40,34.80
2008.01.02 17:21:16.830,1.64495,1.64525,16.80,26.60
2008.01.02 17:21:17.034,1.64495,1.64525,18.40,26.60
2008.01.02 17:21:17.240,1.645,1.6452,0.50,0.80
2008.01.02 17:21:17.502,1.6449,1.64525,39.20,30.60
2008.01.02 17:21:17.967,1.645,1.6452,0.70,0.50
2008.01.02 17:21:18.230,1.6449,1.64525,26.40,35.40
2008.01.02 17:21:18.495,1.645,1.64515,0.60,0.60
2008.01.02 17:21:18.733,1.6449,1.6452,24.00,33.20
2008.01.02 17:21:19.145,1.6449,1.6452,24.80,34.00
2008.01.02 17:21:19.360,1.6449,1.6452,24.80,34.80
2008.01.02 17:21:19.758,1.645,1.64515,0.90,0.50
2008.01.02 17:21:19.992,1.645,1.64515,0.70,0.90
2008.01.02 17:21:20.267,1.6449,1.6452,28.80,33.20
2008.01.02 17:21:20.981,1.645,1.64515,0.70,0.50
2008.01.02 17:21:21.240,1.6449,1.64515,32.80,8.00
2008.01.02 17:21:21.459,1.6449,1.64515,40.80,8.00
2008.01.02 17:21:21.686,1.6449,1.6452,40.80,29.20
2008.01.02 17:21:21.914,1.6449,1.6452,40.80,29.20
2008.01.02 17:21:22.159,1.645,1.6452,2.00,29.20
2008.01.02 17:21:22.387,1.645,1.6452,2.60,29.20
2008.01.02 17:21:22.847,1.645,1.6452,0.60,29.20
2008.01.02 17:21:23.365,1.645,1.6452,0.60,30.00
2008.01.02 17:21:23.617,1.64495,1.6452,10.40,30.80
2008.01.02 17:21:26.712,1.64495,1.6452,12.80,28.40
2008.01.02 17:21:26.940,1.64495,1.6452,12.80,28.40
2008.01.02 17:21:27.722,1.645,1.6452,2.60,28.40
2008.01.02 17:21:27.999,1.64495,1.6452,8.80,28.40
2008.01.02 17:21:28.227,1.645,1.6452,3.90,28.40
2008.01.02 17:21:28.970,1.645,1.6452,2.60,26.60
2008.01.02 17:21:29.278,1.645,1.6452,4.30,26.60
2008.01.02 17:21:31.227,1.645,1.6452,3.20,26.60
2008.01.02 17:21:31.463,1.64495,1.6452,12.80,26.60
2008.01.02 17:21:33.699,1.64495,1.6452,8.80,26.60
2008.01.02 17:21:33.892,1.64495,1.6452,8.80,26.60
2008.01.02 17:21:34.146,1.64495,1.6452,8.80,28.40
2008.01.02 17:21:34.445,1.64495,1.6452,8.80,28.40
2008.01.02 17:21:35.711,1.645,1.6452,0.70,28.40
2008.01.02 17:21:35.950,1.64495,1.6452,12.80,26.60
2008.01.02 17:21:36.158,1.64495,1.6452,12.80,26.60
2008.01.02 17:21:36.366,1.64495,1.6452,12.80,26.60
2008.01.02 17:21:37.257,1.645,1.6452,3.20,26.60
2008.01.02 17:21:37.495,1.645,1.6452,2.40,26.60
2008.01.02 17:21:37.773,1.645,1.6452,3.10,26.60
2008.01.02 17:21:38.208,1.64495,1.6452,12.80,26.60
2008.01.02 17:21:39.147,1.645,1.6452,0.60,26.60
2008.01.02 17:21:39.376,1.645,1.6452,2.60,28.40
2008.01.02 17:21:39.604,1.64495,1.6452,8.80,28.40
2008.01.02 17:21:39.832,1.64495,1.6451,8.80,8.00
2008.01.02 17:21:40.060,1.6449,1.6451,18.40,20.00
2008.01.02 17:21:40.321,1.645,1.6451,0.70,12.00
2008.01.02 17:21:40.558,1.6449,1.6452,39.20,32.40
2008.01.02 17:21:40.818,1.6449,1.6452,39.20,28.40
2008.01.02 17:21:41.333,1.645,1.6452,1.30,28.40
2008.01.02 17:21:41.717,1.64495,1.6452,8.80,28.40
2008.01.02 17:21:44.605,1.64495,1.6452,6.40,28.40
2008.01.02 17:21:44.883,1.6449,1.6451,12.00,24.00
2008.01.02 17:21:45.176,1.6448,1.6451,44.20,24.00
2008.01.02 17:21:45.379,1.6449,1.6451,12.00,24.00
2008.01.02 17:21:45.985,1.6449,1.6451,12.00,24.00
2008.01.02 17:21:46.280,1.6449,1.6451,12.00,24.00
2008.01.02 17:21:47.178,1.645,1.6451,2.40,20.00
2008.01.02 17:21:47.467,1.645,1.64515,4.80,16.00
2008.01.02 17:21:47.659,1.645,1.64515,4.80,16.00
2008.01.02 17:21:47.855,1.645,1.64515,4.80,8.00
2008.01.02 17:21:48.048,1.645,1.6452,4.80,28.40
2008.01.02 17:21:48.241,1.645,1.64515,4.80,8.00
2008.01.02 17:21:48.549,1.645,1.64515,4.80,16.00
2008.01.02 17:21:48.858,1.645,1.64515,4.80,16.00
2008.01.02 17:21:49.214,1.645,1.64515,4.80,16.00
2008.01.02 17:21:49.431,1.645,1.64515,4.80,16.00
2008.01.02 17:21:49.760,1.645,1.64515,4.80,16.00
2008.01.02 17:21:49.954,1.645,1.64515,4.80,16.00
2008.01.02 17:21:50.475,1.645,1.64515,4.80,16.00
2008.01.02 17:21:50.964,1.645,1.64515,4.80,16.00
2008.01.02 17:21:51.252,1.645,1.64515,4.80,16.00
2008.01.02 17:21:51.724,1.645,1.64515,4.80,16.00
2008.01.02 17:21:52.236,1.645,1.64515,4.80,16.00
2008.01.02 17:21:52.464,1.645,1.64515,4.80,16.00
2008.01.02 17:21:53.270,1.645,1.64515,4.80,16.00
2008.01.02 17:21:54.186,1.645,1.64515,4.80,16.00
2008.01.02 17:21:55.221,1.645,1.64515,4.80,16.00
2008.01.02 17:21:55.667,1.645,1.64515,4.80,16.20
2008.01.02 17:21:55.886,1.6449,1.6451,9.60,24.00
2008.01.02 17:21:56.104,1.6449,1.6451,9.60,24.00
2008.01.02 17:21:56.321,1.6449,1.6451,9.60,28.80
2008.01.02 17:21:56.559,1.6449,1.6451,9.60,28.80
2008.01.02 17:21:56.798,1.6449,1.6451,9.60,28.80
2008.01.02 17:21:57.036,1.6449,1.6451,8.00,28.80
2008.01.02 17:21:57.276,1.6448,1.645,12.80,4.00
2008.01.02 17:21:57.515,1.6448,1.645,8.80,4.00
2008.01.02 17:21:57.754,1.6448,1.64505,12.80,0.30
2008.01.02 17:21:58.018,1.6448,1.64505,12.80,0.30
2008.01.02 17:21:58.255,1.6448,1.645,8.80,17.00
2008.01.02 17:21:58.493,1.6448,1.645,8.80,29.00
2008.01.02 17:21:58.953,1.6448,1.645,8.80,29.00
2008.01.02 17:21:59.267,1.6448,1.645,8.80,29.00
2008.01.02 17:21:59.586,1.6448,1.645,8.80,29.00
2008.01.02 17:21:59.834,1.6449,1.645,4.00,25.00
2008.01.02 17:22:00.082,1.6449,1.645,4.00,25.00
2008.01.02 17:22:00.844,1.6449,1.645,4.00,25.00
2008.01.02 17:22:01.059,1.6449,1.645,4.00,25.00
2008.01.02 17:22:01.252,1.6449,1.645,4.00,25.00
2008.01.02 17:22:02.453,1.6449,1.645,4.00,25.00
2008.01.02 17:22:02.766,1.6449,1.645,4.00,25.00
2008.01.02 17:22:03.500,1.6449,1.645,4.00,25.00
2008.01.02 17:22:04.234,1.6449,1.645,4.00,25.00
2008.01.02 17:22:04.986,1.6449,1.645,4.00,26.80
2008.01.02 17:22:05.259,1.6449,1.645,4.00,26.80
2008.01.02 17:22:07.887,1.6449,1.645,4.00,26.00
2008.01.02 17:22:08.165,1.6449,1.645,4.00,24.40
2008.01.02 17:22:09.027,1.6449,1.645,4.00,22.60
2008.01.02 17:22:09.196,1.6449,1.645,4.00,22.60
2008.01.02 17:22:09.506,1.6449,1.645,4.00,22.60
2008.01.02 17:22:10.776,1.6449,1.645,4.00,22.60
2008.01.02 17:22:11.347,1.6449,1.64505,4.00,26.60
2008.01.02 17:22:17.220,1.6449,1.64505,4.00,26.60
2008.01.02 17:22:17.777,1.6449,1.64505,4.00,26.60
2008.01.02 17:22:17.985,1.6449,1.645,4.00,0.60
2008.01.02 17:22:18.293,1.6449,1.64505,4.00,22.60
2008.01.02 17:22:18.601,1.6449,1.645,4.00,0.70
2008.01.02 17:22:18.910,1.6449,1.64505,4.00,10.40
2008.01.02 17:22:19.144,1.6449,1.645,4.00,0.60
2008.01.02 17:22:19.377,1.6449,1.6451,4.00,0.50
2008.01.02 17:22:19.929,1.6449,1.64515,4.00,30.80
2008.01.02 17:22:20.252,1.6449,1.6451,4.00,0.80
2008.01.02 17:22:20.627,1.6449,1.64515,4.00,31.60
2008.01.02 17:22:20.885,1.64485,1.645,4.00,0.60
2008.01.02 17:22:21.138,1.6448,1.645,16.00,0.70
2008.01.02 17:22:21.392,1.6448,1.6451,16.00,43.20
2008.01.02 17:22:21.644,1.6448,1.64505,16.00,21.90
2008.01.02 17:22:21.898,1.6448,1.64505,16.00,21.90
2008.01.02 17:22:22.146,1.6448,1.645,15.20,0.50
2008.01.02 17:22:22.395,1.6448,1.645,15.20,0.50
2008.01.02 17:22:22.642,1.6448,1.64505,15.20,25.00
2008.01.02 17:22:22.892,1.6448,1.645,19.20,0.50
2008.01.02 17:22:23.170,1.6448,1.64505,23.20,0.90
2008.01.02 17:22:23.449,1.6449,1.6451,2.40,35.60
2008.01.02 17:22:23.795,1.6449,1.64505,2.40,0.60
2008.01.02 17:22:24.073,1.6449,1.6451,2.40,35.60
2008.01.02 17:22:24.292,1.6449,1.6451,2.40,36.40
2008.01.02 17:22:24.743,1.6449,1.64505,2.40,0.60
2008.01.02 17:22:25.015,1.6449,1.64505,2.40,0.70
2008.01.02 17:22:25.269,1.6448,1.64505,8.00,17.40
2008.01.02 17:22:25.545,1.6448,1.64505,10.40,17.30
2008.01.02 17:22:25.799,1.6448,1.645,10.40,0.60
2008.01.02 17:22:26.052,1.6448,1.64505,10.40,21.80
2008.01.02 17:22:26.326,1.6448,1.64505,14.40,24.20
2008.01.02 17:22:26.578,1.6448,1.645,18.40,0.80
2008.01.02 17:22:26.832,1.6448,1.645,18.40,0.60
2008.01.02 17:22:27.221,1.6448,1.64505,18.40,24.20
2008.01.02 17:22:27.745,1.6448,1.64505,18.40,24.20
2008.01.02 17:22:28.012,1.6448,1.645,16.00,0.70
2008.01.02 17:22:28.280,1.6449,1.64505,4.00,24.20
2008.01.02 17:22:28.499,1.6449,1.645,4.00,0.50
2008.01.02 17:22:29.177,1.6448,1.64505,18.40,24.20
2008.01.02 17:22:29.431,1.6448,1.64505,18.40,24.20
2008.01.02 17:22:29.711,1.6448,1.645,18.40,0.70
2008.01.02 17:22:30.293,1.6448,1.64505,18.40,24.20
2008.01.02 17:22:31.235,1.6448,1.64505,18.40,24.20
2008.01.02 17:22:31.772,1.6448,1.64505,18.40,24.20
2008.01.02 17:22:31.984,1.6448,1.64505,18.40,24.20
2008.01.02 17:22:32.262,1.6448,1.64505,18.40,24.20
2008.01.02 17:22:32.471,1.6448,1.645,18.40,0.90
2008.01.02 17:22:32.680,1.6448,1.645,16.80,0.90
2008.01.02 17:22:32.889,1.6448,1.645,8.80,0.90
2008.01.02 17:22:33.097,1.6448,1.64505,8.80,34.80
2008.01.02 17:22:33.516,1.6448,1.64505,8.80,34.80
2008.01.02 17:22:33.928,1.6448,1.64505,8.80,34.80
2008.01.02 17:22:34.251,1.6448,1.64505,8.80,34.80
2008.01.02 17:22:34.540,1.6448,1.645,8.80,0.60
2008.01.02 17:22:34.778,1.6448,1.64505,8.80,34.80
2008.01.02 17:22:38.261,1.6448,1.64505,8.80,34.80
2008.01.02 17:22:39.188,1.6448,1.645,8.80,0.80
2008.01.02 17:22:40.720,1.6448,1.645,8.80,29.00
2008.01.02 17:22:43.264,1.6448,1.645,8.80,29.00
2008.01.02 17:22:43.779,1.6448,1.645,8.80,29.00
2008.01.02 17:22:44.020,1.6448,1.645,8.80,29.00
2008.01.02 17:22:44.239,1.6448,1.645,8.80,30.80
2008.01.02 17:22:44.482,1.6448,1.645,8.80,29.00
2008.01.02 17:22:44.971,1.6448,1.645,8.80,30.60
2008.01.02 17:22:45.255,1.6448,1.6449,4.00,6.40
2008.01.02 17:22:45.538,1.6448,1.6449,4.00,6.40
2008.01.02 17:22:45.822,1.6448,1.6449,4.00,4.80
2008.01.02 17:22:46.041,1.6448,1.6449,4.00,2.40
2008.01.02 17:22:46.258,1.6448,1.6449,4.00,2.40
2008.01.02 17:22:46.499,1.6448,1.6449,4.00,2.40
2008.01.02 17:22:47.224,1.6448,1.6449,4.00,2.40
2008.01.02 17:22:47.543,1.6448,1.6449,4.00,2.40
2008.01.02 17:22:47.961,1.6448,1.6449,4.00,2.40
2008.01.02 17:22:50.425,1.6448,1.6449,4.00,0.80
2008.01.02 17:22:51.056,1.6448,1.64495,4.00,20.00
2008.01.02 17:22:51.320,1.6448,1.645,7.20,27.40
2008.01.02 17:22:51.583,1.6448,1.645,7.20,0.50
2008.01.02 17:22:51.847,1.6448,1.64505,7.20,31.40
2008.01.02 17:22:52.090,1.6448,1.64505,7.20,33.20
2008.01.02 17:22:52.333,1.6448,1.64505,7.20,33.20
2008.01.02 17:22:52.713,1.6448,1.64505,7.20,33.20
2008.01.02 17:22:52.956,1.6448,1.645,7.20,0.60
2008.01.02 17:22:54.107,1.6448,1.64505,6.40,33.20
2008.01.02 17:22:54.335,1.6448,1.645,6.40,0.70
2008.01.02 17:22:55.503,1.6448,1.64505,6.40,37.20
2008.01.02 17:22:55.716,1.6448,1.64505,6.40,36.40
2008.01.02 17:22:55.987,1.6448,1.64505,6.40,37.20
2008.01.02 17:22:57.272,1.6448,1.645,6.40,0.60
2008.01.02 17:22:57.520,1.6448,1.64505,6.40,37.20
2008.01.02 17:22:58.218,1.6448,1.64505,6.40,37.20
2008.01.02 17:22:58.943,1.6448,1.64505,6.40,37.20
2008.01.02 17:22:59.260,1.6448,1.645,6.40,0.90
2008.01.02 17:23:03.453,1.6448,1.64505,6.00,37.20
2008.01.02 17:23:05.253,1.6448,1.64505,6.00,37.20
2008.01.02 17:23:08.446,1.6448,1.645,6.40,0.50
2008.01.02 17:23:08.657,1.6448,1.645,6.40,0.80
2008.01.02 17:23:08.860,1.6448,1.645,2.40,37.20
2008.01.02 17:23:09.063,1.6448,1.645,2.40,37.20
2008.01.02 17:23:09.267,1.6448,1.645,2.40,38.00
2008.01.02 17:23:09.496,1.6448,1.645,2.40,38.80
2008.01.02 17:23:09.724,1.6448,1.645,2.40,39.60
2008.01.02 17:23:10.189,1.6448,1.64495,2.40,0.90
2008.01.02 17:23:10.402,1.6448,1.64495,2.40,0.50
2008.01.02 17:23:11.201,1.6448,1.64495,2.40,0.70
2008.01.02 17:23:11.414,1.6448,1.645,2.40,34.80
2008.01.02 17:23:11.653,1.6448,1.64505,2.40,38.80
2008.01.02 17:23:11.892,1.6448,1.64505,2.40,38.80
2008.01.02 17:23:12.130,1.6448,1.64505,2.40,38.80
2008.01.02 17:23:12.368,1.6448,1.645,2.40,0.60
2008.01.02 17:23:12.715,1.6448,1.64505,2.40,38.80
2008.01.02 17:23:12.991,1.6448,1.645,2.40,0.70
2008.01.02 17:23:13.249,1.6448,1.64505,2.40,39.60
2008.01.02 17:23:13.457,1.6448,1.645,2.40,39.60
2008.01.02 17:23:13.665,1.6448,1.645,2.40,0.50
2008.01.02 17:23:13.873,1.6448,1.64505,2.40,39.60
2008.01.02 17:23:14.170,1.6448,1.64505,2.40,39.60
2008.01.02 17:23:14.377,1.6448,1.645,2.40,39.60
2008.01.02 17:23:14.606,1.6448,1.645,2.40,39.60
2008.01.02 17:23:14.835,1.6448,1.645,2.40,39.60
2008.01.02 17:23:15.725,1.6448,1.64495,2.40,0.60
2008.01.02 17:23:16.325,1.6448,1.645,2.40,38.80
2008.01.02 17:23:16.544,1.6448,1.64495,2.40,0.90
2008.01.02 17:23:17.053,1.6448,1.645,2.40,38.80
2008.01.02 17:23:17.271,1.6448,1.64495,2.40,0.80
2008.01.02 17:23:17.498,1.6448,1.645,2.40,38.80
2008.01.02 17:23:19.473,1.6448,1.645,2.40,38.80
2008.01.02 17:23:21.491,1.6448,1.645,2.40,54.80
2008.01.02 17:23:22.334,1.6448,1.64495,2.40,16.00
2008.01.02 17:23:22.598,1.6448,1.64495,2.40,16.00
2008.01.02 17:23:22.981,1.6448,1.64495,2.40,16.00
2008.01.02 17:23:23.185,1.6448,1.64495,2.40,16.00
2008.01.02 17:23:24.017,1.6448,1.6449,2.40,0.80
2008.01.02 17:23:24.350,1.6447,1.6449,13.60,12.80
2008.01.02 17:23:24.702,1.6447,1.6449,9.60,25.60
2008.01.02 17:23:25.057,1.6447,1.6449,9.60,24.80
2008.01.02 17:23:25.270,1.6447,1.6449,16.00,15.20
2008.01.02 17:23:25.484,1.6448,1.6449,2.40,8.00
2008.01.02 17:23:25.699,1.6448,1.64495,2.40,17.60
2008.01.02 17:23:25.973,1.6448,1.64495,2.40,17.60
2008.01.02 17:23:26.247,1.6448,1.64495,2.40,16.00
2008.01.02 17:23:26.758,1.6448,1.64495,2.40,16.00
2008.01.02 17:23:27.037,1.6448,1.64495,2.40,16.00
2008.01.02 17:23:27.274,1.6448,1.64495,2.40,16.00
2008.01.02 17:23:30.572,1.6448,1.64495,2.40,16.20
2008.01.02 17:23:30.756,1.6447,1.6449,24.00,4.00
2008.01.02 17:23:30.967,1.6447,1.6449,24.00,4.00
2008.01.02 17:23:31.156,1.6447,1.6449,24.00,4.00
2008.01.02 17:23:31.344,1.6447,1.6449,24.00,6.40
2008.01.02 17:23:31.532,1.6447,1.6449,24.00,6.40
2008.01.02 17:23:35.009,1.6447,1.6449,24.00,6.40
2008.01.02 17:23:35.538,1.6447,1.6449,24.00,4.00
2008.01.02 17:23:35.721,1.6447,1.6449,24.00,4.00
2008.01.02 17:23:35.905,1.6448,1.64495,4.80,8.00
2008.01.02 17:23:36.134,1.6448,1.645,7.20,24.00
2008.01.02 17:23:36.361,1.6448,1.645,7.20,24.00
2008.01.02 17:23:36.589,1.6448,1.645,7.20,24.00
2008.01.02 17:23:36.959,1.6448,1.645,7.20,24.00
2008.01.02 17:23:37.177,1.6448,1.645,12.00,24.00
2008.01.02 17:23:38.140,1.6448,1.645,8.00,24.00
2008.01.02 17:23:38.339,1.6448,1.64495,4.80,8.00
2008.01.02 17:23:38.536,1.6448,1.64495,4.80,16.00
2008.01.02 17:23:38.735,1.6448,1.64495,2.40,16.00
2008.01.02 17:23:38.942,1.6448,1.64495,2.40,16.00
2008.01.02 17:23:39.191,1.6447,1.64495,20.00,17.00
2008.01.02 17:23:39.459,1.6447,1.6449,20.00,4.00
2008.01.02 17:23:39.536,1.6447,1.6449,4.40,4.00
2008.01.02 17:23:39.707,1.6446,1.6449,46.40,4.00
2008.01.02 17:23:40.208,1.6446,1.6449,46.40,4.00
2008.01.02 17:23:40.721,1.6447,1.6449,24.00,4.00
2008.01.02 17:23:45.212,1.6447,1.6449,24.00,4.00
2008.01.02 17:23:45.480,1.6447,1.6449,24.00,4.40
2008.01.02 17:23:45.668,1.6447,1.6449,24.00,4.40
2008.01.02 17:23:45.858,1.6448,1.6449,4.00,6.80
2008.01.02 17:23:46.237,1.6448,1.6449,4.00,6.80
2008.01.02 17:23:46.550,1.6448,1.6449,4.00,6.80
2008.01.02 17:23:46.864,1.6448,1.6449,4.00,4.40
2008.01.02 17:23:47.187,1.6448,1.6449,4.00,4.40
2008.01.02 17:23:47.502,1.6448,1.6449,4.00,4.40
2008.01.02 17:23:48.945,1.6448,1.6449,4.00,4.40
2008.01.02 17:23:49.208,1.6447,1.64485,21.60,8.20
2008.01.02 17:23:49.432,1.6447,1.64485,6.40,16.20
2008.01.02 17:23:49.656,1.6447,1.64485,6.40,16.20
2008.01.02 17:23:49.878,1.6447,1.64485,6.40,16.20
2008.01.02 17:23:50.101,1.6447,1.64485,6.40,16.20
2008.01.02 17:23:50.324,1.6447,1.64485,6.40,17.00
2008.01.02 17:23:50.547,1.6447,1.64485,6.40,17.80
2008.01.02 17:23:51.202,1.6447,1.6448,4.00,0.60
2008.01.02 17:23:51.455,1.6447,1.6448,4.00,0.60
2008.01.02 17:23:52.604,1.6447,1.6448,4.00,0.60
2008.01.02 17:23:53.202,1.6446,1.6448,19.20,4.40
2008.01.02 17:23:53.414,1.6446,1.6448,18.40,4.40
2008.01.02 17:23:53.646,1.6446,1.6448,16.00,4.40
2008.01.02 17:23:53.861,1.6446,1.64475,5.60,16.00
2008.01.02 17:23:54.095,1.6446,1.64475,0.80,16.00
2008.01.02 17:23:54.307,1.6446,1.64475,2.40,16.00
2008.01.02 17:23:54.592,1.6446,1.6447,4.80,4.00
2008.01.02 17:23:54.875,1.6445,1.6447,9.60,4.00
2008.01.02 17:23:55.159,1.6445,1.6447,12.00,4.40
2008.01.02 17:23:55.362,1.6445,1.6447,16.00,4.40
2008.01.02 17:23:55.584,1.6445,1.6447,16.00,4.90
2008.01.02 17:23:55.769,1.6445,1.6447,16.00,4.90
2008.01.02 17:23:56.105,1.6445,1.6447,16.00,4.90
2008.01.02 17:23:56.308,1.6446,1.6447,4.80,4.00
2008.01.02 17:23:56.677,1.6446,1.6447,4.80,4.00
2008.01.02 17:23:56.910,1.6446,1.6447,4.80,4.00
2008.01.02 17:23:57.143,1.6446,1.6447,4.80,4.00
2008.01.02 17:23:57.376,1.6446,1.6447,4.80,4.00
2008.01.02 17:23:57.634,1.6446,1.6447,4.80,4.00
2008.01.02 17:23:57.892,1.6445,1.6447,8.80,17.80
2008.01.02 17:23:58.150,1.6445,1.6447,6.40,29.20
2008.01.02 17:23:58.409,1.64445,1.6446,4.00,20.00
2008.01.02 17:23:58.657,1.6444,1.6446,16.00,24.00
2008.01.02 17:23:59.026,1.6444,1.6446,16.00,24.00
2008.01.02 17:23:59.274,1.6444,1.6446,13.60,20.00
2008.01.02 17:23:59.493,1.6444,1.6446,9.60,25.60
2008.01.02 17:23:59.711,1.6444,1.6446,12.00,17.60
2008.01.02 17:23:59.929,1.6444,1.6446,20.00,12.80
2008.01.02 17:24:00.148,1.6444,1.6446,20.00,4.90
2008.01.02 17:24:00.367,1.6445,1.64465,0.80,16.80
2008.01.02 17:24:00.653,1.6445,1.64465,0.80,16.80
2008.01.02 17:24:00.937,1.6445,1.64465,0.80,16.80
2008.01.02 17:24:02.000,1.6445,1.6446,0.80,0.80
2008.01.02 17:24:02.252,1.6444,1.6446,16.00,5.60
2008.01.02 17:24:02.486,1.6444,1.6446,12.00,22.40
2008.01.02 17:24:02.730,1.6444,1.64455,8.00,0.80
2008.01.02 17:24:02.972,1.6444,1.64455,8.00,0.80
2008.01.02 17:24:03.219,1.6444,1.64455,4.00,0.80
2008.01.02 17:24:03.462,1.6444,1.64455,4.00,0.80
2008.01.02 17:24:03.726,1.6444,1.6445,4.00,16.40
2008.01.02 17:24:03.988,1.6444,1.6445,4.00,17.20
2008.01.02 17:24:04.251,1.6443,1.6444,5.60,5.80
2008.01.02 17:24:04.514,1.6443,1.6444,1.60,21.80
2008.01.02 17:24:04.612,1.6443,1.6444,0.70,21.80
2008.01.02 17:24:04.727,1.6441,1.6443,33.30,16.00
2008.01.02 17:24:04.978,1.6442,1.6443,0.50,16.00
2008.01.02 17:24:05.192,1.6442,1.6443,2.00,16.00
2008.01.02 17:24:05.406,1.6442,1.6443,3.70,16.00
2008.01.02 17:24:06.180,1.6441,1.6443,23.20,16.00
2008.01.02 17:24:06.428,1.6441,1.6443,7.40,16.00
2008.01.02 17:24:06.639,1.644,1.6443,51.20,16.00
2008.01.02 17:24:06.837,1.6441,1.6442,6.70,8.00
2008.01.02 17:24:07.036,1.6441,1.6442,1.30,16.00
2008.01.02 17:24:07.236,1.644,1.6442,27.20,16.00
2008.01.02 17:24:08.987,1.6442,1.6443,0.80,21.40
2008.01.02 17:24:09.146,1.6442,1.6443,0.80,21.40
2008.01.02 17:24:09.324,1.6442,1.6443,0.80,20.00
2008.01.02 17:24:09.502,1.6442,1.6443,0.80,20.00
2008.01.02 17:24:09.792,1.6442,1.6443,0.80,16.00
2008.01.02 17:24:10.000,1.6441,1.6442,5.20,16.00
2008.01.02 17:24:10.208,1.6441,1.6442,5.00,16.00
2008.01.02 17:24:10.638,1.6441,1.6442,3.60,16.00
2008.01.02 17:24:11.124,1.6441,1.6442,5.90,16.00
2008.01.02 17:24:11.569,1.6441,1.6442,5.30,16.00
2008.01.02 17:24:11.794,1.644,1.6442,40.80,8.00
2008.01.02 17:24:12.037,1.6441,1.64425,7.60,16.00
2008.01.02 17:24:12.280,1.6442,1.64425,2.80,8.00
2008.01.02 17:24:12.524,1.6442,1.6443,14.40,16.00
2008.01.02 17:24:12.772,1.6442,1.6443,14.40,16.00
2008.01.02 17:24:13.020,1.6442,1.6443,2.30,16.00
2008.01.02 17:24:13.268,1.6441,1.6443,26.40,16.00
2008.01.02 17:24:13.516,1.6441,1.6443,26.40,16.00
2008.01.02 17:24:13.763,1.6441,1.6443,26.40,16.00
2008.01.02 17:24:14.143,1.6441,1.6443,26.40,16.00
2008.01.02 17:24:15.496,1.6442,1.6443,1.10,16.00
2008.01.02 17:24:15.916,1.6442,1.6443,1.40,16.00
2008.01.02 17:24:16.397,1.6442,1.6443,5.40,16.00
2008.01.02 17:24:16.623,1.6442,1.6443,6.10,16.00
2008.01.02 17:24:16.827,1.6443,1.64435,2.00,7.20
2008.01.02 17:24:17.030,1.6443,1.64435,2.40,14.40
2008.01.02 17:24:17.234,1.6443,1.64435,0.70,14.40
2008.01.02 17:24:17.437,1.6443,1.64435,0.70,8.00
2008.01.02 17:24:17.639,1.6442,1.64445,28.00,14.60
2008.01.02 17:24:17.908,1.6442,1.6444,28.00,4.00
2008.01.02 17:24:18.213,1.6442,1.6444,28.00,4.00
2008.01.02 17:24:18.665,1.6442,1.6444,24.00,5.90
2008.01.02 17:24:18.930,1.6442,1.6444,24.00,5.90
2008.01.02 17:24:19.173,1.6442,1.6444,24.00,5.90
2008.01.02 17:24:20.610,1.6443,1.6444,0.60,5.90
2008.01.02 17:24:20.788,1.6443,1.64445,4.40,14.60
2008.01.02 17:24:21.042,1.6442,1.64445,32.00,14.40
2008.01.02 17:24:21.296,1.6444,1.64445,1.30,8.00
2008.01.02 17:24:21.550,1.6444,1.6445,0.90,4.00
2008.01.02 17:24:22.469,1.6443,1.6445,22.40,4.00
2008.01.02 17:24:23.175,1.6444,1.64455,1.20,14.40
2008.01.02 17:24:23.385,1.6444,1.64455,1.50,8.00
2008.01.02 17:24:23.593,1.6443,1.6446,30.40,28.80
2008.01.02 17:24:25.410,1.6444,1.6446,1.00,29.20
2008.01.02 17:24:26.079,1.6444,1.6446,3.10,30.00
2008.01.02 17:24:27.147,1.6444,1.6446,2.50,30.00
2008.01.02 17:24:28.687,1.6444,1.6446,3.60,30.00
2008.01.02 17:24:28.982,1.6444,1.64455,0.80,0.30
2008.01.02 17:24:29.165,1.6444,1.6445,1.00,6.40
2008.01.02 17:24:29.349,1.6443,1.6445,4.40,6.40
2008.01.02 17:24:29.532,1.6442,1.6445,45.60,6.40
2008.01.02 17:24:29.976,1.6442,1.6445,44.80,6.40
2008.01.02 17:24:30.229,1.6442,1.6445,44.80,6.40
2008.01.02 17:24:30.482,1.6442,1.6445,44.80,6.40
2008.01.02 17:24:33.165,1.6443,1.6445,17.60,6.40
2008.01.02 17:24:35.121,1.6443,1.6445,17.60,6.60
2008.01.02 17:24:35.306,1.6443,1.6445,2.40,26.80
2008.01.02 17:24:35.490,1.6443,1.64445,2.40,16.00
2008.01.02 17:24:35.673,1.6443,1.64445,2.40,16.00
2008.01.02 17:24:35.857,1.6443,1.6444,2.40,4.00
2008.01.02 17:24:36.156,1.6443,1.6444,2.40,4.00
2008.01.02 17:24:36.424,1.6443,1.6444,6.40,4.00
2008.01.02 17:24:36.692,1.6443,1.6445,10.40,30.80
2008.01.02 17:24:37.177,1.6443,1.6445,12.80,28.40
2008.01.02 17:24:37.451,1.6443,1.6445,12.80,28.40
2008.01.02 17:24:37.727,1.6443,1.6445,12.80,28.40
2008.01.02 17:24:39.708,1.6443,1.6445,12.80,28.40
2008.01.02 17:24:39.899,1.6443,1.6445,12.80,28.40
2008.01.02 17:24:40.206,1.6443,1.6445,12.80,28.40
2008.01.02 17:24:40.484,1.6443,1.6445,12.80,28.40
2008.01.02 17:24:41.461,1.6443,1.6445,12.80,28.40
2008.01.02 17:24:42.020,1.6443,1.6445,13.60,28.40
2008.01.02 17:24:42.186,1.6443,1.6445,13.60,28.40
2008.01.02 17:24:43.162,1.6443,1.6445,12.80,28.40
2008.01.02 17:24:43.466,1.6443,1.64445,4.80,16.00
2008.01.02 17:24:43.664,1.6443,1.64445,4.80,16.00
2008.01.02 17:24:43.858,1.6443,1.64445,8.80,8.00
2008.01.02 17:24:44.052,1.6443,1.6445,12.80,28.40
2008.01.02 17:24:44.246,1.6443,1.6445,12.80,28.40
2008.01.02 17:24:44.497,1.6443,1.6445,12.80,28.40
2008.01.02 17:24:44.809,1.6443,1.6445,12.80,28.40
2008.01.02 17:24:45.194,1.6443,1.6445,12.80,28.40
2008.01.02 17:24:45.506,1.6443,1.6445,12.80,28.40
2008.01.02 17:24:45.922,1.6443,1.6445,12.80,28.40
2008.01.02 17:24:46.170,1.6443,1.6445,12.80,28.40
2008.01.02 17:24:46.459,1.6443,1.6445,12.80,28.40
2008.01.02 17:24:46.722,1.6443,1.64455,12.80,32.40
2008.01.02 17:24:46.971,1.6443,1.6445,12.80,0.80
2008.01.02 17:24:47.255,1.6443,1.64455,8.80,32.40
2008.01.02 17:24:47.538,1.6443,1.64455,8.80,33.20
2008.01.02 17:24:47.781,1.6443,1.64455,8.80,33.20
2008.01.02 17:24:48.240,1.6443,1.6445,8.80,0.70
2008.01.02 17:24:48.655,1.6443,1.6445,8.80,0.60
2008.01.02 17:24:48.858,1.6443,1.6445,9.60,0.80
2008.01.02 17:24:49.064,1.6443,1.64455,9.60,32.40
2008.01.02 17:24:51.226,1.6443,1.6445,9.60,0.80
2008.01.02 17:24:51.434,1.6443,1.64455,9.60,32.40
2008.01.02 17:24:52.622,1.6443,1.6445,13.60,0.70
2008.01.02 17:24:53.659,1.6443,1.6445,13.60,0.80
2008.01.02 17:24:53.939,1.6443,1.6446,25.60,6.00
2008.01.02 17:24:54.217,1.6443,1.6446,25.60,0.80
2008.01.02 17:24:55.182,1.6443,1.6446,25.60,0.60
2008.01.02 17:24:58.161,1.6443,1.6446,25.60,0.70
2008.01.02 17:24:58.639,1.6443,1.6447,21.60,48.80
2008.01.02 17:25:01.633,1.6443,1.6447,23.20,48.00
2008.01.02 17:25:01.846,1.6444,1.6446,4.00,0.30
2008.01.02 17:25:02.059,1.6444,1.64465,4.00,0.30
2008.01.02 17:25:02.273,1.6444,1.6447,10.40,38.90
2008.01.02 17:25:02.486,1.6444,1.64465,12.80,0.30
2008.01.02 17:25:02.699,1.6444,1.64465,13.60,0.30
2008.01.02 17:25:02.938,1.6444,1.64465,12.80,0.30
2008.01.02 17:25:03.176,1.6444,1.6447,13.60,34.90
2008.01.02 17:25:03.414,1.6444,1.6447,13.60,34.90
2008.01.02 17:25:03.652,1.6444,1.64465,13.60,0.30
2008.01.02 17:25:03.936,1.6444,1.64465,13.60,0.30
2008.01.02 17:25:04.239,1.6444,1.6447,13.60,34.90
2008.01.02 17:25:06.005,1.6444,1.6446,13.60,0.30
2008.01.02 17:25:06.229,1.6444,1.64465,9.60,3.40
2008.01.02 17:25:06.452,1.6444,1.64465,7.20,21.80
2008.01.02 17:25:06.675,1.6444,1.6446,7.20,0.50
2008.01.02 17:25:07.408,1.6444,1.64465,7.20,33.80
2008.01.02 17:25:07.955,1.6444,1.6446,6.40,0.60
2008.01.02 17:25:08.168,1.6444,1.6446,6.40,29.10
2008.01.02 17:25:08.381,1.6443,1.64455,13.60,0.30
2008.01.02 17:25:08.595,1.6443,1.64455,13.60,0.30
2008.01.02 17:25:08.808,1.6444,1.6446,4.00,25.10
2008.01.02 17:25:09.022,1.6444,1.64455,8.00,0.30
2008.01.02 17:25:09.235,1.6444,1.6446,4.00,33.10
2008.01.02 17:25:09.448,1.6443,1.64455,13.60,0.30
2008.01.02 17:25:09.661,1.6443,1.6446,13.60,33.10
2008.01.02 17:25:10.043,1.6443,1.64465,13.60,37.00
2008.01.02 17:25:10.266,1.6443,1.64465,21.60,12.20
2008.01.02 17:25:10.488,1.6443,1.6446,21.60,0.30
2008.01.02 17:25:10.712,1.6443,1.6447,21.60,42.90
2008.01.02 17:25:11.394,1.6443,1.6447,25.60,42.90
2008.01.02 17:25:11.567,1.6443,1.6447,25.60,42.90
2008.01.02 17:25:11.741,1.6444,1.64465,4.00,0.30
2008.01.02 17:25:11.954,1.6444,1.64465,8.00,0.30
2008.01.02 17:25:12.169,1.6444,1.64465,12.80,0.30
2008.01.02 17:25:12.381,1.6444,1.6446,8.80,0.70
2008.01.02 17:25:12.595,1.6444,1.6446,8.80,0.50
2008.01.02 17:25:12.808,1.6444,1.64465,8.80,24.30
2008.01.02 17:25:13.067,1.6444,1.6446,8.80,0.50
2008.01.02 17:25:13.326,1.6444,1.6446,8.80,0.80
2008.01.02 17:25:13.603,1.6444,1.6446,8.80,0.90
2008.01.02 17:25:14.678,1.6443,1.6446,40.00,0.90
2008.01.02 17:25:16.220,1.6443,1.6446,40.00,24.00
2008.01.02 17:25:17.678,1.6443,1.6446,40.00,24.00
2008.01.02 17:25:21.159,1.6443,1.6446,40.00,24.00
2008.01.02 17:25:23.460,1.6443,1.6446,40.00,24.00
2008.01.02 17:25:27.145,1.6443,1.6446,40.00,24.00
2008.01.02 17:25:28.154,1.6443,1.6446,40.00,24.00
2008.01.02 17:25:32.190,1.6443,1.6446,40.00,24.00
2008.01.02 17:25:33.210,1.6443,1.6446,40.00,24.00
2008.01.02 17:25:37.149,1.6443,1.6446,40.00,24.00
2008.01.02 17:25:37.955,1.6443,1.6446,40.00,24.00
2008.01.02 17:25:39.083,1.6443,1.6446,40.00,25.80
2008.01.02 17:25:45.683,1.6444,1.6446,2.40,25.80
2008.01.02 17:25:45.882,1.6443,1.64455,21.60,8.00
2008.01.02 17:25:46.081,1.6443,1.6445,21.60,4.00
2008.01.02 17:25:46.279,1.6443,1.6445,21.60,4.00
2008.01.02 17:25:46.558,1.6443,1.6445,21.60,4.00
2008.01.02 17:25:46.837,1.6444,1.6445,12.80,4.00
2008.01.02 17:25:47.115,1.6444,1.6447,13.60,34.70
2008.01.02 17:25:47.393,1.6444,1.6447,13.60,34.60
2008.01.02 17:25:47.662,1.6444,1.6447,13.60,34.60
2008.01.02 17:25:47.931,1.6444,1.6446,9.60,4.00
2008.01.02 17:25:48.206,1.6444,1.6446,9.60,4.00
2008.01.02 17:25:48.475,1.6444,1.6446,9.60,4.00
2008.01.02 17:25:48.968,1.6444,1.6446,9.60,4.00
2008.01.02 17:25:49.201,1.6444,1.6446,9.60,4.00
2008.01.02 17:25:49.670,1.6444,1.6446,9.60,4.00
2008.01.02 17:25:50.710,1.6444,1.6446,9.60,8.00
2008.01.02 17:25:52.978,1.6444,1.6446,9.60,8.00
2008.01.02 17:25:53.198,1.6444,1.6446,9.60,8.00
2008.01.02 17:25:54.219,1.6444,1.6446,9.60,8.00
2008.01.02 17:25:54.461,1.6444,1.6446,13.60,8.00
2008.01.02 17:25:54.735,1.6444,1.6446,13.60,4.00
2008.01.02 17:25:55.028,1.6444,1.6447,13.60,38.60
2008.01.02 17:25:55.280,1.6444,1.6447,12.80,38.60
2008.01.02 17:25:55.553,1.6444,1.6447,12.80,38.60
2008.01.02 17:25:56.215,1.6444,1.6447,12.80,38.60
2008.01.02 17:26:00.648,1.6444,1.6447,12.80,38.60
2008.01.02 17:26:01.479,1.6444,1.6447,12.80,38.60
2008.01.02 17:26:01.697,1.6444,1.6447,12.80,38.60
2008.01.02 17:26:03.140,1.6444,1.6447,12.80,38.60
2008.01.02 17:26:04.496,1.6444,1.6447,12.80,38.60
2008.01.02 17:26:04.915,1.6444,1.6447,12.80,38.60
2008.01.02 17:26:06.109,1.6444,1.6448,12.80,63.00
2008.01.02 17:26:06.679,1.6444,1.6448,12.80,63.00
2008.01.02 17:26:06.927,1.6444,1.6446,8.80,0.50
2008.01.02 17:26:07.176,1.6444,1.64465,8.80,21.80
2008.01.02 17:26:07.424,1.6444,1.6446,8.80,0.70
2008.01.02 17:26:12.163,1.6444,1.64465,8.80,25.80
2008.01.02 17:26:12.892,1.6444,1.64465,8.80,25.80
2008.01.02 17:26:13.144,1.6444,1.64455,6.40,2.70
2008.01.02 17:26:13.398,1.6444,1.64455,4.00,14.60
2008.01.02 17:26:13.651,1.6444,1.64455,4.00,26.60
2008.01.02 17:26:13.904,1.6444,1.64455,4.00,26.60
2008.01.02 17:26:14.147,1.6444,1.6445,4.00,10.70
2008.01.02 17:26:14.390,1.6443,1.64445,4.00,0.80
2008.01.02 17:26:14.633,1.6443,1.6445,4.00,37.00
2008.01.02 17:26:15.009,1.6443,1.6445,4.00,40.20
2008.01.02 17:26:15.237,1.6443,1.6444,4.00,0.50
2008.01.02 17:26:15.471,1.6443,1.6444,4.00,0.80
2008.01.02 17:26:15.700,1.6443,1.6445,6.40,37.00
2008.01.02 17:26:15.928,1.6443,1.64445,12.80,0.80
2008.01.02 17:26:16.193,1.6443,1.6446,12.80,55.60
2008.01.02 17:26:16.746,1.6443,1.6445,12.80,0.90
2008.01.02 17:26:16.957,1.6443,1.6445,12.80,0.70
2008.01.02 17:26:17.476,1.6443,1.6445,12.80,0.80
2008.01.02 17:26:17.997,1.6443,1.6446,12.80,55.60
2008.01.02 17:26:20.187,1.6443,1.6445,12.80,0.80
2008.01.02 17:26:20.683,1.6443,1.6446,6.40,58.00
2008.01.02 17:26:20.907,1.6443,1.6446,4.00,72.00
2008.01.02 17:26:21.151,1.6443,1.64435,4.00,1.90
2008.01.02 17:26:21.394,1.6442,1.64435,5.60,10.60
2008.01.02 17:26:21.638,1.6442,1.6443,5.60,0.70
2008.01.02 17:26:21.933,1.6442,1.6443,5.60,0.90
2008.01.02 17:26:22.172,1.6442,1.64435,5.60,18.40
2008.01.02 17:26:22.410,1.6443,1.64435,4.00,0.70
2008.01.02 17:26:22.647,1.6443,1.6446,8.00,60.80
2008.01.02 17:26:22.885,1.6443,1.6446,8.00,60.80
2008.01.02 17:26:23.186,1.6443,1.6445,8.00,0.50
2008.01.02 17:26:23.438,1.6443,1.6446,10.40,62.40
2008.01.02 17:26:23.703,1.6443,1.6446,10.40,62.40
2008.01.02 17:26:23.957,1.6443,1.6445,10.40,0.60
2008.01.02 17:26:24.154,1.64425,1.6446,10.90,62.40
2008.01.02 17:26:24.224,1.6443,1.6446,10.40,62.40
2008.01.02 17:26:25.166,1.6443,1.6446,10.40,62.40
2008.01.02 17:26:25.474,1.6443,1.6445,10.40,0.60
2008.01.02 17:26:25.717,1.6443,1.6445,10.40,0.70
2008.01.02 17:26:25.961,1.6443,1.6445,10.40,0.60
2008.01.02 17:26:26.249,1.6443,1.6446,6.40,62.40
2008.01.02 17:26:26.507,1.6443,1.6445,6.40,0.90
2008.01.02 17:26:26.766,1.6443,1.6446,10.40,62.40
2008.01.02 17:26:27.024,1.6443,1.6445,10.40,0.50
2008.01.02 17:26:27.283,1.6443,1.6445,6.40,0.50
2008.01.02 17:26:27.516,1.6443,1.6446,6.40,62.40
2008.01.02 17:26:27.749,1.6443,1.6446,10.40,62.40
2008.01.02 17:26:27.981,1.6443,1.6445,10.40,0.60
2008.01.02 17:26:28.844,1.6443,1.6445,6.40,0.80
2008.01.02 17:26:29.127,1.6443,1.6446,6.40,62.40
2008.01.02 17:26:29.345,1.6443,1.6445,6.40,0.80
2008.01.02 17:26:29.765,1.6443,1.6446,2.40,62.40
2008.01.02 17:26:30.117,1.6443,1.64445,2.40,0.30
2008.01.02 17:26:30.375,1.6442,1.6445,13.60,38.90
2008.01.02 17:26:30.633,1.6442,1.6445,13.60,38.90
2008.01.02 17:26:31.089,1.6442,1.6445,14.40,38.90
2008.01.02 17:26:31.347,1.6442,1.6445,14.40,38.90
2008.01.02 17:26:31.697,1.6442,1.64445,14.40,0.30
2008.01.02 17:26:31.922,1.6442,1.64445,14.50,0.30
2008.01.02 17:26:32.131,1.6442,1.64445,14.80,0.30
2008.01.02 17:26:32.379,1.6442,1.6445,14.80,38.90
2008.01.02 17:26:32.957,1.6442,1.64445,14.80,0.30
2008.01.02 17:26:33.391,1.6442,1.6445,14.80,38.90
2008.01.02 17:26:33.983,1.6442,1.6445,14.80,37.10
2008.01.02 17:26:34.242,1.6443,1.64445,4.00,0.30
2008.01.02 17:26:34.642,1.6443,1.6445,4.00,37.00
2008.01.02 17:26:34.881,1.6443,1.6445,4.00,33.00
2008.01.02 17:26:35.140,1.6443,1.6445,4.00,33.00
2008.01.02 17:26:35.378,1.6443,1.6445,6.40,29.00
2008.01.02 17:26:35.581,1.6443,1.6445,6.40,29.00
2008.01.02 17:26:36.172,1.6443,1.6445,6.40,29.00
2008.01.02 17:26:42.671,1.6443,1.6445,6.40,29.00
2008.01.02 17:26:47.897,1.6443,1.6445,6.40,29.00
2008.01.02 17:26:48.199,1.6443,1.6445,6.40,29.00
2008.01.02 17:26:48.709,1.6443,1.6445,6.40,29.00
2008.01.02 17:26:51.955,1.6443,1.6445,6.40,30.80
2008.01.02 17:26:52.179,1.6443,1.64445,6.40,0.30
2008.01.02 17:26:52.353,1.6443,1.6444,2.40,4.00
2008.01.02 17:26:52.525,1.6442,1.6444,19.20,4.00
2008.01.02 17:26:52.983,1.6443,1.6444,2.40,4.00
2008.01.02 17:26:53.206,1.6443,1.6444,2.40,4.00
2008.01.02 17:26:53.515,1.6443,1.6444,2.40,4.00
2008.01.02 17:26:54.128,1.6443,1.6444,2.40,4.00
2008.01.02 17:26:55.990,1.6443,1.6444,2.40,4.00
2008.01.02 17:26:56.209,1.6443,1.64445,2.40,12.00
2008.01.02 17:26:56.427,1.6443,1.6445,2.40,34.80
2008.01.02 17:26:56.721,1.6443,1.6445,2.40,30.80
2008.01.02 17:26:58.493,1.6443,1.6445,2.40,30.80
2008.01.02 17:26:58.687,1.6443,1.6445,2.40,30.80
2008.01.02 17:27:01.684,1.6443,1.6445,6.40,30.80
2008.01.02 17:27:06.185,1.6443,1.6445,6.40,30.80
2008.01.02 17:27:06.444,1.6443,1.6445,2.40,30.80
2008.01.02 17:27:09.180,1.6443,1.6445,2.40,30.80
2008.01.02 17:27:10.730,1.6443,1.6445,6.40,30.80
2008.01.02 17:27:11.145,1.6443,1.6445,6.40,30.80
2008.01.02 17:27:11.358,1.6443,1.6445,6.40,29.00
2008.01.02 17:27:13.604,1.6443,1.6445,6.40,28.80
2008.01.02 17:27:13.839,1.6443,1.6445,8.80,24.00
2008.01.02 17:27:14.072,1.6443,1.6445,8.80,24.00
2008.01.02 17:27:14.270,1.6443,1.6445,8.80,24.00
2008.01.02 17:27:17.462,1.6443,1.6445,8.80,24.00
2008.01.02 17:27:17.654,1.6443,1.6445,8.80,24.00
2008.01.02 17:27:17.847,1.6443,1.6445,12.80,12.00
2008.01.02 17:27:18.040,1.6443,1.64455,12.80,0.30
2008.01.02 17:27:18.233,1.6443,1.6446,12.80,26.00
2008.01.02 17:27:18.516,1.6443,1.6446,12.80,2.00
2008.01.02 17:27:18.963,1.6443,1.6446,12.80,2.00
2008.01.02 17:27:19.247,1.6443,1.6446,12.80,2.00
2008.01.02 17:27:19.274,1.6442,1.6446,48.90,2.00
2008.01.02 17:27:19.720,1.6443,1.6446,4.40,2.00
2008.01.02 17:27:19.974,1.6442,1.64455,48.90,16.00
2008.01.02 17:27:20.227,1.6443,1.64455,3.80,16.00
2008.01.02 17:27:20.477,1.6442,1.6446,48.80,6.00
2008.01.02 17:27:20.726,1.6442,1.6446,48.80,2.00
2008.01.02 17:27:20.974,1.6442,1.6446,48.80,2.00
2008.01.02 17:27:21.677,1.6443,1.6446,4.00,2.00
2008.01.02 17:27:21.960,1.6443,1.6446,1.30,22.00
2008.01.02 17:27:22.266,1.6443,1.6446,0.70,30.00
2008.01.02 17:27:22.501,1.6443,1.6446,7.90,2.00
2008.01.02 17:27:22.735,1.6443,1.6446,1.60,2.00
2008.01.02 17:27:22.968,1.6443,1.6446,8.50,2.00
2008.01.02 17:27:23.200,1.6442,1.6446,54.00,2.00
2008.01.02 17:27:23.478,1.6443,1.6446,1.30,2.00
2008.01.02 17:27:23.756,1.6442,1.6446,55.40,18.00
2008.01.02 17:27:24.035,1.6442,1.6446,55.80,30.00
2008.01.02 17:27:24.314,1.6443,1.6446,3.70,26.00
2008.01.02 17:27:24.562,1.6442,1.6446,56.50,18.00
2008.01.02 17:27:24.810,1.6442,1.6446,56.60,2.00
2008.01.02 17:27:25.059,1.6442,1.6446,55.80,0.30
2008.01.02 17:27:25.307,1.6443,1.6446,3.70,0.30
2008.01.02 17:27:25.580,1.6443,1.6446,6.90,0.30
2008.01.02 17:27:25.852,1.6442,1.6446,57.40,0.30
2008.01.02 17:27:26.126,1.6443,1.6446,0.90,2.00
2008.01.02 17:27:26.400,1.6443,1.6446,0.90,0.30
2008.01.02 17:27:26.672,1.6442,1.6446,57.40,0.30
2008.01.02 17:27:26.945,1.6444,1.6446,3.60,0.30
2008.01.02 17:27:27.219,1.6443,1.64465,32.40,20.20
2008.01.02 17:27:27.464,1.6444,1.64465,1.50,20.20
2008.01.02 17:27:27.696,1.6443,1.6446,38.60,1.80
2008.01.02 17:27:27.929,1.6443,1.6446,34.60,1.80
2008.01.02 17:27:28.162,1.6443,1.6446,34.60,2.00
2008.01.02 17:27:28.396,1.6442,1.6446,47.60,2.00
2008.01.02 17:27:28.674,1.6442,1.6446,47.60,2.00
2008.01.02 17:27:28.952,1.6442,1.6446,47.70,0.30
2008.01.02 17:27:29.231,1.6442,1.6446,48.90,0.30
2008.01.02 17:27:29.510,1.6443,1.6446,5.20,0.30
2008.01.02 17:27:29.920,1.6443,1.6446,1.40,0.30
2008.01.02 17:27:30.178,1.6442,1.6446,49.30,4.20
2008.01.02 17:27:30.436,1.6443,1.6446,3.70,4.20
2008.01.02 17:27:30.645,1.6442,1.6446,49.20,4.20
2008.01.02 17:27:30.854,1.6443,1.6446,11.50,0.30
2008.01.02 17:27:31.203,1.64425,1.6446,26.60,0.30
2008.01.02 17:27:31.410,1.64425,1.6446,26.80,0.30
2008.01.02 17:27:32.019,1.64425,1.6446,28.60,0.30
2008.01.02 17:27:32.244,1.6443,1.6446,3.20,0.30
2008.01.02 17:27:32.467,1.64425,1.6446,16.60,0.30
2008.01.02 17:27:32.695,1.64425,1.6446,16.60,0.30
2008.01.02 17:27:33.878,1.6443,1.6446,5.50,4.20
2008.01.02 17:27:34.126,1.6443,1.6446,3.00,4.20
2008.01.02 17:27:34.374,1.64425,1.6446,14.80,4.20
2008.01.02 17:27:35.870,1.64425,1.6446,14.80,0.30
2008.01.02 17:27:36.191,1.6443,1.6446,6.50,0.30
2008.01.02 17:27:36.794,1.64425,1.6446,14.80,0.30
2008.01.02 17:27:36.982,1.6443,1.6446,6.90,0.30
2008.01.02 17:27:37.218,1.6443,1.6446,4.90,4.20
2008.01.02 17:27:37.407,1.6442,1.64455,47.80,8.00
2008.01.02 17:27:37.695,1.6442,1.64455,47.80,16.00
2008.01.02 17:27:37.983,1.6442,1.6446,47.90,0.30
2008.01.02 17:27:38.271,1.6443,1.6446,9.10,2.00
2008.01.02 17:27:38.559,1.6443,1.6446,11.20,2.00
2008.01.02 17:27:38.822,1.6443,1.6446,3.80,18.00
2008.01.02 17:27:39.086,1.6443,1.6446,1.30,30.00
2008.01.02 17:27:39.348,1.6442,1.6446,47.60,30.00
2008.01.02 17:27:39.611,1.6442,1.6446,47.70,30.00
2008.01.02 17:27:39.849,1.6442,1.6446,47.70,30.00
2008.01.02 17:27:40.088,1.6443,1.6445,3.90,1.80
2008.01.02 17:27:40.325,1.6444,1.6445,0.50,1.80
2008.01.02 17:27:40.564,1.6443,1.6445,4.80,1.80
2008.01.02 17:27:40.811,1.6443,1.6445,1.50,1.80
2008.01.02 17:27:41.059,1.6442,1.6445,43.20,1.80
2008.01.02 17:27:41.307,1.6443,1.6446,2.50,22.00
2008.01.02 17:27:41.555,1.64425,1.6446,10.70,6.00
2008.01.02 17:27:41.829,1.6443,1.6446,3.10,2.00
2008.01.02 17:27:42.102,1.6442,1.6446,39.60,2.00
2008.01.02 17:27:42.395,1.6442,1.6446,39.50,2.00
2008.01.02 17:27:42.668,1.6443,1.6446,6.20,6.00
2008.01.02 17:27:42.952,1.6442,1.6446,43.50,6.00
2008.01.02 17:27:43.210,1.6442,1.6446,45.30,4.20
2008.01.02 17:27:43.463,1.6442,1.6446,45.20,4.20
2008.01.02 17:27:43.715,1.6442,1.6446,45.00,4.20
2008.01.02 17:27:44.176,1.6442,1.6446,45.40,4.20
2008.01.02 17:27:44.430,1.6442,1.6446,45.40,4.20
2008.01.02 17:27:44.714,1.6442,1.6446,45.40,4.20
2008.01.02 17:27:46.367,1.6442,1.6446,45.40,4.20
2008.01.02 17:27:46.612,1.6443,1.6446,4.80,4.00
2008.01.02 17:27:46.865,1.6442,1.6446,57.30,4.00
2008.01.02 17:27:47.118,1.6443,1.6446,31.20,4.00
2008.01.02 17:27:47.371,1.6443,1.6446,35.20,4.00
2008.01.02 17:27:48.008,1.6443,1.6446,37.00,4.00
2008.01.02 17:27:48.261,1.6443,1.6446,37.30,4.00
2008.01.02 17:27:48.515,1.6444,1.6446,2.90,4.00
2008.01.02 17:27:48.768,1.6443,1.6446,37.30,4.00
2008.01.02 17:27:49.024,1.6443,1.6446,37.00,4.00
2008.01.02 17:27:49.273,1.6444,1.6446,2.10,4.00
2008.01.02 17:27:49.524,1.6443,1.6446,37.00,4.00
2008.01.02 17:27:49.771,1.6444,1.6446,0.90,4.00
2008.01.02 17:27:50.044,1.6443,1.6446,37.00,4.00
2008.01.02 17:27:50.318,1.6443,1.6446,37.00,4.00
2008.01.02 17:27:50.593,1.6443,1.6446,37.00,4.00
2008.01.02 17:27:50.828,1.6443,1.6446,37.00,4.00
2008.01.02 17:27:51.020,1.6443,1.6446,37.00,4.00
2008.01.02 17:27:51.245,1.6444,1.6446,2.30,4.00
2008.01.02 17:27:51.458,1.6443,1.6446,37.00,4.00
2008.01.02 17:27:52.204,1.6443,1.6446,37.00,4.00
2008.01.02 17:27:52.506,1.6444,1.6446,1.00,4.00
2008.01.02 17:27:52.937,1.6444,1.6446,2.30,4.00
2008.01.02 17:27:53.804,1.6443,1.6446,37.00,8.00
2008.01.02 17:27:54.061,1.6443,1.6446,37.00,8.00
2008.01.02 17:27:54.781,1.6444,1.6446,2.40,8.00
2008.01.02 17:27:55.084,1.6443,1.6446,37.00,8.20
2008.01.02 17:27:55.297,1.6445,1.6446,0.80,8.20
2008.01.02 17:27:55.510,1.6445,1.6446,0.80,8.20
2008.01.02 17:27:55.725,1.6445,1.6446,0.80,4.20
2008.01.02 17:27:55.938,1.6444,1.6446,30.40,0.30
2008.01.02 17:27:56.181,1.6445,1.6447,4.30,0.30
2008.01.02 17:27:56.420,1.6444,1.6447,36.20,18.60
2008.01.02 17:27:56.659,1.6445,1.6447,5.60,26.60
2008.01.02 17:27:56.944,1.6445,1.6447,5.60,26.60
2008.01.02 17:27:57.192,1.6445,1.6447,5.60,26.40
2008.01.02 17:27:57.440,1.6445,1.6447,20.40,12.00
2008.01.02 17:27:57.700,1.6446,1.64475,1.80,16.00
2008.01.02 17:27:57.949,1.6445,1.6448,40.60,8.00
2008.01.02 17:27:58.208,1.6445,1.6448,43.80,10.40
2008.01.02 17:27:58.446,1.6446,1.6448,24.00,4.00
2008.01.02 17:27:58.719,1.6446,1.6448,24.00,4.00
2008.01.02 17:27:58.957,1.6446,1.6448,24.00,4.00
2008.01.02 17:28:00.163,1.6447,1.64475,2.20,0.30
2008.01.02 17:28:00.208,1.6445,1.64475,9.90,0.30
2008.01.02 17:28:00.261,1.6444,1.64475,43.30,0.30
2008.01.02 17:28:00.412,1.6445,1.64475,0.70,0.30
2008.01.02 17:28:00.564,1.6444,1.64475,42.50,0.30
2008.01.02 17:28:00.617,1.6444,1.64475,42.50,0.30
2008.01.02 17:28:00.681,1.6445,1.64475,17.40,0.30
2008.01.02 17:28:00.739,1.6447,1.64475,2.40,0.30
2008.01.02 17:28:00.989,1.6447,1.64475,1.90,0.30
2008.01.02 17:28:01.043,1.6447,1.64475,1.40,0.30
2008.01.02 17:28:01.114,1.6447,1.6448,0.70,24.00
2008.01.02 17:28:01.193,1.6446,1.6448,22.40,20.00
2008.01.02 17:28:01.527,1.6446,1.64485,28.80,16.20
2008.01.02 17:28:01.861,1.6447,1.6448,1.90,4.00
2008.01.02 17:28:02.195,1.6447,1.6448,2.00,4.20
2008.01.02 17:28:02.410,1.6445,1.6448,41.70,18.60
2008.01.02 17:28:02.583,1.6446,1.6448,6.80,26.60
2008.01.02 17:28:02.957,1.6446,1.6448,15.20,26.60
2008.01.02 17:28:03.151,1.6446,1.6448,15.20,26.40
2008.01.02 17:28:03.344,1.6447,1.6448,22.20,8.00
2008.01.02 17:28:03.617,1.6448,1.6449,1.50,4.00
2008.01.02 17:28:03.891,1.6447,1.6449,23.20,4.00
2008.01.02 17:28:04.186,1.6448,1.64485,1.50,0.30
2008.01.02 17:28:04.458,1.6446,1.64485,17.60,0.30
2008.01.02 17:28:04.691,1.6446,1.6448,19.30,0.30
2008.01.02 17:28:04.924,1.6445,1.6448,38.90,20.20
2008.01.02 17:28:05.187,1.6446,1.6448,3.60,20.20
2008.01.02 17:28:05.439,1.6445,1.6448,41.30,22.60
2008.01.02 17:28:05.759,1.6446,1.6448,4.30,22.60
2008.01.02 17:28:06.176,1.6445,1.6448,38.90,22.60
2008.01.02 17:28:06.449,1.6445,1.6448,31.70,29.00
2008.01.02 17:28:06.678,1.6447,1.6448,0.50,26.60
2008.01.02 17:28:06.906,1.6446,1.6448,17.90,18.60
2008.01.02 17:28:07.134,1.6447,1.6448,2.40,6.60
2008.01.02 17:28:07.362,1.6445,1.6448,40.50,14.60
2008.01.02 17:28:07.625,1.6445,1.6448,40.50,26.60
2008.01.02 17:28:07.975,1.6446,1.6448,1.10,26.60
2008.01.02 17:28:08.402,1.6445,1.6448,40.50,26.60
2008.01.02 17:28:09.125,1.6445,1.6448,40.50,26.60
2008.01.02 17:28:09.383,1.6445,1.6448,40.40,30.60
2008.01.02 17:28:09.617,1.6445,1.6448,40.40,30.60
2008.01.02 17:28:09.851,1.6445,1.6448,34.20,21.00
2008.01.02 17:28:10.084,1.6446,1.6448,6.90,9.00
2008.01.02 17:28:10.337,1.6447,1.64475,1.70,0.30
2008.01.02 17:28:10.646,1.6447,1.64475,0.70,0.30
2008.01.02 17:28:10.954,1.6445,1.64475,31.40,0.30
2008.01.02 17:28:11.263,1.6445,1.64475,6.70,0.30
2008.01.02 17:28:11.571,1.6445,1.64475,3.50,0.30
2008.01.02 17:28:11.976,1.6445,1.64475,8.80,0.30
2008.01.02 17:28:12.210,1.6445,1.64475,19.60,0.30
2008.01.02 17:28:12.443,1.6446,1.64475,1.20,0.30
2008.01.02 17:28:13.116,1.6445,1.64475,37.10,0.30
2008.01.02 17:28:13.349,1.6447,1.6448,2.30,6.60
2008.01.02 17:28:13.582,1.6446,1.6448,21.70,6.60
2008.01.02 17:28:14.199,1.6446,1.6448,21.70,6.60
2008.01.02 17:28:14.433,1.6447,1.6448,2.10,6.60
2008.01.02 17:28:14.671,1.6446,1.6448,21.80,6.60
2008.01.02 17:28:15.152,1.6447,1.6448,1.30,6.60
2008.01.02 17:28:15.390,1.6447,1.6448,4.00,6.60
2008.01.02 17:28:15.649,1.6446,1.6448,17.00,10.60
2008.01.02 17:28:15.908,1.6446,1.6448,12.90,18.60
2008.01.02 17:28:16.166,1.6446,1.6448,8.90,30.60
2008.01.02 17:28:16.424,1.6446,1.6448,8.80,30.60
2008.01.02 17:28:17.181,1.6446,1.6448,8.80,26.60
2008.01.02 17:28:17.464,1.6446,1.6448,9.30,26.60
2008.01.02 17:28:17.647,1.6446,1.6448,9.30,26.60
2008.01.02 17:28:17.830,1.6446,1.6448,8.80,30.60
2008.01.02 17:28:18.014,1.6446,1.6448,8.80,30.60
2008.01.02 17:28:18.197,1.6446,1.6448,8.80,30.60
2008.01.02 17:28:19.973,1.6446,1.6448,12.80,30.60
2008.01.02 17:28:22.158,1.6446,1.6448,12.80,30.60
2008.01.02 17:28:23.214,1.6445,1.6448,41.00,30.60
2008.01.02 17:28:24.947,1.6446,1.6448,4.10,30.60
2008.01.02 17:28:25.160,1.6446,1.6448,0.60,30.60
2008.01.02 17:28:25.885,1.6446,1.6448,3.10,26.60
2008.01.02 17:28:27.391,1.6445,1.6448,40.80,26.60
2008.01.02 17:28:30.024,1.6446,1.6448,3.00,30.60
2008.01.02 17:28:31.179,1.6445,1.6448,38.40,30.60
2008.01.02 17:28:31.387,1.6446,1.6448,5.60,33.00
2008.01.02 17:28:31.596,1.6445,1.6448,38.40,33.00
2008.01.02 17:28:32.730,1.6446,1.6448,2.90,33.00
2008.01.02 17:28:35.463,1.6445,1.6448,38.40,33.00
2008.01.02 17:28:35.686,1.6445,1.6448,38.40,33.00
2008.01.02 17:28:37.397,1.6445,1.6448,37.60,33.00
2008.01.02 17:28:38.582,1.6446,1.64475,1.70,0.30
2008.01.02 17:28:38.850,1.6445,1.64475,22.40,8.20
2008.01.02 17:28:39.010,1.6445,1.64475,22.40,16.20
2008.01.02 17:28:39.193,1.6445,1.6447,24.00,2.40
2008.01.02 17:28:39.377,1.6446,1.6447,2.40,6.40
2008.01.02 17:28:39.560,1.6445,1.6447,24.00,6.40
2008.01.02 17:28:40.140,1.6446,1.6447,1.80,6.40
2008.01.02 17:28:42.182,1.6446,1.6447,0.50,6.40
2008.01.02 17:28:42.406,1.6444,1.64465,18.70,0.30
2008.01.02 17:28:42.628,1.6444,1.64465,1.60,0.30
2008.01.02 17:28:42.851,1.6444,1.64465,5.50,0.30
2008.01.02 17:28:43.064,1.6443,1.64465,41.80,0.30
2008.01.02 17:28:43.277,1.6443,1.64465,41.80,0.30
2008.01.02 17:28:43.490,1.6443,1.64465,41.80,0.30
2008.01.02 17:28:44.171,1.6443,1.64465,41.80,0.30
2008.01.02 17:28:44.903,1.6443,1.64465,41.80,0.30
2008.01.02 17:28:45.082,1.6443,1.64465,42.20,0.30
2008.01.02 17:28:45.259,1.6442,1.6446,45.00,0.30
2008.01.02 17:28:45.437,1.6442,1.6446,45.00,0.30
2008.01.02 17:28:45.930,1.6443,1.6446,4.10,0.30
2008.01.02 17:28:46.206,1.64425,1.6446,28.60,0.30
2008.01.02 17:28:46.460,1.6443,1.6446,2.10,0.30
2008.01.02 17:28:46.712,1.6442,1.6446,49.80,0.30
2008.01.02 17:28:46.965,1.6442,1.6446,49.80,0.30
2008.01.02 17:28:47.168,1.6442,1.64465,49.00,0.30
2008.01.02 17:28:47.371,1.6443,1.64465,33.40,0.30
2008.01.02 17:28:47.574,1.6443,1.64465,33.40,0.30
2008.01.02 17:28:48.130,1.6443,1.64465,33.40,0.30
2008.01.02 17:28:48.353,1.6444,1.64465,4.80,0.30
2008.01.02 17:28:48.575,1.6443,1.64465,40.60,0.30
2008.01.02 17:28:49.014,1.6444,1.64465,5.40,0.30
2008.01.02 17:28:49.297,1.6444,1.6447,32.00,30.60
2008.01.02 17:28:49.581,1.6445,1.6447,4.30,30.60
2008.01.02 17:28:50.201,1.6445,1.6447,0.50,30.60
2008.01.02 17:28:50.296,1.6445,1.6447,0.50,0.90
2008.01.02 17:28:50.407,1.6445,1.6447,0.90,0.50
2008.01.02 17:28:52.685,1.6445,1.6448,8.80,56.40
2008.01.02 17:28:55.653,1.6445,1.6448,8.80,56.40
2008.01.02 17:28:55.957,1.6445,1.6448,8.80,57.60
2008.01.02 17:28:59.411,1.6445,1.6447,8.80,0.50
2008.01.02 17:28:59.715,1.6445,1.6448,8.80,57.60
2008.01.02 17:28:59.943,1.6445,1.6447,8.90,0.70
2008.01.02 17:29:00.172,1.6445,1.6447,11.30,0.60
2008.01.02 17:29:00.385,1.6445,1.64475,19.20,4.30
2008.01.02 17:29:00.597,1.6445,1.6448,19.20,30.90
2008.01.02 17:29:00.978,1.6445,1.64475,19.20,0.30
2008.01.02 17:29:01.181,1.6445,1.6448,19.20,30.90
2008.01.02 17:29:01.451,1.6445,1.6448,19.20,30.90
2008.01.02 17:29:02.125,1.6445,1.6448,19.20,30.90
2008.01.02 17:29:02.393,1.6445,1.6447,8.80,16.20
2008.01.02 17:29:02.562,1.6445,1.64465,8.80,0.50
2008.01.02 17:29:02.751,1.6445,1.6447,15.20,0.70
2008.01.02 17:29:02.919,1.6445,1.6448,19.20,38.80
2008.01.02 17:29:03.087,1.6445,1.6448,19.20,30.90
2008.01.02 17:29:03.888,1.6445,1.6448,19.20,30.90
2008.01.02 17:29:04.188,1.6445,1.6448,19.20,30.90
2008.01.02 17:29:04.356,1.64455,1.6448,0.80,30.90
2008.01.02 17:29:04.524,1.6446,1.64475,0.80,0.30
2008.01.02 17:29:04.692,1.6446,1.6448,4.80,0.70
2008.01.02 17:29:04.860,1.6446,1.6449,5.60,61.60
2008.01.02 17:29:05.028,1.6446,1.6449,5.60,60.40
2008.01.02 17:29:05.220,1.6446,1.6449,5.60,60.40
2008.01.02 17:29:05.444,1.6446,1.6448,8.00,0.90
2008.01.02 17:29:05.943,1.6446,1.6449,8.00,60.40
2008.01.02 17:29:06.166,1.6446,1.6449,8.00,60.40
2008.01.02 17:29:07.628,1.6446,1.6448,8.00,25.10
2008.01.02 17:29:07.810,1.6446,1.6448,8.00,29.00
2008.01.02 17:29:07.973,1.6446,1.6448,8.00,29.00
2008.01.02 17:29:08.158,1.6446,1.64475,8.00,0.60
2008.01.02 17:29:08.300,1.6446,1.6448,8.00,28.20
2008.01.02 17:29:08.598,1.6446,1.6449,8.00,54.00
2008.01.02 17:29:08.897,1.6446,1.6448,12.00,0.60
2008.01.02 17:29:09.219,1.6446,1.6449,12.00,54.00
2008.01.02 17:29:09.610,1.6446,1.64475,12.00,0.30
2008.01.02 17:29:09.813,1.6446,1.64475,8.00,0.90
2008.01.02 17:29:10.017,1.6446,1.6448,8.00,28.20
2008.01.02 17:29:10.220,1.6446,1.64475,8.00,0.90
2008.01.02 17:29:10.555,1.6446,1.64475,8.00,0.60
2008.01.02 17:29:10.789,1.6446,1.6448,12.00,21.00
2008.01.02 17:29:11.022,1.6446,1.6448,12.00,0.60
2008.01.02 17:29:11.255,1.6446,1.6448,12.80,0.60
2008.01.02 17:29:12.637,1.6446,1.64485,12.80,21.10
2008.01.02 17:29:12.856,1.6447,1.64485,4.00,12.20
2008.01.02 17:29:13.070,1.6447,1.6448,4.00,0.70
2008.01.02 17:29:13.283,1.6447,1.6449,6.40,34.00
2008.01.02 17:29:13.495,1.6447,1.6449,6.40,34.00
2008.01.02 17:29:14.162,1.6447,1.6449,6.40,34.00
2008.01.02 17:29:14.723,1.6447,1.64485,6.40,0.80
2008.01.02 17:29:14.913,1.6447,1.6449,6.40,34.00
2008.01.02 17:29:15.127,1.6447,1.6449,6.40,34.00
2008.01.02 17:29:15.772,1.6447,1.64485,6.40,16.20
2008.01.02 17:29:15.991,1.6447,1.64485,6.50,16.20
2008.01.02 17:29:16.210,1.6447,1.6448,6.40,0.50
2008.01.02 17:29:16.546,1.6447,1.6448,6.50,0.60
2008.01.02 17:29:16.806,1.6447,1.6448,6.40,0.60
2008.01.02 17:29:18.156,1.6447,1.6448,6.40,0.70
2008.01.02 17:29:18.461,1.6447,1.64485,6.40,16.20
2008.01.02 17:29:18.679,1.6447,1.6449,8.80,19.40
2008.01.02 17:29:18.896,1.6447,1.6449,8.80,5.80
2008.01.02 17:29:19.114,1.6447,1.6449,8.80,0.70
2008.01.02 17:29:19.333,1.6447,1.64495,8.80,10.00
2008.01.02 17:29:21.193,1.6447,1.6449,4.80,1.80
2008.01.02 17:29:21.401,1.6447,1.6449,4.80,1.80
2008.01.02 17:29:21.699,1.6447,1.6449,4.80,5.80
2008.01.02 17:29:21.888,1.6447,1.6449,4.80,13.80
2008.01.02 17:29:22.076,1.6447,1.64485,4.80,8.00
2008.01.02 17:29:22.265,1.6447,1.64485,2.40,8.00
2008.01.02 17:29:22.453,1.6447,1.64485,2.40,8.00
2008.01.02 17:29:22.771,1.6447,1.64485,2.40,8.00
2008.01.02 17:29:23.089,1.6447,1.64485,2.40,8.00
2008.01.02 17:29:23.407,1.6447,1.64485,2.40,8.00
2008.01.02 17:29:23.657,1.6447,1.64485,2.40,8.00
2008.01.02 17:29:23.884,1.6447,1.64485,6.80,8.00
2008.01.02 17:29:24.112,1.6447,1.64485,6.40,8.00
2008.01.02 17:29:24.340,1.6447,1.64485,6.40,8.00
2008.01.02 17:29:24.697,1.6447,1.64485,6.40,8.00
2008.01.02 17:29:24.925,1.6447,1.6449,6.40,22.80
2008.01.02 17:29:25.154,1.6447,1.6449,6.80,22.80
2008.01.02 17:29:25.382,1.6447,1.6449,6.60,18.80
2008.01.02 17:29:25.610,1.6447,1.6449,6.60,18.80
2008.01.02 17:29:25.847,1.6447,1.6449,6.40,18.80
2008.01.02 17:29:26.096,1.6447,1.6449,6.40,17.00
2008.01.02 17:29:26.335,1.6447,1.6449,8.80,20.40
2008.01.02 17:29:26.573,1.6447,1.6449,8.80,20.40
2008.01.02 17:29:26.898,1.6447,1.6449,8.80,20.40
2008.01.02 17:29:27.129,1.6447,1.6449,8.80,18.60
2008.01.02 17:29:27.362,1.6447,1.6449,8.80,20.40
2008.01.02 17:29:27.595,1.6447,1.6449,8.80,20.40
2008.01.02 17:29:27.853,1.6447,1.6449,4.80,20.40
2008.01.02 17:29:28.110,1.6447,1.6449,4.80,20.40
2008.01.02 17:29:28.368,1.6447,1.6449,8.80,20.40
2008.01.02 17:29:28.626,1.6447,1.6449,8.80,20.40
2008.01.02 17:29:29.179,1.6447,1.6449,8.80,20.40
2008.01.02 17:29:29.488,1.6447,1.6449,8.80,20.40
2008.01.02 17:29:29.697,1.6447,1.6449,8.80,20.40
2008.01.02 17:29:30.221,1.6447,1.6449,8.80,20.40
2008.01.02 17:29:30.446,1.6447,1.6449,4.80,20.40
2008.01.02 17:29:30.686,1.6447,1.6449,8.80,20.40
2008.01.02 17:29:30.938,1.6447,1.6449,8.80,20.40
2008.01.02 17:29:32.914,1.6447,1.6449,8.80,20.40
2008.01.02 17:29:33.217,1.6447,1.6449,8.80,20.40
2008.01.02 17:29:35.380,1.6447,1.6449,8.80,20.40
2008.01.02 17:29:35.693,1.6447,1.6449,8.80,20.40
2008.01.02 17:29:36.391,1.6447,1.6449,1.50,20.40
2008.01.02 17:29:37.136,1.6447,1.6449,3.10,20.40
2008.01.02 17:29:37.315,1.6446,1.6449,38.70,20.40
2008.01.02 17:29:37.492,1.6447,1.6449,8.80,20.40
2008.01.02 17:29:38.162,1.6447,1.6449,8.80,20.40
2008.01.02 17:29:40.150,1.6447,1.6449,8.80,20.40
2008.01.02 17:29:40.348,1.6447,1.6449,6.40,20.40
2008.01.02 17:29:40.545,1.6447,1.6449,6.40,22.80
2008.01.02 17:29:40.744,1.6447,1.6449,8.80,20.40
2008.01.02 17:29:40.972,1.6447,1.6449,8.80,20.40
2008.01.02 17:29:41.215,1.6447,1.6449,8.80,18.60
2008.01.02 17:29:41.458,1.6447,1.6449,8.80,18.60
2008.01.02 17:29:41.712,1.6447,1.6449,8.80,18.60
2008.01.02 17:29:41.954,1.6447,1.6449,8.80,18.60
2008.01.02 17:29:42.452,1.6447,1.6449,8.80,18.60
2008.01.02 17:29:42.964,1.6447,1.6449,8.80,18.60
2008.01.02 17:29:43.385,1.6447,1.6449,8.80,18.60
2008.01.02 17:29:44.022,1.6447,1.6449,8.80,20.40
2008.01.02 17:29:44.264,1.6447,1.6449,8.80,20.40
2008.01.02 17:29:44.709,1.6447,1.6449,8.80,20.40
2008.01.02 17:29:44.953,1.6447,1.6449,8.80,20.40
2008.01.02 17:29:45.196,1.6447,1.6449,8.80,20.40
2008.01.02 17:29:45.463,1.6447,1.6449,8.80,20.40
2008.01.02 17:29:45.670,1.6447,1.6449,8.80,20.40
2008.01.02 17:29:45.881,1.6447,1.6449,8.80,20.40
2008.01.02 17:29:46.420,1.6447,1.6449,8.80,20.40
2008.01.02 17:29:46.910,1.6447,1.6449,8.80,20.40
2008.01.02 17:29:47.283,1.6447,1.6449,4.80,20.40
2008.01.02 17:29:47.481,1.6447,1.6449,4.80,20.40
2008.01.02 17:29:47.679,1.6447,1.6449,4.80,20.40
2008.01.02 17:29:47.877,1.6447,1.6449,2.40,22.80
2008.01.02 17:29:48.159,1.6447,1.6449,2.40,22.80
2008.01.02 17:29:48.569,1.6447,1.6449,6.40,22.80
2008.01.02 17:29:49.060,1.6447,1.6449,6.40,22.80
2008.01.02 17:29:49.324,1.6445,1.6448,6.40,1.80
2008.01.02 17:29:49.562,1.6445,1.6448,6.40,1.80
2008.01.02 17:29:49.800,1.6445,1.6448,20.80,2.00
2008.01.02 17:29:50.039,1.6445,1.6448,20.80,2.00
2008.01.02 17:29:50.278,1.6445,1.6448,25.60,2.00
2008.01.02 17:29:50.959,1.6445,1.6448,25.60,2.00
2008.01.02 17:29:51.786,1.6445,1.6448,25.60,2.00
2008.01.02 17:29:51.965,1.6446,1.6448,0.20,2.00
2008.01.02 17:29:52.206,1.6446,1.6448,0.20,2.00
2008.01.02 17:29:52.385,1.6445,1.6448,17.60,2.00
2008.01.02 17:29:52.721,1.6445,1.6448,17.60,2.00
2008.01.02 17:29:53.055,1.6445,1.6448,17.60,0.30
2008.01.02 17:29:53.318,1.6445,1.6448,25.60,0.30
2008.01.02 17:29:53.581,1.6445,1.6448,25.60,0.30
2008.01.02 17:29:53.784,1.6445,1.6448,25.60,0.30
2008.01.02 17:29:54.002,1.6445,1.6448,25.60,0.30
2008.01.02 17:29:54.205,1.6445,1.6448,25.60,2.00
2008.01.02 17:29:54.892,1.6445,1.6448,25.60,2.00
2008.01.02 17:29:55.202,1.6445,1.6448,25.60,2.00
2008.01.02 17:29:55.456,1.6445,1.6448,25.60,2.00
2008.01.02 17:29:55.729,1.6445,1.6448,24.80,2.00
2008.01.02 17:29:55.922,1.6445,1.6448,24.80,2.00
2008.01.02 17:29:56.116,1.6445,1.6448,22.40,1.80
2008.01.02 17:29:56.309,1.6445,1.6448,4.00,1.80
2008.01.02 17:29:56.502,1.6444,1.6448,27.20,1.80
2008.01.02 17:29:56.775,1.6444,1.6448,25.60,1.80
2008.01.02 17:29:57.355,1.6444,1.6448,21.60,5.80
2008.01.02 17:29:59.959,1.6444,1.6448,25.60,5.80
2008.01.02 17:30:00.187,1.6444,1.6448,25.60,5.80
2008.01.02 17:30:00.414,1.6444,1.6448,27.70,5.80
2008.01.02 17:30:00.898,1.6444,1.6448,27.70,5.80
2008.01.02 17:30:01.682,1.6444,1.6448,25.30,5.80
2008.01.02 17:30:01.944,1.6444,1.6448,27.70,5.80
2008.01.02 17:30:02.207,1.6446,1.6448,2.40,5.80
2008.01.02 17:30:02.470,1.6446,1.6448,10.40,5.80
2008.01.02 17:30:03.004,1.6446,1.6448,12.80,5.80
2008.01.02 17:30:04.142,1.6446,1.6448,12.80,5.80
2008.01.02 17:30:05.384,1.6446,1.6448,12.80,5.80
2008.01.02 17:30:06.411,1.6446,1.6448,12.80,5.80
2008.01.02 17:30:06.628,1.6446,1.6448,12.80,5.80
2008.01.02 17:30:06.936,1.6446,1.6448,12.80,5.80
2008.01.02 17:30:07.193,1.6446,1.6448,12.80,5.80
2008.01.02 17:30:07.454,1.6446,1.6448,12.80,5.80
2008.01.02 17:30:07.713,1.6446,1.6448,12.80,5.80
2008.01.02 17:30:08.201,1.6446,1.6448,12.80,5.80
2008.01.02 17:30:08.427,1.6445,1.6448,36.00,5.80
2008.01.02 17:30:09.110,1.6445,1.6448,32.00,5.80
2008.01.02 17:30:10.152,1.6446,1.6448,10.40,5.80
2008.01.02 17:30:10.460,1.6446,1.6448,8.00,5.80
2008.01.02 17:30:11.002,1.6446,1.6448,9.60,4.00
2008.01.02 17:30:11.241,1.6447,1.6448,1.10,4.00
2008.01.02 17:30:11.480,1.6447,1.6448,5.70,4.00
2008.01.02 17:30:12.210,1.6447,1.6448,5.70,4.00
2008.01.02 17:30:14.113,1.6447,1.6448,5.10,4.00
2008.01.02 17:30:14.322,1.6446,1.6448,9.70,5.80
2008.01.02 17:30:14.530,1.6446,1.6448,9.70,5.80
2008.01.02 17:30:14.995,1.6446,1.6448,9.70,5.80
2008.01.02 17:30:15.243,1.6446,1.6448,17.70,4.00
2008.01.02 17:30:15.490,1.6447,1.6448,4.00,4.00
2008.01.02 17:30:15.772,1.6447,1.6448,4.00,4.00
2008.01.02 17:30:16.025,1.6447,1.6448,4.00,4.00
2008.01.02 17:30:16.308,1.6447,1.6448,4.00,4.00
2008.01.02 17:30:16.591,1.6447,1.6448,4.00,4.00
2008.01.02 17:30:16.929,1.6447,1.6448,4.00,4.00
2008.01.02 17:30:18.176,1.6447,1.6448,4.00,4.00
2008.01.02 17:30:18.493,1.6446,1.6448,21.70,4.00
2008.01.02 17:30:19.734,1.6446,1.6448,21.70,4.00
2008.01.02 17:30:19.963,1.6447,1.6448,0.90,4.00
2008.01.02 17:30:20.190,1.6446,1.6448,24.10,4.00
2008.01.02 17:30:20.483,1.6447,1.6448,1.40,4.00
2008.01.02 17:30:20.974,1.6446,1.6448,24.10,4.00
2008.01.02 17:30:21.268,1.6446,1.6448,24.10,4.00
2008.01.02 17:30:21.512,1.6447,1.6448,2.40,4.00
2008.01.02 17:30:22.071,1.6447,1.6448,3.10,4.00
2008.01.02 17:30:22.314,1.6447,1.6448,3.00,4.00
2008.01.02 17:30:22.532,1.6447,1.6448,2.00,4.00
2008.01.02 17:30:22.749,1.6446,1.6448,23.30,4.00
2008.01.02 17:30:22.967,1.6447,1.6448,2.30,4.00
2008.01.02 17:30:23.185,1.6447,1.6448,2.30,4.00
2008.01.02 17:30:23.869,1.6446,1.6448,23.60,4.00
2008.01.02 17:30:25.216,1.6446,1.6448,23.60,4.00
2008.01.02 17:30:25.416,1.6447,1.6448,0.60,4.00
2008.01.02 17:30:26.145,1.6447,1.6448,2.80,4.00
2008.01.02 17:30:26.385,1.6446,1.6448,22.80,4.00
2008.01.02 17:30:26.608,1.6447,1.6448,1.70,4.00
2008.01.02 17:30:26.976,1.6446,1.6448,22.80,4.00
2008.01.02 17:30:27.200,1.6446,1.6448,22.80,4.00
2008.01.02 17:30:27.423,1.6447,1.6448,2.60,4.00
2008.01.02 17:30:28.003,1.6446,1.6448,22.80,4.00
2008.01.02 17:30:28.231,1.6447,1.6448,1.10,4.00
2008.01.02 17:30:28.460,1.6446,1.6448,23.60,4.00
2008.01.02 17:30:29.153,1.6446,1.6448,23.60,4.00
2008.01.02 17:30:29.620,1.6447,1.6448,1.20,4.00
2008.01.02 17:30:29.859,1.6448,1.6449,1.10,12.00
2008.01.02 17:30:30.097,1.6447,1.6449,20.00,4.00
2008.01.02 17:30:30.336,1.64485,1.6449,0.80,6.00
2008.01.02 17:30:30.573,1.6446,1.64485,20.00,0.30
2008.01.02 17:30:30.806,1.6446,1.6448,2.50,5.80
2008.01.02 17:30:31.040,1.6446,1.6448,2.90,5.80
2008.01.02 17:30:31.296,1.6445,1.6448,31.20,5.80
2008.01.02 17:30:31.506,1.6446,1.6448,1.20,5.80
2008.01.02 17:30:31.783,1.6445,1.6448,32.30,5.80
2008.01.02 17:30:32.163,1.6446,1.6448,2.10,5.80
2008.01.02 17:30:33.713,1.6445,1.6448,24.10,9.80
2008.01.02 17:30:33.866,1.6445,1.64475,24.10,8.00
2008.01.02 17:30:34.020,1.6445,1.64475,24.10,8.00
2008.01.02 17:30:34.198,1.6446,1.6448,1.40,13.80
2008.01.02 17:30:34.351,1.6446,1.6448,3.60,5.80
2008.01.02 17:30:34.515,1.6446,1.6448,3.30,5.80
2008.01.02 17:30:35.539,1.6445,1.6448,32.10,6.00
2008.01.02 17:30:35.712,1.6445,1.6448,30.50,6.00
2008.01.02 17:30:35.885,1.6445,1.6447,30.50,4.00
2008.01.02 17:30:36.058,1.6445,1.6447,26.50,4.00
2008.01.02 17:30:36.410,1.6445,1.6447,26.50,4.00
2008.01.02 17:30:36.717,1.6446,1.6447,1.50,4.00
2008.01.02 17:30:37.129,1.6445,1.6447,26.50,4.00
2008.01.02 17:30:39.142,1.6445,1.6447,26.50,4.00
2008.01.02 17:30:39.362,1.6445,1.6447,26.50,4.00
2008.01.02 17:30:39.601,1.6446,1.6447,1.50,4.00
2008.01.02 17:30:39.901,1.6445,1.6447,26.50,4.00
2008.01.02 17:30:41.176,1.6446,1.6447,0.60,4.00
2008.01.02 17:30:41.375,1.6446,1.6447,1.70,4.00
2008.01.02 17:30:41.572,1.6445,1.6447,22.50,4.00
2008.01.02 17:30:42.955,1.6445,1.6447,22.50,4.00
2008.01.02 17:30:43.168,1.6446,1.6447,1.00,4.00
2008.01.02 17:30:43.345,1.6445,1.6447,26.50,4.00
2008.01.02 17:30:44.192,1.6445,1.6447,18.50,4.00
2008.01.02 17:30:44.489,1.6444,1.6447,45.70,4.00
2008.01.02 17:30:44.788,1.6444,1.6446,33.70,4.00
2008.01.02 17:30:44.960,1.6445,1.6446,4.20,4.00
2008.01.02 17:30:45.134,1.6445,1.6446,4.80,4.00
2008.01.02 17:30:45.327,1.6444,1.6446,33.70,4.00
2008.01.02 17:30:45.501,1.6445,1.6446,5.30,4.00
2008.01.02 17:30:46.369,1.6445,1.6446,2.50,4.00
2008.01.02 17:30:46.601,1.6445,1.6446,3.50,4.00
2008.01.02 17:30:46.834,1.6444,1.6446,33.70,4.00
2008.01.02 17:30:48.242,1.6444,1.6446,33.70,4.00
2008.01.02 17:30:50.907,1.6444,1.6446,33.70,4.00
2008.01.02 17:30:51.159,1.6444,1.6446,33.70,4.00
2008.01.02 17:30:51.363,1.6444,1.6446,33.70,4.00
2008.01.02 17:30:51.565,1.6444,1.6446,33.70,4.00
2008.01.02 17:30:51.772,1.6445,1.6446,3.20,4.00
2008.01.02 17:30:51.974,1.64445,1.6446,18.70,4.00
2008.01.02 17:30:52.178,1.64445,1.6446,17.90,4.00
2008.01.02 17:30:52.709,1.6445,1.6446,4.20,4.00
2008.01.02 17:30:53.221,1.64445,1.6446,17.90,4.00
2008.01.02 17:30:54.154,1.6445,1.6446,4.00,4.00
2008.01.02 17:30:57.984,1.6445,1.6446,2.10,4.00
2008.01.02 17:30:58.165,1.6445,1.6446,1.90,4.00
2008.01.02 17:30:58.822,1.6445,1.6446,1.50,4.00
2008.01.02 17:30:59.086,1.6445,1.6446,10.50,4.00
2008.01.02 17:30:59.368,1.6445,1.6446,10.50,4.00
2008.01.02 17:30:59.597,1.6445,1.6446,10.50,4.00
2008.01.02 17:30:59.956,1.6445,1.6446,10.50,4.00
2008.01.02 17:31:00.182,1.64455,1.6446,0.50,4.00
2008.01.02 17:31:01.709,1.6445,1.6446,10.50,4.00
2008.01.02 17:31:01.913,1.6445,1.6446,10.50,4.00
2008.01.02 17:31:02.128,1.64455,1.6446,0.70,4.00
2008.01.02 17:31:02.327,1.6445,1.6446,10.50,4.00
2008.01.02 17:31:02.576,1.6445,1.6446,10.50,4.00
2008.01.02 17:31:04.604,1.6445,1.6446,10.50,4.00
2008.01.02 17:31:04.903,1.64455,1.6446,0.50,4.00
2008.01.02 17:31:05.223,1.6445,1.6446,0.80,4.00
2008.01.02 17:31:05.521,1.6445,1.6446,2.00,4.00
2008.01.02 17:31:05.994,1.6445,1.6446,5.70,4.00
2008.01.02 17:31:06.211,1.6445,1.6446,5.70,4.00
2008.01.02 17:31:07.940,1.6445,1.6446,5.10,4.00
2008.01.02 17:31:08.153,1.6445,1.6446,5.70,4.00
2008.01.02 17:31:08.366,1.6445,1.6446,5.70,4.00
2008.01.02 17:31:10.237,1.6445,1.6446,5.70,4.00
2008.01.02 17:31:10.473,1.6445,1.6446,5.70,4.00
2008.01.02 17:31:15.695,1.6445,1.6446,5.70,4.00
2008.01.02 17:31:15.899,1.6445,1.6446,5.70,4.00
2008.01.02 17:31:16.241,1.6445,1.6446,5.70,4.00
2008.01.02 17:31:16.465,1.6445,1.6446,5.70,4.00
2008.01.02 17:31:16.978,1.6445,1.6446,5.70,4.00
2008.01.02 17:31:18.236,1.6445,1.6446,5.70,4.00
2008.01.02 17:31:19.869,1.6445,1.6446,6.50,4.00
2008.01.02 17:31:20.116,1.6445,1.6446,6.50,4.00
2008.01.02 17:31:20.314,1.6445,1.6446,6.50,4.00
2008.01.02 17:31:20.513,1.6445,1.6446,6.50,4.00
2008.01.02 17:31:21.618,1.6445,1.6447,6.50,10.80
2008.01.02 17:31:21.944,1.6445,1.6447,6.50,10.80
2008.01.02 17:31:23.725,1.6445,1.6447,6.50,10.80
2008.01.02 17:31:24.238,1.6445,1.6447,6.50,10.80
2008.01.02 17:31:26.117,1.6445,1.6447,5.70,9.00
2008.01.02 17:31:26.316,1.6445,1.6446,5.70,4.00
2008.01.02 17:31:26.534,1.6445,1.6446,5.70,4.00
2008.01.02 17:31:26.662,1.6445,1.6446,1.40,4.00
2008.01.02 17:31:26.753,1.6444,1.6446,23.30,4.00
2008.01.02 17:31:27.223,1.6445,1.6446,2.10,4.00
2008.01.02 17:31:28.246,1.6445,1.6446,1.90,4.00
2008.01.02 17:31:29.121,1.6444,1.6446,22.50,4.00
2008.01.02 17:31:29.441,1.6444,1.6446,22.50,4.00
2008.01.02 17:31:29.758,1.6445,1.6446,2.30,4.00
2008.01.02 17:31:30.276,1.6445,1.6446,1.00,4.00
2008.01.02 17:31:30.513,1.6445,1.6446,2.50,4.00
2008.01.02 17:31:30.977,1.6445,1.6446,3.20,4.00
2008.01.02 17:31:31.216,1.6444,1.6446,22.50,4.00
2008.01.02 17:31:32.222,1.6444,1.6446,14.50,4.00
2008.01.02 17:31:32.445,1.6445,1.6446,0.50,4.00
2008.01.02 17:31:32.669,1.6445,1.6446,1.20,4.00
2008.01.02 17:31:33.468,1.6445,1.6446,0.50,4.00
2008.01.02 17:31:34.206,1.6445,1.6446,0.80,4.00
2008.01.02 17:31:35.636,1.6445,1.6446,1.20,4.00
2008.01.02 17:31:35.886,1.6445,1.6446,1.00,8.00
2008.01.02 17:31:36.153,1.6445,1.6446,0.80,8.80
2008.01.02 17:31:36.383,1.6445,1.6446,0.70,8.00
2008.01.02 17:31:36.632,1.6444,1.6445,5.80,4.20
2008.01.02 17:31:36.891,1.6445,1.6446,0.50,26.60
2008.01.02 17:31:37.148,1.6443,1.6445,1.00,4.20
2008.01.02 17:31:37.407,1.6441,1.6445,45.60,4.20
2008.01.02 17:31:37.664,1.6441,1.6445,45.60,4.20
2008.01.02 17:31:37.893,1.6441,1.6445,45.20,4.20
2008.01.02 17:31:38.153,1.6442,1.6445,10.10,4.20
2008.01.02 17:31:39.291,1.6441,1.6445,45.90,4.20
2008.01.02 17:31:39.529,1.6441,1.6445,45.80,4.20
2008.01.02 17:31:39.746,1.6441,1.6444,45.80,4.00
2008.01.02 17:31:39.965,1.6441,1.6444,45.80,4.00
2008.01.02 17:31:40.182,1.6441,1.6444,45.00,4.00
2008.01.02 17:31:40.400,1.6441,1.6444,45.00,4.00
2008.01.02 17:31:40.747,1.6441,1.6444,45.00,4.00
2008.01.02 17:31:41.161,1.6441,1.6444,44.60,4.00
2008.01.02 17:31:41.419,1.6442,1.6444,2.10,4.00
2008.01.02 17:31:43.207,1.6442,1.6444,3.60,4.00
2008.01.02 17:31:44.585,1.6442,1.6444,4.30,4.20
2008.01.02 17:31:44.763,1.6441,1.6443,30.40,4.00
2008.01.02 17:31:44.947,1.6441,1.6443,26.40,4.00
2008.01.02 17:31:45.131,1.6441,1.6443,26.80,4.00
2008.01.02 17:31:45.314,1.6441,1.6443,26.80,4.00
2008.01.02 17:31:45.498,1.6441,1.6443,26.80,4.00
2008.01.02 17:31:45.681,1.6442,1.6443,1.40,4.00
2008.01.02 17:31:45.918,1.6441,1.6443,24.80,4.00
2008.01.02 17:31:46.157,1.6441,1.6443,25.20,4.00
2008.01.02 17:31:46.395,1.6441,1.6443,25.20,4.00
2008.01.02 17:31:47.996,1.6441,1.6443,25.20,4.00
2008.01.02 17:31:48.215,1.6441,1.6443,25.20,4.00
2008.01.02 17:31:48.433,1.6442,1.6443,2.10,4.00
2008.01.02 17:31:49.138,1.6441,1.6443,25.20,4.00
2008.01.02 17:31:49.356,1.6441,1.6443,25.20,4.00
2008.01.02 17:31:49.574,1.6442,1.6443,2.30,4.00
2008.01.02 17:31:52.634,1.6441,1.6443,25.20,4.00
2008.01.02 17:31:52.813,1.6441,1.6443,25.20,4.00
2008.01.02 17:31:54.489,1.6441,1.6443,25.20,4.00
2008.01.02 17:31:54.736,1.6442,1.6443,1.40,4.00
2008.01.02 17:31:54.985,1.6442,1.6443,5.20,4.00
2008.01.02 17:31:55.147,1.6442,1.6443,4.40,4.00
2008.01.02 17:31:55.311,1.6442,1.6443,4.00,4.00
2008.01.02 17:32:00.242,1.6442,1.6443,4.00,4.00
2008.01.02 17:32:01.169,1.6442,1.6443,4.00,4.00
2008.01.02 17:32:04.251,1.6442,1.6443,4.00,4.00
2008.01.02 17:32:04.974,1.6442,1.6443,4.00,4.00
2008.01.02 17:32:05.213,1.6442,1.6443,4.00,4.00
2008.01.02 17:32:05.952,1.6442,1.6443,4.00,4.00
2008.01.02 17:32:06.175,1.6442,1.6443,4.00,4.00
2008.01.02 17:32:06.677,1.6442,1.6443,4.00,4.00
2008.01.02 17:32:06.978,1.6442,1.6443,4.00,4.00
2008.01.02 17:32:07.194,1.6442,1.6443,4.00,4.00
2008.01.02 17:32:07.516,1.6442,1.6443,4.00,4.00
2008.01.02 17:32:07.725,1.6442,1.6444,4.00,9.00
2008.01.02 17:32:07.933,1.6442,1.6444,4.80,9.00
2008.01.02 17:32:08.163,1.6442,1.6444,4.80,9.00
2008.01.02 17:32:08.435,1.6442,1.6444,4.80,9.00
2008.01.02 17:32:08.963,1.6442,1.6444,4.80,9.00
2008.01.02 17:32:09.258,1.6442,1.6444,5.00,9.00
2008.01.02 17:32:10.960,1.6442,1.6444,5.00,9.00
2008.01.02 17:32:11.156,1.6442,1.6444,5.00,9.00
2008.01.02 17:32:12.180,1.6442,1.6444,5.00,9.00
2008.01.02 17:32:12.408,1.6442,1.6444,4.90,9.00
2008.01.02 17:32:12.611,1.6442,1.6444,4.80,9.00
2008.01.02 17:32:13.225,1.6442,1.6444,4.80,9.00
2008.01.02 17:32:13.428,1.6442,1.6444,4.80,9.00
2008.01.02 17:32:14.145,1.6442,1.6444,4.80,9.00
2008.01.02 17:32:18.278,1.6442,1.6444,4.80,8.80
2008.01.02 17:32:18.496,1.6442,1.6444,4.80,4.00
2008.01.02 17:32:18.700,1.6442,1.6444,4.80,4.00
2008.01.02 17:32:19.028,1.6442,1.6444,4.80,4.00
2008.01.02 17:32:19.251,1.6442,1.6444,4.80,4.00
2008.01.02 17:32:21.813,1.6442,1.6444,4.80,0.90
2008.01.02 17:32:23.043,1.6442,1.6444,4.80,0.50
2008.01.02 17:32:23.241,1.6442,1.64445,4.80,8.00
2008.01.02 17:32:24.321,1.6442,1.6444,4.80,0.60
2008.01.02 17:32:24.544,1.6442,1.64445,4.80,8.00
2008.01.02 17:32:26.068,1.6442,1.64445,4.80,8.00
2008.01.02 17:32:26.216,1.6442,1.64445,4.80,8.00
2008.01.02 17:32:26.473,1.6442,1.64445,4.80,8.00
2008.01.02 17:32:29.961,1.6442,1.64445,4.80,8.00
2008.01.02 17:32:31.992,1.6442,1.6444,4.80,0.50
2008.01.02 17:32:32.193,1.6442,1.64445,4.80,8.00
2008.01.02 17:32:33.006,1.6442,1.64445,4.80,8.00
2008.01.02 17:32:33.209,1.6442,1.64445,4.80,8.00
2008.01.02 17:32:34.437,1.6442,1.64445,4.80,8.00
2008.01.02 17:32:34.995,1.6442,1.64445,4.80,8.00
2008.01.02 17:32:35.194,1.6442,1.6444,5.60,0.80
2008.01.02 17:32:35.439,1.6442,1.6444,5.60,0.70
2008.01.02 17:32:35.662,1.6442,1.6444,4.80,0.90
2008.01.02 17:32:35.927,1.6442,1.64445,6.00,8.00
2008.01.02 17:32:36.180,1.6442,1.6444,6.00,0.50
2008.01.02 17:32:36.432,1.6442,1.64445,6.00,9.20
2008.01.02 17:32:39.134,1.6442,1.6444,6.00,0.70
2008.01.02 17:32:39.388,1.6442,1.64445,6.00,9.20
2008.01.02 17:32:39.640,1.6442,1.64445,6.00,9.20
2008.01.02 17:32:41.062,1.6442,1.6444,6.00,0.50
2008.01.02 17:32:41.229,1.6442,1.64445,6.00,9.20
2008.01.02 17:32:41.490,1.6442,1.64445,6.00,9.20
2008.01.02 17:32:42.692,1.6442,1.6444,6.00,0.50
2008.01.02 17:32:43.028,1.6442,1.64445,6.00,9.20
2008.01.02 17:32:45.253,1.6442,1.64445,6.00,9.20
2008.01.02 17:32:46.994,1.6442,1.6444,6.00,0.90
2008.01.02 17:32:47.208,1.6442,1.6444,6.00,0.80
2008.01.02 17:32:48.447,1.6442,1.6444,6.00,0.90
2008.01.02 17:32:52.183,1.6442,1.6443,6.00,4.00
2008.01.02 17:32:52.405,1.6442,1.6443,6.00,4.00
2008.01.02 17:32:52.593,1.6442,1.6443,6.00,4.00
2008.01.02 17:32:53.011,1.6442,1.6443,6.00,4.00
2008.01.02 17:32:53.223,1.6442,1.6443,6.00,4.00
2008.01.02 17:32:58.951,1.6442,1.6443,6.00,4.00
2008.01.02 17:32:59.269,1.6442,1.6443,6.00,4.00
2008.01.02 17:33:00.186,1.6442,1.6443,6.00,4.00
2008.01.02 17:33:09.789,1.6442,1.6443,0.80,4.00
2008.01.02 17:33:10.967,1.6442,1.6443,0.80,4.00
2008.01.02 17:33:17.289,1.6442,1.6443,0.80,4.00
2008.01.02 17:33:17.954,1.6441,1.6443,15.20,4.00
2008.01.02 17:33:18.012,1.6442,1.6443,0.80,4.00
2008.01.02 17:33:18.215,1.6442,1.6443,0.80,4.00
2008.01.02 17:33:18.532,1.6441,1.6443,15.20,4.00
2008.01.02 17:33:25.036,1.64405,1.64435,1.60,0.30
2008.01.02 17:33:25.275,1.64405,1.64435,1.60,0.30
2008.01.02 17:33:28.182,1.6441,1.6443,3.10,4.00
2008.01.02 17:33:28.381,1.6441,1.6443,4.90,4.00
2008.01.02 17:33:29.014,1.6441,1.6443,4.00,4.00
2008.01.02 17:33:29.230,1.64405,1.6443,15.20,4.00
2008.01.02 17:33:30.301,1.6441,1.6443,0.60,4.00
2008.01.02 17:33:32.280,1.64405,1.6443,15.20,4.00
2008.01.02 17:33:33.019,1.6442,1.6443,0.80,4.00
2008.01.02 17:33:33.192,1.6441,1.6443,37.60,4.00
2008.01.02 17:33:33.366,1.6442,1.6443,3.40,4.00
2008.01.02 17:33:34.032,1.6441,1.6443,37.60,4.00
2008.01.02 17:33:34.266,1.6441,1.6443,37.60,4.00
2008.01.02 17:33:34.501,1.6442,1.6443,3.60,4.00
2008.01.02 17:33:37.220,1.6441,1.6443,37.60,4.00
2008.01.02 17:33:38.022,1.6442,1.6443,1.80,4.00
2008.01.02 17:33:38.291,1.6441,1.6443,37.60,4.00
2008.01.02 17:33:38.560,1.6441,1.6443,37.60,4.00
2008.01.02 17:33:39.248,1.6441,1.6443,37.60,4.00
2008.01.02 17:33:42.079,1.6442,1.6443,3.80,4.00
2008.01.02 17:33:43.059,1.6442,1.6443,1.60,4.00
2008.01.02 17:33:44.216,1.6442,1.6443,3.90,4.00
2008.01.02 17:33:44.534,1.6442,1.6443,3.90,4.00
2008.01.02 17:33:44.698,1.6441,1.6443,43.20,4.00
2008.01.02 17:33:44.860,1.6441,1.6444,44.00,4.00
2008.01.02 17:33:45.025,1.6442,1.6444,8.40,4.00
2008.01.02 17:33:45.189,1.6442,1.6444,9.20,4.00
2008.01.02 17:33:45.353,1.6442,1.6444,9.20,1.20
2008.01.02 17:33:45.516,1.6442,1.6444,9.20,1.20
2008.01.02 17:33:45.793,1.6442,1.6444,9.20,1.20
2008.01.02 17:33:46.148,1.6442,1.6444,9.20,1.20
2008.01.02 17:33:48.103,1.6442,1.6444,9.20,1.20
2008.01.02 17:33:48.342,1.6442,1.6445,21.40,4.00
2008.01.02 17:33:48.581,1.6443,1.6446,4.00,0.80
2008.01.02 17:33:48.820,1.6443,1.6447,4.80,13.40
2008.01.02 17:33:49.098,1.6443,1.6447,4.80,10.60
2008.01.02 17:33:49.376,1.6443,1.6446,18.80,4.00
2008.01.02 17:33:49.654,1.6443,1.6446,18.80,4.00
2008.01.02 17:33:49.933,1.6443,1.6446,18.80,4.00
2008.01.02 17:33:50.182,1.6443,1.6446,20.40,4.00
2008.01.02 17:33:50.431,1.6443,1.6446,20.40,4.00
2008.01.02 17:33:50.787,1.6443,1.6446,18.80,4.00
2008.01.02 17:33:51.300,1.6443,1.6446,18.80,4.00
2008.01.02 17:33:51.534,1.6443,1.6446,18.80,4.00
2008.01.02 17:33:52.208,1.6443,1.6446,18.80,4.00
2008.01.02 17:33:52.534,1.6443,1.6446,18.80,4.00
2008.01.02 17:33:52.726,1.6443,1.6446,18.00,4.00
2008.01.02 17:33:52.919,1.6443,1.6446,18.00,4.00
2008.01.02 17:33:53.193,1.6443,1.6446,17.20,4.00
2008.01.02 17:33:53.467,1.6443,1.6446,4.00,4.00
2008.01.02 17:33:54.193,1.6443,1.6446,4.00,4.00
2008.01.02 17:33:55.000,1.6443,1.6446,4.00,5.80
2008.01.02 17:33:55.220,1.6443,1.6446,4.00,5.80
2008.01.02 17:33:56.178,1.6443,1.6446,4.00,5.80
2008.01.02 17:33:56.696,1.6443,1.6446,4.00,6.60
2008.01.02 17:33:56.930,1.6442,1.6446,20.60,6.60
2008.01.02 17:33:57.134,1.6443,1.64455,1.80,0.30
2008.01.02 17:33:57.336,1.6443,1.6445,1.80,4.00
2008.01.02 17:33:57.539,1.6443,1.6445,1.80,4.00
2008.01.02 17:33:58.226,1.6443,1.6445,1.80,4.00
2008.01.02 17:33:59.652,1.6442,1.6445,21.60,4.00
2008.01.02 17:33:59.840,1.6442,1.6443,8.00,4.00
2008.01.02 17:34:00.036,1.6442,1.6443,6.00,4.00
2008.01.02 17:34:00.258,1.6442,1.6443,6.00,4.00
2008.01.02 17:34:00.504,1.6442,1.6443,6.00,4.00
2008.01.02 17:34:00.705,1.6442,1.6443,6.00,4.00
2008.01.02 17:34:00.928,1.6442,1.6443,6.00,4.00
2008.01.02 17:34:01.151,1.6442,1.6443,6.00,4.00
2008.01.02 17:34:01.375,1.6442,1.6443,6.00,4.00
2008.01.02 17:34:01.599,1.6442,1.6443,2.00,4.00
2008.01.02 17:34:01.822,1.6442,1.6443,2.00,4.00
2008.01.02 17:34:02.046,1.6442,1.6443,2.00,4.00
2008.01.02 17:34:02.299,1.6442,1.6443,2.00,4.00
2008.01.02 17:34:02.552,1.6442,1.6443,2.00,4.00
2008.01.02 17:34:02.805,1.6441,1.6443,9.60,8.00
2008.01.02 17:34:03.058,1.6441,1.6443,4.00,12.00
2008.01.02 17:34:03.258,1.644,1.6443,28.40,16.80
2008.01.02 17:34:03.455,1.644,1.6443,18.00,24.80
2008.01.02 17:34:03.653,1.644,1.6443,18.00,24.80
2008.01.02 17:34:03.851,1.644,1.6442,6.80,8.00
2008.01.02 17:34:04.049,1.644,1.6442,2.00,8.00
2008.01.02 17:34:04.302,1.644,1.6442,2.00,8.00
2008.01.02 17:34:04.932,1.644,1.6442,3.80,8.00
2008.01.02 17:34:05.186,1.644,1.6442,3.80,12.00
2008.01.02 17:34:05.365,1.644,1.64425,11.80,4.00
2008.01.02 17:34:05.543,1.644,1.6443,11.80,15.00
2008.01.02 17:34:05.720,1.644,1.6443,11.80,15.00
2008.01.02 17:34:06.219,1.644,1.6443,11.80,15.00
2008.01.02 17:34:07.144,1.644,1.6443,12.60,14.20
2008.01.02 17:34:07.307,1.644,1.6443,12.60,14.20
2008.01.02 17:34:07.641,1.644,1.6443,12.60,13.40
2008.01.02 17:34:07.805,1.64425,1.6443,0.80,0.30
2008.01.02 17:34:07.976,1.6442,1.6443,4.00,0.30
2008.01.02 17:34:08.055,1.6442,1.6443,2.30,0.30
2008.01.02 17:34:08.138,1.6442,1.6444,4.40,7.60
2008.01.02 17:34:08.426,1.6442,1.6444,5.40,7.60
2008.01.02 17:34:08.715,1.6442,1.6444,10.80,7.60
2008.01.02 17:34:09.004,1.64425,1.6444,1.20,7.60
2008.01.02 17:34:09.293,1.6442,1.6443,3.00,4.00
2008.01.02 17:34:09.501,1.6442,1.6443,1.20,4.00
2008.01.02 17:34:09.709,1.6441,1.6443,22.40,4.00
2008.01.02 17:34:09.925,1.6441,1.6443,37.60,4.00
2008.01.02 17:34:10.133,1.6441,1.6443,42.60,4.00
2008.01.02 17:34:10.387,1.6441,1.6443,42.60,4.00
2008.01.02 17:34:10.615,1.6442,1.6443,1.20,4.00
2008.01.02 17:34:10.869,1.6441,1.6443,44.20,4.00
2008.01.02 17:34:11.097,1.6441,1.6443,43.40,4.00
2008.01.02 17:34:11.327,1.6443,1.6444,1.60,4.00
2008.01.02 17:34:11.560,1.6443,1.6444,1.30,4.00
2008.01.02 17:34:11.794,1.6443,1.6444,0.50,4.00
2008.01.02 17:34:12.028,1.6443,1.6444,1.90,4.00
2008.01.02 17:34:12.261,1.6443,1.6444,1.00,4.00
2008.01.02 17:34:12.620,1.6443,1.6444,1.80,4.00
2008.01.02 17:34:12.830,1.6443,1.6444,1.20,4.00
2008.01.02 17:34:13.989,1.6443,1.6444,1.40,4.00
2008.01.02 17:34:14.530,1.6443,1.6444,1.20,4.00
2008.01.02 17:34:14.942,1.6443,1.6444,1.40,4.00
2008.01.02 17:34:15.150,1.6443,1.6444,0.60,4.00
2008.01.02 17:34:15.359,1.64425,1.6443,0.80,4.00
2008.01.02 17:34:15.577,1.64425,1.6443,1.00,4.00
2008.01.02 17:34:15.966,1.6442,1.6443,20.40,4.00
2008.01.02 17:34:16.184,1.64425,1.6443,1.00,4.00
2008.01.02 17:34:17.218,1.64425,1.6443,1.20,4.00
2008.01.02 17:34:18.102,1.64425,1.6443,0.70,4.00
2008.01.02 17:34:18.311,1.64415,1.6443,20.40,4.00
2008.01.02 17:34:18.519,1.64415,1.6443,20.40,4.00
2008.01.02 17:34:18.769,1.64415,1.6443,19.60,4.00
2008.01.02 17:34:18.975,1.6443,1.6444,0.50,4.00
2008.01.02 17:34:19.224,1.6443,1.6444,0.90,4.00
2008.01.02 17:34:19.452,1.6443,1.6444,0.80,4.00
2008.01.02 17:34:19.681,1.6443,1.6444,1.10,4.00
2008.01.02 17:34:19.944,1.6443,1.6444,0.50,4.00
2008.01.02 17:34:20.207,1.6443,1.6444,0.50,4.00
2008.01.02 17:34:20.470,1.6443,1.6444,0.70,4.00
2008.01.02 17:34:20.734,1.6443,1.6444,0.80,4.00
2008.01.02 17:34:20.942,1.64425,1.6444,6.80,4.00
2008.01.02 17:34:21.150,1.64425,1.6444,8.00,4.00
2008.01.02 17:34:21.359,1.6442,1.6444,6.90,4.00
2008.01.02 17:34:21.567,1.64415,1.6444,18.00,4.00
2008.01.02 17:34:22.058,1.6442,1.6444,4.20,4.00
2008.01.02 17:34:22.326,1.64415,1.6444,14.00,4.00
2008.01.02 17:34:22.594,1.64415,1.6444,14.00,4.00
2008.01.02 17:34:25.546,1.64415,1.6444,14.00,4.00
2008.01.02 17:34:25.714,1.6442,1.6443,1.20,4.00
2008.01.02 17:34:25.891,1.64415,1.6443,11.60,4.00
2008.01.02 17:34:26.119,1.64415,1.6443,11.60,4.00
2008.01.02 17:34:26.365,1.64415,1.6443,11.60,4.00
2008.01.02 17:34:26.764,1.6442,1.6443,2.40,4.00
2008.01.02 17:34:26.979,1.6442,1.6443,1.70,4.00
2008.01.02 17:34:27.278,1.6442,1.6443,0.50,4.00
2008.01.02 17:34:28.237,1.64415,1.6443,11.60,4.00
2008.01.02 17:34:28.518,1.6442,1.6443,2.80,4.00
2008.01.02 17:34:30.707,1.6442,1.6443,4.10,4.00
2008.01.02 17:34:33.517,1.6442,1.6443,1.30,4.00
2008.01.02 17:34:35.642,1.6442,1.6443,1.30,4.00
2008.01.02 17:34:35.841,1.6442,1.6444,2.10,4.00
2008.01.02 17:34:36.065,1.6443,1.6444,0.90,8.00
2008.01.02 17:34:36.269,1.64435,1.6444,0.80,8.00
2008.01.02 17:34:36.473,1.64435,1.6444,1.60,8.00
2008.01.02 17:34:36.676,1.64435,1.6444,1.60,8.00
2008.01.02 17:34:36.879,1.6443,1.6444,2.40,4.00
2008.01.02 17:34:37.083,1.6443,1.6444,2.40,4.00
2008.01.02 17:34:37.361,1.6443,1.6444,2.40,4.00
2008.01.02 17:34:37.638,1.6443,1.6444,2.40,4.00
2008.01.02 17:34:38.110,1.64435,1.6444,0.80,4.00
2008.01.02 17:34:38.389,1.64435,1.6444,1.60,4.00
2008.01.02 17:34:38.712,1.64435,1.6444,1.60,4.00
2008.01.02 17:34:38.888,1.64435,1.6444,1.60,4.00
2008.01.02 17:34:39.067,1.64435,1.6444,0.80,4.00
2008.01.02 17:34:39.245,1.6443,1.6444,2.40,4.00
2008.01.02 17:34:39.469,1.6443,1.6444,2.40,4.00
2008.01.02 17:34:39.692,1.6443,1.6444,2.40,4.00
2008.01.02 17:34:39.916,1.6443,1.6444,2.40,4.00
2008.01.02 17:34:40.245,1.6443,1.6444,2.40,4.00
2008.01.02 17:34:43.580,1.6443,1.6444,2.40,4.00
2008.01.02 17:34:43.779,1.6443,1.6444,2.40,4.00
2008.01.02 17:34:43.997,1.6443,1.6444,2.40,4.00
2008.01.02 17:34:44.234,1.6443,1.6444,2.40,4.00
2008.01.02 17:34:44.452,1.6443,1.6444,2.40,4.00
2008.01.02 17:34:46.281,1.6443,1.6444,2.40,4.00
2008.01.02 17:34:47.209,1.6443,1.6444,2.40,4.00
2008.01.02 17:34:47.727,1.6443,1.6444,2.40,4.00
2008.01.02 17:34:47.940,1.6443,1.6444,2.40,4.00
2008.01.02 17:34:48.201,1.6443,1.6444,2.40,4.00
2008.01.02 17:34:48.428,1.6443,1.6444,2.40,12.80
2008.01.02 17:34:48.642,1.6443,1.6444,2.40,12.80
2008.01.02 17:34:48.912,1.64435,1.6444,0.80,8.00
2008.01.02 17:34:49.181,1.64435,1.6444,1.60,8.00
2008.01.02 17:34:49.450,1.64435,1.6444,1.60,4.00
2008.01.02 17:34:49.738,1.64435,1.6444,1.60,4.00
2008.01.02 17:34:50.001,1.64435,1.6444,1.60,4.00
2008.01.02 17:34:50.281,1.64435,1.6444,1.60,4.00
2008.01.02 17:34:50.544,1.64435,1.6444,1.60,4.00
2008.01.02 17:34:50.824,1.64435,1.6444,1.60,4.00
2008.01.02 17:34:51.032,1.64435,1.6444,1.60,4.00
2008.01.02 17:34:51.241,1.64435,1.6444,0.80,4.00
2008.01.02 17:34:51.449,1.6443,1.6444,7.60,4.00
2008.01.02 17:34:52.104,1.6443,1.6444,7.60,4.00
2008.01.02 17:34:52.320,1.6443,1.6444,6.40,4.00
2008.01.02 17:34:52.524,1.6443,1.6444,2.40,4.00
2008.01.02 17:34:52.727,1.6443,1.6444,2.40,4.00
2008.01.02 17:34:53.064,1.6443,1.6444,2.40,4.00
2008.01.02 17:34:53.328,1.64425,1.6443,5.60,4.00
2008.01.02 17:34:53.591,1.64425,1.6443,5.60,4.00
2008.01.02 17:34:53.854,1.64425,1.6444,4.00,4.00
2008.01.02 17:34:54.088,1.64425,1.6444,4.00,4.00
2008.01.02 17:34:54.321,1.6442,1.6444,10.80,4.00
2008.01.02 17:34:54.555,1.6442,1.6444,10.80,4.00
2008.01.02 17:34:54.993,1.6442,1.6444,10.80,4.00
2008.01.02 17:34:55.216,1.6442,1.6444,10.80,4.00
2008.01.02 17:34:55.515,1.6442,1.6444,10.80,4.00
2008.01.02 17:34:55.738,1.6442,1.6444,10.80,4.00
2008.01.02 17:34:56.245,1.6442,1.6444,10.80,4.00
2008.01.02 17:34:56.679,1.6442,1.6444,10.00,4.00
2008.01.02 17:34:56.923,1.6442,1.6443,6.00,4.00
2008.01.02 17:34:57.156,1.6442,1.6443,6.00,4.00
2008.01.02 17:34:57.389,1.6442,1.6443,6.00,4.00
2008.01.02 17:34:57.623,1.6442,1.6443,6.00,4.00
2008.01.02 17:34:57.939,1.6442,1.6443,6.00,4.00
2008.01.02 17:34:58.570,1.6442,1.6443,6.00,4.00
2008.01.02 17:34:58.823,1.6443,1.6444,1.60,4.00
2008.01.02 17:34:59.076,1.6443,1.6444,1.20,4.00
2008.01.02 17:34:59.314,1.6443,1.6444,3.60,4.00
2008.01.02 17:34:59.553,1.6443,1.6444,3.60,4.00
2008.01.02 17:34:59.792,1.6442,1.6443,15.60,4.00
2008.01.02 17:35:00.030,1.6443,1.6444,1.20,4.00
2008.01.02 17:35:00.274,1.6443,1.6444,1.20,4.00
2008.01.02 17:35:00.516,1.6443,1.6444,1.20,4.00
2008.01.02 17:35:00.759,1.6442,1.6443,15.60,4.00
2008.01.02 17:35:01.004,1.6442,1.6443,10.80,4.00
2008.01.02 17:35:01.241,1.6442,1.6443,8.40,4.00
2008.01.02 17:35:01.480,1.6442,1.6443,8.40,4.00
2008.01.02 17:35:01.738,1.6442,1.6443,8.40,4.00
2008.01.02 17:35:01.977,1.64425,1.6443,0.80,4.00
2008.01.02 17:35:02.216,1.64425,1.6443,1.60,4.00
2008.01.02 17:35:02.517,1.64425,1.6444,1.60,4.00
2008.01.02 17:35:02.773,1.6443,1.6445,6.80,8.00
2008.01.02 17:35:03.051,1.6443,1.6445,10.00,4.00
2008.01.02 17:35:03.311,1.6443,1.6446,18.80,9.80
2008.01.02 17:35:03.573,1.6443,1.6446,18.80,5.80
2008.01.02 17:35:03.820,1.6443,1.6446,18.80,4.00
2008.01.02 17:35:04.081,1.6443,1.6446,20.40,4.00
2008.01.02 17:35:04.344,1.6443,1.6446,21.60,4.00
2008.01.02 17:35:04.607,1.6443,1.6446,21.60,4.00
2008.01.02 17:35:04.870,1.6443,1.6446,21.60,4.00
2008.01.02 17:35:05.132,1.6443,1.6446,21.60,4.00
2008.01.02 17:35:05.385,1.6443,1.6446,21.60,4.00
2008.01.02 17:35:06.638,1.6443,1.6445,21.60,4.00
2008.01.02 17:35:06.792,1.6443,1.6445,13.60,4.00
2008.01.02 17:35:06.945,1.6443,1.6445,13.60,4.00
2008.01.02 17:35:07.098,1.6443,1.6445,13.60,4.00
2008.01.02 17:35:07.336,1.6443,1.6445,13.60,4.00
2008.01.02 17:35:07.767,1.6443,1.6445,13.60,4.00
2008.01.02 17:35:08.199,1.64425,1.6445,17.60,4.00
2008.01.02 17:35:08.698,1.64425,1.6445,17.60,4.00
2008.01.02 17:35:08.856,1.64425,1.6445,13.60,4.00
2008.01.02 17:35:09.035,1.64425,1.6445,9.60,8.00
2008.01.02 17:35:09.174,1.64425,1.6445,8.80,8.00
2008.01.02 17:35:09.452,1.6442,1.6444,49.20,4.00
2008.01.02 17:35:09.948,1.6442,1.6444,49.20,4.00
2008.01.02 17:35:11.808,1.6442,1.6444,49.20,4.00
2008.01.02 17:35:12.026,1.6442,1.6444,49.20,4.00
2008.01.02 17:35:12.245,1.6442,1.6444,26.40,4.20
2008.01.02 17:35:12.464,1.6443,1.6444,1.20,8.20
2008.01.02 17:35:12.682,1.6443,1.6444,1.50,8.20
2008.01.02 17:35:12.900,1.6441,1.6442,27.60,4.00
2008.01.02 17:35:13.119,1.6441,1.6442,26.60,4.00
2008.01.02 17:35:13.337,1.6441,1.6442,26.60,4.00
2008.01.02 17:35:13.561,1.6441,1.6442,26.60,4.00
2008.01.02 17:35:13.784,1.64415,1.6442,0.50,4.00
2008.01.02 17:35:14.009,1.64415,1.6442,2.70,4.00
2008.01.02 17:35:14.231,1.6441,1.6442,26.80,4.00
2008.01.02 17:35:14.561,1.6441,1.6442,26.80,4.00
2008.01.02 17:35:14.814,1.6441,1.6442,5.80,4.00
2008.01.02 17:35:15.028,1.6441,1.6442,2.30,4.00
2008.01.02 17:35:15.273,1.644,1.6442,41.00,6.40
2008.01.02 17:35:15.521,1.644,1.6442,32.20,6.40
2008.01.02 17:35:15.769,1.644,1.6442,23.40,6.40
2008.01.02 17:35:16.017,1.64405,1.6442,0.60,6.40
2008.01.02 17:35:16.266,1.64405,1.6442,0.80,6.40
2008.01.02 17:35:16.514,1.644,1.6442,0.60,6.40
2008.01.02 17:35:17.111,1.644,1.6442,3.70,6.40
2008.01.02 17:35:17.360,1.64395,1.6441,15.40,4.00
2008.01.02 17:35:17.557,1.64395,1.6441,15.40,4.00
2008.01.02 17:35:17.756,1.64395,1.6442,16.20,6.40
2008.01.02 17:35:18.045,1.644,1.6442,3.70,6.40
2008.01.02 17:35:18.244,1.644,1.6441,2.30,4.00
2008.01.02 17:35:18.442,1.64395,1.6441,16.40,4.00
2008.01.02 17:35:18.706,1.64395,1.6441,15.60,4.00
2008.01.02 17:35:18.969,1.644,1.6441,2.40,4.00
2008.01.02 17:35:19.642,1.64395,1.6441,15.60,4.00
2008.01.02 17:35:19.861,1.6441,1.6443,0.80,12.20
2008.01.02 17:35:20.079,1.6441,1.6443,9.60,12.20
2008.01.02 17:35:20.298,1.6441,1.6443,21.60,8.20
2008.01.02 17:35:20.516,1.6441,1.6443,7.50,8.20
2008.01.02 17:35:20.759,1.6442,1.6443,2.70,4.20
2008.01.02 17:35:21.003,1.6441,1.6443,43.40,4.20
2008.01.02 17:35:21.286,1.6442,1.6443,1.70,4.20
2008.01.02 17:35:21.529,1.64415,1.6443,8.80,4.20
2008.01.02 17:35:21.767,1.64415,1.6443,8.80,0.30
2008.01.02 17:35:22.006,1.64415,1.6443,12.80,0.30
2008.01.02 17:35:22.245,1.64415,1.6443,12.80,0.30
2008.01.02 17:35:22.528,1.64415,1.6443,12.80,0.30
2008.01.02 17:35:22.976,1.64415,1.6443,12.80,0.30
2008.01.02 17:35:23.254,1.64415,1.6443,12.80,0.30
2008.01.02 17:35:24.297,1.64415,1.6443,12.80,0.30
2008.01.02 17:35:25.204,1.64415,1.6443,12.80,4.20
2008.01.02 17:35:25.388,1.64415,1.6443,12.80,4.20
2008.01.02 17:35:25.571,1.6442,1.6443,2.00,4.20
2008.01.02 17:35:26.050,1.64415,1.6443,12.80,4.20
2008.01.02 17:35:26.243,1.6442,1.6443,2.20,4.20
2008.01.02 17:35:26.437,1.64415,1.6443,8.80,4.20
2008.01.02 17:35:26.773,1.64415,1.6443,8.80,4.20
2008.01.02 17:35:28.244,1.6442,1.6443,1.60,4.20
2008.01.02 17:35:31.214,1.64415,1.6443,8.80,4.20
2008.01.02 17:35:37.195,1.6442,1.6443,2.30,4.20
2008.01.02 17:35:37.393,1.6442,1.6443,4.80,4.20
2008.01.02 17:35:37.590,1.6442,1.6443,8.80,4.20
2008.01.02 17:35:38.191,1.6442,1.6443,8.80,4.20
2008.01.02 17:35:39.731,1.6442,1.6443,8.80,4.20
2008.01.02 17:35:41.183,1.6442,1.6443,8.80,4.20
2008.01.02 17:35:41.356,1.6442,1.6443,8.80,4.20
2008.01.02 17:35:41.530,1.6442,1.6443,4.80,4.20
2008.01.02 17:35:42.441,1.6442,1.6443,4.80,4.20
2008.01.02 17:35:42.763,1.6442,1.6443,4.80,4.20
2008.01.02 17:35:43.047,1.6442,1.6443,8.80,4.20
2008.01.02 17:35:43.276,1.6442,1.6443,4.00,4.00
2008.01.02 17:35:43.522,1.6442,1.6443,4.00,4.00
2008.01.02 17:35:43.751,1.6441,1.6442,19.20,4.00
2008.01.02 17:35:43.978,1.6441,1.6442,18.40,4.00
2008.01.02 17:35:44.207,1.64415,1.6442,0.80,4.00
2008.01.02 17:35:44.465,1.64415,1.6442,1.60,4.00
2008.01.02 17:35:45.240,1.64415,1.6442,1.60,4.00
2008.01.02 17:35:46.300,1.64415,1.6442,1.60,4.00
2008.01.02 17:35:47.204,1.64415,1.6442,5.60,4.00
2008.01.02 17:35:48.318,1.64415,1.6442,5.60,0.60
2008.01.02 17:35:48.758,1.64415,1.6442,5.60,0.80
2008.01.02 17:35:49.168,1.64415,1.6442,5.60,0.50
2008.01.02 17:35:49.513,1.64415,1.6442,5.60,0.80
2008.01.02 17:35:49.752,1.64415,1.6442,5.60,0.60
2008.01.02 17:35:51.388,1.64415,1.6442,5.60,0.50
2008.01.02 17:35:51.613,1.6442,1.6444,2.40,17.80
2008.01.02 17:35:51.702,1.6441,1.6442,25.60,0.90
2008.01.02 17:35:51.835,1.6441,1.6443,16.80,8.00
2008.01.02 17:35:51.920,1.6441,1.6442,8.80,0.60
2008.01.02 17:35:52.008,1.6441,1.6443,8.80,8.00
2008.01.02 17:35:52.153,1.6441,1.6442,8.80,0.60
2008.01.02 17:35:52.260,1.6441,1.6443,8.80,8.00
2008.01.02 17:35:52.371,1.6441,1.6443,8.80,8.00
2008.01.02 17:35:52.536,1.6441,1.6443,8.80,8.00
2008.01.02 17:35:52.926,1.6441,1.6443,8.80,8.00
2008.01.02 17:35:53.260,1.6441,1.6443,9.60,8.00
2008.01.02 17:35:53.592,1.6441,1.6442,9.60,0.90
2008.01.02 17:35:53.781,1.6441,1.6443,9.60,8.00
2008.01.02 17:35:53.968,1.6441,1.6443,9.60,8.00
2008.01.02 17:35:54.157,1.6441,1.6442,9.60,0.80
2008.01.02 17:35:54.344,1.6441,1.6443,9.60,8.00
2008.01.02 17:35:54.533,1.6441,1.6443,8.80,8.00
2008.01.02 17:35:54.822,1.644,1.6442,1.60,0.70
2008.01.02 17:35:55.110,1.644,1.6443,1.60,36.10
2008.01.02 17:35:55.423,1.644,1.6442,6.40,0.80
2008.01.02 17:35:55.709,1.644,1.64425,10.40,0.80
2008.01.02 17:35:55.949,1.644,1.6443,8.80,0.90
2008.01.02 17:35:56.187,1.644,1.64435,8.80,37.20
2008.01.02 17:35:56.425,1.644,1.64435,12.80,35.60
2008.01.02 17:35:56.663,1.644,1.64435,12.80,39.60
2008.01.02 17:35:56.941,1.644,1.6443,16.80,0.50
2008.01.02 17:35:57.219,1.644,1.6443,17.60,0.90
2008.01.02 17:35:57.498,1.644,1.64435,25.60,2.10
2008.01.02 17:35:58.680,1.644,1.6442,21.60,0.80
2008.01.02 17:35:58.853,1.644,1.6443,20.80,10.60
2008.01.02 17:35:59.027,1.644,1.6443,20.80,12.60
2008.01.02 17:35:59.199,1.644,1.6442,20.80,0.70
2008.01.02 17:35:59.372,1.644,1.64425,4.80,14.60
2008.01.02 17:35:59.546,1.644,1.64425,4.80,16.20
2008.01.02 17:35:59.719,1.644,1.6442,2.40,0.50
2008.01.02 17:35:59.998,1.644,1.6442,2.40,19.40
2008.01.02 17:36:00.277,1.644,1.6442,4.80,0.80
2008.01.02 17:36:00.555,1.644,1.6442,4.80,0.80
2008.01.02 17:36:01.021,1.644,1.64425,4.80,25.80
2008.01.02 17:36:01.219,1.644,1.64425,4.80,25.80
2008.01.02 17:36:01.417,1.644,1.64425,4.80,24.00
2008.01.02 17:36:02.461,1.644,1.64425,4.80,24.00
2008.01.02 17:36:03.184,1.644,1.64425,4.80,24.80
2008.01.02 17:36:03.648,1.644,1.64425,4.80,24.80
2008.01.02 17:36:03.847,1.644,1.64425,10.40,8.80
2008.01.02 17:36:04.007,1.644,1.64425,14.40,0.50
2008.01.02 17:36:04.186,1.644,1.6443,14.40,20.60
2008.01.02 17:36:04.364,1.644,1.64425,12.80,8.50
2008.01.02 17:36:04.551,1.644,1.6442,12.80,0.60
2008.01.02 17:36:04.743,1.644,1.64425,12.80,8.50
2008.01.02 17:36:05.165,1.644,1.64425,12.80,8.50
2008.01.02 17:36:05.498,1.644,1.6442,12.80,0.90
2008.01.02 17:36:05.974,1.644,1.6442,12.80,0.80
2008.01.02 17:36:06.123,1.644,1.64425,13.60,10.40
2008.01.02 17:36:06.271,1.644,1.6443,25.60,24.20
2008.01.02 17:36:06.420,1.644,1.64435,25.60,6.80
2008.01.02 17:36:06.568,1.644,1.6443,25.60,0.50
2008.01.02 17:36:07.250,1.644,1.6443,25.60,0.70
2008.01.02 17:36:07.584,1.644,1.64435,25.60,2.80
2008.01.02 17:36:08.175,1.644,1.64435,25.60,2.10
2008.01.02 17:36:08.596,1.644,1.64435,24.80,2.90
2008.01.02 17:36:08.765,1.644,1.6441,16.00,8.30
2008.01.02 17:36:08.978,1.64395,1.644,4.00,0.70
2008.01.02 17:36:09.219,1.64395,1.644,4.00,0.60
2008.01.02 17:36:09.432,1.6439,1.6441,1.60,20.00
2008.01.02 17:36:09.739,1.6439,1.6441,1.60,20.00
2008.01.02 17:36:09.992,1.64385,1.6441,0.80,22.40
2008.01.02 17:36:10.244,1.6439,1.6441,4.00,37.00
2008.01.02 17:36:10.498,1.6438,1.6441,0.70,41.00
2008.01.02 17:36:10.849,1.6438,1.644,0.80,0.90
2008.01.02 17:36:11.067,1.6438,1.644,0.80,0.90
2008.01.02 17:36:11.286,1.6438,1.64405,4.80,9.00
2008.01.02 17:36:11.504,1.6438,1.64405,8.80,9.00
2008.01.02 17:36:11.723,1.6438,1.64405,8.80,9.00
2008.01.02 17:36:12.011,1.6438,1.64405,8.80,9.00
2008.01.02 17:36:12.256,1.6438,1.64405,4.70,13.00
2008.01.02 17:36:12.494,1.6438,1.64405,0.60,17.00
2008.01.02 17:36:12.742,1.6438,1.64405,0.60,17.00
2008.01.02 17:36:15.918,1.6438,1.644,4.40,0.70
2008.01.02 17:36:16.229,1.6438,1.64405,4.40,17.00
2008.01.02 17:36:16.423,1.6438,1.64405,0.60,17.00
2008.01.02 17:36:16.635,1.6438,1.644,0.60,0.50
2008.01.02 17:36:18.063,1.6438,1.644,0.60,12.80
2008.01.02 17:36:18.247,1.6438,1.6441,0.60,6.60
2008.01.02 17:36:18.439,1.6438,1.6441,0.60,6.60
2008.01.02 17:36:18.623,1.6438,1.6441,0.30,6.60
2008.01.02 17:36:18.807,1.6437,1.6439,4.00,8.80
2008.01.02 17:36:18.991,1.6436,1.6439,13.80,8.80
2008.01.02 17:36:19.259,1.6437,1.6439,4.00,4.80
2008.01.02 17:36:19.527,1.6437,1.6439,8.00,4.80
2008.01.02 17:36:19.796,1.6437,1.6439,16.80,4.80
2008.01.02 17:36:20.074,1.6437,1.6439,20.00,4.80
2008.01.02 17:36:20.336,1.6437,1.6439,20.00,7.20
2008.01.02 17:36:20.599,1.6437,1.6439,20.00,5.60
2008.01.02 17:36:20.862,1.6438,1.6439,4.80,4.00
2008.01.02 17:36:21.125,1.6438,1.6439,4.80,4.00
2008.01.02 17:36:21.301,1.6438,1.6439,4.80,4.00
2008.01.02 17:36:21.469,1.6438,1.6439,7.20,4.00
2008.01.02 17:36:22.165,1.6438,1.6439,6.40,4.00
2008.01.02 17:36:22.404,1.6438,1.6439,4.80,4.00
2008.01.02 17:36:22.642,1.6438,1.6439,4.80,4.00
2008.01.02 17:36:22.880,1.6438,1.644,4.80,13.80
2008.01.02 17:36:23.119,1.6438,1.644,4.80,14.60
2008.01.02 17:36:23.381,1.6438,1.6439,4.80,4.00
2008.01.02 17:36:24.154,1.6438,1.6439,4.80,4.00
2008.01.02 17:36:24.357,1.6438,1.6439,4.80,4.00
2008.01.02 17:36:25.308,1.6438,1.6439,4.80,4.00
2008.01.02 17:36:25.540,1.6438,1.6439,4.80,4.00
2008.01.02 17:36:25.773,1.6438,1.644,6.40,12.00
2008.01.02 17:36:26.007,1.6438,1.644,13.60,8.00
2008.01.02 17:36:26.241,1.6438,1.644,14.40,8.00
2008.01.02 17:36:26.515,1.6438,1.644,7.20,17.80
2008.01.02 17:36:26.787,1.6438,1.6439,7.20,4.00
2008.01.02 17:36:27.099,1.6438,1.6439,6.40,4.00
2008.01.02 17:36:27.293,1.6438,1.6439,4.80,4.00
2008.01.02 17:36:28.073,1.6438,1.6439,4.80,4.00
2008.01.02 17:36:28.407,1.6438,1.644,4.80,16.20
2008.01.02 17:36:28.741,1.6438,1.644,8.80,10.40
2008.01.02 17:36:29.074,1.6438,1.644,12.80,6.40
2008.01.02 17:36:29.407,1.6438,1.644,12.80,8.20
2008.01.02 17:36:29.683,1.6438,1.644,13.60,8.20
2008.01.02 17:36:29.921,1.6438,1.644,13.80,8.20
2008.01.02 17:36:30.173,1.6438,1.644,13.80,6.40
2008.01.02 17:36:30.402,1.6438,1.644,13.80,6.40
2008.01.02 17:36:32.086,1.6438,1.644,14.00,4.00
2008.01.02 17:36:32.309,1.6438,1.6441,26.00,5.80
2008.01.02 17:36:32.532,1.6438,1.6441,26.00,1.80
2008.01.02 17:36:32.755,1.6439,1.6441,12.00,1.80
2008.01.02 17:36:32.978,1.644,1.6442,4.00,5.80
2008.01.02 17:36:33.201,1.644,1.64415,4.00,0.30
2008.01.02 17:36:33.455,1.6439,1.64415,2.40,1.00
2008.01.02 17:36:33.708,1.64385,1.6441,1.60,1.80
2008.01.02 17:36:33.963,1.64385,1.6441,5.60,1.80
2008.01.02 17:36:34.215,1.64385,1.64415,4.80,0.30
2008.01.02 17:36:34.439,1.6438,1.64415,27.40,0.30
2008.01.02 17:36:34.661,1.6438,1.6442,27.40,17.80
2008.01.02 17:36:34.885,1.6438,1.6442,27.40,17.80
2008.01.02 17:36:35.108,1.6438,1.6442,27.40,17.80
2008.01.02 17:36:35.364,1.6438,1.6442,27.40,17.80
2008.01.02 17:36:35.585,1.6438,1.6442,27.40,17.80
2008.01.02 17:36:35.989,1.6438,1.6442,27.40,17.80
2008.01.02 17:36:36.207,1.6438,1.6442,27.40,17.80
2008.01.02 17:36:37.022,1.6438,1.6442,27.40,16.00
2008.01.02 17:36:37.266,1.6438,1.6441,15.40,16.00
2008.01.02 17:36:37.470,1.6438,1.6441,15.40,20.00
2008.01.02 17:36:37.529,1.64375,1.6441,19.40,20.00
2008.01.02 17:36:38.267,1.64375,1.6441,31.40,8.00
2008.01.02 17:36:38.495,1.64375,1.6441,31.40,4.00
2008.01.02 17:36:38.724,1.6438,1.6442,8.40,16.00
2008.01.02 17:36:38.952,1.64375,1.6442,31.40,16.00
2008.01.02 17:36:39.180,1.6438,1.6442,27.40,16.00
2008.01.02 17:36:39.408,1.6439,1.6442,1.70,8.00
2008.01.02 17:36:39.642,1.6438,1.6442,49.40,8.00
2008.01.02 17:36:39.875,1.6439,1.6442,6.30,8.00
2008.01.02 17:36:40.110,1.6438,1.6442,52.60,8.00
2008.01.02 17:36:40.504,1.6439,1.6442,5.50,8.00
2008.01.02 17:36:41.120,1.6439,1.6442,2.10,8.00
2008.01.02 17:36:42.638,1.6438,1.6442,54.20,8.00
2008.01.02 17:36:42.826,1.6438,1.6441,45.90,4.00
2008.01.02 17:36:43.013,1.6438,1.6441,46.00,8.00
2008.01.02 17:36:43.202,1.6439,1.6441,1.90,8.00
2008.01.02 17:36:43.390,1.6439,1.644,0.50,4.00
2008.01.02 17:36:43.714,1.6438,1.644,15.70,4.00
2008.01.02 17:36:44.038,1.6437,1.644,54.20,8.00
2008.01.02 17:36:44.361,1.6437,1.644,58.20,8.00
2008.01.02 17:36:44.554,1.6437,1.644,58.30,8.00
2008.01.02 17:36:44.890,1.6438,1.644,26.10,8.00
2008.01.02 17:36:45.081,1.6438,1.644,26.10,4.00
2008.01.02 17:36:47.693,1.6438,1.644,26.00,4.00
2008.01.02 17:36:47.867,1.6438,1.644,26.10,4.00
2008.01.02 17:36:48.748,1.6438,1.644,26.10,4.00
2008.01.02 17:36:50.051,1.6438,1.644,26.10,4.00
2008.01.02 17:36:50.333,1.6439,1.644,1.30,6.40
2008.01.02 17:36:50.607,1.6438,1.644,25.30,6.40
2008.01.02 17:36:50.766,1.6438,1.644,25.30,6.40
2008.01.02 17:36:51.219,1.6438,1.644,25.30,6.40
2008.01.02 17:36:52.035,1.6439,1.644,1.60,6.40
2008.01.02 17:36:54.922,1.6439,1.644,0.90,6.60
2008.01.02 17:36:55.566,1.6439,1.644,1.10,4.60
2008.01.02 17:36:55.770,1.644,1.6441,1.20,21.80
2008.01.02 17:36:55.974,1.644,1.6441,1.00,21.80
2008.01.02 17:36:56.178,1.644,1.6441,0.50,19.40
2008.01.02 17:36:56.382,1.644,1.6441,2.50,18.20
2008.01.02 17:36:56.585,1.644,1.6441,2.30,22.20
2008.01.02 17:36:56.853,1.6439,1.6441,19.20,4.40
2008.01.02 17:36:57.121,1.644,1.6441,0.90,4.40
2008.01.02 17:36:57.410,1.6439,1.6441,25.60,4.00
2008.01.02 17:36:57.656,1.6439,1.6441,29.60,4.00
2008.01.02 17:36:57.894,1.644,1.6441,0.80,4.00
2008.01.02 17:36:58.133,1.644,1.6441,0.80,4.00
2008.01.02 17:36:58.395,1.6439,1.6441,12.80,17.80
2008.01.02 17:36:58.633,1.6439,1.6441,12.80,17.80
2008.01.02 17:36:58.930,1.6439,1.6441,12.80,17.80
2008.01.02 17:36:59.154,1.6439,1.6441,8.00,18.60
2008.01.02 17:36:59.378,1.6439,1.6441,8.00,21.80
2008.01.02 17:36:59.602,1.6439,1.6441,6.80,21.80
2008.01.02 17:36:59.856,1.644,1.6441,1.00,5.80
2008.01.02 17:37:00.110,1.644,1.6441,0.60,4.00
2008.01.02 17:37:00.364,1.644,1.6441,1.50,4.00
2008.01.02 17:37:00.618,1.644,1.6441,1.30,4.00
2008.01.02 17:37:00.842,1.6439,1.6441,27.60,4.00
2008.01.02 17:37:01.066,1.6439,1.6441,27.60,4.00
2008.01.02 17:37:01.290,1.64395,1.6441,6.40,4.00
2008.01.02 17:37:01.513,1.644,1.6441,0.50,4.00
2008.01.02 17:37:01.735,1.644,1.6442,1.60,1.80
2008.01.02 17:37:02.049,1.644,1.64425,0.90,0.30
2008.01.02 17:37:02.390,1.644,1.6441,1.10,8.80
2008.01.02 17:37:02.703,1.64395,1.6441,6.40,6.40
2008.01.02 17:37:02.956,1.644,1.6442,1.30,14.90
2008.01.02 17:37:03.209,1.64395,1.6442,6.40,9.80
2008.01.02 17:37:03.461,1.64395,1.6442,6.40,1.80
2008.01.02 17:37:03.714,1.64395,1.6442,6.40,1.80
2008.01.02 17:37:03.962,1.644,1.6442,1.00,1.80
2008.01.02 17:37:04.211,1.64395,1.6442,31.20,1.80
2008.01.02 17:37:04.460,1.644,1.6442,10.60,1.80
2008.01.02 17:37:04.709,1.64395,1.6442,30.40,5.80
2008.01.02 17:37:04.947,1.64395,1.6442,14.40,12.00
2008.01.02 17:37:05.184,1.644,1.6442,0.60,12.00
2008.01.02 17:37:05.423,1.64395,1.6442,14.40,12.00
2008.01.02 17:37:05.661,1.644,1.6442,2.40,12.00
2008.01.02 17:37:05.900,1.644,1.6442,2.40,12.00
2008.01.02 17:37:06.158,1.644,1.6442,2.40,13.80
2008.01.02 17:37:06.416,1.644,1.6442,2.40,13.80
2008.01.02 17:37:06.697,1.644,1.6442,7.20,13.80
2008.01.02 17:37:06.930,1.644,1.6442,27.20,1.80
2008.01.02 17:37:07.183,1.644,1.6443,28.00,9.80
2008.01.02 17:37:07.420,1.644,1.6443,36.00,1.80
2008.01.02 17:37:07.652,1.644,1.6443,36.00,1.80
2008.01.02 17:37:08.089,1.644,1.6443,36.00,1.80
2008.01.02 17:37:08.326,1.644,1.6443,35.20,1.80
2008.01.02 17:37:08.558,1.644,1.6443,35.20,1.80
2008.01.02 17:37:08.809,1.644,1.6443,35.20,1.80
2008.01.02 17:37:09.022,1.644,1.6443,35.20,1.80
2008.01.02 17:37:09.236,1.644,1.6442,36.00,1.80
2008.01.02 17:37:10.219,1.644,1.6442,36.00,1.80
2008.01.02 17:37:11.018,1.644,1.6443,36.00,1.80
2008.01.02 17:37:12.204,1.644,1.6443,36.00,1.80
2008.01.02 17:37:13.050,1.644,1.6443,36.00,1.80
2008.01.02 17:37:13.223,1.644,1.6443,36.00,1.80
2008.01.02 17:37:13.448,1.644,1.6443,36.00,1.80
2008.01.02 17:37:13.965,1.644,1.6443,36.00,1.80
2008.01.02 17:37:14.218,1.644,1.6443,36.00,1.80
2008.01.02 17:37:14.472,1.644,1.6443,36.00,1.80
2008.01.02 17:37:14.725,1.644,1.6443,36.00,1.80
2008.01.02 17:37:15.008,1.644,1.6443,36.00,1.80
2008.01.02 17:37:15.288,1.644,1.6443,36.00,1.80
2008.01.02 17:37:15.546,1.644,1.6443,36.00,1.80
2008.01.02 17:37:15.805,1.644,1.6443,36.00,1.80
2008.01.02 17:37:16.062,1.644,1.6443,36.00,1.80
2008.01.02 17:37:16.296,1.644,1.6443,36.00,1.80
2008.01.02 17:37:16.620,1.644,1.6443,36.00,5.80
2008.01.02 17:37:16.852,1.644,1.6443,28.00,10.00
2008.01.02 17:37:17.086,1.644,1.6443,28.00,14.80
2008.01.02 17:37:17.355,1.644,1.6443,28.00,14.80
2008.01.02 17:37:18.220,1.644,1.6443,28.00,14.80
2008.01.02 17:37:18.416,1.644,1.6443,27.20,14.80
2008.01.02 17:37:18.614,1.644,1.6443,27.20,14.80
2008.01.02 17:37:18.813,1.644,1.6443,27.20,14.80
2008.01.02 17:37:19.011,1.644,1.6443,27.20,14.80
2008.01.02 17:37:19.264,1.644,1.6443,28.00,14.80
2008.01.02 17:37:19.516,1.644,1.6443,28.00,14.80
2008.01.02 17:37:19.674,1.644,1.64435,28.00,18.80
2008.01.02 17:37:20.416,1.644,1.6443,28.00,0.90
2008.01.02 17:37:20.619,1.644,1.6443,27.20,0.80
2008.01.02 17:37:20.823,1.644,1.6442,6.40,0.50
2008.01.02 17:37:21.027,1.644,1.6443,2.40,30.90
2008.01.02 17:37:21.311,1.644,1.6441,2.40,0.70
2008.01.02 17:37:21.594,1.644,1.6442,2.40,26.80
2008.01.02 17:37:22.185,1.644,1.6441,2.40,0.50
2008.01.02 17:37:23.007,1.644,1.6441,2.40,0.50
2008.01.02 17:37:23.192,1.644,1.64415,2.40,12.30
2008.01.02 17:37:23.374,1.644,1.64415,2.40,12.30
2008.01.02 17:37:23.557,1.644,1.64415,2.40,12.30
2008.01.02 17:37:23.740,1.644,1.6441,2.40,0.50
2008.01.02 17:37:23.945,1.644,1.6442,2.40,22.90
2008.01.02 17:37:24.129,1.644,1.64415,2.40,2.10
2008.01.02 17:37:24.462,1.644,1.64415,2.40,2.10
2008.01.02 17:37:24.797,1.644,1.64425,2.40,8.40
2008.01.02 17:37:25.130,1.644,1.64425,2.40,10.80
2008.01.02 17:37:25.319,1.644,1.64425,2.40,18.80
2008.01.02 17:37:25.507,1.644,1.6442,2.40,0.70
2008.01.02 17:37:25.711,1.644,1.64425,2.40,18.80
2008.01.02 17:37:26.221,1.644,1.6442,2.40,0.90
2008.01.02 17:37:26.723,1.644,1.6442,2.40,0.50
2008.01.02 17:37:27.001,1.644,1.6442,2.40,0.80
2008.01.02 17:37:27.280,1.6442,1.6443,2.40,4.00
2008.01.02 17:37:27.498,1.6442,1.6444,2.40,21.80
2008.01.02 17:37:27.716,1.6442,1.64445,10.40,22.00
2008.01.02 17:37:27.957,1.6442,1.64445,10.40,20.40
2008.01.02 17:37:28.152,1.6442,1.64445,10.40,21.20
2008.01.02 17:37:28.366,1.6442,1.6444,10.40,0.80
2008.01.02 17:37:28.579,1.6442,1.6444,10.40,0.90
2008.01.02 17:37:29.073,1.6442,1.6444,10.40,17.30
2008.01.02 17:37:29.252,1.6442,1.6443,0.10,13.30
2008.01.02 17:37:29.430,1.6442,1.6443,0.10,17.30
2008.01.02 17:37:29.609,1.6442,1.6443,0.10,17.20
2008.01.02 17:37:29.787,1.6442,1.6443,0.10,10.30
2008.01.02 17:37:29.966,1.6442,1.6443,0.10,10.10
2008.01.02 17:37:30.143,1.6442,1.6443,0.10,8.50
2008.01.02 17:37:30.432,1.6442,1.64425,0.10,1.20
2008.01.02 17:37:30.721,1.6442,1.64425,0.10,1.20
2008.01.02 17:37:31.008,1.6442,1.64425,0.10,1.50
2008.01.02 17:37:31.296,1.644,1.64425,2.40,2.10
2008.01.02 17:37:31.540,1.644,1.64425,2.40,2.10
2008.01.02 17:37:32.236,1.644,1.64425,2.40,2.10
2008.01.02 17:37:32.614,1.644,1.6442,2.40,0.70
2008.01.02 17:37:32.811,1.644,1.6443,22.40,20.80
2008.01.02 17:37:33.010,1.644,1.6443,22.40,20.80
2008.01.02 17:37:33.208,1.644,1.6443,27.20,20.00
2008.01.02 17:37:34.654,1.644,1.6443,24.80,20.00
2008.01.02 17:37:34.867,1.644,1.6442,10.40,27.00
2008.01.02 17:37:35.080,1.644,1.6442,2.40,30.20
2008.01.02 17:37:35.294,1.6439,1.644,0.50,0.70
2008.01.02 17:37:35.558,1.6439,1.64405,0.50,1.50
2008.01.02 17:37:35.822,1.6439,1.64405,24.40,0.30
2008.01.02 17:37:36.085,1.6439,1.6442,28.40,3.00
2008.01.02 17:37:36.348,1.6439,1.6442,34.00,3.00
2008.01.02 17:37:36.596,1.6439,1.6442,34.00,3.00
2008.01.02 17:37:36.868,1.644,1.6443,20.00,14.00
2008.01.02 17:37:37.115,1.644,1.6443,28.00,14.00
2008.01.02 17:37:37.384,1.644,1.6443,28.80,14.00
2008.01.02 17:37:37.577,1.644,1.6442,28.80,0.50
2008.01.02 17:37:37.791,1.644,1.6443,28.80,18.00
2008.01.02 17:37:38.003,1.644,1.6443,28.80,18.00
2008.01.02 17:37:38.218,1.644,1.6442,24.00,5.00
2008.01.02 17:37:38.431,1.644,1.6441,12.00,17.20
2008.01.02 17:37:38.700,1.6439,1.6441,4.40,22.00
2008.01.02 17:37:39.003,1.6439,1.6441,4.40,22.00
2008.01.02 17:37:39.271,1.6439,1.644,4.40,0.50
2008.01.02 17:37:39.567,1.6439,1.644,4.40,0.80
2008.01.02 17:37:39.806,1.6439,1.6442,37.20,9.80
2008.01.02 17:37:40.044,1.6439,1.6442,44.40,0.50
2008.01.02 17:37:40.282,1.644,1.6443,10.40,34.40
2008.01.02 17:37:40.520,1.644,1.6443,22.40,38.40
2008.01.02 17:37:40.747,1.644,1.64425,22.40,6.10
2008.01.02 17:37:40.980,1.644,1.64425,22.40,6.10
2008.01.02 17:37:41.209,1.644,1.64425,22.40,10.90
2008.01.02 17:37:41.449,1.644,1.6442,12.00,22.80
2008.01.02 17:37:41.747,1.644,1.6442,4.00,22.80
2008.01.02 17:37:42.045,1.644,1.6442,4.00,24.40
2008.01.02 17:37:42.344,1.644,1.6441,4.00,0.90
2008.01.02 17:37:42.642,1.644,1.6441,4.00,0.60
2008.01.02 17:37:42.888,1.64395,1.6442,8.00,37.80
2008.01.02 17:37:43.110,1.6439,1.6441,4.40,0.80
2008.01.02 17:37:43.334,1.6439,1.644,4.40,0.70
2008.01.02 17:37:43.558,1.6439,1.6441,4.40,29.00
2008.01.02 17:37:43.866,1.6439,1.644,4.40,0.90
2008.01.02 17:37:44.174,1.6439,1.6441,4.00,28.20
2008.01.02 17:37:44.483,1.6439,1.6441,4.00,28.20
2008.01.02 17:37:44.791,1.6439,1.6441,4.00,32.20
2008.01.02 17:37:45.039,1.6439,1.644,4.00,0.80
2008.01.02 17:37:45.287,1.644,1.6441,4.00,0.90
2008.01.02 17:37:45.535,1.644,1.6441,4.00,0.90
2008.01.02 17:37:45.774,1.64395,1.6441,8.00,0.70
2008.01.02 17:37:46.013,1.64395,1.6441,16.00,0.80
2008.01.02 17:37:46.278,1.64395,1.6442,16.00,20.80
2008.01.02 17:37:46.625,1.64395,1.6441,16.00,0.60
2008.01.02 17:37:46.834,1.64395,1.6441,16.00,0.90
2008.01.02 17:37:47.066,1.64395,1.6441,16.00,0.90
2008.01.02 17:37:47.274,1.64395,1.6441,16.00,0.60
2008.01.02 17:37:47.507,1.64395,1.6442,16.00,21.60
2008.01.02 17:37:47.716,1.644,1.64425,5.60,5.00
2008.01.02 17:37:47.945,1.64405,1.6442,16.00,0.30
2008.01.02 17:37:48.174,1.6441,1.6442,0.80,0.60
2008.01.02 17:37:48.424,1.6441,1.6442,3.20,4.00
2008.01.02 17:37:48.631,1.6441,1.6442,2.40,4.00
2008.01.02 17:37:48.904,1.64405,1.6442,8.00,8.00
2008.01.02 17:37:49.172,1.644,1.6442,18.40,8.00
2008.01.02 17:37:49.440,1.644,1.6442,18.40,8.00
2008.01.02 17:37:49.974,1.644,1.6442,17.60,8.00
2008.01.02 17:37:50.218,1.644,1.6442,17.60,9.30
2008.01.02 17:37:50.510,1.644,1.6442,17.60,9.30
2008.01.02 17:37:51.135,1.644,1.6442,20.00,9.30
2008.01.02 17:37:51.317,1.64405,1.6442,16.00,9.30
2008.01.02 17:37:51.501,1.64405,1.6442,16.00,4.00
2008.01.02 17:37:51.684,1.64405,1.6442,16.00,4.00
2008.01.02 17:37:51.735,1.64405,1.6442,16.00,0.90
2008.01.02 17:37:51.957,1.644,1.6443,21.60,29.20
2008.01.02 17:37:52.231,1.644,1.6442,16.80,17.80
2008.01.02 17:37:52.503,1.644,1.6442,0.80,20.10
2008.01.02 17:37:52.777,1.644,1.6441,0.80,0.90
2008.01.02 17:37:52.981,1.644,1.6442,0.80,20.40
2008.01.02 17:37:53.184,1.644,1.6442,0.80,27.60
2008.01.02 17:37:53.388,1.644,1.6442,0.80,27.60
2008.01.02 17:37:53.591,1.644,1.6442,0.80,27.60
2008.01.02 17:37:53.814,1.644,1.6441,6.20,0.60
2008.01.02 17:37:54.247,1.644,1.6442,6.20,31.60
2008.01.02 17:37:55.729,1.644,1.6442,6.20,31.60
2008.01.02 17:37:56.065,1.644,1.6441,6.20,0.50
2008.01.02 17:37:56.314,1.644,1.64425,16.60,18.80
2008.01.02 17:37:56.562,1.644,1.6442,28.60,0.90
2008.01.02 17:37:57.851,1.644,1.6442,27.80,17.80
2008.01.02 17:37:58.059,1.644,1.6441,27.80,0.80
2008.01.02 17:37:58.307,1.644,1.64415,11.80,19.40
2008.01.02 17:37:58.555,1.644,1.6441,3.80,0.60
2008.01.02 17:37:59.063,1.644,1.64415,3.80,21.80
2008.01.02 17:37:59.296,1.6439,1.644,4.00,0.80
2008.01.02 17:38:00.139,1.6439,1.6441,4.00,22.80
2008.01.02 17:38:00.337,1.64385,1.644,16.00,0.80
2008.01.02 17:38:00.536,1.64385,1.644,16.00,0.80
2008.01.02 17:38:00.734,1.64385,1.644,8.00,5.90
2008.01.02 17:38:00.934,1.6438,1.64395,4.00,0.30
2008.01.02 17:38:01.191,1.6438,1.644,4.00,7.70
2008.01.02 17:38:01.449,1.64375,1.64395,16.00,0.30
2008.01.02 17:38:01.707,1.64375,1.644,16.00,0.50
2008.01.02 17:38:02.070,1.64375,1.64405,16.00,7.70
2008.01.02 17:38:02.289,1.6438,1.64405,16.00,10.80
2008.01.02 17:38:02.507,1.6438,1.64405,24.00,10.80
2008.01.02 17:38:02.931,1.6438,1.644,24.00,0.50
2008.01.02 17:38:03.150,1.6438,1.644,28.80,0.80
2008.01.02 17:38:03.402,1.6438,1.64405,28.80,9.00
2008.01.02 17:38:04.196,1.6438,1.644,28.80,0.50
2008.01.02 17:38:04.380,1.6438,1.64405,28.80,10.60
2008.01.02 17:38:04.584,1.6438,1.644,28.80,0.60
2008.01.02 17:38:04.767,1.6438,1.64405,18.40,13.00
2008.01.02 17:38:04.950,1.6438,1.64405,6.40,21.00
2008.01.02 17:38:05.134,1.6438,1.64405,6.40,23.40
2008.01.02 17:38:05.363,1.6438,1.644,4.00,23.40
2008.01.02 17:38:05.617,1.6438,1.6439,4.00,0.90
2008.01.02 17:38:05.939,1.6438,1.644,4.00,23.40
2008.01.02 17:38:06.263,1.6438,1.644,4.00,27.40
2008.01.02 17:38:06.677,1.6438,1.644,4.80,0.90
2008.01.02 17:38:06.870,1.6438,1.6439,8.80,0.60
2008.01.02 17:38:07.063,1.6438,1.6439,8.80,0.50
2008.01.02 17:38:07.267,1.6438,1.6439,6.40,0.30
2008.01.02 17:38:07.470,1.6437,1.6439,24.90,0.60
2008.01.02 17:38:07.673,1.6437,1.6439,24.90,0.70
2008.01.02 17:38:07.897,1.64375,1.644,8.00,0.50
2008.01.02 17:38:08.099,1.64375,1.6441,16.00,48.40
2008.01.02 17:38:08.343,1.64375,1.64405,16.00,9.80
2008.01.02 17:38:08.586,1.64375,1.64405,16.00,9.80
2008.01.02 17:38:08.829,1.6438,1.644,16.00,0.60
2008.01.02 17:38:09.072,1.6438,1.644,24.00,0.60
2008.01.02 17:38:09.315,1.6438,1.64405,8.00,9.00
2008.01.02 17:38:09.533,1.64375,1.64405,20.00,9.00
2008.01.02 17:38:09.751,1.6438,1.64405,12.00,9.00
2008.01.02 17:38:09.989,1.6438,1.644,24.00,0.90
2008.01.02 17:38:10.206,1.6438,1.64405,26.40,9.00
2008.01.02 17:38:10.759,1.6438,1.64405,26.40,9.00
2008.01.02 17:38:10.992,1.6438,1.64405,26.40,9.00
2008.01.02 17:38:11.338,1.6438,1.64405,26.40,12.20
2008.01.02 17:38:11.638,1.6438,1.64405,18.40,12.20
2008.01.02 17:38:11.852,1.6438,1.644,4.00,0.80
2008.01.02 17:38:12.079,1.6438,1.644,4.00,20.20
2008.01.02 17:38:12.292,1.6438,1.644,4.00,20.20
2008.01.02 17:38:13.395,1.6438,1.6439,4.00,0.80
2008.01.02 17:38:13.622,1.6438,1.6439,4.00,0.50
2008.01.02 17:38:13.785,1.6438,1.6441,28.80,10.60
2008.01.02 17:38:13.948,1.6438,1.6441,32.80,6.60
2008.01.02 17:38:14.112,1.6438,1.644,40.80,0.80
2008.01.02 17:38:14.275,1.6439,1.6441,20.00,0.90
2008.01.02 17:38:14.538,1.6439,1.6442,28.00,22.40
2008.01.02 17:38:14.801,1.6439,1.6441,24.00,0.60
2008.01.02 17:38:15.065,1.6439,1.64415,24.00,5.10
2008.01.02 17:38:15.329,1.6439,1.6441,26.40,0.50
2008.01.02 17:38:15.562,1.6439,1.6441,26.40,0.50
2008.01.02 17:38:16.167,1.6439,1.6441,26.40,0.80
2008.01.02 17:38:18.866,1.6439,1.64415,26.40,9.90
2008.01.02 17:38:19.060,1.6439,1.64415,26.40,9.90
2008.01.02 17:38:22.961,1.6439,1.6441,28.80,9.60
2008.01.02 17:38:23.098,1.6439,1.6441,28.80,7.20
2008.01.02 17:38:23.238,1.644,1.6441,4.00,7.20
2008.01.02 17:38:23.377,1.644,1.6441,4.00,7.20
2008.01.02 17:38:24.247,1.644,1.6441,4.00,7.20
2008.01.02 17:38:26.710,1.644,1.6441,6.40,4.80
2008.01.02 17:38:33.092,1.644,1.6441,6.40,4.80
2008.01.02 17:38:33.241,1.64395,1.6441,8.00,9.60
2008.01.02 17:38:33.516,1.6439,1.6441,30.40,9.60
2008.01.02 17:38:33.717,1.6439,1.6441,26.40,9.60
2008.01.02 17:38:34.444,1.6439,1.6441,26.40,9.60
2008.01.02 17:38:36.617,1.6439,1.6441,26.40,9.80
2008.01.02 17:38:36.800,1.6439,1.6441,14.40,17.80
2008.01.02 17:38:36.983,1.6439,1.6441,14.40,19.40
2008.01.02 17:38:37.166,1.6439,1.6441,6.40,19.40
2008.01.02 17:38:37.428,1.6439,1.6441,6.40,19.40
2008.01.02 17:38:38.206,1.6439,1.6441,6.40,19.40
2008.01.02 17:38:38.929,1.6439,1.6441,6.40,19.40
2008.01.02 17:38:44.230,1.6439,1.6441,6.40,19.40
2008.01.02 17:38:44.876,1.6439,1.6441,0.50,19.40
2008.01.02 17:38:45.155,1.6439,1.6441,6.40,19.40
2008.01.02 17:38:46.026,1.6439,1.6441,6.40,18.60
2008.01.02 17:38:46.229,1.6439,1.6441,6.40,18.60
2008.01.02 17:38:50.202,1.6439,1.6441,6.40,18.60
2008.01.02 17:38:50.766,1.6439,1.6441,6.40,18.60
2008.01.02 17:38:51.030,1.6439,1.6441,6.40,18.40
2008.01.02 17:38:51.206,1.6439,1.6441,6.40,13.60
2008.01.02 17:38:51.234,1.6439,1.6441,14.40,13.60
2008.01.02 17:38:51.566,1.6439,1.6441,26.40,9.60
2008.01.02 17:38:52.150,1.6439,1.6441,26.40,7.20
2008.01.02 17:38:52.485,1.644,1.6441,4.00,4.80
2008.01.02 17:38:52.673,1.6439,1.6441,28.80,4.80
2008.01.02 17:38:52.862,1.64395,1.6441,8.00,4.80
2008.01.02 17:38:53.050,1.64395,1.6441,16.00,4.80
2008.01.02 17:38:53.237,1.644,1.6441,2.40,4.80
2008.01.02 17:38:53.516,1.644,1.6441,2.40,4.80
2008.01.02 17:38:54.674,1.644,1.6441,2.40,4.80
2008.01.02 17:38:54.868,1.64395,1.6441,16.00,4.00
2008.01.02 17:38:55.061,1.64395,1.6441,16.00,4.00
2008.01.02 17:38:55.255,1.64395,1.6441,16.00,4.00
2008.01.02 17:38:55.495,1.64395,1.6441,16.00,4.00
2008.01.02 17:38:55.738,1.64395,1.6441,20.00,4.00
2008.01.02 17:38:55.982,1.64395,1.6441,20.00,4.80
2008.01.02 17:38:56.224,1.64395,1.6441,20.00,4.80
2008.01.02 17:38:56.467,1.64395,1.6441,16.00,5.60
2008.01.02 17:38:56.682,1.64395,1.6441,16.00,5.60
2008.01.02 17:38:56.885,1.64395,1.6441,8.00,6.40
2008.01.02 17:38:57.087,1.6439,1.6441,28.80,12.20
2008.01.02 17:38:57.292,1.6439,1.64405,14.40,0.80
2008.01.02 17:38:57.541,1.6439,1.644,2.40,4.00
2008.01.02 17:38:57.809,1.6439,1.644,2.40,8.00
2008.01.02 17:38:58.060,1.6439,1.644,2.40,4.00
2008.01.02 17:38:58.314,1.6439,1.644,2.40,4.00
2008.01.02 17:38:58.542,1.6439,1.644,2.40,4.00
2008.01.02 17:38:59.257,1.6439,1.644,2.40,4.00
2008.01.02 17:38:59.939,1.6439,1.644,2.40,4.80
2008.01.02 17:39:00.107,1.6439,1.644,2.40,5.60
2008.01.02 17:39:00.276,1.6438,1.644,30.40,6.40
2008.01.02 17:39:00.444,1.6438,1.644,24.80,10.60
2008.01.02 17:39:00.713,1.6438,1.644,24.80,14.60
2008.01.02 17:39:01.034,1.6438,1.644,24.80,14.60
2008.01.02 17:39:01.283,1.6438,1.644,24.80,14.60
2008.01.02 17:39:01.551,1.6438,1.644,24.80,14.60
2008.01.02 17:39:02.927,1.6438,1.644,24.80,14.60
2008.01.02 17:39:03.155,1.6438,1.6439,24.80,0.80
2008.01.02 17:39:03.384,1.6438,1.64385,20.00,0.80
2008.01.02 17:39:03.611,1.6437,1.6438,4.00,4.00
2008.01.02 17:39:03.869,1.6437,1.6439,24.80,4.00
2008.01.02 17:39:04.151,1.6437,1.644,37.60,14.80
2008.01.02 17:39:04.385,1.6437,1.644,33.60,14.80
2008.01.02 17:39:04.644,1.64385,1.644,8.00,12.20
2008.01.02 17:39:04.909,1.64385,1.644,8.00,6.40
2008.01.02 17:39:05.173,1.64385,1.6441,8.00,9.80
2008.01.02 17:39:05.436,1.64385,1.6441,8.00,1.80
2008.01.02 17:39:05.699,1.6438,1.6441,12.80,1.80
2008.01.02 17:39:05.923,1.6438,1.6441,32.80,1.80
2008.01.02 17:39:06.145,1.6438,1.6441,35.20,1.80
2008.01.02 17:39:06.368,1.6438,1.6441,37.60,1.80
2008.01.02 17:39:06.592,1.6438,1.6441,37.60,1.80
2008.01.02 17:39:06.835,1.6439,1.6441,0.80,1.80
2008.01.02 17:39:07.078,1.6439,1.6441,0.80,1.80
2008.01.02 17:39:07.321,1.6439,1.6441,12.00,1.80
2008.01.02 17:39:07.564,1.6439,1.6441,20.00,1.80
2008.01.02 17:39:07.808,1.6439,1.6441,28.80,1.80
2008.01.02 17:39:08.060,1.6439,1.6442,28.80,22.80
2008.01.02 17:39:08.313,1.6439,1.6442,28.80,18.80
2008.01.02 17:39:08.567,1.6439,1.6442,29.60,18.80
2008.01.02 17:39:08.821,1.6439,1.6442,29.60,18.80
2008.01.02 17:39:09.029,1.6439,1.6442,29.80,18.80
2008.01.02 17:39:09.238,1.6439,1.6442,29.80,18.80
2008.01.02 17:39:09.445,1.6439,1.6442,29.80,18.80
2008.01.02 17:39:09.653,1.6439,1.6442,29.60,18.80
2008.01.02 17:39:10.265,1.6439,1.6442,29.60,18.80
2008.01.02 17:39:11.150,1.6439,1.6442,28.80,18.80
2008.01.02 17:39:11.663,1.6439,1.6442,24.80,26.80
2008.01.02 17:39:11.857,1.6439,1.6441,20.80,4.00
2008.01.02 17:39:12.050,1.6439,1.6441,20.80,8.00
2008.01.02 17:39:12.244,1.6439,1.6441,24.80,8.00
2008.01.02 17:39:12.252,1.64385,1.6441,28.80,8.00
2008.01.02 17:39:12.451,1.64385,1.6441,28.80,8.00
2008.01.02 17:39:12.668,1.6439,1.6441,1.80,8.00
2008.01.02 17:39:13.003,1.64395,1.6442,12.00,18.80
2008.01.02 17:39:13.356,1.6439,1.6442,29.60,18.80
2008.01.02 17:39:13.668,1.6439,1.6442,3.30,18.80
2008.01.02 17:39:13.947,1.6439,1.6441,11.80,4.00
2008.01.02 17:39:14.175,1.6439,1.6441,4.30,4.00
2008.01.02 17:39:14.354,1.64385,1.6441,32.80,4.00
2008.01.02 17:39:14.992,1.6439,1.6441,8.40,5.80
2008.01.02 17:39:15.305,1.6439,1.6441,13.00,5.80
2008.01.02 17:39:16.187,1.64385,1.6441,32.80,5.80
2008.01.02 17:39:18.973,1.6439,1.6441,11.30,5.80
2008.01.02 17:39:19.249,1.64385,1.6441,32.80,5.80
2008.01.02 17:39:21.992,1.64385,1.6441,32.80,5.80
2008.01.02 17:39:39.728,1.64385,1.6441,32.80,5.80
2008.01.02 17:39:40.636,1.64385,1.6441,32.80,5.80
2008.01.02 17:39:40.800,1.6439,1.6441,4.00,5.80
2008.01.02 17:39:40.970,1.64385,1.6441,1.20,5.80
2008.01.02 17:39:41.174,1.6437,1.6441,45.80,5.80
2008.01.02 17:39:41.338,1.6438,1.6441,4.80,5.80
2008.01.02 17:39:41.579,1.6438,1.6441,4.80,5.80
2008.01.02 17:39:41.823,1.6438,1.6441,20.80,5.80
2008.01.02 17:39:42.088,1.6438,1.6441,23.20,5.80
2008.01.02 17:39:42.331,1.6438,1.6441,37.60,5.80
2008.01.02 17:39:42.574,1.6438,1.6441,37.60,5.80
2008.01.02 17:39:42.742,1.6438,1.6441,37.60,5.80
2008.01.02 17:39:47.047,1.6438,1.6441,37.60,4.00
2008.01.02 17:39:47.225,1.6438,1.6441,37.60,4.00
2008.01.02 17:39:48.297,1.6438,1.64415,41.60,0.30
2008.01.02 17:39:48.520,1.6438,1.64415,41.60,0.30
2008.01.02 17:39:49.272,1.6438,1.64415,41.60,0.30
2008.01.02 17:39:50.180,1.6438,1.64415,41.60,0.30
2008.01.02 17:39:52.383,1.6438,1.64415,41.60,0.30
2008.01.02 17:39:55.026,1.6438,1.6439,41.60,0.80
2008.01.02 17:39:55.235,1.6438,1.644,24.00,9.00
2008.01.02 17:39:55.336,1.6438,1.644,8.50,9.00
2008.01.02 17:39:55.458,1.64375,1.6439,24.00,4.80
2008.01.02 17:39:55.667,1.6437,1.6439,35.20,5.60
2008.01.02 17:39:55.876,1.64375,1.6439,3.00,9.60
2008.01.02 17:39:56.179,1.64375,1.6439,1.80,8.80
2008.01.02 17:39:56.481,1.6436,1.6439,56.20,8.00
2008.01.02 17:39:56.784,1.64365,1.6439,28.80,8.00
2008.01.02 17:39:57.697,1.6437,1.6439,12.80,8.00
2008.01.02 17:39:58.727,1.64365,1.6439,28.80,8.00
2008.01.02 17:39:58.995,1.64365,1.644,32.80,19.10
2008.01.02 17:39:59.228,1.64365,1.644,33.60,15.30
2008.01.02 17:39:59.462,1.64365,1.644,37.60,14.00
2008.01.02 17:39:59.695,1.6437,1.644,4.10,13.80
2008.01.02 17:39:59.930,1.6437,1.644,8.00,4.00
2008.01.02 17:40:00.188,1.6437,1.644,15.70,4.00
2008.01.02 17:40:00.447,1.6438,1.64405,0.80,0.30
2008.01.02 17:40:00.706,1.6437,1.6441,41.60,13.80
2008.01.02 17:40:00.965,1.6437,1.6441,47.20,1.80
2008.01.02 17:40:01.218,1.6437,1.6441,58.60,1.80
2008.01.02 17:40:01.471,1.6438,1.6441,3.80,1.80
2008.01.02 17:40:01.746,1.6437,1.6441,62.60,1.80
2008.01.02 17:40:01.999,1.6438,1.6441,8.80,1.80
2008.01.02 17:40:02.208,1.64375,1.64415,45.60,0.30
2008.01.02 17:40:02.415,1.64375,1.64415,45.60,0.30
2008.01.02 17:40:02.624,1.6438,1.64415,13.30,0.30
2008.01.02 17:40:03.191,1.6438,1.64415,14.60,0.30
2008.01.02 17:40:04.036,1.64375,1.64415,45.60,0.30
2008.01.02 17:40:04.264,1.64375,1.64415,45.60,0.30
2008.01.02 17:40:04.978,1.6438,1.64415,12.50,0.30
2008.01.02 17:40:05.196,1.64375,1.64415,47.40,0.30
2008.01.02 17:40:05.484,1.64385,1.6441,20.00,1.80
2008.01.02 17:40:05.772,1.64385,1.6441,20.00,1.80
2008.01.02 17:40:06.060,1.64385,1.64415,20.00,0.30
2008.01.02 17:40:06.289,1.64385,1.64415,20.00,0.30
2008.01.02 17:40:06.517,1.6439,1.64415,1.60,0.30
2008.01.02 17:40:06.744,1.64385,1.6442,28.80,18.80
2008.01.02 17:40:06.972,1.6439,1.6442,1.00,13.00
2008.01.02 17:40:07.202,1.6439,1.6442,6.50,14.80
2008.01.02 17:40:07.436,1.6439,1.6442,8.40,18.80
2008.01.02 17:40:07.670,1.6438,1.64415,47.40,0.30
2008.01.02 17:40:07.903,1.6438,1.64415,45.80,0.30
2008.01.02 17:40:08.137,1.64385,1.64415,1.60,0.30
2008.01.02 17:40:08.396,1.6438,1.64415,4.00,0.30
2008.01.02 17:40:08.654,1.64375,1.64415,46.00,0.30
2008.01.02 17:40:08.932,1.64375,1.64415,46.00,0.30
2008.01.02 17:40:09.189,1.6438,1.64415,21.20,0.30
2008.01.02 17:40:09.438,1.64375,1.64415,47.80,0.30
2008.01.02 17:40:09.746,1.6438,1.64415,1.80,0.30
2008.01.02 17:40:09.994,1.64375,1.64415,35.80,0.30
2008.01.02 17:40:10.796,1.6438,1.64415,31.80,0.30
2008.01.02 17:40:11.023,1.64385,1.64415,20.00,0.30
2008.01.02 17:40:11.230,1.64385,1.64415,20.00,0.30
2008.01.02 17:40:11.485,1.64385,1.64415,1.10,0.30
2008.01.02 17:40:11.696,1.64375,1.64415,36.60,0.30
2008.01.02 17:40:11.930,1.6439,1.64415,2.00,0.30
2008.01.02 17:40:12.164,1.6439,1.64415,0.80,0.30
2008.01.02 17:40:12.396,1.64385,1.64415,1.90,0.30
2008.01.02 17:40:12.624,1.64375,1.64415,36.60,0.30
2008.01.02 17:40:12.852,1.6438,1.64415,8.40,0.30
2008.01.02 17:40:13.081,1.6438,1.64415,5.90,0.30
2008.01.02 17:40:13.309,1.64375,1.64415,35.40,0.30
2008.01.02 17:40:13.518,1.64375,1.64415,35.40,0.30
2008.01.02 17:40:13.726,1.64375,1.64415,35.40,0.30
2008.01.02 17:40:14.223,1.64375,1.64415,35.40,0.30
2008.01.02 17:40:14.415,1.6438,1.64415,3.80,0.30
2008.01.02 17:40:14.608,1.64375,1.64415,35.40,0.30
2008.01.02 17:40:14.801,1.64385,1.64415,8.80,0.30
2008.01.02 17:40:14.995,1.64385,1.64415,20.80,0.30
2008.01.02 17:40:15.189,1.6439,1.644,1.20,4.00
2008.01.02 17:40:15.381,1.64385,1.644,20.00,4.00
2008.01.02 17:40:15.634,1.6438,1.644,33.00,4.00
2008.01.02 17:40:15.887,1.6439,1.64415,0.70,0.30
2008.01.02 17:40:16.156,1.6437,1.64415,51.40,0.30
2008.01.02 17:40:16.410,1.64385,1.64415,12.00,0.30
2008.01.02 17:40:16.628,1.64385,1.64415,20.00,0.30
2008.01.02 17:40:16.846,1.64385,1.64415,12.00,0.30
2008.01.02 17:40:17.064,1.64375,1.64415,35.40,0.30
2008.01.02 17:40:17.914,1.6438,1.64415,9.00,0.30
2008.01.02 17:40:18.169,1.6438,1.64415,2.20,0.30
2008.01.02 17:40:18.457,1.64375,1.64415,34.60,0.30
2008.01.02 17:40:19.004,1.6438,1.64415,4.60,0.30
2008.01.02 17:40:19.249,1.64375,1.64415,32.80,0.30
2008.01.02 17:40:19.973,1.6438,1.64415,1.50,0.30
2008.01.02 17:40:22.376,1.6438,1.64415,6.30,0.30
2008.01.02 17:40:22.619,1.6438,1.64415,10.20,0.30
2008.01.02 17:40:22.863,1.6438,1.644,11.70,4.00
2008.01.02 17:40:23.106,1.64375,1.644,30.40,4.00
2008.01.02 17:40:23.350,1.64375,1.644,30.40,8.80
2008.01.02 17:40:23.687,1.6438,1.644,26.40,8.80
2008.01.02 17:40:23.995,1.6438,1.644,26.40,8.80
2008.01.02 17:40:24.258,1.6438,1.644,26.40,8.80
2008.01.02 17:40:30.448,1.6438,1.64405,26.40,9.10
2008.01.02 17:40:36.432,1.6438,1.64405,26.40,9.10
2008.01.02 17:40:36.970,1.6438,1.64405,26.40,9.10
2008.01.02 17:40:37.257,1.6438,1.644,26.40,0.70
2008.01.02 17:40:41.224,1.6438,1.644,26.40,0.90
2008.01.02 17:40:43.274,1.6438,1.64405,26.40,9.10
2008.01.02 17:40:44.209,1.6438,1.644,26.40,0.80
2008.01.02 17:40:44.523,1.6438,1.644,26.40,0.80
2008.01.02 17:40:45.056,1.6438,1.64405,26.40,13.10
2008.01.02 17:40:45.259,1.6438,1.64405,26.40,13.10
2008.01.02 17:40:45.987,1.6438,1.64405,28.20,13.10
2008.01.02 17:40:49.233,1.6438,1.644,28.20,0.90
2008.01.02 17:40:49.943,1.6438,1.64405,28.20,13.10
2008.01.02 17:40:50.237,1.6438,1.64405,26.40,13.10
2008.01.02 17:40:50.474,1.6438,1.64405,26.40,13.10
2008.01.02 17:40:50.764,1.6438,1.644,26.40,0.70
2008.01.02 17:40:51.002,1.6438,1.64405,22.40,13.10
2008.01.02 17:40:51.256,1.6438,1.644,28.80,0.60
2008.01.02 17:40:51.517,1.6438,1.64405,28.80,10.70
2008.01.02 17:40:51.770,1.6438,1.64405,26.40,13.10
2008.01.02 17:40:52.047,1.6438,1.644,26.40,0.80
2008.01.02 17:40:52.255,1.6438,1.64405,26.40,13.10
2008.01.02 17:40:52.556,1.6438,1.64405,28.80,10.70
2008.01.02 17:40:52.784,1.6438,1.64405,28.80,10.70
2008.01.02 17:40:53.270,1.6438,1.644,24.80,0.60
2008.01.02 17:40:53.523,1.6438,1.644,22.40,0.50
2008.01.02 17:40:53.775,1.6438,1.6441,22.40,28.80
2008.01.02 17:40:55.109,1.6438,1.6441,22.40,26.40
2008.01.02 17:40:55.332,1.6438,1.6441,24.80,26.40
2008.01.02 17:40:55.556,1.6438,1.644,22.40,0.70
2008.01.02 17:40:55.779,1.6438,1.6441,24.80,26.40
2008.01.02 17:40:56.002,1.6438,1.644,24.80,0.70
2008.01.02 17:40:56.225,1.6438,1.644,24.80,0.80
2008.01.02 17:40:56.503,1.6438,1.6441,24.80,26.40
2008.01.02 17:40:56.752,1.6438,1.644,22.40,0.90
2008.01.02 17:40:57.001,1.6438,1.644,24.80,0.50
2008.01.02 17:40:57.249,1.6438,1.644,10.40,16.80
2008.01.02 17:40:57.517,1.6438,1.644,2.40,16.80
2008.01.02 17:40:57.784,1.6438,1.644,2.40,16.80
2008.01.02 17:40:58.172,1.6438,1.644,2.40,16.80
2008.01.02 17:40:58.479,1.6438,1.644,2.40,16.80
2008.01.02 17:40:58.766,1.6438,1.644,2.40,16.80
2008.01.02 17:40:58.988,1.6438,1.644,2.40,16.80
2008.01.02 17:40:59.213,1.6438,1.644,4.80,14.40
2008.01.02 17:40:59.466,1.6438,1.644,16.80,0.50
2008.01.02 17:40:59.718,1.6438,1.644,24.80,10.40
2008.01.02 17:41:01.189,1.6438,1.6439,12.80,4.00
2008.01.02 17:41:01.393,1.6438,1.6439,12.80,4.00
2008.01.02 17:41:01.595,1.6438,1.6439,4.80,4.00
2008.01.02 17:41:02.613,1.6438,1.6439,2.40,4.00
2008.01.02 17:41:02.828,1.64375,1.6439,12.00,4.00
2008.01.02 17:41:03.041,1.6437,1.6439,26.40,8.00
2008.01.02 17:41:03.253,1.6437,1.6439,22.40,8.00
2008.01.02 17:41:03.638,1.6437,1.6439,22.40,8.00
2008.01.02 17:41:03.862,1.6438,1.6439,2.40,8.00
2008.01.02 17:41:04.085,1.6438,1.6439,2.40,4.00
2008.01.02 17:41:04.308,1.6438,1.644,10.40,12.80
2008.01.02 17:41:04.592,1.6438,1.644,18.40,12.80
2008.01.02 17:41:04.874,1.6438,1.644,18.40,12.80
2008.01.02 17:41:05.190,1.6438,1.644,20.80,10.40
2008.01.02 17:41:05.487,1.6438,1.644,20.80,10.40
2008.01.02 17:41:06.466,1.6438,1.644,20.80,10.40
2008.01.02 17:41:06.664,1.6438,1.6439,20.80,4.00
2008.01.02 17:41:06.847,1.6438,1.6439,12.80,4.00
2008.01.02 17:41:07.053,1.6438,1.6439,4.80,4.00
2008.01.02 17:41:07.214,1.6438,1.6439,4.80,4.00
2008.01.02 17:41:07.396,1.6438,1.6439,4.80,4.00
2008.01.02 17:41:07.554,1.6438,1.644,4.80,15.20
2008.01.02 17:41:07.686,1.6438,1.6439,2.40,4.00
2008.01.02 17:41:08.001,1.64375,1.6439,12.00,8.00
2008.01.02 17:41:08.264,1.6437,1.6439,22.40,8.00
2008.01.02 17:41:08.476,1.6437,1.6439,22.40,8.00
2008.01.02 17:41:09.257,1.6437,1.6439,22.40,8.00
2008.01.02 17:41:10.089,1.6437,1.6439,23.20,8.00
2008.01.02 17:41:10.297,1.6438,1.6439,4.80,8.00
2008.01.02 17:41:10.515,1.6438,1.6439,4.80,4.00
2008.01.02 17:41:10.734,1.6438,1.6439,2.40,4.00
2008.01.02 17:41:11.234,1.6438,1.6439,2.40,4.00
2008.01.02 17:41:11.453,1.6438,1.6439,2.40,4.00
2008.01.02 17:41:11.738,1.6438,1.6439,4.80,4.00
2008.01.02 17:41:11.968,1.6438,1.6439,4.80,4.00
2008.01.02 17:41:13.069,1.6438,1.6439,4.80,4.00
2008.01.02 17:41:13.238,1.64375,1.6439,8.00,4.00
2008.01.02 17:41:13.500,1.6437,1.6439,32.80,4.00
2008.01.02 17:41:13.744,1.6437,1.6439,24.80,8.00
2008.01.02 17:41:15.052,1.6437,1.6439,24.80,8.00
2008.01.02 17:41:15.219,1.6437,1.6439,24.80,10.40
2008.01.02 17:41:15.388,1.6437,1.6439,24.80,10.40
2008.01.02 17:41:16.073,1.6437,1.6439,24.80,10.40
2008.01.02 17:41:16.285,1.6437,1.6439,24.80,10.40
2008.01.02 17:41:17.971,1.6437,1.6439,26.60,10.40
2008.01.02 17:41:18.168,1.6437,1.6439,27.40,10.40
2008.01.02 17:41:18.384,1.6437,1.6439,27.40,10.40
2008.01.02 17:41:18.582,1.6437,1.6439,27.40,10.40
2008.01.02 17:41:18.817,1.6437,1.6439,27.40,10.40
2008.01.02 17:41:19.050,1.6437,1.6439,26.60,10.40
2008.01.02 17:41:19.285,1.6437,1.6439,26.60,10.40
2008.01.02 17:41:23.999,1.6437,1.6439,27.40,10.40
2008.01.02 17:41:24.201,1.6437,1.6439,28.20,10.40
2008.01.02 17:41:24.357,1.64375,1.6439,8.00,10.40
2008.01.02 17:41:24.534,1.64375,1.6439,16.00,6.40
2008.01.02 17:41:24.716,1.64375,1.6439,16.00,6.40
2008.01.02 17:41:25.024,1.64375,1.6439,16.00,6.40
2008.01.02 17:41:25.267,1.64375,1.6439,16.00,6.40
2008.01.02 17:41:25.510,1.6437,1.6439,31.40,10.40
2008.01.02 17:41:25.762,1.6437,1.6439,27.40,10.40
2008.01.02 17:41:25.954,1.6437,1.6439,26.60,10.40
2008.01.02 17:41:26.279,1.6437,1.6439,26.60,10.40
2008.01.02 17:41:26.484,1.6437,1.6439,26.60,10.40
2008.01.02 17:41:28.667,1.6437,1.6439,22.60,10.40
2008.01.02 17:41:28.835,1.6437,1.6439,20.80,10.40
2008.01.02 17:41:29.048,1.6437,1.6439,20.80,10.40
2008.01.02 17:41:29.261,1.6437,1.6439,20.80,8.00
2008.01.02 17:41:29.474,1.6437,1.6439,20.80,8.00
2008.01.02 17:41:29.687,1.6437,1.6439,20.80,8.00
2008.01.02 17:41:30.206,1.6437,1.6439,24.80,4.00
2008.01.02 17:41:30.459,1.6437,1.644,28.80,13.80
2008.01.02 17:41:30.716,1.6437,1.644,28.80,13.80
2008.01.02 17:41:31.641,1.6437,1.64395,28.80,0.30
2008.01.02 17:41:31.834,1.6437,1.6439,28.80,8.00
2008.01.02 17:41:32.198,1.6437,1.6439,28.80,10.40
2008.01.02 17:41:32.386,1.6437,1.6439,28.80,10.40
2008.01.02 17:41:33.181,1.6437,1.6439,28.80,10.40
2008.01.02 17:41:36.220,1.6437,1.6439,28.80,10.40
2008.01.02 17:41:41.960,1.6437,1.6439,30.40,10.40
2008.01.02 17:41:42.112,1.6437,1.6439,30.40,10.40
2008.01.02 17:41:42.350,1.6438,1.6439,6.40,8.00
2008.01.02 17:41:42.589,1.6438,1.6439,6.40,4.00
2008.01.02 17:41:43.290,1.6438,1.6439,6.40,4.00
2008.01.02 17:41:43.514,1.6438,1.6439,6.40,4.00
2008.01.02 17:41:44.088,1.6438,1.6439,6.40,4.00
2008.01.02 17:41:44.307,1.6438,1.6439,26.40,4.00
2008.01.02 17:41:44.671,1.6438,1.6439,26.40,4.00
2008.01.02 17:41:44.889,1.6438,1.644,26.40,12.80
2008.01.02 17:41:45.720,1.6438,1.6439,14.40,4.00
2008.01.02 17:41:45.904,1.6438,1.6439,10.40,4.00
2008.01.02 17:41:46.099,1.6438,1.6439,2.40,4.00
2008.01.02 17:41:46.478,1.6438,1.6439,2.40,4.00
2008.01.02 17:41:47.991,1.6438,1.6439,2.40,4.00
2008.01.02 17:41:48.159,1.6438,1.6439,2.40,4.00
2008.01.02 17:41:48.362,1.6438,1.6439,2.40,4.00
2008.01.02 17:41:48.565,1.6438,1.6439,2.40,4.00
2008.01.02 17:41:48.768,1.6438,1.6439,2.40,4.00
2008.01.02 17:41:49.006,1.6438,1.6439,2.40,4.00
2008.01.02 17:41:49.209,1.6438,1.6439,2.40,4.00
2008.01.02 17:41:49.472,1.6438,1.6439,2.40,4.00
2008.01.02 17:41:49.736,1.6438,1.6439,2.40,4.00
2008.01.02 17:41:50.583,1.6438,1.6439,3.20,4.00
2008.01.02 17:41:50.766,1.6438,1.6439,7.20,4.00
2008.01.02 17:41:50.971,1.6438,1.6439,7.20,4.00
2008.01.02 17:41:51.279,1.6438,1.6439,7.20,4.00
2008.01.02 17:41:51.620,1.6439,1.644,0.80,14.60
2008.01.02 17:41:51.888,1.6439,1.644,0.80,14.60
2008.01.02 17:41:52.157,1.6438,1.644,6.40,13.80
2008.01.02 17:41:52.426,1.6438,1.644,6.40,13.80
2008.01.02 17:41:52.937,1.6438,1.644,6.40,13.80
2008.01.02 17:41:53.153,1.6439,1.644,16.80,4.20
2008.01.02 17:41:53.366,1.6439,1.644,16.80,0.30
2008.01.02 17:41:53.579,1.6439,1.644,24.80,0.30
2008.01.02 17:41:54.314,1.6439,1.644,24.80,0.30
2008.01.02 17:41:54.538,1.6439,1.644,24.80,0.30
2008.01.02 17:41:54.708,1.6439,1.6441,24.80,8.30
2008.01.02 17:41:54.741,1.64385,1.6441,4.00,8.30
2008.01.02 17:41:54.944,1.64385,1.6441,4.00,9.50
2008.01.02 17:41:55.147,1.6438,1.644,29.60,0.90
2008.01.02 17:41:55.350,1.6438,1.644,29.60,0.90
2008.01.02 17:41:55.767,1.6438,1.6441,28.00,11.10
2008.01.02 17:41:56.186,1.6439,1.6441,2.40,11.10
2008.01.02 17:41:56.470,1.6439,1.6441,20.80,0.60
2008.01.02 17:41:56.789,1.6439,1.6442,20.80,26.10
2008.01.02 17:41:57.210,1.6439,1.6442,20.80,26.90
2008.01.02 17:41:57.521,1.6439,1.6442,20.80,26.90
2008.01.02 17:41:57.855,1.6439,1.6441,2.40,14.00
2008.01.02 17:41:58.189,1.6439,1.6441,2.40,18.00
2008.01.02 17:41:58.521,1.6439,1.6441,2.40,18.00
2008.01.02 17:41:58.980,1.6439,1.6441,2.40,16.20
2008.01.02 17:41:59.260,1.6439,1.6441,6.40,18.60
2008.01.02 17:41:59.458,1.6439,1.6441,6.40,18.60
2008.01.02 17:41:59.656,1.6439,1.6441,6.40,18.60
2008.01.02 17:42:00.218,1.6439,1.6441,6.40,18.60
2008.01.02 17:42:00.956,1.6439,1.644,6.40,0.80
2008.01.02 17:42:01.188,1.6439,1.644,2.40,0.50
2008.01.02 17:42:01.396,1.6439,1.6441,2.40,24.20
2008.01.02 17:42:01.590,1.6439,1.6441,2.40,24.20
2008.01.02 17:42:01.995,1.6439,1.644,2.40,0.90
2008.01.02 17:42:02.270,1.6439,1.644,2.40,0.80
2008.01.02 17:42:03.029,1.6439,1.6441,2.40,26.00
2008.01.02 17:42:03.282,1.6439,1.644,2.40,0.60
2008.01.02 17:42:04.254,1.6439,1.6441,2.40,22.00
2008.01.02 17:42:04.690,1.6439,1.644,2.40,0.60
2008.01.02 17:42:04.938,1.6439,1.6441,6.40,18.60
2008.01.02 17:42:05.188,1.6439,1.6441,6.40,17.80
2008.01.02 17:42:10.267,1.6439,1.644,6.40,0.70
2008.01.02 17:42:11.218,1.6439,1.644,6.40,0.80
2008.01.02 17:42:11.505,1.6439,1.6441,6.40,17.80
2008.01.02 17:42:13.183,1.6439,1.6441,6.40,17.80
2008.01.02 17:42:14.218,1.6439,1.644,6.40,0.80
2008.01.02 17:42:15.775,1.6439,1.644,6.40,0.80
2008.01.02 17:42:16.038,1.6439,1.6441,6.40,17.80
2008.01.02 17:42:16.227,1.6439,1.6441,6.40,17.80
2008.01.02 17:42:17.221,1.6439,1.644,6.40,0.80
2008.01.02 17:42:17.429,1.6439,1.6441,6.40,17.80
2008.01.02 17:42:18.378,1.6439,1.6441,6.40,17.80
2008.01.02 17:42:19.225,1.6439,1.6441,6.40,17.80
2008.01.02 17:42:20.673,1.6439,1.644,2.40,0.60
2008.01.02 17:42:20.945,1.6439,1.6441,2.40,17.80
2008.01.02 17:42:21.183,1.6439,1.6441,6.40,17.80
2008.01.02 17:42:21.372,1.6439,1.6441,6.40,17.80
2008.01.02 17:42:23.782,1.6439,1.6441,6.40,21.80
2008.01.02 17:42:27.148,1.6439,1.6441,6.40,0.50
2008.01.02 17:42:27.341,1.6439,1.6442,6.40,28.10
2008.01.02 17:42:27.986,1.6439,1.6442,6.40,27.90
2008.01.02 17:42:28.198,1.6439,1.6441,6.40,0.70
2008.01.02 17:42:29.196,1.6439,1.644,6.40,0.90
2008.01.02 17:42:29.359,1.6439,1.644,6.40,0.60
2008.01.02 17:42:30.543,1.6439,1.644,6.40,0.80
2008.01.02 17:42:30.786,1.6438,1.64405,32.20,13.10
2008.01.02 17:42:31.041,1.6438,1.64405,28.20,13.10
2008.01.02 17:42:31.445,1.6438,1.644,28.20,0.70
2008.01.02 17:42:32.471,1.6438,1.64405,28.20,13.10
2008.01.02 17:42:32.997,1.6438,1.64405,26.40,13.10
2008.01.02 17:42:33.213,1.6438,1.644,26.40,0.50
2008.01.02 17:42:34.090,1.6438,1.6441,26.40,24.20
2008.01.02 17:42:34.331,1.6438,1.644,4.00,0.90
2008.01.02 17:42:34.560,1.64375,1.644,20.00,0.50
2008.01.02 17:42:36.665,1.64375,1.64405,20.00,13.10
2008.01.02 17:42:36.808,1.6438,1.64405,16.00,13.10
2008.01.02 17:42:36.951,1.6438,1.64405,24.00,13.10
2008.01.02 17:42:37.161,1.6438,1.64405,26.40,13.10
2008.01.02 17:42:37.471,1.6438,1.64405,26.40,13.10
2008.01.02 17:42:40.106,1.6438,1.6441,26.40,25.00
2008.01.02 17:42:40.290,1.6439,1.6441,2.40,17.80
2008.01.02 17:42:41.474,1.6439,1.6441,2.40,17.80
2008.01.02 17:42:42.176,1.6439,1.644,6.40,0.50
2008.01.02 17:42:42.349,1.6439,1.6441,6.40,17.80
2008.01.02 17:42:42.522,1.6439,1.644,6.40,0.50
2008.01.02 17:42:43.004,1.6439,1.6441,6.40,17.80
2008.01.02 17:42:45.242,1.6439,1.644,6.40,0.50
2008.01.02 17:42:48.751,1.6439,1.6442,6.40,28.90
2008.01.02 17:42:48.978,1.6439,1.6442,11.40,24.20
2008.01.02 17:42:49.156,1.6439,1.6442,11.40,24.00
2008.01.02 17:42:49.334,1.644,1.6441,16.80,0.80
2008.01.02 17:42:49.512,1.644,1.64425,20.80,8.20
2008.01.02 17:42:49.690,1.644,1.6443,28.80,15.40
2008.01.02 17:42:49.993,1.644,1.64435,28.80,14.60
2008.01.02 17:42:50.296,1.644,1.6443,28.80,0.90
2008.01.02 17:42:50.598,1.644,1.6444,28.80,42.80
2008.01.02 17:42:51.200,1.644,1.6443,28.80,15.40
2008.01.02 17:42:52.015,1.644,1.6443,28.80,15.40
2008.01.02 17:42:52.532,1.644,1.6443,28.80,15.40
2008.01.02 17:42:52.965,1.644,1.6443,28.80,15.40
2008.01.02 17:42:53.271,1.644,1.6443,28.80,15.40
2008.01.02 17:42:55.126,1.644,1.6443,28.80,15.20
2008.01.02 17:42:55.255,1.6441,1.6443,16.00,15.20
2008.01.02 17:42:55.549,1.6441,1.6443,8.00,15.20
2008.01.02 17:42:55.937,1.6441,1.6443,8.00,15.20
2008.01.02 17:42:56.224,1.6441,1.6443,10.40,15.20
2008.01.02 17:42:56.512,1.6441,1.6443,10.40,15.20
2008.01.02 17:42:57.905,1.6441,1.6443,10.40,13.60
2008.01.02 17:42:58.067,1.6442,1.6443,3.20,12.80
2008.01.02 17:42:58.282,1.6442,1.6443,11.20,4.00
2008.01.02 17:42:58.495,1.6442,1.6444,11.20,14.40
2008.01.02 17:42:58.708,1.64425,1.6444,8.00,8.80
2008.01.02 17:42:58.921,1.64425,1.6444,8.00,4.00
2008.01.02 17:42:59.134,1.64425,1.6444,8.00,4.00
2008.01.02 17:42:59.382,1.6443,1.6445,10.40,16.20
2008.01.02 17:42:59.630,1.6443,1.64445,10.40,0.30
2008.01.02 17:42:59.878,1.6441,1.64445,23.20,0.30
2008.01.02 17:43:00.127,1.6442,1.64445,4.00,0.30
2008.01.02 17:43:00.374,1.6441,1.64445,23.20,0.30
2008.01.02 17:43:00.623,1.6441,1.64445,23.20,0.30
2008.01.02 17:43:00.871,1.6441,1.64445,21.60,0.30
2008.01.02 17:43:01.211,1.6441,1.64445,21.60,0.30
2008.01.02 17:43:01.400,1.6441,1.6443,17.60,4.00
2008.01.02 17:43:01.587,1.6441,1.6443,13.60,8.00
2008.01.02 17:43:01.775,1.6441,1.6443,13.60,8.00
2008.01.02 17:43:02.121,1.6441,1.6443,13.60,8.00
2008.01.02 17:43:02.385,1.6441,1.6443,13.60,8.00
2008.01.02 17:43:02.667,1.6441,1.6443,13.60,8.00
2008.01.02 17:43:02.929,1.6441,1.6443,13.60,8.00
2008.01.02 17:43:03.196,1.6441,1.6443,13.60,8.00
2008.01.02 17:43:04.218,1.6441,1.6443,13.60,8.00
2008.01.02 17:43:04.971,1.6441,1.6443,13.60,8.00
2008.01.02 17:43:05.240,1.6441,1.6443,13.60,8.00
2008.01.02 17:43:05.662,1.64415,1.6443,8.00,8.00
2008.01.02 17:43:05.845,1.64415,1.6443,8.00,4.00
2008.01.02 17:43:06.029,1.64415,1.6443,8.00,4.00
2008.01.02 17:43:06.212,1.6442,1.6443,2.40,4.00
2008.01.02 17:43:06.863,1.6442,1.64435,2.40,4.80
2008.01.02 17:43:06.996,1.6442,1.64435,2.40,4.80
2008.01.02 17:43:07.357,1.6442,1.6443,2.40,0.50
2008.01.02 17:43:07.753,1.64415,1.64435,8.00,7.20
2008.01.02 17:43:07.921,1.6441,1.64435,20.00,7.20
2008.01.02 17:43:08.089,1.6442,1.64435,0.80,11.20
2008.01.02 17:43:08.258,1.6442,1.64435,7.20,8.80
2008.01.02 17:43:08.427,1.6442,1.6444,7.20,15.80
2008.01.02 17:43:08.684,1.6442,1.6444,7.20,19.80
2008.01.02 17:43:08.942,1.6442,1.6444,7.20,19.40
2008.01.02 17:43:09.224,1.6443,1.64445,0.80,16.80
2008.01.02 17:43:09.482,1.6443,1.6444,0.80,0.80
2008.01.02 17:43:09.711,1.6443,1.6445,0.80,17.80
2008.01.02 17:43:09.940,1.6443,1.6445,0.80,17.80
2008.01.02 17:43:10.169,1.6443,1.6445,3.20,17.80
2008.01.02 17:43:10.397,1.6443,1.6444,3.20,0.50
2008.01.02 17:43:10.615,1.6443,1.6445,3.20,0.60
2008.01.02 17:43:10.855,1.6443,1.6445,15.20,0.80
2008.01.02 17:43:11.280,1.6443,1.6445,15.20,0.70
2008.01.02 17:43:11.498,1.6443,1.6445,10.40,0.80
2008.01.02 17:43:12.203,1.6443,1.6445,10.40,0.60
2008.01.02 17:43:12.711,1.6443,1.64455,10.40,17.80
2008.01.02 17:43:15.636,1.6443,1.64455,11.20,17.80
2008.01.02 17:43:15.804,1.6443,1.64455,11.20,17.00
2008.01.02 17:43:16.046,1.6443,1.64455,11.20,17.00
2008.01.02 17:43:16.247,1.6443,1.64455,11.20,17.80
2008.01.02 17:43:17.788,1.6443,1.6445,11.20,0.90
2008.01.02 17:43:19.333,1.6443,1.64455,11.20,17.80
2008.01.02 17:43:22.764,1.6443,1.6445,11.20,0.50
2008.01.02 17:43:23.289,1.6443,1.64455,11.20,17.80
2008.01.02 17:43:27.644,1.6443,1.64455,11.20,17.60
2008.01.02 17:43:27.833,1.64435,1.6445,8.00,0.60
2008.01.02 17:43:28.021,1.64435,1.6445,8.00,0.50
2008.01.02 17:43:28.210,1.6443,1.6445,19.20,0.60
2008.01.02 17:43:28.421,1.6443,1.6445,15.20,0.50
2008.01.02 17:43:28.609,1.6443,1.64455,11.20,13.80
2008.01.02 17:43:29.214,1.6443,1.64455,11.20,13.80
2008.01.02 17:43:29.525,1.6443,1.6445,11.20,0.60
2008.01.02 17:43:29.814,1.6443,1.6445,3.20,17.00
2008.01.02 17:43:30.115,1.6443,1.6445,3.20,16.80
2008.01.02 17:43:30.268,1.6443,1.64455,3.20,17.80
2008.01.02 17:43:30.421,1.6443,1.64455,11.20,17.80
2008.01.02 17:43:34.173,1.6443,1.6445,15.20,0.50
2008.01.02 17:43:34.346,1.6443,1.64455,15.20,17.80
2008.01.02 17:43:34.518,1.6443,1.64455,19.20,17.80
2008.01.02 17:43:34.738,1.6443,1.64455,19.20,17.80
2008.01.02 17:43:35.238,1.6443,1.6445,15.20,12.80
2008.01.02 17:43:35.530,1.6443,1.6445,15.20,12.80
2008.01.02 17:43:36.673,1.6443,1.6444,7.20,4.00
2008.01.02 17:43:36.866,1.6443,1.6444,7.20,4.00
2008.01.02 17:43:37.059,1.6443,1.6444,3.20,4.80
2008.01.02 17:43:37.252,1.6443,1.6444,3.20,5.60
2008.01.02 17:43:37.513,1.6443,1.6444,3.20,5.60
2008.01.02 17:43:38.170,1.6443,1.6444,3.20,5.60
2008.01.02 17:43:38.382,1.6443,1.6444,3.20,5.60
2008.01.02 17:43:39.198,1.6443,1.6444,3.20,5.60
2008.01.02 17:43:40.228,1.6443,1.6444,3.20,5.60
2008.01.02 17:43:40.532,1.6443,1.6444,2.40,5.60
2008.01.02 17:43:40.705,1.6443,1.6444,2.40,5.60
2008.01.02 17:43:40.965,1.6443,1.6444,2.40,5.60
2008.01.02 17:43:41.138,1.6443,1.6444,2.40,5.60
2008.01.02 17:43:41.395,1.64425,1.6444,8.00,0.80
2008.01.02 17:43:41.654,1.64425,1.6444,8.00,1.60
2008.01.02 17:43:41.912,1.64425,1.6444,8.00,8.00
2008.01.02 17:43:42.170,1.64425,1.6444,8.00,7.20
2008.01.02 17:43:42.362,1.6442,1.6445,22.60,14.60
2008.01.02 17:43:42.556,1.6442,1.6445,22.60,14.60
2008.01.02 17:43:48.604,1.6442,1.6445,23.40,14.60
2008.01.02 17:43:48.772,1.64425,1.6445,8.00,13.80
2008.01.02 17:43:48.940,1.64425,1.6445,8.00,13.00
2008.01.02 17:43:49.108,1.64425,1.6445,8.00,12.80
2008.01.02 17:43:49.276,1.6443,1.6445,18.40,12.80
2008.01.02 17:43:49.595,1.6443,1.6445,18.40,12.80
2008.01.02 17:43:49.992,1.6443,1.6445,18.40,12.80
2008.01.02 17:43:50.308,1.6443,1.6445,18.40,12.80
2008.01.02 17:43:50.548,1.6443,1.6445,18.40,12.80
2008.01.02 17:43:53.024,1.64425,1.6445,22.40,12.80
2008.01.02 17:43:59.661,1.6443,1.6444,6.40,4.00
2008.01.02 17:43:59.854,1.6443,1.6444,2.40,4.00
2008.01.02 17:44:00.048,1.6443,1.6444,2.40,4.00
2008.01.02 17:44:00.241,1.64425,1.6444,8.00,4.00
2008.01.02 17:44:00.435,1.6442,1.6444,16.80,8.00
2008.01.02 17:44:01.573,1.6442,1.6444,16.80,8.00
2008.01.02 17:44:01.731,1.6442,1.6444,2.40,8.00
2008.01.02 17:44:01.888,1.64415,1.6444,4.00,8.00
2008.01.02 17:44:02.047,1.64415,1.6444,4.00,8.00
2008.01.02 17:44:02.210,1.64425,1.6444,8.00,4.00
2008.01.02 17:44:02.389,1.64425,1.64445,8.00,0.30
2008.01.02 17:44:02.548,1.64425,1.64445,8.00,0.30
2008.01.02 17:44:02.705,1.64425,1.6445,8.00,14.80
2008.01.02 17:44:03.003,1.64425,1.6445,8.00,14.80
2008.01.02 17:44:03.301,1.6442,1.6444,4.00,4.80
2008.01.02 17:44:03.599,1.64415,1.6444,12.00,11.20
2008.01.02 17:44:03.822,1.64405,1.6443,4.00,8.00
2008.01.02 17:44:04.045,1.644,1.6443,8.20,8.80
2008.01.02 17:44:04.269,1.644,1.6443,1.60,8.80
2008.01.02 17:44:04.492,1.644,1.6443,1.60,9.60
2008.01.02 17:44:04.715,1.644,1.64425,1.60,1.00
2008.01.02 17:44:04.968,1.6439,1.64425,18.60,1.00
2008.01.02 17:44:05.221,1.6439,1.6442,23.40,9.80
2008.01.02 17:44:05.474,1.6439,1.6442,23.40,9.80
2008.01.02 17:44:05.728,1.6439,1.6442,22.60,9.00
2008.01.02 17:44:05.917,1.6439,1.6441,20.80,8.00
2008.01.02 17:44:06.105,1.6439,1.6441,18.40,8.00
2008.01.02 17:44:06.294,1.64385,1.6441,4.00,8.00
2008.01.02 17:44:06.505,1.6438,1.6441,23.40,8.00
2008.01.02 17:44:06.669,1.6438,1.6441,23.40,8.00
2008.01.02 17:44:07.024,1.6438,1.6441,23.40,8.00
2008.01.02 17:44:07.313,1.6438,1.6441,23.40,8.00
2008.01.02 17:44:07.601,1.6438,1.6441,23.40,8.00
2008.01.02 17:44:08.188,1.6438,1.6441,23.40,4.00
2008.01.02 17:44:08.346,1.6438,1.64415,23.40,0.30
2008.01.02 17:44:08.579,1.6438,1.64415,23.40,0.30
2008.01.02 17:44:10.393,1.6438,1.64415,23.40,0.30
2008.01.02 17:44:11.128,1.6438,1.64415,23.40,0.30
2008.01.02 17:44:11.331,1.6438,1.64415,23.40,0.30
2008.01.02 17:44:11.644,1.6438,1.6442,23.40,10.60
2008.01.02 17:44:11.849,1.6438,1.6442,23.40,1.80
2008.01.02 17:44:12.068,1.6438,1.64415,23.40,0.30
2008.01.02 17:44:12.299,1.6438,1.64415,23.40,0.30
2008.01.02 17:44:13.099,1.6438,1.64415,23.40,0.30
2008.01.02 17:44:13.318,1.6438,1.64415,23.40,0.30
2008.01.02 17:44:13.537,1.6438,1.64415,23.40,0.30
2008.01.02 17:44:14.258,1.6438,1.64415,23.40,0.30
2008.01.02 17:44:14.649,1.6438,1.64415,25.00,0.30
2008.01.02 17:44:14.863,1.644,1.6442,16.00,9.80
2008.01.02 17:44:15.076,1.644,1.6442,18.40,9.80
2008.01.02 17:44:15.299,1.644,1.6442,20.80,9.80
2008.01.02 17:44:15.555,1.644,1.6442,20.80,9.80
2008.01.02 17:44:16.253,1.644,1.6442,20.80,9.80
2008.01.02 17:44:19.550,1.644,1.6442,20.80,9.80
2008.01.02 17:44:21.203,1.644,1.6442,20.80,8.00
2008.01.02 17:44:25.536,1.644,1.6442,20.80,8.00
2008.01.02 17:44:25.710,1.644,1.6442,20.80,7.20
2008.01.02 17:44:25.882,1.644,1.6442,20.80,6.40
2008.01.02 17:44:26.056,1.644,1.6442,20.80,6.40
2008.01.02 17:44:26.229,1.644,1.6443,21.60,5.80
2008.01.02 17:44:26.517,1.644,1.6443,21.60,1.80
2008.01.02 17:44:27.761,1.644,1.6443,21.60,5.80
2008.01.02 17:44:27.963,1.644,1.6443,21.60,5.80
2008.01.02 17:44:28.166,1.644,1.6443,21.60,5.80
2008.01.02 17:44:28.359,1.644,1.6443,21.60,5.80
2008.01.02 17:44:28.552,1.644,1.6443,21.60,5.80
2008.01.02 17:44:28.745,1.644,1.6443,21.60,9.80
2008.01.02 17:44:30.657,1.644,1.6443,20.80,9.80
2008.01.02 17:44:30.836,1.644,1.6442,16.80,5.80
2008.01.02 17:44:31.035,1.644,1.6442,12.80,9.80
2008.01.02 17:44:31.212,1.644,1.6442,12.80,10.60
2008.01.02 17:44:31.496,1.644,1.6442,12.80,11.40
2008.01.02 17:44:32.063,1.644,1.6442,12.80,13.80
2008.01.02 17:44:32.346,1.644,1.6442,12.80,13.80
2008.01.02 17:44:32.520,1.644,1.6442,12.80,13.80
2008.01.02 17:44:33.009,1.644,1.6442,12.80,13.00
2008.01.02 17:44:33.183,1.644,1.6442,12.80,12.20
2008.01.02 17:44:33.356,1.644,1.6442,16.80,5.80
2008.01.02 17:44:33.575,1.644,1.6442,20.80,1.80
2008.01.02 17:44:33.793,1.644,1.6442,20.80,1.80
2008.01.02 17:44:34.011,1.644,1.6442,20.80,1.80
2008.01.02 17:44:34.229,1.644,1.6442,20.80,1.80
2008.01.02 17:44:34.513,1.644,1.6442,20.80,1.80
2008.01.02 17:44:35.086,1.644,1.6442,20.80,1.80
2008.01.02 17:44:35.329,1.644,1.6442,20.80,1.80
2008.01.02 17:44:35.698,1.644,1.6442,16.80,5.80
2008.01.02 17:44:35.896,1.644,1.6442,16.80,5.80
2008.01.02 17:44:36.115,1.644,1.6442,12.80,9.80
2008.01.02 17:44:36.292,1.644,1.6442,12.80,12.20
2008.01.02 17:44:36.500,1.644,1.6442,12.80,12.20
2008.01.02 17:44:37.230,1.644,1.6442,12.80,12.20
2008.01.02 17:44:37.530,1.644,1.6442,12.80,12.20
2008.01.02 17:44:38.242,1.644,1.6442,12.80,12.20
2008.01.02 17:44:38.576,1.644,1.6442,10.40,12.20
2008.01.02 17:44:38.759,1.644,1.6441,8.00,4.00
2008.01.02 17:44:38.943,1.644,1.6441,8.00,4.00
2008.01.02 17:44:39.291,1.644,1.6441,8.00,4.00
2008.01.02 17:44:39.474,1.64395,1.6441,12.00,4.00
2008.01.02 17:44:39.702,1.64395,1.6441,12.00,4.00
2008.01.02 17:44:40.021,1.64395,1.6441,12.00,4.00
2008.01.02 17:44:42.896,1.64395,1.6441,12.00,4.00
2008.01.02 17:44:43.204,1.64395,1.6441,12.00,4.00
2008.01.02 17:44:45.312,1.64395,1.6441,12.00,4.00
2008.01.02 17:44:46.021,1.64395,1.6441,12.00,4.00
2008.01.02 17:44:46.596,1.644,1.6441,2.40,4.00
2008.01.02 17:44:46.764,1.644,1.6442,12.80,13.00
2008.01.02 17:44:46.932,1.644,1.6442,16.80,13.00
2008.01.02 17:44:47.101,1.644,1.6442,16.80,12.20
2008.01.02 17:44:47.268,1.644,1.6442,20.80,12.20
2008.01.02 17:44:47.437,1.644,1.6442,20.80,12.20
2008.01.02 17:44:48.108,1.644,1.6442,20.80,12.20
2008.01.02 17:44:48.407,1.644,1.6442,20.80,12.20
2008.01.02 17:44:48.705,1.644,1.6442,20.80,9.80
2008.01.02 17:44:49.157,1.64395,1.6442,24.80,9.80
2008.01.02 17:44:49.245,1.644,1.6442,2.80,9.80
2008.01.02 17:44:49.571,1.64395,1.6442,24.80,9.80
2008.01.02 17:44:50.631,1.64395,1.6442,18.40,9.80
2008.01.02 17:44:50.846,1.64395,1.6442,16.00,9.80
2008.01.02 17:44:51.059,1.6439,1.6442,25.60,9.80
2008.01.02 17:44:51.272,1.6439,1.6441,23.20,4.00
2008.01.02 17:44:51.485,1.6439,1.6441,23.20,4.00
2008.01.02 17:44:52.274,1.64395,1.6441,1.00,4.00
2008.01.02 17:44:52.548,1.6439,1.6441,23.20,4.00
2008.01.02 17:44:55.636,1.644,1.6441,0.50,4.00
2008.01.02 17:44:55.835,1.644,1.6442,23.60,6.00
2008.01.02 17:44:56.043,1.644,1.64425,27.60,0.80
2008.01.02 17:44:56.252,1.6441,1.6442,0.50,1.80
2008.01.02 17:44:56.460,1.644,1.6442,1.50,1.80
2008.01.02 17:44:56.667,1.644,1.6442,1.30,1.80
2008.01.02 17:44:56.876,1.64395,1.6442,25.60,1.80
2008.01.02 17:44:57.174,1.64395,1.6443,24.80,10.80
2008.01.02 17:44:57.473,1.64395,1.6443,24.80,14.80
2008.01.02 17:44:57.771,1.64395,1.6443,24.80,14.80
2008.01.02 17:44:58.554,1.644,1.6443,10.10,14.80
2008.01.02 17:44:58.802,1.64395,1.6443,25.60,14.80
2008.01.02 17:45:03.255,1.64395,1.6443,25.60,14.80
2008.01.02 17:45:03.451,1.64395,1.6443,24.80,14.80
2008.01.02 17:45:03.670,1.644,1.6443,1.90,15.60
2008.01.02 17:45:03.888,1.64395,1.6442,16.80,9.80
2008.01.02 17:45:04.308,1.644,1.6442,4.80,9.80
2008.01.02 17:45:04.711,1.64395,1.6442,16.80,9.80
2008.01.02 17:45:05.014,1.644,1.6442,5.20,9.80
2008.01.02 17:45:05.193,1.644,1.6442,2.90,9.80
2008.01.02 17:45:05.371,1.6439,1.6442,25.60,9.80
2008.01.02 17:45:05.552,1.6439,1.6442,25.60,9.80
2008.01.02 17:45:05.729,1.64395,1.6442,1.20,11.70
2008.01.02 17:45:06.153,1.64395,1.6442,14.40,11.70
2008.01.02 17:45:06.442,1.644,1.6442,1.80,11.70
2008.01.02 17:45:06.750,1.64395,1.6442,16.80,11.70
2008.01.02 17:45:07.057,1.64395,1.6442,20.80,7.70
2008.01.02 17:45:07.410,1.64395,1.6442,20.80,5.80
2008.01.02 17:45:07.567,1.64395,1.6442,20.80,5.80
2008.01.02 17:45:11.251,1.64395,1.6442,20.80,5.80
2008.01.02 17:45:12.163,1.644,1.6442,5.00,1.80
2008.01.02 17:45:12.361,1.64395,1.6442,24.80,1.80
2008.01.02 17:45:12.560,1.644,1.6442,6.60,1.80
2008.01.02 17:45:12.813,1.644,1.6442,10.30,1.80
2008.01.02 17:45:13.017,1.644,1.6442,9.30,1.80
2008.01.02 17:45:13.237,1.64395,1.6442,24.80,1.80
2008.01.02 17:45:14.282,1.644,1.6442,2.80,1.80
2008.01.02 17:45:15.831,1.64395,1.6442,24.80,1.80
2008.01.02 17:45:16.059,1.64395,1.6442,24.80,1.80
2008.01.02 17:45:16.293,1.64395,1.6442,24.80,1.80
2008.01.02 17:45:16.695,1.644,1.6442,0.90,5.80
2008.01.02 17:45:16.903,1.644,1.6442,4.80,9.80
2008.01.02 17:45:17.112,1.64395,1.6442,16.80,9.80
2008.01.02 17:45:17.319,1.64395,1.6442,16.80,12.20
2008.01.02 17:45:17.562,1.64395,1.6442,16.80,12.20
2008.01.02 17:45:18.215,1.644,1.6442,12.80,12.20
2008.01.02 17:45:19.559,1.644,1.6442,12.80,12.20
2008.01.02 17:45:19.802,1.644,1.6442,12.80,12.20
2008.01.02 17:45:20.217,1.64395,1.6442,16.80,12.20
2008.01.02 17:45:23.685,1.64395,1.6441,14.40,4.00
2008.01.02 17:45:23.843,1.64395,1.6441,2.90,4.00
2008.01.02 17:45:24.000,1.64395,1.6441,0.90,4.00
2008.01.02 17:45:24.177,1.64395,1.6441,2.40,4.00
2008.01.02 17:45:24.334,1.64395,1.6441,0.60,4.00
2008.01.02 17:45:26.978,1.6439,1.6441,24.80,4.00
2008.01.02 17:45:28.126,1.6439,1.6441,24.80,4.00
2008.01.02 17:45:28.297,1.6439,1.6441,24.80,4.00
2008.01.02 17:45:29.319,1.6439,1.6441,24.80,4.00
2008.01.02 17:45:31.407,1.64395,1.6442,0.70,12.20
2008.01.02 17:45:31.620,1.64395,1.6442,4.30,12.70
2008.01.02 17:45:31.937,1.6439,1.6442,26.40,12.70
2008.01.02 17:45:32.145,1.6439,1.6442,26.40,12.70
2008.01.02 17:45:39.620,1.64395,1.6442,14.40,12.70
2008.01.02 17:45:39.836,1.644,1.6442,0.70,8.20
2008.01.02 17:45:40.050,1.64395,1.6442,16.80,8.20
2008.01.02 17:45:40.357,1.64395,1.6442,16.80,8.20
2008.01.02 17:45:41.470,1.64395,1.6442,16.80,8.20
2008.01.02 17:45:42.290,1.64395,1.6442,16.80,8.20
2008.01.02 17:45:48.274,1.644,1.64425,12.80,12.40
2008.01.02 17:45:49.739,1.644,1.64425,12.80,12.20
2008.01.02 17:45:53.590,1.644,1.6442,12.80,0.80
2008.01.02 17:45:53.809,1.64405,1.64435,8.80,17.00
2008.01.02 17:45:54.028,1.64405,1.64435,9.60,21.00
2008.01.02 17:45:54.223,1.64405,1.64435,9.60,21.00
2008.01.02 17:45:54.977,1.64405,1.64435,9.60,21.00
2008.01.02 17:45:55.247,1.64405,1.64435,13.60,21.00
2008.01.02 17:45:58.720,1.6441,1.6443,2.40,0.50
2008.01.02 17:45:58.898,1.6441,1.64435,2.40,19.60
2008.01.02 17:45:59.076,1.6441,1.6443,2.40,0.50
2008.01.02 17:45:59.957,1.6441,1.6443,2.40,0.70
2008.01.02 17:46:00.206,1.6441,1.64435,2.40,19.60
2008.01.02 17:46:00.385,1.6441,1.6443,14.40,0.60
2008.01.02 17:46:01.283,1.6441,1.64435,14.40,11.60
2008.01.02 17:46:02.010,1.6441,1.6443,14.40,0.60
2008.01.02 17:46:02.280,1.6441,1.64435,4.00,15.60
2008.01.02 17:46:02.529,1.64405,1.64435,12.00,19.60
2008.01.02 17:46:02.777,1.64405,1.6443,12.00,0.70
2008.01.02 17:46:03.046,1.64405,1.6443,12.00,0.80
2008.01.02 17:46:03.295,1.64405,1.6443,8.00,0.80
2008.01.02 17:46:03.569,1.64405,1.6443,8.00,0.70
2008.01.02 17:46:03.994,1.64405,1.64435,8.00,20.40
2008.01.02 17:46:04.212,1.6441,1.64435,2.40,16.40
2008.01.02 17:46:04.405,1.6441,1.6443,2.40,0.50
2008.01.02 17:46:04.598,1.6441,1.64435,2.40,19.60
2008.01.02 17:46:05.030,1.6441,1.6443,2.40,0.50
2008.01.02 17:46:05.545,1.6441,1.64435,2.40,19.60
2008.01.02 17:46:05.807,1.64405,1.64435,9.60,20.40
2008.01.02 17:46:07.947,1.64405,1.64435,9.60,21.20
2008.01.02 17:46:08.155,1.64405,1.6443,9.60,17.20
2008.01.02 17:46:10.315,1.64405,1.64425,0.90,0.80
2008.01.02 17:46:14.184,1.64405,1.6443,12.00,17.20
2008.01.02 17:46:14.357,1.64405,1.6443,12.00,16.40
2008.01.02 17:46:14.549,1.64405,1.64435,12.00,20.40
2008.01.02 17:46:15.274,1.64405,1.64435,12.00,20.40
2008.01.02 17:46:19.739,1.64405,1.6443,12.00,15.60
2008.01.02 17:46:20.431,1.64405,1.6443,10.40,15.60
2008.01.02 17:46:27.292,1.64405,1.6443,14.40,15.60
2008.01.02 17:46:43.027,1.6441,1.6443,2.40,15.40
2008.01.02 17:46:44.775,1.6441,1.6443,2.40,16.20
2008.01.02 17:46:45.071,1.6441,1.64425,2.40,0.80
2008.01.02 17:46:46.522,1.6441,1.64425,2.40,0.80
2008.01.02 17:46:47.246,1.6441,1.64425,2.40,0.80
2008.01.02 17:46:49.339,1.6441,1.64425,2.40,0.80
2008.01.02 17:46:49.862,1.6441,1.64425,2.40,0.80
2008.01.02 17:46:53.715,1.6441,1.64425,6.40,0.80
2008.01.02 17:46:54.011,1.6441,1.64425,6.40,0.80
2008.01.02 17:46:55.029,1.6441,1.64425,6.40,0.80
2008.01.02 17:46:55.965,1.6441,1.64425,6.40,0.80
2008.01.02 17:46:56.180,1.6441,1.6443,6.40,17.00
2008.01.02 17:46:56.375,1.6441,1.6443,8.80,17.00
2008.01.02 17:46:56.575,1.6441,1.6443,6.40,17.00
2008.01.02 17:46:56.778,1.6441,1.6443,6.40,19.40
2008.01.02 17:46:56.980,1.6441,1.6443,6.40,19.40
2008.01.02 17:46:57.307,1.6441,1.6443,6.40,19.40
2008.01.02 17:46:58.979,1.6441,1.6443,6.40,17.60
2008.01.02 17:46:59.276,1.6441,1.6443,6.40,17.60
2008.01.02 17:47:01.273,1.6441,1.6443,6.40,17.60
2008.01.02 17:47:04.193,1.6441,1.6443,2.40,17.60
2008.01.02 17:47:04.390,1.6441,1.6443,2.40,17.60
2008.01.02 17:47:04.609,1.6441,1.6443,2.40,17.60
2008.01.02 17:47:05.092,1.6441,1.64425,2.40,0.30
2008.01.02 17:47:05.355,1.644,1.6442,19.20,2.40
2008.01.02 17:47:05.457,1.644,1.6442,6.40,2.40
2008.01.02 17:47:06.264,1.644,1.6442,3.80,2.40
2008.01.02 17:47:07.994,1.644,1.6442,8.60,2.40
2008.01.02 17:47:08.161,1.64395,1.6442,19.20,2.40
2008.01.02 17:47:08.329,1.64395,1.6442,15.20,6.40
2008.01.02 17:47:09.344,1.64395,1.6442,15.20,6.40
2008.01.02 17:47:09.657,1.64395,1.6442,15.20,6.40
2008.01.02 17:47:10.059,1.644,1.6442,1.80,7.20
2008.01.02 17:47:10.282,1.644,1.6442,3.40,8.00
2008.01.02 17:47:11.012,1.644,1.6442,3.30,9.80
2008.01.02 17:47:11.309,1.64395,1.6442,15.20,9.80
2008.01.02 17:47:13.178,1.64395,1.6442,19.20,9.80
2008.01.02 17:47:13.382,1.64395,1.6442,19.20,9.80
2008.01.02 17:47:13.585,1.644,1.6442,6.10,5.80
2008.01.02 17:47:14.035,1.644,1.6442,4.40,5.80
2008.01.02 17:47:14.314,1.644,1.6442,2.70,5.80
2008.01.02 17:47:14.587,1.644,1.6442,5.20,5.80
2008.01.02 17:47:14.860,1.644,1.6442,0.80,5.80
2008.01.02 17:47:15.133,1.64395,1.6442,15.20,9.80
2008.01.02 17:47:19.160,1.64395,1.6442,19.20,9.80
2008.01.02 17:47:19.363,1.64395,1.6442,19.20,9.80
2008.01.02 17:47:19.567,1.64395,1.6442,23.20,5.80
2008.01.02 17:47:20.060,1.64395,1.6442,23.20,5.80
2008.01.02 17:47:21.412,1.64395,1.6442,23.20,9.80
2008.01.02 17:47:22.230,1.644,1.6442,6.50,9.80
2008.01.02 17:47:22.442,1.64395,1.6442,19.20,9.80
2008.01.02 17:47:23.266,1.64395,1.6442,19.20,9.80
2008.01.02 17:47:23.505,1.644,1.6442,9.60,9.80
2008.01.02 17:47:26.568,1.644,1.6442,8.30,9.80
2008.01.02 17:47:29.554,1.644,1.6442,9.30,9.80
2008.01.02 17:47:30.077,1.64395,1.6442,23.20,9.80
2008.01.02 17:47:30.294,1.644,1.6442,6.40,9.80
2008.01.02 17:47:33.543,1.64395,1.64425,23.20,14.00
2008.01.02 17:47:33.623,1.64395,1.64425,23.20,13.20
2008.01.02 17:47:33.843,1.644,1.6442,0.90,0.70
2008.01.02 17:47:35.615,1.644,1.6442,19.20,0.70
2008.01.02 17:47:35.782,1.644,1.64425,23.20,9.80
2008.01.02 17:47:35.952,1.644,1.64425,23.20,5.80
2008.01.02 17:47:36.315,1.644,1.6442,23.20,0.70
2008.01.02 17:47:36.573,1.644,1.64425,23.20,2.60
2008.01.02 17:47:37.064,1.644,1.6442,23.20,0.90
2008.01.02 17:47:37.322,1.644,1.64425,19.20,6.80
2008.01.02 17:47:38.056,1.644,1.64425,19.20,9.20
2008.01.02 17:47:38.318,1.644,1.6442,19.20,0.60
2008.01.02 17:47:40.606,1.644,1.64425,19.20,13.00
2008.01.02 17:47:40.840,1.64405,1.64425,8.00,4.80
2008.01.02 17:47:41.073,1.64405,1.64425,8.00,4.80
2008.01.02 17:47:41.329,1.6441,1.64425,2.40,4.80
2008.01.02 17:47:41.539,1.6441,1.6442,2.40,0.90
2008.01.02 17:47:41.834,1.6441,1.64425,2.40,4.80
2008.01.02 17:47:42.043,1.6441,1.6442,2.40,0.50
2008.01.02 17:47:42.276,1.6441,1.6443,2.40,23.60
2008.01.02 17:47:42.571,1.6441,1.64425,2.40,4.30
2008.01.02 17:47:42.794,1.64405,1.64425,0.80,6.70
2008.01.02 17:47:43.017,1.644,1.6442,19.20,0.80
2008.01.02 17:47:43.240,1.644,1.6442,15.20,0.70
2008.01.02 17:47:43.601,1.644,1.6443,15.20,35.60
2008.01.02 17:47:43.844,1.644,1.64435,23.20,23.60
2008.01.02 17:47:44.087,1.644,1.64435,23.20,23.60
2008.01.02 17:47:44.330,1.644,1.64435,24.00,22.80
2008.01.02 17:47:44.573,1.644,1.64435,24.00,18.80
2008.01.02 17:47:44.791,1.644,1.64435,24.00,18.80
2008.01.02 17:47:45.291,1.644,1.6443,24.00,0.90
2008.01.02 17:47:48.298,1.644,1.6443,24.00,0.80
2008.01.02 17:47:50.059,1.644,1.64435,24.00,18.80
2008.01.02 17:47:53.230,1.644,1.6442,24.00,0.80
2008.01.02 17:47:53.736,1.644,1.6442,24.00,0.60
2008.01.02 17:47:53.931,1.644,1.6443,20.00,30.80
2008.01.02 17:47:54.123,1.644,1.6443,20.00,30.80
2008.01.02 17:47:54.316,1.644,1.6443,20.00,30.80
2008.01.02 17:48:01.623,1.644,1.6442,16.00,0.80
2008.01.02 17:48:01.856,1.644,1.6443,15.20,30.80
2008.01.02 17:48:02.066,1.644,1.6443,15.20,30.80
2008.01.02 17:48:02.288,1.644,1.6443,15.20,30.80
2008.01.02 17:48:02.492,1.644,1.6442,15.20,0.90
2008.01.02 17:48:03.004,1.644,1.6442,15.20,4.00
2008.01.02 17:48:03.212,1.644,1.6442,15.20,4.00
2008.01.02 17:48:08.276,1.644,1.6442,11.20,8.00
2008.01.02 17:48:08.469,1.644,1.6442,11.20,8.00
2008.01.02 17:48:09.347,1.644,1.6442,11.20,8.00
2008.01.02 17:48:10.280,1.644,1.6442,11.20,8.00
2008.01.02 17:48:13.301,1.644,1.6442,11.20,8.00
2008.01.02 17:48:13.816,1.644,1.6442,11.20,8.00
2008.01.02 17:48:17.004,1.644,1.6442,12.00,8.00
2008.01.02 17:48:17.157,1.644,1.6442,12.00,8.00
2008.01.02 17:48:17.356,1.6441,1.6442,2.40,8.00
2008.01.02 17:48:17.554,1.6441,1.6442,2.40,4.00
2008.01.02 17:48:18.015,1.6441,1.6442,2.40,4.00
2008.01.02 17:48:18.324,1.6441,1.6442,2.40,4.00
2008.01.02 17:48:19.841,1.6441,1.6442,2.40,4.00
2008.01.02 17:48:26.726,1.6441,1.6442,2.40,4.00
2008.01.02 17:48:26.909,1.6441,1.6443,8.80,14.60
2008.01.02 17:48:27.092,1.6441,1.6443,8.80,14.60
2008.01.02 17:48:27.275,1.6441,1.6443,12.80,14.60
2008.01.02 17:48:27.458,1.6441,1.6443,12.80,14.60
2008.01.02 17:48:27.789,1.6441,1.6443,12.80,14.60
2008.01.02 17:48:28.047,1.6441,1.6443,12.80,14.60
2008.01.02 17:48:28.306,1.6441,1.6443,8.80,14.60
2008.01.02 17:48:29.015,1.6441,1.6443,8.80,14.60
2008.01.02 17:48:31.504,1.6441,1.6443,8.80,14.60
2008.01.02 17:48:32.211,1.6441,1.6443,12.80,14.60
2008.01.02 17:48:32.415,1.6441,1.6443,12.80,14.60
2008.01.02 17:48:32.798,1.6441,1.6443,12.80,14.60
2008.01.02 17:48:37.690,1.6441,1.6443,1.10,14.60
2008.01.02 17:48:40.733,1.64405,1.6443,12.80,14.60
2008.01.02 17:48:40.947,1.64405,1.6443,12.80,14.60
2008.01.02 17:48:41.155,1.6441,1.6443,3.80,14.60
2008.01.02 17:48:43.035,1.64405,1.6443,12.80,14.60
2008.01.02 17:48:48.344,1.64405,1.6443,12.80,14.60
2008.01.02 17:48:50.145,1.6441,1.6443,1.70,14.60
2008.01.02 17:48:52.805,1.64405,1.6443,12.80,14.60
2008.01.02 17:48:53.187,1.64405,1.6443,16.80,14.60
2008.01.02 17:48:55.053,1.6441,1.6443,2.10,12.80
2008.01.02 17:48:59.013,1.64405,1.6443,16.80,12.80
2008.01.02 17:48:59.331,1.6441,1.6443,0.50,12.80
2008.01.02 17:49:00.047,1.64405,1.6443,16.80,14.60
2008.01.02 17:49:00.254,1.6441,1.6443,4.20,14.60
2008.01.02 17:49:02.002,1.6441,1.6443,3.70,14.60
2008.01.02 17:49:07.677,1.6441,1.6443,8.80,14.60
2008.01.02 17:49:07.851,1.6441,1.6443,8.80,14.60
2008.01.02 17:49:08.344,1.6441,1.6443,8.80,14.60
2008.01.02 17:49:08.601,1.6441,1.6443,8.80,14.60
2008.01.02 17:49:08.899,1.64415,1.6443,6.40,10.40
2008.01.02 17:49:09.197,1.64415,1.6443,6.40,8.20
2008.01.02 17:49:09.507,1.6441,1.6443,8.80,14.60
2008.01.02 17:49:10.206,1.6441,1.6443,11.20,12.20
2008.01.02 17:49:10.438,1.6441,1.6443,11.20,12.20
2008.01.02 17:49:11.009,1.6441,1.6443,11.20,12.20
2008.01.02 17:49:11.243,1.6441,1.6443,15.20,12.20
2008.01.02 17:49:11.475,1.6441,1.6443,15.20,12.20
2008.01.02 17:49:12.355,1.6441,1.6443,15.20,12.20
2008.01.02 17:49:13.299,1.6441,1.6443,15.20,12.20
2008.01.02 17:49:14.019,1.6441,1.6443,15.20,12.20
2008.01.02 17:49:14.677,1.6441,1.6443,15.20,12.20
2008.01.02 17:49:17.285,1.6441,1.6443,15.20,12.20
2008.01.02 17:49:17.807,1.6441,1.6443,15.20,12.20
2008.01.02 17:49:18.321,1.6441,1.6443,15.20,12.20
2008.01.02 17:49:19.356,1.6441,1.6443,15.20,12.20
2008.01.02 17:49:20.088,1.6441,1.6443,15.20,12.20
2008.01.02 17:49:20.598,1.6441,1.6443,15.20,12.20
2008.01.02 17:49:22.070,1.6441,1.6443,15.20,12.20
2008.01.02 17:49:23.518,1.6441,1.6443,15.20,12.20
2008.01.02 17:49:24.347,1.6441,1.6443,15.20,12.20
2008.01.02 17:49:25.064,1.6441,1.6443,15.20,12.20
2008.01.02 17:49:25.583,1.6441,1.6443,15.20,12.20
2008.01.02 17:49:26.793,1.6441,1.6443,5.40,12.20
2008.01.02 17:49:30.904,1.6441,1.6443,2.20,13.00
2008.01.02 17:49:31.089,1.6441,1.6443,5.30,13.00
2008.01.02 17:49:31.308,1.644,1.6443,23.20,19.60
2008.01.02 17:49:31.526,1.644,1.6443,4.30,19.60
2008.01.02 17:49:31.812,1.644,1.6443,4.10,19.60
2008.01.02 17:49:32.029,1.644,1.6443,1.80,19.60
2008.01.02 17:49:32.335,1.6439,1.6443,60.80,19.60
2008.01.02 17:49:33.200,1.6439,1.6443,60.80,19.60
2008.01.02 17:49:35.574,1.644,1.6443,7.60,19.60
2008.01.02 17:49:35.766,1.644,1.6443,23.20,15.60
2008.01.02 17:49:35.964,1.644,1.6443,39.20,9.00
2008.01.02 17:49:36.157,1.644,1.6443,43.20,9.80
2008.01.02 17:49:36.444,1.6439,1.6443,59.40,17.80
2008.01.02 17:49:36.857,1.6439,1.6443,59.40,17.80
2008.01.02 17:49:37.977,1.644,1.6443,9.30,17.80
2008.01.02 17:49:38.221,1.644,1.6443,6.90,17.80
2008.01.02 17:49:38.379,1.6439,1.6443,59.40,17.80
2008.01.02 17:49:39.032,1.644,1.6443,3.10,19.60
2008.01.02 17:49:40.350,1.6439,1.6443,59.40,19.60
2008.01.02 17:49:40.767,1.6439,1.6443,59.40,19.60
2008.01.02 17:49:42.124,1.6439,1.6443,59.40,19.60
2008.01.02 17:49:42.353,1.6439,1.6442,52.00,4.80
2008.01.02 17:49:42.581,1.6439,1.6442,52.00,8.80
2008.01.02 17:49:42.769,1.6439,1.6442,52.00,8.80
2008.01.02 17:49:42.957,1.644,1.6442,5.10,8.80
2008.01.02 17:49:43.146,1.6439,1.6442,52.00,10.60
2008.01.02 17:49:43.334,1.6439,1.6442,52.00,13.00
2008.01.02 17:49:43.522,1.6439,1.6442,52.00,13.00
2008.01.02 17:49:43.790,1.6439,1.6442,56.00,13.00
2008.01.02 17:49:44.062,1.6439,1.6442,56.00,13.00
2008.01.02 17:49:44.331,1.644,1.6442,6.90,13.00
2008.01.02 17:49:44.735,1.6439,1.6442,56.00,12.20
2008.01.02 17:49:45.003,1.6439,1.6442,56.00,10.40
2008.01.02 17:49:45.251,1.6439,1.6442,57.60,4.00
2008.01.02 17:49:45.500,1.644,1.6442,0.70,4.00
2008.01.02 17:49:48.322,1.644,1.6442,3.50,4.00
2008.01.02 17:49:49.353,1.6439,1.6442,58.40,4.00
2008.01.02 17:49:50.111,1.6439,1.6442,58.40,4.00
2008.01.02 17:49:50.320,1.644,1.6442,7.40,4.00
2008.01.02 17:49:50.554,1.644,1.6442,6.70,4.00
2008.01.02 17:49:50.787,1.64405,1.6442,0.50,4.00
2008.01.02 17:49:51.026,1.644,1.6443,25.30,17.00
2008.01.02 17:49:51.265,1.64405,1.6443,1.60,13.00
2008.01.02 17:49:51.525,1.64405,1.6443,3.10,13.00
2008.01.02 17:49:51.763,1.644,1.6443,25.20,13.00
2008.01.02 17:49:52.022,1.644,1.6443,25.10,17.00
2008.01.02 17:49:52.241,1.644,1.6443,1.00,17.00
2008.01.02 17:49:52.479,1.64395,1.6443,23.70,17.00
2008.01.02 17:49:52.717,1.644,1.6443,27.40,8.00
2008.01.02 17:49:52.950,1.6442,1.6443,0.70,4.00
2008.01.02 17:49:53.184,1.6441,1.6443,6.60,4.00
2008.01.02 17:49:53.417,1.6442,1.6443,2.20,6.40
2008.01.02 17:49:53.650,1.6441,1.6443,22.60,10.40
2008.01.02 17:49:53.909,1.6441,1.6443,1.20,10.60
2008.01.02 17:49:54.190,1.644,1.6443,35.20,13.00
2008.01.02 17:49:54.449,1.6439,1.6443,66.50,17.00
2008.01.02 17:49:54.708,1.644,1.6443,4.70,17.80
2008.01.02 17:49:54.850,1.6439,1.6444,64.50,43.60
2008.01.02 17:49:54.930,1.6439,1.6443,63.70,17.80
2008.01.02 17:49:55.154,1.6439,1.6443,61.10,17.80
2008.01.02 17:49:55.377,1.644,1.6443,2.60,17.80
2008.01.02 17:49:55.600,1.6439,1.6443,61.10,17.80
2008.01.02 17:49:55.859,1.644,1.6443,19.20,17.80
2008.01.02 17:49:56.106,1.644,1.6443,19.20,17.80
2008.01.02 17:49:56.354,1.644,1.6443,19.20,17.80
2008.01.02 17:49:56.601,1.644,1.6443,19.20,17.80
2008.01.02 17:49:56.850,1.644,1.6442,19.20,0.80
2008.01.02 17:49:57.084,1.644,1.6442,19.20,0.80
2008.01.02 17:49:57.312,1.644,1.6442,15.20,11.20
2008.01.02 17:49:57.540,1.644,1.6442,15.20,11.20
2008.01.02 17:49:57.768,1.644,1.6442,15.20,10.40
2008.01.02 17:49:58.042,1.644,1.6442,15.20,10.40
2008.01.02 17:49:58.316,1.644,1.6442,11.20,8.80
2008.01.02 17:49:58.589,1.644,1.6442,11.20,8.80
2008.01.02 17:49:58.874,1.644,1.6442,11.20,8.80
2008.01.02 17:49:59.118,1.644,1.6442,11.20,8.80
2008.01.02 17:49:59.385,1.644,1.6442,11.20,11.20
2008.01.02 17:49:59.627,1.644,1.6442,11.20,11.20
2008.01.02 17:50:00.089,1.644,1.6442,11.20,11.20
2008.01.02 17:50:00.318,1.644,1.6442,11.20,11.20
2008.01.02 17:50:00.750,1.644,1.6442,11.20,10.40
2008.01.02 17:50:00.978,1.6442,1.64425,0.80,0.30
2008.01.02 17:50:01.166,1.6441,1.6442,2.40,10.40
2008.01.02 17:50:01.355,1.6441,1.6442,9.60,4.00
2008.01.02 17:50:01.543,1.6441,1.6443,9.60,22.00
2008.01.02 17:50:01.731,1.6442,1.6443,0.80,8.00
2008.01.02 17:50:01.933,1.6442,1.6443,0.80,8.00
2008.01.02 17:50:02.211,1.6442,1.6443,0.80,10.40
2008.01.02 17:50:02.499,1.6442,1.6443,0.80,6.40
2008.01.02 17:50:02.777,1.6442,1.6443,0.80,6.40
2008.01.02 17:50:03.088,1.6442,1.6443,0.80,6.40
2008.01.02 17:50:03.312,1.6442,1.6443,4.80,6.40
2008.01.02 17:50:03.535,1.6442,1.6443,7.20,4.00
2008.01.02 17:50:04.022,1.6442,1.6443,7.20,4.00
2008.01.02 17:50:04.254,1.6442,1.6443,4.80,6.40
2008.01.02 17:50:04.487,1.6442,1.6443,4.00,6.40
2008.01.02 17:50:04.721,1.6441,1.6443,8.00,13.00
2008.01.02 17:50:04.953,1.6442,1.6443,3.20,17.00
2008.01.02 17:50:05.162,1.6442,1.6443,5.60,14.60
2008.01.02 17:50:05.371,1.64425,1.6443,6.40,0.30
2008.01.02 17:50:05.580,1.64425,1.6443,6.40,0.30
2008.01.02 17:50:05.789,1.6443,1.64445,2.40,1.60
2008.01.02 17:50:05.996,1.6443,1.64445,8.80,1.60
2008.01.02 17:50:06.259,1.6443,1.6445,8.80,21.00
2008.01.02 17:50:06.522,1.6443,1.6445,8.80,17.00
2008.01.02 17:50:07.027,1.6443,1.6445,8.80,17.00
2008.01.02 17:50:07.215,1.6443,1.6444,8.80,1.80
2008.01.02 17:50:07.403,1.6443,1.6444,10.40,9.80
2008.01.02 17:50:07.590,1.6442,1.6443,4.00,4.00
2008.01.02 17:50:07.779,1.6441,1.6443,16.00,8.00
2008.01.02 17:50:07.968,1.6441,1.6443,16.00,8.00
2008.01.02 17:50:08.261,1.6441,1.6443,10.40,10.40
2008.01.02 17:50:08.554,1.6441,1.6443,10.40,10.40
2008.01.02 17:50:08.847,1.644,1.6443,21.80,14.60
2008.01.02 17:50:09.146,1.644,1.6443,21.60,12.00
2008.01.02 17:50:09.339,1.644,1.6443,29.60,4.00
2008.01.02 17:50:09.554,1.644,1.6443,29.60,4.00
2008.01.02 17:50:09.725,1.644,1.6444,31.40,26.60
2008.01.02 17:50:09.919,1.644,1.6444,31.40,10.60
2008.01.02 17:50:10.112,1.644,1.6444,31.40,8.20
2008.01.02 17:50:10.385,1.644,1.6444,29.80,5.80
2008.01.02 17:50:10.658,1.644,1.6444,29.80,1.80
2008.01.02 17:50:12.753,1.644,1.6444,28.00,1.80
2008.01.02 17:50:13.039,1.644,1.6444,28.00,1.80
2008.01.02 17:50:13.252,1.644,1.6444,29.80,1.80
2008.01.02 17:50:13.486,1.644,1.6444,29.80,1.80
2008.01.02 17:50:13.700,1.644,1.6444,29.80,1.80
2008.01.02 17:50:14.699,1.644,1.6444,29.80,14.60
2008.01.02 17:50:14.922,1.644,1.6444,29.80,22.60
2008.01.02 17:50:15.144,1.644,1.64435,29.60,0.30
2008.01.02 17:50:15.358,1.644,1.64435,29.60,0.30
2008.01.02 17:50:15.958,1.644,1.64435,29.60,0.30
2008.01.02 17:50:16.171,1.644,1.64435,29.60,0.30
2008.01.02 17:50:16.582,1.644,1.64435,29.60,0.30
2008.01.02 17:50:17.716,1.644,1.64435,28.00,0.30
2008.01.02 17:50:17.914,1.644,1.6443,28.00,4.00
2008.01.02 17:50:18.112,1.644,1.6443,28.00,4.20
2008.01.02 17:50:18.336,1.644,1.6443,19.20,17.00
2008.01.02 17:50:18.558,1.644,1.6443,19.20,17.00
2008.01.02 17:50:19.054,1.644,1.6443,19.20,17.00
2008.01.02 17:50:19.276,1.644,1.6443,20.00,17.00
2008.01.02 17:50:19.484,1.644,1.6443,20.00,17.00
2008.01.02 17:50:19.715,1.644,1.6443,20.00,17.00
2008.01.02 17:50:19.901,1.644,1.6443,20.00,17.00
2008.01.02 17:50:21.317,1.644,1.6443,20.80,17.00
2008.01.02 17:50:21.349,1.644,1.6443,20.80,17.00
2008.01.02 17:50:21.386,1.644,1.6443,20.80,18.80
2008.01.02 17:50:22.804,1.644,1.6443,20.80,18.80
2008.01.02 17:50:23.476,1.644,1.6443,20.80,17.00
2008.01.02 17:50:23.809,1.644,1.6443,20.80,17.00
2008.01.02 17:50:23.976,1.644,1.6443,20.80,17.00
2008.01.02 17:50:26.023,1.644,1.6443,20.80,17.00
2008.01.02 17:50:26.192,1.644,1.6443,20.80,17.00
2008.01.02 17:50:26.361,1.644,1.6443,20.00,17.00
2008.01.02 17:50:26.554,1.644,1.6443,20.00,17.00
2008.01.02 17:50:26.876,1.644,1.6443,20.00,17.00
2008.01.02 17:50:27.208,1.644,1.6443,20.00,18.80
2008.01.02 17:50:27.541,1.644,1.6443,20.00,18.80
2008.01.02 17:50:27.875,1.644,1.6443,20.00,18.80
2008.01.02 17:50:28.323,1.644,1.6443,20.00,18.80
2008.01.02 17:50:28.839,1.644,1.6443,20.00,18.80
2008.01.02 17:50:29.359,1.644,1.6443,20.00,18.80
2008.01.02 17:50:29.673,1.644,1.6443,20.00,18.80
2008.01.02 17:50:29.986,1.644,1.6443,20.00,18.80
2008.01.02 17:50:30.184,1.644,1.6443,20.00,18.80
2008.01.02 17:50:30.812,1.644,1.6443,20.00,18.80
2008.01.02 17:50:33.091,1.644,1.6443,20.00,18.80
2008.01.02 17:50:36.652,1.644,1.6443,20.80,18.80
2008.01.02 17:50:36.816,1.64405,1.6443,7.20,18.80
2008.01.02 17:50:36.982,1.64405,1.6443,7.20,17.00
2008.01.02 17:50:37.215,1.64405,1.6443,7.20,17.00
2008.01.02 17:50:38.016,1.64405,1.6443,7.20,17.00
2008.01.02 17:50:38.334,1.64405,1.6443,7.20,17.00
2008.01.02 17:50:42.847,1.64405,1.6443,7.20,13.00
2008.01.02 17:50:43.105,1.64405,1.6443,7.20,13.00
2008.01.02 17:50:44.660,1.64405,1.6443,7.20,13.00
2008.01.02 17:50:44.836,1.64405,1.6444,7.20,38.80
2008.01.02 17:50:44.863,1.64405,1.6444,7.20,38.00
2008.01.02 17:50:48.586,1.64405,1.6444,7.20,37.80
2008.01.02 17:50:49.357,1.64405,1.6443,7.20,0.80
2008.01.02 17:50:49.585,1.64405,1.6443,7.20,0.60
2008.01.02 17:50:49.835,1.644,1.6443,28.60,0.70
2008.01.02 17:50:50.063,1.644,1.6444,24.60,37.80
2008.01.02 17:50:50.313,1.644,1.6444,24.60,37.80
2008.01.02 17:50:51.215,1.644,1.6443,32.60,0.80
2008.01.02 17:50:51.470,1.64405,1.6443,7.20,0.70
2008.01.02 17:50:52.579,1.64405,1.6443,7.20,0.60
2008.01.02 17:50:55.227,1.644,1.6444,36.60,37.80
2008.01.02 17:50:55.374,1.644,1.6444,24.60,37.80
2008.01.02 17:50:55.687,1.644,1.6443,24.60,0.50
2008.01.02 17:50:58.903,1.644,1.6443,24.60,0.50
2008.01.02 17:50:59.244,1.644,1.6444,32.60,37.80
2008.01.02 17:50:59.438,1.64405,1.6443,7.20,0.60
2008.01.02 17:50:59.666,1.64405,1.6444,7.20,37.80
2008.01.02 17:51:00.060,1.64405,1.6444,7.20,37.80
2008.01.02 17:51:01.261,1.64405,1.6444,7.20,36.80
2008.01.02 17:51:01.475,1.644,1.6443,28.60,0.50
2008.01.02 17:51:01.688,1.644,1.6443,24.60,0.60
2008.01.02 17:51:01.901,1.64405,1.6443,7.20,0.70
2008.01.02 17:51:02.114,1.64405,1.6444,7.20,36.00
2008.01.02 17:51:03.060,1.64405,1.6444,7.20,36.00
2008.01.02 17:51:03.349,1.64405,1.6443,7.20,0.60
2008.01.02 17:51:03.637,1.64405,1.6444,7.20,36.00
2008.01.02 17:51:03.855,1.64405,1.6443,7.20,0.80
2008.01.02 17:51:04.105,1.64405,1.6443,7.20,0.90
2008.01.02 17:51:04.324,1.6441,1.6443,6.60,0.90
2008.01.02 17:51:04.659,1.6441,1.64435,6.60,6.70
2008.01.02 17:51:04.917,1.6441,1.64435,13.80,6.70
2008.01.02 17:51:05.175,1.6441,1.64435,16.20,6.70
2008.01.02 17:51:05.448,1.6441,1.6443,18.60,0.50
2008.01.02 17:51:05.707,1.64425,1.6443,7.20,0.80
2008.01.02 17:51:05.977,1.6442,1.6444,11.60,9.90
2008.01.02 17:51:06.225,1.6442,1.6444,11.60,9.90
2008.01.02 17:51:06.645,1.6442,1.6444,7.60,9.90
2008.01.02 17:51:06.875,1.6442,1.6443,0.40,0.60
2008.01.02 17:51:07.103,1.6441,1.6443,17.20,0.50
2008.01.02 17:51:07.332,1.6441,1.64435,10.00,4.30
2008.01.02 17:51:07.559,1.6441,1.6445,10.00,27.70
2008.01.02 17:51:07.808,1.6441,1.6445,29.30,30.90
2008.01.02 17:51:08.055,1.6441,1.64445,35.30,0.30
2008.01.02 17:51:08.304,1.6441,1.6445,36.60,26.90
2008.01.02 17:51:08.617,1.6441,1.6445,36.60,26.90
2008.01.02 17:51:08.855,1.6441,1.6445,36.60,26.90
2008.01.02 17:51:09.094,1.6441,1.64445,36.70,0.30
2008.01.02 17:51:09.658,1.6441,1.64445,36.70,0.30
2008.01.02 17:51:10.141,1.6441,1.64445,36.70,0.30
2008.01.02 17:51:10.340,1.6441,1.6445,36.20,27.70
2008.01.02 17:51:10.668,1.6441,1.6445,35.40,25.90
2008.01.02 17:51:10.941,1.6441,1.6444,27.40,0.80
2008.01.02 17:51:11.214,1.6441,1.6445,19.20,31.40
2008.01.02 17:51:11.488,1.6441,1.6444,19.20,0.80
2008.01.02 17:51:12.270,1.6441,1.6444,19.20,0.50
2008.01.02 17:51:14.108,1.6441,1.64435,19.20,0.30
2008.01.02 17:51:14.302,1.6441,1.64435,19.20,0.30
2008.01.02 17:51:14.495,1.6441,1.64435,19.20,0.30
2008.01.02 17:51:15.358,1.6441,1.64435,19.20,0.30
2008.01.02 17:51:15.695,1.6441,1.64435,8.00,0.30
2008.01.02 17:51:15.977,1.644,1.64435,34.90,0.30
2008.01.02 17:51:16.171,1.644,1.64435,34.80,0.30
2008.01.02 17:51:16.363,1.644,1.64435,30.70,0.30
2008.01.02 17:51:16.814,1.644,1.64435,30.70,0.30
2008.01.02 17:51:17.210,1.644,1.64435,30.60,0.30
2008.01.02 17:51:17.443,1.644,1.64435,30.50,0.30
2008.01.02 17:51:18.161,1.644,1.64435,29.70,0.30
2008.01.02 17:51:18.410,1.644,1.64435,29.70,0.30
2008.01.02 17:51:18.659,1.644,1.64435,29.60,0.30
2008.01.02 17:51:18.907,1.644,1.6443,21.60,14.60
2008.01.02 17:51:19.150,1.644,1.6443,20.00,19.60
2008.01.02 17:51:19.393,1.644,1.6443,20.00,19.60
2008.01.02 17:51:19.871,1.644,1.6443,20.00,19.60
2008.01.02 17:51:20.134,1.644,1.6443,20.00,19.60
2008.01.02 17:51:20.809,1.644,1.6443,20.00,19.60
2008.01.02 17:51:21.537,1.644,1.6443,20.00,19.60
2008.01.02 17:51:21.789,1.644,1.6443,20.00,18.80
2008.01.02 17:51:22.042,1.644,1.6443,20.00,18.80
2008.01.02 17:51:22.280,1.644,1.6443,21.60,9.80
2008.01.02 17:51:22.495,1.644,1.6443,29.60,1.80
2008.01.02 17:51:22.708,1.644,1.6443,29.60,1.80
2008.01.02 17:51:23.480,1.644,1.6443,29.60,1.80
2008.01.02 17:51:23.723,1.644,1.6443,30.40,1.80
2008.01.02 17:51:23.967,1.64405,1.6443,7.20,1.80
2008.01.02 17:51:24.425,1.64405,1.6443,7.20,1.80
2008.01.02 17:51:24.658,1.64405,1.6443,7.20,1.80
2008.01.02 17:51:24.891,1.644,1.6443,29.60,1.80
2008.01.02 17:51:25.124,1.644,1.6443,29.60,1.80
2008.01.02 17:51:25.357,1.644,1.6443,29.60,1.80
2008.01.02 17:51:29.620,1.644,1.6443,29.60,1.80
2008.01.02 17:51:30.227,1.644,1.6443,29.60,1.80
2008.01.02 17:51:30.500,1.644,1.6443,29.60,1.80
2008.01.02 17:51:32.119,1.644,1.64435,29.60,0.30
2008.01.02 17:51:32.327,1.644,1.64435,29.60,0.30
2008.01.02 17:51:32.646,1.644,1.64435,30.40,0.30
2008.01.02 17:51:32.885,1.64405,1.64435,7.20,0.30
2008.01.02 17:51:33.124,1.6441,1.6444,0.80,13.80
2008.01.02 17:51:33.363,1.6441,1.6444,4.80,5.80
2008.01.02 17:51:33.602,1.6441,1.6444,4.80,1.80
2008.01.02 17:51:33.881,1.6441,1.6444,25.60,1.80
2008.01.02 17:51:34.160,1.6441,1.6444,28.00,1.80
2008.01.02 17:51:34.439,1.6441,1.6444,29.60,1.80
2008.01.02 17:51:34.719,1.6441,1.6444,25.60,1.80
2008.01.02 17:51:34.927,1.64405,1.6444,7.20,1.80
2008.01.02 17:51:35.258,1.64405,1.6444,7.20,1.80
2008.01.02 17:51:35.829,1.64405,1.6444,7.20,1.80
2008.01.02 17:51:37.917,1.64405,1.6444,7.20,1.80
2008.01.02 17:51:38.447,1.64405,1.6444,7.20,1.80
2008.01.02 17:51:38.817,1.64405,1.6444,7.20,1.80
2008.01.02 17:51:39.100,1.64405,1.6444,7.20,2.60
2008.01.02 17:51:39.313,1.644,1.6444,32.00,18.60
2008.01.02 17:51:39.525,1.644,1.6444,32.00,18.60
2008.01.02 17:51:39.738,1.644,1.64435,30.40,0.30
2008.01.02 17:51:40.011,1.644,1.64435,30.40,0.30
2008.01.02 17:51:40.284,1.644,1.6443,30.40,1.80
2008.01.02 17:51:41.265,1.644,1.6443,30.40,1.80
2008.01.02 17:51:41.981,1.644,1.64435,30.40,2.10
2008.01.02 17:51:43.704,1.644,1.6443,30.40,0.70
2008.01.02 17:51:43.972,1.644,1.6443,30.40,0.80
2008.01.02 17:51:44.139,1.644,1.64435,29.60,2.10
2008.01.02 17:51:44.288,1.644,1.6443,29.60,0.50
2008.01.02 17:51:44.438,1.644,1.64435,29.60,2.10
2008.01.02 17:51:45.170,1.644,1.64435,29.60,2.10
2008.01.02 17:51:45.704,1.644,1.6443,30.40,0.60
2008.01.02 17:51:45.999,1.644,1.6443,30.40,0.90
2008.01.02 17:51:46.404,1.644,1.6443,30.40,0.90
2008.01.02 17:51:49.193,1.644,1.64435,30.40,2.10
2008.01.02 17:51:49.703,1.644,1.64435,29.60,2.10
2008.01.02 17:51:49.947,1.644,1.6443,29.60,0.50
2008.01.02 17:51:50.236,1.644,1.64435,29.60,2.10
2008.01.02 17:51:52.193,1.644,1.64435,29.60,2.10
2008.01.02 17:51:52.397,1.644,1.64435,33.60,2.10
2008.01.02 17:51:52.603,1.644,1.6443,33.60,0.60
2008.01.02 17:51:59.019,1.644,1.64435,33.60,2.10
2008.01.02 17:51:59.434,1.644,1.64435,33.60,2.10
2008.01.02 17:51:59.746,1.644,1.64435,33.60,2.10
2008.01.02 17:52:00.468,1.644,1.6443,33.60,0.90
2008.01.02 17:52:02.765,1.644,1.64435,34.40,2.10
2008.01.02 17:52:02.979,1.644,1.64435,33.60,2.10
2008.01.02 17:52:03.214,1.644,1.64435,33.60,2.10
2008.01.02 17:52:03.428,1.644,1.64435,34.40,0.30
2008.01.02 17:52:03.685,1.644,1.64435,34.40,0.30
2008.01.02 17:52:03.944,1.644,1.6444,34.40,27.70
2008.01.02 17:52:04.204,1.644,1.6443,34.40,0.60
2008.01.02 17:52:05.028,1.644,1.6443,35.20,0.70
2008.01.02 17:52:05.281,1.644,1.6443,43.20,0.50
2008.01.02 17:52:06.262,1.644,1.64435,43.20,2.10
2008.01.02 17:52:10.547,1.644,1.6443,43.20,2.00
2008.01.02 17:52:11.674,1.644,1.6443,43.20,2.00
2008.01.02 17:52:11.882,1.644,1.6443,42.40,2.00
2008.01.02 17:52:12.091,1.644,1.6443,42.40,2.00
2008.01.02 17:52:12.301,1.644,1.6443,43.20,1.80
2008.01.02 17:52:12.522,1.644,1.6443,43.20,1.80
2008.01.02 17:52:12.790,1.644,1.64435,43.20,0.30
2008.01.02 17:52:13.059,1.644,1.64435,43.20,0.30
2008.01.02 17:52:13.327,1.644,1.64435,43.20,0.30
2008.01.02 17:52:14.008,1.644,1.64435,43.20,0.30
2008.01.02 17:52:14.971,1.644,1.6443,43.20,1.60
2008.01.02 17:52:15.200,1.644,1.6442,28.80,2.40
2008.01.02 17:52:15.428,1.644,1.6442,28.80,10.40
2008.01.02 17:52:15.657,1.644,1.6442,28.80,10.40
2008.01.02 17:52:16.181,1.644,1.6442,28.80,10.40
2008.01.02 17:52:16.489,1.644,1.6442,28.80,10.40
2008.01.02 17:52:21.182,1.644,1.6442,28.80,10.40
2008.01.02 17:52:22.210,1.644,1.6442,28.80,10.40
2008.01.02 17:52:23.234,1.644,1.6442,28.80,10.40
2008.01.02 17:52:25.176,1.644,1.6442,28.80,0.60
2008.01.02 17:52:25.517,1.644,1.64425,28.80,10.70
2008.01.02 17:52:28.201,1.644,1.6442,28.80,0.90
2008.01.02 17:52:30.167,1.644,1.64425,28.80,10.70
2008.01.02 17:52:42.153,1.644,1.6442,28.80,0.90
2008.01.02 17:52:43.194,1.644,1.6442,28.80,0.90
2008.01.02 17:52:48.202,1.644,1.6443,8.00,0.80
2008.01.02 17:52:48.513,1.644,1.6445,8.00,8.80
2008.01.02 17:52:50.009,1.644,1.6445,8.00,8.80
2008.01.02 17:52:50.439,1.644,1.6443,8.00,0.60
2008.01.02 17:52:50.767,1.644,1.6444,8.00,4.80
2008.01.02 17:52:50.949,1.644,1.6444,8.00,4.80
2008.01.02 17:52:51.248,1.644,1.6444,8.00,4.80
2008.01.02 17:52:51.546,1.644,1.6445,8.00,8.80
2008.01.02 17:52:54.253,1.644,1.64445,8.00,4.80
2008.01.02 17:52:54.505,1.644,1.6443,8.00,0.90
2008.01.02 17:52:55.703,1.644,1.6444,8.00,4.80
2008.01.02 17:52:56.239,1.644,1.6444,8.00,4.80
2008.01.02 17:53:15.316,1.644,1.6442,10.40,2.40
2008.01.02 17:53:20.627,1.644,1.6442,10.40,2.40
2008.01.02 17:53:24.951,1.644,1.6442,10.40,2.40
2008.01.02 17:53:25.151,1.644,1.6442,10.40,2.40
2008.01.02 17:53:26.171,1.644,1.6442,10.40,2.40
2008.01.02 17:53:26.483,1.644,1.6442,10.40,2.40
2008.01.02 17:53:27.255,1.644,1.6442,10.40,2.40
2008.01.02 17:53:27.446,1.644,1.6442,14.40,2.40
2008.01.02 17:53:27.985,1.644,1.6442,15.20,2.40
2008.01.02 17:53:28.209,1.644,1.6442,16.00,2.40
2008.01.02 17:53:29.204,1.644,1.6442,16.00,2.40
2008.01.02 17:53:32.873,1.644,1.6442,15.20,2.40
2008.01.02 17:53:33.028,1.644,1.6442,14.40,2.40
2008.01.02 17:53:34.008,1.644,1.6442,14.40,2.40
2008.01.02 17:53:35.744,1.644,1.6442,14.40,2.40
2008.01.02 17:53:39.193,1.644,1.6442,14.40,2.40
2008.01.02 17:53:39.909,1.644,1.6442,14.40,2.40
2008.01.02 17:53:40.343,1.644,1.6442,4.30,2.40
2008.01.02 17:53:45.742,1.644,1.6442,14.40,2.40
2008.01.02 17:53:45.970,1.644,1.6442,14.40,2.40
2008.01.02 17:53:46.261,1.644,1.6442,14.40,2.40
2008.01.02 17:53:47.186,1.644,1.6442,14.40,2.40
2008.01.02 17:53:47.495,1.644,1.6442,14.40,2.40
2008.01.02 17:53:50.487,1.644,1.6442,14.40,2.40
2008.01.02 17:53:52.680,1.644,1.6442,14.40,2.40
2008.01.02 17:53:52.989,1.644,1.6442,14.40,4.20
2008.01.02 17:53:53.181,1.644,1.6442,14.40,4.20
2008.01.02 17:53:53.394,1.644,1.6442,14.40,4.20
2008.01.02 17:53:54.225,1.644,1.6442,14.40,4.20
2008.01.02 17:53:56.380,1.644,1.6442,14.40,4.20
2008.01.02 17:53:56.563,1.644,1.6442,14.40,4.20
2008.01.02 17:53:58.491,1.644,1.6442,14.40,4.20
2008.01.02 17:53:59.229,1.644,1.6442,14.40,4.20
2008.01.02 17:54:00.677,1.644,1.6442,24.80,8.20
2008.01.02 17:54:00.860,1.644,1.6442,24.80,9.00
2008.01.02 17:54:01.174,1.644,1.6442,24.80,9.00
2008.01.02 17:54:02.386,1.644,1.6442,9.30,9.00
2008.01.02 17:54:06.139,1.644,1.6442,24.80,9.00
2008.01.02 17:54:08.850,1.644,1.6442,24.80,8.20
2008.01.02 17:54:18.107,1.644,1.6442,24.80,9.00
2008.01.02 17:54:18.302,1.644,1.6441,16.80,4.00
2008.01.02 17:54:18.502,1.644,1.6441,4.80,4.00
2008.01.02 17:54:19.205,1.644,1.6441,4.80,4.00
2008.01.02 17:54:19.404,1.644,1.6441,16.80,4.00
2008.01.02 17:54:19.626,1.644,1.6441,24.80,4.00
2008.01.02 17:54:19.849,1.644,1.6442,24.80,8.20
2008.01.02 17:54:20.073,1.644,1.6442,24.80,8.20
2008.01.02 17:54:20.449,1.644,1.6442,24.80,8.20
2008.01.02 17:54:22.719,1.644,1.6442,28.80,8.20
2008.01.02 17:54:22.876,1.644,1.6442,28.80,8.20
2008.01.02 17:54:27.173,1.644,1.6442,28.80,8.20
2008.01.02 17:54:27.486,1.644,1.6442,28.80,8.20
2008.01.02 17:54:28.179,1.644,1.6442,28.80,8.20
2008.01.02 17:54:35.221,1.644,1.6442,28.80,8.20
2008.01.02 17:54:36.046,1.644,1.6442,28.80,8.20
2008.01.02 17:54:37.656,1.6441,1.6442,4.00,4.20
2008.01.02 17:54:37.874,1.6441,1.6442,4.00,2.40
2008.01.02 17:54:38.093,1.6441,1.6442,4.00,2.40
2008.01.02 17:54:38.311,1.6441,1.6442,4.00,2.40
2008.01.02 17:54:39.217,1.6441,1.6442,4.00,2.40
2008.01.02 17:54:40.204,1.6441,1.6442,4.00,4.20
2008.01.02 17:54:40.357,1.6441,1.6442,4.00,2.40
2008.01.02 17:54:40.510,1.6441,1.6442,4.00,2.40
2008.01.02 17:54:40.728,1.6441,1.6442,4.00,2.40
2008.01.02 17:54:40.991,1.6441,1.6442,4.00,4.20
2008.01.02 17:54:41.254,1.64405,1.6442,8.00,8.20
2008.01.02 17:54:41.518,1.644,1.6442,28.80,8.20
2008.01.02 17:54:41.781,1.644,1.6442,28.80,8.20
2008.01.02 17:54:42.002,1.644,1.6442,28.80,8.20
2008.01.02 17:54:42.183,1.644,1.6442,28.80,8.20
2008.01.02 17:54:42.708,1.644,1.6442,28.80,8.20
2008.01.02 17:54:43.039,1.644,1.6442,28.80,8.20
2008.01.02 17:54:43.270,1.644,1.6442,28.80,8.20
2008.01.02 17:54:43.522,1.644,1.6442,28.80,8.20
2008.01.02 17:54:44.158,1.644,1.6442,28.80,8.20
2008.01.02 17:54:50.463,1.644,1.6442,28.80,8.20
2008.01.02 17:54:51.489,1.6439,1.6442,59.20,8.20
2008.01.02 17:54:57.991,1.6439,1.6442,59.20,8.20
2008.01.02 17:54:58.600,1.6439,1.6442,59.20,8.20
2008.01.02 17:55:07.781,1.644,1.6442,10.30,8.20
2008.01.02 17:55:07.989,1.644,1.6442,4.90,8.20
2008.01.02 17:55:14.934,1.644,1.64425,2.40,4.00
2008.01.02 17:55:15.228,1.644,1.64425,0.60,4.00
2008.01.02 17:55:15.438,1.6439,1.64425,12.00,4.00
2008.01.02 17:55:17.673,1.6439,1.6442,32.80,4.00
2008.01.02 17:55:17.991,1.6439,1.6442,32.80,4.00
2008.01.02 17:55:19.885,1.644,1.6442,18.40,4.00
2008.01.02 17:55:20.014,1.644,1.6442,18.40,4.00
2008.01.02 17:55:20.141,1.644,1.6442,20.80,12.20
2008.01.02 17:55:20.498,1.644,1.6442,20.80,12.20
2008.01.02 17:55:21.732,1.644,1.6442,24.80,12.20
2008.01.02 17:55:21.925,1.644,1.6442,28.80,8.20
2008.01.02 17:55:22.023,1.644,1.6442,28.80,8.20
2008.01.02 17:55:23.908,1.644,1.6442,28.80,8.20
2008.01.02 17:55:24.686,1.644,1.6442,24.80,8.20
2008.01.02 17:55:24.924,1.644,1.6442,20.80,12.20
2008.01.02 17:55:25.161,1.644,1.6442,20.80,12.20
2008.01.02 17:55:25.460,1.644,1.6442,20.80,12.20
2008.01.02 17:55:26.085,1.644,1.6442,20.80,12.40
2008.01.02 17:55:26.303,1.644,1.6441,8.00,6.40
2008.01.02 17:55:26.523,1.64395,1.6441,16.00,6.40
2008.01.02 17:55:26.774,1.64395,1.6441,16.40,6.40
2008.01.02 17:55:26.957,1.64395,1.6441,16.80,6.40
2008.01.02 17:55:27.223,1.64395,1.6441,16.80,6.40
2008.01.02 17:55:33.121,1.64395,1.6441,16.80,6.40
2008.01.02 17:55:33.280,1.644,1.6442,12.80,12.20
2008.01.02 17:55:33.438,1.644,1.6442,20.80,12.20
2008.01.02 17:55:34.227,1.644,1.6442,20.80,12.20
2008.01.02 17:55:36.753,1.644,1.6442,20.80,12.20
2008.01.02 17:55:39.230,1.644,1.6442,24.80,12.20
2008.01.02 17:55:39.424,1.644,1.6442,24.80,12.20
2008.01.02 17:55:39.618,1.644,1.6442,28.80,8.20
2008.01.02 17:55:44.742,1.644,1.6442,28.80,8.20
2008.01.02 17:55:44.974,1.644,1.6442,28.80,8.20
2008.01.02 17:55:45.238,1.644,1.6442,28.80,8.20
2008.01.02 17:55:48.174,1.644,1.6442,28.80,8.20
2008.01.02 17:55:48.617,1.6439,1.6442,59.20,8.20
2008.01.02 17:55:50.455,1.644,1.6442,28.80,8.20
2008.01.02 17:55:54.199,1.644,1.6442,28.80,8.20
2008.01.02 17:55:55.230,1.644,1.6442,28.80,8.20
2008.01.02 17:55:57.176,1.644,1.6442,28.80,8.20
2008.01.02 17:55:57.491,1.644,1.6442,28.80,8.20
2008.01.02 17:55:57.945,1.644,1.6442,28.80,6.40
2008.01.02 17:56:02.166,1.644,1.6442,28.80,6.40
2008.01.02 17:56:18.073,1.644,1.6442,14.40,2.40
2008.01.02 17:56:20.446,1.644,1.6442,14.40,2.40
2008.01.02 17:56:20.655,1.644,1.6442,14.40,2.60
2008.01.02 17:56:21.166,1.644,1.6442,14.40,2.60
2008.01.02 17:56:21.425,1.644,1.6442,29.60,2.60
2008.01.02 17:56:21.683,1.644,1.6442,29.60,6.60
2008.01.02 17:56:21.964,1.644,1.6442,28.80,6.60
2008.01.02 17:56:22.168,1.644,1.6442,28.80,8.40
2008.01.02 17:56:22.370,1.644,1.6442,28.80,8.40
2008.01.02 17:56:22.721,1.644,1.6442,28.80,8.40
2008.01.02 17:56:22.923,1.644,1.6442,28.80,6.60
2008.01.02 17:56:23.167,1.644,1.6442,28.80,6.60
2008.01.02 17:56:24.305,1.644,1.6442,28.80,6.60
2008.01.02 17:56:24.539,1.644,1.6442,28.80,6.60
2008.01.02 17:56:24.737,1.644,1.6442,28.80,6.60
2008.01.02 17:56:24.934,1.644,1.6442,28.80,6.60
2008.01.02 17:56:27.499,1.644,1.6442,28.80,6.60
2008.01.02 17:56:29.703,1.6439,1.6442,57.60,6.60
2008.01.02 17:56:31.043,1.644,1.6442,6.40,6.60
2008.01.02 17:56:31.461,1.644,1.6442,0.50,6.60
2008.01.02 17:56:32.177,1.6439,1.6442,57.60,6.60
2008.01.02 17:56:38.080,1.644,1.6441,14.30,0.30
2008.01.02 17:56:38.273,1.6439,1.6441,12.80,0.30
2008.01.02 17:56:38.467,1.6439,1.6441,12.00,0.30
2008.01.02 17:56:38.660,1.64385,1.6441,20.00,0.30
2008.01.02 17:56:39.041,1.6439,1.6441,1.30,0.30
2008.01.02 17:56:39.237,1.64385,1.6441,20.00,0.30
2008.01.02 17:56:39.730,1.64385,1.6441,20.00,0.30
2008.01.02 17:56:40.249,1.6439,1.6441,1.90,0.30
2008.01.02 17:56:43.173,1.64385,1.6441,21.60,0.30
2008.01.02 17:56:43.346,1.64385,1.6441,21.60,0.30
2008.01.02 17:56:43.520,1.64385,1.6441,20.80,0.30
2008.01.02 17:56:43.714,1.6439,1.64415,16.80,0.30
2008.01.02 17:56:43.887,1.64395,1.64415,4.30,0.30
2008.01.02 17:56:44.060,1.64395,1.64415,20.00,0.30
2008.01.02 17:56:44.368,1.644,1.64415,1.10,0.30
2008.01.02 17:56:44.677,1.64395,1.64415,20.00,0.30
2008.01.02 17:56:45.161,1.64395,1.64415,20.00,0.30
2008.01.02 17:56:50.022,1.64395,1.64415,20.00,0.30
2008.01.02 17:56:50.263,1.644,1.64415,1.70,0.30
2008.01.02 17:56:50.444,1.644,1.64415,1.40,0.30
2008.01.02 17:56:50.790,1.64395,1.64415,20.00,0.30
2008.01.02 17:56:50.964,1.644,1.64415,1.60,0.30
2008.01.02 17:56:55.324,1.644,1.64415,2.80,0.30
2008.01.02 17:56:55.641,1.644,1.64415,2.90,0.30
2008.01.02 17:56:55.988,1.64395,1.64415,25.30,0.30
2008.01.02 17:56:56.178,1.644,1.6442,2.70,5.00
2008.01.02 17:56:56.366,1.64405,1.6442,4.20,2.60
2008.01.02 17:56:56.554,1.64405,1.6442,6.40,2.60
2008.01.02 17:56:56.863,1.64405,1.64415,1.00,0.30
2008.01.02 17:56:57.195,1.644,1.64415,28.00,0.30
2008.01.02 17:56:57.479,1.644,1.64415,28.00,0.30
2008.01.02 17:56:58.186,1.64405,1.64415,8.00,0.30
2008.01.02 17:56:58.406,1.64405,1.64415,8.00,0.30
2008.01.02 17:56:58.624,1.644,1.64415,4.00,0.30
2008.01.02 17:56:58.867,1.644,1.64415,4.00,0.30
2008.01.02 17:56:59.754,1.644,1.64415,4.00,0.30
2008.01.02 17:57:00.769,1.644,1.64415,4.00,0.30
2008.01.02 17:57:03.187,1.644,1.6442,4.00,9.10
2008.01.02 17:57:04.549,1.644,1.6442,4.00,9.10
2008.01.02 17:57:06.285,1.644,1.64415,4.00,0.30
2008.01.02 17:57:10.755,1.644,1.6442,4.00,9.10
2008.01.02 17:57:11.282,1.644,1.6442,4.00,9.10
2008.01.02 17:57:16.217,1.644,1.6442,4.00,9.10
2008.01.02 17:57:17.187,1.644,1.6442,4.00,9.10
2008.01.02 17:57:19.454,1.644,1.64415,4.00,0.30
2008.01.02 17:57:20.699,1.644,1.6442,4.00,9.10
2008.01.02 17:57:22.151,1.644,1.64415,8.00,0.30
2008.01.02 17:57:22.384,1.64405,1.6442,8.00,5.10
2008.01.02 17:57:22.618,1.64405,1.6442,16.00,5.10
2008.01.02 17:57:22.790,1.644,1.6442,4.00,9.10
2008.01.02 17:57:24.039,1.644,1.6442,4.00,9.10
2008.01.02 17:57:25.261,1.644,1.64415,4.00,0.30
2008.01.02 17:57:26.185,1.644,1.6442,4.00,9.10
2008.01.02 17:57:27.201,1.644,1.64415,4.30,0.30
2008.01.02 17:57:27.365,1.644,1.6442,8.30,9.10
2008.01.02 17:57:27.528,1.64405,1.6442,16.00,5.10
2008.01.02 17:57:27.776,1.64405,1.64415,16.00,0.30
2008.01.02 17:57:29.831,1.64405,1.64415,16.00,0.30
2008.01.02 17:57:30.013,1.64405,1.64415,16.00,0.30
2008.01.02 17:57:30.196,1.64405,1.6442,16.00,5.00
2008.01.02 17:57:30.379,1.6441,1.6442,12.00,2.60
2008.01.02 17:57:30.563,1.6441,1.6442,22.40,0.30
2008.01.02 17:57:30.821,1.6441,1.6442,8.00,2.60
2008.01.02 17:57:30.859,1.6441,1.6443,8.00,28.20
2008.01.02 17:57:31.080,1.64405,1.6442,16.00,0.90
2008.01.02 17:57:31.339,1.64405,1.6442,16.00,0.60
2008.01.02 17:57:31.597,1.64405,1.6443,16.00,28.20
2008.01.02 17:57:32.229,1.64405,1.6443,16.00,28.20
2008.01.02 17:57:33.111,1.64405,1.6443,16.00,30.00
2008.01.02 17:57:33.274,1.64405,1.6442,16.00,0.80
2008.01.02 17:57:33.438,1.64405,1.6442,16.00,0.80
2008.01.02 17:57:33.602,1.64405,1.6442,16.00,2.70
2008.01.02 17:57:33.764,1.64405,1.6442,8.00,13.10
2008.01.02 17:57:34.018,1.6439,1.64415,32.80,0.30
2008.01.02 17:57:34.272,1.6439,1.6441,8.00,0.30
2008.01.02 17:57:34.527,1.6438,1.6442,49.00,21.90
2008.01.02 17:57:34.780,1.6438,1.6442,43.40,21.90
2008.01.02 17:57:35.013,1.6438,1.6442,43.40,23.70
2008.01.02 17:57:35.246,1.6438,1.6441,43.40,0.30
2008.01.02 17:57:35.478,1.6438,1.6441,42.60,0.30
2008.01.02 17:57:35.732,1.6438,1.64425,13.80,27.60
2008.01.02 17:57:35.970,1.6438,1.6442,1.80,0.80
2008.01.02 17:57:36.272,1.6438,1.64425,1.80,27.60
2008.01.02 17:57:36.960,1.6437,1.64425,47.90,27.60
2008.01.02 17:57:37.138,1.6437,1.6442,47.80,25.20
2008.01.02 17:57:37.327,1.6437,1.6442,47.80,29.20
2008.01.02 17:57:37.515,1.6437,1.6442,47.80,41.20
2008.01.02 17:57:37.703,1.6437,1.644,47.80,0.30
2008.01.02 17:57:37.892,1.6437,1.6441,47.80,17.10
2008.01.02 17:57:38.154,1.6437,1.6441,43.80,21.30
2008.01.02 17:57:38.417,1.6437,1.6441,43.80,23.70
2008.01.02 17:57:38.681,1.6437,1.644,43.80,0.30
2008.01.02 17:57:38.944,1.6437,1.644,43.80,0.30
2008.01.02 17:57:39.111,1.6437,1.644,43.80,0.30
2008.01.02 17:57:39.280,1.6437,1.6441,43.80,23.70
2008.01.02 17:57:40.176,1.6437,1.6441,44.60,22.90
2008.01.02 17:57:40.405,1.6437,1.6441,46.20,22.90
2008.01.02 17:57:40.633,1.6437,1.644,46.20,0.30
2008.01.02 17:57:40.861,1.6437,1.6442,46.20,0.50
2008.01.02 17:57:41.094,1.6437,1.64425,46.20,31.60
2008.01.02 17:57:41.327,1.6438,1.6442,0.40,0.80
2008.01.02 17:57:41.560,1.6438,1.64425,0.40,27.60
2008.01.02 17:57:41.993,1.6438,1.6443,0.40,60.80
2008.01.02 17:57:42.209,1.6438,1.6443,2.10,60.80
2008.01.02 17:57:42.443,1.6438,1.6443,2.90,60.80
2008.01.02 17:57:42.662,1.6438,1.6442,3.70,26.90
2008.01.02 17:57:42.880,1.6438,1.6442,32.20,26.90
2008.01.02 17:57:43.099,1.6438,1.6442,39.60,21.90
2008.01.02 17:57:43.361,1.6438,1.6442,43.40,21.90
2008.01.02 17:57:43.625,1.6438,1.6441,44.20,0.30
2008.01.02 17:57:43.889,1.6438,1.6442,43.40,21.90
2008.01.02 17:57:44.153,1.6438,1.6442,43.40,23.70
2008.01.02 17:57:44.916,1.6438,1.6441,43.40,0.30
2008.01.02 17:57:45.172,1.6439,1.6441,0.20,0.30
2008.01.02 17:57:47.330,1.6438,1.6441,43.40,0.30
2008.01.02 17:57:49.022,1.6438,1.6442,43.40,23.70
2008.01.02 17:57:49.244,1.6438,1.6441,37.80,0.30
2008.01.02 17:57:49.477,1.6438,1.6441,33.80,0.30
2008.01.02 17:57:49.711,1.6438,1.6442,17.80,0.60
2008.01.02 17:57:49.944,1.6438,1.6442,1.80,0.70
2008.01.02 17:57:50.270,1.6438,1.64425,1.80,27.60
2008.01.02 17:57:50.969,1.6437,1.64425,43.90,27.60
2008.01.02 17:57:51.251,1.6437,1.64425,43.90,27.60
2008.01.02 17:57:52.680,1.6438,1.6442,4.00,0.90
2008.01.02 17:57:52.890,1.6438,1.6442,37.30,0.90
2008.01.02 17:57:53.097,1.6438,1.64425,36.80,27.60
2008.01.02 17:57:53.306,1.6438,1.6442,32.00,23.70
2008.01.02 17:57:53.588,1.6438,1.6442,32.00,23.70
2008.01.02 17:57:53.871,1.6437,1.6442,46.60,0.50
2008.01.02 17:57:54.154,1.6437,1.64425,46.60,27.60
2008.01.02 17:57:54.438,1.6437,1.64425,45.00,27.60
2008.01.02 17:57:54.762,1.6437,1.6442,45.00,0.60
2008.01.02 17:57:54.980,1.6437,1.64425,43.40,27.60
2008.01.02 17:57:55.272,1.6437,1.64425,43.40,27.60
2008.01.02 17:57:55.477,1.6437,1.64425,47.40,27.60
2008.01.02 17:57:55.687,1.6437,1.64425,47.40,27.60
2008.01.02 17:58:02.050,1.6438,1.6442,0.20,23.60
2008.01.02 17:58:02.634,1.6438,1.6442,0.20,23.60
2008.01.02 17:58:02.947,1.644,1.6442,28.80,9.20
2008.01.02 17:58:03.288,1.644,1.6442,26.40,11.60
2008.01.02 17:58:03.765,1.644,1.6442,26.40,11.60
2008.01.02 17:58:04.288,1.644,1.6442,26.40,11.60
2008.01.02 17:58:05.667,1.644,1.6442,26.40,11.60
2008.01.02 17:58:05.827,1.644,1.6441,4.00,0.30
2008.01.02 17:58:05.985,1.644,1.6441,4.00,0.30
2008.01.02 17:58:06.143,1.6438,1.6441,46.80,0.30
2008.01.02 17:58:06.301,1.6438,1.6441,45.20,0.30
2008.01.02 17:58:06.827,1.6438,1.6441,43.60,0.30
2008.01.02 17:58:07.100,1.6438,1.6441,43.50,0.30
2008.01.02 17:58:07.453,1.6438,1.6441,43.40,0.30
2008.01.02 17:58:07.972,1.6438,1.6441,41.60,0.30
2008.01.02 17:58:08.220,1.6438,1.6441,41.60,0.30
2008.01.02 17:58:08.408,1.6438,1.6441,40.80,0.30
2008.01.02 17:58:08.632,1.6438,1.6442,40.80,23.60
2008.01.02 17:58:08.860,1.6437,1.6442,49.40,23.60
2008.01.02 17:58:09.087,1.6437,1.6442,45.40,23.60
2008.01.02 17:58:09.748,1.6437,1.6442,43.80,23.60
2008.01.02 17:58:12.187,1.6437,1.6442,43.80,23.60
2008.01.02 17:58:13.219,1.6437,1.6442,43.80,23.60
2008.01.02 17:58:14.098,1.6437,1.6441,43.80,0.80
2008.01.02 17:58:14.301,1.6437,1.6441,43.80,0.80
2008.01.02 17:58:14.503,1.6437,1.6441,43.80,0.80
2008.01.02 17:58:14.707,1.6437,1.644,43.80,0.30
2008.01.02 17:58:14.929,1.6437,1.644,43.80,0.30
2008.01.02 17:58:15.153,1.6437,1.644,42.00,0.30
2008.01.02 17:58:15.376,1.6437,1.644,42.00,0.30
2008.01.02 17:58:15.600,1.6437,1.644,43.80,0.30
2008.01.02 17:58:15.822,1.6437,1.644,43.80,0.30
2008.01.02 17:58:16.060,1.6437,1.644,43.80,0.30
2008.01.02 17:58:17.267,1.6437,1.644,43.80,0.30
2008.01.02 17:58:17.960,1.6437,1.644,43.60,0.30
2008.01.02 17:58:18.104,1.6437,1.644,43.60,0.30
2008.01.02 17:58:18.528,1.6437,1.644,43.60,0.30
2008.01.02 17:58:19.766,1.6437,1.644,43.60,0.30
2008.01.02 17:58:19.928,1.6437,1.644,43.80,0.30
2008.01.02 17:58:20.103,1.6437,1.644,43.80,0.30
2008.01.02 17:58:20.283,1.6437,1.644,43.80,0.30
2008.01.02 17:58:20.715,1.6437,1.644,43.80,0.30
2008.01.02 17:58:21.009,1.6437,1.644,43.80,0.30
2008.01.02 17:58:21.968,1.6437,1.6441,43.80,27.70
2008.01.02 17:58:24.251,1.6437,1.6441,43.80,27.70
2008.01.02 17:58:25.078,1.6437,1.6441,42.00,27.70
2008.01.02 17:58:25.281,1.6437,1.6441,41.20,27.70
2008.01.02 17:58:25.485,1.6437,1.6441,40.80,23.70
2008.01.02 17:58:25.821,1.6437,1.644,40.80,0.70
2008.01.02 17:58:26.025,1.6437,1.6441,40.80,24.80
2008.01.02 17:58:26.307,1.6437,1.6441,40.80,24.80
2008.01.02 17:58:26.531,1.6437,1.6441,40.80,24.80
2008.01.02 17:58:26.755,1.6437,1.644,40.80,0.70
2008.01.02 17:58:27.062,1.6437,1.644,40.80,0.70
2008.01.02 17:58:27.349,1.6437,1.644,40.80,0.50
2008.01.02 17:58:28.931,1.6437,1.6441,40.80,31.70
2008.01.02 17:58:30.770,1.6437,1.644,40.80,0.30
2008.01.02 17:58:30.933,1.6438,1.6441,0.20,31.70
2008.01.02 17:58:31.281,1.6438,1.6441,0.20,31.70
2008.01.02 17:58:31.665,1.6438,1.644,0.20,0.30
2008.01.02 17:58:31.928,1.6438,1.644,0.30,0.30
2008.01.02 17:58:32.192,1.6438,1.6441,0.40,27.70
2008.01.02 17:58:32.371,1.64375,1.6441,8.00,27.60
2008.01.02 17:58:32.548,1.6437,1.644,36.20,0.90
2008.01.02 17:58:32.726,1.6437,1.644,33.60,0.90
2008.01.02 17:58:32.922,1.6437,1.644,40.80,0.60
2008.01.02 17:58:33.091,1.6437,1.6441,40.80,27.70
2008.01.02 17:58:33.271,1.6437,1.6441,40.80,31.60
2008.01.02 17:58:33.544,1.6437,1.6441,32.80,31.60
2008.01.02 17:58:33.817,1.6437,1.644,32.80,13.10
2008.01.02 17:58:34.092,1.6437,1.64395,32.80,0.30
2008.01.02 17:58:34.365,1.6437,1.644,32.80,17.90
2008.01.02 17:58:34.731,1.6437,1.644,32.80,17.90
2008.01.02 17:58:35.033,1.6437,1.644,32.80,17.90
2008.01.02 17:58:35.241,1.6437,1.64395,32.80,0.30
2008.01.02 17:58:35.508,1.6437,1.644,28.80,17.90
2008.01.02 17:58:35.777,1.6437,1.64395,32.80,0.30
2008.01.02 17:58:36.044,1.6437,1.64395,32.80,0.30
2008.01.02 17:58:36.497,1.6437,1.644,32.80,17.90
2008.01.02 17:58:36.736,1.6437,1.64395,32.80,0.30
2008.01.02 17:58:37.013,1.6437,1.64395,32.80,0.30
2008.01.02 17:58:37.250,1.6437,1.64395,32.80,0.30
2008.01.02 17:58:37.725,1.6437,1.644,32.80,19.70
2008.01.02 17:58:38.029,1.6437,1.644,32.80,19.70
2008.01.02 17:58:38.242,1.6437,1.644,32.80,19.70
2008.01.02 17:58:38.759,1.6437,1.644,32.80,19.70
2008.01.02 17:58:38.981,1.6437,1.644,32.80,17.90
2008.01.02 17:58:39.204,1.6437,1.644,33.60,12.30
2008.01.02 17:58:39.429,1.6438,1.644,0.20,12.30
2008.01.02 17:58:39.637,1.6438,1.644,0.20,8.30
2008.01.02 17:58:39.869,1.6438,1.6441,0.20,23.70
2008.01.02 17:58:40.054,1.6438,1.6441,0.20,23.70
2008.01.02 17:58:40.263,1.6438,1.6441,0.20,12.30
2008.01.02 17:58:40.513,1.6438,1.644,0.20,0.30
2008.01.02 17:58:40.762,1.6438,1.64415,0.20,0.90
2008.01.02 17:58:41.010,1.6438,1.64415,0.20,0.60
2008.01.02 17:58:41.258,1.6438,1.64415,0.90,0.90
2008.01.02 17:58:41.505,1.6438,1.6442,0.80,27.60
2008.01.02 17:58:41.728,1.6438,1.64415,14.60,4.30
2008.01.02 17:58:41.951,1.6439,1.64415,4.00,4.30
2008.01.02 17:58:42.175,1.6439,1.6441,4.00,0.30
2008.01.02 17:58:42.408,1.6439,1.6442,4.00,14.90
2008.01.02 17:58:42.614,1.6439,1.6442,4.00,14.90
2008.01.02 17:58:43.069,1.6439,1.6442,6.60,13.10
2008.01.02 17:58:43.279,1.64395,1.64415,16.00,0.30
2008.01.02 17:58:43.487,1.644,1.64415,4.00,0.30
2008.01.02 17:58:43.952,1.644,1.6442,4.00,9.10
2008.01.02 17:58:44.265,1.644,1.6442,4.00,9.10
2008.01.02 17:58:44.998,1.644,1.6442,4.00,9.10
2008.01.02 17:58:45.228,1.644,1.6442,4.00,9.10
2008.01.02 17:58:45.417,1.64395,1.6442,16.00,13.10
2008.01.02 17:58:45.699,1.64395,1.64415,8.00,0.30
2008.01.02 17:58:45.912,1.6439,1.6442,28.80,17.10
2008.01.02 17:58:46.126,1.6439,1.6442,24.00,17.10
2008.01.02 17:58:46.339,1.6438,1.6442,47.80,25.10
2008.01.02 17:58:46.557,1.6438,1.6441,47.80,0.30
2008.01.02 17:58:46.836,1.6438,1.6441,43.80,0.30
2008.01.02 17:58:47.113,1.6438,1.6442,43.80,26.90
2008.01.02 17:58:47.391,1.6438,1.6441,43.40,0.30
2008.01.02 17:58:47.669,1.6438,1.6441,43.40,0.30
2008.01.02 17:58:47.827,1.6438,1.6442,39.40,27.70
2008.01.02 17:58:48.003,1.6438,1.6442,39.40,27.70
2008.01.02 17:58:49.244,1.6438,1.6442,39.40,27.70
2008.01.02 17:58:49.533,1.6438,1.6441,39.40,0.30
2008.01.02 17:58:50.290,1.6438,1.6441,39.40,0.30
2008.01.02 17:58:51.018,1.6438,1.6441,39.40,0.30
2008.01.02 17:58:54.226,1.6438,1.6441,39.40,0.30
2008.01.02 17:58:54.765,1.6438,1.6441,39.40,0.30
2008.01.02 17:58:54.988,1.6438,1.6441,39.40,0.30
2008.01.02 17:58:55.506,1.6438,1.6441,39.40,0.30
2008.01.02 17:58:55.729,1.6438,1.6441,39.40,0.30
2008.01.02 17:58:57.258,1.6438,1.6441,39.40,0.30
2008.01.02 17:58:57.672,1.6438,1.6441,39.40,0.30
2008.01.02 17:58:57.866,1.64385,1.6441,16.00,0.30
2008.01.02 17:58:58.084,1.64385,1.6441,16.00,0.30
2008.01.02 17:58:59.000,1.64385,1.6441,16.00,0.30
2008.01.02 17:59:00.482,1.64385,1.6441,16.00,0.30
2008.01.02 17:59:01.198,1.64385,1.6441,16.00,0.30
2008.01.02 17:59:01.423,1.64385,1.6441,16.00,0.30
2008.01.02 17:59:01.631,1.64385,1.6441,16.00,0.30
2008.01.02 17:59:03.621,1.64385,1.6441,16.00,0.30
2008.01.02 17:59:03.770,1.644,1.6441,12.00,0.30
2008.01.02 17:59:03.920,1.644,1.6441,16.00,0.30
2008.01.02 17:59:04.069,1.644,1.6441,24.00,0.30
2008.01.02 17:59:04.366,1.644,1.6441,24.00,0.30
2008.01.02 17:59:06.706,1.644,1.6441,24.00,0.30
2008.01.02 17:59:07.009,1.644,1.6441,24.00,0.30
2008.01.02 17:59:07.222,1.644,1.6441,24.00,0.30
2008.01.02 17:59:09.272,1.644,1.6441,24.00,0.30
2008.01.02 17:59:09.790,1.644,1.6441,24.00,0.30
2008.01.02 17:59:11.213,1.644,1.6441,20.00,0.30
2008.01.02 17:59:11.436,1.64385,1.6441,16.00,0.30
2008.01.02 17:59:11.659,1.64385,1.6441,16.00,0.30
2008.01.02 17:59:11.882,1.64385,1.64405,16.00,0.30
2008.01.02 17:59:12.105,1.64385,1.6441,16.00,0.30
2008.01.02 17:59:12.474,1.64385,1.6441,16.00,0.30
2008.01.02 17:59:13.703,1.64395,1.6441,8.00,0.30
2008.01.02 17:59:13.881,1.64395,1.6441,16.00,0.30
2008.01.02 17:59:14.058,1.64395,1.6441,16.00,0.30
2008.01.02 17:59:15.306,1.64395,1.6441,16.00,0.30
2008.01.02 17:59:15.489,1.64395,1.6441,8.00,0.30
2008.01.02 17:59:15.672,1.64385,1.6441,16.00,0.30
2008.01.02 17:59:16.751,1.64385,1.6441,16.00,0.30
2008.01.02 17:59:17.105,1.64385,1.6441,16.00,0.30
2008.01.02 17:59:17.338,1.6439,1.6441,0.20,0.30
2008.01.02 17:59:17.714,1.6439,1.6441,0.30,0.30
2008.01.02 17:59:17.887,1.6439,1.6441,0.30,0.30
2008.01.02 17:59:18.307,1.6439,1.6441,0.30,0.30
2008.01.02 17:59:18.560,1.6439,1.6441,0.30,0.30
2008.01.02 17:59:18.812,1.6439,1.6441,0.30,0.30
2008.01.02 17:59:19.064,1.64385,1.6441,16.00,4.20
2008.01.02 17:59:19.318,1.64385,1.6441,16.00,4.20
2008.01.02 17:59:20.214,1.64385,1.6441,16.00,4.20
2008.01.02 17:59:20.450,1.64385,1.6441,16.00,0.30
2008.01.02 17:59:20.719,1.64385,1.6441,16.00,0.30
2008.01.02 17:59:21.012,1.64385,1.6441,16.00,0.30
2008.01.02 17:59:21.256,1.64385,1.64415,16.00,0.30
2008.01.02 17:59:21.874,1.64385,1.64415,16.00,0.30
2008.01.02 17:59:22.067,1.64385,1.64415,16.00,0.30
2008.01.02 17:59:22.114,1.64385,1.6442,16.00,19.70
2008.01.02 17:59:22.992,1.64385,1.64415,16.00,0.30
2008.01.02 17:59:25.204,1.64385,1.6442,16.00,18.90
2008.01.02 17:59:25.513,1.64385,1.6442,16.00,18.90
2008.01.02 17:59:26.048,1.64385,1.6442,16.00,18.90
2008.01.02 17:59:29.669,1.64395,1.6442,8.00,18.90
2008.01.02 17:59:29.871,1.64395,1.6442,16.00,14.90
2008.01.02 17:59:30.076,1.64395,1.64415,16.00,0.30
2008.01.02 17:59:30.280,1.64395,1.64415,16.00,0.30
2008.01.02 17:59:31.094,1.64395,1.6442,16.00,13.10
2008.01.02 17:59:32.493,1.64395,1.64415,16.00,0.30
2008.01.02 17:59:36.309,1.64395,1.6442,16.00,13.10
2008.01.02 17:59:39.229,1.64395,1.64415,16.00,0.30
2008.01.02 17:59:41.502,1.64395,1.64415,16.00,0.30
2008.01.02 17:59:42.003,1.64395,1.6442,16.00,14.90
2008.01.02 17:59:42.257,1.64395,1.64415,16.00,0.30
2008.01.02 17:59:43.267,1.64395,1.64415,16.00,0.30
2008.01.02 17:59:43.978,1.64395,1.6442,16.00,13.10
2008.01.02 17:59:47.090,1.64395,1.64415,16.00,0.30
2008.01.02 17:59:47.284,1.644,1.64415,0.30,0.30
2008.01.02 17:59:47.477,1.644,1.6442,0.30,17.90
2008.01.02 17:59:47.671,1.644,1.6442,0.30,17.90
2008.01.02 17:59:47.863,1.644,1.6442,0.30,17.90
2008.01.02 17:59:48.056,1.644,1.64415,0.30,0.30
2008.01.02 17:59:48.310,1.644,1.6442,0.30,17.10
2008.01.02 17:59:48.564,1.644,1.64415,0.30,0.30
2008.01.02 17:59:48.817,1.644,1.6442,0.30,17.10
2008.01.02 17:59:49.296,1.644,1.64415,0.30,0.30
2008.01.02 17:59:50.493,1.6439,1.64415,1.80,0.30
2008.01.02 17:59:51.014,1.6439,1.64415,1.80,0.30
2008.01.02 17:59:52.178,1.6439,1.6442,2.20,16.80
2008.01.02 17:59:52.992,1.6439,1.6442,0.50,16.80
2008.01.02 17:59:53.275,1.6439,1.6442,0.50,16.80
2008.01.02 17:59:54.317,1.6439,1.6442,0.50,16.80
2008.01.02 17:59:55.602,1.6439,1.6442,0.50,17.00
2008.01.02 17:59:55.815,1.6439,1.6442,24.40,17.00
2008.01.02 17:59:56.090,1.6439,1.6442,26.70,17.00
2008.01.02 17:59:56.304,1.644,1.6442,0.30,13.00
2008.01.02 17:59:56.517,1.644,1.6442,0.30,13.00
2008.01.02 17:59:56.730,1.644,1.6442,0.30,13.00
2008.01.02 17:59:57.263,1.644,1.6442,0.30,13.00
2008.01.02 17:59:57.553,1.644,1.64415,0.30,0.30
2008.01.02 17:59:57.842,1.644,1.64415,0.30,0.30
2008.01.02 17:59:58.120,1.644,1.6441,0.30,6.40
2008.01.02 17:59:58.427,1.644,1.6441,0.30,6.40
2008.01.02 17:59:58.678,1.644,1.6441,4.20,6.40
2008.01.02 17:59:58.867,1.644,1.6441,4.00,4.00
2008.01.02 17:59:59.040,1.644,1.64415,12.00,0.30
2008.01.02 17:59:59.213,1.644,1.64415,12.00,0.30
2008.01.02 17:59:59.495,1.644,1.64415,20.00,0.30
2008.01.02 17:59:59.942,1.644,1.64415,20.00,0.30
