2011.11.30 14:00:00.244,1.22722,1.22733,4.50,1.50
2011.11.30 14:00:00.488,1.22718,1.22733,2.69,2.25
2011.11.30 14:00:01.126,1.22717,1.22733,4.50,2.25
2011.11.30 14:00:01.282,1.22715,1.2273,1.50,1.50
2011.11.30 14:00:01.658,1.22718,1.2273,4.50,1.50
2011.11.30 14:00:01.791,1.22714,1.22731,1.56,1.50
2011.11.30 14:00:01.918,1.22714,1.22731,1.50,1.50
2011.11.30 14:00:02.170,1.22716,1.22731,1.50,1.50
2011.11.30 14:00:02.298,1.22713,1.22731,2.25,1.50
2011.11.30 14:00:02.789,1.22715,1.22731,1.50,1.50
2011.11.30 14:00:03.774,1.2272,1.22731,4.50,1.50
2011.11.30 14:00:04.019,1.2272,1.22734,5.25,2.48
2011.11.30 14:00:04.267,1.22718,1.22733,2.31,1.09
2011.11.30 14:00:04.833,1.2271,1.22729,2.63,1.50
2011.11.30 14:00:04.961,1.2271,1.22729,1.88,2.25
2011.11.30 14:00:05.212,1.22706,1.22726,2.63,1.50
2011.11.30 14:00:05.341,1.22706,1.22726,2.63,1.50
2011.11.30 14:00:05.705,1.22708,1.22726,1.88,1.50
2011.11.30 14:00:06.840,1.22708,1.22716,1.88,4.50
2011.11.30 14:00:06.978,1.22708,1.22725,1.88,2.25
2011.11.30 14:00:07.114,1.22705,1.22721,1.88,1.50
2011.11.30 14:00:07.369,1.22705,1.22719,1.88,1.50
2011.11.30 14:00:07.745,1.2265,1.2268,2.25,1.73
2011.11.30 14:00:08.291,1.22638,1.22656,1.88,1.50
2011.11.30 14:00:08.755,1.22648,1.22659,1.88,1.50
2011.11.30 14:00:08.880,1.22648,1.22673,1.88,1.50
2011.11.30 14:00:09.006,1.22649,1.22673,2.25,1.50
2011.11.30 14:00:09.133,1.22656,1.22675,1.13,1.50
2011.11.30 14:00:09.261,1.22654,1.22675,2.63,1.50
2011.11.30 14:00:09.514,1.22658,1.22676,1.50,3.38
2011.11.30 14:00:10.075,1.22654,1.22676,2.25,2.63
2011.11.30 14:00:10.676,1.22658,1.22677,1.50,1.50
2011.11.30 14:00:10.799,1.22661,1.22677,1.50,1.50
2011.11.30 14:00:11.169,1.22658,1.22676,1.13,1.50
2011.11.30 14:00:11.618,1.22658,1.22674,1.13,1.50
2011.11.30 14:00:11.875,1.22625,1.2265,1.50,2.25
2011.11.30 14:00:12.007,1.22619,1.2265,1.94,2.25
2011.11.30 14:00:12.133,1.22619,1.22646,1.88,2.25
2011.11.30 14:00:12.509,1.22621,1.22652,2.25,2.25
2011.11.30 14:00:12.648,1.22622,1.22652,1.88,2.25
2011.11.30 14:00:13.232,1.22636,1.22654,1.13,1.88
2011.11.30 14:00:13.744,1.2264,1.22662,1.50,3.38
2011.11.30 14:00:14.094,1.22644,1.22662,1.13,2.63
2011.11.30 14:00:14.233,1.22647,1.2266,1.94,1.50
2011.11.30 14:00:14.772,1.22654,1.22665,1.19,1.88
2011.11.30 14:00:14.949,1.22663,1.22681,1.79,1.50
2011.11.30 14:00:15.084,1.22664,1.22672,1.49,1.88
2011.11.30 14:00:15.213,1.22664,1.22679,1.49,1.88
2011.11.30 14:00:15.338,1.22664,1.22682,1.35,1.88
2011.11.30 14:00:15.478,1.22663,1.22685,3.23,1.88
2011.11.30 14:00:16.372,1.22664,1.22684,1.80,1.50
2011.11.30 14:00:16.871,1.22663,1.22684,3.23,1.50
2011.11.30 14:00:17.481,1.22661,1.22685,1.19,1.50
2011.11.30 14:00:17.605,1.22661,1.22683,1.19,1.50
2011.11.30 14:00:18.500,1.22661,1.22682,1.94,1.50
2011.11.30 14:00:19.113,1.22663,1.22684,2.69,1.50
2011.11.30 14:00:19.707,1.22664,1.22686,1.88,1.50
2011.11.30 14:00:21.047,1.22664,1.22685,1.88,1.50
2011.11.30 14:00:21.639,1.22664,1.22685,2.63,1.50
2011.11.30 14:00:21.768,1.22664,1.22685,2.63,1.50
2011.11.30 14:00:21.898,1.22665,1.22688,2.25,3.38
2011.11.30 14:00:22.414,1.22669,1.2269,1.50,4.13
2011.11.30 14:00:22.898,1.22667,1.22688,1.50,2.25
2011.11.30 14:00:23.144,1.22667,1.22688,1.50,2.25
2011.11.30 14:00:23.374,1.22667,1.22688,2.25,1.50
2011.11.30 14:00:23.976,1.22669,1.2269,1.50,2.25
2011.11.30 14:00:24.553,1.22669,1.2269,1.50,1.50
2011.11.30 14:00:25.408,1.22672,1.22695,2.25,2.25
2011.11.30 14:00:25.537,1.22675,1.22696,1.50,2.25
2011.11.30 14:00:25.899,1.22678,1.22699,2.25,1.50
2011.11.30 14:00:26.268,1.22685,1.22706,2.25,1.65
2011.11.30 14:00:26.393,1.22687,1.22708,2.25,1.80
2011.11.30 14:00:26.636,1.22682,1.22705,2.25,1.50
2011.11.30 14:00:26.865,1.22681,1.22702,1.50,2.25
2011.11.30 14:00:27.224,1.22681,1.22702,1.50,2.25
2011.11.30 14:00:27.635,1.22677,1.22698,3.75,2.25
2011.11.30 14:00:28.247,1.22678,1.22701,1.50,2.25
2011.11.30 14:00:28.615,1.2268,1.22703,1.50,3.75
2011.11.30 14:00:28.735,1.22679,1.227,1.50,2.25
2011.11.30 14:00:29.093,1.22681,1.227,1.50,2.63
2011.11.30 14:00:29.715,1.22678,1.227,1.50,2.63
2011.11.30 14:00:29.849,1.22678,1.22701,1.50,2.25
2011.11.30 14:00:29.977,1.22678,1.22701,1.50,2.25
2011.11.30 14:00:30.584,1.22679,1.227,1.50,2.25
2011.11.30 14:00:31.525,1.22679,1.227,2.25,1.50
2011.11.30 14:00:31.648,1.22681,1.227,4.50,1.50
2011.11.30 14:00:32.122,1.22685,1.22706,2.25,2.25
2011.11.30 14:00:32.488,1.2269,1.22712,2.25,1.05
2011.11.30 14:00:32.858,1.22684,1.22704,1.50,1.50
2011.11.30 14:00:33.225,1.22683,1.22702,2.25,1.88
2011.11.30 14:00:33.704,1.22679,1.227,1.56,2.25
2011.11.30 14:00:33.832,1.22679,1.227,1.88,2.25
2011.11.30 14:00:34.481,1.22698,1.22704,3.75,2.25
2011.11.30 14:00:34.615,1.22677,1.22698,1.50,2.25
2011.11.30 14:00:34.742,1.22673,1.22694,1.50,2.25
2011.11.30 14:00:35.668,1.2267,1.22691,2.63,1.50
2011.11.30 14:00:36.199,1.22669,1.2269,1.88,2.25
2011.11.30 14:00:36.329,1.22669,1.22692,1.88,2.25
2011.11.30 14:00:36.457,1.22669,1.22692,1.88,2.25
2011.11.30 14:00:36.705,1.22671,1.22694,1.50,3.75
2011.11.30 14:00:36.833,1.22671,1.22694,1.50,3.75
2011.11.30 14:00:37.434,1.2267,1.22691,1.50,2.25
2011.11.30 14:00:38.124,1.22668,1.22689,1.50,2.25
2011.11.30 14:00:38.499,1.22666,1.22688,1.88,2.25
2011.11.30 14:00:38.632,1.22666,1.22688,1.88,2.25
2011.11.30 14:00:38.881,1.22665,1.22688,2.63,2.25
2011.11.30 14:00:39.731,1.22665,1.22688,1.88,2.40
2011.11.30 14:00:40.348,1.22666,1.22689,1.50,2.25
2011.11.30 14:00:40.482,1.22668,1.22691,1.50,2.25
2011.11.30 14:00:41.082,1.22668,1.2269,1.50,2.63
2011.11.30 14:00:41.806,1.22667,1.22688,2.25,1.50
2011.11.30 14:00:42.416,1.22667,1.22688,2.25,1.50
2011.11.30 14:00:42.659,1.22667,1.22688,2.25,1.50
2011.11.30 14:00:43.143,1.22669,1.2269,2.25,1.50
2011.11.30 14:00:43.623,1.2267,1.22693,2.25,3.38
2011.11.30 14:00:43.751,1.22668,1.22689,2.25,1.50
2011.11.30 14:00:44.322,1.22668,1.22689,2.25,1.50
2011.11.30 14:00:44.674,1.22668,1.22689,2.25,1.50
2011.11.30 14:00:45.162,1.22671,1.22692,1.13,1.50
2011.11.30 14:00:45.410,1.22671,1.22694,2.25,1.50
2011.11.30 14:00:46.165,1.22676,1.22697,2.25,2.25
2011.11.30 14:00:46.654,1.22676,1.22697,2.25,1.50
2011.11.30 14:00:46.901,1.22682,1.22697,1.50,1.50
2011.11.30 14:00:47.031,1.22681,1.227,1.50,2.63
2011.11.30 14:00:47.159,1.22681,1.22704,2.25,1.50
2011.11.30 14:00:47.296,1.22681,1.22702,2.25,1.50
2011.11.30 14:00:47.955,1.22676,1.22699,2.31,1.50
2011.11.30 14:00:48.272,1.22672,1.22695,2.25,1.50
2011.11.30 14:00:48.521,1.22669,1.2269,2.25,1.50
2011.11.30 14:00:48.650,1.22669,1.22684,4.13,4.50
2011.11.30 14:00:48.780,1.22669,1.22684,2.63,4.50
2011.11.30 14:00:48.912,1.22669,1.22686,2.63,1.50
2011.11.30 14:00:49.160,1.22669,1.22688,1.88,1.50
2011.11.30 14:00:49.745,1.22665,1.22687,2.63,1.50
2011.11.30 14:00:50.469,1.22664,1.22687,4.13,1.50
2011.11.30 14:00:50.838,1.22666,1.22689,2.63,2.25
2011.11.30 14:00:51.329,1.22674,1.22693,1.13,1.50
2011.11.30 14:00:51.467,1.22676,1.22695,1.13,1.50
2011.11.30 14:00:51.719,1.22674,1.22695,1.88,1.50
2011.11.30 14:00:51.847,1.22674,1.22695,1.88,1.50
2011.11.30 14:00:51.967,1.22674,1.22695,1.50,1.50
2011.11.30 14:00:52.089,1.22676,1.22697,1.50,2.25
2011.11.30 14:00:52.696,1.22676,1.22697,2.25,3.38
2011.11.30 14:00:53.162,1.22677,1.22697,1.50,3.38
2011.11.30 14:00:53.422,1.22672,1.22695,1.50,2.25
2011.11.30 14:00:53.669,1.2267,1.22693,2.25,2.25
2011.11.30 14:00:54.038,1.22666,1.22689,2.25,1.50
2011.11.30 14:00:54.412,1.22666,1.22689,2.25,1.50
2011.11.30 14:00:55.019,1.22665,1.22686,2.25,1.50
2011.11.30 14:00:55.619,1.22665,1.22686,2.25,1.50
2011.11.30 14:00:56.227,1.22662,1.22685,2.25,1.50
2011.11.30 14:00:56.909,1.22663,1.22684,2.25,1.50
2011.11.30 14:00:57.051,1.22664,1.22686,2.25,1.88
2011.11.30 14:00:57.418,1.22662,1.22683,2.25,1.50
2011.11.30 14:00:57.669,1.22662,1.22683,2.25,1.50
2011.11.30 14:00:58.858,1.22659,1.22682,4.13,2.25
2011.11.30 14:00:58.990,1.22659,1.22679,1.88,1.50
2011.11.30 14:00:59.121,1.2266,1.22681,1.50,1.50
2011.11.30 14:00:59.245,1.22655,1.22678,2.25,1.50
2011.11.30 14:00:59.491,1.22652,1.22675,2.25,1.50
2011.11.30 14:00:59.623,1.22657,1.2268,1.50,2.37
2011.11.30 14:01:00.636,1.22654,1.22676,1.13,1.50
2011.11.30 14:01:00.769,1.22657,1.2268,2.25,1.50
2011.11.30 14:01:01.601,1.22656,1.22677,2.25,1.50
2011.11.30 14:01:01.730,1.22661,1.22682,1.50,3.38
2011.11.30 14:01:01.860,1.22664,1.22679,1.50,4.50
2011.11.30 14:01:01.990,1.22661,1.22681,1.50,1.50
2011.11.30 14:01:02.426,1.22661,1.22681,1.50,1.50
2011.11.30 14:01:02.567,1.22664,1.22685,2.25,1.50
2011.11.30 14:01:02.707,1.22665,1.22688,2.25,1.50
2011.11.30 14:01:03.074,1.22664,1.22685,2.25,1.50
2011.11.30 14:01:04.131,1.22662,1.22682,1.50,1.50
2011.11.30 14:01:04.257,1.22661,1.22682,3.00,1.50
2011.11.30 14:01:04.380,1.22661,1.22678,2.25,2.21
2011.11.30 14:01:04.509,1.22653,1.22674,1.50,2.25
2011.11.30 14:01:04.641,1.22653,1.22669,1.50,1.50
2011.11.30 14:01:04.887,1.22648,1.22669,4.13,1.50
2011.11.30 14:01:05.139,1.22648,1.22666,1.13,1.50
2011.11.30 14:01:05.673,1.22648,1.22666,1.13,1.50
2011.11.30 14:01:05.813,1.22653,1.22671,1.88,2.63
2011.11.30 14:01:05.940,1.22656,1.22671,1.13,1.88
2011.11.30 14:01:06.312,1.22663,1.22674,2.25,1.88
2011.11.30 14:01:06.441,1.22663,1.22676,2.25,1.88
2011.11.30 14:01:06.567,1.22661,1.22676,2.25,1.88
2011.11.30 14:01:07.655,1.22659,1.22675,2.25,1.88
2011.11.30 14:01:07.778,1.22655,1.22676,2.25,2.63
2011.11.30 14:01:07.913,1.22655,1.22678,2.25,2.25
2011.11.30 14:01:08.164,1.22657,1.22678,1.13,1.50
2011.11.30 14:01:08.408,1.22655,1.22682,1.13,3.38
2011.11.30 14:01:08.543,1.22665,1.22682,1.13,1.88
2011.11.30 14:01:09.281,1.22662,1.2269,1.13,1.88
2011.11.30 14:01:09.770,1.22662,1.22695,1.50,2.78
2011.11.30 14:01:10.378,1.22662,1.22695,1.50,2.63
2011.11.30 14:01:11.374,1.22665,1.22695,1.19,2.25
2011.11.30 14:01:11.502,1.22662,1.22695,1.94,4.13
2011.11.30 14:01:13.554,1.22662,1.22695,1.19,2.63
2011.11.30 14:01:14.867,1.2267,1.22695,1.13,2.63
2011.11.30 14:01:15.223,1.22671,1.22692,2.25,1.50
2011.11.30 14:01:15.758,1.22677,1.22693,4.50,1.50
2011.11.30 14:01:15.898,1.22672,1.22693,2.25,1.50
2011.11.30 14:01:16.256,1.22666,1.22689,2.31,1.50
2011.11.30 14:01:16.619,1.22666,1.22689,2.25,1.50
2011.11.30 14:01:17.347,1.22666,1.22689,2.25,1.50
2011.11.30 14:01:17.899,1.22666,1.22689,2.25,1.50
2011.11.30 14:01:18.618,1.22669,1.2269,2.25,2.25
2011.11.30 14:01:19.107,1.22663,1.22686,2.25,2.25
2011.11.30 14:01:19.470,1.22666,1.22687,2.25,1.50
2011.11.30 14:01:20.081,1.22669,1.2269,2.25,1.50
2011.11.30 14:01:20.685,1.2267,1.22691,2.25,1.50
2011.11.30 14:01:21.042,1.2267,1.22691,2.25,1.50
2011.11.30 14:01:21.528,1.22671,1.22694,2.25,2.25
2011.11.30 14:01:22.092,1.22668,1.22691,2.25,1.50
2011.11.30 14:01:22.337,1.2267,1.22693,2.25,1.50
2011.11.30 14:01:22.816,1.22668,1.22691,2.25,1.50
2011.11.30 14:01:23.045,1.2267,1.22693,2.25,1.50
2011.11.30 14:01:23.408,1.22669,1.2269,2.25,1.50
2011.11.30 14:01:23.537,1.22671,1.22692,2.25,1.50
2011.11.30 14:01:23.659,1.22667,1.2269,2.25,1.50
2011.11.30 14:01:24.230,1.22669,1.2269,2.25,1.50
2011.11.30 14:01:24.718,1.22671,1.22694,2.25,2.25
2011.11.30 14:01:24.967,1.22671,1.22694,2.25,1.50
2011.11.30 14:01:25.312,1.22669,1.22692,2.25,1.50
2011.11.30 14:01:26.198,1.22667,1.2269,2.25,1.50
2011.11.30 14:01:26.462,1.22668,1.22689,2.25,1.50
2011.11.30 14:01:26.825,1.22665,1.22688,2.25,1.50
2011.11.30 14:01:26.949,1.22665,1.22685,2.25,4.50
2011.11.30 14:01:27.320,1.22669,1.22688,1.13,2.20
2011.11.30 14:01:27.449,1.22669,1.22688,1.13,1.50
2011.11.30 14:01:27.579,1.22667,1.2269,2.25,1.50
2011.11.30 14:01:28.091,1.22667,1.2269,2.25,2.25
2011.11.30 14:01:28.329,1.22665,1.22688,2.25,1.50
2011.11.30 14:01:28.696,1.22667,1.2269,2.25,1.50
2011.11.30 14:01:28.817,1.22671,1.22692,2.25,2.25
2011.11.30 14:01:29.169,1.22669,1.2269,2.25,1.50
2011.11.30 14:01:29.294,1.2267,1.22693,2.25,3.00
2011.11.30 14:01:29.417,1.2267,1.22693,2.25,3.00
2011.11.30 14:01:29.774,1.22675,1.22691,1.13,1.50
2011.11.30 14:01:30.020,1.22672,1.22691,1.13,1.50
2011.11.30 14:01:30.417,1.22672,1.22693,1.13,2.25
2011.11.30 14:01:30.552,1.22672,1.22695,2.25,1.50
2011.11.30 14:01:30.676,1.22671,1.22692,2.25,1.50
2011.11.30 14:01:31.044,1.22669,1.2269,2.25,1.50
2011.11.30 14:01:31.172,1.22674,1.22692,1.13,1.50
2011.11.30 14:01:31.300,1.22674,1.22692,1.13,1.50
2011.11.30 14:01:31.428,1.22674,1.22695,1.50,2.25
2011.11.30 14:01:32.039,1.22671,1.22694,2.25,1.50
2011.11.30 14:01:32.567,1.22671,1.22694,2.25,1.50
2011.11.30 14:01:32.937,1.2267,1.22691,2.25,1.50
2011.11.30 14:01:33.538,1.2267,1.22691,2.25,1.50
2011.11.30 14:01:33.787,1.22672,1.22693,2.25,1.50
2011.11.30 14:01:33.920,1.2267,1.22691,1.13,1.50
2011.11.30 14:01:34.286,1.22672,1.22695,2.25,1.50
2011.11.30 14:01:34.885,1.22673,1.22694,2.25,1.50
2011.11.30 14:01:35.472,1.22673,1.22694,2.25,1.50
2011.11.30 14:01:35.827,1.22673,1.22694,2.25,1.50
2011.11.30 14:01:36.069,1.22673,1.22694,2.25,1.50
2011.11.30 14:01:36.546,1.22679,1.227,1.50,1.46
2011.11.30 14:01:37.000,1.22679,1.22702,2.25,2.25
2011.11.30 14:01:37.138,1.22681,1.22704,2.25,1.50
2011.11.30 14:01:37.268,1.22681,1.22704,2.25,1.50
2011.11.30 14:01:37.862,1.2268,1.22701,2.25,1.50
2011.11.30 14:01:38.227,1.22698,1.22712,2.25,2.63
2011.11.30 14:01:38.359,1.22695,1.22716,2.25,1.50
2011.11.30 14:01:38.490,1.22695,1.22716,2.25,1.50
2011.11.30 14:01:39.102,1.22695,1.22716,2.25,1.50
2011.11.30 14:01:39.695,1.22695,1.22716,1.50,1.50
2011.11.30 14:01:40.619,1.22695,1.22716,2.25,1.50
2011.11.30 14:01:41.352,1.22695,1.22716,4.13,1.50
2011.11.30 14:01:41.486,1.22695,1.22716,4.13,1.50
2011.11.30 14:01:41.728,1.22696,1.22719,2.25,1.50
2011.11.30 14:01:41.974,1.22695,1.22717,2.63,1.50
2011.11.30 14:01:42.788,1.22695,1.22717,2.63,1.50
2011.11.30 14:01:43.504,1.22695,1.22712,2.63,1.50
2011.11.30 14:01:43.630,1.22695,1.22716,4.13,1.50
2011.11.30 14:01:44.216,1.22695,1.22716,4.13,1.50
2011.11.30 14:01:44.575,1.22695,1.22714,2.63,1.50
2011.11.30 14:01:45.556,1.22695,1.22714,2.63,1.50
2011.11.30 14:01:45.915,1.22693,1.22711,2.63,1.50
2011.11.30 14:01:46.155,1.22694,1.22711,2.63,1.50
2011.11.30 14:01:48.018,1.2269,1.22711,4.13,1.50
2011.11.30 14:01:48.496,1.2269,1.22711,4.13,1.50
2011.11.30 14:01:49.099,1.2269,1.22711,4.13,1.50
2011.11.30 14:01:50.164,1.2269,1.22711,2.25,1.50
2011.11.30 14:01:50.530,1.22689,1.2271,4.13,1.50
2011.11.30 14:01:51.247,1.22689,1.2271,2.25,1.50
2011.11.30 14:01:51.491,1.22689,1.2271,1.50,2.25
2011.11.30 14:01:51.618,1.22686,1.22709,3.38,2.25
2011.11.30 14:01:52.131,1.22686,1.22704,2.63,1.50
2011.11.30 14:01:52.503,1.22686,1.22708,2.63,1.50
2011.11.30 14:01:52.868,1.22686,1.22708,2.63,1.50
2011.11.30 14:01:53.349,1.22689,1.2271,2.25,1.50
2011.11.30 14:01:53.793,1.22689,1.2271,2.25,1.50
2011.11.30 14:01:54.168,1.22687,1.22708,2.25,1.50
2011.11.30 14:01:54.302,1.22686,1.22704,2.63,1.50
2011.11.30 14:01:54.428,1.22686,1.22704,2.63,1.50
2011.11.30 14:01:54.681,1.22689,1.2271,2.25,1.50
2011.11.30 14:01:55.729,1.22691,1.22709,2.63,1.50
2011.11.30 14:01:56.100,1.22691,1.22712,2.63,1.50
2011.11.30 14:01:56.588,1.22689,1.22712,1.50,2.25
2011.11.30 14:01:56.838,1.22687,1.22708,2.69,1.50
2011.11.30 14:01:57.418,1.22689,1.22712,2.25,1.50
2011.11.30 14:01:57.558,1.22691,1.22714,2.25,1.50
2011.11.30 14:01:57.689,1.22689,1.22712,2.25,1.50
2011.11.30 14:01:58.059,1.22688,1.22709,3.06,1.50
2011.11.30 14:01:58.666,1.22688,1.22709,3.06,1.50
2011.11.30 14:01:58.790,1.22693,1.22709,1.19,1.50
2011.11.30 14:01:59.349,1.22693,1.22712,1.19,1.50
2011.11.30 14:01:59.489,1.22696,1.22716,1.13,1.50
2011.11.30 14:01:59.862,1.22694,1.22716,2.69,2.25
2011.11.30 14:01:59.993,1.2269,1.22698,1.50,1.50
2011.11.30 14:02:00.119,1.22681,1.22694,2.25,1.50
2011.11.30 14:02:00.488,1.2267,1.22691,2.25,1.50
2011.11.30 14:02:00.619,1.22671,1.22691,2.63,1.50
2011.11.30 14:02:01.178,1.22671,1.22691,2.63,1.50
2011.11.30 14:02:01.319,1.22674,1.22695,2.25,1.50
2011.11.30 14:02:01.446,1.22669,1.2269,4.50,1.50
2011.11.30 14:02:01.929,1.22669,1.2269,4.13,1.50
2011.11.30 14:02:02.059,1.22671,1.2269,1.13,1.50
2011.11.30 14:02:02.434,1.22673,1.22694,1.50,1.50
2011.11.30 14:02:02.942,1.22673,1.22694,1.50,2.25
2011.11.30 14:02:03.311,1.22668,1.22689,2.25,1.50
2011.11.30 14:02:03.672,1.22667,1.22686,2.63,1.50
2011.11.30 14:02:04.047,1.22671,1.22686,1.56,1.50
2011.11.30 14:02:04.294,1.22673,1.22696,2.31,1.50
2011.11.30 14:02:04.867,1.22675,1.22698,2.69,2.25
2011.11.30 14:02:05.440,1.22676,1.22698,1.19,3.00
2011.11.30 14:02:05.573,1.22678,1.22697,1.88,1.50
2011.11.30 14:02:05.818,1.22678,1.22699,1.94,1.50
2011.11.30 14:02:05.947,1.22678,1.22699,2.69,1.50
2011.11.30 14:02:06.189,1.22679,1.22702,1.50,2.25
2011.11.30 14:02:06.314,1.22679,1.22702,2.25,1.50
2011.11.30 14:02:06.437,1.22679,1.22702,1.50,2.96
2011.11.30 14:02:07.190,1.22679,1.22702,2.31,2.25
2011.11.30 14:02:07.564,1.22677,1.227,2.61,1.50
2011.11.30 14:02:07.929,1.22679,1.22702,1.88,2.25
2011.11.30 14:02:08.296,1.22686,1.22707,2.25,1.50
2011.11.30 14:02:08.993,1.22686,1.22707,2.25,1.50
2011.11.30 14:02:09.358,1.22685,1.22708,1.50,2.25
2011.11.30 14:02:09.845,1.22683,1.22702,1.19,1.50
2011.11.30 14:02:10.446,1.22683,1.22702,1.13,1.50
2011.11.30 14:02:11.025,1.22683,1.22705,1.13,1.50
2011.11.30 14:02:11.169,1.22682,1.22702,1.19,1.50
2011.11.30 14:02:11.424,1.22679,1.22702,4.56,1.50
2011.11.30 14:02:11.667,1.2268,1.22703,2.63,1.50
2011.11.30 14:02:11.909,1.2268,1.22703,2.25,2.25
2011.11.30 14:02:12.505,1.22679,1.22701,2.63,1.50
2011.11.30 14:02:13.113,1.2268,1.22701,1.13,1.50
2011.11.30 14:02:13.476,1.22683,1.22703,1.13,1.50
2011.11.30 14:02:13.835,1.22682,1.22703,1.13,1.50
2011.11.30 14:02:14.078,1.22683,1.22704,1.50,2.25
2011.11.30 14:02:14.205,1.22681,1.22702,2.63,2.25
2011.11.30 14:02:14.326,1.22681,1.22702,2.63,1.50
2011.11.30 14:02:14.554,1.22681,1.22702,2.25,1.50
2011.11.30 14:02:15.125,1.22678,1.22701,3.06,1.50
2011.11.30 14:02:15.835,1.22679,1.22701,1.50,1.50
2011.11.30 14:02:16.526,1.22678,1.22701,3.06,2.25
2011.11.30 14:02:16.645,1.22679,1.22699,1.56,1.50
2011.11.30 14:02:16.894,1.22679,1.22697,1.94,1.50
2011.11.30 14:02:17.345,1.22679,1.227,3.81,1.50
2011.11.30 14:02:17.475,1.22683,1.22705,1.13,1.50
2011.11.30 14:02:17.708,1.22682,1.22705,2.63,1.50
2011.11.30 14:02:18.415,1.22685,1.22706,2.25,1.50
2011.11.30 14:02:19.124,1.22685,1.22706,2.25,1.50
2011.11.30 14:02:19.484,1.22683,1.22704,2.25,1.50
2011.11.30 14:02:20.223,1.22683,1.22704,2.25,1.50
2011.11.30 14:02:20.821,1.22683,1.22704,2.25,1.50
2011.11.30 14:02:20.948,1.22683,1.22704,1.50,1.50
2011.11.30 14:02:21.078,1.22679,1.22701,2.69,1.50
2011.11.30 14:02:21.448,1.22674,1.22697,2.69,3.00
2011.11.30 14:02:21.581,1.22673,1.22688,1.94,4.50
2011.11.30 14:02:23.581,1.22673,1.22691,1.19,2.20
2011.11.30 14:02:23.711,1.22669,1.2269,4.13,1.50
2011.11.30 14:02:23.953,1.22671,1.22694,2.25,1.50
2011.11.30 14:02:24.616,1.22673,1.22696,2.25,2.25
2011.11.30 14:02:25.209,1.22671,1.22694,2.25,3.00
2011.11.30 14:02:25.336,1.22673,1.22694,1.13,2.25
2011.11.30 14:02:25.454,1.22671,1.22694,2.63,2.25
2011.11.30 14:02:25.700,1.22674,1.22691,2.25,4.50
2011.11.30 14:02:25.830,1.22667,1.22688,1.88,2.25
2011.11.30 14:02:25.961,1.22667,1.22688,2.25,1.50
2011.11.30 14:02:26.702,1.22667,1.22688,2.25,1.50
2011.11.30 14:02:27.305,1.22664,1.22687,4.50,1.50
2011.11.30 14:02:28.376,1.22665,1.22687,1.13,1.50
2011.11.30 14:02:28.609,1.22668,1.22689,2.25,1.50
2011.11.30 14:02:29.079,1.22668,1.22689,2.25,1.50
2011.11.30 14:02:29.216,1.22668,1.22689,2.25,1.50
2011.11.30 14:02:29.788,1.22668,1.22689,2.25,1.50
2011.11.30 14:02:30.037,1.22673,1.2269,1.13,1.50
2011.11.30 14:02:30.754,1.22673,1.2269,1.13,1.50
2011.11.30 14:02:31.347,1.22666,1.22689,2.25,1.50
2011.11.30 14:02:31.469,1.22666,1.22689,2.25,1.50
2011.11.30 14:02:31.719,1.22671,1.22689,1.56,1.50
2011.11.30 14:02:31.846,1.22671,1.22692,3.06,1.50
2011.11.30 14:02:32.091,1.22673,1.2269,1.13,1.50
2011.11.30 14:02:32.217,1.22673,1.22693,1.13,1.50
2011.11.30 14:02:32.469,1.2268,1.22693,1.61,1.50
2011.11.30 14:02:33.210,1.22682,1.22701,1.56,1.50
2011.11.30 14:02:33.348,1.22683,1.22704,2.31,1.50
2011.11.30 14:02:33.826,1.22683,1.22704,2.31,1.50
2011.11.30 14:02:34.305,1.22683,1.22704,2.31,1.50
2011.11.30 14:02:34.423,1.22683,1.22704,2.31,1.50
2011.11.30 14:02:35.002,1.22684,1.22704,1.13,1.50
2011.11.30 14:02:35.637,1.22683,1.227,2.69,1.50
2011.11.30 14:02:35.768,1.22679,1.227,6.03,1.50
2011.11.30 14:02:35.895,1.2268,1.22698,2.30,1.50
2011.11.30 14:02:36.015,1.2268,1.22698,2.30,1.50
2011.11.30 14:02:36.242,1.22679,1.22698,2.60,1.50
2011.11.30 14:02:36.834,1.22679,1.22698,2.60,1.50
2011.11.30 14:02:37.646,1.22679,1.22698,2.25,1.50
2011.11.30 14:02:38.437,1.2268,1.22695,2.25,1.50
2011.11.30 14:02:39.025,1.2268,1.22695,2.25,1.50
2011.11.30 14:02:39.143,1.22679,1.22697,2.25,1.50
2011.11.30 14:02:39.389,1.22679,1.22697,2.25,1.50
2011.11.30 14:02:39.625,1.2268,1.22697,2.25,1.50
2011.11.30 14:02:39.868,1.22679,1.22697,2.25,1.50
2011.11.30 14:02:39.999,1.22679,1.22697,2.25,3.00
2011.11.30 14:02:40.125,1.22676,1.22696,2.25,1.50
2011.11.30 14:02:40.474,1.22667,1.22689,1.13,1.50
2011.11.30 14:02:40.600,1.22671,1.22689,1.13,1.50
2011.11.30 14:02:41.011,1.22671,1.22689,1.13,1.50
2011.11.30 14:02:41.143,1.22671,1.22694,2.63,1.50
2011.11.30 14:02:41.502,1.22676,1.22694,1.13,1.50
2011.11.30 14:02:41.626,1.22676,1.22696,1.13,1.88
2011.11.30 14:02:41.986,1.22675,1.22698,1.13,1.88
2011.11.30 14:02:42.213,1.22675,1.22698,1.13,1.88
2011.11.30 14:02:42.336,1.22677,1.22698,1.13,1.88
2011.11.30 14:02:42.460,1.22674,1.22698,2.25,1.88
2011.11.30 14:02:42.583,1.22674,1.22696,1.13,1.50
2011.11.30 14:02:43.167,1.2268,1.22697,1.13,1.50
2011.11.30 14:02:43.643,1.22683,1.22689,1.13,1.50
2011.11.30 14:02:43.778,1.22671,1.22686,1.50,1.46
2011.11.30 14:02:43.909,1.22661,1.22678,1.13,1.50
2011.11.30 14:02:44.036,1.22659,1.22678,2.63,1.50
2011.11.30 14:02:44.274,1.22659,1.2268,2.25,1.50
2011.11.30 14:02:44.517,1.22655,1.22678,4.13,1.50
2011.11.30 14:02:44.635,1.22655,1.22678,4.13,1.50
2011.11.30 14:02:44.879,1.22655,1.22678,4.13,2.25
2011.11.30 14:02:45.010,1.22655,1.22676,2.63,1.50
2011.11.30 14:02:45.136,1.22655,1.22673,2.63,2.25
2011.11.30 14:02:45.820,1.22648,1.22669,1.13,1.50
2011.11.30 14:02:46.440,1.22646,1.22669,4.13,1.50
2011.11.30 14:02:46.807,1.22649,1.22672,2.25,1.50
2011.11.30 14:02:46.926,1.22649,1.22672,2.25,1.50
2011.11.30 14:02:47.049,1.22647,1.2267,2.25,1.50
2011.11.30 14:02:47.420,1.22646,1.22667,4.13,1.50
2011.11.30 14:02:47.999,1.22658,1.22677,1.13,1.88
2011.11.30 14:02:48.129,1.22658,1.22678,1.13,1.50
2011.11.30 14:02:48.845,1.22657,1.22678,1.13,3.38
2011.11.30 14:02:48.968,1.22658,1.22678,1.13,1.88
2011.11.30 14:02:49.102,1.22661,1.22682,1.13,2.25
2011.11.30 14:02:49.237,1.22668,1.22689,1.88,2.25
2011.11.30 14:02:49.802,1.22674,1.22692,1.50,1.50
2011.11.30 14:02:50.180,1.22677,1.22694,2.25,1.88
2011.11.30 14:02:50.306,1.22677,1.22698,2.25,1.88
2011.11.30 14:02:50.550,1.22676,1.22697,2.25,1.50
2011.11.30 14:02:50.798,1.22676,1.22697,2.25,3.38
2011.11.30 14:02:51.052,1.22676,1.22697,2.25,3.38
2011.11.30 14:02:51.301,1.22674,1.22696,1.13,1.50
2011.11.30 14:02:51.855,1.22674,1.22695,2.63,1.50
2011.11.30 14:02:52.097,1.22682,1.22696,1.56,1.50
2011.11.30 14:02:52.218,1.22689,1.22703,1.50,1.50
2011.11.30 14:02:52.348,1.22683,1.22703,1.13,1.50
2011.11.30 14:02:52.961,1.22682,1.22701,2.63,1.50
2011.11.30 14:02:53.612,1.22677,1.22698,4.13,1.50
2011.11.30 14:02:53.748,1.22677,1.22698,4.13,1.50
2011.11.30 14:02:54.000,1.22677,1.22698,1.50,2.25
2011.11.30 14:02:54.124,1.22672,1.22692,1.13,2.25
2011.11.30 14:02:54.252,1.22667,1.22688,2.25,1.50
2011.11.30 14:02:54.855,1.22666,1.22689,2.25,1.50
2011.11.30 14:02:55.381,1.22666,1.22689,2.25,1.50
2011.11.30 14:02:55.896,1.22663,1.22686,2.63,2.63
2011.11.30 14:02:56.029,1.22667,1.2269,2.25,2.25
2011.11.30 14:02:56.632,1.2267,1.22691,2.25,2.25
2011.11.30 14:02:57.001,1.2267,1.22691,2.25,2.25
2011.11.30 14:02:57.371,1.22675,1.22696,2.25,1.88
2011.11.30 14:02:57.501,1.22675,1.22696,2.25,1.50
2011.11.30 14:02:58.217,1.22671,1.22693,1.13,1.50
2011.11.30 14:02:58.568,1.22671,1.22692,2.63,1.50
2011.11.30 14:02:58.805,1.22671,1.22692,2.63,1.50
2011.11.30 14:02:59.496,1.22673,1.22694,2.25,1.50
2011.11.30 14:02:59.614,1.22674,1.22697,2.25,1.50
2011.11.30 14:02:59.857,1.22676,1.22699,2.25,1.50
2011.11.30 14:03:00.094,1.22676,1.22699,2.25,1.50
2011.11.30 14:03:00.766,1.22678,1.22701,2.25,1.50
2011.11.30 14:03:01.598,1.22681,1.22702,2.25,1.50
2011.11.30 14:03:01.959,1.22681,1.22702,2.25,1.50
2011.11.30 14:03:03.818,1.22681,1.22702,2.25,1.50
2011.11.30 14:03:04.069,1.22679,1.227,2.25,1.50
2011.11.30 14:03:04.197,1.22677,1.22698,2.25,1.50
2011.11.30 14:03:04.568,1.22675,1.22696,2.25,1.50
2011.11.30 14:03:05.154,1.22675,1.22696,2.25,1.50
2011.11.30 14:03:06.307,1.22675,1.22696,2.25,1.50
2011.11.30 14:03:06.555,1.22672,1.22694,1.13,1.50
2011.11.30 14:03:07.839,1.22672,1.22694,1.13,1.50
2011.11.30 14:03:08.087,1.22673,1.22696,2.25,1.50
2011.11.30 14:03:08.204,1.22675,1.22698,2.25,1.50
2011.11.30 14:03:09.127,1.22673,1.22696,2.25,2.25
2011.11.30 14:03:09.319,1.22672,1.22695,2.25,1.50
2011.11.30 14:03:09.925,1.22676,1.22697,2.25,1.50
2011.11.30 14:03:10.611,1.22676,1.22697,2.25,1.50
2011.11.30 14:03:10.843,1.22677,1.227,1.50,1.50
2011.11.30 14:03:11.189,1.22677,1.227,1.50,2.25
2011.11.30 14:03:11.864,1.22671,1.22694,2.25,1.50
2011.11.30 14:03:12.241,1.22673,1.22696,2.25,1.50
2011.11.30 14:03:12.718,1.22678,1.22699,1.50,3.38
2011.11.30 14:03:12.848,1.22678,1.22699,2.25,1.50
2011.11.30 14:03:12.975,1.22678,1.22699,2.25,1.50
2011.11.30 14:03:13.095,1.22678,1.22699,2.25,1.50
2011.11.30 14:03:13.454,1.2268,1.227,2.25,1.50
2011.11.30 14:03:14.271,1.22677,1.227,2.25,3.38
2011.11.30 14:03:14.753,1.2268,1.227,2.25,1.88
2011.11.30 14:03:14.879,1.2268,1.227,2.25,1.88
2011.11.30 14:03:15.827,1.2268,1.227,2.25,1.88
2011.11.30 14:03:15.955,1.2268,1.227,2.25,1.88
2011.11.30 14:03:16.534,1.22675,1.22698,2.25,1.50
2011.11.30 14:03:17.838,1.22675,1.22698,2.25,1.50
2011.11.30 14:03:17.964,1.22677,1.227,2.25,1.50
2011.11.30 14:03:18.592,1.22676,1.22697,2.25,1.50
2011.11.30 14:03:18.956,1.22674,1.22695,2.25,1.50
2011.11.30 14:03:19.432,1.22674,1.22695,2.25,1.50
2011.11.30 14:03:19.556,1.22677,1.227,2.25,1.50
2011.11.30 14:03:19.675,1.22676,1.22697,2.25,1.50
2011.11.30 14:03:20.036,1.22678,1.22699,1.50,1.50
2011.11.30 14:03:20.382,1.22678,1.22699,2.25,1.50
2011.11.30 14:03:20.911,1.22674,1.22697,2.25,1.50
2011.11.30 14:03:21.160,1.22673,1.22694,2.25,1.50
2011.11.30 14:03:21.516,1.2267,1.22693,2.25,1.50
2011.11.30 14:03:21.858,1.2267,1.22693,2.25,1.50
2011.11.30 14:03:22.765,1.2267,1.22693,2.25,1.50
2011.11.30 14:03:23.669,1.22669,1.22688,1.13,1.50
2011.11.30 14:03:23.803,1.22669,1.22688,1.13,1.50
2011.11.30 14:03:23.929,1.22667,1.22688,2.25,1.50
2011.11.30 14:03:24.173,1.22667,1.22688,2.25,1.50
2011.11.30 14:03:24.534,1.22668,1.22691,2.25,1.50
2011.11.30 14:03:26.130,1.22668,1.22691,2.25,1.50
2011.11.30 14:03:26.815,1.22668,1.22691,2.25,1.50
2011.11.30 14:03:27.406,1.22668,1.22691,2.25,1.50
2011.11.30 14:03:28.254,1.22668,1.22691,2.25,1.50
2011.11.30 14:03:28.620,1.22673,1.22694,1.50,1.50
2011.11.30 14:03:28.752,1.22673,1.22694,2.25,1.50
2011.11.30 14:03:29.236,1.22673,1.22694,2.25,1.50
2011.11.30 14:03:30.543,1.22673,1.22694,2.25,3.00
2011.11.30 14:03:30.673,1.22671,1.22691,1.50,1.50
2011.11.30 14:03:30.801,1.22665,1.22686,2.69,1.50
2011.11.30 14:03:31.409,1.22667,1.22688,2.25,1.50
2011.11.30 14:03:31.536,1.22667,1.22688,2.25,1.50
2011.11.30 14:03:31.660,1.22668,1.22691,2.25,2.25
2011.11.30 14:03:31.900,1.22668,1.22691,2.25,2.25
2011.11.30 14:03:32.027,1.2267,1.22693,2.25,1.50
2011.11.30 14:03:32.463,1.22676,1.22697,2.25,1.50
2011.11.30 14:03:32.601,1.22682,1.22697,1.50,1.50
2011.11.30 14:03:32.852,1.22689,1.22703,1.50,2.25
2011.11.30 14:03:33.101,1.22693,1.22707,1.50,1.88
2011.11.30 14:03:33.457,1.22692,1.22707,3.00,1.88
2011.11.30 14:03:33.588,1.22693,1.2271,1.50,1.88
2011.11.30 14:03:33.720,1.22693,1.22713,1.50,3.38
2011.11.30 14:03:34.292,1.22694,1.22712,2.25,1.88
2011.11.30 14:03:35.003,1.22693,1.22716,2.25,3.38
2011.11.30 14:03:36.157,1.22693,1.22711,1.50,1.50
2011.11.30 14:03:36.287,1.2269,1.22711,2.25,1.50
2011.11.30 14:03:36.646,1.2269,1.22713,2.25,1.50
2011.11.30 14:03:36.888,1.2269,1.22713,1.50,2.25
2011.11.30 14:03:37.423,1.2269,1.22713,2.25,1.50
2011.11.30 14:03:37.786,1.2269,1.22713,2.25,1.50
2011.11.30 14:03:38.149,1.22688,1.22711,2.69,1.50
2011.11.30 14:03:38.746,1.22691,1.22712,2.25,1.50
2011.11.30 14:03:41.037,1.22691,1.22712,2.25,1.50
2011.11.30 14:03:41.814,1.22691,1.22712,2.25,1.50
2011.11.30 14:03:41.939,1.22691,1.22712,2.25,1.50
2011.11.30 14:03:42.187,1.22691,1.22712,2.25,1.50
2011.11.30 14:03:42.784,1.22689,1.2271,2.25,1.50
2011.11.30 14:03:42.905,1.2269,1.22713,2.25,1.50
2011.11.30 14:03:43.031,1.22687,1.22706,1.19,1.50
2011.11.30 14:03:43.268,1.22689,1.22712,1.56,2.25
2011.11.30 14:03:43.395,1.22689,1.22712,2.31,1.50
2011.11.30 14:03:44.218,1.22689,1.22712,2.31,1.50
2011.11.30 14:03:44.584,1.22688,1.22709,2.31,1.50
2011.11.30 14:03:45.287,1.22688,1.22709,2.31,2.25
2011.11.30 14:03:45.753,1.22688,1.22709,2.31,2.25
2011.11.30 14:03:46.341,1.22688,1.22709,2.69,2.25
2011.11.30 14:03:47.048,1.22689,1.22709,1.13,2.25
2011.11.30 14:03:47.659,1.22689,1.22709,1.19,1.50
2011.11.30 14:03:48.247,1.22688,1.22709,2.69,1.50
2011.11.30 14:03:48.450,1.22688,1.22704,2.69,4.50
2011.11.30 14:03:48.805,1.2269,1.22704,2.25,4.50
2011.11.30 14:03:48.929,1.2269,1.22709,2.25,2.20
2011.11.30 14:03:49.064,1.22693,1.22716,2.85,2.20
2011.11.30 14:03:49.188,1.22697,1.2272,2.63,2.21
2011.11.30 14:03:49.317,1.22697,1.2272,2.63,1.50
2011.11.30 14:03:49.554,1.22699,1.22722,2.25,1.50
2011.11.30 14:03:49.898,1.22699,1.22722,2.25,1.50
2011.11.30 14:03:50.494,1.22698,1.22719,2.63,1.50
2011.11.30 14:03:51.098,1.22698,1.22718,1.13,1.50
2011.11.30 14:03:51.230,1.22698,1.2272,1.13,1.50
2011.11.30 14:03:52.154,1.22698,1.2272,1.13,1.50
2011.11.30 14:03:52.752,1.22701,1.22722,1.50,1.50
2011.11.30 14:03:53.586,1.22702,1.22723,3.00,1.50
2011.11.30 14:03:54.312,1.22701,1.22721,1.50,1.50
2011.11.30 14:03:54.917,1.22701,1.22722,3.00,1.50
2011.11.30 14:03:57.505,1.22701,1.22722,2.25,2.25
2011.11.30 14:03:58.525,1.22699,1.2272,2.25,1.50
2011.11.30 14:03:58.663,1.227,1.22723,2.25,1.50
2011.11.30 14:03:59.497,1.22699,1.2272,2.25,1.50
2011.11.30 14:03:59.740,1.227,1.22723,2.25,1.50
2011.11.30 14:04:00.540,1.22697,1.2272,2.25,1.50
2011.11.30 14:04:00.912,1.22674,1.22684,1.56,4.50
2011.11.30 14:04:01.047,1.22666,1.22689,2.31,1.50
2011.11.30 14:04:01.171,1.22666,1.22687,2.31,2.20
2011.11.30 14:04:01.418,1.22666,1.22685,1.50,4.50
2011.11.30 14:04:01.785,1.22664,1.22685,1.50,6.00
2011.11.30 14:04:02.828,1.22664,1.22685,2.25,6.00
2011.11.30 14:04:03.654,1.22663,1.22685,3.00,5.25
2011.11.30 14:04:04.252,1.22663,1.22685,2.25,4.50
2011.11.30 14:04:05.179,1.2266,1.22681,1.50,1.50
2011.11.30 14:04:05.306,1.2266,1.22681,1.50,2.25
2011.11.30 14:04:05.427,1.22657,1.22678,2.25,2.25
2011.11.30 14:04:05.545,1.22658,1.22681,2.25,1.50
2011.11.30 14:04:05.786,1.22658,1.22681,2.25,2.25
2011.11.30 14:04:05.909,1.22658,1.22681,2.25,2.25
2011.11.30 14:04:06.159,1.22668,1.22688,2.25,2.63
2011.11.30 14:04:06.411,1.22665,1.22688,2.25,2.25
2011.11.30 14:04:06.774,1.22663,1.22686,2.25,1.50
2011.11.30 14:04:07.014,1.22663,1.22686,1.50,2.25
2011.11.30 14:04:08.195,1.22667,1.22688,1.50,2.25
2011.11.30 14:04:08.313,1.22667,1.22688,1.50,1.50
2011.11.30 14:04:08.555,1.22669,1.2269,1.50,1.50
2011.11.30 14:04:08.918,1.22681,1.22704,2.25,2.21
2011.11.30 14:04:09.166,1.22685,1.22708,1.50,1.50
2011.11.30 14:04:10.406,1.22685,1.22708,1.50,2.25
2011.11.30 14:04:10.773,1.2269,1.22704,1.50,1.50
2011.11.30 14:04:10.900,1.2269,1.2271,1.50,1.90
2011.11.30 14:04:11.029,1.22685,1.22708,1.50,1.50
2011.11.30 14:04:11.638,1.22685,1.22708,1.50,2.25
2011.11.30 14:04:11.995,1.22684,1.22705,1.50,1.50
2011.11.30 14:04:12.596,1.22684,1.22705,1.50,2.25
2011.11.30 14:04:13.164,1.22684,1.22705,1.50,1.50
2011.11.30 14:04:13.756,1.22681,1.22704,2.25,1.50
2011.11.30 14:04:14.120,1.22684,1.22707,1.50,2.25
2011.11.30 14:04:14.868,1.22684,1.22705,2.25,1.50
2011.11.30 14:04:15.007,1.22689,1.22712,1.50,1.50
2011.11.30 14:04:15.379,1.22691,1.22714,1.50,3.38
2011.11.30 14:04:15.747,1.22689,1.22712,1.50,1.50
2011.11.30 14:04:17.842,1.22687,1.2271,1.50,1.50
2011.11.30 14:04:18.196,1.22686,1.22707,1.50,1.50
2011.11.30 14:04:18.552,1.22684,1.22705,2.25,1.50
2011.11.30 14:04:19.046,1.22681,1.22702,1.50,1.50
2011.11.30 14:04:19.695,1.22693,1.22712,2.25,1.50
2011.11.30 14:04:20.060,1.22695,1.22715,3.00,4.50
2011.11.30 14:04:20.776,1.22695,1.22715,2.25,4.50
2011.11.30 14:04:22.108,1.22698,1.22715,1.50,4.50
2011.11.30 14:04:22.944,1.22698,1.22715,2.25,4.50
2011.11.30 14:04:24.473,1.22698,1.22719,2.25,1.50
2011.11.30 14:04:24.595,1.22698,1.22719,2.25,1.50
2011.11.30 14:04:28.043,1.22698,1.22719,2.25,1.50
2011.11.30 14:04:28.876,1.22698,1.22719,2.25,2.25
2011.11.30 14:04:28.995,1.22692,1.22703,3.38,4.50
2011.11.30 14:04:29.953,1.22671,1.22702,3.00,2.20
2011.11.30 14:04:30.308,1.22671,1.22703,1.50,2.59
2011.11.30 14:04:30.914,1.2267,1.22692,1.88,1.50
2011.11.30 14:04:31.277,1.22672,1.22693,1.50,1.50
2011.11.30 14:04:32.540,1.2267,1.22693,1.50,1.50
2011.11.30 14:04:34.295,1.22672,1.22695,1.50,2.25
2011.11.30 14:04:34.415,1.22672,1.22695,1.50,2.25
2011.11.30 14:04:34.765,1.22669,1.22692,1.50,2.25
2011.11.30 14:04:35.567,1.2267,1.22691,1.50,1.50
2011.11.30 14:04:36.058,1.22671,1.22694,1.50,1.50
2011.11.30 14:04:36.958,1.22666,1.22676,2.25,4.50
2011.11.30 14:04:37.086,1.22666,1.22689,1.50,2.25
2011.11.30 14:04:37.205,1.2266,1.22681,2.25,1.45
2011.11.30 14:04:37.324,1.22662,1.22685,1.50,2.25
2011.11.30 14:04:37.925,1.22662,1.22685,1.50,2.96
2011.11.30 14:04:38.162,1.22662,1.22685,1.50,2.96
2011.11.30 14:04:39.229,1.2266,1.22683,2.25,2.25
2011.11.30 14:04:40.487,1.2266,1.22683,2.25,1.50
2011.11.30 14:04:40.728,1.2266,1.22683,2.25,2.25
2011.11.30 14:04:41.362,1.22659,1.22682,4.13,2.25
2011.11.30 14:04:41.977,1.22661,1.22684,1.56,2.25
2011.11.30 14:04:42.344,1.22672,1.22691,2.25,1.88
2011.11.30 14:04:42.587,1.22668,1.22689,2.25,1.50
2011.11.30 14:04:42.703,1.22665,1.22688,2.25,1.50
2011.11.30 14:04:42.823,1.22667,1.2269,2.25,1.50
2011.11.30 14:04:43.535,1.22669,1.22692,1.50,1.50
2011.11.30 14:04:44.615,1.22669,1.22692,2.25,1.50
2011.11.30 14:04:44.979,1.22671,1.22694,2.25,3.38
2011.11.30 14:04:45.227,1.22674,1.22694,1.50,1.88
2011.11.30 14:04:45.874,1.2267,1.22691,1.50,2.25
2011.11.30 14:04:46.120,1.22669,1.22692,1.50,2.25
2011.11.30 14:04:46.252,1.22672,1.22693,1.50,2.25
2011.11.30 14:04:46.617,1.2267,1.22691,1.50,1.50
2011.11.30 14:04:47.204,1.22667,1.2269,2.25,1.50
2011.11.30 14:04:47.324,1.22667,1.2269,2.25,1.50
2011.11.30 14:04:47.443,1.22666,1.22687,2.25,1.50
2011.11.30 14:04:48.022,1.22666,1.22687,2.25,2.25
2011.11.30 14:04:48.511,1.22666,1.22686,1.50,1.50
2011.11.30 14:04:48.639,1.22666,1.22687,1.50,2.25
2011.11.30 14:04:48.768,1.22666,1.22687,2.25,1.50
2011.11.30 14:04:48.893,1.22666,1.22687,2.25,1.50
2011.11.30 14:04:49.829,1.22667,1.2269,2.25,1.50
2011.11.30 14:04:50.426,1.22667,1.2269,1.50,2.25
2011.11.30 14:04:50.656,1.22667,1.2269,1.50,2.25
2011.11.30 14:04:50.776,1.22667,1.2269,1.50,2.25
2011.11.30 14:04:51.005,1.22667,1.2269,1.50,2.25
2011.11.30 14:04:51.472,1.22667,1.2269,1.50,2.25
2011.11.30 14:04:52.053,1.22667,1.2269,1.50,2.25
2011.11.30 14:04:53.020,1.22663,1.22686,3.81,2.25
2011.11.30 14:04:53.391,1.22668,1.22689,1.50,2.25
2011.11.30 14:04:53.523,1.2267,1.22691,2.25,1.50
2011.11.30 14:04:53.653,1.22671,1.22694,1.50,4.13
2011.11.30 14:04:53.777,1.22671,1.22694,1.50,4.13
2011.11.30 14:04:53.894,1.22669,1.22692,1.50,2.25
2011.11.30 14:04:54.130,1.22669,1.22692,1.50,2.25
2011.11.30 14:04:54.253,1.22669,1.22692,1.50,2.25
2011.11.30 14:04:54.802,1.22669,1.22692,1.50,2.25
2011.11.30 14:04:54.927,1.22669,1.22692,1.50,2.25
2011.11.30 14:04:55.514,1.22669,1.22688,1.50,1.50
2011.11.30 14:04:55.635,1.22669,1.22692,1.50,2.25
2011.11.30 14:04:56.117,1.2267,1.22691,1.50,2.25
2011.11.30 14:04:56.241,1.22668,1.22689,1.50,2.25
2011.11.30 14:04:56.364,1.22666,1.22687,1.50,1.50
2011.11.30 14:04:57.074,1.22667,1.2269,1.50,2.25
2011.11.30 14:04:57.208,1.22669,1.22692,1.50,2.25
2011.11.30 14:04:57.812,1.22668,1.22685,1.50,4.50
2011.11.30 14:04:58.058,1.22663,1.22683,2.31,2.25
2011.11.30 14:04:58.409,1.22663,1.22682,2.31,1.50
2011.11.30 14:05:00.211,1.22664,1.22682,1.94,1.50
2011.11.30 14:05:00.338,1.22664,1.22682,1.94,1.50
2011.11.30 14:05:00.709,1.22666,1.22684,1.50,1.50
2011.11.30 14:05:00.838,1.22664,1.22687,1.88,2.25
2011.11.30 14:05:02.025,1.22664,1.22687,3.75,2.25
2011.11.30 14:05:02.148,1.22667,1.22688,1.50,2.25
2011.11.30 14:05:02.625,1.22664,1.22687,3.81,2.25
2011.11.30 14:05:02.744,1.22664,1.22687,3.81,2.25
2011.11.30 14:05:03.227,1.22664,1.22687,3.81,2.25
2011.11.30 14:05:03.778,1.22664,1.22687,3.81,2.25
2011.11.30 14:05:04.157,1.22665,1.22686,1.50,2.25
2011.11.30 14:05:04.283,1.22668,1.22691,1.50,4.13
2011.11.30 14:05:04.410,1.22668,1.22691,1.50,4.13
2011.11.30 14:05:04.542,1.22668,1.22691,1.50,3.38
2011.11.30 14:05:04.670,1.22668,1.22691,1.50,3.75
2011.11.30 14:05:05.338,1.22667,1.22688,1.50,2.25
2011.11.30 14:05:05.817,1.22669,1.2269,1.50,2.25
2011.11.30 14:05:06.959,1.22661,1.22676,1.19,2.21
2011.11.30 14:05:07.207,1.22665,1.22686,1.50,2.25
2011.11.30 14:05:07.441,1.22662,1.22683,1.13,2.25
2011.11.30 14:05:07.862,1.22668,1.22688,1.50,2.63
2011.11.30 14:05:08.001,1.22668,1.22691,1.50,4.13
2011.11.30 14:05:08.588,1.22668,1.22691,1.50,4.13
2011.11.30 14:05:08.721,1.22665,1.22688,2.25,1.50
2011.11.30 14:05:09.313,1.22665,1.22688,1.50,2.25
2011.11.30 14:05:09.781,1.22664,1.22685,2.25,1.50
2011.11.30 14:05:10.353,1.22661,1.22678,3.38,1.46
2011.11.30 14:05:10.599,1.22664,1.22687,2.25,2.25
2011.11.30 14:05:10.728,1.22662,1.22685,2.25,1.50
2011.11.30 14:05:10.976,1.22662,1.22685,2.25,1.50
2011.11.30 14:05:11.217,1.2266,1.22676,1.88,1.50
2011.11.30 14:05:11.577,1.22658,1.22674,1.13,1.50
2011.11.30 14:05:12.057,1.22656,1.22677,3.74,2.25
2011.11.30 14:05:13.569,1.22654,1.22675,4.19,1.50
2011.11.30 14:05:13.819,1.22652,1.22675,1.71,2.25
2011.11.30 14:05:13.948,1.22654,1.22675,1.19,2.25
2011.11.30 14:05:14.319,1.22661,1.22682,2.25,2.25
2011.11.30 14:05:14.871,1.22661,1.22682,2.25,1.50
2011.11.30 14:05:15.582,1.22662,1.22685,1.50,2.25
2011.11.30 14:05:15.713,1.22664,1.22685,1.50,1.50
2011.11.30 14:05:16.203,1.22669,1.2269,1.50,1.50
2011.11.30 14:05:16.743,1.22667,1.22688,1.50,2.25
2011.11.30 14:05:17.203,1.22665,1.22686,2.25,1.50
2011.11.30 14:05:17.545,1.22663,1.22684,2.25,1.50
2011.11.30 14:05:19.553,1.22663,1.22684,1.50,1.50
2011.11.30 14:05:21.694,1.22663,1.22684,2.25,1.50
2011.11.30 14:05:22.200,1.22663,1.22684,2.25,1.50
2011.11.30 14:05:22.795,1.2266,1.22683,2.25,1.50
2011.11.30 14:05:23.694,1.2266,1.22683,2.25,1.50
2011.11.30 14:05:23.820,1.2266,1.22683,2.25,1.50
2011.11.30 14:05:23.947,1.22658,1.22681,4.13,2.25
2011.11.30 14:05:24.691,1.2266,1.22683,2.25,1.50
2011.11.30 14:05:24.829,1.22663,1.22684,1.50,1.50
2011.11.30 14:05:25.324,1.22663,1.22684,2.25,1.50
2011.11.30 14:05:25.450,1.22667,1.22688,1.50,2.25
2011.11.30 14:05:27.174,1.22665,1.22686,2.25,1.50
2011.11.30 14:05:27.767,1.22665,1.22686,1.50,1.50
2011.11.30 14:05:28.144,1.22666,1.22689,1.50,1.50
2011.11.30 14:05:38.360,1.22666,1.22682,2.25,4.50
2011.11.30 14:05:38.485,1.22665,1.22686,2.25,1.50
2011.11.30 14:05:39.056,1.22665,1.22686,2.25,1.50
2011.11.30 14:05:39.637,1.22667,1.22688,1.50,1.50
2011.11.30 14:05:41.648,1.22667,1.22688,2.25,3.38
2011.11.30 14:05:42.158,1.22668,1.22688,2.25,1.88
2011.11.30 14:05:42.290,1.22668,1.22688,2.25,1.88
2011.11.30 14:05:43.337,1.22668,1.22688,2.25,1.88
2011.11.30 14:05:43.921,1.22668,1.22688,1.50,2.63
2011.11.30 14:05:45.074,1.22668,1.22688,2.25,2.63
2011.11.30 14:05:45.201,1.22671,1.22688,1.50,2.63
2011.11.30 14:05:46.155,1.22669,1.22688,1.50,2.63
2011.11.30 14:05:47.111,1.22667,1.22688,1.50,4.13
2011.11.30 14:05:47.696,1.22667,1.22688,1.50,4.13
2011.11.30 14:05:48.287,1.22669,1.22688,1.50,2.63
2011.11.30 14:05:48.855,1.22669,1.22688,1.50,1.88
2011.11.30 14:05:57.935,1.2267,1.22688,2.25,1.88
2011.11.30 14:06:00.534,1.2267,1.2269,3.00,1.88
2011.11.30 14:06:01.133,1.2267,1.2269,3.00,1.88
2011.11.30 14:06:01.636,1.2267,1.2269,3.00,1.88
2011.11.30 14:06:03.591,1.22672,1.2269,2.25,1.88
2011.11.30 14:06:03.839,1.2267,1.2269,2.25,1.88
2011.11.30 14:06:04.211,1.22665,1.22688,2.25,1.50
2011.11.30 14:06:05.182,1.22666,1.22687,2.25,1.50
2011.11.30 14:06:06.007,1.22666,1.22687,1.50,2.25
2011.11.30 14:06:06.489,1.22664,1.22685,2.25,1.50
2011.11.30 14:06:07.323,1.22664,1.22685,2.25,1.50
2011.11.30 14:06:08.260,1.22664,1.22685,2.25,1.50
2011.11.30 14:06:08.724,1.22666,1.22687,2.25,1.50
2011.11.30 14:06:09.436,1.22666,1.22687,2.25,1.50
2011.11.30 14:06:09.577,1.22666,1.22687,1.50,2.25
2011.11.30 14:06:09.699,1.22666,1.22687,2.25,1.50
2011.11.30 14:06:10.306,1.22663,1.22686,2.25,1.50
2011.11.30 14:06:10.775,1.22663,1.22686,2.25,2.10
2011.11.30 14:06:11.363,1.22662,1.22683,1.50,2.10
2011.11.30 14:06:11.506,1.22663,1.22683,1.19,1.50
2011.11.30 14:06:11.626,1.22668,1.22685,2.25,1.88
2011.11.30 14:06:11.869,1.22666,1.22689,2.25,1.50
2011.11.30 14:06:12.468,1.22666,1.22689,2.25,1.50
2011.11.30 14:06:12.596,1.22664,1.22687,2.31,1.50
2011.11.30 14:06:12.841,1.22664,1.22687,2.25,1.50
2011.11.30 14:06:12.972,1.22664,1.22687,2.25,2.25
2011.11.30 14:06:13.535,1.22661,1.22682,1.50,1.50
2011.11.30 14:06:13.888,1.22661,1.22682,1.50,2.25
2011.11.30 14:06:14.006,1.22658,1.22681,2.25,2.25
2011.11.30 14:06:14.833,1.22656,1.22679,1.50,2.25
2011.11.30 14:06:16.576,1.22656,1.22679,1.50,2.25
2011.11.30 14:06:16.700,1.22654,1.22675,1.50,1.50
2011.11.30 14:06:18.665,1.22654,1.22675,1.50,2.25
2011.11.30 14:06:19.260,1.22654,1.22675,1.50,2.25
2011.11.30 14:06:20.087,1.22659,1.22677,1.50,1.88
2011.11.30 14:06:20.666,1.22659,1.22678,1.50,1.88
2011.11.30 14:06:20.783,1.22657,1.22678,1.50,1.88
2011.11.30 14:06:22.415,1.22656,1.22677,1.50,1.50
2011.11.30 14:06:22.540,1.22656,1.22677,1.50,2.25
2011.11.30 14:06:22.667,1.22652,1.22675,1.50,2.25
2011.11.30 14:06:22.896,1.22655,1.22676,1.50,2.25
2011.11.30 14:06:23.243,1.22655,1.22676,1.50,2.25
2011.11.30 14:06:23.364,1.22655,1.22676,1.50,2.25
2011.11.30 14:06:23.486,1.22653,1.22674,1.50,2.25
2011.11.30 14:06:24.088,1.22664,1.22686,2.31,1.84
2011.11.30 14:06:24.567,1.22671,1.2269,3.00,4.50
2011.11.30 14:06:24.701,1.22673,1.22696,2.25,1.50
2011.11.30 14:06:25.789,1.22675,1.22697,2.25,2.59
2011.11.30 14:06:25.926,1.22675,1.22697,2.25,2.85
2011.11.30 14:06:26.580,1.22667,1.22688,2.25,1.50
2011.11.30 14:06:26.710,1.22667,1.22688,2.25,3.38
2011.11.30 14:06:27.296,1.22667,1.22688,2.25,3.38
2011.11.30 14:06:27.659,1.22667,1.22688,2.25,3.38
2011.11.30 14:06:27.785,1.22667,1.22688,2.25,3.38
2011.11.30 14:06:28.375,1.22667,1.22684,2.25,1.88
2011.11.30 14:06:28.718,1.22668,1.22684,1.50,1.88
2011.11.30 14:06:29.249,1.22667,1.22687,2.25,1.88
2011.11.30 14:06:29.375,1.22667,1.22685,2.25,1.88
2011.11.30 14:06:30.283,1.22667,1.22685,2.25,1.88
2011.11.30 14:06:30.874,1.22669,1.22685,2.25,1.88
2011.11.30 14:06:31.110,1.22672,1.2269,1.65,1.50
2011.11.30 14:06:31.637,1.22676,1.22698,1.50,3.34
2011.11.30 14:06:31.999,1.22683,1.22704,1.50,3.08
2011.11.30 14:06:32.125,1.22683,1.22704,1.50,2.25
2011.11.30 14:06:32.608,1.22682,1.22705,1.50,2.25
2011.11.30 14:06:32.741,1.22682,1.22705,1.50,2.25
2011.11.30 14:06:33.502,1.2268,1.22703,1.50,2.25
2011.11.30 14:06:33.637,1.22678,1.22697,1.50,1.50
2011.11.30 14:06:33.764,1.22674,1.22696,1.56,1.50
2011.11.30 14:06:34.010,1.22675,1.22698,2.31,3.38
2011.11.30 14:06:34.137,1.22675,1.22698,2.25,4.13
2011.11.30 14:06:34.493,1.22676,1.22697,1.50,2.25
2011.11.30 14:06:34.613,1.22674,1.22695,1.50,1.50
2011.11.30 14:06:34.975,1.22674,1.22695,2.25,1.50
2011.11.30 14:06:35.850,1.22675,1.22696,2.25,1.88
2011.11.30 14:06:36.234,1.22683,1.22702,1.19,1.50
2011.11.30 14:06:36.363,1.22685,1.22702,1.19,1.50
2011.11.30 14:06:36.731,1.22688,1.22707,1.84,3.38
2011.11.30 14:06:37.522,1.22684,1.22703,3.08,1.88
2011.11.30 14:06:38.256,1.22685,1.22703,1.50,1.88
2011.11.30 14:06:38.375,1.22683,1.22703,1.50,1.88
2011.11.30 14:06:39.045,1.22683,1.22703,1.50,2.63
2011.11.30 14:06:39.165,1.22678,1.22699,1.50,2.33
2011.11.30 14:06:39.406,1.22678,1.22697,1.50,1.50
2011.11.30 14:06:39.766,1.22678,1.22694,1.50,1.88
2011.11.30 14:06:40.466,1.2268,1.22696,4.50,1.88
2011.11.30 14:06:40.709,1.2268,1.22699,4.50,1.88
2011.11.30 14:06:41.298,1.22682,1.22698,1.50,1.88
2011.11.30 14:06:42.253,1.22683,1.22698,1.50,1.88
2011.11.30 14:06:42.377,1.22683,1.22698,1.50,1.88
2011.11.30 14:06:43.513,1.22682,1.22698,1.50,2.63
2011.11.30 14:06:43.755,1.22679,1.22698,2.25,1.88
2011.11.30 14:06:43.879,1.22682,1.22698,2.25,1.88
2011.11.30 14:06:44.128,1.2268,1.22698,2.25,1.88
2011.11.30 14:06:44.256,1.2268,1.22701,2.25,3.38
2011.11.30 14:06:44.855,1.2268,1.227,2.25,1.88
2011.11.30 14:06:45.675,1.2268,1.227,2.25,1.88
2011.11.30 14:06:46.386,1.2268,1.227,2.25,1.88
2011.11.30 14:06:46.963,1.22678,1.22699,2.25,1.50
2011.11.30 14:06:47.643,1.22678,1.22699,2.25,1.50
2011.11.30 14:06:49.107,1.22676,1.22697,2.25,1.50
2011.11.30 14:06:50.601,1.22677,1.227,2.25,3.38
2011.11.30 14:06:51.205,1.22677,1.227,2.25,3.38
2011.11.30 14:06:51.897,1.22677,1.227,2.25,3.38
2011.11.30 14:06:52.265,1.22677,1.227,2.25,3.38
2011.11.30 14:06:52.385,1.2268,1.22703,2.25,1.50
2011.11.30 14:06:53.324,1.2268,1.22703,2.25,3.38
2011.11.30 14:06:53.928,1.22684,1.22703,1.50,3.38
2011.11.30 14:06:54.047,1.2268,1.22703,2.25,3.38
2011.11.30 14:06:54.165,1.2268,1.22702,2.25,1.88
2011.11.30 14:06:54.651,1.22678,1.22701,2.25,1.50
2011.11.30 14:06:55.287,1.22683,1.22704,2.25,3.38
2011.11.30 14:06:55.646,1.22683,1.22702,2.25,1.88
2011.11.30 14:06:56.236,1.2268,1.22702,3.00,1.88
2011.11.30 14:06:58.092,1.22682,1.22702,2.25,1.88
2011.11.30 14:06:58.215,1.22682,1.22704,2.25,1.88
2011.11.30 14:06:58.338,1.22681,1.22702,2.25,1.50
2011.11.30 14:06:58.587,1.22681,1.22702,2.25,1.50
2011.11.30 14:06:58.707,1.22681,1.22702,2.25,1.50
2011.11.30 14:06:59.295,1.22678,1.22701,2.25,1.50
2011.11.30 14:06:59.654,1.22678,1.22701,2.25,1.50
2011.11.30 14:07:00.216,1.22677,1.22698,2.25,1.50
2011.11.30 14:07:00.801,1.22677,1.22698,2.25,1.50
2011.11.30 14:07:01.169,1.2268,1.227,2.25,1.88
2011.11.30 14:07:01.730,1.2268,1.227,2.25,1.88
2011.11.30 14:07:02.609,1.22681,1.227,1.50,1.88
2011.11.30 14:07:03.325,1.2268,1.227,2.25,1.88
2011.11.30 14:07:03.446,1.2268,1.227,2.25,1.88
2011.11.30 14:07:03.809,1.22682,1.227,2.25,1.88
2011.11.30 14:07:04.174,1.22682,1.22703,2.25,1.88
2011.11.30 14:07:05.063,1.22682,1.22701,2.25,1.88
2011.11.30 14:07:05.533,1.2268,1.22703,2.25,3.38
2011.11.30 14:07:05.894,1.2268,1.22702,2.25,1.88
2011.11.30 14:07:06.786,1.22684,1.22707,2.25,1.50
2011.11.30 14:07:07.427,1.22686,1.22709,2.25,1.50
2011.11.30 14:07:07.554,1.22692,1.22715,2.25,1.50
2011.11.30 14:07:08.134,1.22692,1.22715,2.25,1.50
2011.11.30 14:07:08.485,1.22692,1.22715,2.25,1.50
2011.11.30 14:07:08.950,1.22692,1.22715,2.25,1.50
2011.11.30 14:07:09.081,1.22694,1.22717,2.25,1.50
2011.11.30 14:07:09.329,1.22692,1.22715,2.25,1.50
2011.11.30 14:07:09.907,1.22692,1.22715,2.25,1.50
2011.11.30 14:07:10.509,1.22693,1.22714,2.25,1.50
2011.11.30 14:07:10.638,1.22694,1.22717,2.25,1.50
2011.11.30 14:07:11.237,1.22692,1.22715,2.25,1.50
2011.11.30 14:07:12.295,1.22694,1.22717,2.25,1.50
2011.11.30 14:07:12.420,1.22694,1.22717,2.25,1.50
2011.11.30 14:07:12.790,1.22702,1.22717,1.50,1.50
2011.11.30 14:07:12.923,1.22702,1.22717,1.50,1.50
2011.11.30 14:07:13.050,1.22691,1.22712,2.31,1.50
2011.11.30 14:07:13.184,1.22696,1.22717,2.25,1.50
2011.11.30 14:07:13.308,1.22696,1.22717,2.25,1.50
2011.11.30 14:07:13.675,1.22693,1.22714,2.25,1.50
2011.11.30 14:07:14.244,1.22693,1.22714,2.25,1.50
2011.11.30 14:07:14.825,1.22694,1.22717,2.25,1.50
2011.11.30 14:07:14.945,1.22694,1.22717,2.25,1.50
2011.11.30 14:07:15.311,1.22709,1.22719,4.50,1.88
2011.11.30 14:07:15.437,1.22695,1.22718,2.31,1.50
2011.11.30 14:07:15.560,1.22695,1.22718,3.75,1.50
2011.11.30 14:07:15.807,1.22694,1.22715,2.25,1.50
2011.11.30 14:07:16.590,1.22692,1.22713,2.25,1.50
2011.11.30 14:07:16.836,1.22693,1.22716,2.25,1.50
2011.11.30 14:07:17.184,1.22691,1.22714,2.25,1.50
2011.11.30 14:07:18.340,1.22693,1.22716,2.25,1.50
2011.11.30 14:07:22.043,1.22691,1.22714,2.25,1.50
2011.11.30 14:07:24.120,1.22695,1.22718,2.25,1.50
2011.11.30 14:07:24.249,1.22695,1.22718,2.25,1.50
2011.11.30 14:07:24.891,1.22702,1.22723,2.25,1.50
2011.11.30 14:07:25.374,1.22699,1.2272,2.25,1.50
2011.11.30 14:07:25.716,1.22699,1.2272,2.25,1.50
2011.11.30 14:07:29.446,1.22699,1.2272,2.25,1.50
2011.11.30 14:07:30.275,1.22702,1.22723,1.13,1.50
2011.11.30 14:07:30.875,1.22701,1.22722,2.25,1.50
2011.11.30 14:07:31.480,1.227,1.22723,2.25,1.50
2011.11.30 14:07:32.534,1.22699,1.22721,2.25,1.50
2011.11.30 14:07:33.263,1.227,1.22723,2.25,1.50
2011.11.30 14:07:33.724,1.22699,1.2272,3.75,1.50
2011.11.30 14:07:36.057,1.227,1.22723,2.25,1.50
2011.11.30 14:07:37.581,1.22701,1.22722,2.25,1.50
2011.11.30 14:07:38.165,1.22699,1.2272,2.25,1.50
2011.11.30 14:07:38.281,1.227,1.22723,2.25,1.50
2011.11.30 14:07:39.393,1.22699,1.22721,2.25,1.50
2011.11.30 14:07:40.151,1.22701,1.22722,2.25,1.50
2011.11.30 14:07:40.736,1.22701,1.22722,2.25,1.50
2011.11.30 14:07:41.094,1.22702,1.22724,2.25,1.88
2011.11.30 14:07:41.453,1.22701,1.22722,3.75,1.50
2011.11.30 14:07:42.356,1.22699,1.2272,3.75,1.50
2011.11.30 14:07:42.478,1.22701,1.22722,2.25,1.50
2011.11.30 14:07:43.090,1.227,1.22723,2.25,1.50
2011.11.30 14:07:44.265,1.227,1.22723,2.25,1.50
2011.11.30 14:07:45.547,1.22702,1.22724,2.25,1.88
2011.11.30 14:07:46.502,1.22702,1.22724,2.25,1.88
2011.11.30 14:07:46.965,1.22706,1.22729,2.25,2.96
2011.11.30 14:07:47.320,1.22709,1.2273,2.25,3.38
2011.11.30 14:07:47.687,1.22717,1.22734,2.25,1.88
2011.11.30 14:07:47.808,1.22715,1.22736,2.25,1.88
2011.11.30 14:07:48.178,1.22717,1.22737,2.25,1.88
2011.11.30 14:07:49.503,1.22716,1.22737,2.25,1.88
2011.11.30 14:07:49.749,1.22719,1.2274,2.25,1.50
2011.11.30 14:07:49.996,1.22719,1.2274,2.25,1.50
2011.11.30 14:07:50.117,1.22721,1.22742,2.25,1.50
2011.11.30 14:07:50.586,1.22723,1.22744,2.25,1.50
2011.11.30 14:07:50.948,1.22725,1.22746,2.25,1.50
2011.11.30 14:07:51.185,1.22726,1.22749,1.50,4.13
2011.11.30 14:07:51.683,1.22729,1.22749,2.25,1.88
2011.11.30 14:07:52.288,1.22727,1.22748,2.25,1.50
2011.11.30 14:07:53.118,1.22727,1.22748,2.25,1.50
2011.11.30 14:07:53.247,1.22724,1.22745,2.25,1.50
2011.11.30 14:07:53.364,1.22724,1.22745,1.50,1.50
2011.11.30 14:07:53.603,1.22723,1.22745,2.25,1.50
2011.11.30 14:07:54.103,1.22723,1.22742,2.25,1.50
2011.11.30 14:07:54.344,1.22721,1.22742,2.25,1.50
2011.11.30 14:07:54.588,1.22719,1.2274,3.75,1.50
2011.11.30 14:07:55.855,1.22719,1.22737,2.25,1.50
2011.11.30 14:07:57.159,1.22718,1.22741,2.25,1.50
2011.11.30 14:07:57.298,1.2272,1.22743,2.25,1.50
2011.11.30 14:07:57.993,1.2272,1.22743,2.25,1.50
2011.11.30 14:07:59.476,1.2272,1.22735,3.75,4.50
2011.11.30 14:07:59.594,1.2272,1.22737,1.50,2.25
2011.11.30 14:07:59.836,1.22719,1.22739,2.25,1.50
2011.11.30 14:07:59.955,1.22718,1.22739,2.25,1.50
2011.11.30 14:08:00.485,1.22718,1.22739,2.25,1.50
2011.11.30 14:08:00.605,1.2272,1.22742,4.13,1.50
2011.11.30 14:08:00.972,1.22719,1.22742,3.75,2.25
2011.11.30 14:08:01.102,1.22719,1.22736,1.50,1.50
2011.11.30 14:08:01.230,1.22716,1.22736,1.88,1.50
2011.11.30 14:08:01.357,1.22716,1.22737,4.13,1.50
2011.11.30 14:08:01.480,1.22719,1.22742,2.25,1.50
2011.11.30 14:08:01.609,1.22721,1.22744,2.25,2.25
2011.11.30 14:08:01.736,1.22721,1.22744,2.25,1.50
2011.11.30 14:08:02.313,1.22718,1.22737,2.25,1.50
2011.11.30 14:08:02.788,1.22718,1.22737,1.50,1.50
2011.11.30 14:08:02.924,1.2272,1.22741,2.25,1.50
2011.11.30 14:08:03.048,1.22718,1.2274,2.25,1.50
2011.11.30 14:08:03.300,1.22717,1.22736,1.50,1.50
2011.11.30 14:08:03.424,1.22714,1.22736,3.38,1.50
2011.11.30 14:08:03.793,1.22714,1.22736,2.63,1.50
2011.11.30 14:08:04.158,1.22707,1.22727,1.56,2.96
2011.11.30 14:08:04.276,1.22708,1.22726,1.50,1.46
2011.11.30 14:08:04.394,1.22706,1.22727,1.50,2.96
2011.11.30 14:08:05.305,1.22702,1.22723,1.50,1.50
2011.11.30 14:08:05.549,1.227,1.22723,1.50,2.25
2011.11.30 14:08:06.132,1.22699,1.22722,2.25,2.25
2011.11.30 14:08:06.725,1.22702,1.22724,2.25,3.00
2011.11.30 14:08:07.676,1.22704,1.22723,1.88,1.50
2011.11.30 14:08:08.269,1.22703,1.22723,2.63,1.50
2011.11.30 14:08:08.756,1.22703,1.22723,1.88,2.21
2011.11.30 14:08:09.351,1.227,1.22721,3.38,2.25
2011.11.30 14:08:09.868,1.227,1.22721,3.38,1.50
2011.11.30 14:08:09.990,1.227,1.22721,4.13,1.50
2011.11.30 14:08:10.347,1.22702,1.22723,2.25,2.25
2011.11.30 14:08:10.464,1.22704,1.22725,1.50,2.25
2011.11.30 14:08:10.926,1.22705,1.22728,2.25,1.50
2011.11.30 14:08:11.273,1.22704,1.22725,1.50,1.50
2011.11.30 14:08:11.636,1.22702,1.22724,1.88,2.25
2011.11.30 14:08:11.973,1.22707,1.22728,1.50,2.25
2011.11.30 14:08:12.518,1.22702,1.22725,1.50,2.25
2011.11.30 14:08:12.866,1.22703,1.22724,1.50,2.25
2011.11.30 14:08:13.313,1.22705,1.22725,1.50,2.63
2011.11.30 14:08:13.436,1.22703,1.22724,1.50,2.25
2011.11.30 14:08:14.784,1.22701,1.22722,1.50,2.25
2011.11.30 14:08:15.432,1.22702,1.22725,1.50,4.13
2011.11.30 14:08:15.976,1.22701,1.22722,1.50,2.25
2011.11.30 14:08:18.220,1.22702,1.22724,1.50,1.50
2011.11.30 14:08:18.353,1.22704,1.22727,1.50,2.25
2011.11.30 14:08:18.599,1.22708,1.22731,1.50,2.25
2011.11.30 14:08:18.725,1.2271,1.22733,1.50,2.63
2011.11.30 14:08:19.769,1.2271,1.22733,1.50,4.13
2011.11.30 14:08:19.898,1.2271,1.22733,1.50,4.13
2011.11.30 14:08:20.026,1.22709,1.2273,1.50,1.50
2011.11.30 14:08:20.149,1.22706,1.22729,1.50,2.25
2011.11.30 14:08:20.743,1.22704,1.22726,1.88,2.25
2011.11.30 14:08:20.868,1.22705,1.22728,1.50,2.25
2011.11.30 14:08:20.995,1.22705,1.22728,1.50,2.25
2011.11.30 14:08:21.113,1.22705,1.22728,1.50,1.50
2011.11.30 14:08:21.235,1.22709,1.2273,1.50,1.50
2011.11.30 14:08:21.599,1.22709,1.2273,1.50,2.25
2011.11.30 14:08:21.970,1.22706,1.22729,2.25,2.96
2011.11.30 14:08:22.215,1.22704,1.22725,1.50,2.25
2011.11.30 14:08:23.757,1.22704,1.22725,2.25,1.50
2011.11.30 14:08:24.239,1.22704,1.22725,1.50,2.25
2011.11.30 14:08:24.605,1.22704,1.22725,1.50,2.25
2011.11.30 14:08:24.725,1.22701,1.22724,1.50,2.25
2011.11.30 14:08:24.844,1.22704,1.22725,1.50,2.25
2011.11.30 14:08:25.373,1.22702,1.22723,1.50,2.25
2011.11.30 14:08:25.617,1.22704,1.22725,1.50,2.25
2011.11.30 14:08:25.733,1.22701,1.22724,1.50,2.25
2011.11.30 14:08:26.248,1.22704,1.22725,1.50,2.25
2011.11.30 14:08:26.714,1.22701,1.22724,1.50,2.25
2011.11.30 14:08:27.636,1.22701,1.22724,1.50,2.25
2011.11.30 14:08:27.875,1.22704,1.22725,1.50,2.25
2011.11.30 14:08:28.350,1.22702,1.22723,1.50,2.25
2011.11.30 14:08:29.484,1.22703,1.22723,4.50,2.25
2011.11.30 14:08:30.183,1.22702,1.22723,2.25,2.25
2011.11.30 14:08:30.742,1.22702,1.22723,1.50,2.25
2011.11.30 14:08:30.972,1.22702,1.22723,1.50,2.25
2011.11.30 14:08:31.630,1.22703,1.22726,1.50,2.25
2011.11.30 14:08:31.997,1.22701,1.22724,1.50,2.25
2011.11.30 14:08:32.575,1.22701,1.22724,1.50,2.25
2011.11.30 14:08:33.037,1.227,1.22721,3.00,2.25
2011.11.30 14:08:33.890,1.22697,1.2272,1.50,3.00
2011.11.30 14:08:34.502,1.22697,1.22713,1.50,5.25
2011.11.30 14:08:34.990,1.22697,1.2272,1.50,2.25
2011.11.30 14:08:35.115,1.22697,1.2272,1.50,2.25
2011.11.30 14:08:35.236,1.22702,1.22723,1.50,2.25
2011.11.30 14:08:36.094,1.22701,1.22724,3.00,2.25
2011.11.30 14:08:36.443,1.22703,1.22726,1.50,2.25
2011.11.30 14:08:37.040,1.22701,1.2272,3.00,2.20
2011.11.30 14:08:37.284,1.22698,1.22717,1.50,1.50
2011.11.30 14:08:39.019,1.22698,1.22715,1.50,1.50
2011.11.30 14:08:39.267,1.22702,1.2272,1.50,1.45
2011.11.30 14:08:39.843,1.22702,1.22725,1.50,2.25
2011.11.30 14:08:41.605,1.22701,1.22722,1.50,2.25
2011.11.30 14:08:42.115,1.22701,1.22722,2.25,1.50
2011.11.30 14:08:43.189,1.22701,1.22722,1.50,2.25
2011.11.30 14:08:43.678,1.22701,1.22722,2.25,6.00
2011.11.30 14:08:43.802,1.22701,1.22722,2.25,1.50
2011.11.30 14:08:43.929,1.22702,1.22725,2.25,2.25
2011.11.30 14:08:44.466,1.22704,1.22727,2.63,2.25
2011.11.30 14:08:44.937,1.22704,1.22727,2.25,1.50
2011.11.30 14:08:45.877,1.22705,1.22727,1.13,1.50
2011.11.30 14:08:46.103,1.22705,1.22727,1.13,2.25
2011.11.30 14:08:46.336,1.22704,1.22727,2.63,1.50
2011.11.30 14:08:46.575,1.22704,1.22727,2.63,1.50
2011.11.30 14:08:47.165,1.22705,1.22727,1.13,2.25
2011.11.30 14:08:47.746,1.22704,1.22727,2.25,2.25
2011.11.30 14:08:48.318,1.22704,1.22725,2.25,1.50
2011.11.30 14:08:49.827,1.22703,1.22726,2.63,2.25
2011.11.30 14:08:58.358,1.22703,1.22726,1.88,2.25
2011.11.30 14:09:01.456,1.22703,1.22719,1.50,2.00
2011.11.30 14:09:01.697,1.22695,1.22711,3.38,1.11
2011.11.30 14:09:02.274,1.22694,1.22711,2.63,1.11
2011.11.30 14:09:02.615,1.227,1.22712,1.50,1.11
2011.11.30 14:09:03.086,1.22695,1.22712,1.50,1.11
2011.11.30 14:09:03.634,1.22696,1.22711,1.88,1.11
2011.11.30 14:09:04.234,1.22696,1.22712,1.50,1.65
2011.11.30 14:09:04.826,1.22696,1.22711,1.50,1.11
2011.11.30 14:09:05.424,1.22696,1.22715,1.50,2.30
2011.11.30 14:09:06.277,1.22698,1.22718,1.88,2.30
2011.11.30 14:09:06.825,1.22698,1.22719,1.88,4.23
2011.11.30 14:09:07.653,1.22698,1.22718,1.88,1.55
2011.11.30 14:09:08.237,1.22697,1.22719,4.13,3.48
2011.11.30 14:09:08.710,1.227,1.22719,1.88,4.23
2011.11.30 14:09:08.846,1.22697,1.22717,1.50,1.55
2011.11.30 14:09:09.648,1.22697,1.22717,1.50,1.55
2011.11.30 14:09:10.354,1.22697,1.22717,1.50,1.55
2011.11.30 14:09:11.008,1.22697,1.22719,1.50,4.27
2011.11.30 14:09:12.114,1.22697,1.22719,1.50,4.27
2011.11.30 14:09:12.693,1.22697,1.22717,1.50,1.55
2011.11.30 14:09:13.495,1.22697,1.22717,1.50,1.55
2011.11.30 14:09:14.167,1.22695,1.22718,2.25,2.30
2011.11.30 14:09:14.527,1.22699,1.22716,1.50,2.30
2011.11.30 14:09:14.890,1.22699,1.22718,2.25,1.79
2011.11.30 14:09:15.016,1.22698,1.22718,2.25,1.50
2011.11.30 14:09:15.139,1.227,1.22718,2.63,1.50
2011.11.30 14:09:15.269,1.227,1.2272,2.63,1.50
2011.11.30 14:09:16.983,1.227,1.2272,1.88,1.50
2011.11.30 14:09:17.806,1.22698,1.2272,2.63,1.50
2011.11.30 14:09:18.041,1.22698,1.22715,2.63,4.50
2011.11.30 14:09:18.291,1.22697,1.22717,1.88,2.25
2011.11.30 14:09:18.420,1.22697,1.22717,1.88,2.25
2011.11.30 14:09:18.545,1.22694,1.22717,4.13,2.25
2011.11.30 14:09:19.373,1.22697,1.22718,2.25,2.25
2011.11.30 14:09:23.037,1.22697,1.22718,4.13,1.50
2011.11.30 14:09:23.278,1.22698,1.22721,2.25,1.50
2011.11.30 14:09:23.749,1.22698,1.22721,1.50,2.25
2011.11.30 14:09:24.355,1.22697,1.22718,3.38,2.25
2011.11.30 14:09:24.715,1.22695,1.22711,1.50,1.50
2011.11.30 14:09:25.781,1.22693,1.22713,4.88,1.50
2011.11.30 14:09:25.908,1.22693,1.22714,4.88,6.00
2011.11.30 14:09:26.633,1.22695,1.22714,2.25,4.50
2011.11.30 14:09:27.207,1.22695,1.22714,2.25,4.50
2011.11.30 14:09:27.326,1.22695,1.22716,2.25,1.50
2011.11.30 14:09:27.448,1.22696,1.22719,2.25,1.50
2011.11.30 14:09:27.569,1.22696,1.22719,2.25,1.50
2011.11.30 14:09:28.154,1.22698,1.22721,2.25,2.25
2011.11.30 14:09:28.909,1.22696,1.22719,4.13,1.50
2011.11.30 14:09:29.264,1.227,1.22719,1.88,2.25
2011.11.30 14:09:29.617,1.227,1.22719,1.88,2.25
2011.11.30 14:09:29.734,1.227,1.22718,1.88,1.50
2011.11.30 14:09:30.321,1.227,1.22711,1.88,4.50
2011.11.30 14:09:30.449,1.22695,1.22711,1.50,4.50
2011.11.30 14:09:31.051,1.22697,1.22718,1.50,2.25
2011.11.30 14:09:31.646,1.22696,1.22716,1.88,1.50
2011.11.30 14:09:31.772,1.22696,1.22709,1.88,4.50
2011.11.30 14:09:31.895,1.22693,1.22713,1.50,2.25
2011.11.30 14:09:32.127,1.22693,1.22716,3.00,3.00
2011.11.30 14:09:32.728,1.22693,1.22713,1.50,1.50
2011.11.30 14:09:33.309,1.22688,1.22709,4.13,1.50
2011.11.30 14:09:33.925,1.22688,1.22709,2.25,2.25
2011.11.30 14:09:34.169,1.2269,1.22711,1.50,2.25
2011.11.30 14:09:34.416,1.2269,1.22711,2.25,2.25
2011.11.30 14:09:34.647,1.2269,1.22711,1.50,2.25
2011.11.30 14:09:35.219,1.2269,1.22711,1.50,2.25
2011.11.30 14:09:35.924,1.2269,1.22711,2.25,1.50
2011.11.30 14:09:36.048,1.22692,1.22713,1.50,2.25
2011.11.30 14:09:36.179,1.2269,1.22711,1.50,1.50
2011.11.30 14:09:36.428,1.2269,1.22704,1.50,4.50
2011.11.30 14:09:36.548,1.22687,1.22704,2.63,4.50
2011.11.30 14:09:36.679,1.22687,1.22707,1.88,2.25
2011.11.30 14:09:36.805,1.22687,1.22709,2.63,1.50
2011.11.30 14:09:37.036,1.22684,1.22707,2.10,2.25
2011.11.30 14:09:37.653,1.22683,1.22701,2.25,1.50
2011.11.30 14:09:38.016,1.22671,1.22692,3.75,1.50
2011.11.30 14:09:38.499,1.22671,1.22691,2.25,1.50
2011.11.30 14:09:38.632,1.22671,1.22691,2.25,1.50
2011.11.30 14:09:38.874,1.2267,1.22693,2.25,1.50
2011.11.30 14:09:39.351,1.22669,1.2269,2.25,1.50
2011.11.30 14:09:39.587,1.22669,1.22687,1.88,1.50
2011.11.30 14:09:40.738,1.22669,1.22691,1.88,2.25
2011.11.30 14:09:40.856,1.22679,1.22691,4.50,1.50
2011.11.30 14:09:40.978,1.2268,1.22695,3.75,1.50
2011.11.30 14:09:41.217,1.22674,1.22695,1.50,2.25
2011.11.30 14:09:41.678,1.22672,1.22693,1.50,2.25
2011.11.30 14:09:41.838,1.22671,1.22689,1.50,1.50
2011.11.30 14:09:42.546,1.22671,1.22688,1.50,2.25
2011.11.30 14:09:43.030,1.22666,1.22684,1.88,1.50
2011.11.30 14:09:43.279,1.22665,1.22686,3.38,1.50
2011.11.30 14:09:43.649,1.22665,1.22685,1.88,2.25
2011.11.30 14:09:43.786,1.22661,1.22682,1.50,2.25
2011.11.30 14:09:44.267,1.22666,1.22687,2.25,1.50
2011.11.30 14:09:45.304,1.22666,1.22687,1.50,2.25
2011.11.30 14:09:47.567,1.22665,1.22685,1.88,2.25
2011.11.30 14:09:48.029,1.22666,1.22687,1.50,1.50
2011.11.30 14:09:48.606,1.22666,1.22687,1.50,2.25
2011.11.30 14:09:49.563,1.22665,1.22686,2.63,1.50
2011.11.30 14:09:49.806,1.22665,1.22677,1.88,4.50
2011.11.30 14:09:49.929,1.22665,1.22686,2.63,1.50
2011.11.30 14:09:51.677,1.22665,1.22686,1.88,2.25
2011.11.30 14:09:52.336,1.22665,1.22686,2.63,1.50
2011.11.30 14:09:52.924,1.22665,1.22686,2.63,2.25
2011.11.30 14:09:53.526,1.22666,1.22687,2.25,1.50
2011.11.30 14:09:53.650,1.22665,1.22685,2.63,6.00
2011.11.30 14:09:54.017,1.22662,1.22673,1.50,2.25
2011.11.30 14:09:54.613,1.22646,1.22667,2.25,1.50
2011.11.30 14:09:54.745,1.22638,1.22659,2.25,1.50
2011.11.30 14:09:54.989,1.22638,1.22659,2.25,1.50
2011.11.30 14:09:55.234,1.22638,1.22659,2.25,1.50
2011.11.30 14:09:55.463,1.22639,1.22659,1.50,1.50
2011.11.30 14:09:55.585,1.22649,1.22664,1.50,2.63
2011.11.30 14:09:55.711,1.22647,1.22664,1.50,2.63
2011.11.30 14:09:55.840,1.22644,1.22664,1.50,2.63
2011.11.30 14:09:56.088,1.22639,1.2266,2.25,1.50
2011.11.30 14:09:56.332,1.22645,1.22666,2.25,3.38
2011.11.30 14:09:56.938,1.22645,1.22665,2.25,1.88
2011.11.30 14:09:57.876,1.22651,1.22665,4.50,3.38
2011.11.30 14:09:58.233,1.22652,1.22669,1.50,1.50
2011.11.30 14:09:58.476,1.22652,1.22671,1.50,3.38
2011.11.30 14:09:58.597,1.22648,1.22671,2.25,3.38
2011.11.30 14:09:58.718,1.22648,1.22671,1.50,4.13
2011.11.30 14:09:58.845,1.22645,1.22666,2.25,1.50
2011.11.30 14:10:00.653,1.22642,1.22663,3.00,1.50
2011.11.30 14:10:00.896,1.22637,1.2266,2.25,2.25
2011.11.30 14:10:01.019,1.22637,1.2266,2.25,1.50
2011.11.30 14:10:01.256,1.22639,1.22662,1.50,2.25
2011.11.30 14:10:01.889,1.22638,1.22659,2.25,2.25
2011.11.30 14:10:02.978,1.22638,1.22659,2.25,1.50
2011.11.30 14:10:03.904,1.22638,1.22659,1.50,2.25
2011.11.30 14:10:04.038,1.22639,1.22662,1.50,2.63
2011.11.30 14:10:04.605,1.22639,1.22662,1.50,2.25
2011.11.30 14:10:05.164,1.22642,1.22663,1.50,4.13
2011.11.30 14:10:05.767,1.22641,1.22663,1.50,2.63
2011.11.30 14:10:06.757,1.22644,1.22663,1.50,1.88
2011.11.30 14:10:08.733,1.22643,1.22663,2.25,1.88
2011.11.30 14:10:09.534,1.22643,1.22663,2.25,1.88
2011.11.30 14:10:10.137,1.22641,1.22662,2.25,2.25
2011.11.30 14:10:11.726,1.22641,1.22662,2.25,1.50
2011.11.30 14:10:12.305,1.22642,1.22663,2.25,1.88
2011.11.30 14:10:12.877,1.22643,1.22663,1.13,1.88
2011.11.30 14:10:13.235,1.22642,1.22662,1.50,1.13
2011.11.30 14:10:13.804,1.22634,1.22657,2.25,1.50
2011.11.30 14:10:13.935,1.22634,1.22657,1.50,2.25
2011.11.30 14:10:14.529,1.22634,1.22657,2.25,2.25
2011.11.30 14:10:14.659,1.22636,1.22659,1.50,2.63
2011.11.30 14:10:15.027,1.22639,1.2266,1.50,2.25
2011.11.30 14:10:16.069,1.22636,1.22659,1.50,2.25
2011.11.30 14:10:16.663,1.22638,1.22661,1.50,2.63
2011.11.30 14:10:17.228,1.22638,1.22661,1.50,2.63
2011.11.30 14:10:17.817,1.22638,1.22661,1.50,2.25
2011.11.30 14:10:17.939,1.2264,1.22662,1.50,1.88
2011.11.30 14:10:19.904,1.2264,1.22662,1.50,1.50
2011.11.30 14:10:20.365,1.2264,1.22662,1.50,1.88
2011.11.30 14:10:20.489,1.22638,1.22661,1.50,2.25
2011.11.30 14:10:20.615,1.2264,1.22662,1.50,3.38
2011.11.30 14:10:21.401,1.22639,1.2266,1.50,1.50
2011.11.30 14:10:21.650,1.2264,1.22662,1.50,2.63
2011.11.30 14:10:22.809,1.2264,1.22662,1.50,2.25
2011.11.30 14:10:23.046,1.22638,1.22661,2.25,2.25
2011.11.30 14:10:24.085,1.2264,1.22662,1.50,2.63
2011.11.30 14:10:24.686,1.22639,1.2266,1.50,1.50
2011.11.30 14:10:25.508,1.22641,1.22662,1.50,2.25
2011.11.30 14:10:25.866,1.22643,1.22664,1.50,2.25
2011.11.30 14:10:26.807,1.22643,1.22664,1.50,2.38
2011.11.30 14:10:27.635,1.22643,1.22664,1.50,2.38
2011.11.30 14:10:28.215,1.2264,1.22663,2.25,2.25
2011.11.30 14:10:29.014,1.22641,1.22662,2.25,2.25
2011.11.30 14:10:30.394,1.22643,1.22664,1.50,2.25
2011.11.30 14:10:30.743,1.2264,1.22663,2.25,1.50
2011.11.30 14:10:32.669,1.2264,1.22663,1.50,2.25
2011.11.30 14:10:32.795,1.2264,1.22663,2.25,2.25
2011.11.30 14:10:33.374,1.2264,1.22663,2.25,2.25
2011.11.30 14:10:34.594,1.2264,1.22663,2.25,2.25
2011.11.30 14:10:35.308,1.2264,1.22663,1.50,2.25
2011.11.30 14:10:37.124,1.2264,1.22663,1.50,2.25
2011.11.30 14:10:37.715,1.2264,1.22663,1.50,2.25
2011.11.30 14:10:38.392,1.2264,1.22663,2.63,2.25
2011.11.30 14:10:39.172,1.22641,1.22663,1.13,1.50
2011.11.30 14:10:39.516,1.2264,1.22663,1.50,2.25
2011.11.30 14:10:40.014,1.22659,1.22665,1.50,1.46
2011.11.30 14:10:40.150,1.22662,1.22682,1.50,1.88
2011.11.30 14:10:40.627,1.22661,1.22684,1.50,3.38
2011.11.30 14:10:41.197,1.22661,1.22685,1.50,4.13
2011.11.30 14:10:41.754,1.22662,1.22685,1.50,3.34
2011.11.30 14:10:42.002,1.22654,1.22684,1.56,2.48
2011.11.30 14:10:42.127,1.22654,1.22683,1.50,1.35
2011.11.30 14:10:42.490,1.22654,1.22683,1.50,4.73
2011.11.30 14:10:44.415,1.22654,1.22683,1.50,4.73
2011.11.30 14:10:44.534,1.2265,1.2268,1.50,1.46
2011.11.30 14:10:44.654,1.2265,1.22675,1.50,1.50
2011.11.30 14:10:44.895,1.22646,1.22671,1.50,2.25
2011.11.30 14:10:45.356,1.22646,1.22669,1.50,1.50
2011.11.30 14:10:46.080,1.22646,1.22669,1.50,2.25
2011.11.30 14:10:48.485,1.22646,1.22669,1.50,2.25
2011.11.30 14:10:49.594,1.22646,1.22669,1.50,2.25
2011.11.30 14:10:49.721,1.22644,1.22665,3.38,1.50
2011.11.30 14:10:49.844,1.22646,1.22667,1.50,2.25
2011.11.30 14:10:50.198,1.22644,1.22666,1.88,2.25
2011.11.30 14:10:50.997,1.22644,1.22666,1.88,2.25
2011.11.30 14:10:51.700,1.22647,1.2267,1.50,2.25
2011.11.30 14:10:52.277,1.22647,1.2267,1.50,2.25
2011.11.30 14:10:52.943,1.22647,1.2267,2.25,2.25
2011.11.30 14:10:53.285,1.22647,1.2267,2.25,2.25
2011.11.30 14:10:53.524,1.22647,1.2267,2.63,2.25
2011.11.30 14:10:54.102,1.2265,1.22669,1.13,1.50
2011.11.30 14:10:54.856,1.22648,1.22669,1.50,2.25
2011.11.30 14:10:55.423,1.22648,1.22669,1.50,2.25
2011.11.30 14:10:55.659,1.22646,1.22669,1.50,2.63
2011.11.30 14:10:55.786,1.22646,1.22669,1.50,2.25
2011.11.30 14:10:56.365,1.22644,1.22667,1.50,2.25
2011.11.30 14:10:56.485,1.22643,1.22664,2.25,2.25
2011.11.30 14:10:58.477,1.2264,1.22663,4.13,1.50
2011.11.30 14:10:58.839,1.22641,1.22662,2.25,1.50
2011.11.30 14:10:59.739,1.22639,1.2266,4.13,1.50
2011.11.30 14:11:00.230,1.2264,1.22663,2.25,3.00
2011.11.30 14:11:00.479,1.22652,1.22663,1.56,2.25
2011.11.30 14:11:00.608,1.22642,1.22663,1.56,2.25
2011.11.30 14:11:00.850,1.22648,1.22671,1.50,2.25
2011.11.30 14:11:00.981,1.22646,1.22669,2.25,1.50
2011.11.30 14:11:01.558,1.22647,1.22668,2.25,1.50
2011.11.30 14:11:01.687,1.22645,1.22666,2.25,1.50
2011.11.30 14:11:02.290,1.22645,1.22666,2.25,2.25
2011.11.30 14:11:02.878,1.22645,1.22666,3.00,2.25
2011.11.30 14:11:03.422,1.22651,1.22672,2.25,1.50
2011.11.30 14:11:03.560,1.22647,1.22668,2.25,1.50
2011.11.30 14:11:04.050,1.22644,1.22667,2.25,3.00
2011.11.30 14:11:04.743,1.22644,1.22667,2.25,2.25
2011.11.30 14:11:05.765,1.22647,1.22668,1.50,2.25
2011.11.30 14:11:05.888,1.22644,1.22667,2.25,2.25
2011.11.30 14:11:06.486,1.22644,1.22667,2.25,2.25
2011.11.30 14:11:07.421,1.22644,1.22667,1.50,2.25
2011.11.30 14:11:08.012,1.22644,1.22667,2.25,1.50
2011.11.30 14:11:08.255,1.22646,1.22669,1.50,2.25
2011.11.30 14:11:09.905,1.22646,1.22669,2.25,1.50
2011.11.30 14:11:10.024,1.22646,1.22669,2.25,1.50
2011.11.30 14:11:10.498,1.22646,1.22669,2.25,1.65
2011.11.30 14:11:10.983,1.22646,1.22669,1.50,2.25
2011.11.30 14:11:11.227,1.22646,1.22669,1.50,2.25
2011.11.30 14:11:11.574,1.22646,1.22669,2.25,2.25
2011.11.30 14:11:12.164,1.22647,1.22668,1.50,1.50
2011.11.30 14:11:13.468,1.22643,1.22664,1.50,1.05
2011.11.30 14:11:13.705,1.22642,1.22663,1.50,1.50
2011.11.30 14:11:14.307,1.2264,1.22661,4.13,1.50
2011.11.30 14:11:16.682,1.2264,1.22661,3.38,2.25
2011.11.30 14:11:17.263,1.2264,1.22661,3.38,1.50
2011.11.30 14:11:17.826,1.22641,1.22663,1.50,1.50
2011.11.30 14:11:18.358,1.22641,1.22663,1.50,1.50
2011.11.30 14:11:18.603,1.22642,1.22663,1.50,2.25
2011.11.30 14:11:20.095,1.22643,1.22663,1.13,1.50
2011.11.30 14:11:20.666,1.22642,1.22663,2.25,1.50
2011.11.30 14:11:21.264,1.22642,1.22663,1.50,2.25
2011.11.30 14:11:21.876,1.2264,1.22662,1.88,2.96
2011.11.30 14:11:22.001,1.22642,1.22665,2.25,2.25
2011.11.30 14:11:22.127,1.22645,1.22666,1.50,2.25
2011.11.30 14:11:22.251,1.22645,1.22666,1.50,2.25
2011.11.30 14:11:22.606,1.22647,1.22668,1.50,2.25
2011.11.30 14:11:23.415,1.22647,1.22668,1.50,1.50
2011.11.30 14:11:24.018,1.22647,1.22668,1.50,2.25
2011.11.30 14:11:24.148,1.22641,1.22663,1.13,1.88
2011.11.30 14:11:24.615,1.22643,1.22664,1.50,2.63
2011.11.30 14:11:25.183,1.22643,1.22664,1.50,2.63
2011.11.30 14:11:25.768,1.22643,1.22664,1.50,2.63
2011.11.30 14:11:26.357,1.22643,1.22664,1.50,2.63
2011.11.30 14:11:27.128,1.22643,1.22664,1.50,2.63
2011.11.30 14:11:27.694,1.22643,1.22664,1.50,1.88
2011.11.30 14:11:28.396,1.22645,1.22665,1.50,1.13
2011.11.30 14:11:28.624,1.22643,1.22664,1.50,1.50
2011.11.30 14:11:31.716,1.22643,1.22664,2.25,1.50
2011.11.30 14:11:32.502,1.22643,1.22664,2.25,2.25
2011.11.30 14:11:34.415,1.22644,1.22667,2.25,2.25
2011.11.30 14:11:35.007,1.22644,1.22667,1.50,2.25
2011.11.30 14:11:35.603,1.22643,1.22664,2.25,2.25
2011.11.30 14:11:36.625,1.22645,1.22666,1.50,2.25
2011.11.30 14:11:37.213,1.22645,1.22666,1.50,2.25
2011.11.30 14:11:38.024,1.22645,1.22666,1.56,2.25
2011.11.30 14:11:39.410,1.22645,1.22666,1.50,1.50
2011.11.30 14:11:39.775,1.22647,1.22668,1.50,1.50
2011.11.30 14:11:42.173,1.22648,1.22668,1.50,1.50
2011.11.30 14:11:42.294,1.22651,1.22672,2.25,1.65
2011.11.30 14:11:42.890,1.22651,1.22672,2.25,1.65
2011.11.30 14:11:43.029,1.22648,1.22671,2.25,1.50
2011.11.30 14:11:43.847,1.22648,1.22661,1.50,4.50
2011.11.30 14:11:43.968,1.22645,1.22662,1.50,1.09
2011.11.30 14:11:44.096,1.2264,1.22659,1.88,1.50
2011.11.30 14:11:44.563,1.22639,1.22662,4.13,2.25
2011.11.30 14:11:44.685,1.22639,1.22662,3.38,2.25
2011.11.30 14:11:44.805,1.22639,1.22662,3.38,2.25
2011.11.30 14:11:45.286,1.2264,1.22661,1.50,1.50
2011.11.30 14:11:46.846,1.2264,1.22661,2.25,1.50
2011.11.30 14:11:46.967,1.22642,1.22663,2.25,2.25
2011.11.30 14:11:47.793,1.22642,1.22663,1.50,2.25
2011.11.30 14:11:48.154,1.2264,1.22661,1.50,2.25
2011.11.30 14:11:48.723,1.2264,1.22661,2.25,1.50
2011.11.30 14:11:49.844,1.22641,1.22661,1.50,1.50
2011.11.30 14:11:49.973,1.22644,1.22667,2.25,1.50
2011.11.30 14:11:50.098,1.22646,1.22669,2.25,2.78
2011.11.30 14:11:50.806,1.22646,1.22669,2.25,2.40
2011.11.30 14:11:51.374,1.22646,1.22669,2.25,2.40
2011.11.30 14:11:51.729,1.22646,1.22669,2.25,2.40
2011.11.30 14:11:51.976,1.22646,1.22667,1.50,1.13
2011.11.30 14:11:52.095,1.22646,1.22669,2.25,3.53
2011.11.30 14:11:52.898,1.22646,1.22669,2.25,2.03
2011.11.30 14:11:53.945,1.22646,1.22669,2.25,1.65
2011.11.30 14:11:54.297,1.22644,1.22667,2.25,1.50
2011.11.30 14:11:55.168,1.22644,1.22667,2.25,2.25
2011.11.30 14:11:55.989,1.22644,1.22665,2.25,1.50
2011.11.30 14:11:56.564,1.22642,1.22665,2.25,3.75
2011.11.30 14:11:58.386,1.22644,1.22665,1.50,1.50
2011.11.30 14:11:59.076,1.22645,1.22668,2.63,1.50
2011.11.30 14:11:59.203,1.2265,1.22671,2.25,2.25
2011.11.30 14:11:59.796,1.22647,1.2267,2.25,1.50
2011.11.30 14:12:00.039,1.22647,1.2267,2.25,2.25
2011.11.30 14:12:00.159,1.22646,1.22668,1.13,1.50
2011.11.30 14:12:00.765,1.22645,1.22668,2.25,1.50
2011.11.30 14:12:02.287,1.22645,1.22663,2.25,4.50
2011.11.30 14:12:02.410,1.22645,1.22663,1.50,4.50
2011.11.30 14:12:02.661,1.22648,1.22666,2.25,1.45
2011.11.30 14:12:02.791,1.22648,1.22671,1.50,2.25
2011.11.30 14:12:03.635,1.22646,1.22669,2.25,1.50
2011.11.30 14:12:06.796,1.22646,1.22669,2.25,1.50
2011.11.30 14:12:07.499,1.22646,1.22669,2.25,1.50
2011.11.30 14:12:08.088,1.22649,1.2267,2.25,2.25
2011.11.30 14:12:08.428,1.22647,1.22668,2.25,1.50
2011.11.30 14:12:09.246,1.22647,1.22668,2.25,1.50
2011.11.30 14:12:09.729,1.22649,1.2267,2.25,1.50
2011.11.30 14:12:10.313,1.22649,1.2267,2.25,1.50
2011.11.30 14:12:11.454,1.22649,1.2267,2.25,1.50
2011.11.30 14:12:11.579,1.22649,1.2267,2.25,1.50
2011.11.30 14:12:11.710,1.2265,1.22673,2.25,2.25
2011.11.30 14:12:12.420,1.22649,1.2267,2.25,1.50
2011.11.30 14:12:13.189,1.22649,1.2266,2.25,4.50
2011.11.30 14:12:13.326,1.22644,1.22667,2.25,2.20
2011.11.30 14:12:14.409,1.22648,1.22669,2.25,2.20
2011.11.30 14:12:16.147,1.22651,1.2267,1.50,2.20
2011.11.30 14:12:16.269,1.22649,1.22668,1.88,1.50
2011.11.30 14:12:16.519,1.22647,1.22668,2.25,1.50
2011.11.30 14:12:17.006,1.22647,1.22668,2.25,1.50
2011.11.30 14:12:17.131,1.22648,1.22671,2.25,2.25
2011.11.30 14:12:17.706,1.22646,1.22669,2.25,1.50
2011.11.30 14:12:18.067,1.22646,1.22669,2.25,2.96
2011.11.30 14:12:18.298,1.22646,1.22669,2.25,2.78
2011.11.30 14:12:18.898,1.22644,1.22667,2.25,2.25
2011.11.30 14:12:19.866,1.22646,1.22669,2.25,2.40
2011.11.30 14:12:19.991,1.22646,1.22669,2.25,1.50
2011.11.30 14:12:20.596,1.22647,1.22668,2.25,2.25
2011.11.30 14:12:21.669,1.22648,1.22668,2.63,1.50
2011.11.30 14:12:21.805,1.22648,1.22671,4.13,3.15
2011.11.30 14:12:22.050,1.22648,1.22671,4.13,3.30
2011.11.30 14:12:22.633,1.22648,1.2267,2.25,1.65
2011.11.30 14:12:23.225,1.22648,1.2267,2.25,1.65
2011.11.30 14:12:24.571,1.22646,1.22664,2.25,4.50
2011.11.30 14:12:25.045,1.22646,1.22669,2.25,1.50
2011.11.30 14:12:25.520,1.22646,1.22669,2.25,2.25
2011.11.30 14:12:25.648,1.22646,1.22667,2.25,1.50
2011.11.30 14:12:26.116,1.22646,1.22669,2.25,2.25
2011.11.30 14:12:26.517,1.22646,1.22669,2.25,1.50
2011.11.30 14:12:27.235,1.22648,1.22671,2.25,3.30
2011.11.30 14:12:27.930,1.22647,1.22668,2.25,1.50
2011.11.30 14:12:30.258,1.22649,1.2267,2.25,2.52
2011.11.30 14:12:31.043,1.22649,1.2267,2.25,2.37
2011.11.30 14:12:33.361,1.22649,1.2267,1.50,2.53
2011.11.30 14:12:33.597,1.22649,1.2267,1.50,2.25
2011.11.30 14:12:35.005,1.2265,1.22671,1.50,1.05
2011.11.30 14:12:35.369,1.22648,1.22671,2.25,2.55
2011.11.30 14:12:35.934,1.22648,1.22671,2.25,2.55
2011.11.30 14:12:36.649,1.22648,1.22671,2.25,2.55
2011.11.30 14:12:37.353,1.22648,1.22671,2.25,2.55
2011.11.30 14:12:37.945,1.22647,1.22669,4.13,2.25
2011.11.30 14:12:38.621,1.22652,1.22674,2.25,2.63
2011.11.30 14:12:39.101,1.22652,1.22675,2.25,1.50
2011.11.30 14:12:39.470,1.22654,1.22677,2.25,2.25
2011.11.30 14:12:39.844,1.22661,1.22679,2.25,4.50
2011.11.30 14:12:40.592,1.22662,1.22679,1.55,4.50
2011.11.30 14:12:41.146,1.22663,1.22679,1.50,4.50
2011.11.30 14:12:41.264,1.22661,1.22679,3.80,4.50
2011.11.30 14:12:41.494,1.22661,1.22679,3.80,4.50
2011.11.30 14:12:42.104,1.22661,1.22679,2.30,4.50
2011.11.30 14:12:42.765,1.22662,1.22676,1.50,2.25
2011.11.30 14:12:42.896,1.22655,1.22676,1.50,3.00
2011.11.30 14:12:44.434,1.22655,1.22676,2.25,2.25
2011.11.30 14:12:45.844,1.22655,1.22676,1.50,2.25
2011.11.30 14:12:46.423,1.22655,1.22676,2.25,2.25
2011.11.30 14:12:47.735,1.22649,1.22676,2.30,2.63
2011.11.30 14:12:47.856,1.22649,1.22676,2.30,1.88
2011.11.30 14:12:48.449,1.2265,1.22677,2.30,1.13
2011.11.30 14:12:49.049,1.22649,1.22676,2.30,1.50
2011.11.30 14:12:50.877,1.22652,1.22676,2.25,1.13
2011.11.30 14:12:51.117,1.22652,1.22676,1.50,1.88
2011.11.30 14:12:51.235,1.2265,1.22676,1.56,1.88
2011.11.30 14:12:51.479,1.22652,1.22677,2.25,2.25
2011.11.30 14:12:51.604,1.22652,1.22677,2.25,1.50
2011.11.30 14:12:52.198,1.22652,1.22676,2.25,1.50
2011.11.30 14:12:52.682,1.22652,1.22678,2.25,1.13
2011.11.30 14:12:52.809,1.22652,1.22679,2.25,2.21
2011.11.30 14:12:53.164,1.22652,1.22678,2.25,2.21
2011.11.30 14:12:53.734,1.22652,1.22677,2.25,1.50
2011.11.30 14:12:54.366,1.22652,1.22678,2.25,1.46
2011.11.30 14:12:55.284,1.22652,1.22678,2.25,3.34
2011.11.30 14:12:56.079,1.22652,1.22678,2.25,2.63
2011.11.30 14:12:56.445,1.22652,1.22678,2.25,3.34
2011.11.30 14:12:57.013,1.22652,1.22678,2.25,3.34
2011.11.30 14:12:57.354,1.22652,1.22678,2.25,2.63
2011.11.30 14:12:58.086,1.2265,1.22678,4.19,4.13
2011.11.30 14:12:58.434,1.2265,1.22678,4.13,4.13
2011.11.30 14:12:58.667,1.22652,1.22678,1.50,3.34
2011.11.30 14:13:00.047,1.22651,1.22678,1.50,3.00
2011.11.30 14:13:00.166,1.22651,1.22677,1.50,1.13
2011.11.30 14:13:00.905,1.22652,1.22677,1.50,1.13
2011.11.30 14:13:01.795,1.22652,1.22678,2.25,3.00
2011.11.30 14:13:03.939,1.22652,1.22675,2.25,1.13
2011.11.30 14:13:04.549,1.22652,1.22678,1.56,5.40
2011.11.30 14:13:04.678,1.22652,1.2268,3.06,3.71
2011.11.30 14:13:06.096,1.22653,1.22677,1.19,1.13
2011.11.30 14:13:06.580,1.22652,1.22677,1.19,2.63
2011.11.30 14:13:06.705,1.22653,1.22677,1.19,2.63
2011.11.30 14:13:07.296,1.22653,1.22677,1.19,3.00
2011.11.30 14:13:08.723,1.22652,1.22677,1.19,3.00
2011.11.30 14:13:09.304,1.22653,1.22676,1.13,1.13
2011.11.30 14:13:09.875,1.22652,1.22677,1.94,3.38
2011.11.30 14:13:11.571,1.22654,1.2268,2.25,2.63
2011.11.30 14:13:11.934,1.22654,1.2268,2.25,2.63
2011.11.30 14:13:12.876,1.22655,1.2268,1.56,3.34
2011.11.30 14:13:13.400,1.22656,1.2268,2.25,3.34
2011.11.30 14:13:14.197,1.22655,1.22679,1.50,1.46
2011.11.30 14:13:14.800,1.22655,1.2268,1.50,3.34
2011.11.30 14:13:15.377,1.22655,1.22679,1.56,1.46
2011.11.30 14:13:15.809,1.22655,1.22679,1.56,1.46
2011.11.30 14:13:15.950,1.22653,1.22679,1.13,3.34
2011.11.30 14:13:19.447,1.22658,1.22679,1.50,3.34
2011.11.30 14:13:19.809,1.22655,1.22679,5.25,3.34
2011.11.30 14:13:20.295,1.22653,1.22678,1.13,1.46
2011.11.30 14:13:21.553,1.22653,1.22678,1.13,2.96
2011.11.30 14:13:22.364,1.22653,1.22678,1.13,2.96
2011.11.30 14:13:23.904,1.22652,1.22678,2.25,1.46
2011.11.30 14:13:28.035,1.22652,1.22678,1.56,1.46
2011.11.30 14:13:28.267,1.22652,1.22678,1.56,1.46
2011.11.30 14:13:34.064,1.22652,1.22678,1.94,1.46
2011.11.30 14:13:34.661,1.22652,1.22679,1.88,3.34
2011.11.30 14:13:36.081,1.22654,1.22678,2.25,1.46
2011.11.30 14:13:36.677,1.22656,1.2268,3.00,1.54
2011.11.30 14:13:37.270,1.22658,1.22681,1.50,1.69
2011.11.30 14:13:37.396,1.22656,1.22681,2.25,1.61
2011.11.30 14:13:37.875,1.22654,1.2268,5.25,1.63
2011.11.30 14:13:38.489,1.22654,1.2268,5.25,1.63
2011.11.30 14:13:39.084,1.22656,1.2268,1.50,1.63
2011.11.30 14:13:39.448,1.22657,1.22681,4.50,3.65
2011.11.30 14:13:40.021,1.22657,1.22681,4.50,3.57
2011.11.30 14:13:41.415,1.22659,1.22681,1.50,2.67
2011.11.30 14:13:41.662,1.22658,1.22681,1.50,3.49
2011.11.30 14:13:41.790,1.22657,1.2268,4.50,1.46
2011.11.30 14:13:42.040,1.22652,1.2268,3.00,1.46
2011.11.30 14:13:42.172,1.22652,1.22678,2.25,1.13
2011.11.30 14:13:42.299,1.22651,1.22672,4.13,1.50
2011.11.30 14:13:42.430,1.22651,1.22678,3.38,2.63
2011.11.30 14:13:43.105,1.22651,1.22679,3.00,2.63
2011.11.30 14:13:43.709,1.22652,1.22676,1.50,1.50
2011.11.30 14:13:44.304,1.22652,1.22678,1.50,1.13
2011.11.30 14:13:45.488,1.22651,1.22679,4.88,3.38
2011.11.30 14:13:46.087,1.22652,1.22676,1.50,1.50
2011.11.30 14:13:46.668,1.22652,1.22679,1.50,2.25
2011.11.30 14:13:47.253,1.22651,1.22679,4.88,2.34
2011.11.30 14:13:48.129,1.22651,1.22679,4.88,2.34
2011.11.30 14:13:48.843,1.22651,1.22679,4.88,2.34
2011.11.30 14:13:49.448,1.22652,1.22679,1.50,2.34
2011.11.30 14:13:50.043,1.22652,1.22681,2.25,3.65
2011.11.30 14:13:53.541,1.22653,1.2268,1.50,1.46
2011.11.30 14:13:54.391,1.22653,1.22681,1.50,2.59
2011.11.30 14:13:54.520,1.22653,1.2268,1.50,1.46
2011.11.30 14:13:54.647,1.22653,1.2268,1.50,1.46
2011.11.30 14:13:55.246,1.22653,1.2268,1.50,1.46
2011.11.30 14:13:55.927,1.22653,1.2268,1.50,1.46
2011.11.30 14:13:56.738,1.22652,1.22675,3.00,4.50
2011.11.30 14:13:56.858,1.22652,1.22678,3.00,2.20
2011.11.30 14:13:56.979,1.22652,1.22678,2.25,1.50
2011.11.30 14:13:58.265,1.22652,1.22679,1.50,2.25
2011.11.30 14:13:58.715,1.22652,1.22679,1.50,2.25
2011.11.30 14:13:59.144,1.22651,1.22679,4.88,2.25
2011.11.30 14:13:59.727,1.22652,1.22679,2.31,2.25
2011.11.30 14:14:01.398,1.22653,1.2268,2.25,3.34
2011.11.30 14:14:03.286,1.22656,1.2268,5.25,2.63
2011.11.30 14:14:03.648,1.22659,1.22684,1.50,2.63
2011.11.30 14:14:03.769,1.22659,1.22684,1.50,1.88
2011.11.30 14:14:04.951,1.22659,1.22684,3.06,1.88
2011.11.30 14:14:05.546,1.22659,1.22684,3.06,1.88
2011.11.30 14:14:05.897,1.22659,1.22684,3.00,1.88
2011.11.30 14:14:07.633,1.22659,1.22684,1.50,1.88
2011.11.30 14:14:08.588,1.22659,1.22684,1.50,1.88
2011.11.30 14:14:09.163,1.22659,1.22684,1.50,2.63
2011.11.30 14:14:09.286,1.22659,1.22684,1.56,1.88
2011.11.30 14:14:09.855,1.22659,1.22684,1.56,1.88
2011.11.30 14:14:10.304,1.22659,1.22683,1.50,2.40
2011.11.30 14:14:11.096,1.22659,1.22683,1.56,2.40
2011.11.30 14:14:11.633,1.22659,1.22684,1.56,1.88
2011.11.30 14:14:13.256,1.22659,1.22684,1.56,1.88
2011.11.30 14:14:13.607,1.22659,1.22684,3.06,1.88
2011.11.30 14:14:15.288,1.22659,1.22684,3.06,1.88
2011.11.30 14:14:15.416,1.22659,1.22687,3.06,3.68
2011.11.30 14:14:15.973,1.22659,1.22687,3.06,4.43
2011.11.30 14:14:16.094,1.22659,1.22687,3.06,3.68
2011.11.30 14:14:16.657,1.22659,1.22687,3.06,3.68
2011.11.30 14:14:17.223,1.22659,1.22687,3.06,4.43
2011.11.30 14:14:17.793,1.22659,1.22687,3.06,4.43
2011.11.30 14:14:18.462,1.22659,1.22687,3.06,3.68
2011.11.30 14:14:19.046,1.22659,1.22687,3.06,3.68
2011.11.30 14:14:19.179,1.22659,1.22686,3.06,1.28
2011.11.30 14:14:19.776,1.22659,1.22685,1.50,2.25
2011.11.30 14:14:21.746,1.22659,1.22685,1.50,2.25
2011.11.30 14:14:23.580,1.22666,1.22686,1.50,1.43
2011.11.30 14:14:23.832,1.2266,1.22686,1.19,1.28
2011.11.30 14:14:23.958,1.22661,1.22686,1.50,1.28
2011.11.30 14:14:24.081,1.22662,1.22688,1.13,2.36
2011.11.30 14:14:24.676,1.22661,1.22686,1.50,2.18
2011.11.30 14:14:25.510,1.22661,1.22686,1.50,2.03
2011.11.30 14:14:26.778,1.22661,1.22685,1.50,1.13
2011.11.30 14:14:27.136,1.22661,1.22686,1.50,3.53
2011.11.30 14:14:27.611,1.22658,1.22683,2.63,2.25
2011.11.30 14:14:27.974,1.22661,1.22683,4.50,2.63
2011.11.30 14:14:28.540,1.22666,1.22686,1.13,1.65
2011.11.30 14:14:28.675,1.22666,1.22692,2.25,1.88
2011.11.30 14:14:29.147,1.2267,1.22692,1.13,1.88
2011.11.30 14:14:29.856,1.2267,1.22692,1.13,1.88
2011.11.30 14:14:30.303,1.2267,1.22696,1.13,1.50
2011.11.30 14:14:30.876,1.2267,1.22698,4.13,4.28
2011.11.30 14:14:31.448,1.22675,1.22698,1.50,3.53
2011.11.30 14:14:31.954,1.22675,1.22702,1.50,1.50
2011.11.30 14:14:32.308,1.2267,1.22696,2.25,2.63
2011.11.30 14:14:32.429,1.22672,1.22696,1.50,2.63
2011.11.30 14:14:32.679,1.22673,1.22699,2.25,2.63
2011.11.30 14:14:34.570,1.22678,1.22698,4.50,1.88
2011.11.30 14:14:35.163,1.22681,1.22698,1.50,1.88
2011.11.30 14:14:35.528,1.22694,1.22704,4.50,2.63
2011.11.30 14:14:35.657,1.22694,1.22705,4.50,2.25
2011.11.30 14:14:35.902,1.22694,1.22719,4.50,2.96
2011.11.30 14:14:36.031,1.22697,1.22719,1.50,1.50
2011.11.30 14:14:36.280,1.22697,1.22716,1.50,1.88
2011.11.30 14:14:36.879,1.22688,1.22717,2.25,2.63
2011.11.30 14:14:37.586,1.22687,1.22716,2.63,2.25
2011.11.30 14:14:39.937,1.22685,1.22714,3.00,2.25
2011.11.30 14:14:40.056,1.22685,1.22714,3.00,2.25
2011.11.30 14:14:40.636,1.22684,1.2271,3.00,1.50
2011.11.30 14:14:41.364,1.22682,1.22707,4.19,1.13
2011.11.30 14:14:41.853,1.22682,1.2271,4.56,2.63
2011.11.30 14:14:42.456,1.22682,1.22706,1.88,1.13
2011.11.30 14:14:43.365,1.22682,1.22704,1.88,2.63
2011.11.30 14:14:43.879,1.22677,1.22704,2.63,2.25
2011.11.30 14:14:44.355,1.22678,1.22707,2.25,3.38
2011.11.30 14:14:44.719,1.22677,1.22704,2.63,1.13
2011.11.30 14:14:45.089,1.22677,1.22697,1.88,1.13
2011.11.30 14:14:45.986,1.22677,1.22702,1.88,3.00
2011.11.30 14:14:46.117,1.22671,1.22698,1.88,2.96
2011.11.30 14:14:46.696,1.22668,1.22696,3.38,2.25
2011.11.30 14:14:47.388,1.22668,1.22696,1.50,2.25
2011.11.30 14:14:47.518,1.22668,1.22696,2.25,3.00
2011.11.30 14:14:47.636,1.22673,1.22696,4.50,3.00
2011.11.30 14:14:48.108,1.2267,1.22697,1.88,2.63
2011.11.30 14:14:48.235,1.2267,1.22697,1.88,2.63
2011.11.30 14:14:48.737,1.2267,1.22699,1.88,2.63
2011.11.30 14:14:48.966,1.22675,1.22699,1.50,2.63
2011.11.30 14:14:49.084,1.22673,1.22699,2.63,2.63
2011.11.30 14:14:49.677,1.22675,1.22699,1.50,2.63
2011.11.30 14:14:50.014,1.22677,1.227,1.13,2.25
2011.11.30 14:14:50.243,1.22675,1.22701,1.50,2.63
2011.11.30 14:14:52.622,1.22675,1.22701,1.88,2.63
2011.11.30 14:14:55.876,1.22678,1.22701,1.50,2.63
2011.11.30 14:14:56.007,1.22678,1.22701,2.63,2.63
2011.11.30 14:14:56.130,1.22683,1.22701,1.50,1.88
2011.11.30 14:14:56.382,1.22684,1.22704,1.50,1.88
2011.11.30 14:14:56.986,1.22684,1.22704,1.50,1.88
2011.11.30 14:14:58.562,1.22682,1.22704,1.50,2.63
2011.11.30 14:14:58.696,1.22682,1.22704,1.13,2.63
2011.11.30 14:14:59.284,1.22683,1.22704,1.13,2.63
2011.11.30 14:15:00.628,1.22683,1.22704,1.13,2.63
2011.11.30 14:15:00.859,1.22681,1.22704,1.88,2.63
2011.11.30 14:15:01.369,1.22676,1.22704,3.38,2.63
2011.11.30 14:15:01.488,1.22676,1.22704,1.50,2.63
2011.11.30 14:15:01.825,1.22678,1.22703,1.13,2.25
2011.11.30 14:15:02.172,1.22677,1.22703,1.13,2.25
2011.11.30 14:15:02.736,1.22677,1.22703,1.13,2.25
2011.11.30 14:15:03.095,1.22674,1.22702,1.13,2.25
2011.11.30 14:15:03.434,1.22673,1.22701,2.63,2.63
2011.11.30 14:15:04.284,1.22673,1.22701,1.88,2.63
2011.11.30 14:15:04.979,1.22673,1.22701,1.88,2.63
2011.11.30 14:15:06.311,1.22673,1.22701,1.88,2.63
2011.11.30 14:15:07.096,1.22673,1.22699,2.25,2.25
2011.11.30 14:15:07.451,1.22673,1.22699,1.88,2.25
2011.11.30 14:15:07.576,1.22673,1.22699,1.88,2.25
2011.11.30 14:15:08.720,1.22673,1.227,2.63,2.25
2011.11.30 14:15:09.345,1.22673,1.22698,1.88,2.25
2011.11.30 14:15:11.829,1.22673,1.22698,1.88,1.02
2011.11.30 14:15:12.905,1.22673,1.22698,1.88,1.02
2011.11.30 14:15:23.677,1.22677,1.22697,1.88,1.80
2011.11.30 14:15:23.921,1.22674,1.22697,1.13,1.50
2011.11.30 14:15:24.507,1.22673,1.22701,4.50,2.63
2011.11.30 14:15:24.986,1.22671,1.22699,1.50,2.25
2011.11.30 14:15:25.586,1.22668,1.22698,4.13,4.13
2011.11.30 14:15:25.836,1.22682,1.22698,4.56,4.13
2011.11.30 14:15:26.426,1.22681,1.22701,2.30,2.25
2011.11.30 14:15:26.565,1.22678,1.22706,2.25,2.25
2011.11.30 14:15:26.807,1.22679,1.22705,2.25,1.88
2011.11.30 14:15:26.933,1.22675,1.22701,2.63,1.50
2011.11.30 14:15:27.055,1.22675,1.22701,2.63,2.25
2011.11.30 14:15:27.177,1.22675,1.22701,1.88,2.25
2011.11.30 14:15:27.299,1.22675,1.22701,1.88,2.25
2011.11.30 14:15:27.670,1.22675,1.22704,2.63,2.25
2011.11.30 14:15:28.248,1.22675,1.22704,1.88,2.25
2011.11.30 14:15:28.959,1.22675,1.22698,1.88,1.50
2011.11.30 14:15:29.089,1.22675,1.22702,1.88,1.13
2011.11.30 14:15:29.329,1.22675,1.22701,1.88,2.25
2011.11.30 14:15:31.249,1.22675,1.227,1.88,2.25
2011.11.30 14:15:31.377,1.22675,1.227,1.88,2.25
2011.11.30 14:15:32.090,1.22675,1.22703,2.63,1.50
2011.11.30 14:15:32.463,1.22692,1.22714,4.56,1.50
2011.11.30 14:15:32.594,1.22695,1.22716,2.25,2.25
2011.11.30 14:15:33.065,1.22691,1.2271,2.25,1.88
2011.11.30 14:15:33.321,1.227,1.22728,2.25,2.21
2011.11.30 14:15:33.454,1.227,1.22727,2.31,1.46
2011.11.30 14:15:33.703,1.227,1.22726,2.25,1.35
2011.11.30 14:15:34.068,1.22691,1.22718,2.63,1.88
2011.11.30 14:15:34.418,1.2269,1.22718,2.25,4.50
2011.11.30 14:15:34.905,1.2269,1.22718,2.25,4.13
2011.11.30 14:15:35.038,1.2269,1.22717,1.50,2.63
2011.11.30 14:15:35.162,1.2269,1.22717,2.25,1.88
2011.11.30 14:15:35.288,1.2269,1.22717,1.50,2.63
2011.11.30 14:15:35.869,1.22692,1.22717,1.50,2.63
2011.11.30 14:15:36.240,1.22692,1.22717,2.25,1.88
2011.11.30 14:15:36.369,1.2269,1.22717,2.63,1.88
2011.11.30 14:15:36.609,1.2269,1.22717,2.25,1.88
2011.11.30 14:15:36.740,1.22693,1.22717,2.25,1.88
2011.11.30 14:15:37.572,1.22691,1.22717,2.25,1.88
2011.11.30 14:15:37.700,1.22691,1.22717,2.25,1.88
2011.11.30 14:15:38.396,1.22703,1.22717,4.50,1.88
2011.11.30 14:15:38.759,1.22707,1.22728,1.50,1.46
2011.11.30 14:15:38.889,1.22707,1.22728,1.50,1.46
2011.11.30 14:15:39.008,1.22711,1.22737,2.25,1.05
2011.11.30 14:15:39.724,1.22714,1.22737,4.50,2.21
2011.11.30 14:15:39.855,1.22714,1.22738,3.00,2.21
2011.11.30 14:15:40.098,1.22716,1.22739,1.88,2.25
2011.11.30 14:15:40.459,1.22715,1.22745,1.50,2.25
2011.11.30 14:15:40.589,1.22711,1.2274,2.63,2.25
2011.11.30 14:15:40.718,1.2271,1.2274,4.13,2.63
2011.11.30 14:15:41.081,1.22709,1.22732,1.88,1.50
2011.11.30 14:15:41.906,1.22706,1.22732,1.88,2.25
2011.11.30 14:15:42.388,1.22704,1.22732,1.88,2.63
2011.11.30 14:15:42.740,1.227,1.22722,2.63,1.50
2011.11.30 14:15:43.106,1.22698,1.22718,1.13,1.50
2011.11.30 14:15:43.225,1.22694,1.22717,1.88,2.25
2011.11.30 14:15:43.820,1.22693,1.22714,1.88,1.50
2011.11.30 14:15:44.438,1.22693,1.22713,1.88,1.50
2011.11.30 14:15:44.679,1.22693,1.22716,1.88,2.25
2011.11.30 14:15:46.440,1.22693,1.22709,1.88,2.25
2011.11.30 14:15:46.579,1.22676,1.22702,1.13,2.25
2011.11.30 14:15:46.706,1.22676,1.22702,1.88,2.25
2011.11.30 14:15:47.065,1.22676,1.22701,1.88,1.13
2011.11.30 14:15:47.654,1.22675,1.227,1.88,3.00
2011.11.30 14:15:48.234,1.22675,1.227,1.88,3.00
2011.11.30 14:15:48.829,1.22675,1.227,1.88,1.50
2011.11.30 14:15:49.387,1.2268,1.22703,1.88,1.13
2011.11.30 14:15:49.748,1.2268,1.22703,1.88,1.13
2011.11.30 14:15:49.988,1.22675,1.227,1.88,1.50
2011.11.30 14:15:50.226,1.22674,1.227,1.88,1.88
2011.11.30 14:15:50.586,1.22674,1.22699,1.88,1.50
2011.11.30 14:15:50.925,1.22674,1.22699,1.88,1.50
2011.11.30 14:15:51.277,1.22674,1.22698,1.88,1.50
2011.11.30 14:15:51.521,1.22674,1.22701,1.88,2.25
2011.11.30 14:15:51.646,1.22678,1.22701,1.88,2.25
2011.11.30 14:15:52.735,1.22678,1.22704,1.88,2.25
2011.11.30 14:15:53.434,1.22678,1.22706,2.63,3.00
2011.11.30 14:15:53.676,1.22679,1.22708,1.50,3.75
2011.11.30 14:15:53.916,1.22679,1.22708,1.50,3.00
2011.11.30 14:15:54.034,1.22679,1.22708,1.50,3.00
2011.11.30 14:15:54.510,1.22678,1.22706,3.38,2.25
2011.11.30 14:15:55.299,1.22678,1.22706,3.38,2.25
2011.11.30 14:15:57.934,1.22678,1.22703,1.88,2.25
2011.11.30 14:15:58.943,1.22678,1.22705,1.88,2.63
2011.11.30 14:15:59.650,1.22678,1.22702,1.88,2.25
2011.11.30 14:16:01.939,1.22678,1.22705,1.88,2.25
2011.11.30 14:16:03.625,1.22678,1.22703,1.88,2.25
2011.11.30 14:16:03.871,1.22678,1.22704,1.88,2.25
2011.11.30 14:16:04.237,1.22678,1.22705,1.88,2.25
2011.11.30 14:16:05.497,1.22678,1.22703,1.88,2.25
2011.11.30 14:16:08.794,1.22694,1.22713,5.25,2.21
2011.11.30 14:16:08.930,1.22687,1.22715,2.63,2.25
2011.11.30 14:16:09.065,1.22687,1.22713,2.25,2.63
2011.11.30 14:16:09.432,1.22687,1.22713,1.50,3.38
2011.11.30 14:16:09.559,1.22683,1.22708,1.88,1.50
2011.11.30 14:16:09.689,1.22683,1.22706,1.88,2.25
2011.11.30 14:16:10.167,1.22683,1.22709,1.94,2.25
2011.11.30 14:16:10.615,1.22683,1.2271,2.69,2.25
2011.11.30 14:16:11.194,1.22684,1.22712,2.25,2.25
2011.11.30 14:16:11.797,1.22684,1.22712,2.25,2.25
2011.11.30 14:16:13.686,1.22684,1.22712,2.25,2.25
2011.11.30 14:16:17.117,1.22684,1.22712,2.25,2.25
2011.11.30 14:16:19.637,1.22684,1.22712,2.25,1.50
2011.11.30 14:16:20.562,1.22686,1.22712,1.50,2.25
2011.11.30 14:16:20.936,1.22683,1.2271,1.88,2.25
2011.11.30 14:16:21.521,1.22683,1.2271,2.63,2.25
2011.11.30 14:16:21.646,1.22683,1.2271,2.63,2.25
2011.11.30 14:16:23.093,1.22684,1.22712,1.50,2.25
2011.11.30 14:16:23.447,1.22681,1.22706,1.88,2.25
2011.11.30 14:16:23.803,1.22679,1.22702,1.50,1.50
2011.11.30 14:16:24.292,1.22681,1.22701,2.63,1.50
2011.11.30 14:16:24.420,1.22684,1.22706,1.50,1.50
2011.11.30 14:16:25.005,1.22682,1.22709,2.25,2.63
2011.11.30 14:16:25.501,1.22681,1.22706,2.63,2.25
2011.11.30 14:16:26.073,1.22681,1.22706,1.88,2.25
2011.11.30 14:16:26.321,1.22681,1.22706,1.88,2.25
2011.11.30 14:16:26.915,1.22676,1.22702,3.38,1.84
2011.11.30 14:16:27.155,1.22676,1.22701,1.88,1.82
2011.11.30 14:16:27.398,1.22676,1.22702,1.88,2.25
2011.11.30 14:16:28.044,1.22676,1.22703,1.88,2.25
2011.11.30 14:16:28.866,1.22677,1.22704,2.25,2.63
2011.11.30 14:16:29.456,1.22677,1.22704,1.50,2.63
2011.11.30 14:16:30.035,1.22678,1.22704,1.50,2.63
2011.11.30 14:16:30.494,1.22676,1.22704,2.63,2.63
2011.11.30 14:16:31.233,1.22676,1.22701,2.63,1.50
2011.11.30 14:16:31.367,1.22676,1.22703,1.88,2.25
2011.11.30 14:16:31.945,1.22676,1.22703,1.88,2.25
2011.11.30 14:16:32.184,1.22676,1.227,3.44,1.50
2011.11.30 14:16:32.546,1.22679,1.22704,4.50,2.63
2011.11.30 14:16:32.667,1.22676,1.22704,2.31,2.63
2011.11.30 14:16:32.788,1.22676,1.22704,1.88,2.63
2011.11.30 14:16:33.149,1.22676,1.22703,1.88,2.25
2011.11.30 14:16:33.674,1.22676,1.22697,1.88,2.25
2011.11.30 14:16:34.147,1.22673,1.22698,1.88,2.25
2011.11.30 14:16:34.272,1.22673,1.22696,1.88,2.25
2011.11.30 14:16:34.507,1.22668,1.22693,1.88,2.25
2011.11.30 14:16:34.628,1.22665,1.22692,1.88,2.25
2011.11.30 14:16:35.198,1.22665,1.22689,1.88,2.25
2011.11.30 14:16:35.437,1.22662,1.22686,2.63,1.50
2011.11.30 14:16:35.557,1.22662,1.22687,1.88,2.25
2011.11.30 14:16:36.138,1.22659,1.22686,2.63,2.25
2011.11.30 14:16:36.667,1.22659,1.22685,1.88,2.25
2011.11.30 14:16:37.257,1.2266,1.22687,1.50,3.38
2011.11.30 14:16:37.382,1.2266,1.22687,1.50,3.38
2011.11.30 14:16:37.508,1.22664,1.22687,2.25,2.63
2011.11.30 14:16:38.063,1.22665,1.22687,1.50,2.63
2011.11.30 14:16:38.184,1.22662,1.22687,1.13,2.63
2011.11.30 14:16:38.743,1.22661,1.22687,2.63,2.63
2011.11.30 14:16:39.324,1.22661,1.22687,2.63,2.63
2011.11.30 14:16:39.554,1.22661,1.22687,2.63,1.88
2011.11.30 14:16:40.364,1.22661,1.22687,1.88,1.88
2011.11.30 14:16:40.954,1.22661,1.22687,2.25,1.88
2011.11.30 14:16:41.625,1.22662,1.22687,1.13,1.88
2011.11.30 14:16:41.855,1.22661,1.22687,2.63,1.88
2011.11.30 14:16:41.976,1.22661,1.22687,2.63,1.88
2011.11.30 14:16:43.231,1.22669,1.22687,1.50,1.88
2011.11.30 14:16:43.360,1.2267,1.22698,2.25,4.50
2011.11.30 14:16:43.853,1.22671,1.22698,2.25,3.00
2011.11.30 14:16:44.226,1.22691,1.22712,1.50,2.63
2011.11.30 14:16:44.803,1.22689,1.22716,1.50,4.13
2011.11.30 14:16:45.804,1.22689,1.22716,1.50,4.13
2011.11.30 14:16:47.473,1.22688,1.22716,4.50,4.13
2011.11.30 14:16:48.165,1.22688,1.22716,4.50,4.13
2011.11.30 14:16:48.746,1.22691,1.22716,1.50,4.13
2011.11.30 14:16:49.765,1.22691,1.22716,1.50,2.25
2011.11.30 14:16:50.604,1.2269,1.22716,1.50,2.25
2011.11.30 14:16:51.162,1.2269,1.22716,1.50,2.25
2011.11.30 14:16:51.639,1.22688,1.22715,1.50,2.25
2011.11.30 14:16:52.112,1.22684,1.22713,2.25,1.88
2011.11.30 14:16:52.475,1.22685,1.22712,2.25,2.63
2011.11.30 14:16:53.066,1.22685,1.22712,2.25,2.63
2011.11.30 14:16:53.866,1.22685,1.22712,2.25,2.63
2011.11.30 14:16:53.989,1.22682,1.22712,4.50,4.13
2011.11.30 14:16:54.227,1.22682,1.22712,3.38,4.13
2011.11.30 14:16:54.861,1.22682,1.22708,2.63,2.25
2011.11.30 14:16:55.347,1.22682,1.2271,1.13,4.13
2011.11.30 14:16:57.765,1.22681,1.2271,1.13,3.38
2011.11.30 14:16:57.891,1.22696,1.22718,2.25,3.75
2011.11.30 14:16:58.020,1.22696,1.22715,1.50,1.13
2011.11.30 14:16:58.146,1.22682,1.22709,1.13,2.25
2011.11.30 14:16:58.267,1.22684,1.22709,1.88,2.25
2011.11.30 14:16:58.511,1.22682,1.22709,2.63,2.25
2011.11.30 14:16:58.761,1.22682,1.22707,1.88,2.25
2011.11.30 14:16:59.460,1.22686,1.22707,1.35,1.50
2011.11.30 14:16:59.705,1.22685,1.22711,1.88,2.25
2011.11.30 14:17:00.213,1.22684,1.22713,1.88,2.25
2011.11.30 14:17:00.895,1.22684,1.22711,1.88,2.25
2011.11.30 14:17:01.018,1.22684,1.22711,1.88,2.25
2011.11.30 14:17:02.265,1.22683,1.22711,2.25,2.25
2011.11.30 14:17:02.837,1.22681,1.22711,3.75,4.13
2011.11.30 14:17:03.856,1.22681,1.22708,2.63,2.25
2011.11.30 14:17:04.425,1.22681,1.22711,4.50,4.13
2011.11.30 14:17:05.227,1.22681,1.22711,4.13,4.13
2011.11.30 14:17:05.349,1.22681,1.22711,4.13,4.13
2011.11.30 14:17:05.915,1.22682,1.22711,1.88,2.25
2011.11.30 14:17:06.434,1.22687,1.22715,2.25,4.88
2011.11.30 14:17:06.569,1.22689,1.22715,1.50,4.13
2011.11.30 14:17:07.074,1.22689,1.22715,1.50,4.13
2011.11.30 14:17:07.657,1.2269,1.22715,1.50,4.13
2011.11.30 14:17:08.435,1.2269,1.22715,1.50,4.13
2011.11.30 14:17:08.953,1.22689,1.22715,1.50,4.13
2011.11.30 14:17:09.852,1.22689,1.22715,1.50,4.13
2011.11.30 14:17:11.115,1.22689,1.22715,1.50,4.13
2011.11.30 14:17:11.797,1.22689,1.22712,1.50,5.25
2011.11.30 14:17:12.812,1.2269,1.22711,1.50,1.50
2011.11.30 14:17:13.316,1.2269,1.22711,1.50,1.50
2011.11.30 14:17:13.997,1.2269,1.22711,1.50,1.50
2011.11.30 14:17:15.722,1.2269,1.22711,1.50,1.50
2011.11.30 14:17:16.089,1.22688,1.22709,1.50,1.50
2011.11.30 14:17:16.561,1.22688,1.22709,1.50,1.50
2011.11.30 14:17:16.685,1.22688,1.22715,1.50,2.95
2011.11.30 14:17:16.807,1.22683,1.22711,4.13,2.25
2011.11.30 14:17:17.373,1.22684,1.22711,1.88,2.25
2011.11.30 14:17:17.937,1.22684,1.22711,1.88,2.25
2011.11.30 14:17:20.332,1.22682,1.22709,1.88,2.25
2011.11.30 14:17:21.246,1.22682,1.22709,2.63,2.25
2011.11.30 14:17:21.366,1.22681,1.22709,1.50,2.25
2011.11.30 14:17:21.954,1.22679,1.22707,1.88,2.25
2011.11.30 14:17:22.324,1.22677,1.22705,2.25,2.25
2011.11.30 14:17:22.567,1.22677,1.22704,2.25,2.63
2011.11.30 14:17:23.240,1.22677,1.22704,2.25,2.63
2011.11.30 14:17:23.486,1.22675,1.22704,3.38,4.13
2011.11.30 14:17:24.078,1.22676,1.22704,1.50,4.13
2011.11.30 14:17:26.017,1.22676,1.22704,2.25,2.63
2011.11.30 14:17:28.555,1.22679,1.22704,1.50,1.88
2011.11.30 14:17:28.915,1.22679,1.22707,2.25,4.50
2011.11.30 14:17:29.370,1.22679,1.22703,1.50,2.63
2011.11.30 14:17:29.499,1.2268,1.22703,3.00,2.63
2011.11.30 14:17:30.088,1.2268,1.22703,1.50,2.63
2011.11.30 14:17:30.327,1.22676,1.22703,2.25,2.63
2011.11.30 14:17:30.448,1.22676,1.22703,2.25,2.63
2011.11.30 14:17:30.916,1.22676,1.22704,2.63,2.25
2011.11.30 14:17:31.490,1.22676,1.22704,4.13,2.63
2011.11.30 14:17:32.054,1.22683,1.22705,1.50,2.63
2011.11.30 14:17:32.424,1.22678,1.22705,3.00,2.63
2011.11.30 14:17:32.552,1.22678,1.22705,2.25,2.63
2011.11.30 14:17:33.366,1.2268,1.22705,1.13,2.63
2011.11.30 14:17:34.817,1.22678,1.22704,2.25,2.25
2011.11.30 14:17:37.016,1.22678,1.22704,1.50,2.25
2011.11.30 14:17:37.780,1.22679,1.22704,2.25,2.25
2011.11.30 14:17:38.254,1.22677,1.22704,1.50,2.25
2011.11.30 14:17:38.727,1.22676,1.22704,3.38,2.25
2011.11.30 14:17:39.077,1.22676,1.22703,2.63,2.25
2011.11.30 14:17:39.304,1.22676,1.22703,2.63,2.25
2011.11.30 14:17:40.015,1.22676,1.22703,3.38,1.50
2011.11.30 14:17:40.358,1.22676,1.22705,2.63,3.38
2011.11.30 14:17:40.769,1.22681,1.2271,3.00,1.88
2011.11.30 14:17:41.016,1.22683,1.22713,2.63,2.25
2011.11.30 14:17:41.254,1.22688,1.22714,2.63,1.50
2011.11.30 14:17:41.486,1.22688,1.22714,2.63,1.50
2011.11.30 14:17:41.835,1.22691,1.22722,1.19,1.88
2011.11.30 14:17:41.958,1.22692,1.22719,1.19,1.88
2011.11.30 14:17:42.554,1.22696,1.22721,1.13,1.50
2011.11.30 14:17:43.097,1.227,1.22723,1.13,1.50
2011.11.30 14:17:43.686,1.22701,1.22724,1.50,1.50
2011.11.30 14:17:44.607,1.22698,1.22724,2.63,1.50
2011.11.30 14:17:45.185,1.22698,1.22724,2.63,1.50
2011.11.30 14:17:45.749,1.22698,1.22724,2.63,1.50
2011.11.30 14:17:48.115,1.22698,1.22724,2.63,1.50
2011.11.30 14:17:49.266,1.22696,1.22721,3.06,1.50
2011.11.30 14:17:49.845,1.22692,1.22719,3.00,1.50
2011.11.30 14:17:49.976,1.22692,1.22719,3.38,1.50
2011.11.30 14:17:51.018,1.22692,1.22719,3.75,1.50
2011.11.30 14:17:51.255,1.22694,1.22719,2.63,1.50
2011.11.30 14:17:53.966,1.22695,1.22719,1.50,1.50
2011.11.30 14:17:54.540,1.22694,1.22714,2.63,4.50
2011.11.30 14:17:54.669,1.22695,1.22719,1.50,1.50
2011.11.30 14:17:56.315,1.22692,1.22719,3.38,1.50
2011.11.30 14:17:56.909,1.22692,1.22719,3.38,1.50
2011.11.30 14:17:57.469,1.22692,1.22719,2.63,1.50
2011.11.30 14:17:59.195,1.22692,1.22719,2.63,1.50
2011.11.30 14:18:00.025,1.22692,1.22719,2.63,1.50
2011.11.30 14:18:01.523,1.22693,1.22719,2.63,1.50
2011.11.30 14:18:06.988,1.22693,1.22719,2.63,1.50
2011.11.30 14:18:09.322,1.22693,1.22719,2.63,1.50
2011.11.30 14:18:09.805,1.22696,1.2272,3.38,1.50
2011.11.30 14:18:11.064,1.22696,1.2272,3.38,1.50
2011.11.30 14:18:11.185,1.22696,1.2272,3.38,1.50
2011.11.30 14:18:13.164,1.22701,1.2272,1.50,1.50
2011.11.30 14:18:13.525,1.22696,1.2272,2.63,1.50
2011.11.30 14:18:13.644,1.22696,1.2272,2.63,6.00
2011.11.30 14:18:13.764,1.22696,1.2272,2.63,1.50
2011.11.30 14:18:14.234,1.22693,1.22719,2.63,2.25
2011.11.30 14:18:14.355,1.22693,1.22719,2.63,2.25
2011.11.30 14:18:15.092,1.22693,1.22719,2.63,2.25
2011.11.30 14:18:15.934,1.22692,1.22719,2.63,1.88
2011.11.30 14:18:16.526,1.22693,1.22719,2.63,1.88
2011.11.30 14:18:17.083,1.22693,1.22719,2.63,1.50
2011.11.30 14:18:17.315,1.22693,1.22719,2.63,1.50
2011.11.30 14:18:19.126,1.22696,1.22721,2.63,2.25
2011.11.30 14:18:19.703,1.22696,1.22721,2.63,2.25
2011.11.30 14:18:23.884,1.22696,1.22721,2.63,2.25
2011.11.30 14:18:24.432,1.22696,1.22721,2.63,2.25
2011.11.30 14:18:25.610,1.22694,1.22716,2.63,1.50
2011.11.30 14:18:25.982,1.22692,1.22718,3.38,1.50
2011.11.30 14:18:27.520,1.22692,1.22718,3.38,1.50
2011.11.30 14:18:27.995,1.22693,1.2272,2.63,1.50
2011.11.30 14:18:30.066,1.22695,1.2272,2.63,1.50
2011.11.30 14:18:30.654,1.22695,1.22721,2.63,1.50
2011.11.30 14:18:31.227,1.22695,1.22722,2.63,1.50
2011.11.30 14:18:33.442,1.22695,1.22722,2.63,1.88
2011.11.30 14:18:33.812,1.22693,1.2272,2.63,1.50
2011.11.30 14:18:34.276,1.22693,1.22718,2.63,1.50
2011.11.30 14:18:35.455,1.22693,1.22721,2.63,3.75
2011.11.30 14:18:36.424,1.22696,1.22721,2.63,1.50
2011.11.30 14:18:36.546,1.22696,1.22723,2.63,1.88
2011.11.30 14:18:37.619,1.22696,1.22723,2.63,1.50
2011.11.30 14:18:37.959,1.22696,1.22717,2.63,4.50
2011.11.30 14:18:40.047,1.22696,1.22717,2.63,4.50
2011.11.30 14:18:40.287,1.22692,1.22716,2.63,4.50
2011.11.30 14:18:41.331,1.22693,1.22717,2.63,4.50
2011.11.30 14:18:41.469,1.22693,1.22714,2.63,4.50
2011.11.30 14:18:42.178,1.22693,1.22714,2.63,4.50
2011.11.30 14:18:42.298,1.22693,1.22719,2.63,1.50
2011.11.30 14:18:42.539,1.22694,1.22722,3.00,1.50
2011.11.30 14:18:42.659,1.22696,1.22724,2.25,1.50
2011.11.30 14:18:44.037,1.22696,1.22724,2.25,2.25
2011.11.30 14:18:44.166,1.22695,1.2272,2.63,1.50
2011.11.30 14:18:44.529,1.22692,1.22717,3.38,1.50
2011.11.30 14:18:44.865,1.22692,1.22719,2.63,1.50
2011.11.30 14:18:45.095,1.22692,1.22719,2.63,1.50
2011.11.30 14:18:45.691,1.22695,1.22722,2.63,1.50
2011.11.30 14:18:46.058,1.22694,1.2272,2.63,1.50
2011.11.30 14:18:46.177,1.22693,1.2272,2.63,1.50
2011.11.30 14:18:48.775,1.22693,1.22718,2.63,1.50
2011.11.30 14:18:49.704,1.22693,1.22718,2.63,1.50
2011.11.30 14:18:49.839,1.22691,1.22714,2.63,2.20
2011.11.30 14:18:50.198,1.22688,1.22712,2.63,1.50
2011.11.30 14:18:50.438,1.22688,1.22712,2.63,1.50
2011.11.30 14:18:50.920,1.22688,1.22714,2.63,1.50
2011.11.30 14:18:51.048,1.22688,1.22714,3.00,1.50
2011.11.30 14:18:51.166,1.22688,1.22716,3.00,3.38
2011.11.30 14:18:51.504,1.22694,1.22716,1.50,3.38
2011.11.30 14:18:52.146,1.22694,1.22716,1.50,1.88
2011.11.30 14:18:52.520,1.22695,1.22716,1.13,1.88
2011.11.30 14:18:52.647,1.22694,1.22719,1.50,1.50
2011.11.30 14:18:52.998,1.22694,1.22721,1.88,3.38
2011.11.30 14:18:53.574,1.22694,1.2272,1.88,1.50
2011.11.30 14:18:53.929,1.22694,1.22717,1.50,1.50
2011.11.30 14:18:54.663,1.22694,1.22719,1.50,1.50
2011.11.30 14:18:54.907,1.22696,1.22721,1.13,3.38
2011.11.30 14:18:55.027,1.22696,1.22721,1.13,3.38
2011.11.30 14:18:55.495,1.22696,1.22721,1.13,3.38
2011.11.30 14:18:56.790,1.22695,1.2272,1.88,1.50
2011.11.30 14:18:57.586,1.22697,1.2272,1.13,1.50
2011.11.30 14:18:58.054,1.22694,1.22718,1.50,1.50
2011.11.30 14:18:58.397,1.22694,1.22716,1.50,1.50
2011.11.30 14:18:59.647,1.22694,1.22716,1.50,1.50
2011.11.30 14:19:00.008,1.22688,1.22715,2.63,1.50
2011.11.30 14:19:01.168,1.22689,1.22715,1.50,1.50
2011.11.30 14:19:01.756,1.22689,1.22715,1.50,1.50
2011.11.30 14:19:01.874,1.22689,1.22715,1.50,2.25
2011.11.30 14:19:02.394,1.22689,1.22715,1.50,1.50
2011.11.30 14:19:02.966,1.22688,1.22712,2.63,1.50
2011.11.30 14:19:03.315,1.22688,1.22714,2.63,1.50
2011.11.30 14:19:03.896,1.22688,1.22714,3.00,1.50
2011.11.30 14:19:04.477,1.22688,1.22714,2.63,1.50
2011.11.30 14:19:04.595,1.22688,1.22714,2.63,1.50
2011.11.30 14:19:05.118,1.22685,1.22712,1.13,3.71
2011.11.30 14:19:05.684,1.22686,1.22709,1.13,2.59
2011.11.30 14:19:06.259,1.22685,1.22708,1.13,2.59
2011.11.30 14:19:06.718,1.22682,1.22707,3.75,1.88
2011.11.30 14:19:06.837,1.22682,1.22706,2.25,1.88
2011.11.30 14:19:07.867,1.2268,1.22706,1.13,3.38
2011.11.30 14:19:11.025,1.22681,1.22706,1.13,3.38
2011.11.30 14:19:11.496,1.22681,1.22706,3.75,1.88
2011.11.30 14:19:12.053,1.22678,1.22705,1.50,1.50
2011.11.30 14:19:12.965,1.22676,1.22705,2.63,6.00
2011.11.30 14:19:13.090,1.22676,1.22702,2.63,2.25
2011.11.30 14:19:13.445,1.22673,1.22701,4.13,1.88
2011.11.30 14:19:14.877,1.22674,1.22701,1.50,1.88
2011.11.30 14:19:15.494,1.22674,1.22699,1.50,1.88
2011.11.30 14:19:16.719,1.22674,1.22699,1.50,1.88
2011.11.30 14:19:17.380,1.22674,1.22699,3.38,4.50
2011.11.30 14:19:17.980,1.22674,1.22702,5.63,3.70
2011.11.30 14:19:18.586,1.22674,1.22704,6.00,2.25
2011.11.30 14:19:18.712,1.22674,1.22704,6.00,1.50
2011.11.30 14:19:21.156,1.22679,1.22706,1.50,4.13
2011.11.30 14:19:21.506,1.22679,1.22702,1.50,1.50
2011.11.30 14:19:21.848,1.22679,1.22701,1.50,2.96
2011.11.30 14:19:22.201,1.22679,1.22701,1.50,2.96
2011.11.30 14:19:22.553,1.22679,1.22699,1.50,4.09
2011.11.30 14:19:23.356,1.22679,1.22699,1.50,4.09
2011.11.30 14:19:23.489,1.22679,1.22704,1.50,1.50
2011.11.30 14:19:23.857,1.22679,1.22703,1.50,1.50
2011.11.30 14:19:24.454,1.22679,1.22702,1.50,1.88
2011.11.30 14:19:24.808,1.22679,1.22702,1.50,1.88
2011.11.30 14:19:25.275,1.22674,1.22702,2.69,1.88
2011.11.30 14:19:25.395,1.22674,1.22699,3.38,1.50
2011.11.30 14:19:26.152,1.22674,1.22701,2.63,1.50
2011.11.30 14:19:26.395,1.22673,1.22699,1.50,1.50
2011.11.30 14:19:27.458,1.22673,1.22699,1.56,1.50
2011.11.30 14:19:27.813,1.22673,1.22701,3.00,1.50
2011.11.30 14:19:28.537,1.22673,1.227,1.50,1.50
2011.11.30 14:19:29.124,1.22673,1.22701,1.50,1.88
2011.11.30 14:19:31.931,1.22679,1.22701,1.50,1.88
2011.11.30 14:19:32.405,1.22673,1.22701,1.19,1.88
2011.11.30 14:19:33.216,1.2268,1.22701,1.50,1.88
2011.11.30 14:19:33.731,1.2268,1.22701,1.50,1.88
2011.11.30 14:19:34.325,1.2268,1.22701,1.50,1.88
2011.11.30 14:19:34.774,1.22685,1.22701,4.50,1.88
2011.11.30 14:19:35.022,1.22688,1.22703,1.50,1.88
2011.11.30 14:19:35.152,1.22678,1.22705,1.13,3.38
2011.11.30 14:19:35.279,1.22677,1.22703,1.13,1.50
2011.11.30 14:19:35.521,1.22677,1.22702,2.63,1.13
2011.11.30 14:19:36.050,1.22672,1.22699,1.50,1.88
2011.11.30 14:19:36.421,1.22672,1.22699,1.50,3.38
2011.11.30 14:19:37.018,1.22673,1.22699,1.50,3.38
2011.11.30 14:19:38.288,1.22672,1.22699,1.50,1.50
2011.11.30 14:19:38.528,1.22673,1.22699,1.50,1.50
2011.11.30 14:19:38.646,1.22676,1.22702,2.63,1.50
2011.11.30 14:19:39.245,1.22676,1.22702,2.63,1.50
2011.11.30 14:19:40.861,1.22674,1.22702,3.00,2.25
2011.11.30 14:19:41.457,1.22675,1.22702,2.63,1.50
2011.11.30 14:19:42.478,1.22676,1.22702,2.25,1.50
2011.11.30 14:19:43.236,1.22676,1.22702,2.25,1.50
2011.11.30 14:19:43.827,1.22676,1.22702,2.25,1.50
2011.11.30 14:19:44.301,1.22676,1.22702,2.25,1.50
2011.11.30 14:19:45.214,1.22691,1.22702,4.50,1.50
2011.11.30 14:19:45.463,1.22685,1.22709,2.31,2.25
2011.11.30 14:19:45.990,1.22684,1.22708,2.63,1.50
2011.11.30 14:19:46.244,1.22683,1.22709,2.63,1.50
2011.11.30 14:19:46.860,1.22683,1.22709,2.63,1.50
2011.11.30 14:19:46.991,1.22683,1.22709,2.63,1.50
2011.11.30 14:19:47.588,1.22682,1.22707,1.13,1.50
2011.11.30 14:19:48.414,1.22682,1.22707,1.13,1.50
2011.11.30 14:19:48.903,1.22683,1.22707,1.13,1.50
2011.11.30 14:19:49.500,1.22683,1.22707,1.13,1.50
2011.11.30 14:19:49.628,1.22683,1.22709,2.25,1.50
2011.11.30 14:19:49.855,1.22683,1.22709,2.25,1.50
2011.11.30 14:19:50.207,1.22683,1.22709,2.25,1.50
2011.11.30 14:19:50.755,1.22684,1.22709,1.13,1.50
2011.11.30 14:19:51.121,1.22684,1.22707,1.13,1.50
2011.11.30 14:19:51.729,1.22685,1.22708,1.13,1.50
2011.11.30 14:19:52.547,1.22685,1.22708,1.13,1.50
2011.11.30 14:19:55.356,1.22688,1.2271,1.13,3.38
2011.11.30 14:19:56.223,1.22684,1.22708,3.75,1.50
2011.11.30 14:19:56.807,1.22685,1.22708,3.00,1.50
2011.11.30 14:19:58.091,1.22686,1.2271,2.25,4.88
2011.11.30 14:20:02.363,1.22688,1.22711,1.50,1.88
2011.11.30 14:20:02.953,1.22685,1.22711,2.25,3.38
2011.11.30 14:20:03.907,1.22685,1.22711,2.25,1.50
2011.11.30 14:20:04.036,1.2268,1.22685,1.13,2.25
2011.11.30 14:20:04.160,1.22675,1.22681,1.88,4.50
2011.11.30 14:20:04.295,1.22665,1.22681,1.50,7.46
2011.11.30 14:20:04.421,1.22658,1.22672,2.31,1.46
2011.11.30 14:20:04.963,1.2264,1.22666,3.08,2.25
2011.11.30 14:20:05.090,1.22647,1.22667,1.50,1.65
2011.11.30 14:20:05.464,1.22649,1.22668,1.50,1.13
2011.11.30 14:20:05.951,1.22655,1.22675,1.50,2.63
2011.11.30 14:20:06.644,1.22666,1.22675,1.50,1.88
2011.11.30 14:20:06.777,1.22664,1.22682,1.50,1.88
2011.11.30 14:20:07.139,1.22662,1.22683,1.50,2.63
2011.11.30 14:20:07.266,1.22662,1.22683,1.50,1.88
2011.11.30 14:20:07.864,1.22661,1.22683,1.50,1.88
2011.11.30 14:20:08.106,1.22659,1.22683,2.25,3.38
2011.11.30 14:20:08.467,1.22656,1.22682,2.25,2.25
2011.11.30 14:20:08.829,1.22654,1.22678,2.25,2.25
2011.11.30 14:20:09.447,1.22654,1.22678,2.25,2.25
2011.11.30 14:20:09.571,1.22654,1.22676,1.50,1.50
2011.11.30 14:20:10.050,1.22651,1.22676,4.13,1.50
2011.11.30 14:20:10.423,1.22647,1.22673,4.13,3.00
2011.11.30 14:20:10.670,1.22653,1.22677,1.50,4.50
2011.11.30 14:20:11.026,1.22655,1.22677,1.50,2.63
2011.11.30 14:20:11.511,1.22655,1.22677,2.25,1.88
2011.11.30 14:20:11.762,1.22655,1.22676,2.25,1.88
2011.11.30 14:20:11.889,1.22659,1.22676,1.50,1.88
2011.11.30 14:20:12.250,1.22661,1.22676,2.25,1.88
2011.11.30 14:20:12.618,1.22661,1.22674,1.50,1.35
2011.11.30 14:20:12.969,1.22646,1.2267,5.63,3.00
2011.11.30 14:20:13.452,1.22646,1.22668,2.63,1.50
2011.11.30 14:20:14.722,1.22644,1.22668,1.20,2.63
2011.11.30 14:20:14.847,1.22644,1.22668,1.20,1.50
2011.11.30 14:20:16.698,1.22643,1.22668,2.70,2.25
2011.11.30 14:20:17.626,1.22643,1.22668,2.70,2.63
2011.11.30 14:20:18.206,1.22643,1.22668,2.70,2.63
2011.11.30 14:20:18.810,1.22643,1.22667,2.70,1.13
2011.11.30 14:20:19.681,1.22643,1.22668,2.70,2.63
2011.11.30 14:20:19.810,1.22643,1.22668,2.70,2.63
2011.11.30 14:20:20.059,1.22643,1.22668,2.70,1.50
2011.11.30 14:20:20.656,1.22643,1.22668,2.70,2.25
2011.11.30 14:20:21.815,1.22643,1.22668,2.70,1.50
2011.11.30 14:20:22.364,1.22643,1.22668,2.70,1.50
2011.11.30 14:20:22.972,1.22643,1.22668,2.70,1.50
2011.11.30 14:20:23.341,1.22643,1.22668,2.70,2.25
2011.11.30 14:20:24.451,1.22643,1.22668,2.70,2.63
2011.11.30 14:20:25.058,1.22643,1.22668,2.70,2.63
2011.11.30 14:20:25.541,1.22643,1.22667,2.70,1.13
2011.11.30 14:20:26.154,1.22643,1.22668,2.70,2.25
2011.11.30 14:20:26.289,1.22643,1.22668,2.70,2.21
2011.11.30 14:20:27.348,1.22643,1.22668,2.70,1.50
2011.11.30 14:20:28.393,1.22643,1.22668,2.70,2.25
2011.11.30 14:20:28.758,1.22643,1.22665,2.70,1.50
2011.11.30 14:20:29.120,1.22638,1.22657,2.33,4.50
2011.11.30 14:20:29.489,1.22642,1.22657,1.58,4.50
2011.11.30 14:20:30.553,1.22644,1.22657,2.33,4.50
2011.11.30 14:20:31.039,1.22647,1.22663,2.63,1.45
2011.11.30 14:20:31.280,1.22647,1.22666,2.63,4.50
2011.11.30 14:20:31.891,1.22647,1.22666,2.63,4.50
2011.11.30 14:20:32.022,1.22647,1.22669,1.88,3.10
2011.11.30 14:20:32.274,1.22645,1.22668,2.63,1.50
2011.11.30 14:20:32.771,1.22648,1.2267,2.25,1.13
2011.11.30 14:20:32.908,1.22648,1.22672,2.25,1.50
2011.11.30 14:20:33.506,1.2265,1.22673,2.25,1.88
2011.11.30 14:20:33.968,1.2265,1.22672,2.25,4.50
2011.11.30 14:20:34.333,1.2265,1.22671,1.50,2.20
2011.11.30 14:20:34.920,1.22648,1.22672,2.25,2.25
2011.11.30 14:20:35.063,1.22645,1.22666,2.63,1.50
2011.11.30 14:20:35.429,1.22645,1.22669,2.63,2.25
2011.11.30 14:20:35.785,1.22646,1.2267,2.25,1.50
2011.11.30 14:20:36.027,1.22645,1.22668,2.63,1.50
2011.11.30 14:20:36.387,1.22645,1.22668,2.63,1.50
2011.11.30 14:20:36.507,1.22646,1.2267,2.25,1.50
2011.11.30 14:20:37.058,1.22647,1.22673,2.25,3.38
2011.11.30 14:20:37.298,1.22647,1.22673,1.50,4.13
2011.11.30 14:20:37.424,1.2264,1.22663,1.20,1.50
2011.11.30 14:20:37.556,1.22638,1.22661,2.70,1.50
2011.11.30 14:20:38.277,1.22638,1.22663,2.70,2.25
2011.11.30 14:20:38.947,1.22638,1.22663,2.70,2.63
2011.11.30 14:20:39.366,1.22639,1.22662,2.33,1.13
2011.11.30 14:20:39.486,1.22639,1.22665,2.33,3.00
2011.11.30 14:20:39.608,1.22638,1.22662,4.95,1.50
2011.11.30 14:20:39.729,1.22645,1.22664,2.25,1.50
2011.11.30 14:20:39.966,1.22645,1.2267,2.25,2.25
2011.11.30 14:20:40.087,1.22645,1.22671,2.25,3.38
2011.11.30 14:20:40.684,1.22645,1.22671,4.13,2.25
2011.11.30 14:20:41.738,1.22645,1.22671,4.13,1.50
2011.11.30 14:20:42.448,1.22645,1.22671,4.13,2.25
2011.11.30 14:20:42.696,1.22649,1.22672,2.25,1.50
2011.11.30 14:20:43.056,1.22645,1.22668,2.63,1.50
2011.11.30 14:20:43.912,1.22643,1.22667,2.70,1.50
2011.11.30 14:20:44.038,1.22643,1.22665,2.70,1.50
2011.11.30 14:20:44.395,1.22643,1.22665,2.70,1.50
2011.11.30 14:20:44.642,1.22643,1.22667,2.70,1.50
2011.11.30 14:20:44.769,1.22643,1.22669,4.20,1.50
2011.11.30 14:20:46.737,1.22643,1.22669,4.20,1.88
2011.11.30 14:20:47.085,1.22643,1.22668,4.20,1.50
2011.11.30 14:20:47.676,1.22644,1.22668,2.25,1.50
2011.11.30 14:20:48.140,1.22643,1.22666,2.70,1.50
2011.11.30 14:20:48.741,1.22644,1.22668,2.33,1.50
2011.11.30 14:20:49.609,1.22645,1.22671,2.25,4.88
2011.11.30 14:20:49.744,1.22645,1.22671,2.25,4.88
2011.11.30 14:20:50.226,1.22643,1.22669,4.20,1.50
2011.11.30 14:20:52.151,1.22643,1.22666,2.70,1.50
2011.11.30 14:20:52.645,1.22644,1.22668,2.33,1.50
2011.11.30 14:20:53.136,1.22646,1.2267,2.25,2.25
2011.11.30 14:20:53.267,1.22646,1.2267,2.25,1.50
2011.11.30 14:20:53.391,1.22646,1.2267,2.25,1.50
2011.11.30 14:20:53.518,1.22646,1.2267,2.25,1.50
2011.11.30 14:20:53.757,1.22646,1.2267,2.25,1.50
2011.11.30 14:20:53.997,1.22646,1.2267,2.25,1.50
2011.11.30 14:20:54.477,1.22644,1.22668,2.25,1.50
2011.11.30 14:20:54.598,1.22644,1.22668,2.33,1.50
2011.11.30 14:20:55.486,1.22644,1.22668,2.25,1.50
2011.11.30 14:20:56.957,1.22644,1.22668,2.33,1.50
2011.11.30 14:20:58.439,1.22646,1.2267,2.25,1.50
2011.11.30 14:20:59.037,1.22646,1.2267,2.25,1.50
2011.11.30 14:20:59.989,1.22646,1.2267,2.25,2.25
2011.11.30 14:21:00.550,1.22646,1.2267,2.25,1.50
2011.11.30 14:21:01.391,1.22646,1.2267,2.25,1.50
2011.11.30 14:21:01.996,1.22646,1.2267,2.25,1.50
2011.11.30 14:21:02.117,1.22646,1.2267,2.25,1.50
2011.11.30 14:21:03.934,1.22646,1.2267,2.25,1.50
2011.11.30 14:21:06.181,1.22646,1.2267,2.25,1.50
2011.11.30 14:21:06.545,1.22648,1.22671,2.25,1.88
2011.11.30 14:21:08.488,1.22648,1.22671,2.25,1.88
2011.11.30 14:21:11.275,1.22648,1.22671,2.25,1.88
2011.11.30 14:21:12.085,1.22648,1.2267,2.25,1.88
2011.11.30 14:21:18.092,1.22647,1.2267,2.25,1.88
2011.11.30 14:21:18.223,1.22647,1.2267,2.63,1.88
2011.11.30 14:21:18.597,1.22652,1.2267,4.50,1.88
2011.11.30 14:21:19.204,1.22648,1.2267,2.25,1.88
2011.11.30 14:21:19.776,1.22647,1.2267,1.50,1.88
2011.11.30 14:21:20.138,1.22647,1.2267,2.25,1.88
2011.11.30 14:21:20.378,1.22647,1.2267,2.25,1.88
2011.11.30 14:21:23.754,1.22647,1.2267,1.50,2.63
2011.11.30 14:21:24.120,1.22645,1.2267,1.50,2.63
2011.11.30 14:21:24.252,1.22645,1.2267,2.25,2.63
2011.11.30 14:21:26.258,1.22646,1.2267,2.25,1.88
2011.11.30 14:21:26.627,1.22646,1.22662,3.00,3.75
2011.11.30 14:21:26.756,1.22645,1.22662,2.25,3.75
2011.11.30 14:21:26.882,1.22645,1.22671,2.25,1.50
2011.11.30 14:21:27.371,1.22643,1.22671,2.33,1.50
2011.11.30 14:21:27.500,1.22643,1.22671,2.33,1.50
2011.11.30 14:21:28.109,1.22643,1.22671,2.33,1.50
2011.11.30 14:21:28.228,1.22643,1.22671,2.33,1.50
2011.11.30 14:21:29.468,1.22643,1.22671,2.33,1.50
2011.11.30 14:21:31.394,1.22643,1.22672,2.33,2.63
2011.11.30 14:21:31.997,1.22643,1.22672,2.33,2.63
2011.11.30 14:21:32.229,1.22643,1.22672,2.33,2.63
2011.11.30 14:21:32.351,1.22643,1.22672,2.33,2.63
2011.11.30 14:21:34.827,1.22643,1.22669,2.33,1.50
2011.11.30 14:21:35.422,1.22643,1.22668,2.33,1.50
2011.11.30 14:21:35.779,1.22643,1.22667,2.33,1.13
2011.11.30 14:21:36.383,1.22643,1.22667,2.33,1.50
2011.11.30 14:21:36.746,1.22644,1.22665,2.33,1.45
2011.11.30 14:21:36.872,1.22646,1.2267,1.50,3.00
2011.11.30 14:21:37.122,1.22648,1.22669,1.50,1.88
2011.11.30 14:21:39.768,1.22648,1.22669,1.50,2.63
2011.11.30 14:21:40.359,1.22648,1.22669,1.50,1.88
2011.11.30 14:21:41.012,1.22646,1.22669,1.50,1.88
2011.11.30 14:21:50.868,1.22646,1.22669,2.25,1.88
2011.11.30 14:21:51.594,1.22646,1.22669,1.50,1.88
2011.11.30 14:21:52.080,1.22644,1.22667,1.58,1.88
2011.11.30 14:21:52.832,1.22641,1.22666,2.33,1.50
2011.11.30 14:21:53.200,1.22641,1.22666,1.58,1.50
2011.11.30 14:21:53.689,1.22646,1.22669,1.50,2.63
2011.11.30 14:21:54.772,1.22646,1.22669,1.50,2.63
2011.11.30 14:21:54.908,1.22646,1.22669,1.50,1.88
2011.11.30 14:21:57.334,1.22646,1.22669,1.50,2.63
2011.11.30 14:21:57.461,1.22644,1.22668,1.50,2.25
2011.11.30 14:21:58.055,1.22644,1.22668,1.58,2.63
2011.11.30 14:21:58.288,1.22644,1.22667,2.33,1.13
2011.11.30 14:21:58.410,1.22644,1.22668,1.58,2.25
2011.11.30 14:21:59.735,1.22642,1.22666,2.33,1.50
2011.11.30 14:22:00.293,1.22642,1.22666,2.33,1.50
2011.11.30 14:22:00.868,1.22642,1.22666,2.33,1.50
2011.11.30 14:22:01.533,1.22642,1.22666,2.33,1.50
2011.11.30 14:22:02.095,1.22644,1.22668,1.58,2.63
2011.11.30 14:22:04.624,1.22644,1.22668,1.58,4.50
2011.11.30 14:22:05.535,1.22644,1.22668,1.50,4.13
2011.11.30 14:22:07.028,1.22644,1.22668,1.50,3.38
2011.11.30 14:22:10.627,1.22642,1.22666,2.33,1.50
2011.11.30 14:22:11.623,1.2264,1.22661,1.95,5.25
2011.11.30 14:22:11.759,1.22641,1.22667,2.33,3.00
2011.11.30 14:22:12.359,1.2264,1.22664,4.20,1.50
2011.11.30 14:22:12.965,1.22642,1.22666,2.33,2.25
2011.11.30 14:22:13.536,1.22642,1.22666,2.33,2.25
2011.11.30 14:22:14.159,1.22642,1.22666,2.33,2.63
2011.11.30 14:22:14.755,1.22642,1.22666,2.33,2.25
2011.11.30 14:22:15.000,1.22643,1.22668,2.33,3.00
2011.11.30 14:22:15.252,1.22643,1.2266,1.58,4.50
2011.11.30 14:22:15.380,1.22643,1.22662,1.58,1.50
2011.11.30 14:22:15.752,1.22643,1.22665,1.58,1.50
2011.11.30 14:22:16.427,1.22643,1.22665,1.58,2.25
2011.11.30 14:22:16.570,1.22641,1.22665,2.33,2.25
2011.11.30 14:22:16.935,1.22641,1.22665,2.33,2.25
2011.11.30 14:22:17.060,1.22641,1.22665,2.33,2.25
2011.11.30 14:22:17.788,1.22641,1.22665,2.33,2.25
2011.11.30 14:22:18.634,1.22641,1.22665,2.33,2.25
2011.11.30 14:22:19.125,1.22642,1.22668,1.58,2.25
2011.11.30 14:22:19.826,1.22642,1.22668,1.58,2.25
2011.11.30 14:22:19.954,1.22642,1.22662,1.58,1.50
2011.11.30 14:22:20.197,1.22642,1.22668,1.58,2.25
2011.11.30 14:22:21.032,1.22642,1.22666,1.58,1.13
2011.11.30 14:22:21.285,1.22641,1.22663,1.58,1.46
2011.11.30 14:22:21.888,1.22641,1.22664,1.58,2.21
2011.11.30 14:22:22.467,1.22641,1.22663,1.58,1.46
2011.11.30 14:22:22.991,1.22641,1.22663,1.58,1.46
2011.11.30 14:22:23.565,1.22641,1.22664,1.58,2.21
2011.11.30 14:22:23.795,1.22641,1.22663,1.50,1.46
2011.11.30 14:22:26.745,1.22641,1.22663,1.50,1.46
2011.11.30 14:22:27.959,1.22641,1.22661,1.50,1.88
2011.11.30 14:22:28.084,1.2264,1.22661,1.50,1.50
2011.11.30 14:22:28.686,1.22639,1.22661,1.88,1.46
2011.11.30 14:22:29.274,1.22639,1.22663,1.88,2.25
2011.11.30 14:22:29.858,1.22639,1.22653,1.88,3.75
2011.11.30 14:22:30.112,1.22636,1.22661,1.88,2.25
2011.11.30 14:22:30.248,1.22636,1.22659,1.88,1.13
2011.11.30 14:22:30.494,1.22636,1.22661,2.63,2.25
2011.11.30 14:22:30.621,1.2264,1.22662,1.50,2.25
2011.11.30 14:22:30.755,1.22636,1.22661,2.63,2.25
2011.11.30 14:22:31.578,1.22637,1.22661,1.50,1.46
2011.11.30 14:22:32.178,1.22638,1.22662,1.88,1.50
2011.11.30 14:22:33.930,1.22638,1.2266,1.88,1.46
2011.11.30 14:22:34.538,1.22638,1.22663,1.88,2.25
2011.11.30 14:22:37.474,1.2264,1.22663,1.50,1.84
2011.11.30 14:22:38.078,1.22638,1.22662,4.13,2.25
2011.11.30 14:22:38.807,1.22644,1.22664,1.50,1.13
2011.11.30 14:22:38.933,1.22641,1.22663,1.50,1.46
2011.11.30 14:22:39.300,1.22643,1.22665,1.50,1.46
2011.11.30 14:22:39.432,1.22641,1.22665,2.25,1.46
2011.11.30 14:22:39.558,1.22641,1.22666,1.50,3.71
2011.11.30 14:22:39.676,1.22641,1.22666,1.50,3.86
2011.11.30 14:22:40.276,1.2264,1.22665,1.50,1.46
2011.11.30 14:22:40.521,1.22638,1.22664,4.13,2.25
2011.11.30 14:22:40.650,1.2264,1.22666,1.50,3.71
2011.11.30 14:22:41.194,1.22638,1.22664,4.13,2.25
2011.11.30 14:22:41.562,1.22641,1.22665,1.50,3.15
2011.11.30 14:22:43.961,1.22643,1.22666,1.50,1.61
2011.11.30 14:22:44.329,1.2264,1.22662,1.50,1.46
2011.11.30 14:22:44.808,1.22639,1.22663,2.25,2.96
2011.11.30 14:22:45.787,1.22638,1.22661,2.63,1.50
2011.11.30 14:22:46.150,1.22638,1.22662,1.88,1.46
2011.11.30 14:22:48.430,1.22639,1.22663,1.50,2.21
2011.11.30 14:22:49.126,1.22639,1.22662,1.50,1.46
2011.11.30 14:22:50.835,1.22639,1.22662,4.13,1.46
2011.11.30 14:22:51.526,1.22642,1.22663,1.50,2.21
2011.11.30 14:22:52.732,1.22642,1.22663,1.50,1.46
2011.11.30 14:22:54.875,1.22639,1.22662,4.13,1.46
2011.11.30 14:22:56.719,1.22639,1.22663,4.13,1.46
2011.11.30 14:22:56.896,1.2264,1.22663,1.50,2.21
2011.11.30 14:22:57.477,1.2264,1.22662,1.50,1.46
2011.11.30 14:22:58.041,1.22639,1.22662,1.88,1.46
2011.11.30 14:22:58.408,1.22639,1.22662,1.88,1.46
2011.11.30 14:22:58.529,1.22639,1.22662,1.88,1.46
2011.11.30 14:22:59.051,1.22639,1.22657,1.88,4.50
2011.11.30 14:22:59.189,1.22639,1.22662,1.88,2.25
2011.11.30 14:22:59.778,1.2264,1.22662,1.50,1.46
2011.11.30 14:23:00.367,1.2264,1.22663,1.50,2.21
2011.11.30 14:23:00.838,1.2264,1.22662,1.50,1.46
2011.11.30 14:23:02.455,1.2264,1.22663,1.50,1.46
2011.11.30 14:23:02.904,1.2264,1.22662,1.50,1.46
2011.11.30 14:23:03.917,1.2264,1.22663,2.25,1.46
2011.11.30 14:23:04.724,1.2264,1.22663,1.50,2.21
2011.11.30 14:23:05.255,1.22641,1.22663,1.50,2.21
2011.11.30 14:23:05.838,1.22639,1.22663,4.13,1.46
2011.11.30 14:23:06.517,1.22639,1.22663,4.13,1.46
2011.11.30 14:23:07.464,1.22639,1.22663,4.13,1.46
2011.11.30 14:23:08.026,1.22639,1.22663,4.13,2.21
2011.11.30 14:23:12.820,1.22639,1.22663,4.13,1.55
2011.11.30 14:23:13.753,1.22639,1.22664,4.13,3.05
2011.11.30 14:23:14.359,1.22639,1.22663,4.13,1.60
2011.11.30 14:23:18.829,1.22638,1.22662,4.13,2.86
2011.11.30 14:23:18.948,1.22638,1.22662,4.13,2.63
2011.11.30 14:23:19.068,1.22638,1.22662,3.38,2.63
2011.11.30 14:23:20.247,1.22638,1.22661,2.63,1.13
2011.11.30 14:23:21.397,1.22638,1.22664,2.63,1.46
2011.11.30 14:23:22.494,1.22638,1.22664,2.63,1.84
2011.11.30 14:23:22.726,1.22638,1.22664,2.63,1.84
2011.11.30 14:23:24.676,1.2264,1.22665,5.25,1.84
2011.11.30 14:23:24.798,1.2264,1.22664,1.13,1.46
2011.11.30 14:23:25.709,1.22638,1.22664,2.63,1.46
2011.11.30 14:23:26.376,1.22638,1.22664,2.63,1.46
2011.11.30 14:23:26.905,1.22638,1.22664,2.63,1.84
2011.11.30 14:23:28.937,1.22638,1.22664,2.63,1.50
2011.11.30 14:23:29.764,1.22638,1.22664,2.63,1.46
2011.11.30 14:23:33.558,1.22646,1.22666,1.50,1.46
2011.11.30 14:23:34.468,1.22645,1.22666,1.50,1.05
2011.11.30 14:23:35.117,1.22645,1.22667,1.50,1.05
2011.11.30 14:23:35.576,1.2264,1.22667,1.50,1.05
2011.11.30 14:23:35.696,1.2264,1.22668,1.88,2.18
2011.11.30 14:23:37.469,1.22648,1.2267,1.13,3.49
2011.11.30 14:23:38.407,1.22643,1.2267,1.88,1.05
2011.11.30 14:23:38.650,1.22641,1.22668,3.75,1.05
2011.11.30 14:23:39.245,1.22641,1.22668,2.63,1.05
2011.11.30 14:23:39.365,1.22641,1.22669,2.63,1.05
2011.11.30 14:23:40.035,1.22641,1.22667,2.63,1.05
2011.11.30 14:23:41.380,1.2264,1.22666,2.63,1.05
2011.11.30 14:23:42.510,1.2264,1.22666,2.63,1.05
2011.11.30 14:23:43.036,1.2264,1.22666,2.63,1.05
2011.11.30 14:23:44.200,1.22641,1.22666,1.13,1.05
2011.11.30 14:23:45.026,1.2264,1.22667,2.63,1.05
2011.11.30 14:23:45.155,1.2264,1.22666,2.63,1.05
2011.11.30 14:23:47.235,1.2264,1.22666,2.63,1.05
2011.11.30 14:23:53.067,1.2264,1.22667,2.63,2.36
2011.11.30 14:23:53.644,1.2264,1.22667,2.63,1.80
2011.11.30 14:23:54.116,1.2264,1.22667,2.63,1.43
2011.11.30 14:23:54.684,1.2264,1.22667,2.63,1.61
2011.11.30 14:23:55.436,1.2264,1.22667,2.63,1.80
2011.11.30 14:23:56.015,1.2264,1.22667,2.63,2.36
2011.11.30 14:23:58.384,1.2264,1.22666,2.63,1.05
2011.11.30 14:23:58.724,1.2264,1.22667,2.63,2.36
2011.11.30 14:23:59.788,1.2264,1.22667,2.63,1.05
2011.11.30 14:24:00.343,1.2264,1.22666,2.63,1.05
2011.11.30 14:24:00.577,1.2264,1.22666,2.63,1.05
2011.11.30 14:24:01.136,1.2264,1.22666,2.63,1.05
2011.11.30 14:24:01.260,1.2264,1.22666,2.63,1.05
2011.11.30 14:24:01.498,1.2264,1.22666,2.63,1.61
2011.11.30 14:24:02.174,1.2264,1.22666,2.63,1.46
2011.11.30 14:24:02.752,1.22641,1.22666,2.63,1.46
2011.11.30 14:24:03.216,1.22641,1.22666,2.63,1.61
2011.11.30 14:24:04.593,1.22641,1.22666,2.63,1.05
2011.11.30 14:24:05.196,1.22641,1.22666,2.63,1.46
2011.11.30 14:24:06.198,1.22641,1.22666,2.63,1.05
2011.11.30 14:24:06.775,1.22641,1.22666,2.63,1.61
2011.11.30 14:24:07.563,1.22641,1.22667,2.63,1.61
2011.11.30 14:24:08.124,1.22641,1.22667,2.63,1.61
2011.11.30 14:24:09.787,1.22641,1.22666,2.63,1.46
2011.11.30 14:24:10.344,1.22641,1.22666,2.63,1.05
2011.11.30 14:24:11.232,1.22641,1.22666,2.63,1.61
2011.11.30 14:24:11.836,1.22641,1.22667,2.63,1.61
2011.11.30 14:24:12.796,1.22641,1.22667,2.63,1.61
2011.11.30 14:24:13.252,1.22641,1.22665,2.63,1.28
2011.11.30 14:24:14.380,1.22641,1.22667,2.63,1.05
2011.11.30 14:24:15.173,1.22641,1.22666,2.63,1.05
2011.11.30 14:24:15.677,1.22641,1.22666,2.63,1.05
2011.11.30 14:24:17.226,1.2264,1.22666,2.63,1.05
2011.11.30 14:24:17.787,1.2264,1.22666,2.63,1.05
2011.11.30 14:24:18.377,1.2264,1.22665,2.63,1.46
2011.11.30 14:24:19.208,1.2264,1.22665,2.63,1.46
2011.11.30 14:24:19.328,1.2264,1.22666,2.63,1.05
2011.11.30 14:24:22.554,1.2264,1.22666,1.88,1.05
2011.11.30 14:24:22.679,1.2264,1.22666,2.63,1.05
2011.11.30 14:24:23.242,1.2264,1.22667,2.63,1.05
2011.11.30 14:24:23.584,1.2264,1.22666,2.63,1.80
2011.11.30 14:24:24.144,1.2264,1.22665,2.63,1.46
2011.11.30 14:24:25.423,1.2264,1.22665,2.63,1.46
2011.11.30 14:24:28.115,1.2264,1.22665,2.63,1.84
2011.11.30 14:24:30.225,1.2264,1.22663,2.63,1.50
2011.11.30 14:24:30.803,1.2264,1.22662,1.88,1.50
2011.11.30 14:24:31.719,1.2264,1.22662,2.63,1.50
2011.11.30 14:24:33.047,1.2264,1.22649,2.63,4.50
2011.11.30 14:24:33.170,1.2264,1.22647,1.88,1.05
2011.11.30 14:24:33.296,1.22629,1.22643,1.50,1.50
2011.11.30 14:24:33.536,1.22629,1.22655,1.50,1.50
2011.11.30 14:24:34.106,1.2263,1.22657,2.55,1.50
2011.11.30 14:24:34.226,1.22641,1.22658,1.50,2.63
2011.11.30 14:24:34.785,1.22641,1.22658,1.50,1.88
2011.11.30 14:24:35.965,1.22641,1.22663,1.50,3.38
2011.11.30 14:24:36.320,1.22641,1.22662,1.50,2.63
2011.11.30 14:24:38.537,1.22641,1.22662,3.00,2.63
2011.11.30 14:24:38.945,1.22644,1.22668,1.50,1.73
2011.11.30 14:24:39.077,1.22636,1.22664,3.00,1.46
2011.11.30 14:24:39.196,1.22636,1.22663,2.63,1.84
2011.11.30 14:24:39.424,1.22636,1.22663,2.63,1.84
2011.11.30 14:24:43.424,1.22636,1.22663,2.63,1.46
2011.11.30 14:24:43.995,1.22636,1.22662,2.63,1.46
2011.11.30 14:24:44.906,1.22636,1.22651,1.88,3.75
2011.11.30 14:24:45.379,1.22626,1.22651,1.13,3.75
2011.11.30 14:24:45.503,1.22626,1.22652,2.63,2.25
2011.11.30 14:24:45.875,1.22626,1.22652,2.63,2.25
2011.11.30 14:24:46.474,1.22626,1.22652,2.63,2.25
2011.11.30 14:24:47.037,1.22626,1.22652,1.88,2.25
2011.11.30 14:24:47.626,1.22629,1.22652,1.13,1.50
2011.11.30 14:24:47.747,1.22629,1.2266,1.13,3.34
2011.11.30 14:24:47.868,1.22629,1.2266,3.00,2.63
2011.11.30 14:24:48.542,1.22629,1.2266,2.63,2.63
2011.11.30 14:24:49.467,1.22634,1.22663,1.50,1.09
2011.11.30 14:24:49.590,1.22638,1.22667,1.50,2.21
2011.11.30 14:24:49.706,1.22638,1.22667,1.50,1.46
2011.11.30 14:24:49.934,1.22636,1.22664,2.63,1.46
2011.11.30 14:24:50.177,1.22636,1.22664,2.63,1.46
2011.11.30 14:24:50.418,1.22635,1.2266,2.63,1.09
2011.11.30 14:24:50.536,1.22635,1.22659,1.88,1.84
2011.11.30 14:24:50.884,1.22633,1.22656,1.88,1.13
2011.11.30 14:24:51.780,1.22633,1.22657,1.88,1.13
2011.11.30 14:24:52.387,1.22633,1.22657,1.88,1.13
2011.11.30 14:24:52.956,1.22633,1.22656,1.88,1.13
2011.11.30 14:24:53.078,1.22633,1.22654,1.88,1.13
2011.11.30 14:24:53.200,1.22633,1.22662,2.63,1.46
2011.11.30 14:24:53.667,1.22633,1.22662,3.00,1.84
2011.11.30 14:24:55.676,1.22633,1.22664,2.63,3.34
2011.11.30 14:24:56.345,1.22633,1.22664,2.63,3.34
2011.11.30 14:24:56.468,1.22633,1.22664,2.63,3.34
2011.11.30 14:24:57.652,1.22633,1.22663,2.63,1.46
2011.11.30 14:25:01.174,1.22633,1.22662,2.63,1.59
2011.11.30 14:25:02.304,1.22633,1.2266,2.63,1.54
2011.11.30 14:25:03.767,1.22633,1.2266,1.88,1.54
2011.11.30 14:25:04.124,1.22633,1.2266,2.63,1.54
2011.11.30 14:25:04.669,1.22627,1.22651,3.38,1.50
2011.11.30 14:25:05.030,1.22632,1.22652,1.88,1.46
2011.11.30 14:25:05.148,1.22629,1.22651,1.88,1.46
2011.11.30 14:25:05.714,1.2263,1.22651,1.88,1.46
2011.11.30 14:25:06.301,1.2263,1.22656,2.63,1.46
2011.11.30 14:25:06.884,1.22627,1.22651,2.63,1.46
2011.11.30 14:25:07.225,1.22628,1.2265,1.88,1.13
2011.11.30 14:25:07.814,1.22628,1.2265,1.88,1.13
2011.11.30 14:25:11.824,1.22628,1.22648,1.88,1.50
2011.11.30 14:25:13.720,1.22628,1.2265,1.88,2.21
2011.11.30 14:25:14.407,1.22628,1.22649,1.88,1.13
2011.11.30 14:25:14.983,1.22628,1.22649,2.63,1.13
2011.11.30 14:25:15.560,1.22628,1.22644,1.88,4.50
2011.11.30 14:25:15.688,1.22628,1.22647,2.63,1.15
2011.11.30 14:25:16.048,1.22628,1.22649,2.63,1.13
2011.11.30 14:25:16.725,1.22628,1.22649,1.88,1.13
2011.11.30 14:25:17.636,1.22628,1.2265,1.88,1.13
2011.11.30 14:25:20.672,1.22627,1.22651,1.50,1.88
2011.11.30 14:25:21.778,1.22626,1.22649,3.38,1.13
2011.11.30 14:25:22.705,1.22627,1.2265,1.50,1.13
2011.11.30 14:25:22.823,1.22627,1.2265,1.50,1.13
2011.11.30 14:25:23.604,1.22627,1.2265,1.50,1.13
2011.11.30 14:25:24.306,1.22627,1.2265,1.50,1.13
2011.11.30 14:25:24.435,1.22627,1.2265,1.50,1.13
2011.11.30 14:25:25.030,1.22626,1.2265,3.38,1.13
2011.11.30 14:25:25.375,1.22626,1.2265,3.38,1.13
2011.11.30 14:25:25.725,1.22624,1.22643,2.25,4.50
2011.11.30 14:25:26.988,1.22624,1.22643,2.25,4.50
2011.11.30 14:25:27.895,1.22625,1.22642,1.88,1.13
2011.11.30 14:25:28.025,1.22612,1.2264,4.13,1.50
2011.11.30 14:25:28.269,1.22612,1.22634,1.88,1.46
2011.11.30 14:25:28.625,1.22613,1.22634,1.88,1.46
2011.11.30 14:25:30.306,1.22613,1.22635,1.88,1.13
2011.11.30 14:25:30.644,1.22613,1.22636,1.88,1.50
2011.11.30 14:25:31.518,1.22613,1.22636,1.88,1.46
2011.11.30 14:25:31.643,1.2261,1.22636,2.63,1.46
2011.11.30 14:25:31.878,1.2261,1.22633,1.88,1.46
2011.11.30 14:25:31.999,1.22607,1.22632,2.63,2.21
2011.11.30 14:25:32.578,1.22602,1.22632,1.13,1.46
2011.11.30 14:25:32.806,1.22604,1.22632,1.13,1.46
2011.11.30 14:25:33.595,1.22605,1.2263,1.88,1.46
2011.11.30 14:25:34.133,1.22606,1.22631,1.13,1.46
2011.11.30 14:25:35.526,1.22605,1.22631,1.13,1.46
2011.11.30 14:25:36.096,1.22606,1.22635,1.13,1.84
2011.11.30 14:25:36.217,1.22604,1.22636,1.13,1.84
2011.11.30 14:25:36.566,1.22602,1.22627,2.63,1.46
2011.11.30 14:25:37.332,1.22602,1.22627,2.63,1.46
2011.11.30 14:25:37.464,1.22602,1.22626,2.63,1.46
2011.11.30 14:25:38.154,1.22602,1.22626,1.88,1.46
2011.11.30 14:25:39.090,1.22602,1.22627,2.63,2.63
2011.11.30 14:25:39.316,1.22603,1.22632,1.13,2.59
2011.11.30 14:25:39.440,1.22605,1.22632,1.13,1.46
2011.11.30 14:25:40.015,1.22602,1.22633,3.00,2.21
2011.11.30 14:25:42.504,1.22602,1.22633,3.00,1.46
2011.11.30 14:25:43.185,1.22603,1.22632,1.13,1.46
2011.11.30 14:25:44.828,1.22604,1.22633,1.13,1.46
2011.11.30 14:25:46.266,1.22604,1.22635,1.13,2.63
2011.11.30 14:25:47.264,1.22605,1.22635,1.13,2.63
2011.11.30 14:25:51.110,1.22608,1.22635,1.50,1.84
2011.11.30 14:25:51.239,1.22609,1.22638,1.50,2.10
2011.11.30 14:25:51.938,1.22609,1.22639,1.88,1.46
2011.11.30 14:25:52.394,1.2261,1.2264,2.25,1.46
2011.11.30 14:25:52.954,1.22611,1.22639,2.25,1.46
2011.11.30 14:25:53.077,1.2261,1.22639,1.13,1.58
2011.11.30 14:25:53.414,1.22609,1.2264,1.88,1.58
2011.11.30 14:25:53.755,1.22611,1.22641,2.30,2.00
2011.11.30 14:25:54.093,1.2261,1.22641,3.05,1.88
2011.11.30 14:25:56.937,1.22618,1.22645,1.50,2.63
2011.11.30 14:25:57.277,1.22618,1.22642,1.50,1.88
2011.11.30 14:26:00.227,1.22618,1.22641,1.50,1.88
2011.11.30 14:26:03.197,1.22618,1.22646,1.50,2.63
2011.11.30 14:26:04.855,1.22618,1.22646,1.50,2.63
2011.11.30 14:26:04.978,1.22618,1.22646,1.50,2.63
2011.11.30 14:26:05.215,1.22616,1.22646,1.50,2.63
2011.11.30 14:26:05.809,1.22616,1.22646,1.50,2.63
2011.11.30 14:26:05.928,1.22616,1.22646,1.50,3.00
2011.11.30 14:26:06.046,1.22616,1.22645,1.50,1.13
2011.11.30 14:26:06.275,1.22613,1.22641,1.24,2.63
2011.11.30 14:26:06.395,1.22614,1.22641,1.24,2.63
2011.11.30 14:26:07.634,1.22614,1.22641,1.24,2.63
2011.11.30 14:26:08.193,1.22613,1.22641,1.24,2.63
2011.11.30 14:26:08.912,1.22611,1.22641,1.24,2.63
2011.11.30 14:26:09.276,1.22613,1.22641,1.62,1.88
2011.11.30 14:26:10.195,1.22614,1.22641,1.50,2.63
2011.11.30 14:26:10.318,1.22614,1.22641,1.62,1.88
2011.11.30 14:26:10.666,1.22612,1.22641,1.24,2.63
2011.11.30 14:26:11.226,1.22612,1.22641,1.24,2.63
2011.11.30 14:26:11.992,1.22609,1.22641,2.74,2.63
2011.11.30 14:26:12.554,1.22609,1.22641,2.74,2.63
2011.11.30 14:26:13.237,1.22611,1.22641,1.24,2.63
2011.11.30 14:26:13.576,1.22612,1.22641,1.24,2.63
2011.11.30 14:26:13.806,1.22611,1.22641,1.24,2.63
2011.11.30 14:26:14.163,1.22611,1.22641,1.24,2.63
2011.11.30 14:26:14.729,1.22611,1.22641,1.24,2.63
2011.11.30 14:26:15.848,1.22611,1.22639,1.24,1.46
2011.11.30 14:26:16.405,1.2261,1.2264,1.24,1.46
2011.11.30 14:26:17.027,1.22611,1.2264,1.24,1.46
2011.11.30 14:26:17.147,1.22611,1.2264,1.24,1.46
2011.11.30 14:26:18.083,1.22611,1.2264,1.24,1.46
2011.11.30 14:26:20.566,1.22612,1.22641,1.24,3.34
2011.11.30 14:26:23.173,1.22613,1.22641,1.24,3.34
2011.11.30 14:26:25.571,1.22613,1.22642,1.24,3.71
2011.11.30 14:26:26.144,1.22614,1.22641,1.24,1.46
2011.11.30 14:26:27.066,1.22612,1.22642,1.24,2.59
2011.11.30 14:26:27.624,1.22613,1.22641,1.24,2.59
2011.11.30 14:26:28.836,1.22614,1.22641,1.24,2.59
2011.11.30 14:26:30.375,1.22613,1.22642,1.24,3.34
2011.11.30 14:26:30.497,1.22613,1.22642,1.24,3.34
2011.11.30 14:26:31.545,1.22615,1.22642,1.50,2.63
2011.11.30 14:26:32.374,1.22615,1.22642,1.50,2.63
2011.11.30 14:26:33.735,1.22615,1.22642,1.88,1.88
2011.11.30 14:26:36.545,1.22616,1.22642,2.30,1.88
2011.11.30 14:26:36.671,1.22616,1.22647,1.50,1.46
2011.11.30 14:26:38.381,1.22623,1.2265,1.50,3.34
2011.11.30 14:26:38.871,1.22621,1.22649,3.38,2.63
2011.11.30 14:26:40.222,1.22632,1.22649,1.50,1.88
2011.11.30 14:26:40.471,1.22625,1.2265,1.13,1.88
2011.11.30 14:26:40.599,1.22624,1.22654,3.75,4.09
2011.11.30 14:26:40.716,1.22624,1.22651,1.50,1.46
2011.11.30 14:26:41.475,1.22618,1.2265,2.63,1.46
2011.11.30 14:26:41.598,1.22618,1.22651,1.88,1.46
2011.11.30 14:26:42.184,1.22617,1.2265,1.50,3.34
2011.11.30 14:26:43.436,1.22616,1.2265,1.88,2.63
2011.11.30 14:26:45.646,1.22616,1.2265,1.88,2.77
2011.11.30 14:26:47.199,1.22613,1.2264,2.05,1.50
2011.11.30 14:26:47.319,1.22607,1.22639,2.74,1.13
2011.11.30 14:26:47.438,1.22607,1.22636,2.74,1.84
2011.11.30 14:26:47.787,1.22603,1.22632,2.74,1.50
2011.11.30 14:26:48.356,1.22603,1.2263,2.74,1.64
2011.11.30 14:26:48.967,1.22602,1.2263,1.47,1.64
2011.11.30 14:26:49.542,1.22602,1.2263,1.47,1.64
2011.11.30 14:26:49.902,1.22602,1.2263,1.47,1.64
2011.11.30 14:26:50.486,1.22605,1.22632,2.74,3.24
2011.11.30 14:26:50.720,1.22605,1.22632,2.74,1.46
2011.11.30 14:26:51.651,1.22605,1.22631,2.74,1.46
2011.11.30 14:26:51.775,1.22605,1.22631,2.74,2.21
2011.11.30 14:26:52.478,1.22598,1.22627,3.12,1.50
2011.11.30 14:26:53.552,1.22604,1.22631,1.24,1.46
2011.11.30 14:26:53.800,1.22605,1.22634,1.24,1.50
2011.11.30 14:26:54.474,1.22606,1.22634,1.24,1.50
2011.11.30 14:26:55.438,1.22605,1.22634,1.24,1.50
2011.11.30 14:26:56.214,1.22604,1.22634,1.24,1.50
2011.11.30 14:26:56.444,1.22604,1.22634,1.24,1.50
2011.11.30 14:26:57.014,1.22605,1.22634,1.24,1.50
2011.11.30 14:26:57.356,1.22606,1.22634,1.24,1.50
2011.11.30 14:26:58.490,1.22604,1.22635,2.74,1.50
2011.11.30 14:26:59.627,1.22605,1.22635,1.24,2.21
2011.11.30 14:27:00.539,1.22605,1.22635,1.24,1.46
2011.11.30 14:27:01.144,1.22604,1.22636,3.12,1.46
2011.11.30 14:27:01.703,1.22605,1.22635,1.24,1.46
2011.11.30 14:27:02.930,1.22604,1.22631,2.74,1.50
2011.11.30 14:27:03.268,1.22604,1.22634,2.74,1.50
2011.11.30 14:27:03.829,1.22619,1.22636,4.50,1.46
2011.11.30 14:27:04.067,1.22623,1.2265,1.50,1.61
2011.11.30 14:27:04.187,1.22616,1.22647,1.50,1.88
2011.11.30 14:27:04.308,1.22615,1.22636,2.31,4.50
2011.11.30 14:27:04.431,1.22614,1.22633,3.80,1.46
2011.11.30 14:27:04.560,1.22606,1.22633,2.80,2.21
2011.11.30 14:27:05.160,1.22607,1.22633,2.74,1.50
2011.11.30 14:27:05.290,1.22611,1.22634,2.74,1.46
2011.11.30 14:27:06.238,1.22611,1.22636,2.74,1.46
2011.11.30 14:27:06.797,1.22611,1.22637,2.74,1.46
2011.11.30 14:27:07.031,1.22609,1.22634,2.74,1.46
2011.11.30 14:27:07.826,1.22608,1.22633,2.74,1.46
2011.11.30 14:27:08.414,1.22608,1.22634,2.74,1.46
2011.11.30 14:27:08.973,1.22608,1.22633,2.74,1.46
2011.11.30 14:27:09.476,1.22608,1.22634,2.74,1.46
2011.11.30 14:27:10.224,1.22608,1.22633,2.74,1.46
2011.11.30 14:27:10.785,1.22608,1.22634,2.74,1.46
2011.11.30 14:27:11.127,1.22618,1.2264,1.50,1.46
2011.11.30 14:27:11.248,1.22618,1.2265,1.50,2.15
2011.11.30 14:27:11.366,1.22616,1.2265,1.19,1.46
2011.11.30 14:27:11.493,1.22616,1.22646,1.13,1.46
2011.11.30 14:27:11.993,1.22617,1.22647,1.50,2.63
2011.11.30 14:27:12.359,1.22613,1.22647,3.87,2.63
2011.11.30 14:27:12.478,1.22613,1.22645,3.12,1.46
2011.11.30 14:27:12.595,1.22613,1.22645,2.37,1.46
2011.11.30 14:27:14.276,1.22613,1.22645,1.99,1.46
2011.11.30 14:27:15.065,1.22613,1.22644,2.37,1.46
2011.11.30 14:27:15.634,1.22613,1.22645,1.99,1.46
2011.11.30 14:27:16.198,1.22613,1.22644,1.99,2.21
2011.11.30 14:27:16.539,1.22613,1.22641,1.99,1.46
2011.11.30 14:27:17.884,1.22613,1.22642,2.74,1.46
2011.11.30 14:27:18.478,1.22613,1.22641,2.74,1.46
2011.11.30 14:27:19.155,1.22613,1.22642,2.74,1.46
2011.11.30 14:27:19.714,1.22613,1.22641,2.74,1.46
2011.11.30 14:27:20.288,1.22612,1.22642,2.74,1.46
2011.11.30 14:27:20.628,1.22621,1.22646,4.50,1.84
2011.11.30 14:27:20.753,1.22624,1.22646,1.50,1.46
2011.11.30 14:27:21.335,1.22624,1.22646,1.50,1.46
2011.11.30 14:27:21.888,1.22622,1.22647,1.50,1.46
2011.11.30 14:27:22.470,1.22623,1.22647,1.50,1.46
2011.11.30 14:27:22.594,1.22623,1.22647,1.50,1.46
2011.11.30 14:27:25.469,1.22618,1.22648,2.25,1.46
2011.11.30 14:27:25.590,1.22617,1.22648,3.00,1.46
2011.11.30 14:27:26.277,1.22617,1.22642,1.50,1.46
2011.11.30 14:27:26.835,1.22616,1.22642,1.50,1.46
2011.11.30 14:27:27.240,1.22614,1.22642,2.63,1.46
2011.11.30 14:27:27.367,1.22614,1.22641,2.74,1.46
2011.11.30 14:27:27.488,1.22614,1.22641,2.74,1.46
2011.11.30 14:27:27.609,1.22614,1.22642,2.63,1.46
2011.11.30 14:27:28.211,1.22614,1.22638,1.99,1.46
2011.11.30 14:27:28.570,1.22608,1.22638,2.74,1.13
2011.11.30 14:27:28.690,1.22608,1.22639,2.74,2.59
2011.11.30 14:27:29.164,1.22607,1.22638,1.24,1.65
2011.11.30 14:27:29.518,1.22609,1.22637,1.88,1.50
2011.11.30 14:27:29.638,1.22609,1.22636,1.99,1.46
2011.11.30 14:27:30.146,1.22609,1.22636,2.74,1.46
2011.11.30 14:27:30.287,1.22609,1.22637,2.74,2.21
2011.11.30 14:27:30.855,1.22609,1.22636,3.12,1.46
2011.11.30 14:27:31.413,1.22609,1.22637,3.12,1.13
2011.11.30 14:27:31.974,1.22612,1.22637,1.24,1.13
2011.11.30 14:27:32.889,1.2261,1.22636,2.74,1.50
2011.11.30 14:27:33.467,1.2261,1.22636,2.74,1.50
2011.11.30 14:27:34.045,1.2261,1.22636,2.74,1.50
2011.11.30 14:27:34.615,1.2261,1.22639,3.12,1.50
2011.11.30 14:27:34.958,1.2261,1.22639,3.18,1.50
2011.11.30 14:27:35.075,1.22612,1.22639,1.24,2.21
2011.11.30 14:27:35.196,1.22611,1.22639,1.99,1.50
2011.11.30 14:27:36.210,1.22611,1.2264,2.05,1.46
2011.11.30 14:27:36.340,1.22611,1.22643,2.05,2.21
2011.11.30 14:27:36.590,1.22615,1.22646,1.13,1.13
2011.11.30 14:27:37.286,1.22615,1.22645,1.88,1.13
2011.11.30 14:27:37.405,1.22617,1.22645,1.50,1.13
2011.11.30 14:27:38.085,1.22619,1.22649,1.50,1.50
2011.11.30 14:27:40.012,1.2262,1.22648,1.50,1.50
2011.11.30 14:27:40.141,1.22618,1.22647,2.25,1.46
2011.11.30 14:27:40.595,1.22617,1.22646,1.50,1.46
2011.11.30 14:27:41.486,1.22617,1.22647,2.63,1.46
2011.11.30 14:27:42.044,1.22618,1.22646,1.13,1.46
2011.11.30 14:27:42.165,1.22618,1.22646,1.13,1.46
2011.11.30 14:27:42.832,1.2262,1.22648,1.13,1.46
2011.11.30 14:27:43.200,1.22616,1.22648,1.13,1.46
2011.11.30 14:27:43.787,1.22615,1.22644,3.75,1.46
2011.11.30 14:27:43.904,1.22615,1.22644,3.75,1.46
2011.11.30 14:27:44.247,1.22615,1.22645,1.88,1.46
2011.11.30 14:27:45.591,1.22615,1.22645,1.88,1.46
2011.11.30 14:27:46.179,1.22614,1.22644,1.30,1.46
2011.11.30 14:27:46.646,1.22618,1.22648,1.56,2.63
2011.11.30 14:27:47.097,1.22618,1.22645,1.19,1.46
2011.11.30 14:27:47.654,1.22619,1.22645,2.25,1.46
2011.11.30 14:27:47.774,1.22618,1.22646,2.25,1.46
2011.11.30 14:27:47.895,1.22618,1.22645,2.30,1.46
2011.11.30 14:27:48.541,1.22618,1.22645,2.30,1.46
2011.11.30 14:27:48.784,1.22619,1.22646,2.25,1.46
2011.11.30 14:27:49.698,1.22621,1.22645,2.25,1.46
2011.11.30 14:27:50.669,1.22621,1.22645,2.25,1.46
2011.11.30 14:27:50.896,1.22616,1.22645,1.13,1.46
2011.11.30 14:27:51.464,1.22617,1.22645,1.50,1.46
2011.11.30 14:27:51.807,1.22619,1.22645,1.13,1.46
2011.11.30 14:27:52.454,1.22622,1.22648,1.50,3.34
2011.11.30 14:27:52.576,1.22621,1.22648,3.00,3.34
2011.11.30 14:27:54.435,1.22619,1.22648,3.05,1.46
2011.11.30 14:27:55.544,1.22619,1.22649,2.30,1.46
2011.11.30 14:27:56.124,1.2262,1.22649,1.19,1.46
2011.11.30 14:27:56.793,1.22621,1.22649,2.30,1.84
2011.11.30 14:27:57.714,1.22621,1.22649,1.19,1.84
2011.11.30 14:27:58.504,1.22622,1.2265,1.13,1.88
2011.11.30 14:28:00.533,1.22624,1.2265,1.13,1.88
2011.11.30 14:28:01.094,1.22624,1.2265,1.13,1.88
2011.11.30 14:28:01.654,1.22624,1.2265,1.13,1.88
2011.11.30 14:28:02.264,1.22624,1.2265,1.13,1.88
2011.11.30 14:28:04.226,1.22625,1.2265,1.13,1.88
2011.11.30 14:28:04.795,1.22624,1.2265,1.13,2.96
2011.11.30 14:28:05.950,1.22624,1.2265,1.13,2.59
2011.11.30 14:28:06.503,1.22624,1.2265,1.13,2.59
2011.11.30 14:28:07.067,1.22623,1.2265,1.13,2.59
2011.11.30 14:28:07.527,1.22625,1.2265,1.13,2.96
2011.11.30 14:28:08.097,1.22623,1.2265,1.13,2.96
2011.11.30 14:28:08.338,1.22635,1.2265,5.25,2.96
2011.11.30 14:28:08.818,1.22633,1.22653,1.50,1.46
2011.11.30 14:28:08.947,1.22626,1.22655,1.50,1.09
2011.11.30 14:28:09.066,1.22626,1.22655,1.50,1.84
2011.11.30 14:28:09.646,1.22633,1.22652,1.50,2.59
2011.11.30 14:28:10.116,1.22627,1.22651,1.88,1.46
2011.11.30 14:28:10.918,1.22639,1.22651,4.50,1.46
2011.11.30 14:28:11.038,1.22627,1.22651,1.19,1.46
2011.11.30 14:28:11.158,1.22629,1.22655,1.13,2.21
2011.11.30 14:28:11.868,1.22633,1.22654,1.50,4.09
2011.11.30 14:28:12.232,1.22633,1.22651,1.50,1.31
2011.11.30 14:28:12.597,1.22621,1.22648,1.50,1.46
2011.11.30 14:28:12.957,1.22615,1.22646,2.63,1.46
2011.11.30 14:28:13.196,1.22615,1.22645,2.63,1.46
2011.11.30 14:28:13.318,1.22615,1.22645,2.63,1.46
2011.11.30 14:28:14.410,1.22615,1.22646,2.63,1.09
2011.11.30 14:28:14.964,1.22615,1.22645,2.63,1.09
2011.11.30 14:28:15.536,1.22615,1.22645,2.63,1.09
2011.11.30 14:28:16.208,1.22623,1.22647,1.56,1.46
2011.11.30 14:28:16.333,1.22627,1.22649,4.50,3.71
2011.11.30 14:28:16.458,1.2262,1.22648,1.50,1.46
2011.11.30 14:28:16.577,1.22615,1.22648,1.50,1.46
2011.11.30 14:28:17.156,1.22614,1.22645,1.24,2.59
2011.11.30 14:28:17.606,1.22613,1.22645,1.30,2.59
2011.11.30 14:28:17.735,1.22613,1.22644,1.30,1.46
2011.11.30 14:28:18.445,1.22614,1.22644,1.24,1.46
2011.11.30 14:28:18.568,1.22614,1.22644,1.24,1.46
2011.11.30 14:28:20.045,1.22614,1.22643,1.24,1.46
2011.11.30 14:28:20.618,1.22614,1.22643,1.50,1.46
2011.11.30 14:28:20.845,1.22614,1.22644,1.24,3.71
2011.11.30 14:28:21.356,1.22613,1.22644,2.05,2.96
2011.11.30 14:28:22.931,1.22615,1.22644,1.13,2.96
2011.11.30 14:28:23.056,1.22615,1.22644,1.13,2.96
2011.11.30 14:28:23.284,1.22615,1.22644,1.13,2.96
2011.11.30 14:28:23.844,1.22612,1.22644,3.12,2.96
2011.11.30 14:28:24.518,1.22613,1.22644,1.24,1.88
2011.11.30 14:28:25.080,1.22616,1.22644,1.13,1.88
2011.11.30 14:28:25.318,1.22615,1.22644,1.50,1.88
2011.11.30 14:28:25.546,1.22615,1.22644,1.50,1.88
2011.11.30 14:28:27.777,1.22613,1.22644,1.24,1.88
2011.11.30 14:28:28.331,1.22614,1.22644,1.24,2.59
2011.11.30 14:28:28.567,1.22614,1.22644,1.24,2.59
2011.11.30 14:28:28.692,1.22612,1.22644,3.12,2.59
2011.11.30 14:28:28.817,1.22612,1.22644,2.74,2.59
2011.11.30 14:28:29.376,1.22612,1.22644,2.74,2.59
2011.11.30 14:28:29.727,1.22612,1.22644,3.12,2.59
2011.11.30 14:28:29.849,1.22614,1.22644,1.13,1.88
2011.11.30 14:28:30.424,1.22614,1.22644,1.24,2.59
2011.11.30 14:28:31.178,1.22614,1.22644,1.24,2.59
2011.11.30 14:28:32.008,1.22613,1.22644,1.99,1.88
2011.11.30 14:28:32.577,1.22614,1.22644,2.30,2.59
2011.11.30 14:28:39.695,1.22614,1.22644,1.62,1.88
2011.11.30 14:28:40.382,1.22612,1.22644,1.24,1.46
2011.11.30 14:28:40.515,1.22611,1.22645,1.24,1.46
2011.11.30 14:28:42.927,1.22613,1.22646,1.24,3.71
2011.11.30 14:28:44.201,1.22614,1.22645,1.24,1.46
2011.11.30 14:28:44.796,1.22615,1.22646,1.13,2.63
2011.11.30 14:28:45.147,1.22613,1.22646,1.62,2.63
2011.11.30 14:28:45.486,1.22614,1.22646,1.62,2.63
2011.11.30 14:28:47.358,1.22613,1.22646,1.99,2.63
2011.11.30 14:28:48.082,1.22613,1.22646,1.99,2.63
2011.11.30 14:28:49.116,1.22613,1.22646,1.62,2.63
2011.11.30 14:28:49.357,1.22614,1.22646,1.62,2.63
2011.11.30 14:28:49.476,1.22614,1.22646,1.62,2.63
2011.11.30 14:28:49.597,1.22614,1.22646,1.13,1.88
2011.11.30 14:28:49.828,1.22614,1.22646,1.62,2.63
2011.11.30 14:28:50.398,1.22614,1.22646,1.62,2.63
2011.11.30 14:28:51.328,1.22613,1.22646,1.24,3.46
2011.11.30 14:28:51.995,1.22613,1.22646,1.24,3.46
2011.11.30 14:28:52.569,1.22613,1.22646,1.24,3.46
2011.11.30 14:28:53.154,1.22611,1.22646,1.68,3.75
2011.11.30 14:28:55.361,1.22614,1.2264,2.74,1.13
2011.11.30 14:28:55.956,1.22614,1.22644,2.63,1.96
2011.11.30 14:28:57.451,1.22614,1.22643,2.74,1.46
2011.11.30 14:28:58.366,1.22614,1.22643,2.74,1.46
2011.11.30 14:29:02.177,1.22612,1.22645,2.74,1.59
2011.11.30 14:29:02.527,1.22612,1.22644,3.12,1.46
2011.11.30 14:29:03.215,1.22612,1.22645,1.24,1.46
2011.11.30 14:29:04.605,1.22613,1.22645,1.24,1.84
2011.11.30 14:29:05.638,1.22613,1.22645,1.24,1.84
2011.11.30 14:29:06.345,1.22614,1.22645,1.24,1.74
2011.11.30 14:29:06.576,1.22613,1.22644,2.37,1.60
2011.11.30 14:29:06.914,1.22613,1.22645,3.12,2.49
2011.11.30 14:29:07.443,1.22613,1.22642,3.12,1.03
2011.11.30 14:29:07.794,1.22613,1.22641,2.37,1.03
2011.11.30 14:29:08.377,1.22612,1.22641,1.99,1.03
2011.11.30 14:29:08.944,1.22613,1.22641,1.62,1.03
2011.11.30 14:29:09.856,1.22612,1.22641,2.05,1.03
2011.11.30 14:29:10.414,1.22613,1.2264,1.24,1.03
2011.11.30 14:29:11.029,1.22624,1.22645,4.50,1.64
2011.11.30 14:29:11.500,1.22624,1.2265,4.50,2.63
2011.11.30 14:29:12.058,1.22627,1.22646,1.50,1.88
2011.11.30 14:29:12.179,1.22627,1.22652,1.50,1.46
2011.11.30 14:29:12.540,1.22627,1.22655,1.50,2.10
2011.11.30 14:29:13.113,1.22627,1.22655,1.50,2.81
2011.11.30 14:29:13.789,1.2263,1.22655,1.50,2.10
2011.11.30 14:29:14.553,1.22616,1.22649,1.56,1.46
2011.11.30 14:29:14.691,1.22618,1.22647,3.00,2.63
2011.11.30 14:29:14.938,1.22618,1.22647,3.80,2.63
2011.11.30 14:29:15.285,1.22616,1.22646,1.50,2.21
2011.11.30 14:29:15.746,1.22616,1.22642,1.13,2.63
2011.11.30 14:29:15.868,1.22613,1.22642,2.36,2.63
2011.11.30 14:29:16.217,1.22614,1.22642,2.30,2.63
2011.11.30 14:29:17.136,1.22614,1.22642,1.24,2.63
2011.11.30 14:29:17.806,1.22617,1.22642,4.50,2.63
2011.11.30 14:29:18.036,1.22616,1.22642,1.50,2.63
2011.11.30 14:29:19.836,1.22617,1.22642,1.88,2.63
2011.11.30 14:29:19.959,1.22615,1.22642,1.88,2.63
2011.11.30 14:29:20.407,1.22618,1.22645,1.50,3.34
2011.11.30 14:29:24.506,1.22617,1.22645,3.00,1.50
2011.11.30 14:29:25.294,1.22617,1.22645,1.50,1.50
2011.11.30 14:29:25.963,1.22617,1.22645,3.75,1.50
2011.11.30 14:29:26.471,1.22617,1.22646,2.25,1.50
2011.11.30 14:29:26.829,1.22625,1.22646,4.50,1.50
2011.11.30 14:29:27.898,1.22619,1.22645,1.56,1.50
2011.11.30 14:29:28.141,1.22614,1.22643,2.73,1.50
2011.11.30 14:29:28.269,1.22612,1.22643,2.05,1.50
2011.11.30 14:29:28.844,1.22612,1.22643,2.05,1.50
2011.11.30 14:29:30.718,1.22617,1.22646,1.19,1.46
2011.11.30 14:29:30.845,1.22612,1.22642,1.24,1.46
2011.11.30 14:29:30.973,1.22612,1.22642,1.24,2.21
2011.11.30 14:29:31.341,1.22609,1.2264,1.24,1.50
2011.11.30 14:29:31.945,1.22609,1.22641,1.24,1.50
2011.11.30 14:29:32.180,1.2261,1.22641,1.24,2.21
2011.11.30 14:29:33.060,1.22612,1.22644,1.30,5.44
2011.11.30 14:29:33.185,1.22615,1.22644,1.13,4.73
2011.11.30 14:29:33.755,1.22612,1.22644,1.30,3.23
2011.11.30 14:29:34.205,1.22613,1.22644,1.24,3.94
2011.11.30 14:29:34.434,1.22612,1.22644,1.24,3.23
2011.11.30 14:29:34.668,1.22612,1.22644,1.24,3.23
2011.11.30 14:29:35.904,1.22607,1.22644,2.80,3.60
2011.11.30 14:29:36.564,1.22609,1.22643,1.62,1.13
2011.11.30 14:29:37.428,1.22608,1.22637,1.68,1.13
2011.11.30 14:29:37.551,1.22608,1.22637,1.62,1.13
2011.11.30 14:29:37.679,1.22606,1.22637,2.74,1.13
2011.11.30 14:29:37.799,1.22606,1.22637,2.74,1.13
2011.11.30 14:29:38.464,1.22607,1.22642,1.24,1.46
2011.11.30 14:29:39.028,1.22606,1.22641,1.24,1.46
2011.11.30 14:29:39.594,1.22607,1.2264,1.24,1.46
2011.11.30 14:29:40.056,1.22611,1.22642,1.24,1.28
2011.11.30 14:29:40.779,1.22611,1.22641,1.24,2.63
2011.11.30 14:29:41.498,1.2261,1.22641,1.24,2.63
2011.11.30 14:29:42.169,1.22609,1.22641,2.37,2.63
2011.11.30 14:29:46.796,1.2261,1.22641,1.99,2.63
2011.11.30 14:29:50.559,1.22612,1.22641,1.62,1.88
2011.11.30 14:29:50.801,1.22611,1.22641,1.62,3.34
2011.11.30 14:29:51.376,1.22608,1.22641,1.68,3.34
2011.11.30 14:29:52.057,1.22608,1.22641,1.68,2.63
2011.11.30 14:29:52.855,1.22609,1.22641,1.62,3.34
2011.11.30 14:29:53.086,1.22609,1.22641,1.62,2.63
2011.11.30 14:29:53.660,1.22609,1.22641,1.62,3.34
2011.11.30 14:29:54.467,1.2261,1.22641,1.62,2.63
2011.11.30 14:29:55.182,1.22613,1.22641,1.62,1.46
2011.11.30 14:29:56.568,1.22613,1.22644,1.99,3.38
2011.11.30 14:29:56.685,1.22613,1.22644,1.99,3.38
2011.11.30 14:29:57.029,1.22613,1.22644,1.99,3.38
2011.11.30 14:29:57.750,1.22611,1.2264,1.62,1.46
2011.11.30 14:29:57.875,1.22609,1.22643,2.74,1.46
2011.11.30 14:29:58.447,1.22608,1.22644,1.99,4.31
2011.11.30 14:29:59.016,1.22609,1.22643,1.62,1.46
2011.11.30 14:29:59.689,1.22609,1.22644,1.24,4.31
2011.11.30 14:30:00.625,1.22612,1.22642,1.24,1.46
2011.11.30 14:30:00.992,1.22613,1.22643,1.24,1.46
2011.11.30 14:30:01.483,1.22612,1.22642,1.24,1.46
2011.11.30 14:30:01.847,1.22615,1.22642,1.13,1.46
2011.11.30 14:30:02.689,1.2262,1.22643,1.50,1.54
2011.11.30 14:30:03.052,1.2262,1.22646,1.50,1.43
2011.11.30 14:30:03.419,1.22615,1.22646,1.94,1.65
2011.11.30 14:30:04.007,1.22613,1.22641,1.62,1.88
2011.11.30 14:30:04.126,1.22613,1.22641,1.62,2.63
2011.11.30 14:30:05.049,1.22609,1.22641,1.99,2.63
2011.11.30 14:30:05.636,1.22607,1.2264,1.24,1.46
2011.11.30 14:30:06.572,1.22621,1.22645,1.50,2.40
2011.11.30 14:30:07.603,1.22613,1.22644,1.62,1.28
2011.11.30 14:30:07.731,1.22611,1.22644,1.99,1.46
2011.11.30 14:30:07.860,1.22611,1.22643,1.24,1.46
2011.11.30 14:30:08.546,1.22611,1.22644,1.24,1.46
2011.11.30 14:30:08.666,1.22611,1.22643,1.24,1.46
2011.11.30 14:30:09.279,1.22611,1.22643,1.24,1.46
2011.11.30 14:30:09.395,1.22608,1.22642,1.24,3.00
2011.11.30 14:30:09.987,1.22609,1.22638,1.24,1.46
2011.11.30 14:30:10.580,1.22606,1.22636,1.24,1.13
2011.11.30 14:30:10.939,1.22606,1.22634,1.24,1.46
2011.11.30 14:30:11.696,1.22605,1.22636,1.62,1.46
2011.11.30 14:30:11.939,1.22605,1.22637,1.24,1.84
2011.11.30 14:30:12.508,1.22605,1.22636,1.62,1.46
2011.11.30 14:30:13.087,1.22605,1.22637,1.24,1.84
2011.11.30 14:30:14.178,1.22605,1.22637,1.24,1.84
2011.11.30 14:30:14.760,1.22605,1.22636,1.24,1.46
2011.11.30 14:30:14.986,1.22605,1.22636,1.24,1.09
2011.11.30 14:30:15.565,1.22605,1.22637,1.24,1.09
2011.11.30 14:30:16.607,1.22605,1.22637,1.24,1.84
2011.11.30 14:30:17.163,1.22605,1.22636,1.62,1.09
2011.11.30 14:30:17.506,1.22605,1.22636,1.24,1.13
2011.11.30 14:30:17.990,1.22605,1.22634,1.24,1.46
2011.11.30 14:30:18.566,1.22604,1.22633,2.74,1.55
2011.11.30 14:30:19.446,1.22604,1.22634,2.74,1.64
2011.11.30 14:30:20.028,1.22605,1.22634,1.24,1.64
2011.11.30 14:30:20.704,1.22603,1.22633,3.12,1.55
2011.11.30 14:30:21.501,1.22604,1.22634,1.62,1.46
2011.11.30 14:30:22.066,1.22606,1.22636,1.99,1.84
2011.11.30 14:30:22.554,1.22606,1.22636,2.05,1.13
2011.11.30 14:30:23.366,1.22607,1.22636,1.24,1.46
2011.11.30 14:30:23.949,1.22612,1.22639,5.37,1.84
2011.11.30 14:30:24.308,1.22607,1.2264,1.99,3.56
2011.11.30 14:30:25.596,1.22606,1.22639,1.68,1.46
2011.11.30 14:30:26.166,1.22605,1.2264,1.68,4.31
2011.11.30 14:30:27.004,1.22605,1.2264,1.68,4.31
2011.11.30 14:30:28.197,1.22602,1.22636,3.55,1.13
2011.11.30 14:30:28.847,1.22602,1.22634,2.74,1.46
2011.11.30 14:30:29.514,1.22602,1.22633,3.12,1.46
2011.11.30 14:30:30.625,1.22602,1.22634,2.74,1.46
2011.11.30 14:30:31.634,1.22603,1.22633,1.24,1.46
2011.11.30 14:30:32.264,1.22602,1.22634,3.12,1.46
2011.11.30 14:30:32.835,1.22603,1.22633,1.24,1.46
2011.11.30 14:30:33.395,1.22604,1.22633,1.24,1.46
2011.11.30 14:30:34.724,1.22603,1.22634,1.24,1.46
2011.11.30 14:30:35.067,1.22602,1.22629,2.74,4.50
2011.11.30 14:30:35.190,1.22607,1.22633,1.24,2.15
2011.11.30 14:30:35.728,1.22606,1.22634,1.24,1.46
2011.11.30 14:30:35.848,1.22604,1.22635,1.24,1.13
2011.11.30 14:30:35.967,1.22607,1.22635,1.24,1.13
2011.11.30 14:30:36.569,1.22606,1.22635,1.24,1.13
2011.11.30 14:30:37.128,1.2261,1.22636,1.13,1.46
2011.11.30 14:30:37.249,1.22609,1.22637,1.13,3.34
2011.11.30 14:30:38.500,1.22606,1.22636,1.13,1.46
2011.11.30 14:30:38.638,1.22604,1.22636,1.50,1.13
2011.11.30 14:30:39.346,1.22603,1.22633,1.13,1.46
2011.11.30 14:30:39.465,1.22603,1.22634,1.13,1.46
2011.11.30 14:30:39.930,1.22605,1.22636,1.13,1.84
2011.11.30 14:30:40.300,1.22606,1.22637,1.13,1.46
2011.11.30 14:30:40.898,1.22605,1.22637,1.50,1.46
2011.11.30 14:30:41.454,1.22606,1.22637,1.50,1.46
2011.11.30 14:30:42.157,1.22606,1.22637,1.50,1.46
2011.11.30 14:30:43.495,1.22604,1.22637,1.13,1.46
2011.11.30 14:30:44.067,1.22603,1.22637,1.88,1.46
2011.11.30 14:30:44.982,1.22603,1.22637,1.88,2.96
2011.11.30 14:30:45.114,1.22599,1.22634,3.44,1.46
2011.11.30 14:30:46.464,1.22602,1.22635,1.13,2.21
2011.11.30 14:30:46.807,1.22599,1.22636,2.63,1.46
2011.11.30 14:30:47.518,1.226,1.22632,2.63,1.50
2011.11.30 14:30:48.198,1.226,1.22632,2.63,1.50
2011.11.30 14:30:48.317,1.226,1.22634,2.63,1.88
2011.11.30 14:30:48.933,1.22604,1.22635,1.13,1.46
2011.11.30 14:30:49.182,1.22603,1.22635,1.13,1.46
2011.11.30 14:30:49.526,1.22601,1.22635,1.19,1.13
2011.11.30 14:30:49.876,1.226,1.22636,3.06,1.66
2011.11.30 14:30:50.450,1.226,1.22634,3.06,1.70
2011.11.30 14:30:51.114,1.22601,1.22635,1.13,1.56
2011.11.30 14:30:51.706,1.22601,1.22636,1.13,1.66
2011.11.30 14:30:52.166,1.22601,1.22634,1.19,2.03
2011.11.30 14:30:52.616,1.226,1.22633,3.06,1.13
2011.11.30 14:30:53.198,1.226,1.22627,1.88,2.21
2011.11.30 14:30:54.636,1.226,1.22626,1.88,1.50
2011.11.30 14:30:55.441,1.22601,1.22627,1.88,2.21
2011.11.30 14:30:57.827,1.22601,1.22631,2.63,1.84
2011.11.30 14:31:00.077,1.22601,1.22631,2.63,1.46
2011.11.30 14:31:01.775,1.22601,1.22631,2.63,1.46
2011.11.30 14:31:02.336,1.22602,1.22631,1.13,1.46
2011.11.30 14:31:03.072,1.22602,1.22633,1.13,1.13
2011.11.30 14:31:03.436,1.22602,1.22629,1.13,1.46
2011.11.30 14:31:04.006,1.22601,1.2263,2.63,1.46
2011.11.30 14:31:04.565,1.22601,1.22629,1.13,1.46
2011.11.30 14:31:06.482,1.22597,1.22627,2.63,1.46
2011.11.30 14:31:06.611,1.22599,1.2263,1.13,1.50
2011.11.30 14:31:06.966,1.22598,1.22633,3.00,2.96
2011.11.30 14:31:07.527,1.22599,1.22634,1.13,1.13
2011.11.30 14:31:07.646,1.22599,1.22634,1.13,1.13
2011.11.30 14:31:07.888,1.22598,1.22633,3.38,2.21
2011.11.30 14:31:08.127,1.22598,1.22633,3.38,1.88
2011.11.30 14:31:08.909,1.22598,1.22633,3.38,1.46
2011.11.30 14:31:09.151,1.226,1.22633,1.13,1.84
2011.11.30 14:31:09.519,1.22601,1.22635,1.13,1.88
2011.11.30 14:31:10.086,1.22601,1.22637,1.50,1.09
2011.11.30 14:31:10.655,1.226,1.22637,1.94,1.09
2011.11.30 14:31:11.237,1.22601,1.22637,1.88,1.09
2011.11.30 14:31:11.827,1.22601,1.22637,1.88,1.09
2011.11.30 14:31:12.191,1.226,1.22632,1.88,1.50
2011.11.30 14:31:12.440,1.226,1.22632,1.13,1.50
2011.11.30 14:31:12.678,1.22597,1.22633,1.50,1.09
2011.11.30 14:31:13.595,1.22597,1.22633,1.50,1.09
2011.11.30 14:31:15.555,1.22598,1.22632,1.88,1.46
2011.11.30 14:31:15.676,1.226,1.22632,1.13,1.46
2011.11.30 14:31:15.905,1.22601,1.22631,1.50,1.50
2011.11.30 14:31:16.487,1.22595,1.22629,3.44,1.46
2011.11.30 14:31:16.827,1.22595,1.22625,2.63,1.45
2011.11.30 14:31:17.314,1.22595,1.22629,2.63,3.00
2011.11.30 14:31:17.878,1.22595,1.22628,4.50,4.50
2011.11.30 14:31:18.545,1.22595,1.22628,4.50,5.25
2011.11.30 14:31:19.637,1.22596,1.22628,1.13,5.25
2011.11.30 14:31:19.758,1.22596,1.22629,1.13,1.46
2011.11.30 14:31:20.300,1.22596,1.22629,1.13,1.46
2011.11.30 14:31:20.878,1.22596,1.2263,2.63,1.46
2011.11.30 14:31:22.262,1.22596,1.2263,2.63,1.46
2011.11.30 14:31:22.952,1.22596,1.2263,3.00,1.46
2011.11.30 14:31:23.535,1.22596,1.22629,2.63,1.46
2011.11.30 14:31:24.756,1.22596,1.22629,2.63,1.46
2011.11.30 14:31:25.325,1.22596,1.2263,2.63,1.50
2011.11.30 14:31:25.886,1.22596,1.22631,2.63,1.88
2011.11.30 14:31:26.477,1.22596,1.22631,2.63,1.88
2011.11.30 14:31:29.064,1.22596,1.22627,2.63,1.46
2011.11.30 14:31:30.436,1.22596,1.22627,2.63,1.13
2011.11.30 14:31:34.196,1.22596,1.22627,2.63,1.50
2011.11.30 14:31:35.758,1.22603,1.22628,2.63,1.50
2011.11.30 14:31:35.881,1.22603,1.22629,2.63,1.88
2011.11.30 14:31:36.119,1.22603,1.22628,2.63,2.21
2011.11.30 14:31:36.240,1.22603,1.22625,1.88,1.46
2011.11.30 14:31:37.177,1.22603,1.22625,1.88,1.46
2011.11.30 14:31:37.892,1.22603,1.22625,2.63,1.46
2011.11.30 14:31:38.465,1.22603,1.22629,1.88,4.09
2011.11.30 14:31:38.805,1.22603,1.22626,1.88,1.13
2011.11.30 14:31:39.394,1.22603,1.22626,1.88,1.46
2011.11.30 14:31:40.087,1.22603,1.22625,1.88,1.46
2011.11.30 14:31:40.438,1.22603,1.22626,2.63,1.46
2011.11.30 14:31:40.785,1.22603,1.22626,2.63,2.21
2011.11.30 14:31:41.251,1.22603,1.22622,1.88,1.50
2011.11.30 14:31:41.715,1.22603,1.22624,1.88,2.90
2011.11.30 14:31:41.837,1.22603,1.22624,2.63,1.50
2011.11.30 14:31:42.186,1.22603,1.22625,1.88,1.46
2011.11.30 14:31:42.306,1.22603,1.22625,1.88,1.46
2011.11.30 14:31:42.808,1.22599,1.22625,1.88,1.13
2011.11.30 14:31:43.159,1.22599,1.22627,2.63,1.13
2011.11.30 14:31:43.736,1.22603,1.22629,2.63,1.46
2011.11.30 14:31:45.035,1.22601,1.22625,2.63,1.46
2011.11.30 14:31:45.265,1.22601,1.22624,2.63,1.46
2011.11.30 14:31:45.851,1.22601,1.22625,2.63,2.21
2011.11.30 14:31:46.078,1.22602,1.22626,1.50,1.09
2011.11.30 14:31:46.203,1.22602,1.22628,1.50,1.09
2011.11.30 14:31:46.333,1.22601,1.22628,2.63,1.09
2011.11.30 14:31:46.577,1.22601,1.2263,2.63,1.84
2011.11.30 14:31:46.697,1.22601,1.2263,2.63,1.84
2011.11.30 14:31:47.461,1.22601,1.22629,2.63,1.84
2011.11.30 14:31:47.818,1.22601,1.22629,2.63,1.50
2011.11.30 14:31:48.374,1.22601,1.22629,2.63,2.21
2011.11.30 14:31:48.930,1.22601,1.22629,2.63,2.21
2011.11.30 14:31:49.157,1.22601,1.22629,2.63,1.50
2011.11.30 14:31:49.516,1.22601,1.22629,2.63,1.50
2011.11.30 14:31:50.620,1.22601,1.2263,2.63,1.46
2011.11.30 14:31:51.209,1.22601,1.2263,2.63,1.46
2011.11.30 14:31:51.765,1.22601,1.2263,2.63,1.46
2011.11.30 14:31:52.326,1.22601,1.22629,2.63,1.46
2011.11.30 14:31:53.461,1.22601,1.2263,2.63,1.13
2011.11.30 14:31:54.068,1.22601,1.22632,2.63,1.46
2011.11.30 14:31:54.190,1.22601,1.22633,2.63,2.06
2011.11.30 14:31:54.310,1.22601,1.22633,2.63,2.06
2011.11.30 14:31:55.000,1.22604,1.22632,2.63,1.46
2011.11.30 14:31:55.117,1.226,1.22632,3.00,1.46
2011.11.30 14:31:55.465,1.226,1.22632,2.63,1.46
2011.11.30 14:31:55.906,1.226,1.22632,2.63,1.46
2011.11.30 14:32:00.167,1.226,1.22633,2.63,3.19
2011.11.30 14:32:00.513,1.22601,1.22633,2.63,5.06
2011.11.30 14:32:01.107,1.22601,1.22633,2.63,3.23
2011.11.30 14:32:01.827,1.22602,1.22633,2.63,1.13
2011.11.30 14:32:01.959,1.22602,1.22631,2.63,5.90
2011.11.30 14:32:02.546,1.22603,1.22631,2.63,5.21
2011.11.30 14:32:03.348,1.22606,1.22631,2.63,4.46
2011.11.30 14:32:03.931,1.22607,1.22631,1.88,5.21
2011.11.30 14:32:04.417,1.22605,1.22623,2.63,4.50
2011.11.30 14:32:04.777,1.22603,1.22623,2.63,4.50
2011.11.30 14:32:05.008,1.22603,1.22623,2.63,4.50
2011.11.30 14:32:05.128,1.226,1.22625,2.63,5.25
2011.11.30 14:32:05.707,1.22601,1.22626,2.63,1.13
2011.11.30 14:32:05.954,1.22601,1.22626,2.63,1.84
2011.11.30 14:32:06.437,1.22601,1.22625,2.63,5.25
2011.11.30 14:32:06.914,1.22601,1.22626,2.63,1.50
2011.11.30 14:32:07.269,1.22601,1.22626,2.63,2.21
2011.11.30 14:32:07.840,1.22601,1.22626,2.63,2.21
2011.11.30 14:32:07.957,1.22601,1.22626,2.63,2.21
2011.11.30 14:32:08.548,1.22601,1.22626,2.63,1.50
2011.11.30 14:32:09.736,1.22601,1.22626,2.63,2.21
2011.11.30 14:32:10.075,1.22601,1.22626,2.63,2.21
2011.11.30 14:32:10.528,1.22601,1.22627,2.63,1.46
2011.11.30 14:32:10.756,1.22601,1.22631,2.63,2.63
2011.11.30 14:32:10.997,1.226,1.22628,2.63,1.46
2011.11.30 14:32:11.336,1.22601,1.22628,2.63,1.46
2011.11.30 14:32:11.789,1.22601,1.22629,2.63,1.46
2011.11.30 14:32:12.019,1.22601,1.22628,2.63,1.46
2011.11.30 14:32:12.830,1.22602,1.22632,1.50,1.13
2011.11.30 14:32:12.952,1.22603,1.22634,2.63,1.13
2011.11.30 14:32:14.416,1.22603,1.22633,2.63,1.13
2011.11.30 14:32:14.865,1.22606,1.22634,2.63,2.06
2011.11.30 14:32:15.205,1.22606,1.22634,2.63,1.31
2011.11.30 14:32:15.765,1.22606,1.22634,1.88,2.06
2011.11.30 14:32:16.432,1.22606,1.22633,1.88,2.06
2011.11.30 14:32:17.131,1.22606,1.22632,1.88,1.60
2011.11.30 14:32:17.502,1.22603,1.22633,1.88,2.06
2011.11.30 14:32:17.859,1.22605,1.22633,1.88,2.06
2011.11.30 14:32:18.088,1.226,1.22632,3.38,1.31
2011.11.30 14:32:18.211,1.226,1.22634,2.63,1.55
2011.11.30 14:32:18.884,1.22601,1.22628,2.63,1.46
2011.11.30 14:32:19.689,1.22601,1.22629,2.63,1.55
2011.11.30 14:32:19.807,1.22601,1.22629,2.63,1.55
2011.11.30 14:32:20.388,1.22601,1.22629,2.63,1.57
2011.11.30 14:32:20.956,1.22601,1.22628,2.63,1.94
2011.11.30 14:32:21.923,1.22601,1.22628,2.63,1.57
2011.11.30 14:32:22.487,1.22601,1.22629,2.63,2.32
2011.11.30 14:32:23.888,1.22599,1.22625,2.63,1.50
2011.11.30 14:32:24.455,1.22599,1.22626,2.63,1.50
2011.11.30 14:32:25.251,1.22599,1.22626,2.63,1.50
2011.11.30 14:32:25.384,1.22599,1.22626,2.63,1.50
2011.11.30 14:32:25.965,1.22599,1.22626,2.63,1.50
2011.11.30 14:32:26.656,1.22599,1.22626,2.63,1.50
2011.11.30 14:32:28.663,1.22599,1.22625,2.63,1.50
2011.11.30 14:32:29.007,1.22599,1.22625,2.63,1.50
2011.11.30 14:32:32.310,1.22599,1.22625,2.63,1.50
2011.11.30 14:32:32.444,1.22599,1.22627,2.63,2.25
2011.11.30 14:32:32.568,1.22596,1.22627,2.63,2.25
2011.11.30 14:32:33.719,1.22598,1.22628,2.63,3.00
2011.11.30 14:32:34.395,1.22598,1.22628,2.63,3.71
2011.11.30 14:32:34.760,1.22598,1.22622,1.88,4.50
2011.11.30 14:32:35.121,1.22598,1.22622,2.63,1.45
2011.11.30 14:32:35.612,1.22598,1.22625,2.63,1.50
2011.11.30 14:32:36.410,1.22598,1.22625,2.63,1.50
2011.11.30 14:32:36.752,1.22598,1.22627,2.63,2.25
2011.11.30 14:32:37.109,1.22599,1.22628,1.13,4.09
2011.11.30 14:32:37.556,1.22599,1.22628,1.13,4.84
2011.11.30 14:32:38.057,1.22598,1.22627,3.00,1.50
2011.11.30 14:32:38.178,1.22598,1.22628,3.00,2.63
2011.11.30 14:32:39.085,1.22598,1.22628,3.00,1.88
2011.11.30 14:32:39.205,1.22598,1.22628,3.00,1.88
2011.11.30 14:32:39.328,1.22598,1.22628,2.63,2.63
2011.11.30 14:32:41.227,1.22599,1.22629,3.00,2.06
2011.11.30 14:32:41.346,1.22599,1.22629,3.00,2.06
2011.11.30 14:32:42.915,1.22598,1.22628,2.63,1.50
2011.11.30 14:32:43.496,1.22603,1.22631,2.63,2.63
2011.11.30 14:32:44.279,1.22606,1.22631,1.50,2.78
2011.11.30 14:32:44.642,1.22607,1.22635,1.50,2.78
2011.11.30 14:32:44.777,1.22607,1.22634,1.50,2.78
2011.11.30 14:32:44.898,1.22606,1.22632,2.63,1.28
2011.11.30 14:32:46.790,1.22606,1.22629,1.88,1.20
2011.11.30 14:32:47.359,1.22606,1.22629,1.88,1.20
2011.11.30 14:32:47.815,1.22606,1.22631,1.88,1.28
2011.11.30 14:32:48.386,1.22606,1.22629,2.63,1.28
2011.11.30 14:32:48.735,1.22606,1.22634,2.63,2.78
2011.11.30 14:32:48.857,1.22606,1.22634,1.88,2.78
2011.11.30 14:32:50.529,1.22606,1.22633,2.63,1.28
2011.11.30 14:32:50.879,1.22606,1.22634,2.63,2.78
2011.11.30 14:32:51.216,1.22614,1.22634,1.50,2.40
2011.11.30 14:32:51.581,1.22607,1.22635,1.88,1.02
2011.11.30 14:32:52.183,1.22608,1.22635,3.38,1.28
2011.11.30 14:32:52.778,1.22608,1.22636,3.38,2.92
2011.11.30 14:32:53.351,1.22608,1.22635,3.38,1.11
2011.11.30 14:32:53.479,1.22608,1.22636,2.63,2.99
2011.11.30 14:32:54.048,1.22608,1.22636,2.63,2.87
2011.11.30 14:32:54.286,1.22608,1.22636,2.63,3.24
2011.11.30 14:32:54.796,1.22608,1.22636,3.38,2.87
2011.11.30 14:32:55.331,1.22608,1.22636,2.63,2.22
2011.11.30 14:32:55.454,1.22608,1.22636,2.63,2.87
2011.11.30 14:32:55.816,1.22608,1.22636,2.63,2.86
2011.11.30 14:32:56.841,1.2261,1.22635,1.50,1.11
2011.11.30 14:32:56.963,1.2261,1.22635,1.50,1.04
2011.11.30 14:32:57.208,1.22609,1.22636,1.88,2.98
2011.11.30 14:32:57.337,1.22609,1.22636,1.88,2.95
2011.11.30 14:32:57.461,1.2261,1.22636,1.50,2.11
2011.11.30 14:32:58.023,1.2261,1.22636,1.50,2.16
2011.11.30 14:32:59.310,1.22608,1.22636,2.69,2.85
2011.11.30 14:32:59.434,1.22608,1.22633,2.63,1.28
2011.11.30 14:32:59.564,1.22607,1.22637,1.13,3.56
2011.11.30 14:32:59.808,1.22607,1.22636,1.13,1.06
2011.11.30 14:33:00.048,1.22607,1.22637,1.13,2.86
2011.11.30 14:33:00.407,1.22607,1.22637,2.63,1.38
2011.11.30 14:33:01.490,1.22613,1.22637,2.63,1.11
2011.11.30 14:33:01.609,1.22613,1.2264,2.63,3.34
2011.11.30 14:33:01.732,1.22613,1.2264,1.88,3.00
2011.11.30 14:33:02.353,1.22611,1.2264,2.63,1.46
2011.11.30 14:33:03.159,1.22611,1.22641,4.13,2.63
2011.11.30 14:33:03.748,1.22611,1.22641,3.38,2.63
2011.11.30 14:33:04.223,1.22611,1.22641,3.38,2.63
2011.11.30 14:33:04.349,1.22611,1.22641,3.38,2.63
2011.11.30 14:33:05.719,1.22611,1.2264,2.63,1.46
2011.11.30 14:33:06.307,1.22611,1.2264,2.63,1.46
2011.11.30 14:33:06.891,1.22611,1.22641,2.63,3.34
2011.11.30 14:33:07.785,1.22611,1.2264,1.88,1.13
2011.11.30 14:33:08.577,1.22609,1.22638,1.13,1.13
2011.11.30 14:33:09.051,1.22609,1.22637,1.88,2.96
2011.11.30 14:33:09.518,1.22609,1.22636,1.88,1.46
2011.11.30 14:33:10.129,1.2261,1.22637,1.13,1.50
2011.11.30 14:33:10.357,1.2261,1.22637,1.19,1.50
2011.11.30 14:33:10.481,1.22613,1.2264,1.56,2.63
2011.11.30 14:33:10.609,1.22624,1.22646,5.25,1.50
2011.11.30 14:33:10.959,1.22625,1.22647,3.75,2.25
2011.11.30 14:33:11.083,1.22614,1.22642,1.19,1.88
2011.11.30 14:33:11.657,1.22614,1.22642,1.13,2.63
2011.11.30 14:33:12.503,1.22614,1.22642,1.13,2.63
2011.11.30 14:33:12.742,1.22612,1.22642,3.81,2.63
2011.11.30 14:33:13.348,1.22613,1.22642,1.88,2.63
2011.11.30 14:33:13.468,1.22613,1.22642,1.50,2.63
2011.11.30 14:33:14.162,1.2261,1.22639,1.13,2.25
2011.11.30 14:33:15.609,1.2261,1.22639,1.13,2.25
2011.11.30 14:33:16.196,1.22609,1.22639,3.38,2.25
2011.11.30 14:33:16.793,1.22608,1.22638,1.88,1.84
2011.11.30 14:33:17.443,1.22607,1.22637,1.88,2.63
2011.11.30 14:33:20.244,1.22607,1.22638,1.88,3.34
2011.11.30 14:33:20.717,1.22607,1.22634,1.88,1.84
2011.11.30 14:33:21.067,1.22607,1.22635,1.88,2.21
2011.11.30 14:33:21.750,1.22607,1.22636,1.88,1.46
2011.11.30 14:33:22.439,1.22607,1.22637,1.88,1.46
2011.11.30 14:33:23.028,1.22607,1.22636,1.88,1.46
2011.11.30 14:33:23.160,1.22607,1.22639,1.88,1.46
2011.11.30 14:33:23.762,1.22608,1.22638,1.13,2.25
2011.11.30 14:33:24.337,1.22608,1.22636,1.13,1.50
2011.11.30 14:33:25.319,1.22608,1.22631,1.88,1.46
2011.11.30 14:33:25.905,1.22606,1.22629,1.88,1.46
2011.11.30 14:33:26.261,1.22605,1.22629,1.88,2.21
2011.11.30 14:33:26.496,1.22605,1.22629,1.88,1.46
2011.11.30 14:33:27.320,1.22605,1.2263,1.88,1.46
2011.11.30 14:33:27.901,1.22605,1.22629,1.88,1.84
2011.11.30 14:33:28.640,1.22605,1.22629,1.88,1.46
2011.11.30 14:33:28.765,1.22605,1.2263,1.88,1.84
2011.11.30 14:33:29.011,1.22605,1.22629,1.88,1.46
2011.11.30 14:33:29.248,1.22602,1.22627,1.88,1.46
2011.11.30 14:33:29.597,1.22605,1.22626,1.88,1.46
2011.11.30 14:33:29.840,1.22605,1.22629,1.88,1.46
2011.11.30 14:33:30.408,1.22605,1.2263,1.88,1.46
2011.11.30 14:33:32.194,1.22605,1.2263,1.88,1.46
2011.11.30 14:33:32.866,1.22605,1.22629,1.88,1.84
2011.11.30 14:33:33.426,1.22605,1.22629,1.88,1.13
2011.11.30 14:33:34.008,1.22605,1.22626,1.88,1.13
2011.11.30 14:33:34.627,1.22605,1.22626,1.88,1.46
2011.11.30 14:33:36.766,1.22605,1.22628,1.88,1.46
2011.11.30 14:33:36.997,1.22605,1.22628,1.88,1.46
2011.11.30 14:33:37.533,1.22605,1.22624,1.88,1.50
2011.11.30 14:33:37.876,1.22597,1.22624,1.13,1.50
2011.11.30 14:33:37.998,1.22595,1.22625,1.35,1.50
2011.11.30 14:33:38.119,1.22595,1.22625,1.73,1.50
2011.11.30 14:33:38.467,1.22599,1.22628,2.63,1.50
2011.11.30 14:33:39.030,1.22599,1.22623,1.88,3.75
2011.11.30 14:33:39.586,1.22599,1.22623,2.63,3.75
2011.11.30 14:33:39.827,1.22599,1.22623,2.63,3.75
2011.11.30 14:33:40.430,1.22599,1.22623,2.63,4.50
2011.11.30 14:33:40.550,1.22599,1.22623,2.63,3.75
2011.11.30 14:33:44.123,1.22599,1.22624,2.63,1.50
2011.11.30 14:33:44.247,1.22599,1.22626,2.63,1.46
2011.11.30 14:33:44.707,1.22599,1.2263,2.63,4.46
2011.11.30 14:33:45.059,1.22599,1.2263,2.63,3.00
2011.11.30 14:33:45.518,1.22599,1.2263,2.63,3.00
2011.11.30 14:33:46.596,1.22599,1.2263,2.63,3.00
2011.11.30 14:33:46.717,1.22599,1.2263,2.63,3.00
2011.11.30 14:33:47.620,1.22599,1.22626,2.63,1.46
2011.11.30 14:33:48.066,1.22599,1.22626,2.63,1.46
2011.11.30 14:33:48.625,1.22602,1.22629,1.88,1.46
2011.11.30 14:33:49.829,1.22602,1.22627,1.88,1.88
2011.11.30 14:33:49.949,1.226,1.22627,2.63,1.50
2011.11.30 14:33:50.513,1.226,1.22628,2.63,1.50
2011.11.30 14:33:52.569,1.226,1.22629,2.63,1.46
2011.11.30 14:33:52.690,1.226,1.22629,2.63,1.46
2011.11.30 14:33:54.626,1.226,1.22627,2.63,1.13
2011.11.30 14:33:55.157,1.226,1.22628,2.63,1.50
2011.11.30 14:33:55.661,1.22599,1.22628,2.63,1.50
2011.11.30 14:33:58.966,1.22599,1.22626,2.63,1.13
2011.11.30 14:34:00.196,1.22599,1.22626,2.63,2.21
2011.11.30 14:34:00.314,1.22599,1.22626,1.88,2.21
2011.11.30 14:34:00.654,1.22599,1.22625,1.88,1.46
2011.11.30 14:34:01.248,1.22599,1.22622,1.88,4.50
2011.11.30 14:34:01.377,1.22599,1.22623,1.88,2.21
2011.11.30 14:34:05.072,1.22599,1.22625,1.88,1.50
2011.11.30 14:34:05.659,1.22599,1.22619,1.88,5.25
2011.11.30 14:34:05.780,1.22599,1.22625,1.88,1.13
2011.11.30 14:34:07.169,1.22599,1.22626,1.88,1.50
2011.11.30 14:34:07.294,1.22599,1.22626,1.88,1.88
2011.11.30 14:34:07.416,1.22599,1.22626,1.88,1.13
2011.11.30 14:34:07.780,1.22599,1.22626,2.63,1.13
2011.11.30 14:34:08.136,1.22599,1.22626,2.63,1.84
2011.11.30 14:34:08.257,1.22599,1.22626,1.88,1.13
2011.11.30 14:34:08.484,1.22599,1.22626,2.63,1.84
2011.11.30 14:34:08.609,1.22599,1.22626,1.88,1.84
2011.11.30 14:34:09.745,1.22599,1.22615,1.88,1.50
2011.11.30 14:34:10.107,1.22601,1.22615,1.88,1.50
2011.11.30 14:34:11.445,1.22599,1.22616,1.88,1.50
2011.11.30 14:34:12.016,1.22599,1.22621,1.88,1.05
2011.11.30 14:34:12.138,1.22599,1.22621,1.88,1.05
2011.11.30 14:34:12.258,1.22599,1.22629,1.88,2.03
2011.11.30 14:34:12.497,1.22599,1.22629,1.88,1.69
2011.11.30 14:34:13.094,1.22601,1.22627,1.88,1.65
2011.11.30 14:34:13.451,1.22601,1.22627,1.88,1.80
2011.11.30 14:34:15.819,1.226,1.22627,1.88,1.05
2011.11.30 14:34:16.410,1.226,1.22626,1.88,1.05
2011.11.30 14:34:16.650,1.226,1.22626,1.88,1.80
2011.11.30 14:34:16.771,1.22601,1.22627,1.88,2.03
2011.11.30 14:34:18.039,1.22601,1.22629,1.88,2.96
2011.11.30 14:34:18.160,1.22601,1.22629,1.88,3.23
2011.11.30 14:34:18.284,1.22599,1.2263,1.88,3.13
2011.11.30 14:34:18.858,1.22599,1.2263,1.88,3.13
2011.11.30 14:34:20.841,1.226,1.22627,1.88,2.36
2011.11.30 14:34:21.765,1.226,1.22626,1.88,1.61
2011.11.30 14:34:22.791,1.22601,1.22626,1.88,1.61
2011.11.30 14:34:23.780,1.22601,1.22627,1.88,1.65
2011.11.30 14:34:23.900,1.22601,1.22627,1.88,2.40
2011.11.30 14:34:25.370,1.22601,1.22617,1.88,1.05
2011.11.30 14:34:25.610,1.22601,1.22626,1.88,1.05
2011.11.30 14:34:26.097,1.22601,1.22626,1.88,1.05
2011.11.30 14:34:26.588,1.22601,1.22627,1.88,1.05
2011.11.30 14:34:30.105,1.22601,1.22627,1.88,1.05
2011.11.30 14:34:30.565,1.22601,1.22627,1.88,1.05
2011.11.30 14:34:30.809,1.22601,1.22618,1.88,1.65
2011.11.30 14:34:31.039,1.22601,1.22628,1.88,1.46
2011.11.30 14:34:31.598,1.22601,1.2263,1.88,1.05
2011.11.30 14:34:31.828,1.22605,1.2263,1.88,1.05
2011.11.30 14:34:32.417,1.22601,1.22627,1.88,3.11
2011.11.30 14:34:32.780,1.22601,1.22627,1.88,1.05
2011.11.30 14:34:33.121,1.22604,1.22627,1.88,1.05
2011.11.30 14:34:33.918,1.22604,1.22626,1.88,1.05
2011.11.30 14:34:38.656,1.22604,1.22626,1.88,1.13
2011.11.30 14:34:40.699,1.22604,1.22624,1.88,1.46
2011.11.30 14:34:41.199,1.22604,1.22625,1.88,2.06
2011.11.30 14:34:41.327,1.22604,1.22625,1.88,1.69
2011.11.30 14:34:41.572,1.22604,1.22625,1.88,1.31
2011.11.30 14:34:42.060,1.22604,1.22626,1.88,1.69
2011.11.30 14:34:42.649,1.22604,1.22622,1.88,4.99
2011.11.30 14:34:42.998,1.22595,1.22617,1.88,2.03
2011.11.30 14:34:43.469,1.22598,1.22617,1.88,1.46
2011.11.30 14:34:43.951,1.22601,1.22619,1.88,1.13
2011.11.30 14:34:44.080,1.22601,1.22621,1.88,1.28
2011.11.30 14:34:44.665,1.22602,1.22622,1.88,1.05
2011.11.30 14:34:44.791,1.22602,1.22622,2.63,1.05
2011.11.30 14:34:45.365,1.22605,1.22622,1.50,1.05
2011.11.30 14:34:46.564,1.22605,1.22618,1.50,1.05
2011.11.30 14:34:47.156,1.22605,1.22618,1.50,1.05
2011.11.30 14:34:47.717,1.22605,1.22618,1.50,1.05
2011.11.30 14:34:48.306,1.22605,1.22618,1.50,1.05
2011.11.30 14:34:48.993,1.22605,1.22622,1.50,1.05
2011.11.30 14:34:49.597,1.22605,1.22622,1.50,2.55
2011.11.30 14:34:50.155,1.22605,1.22619,1.50,1.05
2011.11.30 14:34:50.717,1.22605,1.22617,1.50,1.05
2011.11.30 14:34:51.394,1.22605,1.22617,1.50,1.05
2011.11.30 14:34:51.956,1.22605,1.22617,1.50,1.05
2011.11.30 14:34:53.145,1.22605,1.22616,1.50,1.05
2011.11.30 14:34:53.949,1.22605,1.22617,1.50,1.05
2011.11.30 14:34:54.649,1.22605,1.22619,1.50,1.05
2011.11.30 14:34:55.244,1.22602,1.22619,1.88,1.05
2011.11.30 14:34:55.376,1.22602,1.22622,1.88,1.13
2011.11.30 14:34:55.957,1.22602,1.22622,1.88,1.13
2011.11.30 14:34:56.076,1.22602,1.22622,1.88,1.13
2011.11.30 14:34:56.528,1.22602,1.22626,1.88,1.13
2011.11.30 14:34:57.100,1.22602,1.22625,1.88,1.50
2011.11.30 14:34:57.653,1.22602,1.22625,1.88,1.88
2011.11.30 14:34:57.901,1.22602,1.2262,1.88,1.13
2011.11.30 14:34:58.140,1.22596,1.22616,1.50,5.25
2011.11.30 14:34:58.730,1.22594,1.22616,1.50,4.50
2011.11.30 14:34:58.970,1.22595,1.22619,2.63,1.88
2011.11.30 14:34:59.732,1.22596,1.22621,2.63,1.50
2011.11.30 14:35:00.309,1.22598,1.22621,1.88,1.50
2011.11.30 14:35:00.553,1.226,1.22623,1.88,1.13
2011.11.30 14:35:00.681,1.22602,1.22625,1.88,1.13
2011.11.30 14:35:00.934,1.22602,1.22624,1.88,4.13
2011.11.30 14:35:01.749,1.226,1.22625,2.63,1.13
2011.11.30 14:35:02.178,1.22599,1.22627,1.88,2.63
2011.11.30 14:35:02.762,1.22599,1.22625,2.63,1.13
2011.11.30 14:35:03.129,1.22599,1.22625,2.63,1.13
2011.11.30 14:35:03.732,1.22599,1.22622,2.63,1.13
2011.11.30 14:35:03.979,1.22599,1.22624,2.63,1.50
2011.11.30 14:35:04.593,1.22599,1.22625,1.88,3.66
2011.11.30 14:35:04.729,1.22596,1.22624,2.63,2.25
2011.11.30 14:35:04.968,1.22596,1.22624,2.63,1.88
2011.11.30 14:35:05.322,1.22596,1.22622,2.63,1.46
2011.11.30 14:35:05.921,1.22596,1.22622,2.63,1.66
2011.11.30 14:35:06.149,1.22596,1.22622,2.63,1.88
2011.11.30 14:35:06.494,1.22597,1.22623,2.63,1.88
2011.11.30 14:35:07.141,1.22597,1.22623,2.63,1.88
2011.11.30 14:35:08.398,1.22597,1.22619,1.88,1.13
2011.11.30 14:35:08.976,1.22597,1.22619,1.88,1.13
2011.11.30 14:35:09.096,1.22597,1.2262,1.88,1.13
2011.11.30 14:35:09.681,1.22597,1.22621,1.88,1.50
2011.11.30 14:35:09.803,1.22597,1.22621,1.88,1.50
2011.11.30 14:35:10.345,1.22597,1.22624,1.88,2.25
2011.11.30 14:35:10.937,1.22597,1.22624,1.88,1.88
2011.11.30 14:35:11.742,1.22597,1.22624,2.63,2.21
2011.11.30 14:35:12.703,1.22597,1.22619,1.88,3.75
2011.11.30 14:35:15.813,1.22597,1.2261,2.63,4.50
2011.11.30 14:35:15.941,1.22597,1.2261,1.88,3.75
2011.11.30 14:35:16.073,1.22586,1.2261,1.50,4.50
2011.11.30 14:35:16.322,1.22578,1.2261,2.63,1.13
2011.11.30 14:35:16.449,1.22583,1.22611,2.63,1.13
2011.11.30 14:35:16.571,1.22583,1.22611,2.63,1.50
2011.11.30 14:35:17.483,1.22585,1.22611,1.88,1.50
2011.11.30 14:35:18.071,1.22585,1.22611,2.63,1.50
2011.11.30 14:35:18.429,1.22585,1.2261,2.63,1.45
2011.11.30 14:35:18.995,1.22585,1.22607,2.63,1.50
2011.11.30 14:35:19.891,1.22585,1.22607,1.88,1.50
2011.11.30 14:35:20.610,1.22585,1.22605,1.88,1.50
2011.11.30 14:35:20.733,1.22585,1.22606,1.88,2.21
2011.11.30 14:35:20.857,1.22583,1.22606,3.38,1.50
2011.11.30 14:35:21.416,1.22583,1.22606,1.50,1.88
2011.11.30 14:35:21.996,1.22584,1.22608,2.63,1.50
2011.11.30 14:35:22.567,1.22584,1.22608,2.63,1.50
2011.11.30 14:35:23.817,1.22584,1.22606,1.88,1.50
2011.11.30 14:35:24.161,1.22583,1.22602,1.88,1.50
2011.11.30 14:35:24.290,1.22584,1.22604,1.88,1.50
2011.11.30 14:35:24.528,1.22586,1.22604,1.88,1.50
2011.11.30 14:35:25.107,1.22586,1.22603,1.88,1.50
2011.11.30 14:35:25.863,1.22586,1.22603,1.88,1.50
2011.11.30 14:35:26.101,1.22588,1.2261,1.88,1.50
2011.11.30 14:35:26.674,1.22589,1.2261,1.88,1.50
2011.11.30 14:35:27.255,1.22589,1.2261,1.88,3.75
2011.11.30 14:35:27.489,1.22589,1.22615,1.88,1.50
2011.11.30 14:35:27.963,1.22589,1.22615,1.88,1.50
2011.11.30 14:35:28.681,1.22589,1.22615,2.63,1.50
2011.11.30 14:35:29.235,1.22589,1.22616,2.63,1.50
2011.11.30 14:35:30.238,1.22589,1.22614,2.63,1.13
2011.11.30 14:35:30.815,1.22589,1.22615,2.63,1.13
2011.11.30 14:35:31.931,1.22589,1.22616,2.63,1.88
2011.11.30 14:35:32.158,1.22592,1.22616,1.88,1.88
2011.11.30 14:35:33.066,1.22592,1.22616,1.88,1.50
2011.11.30 14:35:37.618,1.22593,1.22617,2.63,1.73
2011.11.30 14:35:38.256,1.22595,1.22617,1.88,1.73
2011.11.30 14:35:38.847,1.22595,1.22617,1.88,1.73
2011.11.30 14:35:39.316,1.22595,1.22617,1.88,1.62
2011.11.30 14:35:40.468,1.22595,1.22618,1.88,1.50
2011.11.30 14:35:41.716,1.22595,1.22618,1.88,1.46
2011.11.30 14:35:41.841,1.22595,1.22618,1.88,1.46
2011.11.30 14:35:42.507,1.22595,1.22618,1.88,1.46
2011.11.30 14:35:42.632,1.22595,1.22619,1.88,1.13
2011.11.30 14:35:42.757,1.22595,1.22619,1.88,1.13
2011.11.30 14:35:44.528,1.22595,1.2262,1.88,1.28
2011.11.30 14:35:45.117,1.22595,1.22621,1.88,2.74
2011.11.30 14:35:45.797,1.22592,1.2262,1.88,1.50
2011.11.30 14:35:46.145,1.2259,1.22618,3.38,3.34
2011.11.30 14:35:46.729,1.2259,1.22615,1.88,1.50
2011.11.30 14:35:47.971,1.2259,1.22615,1.88,1.50
2011.11.30 14:35:48.326,1.2259,1.22615,1.88,1.50
2011.11.30 14:35:48.897,1.2259,1.22615,1.88,1.50
2011.11.30 14:35:49.581,1.2259,1.22615,1.88,2.25
2011.11.30 14:35:50.275,1.22588,1.22609,1.88,1.50
2011.11.30 14:35:50.399,1.22588,1.2261,1.88,1.13
2011.11.30 14:35:50.988,1.22588,1.22612,1.88,1.50
2011.11.30 14:35:52.030,1.22588,1.22614,3.38,2.21
2011.11.30 14:35:52.151,1.22588,1.22616,2.63,3.53
2011.11.30 14:35:52.777,1.22588,1.22615,2.63,1.65
2011.11.30 14:35:53.138,1.22591,1.22615,1.88,1.65
2011.11.30 14:35:54.276,1.22591,1.22614,1.88,1.50
2011.11.30 14:35:54.618,1.22591,1.22612,1.88,1.50
2011.11.30 14:35:54.736,1.22588,1.22612,2.63,1.50
2011.11.30 14:35:54.857,1.22588,1.22611,1.88,1.50
2011.11.30 14:35:55.587,1.22588,1.22611,1.88,1.13
2011.11.30 14:35:55.938,1.22588,1.22612,1.88,1.50
2011.11.30 14:35:56.408,1.22588,1.22612,2.63,1.50
2011.11.30 14:35:58.991,1.22588,1.22614,2.63,2.78
2011.11.30 14:35:59.106,1.22588,1.22614,2.63,2.78
2011.11.30 14:36:02.021,1.22588,1.22614,2.63,3.15
2011.11.30 14:36:03.475,1.22588,1.22614,2.63,2.78
2011.11.30 14:36:04.035,1.22588,1.22614,2.63,2.78
2011.11.30 14:36:05.049,1.22587,1.22616,2.63,1.65
2011.11.30 14:36:05.627,1.22591,1.22616,1.88,1.65
2011.11.30 14:36:06.527,1.22591,1.22616,1.88,1.80
2011.11.30 14:36:07.382,1.22588,1.22616,2.63,1.28
2011.11.30 14:36:07.970,1.22587,1.22615,2.63,2.03
2011.11.30 14:36:08.091,1.22587,1.22615,2.63,3.53
2011.11.30 14:36:08.547,1.22587,1.22615,2.63,2.25
2011.11.30 14:36:08.667,1.22587,1.22615,2.63,2.25
2011.11.30 14:36:08.790,1.22587,1.22615,2.63,2.25
2011.11.30 14:36:08.906,1.22587,1.22615,2.63,2.03
2011.11.30 14:36:09.699,1.22587,1.22614,2.63,1.50
2011.11.30 14:36:10.276,1.22587,1.22614,2.63,1.65
2011.11.30 14:36:10.758,1.22587,1.22614,2.63,2.21
2011.11.30 14:36:11.894,1.22587,1.22615,2.63,4.09
2011.11.30 14:36:13.498,1.22587,1.22615,1.88,2.03
2011.11.30 14:36:13.858,1.22589,1.22612,1.88,3.75
2011.11.30 14:36:13.983,1.22589,1.22615,2.63,1.65
2011.11.30 14:36:14.801,1.22589,1.22615,1.88,2.63
2011.11.30 14:36:15.587,1.22585,1.2261,2.63,1.50
2011.11.30 14:36:15.713,1.22585,1.22608,2.63,1.50
2011.11.30 14:36:15.837,1.22585,1.22608,2.63,1.50
2011.11.30 14:36:16.188,1.22585,1.22612,2.63,1.59
2011.11.30 14:36:16.758,1.22584,1.22612,2.63,1.59
2011.11.30 14:36:17.100,1.22585,1.22612,2.63,3.46
2011.11.30 14:36:17.552,1.22585,1.22612,2.63,4.50
2011.11.30 14:36:18.349,1.22585,1.22612,2.63,3.84
2011.11.30 14:36:19.276,1.22585,1.22611,2.63,1.17
2011.11.30 14:36:19.741,1.22583,1.22611,2.63,1.96
2011.11.30 14:36:20.109,1.22583,1.22608,2.63,3.75
2011.11.30 14:36:20.686,1.22583,1.22609,3.38,4.60
2011.11.30 14:36:22.179,1.22583,1.22606,3.38,1.97
2011.11.30 14:36:22.413,1.22583,1.22606,3.38,1.97
2011.11.30 14:36:23.109,1.22583,1.22606,2.63,1.60
2011.11.30 14:36:23.228,1.22583,1.22606,2.63,1.50
2011.11.30 14:36:25.771,1.22583,1.2261,3.38,1.13
2011.11.30 14:36:26.142,1.22583,1.22613,2.63,2.63
2011.11.30 14:36:26.511,1.22583,1.22612,2.63,1.13
2011.11.30 14:36:26.631,1.22582,1.22611,1.50,1.13
2011.11.30 14:36:27.061,1.2258,1.22609,2.63,1.13
2011.11.30 14:36:27.419,1.2258,1.2261,2.63,2.63
2011.11.30 14:36:28.008,1.2258,1.2261,2.63,3.00
2011.11.30 14:36:28.131,1.2258,1.2261,2.63,3.00
2011.11.30 14:36:28.248,1.2258,1.2261,2.63,1.88
2011.11.30 14:36:28.368,1.2258,1.2261,2.63,1.88
2011.11.30 14:36:29.646,1.2258,1.2261,2.63,2.25
2011.11.30 14:36:30.246,1.2258,1.2261,2.63,1.88
2011.11.30 14:36:30.698,1.2258,1.22608,2.63,1.13
2011.11.30 14:36:31.274,1.2258,1.2261,2.63,2.25
2011.11.30 14:36:32.328,1.2258,1.22609,2.63,1.13
2011.11.30 14:36:32.888,1.2258,1.2261,2.63,3.00
2011.11.30 14:36:33.457,1.2258,1.2261,2.63,3.00
2011.11.30 14:36:33.805,1.2258,1.2261,2.63,3.00
2011.11.30 14:36:34.476,1.2258,1.2261,2.63,3.00
2011.11.30 14:36:35.045,1.2258,1.2261,2.63,1.88
2011.11.30 14:36:36.988,1.2258,1.2261,2.63,3.00
2011.11.30 14:36:37.220,1.2258,1.2261,2.63,1.88
2011.11.30 14:36:37.339,1.2258,1.2261,2.63,2.63
2011.11.30 14:36:37.791,1.2258,1.2261,2.63,2.63
2011.11.30 14:36:38.476,1.2258,1.2261,2.63,2.63
2011.11.30 14:36:43.465,1.2258,1.2261,2.63,2.63
2011.11.30 14:36:43.965,1.2258,1.2261,2.63,2.63
2011.11.30 14:36:44.538,1.22582,1.2261,1.50,2.63
2011.11.30 14:36:45.096,1.2258,1.2261,2.63,2.63
2011.11.30 14:36:45.216,1.2258,1.2261,2.63,2.63
2011.11.30 14:36:45.795,1.22581,1.22611,2.63,1.13
2011.11.30 14:36:46.257,1.22581,1.22613,2.63,1.46
2011.11.30 14:36:47.284,1.22581,1.22614,1.13,1.46
2011.11.30 14:36:48.167,1.2258,1.2261,2.63,2.63
2011.11.30 14:36:48.859,1.22582,1.2261,1.50,2.63
2011.11.30 14:36:49.437,1.2258,1.2261,3.00,1.88
2011.11.30 14:36:49.679,1.22582,1.22609,1.13,2.63
2011.11.30 14:36:50.284,1.22583,1.22609,1.13,2.63
2011.11.30 14:36:51.849,1.22583,1.22609,1.13,1.88
2011.11.30 14:36:51.971,1.22576,1.22606,2.25,1.60
2011.11.30 14:36:52.208,1.22574,1.22609,2.85,4.04
2011.11.30 14:36:52.332,1.22577,1.22611,1.50,1.84
2011.11.30 14:36:52.960,1.2258,1.22612,2.63,4.51
2011.11.30 14:36:53.089,1.22581,1.22612,1.13,4.13
2011.11.30 14:36:54.258,1.22581,1.22607,1.13,2.63
2011.11.30 14:36:56.877,1.22581,1.22607,1.13,2.77
2011.11.30 14:36:57.216,1.22581,1.22607,1.13,2.77
2011.11.30 14:36:57.335,1.22581,1.22607,1.13,2.63
2011.11.30 14:36:57.847,1.22581,1.22607,1.13,2.63
2011.11.30 14:37:00.889,1.22581,1.22607,1.13,2.63
2011.11.30 14:37:01.652,1.2258,1.22603,1.88,1.13
2011.11.30 14:37:02.376,1.2258,1.22605,1.88,1.13
2011.11.30 14:37:03.651,1.2258,1.22607,1.88,2.63
2011.11.30 14:37:04.432,1.2258,1.22607,2.63,2.63
2011.11.30 14:37:05.042,1.2258,1.2261,3.38,2.63
2011.11.30 14:37:05.288,1.2258,1.2261,2.63,2.63
2011.11.30 14:37:05.868,1.22583,1.2261,1.50,3.00
2011.11.30 14:37:06.216,1.22582,1.2261,1.88,2.63
2011.11.30 14:37:06.707,1.22582,1.2261,2.63,2.63
2011.11.30 14:37:06.828,1.22582,1.2261,2.63,2.63
2011.11.30 14:37:08.787,1.22582,1.2261,2.63,2.63
2011.11.30 14:37:10.484,1.22582,1.2261,2.63,2.63
2011.11.30 14:37:11.058,1.22584,1.2261,1.50,2.63
2011.11.30 14:37:11.730,1.22582,1.2261,3.75,2.63
2011.11.30 14:37:12.827,1.22582,1.2261,2.63,2.76
2011.11.30 14:37:13.495,1.22582,1.2261,2.63,2.76
2011.11.30 14:37:13.957,1.22582,1.2261,2.63,2.76
2011.11.30 14:37:14.295,1.22582,1.2261,2.63,2.76
2011.11.30 14:37:15.307,1.22582,1.2261,2.63,2.76
2011.11.30 14:37:15.951,1.22582,1.2261,3.00,2.76
2011.11.30 14:37:16.064,1.22582,1.22609,2.63,1.02
2011.11.30 14:37:16.957,1.22582,1.2261,2.63,2.89
2011.11.30 14:37:17.535,1.22582,1.2261,2.63,1.88
2011.11.30 14:37:17.779,1.22582,1.2261,2.63,1.88
2011.11.30 14:37:19.226,1.22587,1.2261,1.13,1.94
2011.11.30 14:37:19.354,1.22587,1.2261,1.13,2.63
2011.11.30 14:37:19.601,1.2258,1.22611,1.50,2.63
2011.11.30 14:37:21.117,1.22584,1.22614,1.13,2.63
2011.11.30 14:37:21.701,1.22579,1.22613,2.63,1.46
2011.11.30 14:37:21.954,1.22579,1.22612,2.63,1.13
2011.11.30 14:37:22.759,1.22579,1.22613,2.63,1.13
2011.11.30 14:37:23.529,1.22579,1.22613,2.63,1.39
2011.11.30 14:37:23.648,1.22579,1.2261,2.63,1.13
2011.11.30 14:37:24.008,1.22579,1.2261,2.63,1.13
2011.11.30 14:37:24.608,1.22579,1.22609,2.63,2.85
2011.11.30 14:37:25.327,1.22579,1.22607,2.63,1.24
2011.11.30 14:37:25.919,1.22579,1.22609,2.63,2.85
2011.11.30 14:37:26.618,1.22579,1.22609,2.63,2.85
2011.11.30 14:37:26.964,1.22585,1.22609,1.50,2.85
2011.11.30 14:37:27.094,1.22579,1.22609,2.63,2.63
2011.11.30 14:37:27.217,1.22579,1.22609,2.63,2.63
2011.11.30 14:37:27.816,1.22579,1.22609,2.63,3.00
2011.11.30 14:37:28.168,1.22579,1.22609,2.63,2.63
2011.11.30 14:37:28.746,1.22579,1.22609,2.63,2.63
2011.11.30 14:37:28.870,1.22585,1.22612,1.50,2.63
2011.11.30 14:37:30.418,1.22584,1.22612,1.50,2.63
2011.11.30 14:37:31.117,1.22584,1.22612,1.50,3.38
2011.11.30 14:37:33.014,1.22583,1.22611,1.50,1.13
2011.11.30 14:37:33.517,1.22583,1.22612,1.50,3.75
2011.11.30 14:37:34.117,1.22584,1.22612,1.50,2.63
2011.11.30 14:37:38.334,1.22583,1.22609,1.50,1.88
2011.11.30 14:37:38.676,1.22584,1.22609,1.50,1.50
2011.11.30 14:37:41.579,1.22584,1.22612,1.50,2.71
2011.11.30 14:37:42.946,1.22584,1.22612,1.50,2.79
2011.11.30 14:37:43.070,1.22583,1.22609,1.50,1.21
2011.11.30 14:37:43.186,1.22584,1.22612,1.50,2.71
2011.11.30 14:37:43.310,1.22584,1.22612,1.50,2.71
2011.11.30 14:37:43.879,1.22584,1.22612,1.50,2.79
2011.11.30 14:37:44.467,1.22583,1.22612,2.25,2.79
2011.11.30 14:37:45.066,1.22584,1.22612,1.50,1.88
2011.11.30 14:37:45.408,1.22584,1.22612,1.50,2.80
2011.11.30 14:37:45.989,1.22584,1.22612,1.50,2.63
2011.11.30 14:37:46.687,1.22583,1.22612,1.50,1.88
2011.11.30 14:37:47.624,1.22583,1.22611,3.38,1.88
2011.11.30 14:37:49.206,1.22584,1.22611,1.50,1.88
2011.11.30 14:37:52.514,1.22584,1.22611,1.50,1.88
2011.11.30 14:37:53.075,1.22584,1.22611,1.50,1.88
2011.11.30 14:37:53.436,1.22584,1.22611,1.50,1.88
2011.11.30 14:37:54.629,1.22584,1.22611,1.50,1.88
2011.11.30 14:37:55.241,1.22583,1.22611,3.38,1.88
2011.11.30 14:37:55.826,1.22583,1.22611,3.38,1.88
2011.11.30 14:37:57.506,1.22583,1.22611,3.38,1.88
2011.11.30 14:37:57.735,1.22583,1.22611,3.38,1.88
2011.11.30 14:37:58.578,1.22583,1.22612,3.38,1.88
2011.11.30 14:37:58.700,1.22585,1.22612,1.50,1.88
2011.11.30 14:37:59.047,1.22585,1.22612,1.50,1.88
2011.11.30 14:38:00.210,1.22585,1.22612,1.50,2.63
2011.11.30 14:38:00.746,1.22585,1.22612,1.50,1.88
2011.11.30 14:38:01.097,1.22584,1.22612,1.50,1.88
2011.11.30 14:38:01.219,1.22584,1.22612,1.50,2.25
2011.11.30 14:38:01.789,1.22586,1.22612,1.35,2.63
2011.11.30 14:38:02.138,1.22592,1.22616,1.50,3.68
2011.11.30 14:38:02.698,1.22591,1.22616,1.50,3.68
2011.11.30 14:38:03.259,1.22592,1.22616,1.50,2.93
2011.11.30 14:38:03.919,1.22592,1.22616,1.50,1.05
2011.11.30 14:38:04.149,1.22591,1.22616,1.50,1.80
2011.11.30 14:38:05.487,1.22592,1.22616,1.50,1.65
2011.11.30 14:38:05.609,1.22589,1.22614,1.88,2.03
2011.11.30 14:38:05.727,1.22585,1.22612,1.88,1.50
2011.11.30 14:38:06.545,1.22584,1.22612,1.88,1.88
2011.11.30 14:38:07.074,1.22585,1.22612,1.50,1.88
2011.11.30 14:38:07.526,1.22584,1.22612,1.88,2.03
2011.11.30 14:38:08.127,1.22584,1.22612,1.88,3.30
2011.11.30 14:38:08.707,1.22584,1.22612,1.88,3.49
2011.11.30 14:38:10.124,1.22584,1.22612,1.88,3.30
2011.11.30 14:38:10.588,1.22588,1.22612,1.50,2.74
2011.11.30 14:38:10.708,1.22591,1.22615,1.50,2.93
2011.11.30 14:38:11.277,1.22591,1.22614,1.50,2.18
2011.11.30 14:38:11.867,1.22592,1.22614,1.50,2.18
2011.11.30 14:38:12.656,1.22592,1.22614,1.50,1.43
2011.11.30 14:38:13.707,1.22591,1.22616,1.50,3.38
2011.11.30 14:38:14.385,1.22592,1.22616,1.50,1.50
2011.11.30 14:38:14.949,1.22591,1.22616,1.50,2.25
2011.11.30 14:38:15.592,1.22592,1.22616,1.50,2.55
2011.11.30 14:38:16.168,1.22591,1.22615,1.50,1.05
2011.11.30 14:38:16.615,1.22592,1.22617,1.50,2.36
2011.11.30 14:38:17.185,1.22591,1.22617,1.50,1.80
2011.11.30 14:38:17.745,1.22591,1.22618,1.50,3.19
2011.11.30 14:38:17.976,1.22591,1.22618,1.50,3.19
2011.11.30 14:38:18.437,1.22591,1.22617,1.50,1.31
2011.11.30 14:38:19.011,1.22592,1.22618,2.25,2.44
2011.11.30 14:38:19.838,1.22591,1.22618,2.25,2.44
2011.11.30 14:38:20.395,1.22593,1.22617,1.50,1.88
2011.11.30 14:38:21.585,1.22591,1.22617,1.50,1.88
2011.11.30 14:38:22.167,1.22591,1.22614,2.25,1.05
2011.11.30 14:38:22.866,1.22591,1.22614,2.25,1.05
2011.11.30 14:38:23.409,1.22591,1.22614,2.25,1.05
2011.11.30 14:38:24.310,1.22591,1.22616,2.25,1.80
2011.11.30 14:38:24.538,1.22591,1.22616,1.50,2.55
2011.11.30 14:38:24.657,1.22591,1.22616,1.50,1.80
2011.11.30 14:38:25.228,1.22592,1.22616,1.50,1.80
2011.11.30 14:38:26.062,1.22591,1.22616,1.50,1.80
2011.11.30 14:38:26.302,1.22591,1.22615,1.50,1.05
2011.11.30 14:38:26.426,1.22591,1.22616,1.50,1.80
2011.11.30 14:38:26.984,1.22591,1.22616,1.50,1.80
2011.11.30 14:38:27.575,1.22592,1.22616,1.50,1.80
2011.11.30 14:38:27.918,1.22592,1.22616,1.50,2.25
2011.11.30 14:38:28.368,1.22591,1.22616,1.50,2.18
2011.11.30 14:38:28.951,1.22591,1.22616,1.50,2.93
2011.11.30 14:38:29.660,1.22591,1.22616,1.50,3.68
2011.11.30 14:38:29.778,1.22591,1.22616,1.50,2.93
2011.11.30 14:38:30.018,1.22591,1.22616,1.50,2.93
2011.11.30 14:38:30.143,1.22591,1.22616,1.50,1.88
2011.11.30 14:38:30.748,1.22592,1.22616,1.50,1.88
2011.11.30 14:38:31.347,1.22591,1.22616,1.50,2.63
2011.11.30 14:38:31.578,1.22591,1.22616,1.50,1.88
2011.11.30 14:38:32.220,1.22591,1.22616,1.50,3.38
2011.11.30 14:38:34.489,1.22594,1.22615,1.50,1.50
2011.11.30 14:38:35.373,1.22599,1.22616,1.50,1.88
2011.11.30 14:38:39.272,1.22599,1.22616,1.50,3.34
2011.11.30 14:38:39.869,1.22596,1.22616,1.50,2.63
2011.11.30 14:38:41.727,1.22596,1.22616,1.50,2.63
2011.11.30 14:38:43.991,1.22597,1.22616,1.50,2.63
2011.11.30 14:38:44.123,1.22597,1.22615,1.50,1.88
2011.11.30 14:38:44.713,1.22597,1.22615,1.50,1.50
2011.11.30 14:38:47.407,1.22596,1.22614,1.50,1.13
2011.11.30 14:38:48.089,1.22596,1.22614,1.50,1.13
2011.11.30 14:38:48.319,1.22596,1.22614,2.25,1.13
2011.11.30 14:38:49.565,1.22596,1.22616,2.25,1.09
2011.11.30 14:38:49.919,1.22596,1.22617,1.50,2.59
2011.11.30 14:38:50.038,1.22591,1.22615,3.38,1.50
2011.11.30 14:38:50.380,1.22591,1.22617,2.63,4.09
2011.11.30 14:38:51.534,1.22591,1.2261,2.63,1.13
2011.11.30 14:38:52.106,1.22591,1.22609,2.63,4.50
2011.11.30 14:38:52.699,1.22591,1.22609,1.88,5.25
2011.11.30 14:38:52.819,1.22586,1.22606,1.88,1.50
2011.11.30 14:38:54.111,1.22586,1.22607,1.88,1.50
2011.11.30 14:38:54.727,1.22586,1.22611,2.63,1.13
2011.11.30 14:38:54.851,1.22586,1.22612,2.63,2.21
2011.11.30 14:38:55.210,1.22586,1.22607,1.88,3.75
2011.11.30 14:38:55.998,1.22586,1.22604,1.88,1.50
2011.11.30 14:38:56.121,1.22586,1.22609,1.88,1.82
2011.11.30 14:38:56.698,1.22586,1.22609,2.63,1.13
2011.11.30 14:38:56.820,1.22586,1.2261,2.63,1.88
2011.11.30 14:38:57.456,1.22586,1.22611,1.88,1.13
2011.11.30 14:38:58.954,1.22586,1.22612,2.63,3.34
2011.11.30 14:38:59.077,1.22586,1.22612,2.63,2.21
2011.11.30 14:39:01.617,1.22586,1.22609,2.63,1.13
2011.11.30 14:39:02.190,1.22586,1.22608,2.63,1.13
2011.11.30 14:39:02.764,1.22586,1.22609,2.63,1.13
2011.11.30 14:39:03.361,1.22586,1.22608,2.63,1.13
2011.11.30 14:39:03.928,1.22586,1.22608,2.63,1.13
2011.11.30 14:39:04.496,1.22586,1.22609,1.88,1.13
2011.11.30 14:39:06.745,1.22586,1.2261,2.63,1.13
2011.11.30 14:39:07.977,1.22586,1.22611,1.88,1.46
2011.11.30 14:39:09.541,1.22586,1.22612,2.63,3.00
2011.11.30 14:39:10.101,1.22586,1.22612,1.88,1.88
2011.11.30 14:39:10.820,1.22586,1.22612,2.63,1.88
2011.11.30 14:39:11.860,1.22586,1.22612,2.63,1.88
2011.11.30 14:39:12.429,1.22586,1.22612,2.63,2.63
2011.11.30 14:39:17.365,1.22585,1.22611,2.63,2.25
2011.11.30 14:39:25.119,1.22584,1.22609,1.50,4.09
2011.11.30 14:39:25.896,1.22585,1.22609,1.50,2.21
2011.11.30 14:39:26.678,1.22583,1.22609,1.50,3.34
2011.11.30 14:39:27.377,1.22584,1.22609,3.38,1.46
2011.11.30 14:39:28.826,1.22584,1.22608,3.38,1.46
2011.11.30 14:39:29.396,1.22584,1.22609,1.50,1.46
2011.11.30 14:39:36.515,1.22582,1.22608,2.25,1.46
2011.11.30 14:39:37.425,1.22582,1.22608,2.25,1.46
2011.11.30 14:39:37.976,1.22581,1.22608,3.38,3.75
2011.11.30 14:39:38.545,1.22582,1.22608,1.50,4.46
2011.11.30 14:39:38.996,1.22581,1.22608,2.63,3.75
2011.11.30 14:39:39.119,1.22577,1.22601,1.88,1.50
2011.11.30 14:39:39.569,1.22579,1.22601,1.88,1.50
2011.11.30 14:39:39.687,1.22579,1.22604,1.88,1.13
2011.11.30 14:39:40.368,1.22579,1.22606,1.88,1.50
2011.11.30 14:39:41.140,1.22579,1.22606,2.63,2.25
2011.11.30 14:39:41.383,1.22577,1.22605,2.63,1.13
2011.11.30 14:39:41.741,1.22576,1.22601,2.63,1.13
2011.11.30 14:39:42.318,1.22575,1.22601,2.63,1.13
2011.11.30 14:39:43.108,1.22575,1.22602,2.25,1.50
2011.11.30 14:39:43.556,1.22574,1.22604,1.50,2.63
2011.11.30 14:39:44.338,1.22575,1.22604,2.25,2.63
2011.11.30 14:39:45.037,1.22575,1.22599,2.25,2.63
2011.11.30 14:39:45.156,1.22575,1.22599,2.25,2.63
2011.11.30 14:39:45.849,1.22575,1.22599,2.25,2.63
2011.11.30 14:39:46.625,1.22575,1.22599,1.50,2.63
2011.11.30 14:39:47.191,1.22575,1.22599,1.50,2.63
2011.11.30 14:39:47.903,1.22575,1.22599,1.50,2.71
2011.11.30 14:39:48.359,1.22576,1.22602,1.50,1.29
2011.11.30 14:39:48.597,1.22578,1.22604,1.88,2.63
2011.11.30 14:39:48.830,1.22578,1.22604,1.88,2.63
2011.11.30 14:39:50.489,1.22578,1.22604,1.88,2.63
2011.11.30 14:39:52.468,1.22578,1.22604,2.25,2.63
2011.11.30 14:39:53.025,1.22578,1.22604,1.88,2.63
2011.11.30 14:39:57.339,1.22578,1.22604,1.88,2.63
2011.11.30 14:40:06.265,1.22578,1.22604,1.88,2.63
2011.11.30 14:40:06.936,1.22578,1.22604,3.00,2.63
2011.11.30 14:40:07.794,1.22578,1.22604,3.38,2.63
2011.11.30 14:40:09.690,1.22578,1.22604,1.88,2.63
2011.11.30 14:40:11.889,1.22579,1.22605,1.88,2.63
2011.11.30 14:40:14.910,1.22579,1.22604,1.88,1.50
2011.11.30 14:40:16.700,1.22579,1.22604,1.88,1.50
2011.11.30 14:40:17.297,1.22578,1.22604,1.50,1.50
2011.11.30 14:40:23.041,1.22577,1.22605,2.25,3.38
2011.11.30 14:40:23.714,1.22577,1.22603,2.25,1.46
2011.11.30 14:40:27.947,1.22578,1.22603,1.50,1.13
2011.11.30 14:40:29.308,1.22583,1.22603,4.50,1.13
2011.11.30 14:40:29.770,1.22583,1.22604,4.50,2.63
2011.11.30 14:40:29.899,1.22575,1.22603,1.50,3.34
2011.11.30 14:40:30.019,1.22575,1.22601,1.50,1.13
2011.11.30 14:40:30.718,1.22575,1.22599,1.50,1.46
2011.11.30 14:40:31.417,1.22574,1.22597,1.50,1.46
2011.11.30 14:40:32.012,1.22573,1.22599,1.50,3.38
2011.11.30 14:40:32.586,1.22561,1.22579,2.25,1.13
2011.11.30 14:40:32.719,1.22561,1.22581,4.50,1.13
2011.11.30 14:40:32.950,1.22555,1.22583,1.56,3.00
2011.11.30 14:40:33.397,1.22555,1.22581,3.38,1.50
2011.11.30 14:40:33.637,1.22555,1.22581,2.63,1.13
2011.11.30 14:40:34.219,1.22555,1.22583,2.63,3.32
2011.11.30 14:40:34.457,1.22555,1.22583,2.63,3.32
2011.11.30 14:40:34.697,1.22555,1.22583,2.63,3.32
2011.11.30 14:40:34.928,1.22555,1.22583,2.63,2.63
2011.11.30 14:40:35.500,1.22555,1.22583,2.63,3.32
2011.11.30 14:40:35.963,1.22555,1.22575,2.63,1.46
2011.11.30 14:40:36.210,1.22549,1.2258,1.35,1.46
2011.11.30 14:40:36.805,1.22554,1.22581,2.63,3.00
2011.11.30 14:40:37.054,1.22556,1.22583,1.50,3.38
2011.11.30 14:40:38.090,1.2256,1.22583,1.50,3.38
2011.11.30 14:40:38.900,1.22556,1.22583,1.56,3.38
2011.11.30 14:40:39.019,1.22556,1.22583,1.50,3.38
2011.11.30 14:40:39.592,1.22555,1.22581,2.63,2.63
2011.11.30 14:40:40.428,1.22555,1.22581,2.63,2.63
2011.11.30 14:40:40.794,1.22554,1.22572,1.13,2.25
2011.11.30 14:40:40.923,1.2255,1.22572,1.13,2.25
2011.11.30 14:40:41.519,1.22552,1.22579,1.88,3.38
2011.11.30 14:40:41.761,1.22554,1.22571,1.88,1.13
2011.11.30 14:40:42.120,1.22538,1.2256,3.00,1.50
2011.11.30 14:40:42.237,1.22538,1.22555,2.25,1.88
2011.11.30 14:40:42.358,1.22537,1.22555,1.50,1.88
2011.11.30 14:40:42.899,1.22543,1.22563,1.05,1.88
2011.11.30 14:40:43.366,1.2254,1.22563,1.04,1.88
2011.11.30 14:40:43.487,1.2254,1.22566,1.04,1.88
2011.11.30 14:40:43.956,1.22542,1.22569,1.41,1.88
2011.11.30 14:40:44.310,1.22541,1.22571,4.04,1.88
2011.11.30 14:40:44.427,1.22544,1.2257,2.63,1.88
2011.11.30 14:40:46.012,1.22541,1.2257,2.63,1.88
2011.11.30 14:40:46.378,1.22542,1.22568,2.63,1.88
2011.11.30 14:40:46.622,1.22541,1.2257,3.38,1.88
2011.11.30 14:40:46.862,1.22542,1.2257,1.56,1.88
2011.11.30 14:40:46.990,1.22543,1.22571,2.63,1.88
2011.11.30 14:40:47.913,1.22544,1.22571,1.50,1.88
2011.11.30 14:40:48.050,1.2255,1.22575,1.50,1.88
2011.11.30 14:40:48.761,1.2255,1.22575,1.50,1.88
2011.11.30 14:40:49.451,1.2255,1.22578,2.63,2.63
2011.11.30 14:40:49.820,1.22552,1.22578,1.88,1.35
2011.11.30 14:40:50.431,1.2255,1.22578,2.63,1.35
2011.11.30 14:40:51.356,1.22552,1.22578,5.25,2.63
2011.11.30 14:40:51.604,1.22549,1.22578,4.19,2.63
2011.11.30 14:40:51.969,1.22553,1.22579,2.63,2.63
2011.11.30 14:40:52.853,1.22553,1.22576,2.63,1.13
2011.11.30 14:40:53.567,1.22553,1.22576,1.88,1.13
2011.11.30 14:40:54.266,1.22553,1.22577,1.88,1.13
2011.11.30 14:40:54.838,1.22553,1.22579,2.63,3.00
2011.11.30 14:40:54.956,1.22553,1.22579,2.63,2.63
2011.11.30 14:40:55.460,1.22553,1.22579,2.63,3.00
2011.11.30 14:40:55.586,1.22553,1.22579,1.88,2.63
2011.11.30 14:40:57.266,1.22551,1.22582,2.63,2.63
2011.11.30 14:40:57.508,1.22551,1.22582,2.63,2.63
2011.11.30 14:40:57.869,1.22554,1.22582,2.63,2.63
2011.11.30 14:40:58.384,1.22554,1.22582,2.63,2.63
2011.11.30 14:40:59.431,1.22554,1.22582,1.88,2.63
2011.11.30 14:40:59.547,1.22554,1.22582,1.88,2.63
2011.11.30 14:41:02.519,1.22556,1.22582,1.50,2.63
2011.11.30 14:41:03.077,1.22555,1.22582,1.50,2.63
2011.11.30 14:41:03.657,1.22554,1.22582,2.63,2.63
2011.11.30 14:41:04.231,1.22554,1.22582,2.63,3.00
2011.11.30 14:41:04.906,1.22554,1.22582,2.63,3.00
2011.11.30 14:41:05.466,1.22554,1.22582,2.63,3.00
2011.11.30 14:41:06.356,1.22554,1.22582,2.63,3.00
2011.11.30 14:41:06.484,1.22554,1.22582,1.88,3.00
2011.11.30 14:41:07.392,1.22554,1.22582,1.88,2.63
2011.11.30 14:41:07.965,1.22554,1.22582,1.88,2.63
2011.11.30 14:41:08.091,1.22554,1.22582,1.88,2.63
2011.11.30 14:41:08.661,1.22554,1.22584,1.88,4.69
2011.11.30 14:41:09.194,1.22555,1.22582,1.88,2.63
2011.11.30 14:41:09.661,1.22555,1.22582,1.88,2.63
2011.11.30 14:41:10.131,1.22555,1.22582,1.88,2.63
2011.11.30 14:41:10.717,1.22555,1.22582,1.88,2.63
2011.11.30 14:41:11.666,1.22554,1.22583,1.88,1.13
2011.11.30 14:41:12.250,1.22554,1.22582,1.88,2.63
2011.11.30 14:41:12.367,1.22554,1.22582,1.88,3.00
2011.11.30 14:41:13.487,1.22554,1.22584,2.63,4.69
2011.11.30 14:41:14.607,1.22555,1.22584,2.63,2.10
2011.11.30 14:41:15.185,1.22558,1.22584,1.88,2.10
2011.11.30 14:41:16.517,1.22555,1.22583,2.63,1.46
2011.11.30 14:41:16.869,1.22555,1.22582,1.88,2.63
2011.11.30 14:41:17.876,1.22555,1.2258,1.88,1.13
2011.11.30 14:41:18.218,1.22551,1.22579,1.88,1.13
2011.11.30 14:41:18.338,1.22551,1.22579,1.88,1.13
2011.11.30 14:41:18.569,1.22552,1.22579,2.63,3.00
2011.11.30 14:41:20.647,1.22555,1.22582,1.88,2.63
2011.11.30 14:41:22.189,1.22555,1.22582,2.63,2.63
2011.11.30 14:41:22.745,1.22555,1.22582,1.88,2.63
2011.11.30 14:41:23.308,1.22555,1.22582,1.88,2.63
2011.11.30 14:41:23.429,1.22555,1.22582,2.63,3.00
2011.11.30 14:41:23.975,1.22555,1.22575,1.88,1.50
2011.11.30 14:41:24.209,1.22551,1.22575,2.70,1.50
2011.11.30 14:41:24.790,1.22553,1.22576,2.70,1.50
2011.11.30 14:41:25.139,1.22553,1.22576,2.70,1.50
2011.11.30 14:41:25.376,1.22551,1.22576,2.70,2.25
2011.11.30 14:41:25.938,1.22548,1.22576,2.70,2.25
2011.11.30 14:41:26.705,1.22548,1.22575,2.70,1.46
2011.11.30 14:41:27.400,1.22549,1.22574,2.70,1.46
2011.11.30 14:41:28.407,1.22549,1.22575,2.70,2.21
2011.11.30 14:41:28.529,1.22549,1.22574,2.70,2.21
2011.11.30 14:41:29.040,1.22549,1.22574,2.70,1.50
2011.11.30 14:41:29.597,1.22549,1.22574,2.70,1.46
2011.11.30 14:41:30.109,1.22549,1.22575,2.70,5.96
2011.11.30 14:41:30.352,1.22547,1.22575,2.70,2.21
2011.11.30 14:41:30.955,1.22547,1.22574,2.70,1.88
2011.11.30 14:41:31.959,1.22546,1.22572,2.70,1.88
2011.11.30 14:41:32.665,1.22546,1.22572,2.70,1.88
2011.11.30 14:41:32.787,1.22545,1.22575,3.45,3.38
2011.11.30 14:41:33.805,1.22546,1.22572,2.70,1.88
2011.11.30 14:41:34.365,1.22546,1.22572,2.70,1.88
2011.11.30 14:41:34.869,1.22546,1.22572,2.70,1.88
2011.11.30 14:41:35.436,1.22547,1.22572,1.58,1.88
2011.11.30 14:41:36.430,1.22547,1.22572,1.58,1.88
2011.11.30 14:41:36.998,1.22547,1.22572,1.58,1.88
2011.11.30 14:41:37.556,1.22547,1.22572,1.58,1.88
2011.11.30 14:41:38.127,1.22546,1.22572,2.70,1.88
2011.11.30 14:41:38.684,1.22546,1.22572,2.70,1.88
2011.11.30 14:41:42.694,1.22546,1.22572,2.70,1.88
2011.11.30 14:41:43.500,1.22546,1.22572,2.70,1.88
2011.11.30 14:41:44.324,1.22546,1.22572,2.70,1.88
2011.11.30 14:41:44.885,1.22546,1.22572,2.70,1.88
2011.11.30 14:41:45.997,1.22546,1.22572,2.70,1.88
2011.11.30 14:41:46.594,1.22547,1.22575,1.58,1.50
2011.11.30 14:41:47.154,1.22549,1.22575,2.70,2.63
2011.11.30 14:41:49.680,1.2255,1.22576,2.63,2.25
2011.11.30 14:41:51.540,1.22554,1.22576,1.50,1.50
2011.11.30 14:41:52.783,1.22544,1.2257,1.79,1.35
2011.11.30 14:41:53.258,1.22545,1.22575,1.04,5.25
2011.11.30 14:41:53.382,1.2254,1.22569,3.38,1.88
2011.11.30 14:41:53.625,1.22541,1.22569,1.50,1.88
2011.11.30 14:41:53.753,1.2254,1.22569,3.44,2.63
2011.11.30 14:41:54.003,1.22538,1.22569,2.63,2.25
2011.11.30 14:41:54.370,1.22539,1.22567,2.63,1.88
2011.11.30 14:41:55.047,1.2254,1.22567,2.63,1.88
2011.11.30 14:41:55.603,1.2254,1.22568,2.63,1.88
2011.11.30 14:41:55.945,1.2254,1.22568,2.63,1.88
2011.11.30 14:41:56.848,1.2254,1.22568,2.63,1.88
2011.11.30 14:41:57.188,1.2254,1.22568,2.63,1.88
2011.11.30 14:41:57.747,1.2254,1.22568,2.63,1.88
2011.11.30 14:41:58.399,1.2254,1.22568,2.63,1.88
2011.11.30 14:41:58.519,1.2254,1.22568,2.63,1.88
2011.11.30 14:41:58.867,1.2254,1.22568,2.63,1.88
2011.11.30 14:41:59.435,1.2254,1.22568,2.63,1.88
2011.11.30 14:41:59.999,1.2254,1.22568,2.63,1.88
2011.11.30 14:42:00.362,1.22541,1.22573,1.56,1.50
2011.11.30 14:42:01.049,1.22541,1.22567,1.50,2.63
2011.11.30 14:42:01.170,1.22541,1.22567,1.50,1.88
2011.11.30 14:42:01.290,1.22541,1.22569,1.50,2.63
2011.11.30 14:42:01.770,1.22541,1.2257,1.50,2.63
2011.11.30 14:42:02.112,1.22542,1.2257,2.63,1.88
2011.11.30 14:42:02.732,1.22546,1.22573,2.63,1.46
2011.11.30 14:42:02.859,1.22546,1.22571,1.88,1.13
2011.11.30 14:42:03.209,1.22543,1.22571,2.63,1.13
2011.11.30 14:42:03.331,1.22543,1.22571,2.63,1.13
2011.11.30 14:42:03.562,1.22543,1.2257,2.63,2.63
2011.11.30 14:42:03.690,1.22543,1.2257,2.63,1.88
2011.11.30 14:42:04.038,1.22543,1.2257,2.63,1.88
2011.11.30 14:42:04.783,1.22543,1.2257,2.63,1.88
2011.11.30 14:42:04.898,1.22543,1.2257,2.63,1.88
2011.11.30 14:42:05.246,1.22543,1.2257,2.63,1.88
2011.11.30 14:42:05.368,1.22543,1.2257,2.63,1.88
2011.11.30 14:42:05.492,1.22543,1.2257,2.63,1.88
2011.11.30 14:42:05.966,1.22543,1.2257,2.63,1.88
2011.11.30 14:42:06.418,1.22543,1.2257,2.63,1.88
2011.11.30 14:42:06.652,1.22542,1.22572,2.63,2.63
2011.11.30 14:42:07.216,1.22543,1.2257,1.88,2.21
2011.11.30 14:42:07.337,1.22543,1.22571,2.63,1.50
2011.11.30 14:42:07.701,1.22543,1.22572,2.63,2.63
2011.11.30 14:42:08.061,1.22545,1.22574,2.25,1.50
2011.11.30 14:42:08.293,1.22553,1.22576,2.63,1.13
2011.11.30 14:42:09.038,1.22553,1.2258,2.63,1.13
2011.11.30 14:42:09.738,1.22552,1.22579,2.63,1.13
2011.11.30 14:42:09.969,1.22552,1.22579,2.63,1.13
2011.11.30 14:42:10.088,1.22552,1.2258,2.63,2.63
2011.11.30 14:42:10.442,1.22552,1.2258,2.63,1.88
2011.11.30 14:42:11.127,1.22541,1.22557,3.00,1.50
2011.11.30 14:42:11.257,1.2253,1.22557,2.63,2.59
2011.11.30 14:42:11.843,1.2253,1.22557,2.63,2.96
2011.11.30 14:42:12.436,1.22528,1.22554,2.63,1.88
2011.11.30 14:42:13.780,1.22528,1.22554,2.63,1.88
2011.11.30 14:42:14.115,1.22528,1.22554,2.63,1.88
2011.11.30 14:42:15.566,1.22526,1.22555,2.63,2.63
2011.11.30 14:42:16.235,1.22527,1.22554,2.63,1.88
2011.11.30 14:42:16.817,1.22527,1.22555,2.63,2.63
2011.11.30 14:42:17.390,1.22527,1.22555,2.63,3.38
2011.11.30 14:42:17.509,1.22527,1.22555,2.63,2.63
2011.11.30 14:42:18.815,1.22526,1.22554,2.63,1.88
2011.11.30 14:42:21.908,1.22526,1.22552,2.63,1.88
2011.11.30 14:42:22.135,1.22526,1.22554,2.63,1.88
2011.11.30 14:42:24.058,1.22526,1.22554,2.63,1.88
2011.11.30 14:42:24.772,1.22525,1.22553,2.63,1.88
2011.11.30 14:42:25.697,1.22525,1.22553,2.63,1.88
2011.11.30 14:42:26.278,1.22527,1.22553,2.63,1.88
2011.11.30 14:42:27.220,1.22527,1.22553,2.63,1.88
2011.11.30 14:42:27.781,1.22527,1.22553,2.63,1.88
2011.11.30 14:42:28.368,1.22527,1.22553,2.63,1.88
2011.11.30 14:42:28.929,1.22527,1.22554,2.63,1.88
2011.11.30 14:42:29.488,1.22526,1.22555,2.63,2.63
2011.11.30 14:42:30.074,1.22526,1.22554,2.63,1.88
2011.11.30 14:42:33.647,1.22526,1.22554,2.63,1.88
2011.11.30 14:42:34.238,1.22526,1.22555,2.63,2.63
2011.11.30 14:42:34.477,1.22528,1.22554,2.63,1.88
2011.11.30 14:42:34.596,1.22528,1.22554,2.63,1.88
2011.11.30 14:42:35.438,1.22528,1.22554,2.63,1.88
2011.11.30 14:42:36.007,1.22528,1.22555,2.63,2.63
2011.11.30 14:42:37.671,1.22533,1.22557,1.50,2.63
2011.11.30 14:42:37.898,1.22535,1.22559,1.50,1.50
2011.11.30 14:42:38.466,1.22535,1.22559,1.50,4.13
2011.11.30 14:42:38.824,1.22534,1.2256,1.50,1.50
2011.11.30 14:42:39.420,1.22547,1.22568,1.50,3.34
2011.11.30 14:42:40.030,1.22548,1.22568,1.50,2.63
2011.11.30 14:42:40.386,1.22548,1.22572,1.50,1.50
2011.11.30 14:42:40.506,1.2255,1.22572,1.50,1.50
2011.11.30 14:42:40.629,1.2255,1.22572,1.50,1.50
2011.11.30 14:42:40.966,1.22553,1.22575,1.50,1.50
2011.11.30 14:42:41.541,1.22551,1.22573,1.50,1.50
2011.11.30 14:42:41.768,1.22551,1.22574,1.50,1.50
2011.11.30 14:42:42.000,1.22551,1.22575,4.13,2.25
2011.11.30 14:42:42.237,1.22556,1.22575,1.50,1.50
2011.11.30 14:42:43.418,1.22557,1.22575,1.50,1.50
2011.11.30 14:42:43.989,1.22557,1.22576,1.50,1.50
2011.11.30 14:42:45.340,1.22557,1.22576,1.50,1.50
2011.11.30 14:42:46.289,1.22557,1.22576,1.50,1.50
2011.11.30 14:42:47.176,1.22557,1.22577,1.50,1.50
2011.11.30 14:42:47.301,1.22557,1.22577,1.50,1.50
2011.11.30 14:42:48.766,1.22557,1.22577,1.50,1.50
2011.11.30 14:42:49.937,1.22557,1.22577,1.50,1.50
2011.11.30 14:42:50.404,1.22557,1.22572,1.50,1.50
2011.11.30 14:42:50.868,1.22557,1.2257,1.50,1.50
2011.11.30 14:42:51.430,1.22557,1.2257,1.50,1.50
2011.11.30 14:42:52.088,1.22556,1.2257,3.38,1.50
2011.11.30 14:42:52.657,1.22556,1.2257,3.38,1.50
2011.11.30 14:42:53.251,1.22556,1.2257,3.38,1.50
2011.11.30 14:42:53.807,1.22556,1.22571,3.38,1.50
2011.11.30 14:42:55.593,1.22557,1.22571,1.50,1.50
2011.11.30 14:42:56.079,1.22556,1.22573,3.38,4.50
2011.11.30 14:42:58.012,1.22556,1.22576,3.38,1.45
2011.11.30 14:42:58.730,1.22556,1.22579,1.50,1.50
2011.11.30 14:42:59.066,1.22556,1.22574,1.50,5.25
2011.11.30 14:42:59.859,1.22556,1.22572,1.50,1.59
2011.11.30 14:43:00.528,1.22556,1.22572,1.50,1.59
2011.11.30 14:43:00.889,1.22556,1.22572,1.50,1.50
2011.11.30 14:43:02.356,1.22556,1.22576,1.50,1.45
2011.11.30 14:43:02.591,1.22556,1.22579,2.25,1.50
2011.11.30 14:43:02.714,1.22556,1.22581,1.50,1.13
2011.11.30 14:43:03.428,1.22556,1.22582,1.50,1.65
2011.11.30 14:43:04.219,1.22556,1.22583,1.50,2.78
2011.11.30 14:43:04.911,1.22554,1.22583,1.88,3.53
2011.11.30 14:43:05.033,1.22552,1.22582,1.88,2.78
2011.11.30 14:43:05.974,1.22552,1.22582,2.63,2.78
2011.11.30 14:43:06.201,1.22552,1.22582,2.63,2.63
2011.11.30 14:43:08.647,1.22552,1.2258,2.63,1.50
2011.11.30 14:43:09.190,1.22552,1.22582,2.63,2.63
2011.11.30 14:43:09.420,1.22552,1.22582,1.88,2.63
2011.11.30 14:43:09.975,1.22552,1.22582,1.88,2.63
2011.11.30 14:43:12.516,1.22552,1.22582,2.63,2.63
2011.11.30 14:43:13.075,1.22552,1.22582,2.63,2.63
2011.11.30 14:43:13.416,1.22552,1.22582,2.63,2.63
2011.11.30 14:43:13.868,1.22552,1.22582,2.63,2.63
2011.11.30 14:43:14.535,1.22553,1.22583,1.88,3.38
2011.11.30 14:43:17.199,1.22552,1.22582,1.88,2.63
2011.11.30 14:43:17.317,1.22552,1.22582,1.88,2.63
2011.11.30 14:43:18.205,1.22553,1.2258,1.88,2.63
2011.11.30 14:43:18.749,1.22552,1.22582,1.88,2.63
2011.11.30 14:43:19.747,1.22552,1.22582,1.88,4.46
2011.11.30 14:43:20.097,1.22552,1.22582,1.88,4.46
2011.11.30 14:43:20.337,1.22552,1.22581,1.88,2.63
2011.11.30 14:43:21.226,1.22553,1.22581,1.88,2.63
2011.11.30 14:43:22.159,1.22553,1.22579,1.88,1.50
2011.11.30 14:43:22.506,1.22553,1.22579,1.88,1.50
2011.11.30 14:43:22.960,1.22558,1.22581,1.50,1.50
2011.11.30 14:43:23.081,1.22556,1.22581,1.50,1.50
2011.11.30 14:43:23.197,1.22554,1.22578,2.63,1.50
2011.11.30 14:43:23.648,1.22554,1.22578,1.88,1.50
2011.11.30 14:43:26.905,1.22553,1.22578,1.88,1.50
2011.11.30 14:43:27.464,1.22554,1.22578,1.88,1.50
2011.11.30 14:43:29.269,1.22554,1.22578,1.88,1.50
2011.11.30 14:43:29.388,1.22554,1.22578,1.88,1.50
2011.11.30 14:43:29.948,1.22554,1.22578,1.88,2.25
2011.11.30 14:43:30.589,1.22551,1.22578,2.63,2.25
2011.11.30 14:43:30.938,1.22551,1.22578,2.63,2.25
2011.11.30 14:43:32.079,1.22551,1.22578,1.88,3.00
2011.11.30 14:43:33.606,1.22548,1.22574,1.88,1.35
2011.11.30 14:43:33.728,1.22545,1.22572,3.38,2.25
2011.11.30 14:43:33.848,1.22545,1.22565,2.63,1.45
2011.11.30 14:43:34.196,1.22544,1.22565,1.88,1.50
2011.11.30 14:43:34.425,1.22544,1.22565,1.88,1.50
2011.11.30 14:43:34.656,1.22544,1.22566,1.88,1.05
2011.11.30 14:43:34.885,1.22543,1.22568,1.88,1.39
2011.11.30 14:43:35.425,1.22542,1.22569,1.88,1.09
2011.11.30 14:43:35.552,1.22542,1.22572,2.63,1.88
2011.11.30 14:43:35.909,1.22542,1.22572,2.63,1.88
2011.11.30 14:43:36.838,1.22542,1.22566,1.88,1.50
2011.11.30 14:43:37.176,1.22542,1.22574,2.63,2.63
2011.11.30 14:43:37.296,1.22542,1.22574,2.63,1.88
2011.11.30 14:43:37.526,1.22544,1.22572,2.63,1.88
2011.11.30 14:43:38.320,1.22544,1.22573,2.63,1.88
2011.11.30 14:43:38.443,1.22545,1.22574,2.63,2.63
2011.11.30 14:43:38.693,1.22547,1.22574,2.63,1.88
2011.11.30 14:43:39.047,1.22547,1.22574,2.63,1.88
2011.11.30 14:43:39.277,1.22552,1.22581,1.50,1.46
2011.11.30 14:43:42.784,1.22556,1.22579,2.63,1.50
2011.11.30 14:43:42.912,1.22556,1.22578,2.63,1.50
2011.11.30 14:43:43.478,1.22556,1.22578,2.63,1.50
2011.11.30 14:43:44.035,1.22556,1.22578,2.63,1.50
2011.11.30 14:43:44.760,1.22556,1.2258,2.63,1.50
2011.11.30 14:43:44.882,1.22556,1.2257,2.63,1.50
2011.11.30 14:43:45.010,1.22548,1.22569,3.00,1.50
2011.11.30 14:43:45.568,1.22548,1.22569,2.63,1.50
2011.11.30 14:43:46.801,1.22548,1.22569,2.63,2.25
2011.11.30 14:43:47.495,1.22548,1.22571,1.50,1.50
2011.11.30 14:43:48.613,1.22544,1.22569,2.63,1.50
2011.11.30 14:43:49.190,1.22544,1.22568,2.63,1.50
2011.11.30 14:43:49.780,1.22544,1.22569,2.63,1.50
2011.11.30 14:43:50.348,1.22544,1.22569,2.63,1.50
2011.11.30 14:43:51.039,1.22544,1.22569,2.63,1.50
2011.11.30 14:43:52.089,1.22543,1.22566,2.63,1.50
2011.11.30 14:43:52.437,1.22542,1.22565,1.88,1.50
2011.11.30 14:43:53.778,1.22542,1.22565,1.88,1.50
2011.11.30 14:43:53.897,1.22542,1.22566,2.63,1.50
2011.11.30 14:43:54.560,1.22542,1.22566,2.63,1.50
2011.11.30 14:43:54.918,1.22542,1.22567,2.63,1.35
2011.11.30 14:43:55.037,1.22541,1.22566,1.50,1.50
2011.11.30 14:43:55.156,1.22541,1.22567,1.50,1.35
2011.11.30 14:43:55.279,1.22541,1.22566,1.50,1.50
2011.11.30 14:43:55.839,1.22541,1.22564,1.50,1.88
2011.11.30 14:43:57.416,1.22541,1.22567,1.50,1.35
2011.11.30 14:43:59.029,1.22541,1.22566,2.63,1.50
2011.11.30 14:43:59.512,1.22538,1.22565,2.63,2.25
2011.11.30 14:43:59.869,1.22536,1.22565,2.63,4.13
2011.11.30 14:44:00.601,1.22537,1.22562,2.63,1.50
2011.11.30 14:44:00.730,1.22537,1.22563,2.63,2.63
2011.11.30 14:44:01.197,1.22537,1.22563,2.63,1.88
2011.11.30 14:44:03.697,1.22537,1.22563,2.63,1.88
2011.11.30 14:44:04.268,1.22537,1.22563,2.63,1.88
2011.11.30 14:44:04.387,1.22537,1.22563,2.63,1.88
2011.11.30 14:44:05.068,1.22537,1.22563,2.63,1.96
2011.11.30 14:44:05.813,1.22538,1.22566,1.50,3.38
2011.11.30 14:44:05.940,1.22536,1.22566,1.50,3.46
2011.11.30 14:44:06.403,1.22538,1.22565,2.63,1.50
2011.11.30 14:44:06.529,1.22543,1.2257,1.50,1.66
2011.11.30 14:44:06.868,1.22544,1.2257,2.63,2.63
2011.11.30 14:44:07.812,1.22545,1.22571,1.50,4.13
2011.11.30 14:44:07.922,1.22536,1.22562,2.63,2.63
2011.11.30 14:44:08.159,1.22536,1.22562,2.63,2.63
2011.11.30 14:44:08.859,1.22535,1.22567,3.44,1.50
2011.11.30 14:44:08.977,1.22538,1.22569,2.25,1.50
2011.11.30 14:44:09.536,1.22539,1.22569,2.63,2.25
2011.11.30 14:44:09.661,1.22538,1.22566,2.25,1.50
2011.11.30 14:44:10.397,1.22536,1.22564,2.63,3.38
2011.11.30 14:44:10.752,1.22536,1.22563,2.63,1.50
2011.11.30 14:44:11.666,1.22534,1.2256,2.63,1.88
2011.11.30 14:44:13.448,1.22534,1.2256,2.63,1.88
2011.11.30 14:44:14.006,1.22534,1.2256,2.63,1.88
2011.11.30 14:44:14.677,1.22534,1.2256,2.63,2.63
2011.11.30 14:44:15.141,1.22534,1.2256,2.63,1.88
2011.11.30 14:44:15.720,1.22534,1.22562,2.63,1.88
2011.11.30 14:44:16.623,1.22534,1.22562,2.63,2.63
2011.11.30 14:44:16.750,1.22529,1.22551,1.58,1.50
2011.11.30 14:44:16.872,1.22529,1.22561,1.58,2.25
2011.11.30 14:44:17.216,1.22529,1.22553,1.58,1.88
2011.11.30 14:44:17.341,1.22529,1.22553,1.58,1.88
2011.11.30 14:44:17.568,1.22529,1.22557,2.39,1.88
2011.11.30 14:44:17.803,1.22529,1.22555,2.39,1.88
2011.11.30 14:44:18.323,1.22529,1.22555,1.64,1.88
2011.11.30 14:44:18.451,1.22529,1.22555,1.64,1.88
2011.11.30 14:44:19.039,1.22529,1.22555,1.64,1.88
2011.11.30 14:44:19.379,1.22529,1.22557,2.39,1.88
2011.11.30 14:44:20.269,1.22529,1.22559,4.20,1.88
2011.11.30 14:44:21.688,1.22529,1.22558,1.58,1.88
2011.11.30 14:44:22.274,1.22532,1.22561,1.58,1.88
2011.11.30 14:44:22.405,1.22532,1.22561,1.58,1.88
2011.11.30 14:44:22.530,1.22533,1.22561,2.63,1.88
2011.11.30 14:44:23.113,1.22536,1.22565,1.50,1.88
2011.11.30 14:44:23.240,1.22538,1.22568,1.50,1.50
2011.11.30 14:44:23.359,1.22539,1.22568,1.50,1.50
2011.11.30 14:44:24.627,1.22542,1.22567,2.63,2.25
2011.11.30 14:44:25.963,1.2254,1.22567,2.63,1.50
2011.11.30 14:44:26.529,1.2254,1.22568,2.63,1.50
2011.11.30 14:44:27.467,1.22541,1.22569,1.50,1.50
2011.11.30 14:44:27.833,1.22547,1.22571,2.63,3.00
2011.11.30 14:44:28.524,1.22547,1.22571,2.63,1.50
2011.11.30 14:44:29.437,1.22547,1.22571,2.70,1.50
2011.11.30 14:44:30.484,1.22546,1.22571,2.76,1.50
2011.11.30 14:44:30.611,1.22546,1.2258,2.76,2.78
2011.11.30 14:44:30.729,1.22546,1.2258,3.51,2.63
2011.11.30 14:44:36.527,1.22551,1.22579,2.70,2.90
2011.11.30 14:44:37.627,1.22551,1.22576,2.70,1.04
2011.11.30 14:44:38.115,1.22551,1.22575,2.70,1.04
2011.11.30 14:44:38.578,1.22551,1.22578,2.70,1.04
2011.11.30 14:44:39.171,1.22551,1.22579,2.70,3.05
2011.11.30 14:44:39.743,1.22551,1.22578,2.70,1.18
2011.11.30 14:44:40.329,1.2255,1.22578,3.45,1.03
2011.11.30 14:44:40.449,1.2255,1.22579,3.45,1.04
2011.11.30 14:44:41.155,1.2255,1.22579,3.45,1.04
2011.11.30 14:44:41.511,1.22556,1.22582,1.50,1.05
2011.11.30 14:44:41.752,1.22553,1.22582,1.50,1.05
2011.11.30 14:44:41.872,1.22552,1.22581,2.63,1.05
2011.11.30 14:44:41.999,1.22554,1.22581,2.63,1.05
2011.11.30 14:44:44.032,1.22554,1.22582,2.63,1.05
2011.11.30 14:44:44.490,1.22554,1.22581,1.88,1.05
2011.11.30 14:44:44.829,1.22554,1.22581,2.63,1.05
2011.11.30 14:44:45.587,1.22554,1.22581,3.38,1.05
2011.11.30 14:44:46.069,1.22555,1.22581,2.63,1.05
2011.11.30 14:44:46.778,1.22553,1.22582,3.38,1.05
2011.11.30 14:44:48.063,1.22555,1.22582,1.50,1.05
2011.11.30 14:44:48.677,1.22554,1.22582,1.50,1.05
2011.11.30 14:44:49.389,1.22553,1.22582,3.38,1.05
2011.11.30 14:44:49.924,1.22553,1.22581,2.63,1.05
2011.11.30 14:44:50.168,1.22553,1.22581,2.63,1.05
2011.11.30 14:44:50.735,1.22553,1.22582,1.88,1.05
2011.11.30 14:44:51.100,1.22553,1.22579,1.88,4.65
2011.11.30 14:44:51.221,1.22553,1.22583,1.88,1.05
2011.11.30 14:44:52.085,1.22554,1.22584,1.88,1.05
2011.11.30 14:44:52.757,1.22554,1.22584,1.88,1.05
2011.11.30 14:44:53.461,1.22554,1.22585,1.88,1.05
2011.11.30 14:44:54.573,1.22554,1.22585,1.88,1.05
2011.11.30 14:44:55.165,1.22554,1.22585,1.88,1.05
2011.11.30 14:44:55.290,1.22556,1.22585,1.88,1.05
2011.11.30 14:44:55.879,1.22555,1.22589,1.88,1.61
2011.11.30 14:44:57.058,1.22555,1.22588,1.88,1.61
2011.11.30 14:44:57.689,1.22555,1.22587,1.88,1.05
2011.11.30 14:44:58.369,1.22555,1.22588,1.88,1.61
2011.11.30 14:44:58.965,1.22555,1.22588,1.88,1.05
2011.11.30 14:44:59.679,1.22555,1.22586,1.88,1.05
2011.11.30 14:45:00.468,1.22555,1.22589,1.88,2.36
2011.11.30 14:45:01.041,1.22556,1.22588,1.88,2.59
2011.11.30 14:45:01.747,1.22551,1.22589,1.95,2.59
2011.11.30 14:45:02.322,1.22553,1.22583,1.88,1.88
2011.11.30 14:45:03.952,1.22553,1.22584,1.88,1.88
2011.11.30 14:45:04.784,1.22554,1.22584,1.88,1.88
2011.11.30 14:45:05.274,1.22552,1.22585,1.88,1.88
2011.11.30 14:45:05.869,1.22552,1.22584,1.88,1.88
2011.11.30 14:45:07.394,1.22552,1.22583,1.88,1.88
2011.11.30 14:45:07.989,1.22552,1.22584,1.88,1.88
2011.11.30 14:45:08.568,1.22552,1.22585,1.88,1.88
2011.11.30 14:45:08.690,1.22554,1.22587,1.88,2.63
2011.11.30 14:45:10.388,1.22554,1.22587,2.63,2.63
2011.11.30 14:45:10.966,1.22554,1.22587,2.63,2.63
2011.11.30 14:45:11.669,1.22558,1.22587,1.13,2.63
2011.11.30 14:45:11.797,1.22555,1.22588,2.63,2.63
2011.11.30 14:45:12.044,1.22555,1.22588,2.63,2.63
2011.11.30 14:45:12.641,1.22557,1.22589,1.88,2.63
2011.11.30 14:45:12.982,1.22558,1.22589,1.88,2.63
2011.11.30 14:45:13.339,1.22556,1.2259,2.63,3.00
2011.11.30 14:45:14.222,1.22555,1.22587,2.63,2.63
2011.11.30 14:45:14.809,1.22557,1.22587,2.63,2.63
2011.11.30 14:45:15.398,1.22557,1.22587,2.63,2.63
2011.11.30 14:45:15.958,1.22553,1.22588,2.63,2.63
2011.11.30 14:45:18.551,1.22554,1.22584,2.63,2.63
2011.11.30 14:45:18.667,1.22554,1.22584,2.63,2.63
2011.11.30 14:45:19.457,1.22554,1.22584,2.63,2.63
2011.11.30 14:45:20.458,1.22555,1.22584,2.63,2.63
2011.11.30 14:45:22.630,1.22555,1.22581,2.63,1.50
2011.11.30 14:45:23.100,1.22555,1.22584,2.63,2.63
2011.11.30 14:45:23.461,1.22555,1.22584,2.63,2.63
2011.11.30 14:45:24.363,1.22555,1.22584,2.63,2.63
2011.11.30 14:45:25.370,1.22554,1.22583,3.00,2.63
2011.11.30 14:45:26.766,1.22554,1.22583,3.00,2.63
2011.11.30 14:45:27.122,1.22559,1.22587,1.50,1.50
2011.11.30 14:45:27.243,1.22562,1.22588,1.50,2.63
2011.11.30 14:45:31.360,1.22562,1.22592,1.50,9.49
2011.11.30 14:45:31.481,1.22562,1.22591,1.50,1.46
2011.11.30 14:45:32.084,1.22564,1.22592,1.50,4.46
2011.11.30 14:45:32.649,1.22564,1.22591,1.58,3.75
2011.11.30 14:45:32.890,1.22565,1.22592,1.50,2.25
2011.11.30 14:45:33.013,1.22567,1.22591,1.88,1.50
2011.11.30 14:45:33.142,1.22568,1.22592,2.63,1.50
2011.11.30 14:45:33.758,1.22569,1.22591,1.88,2.25
2011.11.30 14:45:34.340,1.22568,1.22591,1.88,2.25
2011.11.30 14:45:34.680,1.22568,1.22598,2.76,1.45
2011.11.30 14:45:34.798,1.22567,1.22599,2.76,1.50
2011.11.30 14:45:35.366,1.22571,1.22599,2.70,1.13
2011.11.30 14:45:36.639,1.22571,1.226,2.70,1.13
2011.11.30 14:45:36.991,1.22571,1.22599,2.70,1.13
2011.11.30 14:45:38.289,1.22571,1.22599,2.70,1.13
2011.11.30 14:45:38.878,1.22571,1.22596,2.70,1.13
2011.11.30 14:45:41.665,1.22571,1.22595,2.70,1.13
2011.11.30 14:45:42.557,1.22571,1.22595,2.70,1.50
2011.11.30 14:45:42.679,1.22571,1.22595,2.70,1.13
2011.11.30 14:45:43.249,1.22571,1.22595,2.70,1.13
2011.11.30 14:45:43.481,1.22571,1.22593,2.70,4.50
2011.11.30 14:45:43.599,1.2257,1.22595,2.70,1.13
2011.11.30 14:45:44.193,1.2257,1.22596,2.76,1.13
2011.11.30 14:45:44.554,1.2257,1.22593,2.76,1.13
2011.11.30 14:45:45.138,1.22568,1.22594,2.76,1.13
2011.11.30 14:45:45.699,1.22568,1.22594,2.76,1.13
2011.11.30 14:45:46.278,1.22568,1.22595,2.76,1.13
2011.11.30 14:45:47.118,1.22568,1.22595,2.76,1.13
2011.11.30 14:45:47.689,1.22568,1.22591,2.76,1.13
2011.11.30 14:45:48.038,1.22568,1.2259,2.76,1.45
2011.11.30 14:45:48.160,1.22568,1.22591,2.76,1.13
2011.11.30 14:45:48.720,1.22568,1.22592,2.76,1.88
2011.11.30 14:45:50.012,1.22568,1.22593,2.76,1.50
2011.11.30 14:45:50.589,1.22568,1.22592,2.76,1.50
2011.11.30 14:45:51.191,1.22568,1.22596,2.76,3.38
2011.11.30 14:45:52.928,1.22568,1.22593,2.76,1.13
2011.11.30 14:45:53.049,1.22568,1.22593,2.76,1.13
2011.11.30 14:45:53.616,1.22568,1.22595,2.76,1.50
2011.11.30 14:45:54.757,1.22568,1.22593,2.76,1.50
2011.11.30 14:45:55.416,1.22568,1.22591,2.01,1.88
2011.11.30 14:45:55.561,1.22568,1.22593,2.76,1.13
2011.11.30 14:45:56.250,1.22568,1.22593,2.76,1.50
2011.11.30 14:45:56.702,1.22564,1.22591,3.51,1.50
2011.11.30 14:45:57.059,1.22564,1.22591,3.51,1.50
2011.11.30 14:45:57.617,1.22564,1.22591,2.76,1.50
2011.11.30 14:45:58.959,1.22565,1.22591,2.39,1.50
2011.11.30 14:45:59.309,1.22567,1.22591,1.64,1.50
2011.11.30 14:45:59.889,1.22567,1.22592,1.64,1.50
2011.11.30 14:46:00.118,1.22573,1.22599,3.51,1.50
2011.11.30 14:46:00.240,1.22577,1.22604,1.58,1.28
2011.11.30 14:46:00.480,1.22573,1.226,3.51,1.13
2011.11.30 14:46:04.911,1.22573,1.22599,2.76,1.50
2011.11.30 14:46:05.478,1.22573,1.22597,2.76,1.50
2011.11.30 14:46:06.001,1.22573,1.22599,2.76,1.50
2011.11.30 14:46:06.557,1.22574,1.22598,2.76,1.50
2011.11.30 14:46:08.516,1.22573,1.22602,3.51,2.85
2011.11.30 14:46:08.870,1.22573,1.226,3.51,1.88
2011.11.30 14:46:09.905,1.22573,1.22598,2.76,1.13
2011.11.30 14:46:10.038,1.22569,1.22592,1.50,1.50
2011.11.30 14:46:10.611,1.22568,1.22592,2.63,1.50
2011.11.30 14:46:12.087,1.22568,1.22596,2.63,1.82
2011.11.30 14:46:12.322,1.22572,1.22597,5.25,1.50
2011.11.30 14:46:12.862,1.22575,1.22598,1.56,3.38
2011.11.30 14:46:13.091,1.22569,1.22598,1.56,3.38
2011.11.30 14:46:13.777,1.22568,1.22597,2.63,1.13
2011.11.30 14:46:14.347,1.22568,1.22596,2.63,1.50
2011.11.30 14:46:15.166,1.22568,1.22595,2.63,1.13
2011.11.30 14:46:22.669,1.22566,1.22594,3.23,2.63
2011.11.30 14:46:23.228,1.22566,1.22594,3.23,2.76
2011.11.30 14:46:23.792,1.22567,1.22594,1.50,2.76
2011.11.30 14:46:24.477,1.22567,1.22594,1.50,2.76
2011.11.30 14:46:27.337,1.22567,1.22594,1.50,2.76
2011.11.30 14:46:28.240,1.22567,1.22591,2.25,1.04
2011.11.30 14:46:29.501,1.22567,1.22592,1.50,1.19
2011.11.30 14:46:29.623,1.22567,1.22594,1.50,2.76
2011.11.30 14:46:44.928,1.22569,1.22592,1.88,1.28
2011.11.30 14:46:45.054,1.22567,1.22591,2.63,1.05
2011.11.30 14:46:46.319,1.22567,1.22592,2.63,1.05
2011.11.30 14:46:46.886,1.22567,1.22592,1.88,1.05
2011.11.30 14:46:48.006,1.22566,1.22592,3.38,1.05
2011.11.30 14:46:49.097,1.22566,1.22592,3.38,1.05
2011.11.30 14:46:49.659,1.22566,1.22591,2.63,1.05
2011.11.30 14:46:50.217,1.22566,1.22591,2.63,1.05
2011.11.30 14:46:50.557,1.22568,1.22594,1.35,3.30
2011.11.30 14:46:50.908,1.22567,1.22592,1.50,1.05
2011.11.30 14:46:51.634,1.22568,1.22592,2.63,1.05
2011.11.30 14:46:52.239,1.22567,1.22592,1.50,1.43
2011.11.30 14:46:52.939,1.22567,1.22592,1.50,1.05
2011.11.30 14:46:53.530,1.22567,1.22591,1.50,1.28
2011.11.30 14:46:54.129,1.22567,1.22589,1.50,1.28
2011.11.30 14:46:54.262,1.22572,1.22595,1.50,1.05
2011.11.30 14:46:54.386,1.2257,1.22594,1.50,1.05
2011.11.30 14:46:54.631,1.22569,1.22596,2.63,1.05
2011.11.30 14:46:54.747,1.22569,1.22592,2.63,1.05
2011.11.30 14:46:54.977,1.22569,1.22592,2.63,1.05
2011.11.30 14:46:55.099,1.22569,1.22592,2.63,1.05
2011.11.30 14:46:55.552,1.22569,1.22592,2.63,1.05
2011.11.30 14:46:56.438,1.22569,1.22592,2.63,1.05
2011.11.30 14:46:57.238,1.22569,1.22592,2.63,1.05
2011.11.30 14:46:57.798,1.22569,1.22593,2.63,1.05
2011.11.30 14:46:58.356,1.22569,1.22592,2.63,1.05
2011.11.30 14:46:58.931,1.22569,1.22591,2.63,1.05
2011.11.30 14:46:59.590,1.22566,1.22592,1.50,1.05
2011.11.30 14:47:00.172,1.22566,1.22591,4.13,1.05
2011.11.30 14:47:00.520,1.22569,1.22597,2.63,3.49
2011.11.30 14:47:00.871,1.22569,1.22597,2.63,2.63
2011.11.30 14:47:02.480,1.22569,1.22597,2.63,2.63
2011.11.30 14:47:02.928,1.2257,1.22597,1.50,2.63
2011.11.30 14:47:03.171,1.22577,1.22597,1.50,1.88
2011.11.30 14:47:04.188,1.22577,1.22598,2.25,1.46
2011.11.30 14:47:04.666,1.22568,1.22594,1.50,1.50
2011.11.30 14:47:04.797,1.22568,1.22594,1.50,1.50
2011.11.30 14:47:05.376,1.2257,1.22598,2.63,4.09
2011.11.30 14:47:06.116,1.22577,1.22598,1.50,2.59
2011.11.30 14:47:06.238,1.22577,1.22601,1.50,1.13
2011.11.30 14:47:06.484,1.22573,1.22601,2.63,1.50
2011.11.30 14:47:07.196,1.22573,1.22594,1.88,1.50
2011.11.30 14:47:07.446,1.2257,1.22598,2.63,1.50
2011.11.30 14:47:08.039,1.2257,1.22598,2.63,1.13
2011.11.30 14:47:08.161,1.2257,1.22591,2.63,1.50
2011.11.30 14:47:08.840,1.2257,1.22592,2.63,1.45
2011.11.30 14:47:09.509,1.2257,1.22597,2.63,1.13
2011.11.30 14:47:10.089,1.2257,1.22596,2.63,1.13
2011.11.30 14:47:10.209,1.2257,1.22597,2.63,1.13
2011.11.30 14:47:10.927,1.2257,1.22598,2.63,1.50
2011.11.30 14:47:11.709,1.2257,1.22598,2.63,1.50
2011.11.30 14:47:12.265,1.2257,1.226,3.38,2.63
2011.11.30 14:47:12.618,1.2257,1.226,3.75,1.88
2011.11.30 14:47:13.082,1.22578,1.226,3.06,2.63
2011.11.30 14:47:13.328,1.22582,1.22604,1.50,2.63
2011.11.30 14:47:13.799,1.22578,1.22604,3.11,2.63
2011.11.30 14:47:14.392,1.22576,1.22604,2.25,2.63
2011.11.30 14:47:17.008,1.22575,1.22605,3.38,1.50
2011.11.30 14:47:17.485,1.22581,1.22607,1.88,2.63
2011.11.30 14:47:17.614,1.22581,1.22607,1.50,1.88
2011.11.30 14:47:17.849,1.22583,1.22609,1.13,2.63
2011.11.30 14:47:18.197,1.22586,1.2261,1.13,2.63
2011.11.30 14:47:18.870,1.22585,1.2261,1.13,2.63
2011.11.30 14:47:19.574,1.22584,1.2261,1.13,2.63
2011.11.30 14:47:19.822,1.22585,1.2261,1.13,2.63
2011.11.30 14:47:20.388,1.22587,1.2261,1.13,2.63
2011.11.30 14:47:21.529,1.22588,1.2261,1.13,2.63
2011.11.30 14:47:21.879,1.22588,1.2261,1.56,2.63
2011.11.30 14:47:22.357,1.22593,1.22618,1.13,1.61
2011.11.30 14:47:22.917,1.22594,1.22618,1.88,1.46
2011.11.30 14:47:25.141,1.22599,1.22616,5.25,1.88
2011.11.30 14:47:25.624,1.22594,1.22616,2.30,2.63
2011.11.30 14:47:25.752,1.22587,1.22616,1.50,1.13
2011.11.30 14:47:25.991,1.22583,1.22613,3.00,2.63
2011.11.30 14:47:26.229,1.22584,1.22613,1.13,2.63
2011.11.30 14:47:26.350,1.22584,1.22613,1.13,2.63
2011.11.30 14:47:26.917,1.22583,1.22613,2.63,2.63
2011.11.30 14:47:27.040,1.22581,1.22613,2.63,3.00
2011.11.30 14:47:27.161,1.22581,1.22612,2.63,1.13
2011.11.30 14:47:27.881,1.22582,1.2261,2.69,2.63
2011.11.30 14:47:27.985,1.22594,1.2261,1.50,1.88
2011.11.30 14:47:28.228,1.22585,1.2261,1.13,1.88
2011.11.30 14:47:28.349,1.22585,1.2261,1.50,2.63
2011.11.30 14:47:28.820,1.22585,1.2261,1.50,1.88
2011.11.30 14:47:29.058,1.22585,1.2261,1.50,1.88
2011.11.30 14:47:32.190,1.22584,1.2261,2.16,1.88
2011.11.30 14:47:32.309,1.22592,1.22616,1.50,3.75
2011.11.30 14:47:32.778,1.22589,1.22614,1.50,1.50
2011.11.30 14:47:33.325,1.22589,1.22612,3.00,1.50
2011.11.30 14:47:34.507,1.2259,1.22613,1.50,1.50
2011.11.30 14:47:35.287,1.2259,1.22613,1.50,1.50
2011.11.30 14:47:35.945,1.2259,1.22613,1.50,1.50
2011.11.30 14:47:36.079,1.22592,1.22615,1.50,1.50
2011.11.30 14:47:36.540,1.22591,1.22616,1.50,2.63
2011.11.30 14:47:36.987,1.22591,1.22616,1.50,2.63
2011.11.30 14:47:37.558,1.22591,1.22616,1.50,2.63
2011.11.30 14:47:38.326,1.22591,1.22616,1.50,2.63
2011.11.30 14:47:38.897,1.2259,1.22616,1.50,2.63
2011.11.30 14:47:39.721,1.22593,1.22616,1.13,2.63
2011.11.30 14:47:40.247,1.22592,1.22616,1.88,2.63
2011.11.30 14:47:40.617,1.22592,1.22616,1.13,2.63
2011.11.30 14:47:40.737,1.22591,1.22612,1.05,1.50
2011.11.30 14:47:40.857,1.2259,1.22616,1.73,2.63
2011.11.30 14:47:41.096,1.22591,1.22615,1.73,2.63
2011.11.30 14:47:42.028,1.2259,1.22615,1.73,2.63
2011.11.30 14:47:42.392,1.22593,1.22617,1.73,1.46
2011.11.30 14:47:42.728,1.22593,1.22617,1.73,1.50
2011.11.30 14:47:43.565,1.22594,1.22618,1.94,1.46
2011.11.30 14:47:43.689,1.22594,1.22619,1.19,2.59
2011.11.30 14:47:44.050,1.22593,1.22619,1.94,2.59
2011.11.30 14:47:44.719,1.22594,1.22619,1.94,2.59
2011.11.30 14:47:44.837,1.22593,1.22619,1.94,2.59
2011.11.30 14:47:44.957,1.22594,1.22619,1.57,2.59
2011.11.30 14:47:45.747,1.22594,1.22618,1.57,1.46
2011.11.30 14:47:48.001,1.22598,1.22619,1.13,2.59
2011.11.30 14:47:48.245,1.22599,1.22622,1.50,3.00
2011.11.30 14:47:48.371,1.22598,1.2262,1.72,1.46
2011.11.30 14:47:48.899,1.22594,1.22617,2.09,1.46
2011.11.30 14:47:49.153,1.22596,1.22618,1.50,1.46
2011.11.30 14:47:49.522,1.22604,1.22628,1.50,4.50
2011.11.30 14:47:49.752,1.22605,1.22628,2.63,4.50
2011.11.30 14:47:52.543,1.22605,1.22626,2.63,1.50
2011.11.30 14:47:53.128,1.22605,1.22625,1.88,1.50
2011.11.30 14:47:53.378,1.22605,1.22625,2.07,1.50
2011.11.30 14:47:53.986,1.22605,1.22626,2.07,1.50
2011.11.30 14:47:55.159,1.22605,1.22626,2.07,1.50
2011.11.30 14:47:55.704,1.22605,1.22625,2.07,1.50
2011.11.30 14:47:56.078,1.22607,1.22631,1.69,1.50
2011.11.30 14:47:56.661,1.22606,1.22633,1.62,1.50
2011.11.30 14:47:57.547,1.22605,1.22633,3.49,1.65
2011.11.30 14:47:58.257,1.22605,1.22633,3.57,1.65
2011.11.30 14:47:59.390,1.22608,1.22633,1.13,1.60
2011.11.30 14:47:59.960,1.22609,1.22633,1.13,1.70
2011.11.30 14:48:00.085,1.22607,1.22634,2.69,1.10
2011.11.30 14:48:00.211,1.22609,1.22636,1.50,1.50
2011.11.30 14:48:00.798,1.22609,1.22635,1.50,1.60
2011.11.30 14:48:01.392,1.22606,1.22634,1.13,1.70
2011.11.30 14:48:01.951,1.22605,1.22635,3.75,4.23
2011.11.30 14:48:02.180,1.22605,1.22635,3.75,4.32
2011.11.30 14:48:03.173,1.22612,1.22635,1.50,2.25
2011.11.30 14:48:03.528,1.22612,1.22635,1.13,1.50
2011.11.30 14:48:03.651,1.22614,1.22637,1.50,2.63
2011.11.30 14:48:03.770,1.22614,1.22637,1.50,1.88
2011.11.30 14:48:04.352,1.22614,1.22637,1.50,1.88
2011.11.30 14:48:05.248,1.22614,1.22638,1.50,2.48
2011.11.30 14:48:06.301,1.22612,1.22638,1.88,3.23
2011.11.30 14:48:06.662,1.22614,1.22636,1.88,2.63
2011.11.30 14:48:07.010,1.22612,1.22636,1.50,2.63
2011.11.30 14:48:07.804,1.22612,1.22637,1.50,1.50
2011.11.30 14:48:08.170,1.22611,1.22639,3.60,4.09
2011.11.30 14:48:08.986,1.22612,1.22638,1.73,2.21
2011.11.30 14:48:09.474,1.22612,1.22635,1.73,4.50
2011.11.30 14:48:09.723,1.22611,1.22634,1.73,1.50
2011.11.30 14:48:09.840,1.2261,1.22633,1.05,1.50
2011.11.30 14:48:10.409,1.2261,1.22634,1.13,1.65
2011.11.30 14:48:11.421,1.22609,1.22632,1.13,1.05
2011.11.30 14:48:11.989,1.22608,1.22632,1.05,1.05
2011.11.30 14:48:13.169,1.22606,1.22632,2.18,1.05
2011.11.30 14:48:13.533,1.22606,1.22628,2.18,1.50
2011.11.30 14:48:13.666,1.2261,1.22631,1.05,1.05
2011.11.30 14:48:14.252,1.2261,1.22632,1.05,1.05
2011.11.30 14:48:14.840,1.2261,1.22633,1.05,1.05
2011.11.30 14:48:15.407,1.2261,1.22633,1.05,1.05
2011.11.30 14:48:16.128,1.2261,1.22633,1.05,1.05
2011.11.30 14:48:16.707,1.2261,1.22633,1.05,1.05
2011.11.30 14:48:17.922,1.22611,1.22632,1.05,1.05
2011.11.30 14:48:18.445,1.22607,1.22632,1.73,1.05
2011.11.30 14:48:19.140,1.22607,1.22632,1.35,1.05
2011.11.30 14:48:19.716,1.22606,1.22632,3.23,1.05
2011.11.30 14:48:20.927,1.22607,1.22632,1.35,1.05
2011.11.30 14:48:21.535,1.22606,1.22632,3.23,1.05
2011.11.30 14:48:22.548,1.22607,1.22632,1.35,1.05
2011.11.30 14:48:23.106,1.22606,1.22632,3.23,1.05
2011.11.30 14:48:23.672,1.22606,1.22632,2.85,1.05
2011.11.30 14:48:24.535,1.22606,1.22632,2.85,1.05
2011.11.30 14:48:25.249,1.22606,1.22632,2.85,1.05
2011.11.30 14:48:26.057,1.22606,1.22632,2.85,1.05
2011.11.30 14:48:26.629,1.22609,1.22631,1.05,1.19
2011.11.30 14:48:28.060,1.22606,1.2263,2.85,1.04
2011.11.30 14:48:34.328,1.22606,1.22632,2.85,1.19
2011.11.30 14:48:34.908,1.22606,1.22632,2.85,1.19
2011.11.30 14:48:35.491,1.22608,1.22631,1.73,1.05
2011.11.30 14:48:36.400,1.22608,1.22631,1.73,1.05
2011.11.30 14:48:36.966,1.22609,1.22632,1.50,1.19
2011.11.30 14:48:37.306,1.22609,1.22632,1.50,1.19
2011.11.30 14:48:37.871,1.22608,1.22632,1.13,1.19
2011.11.30 14:48:38.351,1.22611,1.22632,1.13,1.05
2011.11.30 14:48:38.470,1.22611,1.22636,1.13,3.34
2011.11.30 14:48:38.587,1.2261,1.22636,1.50,3.34
2011.11.30 14:48:41.740,1.22611,1.22636,1.13,3.34
2011.11.30 14:48:43.770,1.2261,1.22635,1.13,1.50
2011.11.30 14:48:44.348,1.2261,1.22634,1.50,1.50
2011.11.30 14:48:44.930,1.22611,1.22636,1.13,2.63
2011.11.30 14:48:45.734,1.22611,1.22636,1.13,3.34
2011.11.30 14:48:46.307,1.22611,1.22634,1.13,1.50
2011.11.30 14:48:46.868,1.22611,1.22636,1.13,2.63
2011.11.30 14:48:47.220,1.22611,1.22635,1.50,2.63
2011.11.30 14:48:47.789,1.22611,1.22635,1.50,2.63
2011.11.30 14:48:48.359,1.22611,1.22635,1.35,2.63
2011.11.30 14:48:49.408,1.22611,1.22635,1.35,3.38
2011.11.30 14:48:49.758,1.22616,1.22635,1.50,2.63
2011.11.30 14:48:50.337,1.22616,1.22634,1.50,1.50
2011.11.30 14:48:51.251,1.22615,1.22634,1.13,1.50
2011.11.30 14:48:51.369,1.22611,1.22638,1.73,1.46
2011.11.30 14:48:51.902,1.22613,1.22636,1.05,1.50
2011.11.30 14:48:52.239,1.22627,1.22638,4.50,1.50
2011.11.30 14:48:52.359,1.22616,1.22645,1.13,1.13
2011.11.30 14:48:52.480,1.22619,1.22646,1.05,1.50
2011.11.30 14:48:52.930,1.22617,1.2264,1.05,2.63
2011.11.30 14:48:55.246,1.22616,1.22637,1.05,1.88
2011.11.30 14:48:57.410,1.22613,1.22637,2.18,1.50
2011.11.30 14:48:58.020,1.22614,1.22637,1.05,1.50
2011.11.30 14:48:58.599,1.22612,1.22637,2.85,2.25
2011.11.30 14:48:59.167,1.22616,1.22636,1.05,1.50
2011.11.30 14:49:00.547,1.22614,1.22634,1.73,1.50
2011.11.30 14:49:02.413,1.22621,1.22634,4.50,1.50
2011.11.30 14:49:05.579,1.22624,1.22634,1.50,1.50
2011.11.30 14:49:06.061,1.22623,1.22641,1.50,1.88
2011.11.30 14:49:09.198,1.22622,1.22641,4.50,2.63
2011.11.30 14:49:10.952,1.22617,1.22641,1.19,2.63
2011.11.30 14:49:11.178,1.22621,1.22641,4.50,2.63
2011.11.30 14:49:12.159,1.22624,1.22644,1.13,1.61
2011.11.30 14:49:12.290,1.22626,1.22648,3.11,1.46
2011.11.30 14:49:12.410,1.22622,1.22649,4.13,1.46
2011.11.30 14:49:12.533,1.22619,1.22644,1.50,1.50
2011.11.30 14:49:12.660,1.22616,1.22646,1.50,1.50
2011.11.30 14:49:13.788,1.22616,1.22644,1.50,2.63
2011.11.30 14:49:14.947,1.2262,1.22648,1.88,1.46
2011.11.30 14:49:15.303,1.22624,1.22648,1.50,2.25
2011.11.30 14:49:15.795,1.22618,1.22647,1.94,2.21
2011.11.30 14:49:16.147,1.22618,1.22645,1.94,2.63
2011.11.30 14:49:16.497,1.22618,1.22645,2.69,2.63
2011.11.30 14:49:16.729,1.22619,1.22645,1.50,2.63
2011.11.30 14:49:17.309,1.22619,1.22645,1.88,2.63
2011.11.30 14:49:17.431,1.22618,1.22645,1.13,2.84
2011.11.30 14:49:17.546,1.22616,1.22645,3.00,2.84
2011.11.30 14:49:18.106,1.22615,1.22645,4.56,2.84
2011.11.30 14:49:18.778,1.22616,1.22645,4.88,2.84
2011.11.30 14:49:19.240,1.22618,1.22645,1.50,2.84
2011.11.30 14:49:19.926,1.22619,1.22645,1.50,3.59
2011.11.30 14:49:22.325,1.22619,1.22645,1.50,2.84
2011.11.30 14:49:23.518,1.22617,1.22643,1.50,1.13
2011.11.30 14:49:24.688,1.22618,1.22642,1.50,2.63
2011.11.30 14:49:25.259,1.22616,1.22642,1.50,2.63
2011.11.30 14:49:25.600,1.22616,1.22642,1.50,2.63
2011.11.30 14:49:26.206,1.22616,1.22642,1.50,2.63
2011.11.30 14:49:26.450,1.22616,1.22642,1.50,2.63
2011.11.30 14:49:26.793,1.2262,1.22645,1.50,4.30
2011.11.30 14:49:27.148,1.22624,1.22648,1.50,1.88
2011.11.30 14:49:27.508,1.22616,1.22646,4.17,2.84
2011.11.30 14:49:27.631,1.22616,1.22645,2.63,1.34
2011.11.30 14:49:28.200,1.22616,1.22646,2.63,3.96
2011.11.30 14:49:29.035,1.22616,1.22645,2.63,1.34
2011.11.30 14:49:29.398,1.22618,1.22645,1.50,2.84
2011.11.30 14:49:29.987,1.22615,1.22645,4.13,3.59
2011.11.30 14:49:30.330,1.22623,1.22646,1.50,2.84
2011.11.30 14:49:30.778,1.22618,1.22645,1.50,2.84
2011.11.30 14:49:31.711,1.22618,1.22645,1.50,2.84
2011.11.30 14:49:32.059,1.22619,1.22645,1.13,2.84
2011.11.30 14:49:32.616,1.22618,1.22645,1.19,2.84
2011.11.30 14:49:32.968,1.22618,1.22645,1.19,2.84
2011.11.30 14:49:33.421,1.22633,1.22644,3.00,1.26
2011.11.30 14:49:33.784,1.22644,1.22664,2.63,2.59
2011.11.30 14:49:34.333,1.22639,1.2266,2.18,1.46
2011.11.30 14:49:34.469,1.22635,1.22665,1.50,1.50
2011.11.30 14:49:34.702,1.22635,1.22664,1.50,2.63
2011.11.30 14:49:37.329,1.22634,1.22663,1.80,1.13
2011.11.30 14:49:37.561,1.22634,1.22661,1.80,2.63
2011.11.30 14:49:39.029,1.22635,1.22661,1.50,2.63
2011.11.30 14:49:40.530,1.22631,1.22661,2.63,2.63
2011.11.30 14:49:40.648,1.22631,1.2266,1.50,2.63
2011.11.30 14:49:41.217,1.2263,1.2266,1.50,2.63
2011.11.30 14:49:42.107,1.2263,1.22656,1.50,2.63
2011.11.30 14:49:42.228,1.2263,1.22656,1.50,2.63
2011.11.30 14:49:42.353,1.2263,1.22656,1.50,2.63
2011.11.30 14:49:42.470,1.2263,1.22656,1.50,2.63
2011.11.30 14:49:43.309,1.22631,1.22656,1.50,2.63
2011.11.30 14:49:43.784,1.22627,1.22652,3.38,1.50
2011.11.30 14:49:44.151,1.22624,1.22647,1.88,1.50
2011.11.30 14:49:44.730,1.22626,1.22647,1.88,1.50
2011.11.30 14:49:44.850,1.22622,1.22647,1.94,1.50
2011.11.30 14:49:45.521,1.22634,1.22652,2.25,2.63
2011.11.30 14:49:45.640,1.22634,1.22652,2.25,1.88
2011.11.30 14:49:46.074,1.22624,1.22652,1.88,2.63
2011.11.30 14:49:46.192,1.22624,1.22652,1.50,2.63
2011.11.30 14:49:46.543,1.22638,1.22662,4.50,1.50
2011.11.30 14:49:47.006,1.22638,1.2266,4.50,2.25
2011.11.30 14:49:47.130,1.22638,1.2266,4.50,2.25
2011.11.30 14:49:47.482,1.22642,1.22663,2.25,1.50
2011.11.30 14:49:48.076,1.22639,1.22662,4.50,1.50
2011.11.30 14:49:48.529,1.22639,1.22662,4.50,1.50
2011.11.30 14:49:48.777,1.22633,1.22661,3.06,1.50
2011.11.30 14:49:48.898,1.22633,1.22661,3.00,1.50
2011.11.30 14:49:49.478,1.22633,1.22661,1.13,1.88
2011.11.30 14:49:49.709,1.22632,1.22661,3.38,1.88
2011.11.30 14:49:50.172,1.22632,1.22661,3.38,1.88
2011.11.30 14:49:50.653,1.2263,1.22658,2.63,2.63
2011.11.30 14:49:51.677,1.22631,1.22658,1.13,3.38
2011.11.30 14:49:52.919,1.22631,1.22658,1.50,2.63
2011.11.30 14:49:53.467,1.22632,1.22658,1.88,2.63
2011.11.30 14:49:53.929,1.22633,1.22658,1.13,2.63
2011.11.30 14:49:54.498,1.22634,1.22658,1.13,2.63
2011.11.30 14:49:54.948,1.22631,1.22659,1.50,2.63
2011.11.30 14:49:55.290,1.22631,1.22659,1.19,2.63
2011.11.30 14:49:55.650,1.22635,1.22661,1.50,3.38
2011.11.30 14:49:55.986,1.22636,1.22661,1.50,3.38
2011.11.30 14:49:56.500,1.22637,1.22661,1.50,1.88
2011.11.30 14:49:56.620,1.22637,1.22661,1.50,2.63
2011.11.30 14:49:56.744,1.22637,1.22661,1.50,2.63
2011.11.30 14:49:57.660,1.22637,1.22661,1.50,1.88
2011.11.30 14:49:58.262,1.22637,1.22662,1.13,1.50
2011.11.30 14:49:58.608,1.22641,1.22662,1.13,3.38
2011.11.30 14:50:01.447,1.22641,1.22663,1.13,1.50
2011.11.30 14:50:01.789,1.22647,1.22663,4.50,1.50
2011.11.30 14:50:02.373,1.22643,1.22664,1.19,1.88
2011.11.30 14:50:02.503,1.22642,1.22664,1.13,1.88
2011.11.30 14:50:02.894,1.22642,1.22669,1.13,4.09
2011.11.30 14:50:03.021,1.22659,1.22682,1.88,3.86
2011.11.30 14:50:03.142,1.22659,1.22679,1.50,1.46
2011.11.30 14:50:03.265,1.22649,1.22678,1.19,4.09
2011.11.30 14:50:03.857,1.22648,1.22675,1.13,3.00
2011.11.30 14:50:03.977,1.22648,1.22675,1.13,3.00
2011.11.30 14:50:04.546,1.22648,1.22675,1.13,3.00
2011.11.30 14:50:04.667,1.22648,1.22675,1.13,3.00
2011.11.30 14:50:05.334,1.22656,1.22679,2.25,1.50
2011.11.30 14:50:05.467,1.22657,1.22684,1.13,1.88
2011.11.30 14:50:06.055,1.22657,1.22685,1.13,3.34
2011.11.30 14:50:06.180,1.22656,1.22682,3.00,1.88
2011.11.30 14:50:06.422,1.22659,1.22684,1.13,1.88
2011.11.30 14:50:07.128,1.2266,1.22684,1.13,1.88
2011.11.30 14:50:07.702,1.22659,1.22684,1.13,1.88
2011.11.30 14:50:08.161,1.22667,1.22684,4.50,1.88
2011.11.30 14:50:08.402,1.22671,1.22693,1.50,1.50
2011.11.30 14:50:08.520,1.22672,1.22693,2.63,1.50
2011.11.30 14:50:08.641,1.22672,1.22696,2.63,1.50
2011.11.30 14:50:08.759,1.22681,1.22696,1.50,1.50
2011.11.30 14:50:08.881,1.22679,1.22704,2.30,1.46
2011.11.30 14:50:09.001,1.22679,1.22709,2.67,3.34
2011.11.30 14:50:09.588,1.22679,1.22708,12.80,2.59
2011.11.30 14:50:10.162,1.22679,1.22708,7.50,6.34
2011.11.30 14:50:10.284,1.2268,1.22705,1.50,2.21
2011.11.30 14:50:10.889,1.22679,1.22706,2.25,1.46
2011.11.30 14:50:11.119,1.2268,1.22705,1.50,1.46
2011.11.30 14:50:11.352,1.22679,1.22702,6.00,1.73
2011.11.30 14:50:11.471,1.22677,1.22701,1.88,1.50
2011.11.30 14:50:11.700,1.2268,1.22702,5.25,2.48
2011.11.30 14:50:12.368,1.22683,1.22705,1.50,2.53
2011.11.30 14:50:12.502,1.22681,1.22706,3.80,4.09
2011.11.30 14:50:12.853,1.22683,1.22706,1.50,1.46
2011.11.30 14:50:12.983,1.22683,1.22706,1.50,1.46
2011.11.30 14:50:13.559,1.22683,1.22705,1.50,1.50
2011.11.30 14:50:14.119,1.22678,1.22701,2.69,1.46
2011.11.30 14:50:14.366,1.22678,1.22704,2.63,1.88
2011.11.30 14:50:14.490,1.22675,1.22704,3.38,1.50
2011.11.30 14:50:14.609,1.22675,1.227,2.63,1.13
2011.11.30 14:50:15.156,1.22675,1.22702,1.88,1.46
2011.11.30 14:50:15.284,1.22673,1.22698,1.88,1.46
2011.11.30 14:50:15.414,1.22673,1.22698,1.88,1.46
2011.11.30 14:50:15.546,1.2267,1.22695,2.63,1.50
2011.11.30 14:50:16.593,1.22664,1.22692,2.63,2.06
2011.11.30 14:50:17.616,1.22664,1.2269,3.75,3.34
2011.11.30 14:50:17.969,1.22665,1.2269,1.13,3.34
2011.11.30 14:50:18.309,1.22664,1.2269,4.50,3.34
2011.11.30 14:50:18.432,1.22668,1.2269,1.50,2.59
2011.11.30 14:50:19.129,1.22664,1.22689,2.63,1.46
2011.11.30 14:50:19.905,1.22664,1.22689,2.63,2.21
2011.11.30 14:50:20.656,1.2266,1.22688,2.63,1.88
2011.11.30 14:50:21.349,1.22659,1.22687,2.25,1.88
2011.11.30 14:50:21.466,1.22659,1.22686,1.50,1.35
2011.11.30 14:50:21.949,1.22657,1.22685,1.13,2.63
2011.11.30 14:50:22.068,1.22657,1.22682,1.13,1.88
2011.11.30 14:50:22.740,1.22665,1.22682,1.50,1.88
2011.11.30 14:50:22.979,1.22657,1.22686,1.56,1.88
2011.11.30 14:50:23.099,1.22658,1.22686,1.56,1.88
2011.11.30 14:50:23.777,1.22666,1.22687,1.50,3.38
2011.11.30 14:50:23.907,1.22666,1.22687,1.50,2.63
2011.11.30 14:50:24.488,1.22659,1.22687,2.63,2.63
2011.11.30 14:50:24.937,1.22659,1.22687,2.63,2.63
2011.11.30 14:50:25.719,1.22659,1.22687,2.63,2.63
2011.11.30 14:50:26.303,1.22659,1.22687,2.63,2.63
2011.11.30 14:50:26.845,1.2266,1.22687,1.13,2.63
2011.11.30 14:50:27.430,1.22666,1.22688,1.50,1.46
2011.11.30 14:50:28.099,1.22663,1.22688,2.63,1.46
2011.11.30 14:50:28.217,1.22663,1.22688,2.63,1.46
2011.11.30 14:50:28.339,1.22663,1.22689,2.63,2.06
2011.11.30 14:50:28.790,1.22675,1.22689,4.50,2.06
2011.11.30 14:50:28.908,1.22675,1.2269,4.50,1.50
2011.11.30 14:50:29.031,1.22675,1.22691,3.75,1.88
2011.11.30 14:50:29.149,1.22675,1.22699,3.75,1.46
2011.11.30 14:50:29.677,1.22675,1.227,3.75,1.31
2011.11.30 14:50:29.801,1.22675,1.22701,3.75,3.23
2011.11.30 14:50:30.039,1.22675,1.22699,3.75,2.59
2011.11.30 14:50:30.982,1.22673,1.22691,2.69,2.21
2011.11.30 14:50:31.102,1.22671,1.22691,3.38,1.50
2011.11.30 14:50:31.338,1.22671,1.2269,2.63,1.46
2011.11.30 14:50:31.678,1.22665,1.22689,3.75,2.21
2011.11.30 14:50:32.258,1.22665,1.22691,2.63,3.34
2011.11.30 14:50:32.818,1.22666,1.22691,1.13,3.34
2011.11.30 14:50:33.317,1.22667,1.22693,1.13,2.48
2011.11.30 14:50:33.440,1.22667,1.22691,2.63,3.71
2011.11.30 14:50:33.786,1.22665,1.22688,1.50,2.59
2011.11.30 14:50:34.350,1.22664,1.22688,1.13,2.59
2011.11.30 14:50:34.467,1.22661,1.22687,1.13,1.88
2011.11.30 14:50:34.833,1.22669,1.2269,1.50,1.46
2011.11.30 14:50:35.203,1.22664,1.2269,1.50,1.46
2011.11.30 14:50:35.329,1.2266,1.22689,3.38,1.46
2011.11.30 14:50:35.927,1.2266,1.22686,2.63,1.88
2011.11.30 14:50:36.751,1.22657,1.22685,1.50,1.46
2011.11.30 14:50:37.223,1.22655,1.22682,2.63,1.50
2011.11.30 14:50:37.340,1.22655,1.22683,2.63,2.63
2011.11.30 14:50:37.584,1.22655,1.22681,2.63,4.50
2011.11.30 14:50:38.183,1.22649,1.22669,2.63,1.46
2011.11.30 14:50:38.537,1.22652,1.22678,1.50,1.88
2011.11.30 14:50:38.878,1.22652,1.22679,1.88,1.88
2011.11.30 14:50:39.109,1.22652,1.22679,1.88,1.88
2011.11.30 14:50:39.790,1.22652,1.22679,1.50,1.88
2011.11.30 14:50:40.030,1.22653,1.22681,2.63,1.88
2011.11.30 14:50:40.667,1.22655,1.22681,2.63,1.88
2011.11.30 14:50:41.257,1.22655,1.22681,2.63,2.63
2011.11.30 14:50:41.862,1.22651,1.22679,2.63,1.13
2011.11.30 14:50:42.089,1.22652,1.22678,2.63,1.88
2011.11.30 14:50:42.658,1.22652,1.22678,2.63,1.88
2011.11.30 14:50:45.588,1.22652,1.22678,2.63,1.88
2011.11.30 14:50:46.077,1.22652,1.22678,2.63,1.88
2011.11.30 14:50:46.210,1.22653,1.22679,2.63,1.88
2011.11.30 14:50:46.932,1.2265,1.22678,2.63,1.88
2011.11.30 14:50:47.509,1.22651,1.22677,1.13,1.88
2011.11.30 14:50:47.740,1.22649,1.22677,2.63,2.63
2011.11.30 14:50:48.839,1.2265,1.22677,1.13,1.88
2011.11.30 14:50:50.278,1.2265,1.22676,1.13,1.88
2011.11.30 14:50:50.953,1.2265,1.22674,1.56,1.88
2011.11.30 14:50:51.300,1.22655,1.22681,1.50,1.88
2011.11.30 14:50:51.661,1.22655,1.22684,1.50,2.63
2011.11.30 14:50:52.132,1.22658,1.22684,2.63,2.63
2011.11.30 14:50:52.468,1.22658,1.22684,2.63,2.63
2011.11.30 14:50:53.469,1.22658,1.22685,2.63,1.35
2011.11.30 14:50:54.139,1.2266,1.22685,1.50,1.35
2011.11.30 14:50:54.699,1.2266,1.22685,1.50,1.35
2011.11.30 14:50:55.377,1.2266,1.22685,1.88,1.35
2011.11.30 14:50:56.414,1.22666,1.22686,1.50,2.03
2011.11.30 14:50:56.530,1.22662,1.22686,2.63,1.50
2011.11.30 14:50:56.649,1.22659,1.22683,2.63,1.70
2011.11.30 14:50:57.097,1.2266,1.22683,1.88,1.56
2011.11.30 14:50:57.666,1.22656,1.22683,2.63,1.53
2011.11.30 14:50:58.228,1.22656,1.22683,2.63,1.56
2011.11.30 14:50:58.798,1.22654,1.22682,2.63,2.69
2011.11.30 14:50:59.583,1.22654,1.22682,2.63,2.69
2011.11.30 14:51:00.146,1.22654,1.22682,2.63,2.69
2011.11.30 14:51:00.733,1.22654,1.2268,2.63,1.19
2011.11.30 14:51:00.863,1.22651,1.2268,2.63,1.56
2011.11.30 14:51:01.340,1.22651,1.22679,2.63,2.63
2011.11.30 14:51:01.458,1.22651,1.22679,2.63,2.63
2011.11.30 14:51:02.033,1.22651,1.22679,2.63,2.63
2011.11.30 14:51:02.164,1.22651,1.22679,2.63,2.63
2011.11.30 14:51:02.410,1.22651,1.22679,2.63,2.63
2011.11.30 14:51:02.771,1.22652,1.22679,1.13,1.88
2011.11.30 14:51:03.348,1.22651,1.22679,3.00,1.88
2011.11.30 14:51:03.822,1.22651,1.22677,2.63,1.88
2011.11.30 14:51:04.517,1.22651,1.22677,2.63,1.88
2011.11.30 14:51:05.211,1.22651,1.22677,2.63,1.88
2011.11.30 14:51:06.108,1.22651,1.22677,2.63,1.88
2011.11.30 14:51:06.228,1.22651,1.22677,2.63,1.88
2011.11.30 14:51:07.201,1.22651,1.22677,3.75,1.88
2011.11.30 14:51:08.308,1.22651,1.22677,2.63,1.88
2011.11.30 14:51:08.539,1.22651,1.22677,2.63,1.88
2011.11.30 14:51:09.804,1.22651,1.22677,2.63,1.88
2011.11.30 14:51:10.257,1.22651,1.22677,3.00,1.88
2011.11.30 14:51:10.838,1.22651,1.22677,3.00,1.88
2011.11.30 14:51:11.727,1.22651,1.22677,2.63,1.88
2011.11.30 14:51:12.653,1.22651,1.22677,2.63,1.88
2011.11.30 14:51:13.000,1.22651,1.22677,2.63,1.88
2011.11.30 14:51:13.338,1.22651,1.22677,2.63,1.88
2011.11.30 14:51:13.678,1.22651,1.22677,2.63,1.88
2011.11.30 14:51:14.260,1.22653,1.22677,1.13,1.88
2011.11.30 14:51:15.223,1.22653,1.22677,1.13,1.88
2011.11.30 14:51:16.182,1.22653,1.22677,1.13,1.88
2011.11.30 14:51:16.531,1.22653,1.22677,1.13,1.88
2011.11.30 14:51:17.087,1.22653,1.22677,1.13,1.88
2011.11.30 14:51:17.629,1.22653,1.22677,1.13,1.88
2011.11.30 14:51:18.209,1.22651,1.22677,3.75,1.88
2011.11.30 14:51:19.208,1.22651,1.22677,3.75,1.88
2011.11.30 14:51:19.887,1.22651,1.22679,2.63,1.88
2011.11.30 14:51:20.456,1.22652,1.2268,2.63,1.88
2011.11.30 14:51:20.582,1.22652,1.2268,2.63,1.88
2011.11.30 14:51:20.927,1.22652,1.2268,2.63,1.88
2011.11.30 14:51:21.498,1.22652,1.2268,2.63,1.88
2011.11.30 14:51:21.728,1.22652,1.2268,2.63,1.88
2011.11.30 14:51:22.178,1.22652,1.2268,3.00,1.88
2011.11.30 14:51:22.302,1.22653,1.22679,1.13,1.88
2011.11.30 14:51:22.421,1.22653,1.22679,1.13,1.88
2011.11.30 14:51:22.970,1.22652,1.2268,2.63,1.88
2011.11.30 14:51:23.547,1.22652,1.2268,2.63,1.88
2011.11.30 14:51:24.738,1.22652,1.2268,3.00,1.88
2011.11.30 14:51:24.858,1.22652,1.2268,2.63,1.88
2011.11.30 14:51:25.201,1.22652,1.2268,2.63,2.63
2011.11.30 14:51:25.319,1.22652,1.2268,2.63,2.63
2011.11.30 14:51:25.903,1.2265,1.2268,2.63,2.63
2011.11.30 14:51:26.281,1.2265,1.22676,2.63,1.88
2011.11.30 14:51:27.092,1.2265,1.22676,2.63,1.88
2011.11.30 14:51:27.450,1.2265,1.22681,3.00,1.35
2011.11.30 14:51:27.908,1.22652,1.22681,1.50,2.48
2011.11.30 14:51:28.365,1.22652,1.22681,1.50,3.23
2011.11.30 14:51:28.497,1.22649,1.22677,3.00,1.88
2011.11.30 14:51:29.066,1.2265,1.22679,2.63,2.63
2011.11.30 14:51:29.311,1.22652,1.22681,2.63,3.23
2011.11.30 14:51:29.433,1.22652,1.22681,2.63,3.23
2011.11.30 14:51:29.562,1.22652,1.22681,2.63,1.35
2011.11.30 14:51:29.789,1.22652,1.22681,2.63,1.35
2011.11.30 14:51:30.019,1.22653,1.22681,2.63,1.35
2011.11.30 14:51:30.836,1.22652,1.22681,2.63,1.35
2011.11.30 14:51:31.302,1.22659,1.22684,4.50,3.34
2011.11.30 14:51:31.416,1.22662,1.22685,1.50,1.50
2011.11.30 14:51:31.539,1.22662,1.22685,1.50,1.65
2011.11.30 14:51:32.818,1.22662,1.22684,1.50,1.50
2011.11.30 14:51:33.510,1.22659,1.22684,2.63,1.88
2011.11.30 14:51:33.740,1.22659,1.22682,2.63,1.35
2011.11.30 14:51:33.970,1.22655,1.22681,2.63,1.35
2011.11.30 14:51:34.317,1.22662,1.22683,1.50,1.50
2011.11.30 14:51:34.442,1.22656,1.22681,2.63,1.65
2011.11.30 14:51:35.070,1.22656,1.22682,2.63,1.05
2011.11.30 14:51:35.641,1.22661,1.22683,1.50,1.05
2011.11.30 14:51:35.764,1.22658,1.22683,2.63,1.80
2011.11.30 14:51:35.999,1.22658,1.22684,2.63,1.50
2011.11.30 14:51:37.021,1.22658,1.22682,2.63,1.35
2011.11.30 14:51:38.016,1.22658,1.22683,1.50,3.38
2011.11.30 14:51:38.141,1.22659,1.22683,1.50,2.63
2011.11.30 14:51:38.499,1.22659,1.22683,1.50,1.50
2011.11.30 14:51:39.068,1.22659,1.22682,1.50,1.35
2011.11.30 14:51:39.421,1.22656,1.22682,2.63,1.35
2011.11.30 14:51:39.992,1.22658,1.22685,2.63,1.46
2011.11.30 14:51:42.098,1.22658,1.22684,2.63,1.50
2011.11.30 14:51:42.450,1.22658,1.22686,2.63,4.46
2011.11.30 14:51:42.999,1.22658,1.22685,2.63,1.65
2011.11.30 14:51:43.568,1.22658,1.22685,2.63,1.50
2011.11.30 14:51:43.693,1.22658,1.22686,2.63,3.86
2011.11.30 14:51:44.049,1.2266,1.22684,1.50,1.50
2011.11.30 14:51:44.759,1.22659,1.22684,2.63,1.88
2011.11.30 14:51:44.879,1.22659,1.22684,2.63,1.50
2011.11.30 14:51:45.381,1.22659,1.22684,2.63,1.50
2011.11.30 14:51:45.747,1.22666,1.22687,1.50,2.36
2011.11.30 14:51:46.221,1.22661,1.22684,2.63,1.50
2011.11.30 14:51:46.343,1.22659,1.22681,1.88,1.35
2011.11.30 14:51:46.591,1.22656,1.22677,2.63,1.13
2011.11.30 14:51:46.943,1.22656,1.22677,1.88,1.88
2011.11.30 14:51:47.191,1.22653,1.2268,2.63,1.88
2011.11.30 14:51:47.738,1.22653,1.2268,2.63,1.50
2011.11.30 14:51:48.099,1.22657,1.22681,1.88,2.10
2011.11.30 14:51:48.669,1.22655,1.22681,2.63,2.10
2011.11.30 14:51:49.036,1.22655,1.22681,2.69,2.10
2011.11.30 14:51:49.406,1.22656,1.22679,1.88,1.88
2011.11.30 14:51:49.927,1.22654,1.22679,1.88,1.88
2011.11.30 14:51:50.158,1.22651,1.22678,1.88,1.13
2011.11.30 14:51:50.745,1.22651,1.22678,1.88,1.13
2011.11.30 14:51:51.322,1.22651,1.22678,1.88,1.13
2011.11.30 14:51:51.887,1.2265,1.22678,1.88,1.50
2011.11.30 14:51:52.822,1.2265,1.22674,1.88,1.50
2011.11.30 14:51:53.289,1.2265,1.22674,1.88,1.50
2011.11.30 14:51:54.298,1.22651,1.22673,1.88,1.50
2011.11.30 14:51:55.490,1.22648,1.22678,2.63,1.13
2011.11.30 14:51:55.730,1.22648,1.22678,1.88,1.13
2011.11.30 14:51:56.296,1.22649,1.22674,1.88,1.50
2011.11.30 14:51:57.000,1.22649,1.22675,1.88,1.88
2011.11.30 14:51:58.061,1.22649,1.22674,1.88,1.13
2011.11.30 14:52:00.641,1.22649,1.22673,1.88,1.13
2011.11.30 14:52:00.867,1.22649,1.22673,1.88,1.13
2011.11.30 14:52:01.868,1.22649,1.22674,1.88,1.13
2011.11.30 14:52:02.340,1.22649,1.22671,1.88,1.50
2011.11.30 14:52:02.678,1.22649,1.22669,1.88,1.50
2011.11.30 14:52:03.330,1.22647,1.22667,1.88,1.13
2011.11.30 14:52:03.900,1.22646,1.22667,1.88,2.63
2011.11.30 14:52:04.466,1.22646,1.22667,1.88,2.63
2011.11.30 14:52:04.831,1.22646,1.22672,1.88,1.88
2011.11.30 14:52:05.075,1.22646,1.22673,1.88,3.38
2011.11.30 14:52:05.898,1.22646,1.22671,1.88,1.50
2011.11.30 14:52:06.381,1.22646,1.2267,1.88,1.50
2011.11.30 14:52:06.720,1.22646,1.2267,1.88,1.50
2011.11.30 14:52:06.958,1.22646,1.2267,1.88,1.50
2011.11.30 14:52:07.541,1.22646,1.2267,1.88,1.50
2011.11.30 14:52:08.839,1.22646,1.22672,1.88,1.50
2011.11.30 14:52:09.320,1.22646,1.22673,1.88,4.13
2011.11.30 14:52:09.890,1.22646,1.2267,1.88,1.50
2011.11.30 14:52:10.525,1.22646,1.2267,1.88,1.50
2011.11.30 14:52:10.867,1.22646,1.22669,1.88,1.50
2011.11.30 14:52:10.987,1.22646,1.22669,1.88,1.50
2011.11.30 14:52:12.099,1.22646,1.22667,1.88,1.50
2011.11.30 14:52:12.440,1.22646,1.22667,1.88,1.50
2011.11.30 14:52:12.999,1.22646,1.22664,1.88,1.50
2011.11.30 14:52:15.301,1.22646,1.22664,1.88,1.50
2011.11.30 14:52:15.638,1.22646,1.22662,1.88,1.50
2011.11.30 14:52:16.887,1.22646,1.22665,1.88,1.50
2011.11.30 14:52:18.769,1.22646,1.22658,1.88,1.50
2011.11.30 14:52:18.890,1.2264,1.22658,1.88,1.50
2011.11.30 14:52:19.128,1.2264,1.22664,1.88,1.45
2011.11.30 14:52:19.713,1.2264,1.22668,1.13,2.63
2011.11.30 14:52:20.223,1.22648,1.22673,1.50,3.83
2011.11.30 14:52:20.352,1.22644,1.22673,1.88,2.78
2011.11.30 14:52:20.700,1.22644,1.2267,1.13,2.63
2011.11.30 14:52:21.257,1.22644,1.2267,1.13,2.63
2011.11.30 14:52:23.367,1.22643,1.2267,3.00,2.63
2011.11.30 14:52:23.491,1.22649,1.2267,1.50,1.88
2011.11.30 14:52:23.833,1.22649,1.22672,1.50,1.88
2011.11.30 14:52:24.518,1.22649,1.22672,1.50,1.88
2011.11.30 14:52:24.640,1.22648,1.22672,1.50,2.63
2011.11.30 14:52:25.230,1.22649,1.22672,1.50,2.03
2011.11.30 14:52:25.834,1.22649,1.22676,3.44,3.53
2011.11.30 14:52:26.870,1.22651,1.22676,1.13,4.24
2011.11.30 14:52:27.777,1.2265,1.22676,1.13,3.53
2011.11.30 14:52:28.251,1.22649,1.22674,3.75,1.65
2011.11.30 14:52:28.715,1.22651,1.22676,1.13,4.84
2011.11.30 14:52:29.779,1.2265,1.22676,1.13,4.43
2011.11.30 14:52:30.567,1.22651,1.22676,1.13,4.99
2011.11.30 14:52:31.139,1.22649,1.22676,3.75,4.43
2011.11.30 14:52:31.735,1.2265,1.22676,1.13,4.84
2011.11.30 14:52:32.298,1.22649,1.22673,3.38,1.65
2011.11.30 14:52:32.637,1.22649,1.22676,3.38,4.09
2011.11.30 14:52:33.226,1.22649,1.22676,3.00,4.24
2011.11.30 14:52:34.093,1.22649,1.22676,2.63,3.68
2011.11.30 14:52:34.451,1.22651,1.22673,1.88,2.78
2011.11.30 14:52:34.570,1.22652,1.22673,1.13,2.78
2011.11.30 14:52:34.907,1.22652,1.22673,1.13,2.78
2011.11.30 14:52:35.360,1.22652,1.22673,1.13,2.78
2011.11.30 14:52:35.590,1.22654,1.22676,1.13,1.61
2011.11.30 14:52:35.830,1.22653,1.22675,1.50,1.50
2011.11.30 14:52:36.388,1.22653,1.22674,1.50,2.63
2011.11.30 14:52:37.059,1.22653,1.22674,1.88,2.63
2011.11.30 14:52:37.630,1.22653,1.22674,1.88,2.63
2011.11.30 14:52:37.753,1.22656,1.22674,1.13,1.88
2011.11.30 14:52:37.882,1.22656,1.22685,1.50,3.23
2011.11.30 14:52:37.998,1.22656,1.22685,1.50,3.23
2011.11.30 14:52:38.120,1.22657,1.22683,3.38,2.63
2011.11.30 14:52:38.483,1.22663,1.22683,1.13,1.88
2011.11.30 14:52:38.611,1.22662,1.22683,1.13,1.88
2011.11.30 14:52:39.330,1.22658,1.22683,1.50,1.88
2011.11.30 14:52:39.458,1.22655,1.22683,2.63,1.88
2011.11.30 14:52:39.702,1.22655,1.22682,2.63,1.46
2011.11.30 14:52:39.928,1.22653,1.22679,2.63,1.88
2011.11.30 14:52:40.159,1.22653,1.22679,2.63,1.88
2011.11.30 14:52:40.961,1.22653,1.22679,2.63,2.63
2011.11.30 14:52:42.079,1.22653,1.22679,2.63,1.88
2011.11.30 14:52:42.925,1.22653,1.22679,2.63,2.63
2011.11.30 14:52:43.048,1.22651,1.2268,1.13,1.88
2011.11.30 14:52:43.387,1.2265,1.22676,2.63,1.88
2011.11.30 14:52:43.507,1.2265,1.22676,3.00,1.88
2011.11.30 14:52:44.441,1.2265,1.22676,3.00,1.88
2011.11.30 14:52:45.340,1.2265,1.22676,3.00,1.88
2011.11.30 14:52:45.578,1.2265,1.22676,2.63,1.88
2011.11.30 14:52:45.918,1.2265,1.22676,3.00,1.88
2011.11.30 14:52:46.488,1.2265,1.22676,3.00,1.88
2011.11.30 14:52:47.047,1.2265,1.22676,2.63,1.88
2011.11.30 14:52:47.825,1.2265,1.22676,3.00,1.88
2011.11.30 14:52:48.527,1.22652,1.22676,1.13,1.88
2011.11.30 14:52:48.872,1.22651,1.22676,1.50,1.88
2011.11.30 14:52:49.934,1.22651,1.22676,1.13,1.88
2011.11.30 14:52:50.060,1.22654,1.2268,1.13,1.88
2011.11.30 14:52:50.683,1.22654,1.22677,1.13,1.50
2011.11.30 14:52:51.048,1.22651,1.22673,1.13,1.88
2011.11.30 14:52:52.057,1.22651,1.22673,1.13,1.88
2011.11.30 14:52:52.741,1.2265,1.22673,1.13,1.88
2011.11.30 14:52:52.861,1.22647,1.22673,2.63,1.88
2011.11.30 14:52:53.428,1.22649,1.22673,1.13,1.88
2011.11.30 14:52:53.914,1.22647,1.22673,2.63,1.88
2011.11.30 14:52:54.164,1.22645,1.22673,2.63,1.88
2011.11.30 14:52:54.909,1.22644,1.22672,3.38,1.88
2011.11.30 14:52:55.555,1.22644,1.22672,2.63,1.88
2011.11.30 14:52:56.163,1.2265,1.22672,5.25,1.88
2011.11.30 14:52:56.293,1.22644,1.22672,2.69,2.63
2011.11.30 14:52:56.421,1.22644,1.22672,2.69,2.63
2011.11.30 14:52:57.010,1.22644,1.22672,3.38,1.88
2011.11.30 14:52:57.238,1.22644,1.22672,3.38,1.88
2011.11.30 14:52:57.602,1.22653,1.22672,1.50,1.88
2011.11.30 14:52:58.510,1.22653,1.22675,1.50,1.50
2011.11.30 14:52:58.636,1.22653,1.22672,1.50,1.88
2011.11.30 14:52:59.232,1.22653,1.22672,1.50,1.88
2011.11.30 14:52:59.919,1.22653,1.22672,1.50,1.88
2011.11.30 14:53:00.954,1.22653,1.22672,1.50,1.88
2011.11.30 14:53:01.663,1.22653,1.22672,1.50,2.48
2011.11.30 14:53:01.911,1.22652,1.22671,1.50,2.81
2011.11.30 14:53:02.468,1.22652,1.22671,1.50,2.81
2011.11.30 14:53:08.024,1.22643,1.22668,1.19,1.88
2011.11.30 14:53:08.269,1.22642,1.22668,1.88,1.88
2011.11.30 14:53:08.498,1.22642,1.22668,1.50,3.34
2011.11.30 14:53:09.067,1.22642,1.22665,1.50,1.88
2011.11.30 14:53:09.532,1.22649,1.22669,4.50,1.46
2011.11.30 14:53:09.771,1.22648,1.22678,1.50,1.46
2011.11.30 14:53:10.338,1.2265,1.22674,1.50,1.88
2011.11.30 14:53:10.462,1.2265,1.22677,2.25,1.88
2011.11.30 14:53:10.798,1.2266,1.22679,1.50,2.78
2011.11.30 14:53:11.162,1.2266,1.2268,1.50,2.03
2011.11.30 14:53:11.741,1.2266,1.22682,1.50,2.74
2011.11.30 14:53:12.300,1.2266,1.22682,1.50,3.49
2011.11.30 14:53:12.430,1.22653,1.22681,3.00,3.49
2011.11.30 14:53:12.554,1.22653,1.22681,2.63,2.93
2011.11.30 14:53:12.685,1.22653,1.22678,2.63,1.35
2011.11.30 14:53:13.165,1.2266,1.22677,1.50,1.88
2011.11.30 14:53:13.414,1.2266,1.22681,1.50,1.61
2011.11.30 14:53:13.540,1.22653,1.22682,2.63,1.61
2011.11.30 14:53:13.664,1.22653,1.22677,2.63,1.50
2011.11.30 14:53:13.795,1.2265,1.22675,1.88,1.50
2011.11.30 14:53:14.302,1.22645,1.22668,1.88,1.50
2011.11.30 14:53:14.669,1.22641,1.22669,2.63,2.63
2011.11.30 14:53:14.788,1.22641,1.22669,2.63,4.07
2011.11.30 14:53:14.918,1.22641,1.22669,1.88,3.00
2011.11.30 14:53:15.043,1.22641,1.22669,2.63,3.00
2011.11.30 14:53:16.227,1.22641,1.22669,2.63,2.63
2011.11.30 14:53:16.348,1.22641,1.22669,2.63,2.63
2011.11.30 14:53:17.028,1.22641,1.22669,2.63,1.88
2011.11.30 14:53:17.609,1.22641,1.22669,3.00,1.88
2011.11.30 14:53:18.200,1.22641,1.22669,2.63,2.63
2011.11.30 14:53:18.852,1.22642,1.22669,1.13,2.63
2011.11.30 14:53:19.329,1.2264,1.22669,1.13,2.63
2011.11.30 14:53:19.898,1.2264,1.22666,3.00,1.88
2011.11.30 14:53:20.146,1.2264,1.22666,2.63,1.88
2011.11.30 14:53:20.270,1.2264,1.22666,1.88,2.63
2011.11.30 14:53:20.388,1.2264,1.22666,1.88,2.63
2011.11.30 14:53:20.513,1.2264,1.22666,1.88,2.63
2011.11.30 14:53:20.632,1.2264,1.22666,2.63,2.63
2011.11.30 14:53:21.146,1.2264,1.22666,2.63,1.88
2011.11.30 14:53:21.264,1.2264,1.22666,2.63,1.88
2011.11.30 14:53:21.743,1.2264,1.22666,2.63,1.88
2011.11.30 14:53:21.863,1.2264,1.22666,2.63,1.88
2011.11.30 14:53:22.099,1.2264,1.22666,2.63,1.88
2011.11.30 14:53:22.573,1.2264,1.22666,2.63,1.88
2011.11.30 14:53:22.699,1.2264,1.22666,2.63,1.88
2011.11.30 14:53:23.487,1.2264,1.22666,2.63,1.88
2011.11.30 14:53:23.733,1.22639,1.22668,2.63,1.88
2011.11.30 14:53:24.099,1.22641,1.22667,2.63,1.88
2011.11.30 14:53:24.451,1.22641,1.22667,3.38,1.88
2011.11.30 14:53:24.691,1.22643,1.22667,1.13,1.88
2011.11.30 14:53:25.830,1.22641,1.22667,2.63,1.88
2011.11.30 14:53:25.953,1.22641,1.22667,2.63,1.88
2011.11.30 14:53:26.083,1.22641,1.22667,2.63,3.00
2011.11.30 14:53:26.213,1.22641,1.22666,1.88,1.13
2011.11.30 14:53:26.800,1.22641,1.22667,1.88,2.63
2011.11.30 14:53:27.361,1.22641,1.22667,2.63,2.63
2011.11.30 14:53:30.639,1.22641,1.22667,2.63,1.88
2011.11.30 14:53:31.459,1.22641,1.22667,2.63,1.88
2011.11.30 14:53:31.586,1.22641,1.22667,2.63,2.63
2011.11.30 14:53:31.934,1.22641,1.22667,2.63,2.63
2011.11.30 14:53:32.284,1.22641,1.22667,2.63,3.38
2011.11.30 14:53:32.536,1.22637,1.22664,2.63,1.50
2011.11.30 14:53:32.663,1.22637,1.22666,2.63,1.50
2011.11.30 14:53:32.795,1.22637,1.22668,2.63,2.63
2011.11.30 14:53:32.923,1.22637,1.22665,2.63,1.88
2011.11.30 14:53:33.270,1.22637,1.22665,2.63,2.63
2011.11.30 14:53:33.389,1.22637,1.22665,2.63,1.88
2011.11.30 14:53:33.981,1.22637,1.22665,2.63,2.63
2011.11.30 14:53:34.227,1.22637,1.22665,2.63,1.88
2011.11.30 14:53:34.579,1.22638,1.22667,1.13,1.88
2011.11.30 14:53:35.157,1.2264,1.22666,2.63,2.63
2011.11.30 14:53:35.740,1.2264,1.22666,2.63,1.88
2011.11.30 14:53:38.175,1.2264,1.22666,2.63,1.88
2011.11.30 14:53:38.301,1.2264,1.22666,2.63,1.88
2011.11.30 14:53:38.880,1.2264,1.22666,2.63,2.63
2011.11.30 14:53:39.003,1.22637,1.22663,1.88,1.50
2011.11.30 14:53:39.908,1.22637,1.22663,2.63,1.88
2011.11.30 14:53:40.147,1.22637,1.22663,2.63,1.88
2011.11.30 14:53:40.500,1.22634,1.2266,2.63,1.88
2011.11.30 14:53:40.951,1.22634,1.2266,2.63,1.88
2011.11.30 14:53:41.316,1.22634,1.2266,2.63,1.88
2011.11.30 14:53:41.917,1.22634,1.2266,2.63,1.88
2011.11.30 14:53:42.039,1.22634,1.2266,2.63,1.88
2011.11.30 14:53:44.320,1.22634,1.2266,2.63,1.88
2011.11.30 14:53:44.567,1.22636,1.2266,1.50,1.88
2011.11.30 14:53:45.179,1.22636,1.2266,1.50,1.88
2011.11.30 14:53:45.762,1.22636,1.2266,2.63,1.88
2011.11.30 14:53:46.657,1.22635,1.2266,1.50,1.88
2011.11.30 14:53:47.350,1.22635,1.2266,1.50,1.88
2011.11.30 14:53:47.467,1.22635,1.2266,1.50,1.88
2011.11.30 14:53:48.047,1.22635,1.2266,3.05,1.88
2011.11.30 14:53:48.293,1.22634,1.2266,2.69,1.88
2011.11.30 14:53:48.419,1.22634,1.2266,2.69,1.88
2011.11.30 14:53:49.098,1.22634,1.2266,2.69,1.88
2011.11.30 14:53:49.683,1.22634,1.2266,2.63,1.88
2011.11.30 14:53:50.051,1.22634,1.2266,2.63,1.88
2011.11.30 14:53:52.480,1.22634,1.2266,3.75,1.88
2011.11.30 14:53:53.636,1.22637,1.22661,1.50,1.88
2011.11.30 14:53:54.200,1.22637,1.2266,2.25,1.88
2011.11.30 14:53:54.612,1.22634,1.2266,1.13,1.88
2011.11.30 14:53:54.850,1.22632,1.2266,2.63,1.88
2011.11.30 14:53:55.080,1.22632,1.2266,2.63,1.88
2011.11.30 14:53:56.879,1.22632,1.2266,3.00,1.88
2011.11.30 14:53:57.884,1.22633,1.2266,2.30,1.88
2011.11.30 14:53:58.010,1.22634,1.2266,1.13,1.88
2011.11.30 14:53:58.567,1.22633,1.2266,1.88,1.88
2011.11.30 14:53:59.161,1.22633,1.22661,1.88,1.88
2011.11.30 14:53:59.739,1.22634,1.22661,1.13,1.88
2011.11.30 14:54:00.465,1.22634,1.22661,2.63,1.50
2011.11.30 14:54:00.832,1.22634,1.22662,2.63,3.00
2011.11.30 14:54:01.179,1.22634,1.22662,2.63,2.63
2011.11.30 14:54:02.009,1.22632,1.22662,2.63,1.88
2011.11.30 14:54:02.371,1.22632,1.22662,2.63,2.63
2011.11.30 14:54:02.952,1.22632,1.22662,2.63,1.88
2011.11.30 14:54:03.508,1.22632,1.22662,3.00,1.88
2011.11.30 14:54:04.072,1.22632,1.22662,3.75,1.88
2011.11.30 14:54:04.716,1.22634,1.22662,1.88,1.88
2011.11.30 14:54:05.087,1.22632,1.22661,2.63,1.50
2011.11.30 14:54:05.458,1.22633,1.22662,1.50,1.88
2011.11.30 14:54:05.703,1.22633,1.22664,3.00,1.88
2011.11.30 14:54:05.940,1.22635,1.22665,2.63,2.63
2011.11.30 14:54:07.020,1.22635,1.22665,3.00,1.88
2011.11.30 14:54:07.601,1.22642,1.22665,1.50,2.63
2011.11.30 14:54:07.843,1.22642,1.2267,1.50,2.63
2011.11.30 14:54:07.964,1.22638,1.2267,2.63,2.63
2011.11.30 14:54:08.088,1.22638,1.2267,1.50,2.63
2011.11.30 14:54:08.667,1.22637,1.22666,2.25,1.88
2011.11.30 14:54:09.399,1.22638,1.22666,1.50,1.88
2011.11.30 14:54:09.530,1.22644,1.22669,1.13,2.63
2011.11.30 14:54:09.652,1.22644,1.2267,1.13,1.88
2011.11.30 14:54:10.024,1.22642,1.22671,1.13,2.63
2011.11.30 14:54:10.155,1.22641,1.22671,2.63,2.63
2011.11.30 14:54:10.281,1.22641,1.2267,2.63,1.13
2011.11.30 14:54:10.969,1.22641,1.2267,2.63,1.13
2011.11.30 14:54:11.526,1.22641,1.2267,2.63,1.13
2011.11.30 14:54:11.999,1.22639,1.22669,2.63,3.00
2011.11.30 14:54:12.457,1.22639,1.22669,2.63,2.63
2011.11.30 14:54:12.689,1.22639,1.22669,2.63,2.63
2011.11.30 14:54:13.263,1.22639,1.22669,2.63,2.63
2011.11.30 14:54:13.499,1.22639,1.22669,3.00,2.63
2011.11.30 14:54:14.700,1.2264,1.22669,1.13,2.63
2011.11.30 14:54:15.929,1.22641,1.22671,2.63,2.63
2011.11.30 14:54:16.497,1.22641,1.22671,3.00,2.63
2011.11.30 14:54:18.445,1.22641,1.22671,2.63,2.63
2011.11.30 14:54:18.577,1.22641,1.22671,2.63,3.00
2011.11.30 14:54:18.942,1.2264,1.22665,2.63,1.13
2011.11.30 14:54:19.520,1.22639,1.22666,2.63,1.13
2011.11.30 14:54:20.107,1.22639,1.22666,2.63,1.13
2011.11.30 14:54:21.498,1.22637,1.22664,2.63,1.13
2011.11.30 14:54:22.408,1.22637,1.22664,2.63,1.13
2011.11.30 14:54:22.528,1.22637,1.22665,2.63,1.13
2011.11.30 14:54:22.761,1.22637,1.22664,2.63,1.13
2011.11.30 14:54:23.454,1.22637,1.22663,2.63,1.13
2011.11.30 14:54:23.928,1.22637,1.22665,2.63,1.13
2011.11.30 14:54:26.497,1.22637,1.22664,2.63,1.13
2011.11.30 14:54:27.361,1.22637,1.22664,2.63,1.13
2011.11.30 14:54:28.690,1.22639,1.22667,1.65,1.50
2011.11.30 14:54:29.148,1.22641,1.22673,2.63,3.38
2011.11.30 14:54:29.620,1.22642,1.22673,2.63,1.50
2011.11.30 14:54:30.211,1.22644,1.22675,2.63,1.50
2011.11.30 14:54:30.779,1.22644,1.22675,2.63,1.50
2011.11.30 14:54:31.248,1.22644,1.22667,1.88,1.13
2011.11.30 14:54:31.598,1.22641,1.22666,2.63,1.13
2011.11.30 14:54:32.919,1.22638,1.22667,2.63,1.13
2011.11.30 14:54:33.148,1.22641,1.22671,2.63,2.63
2011.11.30 14:54:33.379,1.22641,1.22671,2.63,2.63
2011.11.30 14:54:33.499,1.22641,1.22671,2.63,1.88
2011.11.30 14:54:33.742,1.2264,1.22675,2.69,2.63
2011.11.30 14:54:34.200,1.22644,1.22675,2.63,2.63
2011.11.30 14:54:35.357,1.22644,1.22676,2.63,3.00
2011.11.30 14:54:35.721,1.2266,1.22675,1.50,1.88
2011.11.30 14:54:35.844,1.2266,1.22685,1.50,2.49
2011.11.30 14:54:36.846,1.22659,1.22685,10.13,1.22
2011.11.30 14:54:37.081,1.2266,1.22685,1.50,1.37
2011.11.30 14:54:37.650,1.22663,1.22685,1.50,1.22
2011.11.30 14:54:38.164,1.22664,1.22685,1.50,1.22
2011.11.30 14:54:38.756,1.22664,1.22686,1.88,1.46
2011.11.30 14:54:39.586,1.22664,1.22686,1.88,1.46
2011.11.30 14:54:40.102,1.22664,1.22688,2.69,2.21
2011.11.30 14:54:40.220,1.22671,1.22688,1.50,1.50
2011.11.30 14:54:40.340,1.22671,1.22695,1.50,1.50
2011.11.30 14:54:40.580,1.22666,1.22694,2.69,1.88
2011.11.30 14:54:40.919,1.22666,1.22694,2.69,1.88
2011.11.30 14:54:41.854,1.22666,1.22678,2.63,4.50
2011.11.30 14:54:41.983,1.22666,1.2269,2.63,1.28
2011.11.30 14:54:42.109,1.22666,1.22691,2.63,1.28
2011.11.30 14:54:42.352,1.22666,1.22695,2.63,1.88
2011.11.30 14:54:42.470,1.22666,1.22695,2.63,2.63
2011.11.30 14:54:42.591,1.22666,1.22694,2.63,1.13
2011.11.30 14:54:42.819,1.22666,1.22691,2.63,1.13
2011.11.30 14:54:42.945,1.22663,1.22685,2.63,1.13
2011.11.30 14:54:43.194,1.2266,1.22685,1.88,1.13
2011.11.30 14:54:43.924,1.22658,1.22686,2.63,1.13
2011.11.30 14:54:44.059,1.22658,1.22685,1.88,1.13
2011.11.30 14:54:45.310,1.22658,1.22685,2.63,1.13
2011.11.30 14:54:45.432,1.22664,1.22688,1.50,1.80
2011.11.30 14:54:45.672,1.22666,1.2269,1.88,1.28
2011.11.30 14:54:45.900,1.22666,1.22689,1.88,1.46
2011.11.30 14:54:46.249,1.22662,1.22689,1.50,1.46
2011.11.30 14:54:46.371,1.22663,1.22688,2.25,1.46
2011.11.30 14:54:46.871,1.22661,1.22686,1.88,1.35
2011.11.30 14:54:46.997,1.22655,1.22684,2.63,1.13
2011.11.30 14:54:47.227,1.22655,1.22683,1.88,1.13
2011.11.30 14:54:47.677,1.22656,1.22683,1.50,1.13
2011.11.30 14:54:48.040,1.22665,1.22691,1.56,1.65
2011.11.30 14:54:48.160,1.22659,1.22688,2.25,1.28
2011.11.30 14:54:48.280,1.22658,1.22688,2.63,1.28
2011.11.30 14:54:48.837,1.22657,1.22686,2.63,1.50
2011.11.30 14:54:49.399,1.22657,1.22684,1.88,1.13
2011.11.30 14:54:49.519,1.22657,1.22683,1.88,1.50
2011.11.30 14:54:50.399,1.22657,1.22683,1.88,1.50
2011.11.30 14:54:50.526,1.22654,1.22683,1.88,1.50
2011.11.30 14:54:50.881,1.22654,1.22683,2.63,1.50
2011.11.30 14:54:51.120,1.22668,1.22691,5.25,1.65
2011.11.30 14:54:51.469,1.22672,1.22692,1.88,1.05
2011.11.30 14:54:52.060,1.22672,1.22692,1.88,1.05
2011.11.30 14:54:54.097,1.22672,1.22687,1.88,1.35
2011.11.30 14:54:54.460,1.22658,1.22685,1.88,2.21
2011.11.30 14:54:55.029,1.22658,1.22685,1.88,1.65
2011.11.30 14:54:56.643,1.22656,1.22685,1.88,1.65
2011.11.30 14:54:57.228,1.22655,1.22684,1.88,2.21
2011.11.30 14:54:57.799,1.22655,1.22683,1.88,1.46
2011.11.30 14:55:00.395,1.22654,1.22683,1.88,1.46
2011.11.30 14:55:01.161,1.22653,1.22681,1.88,2.63
2011.11.30 14:55:03.377,1.22653,1.22681,1.88,2.63
2011.11.30 14:55:03.986,1.22653,1.22681,1.88,2.63
2011.11.30 14:55:05.935,1.22653,1.22681,1.88,2.63
2011.11.30 14:55:06.734,1.22653,1.22681,3.38,2.63
2011.11.30 14:55:06.981,1.22653,1.22681,4.92,2.63
2011.11.30 14:55:07.342,1.22658,1.22683,5.25,2.63
2011.11.30 14:55:08.629,1.22659,1.22686,3.38,1.65
2011.11.30 14:55:08.969,1.22659,1.22686,1.88,1.65
2011.11.30 14:55:09.198,1.22659,1.22686,1.88,1.80
2011.11.30 14:55:10.961,1.22659,1.22683,1.88,1.65
2011.11.30 14:55:11.190,1.22659,1.22683,1.88,1.65
2011.11.30 14:55:11.880,1.22659,1.22686,2.63,1.13
2011.11.30 14:55:12.779,1.22659,1.22687,2.63,2.63
2011.11.30 14:55:13.246,1.22663,1.22689,1.88,2.63
2011.11.30 14:55:15.720,1.22663,1.22689,1.88,2.63
2011.11.30 14:55:17.681,1.22663,1.22689,1.88,2.63
2011.11.30 14:55:18.016,1.22663,1.22689,1.88,2.63
2011.11.30 14:55:19.410,1.22663,1.22689,1.88,2.63
2011.11.30 14:55:19.769,1.22663,1.22689,1.88,2.63
2011.11.30 14:55:20.131,1.22663,1.22689,2.63,2.63
2011.11.30 14:55:20.360,1.22662,1.22691,1.13,1.05
2011.11.30 14:55:20.477,1.22662,1.22691,1.13,1.05
2011.11.30 14:55:20.597,1.22662,1.22691,1.13,1.05
2011.11.30 14:55:21.176,1.22661,1.22692,1.88,2.93
2011.11.30 14:55:22.693,1.22661,1.22692,1.88,2.93
2011.11.30 14:55:24.910,1.22661,1.22692,1.88,2.93
2011.11.30 14:55:25.468,1.22661,1.22692,3.00,2.93
2011.11.30 14:55:26.778,1.22662,1.22691,1.50,1.05
2011.11.30 14:55:27.008,1.22663,1.22691,1.50,1.05
2011.11.30 14:55:27.579,1.22661,1.22692,3.75,2.93
2011.11.30 14:55:28.139,1.22661,1.22691,3.42,1.05
2011.11.30 14:55:28.477,1.22662,1.2269,1.13,2.63
2011.11.30 14:55:28.833,1.22668,1.22692,1.50,2.93
2011.11.30 14:55:29.405,1.22666,1.22691,1.50,1.05
2011.11.30 14:55:29.879,1.22667,1.22692,1.50,2.93
2011.11.30 14:55:30.342,1.22668,1.22692,1.50,2.18
2011.11.30 14:55:30.578,1.22668,1.22692,2.25,1.05
2011.11.30 14:55:30.930,1.22667,1.22692,1.50,1.05
2011.11.30 14:55:32.360,1.22667,1.22691,1.50,1.05
2011.11.30 14:55:32.897,1.22668,1.22691,1.88,1.05
2011.11.30 14:55:33.027,1.22669,1.22692,1.50,1.05
2011.11.30 14:55:33.273,1.22668,1.22692,1.50,1.05
2011.11.30 14:55:33.395,1.22668,1.22692,1.50,1.05
2011.11.30 14:55:34.428,1.22669,1.22692,1.88,1.05
2011.11.30 14:55:35.363,1.2267,1.22693,1.13,1.05
2011.11.30 14:55:35.710,1.2267,1.22693,1.13,1.05
2011.11.30 14:55:36.692,1.2267,1.22693,1.13,1.05
2011.11.30 14:55:36.807,1.22669,1.22693,3.00,1.05
2011.11.30 14:55:37.378,1.2267,1.22693,1.13,1.05
2011.11.30 14:55:37.948,1.22671,1.22693,1.13,1.05
2011.11.30 14:55:38.716,1.22671,1.22694,1.13,1.05
2011.11.30 14:55:39.299,1.2267,1.22695,1.88,1.05
2011.11.30 14:55:40.543,1.22671,1.22696,1.88,1.05
2011.11.30 14:55:41.385,1.22673,1.22697,2.63,1.05
2011.11.30 14:55:41.994,1.22673,1.22694,2.63,1.05
2011.11.30 14:55:42.591,1.22673,1.22694,1.88,1.05
2011.11.30 14:55:43.842,1.22673,1.22694,1.88,1.05
2011.11.30 14:55:44.366,1.22673,1.22694,1.94,1.05
2011.11.30 14:55:44.611,1.22676,1.22702,1.13,1.05
2011.11.30 14:55:44.726,1.22676,1.22702,1.13,1.05
2011.11.30 14:55:44.848,1.22676,1.22702,1.13,1.05
2011.11.30 14:55:45.971,1.22676,1.22702,1.13,1.05
2011.11.30 14:55:46.841,1.22676,1.227,2.63,2.21
2011.11.30 14:55:47.082,1.22676,1.22699,1.88,1.13
2011.11.30 14:55:47.647,1.22675,1.22698,1.88,1.13
2011.11.30 14:55:49.581,1.22675,1.22699,1.88,1.13
2011.11.30 14:55:49.826,1.22668,1.22696,2.69,1.13
2011.11.30 14:55:50.289,1.22672,1.22696,1.88,1.43
2011.11.30 14:55:50.649,1.22678,1.22696,4.19,1.05
2011.11.30 14:55:51.000,1.22678,1.22697,4.19,1.05
2011.11.30 14:55:51.568,1.22678,1.22701,4.19,1.05
2011.11.30 14:55:51.690,1.22678,1.22702,4.94,1.05
2011.11.30 14:55:52.300,1.2268,1.22704,1.50,1.05
2011.11.30 14:55:53.533,1.22679,1.22704,4.13,1.05
2011.11.30 14:55:54.102,1.22682,1.22704,1.88,1.05
2011.11.30 14:55:54.345,1.22682,1.22701,1.88,4.65
2011.11.30 14:55:54.770,1.22682,1.22704,1.88,1.75
2011.11.30 14:55:55.253,1.22682,1.22701,1.88,1.05
2011.11.30 14:55:55.372,1.22679,1.22701,3.38,1.80
2011.11.30 14:55:55.492,1.22673,1.227,2.63,1.13
2011.11.30 14:55:55.608,1.22673,1.22699,2.63,1.88
2011.11.30 14:55:55.841,1.22672,1.22699,2.63,1.88
2011.11.30 14:55:56.180,1.22672,1.22699,2.63,1.88
2011.11.30 14:55:56.638,1.22671,1.22699,2.63,1.50
2011.11.30 14:55:57.255,1.2268,1.22702,1.50,1.05
2011.11.30 14:55:58.526,1.2268,1.22702,3.00,1.05
2011.11.30 14:55:59.418,1.22679,1.22702,5.63,1.05
2011.11.30 14:55:59.990,1.22679,1.22701,4.88,1.05
2011.11.30 14:56:00.220,1.22675,1.22702,2.63,1.05
2011.11.30 14:56:00.338,1.22675,1.22702,2.63,1.05
2011.11.30 14:56:02.266,1.22681,1.22701,1.50,2.78
2011.11.30 14:56:02.859,1.22679,1.22705,1.56,1.05
2011.11.30 14:56:03.542,1.22681,1.22704,1.50,1.05
2011.11.30 14:56:04.243,1.2268,1.22704,2.25,1.05
2011.11.30 14:56:04.373,1.22675,1.227,1.56,1.13
2011.11.30 14:56:04.495,1.22674,1.22701,2.69,1.46
2011.11.30 14:56:04.619,1.22674,1.22701,2.69,1.46
2011.11.30 14:56:05.333,1.22673,1.227,2.63,1.46
2011.11.30 14:56:05.989,1.22673,1.227,2.63,1.46
2011.11.30 14:56:07.406,1.22679,1.22702,1.50,1.05
2011.11.30 14:56:08.002,1.22677,1.22702,1.50,1.05
2011.11.30 14:56:08.338,1.22677,1.22701,1.50,1.05
2011.11.30 14:56:09.738,1.22677,1.22701,1.50,1.05
2011.11.30 14:56:10.667,1.22677,1.22702,2.25,1.05
2011.11.30 14:56:11.961,1.22682,1.22705,1.50,3.68
2011.11.30 14:56:13.644,1.22681,1.22705,3.38,1.05
2011.11.30 14:56:14.228,1.22681,1.22704,4.13,1.05
2011.11.30 14:56:14.934,1.22681,1.22705,3.38,1.05
2011.11.30 14:56:15.611,1.22681,1.22704,1.88,1.05
2011.11.30 14:56:16.197,1.22681,1.22704,3.38,1.05
2011.11.30 14:56:16.758,1.22681,1.22704,1.88,1.05
2011.11.30 14:56:17.341,1.22681,1.22704,3.38,1.05
2011.11.30 14:56:17.789,1.22681,1.22704,4.13,1.05
2011.11.30 14:56:17.909,1.22681,1.22704,3.38,1.05
2011.11.30 14:56:18.608,1.22681,1.22704,3.38,1.05
2011.11.30 14:56:18.730,1.22682,1.22706,1.50,1.05
2011.11.30 14:56:18.851,1.22685,1.22708,1.50,1.46
2011.11.30 14:56:18.971,1.22689,1.22712,3.75,1.43
2011.11.30 14:56:19.091,1.22689,1.22712,4.50,1.05
2011.11.30 14:56:19.320,1.22689,1.22712,3.75,1.05
2011.11.30 14:56:19.901,1.22691,1.22712,1.50,1.05
2011.11.30 14:56:20.260,1.22684,1.22711,2.63,1.05
2011.11.30 14:56:20.381,1.22684,1.22712,1.88,2.18
2011.11.30 14:56:20.949,1.22683,1.22711,2.63,1.05
2011.11.30 14:56:22.120,1.22681,1.22709,3.38,2.78
2011.11.30 14:56:22.797,1.22681,1.22709,1.50,2.63
2011.11.30 14:56:23.151,1.22681,1.22705,1.50,2.03
2011.11.30 14:56:23.269,1.22681,1.22705,1.50,2.03
2011.11.30 14:56:23.396,1.22679,1.22705,2.63,2.78
2011.11.30 14:56:23.965,1.22679,1.22705,1.50,2.78
2011.11.30 14:56:26.270,1.22675,1.22704,3.38,1.28
2011.11.30 14:56:28.211,1.22673,1.22697,1.50,1.50
2011.11.30 14:56:28.560,1.22673,1.22696,2.63,1.50
2011.11.30 14:56:30.639,1.22673,1.22696,2.63,1.50
2011.11.30 14:56:31.218,1.22672,1.22696,2.63,1.50
2011.11.30 14:56:32.013,1.22672,1.22696,2.63,1.50
2011.11.30 14:56:32.609,1.22672,1.22696,1.88,1.13
2011.11.30 14:56:32.741,1.22669,1.22695,2.63,2.63
2011.11.30 14:56:32.859,1.22669,1.22695,2.63,2.63
2011.11.30 14:56:33.439,1.22669,1.22695,2.63,2.63
2011.11.30 14:56:33.671,1.22668,1.22697,2.63,3.90
2011.11.30 14:56:34.019,1.2267,1.22696,2.63,2.63
2011.11.30 14:56:34.820,1.2267,1.22696,2.63,2.78
2011.11.30 14:56:35.363,1.2267,1.22692,1.88,1.05
2011.11.30 14:56:35.951,1.22668,1.22692,2.63,1.05
2011.11.30 14:56:37.301,1.22668,1.22692,2.63,1.05
2011.11.30 14:56:37.421,1.22668,1.22695,2.63,2.63
2011.11.30 14:56:38.094,1.22668,1.22695,2.63,2.63
2011.11.30 14:56:38.239,1.22668,1.22695,2.63,3.38
2011.11.30 14:56:38.468,1.22668,1.22695,2.63,3.38
2011.11.30 14:56:39.050,1.22668,1.22695,2.63,3.38
2011.11.30 14:56:39.406,1.22668,1.22696,1.13,1.50
2011.11.30 14:56:40.199,1.2267,1.22695,2.63,1.50
2011.11.30 14:56:40.757,1.2267,1.22696,2.63,1.65
2011.11.30 14:56:41.356,1.2267,1.22699,1.88,1.05
2011.11.30 14:56:41.490,1.22678,1.22704,1.50,1.88
2011.11.30 14:56:45.317,1.22678,1.22704,1.50,1.88
2011.11.30 14:56:46.789,1.22678,1.22704,1.50,1.88
2011.11.30 14:56:48.503,1.22678,1.22704,1.50,2.63
2011.11.30 14:56:48.842,1.22675,1.22703,3.38,2.63
2011.11.30 14:56:49.380,1.22675,1.22703,3.38,2.63
2011.11.30 14:56:50.979,1.22675,1.22703,3.38,1.88
2011.11.30 14:56:51.538,1.22675,1.22697,3.38,4.50
2011.11.30 14:56:51.944,1.22675,1.22703,3.38,1.88
2011.11.30 14:56:52.075,1.22672,1.22699,2.63,1.13
2011.11.30 14:56:52.647,1.22671,1.22698,2.69,1.13
2011.11.30 14:56:52.769,1.22671,1.22698,2.63,1.13
2011.11.30 14:56:53.328,1.2267,1.22698,2.63,1.88
2011.11.30 14:56:53.669,1.2267,1.22697,2.63,1.13
2011.11.30 14:56:56.999,1.2267,1.22698,2.63,1.88
2011.11.30 14:56:58.100,1.2267,1.22698,2.63,2.63
2011.11.30 14:56:58.666,1.2267,1.22698,2.63,2.63
2011.11.30 14:56:59.782,1.2267,1.22697,2.63,1.13
2011.11.30 14:57:00.229,1.2267,1.22698,2.63,1.88
2011.11.30 14:57:00.569,1.2267,1.22698,2.63,1.88
2011.11.30 14:57:00.688,1.2267,1.22698,2.63,1.88
2011.11.30 14:57:01.675,1.2267,1.22698,2.63,2.25
2011.11.30 14:57:02.143,1.2267,1.22697,2.63,1.13
2011.11.30 14:57:02.691,1.2267,1.22697,2.63,1.88
2011.11.30 14:57:03.052,1.2267,1.22697,2.63,1.88
2011.11.30 14:57:03.510,1.2267,1.22697,2.63,1.88
2011.11.30 14:57:04.072,1.2267,1.22696,2.63,1.13
2011.11.30 14:57:04.420,1.22667,1.22694,2.63,1.13
2011.11.30 14:57:04.540,1.22667,1.22693,2.63,1.13
2011.11.30 14:57:05.251,1.22667,1.2269,2.63,1.50
2011.11.30 14:57:05.382,1.22667,1.22692,2.63,1.13
2011.11.30 14:57:05.968,1.22667,1.22694,2.63,1.13
2011.11.30 14:57:06.088,1.22667,1.22694,2.63,1.13
2011.11.30 14:57:06.658,1.22667,1.22694,2.63,1.13
2011.11.30 14:57:07.132,1.22667,1.22694,2.63,1.13
2011.11.30 14:57:07.648,1.22667,1.22694,2.63,1.13
2011.11.30 14:57:07.998,1.22667,1.22691,2.63,4.50
2011.11.30 14:57:08.457,1.22667,1.22691,2.63,4.50
2011.11.30 14:57:08.701,1.22667,1.22693,2.63,1.13
2011.11.30 14:57:09.282,1.22663,1.22693,2.63,2.63
2011.11.30 14:57:09.840,1.22663,1.22692,2.63,1.13
2011.11.30 14:57:10.459,1.22663,1.22693,2.63,3.00
2011.11.30 14:57:10.578,1.22663,1.22693,2.63,3.00
2011.11.30 14:57:10.931,1.22661,1.22686,2.63,1.50
2011.11.30 14:57:11.948,1.2266,1.22686,2.63,1.88
2011.11.30 14:57:13.222,1.22661,1.2269,1.13,3.38
2011.11.30 14:57:13.581,1.22663,1.22692,1.13,1.88
2011.11.30 14:57:13.919,1.22664,1.22692,2.63,1.88
2011.11.30 14:57:14.042,1.22664,1.22692,2.63,1.88
2011.11.30 14:57:14.391,1.22664,1.22692,2.63,1.88
2011.11.30 14:57:14.511,1.22664,1.22692,2.63,1.88
2011.11.30 14:57:14.628,1.22664,1.22692,2.63,1.88
2011.11.30 14:57:15.921,1.22664,1.22684,2.63,4.50
2011.11.30 14:57:16.039,1.22664,1.22688,2.63,1.45
2011.11.30 14:57:16.158,1.22664,1.22691,2.63,1.50
2011.11.30 14:57:16.501,1.22664,1.22692,2.63,3.38
2011.11.30 14:57:17.244,1.22664,1.22692,2.63,3.38
2011.11.30 14:57:18.328,1.22664,1.22692,2.63,2.63
2011.11.30 14:57:18.691,1.22668,1.22699,1.50,2.63
2011.11.30 14:57:19.051,1.22667,1.22695,2.63,3.38
2011.11.30 14:57:19.389,1.22667,1.22695,2.63,3.38
2011.11.30 14:57:19.838,1.22667,1.22695,2.63,3.38
2011.11.30 14:57:21.120,1.22667,1.22695,2.63,3.38
2011.11.30 14:57:21.700,1.22667,1.22695,2.63,2.63
2011.11.30 14:57:22.266,1.22667,1.22695,2.63,3.38
2011.11.30 14:57:23.070,1.22673,1.22695,1.50,2.63
2011.11.30 14:57:23.189,1.22673,1.22695,1.50,1.88
2011.11.30 14:57:23.883,1.22673,1.22695,1.50,2.63
2011.11.30 14:57:24.659,1.22673,1.22695,1.50,1.88
2011.11.30 14:57:24.779,1.22675,1.22695,1.50,1.88
2011.11.30 14:57:24.899,1.22675,1.22698,1.50,1.88
2011.11.30 14:57:28.787,1.22675,1.22698,1.50,1.88
2011.11.30 14:57:29.460,1.22675,1.22701,1.50,2.96
2011.11.30 14:57:30.017,1.22674,1.22701,2.25,2.96
2011.11.30 14:57:30.664,1.22674,1.22699,1.50,3.34
2011.11.30 14:57:30.794,1.22674,1.22699,1.50,3.34
2011.11.30 14:57:31.717,1.22674,1.22699,1.50,3.34
2011.11.30 14:57:32.300,1.22673,1.22699,3.38,1.46
2011.11.30 14:57:32.418,1.22673,1.22699,1.50,1.46
2011.11.30 14:57:33.869,1.22674,1.22698,1.50,2.63
2011.11.30 14:57:35.272,1.22671,1.22698,3.00,2.63
2011.11.30 14:57:35.617,1.22674,1.22699,1.50,2.21
2011.11.30 14:57:36.190,1.22673,1.22698,1.50,1.46
2011.11.30 14:57:37.045,1.22674,1.227,1.50,1.46
2011.11.30 14:57:37.277,1.22673,1.22699,1.50,1.46
2011.11.30 14:57:37.513,1.22673,1.22699,1.50,2.21
2011.11.30 14:57:37.861,1.22671,1.22698,1.50,2.63
2011.11.30 14:57:38.091,1.22672,1.22698,1.50,3.34
2011.11.30 14:57:38.335,1.22672,1.22699,1.50,2.21
2011.11.30 14:57:39.326,1.22672,1.22699,1.50,1.46
2011.11.30 14:57:39.907,1.22672,1.22699,2.25,1.46
2011.11.30 14:57:40.550,1.22674,1.22699,2.63,1.46
2011.11.30 14:57:41.376,1.22674,1.22699,2.63,1.46
2011.11.30 14:57:42.116,1.22674,1.22699,2.63,1.46
2011.11.30 14:57:42.981,1.22674,1.22699,2.63,1.46
2011.11.30 14:57:43.516,1.22674,1.22699,2.63,1.46
2011.11.30 14:57:43.971,1.22672,1.22699,1.50,1.46
2011.11.30 14:57:44.671,1.22672,1.22699,2.25,3.34
2011.11.30 14:57:45.899,1.22672,1.22699,2.25,1.46
2011.11.30 14:57:46.793,1.22673,1.22699,2.63,1.46
2011.11.30 14:57:47.296,1.22673,1.22699,2.63,1.46
2011.11.30 14:57:47.889,1.22673,1.22698,3.75,1.46
2011.11.30 14:57:48.824,1.22673,1.22699,3.38,1.46
2011.11.30 14:57:49.071,1.22674,1.22699,2.25,1.46
2011.11.30 14:57:50.389,1.22674,1.22699,1.50,1.46
2011.11.30 14:57:50.960,1.22674,1.22699,1.50,1.46
2011.11.30 14:57:51.522,1.22674,1.22699,2.25,1.46
2011.11.30 14:57:52.086,1.22673,1.22699,3.38,1.46
2011.11.30 14:57:52.553,1.22674,1.22698,2.25,5.21
2011.11.30 14:57:53.614,1.22674,1.22696,1.50,1.50
2011.11.30 14:57:54.611,1.22673,1.22698,1.50,4.50
2011.11.30 14:57:54.729,1.22674,1.22699,1.50,1.46
2011.11.30 14:57:56.135,1.22673,1.22699,3.38,1.46
2011.11.30 14:57:57.205,1.22674,1.22698,1.50,2.21
2011.11.30 14:57:58.360,1.22674,1.22698,1.50,1.46
2011.11.30 14:57:59.000,1.22675,1.22699,2.25,1.46
2011.11.30 14:58:00.908,1.22675,1.22698,2.25,1.50
2011.11.30 14:58:01.479,1.22675,1.22698,1.50,2.21
2011.11.30 14:58:02.060,1.22673,1.22699,3.38,5.25
2011.11.30 14:58:03.551,1.22673,1.22702,1.88,2.20
2011.11.30 14:58:07.011,1.22676,1.22701,1.50,2.25
2011.11.30 14:58:07.614,1.22674,1.22701,7.13,1.50
2011.11.30 14:58:07.740,1.22674,1.22704,7.13,1.13
2011.11.30 14:58:08.640,1.22672,1.22702,4.88,1.13
2011.11.30 14:58:08.763,1.22674,1.22701,1.50,1.13
2011.11.30 14:58:09.109,1.22673,1.22698,1.50,4.50
2011.11.30 14:58:09.569,1.22671,1.22698,1.50,5.25
2011.11.30 14:58:10.639,1.22671,1.22697,1.50,1.50
2011.11.30 14:58:11.174,1.22671,1.22698,2.25,5.25
2011.11.30 14:58:11.295,1.22674,1.22701,3.38,1.50
2011.11.30 14:58:13.532,1.22675,1.22701,1.50,1.50
2011.11.30 14:58:13.766,1.22675,1.22701,1.50,1.50
2011.11.30 14:58:14.328,1.22675,1.22701,1.50,1.50
2011.11.30 14:58:14.668,1.22675,1.22701,1.50,1.50
2011.11.30 14:58:14.896,1.22675,1.22701,1.50,1.50
2011.11.30 14:58:15.596,1.22675,1.22701,1.50,1.50
2011.11.30 14:58:16.177,1.22674,1.22704,1.50,1.13
2011.11.30 14:58:17.067,1.22675,1.227,1.50,1.50
2011.11.30 14:58:18.361,1.22675,1.22702,1.50,3.38
2011.11.30 14:58:19.993,1.22675,1.22697,1.50,1.46
2011.11.30 14:58:20.115,1.22674,1.22695,2.63,1.07
2011.11.30 14:58:20.363,1.22674,1.22698,1.50,1.50
2011.11.30 14:58:23.538,1.22674,1.22698,1.50,1.50
2011.11.30 14:58:23.989,1.22671,1.22697,2.63,1.50
2011.11.30 14:58:24.330,1.22669,1.22698,2.63,1.50
2011.11.30 14:58:24.906,1.22669,1.22698,1.50,3.38
2011.11.30 14:58:25.688,1.22669,1.22698,1.50,3.38
2011.11.30 14:58:28.038,1.22668,1.22698,4.13,3.38
2011.11.30 14:58:30.598,1.22668,1.22698,2.63,3.38
2011.11.30 14:58:30.951,1.2267,1.22697,1.50,1.50
2011.11.30 14:58:31.301,1.22671,1.22698,1.13,1.88
2011.11.30 14:58:31.858,1.22674,1.22698,1.13,1.88
2011.11.30 14:58:32.889,1.22676,1.22698,1.13,1.88
2011.11.30 14:58:33.588,1.22671,1.22698,1.13,1.88
2011.11.30 14:58:35.218,1.22674,1.22698,2.25,1.88
2011.11.30 14:58:35.897,1.22674,1.22698,1.50,1.88
2011.11.30 14:58:38.169,1.22674,1.22698,3.00,1.88
2011.11.30 14:58:40.229,1.22674,1.22698,3.75,1.88
2011.11.30 14:58:41.008,1.22673,1.22698,4.50,1.88
2011.11.30 14:58:41.938,1.2267,1.22698,1.88,2.63
2011.11.30 14:58:42.392,1.22671,1.22697,1.50,2.63
2011.11.30 14:58:42.841,1.22677,1.22697,4.50,2.63
2011.11.30 14:58:43.069,1.22673,1.22697,1.19,1.88
2011.11.30 14:58:43.299,1.22669,1.22697,2.63,2.63
2011.11.30 14:58:45.819,1.22669,1.22697,2.63,2.63
2011.11.30 14:58:45.942,1.22669,1.22697,4.13,1.88
2011.11.30 14:58:47.490,1.22676,1.22697,1.50,1.88
2011.11.30 14:58:48.059,1.22677,1.22698,1.50,1.88
2011.11.30 14:58:48.409,1.22683,1.22706,3.75,2.18
2011.11.30 14:58:48.987,1.22683,1.22706,3.75,2.18
2011.11.30 14:58:49.662,1.22683,1.22706,3.75,2.03
2011.11.30 14:58:50.010,1.22683,1.22706,3.75,2.18
2011.11.30 14:58:50.657,1.22683,1.22706,3.75,2.03
2011.11.30 14:58:51.217,1.22683,1.22706,3.75,2.03
2011.11.30 14:58:51.777,1.22686,1.22706,1.50,2.18
2011.11.30 14:58:52.119,1.22686,1.22706,1.50,2.03
2011.11.30 14:58:52.575,1.22686,1.22706,1.50,2.18
2011.11.30 14:58:53.488,1.22684,1.22706,1.50,2.03
2011.11.30 14:58:54.084,1.22684,1.22706,1.50,2.03
2011.11.30 14:58:55.002,1.22682,1.22706,1.50,2.78
2011.11.30 14:58:55.580,1.22679,1.22706,2.25,2.93
2011.11.30 14:58:56.149,1.22679,1.22706,2.25,2.93
2011.11.30 14:58:56.725,1.22679,1.22706,2.25,2.78
2011.11.30 14:58:57.709,1.22686,1.22706,5.25,2.18
2011.11.30 14:58:58.411,1.22686,1.2271,4.88,2.78
2011.11.30 14:58:58.748,1.22688,1.2271,1.50,2.59
2011.11.30 14:58:59.451,1.22686,1.22709,4.50,2.63
2011.11.30 14:59:00.039,1.22686,1.22709,5.25,1.50
2011.11.30 14:59:00.625,1.22686,1.22711,4.50,3.00
2011.11.30 14:59:01.737,1.22686,1.2271,5.25,1.50
2011.11.30 14:59:04.249,1.22684,1.22712,1.50,2.63
2011.11.30 14:59:08.289,1.22683,1.22712,2.63,3.08
2011.11.30 14:59:08.859,1.22683,1.2271,2.63,1.58
2011.11.30 14:59:09.428,1.22684,1.22712,1.50,2.33
2011.11.30 14:59:09.839,1.22684,1.22709,1.50,1.58
2011.11.30 14:59:10.528,1.22684,1.22712,2.63,4.20
2011.11.30 14:59:13.449,1.22684,1.22711,3.38,1.58
2011.11.30 14:59:14.448,1.22684,1.22712,3.38,4.20
2011.11.30 14:59:14.965,1.22687,1.22707,4.50,1.58
2011.11.30 14:59:15.538,1.22687,1.22712,4.50,4.20
2011.11.30 14:59:16.098,1.22684,1.22712,2.69,4.20
2011.11.30 14:59:16.658,1.22684,1.22711,3.38,2.33
2011.11.30 14:59:17.309,1.22684,1.22708,1.13,1.58
2011.11.30 14:59:18.111,1.22684,1.22702,1.50,1.50
2011.11.30 14:59:19.773,1.22685,1.22703,1.50,1.50
2011.11.30 14:59:19.998,1.22684,1.22703,1.50,1.50
2011.11.30 14:59:20.117,1.22683,1.22703,3.00,1.50
2011.11.30 14:59:21.019,1.22683,1.22703,1.88,1.50
2011.11.30 14:59:21.823,1.22683,1.22703,2.63,1.50
2011.11.30 14:59:21.941,1.22683,1.22703,5.63,1.50
2011.11.30 14:59:23.754,1.22696,1.22704,4.50,1.50
2011.11.30 14:59:24.099,1.22696,1.22709,5.25,1.58
2011.11.30 14:59:26.102,1.2269,1.22709,1.50,1.50
2011.11.30 14:59:28.140,1.2269,1.22709,1.50,1.50
2011.11.30 14:59:28.697,1.22686,1.22709,2.63,1.50
2011.11.30 14:59:29.507,1.22686,1.22709,2.63,1.50
2011.11.30 14:59:30.791,1.22689,1.22709,3.00,1.50
2011.11.30 14:59:31.356,1.22691,1.22709,1.50,1.50
2011.11.30 14:59:31.920,1.22686,1.22709,1.88,1.50
2011.11.30 14:59:33.978,1.22687,1.22709,3.75,1.50
2011.11.30 14:59:34.430,1.22687,1.22709,3.75,1.50
2011.11.30 14:59:34.773,1.22687,1.22703,5.25,1.50
2011.11.30 14:59:36.891,1.22687,1.22704,5.25,2.25
2011.11.30 14:59:37.237,1.22687,1.22709,5.25,1.50
2011.11.30 14:59:37.360,1.22687,1.22709,3.75,1.50
2011.11.30 14:59:37.699,1.22687,1.22703,3.75,1.50
2011.11.30 14:59:37.821,1.22687,1.22703,3.75,1.50
2011.11.30 14:59:38.284,1.22685,1.22703,4.50,1.50
2011.11.30 14:59:38.414,1.22686,1.22709,1.50,1.50
2011.11.30 14:59:38.900,1.22687,1.22709,1.50,1.50
2011.11.30 14:59:39.490,1.22685,1.22709,6.11,1.50
2011.11.30 14:59:41.067,1.22688,1.22709,1.50,1.50
2011.11.30 14:59:41.795,1.22687,1.22709,1.50,1.50
2011.11.30 14:59:41.923,1.22686,1.22709,1.50,1.50
2011.11.30 14:59:42.044,1.22683,1.22708,1.50,1.50
2011.11.30 14:59:42.169,1.2268,1.22708,3.00,1.50
2011.11.30 14:59:42.288,1.2268,1.22708,2.63,1.50
2011.11.30 14:59:42.846,1.2268,1.22708,2.25,2.25
2011.11.30 14:59:43.408,1.22679,1.22707,3.38,1.50
2011.11.30 14:59:43.529,1.22679,1.22704,3.38,2.25
2011.11.30 14:59:43.870,1.22678,1.22695,2.25,1.50
2011.11.30 14:59:43.990,1.22678,1.22698,2.25,1.50
2011.11.30 14:59:44.547,1.22675,1.227,1.50,2.25
2011.11.30 14:59:45.107,1.22675,1.22699,1.50,1.50
2011.11.30 14:59:45.340,1.22675,1.227,1.50,2.25
2011.11.30 14:59:45.463,1.22674,1.22698,1.50,1.50
2011.11.30 14:59:45.797,1.22678,1.22698,1.50,1.50
2011.11.30 14:59:46.141,1.22679,1.227,1.50,1.50
2011.11.30 14:59:46.502,1.22679,1.227,1.50,1.50
2011.11.30 14:59:47.078,1.22678,1.227,2.25,1.50
2011.11.30 14:59:47.324,1.22677,1.227,2.25,1.50
2011.11.30 14:59:47.684,1.22675,1.227,4.88,1.50
2011.11.30 14:59:47.819,1.22679,1.227,3.75,1.50
2011.11.30 14:59:47.941,1.22679,1.227,3.75,1.50
2011.11.30 14:59:48.065,1.22679,1.227,3.75,1.50
2011.11.30 14:59:48.408,1.22679,1.227,3.75,1.50
2011.11.30 14:59:48.968,1.22679,1.227,3.75,1.50
2011.11.30 14:59:50.301,1.22677,1.227,1.50,1.50
2011.11.30 14:59:50.530,1.22677,1.227,1.50,1.50
2011.11.30 14:59:50.650,1.22674,1.22694,1.50,1.50
2011.11.30 14:59:50.999,1.22674,1.22694,2.25,1.50
2011.11.30 14:59:51.450,1.22677,1.22709,1.50,1.50
2011.11.30 14:59:51.679,1.22681,1.2271,1.50,2.25
2011.11.30 14:59:52.239,1.22679,1.2271,1.50,2.25
2011.11.30 14:59:52.796,1.22679,1.2271,1.50,2.25
2011.11.30 14:59:52.920,1.22679,1.22711,1.50,2.25
2011.11.30 14:59:53.039,1.22679,1.22711,1.50,2.25
2011.11.30 14:59:53.157,1.22679,1.22711,1.50,2.25
2011.11.30 14:59:54.269,1.22679,1.22711,1.50,3.75
2011.11.30 14:59:54.827,1.22679,1.22711,2.25,3.75
2011.11.30 14:59:54.950,1.22679,1.22711,1.50,3.75
2011.11.30 14:59:55.068,1.22678,1.22712,3.00,3.75
2011.11.30 14:59:55.188,1.22678,1.22712,3.00,3.75
2011.11.30 14:59:55.795,1.22676,1.22711,3.00,3.75
2011.11.30 14:59:55.921,1.22681,1.22711,1.50,3.75
2011.11.30 14:59:56.039,1.22681,1.22711,1.50,3.75
2011.11.30 14:59:56.488,1.22681,1.22711,1.50,3.75
2011.11.30 14:59:56.608,1.22682,1.22711,1.50,3.75
2011.11.30 14:59:57.073,1.2268,1.22711,1.50,3.75
2011.11.30 14:59:57.522,1.22685,1.22711,1.50,3.75
2011.11.30 14:59:57.881,1.22689,1.22712,1.50,3.00
2011.11.30 14:59:58.405,1.22687,1.22718,1.50,1.13
2011.11.30 14:59:58.653,1.22686,1.22718,1.50,1.13
2011.11.30 14:59:58.890,1.22682,1.22717,1.50,1.13
2011.11.30 14:59:59.460,1.22683,1.22718,1.50,1.13
2011.11.30 14:59:59.799,1.22683,1.22718,1.50,1.13
