2010.09.01 10:00:00.176,1.297,1.29725,4.80,4.00
2010.09.01 10:00:01.948,1.297,1.29725,4.80,3.20
2010.09.01 10:00:02.171,1.297,1.29725,8.80,2.40
2010.09.01 10:00:03.086,1.297,1.29725,4.80,3.20
2010.09.01 10:00:03.754,1.297,1.29725,4.80,4.00
2010.09.01 10:00:09.135,1.29685,1.29705,5.20,7.40
2010.09.01 10:00:09.479,1.29685,1.297,1.60,1.00
2010.09.01 10:00:12.540,1.2968,1.29695,1.60,1.00
2010.09.01 10:00:13.323,1.29675,1.29695,2.40,4.80
2010.09.01 10:00:13.538,1.29675,1.29695,2.40,5.60
2010.09.01 10:00:13.758,1.29685,1.29695,1.60,4.80
2010.09.01 10:00:13.981,1.29685,1.297,1.60,5.90
2010.09.01 10:00:14.712,1.29685,1.297,1.60,1.80
2010.09.01 10:00:16.359,1.29685,1.297,1.60,1.00
2010.09.01 10:00:17.109,1.29685,1.297,1.60,1.80
2010.09.01 10:00:18.125,1.29685,1.297,1.60,1.00
2010.09.01 10:00:19.253,1.29685,1.297,2.40,1.00
2010.09.01 10:00:19.597,1.29685,1.29705,2.40,3.20
2010.09.01 10:00:21.364,1.29685,1.29705,4.00,7.20
2010.09.01 10:00:21.934,1.29685,1.29705,2.40,7.20
2010.09.01 10:00:22.194,1.29685,1.29705,2.40,3.20
2010.09.01 10:00:23.032,1.29685,1.29705,4.00,3.20
2010.09.01 10:00:23.597,1.29685,1.297,1.60,1.00
2010.09.01 10:00:29.548,1.29685,1.297,1.60,1.00
2010.09.01 10:00:32.067,1.29685,1.297,1.60,1.00
2010.09.01 10:00:33.445,1.2969,1.29705,2.40,1.00
2010.09.01 10:00:33.700,1.2969,1.2971,3.20,6.60
2010.09.01 10:00:35.024,1.297,1.2971,2.40,4.80
2010.09.01 10:00:35.783,1.29705,1.2972,1.00,1.80
2010.09.01 10:00:36.065,1.2971,1.29725,6.40,1.00
2010.09.01 10:00:36.338,1.2971,1.2973,6.40,2.60
2010.09.01 10:00:38.545,1.2971,1.2973,8.80,2.60
2010.09.01 10:00:43.244,1.2971,1.2973,9.60,2.60
2010.09.01 10:00:43.432,1.2971,1.2973,10.40,2.60
2010.09.01 10:00:45.126,1.29715,1.2973,1.00,1.80
2010.09.01 10:00:45.377,1.29715,1.29735,10.40,4.20
2010.09.01 10:00:45.859,1.29715,1.29735,8.80,5.80
2010.09.01 10:00:46.590,1.29715,1.29735,8.80,4.20
2010.09.01 10:00:46.849,1.29715,1.2973,4.80,1.00
2010.09.01 10:00:47.051,1.29715,1.2973,1.00,1.00
2010.09.01 10:00:48.584,1.29715,1.29735,8.00,7.40
2010.09.01 10:00:49.153,1.29715,1.29735,8.00,9.00
2010.09.01 10:00:49.513,1.2971,1.2973,11.30,1.80
2010.09.01 10:00:50.091,1.2971,1.2973,13.70,2.60
2010.09.01 10:00:50.464,1.2971,1.2973,4.10,4.20
2010.09.01 10:00:51.325,1.2971,1.2973,9.70,3.40
2010.09.01 10:00:51.597,1.2971,1.2973,1.00,3.40
2010.09.01 10:00:51.866,1.2971,1.2973,1.00,5.00
2010.09.01 10:00:52.136,1.2971,1.2973,1.00,7.40
2010.09.01 10:00:54.692,1.29705,1.29725,1.00,1.60
2010.09.01 10:00:59.375,1.29705,1.2973,12.00,7.40
2010.09.01 10:01:08.456,1.29705,1.2973,8.00,7.40
2010.09.01 10:01:09.160,1.29705,1.2973,9.60,7.40
2010.09.01 10:01:10.788,1.297,1.2973,17.60,8.20
2010.09.01 10:01:11.061,1.29705,1.2973,8.00,7.40
2010.09.01 10:01:12.173,1.29705,1.2973,8.80,7.40
2010.09.01 10:01:12.896,1.29705,1.2973,8.80,5.80
2010.09.01 10:01:13.056,1.2971,1.2973,1.00,5.60
2010.09.01 10:01:13.611,1.2971,1.2973,1.00,4.80
2010.09.01 10:01:13.845,1.2971,1.2973,10.40,1.80
2010.09.01 10:01:14.069,1.2971,1.2973,5.60,7.20
2010.09.01 10:01:14.298,1.2971,1.2973,1.00,7.20
2010.09.01 10:01:15.473,1.29705,1.29725,5.60,1.60
2010.09.01 10:01:15.790,1.29705,1.29725,7.20,1.60
2010.09.01 10:01:16.101,1.29705,1.2973,14.40,7.20
2010.09.01 10:01:16.683,1.2971,1.2973,1.00,7.20
2010.09.01 10:01:16.959,1.29705,1.2973,1.60,7.20
2010.09.01 10:01:17.224,1.29705,1.29725,5.60,1.60
2010.09.01 10:01:17.959,1.29705,1.29725,1.60,1.60
2010.09.01 10:01:21.116,1.29705,1.29725,1.00,1.60
2010.09.01 10:01:23.245,1.29705,1.2973,1.00,7.20
2010.09.01 10:01:23.323,1.29705,1.2973,8.00,7.20
2010.09.01 10:01:24.491,1.29705,1.2973,8.10,7.20
2010.09.01 10:01:24.795,1.29705,1.2973,8.90,7.20
2010.09.01 10:01:26.633,1.29705,1.2973,8.80,7.20
2010.09.01 10:01:31.403,1.29705,1.2973,8.80,7.20
2010.09.01 10:01:33.067,1.29705,1.2973,8.00,7.20
2010.09.01 10:01:33.299,1.29705,1.2972,5.60,1.00
2010.09.01 10:01:34.019,1.297,1.2972,17.60,1.00
2010.09.01 10:01:34.371,1.297,1.2972,10.40,1.00
2010.09.01 10:01:35.569,1.297,1.2972,10.50,1.00
2010.09.01 10:01:37.009,1.297,1.2972,10.40,1.00
2010.09.01 10:01:40.195,1.29705,1.2972,1.00,1.00
2010.09.01 10:01:43.549,1.297,1.2972,10.50,1.00
2010.09.01 10:01:45.339,1.297,1.2972,10.40,1.00
2010.09.01 10:01:49.485,1.297,1.2972,10.40,1.00
2010.09.01 10:01:49.699,1.297,1.2972,10.50,1.00
2010.09.01 10:01:51.203,1.297,1.2972,9.70,1.00
2010.09.01 10:01:51.364,1.297,1.2972,8.80,1.00
2010.09.01 10:01:51.525,1.297,1.29715,8.80,1.00
2010.09.01 10:01:53.517,1.297,1.29715,8.90,1.00
2010.09.01 10:01:55.986,1.297,1.2971,8.90,1.00
2010.09.01 10:01:56.140,1.29695,1.2971,9.70,1.00
2010.09.01 10:01:57.311,1.29695,1.2971,9.60,1.00
2010.09.01 10:01:57.536,1.29695,1.2971,16.10,1.00
2010.09.01 10:01:57.758,1.29695,1.2971,16.00,1.00
2010.09.01 10:02:00.174,1.29695,1.2971,16.10,1.00
2010.09.01 10:02:05.126,1.29695,1.2971,16.00,1.00
2010.09.01 10:02:05.267,1.29695,1.2971,16.00,1.00
2010.09.01 10:02:05.355,1.29695,1.2971,13.60,1.00
2010.09.01 10:02:05.515,1.29695,1.2971,9.60,1.00
2010.09.01 10:02:06.884,1.29695,1.29715,9.60,1.00
2010.09.01 10:02:07.086,1.29695,1.2972,9.70,7.40
2010.09.01 10:02:07.284,1.29695,1.2972,9.70,6.60
2010.09.01 10:02:09.454,1.29695,1.2972,9.60,6.60
2010.09.01 10:02:10.014,1.29695,1.2972,9.60,5.00
2010.09.01 10:02:13.026,1.29695,1.2972,9.70,5.00
2010.09.01 10:02:14.319,1.297,1.2972,2.40,2.60
2010.09.01 10:02:14.511,1.297,1.2972,3.20,2.60
2010.09.01 10:02:14.706,1.297,1.2972,3.20,2.60
2010.09.01 10:02:16.151,1.297,1.2972,3.30,2.60
2010.09.01 10:02:16.578,1.297,1.2972,3.20,2.60
2010.09.01 10:02:16.798,1.297,1.2972,8.00,2.60
2010.09.01 10:02:17.277,1.297,1.2972,9.70,2.60
2010.09.01 10:02:18.068,1.297,1.2972,10.40,1.00
2010.09.01 10:02:18.330,1.297,1.2972,8.00,2.40
2010.09.01 10:02:20.575,1.297,1.2972,12.00,2.40
2010.09.01 10:02:20.795,1.297,1.2972,14.40,2.40
2010.09.01 10:02:29.486,1.297,1.2972,14.40,4.00
2010.09.01 10:02:29.711,1.297,1.2972,10.40,2.40
2010.09.01 10:02:29.944,1.297,1.2972,2.40,2.40
2010.09.01 10:02:30.625,1.297,1.2972,1.00,2.40
2010.09.01 10:02:30.929,1.2969,1.29715,8.00,1.60
2010.09.01 10:02:31.278,1.2969,1.29715,7.20,1.60
2010.09.01 10:02:38.956,1.2969,1.29715,5.60,3.20
2010.09.01 10:02:39.652,1.29685,1.2971,8.80,1.00
2010.09.01 10:02:39.794,1.29685,1.2971,8.00,2.40
2010.09.01 10:02:43.590,1.29685,1.2971,5.60,3.20
2010.09.01 10:02:43.751,1.29685,1.2971,6.40,8.00
2010.09.01 10:02:44.412,1.29685,1.2971,2.40,7.20
2010.09.01 10:02:44.771,1.29685,1.2971,1.60,13.60
2010.09.01 10:02:44.930,1.29685,1.2971,2.40,12.80
2010.09.01 10:02:45.096,1.29685,1.2971,6.40,6.40
2010.09.01 10:02:46.087,1.29695,1.29715,8.00,2.60
2010.09.01 10:02:46.292,1.29695,1.29715,10.40,2.40
2010.09.01 10:02:46.490,1.29695,1.2972,10.40,9.00
2010.09.01 10:02:46.697,1.297,1.2972,10.40,3.20
2010.09.01 10:02:47.409,1.297,1.2972,11.20,2.40
2010.09.01 10:02:47.706,1.297,1.2972,9.60,2.40
2010.09.01 10:02:48.268,1.297,1.2972,8.80,2.40
2010.09.01 10:02:48.564,1.29705,1.2972,2.40,1.00
2010.09.01 10:02:49.099,1.29705,1.2972,6.40,1.00
2010.09.01 10:02:49.404,1.29705,1.29725,9.60,4.00
2010.09.01 10:02:49.708,1.29705,1.29725,9.60,5.00
2010.09.01 10:02:50.032,1.297,1.29725,13.70,9.00
2010.09.01 10:02:50.686,1.297,1.2972,10.50,1.00
2010.09.01 10:02:52.131,1.297,1.2972,8.00,1.80
2010.09.01 10:02:52.449,1.297,1.2972,8.00,3.40
2010.09.01 10:02:52.766,1.297,1.2972,8.00,2.40
2010.09.01 10:02:54.835,1.297,1.2972,8.00,4.00
2010.09.01 10:02:55.058,1.297,1.29715,5.60,2.40
2010.09.01 10:02:55.288,1.29695,1.29715,4.80,2.40
2010.09.01 10:02:55.467,1.29695,1.2971,1.00,1.00
2010.09.01 10:03:06.598,1.29685,1.2971,12.80,1.00
2010.09.01 10:03:10.020,1.29685,1.29715,12.80,6.40
2010.09.01 10:03:13.664,1.29685,1.297,12.80,6.00
2010.09.01 10:03:13.880,1.2968,1.29685,10.40,1.60
2010.09.01 10:03:14.554,1.2967,1.29685,1.60,1.00
2010.09.01 10:03:14.913,1.29655,1.29675,2.40,2.40
2010.09.01 10:03:15.731,1.2965,1.2967,1.00,2.40
2010.09.01 10:03:15.984,1.29645,1.2967,4.00,4.00
2010.09.01 10:03:16.707,1.2965,1.2967,1.60,4.00
2010.09.01 10:03:19.986,1.29645,1.2967,5.60,4.80
2010.09.01 10:03:20.300,1.2964,1.29665,10.40,5.60
2010.09.01 10:03:21.139,1.2964,1.29665,6.40,3.20
2010.09.01 10:03:21.482,1.2964,1.29665,8.80,3.20
2010.09.01 10:03:22.429,1.2964,1.29665,8.80,2.40
2010.09.01 10:03:23.721,1.2964,1.29665,8.80,1.60
2010.09.01 10:03:24.034,1.29645,1.29665,2.40,1.60
2010.09.01 10:03:26.644,1.29645,1.29665,1.60,2.40
2010.09.01 10:03:27.170,1.29645,1.29665,1.60,5.60
2010.09.01 10:03:27.409,1.2964,1.2966,2.40,1.60
2010.09.01 10:03:27.630,1.2964,1.2966,2.40,6.40
2010.09.01 10:03:27.849,1.2964,1.2966,2.40,7.20
2010.09.01 10:03:30.296,1.2964,1.2966,2.40,11.20
2010.09.01 10:03:30.996,1.2964,1.29655,1.60,1.00
2010.09.01 10:03:31.246,1.29635,1.2965,1.60,4.20
2010.09.01 10:03:31.853,1.2963,1.2965,4.00,6.60
2010.09.01 10:03:32.092,1.29625,1.2965,3.40,8.20
2010.09.01 10:03:32.396,1.29625,1.2965,2.60,8.20
2010.09.01 10:03:32.708,1.29625,1.2965,2.60,2.40
2010.09.01 10:03:33.527,1.29625,1.2965,6.60,1.00
2010.09.01 10:03:33.830,1.29625,1.2965,6.40,1.00
2010.09.01 10:03:34.964,1.2963,1.2965,5.60,1.00
2010.09.01 10:03:35.313,1.2963,1.29655,8.00,4.00
2010.09.01 10:03:36.068,1.2963,1.29655,14.40,2.40
2010.09.01 10:03:36.314,1.2963,1.29655,15.20,2.40
2010.09.01 10:03:36.777,1.29635,1.29655,1.80,2.40
2010.09.01 10:03:37.010,1.2964,1.29655,1.00,2.40
2010.09.01 10:03:37.556,1.2964,1.29655,1.60,1.60
2010.09.01 10:03:40.225,1.29635,1.29655,12.20,3.20
2010.09.01 10:03:41.215,1.29635,1.29655,8.20,3.20
2010.09.01 10:03:41.913,1.29645,1.29655,1.00,3.20
2010.09.01 10:03:42.576,1.29645,1.29655,1.00,1.60
2010.09.01 10:03:42.866,1.29645,1.29665,2.60,7.20
2010.09.01 10:03:43.401,1.29645,1.29665,2.60,8.00
2010.09.01 10:03:44.019,1.29645,1.2966,2.40,2.40
2010.09.01 10:03:44.296,1.29655,1.2967,1.00,2.40
2010.09.01 10:03:44.568,1.2966,1.29675,3.20,7.20
2010.09.01 10:03:45.235,1.29665,1.29675,1.00,1.00
2010.09.01 10:03:45.497,1.29675,1.2969,1.60,5.00
2010.09.01 10:03:45.823,1.2967,1.2969,4.80,6.60
2010.09.01 10:03:46.651,1.2967,1.2969,1.00,5.60
2010.09.01 10:03:48.070,1.2967,1.29675,1.00,1.00
2010.09.01 10:03:48.706,1.2967,1.29675,1.00,2.40
2010.09.01 10:03:48.916,1.29665,1.29685,1.00,3.20
2010.09.01 10:03:49.122,1.29665,1.29685,1.80,4.00
2010.09.01 10:03:49.332,1.29665,1.29685,1.80,2.40
2010.09.01 10:03:49.539,1.29665,1.29685,1.80,4.00
2010.09.01 10:03:50.263,1.29665,1.29685,1.00,4.00
2010.09.01 10:03:50.620,1.2966,1.2968,3.20,3.20
2010.09.01 10:03:51.473,1.2966,1.2968,2.40,4.00
2010.09.01 10:03:51.508,1.2966,1.2968,1.00,4.00
2010.09.01 10:03:51.821,1.2966,1.2967,1.00,11.20
2010.09.01 10:03:52.113,1.29645,1.2967,1.60,12.80
2010.09.01 10:03:52.852,1.29645,1.2967,1.60,15.20
2010.09.01 10:03:53.119,1.2966,1.2967,1.00,15.20
2010.09.01 10:03:53.299,1.2966,1.2967,1.00,8.00
2010.09.01 10:03:53.480,1.2966,1.2967,2.60,8.80
2010.09.01 10:03:53.660,1.29665,1.2967,2.40,3.20
2010.09.01 10:03:53.838,1.2967,1.29685,1.00,5.60
2010.09.01 10:03:54.509,1.2967,1.29685,1.00,1.60
2010.09.01 10:03:56.478,1.2966,1.29685,2.40,4.00
2010.09.01 10:03:56.767,1.29655,1.2968,4.00,1.00
2010.09.01 10:03:56.936,1.29655,1.2968,6.40,1.00
2010.09.01 10:03:58.221,1.2967,1.29685,1.00,5.20
2010.09.01 10:03:58.482,1.2967,1.29685,6.40,1.00
2010.09.01 10:03:58.742,1.29675,1.2969,1.60,8.00
2010.09.01 10:03:59.617,1.29675,1.2969,1.60,1.60
2010.09.01 10:03:59.961,1.2967,1.29685,4.00,1.00
2010.09.01 10:04:00.075,1.29665,1.29685,3.20,1.00
2010.09.01 10:04:00.196,1.29665,1.29685,1.00,1.00
2010.09.01 10:04:01.969,1.2966,1.2968,2.40,3.20
2010.09.01 10:04:02.100,1.2966,1.2968,4.00,1.00
2010.09.01 10:04:02.227,1.2966,1.2968,8.00,1.00
2010.09.01 10:04:02.477,1.2966,1.29685,8.00,4.40
2010.09.01 10:04:02.606,1.2966,1.29685,8.00,4.00
2010.09.01 10:04:02.856,1.2966,1.29685,14.40,4.00
2010.09.01 10:04:03.392,1.2966,1.2968,14.40,1.00
2010.09.01 10:04:03.602,1.2966,1.2968,1.00,1.00
2010.09.01 10:04:06.864,1.2966,1.29685,1.00,8.00
2010.09.01 10:04:07.546,1.2966,1.29685,4.80,4.00
2010.09.01 10:04:08.118,1.2966,1.29685,10.80,4.00
2010.09.01 10:04:08.429,1.29675,1.2969,2.60,4.40
2010.09.01 10:04:09.187,1.2968,1.29695,1.00,2.60
2010.09.01 10:04:09.405,1.2967,1.29695,13.60,2.60
2010.09.01 10:04:09.618,1.2967,1.2969,2.40,2.40
2010.09.01 10:04:09.827,1.29665,1.2969,6.40,2.40
2010.09.01 10:04:10.039,1.2967,1.2969,1.00,2.40
2010.09.01 10:04:15.545,1.29665,1.2969,4.80,2.40
2010.09.01 10:04:15.734,1.29665,1.2969,4.80,4.00
2010.09.01 10:04:17.966,1.29665,1.2969,1.00,4.00
2010.09.01 10:04:19.982,1.2966,1.2969,12.80,4.00
2010.09.01 10:04:20.186,1.2966,1.2969,12.80,4.80
2010.09.01 10:04:20.288,1.2966,1.2969,11.20,4.80
2010.09.01 10:04:22.097,1.2966,1.2968,11.20,1.60
2010.09.01 10:04:22.128,1.2966,1.2968,11.20,2.40
2010.09.01 10:04:22.216,1.2966,1.2968,7.20,2.40
2010.09.01 10:04:22.245,1.2966,1.2968,3.20,2.40
2010.09.01 10:04:22.276,1.2966,1.2968,3.20,4.80
2010.09.01 10:04:22.305,1.2966,1.2968,2.40,4.80
2010.09.01 10:04:23.053,1.29655,1.2968,7.20,4.80
2010.09.01 10:04:24.206,1.29655,1.2968,3.20,4.80
2010.09.01 10:04:24.748,1.29655,1.2968,7.20,4.80
2010.09.01 10:04:28.795,1.29655,1.2968,7.20,6.40
2010.09.01 10:04:31.615,1.29655,1.2968,7.20,7.20
2010.09.01 10:04:35.010,1.2966,1.2968,2.40,3.20
2010.09.01 10:04:35.240,1.2966,1.2968,3.20,3.20
2010.09.01 10:04:35.468,1.2966,1.2968,3.20,2.40
2010.09.01 10:04:38.357,1.2966,1.2968,2.40,2.40
2010.09.01 10:04:40.794,1.2966,1.2968,3.40,2.40
2010.09.01 10:04:40.926,1.2967,1.2968,1.00,1.60
2010.09.01 10:04:41.057,1.29675,1.29685,1.00,9.60
2010.09.01 10:04:41.675,1.29675,1.2969,5.60,4.80
2010.09.01 10:04:42.020,1.29675,1.29695,4.80,4.00
2010.09.01 10:04:42.341,1.29675,1.29695,5.00,4.00
2010.09.01 10:04:42.567,1.29675,1.29695,6.60,4.00
2010.09.01 10:04:42.787,1.29675,1.29695,4.00,5.80
2010.09.01 10:04:43.508,1.2967,1.2969,1.00,1.00
2010.09.01 10:04:43.663,1.29665,1.2969,8.00,1.00
2010.09.01 10:04:47.369,1.29665,1.2969,4.00,1.00
2010.09.01 10:04:47.828,1.29665,1.2969,4.00,1.60
2010.09.01 10:04:48.590,1.29665,1.2969,2.40,8.00
2010.09.01 10:04:49.065,1.29665,1.2969,2.40,8.80
2010.09.01 10:04:49.508,1.2966,1.29685,12.00,2.40
2010.09.01 10:04:49.728,1.2966,1.29685,5.60,3.20
2010.09.01 10:04:49.955,1.2966,1.29685,4.80,3.20
2010.09.01 10:04:59.368,1.29665,1.29685,1.60,4.80
2010.09.01 10:04:59.650,1.2966,1.29685,4.80,4.80
2010.09.01 10:05:01.990,1.2966,1.29685,4.80,7.20
2010.09.01 10:05:02.246,1.2966,1.29685,5.60,7.20
2010.09.01 10:05:03.586,1.2966,1.29685,5.60,11.20
2010.09.01 10:05:07.946,1.2966,1.29685,5.60,7.20
2010.09.01 10:05:08.056,1.2966,1.29685,5.60,11.20
2010.09.01 10:05:09.489,1.2966,1.29685,4.80,11.20
2010.09.01 10:05:10.458,1.2966,1.29685,4.80,7.20
2010.09.01 10:05:11.414,1.2966,1.29685,4.80,11.20
2010.09.01 10:05:11.544,1.2966,1.29685,5.60,11.20
2010.09.01 10:05:12.757,1.2966,1.29685,4.80,12.00
2010.09.01 10:05:13.007,1.2966,1.29685,1.00,16.00
2010.09.01 10:05:13.257,1.2965,1.2968,17.70,3.20
2010.09.01 10:05:13.755,1.29655,1.2968,1.00,3.20
2010.09.01 10:05:17.132,1.29655,1.2968,4.80,3.20
2010.09.01 10:05:17.536,1.29655,1.2968,8.80,2.40
2010.09.01 10:05:17.736,1.29655,1.2968,4.80,2.40
2010.09.01 10:05:17.936,1.29655,1.2968,1.00,2.40
2010.09.01 10:05:19.304,1.29655,1.2968,1.00,3.20
2010.09.01 10:05:19.470,1.29655,1.2968,8.80,2.40
2010.09.01 10:05:19.629,1.29655,1.2968,11.20,2.40
2010.09.01 10:05:19.788,1.29655,1.2968,1.00,2.40
2010.09.01 10:05:20.104,1.29655,1.2968,1.00,4.00
2010.09.01 10:05:25.145,1.2965,1.29675,3.20,4.80
2010.09.01 10:05:25.331,1.2965,1.29675,3.20,6.40
2010.09.01 10:05:27.117,1.2965,1.29675,3.20,4.80
2010.09.01 10:05:27.370,1.2965,1.29675,3.20,7.20
2010.09.01 10:05:27.588,1.2965,1.29675,1.00,7.20
2010.09.01 10:05:28.318,1.2965,1.29675,4.00,6.40
2010.09.01 10:05:28.528,1.2965,1.29675,4.80,4.80
2010.09.01 10:05:29.370,1.2965,1.29675,7.20,4.80
2010.09.01 10:05:29.866,1.2965,1.29675,4.80,4.80
2010.09.01 10:05:30.048,1.2965,1.29675,4.80,5.60
2010.09.01 10:05:30.233,1.29655,1.29675,1.00,4.00
2010.09.01 10:05:31.114,1.29665,1.2968,1.00,2.40
2010.09.01 10:05:31.321,1.29665,1.29685,6.40,3.20
2010.09.01 10:05:31.530,1.29665,1.29685,6.40,4.00
2010.09.01 10:05:32.078,1.2967,1.29685,1.00,3.20
2010.09.01 10:05:32.422,1.2966,1.2968,1.00,2.40
2010.09.01 10:05:34.467,1.2966,1.2968,1.00,1.60
2010.09.01 10:05:37.036,1.2966,1.2968,7.20,1.60
2010.09.01 10:05:37.175,1.2966,1.2968,11.20,1.60
2010.09.01 10:05:38.493,1.2966,1.2968,7.20,1.60
2010.09.01 10:05:38.692,1.2966,1.2968,4.80,1.60
2010.09.01 10:05:38.888,1.2966,1.2968,11.20,1.60
2010.09.01 10:05:39.751,1.2966,1.2968,3.20,1.60
2010.09.01 10:05:40.105,1.2966,1.2968,1.00,1.60
2010.09.01 10:05:41.173,1.29655,1.29675,1.00,2.40
2010.09.01 10:05:41.451,1.2965,1.29675,8.00,3.20
2010.09.01 10:05:41.721,1.2965,1.29675,8.00,2.40
2010.09.01 10:05:41.991,1.2965,1.29665,7.20,1.00
2010.09.01 10:05:42.706,1.2965,1.29665,5.60,1.00
2010.09.01 10:05:42.947,1.29645,1.29665,4.00,2.40
2010.09.01 10:05:43.179,1.29645,1.29665,2.40,2.40
2010.09.01 10:05:44.189,1.29655,1.29665,1.00,1.60
2010.09.01 10:05:44.520,1.2966,1.29675,1.00,3.20
2010.09.01 10:05:44.845,1.2966,1.2968,4.20,3.20
2010.09.01 10:05:45.677,1.2966,1.2968,3.20,1.60
2010.09.01 10:05:45.964,1.2966,1.2968,4.80,1.60
2010.09.01 10:05:46.251,1.2966,1.2968,4.00,1.60
2010.09.01 10:05:47.663,1.2966,1.2968,1.00,1.60
2010.09.01 10:05:47.987,1.2966,1.2968,4.80,1.60
2010.09.01 10:05:48.150,1.2966,1.2968,1.00,1.60
2010.09.01 10:05:48.823,1.29655,1.2968,2.40,3.20
2010.09.01 10:05:50.506,1.29655,1.29675,3.20,2.40
2010.09.01 10:05:51.792,1.29655,1.29675,2.40,2.40
2010.09.01 10:05:52.579,1.29655,1.29675,3.20,1.60
2010.09.01 10:05:53.280,1.29655,1.2968,3.20,8.00
2010.09.01 10:05:53.522,1.29655,1.2968,2.40,4.00
2010.09.01 10:05:58.654,1.29665,1.2968,1.60,4.00
2010.09.01 10:05:58.679,1.29665,1.2968,7.40,1.00
2010.09.01 10:05:58.701,1.29665,1.29685,7.40,2.40
2010.09.01 10:05:58.717,1.29665,1.29685,8.20,2.40
2010.09.01 10:05:58.856,1.29665,1.29685,8.20,1.60
2010.09.01 10:05:59.531,1.2967,1.2969,1.00,4.80
2010.09.01 10:06:00.544,1.2967,1.29685,1.00,1.60
2010.09.01 10:06:00.891,1.29665,1.29685,2.40,8.80
2010.09.01 10:06:01.101,1.29665,1.29685,3.20,10.40
2010.09.01 10:06:01.312,1.2967,1.29685,1.00,1.60
2010.09.01 10:06:01.528,1.2967,1.2969,1.00,5.00
2010.09.01 10:06:02.797,1.29665,1.29685,7.40,1.00
2010.09.01 10:06:02.986,1.29665,1.29685,1.00,1.80
2010.09.01 10:06:03.849,1.29665,1.29685,1.00,1.60
2010.09.01 10:06:05.631,1.2966,1.29685,3.20,1.60
2010.09.01 10:06:06.902,1.2966,1.29685,2.40,1.60
2010.09.01 10:06:09.196,1.2966,1.29685,12.80,1.60
2010.09.01 10:06:09.418,1.2966,1.29685,2.40,1.60
2010.09.01 10:06:15.040,1.29655,1.29675,4.00,4.00
2010.09.01 10:06:15.391,1.29655,1.2968,2.40,6.40
2010.09.01 10:06:16.095,1.29655,1.2967,2.40,1.00
2010.09.01 10:06:16.377,1.29655,1.2967,1.60,1.00
2010.09.01 10:06:16.704,1.29655,1.29675,1.60,6.40
2010.09.01 10:06:16.786,1.29655,1.29675,1.60,4.80
2010.09.01 10:06:16.864,1.29655,1.29675,1.60,2.40
2010.09.01 10:06:17.431,1.29655,1.29675,1.60,1.00
2010.09.01 10:06:17.590,1.29655,1.2968,2.40,6.40
2010.09.01 10:06:17.895,1.29655,1.29665,2.40,1.00
2010.09.01 10:06:18.199,1.2965,1.2967,16.20,5.60
2010.09.01 10:06:18.357,1.29655,1.2967,1.00,1.60
2010.09.01 10:06:18.507,1.29655,1.29675,1.00,1.60
2010.09.01 10:06:19.238,1.29655,1.29675,1.00,3.20
2010.09.01 10:06:21.374,1.29655,1.29675,1.60,3.20
2010.09.01 10:06:21.484,1.2966,1.29675,1.00,2.40
2010.09.01 10:06:21.525,1.2966,1.29675,1.00,1.60
2010.09.01 10:06:22.219,1.2966,1.29685,8.00,4.00
2010.09.01 10:06:22.379,1.2966,1.29685,4.00,3.20
2010.09.01 10:06:23.796,1.29665,1.2969,10.40,7.20
2010.09.01 10:06:24.021,1.29665,1.2969,11.20,7.20
2010.09.01 10:06:24.137,1.29665,1.2969,13.60,7.20
2010.09.01 10:06:24.258,1.2967,1.2969,4.00,7.20
2010.09.01 10:06:29.554,1.29665,1.2969,9.60,7.20
2010.09.01 10:06:29.724,1.29665,1.2969,7.20,7.20
2010.09.01 10:06:32.944,1.29665,1.2969,3.20,7.20
2010.09.01 10:06:34.530,1.29665,1.29685,2.40,2.40
2010.09.01 10:06:34.792,1.29665,1.2969,3.20,7.20
2010.09.01 10:06:36.389,1.29665,1.2969,7.20,7.20
2010.09.01 10:06:39.702,1.29665,1.2969,2.40,8.80
2010.09.01 10:06:40.048,1.29665,1.29685,2.40,1.60
2010.09.01 10:06:50.159,1.29665,1.29685,1.60,1.60
2010.09.01 10:06:50.252,1.2966,1.2968,5.60,1.60
2010.09.01 10:06:58.111,1.2966,1.2968,6.40,1.00
2010.09.01 10:07:02.054,1.29665,1.2968,1.00,1.00
2010.09.01 10:07:04.665,1.2966,1.2968,6.40,1.00
2010.09.01 10:07:04.785,1.2966,1.2968,5.60,1.00
2010.09.01 10:07:05.549,1.2966,1.2968,1.60,1.60
2010.09.01 10:07:08.444,1.29655,1.2968,5.60,1.60
2010.09.01 10:07:14.543,1.2966,1.2968,1.60,1.60
2010.09.01 10:07:17.850,1.29655,1.2968,4.00,1.60
2010.09.01 10:07:24.574,1.29655,1.2968,4.80,1.60
2010.09.01 10:07:24.916,1.29655,1.2968,4.00,5.60
2010.09.01 10:07:25.257,1.2966,1.2968,1.60,1.60
2010.09.01 10:07:26.602,1.29655,1.2968,8.80,1.00
2010.09.01 10:07:26.747,1.29655,1.29685,12.80,3.20
2010.09.01 10:07:26.977,1.2966,1.29685,1.60,4.00
2010.09.01 10:07:27.208,1.2966,1.2968,1.60,1.60
2010.09.01 10:07:27.811,1.2966,1.2968,1.60,2.40
2010.09.01 10:07:28.047,1.29655,1.2968,4.80,6.40
2010.09.01 10:07:29.480,1.29655,1.2968,4.80,2.40
2010.09.01 10:07:29.828,1.29655,1.2968,4.00,2.40
2010.09.01 10:07:30.335,1.29655,1.2968,4.80,2.40
2010.09.01 10:07:30.501,1.29655,1.29675,4.80,1.00
2010.09.01 10:07:31.179,1.2966,1.29675,1.60,1.60
2010.09.01 10:07:31.431,1.2966,1.29685,1.60,8.80
2010.09.01 10:07:31.677,1.2966,1.29685,1.60,4.80
2010.09.01 10:07:33.208,1.2966,1.29685,1.60,3.20
2010.09.01 10:07:34.637,1.2966,1.2968,1.60,1.00
2010.09.01 10:07:34.987,1.29655,1.2968,4.80,6.40
2010.09.01 10:07:36.732,1.29655,1.2968,4.80,2.40
2010.09.01 10:07:45.395,1.2966,1.2968,1.60,1.60
2010.09.01 10:07:56.428,1.2966,1.2968,1.60,1.00
2010.09.01 10:07:56.473,1.2966,1.29685,2.40,12.80
2010.09.01 10:07:56.527,1.2966,1.29685,2.40,8.80
2010.09.01 10:07:56.556,1.2966,1.29685,2.40,4.80
2010.09.01 10:07:56.604,1.2966,1.29685,2.40,2.40
2010.09.01 10:08:06.698,1.2967,1.29685,2.40,1.60
2010.09.01 10:08:06.906,1.2967,1.2969,2.40,7.20
2010.09.01 10:08:07.456,1.2967,1.2969,3.20,6.40
2010.09.01 10:08:07.768,1.29675,1.2969,1.60,1.00
2010.09.01 10:08:08.072,1.2967,1.2969,2.40,4.20
2010.09.01 10:08:09.906,1.29665,1.2969,8.00,4.00
2010.09.01 10:08:10.038,1.29665,1.2969,4.00,5.60
2010.09.01 10:08:10.167,1.29665,1.2969,3.20,5.60
2010.09.01 10:08:11.180,1.29665,1.2969,2.40,5.60
2010.09.01 10:08:11.797,1.29665,1.29685,2.40,2.40
2010.09.01 10:08:12.109,1.29665,1.2969,2.40,5.60
2010.09.01 10:08:13.556,1.29665,1.2969,6.40,5.60
2010.09.01 10:08:13.697,1.2967,1.2969,1.60,5.60
2010.09.01 10:08:20.893,1.29665,1.2969,2.40,6.40
2010.09.01 10:08:21.145,1.29665,1.2969,2.40,4.80
2010.09.01 10:08:21.298,1.29665,1.2969,2.40,4.00
2010.09.01 10:08:23.071,1.29665,1.2969,2.40,5.60
2010.09.01 10:08:23.407,1.2967,1.2969,5.60,8.80
2010.09.01 10:08:24.097,1.29675,1.2969,1.60,1.00
2010.09.01 10:08:24.287,1.29665,1.2969,7.20,5.80
2010.09.01 10:08:24.574,1.29665,1.2969,6.40,6.40
2010.09.01 10:08:25.248,1.29665,1.2969,2.40,6.40
2010.09.01 10:08:25.522,1.29665,1.29685,2.40,1.00
2010.09.01 10:08:28.786,1.29665,1.2969,2.40,15.20
2010.09.01 10:08:31.481,1.29665,1.2968,1.00,1.00
2010.09.01 10:08:32.173,1.29665,1.2968,1.60,1.00
2010.09.01 10:08:32.463,1.29665,1.2969,2.40,7.20
2010.09.01 10:08:32.739,1.29665,1.2969,2.40,11.20
2010.09.01 10:08:33.473,1.29665,1.29685,1.60,1.60
2010.09.01 10:08:33.723,1.29665,1.29685,2.40,1.60
2010.09.01 10:08:33.994,1.29665,1.29685,1.60,1.60
2010.09.01 10:08:34.648,1.2966,1.29685,6.40,1.60
2010.09.01 10:08:34.924,1.2966,1.29685,5.60,1.60
2010.09.01 10:08:35.607,1.2966,1.29685,4.80,2.40
2010.09.01 10:08:42.421,1.2966,1.29685,4.80,1.60
2010.09.01 10:08:42.716,1.2966,1.29685,5.60,1.60
2010.09.01 10:08:42.866,1.29665,1.29685,1.60,1.60
2010.09.01 10:08:43.021,1.29665,1.29685,1.60,1.00
2010.09.01 10:08:43.602,1.29665,1.2969,1.60,12.00
2010.09.01 10:08:49.499,1.29665,1.29685,2.40,1.00
2010.09.01 10:08:53.093,1.29665,1.2969,2.40,11.20
2010.09.01 10:08:58.625,1.29665,1.2968,2.40,1.00
2010.09.01 10:08:58.745,1.29665,1.29675,2.40,1.00
2010.09.01 10:08:58.866,1.2966,1.29675,5.60,1.00
2010.09.01 10:08:58.985,1.2966,1.2968,1.60,4.00
2010.09.01 10:08:59.630,1.2966,1.29685,1.00,4.00
2010.09.01 10:08:59.882,1.2966,1.29685,1.00,5.60
2010.09.01 10:09:01.562,1.2966,1.2968,8.00,3.20
2010.09.01 10:09:01.872,1.29655,1.29675,2.40,1.60
2010.09.01 10:09:02.686,1.29655,1.29675,1.00,1.60
2010.09.01 10:09:04.460,1.2966,1.2968,1.00,1.60
2010.09.01 10:09:04.626,1.2966,1.29685,1.00,5.60
2010.09.01 10:09:06.752,1.29655,1.2968,8.80,1.60
2010.09.01 10:09:07.467,1.29655,1.2968,4.80,2.40
2010.09.01 10:09:07.722,1.29655,1.2968,4.80,3.20
2010.09.01 10:09:09.133,1.29655,1.29675,4.80,1.00
2010.09.01 10:09:09.333,1.29655,1.29675,4.00,1.00
2010.09.01 10:09:09.530,1.2966,1.29675,1.00,1.00
2010.09.01 10:09:09.729,1.29655,1.29675,8.80,1.00
2010.09.01 10:09:10.371,1.29655,1.29675,4.80,1.00
2010.09.01 10:09:10.725,1.29655,1.29675,6.40,1.00
2010.09.01 10:09:12.869,1.29655,1.2968,6.40,3.20
2010.09.01 10:09:14.733,1.29655,1.2968,5.60,3.20
2010.09.01 10:09:14.976,1.2966,1.29685,1.00,4.00
2010.09.01 10:09:15.192,1.2966,1.29685,4.80,4.00
2010.09.01 10:09:15.914,1.29655,1.2968,4.00,1.60
2010.09.01 10:09:28.286,1.2966,1.2968,1.00,1.00
2010.09.01 10:09:30.925,1.2966,1.29685,2.40,1.00
2010.09.01 10:09:31.557,1.2966,1.29685,6.40,1.00
2010.09.01 10:09:31.770,1.2966,1.2968,1.60,1.60
2010.09.01 10:09:32.977,1.29655,1.2968,3.20,1.60
2010.09.01 10:09:35.846,1.29655,1.2968,3.20,4.00
2010.09.01 10:09:36.389,1.29655,1.2968,1.60,5.60
2010.09.01 10:09:36.643,1.2965,1.2967,6.40,1.00
2010.09.01 10:09:38.279,1.2965,1.2967,4.00,1.00
2010.09.01 10:09:39.016,1.2965,1.2967,3.20,1.60
2010.09.01 10:09:39.365,1.29655,1.2967,1.60,1.00
2010.09.01 10:09:39.713,1.29655,1.29665,1.60,1.00
2010.09.01 10:09:40.554,1.29645,1.29665,2.40,1.00
2010.09.01 10:09:46.757,1.29645,1.29665,2.40,1.60
2010.09.01 10:09:47.707,1.29645,1.29665,2.40,2.40
2010.09.01 10:09:48.765,1.29645,1.29665,4.00,2.40
2010.09.01 10:09:49.509,1.29645,1.29665,2.40,2.40
2010.09.01 10:09:49.866,1.29655,1.29665,1.80,1.00
2010.09.01 10:09:50.212,1.2966,1.29675,1.80,4.00
2010.09.01 10:09:51.023,1.2966,1.2968,5.80,1.60
2010.09.01 10:09:51.372,1.2966,1.29685,4.20,4.00
2010.09.01 10:09:52.187,1.2966,1.29685,3.20,4.00
2010.09.01 10:09:53.427,1.2966,1.29675,3.20,1.60
2010.09.01 10:09:53.669,1.29655,1.29675,7.20,2.40
2010.09.01 10:09:53.919,1.29655,1.29675,3.20,1.60
2010.09.01 10:09:54.087,1.2966,1.29685,1.00,8.80
2010.09.01 10:09:57.025,1.2966,1.29685,1.00,4.80
2010.09.01 10:09:57.250,1.29665,1.2969,1.00,8.00
2010.09.01 10:09:57.467,1.29665,1.2969,1.00,12.00
2010.09.01 10:09:59.807,1.29665,1.2969,1.00,10.40
2010.09.01 10:10:02.614,1.29665,1.2969,1.00,11.20
2010.09.01 10:10:09.504,1.29665,1.2969,1.00,10.40
2010.09.01 10:10:11.675,1.29665,1.2969,2.40,10.40
2010.09.01 10:10:11.772,1.29665,1.2969,2.40,9.60
2010.09.01 10:10:12.644,1.29665,1.2969,3.20,9.60
2010.09.01 10:10:13.334,1.29665,1.2969,2.40,9.60
2010.09.01 10:10:17.096,1.2967,1.2969,1.00,8.80
2010.09.01 10:10:17.176,1.2967,1.2969,3.20,8.80
2010.09.01 10:10:17.298,1.29675,1.2969,1.00,4.80
2010.09.01 10:10:17.425,1.29675,1.2969,1.00,6.40
2010.09.01 10:10:17.546,1.2967,1.2969,4.00,6.40
2010.09.01 10:10:17.786,1.2967,1.2969,3.20,6.40
2010.09.01 10:10:18.300,1.2967,1.2969,3.20,7.20
2010.09.01 10:10:18.409,1.2967,1.2969,2.40,8.00
2010.09.01 10:10:20.567,1.2967,1.2969,1.60,9.00
2010.09.01 10:10:20.759,1.2967,1.2969,1.60,10.60
2010.09.01 10:10:21.508,1.2967,1.2969,3.20,6.40
2010.09.01 10:10:21.867,1.29675,1.2969,1.00,5.60
2010.09.01 10:10:22.695,1.2967,1.2969,4.00,6.40
2010.09.01 10:10:22.928,1.2967,1.2969,3.20,4.80
2010.09.01 10:10:24.569,1.29675,1.2969,2.40,4.00
2010.09.01 10:10:24.880,1.29675,1.2969,3.20,4.00
2010.09.01 10:10:25.917,1.29675,1.2969,2.40,4.80
2010.09.01 10:10:26.065,1.2967,1.2969,4.00,4.80
2010.09.01 10:10:27.278,1.2967,1.2969,5.00,4.80
2010.09.01 10:10:27.799,1.2967,1.2969,5.80,4.80
2010.09.01 10:10:28.080,1.29675,1.2969,3.20,4.00
2010.09.01 10:10:29.844,1.2968,1.2969,2.60,4.00
2010.09.01 10:10:30.048,1.2969,1.29695,1.60,8.00
2010.09.01 10:10:30.571,1.29685,1.2969,5.60,4.00
2010.09.01 10:10:30.924,1.2969,1.29695,1.60,8.00
2010.09.01 10:10:55.160,1.29685,1.2969,2.40,4.00
2010.09.01 10:10:56.520,1.29685,1.2969,1.60,4.00
2010.09.01 10:10:57.045,1.2968,1.2969,1.60,4.00
2010.09.01 10:11:00.224,1.2968,1.297,1.60,4.80
2010.09.01 10:11:01.612,1.2968,1.297,1.60,6.40
2010.09.01 10:11:01.943,1.29675,1.29695,1.00,2.40
2010.09.01 10:11:02.268,1.2967,1.29695,1.60,3.20
2010.09.01 10:11:03.587,1.2967,1.29695,1.60,2.40
2010.09.01 10:11:03.657,1.2967,1.29695,2.40,1.00
2010.09.01 10:11:03.725,1.2967,1.29695,4.80,1.00
2010.09.01 10:11:04.408,1.2967,1.29695,4.00,2.40
2010.09.01 10:11:04.818,1.2967,1.29695,3.20,3.20
2010.09.01 10:11:05.924,1.2967,1.29695,1.00,3.20
2010.09.01 10:11:06.405,1.2967,1.29695,1.00,4.80
2010.09.01 10:11:09.486,1.29665,1.29695,6.50,5.60
2010.09.01 10:11:09.803,1.2967,1.29695,1.00,4.80
2010.09.01 10:11:10.377,1.2967,1.29685,1.00,1.00
2010.09.01 10:11:10.637,1.2967,1.2968,1.00,1.00
2010.09.01 10:11:10.897,1.29665,1.2968,1.60,1.00
2010.09.01 10:11:14.452,1.2966,1.2968,2.40,1.00
2010.09.01 10:11:15.160,1.2966,1.2968,2.40,4.00
2010.09.01 10:11:15.450,1.2966,1.2968,2.40,2.40
2010.09.01 10:11:16.266,1.29665,1.29685,1.60,7.40
2010.09.01 10:11:16.907,1.29665,1.2968,1.60,1.00
2010.09.01 10:11:22.863,1.29665,1.29685,1.60,8.20
2010.09.01 10:11:23.028,1.2966,1.29685,3.60,9.80
2010.09.01 10:11:23.346,1.2966,1.29685,3.20,10.60
2010.09.01 10:11:23.507,1.2966,1.2968,3.20,1.00
2010.09.01 10:11:24.845,1.2966,1.2968,2.40,1.00
2010.09.01 10:11:25.448,1.2966,1.2968,2.40,1.60
2010.09.01 10:11:26.127,1.2966,1.2968,4.80,1.60
2010.09.01 10:11:26.476,1.2966,1.2968,1.60,11.40
2010.09.01 10:11:26.648,1.2966,1.29675,1.60,1.00
2010.09.01 10:11:30.882,1.2965,1.2967,8.80,1.00
2010.09.01 10:11:30.997,1.2965,1.2967,4.00,1.00
2010.09.01 10:11:31.108,1.2965,1.2967,2.40,1.80
2010.09.01 10:11:31.227,1.29655,1.2967,1.60,1.80
2010.09.01 10:11:32.081,1.29655,1.2967,1.60,1.00
2010.09.01 10:11:39.490,1.2965,1.2967,2.40,1.00
2010.09.01 10:11:44.758,1.2965,1.2967,2.40,1.00
2010.09.01 10:11:45.017,1.2965,1.2967,2.40,1.00
2010.09.01 10:11:45.680,1.2965,1.2967,5.60,1.00
2010.09.01 10:11:46.406,1.2965,1.2967,3.20,1.00
2010.09.01 10:11:46.593,1.2965,1.2967,5.70,1.00
2010.09.01 10:11:46.777,1.2965,1.2967,3.30,1.00
2010.09.01 10:11:47.304,1.2965,1.2967,3.20,1.00
2010.09.01 10:11:48.271,1.2965,1.2967,3.30,1.00
2010.09.01 10:11:49.886,1.2965,1.2967,5.60,1.00
2010.09.01 10:11:50.058,1.29655,1.2967,1.60,1.00
2010.09.01 10:11:50.896,1.29665,1.2967,1.00,1.00
2010.09.01 10:11:51.242,1.2966,1.2968,4.80,1.00
2010.09.01 10:11:51.589,1.2966,1.2968,1.60,3.40
2010.09.01 10:11:53.567,1.2966,1.2968,1.60,6.60
2010.09.01 10:11:53.670,1.2966,1.2968,1.60,3.40
2010.09.01 10:11:53.878,1.2966,1.2968,1.60,5.80
2010.09.01 10:11:57.153,1.29655,1.2968,3.20,5.00
2010.09.01 10:11:57.497,1.2966,1.2968,1.60,2.60
2010.09.01 10:11:58.612,1.29655,1.2968,5.60,5.00
2010.09.01 10:11:59.776,1.29655,1.2968,4.80,5.80
2010.09.01 10:12:00.470,1.29675,1.2968,6.00,5.80
2010.09.01 10:12:00.653,1.29685,1.297,5.60,1.00
2010.09.01 10:12:00.829,1.29685,1.29705,9.80,4.80
2010.09.01 10:12:00.999,1.2969,1.29705,1.60,4.80
2010.09.01 10:12:02.819,1.2969,1.29705,4.80,4.80
2010.09.01 10:12:03.588,1.2969,1.29705,1.60,4.80
2010.09.01 10:12:06.990,1.2969,1.29705,2.40,4.80
2010.09.01 10:12:07.176,1.2969,1.29705,1.60,4.80
2010.09.01 10:12:09.785,1.29695,1.29705,2.40,2.40
2010.09.01 10:12:10.071,1.29695,1.29705,7.40,1.00
2010.09.01 10:12:10.671,1.297,1.29705,2.40,1.00
2010.09.01 10:12:10.984,1.297,1.2972,3.20,2.40
2010.09.01 10:12:13.691,1.29705,1.2972,1.60,1.00
2010.09.01 10:12:20.245,1.297,1.2972,6.40,2.40
2010.09.01 10:12:21.194,1.297,1.2972,3.20,2.40
2010.09.01 10:12:29.414,1.297,1.2972,3.20,4.80
2010.09.01 10:12:29.469,1.297,1.29715,3.20,1.00
2010.09.01 10:12:29.514,1.297,1.29715,3.20,1.80
2010.09.01 10:12:29.565,1.297,1.29715,2.40,1.80
2010.09.01 10:12:29.616,1.297,1.29715,1.00,1.80
2010.09.01 10:12:29.664,1.29695,1.29715,4.00,1.80
2010.09.01 10:12:29.795,1.29695,1.29715,2.40,1.80
2010.09.01 10:12:30.449,1.29695,1.29715,2.40,3.40
2010.09.01 10:12:30.798,1.29695,1.29715,1.60,3.40
2010.09.01 10:12:31.145,1.29695,1.29715,1.60,2.40
2010.09.01 10:12:33.971,1.29695,1.29715,1.00,2.40
2010.09.01 10:12:35.346,1.2969,1.29715,6.40,2.40
2010.09.01 10:12:38.146,1.2969,1.29715,6.40,4.00
2010.09.01 10:12:38.387,1.2969,1.29715,6.40,6.40
2010.09.01 10:12:38.435,1.2969,1.2971,6.40,1.60
2010.09.01 10:12:38.514,1.2969,1.2971,4.80,1.60
2010.09.01 10:12:39.052,1.2969,1.2971,4.80,3.20
2010.09.01 10:12:39.306,1.2969,1.2971,5.60,3.20
2010.09.01 10:12:42.906,1.2969,1.29715,5.60,9.60
2010.09.01 10:12:43.096,1.2969,1.29715,6.40,4.80
2010.09.01 10:12:43.626,1.2969,1.29715,5.60,4.80
2010.09.01 10:12:43.709,1.2969,1.29715,6.40,5.60
2010.09.01 10:12:58.514,1.2969,1.29715,6.40,4.80
2010.09.01 10:12:58.627,1.2969,1.29715,4.00,4.80
2010.09.01 10:12:58.646,1.2969,1.29715,2.40,4.80
2010.09.01 10:12:58.687,1.2969,1.2971,2.40,1.00
2010.09.01 10:12:59.617,1.2969,1.29715,7.20,4.80
2010.09.01 10:13:00.814,1.2969,1.29715,7.20,3.20
2010.09.01 10:13:02.263,1.2969,1.29715,5.60,3.20
2010.09.01 10:13:02.310,1.2969,1.29715,3.20,3.20
2010.09.01 10:13:03.008,1.2969,1.29715,1.60,4.80
2010.09.01 10:13:03.356,1.29685,1.2971,6.40,1.00
2010.09.01 10:13:04.561,1.29685,1.29715,7.20,6.40
2010.09.01 10:13:04.840,1.2969,1.29715,1.00,4.80
2010.09.01 10:13:05.119,1.2969,1.29715,2.40,4.80
2010.09.01 10:13:05.884,1.2969,1.29715,3.20,4.80
2010.09.01 10:13:07.184,1.2969,1.29715,5.60,4.80
2010.09.01 10:13:07.325,1.2969,1.29715,5.60,3.20
2010.09.01 10:13:07.903,1.2969,1.29715,4.80,4.00
2010.09.01 10:13:08.082,1.29695,1.2972,1.00,7.20
2010.09.01 10:13:08.249,1.2969,1.29715,9.60,1.00
2010.09.01 10:13:08.417,1.2969,1.29715,8.80,1.00
2010.09.01 10:13:10.386,1.2969,1.29715,8.80,2.40
2010.09.01 10:13:11.167,1.2969,1.29715,7.20,1.60
2010.09.01 10:13:11.440,1.2969,1.29715,7.20,2.40
2010.09.01 10:13:11.660,1.2969,1.29715,3.20,3.20
2010.09.01 10:13:11.877,1.29685,1.2971,5.70,1.00
2010.09.01 10:13:12.100,1.29685,1.29715,4.10,7.40
2010.09.01 10:13:12.645,1.29685,1.29715,5.60,7.20
2010.09.01 10:13:12.896,1.29685,1.2971,2.40,3.20
2010.09.01 10:13:13.135,1.29685,1.2971,2.40,4.80
2010.09.01 10:13:13.368,1.2968,1.2971,6.40,5.60
2010.09.01 10:13:14.089,1.2968,1.2971,5.60,6.40
2010.09.01 10:13:14.347,1.2968,1.2971,4.80,6.40
2010.09.01 10:13:14.850,1.2968,1.2971,5.60,4.80
2010.09.01 10:13:15.109,1.2968,1.2971,4.80,6.40
2010.09.01 10:13:16.113,1.2968,1.2971,4.80,8.00
2010.09.01 10:13:17.545,1.29685,1.2971,2.40,5.60
2010.09.01 10:13:17.684,1.2968,1.29705,5.60,1.00
2010.09.01 10:13:17.824,1.2968,1.29705,4.80,1.00
2010.09.01 10:13:18.465,1.2968,1.29705,4.80,1.60
2010.09.01 10:13:18.601,1.2968,1.29705,4.00,1.60
2010.09.01 10:13:18.956,1.2968,1.29705,4.00,1.00
2010.09.01 10:13:19.307,1.29685,1.2971,3.20,2.40
2010.09.01 10:13:19.870,1.29685,1.2971,4.00,2.40
2010.09.01 10:13:20.531,1.29685,1.2971,4.80,2.40
2010.09.01 10:13:21.358,1.2969,1.2971,1.00,2.40
2010.09.01 10:13:21.680,1.29695,1.29715,4.00,1.00
2010.09.01 10:13:22.492,1.29695,1.29715,1.60,1.00
2010.09.01 10:13:22.768,1.297,1.2972,1.00,4.00
2010.09.01 10:13:23.534,1.297,1.2972,1.00,4.80
2010.09.01 10:13:23.887,1.29695,1.2972,3.20,6.40
2010.09.01 10:13:24.765,1.297,1.2972,3.20,2.40
2010.09.01 10:13:25.060,1.29695,1.29715,4.00,1.60
2010.09.01 10:13:25.844,1.29695,1.2972,5.60,4.00
2010.09.01 10:13:26.196,1.29695,1.2972,4.00,7.20
2010.09.01 10:13:26.541,1.29695,1.29715,1.60,2.40
2010.09.01 10:13:27.390,1.29695,1.29715,1.60,1.60
2010.09.01 10:13:27.745,1.29695,1.29715,1.60,2.40
2010.09.01 10:13:29.009,1.297,1.2972,2.40,2.40
2010.09.01 10:13:29.204,1.297,1.2972,2.40,1.60
2010.09.01 10:13:30.275,1.297,1.2972,1.60,1.60
2010.09.01 10:13:30.609,1.297,1.2972,2.40,1.60
2010.09.01 10:13:31.486,1.297,1.29725,1.60,4.00
2010.09.01 10:13:31.748,1.297,1.29725,2.40,4.00
2010.09.01 10:13:34.488,1.29715,1.29725,1.00,3.20
2010.09.01 10:13:34.704,1.29715,1.29735,2.40,3.20
2010.09.01 10:13:35.023,1.29715,1.2973,3.20,1.00
2010.09.01 10:13:35.764,1.2971,1.2973,4.80,1.00
2010.09.01 10:13:36.111,1.2971,1.2973,2.40,5.00
2010.09.01 10:13:36.453,1.29705,1.2973,4.80,5.00
2010.09.01 10:13:37.051,1.29705,1.2973,4.00,5.00
2010.09.01 10:13:37.331,1.29705,1.2973,3.20,4.20
2010.09.01 10:13:37.609,1.29705,1.2973,3.20,5.80
2010.09.01 10:13:38.381,1.29705,1.2973,2.40,5.80
2010.09.01 10:13:38.671,1.29705,1.2973,2.40,6.60
2010.09.01 10:13:40.610,1.29705,1.2973,2.40,8.20
2010.09.01 10:13:42.739,1.29705,1.2973,2.40,7.40
2010.09.01 10:13:44.615,1.29705,1.2972,2.40,1.00
2010.09.01 10:13:44.890,1.297,1.2972,1.60,3.40
2010.09.01 10:13:45.764,1.297,1.2972,1.60,4.20
2010.09.01 10:13:46.107,1.297,1.2972,1.60,3.20
2010.09.01 10:13:46.320,1.297,1.2972,1.60,4.00
2010.09.01 10:13:46.744,1.297,1.2972,1.60,3.20
2010.09.01 10:13:47.654,1.297,1.2972,1.60,4.00
2010.09.01 10:13:47.985,1.297,1.2972,1.60,4.80
2010.09.01 10:13:48.534,1.29695,1.2972,2.40,6.40
2010.09.01 10:13:49.173,1.29695,1.2972,1.60,7.20
2010.09.01 10:13:49.434,1.29695,1.29715,1.60,1.00
2010.09.01 10:13:51.488,1.29705,1.29715,1.00,1.00
2010.09.01 10:13:52.325,1.29705,1.29725,2.40,5.70
2010.09.01 10:13:52.500,1.29705,1.29725,2.40,4.80
2010.09.01 10:13:53.186,1.29705,1.29725,2.40,4.00
2010.09.01 10:13:53.536,1.297,1.29715,6.40,1.00
2010.09.01 10:13:53.885,1.29695,1.29715,4.00,1.00
2010.09.01 10:13:54.423,1.29695,1.2972,4.00,6.60
2010.09.01 10:13:54.724,1.29695,1.2972,1.60,7.40
2010.09.01 10:13:56.199,1.29705,1.2972,2.40,3.20
2010.09.01 10:13:56.551,1.29705,1.29725,2.40,6.40
2010.09.01 10:13:58.065,1.29705,1.29725,2.40,4.80
2010.09.01 10:13:58.130,1.297,1.2971,2.40,1.00
2010.09.01 10:13:59.734,1.29705,1.29725,2.40,3.20
2010.09.01 10:14:00.074,1.2972,1.2973,1.00,6.60
2010.09.01 10:14:00.696,1.2972,1.2973,1.00,4.20
2010.09.01 10:14:01.046,1.2972,1.2973,1.00,1.80
2010.09.01 10:14:01.393,1.2972,1.29735,2.90,6.60
2010.09.01 10:14:02.210,1.2972,1.2973,2.40,1.00
2010.09.01 10:14:02.439,1.29715,1.2973,1.00,1.00
2010.09.01 10:14:02.790,1.2972,1.2973,1.00,1.00
2010.09.01 10:14:05.288,1.2972,1.29735,1.00,6.60
2010.09.01 10:14:05.517,1.2972,1.29735,1.00,5.80
2010.09.01 10:14:05.752,1.29725,1.29735,1.00,5.80
2010.09.01 10:14:05.978,1.29725,1.29735,2.90,5.80
2010.09.01 10:14:06.654,1.2972,1.29735,2.90,4.20
2010.09.01 10:14:07.320,1.2973,1.29735,2.40,3.40
2010.09.01 10:14:07.573,1.29735,1.29745,2.40,4.00
2010.09.01 10:14:08.159,1.29735,1.29745,2.40,3.20
2010.09.01 10:14:08.346,1.2975,1.2976,2.40,2.40
2010.09.01 10:14:08.529,1.2975,1.2976,2.40,3.20
2010.09.01 10:14:09.373,1.2975,1.2976,2.40,2.40
2010.09.01 10:14:10.010,1.2975,1.2976,2.40,3.20
2010.09.01 10:14:10.328,1.2975,1.2976,2.40,1.60
2010.09.01 10:14:11.153,1.29755,1.2976,2.40,1.00
2010.09.01 10:14:11.502,1.29755,1.29765,2.40,1.00
2010.09.01 10:14:14.216,1.29755,1.29765,2.40,1.60
2010.09.01 10:14:14.435,1.29755,1.2977,2.40,13.10
2010.09.01 10:14:14.656,1.29755,1.2977,2.40,13.00
2010.09.01 10:14:15.556,1.29755,1.29765,2.40,1.00
2010.09.01 10:14:15.989,1.29755,1.29765,2.40,2.40
2010.09.01 10:14:16.449,1.29755,1.29765,2.40,1.00
2010.09.01 10:14:17.216,1.29755,1.29765,2.40,1.60
2010.09.01 10:14:17.368,1.29755,1.29765,2.40,1.00
2010.09.01 10:14:18.097,1.29755,1.29765,2.40,2.40
2010.09.01 10:14:19.510,1.29755,1.29765,2.40,1.00
2010.09.01 10:14:22.170,1.29755,1.2977,2.40,11.40
2010.09.01 10:14:22.807,1.29755,1.2977,2.40,10.60
2010.09.01 10:14:22.979,1.29765,1.2978,2.40,2.40
2010.09.01 10:14:23.144,1.29765,1.2978,2.40,1.60
2010.09.01 10:14:24.479,1.29775,1.29785,2.40,1.60
2010.09.01 10:14:25.322,1.29775,1.2979,2.40,4.80
2010.09.01 10:14:26.796,1.29775,1.2979,2.40,4.00
2010.09.01 10:14:27.494,1.29785,1.2979,2.40,3.20
2010.09.01 10:14:27.607,1.29785,1.2979,2.40,2.40
2010.09.01 10:14:27.717,1.29785,1.2979,2.40,3.20
2010.09.01 10:14:27.830,1.29775,1.2979,2.90,3.20
2010.09.01 10:14:28.465,1.29775,1.2979,2.90,2.40
2010.09.01 10:14:29.150,1.2977,1.2978,1.00,1.00
2010.09.01 10:14:29.499,1.29775,1.2978,2.40,1.00
2010.09.01 10:14:31.191,1.2978,1.29785,2.40,5.00
2010.09.01 10:14:31.872,1.29775,1.2978,2.40,2.60
2010.09.01 10:14:32.118,1.29765,1.2978,2.40,1.00
2010.09.01 10:14:34.754,1.29765,1.29785,2.40,4.00
2010.09.01 10:14:34.925,1.29765,1.29785,4.00,4.00
2010.09.01 10:14:35.037,1.29765,1.29785,4.00,3.20
2010.09.01 10:14:35.097,1.29775,1.29785,2.90,3.20
2010.09.01 10:14:35.903,1.29775,1.2979,2.90,4.80
2010.09.01 10:14:36.199,1.29775,1.2979,2.90,3.20
2010.09.01 10:14:37.375,1.29775,1.2979,2.40,3.20
2010.09.01 10:14:37.659,1.29775,1.2979,2.40,2.40
2010.09.01 10:14:37.942,1.2977,1.2979,2.40,2.40
2010.09.01 10:14:38.769,1.2977,1.2979,4.00,2.40
2010.09.01 10:14:38.951,1.2977,1.2979,4.40,3.20
2010.09.01 10:14:39.284,1.29775,1.2979,2.40,2.40
2010.09.01 10:14:46.780,1.2978,1.2979,2.40,1.00
2010.09.01 10:14:46.877,1.2978,1.2979,2.40,2.40
2010.09.01 10:14:48.187,1.2978,1.29795,2.40,5.80
2010.09.01 10:14:48.415,1.2978,1.2979,2.80,1.80
2010.09.01 10:14:48.648,1.29785,1.29795,2.40,2.40
2010.09.01 10:14:49.366,1.29785,1.2979,2.40,1.00
2010.09.01 10:14:49.590,1.29775,1.2979,2.40,1.60
2010.09.01 10:14:49.937,1.29775,1.2979,2.40,4.00
2010.09.01 10:14:50.963,1.29775,1.2979,2.40,3.20
2010.09.01 10:14:51.313,1.29775,1.2979,2.40,2.40
2010.09.01 10:14:51.658,1.2978,1.2979,2.40,2.40
2010.09.01 10:14:52.615,1.2978,1.2979,2.40,1.00
2010.09.01 10:14:57.155,1.2978,1.29795,4.00,2.40
2010.09.01 10:14:57.275,1.2978,1.29795,4.00,1.60
2010.09.01 10:14:57.395,1.2978,1.29795,4.00,1.00
2010.09.01 10:14:57.985,1.2978,1.298,4.00,6.60
2010.09.01 10:14:58.396,1.2978,1.298,4.00,5.80
2010.09.01 10:14:58.539,1.29785,1.298,2.80,5.00
2010.09.01 10:14:58.689,1.2979,1.298,2.40,4.00
2010.09.01 10:14:58.836,1.2979,1.298,2.40,3.20
2010.09.01 10:15:01.507,1.2979,1.298,2.40,1.00
2010.09.01 10:15:01.546,1.29785,1.298,7.00,1.60
2010.09.01 10:15:01.586,1.2979,1.298,4.00,1.00
2010.09.01 10:15:02.143,1.2979,1.298,5.60,1.00
2010.09.01 10:15:02.195,1.298,1.2981,4.00,1.00
2010.09.01 10:15:03.468,1.298,1.29815,4.00,4.80
2010.09.01 10:15:03.823,1.298,1.29815,4.00,4.00
2010.09.01 10:15:04.125,1.298,1.29815,4.00,3.20
2010.09.01 10:15:04.624,1.298,1.29815,4.00,4.00
2010.09.01 10:15:05.361,1.298,1.29815,4.00,3.20
2010.09.01 10:15:05.688,1.29795,1.29805,3.60,2.40
2010.09.01 10:15:06.290,1.29795,1.29805,2.40,2.40
2010.09.01 10:15:08.473,1.29795,1.29805,2.40,1.60
2010.09.01 10:15:08.618,1.298,1.2981,2.80,4.80
2010.09.01 10:15:09.203,1.298,1.29815,5.20,1.80
2010.09.01 10:15:09.344,1.298,1.29815,4.00,2.60
2010.09.01 10:15:09.807,1.298,1.29815,4.00,2.40
2010.09.01 10:15:10.037,1.298,1.29815,3.20,2.40
2010.09.01 10:15:11.001,1.298,1.29805,1.60,1.00
2010.09.01 10:15:11.354,1.29795,1.29805,2.40,2.40
2010.09.01 10:15:12.598,1.29795,1.298,2.40,1.00
2010.09.01 10:15:13.178,1.2979,1.298,2.40,2.60
2010.09.01 10:15:19.386,1.2979,1.298,2.40,3.40
2010.09.01 10:15:19.440,1.2978,1.2979,1.20,1.80
2010.09.01 10:15:19.497,1.2978,1.2979,1.20,2.60
2010.09.01 10:15:19.549,1.2978,1.2979,1.20,4.20
2010.09.01 10:15:19.606,1.29775,1.2979,3.60,4.20
2010.09.01 10:15:19.658,1.29775,1.2979,2.80,5.80
2010.09.01 10:15:19.706,1.29775,1.29785,2.40,1.00
2010.09.01 10:15:19.756,1.29775,1.29785,2.40,2.40
2010.09.01 10:15:19.807,1.2977,1.29775,5.20,1.00
2010.09.01 10:15:19.905,1.29775,1.2978,2.40,1.60
2010.09.01 10:15:19.956,1.29775,1.2978,2.40,2.40
2010.09.01 10:15:20.558,1.2977,1.29785,4.00,2.60
2010.09.01 10:15:20.902,1.2977,1.29785,4.00,4.20
2010.09.01 10:15:21.251,1.2977,1.29785,4.00,4.00
2010.09.01 10:15:22.062,1.29775,1.2979,2.40,5.60
2010.09.01 10:15:22.573,1.29775,1.2979,2.40,4.80
2010.09.01 10:15:22.804,1.29775,1.2979,5.40,3.20
2010.09.01 10:15:23.456,1.29775,1.2979,4.60,3.20
2010.09.01 10:15:23.618,1.2978,1.2979,4.00,1.00
2010.09.01 10:15:24.478,1.2978,1.29795,5.40,4.80
2010.09.01 10:15:24.739,1.2978,1.29795,5.40,3.20
2010.09.01 10:15:25.231,1.2978,1.29795,5.40,3.40
2010.09.01 10:15:26.680,1.2978,1.29795,7.80,1.00
2010.09.01 10:15:27.436,1.2978,1.2979,2.40,1.00
2010.09.01 10:15:27.664,1.29785,1.2979,2.40,1.00
2010.09.01 10:15:28.261,1.2978,1.2979,7.00,1.00
2010.09.01 10:15:28.611,1.2978,1.29795,7.00,1.00
2010.09.01 10:15:30.048,1.2978,1.298,7.00,7.40
2010.09.01 10:15:30.324,1.29785,1.2979,2.40,1.00
2010.09.01 10:15:31.104,1.29775,1.2979,2.40,1.00
2010.09.01 10:15:32.299,1.2978,1.29795,4.60,1.00
2010.09.01 10:15:32.602,1.2978,1.29795,6.40,1.00
2010.09.01 10:15:32.899,1.29785,1.29795,2.40,1.00
2010.09.01 10:15:33.945,1.29785,1.298,2.40,1.60
2010.09.01 10:15:35.641,1.2978,1.298,3.20,1.60
2010.09.01 10:15:35.993,1.2978,1.298,3.20,3.20
2010.09.01 10:15:36.667,1.29785,1.298,2.40,3.20
2010.09.01 10:15:39.612,1.2979,1.298,1.00,1.60
2010.09.01 10:15:39.907,1.29785,1.29805,5.60,3.20
2010.09.01 10:15:40.717,1.29785,1.298,5.60,1.00
2010.09.01 10:15:41.068,1.29785,1.298,4.00,3.40
2010.09.01 10:15:41.411,1.29785,1.298,2.40,3.20
2010.09.01 10:15:42.211,1.2978,1.298,6.90,3.20
2010.09.01 10:15:42.484,1.2978,1.298,6.10,3.20
2010.09.01 10:15:42.761,1.29785,1.298,2.40,3.20
2010.09.01 10:15:44.477,1.29785,1.298,2.40,2.40
2010.09.01 10:15:45.333,1.2979,1.298,1.00,1.00
2010.09.01 10:15:45.617,1.2979,1.29805,3.20,1.60
2010.09.01 10:15:46.408,1.2979,1.29805,4.00,1.60
2010.09.01 10:15:46.746,1.298,1.29815,2.40,1.60
2010.09.01 10:15:49.765,1.29805,1.2982,2.40,3.20
2010.09.01 10:15:50.607,1.29805,1.2982,2.40,1.00
2010.09.01 10:15:52.545,1.29805,1.2982,2.40,1.60
2010.09.01 10:15:53.090,1.29805,1.2981,2.40,1.00
2010.09.01 10:15:53.373,1.29795,1.298,1.00,1.60
2010.09.01 10:15:54.143,1.2979,1.29805,1.00,1.00
2010.09.01 10:15:54.429,1.298,1.2982,2.80,6.60
2010.09.01 10:15:55.259,1.29805,1.2982,2.40,5.60
2010.09.01 10:15:55.588,1.29805,1.2982,2.80,1.00
2010.09.01 10:15:56.659,1.29805,1.2982,2.80,1.60
2010.09.01 10:15:57.793,1.298,1.2982,2.80,5.00
2010.09.01 10:15:58.144,1.298,1.2982,2.80,6.60
2010.09.01 10:15:59.003,1.29805,1.2982,2.80,6.60
2010.09.01 10:15:59.352,1.298,1.2982,2.80,5.80
2010.09.01 10:15:59.691,1.298,1.2982,2.80,6.60
2010.09.01 10:16:00.970,1.29805,1.2982,2.00,4.80
2010.09.01 10:16:01.312,1.2981,1.2982,2.40,1.00
2010.09.01 10:16:02.055,1.2981,1.29825,2.40,4.80
2010.09.01 10:16:03.114,1.2981,1.29825,2.40,5.60
2010.09.01 10:16:05.299,1.2981,1.29825,2.40,4.80
2010.09.01 10:16:08.040,1.29805,1.29815,1.20,1.00
2010.09.01 10:16:08.378,1.298,1.29815,4.40,1.00
2010.09.01 10:16:09.259,1.29805,1.2982,4.40,1.60
2010.09.01 10:16:09.430,1.29805,1.2982,4.40,1.00
2010.09.01 10:16:10.150,1.29805,1.2982,2.80,2.40
2010.09.01 10:16:10.477,1.29805,1.2982,5.20,1.00
2010.09.01 10:16:11.300,1.29805,1.2982,4.40,1.00
2010.09.01 10:16:12.026,1.29805,1.2982,2.80,2.40
2010.09.01 10:16:13.881,1.29805,1.2982,3.60,2.40
2010.09.01 10:16:14.038,1.29805,1.2982,3.60,1.00
2010.09.01 10:16:14.346,1.29805,1.2982,3.60,1.60
2010.09.01 10:16:14.498,1.29805,1.2982,1.20,8.20
2010.09.01 10:16:14.648,1.29805,1.2982,1.00,9.80
2010.09.01 10:16:15.513,1.29805,1.2982,1.00,11.40
2010.09.01 10:16:15.834,1.29805,1.2982,1.00,12.20
2010.09.01 10:16:16.163,1.29805,1.2982,1.00,11.40
2010.09.01 10:16:17.343,1.29805,1.2982,1.00,12.20
2010.09.01 10:16:17.838,1.29805,1.2982,1.00,13.80
2010.09.01 10:16:19.136,1.298,1.2981,3.20,1.00
2010.09.01 10:16:19.388,1.29805,1.2982,1.00,5.80
2010.09.01 10:16:20.165,1.29805,1.2982,2.40,1.00
2010.09.01 10:16:20.693,1.29805,1.2982,2.40,1.60
2010.09.01 10:16:21.435,1.29805,1.2982,2.40,1.00
2010.09.01 10:16:22.259,1.29805,1.2982,2.40,1.60
2010.09.01 10:16:23.033,1.298,1.2982,1.00,2.60
2010.09.01 10:16:23.353,1.298,1.2982,1.00,5.00
2010.09.01 10:16:25.074,1.29805,1.2982,1.20,4.00
2010.09.01 10:16:25.785,1.29805,1.2982,2.80,1.00
2010.09.01 10:16:26.130,1.29805,1.2982,3.60,1.00
2010.09.01 10:16:27.050,1.29805,1.2982,1.00,3.40
2010.09.01 10:16:27.519,1.29805,1.2982,1.00,4.20
2010.09.01 10:16:28.266,1.29805,1.2982,1.00,5.80
2010.09.01 10:16:28.524,1.29805,1.2982,3.60,1.00
2010.09.01 10:16:30.167,1.29805,1.2982,2.40,1.60
2010.09.01 10:16:30.399,1.29805,1.2982,2.40,5.00
2010.09.01 10:16:30.629,1.29805,1.2982,2.40,7.40
2010.09.01 10:16:31.317,1.298,1.2982,4.80,5.80
2010.09.01 10:16:31.665,1.298,1.2982,4.80,5.00
2010.09.01 10:16:32.783,1.29795,1.2982,6.40,6.60
2010.09.01 10:16:33.005,1.29805,1.2982,2.40,5.80
2010.09.01 10:16:33.593,1.29795,1.2982,5.60,5.80
2010.09.01 10:16:33.949,1.298,1.2982,5.60,4.00
2010.09.01 10:16:34.799,1.298,1.2982,3.20,3.40
2010.09.01 10:16:35.091,1.29795,1.2982,5.60,6.60
2010.09.01 10:16:35.835,1.29795,1.2982,5.60,6.40
2010.09.01 10:16:36.185,1.298,1.2982,3.20,6.40
2010.09.01 10:16:37.068,1.298,1.2982,3.20,5.60
2010.09.01 10:16:37.341,1.298,1.2982,5.60,2.40
2010.09.01 10:16:37.911,1.298,1.2982,2.40,2.60
2010.09.01 10:16:38.821,1.29795,1.2982,2.40,6.40
2010.09.01 10:16:40.419,1.29795,1.29815,2.50,1.00
2010.09.01 10:16:41.273,1.29795,1.2982,2.40,6.40
2010.09.01 10:16:41.967,1.29795,1.29815,2.40,1.00
2010.09.01 10:16:44.788,1.29795,1.2982,5.30,4.80
2010.09.01 10:16:45.038,1.29795,1.2982,5.30,6.40
2010.09.01 10:16:45.289,1.29795,1.2982,4.90,6.40
2010.09.01 10:16:48.428,1.29795,1.2982,5.30,6.40
2010.09.01 10:16:48.567,1.29795,1.2982,4.90,6.40
2010.09.01 10:16:50.001,1.29795,1.2982,5.30,6.40
2010.09.01 10:16:50.188,1.298,1.2982,1.00,4.00
2010.09.01 10:16:50.842,1.298,1.2982,4.90,3.20
2010.09.01 10:16:51.195,1.298,1.2982,4.10,4.80
2010.09.01 10:16:51.543,1.298,1.2982,1.60,3.20
2010.09.01 10:16:52.207,1.298,1.2982,1.60,4.00
2010.09.01 10:16:52.452,1.298,1.2982,5.70,1.00
2010.09.01 10:16:52.697,1.29805,1.29825,1.00,7.40
2010.09.01 10:16:52.939,1.29805,1.29825,2.40,6.40
2010.09.01 10:16:53.187,1.29805,1.29825,4.80,4.00
2010.09.01 10:16:54.221,1.29805,1.29825,4.80,4.80
2010.09.01 10:16:55.320,1.29805,1.29825,5.00,4.00
2010.09.01 10:16:55.660,1.29805,1.29825,5.00,4.80
2010.09.01 10:16:56.693,1.29805,1.29825,5.00,5.60
2010.09.01 10:16:57.748,1.29805,1.29825,5.00,5.60
2010.09.01 10:16:58.073,1.29805,1.29825,5.00,5.60
2010.09.01 10:16:58.397,1.29805,1.29825,5.00,4.80
2010.09.01 10:16:59.695,1.29805,1.29825,5.00,2.40
2010.09.01 10:17:00.473,1.2981,1.29825,1.60,1.60
2010.09.01 10:17:01.326,1.2981,1.2982,1.60,1.00
2010.09.01 10:17:01.845,1.298,1.2982,3.20,1.80
2010.09.01 10:17:02.314,1.29805,1.29825,1.60,2.40
2010.09.01 10:17:02.572,1.29805,1.29825,2.40,3.20
2010.09.01 10:17:03.214,1.29805,1.29825,1.60,3.20
2010.09.01 10:17:03.477,1.29805,1.29825,2.40,3.20
2010.09.01 10:17:04.316,1.298,1.29825,2.40,3.20
2010.09.01 10:17:05.499,1.298,1.29825,3.20,2.40
2010.09.01 10:17:05.837,1.2982,1.29825,2.40,1.60
2010.09.01 10:17:06.680,1.29825,1.2983,2.40,2.40
2010.09.01 10:17:06.728,1.29825,1.2983,2.40,1.60
2010.09.01 10:17:07.081,1.2982,1.2984,2.40,4.20
2010.09.01 10:17:07.890,1.2982,1.2984,2.40,4.80
2010.09.01 10:17:08.204,1.2982,1.2984,2.40,4.00
2010.09.01 10:17:08.710,1.2982,1.2984,2.40,3.20
2010.09.01 10:17:09.585,1.29815,1.29835,1.60,1.00
2010.09.01 10:17:11.372,1.29815,1.29835,1.60,2.40
2010.09.01 10:17:11.578,1.2981,1.29835,1.60,3.20
2010.09.01 10:17:13.090,1.2981,1.29835,3.20,1.60
2010.09.01 10:17:13.794,1.29805,1.29835,7.30,3.20
2010.09.01 10:17:14.037,1.29805,1.2983,6.50,1.00
2010.09.01 10:17:15.108,1.29805,1.2983,4.00,1.00
2010.09.01 10:17:16.279,1.29805,1.2983,4.00,1.60
2010.09.01 10:17:16.662,1.2981,1.29835,3.20,5.60
2010.09.01 10:17:17.015,1.2981,1.29835,5.00,4.80
2010.09.01 10:17:17.553,1.2981,1.29835,5.00,4.00
2010.09.01 10:17:17.747,1.2981,1.29835,8.00,1.00
2010.09.01 10:17:17.938,1.2981,1.29835,7.20,1.60
2010.09.01 10:17:18.130,1.2981,1.29835,7.20,2.40
2010.09.01 10:17:18.481,1.29815,1.29835,1.00,2.40
2010.09.01 10:17:19.099,1.29815,1.29835,1.00,1.60
2010.09.01 10:17:19.417,1.29815,1.29835,2.40,1.00
2010.09.01 10:17:20.098,1.29815,1.2984,2.40,6.40
2010.09.01 10:17:20.447,1.29815,1.2984,2.40,4.80
2010.09.01 10:17:21.300,1.29815,1.29835,2.40,1.60
2010.09.01 10:17:21.614,1.29815,1.29835,3.20,1.60
2010.09.01 10:17:24.380,1.29815,1.29835,4.00,1.60
2010.09.01 10:17:24.668,1.2983,1.29845,3.40,1.60
2010.09.01 10:17:24.954,1.2984,1.29855,3.20,4.00
2010.09.01 10:17:25.492,1.2984,1.29855,4.20,4.00
2010.09.01 10:17:25.846,1.2984,1.2986,4.20,16.00
2010.09.01 10:17:26.400,1.2984,1.2986,4.20,16.20
2010.09.01 10:17:27.871,1.2984,1.2986,1.80,11.40
2010.09.01 10:17:28.404,1.29845,1.2986,1.00,11.40
2010.09.01 10:17:28.643,1.2987,1.29885,1.00,2.40
2010.09.01 10:17:28.873,1.29875,1.2989,2.60,1.00
2010.09.01 10:17:29.464,1.29875,1.29895,3.20,3.20
2010.09.01 10:17:29.813,1.2988,1.299,4.80,1.80
2010.09.01 10:17:30.658,1.29885,1.299,3.20,1.00
2010.09.01 10:17:31.006,1.29885,1.299,2.40,1.80
2010.09.01 10:17:31.346,1.2988,1.2989,1.60,1.00
2010.09.01 10:17:32.227,1.29875,1.29895,2.40,1.00
2010.09.01 10:17:32.573,1.29865,1.2988,3.40,1.00
2010.09.01 10:17:32.921,1.29865,1.2988,2.80,1.60
2010.09.01 10:17:33.160,1.29865,1.29885,2.40,4.80
2010.09.01 10:17:33.707,1.29865,1.29885,2.40,3.20
2010.09.01 10:17:33.946,1.2986,1.2988,4.00,3.20
2010.09.01 10:17:34.131,1.2986,1.29875,4.00,1.60
2010.09.01 10:17:34.320,1.29855,1.29875,6.70,1.00
2010.09.01 10:17:35.020,1.2986,1.2988,4.00,3.20
2010.09.01 10:17:35.315,1.2986,1.2988,2.40,3.20
2010.09.01 10:17:35.605,1.29855,1.29875,4.00,2.40
2010.09.01 10:17:36.475,1.2986,1.29875,1.00,2.40
2010.09.01 10:17:37.687,1.29855,1.29875,1.00,4.00
2010.09.01 10:17:38.002,1.29855,1.29875,1.00,4.80
2010.09.01 10:17:38.384,1.29855,1.29875,1.00,5.60
2010.09.01 10:17:39.845,1.2985,1.2987,2.40,1.00
2010.09.01 10:17:39.950,1.29845,1.2986,2.40,1.00
2010.09.01 10:17:40.042,1.29845,1.2985,2.40,1.00
2010.09.01 10:17:40.129,1.2984,1.2985,2.40,1.00
2010.09.01 10:17:40.219,1.29835,1.2985,4.00,3.20
2010.09.01 10:17:40.309,1.29835,1.29845,2.40,1.00
2010.09.01 10:17:40.848,1.2983,1.29845,5.50,1.00
2010.09.01 10:17:41.206,1.2983,1.2985,1.00,4.80
2010.09.01 10:17:41.559,1.29825,1.29845,1.00,1.60
2010.09.01 10:17:42.436,1.29825,1.2984,3.20,1.60
2010.09.01 10:17:42.703,1.29825,1.2984,2.40,4.00
2010.09.01 10:17:43.593,1.29825,1.2984,2.40,1.60
2010.09.01 10:17:43.891,1.29825,1.29845,1.60,4.00
2010.09.01 10:17:44.189,1.29825,1.29845,1.60,3.20
2010.09.01 10:17:45.394,1.29825,1.29835,1.60,1.00
2010.09.01 10:17:45.605,1.2982,1.29835,1.00,1.00
2010.09.01 10:17:45.812,1.2982,1.29835,1.00,1.60
2010.09.01 10:17:47.194,1.29825,1.29845,1.00,1.60
2010.09.01 10:17:48.437,1.29825,1.29845,3.20,1.60
2010.09.01 10:17:48.786,1.29835,1.2985,1.60,3.20
2010.09.01 10:17:49.666,1.29835,1.29855,1.60,4.80
2010.09.01 10:17:49.958,1.29835,1.29855,1.60,5.60
2010.09.01 10:17:50.733,1.2984,1.29855,2.40,2.40
2010.09.01 10:17:51.038,1.29835,1.29855,1.60,1.60
2010.09.01 10:17:51.336,1.29845,1.29855,1.60,1.00
2010.09.01 10:17:51.632,1.29845,1.29855,1.60,1.60
2010.09.01 10:17:52.408,1.29845,1.2986,1.60,6.40
2010.09.01 10:17:52.751,1.29845,1.2986,1.60,5.60
2010.09.01 10:17:54.072,1.29845,1.2986,4.00,3.20
2010.09.01 10:17:54.184,1.29845,1.29865,4.00,4.00
2010.09.01 10:17:55.626,1.29845,1.2986,4.00,1.60
2010.09.01 10:17:55.974,1.29845,1.2986,4.00,3.20
2010.09.01 10:17:56.320,1.29845,1.2986,4.00,1.60
2010.09.01 10:17:56.572,1.29845,1.29855,1.60,3.20
2010.09.01 10:17:57.312,1.2984,1.2985,1.60,1.60
2010.09.01 10:17:57.448,1.2982,1.29835,1.60,3.20
2010.09.01 10:17:57.569,1.29815,1.29835,5.60,3.20
2010.09.01 10:17:57.699,1.29815,1.2983,5.60,1.60
2010.09.01 10:17:58.347,1.29815,1.2983,3.20,1.60
2010.09.01 10:17:58.694,1.29815,1.2983,3.20,1.00
2010.09.01 10:17:59.047,1.29815,1.29835,3.20,5.60
2010.09.01 10:18:00.191,1.29805,1.2982,1.00,1.60
2010.09.01 10:18:00.467,1.29805,1.2982,1.00,2.40
2010.09.01 10:18:00.803,1.29805,1.2982,3.20,1.60
2010.09.01 10:18:01.600,1.29815,1.29825,1.60,2.40
2010.09.01 10:18:01.774,1.29815,1.29835,4.00,4.00
2010.09.01 10:18:01.950,1.2982,1.29835,4.00,2.40
2010.09.01 10:18:02.123,1.2982,1.2984,4.00,5.60
2010.09.01 10:18:02.986,1.29825,1.2983,1.60,1.60
2010.09.01 10:18:03.333,1.2982,1.2984,6.40,5.20
2010.09.01 10:18:03.681,1.29825,1.2984,1.00,5.60
2010.09.01 10:18:04.455,1.2982,1.2984,2.40,8.00
2010.09.01 10:18:04.715,1.29825,1.2984,1.00,4.80
2010.09.01 10:18:05.022,1.29825,1.2984,1.00,4.00
2010.09.01 10:18:05.868,1.29825,1.2984,1.00,5.60
2010.09.01 10:18:06.154,1.2982,1.29835,4.80,1.00
2010.09.01 10:18:06.923,1.2982,1.29835,2.40,1.60
2010.09.01 10:18:07.191,1.2982,1.29835,1.00,4.00
2010.09.01 10:18:08.394,1.29825,1.29835,2.40,1.60
2010.09.01 10:18:08.743,1.29825,1.2984,2.40,1.00
2010.09.01 10:18:09.358,1.29825,1.2984,1.60,5.00
2010.09.01 10:18:09.918,1.2982,1.2984,3.20,6.60
2010.09.01 10:18:10.204,1.2982,1.29835,1.00,3.20
2010.09.01 10:18:10.404,1.2982,1.29835,1.00,1.60
2010.09.01 10:18:11.301,1.29815,1.29835,3.30,1.60
2010.09.01 10:18:11.655,1.2982,1.29835,1.00,1.60
2010.09.01 10:18:12.719,1.2982,1.29835,1.00,2.40
2010.09.01 10:18:13.039,1.29815,1.29835,1.20,4.00
2010.09.01 10:18:13.829,1.29815,1.29835,1.00,5.60
2010.09.01 10:18:14.075,1.2981,1.2983,2.40,1.00
2010.09.01 10:18:14.326,1.29815,1.29835,1.00,6.00
2010.09.01 10:18:14.572,1.29815,1.29835,1.00,4.00
2010.09.01 10:18:15.114,1.29815,1.29835,1.00,3.20
2010.09.01 10:18:15.457,1.29815,1.2983,1.00,2.40
2010.09.01 10:18:15.792,1.29815,1.2983,1.00,1.60
2010.09.01 10:18:17.519,1.29815,1.2983,1.00,2.40
2010.09.01 10:18:18.386,1.29815,1.2983,1.00,1.60
2010.09.01 10:18:18.734,1.2982,1.29835,3.20,1.60
2010.09.01 10:18:19.597,1.29825,1.29845,1.00,4.80
2010.09.01 10:18:21.063,1.29825,1.29845,1.00,5.60
2010.09.01 10:18:21.385,1.2983,1.29845,1.00,2.40
2010.09.01 10:18:22.071,1.29835,1.29845,2.40,2.40
2010.09.01 10:18:22.426,1.2985,1.29865,1.00,2.40
2010.09.01 10:18:22.773,1.2985,1.2986,1.00,1.60
2010.09.01 10:18:23.603,1.2985,1.29865,1.00,4.00
2010.09.01 10:18:23.950,1.2984,1.2985,2.40,1.00
2010.09.01 10:18:24.783,1.29835,1.2984,1.00,3.20
2010.09.01 10:18:25.033,1.2982,1.2984,3.20,6.40
2010.09.01 10:18:25.267,1.2982,1.29835,3.20,1.60
2010.09.01 10:18:25.598,1.2982,1.29835,2.40,1.60
2010.09.01 10:18:26.448,1.2982,1.29835,3.20,1.60
2010.09.01 10:18:26.673,1.29825,1.29835,1.00,1.60
2010.09.01 10:18:26.872,1.29825,1.2984,1.00,1.60
2010.09.01 10:18:27.737,1.29825,1.2984,6.80,1.60
2010.09.01 10:18:28.089,1.29825,1.2985,2.40,1.60
2010.09.01 10:18:28.441,1.29825,1.2985,2.40,3.20
2010.09.01 10:18:31.184,1.29825,1.2985,2.40,2.40
2010.09.01 10:18:31.491,1.2983,1.2985,1.00,2.40
2010.09.01 10:18:32.042,1.2983,1.2985,1.60,2.40
2010.09.01 10:18:32.389,1.29845,1.29855,1.00,1.60
2010.09.01 10:18:34.150,1.2984,1.29855,1.00,1.60
2010.09.01 10:18:34.953,1.29845,1.2986,1.00,3.20
2010.09.01 10:18:35.227,1.29845,1.2986,1.00,1.60
2010.09.01 10:18:36.569,1.2985,1.29865,1.60,2.40
2010.09.01 10:18:36.662,1.2985,1.29865,1.60,1.60
2010.09.01 10:18:36.841,1.2985,1.2987,1.60,4.00
2010.09.01 10:18:37.638,1.2985,1.2987,1.60,3.20
2010.09.01 10:18:37.980,1.2985,1.2987,1.60,4.00
2010.09.01 10:18:38.331,1.2985,1.2987,1.70,4.00
2010.09.01 10:18:38.678,1.2985,1.2987,1.60,4.00
2010.09.01 10:18:39.444,1.2985,1.2987,1.00,2.40
2010.09.01 10:18:41.052,1.2985,1.2987,1.00,2.40
2010.09.01 10:18:43.316,1.2985,1.2987,1.00,2.40
2010.09.01 10:18:44.152,1.2985,1.2987,1.00,3.20
2010.09.01 10:18:46.035,1.2985,1.2987,1.00,4.80
2010.09.01 10:18:46.228,1.2985,1.2987,1.00,4.80
2010.09.01 10:18:48.573,1.2985,1.2987,1.00,4.80
2010.09.01 10:18:49.907,1.2985,1.2987,1.00,4.00
2010.09.01 10:18:50.553,1.2985,1.29865,1.00,3.20
2010.09.01 10:18:50.847,1.29845,1.2986,3.20,1.60
2010.09.01 10:18:51.131,1.29845,1.2986,3.20,2.40
2010.09.01 10:18:51.937,1.29845,1.2986,2.40,2.40
2010.09.01 10:18:52.288,1.29845,1.2987,11.40,3.20
2010.09.01 10:18:52.641,1.29855,1.2987,1.20,1.60
2010.09.01 10:18:53.841,1.29855,1.2987,1.00,1.60
2010.09.01 10:18:55.601,1.29855,1.2987,1.00,3.40
2010.09.01 10:18:55.801,1.29855,1.2987,1.00,9.80
2010.09.01 10:18:55.997,1.29845,1.29865,3.40,1.60
2010.09.01 10:18:56.186,1.29845,1.29865,3.40,3.20
2010.09.01 10:18:57.084,1.29845,1.29865,2.70,1.60
2010.09.01 10:18:57.796,1.29845,1.29865,2.70,3.20
2010.09.01 10:18:59.217,1.29845,1.29865,2.60,4.80
2010.09.01 10:18:59.609,1.29845,1.29865,1.80,5.60
2010.09.01 10:19:00.371,1.29845,1.29855,1.00,1.60
2010.09.01 10:19:00.575,1.29825,1.2985,2.60,9.80
2010.09.01 10:19:00.770,1.29825,1.29845,1.80,1.60
2010.09.01 10:19:01.466,1.29825,1.29845,1.60,2.40
2010.09.01 10:19:03.567,1.29825,1.29845,1.60,4.00
2010.09.01 10:19:05.385,1.2982,1.2984,5.00,1.60
2010.09.01 10:19:05.706,1.2982,1.2984,1.60,2.40
2010.09.01 10:19:06.646,1.2982,1.2984,1.00,4.80
2010.09.01 10:19:06.987,1.2982,1.2984,1.00,6.40
2010.09.01 10:19:07.328,1.2982,1.2984,2.40,6.40
2010.09.01 10:19:08.276,1.2982,1.29835,2.40,1.00
2010.09.01 10:19:08.392,1.2982,1.29835,1.60,1.60
2010.09.01 10:19:08.618,1.2982,1.2983,1.60,1.00
2010.09.01 10:19:10.639,1.29815,1.2983,1.60,1.00
2010.09.01 10:19:12.135,1.29815,1.2983,2.40,1.00
2010.09.01 10:19:12.309,1.2982,1.2983,1.00,1.00
2010.09.01 10:19:13.017,1.29825,1.2983,1.60,1.00
2010.09.01 10:19:13.208,1.2983,1.29845,3.20,1.60
2010.09.01 10:19:13.391,1.2983,1.29845,2.40,1.60
2010.09.01 10:19:14.514,1.2983,1.2985,3.20,2.40
2010.09.01 10:19:14.864,1.2983,1.2985,1.60,3.20
2010.09.01 10:19:15.739,1.2983,1.2985,1.60,2.40
2010.09.01 10:19:16.057,1.2983,1.2985,1.00,3.20
2010.09.01 10:19:17.167,1.29825,1.29845,1.00,1.00
2010.09.01 10:19:17.458,1.2982,1.2984,4.80,1.00
2010.09.01 10:19:17.799,1.2982,1.2984,5.60,1.00
2010.09.01 10:19:18.675,1.2982,1.29845,2.40,4.80
2010.09.01 10:19:19.931,1.2982,1.29845,2.40,5.60
2010.09.01 10:19:20.418,1.2982,1.2984,2.40,1.00
2010.09.01 10:19:20.917,1.2982,1.2984,2.40,2.40
2010.09.01 10:19:22.057,1.2982,1.2984,1.60,3.20
2010.09.01 10:19:22.261,1.2982,1.2984,2.40,3.20
2010.09.01 10:19:22.458,1.2982,1.2984,2.40,2.40
2010.09.01 10:19:23.185,1.2982,1.29825,1.00,1.00
2010.09.01 10:19:23.481,1.29805,1.29815,4.00,1.00
2010.09.01 10:19:23.772,1.29795,1.29815,4.20,1.00
2010.09.01 10:19:24.064,1.298,1.29815,3.20,1.60
2010.09.01 10:19:24.665,1.298,1.29815,1.00,1.60
2010.09.01 10:19:24.928,1.29795,1.29815,2.60,4.80
2010.09.01 10:19:26.140,1.29795,1.29815,1.80,6.40
2010.09.01 10:19:26.597,1.29795,1.29815,1.60,6.40
2010.09.01 10:19:27.277,1.298,1.29815,1.60,6.40
2010.09.01 10:19:28.075,1.2981,1.29825,1.00,4.00
2010.09.01 10:19:28.371,1.2981,1.29825,1.00,1.60
2010.09.01 10:19:28.548,1.2981,1.29825,1.60,1.60
2010.09.01 10:19:28.727,1.2981,1.29825,4.80,1.00
2010.09.01 10:19:29.871,1.2981,1.29825,2.40,1.60
2010.09.01 10:19:30.014,1.2981,1.2983,2.60,4.80
2010.09.01 10:19:30.646,1.29805,1.2983,3.40,9.60
2010.09.01 10:19:30.947,1.29805,1.29825,1.80,2.40
2010.09.01 10:19:31.248,1.2981,1.29825,1.60,1.60
2010.09.01 10:19:32.057,1.2981,1.2983,1.60,3.20
2010.09.01 10:19:32.403,1.2981,1.2983,2.40,3.20
2010.09.01 10:19:34.858,1.2981,1.2983,2.40,2.40
2010.09.01 10:19:37.195,1.29815,1.2983,1.00,2.40
2010.09.01 10:19:38.287,1.29815,1.2983,1.00,3.20
2010.09.01 10:19:40.137,1.29815,1.29825,1.00,1.00
2010.09.01 10:19:40.473,1.29815,1.2983,1.00,6.40
2010.09.01 10:19:41.092,1.29815,1.29825,1.00,1.00
2010.09.01 10:19:41.323,1.29805,1.29825,1.60,2.40
2010.09.01 10:19:42.950,1.29805,1.29825,2.40,1.60
2010.09.01 10:19:43.308,1.29805,1.29825,1.60,1.60
2010.09.01 10:19:43.427,1.29805,1.29825,1.60,2.40
2010.09.01 10:19:43.552,1.298,1.29825,5.20,4.40
2010.09.01 10:19:43.682,1.298,1.2982,1.60,2.40
2010.09.01 10:19:44.326,1.29795,1.29815,3.30,1.00
2010.09.01 10:19:44.672,1.29795,1.29815,3.20,1.00
2010.09.01 10:19:45.019,1.29795,1.2982,1.60,4.00
2010.09.01 10:19:45.735,1.29795,1.2982,1.70,6.40
2010.09.01 10:19:45.930,1.29795,1.2982,1.60,6.40
2010.09.01 10:19:46.503,1.298,1.2982,2.40,2.40
2010.09.01 10:19:47.200,1.298,1.2982,2.40,3.20
2010.09.01 10:19:47.558,1.29795,1.2981,1.00,1.60
2010.09.01 10:19:48.412,1.298,1.2981,3.20,1.60
2010.09.01 10:19:48.766,1.29805,1.2982,8.20,1.00
2010.09.01 10:19:48.869,1.29805,1.2982,9.80,1.00
2010.09.01 10:19:49.175,1.29805,1.2982,8.20,1.00
2010.09.01 10:19:49.277,1.29805,1.2982,5.60,1.00
2010.09.01 10:19:49.377,1.29805,1.2982,2.40,1.00
2010.09.01 10:19:49.934,1.29805,1.2982,2.40,1.60
2010.09.01 10:19:50.198,1.29795,1.29815,1.60,3.20
2010.09.01 10:19:50.454,1.2979,1.29815,2.40,3.20
2010.09.01 10:19:50.709,1.2979,1.29815,3.20,2.40
2010.09.01 10:19:50.961,1.2979,1.2981,1.60,1.00
2010.09.01 10:19:51.777,1.2979,1.2981,1.60,1.60
2010.09.01 10:19:52.129,1.2979,1.298,1.60,1.60
2010.09.01 10:19:52.375,1.2978,1.298,3.30,1.60
2010.09.01 10:19:53.012,1.2978,1.298,3.20,1.60
2010.09.01 10:19:53.254,1.298,1.2981,1.00,4.80
2010.09.01 10:19:53.499,1.298,1.2981,1.00,1.00
2010.09.01 10:19:53.978,1.29795,1.2981,4.00,1.00
2010.09.01 10:19:54.219,1.2979,1.2981,1.60,1.00
2010.09.01 10:19:54.948,1.29785,1.2981,7.20,1.60
2010.09.01 10:19:55.188,1.29785,1.2981,4.80,1.60
2010.09.01 10:19:55.421,1.29785,1.29805,4.00,1.00
2010.09.01 10:19:55.619,1.29785,1.29805,2.40,1.00
2010.09.01 10:19:56.987,1.29785,1.298,2.40,1.60
2010.09.01 10:19:57.194,1.2978,1.298,5.70,1.60
2010.09.01 10:19:57.402,1.2978,1.298,3.20,3.20
2010.09.01 10:19:57.798,1.2978,1.298,2.50,3.20
2010.09.01 10:19:58.116,1.2978,1.298,1.70,4.00
2010.09.01 10:19:58.440,1.2979,1.298,2.60,2.40
2010.09.01 10:19:59.014,1.2979,1.298,4.20,2.40
2010.09.01 10:19:59.099,1.2979,1.2981,1.80,2.40
2010.09.01 10:19:59.235,1.2979,1.29805,1.80,1.00
2010.09.01 10:19:59.305,1.2979,1.29805,1.00,1.00
2010.09.01 10:20:00.025,1.29785,1.2981,1.60,2.40
2010.09.01 10:20:00.369,1.29785,1.29805,1.00,1.60
2010.09.01 10:20:01.059,1.2978,1.29805,8.00,1.60
2010.09.01 10:20:01.275,1.2978,1.298,8.10,1.00
2010.09.01 10:20:01.915,1.2978,1.298,7.30,1.00
2010.09.01 10:20:02.133,1.2978,1.298,7.20,1.00
2010.09.01 10:20:02.271,1.2978,1.298,5.60,1.60
2010.09.01 10:20:02.677,1.2978,1.298,7.30,1.60
2010.09.01 10:20:04.408,1.2978,1.298,7.20,1.60
2010.09.01 10:20:07.758,1.2978,1.298,7.30,1.60
2010.09.01 10:20:08.306,1.2978,1.298,7.20,1.60
2010.09.01 10:20:08.385,1.2978,1.298,7.30,1.60
2010.09.01 10:20:09.182,1.2978,1.298,7.20,1.60
2010.09.01 10:20:09.717,1.2978,1.298,7.30,1.60
2010.09.01 10:20:11.175,1.2978,1.298,6.40,1.60
2010.09.01 10:20:11.415,1.2978,1.298,4.80,1.60
2010.09.01 10:20:11.538,1.2978,1.298,4.80,1.60
2010.09.01 10:20:11.659,1.2978,1.298,4.00,1.60
2010.09.01 10:20:11.786,1.2978,1.298,4.10,1.60
2010.09.01 10:20:13.397,1.29785,1.298,1.60,1.60
2010.09.01 10:20:16.954,1.2978,1.298,2.40,1.60
2010.09.01 10:20:19.597,1.2978,1.298,2.40,4.00
2010.09.01 10:20:19.875,1.29775,1.29785,1.00,1.00
2010.09.01 10:20:20.644,1.2977,1.29785,4.80,1.00
2010.09.01 10:20:21.011,1.29765,1.29785,1.60,1.60
2010.09.01 10:20:21.368,1.29765,1.29785,1.60,2.40
2010.09.01 10:20:22.241,1.29765,1.2979,3.20,2.40
2010.09.01 10:20:23.085,1.2977,1.2979,2.40,2.40
2010.09.01 10:20:23.427,1.2977,1.2979,2.40,1.60
2010.09.01 10:20:23.766,1.2977,1.2979,3.20,1.60
2010.09.01 10:20:24.576,1.2977,1.2979,2.40,1.60
2010.09.01 10:20:24.838,1.29775,1.2979,1.00,1.60
2010.09.01 10:20:25.094,1.29775,1.29795,2.40,2.40
2010.09.01 10:20:25.348,1.29775,1.29795,3.20,1.60
2010.09.01 10:20:26.089,1.29795,1.298,1.00,1.60
2010.09.01 10:20:26.446,1.298,1.29805,1.00,1.00
2010.09.01 10:20:26.793,1.298,1.2981,1.00,1.60
2010.09.01 10:20:28.007,1.298,1.2981,1.00,1.00
2010.09.01 10:20:28.170,1.298,1.2981,1.00,4.00
2010.09.01 10:20:28.339,1.298,1.2981,1.00,4.80
2010.09.01 10:20:29.462,1.298,1.2981,1.00,5.60
2010.09.01 10:20:29.716,1.298,1.29805,1.00,1.00
2010.09.01 10:20:29.961,1.298,1.29805,1.00,1.60
2010.09.01 10:20:30.900,1.2978,1.298,5.90,1.00
2010.09.01 10:20:31.131,1.29795,1.29805,1.00,2.40
2010.09.01 10:20:31.634,1.29795,1.29805,1.00,1.60
2010.09.01 10:20:32.534,1.298,1.2981,1.00,2.40
2010.09.01 10:20:32.888,1.298,1.2981,1.00,1.60
2010.09.01 10:20:33.438,1.298,1.2981,1.00,1.00
2010.09.01 10:20:33.748,1.29785,1.298,1.00,4.80
2010.09.01 10:20:34.054,1.29785,1.298,1.00,3.20
2010.09.01 10:20:34.359,1.2978,1.298,3.20,5.60
2010.09.01 10:20:38.321,1.2978,1.298,3.20,7.20
2010.09.01 10:20:39.371,1.2978,1.298,3.20,6.40
2010.09.01 10:20:40.115,1.2978,1.298,4.00,4.80
2010.09.01 10:20:40.361,1.29785,1.29805,1.00,3.20
2010.09.01 10:20:41.632,1.29785,1.29805,1.00,2.40
2010.09.01 10:20:43.300,1.2978,1.29805,5.60,1.60
2010.09.01 10:20:43.602,1.2978,1.29805,4.80,1.60
2010.09.01 10:20:46.335,1.2978,1.29805,5.60,1.60
2010.09.01 10:20:47.126,1.2978,1.29805,4.80,1.60
2010.09.01 10:20:47.309,1.2978,1.29805,5.60,1.60
2010.09.01 10:20:49.294,1.2978,1.29805,4.00,2.40
2010.09.01 10:20:49.391,1.2978,1.29805,4.80,2.40
2010.09.01 10:20:50.020,1.2978,1.29805,4.00,2.40
2010.09.01 10:20:50.128,1.2978,1.298,3.20,1.00
2010.09.01 10:20:50.311,1.2978,1.298,2.40,1.60
2010.09.01 10:20:54.266,1.2978,1.298,2.40,2.40
2010.09.01 10:20:54.951,1.2978,1.29795,1.00,1.00
2010.09.01 10:20:55.557,1.2978,1.29795,1.00,1.60
2010.09.01 10:20:55.638,1.2978,1.29785,1.00,1.00
2010.09.01 10:20:56.292,1.29775,1.29785,2.40,1.60
2010.09.01 10:20:56.644,1.29775,1.29785,2.40,2.40
2010.09.01 10:20:57.443,1.29775,1.29785,6.40,1.00
2010.09.01 10:20:57.738,1.2978,1.298,1.60,4.00
2010.09.01 10:20:58.030,1.2978,1.298,2.40,4.00
2010.09.01 10:20:58.853,1.2978,1.298,3.20,3.20
2010.09.01 10:20:59.181,1.2978,1.298,3.20,2.40
2010.09.01 10:20:59.509,1.2978,1.298,3.20,1.00
2010.09.01 10:21:00.292,1.2978,1.298,4.20,1.60
2010.09.01 10:21:01.980,1.2978,1.298,2.60,1.60
2010.09.01 10:21:02.568,1.2978,1.298,2.60,4.00
2010.09.01 10:21:03.559,1.29785,1.298,1.60,1.60
2010.09.01 10:21:04.040,1.29795,1.298,1.00,1.00
2010.09.01 10:21:04.576,1.29795,1.29805,1.00,4.80
2010.09.01 10:21:04.847,1.2979,1.29805,1.60,2.40
2010.09.01 10:21:06.443,1.29795,1.29815,2.40,5.60
2010.09.01 10:21:06.787,1.298,1.29815,1.00,2.40
2010.09.01 10:21:07.588,1.29795,1.29815,2.40,3.20
2010.09.01 10:21:07.905,1.298,1.29815,1.00,1.60
2010.09.01 10:21:12.446,1.29805,1.29815,1.00,1.60
2010.09.01 10:21:12.705,1.29805,1.2982,1.00,4.80
2010.09.01 10:21:14.346,1.29805,1.2982,1.00,4.00
2010.09.01 10:21:14.585,1.29805,1.2982,1.00,2.40
2010.09.01 10:21:14.990,1.29805,1.2982,1.00,1.60
2010.09.01 10:21:15.191,1.29805,1.2982,2.40,1.60
2010.09.01 10:21:15.965,1.29805,1.29825,2.40,4.00
2010.09.01 10:21:16.223,1.29805,1.2982,2.40,1.00
2010.09.01 10:21:16.474,1.29805,1.2982,1.00,1.00
2010.09.01 10:21:17.002,1.29805,1.2982,1.00,2.60
2010.09.01 10:21:17.301,1.29835,1.2984,1.60,2.00
2010.09.01 10:21:17.596,1.2983,1.29845,2.80,2.40
2010.09.01 10:21:17.892,1.2983,1.2985,2.40,5.60
2010.09.01 10:21:18.534,1.29835,1.2985,1.00,2.80
2010.09.01 10:21:18.889,1.2984,1.29855,1.00,1.60
2010.09.01 10:21:20.316,1.29845,1.2986,1.00,4.00
2010.09.01 10:21:20.415,1.29845,1.29865,1.00,4.80
2010.09.01 10:21:20.604,1.29845,1.29865,1.00,4.00
2010.09.01 10:21:20.698,1.29845,1.29865,1.00,4.80
2010.09.01 10:21:22.044,1.29845,1.29865,1.00,4.00
2010.09.01 10:21:22.634,1.29845,1.29865,1.00,4.80
2010.09.01 10:21:22.935,1.2986,1.29865,1.00,4.80
2010.09.01 10:21:23.691,1.2986,1.2987,5.60,1.00
2010.09.01 10:21:23.998,1.2986,1.29875,1.00,1.60
2010.09.01 10:21:25.035,1.2986,1.2988,1.00,4.00
2010.09.01 10:21:26.091,1.2986,1.2988,1.00,4.80
2010.09.01 10:21:26.421,1.29855,1.2988,2.40,9.60
2010.09.01 10:21:28.207,1.2986,1.29875,1.00,4.80
2010.09.01 10:21:28.564,1.2986,1.2987,1.60,1.60
2010.09.01 10:21:28.753,1.2986,1.29875,2.40,1.60
2010.09.01 10:21:29.386,1.2986,1.2988,2.40,5.60
2010.09.01 10:21:29.923,1.2986,1.2988,2.40,6.40
2010.09.01 10:21:31.147,1.29875,1.29885,1.60,3.20
2010.09.01 10:21:31.252,1.29875,1.29885,1.60,1.00
2010.09.01 10:21:31.901,1.29875,1.2989,1.60,1.60
2010.09.01 10:21:32.254,1.2987,1.2989,1.00,1.60
2010.09.01 10:21:33.103,1.2986,1.2988,4.00,5.60
2010.09.01 10:21:33.388,1.2986,1.2988,1.00,5.00
2010.09.01 10:21:33.663,1.2986,1.2988,1.00,5.80
2010.09.01 10:21:33.939,1.2986,1.29875,1.60,1.00
2010.09.01 10:21:35.044,1.2986,1.2988,1.60,6.40
2010.09.01 10:21:35.359,1.2986,1.29875,1.60,1.00
2010.09.01 10:21:35.721,1.2986,1.29875,1.60,1.60
2010.09.01 10:21:37.151,1.2986,1.2988,1.60,5.60
2010.09.01 10:21:37.291,1.2986,1.2988,1.60,6.40
2010.09.01 10:21:37.569,1.2986,1.29875,1.60,1.00
2010.09.01 10:21:38.268,1.2986,1.2987,1.00,1.00
2010.09.01 10:21:38.563,1.29855,1.2987,1.00,1.00
2010.09.01 10:21:38.840,1.29855,1.2987,1.00,1.80
2010.09.01 10:21:39.399,1.29855,1.2987,1.00,1.00
2010.09.01 10:21:40.552,1.2986,1.2987,2.40,1.80
2010.09.01 10:21:40.649,1.2986,1.2987,3.20,1.00
2010.09.01 10:21:40.828,1.2986,1.2987,4.00,1.00
2010.09.01 10:21:40.920,1.2986,1.2987,7.20,1.00
2010.09.01 10:21:41.017,1.29865,1.2987,1.00,1.00
2010.09.01 10:21:41.672,1.29865,1.2988,1.60,2.40
2010.09.01 10:21:43.779,1.2986,1.2988,3.20,6.40
2010.09.01 10:21:43.954,1.2986,1.2988,3.20,5.60
2010.09.01 10:21:44.117,1.2986,1.2988,4.80,5.60
2010.09.01 10:21:44.278,1.2986,1.2988,4.80,4.80
2010.09.01 10:21:44.816,1.2986,1.2988,4.00,4.80
2010.09.01 10:21:45.074,1.2986,1.2988,4.80,4.80
2010.09.01 10:21:45.332,1.2986,1.2988,4.80,5.60
2010.09.01 10:21:46.109,1.2986,1.2988,4.00,5.60
2010.09.01 10:21:46.416,1.29865,1.29885,4.80,8.00
2010.09.01 10:21:46.721,1.29865,1.29885,4.80,8.80
2010.09.01 10:21:47.019,1.29865,1.29885,4.80,8.00
2010.09.01 10:21:47.896,1.29865,1.2988,4.00,1.00
2010.09.01 10:21:48.242,1.29865,1.2988,3.20,3.20
2010.09.01 10:21:48.591,1.29865,1.2988,2.40,3.20
2010.09.01 10:21:49.491,1.29865,1.2988,2.40,2.40
2010.09.01 10:21:50.352,1.29865,1.2988,4.00,1.00
2010.09.01 10:21:51.000,1.29865,1.2988,4.80,1.00
2010.09.01 10:21:56.629,1.29865,1.29875,1.00,2.40
2010.09.01 10:21:56.828,1.2986,1.29875,1.60,4.20
2010.09.01 10:21:57.418,1.2986,1.29875,2.40,4.00
2010.09.01 10:21:57.680,1.2986,1.29875,1.00,1.60
2010.09.01 10:22:00.511,1.29855,1.29875,2.40,1.60
2010.09.01 10:22:00.684,1.29855,1.29875,3.20,1.60
2010.09.01 10:22:01.351,1.29855,1.29875,2.40,1.60
2010.09.01 10:22:01.530,1.2986,1.2988,1.60,6.40
2010.09.01 10:22:02.219,1.2986,1.2988,1.60,5.60
2010.09.01 10:22:03.221,1.2986,1.2988,1.00,5.60
2010.09.01 10:22:04.546,1.2986,1.29875,1.00,1.00
2010.09.01 10:22:09.696,1.2986,1.29875,1.00,2.40
2010.09.01 10:22:09.839,1.2986,1.2987,1.00,1.00
2010.09.01 10:22:09.909,1.29855,1.2987,1.60,1.00
2010.09.01 10:22:10.501,1.2985,1.29865,2.40,1.60
2010.09.01 10:22:10.800,1.29835,1.29855,1.00,1.60
2010.09.01 10:22:11.095,1.29835,1.29855,1.00,2.40
2010.09.01 10:22:11.900,1.2983,1.29855,7.20,3.20
2010.09.01 10:22:13.635,1.29835,1.29855,1.00,2.40
2010.09.01 10:22:13.966,1.2984,1.2986,1.00,1.60
2010.09.01 10:22:15.010,1.2984,1.2985,1.00,1.60
2010.09.01 10:22:15.518,1.29835,1.2985,2.40,1.60
2010.09.01 10:22:16.628,1.29835,1.2985,1.60,1.60
2010.09.01 10:22:16.963,1.2983,1.2985,8.80,1.60
2010.09.01 10:22:18.831,1.2983,1.29855,9.00,2.40
2010.09.01 10:22:19.688,1.2983,1.29855,9.00,3.20
2010.09.01 10:22:20.017,1.2983,1.29855,8.00,3.20
2010.09.01 10:22:21.537,1.29835,1.29855,1.00,2.40
2010.09.01 10:22:21.822,1.2983,1.2985,7.20,1.00
2010.09.01 10:22:22.072,1.2983,1.2985,8.20,1.00
2010.09.01 10:22:24.528,1.2983,1.2985,8.00,1.00
2010.09.01 10:22:26.535,1.29835,1.29855,1.00,1.60
2010.09.01 10:22:26.700,1.29835,1.29855,1.00,1.00
2010.09.01 10:22:26.787,1.29835,1.2986,1.60,4.80
2010.09.01 10:22:26.866,1.29835,1.2986,1.60,4.00
2010.09.01 10:22:27.841,1.29835,1.2986,2.40,4.00
2010.09.01 10:22:29.326,1.29835,1.2985,2.40,1.00
2010.09.01 10:22:29.615,1.2983,1.2985,3.20,3.20
2010.09.01 10:22:29.758,1.2983,1.2985,3.20,1.60
2010.09.01 10:22:30.956,1.2983,1.2985,3.20,4.00
2010.09.01 10:22:32.380,1.2983,1.2985,2.40,4.80
2010.09.01 10:22:32.743,1.2983,1.29845,1.00,2.60
2010.09.01 10:22:32.971,1.2983,1.2984,4.80,1.00
2010.09.01 10:22:33.589,1.2983,1.2984,2.40,1.60
2010.09.01 10:22:33.820,1.2982,1.2984,2.40,1.60
2010.09.01 10:22:35.000,1.29815,1.2984,6.40,1.60
2010.09.01 10:22:35.211,1.29825,1.29845,2.40,1.00
2010.09.01 10:22:37.089,1.29825,1.29845,1.60,2.40
2010.09.01 10:22:37.972,1.2982,1.2984,7.20,1.00
2010.09.01 10:22:38.646,1.2982,1.2984,8.80,1.00
2010.09.01 10:22:40.680,1.2982,1.2984,6.40,1.00
2010.09.01 10:22:41.047,1.2982,1.2984,5.60,1.60
2010.09.01 10:22:42.492,1.2982,1.2984,5.60,1.00
2010.09.01 10:22:43.375,1.29825,1.29845,1.00,4.80
2010.09.01 10:22:43.625,1.29825,1.29845,2.40,3.20
2010.09.01 10:22:44.920,1.29825,1.2985,2.40,8.00
2010.09.01 10:22:45.207,1.29825,1.2985,2.40,8.80
2010.09.01 10:22:46.307,1.2983,1.2985,1.00,6.40
2010.09.01 10:22:46.576,1.2983,1.2985,1.00,4.80
2010.09.01 10:22:50.817,1.2983,1.2985,1.00,6.40
2010.09.01 10:22:51.778,1.2983,1.2985,1.00,6.50
2010.09.01 10:22:51.921,1.29825,1.29845,4.00,2.40
2010.09.01 10:22:52.575,1.29825,1.2985,3.20,7.20
2010.09.01 10:22:52.927,1.2983,1.2985,3.20,3.20
2010.09.01 10:22:53.609,1.2983,1.2985,3.40,3.20
2010.09.01 10:22:56.114,1.2983,1.2985,3.40,2.40
2010.09.01 10:22:56.311,1.29835,1.2985,1.00,2.40
2010.09.01 10:22:56.501,1.29835,1.2985,1.00,1.00
2010.09.01 10:22:57.500,1.2983,1.2985,3.40,2.40
2010.09.01 10:23:04.330,1.2983,1.2985,2.40,5.00
2010.09.01 10:23:04.640,1.2983,1.2985,1.00,5.00
2010.09.01 10:23:06.083,1.2983,1.2985,1.00,4.80
2010.09.01 10:23:06.228,1.2983,1.2985,1.60,4.80
2010.09.01 10:23:08.366,1.2983,1.2985,2.40,3.20
2010.09.01 10:23:08.480,1.29835,1.2985,1.00,1.00
2010.09.01 10:23:09.213,1.29835,1.2985,1.00,1.00
2010.09.01 10:23:11.337,1.29835,1.2985,1.00,1.00
2010.09.01 10:23:12.071,1.2983,1.2985,3.20,3.20
2010.09.01 10:23:12.422,1.2983,1.2985,4.00,3.40
2010.09.01 10:23:12.769,1.2983,1.2985,3.30,3.20
2010.09.01 10:23:13.116,1.2983,1.2985,3.20,3.20
2010.09.01 10:23:13.378,1.29835,1.2985,1.00,1.00
2010.09.01 10:23:14.277,1.29835,1.2985,1.00,1.00
2010.09.01 10:23:14.679,1.29835,1.2985,1.00,1.00
2010.09.01 10:23:16.324,1.29835,1.2985,1.00,1.00
2010.09.01 10:23:17.538,1.2985,1.2987,4.20,1.60
2010.09.01 10:23:18.422,1.29855,1.29875,1.00,2.40
2010.09.01 10:23:18.777,1.2986,1.2988,1.00,7.20
2010.09.01 10:23:19.129,1.2986,1.2988,3.20,3.20
2010.09.01 10:23:19.992,1.29865,1.2988,1.00,2.40
2010.09.01 10:23:21.168,1.29865,1.2988,1.00,2.60
2010.09.01 10:23:21.808,1.29865,1.2988,1.00,3.40
2010.09.01 10:23:21.952,1.2986,1.2988,1.00,6.60
2010.09.01 10:23:22.085,1.2986,1.2988,1.00,7.40
2010.09.01 10:23:22.367,1.2986,1.2988,1.00,7.20
2010.09.01 10:23:23.285,1.29865,1.2988,1.00,2.40
2010.09.01 10:23:23.620,1.29865,1.29885,1.00,8.80
2010.09.01 10:23:24.344,1.29865,1.2988,2.40,1.00
2010.09.01 10:23:24.592,1.29865,1.2988,2.40,1.00
2010.09.01 10:23:25.918,1.29865,1.2988,2.40,1.00
2010.09.01 10:23:27.682,1.29865,1.2988,1.00,2.40
2010.09.01 10:23:31.825,1.2986,1.2988,1.00,5.80
2010.09.01 10:23:32.041,1.2986,1.2988,1.00,5.60
2010.09.01 10:23:32.775,1.29865,1.2988,1.00,4.00
2010.09.01 10:23:33.117,1.29865,1.2988,1.00,5.60
2010.09.01 10:23:33.457,1.29865,1.2988,1.00,4.00
2010.09.01 10:23:33.798,1.29865,1.2988,1.00,5.60
2010.09.01 10:23:34.752,1.29865,1.2988,1.00,1.00
2010.09.01 10:23:34.962,1.29865,1.2988,1.00,4.00
2010.09.01 10:23:35.317,1.29865,1.2988,1.00,5.60
2010.09.01 10:23:36.444,1.29865,1.2987,1.00,1.00
2010.09.01 10:23:36.728,1.29865,1.2988,1.00,8.80
2010.09.01 10:23:36.867,1.29865,1.2988,1.00,7.20
2010.09.01 10:23:38.732,1.29865,1.2988,1.00,6.40
2010.09.01 10:23:39.404,1.2986,1.2988,1.00,5.60
2010.09.01 10:23:41.940,1.2986,1.2988,1.00,4.80
2010.09.01 10:23:42.158,1.2986,1.2988,4.00,4.80
2010.09.01 10:23:42.771,1.2986,1.2988,3.20,3.20
2010.09.01 10:23:43.066,1.2986,1.2988,1.60,4.80
2010.09.01 10:23:43.347,1.2986,1.2988,1.60,4.00
2010.09.01 10:23:47.928,1.2986,1.2988,1.60,5.60
2010.09.01 10:23:48.144,1.2986,1.2987,1.60,1.00
2010.09.01 10:23:48.352,1.29855,1.2987,4.20,3.20
2010.09.01 10:23:48.577,1.2986,1.2988,1.00,7.40
2010.09.01 10:23:48.798,1.2986,1.2988,1.00,6.60
2010.09.01 10:23:49.027,1.2986,1.2988,1.00,5.80
2010.09.01 10:23:49.246,1.2986,1.2988,1.00,5.60
2010.09.01 10:23:49.997,1.2986,1.2988,1.00,6.40
2010.09.01 10:23:50.168,1.29845,1.29865,4.00,2.40
2010.09.01 10:23:50.327,1.29845,1.29865,3.40,3.20
2010.09.01 10:23:50.488,1.2984,1.2986,7.20,5.00
2010.09.01 10:23:50.659,1.2984,1.2986,3.40,3.20
2010.09.01 10:23:50.831,1.29835,1.2986,4.40,4.80
2010.09.01 10:23:50.998,1.2984,1.2986,1.00,2.40
2010.09.01 10:23:51.167,1.2984,1.2986,1.00,1.60
2010.09.01 10:23:51.756,1.2984,1.2986,1.00,1.00
2010.09.01 10:23:51.968,1.2984,1.2986,1.00,1.60
2010.09.01 10:23:53.067,1.2984,1.2986,1.00,1.00
2010.09.01 10:23:53.810,1.29835,1.2985,2.40,1.00
2010.09.01 10:23:54.692,1.2984,1.2985,1.80,1.00
2010.09.01 10:23:55.029,1.2984,1.2986,2.40,1.00
2010.09.01 10:23:56.179,1.2984,1.29865,2.40,4.80
2010.09.01 10:23:56.855,1.29845,1.29865,2.40,1.60
2010.09.01 10:23:57.136,1.2985,1.2987,1.00,2.40
2010.09.01 10:23:57.402,1.2985,1.29855,1.00,1.60
2010.09.01 10:23:57.663,1.29835,1.2985,3.20,1.00
2010.09.01 10:23:58.457,1.29825,1.2984,1.00,4.00
2010.09.01 10:23:58.743,1.2982,1.2984,2.40,4.00
2010.09.01 10:24:00.585,1.29825,1.2984,1.60,3.20
2010.09.01 10:24:01.147,1.29825,1.2984,1.60,2.40
2010.09.01 10:24:01.488,1.29835,1.29855,8.60,4.80
2010.09.01 10:24:01.825,1.2985,1.2986,1.00,1.60
2010.09.01 10:24:02.552,1.29855,1.2987,1.00,4.00
2010.09.01 10:24:02.789,1.2985,1.2987,4.20,1.60
2010.09.01 10:24:03.141,1.2985,1.29875,5.80,5.60
2010.09.01 10:24:03.883,1.2985,1.29875,5.80,4.80
2010.09.01 10:24:04.091,1.29855,1.29875,1.00,3.40
2010.09.01 10:24:04.298,1.2986,1.29875,1.00,3.40
2010.09.01 10:24:05.331,1.2986,1.29875,1.00,2.40
2010.09.01 10:24:07.191,1.29865,1.2988,1.00,2.40
2010.09.01 10:24:08.191,1.29865,1.2988,1.00,1.00
2010.09.01 10:24:09.624,1.2987,1.29885,1.00,4.20
2010.09.01 10:24:09.844,1.29865,1.2988,1.00,1.60
2010.09.01 10:24:10.056,1.29865,1.29885,1.00,9.00
2010.09.01 10:24:11.359,1.29865,1.2988,1.00,1.00
2010.09.01 10:24:16.595,1.29865,1.2988,2.40,1.00
2010.09.01 10:24:17.039,1.29865,1.29885,4.80,5.80
2010.09.01 10:24:17.614,1.2987,1.29885,1.00,5.80
2010.09.01 10:24:17.973,1.29865,1.29885,2.40,8.20
2010.09.01 10:24:19.183,1.2986,1.2988,6.60,1.60
2010.09.01 10:24:19.493,1.29865,1.2988,1.00,3.20
2010.09.01 10:24:19.805,1.29855,1.2987,6.80,1.00
2010.09.01 10:24:20.520,1.2985,1.29875,2.00,6.40
2010.09.01 10:24:20.745,1.29845,1.2986,1.00,1.00
2010.09.01 10:24:20.982,1.29845,1.2987,2.40,7.20
2010.09.01 10:24:21.832,1.29845,1.2987,2.40,6.40
2010.09.01 10:24:23.591,1.29845,1.2987,2.40,7.20
2010.09.01 10:24:23.821,1.2985,1.2987,1.00,6.40
2010.09.01 10:24:24.068,1.2985,1.2987,1.00,3.20
2010.09.01 10:24:25.869,1.2985,1.2987,1.00,5.60
2010.09.01 10:24:26.537,1.29845,1.2987,2.40,7.20
2010.09.01 10:24:26.732,1.29845,1.2987,2.40,8.80
2010.09.01 10:24:28.146,1.29845,1.2987,5.60,7.20
2010.09.01 10:24:28.308,1.2985,1.2987,1.00,4.00
2010.09.01 10:24:29.493,1.2985,1.2987,1.00,7.20
2010.09.01 10:24:30.672,1.29845,1.29865,2.40,1.00
2010.09.01 10:24:30.972,1.29845,1.29865,1.60,1.60
2010.09.01 10:24:31.272,1.29845,1.29865,2.40,1.00
2010.09.01 10:24:32.003,1.29845,1.2987,2.40,7.20
2010.09.01 10:24:32.292,1.29845,1.29865,1.00,2.40
2010.09.01 10:24:32.569,1.29845,1.29865,1.00,1.60
2010.09.01 10:24:33.129,1.29845,1.29865,1.00,1.00
2010.09.01 10:24:33.487,1.29845,1.2987,2.40,8.00
2010.09.01 10:24:36.228,1.29845,1.2987,2.40,7.20
2010.09.01 10:24:38.838,1.29845,1.2987,1.00,7.20
2010.09.01 10:24:39.611,1.29845,1.2987,1.00,8.00
2010.09.01 10:24:39.812,1.29845,1.29865,1.00,1.00
2010.09.01 10:24:40.505,1.29845,1.2987,1.00,8.80
2010.09.01 10:24:40.656,1.29845,1.2987,1.00,8.00
2010.09.01 10:24:42.189,1.2984,1.2986,5.00,2.40
2010.09.01 10:24:42.317,1.2984,1.2986,8.20,1.60
2010.09.01 10:24:42.439,1.2984,1.2986,7.40,1.60
2010.09.01 10:24:43.087,1.2984,1.2986,8.20,1.00
2010.09.01 10:24:43.436,1.2985,1.2987,1.00,6.40
2010.09.01 10:24:45.186,1.2985,1.2987,1.00,5.60
2010.09.01 10:24:45.395,1.2985,1.2987,1.00,4.80
2010.09.01 10:24:46.975,1.29855,1.2987,1.00,2.40
2010.09.01 10:24:47.753,1.2985,1.2987,1.00,4.80
2010.09.01 10:24:48.925,1.2985,1.2987,2.40,3.20
2010.09.01 10:24:54.658,1.2985,1.2987,1.00,5.60
2010.09.01 10:24:55.950,1.2985,1.2987,1.00,4.80
2010.09.01 10:24:56.592,1.2985,1.29865,1.00,1.60
2010.09.01 10:24:57.410,1.2984,1.2986,9.00,1.00
2010.09.01 10:24:58.318,1.2984,1.29865,8.20,4.80
2010.09.01 10:24:59.871,1.2984,1.29855,1.00,4.00
2010.09.01 10:25:00.090,1.2983,1.2985,6.40,2.40
2010.09.01 10:25:00.311,1.2983,1.2985,1.00,4.00
2010.09.01 10:25:01.008,1.29835,1.2985,1.00,4.80
2010.09.01 10:25:01.276,1.29835,1.2985,1.00,1.60
2010.09.01 10:25:01.533,1.29835,1.2985,1.00,1.00
2010.09.01 10:25:01.788,1.2983,1.2985,5.80,1.00
2010.09.01 10:25:02.378,1.2983,1.29845,3.40,1.60
2010.09.01 10:25:03.261,1.2983,1.2985,7.40,1.00
2010.09.01 10:25:03.426,1.2983,1.29855,7.40,2.40
2010.09.01 10:25:03.487,1.29835,1.29855,1.00,2.40
2010.09.01 10:25:04.033,1.29835,1.2986,1.00,9.60
2010.09.01 10:25:04.097,1.2984,1.29855,1.00,2.40
2010.09.01 10:25:04.161,1.29835,1.29855,3.60,2.40
2010.09.01 10:25:05.020,1.29835,1.2985,1.00,1.00
2010.09.01 10:25:08.709,1.29835,1.2985,1.00,1.00
2010.09.01 10:25:08.816,1.29835,1.2985,1.00,2.60
2010.09.01 10:25:09.057,1.29835,1.2985,1.60,1.60
2010.09.01 10:25:09.179,1.2984,1.29855,1.00,2.40
2010.09.01 10:25:09.815,1.29845,1.2986,1.00,2.40
2010.09.01 10:25:10.029,1.29855,1.29875,2.40,1.60
2010.09.01 10:25:10.231,1.2986,1.29875,1.00,1.00
2010.09.01 10:25:10.822,1.2986,1.2988,1.00,7.20
2010.09.01 10:25:11.114,1.2986,1.2988,1.00,8.00
2010.09.01 10:25:11.409,1.2986,1.2988,1.00,7.20
2010.09.01 10:25:11.986,1.2986,1.2988,1.00,8.00
2010.09.01 10:25:15.224,1.2986,1.2988,1.00,5.60
2010.09.01 10:25:15.358,1.29865,1.2988,1.00,2.40
2010.09.01 10:25:19.854,1.29865,1.2988,1.00,1.60
2010.09.01 10:25:19.926,1.29865,1.2988,1.00,1.00
2010.09.01 10:25:21.670,1.29865,1.2988,1.00,1.00
2010.09.01 10:25:21.953,1.29865,1.2988,1.00,1.00
2010.09.01 10:25:22.168,1.29865,1.2988,2.40,1.00
2010.09.01 10:25:22.388,1.29865,1.2988,2.50,1.00
2010.09.01 10:25:22.867,1.29865,1.2988,2.50,1.80
2010.09.01 10:25:23.469,1.29865,1.2988,1.00,1.80
2010.09.01 10:25:23.673,1.29865,1.2988,1.00,3.20
2010.09.01 10:25:23.868,1.29865,1.2988,1.00,3.20
2010.09.01 10:25:24.436,1.29865,1.2988,1.00,3.20
2010.09.01 10:25:25.555,1.29865,1.2988,1.00,3.20
2010.09.01 10:25:26.457,1.29865,1.2988,1.00,1.60
2010.09.01 10:25:27.586,1.2986,1.2988,1.00,4.00
2010.09.01 10:25:28.415,1.2986,1.2988,1.00,4.00
2010.09.01 10:25:29.568,1.2986,1.2988,1.00,4.00
2010.09.01 10:25:30.615,1.2986,1.2988,1.00,4.00
2010.09.01 10:25:31.360,1.2986,1.2988,1.00,5.60
2010.09.01 10:25:33.567,1.2986,1.2988,1.00,6.40
2010.09.01 10:25:37.176,1.2986,1.29875,1.00,1.60
2010.09.01 10:25:38.004,1.29855,1.29875,1.00,3.20
2010.09.01 10:25:40.354,1.2985,1.29875,7.20,7.20
2010.09.01 10:25:42.268,1.2985,1.2987,6.40,1.00
2010.09.01 10:25:42.521,1.2985,1.29865,1.60,1.00
2010.09.01 10:25:42.719,1.2985,1.29865,1.60,1.60
2010.09.01 10:25:43.107,1.29845,1.29865,3.20,1.60
2010.09.01 10:25:43.677,1.29845,1.29865,4.00,1.60
2010.09.01 10:25:44.411,1.29845,1.29865,3.20,1.60
2010.09.01 10:25:44.587,1.29845,1.29865,4.00,1.60
2010.09.01 10:25:45.418,1.29845,1.29865,3.20,1.60
2010.09.01 10:25:46.022,1.29845,1.29865,3.20,1.00
2010.09.01 10:25:46.146,1.29845,1.2987,4.80,2.40
2010.09.01 10:25:48.515,1.29855,1.2987,1.60,1.60
2010.09.01 10:25:48.703,1.29855,1.2987,1.60,1.00
2010.09.01 10:25:49.652,1.2985,1.2987,3.20,1.60
2010.09.01 10:25:49.867,1.2985,1.2987,1.60,1.60
2010.09.01 10:25:50.306,1.29845,1.2987,4.00,1.60
2010.09.01 10:25:55.657,1.29845,1.2987,4.00,2.40
2010.09.01 10:25:55.865,1.29845,1.2987,4.00,4.00
2010.09.01 10:25:56.077,1.29845,1.2987,3.20,2.40
2010.09.01 10:25:59.772,1.29845,1.29865,3.20,2.40
2010.09.01 10:25:59.892,1.29855,1.29865,1.00,2.40
2010.09.01 10:26:00.007,1.29855,1.29865,1.00,3.20
2010.09.01 10:26:00.129,1.29855,1.29865,1.00,4.00
2010.09.01 10:26:01.669,1.2984,1.29865,3.20,6.40
2010.09.01 10:26:01.898,1.2984,1.29865,3.20,8.00
2010.09.01 10:26:02.979,1.2984,1.2986,3.20,1.60
2010.09.01 10:26:03.331,1.2984,1.2986,1.00,6.40
2010.09.01 10:26:04.936,1.2984,1.2985,1.00,1.00
2010.09.01 10:26:05.574,1.29835,1.2985,3.20,1.00
2010.09.01 10:26:05.634,1.29835,1.2985,1.60,1.00
2010.09.01 10:26:06.194,1.29835,1.2985,1.60,1.60
2010.09.01 10:26:07.185,1.29835,1.2985,1.60,1.00
2010.09.01 10:26:16.247,1.29835,1.2985,1.60,1.60
2010.09.01 10:26:22.298,1.29835,1.2985,1.60,1.00
2010.09.01 10:26:30.668,1.2983,1.29845,1.60,2.40
2010.09.01 10:26:30.920,1.29825,1.29835,1.60,1.00
2010.09.01 10:26:31.179,1.2982,1.2984,1.60,1.60
2010.09.01 10:26:31.721,1.2982,1.2984,3.20,1.60
2010.09.01 10:26:31.961,1.2982,1.2984,6.40,2.40
2010.09.01 10:26:32.199,1.2982,1.2984,3.20,3.20
2010.09.01 10:26:32.437,1.2982,1.2984,1.60,3.20
2010.09.01 10:26:33.555,1.2982,1.2984,3.20,3.20
2010.09.01 10:26:35.473,1.2982,1.29845,4.00,4.00
2010.09.01 10:26:35.503,1.2982,1.29845,3.20,4.00
2010.09.01 10:26:35.634,1.2982,1.29845,4.00,4.00
2010.09.01 10:26:35.706,1.2982,1.29845,2.40,4.00
2010.09.01 10:26:36.538,1.29825,1.29845,1.00,4.00
2010.09.01 10:26:37.737,1.29825,1.29845,1.00,3.20
2010.09.01 10:26:37.878,1.29825,1.29845,1.00,2.40
2010.09.01 10:26:38.742,1.29825,1.29845,1.00,3.20
2010.09.01 10:26:39.086,1.2982,1.29845,5.60,2.40
2010.09.01 10:26:39.742,1.29825,1.2984,1.00,1.00
2010.09.01 10:26:39.925,1.29815,1.29835,3.20,1.60
2010.09.01 10:26:40.114,1.29815,1.29835,3.20,2.40
2010.09.01 10:26:40.460,1.29815,1.29835,2.40,3.20
2010.09.01 10:26:41.340,1.2982,1.29835,3.40,1.60
2010.09.01 10:26:41.502,1.2982,1.29835,7.20,1.00
2010.09.01 10:26:41.657,1.2982,1.29835,4.00,1.00
2010.09.01 10:26:41.816,1.2982,1.29835,2.40,1.00
2010.09.01 10:26:42.685,1.29815,1.29835,4.00,1.60
2010.09.01 10:26:43.030,1.29815,1.29835,2.40,1.60
2010.09.01 10:26:43.863,1.29815,1.29835,1.00,3.20
2010.09.01 10:26:47.134,1.29815,1.29835,2.40,1.00
2010.09.01 10:26:47.521,1.29815,1.29835,1.00,2.40
2010.09.01 10:26:48.713,1.29815,1.29835,1.00,3.20
2010.09.01 10:26:50.094,1.29815,1.2983,1.00,1.00
2010.09.01 10:26:50.358,1.2981,1.2983,10.40,1.00
2010.09.01 10:26:50.616,1.2981,1.2983,9.60,1.00
2010.09.01 10:26:50.826,1.2981,1.2983,10.40,1.00
2010.09.01 10:26:52.380,1.2981,1.2983,5.60,1.60
2010.09.01 10:26:52.528,1.2981,1.2983,4.80,1.60
2010.09.01 10:26:52.676,1.2981,1.2983,8.00,1.00
2010.09.01 10:26:53.105,1.2981,1.2983,9.60,1.00
2010.09.01 10:26:54.543,1.29815,1.2983,1.00,1.00
2010.09.01 10:26:54.630,1.29815,1.29835,1.00,3.20
2010.09.01 10:26:54.720,1.29815,1.29835,2.40,3.20
2010.09.01 10:26:54.809,1.29815,1.29835,3.20,1.60
2010.09.01 10:26:55.423,1.29815,1.2984,3.20,7.20
2010.09.01 10:27:01.277,1.29815,1.29835,1.60,1.60
2010.09.01 10:27:01.958,1.29815,1.29835,1.00,2.40
2010.09.01 10:27:02.292,1.29815,1.29835,1.00,3.20
2010.09.01 10:27:06.464,1.29815,1.29835,1.00,2.40
2010.09.01 10:27:10.251,1.29815,1.29835,1.60,2.40
2010.09.01 10:27:10.285,1.29815,1.29835,1.60,1.60
2010.09.01 10:27:10.823,1.29815,1.29835,3.20,1.60
2010.09.01 10:27:11.102,1.29815,1.29835,1.60,1.60
2010.09.01 10:27:11.372,1.29815,1.29835,3.20,1.00
2010.09.01 10:27:11.921,1.29815,1.2984,3.20,5.60
2010.09.01 10:27:12.621,1.29815,1.2984,4.00,5.60
2010.09.01 10:27:13.840,1.29815,1.2984,4.10,5.60
2010.09.01 10:27:14.191,1.29815,1.2984,3.30,5.60
2010.09.01 10:27:15.558,1.29815,1.2984,3.20,5.60
2010.09.01 10:27:15.720,1.29815,1.2984,4.00,5.60
2010.09.01 10:27:17.527,1.29815,1.2984,4.10,5.60
2010.09.01 10:27:19.626,1.29815,1.2984,4.00,5.60
2010.09.01 10:27:19.765,1.29815,1.2984,4.10,5.60
2010.09.01 10:27:22.950,1.29815,1.2984,3.20,5.60
2010.09.01 10:27:24.069,1.29815,1.2984,5.60,3.20
2010.09.01 10:27:24.757,1.2982,1.2984,1.60,1.60
2010.09.01 10:27:24.918,1.2981,1.29815,6.00,4.20
2010.09.01 10:27:25.786,1.29795,1.29815,1.60,4.00
2010.09.01 10:27:26.002,1.29795,1.29815,3.20,2.40
2010.09.01 10:27:26.208,1.29795,1.29815,4.00,2.40
2010.09.01 10:27:26.418,1.29795,1.29815,4.00,1.00
2010.09.01 10:27:27.647,1.29795,1.2982,4.00,4.80
2010.09.01 10:27:27.987,1.29795,1.2982,4.80,3.20
2010.09.01 10:27:29.421,1.298,1.2982,6.00,3.20
2010.09.01 10:27:29.531,1.2981,1.29825,2.40,1.00
2010.09.01 10:27:29.638,1.298,1.29825,4.80,2.40
2010.09.01 10:27:29.737,1.298,1.29825,3.60,2.40
2010.09.01 10:27:29.836,1.29805,1.29825,2.00,1.60
2010.09.01 10:27:30.833,1.298,1.2982,2.40,1.60
2010.09.01 10:27:31.087,1.298,1.2982,1.60,2.40
2010.09.01 10:27:31.337,1.298,1.2982,1.60,3.20
2010.09.01 10:27:31.797,1.298,1.2982,1.00,2.40
2010.09.01 10:27:32.015,1.298,1.2982,2.40,1.00
2010.09.01 10:27:32.754,1.29805,1.29825,2.40,3.20
2010.09.01 10:27:33.102,1.29805,1.29825,7.20,1.00
2010.09.01 10:27:33.453,1.29805,1.2983,7.20,9.20
2010.09.01 10:27:35.471,1.2981,1.2983,1.00,8.40
2010.09.01 10:27:35.713,1.2981,1.2983,1.00,6.80
2010.09.01 10:27:35.950,1.2981,1.2983,1.00,6.00
2010.09.01 10:27:39.320,1.2981,1.2982,1.00,1.00
2010.09.01 10:27:39.695,1.298,1.29815,1.60,1.00
2010.09.01 10:27:39.985,1.29795,1.29805,1.60,1.00
2010.09.01 10:27:40.107,1.2979,1.29805,3.20,1.00
2010.09.01 10:27:40.466,1.2979,1.29805,1.60,1.00
2010.09.01 10:27:43.782,1.298,1.29805,1.60,1.00
2010.09.01 10:27:43.879,1.2979,1.2981,3.20,1.60
2010.09.01 10:27:43.979,1.2979,1.2981,2.40,1.60
2010.09.01 10:27:44.076,1.29795,1.2981,1.00,1.00
2010.09.01 10:27:44.175,1.2979,1.2981,4.00,1.00
2010.09.01 10:27:44.276,1.2979,1.2981,4.40,1.00
2010.09.01 10:27:44.477,1.2979,1.2981,4.00,1.00
2010.09.01 10:27:44.695,1.29795,1.2981,1.60,1.00
2010.09.01 10:27:45.895,1.2979,1.2981,4.00,1.00
2010.09.01 10:27:56.205,1.29795,1.2981,1.00,1.00
2010.09.01 10:27:56.267,1.29795,1.29815,1.00,1.60
2010.09.01 10:27:57.099,1.29795,1.29815,2.40,1.00
2010.09.01 10:27:57.337,1.29795,1.29815,2.40,1.60
2010.09.01 10:27:59.646,1.29795,1.29815,2.40,1.60
2010.09.01 10:28:01.076,1.29795,1.29815,2.40,1.60
2010.09.01 10:28:03.931,1.29795,1.29815,2.40,1.00
2010.09.01 10:28:04.076,1.29795,1.29815,2.40,1.00
2010.09.01 10:28:05.230,1.29795,1.29815,2.40,1.00
2010.09.01 10:28:06.165,1.29795,1.29815,1.60,1.00
2010.09.01 10:28:10.034,1.29795,1.29815,1.60,1.00
2010.09.01 10:28:10.830,1.29795,1.29815,2.40,1.00
2010.09.01 10:28:11.154,1.29795,1.29815,2.40,1.00
2010.09.01 10:28:12.370,1.29795,1.2982,2.40,8.80
2010.09.01 10:28:13.106,1.29795,1.2982,4.80,6.40
2010.09.01 10:28:14.727,1.29795,1.2982,4.90,6.40
2010.09.01 10:28:16.803,1.298,1.2982,1.60,2.40
2010.09.01 10:28:16.885,1.298,1.2982,1.60,2.60
2010.09.01 10:28:17.057,1.298,1.2982,1.60,3.40
2010.09.01 10:28:17.146,1.298,1.2982,2.40,3.20
2010.09.01 10:28:17.750,1.298,1.2982,2.40,2.40
2010.09.01 10:28:18.111,1.29795,1.29815,5.60,1.00
2010.09.01 10:28:18.963,1.29795,1.2982,1.60,8.80
2010.09.01 10:28:21.364,1.29795,1.2982,2.40,8.80
2010.09.01 10:28:21.574,1.29795,1.2982,4.80,6.40
2010.09.01 10:28:21.779,1.29795,1.2982,4.80,5.60
2010.09.01 10:28:22.660,1.298,1.2982,1.00,5.60
2010.09.01 10:28:25.266,1.298,1.2982,1.00,8.00
2010.09.01 10:28:27.226,1.29795,1.2982,2.50,8.00
2010.09.01 10:28:27.779,1.29795,1.2982,2.40,8.00
2010.09.01 10:28:28.013,1.298,1.2982,1.00,5.60
2010.09.01 10:28:30.395,1.29795,1.2982,4.80,4.80
2010.09.01 10:28:31.103,1.29795,1.29815,2.40,1.00
2010.09.01 10:28:31.301,1.29795,1.29815,1.60,1.60
2010.09.01 10:28:33.230,1.2979,1.2981,7.20,1.60
2010.09.01 10:28:34.325,1.2979,1.29805,1.60,1.00
2010.09.01 10:28:35.201,1.29785,1.29805,4.00,1.60
2010.09.01 10:28:35.544,1.2979,1.2981,2.40,1.00
2010.09.01 10:28:36.746,1.2979,1.2981,3.20,1.00
2010.09.01 10:28:37.069,1.2979,1.29815,6.40,2.40
2010.09.01 10:28:38.792,1.2979,1.29815,6.40,1.60
2010.09.01 10:28:38.986,1.29795,1.2982,1.00,9.60
2010.09.01 10:28:40.694,1.29795,1.2982,1.00,8.00
2010.09.01 10:28:40.981,1.29795,1.2982,1.00,14.00
2010.09.01 10:28:41.211,1.29795,1.298,1.00,12.00
2010.09.01 10:28:41.951,1.29775,1.2979,1.60,1.00
2010.09.01 10:28:42.300,1.2978,1.29795,1.00,5.80
2010.09.01 10:28:42.995,1.2978,1.29795,3.20,1.00
2010.09.01 10:28:43.344,1.29785,1.29805,2.40,1.00
2010.09.01 10:28:43.690,1.29785,1.2981,2.40,8.80
2010.09.01 10:28:44.552,1.29785,1.2981,3.20,7.20
2010.09.01 10:28:45.490,1.29785,1.2981,3.20,7.20
2010.09.01 10:28:46.374,1.29785,1.298,1.00,1.00
2010.09.01 10:28:49.519,1.29785,1.298,1.00,3.20
2010.09.01 10:28:49.653,1.29785,1.298,1.00,5.00
2010.09.01 10:28:50.420,1.2978,1.298,1.00,7.40
2010.09.01 10:28:50.680,1.29775,1.298,4.80,9.00
2010.09.01 10:28:50.898,1.29775,1.298,4.80,8.20
2010.09.01 10:28:51.106,1.29775,1.298,4.80,7.40
2010.09.01 10:28:52.566,1.29775,1.298,4.00,8.20
2010.09.01 10:28:53.269,1.29775,1.298,4.80,7.40
2010.09.01 10:28:53.395,1.29775,1.298,4.80,6.60
2010.09.01 10:28:53.528,1.29775,1.298,4.80,5.80
2010.09.01 10:28:53.659,1.29775,1.298,4.80,5.80
2010.09.01 10:28:54.429,1.2978,1.298,1.00,3.40
2010.09.01 10:28:54.689,1.2978,1.298,1.00,5.80
2010.09.01 10:28:55.197,1.2978,1.298,1.00,3.40
2010.09.01 10:28:57.338,1.2978,1.298,1.00,2.60
2010.09.01 10:28:57.505,1.2978,1.298,1.60,2.40
2010.09.01 10:28:58.155,1.2978,1.298,3.20,1.60
2010.09.01 10:28:58.497,1.2978,1.298,2.40,1.60
2010.09.01 10:28:59.210,1.2979,1.298,1.00,1.00
2010.09.01 10:28:59.400,1.29795,1.29805,5.60,1.20
2010.09.01 10:29:00.001,1.29795,1.29815,5.60,4.80
2010.09.01 10:29:00.180,1.298,1.29815,2.40,3.20
2010.09.01 10:29:00.352,1.298,1.29815,2.40,2.40
2010.09.01 10:29:00.520,1.298,1.29815,3.20,1.60
2010.09.01 10:29:00.687,1.298,1.29815,2.40,1.60
2010.09.01 10:29:01.214,1.298,1.2982,1.60,5.80
2010.09.01 10:29:01.501,1.2979,1.2981,4.00,5.60
2010.09.01 10:29:01.787,1.2979,1.29815,2.40,4.80
2010.09.01 10:29:02.751,1.2979,1.29815,1.00,5.60
2010.09.01 10:29:03.067,1.2979,1.2981,1.00,1.00
2010.09.01 10:29:08.198,1.2979,1.29815,1.00,5.60
2010.09.01 10:29:09.052,1.2979,1.29815,1.00,4.80
2010.09.01 10:29:09.719,1.2979,1.29815,1.00,5.60
2010.09.01 10:29:11.864,1.2979,1.29815,2.40,5.60
2010.09.01 10:29:14.169,1.2979,1.29815,3.20,5.60
2010.09.01 10:29:14.337,1.29795,1.29815,7.20,1.60
2010.09.01 10:29:14.496,1.29795,1.29815,6.40,1.60
2010.09.01 10:29:15.047,1.298,1.29815,1.00,1.60
2010.09.01 10:29:15.215,1.29805,1.29825,1.00,2.40
2010.09.01 10:29:15.899,1.29805,1.2982,1.00,1.60
2010.09.01 10:29:16.918,1.29795,1.29805,5.60,1.00
2010.09.01 10:29:17.119,1.2979,1.29795,1.00,1.00
2010.09.01 10:29:17.316,1.2978,1.2979,1.60,3.20
2010.09.01 10:29:18.790,1.2978,1.29785,1.60,1.00
2010.09.01 10:29:18.943,1.29765,1.29785,3.20,1.00
2010.09.01 10:29:20.496,1.29765,1.2979,4.00,7.20
2010.09.01 10:29:28.485,1.29765,1.2979,5.60,7.20
2010.09.01 10:29:29.277,1.2977,1.2979,2.40,1.60
2010.09.01 10:29:30.571,1.2977,1.2979,2.40,1.00
2010.09.01 10:29:31.658,1.2977,1.2979,2.40,1.00
2010.09.01 10:29:32.598,1.2977,1.2979,2.40,2.40
2010.09.01 10:29:33.946,1.2977,1.2979,2.40,1.60
2010.09.01 10:29:35.046,1.2977,1.2979,2.40,1.60
2010.09.01 10:29:35.670,1.2977,1.2979,2.50,1.60
2010.09.01 10:29:35.952,1.2977,1.2979,2.40,1.60
2010.09.01 10:29:36.223,1.2977,1.2979,2.40,2.40
2010.09.01 10:29:37.626,1.2977,1.2979,2.40,1.60
2010.09.01 10:29:39.277,1.2977,1.2979,1.60,6.40
2010.09.01 10:29:40.959,1.29765,1.2979,4.00,8.00
2010.09.01 10:29:41.290,1.29765,1.2979,4.00,7.20
2010.09.01 10:29:42.133,1.29765,1.29785,3.20,1.60
2010.09.01 10:29:49.978,1.29765,1.2978,1.60,1.00
2010.09.01 10:29:50.518,1.29765,1.29775,1.60,1.00
2010.09.01 10:29:53.008,1.2976,1.29775,7.20,1.00
2010.09.01 10:29:54.093,1.29765,1.29775,3.20,1.00
2010.09.01 10:29:54.758,1.29765,1.2978,3.20,1.60
2010.09.01 10:29:56.490,1.29765,1.2978,3.20,4.00
2010.09.01 10:29:57.131,1.29765,1.2978,1.60,1.60
2010.09.01 10:29:57.365,1.2976,1.2978,4.00,1.00
2010.09.01 10:30:00.571,1.2976,1.2978,3.20,1.60
2010.09.01 10:30:02.582,1.2976,1.2978,1.60,1.60
2010.09.01 10:30:03.776,1.2976,1.2978,4.00,2.40
2010.09.01 10:30:03.897,1.2976,1.2978,4.00,1.00
2010.09.01 10:30:04.139,1.2976,1.29785,4.80,2.40
2010.09.01 10:30:09.175,1.29765,1.29785,2.40,1.00
2010.09.01 10:30:11.405,1.2977,1.2979,1.00,4.00
2010.09.01 10:30:11.567,1.2977,1.2979,1.60,4.00
2010.09.01 10:30:12.220,1.2977,1.2979,1.60,1.00
2010.09.01 10:30:12.570,1.2977,1.29795,1.60,3.20
2010.09.01 10:30:19.325,1.2977,1.29795,1.60,4.80
2010.09.01 10:30:19.957,1.2977,1.29795,3.20,4.80
2010.09.01 10:30:20.166,1.2977,1.29795,4.80,2.40
2010.09.01 10:30:25.177,1.2977,1.29795,5.60,1.60
2010.09.01 10:30:25.442,1.29775,1.29795,1.00,3.20
2010.09.01 10:30:25.971,1.29775,1.298,3.20,4.00
2010.09.01 10:30:26.248,1.2978,1.298,1.00,4.00
2010.09.01 10:30:28.196,1.2978,1.298,2.40,2.40
2010.09.01 10:30:29.730,1.29785,1.298,1.00,1.00
2010.09.01 10:30:30.094,1.29785,1.298,1.60,1.00
2010.09.01 10:30:34.318,1.29785,1.298,3.20,1.00
2010.09.01 10:30:34.803,1.29785,1.298,2.40,1.00
2010.09.01 10:30:35.478,1.29785,1.298,1.60,1.00
2010.09.01 10:30:36.011,1.29785,1.298,2.40,1.00
2010.09.01 10:30:37.045,1.29785,1.298,3.20,1.00
2010.09.01 10:30:39.651,1.29785,1.298,2.40,1.00
2010.09.01 10:30:40.759,1.29785,1.298,1.60,1.00
2010.09.01 10:30:41.003,1.29785,1.298,1.60,1.60
2010.09.01 10:30:43.578,1.29785,1.298,1.60,2.40
2010.09.01 10:30:46.124,1.29775,1.2979,1.60,1.60
2010.09.01 10:30:46.472,1.29775,1.2979,1.60,2.40
2010.09.01 10:30:47.106,1.2977,1.2979,2.40,1.60
2010.09.01 10:30:47.463,1.29775,1.29795,1.00,2.40
2010.09.01 10:30:47.773,1.29775,1.29795,1.60,2.40
2010.09.01 10:30:48.921,1.29775,1.29795,2.40,2.40
2010.09.01 10:30:50.927,1.29775,1.29795,4.00,2.40
2010.09.01 10:30:52.266,1.29775,1.29795,4.00,1.00
2010.09.01 10:30:56.630,1.29775,1.29795,3.20,1.00
2010.09.01 10:30:59.108,1.29775,1.29795,2.40,3.20
2010.09.01 10:30:59.432,1.2977,1.2979,3.20,1.60
2010.09.01 10:31:06.936,1.2977,1.2979,3.20,2.40
2010.09.01 10:31:07.068,1.2977,1.2979,3.20,4.00
2010.09.01 10:31:07.786,1.2977,1.2979,3.20,1.60
2010.09.01 10:31:07.986,1.2977,1.2979,3.20,2.40
2010.09.01 10:31:08.188,1.2977,1.2979,3.20,1.60
2010.09.01 10:31:08.388,1.2977,1.2979,3.20,2.40
2010.09.01 10:31:09.077,1.2977,1.2979,3.20,1.60
2010.09.01 10:31:09.990,1.2977,1.2979,3.20,2.40
2010.09.01 10:31:10.299,1.2977,1.2979,2.40,4.80
2010.09.01 10:31:11.763,1.2977,1.2979,1.60,4.80
2010.09.01 10:31:11.946,1.2977,1.2979,1.60,5.60
2010.09.01 10:31:13.144,1.2977,1.2979,1.60,2.40
2010.09.01 10:31:13.385,1.2977,1.2979,1.60,1.00
2010.09.01 10:31:13.916,1.2977,1.2978,1.60,2.40
2010.09.01 10:31:14.282,1.29765,1.29785,2.40,1.60
2010.09.01 10:31:14.633,1.29765,1.29785,3.20,1.60
2010.09.01 10:31:19.142,1.29765,1.29785,4.00,1.00
2010.09.01 10:31:20.247,1.29765,1.29785,3.20,1.60
2010.09.01 10:31:20.976,1.29765,1.29785,3.20,1.00
2010.09.01 10:31:21.221,1.29765,1.29785,2.40,1.00
2010.09.01 10:31:21.337,1.29765,1.29785,3.20,1.00
2010.09.01 10:31:21.578,1.29765,1.29785,4.00,1.00
2010.09.01 10:31:22.391,1.2977,1.29785,3.20,1.00
2010.09.01 10:31:22.721,1.2977,1.29785,4.00,1.00
2010.09.01 10:31:23.042,1.2977,1.29785,5.60,1.00
2010.09.01 10:31:23.361,1.2977,1.29785,6.40,1.00
2010.09.01 10:31:24.776,1.2977,1.2979,6.40,3.20
2010.09.01 10:31:26.205,1.2977,1.2978,5.60,1.00
2010.09.01 10:31:26.357,1.2977,1.29775,4.80,1.00
2010.09.01 10:31:26.507,1.29765,1.29775,1.00,1.60
2010.09.01 10:31:26.657,1.29755,1.29775,5.60,3.20
2010.09.01 10:31:26.808,1.29755,1.2977,1.60,1.60
2010.09.01 10:31:27.410,1.29755,1.2977,1.60,2.40
2010.09.01 10:31:27.730,1.2975,1.29765,2.40,1.00
2010.09.01 10:31:29.123,1.2975,1.29765,4.00,1.00
2010.09.01 10:31:29.476,1.2975,1.2977,5.00,4.80
2010.09.01 10:31:30.335,1.29755,1.29775,2.60,2.40
2010.09.01 10:31:30.566,1.2975,1.29775,9.80,1.60
2010.09.01 10:31:31.462,1.2975,1.29775,9.00,1.60
2010.09.01 10:31:32.339,1.2975,1.2977,7.20,1.00
2010.09.01 10:31:33.485,1.2975,1.2977,6.40,1.60
2010.09.01 10:31:33.831,1.2976,1.2977,1.00,1.60
2010.09.01 10:31:34.185,1.2976,1.29775,4.00,1.60
2010.09.01 10:31:34.481,1.2976,1.2978,4.00,3.20
2010.09.01 10:31:35.005,1.2976,1.2978,5.60,1.60
2010.09.01 10:31:35.306,1.29765,1.29785,1.60,2.40
2010.09.01 10:31:35.707,1.29765,1.29785,3.20,2.40
2010.09.01 10:31:35.909,1.29765,1.29785,4.00,2.40
2010.09.01 10:31:38.876,1.29765,1.29785,3.20,3.20
2010.09.01 10:31:39.615,1.29765,1.2978,1.60,2.40
2010.09.01 10:31:39.863,1.29765,1.2978,1.00,1.60
2010.09.01 10:31:39.990,1.29765,1.29785,1.00,1.00
2010.09.01 10:31:40.117,1.29765,1.29785,1.00,2.40
2010.09.01 10:31:40.358,1.29765,1.29785,2.40,1.00
2010.09.01 10:31:41.003,1.29765,1.2979,2.40,3.20
2010.09.01 10:31:41.249,1.29765,1.2979,1.00,5.60
2010.09.01 10:31:42.005,1.29765,1.2979,1.60,5.60
2010.09.01 10:31:42.258,1.29765,1.29785,1.60,1.60
2010.09.01 10:31:42.601,1.2977,1.29785,1.00,1.60
2010.09.01 10:31:50.325,1.2976,1.2978,3.20,1.60
2010.09.01 10:31:50.490,1.2976,1.2978,2.40,1.60
2010.09.01 10:31:58.895,1.2976,1.2978,1.00,1.60
2010.09.01 10:32:09.438,1.29755,1.2978,4.00,2.40
2010.09.01 10:32:09.556,1.2976,1.2978,1.00,3.20
2010.09.01 10:32:10.224,1.2976,1.2978,1.00,2.40
2010.09.01 10:32:12.431,1.29755,1.2978,4.40,2.40
2010.09.01 10:32:12.927,1.29755,1.2978,4.00,2.40
2010.09.01 10:32:13.197,1.2976,1.2978,1.00,3.20
2010.09.01 10:32:16.958,1.29755,1.29765,3.20,2.40
2010.09.01 10:32:17.152,1.2975,1.2977,5.60,4.00
2010.09.01 10:32:18.028,1.29755,1.2977,1.00,2.40
2010.09.01 10:32:18.372,1.2975,1.2977,8.00,2.40
2010.09.01 10:32:18.659,1.2975,1.2977,8.00,1.60
2010.09.01 10:32:21.454,1.29755,1.29775,1.00,1.60
2010.09.01 10:32:21.776,1.2976,1.29775,1.00,1.60
2010.09.01 10:32:22.240,1.29755,1.29775,1.60,1.60
2010.09.01 10:32:22.874,1.29755,1.29775,1.00,1.60
2010.09.01 10:32:24.980,1.2975,1.29775,8.00,2.40
2010.09.01 10:32:29.746,1.2975,1.29775,9.60,2.40
2010.09.01 10:32:29.867,1.29755,1.29775,1.00,1.60
2010.09.01 10:32:30.649,1.29755,1.29775,1.60,1.60
2010.09.01 10:32:30.887,1.2976,1.29775,1.00,1.60
2010.09.01 10:32:31.120,1.29755,1.29775,1.60,1.60
2010.09.01 10:32:31.818,1.29755,1.29775,1.00,1.60
2010.09.01 10:32:31.989,1.2975,1.29775,6.40,3.20
2010.09.01 10:32:38.848,1.2975,1.2977,6.40,1.00
2010.09.01 10:32:39.066,1.2975,1.29775,6.40,3.20
2010.09.01 10:32:39.839,1.2975,1.29775,7.20,2.40
2010.09.01 10:32:40.346,1.2975,1.29775,6.40,2.40
2010.09.01 10:32:40.687,1.2975,1.29775,7.20,2.40
2010.09.01 10:32:42.111,1.2975,1.29775,6.40,3.20
2010.09.01 10:32:42.196,1.2975,1.29765,4.80,4.00
2010.09.01 10:32:42.366,1.2975,1.29765,4.00,4.00
2010.09.01 10:32:42.459,1.2975,1.29765,3.20,4.00
2010.09.01 10:32:43.455,1.2975,1.29765,2.40,4.80
2010.09.01 10:32:44.567,1.2975,1.29765,2.40,4.00
2010.09.01 10:32:44.876,1.2975,1.29765,1.60,4.00
2010.09.01 10:32:45.592,1.2975,1.29765,1.60,4.70
2010.09.01 10:32:49.124,1.29755,1.29765,1.60,3.90
2010.09.01 10:32:54.100,1.2975,1.29765,4.80,3.90
2010.09.01 10:32:54.245,1.29755,1.29765,3.40,3.90
2010.09.01 10:32:54.379,1.29755,1.29765,7.40,3.90
2010.09.01 10:32:54.508,1.29755,1.29775,7.40,3.20
2010.09.01 10:32:54.768,1.2976,1.29775,1.00,3.20
2010.09.01 10:33:00.440,1.2976,1.29775,1.00,1.60
2010.09.01 10:33:01.166,1.2976,1.2978,1.00,7.40
2010.09.01 10:33:05.486,1.2976,1.29775,1.00,1.00
2010.09.01 10:33:06.652,1.2976,1.29775,1.00,1.60
2010.09.01 10:33:13.958,1.2976,1.2978,1.00,7.40
2010.09.01 10:33:16.446,1.2976,1.29775,1.00,1.60
2010.09.01 10:33:17.519,1.2976,1.29775,1.00,3.20
2010.09.01 10:33:24.909,1.29755,1.2977,4.00,1.00
2010.09.01 10:33:25.445,1.29755,1.2977,1.60,1.00
2010.09.01 10:33:26.000,1.29755,1.2977,1.60,4.00
2010.09.01 10:33:26.804,1.2975,1.29765,2.40,1.00
2010.09.01 10:33:28.510,1.2975,1.29765,4.80,1.00
2010.09.01 10:33:28.766,1.2975,1.2977,4.80,1.60
2010.09.01 10:33:29.883,1.2975,1.2977,5.60,1.60
2010.09.01 10:33:30.913,1.2975,1.2977,3.20,4.00
2010.09.01 10:33:31.589,1.2975,1.2977,3.20,6.40
2010.09.01 10:33:31.775,1.2975,1.29765,2.40,1.00
2010.09.01 10:33:33.659,1.2975,1.2977,4.80,1.60
2010.09.01 10:33:34.591,1.2975,1.2977,5.60,1.60
2010.09.01 10:33:35.578,1.2975,1.2977,4.80,1.60
2010.09.01 10:33:36.436,1.2975,1.2977,5.60,1.60
2010.09.01 10:33:38.431,1.2975,1.2977,4.00,3.20
2010.09.01 10:33:39.215,1.2975,1.2977,3.20,3.20
2010.09.01 10:33:39.316,1.2975,1.29765,3.20,1.60
2010.09.01 10:33:40.185,1.2975,1.2977,4.00,5.60
2010.09.01 10:33:40.508,1.2975,1.2977,5.60,1.00
2010.09.01 10:33:41.489,1.2975,1.2977,5.60,1.60
2010.09.01 10:33:43.084,1.2975,1.2977,4.80,1.60
2010.09.01 10:33:43.592,1.2975,1.2977,4.00,1.60
2010.09.01 10:33:44.337,1.2975,1.2977,4.00,4.00
2010.09.01 10:33:45.035,1.2975,1.2977,2.40,7.20
2010.09.01 10:33:46.162,1.2975,1.2977,2.40,5.60
2010.09.01 10:33:47.604,1.2975,1.2977,2.40,6.40
2010.09.01 10:33:47.899,1.2975,1.2977,2.40,5.60
2010.09.01 10:33:48.999,1.29745,1.29765,4.20,4.80
2010.09.01 10:33:49.342,1.29745,1.29765,3.40,4.80
2010.09.01 10:33:50.972,1.29745,1.29765,3.40,5.60
2010.09.01 10:33:51.724,1.2975,1.29765,1.00,4.80
2010.09.01 10:33:51.993,1.2975,1.29765,1.00,1.60
2010.09.01 10:33:52.259,1.2975,1.2977,3.40,5.60
2010.09.01 10:33:53.342,1.2975,1.2977,4.00,5.60
2010.09.01 10:33:53.687,1.29755,1.2977,1.00,1.60
2010.09.01 10:33:54.466,1.29755,1.2977,1.00,1.00
2010.09.01 10:33:56.189,1.2975,1.2977,4.80,3.20
2010.09.01 10:33:56.472,1.2975,1.2977,4.00,3.20
2010.09.01 10:33:56.759,1.2975,1.2977,4.80,3.20
2010.09.01 10:34:01.157,1.2975,1.2977,4.00,3.20
2010.09.01 10:34:04.946,1.2975,1.2977,4.00,4.80
2010.09.01 10:34:06.869,1.29755,1.2977,1.00,4.80
2010.09.01 10:34:13.030,1.2975,1.2977,3.20,4.80
2010.09.01 10:34:18.610,1.29755,1.2977,1.00,4.00
2010.09.01 10:34:18.886,1.29755,1.2977,3.20,2.40
2010.09.01 10:34:19.171,1.29755,1.2977,2.40,2.40
2010.09.01 10:34:19.853,1.29755,1.29775,1.00,7.20
2010.09.01 10:34:20.705,1.29755,1.29775,1.00,6.40
2010.09.01 10:34:21.490,1.29755,1.2977,1.60,1.60
2010.09.01 10:34:21.791,1.29755,1.2977,1.00,1.60
2010.09.01 10:34:21.915,1.29755,1.29775,2.40,6.40
2010.09.01 10:34:22.041,1.29755,1.29775,3.40,6.40
2010.09.01 10:34:22.626,1.29755,1.29775,3.40,5.60
2010.09.01 10:34:22.758,1.29755,1.29775,5.80,4.80
2010.09.01 10:34:22.881,1.2976,1.29775,1.00,4.80
2010.09.01 10:34:24.300,1.29765,1.29775,1.00,4.00
2010.09.01 10:34:24.542,1.29765,1.2978,1.00,1.70
2010.09.01 10:34:25.281,1.29765,1.29785,1.00,6.80
2010.09.01 10:34:25.589,1.29765,1.29785,1.80,4.00
2010.09.01 10:34:25.900,1.29765,1.29785,1.00,5.60
2010.09.01 10:34:26.683,1.29765,1.2978,1.60,1.00
2010.09.01 10:34:26.961,1.2976,1.2978,2.40,1.00
2010.09.01 10:34:27.229,1.2976,1.2978,2.40,1.60
2010.09.01 10:34:28.268,1.29765,1.29785,1.00,1.00
2010.09.01 10:34:28.596,1.2976,1.29785,2.40,1.00
2010.09.01 10:34:29.347,1.2976,1.29785,2.40,1.60
2010.09.01 10:34:29.675,1.2976,1.29785,3.20,1.60
2010.09.01 10:34:29.991,1.2976,1.29785,3.20,2.40
2010.09.01 10:34:30.301,1.2976,1.2978,2.40,1.00
2010.09.01 10:34:30.611,1.2976,1.2978,3.20,1.00
2010.09.01 10:34:31.140,1.2976,1.2978,1.60,1.00
2010.09.01 10:34:31.383,1.2976,1.2978,1.00,1.00
2010.09.01 10:34:32.105,1.2977,1.29785,1.00,4.80
2010.09.01 10:34:33.056,1.2977,1.2978,2.40,1.00
2010.09.01 10:34:33.986,1.2977,1.29785,2.40,5.60
2010.09.01 10:34:34.339,1.2977,1.29785,1.00,1.00
2010.09.01 10:34:35.773,1.2977,1.29785,2.60,1.00
2010.09.01 10:34:36.046,1.2977,1.2979,3.40,3.20
2010.09.01 10:34:37.757,1.2977,1.29785,1.60,1.00
2010.09.01 10:34:38.846,1.2977,1.2979,2.40,2.40
2010.09.01 10:34:39.744,1.2977,1.2979,1.60,2.40
2010.09.01 10:34:39.931,1.2977,1.29795,3.20,4.80
2010.09.01 10:34:40.826,1.2977,1.2979,1.00,1.00
2010.09.01 10:34:41.051,1.29765,1.2979,4.00,3.20
2010.09.01 10:34:45.857,1.29765,1.2979,4.00,4.00
2010.09.01 10:34:49.171,1.29765,1.29785,3.20,1.00
2010.09.01 10:34:50.076,1.29765,1.29785,3.20,1.60
2010.09.01 10:34:51.474,1.29765,1.29785,3.20,1.00
2010.09.01 10:34:52.077,1.29765,1.29785,4.00,1.00
2010.09.01 10:34:52.853,1.2977,1.29785,1.60,1.00
2010.09.01 10:34:53.071,1.2977,1.2979,1.00,5.60
2010.09.01 10:34:53.818,1.29765,1.29785,4.80,1.00
2010.09.01 10:34:54.503,1.29765,1.29785,7.20,1.00
2010.09.01 10:34:55.350,1.29765,1.2979,7.20,5.60
2010.09.01 10:34:55.633,1.29765,1.2979,8.00,5.60
2010.09.01 10:34:57.050,1.2977,1.2979,1.80,5.60
2010.09.01 10:34:57.194,1.2978,1.2979,1.00,5.60
2010.09.01 10:34:58.025,1.2978,1.29785,1.00,1.00
2010.09.01 10:34:59.326,1.2977,1.29785,4.20,1.00
2010.09.01 10:35:00.650,1.2977,1.29785,3.40,1.00
2010.09.01 10:35:01.353,1.2977,1.29785,4.20,1.00
2010.09.01 10:35:05.355,1.2977,1.2979,4.20,5.60
2010.09.01 10:35:06.685,1.2977,1.2979,3.40,5.60
2010.09.01 10:35:06.767,1.2977,1.2979,5.00,4.00
2010.09.01 10:35:06.929,1.2977,1.2979,5.80,3.20
2010.09.01 10:35:07.010,1.2977,1.2979,8.20,1.00
2010.09.01 10:35:07.602,1.29775,1.2979,1.00,1.00
2010.09.01 10:35:07.907,1.2977,1.2979,6.60,1.00
2010.09.01 10:35:08.507,1.2977,1.2979,7.40,1.00
2010.09.01 10:35:09.949,1.2977,1.2979,6.60,1.00
2010.09.01 10:35:10.011,1.2977,1.29795,7.40,3.20
2010.09.01 10:35:10.505,1.2977,1.29795,7.40,3.30
2010.09.01 10:35:10.626,1.2977,1.2979,6.60,3.20
2010.09.01 10:35:10.850,1.2977,1.2979,5.80,3.20
2010.09.01 10:35:11.689,1.2977,1.2979,5.80,1.60
2010.09.01 10:35:13.393,1.2977,1.2979,8.20,1.60
2010.09.01 10:35:13.705,1.2977,1.2979,8.20,1.00
2010.09.01 10:35:13.894,1.29775,1.29795,2.40,3.20
2010.09.01 10:35:14.079,1.29775,1.29795,2.40,2.40
2010.09.01 10:35:14.983,1.29775,1.29795,3.20,2.40
2010.09.01 10:35:15.212,1.29775,1.29795,3.20,1.60
2010.09.01 10:35:16.098,1.29775,1.29795,3.30,1.60
2010.09.01 10:35:16.984,1.29775,1.29795,3.20,1.60
2010.09.01 10:35:17.562,1.29775,1.298,3.20,6.40
2010.09.01 10:35:17.708,1.29775,1.298,4.00,6.40
2010.09.01 10:35:18.409,1.2978,1.298,4.00,2.40
2010.09.01 10:35:18.761,1.29785,1.298,1.00,1.60
2010.09.01 10:35:19.337,1.2978,1.298,6.40,1.60
2010.09.01 10:35:19.687,1.29775,1.29795,1.60,1.60
2010.09.01 10:35:20.228,1.29775,1.29795,1.00,1.60
2010.09.01 10:35:20.497,1.29775,1.29795,1.00,2.40
2010.09.01 10:35:21.528,1.2977,1.2979,5.80,3.20
2010.09.01 10:35:21.829,1.2977,1.2979,4.20,3.20
2010.09.01 10:35:23.319,1.2977,1.2979,5.80,3.20
2010.09.01 10:35:28.753,1.2977,1.2979,3.40,3.20
2010.09.01 10:35:28.893,1.2977,1.2979,5.80,2.40
2010.09.01 10:35:31.378,1.2977,1.2979,6.60,1.60
2010.09.01 10:35:34.161,1.2977,1.2979,4.20,1.60
2010.09.01 10:35:40.112,1.2977,1.29795,6.60,4.00
2010.09.01 10:35:42.785,1.29775,1.29795,1.00,3.20
2010.09.01 10:35:49.726,1.29775,1.29795,1.00,2.40
2010.09.01 10:35:52.983,1.29775,1.29795,1.00,1.60
2010.09.01 10:35:54.664,1.2978,1.29795,1.00,1.60
2010.09.01 10:35:55.606,1.29775,1.29795,4.00,1.60
2010.09.01 10:35:55.826,1.29775,1.29795,3.20,1.60
2010.09.01 10:35:56.328,1.29775,1.29795,3.20,2.40
2010.09.01 10:35:58.857,1.29775,1.29795,2.40,3.20
2010.09.01 10:35:59.540,1.2977,1.29795,8.20,3.20
2010.09.01 10:35:59.800,1.2977,1.2979,7.40,1.60
2010.09.01 10:36:01.611,1.2977,1.2979,6.60,2.40
2010.09.01 10:36:02.057,1.2977,1.2979,7.40,2.40
2010.09.01 10:36:02.977,1.2977,1.2979,6.60,2.40
2010.09.01 10:36:04.322,1.2977,1.2979,6.60,1.60
2010.09.01 10:36:15.260,1.29775,1.2979,1.00,1.60
2010.09.01 10:36:19.101,1.29775,1.2979,1.00,2.40
2010.09.01 10:36:19.245,1.2977,1.2979,1.00,5.60
2010.09.01 10:36:19.377,1.2977,1.2979,1.00,6.40
2010.09.01 10:36:20.158,1.2977,1.2979,1.00,5.60
2010.09.01 10:36:20.558,1.2977,1.2979,1.00,6.40
2010.09.01 10:36:23.405,1.2977,1.2978,1.00,1.00
2010.09.01 10:36:24.328,1.2975,1.29765,4.20,1.60
2010.09.01 10:36:24.674,1.2975,1.29765,2.40,1.60
2010.09.01 10:36:25.546,1.2975,1.29765,2.60,1.60
2010.09.01 10:36:34.438,1.2975,1.29765,2.60,1.00
2010.09.01 10:36:34.778,1.2975,1.2977,2.60,7.20
2010.09.01 10:36:35.672,1.2975,1.29765,2.60,1.00
2010.09.01 10:36:36.922,1.2975,1.2977,4.20,4.80
2010.09.01 10:36:39.268,1.29755,1.2977,1.00,4.00
2010.09.01 10:36:39.451,1.29755,1.29775,2.60,1.00
2010.09.01 10:36:40.919,1.29755,1.29775,2.40,1.00
2010.09.01 10:36:41.368,1.29755,1.2978,2.40,9.60
2010.09.01 10:36:42.167,1.29755,1.2978,2.40,8.80
2010.09.01 10:36:42.361,1.2976,1.2978,1.00,8.80
2010.09.01 10:36:44.197,1.2976,1.2978,3.20,6.40
2010.09.01 10:36:44.792,1.2976,1.2978,3.20,5.60
2010.09.01 10:36:44.935,1.2976,1.2978,3.20,4.80
2010.09.01 10:36:45.365,1.2976,1.2978,3.40,4.80
2010.09.01 10:36:47.577,1.2976,1.2978,3.40,5.60
2010.09.01 10:36:47.668,1.2976,1.2978,3.40,6.40
2010.09.01 10:36:47.751,1.2976,1.2978,1.80,7.20
2010.09.01 10:36:47.837,1.2976,1.2978,1.00,6.40
2010.09.01 10:36:47.923,1.2976,1.2978,1.80,6.40
2010.09.01 10:36:48.526,1.2976,1.2978,2.60,4.80
2010.09.01 10:36:48.949,1.2976,1.2978,3.40,4.80
2010.09.01 10:36:55.681,1.29765,1.2978,1.00,4.80
2010.09.01 10:36:55.865,1.2976,1.2978,4.00,4.80
2010.09.01 10:36:59.125,1.29765,1.2978,1.00,4.80
2010.09.01 10:37:07.861,1.2976,1.2978,3.20,5.60
2010.09.01 10:37:09.479,1.2976,1.2978,3.20,4.80
2010.09.01 10:37:09.824,1.29765,1.2978,1.00,4.80
2010.09.01 10:37:10.511,1.29765,1.29775,1.00,3.20
2010.09.01 10:37:10.721,1.29755,1.2977,2.40,3.20
2010.09.01 10:37:11.522,1.29755,1.2977,1.00,3.20
2010.09.01 10:37:12.040,1.29755,1.2977,1.00,1.00
2010.09.01 10:37:12.219,1.29755,1.2977,1.00,3.20
2010.09.01 10:37:14.028,1.29755,1.2977,1.00,1.00
2010.09.01 10:37:14.147,1.29755,1.2977,2.40,1.00
2010.09.01 10:37:16.316,1.29755,1.2977,2.40,1.00
2010.09.01 10:37:17.619,1.29755,1.2977,2.50,1.00
2010.09.01 10:37:22.391,1.29755,1.2977,2.40,1.00
2010.09.01 10:37:24.426,1.29755,1.2977,2.50,1.00
2010.09.01 10:37:29.194,1.29755,1.2977,2.40,1.00
2010.09.01 10:37:31.699,1.29755,1.2977,2.40,1.00
2010.09.01 10:37:32.966,1.29755,1.2977,2.50,1.00
2010.09.01 10:37:34.503,1.29755,1.2977,2.40,1.00
2010.09.01 10:37:38.541,1.2976,1.2977,1.00,1.00
2010.09.01 10:37:39.093,1.29755,1.2977,2.40,3.20
2010.09.01 10:37:39.896,1.2976,1.2977,1.00,1.00
2010.09.01 10:37:42.567,1.2976,1.29775,1.00,9.00
2010.09.01 10:37:42.729,1.2976,1.29775,1.00,4.00
2010.09.01 10:37:42.888,1.2976,1.29775,1.00,3.20
2010.09.01 10:37:46.544,1.2976,1.2978,4.20,7.20
2010.09.01 10:37:46.787,1.2976,1.2978,4.20,5.60
2010.09.01 10:37:47.391,1.2976,1.2978,2.40,6.60
2010.09.01 10:37:47.638,1.29765,1.2978,1.00,4.80
2010.09.01 10:37:48.124,1.29765,1.2978,1.00,3.20
2010.09.01 10:37:48.650,1.29765,1.2978,1.00,4.80
2010.09.01 10:37:49.003,1.29775,1.29785,1.00,4.90
2010.09.01 10:37:49.353,1.29775,1.29795,2.40,8.40
2010.09.01 10:37:49.702,1.29775,1.29795,3.20,6.40
2010.09.01 10:37:50.983,1.29775,1.29795,3.20,7.20
2010.09.01 10:37:51.354,1.29775,1.29795,3.20,6.40
2010.09.01 10:37:56.896,1.29775,1.29795,3.20,4.80
2010.09.01 10:37:59.150,1.29775,1.2979,1.00,1.60
2010.09.01 10:38:01.206,1.29775,1.29795,2.40,6.40
2010.09.01 10:38:01.876,1.29775,1.29795,2.40,7.20
2010.09.01 10:38:02.096,1.29775,1.2979,1.00,1.60
2010.09.01 10:38:03.978,1.29775,1.29795,2.40,8.80
2010.09.01 10:38:04.427,1.29775,1.29795,2.40,8.00
2010.09.01 10:38:05.106,1.29775,1.29795,2.40,6.40
2010.09.01 10:38:05.928,1.29775,1.29795,3.20,6.40
2010.09.01 10:38:07.651,1.29775,1.29795,4.00,5.60
2010.09.01 10:38:08.008,1.29775,1.29795,4.80,5.60
2010.09.01 10:38:08.191,1.2978,1.29795,1.00,1.00
2010.09.01 10:38:10.956,1.2978,1.29795,1.00,1.00
2010.09.01 10:38:11.283,1.2978,1.29795,2.40,1.00
2010.09.01 10:38:13.891,1.29785,1.29795,1.60,1.00
2010.09.01 10:38:14.234,1.29785,1.298,2.40,1.00
2010.09.01 10:38:14.571,1.2979,1.29805,1.00,7.20
2010.09.01 10:38:15.088,1.2979,1.298,1.00,1.00
2010.09.01 10:38:15.439,1.29785,1.298,1.00,4.80
2010.09.01 10:38:15.609,1.2978,1.298,4.00,4.80
2010.09.01 10:38:22.056,1.2978,1.298,3.20,4.80
2010.09.01 10:38:22.256,1.2978,1.298,3.20,5.60
2010.09.01 10:38:28.121,1.2978,1.298,3.20,4.00
2010.09.01 10:38:28.450,1.2978,1.298,3.20,6.40
2010.09.01 10:38:29.158,1.2978,1.298,2.40,6.40
2010.09.01 10:38:29.412,1.2978,1.298,2.40,7.20
2010.09.01 10:38:35.337,1.2978,1.29795,2.40,1.00
2010.09.01 10:38:35.577,1.2978,1.29795,1.00,1.00
2010.09.01 10:38:36.641,1.2978,1.298,2.40,6.40
2010.09.01 10:38:38.135,1.2978,1.298,3.20,4.80
2010.09.01 10:38:38.360,1.29785,1.298,1.00,4.80
2010.09.01 10:38:40.448,1.29785,1.298,1.00,3.20
2010.09.01 10:38:41.284,1.29785,1.298,1.00,4.80
2010.09.01 10:38:41.542,1.2978,1.298,3.20,4.80
2010.09.01 10:38:57.556,1.29785,1.298,1.00,4.80
2010.09.01 10:38:57.909,1.29785,1.29805,3.20,8.80
2010.09.01 10:38:58.251,1.29785,1.29805,3.20,8.00
2010.09.01 10:39:01.022,1.29785,1.29805,3.20,8.10
2010.09.01 10:39:01.296,1.29785,1.298,1.00,2.60
2010.09.01 10:39:01.563,1.2978,1.298,4.80,5.00
2010.09.01 10:39:01.790,1.2978,1.298,3.20,5.00
2010.09.01 10:39:02.506,1.2978,1.298,2.40,6.60
2010.09.01 10:39:04.768,1.2978,1.298,2.40,7.40
2010.09.01 10:39:05.699,1.2978,1.298,1.00,7.40
2010.09.01 10:39:06.039,1.2978,1.298,2.40,7.40
2010.09.01 10:39:07.044,1.2978,1.298,3.20,6.60
2010.09.01 10:39:07.261,1.2978,1.298,3.20,5.80
2010.09.01 10:39:18.958,1.2978,1.298,3.20,5.60
2010.09.01 10:39:19.583,1.2978,1.298,3.20,6.40
2010.09.01 10:39:20.089,1.2978,1.29795,1.00,1.60
2010.09.01 10:39:21.110,1.2978,1.29795,1.00,2.40
2010.09.01 10:39:33.166,1.2978,1.29795,1.00,1.60
2010.09.01 10:39:35.980,1.2978,1.29795,1.00,2.40
2010.09.01 10:39:40.607,1.2978,1.29795,1.00,1.60
2010.09.01 10:39:51.196,1.2978,1.298,2.40,7.20
2010.09.01 10:39:53.926,1.2978,1.29795,2.40,1.00
2010.09.01 10:39:54.048,1.2978,1.29795,2.40,1.60
2010.09.01 10:39:54.650,1.2978,1.29795,1.00,3.20
2010.09.01 10:39:56.853,1.2978,1.298,2.40,6.40
2010.09.01 10:39:56.926,1.2978,1.298,1.00,6.40
2010.09.01 10:39:57.570,1.2978,1.298,2.40,6.40
2010.09.01 10:39:57.603,1.2978,1.298,2.40,7.20
2010.09.01 10:39:57.669,1.2978,1.298,2.40,6.40
2010.09.01 10:40:01.475,1.2978,1.298,1.60,5.60
2010.09.01 10:40:07.579,1.2978,1.298,2.40,4.80
2010.09.01 10:40:08.743,1.29785,1.298,1.00,1.60
2010.09.01 10:40:09.843,1.2978,1.298,1.60,4.80
2010.09.01 10:40:10.192,1.2978,1.298,2.40,4.80
2010.09.01 10:40:12.856,1.2978,1.298,3.20,2.40
2010.09.01 10:40:13.242,1.29785,1.298,1.00,2.40
2010.09.01 10:40:16.640,1.2979,1.298,1.20,2.40
2010.09.01 10:40:16.717,1.2979,1.298,1.00,1.00
2010.09.01 10:40:16.998,1.29785,1.298,3.20,1.00
2010.09.01 10:40:18.340,1.29785,1.298,2.40,3.40
2010.09.01 10:40:18.489,1.29785,1.298,1.00,3.40
2010.09.01 10:40:18.641,1.29785,1.298,4.80,1.00
2010.09.01 10:40:19.221,1.2979,1.298,1.00,1.00
2010.09.01 10:40:19.486,1.29785,1.298,2.40,3.40
2010.09.01 10:40:19.742,1.29785,1.298,1.00,3.40
2010.09.01 10:40:20.937,1.29785,1.298,2.40,3.40
2010.09.01 10:40:21.666,1.29785,1.298,1.60,1.00
2010.09.01 10:40:21.900,1.29785,1.298,1.00,3.40
2010.09.01 10:40:25.332,1.2979,1.298,1.00,1.00
2010.09.01 10:40:25.597,1.2978,1.298,5.80,3.20
2010.09.01 10:40:26.151,1.2978,1.298,5.80,4.00
2010.09.01 10:40:27.867,1.29785,1.298,1.60,4.00
2010.09.01 10:40:28.069,1.2979,1.298,1.00,1.60
2010.09.01 10:40:28.773,1.29785,1.298,2.40,3.20
2010.09.01 10:40:28.985,1.29785,1.298,2.40,1.00
2010.09.01 10:40:34.927,1.2979,1.298,1.00,1.00
2010.09.01 10:40:35.680,1.2979,1.29805,1.00,10.20
2010.09.01 10:40:35.868,1.2979,1.29805,1.00,9.40
2010.09.01 10:40:36.248,1.2979,1.298,1.00,1.00
2010.09.01 10:40:36.629,1.2979,1.29805,1.00,4.40
2010.09.01 10:40:37.402,1.2979,1.298,2.40,1.00
2010.09.01 10:40:37.698,1.2979,1.298,1.00,1.00
2010.09.01 10:40:42.129,1.2979,1.29805,1.00,6.20
2010.09.01 10:40:42.341,1.2979,1.29805,2.40,6.40
2010.09.01 10:40:43.036,1.2979,1.29805,2.40,7.20
2010.09.01 10:40:43.301,1.2979,1.298,1.00,1.00
2010.09.01 10:40:45.498,1.2979,1.29805,1.00,1.40
2010.09.01 10:40:47.060,1.2979,1.29805,1.60,3.80
2010.09.01 10:40:47.328,1.2979,1.29805,1.60,1.40
2010.09.01 10:40:49.007,1.2979,1.29805,1.00,1.40
2010.09.01 10:40:49.349,1.2979,1.29805,1.00,3.00
2010.09.01 10:40:58.062,1.2979,1.29805,1.60,3.00
2010.09.01 10:40:58.931,1.2979,1.29805,1.00,3.00
2010.09.01 10:40:59.284,1.2979,1.29805,1.00,3.80
2010.09.01 10:40:59.632,1.2979,1.29805,3.20,1.40
2010.09.01 10:41:00.324,1.29795,1.29805,1.60,1.00
2010.09.01 10:41:00.659,1.29795,1.29805,1.00,1.70
2010.09.01 10:41:08.667,1.29795,1.29805,2.40,1.00
2010.09.01 10:41:08.820,1.29795,1.29805,3.20,1.00
2010.09.01 10:41:08.970,1.298,1.29805,3.20,1.00
2010.09.01 10:41:09.123,1.298,1.2981,4.80,1.30
2010.09.01 10:41:09.762,1.29815,1.2982,1.00,4.80
2010.09.01 10:41:10.026,1.2982,1.29835,1.00,3.20
2010.09.01 10:41:10.534,1.2982,1.2983,1.00,1.60
2010.09.01 10:41:10.792,1.29815,1.2983,1.00,4.80
2010.09.01 10:41:11.431,1.29815,1.2983,1.00,4.90
2010.09.01 10:41:11.757,1.2981,1.2983,1.00,6.40
2010.09.01 10:41:14.460,1.2981,1.2983,1.00,7.20
2010.09.01 10:41:15.406,1.2981,1.2983,1.00,6.40
2010.09.01 10:41:21.084,1.2981,1.29825,1.00,1.00
2010.09.01 10:41:21.222,1.2981,1.2983,1.00,7.20
2010.09.01 10:41:21.996,1.29805,1.2983,4.80,8.00
2010.09.01 10:41:22.342,1.29805,1.2983,3.20,8.00
2010.09.01 10:41:23.030,1.29805,1.2983,3.20,8.00
2010.09.01 10:41:24.220,1.29805,1.2982,1.00,4.80
2010.09.01 10:41:25.674,1.29805,1.2982,1.00,3.20
2010.09.01 10:41:28.126,1.29805,1.2982,1.00,4.80
2010.09.01 10:41:42.201,1.29805,1.2982,1.00,5.60
2010.09.01 10:41:55.172,1.29805,1.2982,2.40,3.20
2010.09.01 10:42:00.327,1.29805,1.2981,2.40,1.00
2010.09.01 10:42:00.469,1.29805,1.2981,1.60,3.20
2010.09.01 10:42:01.030,1.29795,1.2981,5.80,1.00
2010.09.01 10:42:01.192,1.298,1.2981,1.00,1.00
2010.09.01 10:42:07.143,1.298,1.29815,3.20,1.00
2010.09.01 10:42:07.471,1.298,1.29815,4.00,1.00
2010.09.01 10:42:10.089,1.298,1.29815,3.20,1.00
2010.09.01 10:42:11.273,1.29805,1.29815,1.00,1.00
2010.09.01 10:42:11.879,1.29805,1.29815,1.00,2.40
2010.09.01 10:42:21.625,1.29805,1.29815,1.00,1.00
2010.09.01 10:42:21.752,1.298,1.29815,3.20,1.00
2010.09.01 10:42:22.387,1.29805,1.2982,1.00,7.40
2010.09.01 10:42:23.081,1.29805,1.2982,1.00,7.20
2010.09.01 10:42:24.304,1.29805,1.2982,1.00,8.00
2010.09.01 10:42:24.872,1.29805,1.2982,1.00,7.20
2010.09.01 10:42:25.606,1.29805,1.2982,1.00,8.00
2010.09.01 10:42:27.760,1.298,1.2982,1.00,7.20
2010.09.01 10:42:27.920,1.29805,1.29815,1.00,3.20
2010.09.01 10:42:28.090,1.29805,1.29815,1.00,1.00
2010.09.01 10:42:30.762,1.29805,1.2981,1.00,1.00
2010.09.01 10:42:30.888,1.298,1.2981,3.20,1.00
2010.09.01 10:42:31.008,1.298,1.2981,1.00,1.00
2010.09.01 10:42:38.705,1.29805,1.2982,1.00,7.20
2010.09.01 10:42:38.746,1.29805,1.2982,1.00,5.60
2010.09.01 10:42:39.311,1.29805,1.2981,1.00,1.00
2010.09.01 10:42:39.602,1.29805,1.29815,1.00,1.00
2010.09.01 10:42:45.670,1.298,1.2981,3.20,1.00
2010.09.01 10:42:45.878,1.298,1.2981,1.00,1.00
2010.09.01 10:42:48.269,1.298,1.2982,7.20,2.40
2010.09.01 10:42:48.804,1.298,1.2982,4.80,4.80
2010.09.01 10:42:48.876,1.29805,1.2982,1.00,4.80
2010.09.01 10:42:56.356,1.298,1.2981,1.00,1.00
2010.09.01 10:43:18.980,1.298,1.29815,4.00,1.00
2010.09.01 10:43:19.152,1.298,1.29815,4.20,1.00
2010.09.01 10:43:25.914,1.298,1.2981,1.60,1.00
2010.09.01 10:43:26.115,1.298,1.2981,1.00,1.00
2010.09.01 10:43:27.444,1.2979,1.2981,5.60,4.20
2010.09.01 10:43:28.178,1.2979,1.29805,2.40,2.40
2010.09.01 10:43:28.529,1.2979,1.29805,3.20,2.40
2010.09.01 10:43:28.877,1.29795,1.2981,1.00,6.40
2010.09.01 10:43:29.398,1.29795,1.2981,1.00,5.60
2010.09.01 10:43:30.439,1.29795,1.2981,1.00,4.80
2010.09.01 10:43:31.277,1.2979,1.29805,2.40,2.40
2010.09.01 10:43:36.168,1.2979,1.29805,1.00,2.40
2010.09.01 10:43:37.348,1.2979,1.29805,2.40,2.40
2010.09.01 10:43:38.308,1.2979,1.2981,2.40,3.20
2010.09.01 10:43:38.377,1.2979,1.2981,2.40,4.00
2010.09.01 10:43:38.448,1.2979,1.29805,2.40,2.40
2010.09.01 10:43:38.519,1.2979,1.29805,1.00,2.40
2010.09.01 10:43:39.144,1.29785,1.29805,4.80,2.40
2010.09.01 10:43:39.492,1.2979,1.29805,1.00,2.40
2010.09.01 10:43:47.221,1.29785,1.29805,4.00,3.20
2010.09.01 10:43:50.500,1.29785,1.29805,4.80,2.40
2010.09.01 10:43:50.768,1.2979,1.29805,1.00,2.40
2010.09.01 10:43:51.652,1.2979,1.29805,2.40,2.40
2010.09.01 10:43:56.878,1.2979,1.29805,1.60,2.40
2010.09.01 10:43:57.927,1.2979,1.2981,1.60,9.60
2010.09.01 10:43:58.038,1.2979,1.2981,2.40,9.60
2010.09.01 10:43:58.228,1.2979,1.2981,2.40,7.20
2010.09.01 10:43:58.609,1.2979,1.2981,2.60,7.20
2010.09.01 10:44:00.260,1.2979,1.2981,2.40,7.20
2010.09.01 10:44:01.601,1.2979,1.2981,2.40,8.00
2010.09.01 10:44:01.818,1.2979,1.2981,2.40,7.20
2010.09.01 10:44:04.839,1.2979,1.2981,2.40,6.40
2010.09.01 10:44:05.122,1.2979,1.2981,2.40,5.60
2010.09.01 10:44:05.631,1.29785,1.29805,5.60,2.40
2010.09.01 10:44:05.889,1.29785,1.29805,4.80,2.40
2010.09.01 10:44:06.088,1.29785,1.29805,5.60,2.40
2010.09.01 10:44:06.293,1.29785,1.29805,3.20,2.40
2010.09.01 10:44:07.096,1.2979,1.29805,1.60,2.40
2010.09.01 10:44:07.699,1.2979,1.29805,2.40,2.40
2010.09.01 10:44:21.392,1.29785,1.29805,3.20,2.40
2010.09.01 10:44:21.818,1.29785,1.29805,2.40,3.20
2010.09.01 10:44:22.612,1.2978,1.298,5.60,3.20
2010.09.01 10:44:22.796,1.29785,1.298,1.60,2.40
2010.09.01 10:44:22.971,1.29785,1.29805,2.40,7.40
2010.09.01 10:44:23.151,1.29785,1.29805,3.20,4.00
2010.09.01 10:44:29.707,1.29785,1.29805,1.60,4.00
2010.09.01 10:44:29.921,1.29785,1.29805,1.00,4.80
2010.09.01 10:44:30.133,1.2978,1.298,4.00,5.60
2010.09.01 10:44:30.778,1.2978,1.2979,3.20,2.40
2010.09.01 10:44:30.898,1.2977,1.2979,2.40,2.40
2010.09.01 10:44:31.218,1.2977,1.2979,2.40,4.80
2010.09.01 10:44:33.948,1.2977,1.2979,2.40,5.60
2010.09.01 10:44:34.743,1.2977,1.29785,2.40,1.00
2010.09.01 10:44:35.016,1.2977,1.29785,1.60,1.60
2010.09.01 10:44:35.290,1.29765,1.2978,1.00,2.40
2010.09.01 10:44:35.869,1.29765,1.29775,1.00,2.40
2010.09.01 10:44:36.223,1.2975,1.2977,2.40,4.80
2010.09.01 10:44:36.574,1.2975,1.2977,2.40,5.60
2010.09.01 10:44:37.088,1.2975,1.2977,2.40,4.80
2010.09.01 10:44:37.357,1.29755,1.2977,1.00,4.80
2010.09.01 10:44:38.421,1.29755,1.29765,1.00,2.40
2010.09.01 10:44:38.716,1.2975,1.29765,2.40,2.40
2010.09.01 10:44:40.586,1.2975,1.2977,3.20,5.80
2010.09.01 10:44:40.661,1.29755,1.2977,1.60,5.80
2010.09.01 10:44:40.739,1.29755,1.2977,1.60,4.80
2010.09.01 10:44:40.961,1.29755,1.2977,1.60,3.20
2010.09.01 10:44:42.536,1.29755,1.2977,1.60,4.00
2010.09.01 10:44:44.128,1.2975,1.2977,3.40,4.00
2010.09.01 10:44:44.954,1.2975,1.2977,1.60,4.00
2010.09.01 10:44:45.184,1.2975,1.29765,2.40,2.40
2010.09.01 10:44:46.982,1.2975,1.2977,3.20,5.80
2010.09.01 10:44:47.215,1.29755,1.2977,1.60,4.80
2010.09.01 10:44:47.976,1.29755,1.2977,1.60,3.20
2010.09.01 10:44:53.980,1.2975,1.2977,4.00,3.20
2010.09.01 10:44:54.168,1.29755,1.2977,1.60,3.20
2010.09.01 10:45:01.972,1.2975,1.2977,2.40,5.00
2010.09.01 10:45:02.073,1.2975,1.29765,1.60,2.40
2010.09.01 10:45:02.174,1.2975,1.29765,1.60,3.20
2010.09.01 10:45:03.227,1.2975,1.29765,1.60,2.40
2010.09.01 10:45:13.116,1.2975,1.29765,2.40,2.40
2010.09.01 10:45:16.447,1.2975,1.29765,1.60,2.40
2010.09.01 10:45:22.991,1.2975,1.29765,2.40,2.40
2010.09.01 10:45:26.648,1.29755,1.29765,1.60,2.40
2010.09.01 10:45:27.643,1.29755,1.2977,1.60,4.80
2010.09.01 10:45:27.816,1.29755,1.2977,2.40,3.20
2010.09.01 10:45:28.498,1.29755,1.2977,3.20,3.20
2010.09.01 10:45:29.697,1.29755,1.2977,1.60,3.20
2010.09.01 10:45:30.009,1.29755,1.2977,3.20,3.20
2010.09.01 10:45:40.013,1.29755,1.2977,2.40,4.80
2010.09.01 10:45:40.318,1.29755,1.2977,1.00,4.80
2010.09.01 10:45:40.921,1.2975,1.2977,1.60,4.80
2010.09.01 10:45:41.221,1.2975,1.29765,1.00,2.40
2010.09.01 10:45:42.109,1.29755,1.2977,1.60,4.00
2010.09.01 10:45:42.342,1.29755,1.2977,1.60,3.20
2010.09.01 10:45:43.308,1.2975,1.2977,4.00,4.80
2010.09.01 10:45:43.515,1.2975,1.2977,3.20,4.80
2010.09.01 10:45:43.702,1.2975,1.2977,3.20,5.60
2010.09.01 10:45:45.655,1.2975,1.2977,3.20,7.20
2010.09.01 10:45:45.903,1.2975,1.2977,2.40,7.20
2010.09.01 10:45:46.855,1.2975,1.29765,2.40,1.00
2010.09.01 10:45:55.466,1.2975,1.2977,3.20,6.40
2010.09.01 10:45:55.815,1.2975,1.2977,4.00,4.80
2010.09.01 10:45:58.274,1.2975,1.2977,3.20,4.80
2010.09.01 10:45:58.413,1.29755,1.29775,4.80,2.40
2010.09.01 10:45:58.551,1.29755,1.29775,1.60,4.80
2010.09.01 10:45:59.206,1.2975,1.2977,3.20,5.60
2010.09.01 10:45:59.330,1.2975,1.2977,3.20,6.40
2010.09.01 10:45:59.677,1.2975,1.29765,2.40,1.60
2010.09.01 10:46:00.559,1.2975,1.2977,2.40,6.40
2010.09.01 10:46:01.140,1.2975,1.2977,2.40,7.20
2010.09.01 10:46:02.261,1.2975,1.29765,2.40,1.00
2010.09.01 10:46:07.494,1.2975,1.2977,3.20,6.40
2010.09.01 10:46:07.767,1.2975,1.2977,2.40,6.40
2010.09.01 10:46:07.939,1.2975,1.2977,2.40,7.20
2010.09.01 10:46:08.981,1.2975,1.29765,2.40,1.00
2010.09.01 10:46:09.319,1.2975,1.29765,2.40,1.60
2010.09.01 10:46:13.999,1.2975,1.29765,1.00,1.60
2010.09.01 10:46:23.247,1.2975,1.29765,2.40,1.60
2010.09.01 10:46:24.956,1.2975,1.29765,1.00,1.60
2010.09.01 10:46:30.602,1.2975,1.29765,2.40,1.60
2010.09.01 10:46:34.229,1.2975,1.29765,1.00,1.60
2010.09.01 10:46:35.013,1.2975,1.2977,2.40,7.20
2010.09.01 10:46:40.470,1.2975,1.29765,1.00,1.60
2010.09.01 10:46:41.543,1.29735,1.2974,16.40,1.00
2010.09.01 10:46:42.167,1.2973,1.2974,2.10,1.00
2010.09.01 10:46:42.294,1.2972,1.29735,1.60,2.40
2010.09.01 10:46:42.509,1.2972,1.29735,1.60,3.20
2010.09.01 10:46:54.545,1.2972,1.29735,2.40,3.20
2010.09.01 10:46:54.748,1.2972,1.29735,3.20,1.00
2010.09.01 10:46:56.352,1.2972,1.2974,3.20,4.80
2010.09.01 10:46:57.117,1.2972,1.2974,3.20,6.40
2010.09.01 10:46:58.201,1.2972,1.29735,3.20,1.60
2010.09.01 10:46:58.587,1.2972,1.2974,3.20,6.40
2010.09.01 10:46:59.158,1.2972,1.29735,3.20,1.00
2010.09.01 10:47:00.359,1.2972,1.29735,3.20,1.60
2010.09.01 10:47:06.639,1.2972,1.29735,3.20,1.00
2010.09.01 10:47:08.363,1.2972,1.2974,3.20,5.60
2010.09.01 10:47:08.972,1.2972,1.2974,3.20,6.40
2010.09.01 10:47:09.324,1.2972,1.29735,3.20,1.00
2010.09.01 10:47:10.529,1.2972,1.2974,3.20,6.40
2010.09.01 10:47:10.877,1.2972,1.2974,4.00,4.00
2010.09.01 10:47:11.226,1.2972,1.29735,3.20,1.00
2010.09.01 10:47:11.910,1.2972,1.2974,3.20,6.40
2010.09.01 10:47:14.819,1.29725,1.2974,2.40,1.60
2010.09.01 10:47:15.029,1.2973,1.2974,1.00,1.60
2010.09.01 10:47:15.241,1.2973,1.2974,1.00,1.00
2010.09.01 10:47:18.498,1.2973,1.2974,1.60,1.00
2010.09.01 10:47:18.692,1.2973,1.29745,3.40,3.20
2010.09.01 10:47:18.888,1.29735,1.2975,1.00,2.40
2010.09.01 10:47:19.655,1.29735,1.2975,1.00,1.60
2010.09.01 10:47:19.979,1.29735,1.2975,1.00,1.00
2010.09.01 10:47:24.086,1.29735,1.29755,1.00,6.40
2010.09.01 10:47:25.272,1.29735,1.29755,1.60,2.40
2010.09.01 10:47:25.422,1.29735,1.29755,1.00,1.60
2010.09.01 10:47:26.176,1.29735,1.29755,1.00,3.20
2010.09.01 10:47:27.918,1.29735,1.29755,1.00,4.00
2010.09.01 10:47:36.762,1.2974,1.2976,4.00,7.20
2010.09.01 10:47:38.018,1.29745,1.29765,1.60,3.20
2010.09.01 10:47:39.432,1.29745,1.29765,1.00,3.20
2010.09.01 10:47:39.780,1.29745,1.29765,1.00,1.60
2010.09.01 10:47:43.918,1.29755,1.29765,1.00,1.60
2010.09.01 10:47:44.159,1.29755,1.29765,1.60,1.60
2010.09.01 10:47:44.280,1.29755,1.2977,1.60,4.00
2010.09.01 10:47:44.399,1.2976,1.29775,1.00,5.60
2010.09.01 10:47:44.971,1.2976,1.29775,1.00,3.20
2010.09.01 10:47:45.143,1.2976,1.29775,1.00,2.40
2010.09.01 10:47:45.628,1.2976,1.29775,1.00,1.60
2010.09.01 10:47:45.951,1.2976,1.29775,1.00,3.20
2010.09.01 10:47:46.622,1.2976,1.29775,1.00,4.00
2010.09.01 10:47:46.932,1.2976,1.29775,1.00,2.40
2010.09.01 10:47:47.479,1.29765,1.29775,1.00,1.60
2010.09.01 10:47:48.231,1.29765,1.29785,1.60,5.60
2010.09.01 10:47:48.444,1.2976,1.2978,3.20,5.80
2010.09.01 10:47:48.660,1.2976,1.2978,1.60,5.00
2010.09.01 10:47:48.881,1.2976,1.2978,1.60,5.80
2010.09.01 10:47:49.102,1.2976,1.2978,1.60,5.00
2010.09.01 10:47:50.133,1.29755,1.2978,4.80,7.40
2010.09.01 10:47:50.481,1.29755,1.2977,3.20,3.20
2010.09.01 10:47:50.719,1.2975,1.2977,1.60,3.20
2010.09.01 10:47:50.959,1.2975,1.2977,1.60,4.80
2010.09.01 10:47:53.433,1.2975,1.29765,1.60,1.00
2010.09.01 10:47:53.628,1.2974,1.2976,2.40,3.20
2010.09.01 10:47:54.408,1.2974,1.2976,2.40,4.80
2010.09.01 10:47:54.999,1.2974,1.2976,2.40,5.80
2010.09.01 10:47:55.325,1.29735,1.29755,4.00,5.60
2010.09.01 10:47:55.908,1.29735,1.29755,3.20,7.20
2010.09.01 10:47:56.182,1.29735,1.29755,1.60,8.80
2010.09.01 10:47:56.451,1.29735,1.29755,1.60,9.00
2010.09.01 10:47:56.728,1.29735,1.29755,1.60,9.80
2010.09.01 10:47:57.005,1.2973,1.2975,3.20,2.60
2010.09.01 10:47:57.818,1.2973,1.2975,3.20,4.80
2010.09.01 10:48:06.597,1.2973,1.29745,2.40,1.00
2010.09.01 10:48:06.768,1.2973,1.29745,1.60,1.60
2010.09.01 10:48:06.952,1.2973,1.29745,1.00,1.00
2010.09.01 10:48:07.481,1.2973,1.29745,1.00,2.40
2010.09.01 10:48:07.791,1.29725,1.29745,2.40,1.00
2010.09.01 10:48:08.588,1.29725,1.29745,3.20,1.00
2010.09.01 10:48:08.860,1.29725,1.2975,2.40,8.00
2010.09.01 10:48:10.132,1.29725,1.2975,2.40,7.20
2010.09.01 10:48:11.129,1.29725,1.2975,1.60,8.00
2010.09.01 10:48:12.083,1.29725,1.2975,1.60,9.60
2010.09.01 10:48:14.351,1.29725,1.2975,4.00,9.60
2010.09.01 10:48:15.058,1.29725,1.2975,4.80,9.60
2010.09.01 10:48:15.264,1.29725,1.2975,2.40,8.00
2010.09.01 10:48:15.612,1.29725,1.2975,3.20,8.00
2010.09.01 10:48:16.317,1.29725,1.2975,2.40,8.00
2010.09.01 10:48:16.595,1.29725,1.2975,1.60,8.80
2010.09.01 10:48:18.425,1.29725,1.2975,4.80,8.00
2010.09.01 10:48:22.859,1.29725,1.2975,4.80,7.20
2010.09.01 10:48:23.346,1.29725,1.2975,6.40,7.20
2010.09.01 10:48:23.517,1.2973,1.2975,1.60,5.60
2010.09.01 10:48:24.276,1.2973,1.2975,1.60,4.80
2010.09.01 10:48:24.551,1.29735,1.2975,1.60,1.00
2010.09.01 10:48:28.830,1.29735,1.29755,2.40,9.00
2010.09.01 10:48:29.455,1.29735,1.29755,5.60,4.20
2010.09.01 10:48:29.810,1.29735,1.29745,1.60,1.00
2010.09.01 10:48:30.721,1.2973,1.2975,1.00,5.80
2010.09.01 10:48:32.410,1.2973,1.2975,1.00,5.00
2010.09.01 10:48:36.530,1.29725,1.2975,3.20,5.00
2010.09.01 10:48:37.779,1.29725,1.2975,2.40,5.80
2010.09.01 10:48:40.671,1.29725,1.2975,2.40,5.00
2010.09.01 10:48:41.245,1.29725,1.2975,3.20,5.00
2010.09.01 10:48:41.511,1.29725,1.2975,2.40,5.00
2010.09.01 10:48:41.779,1.29725,1.2975,4.00,5.00
2010.09.01 10:48:52.130,1.2973,1.2975,1.00,5.00
2010.09.01 10:48:52.298,1.29725,1.2975,4.00,5.00
2010.09.01 10:48:52.645,1.2973,1.2975,1.00,5.00
2010.09.01 10:48:52.809,1.2973,1.2975,1.60,5.00
2010.09.01 10:48:57.609,1.2973,1.2975,3.20,5.00
2010.09.01 10:48:58.850,1.2973,1.29745,1.00,1.80
2010.09.01 10:49:00.843,1.2973,1.29745,1.00,1.60
2010.09.01 10:49:01.090,1.2973,1.2975,3.20,11.00
2010.09.01 10:49:01.838,1.2973,1.2975,3.20,9.80
2010.09.01 10:49:02.708,1.2973,1.2975,1.60,9.80
2010.09.01 10:49:02.898,1.2973,1.2975,1.60,9.00
2010.09.01 10:49:03.089,1.2973,1.2975,3.20,3.40
2010.09.01 10:49:03.209,1.2973,1.2975,1.60,3.40
2010.09.01 10:49:04.249,1.2973,1.2975,1.60,2.60
2010.09.01 10:49:05.975,1.2973,1.2975,2.40,2.60
2010.09.01 10:49:06.230,1.29735,1.2975,1.00,1.00
2010.09.01 10:49:21.129,1.29735,1.2975,1.00,3.20
2010.09.01 10:49:21.991,1.29725,1.2975,4.80,5.80
2010.09.01 10:49:23.224,1.29725,1.2975,3.20,5.00
2010.09.01 10:49:23.520,1.29725,1.2975,2.40,6.60
2010.09.01 10:49:23.813,1.29725,1.2975,2.40,7.40
2010.09.01 10:49:24.860,1.29725,1.2975,2.40,6.60
2010.09.01 10:49:26.194,1.29725,1.2975,2.40,5.00
2010.09.01 10:49:34.049,1.29735,1.2975,1.00,4.20
2010.09.01 10:49:34.720,1.2974,1.29755,1.00,1.60
2010.09.01 10:49:34.876,1.2974,1.29765,5.60,4.00
2010.09.01 10:49:35.030,1.2974,1.29765,5.60,3.20
2010.09.01 10:49:35.179,1.2974,1.29765,5.60,1.60
2010.09.01 10:49:35.327,1.2974,1.29765,6.40,1.60
2010.09.01 10:49:35.477,1.2974,1.29765,6.40,1.00
2010.09.01 10:49:35.628,1.2974,1.29765,8.00,1.00
2010.09.01 10:49:35.779,1.2974,1.29765,7.20,1.00
2010.09.01 10:49:36.041,1.29745,1.2977,3.20,6.40
2010.09.01 10:49:37.041,1.29745,1.2977,4.80,4.80
2010.09.01 10:49:39.059,1.2975,1.2977,1.60,3.20
2010.09.01 10:49:39.107,1.2975,1.2977,2.40,3.20
2010.09.01 10:49:39.822,1.29755,1.2977,2.40,2.40
2010.09.01 10:49:40.037,1.29755,1.2978,1.00,9.60
2010.09.01 10:49:40.241,1.29755,1.29775,1.60,1.60
2010.09.01 10:49:40.441,1.29755,1.29775,1.00,1.60
2010.09.01 10:49:40.641,1.29755,1.29775,1.60,1.60
2010.09.01 10:49:42.711,1.2976,1.29775,2.40,1.60
2010.09.01 10:49:43.314,1.2976,1.2978,3.20,4.80
2010.09.01 10:49:48.124,1.2976,1.2978,3.20,4.00
2010.09.01 10:49:48.209,1.29765,1.2978,2.40,4.00
2010.09.01 10:49:48.301,1.29765,1.2978,3.20,4.00
2010.09.01 10:49:48.871,1.29765,1.2978,3.20,2.40
2010.09.01 10:49:49.159,1.29765,1.29785,3.20,2.40
2010.09.01 10:49:49.438,1.29765,1.29785,3.20,1.60
2010.09.01 10:49:55.514,1.2977,1.29785,2.40,1.60
2010.09.01 10:49:56.397,1.29765,1.29785,2.40,1.60
2010.09.01 10:49:56.477,1.29765,1.29785,3.20,1.60
2010.09.01 10:50:02.708,1.2977,1.29785,2.40,1.60
2010.09.01 10:50:03.932,1.29765,1.29785,3.20,1.60
2010.09.01 10:50:10.899,1.29765,1.29785,3.20,1.60
2010.09.01 10:50:10.969,1.29765,1.29785,1.00,1.60
2010.09.01 10:50:11.536,1.29765,1.2978,1.00,3.20
2010.09.01 10:50:11.736,1.2976,1.2978,2.40,4.80
2010.09.01 10:50:19.089,1.2976,1.29775,2.40,1.60
2010.09.01 10:50:19.233,1.29755,1.29775,1.00,4.00
2010.09.01 10:50:19.373,1.2976,1.29775,2.40,2.40
2010.09.01 10:50:19.513,1.2975,1.2977,5.60,1.00
2010.09.01 10:50:19.652,1.2975,1.2977,4.00,2.40
2010.09.01 10:50:19.788,1.2975,1.2977,1.60,1.60
2010.09.01 10:50:20.427,1.2975,1.2977,1.00,3.20
2010.09.01 10:50:25.247,1.2975,1.2977,1.00,4.80
2010.09.01 10:50:32.856,1.2975,1.2977,1.00,3.20
2010.09.01 10:50:34.081,1.2975,1.2977,1.00,2.40
2010.09.01 10:50:37.638,1.2975,1.2977,1.00,4.00
2010.09.01 10:50:40.998,1.2975,1.2977,1.00,4.80
2010.09.01 10:50:55.722,1.2975,1.2977,1.00,4.80
2010.09.01 10:50:56.048,1.29745,1.2977,5.70,5.60
2010.09.01 10:50:56.209,1.29745,1.2977,5.80,5.60
2010.09.01 10:50:56.364,1.29745,1.2977,5.60,5.60
2010.09.01 10:50:56.522,1.29745,1.2977,6.40,4.80
2010.09.01 10:50:56.683,1.29745,1.2977,5.60,5.60
2010.09.01 10:50:56.988,1.29745,1.2977,5.60,6.40
2010.09.01 10:50:59.058,1.29745,1.2977,5.70,6.40
2010.09.01 10:51:00.639,1.29745,1.2977,4.80,5.60
2010.09.01 10:51:01.907,1.2974,1.29765,8.80,1.60
2010.09.01 10:51:06.513,1.29745,1.29765,1.00,1.60
2010.09.01 10:51:07.156,1.2974,1.29765,8.00,1.60
2010.09.01 10:51:07.237,1.2974,1.29765,8.80,1.60
2010.09.01 10:51:07.654,1.2974,1.29765,9.60,1.60
2010.09.01 10:51:08.443,1.29745,1.2977,2.40,8.00
2010.09.01 10:51:08.665,1.29745,1.2977,2.40,6.40
2010.09.01 10:51:32.971,1.29745,1.2977,3.20,6.40
2010.09.01 10:51:33.532,1.2975,1.29775,5.60,4.00
2010.09.01 10:51:33.622,1.2975,1.29775,5.60,3.20
2010.09.01 10:51:33.708,1.2975,1.29775,6.40,3.20
2010.09.01 10:51:33.889,1.2975,1.2977,4.00,1.00
2010.09.01 10:51:33.981,1.2975,1.2977,1.00,3.20
2010.09.01 10:51:34.528,1.2975,1.2977,1.00,4.80
2010.09.01 10:51:34.884,1.2975,1.2977,1.00,7.20
2010.09.01 10:51:45.889,1.2975,1.2977,1.00,6.40
2010.09.01 10:51:47.057,1.2975,1.2977,1.00,2.40
2010.09.01 10:51:47.189,1.2975,1.2977,2.40,3.20
2010.09.01 10:51:47.738,1.2975,1.2977,2.40,3.20
2010.09.01 10:51:47.879,1.29745,1.2977,8.20,4.80
2010.09.01 10:51:49.493,1.29745,1.2977,7.40,4.80
2010.09.01 10:51:52.019,1.29745,1.2977,7.30,4.80
2010.09.01 10:51:52.500,1.2975,1.2977,1.00,4.80
2010.09.01 10:51:53.289,1.2975,1.29775,7.20,1.60
2010.09.01 10:51:53.431,1.29755,1.29775,1.00,1.60
2010.09.01 10:51:53.581,1.29755,1.2978,2.40,8.80
2010.09.01 10:51:54.121,1.29755,1.2978,4.80,8.80
2010.09.01 10:51:54.467,1.2976,1.2978,4.00,2.40
2010.09.01 10:51:54.815,1.29755,1.29775,3.20,1.60
2010.09.01 10:51:55.643,1.29755,1.2978,1.60,6.40
2010.09.01 10:51:58.248,1.29755,1.29775,1.60,1.60
2010.09.01 10:52:00.283,1.29755,1.2977,1.00,1.00
2010.09.01 10:52:00.395,1.29755,1.2977,1.00,1.00
2010.09.01 10:52:00.503,1.2975,1.2977,4.00,3.20
2010.09.01 10:52:00.616,1.2975,1.2977,1.60,3.20
2010.09.01 10:52:00.730,1.2975,1.2977,1.70,3.20
2010.09.01 10:52:00.840,1.2975,1.2977,1.70,4.00
2010.09.01 10:52:01.486,1.2975,1.2977,1.00,4.00
2010.09.01 10:52:01.804,1.2975,1.2977,1.00,3.20
2010.09.01 10:52:02.430,1.2975,1.2977,1.00,3.20
2010.09.01 10:52:03.711,1.2975,1.2977,1.00,5.60
2010.09.01 10:52:11.853,1.2976,1.2977,6.00,5.60
2010.09.01 10:52:12.009,1.2977,1.29775,1.00,5.60
2010.09.01 10:52:12.172,1.2977,1.29775,1.60,2.40
2010.09.01 10:52:12.279,1.29765,1.29775,1.60,1.60
2010.09.01 10:52:12.857,1.29765,1.29775,1.60,1.00
2010.09.01 10:52:12.971,1.29765,1.29785,1.60,3.20
2010.09.01 10:52:13.067,1.29765,1.29785,1.60,2.40
2010.09.01 10:52:13.412,1.29765,1.29785,1.60,1.60
2010.09.01 10:52:14.299,1.29765,1.2979,1.60,8.00
2010.09.01 10:52:14.434,1.29765,1.2979,2.40,8.00
2010.09.01 10:52:14.960,1.29765,1.2977,2.40,1.00
2010.09.01 10:52:15.089,1.29765,1.2977,1.00,3.40
2010.09.01 10:52:15.219,1.2976,1.2977,1.00,2.60
2010.09.01 10:52:15.653,1.2975,1.2977,1.60,3.40
2010.09.01 10:52:16.476,1.2975,1.2977,1.60,3.20
2010.09.01 10:52:22.578,1.2975,1.2977,1.60,4.00
2010.09.01 10:52:25.452,1.29755,1.2977,1.60,1.00
2010.09.01 10:52:26.242,1.2975,1.2977,6.40,1.00
2010.09.01 10:52:34.217,1.2975,1.2977,6.60,1.00
2010.09.01 10:52:35.518,1.2975,1.2977,6.50,1.00
2010.09.01 10:52:35.658,1.2975,1.2977,6.60,1.00
2010.09.01 10:52:36.711,1.2975,1.2977,6.80,1.00
2010.09.01 10:52:40.408,1.2975,1.2977,6.60,1.00
2010.09.01 10:52:46.498,1.29755,1.2977,1.60,1.00
2010.09.01 10:52:48.161,1.29755,1.29775,1.60,8.20
2010.09.01 10:52:48.373,1.2975,1.29775,6.60,9.80
2010.09.01 10:52:49.058,1.2975,1.2977,4.20,1.00
2010.09.01 10:52:49.296,1.2975,1.2977,4.00,3.20
2010.09.01 10:52:51.455,1.2975,1.2977,4.00,1.00
2010.09.01 10:52:51.632,1.29755,1.2977,4.00,1.00
2010.09.01 10:52:51.813,1.29755,1.2977,4.80,1.00
2010.09.01 10:52:52.576,1.2976,1.2978,2.40,4.00
2010.09.01 10:52:52.895,1.2976,1.2978,2.40,5.60
2010.09.01 10:52:53.784,1.2976,1.2978,1.00,8.00
2010.09.01 10:52:54.148,1.29755,1.2978,6.40,8.00
2010.09.01 10:52:54.957,1.29755,1.2978,1.00,8.00
2010.09.01 10:52:55.264,1.2975,1.29775,9.00,1.00
2010.09.01 10:52:55.574,1.2975,1.2977,4.80,3.20
2010.09.01 10:52:56.121,1.2975,1.2977,4.00,3.20
2010.09.01 10:52:56.475,1.29745,1.2977,4.80,3.20
2010.09.01 10:52:56.821,1.29745,1.2977,3.20,3.20
2010.09.01 10:52:57.991,1.29745,1.2977,2.60,3.20
2010.09.01 10:52:58.217,1.2975,1.2977,6.40,1.00
2010.09.01 10:52:59.239,1.2975,1.2977,3.20,2.60
2010.09.01 10:52:59.495,1.29745,1.2977,5.90,5.00
2010.09.01 10:52:59.743,1.29745,1.2977,3.50,5.80
2010.09.01 10:52:59.990,1.29745,1.2977,3.50,5.00
2010.09.01 10:53:00.551,1.29745,1.2977,3.20,4.80
2010.09.01 10:53:00.856,1.2975,1.2977,5.60,1.00
2010.09.01 10:53:01.432,1.2975,1.2977,6.40,1.00
2010.09.01 10:53:02.238,1.2975,1.2977,2.40,3.40
2010.09.01 10:53:02.579,1.2975,1.2977,2.40,4.80
2010.09.01 10:53:02.917,1.29755,1.2977,3.20,4.00
2010.09.01 10:53:03.701,1.29755,1.29775,4.80,1.60
2010.09.01 10:53:05.642,1.29755,1.29775,2.40,1.60
2010.09.01 10:53:05.897,1.29755,1.2978,3.20,8.00
2010.09.01 10:53:07.019,1.29755,1.2978,5.60,8.80
2010.09.01 10:53:07.335,1.29755,1.2978,7.20,7.20
2010.09.01 10:53:08.156,1.29755,1.2978,7.20,7.20
2010.09.01 10:53:08.433,1.29755,1.2978,6.40,6.40
2010.09.01 10:53:09.242,1.29755,1.2978,6.40,7.20
2010.09.01 10:53:09.453,1.29755,1.2978,7.20,6.40
2010.09.01 10:53:10.799,1.29755,1.29775,1.00,2.60
2010.09.01 10:53:11.015,1.2975,1.2977,1.60,5.00
2010.09.01 10:53:11.717,1.29745,1.2977,5.10,5.80
2010.09.01 10:53:12.005,1.29745,1.2977,4.90,6.40
2010.09.01 10:53:13.366,1.29745,1.2977,3.20,6.40
2010.09.01 10:53:13.663,1.29745,1.29765,5.60,1.00
2010.09.01 10:53:13.954,1.29745,1.2976,2.40,1.00
2010.09.01 10:53:15.281,1.29745,1.2976,1.60,1.00
2010.09.01 10:53:18.104,1.2974,1.2976,5.60,1.00
2010.09.01 10:53:19.763,1.2974,1.2976,6.40,1.00
2010.09.01 10:53:22.751,1.29745,1.2976,1.60,1.00
2010.09.01 10:53:23.949,1.29745,1.2976,2.40,1.00
2010.09.01 10:53:24.939,1.29745,1.29755,1.60,1.00
2010.09.01 10:53:25.203,1.29745,1.2976,1.60,3.20
2010.09.01 10:53:31.151,1.2974,1.2976,6.50,3.20
2010.09.01 10:53:31.501,1.2974,1.2976,6.50,2.40
2010.09.01 10:53:32.744,1.2974,1.2976,6.40,2.40
2010.09.01 10:53:37.888,1.2974,1.2976,6.50,2.40
2010.09.01 10:53:38.521,1.2974,1.2976,6.40,2.40
2010.09.01 10:53:42.518,1.29745,1.2976,1.60,1.00
2010.09.01 10:53:42.694,1.29745,1.2976,1.60,1.00
2010.09.01 10:53:42.861,1.29745,1.2977,4.80,5.00
2010.09.01 10:53:43.030,1.29745,1.2977,7.20,5.00
2010.09.01 10:53:43.200,1.29745,1.2977,7.20,4.20
2010.09.01 10:53:43.829,1.29745,1.2977,7.20,4.00
2010.09.01 10:53:47.136,1.29745,1.2976,7.20,1.00
2010.09.01 10:53:47.310,1.29745,1.29765,4.80,2.40
2010.09.01 10:53:47.400,1.29745,1.2976,1.00,1.60
2010.09.01 10:53:47.489,1.29745,1.29765,4.90,1.60
2010.09.01 10:53:47.741,1.29745,1.29765,1.70,2.80
2010.09.01 10:53:47.991,1.29745,1.29765,4.90,1.00
2010.09.01 10:53:48.243,1.29745,1.2977,6.60,5.00
2010.09.01 10:53:48.817,1.29745,1.2977,7.20,2.40
2010.09.01 10:53:50.416,1.29745,1.2977,7.30,2.40
2010.09.01 10:53:51.709,1.29745,1.2977,7.20,2.40
2010.09.01 10:53:52.763,1.29745,1.2977,7.30,2.40
2010.09.01 10:53:54.613,1.29745,1.29765,5.70,3.20
2010.09.01 10:53:54.782,1.29745,1.2976,4.00,1.60
2010.09.01 10:53:54.951,1.29745,1.2976,1.60,1.60
2010.09.01 10:53:55.110,1.2974,1.2976,5.80,1.00
2010.09.01 10:53:55.909,1.2974,1.2976,6.40,1.00
2010.09.01 10:53:57.017,1.2974,1.2976,6.40,1.00
2010.09.01 10:53:57.918,1.2974,1.2976,5.60,3.00
2010.09.01 10:53:58.416,1.29745,1.29765,2.40,4.80
2010.09.01 10:53:58.733,1.29745,1.2977,4.00,8.00
2010.09.01 10:53:59.509,1.2975,1.2977,2.40,5.40
2010.09.01 10:53:59.727,1.2975,1.2977,2.40,3.80
2010.09.01 10:53:59.944,1.2975,1.2977,2.40,3.00
2010.09.01 10:54:00.159,1.2975,1.2977,2.40,1.40
2010.09.01 10:54:03.953,1.2975,1.2977,2.40,3.00
2010.09.01 10:54:05.879,1.2975,1.2977,2.40,3.20
2010.09.01 10:54:07.017,1.2975,1.2977,4.80,3.20
2010.09.01 10:54:07.320,1.2975,1.2977,2.40,3.20
2010.09.01 10:54:08.686,1.2975,1.29765,3.20,1.00
2010.09.01 10:54:08.975,1.2975,1.2977,4.00,3.40
2010.09.01 10:54:09.299,1.2975,1.2977,3.20,3.40
2010.09.01 10:54:09.461,1.2975,1.2977,3.20,2.40
2010.09.01 10:54:21.749,1.2975,1.2977,4.00,2.40
2010.09.01 10:54:23.607,1.2975,1.2977,3.20,2.40
2010.09.01 10:54:23.781,1.29745,1.2977,7.20,3.20
2010.09.01 10:54:24.549,1.2975,1.2977,3.20,2.40
2010.09.01 10:54:24.898,1.29755,1.29775,1.60,4.00
2010.09.01 10:54:25.769,1.29755,1.29775,4.00,1.60
2010.09.01 10:54:30.199,1.29755,1.29775,4.80,1.60
2010.09.01 10:54:30.322,1.29755,1.29775,4.80,1.60
2010.09.01 10:54:30.448,1.29755,1.29775,4.00,1.60
2010.09.01 10:54:30.689,1.29755,1.29775,5.60,1.60
2010.09.01 10:54:32.527,1.29755,1.29775,5.70,1.60
2010.09.01 10:54:33.859,1.29755,1.29775,5.60,1.60
2010.09.01 10:54:34.659,1.29755,1.29775,4.00,1.60
2010.09.01 10:54:37.480,1.29755,1.29775,3.20,1.60
2010.09.01 10:54:41.176,1.29755,1.29775,4.00,1.60
2010.09.01 10:54:44.317,1.29755,1.29775,4.10,1.60
2010.09.01 10:54:46.198,1.29755,1.29775,4.10,1.00
2010.09.01 10:54:49.552,1.29755,1.29775,4.00,1.00
2010.09.01 10:54:50.010,1.29755,1.29775,4.00,1.60
2010.09.01 10:54:50.776,1.29755,1.29775,4.00,1.60
2010.09.01 10:54:56.023,1.29755,1.29775,3.20,1.60
2010.09.01 10:54:56.790,1.29755,1.2977,3.20,1.00
2010.09.01 10:54:56.909,1.29755,1.29765,2.40,1.00
2010.09.01 10:54:57.029,1.2975,1.29765,2.60,1.00
2010.09.01 10:54:57.150,1.2975,1.29765,1.00,1.00
2010.09.01 10:54:57.765,1.29745,1.29765,7.60,1.60
2010.09.01 10:54:58.003,1.2975,1.29765,4.80,1.60
2010.09.01 10:54:58.240,1.2975,1.2977,4.80,2.40
2010.09.01 10:54:58.431,1.2975,1.2977,6.40,1.60
2010.09.01 10:54:58.620,1.29755,1.2977,3.20,1.00
2010.09.01 10:54:58.810,1.29755,1.29775,3.20,2.40
2010.09.01 10:54:58.998,1.29755,1.29775,3.20,1.60
2010.09.01 10:55:00.693,1.29755,1.29775,5.00,1.00
2010.09.01 10:55:01.443,1.29765,1.29775,2.40,1.00
2010.09.01 10:55:01.669,1.29765,1.29775,3.40,1.00
2010.09.01 10:55:03.391,1.2976,1.29775,3.20,1.00
2010.09.01 10:55:03.605,1.2976,1.29775,1.00,1.00
2010.09.01 10:55:03.771,1.29755,1.29775,7.20,1.00
2010.09.01 10:55:05.502,1.29755,1.2977,3.20,1.00
2010.09.01 10:55:06.081,1.2975,1.2977,7.20,1.00
2010.09.01 10:55:06.258,1.29745,1.2977,7.20,2.40
2010.09.01 10:55:08.282,1.29745,1.2977,6.40,2.40
2010.09.01 10:55:08.562,1.2975,1.2977,5.60,2.40
2010.09.01 10:55:08.841,1.2975,1.2977,6.40,1.00
2010.09.01 10:55:09.031,1.2975,1.29765,5.60,1.60
2010.09.01 10:55:09.687,1.2975,1.29765,1.60,1.00
2010.09.01 10:55:09.815,1.2975,1.2977,6.40,1.00
2010.09.01 10:55:11.372,1.2975,1.2977,7.20,2.40
2010.09.01 10:55:12.203,1.2975,1.2977,6.40,2.40
2010.09.01 10:55:14.016,1.29755,1.2977,5.60,1.00
2010.09.01 10:55:14.465,1.29755,1.2977,4.90,1.00
2010.09.01 10:55:14.660,1.29755,1.2977,3.30,1.00
2010.09.01 10:55:17.541,1.29755,1.2977,3.50,1.00
2010.09.01 10:55:25.024,1.29755,1.2977,3.40,1.00
2010.09.01 10:55:27.458,1.29755,1.2977,2.60,3.40
2010.09.01 10:55:27.580,1.29755,1.2977,1.00,2.40
2010.09.01 10:55:27.701,1.29755,1.29775,3.20,1.80
2010.09.01 10:55:27.822,1.29755,1.29775,2.40,5.80
2010.09.01 10:55:27.953,1.29755,1.2977,1.60,2.60
2010.09.01 10:55:28.201,1.2975,1.2977,6.40,2.60
2010.09.01 10:55:28.319,1.2975,1.2977,2.40,2.60
2010.09.01 10:55:28.572,1.2975,1.2977,4.80,2.60
2010.09.01 10:55:29.227,1.2975,1.2977,1.60,3.40
2010.09.01 10:55:31.852,1.2975,1.2977,1.60,2.60
2010.09.01 10:55:33.239,1.2975,1.2977,1.60,3.40
2010.09.01 10:55:35.868,1.2975,1.2977,1.60,4.20
2010.09.01 10:55:36.109,1.29745,1.2977,3.20,3.40
2010.09.01 10:55:36.197,1.29745,1.2977,3.20,1.60
2010.09.01 10:55:36.557,1.2975,1.2977,1.60,1.60
2010.09.01 10:55:36.649,1.2975,1.2977,1.60,1.00
2010.09.01 10:55:37.538,1.29755,1.29775,1.60,3.20
2010.09.01 10:55:37.792,1.29755,1.29775,2.40,1.00
2010.09.01 10:55:40.399,1.29755,1.29775,3.20,1.00
2010.09.01 10:55:52.490,1.2976,1.29775,1.60,1.00
2010.09.01 10:55:52.834,1.29765,1.29775,1.60,1.00
2010.09.01 10:55:55.645,1.29765,1.29775,2.40,1.00
2010.09.01 10:56:00.220,1.29765,1.29775,4.00,1.00
2010.09.01 10:56:00.504,1.29765,1.29775,4.80,1.00
2010.09.01 10:56:02.479,1.29765,1.29775,1.60,1.00
2010.09.01 10:56:24.268,1.29765,1.29775,1.60,1.00
2010.09.01 10:56:24.449,1.2976,1.29775,2.40,1.00
2010.09.01 10:56:24.538,1.29765,1.29775,1.00,1.00
2010.09.01 10:56:25.132,1.2977,1.2978,1.60,1.00
2010.09.01 10:56:25.349,1.29765,1.2979,8.00,4.20
2010.09.01 10:56:25.553,1.29765,1.2979,5.60,3.40
2010.09.01 10:56:25.760,1.29765,1.2979,5.60,5.00
2010.09.01 10:56:25.959,1.29765,1.2979,5.60,4.20
2010.09.01 10:56:32.958,1.29765,1.2979,5.60,2.60
2010.09.01 10:56:33.478,1.29765,1.2979,5.60,4.20
2010.09.01 10:56:34.779,1.29765,1.2979,3.20,4.20
2010.09.01 10:56:35.114,1.2976,1.29785,9.60,1.60
2010.09.01 10:56:35.651,1.2976,1.29785,8.80,1.60
2010.09.01 10:56:37.059,1.2976,1.29785,9.60,1.60
2010.09.01 10:56:37.823,1.29765,1.29785,1.60,1.60
2010.09.01 10:56:38.349,1.2977,1.29785,1.00,1.60
2010.09.01 10:56:38.480,1.2977,1.29785,3.20,1.60
2010.09.01 10:56:44.916,1.2977,1.2979,4.80,2.40
2010.09.01 10:56:45.869,1.2977,1.2979,4.80,3.20
2010.09.01 10:56:46.549,1.2977,1.2979,4.80,4.00
2010.09.01 10:56:46.689,1.2977,1.29785,3.20,1.60
2010.09.01 10:56:47.248,1.2977,1.2979,3.20,4.00
2010.09.01 10:56:47.805,1.2977,1.2979,3.20,5.60
2010.09.01 10:56:48.081,1.2976,1.2978,5.80,1.60
2010.09.01 10:56:48.344,1.29755,1.2978,4.80,3.40
2010.09.01 10:56:48.614,1.29755,1.2978,5.60,4.20
2010.09.01 10:56:49.332,1.29755,1.2977,4.80,1.00
2010.09.01 10:56:49.576,1.2975,1.2977,4.80,1.00
2010.09.01 10:56:49.820,1.2975,1.2977,1.60,1.00
2010.09.01 10:56:50.823,1.2975,1.2977,1.60,1.00
2010.09.01 10:56:51.599,1.2975,1.29755,1.60,1.00
2010.09.01 10:56:51.862,1.29745,1.29755,1.00,1.00
2010.09.01 10:56:52.481,1.2974,1.29755,2.40,1.00
2010.09.01 10:56:52.832,1.2975,1.29765,1.60,1.00
2010.09.01 10:56:53.350,1.2975,1.2977,1.60,3.40
2010.09.01 10:56:54.389,1.2974,1.2976,8.00,2.40
2010.09.01 10:56:54.992,1.2974,1.29755,7.20,1.00
2010.09.01 10:56:55.148,1.2974,1.29755,1.60,1.00
2010.09.01 10:56:57.850,1.2974,1.2976,5.00,6.40
2010.09.01 10:56:57.991,1.2975,1.29765,1.60,4.20
2010.09.01 10:56:58.691,1.2975,1.29765,1.60,1.80
2010.09.01 10:56:58.903,1.2975,1.29765,1.60,1.00
2010.09.01 10:57:12.924,1.2975,1.2977,1.60,4.80
2010.09.01 10:57:14.078,1.2975,1.2977,1.60,4.00
2010.09.01 10:57:14.818,1.2975,1.2977,1.60,3.20
2010.09.01 10:57:15.517,1.2975,1.2977,1.60,4.00
2010.09.01 10:57:22.444,1.2975,1.2977,4.00,4.00
2010.09.01 10:57:22.619,1.2975,1.2977,4.80,3.20
2010.09.01 10:57:24.161,1.2975,1.2977,4.00,3.20
2010.09.01 10:57:28.776,1.2975,1.2977,1.60,3.20
2010.09.01 10:57:34.084,1.29745,1.2977,2.40,4.80
2010.09.01 10:57:34.379,1.29745,1.2977,2.40,4.00
2010.09.01 10:57:35.269,1.29755,1.29775,1.60,2.40
2010.09.01 10:57:36.869,1.29755,1.29775,1.60,1.60
2010.09.01 10:57:38.545,1.29755,1.2978,4.00,2.40
2010.09.01 10:57:40.618,1.29755,1.2978,5.60,1.00
2010.09.01 10:57:40.957,1.29755,1.2978,5.60,1.00
2010.09.01 10:57:42.330,1.29755,1.2978,3.20,4.00
2010.09.01 10:57:43.112,1.29765,1.2978,2.40,1.60
2010.09.01 10:57:43.197,1.29765,1.2979,4.80,5.60
2010.09.01 10:57:43.282,1.29765,1.2979,5.60,4.80
2010.09.01 10:57:43.849,1.29765,1.2979,5.60,4.00
2010.09.01 10:57:48.486,1.29765,1.2979,5.60,4.80
2010.09.01 10:57:50.544,1.29765,1.2979,5.60,5.60
2010.09.01 10:57:54.517,1.29765,1.2979,3.20,5.60
2010.09.01 10:57:55.200,1.29765,1.2979,3.20,5.60
2010.09.01 10:57:56.789,1.29765,1.2979,2.40,6.40
2010.09.01 10:57:57.140,1.2976,1.29775,4.80,1.60
2010.09.01 10:57:57.493,1.29755,1.29775,3.20,5.60
2010.09.01 10:57:57.640,1.29755,1.2977,2.40,1.00
2010.09.01 10:58:02.051,1.29755,1.2977,1.80,1.00
2010.09.01 10:58:02.234,1.29755,1.2977,2.60,1.00
2010.09.01 10:58:02.827,1.29755,1.2977,5.00,1.00
2010.09.01 10:58:04.839,1.29755,1.2977,5.10,1.00
2010.09.01 10:58:09.832,1.29755,1.29775,5.10,1.80
2010.09.01 10:58:09.977,1.2976,1.29775,1.00,4.20
2010.09.01 10:58:10.113,1.2976,1.29775,1.00,5.80
2010.09.01 10:58:11.423,1.2977,1.29785,2.40,2.40
2010.09.01 10:58:11.727,1.2977,1.29785,2.40,1.60
2010.09.01 10:58:11.880,1.2977,1.2979,3.20,5.00
2010.09.01 10:58:12.534,1.2977,1.2979,3.20,3.40
2010.09.01 10:58:13.404,1.2977,1.2979,5.60,1.00
2010.09.01 10:58:14.517,1.2977,1.2979,6.40,1.00
2010.09.01 10:58:14.833,1.2977,1.2979,6.40,1.00
2010.09.01 10:58:15.537,1.2977,1.2979,6.40,1.80
2010.09.01 10:58:15.765,1.2977,1.2979,4.00,2.60
2010.09.01 10:58:17.898,1.2977,1.2979,3.20,3.40
2010.09.01 10:58:19.718,1.2977,1.2979,3.20,3.40
2010.09.01 10:58:21.404,1.2976,1.29775,1.00,6.40
2010.09.01 10:58:21.532,1.29755,1.2977,2.40,1.00
2010.09.01 10:58:21.661,1.29755,1.2977,1.60,1.00
2010.09.01 10:58:22.596,1.29755,1.2977,1.60,1.80
2010.09.01 10:58:22.947,1.2975,1.29765,1.60,1.60
2010.09.01 10:58:23.796,1.29745,1.29755,1.60,1.00
2010.09.01 10:58:24.039,1.2974,1.2976,1.60,4.00
2010.09.01 10:58:24.272,1.29745,1.2976,1.60,2.40
2010.09.01 10:58:24.992,1.29745,1.29765,1.60,4.80
2010.09.01 10:58:25.325,1.29745,1.29765,1.60,2.40
2010.09.01 10:58:28.848,1.29745,1.29765,1.60,1.00
2010.09.01 10:58:40.585,1.29745,1.2977,1.60,6.60
2010.09.01 10:58:40.733,1.29745,1.29755,1.60,2.60
2010.09.01 10:58:40.880,1.29735,1.29755,1.20,4.20
2010.09.01 10:58:41.031,1.29735,1.2975,1.00,1.00
2010.09.01 10:58:41.180,1.29735,1.29755,1.00,2.40
2010.09.01 10:58:41.330,1.29735,1.29755,3.20,1.00
2010.09.01 10:58:41.479,1.29735,1.29755,5.00,1.00
2010.09.01 10:58:42.464,1.29735,1.2975,5.00,1.00
2010.09.01 10:58:42.813,1.29735,1.2975,3.40,1.60
2010.09.01 10:58:43.067,1.29735,1.29755,3.40,1.00
2010.09.01 10:58:43.326,1.29735,1.2976,3.40,5.00
2010.09.01 10:58:43.417,1.29735,1.2976,3.40,4.20
2010.09.01 10:58:49.227,1.29735,1.2976,3.40,3.20
2010.09.01 10:58:51.539,1.29735,1.2976,3.40,4.00
2010.09.01 10:58:51.683,1.29735,1.29755,3.40,1.00
2010.09.01 10:58:57.007,1.29735,1.29755,5.00,1.00
2010.09.01 10:59:00.641,1.29735,1.29755,5.80,1.00
2010.09.01 10:59:00.784,1.2974,1.29755,1.00,1.00
2010.09.01 10:59:18.455,1.2974,1.2976,1.00,1.60
2010.09.01 10:59:18.640,1.2974,1.2976,1.00,1.60
2010.09.01 10:59:18.823,1.2974,1.2976,5.60,1.00
2010.09.01 10:59:19.168,1.2974,1.2976,4.80,1.00
2010.09.01 10:59:19.847,1.2974,1.29765,8.80,2.40
2010.09.01 10:59:20.900,1.29745,1.29765,2.40,2.40
2010.09.01 10:59:21.110,1.2974,1.29765,8.00,2.40
2010.09.01 10:59:21.320,1.2974,1.29765,8.80,2.40
2010.09.01 10:59:22.877,1.2974,1.29765,8.00,3.20
2010.09.01 10:59:27.808,1.2974,1.29765,8.80,2.40
2010.09.01 10:59:31.399,1.2974,1.29765,3.20,3.20
2010.09.01 10:59:32.084,1.2974,1.2976,2.40,1.00
2010.09.01 10:59:32.265,1.29735,1.2976,2.40,4.00
2010.09.01 10:59:32.541,1.29735,1.2976,2.40,1.60
2010.09.01 10:59:33.186,1.29735,1.2976,2.40,3.20
2010.09.01 10:59:33.457,1.2974,1.2976,1.00,1.00
2010.09.01 10:59:37.047,1.2974,1.2976,1.00,2.40
2010.09.01 10:59:37.746,1.29735,1.2976,5.70,2.40
2010.09.01 10:59:42.094,1.29735,1.2976,5.70,4.80
2010.09.01 10:59:45.266,1.29735,1.2976,5.80,4.80
2010.09.01 10:59:48.246,1.29735,1.2976,5.70,4.80
2010.09.01 10:59:52.854,1.29735,1.2976,5.70,3.20
2010.09.01 10:59:54.134,1.2974,1.2976,1.00,2.40
2010.09.01 10:59:54.391,1.29745,1.29765,1.00,1.60
2010.09.01 10:59:56.221,1.2974,1.29765,1.80,1.60
2010.09.01 10:59:56.490,1.2974,1.29765,1.70,1.60
2010.09.01 10:59:57.668,1.29745,1.29765,3.20,2.40
2010.09.01 10:59:58.724,1.29745,1.29765,3.20,1.00
2010.09.01 10:59:58.981,1.29745,1.2977,3.40,6.60
2010.09.01 10:59:59.244,1.29745,1.2977,3.30,5.80
