2014.04.21 04:00:09.449,1.22,1.22013,1.00,1.67
2014.04.21 04:00:37.850,1.22,1.22012,1.00,1.57
2014.04.21 04:00:38.396,1.22,1.22014,1.00,2.07
2014.04.21 04:00:49.516,1.21999,1.22012,1.00,1.57
2014.04.21 04:00:52.676,1.21999,1.22012,1.08,1.57
2014.04.21 04:01:12.684,1.21999,1.22014,1.02,1.74
2014.04.21 04:01:31.555,1.21999,1.22013,1.10,1.67
2014.04.21 04:01:33.814,1.22,1.22013,1.00,1.67
2014.04.21 04:01:57.165,1.21999,1.22014,1.02,1.74
2014.04.21 04:01:58.677,1.21999,1.22015,1.29,5.22
2014.04.21 04:01:59.673,1.21999,1.22014,1.02,1.74
2014.04.21 04:02:01.672,1.21999,1.22015,1.29,5.22
2014.04.21 04:02:04.187,1.21999,1.22015,1.10,4.47
2014.04.21 04:02:15.741,1.21999,1.22014,1.18,1.48
2014.04.21 04:02:35.707,1.21999,1.22014,1.10,1.74
2014.04.21 04:02:41.909,1.21999,1.22015,1.29,5.22
2014.04.21 04:02:43.397,1.21999,1.22014,1.02,1.74
2014.04.21 04:02:48.090,1.21999,1.22015,1.29,5.22
2014.04.21 04:02:53.204,1.21999,1.22015,1.10,4.28
2014.04.21 04:02:56.672,1.21999,1.22015,1.18,4.28
2014.04.21 04:03:17.311,1.21999,1.22014,1.02,1.74
2014.04.21 04:03:17.851,1.21999,1.22015,1.29,5.22
2014.04.21 04:03:19.198,1.21999,1.22015,1.10,4.28
2014.04.21 04:03:21.368,1.21999,1.22015,1.29,5.22
2014.04.21 04:03:22.371,1.21999,1.22014,1.02,1.74
2014.04.21 04:03:25.069,1.21999,1.22014,1.02,1.74
2014.04.21 04:03:27.565,1.21999,1.22014,1.39,1.84
2014.04.21 04:03:27.616,1.22001,1.22014,1.19,1.08
2014.04.21 04:03:27.718,1.22001,1.22015,1.02,4.02
2014.04.21 04:03:37.191,1.22001,1.22018,1.10,2.22
2014.04.21 04:03:37.891,1.22001,1.22016,1.10,1.37
2014.04.21 04:03:47.232,1.22001,1.22018,1.10,2.22
2014.04.21 04:03:49.878,1.22001,1.22016,1.02,1.37
2014.04.21 04:03:50.861,1.22001,1.22012,1.10,1.19
2014.04.21 04:03:51.266,1.22001,1.22008,1.00,1.00
2014.04.21 04:04:07.047,1.22001,1.22008,1.00,1.19
2014.04.21 04:04:07.098,1.21999,1.22008,1.00,1.19
2014.04.21 04:04:08.365,1.21999,1.22008,1.00,1.25
2014.04.21 04:04:27.229,1.21998,1.22008,1.00,1.25
2014.04.21 04:04:51.563,1.21998,1.22009,1.10,1.25
2014.04.21 04:05:27.486,1.21995,1.22009,1.94,1.25
2014.04.21 04:05:42.471,1.21996,1.22009,1.09,1.00
2014.04.21 04:05:44.244,1.21995,1.22009,2.15,1.19
2014.04.21 04:05:50.349,1.21996,1.22009,1.09,1.25
2014.04.21 04:05:52.346,1.21995,1.22009,2.15,1.19
2014.04.21 04:06:00.421,1.21995,1.22009,1.90,1.69
2014.04.21 04:06:01.404,1.21995,1.22008,1.90,1.19
2014.04.21 04:06:03.207,1.21995,1.22009,1.90,1.25
2014.04.21 04:06:03.258,1.21995,1.22007,1.90,1.00
2014.04.21 04:06:04.119,1.21999,1.22007,1.00,1.00
2014.04.21 04:06:04.627,1.21998,1.22007,1.13,1.00
2014.04.21 04:06:14.088,1.21998,1.22008,1.13,1.00
2014.04.21 04:06:14.698,1.21998,1.22009,1.00,1.00
2014.04.21 04:06:15.749,1.21998,1.22009,1.00,1.69
2014.04.21 04:06:24.381,1.21998,1.22008,1.00,1.19
2014.04.21 04:06:24.893,1.21998,1.22006,1.00,1.19
2014.04.21 04:06:25.187,1.21998,1.22008,1.00,1.25
2014.04.21 04:06:25.691,1.21998,1.22007,1.00,1.19
2014.04.21 04:06:25.893,1.21998,1.22007,1.00,1.25
2014.04.21 04:07:04.222,1.21995,1.22007,1.90,1.25
2014.04.21 04:07:06.898,1.21995,1.22007,2.25,1.25
2014.04.21 04:07:07.523,1.21995,1.22007,2.44,1.00
2014.04.21 04:07:08.652,1.21995,1.22009,2.44,1.00
2014.04.21 04:07:20.535,1.21995,1.22009,2.00,1.19
2014.04.21 04:07:25.789,1.21995,1.22009,1.75,1.69
2014.04.21 04:07:27.178,1.21995,1.22009,1.75,1.00
2014.04.21 04:07:38.914,1.21995,1.22009,2.00,1.19
2014.04.21 04:07:40.194,1.21995,1.22009,1.75,1.69
2014.04.21 04:07:41.817,1.21995,1.22009,2.44,1.19
2014.04.21 04:07:42.803,1.21995,1.22009,2.44,1.25
2014.04.21 04:07:49.865,1.21995,1.22009,2.00,1.19
2014.04.21 04:07:50.826,1.21995,1.22009,1.75,1.69
2014.04.21 04:07:52.678,1.21995,1.22008,1.94,1.00
2014.04.21 04:07:59.849,1.21995,1.22008,2.25,1.19
2014.04.21 04:08:00.370,1.21995,1.22008,2.44,1.00
2014.04.21 04:08:02.013,1.21999,1.22008,1.00,1.00
2014.04.21 04:08:20.196,1.21998,1.22009,1.09,1.00
2014.04.21 04:08:22.645,1.21998,1.22009,1.18,1.00
2014.04.21 04:08:51.569,1.21998,1.2201,1.84,1.50
2014.04.21 04:09:16.325,1.21998,1.2201,1.28,1.19
2014.04.21 04:09:21.401,1.21996,1.22008,1.09,1.00
2014.04.21 04:09:21.502,1.21995,1.22008,2.59,1.25
2014.04.21 04:09:28.427,1.21996,1.22008,1.15,1.69
2014.04.21 04:09:33.482,1.21996,1.22008,1.15,1.25
2014.04.21 04:09:34.483,1.21996,1.22008,1.15,1.69
2014.04.21 04:09:38.096,1.21996,1.22008,1.40,1.00
2014.04.21 04:09:41.706,1.21996,1.22008,1.15,1.25
2014.04.21 04:09:47.294,1.21996,1.22007,1.18,1.19
2014.04.21 04:09:48.543,1.21996,1.22008,1.18,1.69
2014.04.21 04:10:24.217,1.21996,1.22007,1.18,1.69
2014.04.21 04:10:29.745,1.21996,1.22007,1.18,1.25
2014.04.21 04:10:40.178,1.21996,1.22008,1.09,1.00
2014.04.21 04:10:41.713,1.21996,1.22008,1.02,1.00
2014.04.21 04:11:04.715,1.21996,1.22008,1.18,1.25
2014.04.21 04:11:21.651,1.21996,1.22009,1.09,1.25
2014.04.21 04:11:23.897,1.21999,1.22009,1.00,1.25
2014.04.21 04:11:42.703,1.21998,1.22009,1.00,1.25
2014.04.21 04:11:43.472,1.21999,1.22009,1.00,1.25
2014.04.21 04:11:45.229,1.21999,1.22009,1.00,1.19
2014.04.21 04:11:45.804,1.21999,1.22009,1.00,1.25
2014.04.21 04:11:57.215,1.21999,1.22009,1.00,1.19
2014.04.21 04:12:00.021,1.21999,1.22009,1.00,1.69
2014.04.21 04:12:02.065,1.21999,1.22009,1.00,1.19
2014.04.21 04:12:15.099,1.21999,1.22009,1.00,1.69
2014.04.21 04:12:15.972,1.21999,1.22009,1.00,1.25
2014.04.21 04:12:21.210,1.21999,1.22009,1.00,1.19
2014.04.21 04:12:24.142,1.21999,1.22009,1.00,1.25
2014.04.21 04:12:26.832,1.21999,1.22009,1.00,1.19
2014.04.21 04:12:28.847,1.21999,1.22009,1.00,1.25
2014.04.21 04:12:32.597,1.22,1.22009,1.00,1.25
2014.04.21 04:13:07.141,1.22,1.2201,1.00,1.00
2014.04.21 04:13:22.788,1.22,1.2201,1.00,1.19
2014.04.21 04:13:23.806,1.22,1.2201,1.00,1.25
2014.04.21 04:13:29.467,1.21998,1.2201,1.10,1.00
2014.04.21 04:13:29.995,1.21999,1.2201,1.00,1.00
2014.04.21 04:13:35.832,1.21999,1.2201,1.19,1.00
2014.04.21 04:13:36.832,1.21999,1.2201,1.25,1.00
2014.04.21 04:13:51.616,1.21999,1.22009,1.00,1.00
2014.04.21 04:14:09.771,1.21998,1.22009,1.13,1.00
2014.04.21 04:14:43.976,1.21999,1.22009,1.00,1.25
2014.04.21 04:14:56.028,1.21999,1.22009,1.19,1.00
2014.04.21 04:14:56.637,1.21999,1.22009,1.00,1.00
2014.04.21 04:15:08.507,1.22,1.22009,1.00,1.00
2014.04.21 04:15:18.219,1.21999,1.22009,1.00,1.25
2014.04.21 04:15:22.256,1.21998,1.22009,1.13,1.00
2014.04.21 04:15:25.128,1.21998,1.22008,1.00,1.00
2014.04.21 04:15:29.956,1.21999,1.22008,1.00,1.00
2014.04.21 04:15:34.141,1.21999,1.22006,1.00,1.00
2014.04.21 04:15:34.668,1.21998,1.22007,1.00,1.00
2014.04.21 04:15:42.057,1.21999,1.22007,1.00,1.00
2014.04.21 04:16:04.435,1.21998,1.22007,1.00,1.00
2014.04.21 04:16:04.536,1.21998,1.22009,1.00,1.00
2014.04.21 04:16:05.041,1.21999,1.22009,1.00,1.00
2014.04.21 04:16:20.125,1.21999,1.22007,1.00,1.00
2014.04.21 04:16:20.644,1.21998,1.22008,1.10,1.00
2014.04.21 04:16:24.852,1.21999,1.22008,1.00,1.00
2014.04.21 04:16:30.671,1.21999,1.2201,1.00,1.02
2014.04.21 04:16:46.329,1.21999,1.2201,1.00,1.19
2014.04.21 04:16:49.240,1.21999,1.2201,1.00,1.25
2014.04.21 04:16:50.048,1.21999,1.2201,1.00,1.69
2014.04.21 04:16:51.950,1.21999,1.2201,1.00,1.25
2014.04.21 04:17:00.167,1.22,1.2201,1.00,1.00
2014.04.21 04:17:21.595,1.22,1.22009,1.00,1.00
2014.04.21 04:17:28.615,1.22,1.22009,1.00,1.19
2014.04.21 04:17:29.570,1.21999,1.22009,1.00,1.19
2014.04.21 04:17:29.624,1.21999,1.22005,1.00,1.00
2014.04.21 04:17:29.776,1.21999,1.22007,1.00,1.00
2014.04.21 04:17:34.243,1.21999,1.22007,1.00,1.19
2014.04.21 04:17:37.378,1.22,1.22007,1.00,1.19
2014.04.21 04:17:37.480,1.22,1.22008,1.00,1.25
2014.04.21 04:17:50.145,1.22,1.22009,1.00,1.00
2014.04.21 04:17:50.672,1.22,1.2201,1.00,1.00
2014.04.21 04:17:53.094,1.22,1.22007,1.00,1.00
2014.04.21 04:17:53.619,1.21999,1.22007,1.00,1.00
2014.04.21 04:17:54.391,1.21999,1.22008,1.00,1.00
2014.04.21 04:17:56.713,1.22,1.22008,1.00,1.00
2014.04.21 04:18:07.203,1.21999,1.22008,1.00,1.00
2014.04.21 04:18:07.727,1.22,1.22009,1.00,1.00
2014.04.21 04:18:27.190,1.21998,1.22009,1.32,1.00
2014.04.21 04:18:28.339,1.21998,1.22008,1.25,1.00
2014.04.21 04:18:36.281,1.21998,1.22008,1.19,1.00
2014.04.21 04:18:37.971,1.21998,1.22008,1.25,1.00
2014.04.21 04:18:38.976,1.21998,1.22008,1.19,1.00
2014.04.21 04:18:42.559,1.21998,1.22009,1.19,1.10
2014.04.21 04:18:46.183,1.21998,1.22009,1.25,1.10
2014.04.21 04:18:47.024,1.21998,1.22009,1.19,1.10
2014.04.21 04:18:56.229,1.21997,1.22009,1.00,1.00
2014.04.21 04:19:07.407,1.21996,1.22009,1.39,1.00
2014.04.21 04:19:07.509,1.21998,1.22009,1.19,1.00
2014.04.21 04:19:10.638,1.21997,1.22009,1.19,1.10
2014.04.21 04:19:14.649,1.21998,1.22009,1.19,1.10
2014.04.21 04:19:17.219,1.21996,1.22009,2.07,1.10
2014.04.21 04:19:18.676,1.21996,1.22009,1.32,1.10
2014.04.21 04:19:20.630,1.21996,1.22009,2.07,1.10
2014.04.21 04:19:21.646,1.21996,1.2201,1.32,1.18
2014.04.21 04:19:22.935,1.21998,1.2201,1.19,1.18
2014.04.21 04:19:24.639,1.21997,1.2201,1.19,1.18
2014.04.21 04:19:32.091,1.21997,1.22008,1.19,1.00
2014.04.21 04:19:32.192,1.21996,1.22008,1.32,1.00
2014.04.21 04:19:32.460,1.21997,1.22008,1.19,1.00
2014.04.21 04:19:38.212,1.21998,1.22008,1.19,1.00
2014.04.21 04:19:42.235,1.21996,1.22008,1.32,1.00
2014.04.21 04:19:42.459,1.21998,1.22008,1.19,1.00
2014.04.21 04:19:43.827,1.21997,1.22008,1.19,1.00
2014.04.21 04:19:51.846,1.21996,1.22008,1.69,1.00
2014.04.21 04:19:52.156,1.21996,1.22008,1.25,1.00
2014.04.21 04:19:52.785,1.21996,1.22008,1.19,1.00
2014.04.21 04:19:53.597,1.21997,1.22008,1.19,1.00
2014.04.21 04:20:02.206,1.21996,1.22008,1.25,1.00
2014.04.21 04:20:03.982,1.21997,1.22008,1.19,1.00
2014.04.21 04:20:13.206,1.21995,1.22008,1.32,1.00
2014.04.21 04:20:13.505,1.21997,1.22008,1.19,1.00
2014.04.21 04:20:15.413,1.21996,1.22008,1.19,1.00
2014.04.21 04:20:18.419,1.21997,1.22008,1.19,1.00
2014.04.21 04:20:32.018,1.21997,1.22007,1.19,1.00
2014.04.21 04:20:34.150,1.21995,1.22007,2.22,1.00
2014.04.21 04:20:42.767,1.21997,1.22007,1.19,1.00
2014.04.21 04:20:44.569,1.21998,1.22007,1.19,1.00
2014.04.21 04:20:52.209,1.21995,1.22007,1.47,1.00
2014.04.21 04:20:53.939,1.21997,1.22007,1.19,1.00
2014.04.21 04:20:55.753,1.21997,1.22008,1.19,1.00
2014.04.21 04:21:03.220,1.21995,1.22008,2.97,1.00
2014.04.21 04:21:03.766,1.21995,1.22008,2.22,1.00
2014.04.21 04:21:04.328,1.21996,1.22008,1.29,1.00
2014.04.21 04:21:07.574,1.21998,1.22008,1.19,1.00
2014.04.21 04:21:09.272,1.21999,1.22008,1.19,1.00
2014.04.21 04:21:11.555,1.21999,1.22009,1.19,1.00
2014.04.21 04:21:15.700,1.21999,1.22009,1.19,1.00
2014.04.21 04:21:17.502,1.21995,1.22009,2.97,1.00
2014.04.21 04:21:17.604,1.21998,1.22009,1.19,1.00
2014.04.21 04:21:20.784,1.21997,1.22009,1.29,1.00
2014.04.21 04:21:25.825,1.21998,1.22009,1.19,1.00
2014.04.21 04:21:26.926,1.21997,1.22009,1.29,1.00
2014.04.21 04:21:27.442,1.21995,1.22009,3.72,1.00
2014.04.21 04:21:27.777,1.21999,1.22009,1.19,1.00
2014.04.21 04:21:28.844,1.21998,1.22009,1.19,1.00
2014.04.21 04:21:38.839,1.21999,1.22009,1.19,1.00
2014.04.21 04:21:52.257,1.21997,1.22009,1.19,1.00
2014.04.21 04:21:55.796,1.21998,1.22009,1.19,1.00
2014.04.21 04:21:56.974,1.21999,1.22009,1.19,1.00
2014.04.21 04:22:01.731,1.21998,1.22009,1.19,1.00
2014.04.21 04:22:03.695,1.21999,1.22009,1.19,1.00
2014.04.21 04:22:05.702,1.21998,1.22009,1.19,1.00
2014.04.21 04:22:07.711,1.21999,1.22009,1.19,1.00
2014.04.21 04:22:09.719,1.22,1.22009,1.19,1.00
2014.04.21 04:22:13.551,1.21999,1.22009,1.19,1.00
2014.04.21 04:22:24.222,1.21997,1.22009,1.19,1.00
2014.04.21 04:22:24.776,1.21998,1.22009,1.19,1.00
2014.04.21 04:22:28.794,1.22,1.22009,1.19,1.00
2014.04.21 04:22:40.848,1.21999,1.22009,1.19,1.00
2014.04.21 04:22:43.180,1.21996,1.22009,1.32,1.00
2014.04.21 04:22:46.366,1.21999,1.22009,1.19,1.00
2014.04.21 04:22:47.519,1.21999,1.22009,1.19,1.00
2014.04.21 04:22:56.220,1.21996,1.22009,1.39,1.00
2014.04.21 04:23:00.676,1.21997,1.22009,1.19,1.00
2014.04.21 04:23:01.681,1.22,1.22009,1.19,1.00
2014.04.21 04:23:06.697,1.21999,1.22009,1.19,1.00
2014.04.21 04:23:20.198,1.21996,1.22009,1.39,1.00
2014.04.21 04:23:21.705,1.21999,1.22009,1.19,1.00
2014.04.21 04:23:27.845,1.21997,1.22009,1.19,1.00
2014.04.21 04:23:28.364,1.21996,1.22009,1.39,1.00
2014.04.21 04:23:29.396,1.21996,1.22008,1.32,1.00
2014.04.21 04:23:31.181,1.21993,1.22008,1.72,1.00
2014.04.21 04:23:32.860,1.21996,1.22008,1.32,1.00
2014.04.21 04:23:37.087,1.21995,1.22008,1.67,1.00
2014.04.21 04:23:37.802,1.21995,1.22006,1.29,1.00
2014.04.21 04:23:38.342,1.21997,1.22006,1.19,1.00
2014.04.21 04:23:40.281,1.21997,1.22006,1.19,1.00
2014.04.21 04:23:46.742,1.21998,1.22006,1.19,1.00
2014.04.21 04:23:46.939,1.21998,1.22008,1.19,1.00
2014.04.21 04:23:51.218,1.21996,1.22008,1.69,1.00
2014.04.21 04:23:51.565,1.21997,1.22006,1.25,1.10
2014.04.21 04:23:51.767,1.21994,1.22005,1.19,1.00
2014.04.21 04:23:53.145,1.21994,1.22005,1.25,1.50
2014.04.21 04:24:25.451,1.21994,1.22005,1.19,1.00
2014.04.21 04:24:28.470,1.21994,1.22005,1.25,1.00
2014.04.21 04:24:32.469,1.21994,1.22005,1.19,1.00
2014.04.21 04:24:33.483,1.21994,1.22005,1.25,1.00
2014.04.21 04:24:35.708,1.21994,1.22005,1.19,1.00
2014.04.21 04:24:38.371,1.21993,1.22005,1.19,1.00
2014.04.21 04:24:40.729,1.21993,1.22005,1.25,1.00
2014.04.21 04:24:51.523,1.21993,1.22004,1.00,1.00
2014.04.21 04:24:54.347,1.21993,1.22004,1.19,1.00
2014.04.21 04:25:05.925,1.21993,1.22004,1.32,1.00
2014.04.21 04:25:09.934,1.21993,1.22004,1.32,1.00
2014.04.21 04:25:13.206,1.21993,1.22004,1.13,1.00
2014.04.21 04:25:14.111,1.21993,1.22004,1.39,1.00
2014.04.21 04:25:21.617,1.21993,1.22005,1.39,1.00
2014.04.21 04:25:22.977,1.21993,1.22005,1.39,1.00
2014.04.21 04:25:35.181,1.21993,1.22005,2.14,1.00
2014.04.21 04:25:37.106,1.21993,1.22005,1.39,1.00
2014.04.21 04:25:38.224,1.2199,1.22005,2.97,1.00
2014.04.21 04:25:38.783,1.21992,1.22005,1.74,1.00
2014.04.21 04:25:43.839,1.21992,1.22005,1.74,1.00
2014.04.21 04:25:48.155,1.21992,1.22005,1.74,1.00
2014.04.21 04:25:48.691,1.2199,1.22005,2.22,1.00
2014.04.21 04:25:49.237,1.21992,1.22005,1.74,1.00
2014.04.21 04:25:50.172,1.21992,1.22005,1.74,1.00
2014.04.21 04:25:51.129,1.21992,1.22005,1.74,1.00
2014.04.21 04:25:58.148,1.2199,1.22005,2.22,1.00
2014.04.21 04:26:21.210,1.21993,1.22005,1.39,1.00
2014.04.21 04:26:22.423,1.21993,1.22005,1.39,1.00
2014.04.21 04:26:30.431,1.21992,1.22005,1.74,1.00
2014.04.21 04:26:37.490,1.21992,1.22005,1.74,1.00
2014.04.21 04:26:39.160,1.2199,1.22005,2.22,1.00
2014.04.21 04:26:44.499,1.21993,1.22005,1.39,1.00
2014.04.21 04:26:46.521,1.21993,1.22005,1.39,1.00
2014.04.21 04:26:47.512,1.21993,1.22005,1.39,1.00
2014.04.21 04:26:48.501,1.21992,1.22005,1.74,1.00
2014.04.21 04:26:52.224,1.2199,1.22005,2.97,1.00
2014.04.21 04:26:55.551,1.21991,1.22005,1.72,1.00
2014.04.21 04:27:05.132,1.2199,1.22005,2.22,1.00
2014.04.21 04:27:13.166,1.21991,1.22005,1.72,1.00
2014.04.21 04:27:14.373,1.21991,1.22005,1.72,1.00
2014.04.21 04:27:26.227,1.21991,1.22005,1.57,1.00
2014.04.21 04:27:36.217,1.2199,1.22005,2.07,1.00
2014.04.21 04:27:43.453,1.21991,1.22005,1.57,1.00
2014.04.21 04:27:51.146,1.2199,1.22005,2.07,1.00
2014.04.21 04:27:59.582,1.21991,1.22005,1.57,1.00
2014.04.21 04:28:07.187,1.2199,1.22005,2.07,1.00
2014.04.21 04:28:07.905,1.21992,1.22005,1.57,1.00
2014.04.21 04:28:23.829,1.21993,1.22005,1.32,1.00
2014.04.21 04:28:24.854,1.21991,1.22005,1.57,1.00
2014.04.21 04:28:25.006,1.21996,1.22005,1.00,1.00
2014.04.21 04:28:25.260,1.21996,1.2201,1.25,2.89
2014.04.21 04:28:35.150,1.21993,1.22009,2.03,1.10
2014.04.21 04:28:35.738,1.21993,1.22009,2.97,1.02
2014.04.21 04:28:38.006,1.21993,1.22009,2.97,1.29
2014.04.21 04:28:45.167,1.21993,1.22009,2.03,1.10
2014.04.21 04:28:45.715,1.21993,1.22009,2.03,1.00
2014.04.21 04:28:46.373,1.21993,1.22009,2.22,1.19
2014.04.21 04:28:56.210,1.21993,1.22009,2.03,1.00
2014.04.21 04:29:07.533,1.21994,1.22009,1.34,1.00
2014.04.21 04:29:08.053,1.21994,1.2201,1.34,3.64
2014.04.21 04:29:16.141,1.21993,1.2201,2.03,3.45
2014.04.21 04:29:21.056,1.21996,1.2201,1.29,3.45
2014.04.21 04:29:24.788,1.21995,1.2201,1.37,3.64
2014.04.21 04:29:26.799,1.21996,1.2201,1.29,3.45
2014.04.21 04:29:27.813,1.21995,1.2201,1.37,3.64
2014.04.21 04:29:30.188,1.21994,1.2201,1.15,3.45
2014.04.21 04:29:30.777,1.21995,1.2201,1.37,3.64
2014.04.21 04:29:31.514,1.21996,1.2201,1.29,3.45
2014.04.21 04:29:32.798,1.21995,1.2201,1.37,3.64
2014.04.21 04:29:41.467,1.21996,1.2201,1.29,3.45
2014.04.21 04:29:45.133,1.21994,1.2201,1.15,3.45
2014.04.21 04:29:45.684,1.21994,1.2201,1.00,3.38
2014.04.21 04:29:46.036,1.21996,1.2201,1.19,3.38
2014.04.21 04:29:47.184,1.21996,1.2201,1.19,3.00
2014.04.21 04:29:48.268,1.21997,1.2201,1.19,2.25
2014.04.21 04:29:54.767,1.21995,1.2201,1.34,2.44
2014.04.21 04:29:56.770,1.21997,1.2201,1.29,2.25
2014.04.21 04:29:58.780,1.21996,1.2201,1.37,2.25
2014.04.21 04:30:00.182,1.21997,1.2201,1.29,2.25
2014.04.21 04:30:06.208,1.21994,1.2201,2.03,1.50
2014.04.21 04:30:12.476,1.21997,1.2201,1.29,1.50
2014.04.21 04:30:12.991,1.21997,1.22012,1.27,1.77
2014.04.21 04:30:13.832,1.21999,1.22012,1.29,1.50
2014.04.21 04:30:14.669,1.21999,1.22012,1.19,1.65
2014.04.21 04:30:15.207,1.22,1.2201,1.19,1.00
2014.04.21 04:30:16.553,1.21999,1.2201,1.19,1.00
2014.04.21 04:30:17.517,1.21999,1.22012,1.19,1.65
2014.04.21 04:30:21.884,1.21998,1.22012,1.19,1.65
2014.04.21 04:30:22.196,1.21996,1.22012,1.28,1.65
2014.04.21 04:30:22.997,1.21999,1.22012,1.19,1.65
2014.04.21 04:30:30.900,1.21999,1.22012,1.19,1.65
2014.04.21 04:30:32.228,1.21995,1.22012,2.03,1.65
2014.04.21 04:30:32.542,1.21998,1.22012,1.19,1.65
2014.04.21 04:30:33.827,1.21997,1.22012,1.29,1.84
2014.04.21 04:30:33.979,1.21997,1.22012,1.19,2.22
2014.04.21 04:30:34.182,1.21998,1.22012,1.19,2.03
2014.04.21 04:30:35.971,1.22,1.22012,1.19,1.65
2014.04.21 04:30:42.153,1.21999,1.22012,1.19,1.65
2014.04.21 04:30:50.587,1.22001,1.22012,1.19,1.65
2014.04.21 04:30:54.714,1.22001,1.22012,1.19,1.65
2014.04.21 04:30:56.403,1.22,1.22012,1.19,1.58
2014.04.21 04:31:00.156,1.21997,1.22012,1.18,1.58
2014.04.21 04:31:04.157,1.21997,1.22012,1.37,1.58
2014.04.21 04:31:07.760,1.21997,1.22012,1.18,1.58
2014.04.21 04:31:17.209,1.21997,1.22012,1.84,1.58
2014.04.21 04:31:17.311,1.22001,1.22012,1.19,1.58
2014.04.21 04:31:27.224,1.21998,1.22012,1.02,1.58
2014.04.21 04:31:27.746,1.22001,1.22012,1.19,1.58
2014.04.21 04:31:36.162,1.22002,1.22012,1.19,1.58
2014.04.21 04:31:37.135,1.22001,1.22012,1.19,1.58
2014.04.21 04:31:37.237,1.21998,1.22012,1.02,1.58
2014.04.21 04:31:43.169,1.22,1.22012,1.19,1.58
2014.04.21 04:31:44.173,1.22001,1.22012,1.19,1.58
2014.04.21 04:31:45.415,1.22,1.22012,1.29,1.50
2014.04.21 04:31:49.411,1.21998,1.22012,1.34,1.50
2014.04.21 04:31:52.212,1.21997,1.22012,2.22,1.58
2014.04.21 04:31:53.780,1.21997,1.22012,1.47,1.58
2014.04.21 04:31:54.084,1.21999,1.22012,1.19,1.58
2014.04.21 04:31:55.809,1.21997,1.22012,2.22,1.58
2014.04.21 04:31:58.906,1.21997,1.22012,2.22,1.58
2014.04.21 04:32:00.185,1.21997,1.22012,1.28,1.58
2014.04.21 04:32:00.664,1.21998,1.22012,1.29,1.58
2014.04.21 04:32:04.895,1.21999,1.22012,1.19,1.58
2014.04.21 04:32:08.626,1.22,1.22012,1.19,1.58
2014.04.21 04:32:09.645,1.22,1.22012,1.19,1.58
2014.04.21 04:32:10.216,1.21997,1.22012,1.20,1.65
2014.04.21 04:32:12.816,1.21999,1.22012,1.19,1.65
2014.04.21 04:32:15.626,1.22,1.22012,1.19,1.65
2014.04.21 04:32:22.228,1.21998,1.22012,1.00,1.65
2014.04.21 04:32:23.428,1.22001,1.22012,1.19,1.65
2014.04.21 04:32:23.933,1.22,1.22012,1.19,1.65
2014.04.21 04:32:29.740,1.22,1.22012,1.19,1.65
2014.04.21 04:32:30.340,1.21999,1.22012,1.19,1.58
2014.04.21 04:32:42.205,1.21998,1.22012,1.29,1.58
2014.04.21 04:32:42.612,1.21999,1.22012,1.19,1.58
2014.04.21 04:32:48.099,1.22001,1.22012,1.19,1.58
2014.04.21 04:32:49.331,1.21999,1.22012,1.19,1.58
2014.04.21 04:32:49.836,1.21999,1.22012,1.19,1.65
2014.04.21 04:32:51.299,1.22,1.22012,1.19,1.65
2014.04.21 04:33:01.220,1.21998,1.22012,1.19,1.65
2014.04.21 04:33:01.318,1.22,1.22012,1.19,1.65
2014.04.21 04:33:02.343,1.21999,1.22012,1.19,1.65
2014.04.21 04:33:07.248,1.22,1.22012,1.19,1.65
2014.04.21 04:33:08.396,1.21999,1.22012,1.19,1.65
2014.04.21 04:33:10.462,1.22,1.22012,1.19,1.65
2014.04.21 04:33:11.381,1.22,1.22012,1.19,1.58
2014.04.21 04:33:11.888,1.21999,1.22012,1.19,1.65
2014.04.21 04:33:15.516,1.22,1.22012,1.19,1.65
2014.04.21 04:33:16.489,1.21999,1.22012,1.19,1.65
2014.04.21 04:33:17.492,1.22,1.22012,1.19,1.65
2014.04.21 04:33:21.209,1.22001,1.22012,1.19,1.65
2014.04.21 04:33:21.728,1.21998,1.22012,1.19,1.65
2014.04.21 04:33:22.827,1.22,1.22012,1.19,1.65
2014.04.21 04:33:28.518,1.21999,1.22012,1.19,1.65
2014.04.21 04:33:32.229,1.21997,1.22012,1.10,1.65
2014.04.21 04:33:34.033,1.22,1.22012,1.19,1.65
2014.04.21 04:33:36.581,1.21999,1.22012,1.19,1.65
2014.04.21 04:33:43.186,1.21997,1.22012,1.10,1.65
2014.04.21 04:33:44.377,1.21999,1.22012,1.19,1.65
2014.04.21 04:33:47.583,1.22002,1.22012,1.19,1.65
2014.04.21 04:33:47.684,1.22,1.22012,1.19,1.50
2014.04.21 04:33:48.190,1.22,1.22012,1.19,1.65
2014.04.21 04:33:50.884,1.21999,1.22012,1.19,1.65
2014.04.21 04:33:54.190,1.21997,1.22012,1.02,1.65
2014.04.21 04:33:54.698,1.21999,1.22012,1.19,1.65
2014.04.21 04:33:59.908,1.21999,1.22012,1.19,1.65
2014.04.21 04:34:04.230,1.21997,1.22012,1.10,1.65
2014.04.21 04:34:04.352,1.22,1.22012,1.19,1.65
2014.04.21 04:34:08.685,1.21999,1.22012,1.19,1.65
2014.04.21 04:34:29.738,1.21999,1.22012,1.19,1.58
2014.04.21 04:34:41.411,1.21997,1.22012,1.10,1.65
2014.04.21 04:34:41.620,1.21998,1.22012,1.19,1.65
2014.04.21 04:34:42.561,1.22,1.22012,1.19,1.65
2014.04.21 04:34:42.729,1.21997,1.22012,1.10,1.65
2014.04.21 04:34:42.833,1.21999,1.22012,1.19,1.65
2014.04.21 04:34:48.352,1.22,1.22012,1.19,1.65
2014.04.21 04:34:49.163,1.21995,1.22012,1.72,1.65
2014.04.21 04:34:50.741,1.21995,1.22012,1.78,1.58
2014.04.21 04:34:54.139,1.21999,1.22012,1.19,1.58
2014.04.21 04:34:55.243,1.22,1.22012,1.19,1.58
2014.04.21 04:35:01.378,1.21999,1.22012,1.19,1.58
2014.04.21 04:35:03.191,1.21997,1.22012,1.18,1.58
2014.04.21 04:35:09.311,1.21997,1.22012,1.84,1.58
2014.04.21 04:35:11.435,1.21999,1.22012,1.19,1.58
2014.04.21 04:35:12.390,1.22,1.22012,1.19,1.58
2014.04.21 04:35:15.496,1.21999,1.22012,1.19,1.58
2014.04.21 04:35:19.246,1.21997,1.22012,1.84,1.58
2014.04.21 04:35:20.710,1.21999,1.22012,1.19,1.58
2014.04.21 04:35:27.132,1.22,1.22012,1.19,1.58
2014.04.21 04:35:34.087,1.22,1.22012,1.19,1.58
2014.04.21 04:35:35.106,1.22001,1.22015,1.19,2.03
2014.04.21 04:35:36.208,1.21998,1.22015,1.02,2.03
2014.04.21 04:35:38.044,1.22001,1.22015,1.19,2.03
2014.04.21 04:35:40.047,1.22002,1.22015,1.19,2.03
2014.04.21 04:35:42.215,1.22001,1.22015,1.19,2.03
2014.04.21 04:35:50.235,1.21998,1.22015,1.10,5.03
2014.04.21 04:35:50.849,1.21998,1.22015,1.00,4.88
2014.04.21 04:35:53.710,1.21998,1.22015,1.00,4.95
2014.04.21 04:35:54.250,1.21998,1.22015,1.00,5.03
2014.04.21 04:35:57.963,1.22,1.22015,1.19,5.03
2014.04.21 04:35:59.084,1.22001,1.22015,1.19,5.03
2014.04.21 04:36:07.218,1.21998,1.22015,1.00,5.03
2014.04.21 04:36:13.015,1.22001,1.22015,1.19,5.03
2014.04.21 04:36:14.710,1.22001,1.22015,1.19,5.03
2014.04.21 04:36:17.410,1.22,1.22015,1.19,5.22
2014.04.21 04:36:20.605,1.22001,1.22015,1.19,5.03
2014.04.21 04:36:22.241,1.21998,1.22015,1.10,2.03
2014.04.21 04:36:24.561,1.21999,1.22015,1.19,5.03
2014.04.21 04:36:25.175,1.22001,1.22014,1.19,1.28
2014.04.21 04:36:26.465,1.22,1.22014,1.19,1.28
2014.04.21 04:36:30.507,1.21999,1.22014,1.19,1.47
2014.04.21 04:36:34.206,1.21998,1.22014,1.10,1.28
2014.04.21 04:36:35.673,1.22,1.22014,1.19,1.28
2014.04.21 04:36:38.693,1.22001,1.22014,1.19,1.28
2014.04.21 04:36:43.726,1.22,1.22014,1.19,1.28
2014.04.21 04:36:45.243,1.21998,1.22014,1.10,1.28
2014.04.21 04:36:46.435,1.22001,1.22014,1.19,1.28
2014.04.21 04:36:52.755,1.22,1.22014,1.19,1.28
2014.04.21 04:36:53.762,1.22001,1.22014,1.19,1.28
2014.04.21 04:36:56.279,1.21998,1.22014,1.10,1.28
2014.04.21 04:37:02.014,1.21998,1.22014,1.10,1.28
2014.04.21 04:37:02.167,1.21998,1.22014,1.19,1.28
2014.04.21 04:37:02.571,1.21998,1.22014,1.00,1.28
2014.04.21 04:37:02.672,1.21999,1.22014,1.19,1.47
2014.04.21 04:37:03.178,1.21999,1.22014,1.19,1.47
2014.04.21 04:37:03.802,1.22,1.22014,1.19,1.28
2014.04.21 04:37:04.757,1.21999,1.22014,1.19,1.47
2014.04.21 04:37:04.910,1.21999,1.22014,1.19,1.47
2014.04.21 04:37:10.784,1.21998,1.22014,1.69,1.47
2014.04.21 04:37:12.209,1.21998,1.22014,1.19,1.78
2014.04.21 04:37:13.777,1.21998,1.22014,1.19,1.53
2014.04.21 04:37:14.888,1.21996,1.22014,2.89,2.22
2014.04.21 04:37:17.805,1.22,1.22014,1.19,2.03
2014.04.21 04:37:23.708,1.21998,1.22014,1.19,2.22
2014.04.21 04:37:27.927,1.22,1.22014,1.19,1.53
2014.04.21 04:37:29.756,1.21999,1.22014,1.19,1.78
2014.04.21 04:37:34.271,1.21996,1.22014,1.39,1.53
2014.04.21 04:37:36.735,1.21996,1.22014,1.39,1.53
2014.04.21 04:37:39.065,1.21998,1.22014,1.19,1.72
2014.04.21 04:37:48.163,1.21996,1.22014,1.39,1.53
2014.04.21 04:37:48.400,1.21999,1.22014,1.19,1.78
2014.04.21 04:37:54.622,1.22,1.22015,1.19,5.22
2014.04.21 04:37:55.736,1.21999,1.22015,1.19,5.22
2014.04.21 04:37:58.802,1.21999,1.22015,1.19,5.22
2014.04.21 04:37:59.157,1.22001,1.22015,1.19,4.28
2014.04.21 04:38:00.381,1.22,1.22015,1.19,4.47
2014.04.21 04:38:02.157,1.21999,1.22015,1.19,4.47
2014.04.21 04:38:07.202,1.21997,1.22015,1.84,5.03
2014.04.21 04:38:07.987,1.22001,1.22015,1.19,5.03
2014.04.21 04:38:09.207,1.22,1.22015,1.19,5.22
2014.04.21 04:38:11.231,1.21999,1.22015,1.19,5.22
2014.04.21 04:38:12.335,1.22,1.22015,1.19,5.22
2014.04.21 04:38:15.211,1.21999,1.22015,1.19,5.22
2014.04.21 04:38:18.745,1.22001,1.22015,1.19,4.28
2014.04.21 04:38:19.222,1.21999,1.22015,1.19,4.28
2014.04.21 04:38:22.830,1.22001,1.22015,1.19,4.28
2014.04.21 04:38:24.040,1.21999,1.22015,1.19,4.47
2014.04.21 04:38:24.293,1.21999,1.22015,1.19,5.22
2014.04.21 04:38:25.375,1.22,1.22015,1.19,5.22
2014.04.21 04:38:28.375,1.21999,1.22015,1.19,5.22
2014.04.21 04:38:32.180,1.21997,1.22015,1.69,5.03
2014.04.21 04:38:33.499,1.21997,1.22015,1.00,5.03
2014.04.21 04:38:34.615,1.21997,1.22015,1.69,5.03
2014.04.21 04:38:35.519,1.21998,1.22015,1.19,5.03
2014.04.21 04:38:37.389,1.22,1.22015,1.19,5.22
2014.04.21 04:38:38.382,1.21999,1.22015,1.19,5.22
2014.04.21 04:38:45.248,1.21997,1.22015,1.25,5.03
2014.04.21 04:38:45.505,1.21998,1.22015,1.19,5.03
2014.04.21 04:38:45.808,1.22001,1.22015,1.19,5.03
2014.04.21 04:38:46.118,1.21999,1.22015,1.19,5.22
2014.04.21 04:38:52.869,1.21999,1.22015,1.19,5.22
2014.04.21 04:38:55.139,1.21997,1.22015,1.84,5.03
2014.04.21 04:38:57.767,1.22,1.22015,1.19,5.22
2014.04.21 04:38:59.494,1.22002,1.22015,1.19,5.03
2014.04.21 04:39:00.020,1.22001,1.22015,1.19,5.03
2014.04.21 04:39:00.754,1.22,1.22015,1.19,5.22
2014.04.21 04:39:01.763,1.21999,1.22015,1.19,5.22
2014.04.21 04:39:04.791,1.22,1.22015,1.19,5.22
2014.04.21 04:39:07.813,1.21999,1.22015,1.19,5.22
2014.04.21 04:39:12.188,1.21997,1.22015,1.84,5.03
2014.04.21 04:39:13.400,1.21999,1.22015,1.19,5.22
2014.04.21 04:39:14.789,1.22,1.22015,1.19,5.22
2014.04.21 04:39:17.918,1.21999,1.22015,1.19,5.22
2014.04.21 04:39:23.206,1.21998,1.22015,1.29,4.28
2014.04.21 04:39:25.114,1.22,1.22015,1.19,4.28
2014.04.21 04:39:25.216,1.21998,1.22015,1.29,4.28
2014.04.21 04:39:26.954,1.21998,1.22015,1.02,4.28
2014.04.21 04:39:41.663,1.21998,1.22015,1.29,4.47
2014.04.21 04:39:41.970,1.22001,1.22015,1.19,4.28
2014.04.21 04:39:44.558,1.21999,1.22015,1.19,4.47
2014.04.21 04:39:47.400,1.22,1.22015,1.19,4.47
2014.04.21 04:39:51.171,1.21998,1.22015,1.77,4.28
2014.04.21 04:39:52.912,1.21998,1.22015,1.69,4.13
2014.04.21 04:39:53.433,1.21998,1.22015,1.69,4.13
2014.04.21 04:39:53.937,1.21999,1.22015,1.19,4.13
2014.04.21 04:39:54.811,1.21999,1.22014,1.19,1.38
2014.04.21 04:39:56.081,1.21998,1.22014,1.69,1.38
2014.04.21 04:39:56.895,1.22002,1.22014,1.19,1.38
2014.04.21 04:39:57.624,1.22,1.22014,1.19,1.38
2014.04.21 04:40:00.141,1.21999,1.22014,1.19,1.63
2014.04.21 04:40:05.117,1.22001,1.22014,1.19,1.38
2014.04.21 04:40:06.217,1.21999,1.22014,1.19,1.38
2014.04.21 04:40:10.274,1.21998,1.22014,1.19,1.38
2014.04.21 04:40:11.157,1.21999,1.22014,1.19,1.63
2014.04.21 04:40:13.536,1.22,1.22014,1.19,1.38
2014.04.21 04:40:17.356,1.21999,1.22014,1.19,1.63
2014.04.21 04:40:18.957,1.22002,1.22014,1.19,1.38
2014.04.21 04:40:19.361,1.22,1.22014,1.19,1.38
2014.04.21 04:40:20.589,1.22001,1.22014,1.19,1.38
2014.04.21 04:40:21.709,1.22,1.22014,1.19,1.38
2014.04.21 04:40:23.174,1.21999,1.22014,1.19,1.38
2014.04.21 04:40:23.685,1.22,1.22014,1.19,1.38
2014.04.21 04:40:25.512,1.22001,1.22014,1.19,1.38
2014.04.21 04:40:26.478,1.22,1.22014,1.19,1.38
2014.04.21 04:40:30.195,1.22002,1.22014,1.19,1.38
2014.04.21 04:40:33.239,1.21998,1.22014,1.25,1.38
2014.04.21 04:40:36.201,1.21998,1.22014,1.19,1.38
2014.04.21 04:40:40.218,1.21998,1.22014,1.19,1.38
2014.04.21 04:40:41.028,1.21999,1.22014,1.19,1.63
2014.04.21 04:40:42.944,1.22001,1.22014,1.19,1.38
2014.04.21 04:40:43.150,1.21999,1.22014,1.19,1.63
2014.04.21 04:40:45.146,1.22001,1.22014,1.19,1.38
2014.04.21 04:40:45.686,1.22001,1.22014,1.19,1.13
2014.04.21 04:40:46.234,1.22,1.22014,1.19,1.13
2014.04.21 04:40:47.349,1.22001,1.22014,1.19,1.13
2014.04.21 04:40:49.606,1.21999,1.22014,1.19,1.32
2014.04.21 04:40:50.192,1.21998,1.22014,1.69,1.13
2014.04.21 04:40:50.761,1.22,1.22014,1.19,1.13
2014.04.21 04:40:56.249,1.22,1.22015,1.19,4.32
2014.04.21 04:40:56.872,1.22,1.22015,1.19,4.32
2014.04.21 04:40:58.705,1.21999,1.22015,1.19,4.39
2014.04.21 04:41:05.379,1.21999,1.22015,1.19,4.47
2014.04.21 04:41:09.306,1.21998,1.22015,1.25,4.28
2014.04.21 04:41:09.591,1.21999,1.22015,1.19,4.47
2014.04.21 04:41:12.101,1.22,1.22015,1.19,4.28
2014.04.21 04:41:12.152,1.22002,1.22015,1.19,4.28
2014.04.21 04:41:12.304,1.22002,1.22015,1.32,3.83
2014.04.21 04:41:12.759,1.22002,1.22015,1.32,3.90
2014.04.21 04:41:13.917,1.22001,1.22015,1.19,3.90
2014.04.21 04:41:19.226,1.22,1.22015,1.19,3.90
2014.04.21 04:41:24.266,1.22,1.22015,1.32,4.09
2014.04.21 04:41:25.853,1.22,1.22015,1.32,4.09
2014.04.21 04:41:28.862,1.22001,1.22015,1.19,3.90
2014.04.21 04:41:33.731,1.22001,1.22015,1.19,3.90
2014.04.21 04:41:40.900,1.22,1.22015,1.32,4.09
2014.04.21 04:41:43.231,1.21999,1.22015,2.07,3.90
2014.04.21 04:41:43.826,1.22001,1.22015,1.19,3.90
2014.04.21 04:41:44.911,1.22,1.22015,1.32,4.09
2014.04.21 04:41:52.820,1.22001,1.22015,1.19,4.09
2014.04.21 04:41:52.971,1.22003,1.22015,1.19,3.90
2014.04.21 04:41:56.134,1.22003,1.22015,1.57,3.90
2014.04.21 04:42:13.707,1.22003,1.22015,1.57,3.83
2014.04.21 04:42:14.944,1.22003,1.22015,1.57,3.83
2014.04.21 04:42:35.230,1.22005,1.22015,1.57,1.00
2014.04.21 04:42:35.283,1.22008,1.22017,1.57,1.50
2014.04.21 04:42:35.435,1.22009,1.22017,1.19,1.58
2014.04.21 04:42:35.588,1.22005,1.22016,1.19,1.00
2014.04.21 04:42:35.740,1.22003,1.22015,1.57,3.83
2014.04.21 04:42:36.848,1.22002,1.22015,2.07,4.58
2014.04.21 04:42:40.522,1.22002,1.22014,2.07,1.00
2014.04.21 04:42:49.534,1.22002,1.22015,2.44,1.58
2014.04.21 04:42:53.049,1.22002,1.22014,2.07,1.00
2014.04.21 04:43:00.070,1.22005,1.22014,1.69,1.00
2014.04.21 04:43:00.375,1.22002,1.22012,1.67,1.00
2014.04.21 04:43:00.530,1.22002,1.22014,1.67,1.00
2014.04.21 04:43:31.865,1.22005,1.22014,1.50,1.00
2014.04.21 04:43:32.068,1.22005,1.22014,1.19,1.00
2014.04.21 04:43:38.748,1.22006,1.22014,1.57,1.00
2014.04.21 04:43:41.183,1.22005,1.22014,2.07,1.00
2014.04.21 04:43:43.081,1.22006,1.22014,1.57,1.00
2014.04.21 04:43:52.233,1.22005,1.22014,1.88,1.00
2014.04.21 04:43:52.824,1.22007,1.22014,1.32,1.00
2014.04.21 04:43:53.939,1.22006,1.22014,1.57,1.00
2014.04.21 04:44:00.533,1.22006,1.22015,1.57,1.00
2014.04.21 04:44:01.970,1.22006,1.22017,1.57,1.50
2014.04.21 04:44:02.022,1.2201,1.22017,1.19,1.50
2014.04.21 04:44:02.126,1.2201,1.2202,1.57,3.83
2014.04.21 04:44:02.177,1.2201,1.2202,1.57,3.83
2014.04.21 04:44:02.329,1.22011,1.2202,1.19,3.75
2014.04.21 04:44:03.443,1.2201,1.2202,1.32,3.75
2014.04.21 04:44:07.032,1.2201,1.2202,1.57,3.75
2014.04.21 04:44:07.140,1.2201,1.2202,1.57,3.75
2014.04.21 04:44:08.356,1.2201,1.2202,1.57,3.83
2014.04.21 04:44:09.871,1.22009,1.2202,1.57,3.90
2014.04.21 04:44:09.922,1.22009,1.2202,1.32,3.90
2014.04.21 04:44:10.124,1.22008,1.2202,1.57,3.90
2014.04.21 04:44:10.477,1.22008,1.2202,1.57,3.83
2014.04.21 04:44:16.075,1.22008,1.2202,1.57,3.83
2014.04.21 04:44:27.812,1.22008,1.2202,1.38,3.90
2014.04.21 04:44:28.115,1.22008,1.2202,1.57,3.90
2014.04.21 04:44:37.285,1.22007,1.2202,1.38,3.90
2014.04.21 04:44:37.437,1.22007,1.2202,1.38,5.40
2014.04.21 04:44:37.539,1.22007,1.22019,1.13,1.15
2014.04.21 04:44:41.634,1.22005,1.22018,1.38,1.40
2014.04.21 04:44:42.342,1.22005,1.22018,1.38,1.34
2014.04.21 04:44:56.518,1.22005,1.22018,1.38,1.18
2014.04.21 04:45:09.505,1.22005,1.22018,1.38,1.55
2014.04.21 04:45:09.608,1.22,1.22015,2.22,5.44
2014.04.21 04:45:09.659,1.22005,1.22015,1.00,1.84
2014.04.21 04:45:10.064,1.22005,1.22015,1.38,1.84
2014.04.21 04:45:29.686,1.22005,1.22015,1.38,2.03
2014.04.21 04:45:41.843,1.22004,1.22015,1.38,2.22
2014.04.21 04:45:50.745,1.22003,1.22015,1.38,5.22
2014.04.21 04:46:50.757,1.22003,1.22015,1.38,4.32
2014.04.21 04:47:01.703,1.22003,1.22015,1.38,2.07
2014.04.21 04:47:03.656,1.22003,1.22015,1.38,1.88
2014.04.21 04:47:09.966,1.22003,1.22015,1.38,5.07
2014.04.21 04:47:13.331,1.22001,1.22015,1.38,5.07
2014.04.21 04:47:13.964,1.22001,1.22015,1.38,5.07
2014.04.21 04:47:15.083,1.22001,1.22015,1.38,5.07
2014.04.21 04:47:17.467,1.22001,1.22016,1.38,2.07
2014.04.21 04:47:17.770,1.22001,1.22016,1.63,1.15
2014.04.21 04:47:35.603,1.22001,1.22016,1.38,1.15
2014.04.21 04:47:56.254,1.22001,1.22017,1.38,1.34
2014.04.21 04:47:57.735,1.22001,1.22017,1.38,1.34
2014.04.21 04:47:58.277,1.22001,1.22017,1.38,1.34
2014.04.21 04:47:58.378,1.22005,1.22017,1.13,1.18
2014.04.21 04:47:58.632,1.22005,1.22018,1.32,1.10
2014.04.21 04:48:18.725,1.22005,1.2202,1.13,5.40
2014.04.21 04:48:44.170,1.22005,1.2202,1.32,5.59
2014.04.21 04:48:45.469,1.22005,1.2202,1.32,6.34
2014.04.21 04:49:03.179,1.22005,1.2202,1.20,1.18
2014.04.21 04:49:03.281,1.22005,1.2202,2.59,1.00
2014.04.21 04:49:03.807,1.22006,1.2202,1.84,1.00
2014.04.21 04:49:06.024,1.22006,1.2202,1.37,1.00
2014.04.21 04:49:17.077,1.22006,1.2202,1.37,1.00
2014.04.21 04:49:20.066,1.22006,1.2202,1.84,1.00
2014.04.21 04:49:21.519,1.22005,1.2202,2.22,1.00
2014.04.21 04:49:23.962,1.22005,1.2202,2.22,1.10
2014.04.21 04:49:27.088,1.22005,1.2202,2.97,1.10
2014.04.21 04:49:28.339,1.22006,1.2202,1.39,1.10
2014.04.21 04:49:33.225,1.22006,1.2202,1.29,1.10
2014.04.21 04:49:39.435,1.22006,1.2202,1.39,1.10
2014.04.21 04:49:42.155,1.22006,1.2202,1.39,1.10
2014.04.21 04:49:43.157,1.22006,1.2202,1.39,1.10
2014.04.21 04:49:43.708,1.22006,1.2202,1.32,1.08
2014.04.21 04:49:44.316,1.22006,1.2202,1.32,1.18
2014.04.21 04:49:45.473,1.22005,1.2202,2.89,1.18
2014.04.21 04:49:45.627,1.22005,1.2202,2.14,1.18
2014.04.21 04:49:49.251,1.22005,1.2202,2.14,1.18
2014.04.21 04:49:50.241,1.22005,1.2202,2.14,1.18
2014.04.21 04:49:52.117,1.22006,1.2202,1.32,1.18
2014.04.21 04:49:52.681,1.22005,1.2202,2.89,1.18
2014.04.21 04:49:54.355,1.22005,1.2202,2.14,1.18
2014.04.21 04:49:58.572,1.22007,1.2202,1.19,1.18
2014.04.21 04:49:59.078,1.22008,1.2202,1.19,1.18
2014.04.21 04:49:59.281,1.22006,1.2202,1.00,1.18
2014.04.21 04:49:59.483,1.22006,1.2202,1.69,1.18
2014.04.21 04:50:00.495,1.22006,1.2202,1.19,1.18
2014.04.21 04:50:01.005,1.22006,1.2202,1.19,1.18
2014.04.21 04:50:04.057,1.22007,1.2202,1.02,1.00
2014.04.21 04:50:04.364,1.22009,1.22023,1.69,1.15
2014.04.21 04:50:04.869,1.2201,1.2202,1.32,1.00
2014.04.21 04:50:05.983,1.2201,1.22025,1.32,4.84
2014.04.21 04:50:06.994,1.22009,1.22025,1.67,4.65
2014.04.21 04:50:07.465,1.22009,1.2202,1.67,1.00
2014.04.21 04:50:09.488,1.22009,1.2202,1.57,1.00
2014.04.21 04:50:09.990,1.22009,1.22025,1.57,4.65
2014.04.21 04:50:10.506,1.22009,1.2202,1.57,1.00
2014.04.21 04:50:13.858,1.2201,1.2202,1.32,1.00
2014.04.21 04:50:15.843,1.2201,1.2202,1.32,1.00
2014.04.21 04:50:23.908,1.22009,1.2202,1.57,1.18
2014.04.21 04:50:24.060,1.22008,1.2202,1.19,1.18
2014.04.21 04:50:25.972,1.22008,1.2202,1.19,1.18
2014.04.21 04:50:26.526,1.22007,1.2202,1.69,1.18
2014.04.21 04:50:31.236,1.22007,1.2202,2.07,1.18
2014.04.21 04:50:33.810,1.22008,1.2202,1.19,1.18
2014.04.21 04:50:34.808,1.22007,1.2202,2.07,1.18
2014.04.21 04:50:35.207,1.22007,1.2202,1.13,1.18
2014.04.21 04:50:35.339,1.22007,1.2202,1.32,1.18
2014.04.21 04:50:41.867,1.22007,1.2202,1.32,1.18
2014.04.21 04:50:45.134,1.22005,1.2202,3.08,1.18
2014.04.21 04:50:59.975,1.22005,1.2202,4.02,1.18
2014.04.21 04:51:00.976,1.22008,1.2202,1.19,1.18
2014.04.21 04:51:02.896,1.22007,1.2202,1.32,1.18
2014.04.21 04:51:10.230,1.22005,1.2202,3.08,1.18
2014.04.21 04:51:12.502,1.22005,1.2202,4.02,1.18
2014.04.21 04:51:12.710,1.22012,1.2202,1.19,1.00
2014.04.21 04:51:12.861,1.2201,1.2202,1.19,1.00
2014.04.21 04:51:13.174,1.22012,1.2202,1.19,1.00
2014.04.21 04:51:13.628,1.22008,1.2202,1.19,1.00
2014.04.21 04:51:14.134,1.22009,1.2202,1.19,1.00
2014.04.21 04:51:14.640,1.22011,1.2202,1.19,1.00
2014.04.21 04:51:22.149,1.22008,1.2202,1.13,1.00
2014.04.21 04:51:23.674,1.22007,1.2202,1.02,1.00
2014.04.21 04:51:29.270,1.2201,1.2202,1.19,1.00
2014.04.21 04:51:31.676,1.2201,1.2202,1.19,1.00
2014.04.21 04:51:39.198,1.22007,1.2202,2.40,1.00
2014.04.21 04:51:39.299,1.22007,1.2202,2.59,1.00
2014.04.21 04:51:39.804,1.22008,1.2202,1.19,1.58
2014.04.21 04:51:40.329,1.22008,1.2202,1.19,1.10
2014.04.21 04:51:46.458,1.22008,1.2202,1.19,1.10
2014.04.21 04:51:48.732,1.22008,1.2202,1.19,1.10
2014.04.21 04:51:49.267,1.22007,1.2202,1.13,1.10
2014.04.21 04:51:58.784,1.22007,1.2202,1.38,1.10
2014.04.21 04:51:59.549,1.22007,1.2202,2.07,1.10
2014.04.21 04:52:00.773,1.22007,1.2202,2.07,1.10
2014.04.21 04:52:05.394,1.22009,1.2202,1.94,3.83
2014.04.21 04:52:05.749,1.22008,1.2202,1.57,3.90
2014.04.21 04:52:06.276,1.22007,1.2202,1.69,3.90
2014.04.21 04:52:11.143,1.22007,1.2202,2.44,3.90
2014.04.21 04:52:22.008,1.22008,1.2202,1.19,3.90
2014.04.21 04:52:22.059,1.22005,1.2202,1.69,3.90
2014.04.21 04:52:22.328,1.22006,1.2202,1.32,4.65
2014.04.21 04:52:24.125,1.22007,1.2202,1.19,3.90
2014.04.21 04:52:25.025,1.22005,1.2202,1.38,3.90
2014.04.21 04:52:27.131,1.22005,1.2202,2.07,4.65
2014.04.21 04:52:31.191,1.22005,1.2202,1.57,4.65
2014.04.21 04:52:37.617,1.22005,1.2202,2.07,4.65
2014.04.21 04:52:38.074,1.22006,1.2202,1.94,4.65
2014.04.21 04:52:38.124,1.2201,1.2202,1.00,4.65
2014.04.21 04:52:38.428,1.2201,1.2202,1.57,3.83
2014.04.21 04:52:46.626,1.22011,1.2202,1.57,3.83
2014.04.21 04:52:47.117,1.22008,1.2202,1.57,3.83
2014.04.21 04:52:48.739,1.22007,1.2202,2.44,3.83
2014.04.21 04:52:55.462,1.22008,1.2202,1.32,3.83
2014.04.21 04:52:57.225,1.22006,1.2202,1.02,3.83
2014.04.21 04:52:59.431,1.22007,1.2202,1.57,3.83
2014.04.21 04:53:04.886,1.22008,1.2202,1.32,3.83
2014.04.21 04:53:08.184,1.22006,1.2202,1.02,3.83
2014.04.21 04:53:09.053,1.22008,1.2202,1.32,3.83
2014.04.21 04:53:09.357,1.22006,1.2202,1.77,3.83
2014.04.21 04:53:09.408,1.22006,1.2202,2.04,3.90
2014.04.21 04:53:09.922,1.22006,1.2202,2.07,3.90
2014.04.21 04:53:14.484,1.22006,1.2202,1.25,4.09
2014.04.21 04:53:14.998,1.22005,1.2202,2.07,5.22
2014.04.21 04:53:17.314,1.22005,1.2202,1.32,5.40
2014.04.21 04:53:17.622,1.22006,1.2202,1.57,5.59
2014.04.21 04:53:20.625,1.22006,1.22019,1.25,1.47
2014.04.21 04:53:20.777,1.22005,1.22015,1.32,3.83
2014.04.21 04:53:21.233,1.22005,1.22015,1.00,4.09
2014.04.21 04:53:22.028,1.22001,1.22015,1.38,4.09
2014.04.21 04:53:32.724,1.22001,1.22015,1.38,3.90
2014.04.21 04:53:33.230,1.22001,1.22015,1.57,1.15
2014.04.21 04:53:33.736,1.22005,1.22017,1.13,1.15
2014.04.21 04:54:33.356,1.22005,1.22018,1.13,1.00
2014.04.21 04:54:34.780,1.22005,1.22018,1.13,1.15
2014.04.21 04:54:54.758,1.22005,1.22015,1.13,1.18
2014.04.21 04:55:15.785,1.22003,1.22015,1.38,3.90
2014.04.21 04:55:36.701,1.22003,1.22015,1.38,3.90
2014.04.21 04:56:02.862,1.22003,1.22018,1.38,1.84
2014.04.21 04:57:00.521,1.22003,1.22019,1.39,1.40
2014.04.21 04:57:01.060,1.22003,1.22019,1.39,1.40
2014.04.21 04:57:20.755,1.22003,1.2202,1.38,4.84
2014.04.21 04:57:43.757,1.22003,1.22019,1.48,1.34
2014.04.21 04:57:47.068,1.22003,1.22017,1.48,1.29
2014.04.21 04:57:51.204,1.22003,1.22018,1.48,1.37
2014.04.21 04:57:52.164,1.22003,1.22018,1.48,1.37
2014.04.21 04:57:53.599,1.22003,1.22019,1.48,1.84
2014.04.21 04:58:01.209,1.22003,1.22018,1.48,1.37
2014.04.21 04:58:05.043,1.22003,1.22018,1.48,1.37
2014.04.21 04:58:10.262,1.22003,1.22018,1.48,1.37
2014.04.21 04:58:14.580,1.22003,1.22019,1.48,1.34
2014.04.21 04:58:22.141,1.22003,1.2202,2.14,5.59
2014.04.21 04:58:22.646,1.22005,1.2202,1.38,4.84
2014.04.21 04:58:40.719,1.22005,1.2202,1.38,4.69
2014.04.21 04:58:46.681,1.22005,1.2202,1.38,4.69
2014.04.21 04:58:49.669,1.22005,1.2202,1.38,4.69
2014.04.21 04:58:57.969,1.22005,1.2202,1.48,4.84
2014.04.21 04:58:58.485,1.22004,1.22019,1.47,1.29
2014.04.21 04:59:02.992,1.22004,1.2202,1.47,5.59
2014.04.21 04:59:03.704,1.22004,1.22019,1.55,1.29
2014.04.21 04:59:05.304,1.22004,1.22019,1.55,1.29
2014.04.21 04:59:07.420,1.22004,1.22019,1.55,1.29
2014.04.21 04:59:09.319,1.22004,1.2202,1.55,5.59
2014.04.21 04:59:11.367,1.22004,1.22019,1.55,1.29
2014.04.21 04:59:14.370,1.22004,1.2202,1.55,5.59
2014.04.21 04:59:18.737,1.22004,1.2202,1.48,4.09
2014.04.21 04:59:38.764,1.22003,1.2202,1.48,5.59
2014.04.21 04:59:45.376,1.22003,1.22018,1.20,1.37
2014.04.21 04:59:46.523,1.22002,1.22018,1.55,1.37
2014.04.21 04:59:47.551,1.22002,1.22018,1.55,1.37
2014.04.21 04:59:56.593,1.22002,1.22017,1.55,1.29
2014.04.21 04:59:57.772,1.22002,1.22016,1.47,1.19
