2017.08.11 17:00:00.206,1.13697,1.13705,1.00,1.31
2017.08.11 17:00:00.621,1.13698,1.13707,1.00,1.35
2017.08.11 17:00:01.085,1.13701,1.13709,1.00,1.37
2017.08.11 17:00:01.239,1.13703,1.13712,1.00,2.85
2017.08.11 17:00:01.756,1.13702,1.13712,1.00,3.60
2017.08.11 17:00:02.159,1.13701,1.13711,1.87,1.88
2017.08.11 17:00:02.487,1.13698,1.13707,1.87,1.99
2017.08.11 17:00:03.025,1.13698,1.13707,1.00,2.74
2017.08.11 17:00:03.548,1.13699,1.13707,1.00,2.74
2017.08.11 17:00:04.080,1.13698,1.13707,1.00,2.74
2017.08.11 17:00:06.413,1.13701,1.1371,1.50,1.87
2017.08.11 17:00:06.567,1.13701,1.13712,2.25,2.10
2017.08.11 17:00:07.177,1.13702,1.13712,1.12,1.72
2017.08.11 17:00:07.691,1.13702,1.13712,1.12,1.72
2017.08.11 17:00:09.375,1.13702,1.13712,1.12,1.50
2017.08.11 17:00:10.346,1.13702,1.13712,1.12,1.50
2017.08.11 17:00:12.571,1.13703,1.13712,1.00,1.50
2017.08.11 17:00:18.239,1.13704,1.13714,1.00,2.47
2017.08.11 17:00:18.598,1.13705,1.13715,1.12,1.37
2017.08.11 17:00:19.113,1.13704,1.13714,1.12,1.72
2017.08.11 17:00:20.087,1.13704,1.13714,1.00,2.10
2017.08.11 17:00:31.789,1.13705,1.13715,1.00,3.22
2017.08.11 17:00:32.806,1.13705,1.13715,1.00,2.10
2017.08.11 17:00:33.795,1.13705,1.13714,1.00,1.37
2017.08.11 17:00:39.796,1.13705,1.13715,1.00,2.10
2017.08.11 17:00:41.806,1.13705,1.13715,1.00,2.47
2017.08.11 17:00:42.472,1.13706,1.13715,1.12,1.35
2017.08.11 17:00:42.523,1.13709,1.13715,1.00,1.00
2017.08.11 17:00:42.831,1.13713,1.13724,1.00,2.62
2017.08.11 17:00:43.036,1.13712,1.13722,1.00,1.50
2017.08.11 17:00:43.504,1.13715,1.13724,1.50,1.75
2017.08.11 17:00:43.707,1.13717,1.13724,1.00,1.12
2017.08.11 17:00:43.810,1.13718,1.13726,1.00,1.00
2017.08.11 17:00:44.324,1.13716,1.13725,1.50,1.00
2017.08.11 17:00:44.427,1.13718,1.13726,1.00,1.12
2017.08.11 17:00:44.606,1.13716,1.13725,1.12,1.00
2017.08.11 17:00:45.124,1.13717,1.13728,1.00,1.87
2017.08.11 17:00:45.330,1.13718,1.13728,1.00,1.00
2017.08.11 17:00:45.678,1.13715,1.13727,2.62,1.72
2017.08.11 17:00:45.832,1.13715,1.13726,1.12,1.37
2017.08.11 17:00:48.455,1.13715,1.13726,1.00,1.87
2017.08.11 17:00:48.969,1.13716,1.13726,1.00,1.75
2017.08.11 17:00:49.489,1.13716,1.13727,1.00,2.47
2017.08.11 17:00:50.529,1.13716,1.13727,1.00,1.72
2017.08.11 17:00:52.362,1.13717,1.13727,1.00,1.37
2017.08.11 17:00:52.413,1.1372,1.1373,1.00,2.62
2017.08.11 17:00:52.633,1.13722,1.13733,1.00,1.37
2017.08.11 17:00:53.135,1.13723,1.13734,1.00,2.47
2017.08.11 17:00:54.160,1.13722,1.13734,1.00,2.62
2017.08.11 17:00:58.107,1.13723,1.13735,1.00,2.85
2017.08.11 17:00:58.619,1.13724,1.13735,1.00,2.14
2017.08.11 17:00:58.924,1.13724,1.13735,1.00,2.10
2017.08.11 17:01:01.769,1.13721,1.13734,1.87,2.85
2017.08.11 17:01:02.070,1.13718,1.13731,1.50,3.60
2017.08.11 17:01:03.987,1.13716,1.13728,1.87,1.72
2017.08.11 17:01:04.089,1.13716,1.13728,1.12,2.47
2017.08.11 17:01:04.605,1.13717,1.13728,1.12,2.47
2017.08.11 17:01:09.498,1.13716,1.13728,1.00,3.22
2017.08.11 17:01:10.061,1.13715,1.13727,1.12,1.67
2017.08.11 17:01:12.008,1.13716,1.13727,1.00,1.91
2017.08.11 17:01:12.586,1.13717,1.13727,1.00,1.00
2017.08.11 17:01:13.133,1.13716,1.13727,1.12,1.12
2017.08.11 17:01:13.674,1.13716,1.13728,2.44,2.44
2017.08.11 17:01:15.300,1.13718,1.13729,1.50,1.12
2017.08.11 17:01:15.834,1.13718,1.1373,3.38,1.69
2017.08.11 17:01:16.384,1.1372,1.1373,1.00,1.50
2017.08.11 17:01:27.619,1.1372,1.1373,1.50,1.00
2017.08.11 17:01:30.811,1.13719,1.13729,1.50,1.60
2017.08.11 17:01:30.913,1.13718,1.13728,1.69,1.35
2017.08.11 17:01:32.006,1.13718,1.13729,1.12,3.23
2017.08.11 17:01:39.315,1.13719,1.1373,1.00,1.91
2017.08.11 17:01:39.722,1.13721,1.13732,1.00,2.81
2017.08.11 17:01:39.824,1.13722,1.13734,1.87,2.44
2017.08.11 17:01:40.359,1.13723,1.13734,1.12,1.13
2017.08.11 17:01:40.718,1.13723,1.13734,1.12,1.00
2017.08.11 17:01:41.184,1.13722,1.13735,1.12,6.60
2017.08.11 17:01:41.236,1.13722,1.13732,1.50,1.25
2017.08.11 17:01:41.741,1.13721,1.13733,3.00,1.50
2017.08.11 17:01:42.286,1.13721,1.13733,2.62,1.50
2017.08.11 17:01:42.800,1.13722,1.13733,1.12,1.44
2017.08.11 17:01:44.131,1.13721,1.13733,2.25,1.72
2017.08.11 17:01:44.489,1.13723,1.13734,1.12,1.25
2017.08.11 17:01:44.827,1.13724,1.13734,1.37,1.00
2017.08.11 17:01:44.931,1.13722,1.13734,3.60,1.13
2017.08.11 17:01:45.653,1.13722,1.13734,3.22,1.69
2017.08.11 17:01:46.165,1.13724,1.13736,1.50,1.88
2017.08.11 17:01:46.921,1.13724,1.13735,1.50,1.00
2017.08.11 17:01:50.397,1.13726,1.13738,1.00,4.87
2017.08.11 17:01:50.907,1.13726,1.13738,1.50,1.44
2017.08.11 17:01:51.488,1.13726,1.13738,1.50,1.25
2017.08.11 17:01:51.623,1.13725,1.13738,2.85,1.56
2017.08.11 17:01:54.082,1.13726,1.13738,1.50,1.30
2017.08.11 17:01:54.134,1.13726,1.13738,1.50,1.35
2017.08.11 17:01:54.404,1.13726,1.13738,1.50,1.30
2017.08.11 17:01:54.456,1.13726,1.13738,1.50,1.54
2017.08.11 17:01:55.119,1.13725,1.13738,1.87,1.49
2017.08.11 17:01:55.778,1.13727,1.13739,1.50,2.85
2017.08.11 17:01:56.311,1.13727,1.13739,1.50,2.85
2017.08.11 17:01:57.279,1.13727,1.13739,1.50,2.85
2017.08.11 17:01:58.304,1.13727,1.13739,1.50,2.29
2017.08.11 17:02:01.591,1.13725,1.13737,2.25,3.23
2017.08.11 17:02:02.190,1.13724,1.13736,1.87,1.32
2017.08.11 17:02:02.356,1.13724,1.13736,1.87,1.88
2017.08.11 17:02:02.889,1.13724,1.13735,1.00,1.31
2017.08.11 17:02:05.349,1.13724,1.13736,1.12,1.88
2017.08.11 17:02:05.857,1.13724,1.13736,1.50,1.51
2017.08.11 17:02:06.166,1.13724,1.13735,1.75,1.19
2017.08.11 17:02:06.217,1.13724,1.13737,1.75,2.48
2017.08.11 17:02:09.929,1.13728,1.13738,1.72,1.69
2017.08.11 17:02:10.237,1.1373,1.13742,1.12,3.56
2017.08.11 17:02:10.491,1.13729,1.1374,1.12,1.50
2017.08.11 17:02:10.798,1.13726,1.13737,1.12,1.50
2017.08.11 17:02:11.320,1.13724,1.13737,1.50,5.66
2017.08.11 17:02:12.169,1.13724,1.13735,1.37,1.00
2017.08.11 17:02:12.833,1.13724,1.13735,1.00,1.00
2017.08.11 17:02:14.458,1.13725,1.13738,2.25,2.47
2017.08.11 17:02:14.613,1.13726,1.13738,1.12,2.63
2017.08.11 17:02:19.258,1.13726,1.13739,1.60,2.25
2017.08.11 17:02:19.789,1.13727,1.13739,1.35,1.88
2017.08.11 17:02:28.132,1.13728,1.13739,1.16,1.50
2017.08.11 17:02:28.286,1.13726,1.13738,1.37,2.25
2017.08.11 17:02:28.507,1.13725,1.13737,1.00,1.88
2017.08.11 17:02:31.174,1.13723,1.13735,3.04,1.00
2017.08.11 17:02:37.143,1.13724,1.13736,2.06,1.12
2017.08.11 17:02:38.305,1.13724,1.13736,1.16,2.25
2017.08.11 17:02:42.233,1.13722,1.13731,1.87,2.25
2017.08.11 17:02:42.337,1.13717,1.1373,3.75,1.50
2017.08.11 17:02:42.549,1.13717,1.13729,1.87,1.88
2017.08.11 17:02:43.831,1.13719,1.13731,1.67,1.12
2017.08.11 17:02:44.137,1.1372,1.13733,2.48,1.00
2017.08.11 17:02:46.830,1.13721,1.13734,3.00,2.06
2017.08.11 17:02:47.196,1.13721,1.13735,2.00,3.41
2017.08.11 17:02:47.401,1.13724,1.13736,1.50,1.38
2017.08.11 17:02:47.759,1.13725,1.13736,1.44,1.37
2017.08.11 17:02:48.308,1.13725,1.13738,1.69,4.73
2017.08.11 17:02:48.616,1.13727,1.13737,1.00,1.38
2017.08.11 17:02:48.936,1.13728,1.13739,1.00,1.37
2017.08.11 17:02:49.141,1.13729,1.13742,1.50,1.87
2017.08.11 17:02:49.346,1.13729,1.13743,3.75,2.62
2017.08.11 17:02:49.679,1.13728,1.13742,3.97,1.37
2017.08.11 17:02:50.237,1.1373,1.13742,1.50,1.12
2017.08.11 17:02:50.751,1.13731,1.13743,1.12,1.12
2017.08.11 17:02:51.319,1.13732,1.13743,1.12,1.38
2017.08.11 17:02:51.858,1.13732,1.13743,1.12,1.13
2017.08.11 17:02:52.399,1.13733,1.13744,1.00,1.62
2017.08.11 17:02:52.552,1.13733,1.13745,1.50,1.13
2017.08.11 17:02:56.183,1.13733,1.13745,1.50,3.38
2017.08.11 17:02:56.286,1.13732,1.13743,1.31,1.00
2017.08.11 17:02:56.497,1.13731,1.13743,1.81,2.25
2017.08.11 17:02:56.804,1.13731,1.13735,1.00,1.00
2017.08.11 17:02:56.855,1.13725,1.13735,1.75,1.00
2017.08.11 17:02:56.907,1.13724,1.13735,1.87,1.00
2017.08.11 17:02:57.882,1.13725,1.13735,1.00,1.00
2017.08.11 17:02:58.241,1.13723,1.13735,1.12,1.75
2017.08.11 17:02:58.497,1.13724,1.13735,1.50,1.37
2017.08.11 17:02:59.058,1.13724,1.13736,1.87,1.50
2017.08.11 17:03:00.809,1.13725,1.13737,2.63,1.50
2017.08.11 17:03:01.324,1.13727,1.13739,1.00,2.06
2017.08.11 17:03:01.842,1.13726,1.13737,1.12,1.25
2017.08.11 17:03:02.200,1.13727,1.13737,1.87,1.00
2017.08.11 17:03:02.521,1.13734,1.13743,1.00,2.62
2017.08.11 17:03:02.574,1.13734,1.13745,1.12,1.31
2017.08.11 17:03:02.830,1.13736,1.13746,1.00,1.50
2017.08.11 17:03:03.139,1.13738,1.13748,1.00,1.88
2017.08.11 17:03:03.243,1.13735,1.13748,1.87,1.87
2017.08.11 17:03:03.345,1.13735,1.13747,1.50,1.37
2017.08.11 17:03:03.655,1.13742,1.13751,1.00,4.31
2017.08.11 17:03:04.035,1.13743,1.13751,2.25,2.06
2017.08.11 17:03:04.119,1.13745,1.13757,1.00,1.75
2017.08.11 17:03:04.172,1.13749,1.13759,1.00,1.88
2017.08.11 17:03:04.507,1.13763,1.13767,1.37,1.77
2017.08.11 17:03:04.674,1.13763,1.13772,1.00,2.55
2017.08.11 17:03:04.778,1.13767,1.13773,1.00,1.50
2017.08.11 17:03:05.141,1.13795,1.13801,1.50,1.05
2017.08.11 17:03:05.192,1.13797,1.13808,1.37,2.25
2017.08.11 17:03:05.251,1.13803,1.13809,1.37,1.87
2017.08.11 17:03:05.443,1.13799,1.13808,1.37,1.37
2017.08.11 17:03:05.494,1.13804,1.13813,1.37,1.87
2017.08.11 17:03:05.597,1.13807,1.13817,1.37,1.87
2017.08.11 17:03:05.771,1.13808,1.13815,1.00,1.37
2017.08.11 17:03:05.832,1.13803,1.13813,1.37,1.75
2017.08.11 17:03:05.888,1.13801,1.13813,1.37,3.37
2017.08.11 17:03:05.991,1.13809,1.13815,1.37,1.50
2017.08.11 17:03:06.093,1.13816,1.13821,1.37,1.87
2017.08.11 17:03:06.246,1.1382,1.13825,1.37,1.00
2017.08.11 17:03:06.302,1.13825,1.13832,1.37,1.00
2017.08.11 17:03:06.355,1.13819,1.1383,1.50,1.50
2017.08.11 17:03:06.407,1.13818,1.13826,1.37,1.25
2017.08.11 17:03:06.458,1.13815,1.13826,1.50,1.25
2017.08.11 17:03:06.509,1.13817,1.13826,1.50,1.25
2017.08.11 17:03:06.844,1.13811,1.13819,1.12,1.50
2017.08.11 17:03:06.999,1.13809,1.13821,1.37,2.25
2017.08.11 17:03:07.102,1.13814,1.13823,1.37,1.00
2017.08.11 17:03:07.153,1.13812,1.13824,1.37,1.00
2017.08.11 17:03:07.204,1.13811,1.13822,1.37,1.00
2017.08.11 17:03:07.492,1.13812,1.13825,1.37,1.00
2017.08.11 17:03:07.594,1.13811,1.13822,1.12,1.00
2017.08.11 17:03:07.888,1.13807,1.13818,2.62,1.00
2017.08.11 17:03:08.232,1.13808,1.1382,1.12,1.00
2017.08.11 17:03:08.488,1.13808,1.13819,1.50,1.00
2017.08.11 17:03:08.540,1.13809,1.1382,2.62,1.00
2017.08.11 17:03:08.795,1.13806,1.13817,1.00,1.00
2017.08.11 17:03:08.993,1.13805,1.13814,1.00,1.00
2017.08.11 17:03:09.357,1.13804,1.13816,1.00,1.12
2017.08.11 17:03:09.861,1.13804,1.13816,1.50,1.12
2017.08.11 17:03:10.269,1.13804,1.13814,1.37,1.00
2017.08.11 17:03:10.423,1.13801,1.13812,1.37,1.00
2017.08.11 17:03:10.618,1.138,1.13812,1.00,1.12
2017.08.11 17:03:10.674,1.13795,1.13804,1.75,1.00
2017.08.11 17:03:10.726,1.13795,1.13804,1.00,1.12
2017.08.11 17:03:10.778,1.13792,1.13804,1.00,1.50
2017.08.11 17:03:10.931,1.13792,1.138,1.87,1.00
2017.08.11 17:03:10.983,1.1379,1.13802,1.37,1.12
2017.08.11 17:03:11.087,1.1379,1.13801,1.00,1.50
2017.08.11 17:03:11.190,1.13787,1.138,3.00,2.25
2017.08.11 17:03:11.392,1.13797,1.13803,1.00,1.12
2017.08.11 17:03:11.599,1.13798,1.13809,1.37,3.00
2017.08.11 17:03:11.857,1.13796,1.13807,1.87,1.75
2017.08.11 17:03:12.252,1.138,1.1381,1.50,4.12
2017.08.11 17:03:12.617,1.138,1.1381,1.87,1.75
2017.08.11 17:03:12.862,1.13805,1.13812,1.37,2.62
2017.08.11 17:03:12.913,1.13806,1.13817,1.37,3.37
2017.08.11 17:03:13.118,1.13807,1.13818,1.37,1.75
2017.08.11 17:03:13.170,1.13806,1.13811,1.37,1.00
2017.08.11 17:03:13.221,1.13806,1.13818,1.37,1.75
2017.08.11 17:03:13.427,1.13802,1.13813,1.37,1.00
2017.08.11 17:03:13.530,1.138,1.13811,1.50,1.50
2017.08.11 17:03:13.858,1.13791,1.13803,1.87,1.75
2017.08.11 17:03:14.371,1.13793,1.13801,3.00,1.50
2017.08.11 17:03:14.424,1.13794,1.13804,1.87,1.75
2017.08.11 17:03:14.581,1.13795,1.13805,1.37,1.75
2017.08.11 17:03:14.636,1.13795,1.13807,1.37,3.00
2017.08.11 17:03:14.842,1.13794,1.13805,1.87,1.75
2017.08.11 17:03:15.151,1.13791,1.13802,1.87,1.75
2017.08.11 17:03:15.203,1.13792,1.13803,2.62,1.75
2017.08.11 17:03:15.539,1.13794,1.13805,1.50,2.25
2017.08.11 17:03:15.590,1.13792,1.13802,1.37,1.00
2017.08.11 17:03:16.148,1.13794,1.13804,1.00,1.50
2017.08.11 17:03:16.418,1.13802,1.13813,1.37,1.00
2017.08.11 17:03:16.520,1.138,1.13812,2.62,1.75
2017.08.11 17:03:16.879,1.13798,1.1381,3.75,1.50
2017.08.11 17:03:17.391,1.138,1.13811,1.50,1.75
2017.08.11 17:03:17.775,1.13802,1.13811,1.37,1.75
2017.08.11 17:03:18.035,1.1381,1.13822,2.44,1.75
2017.08.11 17:03:18.190,1.13815,1.13824,1.00,1.75
2017.08.11 17:03:18.346,1.13814,1.13825,1.50,1.00
2017.08.11 17:03:18.848,1.13816,1.13828,3.37,1.87
2017.08.11 17:03:19.207,1.13818,1.13831,1.87,3.37
2017.08.11 17:03:19.309,1.13819,1.13831,1.63,1.75
2017.08.11 17:03:19.837,1.1382,1.13832,1.12,2.44
2017.08.11 17:03:20.569,1.13818,1.1383,1.63,1.12
2017.08.11 17:03:20.828,1.13819,1.13832,1.69,2.25
2017.08.11 17:03:20.932,1.13817,1.13828,1.50,1.87
2017.08.11 17:03:21.087,1.13812,1.13825,1.69,2.62
2017.08.11 17:03:21.139,1.13812,1.13824,1.00,1.12
2017.08.11 17:03:21.337,1.13809,1.13822,1.25,2.62
2017.08.11 17:03:21.592,1.1381,1.13822,1.50,1.37
2017.08.11 17:03:22.104,1.13811,1.13824,1.00,2.25
2017.08.11 17:03:22.617,1.13809,1.13822,1.50,1.37
2017.08.11 17:03:23.166,1.13808,1.13821,2.25,2.25
2017.08.11 17:03:23.473,1.13808,1.13819,1.50,1.87
2017.08.11 17:03:23.779,1.13806,1.13817,1.50,1.50
2017.08.11 17:03:24.448,1.13806,1.13816,1.50,1.50
2017.08.11 17:03:24.712,1.13804,1.13816,2.62,1.50
2017.08.11 17:03:24.892,1.13801,1.13814,1.75,1.87
2017.08.11 17:03:24.945,1.13799,1.13812,3.37,2.25
2017.08.11 17:03:25.048,1.13799,1.13811,2.25,1.50
2017.08.11 17:03:25.357,1.13795,1.13807,2.62,1.50
2017.08.11 17:03:25.702,1.13789,1.13801,1.87,1.50
2017.08.11 17:03:26.113,1.13791,1.13804,1.60,3.75
2017.08.11 17:03:26.165,1.13793,1.13805,1.35,3.00
2017.08.11 17:03:26.365,1.13794,1.13809,2.10,2.62
2017.08.11 17:03:26.468,1.13791,1.13805,4.35,1.50
2017.08.11 17:03:26.830,1.13795,1.13807,1.88,1.75
2017.08.11 17:03:27.142,1.13794,1.13806,1.69,1.75
2017.08.11 17:03:27.194,1.13793,1.13804,1.50,1.50
2017.08.11 17:03:27.655,1.13793,1.13808,4.54,3.37
2017.08.11 17:03:27.861,1.13795,1.13808,3.38,1.37
2017.08.11 17:03:28.063,1.13793,1.13804,2.06,1.12
2017.08.11 17:03:28.371,1.13796,1.13805,1.00,1.37
2017.08.11 17:03:28.422,1.13794,1.13807,1.00,2.25
2017.08.11 17:03:28.526,1.13793,1.13802,1.37,2.25
2017.08.11 17:03:28.629,1.13788,1.138,1.12,1.50
2017.08.11 17:03:29.013,1.13784,1.13794,1.87,1.00
2017.08.11 17:03:29.065,1.13783,1.13792,1.87,1.00
2017.08.11 17:03:29.118,1.1378,1.13789,2.25,1.00
2017.08.11 17:03:29.170,1.13778,1.13788,2.25,1.00
2017.08.11 17:03:29.223,1.13783,1.13789,1.00,1.12
2017.08.11 17:03:29.382,1.13783,1.13793,1.00,1.75
2017.08.11 17:03:29.435,1.13785,1.13797,1.31,2.81
2017.08.11 17:03:29.622,1.13784,1.13797,3.37,2.81
2017.08.11 17:03:29.725,1.13784,1.13797,3.56,1.37
2017.08.11 17:03:30.036,1.13791,1.13804,2.85,1.87
2017.08.11 17:03:30.560,1.13791,1.13803,1.87,1.50
2017.08.11 17:03:30.714,1.13789,1.138,2.25,1.37
2017.08.11 17:03:30.766,1.13787,1.13799,2.62,1.37
2017.08.11 17:03:30.869,1.13784,1.13796,1.75,1.37
2017.08.11 17:03:30.972,1.13781,1.13793,2.25,1.50
2017.08.11 17:03:31.075,1.13781,1.13791,1.00,2.62
2017.08.11 17:03:31.386,1.13778,1.13789,2.06,1.75
2017.08.11 17:03:31.900,1.13778,1.1379,1.88,1.75
2017.08.11 17:03:32.744,1.1378,1.13791,1.00,2.25
2017.08.11 17:03:32.847,1.1378,1.13792,1.12,1.50
2017.08.11 17:03:33.153,1.13781,1.13794,2.25,2.25
2017.08.11 17:03:33.657,1.1378,1.13793,3.38,2.25
2017.08.11 17:03:34.375,1.1378,1.13792,1.25,1.50
2017.08.11 17:03:35.006,1.13784,1.13792,1.69,1.37
2017.08.11 17:03:35.109,1.13784,1.13796,2.25,1.87
2017.08.11 17:03:35.162,1.13784,1.13796,3.37,1.87
2017.08.11 17:03:36.212,1.13786,1.13797,1.00,3.00
2017.08.11 17:03:36.366,1.1379,1.138,2.06,1.50
2017.08.11 17:03:36.703,1.13792,1.13803,1.25,1.75
2017.08.11 17:03:36.857,1.13795,1.13805,1.87,1.00
2017.08.11 17:03:36.909,1.13793,1.13802,1.12,1.00
2017.08.11 17:03:37.064,1.13788,1.138,1.37,1.12
2017.08.11 17:03:37.168,1.13787,1.13798,1.00,1.00
2017.08.11 17:03:37.489,1.13785,1.13797,1.12,1.50
2017.08.11 17:03:37.541,1.13784,1.13797,2.06,1.12
2017.08.11 17:03:38.672,1.13786,1.13799,1.88,1.50
2017.08.11 17:03:38.980,1.13789,1.13801,2.25,1.87
2017.08.11 17:03:39.495,1.13789,1.13801,1.50,1.50
2017.08.11 17:03:39.973,1.13789,1.13802,1.87,1.12
2017.08.11 17:03:40.075,1.13789,1.13801,1.37,1.12
2017.08.11 17:03:40.432,1.13792,1.13806,2.10,4.50
2017.08.11 17:03:40.484,1.13793,1.13806,1.00,2.62
2017.08.11 17:03:40.588,1.13792,1.13806,3.41,1.50
2017.08.11 17:03:41.304,1.13792,1.13805,2.06,1.00
2017.08.11 17:03:41.614,1.13788,1.138,1.75,1.00
2017.08.11 17:03:41.666,1.13787,1.13799,2.25,1.00
2017.08.11 17:03:42.026,1.13791,1.138,2.25,1.00
2017.08.11 17:03:42.149,1.13788,1.138,1.50,1.50
2017.08.11 17:03:42.252,1.13787,1.13798,1.13,1.00
2017.08.11 17:03:42.764,1.13788,1.13799,1.69,1.00
2017.08.11 17:03:43.287,1.13788,1.138,1.88,1.12
2017.08.11 17:03:43.957,1.13787,1.13798,1.75,1.00
2017.08.11 17:03:44.114,1.13785,1.13797,1.75,1.00
2017.08.11 17:03:44.640,1.13786,1.13798,1.50,1.12
2017.08.11 17:03:45.151,1.13785,1.13797,1.75,1.00
2017.08.11 17:03:45.349,1.13783,1.13794,1.75,1.00
2017.08.11 17:03:45.401,1.13779,1.13793,2.25,1.12
2017.08.11 17:03:45.914,1.13779,1.13792,2.63,1.12
2017.08.11 17:03:46.609,1.13782,1.13794,1.13,1.12
2017.08.11 17:03:47.124,1.13782,1.13794,2.00,1.00
2017.08.11 17:03:48.522,1.13781,1.13793,1.75,1.00
2017.08.11 17:03:48.707,1.13779,1.13789,1.12,1.12
2017.08.11 17:03:48.811,1.13779,1.13791,2.44,3.56
2017.08.11 17:03:49.017,1.13779,1.1379,1.00,1.50
2017.08.11 17:03:49.536,1.13779,1.1379,1.12,1.12
2017.08.11 17:03:50.055,1.13779,1.13792,1.88,1.50
2017.08.11 17:03:50.464,1.13778,1.13788,1.88,1.00
2017.08.11 17:03:50.798,1.13777,1.13787,1.50,1.75
2017.08.11 17:03:51.690,1.13777,1.13787,1.50,1.75
2017.08.11 17:03:52.627,1.13774,1.13785,1.00,1.75
2017.08.11 17:03:52.798,1.13768,1.13777,3.37,1.00
2017.08.11 17:03:53.106,1.13767,1.13777,2.81,1.75
2017.08.11 17:03:53.567,1.13765,1.13776,1.00,1.37
2017.08.11 17:03:53.768,1.13764,1.13776,3.19,1.12
2017.08.11 17:03:53.820,1.13761,1.13773,1.00,2.62
2017.08.11 17:03:54.024,1.13761,1.13772,1.00,2.25
2017.08.11 17:03:54.533,1.13762,1.13772,1.13,1.75
2017.08.11 17:03:55.034,1.13757,1.1377,2.06,1.87
2017.08.11 17:03:55.187,1.13757,1.13768,3.94,1.00
2017.08.11 17:03:55.688,1.13757,1.13769,3.38,2.25
2017.08.11 17:03:55.944,1.13754,1.13767,4.50,1.37
2017.08.11 17:03:55.996,1.13757,1.1377,2.81,2.25
2017.08.11 17:03:56.510,1.13757,1.13769,1.25,2.25
2017.08.11 17:03:57.023,1.13757,1.13768,1.00,2.25
2017.08.11 17:03:57.904,1.13755,1.13768,1.31,2.25
2017.08.11 17:03:58.426,1.13754,1.13766,3.00,1.12
2017.08.11 17:03:58.765,1.1375,1.13762,1.87,1.50
2017.08.11 17:04:00.164,1.1375,1.13763,2.10,1.50
2017.08.11 17:04:00.525,1.1375,1.13764,5.28,1.00
2017.08.11 17:04:00.709,1.13751,1.13765,5.29,1.00
2017.08.11 17:04:01.017,1.13754,1.13768,1.12,1.57
2017.08.11 17:04:01.613,1.13754,1.13769,9.79,1.75
2017.08.11 17:04:01.730,1.13756,1.13769,3.37,1.12
2017.08.11 17:04:01.781,1.13755,1.13767,1.80,1.12
2017.08.11 17:04:02.036,1.13755,1.13767,1.16,1.50
2017.08.11 17:04:02.728,1.13755,1.13767,4.16,1.00
2017.08.11 17:04:03.706,1.13755,1.13767,3.41,1.00
2017.08.11 17:04:04.927,1.13756,1.13769,1.24,2.62
2017.08.11 17:04:05.235,1.13751,1.13762,2.25,1.00
2017.08.11 17:04:05.441,1.13747,1.13758,3.00,1.50
2017.08.11 17:04:05.544,1.13747,1.13758,2.25,2.25
2017.08.11 17:04:05.945,1.13743,1.13756,2.25,1.12
2017.08.11 17:04:07.622,1.13742,1.13755,1.50,1.12
2017.08.11 17:04:08.156,1.13742,1.13755,3.75,1.50
2017.08.11 17:04:08.671,1.1374,1.13753,6.00,1.00
2017.08.11 17:04:09.181,1.13741,1.13754,1.00,1.50
2017.08.11 17:04:09.335,1.13742,1.13754,1.19,1.50
2017.08.11 17:04:09.845,1.13742,1.13753,2.25,1.12
2017.08.11 17:04:10.130,1.13744,1.13758,1.12,2.25
2017.08.11 17:04:10.334,1.13744,1.13758,6.79,1.50
2017.08.11 17:04:11.130,1.13755,1.13763,4.35,2.62
2017.08.11 17:04:11.234,1.13756,1.13764,1.37,1.00
2017.08.11 17:04:11.390,1.13754,1.13766,1.35,1.00
2017.08.11 17:04:11.945,1.13753,1.13766,4.50,1.00
2017.08.11 17:04:14.407,1.13756,1.13769,1.72,1.75
2017.08.11 17:04:14.459,1.13758,1.13771,3.60,1.12
2017.08.11 17:04:16.386,1.13762,1.13774,1.35,1.75
2017.08.11 17:04:16.540,1.13767,1.13777,1.00,1.12
2017.08.11 17:04:17.054,1.13767,1.1378,2.47,1.75
2017.08.11 17:04:17.157,1.13769,1.1378,3.00,1.00
2017.08.11 17:04:17.672,1.13768,1.13781,3.60,1.12
2017.08.11 17:04:18.671,1.13769,1.13783,2.05,1.50
2017.08.11 17:04:18.978,1.1377,1.13783,1.35,1.00
2017.08.11 17:04:19.298,1.13769,1.13781,2.10,1.00
2017.08.11 17:04:22.097,1.13772,1.13785,1.12,2.25
2017.08.11 17:04:22.149,1.13772,1.13781,1.87,1.00
2017.08.11 17:04:22.459,1.13759,1.13768,1.87,1.00
2017.08.11 17:04:22.817,1.1376,1.13772,1.37,3.37
2017.08.11 17:04:22.868,1.13761,1.13772,1.12,1.00
2017.08.11 17:04:23.407,1.13761,1.13773,3.37,1.00
2017.08.11 17:04:23.868,1.13765,1.13778,1.12,1.75
2017.08.11 17:04:23.971,1.13764,1.13778,6.79,1.12
2017.08.11 17:04:24.371,1.13766,1.13779,1.00,1.75
2017.08.11 17:04:24.473,1.13766,1.13779,1.75,1.12
2017.08.11 17:04:28.889,1.13767,1.13781,4.50,1.12
2017.08.11 17:04:31.555,1.13767,1.13781,5.10,3.00
2017.08.11 17:04:36.771,1.13767,1.1378,5.85,1.00
2017.08.11 17:04:36.874,1.13771,1.13782,1.30,1.12
2017.08.11 17:04:37.083,1.13772,1.13784,1.12,1.00
2017.08.11 17:04:38.025,1.13772,1.13785,3.56,1.12
2017.08.11 17:04:38.570,1.13773,1.13784,1.67,1.00
2017.08.11 17:04:40.658,1.13773,1.13785,1.67,1.12
2017.08.11 17:04:41.923,1.13773,1.13786,3.41,1.00
2017.08.11 17:04:43.049,1.13775,1.13787,1.72,1.12
2017.08.11 17:04:43.623,1.13774,1.13787,2.29,1.00
2017.08.11 17:04:44.944,1.13774,1.13782,1.12,1.00
2017.08.11 17:04:44.995,1.1377,1.13782,1.69,2.32
2017.08.11 17:04:45.534,1.13768,1.1378,1.87,1.00
2017.08.11 17:04:47.024,1.13768,1.13779,1.12,1.00
2017.08.11 17:04:47.228,1.13767,1.13778,1.87,1.12
2017.08.11 17:04:47.775,1.13764,1.13777,3.75,1.00
2017.08.11 17:04:48.896,1.13766,1.13778,1.50,1.12
2017.08.11 17:04:49.209,1.13765,1.13776,3.75,1.00
2017.08.11 17:04:49.620,1.13763,1.13775,1.50,1.12
2017.08.11 17:04:50.086,1.13764,1.13776,1.35,1.00
2017.08.11 17:04:51.925,1.13763,1.13774,1.12,1.00
2017.08.11 17:04:52.705,1.13763,1.13774,1.37,1.00
2017.08.11 17:04:53.850,1.13762,1.13773,1.12,1.00
2017.08.11 17:04:54.004,1.13759,1.13771,1.50,1.12
2017.08.11 17:04:54.530,1.13758,1.13771,1.37,1.50
2017.08.11 17:04:58.510,1.13757,1.1377,3.79,2.62
2017.08.11 17:04:59.609,1.13756,1.13768,1.12,1.37
2017.08.11 17:05:00.530,1.13757,1.13768,1.31,1.00
2017.08.11 17:05:00.738,1.13756,1.13769,2.25,2.25
2017.08.11 17:05:01.310,1.13755,1.13767,1.87,1.50
2017.08.11 17:05:01.413,1.13756,1.13769,2.47,2.62
2017.08.11 17:05:01.714,1.1376,1.13772,2.47,1.75
2017.08.11 17:05:01.869,1.13758,1.13771,4.35,2.25
2017.08.11 17:05:02.373,1.13758,1.13771,3.97,2.25
2017.08.11 17:05:02.629,1.13754,1.13767,2.25,1.50
2017.08.11 17:05:04.033,1.13756,1.13768,1.50,2.62
2017.08.11 17:05:04.342,1.13756,1.13768,1.72,1.87
2017.08.11 17:05:04.464,1.13756,1.13768,1.35,1.87
2017.08.11 17:05:05.203,1.13755,1.13768,1.00,2.62
2017.08.11 17:05:07.222,1.13754,1.13768,2.62,2.62
2017.08.11 17:05:08.186,1.13755,1.13767,1.00,1.37
2017.08.11 17:05:09.177,1.13755,1.13765,1.00,1.00
2017.08.11 17:05:09.331,1.13751,1.13763,3.00,1.12
2017.08.11 17:05:10.542,1.13748,1.13761,1.75,1.00
2017.08.11 17:05:10.746,1.13746,1.1376,2.62,2.25
2017.08.11 17:05:11.231,1.13748,1.13761,3.97,1.50
2017.08.11 17:05:11.741,1.13748,1.13761,2.85,1.87
2017.08.11 17:05:12.244,1.13748,1.13762,3.04,1.87
2017.08.11 17:05:12.754,1.13749,1.13762,1.80,1.50
2017.08.11 17:05:15.091,1.13749,1.13761,2.25,1.00
2017.08.11 17:05:15.899,1.13748,1.1376,2.00,1.00
2017.08.11 17:05:16.362,1.13747,1.13759,1.35,1.00
2017.08.11 17:05:16.465,1.13747,1.13759,1.30,1.50
2017.08.11 17:05:17.055,1.1375,1.13759,1.50,1.37
2017.08.11 17:05:17.261,1.13751,1.13763,1.87,2.25
2017.08.11 17:05:17.811,1.13751,1.13763,1.50,2.25
2017.08.11 17:05:23.112,1.13753,1.13763,1.50,1.12
2017.08.11 17:05:23.164,1.13753,1.13764,1.50,1.50
2017.08.11 17:05:23.716,1.13753,1.13766,1.87,1.75
2017.08.11 17:05:24.549,1.13754,1.13766,1.50,2.25
2017.08.11 17:05:25.081,1.13752,1.13766,3.04,2.25
2017.08.11 17:05:25.746,1.13753,1.13766,3.97,2.62
2017.08.11 17:05:26.584,1.13756,1.13767,1.12,2.25
2017.08.11 17:05:26.687,1.13756,1.13768,3.41,1.87
2017.08.11 17:05:27.322,1.13756,1.13768,3.22,1.87
2017.08.11 17:05:27.981,1.13756,1.13769,3.97,2.62
2017.08.11 17:05:28.668,1.13757,1.13769,2.29,3.37
2017.08.11 17:05:31.983,1.13756,1.13768,2.66,1.75
2017.08.11 17:05:34.232,1.13755,1.13767,3.56,1.37
2017.08.11 17:05:36.846,1.13756,1.13768,2.29,1.75
2017.08.11 17:05:37.246,1.13758,1.13769,1.00,3.75
2017.08.11 17:05:37.758,1.13757,1.13769,1.69,3.94
2017.08.11 17:05:42.355,1.13758,1.13769,1.25,3.94
2017.08.11 17:05:42.952,1.13757,1.13768,1.69,1.38
2017.08.11 17:05:45.611,1.13756,1.13766,1.87,1.31
2017.08.11 17:05:45.917,1.1375,1.13763,3.79,1.37
2017.08.11 17:05:46.532,1.13752,1.13763,1.25,1.37
2017.08.11 17:05:46.583,1.13753,1.13763,1.44,1.00
2017.08.11 17:05:47.104,1.13754,1.13765,1.69,1.37
2017.08.11 17:05:57.317,1.13755,1.13766,1.19,1.12
2017.08.11 17:05:57.520,1.13756,1.13767,2.29,1.50
2017.08.11 17:06:01.423,1.13754,1.13767,2.25,2.25
2017.08.11 17:06:01.525,1.13753,1.13766,2.06,2.25
2017.08.11 17:06:02.035,1.13752,1.13765,3.19,1.31
2017.08.11 17:06:02.567,1.13752,1.13765,3.19,2.06
2017.08.11 17:06:05.921,1.13753,1.13765,2.06,3.00
2017.08.11 17:06:06.430,1.13752,1.13763,2.25,1.50
2017.08.11 17:06:06.937,1.13752,1.13763,2.25,1.75
2017.08.11 17:06:07.244,1.13754,1.13765,1.50,1.12
2017.08.11 17:06:07.347,1.13754,1.13767,3.23,1.12
2017.08.11 17:06:07.449,1.13754,1.13767,3.98,1.37
2017.08.11 17:06:09.381,1.13756,1.13767,2.29,1.37
2017.08.11 17:06:14.352,1.13756,1.13768,2.66,1.87
2017.08.11 17:06:14.722,1.13758,1.13767,1.50,1.37
2017.08.11 17:06:14.984,1.13756,1.13767,1.69,1.50
2017.08.11 17:06:18.330,1.13755,1.13768,2.81,2.81
2017.08.11 17:06:18.838,1.13754,1.13766,1.12,1.69
2017.08.11 17:06:19.377,1.13754,1.13765,1.00,2.06
2017.08.11 17:06:20.456,1.13753,1.13765,3.56,2.06
2017.08.11 17:06:20.986,1.13753,1.13764,3.19,1.37
2017.08.11 17:06:22.852,1.13752,1.13764,3.22,3.00
2017.08.11 17:06:23.369,1.13753,1.13763,3.41,1.00
2017.08.11 17:06:25.926,1.13754,1.13764,1.00,1.37
2017.08.11 17:06:26.131,1.13756,1.13764,1.19,1.37
2017.08.11 17:06:26.393,1.13757,1.13767,1.69,1.37
2017.08.11 17:06:27.408,1.13756,1.13767,2.44,1.37
2017.08.11 17:06:28.025,1.13755,1.13768,1.87,2.44
2017.08.11 17:06:28.384,1.13754,1.13764,1.87,1.00
2017.08.11 17:06:28.692,1.13754,1.13763,1.50,1.50
2017.08.11 17:06:29.420,1.13752,1.13763,3.00,1.87
2017.08.11 17:06:29.676,1.1375,1.13762,1.00,2.25
2017.08.11 17:06:30.238,1.13749,1.13762,3.56,2.44
2017.08.11 17:06:30.768,1.1375,1.13761,1.00,1.50
2017.08.11 17:06:31.850,1.13751,1.13762,1.00,1.87
2017.08.11 17:06:32.373,1.1375,1.13762,2.44,1.87
2017.08.11 17:06:36.833,1.13748,1.1376,1.50,1.87
2017.08.11 17:06:37.180,1.13747,1.13757,1.50,1.37
2017.08.11 17:06:37.689,1.13746,1.13757,1.50,1.37
2017.08.11 17:06:38.717,1.13747,1.13757,1.00,1.37
2017.08.11 17:06:38.872,1.13748,1.1376,3.00,1.37
2017.08.11 17:06:39.382,1.13748,1.1376,2.81,1.37
2017.08.11 17:06:41.422,1.1375,1.13761,1.69,1.87
2017.08.11 17:06:41.890,1.13751,1.13761,1.19,1.37
2017.08.11 17:06:42.819,1.1375,1.1376,1.50,1.12
2017.08.11 17:06:43.162,1.13748,1.13758,1.50,1.37
2017.08.11 17:06:43.264,1.13745,1.13756,3.00,1.00
2017.08.11 17:06:43.418,1.13747,1.13756,1.00,1.00
2017.08.11 17:06:43.675,1.13748,1.13758,1.69,1.00
2017.08.11 17:06:44.264,1.13751,1.13761,1.25,1.87
2017.08.11 17:06:44.369,1.13752,1.13761,1.50,1.37
2017.08.11 17:06:44.928,1.13752,1.13763,1.50,2.81
2017.08.11 17:06:45.747,1.13752,1.13761,1.50,1.37
2017.08.11 17:06:45.799,1.13747,1.13761,3.37,3.97
2017.08.11 17:06:45.850,1.13748,1.13759,1.37,2.25
2017.08.11 17:06:45.902,1.13747,1.13759,1.50,1.37
2017.08.11 17:06:46.117,1.13746,1.13758,1.00,3.60
2017.08.11 17:06:46.869,1.13747,1.13758,1.00,2.25
2017.08.11 17:06:47.398,1.13746,1.13757,1.00,1.37
2017.08.11 17:06:48.564,1.13745,1.13756,1.87,3.75
2017.08.11 17:06:48.820,1.13739,1.13752,1.12,2.44
2017.08.11 17:06:50.802,1.1374,1.13751,1.00,1.37
2017.08.11 17:06:51.313,1.13741,1.13752,1.00,1.75
2017.08.11 17:06:52.710,1.13741,1.13753,1.00,1.87
2017.08.11 17:06:52.864,1.13743,1.13754,1.00,1.87
2017.08.11 17:06:53.195,1.13746,1.13756,1.00,1.37
2017.08.11 17:06:53.400,1.13745,1.13757,1.69,1.37
2017.08.11 17:06:53.451,1.13743,1.13753,1.37,1.00
2017.08.11 17:06:53.503,1.13743,1.13752,1.12,2.25
2017.08.11 17:06:53.707,1.13739,1.13751,1.50,1.50
2017.08.11 17:06:53.904,1.13736,1.13748,1.75,1.50
2017.08.11 17:06:54.057,1.13739,1.1375,1.31,3.60
2017.08.11 17:06:56.201,1.13736,1.13749,2.44,1.00
2017.08.11 17:06:56.712,1.13739,1.1375,2.25,1.12
2017.08.11 17:06:56.916,1.13735,1.13749,3.00,1.87
2017.08.11 17:06:57.168,1.13735,1.13747,2.25,1.50
2017.08.11 17:06:57.322,1.13734,1.13746,2.44,1.00
2017.08.11 17:06:57.683,1.13736,1.13748,1.37,2.25
2017.08.11 17:06:57.835,1.13736,1.13748,1.75,1.87
2017.08.11 17:06:58.348,1.13736,1.13749,1.94,2.55
2017.08.11 17:06:58.869,1.13736,1.13749,1.94,1.00
2017.08.11 17:07:00.356,1.13736,1.13749,1.94,1.00
2017.08.11 17:07:00.974,1.13736,1.13749,1.94,1.37
2017.08.11 17:07:01.655,1.13737,1.13751,3.00,2.25
2017.08.11 17:07:02.189,1.13737,1.13751,3.94,2.25
2017.08.11 17:07:03.699,1.13737,1.13751,5.10,1.12
2017.08.11 17:07:05.851,1.13737,1.1375,3.19,1.00
2017.08.11 17:07:06.210,1.13736,1.13749,1.75,1.12
2017.08.11 17:07:07.035,1.13737,1.13749,1.13,1.50
2017.08.11 17:07:08.134,1.13737,1.13749,3.98,1.37
2017.08.11 17:07:09.137,1.13737,1.1375,2.63,1.37
2017.08.11 17:07:09.929,1.13738,1.13751,1.13,2.44
2017.08.11 17:07:10.469,1.13737,1.13749,2.63,1.00
2017.08.11 17:07:11.007,1.13736,1.1375,2.81,2.44
2017.08.11 17:07:11.161,1.13736,1.13749,2.00,1.00
2017.08.11 17:07:11.264,1.13736,1.13749,1.88,1.12
2017.08.11 17:07:13.403,1.13737,1.13749,3.38,1.00
2017.08.11 17:07:14.949,1.13739,1.13751,1.00,2.25
2017.08.11 17:07:15.051,1.13739,1.13752,2.25,3.60
2017.08.11 17:07:15.154,1.13738,1.13751,1.38,2.62
2017.08.11 17:07:15.666,1.13738,1.13751,1.00,4.12
2017.08.11 17:07:16.933,1.13736,1.13749,2.25,1.37
2017.08.11 17:07:18.914,1.13736,1.13747,1.12,1.12
2017.08.11 17:07:19.070,1.13735,1.13747,1.69,1.69
2017.08.11 17:07:19.662,1.13735,1.13747,2.00,1.37
2017.08.11 17:07:20.180,1.13735,1.13747,2.00,1.12
2017.08.11 17:07:21.517,1.13736,1.13748,1.69,1.75
2017.08.11 17:07:23.513,1.13736,1.13748,1.69,1.37
2017.08.11 17:07:26.389,1.13736,1.13748,1.88,1.37
2017.08.11 17:07:26.647,1.1374,1.13752,1.50,1.87
2017.08.11 17:07:26.783,1.13742,1.13753,1.50,1.50
2017.08.11 17:07:26.886,1.13743,1.13754,2.85,1.00
2017.08.11 17:07:27.397,1.13741,1.13755,4.73,1.87
2017.08.11 17:07:28.830,1.13743,1.13755,1.38,1.00
2017.08.11 17:07:30.008,1.13742,1.13755,1.50,1.37
2017.08.11 17:07:30.972,1.13742,1.13754,1.62,1.00
2017.08.11 17:07:32.162,1.13742,1.13755,2.85,1.87
2017.08.11 17:07:32.366,1.1374,1.13753,1.75,2.06
2017.08.11 17:07:32.417,1.13737,1.13751,4.69,1.00
2017.08.11 17:07:32.560,1.13737,1.1375,1.75,1.87
2017.08.11 17:07:33.170,1.13737,1.1375,1.38,3.97
2017.08.11 17:07:33.630,1.13736,1.13749,1.88,1.12
2017.08.11 17:07:35.863,1.13735,1.13748,1.87,3.37
2017.08.11 17:07:36.376,1.13736,1.13747,1.50,1.00
2017.08.11 17:07:36.898,1.13736,1.13748,1.88,1.37
2017.08.11 17:07:37.620,1.13737,1.13749,1.00,1.37
2017.08.11 17:07:38.127,1.13737,1.13749,1.88,1.00
2017.08.11 17:07:39.374,1.13737,1.13749,3.38,1.00
2017.08.11 17:07:39.909,1.13736,1.13749,2.85,1.00
2017.08.11 17:07:40.452,1.13735,1.13749,3.19,2.25
2017.08.11 17:07:40.606,1.13736,1.13749,1.00,3.00
2017.08.11 17:07:41.399,1.13734,1.13747,1.73,2.25
2017.08.11 17:07:46.466,1.13733,1.13746,2.44,1.87
2017.08.11 17:07:46.975,1.13731,1.13745,2.25,5.06
2017.08.11 17:07:47.497,1.13731,1.13744,1.13,1.25
2017.08.11 17:07:49.033,1.13731,1.13744,2.63,1.87
2017.08.11 17:07:49.559,1.13731,1.13744,1.80,1.12
2017.08.11 17:07:50.073,1.13731,1.13745,3.56,3.94
2017.08.11 17:07:51.030,1.13733,1.13745,1.00,1.87
2017.08.11 17:07:51.185,1.13734,1.13745,1.44,1.12
2017.08.11 17:07:51.237,1.13733,1.13745,3.98,1.00
2017.08.11 17:07:51.909,1.13735,1.13747,1.31,1.37
2017.08.11 17:07:52.207,1.13738,1.13749,1.00,1.37
2017.08.11 17:07:52.737,1.13736,1.13749,1.73,1.62
2017.08.11 17:07:54.596,1.13737,1.13749,2.25,1.37
2017.08.11 17:07:55.211,1.13737,1.13749,3.41,1.37
2017.08.11 17:07:55.583,1.13739,1.1375,2.25,1.75
2017.08.11 17:07:55.736,1.13739,1.13752,4.35,1.37
2017.08.11 17:07:58.255,1.13739,1.13752,5.29,1.37
2017.08.11 17:07:58.561,1.13743,1.13756,2.10,2.62
2017.08.11 17:07:59.083,1.13743,1.13755,1.87,1.50
2017.08.11 17:08:01.817,1.13741,1.13753,1.13,1.12
2017.08.11 17:08:02.149,1.13739,1.13751,1.50,1.00
2017.08.11 17:08:03.068,1.13739,1.13751,1.38,1.37
2017.08.11 17:08:05.546,1.13739,1.13751,1.38,1.37
2017.08.11 17:08:06.088,1.13736,1.13749,4.73,1.12
2017.08.11 17:08:06.241,1.13736,1.13749,3.19,3.75
2017.08.11 17:08:06.752,1.13736,1.13747,2.06,1.87
2017.08.11 17:08:07.020,1.13731,1.13744,4.12,2.63
2017.08.11 17:08:07.173,1.13729,1.13743,2.81,2.25
2017.08.11 17:08:07.276,1.13729,1.13743,2.81,3.38
2017.08.11 17:08:08.980,1.13728,1.13741,3.19,2.25
2017.08.11 17:08:09.082,1.13728,1.13739,2.81,1.50
2017.08.11 17:08:09.593,1.13728,1.1374,2.44,2.25
2017.08.11 17:08:10.575,1.13727,1.13739,1.12,2.25
2017.08.11 17:08:11.098,1.13727,1.13739,1.25,3.00
2017.08.11 17:08:11.883,1.13726,1.13739,3.19,3.00
2017.08.11 17:08:12.395,1.13727,1.13739,1.25,3.00
2017.08.11 17:08:16.746,1.13726,1.13739,1.50,3.37
2017.08.11 17:08:18.770,1.13726,1.13738,1.50,1.37
2017.08.11 17:08:19.307,1.13728,1.13738,1.00,1.37
2017.08.11 17:08:20.242,1.13727,1.13739,1.25,2.62
2017.08.11 17:08:24.022,1.13727,1.13739,1.88,1.50
2017.08.11 17:08:24.361,1.13727,1.13739,1.00,2.25
2017.08.11 17:08:26.274,1.13727,1.13738,1.44,1.50
2017.08.11 17:08:26.783,1.13727,1.13738,1.00,1.50
2017.08.11 17:08:27.394,1.13727,1.13738,1.00,2.25
2017.08.11 17:08:27.932,1.13726,1.13739,2.48,3.37
2017.08.11 17:08:28.591,1.13727,1.13738,1.00,1.50
2017.08.11 17:08:30.294,1.13725,1.13738,1.54,1.50
2017.08.11 17:08:30.808,1.13724,1.13737,4.72,2.63
2017.08.11 17:08:31.284,1.13722,1.13735,1.13,2.63
2017.08.11 17:08:31.590,1.13726,1.13738,1.86,1.75
2017.08.11 17:08:31.898,1.1373,1.13738,2.10,1.00
2017.08.11 17:08:31.950,1.13728,1.1374,2.47,2.25
2017.08.11 17:08:32.325,1.13732,1.13739,3.00,1.00
2017.08.11 17:08:32.481,1.13731,1.13742,2.10,2.25
2017.08.11 17:08:32.831,1.13733,1.13745,5.44,2.25
2017.08.11 17:08:32.886,1.13734,1.13746,2.81,1.50
2017.08.11 17:08:32.938,1.13733,1.13746,3.19,1.31
2017.08.11 17:08:33.043,1.13732,1.13745,3.75,1.31
2017.08.11 17:08:33.146,1.13734,1.13746,1.00,1.87
2017.08.11 17:08:33.248,1.13734,1.13746,1.12,1.37
2017.08.11 17:08:33.777,1.13734,1.13746,2.81,1.37
2017.08.11 17:08:34.288,1.13733,1.13746,1.13,2.59
2017.08.11 17:08:34.803,1.13731,1.13744,1.94,1.00
2017.08.11 17:08:35.317,1.13733,1.13746,1.12,6.19
2017.08.11 17:08:35.823,1.13731,1.13745,2.63,3.19
2017.08.11 17:08:36.028,1.13731,1.13742,1.12,1.50
2017.08.11 17:08:36.538,1.13728,1.13741,1.13,1.00
2017.08.11 17:08:37.144,1.13728,1.1374,1.13,1.50
2017.08.11 17:08:37.654,1.13727,1.1374,1.75,2.25
2017.08.11 17:08:40.357,1.13727,1.1374,1.75,2.25
2017.08.11 17:08:43.433,1.13727,1.1374,1.88,1.87
2017.08.11 17:08:43.954,1.13724,1.13736,3.37,1.50
2017.08.11 17:08:44.005,1.13724,1.13737,1.75,3.04
2017.08.11 17:08:44.348,1.13727,1.1374,1.37,3.19
2017.08.11 17:08:44.859,1.13727,1.1374,1.30,3.00
2017.08.11 17:08:45.379,1.13726,1.13739,1.87,2.81
2017.08.11 17:08:45.687,1.13728,1.13741,2.44,1.25
2017.08.11 17:08:47.169,1.13729,1.13742,3.38,1.37
2017.08.11 17:08:47.476,1.13733,1.13746,2.25,2.78
2017.08.11 17:08:48.027,1.13733,1.13746,3.04,2.25
2017.08.11 17:08:48.219,1.13733,1.13745,3.04,1.00
2017.08.11 17:08:48.536,1.13731,1.13743,2.62,4.13
2017.08.11 17:08:48.689,1.13728,1.13742,3.38,1.38
2017.08.11 17:08:49.194,1.13728,1.1374,1.38,1.00
2017.08.11 17:08:50.575,1.13728,1.13741,1.69,3.94
2017.08.11 17:08:51.293,1.1373,1.13741,1.00,1.12
2017.08.11 17:08:51.826,1.1373,1.1374,1.00,1.00
2017.08.11 17:08:52.701,1.13731,1.1374,1.00,1.00
2017.08.11 17:08:53.250,1.13732,1.13743,1.00,2.62
2017.08.11 17:08:53.760,1.13733,1.13744,1.00,1.12
2017.08.11 17:08:54.403,1.13733,1.13744,1.00,1.65
2017.08.11 17:08:56.337,1.13732,1.13744,1.12,1.84
2017.08.11 17:08:57.436,1.13732,1.13744,1.12,1.84
2017.08.11 17:08:59.057,1.13732,1.13743,1.16,1.00
2017.08.11 17:08:59.935,1.13733,1.13743,1.00,1.00
2017.08.11 17:09:02.898,1.13732,1.13743,2.10,1.12
2017.08.11 17:09:03.204,1.1373,1.13742,1.75,1.38
2017.08.11 17:09:03.715,1.13728,1.1374,1.50,2.81
2017.08.11 17:09:03.919,1.13727,1.13739,1.12,1.50
2017.08.11 17:09:05.580,1.13728,1.13738,1.00,1.37
2017.08.11 17:09:05.783,1.13725,1.13737,1.50,1.31
2017.08.11 17:09:05.835,1.13724,1.13735,1.75,1.50
2017.08.11 17:09:06.041,1.13721,1.13731,1.50,1.00
2017.08.11 17:09:06.297,1.13723,1.13733,1.00,2.25
2017.08.11 17:09:06.552,1.13725,1.13735,1.50,1.00
2017.08.11 17:09:07.061,1.13726,1.13737,1.00,1.12
2017.08.11 17:09:07.659,1.13726,1.13736,1.00,1.00
2017.08.11 17:09:08.280,1.13725,1.13736,1.12,1.00
2017.08.11 17:09:08.797,1.13726,1.13737,1.00,1.88
2017.08.11 17:09:08.849,1.13722,1.13733,1.87,1.50
2017.08.11 17:09:08.900,1.13721,1.13732,1.75,1.20
2017.08.11 17:09:09.411,1.13721,1.13733,1.50,1.63
2017.08.11 17:09:10.932,1.13721,1.13733,1.50,1.31
2017.08.11 17:09:16.539,1.13721,1.13733,1.12,3.98
2017.08.11 17:09:17.303,1.13722,1.13733,1.00,1.12
2017.08.11 17:09:18.279,1.13722,1.13734,1.12,2.02
2017.08.11 17:09:19.286,1.13722,1.13733,1.12,2.25
2017.08.11 17:09:21.037,1.13719,1.1373,1.75,1.58
2017.08.11 17:09:21.139,1.13718,1.1373,1.50,2.48
2017.08.11 17:09:21.241,1.13714,1.13727,1.75,2.66
2017.08.11 17:09:21.417,1.13714,1.13725,1.50,1.69
2017.08.11 17:09:22.215,1.13715,1.13725,1.12,1.87
2017.08.11 17:09:22.318,1.13716,1.13727,1.13,1.37
2017.08.11 17:09:22.574,1.13719,1.13729,1.00,3.00
2017.08.11 17:09:23.594,1.13719,1.13729,1.00,2.25
2017.08.11 17:09:23.799,1.13714,1.13728,3.37,1.37
2017.08.11 17:09:23.850,1.13714,1.13728,2.62,1.87
2017.08.11 17:09:24.645,1.13716,1.13726,1.13,1.00
2017.08.11 17:09:25.156,1.13717,1.13729,1.00,3.00
2017.08.11 17:09:25.677,1.13718,1.13728,1.50,1.00
2017.08.11 17:09:26.180,1.13718,1.13729,2.25,1.87
2017.08.11 17:09:26.436,1.1372,1.1373,1.50,1.00
2017.08.11 17:09:27.416,1.13719,1.1373,1.12,1.00
2017.08.11 17:09:28.229,1.13718,1.1373,1.69,1.37
2017.08.11 17:09:28.536,1.13715,1.13728,1.50,1.87
2017.08.11 17:09:29.631,1.13715,1.13726,1.00,1.37
2017.08.11 17:09:30.193,1.13716,1.13726,1.00,1.37
2017.08.11 17:09:30.601,1.13718,1.13727,1.00,1.37
2017.08.11 17:09:30.754,1.13718,1.13728,1.50,1.00
2017.08.11 17:09:31.471,1.13719,1.1373,1.00,1.75
2017.08.11 17:09:32.025,1.13719,1.1373,2.06,1.37
2017.08.11 17:09:33.845,1.13718,1.13729,2.25,1.00
2017.08.11 17:09:34.828,1.13718,1.13729,3.00,1.00
2017.08.11 17:09:35.337,1.13718,1.13729,1.87,1.00
2017.08.11 17:09:35.851,1.13718,1.1373,2.06,2.06
2017.08.11 17:09:36.213,1.13714,1.13722,2.00,1.50
2017.08.11 17:09:36.265,1.13715,1.13726,1.44,1.75
2017.08.11 17:09:36.469,1.13717,1.13728,1.00,3.37
2017.08.11 17:09:38.938,1.13717,1.13727,1.13,1.00
2017.08.11 17:09:40.616,1.13718,1.13728,1.13,1.37
2017.08.11 17:09:41.487,1.13717,1.13728,1.13,1.87
2017.08.11 17:09:42.086,1.13717,1.13728,1.25,1.75
2017.08.11 17:09:45.565,1.13716,1.13728,1.00,3.00
2017.08.11 17:09:46.076,1.13717,1.13727,1.00,1.37
2017.08.11 17:09:47.485,1.13716,1.13728,1.00,1.87
2017.08.11 17:09:48.973,1.13717,1.13727,1.00,1.37
2017.08.11 17:09:49.488,1.13716,1.13727,1.13,1.37
2017.08.11 17:09:57.361,1.13717,1.13728,1.00,1.87
2017.08.11 17:09:58.251,1.13717,1.13728,1.04,1.87
2017.08.11 17:10:02.613,1.13715,1.13725,1.00,1.00
2017.08.11 17:10:03.139,1.13715,1.13726,1.13,1.00
2017.08.11 17:10:07.363,1.13717,1.13728,1.00,1.75
2017.08.11 17:10:08.038,1.13716,1.13728,1.73,1.75
2017.08.11 17:10:08.565,1.13717,1.13728,1.00,1.75
2017.08.11 17:10:09.196,1.13716,1.13728,1.73,1.87
2017.08.11 17:10:12.720,1.13716,1.13728,2.10,1.37
2017.08.11 17:10:16.641,1.13717,1.13728,1.54,1.37
2017.08.11 17:10:16.743,1.13718,1.13728,1.60,1.37
2017.08.11 17:10:16.948,1.13719,1.1373,1.05,1.37
2017.08.11 17:10:17.534,1.13719,1.13732,2.85,1.50
2017.08.11 17:10:17.637,1.13716,1.1373,1.75,5.25
2017.08.11 17:10:17.739,1.13716,1.13727,1.12,1.25
2017.08.11 17:10:17.842,1.13714,1.13726,1.37,1.77
2017.08.11 17:10:18.367,1.13714,1.13725,1.00,3.04
2017.08.11 17:10:18.679,1.13712,1.13722,1.12,1.50
2017.08.11 17:10:19.200,1.13712,1.13722,1.37,1.50
2017.08.11 17:10:20.750,1.13712,1.13722,1.12,1.87
2017.08.11 17:10:21.170,1.13713,1.13722,1.50,1.87
2017.08.11 17:10:27.778,1.13713,1.13724,1.50,1.50
2017.08.11 17:10:31.511,1.13712,1.13722,1.87,1.50
2017.08.11 17:10:33.729,1.13712,1.13724,2.44,3.67
2017.08.11 17:10:33.882,1.13712,1.13722,1.75,1.50
2017.08.11 17:10:34.965,1.13712,1.13724,1.75,4.16
2017.08.11 17:10:35.017,1.13712,1.13722,1.75,1.50
2017.08.11 17:10:35.120,1.13712,1.13724,2.25,2.85
2017.08.11 17:10:35.225,1.13712,1.13722,2.44,1.50
2017.08.11 17:10:35.328,1.13712,1.13724,2.25,2.10
2017.08.11 17:10:37.667,1.13715,1.13725,1.13,1.00
2017.08.11 17:10:38.794,1.13715,1.13727,2.29,1.50
2017.08.11 17:10:39.798,1.13715,1.13727,2.29,1.37
2017.08.11 17:10:40.798,1.13716,1.13727,1.31,1.00
2017.08.11 17:10:43.290,1.13716,1.13728,2.10,3.82
2017.08.11 17:10:43.843,1.13716,1.13728,2.47,3.82
2017.08.11 17:10:44.832,1.13716,1.13728,1.50,4.42
2017.08.11 17:10:48.601,1.13715,1.13727,1.37,2.29
2017.08.11 17:10:48.805,1.13717,1.13728,1.12,1.87
2017.08.11 17:10:49.353,1.13717,1.1373,2.48,3.82
2017.08.11 17:10:51.163,1.13717,1.1373,1.37,5.74
2017.08.11 17:10:51.690,1.13716,1.1373,2.29,4.91
2017.08.11 17:10:53.129,1.13716,1.1373,2.06,5.10
2017.08.11 17:10:53.749,1.13716,1.1373,2.06,3.79
2017.08.11 17:10:57.841,1.13717,1.1373,2.66,1.87
2017.08.11 17:10:58.399,1.13717,1.1373,1.63,3.60
2017.08.11 17:10:59.222,1.13716,1.1373,1.31,4.16
2017.08.11 17:11:00.313,1.13715,1.13728,2.06,1.00
2017.08.11 17:11:00.976,1.13715,1.13728,1.87,3.41
2017.08.11 17:11:01.349,1.13717,1.13729,1.62,1.00
2017.08.11 17:11:01.554,1.13716,1.13728,1.37,3.38
2017.08.11 17:11:02.129,1.13716,1.13728,1.00,3.75
2017.08.11 17:11:04.319,1.13716,1.13729,3.23,1.75
2017.08.11 17:11:04.626,1.13717,1.1373,2.66,2.62
2017.08.11 17:11:04.988,1.13717,1.1373,2.85,1.50
2017.08.11 17:11:05.511,1.13718,1.1373,2.06,1.87
2017.08.11 17:11:06.397,1.13716,1.1373,4.91,2.29
2017.08.11 17:11:06.602,1.13716,1.13728,2.06,1.00
2017.08.11 17:11:07.525,1.13716,1.1373,3.37,4.35
2017.08.11 17:11:08.034,1.13716,1.13729,2.66,1.37
2017.08.11 17:11:08.290,1.13717,1.1373,1.80,1.00
2017.08.11 17:11:12.375,1.13716,1.1373,2.66,4.35
2017.08.11 17:11:13.033,1.13716,1.1373,1.91,4.73
2017.08.11 17:11:15.258,1.13717,1.1373,2.05,1.00
2017.08.11 17:11:15.564,1.13718,1.13732,1.94,4.73
2017.08.11 17:11:16.103,1.13718,1.13731,1.54,1.00
2017.08.11 17:11:16.752,1.13719,1.13729,1.37,1.00
2017.08.11 17:11:16.956,1.13715,1.13727,1.75,1.00
2017.08.11 17:11:17.342,1.13717,1.13731,2.25,1.72
2017.08.11 17:11:17.754,1.1372,1.13732,2.62,3.56
2017.08.11 17:11:18.270,1.13719,1.13731,1.12,1.00
2017.08.11 17:11:18.527,1.13716,1.13729,1.87,1.00
2017.08.11 17:11:19.804,1.13715,1.13728,2.66,1.00
2017.08.11 17:11:20.314,1.13715,1.13728,1.91,1.12
2017.08.11 17:11:21.509,1.13718,1.13728,1.00,1.00
2017.08.11 17:11:22.023,1.13717,1.1373,1.69,5.10
2017.08.11 17:11:25.237,1.13718,1.1373,1.50,1.37
2017.08.11 17:11:25.750,1.13719,1.13731,1.50,1.12
2017.08.11 17:11:27.665,1.1372,1.13732,1.37,2.62
2017.08.11 17:11:33.791,1.13721,1.13733,1.50,1.50
2017.08.11 17:11:34.296,1.13721,1.13732,1.37,1.05
2017.08.11 17:11:34.829,1.13721,1.13733,1.00,1.72
2017.08.11 17:11:37.413,1.13721,1.13733,2.25,1.00
2017.08.11 17:11:38.280,1.13723,1.13735,1.00,1.12
2017.08.11 17:11:38.453,1.13724,1.13736,3.19,1.00
2017.08.11 17:11:38.998,1.13724,1.13738,3.98,2.63
2017.08.11 17:11:48.934,1.13727,1.1374,1.16,2.44
2017.08.11 17:11:49.447,1.13727,1.13738,1.35,1.81
2017.08.11 17:11:49.993,1.13727,1.1374,1.91,1.50
2017.08.11 17:12:00.586,1.13724,1.13737,3.19,1.72
2017.08.11 17:12:00.791,1.13724,1.13736,1.37,2.25
2017.08.11 17:12:01.358,1.13724,1.13736,1.37,1.44
2017.08.11 17:12:01.930,1.13724,1.13736,1.37,1.13
2017.08.11 17:12:05.695,1.13723,1.13736,1.12,5.29
2017.08.11 17:12:05.747,1.13721,1.13735,2.25,4.54
2017.08.11 17:12:05.799,1.1372,1.13734,3.37,2.29
2017.08.11 17:12:05.902,1.1372,1.13733,1.12,3.75
2017.08.11 17:12:06.538,1.13721,1.13732,1.00,1.00
2017.08.11 17:12:07.046,1.13719,1.13732,2.10,1.44
2017.08.11 17:12:07.404,1.1372,1.13733,1.91,2.25
2017.08.11 17:12:08.415,1.13719,1.13733,1.91,5.48
2017.08.11 17:12:08.921,1.13719,1.13732,2.24,1.00
2017.08.11 17:12:09.561,1.13719,1.13732,1.31,2.10
2017.08.11 17:12:12.556,1.13719,1.13731,1.50,2.25
2017.08.11 17:12:16.030,1.13719,1.13731,3.04,1.00
2017.08.11 17:12:16.337,1.13722,1.13734,1.00,1.37
2017.08.11 17:12:18.267,1.1372,1.13732,1.12,1.05
2017.08.11 17:12:18.846,1.13721,1.13733,1.63,1.00
2017.08.11 17:12:19.390,1.13723,1.13735,3.04,1.12
2017.08.11 17:12:19.543,1.13726,1.13738,1.24,1.12
2017.08.11 17:12:19.645,1.13727,1.13739,1.38,1.37
2017.08.11 17:12:20.065,1.13729,1.13741,1.50,1.37
2017.08.11 17:12:20.377,1.13734,1.13747,4.73,3.00
2017.08.11 17:12:20.428,1.13734,1.13747,4.13,1.31
2017.08.11 17:12:20.943,1.13734,1.13746,2.06,1.25
2017.08.11 17:12:24.335,1.13734,1.13747,3.75,1.00
2017.08.11 17:12:24.946,1.13734,1.13747,2.25,1.70
2017.08.11 17:12:25.987,1.13735,1.13748,1.88,3.00
2017.08.11 17:12:26.191,1.13737,1.1375,3.79,1.12
2017.08.11 17:12:26.925,1.13738,1.1375,1.30,2.06
2017.08.11 17:12:30.100,1.13737,1.13749,2.25,1.69
2017.08.11 17:12:30.509,1.13736,1.13748,1.12,1.69
2017.08.11 17:12:31.889,1.13737,1.13748,1.87,1.87
2017.08.11 17:12:32.296,1.13733,1.13745,2.62,1.00
2017.08.11 17:12:32.450,1.13733,1.13745,2.62,1.00
2017.08.11 17:12:32.985,1.13734,1.13745,1.00,1.00
2017.08.11 17:12:42.621,1.13732,1.13744,1.12,1.00
2017.08.11 17:12:43.147,1.13732,1.13743,1.37,1.00
2017.08.11 17:12:43.765,1.13732,1.13744,1.37,2.25
2017.08.11 17:12:44.508,1.13731,1.13743,2.25,1.00
2017.08.11 17:12:46.562,1.13731,1.13743,1.37,1.69
2017.08.11 17:12:46.871,1.13731,1.13742,1.37,1.87
2017.08.11 17:12:47.177,1.13728,1.1374,3.00,1.87
2017.08.11 17:12:48.032,1.13728,1.1374,1.00,2.81
2017.08.11 17:13:05.992,1.13728,1.1374,1.50,1.69
2017.08.11 17:13:06.536,1.13728,1.13739,1.88,1.00
2017.08.11 17:13:06.824,1.13728,1.1374,1.91,1.37
2017.08.11 17:13:07.079,1.13728,1.13739,1.25,1.50
2017.08.11 17:13:22.012,1.13726,1.13738,1.12,2.25
2017.08.11 17:13:22.536,1.13726,1.13738,1.37,2.44
2017.08.11 17:13:23.321,1.13725,1.13738,3.79,2.25
2017.08.11 17:13:24.375,1.13726,1.13738,2.10,1.69
2017.08.11 17:13:24.883,1.13726,1.13738,2.10,1.31
2017.08.11 17:13:29.622,1.13725,1.13737,3.22,1.25
2017.08.11 17:13:30.183,1.13726,1.13736,1.50,2.25
2017.08.11 17:13:30.285,1.13724,1.13737,1.87,2.06
2017.08.11 17:13:30.825,1.13724,1.13737,2.10,1.69
2017.08.11 17:13:31.442,1.13724,1.13737,2.85,2.06
2017.08.11 17:13:32.766,1.13724,1.13737,2.85,1.25
2017.08.11 17:13:34.715,1.13723,1.13737,2.66,3.38
2017.08.11 17:13:35.259,1.13723,1.13736,1.75,1.69
2017.08.11 17:13:38.632,1.13726,1.13739,1.16,2.25
2017.08.11 17:13:38.683,1.13726,1.13739,2.48,1.50
2017.08.11 17:13:42.049,1.13725,1.13737,1.12,2.63
2017.08.11 17:13:42.402,1.13722,1.13734,1.63,2.44
2017.08.11 17:13:42.556,1.13723,1.13736,1.13,3.41
2017.08.11 17:13:46.814,1.13722,1.13736,2.48,3.04
2017.08.11 17:13:48.157,1.13723,1.13736,1.88,2.44
2017.08.11 17:13:48.666,1.13723,1.13736,1.54,2.44
2017.08.11 17:13:49.170,1.13723,1.13736,1.80,3.56
2017.08.11 17:13:49.826,1.13722,1.13736,2.29,3.98
2017.08.11 17:13:50.365,1.13722,1.13736,2.48,3.79
2017.08.11 17:13:50.875,1.13722,1.13736,2.29,3.04
2017.08.11 17:13:51.473,1.13721,1.13735,3.23,2.06
2017.08.11 17:13:51.646,1.13719,1.13733,4.50,1.35
2017.08.11 17:13:51.800,1.13719,1.13733,1.75,3.04
2017.08.11 17:13:52.309,1.13719,1.13732,1.31,2.62
2017.08.11 17:13:56.281,1.13718,1.13731,2.06,1.00
2017.08.11 17:13:56.796,1.13718,1.13731,1.31,3.00
2017.08.11 17:13:58.198,1.13718,1.13731,1.32,2.63
2017.08.11 17:13:58.736,1.13718,1.13731,1.31,2.81
2017.08.11 17:14:00.160,1.13719,1.13731,1.63,1.00
2017.08.11 17:14:04.028,1.13719,1.13732,1.31,1.67
2017.08.11 17:14:04.599,1.13719,1.13732,1.31,1.30
2017.08.11 17:14:07.599,1.13719,1.13731,1.12,2.10
2017.08.11 17:14:07.804,1.13717,1.1373,2.00,3.23
2017.08.11 17:14:08.538,1.13717,1.1373,1.62,3.60
2017.08.11 17:14:09.108,1.13717,1.13728,1.37,1.00
2017.08.11 17:14:11.794,1.13714,1.13727,3.41,1.50
2017.08.11 17:14:11.896,1.13714,1.13726,2.06,1.00
2017.08.11 17:14:12.087,1.13711,1.13724,4.50,3.60
2017.08.11 17:14:12.139,1.13711,1.13723,1.87,1.31
2017.08.11 17:14:12.691,1.13711,1.13722,2.06,1.50
2017.08.11 17:14:13.540,1.13711,1.13724,2.06,2.66
2017.08.11 17:14:14.539,1.13711,1.13724,1.94,3.04
2017.08.11 17:14:17.099,1.13711,1.13724,1.94,3.04
2017.08.11 17:14:19.552,1.13711,1.13723,2.00,1.19
2017.08.11 17:14:25.453,1.13709,1.13721,2.25,2.81
2017.08.11 17:14:25.759,1.13703,1.13715,1.50,2.10
2017.08.11 17:14:31.265,1.13703,1.13716,2.06,4.54
2017.08.11 17:14:32.718,1.13703,1.13716,2.06,5.10
2017.08.11 17:14:36.329,1.13706,1.13718,1.25,3.75
2017.08.11 17:14:36.432,1.13708,1.13719,1.13,1.12
2017.08.11 17:14:36.642,1.13709,1.1372,1.12,1.12
2017.08.11 17:14:36.949,1.1371,1.13722,1.69,2.25
2017.08.11 17:14:38.839,1.13712,1.13724,1.00,1.75
2017.08.11 17:14:39.150,1.13717,1.13728,1.00,1.37
2017.08.11 17:14:39.352,1.13717,1.1373,1.69,2.25
2017.08.11 17:14:39.861,1.13717,1.13728,1.12,1.31
2017.08.11 17:14:40.371,1.13717,1.13727,1.00,1.31
2017.08.11 17:14:41.435,1.13715,1.13727,1.50,1.12
2017.08.11 17:14:42.645,1.13715,1.13725,1.50,1.00
2017.08.11 17:14:43.158,1.13715,1.13725,1.12,1.00
2017.08.11 17:14:45.897,1.13713,1.13723,1.75,1.00
2017.08.11 17:14:46.408,1.13714,1.13724,1.00,1.12
2017.08.11 17:14:46.654,1.13715,1.13727,1.12,2.10
2017.08.11 17:14:47.165,1.13716,1.13726,1.00,1.12
2017.08.11 17:14:47.711,1.13714,1.13726,1.87,2.63
2017.08.11 17:14:48.220,1.13714,1.13726,2.06,2.63
2017.08.11 17:14:48.581,1.13714,1.13725,1.37,1.44
2017.08.11 17:14:50.333,1.13711,1.13721,1.75,1.00
2017.08.11 17:14:50.497,1.1371,1.13721,1.12,1.00
2017.08.11 17:14:51.005,1.1371,1.13722,2.06,1.91
2017.08.11 17:14:51.602,1.1371,1.13721,1.50,1.12
2017.08.11 17:14:58.369,1.13711,1.13724,1.50,3.37
2017.08.11 17:14:58.586,1.13712,1.13724,1.88,1.12
2017.08.11 17:14:59.087,1.13712,1.13724,1.50,1.50
2017.08.11 17:14:59.830,1.13714,1.13725,1.12,2.85
2017.08.11 17:15:00.293,1.13713,1.13725,2.06,1.12
2017.08.11 17:15:01.312,1.13713,1.13724,1.50,1.00
2017.08.11 17:15:02.023,1.13714,1.13725,1.12,1.12
2017.08.11 17:15:02.535,1.13714,1.13724,1.12,1.00
2017.08.11 17:15:03.040,1.13714,1.13726,1.31,2.81
2017.08.11 17:15:03.694,1.13715,1.13725,1.00,1.12
2017.08.11 17:15:04.549,1.13714,1.13724,1.50,1.00
2017.08.11 17:15:05.093,1.13714,1.13725,1.50,1.00
2017.08.11 17:15:05.933,1.13714,1.13724,1.50,1.00
2017.08.11 17:15:06.240,1.13714,1.13726,1.87,2.48
2017.08.11 17:15:07.971,1.13714,1.13725,1.50,1.00
2017.08.11 17:15:13.467,1.13715,1.13726,1.12,1.50
2017.08.11 17:15:14.512,1.13716,1.13728,1.25,2.47
2017.08.11 17:15:15.060,1.13717,1.13728,1.00,1.50
2017.08.11 17:15:17.695,1.13722,1.13731,1.54,3.75
2017.08.11 17:15:17.798,1.13723,1.13736,1.50,3.37
2017.08.11 17:15:17.901,1.13726,1.13736,1.00,2.62
2017.08.11 17:15:18.245,1.13723,1.13732,1.00,1.00
2017.08.11 17:15:18.793,1.13722,1.13732,1.00,1.12
2017.08.11 17:15:19.330,1.13721,1.13731,1.50,1.00
2017.08.11 17:15:20.525,1.13721,1.13732,1.50,1.00
2017.08.11 17:15:22.979,1.13724,1.13734,1.25,1.37
2017.08.11 17:15:23.132,1.13726,1.13736,1.12,1.50
2017.08.11 17:15:24.631,1.13725,1.13735,1.50,1.00
2017.08.11 17:15:25.201,1.13724,1.13734,1.50,1.00
2017.08.11 17:15:25.305,1.13722,1.13732,1.87,1.00
2017.08.11 17:15:25.356,1.13721,1.13732,1.50,1.00
2017.08.11 17:15:25.903,1.13721,1.13732,1.31,1.12
2017.08.11 17:15:27.535,1.1372,1.1373,1.37,1.00
2017.08.11 17:15:27.842,1.13718,1.13728,3.75,1.00
2017.08.11 17:15:28.760,1.13718,1.13728,3.37,1.12
2017.08.11 17:15:47.527,1.13718,1.13729,1.12,1.12
2017.08.11 17:15:50.000,1.13718,1.13728,1.12,1.00
2017.08.11 17:15:51.708,1.13717,1.13727,3.00,1.00
2017.08.11 17:15:52.055,1.13715,1.13725,1.50,1.00
2017.08.11 17:15:58.291,1.13715,1.13725,1.14,1.00
2017.08.11 17:16:01.101,1.13718,1.13726,1.00,1.00
2017.08.11 17:16:01.307,1.13721,1.13732,1.25,1.87
2017.08.11 17:16:01.409,1.13721,1.13732,1.50,1.12
2017.08.11 17:16:01.920,1.1372,1.13731,1.69,1.00
2017.08.11 17:16:03.363,1.1372,1.13732,3.37,1.69
2017.08.11 17:16:10.354,1.13721,1.13731,1.00,1.00
2017.08.11 17:16:10.941,1.13719,1.1373,3.37,1.00
2017.08.11 17:16:11.094,1.13719,1.13727,1.12,1.00
2017.08.11 17:16:11.147,1.13719,1.13729,1.12,1.00
2017.08.11 17:16:11.249,1.13718,1.13728,1.37,1.12
2017.08.11 17:16:12.111,1.13718,1.13728,1.00,1.12
2017.08.11 17:16:13.601,1.13719,1.13729,1.00,1.50
2017.08.11 17:16:14.123,1.13718,1.13728,1.12,1.00
2017.08.11 17:16:14.582,1.13714,1.13724,4.50,1.00
2017.08.11 17:16:14.788,1.13716,1.13726,1.00,1.00
2017.08.11 17:16:15.312,1.13714,1.13725,1.50,1.00
2017.08.11 17:16:15.823,1.13714,1.13724,1.13,1.12
2017.08.11 17:16:16.197,1.13712,1.13723,3.37,1.00
2017.08.11 17:16:18.057,1.13717,1.13723,1.00,1.00
2017.08.11 17:16:18.109,1.13715,1.13724,1.00,1.12
2017.08.11 17:16:18.160,1.13721,1.13725,1.00,1.00
2017.08.11 17:16:18.263,1.13723,1.1373,1.72,1.75
2017.08.11 17:16:18.314,1.13727,1.1373,1.00,1.00
2017.08.11 17:16:18.467,1.13727,1.13735,1.00,1.12
2017.08.11 17:16:18.723,1.13728,1.13739,1.12,1.37
2017.08.11 17:16:18.927,1.13728,1.13739,1.37,1.00
2017.08.11 17:16:19.081,1.13729,1.13743,4.13,3.00
2017.08.11 17:16:19.240,1.13728,1.13742,1.50,3.75
2017.08.11 17:16:19.753,1.13728,1.13738,1.75,1.00
2017.08.11 17:16:20.008,1.13727,1.13736,1.75,2.06
2017.08.11 17:16:20.216,1.13723,1.13733,1.87,1.87
2017.08.11 17:16:20.726,1.13721,1.13732,1.87,1.69
2017.08.11 17:16:21.259,1.13721,1.13733,1.50,3.00
2017.08.11 17:16:23.007,1.13723,1.13733,1.00,2.81
2017.08.11 17:16:23.232,1.13727,1.13738,1.00,1.12
2017.08.11 17:16:23.335,1.13729,1.13741,1.00,2.25
2017.08.11 17:16:23.438,1.13729,1.13741,1.37,2.44
2017.08.11 17:16:23.948,1.13729,1.13741,1.75,1.88
2017.08.11 17:16:24.483,1.13729,1.1374,1.75,1.00
2017.08.11 17:16:25.973,1.13731,1.13746,2.10,6.37
2017.08.11 17:16:26.076,1.13733,1.13746,1.31,1.87
2017.08.11 17:16:30.056,1.13733,1.13745,1.00,2.25
2017.08.11 17:16:31.219,1.13733,1.13745,1.37,1.50
2017.08.11 17:16:31.725,1.13733,1.13745,1.12,1.50
2017.08.11 17:16:34.472,1.13733,1.13745,3.56,1.37
2017.08.11 17:16:34.524,1.13736,1.13748,2.25,1.37
2017.08.11 17:16:34.728,1.13736,1.13748,2.62,1.12
2017.08.11 17:16:35.034,1.13743,1.13753,1.19,2.62
2017.08.11 17:16:35.136,1.13743,1.13756,1.25,3.75
2017.08.11 17:16:35.238,1.13743,1.13754,1.50,1.12
2017.08.11 17:16:35.391,1.13743,1.13752,2.81,1.00
2017.08.11 17:16:35.928,1.13743,1.13753,3.37,1.00
2017.08.11 17:16:36.440,1.13742,1.13752,2.25,1.00
2017.08.11 17:16:37.014,1.13742,1.13752,2.25,1.00
2017.08.11 17:16:37.221,1.13747,1.13758,1.00,1.50
2017.08.11 17:16:37.733,1.13747,1.13758,1.37,1.12
2017.08.11 17:16:38.258,1.13747,1.13757,1.00,1.00
2017.08.11 17:16:38.873,1.13747,1.13758,2.25,1.12
2017.08.11 17:16:38.925,1.13747,1.13758,2.44,1.12
2017.08.11 17:16:39.428,1.13747,1.13757,2.25,1.00
2017.08.11 17:16:40.055,1.13747,1.13757,2.25,1.00
2017.08.11 17:16:42.138,1.13747,1.13758,3.19,1.50
2017.08.11 17:16:42.189,1.13746,1.13756,1.63,1.00
2017.08.11 17:16:42.467,1.13742,1.13754,2.62,1.00
2017.08.11 17:16:42.992,1.13742,1.13751,1.37,1.00
2017.08.11 17:16:43.043,1.13741,1.13751,1.37,1.00
2017.08.11 17:16:43.551,1.13741,1.13752,1.37,1.12
2017.08.11 17:16:45.267,1.1374,1.13751,1.12,1.31
2017.08.11 17:16:45.573,1.1374,1.13751,1.00,1.50
2017.08.11 17:16:47.307,1.13744,1.13756,1.00,3.00
2017.08.11 17:16:47.359,1.13743,1.13755,2.25,1.50
2017.08.11 17:16:49.522,1.13745,1.13755,1.00,1.00
2017.08.11 17:16:49.624,1.13748,1.13759,1.91,2.62
2017.08.11 17:16:49.676,1.13749,1.13761,2.81,2.62
2017.08.11 17:16:49.729,1.13751,1.13761,1.50,2.62
2017.08.11 17:16:49.782,1.13751,1.13761,1.12,1.50
2017.08.11 17:16:49.888,1.13752,1.13765,2.81,1.75
2017.08.11 17:16:50.144,1.13752,1.13764,3.56,1.12
2017.08.11 17:16:50.682,1.13752,1.13763,1.50,1.00
2017.08.11 17:16:51.405,1.1375,1.13762,1.12,1.00
2017.08.11 17:16:51.631,1.13749,1.13761,1.50,1.50
2017.08.11 17:16:52.246,1.13747,1.13758,3.94,1.00
2017.08.11 17:16:52.497,1.13747,1.13758,2.44,1.00
2017.08.11 17:16:54.093,1.13748,1.13759,1.87,1.00
2017.08.11 17:16:54.144,1.13751,1.13761,2.06,1.37
2017.08.11 17:16:54.196,1.13751,1.13761,2.44,1.00
2017.08.11 17:16:54.300,1.13751,1.13762,2.06,1.12
2017.08.11 17:16:54.402,1.13752,1.13764,1.19,1.75
2017.08.11 17:16:54.556,1.13753,1.13766,3.75,1.12
2017.08.11 17:16:55.065,1.13753,1.13765,4.31,1.00
2017.08.11 17:16:55.558,1.13758,1.13766,1.50,1.00
2017.08.11 17:16:55.610,1.13756,1.13766,2.29,1.00
2017.08.11 17:16:55.764,1.13756,1.1377,2.44,1.12
2017.08.11 17:16:56.122,1.13756,1.13766,2.25,1.00
2017.08.11 17:16:56.873,1.13754,1.13765,2.25,1.00
2017.08.11 17:16:57.080,1.13751,1.13763,1.75,1.25
2017.08.11 17:16:57.183,1.13751,1.13763,1.50,1.88
2017.08.11 17:16:57.439,1.13753,1.13766,2.81,1.69
2017.08.11 17:16:57.490,1.13753,1.13766,3.19,1.69
2017.08.11 17:16:57.942,1.13757,1.13769,1.00,2.62
2017.08.11 17:16:58.249,1.13756,1.13768,3.94,1.00
2017.08.11 17:16:58.555,1.13754,1.13765,1.50,1.00
2017.08.11 17:16:58.607,1.13752,1.13765,5.06,1.00
2017.08.11 17:16:59.113,1.13753,1.13765,1.50,1.50
2017.08.11 17:16:59.164,1.13753,1.13763,1.50,1.00
2017.08.11 17:16:59.318,1.13752,1.13763,1.00,1.12
2017.08.11 17:17:00.162,1.13752,1.13763,1.37,1.00
2017.08.11 17:17:00.674,1.13751,1.13763,1.37,1.62
2017.08.11 17:17:00.725,1.13751,1.13762,1.12,1.12
2017.08.11 17:17:01.272,1.13749,1.13761,1.50,1.50
2017.08.11 17:17:01.324,1.13749,1.13762,2.81,1.50
2017.08.11 17:17:01.375,1.13749,1.13762,3.00,1.50
2017.08.11 17:17:01.584,1.13749,1.13762,3.38,1.00
2017.08.11 17:17:02.094,1.13749,1.13762,2.44,1.12
2017.08.11 17:17:02.640,1.13749,1.13761,1.63,1.00
2017.08.11 17:17:03.177,1.13749,1.1376,1.37,1.00
2017.08.11 17:17:03.483,1.1375,1.13762,1.12,1.69
2017.08.11 17:17:04.013,1.1375,1.13762,1.12,1.31
2017.08.11 17:17:04.522,1.13751,1.13762,1.00,1.31
2017.08.11 17:17:06.590,1.1375,1.13762,1.00,1.69
2017.08.11 17:17:07.102,1.1375,1.13762,2.25,1.00
2017.08.11 17:17:10.232,1.1375,1.13761,1.50,1.25
2017.08.11 17:17:10.742,1.1375,1.13762,1.50,1.31
2017.08.11 17:17:12.105,1.1375,1.13761,1.37,1.00
2017.08.11 17:17:12.309,1.13749,1.1376,1.00,1.31
2017.08.11 17:17:17.954,1.13748,1.1376,1.37,1.50
2017.08.11 17:17:18.312,1.13749,1.13762,2.06,3.56
2017.08.11 17:17:18.721,1.13752,1.13763,1.00,1.31
2017.08.11 17:17:18.925,1.13749,1.13763,2.63,3.19
2017.08.11 17:17:19.531,1.1375,1.13763,4.31,1.69
2017.08.11 17:17:19.735,1.13752,1.13766,1.87,3.19
2017.08.11 17:17:21.192,1.13752,1.13766,2.44,3.19
2017.08.11 17:17:21.244,1.13752,1.13766,2.44,3.19
2017.08.11 17:17:21.759,1.13753,1.13766,2.25,1.50
2017.08.11 17:17:21.912,1.13753,1.13766,2.06,1.00
2017.08.11 17:17:22.732,1.13755,1.13769,3.37,1.12
2017.08.11 17:17:23.038,1.13757,1.13768,1.37,1.00
2017.08.11 17:17:23.548,1.13757,1.13768,1.00,1.12
2017.08.11 17:17:24.055,1.13757,1.13768,1.12,1.50
2017.08.11 17:17:25.329,1.13755,1.13766,2.25,1.00
2017.08.11 17:17:26.896,1.13754,1.13766,2.25,1.12
2017.08.11 17:17:26.947,1.13754,1.13765,1.87,1.00
2017.08.11 17:17:27.468,1.13755,1.13765,1.00,1.00
2017.08.11 17:17:29.494,1.13753,1.13764,1.75,1.25
2017.08.11 17:17:29.647,1.13753,1.13764,1.12,1.31
2017.08.11 17:17:30.195,1.13753,1.13764,1.37,1.50
2017.08.11 17:17:30.246,1.13753,1.13764,1.12,1.50
2017.08.11 17:17:31.153,1.13753,1.13765,1.63,2.06
2017.08.11 17:17:31.752,1.13754,1.13766,1.00,2.81
2017.08.11 17:17:32.280,1.13752,1.13764,1.87,1.12
2017.08.11 17:17:33.524,1.13754,1.13765,1.00,1.69
2017.08.11 17:17:35.844,1.13755,1.13766,1.00,2.63
2017.08.11 17:17:36.071,1.13756,1.13767,1.00,1.87
2017.08.11 17:17:36.836,1.13756,1.13768,1.31,1.37
2017.08.11 17:17:36.938,1.13757,1.13769,1.50,1.00
2017.08.11 17:17:37.483,1.13757,1.13769,1.75,1.31
2017.08.11 17:17:37.738,1.13756,1.13768,2.81,2.06
2017.08.11 17:17:39.170,1.13757,1.1377,1.00,3.00
2017.08.11 17:17:39.374,1.13757,1.1377,1.50,1.69
2017.08.11 17:17:41.101,1.13756,1.13769,1.87,2.25
2017.08.11 17:17:41.256,1.13756,1.13768,1.00,2.25
2017.08.11 17:17:43.360,1.13755,1.13767,1.50,2.48
2017.08.11 17:17:43.884,1.13754,1.13766,1.37,1.88
2017.08.11 17:17:46.673,1.13753,1.13765,1.12,1.50
2017.08.11 17:17:46.725,1.13753,1.13763,1.37,1.00
2017.08.11 17:17:46.878,1.13749,1.13762,3.00,1.25
2017.08.11 17:17:46.982,1.13749,1.13761,3.00,1.69
2017.08.11 17:17:47.941,1.1375,1.13764,2.63,3.00
2017.08.11 17:17:47.993,1.1375,1.13763,2.63,1.00
2017.08.11 17:17:48.509,1.13751,1.13764,1.91,2.44
2017.08.11 17:17:51.679,1.1375,1.13762,1.00,2.63
2017.08.11 17:17:52.213,1.13748,1.13761,3.94,1.69
2017.08.11 17:17:52.728,1.13748,1.1376,1.87,2.06
2017.08.11 17:17:54.770,1.13749,1.13761,1.44,1.75
2017.08.11 17:17:54.872,1.13751,1.13763,1.00,1.80
2017.08.11 17:17:54.975,1.13751,1.13763,1.50,1.16
2017.08.11 17:17:55.497,1.13749,1.13762,3.19,1.13
2017.08.11 17:17:56.007,1.1375,1.13762,1.69,1.12
2017.08.11 17:17:56.839,1.13751,1.13764,1.50,1.88
2017.08.11 17:17:57.349,1.13749,1.13762,3.38,1.50
2017.08.11 17:17:58.391,1.13751,1.13764,2.06,1.37
2017.08.11 17:17:58.546,1.13753,1.13766,1.37,4.35
2017.08.11 17:17:58.797,1.13754,1.13766,1.87,1.50
2017.08.11 17:17:59.591,1.13755,1.13767,1.25,1.12
2017.08.11 17:17:59.693,1.13755,1.13768,2.00,3.98
2017.08.11 17:18:00.206,1.13754,1.13766,2.25,1.31
2017.08.11 17:18:02.377,1.13755,1.13766,1.50,1.00
2017.08.11 17:18:02.886,1.13755,1.13766,1.00,1.69
2017.08.11 17:18:03.404,1.13754,1.13766,1.50,2.25
2017.08.11 17:18:03.914,1.13753,1.13765,1.12,2.25
2017.08.11 17:18:04.567,1.13752,1.13765,1.50,3.60
2017.08.11 17:18:05.215,1.13752,1.13764,1.12,1.50
2017.08.11 17:18:12.317,1.1375,1.13762,1.87,1.00
2017.08.11 17:18:12.368,1.1375,1.1376,1.12,1.00
2017.08.11 17:18:12.572,1.13749,1.13761,2.25,1.50
2017.08.11 17:18:13.352,1.13749,1.13761,1.00,1.50
2017.08.11 17:18:16.239,1.1375,1.13761,1.00,1.37
2017.08.11 17:18:16.778,1.1375,1.13761,1.12,1.00
2017.08.11 17:18:17.294,1.1375,1.13763,2.81,1.50
2017.08.11 17:18:18.491,1.13751,1.13761,1.00,1.00
2017.08.11 17:18:18.542,1.13748,1.13759,4.12,1.00
2017.08.11 17:18:18.737,1.13748,1.1376,3.00,1.88
2017.08.11 17:18:19.799,1.13746,1.13759,2.62,2.25
2017.08.11 17:18:19.952,1.13746,1.13758,2.25,2.06
2017.08.11 17:18:21.806,1.13746,1.13755,1.87,1.00
2017.08.11 17:18:21.960,1.13741,1.13753,2.25,1.12
2017.08.11 17:18:22.012,1.1374,1.13753,3.56,1.37
2017.08.11 17:18:22.534,1.13738,1.13751,1.87,1.91
2017.08.11 17:18:22.841,1.13738,1.1375,1.00,1.75
2017.08.11 17:18:23.148,1.13732,1.13745,1.87,1.31
2017.08.11 17:18:23.440,1.13732,1.13745,1.88,1.87
2017.08.11 17:18:30.107,1.13735,1.13746,1.00,2.25
2017.08.11 17:18:30.363,1.13736,1.13748,1.12,1.87
2017.08.11 17:18:32.670,1.13736,1.13749,2.25,3.00
2017.08.11 17:18:33.194,1.13735,1.13748,1.69,1.75
2017.08.11 17:18:33.757,1.13735,1.13748,1.37,2.06
2017.08.11 17:18:34.283,1.13735,1.13748,1.00,2.44
2017.08.11 17:18:34.950,1.13735,1.13748,1.12,2.81
2017.08.11 17:18:35.263,1.13737,1.13748,1.00,1.75
2017.08.11 17:18:35.629,1.13738,1.1375,1.50,2.44
2017.08.11 17:18:35.731,1.13738,1.1375,1.37,2.25
2017.08.11 17:18:37.157,1.13738,1.1375,1.00,1.87
2017.08.11 17:18:37.751,1.13737,1.13749,3.56,1.37
2017.08.11 17:18:38.506,1.13737,1.13748,1.87,1.00
2017.08.11 17:18:39.013,1.13737,1.13748,1.37,1.37
2017.08.11 17:18:39.599,1.13737,1.13748,1.00,1.37
2017.08.11 17:18:40.343,1.13736,1.13748,4.31,1.37
2017.08.11 17:18:40.702,1.13738,1.13749,1.87,2.85
2017.08.11 17:18:40.961,1.13739,1.13752,1.31,4.31
2017.08.11 17:18:43.566,1.13738,1.13751,1.69,1.75
2017.08.11 17:18:45.536,1.1374,1.13751,1.44,1.87
2017.08.11 17:18:45.689,1.13741,1.13753,2.25,2.25
2017.08.11 17:18:46.189,1.13744,1.13752,1.00,1.25
2017.08.11 17:18:46.393,1.13745,1.13757,1.00,2.62
2017.08.11 17:18:46.852,1.13745,1.13756,1.12,1.50
2017.08.11 17:18:47.382,1.13745,1.13756,1.00,1.50
2017.08.11 17:18:47.892,1.13743,1.13756,3.00,1.69
2017.08.11 17:18:48.699,1.13744,1.13757,1.50,2.62
2017.08.11 17:18:49.209,1.13744,1.13756,1.12,1.69
2017.08.11 17:18:51.079,1.13744,1.13756,2.25,1.12
2017.08.11 17:18:51.678,1.13744,1.13757,2.06,2.81
2017.08.11 17:18:52.247,1.13744,1.13756,1.69,1.12
2017.08.11 17:18:52.769,1.13744,1.13756,1.00,1.37
2017.08.11 17:18:53.305,1.13742,1.13755,1.87,1.88
2017.08.11 17:18:54.863,1.13742,1.13754,1.12,1.25
2017.08.11 17:18:56.266,1.13741,1.13753,2.62,1.13
2017.08.11 17:18:56.818,1.13741,1.13753,2.25,1.31
2017.08.11 17:19:00.680,1.13742,1.13752,1.00,1.00
2017.08.11 17:19:01.733,1.13742,1.13753,1.00,1.69
2017.08.11 17:19:01.963,1.1374,1.13751,1.12,1.00
2017.08.11 17:19:02.219,1.13737,1.13749,3.00,1.12
2017.08.11 17:19:02.730,1.13736,1.13748,1.87,1.50
2017.08.11 17:19:05.659,1.13736,1.13747,1.87,1.31
2017.08.11 17:19:09.221,1.13736,1.13747,1.00,1.88
2017.08.11 17:19:10.116,1.13735,1.13747,1.50,2.25
2017.08.11 17:19:10.956,1.13735,1.13747,4.69,1.00
2017.08.11 17:19:11.469,1.13736,1.13748,1.69,2.25
2017.08.11 17:19:11.984,1.13736,1.13748,2.25,1.12
2017.08.11 17:19:12.523,1.13735,1.13748,2.25,2.63
2017.08.11 17:19:12.728,1.13732,1.13744,2.25,1.12
2017.08.11 17:19:13.602,1.13733,1.13745,1.31,1.87
2017.08.11 17:19:14.533,1.13735,1.13746,1.25,1.75
2017.08.11 17:19:14.636,1.13735,1.13747,1.88,1.87
2017.08.11 17:19:15.020,1.13733,1.13744,1.12,1.50
2017.08.11 17:19:15.123,1.13732,1.13743,2.25,1.25
2017.08.11 17:19:15.711,1.13732,1.13745,1.88,2.25
2017.08.11 17:19:15.767,1.13732,1.13744,1.50,1.50
2017.08.11 17:19:16.276,1.13731,1.13743,1.50,1.31
2017.08.11 17:19:18.157,1.13732,1.13744,1.50,1.00
2017.08.11 17:19:18.533,1.13734,1.13746,1.50,4.91
2017.08.11 17:19:19.057,1.13734,1.13745,1.50,1.00
2017.08.11 17:19:19.579,1.13733,1.13745,1.50,1.69
2017.08.11 17:19:22.589,1.13733,1.13743,1.50,1.00
2017.08.11 17:19:23.124,1.13732,1.13743,1.50,1.00
2017.08.11 17:19:23.959,1.13733,1.13744,1.12,1.50
2017.08.11 17:19:24.946,1.13734,1.13745,1.25,1.87
2017.08.11 17:19:26.622,1.13734,1.13745,1.12,1.50
2017.08.11 17:19:26.993,1.13732,1.13744,1.87,1.88
2017.08.11 17:19:27.503,1.13732,1.13743,1.00,1.50
2017.08.11 17:19:28.190,1.13733,1.13744,1.00,1.37
2017.08.11 17:19:28.344,1.13734,1.13746,2.63,3.97
2017.08.11 17:19:29.367,1.13735,1.13747,1.69,1.69
2017.08.11 17:19:32.353,1.13734,1.13744,1.87,1.00
2017.08.11 17:19:32.406,1.13735,1.13746,1.50,1.12
2017.08.11 17:19:33.951,1.13736,1.13747,1.12,1.50
2017.08.11 17:19:34.345,1.13733,1.13744,1.87,1.00
2017.08.11 17:19:34.569,1.13732,1.13743,1.31,1.12
2017.08.11 17:19:36.152,1.1373,1.13742,2.25,1.50
2017.08.11 17:19:36.256,1.13728,1.1374,3.00,1.25
2017.08.11 17:19:36.804,1.13728,1.13741,3.38,2.63
2017.08.11 17:19:39.254,1.13728,1.1374,3.19,1.00
2017.08.11 17:19:39.356,1.13728,1.13738,2.25,1.00
2017.08.11 17:19:39.509,1.13727,1.13739,1.87,1.69
2017.08.11 17:19:40.022,1.13727,1.13738,1.87,1.00
2017.08.11 17:19:41.070,1.13723,1.13737,2.44,2.48
2017.08.11 17:19:41.377,1.13722,1.13736,2.00,3.38
2017.08.11 17:19:41.887,1.13722,1.13735,1.94,2.66
2017.08.11 17:19:43.266,1.1372,1.13735,3.56,4.35
2017.08.11 17:19:43.775,1.13722,1.13734,1.37,1.50
2017.08.11 17:19:44.329,1.13722,1.13735,1.37,5.48
2017.08.11 17:19:48.589,1.13721,1.13734,1.31,2.06
2017.08.11 17:19:52.701,1.13721,1.13733,2.44,1.87
2017.08.11 17:19:55.589,1.13722,1.13732,1.87,1.00
2017.08.11 17:19:56.142,1.13721,1.13733,1.69,1.31
2017.08.11 17:19:59.197,1.1372,1.13732,2.09,2.06
2017.08.11 17:19:59.744,1.1372,1.13731,1.78,1.00
2017.08.11 17:20:00.377,1.13721,1.1373,1.00,2.29
2017.08.11 17:20:00.532,1.13715,1.13726,1.75,1.00
2017.08.11 17:20:01.037,1.13715,1.13727,1.50,3.23
2017.08.11 17:20:07.328,1.13715,1.13727,1.50,1.67
2017.08.11 17:20:12.488,1.13716,1.13728,1.31,3.04
2017.08.11 17:20:12.997,1.13716,1.13727,1.00,2.63
2017.08.11 17:20:13.546,1.13715,1.13727,1.50,4.13
2017.08.11 17:20:14.067,1.13715,1.13727,1.12,4.50
2017.08.11 17:20:14.925,1.13716,1.13727,1.00,1.37
2017.08.11 17:20:15.457,1.13716,1.13727,1.69,1.12
2017.08.11 17:20:16.067,1.13716,1.13728,1.69,1.69
2017.08.11 17:20:28.260,1.13718,1.13729,1.13,1.37
2017.08.11 17:20:28.809,1.13717,1.13728,2.00,1.00
2017.08.11 17:20:29.632,1.13717,1.13729,1.88,1.00
2017.08.11 17:20:30.040,1.13717,1.13729,1.50,1.69
2017.08.11 17:20:31.852,1.13717,1.13729,1.50,1.50
2017.08.11 17:20:32.389,1.13716,1.13729,2.47,1.69
2017.08.11 17:20:33.423,1.13716,1.13727,1.63,1.00
2017.08.11 17:20:34.038,1.13716,1.13728,1.37,1.50
2017.08.11 17:20:34.577,1.13716,1.13727,1.00,1.12
2017.08.11 17:20:36.581,1.13716,1.13729,3.04,3.75
2017.08.11 17:20:38.646,1.13715,1.13728,2.25,3.38
2017.08.11 17:20:39.296,1.13715,1.13727,2.25,1.00
2017.08.11 17:20:45.349,1.13716,1.13728,1.38,1.69
2017.08.11 17:20:46.366,1.13715,1.13727,2.25,1.00
2017.08.11 17:20:47.938,1.13716,1.13728,1.50,1.35
2017.08.11 17:20:48.480,1.13716,1.13727,1.69,1.00
2017.08.11 17:20:48.996,1.13716,1.13728,1.69,2.81
2017.08.11 17:20:52.701,1.13715,1.13728,1.88,3.79
2017.08.11 17:20:53.686,1.13714,1.13727,2.25,2.10
2017.08.11 17:20:54.242,1.13715,1.13726,2.00,1.00
2017.08.11 17:20:54.753,1.13714,1.13727,1.88,1.50
2017.08.11 17:20:57.101,1.13717,1.13729,1.37,1.69
2017.08.11 17:20:57.697,1.13717,1.1373,2.85,3.38
2017.08.11 17:20:58.236,1.13717,1.13729,2.66,1.31
2017.08.11 17:20:58.767,1.13717,1.13729,3.05,1.50
2017.08.11 17:21:00.313,1.13719,1.13731,1.00,2.25
2017.08.11 17:21:00.621,1.1372,1.13731,1.69,1.50
2017.08.11 17:21:00.879,1.13723,1.13734,1.31,1.12
2017.08.11 17:21:01.012,1.13724,1.13734,1.50,1.00
2017.08.11 17:21:01.327,1.13724,1.13736,1.69,2.06
2017.08.11 17:21:01.378,1.13724,1.13734,1.50,1.00
2017.08.11 17:21:02.007,1.13724,1.13735,1.50,1.00
2017.08.11 17:21:02.408,1.13726,1.13737,1.87,1.69
2017.08.11 17:21:02.936,1.13724,1.13736,3.23,1.00
2017.08.11 17:21:03.282,1.13724,1.13736,1.69,1.31
2017.08.11 17:21:04.786,1.13725,1.13738,1.88,1.87
2017.08.11 17:21:05.318,1.13726,1.13737,1.50,1.00
2017.08.11 17:21:10.210,1.13727,1.13738,1.12,1.12
2017.08.11 17:21:10.718,1.13727,1.13737,1.12,1.00
2017.08.11 17:21:19.338,1.13726,1.13738,1.88,1.12
2017.08.11 17:21:19.844,1.13726,1.13737,3.00,1.00
2017.08.11 17:21:19.895,1.13725,1.13735,1.75,1.00
2017.08.11 17:21:20.048,1.13723,1.13734,2.62,1.00
2017.08.11 17:21:24.140,1.13723,1.13733,1.37,1.00
2017.08.11 17:21:24.247,1.13721,1.13732,1.87,1.00
2017.08.11 17:21:24.719,1.13724,1.13735,1.31,1.00
2017.08.11 17:21:24.770,1.13725,1.13737,1.44,1.75
2017.08.11 17:21:24.822,1.13726,1.13737,1.12,1.12
2017.08.11 17:21:24.924,1.13727,1.1374,1.88,1.67
2017.08.11 17:21:25.445,1.13728,1.13739,1.69,1.00
2017.08.11 17:21:26.720,1.13728,1.13741,1.50,3.97
2017.08.11 17:21:27.239,1.13727,1.13737,2.25,1.25
2017.08.11 17:21:27.647,1.13726,1.13735,1.12,1.00
2017.08.11 17:21:30.511,1.13725,1.13736,1.50,1.31
2017.08.11 17:21:31.119,1.13724,1.13735,1.75,1.00
2017.08.11 17:21:31.374,1.13724,1.13734,1.00,1.31
2017.08.11 17:21:31.879,1.13721,1.13733,3.56,1.12
2017.08.11 17:21:32.746,1.13721,1.13733,3.19,1.50
2017.08.11 17:21:33.615,1.13721,1.13733,3.19,1.87
2017.08.11 17:21:38.645,1.13721,1.13733,1.88,1.50
2017.08.11 17:21:39.154,1.13722,1.13733,1.87,1.00
2017.08.11 17:21:39.661,1.13723,1.13734,1.00,1.12
2017.08.11 17:21:49.677,1.13724,1.13734,1.00,1.50
2017.08.11 17:21:50.186,1.13725,1.13736,1.12,1.87
2017.08.11 17:21:50.696,1.13725,1.13736,1.50,1.00
2017.08.11 17:21:51.267,1.13724,1.13737,2.25,1.00
2017.08.11 17:21:51.472,1.13724,1.13735,1.87,1.00
2017.08.11 17:21:51.818,1.13726,1.13738,2.06,1.50
2017.08.11 17:21:53.141,1.13726,1.13737,2.06,1.25
2017.08.11 17:21:54.091,1.13726,1.13738,1.50,1.31
2017.08.11 17:21:55.423,1.13726,1.13737,1.87,1.00
2017.08.11 17:21:55.960,1.13726,1.13738,1.69,1.69
2017.08.11 17:21:56.869,1.13726,1.13737,1.69,1.00
2017.08.11 17:21:57.516,1.13726,1.13739,1.88,3.00
2017.08.11 17:21:59.890,1.13727,1.13738,1.12,1.88
2017.08.11 17:22:01.221,1.13727,1.13738,1.12,1.69
2017.08.11 17:22:02.417,1.13727,1.13739,3.00,2.62
2017.08.11 17:22:03.457,1.13727,1.13739,3.56,3.00
2017.08.11 17:22:07.218,1.13727,1.13737,1.00,1.25
2017.08.11 17:22:07.725,1.13727,1.13738,1.00,1.50
2017.08.11 17:22:16.203,1.13726,1.13738,3.37,2.48
2017.08.11 17:22:21.959,1.13726,1.13738,1.50,2.66
2017.08.11 17:22:22.218,1.13724,1.13735,1.31,1.00
2017.08.11 17:22:22.321,1.13723,1.13735,2.25,2.85
2017.08.11 17:22:22.853,1.13723,1.13735,1.12,1.67
2017.08.11 17:22:23.363,1.13723,1.13734,1.50,1.50
2017.08.11 17:22:24.252,1.13724,1.13734,1.00,2.06
2017.08.11 17:22:24.591,1.13726,1.13736,1.12,1.37
2017.08.11 17:22:24.644,1.13726,1.13737,1.12,1.50
2017.08.11 17:22:25.512,1.13726,1.13737,1.12,2.48
2017.08.11 17:22:25.564,1.13724,1.13734,1.75,1.00
2017.08.11 17:22:25.809,1.13722,1.13733,1.87,1.50
2017.08.11 17:22:26.330,1.13722,1.13734,1.87,1.31
2017.08.11 17:22:31.467,1.13723,1.13735,1.00,3.00
2017.08.11 17:22:31.671,1.13723,1.13735,1.37,2.06
2017.08.11 17:22:32.618,1.13725,1.13736,1.00,2.06
2017.08.11 17:22:33.125,1.13725,1.13736,1.12,1.31
2017.08.11 17:22:36.339,1.13724,1.13735,1.87,1.13
2017.08.11 17:22:39.772,1.13724,1.13733,1.00,1.25
2017.08.11 17:22:39.976,1.13721,1.13732,1.00,1.50
2017.08.11 17:22:44.339,1.1372,1.1373,1.87,1.00
2017.08.11 17:22:44.874,1.1372,1.1373,1.12,1.00
2017.08.11 17:22:45.419,1.1372,1.13731,1.12,1.69
2017.08.11 17:22:53.865,1.13721,1.13731,1.35,1.00
2017.08.11 17:22:54.172,1.13727,1.13737,1.00,1.12
2017.08.11 17:22:54.439,1.13729,1.1374,1.12,2.62
2017.08.11 17:22:54.593,1.13726,1.13738,1.37,1.50
2017.08.11 17:22:54.696,1.13726,1.13737,1.00,1.50
2017.08.11 17:22:55.402,1.13727,1.13738,1.00,2.06
2017.08.11 17:22:58.391,1.13728,1.13739,1.69,1.12
2017.08.11 17:22:58.493,1.13728,1.13739,1.31,2.25
2017.08.11 17:22:59.003,1.13728,1.13739,1.25,2.81
2017.08.11 17:23:00.329,1.13729,1.13739,1.00,2.81
2017.08.11 17:23:00.431,1.13727,1.13738,1.50,1.00
2017.08.11 17:23:01.033,1.13728,1.13738,1.00,1.12
2017.08.11 17:23:01.577,1.13729,1.13738,1.00,1.12
2017.08.11 17:23:01.629,1.13727,1.13739,4.13,2.06
2017.08.11 17:23:01.836,1.13729,1.13739,1.00,2.06
2017.08.11 17:23:02.365,1.13728,1.13739,1.00,1.31
2017.08.11 17:23:03.022,1.13728,1.13739,2.25,1.00
2017.08.11 17:23:05.873,1.13732,1.13739,1.50,1.00
2017.08.11 17:23:05.925,1.13731,1.13741,1.54,1.00
2017.08.11 17:23:06.819,1.13731,1.1374,1.00,1.00
2017.08.11 17:23:07.941,1.13732,1.13743,3.23,1.87
2017.08.11 17:23:08.473,1.13731,1.1374,1.50,1.25
2017.08.11 17:23:08.988,1.13732,1.1374,1.25,1.00
2017.08.11 17:23:09.757,1.13731,1.13741,2.44,2.62
2017.08.11 17:23:10.421,1.13731,1.13741,2.44,2.62
2017.08.11 17:23:10.723,1.1373,1.13739,1.12,1.00
2017.08.11 17:23:10.825,1.1373,1.13741,3.19,1.12
2017.08.11 17:23:10.928,1.13733,1.13743,3.41,2.25
2017.08.11 17:23:11.184,1.13739,1.13751,1.31,1.50
2017.08.11 17:23:11.235,1.13741,1.13751,1.12,1.12
2017.08.11 17:23:11.853,1.13738,1.13751,1.75,1.88
2017.08.11 17:23:12.007,1.13737,1.13748,3.56,1.25
2017.08.11 17:23:12.262,1.13739,1.1375,1.37,1.13
2017.08.11 17:23:12.780,1.13739,1.1375,1.31,1.31
2017.08.11 17:23:12.831,1.13739,1.13749,1.63,1.00
2017.08.11 17:23:12.883,1.1374,1.13751,1.50,2.06
2017.08.11 17:23:13.038,1.13742,1.13754,1.63,1.50
2017.08.11 17:23:13.142,1.13743,1.13755,1.37,1.00
2017.08.11 17:23:13.245,1.13745,1.13758,1.37,1.12
2017.08.11 17:23:13.553,1.13744,1.13754,1.75,1.13
2017.08.11 17:23:14.257,1.13744,1.13753,1.75,1.00
2017.08.11 17:23:14.411,1.13742,1.13753,3.79,1.13
2017.08.11 17:23:14.921,1.13743,1.13754,2.25,1.13
2017.08.11 17:23:14.972,1.13743,1.13754,1.50,1.25
2017.08.11 17:23:15.227,1.13745,1.13756,1.50,1.69
2017.08.11 17:23:15.484,1.13744,1.13754,1.75,1.25
2017.08.11 17:23:16.087,1.13744,1.13755,3.79,1.25
2017.08.11 17:23:16.395,1.13744,1.13753,2.25,1.25
2017.08.11 17:23:16.905,1.13742,1.13753,5.29,1.25
2017.08.11 17:23:17.360,1.13749,1.13761,1.60,3.75
2017.08.11 17:23:17.464,1.1375,1.13761,1.72,1.87
2017.08.11 17:23:17.515,1.1375,1.13761,1.72,1.50
2017.08.11 17:23:17.567,1.1375,1.1376,1.72,1.00
2017.08.11 17:23:17.671,1.13751,1.13763,2.25,1.88
2017.08.11 17:23:17.774,1.13751,1.13764,1.91,1.00
2017.08.11 17:23:18.085,1.13752,1.13761,1.67,1.00
2017.08.11 17:23:18.386,1.1375,1.13759,2.25,1.25
2017.08.11 17:23:19.374,1.13748,1.13758,1.75,1.13
2017.08.11 17:23:19.621,1.13745,1.13756,1.75,1.12
2017.08.11 17:23:20.133,1.13744,1.13755,1.87,1.00
2017.08.11 17:23:20.843,1.13744,1.13756,1.50,1.69
2017.08.11 17:23:21.366,1.13744,1.13755,1.50,1.25
2017.08.11 17:23:22.342,1.13742,1.13754,2.25,1.13
2017.08.11 17:23:22.855,1.13742,1.13753,3.00,1.00
2017.08.11 17:23:23.364,1.13744,1.13755,1.12,1.50
2017.08.11 17:23:23.730,1.13744,1.13756,1.50,1.50
2017.08.11 17:23:24.088,1.13745,1.13757,1.37,1.87
2017.08.11 17:23:24.394,1.13747,1.13759,1.87,1.87
2017.08.11 17:23:25.272,1.13747,1.13758,2.62,1.00
2017.08.11 17:23:25.805,1.13747,1.13759,3.22,1.00
2017.08.11 17:23:26.477,1.1375,1.13763,1.12,1.75
2017.08.11 17:23:26.581,1.1375,1.13762,1.72,1.12
2017.08.11 17:23:27.458,1.1375,1.13761,2.10,1.00
2017.08.11 17:23:28.178,1.13751,1.13763,1.67,1.00
2017.08.11 17:23:28.718,1.13751,1.13762,1.67,1.00
2017.08.11 17:23:29.071,1.13751,1.13764,2.85,1.37
2017.08.11 17:23:29.342,1.13754,1.13766,2.47,1.87
2017.08.11 17:23:29.393,1.13756,1.13768,1.37,1.37
2017.08.11 17:23:29.549,1.13757,1.13769,1.50,1.69
2017.08.11 17:23:29.600,1.13757,1.13769,1.50,1.62
2017.08.11 17:23:30.350,1.13757,1.1377,2.25,2.21
2017.08.11 17:23:30.554,1.13757,1.1377,2.25,3.15
2017.08.11 17:23:31.248,1.13755,1.13769,3.97,1.25
2017.08.11 17:23:31.560,1.13764,1.13777,1.35,2.44
2017.08.11 17:23:31.663,1.13764,1.13776,1.72,1.25
2017.08.11 17:23:32.168,1.13764,1.13777,2.10,1.19
2017.08.11 17:23:32.322,1.13768,1.13782,1.87,3.60
2017.08.11 17:23:32.476,1.13768,1.13782,2.25,1.00
2017.08.11 17:23:33.102,1.13771,1.13784,1.37,1.69
2017.08.11 17:23:33.633,1.13772,1.13785,2.62,1.00
2017.08.11 17:23:33.685,1.13776,1.13787,1.12,1.37
2017.08.11 17:23:33.839,1.13779,1.13792,2.25,1.50
2017.08.11 17:23:34.096,1.13777,1.13791,2.25,2.25
2017.08.11 17:23:34.602,1.13776,1.1379,1.75,1.50
2017.08.11 17:23:35.111,1.13777,1.13791,2.25,1.50
2017.08.11 17:23:35.641,1.13777,1.13791,2.25,1.50
2017.08.11 17:23:36.110,1.13776,1.13789,2.25,1.00
2017.08.11 17:23:36.366,1.13771,1.13785,3.00,1.50
2017.08.11 17:23:36.672,1.13772,1.13783,1.00,1.12
2017.08.11 17:23:37.137,1.1377,1.13781,1.75,1.00
2017.08.11 17:23:37.648,1.13769,1.13783,2.25,3.19
2017.08.11 17:23:38.490,1.1377,1.13783,1.75,2.06
2017.08.11 17:23:39.039,1.1377,1.13783,1.75,2.06
2017.08.11 17:23:39.554,1.13769,1.13782,1.75,1.69
2017.08.11 17:23:40.019,1.13774,1.13783,1.00,2.44
2017.08.11 17:23:40.121,1.13774,1.13785,2.62,2.25
2017.08.11 17:23:40.173,1.13776,1.13786,1.50,1.00
2017.08.11 17:23:40.224,1.13777,1.13788,1.87,1.12
2017.08.11 17:23:40.276,1.1378,1.13791,1.00,1.12
2017.08.11 17:23:40.379,1.1378,1.13795,2.25,2.70
2017.08.11 17:23:40.889,1.1378,1.13794,3.00,1.12
2017.08.11 17:23:41.385,1.13778,1.13793,4.12,1.62
2017.08.11 17:23:41.915,1.13778,1.13793,3.75,2.25
2017.08.11 17:23:42.225,1.13786,1.13798,1.37,3.00
2017.08.11 17:23:42.748,1.13786,1.13799,1.75,5.06
2017.08.11 17:23:43.261,1.13787,1.13799,2.25,1.12
2017.08.11 17:23:43.313,1.13788,1.13802,1.37,1.87
2017.08.11 17:23:43.723,1.13794,1.13802,1.00,1.81
2017.08.11 17:23:43.779,1.13791,1.13805,1.12,2.62
2017.08.11 17:23:43.830,1.1379,1.13804,3.00,1.37
2017.08.11 17:23:43.984,1.1379,1.13803,2.25,1.00
2017.08.11 17:23:44.496,1.13789,1.13803,1.75,1.87
2017.08.11 17:23:45.507,1.13793,1.13803,3.00,1.50
2017.08.11 17:23:45.558,1.13798,1.1381,1.12,1.50
2017.08.11 17:23:45.610,1.13798,1.1381,1.37,1.12
2017.08.11 17:23:46.118,1.13798,1.1381,1.75,1.87
2017.08.11 17:23:46.627,1.13797,1.1381,1.87,1.25
2017.08.11 17:23:47.939,1.138,1.13811,1.87,1.37
2017.08.11 17:23:48.590,1.13801,1.13813,1.69,1.87
2017.08.11 17:23:48.642,1.138,1.13814,4.50,1.12
2017.08.11 17:23:48.744,1.138,1.13814,4.12,1.13
2017.08.11 17:23:48.847,1.13802,1.13816,1.50,4.50
2017.08.11 17:23:49.102,1.13805,1.13817,1.37,1.00
2017.08.11 17:23:49.610,1.13805,1.13819,1.50,1.63
2017.08.11 17:23:49.917,1.138,1.13815,3.37,2.44
2017.08.11 17:23:50.019,1.13799,1.13812,2.25,1.00
2017.08.11 17:23:50.071,1.13798,1.13812,2.25,1.25
2017.08.11 17:23:50.173,1.13798,1.13812,2.25,1.31
2017.08.11 17:23:51.288,1.13798,1.13811,2.25,1.00
2017.08.11 17:23:51.797,1.13801,1.13815,1.00,1.94
2017.08.11 17:23:51.900,1.13801,1.13814,1.50,1.00
2017.08.11 17:23:54.125,1.13802,1.13815,1.12,1.12
2017.08.11 17:23:55.116,1.13802,1.13816,1.12,2.25
2017.08.11 17:23:55.625,1.13802,1.13815,1.12,1.12
2017.08.11 17:23:56.296,1.13802,1.13815,1.12,1.12
2017.08.11 17:23:56.847,1.13802,1.13815,1.12,1.12
2017.08.11 17:23:57.051,1.13804,1.13817,1.00,2.06
2017.08.11 17:23:57.205,1.13804,1.13818,1.12,1.75
2017.08.11 17:23:57.258,1.13804,1.13818,1.37,1.62
2017.08.11 17:23:57.786,1.13806,1.13818,1.12,1.44
2017.08.11 17:23:58.244,1.13806,1.13817,1.12,1.35
2017.08.11 17:23:59.162,1.13805,1.13817,1.00,1.47
2017.08.11 17:23:59.419,1.13801,1.13814,3.75,1.47
2017.08.11 17:23:59.470,1.13801,1.13814,3.37,2.15
2017.08.11 17:24:00.109,1.13799,1.13811,2.25,1.00
2017.08.11 17:24:02.469,1.138,1.13813,2.25,2.25
2017.08.11 17:24:02.776,1.138,1.1381,1.87,1.50
2017.08.11 17:24:03.318,1.13798,1.13809,2.25,1.13
2017.08.11 17:24:03.827,1.13796,1.13808,2.25,1.00
2017.08.11 17:24:04.050,1.13797,1.13807,1.00,1.00
2017.08.11 17:24:04.153,1.13793,1.13805,1.75,1.00
2017.08.11 17:24:04.458,1.1379,1.13801,2.62,1.12
2017.08.11 17:24:04.510,1.13789,1.13801,1.12,1.00
2017.08.11 17:24:05.276,1.13788,1.138,1.75,1.50
2017.08.11 17:24:05.815,1.13787,1.13799,1.75,1.00
2017.08.11 17:24:06.935,1.13787,1.13798,1.75,1.50
2017.08.11 17:24:07.318,1.13785,1.13798,3.19,1.50
2017.08.11 17:24:07.500,1.13786,1.13796,1.12,1.25
2017.08.11 17:24:07.602,1.13786,1.13796,1.00,2.44
2017.08.11 17:24:08.135,1.13784,1.13797,2.44,1.88
2017.08.11 17:24:08.391,1.13786,1.13799,2.00,1.31
2017.08.11 17:24:11.083,1.13785,1.13795,1.31,1.50
2017.08.11 17:24:11.309,1.13785,1.13796,1.37,2.44
2017.08.11 17:24:11.361,1.1378,1.13791,4.50,1.35
2017.08.11 17:24:11.413,1.13776,1.1379,5.25,1.00
2017.08.11 17:24:11.464,1.13775,1.1379,6.56,1.12
2017.08.11 17:24:12.681,1.13777,1.1379,2.06,1.37
2017.08.11 17:24:13.282,1.13777,1.13792,2.06,3.37
2017.08.11 17:24:13.793,1.13779,1.13789,1.50,1.37
2017.08.11 17:24:14.754,1.13775,1.13789,4.16,1.37
2017.08.11 17:24:15.816,1.13774,1.13788,5.63,2.25
2017.08.11 17:24:15.869,1.13774,1.13785,1.00,1.12
2017.08.11 17:24:16.484,1.13773,1.13785,2.44,1.37
2017.08.11 17:24:19.700,1.13772,1.13784,1.25,1.87
2017.08.11 17:24:21.505,1.13772,1.13784,1.44,1.37
2017.08.11 17:24:21.709,1.13773,1.13785,3.04,1.00
2017.08.11 17:24:24.064,1.13773,1.13784,2.62,1.00
2017.08.11 17:24:24.425,1.13771,1.1378,2.25,1.43
2017.08.11 17:24:24.527,1.13765,1.13775,1.75,1.00
2017.08.11 17:24:24.579,1.13763,1.13775,3.00,1.87
2017.08.11 17:24:24.631,1.13762,1.13774,1.00,1.87
2017.08.11 17:24:25.170,1.13762,1.13775,2.25,1.75
2017.08.11 17:24:25.221,1.13763,1.13774,1.00,1.00
2017.08.11 17:24:25.427,1.13762,1.13773,2.25,1.87
2017.08.11 17:24:25.478,1.1376,1.13772,2.47,1.50
2017.08.11 17:24:26.920,1.13757,1.13769,1.87,1.12
2017.08.11 17:24:27.125,1.13756,1.13767,1.00,1.00
2017.08.11 17:24:28.871,1.13754,1.13767,2.25,1.50
2017.08.11 17:24:29.027,1.13751,1.13762,1.75,1.00
2017.08.11 17:24:29.129,1.13749,1.13762,1.75,1.00
2017.08.11 17:24:29.231,1.13749,1.13762,2.25,1.12
2017.08.11 17:24:29.283,1.13749,1.1376,2.25,1.00
2017.08.11 17:24:29.392,1.13749,1.1376,2.25,1.00
2017.08.11 17:24:29.899,1.13747,1.13761,2.00,1.00
2017.08.11 17:24:30.412,1.13749,1.13762,2.44,1.00
2017.08.11 17:24:30.567,1.13749,1.1376,2.44,1.12
2017.08.11 17:24:30.622,1.13749,1.1376,1.69,1.00
2017.08.11 17:24:31.178,1.13747,1.1376,2.25,1.00
2017.08.11 17:24:31.281,1.13744,1.13758,2.25,1.00
2017.08.11 17:24:31.434,1.13742,1.13754,2.06,1.12
2017.08.11 17:24:31.587,1.13742,1.13755,2.06,1.50
2017.08.11 17:24:34.652,1.1374,1.13753,2.25,1.00
2017.08.11 17:24:34.755,1.1374,1.13753,2.25,1.12
2017.08.11 17:24:35.117,1.13738,1.13751,1.75,1.00
2017.08.11 17:24:35.270,1.13737,1.1375,1.37,1.50
2017.08.11 17:24:35.423,1.13738,1.1375,1.75,1.12
2017.08.11 17:24:36.846,1.13739,1.13753,2.44,1.50
2017.08.11 17:24:36.897,1.13739,1.13754,3.19,1.50
2017.08.11 17:24:37.000,1.13742,1.13755,1.37,1.12
2017.08.11 17:24:37.499,1.13739,1.13751,2.25,1.12
2017.08.11 17:24:37.551,1.13739,1.13751,2.25,1.12
2017.08.11 17:24:38.071,1.13739,1.13751,2.44,1.00
2017.08.11 17:24:38.616,1.13737,1.1375,3.19,1.00
2017.08.11 17:24:40.645,1.13738,1.1375,1.75,1.00
2017.08.11 17:24:45.340,1.13739,1.13752,3.00,1.50
2017.08.11 17:24:45.543,1.13741,1.13752,1.75,1.87
2017.08.11 17:24:48.064,1.13743,1.13753,3.00,1.50
2017.08.11 17:24:48.116,1.13744,1.13755,1.12,1.50
2017.08.11 17:24:48.168,1.13744,1.13755,1.75,1.12
2017.08.11 17:24:48.691,1.13743,1.13754,3.00,1.00
2017.08.11 17:24:49.428,1.13743,1.13754,3.00,1.37
2017.08.11 17:24:50.851,1.13744,1.13754,3.37,1.50
2017.08.11 17:24:50.902,1.13749,1.13759,1.12,1.37
2017.08.11 17:24:50.954,1.1375,1.13761,1.75,1.50
2017.08.11 17:24:51.511,1.1375,1.13762,1.75,4.12
2017.08.11 17:24:52.037,1.13751,1.13762,1.75,3.75
2017.08.11 17:24:52.291,1.13752,1.13763,1.75,3.37
2017.08.11 17:24:52.445,1.13753,1.13763,1.75,1.37
2017.08.11 17:24:53.093,1.13754,1.13764,1.75,1.00
2017.08.11 17:24:53.144,1.13755,1.13766,1.75,1.87
2017.08.11 17:24:53.247,1.13755,1.13766,1.75,1.87
2017.08.11 17:24:53.632,1.13756,1.13765,1.00,2.25
2017.08.11 17:24:54.787,1.13755,1.13766,1.50,1.87
2017.08.11 17:24:54.927,1.13757,1.13766,1.75,1.75
2017.08.11 17:24:55.084,1.13755,1.13765,1.75,1.50
2017.08.11 17:24:55.780,1.13754,1.13765,1.75,2.25
2017.08.11 17:24:55.937,1.13756,1.13766,1.50,1.50
2017.08.11 17:24:55.988,1.13759,1.13765,1.00,1.00
2017.08.11 17:24:56.321,1.13755,1.13765,1.75,1.62
2017.08.11 17:24:56.896,1.13756,1.13765,1.75,1.00
2017.08.11 17:24:56.948,1.13759,1.13769,1.37,3.75
2017.08.11 17:24:57.205,1.13765,1.13773,1.50,1.87
2017.08.11 17:24:57.257,1.13765,1.13773,1.75,1.12
2017.08.11 17:24:57.558,1.13765,1.13774,1.75,3.75
2017.08.11 17:24:58.061,1.13765,1.13773,1.50,3.37
2017.08.11 17:24:58.678,1.13765,1.13772,1.75,1.04
2017.08.11 17:24:58.730,1.13764,1.13772,1.75,1.53
2017.08.11 17:24:58.893,1.13764,1.13772,2.25,3.41
2017.08.11 17:24:59.098,1.13763,1.13772,1.50,2.66
2017.08.11 17:24:59.150,1.13762,1.13772,1.87,3.60
2017.08.11 17:24:59.699,1.13762,1.1377,1.75,1.37
2017.08.11 17:25:01.774,1.13763,1.13772,1.75,2.66
2017.08.11 17:25:02.314,1.13761,1.13771,1.75,1.37
2017.08.11 17:25:02.895,1.13761,1.13771,1.75,1.00
2017.08.11 17:25:04.091,1.13758,1.13768,3.37,2.06
2017.08.11 17:25:04.193,1.13757,1.13768,1.75,4.16
2017.08.11 17:25:04.775,1.13757,1.13767,1.75,1.87
2017.08.11 17:25:05.904,1.13758,1.13768,1.75,1.50
2017.08.11 17:25:05.955,1.13761,1.13769,1.37,1.37
2017.08.11 17:25:06.007,1.13762,1.13771,1.75,1.12
2017.08.11 17:25:06.058,1.13764,1.13773,1.37,5.66
2017.08.11 17:25:06.365,1.13765,1.13774,1.75,1.03
2017.08.11 17:25:06.961,1.13767,1.13774,1.75,1.00
2017.08.11 17:25:07.193,1.13763,1.13772,3.00,1.00
2017.08.11 17:25:07.296,1.13762,1.1377,3.00,1.25
2017.08.11 17:25:07.398,1.13761,1.1377,1.75,1.00
2017.08.11 17:25:07.501,1.13762,1.13771,1.75,1.12
2017.08.11 17:25:08.013,1.13762,1.13771,1.75,1.12
2017.08.11 17:25:08.392,1.13764,1.13774,1.75,1.37
2017.08.11 17:25:08.443,1.13764,1.13774,1.75,1.12
2017.08.11 17:25:08.801,1.13764,1.13775,1.75,1.69
2017.08.11 17:25:10.916,1.13764,1.13775,1.75,1.63
2017.08.11 17:25:11.021,1.13766,1.13777,1.75,2.06
2017.08.11 17:25:11.074,1.1377,1.13777,1.50,1.31
2017.08.11 17:25:11.473,1.1377,1.1378,1.75,2.06
2017.08.11 17:25:11.987,1.13771,1.1378,1.75,1.56
2017.08.11 17:25:12.498,1.13774,1.13781,1.00,1.69
2017.08.11 17:25:13.431,1.13771,1.13777,1.75,1.12
2017.08.11 17:25:13.484,1.1377,1.1378,1.75,2.25
2017.08.11 17:25:13.538,1.13769,1.13781,1.75,1.50
2017.08.11 17:25:13.865,1.13772,1.13781,1.75,2.48
2017.08.11 17:25:14.999,1.13772,1.1378,1.75,1.43
2017.08.11 17:25:15.512,1.13772,1.13782,1.75,4.31
2017.08.11 17:25:16.053,1.13773,1.13782,1.75,2.81
2017.08.11 17:25:16.691,1.13774,1.13783,1.75,1.37
2017.08.11 17:25:16.743,1.13776,1.13787,1.50,1.75
2017.08.11 17:25:16.794,1.13779,1.13788,1.75,1.00
2017.08.11 17:25:17.096,1.13782,1.1379,1.75,3.00
2017.08.11 17:25:17.608,1.1378,1.13786,2.62,1.00
2017.08.11 17:25:17.710,1.13777,1.13786,3.37,1.31
2017.08.11 17:25:17.917,1.13777,1.13786,1.75,1.00
2017.08.11 17:25:18.090,1.13779,1.13788,1.75,1.13
2017.08.11 17:25:18.602,1.13779,1.13789,1.75,3.00
2017.08.11 17:25:18.807,1.13782,1.13791,1.75,1.37
2017.08.11 17:25:19.108,1.13782,1.13791,1.75,1.37
2017.08.11 17:25:19.519,1.13784,1.13794,1.75,1.50
2017.08.11 17:25:20.031,1.13784,1.13792,1.75,1.00
2017.08.11 17:25:20.542,1.13784,1.13793,1.75,1.63
2017.08.11 17:25:20.593,1.13785,1.13794,1.75,1.88
2017.08.11 17:25:21.002,1.13782,1.13796,3.56,1.50
2017.08.11 17:25:21.104,1.13786,1.13797,1.75,5.25
2017.08.11 17:25:21.629,1.13786,1.13796,1.75,1.00
2017.08.11 17:25:25.034,1.13786,1.13797,1.75,1.87
2017.08.11 17:25:25.555,1.13785,1.13796,1.75,4.16
2017.08.11 17:25:25.971,1.13785,1.13795,1.75,1.24
2017.08.11 17:25:26.599,1.13785,1.13795,1.75,1.05
2017.08.11 17:25:27.538,1.13785,1.13796,1.75,1.16
2017.08.11 17:25:27.938,1.13788,1.13798,1.75,1.38
2017.08.11 17:25:28.245,1.13786,1.13797,1.75,2.63
2017.08.11 17:25:28.348,1.1379,1.138,1.00,1.00
2017.08.11 17:25:28.400,1.13791,1.13802,1.37,2.81
2017.08.11 17:25:28.706,1.1379,1.138,1.75,2.44
2017.08.11 17:25:28.808,1.13787,1.13798,1.75,1.88
2017.08.11 17:25:29.337,1.13786,1.13798,1.75,1.50
2017.08.11 17:25:34.747,1.13786,1.13798,1.75,1.88
2017.08.11 17:25:35.364,1.13786,1.13798,1.75,1.88
2017.08.11 17:25:37.830,1.13786,1.13797,1.75,1.50
2017.08.11 17:25:45.915,1.13784,1.13796,3.37,3.94
2017.08.11 17:25:45.967,1.13784,1.13795,1.75,1.31
2017.08.11 17:25:46.070,1.13782,1.13795,3.00,1.50
2017.08.11 17:25:47.949,1.13782,1.13795,3.00,2.29
2017.08.11 17:25:49.276,1.13782,1.13793,1.75,1.72
2017.08.11 17:25:49.534,1.13776,1.13788,1.75,1.63
2017.08.11 17:25:49.742,1.13775,1.13785,2.25,1.75
2017.08.11 17:25:49.845,1.13773,1.13783,1.75,1.91
2017.08.11 17:25:50.066,1.13769,1.1378,1.87,1.00
2017.08.11 17:25:50.538,1.13769,1.13782,1.87,2.81
2017.08.11 17:25:52.009,1.13769,1.13782,1.75,2.44
2017.08.11 17:25:52.784,1.13768,1.13782,3.00,2.81
2017.08.11 17:25:55.135,1.13769,1.13782,1.75,1.31
2017.08.11 17:25:55.288,1.1377,1.13783,1.75,2.44
2017.08.11 17:25:58.397,1.13771,1.13784,1.75,3.62
2017.08.11 17:26:12.706,1.1377,1.13783,1.75,1.74
2017.08.11 17:26:14.194,1.13769,1.13782,1.12,1.52
2017.08.11 17:26:25.034,1.13767,1.1378,3.94,1.52
2017.08.11 17:26:25.085,1.13767,1.13779,2.06,1.00
2017.08.11 17:26:32.511,1.13766,1.13778,3.00,1.88
2017.08.11 17:26:32.868,1.13766,1.13779,3.19,2.06
2017.08.11 17:26:34.925,1.13767,1.1378,1.75,3.40
2017.08.11 17:26:34.978,1.13767,1.1378,1.75,4.88
2017.08.11 17:26:35.487,1.13766,1.13779,2.25,4.50
2017.08.11 17:26:47.056,1.13766,1.13778,2.25,1.50
2017.08.11 17:26:58.315,1.13766,1.13778,2.25,1.88
2017.08.11 17:27:01.014,1.13766,1.13776,1.75,1.50
2017.08.11 17:27:01.564,1.13766,1.13777,2.25,1.50
2017.08.11 17:27:17.672,1.13766,1.13778,3.19,3.75
2017.08.11 17:27:20.685,1.13765,1.13776,2.62,1.37
2017.08.11 17:27:20.992,1.13757,1.13764,2.62,1.69
2017.08.11 17:27:21.043,1.13751,1.13761,1.00,1.05
2017.08.11 17:27:21.095,1.13749,1.13759,3.37,1.00
2017.08.11 17:27:21.197,1.13747,1.13758,2.48,1.00
2017.08.11 17:27:21.249,1.13747,1.1376,3.23,1.00
2017.08.11 17:27:21.760,1.13748,1.13761,3.38,1.12
2017.08.11 17:27:27.617,1.13748,1.13759,1.75,1.00
2017.08.11 17:27:27.924,1.13746,1.13758,1.87,1.12
2017.08.11 17:27:28.676,1.13746,1.13759,2.85,1.37
2017.08.11 17:27:29.968,1.13749,1.1376,1.13,1.12
2017.08.11 17:27:30.488,1.13749,1.1376,1.38,1.00
2017.08.11 17:27:31.013,1.13748,1.1376,4.35,1.00
2017.08.11 17:27:31.307,1.13748,1.13759,2.25,1.12
2017.08.11 17:27:34.741,1.13749,1.13761,1.50,1.50
2017.08.11 17:27:37.222,1.13747,1.1376,3.38,1.00
2017.08.11 17:27:37.734,1.13748,1.1376,1.50,1.25
2017.08.11 17:27:38.249,1.13746,1.13758,2.25,2.29
2017.08.11 17:27:38.563,1.13745,1.13758,1.75,4.35
2017.08.11 17:27:42.519,1.13744,1.13757,2.25,3.60
2017.08.11 17:27:43.037,1.13744,1.13756,2.25,1.30
2017.08.11 17:27:44.119,1.13743,1.13756,1.75,2.85
2017.08.11 17:27:44.221,1.13742,1.13756,1.75,4.73
2017.08.11 17:27:44.787,1.13741,1.13755,4.73,1.13
2017.08.11 17:27:45.338,1.13741,1.13754,3.79,1.13
2017.08.11 17:27:48.909,1.1374,1.13751,1.75,1.54
2017.08.11 17:27:49.012,1.13739,1.13752,1.75,3.23
2017.08.11 17:27:49.420,1.13737,1.1375,1.75,2.85
2017.08.11 17:27:49.955,1.13738,1.1375,1.31,2.62
2017.08.11 17:27:50.422,1.13735,1.13748,1.87,2.48
2017.08.11 17:27:50.868,1.13737,1.1375,1.88,2.06
2017.08.11 17:27:50.971,1.13741,1.13752,1.00,2.44
2017.08.11 17:27:51.430,1.13737,1.1375,1.31,2.10
2017.08.11 17:27:52.318,1.13739,1.13751,1.50,1.75
2017.08.11 17:27:52.420,1.13739,1.13752,1.50,3.37
2017.08.11 17:27:52.952,1.13739,1.13752,2.44,1.81
2017.08.11 17:27:53.540,1.13738,1.13751,4.91,1.00
2017.08.11 17:27:53.898,1.13736,1.1375,4.54,1.88
2017.08.11 17:27:53.950,1.13736,1.13749,2.00,1.25
2017.08.11 17:27:54.452,1.13737,1.13749,1.69,2.62
2017.08.11 17:27:58.297,1.13736,1.13749,2.21,1.12
2017.08.11 17:28:00.567,1.13735,1.13749,2.06,3.37
2017.08.11 17:28:00.863,1.13734,1.13747,1.81,3.60
2017.08.11 17:28:00.915,1.13733,1.13747,1.75,3.97
2017.08.11 17:28:10.993,1.13733,1.13746,1.75,3.60
2017.08.11 17:28:12.608,1.13733,1.13745,1.50,1.25
2017.08.11 17:28:35.616,1.13732,1.13745,1.75,3.97
2017.08.11 17:28:36.151,1.13732,1.13743,1.50,1.00
2017.08.11 17:28:36.661,1.13732,1.13745,1.88,1.88
2017.08.11 17:28:38.728,1.13733,1.13744,1.00,1.50
2017.08.11 17:28:39.060,1.13733,1.13745,1.87,1.50
2017.08.11 17:28:39.469,1.1373,1.13744,3.00,2.47
2017.08.11 17:28:39.977,1.1373,1.13744,2.25,3.22
2017.08.11 17:28:40.488,1.1373,1.13743,2.05,1.73
2017.08.11 17:28:41.722,1.13729,1.13742,2.47,1.35
2017.08.11 17:28:41.978,1.13728,1.13741,1.87,3.23
2017.08.11 17:28:42.520,1.13728,1.13741,1.87,3.98
2017.08.11 17:28:46.420,1.13726,1.13739,1.12,3.00
2017.08.11 17:28:46.573,1.13727,1.13736,1.00,1.25
2017.08.11 17:28:46.675,1.13729,1.13738,1.00,3.22
2017.08.11 17:28:46.778,1.1373,1.13742,1.75,2.85
2017.08.11 17:28:46.880,1.1373,1.13742,1.50,1.50
2017.08.11 17:28:47.455,1.13729,1.13742,1.75,1.73
2017.08.11 17:28:53.096,1.13729,1.13742,2.00,3.79
2017.08.11 17:29:00.189,1.13728,1.13741,4.73,1.31
2017.08.11 17:29:00.720,1.1373,1.13743,1.75,2.48
2017.08.11 17:29:01.240,1.1373,1.13743,1.75,3.23
2017.08.11 17:29:01.495,1.1373,1.13741,1.50,1.00
2017.08.11 17:29:03.878,1.13728,1.1374,1.31,2.10
2017.08.11 17:29:03.931,1.13725,1.13738,3.37,4.73
2017.08.11 17:29:03.982,1.13724,1.13736,1.75,1.30
2017.08.11 17:29:04.086,1.13726,1.13736,2.25,1.37
2017.08.11 17:29:04.538,1.13727,1.13739,1.69,2.00
2017.08.11 17:29:04.589,1.13727,1.13739,2.00,1.00
2017.08.11 17:29:05.117,1.13727,1.13739,1.50,1.00
2017.08.11 17:29:05.626,1.13726,1.13738,1.12,1.50
2017.08.11 17:29:11.171,1.13727,1.13737,1.00,1.00
2017.08.11 17:29:11.699,1.13728,1.13739,1.00,1.12
2017.08.11 17:29:12.210,1.13729,1.13741,1.00,2.06
2017.08.11 17:29:12.364,1.1373,1.13741,1.12,1.00
2017.08.11 17:29:13.351,1.1373,1.13742,1.50,2.29
2017.08.11 17:29:13.453,1.13733,1.13743,1.00,1.56
2017.08.11 17:29:13.555,1.13734,1.13744,1.00,1.00
2017.08.11 17:29:14.358,1.13733,1.13744,1.12,1.00
2017.08.11 17:29:14.870,1.13733,1.13744,1.00,1.37
2017.08.11 17:29:15.397,1.13732,1.13743,2.62,1.00
2017.08.11 17:29:16.128,1.13733,1.13743,1.00,1.00
2017.08.11 17:29:21.025,1.13734,1.13745,1.00,1.87
2017.08.11 17:29:21.275,1.13734,1.13746,1.50,1.12
2017.08.11 17:29:21.836,1.13735,1.13746,1.50,1.00
2017.08.11 17:29:22.346,1.13735,1.13747,1.50,2.10
2017.08.11 17:29:23.471,1.13737,1.13747,1.00,1.00
2017.08.11 17:29:23.982,1.13737,1.13748,1.12,1.91
2017.08.11 17:29:32.575,1.13738,1.13749,1.00,1.37
2017.08.11 17:29:32.779,1.13739,1.1375,1.12,1.00
2017.08.11 17:29:33.726,1.13739,1.13751,1.12,2.66
2017.08.11 17:29:33.982,1.13742,1.13752,1.50,1.37
2017.08.11 17:29:34.084,1.13743,1.13754,1.00,1.37
2017.08.11 17:29:34.186,1.13743,1.13755,1.69,1.50
2017.08.11 17:29:35.300,1.13747,1.13756,1.50,1.37
2017.08.11 17:29:35.504,1.13748,1.13759,2.10,1.50
2017.08.11 17:29:35.971,1.13751,1.13761,1.00,1.37
2017.08.11 17:29:36.277,1.13752,1.13763,1.00,2.06
2017.08.11 17:29:36.715,1.13754,1.13765,2.81,1.00
2017.08.11 17:29:36.767,1.13757,1.13767,2.25,1.37
2017.08.11 17:29:36.971,1.1376,1.13771,1.00,1.50
2017.08.11 17:29:37.074,1.13761,1.13773,1.50,1.50
2017.08.11 17:29:37.796,1.1376,1.13773,1.50,2.63
2017.08.11 17:29:38.105,1.13765,1.13774,2.25,1.31
2017.08.11 17:29:38.428,1.13768,1.13778,2.25,1.37
2017.08.11 17:29:38.583,1.13768,1.13779,2.62,1.25
2017.08.11 17:29:38.638,1.1377,1.13779,1.50,1.25
2017.08.11 17:29:38.690,1.13768,1.13779,1.87,1.25
2017.08.11 17:29:38.897,1.1377,1.13781,1.00,1.94
2017.08.11 17:29:39.409,1.13771,1.13781,1.37,1.50
2017.08.11 17:29:39.815,1.13771,1.13781,1.12,2.47
2017.08.11 17:29:39.867,1.13766,1.13776,1.37,1.88
2017.08.11 17:29:39.919,1.13764,1.13776,1.94,1.87
2017.08.11 17:29:40.124,1.13762,1.13773,1.75,1.69
2017.08.11 17:29:40.471,1.13755,1.13766,1.75,1.19
2017.08.11 17:29:40.626,1.13752,1.13764,1.75,2.06
2017.08.11 17:29:40.783,1.13756,1.13767,1.00,1.37
2017.08.11 17:29:41.608,1.13755,1.13766,1.12,1.00
2017.08.11 17:29:42.146,1.1375,1.13763,2.25,1.00
2017.08.11 17:29:42.201,1.13749,1.13762,2.25,1.00
2017.08.11 17:29:42.610,1.13749,1.13761,1.69,1.37
2017.08.11 17:29:43.015,1.13746,1.1376,1.75,3.56
2017.08.11 17:29:43.117,1.13745,1.13757,3.00,1.12
2017.08.11 17:29:43.169,1.13749,1.13758,1.00,1.12
2017.08.11 17:29:43.684,1.13749,1.13761,2.25,1.87
2017.08.11 17:29:44.022,1.13751,1.13762,1.00,1.12
2017.08.11 17:29:44.074,1.13749,1.13762,1.25,1.12
2017.08.11 17:29:44.128,1.13749,1.13762,3.00,2.62
2017.08.11 17:29:44.591,1.13749,1.13759,1.00,1.00
2017.08.11 17:29:44.955,1.13744,1.13756,1.87,1.00
2017.08.11 17:29:45.007,1.13744,1.13757,1.50,2.63
2017.08.11 17:29:45.518,1.13747,1.13756,1.00,1.37
2017.08.11 17:29:45.830,1.13752,1.13764,3.38,1.87
2017.08.11 17:29:46.035,1.13752,1.13765,1.75,1.50
2017.08.11 17:29:46.240,1.13752,1.13764,1.50,1.88
2017.08.11 17:29:48.898,1.13753,1.13765,1.50,2.25
2017.08.11 17:29:49.423,1.13755,1.13765,1.50,1.75
2017.08.11 17:29:49.615,1.13755,1.13766,1.87,1.00
2017.08.11 17:29:49.819,1.13753,1.13766,3.00,1.63
2017.08.11 17:29:50.329,1.13755,1.13767,1.50,3.00
2017.08.11 17:29:50.840,1.13755,1.13767,1.50,2.06
2017.08.11 17:29:52.675,1.13759,1.13768,1.50,1.12
2017.08.11 17:29:52.829,1.13761,1.13772,1.00,2.62
2017.08.11 17:29:52.931,1.13762,1.13773,1.50,1.75
2017.08.11 17:29:53.918,1.13762,1.13773,2.62,1.37
2017.08.11 17:29:54.103,1.13764,1.13773,1.00,1.00
2017.08.11 17:29:54.309,1.13764,1.13777,3.00,1.00
2017.08.11 17:29:54.464,1.13764,1.13776,1.12,1.75
2017.08.11 17:29:54.517,1.13762,1.13775,1.00,2.06
2017.08.11 17:29:54.741,1.13759,1.13772,1.87,1.87
2017.08.11 17:29:55.048,1.13758,1.1377,1.00,1.50
2017.08.11 17:29:55.357,1.13758,1.1377,1.38,1.75
2017.08.11 17:29:55.658,1.13758,1.13771,1.69,1.75
2017.08.11 17:29:56.206,1.13759,1.13771,1.50,2.00
2017.08.11 17:29:56.440,1.13761,1.13772,1.50,1.75
2017.08.11 17:29:56.627,1.13763,1.13775,3.00,1.12
2017.08.11 17:29:56.936,1.13767,1.13779,1.50,3.37
2017.08.11 17:29:57.040,1.13767,1.1378,1.87,2.25
2017.08.11 17:29:57.810,1.13768,1.1378,1.00,1.87
2017.08.11 17:29:58.014,1.1377,1.13781,1.00,1.12
2017.08.11 17:29:58.270,1.1377,1.13782,1.12,1.69
2017.08.11 17:29:59.082,1.13772,1.13782,1.50,1.44
2017.08.11 17:29:59.601,1.13771,1.13784,3.00,2.11
2017.08.11 17:30:00.536,1.13767,1.13781,1.75,1.88
2017.08.11 17:30:00.639,1.13767,1.1378,1.50,1.81
2017.08.11 17:30:01.140,1.13766,1.1378,2.00,2.06
2017.08.11 17:30:01.300,1.13763,1.13777,3.37,1.88
2017.08.11 17:30:01.352,1.13763,1.13777,1.75,2.25
2017.08.11 17:30:01.455,1.13764,1.13777,1.12,1.12
2017.08.11 17:30:01.961,1.13764,1.13777,2.25,1.37
2017.08.11 17:30:03.841,1.13761,1.13775,1.75,1.37
2017.08.11 17:30:03.982,1.13763,1.13775,1.00,1.13
2017.08.11 17:30:04.290,1.13758,1.13773,7.12,1.75
2017.08.11 17:30:04.344,1.13758,1.13772,5.25,1.44
2017.08.11 17:30:04.915,1.13758,1.13772,5.25,1.25
2017.08.11 17:30:06.784,1.13759,1.13772,1.75,1.88
2017.08.11 17:30:07.090,1.13758,1.1377,1.69,1.00
2017.08.11 17:30:07.397,1.1376,1.13773,1.50,2.00
2017.08.11 17:30:08.160,1.1376,1.13772,1.50,1.00
2017.08.11 17:30:12.135,1.13765,1.13776,1.50,3.00
2017.08.11 17:30:12.288,1.13765,1.13776,1.50,1.37
2017.08.11 17:30:14.402,1.13765,1.13777,1.50,1.25
2017.08.11 17:30:14.920,1.13764,1.13777,2.25,1.00
2017.08.11 17:30:15.810,1.13765,1.13778,3.00,1.00
2017.08.11 17:30:16.482,1.13768,1.13781,1.00,3.79
2017.08.11 17:30:16.588,1.13771,1.13782,1.00,1.13
2017.08.11 17:30:16.691,1.1377,1.13784,1.72,2.00
2017.08.11 17:30:16.794,1.1377,1.13784,1.75,3.38
2017.08.11 17:30:17.103,1.1377,1.13781,2.25,1.87
2017.08.11 17:30:17.350,1.13771,1.13784,1.50,1.94
2017.08.11 17:30:17.865,1.13771,1.13784,1.50,1.69
2017.08.11 17:30:19.189,1.13771,1.13784,2.63,1.50
2017.08.11 17:30:20.474,1.13772,1.13785,3.00,1.87
2017.08.11 17:30:20.988,1.13771,1.13784,1.50,2.10
2017.08.11 17:30:22.114,1.1377,1.13783,1.75,1.73
2017.08.11 17:30:22.217,1.13768,1.13783,3.37,3.98
2017.08.11 17:30:22.472,1.13765,1.13779,2.81,1.88
2017.08.11 17:30:26.721,1.13764,1.13777,1.75,1.88
2017.08.11 17:30:26.823,1.13764,1.13777,1.12,1.94
2017.08.11 17:30:26.926,1.13764,1.13777,1.75,2.10
2017.08.11 17:30:27.433,1.13766,1.13777,1.12,1.00
2017.08.11 17:30:27.740,1.13767,1.1378,2.06,2.47
2017.08.11 17:30:28.303,1.13767,1.1378,2.44,1.37
2017.08.11 17:30:28.814,1.13767,1.13781,2.44,2.48
2017.08.11 17:30:29.420,1.13767,1.1378,1.50,1.38
2017.08.11 17:30:30.524,1.1377,1.13779,1.00,1.00
2017.08.11 17:30:30.923,1.1377,1.13783,1.75,3.00
2017.08.11 17:30:31.490,1.1377,1.13783,1.75,1.75
2017.08.11 17:30:32.315,1.1377,1.13783,3.38,1.12
2017.08.11 17:30:32.522,1.13773,1.13785,1.88,1.00
2017.08.11 17:30:33.509,1.13774,1.13787,1.75,1.88
2017.08.11 17:30:34.018,1.13773,1.13787,2.00,2.25
2017.08.11 17:30:34.438,1.13777,1.13787,1.00,1.37
2017.08.11 17:30:34.642,1.13778,1.13791,1.50,1.63
2017.08.11 17:30:35.176,1.13777,1.13791,4.91,2.25
2017.08.11 17:30:36.122,1.13774,1.13787,3.37,1.00
2017.08.11 17:30:36.226,1.13774,1.13788,2.25,2.63
2017.08.11 17:30:36.787,1.13777,1.13788,1.35,1.12
2017.08.11 17:30:36.943,1.13779,1.13792,1.50,1.12
2017.08.11 17:30:37.045,1.1378,1.13792,1.50,1.13
2017.08.11 17:30:38.441,1.13784,1.13796,2.25,3.37
2017.08.11 17:30:38.544,1.13785,1.13798,1.00,3.00
2017.08.11 17:30:38.698,1.13784,1.13798,1.75,1.56
2017.08.11 17:30:39.202,1.13785,1.13797,1.50,1.00
2017.08.11 17:30:40.436,1.13784,1.13797,1.12,1.50
2017.08.11 17:30:40.960,1.13784,1.13796,3.00,1.00
2017.08.11 17:30:42.256,1.13783,1.13796,3.37,1.38
2017.08.11 17:30:42.778,1.13783,1.13796,2.62,1.13
2017.08.11 17:30:43.287,1.13783,1.13795,3.00,1.00
2017.08.11 17:30:43.892,1.13785,1.13796,1.12,1.00
2017.08.11 17:30:44.448,1.13785,1.13797,1.50,1.13
2017.08.11 17:30:44.971,1.13787,1.13798,1.00,1.37
2017.08.11 17:30:46.049,1.13787,1.13799,1.50,1.00
2017.08.11 17:30:46.561,1.13787,1.13799,1.50,1.73
2017.08.11 17:30:47.098,1.13787,1.13799,1.50,1.13
2017.08.11 17:30:47.639,1.13787,1.13799,1.50,1.44
2017.08.11 17:30:47.845,1.13785,1.13796,1.13,1.30
2017.08.11 17:30:47.950,1.13784,1.13796,1.88,3.22
2017.08.11 17:30:48.052,1.13784,1.13795,1.38,1.37
2017.08.11 17:30:48.104,1.13784,1.13795,1.50,1.37
2017.08.11 17:30:48.586,1.13786,1.13794,1.00,1.00
2017.08.11 17:30:49.341,1.13786,1.13797,1.12,1.00
2017.08.11 17:30:49.855,1.13786,1.13798,1.00,3.00
2017.08.11 17:30:50.164,1.13785,1.13798,1.75,1.50
2017.08.11 17:30:50.529,1.13789,1.13798,1.00,1.37
2017.08.11 17:30:50.683,1.13789,1.13803,2.81,2.25
2017.08.11 17:30:51.626,1.1379,1.138,1.00,1.00
2017.08.11 17:30:51.678,1.13792,1.138,1.00,1.00
2017.08.11 17:30:51.781,1.1379,1.13802,1.12,1.12
2017.08.11 17:30:52.292,1.1379,1.13801,1.50,1.00
2017.08.11 17:30:53.103,1.13791,1.13801,1.00,1.13
2017.08.11 17:30:53.653,1.13792,1.13802,1.00,3.23
2017.08.11 17:30:53.860,1.1379,1.13801,1.00,1.00
2017.08.11 17:30:54.017,1.13789,1.138,1.37,1.24
2017.08.11 17:30:54.527,1.13789,1.13801,1.00,3.00
2017.08.11 17:30:54.877,1.13797,1.13804,1.50,3.75
2017.08.11 17:30:54.980,1.13797,1.13804,1.50,3.00
2017.08.11 17:30:55.083,1.13796,1.13809,1.72,1.75
2017.08.11 17:30:55.542,1.13794,1.13807,1.50,2.25
2017.08.11 17:30:55.889,1.13792,1.13805,2.62,1.13
2017.08.11 17:30:56.246,1.1379,1.13803,1.75,1.24
2017.08.11 17:30:56.349,1.1379,1.13802,1.50,1.00
2017.08.11 17:30:56.865,1.13788,1.13803,3.00,3.23
2017.08.11 17:30:58.061,1.13787,1.13801,4.31,1.50
2017.08.11 17:30:58.571,1.13789,1.13802,1.50,1.86
2017.08.11 17:31:00.189,1.1379,1.13801,1.37,1.04
2017.08.11 17:31:00.241,1.1379,1.13801,1.37,1.00
2017.08.11 17:31:00.751,1.1379,1.13803,1.00,3.22
2017.08.11 17:31:01.872,1.13789,1.13801,1.00,1.87
2017.08.11 17:31:02.381,1.13787,1.138,2.25,1.17
2017.08.11 17:31:02.739,1.13785,1.13797,1.75,1.63
2017.08.11 17:31:02.895,1.13782,1.13796,1.75,2.47
2017.08.11 17:31:03.445,1.13781,1.13793,1.88,1.12
2017.08.11 17:31:03.958,1.1378,1.13793,2.25,1.31
2017.08.11 17:31:04.010,1.13779,1.13793,2.25,1.50
2017.08.11 17:31:04.319,1.13779,1.13792,1.12,1.88
2017.08.11 17:31:05.398,1.13778,1.13792,1.75,2.85
2017.08.11 17:31:05.606,1.13777,1.1379,2.00,1.31
2017.08.11 17:31:06.015,1.13776,1.13789,2.19,1.87
2017.08.11 17:31:06.324,1.13776,1.13786,1.13,1.00
2017.08.11 17:31:06.683,1.13775,1.13789,4.12,1.69
2017.08.11 17:31:07.187,1.13775,1.13788,2.85,1.00
2017.08.11 17:31:07.392,1.13776,1.1379,3.00,1.87
2017.08.11 17:31:07.907,1.13777,1.1379,3.56,1.50
2017.08.11 17:31:08.418,1.13778,1.13792,2.66,1.88
2017.08.11 17:31:12.098,1.1378,1.13792,3.00,1.00
2017.08.11 17:31:12.489,1.13782,1.13795,3.79,1.87
2017.08.11 17:31:12.796,1.13782,1.13796,4.91,1.50
2017.08.11 17:31:13.342,1.13783,1.13796,2.63,1.37
2017.08.11 17:31:13.865,1.13782,1.13796,3.56,1.62
2017.08.11 17:31:14.413,1.13782,1.13796,4.50,1.69
2017.08.11 17:31:14.957,1.13783,1.13796,1.12,1.69
2017.08.11 17:31:15.477,1.13783,1.13796,2.00,1.00
2017.08.11 17:31:15.907,1.13784,1.13795,1.00,1.50
2017.08.11 17:31:16.418,1.13782,1.13795,2.62,2.25
2017.08.11 17:31:18.847,1.13782,1.13793,1.12,1.12
2017.08.11 17:31:19.001,1.13782,1.13793,1.00,2.10
2017.08.11 17:31:19.510,1.1378,1.13793,1.87,2.66
2017.08.11 17:31:20.056,1.13779,1.13792,2.06,1.37
2017.08.11 17:31:20.565,1.13778,1.13791,4.54,1.31
2017.08.11 17:31:22.931,1.13777,1.1379,5.48,1.00
2017.08.11 17:31:23.443,1.13778,1.13791,2.66,1.12
2017.08.11 17:31:28.433,1.1378,1.13792,1.69,1.00
2017.08.11 17:31:28.942,1.1378,1.13792,1.35,1.00
2017.08.11 17:31:29.455,1.13781,1.13793,3.23,1.00
2017.08.11 17:31:29.967,1.13779,1.13792,2.29,1.12
2017.08.11 17:31:30.323,1.1378,1.13794,4.72,2.63
2017.08.11 17:31:31.870,1.13781,1.13794,2.25,1.50
2017.08.11 17:31:32.393,1.13782,1.13794,1.67,1.50
2017.08.11 17:31:32.593,1.13781,1.13791,2.81,1.00
2017.08.11 17:31:32.645,1.13781,1.13791,1.69,1.12
2017.08.11 17:31:32.849,1.13779,1.13791,1.37,1.69
2017.08.11 17:31:33.354,1.13779,1.13791,1.37,1.31
2017.08.11 17:31:36.669,1.13779,1.13792,2.19,2.10
2017.08.11 17:31:37.255,1.1378,1.13793,2.48,1.00
2017.08.11 17:31:37.854,1.13778,1.13792,3.60,1.91
2017.08.11 17:31:38.584,1.13778,1.13791,2.81,1.35
2017.08.11 17:31:39.107,1.13777,1.1379,3.56,1.16
2017.08.11 17:31:39.159,1.13777,1.1379,3.56,1.54
2017.08.11 17:31:39.706,1.13777,1.1379,3.56,1.16
2017.08.11 17:31:43.192,1.13778,1.13792,2.05,3.41
2017.08.11 17:31:43.818,1.13778,1.13792,3.41,2.29
2017.08.11 17:31:44.478,1.13778,1.13792,3.79,2.10
2017.08.11 17:31:44.683,1.1378,1.13794,2.10,3.23
2017.08.11 17:31:45.188,1.1378,1.13793,2.10,1.31
2017.08.11 17:31:49.062,1.13783,1.13793,1.00,2.10
2017.08.11 17:31:58.233,1.13783,1.13794,1.00,1.52
2017.08.11 17:31:58.588,1.13785,1.13795,1.00,2.87
2017.08.11 17:31:59.103,1.13784,1.13795,1.12,3.23
2017.08.11 17:32:03.758,1.13786,1.13796,1.00,1.50
2017.08.11 17:32:04.269,1.13787,1.13797,1.00,1.44
2017.08.11 17:32:05.156,1.13787,1.13797,1.00,1.35
2017.08.11 17:32:05.667,1.13787,1.13798,1.50,2.48
2017.08.11 17:32:06.468,1.13787,1.13798,1.50,2.85
2017.08.11 17:32:07.626,1.13787,1.13797,1.00,1.37
2017.08.11 17:32:08.910,1.13785,1.13797,1.75,2.10
2017.08.11 17:32:09.012,1.13785,1.13797,1.75,1.73
2017.08.11 17:32:10.366,1.13787,1.13797,1.12,1.00
2017.08.11 17:32:10.875,1.13786,1.13797,1.50,1.81
2017.08.11 17:32:14.001,1.13784,1.13796,2.85,1.69
2017.08.11 17:32:14.155,1.13783,1.13795,1.75,2.29
2017.08.11 17:32:14.666,1.13783,1.13795,1.50,1.91
2017.08.11 17:32:15.232,1.13783,1.13795,1.37,1.91
2017.08.11 17:32:18.600,1.13785,1.13796,1.12,1.87
2017.08.11 17:32:19.308,1.13785,1.13796,1.12,1.50
2017.08.11 17:32:20.082,1.13785,1.13796,1.12,1.54
2017.08.11 17:32:26.297,1.13785,1.13796,1.12,1.88
2017.08.11 17:32:26.349,1.13787,1.13796,1.00,1.12
2017.08.11 17:32:26.400,1.13785,1.13796,1.12,1.12
2017.08.11 17:32:26.605,1.13783,1.13794,1.50,1.12
2017.08.11 17:32:26.922,1.13783,1.13794,1.00,3.04
2017.08.11 17:32:27.434,1.13784,1.13794,1.00,1.91
2017.08.11 17:32:29.109,1.13782,1.13794,1.12,3.60
2017.08.11 17:32:30.929,1.13782,1.13793,1.12,1.35
2017.08.11 17:32:32.037,1.13782,1.13793,1.12,1.16
2017.08.11 17:32:32.377,1.13782,1.13793,1.00,2.85
2017.08.11 17:32:35.346,1.1378,1.1379,1.12,2.10
2017.08.11 17:32:35.852,1.13779,1.1379,1.87,1.05
2017.08.11 17:32:36.385,1.13779,1.13791,1.87,1.13
2017.08.11 17:32:36.913,1.13781,1.13791,1.00,1.25
2017.08.11 17:32:37.448,1.13781,1.13792,1.12,1.54
2017.08.11 17:32:37.754,1.13781,1.13792,1.12,1.73
2017.08.11 17:32:38.614,1.13781,1.13792,1.12,2.10
2017.08.11 17:32:39.887,1.13781,1.13791,1.12,1.43
2017.08.11 17:32:40.194,1.13778,1.1379,2.25,3.98
2017.08.11 17:32:40.707,1.13778,1.1379,1.50,3.60
2017.08.11 17:32:41.205,1.13776,1.13789,1.50,3.04
2017.08.11 17:32:41.788,1.13774,1.13786,1.50,3.00
2017.08.11 17:32:43.731,1.13774,1.13786,1.50,3.00
2017.08.11 17:32:44.088,1.1377,1.13783,1.87,1.73
2017.08.11 17:32:44.599,1.13769,1.13781,1.87,1.12
2017.08.11 17:32:45.146,1.13769,1.13781,2.25,2.63
2017.08.11 17:32:45.198,1.13769,1.1378,1.87,1.25
2017.08.11 17:32:45.301,1.13767,1.13779,3.22,1.81
2017.08.11 17:32:45.862,1.13764,1.13777,2.25,1.37
2017.08.11 17:32:45.913,1.13763,1.13776,3.22,1.00
2017.08.11 17:32:47.267,1.13763,1.13776,2.85,2.25
2017.08.11 17:32:47.794,1.13762,1.13775,2.06,1.25
2017.08.11 17:32:48.354,1.13762,1.13775,2.06,1.63
2017.08.11 17:32:50.307,1.13762,1.13774,1.37,4.50
2017.08.11 17:32:50.409,1.13759,1.13772,2.05,1.44
2017.08.11 17:32:50.716,1.13761,1.13773,2.44,1.00
2017.08.11 17:32:50.940,1.13762,1.13774,2.25,2.62
2017.08.11 17:32:51.043,1.13762,1.13773,1.88,1.00
2017.08.11 17:32:52.519,1.1376,1.13774,3.98,4.13
2017.08.11 17:32:53.140,1.13761,1.13774,2.10,3.19
2017.08.11 17:32:53.450,1.13763,1.13774,1.35,1.00
2017.08.11 17:32:57.905,1.13761,1.13773,1.75,2.25
2017.08.11 17:32:58.058,1.13759,1.13772,2.24,1.19
2017.08.11 17:32:58.109,1.13759,1.13771,1.72,1.25
2017.08.11 17:33:00.441,1.13756,1.13769,1.75,1.50
2017.08.11 17:33:00.742,1.13755,1.13768,1.12,3.22
2017.08.11 17:33:01.267,1.13756,1.13768,1.38,1.00
2017.08.11 17:33:03.193,1.13757,1.13769,1.91,1.37
2017.08.11 17:33:03.348,1.1376,1.13773,2.10,2.81
2017.08.11 17:33:03.962,1.1376,1.13773,3.04,2.00
2017.08.11 17:33:04.609,1.1376,1.13773,3.04,1.69
2017.08.11 17:33:06.311,1.1376,1.13772,1.75,1.12
2017.08.11 17:33:06.870,1.13761,1.13773,2.25,3.75
2017.08.11 17:33:06.973,1.13763,1.13776,2.62,2.44
2017.08.11 17:33:07.024,1.13765,1.13776,1.87,1.69
2017.08.11 17:33:07.500,1.13762,1.13774,1.12,1.31
2017.08.11 17:33:07.551,1.13762,1.13774,1.00,2.06
2017.08.11 17:33:08.422,1.13761,1.13773,1.67,1.50
2017.08.11 17:33:09.926,1.13761,1.13773,1.72,1.38
2017.08.11 17:33:10.741,1.1376,1.13768,1.50,1.00
2017.08.11 17:33:10.844,1.13754,1.13766,1.50,1.00
2017.08.11 17:33:11.460,1.13753,1.13766,3.37,1.81
2017.08.11 17:33:11.563,1.13752,1.13765,1.72,1.69
2017.08.11 17:33:13.898,1.13751,1.13764,2.81,3.56
2017.08.11 17:33:14.455,1.13751,1.13763,2.62,1.00
2017.08.11 17:33:15.116,1.13751,1.13763,2.62,1.38
2017.08.11 17:33:17.080,1.13751,1.13763,1.37,2.44
2017.08.11 17:33:17.763,1.13751,1.13763,1.37,2.44
2017.08.11 17:33:18.295,1.13754,1.13763,1.00,1.37
2017.08.11 17:33:18.346,1.13754,1.13766,6.98,1.12
2017.08.11 17:33:18.398,1.13756,1.13768,3.98,1.87
2017.08.11 17:33:18.500,1.13758,1.13768,1.05,1.00
2017.08.11 17:33:19.037,1.13757,1.13769,1.12,1.44
2017.08.11 17:33:20.446,1.13756,1.13769,4.16,1.81
2017.08.11 17:33:20.702,1.13755,1.13767,3.00,2.44
2017.08.11 17:33:20.876,1.13753,1.13766,3.75,2.62
2017.08.11 17:33:21.288,1.13752,1.13765,2.25,1.88
2017.08.11 17:33:21.822,1.13754,1.13765,1.87,1.50
2017.08.11 17:33:23.625,1.13754,1.13765,1.87,1.37
2017.08.11 17:33:25.655,1.13752,1.13764,1.00,1.37
2017.08.11 17:33:29.472,1.13751,1.13763,1.87,1.63
2017.08.11 17:33:30.355,1.13753,1.13764,1.50,1.87
2017.08.11 17:33:30.407,1.13751,1.13764,4.91,1.37
2017.08.11 17:33:30.705,1.13751,1.13764,5.66,1.00
2017.08.11 17:33:31.355,1.13752,1.13765,2.00,2.10
2017.08.11 17:33:31.690,1.13756,1.13767,1.50,1.87
2017.08.11 17:33:31.889,1.13759,1.1377,1.87,2.62
2017.08.11 17:33:31.994,1.13761,1.13771,1.37,2.25
2017.08.11 17:33:32.300,1.13763,1.13774,1.00,1.13
2017.08.11 17:33:32.915,1.13764,1.13775,1.50,1.62
2017.08.11 17:33:33.069,1.13765,1.13777,1.00,1.37
2017.08.11 17:33:34.004,1.13764,1.13777,3.60,1.37
2017.08.11 17:33:35.044,1.13765,1.13777,1.00,1.63
2017.08.11 17:33:35.202,1.13765,1.13776,1.00,1.38
2017.08.11 17:33:35.727,1.13762,1.13774,1.75,1.13
2017.08.11 17:33:36.034,1.13765,1.13776,1.37,3.94
2017.08.11 17:33:36.392,1.13764,1.13776,1.87,4.50
2017.08.11 17:33:36.903,1.13763,1.13774,1.50,1.44
2017.08.11 17:33:37.430,1.13763,1.13775,1.50,1.63
2017.08.11 17:33:37.999,1.13767,1.13778,1.50,4.87
2017.08.11 17:33:38.051,1.13764,1.13778,4.72,5.25
2017.08.11 17:33:38.208,1.13765,1.13778,4.72,3.00
2017.08.11 17:33:38.259,1.13767,1.13778,1.50,2.25
2017.08.11 17:33:38.515,1.13768,1.1378,1.50,1.88
2017.08.11 17:33:39.018,1.13767,1.13779,2.25,1.12
2017.08.11 17:33:39.519,1.13767,1.13779,3.00,1.50
2017.08.11 17:33:40.229,1.13767,1.13778,1.87,1.00
2017.08.11 17:33:41.355,1.13768,1.13779,1.00,1.37
2017.08.11 17:33:41.865,1.13769,1.1378,1.87,1.38
2017.08.11 17:33:42.224,1.13766,1.13778,2.44,1.25
2017.08.11 17:33:42.328,1.13766,1.13777,1.69,1.37
2017.08.11 17:33:42.532,1.13764,1.13776,1.87,3.41
2017.08.11 17:33:43.044,1.13764,1.13775,1.87,1.50
2017.08.11 17:33:44.487,1.13764,1.13775,2.62,1.00
2017.08.11 17:33:44.996,1.13764,1.13775,2.62,2.63
2017.08.11 17:33:45.505,1.13768,1.13775,1.50,2.25
2017.08.11 17:33:45.847,1.13767,1.1378,1.50,3.60
2017.08.11 17:33:46.907,1.13766,1.1378,3.75,2.47
2017.08.11 17:33:47.214,1.13765,1.13777,3.38,1.72
2017.08.11 17:33:47.773,1.13765,1.13777,1.87,3.00
2017.08.11 17:33:48.311,1.13765,1.13776,1.87,2.63
2017.08.11 17:33:49.188,1.13765,1.13775,1.87,1.44
2017.08.11 17:34:00.643,1.13765,1.13776,2.62,2.63
2017.08.11 17:34:01.516,1.13766,1.13776,1.50,2.44
2017.08.11 17:34:06.624,1.13765,1.13776,2.62,2.63
2017.08.11 17:34:08.921,1.13765,1.13775,1.12,1.50
2017.08.11 17:34:12.664,1.13763,1.13774,1.50,1.00
2017.08.11 17:34:14.528,1.13763,1.13774,1.50,2.44
2017.08.11 17:34:14.669,1.13762,1.13773,2.62,1.69
2017.08.11 17:34:14.772,1.13764,1.13774,1.00,1.69
2017.08.11 17:34:15.334,1.13764,1.13774,3.00,1.00
2017.08.11 17:34:16.436,1.13764,1.13776,3.00,4.50
2017.08.11 17:34:17.358,1.13765,1.13776,1.12,2.63
2017.08.11 17:34:18.374,1.13766,1.13776,1.00,3.00
2017.08.11 17:34:20.158,1.13765,1.13775,1.12,1.44
2017.08.11 17:34:22.355,1.13764,1.13775,1.00,4.31
2017.08.11 17:34:22.663,1.13766,1.13776,1.00,3.19
2017.08.11 17:34:23.166,1.13766,1.13776,1.00,3.75
2017.08.11 17:34:25.310,1.13766,1.13776,1.00,3.79
2017.08.11 17:34:27.863,1.13766,1.13775,1.00,1.50
2017.08.11 17:34:28.381,1.13765,1.13775,1.12,1.31
2017.08.11 17:34:28.895,1.13765,1.13774,1.00,1.13
2017.08.11 17:34:29.340,1.13762,1.13772,2.25,1.00
2017.08.11 17:34:29.589,1.13762,1.13771,1.00,1.69
2017.08.11 17:34:39.103,1.13764,1.13771,1.00,1.87
2017.08.11 17:34:39.206,1.13765,1.13774,1.50,1.87
2017.08.11 17:34:39.309,1.13767,1.13775,1.00,1.50
2017.08.11 17:34:39.411,1.13767,1.13778,1.50,1.12
2017.08.11 17:34:39.944,1.13767,1.13778,1.50,1.88
2017.08.11 17:34:40.477,1.13767,1.13778,1.50,1.44
2017.08.11 17:34:43.521,1.13766,1.13777,1.12,1.88
2017.08.11 17:34:45.882,1.13767,1.13777,1.00,1.25
2017.08.11 17:34:48.629,1.13767,1.13776,1.12,1.00
2017.08.11 17:34:49.139,1.13766,1.13776,1.12,1.88
2017.08.11 17:34:51.727,1.13766,1.13777,1.37,3.38
2017.08.11 17:34:55.033,1.13766,1.13778,1.50,2.25
2017.08.11 17:34:55.568,1.13767,1.13778,1.50,2.25
2017.08.11 17:34:56.215,1.13767,1.13778,1.50,1.69
2017.08.11 17:34:56.725,1.13767,1.13778,1.50,1.88
2017.08.11 17:34:57.626,1.13767,1.13778,1.50,1.25
2017.08.11 17:34:58.210,1.13766,1.13778,3.00,2.25
2017.08.11 17:34:58.842,1.13766,1.13777,3.00,1.00
2017.08.11 17:34:59.302,1.13769,1.1378,1.50,2.25
2017.08.11 17:35:00.019,1.13769,1.1378,1.50,2.25
2017.08.11 17:35:00.530,1.1377,1.1378,1.12,3.00
2017.08.11 17:35:01.757,1.13768,1.13779,1.75,1.38
2017.08.11 17:35:01.809,1.13768,1.13779,1.75,1.25
2017.08.11 17:35:02.323,1.1377,1.1378,1.00,1.25
2017.08.11 17:35:02.842,1.13771,1.1378,1.00,1.00
2017.08.11 17:35:03.357,1.1377,1.13781,1.87,2.63
2017.08.11 17:35:03.861,1.1377,1.1378,1.87,1.00
2017.08.11 17:35:05.668,1.13771,1.1378,1.00,1.12
2017.08.11 17:35:06.394,1.13772,1.13781,1.00,1.88
2017.08.11 17:35:07.544,1.13771,1.13781,1.00,2.63
2017.08.11 17:35:08.657,1.13771,1.13781,1.00,3.38
2017.08.11 17:35:09.646,1.13769,1.13781,1.50,3.98
2017.08.11 17:35:10.163,1.13769,1.13781,3.00,5.85
2017.08.11 17:35:11.203,1.13769,1.13779,1.50,1.44
2017.08.11 17:35:11.407,1.13766,1.13775,1.12,1.25
2017.08.11 17:35:11.916,1.13765,1.13776,1.12,4.50
2017.08.11 17:35:13.416,1.13765,1.13776,1.12,3.56
2017.08.11 17:35:14.550,1.13765,1.13776,1.12,3.75
2017.08.11 17:35:18.553,1.13765,1.13775,1.12,1.50
2017.08.11 17:35:18.912,1.13763,1.13773,1.12,1.13
2017.08.11 17:35:20.227,1.13762,1.13772,1.50,1.35
2017.08.11 17:35:20.472,1.13762,1.13771,1.00,2.63
2017.08.11 17:35:20.781,1.1376,1.1377,1.12,1.50
2017.08.11 17:35:22.916,1.13759,1.1377,1.50,1.50
2017.08.11 17:35:24.516,1.13759,1.1377,1.50,2.44
2017.08.11 17:35:26.542,1.13757,1.1377,4.91,1.88
2017.08.11 17:35:27.636,1.13758,1.1377,1.12,1.69
2017.08.11 17:35:31.291,1.13758,1.1377,1.75,2.47
2017.08.11 17:35:31.456,1.13756,1.13768,1.35,1.50
2017.08.11 17:35:31.966,1.13757,1.13768,2.81,1.37
2017.08.11 17:35:32.629,1.13755,1.13767,3.60,3.00
2017.08.11 17:35:33.426,1.13755,1.13767,3.22,2.25
2017.08.11 17:35:34.149,1.13757,1.13767,1.50,2.25
2017.08.11 17:35:34.689,1.13757,1.13769,1.30,5.06
2017.08.11 17:35:35.468,1.13756,1.13768,4.35,1.00
2017.08.11 17:35:36.169,1.13756,1.13769,4.35,2.63
2017.08.11 17:35:39.990,1.13756,1.13768,3.97,1.50
2017.08.11 17:35:40.537,1.13756,1.13768,3.60,2.25
2017.08.11 17:35:41.485,1.13757,1.13768,1.30,1.31
2017.08.11 17:35:44.482,1.13757,1.13769,1.30,5.06
2017.08.11 17:35:46.913,1.13758,1.13769,1.87,1.63
2017.08.11 17:35:47.433,1.13758,1.1377,1.50,5.48
2017.08.11 17:35:48.105,1.13758,1.1377,1.50,3.98
2017.08.11 17:35:53.244,1.1376,1.13769,1.00,1.00
2017.08.11 17:35:54.562,1.1376,1.1377,1.12,1.00
2017.08.11 17:35:57.825,1.1376,1.1377,1.00,1.37
2017.08.11 17:35:58.338,1.1376,1.13771,1.40,3.38
2017.08.11 17:36:06.156,1.13762,1.13771,2.25,1.00
2017.08.11 17:36:06.258,1.13764,1.13773,1.00,1.00
2017.08.11 17:36:06.360,1.13764,1.13775,1.12,2.44
2017.08.11 17:36:06.899,1.13764,1.13775,1.50,1.88
2017.08.11 17:36:12.723,1.13765,1.13775,1.37,1.25
2017.08.11 17:36:13.266,1.13765,1.13775,1.00,1.88
2017.08.11 17:36:13.794,1.13764,1.13775,1.12,1.88
2017.08.11 17:36:14.335,1.13764,1.13775,1.12,1.88
2017.08.11 17:36:15.223,1.13764,1.13775,1.12,2.25
2017.08.11 17:36:16.235,1.13764,1.13775,1.12,1.13
2017.08.11 17:36:17.769,1.13764,1.13775,1.37,1.00
2017.08.11 17:36:18.274,1.13764,1.13776,1.50,5.48
2017.08.11 17:36:19.213,1.13764,1.13774,1.50,1.88
2017.08.11 17:36:19.759,1.13764,1.13774,1.12,1.31
2017.08.11 17:36:23.095,1.13764,1.13775,1.12,2.29
2017.08.11 17:36:23.596,1.13764,1.13775,1.50,2.10
2017.08.11 17:36:24.127,1.13764,1.13775,1.50,1.54
2017.08.11 17:36:30.409,1.13764,1.13775,1.50,1.38
2017.08.11 17:36:31.115,1.13764,1.13775,1.12,1.50
2017.08.11 17:36:36.037,1.13764,1.13775,1.12,1.88
2017.08.11 17:36:36.556,1.13764,1.13774,1.12,1.00
2017.08.11 17:36:39.063,1.13766,1.13775,1.00,1.12
2017.08.11 17:36:42.423,1.13764,1.13775,1.50,2.63
2017.08.11 17:36:42.749,1.13763,1.13774,1.12,2.63
2017.08.11 17:36:43.112,1.13763,1.13774,1.12,2.63
2017.08.11 17:36:43.421,1.13761,1.13772,1.12,2.85
2017.08.11 17:36:43.474,1.13761,1.13771,1.12,2.48
2017.08.11 17:36:44.521,1.13759,1.1377,1.77,1.88
2017.08.11 17:36:45.718,1.1376,1.13771,3.77,3.75
2017.08.11 17:36:46.317,1.1376,1.13771,3.77,3.56
2017.08.11 17:36:47.804,1.1376,1.13771,3.95,3.19
2017.08.11 17:36:48.110,1.13767,1.13778,1.00,1.87
2017.08.11 17:36:48.619,1.13767,1.13779,4.54,1.50
2017.08.11 17:36:48.929,1.13772,1.13782,2.44,1.50
2017.08.11 17:36:49.439,1.13769,1.1378,2.25,1.38
2017.08.11 17:36:49.643,1.13767,1.13778,3.00,1.38
2017.08.11 17:36:51.480,1.13767,1.13778,1.50,1.00
2017.08.11 17:36:52.099,1.13767,1.13779,1.50,2.25
2017.08.11 17:36:58.557,1.13766,1.13777,4.35,1.00
2017.08.11 17:36:59.081,1.13765,1.13777,1.87,1.31
2017.08.11 17:36:59.235,1.13766,1.13777,3.00,1.88
2017.08.11 17:36:59.768,1.13765,1.13777,3.60,1.38
2017.08.11 17:37:05.580,1.13765,1.13775,1.00,1.69
2017.08.11 17:37:05.633,1.13763,1.13772,1.50,1.24
2017.08.11 17:37:05.787,1.1376,1.13772,3.38,1.72
2017.08.11 17:37:05.891,1.1376,1.13773,5.10,2.25
2017.08.11 17:37:07.490,1.1376,1.13773,2.10,1.69
2017.08.11 17:37:08.039,1.1376,1.13773,2.00,5.10
2017.08.11 17:37:08.597,1.1376,1.13773,1.75,5.85
2017.08.11 17:37:09.606,1.13759,1.13772,1.75,2.44
2017.08.11 17:37:09.911,1.13758,1.1377,2.05,1.50
2017.08.11 17:37:10.904,1.13758,1.1377,2.66,1.31
2017.08.11 17:37:11.519,1.13758,1.1377,2.66,1.25
2017.08.11 17:37:14.811,1.13759,1.1377,1.00,1.37
2017.08.11 17:37:15.381,1.13758,1.13771,2.25,5.48
2017.08.11 17:37:16.225,1.13758,1.1377,1.91,1.31
2017.08.11 17:37:17.190,1.13758,1.1377,1.31,3.19
2017.08.11 17:37:17.716,1.13758,1.1377,1.75,1.50
2017.08.11 17:37:18.713,1.13758,1.1377,1.75,1.50
2017.08.11 17:37:21.815,1.13758,1.1377,1.87,2.10
2017.08.11 17:37:24.565,1.13758,1.13769,1.72,1.12
2017.08.11 17:37:25.098,1.13757,1.13769,1.35,3.38
2017.08.11 17:37:26.295,1.13757,1.13769,1.67,4.13
2017.08.11 17:37:27.183,1.13757,1.13769,2.29,1.87
2017.08.11 17:37:27.540,1.13759,1.1377,1.50,1.25
2017.08.11 17:37:32.546,1.13758,1.1377,2.47,1.44
2017.08.11 17:37:33.287,1.13758,1.1377,2.47,1.00
2017.08.11 17:37:45.947,1.13758,1.1377,2.10,1.44
2017.08.11 17:37:49.986,1.13758,1.1377,2.66,1.31
2017.08.11 17:37:53.189,1.13757,1.1377,2.47,4.73
2017.08.11 17:37:53.342,1.13757,1.13769,1.72,2.25
2017.08.11 17:37:53.847,1.13757,1.13769,2.66,1.31
2017.08.11 17:37:55.427,1.13758,1.13769,1.50,1.50
2017.08.11 17:37:55.975,1.13758,1.1377,2.10,2.25
2017.08.11 17:37:56.487,1.13758,1.1377,2.29,2.06
2017.08.11 17:38:02.394,1.13758,1.13771,4.54,2.81
2017.08.11 17:38:02.903,1.1376,1.13771,1.50,2.25
2017.08.11 17:38:07.409,1.1376,1.13771,1.67,1.19
2017.08.11 17:38:08.178,1.13759,1.13771,1.12,3.56
2017.08.11 17:38:08.281,1.13759,1.13771,1.50,2.81
2017.08.11 17:38:08.828,1.13759,1.13771,1.50,4.88
2017.08.11 17:38:10.198,1.13759,1.13771,1.50,4.88
2017.08.11 17:38:17.148,1.13758,1.1377,2.10,1.00
2017.08.11 17:38:22.775,1.13759,1.13771,1.50,2.81
2017.08.11 17:38:23.315,1.13759,1.1377,1.12,1.12
2017.08.11 17:38:24.794,1.1376,1.13771,1.00,3.00
2017.08.11 17:38:25.507,1.1376,1.1377,3.41,1.00
2017.08.11 17:38:26.028,1.1376,1.1377,3.22,1.00
2017.08.11 17:38:37.667,1.13759,1.1377,1.50,1.00
2017.08.11 17:38:38.194,1.13758,1.13769,2.10,1.25
2017.08.11 17:38:38.979,1.13758,1.13769,1.72,1.00
2017.08.11 17:38:43.108,1.13759,1.1377,1.00,1.72
2017.08.11 17:38:46.107,1.1376,1.13771,1.00,2.81
2017.08.11 17:38:46.260,1.13761,1.13771,1.12,1.69
2017.08.11 17:38:46.778,1.13762,1.13772,1.00,2.25
2017.08.11 17:38:47.310,1.13761,1.13772,1.69,1.00
2017.08.11 17:38:47.666,1.13763,1.13773,1.00,2.44
2017.08.11 17:38:48.204,1.13764,1.13774,1.00,1.37
2017.08.11 17:38:48.720,1.13764,1.13774,1.00,1.12
2017.08.11 17:38:51.419,1.13763,1.13774,2.10,1.00
2017.08.11 17:38:51.731,1.13762,1.13774,3.79,1.87
2017.08.11 17:38:51.833,1.13763,1.13774,1.50,1.00
2017.08.11 17:38:56.006,1.13764,1.13775,1.00,2.48
2017.08.11 17:39:12.266,1.13763,1.13775,1.50,2.10
2017.08.11 17:39:12.420,1.13761,1.13772,1.75,1.54
2017.08.11 17:39:12.472,1.1376,1.13772,1.50,3.98
2017.08.11 17:39:12.575,1.13758,1.1377,2.47,2.81
2017.08.11 17:39:12.883,1.13757,1.13769,1.54,1.75
2017.08.11 17:39:13.965,1.13756,1.13768,1.50,4.73
2017.08.11 17:39:14.482,1.13756,1.13768,1.12,5.29
2017.08.11 17:39:15.044,1.13758,1.13768,1.00,1.37
2017.08.11 17:39:15.582,1.13758,1.13769,1.00,1.87
2017.08.11 17:39:16.170,1.13758,1.13769,1.00,1.37
2017.08.11 17:39:17.229,1.13759,1.13769,1.00,1.37
2017.08.11 17:39:17.846,1.13759,1.13769,1.25,1.00
2017.08.11 17:39:18.183,1.13757,1.13769,1.37,1.88
2017.08.11 17:39:18.994,1.13757,1.13768,1.00,1.37
2017.08.11 17:39:19.650,1.13756,1.13768,1.69,1.37
2017.08.11 17:39:20.181,1.13756,1.13767,1.12,1.37
2017.08.11 17:39:22.324,1.13755,1.13767,1.91,1.50
2017.08.11 17:39:27.131,1.13751,1.13761,2.25,1.50
2017.08.11 17:39:27.186,1.1375,1.13761,1.12,1.00
2017.08.11 17:39:27.288,1.13747,1.1376,1.75,2.66
2017.08.11 17:39:27.390,1.13746,1.13759,2.66,2.25
2017.08.11 17:39:27.726,1.13746,1.13758,1.91,2.25
2017.08.11 17:39:29.283,1.13746,1.13758,1.00,2.25
2017.08.11 17:39:32.348,1.13745,1.13757,1.50,1.37
2017.08.11 17:39:32.857,1.13744,1.13755,1.50,1.00
2017.08.11 17:39:34.400,1.13742,1.13755,1.50,2.85
2017.08.11 17:39:34.503,1.13741,1.13753,1.69,1.50
2017.08.11 17:39:35.034,1.13741,1.13753,1.19,1.50
2017.08.11 17:39:35.549,1.1374,1.13753,4.16,1.87
2017.08.11 17:39:36.206,1.13741,1.13754,1.91,3.00
2017.08.11 17:39:36.513,1.13744,1.13755,2.10,1.37
2017.08.11 17:39:36.819,1.13746,1.13756,1.00,1.50
2017.08.11 17:39:36.922,1.13746,1.13758,1.12,1.87
2017.08.11 17:39:37.441,1.13746,1.13759,2.47,1.87
2017.08.11 17:39:40.219,1.13746,1.13759,2.44,3.00
2017.08.11 17:39:42.807,1.13746,1.13759,1.12,4.16
2017.08.11 17:39:47.992,1.13744,1.13757,2.44,3.98
2017.08.11 17:39:48.096,1.13743,1.13754,3.37,1.00
2017.08.11 17:39:48.653,1.13744,1.13755,1.50,1.00
2017.08.11 17:39:51.027,1.13744,1.13755,1.00,1.37
2017.08.11 17:39:51.567,1.13744,1.13757,2.25,2.47
2017.08.11 17:39:52.118,1.13744,1.13756,2.62,1.00
2017.08.11 17:39:57.923,1.13744,1.13757,2.44,2.47
2017.08.11 17:39:58.443,1.13744,1.13757,2.29,2.47
2017.08.11 17:40:00.964,1.13744,1.13756,2.67,1.00
2017.08.11 17:40:01.471,1.13745,1.13756,1.29,1.37
2017.08.11 17:40:07.569,1.13745,1.13757,2.48,1.37
2017.08.11 17:40:21.830,1.13743,1.13756,4.21,1.69
2017.08.11 17:40:24.165,1.13743,1.13756,3.46,1.12
2017.08.11 17:40:24.216,1.13743,1.13753,1.00,2.47
2017.08.11 17:40:24.574,1.13741,1.13753,1.91,2.10
2017.08.11 17:40:25.656,1.13739,1.13751,1.87,6.41
2017.08.11 17:40:26.165,1.13739,1.13751,1.25,6.41
2017.08.11 17:40:28.672,1.13738,1.13749,1.69,1.35
2017.08.11 17:40:33.423,1.13737,1.13749,1.12,2.85
2017.08.11 17:40:33.988,1.13736,1.13749,2.29,4.73
2017.08.11 17:40:34.527,1.13736,1.13748,1.31,2.47
2017.08.11 17:40:37.079,1.13735,1.13747,2.66,1.72
2017.08.11 17:40:40.427,1.13733,1.13746,3.04,3.94
2017.08.11 17:40:42.794,1.13733,1.13746,1.31,4.50
2017.08.11 17:40:44.346,1.13731,1.13743,2.10,1.00
2017.08.11 17:40:44.499,1.13731,1.13744,1.91,2.06
2017.08.11 17:40:46.626,1.13732,1.13745,1.00,7.16
2017.08.11 17:40:48.625,1.13732,1.13743,1.12,1.00
2017.08.11 17:40:50.152,1.13733,1.13745,1.00,2.47
2017.08.11 17:40:50.305,1.13733,1.13745,2.29,1.00
2017.08.11 17:40:51.282,1.13731,1.13743,1.12,1.05
2017.08.11 17:40:51.384,1.13731,1.13743,1.00,1.54
2017.08.11 17:40:52.270,1.1373,1.13743,1.37,3.60
2017.08.11 17:40:52.791,1.13729,1.13741,1.87,1.00
2017.08.11 17:40:53.595,1.13729,1.13741,1.62,1.73
2017.08.11 17:40:54.462,1.13729,1.1374,1.00,1.25
2017.08.11 17:40:55.450,1.13728,1.1374,1.50,1.54
2017.08.11 17:41:00.592,1.13728,1.1374,2.86,3.41
2017.08.11 17:41:04.026,1.13728,1.13739,1.42,1.72
2017.08.11 17:41:04.552,1.13726,1.13738,2.30,1.63
2017.08.11 17:41:05.068,1.13726,1.13738,5.34,1.00
2017.08.11 17:41:18.033,1.13726,1.13739,3.84,3.23
2017.08.11 17:41:18.715,1.13726,1.13739,4.59,3.23
2017.08.11 17:41:22.218,1.13725,1.13738,2.66,1.70
2017.08.11 17:41:22.765,1.13725,1.13737,1.69,1.16
2017.08.11 17:41:23.345,1.13726,1.13738,1.88,4.54
2017.08.11 17:41:23.904,1.13726,1.13738,2.44,2.66
2017.08.11 17:41:24.006,1.13726,1.13738,3.79,1.31
2017.08.11 17:41:25.780,1.13726,1.13739,5.10,2.10
2017.08.11 17:41:26.379,1.13726,1.13739,3.41,2.48
2017.08.11 17:41:27.033,1.13726,1.13739,2.29,2.10
2017.08.11 17:41:30.061,1.13726,1.13739,1.54,2.85
2017.08.11 17:41:32.844,1.13725,1.13738,4.54,1.72
2017.08.11 17:41:33.186,1.13725,1.13738,4.16,1.35
2017.08.11 17:41:35.185,1.13725,1.13738,3.60,1.16
2017.08.11 17:41:35.542,1.13724,1.13737,2.06,3.23
2017.08.11 17:41:36.082,1.13725,1.13737,2.06,3.41
2017.08.11 17:41:44.573,1.13724,1.13737,2.29,4.73
2017.08.11 17:41:45.288,1.13724,1.13735,1.31,1.00
2017.08.11 17:41:52.688,1.13725,1.13736,1.44,1.50
2017.08.11 17:41:52.995,1.13725,1.13737,3.19,1.30
2017.08.11 17:41:53.301,1.13724,1.13737,4.35,1.91
2017.08.11 17:41:58.066,1.13725,1.13736,1.51,1.00
2017.08.11 17:42:01.187,1.13726,1.13737,4.35,1.00
2017.08.11 17:42:02.198,1.13726,1.13738,3.60,1.00
2017.08.11 17:42:02.908,1.13726,1.13739,4.35,1.73
2017.08.11 17:42:03.602,1.13727,1.13739,1.63,1.73
2017.08.11 17:42:04.260,1.1373,1.13742,1.54,1.75
2017.08.11 17:42:04.771,1.13729,1.13741,1.50,1.16
2017.08.11 17:42:05.281,1.13728,1.1374,3.00,1.35
2017.08.11 17:42:08.845,1.13728,1.1374,3.00,1.67
2017.08.11 17:42:11.858,1.13728,1.1374,3.38,1.35
2017.08.11 17:42:14.390,1.13728,1.13739,1.50,2.85
2017.08.11 17:42:14.699,1.13727,1.13737,1.00,1.05
2017.08.11 17:42:17.629,1.13726,1.13738,1.69,1.35
2017.08.11 17:42:20.651,1.13727,1.13739,1.69,3.41
2017.08.11 17:42:24.607,1.13726,1.13739,2.81,3.60
2017.08.11 17:42:28.681,1.13728,1.1374,3.04,1.69
2017.08.11 17:42:29.190,1.13729,1.1374,2.29,1.37
2017.08.11 17:42:32.753,1.13728,1.1374,3.23,1.00
2017.08.11 17:42:33.088,1.13729,1.13742,1.99,1.54
2017.08.11 17:42:33.615,1.1373,1.13742,1.38,1.16
2017.08.11 17:42:37.272,1.13731,1.13744,1.54,3.41
2017.08.11 17:42:38.016,1.13731,1.13744,1.73,2.10
2017.08.11 17:42:39.088,1.1373,1.13743,2.29,1.35
2017.08.11 17:42:40.020,1.1373,1.13743,2.48,1.35
2017.08.11 17:42:41.218,1.1373,1.13743,1.31,1.73
2017.08.11 17:42:41.523,1.13729,1.13741,1.37,5.85
2017.08.11 17:42:45.397,1.13728,1.1374,2.85,1.35
2017.08.11 17:42:53.187,1.13728,1.1374,2.25,1.60
2017.08.11 17:42:53.494,1.13726,1.13737,1.88,1.05
2017.08.11 17:42:53.801,1.13726,1.13737,1.00,4.35
2017.08.11 17:42:54.334,1.13724,1.13737,2.63,5.48
2017.08.11 17:42:54.855,1.13724,1.13736,3.60,1.00
2017.08.11 17:42:58.119,1.13724,1.13737,3.60,2.85
2017.08.11 17:43:06.254,1.13724,1.13736,1.50,1.38
2017.08.11 17:43:07.214,1.13724,1.13736,1.88,1.13
2017.08.11 17:43:08.720,1.13725,1.13738,1.73,2.66
2017.08.11 17:43:10.677,1.13727,1.13738,1.00,1.91
2017.08.11 17:43:11.204,1.13726,1.13738,1.94,1.16
2017.08.11 17:43:12.725,1.13726,1.13738,2.48,1.16
2017.08.11 17:43:18.288,1.13732,1.13741,1.00,1.87
2017.08.11 17:43:18.425,1.13734,1.13743,1.30,1.00
2017.08.11 17:43:18.477,1.13734,1.13747,2.10,1.91
2017.08.11 17:43:20.960,1.13734,1.13747,2.29,5.10
2017.08.11 17:43:21.894,1.13734,1.13747,3.98,5.10
2017.08.11 17:43:22.120,1.13737,1.13749,1.00,3.23
2017.08.11 17:43:22.695,1.13736,1.13748,2.66,1.88
2017.08.11 17:43:23.791,1.13736,1.13748,1.63,2.48
2017.08.11 17:43:24.302,1.13736,1.13747,1.25,1.30
2017.08.11 17:43:24.636,1.13734,1.13747,4.73,2.85
2017.08.11 17:43:29.231,1.13735,1.13746,1.00,1.25
2017.08.11 17:43:37.891,1.13736,1.13748,1.30,3.37
2017.08.11 17:43:47.262,1.13738,1.13748,2.10,1.12
2017.08.11 17:43:47.415,1.13737,1.13748,1.60,1.00
2017.08.11 17:43:48.027,1.13737,1.13749,1.30,1.38
2017.08.11 17:43:48.534,1.13736,1.13747,1.00,1.35
2017.08.11 17:43:49.466,1.13734,1.13746,3.60,1.00
2017.08.11 17:43:49.634,1.13734,1.13746,1.00,2.48
2017.08.11 17:43:50.144,1.13732,1.13744,1.91,1.25
2017.08.11 17:43:52.812,1.13732,1.13744,1.37,2.85
2017.08.11 17:43:53.299,1.13731,1.13743,2.44,1.50
2017.08.11 17:43:56.046,1.13731,1.13743,2.63,1.50
2017.08.11 17:43:56.476,1.13734,1.13743,2.85,1.37
2017.08.11 17:43:56.663,1.13737,1.13749,2.48,1.75
2017.08.11 17:43:56.765,1.13737,1.1375,1.88,1.54
2017.08.11 17:43:57.333,1.13737,1.13751,2.10,8.48
2017.08.11 17:44:00.148,1.13738,1.13749,1.00,1.25
2017.08.11 17:44:06.168,1.13739,1.1375,1.00,1.69
2017.08.11 17:44:06.270,1.13741,1.13752,1.54,1.12
2017.08.11 17:44:06.425,1.13741,1.13753,1.91,1.25
2017.08.11 17:44:06.835,1.13738,1.13752,3.79,2.10
2017.08.11 17:44:06.937,1.13739,1.13752,1.25,3.23
2017.08.11 17:44:12.739,1.13739,1.13751,1.50,1.72
2017.08.11 17:44:16.808,1.1374,1.13752,1.88,2.25
2017.08.11 17:44:17.317,1.1374,1.13752,1.69,1.72
2017.08.11 17:44:25.097,1.1374,1.13752,1.88,2.10
2017.08.11 17:44:54.186,1.13736,1.13748,1.87,2.48
2017.08.11 17:44:54.339,1.13736,1.13747,1.00,1.73
2017.08.11 17:44:54.848,1.13735,1.13747,1.00,2.10
2017.08.11 17:44:58.729,1.13735,1.13747,1.88,2.10
2017.08.11 17:44:59.137,1.13737,1.13747,1.73,1.00
2017.08.11 17:44:59.646,1.13737,1.13747,1.54,1.00
2017.08.11 17:45:00.155,1.13737,1.13749,2.48,1.50
2017.08.11 17:45:03.609,1.13737,1.13748,1.00,2.81
2017.08.11 17:45:04.152,1.13736,1.13748,1.54,3.19
2017.08.11 17:45:05.688,1.13736,1.13748,2.48,3.00
2017.08.11 17:45:09.467,1.13736,1.13748,2.10,2.25
2017.08.11 17:45:09.926,1.13735,1.13747,1.37,3.60
2017.08.11 17:45:10.621,1.13734,1.13746,2.66,1.50
2017.08.11 17:45:11.330,1.13735,1.13746,1.00,1.37
2017.08.11 17:45:11.863,1.13734,1.13746,4.91,1.37
2017.08.11 17:45:12.149,1.13735,1.13747,1.38,3.22
2017.08.11 17:45:12.685,1.13734,1.13746,3.04,1.37
2017.08.11 17:45:13.186,1.13734,1.13746,2.29,1.63
2017.08.11 17:45:17.986,1.13734,1.13746,2.48,1.37
2017.08.11 17:45:19.169,1.13736,1.13747,1.00,2.47
2017.08.11 17:45:21.833,1.13735,1.13747,1.12,3.98
2017.08.11 17:45:22.851,1.13733,1.13745,4.16,1.00
2017.08.11 17:45:28.901,1.13735,1.13746,1.00,1.50
2017.08.11 17:45:32.368,1.13734,1.13746,1.69,1.62
2017.08.11 17:45:32.676,1.13731,1.13743,2.06,1.30
2017.08.11 17:45:33.227,1.1373,1.13742,1.67,1.88
2017.08.11 17:45:33.278,1.1373,1.13741,1.00,1.35
2017.08.11 17:45:33.798,1.13728,1.13741,6.60,1.72
2017.08.11 17:45:34.299,1.13729,1.13741,1.00,2.48
2017.08.11 17:45:50.293,1.13731,1.1374,1.25,1.00
2017.08.11 17:45:50.600,1.13735,1.13745,1.00,1.12
2017.08.11 17:45:54.534,1.13734,1.13746,1.12,3.98
2017.08.11 17:45:54.687,1.13736,1.13746,1.54,1.37
2017.08.11 17:45:55.227,1.13736,1.13746,1.91,1.00
2017.08.11 17:45:55.740,1.13736,1.13748,2.66,1.62
2017.08.11 17:46:20.191,1.13737,1.13748,1.25,1.50
2017.08.11 17:46:20.691,1.13736,1.13748,1.50,2.48
2017.08.11 17:46:24.218,1.13735,1.13747,1.87,1.73
2017.08.11 17:46:24.794,1.13734,1.13746,1.67,1.50
2017.08.11 17:46:25.327,1.13734,1.13746,1.35,1.88
2017.08.11 17:46:25.947,1.13734,1.13746,3.04,1.37
2017.08.11 17:46:26.497,1.13734,1.13746,2.29,1.37
2017.08.11 17:46:27.827,1.13735,1.13746,1.00,1.50
2017.08.11 17:46:30.046,1.13734,1.13746,2.29,2.25
2017.08.11 17:46:32.766,1.13734,1.13746,2.29,1.37
2017.08.11 17:46:36.897,1.13734,1.13746,2.66,1.12
2017.08.11 17:46:37.898,1.13734,1.13746,2.29,1.37
2017.08.11 17:46:41.537,1.13733,1.13745,1.87,4.13
2017.08.11 17:46:42.464,1.13733,1.13745,2.85,1.00
2017.08.11 17:46:44.938,1.13734,1.13746,1.37,2.63
2017.08.11 17:46:46.409,1.13734,1.13745,1.37,1.50
2017.08.11 17:46:47.200,1.13733,1.13745,1.50,3.75
2017.08.11 17:46:47.858,1.13733,1.13744,1.12,1.25
2017.08.11 17:46:48.200,1.13734,1.13745,1.50,1.50
2017.08.11 17:46:48.712,1.13734,1.13745,1.00,2.06
2017.08.11 17:46:53.131,1.13732,1.13743,1.75,3.41
2017.08.11 17:46:53.640,1.13731,1.13743,1.87,4.35
2017.08.11 17:46:54.207,1.13731,1.13743,1.50,4.73
2017.08.11 17:46:54.736,1.13731,1.13742,1.75,3.04
2017.08.11 17:47:00.880,1.1373,1.13742,2.62,3.22
2017.08.11 17:47:01.033,1.1373,1.13741,1.00,2.47
2017.08.11 17:47:01.085,1.1373,1.13741,1.12,2.29
2017.08.11 17:47:01.392,1.1373,1.13741,1.00,3.04
2017.08.11 17:47:02.484,1.1373,1.13741,1.72,1.12
2017.08.11 17:47:02.536,1.13731,1.13742,1.60,1.37
2017.08.11 17:47:03.085,1.13732,1.13743,1.67,1.37
2017.08.11 17:47:05.121,1.13732,1.13744,1.67,1.91
2017.08.11 17:47:08.583,1.13732,1.13744,1.67,3.04
2017.08.11 17:47:09.323,1.13731,1.13743,1.72,1.62
2017.08.11 17:47:10.309,1.13731,1.13743,1.72,1.91
2017.08.11 17:47:12.029,1.1373,1.13741,1.67,1.50
2017.08.11 17:47:12.578,1.13728,1.13741,4.16,2.47
2017.08.11 17:47:13.090,1.13728,1.1374,4.16,1.30
2017.08.11 17:47:15.349,1.13728,1.1374,2.06,2.47
2017.08.11 17:47:15.552,1.13732,1.1374,1.10,1.87
2017.08.11 17:47:15.756,1.13733,1.13744,2.85,1.31
2017.08.11 17:47:15.911,1.13734,1.13745,1.91,1.00
2017.08.11 17:47:16.422,1.13735,1.13746,1.00,1.00
2017.08.11 17:47:16.956,1.13735,1.13747,1.62,1.00
2017.08.11 17:47:17.567,1.13736,1.13748,1.72,1.62
2017.08.11 17:47:18.551,1.13736,1.13748,2.10,1.62
2017.08.11 17:47:20.729,1.13734,1.13746,5.29,1.00
2017.08.11 17:47:21.432,1.13734,1.13746,4.91,1.37
2017.08.11 17:47:22.201,1.13734,1.13745,3.97,1.00
2017.08.11 17:47:23.247,1.13733,1.13745,1.87,2.10
2017.08.11 17:47:36.170,1.13736,1.13746,1.00,1.37
2017.08.11 17:47:36.375,1.13737,1.13748,1.35,1.62
2017.08.11 17:47:38.895,1.13737,1.13749,2.47,1.62
2017.08.11 17:47:42.454,1.13738,1.13749,1.00,1.25
2017.08.11 17:47:53.184,1.13738,1.1375,5.89,1.50
2017.08.11 17:47:53.836,1.13739,1.1375,1.54,1.12
2017.08.11 17:47:57.331,1.13739,1.1375,1.57,1.00
2017.08.11 17:47:57.841,1.13739,1.13751,1.25,2.10
2017.08.11 17:48:08.868,1.13739,1.13749,1.00,1.16
2017.08.11 17:48:09.415,1.13737,1.13748,1.30,1.25
2017.08.11 17:48:10.331,1.13736,1.13748,2.85,1.69
2017.08.11 17:48:11.016,1.13736,1.13747,1.00,1.30
2017.08.11 17:48:17.564,1.13736,1.13748,1.91,1.35
2017.08.11 17:48:24.346,1.13741,1.13748,1.05,1.00
2017.08.11 17:48:24.570,1.13741,1.13752,2.29,1.95
2017.08.11 17:48:25.144,1.13741,1.13753,2.85,1.76
2017.08.11 17:48:43.991,1.13741,1.13752,2.29,1.20
2017.08.11 17:48:44.433,1.13742,1.13752,1.37,1.20
2017.08.11 17:49:04.404,1.13741,1.13752,3.41,1.20
2017.08.11 17:49:07.488,1.13741,1.13752,2.47,1.58
2017.08.11 17:49:07.808,1.13742,1.13753,2.25,2.10
2017.08.11 17:49:09.834,1.13742,1.13752,1.12,1.54
2017.08.11 17:49:11.606,1.13741,1.13752,1.00,2.29
2017.08.11 17:49:20.958,1.1374,1.13752,2.25,2.48
2017.08.11 17:49:21.465,1.1374,1.13751,1.12,1.30
2017.08.11 17:49:22.022,1.13739,1.13751,4.16,2.29
2017.08.11 17:49:22.534,1.13739,1.13751,4.16,2.29
2017.08.11 17:49:42.173,1.1374,1.13751,1.31,1.72
2017.08.11 17:49:42.705,1.13741,1.13752,1.50,4.16
2017.08.11 17:49:44.042,1.1374,1.13752,1.54,2.66
2017.08.11 17:49:57.898,1.13741,1.13751,1.00,1.30
2017.08.11 17:49:59.865,1.1374,1.13751,3.41,1.30
2017.08.11 17:50:02.016,1.1374,1.13751,3.98,1.35
2017.08.11 17:50:02.970,1.1374,1.13751,2.29,1.00
2017.08.11 17:50:23.143,1.13741,1.13752,1.35,1.37
2017.08.11 17:50:23.673,1.13741,1.13752,1.16,2.10
2017.08.11 17:50:34.142,1.1374,1.13751,1.30,1.35
2017.08.11 17:50:35.090,1.13739,1.13751,3.04,1.91
2017.08.11 17:50:36.521,1.13739,1.13751,1.69,4.35
2017.08.11 17:50:37.022,1.13738,1.13748,1.12,1.16
2017.08.11 17:50:41.115,1.13737,1.13748,2.29,1.30
2017.08.11 17:50:41.810,1.13738,1.13748,1.00,1.30
2017.08.11 17:50:52.928,1.13738,1.13749,1.12,1.91
2017.08.11 17:50:56.181,1.13739,1.13749,1.00,1.12
2017.08.11 17:50:58.017,1.13738,1.13749,1.50,1.54
2017.08.11 17:50:58.528,1.13738,1.13749,2.10,1.00
2017.08.11 17:50:59.884,1.13739,1.13751,1.50,2.66
2017.08.11 17:51:07.197,1.13739,1.1375,1.12,1.91
2017.08.11 17:51:07.901,1.13738,1.13749,1.50,1.54
2017.08.11 17:51:22.438,1.13738,1.13749,1.12,2.66
2017.08.11 17:51:22.955,1.13738,1.13749,1.31,1.72
2017.08.11 17:51:24.472,1.13739,1.1375,1.00,2.29
2017.08.11 17:51:24.982,1.13739,1.1375,1.12,1.35
2017.08.11 17:51:32.244,1.13738,1.13749,2.06,1.30
2017.08.11 17:51:32.777,1.13738,1.13749,1.50,2.29
2017.08.11 17:51:33.296,1.13738,1.13749,1.12,1.91
2017.08.11 17:51:49.544,1.13737,1.13749,1.87,1.91
2017.08.11 17:51:49.901,1.13736,1.13748,1.72,3.23
2017.08.11 17:51:50.740,1.13735,1.13747,1.87,1.35
2017.08.11 17:51:50.894,1.13734,1.13746,1.87,5.48
2017.08.11 17:51:51.200,1.13736,1.13746,1.54,1.00
2017.08.11 17:51:51.533,1.13737,1.13749,2.47,1.91
2017.08.11 17:51:52.158,1.13737,1.13749,2.47,1.91
2017.08.11 17:51:57.339,1.13739,1.1375,1.00,2.10
2017.08.11 17:51:57.852,1.13739,1.1375,1.50,1.30
2017.08.11 17:51:58.897,1.13739,1.13751,3.60,2.29
2017.08.11 17:52:02.497,1.13739,1.1375,1.37,3.41
2017.08.11 17:52:02.748,1.13735,1.13746,2.06,1.50
2017.08.11 17:52:03.275,1.13735,1.13747,3.60,2.29
2017.08.11 17:52:06.811,1.13739,1.13747,1.54,1.00
2017.08.11 17:52:06.965,1.1374,1.13751,2.25,1.72
2017.08.11 17:52:11.947,1.13741,1.13752,2.48,1.50
2017.08.11 17:52:12.451,1.1374,1.13752,3.56,2.85
2017.08.11 17:52:15.547,1.13741,1.13752,1.25,1.72
2017.08.11 17:52:41.808,1.1374,1.13751,1.69,1.30
2017.08.11 17:52:42.316,1.1374,1.13751,3.60,1.12
2017.08.11 17:52:42.842,1.13741,1.13751,1.91,1.00
2017.08.11 17:52:46.297,1.1374,1.13751,3.79,1.00
2017.08.11 17:52:51.351,1.1374,1.1375,1.00,1.05
2017.08.11 17:52:52.391,1.13739,1.1375,1.12,1.91
2017.08.11 17:52:53.129,1.1374,1.1375,1.00,1.91
2017.08.11 17:53:00.824,1.13739,1.1375,1.12,1.91
2017.08.11 17:53:03.919,1.1374,1.13751,1.00,2.10
2017.08.11 17:53:04.422,1.1374,1.13751,1.72,1.00
2017.08.11 17:53:04.728,1.1374,1.13752,2.10,3.41
2017.08.11 17:53:05.242,1.1374,1.13752,3.60,1.35
2017.08.11 17:53:09.265,1.13741,1.13752,1.00,2.10
2017.08.11 17:53:16.561,1.13743,1.13752,1.00,1.12
2017.08.11 17:53:16.613,1.13741,1.13752,2.47,1.00
2017.08.11 17:53:16.821,1.13743,1.13752,1.00,1.00
2017.08.11 17:53:17.127,1.13746,1.13754,1.00,4.50
2017.08.11 17:53:17.178,1.13744,1.13754,1.35,1.37
2017.08.11 17:53:17.230,1.13745,1.13755,2.48,1.37
2017.08.11 17:53:17.425,1.13747,1.13759,1.12,2.10
2017.08.11 17:53:17.971,1.13747,1.13759,1.50,2.48
2017.08.11 17:53:18.858,1.13747,1.13759,1.50,1.73
2017.08.11 17:53:19.614,1.13747,1.13759,1.50,1.73
2017.08.11 17:53:24.416,1.13747,1.13759,1.37,2.10
2017.08.11 17:53:24.946,1.13747,1.13758,1.12,1.00
2017.08.11 17:53:26.144,1.13746,1.13758,3.41,1.00
2017.08.11 17:53:26.694,1.13746,1.13759,3.41,3.23
2017.08.11 17:53:30.625,1.13747,1.13759,2.00,1.16
2017.08.11 17:53:32.163,1.13748,1.13759,1.50,2.48
2017.08.11 17:53:35.626,1.13747,1.13759,1.75,1.73
2017.08.11 17:53:47.420,1.13749,1.1376,1.31,1.00
2017.08.11 17:53:47.831,1.13747,1.13758,1.12,1.00
2017.08.11 17:53:50.808,1.13746,1.13758,1.50,2.10
2017.08.11 17:53:53.847,1.13746,1.13758,1.50,2.10
2017.08.11 17:53:58.096,1.13749,1.13759,1.50,1.50
2017.08.11 17:53:58.457,1.13763,1.13767,1.00,1.00
2017.08.11 17:53:58.513,1.13764,1.13774,1.00,2.06
2017.08.11 17:53:58.616,1.13765,1.13775,1.87,1.87
2017.08.11 17:53:58.718,1.13765,1.13772,1.00,1.00
2017.08.11 17:53:58.770,1.13764,1.13775,1.37,1.62
2017.08.11 17:53:58.925,1.13767,1.13778,1.12,3.22
2017.08.11 17:53:59.125,1.13767,1.13779,2.25,1.00
2017.08.11 17:53:59.228,1.13767,1.13778,1.12,1.00
2017.08.11 17:53:59.381,1.13766,1.13778,1.37,3.60
2017.08.11 17:53:59.484,1.13765,1.13776,1.50,1.13
2017.08.11 17:53:59.536,1.13765,1.13776,1.00,1.38
2017.08.11 17:53:59.740,1.13762,1.13772,1.12,1.00
2017.08.11 17:54:00.357,1.1376,1.13771,1.75,1.00
2017.08.11 17:54:00.561,1.1376,1.1377,1.12,1.00
2017.08.11 17:54:02.325,1.1376,1.13771,1.12,1.69
2017.08.11 17:54:02.830,1.1376,1.1377,1.12,1.00
2017.08.11 17:54:03.341,1.13759,1.13769,1.12,1.00
2017.08.11 17:54:03.867,1.13759,1.1377,1.12,2.25
2017.08.11 17:54:05.734,1.13758,1.13768,1.50,1.00
2017.08.11 17:54:06.244,1.13758,1.13768,1.12,1.00
2017.08.11 17:54:10.462,1.13757,1.13769,1.12,1.50
2017.08.11 17:54:11.004,1.13758,1.1377,1.00,2.81
2017.08.11 17:54:11.921,1.13757,1.13768,1.50,1.00
2017.08.11 17:54:12.477,1.13757,1.13768,1.12,1.50
2017.08.11 17:54:13.134,1.13756,1.13767,1.12,1.69
2017.08.11 17:54:13.658,1.13756,1.13767,1.12,1.69
2017.08.11 17:54:14.316,1.13753,1.13764,1.37,1.12
2017.08.11 17:54:14.496,1.13753,1.13764,1.12,1.69
2017.08.11 17:54:17.339,1.13753,1.13763,1.12,1.19
2017.08.11 17:54:19.058,1.13753,1.13764,1.12,1.54
2017.08.11 17:54:19.569,1.13753,1.13764,1.12,1.54
2017.08.11 17:54:37.725,1.13754,1.13764,1.00,1.91
2017.08.11 17:54:38.249,1.13753,1.13764,1.12,1.91
2017.08.11 17:54:38.756,1.13753,1.13764,1.12,1.72
2017.08.11 17:54:41.323,1.1375,1.13763,3.56,2.47
2017.08.11 17:54:41.876,1.13751,1.13763,1.50,1.62
2017.08.11 17:54:44.630,1.13751,1.13763,1.87,1.31
2017.08.11 17:54:45.146,1.13753,1.13763,1.00,1.00
2017.08.11 17:54:45.810,1.13753,1.13764,1.12,1.12
2017.08.11 17:54:47.754,1.13753,1.13764,1.37,1.13
2017.08.11 17:54:48.303,1.13752,1.13764,1.50,1.62
2017.08.11 17:54:48.507,1.13754,1.13765,1.12,1.31
2017.08.11 17:54:49.017,1.13754,1.13766,1.50,2.85
2017.08.11 17:54:51.299,1.13754,1.13765,1.50,1.68
2017.08.11 17:54:56.602,1.13754,1.13765,1.50,1.16
2017.08.11 17:54:58.603,1.13754,1.13765,1.50,1.68
2017.08.11 17:54:59.775,1.13754,1.13765,1.50,1.35
2017.08.11 17:55:00.814,1.13755,1.13766,1.87,2.29
2017.08.11 17:55:01.069,1.13755,1.13766,2.25,2.10
2017.08.11 17:55:01.788,1.13755,1.13766,1.75,2.10
2017.08.11 17:55:03.275,1.13755,1.13765,1.12,1.35
2017.08.11 17:55:04.065,1.13755,1.13765,1.50,1.68
2017.08.11 17:55:04.749,1.13755,1.13765,1.50,1.35
2017.08.11 17:55:05.259,1.13755,1.13765,1.75,1.16
2017.08.11 17:55:07.443,1.13754,1.13765,2.62,1.24
2017.08.11 17:55:07.749,1.13753,1.13764,1.75,1.35
2017.08.11 17:55:12.754,1.13753,1.13763,1.50,1.05
2017.08.11 17:55:22.277,1.13752,1.13763,1.50,1.30
2017.08.11 17:55:22.993,1.13751,1.13763,1.75,1.68
2017.08.11 17:55:26.621,1.13752,1.13763,1.00,1.91
2017.08.11 17:55:26.776,1.13752,1.13763,1.75,1.54
2017.08.11 17:55:34.019,1.13753,1.13764,1.50,1.37
2017.08.11 17:55:34.223,1.13753,1.13764,1.50,1.00
2017.08.11 17:55:35.116,1.13753,1.13765,1.50,2.10
2017.08.11 17:55:35.623,1.13753,1.13764,1.75,1.73
2017.08.11 17:55:36.081,1.13754,1.13765,2.25,1.38
2017.08.11 17:55:36.938,1.13754,1.13765,2.25,1.00
2017.08.11 17:55:40.004,1.13754,1.13766,2.62,1.50
2017.08.11 17:55:41.372,1.13754,1.13766,1.12,1.88
2017.08.11 17:55:41.729,1.13753,1.13764,1.75,1.73
2017.08.11 17:55:42.382,1.13753,1.13764,1.75,1.35
2017.08.11 17:55:42.741,1.13751,1.13763,1.75,2.10
2017.08.11 17:55:42.897,1.13749,1.1376,1.87,1.73
2017.08.11 17:55:43.103,1.13745,1.13757,1.75,1.44
2017.08.11 17:55:45.229,1.13745,1.13757,1.50,1.44
2017.08.11 17:55:45.844,1.13745,1.13758,1.75,1.50
2017.08.11 17:55:46.598,1.13745,1.13758,2.00,1.50
2017.08.11 17:55:48.597,1.13745,1.13758,1.75,1.50
2017.08.11 17:55:54.277,1.13745,1.13758,1.88,1.00
2017.08.11 17:55:54.431,1.13749,1.1376,1.00,2.48
2017.08.11 17:55:54.533,1.13749,1.13761,2.25,3.23
2017.08.11 17:55:54.635,1.13749,1.13761,2.25,1.73
2017.08.11 17:55:55.564,1.13749,1.13761,3.00,1.50
2017.08.11 17:55:56.217,1.1375,1.13761,2.25,1.31
2017.08.11 17:55:58.442,1.1375,1.13762,2.25,1.69
2017.08.11 17:55:58.951,1.13751,1.13763,1.75,2.85
2017.08.11 17:56:00.568,1.1375,1.13762,1.75,2.47
2017.08.11 17:56:00.619,1.1375,1.13762,2.85,1.12
2017.08.11 17:56:00.825,1.13751,1.13763,2.25,2.29
2017.08.11 17:56:02.575,1.13752,1.13764,1.75,1.00
2017.08.11 17:56:04.622,1.13751,1.13765,2.85,3.98
2017.08.11 17:56:05.347,1.13749,1.1376,2.62,1.88
2017.08.11 17:56:05.449,1.13745,1.13758,4.54,1.50
2017.08.11 17:56:05.552,1.13745,1.13757,1.67,1.44
2017.08.11 17:56:06.116,1.13746,1.13758,1.00,1.88
2017.08.11 17:56:07.491,1.13744,1.13756,1.35,1.44
2017.08.11 17:56:08.217,1.13743,1.13756,3.41,1.25
2017.08.11 17:56:08.526,1.13743,1.13755,1.50,1.13
2017.08.11 17:56:09.038,1.13744,1.13756,1.50,1.38
2017.08.11 17:56:10.056,1.13742,1.13755,1.12,1.69
2017.08.11 17:56:10.159,1.13741,1.13753,1.75,1.44
2017.08.11 17:56:10.414,1.13741,1.13752,1.12,1.25
2017.08.11 17:56:12.033,1.13739,1.13751,1.12,2.10
2017.08.11 17:56:12.236,1.13737,1.13748,2.10,1.00
2017.08.11 17:56:12.389,1.13739,1.13748,1.00,1.00
2017.08.11 17:56:13.378,1.13739,1.1375,1.00,1.63
2017.08.11 17:56:14.033,1.13739,1.13752,2.06,2.00
2017.08.11 17:56:14.186,1.13739,1.13751,1.37,1.00
2017.08.11 17:56:14.704,1.1374,1.13752,1.88,1.38
2017.08.11 17:56:15.060,1.13739,1.13751,2.29,1.25
2017.08.11 17:56:15.564,1.13739,1.1375,1.50,1.25
2017.08.11 17:56:16.555,1.13739,1.13751,2.66,1.12
2017.08.11 17:56:17.930,1.13739,1.13751,2.29,1.37
2017.08.11 17:56:21.832,1.13737,1.13747,1.12,3.04
2017.08.11 17:56:21.986,1.13733,1.13746,1.87,3.00
2017.08.11 17:56:22.088,1.13736,1.13747,1.00,2.10
2017.08.11 17:56:22.292,1.13737,1.13748,1.00,2.62
2017.08.11 17:56:22.794,1.13737,1.13748,1.37,1.87
2017.08.11 17:56:23.875,1.13734,1.13746,1.87,3.23
2017.08.11 17:56:24.079,1.13731,1.13743,1.75,1.13
2017.08.11 17:56:25.233,1.13732,1.13744,1.50,1.31
2017.08.11 17:56:29.089,1.13729,1.13742,3.79,1.13
2017.08.11 17:56:29.295,1.1373,1.13742,1.50,1.72
2017.08.11 17:56:29.855,1.1373,1.13742,1.50,2.10
2017.08.11 17:56:30.453,1.1373,1.13742,1.50,2.48
2017.08.11 17:56:31.115,1.1373,1.13742,1.50,1.54
2017.08.11 17:56:34.293,1.13727,1.1374,2.00,2.63
2017.08.11 17:56:34.396,1.13727,1.13738,1.50,1.00
2017.08.11 17:56:35.624,1.13726,1.13739,2.62,1.50
2017.08.11 17:56:35.880,1.13729,1.13742,1.88,3.75
2017.08.11 17:56:36.744,1.13729,1.13741,1.69,1.69
2017.08.11 17:56:37.069,1.13728,1.1374,1.87,1.44
2017.08.11 17:56:37.719,1.13728,1.1374,1.91,1.69
2017.08.11 17:56:39.377,1.1373,1.13742,1.69,2.00
2017.08.11 17:56:40.075,1.1373,1.13742,1.69,1.63
2017.08.11 17:56:40.802,1.1373,1.13742,1.69,1.25
2017.08.11 17:56:45.851,1.13729,1.13742,2.66,2.63
2017.08.11 17:56:46.881,1.1373,1.13742,1.50,1.88
2017.08.11 17:56:54.975,1.1373,1.13742,1.50,1.50
2017.08.11 17:56:56.025,1.1373,1.13742,1.69,1.31
2017.08.11 17:56:58.145,1.1373,1.13742,1.69,1.25
2017.08.11 17:56:59.431,1.1373,1.13742,2.10,1.44
2017.08.11 17:56:59.998,1.1373,1.13742,2.29,1.25
2017.08.11 17:57:00.658,1.1373,1.13743,2.29,3.94
2017.08.11 17:57:03.401,1.1373,1.13742,2.10,1.13
2017.08.11 17:57:03.962,1.1373,1.13743,2.29,3.38
2017.08.11 17:57:10.104,1.13729,1.13742,3.04,2.44
2017.08.11 17:57:11.180,1.13729,1.13742,3.23,1.50
2017.08.11 17:57:15.039,1.1373,1.13742,2.29,1.88
2017.08.11 17:57:15.586,1.1373,1.13742,2.10,1.50
2017.08.11 17:57:21.316,1.1373,1.13742,1.75,2.25
2017.08.11 17:57:21.913,1.1373,1.13742,1.75,3.19
2017.08.11 17:57:26.413,1.13728,1.13741,3.75,1.54
2017.08.11 17:57:26.719,1.13727,1.13739,3.22,1.38
2017.08.11 17:57:26.771,1.13727,1.13739,3.22,1.38
2017.08.11 17:57:27.282,1.13727,1.13738,1.35,1.13
2017.08.11 17:57:27.832,1.13727,1.13739,1.35,1.88
2017.08.11 17:57:28.777,1.13727,1.13739,1.35,3.38
2017.08.11 17:57:30.847,1.13727,1.13739,1.35,3.75
2017.08.11 17:57:31.366,1.13726,1.13737,1.35,1.25
2017.08.11 17:57:31.468,1.13726,1.13738,2.05,1.81
2017.08.11 17:57:32.923,1.13726,1.13739,1.91,4.35
2017.08.11 17:57:33.917,1.13726,1.13738,2.05,1.50
2017.08.11 17:57:34.847,1.13728,1.13739,1.16,1.87
2017.08.11 17:57:35.154,1.1373,1.13741,1.30,2.62
2017.08.11 17:57:35.359,1.13731,1.13742,1.30,1.50
2017.08.11 17:57:36.000,1.13732,1.13742,1.30,1.12
2017.08.11 17:57:44.168,1.13732,1.13742,1.67,1.50
2017.08.11 17:57:44.606,1.13731,1.13742,1.16,1.50
2017.08.11 17:57:44.707,1.13731,1.13742,1.80,1.12
2017.08.11 17:57:45.914,1.13731,1.13743,1.91,1.69
2017.08.11 17:57:50.237,1.13731,1.13743,1.80,1.63
2017.08.11 17:57:54.112,1.13729,1.1374,1.12,1.43
2017.08.11 17:57:54.215,1.13728,1.1374,1.75,2.10
2017.08.11 17:57:54.318,1.13728,1.1374,1.50,2.48
2017.08.11 17:57:57.135,1.13728,1.13741,2.10,4.16
2017.08.11 17:57:57.678,1.1373,1.13742,1.50,2.85
2017.08.11 17:57:58.195,1.1373,1.13742,2.10,1.88
2017.08.11 17:57:59.076,1.1373,1.13742,2.85,1.13
2017.08.11 17:57:59.881,1.1373,1.13743,3.23,2.85
2017.08.11 17:58:00.224,1.1373,1.13742,3.42,1.25
2017.08.11 17:58:00.326,1.1373,1.13743,3.42,2.85
2017.08.11 17:58:07.615,1.13731,1.13743,1.67,1.88
2017.08.11 17:58:08.241,1.1373,1.13742,2.48,1.13
2017.08.11 17:58:08.623,1.13731,1.13742,1.05,1.37
2017.08.11 17:58:08.827,1.13731,1.13743,1.35,1.50
2017.08.11 17:58:09.204,1.13731,1.13742,1.30,1.00
2017.08.11 17:58:09.306,1.13731,1.13743,1.35,3.00
2017.08.11 17:58:10.364,1.13731,1.13743,1.35,3.00
2017.08.11 17:58:16.972,1.13731,1.13743,1.35,3.00
2017.08.11 17:58:23.935,1.1373,1.13742,3.98,3.38
2017.08.11 17:58:24.129,1.1373,1.13742,1.17,2.44
2017.08.11 17:58:24.232,1.13731,1.13743,2.25,1.67
2017.08.11 17:58:24.539,1.13732,1.13744,2.10,1.88
2017.08.11 17:58:24.642,1.13732,1.13744,2.85,2.25
2017.08.11 17:58:24.745,1.13732,1.13744,2.85,2.63
2017.08.11 17:58:25.317,1.13732,1.13744,2.85,2.25
2017.08.11 17:58:26.455,1.13732,1.13742,1.35,1.25
2017.08.11 17:58:26.557,1.13732,1.13744,1.67,3.75
2017.08.11 17:58:27.093,1.13733,1.13744,1.67,1.69
2017.08.11 17:58:32.157,1.13731,1.13743,1.87,2.10
2017.08.11 17:58:32.463,1.13731,1.13743,1.30,2.44
2017.08.11 17:58:32.566,1.13731,1.13743,1.80,1.50
2017.08.11 17:58:33.100,1.13731,1.13743,1.80,1.50
2017.08.11 17:58:33.720,1.13731,1.13743,1.35,1.50
2017.08.11 17:58:34.346,1.13731,1.13744,2.66,2.66
2017.08.11 17:58:39.953,1.13732,1.13744,1.67,1.13
2017.08.11 17:58:42.119,1.13731,1.13744,1.80,2.29
2017.08.11 17:58:42.624,1.13731,1.13744,1.35,4.91
2017.08.11 17:58:42.980,1.13731,1.13743,1.35,1.63
2017.08.11 17:58:43.082,1.13731,1.13743,2.47,1.00
2017.08.11 17:58:43.609,1.13732,1.13745,2.05,3.23
2017.08.11 17:58:45.113,1.13732,1.13745,2.48,2.85
2017.08.11 17:58:47.746,1.13731,1.13743,2.05,1.44
2017.08.11 17:58:48.445,1.13731,1.13743,2.05,1.44
2017.08.11 17:58:48.954,1.13731,1.13744,1.80,3.79
2017.08.11 17:58:49.879,1.1373,1.13744,2.62,4.72
2017.08.11 17:58:50.186,1.13727,1.13737,1.35,1.00
2017.08.11 17:58:50.390,1.13727,1.13739,2.10,1.69
2017.08.11 17:58:50.793,1.13726,1.13737,2.29,1.00
2017.08.11 17:58:51.370,1.13727,1.13739,1.54,2.44
2017.08.11 17:58:51.903,1.13727,1.13739,1.54,2.06
2017.08.11 17:58:58.263,1.13727,1.13739,1.54,1.88
2017.08.11 17:59:01.180,1.13726,1.13739,2.47,3.97
2017.08.11 17:59:01.460,1.13726,1.13737,1.30,1.50
2017.08.11 17:59:02.228,1.13725,1.13737,2.10,2.25
2017.08.11 17:59:06.566,1.13725,1.13737,3.60,1.50
2017.08.11 17:59:06.720,1.13729,1.13738,1.30,1.69
2017.08.11 17:59:06.873,1.1373,1.13741,1.30,1.12
2017.08.11 17:59:07.240,1.1373,1.13741,2.10,1.00
2017.08.11 17:59:07.597,1.1373,1.13741,1.16,1.25
2017.08.11 17:59:07.802,1.13731,1.13743,1.50,1.54
2017.08.11 17:59:08.157,1.1373,1.13741,1.67,1.25
2017.08.11 17:59:08.701,1.1373,1.13741,1.67,1.25
2017.08.11 17:59:09.892,1.13731,1.13743,1.30,3.38
2017.08.11 17:59:10.201,1.13732,1.13745,2.48,5.10
2017.08.11 17:59:10.714,1.13732,1.13744,2.10,1.50
2017.08.11 17:59:11.240,1.13732,1.13745,2.29,2.85
2017.08.11 17:59:11.744,1.13732,1.13745,2.29,2.85
2017.08.11 17:59:12.258,1.13732,1.13744,2.85,1.00
2017.08.11 17:59:12.411,1.13732,1.13744,3.04,1.12
2017.08.11 17:59:12.514,1.13733,1.13745,1.75,2.85
2017.08.11 17:59:15.287,1.13732,1.13745,3.22,2.48
2017.08.11 17:59:15.819,1.13732,1.13745,3.60,1.73
2017.08.11 17:59:22.353,1.13732,1.13745,2.10,4.91
2017.08.11 17:59:22.557,1.13734,1.13745,1.00,1.91
2017.08.11 17:59:23.143,1.13733,1.13745,3.98,1.00
2017.08.11 17:59:23.816,1.13733,1.13745,2.29,1.44
2017.08.11 17:59:24.225,1.13733,1.13745,1.16,2.44
2017.08.11 17:59:24.378,1.13733,1.13745,1.80,1.44
2017.08.11 17:59:25.813,1.13733,1.13745,2.29,1.25
2017.08.11 17:59:33.964,1.13733,1.13745,2.10,3.38
2017.08.11 17:59:34.652,1.13732,1.13744,2.10,1.50
2017.08.11 17:59:39.980,1.13732,1.13744,2.85,2.25
2017.08.11 17:59:40.495,1.13732,1.13744,2.85,2.63
2017.08.11 17:59:42.338,1.13732,1.13743,2.29,1.00
2017.08.11 17:59:42.543,1.13732,1.13742,1.30,1.00
2017.08.11 17:59:42.748,1.13733,1.13742,1.67,1.00
2017.08.11 17:59:42.799,1.13733,1.13744,1.43,1.00
2017.08.11 17:59:43.359,1.13733,1.13743,1.80,1.00
2017.08.11 17:59:43.668,1.13733,1.13743,1.16,1.00
2017.08.11 17:59:43.770,1.13733,1.13743,1.35,1.00
2017.08.11 17:59:46.431,1.13733,1.13742,1.35,1.00
2017.08.11 17:59:47.453,1.13733,1.13743,1.80,1.00
2017.08.11 17:59:47.973,1.13733,1.13744,2.05,1.00
2017.08.11 17:59:48.530,1.13733,1.13743,1.35,1.00
2017.08.11 17:59:54.677,1.13732,1.13741,1.80,1.00
2017.08.11 17:59:55.188,1.13731,1.13741,1.12,1.00
2017.08.11 17:59:58.481,1.13731,1.13741,1.30,1.00
2017.08.11 17:59:59.012,1.1373,1.1374,1.50,1.00
2017.08.11 17:59:59.577,1.13729,1.13739,1.75,1.00
