2014.09.05 11:00:02.380,1.20625,1.20634,1.31,1.00
2014.09.05 11:00:03.488,1.20626,1.20635,1.00,1.69
2014.09.05 11:00:04.249,1.20626,1.20634,1.00,1.00
2014.09.05 11:00:04.755,1.20626,1.20635,1.00,1.50
2014.09.05 11:00:05.436,1.20627,1.20636,1.00,1.50
2014.09.05 11:00:05.942,1.20628,1.20637,1.00,1.87
2014.09.05 11:00:06.904,1.20629,1.20638,1.00,1.87
2014.09.05 11:00:07.412,1.20628,1.20637,1.25,1.00
2014.09.05 11:00:07.921,1.20629,1.20638,1.00,1.87
2014.09.05 11:00:08.429,1.20628,1.20637,1.25,1.00
2014.09.05 11:00:09.351,1.20629,1.20638,1.00,1.50
2014.09.05 11:00:09.858,1.20628,1.20637,1.25,1.00
2014.09.05 11:00:12.753,1.20627,1.20637,1.31,1.00
2014.09.05 11:00:13.260,1.20628,1.20637,1.00,1.00
2014.09.05 11:00:13.928,1.20629,1.20638,1.00,2.81
2014.09.05 11:00:14.459,1.20628,1.20637,1.00,1.00
2014.09.05 11:00:15.252,1.20629,1.20638,1.00,2.06
2014.09.05 11:00:15.758,1.2063,1.20638,1.00,1.31
2014.09.05 11:00:16.067,1.20628,1.20637,1.00,1.50
2014.09.05 11:00:17.268,1.20627,1.20636,1.25,1.00
2014.09.05 11:00:19.571,1.20628,1.20637,1.00,1.12
2014.09.05 11:00:20.900,1.20627,1.20636,1.25,1.00
2014.09.05 11:00:23.790,1.20628,1.20637,1.00,1.69
2014.09.05 11:00:24.321,1.20629,1.20637,1.00,1.19
2014.09.05 11:00:25.493,1.20628,1.20637,1.00,1.69
2014.09.05 11:00:26.387,1.20628,1.20637,1.00,1.69
2014.09.05 11:00:26.900,1.20627,1.20636,1.00,1.50
2014.09.05 11:00:29.012,1.20626,1.20633,1.00,1.50
2014.09.05 11:00:29.113,1.20627,1.20635,1.00,1.00
2014.09.05 11:00:29.521,1.20629,1.20637,1.00,1.19
2014.09.05 11:00:30.504,1.20629,1.20637,1.00,1.25
2014.09.05 11:00:31.308,1.2063,1.20637,1.00,1.25
2014.09.05 11:00:33.290,1.2063,1.20636,1.00,1.00
2014.09.05 11:00:34.739,1.20629,1.20636,1.00,1.00
2014.09.05 11:00:39.458,1.20628,1.20636,1.10,1.00
2014.09.05 11:00:41.510,1.20628,1.20635,1.10,1.00
2014.09.05 11:00:41.870,1.20628,1.20637,1.10,1.69
2014.09.05 11:00:44.268,1.20627,1.20636,1.17,1.00
2014.09.05 11:00:44.794,1.20628,1.20637,1.10,1.69
2014.09.05 11:00:45.578,1.20628,1.20636,1.10,1.00
2014.09.05 11:00:55.387,1.20626,1.20635,1.40,1.00
2014.09.05 11:00:55.590,1.20626,1.20635,1.20,1.00
2014.09.05 11:00:56.333,1.20627,1.20636,1.00,1.76
2014.09.05 11:01:01.531,1.20628,1.20636,1.00,1.10
2014.09.05 11:01:09.669,1.20627,1.20636,1.00,1.10
2014.09.05 11:01:10.175,1.20626,1.20635,1.01,1.00
2014.09.05 11:01:10.682,1.20625,1.20634,2.21,1.00
2014.09.05 11:01:12.573,1.20626,1.20635,1.20,1.69
2014.09.05 11:01:13.740,1.20625,1.20634,2.21,1.00
2014.09.05 11:01:15.744,1.20626,1.20635,1.10,1.50
2014.09.05 11:01:16.260,1.20625,1.20634,1.76,1.00
2014.09.05 11:01:16.890,1.20627,1.20636,1.00,1.84
2014.09.05 11:01:17.296,1.20625,1.20634,1.76,1.00
2014.09.05 11:01:18.756,1.20625,1.20633,1.01,1.00
2014.09.05 11:01:19.288,1.20625,1.20634,1.57,1.25
2014.09.05 11:01:19.809,1.20625,1.20633,1.00,1.10
2014.09.05 11:01:20.318,1.20625,1.20634,1.57,1.00
2014.09.05 11:01:20.875,1.20625,1.20634,1.50,1.17
2014.09.05 11:01:21.412,1.20625,1.20634,1.57,1.00
2014.09.05 11:01:22.394,1.20625,1.20633,1.10,1.00
2014.09.05 11:01:22.964,1.20625,1.20632,1.10,1.00
2014.09.05 11:01:23.166,1.20625,1.20634,1.57,1.69
2014.09.05 11:01:26.431,1.20626,1.20635,1.37,1.10
2014.09.05 11:01:28.589,1.20626,1.20635,1.17,1.69
2014.09.05 11:01:28.742,1.20625,1.20635,1.57,2.14
2014.09.05 11:01:30.124,1.20626,1.20635,1.00,1.76
2014.09.05 11:01:30.175,1.20626,1.20635,1.00,1.32
2014.09.05 11:01:30.683,1.20625,1.20634,1.50,1.17
2014.09.05 11:01:31.507,1.20626,1.20634,1.00,1.17
2014.09.05 11:01:36.090,1.20626,1.20632,1.00,1.12
2014.09.05 11:01:36.141,1.20623,1.20632,1.29,1.12
2014.09.05 11:01:36.810,1.20623,1.20632,1.01,1.12
2014.09.05 11:01:37.828,1.20625,1.20632,1.00,1.12
2014.09.05 11:01:37.929,1.20623,1.20634,1.01,1.74
2014.09.05 11:01:41.589,1.20624,1.20633,1.00,1.39
2014.09.05 11:01:42.095,1.20623,1.20632,1.10,1.12
2014.09.05 11:01:59.932,1.20622,1.20631,1.69,1.10
2014.09.05 11:02:00.806,1.20621,1.2063,1.01,1.00
2014.09.05 11:02:03.171,1.2062,1.2063,1.31,1.65
2014.09.05 11:02:03.678,1.2062,1.20629,1.00,1.10
2014.09.05 11:02:05.173,1.20619,1.20628,2.14,1.00
2014.09.05 11:02:05.722,1.2062,1.20629,1.00,1.01
2014.09.05 11:02:07.549,1.20619,1.20628,1.76,1.12
2014.09.05 11:02:08.056,1.20618,1.20627,2.06,1.10
2014.09.05 11:02:10.188,1.20618,1.20626,1.12,1.00
2014.09.05 11:02:10.694,1.20618,1.20627,1.87,1.10
2014.09.05 11:02:13.375,1.20618,1.20626,1.12,1.00
2014.09.05 11:02:13.889,1.20619,1.20628,1.12,1.17
2014.09.05 11:02:20.470,1.2062,1.20629,1.00,1.40
2014.09.05 11:02:21.593,1.20619,1.20628,1.87,1.17
2014.09.05 11:02:24.189,1.20619,1.20628,1.20,1.00
2014.09.05 11:02:29.822,1.20618,1.20627,2.21,1.00
2014.09.05 11:02:30.328,1.20618,1.20626,1.31,1.00
2014.09.05 11:02:30.846,1.20619,1.20628,1.12,1.17
2014.09.05 11:02:31.354,1.2062,1.20629,1.00,1.40
2014.09.05 11:02:35.859,1.20621,1.20629,1.00,1.84
2014.09.05 11:02:36.012,1.20621,1.20629,1.00,1.69
2014.09.05 11:02:36.517,1.2062,1.20629,1.10,1.25
2014.09.05 11:02:38.130,1.20619,1.20628,2.02,1.00
2014.09.05 11:02:41.332,1.20618,1.20627,2.77,1.00
2014.09.05 11:02:41.433,1.20618,1.20627,1.95,1.00
2014.09.05 11:02:42.959,1.20619,1.20628,1.00,1.01
2014.09.05 11:02:43.669,1.20618,1.20627,2.70,1.00
2014.09.05 11:02:44.187,1.20619,1.20628,1.12,1.01
2014.09.05 11:02:44.876,1.20618,1.20627,2.89,1.00
2014.09.05 11:02:47.549,1.20619,1.20628,1.00,2.14
2014.09.05 11:02:48.063,1.20618,1.20627,2.14,1.00
2014.09.05 11:02:48.569,1.20618,1.20626,1.00,1.57
2014.09.05 11:02:48.671,1.20618,1.20624,1.00,1.00
2014.09.05 11:02:48.722,1.20616,1.20624,1.01,1.00
2014.09.05 11:02:49.734,1.20616,1.20625,2.32,1.10
2014.09.05 11:02:50.264,1.20617,1.20626,1.00,1.01
2014.09.05 11:02:52.589,1.20618,1.20627,1.00,1.84
2014.09.05 11:02:53.233,1.20618,1.20627,1.10,1.01
2014.09.05 11:02:59.887,1.20619,1.20628,1.00,2.14
2014.09.05 11:03:01.701,1.2062,1.20629,1.00,2.21
2014.09.05 11:03:02.613,1.20618,1.20627,2.14,1.00
2014.09.05 11:03:03.220,1.20619,1.20628,1.12,1.10
2014.09.05 11:03:03.727,1.2062,1.20629,1.00,1.46
2014.09.05 11:03:04.853,1.2062,1.20626,1.00,1.00
2014.09.05 11:03:05.365,1.20618,1.20627,1.47,1.00
2014.09.05 11:03:05.913,1.20618,1.20627,1.95,1.00
2014.09.05 11:03:10.644,1.20619,1.20628,1.00,2.14
2014.09.05 11:03:11.403,1.20618,1.20628,1.20,1.39
2014.09.05 11:03:11.931,1.20618,1.20627,1.20,1.00
2014.09.05 11:03:12.537,1.20619,1.20628,1.12,1.10
2014.09.05 11:03:15.342,1.20618,1.20627,2.21,1.00
2014.09.05 11:03:15.873,1.20619,1.20628,1.10,1.31
2014.09.05 11:03:17.412,1.20619,1.20628,1.12,1.32
2014.09.05 11:03:20.383,1.2062,1.20629,1.00,1.84
2014.09.05 11:03:20.889,1.20619,1.20628,1.12,1.17
2014.09.05 11:03:25.887,1.2062,1.20629,1.00,1.84
2014.09.05 11:03:31.248,1.2062,1.20629,1.00,1.01
2014.09.05 11:03:31.754,1.20619,1.20628,1.20,1.00
2014.09.05 11:03:34.629,1.2062,1.20629,1.00,2.51
2014.09.05 11:03:36.894,1.20619,1.20628,1.95,1.00
2014.09.05 11:03:38.996,1.2062,1.20629,1.00,2.51
2014.09.05 11:03:39.532,1.20619,1.20628,1.20,1.00
2014.09.05 11:03:40.330,1.2062,1.20629,1.00,1.76
2014.09.05 11:03:46.255,1.20621,1.20629,1.00,1.39
2014.09.05 11:03:47.622,1.20622,1.20631,1.00,2.96
2014.09.05 11:03:48.834,1.20621,1.2063,1.00,1.46
2014.09.05 11:03:49.556,1.20618,1.20627,2.21,1.00
2014.09.05 11:03:49.658,1.20619,1.20629,1.20,1.39
2014.09.05 11:03:49.760,1.20618,1.20626,1.46,1.00
2014.09.05 11:03:49.862,1.20619,1.20628,1.20,1.00
2014.09.05 11:03:49.963,1.20621,1.2063,1.00,2.21
2014.09.05 11:03:51.044,1.20622,1.2063,1.00,1.27
2014.09.05 11:03:52.047,1.20622,1.20631,1.00,2.21
2014.09.05 11:03:53.351,1.20621,1.20625,1.00,1.00
2014.09.05 11:03:53.505,1.2062,1.20629,1.10,1.19
2014.09.05 11:03:53.556,1.20622,1.2063,1.00,2.89
2014.09.05 11:03:54.091,1.20622,1.20631,1.00,2.96
2014.09.05 11:03:54.872,1.20622,1.2063,1.00,1.39
2014.09.05 11:03:55.770,1.20619,1.20628,1.09,1.12
2014.09.05 11:03:56.379,1.20621,1.20629,1.00,1.46
2014.09.05 11:03:56.955,1.20621,1.2063,1.00,2.14
2014.09.05 11:03:57.466,1.2062,1.20629,1.10,2.06
2014.09.05 11:03:59.530,1.20619,1.20628,1.00,1.39
2014.09.05 11:04:00.046,1.20618,1.20627,1.95,1.00
2014.09.05 11:04:02.890,1.20619,1.20628,1.00,2.14
2014.09.05 11:04:03.424,1.20618,1.20627,1.95,1.00
2014.09.05 11:04:03.935,1.20619,1.20628,1.00,1.39
2014.09.05 11:04:10.234,1.20618,1.20627,1.95,1.00
2014.09.05 11:04:10.740,1.2062,1.20629,1.00,1.36
2014.09.05 11:04:11.044,1.20618,1.20627,1.95,1.00
2014.09.05 11:04:11.550,1.20619,1.20628,1.12,1.01
2014.09.05 11:04:12.865,1.2062,1.20629,1.00,2.21
2014.09.05 11:04:13.372,1.20621,1.2063,1.00,1.39
2014.09.05 11:04:17.848,1.2062,1.20629,1.01,1.00
2014.09.05 11:04:18.569,1.20621,1.2063,1.00,1.20
2014.09.05 11:04:19.076,1.2062,1.20629,1.01,1.00
2014.09.05 11:04:20.651,1.20619,1.20628,1.46,1.00
2014.09.05 11:04:21.400,1.2062,1.20629,1.10,1.00
2014.09.05 11:04:36.515,1.20619,1.20628,2.02,1.00
2014.09.05 11:04:37.023,1.20621,1.2063,1.00,1.39
2014.09.05 11:04:37.691,1.20621,1.2063,1.00,1.39
2014.09.05 11:04:39.538,1.20622,1.20631,1.00,1.27
2014.09.05 11:04:42.325,1.20623,1.20632,1.00,3.71
2014.09.05 11:04:42.883,1.20623,1.20632,1.00,2.89
2014.09.05 11:04:43.456,1.20622,1.20631,1.10,1.12
2014.09.05 11:04:44.449,1.20624,1.20632,1.00,1.39
2014.09.05 11:04:46.123,1.20623,1.20632,1.69,1.20
2014.09.05 11:05:17.482,1.20624,1.20633,1.00,2.14
2014.09.05 11:05:23.084,1.20621,1.2063,2.96,1.00
2014.09.05 11:05:23.287,1.20624,1.20633,1.00,2.21
2014.09.05 11:05:23.794,1.20623,1.20632,1.00,1.39
2014.09.05 11:05:24.301,1.20622,1.20633,1.95,1.74
2014.09.05 11:05:26.197,1.20623,1.20633,1.00,1.74
2014.09.05 11:05:28.798,1.20622,1.20632,1.20,1.39
2014.09.05 11:05:30.193,1.20623,1.20633,1.00,1.46
2014.09.05 11:05:30.726,1.20624,1.20633,1.00,1.46
2014.09.05 11:05:33.215,1.20623,1.20632,1.00,1.20
2014.09.05 11:05:33.726,1.20622,1.20632,1.39,1.95
2014.09.05 11:05:34.132,1.20621,1.2063,1.46,1.00
2014.09.05 11:05:34.640,1.20621,1.20631,1.09,1.31
2014.09.05 11:05:35.629,1.20621,1.2063,1.17,1.25
2014.09.05 11:05:43.041,1.20622,1.20631,1.10,1.31
2014.09.05 11:05:44.800,1.20622,1.2063,1.10,1.00
2014.09.05 11:05:45.054,1.2062,1.20629,1.39,1.00
2014.09.05 11:05:45.156,1.20622,1.20631,1.00,2.96
2014.09.05 11:05:45.683,1.20621,1.2063,1.12,1.10
2014.09.05 11:05:47.164,1.20622,1.20631,1.00,2.96
2014.09.05 11:05:47.673,1.20622,1.20632,1.95,1.20
2014.09.05 11:05:48.188,1.20623,1.20632,1.00,1.20
2014.09.05 11:05:53.562,1.20624,1.20633,1.00,1.55
2014.09.05 11:06:01.713,1.20623,1.20632,1.31,1.10
2014.09.05 11:06:02.261,1.20624,1.20633,1.00,1.27
2014.09.05 11:06:03.334,1.20623,1.20632,1.31,1.10
2014.09.05 11:06:14.419,1.20622,1.2063,1.39,1.00
2014.09.05 11:06:14.724,1.20623,1.20632,1.00,2.89
2014.09.05 11:06:17.949,1.20625,1.20632,1.00,1.39
2014.09.05 11:06:36.101,1.20623,1.20632,1.00,1.20
2014.09.05 11:06:36.609,1.20624,1.20633,1.00,2.21
2014.09.05 11:06:40.004,1.20628,1.20633,1.00,1.55
2014.09.05 11:06:40.106,1.2063,1.20635,1.00,1.00
2014.09.05 11:06:40.410,1.2063,1.20639,1.00,1.27
2014.09.05 11:06:40.934,1.20628,1.20637,2.14,1.00
2014.09.05 11:06:41.395,1.20631,1.2064,1.00,1.52
2014.09.05 11:06:41.904,1.20631,1.2064,1.00,1.47
2014.09.05 11:06:42.443,1.2063,1.20639,1.01,1.12
2014.09.05 11:06:43.050,1.20631,1.2064,1.00,1.47
2014.09.05 11:06:43.578,1.2063,1.20639,1.10,1.12
2014.09.05 11:06:55.969,1.20631,1.2064,1.00,1.39
2014.09.05 11:06:59.768,1.20632,1.20641,1.00,1.46
2014.09.05 11:07:00.275,1.20631,1.2064,1.00,1.47
2014.09.05 11:07:00.952,1.20632,1.20641,1.00,2.21
2014.09.05 11:07:04.488,1.20631,1.2064,1.00,1.20
2014.09.05 11:07:06.578,1.20632,1.20641,1.00,1.55
2014.09.05 11:07:08.103,1.20631,1.2064,1.00,1.20
2014.09.05 11:07:11.785,1.20632,1.20641,1.00,1.55
2014.09.05 11:07:12.291,1.20631,1.2064,1.00,1.20
2014.09.05 11:07:15.780,1.20632,1.20641,1.00,2.02
2014.09.05 11:07:16.322,1.20631,1.2064,1.00,1.20
2014.09.05 11:07:29.305,1.20631,1.2064,1.00,1.47
2014.09.05 11:07:29.812,1.2063,1.20639,1.01,1.12
2014.09.05 11:07:30.439,1.20631,1.2064,1.00,1.20
2014.09.05 11:07:30.946,1.20629,1.20638,1.36,1.12
2014.09.05 11:07:32.011,1.20629,1.20638,1.00,1.20
2014.09.05 11:07:33.231,1.20631,1.20639,1.00,1.46
2014.09.05 11:07:33.384,1.20629,1.2064,1.00,1.71
2014.09.05 11:07:33.891,1.20628,1.20637,2.14,1.00
2014.09.05 11:07:34.398,1.20629,1.20638,1.00,1.39
2014.09.05 11:07:34.904,1.20628,1.20637,2.14,1.00
2014.09.05 11:07:36.564,1.20629,1.20638,1.00,1.39
2014.09.05 11:07:38.684,1.20628,1.20637,1.95,1.00
2014.09.05 11:07:39.192,1.20629,1.20638,1.00,1.20
2014.09.05 11:07:39.860,1.20628,1.20638,2.89,1.20
2014.09.05 11:07:40.372,1.20629,1.20638,1.00,1.39
2014.09.05 11:07:40.990,1.20628,1.20637,1.95,1.00
2014.09.05 11:07:41.498,1.20629,1.20638,1.00,1.39
2014.09.05 11:07:43.499,1.20628,1.20637,1.95,1.00
2014.09.05 11:07:47.120,1.20629,1.20638,1.00,1.39
2014.09.05 11:07:47.627,1.2063,1.20639,1.00,2.21
2014.09.05 11:07:47.931,1.20628,1.20636,1.20,1.00
2014.09.05 11:07:48.184,1.20626,1.20635,1.01,1.12
2014.09.05 11:07:48.845,1.20625,1.20634,2.21,1.00
2014.09.05 11:07:49.352,1.20626,1.20635,1.10,1.50
2014.09.05 11:07:49.961,1.20625,1.20634,2.21,1.00
2014.09.05 11:07:56.221,1.20625,1.20633,1.09,1.00
2014.09.05 11:07:56.779,1.20625,1.20633,1.25,1.00
2014.09.05 11:07:58.636,1.20625,1.20634,1.00,2.14
2014.09.05 11:07:58.739,1.20625,1.20632,1.00,1.00
2014.09.05 11:07:59.177,1.20625,1.20634,1.00,1.39
2014.09.05 11:07:59.703,1.20625,1.20634,1.00,1.39
2014.09.05 11:08:01.253,1.20625,1.20634,1.50,1.39
2014.09.05 11:08:01.761,1.20625,1.20633,1.00,1.00
2014.09.05 11:08:02.280,1.20625,1.20634,1.69,1.20
2014.09.05 11:08:05.557,1.20625,1.20633,1.00,1.00
2014.09.05 11:08:06.367,1.20625,1.20632,1.00,1.00
2014.09.05 11:08:06.874,1.20625,1.20631,1.00,1.00
2014.09.05 11:08:07.077,1.20625,1.20633,1.00,2.06
2014.09.05 11:08:08.798,1.20625,1.20632,1.00,1.00
2014.09.05 11:08:09.306,1.20625,1.20633,1.00,1.00
2014.09.05 11:08:22.708,1.20625,1.20632,1.00,1.00
2014.09.05 11:08:22.911,1.20625,1.20634,1.50,1.20
2014.09.05 11:08:23.418,1.20625,1.20633,1.00,1.00
2014.09.05 11:08:25.695,1.20625,1.20632,1.00,1.00
2014.09.05 11:08:32.224,1.20625,1.20633,1.00,1.50
2014.09.05 11:08:32.732,1.20625,1.20634,1.50,1.20
2014.09.05 11:08:37.691,1.20625,1.20634,1.50,1.20
2014.09.05 11:08:44.578,1.20625,1.20632,1.00,1.00
2014.09.05 11:08:45.085,1.20625,1.20634,1.50,1.17
2014.09.05 11:08:46.692,1.20623,1.20632,3.64,1.00
2014.09.05 11:08:47.199,1.20623,1.20631,1.20,1.00
2014.09.05 11:09:00.101,1.20623,1.20632,1.20,1.50
2014.09.05 11:09:00.606,1.20624,1.20633,1.31,1.10
2014.09.05 11:09:02.907,1.20623,1.20632,2.89,1.00
2014.09.05 11:09:03.363,1.20622,1.20631,1.12,1.10
2014.09.05 11:09:03.869,1.20621,1.2063,1.10,1.87
2014.09.05 11:09:04.828,1.2062,1.20629,1.84,1.00
2014.09.05 11:09:06.232,1.20621,1.2063,1.57,1.12
2014.09.05 11:09:08.366,1.20622,1.20631,1.00,1.57
2014.09.05 11:09:08.873,1.20623,1.20632,1.10,2.44
2014.09.05 11:09:09.379,1.20624,1.20633,1.00,1.76
2014.09.05 11:09:16.201,1.20624,1.20633,1.84,1.00
2014.09.05 11:09:16.505,1.20623,1.20633,3.45,1.39
2014.09.05 11:09:17.012,1.20623,1.20632,1.10,1.00
2014.09.05 11:09:17.871,1.20622,1.20631,3.71,1.00
2014.09.05 11:09:18.175,1.20624,1.20633,1.00,1.76
2014.09.05 11:09:22.900,1.20623,1.20632,1.57,1.00
2014.09.05 11:09:23.407,1.20622,1.20631,3.52,1.00
2014.09.05 11:09:23.914,1.20623,1.20632,1.10,1.25
2014.09.05 11:09:32.147,1.20622,1.20631,2.77,1.00
2014.09.05 11:09:32.654,1.20623,1.20632,1.20,1.25
2014.09.05 11:09:33.419,1.20623,1.20633,1.20,1.76
2014.09.05 11:09:33.927,1.20623,1.20632,1.10,1.00
2014.09.05 11:09:34.535,1.20624,1.20633,1.00,1.76
2014.09.05 11:09:34.738,1.20625,1.20634,1.10,1.00
2014.09.05 11:09:34.840,1.20627,1.20635,1.50,1.10
2014.09.05 11:09:35.347,1.20628,1.20637,3.37,1.29
2014.09.05 11:09:35.970,1.20628,1.20637,3.37,1.10
2014.09.05 11:09:38.700,1.2063,1.20638,1.00,1.46
2014.09.05 11:09:39.244,1.20629,1.20638,1.00,1.46
2014.09.05 11:09:40.234,1.20628,1.20637,3.37,1.01
2014.09.05 11:09:49.707,1.20629,1.20638,1.00,2.21
2014.09.05 11:09:50.758,1.20628,1.20637,3.37,1.01
2014.09.05 11:09:51.316,1.20628,1.20636,2.25,1.00
2014.09.05 11:09:51.823,1.20628,1.20637,3.00,1.39
2014.09.05 11:09:52.329,1.20629,1.20638,1.00,1.46
2014.09.05 11:09:53.548,1.20628,1.20637,3.37,1.01
2014.09.05 11:09:54.054,1.20628,1.20637,3.00,3.64
2014.09.05 11:09:54.629,1.20628,1.20635,2.25,1.00
2014.09.05 11:10:01.576,1.20628,1.20637,3.00,1.39
2014.09.05 11:10:01.894,1.20628,1.20634,2.25,1.00
2014.09.05 11:10:02.008,1.20628,1.20636,2.25,1.69
2014.09.05 11:10:02.542,1.20628,1.20635,2.25,1.25
2014.09.05 11:10:03.968,1.20628,1.20637,3.00,2.14
2014.09.05 11:10:09.563,1.20628,1.20634,2.32,1.00
2014.09.05 11:10:09.664,1.20628,1.20636,2.32,2.06
2014.09.05 11:10:10.171,1.20628,1.20636,2.25,2.14
2014.09.05 11:10:13.397,1.20628,1.20636,3.00,1.39
2014.09.05 11:10:14.201,1.20628,1.20636,3.00,1.39
2014.09.05 11:10:15.110,1.20627,1.20634,1.50,1.00
2014.09.05 11:10:15.626,1.20627,1.20635,1.50,1.31
2014.09.05 11:10:16.185,1.20627,1.20635,1.50,1.31
2014.09.05 11:10:24.462,1.20626,1.20634,1.57,1.25
2014.09.05 11:10:27.504,1.20625,1.20634,1.65,1.19
2014.09.05 11:10:30.142,1.20625,1.20634,1.57,1.19
2014.09.05 11:10:33.343,1.20625,1.20634,1.57,1.25
2014.09.05 11:10:43.097,1.20626,1.20635,1.00,2.51
2014.09.05 11:10:43.199,1.20625,1.20631,1.17,1.00
2014.09.05 11:10:43.300,1.20625,1.20634,1.57,1.25
2014.09.05 11:10:43.351,1.20625,1.20634,1.57,1.25
2014.09.05 11:10:43.859,1.20625,1.20633,1.10,1.00
2014.09.05 11:10:51.269,1.20625,1.20634,1.57,1.00
2014.09.05 11:10:53.964,1.20626,1.20635,1.00,1.10
2014.09.05 11:10:59.947,1.20625,1.20634,2.14,1.00
2014.09.05 11:11:03.360,1.20626,1.20635,1.00,1.01
2014.09.05 11:11:03.867,1.20626,1.20635,1.17,1.25
2014.09.05 11:11:08.378,1.20625,1.20634,2.21,1.00
2014.09.05 11:11:09.262,1.20626,1.20635,1.17,1.50
2014.09.05 11:11:22.153,1.20626,1.20635,1.00,1.01
2014.09.05 11:11:22.659,1.20625,1.20634,1.10,1.25
2014.09.05 11:11:23.519,1.20624,1.20633,1.27,1.25
2014.09.05 11:11:33.163,1.20625,1.20634,1.10,1.12
2014.09.05 11:11:44.148,1.20627,1.20635,1.00,1.47
2014.09.05 11:11:44.664,1.20627,1.20636,1.00,1.46
2014.09.05 11:11:45.401,1.20629,1.20638,1.00,2.21
2014.09.05 11:11:45.452,1.20629,1.20638,1.00,2.21
2014.09.05 11:11:46.965,1.20628,1.20637,2.62,1.10
2014.09.05 11:11:47.269,1.2063,1.20638,1.00,1.46
2014.09.05 11:11:47.776,1.20629,1.20638,1.20,1.00
2014.09.05 11:11:55.723,1.20629,1.20638,1.10,1.37
2014.09.05 11:12:02.667,1.20629,1.20638,1.10,1.12
2014.09.05 11:12:09.243,1.20629,1.20638,1.00,1.39
2014.09.05 11:12:10.623,1.20629,1.20638,1.00,1.39
2014.09.05 11:12:16.303,1.2063,1.20639,1.00,2.21
2014.09.05 11:12:21.303,1.20631,1.20639,1.00,1.46
2014.09.05 11:12:22.203,1.2063,1.20637,1.00,1.00
2014.09.05 11:12:22.784,1.20628,1.20637,2.14,1.00
2014.09.05 11:12:23.330,1.20629,1.20638,1.31,1.10
2014.09.05 11:12:23.836,1.20628,1.20637,2.14,1.00
2014.09.05 11:12:24.790,1.20628,1.20637,2.14,1.00
2014.09.05 11:12:26.532,1.20629,1.20638,1.00,1.57
2014.09.05 11:12:27.041,1.20628,1.20637,2.14,1.00
2014.09.05 11:12:28.020,1.20629,1.20638,1.00,1.57
2014.09.05 11:12:28.211,1.20628,1.20635,2.14,1.00
2014.09.05 11:12:28.313,1.20628,1.20637,1.39,1.00
2014.09.05 11:12:33.663,1.20628,1.20636,1.39,1.00
2014.09.05 11:12:34.182,1.20628,1.20637,2.14,1.00
2014.09.05 11:12:35.262,1.20628,1.20635,1.39,1.00
2014.09.05 11:12:35.465,1.20628,1.20637,2.14,1.00
2014.09.05 11:12:39.680,1.20628,1.20636,1.20,1.00
2014.09.05 11:12:40.353,1.20628,1.20633,1.20,1.00
2014.09.05 11:12:40.537,1.20628,1.20635,1.12,1.00
2014.09.05 11:12:41.045,1.20628,1.20637,1.87,1.17
2014.09.05 11:12:47.786,1.20628,1.20637,1.20,1.00
2014.09.05 11:12:48.575,1.20627,1.20635,1.46,1.00
2014.09.05 11:12:48.778,1.20628,1.20637,1.20,1.50
2014.09.05 11:13:02.132,1.20627,1.20633,1.46,1.00
2014.09.05 11:13:02.285,1.20627,1.20635,1.55,1.00
2014.09.05 11:13:02.386,1.20628,1.20637,1.10,1.25
2014.09.05 11:13:13.266,1.20629,1.20638,1.00,1.09
2014.09.05 11:13:29.011,1.20629,1.20638,1.00,1.57
2014.09.05 11:13:34.321,1.20628,1.20636,1.10,1.00
2014.09.05 11:13:34.828,1.20628,1.20637,1.57,1.25
2014.09.05 11:13:36.146,1.20628,1.20635,1.10,1.00
2014.09.05 11:13:36.568,1.20628,1.20637,1.57,1.25
2014.09.05 11:13:37.077,1.20628,1.20636,1.10,1.00
2014.09.05 11:13:37.634,1.20628,1.20635,1.00,1.00
2014.09.05 11:13:38.141,1.20628,1.20637,1.50,1.09
2014.09.05 11:13:39.304,1.20628,1.20637,1.57,1.00
2014.09.05 11:13:40.451,1.20628,1.20636,1.10,1.00
2014.09.05 11:13:40.653,1.20628,1.20634,1.10,1.00
2014.09.05 11:13:40.755,1.20628,1.20636,1.10,1.00
2014.09.05 11:13:40.957,1.20628,1.20634,1.10,1.00
2014.09.05 11:13:41.059,1.20628,1.20636,1.10,1.00
2014.09.05 11:13:41.567,1.20628,1.20635,1.10,1.00
2014.09.05 11:13:42.266,1.20628,1.20636,1.10,1.25
2014.09.05 11:13:43.736,1.20628,1.20637,1.57,1.25
2014.09.05 11:13:44.645,1.20628,1.20635,1.10,1.00
2014.09.05 11:13:46.279,1.20628,1.20636,1.10,1.50
2014.09.05 11:13:47.403,1.20628,1.20634,1.10,1.00
2014.09.05 11:13:47.506,1.20628,1.20637,1.50,2.96
2014.09.05 11:13:47.862,1.20628,1.20634,1.00,1.00
2014.09.05 11:13:48.065,1.20628,1.20636,1.00,1.57
2014.09.05 11:13:48.369,1.20628,1.20634,1.00,1.00
2014.09.05 11:13:48.673,1.20628,1.20636,1.00,2.32
2014.09.05 11:13:49.179,1.20628,1.20635,1.00,1.00
2014.09.05 11:13:50.492,1.20628,1.20634,1.00,1.00
2014.09.05 11:13:50.695,1.20625,1.20632,1.09,1.00
2014.09.05 11:13:51.200,1.20625,1.20633,1.17,1.00
2014.09.05 11:13:51.610,1.20628,1.20635,1.00,1.25
2014.09.05 11:13:51.914,1.20626,1.20636,1.20,1.76
2014.09.05 11:13:52.421,1.20627,1.20636,1.00,1.76
2014.09.05 11:13:53.101,1.20627,1.20636,1.00,1.76
2014.09.05 11:13:55.316,1.20627,1.20636,1.07,1.50
2014.09.05 11:13:57.933,1.20626,1.20635,1.27,1.00
2014.09.05 11:13:58.439,1.20628,1.20637,1.10,2.06
2014.09.05 11:14:01.038,1.20627,1.20636,1.17,1.62
2014.09.05 11:14:02.667,1.20627,1.20634,1.17,1.00
2014.09.05 11:14:03.175,1.20627,1.20636,1.17,1.62
2014.09.05 11:14:03.944,1.20629,1.20638,1.00,2.14
2014.09.05 11:14:04.349,1.20628,1.20632,1.10,1.00
2014.09.05 11:14:04.451,1.20628,1.20636,1.10,1.62
2014.09.05 11:14:04.958,1.20629,1.20638,1.00,2.14
2014.09.05 11:14:06.251,1.20629,1.20637,1.00,1.00
2014.09.05 11:14:06.768,1.20628,1.20637,1.50,1.84
2014.09.05 11:14:19.165,1.20628,1.20634,1.12,1.00
2014.09.05 11:14:19.267,1.20628,1.20637,1.87,1.65
2014.09.05 11:14:21.217,1.20628,1.20635,1.12,1.00
2014.09.05 11:14:21.723,1.20628,1.20637,1.87,1.84
2014.09.05 11:14:31.899,1.20628,1.20637,1.95,1.25
2014.09.05 11:14:32.931,1.20629,1.20638,1.00,1.39
2014.09.05 11:14:33.592,1.20628,1.20638,2.70,1.39
2014.09.05 11:14:34.114,1.20628,1.20637,1.95,1.00
2014.09.05 11:14:35.335,1.20628,1.20638,2.14,1.20
2014.09.05 11:14:35.640,1.20628,1.20636,1.39,1.00
2014.09.05 11:14:41.146,1.20628,1.20637,1.95,1.00
2014.09.05 11:14:43.951,1.20628,1.20633,1.95,1.00
2014.09.05 11:14:44.053,1.20628,1.20636,1.20,1.00
2014.09.05 11:14:46.334,1.20627,1.20632,1.31,1.00
2014.09.05 11:14:46.487,1.20628,1.20635,1.00,1.00
2014.09.05 11:14:46.993,1.20628,1.20637,1.50,1.46
2014.09.05 11:14:49.346,1.20627,1.20631,1.12,1.00
2014.09.05 11:14:49.448,1.20628,1.20635,1.00,1.50
2014.09.05 11:14:49.550,1.20628,1.20633,1.00,1.00
2014.09.05 11:14:50.158,1.20628,1.20637,1.50,2.21
2014.09.05 11:14:50.360,1.20628,1.20633,1.00,1.00
2014.09.05 11:14:51.075,1.20625,1.20634,1.17,1.87
2014.09.05 11:14:51.176,1.20624,1.20633,2.89,1.00
2014.09.05 11:14:51.689,1.20624,1.20632,1.10,1.00
2014.09.05 11:14:53.972,1.20623,1.20632,1.10,1.20
2014.09.05 11:14:54.481,1.20622,1.20631,1.10,1.00
2014.09.05 11:14:55.091,1.20621,1.2063,1.65,1.00
2014.09.05 11:15:01.707,1.20621,1.20629,1.17,1.00
2014.09.05 11:15:02.240,1.20621,1.2063,1.50,1.10
2014.09.05 11:15:02.899,1.20621,1.20629,1.00,1.00
2014.09.05 11:15:05.499,1.2062,1.20629,1.10,1.50
2014.09.05 11:15:06.920,1.20621,1.2063,1.00,2.14
2014.09.05 11:15:08.033,1.20622,1.20631,1.00,2.02
2014.09.05 11:15:08.540,1.20621,1.2063,1.50,1.10
2014.09.05 11:15:09.048,1.20621,1.20629,1.00,1.00
2014.09.05 11:15:12.044,1.20621,1.2063,1.50,1.76
2014.09.05 11:15:23.977,1.20621,1.20629,1.00,1.00
2014.09.05 11:15:24.484,1.20621,1.20629,1.00,1.17
2014.09.05 11:15:31.545,1.20621,1.20629,1.10,1.10
2014.09.05 11:15:55.070,1.20621,1.20628,1.00,1.00
2014.09.05 11:15:55.584,1.20621,1.20629,1.00,1.50
2014.09.05 11:15:56.278,1.20621,1.2063,1.25,1.95
2014.09.05 11:15:58.485,1.2062,1.20629,1.10,1.00
2014.09.05 11:15:59.978,1.20621,1.2063,1.00,2.89
2014.09.05 11:16:01.595,1.20622,1.20631,1.00,1.17
2014.09.05 11:16:15.536,1.20621,1.2063,1.50,1.10
2014.09.05 11:16:16.070,1.20621,1.2063,1.65,1.00
2014.09.05 11:16:17.231,1.20622,1.20631,1.10,1.00
2014.09.05 11:16:21.144,1.20621,1.2063,2.21,1.00
2014.09.05 11:16:21.665,1.20622,1.20631,1.10,1.00
2014.09.05 11:16:25.056,1.20622,1.20631,1.10,1.19
2014.09.05 11:16:29.906,1.20621,1.2063,1.00,1.10
2014.09.05 11:16:30.413,1.2062,1.20629,1.10,1.00
2014.09.05 11:16:33.608,1.20618,1.20627,2.21,1.00
2014.09.05 11:16:33.811,1.2062,1.20629,1.10,1.25
2014.09.05 11:16:38.550,1.20621,1.20629,1.00,1.00
2014.09.05 11:16:38.702,1.20623,1.20632,1.00,2.21
2014.09.05 11:16:40.843,1.20623,1.20632,1.00,1.39
2014.09.05 11:16:41.415,1.20623,1.20632,1.00,1.39
2014.09.05 11:16:44.726,1.20623,1.20631,1.00,1.00
2014.09.05 11:16:45.233,1.20624,1.20633,1.10,2.06
2014.09.05 11:16:46.224,1.20624,1.20633,1.10,1.31
2014.09.05 11:16:46.732,1.20623,1.20632,2.02,1.00
2014.09.05 11:16:57.976,1.20623,1.20631,1.27,1.00
2014.09.05 11:16:58.078,1.20621,1.2063,1.10,1.00
2014.09.05 11:16:58.592,1.2062,1.20629,2.21,1.00
2014.09.05 11:17:02.082,1.20625,1.20631,1.00,1.39
2014.09.05 11:17:02.184,1.20625,1.20632,1.10,1.00
2014.09.05 11:17:02.235,1.20625,1.20632,1.47,1.00
2014.09.05 11:17:02.748,1.20625,1.20633,1.47,1.00
2014.09.05 11:17:04.270,1.20625,1.20632,1.47,1.00
2014.09.05 11:17:04.790,1.20625,1.20633,1.47,1.00
2014.09.05 11:17:06.416,1.20625,1.20634,1.95,1.25
2014.09.05 11:17:09.603,1.20625,1.20633,1.47,1.00
2014.09.05 11:17:10.191,1.20625,1.20634,1.95,1.25
2014.09.05 11:17:10.902,1.20625,1.20631,1.47,1.00
2014.09.05 11:17:11.409,1.20625,1.20632,1.47,1.00
2014.09.05 11:17:12.410,1.20625,1.20633,1.47,1.00
2014.09.05 11:17:15.328,1.20625,1.20632,1.47,1.00
2014.09.05 11:17:15.532,1.20625,1.20634,1.95,1.00
2014.09.05 11:17:16.055,1.20625,1.20634,1.95,1.00
2014.09.05 11:17:19.723,1.20625,1.20633,1.47,1.00
2014.09.05 11:17:20.254,1.20625,1.20634,1.95,1.00
2014.09.05 11:17:20.858,1.20625,1.20632,1.47,1.00
2014.09.05 11:17:21.162,1.20626,1.20635,1.37,1.10
2014.09.05 11:17:21.264,1.20625,1.20633,1.77,1.00
2014.09.05 11:17:21.366,1.20626,1.20635,1.55,1.00
2014.09.05 11:17:21.875,1.20627,1.20636,1.20,1.25
2014.09.05 11:17:24.980,1.20628,1.20636,1.00,1.25
2014.09.05 11:17:25.487,1.20628,1.20635,1.00,1.00
2014.09.05 11:17:26.002,1.20628,1.20636,1.00,1.25
2014.09.05 11:17:29.847,1.20628,1.20635,1.00,1.00
2014.09.05 11:17:30.354,1.20628,1.20636,1.00,1.31
2014.09.05 11:17:30.890,1.20628,1.20635,1.00,1.00
2014.09.05 11:17:31.397,1.20627,1.20636,1.95,1.25
2014.09.05 11:17:32.270,1.20627,1.20634,1.10,1.00
2014.09.05 11:17:32.777,1.20627,1.20635,1.10,1.00
2014.09.05 11:17:33.308,1.20627,1.20636,1.95,1.25
2014.09.05 11:17:33.821,1.20627,1.20635,1.20,1.00
2014.09.05 11:17:34.341,1.20627,1.20636,1.95,1.00
2014.09.05 11:17:34.998,1.20627,1.20635,1.20,1.00
2014.09.05 11:17:36.474,1.20627,1.20634,1.20,1.00
2014.09.05 11:17:36.980,1.20627,1.20635,1.20,1.00
2014.09.05 11:17:37.490,1.20627,1.20633,1.10,1.00
2014.09.05 11:17:40.012,1.20628,1.20638,1.00,1.74
2014.09.05 11:17:40.520,1.20627,1.20636,1.95,1.00
2014.09.05 11:17:40.623,1.20627,1.20634,1.20,1.00
2014.09.05 11:17:41.130,1.20627,1.20636,1.95,1.00
2014.09.05 11:17:44.647,1.20627,1.20635,1.20,1.00
2014.09.05 11:17:45.172,1.20627,1.20636,1.95,1.00
2014.09.05 11:17:47.853,1.20627,1.20635,1.20,1.00
2014.09.05 11:17:48.358,1.20627,1.20636,1.95,1.00
2014.09.05 11:17:58.502,1.20628,1.20637,1.00,1.39
2014.09.05 11:17:59.980,1.20627,1.20636,2.89,1.00
2014.09.05 11:18:01.124,1.20628,1.20637,1.00,2.14
2014.09.05 11:18:03.007,1.20627,1.20636,1.95,1.00
2014.09.05 11:18:08.755,1.20627,1.20636,1.87,1.10
2014.09.05 11:18:12.336,1.20628,1.20637,1.00,1.46
2014.09.05 11:18:13.753,1.20627,1.20637,1.31,1.27
2014.09.05 11:18:15.454,1.20626,1.20635,1.39,1.00
2014.09.05 11:18:16.263,1.20627,1.20636,1.31,1.10
2014.09.05 11:18:18.306,1.20628,1.20637,1.00,1.27
2014.09.05 11:18:23.761,1.20628,1.20638,1.00,1.46
2014.09.05 11:18:31.859,1.20628,1.20637,1.00,2.14
2014.09.05 11:18:38.976,1.20628,1.20637,1.00,1.39
2014.09.05 11:18:41.479,1.20627,1.20634,1.47,1.00
2014.09.05 11:18:41.593,1.20627,1.20637,1.47,1.01
2014.09.05 11:18:42.507,1.20628,1.20637,1.00,1.29
2014.09.05 11:18:43.626,1.20628,1.20637,1.00,1.01
2014.09.05 11:18:45.123,1.20628,1.20637,1.00,1.29
2014.09.05 11:18:50.349,1.20628,1.20637,1.00,1.39
2014.09.05 11:18:51.576,1.20628,1.20637,1.00,1.39
2014.09.05 11:18:57.444,1.20628,1.20637,1.00,1.39
2014.09.05 11:18:58.356,1.20627,1.20636,1.95,1.00
2014.09.05 11:18:58.935,1.20628,1.20637,1.00,2.14
2014.09.05 11:18:59.963,1.20627,1.20636,1.95,1.25
2014.09.05 11:19:00.572,1.20628,1.20637,1.00,2.14
2014.09.05 11:19:01.079,1.20627,1.20636,1.20,1.25
2014.09.05 11:19:01.384,1.20627,1.20634,1.20,1.00
2014.09.05 11:19:01.891,1.20627,1.20636,1.20,1.25
2014.09.05 11:19:09.529,1.20628,1.20637,1.00,2.21
2014.09.05 11:19:10.038,1.20627,1.20635,1.12,1.00
2014.09.05 11:19:16.028,1.20627,1.20636,1.87,1.10
2014.09.05 11:19:16.536,1.20627,1.20636,2.02,1.00
2014.09.05 11:19:17.044,1.20628,1.20637,1.39,1.00
2014.09.05 11:19:17.552,1.20627,1.20636,2.21,1.00
2014.09.05 11:19:29.326,1.20627,1.20636,1.87,1.10
2014.09.05 11:19:29.859,1.20628,1.20637,1.00,1.09
2014.09.05 11:19:32.495,1.20629,1.20638,1.00,1.46
2014.09.05 11:19:33.871,1.20628,1.20637,1.12,1.17
2014.09.05 11:19:40.061,1.20628,1.20637,1.12,1.10
2014.09.05 11:19:58.638,1.20627,1.20636,1.39,1.00
2014.09.05 11:19:59.145,1.20626,1.20637,1.74,1.20
2014.09.05 11:20:01.937,1.20627,1.20636,1.39,1.00
2014.09.05 11:20:05.788,1.20628,1.20637,1.00,1.01
2014.09.05 11:20:16.278,1.20627,1.20636,1.95,1.00
2014.09.05 11:20:21.017,1.20628,1.20637,1.00,1.10
2014.09.05 11:20:21.563,1.20628,1.20637,1.00,1.17
2014.09.05 11:20:22.201,1.20628,1.20637,1.20,1.00
2014.09.05 11:20:23.012,1.20627,1.20636,1.46,1.00
2014.09.05 11:20:23.527,1.20628,1.20637,1.10,1.00
2014.09.05 11:20:25.817,1.20629,1.20638,1.00,2.89
2014.09.05 11:20:26.332,1.20627,1.20636,1.27,1.00
2014.09.05 11:20:27.326,1.20626,1.20635,2.77,1.00
2014.09.05 11:20:28.233,1.20629,1.20637,1.00,1.19
2014.09.05 11:20:28.785,1.20628,1.20637,1.10,1.31
2014.09.05 11:20:35.143,1.20629,1.20638,1.00,2.14
2014.09.05 11:20:35.719,1.20629,1.20638,1.00,1.39
2014.09.05 11:20:35.770,1.20626,1.20632,1.34,1.00
2014.09.05 11:20:35.871,1.20628,1.20637,1.10,2.06
2014.09.05 11:20:36.734,1.20627,1.20636,2.02,1.00
2014.09.05 11:20:37.240,1.20628,1.20638,1.95,2.14
2014.09.05 11:20:37.645,1.20627,1.20632,1.10,1.00
2014.09.05 11:20:37.746,1.20625,1.20634,3.52,1.00
2014.09.05 11:20:38.253,1.20628,1.20636,1.10,1.19
2014.09.05 11:20:38.921,1.20628,1.20637,1.10,2.06
2014.09.05 11:20:39.076,1.20625,1.20631,1.84,1.00
2014.09.05 11:20:39.178,1.20626,1.20635,1.37,1.10
2014.09.05 11:20:39.330,1.20627,1.20634,1.00,2.44
2014.09.05 11:20:39.432,1.20624,1.20633,1.00,1.39
2014.09.05 11:20:41.268,1.20625,1.20633,1.37,1.29
2014.09.05 11:20:41.471,1.20627,1.20635,1.87,1.29
2014.09.05 11:20:41.776,1.20627,1.20631,1.57,1.00
2014.09.05 11:20:41.877,1.20627,1.20634,1.12,1.00
2014.09.05 11:20:42.384,1.20627,1.20635,1.37,1.01
2014.09.05 11:20:42.893,1.20627,1.20634,1.20,1.00
2014.09.05 11:20:43.099,1.20627,1.20636,2.70,1.25
2014.09.05 11:20:43.202,1.20627,1.20636,1.95,1.25
2014.09.05 11:20:43.667,1.20625,1.20634,2.59,1.00
2014.09.05 11:20:44.190,1.20625,1.20634,1.57,1.25
2014.09.05 11:20:44.726,1.20625,1.20633,1.10,1.00
2014.09.05 11:20:45.690,1.20625,1.20634,1.57,1.69
2014.09.05 11:20:46.203,1.20625,1.20633,1.10,1.00
2014.09.05 11:20:46.509,1.20625,1.20631,1.00,1.00
2014.09.05 11:20:47.656,1.20625,1.20632,1.00,1.00
2014.09.05 11:20:48.164,1.20625,1.20633,1.00,1.39
2014.09.05 11:20:49.868,1.20625,1.2063,1.00,1.00
2014.09.05 11:20:50.374,1.20625,1.20631,1.00,1.00
2014.09.05 11:20:54.628,1.20625,1.20632,1.00,1.87
2014.09.05 11:20:55.135,1.20625,1.20633,1.00,1.01
2014.09.05 11:20:55.518,1.20621,1.20628,3.00,1.00
2014.09.05 11:20:55.569,1.20625,1.2063,1.00,1.00
2014.09.05 11:20:55.887,1.20625,1.20632,1.00,1.00
2014.09.05 11:21:00.514,1.20625,1.20633,1.00,1.01
2014.09.05 11:21:01.171,1.20625,1.20632,1.00,1.00
2014.09.05 11:21:08.198,1.20625,1.20629,1.00,1.00
2014.09.05 11:21:08.249,1.20625,1.20632,1.00,1.31
2014.09.05 11:21:08.655,1.20625,1.2063,1.00,1.00
2014.09.05 11:21:09.170,1.20625,1.20631,1.00,1.25
2014.09.05 11:21:16.913,1.20625,1.20631,1.00,1.19
2014.09.05 11:21:17.817,1.20625,1.20631,1.00,1.25
2014.09.05 11:21:19.799,1.20625,1.20629,1.00,1.00
2014.09.05 11:21:20.501,1.20625,1.2063,1.00,1.50
2014.09.05 11:21:22.810,1.20625,1.20629,1.00,1.00
2014.09.05 11:21:24.027,1.20625,1.2063,1.00,1.69
2014.09.05 11:21:24.588,1.20625,1.20629,1.00,1.50
2014.09.05 11:21:28.974,1.20625,1.20631,1.00,2.32
2014.09.05 11:21:29.177,1.20622,1.20631,2.62,1.57
2014.09.05 11:21:29.481,1.20622,1.20629,1.00,1.00
2014.09.05 11:21:29.988,1.2062,1.20629,1.36,1.50
2014.09.05 11:21:31.852,1.20618,1.20629,2.02,1.69
2014.09.05 11:21:32.311,1.20619,1.20628,1.12,1.01
2014.09.05 11:21:32.820,1.20618,1.20629,2.21,1.50
2014.09.05 11:21:33.331,1.20621,1.20629,1.00,1.00
2014.09.05 11:21:36.457,1.2062,1.20629,1.20,2.25
2014.09.05 11:21:36.964,1.20618,1.20627,2.96,1.00
2014.09.05 11:21:37.473,1.20618,1.20627,2.14,1.00
2014.09.05 11:21:37.777,1.20618,1.20625,1.39,1.00
2014.09.05 11:21:38.284,1.20618,1.20626,1.47,1.00
2014.09.05 11:21:38.798,1.20618,1.20628,1.47,1.29
2014.09.05 11:21:39.703,1.20618,1.20628,1.47,1.01
2014.09.05 11:21:41.535,1.20619,1.20628,1.37,1.57
2014.09.05 11:21:42.101,1.20619,1.20628,1.37,1.29
2014.09.05 11:21:42.633,1.20619,1.20628,1.12,1.29
2014.09.05 11:21:43.580,1.20619,1.20628,1.12,1.01
2014.09.05 11:21:47.550,1.20619,1.20628,1.27,1.25
2014.09.05 11:21:48.804,1.20618,1.20628,1.27,1.31
2014.09.05 11:21:48.957,1.20618,1.20627,1.20,1.25
2014.09.05 11:21:50.872,1.20618,1.20626,1.20,1.00
2014.09.05 11:21:51.379,1.20618,1.20627,1.95,1.25
2014.09.05 11:21:53.314,1.20619,1.20628,1.00,1.39
2014.09.05 11:21:53.820,1.20618,1.20627,1.95,1.00
2014.09.05 11:21:54.913,1.20618,1.20626,1.20,1.00
2014.09.05 11:21:55.521,1.20618,1.20627,1.95,1.25
2014.09.05 11:21:56.028,1.20618,1.20626,1.20,1.00
2014.09.05 11:21:57.601,1.20618,1.20628,1.95,1.39
2014.09.05 11:21:58.107,1.20618,1.20626,1.20,1.00
2014.09.05 11:21:58.839,1.20618,1.20627,1.95,1.00
2014.09.05 11:21:59.382,1.20619,1.20628,1.00,1.29
2014.09.05 11:21:59.887,1.20618,1.20626,1.20,1.00
2014.09.05 11:22:00.393,1.20618,1.20627,1.95,1.25
2014.09.05 11:22:00.899,1.20619,1.20628,1.00,1.76
2014.09.05 11:22:02.040,1.20619,1.20628,1.12,1.01
2014.09.05 11:22:04.672,1.20619,1.20628,1.00,1.29
2014.09.05 11:22:06.035,1.20619,1.20628,1.12,1.01
2014.09.05 11:22:07.694,1.20619,1.20628,1.20,1.25
2014.09.05 11:22:11.564,1.20618,1.20625,1.27,1.00
2014.09.05 11:22:11.666,1.20618,1.20627,1.20,1.25
2014.09.05 11:22:12.174,1.20619,1.20628,1.00,1.29
2014.09.05 11:22:12.859,1.20619,1.20628,1.00,1.01
2014.09.05 11:22:15.983,1.20618,1.20625,1.20,1.00
2014.09.05 11:22:16.252,1.20618,1.20627,1.95,1.25
2014.09.05 11:22:16.759,1.20619,1.20628,1.00,2.14
2014.09.05 11:22:24.406,1.20618,1.20627,1.95,1.00
2014.09.05 11:22:24.913,1.20618,1.20628,1.95,1.01
2014.09.05 11:22:25.448,1.20619,1.20628,1.00,1.01
2014.09.05 11:22:41.038,1.20618,1.20627,2.21,1.00
2014.09.05 11:22:41.342,1.20617,1.20626,1.76,1.00
2014.09.05 11:22:41.857,1.20616,1.20625,1.17,1.25
2014.09.05 11:22:43.424,1.20615,1.20624,2.02,1.00
2014.09.05 11:22:43.475,1.20615,1.20624,1.95,1.00
2014.09.05 11:22:59.078,1.20615,1.20623,1.10,1.00
2014.09.05 11:23:11.301,1.20615,1.20621,1.00,1.00
2014.09.05 11:23:11.605,1.20615,1.20623,1.00,1.00
2014.09.05 11:23:17.181,1.20615,1.20622,1.00,1.00
2014.09.05 11:23:17.740,1.20613,1.20622,2.21,1.00
2014.09.05 11:23:17.995,1.20611,1.2062,1.84,1.00
2014.09.05 11:23:18.197,1.20611,1.2062,1.46,1.00
2014.09.05 11:23:19.341,1.20609,1.20618,1.77,1.00
2014.09.05 11:23:19.696,1.20611,1.2062,1.17,1.25
2014.09.05 11:23:25.828,1.20612,1.20621,1.10,1.69
2014.09.05 11:23:26.215,1.20611,1.20619,1.27,1.00
2014.09.05 11:23:26.921,1.20611,1.2062,2.02,1.00
2014.09.05 11:23:29.063,1.20611,1.2062,1.95,1.10
2014.09.05 11:23:29.663,1.20611,1.20619,1.12,1.00
2014.09.05 11:23:30.172,1.20611,1.2062,1.00,1.39
2014.09.05 11:23:30.958,1.20612,1.20621,1.00,1.17
2014.09.05 11:23:31.475,1.20612,1.20621,1.10,1.00
2014.09.05 11:23:37.061,1.20614,1.20623,1.00,1.36
2014.09.05 11:23:37.592,1.20612,1.20621,1.10,1.00
2014.09.05 11:23:41.759,1.20612,1.20622,1.01,1.10
2014.09.05 11:23:42.265,1.20612,1.20621,1.01,1.00
2014.09.05 11:23:44.511,1.20613,1.20622,1.00,1.01
2014.09.05 11:23:45.017,1.20612,1.20621,1.10,1.00
2014.09.05 11:23:47.524,1.20613,1.20622,1.00,1.01
2014.09.05 11:23:48.031,1.20612,1.20621,1.10,1.00
2014.09.05 11:23:51.067,1.20612,1.20621,1.17,1.00
2014.09.05 11:24:00.349,1.20614,1.20623,1.00,1.29
2014.09.05 11:24:00.853,1.20613,1.20622,1.10,1.69
2014.09.05 11:24:01.718,1.20612,1.20621,1.09,1.00
2014.09.05 11:24:03.137,1.20611,1.2062,2.02,1.00
2014.09.05 11:24:04.138,1.20612,1.20621,1.27,1.25
2014.09.05 11:24:04.945,1.20611,1.2062,2.02,1.00
2014.09.05 11:24:05.453,1.20612,1.20621,1.27,1.25
2014.09.05 11:24:06.117,1.20611,1.2062,2.02,1.00
2014.09.05 11:24:06.479,1.20611,1.2062,1.95,1.00
2014.09.05 11:24:07.618,1.20611,1.2062,2.02,1.25
2014.09.05 11:24:08.130,1.20611,1.2062,2.02,1.00
2014.09.05 11:24:09.945,1.20612,1.20621,1.17,1.25
2014.09.05 11:24:10.507,1.20611,1.2062,2.02,1.00
2014.09.05 11:24:12.858,1.20612,1.20621,1.17,1.25
2014.09.05 11:24:15.943,1.20612,1.2062,1.17,1.00
2014.09.05 11:24:20.265,1.20611,1.20618,1.46,1.00
2014.09.05 11:24:20.569,1.20612,1.20621,1.17,1.25
2014.09.05 11:24:21.715,1.20613,1.20622,1.10,1.25
2014.09.05 11:24:26.819,1.20613,1.20621,1.10,1.00
2014.09.05 11:24:28.325,1.20611,1.2062,1.65,1.00
2014.09.05 11:24:31.560,1.20611,1.2062,1.95,1.25
2014.09.05 11:24:33.542,1.20611,1.2062,1.95,1.25
2014.09.05 11:24:34.298,1.20611,1.20619,1.95,1.00
2014.09.05 11:24:36.206,1.20611,1.20619,1.20,1.00
2014.09.05 11:24:36.715,1.20611,1.2062,1.20,1.25
2014.09.05 11:24:39.161,1.2061,1.20619,1.27,1.00
2014.09.05 11:24:40.903,1.2061,1.20618,1.27,1.00
2014.09.05 11:24:41.446,1.2061,1.20617,1.27,1.00
2014.09.05 11:24:43.806,1.20609,1.20619,1.55,1.01
2014.09.05 11:24:46.270,1.20609,1.20618,1.47,1.00
2014.09.05 11:24:46.778,1.2061,1.20619,1.00,1.01
2014.09.05 11:24:47.793,1.20609,1.20618,1.95,1.00
2014.09.05 11:24:48.301,1.2061,1.20619,1.12,1.76
2014.09.05 11:24:48.808,1.20609,1.20618,1.95,1.50
2014.09.05 11:24:49.332,1.2061,1.20619,1.12,1.01
2014.09.05 11:24:49.840,1.2061,1.20618,1.12,1.00
2014.09.05 11:24:50.349,1.2061,1.20617,1.12,1.00
2014.09.05 11:24:50.607,1.2061,1.20619,1.12,1.01
2014.09.05 11:24:51.121,1.20611,1.20618,1.00,1.00
2014.09.05 11:24:55.793,1.20611,1.20619,1.00,1.76
2014.09.05 11:24:57.199,1.20611,1.20618,1.00,1.00
2014.09.05 11:25:00.350,1.20611,1.20619,1.00,1.01
2014.09.05 11:25:02.729,1.20611,1.2062,1.57,1.25
2014.09.05 11:25:04.923,1.20612,1.20621,1.00,1.76
2014.09.05 11:25:06.358,1.20611,1.2062,1.57,1.00
2014.09.05 11:25:06.868,1.20611,1.20619,1.20,1.00
2014.09.05 11:25:07.376,1.20611,1.20618,1.10,1.00
2014.09.05 11:25:07.883,1.20611,1.20619,1.20,1.25
2014.09.05 11:25:08.424,1.20611,1.20618,1.10,1.00
2014.09.05 11:25:08.689,1.20611,1.2062,1.57,1.25
2014.09.05 11:25:09.195,1.2061,1.20619,1.17,1.00
2014.09.05 11:25:09.752,1.20609,1.20618,2.77,1.00
2014.09.05 11:25:11.003,1.20609,1.20616,1.27,1.00
2014.09.05 11:25:11.105,1.20609,1.20618,2.02,1.25
2014.09.05 11:25:11.512,1.20611,1.2062,1.10,1.25
2014.09.05 11:25:12.389,1.20612,1.20621,1.00,1.29
2014.09.05 11:25:12.898,1.20611,1.2062,1.57,1.00
2014.09.05 11:25:13.997,1.20611,1.20619,1.10,1.00
2014.09.05 11:25:20.990,1.20611,1.20619,1.10,1.69
2014.09.05 11:25:21.041,1.20611,1.20616,1.00,1.00
2014.09.05 11:25:21.193,1.20609,1.20616,1.20,1.25
2014.09.05 11:25:21.852,1.20609,1.20614,1.00,1.00
2014.09.05 11:25:22.157,1.20609,1.20616,1.00,1.25
2014.09.05 11:25:22.662,1.2061,1.20617,1.00,1.19
2014.09.05 11:25:23.221,1.20609,1.20617,1.95,1.19
2014.09.05 11:25:23.626,1.20609,1.20614,1.10,1.00
2014.09.05 11:25:23.729,1.20609,1.20617,1.20,1.25
2014.09.05 11:25:24.237,1.20609,1.20617,1.95,1.19
2014.09.05 11:25:24.947,1.20609,1.20614,1.95,1.00
2014.09.05 11:25:25.151,1.20609,1.20616,1.00,1.00
2014.09.05 11:25:25.353,1.20609,1.20614,1.00,1.00
2014.09.05 11:25:25.455,1.20609,1.20617,1.00,1.20
2014.09.05 11:25:25.556,1.20609,1.20615,1.00,1.00
2014.09.05 11:25:28.238,1.20609,1.20618,1.50,1.27
2014.09.05 11:25:28.541,1.20609,1.20614,1.00,1.00
2014.09.05 11:25:28.593,1.20609,1.20616,1.00,1.50
2014.09.05 11:25:30.482,1.20609,1.20618,1.10,1.12
2014.09.05 11:25:30.969,1.20609,1.20616,1.10,1.00
2014.09.05 11:25:31.854,1.20609,1.20615,1.10,1.00
2014.09.05 11:25:32.678,1.20609,1.20614,1.00,1.00
2014.09.05 11:25:32.880,1.20609,1.20618,1.50,1.55
2014.09.05 11:25:33.404,1.20609,1.20617,1.50,1.39
2014.09.05 11:25:34.004,1.20609,1.20616,1.00,1.69
2014.09.05 11:25:34.708,1.20609,1.20618,1.00,1.55
2014.09.05 11:25:35.257,1.20609,1.20617,1.50,1.39
2014.09.05 11:25:37.325,1.20609,1.20618,1.50,1.55
2014.09.05 11:25:37.849,1.20609,1.20617,1.50,1.39
2014.09.05 11:25:39.067,1.2061,1.20617,1.00,1.39
2014.09.05 11:25:39.637,1.20609,1.20617,1.50,1.39
2014.09.05 11:25:39.992,1.20611,1.20618,1.00,1.74
2014.09.05 11:25:40.499,1.20612,1.20619,1.00,1.29
2014.09.05 11:25:42.518,1.20612,1.2062,1.00,1.19
2014.09.05 11:25:45.327,1.20611,1.2062,1.57,1.69
2014.09.05 11:25:45.850,1.20611,1.2062,1.57,1.25
2014.09.05 11:25:46.155,1.20611,1.2062,1.00,2.96
2014.09.05 11:25:46.257,1.20609,1.20618,1.95,1.25
2014.09.05 11:25:46.409,1.20611,1.2062,1.00,1.84
2014.09.05 11:25:46.613,1.20609,1.20618,2.70,1.25
2014.09.05 11:25:46.714,1.20612,1.20619,1.00,1.29
2014.09.05 11:25:47.322,1.20613,1.2062,1.00,1.46
2014.09.05 11:25:47.841,1.20613,1.20622,1.00,2.96
2014.09.05 11:25:48.267,1.20611,1.2062,1.00,1.36
2014.09.05 11:25:50.226,1.20609,1.20616,1.76,1.00
2014.09.05 11:25:50.581,1.20609,1.20618,1.95,1.25
2014.09.05 11:25:50.733,1.20609,1.20616,1.95,1.00
2014.09.05 11:25:51.089,1.2061,1.20619,1.00,1.10
2014.09.05 11:25:51.595,1.20611,1.2062,1.00,1.46
2014.09.05 11:25:53.059,1.20612,1.20621,1.00,1.76
2014.09.05 11:25:53.580,1.20612,1.20621,1.00,1.29
2014.09.05 11:25:55.242,1.20611,1.2062,1.57,1.25
2014.09.05 11:25:57.456,1.20611,1.2062,1.10,1.19
2014.09.05 11:25:57.608,1.20609,1.20619,1.10,1.39
2014.09.05 11:25:57.659,1.20609,1.20613,1.10,1.00
2014.09.05 11:25:57.761,1.20609,1.20615,1.00,1.00
2014.09.05 11:25:58.268,1.20609,1.20613,1.00,1.00
2014.09.05 11:25:58.470,1.20609,1.20617,1.00,1.39
2014.09.05 11:25:59.152,1.20609,1.20614,1.00,1.00
2014.09.05 11:26:01.877,1.20609,1.20613,1.00,1.00
2014.09.05 11:26:01.979,1.20609,1.20616,1.00,1.62
2014.09.05 11:26:03.774,1.20609,1.20614,1.00,1.00
2014.09.05 11:26:04.364,1.20609,1.20615,1.00,1.12
2014.09.05 11:26:05.481,1.20609,1.20614,1.00,1.00
2014.09.05 11:26:06.416,1.20609,1.20615,1.00,1.50
2014.09.05 11:26:06.974,1.20609,1.20613,1.00,1.00
2014.09.05 11:26:08.420,1.20609,1.20614,1.00,1.00
2014.09.05 11:26:10.485,1.20607,1.20616,1.10,2.06
2014.09.05 11:26:10.890,1.20606,1.20614,1.65,1.00
2014.09.05 11:26:11.397,1.20607,1.20615,1.00,1.10
2014.09.05 11:26:14.116,1.20606,1.20616,1.50,1.46
2014.09.05 11:26:14.622,1.20606,1.20614,1.00,1.00
2014.09.05 11:26:15.157,1.20607,1.20616,1.00,2.21
2014.09.05 11:26:15.613,1.20606,1.20613,1.50,1.00
2014.09.05 11:26:16.120,1.20606,1.20614,2.25,1.00
2014.09.05 11:26:16.665,1.20607,1.20613,1.00,1.00
2014.09.05 11:26:17.187,1.20606,1.20613,1.50,1.00
2014.09.05 11:26:17.289,1.20607,1.20616,1.00,1.46
2014.09.05 11:26:17.543,1.20609,1.20617,1.00,1.29
2014.09.05 11:26:18.100,1.20608,1.20617,1.50,1.29
2014.09.05 11:26:18.630,1.20608,1.20617,1.00,1.01
2014.09.05 11:26:22.253,1.2061,1.20618,1.00,1.74
2014.09.05 11:26:22.557,1.20608,1.20617,1.00,1.39
2014.09.05 11:26:23.064,1.20607,1.20616,1.10,1.31
2014.09.05 11:26:23.960,1.20608,1.20616,1.00,1.31
2014.09.05 11:26:24.466,1.20607,1.20615,1.10,1.31
2014.09.05 11:26:25.000,1.20607,1.20614,1.10,1.00
2014.09.05 11:26:25.664,1.20607,1.20613,1.10,1.00
2014.09.05 11:26:28.618,1.20606,1.20612,1.65,1.00
2014.09.05 11:26:28.954,1.20607,1.20615,1.00,1.39
2014.09.05 11:26:29.460,1.20606,1.20615,1.00,1.39
2014.09.05 11:26:30.154,1.20607,1.20615,1.00,1.66
2014.09.05 11:26:31.472,1.20606,1.20614,1.00,1.31
2014.09.05 11:26:40.388,1.20608,1.20616,1.00,2.21
2014.09.05 11:26:41.298,1.20607,1.20616,1.50,2.21
2014.09.05 11:26:42.368,1.20606,1.20614,1.50,1.31
2014.09.05 11:26:42.976,1.20607,1.20615,1.00,1.66
2014.09.05 11:26:43.482,1.20606,1.20614,1.00,1.00
2014.09.05 11:26:43.989,1.20607,1.20616,1.00,1.74
2014.09.05 11:26:44.495,1.20608,1.20617,1.00,1.76
2014.09.05 11:26:44.789,1.20608,1.20617,1.00,1.76
2014.09.05 11:26:45.296,1.20608,1.20617,1.00,1.39
2014.09.05 11:26:45.806,1.20607,1.20616,1.10,1.37
2014.09.05 11:26:48.011,1.20607,1.20616,1.10,1.12
2014.09.05 11:26:48.517,1.20606,1.20615,3.34,1.50
2014.09.05 11:26:49.326,1.20608,1.20615,1.00,1.00
2014.09.05 11:26:49.428,1.20609,1.20618,1.50,1.09
2014.09.05 11:26:49.586,1.20611,1.2062,1.00,2.21
2014.09.05 11:26:49.637,1.20611,1.2062,1.00,1.46
2014.09.05 11:26:50.500,1.20612,1.2062,1.00,1.46
2014.09.05 11:26:52.428,1.20611,1.2062,1.50,2.21
2014.09.05 11:26:53.507,1.20612,1.20619,1.00,1.10
2014.09.05 11:26:53.659,1.20609,1.20618,2.89,1.00
2014.09.05 11:26:53.811,1.20609,1.20616,1.00,1.00
2014.09.05 11:26:54.318,1.20609,1.20617,1.50,1.20
2014.09.05 11:26:54.825,1.20609,1.20618,1.00,2.21
2014.09.05 11:26:55.483,1.20609,1.20614,1.00,1.00
2014.09.05 11:26:55.986,1.20609,1.20615,1.00,1.00
2014.09.05 11:26:56.543,1.20609,1.20613,1.00,1.00
2014.09.05 11:26:58.626,1.20607,1.20616,1.10,1.69
2014.09.05 11:26:59.894,1.20607,1.20614,1.10,1.00
2014.09.05 11:27:00.413,1.20606,1.20615,1.65,1.00
2014.09.05 11:27:00.925,1.20606,1.20616,1.17,1.69
2014.09.05 11:27:01.599,1.20606,1.20616,1.17,1.69
2014.09.05 11:27:05.479,1.20606,1.20614,1.17,1.00
2014.09.05 11:27:08.043,1.20606,1.20613,1.17,1.00
2014.09.05 11:27:10.049,1.20606,1.20612,1.17,1.00
2014.09.05 11:27:10.201,1.20606,1.20614,1.17,1.50
2014.09.05 11:27:10.303,1.20606,1.20614,1.00,1.00
2014.09.05 11:27:10.405,1.20604,1.20611,1.17,1.00
2014.09.05 11:27:10.609,1.20606,1.20611,1.00,1.00
2014.09.05 11:27:10.711,1.20606,1.20613,1.00,1.00
2014.09.05 11:27:11.015,1.20606,1.20615,1.50,1.01
2014.09.05 11:27:11.116,1.20606,1.20613,1.00,1.00
2014.09.05 11:27:11.623,1.20606,1.20614,1.17,1.00
2014.09.05 11:27:12.129,1.20606,1.20615,1.65,1.69
2014.09.05 11:27:12.383,1.20608,1.20618,1.00,1.36
2014.09.05 11:27:12.484,1.20608,1.20615,1.00,1.00
2014.09.05 11:27:12.586,1.20608,1.20617,1.00,1.01
2014.09.05 11:27:13.397,1.20609,1.20618,1.00,1.84
2014.09.05 11:27:13.606,1.2061,1.20619,1.00,1.20
2014.09.05 11:27:14.133,1.2061,1.20618,1.00,1.00
2014.09.05 11:27:14.650,1.2061,1.20619,1.00,1.10
2014.09.05 11:27:15.522,1.20609,1.20618,1.76,1.00
2014.09.05 11:27:16.037,1.2061,1.20619,1.00,1.01
2014.09.05 11:27:16.645,1.20609,1.20618,1.10,1.00
2014.09.05 11:27:17.276,1.2061,1.20619,1.00,1.01
2014.09.05 11:27:18.541,1.20611,1.2062,1.00,1.74
2014.09.05 11:27:19.309,1.2061,1.20619,1.50,1.39
2014.09.05 11:27:20.066,1.20611,1.2062,1.00,2.21
2014.09.05 11:27:21.231,1.2061,1.20619,1.00,1.01
2014.09.05 11:27:21.746,1.20611,1.20619,1.00,1.39
2014.09.05 11:27:21.950,1.20609,1.20619,1.10,1.39
2014.09.05 11:27:22.458,1.2061,1.2062,1.00,2.96
2014.09.05 11:27:22.661,1.20608,1.20618,1.12,1.09
2014.09.05 11:27:23.169,1.20608,1.20616,1.12,1.00
2014.09.05 11:27:23.715,1.20608,1.20617,1.87,1.10
2014.09.05 11:27:24.272,1.20609,1.2062,1.00,2.96
2014.09.05 11:27:24.775,1.2061,1.20619,1.00,1.46
2014.09.05 11:27:25.281,1.20608,1.20617,1.87,1.10
2014.09.05 11:27:26.157,1.2061,1.20619,1.00,1.46
2014.09.05 11:27:26.920,1.2061,1.20619,1.00,1.29
2014.09.05 11:27:27.224,1.20608,1.20617,1.00,1.29
2014.09.05 11:27:27.782,1.20607,1.20616,1.10,1.69
2014.09.05 11:27:28.288,1.20606,1.20615,1.65,1.00
2014.09.05 11:27:30.304,1.20606,1.20615,1.65,1.31
2014.09.05 11:27:34.220,1.20607,1.20616,1.10,1.31
2014.09.05 11:27:34.745,1.20608,1.20617,1.00,1.66
2014.09.05 11:27:34.998,1.2061,1.20618,1.00,1.74
2014.09.05 11:27:35.506,1.20609,1.20619,1.00,2.96
2014.09.05 11:27:37.773,1.20608,1.20619,2.25,2.96
2014.09.05 11:27:39.893,1.20609,1.20619,1.00,2.21
2014.09.05 11:27:41.090,1.20608,1.20617,2.25,1.39
2014.09.05 11:27:41.598,1.20609,1.20617,1.00,1.39
2014.09.05 11:27:42.124,1.2061,1.20617,1.00,1.39
2014.09.05 11:27:43.071,1.2061,1.20615,1.00,1.00
2014.09.05 11:27:43.122,1.20605,1.20614,1.17,1.87
2014.09.05 11:27:43.628,1.20604,1.20615,1.17,3.64
2014.09.05 11:27:50.034,1.20606,1.20615,1.00,2.14
2014.09.05 11:27:50.541,1.20605,1.20614,1.10,1.56
2014.09.05 11:27:54.611,1.20604,1.20613,1.50,1.47
2014.09.05 11:27:55.137,1.20603,1.20612,1.10,1.12
2014.09.05 11:27:58.158,1.20604,1.20613,1.00,1.39
2014.09.05 11:27:59.049,1.20603,1.20609,1.10,1.00
2014.09.05 11:27:59.251,1.20602,1.20611,1.17,1.31
2014.09.05 11:28:00.880,1.20603,1.20612,1.15,1.62
2014.09.05 11:28:11.372,1.20603,1.20612,1.17,1.37
2014.09.05 11:28:11.879,1.20602,1.20611,1.09,1.12
2014.09.05 11:28:12.899,1.20604,1.20613,1.00,2.14
2014.09.05 11:28:13.525,1.20603,1.20612,1.10,1.37
2014.09.05 11:28:14.320,1.20601,1.2061,2.21,1.00
2014.09.05 11:28:15.300,1.20602,1.20611,1.09,1.87
2014.09.05 11:28:17.969,1.20603,1.20611,1.07,1.12
2014.09.05 11:28:18.679,1.20603,1.20612,1.17,1.37
2014.09.05 11:28:19.192,1.20603,1.20612,1.10,1.37
2014.09.05 11:28:22.220,1.20605,1.20612,1.00,1.62
2014.09.05 11:28:23.826,1.20606,1.20613,1.00,1.39
2014.09.05 11:28:24.364,1.20605,1.20613,1.00,1.39
2014.09.05 11:28:27.163,1.20604,1.20614,1.00,1.74
2014.09.05 11:28:28.344,1.20604,1.20614,1.00,1.74
2014.09.05 11:28:28.926,1.20605,1.20613,1.00,1.39
2014.09.05 11:28:30.039,1.20604,1.2061,1.50,1.00
2014.09.05 11:28:30.546,1.20604,1.20611,1.00,1.12
2014.09.05 11:28:31.089,1.20604,1.20613,1.00,1.39
2014.09.05 11:28:31.624,1.20605,1.20613,1.00,1.39
2014.09.05 11:28:32.157,1.20604,1.20613,1.00,2.14
2014.09.05 11:28:33.580,1.20605,1.20613,1.00,1.39
2014.09.05 11:28:34.125,1.20604,1.20613,1.00,2.14
2014.09.05 11:28:34.633,1.20605,1.20614,1.00,2.21
2014.09.05 11:28:35.174,1.20604,1.20613,1.00,2.14
2014.09.05 11:28:37.761,1.20605,1.20614,1.00,2.96
2014.09.05 11:28:40.721,1.20605,1.20613,1.00,1.39
2014.09.05 11:28:46.018,1.20604,1.20613,1.00,1.39
2014.09.05 11:28:46.322,1.20606,1.20613,1.00,1.39
2014.09.05 11:28:46.993,1.20605,1.20613,1.00,2.14
2014.09.05 11:28:47.398,1.20603,1.20612,1.20,1.00
2014.09.05 11:28:49.100,1.20602,1.2061,1.46,1.00
2014.09.05 11:28:49.790,1.20601,1.20611,2.21,1.00
2014.09.05 11:28:50.391,1.20601,1.20612,2.21,1.00
2014.09.05 11:28:52.743,1.20602,1.20611,1.46,1.00
2014.09.05 11:28:58.536,1.20603,1.20612,1.20,1.25
2014.09.05 11:28:59.044,1.20603,1.20611,1.39,1.00
2014.09.05 11:28:59.584,1.20603,1.2061,1.39,1.00
2014.09.05 11:28:59.787,1.20603,1.20612,1.95,1.00
2014.09.05 11:29:00.293,1.20604,1.20613,1.12,1.01
2014.09.05 11:29:01.933,1.20603,1.20612,2.14,1.00
2014.09.05 11:29:03.176,1.20603,1.20611,1.47,1.00
2014.09.05 11:29:03.380,1.20604,1.20613,1.12,1.01
2014.09.05 11:29:03.888,1.20603,1.20612,2.14,1.00
2014.09.05 11:29:04.395,1.20604,1.20613,1.12,1.10
2014.09.05 11:29:04.901,1.20603,1.20612,2.89,1.00
2014.09.05 11:29:05.756,1.20603,1.20611,1.39,1.00
2014.09.05 11:29:05.959,1.20605,1.20613,1.00,1.20
2014.09.05 11:29:07.177,1.20604,1.20613,1.31,1.10
2014.09.05 11:29:08.610,1.20603,1.20612,2.89,1.00
2014.09.05 11:29:09.116,1.20604,1.20613,1.25,1.20
2014.09.05 11:29:09.724,1.20603,1.20612,2.89,1.00
2014.09.05 11:29:10.230,1.20603,1.20613,2.14,1.20
2014.09.05 11:29:10.939,1.20604,1.20613,1.00,1.20
2014.09.05 11:29:11.903,1.20603,1.20611,2.14,1.00
2014.09.05 11:29:12.122,1.20604,1.20613,1.31,1.10
2014.09.05 11:29:12.663,1.20603,1.20612,2.14,1.50
2014.09.05 11:29:15.826,1.20604,1.20613,1.12,1.10
2014.09.05 11:29:17.159,1.20605,1.20614,1.00,1.09
2014.09.05 11:29:18.683,1.20605,1.20614,1.25,1.10
2014.09.05 11:29:20.187,1.20605,1.20613,1.25,1.00
2014.09.05 11:29:20.703,1.20605,1.20614,1.25,1.65
2014.09.05 11:29:22.135,1.20605,1.20614,1.25,1.17
2014.09.05 11:29:22.699,1.20605,1.20614,1.25,1.20
2014.09.05 11:29:22.750,1.20604,1.20612,1.39,1.00
2014.09.05 11:29:23.154,1.20605,1.20614,1.32,1.00
2014.09.05 11:29:24.234,1.20606,1.20615,1.01,1.87
2014.09.05 11:29:27.359,1.20606,1.20615,1.29,1.12
2014.09.05 11:29:28.042,1.20607,1.20616,1.25,1.10
2014.09.05 11:29:28.093,1.20609,1.20617,1.00,1.27
2014.09.05 11:29:28.714,1.2061,1.20619,1.00,1.77
2014.09.05 11:29:28.867,1.2061,1.20619,1.12,1.09
2014.09.05 11:29:30.522,1.20609,1.20618,1.31,1.10
2014.09.05 11:29:31.773,1.2061,1.20619,1.00,2.02
2014.09.05 11:29:42.694,1.20609,1.20617,1.31,1.00
2014.09.05 11:29:43.384,1.20609,1.20618,1.31,1.10
2014.09.05 11:29:46.326,1.20608,1.20617,1.66,1.00
2014.09.05 11:29:46.834,1.20608,1.20617,1.20,1.00
2014.09.05 11:29:48.760,1.20608,1.20616,1.20,1.00
2014.09.05 11:29:49.285,1.20608,1.20617,1.20,1.25
2014.09.05 11:29:49.791,1.20608,1.20617,1.87,1.17
2014.09.05 11:29:49.943,1.20608,1.20614,1.12,1.00
2014.09.05 11:29:50.158,1.20608,1.20616,1.12,1.10
2014.09.05 11:29:50.463,1.20608,1.20614,1.12,1.00
2014.09.05 11:29:50.666,1.20608,1.20616,1.00,1.10
2014.09.05 11:29:51.173,1.20608,1.20615,1.00,1.00
2014.09.05 11:29:51.530,1.20608,1.20613,1.00,1.00
2014.09.05 11:29:52.033,1.20608,1.20615,1.00,1.50
2014.09.05 11:29:53.666,1.20608,1.20616,1.00,1.10
2014.09.05 11:29:54.537,1.20608,1.20615,1.00,1.00
2014.09.05 11:29:54.790,1.20608,1.20613,1.00,1.00
2014.09.05 11:29:54.892,1.20608,1.20615,1.00,1.00
2014.09.05 11:29:55.511,1.20608,1.20616,1.00,1.10
2014.09.05 11:29:58.758,1.20608,1.20615,1.00,1.00
2014.09.05 11:29:59.164,1.20608,1.20617,2.70,1.00
2014.09.05 11:29:59.671,1.20609,1.20618,1.25,1.20
2014.09.05 11:30:00.215,1.20609,1.20618,1.09,1.12
2014.09.05 11:30:00.722,1.20608,1.20617,2.96,1.00
2014.09.05 11:30:02.668,1.20608,1.20615,2.21,1.00
2014.09.05 11:30:02.820,1.20608,1.20617,2.96,1.00
2014.09.05 11:30:10.222,1.20608,1.20616,2.21,1.00
2014.09.05 11:30:10.752,1.20608,1.20615,2.21,1.00
2014.09.05 11:30:10.804,1.20608,1.20617,2.96,1.00
2014.09.05 11:30:12.388,1.20608,1.20618,2.21,1.87
2014.09.05 11:30:13.893,1.20608,1.20617,2.21,1.00
2014.09.05 11:30:17.409,1.20608,1.20618,1.46,1.87
2014.09.05 11:30:17.943,1.20608,1.20617,2.21,1.00
2014.09.05 11:30:20.128,1.20608,1.20617,1.46,1.00
2014.09.05 11:30:20.179,1.20608,1.20617,1.17,1.37
2014.09.05 11:30:20.331,1.20604,1.20612,1.65,1.37
2014.09.05 11:30:20.382,1.20602,1.20612,5.89,1.12
2014.09.05 11:30:20.433,1.20603,1.20612,1.09,1.87
2014.09.05 11:30:20.636,1.20602,1.20609,1.46,1.00
2014.09.05 11:30:20.738,1.20602,1.20611,1.46,1.00
2014.09.05 11:30:22.637,1.20601,1.2061,5.21,1.00
2014.09.05 11:30:23.430,1.20602,1.20611,1.46,1.50
2014.09.05 11:30:25.068,1.20602,1.2061,1.46,1.00
2014.09.05 11:30:25.574,1.20602,1.20611,1.46,1.00
2014.09.05 11:30:26.149,1.20603,1.20612,1.84,1.87
2014.09.05 11:30:26.843,1.20603,1.20611,1.36,1.00
2014.09.05 11:30:29.237,1.20602,1.20609,1.46,1.00
2014.09.05 11:30:29.339,1.20602,1.20611,1.34,1.00
2014.09.05 11:30:29.744,1.20602,1.20609,1.34,1.00
2014.09.05 11:30:30.275,1.20601,1.2061,1.84,1.00
2014.09.05 11:30:30.833,1.20602,1.20611,1.40,1.00
2014.09.05 11:30:32.819,1.20603,1.20612,1.65,1.12
2014.09.05 11:30:33.369,1.20601,1.2061,3.34,1.00
2014.09.05 11:30:33.470,1.20602,1.20611,1.39,1.50
2014.09.05 11:30:35.498,1.20603,1.20612,1.00,1.95
2014.09.05 11:30:36.004,1.20603,1.20612,1.17,1.12
2014.09.05 11:30:38.181,1.20602,1.20611,2.21,1.50
2014.09.05 11:30:40.079,1.20602,1.2061,1.46,1.00
2014.09.05 11:30:40.875,1.20602,1.20611,2.21,1.50
2014.09.05 11:30:43.199,1.20602,1.2061,1.46,1.00
2014.09.05 11:30:49.476,1.20602,1.20611,1.46,1.50
2014.09.05 11:30:55.888,1.20603,1.20612,1.17,2.62
2014.09.05 11:30:57.835,1.20602,1.20611,2.21,1.00
2014.09.05 11:30:58.526,1.20604,1.20613,1.10,1.37
2014.09.05 11:31:00.758,1.20602,1.20611,2.21,1.00
2014.09.05 11:31:01.015,1.20604,1.20613,1.10,1.12
2014.09.05 11:31:01.117,1.20603,1.20611,2.21,1.00
2014.09.05 11:31:01.637,1.20603,1.20612,1.69,1.20
2014.09.05 11:31:02.181,1.20603,1.20612,2.21,1.00
2014.09.05 11:31:02.753,1.20603,1.20613,2.21,1.50
2014.09.05 11:31:03.293,1.20603,1.20612,2.96,1.00
2014.09.05 11:31:04.056,1.20603,1.20613,2.96,1.00
2014.09.05 11:31:06.645,1.20603,1.20612,2.96,1.00
2014.09.05 11:31:07.224,1.20604,1.20613,1.01,1.00
2014.09.05 11:31:17.347,1.20603,1.20612,1.46,1.00
2014.09.05 11:31:18.536,1.20603,1.20613,1.46,1.12
2014.09.05 11:31:20.611,1.20603,1.20612,1.46,1.00
2014.09.05 11:31:21.118,1.20603,1.20613,2.21,1.12
2014.09.05 11:31:22.393,1.20603,1.20612,3.64,1.00
2014.09.05 11:31:22.900,1.20604,1.20613,1.46,1.00
2014.09.05 11:31:23.444,1.20605,1.20614,1.01,1.50
2014.09.05 11:31:23.749,1.20604,1.20612,1.19,1.12
2014.09.05 11:31:24.308,1.20604,1.20613,2.06,1.57
2014.09.05 11:31:24.814,1.20605,1.20614,1.01,1.00
2014.09.05 11:31:26.354,1.20604,1.20613,2.21,1.00
2014.09.05 11:31:30.368,1.20603,1.20611,2.21,1.00
2014.09.05 11:31:30.470,1.20603,1.20611,1.01,1.50
2014.09.05 11:31:30.978,1.20603,1.20612,2.14,1.00
2014.09.05 11:31:31.535,1.20603,1.2061,1.39,1.00
2014.09.05 11:31:31.737,1.20603,1.20612,2.14,1.50
2014.09.05 11:31:34.548,1.20603,1.20611,1.01,1.00
2014.09.05 11:31:40.761,1.20603,1.2061,1.01,1.00
2014.09.05 11:31:41.277,1.20603,1.20611,1.39,1.00
2014.09.05 11:31:41.790,1.20603,1.20609,1.39,1.00
2014.09.05 11:31:42.367,1.20603,1.20608,1.31,1.00
2014.09.05 11:31:42.521,1.20603,1.2061,1.31,1.50
2014.09.05 11:31:42.673,1.20603,1.20608,1.31,1.00
2014.09.05 11:31:42.877,1.20603,1.2061,1.31,1.50
2014.09.05 11:31:43.402,1.20603,1.20611,1.31,1.10
2014.09.05 11:31:44.868,1.20603,1.2061,1.12,1.00
2014.09.05 11:31:45.384,1.20603,1.20611,1.12,1.10
2014.09.05 11:31:45.502,1.20603,1.20609,1.12,1.00
2014.09.05 11:31:47.294,1.20601,1.2061,2.89,1.00
2014.09.05 11:31:47.801,1.20601,1.2061,2.14,1.00
2014.09.05 11:31:48.307,1.20603,1.20611,1.12,1.10
2014.09.05 11:31:49.239,1.20603,1.20611,2.06,1.10
2014.09.05 11:31:55.112,1.20603,1.20612,2.14,1.10
2014.09.05 11:31:56.137,1.20603,1.20612,1.39,1.00
2014.09.05 11:31:59.887,1.20603,1.20612,2.89,1.00
2014.09.05 11:32:00.192,1.20605,1.20613,1.19,1.10
2014.09.05 11:32:00.701,1.20605,1.20612,1.19,1.00
2014.09.05 11:32:01.100,1.20603,1.20611,1.76,1.00
2014.09.05 11:32:01.151,1.20601,1.20609,2.14,1.00
2014.09.05 11:32:01.658,1.20603,1.2061,1.12,1.00
2014.09.05 11:32:02.367,1.20603,1.20609,1.12,1.00
2014.09.05 11:32:03.854,1.20603,1.2061,1.12,1.00
2014.09.05 11:32:04.971,1.20603,1.20609,1.12,1.00
2014.09.05 11:32:06.462,1.20603,1.20611,1.12,1.57
2014.09.05 11:32:07.351,1.20604,1.20613,1.00,1.20
2014.09.05 11:32:09.186,1.20603,1.20612,2.89,1.00
2014.09.05 11:32:09.694,1.20604,1.20613,1.46,1.00
2014.09.05 11:32:11.453,1.20605,1.20614,1.01,1.50
2014.09.05 11:32:12.054,1.20605,1.20613,1.01,1.00
2014.09.05 11:32:13.846,1.20604,1.20612,2.21,1.00
2014.09.05 11:32:15.101,1.20604,1.20613,1.46,1.00
2014.09.05 11:32:16.558,1.20604,1.20613,1.84,1.37
2014.09.05 11:32:17.267,1.20603,1.20612,1.76,1.37
2014.09.05 11:32:20.201,1.20604,1.20613,1.00,1.39
2014.09.05 11:32:21.225,1.20603,1.20611,1.57,1.12
2014.09.05 11:32:28.614,1.20603,1.20612,1.57,1.62
2014.09.05 11:32:33.612,1.20603,1.20612,1.57,1.56
2014.09.05 11:32:34.242,1.20603,1.20612,1.10,1.56
2014.09.05 11:32:34.546,1.20603,1.20612,1.10,1.25
2014.09.05 11:32:38.250,1.20603,1.20612,1.10,1.19
2014.09.05 11:32:39.276,1.20603,1.20612,1.10,1.25
2014.09.05 11:32:39.735,1.20603,1.20612,1.10,1.62
2014.09.05 11:32:51.569,1.20603,1.20611,1.10,1.12
2014.09.05 11:32:54.402,1.20603,1.2061,1.10,1.00
2014.09.05 11:32:54.809,1.20603,1.20612,1.57,1.69
2014.09.05 11:32:57.736,1.20603,1.20612,1.57,1.62
2014.09.05 11:33:09.473,1.20604,1.20613,1.00,1.66
2014.09.05 11:33:10.430,1.20603,1.20613,2.32,1.66
2014.09.05 11:33:15.389,1.20603,1.2061,1.10,1.00
2014.09.05 11:33:15.897,1.20604,1.20613,1.00,1.39
2014.09.05 11:33:16.412,1.20603,1.20613,1.10,1.39
2014.09.05 11:33:18.979,1.20603,1.20613,1.07,1.62
2014.09.05 11:33:21.580,1.20603,1.20613,1.17,2.06
2014.09.05 11:33:40.069,1.20603,1.20612,1.65,1.12
2014.09.05 11:33:48.415,1.20603,1.20611,1.10,1.00
2014.09.05 11:33:49.365,1.20603,1.20612,1.10,1.87
2014.09.05 11:33:50.127,1.20604,1.20613,1.00,1.39
2014.09.05 11:33:51.669,1.20604,1.20613,1.00,1.39
2014.09.05 11:33:56.110,1.20604,1.20613,1.07,1.62
2014.09.05 11:33:57.844,1.20604,1.20613,1.00,1.39
2014.09.05 11:33:59.370,1.20603,1.20612,1.57,1.37
2014.09.05 11:34:05.361,1.20604,1.20613,1.00,1.39
2014.09.05 11:34:08.075,1.20603,1.20611,1.76,1.12
2014.09.05 11:34:11.391,1.20604,1.20613,1.00,1.39
2014.09.05 11:34:14.103,1.20603,1.20612,1.76,1.37
2014.09.05 11:34:18.102,1.20603,1.20612,1.65,1.37
2014.09.05 11:34:29.609,1.20603,1.2061,1.17,1.00
2014.09.05 11:34:30.131,1.20604,1.20613,1.10,1.87
2014.09.05 11:34:35.910,1.20604,1.20612,1.10,1.12
2014.09.05 11:34:36.215,1.20605,1.20614,1.00,1.39
2014.09.05 11:34:42.588,1.20603,1.20612,1.84,1.37
2014.09.05 11:34:43.111,1.20605,1.20614,1.00,1.39
2014.09.05 11:34:46.446,1.20604,1.20613,1.57,1.37
2014.09.05 11:35:02.095,1.20605,1.20614,1.00,1.77
2014.09.05 11:35:03.499,1.20606,1.20615,1.00,1.77
2014.09.05 11:35:05.915,1.20607,1.20616,1.00,2.59
2014.09.05 11:35:06.422,1.20608,1.20616,1.00,1.71
2014.09.05 11:35:07.330,1.20607,1.20616,1.00,1.65
2014.09.05 11:35:07.838,1.20606,1.20615,1.00,1.46
2014.09.05 11:35:11.425,1.20607,1.20615,1.00,1.74
2014.09.05 11:35:11.997,1.20606,1.20615,1.00,1.55
2014.09.05 11:35:21.122,1.20606,1.20615,1.00,1.74
2014.09.05 11:35:21.624,1.20607,1.20616,1.00,2.21
2014.09.05 11:35:22.133,1.20606,1.20615,1.00,2.21
2014.09.05 11:35:22.647,1.20603,1.20612,1.09,1.37
2014.09.05 11:35:23.154,1.20605,1.20614,1.00,1.39
2014.09.05 11:35:23.871,1.20606,1.20615,1.00,2.21
2014.09.05 11:35:24.377,1.20607,1.20614,1.00,1.47
2014.09.05 11:35:24.906,1.20607,1.20615,1.00,1.46
2014.09.05 11:35:25.656,1.20608,1.20615,1.00,1.46
2014.09.05 11:35:27.597,1.20607,1.20616,1.00,1.71
2014.09.05 11:35:28.104,1.20608,1.20616,1.00,1.71
2014.09.05 11:35:28.651,1.20607,1.20616,1.00,1.71
2014.09.05 11:35:31.511,1.20608,1.20616,1.00,1.71
2014.09.05 11:35:32.346,1.20607,1.20616,1.00,1.84
2014.09.05 11:35:32.498,1.20605,1.20614,1.00,1.47
2014.09.05 11:35:33.004,1.20606,1.20615,1.00,1.74
2014.09.05 11:35:33.517,1.20607,1.20615,1.00,1.74
2014.09.05 11:35:33.721,1.20609,1.20617,1.00,1.74
2014.09.05 11:35:34.230,1.20609,1.20617,1.00,1.74
2014.09.05 11:35:44.744,1.20608,1.20617,1.00,2.21
2014.09.05 11:35:46.616,1.20609,1.20617,1.00,1.46
2014.09.05 11:35:59.329,1.20609,1.20617,1.00,1.46
2014.09.05 11:35:59.636,1.20608,1.20617,1.00,1.46
2014.09.05 11:36:00.613,1.20608,1.20617,1.00,2.21
2014.09.05 11:36:00.664,1.20604,1.20612,1.84,1.00
2014.09.05 11:36:00.766,1.20605,1.20614,1.17,1.00
2014.09.05 11:36:00.868,1.20604,1.20613,1.57,1.00
2014.09.05 11:36:00.919,1.20604,1.20613,1.65,1.00
2014.09.05 11:36:01.440,1.20605,1.20614,1.00,1.01
2014.09.05 11:36:01.744,1.20605,1.20615,1.00,1.74
2014.09.05 11:36:02.773,1.20604,1.20615,1.10,1.74
2014.09.05 11:36:03.567,1.20605,1.20615,1.00,1.74
2014.09.05 11:36:04.074,1.20604,1.20614,1.10,1.39
2014.09.05 11:36:04.797,1.20605,1.20615,1.00,2.21
2014.09.05 11:36:05.342,1.20604,1.20613,1.01,1.37
2014.09.05 11:36:06.007,1.20605,1.20614,1.00,1.47
2014.09.05 11:36:06.516,1.20604,1.20613,1.01,1.37
2014.09.05 11:36:07.677,1.20605,1.20614,1.00,1.95
2014.09.05 11:36:09.386,1.20604,1.20613,1.76,1.37
2014.09.05 11:36:10.268,1.20604,1.20613,1.10,1.37
2014.09.05 11:36:16.020,1.20603,1.20614,1.17,2.14
2014.09.05 11:36:16.893,1.20603,1.20614,1.17,2.14
2014.09.05 11:36:18.191,1.20603,1.20611,1.10,1.37
2014.09.05 11:36:18.697,1.20604,1.20613,1.00,1.46
2014.09.05 11:36:20.971,1.20605,1.20614,1.00,1.77
2014.09.05 11:36:21.478,1.20604,1.20613,1.00,1.55
2014.09.05 11:36:22.030,1.20603,1.20612,1.50,1.47
2014.09.05 11:36:25.052,1.20605,1.20614,1.00,2.21
2014.09.05 11:36:26.059,1.20604,1.20613,1.50,1.55
2014.09.05 11:36:26.567,1.20604,1.20612,1.00,1.47
2014.09.05 11:36:26.669,1.20602,1.20609,1.10,1.12
2014.09.05 11:36:26.771,1.20598,1.20604,3.94,1.00
2014.09.05 11:36:26.822,1.20598,1.20604,1.40,1.00
2014.09.05 11:36:26.874,1.20599,1.20608,1.07,1.57
2014.09.05 11:36:27.395,1.20599,1.20608,1.00,1.10
2014.09.05 11:36:29.007,1.20598,1.20607,1.01,1.00
2014.09.05 11:36:31.527,1.20599,1.20608,1.00,1.10
2014.09.05 11:36:33.594,1.20598,1.20607,1.76,1.00
2014.09.05 11:36:34.399,1.20599,1.20608,1.00,1.10
2014.09.05 11:36:35.133,1.20598,1.20607,1.01,1.00
2014.09.05 11:36:37.104,1.20599,1.20608,1.00,1.57
2014.09.05 11:36:37.647,1.20598,1.20607,1.01,1.00
2014.09.05 11:36:38.326,1.20599,1.20608,1.00,1.57
2014.09.05 11:36:38.918,1.20598,1.20607,1.01,1.00
2014.09.05 11:36:39.421,1.20599,1.20608,1.00,1.10
2014.09.05 11:36:40.799,1.20599,1.20608,1.00,1.47
2014.09.05 11:36:41.963,1.20598,1.20608,1.10,1.39
2014.09.05 11:36:42.470,1.20599,1.20608,1.00,1.39
2014.09.05 11:36:43.081,1.20599,1.20608,1.00,2.14
2014.09.05 11:36:43.285,1.20598,1.20607,1.00,1.55
2014.09.05 11:36:45.359,1.20597,1.20606,1.69,1.20
2014.09.05 11:36:46.751,1.20598,1.20607,1.00,1.46
2014.09.05 11:36:47.290,1.20597,1.20606,1.25,1.47
2014.09.05 11:36:47.797,1.20596,1.20606,1.76,1.47
2014.09.05 11:36:48.313,1.20597,1.20606,1.00,1.47
2014.09.05 11:36:51.900,1.20596,1.20601,1.10,1.00
2014.09.05 11:36:52.103,1.20593,1.20607,1.26,5.14
2014.09.05 11:36:52.407,1.20592,1.20602,1.29,1.17
2014.09.05 11:36:52.459,1.2059,1.20602,1.29,1.15
2014.09.05 11:36:53.477,1.20589,1.20602,1.74,2.21
2014.09.05 11:36:57.126,1.20592,1.20601,1.00,1.17
2014.09.05 11:36:59.234,1.20591,1.206,1.25,1.10
2014.09.05 11:37:02.813,1.20592,1.20601,1.00,1.65
2014.09.05 11:37:03.321,1.20594,1.20602,1.00,1.46
2014.09.05 11:37:03.830,1.20593,1.20602,1.00,1.46
2014.09.05 11:37:05.636,1.20594,1.20602,1.00,1.27
2014.09.05 11:37:10.788,1.20594,1.20602,1.00,1.46
2014.09.05 11:37:11.332,1.20594,1.20602,1.00,2.14
2014.09.05 11:37:13.877,1.20593,1.20602,1.00,2.89
2014.09.05 11:37:14.383,1.20594,1.20602,1.00,2.14
2014.09.05 11:37:14.535,1.20592,1.20601,1.57,1.00
2014.09.05 11:37:15.036,1.20593,1.20602,1.00,2.89
2014.09.05 11:37:15.554,1.20592,1.20602,1.10,2.89
2014.09.05 11:37:16.100,1.20592,1.20602,1.00,2.96
2014.09.05 11:37:19.570,1.20591,1.206,1.25,1.10
2014.09.05 11:37:20.244,1.20592,1.206,1.00,1.10
2014.09.05 11:37:22.252,1.20592,1.20601,1.10,1.31
2014.09.05 11:37:22.788,1.20593,1.20602,1.00,2.14
2014.09.05 11:37:24.246,1.20593,1.20602,1.00,2.14
2014.09.05 11:37:28.696,1.20594,1.20602,1.00,1.39
2014.09.05 11:37:39.475,1.20594,1.20602,1.00,1.39
2014.09.05 11:37:49.391,1.20594,1.20602,1.00,1.39
2014.09.05 11:37:49.493,1.20594,1.20602,1.00,1.39
2014.09.05 11:37:49.999,1.20594,1.20602,1.00,1.39
2014.09.05 11:37:53.549,1.20595,1.20602,1.00,1.39
2014.09.05 11:37:54.260,1.20594,1.20602,1.00,1.39
2014.09.05 11:37:57.355,1.20595,1.20602,1.00,1.47
2014.09.05 11:37:57.868,1.20594,1.20602,1.00,1.47
2014.09.05 11:37:59.173,1.20595,1.20602,1.00,1.39
2014.09.05 11:37:59.681,1.20595,1.20602,1.00,2.21
2014.09.05 11:38:00.207,1.20594,1.20602,1.00,2.21
2014.09.05 11:38:00.918,1.20593,1.20602,1.00,3.71
2014.09.05 11:38:02.384,1.20594,1.20602,1.00,1.71
2014.09.05 11:38:06.188,1.20593,1.20602,1.50,2.21
2014.09.05 11:38:09.712,1.20592,1.20601,1.00,1.46
2014.09.05 11:38:10.276,1.20592,1.20601,1.00,1.74
2014.09.05 11:38:11.396,1.20592,1.20601,1.00,1.74
2014.09.05 11:38:12.512,1.20591,1.20601,1.00,1.46
2014.09.05 11:38:12.816,1.20591,1.20601,1.00,1.46
2014.09.05 11:38:14.907,1.20591,1.20601,1.00,2.21
2014.09.05 11:38:15.414,1.20591,1.206,1.00,1.39
2014.09.05 11:38:20.555,1.2059,1.20599,1.00,1.47
2014.09.05 11:38:21.625,1.20589,1.20599,1.57,1.39
2014.09.05 11:38:21.929,1.2059,1.20599,1.00,1.39
2014.09.05 11:38:22.677,1.20589,1.20599,1.10,2.14
2014.09.05 11:38:23.776,1.2059,1.20598,1.00,1.62
2014.09.05 11:38:37.659,1.20593,1.206,1.00,2.96
2014.09.05 11:38:37.760,1.20591,1.206,1.00,1.46
2014.09.05 11:38:38.165,1.20593,1.20601,1.00,1.56
2014.09.05 11:38:38.676,1.20592,1.20601,1.10,1.56
2014.09.05 11:38:39.257,1.20592,1.20602,1.10,1.66
2014.09.05 11:38:41.306,1.20593,1.20601,1.00,1.62
2014.09.05 11:38:45.596,1.20592,1.20601,1.10,1.56
2014.09.05 11:38:48.891,1.2059,1.20599,2.21,1.00
2014.09.05 11:38:49.295,1.20594,1.20603,1.00,2.21
2014.09.05 11:38:50.538,1.20595,1.20604,1.00,2.96
2014.09.05 11:38:58.752,1.20593,1.20602,1.10,1.37
2014.09.05 11:38:58.955,1.20595,1.20604,1.00,2.21
2014.09.05 11:38:59.501,1.20595,1.20604,1.00,2.21
2014.09.05 11:39:05.007,1.20595,1.20604,1.00,2.21
2014.09.05 11:39:05.674,1.20591,1.20604,2.59,2.21
2014.09.05 11:39:06.180,1.20594,1.20603,1.00,1.47
2014.09.05 11:39:10.755,1.20595,1.20604,1.00,2.96
2014.09.05 11:39:13.158,1.20594,1.20603,1.00,1.39
2014.09.05 11:39:15.201,1.20595,1.20604,1.00,2.21
2014.09.05 11:39:16.378,1.20594,1.20603,1.00,1.39
2014.09.05 11:39:16.480,1.20594,1.20603,1.00,1.39
2014.09.05 11:39:16.997,1.20594,1.20603,1.00,1.39
2014.09.05 11:39:17.515,1.20593,1.20603,1.10,1.66
2014.09.05 11:39:18.024,1.20594,1.20604,1.00,4.09
2014.09.05 11:39:18.531,1.20592,1.20603,1.17,1.66
2014.09.05 11:39:19.050,1.20594,1.20603,1.00,1.66
2014.09.05 11:39:19.675,1.20593,1.20602,1.50,1.39
2014.09.05 11:39:20.913,1.20594,1.20604,1.00,3.71
2014.09.05 11:39:21.454,1.20593,1.20603,1.00,1.74
2014.09.05 11:39:21.960,1.20594,1.20604,1.00,2.21
2014.09.05 11:39:27.999,1.20593,1.20601,1.25,1.37
2014.09.05 11:39:35.043,1.20592,1.20601,1.01,1.37
2014.09.05 11:39:36.088,1.20592,1.20601,1.29,1.37
2014.09.05 11:39:38.080,1.20591,1.206,1.46,1.00
2014.09.05 11:39:39.856,1.20591,1.20601,1.46,1.00
2014.09.05 11:39:41.769,1.20592,1.20602,1.09,1.87
2014.09.05 11:39:42.760,1.20592,1.20601,1.09,1.00
2014.09.05 11:39:43.318,1.20591,1.206,1.46,1.00
2014.09.05 11:40:01.918,1.20592,1.20601,2.21,1.00
2014.09.05 11:40:12.124,1.20591,1.206,2.21,1.00
2014.09.05 11:40:15.245,1.20592,1.20601,1.74,1.00
2014.09.05 11:40:16.026,1.20592,1.20601,1.74,1.00
2014.09.05 11:40:24.186,1.20593,1.20602,1.56,1.57
2014.09.05 11:40:35.088,1.20597,1.20602,1.00,1.10
2014.09.05 11:40:35.594,1.20598,1.20602,1.00,1.10
2014.09.05 11:40:36.702,1.20599,1.20604,1.00,1.17
2014.09.05 11:40:37.210,1.20598,1.20605,1.00,2.21
2014.09.05 11:40:39.403,1.20599,1.20604,1.00,1.07
2014.09.05 11:40:39.907,1.206,1.20604,1.00,1.00
2014.09.05 11:40:40.423,1.20599,1.20604,1.00,1.07
2014.09.05 11:40:41.137,1.20599,1.20604,1.00,1.10
2014.09.05 11:40:43.552,1.20601,1.20609,1.00,1.46
2014.09.05 11:40:43.857,1.20603,1.20609,1.00,1.74
2014.09.05 11:40:44.060,1.206,1.20609,1.00,1.84
2014.09.05 11:40:44.162,1.20603,1.20609,1.00,1.09
2014.09.05 11:40:45.125,1.20602,1.20609,1.00,1.25
2014.09.05 11:40:45.631,1.20602,1.20609,1.00,1.09
2014.09.05 11:40:46.775,1.20603,1.20609,1.00,1.17
2014.09.05 11:40:47.181,1.20605,1.20609,1.00,1.10
2014.09.05 11:40:47.383,1.20603,1.20609,1.00,1.17
2014.09.05 11:40:47.893,1.20604,1.20609,1.00,1.17
2014.09.05 11:40:50.555,1.20606,1.20611,1.00,1.76
2014.09.05 11:40:51.979,1.20601,1.20606,1.00,1.00
2014.09.05 11:40:52.183,1.20603,1.20609,1.00,1.40
2014.09.05 11:40:52.693,1.20606,1.2061,1.00,1.76
2014.09.05 11:40:53.201,1.20605,1.20609,1.00,1.10
2014.09.05 11:40:53.861,1.20601,1.20606,1.00,1.10
2014.09.05 11:40:54.573,1.206,1.20605,1.00,1.10
2014.09.05 11:40:55.185,1.20599,1.20605,1.50,1.10
2014.09.05 11:40:55.490,1.206,1.20605,1.00,1.07
2014.09.05 11:40:55.794,1.20601,1.20607,1.00,3.94
2014.09.05 11:40:55.997,1.206,1.20605,1.00,1.07
2014.09.05 11:40:57.075,1.20598,1.20605,1.00,1.15
2014.09.05 11:40:57.619,1.20599,1.20605,1.00,1.15
2014.09.05 11:40:58.153,1.206,1.20605,1.00,1.07
2014.09.05 11:41:03.175,1.20599,1.20605,1.50,1.15
2014.09.05 11:41:06.683,1.206,1.20605,1.00,1.07
2014.09.05 11:41:06.835,1.20598,1.20605,1.00,1.15
2014.09.05 11:41:07.363,1.20599,1.20605,1.00,1.15
2014.09.05 11:41:09.000,1.20598,1.20605,1.00,1.15
2014.09.05 11:41:09.102,1.20601,1.20607,1.00,4.24
2014.09.05 11:41:09.204,1.206,1.20605,1.50,1.17
2014.09.05 11:41:09.306,1.20601,1.20607,1.00,1.17
2014.09.05 11:41:09.839,1.20601,1.20609,1.00,1.46
2014.09.05 11:41:10.699,1.20602,1.20609,1.00,1.27
2014.09.05 11:41:11.210,1.20601,1.20609,1.00,1.27
2014.09.05 11:41:11.718,1.206,1.20609,1.00,1.27
2014.09.05 11:41:13.023,1.20602,1.20609,1.00,1.46
2014.09.05 11:41:14.638,1.20603,1.20609,1.00,1.15
2014.09.05 11:41:14.688,1.20605,1.20609,1.00,1.10
2014.09.05 11:41:14.966,1.20604,1.20612,1.00,1.46
2014.09.05 11:41:15.269,1.20606,1.20612,1.00,1.17
2014.09.05 11:41:15.806,1.20607,1.20612,1.00,1.17
2014.09.05 11:41:15.958,1.20604,1.20612,1.50,1.17
2014.09.05 11:41:16.061,1.20607,1.20612,1.00,1.17
2014.09.05 11:41:16.367,1.206,1.20606,1.00,1.00
2014.09.05 11:41:16.469,1.20602,1.20607,1.00,2.02
2014.09.05 11:41:16.875,1.206,1.20605,1.00,1.00
2014.09.05 11:41:16.977,1.20596,1.20605,2.14,1.00
2014.09.05 11:41:17.523,1.20598,1.20605,1.00,1.00
2014.09.05 11:41:18.044,1.20599,1.20605,1.00,1.00
2014.09.05 11:41:19.273,1.206,1.20605,1.00,1.00
2014.09.05 11:41:19.374,1.20598,1.20605,1.00,1.17
2014.09.05 11:41:19.897,1.20599,1.20605,1.00,1.00
2014.09.05 11:41:20.423,1.20598,1.20605,1.00,1.17
2014.09.05 11:41:22.475,1.206,1.20605,1.00,1.17
2014.09.05 11:41:23.106,1.20599,1.20605,1.00,1.17
2014.09.05 11:41:23.612,1.206,1.20605,1.00,1.17
2014.09.05 11:41:25.108,1.20599,1.20605,1.00,1.17
2014.09.05 11:41:25.431,1.20601,1.20605,1.00,1.00
2014.09.05 11:41:25.887,1.20599,1.20605,1.50,1.00
2014.09.05 11:41:27.203,1.206,1.20605,1.00,1.00
2014.09.05 11:41:28.780,1.20599,1.20605,1.50,1.00
2014.09.05 11:41:29.308,1.20598,1.20605,1.12,1.00
2014.09.05 11:41:29.898,1.20597,1.20605,1.50,1.00
2014.09.05 11:41:32.923,1.20597,1.20605,1.00,1.17
2014.09.05 11:41:34.842,1.20598,1.20605,1.00,1.17
2014.09.05 11:41:38.460,1.20599,1.20605,1.00,1.17
2014.09.05 11:41:39.018,1.20598,1.20605,1.50,1.17
2014.09.05 11:41:42.320,1.20599,1.20605,1.00,1.17
2014.09.05 11:41:42.842,1.20598,1.20605,1.00,1.17
2014.09.05 11:41:43.924,1.20599,1.20605,1.00,1.17
2014.09.05 11:41:46.962,1.20599,1.20605,1.00,1.00
2014.09.05 11:41:47.468,1.20598,1.20605,1.00,1.00
2014.09.05 11:41:47.975,1.20597,1.20605,1.00,1.00
2014.09.05 11:41:50.486,1.20597,1.20605,1.50,1.17
2014.09.05 11:41:50.994,1.20597,1.20605,1.25,1.00
2014.09.05 11:41:51.565,1.20599,1.20605,1.00,1.00
2014.09.05 11:41:52.088,1.20598,1.20605,1.12,1.00
2014.09.05 11:41:53.201,1.20597,1.20605,1.12,1.00
2014.09.05 11:41:54.308,1.20596,1.20603,1.39,1.00
2014.09.05 11:41:54.814,1.20595,1.20602,2.96,1.00
2014.09.05 11:41:55.518,1.20595,1.20602,1.74,1.00
2014.09.05 11:41:55.722,1.20595,1.20603,1.74,1.00
2014.09.05 11:41:56.229,1.20595,1.20604,2.21,1.00
2014.09.05 11:41:56.736,1.20596,1.20603,1.39,1.00
2014.09.05 11:41:58.478,1.20596,1.20604,1.39,1.00
2014.09.05 11:41:58.612,1.20596,1.20602,1.39,1.00
2014.09.05 11:41:59.621,1.20595,1.20604,1.55,1.00
2014.09.05 11:42:00.904,1.20596,1.20605,1.47,2.25
2014.09.05 11:42:02.499,1.20595,1.20604,2.02,1.00
2014.09.05 11:42:03.007,1.20596,1.20605,1.47,1.50
2014.09.05 11:42:04.848,1.20595,1.20604,1.55,1.00
2014.09.05 11:42:05.363,1.20596,1.20605,1.47,1.50
2014.09.05 11:42:05.953,1.20594,1.20604,3.71,1.00
2014.09.05 11:42:06.460,1.20594,1.20605,2.96,1.50
2014.09.05 11:42:06.970,1.20594,1.20604,2.21,1.00
2014.09.05 11:42:09.351,1.20594,1.20605,2.96,1.50
2014.09.05 11:42:10.274,1.20594,1.20604,2.21,1.00
2014.09.05 11:42:11.251,1.20594,1.20605,2.96,1.50
2014.09.05 11:42:14.181,1.20595,1.20605,1.55,1.00
2014.09.05 11:42:14.687,1.20596,1.20604,2.21,1.00
2014.09.05 11:42:15.341,1.20598,1.20604,1.29,1.00
2014.09.05 11:42:15.854,1.20598,1.20606,1.39,1.00
2014.09.05 11:42:16.420,1.20598,1.20606,1.39,1.00
2014.09.05 11:42:17.960,1.20598,1.20605,1.39,1.00
2014.09.05 11:42:19.078,1.20598,1.20606,1.39,1.00
2014.09.05 11:42:19.129,1.20597,1.20606,1.74,1.50
2014.09.05 11:42:19.569,1.20598,1.20605,1.39,1.00
2014.09.05 11:42:20.082,1.20598,1.20606,1.39,1.00
2014.09.05 11:42:21.093,1.20598,1.20605,1.39,1.00
2014.09.05 11:42:22.326,1.20599,1.20606,1.56,1.00
2014.09.05 11:42:29.791,1.20598,1.20604,1.47,1.00
2014.09.05 11:42:29.994,1.20599,1.20606,1.71,1.00
2014.09.05 11:42:30.095,1.20598,1.20605,1.36,1.00
2014.09.05 11:42:30.197,1.20599,1.20606,1.36,1.00
2014.09.05 11:42:30.604,1.20599,1.20608,1.84,1.00
2014.09.05 11:42:31.111,1.20601,1.20607,1.29,1.00
2014.09.05 11:42:31.618,1.20601,1.20608,1.39,1.00
2014.09.05 11:42:31.821,1.20601,1.20606,1.39,1.00
2014.09.05 11:42:32.340,1.20599,1.20607,1.77,1.00
2014.09.05 11:42:32.644,1.20599,1.20607,3.64,1.50
2014.09.05 11:42:34.506,1.20599,1.20608,5.89,1.50
2014.09.05 11:42:34.608,1.20599,1.20608,3.71,1.00
2014.09.05 11:42:34.923,1.206,1.20607,1.46,1.00
2014.09.05 11:42:35.809,1.20599,1.20608,2.02,1.50
2014.09.05 11:42:36.289,1.206,1.20608,1.84,1.00
2014.09.05 11:42:36.798,1.20601,1.20608,1.66,1.00
2014.09.05 11:42:37.548,1.20601,1.20608,1.66,1.00
2014.09.05 11:42:38.116,1.20601,1.20609,1.66,1.00
2014.09.05 11:42:38.622,1.20599,1.20607,1.46,1.00
2014.09.05 11:42:39.336,1.206,1.20607,1.36,1.00
2014.09.05 11:42:46.046,1.206,1.20608,1.74,1.00
2014.09.05 11:42:49.609,1.206,1.20607,1.36,1.00
2014.09.05 11:42:58.150,1.20599,1.20606,2.21,1.00
2014.09.05 11:42:58.662,1.20599,1.20607,1.71,1.00
2014.09.05 11:43:00.744,1.20599,1.20607,1.71,1.00
2014.09.05 11:43:01.267,1.20599,1.20606,1.34,1.00
2014.09.05 11:43:04.143,1.206,1.20607,1.74,1.00
2014.09.05 11:43:05.573,1.206,1.20607,1.74,1.00
2014.09.05 11:43:05.878,1.20598,1.20605,3.71,1.00
2014.09.05 11:43:06.387,1.20598,1.20606,2.96,1.00
2014.09.05 11:43:09.690,1.206,1.20605,1.36,1.00
2014.09.05 11:43:10.197,1.20598,1.20605,1.71,1.00
2014.09.05 11:43:14.826,1.20597,1.20604,3.64,1.00
2014.09.05 11:43:16.400,1.20597,1.20605,2.89,1.50
2014.09.05 11:43:16.906,1.20596,1.20605,1.84,1.00
2014.09.05 11:43:17.413,1.20596,1.20604,2.21,1.00
2014.09.05 11:43:17.951,1.20596,1.20605,2.96,1.00
2014.09.05 11:43:19.943,1.20599,1.20608,1.39,1.00
2014.09.05 11:43:20.146,1.20601,1.2061,3.26,1.00
2014.09.05 11:43:20.554,1.20602,1.2061,2.21,1.00
2014.09.05 11:43:21.061,1.20602,1.2061,1.71,1.00
2014.09.05 11:43:22.234,1.20602,1.20609,1.71,1.00
2014.09.05 11:43:22.744,1.20602,1.2061,2.96,1.00
2014.09.05 11:43:22.846,1.20603,1.20612,2.21,1.00
2014.09.05 11:43:23.251,1.20604,1.2061,1.74,1.00
2014.09.05 11:43:23.758,1.20603,1.20611,1.52,1.00
2014.09.05 11:43:25.671,1.20604,1.20613,1.46,1.00
2014.09.05 11:43:25.772,1.20605,1.20614,1.09,1.00
2014.09.05 11:43:25.874,1.20605,1.20614,1.09,1.50
2014.09.05 11:43:26.381,1.20605,1.20613,1.46,1.00
2014.09.05 11:43:26.887,1.20605,1.20614,1.84,1.50
2014.09.05 11:43:27.474,1.20605,1.20612,1.46,1.00
2014.09.05 11:43:27.576,1.20605,1.20614,1.84,1.00
2014.09.05 11:43:28.259,1.20604,1.20613,2.96,1.00
2014.09.05 11:43:28.411,1.20605,1.20612,1.52,1.00
2014.09.05 11:43:28.614,1.20604,1.20613,1.84,1.00
2014.09.05 11:43:28.665,1.20604,1.20614,1.84,1.00
2014.09.05 11:43:28.766,1.20604,1.20613,1.84,1.00
2014.09.05 11:43:29.459,1.20604,1.20613,1.84,1.00
2014.09.05 11:43:30.707,1.20604,1.20613,1.71,1.00
2014.09.05 11:43:31.213,1.20604,1.20612,1.71,1.00
2014.09.05 11:43:32.124,1.20603,1.20612,3.64,1.00
2014.09.05 11:43:32.794,1.20603,1.20611,4.39,1.00
2014.09.05 11:43:33.762,1.20603,1.2061,3.94,1.00
2014.09.05 11:43:35.089,1.20603,1.20614,1.90,1.50
2014.09.05 11:43:35.495,1.20603,1.20611,2.96,1.00
2014.09.05 11:43:35.697,1.20604,1.20613,2.59,1.00
2014.09.05 11:43:36.497,1.20604,1.20612,2.21,1.00
2014.09.05 11:43:36.998,1.20605,1.20612,1.66,1.00
2014.09.05 11:43:37.679,1.20605,1.20611,1.10,1.00
2014.09.05 11:43:38.314,1.20605,1.20615,1.76,1.10
2014.09.05 11:43:38.416,1.20605,1.20613,1.52,1.00
2014.09.05 11:43:38.618,1.20605,1.20615,1.82,1.00
2014.09.05 11:43:38.721,1.20605,1.20615,3.99,1.00
2014.09.05 11:43:39.227,1.20605,1.20614,3.99,1.00
2014.09.05 11:43:39.733,1.20606,1.20615,1.82,1.00
2014.09.05 11:43:39.834,1.20608,1.20617,1.17,1.00
2014.09.05 11:43:40.391,1.20608,1.20615,1.15,1.00
2014.09.05 11:43:40.897,1.20608,1.20615,1.52,1.00
2014.09.05 11:43:41.429,1.20608,1.20617,1.55,1.00
2014.09.05 11:43:41.952,1.20607,1.20616,2.02,1.00
2014.09.05 11:43:42.726,1.20607,1.20615,1.52,1.00
2014.09.05 11:43:42.827,1.20607,1.20613,1.15,1.00
2014.09.05 11:43:43.333,1.20605,1.20614,3.62,1.00
2014.09.05 11:43:44.414,1.20605,1.20613,3.62,1.00
2014.09.05 11:43:45.239,1.20605,1.20614,2.94,1.00
2014.09.05 11:43:46.514,1.20605,1.20613,1.71,1.00
2014.09.05 11:43:47.021,1.20605,1.20614,2.94,1.00
2014.09.05 11:43:48.717,1.20606,1.20615,1.46,1.50
2014.09.05 11:43:49.638,1.20605,1.20614,1.71,1.00
2014.09.05 11:43:50.246,1.20606,1.20615,1.46,1.00
2014.09.05 11:43:50.753,1.20605,1.20614,2.19,1.00
2014.09.05 11:43:52.635,1.20605,1.20614,1.71,1.00
2014.09.05 11:43:53.152,1.20606,1.20615,2.19,1.00
2014.09.05 11:43:53.659,1.20606,1.20614,1.77,1.00
2014.09.05 11:43:54.164,1.20606,1.20615,2.19,1.00
2014.09.05 11:43:55.346,1.20607,1.20616,1.39,1.50
2014.09.05 11:43:56.862,1.20606,1.20614,1.74,1.00
2014.09.05 11:43:57.845,1.20607,1.20615,1.39,1.50
2014.09.05 11:43:58.401,1.20607,1.20614,1.39,1.00
2014.09.05 11:43:58.948,1.20607,1.20613,1.39,1.00
2014.09.05 11:43:59.456,1.20607,1.20614,1.62,1.10
2014.09.05 11:44:00.682,1.20607,1.20613,1.62,1.00
2014.09.05 11:44:04.668,1.20607,1.20614,1.37,1.57
2014.09.05 11:44:05.002,1.20607,1.20612,1.12,1.00
2014.09.05 11:44:10.686,1.20604,1.20613,2.89,1.50
2014.09.05 11:44:11.192,1.20604,1.20612,2.14,1.00
2014.09.05 11:44:14.423,1.20604,1.20611,1.39,1.00
2014.09.05 11:44:17.027,1.20603,1.2061,1.36,1.00
2014.09.05 11:44:18.210,1.20603,1.20611,2.21,1.50
2014.09.05 11:44:20.221,1.20604,1.20612,1.74,1.00
2014.09.05 11:44:21.963,1.20604,1.20613,2.21,1.00
2014.09.05 11:44:23.960,1.20605,1.20614,1.47,1.00
2014.09.05 11:44:24.264,1.20603,1.20612,5.51,1.00
2014.09.05 11:44:24.771,1.20604,1.20613,2.21,1.00
2014.09.05 11:44:28.523,1.20604,1.20613,1.71,1.00
2014.09.05 11:44:30.414,1.20604,1.20613,1.71,1.00
2014.09.05 11:44:31.747,1.20604,1.20613,2.21,1.00
2014.09.05 11:44:32.154,1.20604,1.20614,1.84,1.00
2014.09.05 11:44:32.661,1.20604,1.20613,2.59,1.00
2014.09.05 11:44:33.184,1.20605,1.20614,2.21,1.50
2014.09.05 11:44:33.691,1.20605,1.20614,1.71,1.50
2014.09.05 11:44:34.678,1.20604,1.20613,2.59,1.00
2014.09.05 11:44:35.206,1.20605,1.20614,2.21,1.00
2014.09.05 11:44:35.713,1.20605,1.20613,1.71,1.00
2014.09.05 11:44:39.870,1.20604,1.20613,1.84,1.00
2014.09.05 11:44:43.721,1.20604,1.20613,2.21,1.00
2014.09.05 11:44:44.853,1.20604,1.20613,2.21,1.00
2014.09.05 11:44:48.614,1.20603,1.20612,5.89,1.00
2014.09.05 11:44:53.312,1.20604,1.20613,1.71,1.50
2014.09.05 11:45:02.020,1.20607,1.20614,1.47,1.00
2014.09.05 11:45:02.529,1.20604,1.20613,2.21,1.00
2014.09.05 11:45:04.436,1.20605,1.20614,1.77,1.00
2014.09.05 11:45:06.545,1.20606,1.20615,1.55,1.00
2014.09.05 11:45:09.745,1.20605,1.20614,1.71,1.00
2014.09.05 11:45:17.273,1.20606,1.20614,1.46,1.00
2014.09.05 11:45:17.780,1.20607,1.20614,1.47,1.00
2014.09.05 11:45:20.727,1.20609,1.20614,1.00,1.00
2014.09.05 11:45:21.235,1.20607,1.20614,1.47,1.00
2014.09.05 11:45:21.898,1.20607,1.20614,1.12,1.00
2014.09.05 11:45:22.611,1.20604,1.20613,1.39,1.00
2014.09.05 11:45:27.013,1.20605,1.20614,1.37,1.57
2014.09.05 11:45:28.642,1.20605,1.20614,1.62,1.65
2014.09.05 11:45:29.404,1.20604,1.20613,1.62,1.17
2014.09.05 11:45:33.701,1.20604,1.20613,1.39,1.00
2014.09.05 11:45:41.158,1.20605,1.20614,1.37,1.57
2014.09.05 11:45:41.666,1.20604,1.20613,1.66,1.00
2014.09.05 11:45:42.680,1.20604,1.20613,1.39,1.00
2014.09.05 11:45:44.456,1.20604,1.20613,1.39,1.00
2014.09.05 11:45:47.170,1.20605,1.20614,1.37,2.32
2014.09.05 11:45:52.514,1.20606,1.20614,1.37,1.10
2014.09.05 11:45:53.026,1.20606,1.20614,1.47,1.00
2014.09.05 11:45:57.533,1.20607,1.20614,1.37,1.00
2014.09.05 11:45:59.436,1.20606,1.20614,1.37,1.10
2014.09.05 11:46:08.619,1.20608,1.20614,1.00,1.00
2014.09.05 11:46:09.150,1.20607,1.20614,1.20,1.00
2014.09.05 11:46:11.814,1.20606,1.20614,1.55,1.00
2014.09.05 11:46:12.876,1.20607,1.20614,1.20,1.00
2014.09.05 11:46:13.787,1.20608,1.20614,1.00,1.00
2014.09.05 11:46:14.799,1.20607,1.20616,1.37,1.09
2014.09.05 11:46:15.970,1.20609,1.20617,1.00,1.76
2014.09.05 11:46:16.489,1.20607,1.20616,1.47,1.00
2014.09.05 11:46:20.201,1.20607,1.20616,1.37,1.09
2014.09.05 11:46:24.400,1.20607,1.20617,1.12,3.71
2014.09.05 11:46:24.921,1.20606,1.20615,1.00,1.76
2014.09.05 11:46:25.433,1.20605,1.20614,1.10,1.25
2014.09.05 11:46:28.084,1.20606,1.20615,1.00,1.01
2014.09.05 11:46:28.686,1.20605,1.20614,1.76,1.00
2014.09.05 11:46:29.000,1.20605,1.20614,1.39,1.00
2014.09.05 11:46:29.550,1.20605,1.20614,1.47,1.00
2014.09.05 11:46:30.351,1.20609,1.20614,1.00,1.00
2014.09.05 11:46:30.858,1.20607,1.20616,1.37,1.36
2014.09.05 11:46:36.513,1.20607,1.20616,1.47,1.25
2014.09.05 11:46:38.247,1.20606,1.20615,2.02,1.00
2014.09.05 11:46:41.246,1.20608,1.20617,1.00,3.26
2014.09.05 11:46:41.808,1.20608,1.20617,1.12,1.76
2014.09.05 11:46:45.435,1.20607,1.20616,1.47,1.00
2014.09.05 11:46:58.456,1.20608,1.20617,1.37,2.32
2014.09.05 11:46:58.971,1.20608,1.20617,1.20,2.25
2014.09.05 11:46:59.298,1.20609,1.20617,1.37,1.50
2014.09.05 11:46:59.836,1.20609,1.20617,1.00,1.50
2014.09.05 11:47:00.402,1.20608,1.20617,1.57,1.50
2014.09.05 11:47:00.925,1.20609,1.20617,1.12,1.50
2014.09.05 11:47:03.687,1.2061,1.20617,1.00,1.69
2014.09.05 11:47:03.789,1.20608,1.20617,1.95,1.69
2014.09.05 11:47:04.296,1.20607,1.20616,1.55,1.00
2014.09.05 11:47:13.915,1.20607,1.20616,1.37,1.29
2014.09.05 11:47:14.429,1.20608,1.20617,1.00,2.59
2014.09.05 11:47:15.064,1.20607,1.20616,1.12,1.10
2014.09.05 11:47:19.762,1.20608,1.20617,1.00,1.84
2014.09.05 11:47:20.660,1.20607,1.20616,1.12,1.10
2014.09.05 11:47:21.163,1.20608,1.20617,1.00,2.59
2014.09.05 11:47:21.772,1.20609,1.20617,1.00,1.09
2014.09.05 11:47:27.390,1.20608,1.20617,1.12,1.65
2014.09.05 11:47:27.906,1.20609,1.20617,1.00,1.17
2014.09.05 11:47:29.594,1.20608,1.20617,1.12,1.65
2014.09.05 11:47:30.367,1.20606,1.20615,2.14,1.00
2014.09.05 11:47:32.607,1.20607,1.20616,1.37,1.01
2014.09.05 11:47:37.402,1.20606,1.20615,1.39,1.00
2014.09.05 11:47:40.051,1.20606,1.20615,1.39,1.00
2014.09.05 11:47:40.580,1.20607,1.20616,1.37,1.10
2014.09.05 11:47:42.056,1.20607,1.20616,1.62,1.10
2014.09.05 11:47:42.309,1.2061,1.20617,1.00,1.17
2014.09.05 11:47:42.816,1.20608,1.20617,1.37,1.65
2014.09.05 11:47:46.511,1.20607,1.20616,1.37,1.10
2014.09.05 11:47:47.018,1.20608,1.20617,1.37,1.65
2014.09.05 11:47:48.424,1.2061,1.20617,1.00,1.17
2014.09.05 11:47:48.930,1.20608,1.20617,1.62,1.65
2014.09.05 11:47:54.682,1.20608,1.20617,1.39,1.00
2014.09.05 11:47:56.739,1.2061,1.20617,1.00,1.00
2014.09.05 11:47:57.268,1.20609,1.20617,1.12,1.00
2014.09.05 11:47:57.776,1.2061,1.20617,1.00,1.00
2014.09.05 11:47:59.952,1.20607,1.20616,1.74,1.00
2014.09.05 11:48:00.458,1.20608,1.20617,1.47,1.50
2014.09.05 11:48:01.069,1.20609,1.20617,1.37,1.00
2014.09.05 11:48:03.108,1.20613,1.2062,1.00,1.76
2014.09.05 11:48:03.311,1.20621,1.2063,1.25,2.32
2014.09.05 11:48:03.413,1.20622,1.20632,1.25,1.17
2014.09.05 11:48:03.464,1.20621,1.20632,1.29,1.17
2014.09.05 11:48:03.566,1.20621,1.20632,1.76,1.17
2014.09.05 11:48:03.768,1.20622,1.20635,1.69,3.26
2014.09.05 11:48:04.122,1.20622,1.20635,1.36,1.40
2014.09.05 11:48:06.677,1.20625,1.20634,1.00,1.17
2014.09.05 11:48:10.547,1.20623,1.20634,1.20,1.17
2014.09.05 11:48:10.802,1.20623,1.20634,1.50,1.34
2014.09.05 11:48:11.107,1.20628,1.20632,1.00,1.00
2014.09.05 11:48:11.158,1.20626,1.20632,1.00,1.00
2014.09.05 11:48:11.310,1.20623,1.20634,1.10,1.17
2014.09.05 11:48:11.513,1.20625,1.20632,1.00,1.00
2014.09.05 11:48:11.665,1.20623,1.20632,1.00,1.17
2014.09.05 11:48:12.189,1.20624,1.20632,1.00,1.17
2014.09.05 11:48:12.646,1.20621,1.20632,1.39,1.17
2014.09.05 11:48:12.748,1.20624,1.20632,1.00,1.17
2014.09.05 11:48:13.051,1.20626,1.20632,1.00,1.09
2014.09.05 11:48:13.255,1.20623,1.20632,1.00,1.17
2014.09.05 11:48:13.356,1.20624,1.20632,1.00,1.17
2014.09.05 11:48:13.459,1.2062,1.20632,2.96,1.17
2014.09.05 11:48:14.016,1.2062,1.20634,2.21,1.34
2014.09.05 11:48:14.118,1.2062,1.20632,1.55,1.17
2014.09.05 11:48:14.220,1.2062,1.20632,2.21,1.00
2014.09.05 11:48:14.524,1.20627,1.20632,1.00,1.00
2014.09.05 11:48:14.676,1.20624,1.20632,1.00,1.17
2014.09.05 11:48:15.206,1.20625,1.20632,1.00,1.17
2014.09.05 11:48:15.713,1.20624,1.20632,1.00,1.17
2014.09.05 11:48:17.392,1.20622,1.20632,1.00,1.09
2014.09.05 11:48:17.595,1.20624,1.20632,1.00,1.09
2014.09.05 11:48:18.853,1.20625,1.20632,1.00,1.17
2014.09.05 11:48:19.699,1.20624,1.20632,1.50,1.17
2014.09.05 11:48:20.276,1.20625,1.20632,1.00,1.17
2014.09.05 11:48:21.999,1.20626,1.20632,1.00,1.17
2014.09.05 11:48:22.202,1.2062,1.2063,1.46,1.00
2014.09.05 11:48:22.305,1.20618,1.20627,2.96,1.00
2014.09.05 11:48:23.282,1.20618,1.20626,1.74,1.00
2014.09.05 11:48:24.255,1.20618,1.20626,1.74,1.00
2014.09.05 11:48:24.796,1.20618,1.20625,1.46,1.00
2014.09.05 11:48:30.711,1.20618,1.20624,1.55,1.00
2014.09.05 11:48:34.526,1.20618,1.20625,1.55,1.00
2014.09.05 11:48:34.578,1.20618,1.20627,1.55,1.00
2014.09.05 11:48:34.629,1.20618,1.20625,1.74,1.00
2014.09.05 11:48:35.178,1.20618,1.20625,1.84,1.00
2014.09.05 11:48:35.437,1.20618,1.20627,1.84,1.00
2014.09.05 11:48:38.548,1.20618,1.20626,1.09,1.00
2014.09.05 11:48:43.831,1.20618,1.20627,1.17,1.50
2014.09.05 11:48:44.409,1.20618,1.20626,1.17,1.00
2014.09.05 11:48:47.383,1.20618,1.20624,1.17,1.00
2014.09.05 11:48:47.586,1.20616,1.20626,1.71,1.00
2014.09.05 11:48:47.687,1.20616,1.20624,1.71,1.00
2014.09.05 11:48:48.193,1.20616,1.20625,2.21,1.00
2014.09.05 11:48:48.999,1.20615,1.20626,7.01,1.00
2014.09.05 11:48:49.508,1.20615,1.20627,7.76,1.50
2014.09.05 11:48:50.024,1.20615,1.20626,4.84,1.00
2014.09.05 11:48:50.798,1.20616,1.20627,1.46,1.10
2014.09.05 11:48:55.123,1.20621,1.20629,1.00,1.40
2014.09.05 11:48:55.660,1.20618,1.20629,1.62,1.40
2014.09.05 11:49:00.378,1.20619,1.20624,1.37,1.00
2014.09.05 11:49:00.904,1.20616,1.20625,1.74,1.00
2014.09.05 11:49:01.937,1.20617,1.20626,1.66,1.00
2014.09.05 11:49:02.534,1.20618,1.20627,1.62,1.57
2014.09.05 11:49:02.855,1.20618,1.20627,1.37,1.65
2014.09.05 11:49:05.536,1.20616,1.20627,1.46,1.01
2014.09.05 11:49:07.535,1.2062,1.20627,1.50,1.10
2014.09.05 11:49:13.583,1.20617,1.20626,1.47,1.00
2014.09.05 11:49:14.098,1.20616,1.20626,1.74,1.00
2014.09.05 11:49:14.251,1.20623,1.20627,1.00,1.10
2014.09.05 11:49:14.403,1.2062,1.20627,1.37,1.10
2014.09.05 11:49:14.929,1.20618,1.20627,1.37,1.57
2014.09.05 11:49:20.278,1.20621,1.20627,1.00,1.10
2014.09.05 11:49:20.815,1.2062,1.20627,1.12,1.10
2014.09.05 11:49:22.496,1.20617,1.20626,1.39,1.00
2014.09.05 11:49:23.215,1.20618,1.20627,1.87,1.57
2014.09.05 11:49:24.351,1.2062,1.20628,1.10,1.00
2014.09.05 11:49:24.706,1.20622,1.20631,1.12,1.65
2014.09.05 11:49:25.011,1.20624,1.20632,1.10,1.00
2014.09.05 11:49:25.315,1.20626,1.20632,1.00,1.00
2014.09.05 11:49:25.821,1.20625,1.20632,1.00,1.00
2014.09.05 11:49:26.125,1.20627,1.20632,1.00,1.00
2014.09.05 11:49:26.638,1.20629,1.20637,1.00,1.09
2014.09.05 11:49:26.689,1.20629,1.20638,1.00,2.21
2014.09.05 11:49:27.809,1.2063,1.20637,1.00,1.25
2014.09.05 11:49:32.123,1.20631,1.20637,1.00,1.00
2014.09.05 11:49:32.225,1.20633,1.20637,1.00,1.00
2014.09.05 11:49:32.428,1.20631,1.20637,1.00,1.00
2014.09.05 11:49:32.682,1.20632,1.20639,1.00,1.25
2014.09.05 11:49:32.733,1.20631,1.20637,1.00,1.00
2014.09.05 11:49:33.239,1.20632,1.20637,1.00,1.00
2014.09.05 11:49:37.242,1.20633,1.20641,1.00,1.87
2014.09.05 11:49:37.443,1.20631,1.20637,1.00,1.00
2014.09.05 11:49:37.951,1.2063,1.20637,1.00,1.00
2014.09.05 11:49:38.711,1.2063,1.20637,1.00,1.17
2014.09.05 11:49:41.682,1.20629,1.20637,1.12,1.25
2014.09.05 11:49:42.190,1.2063,1.20637,1.00,1.25
2014.09.05 11:49:43.748,1.20628,1.20637,1.95,1.25
2014.09.05 11:49:44.052,1.20629,1.20637,1.00,1.69
2014.09.05 11:49:44.660,1.2063,1.20637,1.00,1.84
2014.09.05 11:49:45.183,1.2063,1.20637,1.00,1.36
2014.09.05 11:49:46.506,1.20631,1.20637,1.00,1.36
2014.09.05 11:49:46.759,1.20626,1.20637,1.46,1.07
2014.09.05 11:49:46.962,1.20632,1.20637,1.00,1.00
2014.09.05 11:49:47.367,1.20631,1.20637,1.00,1.84
2014.09.05 11:49:47.469,1.20629,1.20637,1.50,1.09
2014.09.05 11:49:47.976,1.2063,1.20637,1.00,1.36
2014.09.05 11:49:48.993,1.20631,1.20637,1.00,1.36
2014.09.05 11:49:49.502,1.2063,1.20637,1.00,1.25
2014.09.05 11:49:49.807,1.20632,1.20637,1.00,1.09
2014.09.05 11:49:50.315,1.20631,1.20637,1.00,1.09
2014.09.05 11:49:50.922,1.20632,1.20637,1.00,1.09
2014.09.05 11:49:52.152,1.20632,1.20637,1.00,1.25
2014.09.05 11:49:52.675,1.20631,1.20637,1.50,1.25
2014.09.05 11:49:53.245,1.20632,1.20637,1.00,1.25
2014.09.05 11:49:53.761,1.20632,1.20637,1.00,1.19
2014.09.05 11:49:54.284,1.20631,1.20637,1.00,1.00
2014.09.05 11:49:54.799,1.20632,1.20637,1.00,1.00
2014.09.05 11:49:55.007,1.2063,1.20637,1.50,1.00
2014.09.05 11:49:55.160,1.20632,1.20637,1.00,1.00
2014.09.05 11:49:57.644,1.20631,1.20637,1.50,1.00
2014.09.05 11:50:01.131,1.2063,1.20637,1.00,1.25
2014.09.05 11:50:01.436,1.20629,1.20634,1.00,1.00
2014.09.05 11:50:01.588,1.20629,1.20637,1.00,1.09
2014.09.05 11:50:02.098,1.2063,1.20637,1.00,1.40
2014.09.05 11:50:02.251,1.20632,1.20637,1.00,1.07
2014.09.05 11:50:02.556,1.20633,1.20637,1.00,1.00
2014.09.05 11:50:02.861,1.2063,1.20637,1.50,1.17
2014.09.05 11:50:03.368,1.20632,1.20637,1.00,1.17
2014.09.05 11:50:03.876,1.20631,1.20637,1.00,1.00
2014.09.05 11:50:04.385,1.20632,1.20637,1.00,1.00
2014.09.05 11:50:04.898,1.20631,1.20637,1.00,1.00
2014.09.05 11:50:05.408,1.20632,1.20637,1.00,1.00
2014.09.05 11:50:05.924,1.20631,1.20637,1.12,1.00
2014.09.05 11:50:14.179,1.2063,1.20637,1.12,1.00
2014.09.05 11:50:14.711,1.2063,1.20637,1.12,1.17
2014.09.05 11:50:15.252,1.20629,1.20637,1.12,1.17
2014.09.05 11:50:19.965,1.2063,1.20637,1.00,1.17
2014.09.05 11:50:21.183,1.20629,1.20637,1.12,1.17
2014.09.05 11:50:21.690,1.20631,1.20637,1.00,1.00
2014.09.05 11:50:22.298,1.2063,1.20637,1.00,1.50
2014.09.05 11:50:22.349,1.20628,1.20637,1.10,1.50
2014.09.05 11:50:23.177,1.20627,1.20636,1.46,1.00
2014.09.05 11:50:26.318,1.20626,1.20634,2.21,1.00
2014.09.05 11:50:27.385,1.20627,1.20635,1.46,1.00
2014.09.05 11:50:27.892,1.20625,1.20634,2.21,1.00
2014.09.05 11:50:29.926,1.20626,1.20635,1.39,1.00
2014.09.05 11:50:30.996,1.20625,1.20634,2.96,1.00
2014.09.05 11:50:31.687,1.20625,1.20635,2.96,1.50
2014.09.05 11:50:35.437,1.20627,1.20636,1.62,1.10
2014.09.05 11:50:36.183,1.20627,1.20635,1.62,1.00
2014.09.05 11:50:36.705,1.20625,1.20634,3.71,1.00
2014.09.05 11:50:44.798,1.20625,1.20634,2.21,1.00
2014.09.05 11:50:45.617,1.20625,1.20634,2.21,1.00
2014.09.05 11:50:47.631,1.20625,1.20635,1.74,1.00
2014.09.05 11:50:48.734,1.20625,1.20634,1.66,1.00
2014.09.05 11:50:49.257,1.20624,1.20633,3.34,1.00
2014.09.05 11:50:49.358,1.20624,1.20632,1.74,1.00
2014.09.05 11:50:54.082,1.20627,1.20636,1.12,1.34
2014.09.05 11:50:55.087,1.20629,1.20637,1.00,4.01
2014.09.05 11:50:55.189,1.20629,1.20637,1.00,1.84
2014.09.05 11:50:55.696,1.20628,1.20637,1.12,1.65
2014.09.05 11:51:00.520,1.20629,1.20637,1.00,1.40
2014.09.05 11:51:00.929,1.20632,1.20637,1.00,1.32
2014.09.05 11:51:01.803,1.20631,1.20639,1.00,5.14
2014.09.05 11:51:03.810,1.20632,1.20639,1.00,5.81
2014.09.05 11:51:06.225,1.20631,1.20639,1.00,4.39
2014.09.05 11:51:06.763,1.2063,1.20639,1.00,5.14
2014.09.05 11:51:08.441,1.20631,1.20637,1.00,1.40
2014.09.05 11:51:08.948,1.2063,1.20637,1.00,1.40
2014.09.05 11:51:09.610,1.20629,1.20637,1.00,1.40
2014.09.05 11:51:10.420,1.2063,1.20637,1.00,1.40
2014.09.05 11:51:10.939,1.20631,1.20637,1.00,1.40
2014.09.05 11:51:12.837,1.2063,1.20637,1.00,1.40
2014.09.05 11:51:13.740,1.20631,1.20637,1.00,1.40
2014.09.05 11:51:15.745,1.2063,1.20637,1.00,1.40
2014.09.05 11:51:16.264,1.2063,1.20637,1.00,1.40
2014.09.05 11:51:16.771,1.20631,1.20637,1.00,1.15
2014.09.05 11:51:17.732,1.2063,1.20637,1.50,1.15
2014.09.05 11:51:19.679,1.20631,1.20637,1.00,1.40
2014.09.05 11:51:20.187,1.2063,1.20637,1.00,1.40
2014.09.05 11:51:20.705,1.20631,1.20637,1.00,1.40
2014.09.05 11:51:20.940,1.20631,1.20637,1.00,1.09
2014.09.05 11:51:21.548,1.2063,1.20637,1.50,1.09
2014.09.05 11:51:22.054,1.20631,1.20637,1.00,1.09
2014.09.05 11:51:22.256,1.20629,1.20637,1.00,1.09
2014.09.05 11:51:22.761,1.20628,1.20637,1.12,1.84
2014.09.05 11:51:29.055,1.20627,1.20636,1.37,1.17
2014.09.05 11:51:29.601,1.20627,1.20636,1.37,1.15
2014.09.05 11:51:30.469,1.20629,1.20637,1.00,1.40
2014.09.05 11:51:30.977,1.20628,1.20637,1.12,1.84
2014.09.05 11:51:33.832,1.20627,1.20636,1.12,1.15
2014.09.05 11:51:34.644,1.20627,1.20636,1.87,1.40
2014.09.05 11:51:35.810,1.20629,1.20637,1.00,1.40
2014.09.05 11:51:36.321,1.20627,1.20636,1.37,1.15
2014.09.05 11:51:41.783,1.20627,1.20637,1.12,2.21
2014.09.05 11:51:47.567,1.20628,1.20637,1.00,1.34
2014.09.05 11:51:49.697,1.20629,1.20637,1.00,1.40
2014.09.05 11:51:50.203,1.20628,1.20637,1.12,1.84
2014.09.05 11:51:50.849,1.20629,1.20637,1.00,1.40
2014.09.05 11:51:51.355,1.20628,1.20637,1.12,1.84
2014.09.05 11:51:52.899,1.20627,1.20636,1.12,1.17
2014.09.05 11:51:53.406,1.20626,1.20635,1.12,1.01
2014.09.05 11:51:55.512,1.20627,1.20636,1.00,1.46
2014.09.05 11:52:00.332,1.20629,1.20637,1.00,1.46
2014.09.05 11:52:00.851,1.20628,1.20637,1.12,1.40
2014.09.05 11:52:02.812,1.20629,1.20637,1.00,1.34
2014.09.05 11:52:04.831,1.2063,1.20637,1.00,1.09
2014.09.05 11:52:05.338,1.20631,1.20637,1.00,1.10
2014.09.05 11:52:05.844,1.20629,1.20636,1.00,1.00
2014.09.05 11:52:06.351,1.20629,1.20636,1.00,1.17
2014.09.05 11:52:06.897,1.20629,1.20636,1.00,1.00
2014.09.05 11:52:07.156,1.20631,1.20636,1.00,1.00
2014.09.05 11:52:07.360,1.20629,1.20636,1.87,1.00
2014.09.05 11:52:08.975,1.2063,1.20636,1.00,1.00
2014.09.05 11:52:09.482,1.20629,1.20636,1.00,1.00
2014.09.05 11:52:12.274,1.20628,1.20636,1.12,1.00
2014.09.05 11:52:15.394,1.20627,1.20636,1.20,1.57
2014.09.05 11:52:15.902,1.20626,1.20635,1.37,1.01
2014.09.05 11:52:16.412,1.20625,1.20634,1.47,1.00
2014.09.05 11:52:16.918,1.20624,1.20633,1.46,1.00
2014.09.05 11:52:17.427,1.20626,1.20634,1.37,1.00
2014.09.05 11:52:18.191,1.20624,1.20633,1.62,1.10
2014.09.05 11:52:20.371,1.20625,1.20635,1.47,1.01
2014.09.05 11:52:20.574,1.20625,1.20634,1.37,1.17
2014.09.05 11:52:21.385,1.20625,1.20634,1.47,1.00
2014.09.05 11:52:22.422,1.20627,1.20636,1.12,1.36
2014.09.05 11:52:26.397,1.20629,1.20637,1.00,1.84
2014.09.05 11:52:26.904,1.20628,1.20637,1.00,1.34
2014.09.05 11:52:27.419,1.20629,1.20637,1.00,1.34
2014.09.05 11:52:28.202,1.20628,1.20637,1.50,1.84
2014.09.05 11:52:28.709,1.20629,1.20637,1.00,1.40
2014.09.05 11:52:30.420,1.20628,1.20637,1.12,1.84
2014.09.05 11:52:30.572,1.20629,1.20637,1.00,1.01
2014.09.05 11:52:32.414,1.2063,1.20637,1.00,1.01
2014.09.05 11:52:32.617,1.20628,1.20636,1.00,1.00
2014.09.05 11:52:33.123,1.20626,1.20637,2.21,1.76
2014.09.05 11:52:33.630,1.20627,1.20636,1.20,1.00
2014.09.05 11:52:34.149,1.20627,1.20636,1.12,1.17
2014.09.05 11:52:41.040,1.20628,1.20637,1.00,1.84
2014.09.05 11:52:44.764,1.20627,1.20635,1.87,1.10
2014.09.05 11:52:44.968,1.20627,1.20633,1.12,1.00
2014.09.05 11:52:45.222,1.20623,1.20632,2.96,1.00
2014.09.05 11:52:53.567,1.20624,1.20633,2.21,1.50
2014.09.05 11:52:54.093,1.20623,1.20632,2.21,1.00
2014.09.05 11:52:59.075,1.20624,1.20633,1.39,1.50
2014.09.05 11:52:59.683,1.20623,1.20632,1.74,1.00
2014.09.05 11:52:59.987,1.20626,1.20634,1.00,1.76
2014.09.05 11:53:00.140,1.20624,1.20633,1.10,1.25
2014.09.05 11:53:00.646,1.20625,1.20634,1.00,1.76
2014.09.05 11:53:01.152,1.20625,1.20634,1.00,1.10
2014.09.05 11:53:01.832,1.20623,1.20632,2.21,1.00
2014.09.05 11:53:02.731,1.20626,1.20633,1.00,1.00
2014.09.05 11:53:03.238,1.20625,1.20635,1.37,1.17
2014.09.05 11:53:05.519,1.20625,1.20633,1.56,1.00
2014.09.05 11:53:06.717,1.20625,1.20632,1.56,1.00
2014.09.05 11:53:06.869,1.20625,1.20634,2.06,1.10
2014.09.05 11:53:08.309,1.20623,1.20634,2.96,1.10
2014.09.05 11:53:08.817,1.20625,1.20634,1.87,1.10
2014.09.05 11:53:20.952,1.20625,1.20633,2.06,1.00
2014.09.05 11:53:21.097,1.20625,1.20631,1.25,1.00
2014.09.05 11:53:21.199,1.20625,1.20633,1.62,1.00
2014.09.05 11:53:22.182,1.20626,1.20635,1.37,1.17
2014.09.05 11:53:22.688,1.20625,1.20633,1.37,1.00
2014.09.05 11:53:36.934,1.20625,1.20634,2.06,1.10
2014.09.05 11:53:37.137,1.20623,1.20632,1.09,1.00
2014.09.05 11:53:37.340,1.20625,1.20634,1.87,1.01
2014.09.05 11:53:37.442,1.20625,1.2063,1.00,1.00
2014.09.05 11:53:37.492,1.20622,1.2063,1.29,1.00
2014.09.05 11:53:38.252,1.20621,1.20629,1.84,1.00
2014.09.05 11:53:38.803,1.20621,1.20629,1.36,1.00
2014.09.05 11:53:40.345,1.20622,1.20631,1.10,1.00
2014.09.05 11:53:40.548,1.20621,1.20629,1.36,1.00
2014.09.05 11:53:41.056,1.20621,1.2063,1.84,1.00
2014.09.05 11:53:41.562,1.20622,1.20631,1.10,1.00
2014.09.05 11:53:42.473,1.20623,1.20632,1.00,1.10
2014.09.05 11:53:42.779,1.20626,1.20635,1.12,1.17
2014.09.05 11:53:43.960,1.20625,1.20632,1.31,1.00
2014.09.05 11:53:47.891,1.20625,1.20634,2.21,1.00
2014.09.05 11:53:53.875,1.20626,1.20635,1.39,1.00
2014.09.05 11:53:54.391,1.20625,1.20634,2.21,1.00
2014.09.05 11:53:57.631,1.20625,1.20634,2.21,1.00
2014.09.05 11:53:58.543,1.20626,1.20635,1.46,1.00
2014.09.05 11:54:02.422,1.20627,1.20636,1.09,1.00
2014.09.05 11:54:05.964,1.20628,1.20637,1.10,1.12
2014.09.05 11:54:14.451,1.20626,1.20635,1.46,1.00
2014.09.05 11:54:15.673,1.20627,1.20636,1.17,1.00
2014.09.05 11:54:16.182,1.20628,1.20637,1.10,1.12
2014.09.05 11:54:16.688,1.20626,1.20635,1.46,1.00
2014.09.05 11:54:17.194,1.20627,1.20636,1.17,1.00
2014.09.05 11:54:18.103,1.20627,1.20636,1.01,1.00
2014.09.05 11:54:19.355,1.20627,1.20631,1.01,1.00
2014.09.05 11:54:19.456,1.20623,1.20631,1.46,1.00
2014.09.05 11:54:19.558,1.20626,1.20635,1.25,1.95
2014.09.05 11:54:20.064,1.20627,1.20636,1.00,1.09
2014.09.05 11:54:21.393,1.20628,1.20637,1.00,1.27
2014.09.05 11:54:24.013,1.20627,1.20636,1.25,1.17
2014.09.05 11:54:30.950,1.20625,1.20635,1.95,1.10
2014.09.05 11:54:31.001,1.20624,1.20632,1.46,1.50
2014.09.05 11:54:31.204,1.20625,1.20634,1.57,1.00
2014.09.05 11:54:31.306,1.20627,1.20636,1.00,1.09
2014.09.05 11:54:31.887,1.20626,1.20635,1.12,1.57
2014.09.05 11:54:32.603,1.20627,1.20636,1.00,1.17
2014.09.05 11:54:34.246,1.20626,1.20635,1.31,1.10
2014.09.05 11:54:38.999,1.20626,1.20635,1.00,1.95
2014.09.05 11:54:39.304,1.20622,1.20631,2.21,1.00
2014.09.05 11:54:39.810,1.20623,1.20632,1.29,1.50
2014.09.05 11:54:40.476,1.20623,1.20632,1.01,1.50
2014.09.05 11:54:43.663,1.20622,1.20631,1.36,1.00
2014.09.05 11:54:43.967,1.20624,1.20633,1.00,1.10
2014.09.05 11:54:44.474,1.20623,1.20632,1.01,1.00
2014.09.05 11:54:45.479,1.20624,1.20633,1.00,1.01
2014.09.05 11:54:49.167,1.20623,1.20632,1.01,1.00
2014.09.05 11:54:51.051,1.20623,1.20632,1.25,1.17
2014.09.05 11:54:53.665,1.20625,1.20634,1.00,1.40
2014.09.05 11:54:53.766,1.20626,1.20635,1.00,2.21
2014.09.05 11:54:53.868,1.20624,1.20633,1.10,1.00
2014.09.05 11:54:54.476,1.20626,1.20635,1.00,1.46
2014.09.05 11:54:54.998,1.20627,1.20636,1.00,1.40
2014.09.05 11:54:55.545,1.20625,1.20634,2.06,1.10
2014.09.05 11:55:04.714,1.20628,1.20637,1.00,1.46
2014.09.05 11:55:05.022,1.20625,1.20634,1.69,1.10
2014.09.05 11:55:05.593,1.20626,1.20635,1.39,1.00
2014.09.05 11:55:06.522,1.20627,1.20636,1.00,1.10
2014.09.05 11:55:07.035,1.20625,1.20633,1.74,1.00
2014.09.05 11:55:07.541,1.20625,1.20632,1.36,1.00
2014.09.05 11:55:07.743,1.20625,1.20634,2.21,1.00
2014.09.05 11:55:07.844,1.20625,1.20632,1.36,1.00
2014.09.05 11:55:08.155,1.20625,1.20634,2.21,1.00
2014.09.05 11:55:09.112,1.20625,1.20632,1.74,1.00
2014.09.05 11:55:09.821,1.20625,1.20633,1.74,1.00
2014.09.05 11:55:10.327,1.20625,1.20634,2.21,1.00
2014.09.05 11:55:11.228,1.20625,1.20633,1.74,1.00
2014.09.05 11:55:11.938,1.20625,1.20634,2.21,1.00
2014.09.05 11:55:13.227,1.20625,1.20633,1.74,1.00
2014.09.05 11:55:13.735,1.20625,1.20632,1.36,1.00
2014.09.05 11:55:14.241,1.20625,1.20634,2.21,1.00
2014.09.05 11:55:15.241,1.20625,1.20632,1.74,1.00
2014.09.05 11:55:15.545,1.20625,1.20634,2.21,1.00
2014.09.05 11:55:15.647,1.20625,1.20632,1.46,1.00
2014.09.05 11:55:15.953,1.20625,1.20634,2.21,1.00
2014.09.05 11:55:16.054,1.20625,1.20632,1.36,1.00
2014.09.05 11:55:16.459,1.20625,1.20634,2.21,1.00
2014.09.05 11:55:16.992,1.20626,1.20635,1.39,1.00
2014.09.05 11:55:17.371,1.20625,1.20633,1.46,1.00
2014.09.05 11:55:17.878,1.20625,1.20632,1.36,1.00
2014.09.05 11:55:18.385,1.20625,1.20634,2.21,1.00
2014.09.05 11:55:18.920,1.20626,1.20635,1.39,1.00
2014.09.05 11:55:19.376,1.20625,1.20633,1.36,1.00
2014.09.05 11:55:19.934,1.20625,1.20633,1.84,1.00
2014.09.05 11:55:19.985,1.20626,1.20635,1.29,1.12
2014.09.05 11:55:20.087,1.20625,1.20632,2.21,1.00
2014.09.05 11:55:20.289,1.20625,1.20634,2.59,1.00
2014.09.05 11:55:21.370,1.20625,1.20633,1.84,1.00
2014.09.05 11:55:21.903,1.20625,1.20632,1.09,1.00
2014.09.05 11:55:22.007,1.20625,1.20634,2.59,1.00
2014.09.05 11:55:22.161,1.20625,1.20632,1.46,1.00
2014.09.05 11:55:22.468,1.20625,1.20634,2.96,1.00
2014.09.05 11:55:23.190,1.20626,1.20635,1.39,1.00
2014.09.05 11:55:23.475,1.20625,1.20633,2.21,1.00
2014.09.05 11:55:24.083,1.20625,1.20634,2.96,1.00
2014.09.05 11:55:25.488,1.20625,1.20633,1.84,1.00
2014.09.05 11:55:25.910,1.20625,1.20635,2.89,1.10
2014.09.05 11:55:26.422,1.20626,1.20635,1.31,1.10
2014.09.05 11:55:27.076,1.20628,1.20636,1.00,1.17
2014.09.05 11:55:30.386,1.20627,1.20635,1.25,1.10
2014.09.05 11:55:30.709,1.20625,1.20633,1.66,1.00
2014.09.05 11:55:31.227,1.20625,1.20634,2.14,1.00
2014.09.05 11:55:32.610,1.20625,1.20634,2.14,1.00
2014.09.05 11:55:33.117,1.20627,1.20636,1.31,1.17
2014.09.05 11:55:35.661,1.20625,1.20635,2.21,1.00
2014.09.05 11:55:38.618,1.20625,1.20636,2.96,1.00
2014.09.05 11:55:39.305,1.20625,1.20636,2.96,1.00
2014.09.05 11:55:41.106,1.20628,1.20637,1.00,1.57
2014.09.05 11:55:43.110,1.20627,1.20636,2.14,1.00
2014.09.05 11:55:43.640,1.20626,1.20637,1.74,1.10
2014.09.05 11:55:49.767,1.20626,1.20635,1.74,1.00
2014.09.05 11:55:55.957,1.20628,1.20636,1.00,1.00
2014.09.05 11:55:56.473,1.20626,1.20635,1.74,1.00
2014.09.05 11:56:07.498,1.20628,1.20637,1.00,1.01
2014.09.05 11:56:08.003,1.20626,1.20636,1.74,1.00
2014.09.05 11:56:08.694,1.20628,1.20638,1.00,1.46
2014.09.05 11:56:10.107,1.20627,1.20637,1.39,1.57
2014.09.05 11:56:10.621,1.20627,1.20636,1.39,1.00
2014.09.05 11:56:11.148,1.20627,1.20637,1.39,1.10
2014.09.05 11:56:11.300,1.20626,1.20635,1.74,1.00
2014.09.05 11:56:11.987,1.20626,1.20634,1.74,1.00
2014.09.05 11:56:12.545,1.20625,1.20634,2.96,1.00
2014.09.05 11:56:15.882,1.20626,1.20635,1.74,1.50
2014.09.05 11:56:16.514,1.20628,1.20636,1.00,1.00
2014.09.05 11:56:17.026,1.20628,1.20637,1.00,1.10
2014.09.05 11:56:17.537,1.20627,1.20636,1.39,1.00
2014.09.05 11:56:18.047,1.20627,1.20636,1.39,1.00
2014.09.05 11:56:18.559,1.20626,1.20635,2.21,1.00
2014.09.05 11:56:19.066,1.20627,1.20636,1.39,1.00
2014.09.05 11:56:19.626,1.20628,1.20637,1.25,1.10
2014.09.05 11:56:20.286,1.20627,1.20636,1.39,1.00
2014.09.05 11:56:21.986,1.20627,1.20636,1.39,1.00
2014.09.05 11:56:23.508,1.20628,1.20637,1.00,1.10
2014.09.05 11:56:32.066,1.20629,1.20638,1.00,1.27
2014.09.05 11:56:39.871,1.20628,1.20637,1.69,1.12
2014.09.05 11:56:43.057,1.2063,1.20639,1.00,2.81
2014.09.05 11:56:43.576,1.20629,1.20638,1.00,1.37
2014.09.05 11:56:48.299,1.2063,1.20639,1.00,2.06
2014.09.05 11:56:48.779,1.20628,1.20637,1.25,1.12
2014.09.05 11:56:54.341,1.20629,1.20637,1.00,1.12
2014.09.05 11:56:54.862,1.20628,1.20637,1.00,1.12
2014.09.05 11:56:55.370,1.20629,1.20638,1.00,1.62
2014.09.05 11:56:56.896,1.20631,1.20639,1.00,1.56
2014.09.05 11:56:56.998,1.20629,1.20638,1.00,1.62
2014.09.05 11:56:57.511,1.20628,1.20637,1.00,1.12
2014.09.05 11:57:05.889,1.2063,1.20638,1.00,1.37
2014.09.05 11:57:06.092,1.20627,1.20638,1.19,1.37
2014.09.05 11:57:06.654,1.20628,1.20637,1.19,1.12
2014.09.05 11:57:07.169,1.20627,1.20636,1.69,1.00
2014.09.05 11:57:08.612,1.20627,1.20636,1.19,1.00
2014.09.05 11:57:08.999,1.20631,1.20637,1.00,1.12
2014.09.05 11:57:09.332,1.2063,1.2064,1.25,2.02
2014.09.05 11:57:09.839,1.2063,1.2064,1.09,1.12
2014.09.05 11:57:10.376,1.2063,1.20639,1.09,1.00
2014.09.05 11:57:10.428,1.20628,1.20637,2.59,1.00
2014.09.05 11:57:12.702,1.2063,1.20639,1.25,1.47
2014.09.05 11:57:15.112,1.20631,1.2064,1.00,2.02
2014.09.05 11:57:15.824,1.20628,1.20637,1.84,1.00
2014.09.05 11:57:16.336,1.20628,1.2064,1.09,2.02
2014.09.05 11:57:16.881,1.20628,1.20637,1.36,1.00
2014.09.05 11:57:17.817,1.20627,1.20638,2.21,1.12
2014.09.05 11:57:25.638,1.20628,1.20637,1.36,1.00
2014.09.05 11:57:28.076,1.20629,1.20638,1.01,1.87
2014.09.05 11:57:28.686,1.20628,1.20637,1.36,1.00
2014.09.05 11:57:30.272,1.20628,1.2064,1.36,2.21
2014.09.05 11:57:33.479,1.20627,1.20638,1.46,1.20
2014.09.05 11:57:38.011,1.20628,1.20637,1.39,1.00
2014.09.05 11:57:45.989,1.20626,1.20636,2.96,1.00
2014.09.05 11:57:49.240,1.2063,1.20638,1.00,1.46
2014.09.05 11:57:49.442,1.2063,1.20639,1.00,1.74
2014.09.05 11:57:50.754,1.20629,1.20638,1.69,1.20
2014.09.05 11:57:51.734,1.2063,1.20639,1.00,1.55
2014.09.05 11:57:53.659,1.20629,1.20638,1.25,1.95
2014.09.05 11:57:55.134,1.2063,1.20639,1.00,1.46
2014.09.05 11:57:55.640,1.20628,1.20639,1.39,1.55
2014.09.05 11:57:57.138,1.2063,1.20639,1.00,1.55
2014.09.05 11:57:57.291,1.20632,1.2064,1.00,2.21
2014.09.05 11:57:57.595,1.20632,1.20641,1.87,1.01
2014.09.05 11:57:57.798,1.2063,1.20641,2.21,2.14
2014.09.05 11:57:58.053,1.20633,1.20642,1.00,2.59
2014.09.05 11:57:58.964,1.20632,1.20642,1.50,1.84
2014.09.05 11:57:59.839,1.20632,1.20641,1.25,1.47
2014.09.05 11:58:00.682,1.20631,1.2064,1.01,1.37
2014.09.05 11:58:01.810,1.2063,1.20639,1.25,1.47
2014.09.05 11:58:02.442,1.2063,1.20637,1.25,1.00
2014.09.05 11:58:02.949,1.20629,1.20638,1.29,1.00
2014.09.05 11:58:03.458,1.20629,1.20638,1.01,1.00
2014.09.05 11:58:04.193,1.20629,1.20638,1.29,1.00
2014.09.05 11:58:05.510,1.20629,1.20638,1.29,1.37
2014.09.05 11:58:06.017,1.20628,1.20638,3.34,1.00
2014.09.05 11:58:06.788,1.2063,1.20639,1.25,1.10
2014.09.05 11:58:07.305,1.2063,1.20639,1.25,1.47
2014.09.05 11:58:09.757,1.20631,1.20639,1.00,1.47
2014.09.05 11:58:10.266,1.20632,1.20641,1.00,1.77
2014.09.05 11:58:12.503,1.20629,1.2064,1.76,1.55
2014.09.05 11:58:15.143,1.20632,1.20641,1.00,2.02
2014.09.05 11:58:15.674,1.20631,1.2064,1.25,1.55
2014.09.05 11:58:19.247,1.20632,1.20641,1.00,1.52
2014.09.05 11:58:22.007,1.20631,1.2064,1.25,1.47
2014.09.05 11:58:30.182,1.2063,1.20639,1.29,1.37
2014.09.05 11:58:30.689,1.2063,1.20639,1.01,1.37
2014.09.05 11:58:31.148,1.20631,1.2064,1.17,1.37
2014.09.05 11:58:44.689,1.2063,1.20639,1.34,1.37
2014.09.05 11:58:52.071,1.2063,1.20639,1.09,1.37
2014.09.05 11:59:00.234,1.2063,1.20639,1.09,1.37
2014.09.05 11:59:05.679,1.2063,1.20639,1.84,1.00
2014.09.05 11:59:11.382,1.2063,1.20639,1.69,1.10
2014.09.05 11:59:11.738,1.20634,1.20642,1.00,2.96
2014.09.05 11:59:11.840,1.2063,1.20641,1.31,1.46
2014.09.05 11:59:11.993,1.20629,1.20642,1.46,2.21
2014.09.05 11:59:12.044,1.2063,1.20639,1.36,1.00
2014.09.05 11:59:12.652,1.20632,1.20641,1.00,1.46
2014.09.05 11:59:13.159,1.2063,1.20639,1.19,1.10
2014.09.05 11:59:16.491,1.2063,1.20639,1.25,1.10
2014.09.05 11:59:16.998,1.20631,1.2064,1.39,1.00
2014.09.05 11:59:17.530,1.2063,1.20639,1.74,1.00
2014.09.05 11:59:18.052,1.20631,1.2064,1.39,1.00
2014.09.05 11:59:18.674,1.2063,1.20639,2.21,1.00
2014.09.05 11:59:23.020,1.2063,1.20639,1.25,1.10
2014.09.05 11:59:23.530,1.20631,1.2064,1.00,1.17
2014.09.05 11:59:30.613,1.2063,1.20639,2.44,1.20
2014.09.05 11:59:31.426,1.20631,1.2064,1.00,1.27
2014.09.05 11:59:31.932,1.2063,1.20639,1.69,1.10
2014.09.05 11:59:34.268,1.20631,1.2064,1.00,1.46
2014.09.05 11:59:34.774,1.20629,1.20638,1.01,1.00
2014.09.05 11:59:36.058,1.20628,1.20637,1.84,1.00
2014.09.05 11:59:36.674,1.20629,1.20638,1.10,1.00
2014.09.05 11:59:37.183,1.20628,1.20637,2.21,1.00
2014.09.05 11:59:38.972,1.2063,1.20639,1.00,2.14
2014.09.05 11:59:39.490,1.20629,1.20638,1.20,1.25
2014.09.05 11:59:44.279,1.20628,1.20637,2.02,1.00
2014.09.05 11:59:50.271,1.20628,1.20635,1.27,1.00
2014.09.05 11:59:50.423,1.20626,1.20634,1.55,1.50
2014.09.05 11:59:50.474,1.20626,1.20632,1.17,1.00
2014.09.05 11:59:50.577,1.20626,1.20634,1.55,1.50
2014.09.05 11:59:51.085,1.20626,1.20635,2.02,1.00
2014.09.05 11:59:51.703,1.20626,1.20633,1.55,1.00
2014.09.05 11:59:52.321,1.20626,1.20634,1.37,1.00
2014.09.05 11:59:53.091,1.20626,1.20635,1.37,1.57
2014.09.05 11:59:54.211,1.20626,1.20634,1.37,1.00
2014.09.05 11:59:54.785,1.20626,1.20635,1.37,1.01
2014.09.05 11:59:55.140,1.20626,1.20633,1.37,1.00
2014.09.05 11:59:55.647,1.20626,1.20634,1.37,1.00
2014.09.05 11:59:56.154,1.20626,1.20635,1.87,1.01
2014.09.05 11:59:56.661,1.20626,1.20634,1.55,1.50
2014.09.05 11:59:57.448,1.20626,1.20635,2.02,1.00
2014.09.05 11:59:58.718,1.20626,1.20634,1.55,1.00
2014.09.05 11:59:59.625,1.20626,1.20635,2.02,1.25
