2010.06.08 10:00:00.952,1.3804,1.3807,2.30,3.20
2010.06.08 10:00:01.227,1.3804,1.3807,1.50,4.00
2010.06.08 10:00:01.594,1.3804,1.3807,1.30,4.00
2010.06.08 10:00:03.304,1.3804,1.3807,2.50,4.00
2010.06.08 10:00:04.788,1.3804,1.3807,5.70,3.20
2010.06.08 10:00:05.016,1.3804,1.3807,5.70,2.40
2010.06.08 10:00:05.734,1.3804,1.3807,5.70,3.20
2010.06.08 10:00:06.076,1.3804,1.3807,7.30,3.20
2010.06.08 10:00:09.025,1.38045,1.38065,2.40,1.00
2010.06.08 10:00:09.342,1.3805,1.3807,1.60,1.60
2010.06.08 10:00:09.946,1.38055,1.3807,1.00,1.60
2010.06.08 10:00:10.267,1.3805,1.3807,1.60,1.60
2010.06.08 10:00:10.585,1.38055,1.3807,1.00,1.60
2010.06.08 10:00:12.249,1.3806,1.38075,1.60,1.60
2010.06.08 10:00:12.327,1.38065,1.38075,2.40,1.60
2010.06.08 10:00:12.547,1.3806,1.3807,1.00,1.60
2010.06.08 10:00:12.706,1.38065,1.38075,1.00,1.00
2010.06.08 10:00:12.785,1.38065,1.38085,1.00,1.60
2010.06.08 10:00:14.299,1.38065,1.38075,1.00,1.00
2010.06.08 10:00:16.652,1.38065,1.38075,1.00,2.40
2010.06.08 10:00:17.075,1.38065,1.38075,1.00,2.40
2010.06.08 10:00:17.580,1.38065,1.38075,1.00,2.40
2010.06.08 10:00:17.937,1.38065,1.3807,1.00,1.00
2010.06.08 10:00:20.715,1.38065,1.38075,1.00,1.60
2010.06.08 10:00:21.056,1.38065,1.38075,4.00,1.20
2010.06.08 10:00:21.569,1.38065,1.38075,4.80,1.00
2010.06.08 10:00:22.266,1.38065,1.38075,4.80,1.00
2010.06.08 10:00:22.517,1.38075,1.3808,1.00,1.00
2010.06.08 10:00:22.928,1.38075,1.3809,1.00,5.20
2010.06.08 10:00:23.291,1.38075,1.3809,1.00,4.40
2010.06.08 10:00:23.466,1.3808,1.38095,4.20,1.00
2010.06.08 10:00:23.627,1.38085,1.381,1.00,2.80
2010.06.08 10:00:23.786,1.38085,1.381,1.00,2.40
2010.06.08 10:00:24.127,1.38085,1.381,1.00,2.40
2010.06.08 10:00:27.461,1.3808,1.38095,5.00,1.60
2010.06.08 10:00:27.800,1.3808,1.38095,4.20,1.60
2010.06.08 10:00:28.075,1.3808,1.38095,3.40,1.60
2010.06.08 10:00:30.718,1.38085,1.381,1.00,4.00
2010.06.08 10:00:31.406,1.38085,1.381,1.00,4.00
2010.06.08 10:00:33.443,1.38085,1.381,1.00,4.00
2010.06.08 10:00:35.310,1.38085,1.381,1.00,4.80
2010.06.08 10:00:35.512,1.38085,1.381,1.00,4.00
2010.06.08 10:00:40.378,1.38085,1.381,1.00,4.00
2010.06.08 10:00:42.468,1.38085,1.381,1.00,4.70
2010.06.08 10:00:42.866,1.3808,1.38095,4.20,1.60
2010.06.08 10:00:46.375,1.3808,1.38095,4.20,2.00
2010.06.08 10:00:46.524,1.3808,1.38095,2.60,2.00
2010.06.08 10:00:47.089,1.3808,1.381,4.20,2.40
2010.06.08 10:00:47.236,1.3808,1.381,4.20,3.10
2010.06.08 10:00:48.905,1.3808,1.381,4.00,4.80
2010.06.08 10:00:49.142,1.3808,1.381,3.20,4.00
2010.06.08 10:00:49.381,1.3809,1.381,1.60,2.80
2010.06.08 10:00:49.954,1.38085,1.381,1.60,1.60
2010.06.08 10:00:50.353,1.38085,1.381,2.40,2.40
2010.06.08 10:00:51.055,1.38085,1.381,1.60,3.20
2010.06.08 10:00:51.401,1.3808,1.38095,1.60,2.40
2010.06.08 10:00:52.046,1.3808,1.38095,1.60,3.20
2010.06.08 10:00:52.415,1.3808,1.3809,1.60,1.60
2010.06.08 10:00:52.677,1.38075,1.3809,1.60,3.20
2010.06.08 10:00:53.763,1.38075,1.3809,1.60,1.60
2010.06.08 10:00:54.109,1.38075,1.3809,1.60,3.20
2010.06.08 10:00:57.483,1.3808,1.38095,9.60,2.40
2010.06.08 10:00:58.142,1.38085,1.381,1.00,1.20
2010.06.08 10:00:58.451,1.3808,1.381,5.80,1.00
2010.06.08 10:00:59.665,1.3808,1.381,9.20,1.00
2010.06.08 10:01:00.007,1.3809,1.381,1.60,1.00
2010.06.08 10:01:02.341,1.38095,1.381,1.00,1.00
2010.06.08 10:01:03.199,1.3809,1.381,1.60,1.00
2010.06.08 10:01:03.542,1.38085,1.381,1.00,4.80
2010.06.08 10:01:05.032,1.3808,1.38095,3.20,2.40
2010.06.08 10:01:05.345,1.3808,1.38095,2.40,2.40
2010.06.08 10:01:05.979,1.38085,1.381,1.00,4.00
2010.06.08 10:01:06.330,1.3808,1.38095,2.40,1.60
2010.06.08 10:01:06.684,1.3808,1.38095,1.60,1.60
2010.06.08 10:01:07.422,1.3808,1.381,3.20,4.00
2010.06.08 10:01:07.751,1.3808,1.38095,1.60,2.40
2010.06.08 10:01:08.079,1.3807,1.3809,3.20,1.00
2010.06.08 10:01:08.427,1.3807,1.38095,3.20,4.80
2010.06.08 10:01:09.853,1.38075,1.38095,1.60,4.80
2010.06.08 10:01:09.987,1.38075,1.38095,1.60,6.40
2010.06.08 10:01:10.054,1.38075,1.38095,2.40,6.40
2010.06.08 10:01:10.123,1.38075,1.3809,2.40,1.60
2010.06.08 10:01:10.385,1.38075,1.3809,1.60,1.60
2010.06.08 10:01:11.240,1.3808,1.38095,1.60,2.40
2010.06.08 10:01:13.566,1.3808,1.3809,1.60,1.00
2010.06.08 10:01:13.790,1.3808,1.3809,1.60,1.60
2010.06.08 10:01:15.345,1.38075,1.3809,1.60,4.00
2010.06.08 10:01:15.613,1.38075,1.3809,3.20,2.40
2010.06.08 10:01:15.882,1.3808,1.38095,3.20,1.60
2010.06.08 10:01:16.731,1.3808,1.3809,2.40,1.00
2010.06.08 10:01:17.008,1.3808,1.38095,2.40,1.60
2010.06.08 10:01:17.360,1.3808,1.38095,5.60,1.60
2010.06.08 10:01:18.015,1.3808,1.3809,1.00,2.40
2010.06.08 10:01:18.189,1.38075,1.3809,1.60,2.40
2010.06.08 10:01:19.132,1.3808,1.3809,1.60,1.00
2010.06.08 10:01:19.483,1.3807,1.3809,3.20,2.40
2010.06.08 10:01:20.506,1.3807,1.3809,3.20,4.00
2010.06.08 10:01:24.206,1.3808,1.3809,1.60,2.40
2010.06.08 10:01:28.323,1.3808,1.38085,1.60,1.60
2010.06.08 10:01:28.555,1.3808,1.3809,1.60,2.40
2010.06.08 10:01:28.777,1.38075,1.3809,1.00,2.40
2010.06.08 10:01:29.398,1.3807,1.3809,3.20,2.40
2010.06.08 10:01:29.739,1.3807,1.3809,3.20,4.00
2010.06.08 10:01:32.404,1.38075,1.3809,1.60,4.00
2010.06.08 10:01:35.169,1.38075,1.3809,1.60,2.40
2010.06.08 10:01:38.058,1.38075,1.3809,1.60,1.60
2010.06.08 10:01:38.396,1.38075,1.3809,1.60,2.40
2010.06.08 10:01:39.577,1.38075,1.3809,2.40,2.40
2010.06.08 10:01:41.155,1.38075,1.3809,1.60,2.40
2010.06.08 10:01:41.498,1.38075,1.3809,1.60,4.00
2010.06.08 10:01:49.755,1.38075,1.38085,1.60,1.60
2010.06.08 10:01:54.480,1.38065,1.38075,7.60,1.00
2010.06.08 10:01:54.756,1.38075,1.3808,1.60,8.80
2010.06.08 10:01:55.635,1.38075,1.38085,1.60,1.60
2010.06.08 10:01:55.984,1.38075,1.3808,1.60,1.60
2010.06.08 10:01:57.565,1.38075,1.38085,1.60,1.60
2010.06.08 10:01:59.615,1.38075,1.38085,2.40,1.60
2010.06.08 10:01:59.935,1.38075,1.38085,1.60,1.60
2010.06.08 10:02:21.266,1.38075,1.3808,1.60,2.40
2010.06.08 10:02:25.074,1.3808,1.38085,1.00,2.40
2010.06.08 10:02:25.473,1.3808,1.3809,1.00,1.60
2010.06.08 10:02:25.839,1.3808,1.3809,1.60,1.60
2010.06.08 10:02:34.983,1.38085,1.3809,4.00,1.60
2010.06.08 10:02:35.280,1.3808,1.3809,1.60,1.60
2010.06.08 10:02:36.539,1.3808,1.3809,1.60,2.40
2010.06.08 10:02:36.777,1.38075,1.3809,1.60,2.40
2010.06.08 10:02:37.234,1.38075,1.38085,1.60,1.60
2010.06.08 10:02:41.285,1.38075,1.3809,1.60,2.40
2010.06.08 10:02:41.988,1.38075,1.38085,1.60,1.60
2010.06.08 10:02:43.399,1.38075,1.3809,1.60,2.40
2010.06.08 10:02:44.088,1.38075,1.3809,2.40,2.40
2010.06.08 10:02:44.426,1.38075,1.3809,1.60,2.40
2010.06.08 10:02:46.149,1.38075,1.3809,1.60,1.60
2010.06.08 10:02:46.342,1.38075,1.3809,1.60,2.40
2010.06.08 10:02:46.528,1.38075,1.3809,2.40,2.40
2010.06.08 10:02:46.716,1.38075,1.3809,1.60,2.40
2010.06.08 10:02:47.704,1.38075,1.3809,1.60,1.60
2010.06.08 10:02:56.704,1.38075,1.38085,1.60,1.60
2010.06.08 10:02:57.047,1.38075,1.38085,1.60,1.00
2010.06.08 10:02:57.388,1.38075,1.3809,1.60,1.60
2010.06.08 10:03:02.807,1.38075,1.3809,2.40,1.60
2010.06.08 10:03:03.146,1.38075,1.3809,2.40,3.20
2010.06.08 10:03:04.469,1.38075,1.38085,4.00,1.00
2010.06.08 10:03:04.748,1.38085,1.38095,1.60,1.60
2010.06.08 10:03:05.332,1.38075,1.3809,2.40,1.60
2010.06.08 10:03:05.677,1.38075,1.3808,3.20,1.60
2010.06.08 10:03:06.020,1.3808,1.3809,1.60,1.60
2010.06.08 10:03:06.367,1.38075,1.3809,4.00,1.60
2010.06.08 10:03:10.325,1.38075,1.3809,2.40,2.40
2010.06.08 10:03:10.554,1.38075,1.3809,1.60,3.20
2010.06.08 10:03:12.580,1.38075,1.3809,1.60,1.60
2010.06.08 10:03:12.927,1.38075,1.3809,2.40,1.60
2010.06.08 10:03:17.345,1.38075,1.38095,2.40,6.40
2010.06.08 10:03:18.371,1.38075,1.3809,6.80,4.00
2010.06.08 10:03:18.562,1.38085,1.3809,4.40,3.20
2010.06.08 10:03:18.752,1.381,1.38105,1.60,5.70
2010.06.08 10:03:19.388,1.38105,1.38115,2.40,1.00
2010.06.08 10:03:19.737,1.381,1.3811,1.60,1.00
2010.06.08 10:03:20.082,1.38095,1.38115,3.20,2.40
2010.06.08 10:03:20.704,1.38095,1.3811,1.60,1.00
2010.06.08 10:03:21.053,1.381,1.38115,1.60,1.60
2010.06.08 10:03:21.735,1.381,1.3811,1.60,1.00
2010.06.08 10:03:22.051,1.38095,1.3811,1.60,1.60
2010.06.08 10:03:22.654,1.38085,1.381,4.80,1.00
2010.06.08 10:03:22.814,1.38085,1.381,2.40,1.60
2010.06.08 10:03:22.969,1.38085,1.381,2.40,1.00
2010.06.08 10:03:23.128,1.38085,1.381,1.60,1.00
2010.06.08 10:03:23.436,1.38085,1.381,1.60,2.40
2010.06.08 10:03:24.308,1.38085,1.381,1.60,1.60
2010.06.08 10:03:25.236,1.3808,1.381,1.60,2.40
2010.06.08 10:03:26.460,1.38075,1.381,2.40,3.20
2010.06.08 10:03:30.867,1.38085,1.381,1.00,3.20
2010.06.08 10:03:31.209,1.38075,1.381,3.20,3.20
2010.06.08 10:03:31.557,1.38075,1.381,2.40,3.20
2010.06.08 10:03:32.238,1.38075,1.381,3.20,3.20
2010.06.08 10:03:33.647,1.38085,1.381,1.00,3.20
2010.06.08 10:03:34.032,1.38085,1.381,1.00,2.40
2010.06.08 10:03:34.509,1.38085,1.381,1.00,3.20
2010.06.08 10:03:34.746,1.38075,1.381,2.40,3.20
2010.06.08 10:03:37.683,1.38075,1.381,1.00,3.20
2010.06.08 10:03:47.028,1.38075,1.381,1.00,5.60
2010.06.08 10:03:47.270,1.38075,1.381,1.60,5.60
2010.06.08 10:03:52.475,1.38075,1.381,1.60,6.40
2010.06.08 10:03:55.414,1.3808,1.381,1.60,6.40
2010.06.08 10:04:02.326,1.3808,1.381,1.60,7.70
2010.06.08 10:04:02.437,1.3808,1.3809,1.60,1.00
2010.06.08 10:04:03.307,1.3808,1.38095,1.60,1.60
2010.06.08 10:04:08.425,1.38085,1.38095,1.60,1.60
2010.06.08 10:04:08.745,1.38085,1.381,1.60,5.60
2010.06.08 10:04:11.437,1.38085,1.381,1.00,5.60
2010.06.08 10:04:12.004,1.38085,1.381,1.60,5.60
2010.06.08 10:04:12.834,1.38085,1.38095,1.60,1.00
2010.06.08 10:04:12.955,1.38085,1.38095,1.60,4.00
2010.06.08 10:04:13.076,1.38085,1.38095,1.00,5.60
2010.06.08 10:04:13.195,1.38075,1.38095,3.20,5.60
2010.06.08 10:04:13.612,1.38075,1.3809,3.20,1.00
2010.06.08 10:04:13.959,1.38075,1.3809,2.40,1.00
2010.06.08 10:04:14.641,1.38075,1.38085,1.00,1.00
2010.06.08 10:04:15.665,1.38075,1.38085,1.60,1.00
2010.06.08 10:04:16.006,1.3807,1.38085,1.60,1.00
2010.06.08 10:04:16.346,1.38075,1.38085,1.60,1.00
2010.06.08 10:04:17.454,1.38075,1.3808,1.60,4.00
2010.06.08 10:04:17.718,1.3805,1.38065,1.00,1.00
2010.06.08 10:04:17.979,1.3804,1.38065,1.60,4.00
2010.06.08 10:04:18.508,1.3804,1.38065,1.60,7.20
2010.06.08 10:04:18.857,1.3803,1.3805,3.80,1.00
2010.06.08 10:04:19.196,1.3803,1.3805,3.20,3.20
2010.06.08 10:04:19.536,1.3803,1.3805,3.20,3.60
2010.06.08 10:04:19.641,1.3803,1.3805,3.20,3.20
2010.06.08 10:04:21.098,1.3803,1.3805,1.60,6.40
2010.06.08 10:04:21.440,1.3803,1.3805,1.60,7.70
2010.06.08 10:04:22.388,1.3803,1.3805,1.60,6.40
2010.06.08 10:04:22.689,1.3803,1.3805,3.20,3.20
2010.06.08 10:04:23.305,1.3803,1.3805,4.80,3.20
2010.06.08 10:04:25.007,1.3803,1.3805,4.00,3.20
2010.06.08 10:04:25.336,1.3803,1.3805,3.20,3.20
2010.06.08 10:04:27.037,1.3803,1.3805,4.80,3.20
2010.06.08 10:04:27.920,1.3803,1.3805,4.00,3.20
2010.06.08 10:04:28.271,1.3803,1.3805,1.60,3.20
2010.06.08 10:04:28.571,1.3803,1.3805,3.20,3.20
2010.06.08 10:04:29.451,1.3803,1.3805,1.60,3.20
2010.06.08 10:04:32.211,1.3803,1.3805,3.20,3.20
2010.06.08 10:04:32.454,1.3803,1.3805,1.60,3.20
2010.06.08 10:04:32.941,1.3803,1.3805,3.20,2.40
2010.06.08 10:04:33.927,1.3804,1.38055,1.60,3.20
2010.06.08 10:04:34.192,1.3805,1.3806,1.60,3.20
2010.06.08 10:04:36.851,1.3805,1.38065,1.60,3.90
2010.06.08 10:04:37.119,1.3806,1.3807,1.60,1.00
2010.06.08 10:04:37.349,1.3807,1.3808,1.60,7.20
2010.06.08 10:04:37.824,1.3807,1.3808,1.60,4.00
2010.06.08 10:04:38.061,1.3806,1.3808,1.60,5.60
2010.06.08 10:04:38.410,1.3806,1.3808,1.60,4.00
2010.06.08 10:04:39.355,1.3807,1.3808,1.00,4.00
2010.06.08 10:04:39.704,1.38065,1.3808,1.60,7.20
2010.06.08 10:04:40.367,1.38065,1.38085,1.60,6.60
2010.06.08 10:04:40.714,1.38065,1.3808,1.60,1.60
2010.06.08 10:04:41.063,1.3807,1.3808,1.60,3.20
2010.06.08 10:04:42.330,1.3807,1.38075,1.60,4.00
2010.06.08 10:04:42.678,1.3807,1.38075,1.60,1.00
2010.06.08 10:04:43.650,1.38065,1.38075,2.40,1.00
2010.06.08 10:04:43.950,1.38065,1.38075,1.60,1.00
2010.06.08 10:04:44.805,1.3807,1.38075,1.00,1.00
2010.06.08 10:04:47.455,1.3807,1.38075,1.60,1.00
2010.06.08 10:04:47.737,1.3807,1.3808,1.60,6.00
2010.06.08 10:04:48.233,1.3807,1.3808,1.60,4.40
2010.06.08 10:04:48.523,1.38075,1.3809,1.60,1.00
2010.06.08 10:04:48.821,1.38075,1.38095,1.60,4.00
2010.06.08 10:04:49.122,1.3807,1.3809,4.80,3.20
2010.06.08 10:04:49.674,1.38075,1.3809,1.00,3.20
2010.06.08 10:04:49.904,1.3808,1.38095,1.60,4.40
2010.06.08 10:04:50.131,1.3808,1.38095,1.60,4.80
2010.06.08 10:04:50.654,1.3808,1.38095,8.00,3.20
2010.06.08 10:04:50.998,1.3808,1.38095,8.00,1.00
2010.06.08 10:04:51.696,1.38085,1.381,4.00,10.00
2010.06.08 10:04:52.039,1.38085,1.38095,1.00,1.00
2010.06.08 10:04:53.236,1.3809,1.38095,1.60,1.00
2010.06.08 10:04:53.512,1.38085,1.38095,1.00,3.20
2010.06.08 10:04:54.595,1.3808,1.38095,1.60,3.20
2010.06.08 10:04:54.938,1.3808,1.3809,1.60,1.00
2010.06.08 10:04:56.591,1.3808,1.3809,1.60,1.60
2010.06.08 10:04:58.302,1.3808,1.3809,1.60,1.00
2010.06.08 10:04:58.627,1.3808,1.38095,1.60,4.80
2010.06.08 10:04:59.148,1.3808,1.3809,8.80,1.00
2010.06.08 10:04:59.317,1.3807,1.3809,4.80,4.00
2010.06.08 10:04:59.665,1.3807,1.38085,4.80,1.00
2010.06.08 10:05:00.119,1.3807,1.38085,1.60,1.00
2010.06.08 10:05:00.474,1.3807,1.38085,1.60,1.20
2010.06.08 10:05:00.821,1.3807,1.38085,3.20,1.20
2010.06.08 10:05:01.326,1.3807,1.3809,3.20,4.00
2010.06.08 10:05:03.020,1.3808,1.3809,1.60,1.00
2010.06.08 10:05:04.146,1.3807,1.3809,3.20,4.00
2010.06.08 10:05:07.011,1.3808,1.3809,1.60,1.60
2010.06.08 10:05:08.904,1.3807,1.3809,3.20,3.20
2010.06.08 10:05:09.229,1.3807,1.3809,4.80,3.20
2010.06.08 10:05:11.878,1.3808,1.3809,1.60,1.00
2010.06.08 10:05:14.766,1.3808,1.38095,1.60,6.00
2010.06.08 10:05:14.888,1.3808,1.38095,1.60,5.60
2010.06.08 10:05:15.836,1.3808,1.38095,1.60,4.00
2010.06.08 10:05:18.261,1.3808,1.38095,1.60,3.20
2010.06.08 10:05:18.811,1.3809,1.38095,1.60,1.00
2010.06.08 10:05:19.457,1.3809,1.38095,1.60,1.60
2010.06.08 10:05:19.758,1.3809,1.38095,3.20,1.60
2010.06.08 10:05:20.061,1.3809,1.381,1.60,2.80
2010.06.08 10:05:20.683,1.3809,1.381,1.60,1.60
2010.06.08 10:05:20.970,1.38085,1.381,2.40,2.40
2010.06.08 10:05:21.258,1.38085,1.381,1.60,2.40
2010.06.08 10:05:22.311,1.381,1.3811,3.20,2.00
2010.06.08 10:05:22.566,1.381,1.3811,2.60,1.00
2010.06.08 10:05:22.914,1.38105,1.3812,1.00,2.00
2010.06.08 10:05:23.264,1.3812,1.38125,1.60,1.00
2010.06.08 10:05:23.613,1.38125,1.38135,1.60,3.20
2010.06.08 10:05:23.961,1.3812,1.38135,1.60,1.60
2010.06.08 10:05:25.707,1.3812,1.38135,3.20,1.60
2010.06.08 10:05:26.316,1.3812,1.3813,1.60,1.60
2010.06.08 10:05:26.615,1.3812,1.3813,1.60,3.20
2010.06.08 10:05:27.215,1.3812,1.3813,1.60,1.00
2010.06.08 10:05:27.824,1.3812,1.38135,1.60,1.60
2010.06.08 10:05:29.952,1.3812,1.3813,1.60,4.00
2010.06.08 10:05:30.177,1.3812,1.3813,1.60,1.60
2010.06.08 10:05:30.518,1.3811,1.3813,1.60,6.40
2010.06.08 10:05:30.855,1.3811,1.3813,1.60,7.20
2010.06.08 10:05:32.370,1.3811,1.3813,1.60,6.40
2010.06.08 10:05:32.529,1.3811,1.3813,1.60,4.80
2010.06.08 10:05:32.687,1.3811,1.3813,1.60,6.10
2010.06.08 10:05:33.353,1.3811,1.38125,1.60,1.60
2010.06.08 10:05:35.978,1.3811,1.3813,1.60,7.20
2010.06.08 10:05:38.121,1.3812,1.3813,1.00,4.80
2010.06.08 10:05:38.497,1.3812,1.3813,1.60,4.80
2010.06.08 10:05:38.803,1.3812,1.3813,1.60,4.00
2010.06.08 10:05:39.111,1.38125,1.38135,1.60,1.00
2010.06.08 10:05:39.627,1.38125,1.3814,1.60,3.20
2010.06.08 10:05:39.988,1.3812,1.3813,1.60,1.60
2010.06.08 10:05:50.336,1.38115,1.3813,1.60,1.60
2010.06.08 10:05:50.678,1.38115,1.3812,1.60,1.60
2010.06.08 10:05:51.597,1.38115,1.3813,1.60,4.00
2010.06.08 10:05:52.504,1.38115,1.3813,1.60,4.40
2010.06.08 10:05:53.346,1.38115,1.3812,1.60,1.60
2010.06.08 10:05:53.563,1.3811,1.3812,1.60,1.60
2010.06.08 10:05:58.100,1.3812,1.38125,1.60,4.00
2010.06.08 10:05:58.272,1.38105,1.3812,1.60,4.00
2010.06.08 10:05:58.441,1.38105,1.3812,1.60,3.20
2010.06.08 10:05:58.608,1.3811,1.3812,1.60,3.20
2010.06.08 10:05:59.079,1.3811,1.3812,1.60,1.60
2010.06.08 10:05:59.426,1.3811,1.3812,1.60,1.00
2010.06.08 10:05:59.766,1.3811,1.3812,1.60,1.60
2010.06.08 10:06:01.257,1.3811,1.38125,1.60,1.60
2010.06.08 10:06:02.956,1.3811,1.3813,1.60,7.50
2010.06.08 10:06:03.918,1.3811,1.3813,1.60,7.60
2010.06.08 10:06:04.368,1.3811,1.3813,1.60,6.80
2010.06.08 10:06:04.642,1.38115,1.3813,1.60,4.40
2010.06.08 10:06:04.993,1.38115,1.3813,1.60,1.00
2010.06.08 10:06:05.263,1.3812,1.38135,3.20,2.80
2010.06.08 10:06:06.202,1.3812,1.38135,3.20,1.60
2010.06.08 10:06:06.810,1.3812,1.3813,1.60,1.60
2010.06.08 10:06:08.526,1.3812,1.3813,1.60,1.00
2010.06.08 10:06:10.322,1.3812,1.3813,1.60,3.20
2010.06.08 10:06:10.449,1.3811,1.3812,4.80,1.60
2010.06.08 10:06:10.860,1.38115,1.3812,1.60,1.60
2010.06.08 10:06:12.642,1.3811,1.3812,1.60,1.00
2010.06.08 10:06:12.982,1.3811,1.3813,1.60,6.80
2010.06.08 10:06:14.594,1.3811,1.3813,1.60,7.60
2010.06.08 10:06:14.907,1.3811,1.3812,1.60,1.60
2010.06.08 10:06:15.217,1.38105,1.3812,1.60,1.60
2010.06.08 10:06:15.666,1.38105,1.38125,1.60,6.50
2010.06.08 10:06:15.923,1.38105,1.3812,1.60,1.60
2010.06.08 10:06:17.925,1.38105,1.3812,1.60,2.00
2010.06.08 10:06:19.967,1.38105,1.3812,3.20,1.00
2010.06.08 10:06:20.311,1.38115,1.3812,1.60,1.00
2010.06.08 10:06:20.664,1.3811,1.3812,6.40,1.00
2010.06.08 10:06:21.009,1.3811,1.38125,6.40,1.00
2010.06.08 10:06:21.608,1.3811,1.3813,2.40,10.10
2010.06.08 10:06:21.952,1.3811,1.38125,2.40,1.60
2010.06.08 10:06:22.230,1.3811,1.3812,1.60,1.60
2010.06.08 10:06:22.834,1.381,1.3811,1.60,2.10
2010.06.08 10:06:23.170,1.381,1.3811,1.60,9.10
2010.06.08 10:06:23.511,1.381,1.38105,1.60,4.00
2010.06.08 10:06:23.817,1.38085,1.38105,1.60,8.10
2010.06.08 10:06:25.330,1.38085,1.381,1.60,1.60
2010.06.08 10:06:25.661,1.3809,1.38105,2.40,2.80
2010.06.08 10:06:25.911,1.3809,1.381,1.00,6.10
2010.06.08 10:06:26.290,1.3809,1.381,1.00,7.70
2010.06.08 10:06:26.550,1.3809,1.381,1.60,2.40
2010.06.08 10:06:26.799,1.3809,1.38105,2.40,5.70
2010.06.08 10:06:27.411,1.3809,1.38105,1.60,1.00
2010.06.08 10:06:27.762,1.38085,1.38105,1.60,2.90
2010.06.08 10:06:29.672,1.38085,1.3809,1.60,1.60
2010.06.08 10:06:30.109,1.38085,1.38105,1.60,5.30
2010.06.08 10:06:30.460,1.38085,1.3811,1.00,9.70
2010.06.08 10:06:30.808,1.3809,1.3811,1.60,1.00
2010.06.08 10:06:31.413,1.3809,1.38115,1.60,9.30
2010.06.08 10:06:32.347,1.38095,1.38115,1.60,8.50
2010.06.08 10:06:32.598,1.381,1.38115,1.00,3.20
2010.06.08 10:06:32.924,1.381,1.38115,1.00,1.60
2010.06.08 10:06:33.184,1.38115,1.38125,1.00,1.30
2010.06.08 10:06:33.456,1.3812,1.3813,1.00,1.00
2010.06.08 10:06:33.727,1.38125,1.38145,2.40,1.60
2010.06.08 10:06:34.300,1.3814,1.38145,1.00,1.00
2010.06.08 10:06:34.654,1.3813,1.3815,3.20,3.20
2010.06.08 10:06:35.648,1.38135,1.3815,1.00,3.20
2010.06.08 10:06:35.998,1.3813,1.3815,3.20,3.20
2010.06.08 10:06:36.338,1.3813,1.3814,2.40,1.00
2010.06.08 10:06:36.538,1.38125,1.3814,10.40,1.60
2010.06.08 10:06:36.881,1.38125,1.3814,10.40,1.00
2010.06.08 10:06:37.091,1.3813,1.3815,3.20,3.20
2010.06.08 10:06:41.704,1.3813,1.38145,1.60,1.60
2010.06.08 10:06:42.226,1.38125,1.3813,1.60,4.00
2010.06.08 10:06:42.510,1.38125,1.38155,6.40,5.20
2010.06.08 10:06:42.795,1.3813,1.38155,1.00,3.20
2010.06.08 10:06:43.441,1.3813,1.38145,1.00,1.60
2010.06.08 10:06:43.782,1.3813,1.3815,4.20,3.20
2010.06.08 10:06:44.970,1.38135,1.3815,1.00,3.20
2010.06.08 10:06:46.320,1.3813,1.3815,4.20,1.60
2010.06.08 10:06:47.008,1.38125,1.38145,9.90,1.60
2010.06.08 10:06:47.399,1.3813,1.3815,1.80,2.40
2010.06.08 10:06:47.758,1.3813,1.3814,1.60,1.60
2010.06.08 10:06:48.107,1.38125,1.3815,4.00,6.40
2010.06.08 10:06:48.734,1.3812,1.3814,1.00,2.40
2010.06.08 10:06:49.083,1.38115,1.3813,1.60,1.00
2010.06.08 10:06:49.430,1.38115,1.3813,1.60,1.60
2010.06.08 10:06:50.076,1.38115,1.3814,1.60,9.30
2010.06.08 10:06:50.829,1.3812,1.38135,1.00,1.00
2010.06.08 10:06:51.077,1.38115,1.38135,1.60,9.30
2010.06.08 10:06:51.459,1.38115,1.38135,1.00,10.10
2010.06.08 10:06:51.805,1.3811,1.38135,2.40,8.50
2010.06.08 10:06:52.153,1.3811,1.3814,5.60,9.30
2010.06.08 10:06:52.484,1.3812,1.38135,1.60,1.00
2010.06.08 10:06:53.042,1.3811,1.3813,1.60,1.00
2010.06.08 10:06:53.372,1.38105,1.3813,1.60,7.70
2010.06.08 10:06:53.687,1.38105,1.3813,1.60,6.90
2010.06.08 10:06:54.237,1.381,1.38125,1.60,5.60
2010.06.08 10:06:54.541,1.381,1.38125,1.60,10.10
2010.06.08 10:06:54.892,1.38105,1.38125,1.60,4.50
2010.06.08 10:06:55.502,1.38105,1.3813,1.60,12.20
2010.06.08 10:06:55.853,1.381,1.3812,4.80,1.60
2010.06.08 10:06:59.338,1.381,1.3812,1.60,1.60
2010.06.08 10:06:59.576,1.38095,1.3812,2.00,1.60
2010.06.08 10:06:59.817,1.38095,1.3812,1.60,2.40
2010.06.08 10:07:00.096,1.38095,1.3812,1.60,2.40
2010.06.08 10:07:00.695,1.3809,1.3811,4.80,1.60
2010.06.08 10:07:03.739,1.381,1.38115,4.00,1.00
2010.06.08 10:07:04.089,1.381,1.3812,5.60,1.60
2010.06.08 10:07:05.354,1.3811,1.3812,1.60,1.60
2010.06.08 10:07:15.408,1.3811,1.3812,1.60,5.30
2010.06.08 10:07:15.754,1.381,1.3811,4.00,1.60
2010.06.08 10:07:17.446,1.3811,1.3812,1.60,1.60
2010.06.08 10:07:19.248,1.3811,1.38115,1.60,2.40
2010.06.08 10:07:19.591,1.3811,1.3812,1.60,1.00
2010.06.08 10:07:19.910,1.3811,1.38125,1.60,1.00
2010.06.08 10:07:20.232,1.3811,1.3813,1.60,10.30
2010.06.08 10:07:20.883,1.3811,1.3813,1.60,10.60
2010.06.08 10:07:21.567,1.3811,1.3813,1.60,10.10
2010.06.08 10:07:22.691,1.38115,1.3813,1.60,5.30
2010.06.08 10:07:22.919,1.38115,1.3813,1.60,7.20
2010.06.08 10:07:23.145,1.3811,1.3813,1.60,10.10
2010.06.08 10:07:28.995,1.3811,1.38125,1.60,1.00
2010.06.08 10:07:29.246,1.381,1.3811,2.40,1.60
2010.06.08 10:07:29.496,1.3811,1.38125,1.60,2.40
2010.06.08 10:07:30.541,1.3811,1.38125,1.60,1.60
2010.06.08 10:07:30.889,1.3811,1.38125,1.60,2.40
2010.06.08 10:07:31.727,1.3811,1.3812,1.60,1.60
2010.06.08 10:07:31.901,1.3811,1.38125,1.60,2.40
2010.06.08 10:07:32.248,1.3811,1.38125,1.60,3.20
2010.06.08 10:07:33.509,1.3811,1.3812,1.60,1.60
2010.06.08 10:07:33.806,1.3811,1.38125,1.60,2.40
2010.06.08 10:07:34.098,1.3811,1.38125,1.60,1.00
2010.06.08 10:07:34.442,1.3811,1.3813,1.60,10.10
2010.06.08 10:07:36.387,1.3811,1.3813,1.60,10.60
2010.06.08 10:07:36.533,1.3811,1.3812,1.60,1.60
2010.06.08 10:07:36.961,1.3811,1.38125,1.60,3.20
2010.06.08 10:07:37.394,1.3811,1.3812,1.60,1.60
2010.06.08 10:07:37.740,1.3811,1.38125,1.60,2.40
2010.06.08 10:07:38.428,1.3811,1.3813,1.60,10.10
2010.06.08 10:07:39.108,1.3811,1.38125,1.60,2.40
2010.06.08 10:07:39.454,1.3811,1.3812,1.60,1.60
2010.06.08 10:07:44.996,1.3811,1.38125,1.60,2.40
2010.06.08 10:07:45.145,1.3811,1.3812,1.60,1.00
2010.06.08 10:07:45.433,1.3811,1.38125,1.60,2.40
2010.06.08 10:07:46.084,1.3811,1.3812,1.60,1.00
2010.06.08 10:07:46.428,1.38105,1.3812,1.60,2.40
2010.06.08 10:07:46.766,1.38105,1.3812,1.60,4.00
2010.06.08 10:07:48.190,1.38105,1.3812,1.60,3.20
2010.06.08 10:07:48.329,1.38105,1.3812,1.60,4.00
2010.06.08 10:07:49.656,1.38105,1.3812,1.60,3.20
2010.06.08 10:08:00.476,1.381,1.38115,1.60,1.00
2010.06.08 10:08:00.629,1.38095,1.3811,4.80,1.00
2010.06.08 10:08:00.788,1.38095,1.38115,7.20,1.00
2010.06.08 10:08:02.555,1.38095,1.3812,7.20,4.00
2010.06.08 10:08:05.055,1.38095,1.3812,7.60,4.00
2010.06.08 10:08:06.071,1.381,1.38115,2.00,2.40
2010.06.08 10:08:06.407,1.381,1.38115,1.60,2.40
2010.06.08 10:08:06.889,1.381,1.38115,1.60,1.00
2010.06.08 10:08:07.047,1.38105,1.3811,1.60,1.00
2010.06.08 10:08:07.640,1.38105,1.3811,1.60,1.60
2010.06.08 10:08:07.914,1.3809,1.381,6.80,1.60
2010.06.08 10:08:08.523,1.3809,1.38105,1.60,4.00
2010.06.08 10:08:08.797,1.3809,1.381,1.60,1.60
2010.06.08 10:08:11.687,1.3808,1.381,4.80,1.60
2010.06.08 10:08:11.914,1.3808,1.3811,4.80,9.30
2010.06.08 10:08:12.779,1.3808,1.3811,5.60,10.00
2010.06.08 10:08:13.060,1.3808,1.3811,5.60,9.30
2010.06.08 10:08:13.407,1.3808,1.38105,4.80,1.00
2010.06.08 10:08:14.096,1.3808,1.381,2.40,4.00
2010.06.08 10:08:14.449,1.38075,1.38085,1.20,4.00
2010.06.08 10:08:14.809,1.3807,1.38095,6.40,2.40
2010.06.08 10:08:15.167,1.3807,1.3808,6.80,1.60
2010.06.08 10:08:15.511,1.3807,1.38105,6.40,1.00
2010.06.08 10:08:16.184,1.3807,1.38105,6.80,1.00
2010.06.08 10:08:16.530,1.38075,1.381,1.60,1.60
2010.06.08 10:08:19.007,1.38085,1.381,1.00,1.60
2010.06.08 10:08:19.190,1.3809,1.381,1.00,1.60
2010.06.08 10:08:19.872,1.3809,1.3811,4.80,1.60
2010.06.08 10:08:21.792,1.3809,1.3811,2.40,5.30
2010.06.08 10:08:21.964,1.3809,1.381,1.00,1.60
2010.06.08 10:08:22.140,1.3809,1.38095,1.00,8.00
2010.06.08 10:08:22.591,1.3809,1.381,1.00,1.60
2010.06.08 10:08:22.763,1.381,1.3811,2.40,1.60
2010.06.08 10:08:23.108,1.3809,1.3811,2.40,3.20
2010.06.08 10:08:23.471,1.3809,1.3811,4.80,1.60
2010.06.08 10:08:25.730,1.3809,1.381,4.80,1.60
2010.06.08 10:08:26.140,1.3809,1.381,3.20,1.60
2010.06.08 10:08:26.493,1.3809,1.3811,4.80,1.60
2010.06.08 10:08:28.786,1.3809,1.38115,4.80,2.40
2010.06.08 10:08:28.925,1.3809,1.3811,4.80,1.60
2010.06.08 10:08:29.423,1.3809,1.38115,4.80,1.60
2010.06.08 10:08:31.468,1.381,1.38115,1.00,1.60
2010.06.08 10:08:32.071,1.3809,1.38115,4.80,1.60
2010.06.08 10:08:35.214,1.381,1.38115,1.60,1.60
2010.06.08 10:08:36.385,1.381,1.3812,1.60,8.50
2010.06.08 10:08:39.525,1.381,1.3812,1.60,7.70
2010.06.08 10:08:39.930,1.381,1.3812,1.60,6.60
2010.06.08 10:08:40.132,1.381,1.3812,1.60,10.10
2010.06.08 10:08:40.910,1.381,1.3812,1.60,10.70
2010.06.08 10:08:45.695,1.381,1.3812,1.60,10.10
2010.06.08 10:08:46.209,1.381,1.3811,1.60,1.60
2010.06.08 10:08:46.549,1.38105,1.3812,1.60,7.50
2010.06.08 10:08:46.922,1.38105,1.3812,1.60,6.10
2010.06.08 10:08:47.273,1.38105,1.3812,1.60,3.20
2010.06.08 10:08:48.979,1.38095,1.38105,1.00,1.60
2010.06.08 10:08:49.330,1.38105,1.3812,1.60,4.70
2010.06.08 10:08:49.537,1.38105,1.3812,1.60,4.40
2010.06.08 10:08:49.736,1.38105,1.3812,1.60,3.60
2010.06.08 10:08:50.237,1.38105,1.3812,1.60,3.20
2010.06.08 10:08:50.455,1.38095,1.3811,1.00,1.00
2010.06.08 10:08:50.796,1.381,1.3811,1.60,1.00
2010.06.08 10:08:51.131,1.381,1.3811,1.60,1.60
2010.06.08 10:08:52.148,1.381,1.38105,1.60,1.60
2010.06.08 10:08:52.783,1.38105,1.38115,1.60,2.40
2010.06.08 10:08:52.832,1.38105,1.3812,1.60,1.60
2010.06.08 10:08:54.307,1.3811,1.3812,1.60,1.60
2010.06.08 10:08:56.280,1.3811,1.3812,1.60,3.20
2010.06.08 10:09:06.855,1.38105,1.3812,1.00,3.20
2010.06.08 10:09:07.117,1.38105,1.38115,1.00,1.00
2010.06.08 10:09:07.734,1.381,1.38115,8.50,1.00
2010.06.08 10:09:08.079,1.38105,1.38115,1.60,1.00
2010.06.08 10:09:08.644,1.38105,1.3812,1.60,3.20
2010.06.08 10:09:09.075,1.38105,1.3812,1.60,1.60
2010.06.08 10:09:10.619,1.38105,1.3812,1.60,9.60
2010.06.08 10:09:10.967,1.38105,1.38115,1.60,1.00
2010.06.08 10:09:11.310,1.381,1.38115,6.80,4.00
2010.06.08 10:09:11.656,1.381,1.38115,6.80,1.00
2010.06.08 10:09:11.996,1.38105,1.38115,1.00,1.00
2010.06.08 10:09:12.875,1.38095,1.38115,9.20,1.00
2010.06.08 10:09:13.220,1.381,1.3812,1.60,1.60
2010.06.08 10:09:19.194,1.38095,1.3812,7.60,4.00
2010.06.08 10:09:19.706,1.38095,1.3811,7.60,5.60
2010.06.08 10:09:20.021,1.381,1.3812,1.60,3.20
2010.06.08 10:09:21.638,1.38095,1.3812,7.60,3.20
2010.06.08 10:09:22.645,1.381,1.38125,1.60,9.30
2010.06.08 10:09:23.729,1.381,1.3812,1.60,2.40
2010.06.08 10:09:24.029,1.381,1.3812,1.60,1.60
2010.06.08 10:09:24.687,1.381,1.38125,1.60,9.30
2010.06.08 10:09:25.026,1.381,1.3811,1.60,1.00
2010.06.08 10:09:25.476,1.381,1.3812,1.60,1.60
2010.06.08 10:09:25.810,1.381,1.38115,1.60,2.40
2010.06.08 10:09:26.129,1.38095,1.38105,4.40,4.00
2010.06.08 10:09:26.752,1.38095,1.38105,2.40,4.00
2010.06.08 10:09:27.101,1.38095,1.3812,8.80,3.20
2010.06.08 10:09:27.452,1.381,1.3812,1.60,3.20
2010.06.08 10:09:28.366,1.38105,1.3812,1.00,3.20
2010.06.08 10:09:29.051,1.381,1.38115,1.00,3.70
2010.06.08 10:09:29.401,1.381,1.38115,1.00,9.30
2010.06.08 10:09:29.753,1.38095,1.3811,1.00,1.60
2010.06.08 10:09:33.976,1.38095,1.3811,1.00,1.60
2010.06.08 10:09:35.581,1.38095,1.3811,1.00,8.80
2010.06.08 10:09:35.900,1.38095,1.3811,1.00,10.10
2010.06.08 10:09:36.263,1.3809,1.38105,1.00,4.50
2010.06.08 10:09:36.607,1.3808,1.38105,2.00,4.50
2010.06.08 10:09:38.115,1.3808,1.38105,1.60,4.50
2010.06.08 10:09:45.597,1.3808,1.38105,2.40,4.50
2010.06.08 10:09:45.667,1.3808,1.38105,4.00,2.90
2010.06.08 10:09:45.986,1.3808,1.38105,6.40,2.90
2010.06.08 10:09:46.068,1.3808,1.38105,7.20,1.60
2010.06.08 10:09:46.135,1.3808,1.3811,7.20,7.70
2010.06.08 10:09:46.216,1.3808,1.3811,7.20,6.90
2010.06.08 10:09:46.558,1.3808,1.3811,8.40,6.10
2010.06.08 10:09:46.896,1.38085,1.3811,1.00,6.50
2010.06.08 10:09:47.395,1.38085,1.38105,1.00,1.00
2010.06.08 10:09:47.589,1.3808,1.3809,1.00,1.60
2010.06.08 10:09:47.980,1.3808,1.3809,3.20,1.00
2010.06.08 10:09:48.457,1.3808,1.381,3.20,1.60
2010.06.08 10:09:51.896,1.3808,1.381,3.20,3.20
2010.06.08 10:09:59.814,1.3808,1.381,1.00,5.60
2010.06.08 10:10:00.112,1.3808,1.381,3.20,3.20
2010.06.08 10:10:00.459,1.3808,1.381,3.20,3.60
2010.06.08 10:10:01.444,1.3808,1.38095,1.00,1.00
2010.06.08 10:10:01.690,1.3808,1.381,3.20,2.80
2010.06.08 10:10:01.936,1.3808,1.381,4.00,1.60
2010.06.08 10:10:02.449,1.3808,1.38105,5.60,2.00
2010.06.08 10:10:03.140,1.3808,1.38105,5.60,1.60
2010.06.08 10:10:19.387,1.3808,1.381,5.60,1.60
2010.06.08 10:10:19.726,1.3808,1.38105,5.60,1.60
2010.06.08 10:10:21.437,1.3808,1.38105,4.80,1.60
2010.06.08 10:10:22.062,1.3808,1.38105,5.60,1.60
2010.06.08 10:10:53.296,1.3808,1.38105,4.80,1.60
2010.06.08 10:10:53.417,1.3808,1.381,3.20,1.00
2010.06.08 10:10:53.771,1.3808,1.381,4.80,1.00
2010.06.08 10:10:54.121,1.3808,1.38105,5.60,1.60
2010.06.08 10:10:55.168,1.3808,1.38105,7.20,1.60
2010.06.08 10:10:57.208,1.3808,1.38105,4.80,2.90
2010.06.08 10:10:57.682,1.3808,1.381,4.80,1.00
2010.06.08 10:10:57.811,1.3808,1.381,4.80,1.60
2010.06.08 10:10:59.319,1.3808,1.381,3.20,1.60
2010.06.08 10:11:04.357,1.3808,1.3809,4.80,1.60
2010.06.08 10:11:04.701,1.3808,1.381,6.40,1.60
2010.06.08 10:11:05.047,1.3808,1.381,4.80,1.60
2010.06.08 10:11:10.610,1.3808,1.381,6.40,1.60
2010.06.08 10:11:10.958,1.3808,1.381,4.80,1.60
2010.06.08 10:11:13.437,1.3808,1.381,4.80,1.00
2010.06.08 10:11:13.787,1.3808,1.38105,4.80,2.90
2010.06.08 10:11:14.127,1.3808,1.38105,5.60,2.90
2010.06.08 10:11:14.466,1.3808,1.38105,4.80,2.90
2010.06.08 10:11:14.812,1.3808,1.38105,7.20,1.60
2010.06.08 10:11:19.473,1.38085,1.381,5.20,1.60
2010.06.08 10:11:19.790,1.38085,1.381,6.80,1.60
2010.06.08 10:11:22.950,1.38085,1.38105,7.60,2.40
2010.06.08 10:11:23.117,1.3809,1.38105,3.20,1.60
2010.06.08 10:11:23.582,1.3809,1.3811,4.00,3.20
2010.06.08 10:11:23.929,1.3809,1.3811,3.20,3.20
2010.06.08 10:11:24.617,1.3809,1.3811,3.20,2.40
2010.06.08 10:11:24.957,1.3809,1.3811,3.20,1.60
2010.06.08 10:11:29.712,1.38095,1.3811,6.40,1.60
2010.06.08 10:11:29.918,1.38095,1.3811,6.40,1.60
2010.06.08 10:11:31.166,1.38095,1.3811,4.80,1.60
2010.06.08 10:11:31.419,1.38095,1.3811,5.20,8.00
2010.06.08 10:11:31.766,1.38095,1.3811,7.60,8.00
2010.06.08 10:11:32.022,1.38095,1.3811,6.00,1.60
2010.06.08 10:11:44.427,1.38095,1.3811,7.60,1.60
2010.06.08 10:11:44.696,1.38095,1.38115,7.70,1.60
2010.06.08 10:11:48.146,1.38095,1.3811,7.60,1.60
2010.06.08 10:11:48.315,1.38095,1.3811,7.60,1.00
2010.06.08 10:11:48.487,1.38095,1.38115,7.60,1.60
2010.06.08 10:11:51.058,1.38095,1.38115,1.00,1.60
2010.06.08 10:11:51.462,1.3809,1.38115,6.80,1.60
2010.06.08 10:11:51.808,1.3809,1.38115,6.40,1.60
2010.06.08 10:11:52.147,1.3809,1.38115,7.20,1.60
2010.06.08 10:11:53.131,1.3809,1.3811,5.50,1.60
2010.06.08 10:11:53.687,1.3809,1.3811,4.80,1.60
2010.06.08 10:11:58.439,1.38095,1.3811,1.60,1.60
2010.06.08 10:11:59.683,1.3809,1.3811,4.80,1.60
2010.06.08 10:12:02.654,1.3809,1.3811,5.60,1.60
2010.06.08 10:12:03.143,1.381,1.3812,4.80,1.60
2010.06.08 10:12:34.677,1.38105,1.3812,1.60,1.60
2010.06.08 10:12:35.387,1.38105,1.3812,1.60,3.20
2010.06.08 10:12:39.226,1.38105,1.3812,1.60,1.60
2010.06.08 10:12:39.544,1.3811,1.3812,1.60,1.00
2010.06.08 10:12:39.821,1.3812,1.3813,1.60,1.00
2010.06.08 10:12:40.398,1.3812,1.38135,1.60,6.80
2010.06.08 10:12:44.118,1.3812,1.3813,1.60,1.60
2010.06.08 10:12:44.465,1.3812,1.3813,1.00,1.60
2010.06.08 10:12:45.487,1.3812,1.38135,1.00,5.20
2010.06.08 10:12:45.829,1.3812,1.38135,1.00,4.80
2010.06.08 10:12:50.945,1.38115,1.3813,3.20,1.00
2010.06.08 10:12:51.635,1.3812,1.38135,1.00,4.80
2010.06.08 10:12:53.466,1.3811,1.38125,6.80,1.60
2010.06.08 10:12:53.647,1.3811,1.3812,3.00,1.00
2010.06.08 10:12:53.826,1.38105,1.3812,4.40,1.00
2010.06.08 10:12:54.215,1.38105,1.3812,3.60,1.00
2010.06.08 10:12:54.559,1.38105,1.3812,3.20,1.00
2010.06.08 10:12:55.526,1.3811,1.38125,1.00,1.60
2010.06.08 10:12:56.426,1.38105,1.3812,3.20,1.00
2010.06.08 10:12:58.960,1.3811,1.38125,1.00,1.00
2010.06.08 10:12:59.286,1.3811,1.3813,1.60,7.20
2010.06.08 10:12:59.468,1.3812,1.3813,1.00,1.60
2010.06.08 10:13:06.176,1.3812,1.3813,1.00,3.20
2010.06.08 10:13:06.576,1.3812,1.38135,1.00,11.60
2010.06.08 10:13:06.775,1.38125,1.38135,1.00,10.00
2010.06.08 10:13:06.916,1.38125,1.38135,1.00,6.80
2010.06.08 10:13:07.807,1.3812,1.38135,1.60,6.80
2010.06.08 10:13:08.645,1.38125,1.38135,1.00,6.80
2010.06.08 10:13:08.765,1.3812,1.38135,1.60,6.80
2010.06.08 10:13:10.277,1.38125,1.38135,1.00,6.80
2010.06.08 10:13:10.456,1.3812,1.38135,1.60,6.80
2010.06.08 10:13:10.805,1.38125,1.38135,1.00,6.80
2010.06.08 10:13:10.985,1.3812,1.38135,1.60,6.80
2010.06.08 10:13:11.165,1.38125,1.38135,1.00,6.80
2010.06.08 10:13:11.437,1.3812,1.3813,1.60,6.40
2010.06.08 10:13:11.707,1.3812,1.38125,1.00,3.20
2010.06.08 10:13:14.586,1.3812,1.38125,1.00,4.00
2010.06.08 10:13:15.137,1.3812,1.38125,1.00,5.70
2010.06.08 10:13:15.479,1.3811,1.38125,1.60,4.00
2010.06.08 10:13:17.177,1.3811,1.38125,1.60,6.40
2010.06.08 10:13:17.519,1.3811,1.38125,1.60,4.00
2010.06.08 10:13:18.150,1.3811,1.38125,1.60,4.80
2010.06.08 10:13:19.810,1.3811,1.38125,1.60,6.40
2010.06.08 10:13:20.412,1.3812,1.38125,1.00,4.00
2010.06.08 10:13:21.692,1.38115,1.38125,1.00,6.40
2010.06.08 10:13:23.396,1.3812,1.38125,1.00,4.00
2010.06.08 10:13:24.377,1.3812,1.38125,1.00,5.60
2010.06.08 10:13:32.675,1.38115,1.3812,1.60,1.00
2010.06.08 10:13:32.748,1.38115,1.3812,1.60,2.40
2010.06.08 10:13:32.795,1.38115,1.3812,1.60,1.60
2010.06.08 10:13:32.904,1.3811,1.3812,4.80,2.40
2010.06.08 10:13:33.262,1.3811,1.38125,6.40,3.20
2010.06.08 10:13:33.415,1.3812,1.38125,1.00,3.20
2010.06.08 10:13:34.453,1.3812,1.38125,1.00,2.40
2010.06.08 10:13:34.692,1.3812,1.38125,1.00,2.80
2010.06.08 10:13:37.157,1.38115,1.3812,1.60,1.00
2010.06.08 10:13:37.347,1.3812,1.38125,1.00,4.00
2010.06.08 10:13:37.535,1.3812,1.38125,1.00,3.20
2010.06.08 10:13:37.844,1.3812,1.38125,1.00,1.60
2010.06.08 10:13:38.436,1.3812,1.38125,1.00,2.40
2010.06.08 10:13:38.646,1.3812,1.38125,1.00,4.00
2010.06.08 10:13:42.365,1.3812,1.38125,1.00,2.40
2010.06.08 10:13:43.567,1.3812,1.38125,1.00,2.80
2010.06.08 10:13:45.544,1.38125,1.3813,1.00,13.00
2010.06.08 10:13:45.734,1.3812,1.38125,4.00,1.60
2010.06.08 10:13:45.926,1.38125,1.3813,1.00,4.00
2010.06.08 10:13:46.413,1.38125,1.3813,1.00,2.40
2010.06.08 10:13:46.604,1.38125,1.38135,1.00,3.20
2010.06.08 10:13:46.951,1.38125,1.38135,1.00,4.00
2010.06.08 10:13:47.297,1.38125,1.38135,1.00,5.60
2010.06.08 10:13:49.925,1.38125,1.3813,1.60,1.00
2010.06.08 10:13:50.234,1.38125,1.38135,1.60,3.60
2010.06.08 10:13:50.578,1.3813,1.38135,1.00,3.60
2010.06.08 10:13:50.889,1.3813,1.38135,1.00,2.80
2010.06.08 10:13:51.535,1.3812,1.38135,8.80,1.00
2010.06.08 10:13:52.022,1.38125,1.38135,1.60,4.00
2010.06.08 10:13:52.373,1.38125,1.38135,1.60,2.40
2010.06.08 10:13:53.765,1.3813,1.38135,1.60,4.80
2010.06.08 10:13:54.054,1.38095,1.3813,4.00,4.50
2010.06.08 10:13:54.643,1.38095,1.3813,2.00,6.90
2010.06.08 10:13:54.995,1.38095,1.3813,1.60,6.90
2010.06.08 10:13:55.937,1.38105,1.3813,1.60,8.50
2010.06.08 10:13:56.776,1.38105,1.38125,1.60,1.00
2010.06.08 10:13:57.218,1.38105,1.38125,1.60,1.60
2010.06.08 10:13:57.439,1.38105,1.3813,1.60,10.10
2010.06.08 10:13:57.889,1.38105,1.38125,1.60,1.00
2010.06.08 10:13:58.168,1.38105,1.38125,1.60,1.60
2010.06.08 10:13:58.448,1.38105,1.3813,1.60,10.10
2010.06.08 10:13:59.393,1.38105,1.3812,1.60,1.60
2010.06.08 10:13:59.741,1.38105,1.3813,4.00,6.90
2010.06.08 10:14:00.358,1.3812,1.3813,1.60,6.90
2010.06.08 10:14:01.638,1.3812,1.3813,1.60,5.30
2010.06.08 10:14:01.986,1.3812,1.3813,1.60,4.50
2010.06.08 10:14:04.387,1.3812,1.3813,1.60,5.30
2010.06.08 10:14:05.065,1.3812,1.3813,1.00,7.70
2010.06.08 10:14:05.415,1.38105,1.3813,1.60,10.90
2010.06.08 10:14:10.425,1.38105,1.38125,1.60,1.00
2010.06.08 10:14:11.173,1.3811,1.3813,1.60,8.50
2010.06.08 10:14:12.789,1.3811,1.3813,1.60,7.70
2010.06.08 10:14:14.308,1.3811,1.3813,1.60,6.90
2010.06.08 10:14:14.529,1.3811,1.3813,1.60,1.60
2010.06.08 10:14:14.751,1.3812,1.3813,4.00,1.60
2010.06.08 10:14:14.979,1.38125,1.38135,1.60,2.40
2010.06.08 10:14:15.297,1.38125,1.38135,1.60,1.60
2010.06.08 10:14:15.647,1.38125,1.3814,1.60,3.20
2010.06.08 10:14:16.915,1.38125,1.3814,2.40,3.20
2010.06.08 10:14:20.209,1.38125,1.3814,1.60,3.20
2010.06.08 10:14:23.212,1.38125,1.3814,2.40,3.20
2010.06.08 10:14:23.288,1.38125,1.3814,3.20,3.20
2010.06.08 10:14:23.368,1.38125,1.3814,5.60,1.60
2010.06.08 10:14:23.447,1.38125,1.3814,7.20,1.60
2010.06.08 10:14:23.837,1.38125,1.3814,9.20,1.60
2010.06.08 10:14:25.120,1.38125,1.3814,8.40,1.60
2010.06.08 10:14:25.749,1.3813,1.38145,2.40,1.60
2010.06.08 10:14:28.004,1.3813,1.38145,1.00,3.20
2010.06.08 10:14:28.236,1.3813,1.3814,1.00,1.00
2010.06.08 10:14:28.376,1.38125,1.3814,4.40,1.60
2010.06.08 10:14:28.516,1.38125,1.3814,8.40,1.60
2010.06.08 10:14:28.655,1.38125,1.3814,8.00,1.60
2010.06.08 10:14:29.655,1.38125,1.3814,8.40,1.60
2010.06.08 10:14:30.486,1.38125,1.3814,8.00,1.60
2010.06.08 10:14:30.657,1.3813,1.3814,1.60,1.60
2010.06.08 10:14:31.878,1.3813,1.3815,1.60,1.60
2010.06.08 10:14:38.165,1.3813,1.3815,2.40,1.60
2010.06.08 10:14:38.427,1.38135,1.38155,2.40,1.00
2010.06.08 10:14:38.686,1.38135,1.38155,2.40,1.00
2010.06.08 10:14:44.251,1.3814,1.38155,5.60,1.00
2010.06.08 10:14:44.387,1.3814,1.38155,6.40,1.00
2010.06.08 10:14:44.530,1.38145,1.3816,1.60,1.60
2010.06.08 10:14:45.508,1.3814,1.3816,5.60,1.60
2010.06.08 10:14:45.558,1.3814,1.3816,2.80,1.60
2010.06.08 10:14:45.826,1.3814,1.3816,2.40,1.60
2010.06.08 10:14:47.778,1.3814,1.3816,1.60,3.20
2010.06.08 10:14:52.196,1.3814,1.3816,2.40,1.60
2010.06.08 10:14:52.326,1.3814,1.3816,6.40,1.60
2010.06.08 10:14:52.455,1.38145,1.3816,2.40,1.60
2010.06.08 10:14:53.338,1.38145,1.3816,1.60,1.60
2010.06.08 10:14:54.025,1.3815,1.3817,6.20,1.60
2010.06.08 10:14:54.377,1.3815,1.3817,7.60,1.60
2010.06.08 10:14:54.720,1.3815,1.3817,6.00,1.60
2010.06.08 10:14:59.082,1.38155,1.3817,5.60,1.60
2010.06.08 10:14:59.435,1.38155,1.3817,6.40,1.60
2010.06.08 10:15:00.687,1.3815,1.38175,6.00,1.60
2010.06.08 10:15:00.940,1.3815,1.38175,6.40,1.60
2010.06.08 10:15:01.187,1.3815,1.38175,5.60,1.60
2010.06.08 10:15:03.069,1.3815,1.3817,6.00,1.60
2010.06.08 10:15:04.182,1.38155,1.3817,3.20,1.60
2010.06.08 10:15:04.360,1.38155,1.3817,7.20,1.60
2010.06.08 10:15:04.535,1.38155,1.3817,6.40,1.60
2010.06.08 10:15:08.448,1.38155,1.38175,7.20,1.60
2010.06.08 10:15:09.089,1.38165,1.3818,1.00,3.20
2010.06.08 10:15:09.405,1.3816,1.3818,5.20,1.60
2010.06.08 10:15:09.711,1.3816,1.3818,4.80,1.60
2010.06.08 10:15:10.646,1.3816,1.3818,5.00,1.60
2010.06.08 10:15:11.704,1.3816,1.38185,6.60,1.60
2010.06.08 10:15:12.769,1.3816,1.38185,7.40,1.60
2010.06.08 10:15:13.226,1.38165,1.38185,1.00,1.60
2010.06.08 10:15:13.887,1.3816,1.38185,8.90,1.60
2010.06.08 10:15:14.226,1.3816,1.38185,7.30,1.60
2010.06.08 10:15:14.615,1.3816,1.38185,6.60,1.60
2010.06.08 10:15:14.853,1.3816,1.38185,7.00,1.60
2010.06.08 10:15:15.538,1.38175,1.38185,1.00,1.60
2010.06.08 10:15:16.076,1.38175,1.3819,4.00,1.60
2010.06.08 10:15:16.427,1.38175,1.3819,5.60,1.60
2010.06.08 10:15:18.927,1.38175,1.3819,7.20,1.60
2010.06.08 10:15:19.281,1.38175,1.38195,7.20,1.60
2010.06.08 10:15:19.629,1.3818,1.38195,1.00,1.60
2010.06.08 10:15:21.615,1.3818,1.38195,1.00,2.80
2010.06.08 10:15:21.965,1.3817,1.3819,4.40,1.60
2010.06.08 10:15:22.172,1.3817,1.3819,3.60,3.20
2010.06.08 10:15:22.373,1.3817,1.3819,5.20,3.20
2010.06.08 10:15:22.787,1.3817,1.3819,3.60,3.20
2010.06.08 10:15:22.997,1.3817,1.3819,5.20,3.20
2010.06.08 10:15:23.343,1.3817,1.3819,5.20,1.60
2010.06.08 10:15:23.695,1.3817,1.3819,2.00,1.60
2010.06.08 10:15:24.042,1.3817,1.3819,1.60,7.20
2010.06.08 10:15:24.737,1.38165,1.3818,1.00,1.60
2010.06.08 10:15:25.391,1.3816,1.3818,6.80,1.60
2010.06.08 10:15:27.283,1.3816,1.3818,2.00,4.80
2010.06.08 10:15:27.454,1.3816,1.3817,1.00,1.60
2010.06.08 10:15:27.618,1.3816,1.3817,1.00,8.50
2010.06.08 10:15:27.784,1.3815,1.3817,1.00,10.10
2010.06.08 10:15:28.385,1.3815,1.38165,1.00,1.00
2010.06.08 10:15:28.723,1.38145,1.38165,2.40,1.60
2010.06.08 10:15:29.052,1.3815,1.3817,1.60,4.00
2010.06.08 10:15:29.707,1.3815,1.3817,2.00,4.00
2010.06.08 10:15:30.597,1.3815,1.3816,2.00,4.80
2010.06.08 10:15:30.808,1.3814,1.3815,2.40,3.20
2010.06.08 10:15:31.022,1.3814,1.3815,1.00,1.60
2010.06.08 10:15:31.370,1.38135,1.3815,4.00,1.60
2010.06.08 10:15:31.587,1.38135,1.3815,3.30,1.60
2010.06.08 10:15:31.932,1.38135,1.3815,2.00,1.60
2010.06.08 10:15:32.281,1.38135,1.38145,1.60,1.00
2010.06.08 10:15:32.739,1.3813,1.38145,7.60,1.00
2010.06.08 10:15:33.087,1.3813,1.38145,5.20,4.80
2010.06.08 10:15:33.434,1.3813,1.3814,5.20,1.60
2010.06.08 10:15:33.783,1.3813,1.3814,5.20,1.00
2010.06.08 10:15:34.784,1.3814,1.38145,1.00,4.80
2010.06.08 10:15:35.129,1.38145,1.3818,1.60,8.50
2010.06.08 10:15:35.468,1.3814,1.3818,7.90,6.90
2010.06.08 10:15:35.807,1.38155,1.3818,1.00,4.50
2010.06.08 10:15:36.537,1.38155,1.3817,1.00,6.90
2010.06.08 10:15:36.660,1.38155,1.3817,1.00,5.30
2010.06.08 10:15:36.786,1.3815,1.3817,2.00,2.90
2010.06.08 10:15:37.734,1.3815,1.38165,2.00,1.30
2010.06.08 10:15:38.087,1.3815,1.3817,1.00,6.60
2010.06.08 10:15:38.429,1.38145,1.3817,3.20,6.60
2010.06.08 10:15:38.770,1.3814,1.3816,7.60,1.60
2010.06.08 10:15:39.127,1.38145,1.3816,1.00,1.60
2010.06.08 10:15:39.474,1.3814,1.3816,5.20,1.60
2010.06.08 10:15:39.820,1.38145,1.3816,1.00,1.60
2010.06.08 10:15:40.528,1.38145,1.3816,2.40,1.60
2010.06.08 10:15:40.871,1.3815,1.3816,1.00,1.60
2010.06.08 10:15:41.812,1.3815,1.3816,1.00,1.60
2010.06.08 10:15:42.138,1.38145,1.3816,1.00,1.60
2010.06.08 10:15:42.370,1.38145,1.3816,1.20,1.60
2010.06.08 10:15:42.608,1.3814,1.3816,7.60,1.60
2010.06.08 10:15:42.839,1.38145,1.3816,1.00,1.60
2010.06.08 10:15:43.387,1.3815,1.3816,5.60,1.00
2010.06.08 10:15:43.666,1.38155,1.3817,1.00,3.20
2010.06.08 10:15:43.941,1.38155,1.3817,2.00,3.20
2010.06.08 10:15:44.493,1.38155,1.3817,2.40,1.60
2010.06.08 10:15:44.842,1.3816,1.3817,1.00,1.60
2010.06.08 10:15:49.137,1.3816,1.38175,1.20,1.00
2010.06.08 10:15:49.623,1.38165,1.3818,1.60,1.60
2010.06.08 10:15:49.963,1.38165,1.3818,2.00,1.60
2010.06.08 10:15:50.651,1.38175,1.38185,1.00,4.80
2010.06.08 10:15:51.285,1.38175,1.3819,7.40,8.00
2010.06.08 10:15:51.632,1.3818,1.382,2.40,1.60
2010.06.08 10:15:53.258,1.3818,1.382,2.00,2.40
2010.06.08 10:15:53.520,1.3818,1.382,2.00,3.20
2010.06.08 10:15:53.661,1.3818,1.382,1.00,5.60
2010.06.08 10:15:53.797,1.38175,1.382,2.00,5.60
2010.06.08 10:15:54.221,1.38175,1.382,3.60,5.60
2010.06.08 10:15:54.571,1.3819,1.382,1.60,1.60
2010.06.08 10:15:54.920,1.3818,1.382,3.80,1.60
2010.06.08 10:15:55.266,1.3818,1.382,3.80,2.40
2010.06.08 10:15:56.788,1.3818,1.382,2.20,3.20
2010.06.08 10:15:56.957,1.3818,1.382,1.00,3.20
2010.06.08 10:15:57.129,1.38175,1.382,3.80,5.60
2010.06.08 10:15:57.469,1.38175,1.382,2.20,4.00
2010.06.08 10:15:57.811,1.38175,1.38195,2.00,1.00
2010.06.08 10:15:58.501,1.38175,1.382,1.80,5.60
2010.06.08 10:15:59.225,1.38185,1.382,1.00,5.60
2010.06.08 10:15:59.573,1.38175,1.382,1.80,5.60
2010.06.08 10:15:59.819,1.38175,1.38195,1.80,3.20
2010.06.08 10:16:00.061,1.38175,1.38195,1.60,5.60
2010.06.08 10:16:00.599,1.38175,1.38195,1.60,7.20
2010.06.08 10:16:01.428,1.3818,1.38195,12.00,7.20
2010.06.08 10:16:01.707,1.3818,1.3819,2.40,1.60
2010.06.08 10:16:02.321,1.3818,1.38185,1.60,1.60
2010.06.08 10:16:02.675,1.3818,1.3819,1.60,5.60
2010.06.08 10:16:02.799,1.3817,1.3819,3.20,7.60
2010.06.08 10:16:03.459,1.3817,1.38185,1.60,3.20
2010.06.08 10:16:03.685,1.3817,1.38185,3.20,1.60
2010.06.08 10:16:04.027,1.3817,1.38185,6.40,1.60
2010.06.08 10:16:04.368,1.38175,1.3819,1.60,2.00
2010.06.08 10:16:04.719,1.38175,1.3819,1.60,1.60
2010.06.08 10:16:04.945,1.3818,1.3819,1.00,1.00
2010.06.08 10:16:05.162,1.38165,1.3819,1.60,2.40
2010.06.08 10:16:05.383,1.38165,1.3819,1.60,7.70
2010.06.08 10:16:05.907,1.38165,1.3819,1.60,7.20
2010.06.08 10:16:06.249,1.38165,1.38185,1.60,1.00
2010.06.08 10:16:06.928,1.3816,1.3819,4.80,8.00
2010.06.08 10:16:07.989,1.3816,1.38185,4.80,1.00
2010.06.08 10:16:09.630,1.3816,1.3819,5.60,9.30
2010.06.08 10:16:09.978,1.3816,1.3819,6.40,9.30
2010.06.08 10:16:10.225,1.3816,1.38185,5.60,1.00
2010.06.08 10:16:10.477,1.3816,1.3818,4.80,1.60
2010.06.08 10:16:11.126,1.3816,1.38185,4.80,1.00
2010.06.08 10:16:11.470,1.3816,1.3818,1.60,1.00
2010.06.08 10:16:11.819,1.3816,1.38185,1.60,2.10
2010.06.08 10:16:12.852,1.3816,1.3818,1.60,1.00
2010.06.08 10:16:14.420,1.38165,1.3818,4.80,1.00
2010.06.08 10:16:14.770,1.38165,1.3818,1.00,1.00
2010.06.08 10:16:14.968,1.38155,1.3818,1.60,1.00
2010.06.08 10:16:15.166,1.38155,1.38185,2.00,3.70
2010.06.08 10:16:15.556,1.38155,1.38185,1.60,3.70
2010.06.08 10:16:16.467,1.3816,1.3818,1.00,7.20
2010.06.08 10:16:16.809,1.38155,1.3818,1.60,8.50
2010.06.08 10:16:17.036,1.38155,1.3818,1.60,9.10
2010.06.08 10:16:18.026,1.3816,1.3818,2.40,7.00
2010.06.08 10:16:18.206,1.3816,1.3818,6.00,3.20
2010.06.08 10:16:19.807,1.3816,1.38175,6.00,1.00
2010.06.08 10:16:20.149,1.3816,1.3818,3.60,3.20
2010.06.08 10:16:20.838,1.3816,1.3818,3.20,3.20
2010.06.08 10:16:24.213,1.38165,1.3818,1.00,3.20
2010.06.08 10:16:25.287,1.3816,1.3818,4.80,3.20
2010.06.08 10:16:26.081,1.3816,1.38185,5.00,1.60
2010.06.08 10:16:26.996,1.3816,1.38185,8.20,1.60
2010.06.08 10:16:28.331,1.3816,1.3818,6.60,1.60
2010.06.08 10:16:28.679,1.3816,1.38185,5.00,1.60
2010.06.08 10:16:29.019,1.3816,1.38185,6.60,1.60
2010.06.08 10:16:30.038,1.3816,1.38185,6.60,2.40
2010.06.08 10:16:30.383,1.3816,1.38185,5.00,1.60
2010.06.08 10:16:30.795,1.3816,1.38185,5.00,2.40
2010.06.08 10:16:31.495,1.38155,1.3818,5.20,4.00
2010.06.08 10:16:31.841,1.38155,1.3818,2.00,7.20
2010.06.08 10:16:32.769,1.38155,1.3818,1.60,7.20
2010.06.08 10:16:33.259,1.3815,1.3818,5.80,7.20
2010.06.08 10:16:34.504,1.3816,1.3818,1.60,5.60
2010.06.08 10:16:35.130,1.38165,1.3818,1.60,1.60
2010.06.08 10:16:35.740,1.3816,1.3818,6.80,1.60
2010.06.08 10:16:36.070,1.3816,1.3818,2.00,1.60
2010.06.08 10:16:36.737,1.3816,1.3818,1.60,1.60
2010.06.08 10:16:38.340,1.3816,1.3818,3.20,1.60
2010.06.08 10:16:38.614,1.3816,1.3818,1.60,1.60
2010.06.08 10:16:38.878,1.3816,1.3818,1.60,3.20
2010.06.08 10:16:39.642,1.3816,1.3818,1.60,1.60
2010.06.08 10:16:40.325,1.38155,1.3818,6.00,1.60
2010.06.08 10:16:42.234,1.3816,1.3818,1.60,2.40
2010.06.08 10:16:42.636,1.3816,1.3818,1.60,1.60
2010.06.08 10:16:42.881,1.38155,1.3818,6.00,1.60
2010.06.08 10:16:48.474,1.38155,1.3818,6.20,1.60
2010.06.08 10:16:50.255,1.38155,1.3818,7.80,1.60
2010.06.08 10:16:50.765,1.3816,1.3818,1.60,1.60
2010.06.08 10:16:51.606,1.3816,1.3818,3.20,1.60
2010.06.08 10:17:03.837,1.3816,1.3818,2.40,2.40
2010.06.08 10:17:04.137,1.3816,1.3818,1.60,1.60
2010.06.08 10:17:05.048,1.3816,1.3818,1.60,3.20
2010.06.08 10:17:06.189,1.38155,1.3818,1.00,5.60
2010.06.08 10:17:06.440,1.3815,1.3818,4.80,5.60
2010.06.08 10:17:07.133,1.38155,1.3818,1.60,5.60
2010.06.08 10:17:08.975,1.38165,1.3818,1.60,5.60
2010.06.08 10:17:09.186,1.38165,1.3818,1.60,3.20
2010.06.08 10:17:09.396,1.38165,1.3818,1.60,1.60
2010.06.08 10:17:09.607,1.3816,1.3818,6.80,1.60
2010.06.08 10:17:09.937,1.3816,1.3818,7.00,1.60
2010.06.08 10:17:10.980,1.3816,1.3818,3.00,1.60
2010.06.08 10:17:11.249,1.3816,1.3818,1.60,3.20
2010.06.08 10:17:12.446,1.38155,1.38175,2.00,1.60
2010.06.08 10:17:12.772,1.3815,1.38175,3.60,5.60
2010.06.08 10:17:13.099,1.3815,1.3817,3.20,1.60
2010.06.08 10:17:13.609,1.3815,1.3817,3.20,3.20
2010.06.08 10:17:14.032,1.3815,1.3817,3.20,1.60
2010.06.08 10:17:14.667,1.3815,1.3817,3.20,3.20
2010.06.08 10:17:16.977,1.38155,1.3817,1.60,3.20
2010.06.08 10:17:19.014,1.38155,1.3817,2.40,3.20
2010.06.08 10:17:19.165,1.3816,1.3817,1.60,1.60
2010.06.08 10:17:19.205,1.3816,1.3817,4.00,1.60
2010.06.08 10:17:19.605,1.38165,1.3817,3.20,1.60
2010.06.08 10:17:19.854,1.38165,1.3818,2.00,1.60
2010.06.08 10:17:20.099,1.38165,1.3818,1.20,1.60
2010.06.08 10:17:20.337,1.3816,1.3818,5.20,1.60
2010.06.08 10:17:20.856,1.3816,1.3818,3.60,1.60
2010.06.08 10:17:25.414,1.3816,1.3818,2.80,1.60
2010.06.08 10:17:26.264,1.3816,1.3818,1.00,3.20
2010.06.08 10:17:26.716,1.38155,1.3818,5.20,3.20
2010.06.08 10:17:27.294,1.38155,1.3818,7.20,3.20
2010.06.08 10:17:27.416,1.38155,1.3818,6.80,3.20
2010.06.08 10:17:31.276,1.38155,1.3818,6.00,3.20
2010.06.08 10:17:33.647,1.3817,1.3818,1.00,2.40
2010.06.08 10:17:33.788,1.3817,1.3818,1.60,1.60
2010.06.08 10:17:34.224,1.3816,1.3818,4.00,3.20
2010.06.08 10:17:34.564,1.3815,1.3818,3.20,1.60
2010.06.08 10:17:34.900,1.38165,1.38185,1.60,1.60
2010.06.08 10:17:37.606,1.38165,1.3818,1.60,1.60
2010.06.08 10:17:37.956,1.3816,1.3818,7.80,1.60
2010.06.08 10:17:38.136,1.3816,1.3818,2.20,1.60
2010.06.08 10:17:38.655,1.3816,1.3818,4.60,1.60
2010.06.08 10:17:38.837,1.3816,1.3818,4.20,1.60
2010.06.08 10:17:39.566,1.3816,1.3818,5.80,1.60
2010.06.08 10:17:40.882,1.3816,1.38185,5.80,4.80
2010.06.08 10:17:42.249,1.38165,1.38185,2.40,1.60
2010.06.08 10:17:45.096,1.38165,1.3819,4.00,1.60
2010.06.08 10:17:45.236,1.3818,1.3819,1.60,1.60
2010.06.08 10:17:54.276,1.38185,1.3819,1.00,1.60
2010.06.08 10:17:54.550,1.3818,1.3819,1.60,1.60
2010.06.08 10:17:54.821,1.38175,1.3819,1.00,1.60
2010.06.08 10:17:55.085,1.3817,1.3819,2.40,1.60
2010.06.08 10:17:57.877,1.3818,1.3819,1.60,1.60
2010.06.08 10:18:07.439,1.3818,1.38195,1.60,3.20
2010.06.08 10:18:07.777,1.3818,1.3819,1.60,1.60
2010.06.08 10:18:11.866,1.3818,1.38195,1.60,1.60
2010.06.08 10:18:12.206,1.3818,1.38195,1.60,2.00
2010.06.08 10:18:12.547,1.3818,1.38195,1.60,1.60
2010.06.08 10:18:17.827,1.3818,1.3819,1.60,1.60
2010.06.08 10:18:22.826,1.38175,1.3819,4.00,3.20
2010.06.08 10:18:23.535,1.38175,1.3819,2.40,3.20
2010.06.08 10:18:35.537,1.3818,1.3819,1.00,1.60
2010.06.08 10:18:36.036,1.3818,1.3819,1.60,1.60
2010.06.08 10:18:36.384,1.38175,1.3819,4.00,1.60
2010.06.08 10:18:38.021,1.38175,1.3819,2.40,3.20
2010.06.08 10:18:38.288,1.38175,1.3819,2.40,1.60
2010.06.08 10:18:39.031,1.38175,1.3819,4.00,2.40
2010.06.08 10:18:39.383,1.38175,1.3819,4.00,1.60
2010.06.08 10:18:42.666,1.38175,1.3819,4.00,2.40
2010.06.08 10:18:43.238,1.38175,1.3819,4.00,1.60
2010.06.08 10:18:45.915,1.38175,1.3819,4.00,3.20
2010.06.08 10:18:46.327,1.38175,1.3819,4.00,1.60
2010.06.08 10:18:49.336,1.3818,1.3819,1.60,1.60
2010.06.08 10:18:49.978,1.38175,1.3819,4.00,1.60
2010.06.08 10:18:55.096,1.38175,1.3819,4.00,2.40
2010.06.08 10:18:55.439,1.38175,1.3819,4.00,3.20
2010.06.08 10:18:56.958,1.38175,1.3819,4.00,1.60
2010.06.08 10:18:59.747,1.38175,1.3819,4.00,2.40
2010.06.08 10:19:00.087,1.38175,1.3819,4.00,1.60
2010.06.08 10:19:00.782,1.38175,1.3819,2.40,1.60
2010.06.08 10:19:01.425,1.38175,1.3819,4.00,1.60
2010.06.08 10:19:02.404,1.38175,1.3819,4.00,3.20
2010.06.08 10:19:02.751,1.38175,1.3819,4.00,1.60
2010.06.08 10:19:02.920,1.3818,1.3819,1.60,1.60
2010.06.08 10:19:03.397,1.38185,1.3819,1.00,1.60
2010.06.08 10:19:03.895,1.38185,1.38195,1.00,2.40
2010.06.08 10:19:04.235,1.38185,1.38195,1.00,1.60
2010.06.08 10:19:04.915,1.3818,1.38195,1.60,1.60
2010.06.08 10:19:07.050,1.3819,1.38195,4.00,1.00
2010.06.08 10:19:07.235,1.38185,1.382,4.00,2.40
2010.06.08 10:19:07.411,1.38185,1.38205,4.00,3.60
2010.06.08 10:19:07.888,1.38185,1.38205,4.00,4.00
2010.06.08 10:19:08.060,1.38185,1.382,4.00,1.60
2010.06.08 10:19:10.328,1.3818,1.382,6.00,1.60
2010.06.08 10:19:10.474,1.3818,1.382,5.60,1.60
2010.06.08 10:19:10.795,1.3818,1.382,3.20,1.60
2010.06.08 10:19:16.105,1.38185,1.382,1.00,1.60
2010.06.08 10:19:16.400,1.3819,1.38205,1.60,1.60
2010.06.08 10:19:17.007,1.3819,1.382,1.60,1.60
2010.06.08 10:19:17.635,1.38185,1.382,2.40,1.60
2010.06.08 10:19:17.917,1.38185,1.382,1.60,3.20
2010.06.08 10:19:18.195,1.38185,1.382,2.40,3.20
2010.06.08 10:19:30.105,1.38185,1.382,1.60,3.20
2010.06.08 10:19:35.405,1.38185,1.382,2.40,3.20
2010.06.08 10:19:35.945,1.38185,1.382,1.60,3.20
2010.06.08 10:19:36.495,1.38185,1.382,2.40,3.20
2010.06.08 10:19:39.972,1.38185,1.382,1.60,1.60
2010.06.08 10:19:47.936,1.3819,1.382,1.60,1.60
2010.06.08 10:19:48.385,1.3819,1.382,1.60,3.20
2010.06.08 10:19:48.636,1.38185,1.382,1.60,3.20
2010.06.08 10:19:48.879,1.38185,1.382,3.20,1.00
2010.06.08 10:19:49.128,1.38185,1.38205,3.20,5.60
2010.06.08 10:19:50.920,1.38185,1.382,1.60,4.00
2010.06.08 10:19:51.096,1.38185,1.382,1.60,3.20
2010.06.08 10:19:51.276,1.38185,1.382,1.00,3.20
2010.06.08 10:19:52.099,1.3818,1.382,11.00,3.20
2010.06.08 10:19:52.775,1.3818,1.382,11.00,4.00
2010.06.08 10:19:56.894,1.38185,1.382,1.00,4.00
2010.06.08 10:19:57.156,1.3818,1.382,11.00,4.00
2010.06.08 10:19:58.135,1.38185,1.382,1.00,4.00
2010.06.08 10:20:00.897,1.38185,1.382,1.00,3.20
2010.06.08 10:20:02.965,1.38185,1.382,1.60,1.60
2010.06.08 10:20:04.197,1.38185,1.382,1.60,4.00
2010.06.08 10:20:05.926,1.38185,1.382,3.20,1.60
2010.06.08 10:20:08.814,1.38185,1.382,3.20,2.40
2010.06.08 10:20:09.035,1.38185,1.382,3.20,1.60
2010.06.08 10:20:09.488,1.38185,1.382,4.80,1.60
2010.06.08 10:20:10.468,1.38185,1.382,3.20,1.60
2010.06.08 10:20:11.349,1.3819,1.382,1.60,1.60
2010.06.08 10:20:12.296,1.3819,1.38205,1.60,2.40
2010.06.08 10:20:13.271,1.38185,1.38205,1.60,2.40
2010.06.08 10:20:17.806,1.38185,1.38205,2.40,3.20
2010.06.08 10:20:18.407,1.3819,1.38205,3.20,3.20
2010.06.08 10:20:18.736,1.382,1.3821,3.20,3.60
2010.06.08 10:20:19.013,1.382,1.3822,2.40,1.60
2010.06.08 10:20:19.583,1.38195,1.3822,7.60,1.60
2010.06.08 10:20:19.854,1.38195,1.3822,6.80,1.60
2010.06.08 10:20:20.536,1.38195,1.3822,6.40,1.60
2010.06.08 10:20:21.677,1.38195,1.38215,6.40,1.60
2010.06.08 10:20:23.372,1.38195,1.3822,6.40,1.60
2010.06.08 10:20:25.721,1.382,1.3822,3.20,1.60
2010.06.08 10:20:26.097,1.382,1.38225,3.20,1.60
2010.06.08 10:20:27.073,1.38205,1.38225,1.00,1.60
2010.06.08 10:20:27.431,1.3821,1.3823,5.60,3.60
2010.06.08 10:20:27.778,1.3821,1.3823,5.60,1.60
2010.06.08 10:20:28.417,1.3821,1.3823,5.20,1.60
2010.06.08 10:20:29.019,1.3821,1.38235,5.20,3.20
2010.06.08 10:20:29.320,1.3822,1.38235,2.40,1.60
2010.06.08 10:20:29.579,1.3822,1.3824,2.40,5.00
2010.06.08 10:20:30.173,1.3822,1.3824,2.40,4.60
2010.06.08 10:20:30.773,1.38215,1.3823,8.40,1.60
2010.06.08 10:20:31.197,1.38215,1.3824,8.90,7.60
2010.06.08 10:20:31.553,1.38215,1.3823,5.60,1.60
2010.06.08 10:20:32.506,1.38215,1.3823,1.60,2.00
2010.06.08 10:20:32.851,1.3821,1.3823,5.60,2.00
2010.06.08 10:20:33.201,1.38205,1.38225,6.00,1.00
2010.06.08 10:20:33.845,1.38205,1.3822,1.60,1.00
2010.06.08 10:20:36.223,1.382,1.38215,5.20,1.60
2010.06.08 10:20:36.768,1.382,1.38215,4.80,1.60
2010.06.08 10:20:37.761,1.38195,1.3821,6.80,1.60
2010.06.08 10:20:38.255,1.38195,1.3821,6.00,1.60
2010.06.08 10:20:38.576,1.38195,1.3821,5.90,1.00
2010.06.08 10:20:38.895,1.382,1.3821,4.00,1.00
2010.06.08 10:20:39.248,1.382,1.38215,4.00,2.40
2010.06.08 10:20:39.588,1.382,1.38215,4.40,1.60
2010.06.08 10:20:40.611,1.382,1.38215,5.20,1.60
2010.06.08 10:20:40.965,1.3821,1.3823,1.00,7.20
2010.06.08 10:20:41.309,1.3821,1.3823,1.20,3.20
2010.06.08 10:20:41.871,1.3821,1.3823,3.60,3.20
2010.06.08 10:20:42.166,1.3821,1.3823,1.20,3.20
2010.06.08 10:20:42.451,1.38205,1.3823,6.00,3.20
2010.06.08 10:20:43.084,1.3821,1.3823,1.60,3.20
2010.06.08 10:20:44.467,1.38205,1.3823,6.00,3.20
2010.06.08 10:20:46.077,1.38205,1.38215,4.40,4.00
2010.06.08 10:20:46.338,1.3821,1.3823,1.60,4.00
2010.06.08 10:20:46.884,1.3821,1.3823,1.60,3.20
2010.06.08 10:20:49.786,1.3821,1.3823,1.60,4.00
2010.06.08 10:20:50.166,1.3821,1.3823,1.60,3.20
2010.06.08 10:20:53.227,1.38205,1.3823,6.80,1.60
2010.06.08 10:20:53.316,1.3821,1.3823,2.40,1.60
2010.06.08 10:20:53.891,1.3821,1.3823,4.00,1.60
2010.06.08 10:20:55.225,1.3821,1.3823,4.40,1.60
2010.06.08 10:20:55.876,1.3821,1.3823,4.00,1.60
2010.06.08 10:20:56.225,1.3821,1.3823,2.40,1.60
2010.06.08 10:20:56.410,1.38205,1.38215,9.20,1.60
2010.06.08 10:20:59.429,1.38205,1.3822,9.20,8.00
2010.06.08 10:20:59.756,1.38205,1.3822,6.80,8.00
2010.06.08 10:21:00.178,1.38205,1.3822,1.60,8.00
2010.06.08 10:21:01.796,1.38205,1.3822,1.60,8.80
2010.06.08 10:21:02.341,1.38205,1.38215,1.60,1.60
2010.06.08 10:21:02.480,1.38205,1.3822,1.60,8.80
2010.06.08 10:21:02.616,1.38205,1.38215,1.60,1.00
2010.06.08 10:21:03.268,1.3821,1.3822,2.40,4.00
2010.06.08 10:21:03.399,1.3821,1.38225,4.80,4.00
2010.06.08 10:21:03.947,1.3822,1.38235,2.40,1.00
2010.06.08 10:21:04.205,1.3822,1.3824,3.20,4.00
2010.06.08 10:21:08.023,1.3822,1.3823,1.00,1.00
2010.06.08 10:21:08.312,1.3821,1.38225,1.00,1.00
2010.06.08 10:21:08.602,1.38205,1.38225,1.20,1.00
2010.06.08 10:21:08.887,1.38205,1.38225,1.00,1.00
2010.06.08 10:21:09.106,1.38205,1.3823,1.00,2.80
2010.06.08 10:21:09.552,1.382,1.3823,5.20,2.80
2010.06.08 10:21:10.299,1.382,1.38225,3.60,4.00
2010.06.08 10:21:10.608,1.382,1.38225,3.20,5.60
2010.06.08 10:21:12.106,1.38205,1.38225,1.60,5.60
2010.06.08 10:21:12.381,1.382,1.38225,3.20,5.60
2010.06.08 10:21:13.193,1.382,1.38225,4.00,5.60
2010.06.08 10:21:13.462,1.38205,1.38225,1.60,5.60
2010.06.08 10:21:29.420,1.38205,1.38225,1.60,6.40
2010.06.08 10:21:30.248,1.38205,1.38225,1.60,5.60
2010.06.08 10:21:31.617,1.38205,1.38225,1.60,6.40
2010.06.08 10:21:32.415,1.38205,1.38225,1.60,5.60
2010.06.08 10:21:34.742,1.382,1.3821,1.60,1.00
2010.06.08 10:21:35.054,1.382,1.3823,1.60,2.40
2010.06.08 10:21:36.923,1.38195,1.3822,7.60,2.40
2010.06.08 10:21:41.827,1.38205,1.3822,1.60,1.60
2010.06.08 10:21:42.024,1.38205,1.3822,1.60,2.40
2010.06.08 10:21:42.520,1.382,1.3822,7.60,2.40
2010.06.08 10:21:42.720,1.38195,1.3822,10.60,4.00
2010.06.08 10:21:43.058,1.38195,1.3822,7.60,4.00
2010.06.08 10:21:44.687,1.382,1.3822,2.40,4.00
2010.06.08 10:21:44.908,1.38195,1.3822,8.80,4.00
2010.06.08 10:21:45.177,1.382,1.3822,1.60,3.20
2010.06.08 10:21:45.448,1.382,1.3822,7.40,3.20
2010.06.08 10:21:45.715,1.382,1.3822,9.00,3.20
2010.06.08 10:21:45.986,1.382,1.3822,10.20,3.20
2010.06.08 10:21:46.156,1.382,1.3822,10.20,1.60
2010.06.08 10:21:46.328,1.38205,1.3823,1.60,10.00
2010.06.08 10:21:46.790,1.38205,1.3823,8.20,4.40
2010.06.08 10:21:46.973,1.38205,1.3823,8.60,2.40
2010.06.08 10:21:47.279,1.38205,1.3823,8.60,3.20
2010.06.08 10:21:47.577,1.38205,1.3823,8.60,2.40
2010.06.08 10:21:48.207,1.38205,1.3822,4.60,1.60
2010.06.08 10:21:48.407,1.38205,1.3822,1.60,1.60
2010.06.08 10:21:52.735,1.382,1.38215,8.60,1.60
2010.06.08 10:21:52.916,1.382,1.38215,5.20,1.60
2010.06.08 10:21:53.097,1.38205,1.3822,3.20,1.60
2010.06.08 10:21:53.276,1.38205,1.3823,9.80,3.60
2010.06.08 10:21:53.677,1.38205,1.3823,10.20,3.60
2010.06.08 10:21:53.866,1.38205,1.3823,10.20,3.20
2010.06.08 10:21:55.140,1.38205,1.3822,1.00,1.60
2010.06.08 10:21:55.458,1.382,1.3822,11.80,1.60
2010.06.08 10:21:57.826,1.3821,1.38225,1.60,1.60
2010.06.08 10:21:58.397,1.3821,1.3823,2.60,6.00
2010.06.08 10:21:58.747,1.38225,1.3823,1.60,1.60
2010.06.08 10:22:00.067,1.3822,1.3823,2.80,3.20
2010.06.08 10:22:00.769,1.3822,1.3823,1.60,1.60
2010.06.08 10:22:01.125,1.3822,1.3823,4.00,1.60
2010.06.08 10:22:01.246,1.3823,1.38235,1.60,2.40
2010.06.08 10:22:02.627,1.38225,1.38235,1.60,1.60
2010.06.08 10:22:02.867,1.38225,1.38235,1.60,3.20
2010.06.08 10:22:03.107,1.3822,1.38235,1.60,3.20
2010.06.08 10:22:06.744,1.3822,1.38235,1.60,4.00
2010.06.08 10:22:06.886,1.3822,1.3823,1.60,1.60
2010.06.08 10:22:07.045,1.38215,1.3823,4.00,3.20
2010.06.08 10:22:07.737,1.3821,1.38225,6.20,1.60
2010.06.08 10:22:08.102,1.3821,1.38225,6.00,1.60
2010.06.08 10:22:08.393,1.3821,1.38225,3.20,1.60
2010.06.08 10:22:10.716,1.3821,1.3823,3.20,6.80
2010.06.08 10:22:11.195,1.3821,1.3823,5.60,3.60
2010.06.08 10:22:11.389,1.3821,1.38225,1.60,1.60
2010.06.08 10:22:11.578,1.3821,1.38225,3.20,1.60
2010.06.08 10:22:13.189,1.38205,1.38215,4.80,4.00
2010.06.08 10:22:13.547,1.38205,1.3822,5.60,1.60
2010.06.08 10:22:13.773,1.38205,1.3822,4.00,1.60
2010.06.08 10:22:14.018,1.38205,1.38225,4.00,1.60
2010.06.08 10:22:15.663,1.382,1.3822,2.00,1.60
2010.06.08 10:22:16.010,1.382,1.3822,2.40,1.60
2010.06.08 10:22:16.263,1.382,1.3822,3.20,1.60
2010.06.08 10:22:20.998,1.382,1.3822,5.60,1.60
2010.06.08 10:22:21.323,1.3821,1.3822,1.60,1.60
2010.06.08 10:22:23.298,1.382,1.3822,3.20,1.60
2010.06.08 10:22:30.106,1.382,1.3821,1.60,1.60
2010.06.08 10:22:30.756,1.382,1.3821,1.00,7.20
2010.06.08 10:22:31.109,1.3819,1.38195,2.40,1.60
2010.06.08 10:22:31.380,1.3819,1.382,4.00,1.00
2010.06.08 10:22:31.815,1.3819,1.382,5.20,1.00
2010.06.08 10:22:31.980,1.3819,1.382,6.00,1.60
2010.06.08 10:22:32.490,1.38195,1.382,6.40,1.60
2010.06.08 10:22:32.961,1.38195,1.3821,8.40,1.00
2010.06.08 10:22:33.322,1.38195,1.38215,7.60,1.00
2010.06.08 10:22:33.538,1.38195,1.3822,6.00,1.60
2010.06.08 10:22:34.594,1.38195,1.3821,6.00,1.60
2010.06.08 10:22:34.832,1.38195,1.3822,6.00,1.60
2010.06.08 10:22:36.842,1.38195,1.3822,6.00,2.40
2010.06.08 10:22:37.065,1.38195,1.3821,6.00,1.60
2010.06.08 10:22:40.007,1.38195,1.3821,6.80,1.60
2010.06.08 10:22:40.456,1.38195,1.3821,6.00,1.60
2010.06.08 10:22:42.868,1.38195,1.3821,6.80,1.60
2010.06.08 10:22:43.127,1.38195,1.3821,6.00,1.60
2010.06.08 10:22:47.435,1.382,1.3821,1.60,1.60
2010.06.08 10:22:47.505,1.382,1.3821,5.60,1.60
2010.06.08 10:22:47.637,1.38205,1.3821,1.60,1.60
2010.06.08 10:22:47.706,1.38205,1.38215,1.60,1.00
2010.06.08 10:22:47.926,1.38205,1.3822,1.60,9.60
2010.06.08 10:22:48.419,1.382,1.38215,7.60,1.00
2010.06.08 10:22:50.640,1.38205,1.38215,1.60,1.00
2010.06.08 10:22:50.947,1.38205,1.3822,1.60,1.60
2010.06.08 10:22:51.291,1.38205,1.3822,2.40,1.60
2010.06.08 10:22:51.643,1.38205,1.3822,1.60,1.60
2010.06.08 10:22:53.865,1.382,1.3822,6.00,1.60
2010.06.08 10:22:54.005,1.382,1.3822,2.80,1.60
2010.06.08 10:22:54.288,1.382,1.3822,2.00,5.60
2010.06.08 10:22:54.770,1.38205,1.3822,1.60,4.00
2010.06.08 10:22:55.000,1.38205,1.3822,1.60,1.60
2010.06.08 10:22:55.566,1.38205,1.38225,3.20,1.60
2010.06.08 10:22:55.910,1.38215,1.3823,4.80,1.00
2010.06.08 10:22:56.465,1.3822,1.3823,4.80,1.00
2010.06.08 10:22:56.679,1.3822,1.3824,6.00,3.20
2010.06.08 10:22:57.976,1.3822,1.3823,4.40,1.60
2010.06.08 10:22:58.208,1.3822,1.3823,2.00,1.60
2010.06.08 10:22:58.779,1.38205,1.3823,8.00,1.60
2010.06.08 10:22:59.146,1.38205,1.38225,8.40,1.00
2010.06.08 10:22:59.697,1.38205,1.3823,8.40,2.40
2010.06.08 10:22:59.918,1.3821,1.3823,1.60,2.40
2010.06.08 10:23:00.712,1.3821,1.3823,1.60,1.60
2010.06.08 10:23:01.059,1.3821,1.38235,4.00,2.40
2010.06.08 10:23:01.397,1.3821,1.38235,5.20,2.40
2010.06.08 10:23:02.525,1.3821,1.3823,2.80,4.00
2010.06.08 10:23:03.120,1.3821,1.3823,2.80,3.20
2010.06.08 10:23:03.579,1.3821,1.3823,2.40,3.20
2010.06.08 10:23:07.398,1.3821,1.3823,4.00,3.20
2010.06.08 10:23:07.952,1.3821,1.3823,1.60,3.20
2010.06.08 10:23:08.206,1.38205,1.3823,6.00,4.00
2010.06.08 10:23:08.392,1.38205,1.3823,6.40,4.00
2010.06.08 10:23:08.937,1.3821,1.3823,1.60,4.00
2010.06.08 10:23:09.419,1.3821,1.3823,3.20,2.40
2010.06.08 10:23:11.681,1.382,1.3822,3.60,1.60
2010.06.08 10:23:11.905,1.382,1.3822,3.20,1.60
2010.06.08 10:23:12.026,1.382,1.3822,3.20,2.40
2010.06.08 10:23:19.756,1.382,1.3822,4.00,2.40
2010.06.08 10:23:19.990,1.38205,1.3822,1.60,2.40
2010.06.08 10:23:20.228,1.382,1.3822,4.00,1.60
2010.06.08 10:23:20.455,1.382,1.3822,4.40,1.60
2010.06.08 10:23:20.798,1.3821,1.3822,1.60,1.60
2010.06.08 10:23:21.515,1.382,1.38225,1.60,11.50
2010.06.08 10:23:22.334,1.382,1.38225,3.20,9.90
2010.06.08 10:23:22.547,1.382,1.38225,3.20,11.50
2010.06.08 10:23:23.184,1.382,1.38225,4.00,10.70
2010.06.08 10:23:23.531,1.38205,1.38225,1.60,3.20
2010.06.08 10:23:24.446,1.38205,1.38225,4.00,1.60
2010.06.08 10:23:25.068,1.3821,1.38225,4.80,1.00
2010.06.08 10:23:25.353,1.38215,1.38235,9.60,1.60
2010.06.08 10:23:25.627,1.38215,1.3824,9.60,4.00
2010.06.08 10:23:25.935,1.38215,1.3824,9.20,4.00
2010.06.08 10:23:27.408,1.38215,1.3824,9.60,4.00
2010.06.08 10:23:27.545,1.38215,1.3824,8.80,3.20
2010.06.08 10:23:27.686,1.38215,1.3824,8.80,4.00
2010.06.08 10:23:29.603,1.3822,1.3824,1.60,3.20
2010.06.08 10:23:29.711,1.3822,1.3824,3.20,3.20
2010.06.08 10:23:30.114,1.38225,1.3824,1.00,3.20
2010.06.08 10:23:30.799,1.3823,1.3824,1.00,3.20
2010.06.08 10:23:31.141,1.38235,1.3824,1.60,1.60
2010.06.08 10:23:31.496,1.38245,1.3825,1.00,1.60
2010.06.08 10:23:31.842,1.38245,1.3826,6.00,1.60
2010.06.08 10:23:36.960,1.38245,1.3826,7.60,1.60
2010.06.08 10:23:37.227,1.38245,1.38265,6.40,2.40
2010.06.08 10:23:37.496,1.38245,1.38265,6.40,1.60
2010.06.08 10:23:37.766,1.3825,1.38265,1.00,1.60
2010.06.08 10:23:38.357,1.3825,1.3827,1.00,3.60
2010.06.08 10:23:39.336,1.38245,1.3827,8.00,3.60
2010.06.08 10:23:40.515,1.3825,1.3827,1.00,3.60
2010.06.08 10:23:40.858,1.3825,1.3827,8.70,3.60
2010.06.08 10:23:41.197,1.3825,1.3827,9.90,3.20
2010.06.08 10:23:42.867,1.3825,1.3827,8.40,3.20
2010.06.08 10:23:43.957,1.3825,1.38265,3.60,1.60
2010.06.08 10:23:44.136,1.3825,1.38265,1.00,1.60
2010.06.08 10:23:44.666,1.38245,1.38265,8.00,1.60
2010.06.08 10:23:45.012,1.38245,1.3826,8.00,1.60
2010.06.08 10:23:45.367,1.38245,1.3826,9.20,1.60
2010.06.08 10:23:46.115,1.38245,1.38265,9.20,1.60
2010.06.08 10:23:48.182,1.38245,1.38265,8.40,1.60
2010.06.08 10:23:48.463,1.3825,1.38265,1.60,1.60
2010.06.08 10:23:48.906,1.38245,1.38265,3.60,1.60
2010.06.08 10:23:49.253,1.3824,1.3826,5.20,1.60
2010.06.08 10:23:49.596,1.3824,1.3826,5.60,1.60
2010.06.08 10:23:51.039,1.38245,1.3826,4.80,1.60
2010.06.08 10:23:51.246,1.38245,1.3826,7.20,1.60
2010.06.08 10:23:52.757,1.38245,1.3826,5.60,1.60
2010.06.08 10:23:53.042,1.38245,1.38255,3.20,4.00
2010.06.08 10:23:53.676,1.38245,1.3826,5.60,5.60
2010.06.08 10:23:54.024,1.38245,1.3826,5.60,1.60
2010.06.08 10:23:54.371,1.38245,1.3826,7.20,1.60
2010.06.08 10:23:54.956,1.3825,1.3827,1.00,3.60
2010.06.08 10:23:55.459,1.38245,1.3827,7.20,3.60
2010.06.08 10:23:56.223,1.3825,1.3827,1.00,3.60
2010.06.08 10:23:56.570,1.3825,1.3827,2.40,3.60
2010.06.08 10:23:57.486,1.3825,1.3827,1.60,3.60
2010.06.08 10:23:57.838,1.38245,1.3827,7.20,3.60
2010.06.08 10:24:00.408,1.3825,1.3827,1.00,3.60
2010.06.08 10:24:00.586,1.3825,1.3827,1.60,3.60
2010.06.08 10:24:01.023,1.3825,1.3827,2.40,3.60
2010.06.08 10:24:01.887,1.3825,1.3827,3.20,3.60
2010.06.08 10:24:02.538,1.38255,1.3827,1.60,3.60
2010.06.08 10:24:02.784,1.38255,1.3827,3.20,3.20
2010.06.08 10:24:05.195,1.38255,1.3827,1.60,4.80
2010.06.08 10:24:06.738,1.3826,1.3827,1.60,3.20
2010.06.08 10:24:08.978,1.38255,1.3827,1.60,4.80
2010.06.08 10:24:12.098,1.3825,1.3827,7.60,4.80
2010.06.08 10:24:12.354,1.38245,1.38255,3.20,1.60
2010.06.08 10:24:12.611,1.3824,1.38255,1.00,3.20
2010.06.08 10:24:13.139,1.38235,1.38255,1.60,3.20
2010.06.08 10:24:13.390,1.3823,1.3825,8.40,5.60
2010.06.08 10:24:13.743,1.3823,1.3825,8.40,4.80
2010.06.08 10:24:15.009,1.3823,1.3825,8.80,4.80
2010.06.08 10:24:15.298,1.38235,1.3825,1.60,3.20
2010.06.08 10:24:15.889,1.38235,1.3825,1.60,1.60
2010.06.08 10:24:16.230,1.38235,1.38255,3.20,3.60
2010.06.08 10:24:16.571,1.3824,1.3826,3.20,3.60
2010.06.08 10:24:16.888,1.3824,1.3826,4.00,3.20
2010.06.08 10:24:17.628,1.38245,1.3826,5.60,1.60
2010.06.08 10:24:19.023,1.3824,1.3825,3.60,3.20
2010.06.08 10:24:19.361,1.38235,1.3825,1.60,3.20
2010.06.08 10:24:25.415,1.38235,1.3825,2.40,3.20
2010.06.08 10:24:25.758,1.38235,1.3825,4.80,1.60
2010.06.08 10:24:26.097,1.3824,1.3825,1.00,1.60
2010.06.08 10:24:27.576,1.3824,1.3825,1.60,1.60
2010.06.08 10:24:28.380,1.3824,1.3825,1.00,3.20
2010.06.08 10:24:28.856,1.3824,1.3825,3.20,2.40
2010.06.08 10:24:29.017,1.38245,1.3825,1.00,1.60
2010.06.08 10:24:29.969,1.3824,1.3826,3.20,4.00
2010.06.08 10:24:30.261,1.3825,1.3826,4.80,4.40
2010.06.08 10:24:30.841,1.38245,1.38255,1.60,1.60
2010.06.08 10:24:31.194,1.3824,1.38255,1.60,2.40
2010.06.08 10:24:31.541,1.38235,1.3824,2.40,1.60
2010.06.08 10:24:31.889,1.38225,1.38235,1.00,1.60
2010.06.08 10:24:32.227,1.3822,1.38235,3.60,1.60
2010.06.08 10:24:32.567,1.3822,1.38235,3.20,1.60
2010.06.08 10:24:33.989,1.3822,1.38235,4.00,1.60
2010.06.08 10:24:34.323,1.38235,1.38245,1.00,1.20
2010.06.08 10:24:34.667,1.38235,1.38255,4.00,1.00
2010.06.08 10:24:35.342,1.3824,1.3826,3.20,4.80
2010.06.08 10:24:36.030,1.38235,1.3825,3.40,1.60
2010.06.08 10:24:36.741,1.38235,1.3825,1.60,1.60
2010.06.08 10:24:38.619,1.38235,1.3824,1.60,1.60
2010.06.08 10:24:38.961,1.38225,1.3824,2.00,2.40
2010.06.08 10:24:39.402,1.38225,1.3824,1.60,3.20
2010.06.08 10:24:39.611,1.3822,1.38235,2.80,1.60
2010.06.08 10:24:39.822,1.3822,1.38235,1.60,1.60
2010.06.08 10:24:40.039,1.3823,1.38235,1.00,1.60
2010.06.08 10:24:40.495,1.3823,1.3824,3.20,1.00
2010.06.08 10:24:40.849,1.3823,1.3824,6.80,1.60
2010.06.08 10:24:41.191,1.3823,1.3824,2.40,1.60
2010.06.08 10:24:41.743,1.3822,1.3824,6.10,3.20
2010.06.08 10:24:42.091,1.3822,1.3824,6.00,3.20
2010.06.08 10:24:43.686,1.3823,1.3824,1.00,3.20
2010.06.08 10:24:44.030,1.3823,1.3824,4.80,1.60
2010.06.08 10:24:44.384,1.3823,1.3824,6.00,1.60
2010.06.08 10:24:44.980,1.3823,1.3825,6.00,4.80
2010.06.08 10:24:45.771,1.3823,1.3825,6.00,5.60
2010.06.08 10:24:46.800,1.3823,1.3824,6.00,1.60
2010.06.08 10:24:47.665,1.3823,1.3824,1.00,3.20
2010.06.08 10:24:47.969,1.38225,1.3824,1.60,3.20
2010.06.08 10:24:49.472,1.3823,1.3824,5.60,1.60
2010.06.08 10:24:49.597,1.3823,1.3824,6.00,1.60
2010.06.08 10:24:49.966,1.3823,1.3824,3.60,1.60
2010.06.08 10:24:50.432,1.3823,1.3824,6.00,1.00
2010.06.08 10:24:50.777,1.3823,1.3825,6.00,4.00
2010.06.08 10:24:51.452,1.3823,1.3825,6.00,5.60
2010.06.08 10:24:52.480,1.3823,1.38245,2.80,2.40
2010.06.08 10:24:53.095,1.3823,1.3824,1.60,1.60
2010.06.08 10:24:58.166,1.38225,1.3824,1.60,1.60
2010.06.08 10:24:59.225,1.38225,1.3824,4.40,1.60
2010.06.08 10:24:59.551,1.38225,1.3824,2.00,1.60
2010.06.08 10:24:59.878,1.38225,1.3824,1.60,1.60
2010.06.08 10:25:01.314,1.38225,1.3824,2.40,1.60
2010.06.08 10:25:01.471,1.3823,1.38245,1.60,1.60
2010.06.08 10:25:01.787,1.38225,1.38245,4.80,1.60
2010.06.08 10:25:02.813,1.3823,1.3824,1.60,1.60
2010.06.08 10:25:03.613,1.38225,1.3824,1.60,1.60
2010.06.08 10:25:06.436,1.3823,1.3824,1.60,3.20
2010.06.08 10:25:12.413,1.38225,1.3824,1.60,4.80
2010.06.08 10:25:12.601,1.3822,1.3823,6.80,1.60
2010.06.08 10:25:13.808,1.3822,1.3823,6.00,1.60
2010.06.08 10:25:16.407,1.38225,1.3824,1.60,4.80
2010.06.08 10:25:16.620,1.38225,1.3824,2.40,4.80
2010.06.08 10:25:19.619,1.38235,1.3824,1.60,3.20
2010.06.08 10:25:19.756,1.38235,1.38245,2.40,1.00
2010.06.08 10:25:20.019,1.38235,1.3825,1.00,5.60
2010.06.08 10:25:20.460,1.3823,1.38245,3.20,1.60
2010.06.08 10:25:21.749,1.38225,1.38245,6.50,1.60
2010.06.08 10:25:21.837,1.38225,1.38245,5.70,1.60
2010.06.08 10:25:23.195,1.38225,1.38245,7.10,1.60
2010.06.08 10:25:24.367,1.38225,1.38245,7.90,1.60
2010.06.08 10:25:24.465,1.38235,1.38245,1.60,1.60
2010.06.08 10:25:24.652,1.38235,1.3825,1.60,2.00
2010.06.08 10:25:25.411,1.38235,1.3825,1.60,3.20
2010.06.08 10:25:27.075,1.38235,1.3825,1.60,1.60
2010.06.08 10:25:31.903,1.38235,1.3825,1.60,2.40
2010.06.08 10:25:32.201,1.38235,1.38255,1.60,2.40
2010.06.08 10:25:34.998,1.38235,1.38255,1.60,1.60
2010.06.08 10:25:35.648,1.3824,1.3826,1.60,15.60
2010.06.08 10:25:35.941,1.3824,1.3826,1.60,17.20
2010.06.08 10:25:36.605,1.3824,1.38255,1.60,1.60
2010.06.08 10:25:37.291,1.38235,1.38255,1.60,2.40
2010.06.08 10:25:37.638,1.38235,1.38255,1.60,1.60
2010.06.08 10:25:45.286,1.3824,1.38255,1.60,1.60
2010.06.08 10:25:46.205,1.38235,1.38255,1.60,1.60
2010.06.08 10:25:48.467,1.38235,1.3825,1.60,1.60
2010.06.08 10:25:58.492,1.3823,1.38245,4.40,1.60
2010.06.08 10:25:58.728,1.3823,1.38245,3.60,1.60
2010.06.08 10:25:58.968,1.3823,1.38245,3.20,1.60
2010.06.08 10:25:59.730,1.3823,1.3825,3.20,4.80
2010.06.08 10:26:00.077,1.3823,1.3825,3.20,4.00
2010.06.08 10:26:01.117,1.3823,1.3825,3.20,6.40
2010.06.08 10:26:01.318,1.3823,1.3825,1.60,8.00
2010.06.08 10:26:01.831,1.3823,1.3825,1.60,4.40
2010.06.08 10:26:02.039,1.3823,1.3825,3.20,3.60
2010.06.08 10:26:02.239,1.3823,1.3825,3.20,3.20
2010.06.08 10:26:03.827,1.3823,1.3825,4.00,3.20
2010.06.08 10:26:04.027,1.38235,1.3825,1.60,1.60
2010.06.08 10:26:04.227,1.38235,1.3825,1.60,3.20
2010.06.08 10:26:08.508,1.38235,1.3825,2.40,3.20
2010.06.08 10:26:09.066,1.38235,1.3825,1.60,3.20
2010.06.08 10:26:13.187,1.38235,1.3825,2.40,3.20
2010.06.08 10:26:13.645,1.3824,1.3825,1.00,1.60
2010.06.08 10:26:15.076,1.38235,1.3825,2.40,1.60
2010.06.08 10:26:17.455,1.38235,1.3825,3.20,1.60
2010.06.08 10:26:17.856,1.38235,1.3825,2.40,1.60
2010.06.08 10:26:18.077,1.38245,1.3825,1.60,1.00
2010.06.08 10:26:18.305,1.3825,1.3826,1.60,1.60
2010.06.08 10:26:18.830,1.3825,1.38265,4.00,2.00
2010.06.08 10:26:19.130,1.3825,1.3827,4.00,6.40
2010.06.08 10:26:19.431,1.3825,1.38265,4.00,1.60
2010.06.08 10:26:20.040,1.3825,1.3826,2.40,1.60
2010.06.08 10:26:20.344,1.3825,1.38265,1.60,1.60
2010.06.08 10:26:22.295,1.3825,1.38265,1.60,2.40
2010.06.08 10:26:22.805,1.3825,1.3826,1.60,4.00
2010.06.08 10:26:23.006,1.3824,1.3826,5.00,4.00
2010.06.08 10:26:23.969,1.3825,1.3826,1.60,4.00
2010.06.08 10:26:24.773,1.3824,1.3826,4.80,4.00
2010.06.08 10:26:29.065,1.3824,1.3826,4.00,4.00
2010.06.08 10:26:32.066,1.38245,1.3826,1.00,4.00
2010.06.08 10:26:32.436,1.3825,1.3826,1.00,4.00
2010.06.08 10:26:32.708,1.3825,1.3826,1.60,4.00
2010.06.08 10:26:37.678,1.3825,1.3826,1.60,4.80
2010.06.08 10:26:37.904,1.38245,1.38255,4.80,4.00
2010.06.08 10:26:38.249,1.3825,1.38255,1.60,5.60
2010.06.08 10:26:39.228,1.3824,1.3825,1.00,1.60
2010.06.08 10:26:39.448,1.38235,1.3825,4.00,1.60
2010.06.08 10:26:49.738,1.3824,1.3825,1.60,1.60
2010.06.08 10:26:50.681,1.3824,1.3825,3.20,1.60
2010.06.08 10:26:51.858,1.3824,1.3825,2.40,1.60
2010.06.08 10:26:52.212,1.3824,1.3825,1.60,1.60
2010.06.08 10:26:52.907,1.3824,1.3825,3.20,1.60
2010.06.08 10:26:54.017,1.38235,1.3824,4.80,1.60
2010.06.08 10:26:54.139,1.38235,1.3825,1.00,2.40
2010.06.08 10:26:54.257,1.38235,1.38245,1.00,1.60
2010.06.08 10:26:54.377,1.3823,1.38245,6.00,1.60
2010.06.08 10:26:55.038,1.3823,1.38245,5.60,1.60
2010.06.08 10:26:57.178,1.3823,1.38245,6.40,1.60
2010.06.08 10:26:58.242,1.3823,1.38245,4.00,1.60
2010.06.08 10:26:58.515,1.38225,1.3824,2.40,1.60
2010.06.08 10:27:13.896,1.38225,1.3824,1.60,1.60
2010.06.08 10:27:17.597,1.38225,1.3824,1.60,3.20
2010.06.08 10:27:18.280,1.38225,1.3824,4.80,2.40
2010.06.08 10:27:18.501,1.3822,1.3824,7.20,3.20
2010.06.08 10:27:18.717,1.38225,1.3824,1.60,1.60
2010.06.08 10:27:18.938,1.38225,1.3824,1.60,2.40
2010.06.08 10:27:19.325,1.38225,1.3824,1.60,3.20
2010.06.08 10:27:19.858,1.38225,1.38235,1.60,1.00
2010.06.08 10:27:20.129,1.38225,1.3824,3.20,1.60
2010.06.08 10:27:20.810,1.3823,1.3824,1.60,1.60
2010.06.08 10:27:21.160,1.3823,1.38245,5.60,1.60
2010.06.08 10:27:21.814,1.3824,1.38245,1.60,1.60
2010.06.08 10:27:22.167,1.38245,1.3825,1.00,2.80
2010.06.08 10:27:22.509,1.38245,1.3826,5.60,1.60
2010.06.08 10:27:22.838,1.38245,1.3826,4.00,1.60
2010.06.08 10:27:23.167,1.38245,1.3826,3.20,3.20
2010.06.08 10:27:23.671,1.38245,1.38255,1.00,1.60
2010.06.08 10:27:23.829,1.3824,1.38255,5.60,1.60
2010.06.08 10:27:25.638,1.3824,1.3825,5.60,1.60
2010.06.08 10:27:25.822,1.3824,1.3825,1.60,1.60
2010.06.08 10:27:26.162,1.38235,1.3825,2.40,3.20
2010.06.08 10:27:26.840,1.38235,1.3825,4.80,3.20
2010.06.08 10:27:27.183,1.3824,1.3825,1.60,1.60
2010.06.08 10:27:27.521,1.38235,1.3825,2.40,3.20
2010.06.08 10:27:28.158,1.38235,1.3825,1.60,3.20
2010.06.08 10:27:28.843,1.38235,1.3825,1.00,7.20
2010.06.08 10:27:29.108,1.3823,1.3824,4.80,1.00
2010.06.08 10:27:29.466,1.3823,1.38245,4.80,1.60
2010.06.08 10:27:29.728,1.3823,1.38245,5.60,1.60
2010.06.08 10:27:30.742,1.38235,1.3825,1.60,1.60
2010.06.08 10:27:31.081,1.38235,1.3825,1.60,2.40
2010.06.08 10:27:31.431,1.38235,1.3825,1.60,3.20
2010.06.08 10:27:31.777,1.3824,1.3825,1.60,1.60
2010.06.08 10:27:33.679,1.38235,1.3825,1.60,3.20
2010.06.08 10:27:35.052,1.38235,1.3825,1.60,1.60
2010.06.08 10:27:35.552,1.38235,1.3825,2.40,1.60
2010.06.08 10:27:36.185,1.38235,1.3825,1.60,1.60
2010.06.08 10:27:42.096,1.3824,1.3825,1.60,1.60
2010.06.08 10:27:42.897,1.38235,1.3825,2.40,1.60
2010.06.08 10:27:43.180,1.38235,1.3825,1.60,1.60
2010.06.08 10:27:43.499,1.3823,1.3825,6.60,1.60
2010.06.08 10:27:43.818,1.3823,1.3825,8.20,1.60
2010.06.08 10:27:44.144,1.3823,1.3825,8.90,1.60
2010.06.08 10:27:45.688,1.38245,1.3825,1.00,1.60
2010.06.08 10:27:45.898,1.38235,1.3825,2.60,1.60
2010.06.08 10:27:46.429,1.38235,1.3825,3.40,1.60
2010.06.08 10:27:47.179,1.38235,1.3825,1.60,1.60
2010.06.08 10:27:47.655,1.3824,1.3825,1.60,1.60
2010.06.08 10:27:47.995,1.38245,1.3826,1.00,1.60
2010.06.08 10:27:48.331,1.3824,1.3826,7.40,1.60
2010.06.08 10:27:48.878,1.3824,1.3826,4.80,4.00
2010.06.08 10:27:49.148,1.3824,1.3826,6.40,1.60
2010.06.08 10:27:49.415,1.3824,1.3826,6.60,1.60
2010.06.08 10:27:50.408,1.3824,1.3826,5.00,1.60
2010.06.08 10:27:50.748,1.3824,1.3826,5.00,3.20
2010.06.08 10:27:51.088,1.3824,1.3826,6.60,1.60
2010.06.08 10:27:51.427,1.3824,1.3826,6.40,1.60
2010.06.08 10:27:53.523,1.38255,1.3826,1.60,1.60
2010.06.08 10:27:55.340,1.3826,1.38265,1.60,3.20
2010.06.08 10:27:56.922,1.3826,1.38265,1.60,1.60
2010.06.08 10:27:58.772,1.38255,1.3826,1.00,1.00
2010.06.08 10:27:58.970,1.38245,1.3826,1.00,2.40
2010.06.08 10:27:59.167,1.38245,1.3826,1.00,1.60
2010.06.08 10:28:00.144,1.38255,1.38265,1.60,1.60
2010.06.08 10:28:01.847,1.3826,1.38265,1.00,1.60
2010.06.08 10:28:02.785,1.38255,1.38265,1.60,1.60
2010.06.08 10:28:03.129,1.3826,1.38265,1.60,1.60
2010.06.08 10:28:03.360,1.38265,1.3827,1.00,3.60
2010.06.08 10:28:03.905,1.3826,1.38265,1.60,1.60
2010.06.08 10:28:04.759,1.38265,1.3827,1.00,5.60
2010.06.08 10:28:05.283,1.3826,1.38265,1.60,1.60
2010.06.08 10:28:05.759,1.38255,1.38265,1.00,1.60
2010.06.08 10:28:05.996,1.3825,1.38265,2.60,1.60
2010.06.08 10:28:07.006,1.38245,1.38265,4.40,1.60
2010.06.08 10:28:07.354,1.38245,1.3826,1.00,1.60
2010.06.08 10:28:07.962,1.3825,1.3826,2.40,1.60
2010.06.08 10:28:08.220,1.3825,1.38265,2.40,1.60
2010.06.08 10:28:08.810,1.38255,1.38265,1.60,3.20
2010.06.08 10:28:09.349,1.38255,1.3826,1.00,1.00
2010.06.08 10:28:09.827,1.3825,1.3826,3.20,1.60
2010.06.08 10:28:10.009,1.38255,1.38265,1.60,3.20
2010.06.08 10:28:10.348,1.3825,1.38265,2.40,4.00
2010.06.08 10:28:10.686,1.3825,1.38265,2.40,3.20
2010.06.08 10:28:11.627,1.3825,1.3826,2.40,3.20
2010.06.08 10:28:11.974,1.38245,1.3826,4.80,1.60
2010.06.08 10:28:12.150,1.38255,1.38265,1.60,1.60
2010.06.08 10:28:13.958,1.38255,1.38265,4.00,1.60
2010.06.08 10:28:14.284,1.38255,1.38265,1.60,1.60
2010.06.08 10:28:15.522,1.3825,1.38265,6.40,1.60
2010.06.08 10:28:15.852,1.3826,1.38265,1.60,1.60
2010.06.08 10:28:17.427,1.3825,1.38265,2.40,1.60
2010.06.08 10:28:19.051,1.3824,1.3826,10.00,1.60
2010.06.08 10:28:19.168,1.3824,1.3826,9.70,1.60
2010.06.08 10:28:19.386,1.3824,1.3826,10.90,1.60
2010.06.08 10:28:22.421,1.38255,1.3826,1.00,1.60
2010.06.08 10:28:22.672,1.3825,1.38255,2.40,1.60
2010.06.08 10:28:23.250,1.38245,1.38255,4.00,1.60
2010.06.08 10:28:23.555,1.38245,1.38255,1.00,1.60
2010.06.08 10:28:23.862,1.3824,1.38255,5.60,1.60
2010.06.08 10:28:24.428,1.3824,1.38245,1.60,1.60
2010.06.08 10:28:24.760,1.3824,1.38245,1.60,1.60
2010.06.08 10:28:25.418,1.38235,1.3824,4.00,1.60
2010.06.08 10:28:27.427,1.3824,1.3825,1.60,3.20
2010.06.08 10:28:33.497,1.38235,1.3825,1.00,3.20
2010.06.08 10:28:33.748,1.3823,1.3825,3.20,3.20
2010.06.08 10:28:33.999,1.38235,1.3825,1.00,3.20
2010.06.08 10:28:34.249,1.3823,1.3825,3.20,3.20
2010.06.08 10:28:34.859,1.3823,1.3825,1.60,3.20
2010.06.08 10:28:35.761,1.3823,1.3825,1.60,2.40
2010.06.08 10:28:36.122,1.3823,1.3825,1.60,3.20
2010.06.08 10:28:37.344,1.3823,1.3825,1.00,3.20
2010.06.08 10:28:37.619,1.38235,1.3825,1.00,4.00
2010.06.08 10:28:37.958,1.3823,1.3825,1.60,4.00
2010.06.08 10:28:39.417,1.3823,1.3825,3.20,3.20
2010.06.08 10:28:45.456,1.3823,1.3825,1.60,4.80
2010.06.08 10:28:45.698,1.3823,1.3825,1.00,7.20
2010.06.08 10:28:45.937,1.38225,1.3825,2.40,7.20
2010.06.08 10:28:46.489,1.38225,1.3825,1.60,7.20
2010.06.08 10:28:47.114,1.3823,1.3825,3.20,6.40
2010.06.08 10:28:49.718,1.3823,1.3825,3.20,7.20
2010.06.08 10:28:50.046,1.38225,1.38245,1.00,1.60
2010.06.08 10:28:50.362,1.3822,1.3824,5.60,5.60
2010.06.08 10:28:51.049,1.38225,1.3824,4.80,3.20
2010.06.08 10:28:51.395,1.38225,1.3824,4.00,4.00
2010.06.08 10:28:51.732,1.38225,1.3824,4.00,1.60
2010.06.08 10:28:54.907,1.3823,1.3824,1.60,1.60
2010.06.08 10:28:55.606,1.3823,1.3824,3.20,1.60
2010.06.08 10:28:58.678,1.3824,1.38245,1.60,4.00
2010.06.08 10:28:58.940,1.3823,1.3824,3.20,1.60
2010.06.08 10:28:59.203,1.38235,1.3824,1.00,1.60
2010.06.08 10:29:02.607,1.38235,1.3824,1.00,1.00
2010.06.08 10:29:02.868,1.3823,1.38235,1.60,2.40
2010.06.08 10:29:03.127,1.3823,1.3824,1.60,6.80
2010.06.08 10:29:03.388,1.3823,1.38235,1.60,1.60
2010.06.08 10:29:03.567,1.38235,1.3824,1.00,4.40
2010.06.08 10:29:04.087,1.3823,1.3824,1.60,4.00
2010.06.08 10:29:04.505,1.3823,1.3824,1.60,1.60
2010.06.08 10:29:09.498,1.38225,1.3824,1.00,1.60
2010.06.08 10:29:09.994,1.3822,1.3824,9.00,1.60
2010.06.08 10:29:10.254,1.3822,1.38235,5.60,1.60
2010.06.08 10:29:11.434,1.3823,1.38235,1.00,1.60
2010.06.08 10:29:12.431,1.3823,1.38235,1.60,1.60
2010.06.08 10:29:12.777,1.38235,1.38245,1.00,1.60
2010.06.08 10:29:13.123,1.38235,1.3825,1.00,1.60
2010.06.08 10:29:13.462,1.38235,1.3825,1.00,1.60
2010.06.08 10:29:13.808,1.3824,1.3825,1.60,1.60
2010.06.08 10:29:14.494,1.3823,1.3825,12.90,1.60
2010.06.08 10:29:14.709,1.3823,1.3825,8.20,1.60
2010.06.08 10:29:16.057,1.3824,1.3825,1.60,1.60
2010.06.08 10:29:16.398,1.3824,1.3825,1.60,3.20
2010.06.08 10:29:17.146,1.3824,1.3825,1.60,1.60
2010.06.08 10:29:17.381,1.3824,1.38245,1.60,1.60
2010.06.08 10:29:17.943,1.3823,1.38245,5.60,1.60
2010.06.08 10:29:18.616,1.38225,1.3824,1.00,1.60
2010.06.08 10:29:18.873,1.3822,1.38235,4.40,1.60
2010.06.08 10:29:19.118,1.3822,1.38235,3.20,1.60
2010.06.08 10:29:19.437,1.3822,1.38235,2.40,1.60
2010.06.08 10:29:20.702,1.3822,1.38235,4.80,1.60
2010.06.08 10:29:21.293,1.3823,1.38245,4.00,1.60
2010.06.08 10:29:21.563,1.3824,1.38245,1.00,1.60
2010.06.08 10:29:22.122,1.3824,1.38245,1.60,1.60
2010.06.08 10:29:22.473,1.38245,1.3825,1.00,4.00
2010.06.08 10:29:32.801,1.38245,1.3825,1.00,1.60
2010.06.08 10:29:37.116,1.38245,1.38255,1.00,1.60
2010.06.08 10:29:37.417,1.38245,1.3826,1.00,1.60
2010.06.08 10:29:38.522,1.38255,1.38265,1.60,1.60
2010.06.08 10:29:38.757,1.38265,1.3827,1.00,4.00
2010.06.08 10:29:44.357,1.38255,1.38265,1.00,1.60
2010.06.08 10:29:44.640,1.3825,1.38265,4.00,1.60
2010.06.08 10:29:45.181,1.3825,1.38265,2.40,1.60
2010.06.08 10:29:45.981,1.38265,1.3827,1.00,6.40
2010.06.08 10:29:46.222,1.38255,1.38265,1.00,1.60
2010.06.08 10:29:46.456,1.3825,1.38265,2.40,1.60
2010.06.08 10:29:48.656,1.38265,1.3827,1.00,5.60
2010.06.08 10:29:50.155,1.3827,1.38275,1.60,7.20
2010.06.08 10:29:50.436,1.3826,1.3827,5.60,4.00
2010.06.08 10:29:51.126,1.38265,1.3827,1.00,5.60
2010.06.08 10:29:51.787,1.3827,1.38275,1.00,7.20
2010.06.08 10:29:52.440,1.3826,1.38265,1.60,1.60
2010.06.08 10:29:52.692,1.38265,1.38275,1.00,7.20
2010.06.08 10:29:52.942,1.3827,1.38275,1.00,7.20
2010.06.08 10:29:53.485,1.38265,1.3827,1.00,4.00
2010.06.08 10:29:53.836,1.3826,1.38265,1.60,1.60
2010.06.08 10:29:54.181,1.38265,1.3827,1.00,5.60
2010.06.08 10:29:54.532,1.38255,1.38265,1.00,1.60
2010.06.08 10:29:55.269,1.38265,1.3827,1.00,5.60
2010.06.08 10:29:56.844,1.3826,1.3827,1.60,2.40
2010.06.08 10:29:57.123,1.38265,1.3827,1.00,2.40
2010.06.08 10:29:58.728,1.3826,1.3827,1.60,2.40
2010.06.08 10:29:59.027,1.3825,1.3827,4.00,4.00
2010.06.08 10:29:59.991,1.3826,1.3827,1.60,4.00
2010.06.08 10:30:00.310,1.38265,1.3827,1.00,4.00
2010.06.08 10:30:00.952,1.3826,1.3827,1.60,4.00
2010.06.08 10:30:01.245,1.38265,1.3827,1.00,4.00
2010.06.08 10:30:02.270,1.3826,1.38275,1.60,4.80
2010.06.08 10:30:02.567,1.3826,1.3827,1.60,1.60
2010.06.08 10:30:05.610,1.3827,1.38275,1.60,4.00
2010.06.08 10:30:13.626,1.3827,1.38275,1.60,4.80
2010.06.08 10:30:13.817,1.38265,1.38275,1.00,8.10
2010.06.08 10:30:14.369,1.38265,1.38275,4.00,8.10
2010.06.08 10:30:16.255,1.3826,1.3827,1.60,1.60
2010.06.08 10:30:16.596,1.3826,1.38275,1.60,3.30
2010.06.08 10:30:16.943,1.3827,1.3828,1.00,4.40
2010.06.08 10:30:17.282,1.38275,1.3828,4.00,1.00
2010.06.08 10:30:17.863,1.38275,1.38285,1.00,1.60
2010.06.08 10:30:18.132,1.3827,1.38285,1.60,1.60
2010.06.08 10:30:18.729,1.38275,1.38285,1.00,1.60
2010.06.08 10:30:21.244,1.3826,1.3828,7.20,6.40
2010.06.08 10:30:21.503,1.3826,1.3828,5.60,6.40
2010.06.08 10:30:22.250,1.3826,1.38275,4.00,1.60
2010.06.08 10:30:24.838,1.3826,1.38275,1.60,4.00
2010.06.08 10:30:25.179,1.3826,1.3827,1.60,2.40
2010.06.08 10:30:26.720,1.3826,1.3827,1.00,2.40
2010.06.08 10:30:27.059,1.38255,1.3827,1.60,4.00
2010.06.08 10:30:27.413,1.38255,1.3827,1.00,6.40
2010.06.08 10:30:27.764,1.3826,1.3827,1.00,4.80
2010.06.08 10:30:28.108,1.38255,1.3827,1.60,4.00
2010.06.08 10:30:29.373,1.38255,1.3827,1.60,4.80
2010.06.08 10:30:29.490,1.3825,1.3827,6.40,6.40
2010.06.08 10:30:29.609,1.3825,1.3827,5.60,6.40
2010.06.08 10:30:31.965,1.3825,1.3826,1.60,2.40
2010.06.08 10:30:33.419,1.38245,1.3826,3.20,2.40
2010.06.08 10:30:35.111,1.38245,1.3826,1.60,4.00
2010.06.08 10:30:35.479,1.38245,1.3826,1.00,4.80
2010.06.08 10:30:35.659,1.38245,1.3826,1.60,4.00
2010.06.08 10:30:36.895,1.3824,1.3826,4.00,6.40
2010.06.08 10:30:37.583,1.38235,1.3825,1.60,1.60
2010.06.08 10:30:37.939,1.3824,1.3825,1.00,4.00
2010.06.08 10:30:38.286,1.38235,1.3825,1.60,2.40
2010.06.08 10:30:38.974,1.3824,1.3825,4.00,3.20
2010.06.08 10:30:39.293,1.38235,1.3825,1.60,2.40
2010.06.08 10:30:40.452,1.38235,1.3825,1.00,4.00
2010.06.08 10:30:40.690,1.3823,1.3825,3.20,4.00
2010.06.08 10:30:43.086,1.3823,1.3825,4.00,4.00
2010.06.08 10:30:43.207,1.38235,1.3825,1.60,2.40
2010.06.08 10:30:43.426,1.38235,1.3825,4.00,2.40
2010.06.08 10:30:57.452,1.3825,1.38255,1.60,4.90
2010.06.08 10:30:59.829,1.38245,1.3825,4.00,2.40
2010.06.08 10:31:01.818,1.3824,1.3825,8.00,2.40
2010.06.08 10:31:02.682,1.38245,1.3825,4.00,2.40
2010.06.08 10:31:04.136,1.3825,1.3826,2.40,1.00
2010.06.08 10:31:04.292,1.3825,1.3827,3.20,2.00
2010.06.08 10:31:04.451,1.38255,1.38275,1.00,2.40
2010.06.08 10:31:04.895,1.3826,1.38275,1.60,2.00
2010.06.08 10:31:05.052,1.38265,1.3827,1.00,1.60
2010.06.08 10:31:05.402,1.3826,1.3827,1.60,1.60
2010.06.08 10:31:06.089,1.38265,1.3827,1.00,1.60
2010.06.08 10:31:07.458,1.3827,1.38275,1.00,3.20
2010.06.08 10:31:07.654,1.38265,1.3827,1.00,1.60
2010.06.08 10:31:08.362,1.3826,1.3827,1.60,1.60
2010.06.08 10:31:15.128,1.3827,1.3828,1.00,6.40
2010.06.08 10:31:15.469,1.3827,1.3828,1.60,6.40
2010.06.08 10:31:16.094,1.38265,1.3827,2.40,1.60
2010.06.08 10:31:16.706,1.3827,1.3828,1.60,1.60
2010.06.08 10:31:18.310,1.38265,1.3828,1.00,1.60
2010.06.08 10:31:19.977,1.38265,1.38275,1.00,1.60
2010.06.08 10:31:20.310,1.3826,1.38275,5.60,1.60
2010.06.08 10:31:21.083,1.3826,1.38275,4.00,1.60
2010.06.08 10:31:21.709,1.3826,1.38275,4.00,3.20
2010.06.08 10:31:23.822,1.3826,1.3827,3.20,3.20
2010.06.08 10:31:24.139,1.3825,1.38265,4.00,1.60
2010.06.08 10:31:24.454,1.3825,1.38265,2.40,1.60
2010.06.08 10:31:27.388,1.3826,1.38265,1.60,1.60
2010.06.08 10:31:28.655,1.38255,1.3826,1.60,4.00
2010.06.08 10:31:29.820,1.38255,1.3826,1.60,1.60
2010.06.08 10:31:30.030,1.3826,1.3827,1.60,6.40
2010.06.08 10:31:35.558,1.38265,1.3827,1.00,6.40
2010.06.08 10:31:39.567,1.3826,1.38265,1.60,1.60
2010.06.08 10:31:40.006,1.38265,1.3827,1.00,1.60
2010.06.08 10:31:41.089,1.38255,1.3827,4.40,2.40
2010.06.08 10:31:41.393,1.3826,1.38275,4.00,2.00
2010.06.08 10:31:41.702,1.3827,1.38275,1.60,1.60
2010.06.08 10:31:42.329,1.3826,1.38275,5.60,1.60
2010.06.08 10:31:44.607,1.3826,1.38275,4.00,3.20
2010.06.08 10:31:44.729,1.38265,1.38275,1.60,1.60
2010.06.08 10:31:44.947,1.38275,1.3828,1.00,5.60
2010.06.08 10:31:46.039,1.3827,1.38275,1.60,1.60
2010.06.08 10:31:46.268,1.3826,1.3827,2.40,1.60
2010.06.08 10:31:46.499,1.38265,1.3827,1.00,4.00
2010.06.08 10:31:47.500,1.38255,1.38265,1.00,1.60
2010.06.08 10:31:47.814,1.3825,1.38265,5.60,1.60
2010.06.08 10:31:48.807,1.3826,1.38265,8.00,1.60
2010.06.08 10:31:49.153,1.3826,1.38265,1.60,1.60
2010.06.08 10:31:49.935,1.3826,1.3827,1.60,1.60
2010.06.08 10:31:50.232,1.3827,1.3828,1.60,6.80
2010.06.08 10:31:52.323,1.3827,1.38275,1.00,3.20
2010.06.08 10:31:52.665,1.3826,1.3827,1.60,1.60
2010.06.08 10:31:54.651,1.3826,1.3827,1.80,1.60
2010.06.08 10:31:54.934,1.38265,1.3827,1.00,1.60
2010.06.08 10:31:55.301,1.3827,1.3828,1.60,6.40
2010.06.08 10:31:56.171,1.3826,1.3827,1.60,1.60
2010.06.08 10:32:01.065,1.3825,1.38265,3.20,1.60
2010.06.08 10:32:01.332,1.3825,1.38265,4.00,1.60
2010.06.08 10:32:01.598,1.38255,1.38265,1.00,1.60
2010.06.08 10:32:03.237,1.3825,1.38265,4.00,1.60
2010.06.08 10:32:03.351,1.3825,1.38265,5.60,1.60
2010.06.08 10:32:05.369,1.3825,1.38265,4.00,1.60
2010.06.08 10:32:06.983,1.38255,1.3827,2.40,5.60
2010.06.08 10:32:07.584,1.38255,1.3827,4.00,4.80
2010.06.08 10:32:07.863,1.38255,1.3827,4.00,3.20
2010.06.08 10:32:08.139,1.38255,1.3827,4.20,3.20
2010.06.08 10:32:08.452,1.38255,1.3827,5.00,3.20
2010.06.08 10:32:09.069,1.3826,1.3827,1.00,2.40
2010.06.08 10:32:09.381,1.3826,1.3827,3.20,1.60
2010.06.08 10:32:09.661,1.38255,1.3827,1.00,5.60
2010.06.08 10:32:09.954,1.3825,1.38265,5.20,1.60
2010.06.08 10:32:10.554,1.3825,1.3827,4.00,2.40
2010.06.08 10:32:10.815,1.3825,1.3827,4.00,4.00
2010.06.08 10:32:11.072,1.3825,1.3827,4.00,5.60
2010.06.08 10:32:12.377,1.3825,1.3827,4.00,6.40
2010.06.08 10:32:12.722,1.38245,1.3826,1.00,2.40
2010.06.08 10:32:12.919,1.38245,1.3826,1.00,2.40
2010.06.08 10:32:13.317,1.38245,1.3826,1.00,3.20
2010.06.08 10:32:14.797,1.38245,1.3826,1.00,2.40
2010.06.08 10:32:18.408,1.3824,1.3826,4.00,5.60
2010.06.08 10:32:18.759,1.3824,1.3826,4.00,4.00
2010.06.08 10:32:20.122,1.3824,1.3826,4.00,5.60
2010.06.08 10:32:20.739,1.3824,1.3826,4.00,4.80
2010.06.08 10:32:21.085,1.3824,1.3826,4.00,4.00
2010.06.08 10:32:25.687,1.3824,1.3826,4.00,4.80
2010.06.08 10:32:26.168,1.3824,1.3826,4.00,4.00
2010.06.08 10:32:27.809,1.3825,1.3826,1.00,4.80
2010.06.08 10:32:28.112,1.3825,1.3826,1.60,4.00
2010.06.08 10:32:31.473,1.38225,1.38245,18.00,2.40
2010.06.08 10:32:31.712,1.38225,1.38245,2.00,2.40
2010.06.08 10:32:31.950,1.38225,1.38245,1.60,2.40
2010.06.08 10:32:32.873,1.38235,1.3825,1.00,2.40
2010.06.08 10:32:33.139,1.3823,1.3825,7.60,1.60
2010.06.08 10:32:35.039,1.3823,1.38255,7.60,1.60
2010.06.08 10:32:35.246,1.3823,1.38255,7.80,1.60
2010.06.08 10:32:35.734,1.3823,1.38255,7.00,1.60
2010.06.08 10:32:35.880,1.3823,1.38255,7.40,1.60
2010.06.08 10:32:37.087,1.3823,1.38255,5.80,1.60
2010.06.08 10:32:37.488,1.3823,1.38255,6.60,1.60
2010.06.08 10:32:37.811,1.3823,1.38255,7.40,1.60
2010.06.08 10:32:40.577,1.3824,1.3826,1.60,4.80
2010.06.08 10:32:40.749,1.3823,1.38255,5.80,1.60
2010.06.08 10:32:41.112,1.3823,1.38255,5.60,1.60
2010.06.08 10:32:41.424,1.3823,1.38255,7.40,1.60
2010.06.08 10:32:43.537,1.3824,1.3826,1.60,4.80
2010.06.08 10:32:44.201,1.3824,1.38255,1.00,1.60
2010.06.08 10:32:44.333,1.3823,1.38255,5.60,1.60
2010.06.08 10:32:45.017,1.3823,1.38255,7.20,1.60
2010.06.08 10:32:45.364,1.3823,1.38255,9.50,1.60
2010.06.08 10:32:45.970,1.3824,1.38255,1.00,1.60
2010.06.08 10:32:46.271,1.38255,1.3826,4.00,4.80
2010.06.08 10:32:46.875,1.38255,1.3826,1.60,3.20
2010.06.08 10:32:47.560,1.3825,1.3826,1.60,4.80
2010.06.08 10:32:49.437,1.3824,1.38255,1.60,1.60
2010.06.08 10:32:49.664,1.3824,1.3825,1.00,4.00
2010.06.08 10:32:49.880,1.3823,1.3825,6.00,4.00
2010.06.08 10:32:50.109,1.3823,1.3825,5.60,4.00
2010.06.08 10:32:50.891,1.3823,1.38245,5.60,1.60
2010.06.08 10:32:51.460,1.3823,1.3825,5.60,5.60
2010.06.08 10:32:51.973,1.3823,1.3825,5.60,4.00
2010.06.08 10:32:52.245,1.3823,1.3825,4.00,4.00
2010.06.08 10:32:53.662,1.3823,1.38245,2.40,1.60
2010.06.08 10:32:54.352,1.3824,1.3825,1.00,4.00
2010.06.08 10:32:54.758,1.3824,1.38245,1.60,1.60
2010.06.08 10:32:54.975,1.3823,1.3825,4.00,4.00
2010.06.08 10:32:55.521,1.3823,1.3825,5.60,4.00
2010.06.08 10:32:56.868,1.3823,1.3825,6.80,4.00
2010.06.08 10:32:57.137,1.3824,1.3825,1.60,4.00
2010.06.08 10:32:57.770,1.3824,1.3825,1.00,4.00
2010.06.08 10:32:58.039,1.3823,1.3825,5.60,4.00
2010.06.08 10:33:00.807,1.3823,1.3825,4.80,4.00
2010.06.08 10:33:01.192,1.3823,1.3825,4.00,4.00
2010.06.08 10:33:02.709,1.3823,1.3825,5.60,4.00
2010.06.08 10:33:04.030,1.3824,1.3825,1.00,4.00
2010.06.08 10:33:04.160,1.3824,1.3825,1.60,4.00
2010.06.08 10:33:04.288,1.38245,1.3825,1.00,4.00
2010.06.08 10:33:04.416,1.38235,1.3825,1.60,4.00
2010.06.08 10:33:04.866,1.3823,1.3825,5.80,4.00
2010.06.08 10:33:05.892,1.3823,1.3825,5.60,5.60
2010.06.08 10:33:06.422,1.3823,1.3825,4.80,5.60
2010.06.08 10:33:06.712,1.3823,1.3825,5.60,5.60
2010.06.08 10:33:08.578,1.3823,1.38245,4.00,1.60
2010.06.08 10:33:09.539,1.3823,1.38245,2.40,1.60
2010.06.08 10:33:14.382,1.3823,1.3825,5.60,4.00
2010.06.08 10:33:14.927,1.3823,1.38245,2.40,1.60
2010.06.08 10:33:15.558,1.38225,1.3824,1.00,5.60
2010.06.08 10:33:15.789,1.3822,1.3824,4.40,5.60
2010.06.08 10:33:16.130,1.3822,1.3824,4.00,4.00
2010.06.08 10:33:16.490,1.3822,1.3824,5.60,4.00
2010.06.08 10:33:17.509,1.38225,1.3824,1.00,4.80
2010.06.08 10:33:18.165,1.3822,1.3824,5.60,4.00
2010.06.08 10:33:21.386,1.3822,1.38235,5.60,1.60
2010.06.08 10:33:22.146,1.3822,1.38235,6.40,1.60
2010.06.08 10:33:24.557,1.3822,1.38235,7.20,1.60
2010.06.08 10:33:24.738,1.3822,1.3824,7.20,1.60
2010.06.08 10:33:24.828,1.38225,1.3824,1.00,1.60
2010.06.08 10:33:24.919,1.3823,1.3824,2.40,1.60
2010.06.08 10:33:25.097,1.3823,1.38245,2.40,2.00
2010.06.08 10:33:25.774,1.3823,1.38245,2.40,1.60
2010.06.08 10:33:26.126,1.3823,1.38245,4.00,1.60
2010.06.08 10:33:26.809,1.3823,1.38245,5.60,1.60
2010.06.08 10:33:29.112,1.3823,1.38245,6.40,1.60
2010.06.08 10:33:29.478,1.3824,1.38245,1.60,1.60
2010.06.08 10:33:30.564,1.3825,1.38255,4.00,8.00
2010.06.08 10:33:31.685,1.38245,1.3825,4.00,4.00
2010.06.08 10:33:32.034,1.3824,1.38245,1.60,1.60
2010.06.08 10:33:34.366,1.3824,1.38255,6.40,3.20
2010.06.08 10:33:34.682,1.38245,1.3826,4.00,2.80
2010.06.08 10:33:35.304,1.3824,1.38255,6.00,1.60
2010.06.08 10:33:35.608,1.3824,1.3825,1.60,1.60
2010.06.08 10:33:37.124,1.3824,1.38245,1.60,1.60
2010.06.08 10:33:38.446,1.38245,1.3825,1.00,5.60
2010.06.08 10:33:38.736,1.3824,1.38245,1.60,1.60
2010.06.08 10:33:41.420,1.3824,1.38245,4.00,1.60
2010.06.08 10:33:41.701,1.38245,1.3825,4.00,4.00
2010.06.08 10:33:42.285,1.3824,1.38245,1.60,1.60
2010.06.08 10:33:42.970,1.3824,1.38245,1.00,1.60
2010.06.08 10:33:43.279,1.3823,1.38245,5.60,1.60
2010.06.08 10:33:44.925,1.3824,1.38245,1.60,1.60
2010.06.08 10:33:45.603,1.3825,1.38255,4.00,6.80
2010.06.08 10:33:45.943,1.3824,1.38245,1.60,1.60
2010.06.08 10:33:46.285,1.3823,1.38245,6.20,1.60
2010.06.08 10:33:46.622,1.3823,1.38245,5.60,1.60
2010.06.08 10:33:47.564,1.3823,1.38245,4.00,1.60
2010.06.08 10:33:47.907,1.3823,1.38245,2.40,3.20
2010.06.08 10:33:49.285,1.3823,1.38245,5.60,1.60
2010.06.08 10:33:49.990,1.38235,1.38245,1.00,1.60
2010.06.08 10:33:50.722,1.3824,1.38245,1.60,1.60
2010.06.08 10:33:51.087,1.3824,1.38245,1.00,1.60
2010.06.08 10:33:51.432,1.3823,1.38245,6.40,1.60
2010.06.08 10:33:52.612,1.3824,1.38245,1.60,1.60
2010.06.08 10:33:52.964,1.38235,1.38245,1.00,1.60
2010.06.08 10:33:53.311,1.3824,1.38245,1.00,1.60
2010.06.08 10:33:53.828,1.38235,1.38245,1.00,1.60
2010.06.08 10:33:54.180,1.3823,1.38245,5.60,1.60
2010.06.08 10:33:54.521,1.3823,1.38245,6.90,1.60
2010.06.08 10:33:54.863,1.38235,1.38245,1.60,1.60
2010.06.08 10:33:56.229,1.3823,1.38245,6.40,1.60
2010.06.08 10:33:56.915,1.3824,1.38245,1.60,1.60
2010.06.08 10:33:57.221,1.3824,1.3825,9.60,5.60
2010.06.08 10:33:57.531,1.38235,1.38245,1.60,1.60
2010.06.08 10:33:58.152,1.3824,1.38245,1.00,1.60
2010.06.08 10:33:58.479,1.38235,1.38245,1.00,1.60
2010.06.08 10:33:58.808,1.3823,1.38245,3.20,1.60
2010.06.08 10:33:59.561,1.38235,1.38245,1.60,1.60
2010.06.08 10:33:59.781,1.38245,1.3825,4.00,4.00
2010.06.08 10:33:59.987,1.3824,1.38245,8.80,1.60
2010.06.08 10:34:00.190,1.3824,1.38245,1.60,1.60
2010.06.08 10:34:00.537,1.38235,1.38245,1.00,1.60
2010.06.08 10:34:00.882,1.3823,1.38245,5.60,1.60
2010.06.08 10:34:01.223,1.3824,1.38245,1.60,1.60
2010.06.08 10:34:01.928,1.38235,1.38245,2.40,1.60
2010.06.08 10:34:02.273,1.3823,1.38245,3.20,1.60
2010.06.08 10:34:02.925,1.3824,1.38245,1.60,1.60
2010.06.08 10:34:03.627,1.3823,1.38245,3.20,1.60
2010.06.08 10:34:15.878,1.3823,1.3824,3.20,2.40
2010.06.08 10:34:16.184,1.3823,1.38245,1.60,3.20
2010.06.08 10:34:16.482,1.3823,1.38245,3.20,1.60
2010.06.08 10:34:17.802,1.3823,1.38245,2.40,5.60
2010.06.08 10:34:17.997,1.38225,1.38245,9.20,7.20
2010.06.08 10:34:19.918,1.38225,1.3824,8.40,1.60
2010.06.08 10:34:20.007,1.38225,1.3824,9.40,1.60
2010.06.08 10:34:20.415,1.3823,1.3824,4.00,1.00
2010.06.08 10:34:20.516,1.3823,1.38245,4.00,1.60
2010.06.08 10:34:20.607,1.3823,1.38245,3.20,1.60
2010.06.08 10:34:21.287,1.3823,1.38245,5.60,1.60
2010.06.08 10:34:22.221,1.3823,1.38245,1.00,4.00
2010.06.08 10:34:22.397,1.38225,1.3824,9.20,1.00
2010.06.08 10:34:22.577,1.38225,1.38245,9.20,7.20
2010.06.08 10:34:23.101,1.3823,1.38245,3.20,1.60
2010.06.08 10:34:29.207,1.3823,1.3825,3.20,4.00
2010.06.08 10:34:29.476,1.3824,1.3825,1.00,2.40
2010.06.08 10:34:29.642,1.3823,1.3825,4.00,2.40
2010.06.08 10:34:29.810,1.3823,1.3825,4.00,4.00
2010.06.08 10:34:30.459,1.3823,1.3825,3.20,4.00
2010.06.08 10:34:32.656,1.38235,1.3825,1.00,4.00
2010.06.08 10:34:32.932,1.3823,1.3825,4.00,4.00
2010.06.08 10:34:35.186,1.3823,1.3825,4.00,4.80
2010.06.08 10:34:35.317,1.3823,1.3825,6.40,5.60
2010.06.08 10:34:35.891,1.38235,1.3825,1.60,4.00
2010.06.08 10:34:36.582,1.3823,1.3824,2.40,1.00
2010.06.08 10:34:37.052,1.3823,1.3824,1.60,1.00
2010.06.08 10:34:37.738,1.3823,1.38245,1.60,4.00
2010.06.08 10:34:40.518,1.3823,1.3824,1.60,2.40
2010.06.08 10:34:40.833,1.38225,1.3824,5.60,2.40
2010.06.08 10:34:44.766,1.38235,1.3824,1.60,2.40
2010.06.08 10:34:44.889,1.3823,1.38245,1.60,4.90
2010.06.08 10:34:45.007,1.3823,1.3824,1.60,2.40
2010.06.08 10:34:45.546,1.38225,1.3824,4.00,2.40
2010.06.08 10:34:45.691,1.3823,1.3824,1.60,2.40
2010.06.08 10:34:46.828,1.38225,1.3824,4.00,2.40
2010.06.08 10:34:47.938,1.3823,1.3824,1.60,2.40
2010.06.08 10:34:52.448,1.3823,1.3824,1.60,1.60
2010.06.08 10:34:53.035,1.3823,1.38245,1.60,1.60
2010.06.08 10:34:58.317,1.3823,1.38245,1.60,4.00
2010.06.08 10:34:58.948,1.3823,1.38245,1.60,2.40
2010.06.08 10:34:59.121,1.38235,1.38245,1.00,2.40
2010.06.08 10:34:59.445,1.38235,1.38245,1.60,2.40
2010.06.08 10:34:59.618,1.38235,1.38245,1.00,1.60
2010.06.08 10:34:59.922,1.3823,1.38245,1.00,4.00
2010.06.08 10:35:00.538,1.38225,1.38245,6.80,4.00
2010.06.08 10:35:05.624,1.38225,1.3824,5.20,1.60
2010.06.08 10:35:05.833,1.3823,1.3824,1.00,6.60
2010.06.08 10:35:06.040,1.38225,1.38235,1.00,4.00
2010.06.08 10:35:07.739,1.38225,1.3824,1.00,3.20
2010.06.08 10:35:08.230,1.38225,1.38235,1.00,4.00
2010.06.08 10:35:10.247,1.3822,1.38235,4.00,4.00
2010.06.08 10:35:12.270,1.3822,1.38235,1.60,4.00
2010.06.08 10:35:16.847,1.38225,1.38235,1.00,4.00
2010.06.08 10:35:18.001,1.3822,1.38235,1.60,4.00
2010.06.08 10:35:19.169,1.3822,1.38235,2.40,4.00
2010.06.08 10:35:19.778,1.3822,1.38235,4.00,4.00
2010.06.08 10:35:27.006,1.3822,1.38235,3.20,4.00
2010.06.08 10:35:29.376,1.38215,1.38235,5.60,4.00
2010.06.08 10:35:31.328,1.3822,1.38235,1.00,2.40
2010.06.08 10:35:31.591,1.3822,1.3824,8.40,5.60
2010.06.08 10:35:32.175,1.3822,1.3824,7.60,5.60
2010.06.08 10:35:37.708,1.3822,1.3824,6.80,6.40
2010.06.08 10:35:37.947,1.3822,1.3824,7.60,5.60
2010.06.08 10:35:39.503,1.3822,1.3824,6.00,5.60
2010.06.08 10:35:39.747,1.3822,1.3824,7.60,5.60
2010.06.08 10:35:40.308,1.3822,1.3824,6.00,5.60
2010.06.08 10:35:42.910,1.3822,1.3824,6.00,7.20
2010.06.08 10:35:46.237,1.3822,1.3824,4.40,7.20
2010.06.08 10:35:46.818,1.3822,1.38235,3.60,5.00
2010.06.08 10:35:47.062,1.38215,1.38225,5.20,4.00
2010.06.08 10:35:47.412,1.38215,1.3823,4.40,10.40
2010.06.08 10:35:53.097,1.38215,1.38225,4.40,4.00
2010.06.08 10:35:54.398,1.38215,1.38225,3.60,4.00
2010.06.08 10:35:54.585,1.38215,1.38225,3.60,4.80
2010.06.08 10:35:55.044,1.3822,1.38225,1.00,1.00
2010.06.08 10:35:55.337,1.3821,1.38225,3.60,4.00
2010.06.08 10:35:55.632,1.3821,1.38225,2.00,4.00
2010.06.08 10:35:56.093,1.3821,1.38225,1.60,4.00
2010.06.08 10:35:56.444,1.38205,1.3822,7.00,1.60
2010.06.08 10:35:57.759,1.38205,1.38225,7.00,4.00
2010.06.08 10:35:58.101,1.38205,1.38225,7.00,5.60
2010.06.08 10:35:58.441,1.38205,1.3822,7.80,1.00
2010.06.08 10:35:58.783,1.3821,1.3822,1.00,1.00
2010.06.08 10:35:59.137,1.3821,1.38225,1.60,4.00
2010.06.08 10:35:59.414,1.38215,1.3823,2.80,5.60
2010.06.08 10:35:59.993,1.38215,1.3823,2.00,5.60
2010.06.08 10:36:02.073,1.38215,1.3823,2.00,6.40
2010.06.08 10:36:02.773,1.38215,1.3823,3.60,7.20
2010.06.08 10:36:03.122,1.38215,1.3823,4.40,6.40
2010.06.08 10:36:03.474,1.38215,1.3823,4.40,4.80
2010.06.08 10:36:03.813,1.38215,1.38235,7.60,5.60
2010.06.08 10:36:05.433,1.38215,1.38235,9.20,4.00
2010.06.08 10:36:06.896,1.38215,1.38235,7.60,5.60
2010.06.08 10:36:13.816,1.38215,1.38235,5.20,5.60
2010.06.08 10:36:14.030,1.38215,1.38235,5.20,3.20
2010.06.08 10:36:14.239,1.38215,1.38235,5.20,4.00
2010.06.08 10:36:14.777,1.38215,1.38235,5.20,3.20
2010.06.08 10:36:15.047,1.38215,1.38235,5.20,4.00
2010.06.08 10:36:15.917,1.38215,1.38235,5.20,3.20
2010.06.08 10:36:16.589,1.38215,1.38235,2.80,4.00
2010.06.08 10:36:16.859,1.38215,1.3823,1.00,1.60
2010.06.08 10:36:17.128,1.3821,1.3823,1.20,1.60
2010.06.08 10:36:18.142,1.3821,1.3823,1.70,1.60
2010.06.08 10:36:18.319,1.3821,1.3823,1.30,1.60
2010.06.08 10:36:19.462,1.3821,1.3823,1.30,2.40
2010.06.08 10:36:19.941,1.3821,1.3823,1.00,1.60
2010.06.08 10:36:20.326,1.3821,1.3822,1.00,1.60
2010.06.08 10:36:20.522,1.3821,1.38225,1.00,1.00
2010.06.08 10:36:21.125,1.3821,1.3823,3.20,1.60
2010.06.08 10:36:21.477,1.3821,1.3823,1.20,1.60
2010.06.08 10:36:31.275,1.3821,1.3823,1.40,1.60
2010.06.08 10:36:32.259,1.3821,1.3823,1.00,1.60
2010.06.08 10:36:35.165,1.3821,1.3823,2.40,1.60
2010.06.08 10:36:35.748,1.3821,1.3823,4.00,1.60
2010.06.08 10:36:36.196,1.3821,1.3823,4.80,1.60
2010.06.08 10:36:36.426,1.3821,1.3823,4.00,1.60
2010.06.08 10:36:37.305,1.3821,1.3823,1.60,1.60
2010.06.08 10:36:37.465,1.3821,1.3823,1.00,1.60
2010.06.08 10:36:46.158,1.3821,1.3823,1.60,1.60
2010.06.08 10:36:46.563,1.3821,1.3823,2.20,1.60
2010.06.08 10:36:46.844,1.3821,1.3823,5.40,1.60
2010.06.08 10:36:51.620,1.3822,1.38235,1.60,3.20
2010.06.08 10:36:52.232,1.3822,1.38235,1.60,1.60
2010.06.08 10:36:52.538,1.3822,1.38235,2.40,1.60
2010.06.08 10:36:55.187,1.38225,1.3824,4.00,5.60
2010.06.08 10:36:56.241,1.38225,1.3824,2.40,5.60
2010.06.08 10:36:57.530,1.3822,1.38235,6.20,1.60
2010.06.08 10:36:57.863,1.38215,1.38235,7.30,1.60
2010.06.08 10:36:58.207,1.38215,1.38235,6.40,1.60
2010.06.08 10:37:04.010,1.3822,1.38235,3.20,1.60
2010.06.08 10:37:04.351,1.38215,1.38235,6.40,1.60
2010.06.08 10:37:05.704,1.3822,1.38235,1.60,1.60
2010.06.08 10:37:06.054,1.3822,1.38235,1.00,1.60
2010.06.08 10:37:06.212,1.38215,1.38235,8.00,1.60
2010.06.08 10:37:06.989,1.38215,1.38235,8.60,1.60
2010.06.08 10:37:07.331,1.38215,1.38235,7.00,3.20
2010.06.08 10:37:09.599,1.3822,1.38235,1.60,3.20
2010.06.08 10:37:12.940,1.3822,1.38235,1.60,1.60
2010.06.08 10:37:14.427,1.3822,1.38235,1.60,2.40
2010.06.08 10:37:14.767,1.3822,1.38235,1.60,1.60
2010.06.08 10:37:18.359,1.38215,1.38235,8.60,1.60
2010.06.08 10:37:19.870,1.38215,1.38235,7.80,1.60
2010.06.08 10:37:20.683,1.38215,1.38235,6.20,1.60
2010.06.08 10:37:25.069,1.38215,1.38235,4.40,1.60
2010.06.08 10:37:25.251,1.38215,1.38235,1.00,2.40
2010.06.08 10:37:25.755,1.3821,1.38235,4.40,1.60
2010.06.08 10:37:26.101,1.3821,1.38235,5.20,1.60
2010.06.08 10:37:26.788,1.3821,1.38235,4.80,1.60
2010.06.08 10:37:27.470,1.3821,1.38235,4.80,2.40
2010.06.08 10:37:31.440,1.3821,1.38235,1.00,2.40
2010.06.08 10:37:33.611,1.3821,1.38225,1.00,1.00
2010.06.08 10:37:33.743,1.38205,1.3822,7.60,2.50
2010.06.08 10:37:33.882,1.38205,1.3822,7.00,4.80
2010.06.08 10:37:34.022,1.38205,1.3822,4.40,4.00
2010.06.08 10:37:34.804,1.38205,1.3822,4.00,4.00
2010.06.08 10:37:35.668,1.38205,1.3822,2.40,4.80
2010.06.08 10:37:36.012,1.38205,1.3822,2.40,4.00
2010.06.08 10:37:36.286,1.38205,1.38215,8.40,1.60
2010.06.08 10:37:37.841,1.3821,1.38215,3.20,1.60
2010.06.08 10:37:38.181,1.38215,1.38225,3.60,4.00
2010.06.08 10:37:38.521,1.38215,1.38225,4.40,4.00
2010.06.08 10:37:38.751,1.38215,1.3822,1.00,1.00
2010.06.08 10:37:38.982,1.3821,1.3822,2.00,1.60
2010.06.08 10:37:39.287,1.3821,1.3822,1.00,1.60
2010.06.08 10:37:39.519,1.38205,1.3822,8.40,1.60
2010.06.08 10:37:39.751,1.3821,1.3822,1.00,1.60
2010.06.08 10:37:39.964,1.38205,1.3822,9.20,1.60
2010.06.08 10:37:40.171,1.38205,1.3822,8.40,1.60
2010.06.08 10:37:40.381,1.38205,1.3822,9.00,1.60
2010.06.08 10:37:40.837,1.38205,1.3822,9.40,1.60
2010.06.08 10:37:41.189,1.38215,1.3823,2.00,5.60
2010.06.08 10:37:41.535,1.3821,1.38225,2.00,1.60
2010.06.08 10:37:41.866,1.38205,1.38225,7.40,3.20
2010.06.08 10:37:42.532,1.38215,1.3823,5.20,5.90
2010.06.08 10:37:42.878,1.38215,1.3823,6.00,5.90
2010.06.08 10:37:43.218,1.38215,1.3823,6.00,5.10
2010.06.08 10:37:44.591,1.38215,1.3823,4.40,5.10
2010.06.08 10:37:44.758,1.38215,1.3823,1.20,2.40
2010.06.08 10:37:44.920,1.3821,1.3823,2.80,1.00
2010.06.08 10:37:45.079,1.3821,1.38235,2.80,5.30
2010.06.08 10:37:45.237,1.3821,1.38235,3.60,5.30
2010.06.08 10:37:45.754,1.38215,1.38235,1.00,5.30
2010.06.08 10:37:46.105,1.38215,1.38235,6.00,4.80
2010.06.08 10:37:46.454,1.38215,1.38225,7.60,1.60
2010.06.08 10:37:46.965,1.38215,1.38225,8.00,1.60
2010.06.08 10:37:47.651,1.38215,1.38225,7.20,1.60
2010.06.08 10:37:47.970,1.38215,1.38225,6.80,1.60
2010.06.08 10:37:50.428,1.38215,1.38225,6.00,1.60
2010.06.08 10:37:50.843,1.38215,1.38225,4.40,1.60
2010.06.08 10:37:51.154,1.3821,1.3822,2.80,4.80
2010.06.08 10:37:52.248,1.3821,1.3822,1.00,8.00
2010.06.08 10:37:52.563,1.38205,1.3821,2.40,1.60
2010.06.08 10:37:53.233,1.38205,1.38215,6.00,4.00
2010.06.08 10:37:54.107,1.38205,1.38215,6.40,4.00
2010.06.08 10:37:54.455,1.38215,1.3823,2.00,15.70
2010.06.08 10:37:55.143,1.38215,1.3822,1.60,4.00
2010.06.08 10:37:55.538,1.3821,1.3822,4.40,4.00
2010.06.08 10:37:55.806,1.38205,1.38215,6.00,4.00
2010.06.08 10:37:57.117,1.38205,1.3821,6.00,4.00
2010.06.08 10:37:57.469,1.38205,1.3822,6.00,8.00
2010.06.08 10:37:57.814,1.38205,1.38215,6.80,1.00
2010.06.08 10:37:58.130,1.38205,1.38215,6.80,1.60
2010.06.08 10:37:58.436,1.38215,1.38225,2.00,8.00
2010.06.08 10:37:59.923,1.38215,1.3822,2.00,4.00
2010.06.08 10:38:00.475,1.38215,1.38225,1.60,14.50
2010.06.08 10:38:00.951,1.3821,1.3822,1.00,1.00
2010.06.08 10:38:01.151,1.38205,1.38215,6.80,1.60
2010.06.08 10:38:02.388,1.38205,1.38215,5.20,1.60
2010.06.08 10:38:02.699,1.38205,1.38215,4.40,1.60
2010.06.08 10:38:05.437,1.38205,1.38215,4.80,1.60
2010.06.08 10:38:05.998,1.38205,1.38215,6.80,1.60
2010.06.08 10:38:06.900,1.38215,1.3822,1.00,2.40
2010.06.08 10:38:07.360,1.38215,1.38225,2.00,8.00
2010.06.08 10:38:09.228,1.38215,1.38225,2.80,8.00
2010.06.08 10:38:09.359,1.38215,1.38225,4.40,8.00
2010.06.08 10:38:09.877,1.38215,1.38225,6.80,8.00
2010.06.08 10:38:10.015,1.38215,1.38225,6.80,4.80
2010.06.08 10:38:10.256,1.38215,1.38225,6.80,1.60
2010.06.08 10:38:14.699,1.38215,1.3823,6.80,1.00
2010.06.08 10:38:15.246,1.38215,1.38235,6.80,1.60
2010.06.08 10:38:15.726,1.38215,1.38235,7.60,1.60
2010.06.08 10:38:17.997,1.38215,1.38235,6.80,1.60
2010.06.08 10:38:18.648,1.38215,1.38225,6.80,1.00
2010.06.08 10:38:18.957,1.38215,1.3823,6.80,8.00
2010.06.08 10:38:19.260,1.38215,1.38225,6.80,4.00
2010.06.08 10:38:21.869,1.38215,1.38225,6.80,1.00
2010.06.08 10:38:22.109,1.38215,1.38225,6.80,1.60
2010.06.08 10:38:22.897,1.38215,1.38225,7.60,4.00
2010.06.08 10:38:23.137,1.38215,1.38225,8.00,4.00
2010.06.08 10:38:27.141,1.38215,1.38225,7.90,4.00
2010.06.08 10:38:27.334,1.38215,1.38225,6.00,8.00
2010.06.08 10:38:27.521,1.38215,1.38225,3.60,8.00
2010.06.08 10:38:28.088,1.38215,1.38225,3.20,8.00
2010.06.08 10:38:28.433,1.38215,1.38225,5.60,8.00
2010.06.08 10:38:28.785,1.38215,1.38225,6.00,1.60
2010.06.08 10:38:31.357,1.38215,1.38225,3.20,8.00
2010.06.08 10:38:32.040,1.38215,1.38225,1.00,10.40
2010.06.08 10:38:32.395,1.38215,1.38225,1.00,12.90
2010.06.08 10:38:32.743,1.3821,1.38225,1.00,12.90
2010.06.08 10:38:33.092,1.38205,1.38225,6.00,12.90
2010.06.08 10:38:33.742,1.38205,1.3822,6.00,1.00
2010.06.08 10:38:34.790,1.38205,1.38225,7.60,5.70
2010.06.08 10:38:35.227,1.38205,1.3822,6.00,1.00
2010.06.08 10:38:35.355,1.38205,1.3822,4.40,1.60
2010.06.08 10:38:36.798,1.38205,1.3822,6.00,1.60
2010.06.08 10:38:37.113,1.38205,1.3822,7.60,1.60
2010.06.08 10:38:38.428,1.38205,1.38225,9.20,1.60
2010.06.08 10:38:39.340,1.38205,1.38225,7.60,1.60
2010.06.08 10:38:39.931,1.38205,1.38225,9.20,1.60
2010.06.08 10:38:40.117,1.38205,1.38225,10.00,1.60
2010.06.08 10:38:40.306,1.3821,1.38225,1.00,1.60
2010.06.08 10:38:40.879,1.38205,1.3822,8.00,1.60
2010.06.08 10:38:43.018,1.38205,1.3822,7.20,1.60
2010.06.08 10:38:43.411,1.38205,1.3822,6.40,1.60
2010.06.08 10:38:43.694,1.38205,1.3822,6.80,1.60
2010.06.08 10:38:43.962,1.38205,1.3822,5.20,1.60
2010.06.08 10:38:45.348,1.38205,1.3822,5.10,1.60
2010.06.08 10:38:46.534,1.38205,1.3822,4.70,1.60
2010.06.08 10:38:46.824,1.38205,1.3822,6.30,1.60
2010.06.08 10:38:47.112,1.38215,1.3823,3.40,1.00
2010.06.08 10:38:47.707,1.3822,1.3823,1.60,1.00
2010.06.08 10:38:48.061,1.3822,1.38235,1.60,1.60
2010.06.08 10:39:07.368,1.38215,1.38235,4.80,1.60
2010.06.08 10:39:07.738,1.38215,1.38235,4.80,3.20
2010.06.08 10:39:09.373,1.38215,1.38235,4.80,4.00
2010.06.08 10:39:09.679,1.38215,1.38225,4.40,1.60
2010.06.08 10:39:10.242,1.38215,1.38225,2.80,1.60
2010.06.08 10:39:12.301,1.38215,1.38225,3.20,1.00
2010.06.08 10:39:12.780,1.3822,1.38235,1.00,3.20
2010.06.08 10:39:13.127,1.3822,1.38235,1.60,3.20
2010.06.08 10:39:16.685,1.3822,1.38235,4.00,1.60
2010.06.08 10:39:21.613,1.3823,1.3824,1.60,5.60
2010.06.08 10:39:21.931,1.38225,1.3824,4.00,7.20
2010.06.08 10:39:31.907,1.38225,1.3824,2.40,7.20
2010.06.08 10:39:32.490,1.38225,1.38235,2.40,9.60
2010.06.08 10:39:32.835,1.38215,1.38235,2.80,13.60
2010.06.08 10:39:33.180,1.38215,1.38225,2.80,1.60
2010.06.08 10:39:35.282,1.38215,1.38225,1.00,3.20
2010.06.08 10:39:35.822,1.3821,1.38225,1.00,3.20
2010.06.08 10:39:36.067,1.38205,1.38225,8.00,3.20
2010.06.08 10:39:36.428,1.38215,1.38225,3.20,1.60
2010.06.08 10:39:36.669,1.38215,1.38225,4.40,1.60
2010.06.08 10:39:42.180,1.38215,1.38225,1.60,1.60
2010.06.08 10:39:42.408,1.38205,1.38225,13.60,1.60
2010.06.08 10:39:42.637,1.38205,1.38225,10.40,1.60
2010.06.08 10:39:42.867,1.38205,1.38225,10.00,1.60
2010.06.08 10:39:43.525,1.3821,1.38225,1.60,1.60
2010.06.08 10:39:43.704,1.3821,1.38215,1.60,1.00
2010.06.08 10:39:43.883,1.38205,1.38215,8.40,1.00
2010.06.08 10:39:44.237,1.38205,1.3822,8.40,1.00
2010.06.08 10:39:44.587,1.3821,1.3823,1.00,2.40
2010.06.08 10:39:46.172,1.38205,1.3822,8.00,1.60
2010.06.08 10:39:47.081,1.38205,1.38225,8.00,1.00
2010.06.08 10:39:47.418,1.38205,1.3823,8.00,2.40
2010.06.08 10:39:47.758,1.38205,1.38225,6.40,1.60
2010.06.08 10:39:48.411,1.38215,1.3823,3.20,1.60
2010.06.08 10:39:48.664,1.38215,1.3823,4.00,1.60
2010.06.08 10:39:49.499,1.38215,1.3823,5.60,1.60
2010.06.08 10:39:50.209,1.38215,1.38235,5.60,2.40
2010.06.08 10:39:50.356,1.3822,1.38235,2.40,1.60
2010.06.08 10:39:51.080,1.3822,1.3824,4.40,4.00
2010.06.08 10:39:51.221,1.3823,1.3824,2.40,1.60
2010.06.08 10:39:52.772,1.3823,1.3824,2.80,1.60
2010.06.08 10:39:53.462,1.3823,1.3824,2.40,1.60
2010.06.08 10:39:54.779,1.3823,1.3824,2.40,2.40
2010.06.08 10:39:54.979,1.3823,1.3824,2.40,1.60
2010.06.08 10:39:55.080,1.3823,1.3824,2.40,1.00
2010.06.08 10:39:55.370,1.3823,1.3824,2.40,1.60
2010.06.08 10:40:00.041,1.3823,1.3824,2.40,1.00
2010.06.08 10:40:15.019,1.38225,1.3824,4.40,2.40
2010.06.08 10:40:15.303,1.38225,1.3824,2.40,3.20
2010.06.08 10:40:15.579,1.38225,1.3824,4.00,1.60
2010.06.08 10:40:17.048,1.38235,1.3824,1.00,1.00
2010.06.08 10:40:17.240,1.3823,1.3824,5.60,1.00
2010.06.08 10:40:17.428,1.3823,1.3824,4.00,1.00
2010.06.08 10:40:21.719,1.3823,1.3824,5.60,1.00
2010.06.08 10:40:21.910,1.3823,1.3824,8.00,1.00
2010.06.08 10:40:22.335,1.3823,1.3824,3.20,1.00
2010.06.08 10:40:22.524,1.3823,1.3824,4.00,1.00
2010.06.08 10:40:26.886,1.38235,1.3824,1.00,1.00
2010.06.08 10:40:28.411,1.38225,1.3824,8.80,1.00
2010.06.08 10:40:30.408,1.3823,1.3824,1.60,1.00
2010.06.08 10:40:31.079,1.38235,1.3825,1.00,3.20
2010.06.08 10:40:31.467,1.38235,1.3825,5.20,3.20
2010.06.08 10:40:31.979,1.38235,1.3825,5.20,1.60
2010.06.08 10:40:32.922,1.38245,1.3825,1.00,1.60
2010.06.08 10:40:33.251,1.3826,1.3829,6.40,1.00
2010.06.08 10:40:33.410,1.3827,1.383,2.40,1.60
2010.06.08 10:40:33.569,1.3827,1.38305,4.00,3.90
2010.06.08 10:40:33.904,1.3827,1.38305,4.00,3.10
2010.06.08 10:40:34.061,1.3827,1.38305,4.80,3.10
2010.06.08 10:40:34.220,1.3827,1.38305,4.80,2.30
2010.06.08 10:40:34.379,1.38275,1.3829,4.40,4.00
2010.06.08 10:40:34.719,1.38275,1.3829,3.20,4.00
2010.06.08 10:40:35.062,1.3828,1.38295,1.00,1.60
2010.06.08 10:40:35.409,1.3828,1.38295,1.60,1.60
2010.06.08 10:40:35.851,1.3829,1.38305,1.00,4.10
2010.06.08 10:40:36.004,1.38295,1.3831,1.00,1.00
2010.06.08 10:40:36.147,1.38295,1.3831,2.60,1.00
2010.06.08 10:40:36.635,1.383,1.3832,3.20,4.40
2010.06.08 10:40:36.988,1.3831,1.3832,2.40,1.00
2010.06.08 10:40:37.332,1.3831,1.38325,2.40,1.60
2010.06.08 10:40:38.025,1.3831,1.38325,2.80,1.60
2010.06.08 10:40:38.371,1.38305,1.38315,1.00,4.00
2010.06.08 10:40:38.710,1.38295,1.3831,1.60,2.40
2010.06.08 10:40:40.508,1.38295,1.38305,1.60,1.60
2010.06.08 10:40:41.130,1.3829,1.38295,2.00,1.60
2010.06.08 10:40:41.366,1.38285,1.38295,1.00,1.60
2010.06.08 10:40:42.423,1.38285,1.38295,1.60,1.60
2010.06.08 10:40:43.694,1.38285,1.3829,1.00,7.20
2010.06.08 10:40:43.924,1.38275,1.3828,1.00,2.40
2010.06.08 10:40:44.382,1.38275,1.38285,4.00,5.60
2010.06.08 10:40:44.736,1.38275,1.3828,1.00,2.40
2010.06.08 10:40:49.781,1.38275,1.38285,1.00,4.80
2010.06.08 10:40:50.001,1.38275,1.38295,4.80,6.80
2010.06.08 10:40:50.210,1.38275,1.3829,2.40,3.20
2010.06.08 10:40:50.420,1.38275,1.3829,1.00,2.40
2010.06.08 10:40:51.744,1.38275,1.3829,1.00,3.20
2010.06.08 10:40:51.920,1.38275,1.3829,1.00,2.40
2010.06.08 10:40:56.423,1.38275,1.3829,1.00,3.20
2010.06.08 10:40:56.858,1.38275,1.3829,1.00,2.40
2010.06.08 10:40:57.104,1.38285,1.3829,1.00,2.40
2010.06.08 10:40:57.343,1.38275,1.3829,1.00,2.40
2010.06.08 10:40:58.800,1.38275,1.3829,1.60,3.20
2010.06.08 10:40:59.151,1.38285,1.3829,1.00,2.40
2010.06.08 10:40:59.675,1.38285,1.3829,1.00,3.20
2010.06.08 10:40:59.986,1.38275,1.3829,1.00,4.00
2010.06.08 10:41:00.810,1.38275,1.3829,1.60,3.60
2010.06.08 10:41:01.182,1.38275,1.3829,1.60,4.40
2010.06.08 10:41:01.455,1.38275,1.3829,1.00,4.80
2010.06.08 10:41:01.750,1.38275,1.38285,1.00,1.00
2010.06.08 10:41:02.040,1.38275,1.38285,1.00,1.60
2010.06.08 10:41:02.333,1.38275,1.3828,1.00,2.40
2010.06.08 10:41:02.938,1.38275,1.3828,4.00,2.40
2010.06.08 10:41:03.288,1.38275,1.38285,4.00,6.10
2010.06.08 10:41:03.629,1.38275,1.38285,4.00,5.20
2010.06.08 10:41:04.629,1.38275,1.38285,8.00,5.20
2010.06.08 10:41:04.955,1.38275,1.3828,4.80,2.40
2010.06.08 10:41:05.587,1.38275,1.3828,1.00,2.40
2010.06.08 10:41:07.581,1.38275,1.3828,1.00,2.80
2010.06.08 10:41:07.924,1.38265,1.3828,10.40,2.80
2010.06.08 10:41:08.088,1.38265,1.3828,8.80,2.40
2010.06.08 10:41:08.262,1.38265,1.3828,10.40,2.40
2010.06.08 10:41:08.429,1.38265,1.3828,8.80,2.40
2010.06.08 10:41:08.599,1.38265,1.3828,10.40,2.40
2010.06.08 10:41:08.929,1.38265,1.3828,10.40,3.20
2010.06.08 10:41:09.098,1.3827,1.3828,1.00,3.20
2010.06.08 10:41:09.569,1.3827,1.3828,1.00,4.00
2010.06.08 10:41:09.845,1.3827,1.3828,1.00,4.40
2010.06.08 10:41:15.547,1.38265,1.3828,8.80,4.40
2010.06.08 10:41:16.473,1.3827,1.3828,1.00,4.40
2010.06.08 10:41:18.130,1.3827,1.38275,1.00,4.80
2010.06.08 10:41:18.470,1.38265,1.38275,1.60,5.60
2010.06.08 10:41:18.657,1.3827,1.38275,1.00,5.20
2010.06.08 10:41:19.389,1.38265,1.38275,1.60,5.20
2010.06.08 10:41:20.708,1.38265,1.3828,2.40,8.40
2010.06.08 10:41:20.910,1.3827,1.3828,4.00,1.00
2010.06.08 10:41:21.301,1.3828,1.3829,1.00,12.80
2010.06.08 10:41:21.515,1.3828,1.38295,1.60,1.60
2010.06.08 10:41:22.411,1.38285,1.38295,1.00,1.60
2010.06.08 10:41:22.750,1.3828,1.38295,1.60,1.60
2010.06.08 10:41:26.268,1.3828,1.3829,1.60,1.60
2010.06.08 10:41:26.479,1.38285,1.383,1.00,4.00
2010.06.08 10:41:28.291,1.38275,1.383,3.20,4.00
2010.06.08 10:41:28.902,1.3828,1.383,1.60,4.00
2010.06.08 10:41:29.909,1.38285,1.383,1.00,4.00
2010.06.08 10:41:30.910,1.3828,1.383,1.60,4.00
2010.06.08 10:41:34.258,1.38285,1.383,1.00,4.00
2010.06.08 10:41:34.418,1.3829,1.383,1.00,4.00
2010.06.08 10:41:34.802,1.38285,1.383,1.00,4.00
2010.06.08 10:41:40.775,1.3828,1.383,1.60,5.60
2010.06.08 10:41:40.910,1.3828,1.383,1.60,6.40
2010.06.08 10:41:44.077,1.3827,1.38285,1.00,2.40
2010.06.08 10:41:44.394,1.38265,1.3828,1.00,2.40
2010.06.08 10:41:44.982,1.3826,1.3828,4.00,2.40
2010.06.08 10:41:45.294,1.38265,1.3828,1.00,2.40
2010.06.08 10:41:46.721,1.38265,1.3828,1.60,4.00
2010.06.08 10:41:50.019,1.38265,1.3827,1.00,1.60
2010.06.08 10:41:53.032,1.38255,1.3826,2.40,1.60
2010.06.08 10:41:53.319,1.38265,1.3827,1.00,1.60
2010.06.08 10:41:56.289,1.38265,1.38275,1.00,1.60
2010.06.08 10:41:56.632,1.3827,1.3828,1.00,10.40
2010.06.08 10:41:56.992,1.3827,1.3828,1.00,4.00
2010.06.08 10:41:57.346,1.3827,1.3828,1.00,2.40
2010.06.08 10:41:58.561,1.3827,1.3828,1.00,10.40
2010.06.08 10:42:00.658,1.38265,1.3828,1.00,10.40
2010.06.08 10:42:00.983,1.38265,1.38275,1.00,2.40
2010.06.08 10:42:01.311,1.38265,1.38275,1.00,3.20
2010.06.08 10:42:02.462,1.38265,1.38275,1.00,4.80
2010.06.08 10:42:02.809,1.38265,1.38275,1.00,3.20
2010.06.08 10:42:03.562,1.38265,1.38275,1.00,1.60
2010.06.08 10:42:04.050,1.38265,1.3828,1.00,19.20
2010.06.08 10:42:04.272,1.3826,1.3828,3.20,16.00
2010.06.08 10:42:04.831,1.38265,1.3828,1.00,5.60
2010.06.08 10:42:06.788,1.38265,1.3828,3.20,3.20
2010.06.08 10:42:11.152,1.3826,1.38275,3.00,4.00
2010.06.08 10:42:11.291,1.3826,1.38275,1.00,4.00
2010.06.08 10:42:11.429,1.3826,1.3827,1.00,1.00
2010.06.08 10:42:11.569,1.3826,1.3827,1.00,1.60
2010.06.08 10:42:11.709,1.3826,1.38275,3.20,1.60
2010.06.08 10:42:11.850,1.3826,1.3828,6.40,6.00
2010.06.08 10:42:12.248,1.3826,1.3828,6.40,5.60
2010.06.08 10:42:15.657,1.38265,1.3828,1.00,5.60
2010.06.08 10:42:18.841,1.3826,1.3828,6.40,5.60
2010.06.08 10:42:20.638,1.3826,1.3828,5.60,5.60
2010.06.08 10:42:20.958,1.3826,1.3827,4.80,1.00
2010.06.08 10:42:21.122,1.3826,1.38275,1.00,3.20
2010.06.08 10:42:21.265,1.3826,1.3827,1.00,2.40
2010.06.08 10:42:21.837,1.3826,1.3827,1.00,3.20
2010.06.08 10:42:21.986,1.3826,1.3827,1.00,4.00
2010.06.08 10:42:24.100,1.3826,1.3827,1.00,3.20
2010.06.08 10:42:24.318,1.3826,1.3827,1.00,2.40
2010.06.08 10:42:25.928,1.3826,1.3827,1.00,4.00
2010.06.08 10:42:27.686,1.3826,1.3827,1.00,2.40
2010.06.08 10:42:28.149,1.38265,1.38275,1.00,3.20
2010.06.08 10:42:28.304,1.38265,1.38275,1.00,1.60
2010.06.08 10:42:30.590,1.3827,1.3828,1.00,4.00
2010.06.08 10:42:31.024,1.3827,1.3828,1.00,2.40
2010.06.08 10:42:31.298,1.38265,1.3828,1.60,4.00
2010.06.08 10:42:31.563,1.38265,1.3828,1.60,4.80
2010.06.08 10:42:32.141,1.3826,1.3827,5.60,1.00
2010.06.08 10:42:32.483,1.3827,1.3828,1.00,4.00
2010.06.08 10:42:33.859,1.38265,1.38275,1.00,1.60
2010.06.08 10:42:34.128,1.3827,1.3828,1.00,3.20
2010.06.08 10:42:34.696,1.38265,1.3828,1.00,5.60
2010.06.08 10:42:34.955,1.38265,1.38275,1.00,1.60
2010.06.08 10:42:50.507,1.38265,1.38275,1.00,2.40
2010.06.08 10:42:50.589,1.3826,1.3827,1.60,1.00
2010.06.08 10:42:51.156,1.3826,1.38275,3.20,2.40
2010.06.08 10:42:51.249,1.3826,1.38275,2.40,2.40
2010.06.08 10:42:51.319,1.3826,1.38275,1.60,1.60
2010.06.08 10:42:55.035,1.3826,1.38275,2.40,1.60
2010.06.08 10:42:55.897,1.3826,1.38275,1.60,1.60
2010.06.08 10:42:55.987,1.3826,1.3827,1.60,1.00
2010.06.08 10:42:56.077,1.3826,1.3827,1.60,1.60
2010.06.08 10:42:56.604,1.38265,1.3827,1.00,1.60
2010.06.08 10:43:05.635,1.38265,1.38275,1.00,3.20
2010.06.08 10:43:05.793,1.38265,1.38275,1.00,1.60
2010.06.08 10:43:07.345,1.38265,1.3827,1.00,1.60
2010.06.08 10:43:07.526,1.3826,1.3827,1.00,4.80
2010.06.08 10:43:07.702,1.3826,1.3827,1.00,4.00
2010.06.08 10:43:08.039,1.38255,1.3827,1.60,4.80
2010.06.08 10:43:08.210,1.38255,1.38265,1.60,4.80
2010.06.08 10:43:08.812,1.3823,1.3826,2.00,4.80
2010.06.08 10:43:09.148,1.3823,1.3826,1.60,6.10
2010.06.08 10:43:10.208,1.38235,1.3826,1.60,6.60
2010.06.08 10:43:10.607,1.38235,1.3826,1.60,6.10
2010.06.08 10:43:15.751,1.3823,1.3826,5.60,6.10
2010.06.08 10:43:21.287,1.3823,1.3825,4.00,4.50
2010.06.08 10:43:21.584,1.3823,1.3824,2.40,6.90
2010.06.08 10:43:21.915,1.3822,1.38235,3.60,2.40
2010.06.08 10:43:22.214,1.38195,1.3822,2.00,4.00
2010.06.08 10:43:22.832,1.382,1.38215,2.40,1.30
2010.06.08 10:43:23.173,1.382,1.3822,4.00,2.40
2010.06.08 10:43:24.205,1.38205,1.3822,4.00,1.00
2010.06.08 10:43:24.552,1.3821,1.38225,1.00,5.60
2010.06.08 10:43:24.753,1.3821,1.3822,2.60,1.00
2010.06.08 10:43:24.959,1.38215,1.38225,3.20,1.00
2010.06.08 10:43:25.469,1.3822,1.38235,7.20,1.60
2010.06.08 10:43:25.663,1.38225,1.3824,1.60,1.60
2010.06.08 10:43:26.016,1.38235,1.3825,2.40,3.20
2010.06.08 10:43:26.673,1.3823,1.3825,4.40,4.00
2010.06.08 10:43:27.017,1.38225,1.38245,2.00,1.60
2010.06.08 10:43:27.352,1.3822,1.38245,7.40,1.60
2010.06.08 10:43:27.690,1.3822,1.38245,7.60,1.60
2010.06.08 10:43:28.935,1.3822,1.38245,2.40,1.60
2010.06.08 10:43:29.025,1.38215,1.3824,2.00,4.80
2010.06.08 10:43:29.109,1.38215,1.3824,2.00,4.00
2010.06.08 10:43:29.347,1.38215,1.3824,1.60,4.00
2010.06.08 10:43:30.861,1.3821,1.38235,4.80,1.60
2010.06.08 10:43:31.200,1.3821,1.38235,4.00,1.60
2010.06.08 10:43:32.535,1.3821,1.38235,4.00,2.40
2010.06.08 10:43:33.145,1.3821,1.38235,4.00,1.60
2010.06.08 10:43:33.781,1.3821,1.38235,2.40,2.40
2010.06.08 10:43:36.060,1.3821,1.38235,4.00,2.40
2010.06.08 10:43:37.627,1.3821,1.3824,6.40,8.50
2010.06.08 10:43:37.965,1.3821,1.3824,6.10,5.30
2010.06.08 10:43:38.599,1.3821,1.3824,6.10,6.90
2010.06.08 10:43:38.935,1.3821,1.3824,4.00,9.30
2010.06.08 10:43:39.281,1.3821,1.3824,4.80,8.50
2010.06.08 10:43:39.618,1.3821,1.3824,5.60,7.70
2010.06.08 10:43:40.841,1.3821,1.38235,6.40,1.00
2010.06.08 10:43:41.535,1.3821,1.38235,5.60,1.00
2010.06.08 10:43:44.238,1.3821,1.38235,4.80,1.00
2010.06.08 10:43:47.174,1.3821,1.38235,5.60,1.00
2010.06.08 10:43:47.780,1.3821,1.38235,4.00,1.00
2010.06.08 10:43:48.083,1.3821,1.38235,4.00,2.40
2010.06.08 10:43:48.681,1.3821,1.38235,4.00,3.20
2010.06.08 10:43:50.565,1.3821,1.38235,4.00,2.40
2010.06.08 10:43:50.802,1.3822,1.38235,1.00,1.60
2010.06.08 10:43:51.346,1.3822,1.3824,1.60,4.00
2010.06.08 10:43:51.583,1.38215,1.3824,1.60,4.00
2010.06.08 10:43:53.065,1.38215,1.3824,1.60,5.30
2010.06.08 10:43:53.408,1.38215,1.3824,1.60,4.00
2010.06.08 10:43:56.074,1.38215,1.38235,1.60,1.00
2010.06.08 10:43:56.209,1.3821,1.38235,5.60,2.40
2010.06.08 10:43:56.352,1.3821,1.38235,4.00,2.40
2010.06.08 10:43:56.946,1.3821,1.38235,4.00,3.20
2010.06.08 10:43:57.292,1.3821,1.3823,4.00,4.00
2010.06.08 10:43:57.980,1.3821,1.3823,4.80,4.00
2010.06.08 10:43:59.391,1.3821,1.3823,4.00,4.00
2010.06.08 10:44:01.598,1.38215,1.3823,1.00,4.00
2010.06.08 10:44:01.842,1.38215,1.38235,5.20,4.00
2010.06.08 10:44:02.290,1.38215,1.38235,6.00,4.00
2010.06.08 10:44:04.341,1.3823,1.38245,4.00,2.80
2010.06.08 10:44:04.650,1.38235,1.3825,4.00,4.00
2010.06.08 10:44:04.916,1.38235,1.38255,6.40,2.40
2010.06.08 10:44:05.503,1.3824,1.38255,2.40,1.60
2010.06.08 10:44:05.762,1.3824,1.3826,2.40,5.60
2010.06.08 10:44:07.099,1.3824,1.3826,2.40,4.00
2010.06.08 10:44:08.095,1.3824,1.3826,2.40,5.60
2010.06.08 10:44:09.734,1.3824,1.38265,6.00,2.40
2010.06.08 10:44:10.089,1.3824,1.38265,6.90,1.60
2010.06.08 10:44:10.464,1.3824,1.3827,6.90,6.00
2010.06.08 10:44:11.045,1.38255,1.3827,4.00,2.40
2010.06.08 10:44:11.472,1.3825,1.38275,8.00,3.60
2010.06.08 10:44:11.818,1.3827,1.3829,2.40,1.60
2010.06.08 10:44:12.162,1.3828,1.383,2.40,3.60
2010.06.08 10:44:12.514,1.3828,1.383,2.40,3.20
2010.06.08 10:44:14.748,1.3828,1.383,2.40,5.60
2010.06.08 10:44:14.959,1.3828,1.38295,2.40,1.60
2010.06.08 10:44:16.198,1.3828,1.38285,2.40,1.60
2010.06.08 10:44:16.404,1.3827,1.38285,2.40,4.00
2010.06.08 10:44:16.914,1.3827,1.3828,1.60,5.60
2010.06.08 10:44:17.256,1.38235,1.38265,1.60,1.00
2010.06.08 10:44:17.891,1.3823,1.38265,1.60,4.00
2010.06.08 10:44:18.232,1.3823,1.38265,1.60,2.40
2010.06.08 10:44:18.579,1.3824,1.38265,1.60,2.00
2010.06.08 10:44:19.565,1.3824,1.38265,2.40,1.60
2010.06.08 10:44:19.889,1.38245,1.3827,1.60,7.60
2010.06.08 10:44:20.220,1.38245,1.3827,1.60,8.90
2010.06.08 10:44:21.165,1.38245,1.3827,1.60,10.50
2010.06.08 10:44:22.019,1.38245,1.3827,1.60,10.90
2010.06.08 10:44:22.189,1.38245,1.3827,1.60,11.30
2010.06.08 10:44:22.864,1.38245,1.3827,1.60,10.90
2010.06.08 10:44:23.217,1.38245,1.3826,1.60,1.00
2010.06.08 10:44:23.412,1.38245,1.3826,1.60,1.60
2010.06.08 10:44:23.937,1.3825,1.38265,1.60,1.00
2010.06.08 10:44:24.140,1.38255,1.3827,1.00,4.40
2010.06.08 10:44:31.053,1.38255,1.3827,1.00,4.60
2010.06.08 10:44:31.244,1.38245,1.3827,1.60,6.00
2010.06.08 10:44:31.429,1.38245,1.3827,1.60,12.60
2010.06.08 10:44:32.778,1.38245,1.3827,1.60,12.70
2010.06.08 10:44:33.123,1.38245,1.3827,1.60,13.10
2010.06.08 10:44:36.256,1.38245,1.3827,1.60,11.50
2010.06.08 10:44:40.270,1.3824,1.3826,4.00,1.00
2010.06.08 10:44:40.441,1.3824,1.3826,4.00,1.60
2010.06.08 10:44:41.661,1.3824,1.3825,4.00,1.60
2010.06.08 10:44:41.920,1.38235,1.3825,1.60,1.60
2010.06.08 10:44:43.050,1.3823,1.3825,4.00,1.60
2010.06.08 10:44:44.758,1.3823,1.3825,2.40,1.60
2010.06.08 10:44:47.109,1.3823,1.3825,4.00,1.60
2010.06.08 10:44:47.289,1.3823,1.3825,2.40,1.60
2010.06.08 10:44:47.469,1.3823,1.3824,2.40,1.00
2010.06.08 10:44:47.960,1.3823,1.3824,2.40,1.60
2010.06.08 10:44:48.657,1.38225,1.3823,4.00,1.60
2010.06.08 10:44:49.348,1.3821,1.38225,6.80,1.00
2010.06.08 10:44:49.690,1.3821,1.38225,4.40,1.00
2010.06.08 10:44:50.038,1.3821,1.38225,4.00,1.00
2010.06.08 10:44:50.386,1.3821,1.3823,4.00,6.40
2010.06.08 10:44:52.464,1.3821,1.38215,2.40,1.60
2010.06.08 10:44:52.765,1.3821,1.3823,5.60,4.00
2010.06.08 10:44:53.198,1.3821,1.3823,5.60,5.60
2010.06.08 10:44:53.509,1.3821,1.3823,5.60,6.40
2010.06.08 10:44:55.622,1.3821,1.38215,2.40,1.60
2010.06.08 10:44:56.177,1.3821,1.38225,2.40,1.60
2010.06.08 10:44:56.675,1.3821,1.38225,4.00,1.00
2010.06.08 10:44:57.635,1.3822,1.38225,1.00,1.00
2010.06.08 10:44:57.759,1.38205,1.38215,2.40,4.00
2010.06.08 10:44:57.881,1.38205,1.3821,2.40,1.60
2010.06.08 10:44:58.000,1.382,1.3821,1.60,1.60
2010.06.08 10:44:58.365,1.38205,1.38215,2.40,4.80
2010.06.08 10:44:58.487,1.38205,1.3821,2.40,1.60
2010.06.08 10:44:58.836,1.38205,1.38215,2.40,4.80
2010.06.08 10:44:59.519,1.3821,1.38215,1.60,4.80
2010.06.08 10:44:59.751,1.38215,1.3822,1.60,10.40
2010.06.08 10:45:00.154,1.38215,1.3822,2.40,5.60
2010.06.08 10:45:00.411,1.38225,1.3824,1.60,2.40
2010.06.08 10:45:00.641,1.3822,1.3824,2.40,2.40
2010.06.08 10:45:00.983,1.3823,1.38245,4.00,1.60
2010.06.08 10:45:01.620,1.3824,1.38245,1.60,1.00
2010.06.08 10:45:01.854,1.3824,1.3825,1.60,3.20
2010.06.08 10:45:03.151,1.3823,1.3824,4.00,1.00
2010.06.08 10:45:03.496,1.38235,1.3824,1.60,1.60
2010.06.08 10:45:07.822,1.3823,1.3824,2.40,1.60
2010.06.08 10:45:08.810,1.3823,1.3824,2.40,3.20
2010.06.08 10:45:09.131,1.3822,1.3824,2.80,3.20
2010.06.08 10:45:09.653,1.3822,1.3824,2.40,3.20
2010.06.08 10:45:09.853,1.3822,1.3824,4.00,3.20
2010.06.08 10:45:10.762,1.3822,1.3824,5.60,1.60
2010.06.08 10:45:13.940,1.3822,1.3824,4.00,1.60
2010.06.08 10:45:14.081,1.3822,1.3824,4.80,1.60
2010.06.08 10:45:14.225,1.3822,1.3823,3.20,1.00
2010.06.08 10:45:14.373,1.38215,1.3823,9.60,1.60
2010.06.08 10:45:15.026,1.38215,1.3823,7.20,1.60
2010.06.08 10:45:15.616,1.38215,1.3823,7.60,1.60
2010.06.08 10:45:15.857,1.3822,1.3824,4.00,4.00
2010.06.08 10:45:16.398,1.38225,1.3824,2.40,1.60
2010.06.08 10:45:16.682,1.38225,1.3825,4.80,3.60
2010.06.08 10:45:16.968,1.38225,1.3825,4.80,3.20
2010.06.08 10:45:18.747,1.38225,1.3825,6.40,3.20
2010.06.08 10:45:19.549,1.38225,1.3825,4.80,3.20
2010.06.08 10:45:20.029,1.38225,1.3825,1.00,5.60
2010.06.08 10:45:20.371,1.3822,1.3825,5.90,7.70
2010.06.08 10:45:20.709,1.3822,1.3825,4.00,7.70
2010.06.08 10:45:21.052,1.3822,1.38245,2.40,1.60
2010.06.08 10:45:21.232,1.3822,1.38245,4.00,1.00
2010.06.08 10:45:21.749,1.3822,1.3825,4.00,6.40
2010.06.08 10:45:22.268,1.3822,1.3825,4.80,6.40
2010.06.08 10:45:22.608,1.3822,1.38245,4.80,1.60
2010.06.08 10:45:23.631,1.3822,1.3824,4.80,1.60
2010.06.08 10:45:23.953,1.3822,1.3824,6.40,1.60
2010.06.08 10:45:27.678,1.3822,1.3824,7.20,1.60
2010.06.08 10:45:28.135,1.3822,1.3824,7.20,1.00
2010.06.08 10:45:28.394,1.3822,1.38245,7.20,1.60
2010.06.08 10:45:30.283,1.3822,1.38245,6.80,1.60
2010.06.08 10:45:30.550,1.3823,1.3825,1.00,5.60
2010.06.08 10:45:30.689,1.3823,1.3825,3.20,5.60
2010.06.08 10:45:30.829,1.3823,1.3825,3.20,3.20
2010.06.08 10:45:31.412,1.38235,1.3825,1.00,1.60
2010.06.08 10:45:32.089,1.3823,1.3825,3.20,1.60
2010.06.08 10:45:36.079,1.3823,1.3825,1.60,3.20
2010.06.08 10:45:36.240,1.38225,1.3824,7.40,1.00
2010.06.08 10:45:36.577,1.38225,1.3824,7.20,1.00
2010.06.08 10:45:36.660,1.38225,1.3825,6.40,3.20
2010.06.08 10:45:38.132,1.38225,1.3825,2.40,5.60
2010.06.08 10:45:38.376,1.38225,1.38245,1.60,3.20
2010.06.08 10:45:39.079,1.38225,1.3824,1.60,1.00
2010.06.08 10:45:39.202,1.38225,1.3824,1.00,3.20
2010.06.08 10:45:39.654,1.3822,1.38235,2.00,1.00
2010.06.08 10:45:39.880,1.3822,1.3824,1.60,3.20
2010.06.08 10:45:40.559,1.3822,1.3824,1.60,1.60
2010.06.08 10:45:41.146,1.38215,1.38235,4.60,1.60
2010.06.08 10:45:41.344,1.38215,1.38235,3.20,3.20
2010.06.08 10:45:43.071,1.3822,1.38235,1.60,3.20
2010.06.08 10:45:43.210,1.3822,1.38235,3.20,1.60
2010.06.08 10:45:43.353,1.3823,1.3824,1.60,6.80
2010.06.08 10:45:43.808,1.3823,1.3824,1.60,2.80
2010.06.08 10:45:43.962,1.3823,1.38245,1.60,8.20
2010.06.08 10:45:44.443,1.3823,1.38245,1.60,5.80
2010.06.08 10:45:44.791,1.3823,1.3824,1.60,1.00
2010.06.08 10:45:45.596,1.38235,1.3824,1.60,1.00
2010.06.08 10:45:46.009,1.38235,1.3825,1.60,1.00
2010.06.08 10:45:46.220,1.38235,1.3825,1.60,1.20
2010.06.08 10:45:46.430,1.3823,1.38245,2.00,1.60
2010.06.08 10:45:46.619,1.3823,1.38245,2.00,3.20
2010.06.08 10:45:47.066,1.3823,1.38245,1.60,3.20
2010.06.08 10:45:47.269,1.3823,1.3825,3.20,1.00
2010.06.08 10:45:47.461,1.3823,1.38255,3.20,5.60
2010.06.08 10:45:47.799,1.3823,1.38255,4.00,5.60
2010.06.08 10:45:51.123,1.3823,1.38255,3.20,5.60
2010.06.08 10:45:51.308,1.3823,1.38255,2.40,5.60
2010.06.08 10:45:51.377,1.3823,1.38255,1.60,5.60
2010.06.08 10:45:53.628,1.3823,1.38255,3.20,5.60
2010.06.08 10:45:54.038,1.3823,1.3825,3.20,1.00
2010.06.08 10:45:54.304,1.3823,1.38245,3.20,1.00
2010.06.08 10:45:56.254,1.3823,1.3825,3.20,1.60
2010.06.08 10:45:57.141,1.3823,1.38245,3.20,1.00
2010.06.08 10:45:57.734,1.3823,1.3825,1.60,1.60
2010.06.08 10:45:58.023,1.3823,1.38255,1.60,6.10
2010.06.08 10:46:00.936,1.3823,1.38255,2.40,6.10
2010.06.08 10:46:00.969,1.3823,1.38255,2.40,5.60
2010.06.08 10:46:01.127,1.3823,1.38255,4.00,5.60
2010.06.08 10:46:02.768,1.3823,1.38255,3.20,6.40
2010.06.08 10:46:03.020,1.3823,1.38245,3.20,1.00
2010.06.08 10:46:04.909,1.3823,1.3825,3.20,1.60
2010.06.08 10:46:05.067,1.3823,1.3825,4.00,1.60
2010.06.08 10:46:05.527,1.3823,1.3825,3.20,1.60
2010.06.08 10:46:06.534,1.3823,1.3825,4.00,1.60
2010.06.08 10:46:06.781,1.3823,1.38255,4.00,6.40
2010.06.08 10:46:13.738,1.3823,1.3825,4.00,1.60
2010.06.08 10:46:21.738,1.38235,1.3825,1.60,1.60
2010.06.08 10:46:21.970,1.38235,1.38255,1.60,5.60
2010.06.08 10:46:22.448,1.38235,1.38255,1.60,6.40
2010.06.08 10:46:26.745,1.38235,1.38255,1.60,7.10
2010.06.08 10:46:27.132,1.3823,1.38255,4.00,6.30
2010.06.08 10:46:27.329,1.3823,1.38255,4.00,5.60
2010.06.08 10:46:30.383,1.3823,1.38255,4.00,6.00
2010.06.08 10:46:36.110,1.3823,1.38255,6.40,6.00
2010.06.08 10:46:36.251,1.38245,1.38255,1.00,6.80
2010.06.08 10:46:36.319,1.38245,1.38255,1.60,6.00
2010.06.08 10:46:38.846,1.38245,1.38255,1.60,4.40
2010.06.08 10:46:39.075,1.3825,1.38255,1.60,1.60
2010.06.08 10:46:39.304,1.3825,1.3826,1.60,1.00
2010.06.08 10:46:39.846,1.3825,1.38265,1.60,1.60
2010.06.08 10:46:43.752,1.3825,1.38265,1.60,3.20
2010.06.08 10:46:45.052,1.3826,1.38265,1.60,5.60
2010.06.08 10:46:45.323,1.3825,1.38265,1.60,6.00
2010.06.08 10:46:45.593,1.38255,1.38265,4.80,3.60
2010.06.08 10:46:46.251,1.38255,1.38265,4.80,3.20
2010.06.08 10:46:48.845,1.3826,1.3827,1.00,5.20
2010.06.08 10:46:49.239,1.3826,1.3827,1.00,5.10
2010.06.08 10:46:49.496,1.3825,1.3827,2.00,1.60
2010.06.08 10:46:49.742,1.3825,1.3827,6.00,1.60
2010.06.08 10:46:50.417,1.38255,1.38275,1.60,1.50
2010.06.08 10:46:50.763,1.3826,1.38275,1.60,1.50
2010.06.08 10:46:51.644,1.3826,1.38275,3.20,1.20
2010.06.08 10:46:51.938,1.3826,1.38275,3.20,1.20
2010.06.08 10:46:55.296,1.38255,1.38275,7.20,1.20
2010.06.08 10:46:55.571,1.3825,1.3827,4.80,1.40
2010.06.08 10:46:57.059,1.38255,1.3827,1.00,1.40
2010.06.08 10:46:57.309,1.3826,1.3827,1.60,1.40
2010.06.08 10:47:01.037,1.3826,1.38275,1.60,1.00
2010.06.08 10:47:01.627,1.3826,1.3828,1.60,6.90
2010.06.08 10:47:06.226,1.3826,1.3828,1.60,5.60
2010.06.08 10:47:11.320,1.3826,1.3828,1.60,7.60
2010.06.08 10:47:11.379,1.38255,1.3828,2.40,9.00
2010.06.08 10:47:11.438,1.38255,1.3828,1.60,9.00
2010.06.08 10:47:13.320,1.38255,1.3827,1.60,1.00
2010.06.08 10:47:13.529,1.38255,1.3828,1.60,9.80
2010.06.08 10:47:14.449,1.38255,1.3827,1.60,1.00
2010.06.08 10:47:14.719,1.38255,1.3827,1.60,1.60
2010.06.08 10:47:15.474,1.3826,1.38275,1.60,1.00
2010.06.08 10:47:15.992,1.3826,1.3828,1.60,5.60
2010.06.08 10:47:17.159,1.38255,1.3828,2.40,6.10
2010.06.08 10:47:17.419,1.38255,1.3828,1.60,6.10
2010.06.08 10:47:20.998,1.3826,1.3828,1.00,6.10
2010.06.08 10:47:21.048,1.3826,1.3828,1.60,5.60
2010.06.08 10:47:21.628,1.38255,1.3828,1.60,5.60
2010.06.08 10:47:21.683,1.3825,1.3828,4.80,6.40
2010.06.08 10:47:22.445,1.3825,1.3827,4.80,1.60
2010.06.08 10:47:26.333,1.3825,1.38275,4.80,1.00
2010.06.08 10:47:26.668,1.38255,1.38275,1.60,1.00
2010.06.08 10:47:26.903,1.3826,1.3828,3.20,5.60
2010.06.08 10:47:27.123,1.3826,1.3828,3.20,3.20
2010.06.08 10:47:29.297,1.3827,1.38285,1.60,6.80
2010.06.08 10:47:29.664,1.3827,1.3828,1.60,1.60
2010.06.08 10:47:30.324,1.38265,1.3828,1.60,1.60
2010.06.08 10:47:33.534,1.3826,1.38275,4.40,1.60
2010.06.08 10:47:33.803,1.38265,1.3828,1.60,7.20
2010.06.08 10:47:34.512,1.38255,1.3828,2.00,6.40
2010.06.08 10:47:34.781,1.38255,1.3828,1.60,9.30
2010.06.08 10:47:35.461,1.38255,1.3828,1.60,7.70
2010.06.08 10:47:37.749,1.3825,1.3827,1.60,3.20
2010.06.08 10:47:38.413,1.38245,1.38265,2.00,1.00
2010.06.08 10:47:38.655,1.3825,1.38265,1.60,1.00
2010.06.08 10:47:40.200,1.3825,1.3827,1.60,4.50
2010.06.08 10:47:42.259,1.38245,1.3827,1.60,4.50
2010.06.08 10:47:45.828,1.3824,1.38265,6.20,1.60
2010.06.08 10:47:46.244,1.38245,1.38265,1.60,1.60
2010.06.08 10:47:46.368,1.3825,1.3827,1.60,1.60
2010.06.08 10:47:47.210,1.38245,1.3827,2.80,4.00
2010.06.08 10:47:47.460,1.38245,1.3827,2.00,4.80
2010.06.08 10:47:48.008,1.38245,1.38265,1.00,4.00
2010.06.08 10:47:48.307,1.3824,1.38265,3.20,4.80
2010.06.08 10:47:48.838,1.3824,1.38265,3.20,4.40
2010.06.08 10:47:49.341,1.38255,1.38265,4.80,4.40
2010.06.08 10:47:49.589,1.38255,1.38265,4.00,4.40
2010.06.08 10:47:49.940,1.3824,1.38265,3.20,4.40
2010.06.08 10:47:50.689,1.3824,1.3826,3.20,1.60
2010.06.08 10:47:50.828,1.3824,1.3826,3.20,4.40
2010.06.08 10:47:50.971,1.3824,1.3826,3.20,5.20
2010.06.08 10:47:51.111,1.38245,1.3826,1.60,1.20
2010.06.08 10:47:51.249,1.38245,1.38265,1.60,3.20
2010.06.08 10:47:51.571,1.38245,1.38265,3.20,1.60
2010.06.08 10:47:51.722,1.3825,1.38265,1.60,1.60
2010.06.08 10:47:52.065,1.3824,1.38265,7.60,6.40
2010.06.08 10:47:52.411,1.3824,1.38265,3.60,6.40
2010.06.08 10:47:52.751,1.3824,1.38265,3.20,6.40
2010.06.08 10:47:55.339,1.3824,1.38265,3.20,6.00
2010.06.08 10:47:55.693,1.3824,1.38265,3.20,4.40
2010.06.08 10:47:55.826,1.38245,1.3827,1.60,3.20
2010.06.08 10:47:59.442,1.3826,1.3827,1.00,3.20
2010.06.08 10:47:59.871,1.38255,1.3827,1.00,3.20
2010.06.08 10:48:00.195,1.38245,1.3827,1.60,3.20
2010.06.08 10:48:01.917,1.38245,1.3827,1.60,4.00
2010.06.08 10:48:02.078,1.38245,1.3827,1.60,3.20
2010.06.08 10:48:02.564,1.3825,1.3827,1.60,2.00
2010.06.08 10:48:02.709,1.3825,1.3827,1.60,1.60
2010.06.08 10:48:03.419,1.3825,1.3827,1.60,2.40
2010.06.08 10:48:05.425,1.38245,1.38265,1.60,1.60
2010.06.08 10:48:05.759,1.38245,1.38265,1.60,3.20
2010.06.08 10:48:14.638,1.38245,1.38265,1.60,4.00
2010.06.08 10:48:15.405,1.38245,1.38265,1.60,3.20
2010.06.08 10:48:19.898,1.3824,1.38265,5.20,5.60
2010.06.08 10:48:20.140,1.3824,1.38265,3.60,7.60
2010.06.08 10:48:20.378,1.3824,1.38265,3.20,8.40
2010.06.08 10:48:21.358,1.3824,1.38265,3.20,7.20
2010.06.08 10:48:24.737,1.3824,1.38265,3.20,8.80
2010.06.08 10:48:30.367,1.3824,1.38265,3.20,7.20
2010.06.08 10:48:33.972,1.3824,1.38265,3.20,8.50
2010.06.08 10:48:36.284,1.3824,1.3826,3.20,1.60
2010.06.08 10:48:37.040,1.38245,1.3826,2.40,1.60
2010.06.08 10:48:37.387,1.3825,1.38265,8.00,5.20
2010.06.08 10:48:37.825,1.38245,1.38265,5.60,5.20
2010.06.08 10:48:38.176,1.3824,1.38265,3.20,7.20
2010.06.08 10:48:39.649,1.3824,1.38265,3.20,6.80
2010.06.08 10:48:40.598,1.3824,1.38265,3.20,7.20
2010.06.08 10:48:42.934,1.3824,1.3826,1.60,3.20
2010.06.08 10:48:43.218,1.38235,1.3826,1.60,4.80
2010.06.08 10:48:49.105,1.3824,1.3826,1.60,4.00
2010.06.08 10:48:49.362,1.3824,1.3826,1.60,4.80
2010.06.08 10:48:49.926,1.38235,1.3826,2.40,7.20
2010.06.08 10:48:50.260,1.38235,1.3826,1.60,7.20
2010.06.08 10:48:51.279,1.38235,1.3826,2.40,7.20
2010.06.08 10:48:52.653,1.38235,1.3826,2.60,4.80
2010.06.08 10:48:52.885,1.3825,1.38265,4.00,6.80
2010.06.08 10:48:53.551,1.38255,1.38265,1.60,6.00
2010.06.08 10:48:55.602,1.38245,1.38265,1.60,6.00
2010.06.08 10:48:56.102,1.38245,1.38265,1.60,6.40
2010.06.08 10:48:56.354,1.3824,1.3826,1.60,1.60
2010.06.08 10:49:01.233,1.38255,1.38265,1.60,6.00
2010.06.08 10:49:01.583,1.38255,1.3826,1.60,1.60
2010.06.08 10:49:02.945,1.3824,1.3826,2.40,1.60
2010.06.08 10:49:03.229,1.3824,1.3826,1.60,1.60
2010.06.08 10:49:03.876,1.38235,1.3826,1.60,4.80
2010.06.08 10:49:14.730,1.38235,1.3826,1.60,5.60
2010.06.08 10:49:14.879,1.38235,1.3826,1.60,8.30
2010.06.08 10:49:15.666,1.38235,1.3826,1.60,9.90
2010.06.08 10:49:16.010,1.38235,1.3826,1.60,10.00
2010.06.08 10:49:18.058,1.3823,1.3826,4.00,10.00
2010.06.08 10:49:20.142,1.38235,1.3826,1.60,10.00
2010.06.08 10:49:20.620,1.38235,1.3825,1.60,1.60
2010.06.08 10:49:20.798,1.38235,1.38255,1.60,1.00
2010.06.08 10:49:21.143,1.38235,1.3826,1.60,8.30
2010.06.08 10:49:22.133,1.38235,1.3826,1.60,8.10
2010.06.08 10:49:22.743,1.38235,1.3826,1.60,6.80
2010.06.08 10:49:24.810,1.38235,1.38245,1.60,4.00
2010.06.08 10:49:24.960,1.3823,1.3824,2.40,4.00
2010.06.08 10:49:25.364,1.3823,1.38255,3.20,3.20
2010.06.08 10:49:28.259,1.3823,1.3825,1.60,3.20
2010.06.08 10:49:37.253,1.3823,1.3825,1.60,2.40
2010.06.08 10:49:37.472,1.3823,1.38255,1.60,7.20
2010.06.08 10:49:40.069,1.38225,1.38245,4.60,1.60
2010.06.08 10:49:40.258,1.38225,1.38245,2.00,1.60
2010.06.08 10:49:40.449,1.38225,1.38245,1.60,1.60
2010.06.08 10:50:01.142,1.38225,1.3824,1.60,1.60
2010.06.08 10:50:01.542,1.3823,1.3824,1.60,1.60
2010.06.08 10:50:01.681,1.38225,1.3824,2.40,1.60
2010.06.08 10:50:02.123,1.38225,1.3824,1.60,1.60
2010.06.08 10:50:02.471,1.3823,1.3824,1.60,1.60
2010.06.08 10:50:06.419,1.3823,1.38245,1.60,6.00
2010.06.08 10:50:06.616,1.3823,1.38245,1.60,5.60
2010.06.08 10:50:06.800,1.3823,1.38245,1.60,4.00
2010.06.08 10:50:07.279,1.3823,1.3824,1.60,1.60
2010.06.08 10:50:07.647,1.3822,1.3824,6.80,1.60
2010.06.08 10:50:12.369,1.38225,1.3824,1.60,1.60
2010.06.08 10:50:30.799,1.3822,1.3824,2.80,1.60
2010.06.08 10:50:31.149,1.3822,1.3824,2.00,1.60
2010.06.08 10:50:31.324,1.3822,1.3824,1.60,1.60
2010.06.08 10:50:31.663,1.3822,1.3824,3.20,1.60
2010.06.08 10:50:33.004,1.3822,1.38245,3.20,8.90
2010.06.08 10:50:33.343,1.3822,1.38245,1.60,8.90
2010.06.08 10:50:33.522,1.3822,1.38245,1.60,10.50
2010.06.08 10:50:33.702,1.3822,1.3824,1.60,1.60
2010.06.08 10:50:33.882,1.3822,1.3824,3.20,1.60
2010.06.08 10:50:35.431,1.3823,1.3824,1.60,1.60
2010.06.08 10:50:35.584,1.3823,1.3824,1.00,1.60
2010.06.08 10:50:35.746,1.3822,1.3824,3.20,1.60
2010.06.08 10:50:36.319,1.3822,1.38245,3.20,6.00
2010.06.08 10:50:36.814,1.3822,1.38245,3.20,7.30
2010.06.08 10:50:38.352,1.3823,1.38245,1.60,6.00
2010.06.08 10:50:39.043,1.3822,1.38245,2.40,6.00
2010.06.08 10:50:39.381,1.3822,1.38245,3.20,6.00
2010.06.08 10:50:45.339,1.3822,1.38245,3.20,7.60
2010.06.08 10:50:47.169,1.3822,1.38245,3.20,10.50
2010.06.08 10:50:47.329,1.3822,1.38245,3.20,11.30
2010.06.08 10:50:47.490,1.3822,1.3824,3.20,2.40
2010.06.08 10:50:47.810,1.3822,1.3824,1.60,2.40
2010.06.08 10:50:47.970,1.38215,1.38235,1.00,3.20
2010.06.08 10:50:48.323,1.38215,1.38235,1.00,5.60
2010.06.08 10:50:48.584,1.38215,1.38235,1.60,5.60
2010.06.08 10:50:49.393,1.38215,1.38235,2.40,5.60
2010.06.08 10:50:49.689,1.38215,1.38235,2.40,6.00
2010.06.08 10:50:49.842,1.38215,1.38225,1.00,1.60
2010.06.08 10:50:50.390,1.3821,1.38225,4.00,1.60
2010.06.08 10:50:51.261,1.38215,1.3823,1.60,5.20
2010.06.08 10:50:51.310,1.38215,1.3823,2.40,5.20
2010.06.08 10:50:51.410,1.3822,1.3823,1.00,5.20
2010.06.08 10:50:51.461,1.3822,1.3823,1.00,2.80
2010.06.08 10:50:51.513,1.3822,1.3823,1.60,1.00
2010.06.08 10:50:51.709,1.3822,1.38235,1.60,3.20
2010.06.08 10:50:52.269,1.3822,1.38235,1.60,5.60
2010.06.08 10:50:52.870,1.3822,1.38235,1.60,6.40
2010.06.08 10:50:53.170,1.3822,1.38235,1.60,6.80
2010.06.08 10:50:53.770,1.3822,1.38235,1.60,5.20
2010.06.08 10:50:53.960,1.3822,1.38235,1.60,1.20
2010.06.08 10:50:54.341,1.3822,1.38235,1.60,1.00
2010.06.08 10:50:54.529,1.3822,1.3824,1.60,4.00
2010.06.08 10:50:58.400,1.3822,1.3824,3.20,2.40
2010.06.08 10:50:58.956,1.3823,1.3824,4.00,1.60
2010.06.08 10:50:59.185,1.3822,1.3824,4.00,1.60
2010.06.08 10:51:03.450,1.3822,1.3824,3.20,1.60
2010.06.08 10:51:03.679,1.3822,1.3824,3.20,3.20
2010.06.08 10:51:05.079,1.3822,1.38235,1.00,1.60
2010.06.08 10:51:05.262,1.38215,1.38235,1.00,1.60
2010.06.08 10:51:07.659,1.38215,1.38235,1.00,3.20
2010.06.08 10:51:08.240,1.3821,1.3823,4.00,1.60
2010.06.08 10:51:08.498,1.3821,1.3822,2.40,1.60
2010.06.08 10:51:08.843,1.3821,1.3823,2.40,1.60
2010.06.08 10:51:09.189,1.38215,1.3823,1.00,1.60
2010.06.08 10:51:09.539,1.38215,1.38235,1.00,6.00
2010.06.08 10:51:12.621,1.38215,1.3823,1.00,1.60
2010.06.08 10:51:14.160,1.38215,1.3824,1.00,4.40
2010.06.08 10:51:14.796,1.38215,1.3824,1.00,4.00
2010.06.08 10:51:30.207,1.38215,1.3824,2.40,4.00
2010.06.08 10:51:30.453,1.3822,1.3824,2.40,4.00
2010.06.08 10:51:33.890,1.3822,1.3824,4.00,2.40
2010.06.08 10:51:34.238,1.3822,1.3824,4.00,1.60
2010.06.08 10:51:34.583,1.38225,1.3824,1.00,1.60
2010.06.08 10:51:34.921,1.3822,1.3824,4.00,1.60
2010.06.08 10:51:42.159,1.3822,1.3824,4.00,4.00
2010.06.08 10:51:42.168,1.3822,1.3824,2.40,4.00
2010.06.08 10:51:46.633,1.3822,1.3824,1.00,4.00
2010.06.08 10:51:50.732,1.3822,1.3824,2.40,2.40
2010.06.08 10:51:50.961,1.3822,1.3824,4.00,1.60
2010.06.08 10:51:55.510,1.3822,1.3823,1.60,1.00
2010.06.08 10:51:56.165,1.38215,1.3823,7.20,1.00
2010.06.08 10:51:56.510,1.3822,1.3823,1.60,1.00
2010.06.08 10:51:59.699,1.3822,1.3823,2.40,1.00
2010.06.08 10:51:59.969,1.38215,1.3823,8.00,1.00
2010.06.08 10:52:01.535,1.38215,1.3823,1.60,1.00
2010.06.08 10:52:02.166,1.38215,1.3823,1.00,2.40
2010.06.08 10:52:04.646,1.3822,1.3823,1.00,1.00
2010.06.08 10:52:04.834,1.3822,1.3823,1.60,1.00
2010.06.08 10:52:05.170,1.3822,1.3823,2.40,1.00
2010.06.08 10:52:06.205,1.3822,1.3823,12.80,1.00
2010.06.08 10:52:06.552,1.3822,1.3823,12.80,1.00
2010.06.08 10:52:07.761,1.3823,1.3824,1.60,1.00
2010.06.08 10:52:08.281,1.38225,1.3823,5.60,1.00
2010.06.08 10:52:08.483,1.3823,1.3824,1.60,1.60
2010.06.08 10:52:08.681,1.3823,1.3824,1.60,2.50
2010.06.08 10:52:12.376,1.38235,1.38245,1.00,2.00
2010.06.08 10:52:12.610,1.3823,1.38245,3.20,1.60
2010.06.08 10:52:13.951,1.3823,1.38245,1.60,1.60
2010.06.08 10:52:14.293,1.3824,1.3825,1.60,5.20
2010.06.08 10:52:24.399,1.3824,1.38245,1.60,1.60
2010.06.08 10:52:24.831,1.38235,1.38245,1.00,1.60
2010.06.08 10:52:25.049,1.3823,1.38245,1.60,1.60
2010.06.08 10:52:30.529,1.3823,1.38245,1.60,3.20
2010.06.08 10:52:32.871,1.3824,1.38245,1.60,1.60
2010.06.08 10:52:33.030,1.3824,1.3825,1.60,7.60
2010.06.08 10:52:35.622,1.3824,1.38245,1.60,1.60
2010.06.08 10:52:36.834,1.3824,1.38245,1.00,1.60
2010.06.08 10:52:37.064,1.3823,1.38245,1.60,1.60
2010.06.08 10:52:46.599,1.3823,1.3824,1.60,1.60
2010.06.08 10:52:59.088,1.38225,1.3824,1.00,1.60
2010.06.08 10:52:59.342,1.3823,1.3824,1.60,1.60
2010.06.08 10:53:01.525,1.3822,1.3824,3.40,1.60
2010.06.08 10:53:01.969,1.3823,1.3824,1.00,1.60
2010.06.08 10:53:02.089,1.3823,1.3824,1.60,1.60
2010.06.08 10:53:03.922,1.3822,1.3824,3.40,1.60
2010.06.08 10:53:05.361,1.3823,1.3824,1.00,1.60
2010.06.08 10:53:05.570,1.3822,1.3824,3.40,1.60
2010.06.08 10:53:11.618,1.3822,1.3824,2.60,1.60
2010.06.08 10:53:16.200,1.3822,1.3824,1.00,1.60
2010.06.08 10:53:16.489,1.3822,1.3824,1.60,1.60
2010.06.08 10:53:16.919,1.3822,1.3824,1.00,1.60
2010.06.08 10:53:18.513,1.3822,1.3824,1.60,1.60
2010.06.08 10:53:18.653,1.3823,1.3824,1.00,1.60
2010.06.08 10:53:18.793,1.3823,1.3824,1.60,1.60
2010.06.08 10:53:31.131,1.3823,1.38235,1.00,5.60
2010.06.08 10:53:31.300,1.3823,1.3824,1.60,1.60
2010.06.08 10:53:31.630,1.3823,1.38245,1.60,4.40
2010.06.08 10:53:32.014,1.3823,1.3824,1.60,1.60
2010.06.08 10:53:32.118,1.3823,1.38245,1.60,2.00
2010.06.08 10:53:32.306,1.3824,1.38245,1.00,4.40
2010.06.08 10:53:32.492,1.3824,1.38245,1.00,1.60
2010.06.08 10:53:32.983,1.3824,1.38245,1.60,1.60
2010.06.08 10:53:46.088,1.3823,1.38245,4.00,1.60
2010.06.08 10:53:46.377,1.3823,1.38245,2.40,1.60
2010.06.08 10:53:46.905,1.3823,1.3824,2.40,4.80
2010.06.08 10:53:47.053,1.3823,1.38245,3.20,1.60
2010.06.08 10:53:47.395,1.3823,1.38245,1.60,1.60
2010.06.08 10:53:47.742,1.3823,1.3825,1.60,1.60
2010.06.08 10:53:49.734,1.3823,1.38245,3.20,1.60
2010.06.08 10:53:51.183,1.3823,1.3825,4.80,4.40
2010.06.08 10:53:51.450,1.3823,1.3825,4.00,4.40
2010.06.08 10:53:54.889,1.3823,1.3825,4.80,4.40
2010.06.08 10:54:09.890,1.3823,1.3825,4.80,5.20
2010.06.08 10:54:10.030,1.3823,1.3825,4.00,5.20
2010.06.08 10:54:10.231,1.3823,1.3825,4.80,5.20
2010.06.08 10:54:10.879,1.3823,1.3825,4.00,5.20
2010.06.08 10:54:11.338,1.3823,1.38245,4.00,1.60
2010.06.08 10:54:11.807,1.3823,1.38245,4.80,1.60
2010.06.08 10:54:17.156,1.3823,1.3824,1.60,1.00
2010.06.08 10:54:17.176,1.3823,1.38235,1.60,1.60
2010.06.08 10:54:17.766,1.3823,1.3824,1.60,6.50
2010.06.08 10:54:18.112,1.3823,1.3824,1.60,8.90
2010.06.08 10:54:20.495,1.38225,1.38235,1.00,1.00
2010.06.08 10:54:20.935,1.3822,1.38235,1.00,4.40
2010.06.08 10:54:21.021,1.3822,1.38235,1.60,4.40
2010.06.08 10:54:21.189,1.3822,1.38235,1.60,5.20
2010.06.08 10:54:22.460,1.3822,1.38235,1.60,4.40
2010.06.08 10:54:25.977,1.3822,1.38235,1.00,4.40
2010.06.08 10:54:27.050,1.3822,1.38235,1.60,5.20
2010.06.08 10:54:30.959,1.3822,1.38235,1.60,6.00
2010.06.08 10:54:33.082,1.3822,1.38235,1.00,6.00
2010.06.08 10:54:33.453,1.38215,1.3823,3.20,1.00
2010.06.08 10:54:34.257,1.3822,1.3823,1.00,1.00
2010.06.08 10:54:34.604,1.3822,1.3823,1.60,1.00
2010.06.08 10:54:40.429,1.38215,1.3823,2.40,1.00
2010.06.08 10:54:40.510,1.38215,1.3823,1.00,1.00
2010.06.08 10:54:40.669,1.3821,1.3823,4.00,1.00
2010.06.08 10:54:41.561,1.3822,1.3823,1.60,1.00
2010.06.08 10:54:42.151,1.3822,1.3823,1.60,8.80
2010.06.08 10:54:42.451,1.3821,1.38225,3.20,1.60
2010.06.08 10:54:43.041,1.38215,1.38225,1.00,1.60
2010.06.08 10:54:43.661,1.3822,1.38225,1.00,1.60
2010.06.08 10:54:44.283,1.3822,1.38225,1.60,1.60
2010.06.08 10:54:45.204,1.38215,1.38225,1.00,1.60
2010.06.08 10:54:45.431,1.3821,1.38225,1.60,1.60
2010.06.08 10:54:45.892,1.3822,1.38225,1.60,1.60
2010.06.08 10:54:47.284,1.3821,1.38225,1.60,1.60
2010.06.08 10:54:48.231,1.3822,1.38225,1.60,1.60
2010.06.08 10:54:49.761,1.3821,1.38225,1.60,1.60
2010.06.08 10:54:50.917,1.3821,1.38225,4.80,1.60
2010.06.08 10:54:51.224,1.3821,1.38225,1.60,1.60
2010.06.08 10:54:51.534,1.3821,1.38225,1.60,1.60
2010.06.08 10:54:52.971,1.3821,1.38225,1.60,2.40
2010.06.08 10:54:53.903,1.3821,1.38225,1.60,1.60
2010.06.08 10:54:55.191,1.3821,1.38225,1.60,2.40
2010.06.08 10:54:55.625,1.38205,1.38215,2.40,1.60
2010.06.08 10:54:55.770,1.38205,1.3822,1.60,1.60
2010.06.08 10:54:58.831,1.38205,1.3822,2.40,1.60
2010.06.08 10:54:59.668,1.3821,1.38225,2.40,1.60
2010.06.08 10:55:00.300,1.3821,1.38225,1.60,1.60
2010.06.08 10:55:00.522,1.3821,1.38225,2.40,3.20
2010.06.08 10:55:01.214,1.3822,1.3823,1.60,1.00
2010.06.08 10:55:01.561,1.3822,1.38235,1.60,2.40
2010.06.08 10:55:04.969,1.3822,1.38235,3.20,2.40
2010.06.08 10:55:09.654,1.3822,1.38235,4.00,2.40
2010.06.08 10:55:09.885,1.3822,1.38235,4.00,1.60
2010.06.08 10:55:13.341,1.3822,1.38235,3.20,1.60
2010.06.08 10:55:13.895,1.3822,1.38235,4.00,1.60
2010.06.08 10:55:14.147,1.3822,1.38235,3.20,2.40
2010.06.08 10:55:14.733,1.3822,1.3823,1.60,1.60
2010.06.08 10:55:17.258,1.3822,1.3823,1.00,1.60
2010.06.08 10:55:17.421,1.38215,1.38225,1.60,1.00
2010.06.08 10:55:17.572,1.3821,1.38225,4.00,2.40
2010.06.08 10:55:17.721,1.3821,1.38225,3.20,2.40
2010.06.08 10:55:18.064,1.3821,1.38225,4.80,2.40
2010.06.08 10:55:18.711,1.3821,1.3822,4.80,4.00
2010.06.08 10:55:18.917,1.3821,1.38225,4.00,1.60
2010.06.08 10:55:22.461,1.3821,1.38225,4.00,2.40
2010.06.08 10:55:22.800,1.3821,1.38225,4.00,1.60
2010.06.08 10:55:24.000,1.38215,1.38225,1.60,1.60
2010.06.08 10:55:24.285,1.3822,1.3823,1.60,3.20
2010.06.08 10:55:24.634,1.3822,1.38235,1.60,2.40
2010.06.08 10:55:26.313,1.3822,1.38235,2.40,2.40
2010.06.08 10:55:27.151,1.3822,1.3824,2.40,3.20
2010.06.08 10:55:30.949,1.3822,1.3824,2.40,3.60
2010.06.08 10:55:31.770,1.3822,1.3824,1.60,3.60
2010.06.08 10:55:33.039,1.3822,1.3824,1.60,4.90
2010.06.08 10:55:37.229,1.3822,1.3824,2.40,4.90
2010.06.08 10:55:37.370,1.3822,1.3824,3.20,4.90
2010.06.08 10:55:38.090,1.3822,1.3824,3.20,4.50
2010.06.08 10:55:38.410,1.3822,1.3824,3.20,3.70
2010.06.08 10:55:41.091,1.3822,1.3824,3.20,2.90
2010.06.08 10:55:41.536,1.3822,1.38225,1.60,1.60
2010.06.08 10:55:42.938,1.3822,1.38235,1.60,1.60
2010.06.08 10:55:43.245,1.3822,1.3823,1.00,2.40
2010.06.08 10:55:43.868,1.3822,1.38235,4.80,1.60
2010.06.08 10:55:44.223,1.38215,1.3822,2.40,1.00
2010.06.08 10:55:44.566,1.3821,1.38225,3.60,9.60
2010.06.08 10:55:44.921,1.3821,1.38225,3.20,6.40
2010.06.08 10:55:46.234,1.38215,1.38225,1.60,1.60
2010.06.08 10:55:46.580,1.3822,1.38235,1.00,1.60
2010.06.08 10:55:49.767,1.3822,1.3824,1.00,4.00
2010.06.08 10:55:50.613,1.3822,1.38235,1.00,1.60
2010.06.08 10:55:50.910,1.38215,1.38235,1.00,1.60
2010.06.08 10:55:52.823,1.38215,1.38235,1.00,2.90
2010.06.08 10:55:55.830,1.38215,1.38235,1.00,1.60
2010.06.08 10:55:56.824,1.3822,1.38235,1.00,1.60
2010.06.08 10:55:58.040,1.38215,1.38235,1.00,1.60
2010.06.08 10:55:59.212,1.38215,1.38235,1.00,2.40
2010.06.08 10:55:59.770,1.38215,1.38235,1.00,1.60
2010.06.08 10:56:09.375,1.3821,1.38235,6.30,1.60
2010.06.08 10:56:09.701,1.3821,1.3823,5.60,1.60
2010.06.08 10:56:09.831,1.3821,1.3823,3.20,1.60
2010.06.08 10:56:10.281,1.3821,1.38235,3.20,9.30
2010.06.08 10:56:13.359,1.3821,1.38235,3.60,9.30
2010.06.08 10:56:15.319,1.3821,1.3823,3.20,11.30
2010.06.08 10:56:15.671,1.3821,1.3823,3.20,9.70
2010.06.08 10:56:18.440,1.3821,1.3823,3.60,4.10
2010.06.08 10:56:18.670,1.3821,1.3823,3.60,3.30
2010.06.08 10:56:19.210,1.3821,1.3823,3.60,2.90
2010.06.08 10:56:19.520,1.3822,1.3823,1.00,2.90
2010.06.08 10:56:19.832,1.3822,1.38235,1.00,4.40
2010.06.08 10:56:19.961,1.3822,1.38235,1.00,3.60
2010.06.08 10:56:20.302,1.3822,1.38235,1.00,2.00
2010.06.08 10:56:20.460,1.3822,1.3823,1.00,1.60
2010.06.08 10:56:20.598,1.38215,1.38225,1.00,4.00
2010.06.08 10:56:21.037,1.38215,1.38225,1.00,6.40
2010.06.08 10:56:21.389,1.3821,1.38215,1.60,1.00
2010.06.08 10:56:23.139,1.38205,1.38215,1.60,1.00
2010.06.08 10:56:23.283,1.3821,1.3822,1.60,1.60
2010.06.08 10:56:23.562,1.3821,1.38225,1.60,3.70
2010.06.08 10:56:24.319,1.3821,1.3822,1.60,4.50
2010.06.08 10:56:24.670,1.382,1.3821,1.00,2.90
2010.06.08 10:56:25.017,1.38185,1.38205,2.80,2.10
2010.06.08 10:56:25.650,1.38185,1.38205,2.00,2.10
2010.06.08 10:56:25.995,1.38185,1.38205,1.60,2.10
2010.06.08 10:56:30.412,1.3819,1.38205,1.60,2.10
2010.06.08 10:56:31.708,1.3819,1.38205,1.60,6.10
2010.06.08 10:56:31.935,1.3819,1.382,1.60,1.30
2010.06.08 10:56:34.525,1.3819,1.38205,1.60,3.30
2010.06.08 10:56:34.871,1.3819,1.38205,1.60,2.90
2010.06.08 10:56:35.710,1.3819,1.3821,2.00,4.10
2010.06.08 10:56:35.993,1.3819,1.3821,3.60,1.60
2010.06.08 10:56:36.865,1.38205,1.38215,1.60,4.40
2010.06.08 10:56:37.101,1.38205,1.38215,1.60,1.60
2010.06.08 10:56:37.220,1.38205,1.38215,4.00,1.00
2010.06.08 10:56:37.342,1.3821,1.38225,1.60,1.00
2010.06.08 10:56:37.462,1.3822,1.38225,1.00,1.00
2010.06.08 10:56:37.785,1.3822,1.38225,1.60,1.00
2010.06.08 10:56:37.918,1.3821,1.3823,2.00,1.60
2010.06.08 10:56:38.270,1.3821,1.3822,1.60,5.60
2010.06.08 10:56:38.620,1.3821,1.3822,3.20,1.00
2010.06.08 10:56:38.964,1.3821,1.3823,3.20,1.60
2010.06.08 10:56:39.648,1.38205,1.38225,1.00,4.00
2010.06.08 10:56:40.145,1.38205,1.3822,1.00,3.20
2010.06.08 10:56:40.480,1.382,1.3822,3.20,5.30
2010.06.08 10:56:41.145,1.382,1.3822,1.60,10.10
2010.06.08 10:56:41.495,1.382,1.38215,1.60,2.90
2010.06.08 10:56:42.182,1.382,1.38215,1.60,3.30
2010.06.08 10:56:43.809,1.382,1.38215,1.60,2.90
2010.06.08 10:56:46.970,1.382,1.3821,1.60,1.60
2010.06.08 10:56:47.399,1.382,1.3821,1.60,1.00
2010.06.08 10:56:47.619,1.382,1.38215,1.60,2.90
2010.06.08 10:56:48.244,1.38195,1.3821,1.00,1.60
2010.06.08 10:56:48.777,1.3819,1.3821,4.40,1.60
2010.06.08 10:56:49.126,1.3819,1.3821,1.60,2.90
2010.06.08 10:56:49.811,1.3819,1.3821,1.60,3.70
2010.06.08 10:56:54.374,1.3818,1.38205,4.00,1.00
2010.06.08 10:56:54.598,1.38185,1.38205,1.60,2.90
2010.06.08 10:56:55.104,1.3819,1.38205,1.00,2.90
2010.06.08 10:56:55.459,1.3819,1.3821,1.60,2.40
2010.06.08 10:56:55.803,1.3819,1.3821,1.60,1.60
2010.06.08 10:56:59.440,1.3819,1.3821,1.60,2.40
2010.06.08 10:56:59.784,1.38185,1.38205,3.20,1.60
2010.06.08 10:57:00.336,1.38185,1.382,1.60,1.60
2010.06.08 10:57:01.871,1.3818,1.382,6.00,1.60
2010.06.08 10:57:02.361,1.3818,1.382,5.20,1.60
2010.06.08 10:57:02.855,1.3818,1.3819,2.80,1.60
2010.06.08 10:57:03.385,1.3818,1.3819,2.40,1.00
2010.06.08 10:57:03.595,1.38185,1.382,1.00,3.20
2010.06.08 10:57:04.441,1.3818,1.38195,3.20,1.00
2010.06.08 10:57:05.865,1.38185,1.382,1.60,2.40
2010.06.08 10:57:06.589,1.3818,1.382,1.60,1.60
2010.06.08 10:57:07.870,1.3818,1.382,1.60,5.30
2010.06.08 10:57:08.971,1.3818,1.382,1.60,4.00
2010.06.08 10:57:20.460,1.3818,1.382,1.60,4.00
2010.06.08 10:57:22.030,1.3818,1.382,1.60,3.20
2010.06.08 10:57:22.303,1.3818,1.382,1.60,1.60
2010.06.08 10:57:22.972,1.38185,1.382,1.60,4.00
2010.06.08 10:57:24.219,1.38185,1.382,1.00,4.80
2010.06.08 10:57:24.565,1.38175,1.38195,1.60,1.00
2010.06.08 10:57:29.151,1.3817,1.38185,6.40,1.60
2010.06.08 10:57:29.474,1.3817,1.38185,1.60,5.60
2010.06.08 10:57:30.179,1.3817,1.38185,1.60,3.20
2010.06.08 10:57:30.533,1.38165,1.38185,2.40,5.60
2010.06.08 10:57:30.777,1.38165,1.38185,1.60,5.60
2010.06.08 10:57:31.316,1.38165,1.38185,1.60,5.60
2010.06.08 10:57:31.573,1.3816,1.3818,4.80,1.60
2010.06.08 10:57:32.542,1.38165,1.3818,1.00,2.40
2010.06.08 10:57:32.832,1.38165,1.3818,1.00,3.20
2010.06.08 10:57:33.120,1.38165,1.38175,1.00,1.60
2010.06.08 10:57:34.101,1.3816,1.38175,4.00,1.60
2010.06.08 10:57:35.117,1.38165,1.38175,1.00,1.60
2010.06.08 10:57:35.431,1.3816,1.38175,4.00,1.60
2010.06.08 10:57:35.733,1.38165,1.38175,1.60,1.60
2010.06.08 10:57:36.037,1.38175,1.3818,1.00,1.60
2010.06.08 10:57:40.788,1.3817,1.3818,1.60,1.60
2010.06.08 10:57:41.064,1.38175,1.3818,1.00,1.60
2010.06.08 10:57:41.802,1.3817,1.3818,3.20,1.60
2010.06.08 10:57:42.077,1.3818,1.3819,1.00,2.70
2010.06.08 10:57:42.356,1.38175,1.3819,1.00,1.60
2010.06.08 10:57:42.632,1.3817,1.3819,1.60,1.60
2010.06.08 10:57:42.962,1.38175,1.3819,1.60,1.60
2010.06.08 10:57:43.319,1.3818,1.38195,3.20,1.60
2010.06.08 10:57:46.507,1.3818,1.38195,2.40,3.20
2010.06.08 10:57:53.055,1.3818,1.38195,1.60,3.20
2010.06.08 10:57:53.690,1.3818,1.38195,2.40,3.20
2010.06.08 10:57:54.591,1.3818,1.38195,4.80,3.20
2010.06.08 10:57:55.093,1.38185,1.38195,1.00,1.60
2010.06.08 10:57:55.216,1.3818,1.38195,5.60,2.40
2010.06.08 10:57:55.342,1.3818,1.38195,2.40,3.20
2010.06.08 10:57:55.463,1.3818,1.38195,1.60,3.20
2010.06.08 10:57:55.890,1.3818,1.38195,1.60,1.60
2010.06.08 10:57:56.023,1.38185,1.382,1.00,2.40
2010.06.08 10:57:56.145,1.38185,1.382,1.60,1.60
2010.06.08 10:57:56.495,1.38185,1.382,3.20,1.60
2010.06.08 10:57:58.321,1.38185,1.382,1.60,3.20
2010.06.08 10:57:58.602,1.38185,1.382,1.60,4.00
2010.06.08 10:57:59.036,1.38185,1.382,2.40,2.40
2010.06.08 10:57:59.187,1.3819,1.382,1.60,1.60
2010.06.08 10:57:59.535,1.38185,1.38205,2.40,4.00
2010.06.08 10:57:59.886,1.38195,1.38205,1.00,4.00
2010.06.08 10:58:00.979,1.38195,1.3821,1.00,7.10
2010.06.08 10:58:01.263,1.38195,1.3821,1.60,3.20
2010.06.08 10:58:02.714,1.38195,1.3821,2.40,3.20
2010.06.08 10:58:02.915,1.38195,1.38205,1.60,1.00
2010.06.08 10:58:03.122,1.38195,1.3821,1.60,1.60
2010.06.08 10:58:03.784,1.382,1.3821,1.60,1.60
2010.06.08 10:58:04.122,1.38195,1.3821,1.60,2.40
2010.06.08 10:58:04.794,1.38195,1.3821,1.60,3.20
2010.06.08 10:58:05.141,1.3819,1.3821,4.80,4.80
2010.06.08 10:58:05.486,1.3819,1.3821,4.80,6.40
2010.06.08 10:58:06.141,1.3819,1.3821,4.80,6.80
2010.06.08 10:58:06.488,1.3819,1.38205,1.60,1.60
2010.06.08 10:58:08.244,1.38185,1.3819,1.00,2.40
2010.06.08 10:58:08.730,1.3818,1.38195,2.00,8.20
2010.06.08 10:58:09.078,1.38185,1.382,1.00,5.20
2010.06.08 10:58:09.415,1.3818,1.382,1.60,4.60
2010.06.08 10:58:09.756,1.3818,1.3819,1.60,1.60
2010.06.08 10:58:12.146,1.3818,1.382,1.60,3.00
2010.06.08 10:58:12.337,1.38185,1.382,1.60,1.00
2010.06.08 10:58:12.522,1.38185,1.38205,1.60,7.60
2010.06.08 10:58:13.295,1.38185,1.38205,1.60,11.20
2010.06.08 10:58:14.625,1.38185,1.382,1.60,1.60
2010.06.08 10:58:14.990,1.38185,1.382,1.00,2.80
2010.06.08 10:58:15.334,1.3818,1.382,3.20,3.60
2010.06.08 10:58:17.130,1.3818,1.382,3.20,4.00
2010.06.08 10:58:17.471,1.3818,1.382,5.60,4.00
2010.06.08 10:58:17.641,1.38185,1.382,1.60,2.40
2010.06.08 10:58:18.020,1.38185,1.382,1.60,1.60
2010.06.08 10:58:18.255,1.3819,1.382,1.00,1.60
2010.06.08 10:58:18.483,1.3819,1.382,1.00,2.40
2010.06.08 10:58:18.826,1.3818,1.382,3.20,4.00
2010.06.08 10:58:19.482,1.38185,1.38195,1.00,1.60
2010.06.08 10:58:19.794,1.3818,1.38195,3.20,1.60
2010.06.08 10:58:21.339,1.3818,1.38195,1.60,1.60
2010.06.08 10:58:22.465,1.38185,1.38195,1.00,1.60
2010.06.08 10:58:22.683,1.3818,1.38195,3.20,1.60
2010.06.08 10:58:23.023,1.38185,1.38195,1.00,1.60
2010.06.08 10:58:23.942,1.3818,1.38195,3.20,1.60
2010.06.08 10:58:26.552,1.38185,1.38195,1.00,1.60
2010.06.08 10:58:26.897,1.3818,1.38195,3.20,1.60
2010.06.08 10:58:33.184,1.38185,1.38195,1.00,1.60
2010.06.08 10:58:33.310,1.3818,1.38195,3.20,1.60
2010.06.08 10:58:34.062,1.38185,1.38195,1.00,1.60
2010.06.08 10:58:34.684,1.38185,1.382,1.00,3.20
2010.06.08 10:58:34.903,1.3818,1.382,3.20,4.00
2010.06.08 10:58:35.112,1.38185,1.382,1.00,4.00
2010.06.08 10:58:36.702,1.3818,1.382,3.20,4.00
2010.06.08 10:58:38.386,1.38185,1.382,1.00,4.40
2010.06.08 10:58:38.650,1.38195,1.382,1.00,1.60
2010.06.08 10:58:40.124,1.3819,1.382,1.60,1.60
2010.06.08 10:58:41.512,1.38195,1.382,1.00,1.60
2010.06.08 10:58:42.997,1.382,1.38205,1.60,4.00
2010.06.08 10:58:43.226,1.38195,1.382,1.00,1.60
2010.06.08 10:58:43.572,1.3819,1.382,1.60,1.60
2010.06.08 10:58:44.446,1.38185,1.382,4.40,1.60
2010.06.08 10:58:44.744,1.3819,1.382,1.60,1.60
2010.06.08 10:58:45.044,1.382,1.38205,1.60,1.60
2010.06.08 10:58:45.595,1.382,1.38205,1.60,4.00
2010.06.08 10:58:45.948,1.3819,1.382,1.60,1.60
2010.06.08 10:58:47.071,1.3819,1.38205,1.60,1.60
2010.06.08 10:58:47.426,1.382,1.38205,1.60,1.60
2010.06.08 10:58:47.854,1.38185,1.382,3.60,1.60
2010.06.08 10:58:47.991,1.38185,1.382,3.80,1.60
2010.06.08 10:58:48.462,1.38195,1.382,5.60,1.60
2010.06.08 10:58:49.011,1.3819,1.38205,1.60,1.60
2010.06.08 10:58:49.438,1.3819,1.382,1.60,1.60
2010.06.08 10:58:49.787,1.382,1.38205,1.60,2.90
2010.06.08 10:58:50.132,1.38195,1.38205,4.00,2.90
2010.06.08 10:58:50.766,1.38195,1.38205,4.00,1.60
2010.06.08 10:58:51.684,1.382,1.38205,1.00,1.60
2010.06.08 10:58:52.115,1.382,1.38205,1.60,1.60
2010.06.08 10:58:52.359,1.382,1.38205,1.60,4.00
2010.06.08 10:58:52.598,1.38195,1.382,1.00,1.60
2010.06.08 10:58:53.229,1.38185,1.382,2.00,1.60
2010.06.08 10:58:53.575,1.38185,1.382,1.00,2.60
2010.06.08 10:58:53.926,1.3818,1.3819,1.60,1.00
2010.06.08 10:58:54.920,1.38185,1.38195,1.20,4.00
2010.06.08 10:58:55.266,1.38185,1.38195,1.20,1.60
2010.06.08 10:58:55.818,1.38195,1.382,1.00,16.40
2010.06.08 10:58:58.796,1.38195,1.382,1.00,15.60
2010.06.08 10:58:59.150,1.3819,1.382,1.60,15.60
2010.06.08 10:59:00.673,1.3819,1.382,1.60,8.40
2010.06.08 10:59:01.011,1.3819,1.382,1.60,6.80
2010.06.08 10:59:01.666,1.38195,1.382,1.00,6.80
2010.06.08 10:59:02.185,1.3819,1.382,1.60,6.80
2010.06.08 10:59:02.909,1.38185,1.382,2.80,1.60
2010.06.08 10:59:03.556,1.38185,1.382,2.80,3.20
2010.06.08 10:59:04.203,1.38185,1.382,1.20,3.20
2010.06.08 10:59:04.862,1.38185,1.382,1.00,1.00
2010.06.08 10:59:06.074,1.38185,1.382,1.00,1.60
2010.06.08 10:59:06.336,1.38185,1.382,1.00,4.00
2010.06.08 10:59:07.318,1.38185,1.382,1.80,1.60
2010.06.08 10:59:08.887,1.38185,1.38205,2.60,7.20
2010.06.08 10:59:09.137,1.3819,1.38205,1.60,5.60
2010.06.08 10:59:09.805,1.38195,1.38205,1.00,5.60
2010.06.08 10:59:10.157,1.3819,1.38205,1.60,5.60
2010.06.08 10:59:11.789,1.38195,1.38205,1.60,3.20
2010.06.08 10:59:16.788,1.382,1.38205,1.60,1.60
2010.06.08 10:59:17.135,1.38195,1.38205,1.60,1.60
2010.06.08 10:59:19.010,1.38195,1.38205,4.80,1.60
2010.06.08 10:59:19.342,1.38195,1.38205,1.60,3.20
2010.06.08 10:59:19.983,1.382,1.3821,4.00,2.80
2010.06.08 10:59:20.485,1.38205,1.3822,1.00,1.60
2010.06.08 10:59:21.051,1.382,1.3822,1.60,1.60
2010.06.08 10:59:25.391,1.382,1.38215,1.60,1.60
2010.06.08 10:59:26.631,1.382,1.3822,1.60,1.60
2010.06.08 10:59:29.005,1.38205,1.3822,1.60,1.60
2010.06.08 10:59:29.599,1.382,1.3822,1.60,1.60
2010.06.08 10:59:32.024,1.3819,1.3822,8.20,2.40
2010.06.08 10:59:32.953,1.38195,1.3822,1.00,1.60
2010.06.08 10:59:33.210,1.38195,1.3822,1.00,1.60
2010.06.08 10:59:34.405,1.382,1.3822,1.60,1.60
2010.06.08 10:59:35.041,1.382,1.3822,3.20,1.60
2010.06.08 10:59:37.898,1.382,1.3822,4.00,1.60
2010.06.08 10:59:38.401,1.38205,1.3822,2.40,1.60
2010.06.08 10:59:38.752,1.3822,1.3823,1.60,2.00
2010.06.08 10:59:39.095,1.3822,1.3823,1.60,1.60
2010.06.08 10:59:40.544,1.3822,1.38235,1.60,1.60
2010.06.08 10:59:40.918,1.3822,1.38235,2.40,1.60
2010.06.08 10:59:41.183,1.38225,1.3824,1.60,1.60
2010.06.08 10:59:45.273,1.38235,1.38245,1.00,1.60
2010.06.08 10:59:46.045,1.3823,1.38245,3.20,1.60
2010.06.08 10:59:46.389,1.3824,1.38245,1.60,1.60
2010.06.08 10:59:46.737,1.3823,1.38245,4.80,1.60
2010.06.08 10:59:47.934,1.3823,1.38245,3.20,1.60
2010.06.08 10:59:48.247,1.3823,1.38245,4.00,1.60
2010.06.08 10:59:48.574,1.3823,1.38245,2.40,1.60
2010.06.08 10:59:48.886,1.3822,1.3824,3.20,1.00
2010.06.08 10:59:49.235,1.38225,1.3824,1.00,1.00
2010.06.08 10:59:49.581,1.38225,1.38245,1.00,6.00
2010.06.08 10:59:50.488,1.3823,1.3824,1.60,1.00
2010.06.08 10:59:50.797,1.3823,1.38245,1.60,6.00
2010.06.08 10:59:51.103,1.38235,1.38245,1.00,6.00
2010.06.08 10:59:51.450,1.3823,1.38245,1.60,5.20
2010.06.08 10:59:51.796,1.3823,1.38245,1.60,4.00
2010.06.08 10:59:52.147,1.3824,1.3825,4.00,3.80
2010.06.08 10:59:53.205,1.3824,1.3825,4.00,3.00
2010.06.08 10:59:53.473,1.3824,1.3825,2.40,1.00
2010.06.08 10:59:54.077,1.3824,1.3825,3.20,1.00
2010.06.08 10:59:54.342,1.3824,1.3825,3.20,1.00
2010.06.08 10:59:55.535,1.3823,1.38245,2.40,1.60
2010.06.08 10:59:55.575,1.38225,1.38245,4.20,4.80
2010.06.08 10:59:55.788,1.38215,1.3824,1.60,1.60
2010.06.08 10:59:56.657,1.38215,1.3824,2.40,1.60
2010.06.08 10:59:57.010,1.38215,1.3824,1.60,1.60
2010.06.08 10:59:57.976,1.3822,1.3824,1.60,1.60
2010.06.08 10:59:58.322,1.3821,1.38235,5.60,6.40
