2014.05.06 17:00:00.241,1.21725,1.21735,1.00,1.38
2014.05.06 17:00:00.544,1.21727,1.21735,1.00,1.13
2014.05.06 17:00:00.747,1.21725,1.21735,1.50,1.13
2014.05.06 17:00:01.101,1.21726,1.21733,1.00,1.00
2014.05.06 17:00:01.153,1.21724,1.21733,1.50,1.00
2014.05.06 17:00:01.607,1.21726,1.21733,1.00,1.00
2014.05.06 17:00:02.170,1.21727,1.21733,1.00,1.00
2014.05.06 17:00:05.021,1.21727,1.21736,1.00,2.63
2014.05.06 17:00:07.193,1.21728,1.21736,1.00,2.25
2014.05.06 17:00:07.707,1.21727,1.21736,1.00,2.25
2014.05.06 17:00:22.194,1.21726,1.21736,1.88,1.00
2014.05.06 17:00:39.586,1.21727,1.21736,1.00,2.63
2014.05.06 17:00:49.243,1.21726,1.21736,1.00,1.13
2014.05.06 17:01:07.927,1.21725,1.21738,1.50,1.88
2014.05.06 17:01:11.643,1.21725,1.21738,1.88,1.88
2014.05.06 17:01:12.148,1.21725,1.21738,1.50,1.88
2014.05.06 17:01:12.679,1.21726,1.21738,1.00,1.88
2014.05.06 17:01:16.026,1.21725,1.21738,1.88,1.88
2014.05.06 17:01:16.556,1.21725,1.21738,1.50,1.88
2014.05.06 17:01:17.070,1.21726,1.21738,1.00,1.88
2014.05.06 17:01:18.051,1.21726,1.21738,1.00,1.88
2014.05.06 17:01:20.668,1.21727,1.21738,1.00,1.88
2014.05.06 17:01:21.459,1.21728,1.21738,1.00,2.63
2014.05.06 17:01:23.164,1.21728,1.21738,1.00,2.63
2014.05.06 17:01:23.610,1.21728,1.21738,1.00,2.63
2014.05.06 17:01:24.583,1.21728,1.21738,1.00,2.63
2014.05.06 17:01:30.366,1.21728,1.21738,1.00,2.63
2014.05.06 17:01:40.586,1.21727,1.21737,1.50,1.38
2014.05.06 17:01:44.187,1.21727,1.21737,1.00,1.13
2014.05.06 17:02:00.895,1.21728,1.21737,1.00,1.13
2014.05.06 17:02:01.400,1.21727,1.21737,1.00,1.13
2014.05.06 17:02:07.387,1.21729,1.21737,1.00,1.00
2014.05.06 17:02:08.520,1.21729,1.21738,1.50,1.00
2014.05.06 17:02:18.632,1.21729,1.21739,1.50,1.13
2014.05.06 17:02:24.511,1.21729,1.21739,1.38,1.00
2014.05.06 17:02:24.612,1.21731,1.21741,1.00,2.25
2014.05.06 17:02:24.865,1.21731,1.21741,1.00,2.63
2014.05.06 17:02:26.156,1.2173,1.21739,1.00,1.13
2014.05.06 17:02:26.667,1.21729,1.21738,1.00,1.88
2014.05.06 17:02:33.600,1.21729,1.21738,1.00,1.88
2014.05.06 17:02:34.754,1.21729,1.21738,1.00,1.50
2014.05.06 17:02:40.512,1.21729,1.21739,1.00,1.00
2014.05.06 17:02:40.815,1.21731,1.21741,1.00,2.63
2014.05.06 17:02:42.495,1.21733,1.21741,1.00,2.63
2014.05.06 17:02:48.772,1.21733,1.21741,1.00,1.88
2014.05.06 17:02:48.823,1.21731,1.21741,1.00,2.63
2014.05.06 17:02:49.671,1.21732,1.21741,1.00,2.25
2014.05.06 17:02:49.823,1.21731,1.21741,1.00,2.63
2014.05.06 17:02:55.983,1.21731,1.21741,1.00,2.63
2014.05.06 17:02:56.516,1.2173,1.21739,1.00,1.00
2014.05.06 17:03:03.006,1.21731,1.2174,1.00,1.00
2014.05.06 17:03:03.700,1.21731,1.21741,1.50,2.63
2014.05.06 17:03:23.820,1.21731,1.2174,1.00,1.00
2014.05.06 17:03:35.463,1.2173,1.2174,1.00,1.00
2014.05.06 17:03:45.483,1.21731,1.2174,1.00,1.00
2014.05.06 17:03:59.132,1.21733,1.2174,1.00,1.00
2014.05.06 17:03:59.486,1.2173,1.2174,1.50,1.13
2014.05.06 17:04:00.023,1.2173,1.2174,1.50,1.38
2014.05.06 17:04:00.564,1.21731,1.21738,1.00,1.00
2014.05.06 17:04:02.073,1.21731,1.21738,1.00,1.38
2014.05.06 17:04:02.124,1.21728,1.21738,1.00,1.38
2014.05.06 17:04:02.327,1.21727,1.21735,1.00,1.00
2014.05.06 17:04:02.804,1.21726,1.21733,1.00,1.00
2014.05.06 17:04:06.084,1.21724,1.21733,1.00,1.00
2014.05.06 17:04:09.895,1.21723,1.21733,1.50,1.13
2014.05.06 17:04:10.713,1.21724,1.21733,1.00,1.13
2014.05.06 17:04:11.392,1.21723,1.21733,1.00,1.13
2014.05.06 17:04:13.120,1.21725,1.21733,1.00,1.13
2014.05.06 17:04:13.273,1.21723,1.21733,1.50,1.00
2014.05.06 17:04:13.375,1.21725,1.21733,1.00,1.00
2014.05.06 17:04:19.051,1.21724,1.21733,1.00,1.00
2014.05.06 17:04:19.562,1.21723,1.21733,1.50,1.00
2014.05.06 17:04:21.382,1.21724,1.21733,1.00,1.00
2014.05.06 17:04:22.648,1.21724,1.21732,1.00,1.00
2014.05.06 17:04:22.952,1.21722,1.2173,1.00,1.00
2014.05.06 17:04:26.661,1.21722,1.21731,1.50,1.00
2014.05.06 17:04:27.167,1.21722,1.21732,1.50,1.00
2014.05.06 17:04:27.708,1.21723,1.21732,1.00,1.00
2014.05.06 17:04:28.227,1.21727,1.21732,1.00,1.00
2014.05.06 17:04:28.431,1.21725,1.21732,1.00,1.00
2014.05.06 17:04:32.721,1.21723,1.21732,1.13,1.00
2014.05.06 17:04:33.806,1.21724,1.21732,1.00,1.00
2014.05.06 17:04:34.363,1.21724,1.21733,1.00,1.00
2014.05.06 17:04:34.868,1.21724,1.21734,1.00,1.13
2014.05.06 17:04:41.350,1.21725,1.21734,1.00,1.13
2014.05.06 17:04:41.555,1.21728,1.21734,1.00,1.13
2014.05.06 17:04:41.910,1.21724,1.21734,1.00,1.00
2014.05.06 17:04:54.707,1.21724,1.21733,1.00,1.00
2014.05.06 17:05:13.009,1.21723,1.21733,1.50,1.00
2014.05.06 17:05:14.762,1.21724,1.21734,1.00,1.13
2014.05.06 17:05:31.970,1.21726,1.21735,1.00,1.00
2014.05.06 17:05:32.503,1.21726,1.21736,1.00,2.63
2014.05.06 17:05:46.108,1.21725,1.21734,1.00,1.13
2014.05.06 17:05:46.616,1.21724,1.21734,1.00,1.38
2014.05.06 17:05:47.851,1.21724,1.21734,1.00,1.13
2014.05.06 17:05:50.126,1.21726,1.21734,1.00,1.00
2014.05.06 17:06:00.390,1.21726,1.21736,1.50,1.00
2014.05.06 17:06:05.579,1.21726,1.21736,1.00,1.38
2014.05.06 17:06:06.095,1.21725,1.21734,1.00,1.38
2014.05.06 17:06:13.890,1.21724,1.21734,1.00,1.38
2014.05.06 17:06:15.743,1.21723,1.21732,1.00,1.00
2014.05.06 17:06:16.262,1.21722,1.21731,1.00,1.50
2014.05.06 17:06:16.767,1.21722,1.21731,1.00,1.88
2014.05.06 17:06:17.808,1.21722,1.21731,1.00,1.88
2014.05.06 17:06:22.065,1.2172,1.2173,1.00,1.13
2014.05.06 17:06:25.827,1.2172,1.2173,1.00,1.38
2014.05.06 17:06:30.311,1.2172,1.2173,1.50,1.13
2014.05.06 17:06:30.464,1.21718,1.21728,1.50,1.00
2014.05.06 17:06:40.250,1.2172,1.21728,1.00,1.00
2014.05.06 17:06:40.407,1.21718,1.21728,2.63,1.00
2014.05.06 17:06:40.913,1.21719,1.21728,1.00,1.00
2014.05.06 17:06:41.428,1.21718,1.21728,2.25,1.13
2014.05.06 17:06:51.500,1.21718,1.21728,1.50,1.38
2014.05.06 17:06:52.730,1.21718,1.21726,1.00,1.00
2014.05.06 17:06:57.656,1.2172,1.21726,1.00,1.00
2014.05.06 17:07:03.582,1.21719,1.21726,1.00,1.00
2014.05.06 17:07:04.102,1.21718,1.21726,1.00,1.00
2014.05.06 17:07:08.149,1.21718,1.21724,1.00,1.00
2014.05.06 17:07:08.461,1.21715,1.21724,2.25,1.13
2014.05.06 17:07:09.030,1.21715,1.21724,2.25,1.88
2014.05.06 17:07:09.547,1.21714,1.21724,1.50,1.88
2014.05.06 17:07:12.043,1.21715,1.21724,1.00,1.38
2014.05.06 17:07:12.550,1.21716,1.21724,1.00,1.13
2014.05.06 17:07:13.052,1.21715,1.21724,1.00,1.13
2014.05.06 17:07:20.278,1.21717,1.21724,1.00,1.00
2014.05.06 17:07:21.204,1.21715,1.21724,1.00,1.00
2014.05.06 17:07:28.689,1.21715,1.21723,1.00,1.00
2014.05.06 17:07:30.225,1.21716,1.21723,1.00,1.00
2014.05.06 17:07:31.797,1.21713,1.21723,1.50,1.00
2014.05.06 17:07:32.000,1.21715,1.21723,1.00,1.00
2014.05.06 17:07:36.708,1.21716,1.21723,1.00,1.00
2014.05.06 17:07:37.238,1.21715,1.21723,1.00,1.00
2014.05.06 17:07:37.795,1.21716,1.21723,1.00,1.00
2014.05.06 17:07:48.429,1.21715,1.21723,1.00,1.00
2014.05.06 17:07:48.953,1.21715,1.21724,1.00,1.00
2014.05.06 17:07:49.710,1.21716,1.21724,1.00,1.00
2014.05.06 17:08:00.086,1.21716,1.21722,1.00,1.00
2014.05.06 17:08:00.652,1.21715,1.21722,1.00,1.50
2014.05.06 17:08:04.197,1.21714,1.2172,1.00,1.00
2014.05.06 17:08:09.909,1.21715,1.2172,1.00,1.13
2014.05.06 17:08:11.007,1.21714,1.2172,1.00,1.13
2014.05.06 17:08:19.174,1.21713,1.2172,1.00,1.13
2014.05.06 17:08:32.384,1.21714,1.2172,1.00,1.13
2014.05.06 17:08:40.488,1.21713,1.2172,1.00,1.13
2014.05.06 17:08:52.238,1.21715,1.2172,1.00,1.13
2014.05.06 17:08:55.789,1.21714,1.2172,1.00,1.88
2014.05.06 17:08:57.737,1.21715,1.2172,1.00,1.88
2014.05.06 17:09:06.101,1.21714,1.21721,1.00,1.38
2014.05.06 17:09:14.923,1.21715,1.21721,1.00,1.38
2014.05.06 17:09:18.087,1.21714,1.21721,1.00,1.88
2014.05.06 17:09:21.040,1.21714,1.21721,1.00,1.13
2014.05.06 17:09:21.343,1.21714,1.21721,1.00,1.38
2014.05.06 17:09:21.647,1.21712,1.2172,1.00,1.88
2014.05.06 17:09:22.153,1.21712,1.2172,1.00,1.13
2014.05.06 17:09:26.664,1.21715,1.2172,1.00,1.13
2014.05.06 17:09:30.295,1.21715,1.21721,1.00,1.13
2014.05.06 17:09:30.854,1.21714,1.21721,1.00,1.00
2014.05.06 17:09:33.263,1.21715,1.21721,1.00,1.00
2014.05.06 17:09:39.407,1.21712,1.21721,1.50,1.00
2014.05.06 17:09:41.278,1.21714,1.21721,1.00,1.00
2014.05.06 17:09:52.275,1.21715,1.21721,1.00,1.00
2014.05.06 17:09:54.056,1.21713,1.21721,1.00,1.00
2014.05.06 17:09:54.562,1.21713,1.2172,1.00,1.00
2014.05.06 17:09:54.714,1.21715,1.2172,1.00,1.00
2014.05.06 17:09:57.603,1.21715,1.21721,1.00,1.13
2014.05.06 17:09:58.215,1.21714,1.21721,1.00,1.13
2014.05.06 17:10:01.673,1.21712,1.21721,1.50,1.13
2014.05.06 17:10:06.734,1.21712,1.2172,1.00,1.00
2014.05.06 17:10:07.413,1.21715,1.2172,1.30,1.00
2014.05.06 17:10:07.515,1.21717,1.21725,1.00,4.88
2014.05.06 17:10:07.616,1.21714,1.21722,1.00,1.00
2014.05.06 17:10:08.121,1.21715,1.21721,1.00,1.00
2014.05.06 17:10:14.479,1.21714,1.21721,1.00,1.00
2014.05.06 17:10:17.117,1.21713,1.21721,1.00,1.00
2014.05.06 17:10:18.309,1.21714,1.21721,1.00,1.00
2014.05.06 17:10:18.869,1.21713,1.21721,1.50,1.00
2014.05.06 17:10:19.390,1.21714,1.21721,1.00,1.00
2014.05.06 17:10:21.103,1.21715,1.21721,1.00,1.00
2014.05.06 17:10:31.683,1.21716,1.21721,1.00,1.00
2014.05.06 17:10:32.088,1.21717,1.21724,1.50,1.00
2014.05.06 17:10:32.492,1.21719,1.21724,1.00,1.00
2014.05.06 17:10:37.421,1.21718,1.21724,1.00,1.00
2014.05.06 17:10:37.472,1.21716,1.21724,2.25,1.00
2014.05.06 17:10:38.551,1.21717,1.21724,1.00,1.00
2014.05.06 17:10:39.360,1.21716,1.21724,1.00,1.00
2014.05.06 17:10:39.863,1.21715,1.21724,2.25,1.00
2014.05.06 17:10:41.178,1.21715,1.21721,1.50,1.00
2014.05.06 17:10:43.504,1.21716,1.21721,1.00,1.00
2014.05.06 17:10:45.701,1.21715,1.21721,2.25,1.00
2014.05.06 17:10:52.225,1.21716,1.21721,1.00,1.00
2014.05.06 17:10:53.404,1.21715,1.21721,2.25,1.00
2014.05.06 17:10:57.712,1.21716,1.21721,1.00,1.00
2014.05.06 17:11:02.565,1.21717,1.21721,1.00,1.00
2014.05.06 17:11:02.668,1.21717,1.21724,1.00,1.00
2014.05.06 17:11:03.174,1.21718,1.21724,1.00,1.00
2014.05.06 17:11:15.626,1.21719,1.21724,1.00,1.00
2014.05.06 17:11:16.135,1.21718,1.21724,1.00,1.00
2014.05.06 17:11:20.706,1.21716,1.21724,1.50,1.00
2014.05.06 17:11:24.603,1.21717,1.21724,1.00,1.00
2014.05.06 17:11:29.725,1.21717,1.21723,1.00,1.00
2014.05.06 17:11:56.947,1.21719,1.21723,1.00,1.00
2014.05.06 17:11:57.498,1.21715,1.21722,1.13,1.50
2014.05.06 17:11:58.025,1.21715,1.21721,1.00,1.00
2014.05.06 17:11:58.555,1.21715,1.21721,1.00,1.00
2014.05.06 17:11:58.823,1.21717,1.21721,1.00,1.00
2014.05.06 17:11:59.329,1.21716,1.21721,1.00,1.00
2014.05.06 17:12:01.985,1.21715,1.21721,1.50,1.00
2014.05.06 17:12:05.106,1.21715,1.21722,1.50,1.00
2014.05.06 17:12:09.519,1.21715,1.21723,1.50,1.00
2014.05.06 17:12:15.007,1.21715,1.21722,1.50,1.00
2014.05.06 17:12:30.273,1.21715,1.21723,1.00,1.00
2014.05.06 17:12:55.267,1.21715,1.21724,1.13,1.00
2014.05.06 17:12:55.792,1.21715,1.21723,1.00,1.00
2014.05.06 17:12:56.111,1.21717,1.21723,1.00,1.00
2014.05.06 17:12:59.167,1.21718,1.21723,1.00,1.00
2014.05.06 17:12:59.319,1.21715,1.21723,1.50,1.00
2014.05.06 17:13:09.676,1.21715,1.21719,1.00,1.00
2014.05.06 17:13:09.727,1.21713,1.21719,1.50,1.00
2014.05.06 17:13:09.868,1.21713,1.21717,1.00,1.00
2014.05.06 17:13:09.975,1.21713,1.2172,1.00,1.50
2014.05.06 17:13:10.564,1.21714,1.2172,1.00,1.00
2014.05.06 17:13:11.704,1.21713,1.2172,1.00,1.00
2014.05.06 17:13:16.722,1.21712,1.2172,1.00,1.00
2014.05.06 17:13:23.543,1.21713,1.2172,1.00,1.00
2014.05.06 17:13:24.084,1.21712,1.2172,1.00,1.00
2014.05.06 17:13:24.594,1.21713,1.2172,1.00,1.00
2014.05.06 17:13:44.392,1.21714,1.2172,1.00,1.00
2014.05.06 17:13:48.799,1.21714,1.21721,1.00,1.50
2014.05.06 17:13:58.053,1.21714,1.2172,1.00,1.00
2014.05.06 17:13:58.564,1.21713,1.2172,1.00,1.00
2014.05.06 17:14:15.257,1.21714,1.2172,1.00,1.00
2014.05.06 17:14:16.687,1.21715,1.2172,1.60,1.00
2014.05.06 17:14:16.739,1.21718,1.21724,1.00,1.50
2014.05.06 17:14:16.790,1.21715,1.21721,1.50,1.00
2014.05.06 17:14:17.095,1.21713,1.21721,1.50,1.50
2014.05.06 17:14:17.319,1.21715,1.21721,1.50,1.00
2014.05.06 17:14:17.369,1.21715,1.21723,2.48,1.00
2014.05.06 17:14:17.420,1.21716,1.21725,1.00,1.00
2014.05.06 17:14:17.471,1.21718,1.21725,1.00,1.00
2014.05.06 17:14:17.775,1.21713,1.21721,1.88,1.50
2014.05.06 17:14:18.416,1.21713,1.21721,1.50,1.50
2014.05.06 17:15:03.194,1.21714,1.21721,1.00,1.50
2014.05.06 17:15:03.971,1.21715,1.21721,1.00,1.50
2014.05.06 17:15:05.434,1.21714,1.21721,1.00,1.50
2014.05.06 17:15:11.127,1.21713,1.21721,1.50,1.50
2014.05.06 17:15:17.683,1.21712,1.21721,1.13,1.00
2014.05.06 17:15:22.192,1.21713,1.21721,1.00,1.00
2014.05.06 17:15:28.478,1.21712,1.21721,1.00,1.00
2014.05.06 17:15:32.760,1.21714,1.21721,1.00,1.00
2014.05.06 17:15:35.881,1.21714,1.21722,1.00,1.50
2014.05.06 17:15:36.084,1.21715,1.21724,1.50,1.50
2014.05.06 17:15:36.944,1.21716,1.21724,1.00,1.50
2014.05.06 17:15:37.475,1.21717,1.21724,1.00,1.50
2014.05.06 17:15:39.833,1.21718,1.21724,1.00,1.00
2014.05.06 17:15:40.916,1.21717,1.21724,1.00,1.00
2014.05.06 17:15:57.712,1.21718,1.21724,1.00,1.00
2014.05.06 17:16:06.452,1.21718,1.21726,1.00,1.00
2014.05.06 17:16:08.002,1.21719,1.21726,1.00,1.00
2014.05.06 17:16:08.508,1.2172,1.21726,1.00,1.00
2014.05.06 17:16:23.130,1.21721,1.21726,1.00,1.00
2014.05.06 17:16:24.776,1.21723,1.2173,1.00,1.13
2014.05.06 17:16:25.029,1.21723,1.2173,1.00,1.00
2014.05.06 17:16:25.743,1.21724,1.2173,1.00,1.00
2014.05.06 17:16:26.180,1.21727,1.21732,2.10,1.13
2014.05.06 17:16:26.332,1.21731,1.21738,1.50,1.13
2014.05.06 17:16:26.383,1.21733,1.2174,1.50,4.13
2014.05.06 17:16:26.545,1.21731,1.21739,1.00,1.38
2014.05.06 17:16:27.051,1.2173,1.21737,1.00,1.00
2014.05.06 17:16:36.125,1.2173,1.21739,1.00,1.38
2014.05.06 17:16:38.173,1.21731,1.21739,1.00,1.38
2014.05.06 17:16:41.774,1.21732,1.21739,1.00,1.38
2014.05.06 17:16:41.876,1.21734,1.21739,1.00,1.38
2014.05.06 17:16:42.180,1.21736,1.21743,1.00,3.00
2014.05.06 17:16:42.690,1.21736,1.21743,1.00,3.00
2014.05.06 17:16:42.946,1.21736,1.21743,1.00,2.63
2014.05.06 17:16:46.728,1.21735,1.21743,1.50,1.00
2014.05.06 17:16:49.212,1.21736,1.21743,1.00,1.13
2014.05.06 17:16:49.364,1.21734,1.21741,1.00,1.00
2014.05.06 17:16:49.717,1.21733,1.21743,2.25,1.13
2014.05.06 17:16:52.969,1.21733,1.21743,1.50,1.38
2014.05.06 17:16:55.231,1.21733,1.21743,1.50,1.13
2014.05.06 17:16:55.755,1.21734,1.21743,1.00,1.00
2014.05.06 17:16:56.243,1.21736,1.21743,1.00,1.00
2014.05.06 17:16:56.825,1.21735,1.21743,1.00,1.13
2014.05.06 17:17:11.751,1.21736,1.21744,1.00,1.38
2014.05.06 17:17:12.259,1.21737,1.21746,1.00,1.13
2014.05.06 17:17:12.764,1.21737,1.21746,1.00,1.38
2014.05.06 17:17:13.280,1.21736,1.21745,1.50,3.75
2014.05.06 17:17:13.851,1.21736,1.21744,1.00,1.00
2014.05.06 17:17:14.364,1.21735,1.21744,1.00,1.00
2014.05.06 17:17:16.497,1.21734,1.21744,3.38,1.00
2014.05.06 17:17:17.003,1.21735,1.21743,1.00,1.88
2014.05.06 17:17:17.508,1.21734,1.21743,1.00,1.88
2014.05.06 17:17:18.059,1.21734,1.21743,1.00,1.88
2014.05.06 17:17:18.590,1.21734,1.21743,1.00,1.88
2014.05.06 17:17:19.491,1.21734,1.21743,1.00,1.88
2014.05.06 17:17:20.062,1.21734,1.21743,1.00,1.88
2014.05.06 17:17:20.770,1.21732,1.21742,1.00,1.13
2014.05.06 17:17:20.882,1.21734,1.21744,1.00,1.50
2014.05.06 17:17:24.950,1.21734,1.21744,1.00,1.38
2014.05.06 17:17:25.455,1.21734,1.21742,1.00,1.13
2014.05.06 17:17:30.241,1.21734,1.21744,1.50,1.38
2014.05.06 17:17:30.783,1.21734,1.21744,1.50,1.13
2014.05.06 17:17:31.329,1.21735,1.21744,1.00,1.13
2014.05.06 17:17:36.941,1.21735,1.21743,1.00,1.00
2014.05.06 17:17:37.449,1.21734,1.21743,1.50,1.00
2014.05.06 17:17:46.903,1.21733,1.21743,1.00,1.50
2014.05.06 17:17:52.302,1.21739,1.21743,1.00,1.00
2014.05.06 17:17:52.354,1.21735,1.21743,1.00,1.00
2014.05.06 17:17:52.658,1.21735,1.21745,1.00,1.88
2014.05.06 17:17:53.012,1.21734,1.21743,1.00,1.00
2014.05.06 17:17:53.522,1.21733,1.21743,1.00,1.00
2014.05.06 17:17:57.956,1.21733,1.21743,1.00,1.88
2014.05.06 17:17:58.108,1.21733,1.21742,1.00,1.00
2014.05.06 17:17:58.615,1.21734,1.21743,1.00,1.13
2014.05.06 17:18:18.485,1.21733,1.21743,1.50,1.50
2014.05.06 17:18:21.827,1.21734,1.21743,1.00,1.00
2014.05.06 17:18:27.959,1.21733,1.21743,1.00,1.13
2014.05.06 17:18:28.514,1.21733,1.21743,1.00,1.38
2014.05.06 17:18:30.953,1.21733,1.21742,1.00,1.00
2014.05.06 17:18:31.488,1.21732,1.21742,1.00,1.50
2014.05.06 17:18:33.017,1.21732,1.21742,1.00,1.00
2014.05.06 17:18:33.523,1.21732,1.21742,1.88,1.00
2014.05.06 17:18:45.615,1.21733,1.21742,1.50,2.00
2014.05.06 17:18:46.122,1.21736,1.21742,1.00,1.00
2014.05.06 17:18:49.339,1.21734,1.21742,1.00,1.00
2014.05.06 17:18:49.858,1.21736,1.21742,1.00,1.00
2014.05.06 17:18:51.450,1.21738,1.21742,1.00,1.00
2014.05.06 17:18:52.209,1.21737,1.21742,1.00,1.00
2014.05.06 17:18:52.733,1.21736,1.21742,1.00,1.00
2014.05.06 17:18:54.499,1.21735,1.21742,1.00,1.00
2014.05.06 17:18:55.007,1.21734,1.21742,1.00,1.00
2014.05.06 17:18:55.719,1.21736,1.21742,1.00,1.00
2014.05.06 17:19:07.884,1.21736,1.21742,1.38,1.00
2014.05.06 17:19:08.395,1.21739,1.21742,1.00,1.00
2014.05.06 17:19:10.353,1.21739,1.21742,1.38,1.00
2014.05.06 17:19:10.858,1.21739,1.21742,1.13,1.00
2014.05.06 17:19:12.712,1.21741,1.21742,1.00,1.00
2014.05.06 17:19:18.067,1.2174,1.21742,1.00,0.50
2014.05.06 17:19:18.574,1.21741,1.21742,1.00,0.50
2014.05.06 17:19:33.458,1.21741,1.2175,1.00,1.00
2014.05.06 17:19:38.739,1.2174,1.2175,1.50,1.50
2014.05.06 17:19:51.698,1.2174,1.21746,1.00,1.00
2014.05.06 17:20:25.298,1.21739,1.21743,1.00,1.00
2014.05.06 17:20:38.777,1.21736,1.21743,1.00,1.00
2014.05.06 17:20:39.595,1.21741,1.21748,1.00,1.88
2014.05.06 17:20:48.456,1.21738,1.21743,1.00,1.00
2014.05.06 17:21:13.646,1.21738,1.21744,1.00,1.00
2014.05.06 17:21:27.056,1.21739,1.21744,1.00,1.00
2014.05.06 17:22:13.683,1.21739,1.21747,1.00,1.00
2014.05.06 17:22:18.526,1.21738,1.21747,1.00,1.00
2014.05.06 17:22:19.432,1.21739,1.21747,1.00,1.00
2014.05.06 17:22:20.097,1.21739,1.21748,1.00,1.88
2014.05.06 17:22:22.675,1.21739,1.21748,1.00,1.88
2014.05.06 17:22:23.189,1.21739,1.21748,1.00,1.88
2014.05.06 17:22:26.977,1.2174,1.21748,1.00,1.88
2014.05.06 17:22:30.100,1.21735,1.21742,1.38,1.00
2014.05.06 17:22:30.202,1.21737,1.21742,1.00,1.00
2014.05.06 17:22:40.288,1.21738,1.21742,1.00,1.00
2014.05.06 17:22:40.340,1.21738,1.21744,1.00,1.00
2014.05.06 17:22:40.796,1.21737,1.21742,1.00,1.00
2014.05.06 17:22:42.540,1.21737,1.21746,1.00,2.63
2014.05.06 17:22:44.732,1.21737,1.21743,1.00,1.50
2014.05.06 17:22:44.833,1.21735,1.21743,1.00,1.50
2014.05.06 17:22:45.036,1.21735,1.2174,1.00,1.00
2014.05.06 17:22:46.257,1.21735,1.21742,1.00,1.00
2014.05.06 17:22:46.470,1.21735,1.21739,1.00,1.00
2014.05.06 17:22:46.571,1.21733,1.21739,1.00,1.00
2014.05.06 17:22:48.735,1.21736,1.21743,1.00,2.25
2014.05.06 17:22:49.236,1.21737,1.21743,1.00,2.25
2014.05.06 17:22:49.474,1.21737,1.21743,1.00,1.00
2014.05.06 17:22:49.525,1.21739,1.21743,1.00,1.00
2014.05.06 17:22:50.030,1.21739,1.21744,1.00,1.00
2014.05.06 17:22:50.333,1.2174,1.21746,1.00,1.00
2014.05.06 17:22:50.536,1.21742,1.21747,1.00,1.88
2014.05.06 17:22:50.639,1.21741,1.21747,1.50,1.50
2014.05.06 17:23:27.058,1.21742,1.21747,1.00,1.00
2014.05.06 17:23:35.217,1.21741,1.21747,1.00,1.13
2014.05.06 17:23:41.734,1.21742,1.21747,1.00,1.00
2014.05.06 17:23:45.299,1.21741,1.21747,1.50,1.00
2014.05.06 17:23:50.411,1.21741,1.21748,1.00,1.88
2014.05.06 17:23:52.757,1.21741,1.21748,1.00,2.63
2014.05.06 17:23:53.262,1.21741,1.21748,1.00,2.63
2014.05.06 17:23:57.884,1.21742,1.21748,1.00,2.25
2014.05.06 17:23:59.225,1.21742,1.21749,1.00,1.00
2014.05.06 17:23:59.759,1.21742,1.2175,1.00,2.63
2014.05.06 17:24:11.188,1.21742,1.2175,1.00,2.63
2014.05.06 17:24:32.281,1.21742,1.2175,1.00,2.63
2014.05.06 17:24:33.828,1.21743,1.2175,1.00,2.25
2014.05.06 17:24:52.263,1.21743,1.2175,1.00,2.63
2014.05.06 17:24:56.216,1.21743,1.2175,1.00,2.63
2014.05.06 17:24:56.732,1.21742,1.2175,1.00,6.38
2014.05.06 17:24:57.549,1.21742,1.2175,1.00,2.63
2014.05.06 17:24:58.105,1.21742,1.2175,1.00,2.63
2014.05.06 17:24:58.611,1.21742,1.2175,1.00,2.63
2014.05.06 17:25:01.174,1.21742,1.21749,1.00,1.00
2014.05.06 17:25:03.371,1.21742,1.21747,1.00,1.00
2014.05.06 17:25:05.226,1.21741,1.21747,1.00,1.13
2014.05.06 17:25:07.931,1.2174,1.21747,1.00,1.13
2014.05.06 17:25:16.491,1.21739,1.21743,1.50,1.00
2014.05.06 17:25:31.169,1.21739,1.21743,1.50,1.00
2014.05.06 17:25:41.450,1.21738,1.21743,1.00,1.00
2014.05.06 17:25:47.747,1.21737,1.21743,1.50,1.00
2014.05.06 17:26:05.989,1.21738,1.21743,1.00,1.00
2014.05.06 17:26:11.741,1.21737,1.21743,2.25,1.00
2014.05.06 17:26:16.468,1.21737,1.21745,1.00,3.38
2014.05.06 17:26:23.856,1.21737,1.21743,1.00,1.00
2014.05.06 17:27:15.105,1.21737,1.21744,1.00,1.50
2014.05.06 17:28:15.066,1.21737,1.21745,1.00,2.25
2014.05.06 17:28:25.177,1.21738,1.21745,1.00,1.50
2014.05.06 17:28:25.945,1.21737,1.21745,1.50,1.50
2014.05.06 17:28:26.249,1.21739,1.21743,1.00,1.50
2014.05.06 17:28:27.341,1.21738,1.21743,1.00,1.50
2014.05.06 17:28:31.038,1.21737,1.21743,1.00,1.50
2014.05.06 17:28:31.724,1.21737,1.21742,1.00,1.00
2014.05.06 17:28:32.233,1.21736,1.21742,1.00,1.00
2014.05.06 17:28:34.681,1.21735,1.21742,1.00,1.00
2014.05.06 17:28:36.466,1.21736,1.21742,1.00,1.00
2014.05.06 17:28:43.987,1.21737,1.21742,1.00,1.13
2014.05.06 17:28:45.039,1.21736,1.21742,1.00,1.13
2014.05.06 17:28:47.242,1.21737,1.21742,1.00,1.13
2014.05.06 17:28:49.830,1.21737,1.21742,1.00,1.38
2014.05.06 17:28:50.133,1.2173,1.2174,1.50,4.88
2014.05.06 17:28:55.489,1.21734,1.2174,1.00,1.38
2014.05.06 17:28:57.456,1.21734,1.2174,1.00,1.13
2014.05.06 17:28:57.961,1.21733,1.2174,1.00,4.50
2014.05.06 17:28:58.467,1.21732,1.2174,1.00,1.13
2014.05.06 17:29:00.562,1.21732,1.2174,1.00,4.88
2014.05.06 17:29:01.069,1.21732,1.21738,1.00,1.00
2014.05.06 17:29:01.323,1.2173,1.21738,1.00,1.00
2014.05.06 17:29:01.930,1.2173,1.2174,2.25,1.88
2014.05.06 17:29:02.082,1.21732,1.2174,1.00,1.88
2014.05.06 17:29:02.593,1.21732,1.21739,1.00,1.13
2014.05.06 17:29:03.285,1.21731,1.21739,1.00,1.13
2014.05.06 17:29:03.792,1.2173,1.21739,1.50,1.13
2014.05.06 17:29:04.320,1.21731,1.21739,1.00,1.13
2014.05.06 17:29:05.647,1.21731,1.21739,1.00,1.38
2014.05.06 17:29:06.233,1.21732,1.21737,1.00,1.00
2014.05.06 17:29:07.129,1.2173,1.21737,1.00,1.00
2014.05.06 17:29:10.750,1.2173,1.21738,1.00,1.13
2014.05.06 17:29:11.213,1.21732,1.21739,1.00,1.88
2014.05.06 17:29:11.719,1.21733,1.21739,1.00,1.88
2014.05.06 17:29:12.260,1.21732,1.21739,1.00,1.88
2014.05.06 17:29:12.311,1.2173,1.21739,1.50,1.88
2014.05.06 17:29:12.817,1.21731,1.21739,1.50,1.00
2014.05.06 17:29:13.855,1.21732,1.21739,1.00,1.00
2014.05.06 17:29:14.058,1.21732,1.21741,1.00,1.88
2014.05.06 17:29:14.563,1.21733,1.21741,1.00,1.88
2014.05.06 17:29:15.847,1.21734,1.21741,1.00,1.00
2014.05.06 17:29:16.366,1.21735,1.21742,1.00,1.13
2014.05.06 17:29:24.034,1.21735,1.21743,1.00,3.00
2014.05.06 17:29:24.540,1.21735,1.21742,1.00,1.00
2014.05.06 17:29:26.491,1.21739,1.21743,1.00,1.00
2014.05.06 17:29:26.947,1.21737,1.21743,1.00,1.00
2014.05.06 17:29:27.424,1.21737,1.21745,1.00,2.63
2014.05.06 17:29:28.537,1.21736,1.21745,2.25,1.13
2014.05.06 17:29:29.043,1.21738,1.21745,1.00,1.00
2014.05.06 17:29:32.144,1.21737,1.21745,2.25,1.00
2014.05.06 17:29:32.757,1.21738,1.21745,1.00,1.00
2014.05.06 17:29:33.301,1.21738,1.21747,1.50,2.63
2014.05.06 17:29:42.185,1.21738,1.21745,1.50,1.00
2014.05.06 17:29:51.568,1.21739,1.21745,1.00,1.00
2014.05.06 17:30:00.502,1.21738,1.21745,1.00,1.00
2014.05.06 17:30:02.699,1.21738,1.21744,1.00,1.00
2014.05.06 17:30:04.140,1.21737,1.21744,1.50,1.00
2014.05.06 17:30:04.656,1.21738,1.21744,1.00,1.00
2014.05.06 17:30:06.289,1.21737,1.21744,1.00,1.13
2014.05.06 17:30:08.320,1.21736,1.21744,1.00,1.13
2014.05.06 17:30:08.680,1.21736,1.21742,1.00,1.00
2014.05.06 17:30:19.175,1.21735,1.21742,1.50,1.13
2014.05.06 17:30:25.341,1.21734,1.21742,1.50,1.88
2014.05.06 17:30:28.759,1.21734,1.21742,1.00,1.88
2014.05.06 17:30:29.442,1.21734,1.21742,1.00,1.88
2014.05.06 17:30:37.178,1.21734,1.21742,1.00,1.88
2014.05.06 17:30:59.538,1.21732,1.21741,1.50,1.13
2014.05.06 17:31:11.307,1.21734,1.21741,1.00,1.13
2014.05.06 17:31:12.029,1.21733,1.21741,1.00,1.00
2014.05.06 17:31:14.058,1.21734,1.21741,1.00,1.00
2014.05.06 17:31:16.580,1.21736,1.21741,1.00,1.00
2014.05.06 17:31:16.883,1.21734,1.21741,1.00,1.13
2014.05.06 17:31:17.415,1.21735,1.21741,1.00,1.00
2014.05.06 17:31:17.970,1.21734,1.21741,1.00,1.00
2014.05.06 17:31:24.059,1.21731,1.21741,1.50,1.13
2014.05.06 17:31:29.790,1.21731,1.2174,1.00,1.38
2014.05.06 17:31:39.771,1.2173,1.2174,1.00,1.88
2014.05.06 17:31:42.748,1.21729,1.2174,1.00,1.88
2014.05.06 17:31:46.280,1.2173,1.2174,1.00,1.88
2014.05.06 17:31:47.417,1.2173,1.2174,1.00,1.50
2014.05.06 17:31:51.289,1.21729,1.2174,1.13,1.50
2014.05.06 17:31:53.211,1.21729,1.2174,1.00,1.88
2014.05.06 17:31:57.549,1.21729,1.2174,1.00,1.88
2014.05.06 17:31:58.327,1.21729,1.2174,1.00,1.88
2014.05.06 17:32:00.917,1.21729,1.2174,1.00,1.88
2014.05.06 17:32:01.422,1.21729,1.21737,1.00,1.00
2014.05.06 17:32:12.401,1.21729,1.21737,1.00,1.75
2014.05.06 17:32:12.554,1.21727,1.21736,1.00,2.25
2014.05.06 17:32:12.605,1.21726,1.21732,1.00,1.00
2014.05.06 17:32:12.706,1.21724,1.21732,1.00,1.00
2014.05.06 17:32:20.865,1.21725,1.21732,1.00,1.13
2014.05.06 17:32:21.320,1.21723,1.21732,1.00,1.13
2014.05.06 17:32:21.846,1.21724,1.21732,1.00,1.13
2014.05.06 17:32:22.389,1.21723,1.21732,1.00,1.13
2014.05.06 17:32:23.166,1.21724,1.21732,1.00,1.13
2014.05.06 17:32:23.842,1.21725,1.21732,1.00,1.13
2014.05.06 17:32:28.425,1.21724,1.21732,1.00,1.13
2014.05.06 17:32:49.236,1.21722,1.21732,1.50,1.13
2014.05.06 17:32:49.539,1.21724,1.21734,1.00,3.00
2014.05.06 17:33:00.502,1.21724,1.21734,1.00,2.25
2014.05.06 17:33:02.410,1.21723,1.21732,1.00,1.00
2014.05.06 17:33:02.931,1.21724,1.21732,1.00,1.13
2014.05.06 17:33:04.106,1.21725,1.21732,1.00,1.00
2014.05.06 17:33:05.206,1.21724,1.21732,1.00,1.00
2014.05.06 17:33:06.229,1.21725,1.21732,1.00,1.00
2014.05.06 17:33:06.779,1.21724,1.21732,1.00,1.00
2014.05.06 17:33:09.180,1.21726,1.21732,1.00,1.00
2014.05.06 17:33:09.281,1.21726,1.21734,1.00,1.50
2014.05.06 17:33:17.578,1.21725,1.21734,1.00,1.00
2014.05.06 17:33:18.842,1.21726,1.21736,1.00,3.00
2014.05.06 17:33:21.731,1.21727,1.21735,1.00,1.00
2014.05.06 17:33:22.236,1.21728,1.21734,1.00,1.00
2014.05.06 17:33:32.685,1.21726,1.21734,1.00,1.00
2014.05.06 17:33:35.544,1.21724,1.21734,1.88,1.00
2014.05.06 17:33:42.659,1.21725,1.21734,1.00,1.00
2014.05.06 17:34:02.095,1.21726,1.21735,1.00,3.38
2014.05.06 17:34:04.815,1.21725,1.21735,1.00,3.75
2014.05.06 17:34:05.425,1.21725,1.21735,1.00,2.63
2014.05.06 17:34:10.866,1.21725,1.21735,1.50,1.38
2014.05.06 17:34:11.068,1.21723,1.21733,1.50,1.00
2014.05.06 17:34:11.967,1.21724,1.21733,1.00,1.13
2014.05.06 17:34:12.686,1.21725,1.21733,1.00,1.13
2014.05.06 17:34:25.312,1.21724,1.21733,1.00,1.00
2014.05.06 17:34:29.575,1.21725,1.21733,1.00,1.00
2014.05.06 17:34:31.713,1.21725,1.21734,1.00,1.88
2014.05.06 17:34:34.405,1.21724,1.21734,1.50,1.13
2014.05.06 17:34:35.587,1.21726,1.21734,1.00,1.00
2014.05.06 17:34:36.347,1.21725,1.21734,1.00,1.00
2014.05.06 17:34:42.278,1.21726,1.21734,1.00,1.00
2014.05.06 17:34:49.429,1.21725,1.21734,1.00,1.00
2014.05.06 17:34:53.755,1.21724,1.21734,1.50,1.13
2014.05.06 17:34:54.295,1.21724,1.21734,1.50,1.38
2014.05.06 17:35:01.375,1.21724,1.21732,1.00,1.00
2014.05.06 17:35:01.427,1.21722,1.21732,1.00,1.00
2014.05.06 17:35:20.333,1.21723,1.21732,1.00,1.13
2014.05.06 17:35:26.407,1.21722,1.21732,1.50,1.00
2014.05.06 17:35:43.548,1.21722,1.21732,1.38,1.00
2014.05.06 17:35:43.649,1.21725,1.21732,1.00,1.00
2014.05.06 17:35:56.613,1.21726,1.21732,1.00,1.00
2014.05.06 17:35:58.161,1.21725,1.21732,1.00,1.00
2014.05.06 17:36:01.358,1.21725,1.21734,1.00,1.13
2014.05.06 17:36:02.654,1.21725,1.21733,1.00,1.00
2014.05.06 17:36:39.751,1.21726,1.21733,1.00,1.00
2014.05.06 17:36:43.506,1.21726,1.21735,1.00,1.13
2014.05.06 17:36:51.191,1.21725,1.21735,1.50,1.13
2014.05.06 17:36:51.293,1.21727,1.21735,1.00,1.00
2014.05.06 17:36:51.799,1.21726,1.21735,1.00,1.00
2014.05.06 17:36:52.835,1.21725,1.21735,1.00,1.00
2014.05.06 17:36:55.572,1.21727,1.21735,1.00,1.00
2014.05.06 17:37:03.633,1.21727,1.21736,1.00,1.13
2014.05.06 17:37:07.023,1.21726,1.21736,1.50,1.88
2014.05.06 17:37:07.397,1.21726,1.21734,1.00,1.38
2014.05.06 17:37:08.007,1.21727,1.21734,1.00,1.13
2014.05.06 17:37:42.741,1.21726,1.21734,1.00,1.00
2014.05.06 17:37:43.250,1.21727,1.21734,1.00,1.00
2014.05.06 17:37:55.731,1.21724,1.21734,1.88,1.00
2014.05.06 17:38:07.166,1.21724,1.21738,1.13,2.63
2014.05.06 17:38:38.288,1.21725,1.21738,1.00,2.63
2014.05.06 17:38:40.579,1.21726,1.21738,1.00,2.63
2014.05.06 17:38:50.160,1.21726,1.21738,1.00,2.63
2014.05.06 17:38:51.672,1.21726,1.21738,1.00,2.63
2014.05.06 17:38:58.780,1.21725,1.21737,1.00,1.38
2014.05.06 17:39:01.801,1.21725,1.21737,1.00,1.38
2014.05.06 17:39:08.409,1.21724,1.21737,1.00,1.38
2014.05.06 17:39:10.054,1.21725,1.21737,1.00,1.38
2014.05.06 17:39:10.261,1.21725,1.21737,1.00,1.88
2014.05.06 17:39:11.632,1.21725,1.21733,1.00,1.00
2014.05.06 17:39:15.235,1.21725,1.21731,1.00,1.00
2014.05.06 17:39:15.740,1.21726,1.21731,1.00,1.00
2014.05.06 17:39:15.892,1.21725,1.21733,1.00,1.00
2014.05.06 17:39:18.261,1.21725,1.21731,1.00,1.00
2014.05.06 17:39:18.421,1.21723,1.21731,1.00,1.00
2014.05.06 17:39:19.204,1.21724,1.21731,1.00,1.00
2014.05.06 17:39:24.219,1.21723,1.21731,1.00,1.00
2014.05.06 17:39:29.641,1.21722,1.21731,2.25,1.00
2014.05.06 17:39:31.165,1.21723,1.21731,1.00,1.00
2014.05.06 17:39:36.209,1.21722,1.21731,2.25,1.00
2014.05.06 17:39:38.625,1.21722,1.21732,3.00,1.50
2014.05.06 17:39:43.062,1.21722,1.21732,3.00,1.38
2014.05.06 17:39:51.448,1.21724,1.21732,1.00,1.38
2014.05.06 17:39:52.663,1.21725,1.21732,1.00,1.38
2014.05.06 17:40:00.690,1.21725,1.21732,1.00,1.13
2014.05.06 17:40:01.865,1.21725,1.2173,1.00,1.00
2014.05.06 17:40:05.432,1.21726,1.21732,1.00,1.00
2014.05.06 17:40:05.941,1.21725,1.21732,1.00,1.00
2014.05.06 17:40:07.985,1.21725,1.21733,1.50,1.00
2014.05.06 17:40:08.036,1.21725,1.21735,1.50,1.00
2014.05.06 17:40:13.446,1.21726,1.21735,1.00,1.00
2014.05.06 17:40:14.566,1.21729,1.21735,1.00,1.00
2014.05.06 17:40:27.286,1.21726,1.21735,1.13,1.00
2014.05.06 17:40:27.489,1.21726,1.21733,1.13,1.38
2014.05.06 17:40:27.792,1.21725,1.21732,1.00,1.38
2014.05.06 17:40:29.226,1.21725,1.21732,1.00,1.38
2014.05.06 17:40:29.733,1.21724,1.21732,1.00,1.38
2014.05.06 17:40:31.192,1.21724,1.21732,1.00,1.38
2014.05.06 17:40:31.503,1.21723,1.21729,1.00,1.38
2014.05.06 17:40:31.604,1.21723,1.21729,1.00,1.00
2014.05.06 17:40:32.240,1.21724,1.21729,1.00,1.00
2014.05.06 17:40:33.671,1.21725,1.21729,1.00,1.00
2014.05.06 17:40:34.983,1.21724,1.21729,1.00,1.00
2014.05.06 17:40:35.878,1.21723,1.21729,1.00,1.00
2014.05.06 17:40:39.831,1.21725,1.21729,1.00,1.00
2014.05.06 17:40:40.343,1.21724,1.21731,1.00,1.38
2014.05.06 17:40:40.964,1.21723,1.21731,1.00,1.38
2014.05.06 17:40:41.793,1.21723,1.21731,1.00,1.13
2014.05.06 17:40:43.005,1.21725,1.21731,1.00,1.13
2014.05.06 17:41:11.960,1.21724,1.21731,1.00,1.13
2014.05.06 17:41:18.114,1.21723,1.21731,1.00,1.13
2014.05.06 17:41:31.059,1.21724,1.21731,1.00,1.13
2014.05.06 17:41:31.840,1.21721,1.21731,1.50,1.13
2014.05.06 17:41:32.622,1.21722,1.21731,1.00,1.13
2014.05.06 17:41:33.136,1.21723,1.21731,1.00,1.13
2014.05.06 17:41:34.949,1.21721,1.21731,1.88,1.00
2014.05.06 17:41:35.526,1.21722,1.21731,1.00,1.00
2014.05.06 17:41:36.046,1.21721,1.21731,1.50,1.13
2014.05.06 17:41:40.093,1.21721,1.21735,1.00,6.00
2014.05.06 17:41:41.669,1.21722,1.21732,1.00,1.13
2014.05.06 17:41:47.873,1.21722,1.21732,1.00,1.38
2014.05.06 17:41:48.075,1.2172,1.2173,3.00,1.00
2014.05.06 17:41:48.176,1.21722,1.2173,1.00,1.00
2014.05.06 17:41:52.896,1.21723,1.2173,1.00,1.00
2014.05.06 17:41:55.207,1.21722,1.2173,1.00,1.00
2014.05.06 17:42:02.294,1.21723,1.2173,1.00,1.00
2014.05.06 17:42:03.017,1.21722,1.2173,1.00,1.00
2014.05.06 17:42:03.936,1.21723,1.2173,1.00,1.00
2014.05.06 17:42:11.853,1.2172,1.2173,3.00,1.00
2014.05.06 17:42:47.993,1.2172,1.21733,1.50,1.38
2014.05.06 17:42:50.846,1.2172,1.21733,1.50,1.38
2014.05.06 17:42:53.989,1.2172,1.21733,1.88,1.50
2014.05.06 17:42:54.141,1.21723,1.21733,1.00,1.38
2014.05.06 17:42:54.649,1.21723,1.21733,1.00,1.00
2014.05.06 17:42:58.677,1.21724,1.21733,1.00,1.00
2014.05.06 17:42:58.728,1.21725,1.21735,1.00,1.13
2014.05.06 17:42:59.082,1.21727,1.21737,1.00,1.50
2014.05.06 17:43:09.036,1.21727,1.21736,1.00,1.00
2014.05.06 17:43:19.635,1.21726,1.21736,1.13,1.50
2014.05.06 17:43:20.215,1.21726,1.21736,1.38,1.50
2014.05.06 17:43:25.228,1.21726,1.21736,1.13,1.50
2014.05.06 17:43:25.877,1.21725,1.21734,1.50,1.13
2014.05.06 17:43:26.197,1.21725,1.2173,1.50,1.00
2014.05.06 17:43:29.118,1.21725,1.21731,2.25,1.00
2014.05.06 17:43:29.690,1.21725,1.21732,2.25,1.00
2014.05.06 17:43:39.469,1.21725,1.21734,1.50,1.00
2014.05.06 17:43:50.236,1.21725,1.21732,1.50,1.00
2014.05.06 17:43:52.508,1.21725,1.21734,1.50,1.00
2014.05.06 17:44:01.270,1.21725,1.21731,1.50,1.00
2014.05.06 17:44:01.791,1.21725,1.2173,1.50,1.00
2014.05.06 17:44:05.827,1.21725,1.21731,1.50,1.00
2014.05.06 17:44:06.336,1.21725,1.21732,1.50,1.00
2014.05.06 17:45:05.910,1.21725,1.21736,1.50,1.88
2014.05.06 17:45:06.422,1.21725,1.21736,1.50,1.88
2014.05.06 17:45:15.827,1.21725,1.21736,1.50,1.88
2014.05.06 17:45:15.928,1.21725,1.21734,1.50,1.00
2014.05.06 17:45:23.827,1.21725,1.21734,1.88,1.00
2014.05.06 17:45:24.341,1.21725,1.21734,1.50,1.00
2014.05.06 17:46:15.891,1.21725,1.21738,1.50,1.38
2014.05.06 17:46:24.134,1.21725,1.21738,1.88,1.38
2014.05.06 17:46:27.664,1.21725,1.21738,1.88,1.13
2014.05.06 17:46:40.584,1.21725,1.21738,1.50,1.38
2014.05.06 17:46:52.292,1.21725,1.21738,1.88,1.50
2014.05.06 17:46:56.977,1.21725,1.21738,1.50,1.50
2014.05.06 17:46:59.035,1.21725,1.21738,1.88,1.13
2014.05.06 17:47:11.467,1.21725,1.21737,2.63,1.00
2014.05.06 17:47:12.008,1.21726,1.21736,1.13,1.00
2014.05.06 17:47:48.814,1.21726,1.21733,1.00,1.00
2014.05.06 17:47:52.707,1.21725,1.21733,1.00,1.00
2014.05.06 17:48:14.936,1.21725,1.21733,1.38,1.00
2014.05.06 17:48:15.691,1.21725,1.21733,1.00,1.00
2014.05.06 17:48:16.850,1.21727,1.21733,1.00,1.50
2014.05.06 17:48:19.063,1.21728,1.21733,1.00,1.00
2014.05.06 17:48:20.135,1.21727,1.21733,1.00,1.50
2014.05.06 17:48:20.678,1.21728,1.21733,1.00,1.00
2014.05.06 17:48:23.350,1.21727,1.21733,1.00,1.50
2014.05.06 17:48:24.333,1.21725,1.21733,1.00,1.00
2014.05.06 17:48:24.687,1.21725,1.2173,1.00,1.00
2014.05.06 17:48:24.789,1.21725,1.21733,1.13,1.00
2014.05.06 17:48:25.302,1.21725,1.21733,1.38,1.00
2014.05.06 17:48:25.914,1.21725,1.21733,1.13,1.00
2014.05.06 17:48:26.537,1.21725,1.21733,1.38,1.00
2014.05.06 17:48:27.088,1.21725,1.21733,1.13,1.00
2014.05.06 17:48:28.757,1.21727,1.21733,1.00,1.50
2014.05.06 17:48:29.212,1.21727,1.21736,1.00,1.00
2014.05.06 17:48:31.304,1.21727,1.21736,1.38,1.00
2014.05.06 17:48:31.830,1.21727,1.21736,1.13,1.00
2014.05.06 17:48:32.343,1.21728,1.21738,1.38,1.50
2014.05.06 17:48:32.646,1.21728,1.21736,1.13,1.00
2014.05.06 17:48:33.928,1.21728,1.21738,1.00,1.50
2014.05.06 17:48:34.837,1.21728,1.21737,1.00,1.00
2014.05.06 17:48:40.430,1.21728,1.21737,1.38,1.00
2014.05.06 17:48:40.942,1.21728,1.21738,1.13,1.00
2014.05.06 17:49:02.681,1.21728,1.21737,1.13,1.00
2014.05.06 17:49:32.375,1.21725,1.21737,2.63,1.00
2014.05.06 17:49:32.477,1.21726,1.21737,1.38,1.00
2014.05.06 17:49:32.983,1.21726,1.21737,1.38,1.00
2014.05.06 17:49:34.996,1.21726,1.21739,1.50,1.00
2014.05.06 17:49:40.201,1.21727,1.21739,1.88,1.00
2014.05.06 17:49:53.047,1.2173,1.21737,1.00,1.00
2014.05.06 17:49:53.400,1.2173,1.21739,1.00,1.00
2014.05.06 17:49:55.238,1.2173,1.2174,1.00,1.00
2014.05.06 17:50:00.763,1.21731,1.21741,1.00,1.00
2014.05.06 17:50:12.427,1.21731,1.2174,1.00,1.13
2014.05.06 17:50:22.469,1.2173,1.21739,1.00,1.00
2014.05.06 17:50:22.981,1.21729,1.21739,1.00,1.00
2014.05.06 17:50:35.372,1.21729,1.21739,1.38,1.00
2014.05.06 17:50:35.423,1.21733,1.2174,1.00,1.00
2014.05.06 17:50:35.625,1.21733,1.21742,1.38,1.00
2014.05.06 17:50:35.777,1.21735,1.21745,1.13,2.25
2014.05.06 17:50:35.828,1.21737,1.21745,1.00,1.50
2014.05.06 17:50:36.081,1.21737,1.21747,1.38,1.50
2014.05.06 17:51:01.242,1.21736,1.21746,1.00,1.00
2014.05.06 17:51:01.495,1.21734,1.21744,1.13,1.00
2014.05.06 17:51:16.577,1.21736,1.21745,1.00,2.25
2014.05.06 17:51:18.624,1.21735,1.21744,1.00,1.00
2014.05.06 17:51:19.129,1.21734,1.21744,1.13,1.00
2014.05.06 17:51:21.657,1.21736,1.21745,1.00,1.00
2014.05.06 17:51:22.221,1.21735,1.21744,1.00,1.00
2014.05.06 17:51:22.792,1.21734,1.21744,1.13,1.00
2014.05.06 17:51:27.312,1.21735,1.21744,1.00,1.00
2014.05.06 17:51:27.367,1.21736,1.21746,1.00,2.63
2014.05.06 17:51:31.166,1.21736,1.21745,1.00,1.00
2014.05.06 17:51:31.703,1.21736,1.21746,1.00,1.00
2014.05.06 17:51:37.486,1.21735,1.21743,1.00,1.00
2014.05.06 17:51:37.538,1.21733,1.21743,1.00,1.00
2014.05.06 17:51:38.194,1.21733,1.21743,1.00,1.38
2014.05.06 17:51:38.245,1.21733,1.21737,1.00,1.00
2014.05.06 17:51:38.498,1.21731,1.21737,1.00,1.00
2014.05.06 17:51:40.805,1.21732,1.21738,1.00,1.00
2014.05.06 17:51:46.731,1.2173,1.2174,1.88,1.00
2014.05.06 17:51:47.346,1.2173,1.2174,3.38,1.00
2014.05.06 17:51:56.633,1.21733,1.2174,1.00,1.00
2014.05.06 17:52:14.370,1.21733,1.21742,1.00,1.00
2014.05.06 17:52:29.651,1.21733,1.21741,1.00,1.00
2014.05.06 17:52:29.754,1.21734,1.21739,1.00,1.00
2014.05.06 17:52:29.856,1.21733,1.21743,1.00,1.13
2014.05.06 17:52:36.511,1.21733,1.2174,1.00,1.00
2014.05.06 17:52:36.664,1.2173,1.2174,1.88,1.00
2014.05.06 17:53:16.686,1.21733,1.21739,1.00,1.00
2014.05.06 17:53:17.484,1.21733,1.21741,1.00,1.00
2014.05.06 17:53:17.686,1.21734,1.21744,1.00,1.00
2014.05.06 17:53:22.425,1.21735,1.21744,1.00,1.00
2014.05.06 17:53:22.526,1.21736,1.21746,1.00,1.13
2014.05.06 17:53:38.813,1.21736,1.21745,1.00,1.50
2014.05.06 17:53:38.864,1.21734,1.21744,1.13,1.00
2014.05.06 17:54:23.167,1.21734,1.21744,1.38,1.00
2014.05.06 17:54:23.319,1.21736,1.21746,1.00,1.00
2014.05.06 17:54:24.950,1.21736,1.21745,1.00,1.00
2014.05.06 17:54:25.558,1.21736,1.21746,1.00,2.63
2014.05.06 17:54:38.837,1.21735,1.21744,1.13,1.00
2014.05.06 17:54:39.356,1.21734,1.21744,1.00,1.13
2014.05.06 17:54:46.384,1.21737,1.21745,1.00,1.38
2014.05.06 17:54:55.676,1.21737,1.21746,1.00,1.88
2014.05.06 17:54:55.879,1.21735,1.21745,1.00,1.13
2014.05.06 17:55:04.150,1.21735,1.21743,1.00,1.00
2014.05.06 17:55:17.818,1.21733,1.21743,2.25,1.00
2014.05.06 17:55:45.701,1.21734,1.21744,1.00,1.00
2014.05.06 17:56:06.733,1.21735,1.21745,1.00,1.88
2014.05.06 17:56:16.176,1.21733,1.21743,1.50,1.00
2014.05.06 17:56:36.701,1.21734,1.21744,1.00,1.88
2014.05.06 17:56:37.241,1.21734,1.21744,1.00,1.13
2014.05.06 17:57:10.284,1.21734,1.21744,1.00,1.88
2014.05.06 17:57:10.334,1.2173,1.2174,4.13,1.00
2014.05.06 17:57:57.677,1.2173,1.2174,4.13,1.00
2014.05.06 17:57:58.032,1.2173,1.2174,3.38,1.00
2014.05.06 17:57:59.247,1.2173,1.2174,4.13,1.00
2014.05.06 17:57:59.572,1.2173,1.21738,2.63,1.00
2014.05.06 17:58:03.138,1.2173,1.21738,1.88,1.00
2014.05.06 17:58:03.747,1.21728,1.21738,1.13,1.00
2014.05.06 17:58:09.057,1.21726,1.21736,1.38,1.00
2014.05.06 17:58:20.641,1.21726,1.21736,1.00,1.00
2014.05.06 17:58:20.946,1.21725,1.21734,2.63,1.00
2014.05.06 17:58:21.581,1.21725,1.21734,2.63,1.00
2014.05.06 17:58:24.025,1.21725,1.21734,2.63,1.00
2014.05.06 17:58:37.741,1.21725,1.21734,2.25,1.00
2014.05.06 17:58:38.046,1.21722,1.21731,2.63,1.00
2014.05.06 17:58:40.741,1.21722,1.21731,2.63,1.00
2014.05.06 17:58:49.240,1.21721,1.21729,1.38,1.00
2014.05.06 17:58:49.594,1.2172,1.21728,2.63,1.00
2014.05.06 17:58:50.995,1.2172,1.21726,2.25,1.00
2014.05.06 17:59:11.699,1.2172,1.21727,3.00,1.00
2014.05.06 17:59:22.279,1.21724,1.21728,1.00,1.00
2014.05.06 17:59:23.627,1.21719,1.21727,1.00,1.00
2014.05.06 17:59:24.134,1.21717,1.21727,1.50,1.13
2014.05.06 17:59:24.185,1.21715,1.21724,3.38,1.00
2014.05.06 17:59:24.691,1.21715,1.21724,3.38,1.00
2014.05.06 17:59:25.096,1.21716,1.21724,1.38,1.00
2014.05.06 17:59:25.147,1.21717,1.21727,1.38,1.00
2014.05.06 17:59:25.526,1.21717,1.21727,1.13,1.00
2014.05.06 17:59:25.679,1.21717,1.21727,1.38,1.00
2014.05.06 17:59:27.055,1.21717,1.21727,1.88,1.00
2014.05.06 17:59:27.561,1.21717,1.21727,1.00,1.00
2014.05.06 17:59:30.026,1.21716,1.21725,1.13,1.00
2014.05.06 17:59:35.303,1.21715,1.21725,2.63,1.00
2014.05.06 17:59:36.374,1.21715,1.21725,2.63,1.00
2014.05.06 17:59:39.463,1.21715,1.21725,2.63,1.00
2014.05.06 17:59:40.073,1.21715,1.21725,3.38,1.00
2014.05.06 17:59:44.885,1.21715,1.21725,3.00,1.00
2014.05.06 17:59:45.188,1.21715,1.21723,2.25,1.00
2014.05.06 17:59:52.033,1.21713,1.21723,1.13,1.00
2014.05.06 17:59:58.628,1.21714,1.21723,1.00,1.00
2014.05.06 17:59:58.679,1.21716,1.21723,1.13,1.00
2014.05.06 17:59:58.730,1.21717,1.21727,1.00,1.50
2014.05.06 17:59:59.254,1.21717,1.21727,1.38,1.00
2014.05.06 17:59:59.356,1.21717,1.21725,1.00,1.13
2014.05.06 17:59:59.407,1.21715,1.21724,2.25,1.00
2014.05.06 17:59:59.610,1.21716,1.21726,1.00,1.00
