2017.06.22 05:00:00.205,1.08613,1.08622,1.00,1.50
2017.06.22 05:00:00.719,1.08613,1.0862,1.00,1.00
2017.06.22 05:00:00.770,1.08613,1.08622,1.00,1.12
2017.06.22 05:00:01.077,1.08613,1.0862,1.00,1.00
2017.06.22 05:00:02.374,1.08611,1.0862,1.12,1.00
2017.06.22 05:00:03.301,1.08609,1.08618,2.25,1.00
2017.06.22 05:00:03.826,1.08609,1.08618,1.50,1.00
2017.06.22 05:00:06.119,1.08609,1.08618,1.50,1.00
2017.06.22 05:00:10.728,1.08609,1.08621,1.12,1.75
2017.06.22 05:00:11.242,1.0861,1.08621,1.00,1.75
2017.06.22 05:00:12.333,1.08611,1.08622,1.00,1.87
2017.06.22 05:00:13.758,1.08612,1.08622,1.00,1.87
2017.06.22 05:00:14.306,1.08613,1.0862,1.00,1.50
2017.06.22 05:00:16.850,1.08613,1.0862,1.00,1.12
2017.06.22 05:00:19.605,1.08612,1.0862,1.00,1.12
2017.06.22 05:00:20.119,1.08611,1.0862,1.00,1.50
2017.06.22 05:01:03.985,1.08609,1.0862,1.12,1.50
2017.06.22 05:01:07.768,1.08608,1.08618,1.50,1.00
2017.06.22 05:01:08.396,1.08607,1.08618,1.50,1.12
2017.06.22 05:01:11.122,1.08608,1.08618,1.50,1.00
2017.06.22 05:01:13.985,1.0861,1.08618,1.00,1.00
2017.06.22 05:01:15.339,1.08611,1.08618,1.00,1.00
2017.06.22 05:01:45.433,1.08612,1.08618,1.00,1.00
2017.06.22 05:01:53.896,1.08611,1.08618,1.00,1.00
2017.06.22 05:02:04.803,1.0861,1.08618,1.00,1.00
2017.06.22 05:02:05.213,1.08609,1.08616,1.00,1.00
2017.06.22 05:02:06.158,1.08608,1.08616,1.00,1.00
2017.06.22 05:02:08.572,1.08608,1.08617,1.00,1.12
2017.06.22 05:02:10.841,1.08608,1.08617,1.00,1.50
2017.06.22 05:02:15.991,1.08607,1.08617,1.00,1.50
2017.06.22 05:02:18.040,1.08608,1.08617,1.00,1.50
2017.06.22 05:02:35.224,1.08606,1.08617,1.12,1.50
2017.06.22 05:02:35.482,1.08608,1.08617,1.00,1.75
2017.06.22 05:02:41.305,1.08607,1.08616,1.00,1.50
2017.06.22 05:02:46.342,1.08608,1.08616,1.00,1.50
2017.06.22 05:03:02.227,1.08608,1.08617,1.20,1.50
2017.06.22 05:03:02.739,1.08609,1.08617,1.00,1.00
2017.06.22 05:03:09.424,1.08609,1.08619,1.00,1.50
2017.06.22 05:03:11.723,1.08611,1.08621,1.00,3.45
2017.06.22 05:03:46.508,1.08612,1.08621,1.00,1.75
2017.06.22 05:03:46.714,1.08613,1.0862,1.00,1.12
2017.06.22 05:03:48.190,1.08613,1.08621,1.00,1.12
2017.06.22 05:03:55.602,1.08611,1.08621,1.12,1.20
2017.06.22 05:03:56.126,1.08611,1.08621,1.00,1.50
2017.06.22 05:03:59.172,1.08608,1.08619,1.12,1.00
2017.06.22 05:04:01.161,1.08608,1.0862,1.20,1.87
2017.06.22 05:04:33.999,1.08608,1.08614,1.12,1.00
2017.06.22 05:04:34.152,1.08604,1.08614,1.00,1.50
2017.06.22 05:04:34.804,1.08602,1.08614,4.12,1.50
2017.06.22 05:04:34.958,1.08602,1.08613,1.50,1.75
2017.06.22 05:04:41.387,1.08601,1.08613,1.12,1.75
2017.06.22 05:04:46.204,1.08601,1.08613,1.00,1.75
2017.06.22 05:04:46.866,1.08602,1.08614,2.25,2.25
2017.06.22 05:04:47.565,1.08602,1.08614,1.00,3.07
2017.06.22 05:04:48.095,1.08603,1.08614,1.00,2.32
2017.06.22 05:04:52.285,1.08603,1.08615,1.00,3.45
2017.06.22 05:04:52.942,1.08601,1.08613,2.62,1.75
2017.06.22 05:05:06.183,1.08601,1.08613,1.50,1.75
2017.06.22 05:05:06.555,1.08603,1.08614,1.00,2.32
2017.06.22 05:05:11.945,1.08604,1.08614,1.00,1.87
2017.06.22 05:05:19.384,1.08603,1.08614,1.00,1.95
2017.06.22 05:05:37.419,1.08605,1.08614,1.00,1.87
2017.06.22 05:05:37.521,1.08605,1.08614,1.00,1.75
2017.06.22 05:05:38.129,1.08605,1.08614,1.00,1.50
2017.06.22 05:05:44.963,1.08604,1.08614,1.00,1.50
2017.06.22 05:05:51.722,1.08605,1.08616,1.00,1.75
2017.06.22 05:05:51.860,1.08606,1.08616,1.00,1.50
2017.06.22 05:05:52.375,1.08607,1.08616,1.00,1.12
2017.06.22 05:05:53.735,1.08608,1.08618,1.50,1.75
2017.06.22 05:05:53.838,1.08611,1.08619,1.00,1.50
2017.06.22 05:05:53.890,1.08611,1.08619,1.00,1.50
2017.06.22 05:05:54.402,1.0861,1.08621,1.50,1.75
2017.06.22 05:05:54.555,1.08611,1.08621,1.12,1.12
2017.06.22 05:05:55.827,1.08613,1.08621,1.00,1.12
2017.06.22 05:05:56.136,1.08611,1.08619,1.00,1.00
2017.06.22 05:05:56.340,1.08609,1.08619,1.12,1.50
2017.06.22 05:05:56.921,1.08609,1.08619,1.00,1.50
2017.06.22 05:06:13.262,1.0861,1.08621,1.00,1.75
2017.06.22 05:06:13.603,1.08611,1.0862,1.00,1.00
2017.06.22 05:06:13.796,1.08609,1.08621,2.62,2.25
2017.06.22 05:06:22.642,1.08608,1.08618,1.37,1.00
2017.06.22 05:06:23.154,1.08607,1.08618,1.47,1.12
2017.06.22 05:06:26.110,1.08607,1.08618,1.12,1.37
2017.06.22 05:06:28.606,1.08606,1.08618,3.45,1.12
2017.06.22 05:06:29.160,1.08607,1.08618,3.82,1.12
2017.06.22 05:06:31.806,1.08607,1.08619,5.70,1.50
2017.06.22 05:06:41.395,1.08608,1.08618,1.37,1.00
2017.06.22 05:06:46.132,1.08609,1.08619,1.12,1.00
2017.06.22 05:06:46.702,1.08608,1.0862,2.62,1.37
2017.06.22 05:06:46.753,1.08608,1.0862,2.70,1.12
2017.06.22 05:06:50.579,1.08613,1.08621,1.00,1.50
2017.06.22 05:06:51.632,1.08612,1.08621,1.00,1.50
2017.06.22 05:06:56.161,1.08613,1.08621,1.00,1.75
2017.06.22 05:06:56.314,1.08614,1.08621,1.00,1.12
2017.06.22 05:06:56.826,1.08613,1.08621,1.00,1.12
2017.06.22 05:07:05.444,1.08613,1.08621,1.00,1.37
2017.06.22 05:07:17.344,1.08612,1.08621,1.00,1.50
2017.06.22 05:07:30.499,1.08612,1.08621,1.00,1.12
2017.06.22 05:07:36.509,1.08612,1.08623,1.00,2.62
2017.06.22 05:07:37.020,1.08613,1.08621,1.00,1.00
2017.06.22 05:07:37.122,1.08611,1.08621,1.00,1.50
2017.06.22 05:07:37.628,1.08611,1.08621,1.00,1.75
2017.06.22 05:07:53.848,1.08612,1.08621,1.00,1.75
2017.06.22 05:07:58.171,1.08611,1.08619,1.00,1.12
2017.06.22 05:07:58.375,1.0861,1.08619,1.00,1.75
2017.06.22 05:08:02.916,1.08609,1.08619,1.00,1.75
2017.06.22 05:08:47.942,1.08609,1.08619,1.00,1.75
2017.06.22 05:09:25.019,1.08609,1.08617,1.00,1.00
2017.06.22 05:09:44.439,1.08609,1.08619,1.00,2.62
2017.06.22 05:09:44.970,1.08609,1.08619,1.00,1.87
2017.06.22 05:09:49.221,1.08609,1.08619,1.00,1.87
2017.06.22 05:09:49.530,1.08611,1.08619,1.00,1.50
2017.06.22 05:09:59.107,1.0861,1.08619,1.00,1.50
2017.06.22 05:10:01.179,1.08608,1.08619,1.12,1.50
2017.06.22 05:10:06.085,1.08608,1.08619,1.37,1.50
2017.06.22 05:10:21.695,1.08609,1.08619,1.37,1.00
2017.06.22 05:10:27.018,1.0861,1.08621,1.12,2.25
2017.06.22 05:10:27.120,1.0861,1.08621,1.00,2.25
2017.06.22 05:10:27.655,1.08609,1.08621,1.12,2.25
2017.06.22 05:10:54.982,1.08611,1.08621,1.00,1.75
2017.06.22 05:11:00.396,1.08611,1.08622,1.00,1.87
2017.06.22 05:11:00.933,1.08611,1.08622,1.00,1.87
2017.06.22 05:11:01.443,1.08611,1.08622,1.00,1.87
2017.06.22 05:11:03.141,1.0861,1.08622,1.12,1.87
2017.06.22 05:11:12.616,1.08607,1.0862,1.50,2.25
2017.06.22 05:11:12.770,1.0861,1.08621,1.00,1.12
2017.06.22 05:11:13.280,1.08609,1.08621,1.12,1.75
2017.06.22 05:11:13.790,1.0861,1.08621,1.00,1.75
2017.06.22 05:11:17.266,1.08609,1.08621,1.12,1.75
2017.06.22 05:11:17.631,1.08611,1.08622,1.00,1.95
2017.06.22 05:11:26.713,1.08609,1.08621,1.12,1.75
2017.06.22 05:12:16.166,1.08608,1.08618,1.37,1.00
2017.06.22 05:12:16.269,1.08606,1.08618,1.87,1.50
2017.06.22 05:12:18.470,1.08607,1.08619,1.50,1.87
2017.06.22 05:12:39.434,1.08607,1.08619,1.00,1.87
2017.06.22 05:12:57.540,1.08606,1.08618,1.12,1.75
2017.06.22 05:13:14.570,1.08606,1.08618,2.62,1.50
2017.06.22 05:13:15.303,1.08606,1.08618,1.50,1.75
2017.06.22 05:13:18.407,1.08607,1.08618,1.00,1.75
2017.06.22 05:13:32.556,1.08606,1.08618,1.50,1.75
2017.06.22 05:13:36.166,1.08605,1.08617,1.87,1.50
2017.06.22 05:13:47.295,1.08605,1.08617,1.57,1.50
2017.06.22 05:14:26.166,1.08605,1.08617,1.12,1.75
2017.06.22 05:14:29.437,1.08604,1.08615,1.20,1.00
2017.06.22 05:14:33.196,1.08605,1.08617,1.57,1.50
2017.06.22 05:14:33.503,1.08606,1.08617,1.20,1.00
2017.06.22 05:14:34.118,1.08606,1.08618,1.95,1.12
2017.06.22 05:15:20.967,1.08607,1.08619,3.07,1.50
2017.06.22 05:15:43.916,1.0861,1.08622,1.00,1.87
2017.06.22 05:15:54.751,1.08609,1.08622,1.12,1.87
2017.06.22 05:16:53.035,1.08609,1.08621,1.00,1.75
2017.06.22 05:16:55.198,1.08609,1.08621,1.12,1.75
2017.06.22 05:17:25.064,1.08608,1.08619,1.00,1.37
2017.06.22 05:17:53.645,1.08607,1.08617,1.37,1.00
2017.06.22 05:17:57.191,1.08608,1.0862,1.12,1.75
2017.06.22 05:18:33.092,1.08607,1.08619,1.50,1.75
2017.06.22 05:18:35.192,1.08606,1.08618,2.62,1.12
2017.06.22 05:18:39.278,1.08606,1.08617,1.37,1.37
2017.06.22 05:18:39.952,1.08606,1.08617,1.00,1.50
2017.06.22 05:18:46.183,1.08605,1.08617,1.00,1.50
2017.06.22 05:18:46.917,1.08604,1.08617,3.67,1.50
2017.06.22 05:18:53.338,1.08605,1.08616,1.37,1.50
2017.06.22 05:18:53.850,1.08605,1.08616,1.00,1.75
2017.06.22 05:18:54.362,1.08604,1.08616,1.12,1.75
2017.06.22 05:19:19.812,1.08603,1.08616,1.87,1.50
2017.06.22 05:19:31.413,1.08603,1.08615,1.12,1.00
2017.06.22 05:19:31.567,1.08602,1.08614,1.87,1.50
2017.06.22 05:19:40.348,1.08602,1.08614,1.12,1.75
2017.06.22 05:19:41.683,1.086,1.08612,1.87,1.50
2017.06.22 05:19:42.230,1.086,1.08612,1.00,2.62
2017.06.22 05:20:00.060,1.08601,1.08612,1.00,1.87
2017.06.22 05:20:06.396,1.08601,1.0861,1.00,1.00
2017.06.22 05:20:06.932,1.08601,1.08612,1.00,2.62
2017.06.22 05:20:19.060,1.08601,1.08612,1.00,3.00
2017.06.22 05:20:26.168,1.08601,1.08609,1.00,1.00
2017.06.22 05:20:26.861,1.08601,1.0861,1.00,1.00
2017.06.22 05:20:27.173,1.08603,1.08612,1.00,1.37
2017.06.22 05:20:27.707,1.08604,1.08614,1.00,2.62
2017.06.22 05:20:36.003,1.08603,1.08614,1.00,2.62
2017.06.22 05:20:36.542,1.08603,1.08614,1.12,2.62
2017.06.22 05:20:42.092,1.08602,1.08614,1.50,3.37
2017.06.22 05:20:47.713,1.08602,1.08614,1.87,1.75
2017.06.22 05:20:47.976,1.08604,1.08614,1.00,1.50
2017.06.22 05:20:51.711,1.08605,1.08615,1.87,1.00
2017.06.22 05:20:52.233,1.08605,1.08616,1.95,1.12
2017.06.22 05:21:18.257,1.08605,1.08616,1.00,1.87
2017.06.22 05:21:23.357,1.08604,1.08616,1.12,2.25
2017.06.22 05:22:25.501,1.08603,1.08613,1.37,1.00
2017.06.22 05:22:37.668,1.08603,1.08614,1.37,1.12
2017.06.22 05:22:42.790,1.08604,1.08615,1.50,1.12
2017.06.22 05:22:55.999,1.08604,1.08615,2.32,1.00
2017.06.22 05:22:59.778,1.08606,1.08617,1.50,1.50
2017.06.22 05:23:00.033,1.08607,1.08619,2.25,1.50
2017.06.22 05:23:03.217,1.08608,1.0862,2.70,1.50
2017.06.22 05:24:00.639,1.08613,1.0862,1.00,1.50
2017.06.22 05:24:28.265,1.08612,1.08622,1.00,1.87
2017.06.22 05:24:51.100,1.08611,1.08622,1.00,1.87
2017.06.22 05:25:04.264,1.0861,1.0862,1.00,1.50
2017.06.22 05:25:11.969,1.08609,1.0862,1.12,1.50
2017.06.22 05:25:12.312,1.08609,1.08621,1.00,1.12
2017.06.22 05:25:12.815,1.08609,1.08621,1.00,1.12
2017.06.22 05:25:13.445,1.0861,1.08621,1.00,1.12
2017.06.22 05:25:18.123,1.0861,1.08619,1.00,1.00
2017.06.22 05:25:21.711,1.08609,1.08622,1.12,2.62
2017.06.22 05:25:25.511,1.0861,1.08622,1.00,2.62
2017.06.22 05:25:26.683,1.08611,1.08622,1.00,1.87
2017.06.22 05:25:27.234,1.0861,1.08622,1.00,1.75
2017.06.22 05:25:29.628,1.08609,1.08622,1.12,2.62
2017.06.22 05:25:30.728,1.0861,1.08622,1.00,3.37
2017.06.22 05:25:31.290,1.08609,1.08622,1.12,2.62
2017.06.22 05:25:32.352,1.0861,1.08622,1.00,2.62
2017.06.22 05:25:35.727,1.08613,1.08622,1.00,1.87
2017.06.22 05:25:35.831,1.08615,1.08624,1.00,1.75
2017.06.22 05:25:35.883,1.08617,1.08626,1.00,2.62
2017.06.22 05:25:35.935,1.08617,1.08626,1.00,2.25
2017.06.22 05:25:36.037,1.08617,1.08626,1.00,1.87
2017.06.22 05:25:36.547,1.08613,1.08625,2.32,1.00
2017.06.22 05:25:36.691,1.08612,1.08625,1.87,1.50
2017.06.22 05:25:36.742,1.08612,1.08625,1.50,1.87
2017.06.22 05:25:37.355,1.08612,1.08624,1.12,2.62
2017.06.22 05:25:46.075,1.08612,1.08622,1.12,1.00
2017.06.22 05:25:48.166,1.08612,1.08624,1.00,2.62
2017.06.22 05:25:54.017,1.08612,1.08624,1.12,2.62
2017.06.22 05:25:54.725,1.08611,1.08623,1.12,1.75
2017.06.22 05:25:55.228,1.08612,1.08624,1.00,2.62
2017.06.22 05:25:59.528,1.08612,1.08624,1.50,2.62
2017.06.22 05:25:59.893,1.08611,1.08624,1.50,2.62
2017.06.22 05:26:00.565,1.08612,1.08624,1.00,3.37
2017.06.22 05:26:01.511,1.08612,1.08622,1.12,1.00
2017.06.22 05:26:09.632,1.08611,1.08622,1.50,1.37
2017.06.22 05:26:10.174,1.08611,1.08622,1.00,1.75
2017.06.22 05:26:11.545,1.0861,1.08622,1.12,1.75
2017.06.22 05:26:12.335,1.0861,1.08621,1.37,1.00
2017.06.22 05:26:23.490,1.0861,1.08622,1.37,1.95
2017.06.22 05:26:24.013,1.0861,1.08622,1.00,2.32
2017.06.22 05:26:35.344,1.08611,1.08622,1.00,1.87
2017.06.22 05:27:06.002,1.08612,1.08622,1.00,3.00
2017.06.22 05:27:06.543,1.08611,1.08622,1.00,1.95
2017.06.22 05:27:12.727,1.08614,1.08622,1.00,1.87
2017.06.22 05:27:12.968,1.08617,1.08627,1.12,1.12
2017.06.22 05:27:13.070,1.08617,1.08627,1.00,1.75
2017.06.22 05:27:13.583,1.08616,1.08628,1.00,2.32
2017.06.22 05:27:19.376,1.08615,1.08626,1.12,1.50
2017.06.22 05:27:19.696,1.08617,1.08627,1.12,1.00
2017.06.22 05:27:19.952,1.08617,1.08627,1.00,1.12
2017.06.22 05:27:35.000,1.08615,1.08626,1.37,1.12
2017.06.22 05:27:54.432,1.08615,1.08625,1.37,1.00
2017.06.22 05:27:54.943,1.08613,1.08625,1.87,1.12
2017.06.22 05:27:59.498,1.08613,1.08624,1.12,1.00
2017.06.22 05:28:02.092,1.08614,1.08625,1.50,1.12
2017.06.22 05:28:04.242,1.08614,1.08625,4.12,1.00
2017.06.22 05:28:04.791,1.08615,1.08627,1.37,1.50
2017.06.22 05:28:05.302,1.08615,1.08627,1.12,1.12
2017.06.22 05:28:11.735,1.08616,1.08626,1.50,1.00
2017.06.22 05:28:12.861,1.08616,1.08626,1.50,1.00
2017.06.22 05:28:13.384,1.08616,1.08626,1.50,1.00
2017.06.22 05:28:18.794,1.08615,1.08625,1.12,1.00
2017.06.22 05:28:19.338,1.08613,1.08625,2.62,1.00
2017.06.22 05:28:19.695,1.08614,1.08625,1.12,1.50
2017.06.22 05:28:19.901,1.08614,1.08626,3.45,1.87
2017.06.22 05:28:20.445,1.08615,1.08626,1.75,1.50
2017.06.22 05:28:20.992,1.08615,1.08626,1.50,1.87
2017.06.22 05:28:23.581,1.08616,1.08626,1.50,1.50
2017.06.22 05:28:24.090,1.08616,1.08626,1.12,1.87
2017.06.22 05:28:25.414,1.08616,1.08626,1.50,1.00
2017.06.22 05:28:27.368,1.08617,1.08627,1.12,1.12
2017.06.22 05:28:29.929,1.08614,1.08626,3.45,1.00
2017.06.22 05:28:30.441,1.08615,1.08626,1.50,1.12
2017.06.22 05:28:30.950,1.08615,1.08627,3.37,1.12
2017.06.22 05:28:35.555,1.08615,1.08626,1.87,1.00
2017.06.22 05:28:36.924,1.08615,1.08626,1.50,1.12
2017.06.22 05:28:37.435,1.08615,1.08626,1.75,1.00
2017.06.22 05:28:42.859,1.08615,1.08626,1.87,1.12
2017.06.22 05:28:43.462,1.08616,1.08626,1.50,1.00
2017.06.22 05:28:44.026,1.08616,1.08628,4.87,1.12
2017.06.22 05:28:44.542,1.08618,1.08629,1.37,1.12
2017.06.22 05:28:46.167,1.08617,1.08629,2.25,1.50
2017.06.22 05:28:49.012,1.08616,1.08627,2.25,1.00
2017.06.22 05:28:49.268,1.08615,1.08627,2.62,1.50
2017.06.22 05:28:50.366,1.08617,1.08628,1.12,1.50
2017.06.22 05:28:50.570,1.08617,1.08628,1.12,1.00
2017.06.22 05:28:51.113,1.08618,1.08629,2.25,1.12
2017.06.22 05:28:51.630,1.08619,1.08631,3.00,1.50
2017.06.22 05:28:52.343,1.0862,1.08632,2.25,3.00
2017.06.22 05:29:05.578,1.08618,1.0863,2.62,1.00
2017.06.22 05:29:06.089,1.08617,1.08629,2.62,1.00
2017.06.22 05:29:06.615,1.08617,1.08629,2.25,1.12
2017.06.22 05:29:12.621,1.08617,1.08629,2.25,1.50
2017.06.22 05:29:13.230,1.08617,1.08629,2.25,1.12
2017.06.22 05:29:16.079,1.08617,1.08627,1.12,1.00
2017.06.22 05:29:16.257,1.08618,1.08629,1.50,1.12
2017.06.22 05:29:16.770,1.08619,1.08631,1.50,2.25
2017.06.22 05:29:18.519,1.08619,1.08629,1.50,1.00
2017.06.22 05:29:25.845,1.0862,1.08629,1.50,1.00
2017.06.22 05:29:26.359,1.08618,1.08628,1.87,1.00
2017.06.22 05:29:26.870,1.08618,1.08629,1.87,1.00
2017.06.22 05:29:29.883,1.08618,1.08628,1.87,1.00
2017.06.22 05:29:30.752,1.08618,1.08628,1.37,1.00
2017.06.22 05:29:31.294,1.08618,1.08627,1.37,1.00
2017.06.22 05:29:32.898,1.08618,1.08628,1.50,1.00
2017.06.22 05:29:33.406,1.08619,1.08629,1.50,1.00
2017.06.22 05:29:33.918,1.08619,1.08628,1.50,1.00
2017.06.22 05:29:34.431,1.08619,1.08629,1.50,1.00
2017.06.22 05:29:37.496,1.08619,1.08628,1.50,1.00
2017.06.22 05:29:38.008,1.08618,1.08627,1.75,1.00
2017.06.22 05:29:38.875,1.08618,1.08628,1.75,1.00
2017.06.22 05:30:00.080,1.08619,1.08628,1.75,1.12
2017.06.22 05:30:00.182,1.08619,1.08628,1.75,1.00
2017.06.22 05:30:12.836,1.08619,1.08629,1.75,1.00
2017.06.22 05:30:13.438,1.08619,1.0863,2.25,1.57
2017.06.22 05:30:59.766,1.08618,1.0863,2.25,1.57
2017.06.22 05:31:00.313,1.08618,1.0863,1.75,1.50
2017.06.22 05:31:01.593,1.08617,1.08628,1.87,1.00
2017.06.22 05:31:08.423,1.08618,1.0863,1.75,1.50
2017.06.22 05:31:08.973,1.08618,1.0863,1.75,1.12
2017.06.22 05:31:12.749,1.08617,1.08628,1.87,1.00
2017.06.22 05:31:13.259,1.08617,1.08628,1.87,1.00
2017.06.22 05:31:17.480,1.08618,1.08629,1.75,1.12
2017.06.22 05:31:18.042,1.08618,1.08629,1.75,1.00
2017.06.22 05:31:49.990,1.08618,1.08628,1.12,1.00
2017.06.22 05:31:50.526,1.08618,1.08628,1.12,1.00
2017.06.22 05:32:03.167,1.08617,1.08629,1.87,1.12
2017.06.22 05:32:16.277,1.08617,1.08628,1.12,1.00
2017.06.22 05:32:22.488,1.08617,1.08629,1.87,1.12
2017.06.22 05:32:26.087,1.08617,1.08629,2.70,1.00
2017.06.22 05:32:27.166,1.08618,1.0863,1.75,1.12
2017.06.22 05:32:35.079,1.08618,1.08629,1.75,1.00
2017.06.22 05:32:53.936,1.08619,1.08629,1.87,1.00
2017.06.22 05:32:54.478,1.08619,1.0863,2.62,1.50
2017.06.22 05:32:56.220,1.0862,1.08631,2.25,2.62
2017.06.22 05:32:56.528,1.08623,1.08633,1.75,1.00
2017.06.22 05:32:57.174,1.08623,1.08633,1.50,1.12
2017.06.22 05:32:58.432,1.08623,1.08632,1.50,1.00
2017.06.22 05:32:58.948,1.0862,1.08631,2.70,1.00
2017.06.22 05:32:59.547,1.08622,1.08632,1.50,1.12
2017.06.22 05:32:59.876,1.08622,1.08633,1.75,1.50
2017.06.22 05:33:00.385,1.08622,1.08632,1.75,1.00
2017.06.22 05:33:02.564,1.08621,1.08631,1.75,1.00
2017.06.22 05:33:03.089,1.08621,1.0863,1.50,1.00
2017.06.22 05:33:03.141,1.08621,1.0863,1.50,1.00
2017.06.22 05:33:04.790,1.0862,1.08632,3.82,1.50
2017.06.22 05:33:04.944,1.08621,1.08632,3.00,1.00
2017.06.22 05:33:05.454,1.08622,1.08632,2.25,1.00
2017.06.22 05:33:06.445,1.08622,1.08631,1.75,1.00
2017.06.22 05:33:06.968,1.08622,1.08631,2.25,1.00
2017.06.22 05:33:07.871,1.08622,1.08633,2.25,1.50
2017.06.22 05:33:08.025,1.08624,1.08635,2.25,1.87
2017.06.22 05:33:08.077,1.08627,1.08637,1.50,1.00
2017.06.22 05:33:08.613,1.08627,1.08636,1.50,1.00
2017.06.22 05:33:09.169,1.08625,1.08635,3.00,1.00
2017.06.22 05:33:09.674,1.08626,1.08636,2.25,1.00
2017.06.22 05:33:18.444,1.08627,1.08637,2.25,1.12
2017.06.22 05:33:25.289,1.08627,1.08636,1.50,1.00
2017.06.22 05:33:25.898,1.08626,1.08636,2.25,1.00
2017.06.22 05:33:26.103,1.08626,1.08636,2.25,1.12
2017.06.22 05:33:26.648,1.08626,1.08636,2.25,1.00
2017.06.22 05:33:29.340,1.08626,1.08635,1.75,1.00
2017.06.22 05:33:29.865,1.08627,1.08636,1.50,1.00
2017.06.22 05:33:31.713,1.08627,1.08636,1.75,1.00
2017.06.22 05:33:32.230,1.08627,1.08636,1.50,1.00
2017.06.22 05:33:37.342,1.08627,1.08637,2.25,1.12
2017.06.22 05:33:38.524,1.08627,1.08636,2.25,1.00
2017.06.22 05:33:38.779,1.08625,1.08634,2.62,1.00
2017.06.22 05:33:39.123,1.08621,1.0863,3.37,1.20
2017.06.22 05:33:39.226,1.0862,1.0863,1.75,1.45
2017.06.22 05:33:39.328,1.0862,1.0863,1.75,1.45
2017.06.22 05:33:39.586,1.08619,1.0863,3.37,1.20
2017.06.22 05:33:40.092,1.08618,1.08629,2.62,1.10
2017.06.22 05:33:40.196,1.08618,1.08628,2.25,1.00
2017.06.22 05:33:40.697,1.08617,1.08627,3.00,1.10
2017.06.22 05:33:41.205,1.08616,1.08626,1.87,1.00
2017.06.22 05:33:42.637,1.08618,1.08627,1.00,1.12
2017.06.22 05:33:48.240,1.08616,1.08627,3.37,1.00
2017.06.22 05:34:03.311,1.08617,1.08626,1.75,1.00
2017.06.22 05:34:03.967,1.08616,1.08626,1.87,1.00
2017.06.22 05:34:10.895,1.08617,1.08628,1.50,1.50
2017.06.22 05:34:11.405,1.08618,1.08628,2.25,1.12
2017.06.22 05:34:12.068,1.08618,1.08628,3.37,1.00
2017.06.22 05:34:13.295,1.08617,1.08627,1.75,1.00
2017.06.22 05:34:13.813,1.08616,1.08626,2.25,1.00
2017.06.22 05:34:15.425,1.08617,1.08627,1.12,1.00
2017.06.22 05:34:15.958,1.08617,1.08628,1.87,1.00
2017.06.22 05:34:23.293,1.08618,1.08629,2.25,1.12
2017.06.22 05:34:23.807,1.0862,1.08631,2.25,1.87
2017.06.22 05:34:24.926,1.08622,1.08631,1.00,1.87
2017.06.22 05:34:25.436,1.08621,1.08631,1.87,1.00
2017.06.22 05:34:26.201,1.0862,1.0863,2.62,1.00
2017.06.22 05:34:34.078,1.0862,1.08631,1.87,1.12
2017.06.22 05:34:38.070,1.0862,1.08631,1.87,1.00
2017.06.22 05:34:38.674,1.0862,1.0863,1.12,1.00
2017.06.22 05:34:40.647,1.08619,1.08629,2.25,1.00
2017.06.22 05:34:41.174,1.08619,1.08629,2.25,1.00
2017.06.22 05:34:43.782,1.08618,1.08629,2.25,1.00
2017.06.22 05:34:45.555,1.08618,1.08629,2.25,1.00
2017.06.22 05:34:46.087,1.0862,1.0863,2.25,1.00
2017.06.22 05:34:46.698,1.0862,1.0863,1.75,1.00
2017.06.22 05:34:47.933,1.08619,1.08629,4.50,1.00
2017.06.22 05:34:48.434,1.08619,1.0863,3.75,1.00
2017.06.22 05:34:51.047,1.08621,1.08632,1.75,1.12
2017.06.22 05:34:53.852,1.08621,1.08632,1.75,1.00
2017.06.22 05:34:54.393,1.08621,1.08632,1.75,1.12
2017.06.22 05:34:56.017,1.08621,1.08631,1.75,1.00
2017.06.22 05:35:00.390,1.08621,1.08631,1.75,1.20
2017.06.22 05:35:00.897,1.08621,1.08631,1.75,1.20
2017.06.22 05:35:06.079,1.08621,1.08631,1.75,1.45
2017.06.22 05:35:06.842,1.08621,1.08631,1.75,1.45
2017.06.22 05:35:07.630,1.08619,1.0863,3.00,1.45
2017.06.22 05:35:08.134,1.08618,1.08629,2.25,1.20
2017.06.22 05:35:10.135,1.08617,1.08628,4.87,1.10
2017.06.22 05:35:10.648,1.08617,1.08628,1.87,1.45
2017.06.22 05:35:11.163,1.08617,1.08628,1.87,1.45
2017.06.22 05:35:13.973,1.0862,1.0863,1.37,1.57
2017.06.22 05:35:14.076,1.0862,1.0863,1.75,1.20
2017.06.22 05:35:14.586,1.08621,1.0863,1.75,1.20
2017.06.22 05:35:31.092,1.08621,1.08632,1.75,1.50
2017.06.22 05:35:44.645,1.08623,1.08633,1.50,2.25
2017.06.22 05:35:45.185,1.08622,1.08632,1.75,1.00
2017.06.22 05:35:48.348,1.08622,1.08632,1.75,1.00
2017.06.22 05:35:48.886,1.08623,1.08633,1.50,1.00
2017.06.22 05:35:49.415,1.08623,1.08633,1.50,1.12
2017.06.22 05:35:51.044,1.08622,1.08632,1.75,1.00
2017.06.22 05:36:13.401,1.08623,1.08634,1.50,1.87
2017.06.22 05:36:13.606,1.08623,1.08632,1.12,1.00
2017.06.22 05:36:17.278,1.08622,1.08632,1.12,1.00
2017.06.22 05:36:20.979,1.08622,1.08631,1.12,1.50
2017.06.22 05:36:21.288,1.08616,1.08625,1.12,1.00
2017.06.22 05:36:21.501,1.08616,1.08625,1.37,1.00
2017.06.22 05:36:22.031,1.08616,1.08625,1.12,1.00
2017.06.22 05:36:31.052,1.08616,1.08626,1.12,1.00
2017.06.22 05:36:31.566,1.08616,1.08626,2.25,1.00
2017.06.22 05:36:39.112,1.08617,1.08627,1.75,1.00
2017.06.22 05:36:39.624,1.08617,1.08628,3.00,1.00
2017.06.22 05:36:40.498,1.08618,1.08629,2.62,1.12
2017.06.22 05:36:45.447,1.08622,1.08632,1.00,2.25
2017.06.22 05:36:45.551,1.08621,1.08632,1.87,1.87
2017.06.22 05:36:49.055,1.08621,1.08631,1.87,1.00
2017.06.22 05:36:49.569,1.08621,1.08632,2.62,1.12
2017.06.22 05:36:51.181,1.08622,1.08632,1.75,1.00
2017.06.22 05:36:51.743,1.08623,1.08634,2.25,1.50
2017.06.22 05:36:52.043,1.08624,1.08634,2.25,1.00
2017.06.22 05:37:05.069,1.08622,1.08632,3.00,1.00
2017.06.22 05:37:05.172,1.08622,1.08632,3.00,1.00
2017.06.22 05:37:06.076,1.08622,1.08632,2.25,1.10
2017.06.22 05:37:09.407,1.08622,1.08631,1.12,1.00
2017.06.22 05:37:11.562,1.08621,1.0863,1.75,1.00
2017.06.22 05:37:11.613,1.08621,1.0863,1.75,1.00
2017.06.22 05:37:16.939,1.0862,1.08631,3.37,1.00
2017.06.22 05:37:17.093,1.08622,1.08633,1.75,1.12
2017.06.22 05:37:17.611,1.08622,1.08633,2.25,1.00
2017.06.22 05:37:22.927,1.08622,1.08632,1.75,1.00
2017.06.22 05:37:23.437,1.08621,1.08631,1.87,1.00
2017.06.22 05:37:23.641,1.0862,1.08631,1.87,1.00
2017.06.22 05:37:26.211,1.0862,1.08631,2.62,1.00
2017.06.22 05:37:31.676,1.08621,1.08631,2.25,1.00
2017.06.22 05:37:41.263,1.08621,1.08632,2.25,1.00
2017.06.22 05:37:41.778,1.08622,1.08633,1.75,1.00
2017.06.22 05:37:43.099,1.08621,1.08632,1.75,1.00
2017.06.22 05:37:43.354,1.08621,1.08632,1.75,1.12
2017.06.22 05:37:46.263,1.08619,1.08629,2.25,1.00
2017.06.22 05:37:46.774,1.08618,1.08628,1.87,1.00
2017.06.22 05:37:47.302,1.08618,1.08628,1.87,1.00
2017.06.22 05:37:47.814,1.08619,1.0863,1.75,1.12
2017.06.22 05:37:47.867,1.08618,1.08628,3.37,1.00
2017.06.22 05:37:50.321,1.08616,1.08627,6.00,1.00
2017.06.22 05:37:52.264,1.08617,1.08627,1.75,1.00
2017.06.22 05:37:54.887,1.08618,1.08628,1.75,1.00
2017.06.22 05:38:01.732,1.08619,1.0863,1.87,1.50
2017.06.22 05:38:02.039,1.08619,1.0863,2.62,1.00
2017.06.22 05:38:03.268,1.08619,1.0863,3.37,1.00
2017.06.22 05:38:03.899,1.0862,1.08631,1.75,1.00
2017.06.22 05:38:06.210,1.0862,1.08631,1.87,1.00
2017.06.22 05:38:15.702,1.08621,1.08631,1.75,1.00
2017.06.22 05:38:26.220,1.08621,1.08631,2.25,1.00
2017.06.22 05:38:33.958,1.08623,1.08627,1.00,1.00
2017.06.22 05:38:34.061,1.08618,1.08627,3.00,1.00
2017.06.22 05:38:34.521,1.08617,1.08627,1.12,1.50
2017.06.22 05:38:35.050,1.08617,1.08627,1.50,1.12
2017.06.22 05:38:36.923,1.08616,1.08626,3.00,1.00
2017.06.22 05:38:40.305,1.08615,1.08625,2.62,1.00
2017.06.22 05:38:40.809,1.08615,1.08625,2.62,1.00
2017.06.22 05:38:46.134,1.08615,1.08625,1.50,1.12
2017.06.22 05:38:46.642,1.08615,1.08625,1.75,1.00
2017.06.22 05:38:48.448,1.08615,1.08625,1.50,1.12
2017.06.22 05:38:48.995,1.08614,1.08624,3.75,1.12
2017.06.22 05:38:49.630,1.08615,1.08625,1.50,1.12
2017.06.22 05:38:56.172,1.08616,1.08627,2.25,1.50
2017.06.22 05:39:02.519,1.08618,1.08627,1.00,1.50
2017.06.22 05:39:06.114,1.08618,1.08627,1.12,2.25
2017.06.22 05:39:12.198,1.08618,1.08628,1.37,1.50
2017.06.22 05:39:13.237,1.08618,1.08628,1.50,1.00
2017.06.22 05:39:20.337,1.08617,1.08627,2.62,1.00
2017.06.22 05:39:20.922,1.08619,1.08627,1.00,1.00
2017.06.22 05:39:22.737,1.08618,1.08628,2.25,1.00
2017.06.22 05:39:23.277,1.08619,1.08629,1.50,1.12
2017.06.22 05:39:26.132,1.08619,1.08629,1.50,1.00
2017.06.22 05:39:41.848,1.0862,1.0863,1.50,1.12
2017.06.22 05:39:42.389,1.08621,1.08631,2.25,1.12
2017.06.22 05:39:43.345,1.08621,1.08632,2.25,1.50
2017.06.22 05:39:46.064,1.08621,1.08632,3.37,1.00
2017.06.22 05:39:48.445,1.08621,1.08631,1.87,1.00
2017.06.22 05:40:00.118,1.0862,1.0863,1.87,1.00
2017.06.22 05:40:00.692,1.0862,1.0863,1.87,1.00
2017.06.22 05:40:04.875,1.08621,1.08631,1.75,1.00
2017.06.22 05:40:18.115,1.0862,1.08631,1.87,1.00
2017.06.22 05:40:22.138,1.0862,1.0863,1.12,1.00
2017.06.22 05:40:22.762,1.08619,1.0863,1.87,1.12
2017.06.22 05:40:23.178,1.0862,1.08631,1.87,1.00
2017.06.22 05:40:43.270,1.0862,1.0863,2.62,1.00
2017.06.22 05:40:43.475,1.08619,1.0863,1.75,1.12
2017.06.22 05:40:43.639,1.08618,1.08628,3.37,1.00
2017.06.22 05:40:53.219,1.08617,1.08628,3.37,1.12
2017.06.22 05:40:53.731,1.08618,1.08628,2.25,1.00
2017.06.22 05:40:56.223,1.08618,1.08629,3.75,1.12
2017.06.22 05:40:56.724,1.08619,1.08629,1.75,1.00
2017.06.22 05:41:06.043,1.08618,1.08628,1.87,1.00
2017.06.22 05:41:06.709,1.08617,1.08628,1.87,1.00
2017.06.22 05:41:50.401,1.08616,1.08627,2.62,1.00
2017.06.22 05:42:01.229,1.08616,1.08627,1.87,1.00
2017.06.22 05:42:07.711,1.08615,1.08626,2.25,1.12
2017.06.22 05:42:07.966,1.08614,1.08625,1.75,1.12
2017.06.22 05:42:08.476,1.08614,1.08624,1.75,1.00
2017.06.22 05:42:09.005,1.08614,1.08625,1.50,1.50
2017.06.22 05:42:09.271,1.08614,1.08625,1.75,1.00
2017.06.22 05:42:22.759,1.08614,1.08624,1.12,1.00
2017.06.22 05:42:25.453,1.08616,1.08624,1.00,1.00
2017.06.22 05:42:31.008,1.08613,1.08623,1.12,1.00
2017.06.22 05:42:31.271,1.08613,1.08623,1.37,1.12
2017.06.22 05:42:31.951,1.08613,1.08623,1.12,1.00
2017.06.22 05:42:35.702,1.08613,1.08623,1.12,1.00
2017.06.22 05:42:37.582,1.08613,1.08624,2.62,1.00
2017.06.22 05:42:37.787,1.08615,1.08626,1.75,1.12
2017.06.22 05:42:38.291,1.08614,1.08625,3.37,1.00
2017.06.22 05:42:42.996,1.08615,1.08626,1.75,1.12
2017.06.22 05:42:43.562,1.08615,1.08626,2.25,1.00
2017.06.22 05:42:44.797,1.08615,1.08626,2.62,1.00
2017.06.22 05:42:46.532,1.08618,1.08626,1.00,1.00
2017.06.22 05:42:47.059,1.08615,1.08625,1.12,1.00
2017.06.22 05:42:47.823,1.08614,1.08624,1.12,1.00
2017.06.22 05:42:48.342,1.08613,1.08624,1.87,1.00
2017.06.22 05:42:48.930,1.08613,1.08623,1.12,1.00
2017.06.22 05:42:51.394,1.08615,1.08623,1.00,1.00
2017.06.22 05:42:57.580,1.08615,1.08625,1.00,1.37
2017.06.22 05:42:58.093,1.08613,1.08625,2.62,1.12
2017.06.22 05:42:58.726,1.08614,1.08625,2.62,1.00
2017.06.22 05:43:07.074,1.08615,1.08626,1.75,1.12
2017.06.22 05:43:07.584,1.08615,1.08626,2.62,1.00
2017.06.22 05:43:08.749,1.08617,1.08627,2.25,1.12
2017.06.22 05:43:10.521,1.08616,1.08627,1.75,1.00
2017.06.22 05:43:12.432,1.08615,1.08626,1.87,1.00
2017.06.22 05:43:12.877,1.08615,1.08625,1.12,1.00
2017.06.22 05:43:15.961,1.08613,1.08625,1.87,1.12
2017.06.22 05:43:16.013,1.08613,1.08623,1.12,1.00
2017.06.22 05:43:16.640,1.08613,1.08623,1.12,1.00
2017.06.22 05:43:17.679,1.08613,1.08623,1.12,1.00
2017.06.22 05:43:18.550,1.08612,1.08622,2.25,1.00
2017.06.22 05:43:18.652,1.08612,1.08622,1.87,1.00
2017.06.22 05:43:20.546,1.08612,1.08622,1.12,1.00
2017.06.22 05:43:20.755,1.08612,1.08624,1.87,1.12
2017.06.22 05:43:52.947,1.08612,1.08623,1.87,1.00
2017.06.22 05:43:54.475,1.08612,1.08622,1.12,1.00
2017.06.22 05:43:54.730,1.08611,1.08622,1.12,1.12
2017.06.22 05:43:57.472,1.08611,1.08621,1.37,1.00
2017.06.22 05:44:00.266,1.0861,1.08621,1.87,1.12
2017.06.22 05:44:02.065,1.08613,1.08621,1.00,1.00
2017.06.22 05:44:02.603,1.08611,1.08621,1.37,1.12
2017.06.22 05:44:11.405,1.0861,1.08622,2.62,1.12
2017.06.22 05:44:11.906,1.0861,1.08621,2.62,1.00
2017.06.22 05:44:12.735,1.08611,1.08622,1.75,1.12
2017.06.22 05:44:15.815,1.08611,1.08622,1.75,1.00
2017.06.22 05:44:46.808,1.08613,1.08624,1.50,1.47
2017.06.22 05:44:50.842,1.08613,1.08624,1.00,3.45
2017.06.22 05:44:51.364,1.08612,1.08623,1.12,2.70
2017.06.22 05:45:23.208,1.08613,1.08624,1.37,1.95
2017.06.22 05:45:23.413,1.08614,1.08624,1.37,1.00
2017.06.22 05:45:23.919,1.08614,1.08625,1.50,1.50
2017.06.22 05:45:24.456,1.08613,1.08624,1.75,1.00
2017.06.22 05:45:36.645,1.08615,1.08624,1.00,1.12
2017.06.22 05:45:38.548,1.08612,1.08624,3.22,1.00
2017.06.22 05:45:39.058,1.08612,1.08624,2.62,1.00
2017.06.22 05:45:51.024,1.08612,1.08623,2.47,1.00
2017.06.22 05:45:51.552,1.08612,1.08624,1.87,1.00
2017.06.22 05:45:51.756,1.08614,1.08623,1.00,1.12
2017.06.22 05:45:52.591,1.08612,1.08623,1.12,1.00
2017.06.22 05:46:10.711,1.08614,1.08623,1.00,1.12
2017.06.22 05:46:12.244,1.08612,1.08622,1.12,1.00
2017.06.22 05:46:15.714,1.08613,1.08619,1.00,1.00
2017.06.22 05:46:16.225,1.08609,1.0862,4.57,1.00
2017.06.22 05:46:18.019,1.08613,1.0862,1.00,1.00
2017.06.22 05:46:18.574,1.08611,1.08622,1.12,1.00
2017.06.22 05:46:25.018,1.08612,1.08623,1.12,1.12
2017.06.22 05:46:26.028,1.08612,1.08623,1.12,1.00
2017.06.22 05:46:29.579,1.08612,1.08623,1.12,1.12
2017.06.22 05:46:30.195,1.08612,1.08623,1.12,1.00
2017.06.22 05:46:31.043,1.08612,1.08622,1.12,1.00
2017.06.22 05:46:31.552,1.08612,1.08622,1.12,1.00
2017.06.22 05:46:36.967,1.08611,1.08623,1.75,1.12
2017.06.22 05:46:37.494,1.08612,1.08622,1.12,1.00
2017.06.22 05:46:40.055,1.08612,1.08623,1.12,1.12
2017.06.22 05:46:40.474,1.08612,1.08621,1.12,1.00
2017.06.22 05:46:40.993,1.0861,1.08622,1.87,1.12
2017.06.22 05:46:41.502,1.08611,1.08622,1.12,1.00
2017.06.22 05:46:42.024,1.08612,1.08624,1.75,1.50
2017.06.22 05:46:42.687,1.08613,1.08623,1.00,1.37
2017.06.22 05:46:43.347,1.0861,1.08621,2.62,1.00
2017.06.22 05:46:43.863,1.0861,1.08622,3.45,1.12
2017.06.22 05:46:44.473,1.0861,1.08622,3.45,1.00
2017.06.22 05:46:45.353,1.08611,1.08623,1.95,1.12
2017.06.22 05:46:45.863,1.08612,1.08624,1.75,1.12
2017.06.22 05:46:58.495,1.08611,1.08623,1.87,1.00
2017.06.22 05:46:58.701,1.08611,1.08623,1.50,1.87
2017.06.22 05:46:58.945,1.08612,1.08623,1.50,1.00
2017.06.22 05:47:03.180,1.08613,1.08625,1.75,1.87
2017.06.22 05:47:07.303,1.08612,1.08624,1.75,1.50
2017.06.22 05:47:07.818,1.08612,1.08624,1.75,1.12
2017.06.22 05:47:08.758,1.08614,1.08625,1.00,1.87
2017.06.22 05:47:09.264,1.08614,1.08624,1.37,1.00
2017.06.22 05:47:09.796,1.08613,1.08625,1.50,2.62
2017.06.22 05:47:10.562,1.08613,1.08624,1.50,1.00
2017.06.22 05:47:11.077,1.08615,1.08626,1.50,1.37
2017.06.22 05:47:11.586,1.08615,1.08627,1.75,1.87
2017.06.22 05:47:15.292,1.08616,1.08626,1.00,1.37
2017.06.22 05:47:18.921,1.08613,1.08624,1.12,1.00
2017.06.22 05:47:19.105,1.08614,1.08623,1.00,1.12
2017.06.22 05:47:23.147,1.0861,1.08621,1.20,1.00
2017.06.22 05:47:23.199,1.08611,1.08623,1.75,1.12
2017.06.22 05:47:23.828,1.08611,1.08623,1.75,1.50
2017.06.22 05:47:32.116,1.08611,1.08623,1.75,1.50
2017.06.22 05:47:33.261,1.0861,1.08622,1.95,1.00
2017.06.22 05:48:35.805,1.0861,1.08621,1.12,1.00
2017.06.22 05:48:40.636,1.0861,1.0862,1.12,1.00
2017.06.22 05:48:40.790,1.08609,1.08619,1.12,1.00
2017.06.22 05:48:41.252,1.08609,1.08621,3.30,1.12
2017.06.22 05:48:43.906,1.08612,1.08623,1.67,1.50
2017.06.22 05:48:43.958,1.08612,1.08622,1.72,1.00
2017.06.22 05:48:44.060,1.08613,1.08624,1.87,1.00
2017.06.22 05:48:44.585,1.08613,1.08623,1.95,1.00
2017.06.22 05:49:00.945,1.08614,1.08624,1.12,1.00
2017.06.22 05:49:01.462,1.08615,1.08625,1.12,1.00
2017.06.22 05:49:04.365,1.08617,1.08626,1.00,1.12
2017.06.22 05:49:04.519,1.08616,1.08626,1.12,1.00
2017.06.22 05:49:05.045,1.08615,1.08625,1.12,1.00
2017.06.22 05:49:05.914,1.08615,1.08625,1.12,1.00
2017.06.22 05:49:06.465,1.08615,1.08625,1.12,1.00
2017.06.22 05:49:08.533,1.08615,1.08624,1.12,1.00
2017.06.22 05:49:09.074,1.08614,1.08626,2.62,1.12
2017.06.22 05:49:09.326,1.08617,1.08627,2.25,1.00
2017.06.22 05:49:09.943,1.08617,1.08627,1.12,1.00
2017.06.22 05:49:53.748,1.08617,1.08628,1.87,1.12
2017.06.22 05:49:54.274,1.08618,1.08628,1.75,1.00
2017.06.22 05:49:54.833,1.08617,1.08627,1.12,1.00
2017.06.22 05:50:02.846,1.08619,1.08627,1.00,1.00
2017.06.22 05:50:03.359,1.08617,1.08627,1.12,1.00
2017.06.22 05:50:14.549,1.08617,1.08628,1.75,1.00
2017.06.22 05:50:17.971,1.08617,1.08628,1.85,1.00
2017.06.22 05:50:21.974,1.0862,1.08628,1.00,1.00
2017.06.22 05:51:36.791,1.08616,1.08627,1.87,1.00
2017.06.22 05:51:37.325,1.08616,1.08627,1.87,1.00
2017.06.22 05:52:23.799,1.08616,1.08627,1.87,1.12
2017.06.22 05:52:24.311,1.08616,1.08626,1.12,1.00
2017.06.22 05:52:24.833,1.08616,1.08627,1.12,1.12
2017.06.22 05:52:26.491,1.08617,1.08625,1.37,1.00
2017.06.22 05:52:46.502,1.08616,1.08626,1.75,1.00
2017.06.22 05:52:47.181,1.08616,1.08626,1.75,1.00
2017.06.22 05:52:49.925,1.08617,1.08627,1.75,1.00
2017.06.22 05:52:50.504,1.08617,1.08627,1.50,1.12
2017.06.22 05:52:56.477,1.08618,1.08627,1.50,1.00
2017.06.22 05:52:59.259,1.08619,1.08625,1.00,1.00
2017.06.22 05:52:59.473,1.08615,1.08624,1.12,1.00
2017.06.22 05:52:59.631,1.08615,1.08624,1.00,1.12
2017.06.22 05:53:00.242,1.08613,1.08623,1.37,1.00
2017.06.22 05:53:00.783,1.08612,1.08623,1.12,1.12
2017.06.22 05:53:07.363,1.08612,1.08623,1.12,1.00
2017.06.22 05:53:13.104,1.08612,1.08622,1.12,1.00
2017.06.22 05:53:13.804,1.08612,1.08622,1.12,1.00
2017.06.22 05:53:16.688,1.08612,1.08621,1.12,1.00
2017.06.22 05:53:17.218,1.08612,1.08621,1.37,1.00
2017.06.22 05:53:23.305,1.08611,1.08621,2.62,1.00
2017.06.22 05:53:23.814,1.08612,1.08622,1.87,1.00
2017.06.22 05:53:27.715,1.08612,1.08623,1.12,1.12
2017.06.22 05:53:28.224,1.08612,1.08622,1.87,1.00
2017.06.22 05:53:28.878,1.08612,1.08623,2.62,1.00
2017.06.22 05:53:28.930,1.08612,1.08621,1.87,1.00
2017.06.22 05:53:29.492,1.08612,1.08622,1.87,1.00
2017.06.22 05:53:29.999,1.08613,1.08623,1.87,1.00
2017.06.22 05:53:30.511,1.08614,1.08624,1.75,1.00
2017.06.22 05:53:31.531,1.08613,1.08623,1.20,1.00
2017.06.22 05:53:31.635,1.08613,1.08623,1.12,1.00
2017.06.22 05:53:32.186,1.08613,1.08622,1.87,1.00
2017.06.22 05:53:32.697,1.08613,1.08623,2.62,1.00
2017.06.22 05:53:34.610,1.08613,1.08622,1.37,1.00
2017.06.22 05:53:45.679,1.08612,1.08621,1.12,1.00
2017.06.22 05:53:48.256,1.08612,1.08622,1.12,1.00
2017.06.22 05:53:51.254,1.08612,1.08621,1.12,1.00
2017.06.22 05:53:51.764,1.08611,1.08618,1.00,1.00
2017.06.22 05:53:52.074,1.08605,1.08616,2.62,1.12
2017.06.22 05:53:52.587,1.08606,1.08616,1.75,1.00
2017.06.22 05:53:58.442,1.08607,1.08617,1.50,1.12
2017.06.22 05:53:59.038,1.08606,1.08617,1.12,2.32
2017.06.22 05:53:59.999,1.08607,1.08618,1.00,1.95
2017.06.22 05:54:00.513,1.08607,1.08618,1.00,2.70
2017.06.22 05:54:01.243,1.08606,1.08618,1.50,1.95
2017.06.22 05:54:01.748,1.08607,1.08616,1.00,1.12
2017.06.22 05:54:02.665,1.08607,1.08616,1.37,1.20
2017.06.22 05:54:05.084,1.08607,1.08616,1.00,1.57
2017.06.22 05:54:05.677,1.08606,1.08616,1.37,1.00
2017.06.22 05:54:06.888,1.08606,1.08615,1.12,1.00
2017.06.22 05:54:07.407,1.08606,1.08616,1.12,1.00
2017.06.22 05:54:07.977,1.08606,1.08616,1.12,1.00
2017.06.22 05:54:12.151,1.08606,1.08617,2.62,1.00
2017.06.22 05:54:12.677,1.08607,1.08617,1.37,1.12
2017.06.22 05:54:13.920,1.08607,1.08617,1.37,1.00
2017.06.22 05:54:14.468,1.08607,1.08617,1.12,1.00
2017.06.22 05:54:18.008,1.08609,1.08617,1.00,1.00
2017.06.22 05:54:19.684,1.08609,1.08619,1.12,1.50
2017.06.22 05:54:19.991,1.08613,1.08621,1.00,2.25
2017.06.22 05:54:20.494,1.08612,1.08619,1.00,1.10
2017.06.22 05:54:23.030,1.08611,1.08619,1.00,1.10
2017.06.22 05:54:23.542,1.08612,1.0862,1.00,1.10
2017.06.22 05:54:24.058,1.08611,1.0862,1.12,1.10
2017.06.22 05:54:25.915,1.08613,1.08621,1.00,1.50
2017.06.22 05:54:26.222,1.08612,1.08622,1.37,1.12
2017.06.22 05:54:26.427,1.08613,1.08623,1.37,1.00
2017.06.22 05:54:30.405,1.08612,1.08622,1.12,1.20
2017.06.22 05:54:30.508,1.08612,1.08622,1.37,1.57
2017.06.22 05:54:31.601,1.08612,1.0862,1.37,1.00
2017.06.22 05:54:32.185,1.08611,1.0862,1.87,1.00
2017.06.22 05:54:33.616,1.08611,1.08621,1.87,1.12
2017.06.22 05:54:34.247,1.08611,1.08621,1.37,1.00
2017.06.22 05:54:41.416,1.08611,1.08622,1.87,1.12
2017.06.22 05:54:41.967,1.08614,1.08623,1.00,1.12
2017.06.22 05:54:48.899,1.08612,1.08622,1.87,1.00
2017.06.22 05:54:52.782,1.08613,1.08622,1.00,1.12
2017.06.22 05:54:53.322,1.08612,1.08622,1.12,1.00
2017.06.22 05:54:58.430,1.08611,1.08622,1.87,1.37
2017.06.22 05:54:58.933,1.08611,1.08622,1.87,1.50
2017.06.22 05:54:59.267,1.08611,1.08622,2.62,1.00
2017.06.22 05:55:00.206,1.08611,1.08622,5.55,1.00
2017.06.22 05:55:00.707,1.08611,1.08622,5.47,1.00
2017.06.22 05:55:01.705,1.08612,1.08623,1.75,1.12
2017.06.22 05:55:21.047,1.08612,1.08622,1.12,1.00
2017.06.22 05:55:21.590,1.08612,1.08621,1.12,1.00
2017.06.22 05:55:25.385,1.08612,1.08622,1.12,1.00
2017.06.22 05:55:30.368,1.08612,1.08621,1.12,1.00
2017.06.22 05:55:31.041,1.08611,1.0862,1.12,1.00
2017.06.22 05:55:31.582,1.0861,1.08619,1.87,1.00
2017.06.22 05:55:31.633,1.0861,1.0862,1.87,1.00
2017.06.22 05:55:32.140,1.08611,1.08621,1.12,1.00
2017.06.22 05:55:32.655,1.08611,1.08622,1.87,1.12
2017.06.22 05:55:38.736,1.08611,1.08621,1.87,1.00
2017.06.22 05:55:39.258,1.08611,1.08621,1.37,1.12
2017.06.22 05:55:42.327,1.08611,1.08621,1.12,1.37
2017.06.22 05:55:42.878,1.08611,1.08621,1.37,1.12
2017.06.22 05:55:43.628,1.0861,1.08621,1.12,1.00
2017.06.22 05:55:44.170,1.08611,1.08622,1.75,1.12
2017.06.22 05:55:44.772,1.08611,1.08622,1.50,1.50
2017.06.22 05:55:45.969,1.08615,1.08625,1.00,1.37
2017.06.22 05:55:46.072,1.08615,1.08626,1.50,1.87
2017.06.22 05:55:46.276,1.08614,1.08625,1.87,1.00
2017.06.22 05:55:47.535,1.08614,1.08625,1.50,1.50
2017.06.22 05:55:48.379,1.08613,1.08624,1.50,1.50
2017.06.22 05:55:49.771,1.08613,1.08624,1.12,1.75
2017.06.22 05:55:52.706,1.0861,1.08621,1.75,1.00
2017.06.22 05:55:52.875,1.0861,1.0862,1.37,1.00
2017.06.22 05:55:53.388,1.0861,1.08622,1.12,2.70
2017.06.22 05:56:00.932,1.0861,1.0862,1.37,1.12
2017.06.22 05:56:01.329,1.08611,1.08622,1.75,1.00
2017.06.22 05:56:01.870,1.08612,1.08623,1.75,1.12
2017.06.22 05:56:03.003,1.08612,1.08623,1.75,1.00
2017.06.22 05:56:03.441,1.08611,1.08622,1.87,1.12
2017.06.22 05:56:04.312,1.08611,1.08622,1.87,1.00
2017.06.22 05:56:09.580,1.08612,1.08623,1.75,1.12
2017.06.22 05:56:12.412,1.08611,1.08622,1.87,1.00
2017.06.22 05:56:18.461,1.08611,1.08621,1.12,1.00
2017.06.22 05:56:19.494,1.08611,1.0862,1.12,1.00
2017.06.22 05:56:19.648,1.0861,1.0862,1.37,1.12
2017.06.22 05:56:22.434,1.08609,1.08619,2.25,1.00
2017.06.22 05:56:22.949,1.08609,1.0862,3.00,1.12
2017.06.22 05:56:26.089,1.08609,1.0862,3.00,1.00
2017.06.22 05:56:27.670,1.0861,1.08621,1.12,1.12
2017.06.22 05:56:28.185,1.0861,1.08621,1.87,1.00
2017.06.22 05:56:28.288,1.0861,1.08621,1.87,1.50
2017.06.22 05:56:45.851,1.08609,1.0862,1.87,1.00
2017.06.22 05:56:46.413,1.08609,1.0862,1.87,1.12
2017.06.22 05:56:46.954,1.08609,1.0862,1.50,1.50
2017.06.22 05:56:49.168,1.08607,1.08618,1.12,1.00
2017.06.22 05:56:49.323,1.08607,1.08619,1.50,3.82
2017.06.22 05:56:49.827,1.08607,1.08619,1.75,1.50
2017.06.22 05:57:06.300,1.08606,1.0862,2.70,1.87
2017.06.22 05:57:17.827,1.08607,1.0862,1.85,1.00
2017.06.22 05:57:32.241,1.08609,1.08621,1.75,1.12
2017.06.22 05:57:35.469,1.08609,1.08621,1.75,1.50
2017.06.22 05:57:41.053,1.08608,1.08619,1.87,1.00
2017.06.22 05:57:41.318,1.08607,1.08618,1.37,1.00
2017.06.22 05:57:41.843,1.08606,1.08619,1.12,2.25
2017.06.22 05:57:42.102,1.08608,1.08619,2.25,1.12
2017.06.22 05:57:44.202,1.08608,1.0862,1.75,1.12
2017.06.22 05:57:52.930,1.08607,1.08619,1.20,1.00
2017.06.22 05:57:53.165,1.08606,1.08618,1.87,1.12
2017.06.22 05:57:56.900,1.08606,1.08619,1.12,3.00
2017.06.22 05:57:57.510,1.08606,1.08619,1.12,2.25
2017.06.22 05:58:03.603,1.08606,1.08618,1.12,1.50
2017.06.22 05:58:04.314,1.08606,1.08619,1.12,2.25
2017.06.22 05:58:15.871,1.08606,1.08619,2.70,1.87
2017.06.22 05:58:18.068,1.08606,1.08619,1.12,2.25
2017.06.22 05:58:19.171,1.08606,1.08619,1.12,2.25
2017.06.22 05:58:19.701,1.08606,1.08619,1.12,2.25
2017.06.22 05:58:20.216,1.08606,1.08618,1.12,1.50
2017.06.22 05:58:24.400,1.08608,1.0862,1.50,1.12
2017.06.22 05:58:25.668,1.08609,1.0862,1.50,1.37
2017.06.22 05:58:32.373,1.08609,1.0862,1.37,1.12
2017.06.22 05:58:32.921,1.08609,1.08619,1.50,1.12
2017.06.22 05:58:38.502,1.08609,1.08619,1.12,1.50
2017.06.22 05:58:39.036,1.08608,1.08619,1.12,1.75
2017.06.22 05:58:40.736,1.08608,1.08619,1.50,1.50
2017.06.22 05:58:42.011,1.08609,1.0862,1.50,1.37
2017.06.22 05:59:00.095,1.08607,1.08615,1.75,1.00
2017.06.22 05:59:00.147,1.08607,1.08618,1.75,1.00
2017.06.22 05:59:00.249,1.08607,1.08617,1.50,1.12
2017.06.22 05:59:00.782,1.08605,1.08616,1.75,1.12
2017.06.22 05:59:07.166,1.08607,1.08618,1.50,1.37
2017.06.22 05:59:38.063,1.08607,1.08619,1.75,1.87
2017.06.22 05:59:40.169,1.08606,1.08619,1.75,2.62
2017.06.22 05:59:40.696,1.08607,1.08619,1.75,1.87
2017.06.22 05:59:47.472,1.08606,1.08619,1.75,2.25
2017.06.22 05:59:50.150,1.08605,1.08619,1.75,3.45
2017.06.22 05:59:52.444,1.08604,1.08618,1.75,1.95
2017.06.22 05:59:56.251,1.08604,1.08619,2.25,2.70
2017.06.22 05:59:56.806,1.08605,1.08619,2.25,1.75
2017.06.22 05:59:59.791,1.08608,1.08621,1.50,1.20
