2017.12.01 08:00:00.295,1.17253,1.17264,1.00,1.31
2017.12.01 08:00:00.469,1.1725,1.17263,1.00,1.39
2017.12.01 08:00:00.523,1.17248,1.17262,1.00,1.00
2017.12.01 08:00:00.836,1.17248,1.17259,1.00,1.00
2017.12.01 08:00:00.945,1.17245,1.1726,3.06,1.20
2017.12.01 08:00:01.284,1.17244,1.17257,1.57,1.25
2017.12.01 08:00:01.646,1.17241,1.17252,1.20,1.69
2017.12.01 08:00:01.699,1.17239,1.17251,1.00,1.12
2017.12.01 08:00:01.751,1.17237,1.17251,1.00,1.87
2017.12.01 08:00:01.909,1.17235,1.1725,1.12,2.44
2017.12.01 08:00:02.427,1.17235,1.1725,1.50,3.38
2017.12.01 08:00:02.944,1.17236,1.1725,1.50,1.12
2017.12.01 08:00:03.119,1.17236,1.17248,1.00,1.69
2017.12.01 08:00:03.171,1.17233,1.17248,1.50,1.69
2017.12.01 08:00:03.687,1.17232,1.17246,1.20,1.01
2017.12.01 08:00:04.204,1.17232,1.17246,1.50,1.25
2017.12.01 08:00:04.361,1.17231,1.17245,1.12,1.00
2017.12.01 08:00:04.930,1.17231,1.17245,1.31,1.00
2017.12.01 08:00:05.481,1.17231,1.17246,1.50,1.31
2017.12.01 08:00:06.045,1.17232,1.17246,1.50,1.00
2017.12.01 08:00:06.580,1.17232,1.17247,1.50,2.44
2017.12.01 08:00:06.943,1.17233,1.17248,1.50,1.69
2017.12.01 08:00:07.443,1.17232,1.17246,1.31,1.00
2017.12.01 08:00:07.956,1.17232,1.17247,1.50,2.25
2017.12.01 08:00:08.475,1.17232,1.17246,1.50,1.25
2017.12.01 08:00:09.206,1.17232,1.17247,1.12,2.06
2017.12.01 08:00:09.715,1.17232,1.17247,1.50,2.25
2017.12.01 08:00:09.818,1.17232,1.17248,1.87,1.88
2017.12.01 08:00:09.923,1.17234,1.17249,1.44,3.75
2017.12.01 08:00:10.455,1.17234,1.17249,1.87,2.25
2017.12.01 08:00:11.097,1.17235,1.17248,1.12,1.25
2017.12.01 08:00:11.408,1.17231,1.17246,2.25,1.44
2017.12.01 08:00:11.844,1.17233,1.17248,1.13,4.31
2017.12.01 08:00:12.257,1.17231,1.17246,2.44,1.44
2017.12.01 08:00:12.689,1.17233,1.17248,1.12,2.81
2017.12.01 08:00:13.298,1.17232,1.17247,2.06,1.69
2017.12.01 08:00:13.845,1.17232,1.17245,1.12,1.13
2017.12.01 08:00:14.508,1.17232,1.17247,3.00,1.31
2017.12.01 08:00:15.691,1.17231,1.17243,2.06,1.00
2017.12.01 08:00:16.206,1.1723,1.17243,1.12,1.00
2017.12.01 08:00:16.355,1.17229,1.17237,1.87,1.00
2017.12.01 08:00:16.462,1.17228,1.17242,1.87,1.00
2017.12.01 08:00:17.389,1.17229,1.17243,1.12,1.50
2017.12.01 08:00:17.910,1.17229,1.17242,2.25,1.00
2017.12.01 08:00:18.430,1.17229,1.17243,2.25,1.13
2017.12.01 08:00:20.373,1.17229,1.17241,2.25,1.00
2017.12.01 08:00:20.425,1.17228,1.17241,1.12,1.00
2017.12.01 08:00:21.575,1.17227,1.17241,1.12,1.00
2017.12.01 08:00:21.837,1.17226,1.17238,2.25,1.00
2017.12.01 08:00:21.890,1.17226,1.1724,2.25,1.00
2017.12.01 08:00:23.388,1.17226,1.17239,2.06,1.00
2017.12.01 08:00:23.664,1.17226,1.17237,1.87,1.00
2017.12.01 08:00:23.717,1.17224,1.17237,1.12,1.00
2017.12.01 08:00:23.926,1.17223,1.17235,1.12,1.00
2017.12.01 08:00:24.465,1.17221,1.17234,2.81,1.00
2017.12.01 08:00:25.159,1.17222,1.17237,1.50,2.25
2017.12.01 08:00:25.674,1.17224,1.17238,1.50,1.44
2017.12.01 08:00:26.175,1.17224,1.17238,1.50,1.13
2017.12.01 08:00:26.698,1.17224,1.17237,1.12,1.25
2017.12.01 08:00:27.073,1.17223,1.17234,1.00,1.00
2017.12.01 08:00:27.580,1.17222,1.17235,1.50,1.25
2017.12.01 08:00:28.102,1.17222,1.17234,1.50,1.00
2017.12.01 08:00:28.759,1.17222,1.17233,1.12,1.00
2017.12.01 08:00:29.290,1.17221,1.17233,1.50,1.00
2017.12.01 08:00:29.343,1.17221,1.17235,1.50,1.31
2017.12.01 08:00:30.007,1.17222,1.17234,1.12,1.25
2017.12.01 08:00:30.766,1.17221,1.17233,2.06,1.00
2017.12.01 08:00:31.317,1.1722,1.17235,2.06,2.81
2017.12.01 08:00:31.837,1.1722,1.17234,1.31,2.63
2017.12.01 08:00:32.373,1.1722,1.17234,1.00,1.88
2017.12.01 08:00:32.425,1.1722,1.17233,1.00,1.50
2017.12.01 08:00:32.754,1.17217,1.17233,1.87,3.38
2017.12.01 08:00:33.031,1.17218,1.17232,1.00,1.64
2017.12.01 08:00:36.101,1.17218,1.17233,2.06,1.00
2017.12.01 08:00:36.205,1.17219,1.17234,2.25,1.13
2017.12.01 08:00:37.385,1.17228,1.17237,1.00,1.64
2017.12.01 08:00:37.438,1.1723,1.1724,1.37,1.57
2017.12.01 08:00:37.491,1.1723,1.17241,1.87,1.20
2017.12.01 08:00:37.543,1.17228,1.17241,1.12,1.58
2017.12.01 08:00:37.802,1.17227,1.17241,1.12,1.58
2017.12.01 08:00:38.650,1.17226,1.17239,1.87,1.70
2017.12.01 08:00:39.171,1.17224,1.17238,2.81,1.44
2017.12.01 08:00:39.485,1.17223,1.17235,1.00,1.88
2017.12.01 08:00:39.951,1.17222,1.17235,1.50,2.51
2017.12.01 08:00:41.177,1.17222,1.17235,1.12,1.88
2017.12.01 08:00:41.283,1.17222,1.17235,1.50,2.33
2017.12.01 08:00:41.553,1.17226,1.17238,1.12,1.25
2017.12.01 08:00:42.019,1.17227,1.17241,1.00,1.31
2017.12.01 08:00:42.666,1.17229,1.17242,1.00,1.50
2017.12.01 08:00:42.770,1.1723,1.17244,1.12,2.06
2017.12.01 08:00:42.822,1.1723,1.17244,1.12,1.50
2017.12.01 08:00:43.366,1.17228,1.17241,1.37,1.88
2017.12.01 08:00:43.882,1.17227,1.17241,3.00,1.88
2017.12.01 08:00:44.372,1.17227,1.17238,2.51,1.00
2017.12.01 08:00:44.479,1.17225,1.17237,1.01,1.00
2017.12.01 08:00:44.789,1.17225,1.17238,2.25,1.00
2017.12.01 08:00:46.564,1.17229,1.17242,1.00,1.12
2017.12.01 08:00:46.874,1.1723,1.17244,2.44,1.25
2017.12.01 08:00:47.082,1.17235,1.17249,1.31,1.69
2017.12.01 08:00:47.135,1.17235,1.17249,3.00,1.00
2017.12.01 08:00:47.562,1.17238,1.17252,1.42,1.25
2017.12.01 08:00:47.981,1.17239,1.17254,1.57,2.14
2017.12.01 08:00:48.528,1.17239,1.17254,1.57,2.14
2017.12.01 08:00:48.840,1.17237,1.17249,1.00,1.13
2017.12.01 08:00:49.342,1.17236,1.17251,3.08,1.39
2017.12.01 08:00:50.134,1.17237,1.17252,1.76,2.70
2017.12.01 08:00:50.710,1.17236,1.17251,2.70,1.39
2017.12.01 08:00:51.448,1.17236,1.1725,2.51,1.38
2017.12.01 08:00:51.972,1.17236,1.17251,1.00,2.81
2017.12.01 08:00:53.369,1.17237,1.1725,1.00,1.38
2017.12.01 08:00:53.883,1.17236,1.1725,1.12,1.38
2017.12.01 08:00:54.955,1.17236,1.17251,1.50,1.88
2017.12.01 08:00:55.008,1.17237,1.17252,2.14,3.45
2017.12.01 08:00:55.061,1.17238,1.17253,1.81,1.50
2017.12.01 08:00:55.586,1.1724,1.17256,1.87,3.56
2017.12.01 08:00:58.189,1.1724,1.17254,1.20,1.48
2017.12.01 08:00:58.874,1.1724,1.17254,1.58,1.20
2017.12.01 08:01:00.134,1.1724,1.17254,1.39,1.20
2017.12.01 08:01:01.738,1.1724,1.17254,1.12,1.00
2017.12.01 08:01:02.262,1.1724,1.17254,2.06,1.00
2017.12.01 08:01:02.908,1.17242,1.17255,1.00,1.38
2017.12.01 08:01:04.801,1.17242,1.17255,1.00,1.00
2017.12.01 08:01:05.338,1.17241,1.17255,1.31,1.37
2017.12.01 08:01:06.459,1.17242,1.17257,2.25,1.50
2017.12.01 08:01:06.999,1.17243,1.17257,2.06,1.50
2017.12.01 08:01:07.282,1.17243,1.17258,2.06,1.25
2017.12.01 08:01:07.487,1.17243,1.17258,2.06,1.38
2017.12.01 08:01:08.231,1.17246,1.17259,1.25,1.00
2017.12.01 08:01:08.828,1.17247,1.17259,1.25,1.00
2017.12.01 08:01:09.731,1.17246,1.17259,1.31,1.25
2017.12.01 08:01:09.783,1.17246,1.17259,1.31,1.38
2017.12.01 08:01:09.834,1.17246,1.17259,1.12,1.00
2017.12.01 08:01:10.384,1.17246,1.17259,1.12,1.38
2017.12.01 08:01:11.561,1.17245,1.17257,1.31,1.25
2017.12.01 08:01:12.077,1.17245,1.17258,1.12,1.00
2017.12.01 08:01:14.250,1.17244,1.17259,3.00,1.00
2017.12.01 08:01:14.561,1.17245,1.17258,1.12,1.38
2017.12.01 08:01:16.030,1.17247,1.17259,1.00,1.44
2017.12.01 08:01:16.132,1.17247,1.17261,1.00,2.44
2017.12.01 08:01:16.597,1.17248,1.17264,1.87,6.19
2017.12.01 08:01:16.738,1.17249,1.17264,1.12,4.31
2017.12.01 08:01:16.845,1.17252,1.17265,2.06,1.00
2017.12.01 08:01:17.389,1.17252,1.17266,1.20,1.39
2017.12.01 08:01:17.697,1.17253,1.17267,1.57,1.44
2017.12.01 08:01:18.398,1.17253,1.17267,1.07,2.81
2017.12.01 08:01:18.925,1.17253,1.17267,1.07,1.88
2017.12.01 08:01:19.285,1.17252,1.17263,1.20,1.00
2017.12.01 08:01:19.521,1.17247,1.17259,1.00,2.06
2017.12.01 08:01:19.575,1.17245,1.17259,1.00,2.06
2017.12.01 08:01:19.891,1.17244,1.17257,1.00,2.25
2017.12.01 08:01:20.233,1.17245,1.17255,1.00,1.63
2017.12.01 08:01:20.549,1.17242,1.17254,1.10,1.44
2017.12.01 08:01:21.054,1.17242,1.17255,1.00,1.39
2017.12.01 08:01:23.213,1.17242,1.17255,1.20,1.12
2017.12.01 08:01:23.716,1.17242,1.17255,1.57,1.31
2017.12.01 08:01:24.243,1.17244,1.17257,1.00,3.64
2017.12.01 08:01:24.504,1.17242,1.17257,1.76,3.64
2017.12.01 08:01:25.052,1.17245,1.17256,1.00,1.20
2017.12.01 08:01:25.598,1.17244,1.17257,1.00,1.50
2017.12.01 08:01:26.087,1.17244,1.17257,1.00,1.00
2017.12.01 08:01:26.511,1.17246,1.17258,1.00,1.58
2017.12.01 08:01:27.251,1.17245,1.17259,1.00,2.70
2017.12.01 08:01:27.638,1.17243,1.17258,2.81,1.00
2017.12.01 08:01:27.819,1.17246,1.17257,1.50,1.50
2017.12.01 08:01:28.384,1.17248,1.17258,1.00,2.25
2017.12.01 08:01:29.023,1.17248,1.17258,1.00,1.44
2017.12.01 08:01:29.182,1.17246,1.17257,1.00,1.00
2017.12.01 08:01:29.286,1.17243,1.17254,1.45,2.44
2017.12.01 08:01:29.339,1.17242,1.17252,1.00,1.00
2017.12.01 08:01:29.443,1.17239,1.17252,1.07,1.88
2017.12.01 08:01:29.948,1.17238,1.17252,2.32,1.88
2017.12.01 08:01:30.364,1.17238,1.1725,1.10,1.44
2017.12.01 08:01:30.613,1.17235,1.17247,1.10,1.13
2017.12.01 08:01:31.128,1.17233,1.17246,1.01,1.00
2017.12.01 08:01:32.188,1.17233,1.17246,1.00,2.14
2017.12.01 08:01:32.899,1.17231,1.17244,1.95,1.00
2017.12.01 08:01:33.450,1.17231,1.17246,1.88,3.38
2017.12.01 08:01:35.762,1.17231,1.17245,1.00,1.31
2017.12.01 08:01:36.266,1.17231,1.17246,1.44,3.94
2017.12.01 08:01:37.527,1.17231,1.17245,1.25,1.31
2017.12.01 08:01:38.150,1.17231,1.17246,1.44,2.25
2017.12.01 08:01:41.506,1.1723,1.17245,2.63,1.50
2017.12.01 08:01:42.017,1.1723,1.17245,2.25,1.00
2017.12.01 08:01:42.638,1.17231,1.17246,1.38,2.25
2017.12.01 08:01:43.236,1.17233,1.17247,1.69,1.12
2017.12.01 08:01:43.841,1.17232,1.17247,1.88,1.69
2017.12.01 08:01:44.614,1.17232,1.17247,1.88,1.69
2017.12.01 08:01:45.128,1.17233,1.17249,3.00,2.81
2017.12.01 08:01:45.671,1.17234,1.17247,2.33,1.00
2017.12.01 08:01:45.880,1.17236,1.17251,1.69,2.25
2017.12.01 08:01:47.133,1.17237,1.1725,3.19,1.10
2017.12.01 08:01:47.237,1.17238,1.17252,2.33,1.01
2017.12.01 08:01:50.906,1.17239,1.17253,1.88,1.50
2017.12.01 08:01:51.451,1.17239,1.17253,1.69,2.81
2017.12.01 08:01:52.695,1.17239,1.17253,2.25,3.19
2017.12.01 08:01:52.897,1.17239,1.17253,3.00,1.12
2017.12.01 08:01:52.949,1.17241,1.17255,1.00,3.56
2017.12.01 08:01:53.105,1.17243,1.17256,1.25,1.76
2017.12.01 08:01:53.646,1.17243,1.17256,1.25,1.50
2017.12.01 08:01:57.964,1.17242,1.17255,1.87,1.44
2017.12.01 08:01:58.477,1.17242,1.17255,1.87,1.13
2017.12.01 08:01:59.487,1.17242,1.17255,1.50,1.38
2017.12.01 08:02:00.409,1.17242,1.17255,1.00,1.25
2017.12.01 08:02:00.926,1.17242,1.17255,1.00,1.38
2017.12.01 08:02:01.753,1.17242,1.17253,1.00,1.00
2017.12.01 08:02:01.805,1.1724,1.17253,1.00,1.20
2017.12.01 08:02:02.334,1.1724,1.17253,1.69,1.13
2017.12.01 08:02:02.797,1.17238,1.17252,1.95,1.20
2017.12.01 08:02:02.849,1.17238,1.17252,1.57,1.95
2017.12.01 08:02:03.659,1.17238,1.1725,1.00,1.58
2017.12.01 08:02:03.765,1.17238,1.17251,1.69,1.20
2017.12.01 08:02:04.301,1.17239,1.17252,1.00,1.57
2017.12.01 08:02:04.821,1.17238,1.17251,1.00,1.25
2017.12.01 08:02:05.020,1.17238,1.17252,1.00,3.56
2017.12.01 08:02:05.494,1.17236,1.17249,1.87,1.25
2017.12.01 08:02:06.061,1.17236,1.17249,1.12,1.38
2017.12.01 08:02:06.942,1.17235,1.17248,1.50,1.13
2017.12.01 08:02:07.460,1.17235,1.17248,1.12,1.38
2017.12.01 08:02:07.999,1.17232,1.17245,4.50,1.00
2017.12.01 08:02:09.195,1.17233,1.17245,2.74,1.00
2017.12.01 08:02:09.247,1.17234,1.17247,2.81,1.00
2017.12.01 08:02:09.299,1.17235,1.17247,2.25,1.00
2017.12.01 08:02:09.403,1.17236,1.17249,2.18,1.12
2017.12.01 08:02:09.506,1.17237,1.17249,1.44,1.20
2017.12.01 08:02:09.664,1.1724,1.17252,1.25,1.01
2017.12.01 08:02:11.307,1.17244,1.17254,1.00,2.70
2017.12.01 08:02:11.413,1.17244,1.17257,1.37,1.31
2017.12.01 08:02:11.576,1.17243,1.17256,2.62,1.00
2017.12.01 08:02:12.016,1.17245,1.17257,1.50,1.00
2017.12.01 08:02:13.534,1.17245,1.17257,1.00,1.44
2017.12.01 08:02:13.835,1.17248,1.1726,1.50,1.00
2017.12.01 08:02:13.888,1.17248,1.17262,1.50,2.06
2017.12.01 08:02:13.942,1.17248,1.1726,1.12,1.25
2017.12.01 08:02:14.280,1.17246,1.17258,1.37,1.13
2017.12.01 08:02:14.592,1.17243,1.17256,3.00,2.44
2017.12.01 08:02:15.094,1.17244,1.17256,1.37,2.44
2017.12.01 08:02:16.376,1.17243,1.17256,1.37,2.44
2017.12.01 08:02:16.930,1.17242,1.17255,3.37,1.13
2017.12.01 08:02:17.482,1.17243,1.17255,1.87,1.01
2017.12.01 08:02:18.386,1.17243,1.17255,1.87,1.39
2017.12.01 08:02:18.893,1.17243,1.17255,1.87,1.01
2017.12.01 08:02:19.048,1.1724,1.17253,2.81,1.76
2017.12.01 08:02:19.623,1.1724,1.17251,1.12,1.69
2017.12.01 08:02:19.881,1.17237,1.17251,1.95,1.48
2017.12.01 08:02:20.402,1.17238,1.17251,1.12,1.48
2017.12.01 08:02:21.785,1.17237,1.17248,1.00,1.13
2017.12.01 08:02:22.124,1.17235,1.17248,1.87,2.51
2017.12.01 08:02:22.811,1.17235,1.17248,1.87,2.51
2017.12.01 08:02:23.441,1.17235,1.17247,1.12,1.33
2017.12.01 08:02:26.166,1.17233,1.17246,3.00,1.20
2017.12.01 08:02:26.919,1.17232,1.17241,1.00,1.13
2017.12.01 08:02:27.022,1.17228,1.17243,2.62,2.06
2017.12.01 08:02:29.408,1.17228,1.17242,1.62,2.51
2017.12.01 08:02:29.460,1.17229,1.17242,1.12,1.00
2017.12.01 08:02:29.612,1.1723,1.17245,1.31,1.88
2017.12.01 08:02:30.023,1.17232,1.17246,1.87,1.50
2017.12.01 08:02:30.574,1.17232,1.17246,1.00,1.50
2017.12.01 08:02:31.109,1.17231,1.17246,1.12,2.25
2017.12.01 08:02:31.446,1.17229,1.17244,1.12,1.88
2017.12.01 08:02:31.758,1.17227,1.17241,1.12,2.51
2017.12.01 08:02:32.268,1.17227,1.17241,1.31,2.51
2017.12.01 08:02:33.256,1.17227,1.17241,1.00,2.25
2017.12.01 08:02:33.820,1.17227,1.17241,1.00,3.19
2017.12.01 08:02:34.388,1.17227,1.17242,1.00,4.31
2017.12.01 08:02:34.649,1.17231,1.17246,1.50,2.81
2017.12.01 08:02:34.791,1.17234,1.17246,1.00,1.63
2017.12.01 08:02:34.895,1.17232,1.17246,1.12,1.63
2017.12.01 08:02:35.981,1.17232,1.17247,2.25,1.81
2017.12.01 08:02:36.620,1.17234,1.17246,1.25,1.12
2017.12.01 08:02:37.153,1.17233,1.17246,1.87,1.20
2017.12.01 08:02:37.665,1.17232,1.17244,1.12,1.00
2017.12.01 08:02:39.006,1.17232,1.17245,1.00,1.20
2017.12.01 08:02:39.269,1.17232,1.17242,1.00,1.00
2017.12.01 08:02:39.615,1.1723,1.17242,1.25,1.00
2017.12.01 08:02:41.199,1.17229,1.17242,1.12,1.13
2017.12.01 08:02:41.497,1.17228,1.1724,1.10,1.00
2017.12.01 08:02:43.455,1.17228,1.17242,1.88,2.33
2017.12.01 08:02:43.768,1.1723,1.17244,1.00,2.81
2017.12.01 08:02:45.107,1.1723,1.1724,1.00,1.00
2017.12.01 08:02:45.337,1.17228,1.17242,2.25,1.00
2017.12.01 08:02:45.443,1.17231,1.17244,1.00,1.87
2017.12.01 08:02:45.809,1.17242,1.17253,1.00,1.39
2017.12.01 08:02:45.864,1.17243,1.17255,1.00,2.32
2017.12.01 08:02:46.075,1.17242,1.17257,2.25,2.44
2017.12.01 08:02:46.282,1.17242,1.17257,2.25,2.81
2017.12.01 08:02:46.636,1.17243,1.17257,1.12,2.25
2017.12.01 08:02:46.730,1.17243,1.17256,1.00,1.31
2017.12.01 08:02:46.893,1.17245,1.1726,1.69,1.00
2017.12.01 08:02:47.063,1.17245,1.17256,1.87,1.00
2017.12.01 08:02:47.168,1.17244,1.17257,1.00,1.25
2017.12.01 08:02:47.221,1.17244,1.17256,1.00,1.38
2017.12.01 08:02:47.430,1.17239,1.1725,1.00,1.00
2017.12.01 08:02:47.482,1.17239,1.17253,1.00,3.00
2017.12.01 08:02:47.682,1.1724,1.17254,1.12,1.25
2017.12.01 08:02:47.890,1.17239,1.17253,1.50,2.06
2017.12.01 08:02:48.289,1.17242,1.17253,1.00,1.88
2017.12.01 08:02:48.715,1.17243,1.17254,1.00,1.00
2017.12.01 08:02:48.768,1.17243,1.17256,1.00,1.76
2017.12.01 08:02:48.927,1.17243,1.17256,1.00,5.70
2017.12.01 08:02:49.084,1.17243,1.17256,1.20,1.00
2017.12.01 08:02:49.292,1.17241,1.17255,1.25,1.25
2017.12.01 08:02:49.599,1.1724,1.17255,1.87,2.25
2017.12.01 08:02:49.810,1.17241,1.17255,1.00,1.00
2017.12.01 08:02:49.966,1.17243,1.17257,1.00,1.69
2017.12.01 08:02:50.270,1.17245,1.17259,1.00,2.81
2017.12.01 08:02:50.376,1.17242,1.17256,1.87,2.06
2017.12.01 08:02:50.431,1.17242,1.17254,1.50,1.63
2017.12.01 08:02:50.537,1.1724,1.17252,1.50,1.00
2017.12.01 08:02:50.801,1.17242,1.17255,1.00,1.31
2017.12.01 08:02:51.171,1.1724,1.17251,1.50,1.00
2017.12.01 08:02:51.377,1.17241,1.17254,1.00,1.00
2017.12.01 08:02:51.682,1.17239,1.17253,1.00,1.69
2017.12.01 08:02:51.991,1.17239,1.17251,1.00,1.31
2017.12.01 08:02:52.533,1.1724,1.17251,1.00,1.31
2017.12.01 08:02:53.071,1.17242,1.17253,1.00,1.20
2017.12.01 08:02:53.267,1.17242,1.17254,1.00,1.39
2017.12.01 08:02:53.919,1.17242,1.17254,1.00,1.95
2017.12.01 08:02:54.213,1.17243,1.17256,1.00,2.51
2017.12.01 08:02:54.722,1.17244,1.17255,1.00,1.69
2017.12.01 08:02:54.879,1.17244,1.17255,1.00,2.44
2017.12.01 08:02:55.230,1.17246,1.17255,1.00,1.00
2017.12.01 08:02:55.967,1.17245,1.17258,1.12,1.69
2017.12.01 08:02:56.020,1.17245,1.17259,2.62,1.31
2017.12.01 08:02:56.074,1.17247,1.17261,1.37,2.44
2017.12.01 08:02:56.611,1.17248,1.17261,1.00,1.75
2017.12.01 08:02:57.120,1.17249,1.17262,1.87,1.69
2017.12.01 08:02:57.173,1.1725,1.17264,1.12,1.63
2017.12.01 08:02:57.642,1.17249,1.17262,1.12,2.25
2017.12.01 08:02:58.096,1.17249,1.17263,1.12,1.37
2017.12.01 08:02:58.149,1.1725,1.17264,1.37,1.31
2017.12.01 08:02:58.511,1.1725,1.17265,1.87,2.44
2017.12.01 08:02:59.030,1.17249,1.17263,1.07,3.94
2017.12.01 08:02:59.478,1.17248,1.17262,1.12,2.44
2017.12.01 08:03:00.094,1.17247,1.1726,1.87,1.00
2017.12.01 08:03:00.701,1.17247,1.1726,2.32,1.31
2017.12.01 08:03:01.253,1.17247,1.17258,1.12,1.44
2017.12.01 08:03:01.357,1.17245,1.17258,2.25,1.69
2017.12.01 08:03:01.864,1.17244,1.17258,2.81,1.00
2017.12.01 08:03:03.551,1.17246,1.17259,1.12,1.50
2017.12.01 08:03:04.062,1.17246,1.17258,1.57,1.38
2017.12.01 08:03:04.390,1.17246,1.1726,1.12,1.75
2017.12.01 08:03:04.880,1.17247,1.17261,1.31,2.44
2017.12.01 08:03:07.818,1.17247,1.1726,1.00,2.44
2017.12.01 08:03:08.134,1.17245,1.17258,1.31,1.87
2017.12.01 08:03:08.458,1.17241,1.17253,1.95,1.31
2017.12.01 08:03:08.770,1.17252,1.17262,1.69,1.25
2017.12.01 08:03:09.317,1.17252,1.17263,2.44,1.25
2017.12.01 08:03:09.888,1.17253,1.17263,1.50,1.00
2017.12.01 08:03:16.832,1.17252,1.17263,1.95,1.88
2017.12.01 08:03:17.384,1.17252,1.17263,2.32,1.00
2017.12.01 08:03:17.887,1.17252,1.17263,2.70,1.00
2017.12.01 08:03:18.401,1.17254,1.17264,1.00,1.00
2017.12.01 08:03:19.792,1.17253,1.17263,4.61,1.00
2017.12.01 08:03:20.188,1.17253,1.17265,3.64,1.00
2017.12.01 08:03:20.717,1.17254,1.17265,1.07,1.00
2017.12.01 08:03:21.230,1.17253,1.17264,4.80,1.00
2017.12.01 08:03:23.889,1.17253,1.17263,3.07,1.00
2017.12.01 08:03:24.410,1.17253,1.17263,1.76,1.00
2017.12.01 08:03:24.564,1.17253,1.17266,1.12,1.50
2017.12.01 08:03:28.248,1.17252,1.17266,2.70,1.39
2017.12.01 08:03:30.008,1.17252,1.17266,2.33,2.33
2017.12.01 08:03:31.048,1.17252,1.17266,2.33,2.14
2017.12.01 08:03:32.310,1.17253,1.17265,2.33,1.00
2017.12.01 08:03:35.697,1.17253,1.17267,1.58,4.20
2017.12.01 08:03:36.219,1.17254,1.17267,3.83,1.00
2017.12.01 08:03:36.762,1.17255,1.17269,1.10,3.86
2017.12.01 08:03:39.140,1.17255,1.17268,2.33,1.00
2017.12.01 08:03:39.451,1.17264,1.17276,1.00,1.13
2017.12.01 08:03:39.608,1.17264,1.17277,1.50,1.31
2017.12.01 08:03:40.005,1.17264,1.17277,2.06,1.31
2017.12.01 08:03:40.522,1.17265,1.17277,1.50,1.69
2017.12.01 08:03:41.219,1.17264,1.17277,1.69,1.19
2017.12.01 08:03:41.795,1.17263,1.17276,1.50,1.69
2017.12.01 08:03:42.004,1.17264,1.17278,1.50,3.75
2017.12.01 08:03:42.923,1.17267,1.17281,1.87,2.44
2017.12.01 08:03:43.242,1.17268,1.17281,3.94,1.25
2017.12.01 08:03:44.030,1.17269,1.17282,1.00,1.69
2017.12.01 08:03:44.680,1.17269,1.17282,1.00,1.50
2017.12.01 08:03:45.213,1.17268,1.17282,2.44,1.69
2017.12.01 08:03:46.306,1.17268,1.17281,1.31,1.31
2017.12.01 08:03:48.402,1.1727,1.1728,1.00,2.25
2017.12.01 08:03:48.454,1.1727,1.17284,1.37,4.31
2017.12.01 08:03:48.578,1.1727,1.17282,1.12,1.37
2017.12.01 08:03:48.840,1.17273,1.17286,1.12,1.31
2017.12.01 08:03:49.353,1.17274,1.17287,1.12,1.50
2017.12.01 08:03:49.876,1.17275,1.17288,1.00,2.81
2017.12.01 08:03:50.770,1.17274,1.17288,1.31,2.81
2017.12.01 08:03:51.132,1.17275,1.17289,2.81,1.00
2017.12.01 08:03:51.445,1.17282,1.17295,1.31,1.87
2017.12.01 08:03:51.967,1.1728,1.17294,1.87,1.31
2017.12.01 08:03:52.402,1.1728,1.17294,1.12,3.19
2017.12.01 08:03:52.711,1.17278,1.17293,2.25,3.75
2017.12.01 08:03:53.237,1.17277,1.17291,2.25,1.69
2017.12.01 08:03:55.095,1.17276,1.17289,1.31,1.00
2017.12.01 08:03:55.300,1.17277,1.17287,1.00,1.00
2017.12.01 08:03:55.558,1.17276,1.1729,2.06,2.25
2017.12.01 08:03:57.834,1.17277,1.1729,1.25,1.81
2017.12.01 08:03:58.440,1.17278,1.17292,1.12,3.00
2017.12.01 08:03:58.999,1.17276,1.17288,1.25,1.31
2017.12.01 08:03:59.311,1.17277,1.17291,2.44,1.50
2017.12.01 08:03:59.812,1.17278,1.17292,1.87,1.37
2017.12.01 08:04:00.323,1.17278,1.17293,2.25,3.37
2017.12.01 08:04:00.632,1.1728,1.17293,1.12,1.57
2017.12.01 08:04:00.790,1.1728,1.17293,1.12,1.57
2017.12.01 08:04:01.151,1.17281,1.17294,1.12,1.25
2017.12.01 08:04:01.623,1.17281,1.17295,1.12,2.81
2017.12.01 08:04:02.165,1.17281,1.17295,1.12,2.81
2017.12.01 08:04:02.704,1.17281,1.17295,2.25,1.44
2017.12.01 08:04:03.695,1.17281,1.17294,1.12,1.69
2017.12.01 08:04:04.302,1.17282,1.17295,1.00,1.39
2017.12.01 08:04:04.817,1.17283,1.17295,1.00,1.00
2017.12.01 08:04:06.523,1.17284,1.17296,1.00,1.81
2017.12.01 08:04:07.754,1.17284,1.17297,1.10,3.19
2017.12.01 08:04:08.113,1.17284,1.17297,1.00,2.33
2017.12.01 08:04:08.167,1.17284,1.17298,1.87,3.08
2017.12.01 08:04:09.180,1.17284,1.17297,1.12,1.10
2017.12.01 08:04:09.591,1.17285,1.17299,1.87,3.75
2017.12.01 08:04:10.105,1.17285,1.17297,1.12,1.39
2017.12.01 08:04:10.642,1.17287,1.17297,1.50,1.00
2017.12.01 08:04:11.162,1.17287,1.17298,1.00,1.25
2017.12.01 08:04:11.821,1.17286,1.17297,1.50,1.13
2017.12.01 08:04:12.420,1.17288,1.173,1.20,3.64
2017.12.01 08:04:12.945,1.17289,1.17299,1.00,1.00
2017.12.01 08:04:13.502,1.17288,1.17298,1.15,1.00
2017.12.01 08:04:14.273,1.17289,1.17298,1.00,1.00
2017.12.01 08:04:14.805,1.17287,1.17298,1.69,1.69
2017.12.01 08:04:15.586,1.17288,1.17299,1.24,1.00
2017.12.01 08:04:16.106,1.17289,1.173,1.00,1.50
2017.12.01 08:04:16.620,1.17288,1.17299,1.61,1.88
2017.12.01 08:04:18.026,1.17288,1.17299,1.87,1.76
2017.12.01 08:04:18.181,1.17288,1.173,1.00,1.31
2017.12.01 08:04:18.698,1.17289,1.17299,1.12,1.00
2017.12.01 08:04:20.979,1.17288,1.17298,1.31,1.00
2017.12.01 08:04:21.489,1.17288,1.17298,1.61,1.00
2017.12.01 08:04:21.542,1.17289,1.173,1.50,1.25
2017.12.01 08:04:22.056,1.1729,1.17302,1.12,2.25
2017.12.01 08:04:22.611,1.1729,1.17302,1.12,2.06
2017.12.01 08:04:23.651,1.17291,1.17303,1.12,1.31
2017.12.01 08:04:24.928,1.17291,1.17302,1.50,1.19
2017.12.01 08:04:24.980,1.17291,1.17303,1.50,1.00
2017.12.01 08:04:26.043,1.17292,1.17303,2.25,1.00
2017.12.01 08:04:27.569,1.17292,1.17302,1.00,1.00
2017.12.01 08:04:28.090,1.17291,1.17302,1.57,1.00
2017.12.01 08:04:28.344,1.17291,1.17304,1.57,2.25
2017.12.01 08:04:28.600,1.17292,1.17304,1.50,1.31
2017.12.01 08:04:28.841,1.17297,1.1731,1.50,2.32
2017.12.01 08:04:29.201,1.17299,1.17311,1.00,2.70
2017.12.01 08:04:29.467,1.173,1.17313,1.12,4.76
2017.12.01 08:04:30.001,1.17301,1.17313,1.00,2.81
2017.12.01 08:04:30.361,1.173,1.17313,1.12,2.44
2017.12.01 08:04:30.864,1.173,1.17313,1.12,2.25
2017.12.01 08:04:31.398,1.17298,1.17309,1.37,1.00
2017.12.01 08:04:31.974,1.17297,1.1731,1.50,1.76
2017.12.01 08:04:32.544,1.17298,1.17311,2.25,2.25
2017.12.01 08:04:33.489,1.17298,1.1731,1.50,1.20
2017.12.01 08:04:34.172,1.17297,1.1731,2.44,1.39
2017.12.01 08:04:34.932,1.17296,1.17309,1.87,1.88
2017.12.01 08:04:35.243,1.17299,1.17311,1.00,1.25
2017.12.01 08:04:38.125,1.17298,1.17311,1.87,1.76
2017.12.01 08:04:38.737,1.17299,1.17311,1.37,1.57
2017.12.01 08:04:38.934,1.17302,1.17312,1.37,1.00
2017.12.01 08:04:38.988,1.17302,1.17316,2.44,4.12
2017.12.01 08:04:39.197,1.17303,1.17316,1.12,2.44
2017.12.01 08:04:39.250,1.17303,1.17316,1.12,3.08
2017.12.01 08:04:39.353,1.17303,1.17316,1.12,1.88
2017.12.01 08:04:39.713,1.17303,1.17314,1.12,1.20
2017.12.01 08:04:39.866,1.17301,1.17314,1.12,1.69
2017.12.01 08:04:40.379,1.173,1.17313,1.31,1.50
2017.12.01 08:04:41.604,1.17301,1.17314,1.00,3.19
2017.12.01 08:04:41.706,1.17301,1.17314,1.12,2.89
2017.12.01 08:04:42.251,1.17301,1.17313,1.12,2.51
2017.12.01 08:04:42.578,1.173,1.17313,1.50,1.25
2017.12.01 08:04:42.630,1.173,1.17313,1.69,1.70
2017.12.01 08:04:42.686,1.17301,1.17314,1.00,1.88
2017.12.01 08:04:43.502,1.17301,1.17313,1.00,1.58
2017.12.01 08:04:43.608,1.17301,1.17314,1.00,2.44
2017.12.01 08:04:44.817,1.173,1.17312,1.00,2.89
2017.12.01 08:04:45.331,1.17298,1.17311,1.87,1.58
2017.12.01 08:04:46.274,1.17299,1.17312,1.50,1.95
2017.12.01 08:04:46.781,1.17299,1.17312,1.50,2.89
2017.12.01 08:04:47.098,1.17299,1.17312,1.50,2.51
2017.12.01 08:04:47.944,1.17298,1.17311,1.12,1.10
2017.12.01 08:04:49.328,1.17298,1.17311,1.12,2.14
2017.12.01 08:04:49.889,1.17298,1.17311,1.12,2.51
2017.12.01 08:04:50.319,1.17298,1.17309,1.00,1.31
2017.12.01 08:04:51.570,1.17298,1.17311,1.12,1.69
2017.12.01 08:04:51.622,1.17298,1.1731,1.50,2.63
2017.12.01 08:04:52.169,1.17297,1.17309,1.12,1.13
2017.12.01 08:04:52.693,1.17297,1.17309,1.00,2.44
2017.12.01 08:04:53.232,1.17296,1.17309,1.10,2.63
2017.12.01 08:04:54.971,1.17294,1.17305,1.57,1.25
2017.12.01 08:04:55.075,1.17292,1.17305,1.20,3.19
2017.12.01 08:04:55.603,1.17292,1.17305,2.70,1.31
2017.12.01 08:04:56.709,1.17292,1.17304,1.20,1.69
2017.12.01 08:04:56.914,1.17293,1.17305,1.81,1.00
2017.12.01 08:04:57.443,1.17294,1.17306,1.50,2.44
2017.12.01 08:04:58.522,1.17294,1.17305,1.50,1.00
2017.12.01 08:04:59.102,1.17294,1.17306,1.00,1.00
2017.12.01 08:04:59.507,1.17296,1.17308,2.14,1.00
2017.12.01 08:04:59.849,1.17298,1.17308,1.12,1.00
2017.12.01 08:04:59.903,1.17298,1.1731,2.62,1.00
2017.12.01 08:05:00.007,1.17299,1.17312,3.75,1.10
2017.12.01 08:05:00.401,1.17301,1.17312,2.06,1.00
2017.12.01 08:05:01.183,1.17302,1.17313,1.00,1.00
2017.12.01 08:05:01.235,1.17302,1.17315,2.25,2.51
2017.12.01 08:05:01.837,1.17302,1.17315,2.44,1.45
2017.12.01 08:05:02.339,1.17301,1.17314,2.06,1.70
2017.12.01 08:05:02.851,1.17301,1.17313,1.37,1.70
2017.12.01 08:05:04.163,1.17301,1.17315,3.26,1.10
2017.12.01 08:05:04.685,1.17304,1.17316,1.75,1.39
2017.12.01 08:05:05.710,1.17303,1.17315,1.87,1.87
2017.12.01 08:05:06.196,1.17302,1.17315,2.62,1.12
2017.12.01 08:05:06.762,1.17302,1.17315,1.12,1.50
2017.12.01 08:05:07.662,1.17302,1.17316,2.06,2.70
2017.12.01 08:05:08.208,1.17302,1.17316,2.81,1.69
2017.12.01 08:05:08.872,1.17303,1.17318,2.51,3.64
2017.12.01 08:05:10.361,1.17303,1.17317,2.51,1.57
2017.12.01 08:05:11.141,1.17303,1.17316,1.57,1.50
2017.12.01 08:05:11.649,1.17303,1.17316,1.12,1.50
2017.12.01 08:05:12.613,1.17303,1.17316,1.12,1.69
2017.12.01 08:05:13.500,1.17304,1.17317,1.47,1.12
2017.12.01 08:05:13.609,1.17305,1.1732,3.37,5.44
2017.12.01 08:05:13.716,1.17307,1.1732,1.87,3.07
2017.12.01 08:05:14.029,1.17306,1.17319,1.87,2.70
2017.12.01 08:05:14.431,1.17307,1.1732,2.81,1.00
2017.12.01 08:05:14.637,1.17307,1.1732,4.69,4.57
2017.12.01 08:05:15.173,1.17308,1.17321,3.37,3.75
2017.12.01 08:05:15.278,1.17307,1.1732,1.12,1.31
2017.12.01 08:05:15.485,1.17306,1.17318,1.37,1.25
2017.12.01 08:05:16.039,1.17306,1.17317,1.37,1.20
2017.12.01 08:05:16.553,1.17305,1.17318,2.06,2.06
2017.12.01 08:05:17.618,1.17305,1.17319,3.19,1.25
2017.12.01 08:05:18.132,1.17306,1.17318,1.37,1.00
2017.12.01 08:05:18.654,1.17308,1.17321,1.12,1.57
2017.12.01 08:05:19.036,1.17306,1.1732,1.31,3.19
2017.12.01 08:05:19.199,1.17309,1.1732,1.00,1.10
2017.12.01 08:05:19.308,1.1731,1.17324,1.37,2.44
2017.12.01 08:05:20.314,1.1731,1.17324,1.95,2.14
2017.12.01 08:05:20.817,1.17312,1.17325,1.12,1.10
2017.12.01 08:05:21.326,1.17312,1.17326,1.95,2.51
2017.12.01 08:05:21.852,1.17312,1.17326,1.87,1.50
2017.12.01 08:05:23.576,1.17313,1.17327,1.87,1.50
2017.12.01 08:05:24.096,1.17314,1.17327,1.57,1.00
2017.12.01 08:05:24.623,1.17315,1.17328,1.00,3.26
2017.12.01 08:05:26.298,1.17315,1.17328,1.50,1.20
2017.12.01 08:05:26.615,1.17317,1.17331,1.50,3.19
2017.12.01 08:05:26.927,1.17319,1.17331,1.00,1.10
2017.12.01 08:05:28.149,1.17319,1.17332,3.75,1.95
2017.12.01 08:05:28.657,1.1732,1.17332,1.00,1.95
2017.12.01 08:05:29.159,1.1732,1.17332,2.06,1.00
2017.12.01 08:05:29.697,1.17321,1.17332,1.12,1.45
2017.12.01 08:05:30.213,1.17321,1.17332,1.50,1.95
2017.12.01 08:05:32.290,1.17323,1.17332,1.50,1.45
2017.12.01 08:05:33.120,1.17322,1.17332,2.25,1.45
2017.12.01 08:05:33.927,1.17322,1.17332,1.50,1.00
2017.12.01 08:05:34.445,1.17322,1.17332,1.12,1.00
2017.12.01 08:05:34.942,1.17321,1.17332,3.00,1.20
2017.12.01 08:05:35.474,1.17323,1.17332,1.50,1.20
2017.12.01 08:05:35.832,1.17325,1.17338,1.50,1.62
2017.12.01 08:05:35.884,1.17328,1.17339,1.12,2.06
2017.12.01 08:05:36.238,1.17337,1.1735,2.70,1.37
2017.12.01 08:05:36.444,1.17339,1.17352,1.00,2.81
2017.12.01 08:05:37.591,1.1734,1.17352,1.57,1.87
2017.12.01 08:05:37.902,1.1734,1.17352,2.32,1.12
2017.12.01 08:05:38.057,1.1734,1.17352,1.50,1.12
2017.12.01 08:05:39.482,1.1734,1.17352,1.20,1.12
2017.12.01 08:05:39.965,1.17339,1.17352,2.70,1.12
2017.12.01 08:05:40.745,1.17343,1.17353,1.87,1.00
2017.12.01 08:05:41.469,1.17343,1.17351,1.50,1.00
2017.12.01 08:05:41.523,1.1734,1.17351,2.25,2.81
2017.12.01 08:05:41.578,1.17338,1.1735,1.20,1.87
2017.12.01 08:05:41.840,1.17339,1.1735,1.50,1.12
2017.12.01 08:05:42.524,1.17338,1.17351,3.00,3.07
2017.12.01 08:05:43.069,1.17342,1.17352,1.00,1.00
2017.12.01 08:05:43.430,1.1734,1.17352,1.10,1.87
2017.12.01 08:05:43.982,1.17339,1.17352,1.20,1.12
2017.12.01 08:05:45.179,1.17339,1.17352,1.95,1.12
2017.12.01 08:05:45.747,1.17339,1.17352,2.32,1.87
2017.12.01 08:05:45.901,1.17341,1.17353,1.00,1.12
2017.12.01 08:05:46.448,1.1734,1.17352,3.82,1.00
2017.12.01 08:05:46.757,1.17342,1.17354,1.12,1.95
2017.12.01 08:05:48.200,1.17341,1.17354,2.44,2.06
2017.12.01 08:05:48.740,1.17342,1.17353,1.12,1.12
2017.12.01 08:05:49.051,1.17352,1.17362,3.60,1.00
2017.12.01 08:05:49.155,1.17347,1.17358,1.47,2.06
2017.12.01 08:05:49.259,1.17355,1.17361,1.00,2.62
2017.12.01 08:05:49.312,1.17351,1.17363,1.12,1.12
2017.12.01 08:05:49.515,1.17354,1.17364,1.00,1.87
2017.12.01 08:05:49.620,1.17356,1.1737,2.62,3.00
2017.12.01 08:05:49.726,1.17358,1.17371,1.00,1.87
2017.12.01 08:05:50.262,1.17358,1.17371,2.25,1.69
2017.12.01 08:05:50.830,1.17357,1.17371,2.06,1.31
2017.12.01 08:05:51.242,1.17357,1.17369,1.62,1.00
2017.12.01 08:05:52.026,1.17355,1.17369,3.19,1.12
2017.12.01 08:05:52.542,1.17355,1.17368,1.25,1.12
2017.12.01 08:05:53.748,1.17353,1.17366,2.06,1.00
2017.12.01 08:05:54.317,1.17352,1.17366,2.62,1.12
2017.12.01 08:05:54.629,1.17349,1.17363,3.56,2.06
2017.12.01 08:05:55.101,1.1735,1.17363,1.37,1.00
2017.12.01 08:05:55.257,1.17351,1.17365,2.62,1.12
2017.12.01 08:05:55.463,1.17353,1.17366,1.37,1.00
2017.12.01 08:05:57.185,1.17355,1.17367,1.12,1.12
2017.12.01 08:05:57.500,1.17358,1.1737,1.37,1.00
2017.12.01 08:05:57.555,1.1736,1.17373,3.37,1.00
2017.12.01 08:05:57.609,1.17362,1.17374,1.37,1.25
2017.12.01 08:05:58.244,1.17362,1.17375,1.37,1.00
2017.12.01 08:05:58.660,1.17363,1.17377,1.87,1.25
2017.12.01 08:05:58.815,1.17365,1.17377,1.37,1.00
2017.12.01 08:05:59.611,1.17365,1.17378,1.37,1.25
2017.12.01 08:06:00.131,1.17364,1.17377,1.12,1.00
2017.12.01 08:06:00.184,1.17362,1.17375,1.57,1.00
2017.12.01 08:06:00.237,1.17362,1.17375,1.37,1.95
2017.12.01 08:06:00.341,1.17361,1.17374,1.37,1.00
2017.12.01 08:06:00.603,1.17357,1.1737,2.32,1.00
2017.12.01 08:06:00.656,1.17356,1.17369,1.57,1.00
2017.12.01 08:06:01.233,1.17356,1.17368,1.37,1.00
2017.12.01 08:06:01.890,1.17355,1.17368,2.62,1.00
2017.12.01 08:06:02.302,1.17353,1.17367,1.87,1.12
2017.12.01 08:06:02.361,1.17352,1.17364,1.37,1.00
2017.12.01 08:06:02.878,1.17352,1.17365,1.87,1.25
2017.12.01 08:06:03.491,1.17351,1.17363,1.00,1.12
2017.12.01 08:06:03.544,1.17349,1.17362,1.00,1.87
2017.12.01 08:06:03.970,1.17347,1.1736,1.50,1.00
2017.12.01 08:06:04.284,1.17345,1.17358,1.95,1.00
2017.12.01 08:06:04.388,1.17344,1.17358,1.12,1.87
2017.12.01 08:06:04.543,1.17345,1.17359,1.87,1.80
2017.12.01 08:06:04.855,1.17344,1.17357,1.25,1.37
2017.12.01 08:06:05.404,1.17344,1.17356,1.25,1.87
2017.12.01 08:06:05.627,1.17342,1.17355,3.00,1.37
2017.12.01 08:06:05.731,1.17344,1.17355,1.00,1.37
2017.12.01 08:06:05.783,1.17342,1.17355,2.62,1.37
2017.12.01 08:06:06.250,1.17342,1.17352,1.00,1.37
2017.12.01 08:06:06.417,1.1734,1.17351,1.10,1.12
2017.12.01 08:06:08.842,1.1734,1.17353,1.69,3.00
2017.12.01 08:06:09.548,1.17344,1.17354,1.50,1.87
2017.12.01 08:06:10.059,1.17345,1.17355,1.00,1.37
2017.12.01 08:06:10.621,1.17345,1.17356,1.50,1.12
2017.12.01 08:06:11.437,1.17345,1.17357,1.57,1.50
2017.12.01 08:06:11.978,1.17345,1.17358,2.32,3.19
2017.12.01 08:06:12.593,1.17346,1.17358,1.10,2.25
2017.12.01 08:06:15.198,1.17345,1.17357,1.57,1.12
2017.12.01 08:06:15.711,1.17344,1.17357,1.00,4.01
2017.12.01 08:06:16.203,1.17342,1.17355,1.20,2.06
2017.12.01 08:06:16.463,1.17342,1.17354,1.10,1.62
2017.12.01 08:06:16.672,1.17343,1.17355,1.00,1.69
2017.12.01 08:06:17.189,1.17344,1.17355,1.00,1.00
2017.12.01 08:06:17.295,1.17345,1.17358,1.50,4.20
2017.12.01 08:06:17.825,1.17345,1.17358,1.87,3.26
2017.12.01 08:06:18.808,1.17345,1.17358,1.12,2.51
2017.12.01 08:06:20.300,1.17344,1.17355,1.37,1.00
2017.12.01 08:06:20.918,1.17344,1.17355,1.00,1.00
2017.12.01 08:06:21.434,1.17343,1.17354,1.00,1.00
2017.12.01 08:06:22.647,1.17342,1.17354,1.20,1.87
2017.12.01 08:06:23.208,1.1734,1.17353,4.20,2.06
2017.12.01 08:06:24.812,1.17341,1.17354,3.82,1.12
2017.12.01 08:06:25.163,1.17344,1.17356,1.50,1.12
2017.12.01 08:06:25.722,1.17344,1.17357,1.95,2.81
2017.12.01 08:06:26.587,1.17344,1.17356,1.20,1.00
2017.12.01 08:06:27.098,1.17342,1.17355,1.20,1.12
2017.12.01 08:06:27.612,1.17342,1.17355,1.10,1.31
2017.12.01 08:06:27.918,1.17342,1.17353,1.10,1.00
2017.12.01 08:06:30.521,1.17343,1.17355,1.10,1.12
2017.12.01 08:06:31.034,1.17343,1.17356,3.07,1.00
2017.12.01 08:06:33.392,1.17343,1.17355,1.95,1.00
2017.12.01 08:06:33.444,1.17342,1.17355,2.32,2.06
2017.12.01 08:06:33.548,1.17341,1.17353,1.39,1.00
2017.12.01 08:06:34.134,1.17341,1.17354,1.12,1.20
2017.12.01 08:06:34.721,1.17341,1.17354,4.01,1.50
2017.12.01 08:06:35.251,1.17342,1.17354,1.57,1.50
2017.12.01 08:06:36.748,1.17343,1.17356,1.37,1.10
2017.12.01 08:06:37.858,1.17344,1.17357,1.12,2.14
2017.12.01 08:06:38.358,1.17346,1.17358,1.10,1.50
2017.12.01 08:06:38.671,1.17347,1.1736,2.96,1.00
2017.12.01 08:06:39.507,1.17348,1.1736,2.06,1.50
2017.12.01 08:06:40.278,1.17349,1.17362,1.57,1.87
2017.12.01 08:06:40.330,1.17351,1.17364,1.87,3.00
2017.12.01 08:06:40.855,1.17351,1.17363,1.00,1.50
2017.12.01 08:06:40.909,1.17349,1.17362,2.96,1.87
2017.12.01 08:06:41.377,1.17347,1.1736,1.69,1.37
2017.12.01 08:06:41.883,1.17346,1.17359,2.81,1.95
2017.12.01 08:06:45.592,1.17346,1.17357,1.00,1.12
2017.12.01 08:06:46.096,1.17346,1.17357,1.00,3.19
2017.12.01 08:06:46.149,1.17344,1.17357,1.10,3.94
2017.12.01 08:06:47.176,1.17342,1.17354,1.10,1.00
2017.12.01 08:06:47.700,1.17342,1.17353,1.00,1.00
2017.12.01 08:06:48.249,1.17342,1.17354,1.95,1.00
2017.12.01 08:06:48.780,1.17343,1.17355,1.00,1.20
2017.12.01 08:06:49.333,1.17343,1.17356,1.95,1.12
2017.12.01 08:06:50.336,1.17345,1.17357,1.00,2.62
2017.12.01 08:06:51.779,1.17343,1.17356,1.20,1.69
2017.12.01 08:06:53.186,1.17343,1.17357,2.32,2.44
2017.12.01 08:06:54.297,1.17352,1.17358,1.00,1.95
2017.12.01 08:06:54.459,1.17347,1.17359,1.13,1.12
2017.12.01 08:06:54.511,1.17349,1.17359,1.25,1.12
2017.12.01 08:06:54.718,1.1735,1.17361,1.00,1.31
2017.12.01 08:06:54.924,1.17352,1.17362,1.00,2.14
2017.12.01 08:06:55.443,1.17351,1.17363,1.20,1.13
2017.12.01 08:06:55.766,1.17348,1.1736,1.57,1.88
2017.12.01 08:06:56.984,1.17347,1.1736,2.32,1.88
2017.12.01 08:06:57.396,1.17346,1.17359,1.95,2.63
2017.12.01 08:06:57.554,1.17344,1.17357,2.51,2.63
2017.12.01 08:06:58.088,1.17344,1.17356,1.50,1.25
2017.12.01 08:06:58.601,1.17345,1.17357,1.50,1.00
2017.12.01 08:06:59.626,1.17347,1.17359,1.12,1.10
2017.12.01 08:07:00.443,1.17347,1.1736,1.31,2.33
2017.12.01 08:07:01.583,1.17347,1.17359,1.12,1.00
2017.12.01 08:07:02.816,1.17346,1.17358,1.87,1.00
2017.12.01 08:07:03.335,1.17345,1.17358,2.70,1.44
2017.12.01 08:07:03.387,1.17345,1.17355,1.37,1.00
2017.12.01 08:07:03.596,1.17343,1.17355,1.31,2.06
2017.12.01 08:07:04.103,1.17343,1.17355,1.50,1.25
2017.12.01 08:07:04.633,1.17343,1.17355,1.31,1.87
2017.12.01 08:07:05.141,1.17343,1.17354,1.50,1.25
2017.12.01 08:07:12.394,1.17343,1.17355,1.50,1.69
2017.12.01 08:07:12.903,1.17343,1.17355,1.50,1.69
2017.12.01 08:07:14.424,1.17342,1.17355,2.06,1.69
2017.12.01 08:07:14.947,1.17342,1.17355,3.00,2.63
2017.12.01 08:07:15.558,1.17342,1.17355,3.00,2.63
2017.12.01 08:07:16.090,1.17342,1.17354,2.81,1.50
2017.12.01 08:07:16.637,1.17342,1.17354,1.69,1.69
2017.12.01 08:07:16.965,1.17342,1.17351,1.50,1.00
2017.12.01 08:07:17.176,1.17343,1.17354,1.50,1.00
2017.12.01 08:07:18.206,1.17343,1.17352,1.00,1.00
2017.12.01 08:07:18.412,1.17343,1.17355,1.25,2.89
2017.12.01 08:07:21.366,1.17343,1.17353,1.00,1.12
2017.12.01 08:07:21.922,1.17343,1.17354,1.10,1.00
2017.12.01 08:07:22.462,1.17343,1.17355,1.95,1.12
2017.12.01 08:07:23.325,1.17344,1.17356,1.13,1.12
2017.12.01 08:07:24.044,1.17344,1.17356,1.88,1.00
2017.12.01 08:07:25.310,1.17346,1.17356,1.00,1.00
2017.12.01 08:07:25.848,1.17346,1.17357,1.00,1.00
2017.12.01 08:07:26.884,1.17344,1.17357,1.00,2.63
2017.12.01 08:07:27.186,1.17346,1.17356,1.00,2.06
2017.12.01 08:07:27.722,1.17346,1.17356,1.00,3.75
2017.12.01 08:07:27.956,1.17346,1.17357,1.00,1.12
2017.12.01 08:07:28.009,1.17348,1.17357,1.00,1.50
2017.12.01 08:07:28.320,1.17346,1.17356,1.00,1.31
2017.12.01 08:07:29.194,1.17347,1.17358,1.00,2.63
2017.12.01 08:07:29.246,1.17345,1.17358,1.01,2.44
2017.12.01 08:07:29.298,1.17347,1.17358,1.00,2.44
2017.12.01 08:07:29.607,1.1735,1.17359,1.00,1.69
2017.12.01 08:07:29.814,1.17348,1.17357,1.00,1.13
2017.12.01 08:07:32.271,1.17347,1.17359,1.25,3.00
2017.12.01 08:07:32.775,1.17348,1.17359,1.00,3.00
2017.12.01 08:07:33.810,1.17348,1.17359,1.00,1.31
2017.12.01 08:07:35.866,1.17348,1.17358,1.00,1.00
2017.12.01 08:07:36.410,1.17348,1.17359,1.00,1.12
2017.12.01 08:07:37.724,1.17348,1.17358,1.00,1.00
2017.12.01 08:07:38.412,1.17348,1.17357,1.00,1.00
2017.12.01 08:07:38.947,1.17353,1.17361,1.00,1.10
2017.12.01 08:07:39.002,1.17355,1.17365,1.00,1.76
2017.12.01 08:07:39.056,1.17352,1.17364,3.07,1.00
2017.12.01 08:07:39.417,1.17353,1.17366,3.37,1.00
2017.12.01 08:07:39.587,1.17355,1.17368,1.12,1.87
2017.12.01 08:07:40.123,1.17354,1.17368,1.57,3.00
2017.12.01 08:07:40.665,1.17353,1.17367,3.83,1.31
2017.12.01 08:07:41.522,1.17353,1.17367,3.45,1.50
2017.12.01 08:07:43.159,1.17354,1.17366,1.62,1.00
2017.12.01 08:07:43.263,1.17356,1.17369,1.37,2.06
2017.12.01 08:07:43.726,1.17357,1.17367,1.47,1.00
2017.12.01 08:07:43.829,1.17356,1.17369,1.76,1.50
2017.12.01 08:07:44.033,1.17358,1.17371,1.47,1.87
2017.12.01 08:07:44.659,1.17358,1.17372,1.47,2.66
2017.12.01 08:07:44.992,1.1736,1.17373,1.37,1.57
2017.12.01 08:07:45.559,1.1736,1.17372,1.39,1.00
2017.12.01 08:07:46.064,1.17359,1.17372,1.95,2.10
2017.12.01 08:07:46.714,1.17359,1.1737,1.95,1.00
2017.12.01 08:07:46.818,1.17357,1.1737,3.07,1.25
2017.12.01 08:07:47.389,1.17357,1.17371,3.07,1.73
2017.12.01 08:07:47.544,1.17359,1.17371,1.37,1.13
2017.12.01 08:07:47.701,1.1736,1.17373,1.12,2.44
2017.12.01 08:07:48.000,1.17362,1.17375,1.12,1.69
2017.12.01 08:07:48.313,1.17359,1.17373,3.08,3.00
2017.12.01 08:07:48.884,1.17359,1.17373,3.00,4.39
2017.12.01 08:07:50.150,1.17358,1.17372,1.20,3.41
2017.12.01 08:07:50.744,1.17357,1.17371,1.95,3.23
2017.12.01 08:07:51.259,1.17356,1.1737,1.95,1.73
2017.12.01 08:07:52.370,1.17356,1.1737,2.33,1.73
2017.12.01 08:07:53.117,1.17356,1.1737,2.14,1.54
2017.12.01 08:07:53.671,1.17356,1.1737,2.14,1.73
2017.12.01 08:07:57.017,1.17355,1.17369,2.70,2.81
2017.12.01 08:07:57.378,1.17353,1.17365,1.95,1.00
2017.12.01 08:07:57.893,1.17352,1.17366,2.14,1.31
2017.12.01 08:07:59.036,1.17352,1.17365,1.95,1.54
2017.12.01 08:07:59.678,1.17354,1.17365,1.00,1.63
2017.12.01 08:08:01.364,1.17353,1.17365,1.00,3.04
2017.12.01 08:08:01.897,1.17354,1.17365,1.00,3.19
2017.12.01 08:08:02.423,1.17354,1.17365,1.00,2.44
2017.12.01 08:08:04.532,1.17354,1.17366,1.00,2.70
2017.12.01 08:08:04.585,1.17354,1.17366,1.00,1.31
2017.12.01 08:08:05.040,1.17356,1.17367,1.00,2.81
2017.12.01 08:08:05.541,1.17356,1.17366,1.00,1.88
2017.12.01 08:08:06.066,1.17354,1.17366,1.00,2.25
2017.12.01 08:08:07.583,1.17354,1.17366,1.00,1.00
2017.12.01 08:08:08.089,1.17355,1.17367,1.00,4.12
2017.12.01 08:08:08.512,1.17357,1.17368,1.00,3.07
2017.12.01 08:08:08.820,1.17364,1.17374,1.00,1.00
2017.12.01 08:08:08.975,1.17364,1.17377,1.12,1.69
2017.12.01 08:08:09.438,1.17361,1.17373,1.45,2.81
2017.12.01 08:08:09.573,1.17359,1.17372,2.44,1.50
2017.12.01 08:08:10.088,1.17359,1.17372,1.13,2.44
2017.12.01 08:08:11.616,1.1736,1.17373,1.44,2.62
2017.12.01 08:08:12.150,1.17359,1.17373,3.19,3.00
2017.12.01 08:08:12.840,1.17359,1.17373,1.31,3.00
2017.12.01 08:08:13.346,1.1736,1.17372,1.13,1.00
2017.12.01 08:08:15.757,1.17359,1.17372,2.06,1.13
2017.12.01 08:08:16.933,1.17359,1.17373,5.85,1.12
2017.12.01 08:08:17.448,1.17362,1.17374,1.20,1.69
2017.12.01 08:08:17.790,1.17362,1.17373,2.70,1.00
2017.12.01 08:08:19.230,1.17362,1.17375,1.69,1.88
2017.12.01 08:08:21.136,1.17362,1.17375,3.83,1.69
2017.12.01 08:08:22.210,1.17362,1.17375,3.00,1.69
2017.12.01 08:08:23.180,1.17363,1.17375,1.00,1.69
2017.12.01 08:08:23.753,1.17362,1.17374,1.95,1.88
2017.12.01 08:08:24.588,1.17362,1.17374,2.14,1.63
2017.12.01 08:08:25.395,1.17362,1.17375,2.14,1.69
2017.12.01 08:08:25.776,1.17361,1.17373,1.95,1.37
2017.12.01 08:08:26.087,1.17363,1.17376,2.81,1.37
2017.12.01 08:08:28.106,1.17363,1.17376,3.64,1.37
2017.12.01 08:08:29.127,1.17363,1.17376,2.51,1.50
2017.12.01 08:08:29.841,1.17364,1.17376,1.00,1.88
2017.12.01 08:08:30.633,1.17363,1.17374,1.50,1.69
2017.12.01 08:08:30.738,1.17361,1.17374,2.51,2.25
2017.12.01 08:08:30.892,1.17364,1.17374,1.00,2.44
2017.12.01 08:08:31.256,1.17362,1.17372,1.00,1.50
2017.12.01 08:08:31.309,1.1736,1.17372,1.00,1.00
2017.12.01 08:08:31.501,1.17362,1.17372,1.00,2.06
2017.12.01 08:08:35.524,1.17362,1.17374,1.00,3.26
2017.12.01 08:08:36.927,1.17362,1.17374,1.00,1.57
2017.12.01 08:08:37.236,1.17364,1.17375,1.00,2.81
2017.12.01 08:08:37.772,1.17364,1.17375,1.00,2.81
2017.12.01 08:08:38.454,1.17364,1.17375,1.00,2.81
2017.12.01 08:08:38.999,1.17364,1.17375,1.00,1.50
2017.12.01 08:08:39.461,1.17364,1.17375,1.00,1.50
2017.12.01 08:08:42.790,1.17364,1.17375,1.00,2.06
2017.12.01 08:08:43.131,1.17366,1.17377,1.00,1.95
2017.12.01 08:08:43.825,1.17366,1.17374,1.00,1.25
2017.12.01 08:08:43.877,1.17364,1.17374,1.00,1.13
2017.12.01 08:08:44.077,1.17363,1.17372,1.00,1.39
2017.12.01 08:08:44.129,1.17361,1.17372,1.10,2.14
2017.12.01 08:08:44.675,1.17361,1.17371,1.00,1.00
2017.12.01 08:08:45.276,1.17361,1.17372,1.00,1.95
2017.12.01 08:08:47.470,1.17361,1.1737,1.00,1.25
2017.12.01 08:08:47.821,1.17359,1.17369,1.00,1.20
2017.12.01 08:08:48.471,1.17359,1.17367,1.00,1.00
2017.12.01 08:08:52.170,1.17359,1.17368,1.00,1.00
2017.12.01 08:08:52.327,1.17361,1.17372,1.00,1.12
2017.12.01 08:08:52.902,1.17362,1.17373,1.00,2.44
2017.12.01 08:08:54.495,1.17362,1.17372,1.00,1.00
2017.12.01 08:08:55.027,1.17362,1.17372,1.00,2.62
2017.12.01 08:08:56.100,1.17362,1.17372,1.00,1.12
2017.12.01 08:08:58.876,1.17362,1.17373,1.00,5.06
2017.12.01 08:08:59.391,1.17361,1.17371,1.00,1.69
2017.12.01 08:08:59.767,1.17359,1.17368,1.00,1.50
2017.12.01 08:09:01.252,1.17357,1.17369,1.31,2.44
2017.12.01 08:09:02.817,1.17358,1.17369,1.87,2.25
2017.12.01 08:09:05.111,1.17358,1.17368,2.66,1.50
2017.12.01 08:09:05.607,1.1736,1.17368,1.00,1.50
2017.12.01 08:09:05.815,1.1736,1.17371,1.00,2.06
2017.12.01 08:09:06.316,1.1736,1.17371,1.00,3.00
2017.12.01 08:09:06.733,1.17361,1.17372,1.12,1.00
2017.12.01 08:09:06.786,1.17363,1.17374,1.00,2.14
2017.12.01 08:09:07.267,1.17364,1.17375,1.50,1.12
2017.12.01 08:09:07.833,1.17365,1.17376,1.00,1.88
2017.12.01 08:09:08.096,1.17366,1.17372,1.00,1.50
2017.12.01 08:09:08.150,1.17363,1.17372,1.87,1.94
2017.12.01 08:09:08.203,1.17362,1.17375,1.12,3.53
2017.12.01 08:09:08.410,1.17363,1.17373,1.00,3.08
2017.12.01 08:09:08.515,1.17361,1.17372,1.87,2.32
2017.12.01 08:09:08.671,1.17363,1.17372,1.87,1.45
2017.12.01 08:09:09.179,1.17364,1.17373,1.00,1.57
2017.12.01 08:09:09.756,1.17361,1.17373,1.87,4.20
2017.12.01 08:09:10.367,1.17361,1.17371,1.00,2.70
2017.12.01 08:09:10.576,1.17358,1.17369,2.06,1.47
2017.12.01 08:09:11.101,1.17358,1.17368,1.87,1.07
2017.12.01 08:09:11.514,1.17359,1.17371,1.00,3.64
2017.12.01 08:09:12.031,1.17359,1.17371,1.00,2.06
2017.12.01 08:09:12.782,1.17357,1.17369,1.87,1.12
2017.12.01 08:09:12.835,1.17356,1.17367,1.20,3.19
2017.12.01 08:09:12.887,1.17352,1.17364,1.12,1.12
2017.12.01 08:09:13.275,1.17352,1.17362,1.00,1.00
2017.12.01 08:09:13.816,1.17351,1.17362,1.12,1.00
2017.12.01 08:09:15.417,1.1735,1.17363,2.25,1.00
2017.12.01 08:09:16.722,1.1735,1.17363,1.37,2.14
2017.12.01 08:09:17.086,1.17347,1.17355,1.37,1.00
2017.12.01 08:09:17.195,1.17341,1.1735,1.10,1.50
2017.12.01 08:09:17.247,1.17339,1.17351,2.81,1.00
2017.12.01 08:09:17.353,1.1734,1.17353,1.37,1.41
2017.12.01 08:09:17.873,1.1734,1.17354,2.06,1.12
2017.12.01 08:09:18.423,1.1734,1.17354,1.12,3.19
2017.12.01 08:09:20.105,1.17339,1.17353,1.87,2.25
2017.12.01 08:09:20.446,1.17337,1.1735,1.37,1.00
2017.12.01 08:09:20.979,1.17336,1.17349,1.62,1.00
2017.12.01 08:09:21.505,1.17335,1.17348,1.31,2.25
2017.12.01 08:09:21.661,1.17332,1.17345,2.06,1.00
2017.12.01 08:09:22.268,1.17331,1.17345,3.00,1.50
2017.12.01 08:09:22.809,1.17331,1.17344,2.06,1.50
2017.12.01 08:09:22.864,1.17331,1.17342,1.31,1.12
2017.12.01 08:09:23.176,1.17334,1.17344,2.06,1.50
2017.12.01 08:09:23.537,1.1733,1.17337,1.57,1.00
2017.12.01 08:09:23.591,1.17328,1.17335,1.50,1.00
2017.12.01 08:09:23.643,1.17322,1.17333,1.87,1.25
2017.12.01 08:09:24.112,1.1732,1.17334,1.87,2.06
2017.12.01 08:09:24.275,1.17318,1.17329,1.57,1.00
2017.12.01 08:09:24.327,1.17315,1.17328,1.37,1.50
2017.12.01 08:09:24.485,1.17318,1.17331,1.87,1.12
2017.12.01 08:09:24.538,1.17319,1.17333,1.87,1.12
2017.12.01 08:09:25.054,1.17319,1.17332,2.06,1.00
2017.12.01 08:09:25.469,1.17318,1.1733,2.44,1.00
2017.12.01 08:09:25.831,1.17321,1.1733,2.25,1.00
2017.12.01 08:09:25.934,1.17322,1.17335,3.75,1.00
2017.12.01 08:09:26.214,1.1732,1.17331,1.00,1.00
2017.12.01 08:09:26.761,1.1732,1.17332,1.00,1.00
2017.12.01 08:09:28.261,1.17319,1.17333,3.19,1.50
2017.12.01 08:09:28.945,1.17321,1.17334,1.50,1.12
2017.12.01 08:09:29.258,1.17318,1.17331,1.37,1.00
2017.12.01 08:09:29.412,1.17316,1.1733,2.62,1.12
2017.12.01 08:09:29.942,1.17316,1.17329,1.62,1.00
2017.12.01 08:09:33.570,1.17316,1.1733,3.19,1.12
2017.12.01 08:09:33.727,1.17318,1.17332,2.25,1.12
2017.12.01 08:09:34.277,1.17319,1.17333,2.25,1.12
2017.12.01 08:09:34.786,1.17319,1.17332,1.00,1.12
2017.12.01 08:09:35.600,1.17318,1.17332,2.25,1.12
2017.12.01 08:09:35.963,1.17318,1.17332,2.06,1.57
2017.12.01 08:09:36.671,1.17318,1.17332,2.25,1.12
2017.12.01 08:09:37.802,1.17325,1.17336,1.37,2.32
2017.12.01 08:09:37.855,1.17328,1.17339,1.37,1.12
2017.12.01 08:09:37.909,1.17329,1.17341,1.37,2.32
2017.12.01 08:09:38.169,1.1733,1.17342,1.37,1.45
2017.12.01 08:09:38.273,1.17332,1.17344,1.37,1.13
2017.12.01 08:09:38.905,1.17333,1.17346,1.37,3.19
2017.12.01 08:09:39.448,1.17334,1.17346,1.37,2.81
2017.12.01 08:09:39.702,1.17334,1.17346,1.37,3.38
2017.12.01 08:09:40.253,1.17334,1.17346,1.37,1.31
2017.12.01 08:09:40.929,1.17334,1.17345,1.37,1.45
2017.12.01 08:09:41.286,1.17336,1.17347,1.37,1.01
2017.12.01 08:09:44.968,1.17337,1.17347,1.37,1.70
2017.12.01 08:09:45.517,1.17339,1.17349,1.12,1.57
2017.12.01 08:09:45.570,1.17339,1.17352,3.19,1.45
2017.12.01 08:09:45.622,1.17341,1.17353,1.87,1.95
2017.12.01 08:09:45.780,1.17342,1.17354,1.37,1.45
2017.12.01 08:09:46.037,1.17344,1.17356,1.37,3.90
2017.12.01 08:09:46.586,1.17344,1.17356,1.37,2.33
2017.12.01 08:09:49.920,1.17345,1.17358,2.62,4.20
2017.12.01 08:09:50.024,1.17347,1.17359,1.50,1.70
2017.12.01 08:09:52.148,1.17348,1.1736,1.37,1.58
2017.12.01 08:09:53.064,1.17348,1.17361,1.87,2.78
2017.12.01 08:09:54.182,1.17348,1.17354,1.87,1.00
2017.12.01 08:09:54.241,1.17339,1.17352,1.37,1.69
2017.12.01 08:09:54.293,1.17339,1.17352,1.37,1.45
2017.12.01 08:09:54.345,1.17339,1.17352,1.37,1.20
2017.12.01 08:09:54.499,1.17338,1.17352,2.62,4.65
2017.12.01 08:09:57.416,1.17338,1.17345,1.37,1.00
2017.12.01 08:09:57.523,1.17336,1.17347,1.37,3.26
2017.12.01 08:09:57.578,1.17334,1.17346,1.87,1.45
2017.12.01 08:09:57.630,1.17335,1.17347,1.37,1.25
2017.12.01 08:09:57.889,1.17333,1.17343,1.87,1.00
2017.12.01 08:09:57.941,1.17332,1.17345,1.00,3.19
2017.12.01 08:09:57.994,1.1733,1.17343,2.89,1.31
2017.12.01 08:09:58.876,1.17329,1.17342,1.87,1.25
2017.12.01 08:09:59.388,1.17328,1.17341,1.37,1.01
2017.12.01 08:09:59.492,1.17326,1.1734,3.19,1.12
2017.12.01 08:10:00.446,1.1733,1.17341,1.00,1.82
2017.12.01 08:10:00.501,1.17331,1.17345,3.56,1.57
2017.12.01 08:10:01.016,1.17332,1.17345,1.50,1.57
2017.12.01 08:10:01.736,1.17331,1.17345,2.06,1.12
2017.12.01 08:10:01.964,1.17332,1.17345,3.00,1.45
2017.12.01 08:10:02.498,1.17331,1.17345,3.56,2.51
2017.12.01 08:10:03.078,1.17331,1.17344,2.81,1.45
2017.12.01 08:10:03.393,1.17331,1.17344,1.12,2.89
2017.12.01 08:10:04.951,1.1733,1.17342,1.62,1.45
2017.12.01 08:10:05.657,1.17327,1.17341,2.62,1.12
2017.12.01 08:10:05.709,1.17327,1.17341,2.06,2.14
2017.12.01 08:10:06.248,1.17326,1.17339,1.62,1.45
2017.12.01 08:10:08.220,1.17326,1.17338,1.37,1.45
2017.12.01 08:10:08.272,1.17324,1.17338,3.75,1.57
2017.12.01 08:10:08.427,1.17322,1.17336,2.62,1.20
2017.12.01 08:10:08.635,1.17321,1.17334,1.37,1.00
2017.12.01 08:10:08.980,1.17319,1.17333,1.12,3.19
2017.12.01 08:10:10.267,1.17318,1.17332,3.38,1.57
2017.12.01 08:10:10.765,1.17316,1.1733,2.06,1.12
2017.12.01 08:10:10.871,1.17316,1.17329,1.63,1.45
2017.12.01 08:10:10.975,1.17316,1.17329,1.81,1.00
2017.12.01 08:10:11.027,1.17316,1.17329,1.81,1.45
2017.12.01 08:10:11.375,1.1732,1.17332,1.37,1.00
2017.12.01 08:10:11.427,1.17318,1.17332,1.87,1.57
2017.12.01 08:10:11.744,1.1732,1.17334,3.56,1.12
2017.12.01 08:10:12.103,1.17319,1.17328,1.00,1.50
2017.12.01 08:10:12.207,1.17314,1.17325,1.25,4.57
2017.12.01 08:10:12.311,1.17315,1.17325,1.19,1.00
2017.12.01 08:10:12.363,1.17313,1.17324,1.00,1.95
2017.12.01 08:10:12.468,1.17311,1.17324,1.69,3.82
2017.12.01 08:10:12.523,1.1731,1.17324,2.81,3.82
2017.12.01 08:10:13.067,1.17311,1.17323,1.00,1.57
2017.12.01 08:10:13.667,1.17311,1.17323,1.00,1.12
2017.12.01 08:10:13.875,1.17314,1.17324,1.00,3.00
2017.12.01 08:10:14.237,1.17319,1.17323,1.00,1.00
2017.12.01 08:10:14.289,1.17319,1.17327,1.00,1.00
2017.12.01 08:10:14.343,1.17324,1.17332,1.00,3.07
2017.12.01 08:10:14.396,1.17322,1.17332,1.00,1.12
2017.12.01 08:10:14.501,1.17325,1.17337,1.25,2.06
2017.12.01 08:10:14.664,1.17322,1.17335,2.25,1.37
2017.12.01 08:10:15.183,1.17322,1.17334,1.00,2.06
2017.12.01 08:10:15.711,1.17321,1.17333,1.00,1.12
2017.12.01 08:10:16.380,1.17323,1.17334,1.00,1.12
2017.12.01 08:10:16.694,1.17326,1.17337,1.00,2.32
2017.12.01 08:10:17.233,1.17326,1.17337,1.00,1.12
2017.12.01 08:10:17.547,1.17331,1.17339,1.00,1.57
2017.12.01 08:10:17.704,1.17329,1.17341,1.00,1.12
2017.12.01 08:10:18.231,1.17329,1.1734,1.00,1.00
2017.12.01 08:10:18.490,1.17327,1.1734,2.62,1.12
2017.12.01 08:10:19.009,1.17328,1.1734,1.00,2.06
2017.12.01 08:10:20.571,1.17329,1.1734,1.00,1.12
2017.12.01 08:10:21.085,1.17328,1.1734,1.12,1.50
2017.12.01 08:10:21.618,1.17327,1.1734,1.87,2.14
2017.12.01 08:10:22.146,1.17326,1.17335,1.00,1.00
2017.12.01 08:10:22.305,1.17317,1.17331,2.62,4.25
2017.12.01 08:10:22.358,1.17319,1.17332,1.00,2.25
2017.12.01 08:10:22.687,1.17322,1.17335,1.37,1.00
2017.12.01 08:10:23.849,1.17325,1.17335,1.00,1.00
2017.12.01 08:10:23.903,1.17325,1.17337,1.00,1.12
2017.12.01 08:10:24.163,1.17325,1.17339,2.62,2.89
2017.12.01 08:10:25.335,1.17327,1.17339,1.00,2.25
2017.12.01 08:10:25.593,1.17329,1.17339,1.00,1.87
2017.12.01 08:10:25.696,1.17327,1.17339,1.12,1.00
2017.12.01 08:10:26.234,1.17328,1.17339,1.00,1.00
2017.12.01 08:10:26.746,1.17327,1.1734,1.87,1.69
2017.12.01 08:10:28.127,1.17328,1.17341,1.00,2.81
2017.12.01 08:10:28.179,1.1733,1.17341,1.00,2.81
2017.12.01 08:10:28.657,1.17327,1.17341,3.64,2.06
2017.12.01 08:10:28.968,1.17324,1.17335,2.32,1.50
2017.12.01 08:10:29.021,1.17322,1.17334,1.00,1.12
2017.12.01 08:10:29.073,1.17321,1.17333,2.25,1.37
2017.12.01 08:10:29.736,1.17322,1.17333,1.00,2.25
2017.12.01 08:10:30.286,1.17323,1.17334,1.00,1.69
2017.12.01 08:10:30.596,1.17321,1.17333,1.25,2.25
2017.12.01 08:10:31.104,1.17322,1.17333,1.00,1.12
2017.12.01 08:10:31.622,1.17321,1.17333,2.25,1.12
2017.12.01 08:10:32.170,1.17322,1.17334,1.00,1.50
2017.12.01 08:10:32.686,1.17321,1.17334,2.25,2.25
2017.12.01 08:10:34.275,1.17323,1.17334,1.00,3.00
2017.12.01 08:10:34.743,1.1732,1.17334,2.81,3.00
2017.12.01 08:10:35.297,1.17323,1.17333,1.00,1.12
2017.12.01 08:10:35.403,1.17321,1.17335,2.81,2.25
2017.12.01 08:10:35.852,1.17323,1.17333,1.25,1.00
2017.12.01 08:10:36.011,1.17327,1.17338,1.00,1.10
2017.12.01 08:10:36.757,1.17326,1.17339,1.50,2.06
2017.12.01 08:10:36.911,1.17328,1.17339,1.00,1.62
2017.12.01 08:10:37.016,1.17328,1.1734,1.50,1.31
2017.12.01 08:10:37.710,1.17329,1.17341,1.00,2.14
2017.12.01 08:10:38.021,1.1733,1.17342,1.00,1.31
2017.12.01 08:10:38.555,1.17331,1.17342,1.00,1.12
2017.12.01 08:10:39.184,1.17333,1.17343,1.00,1.00
2017.12.01 08:10:39.544,1.1733,1.17343,1.87,1.12
2017.12.01 08:10:39.597,1.1733,1.1734,1.87,1.00
2017.12.01 08:10:39.757,1.17323,1.17334,1.00,1.12
2017.12.01 08:10:39.810,1.17321,1.17334,2.25,2.81
2017.12.01 08:10:39.862,1.17319,1.17332,2.62,1.12
2017.12.01 08:10:39.968,1.17317,1.17329,1.00,1.37
2017.12.01 08:10:40.474,1.17316,1.17329,1.50,2.06
2017.12.01 08:10:41.108,1.17315,1.17329,2.62,2.06
2017.12.01 08:10:41.620,1.17316,1.17329,1.00,2.06
2017.12.01 08:10:42.446,1.17316,1.17326,1.00,3.56
2017.12.01 08:10:42.602,1.1731,1.17322,1.00,1.37
2017.12.01 08:10:42.667,1.17309,1.1732,1.00,1.37
2017.12.01 08:10:42.719,1.17309,1.17321,1.12,1.10
2017.12.01 08:10:43.233,1.17308,1.17322,2.62,2.70
2017.12.01 08:10:43.746,1.17306,1.1732,1.12,2.77
2017.12.01 08:10:44.260,1.17305,1.17319,1.87,2.62
2017.12.01 08:10:44.788,1.17305,1.17317,1.00,1.12
2017.12.01 08:10:45.348,1.17304,1.17317,1.31,1.12
2017.12.01 08:10:46.400,1.17305,1.17318,1.00,1.87
2017.12.01 08:10:46.933,1.17304,1.17317,1.31,1.12
2017.12.01 08:10:48.466,1.17305,1.17318,1.00,1.95
2017.12.01 08:10:50.649,1.17306,1.17318,1.00,1.37
2017.12.01 08:10:51.345,1.17305,1.17318,1.50,1.37
2017.12.01 08:10:51.658,1.17308,1.1732,1.00,1.87
2017.12.01 08:10:52.420,1.17309,1.1732,1.00,1.37
2017.12.01 08:10:52.963,1.17309,1.17321,1.00,1.87
2017.12.01 08:10:53.326,1.17312,1.17322,1.00,1.37
2017.12.01 08:10:56.389,1.17311,1.17322,1.00,1.37
2017.12.01 08:10:56.935,1.17312,1.17322,1.00,1.37
2017.12.01 08:10:56.987,1.1731,1.17322,1.88,1.37
2017.12.01 08:10:57.587,1.17312,1.17322,1.00,1.37
2017.12.01 08:10:58.602,1.17311,1.17322,1.00,1.37
2017.12.01 08:10:58.756,1.17311,1.17324,1.69,4.13
2017.12.01 08:10:58.808,1.17311,1.17322,1.69,1.37
2017.12.01 08:10:59.228,1.17313,1.17323,1.00,2.06
2017.12.01 08:10:59.745,1.17312,1.17323,1.00,2.06
2017.12.01 08:11:01.107,1.17313,1.17323,1.00,1.87
2017.12.01 08:11:01.491,1.17313,1.17324,1.12,1.00
2017.12.01 08:11:06.405,1.17312,1.17324,1.87,2.44
2017.12.01 08:11:06.511,1.17311,1.1732,1.95,1.00
2017.12.01 08:11:06.769,1.17311,1.17323,1.87,1.50
2017.12.01 08:11:07.290,1.17311,1.17322,1.12,1.00
2017.12.01 08:11:09.974,1.17313,1.17323,1.00,1.00
2017.12.01 08:11:10.182,1.17318,1.17329,1.30,1.00
2017.12.01 08:11:10.285,1.17318,1.17331,3.07,1.50
2017.12.01 08:11:10.787,1.17317,1.1733,2.25,1.69
2017.12.01 08:11:11.318,1.17317,1.17328,1.37,1.00
2017.12.01 08:11:11.687,1.17322,1.17329,1.00,1.00
2017.12.01 08:11:12.083,1.17322,1.17332,1.00,1.12
2017.12.01 08:11:12.601,1.17323,1.17332,1.00,1.00
2017.12.01 08:11:13.219,1.17321,1.17332,1.87,1.00
2017.12.01 08:11:14.266,1.17323,1.17332,1.12,1.00
2017.12.01 08:11:14.421,1.1732,1.17332,3.94,1.00
2017.12.01 08:11:14.633,1.17323,1.17332,1.12,1.00
2017.12.01 08:11:14.685,1.17323,1.17334,1.12,1.00
2017.12.01 08:11:15.151,1.17321,1.17334,1.12,1.31
2017.12.01 08:11:15.653,1.17323,1.17335,1.00,1.80
2017.12.01 08:11:16.173,1.17323,1.17336,3.00,1.00
2017.12.01 08:11:16.723,1.17323,1.17337,2.89,1.31
2017.12.01 08:11:17.494,1.17322,1.17335,1.30,1.50
2017.12.01 08:11:18.081,1.17323,1.17336,2.06,1.20
2017.12.01 08:11:18.389,1.17319,1.17331,3.49,1.00
2017.12.01 08:11:18.918,1.1732,1.17333,1.35,2.62
2017.12.01 08:11:19.514,1.17319,1.17332,2.81,1.87
2017.12.01 08:11:20.020,1.17318,1.17327,1.47,1.00
2017.12.01 08:11:20.073,1.17314,1.17325,1.35,1.50
2017.12.01 08:11:20.192,1.17313,1.17322,1.10,1.00
2017.12.01 08:11:20.247,1.17311,1.17324,1.00,2.81
2017.12.01 08:11:20.563,1.17312,1.17322,1.19,1.00
2017.12.01 08:11:20.719,1.17311,1.17322,1.13,1.00
2017.12.01 08:11:20.907,1.17309,1.17322,3.56,1.12
2017.12.01 08:11:21.437,1.17309,1.17322,1.12,2.70
2017.12.01 08:11:21.986,1.17308,1.17322,1.12,3.64
2017.12.01 08:11:23.292,1.17308,1.17321,1.00,1.88
2017.12.01 08:11:28.230,1.17309,1.17321,1.25,1.20
2017.12.01 08:11:28.769,1.17309,1.17323,1.50,3.26
2017.12.01 08:11:30.732,1.17309,1.17322,1.25,1.95
2017.12.01 08:11:31.258,1.1731,1.17323,1.88,1.39
2017.12.01 08:11:33.624,1.17312,1.17323,1.00,1.63
2017.12.01 08:11:34.511,1.17312,1.17324,1.00,3.64
2017.12.01 08:11:36.814,1.1731,1.17321,1.00,1.00
2017.12.01 08:11:37.326,1.17309,1.17321,1.31,1.00
2017.12.01 08:11:40.984,1.17308,1.17321,2.81,1.12
2017.12.01 08:11:44.291,1.17308,1.17321,2.06,2.25
2017.12.01 08:11:44.848,1.17308,1.17321,1.69,1.87
2017.12.01 08:11:45.818,1.17307,1.17319,3.94,1.45
2017.12.01 08:11:46.330,1.17307,1.17319,2.25,1.57
2017.12.01 08:11:47.323,1.17307,1.17319,1.12,2.32
2017.12.01 08:11:47.631,1.17305,1.17317,3.98,1.45
2017.12.01 08:11:48.256,1.17304,1.17316,3.60,1.95
2017.12.01 08:11:48.775,1.17305,1.17315,1.91,1.45
2017.12.01 08:11:49.427,1.17304,1.17315,1.54,1.57
2017.12.01 08:11:50.027,1.17303,1.17315,2.10,1.95
2017.12.01 08:11:50.562,1.17303,1.17314,2.85,1.45
2017.12.01 08:11:50.795,1.17303,1.17315,1.25,1.50
2017.12.01 08:11:51.242,1.17302,1.17312,1.25,1.00
2017.12.01 08:11:51.601,1.173,1.17312,1.69,1.00
2017.12.01 08:11:51.653,1.17301,1.17314,1.50,1.87
2017.12.01 08:11:52.067,1.17299,1.17313,3.41,1.87
2017.12.01 08:11:52.603,1.17299,1.17311,2.10,1.00
2017.12.01 08:11:53.238,1.17299,1.17311,1.91,1.00
2017.12.01 08:11:54.280,1.17299,1.17312,2.10,2.06
2017.12.01 08:11:54.822,1.173,1.17314,3.94,2.06
2017.12.01 08:11:55.352,1.17299,1.17313,3.97,2.62
2017.12.01 08:11:55.844,1.17298,1.17311,2.06,1.45
2017.12.01 08:11:56.153,1.17298,1.1731,1.87,1.45
2017.12.01 08:11:57.002,1.17297,1.1731,1.00,1.72
2017.12.01 08:11:57.055,1.17296,1.17308,1.50,1.80
2017.12.01 08:11:57.109,1.17294,1.17308,3.41,1.72
2017.12.01 08:11:57.652,1.17294,1.17308,3.00,1.12
2017.12.01 08:11:57.949,1.17294,1.17306,1.87,1.05
2017.12.01 08:11:58.275,1.17297,1.17308,2.25,1.45
2017.12.01 08:11:58.483,1.17297,1.1731,1.69,1.73
2017.12.01 08:11:59.074,1.17297,1.17311,2.25,2.85
2017.12.01 08:11:59.134,1.17297,1.1731,3.00,1.45
2017.12.01 08:11:59.686,1.17299,1.17312,1.00,1.91
2017.12.01 08:12:00.218,1.17298,1.17311,3.00,1.00
2017.12.01 08:12:00.322,1.17298,1.17311,3.00,1.45
2017.12.01 08:12:00.375,1.17297,1.1731,1.88,2.47
2017.12.01 08:12:00.428,1.17296,1.17309,1.12,2.10
2017.12.01 08:12:00.902,1.17295,1.17308,2.25,1.45
2017.12.01 08:12:01.005,1.17295,1.17309,2.25,1.72
2017.12.01 08:12:01.108,1.17295,1.17308,2.25,1.24
2017.12.01 08:12:02.032,1.17294,1.17308,3.38,1.91
2017.12.01 08:12:02.364,1.17294,1.17307,3.38,1.45
2017.12.01 08:12:02.415,1.17294,1.17308,3.38,1.87
2017.12.01 08:12:02.629,1.17294,1.17307,3.98,1.45
2017.12.01 08:12:03.597,1.17294,1.17307,2.25,1.00
2017.12.01 08:12:03.648,1.17294,1.17307,2.25,1.45
2017.12.01 08:12:04.837,1.17294,1.17306,1.75,1.00
2017.12.01 08:12:05.345,1.17294,1.17307,1.81,1.35
2017.12.01 08:12:05.998,1.17295,1.17307,1.50,2.10
2017.12.01 08:12:06.107,1.17293,1.17307,2.44,2.47
2017.12.01 08:12:06.212,1.17293,1.17306,2.44,1.80
2017.12.01 08:12:06.399,1.17293,1.17307,2.63,2.47
2017.12.01 08:12:06.770,1.17292,1.17305,3.56,1.80
2017.12.01 08:12:07.078,1.17291,1.17303,2.25,1.05
2017.12.01 08:12:07.677,1.1729,1.17303,1.00,2.66
2017.12.01 08:12:07.729,1.17288,1.17299,1.12,1.45
2017.12.01 08:12:08.245,1.17287,1.173,1.00,2.47
2017.12.01 08:12:08.760,1.17285,1.17298,2.25,1.35
2017.12.01 08:12:09.071,1.17285,1.17295,1.00,1.45
2017.12.01 08:12:09.124,1.17283,1.17295,1.12,1.45
2017.12.01 08:12:09.177,1.17282,1.17294,1.87,1.05
2017.12.01 08:12:09.701,1.17282,1.17294,1.50,1.60
2017.12.01 08:12:10.281,1.17281,1.17294,1.50,1.72
2017.12.01 08:12:11.068,1.1728,1.17294,2.63,2.47
2017.12.01 08:12:11.875,1.17281,1.17292,1.50,1.19
2017.12.01 08:12:11.927,1.17279,1.17291,1.12,2.14
2017.12.01 08:12:12.485,1.17278,1.1729,3.00,1.70
2017.12.01 08:12:13.102,1.17278,1.1729,1.50,1.45
2017.12.01 08:12:13.569,1.17277,1.1729,1.37,1.50
2017.12.01 08:12:14.064,1.17277,1.17289,1.00,1.45
2017.12.01 08:12:14.618,1.17274,1.17288,3.19,1.12
2017.12.01 08:12:14.671,1.17275,1.17288,1.75,1.50
2017.12.01 08:12:15.185,1.17275,1.17288,1.50,1.69
2017.12.01 08:12:15.580,1.17275,1.17286,1.50,1.45
2017.12.01 08:12:16.162,1.17275,1.17287,1.75,1.45
2017.12.01 08:12:16.805,1.17276,1.17287,1.87,1.76
2017.12.01 08:12:18.326,1.17276,1.17287,1.50,1.45
2017.12.01 08:12:18.378,1.17277,1.17288,1.37,1.45
2017.12.01 08:12:18.433,1.17278,1.17292,1.31,3.75
2017.12.01 08:12:18.485,1.17278,1.17289,1.31,1.45
2017.12.01 08:12:18.641,1.17277,1.17291,2.06,1.87
2017.12.01 08:12:18.695,1.17277,1.17289,2.06,1.45
2017.12.01 08:12:19.244,1.17277,1.17289,2.25,1.45
2017.12.01 08:12:20.679,1.17284,1.17295,1.00,1.75
2017.12.01 08:12:20.732,1.17286,1.173,2.06,4.01
2017.12.01 08:12:20.886,1.17288,1.17302,2.25,3.08
2017.12.01 08:12:21.508,1.17286,1.17299,1.50,1.19
2017.12.01 08:12:21.915,1.17285,1.17298,1.63,1.44
2017.12.01 08:12:22.495,1.17284,1.17297,1.63,1.31
2017.12.01 08:12:22.851,1.17284,1.17297,1.63,1.76
2017.12.01 08:12:23.487,1.17284,1.17296,1.00,1.01
2017.12.01 08:12:24.566,1.17282,1.17295,2.25,1.45
2017.12.01 08:12:24.619,1.17281,1.17294,1.12,1.64
2017.12.01 08:12:24.671,1.17281,1.17294,1.12,1.64
2017.12.01 08:12:25.210,1.1728,1.17294,2.25,2.14
2017.12.01 08:12:26.176,1.17281,1.17294,1.50,1.95
2017.12.01 08:12:26.436,1.17281,1.17294,1.50,1.50
2017.12.01 08:12:26.872,1.17281,1.17294,1.50,1.76
2017.12.01 08:12:27.201,1.17278,1.17292,2.59,2.89
2017.12.01 08:12:27.883,1.17278,1.17292,2.44,3.64
2017.12.01 08:12:28.327,1.17277,1.17291,1.12,4.31
2017.12.01 08:12:28.431,1.17277,1.1729,1.12,1.50
2017.12.01 08:12:29.517,1.17277,1.1729,1.12,1.50
2017.12.01 08:12:30.063,1.17277,1.17291,1.50,4.50
2017.12.01 08:12:30.220,1.17277,1.17291,1.87,1.39
2017.12.01 08:12:30.325,1.17279,1.17292,1.50,1.07
2017.12.01 08:12:30.597,1.1728,1.17293,1.00,1.58
2017.12.01 08:12:33.122,1.17282,1.17295,2.06,1.20
2017.12.01 08:12:33.439,1.17283,1.17293,1.12,1.00
2017.12.01 08:12:34.962,1.17281,1.17293,2.06,1.19
2017.12.01 08:12:35.065,1.1728,1.17291,1.12,1.95
2017.12.01 08:12:35.118,1.17278,1.17289,1.31,1.25
2017.12.01 08:12:37.329,1.17278,1.17289,1.31,1.19
2017.12.01 08:12:37.526,1.17273,1.17284,2.06,1.00
2017.12.01 08:12:37.989,1.17271,1.17283,2.25,1.01
2017.12.01 08:12:38.521,1.17271,1.17283,2.25,1.20
2017.12.01 08:12:39.386,1.1727,1.17283,2.25,2.14
2017.12.01 08:12:39.871,1.17269,1.17279,1.12,1.00
2017.12.01 08:12:39.977,1.17265,1.17278,2.06,1.00
2017.12.01 08:12:40.306,1.17267,1.17279,1.50,1.20
2017.12.01 08:12:40.823,1.17268,1.17279,2.25,1.20
2017.12.01 08:12:41.236,1.1727,1.1728,1.63,1.10
2017.12.01 08:12:41.747,1.1727,1.17281,1.37,1.57
2017.12.01 08:12:42.590,1.1727,1.17281,1.37,2.70
2017.12.01 08:12:43.203,1.1727,1.17281,1.37,2.32
2017.12.01 08:12:43.868,1.17269,1.17281,2.06,2.32
2017.12.01 08:12:44.723,1.17269,1.17281,1.87,1.20
2017.12.01 08:12:45.227,1.17269,1.17281,2.06,1.00
2017.12.01 08:12:45.952,1.17269,1.17281,2.81,1.20
2017.12.01 08:12:46.494,1.1727,1.17281,1.31,1.10
2017.12.01 08:12:50.896,1.17271,1.17281,1.44,1.10
2017.12.01 08:12:51.360,1.17272,1.17282,1.50,1.10
2017.12.01 08:12:52.375,1.17272,1.17282,1.50,1.00
2017.12.01 08:12:52.885,1.17271,1.17282,1.50,1.00
2017.12.01 08:12:53.433,1.17271,1.17282,1.12,1.10
2017.12.01 08:12:53.987,1.17271,1.17282,1.12,1.95
2017.12.01 08:12:54.496,1.17271,1.1728,1.12,1.00
2017.12.01 08:12:55.265,1.1727,1.1728,1.31,1.00
2017.12.01 08:12:57.601,1.1727,1.1728,2.25,1.00
2017.12.01 08:12:58.128,1.1727,1.1728,1.12,1.00
2017.12.01 08:12:59.018,1.17269,1.1728,1.10,1.00
2017.12.01 08:13:00.244,1.17268,1.17279,2.70,1.00
2017.12.01 08:13:00.770,1.17272,1.17281,1.00,1.50
2017.12.01 08:13:01.083,1.17274,1.1728,2.81,1.00
2017.12.01 08:13:01.678,1.17274,1.17281,2.06,1.50
2017.12.01 08:13:02.205,1.17273,1.1728,2.51,1.00
2017.12.01 08:13:13.151,1.17274,1.17281,2.06,1.50
2017.12.01 08:13:13.463,1.17276,1.17283,2.25,1.50
2017.12.01 08:13:13.955,1.17278,1.17283,1.00,1.00
2017.12.01 08:13:14.494,1.17278,1.17284,1.76,1.50
2017.12.01 08:13:17.443,1.1728,1.17286,1.44,1.50
2017.12.01 08:13:17.991,1.1728,1.17285,1.31,1.00
2017.12.01 08:13:19.054,1.1728,1.17286,1.50,1.50
2017.12.01 08:13:19.365,1.17283,1.17287,1.00,1.50
2017.12.01 08:13:19.877,1.17282,1.17287,1.12,1.50
2017.12.01 08:13:20.398,1.17283,1.17289,2.44,1.50
2017.12.01 08:13:20.503,1.17285,1.17292,1.25,1.50
2017.12.01 08:13:20.555,1.17285,1.17294,1.25,1.50
2017.12.01 08:13:21.458,1.17286,1.17294,1.00,1.00
2017.12.01 08:13:22.720,1.17286,1.17296,1.58,1.50
2017.12.01 08:13:22.824,1.17287,1.17296,1.50,1.50
2017.12.01 08:13:23.479,1.17286,1.17296,2.33,1.50
2017.12.01 08:13:24.458,1.17286,1.17296,1.76,1.50
2017.12.01 08:13:24.998,1.17287,1.17296,1.00,1.50
2017.12.01 08:13:25.526,1.17286,1.17296,1.31,1.50
2017.12.01 08:13:26.903,1.17286,1.17296,1.00,1.69
2017.12.01 08:13:27.462,1.17285,1.17295,1.12,1.00
2017.12.01 08:13:28.003,1.17285,1.17296,2.25,1.50
2017.12.01 08:13:31.203,1.17286,1.17296,3.64,1.50
2017.12.01 08:13:33.077,1.17287,1.17296,1.50,1.50
2017.12.01 08:13:33.383,1.1729,1.17301,3.00,1.00
2017.12.01 08:13:33.435,1.17291,1.17301,2.25,1.00
2017.12.01 08:13:33.939,1.17291,1.17302,1.63,1.50
2017.12.01 08:13:34.279,1.17297,1.17307,3.41,1.50
2017.12.01 08:13:34.593,1.17301,1.1731,1.10,1.00
2017.12.01 08:13:34.751,1.17302,1.17313,3.56,1.50
2017.12.01 08:13:35.276,1.17301,1.17314,2.06,2.63
2017.12.01 08:13:35.886,1.17301,1.17314,1.12,3.00
2017.12.01 08:13:36.488,1.17301,1.17312,1.10,1.25
2017.12.01 08:13:36.832,1.17299,1.17311,2.32,1.31
2017.12.01 08:13:37.375,1.17299,1.17311,2.32,1.25
2017.12.01 08:13:39.708,1.17301,1.17312,1.12,1.50
2017.12.01 08:13:40.189,1.17298,1.17311,2.14,1.69
2017.12.01 08:13:41.089,1.17298,1.17311,1.57,2.25
2017.12.01 08:13:41.634,1.17298,1.17309,1.00,1.00
2017.12.01 08:13:42.180,1.17297,1.17309,1.31,1.00
2017.12.01 08:13:44.471,1.17296,1.17307,1.57,1.00
2017.12.01 08:13:44.978,1.17296,1.17307,1.57,1.00
2017.12.01 08:13:46.679,1.17296,1.17307,1.57,1.00
2017.12.01 08:13:47.415,1.17297,1.17309,3.86,1.50
2017.12.01 08:13:47.919,1.17298,1.17308,1.57,1.00
2017.12.01 08:13:48.565,1.17297,1.17309,3.00,1.00
2017.12.01 08:13:48.875,1.17305,1.17309,1.00,1.00
2017.12.01 08:13:49.188,1.17312,1.17318,1.00,1.00
2017.12.01 08:13:49.360,1.1731,1.17321,1.50,2.10
2017.12.01 08:13:49.773,1.17308,1.1732,1.57,1.73
2017.12.01 08:13:50.283,1.17307,1.17318,1.87,1.13
2017.12.01 08:13:51.192,1.17307,1.17319,2.62,1.00
2017.12.01 08:13:52.622,1.17307,1.17319,1.37,1.88
2017.12.01 08:13:53.135,1.17307,1.17319,1.87,1.00
2017.12.01 08:13:53.763,1.17308,1.17319,1.37,1.00
2017.12.01 08:13:55.044,1.17309,1.17321,1.12,2.44
2017.12.01 08:13:55.741,1.1731,1.17321,1.12,2.25
2017.12.01 08:13:57.149,1.17309,1.17321,2.32,1.72
2017.12.01 08:13:57.719,1.17308,1.17321,2.51,2.10
2017.12.01 08:13:58.222,1.17309,1.17321,1.57,1.73
2017.12.01 08:13:58.887,1.17309,1.17321,1.57,1.72
2017.12.01 08:13:59.552,1.17309,1.17321,1.63,1.31
2017.12.01 08:14:00.080,1.17311,1.17321,1.00,1.54
2017.12.01 08:14:00.911,1.1731,1.1732,1.00,1.16
2017.12.01 08:14:01.956,1.17308,1.1732,3.07,1.35
2017.12.01 08:14:02.567,1.17303,1.17312,1.82,1.75
2017.12.01 08:14:02.620,1.17301,1.1731,1.00,1.00
2017.12.01 08:14:02.672,1.17298,1.17308,1.12,1.00
2017.12.01 08:14:02.876,1.17295,1.17301,1.00,1.00
2017.12.01 08:14:02.980,1.17288,1.17302,3.07,3.90
2017.12.01 08:14:03.493,1.17288,1.17299,2.32,1.00
2017.12.01 08:14:04.937,1.17287,1.17299,1.45,1.00
2017.12.01 08:14:04.990,1.17287,1.17297,1.10,1.00
2017.12.01 08:14:05.497,1.17287,1.17298,1.37,1.00
2017.12.01 08:14:06.021,1.17288,1.17298,1.37,1.00
2017.12.01 08:14:06.534,1.17289,1.173,1.76,1.25
2017.12.01 08:14:07.058,1.17289,1.17301,2.51,1.00
2017.12.01 08:14:09.499,1.1729,1.17301,2.32,1.00
2017.12.01 08:14:10.147,1.17291,1.17301,2.32,1.00
2017.12.01 08:14:10.411,1.17293,1.17303,3.07,1.00
2017.12.01 08:14:10.829,1.17295,1.17301,1.76,1.00
2017.12.01 08:14:11.446,1.17293,1.17301,2.89,1.00
2017.12.01 08:14:12.056,1.17294,1.17301,1.10,1.00
2017.12.01 08:14:12.369,1.17295,1.17303,1.57,1.00
2017.12.01 08:14:12.739,1.17293,1.17301,2.51,1.00
2017.12.01 08:14:12.793,1.17292,1.17301,1.69,1.00
2017.12.01 08:14:12.899,1.1729,1.17299,1.82,1.00
2017.12.01 08:14:13.201,1.17295,1.173,1.37,1.00
2017.12.01 08:14:13.351,1.17292,1.173,1.37,1.00
2017.12.01 08:14:13.663,1.17293,1.17299,2.25,1.00
2017.12.01 08:14:13.716,1.17294,1.17301,1.63,1.00
2017.12.01 08:14:14.250,1.17292,1.173,1.00,1.00
2017.12.01 08:14:14.354,1.17292,1.17302,1.00,1.00
2017.12.01 08:14:14.406,1.17292,1.173,1.00,1.00
2017.12.01 08:14:14.934,1.17292,1.173,2.63,1.00
2017.12.01 08:14:15.458,1.17293,1.17301,1.57,1.00
2017.12.01 08:14:16.515,1.17292,1.17301,1.76,1.00
2017.12.01 08:14:18.022,1.17293,1.173,2.25,1.00
2017.12.01 08:14:19.006,1.17294,1.173,1.37,1.00
2017.12.01 08:14:21.754,1.17292,1.173,1.63,1.00
2017.12.01 08:14:23.071,1.17291,1.173,1.63,1.00
2017.12.01 08:14:23.690,1.17291,1.17299,1.63,1.00
2017.12.01 08:14:26.192,1.17289,1.17299,2.25,1.00
2017.12.01 08:14:31.101,1.1729,1.17299,1.01,1.00
2017.12.01 08:14:33.371,1.1729,1.17299,1.10,1.00
2017.12.01 08:14:39.617,1.17288,1.17297,2.32,1.00
2017.12.01 08:14:40.029,1.17288,1.17301,1.57,1.25
2017.12.01 08:14:40.557,1.17288,1.17302,2.70,1.31
2017.12.01 08:14:41.088,1.1729,1.17302,1.95,1.19
2017.12.01 08:14:42.282,1.17291,1.17303,1.10,2.06
2017.12.01 08:14:43.609,1.17291,1.17303,1.10,1.19
2017.12.01 08:14:47.003,1.17291,1.17303,1.10,1.31
2017.12.01 08:14:47.536,1.17291,1.17303,1.10,1.31
2017.12.01 08:14:48.433,1.17291,1.17303,1.10,1.19
2017.12.01 08:14:48.654,1.17291,1.17304,1.57,1.69
2017.12.01 08:14:49.189,1.17292,1.17304,1.57,1.13
2017.12.01 08:14:49.706,1.17292,1.17304,1.57,1.44
2017.12.01 08:14:50.940,1.17292,1.17304,1.57,1.00
2017.12.01 08:14:51.443,1.17293,1.17304,1.76,1.00
2017.12.01 08:14:51.969,1.17293,1.17305,1.76,1.00
2017.12.01 08:14:52.503,1.17293,1.17304,1.76,1.25
2017.12.01 08:14:52.555,1.17293,1.17303,1.57,1.19
2017.12.01 08:14:53.082,1.17292,1.17304,1.57,1.31
2017.12.01 08:14:53.288,1.17292,1.17304,1.57,1.25
2017.12.01 08:14:53.603,1.17296,1.17307,1.37,1.69
2017.12.01 08:14:53.861,1.17297,1.17309,1.37,1.25
2017.12.01 08:14:54.410,1.17298,1.1731,1.57,1.25
2017.12.01 08:14:56.655,1.17298,1.17311,1.69,1.00
2017.12.01 08:14:57.160,1.17297,1.1731,2.06,1.44
2017.12.01 08:14:57.532,1.17298,1.17311,2.81,1.00
2017.12.01 08:14:57.797,1.173,1.17313,1.12,1.25
2017.12.01 08:14:58.328,1.173,1.17313,1.12,1.63
2017.12.01 08:14:58.434,1.17301,1.17314,1.87,1.19
2017.12.01 08:14:58.763,1.17301,1.17314,2.14,1.44
2017.12.01 08:14:59.339,1.17301,1.17314,2.14,1.31
2017.12.01 08:14:59.542,1.17303,1.17316,2.62,1.13
2017.12.01 08:14:59.594,1.17305,1.17318,1.12,1.00
2017.12.01 08:14:59.646,1.17306,1.17319,2.62,1.24
2017.12.01 08:15:00.157,1.17305,1.17318,1.63,1.19
2017.12.01 08:15:00.467,1.17304,1.17317,2.25,1.31
2017.12.01 08:15:00.841,1.17304,1.17318,1.50,2.44
2017.12.01 08:15:01.022,1.17305,1.17319,3.00,2.06
2017.12.01 08:15:01.699,1.17306,1.17319,1.31,2.06
2017.12.01 08:15:02.315,1.17306,1.17319,1.12,2.06
2017.12.01 08:15:02.569,1.17307,1.1732,2.06,1.31
2017.12.01 08:15:03.071,1.17307,1.1732,1.76,1.31
2017.12.01 08:15:03.816,1.17307,1.1732,1.31,1.31
2017.12.01 08:15:04.224,1.17304,1.17318,2.62,1.63
2017.12.01 08:15:05.135,1.17304,1.17317,2.51,1.25
2017.12.01 08:15:06.331,1.17303,1.17316,1.01,1.63
2017.12.01 08:15:06.385,1.17302,1.17315,1.12,2.06
2017.12.01 08:15:06.542,1.17301,1.17314,2.25,1.44
2017.12.01 08:15:07.114,1.17301,1.17314,1.00,1.44
2017.12.01 08:15:08.682,1.173,1.17313,1.31,1.44
2017.12.01 08:15:09.213,1.17301,1.17314,1.31,2.14
2017.12.01 08:15:09.780,1.17299,1.17312,2.25,1.19
2017.12.01 08:15:10.086,1.17298,1.17309,2.06,1.25
2017.12.01 08:15:10.449,1.17296,1.17307,2.62,1.00
2017.12.01 08:15:10.554,1.17294,1.17307,3.45,1.69
2017.12.01 08:15:11.494,1.17296,1.17307,1.00,1.69
2017.12.01 08:15:11.549,1.17296,1.17305,1.44,1.00
2017.12.01 08:15:11.601,1.17295,1.17305,1.31,1.00
2017.12.01 08:15:12.392,1.17294,1.17303,1.50,1.00
2017.12.01 08:15:12.785,1.17296,1.17307,1.92,1.00
2017.12.01 08:15:12.838,1.17301,1.17309,1.15,1.00
2017.12.01 08:15:13.914,1.173,1.17312,1.24,1.50
2017.12.01 08:15:13.968,1.17304,1.17315,1.24,1.00
2017.12.01 08:15:14.023,1.17304,1.17317,1.24,1.20
2017.12.01 08:15:14.076,1.17304,1.17315,1.99,1.00
2017.12.01 08:15:14.495,1.17305,1.17315,1.05,1.00
2017.12.01 08:15:15.508,1.17304,1.17315,2.18,1.00
2017.12.01 08:15:16.832,1.17305,1.17315,1.24,1.00
2017.12.01 08:15:17.434,1.17305,1.17315,1.24,1.00
2017.12.01 08:15:19.850,1.17304,1.17315,1.99,1.00
2017.12.01 08:15:20.530,1.17304,1.17315,1.13,1.00
2017.12.01 08:15:21.094,1.17303,1.17315,1.44,1.12
2017.12.01 08:15:21.935,1.17303,1.17313,1.19,1.12
2017.12.01 08:15:21.987,1.17301,1.17313,1.76,1.87
2017.12.01 08:15:22.493,1.173,1.17313,1.50,2.62
2017.12.01 08:15:24.914,1.17301,1.17313,2.44,1.87
2017.12.01 08:15:25.017,1.17301,1.17313,3.00,1.87
2017.12.01 08:15:26.140,1.17302,1.17313,1.69,1.87
2017.12.01 08:15:26.450,1.17302,1.17313,2.44,1.00
2017.12.01 08:15:27.155,1.17305,1.17314,1.56,1.00
2017.12.01 08:15:27.262,1.17308,1.17318,1.19,1.20
2017.12.01 08:15:27.315,1.17306,1.17317,1.61,1.00
2017.12.01 08:15:27.470,1.17305,1.17317,2.44,1.00
2017.12.01 08:15:27.829,1.17305,1.17319,3.00,2.81
2017.12.01 08:15:30.025,1.17309,1.1732,1.44,1.07
2017.12.01 08:15:30.181,1.17311,1.17323,1.44,1.39
2017.12.01 08:15:30.764,1.1731,1.17323,1.50,1.20
2017.12.01 08:15:31.254,1.17309,1.17323,1.31,3.26
2017.12.01 08:15:31.763,1.17308,1.17322,1.50,2.89
2017.12.01 08:15:31.818,1.1731,1.17323,1.63,4.01
2017.12.01 08:15:31.976,1.17311,1.17324,2.44,1.87
2017.12.01 08:15:32.028,1.17311,1.17324,2.25,1.95
2017.12.01 08:15:32.538,1.17311,1.17324,2.44,1.20
2017.12.01 08:15:33.001,1.17314,1.17324,1.44,1.12
2017.12.01 08:15:33.106,1.17313,1.17326,1.25,2.14
2017.12.01 08:15:33.621,1.17312,1.17325,1.25,1.62
2017.12.01 08:15:35.337,1.17311,1.17324,1.00,1.50
2017.12.01 08:15:35.883,1.17309,1.17323,1.69,2.06
2017.12.01 08:15:36.399,1.17309,1.17322,1.19,4.01
2017.12.01 08:15:36.921,1.17309,1.17322,1.25,4.01
2017.12.01 08:15:38.870,1.17306,1.1732,2.25,2.62
2017.12.01 08:15:39.423,1.17306,1.17319,1.19,2.06
2017.12.01 08:15:40.004,1.17306,1.17317,1.63,1.00
2017.12.01 08:15:43.365,1.17305,1.17317,2.25,1.00
2017.12.01 08:15:43.899,1.17304,1.17317,3.38,1.00
2017.12.01 08:15:44.470,1.17304,1.17316,1.69,1.00
2017.12.01 08:15:46.064,1.17306,1.17318,1.50,1.10
2017.12.01 08:15:46.592,1.17307,1.17319,1.31,1.12
2017.12.01 08:15:46.857,1.17306,1.17319,1.12,1.31
2017.12.01 08:15:46.963,1.17305,1.17318,1.25,3.00
2017.12.01 08:15:47.475,1.17305,1.17318,1.88,2.81
2017.12.01 08:15:48.079,1.17305,1.17318,2.44,1.12
2017.12.01 08:15:48.431,1.1731,1.17324,1.31,2.62
2017.12.01 08:15:48.978,1.1731,1.17324,2.44,2.81
2017.12.01 08:15:49.951,1.17312,1.17324,1.25,1.87
2017.12.01 08:15:50.004,1.17312,1.17324,2.33,1.12
2017.12.01 08:15:50.109,1.17312,1.17324,1.88,1.12
2017.12.01 08:15:50.988,1.17313,1.17325,1.88,1.12
2017.12.01 08:15:59.877,1.17313,1.17325,1.25,1.87
2017.12.01 08:15:59.930,1.17312,1.17322,1.69,1.00
2017.12.01 08:16:00.089,1.17314,1.17326,2.63,1.20
2017.12.01 08:16:00.862,1.17314,1.17327,1.69,1.58
2017.12.01 08:16:00.969,1.17315,1.17328,1.38,3.26
2017.12.01 08:16:01.495,1.17315,1.17327,1.00,1.10
2017.12.01 08:16:02.758,1.17314,1.17327,1.31,1.10
2017.12.01 08:16:03.418,1.17314,1.17328,1.50,3.83
2017.12.01 08:16:04.280,1.17314,1.17328,2.25,3.83
2017.12.01 08:16:05.234,1.17314,1.17326,1.25,1.00
2017.12.01 08:16:05.771,1.17316,1.17327,1.13,1.39
2017.12.01 08:16:06.080,1.17317,1.17329,1.44,1.50
2017.12.01 08:16:06.590,1.17317,1.17329,1.44,1.00
2017.12.01 08:16:06.798,1.17322,1.17335,1.13,2.44
2017.12.01 08:16:07.127,1.17322,1.17335,3.00,1.00
2017.12.01 08:16:08.406,1.17322,1.17335,1.00,2.25
2017.12.01 08:16:08.919,1.17321,1.17335,1.31,3.00
2017.12.01 08:16:09.863,1.17323,1.17335,1.00,2.81
2017.12.01 08:16:10.070,1.17324,1.17337,1.25,2.14
2017.12.01 08:16:10.574,1.17324,1.17337,1.88,1.58
2017.12.01 08:16:12.604,1.17324,1.17337,1.25,1.50
2017.12.01 08:16:13.654,1.17325,1.17337,1.25,1.12
2017.12.01 08:16:13.900,1.17326,1.17339,3.23,1.00
2017.12.01 08:16:14.447,1.17326,1.17339,1.25,1.50
2017.12.01 08:16:14.987,1.17326,1.1734,2.06,1.50
2017.12.01 08:16:15.586,1.17326,1.17338,1.12,1.31
2017.12.01 08:16:16.124,1.17325,1.17338,1.31,1.50
2017.12.01 08:16:17.168,1.17325,1.17339,1.12,2.25
2017.12.01 08:16:17.677,1.17325,1.17338,1.12,1.00
2017.12.01 08:16:20.821,1.17325,1.17339,1.12,2.33
2017.12.01 08:16:21.141,1.17326,1.17339,1.50,1.12
2017.12.01 08:16:21.193,1.17327,1.1734,1.50,2.25
2017.12.01 08:16:22.187,1.17328,1.17341,1.00,2.25
2017.12.01 08:16:22.799,1.17328,1.1734,1.25,1.12
2017.12.01 08:16:24.985,1.17328,1.17341,1.50,1.50
2017.12.01 08:16:29.984,1.17328,1.17341,1.12,1.58
2017.12.01 08:16:30.617,1.17327,1.17339,1.12,1.25
2017.12.01 08:16:31.216,1.17326,1.17339,1.31,1.25
2017.12.01 08:16:32.998,1.17326,1.1734,1.31,3.45
2017.12.01 08:16:33.307,1.17324,1.17337,2.36,1.50
2017.12.01 08:16:33.862,1.17323,1.17337,3.11,1.87
2017.12.01 08:16:34.398,1.17324,1.17337,1.25,1.62
2017.12.01 08:16:34.945,1.17324,1.17338,2.06,2.33
2017.12.01 08:16:35.469,1.17324,1.17338,2.25,2.33
2017.12.01 08:16:40.053,1.17325,1.17337,1.00,1.00
2017.12.01 08:16:41.118,1.17326,1.17338,1.91,1.00
2017.12.01 08:16:41.221,1.17327,1.1734,1.87,1.39
2017.12.01 08:16:41.734,1.17326,1.17339,1.63,1.44
2017.12.01 08:16:42.267,1.17325,1.17338,2.70,1.25
2017.12.01 08:16:43.583,1.17325,1.17336,1.63,1.00
2017.12.01 08:16:43.636,1.17323,1.17335,1.57,1.00
2017.12.01 08:16:43.792,1.17322,1.17335,1.12,1.50
2017.12.01 08:16:44.389,1.17322,1.17335,1.12,1.95
2017.12.01 08:16:44.441,1.17321,1.17329,2.06,1.00
2017.12.01 08:16:44.776,1.17318,1.17325,3.60,1.00
2017.12.01 08:16:46.137,1.17317,1.17325,2.66,1.00
2017.12.01 08:16:46.292,1.17316,1.17324,1.31,1.00
2017.12.01 08:16:46.448,1.17314,1.17322,1.31,1.00
2017.12.01 08:16:46.551,1.17312,1.17324,3.00,1.50
2017.12.01 08:16:47.102,1.17313,1.17325,1.13,1.95
2017.12.01 08:16:47.158,1.17314,1.17325,1.44,1.57
2017.12.01 08:16:47.671,1.17312,1.17325,2.25,1.57
2017.12.01 08:16:48.727,1.17312,1.17325,2.25,1.57
2017.12.01 08:16:50.597,1.17314,1.17325,1.37,1.10
2017.12.01 08:16:50.799,1.17312,1.17325,2.06,1.10
2017.12.01 08:16:53.315,1.17311,1.17325,3.00,2.33
2017.12.01 08:16:59.807,1.17312,1.17325,1.88,1.95
2017.12.01 08:17:02.047,1.17316,1.17326,1.00,2.70
2017.12.01 08:17:02.393,1.17318,1.17324,2.14,1.50
2017.12.01 08:17:03.108,1.17317,1.17323,1.35,1.00
2017.12.01 08:17:03.263,1.17314,1.17321,2.14,1.00
2017.12.01 08:17:03.368,1.17313,1.1732,2.81,1.00
2017.12.01 08:17:03.882,1.17313,1.1732,1.20,1.00
2017.12.01 08:17:04.394,1.17313,1.1732,2.33,1.00
2017.12.01 08:17:04.756,1.17314,1.17321,2.25,1.00
2017.12.01 08:17:05.284,1.17314,1.1732,2.14,1.00
2017.12.01 08:17:06.641,1.17313,1.1732,4.01,1.00
2017.12.01 08:17:07.645,1.17314,1.1732,1.00,1.00
2017.12.01 08:17:08.580,1.17312,1.17318,4.95,1.00
2017.12.01 08:17:08.686,1.17307,1.17315,1.57,1.00
2017.12.01 08:17:08.877,1.17303,1.17314,1.95,1.00
2017.12.01 08:17:09.391,1.17302,1.17312,1.00,1.00
2017.12.01 08:17:09.845,1.17303,1.17314,4.24,1.00
2017.12.01 08:17:09.898,1.17307,1.17318,1.12,1.57
2017.12.01 08:17:10.212,1.17307,1.17318,4.01,1.00
2017.12.01 08:17:11.425,1.17308,1.17319,1.76,1.00
2017.12.01 08:17:12.033,1.17307,1.1732,1.45,2.62
2017.12.01 08:17:12.384,1.17306,1.17317,1.10,1.00
2017.12.01 08:17:12.923,1.17306,1.17316,1.80,1.00
2017.12.01 08:17:13.462,1.17304,1.17316,1.76,1.00
2017.12.01 08:17:14.942,1.17304,1.17316,1.80,3.37
2017.12.01 08:17:15.203,1.173,1.17311,1.10,1.50
2017.12.01 08:17:16.164,1.17301,1.17312,1.00,1.00
2017.12.01 08:17:16.704,1.173,1.17312,4.05,1.00
2017.12.01 08:17:17.694,1.173,1.17311,2.36,1.00
2017.12.01 08:17:17.853,1.17298,1.17309,2.32,1.50
2017.12.01 08:17:18.005,1.17298,1.17308,1.10,1.00
2017.12.01 08:17:18.213,1.17299,1.1731,1.12,1.00
2017.12.01 08:17:18.797,1.17299,1.17311,1.57,1.00
2017.12.01 08:17:19.537,1.173,1.1731,1.10,1.00
2017.12.01 08:17:21.568,1.17297,1.1731,5.55,1.00
2017.12.01 08:17:22.558,1.17297,1.17309,1.76,1.00
2017.12.01 08:17:22.611,1.17297,1.17307,1.12,1.00
2017.12.01 08:17:23.144,1.17295,1.17306,2.36,1.00
2017.12.01 08:17:24.298,1.17295,1.17307,2.92,1.00
2017.12.01 08:17:24.456,1.17297,1.17309,2.36,2.25
2017.12.01 08:17:25.246,1.17297,1.17309,2.55,1.50
2017.12.01 08:17:26.026,1.17297,1.17309,2.36,1.50
2017.12.01 08:17:27.393,1.17297,1.17308,1.20,1.50
2017.12.01 08:17:27.919,1.17297,1.17307,1.00,1.00
2017.12.01 08:17:29.562,1.17296,1.17307,1.80,1.50
2017.12.01 08:17:30.189,1.17296,1.17305,1.00,1.00
2017.12.01 08:17:30.241,1.17293,1.17304,2.47,1.00
2017.12.01 08:17:30.293,1.17291,1.17302,2.92,1.00
2017.12.01 08:17:30.892,1.17291,1.17302,2.70,1.00
2017.12.01 08:17:31.833,1.17292,1.17303,1.01,1.00
2017.12.01 08:17:32.475,1.17292,1.17304,2.92,1.00
2017.12.01 08:17:37.198,1.17293,1.17304,1.48,1.00
2017.12.01 08:17:37.920,1.17293,1.17305,1.01,1.00
2017.12.01 08:17:38.608,1.17293,1.17305,1.01,1.00
2017.12.01 08:17:40.344,1.17294,1.17304,1.57,1.00
2017.12.01 08:17:40.625,1.17301,1.17311,1.01,1.50
2017.12.01 08:17:41.870,1.17301,1.17312,5.36,1.00
2017.12.01 08:17:42.026,1.17304,1.17314,1.00,1.50
2017.12.01 08:17:42.577,1.17305,1.17313,1.12,1.00
2017.12.01 08:17:45.084,1.17305,1.17314,1.39,1.00
2017.12.01 08:17:45.410,1.17307,1.17313,3.30,1.50
2017.12.01 08:17:45.952,1.17306,1.17312,1.37,1.00
2017.12.01 08:17:46.502,1.17305,1.17312,4.20,1.00
2017.12.01 08:17:48.854,1.17305,1.17312,1.10,1.00
2017.12.01 08:17:49.162,1.17303,1.1731,1.01,1.50
2017.12.01 08:17:50.384,1.17303,1.1731,1.29,1.50
2017.12.01 08:17:50.931,1.17302,1.17309,2.14,1.00
2017.12.01 08:17:51.550,1.17302,1.17309,1.66,1.00
2017.12.01 08:17:52.095,1.17301,1.17309,4.58,1.00
2017.12.01 08:17:52.608,1.17301,1.17309,4.58,1.50
2017.12.01 08:17:52.943,1.17299,1.17307,3.68,1.00
2017.12.01 08:17:53.765,1.17299,1.17307,3.68,1.00
2017.12.01 08:17:54.283,1.17299,1.17307,3.86,1.00
2017.12.01 08:17:56.945,1.17299,1.17307,2.36,1.00
2017.12.01 08:17:57.255,1.17299,1.17305,1.31,1.00
2017.12.01 08:18:02.561,1.17299,1.17304,1.01,1.00
2017.12.01 08:18:06.285,1.17297,1.17304,3.68,1.00
2017.12.01 08:18:12.560,1.17297,1.17304,2.36,1.00
2017.12.01 08:18:18.792,1.17297,1.17304,3.04,1.00
2017.12.01 08:18:19.302,1.17297,1.17304,2.10,1.00
2017.12.01 08:18:26.426,1.17297,1.17304,2.10,1.00
2017.12.01 08:18:36.243,1.17299,1.17304,1.00,1.00
2017.12.01 08:18:37.694,1.17297,1.17304,4.80,1.00
2017.12.01 08:18:38.217,1.17297,1.17304,1.54,1.50
2017.12.01 08:18:39.678,1.17298,1.17304,1.00,1.50
2017.12.01 08:18:43.876,1.17298,1.17303,1.12,1.00
2017.12.01 08:18:49.134,1.17299,1.17303,1.12,1.00
2017.12.01 08:18:50.318,1.173,1.17304,1.00,1.50
2017.12.01 08:18:50.559,1.17301,1.17306,1.12,1.00
2017.12.01 08:18:53.640,1.17302,1.17306,1.00,1.50
2017.12.01 08:18:54.232,1.17301,1.17306,1.31,1.00
2017.12.01 08:18:54.849,1.17302,1.17306,1.25,1.00
2017.12.01 08:18:56.612,1.173,1.17306,3.60,1.00
2017.12.01 08:18:59.006,1.173,1.17306,1.72,1.00
2017.12.01 08:19:00.117,1.17298,1.17305,1.37,1.00
2017.12.01 08:19:00.671,1.17297,1.17305,5.10,1.00
2017.12.01 08:19:02.423,1.17297,1.17305,1.91,1.00
2017.12.01 08:19:02.619,1.17297,1.17303,1.91,1.00
2017.12.01 08:19:03.480,1.17295,1.17303,1.91,1.00
2017.12.01 08:19:04.386,1.17293,1.17301,3.19,1.00
2017.12.01 08:19:06.155,1.17292,1.17301,3.41,1.00
2017.12.01 08:19:06.464,1.17292,1.17299,1.91,1.00
2017.12.01 08:19:07.380,1.1729,1.17297,2.66,1.00
2017.12.01 08:19:08.121,1.1729,1.17297,1.91,1.00
2017.12.01 08:19:08.492,1.1729,1.17295,1.91,1.00
2017.12.01 08:19:09.421,1.17289,1.17294,1.63,1.00
2017.12.01 08:19:09.473,1.17288,1.17294,1.12,1.00
2017.12.01 08:19:14.037,1.17287,1.17295,2.06,1.00
2017.12.01 08:19:29.117,1.17287,1.17294,4.24,1.00
2017.12.01 08:19:29.481,1.17288,1.17295,3.26,1.00
2017.12.01 08:19:31.078,1.17289,1.17295,1.01,1.50
2017.12.01 08:19:33.233,1.17287,1.17293,1.19,1.00
2017.12.01 08:19:33.598,1.1729,1.17295,1.25,1.50
2017.12.01 08:19:33.701,1.17287,1.17295,7.43,1.50
2017.12.01 08:19:33.849,1.17287,1.17293,4.43,1.00
2017.12.01 08:19:34.615,1.17287,1.17293,3.68,1.00
2017.12.01 08:19:36.156,1.17288,1.17293,1.00,1.00
2017.12.01 08:19:36.671,1.17288,1.17293,1.19,1.00
2017.12.01 08:19:39.535,1.1729,1.17295,1.19,1.50
2017.12.01 08:19:40.194,1.17292,1.17296,1.25,1.00
2017.12.01 08:19:40.246,1.17291,1.17297,1.19,1.00
2017.12.01 08:19:41.530,1.17293,1.17297,1.00,1.00
2017.12.01 08:19:41.584,1.17293,1.17299,1.19,1.50
2017.12.01 08:19:41.636,1.17295,1.17301,1.00,1.00
2017.12.01 08:19:42.183,1.17295,1.17302,1.57,1.50
2017.12.01 08:19:43.947,1.17296,1.17302,1.00,1.50
2017.12.01 08:19:45.811,1.17295,1.17302,1.69,1.50
2017.12.01 08:19:46.439,1.17294,1.17302,2.63,1.00
2017.12.01 08:19:48.238,1.17295,1.17302,1.31,1.00
2017.12.01 08:19:49.256,1.17295,1.17303,2.70,1.00
2017.12.01 08:19:49.792,1.17296,1.17303,1.57,1.00
2017.12.01 08:19:50.298,1.17296,1.17302,1.57,1.00
2017.12.01 08:19:50.814,1.17296,1.17302,2.63,1.00
2017.12.01 08:19:52.823,1.17297,1.17302,3.45,1.00
2017.12.01 08:19:53.392,1.17297,1.17302,3.45,1.00
2017.12.01 08:19:54.918,1.17297,1.17302,3.45,1.00
2017.12.01 08:19:55.944,1.17297,1.17302,3.26,1.00
2017.12.01 08:19:56.918,1.17297,1.17302,4.54,1.00
2017.12.01 08:19:56.971,1.17299,1.17303,1.16,1.00
2017.12.01 08:19:57.132,1.173,1.17306,1.91,1.00
2017.12.01 08:19:59.698,1.17302,1.17307,2.66,1.50
2017.12.01 08:19:59.802,1.17305,1.17311,1.63,1.00
2017.12.01 08:19:59.854,1.17305,1.17313,2.06,1.00
2017.12.01 08:20:00.393,1.17306,1.17314,1.57,1.00
2017.12.01 08:20:01.150,1.17306,1.17314,2.51,1.00
2017.12.01 08:20:01.202,1.17306,1.17316,1.76,1.50
2017.12.01 08:20:01.357,1.17307,1.17318,3.30,1.00
2017.12.01 08:20:01.878,1.17307,1.17319,4.24,1.00
2017.12.01 08:20:02.342,1.17307,1.17319,3.41,1.25
2017.12.01 08:20:02.860,1.17307,1.17319,3.86,1.25
2017.12.01 08:20:03.393,1.17307,1.17319,3.86,1.25
2017.12.01 08:20:04.044,1.17311,1.17319,1.60,1.00
2017.12.01 08:20:04.253,1.17315,1.17325,1.37,1.00
2017.12.01 08:20:04.769,1.17315,1.17326,2.74,1.00
2017.12.01 08:20:05.298,1.17315,1.17327,2.74,1.00
2017.12.01 08:20:06.228,1.17314,1.17326,4.42,1.00
2017.12.01 08:20:06.280,1.17312,1.17325,6.60,1.00
2017.12.01 08:20:06.332,1.17313,1.17326,2.51,3.00
2017.12.01 08:20:06.642,1.17313,1.17324,1.57,1.25
2017.12.01 08:20:06.953,1.17312,1.17323,1.10,1.00
2017.12.01 08:20:07.545,1.17312,1.17324,1.10,1.88
2017.12.01 08:20:07.870,1.17309,1.17322,4.01,1.69
2017.12.01 08:20:08.231,1.17308,1.17321,2.51,2.44
2017.12.01 08:20:08.917,1.17308,1.1732,1.01,1.00
2017.12.01 08:20:12.271,1.17307,1.17319,1.76,1.13
2017.12.01 08:20:12.806,1.17307,1.17318,2.14,1.00
2017.12.01 08:20:13.505,1.17305,1.17318,3.45,1.87
2017.12.01 08:20:13.661,1.17304,1.17315,1.45,1.00
2017.12.01 08:20:13.859,1.17303,1.17315,1.57,1.00
2017.12.01 08:20:15.620,1.17304,1.17315,1.29,1.50
2017.12.01 08:20:15.878,1.17305,1.17316,1.95,1.50
2017.12.01 08:20:16.427,1.17305,1.17316,1.95,1.50
2017.12.01 08:20:17.564,1.17305,1.17315,1.95,1.00
2017.12.01 08:20:18.078,1.17306,1.17316,1.31,1.00
2017.12.01 08:20:19.289,1.17305,1.17315,1.51,1.50
2017.12.01 08:20:19.546,1.17304,1.17314,1.20,1.00
2017.12.01 08:20:20.366,1.17303,1.17314,2.36,1.50
2017.12.01 08:20:20.418,1.17303,1.1731,1.01,1.00
2017.12.01 08:20:21.998,1.17302,1.17308,2.66,1.00
2017.12.01 08:20:22.581,1.17302,1.17308,1.91,1.00
2017.12.01 08:20:25.938,1.17302,1.17308,3.79,1.00
2017.12.01 08:20:26.460,1.17303,1.17308,3.23,1.00
2017.12.01 08:20:26.850,1.17304,1.1731,2.10,1.50
2017.12.01 08:20:27.005,1.17304,1.1731,2.10,1.50
2017.12.01 08:20:27.616,1.17304,1.1731,2.10,1.50
2017.12.01 08:20:28.179,1.17305,1.17311,2.85,1.50
2017.12.01 08:20:29.413,1.17304,1.17311,2.66,1.50
2017.12.01 08:20:29.919,1.17304,1.17311,2.66,1.50
2017.12.01 08:20:30.475,1.17304,1.17311,1.72,1.50
2017.12.01 08:20:32.428,1.17305,1.17311,1.00,1.50
2017.12.01 08:20:35.196,1.17304,1.17311,1.54,1.50
2017.12.01 08:20:35.846,1.17303,1.17311,1.91,1.50
2017.12.01 08:20:39.132,1.17302,1.17309,1.63,1.00
2017.12.01 08:20:43.317,1.17302,1.17309,1.91,1.00
2017.12.01 08:20:43.841,1.17303,1.17309,1.35,1.50
2017.12.01 08:20:50.232,1.17301,1.17308,1.10,1.00
2017.12.01 08:20:50.430,1.17302,1.17306,1.35,1.00
2017.12.01 08:20:50.796,1.17302,1.17308,1.35,1.00
2017.12.01 08:21:01.845,1.17303,1.17308,1.00,1.00
2017.12.01 08:21:02.561,1.17301,1.17308,1.60,1.00
2017.12.01 08:21:03.320,1.17302,1.17308,1.85,1.00
2017.12.01 08:21:03.835,1.17302,1.17308,1.35,1.00
2017.12.01 08:21:04.653,1.17301,1.17306,1.35,1.00
2017.12.01 08:21:05.451,1.173,1.17306,1.54,1.00
2017.12.01 08:21:05.558,1.17297,1.17304,1.10,1.50
2017.12.01 08:21:05.662,1.17294,1.17302,2.25,1.00
2017.12.01 08:21:05.715,1.17292,1.173,1.70,1.00
2017.12.01 08:21:05.767,1.17291,1.17298,1.45,1.00
2017.12.01 08:21:05.819,1.17288,1.17297,1.82,1.00
2017.12.01 08:21:05.872,1.17288,1.17295,1.45,1.00
2017.12.01 08:21:06.039,1.17283,1.17294,1.95,1.31
2017.12.01 08:21:06.351,1.17282,1.17293,1.20,1.50
2017.12.01 08:21:06.719,1.17281,1.17292,1.20,1.00
2017.12.01 08:21:07.234,1.17279,1.17291,3.30,1.00
2017.12.01 08:21:07.389,1.17278,1.17291,2.14,3.75
2017.12.01 08:21:07.683,1.17278,1.17289,1.95,1.00
2017.12.01 08:21:08.044,1.17276,1.17288,3.98,1.00
2017.12.01 08:21:08.579,1.17276,1.17288,3.23,1.00
2017.12.01 08:21:08.837,1.17275,1.17287,1.95,1.25
2017.12.01 08:21:09.025,1.17273,1.17285,1.50,1.00
2017.12.01 08:21:09.691,1.17272,1.17285,1.88,2.25
2017.12.01 08:21:09.745,1.17271,1.17284,1.69,1.12
2017.12.01 08:21:09.798,1.17271,1.17283,1.88,1.50
2017.12.01 08:21:09.952,1.17268,1.17281,3.64,1.50
2017.12.01 08:21:10.921,1.17269,1.1728,1.44,1.00
2017.12.01 08:21:10.973,1.17268,1.1728,1.12,1.00
2017.12.01 08:21:11.495,1.17269,1.1728,1.00,1.00
2017.12.01 08:21:12.026,1.17269,1.1728,1.38,1.00
2017.12.01 08:21:12.545,1.17269,1.17281,1.50,2.32
2017.12.01 08:21:12.597,1.1727,1.17281,1.25,1.87
2017.12.01 08:21:13.131,1.1727,1.17281,1.13,1.20
2017.12.01 08:21:13.689,1.17272,1.17283,1.50,1.00
2017.12.01 08:21:13.792,1.17272,1.17283,1.31,1.00
2017.12.01 08:21:13.934,1.17273,1.17285,1.50,2.25
2017.12.01 08:21:14.282,1.17271,1.17283,2.25,1.00
2017.12.01 08:21:14.797,1.17272,1.17283,1.00,1.00
2017.12.01 08:21:15.307,1.17271,1.17284,2.63,1.00
2017.12.01 08:21:15.826,1.17272,1.17283,1.00,1.00
2017.12.01 08:21:16.329,1.17272,1.17284,1.50,1.00
2017.12.01 08:21:16.831,1.17273,1.17284,1.12,1.00
2017.12.01 08:21:17.139,1.17275,1.17284,1.00,1.10
2017.12.01 08:21:18.879,1.17274,1.17285,1.69,1.20
2017.12.01 08:21:22.450,1.17274,1.17286,1.50,1.50
2017.12.01 08:21:24.157,1.17274,1.17285,1.31,1.00
2017.12.01 08:21:27.628,1.17273,1.17285,1.50,1.57
2017.12.01 08:21:28.146,1.17273,1.17285,1.50,1.95
2017.12.01 08:21:31.498,1.17274,1.17285,1.00,1.20
2017.12.01 08:21:32.031,1.17274,1.17285,1.00,1.57
2017.12.01 08:21:33.332,1.17274,1.17285,1.50,1.57
2017.12.01 08:21:34.337,1.17274,1.17285,1.31,1.57
2017.12.01 08:21:34.852,1.17273,1.17285,1.50,1.95
2017.12.01 08:21:35.367,1.17273,1.17285,1.50,1.57
2017.12.01 08:21:35.910,1.17275,1.17285,1.00,1.50
2017.12.01 08:21:36.505,1.17274,1.17285,1.12,1.00
2017.12.01 08:21:37.022,1.17275,1.17285,1.00,1.00
2017.12.01 08:21:40.338,1.17277,1.17285,1.00,1.00
2017.12.01 08:21:40.483,1.17279,1.17288,1.35,1.00
2017.12.01 08:21:44.196,1.1728,1.17286,1.00,1.00
2017.12.01 08:21:44.770,1.1728,1.17287,1.00,1.50
2017.12.01 08:21:45.194,1.1728,1.17285,1.00,1.00
2017.12.01 08:21:47.484,1.17279,1.17285,1.12,1.00
2017.12.01 08:21:48.108,1.17278,1.17285,1.00,1.00
2017.12.01 08:21:50.185,1.17278,1.17284,1.12,1.00
2017.12.01 08:21:51.829,1.17278,1.17286,1.31,1.50
2017.12.01 08:21:52.308,1.1728,1.17286,1.37,1.50
2017.12.01 08:21:52.478,1.17281,1.17289,2.66,1.00
2017.12.01 08:21:52.996,1.17281,1.17288,1.00,1.00
2017.12.01 08:21:53.768,1.17281,1.17288,1.50,1.00
2017.12.01 08:21:54.364,1.17281,1.17288,1.12,1.00
2017.12.01 08:21:59.006,1.17281,1.17291,2.06,1.50
2017.12.01 08:22:01.531,1.17281,1.17291,2.63,1.00
2017.12.01 08:22:03.801,1.17282,1.17291,1.00,1.00
2017.12.01 08:22:04.318,1.17281,1.17291,2.66,1.00
2017.12.01 08:22:05.096,1.17281,1.17288,1.50,1.00
2017.12.01 08:22:09.168,1.1728,1.17288,1.54,1.00
2017.12.01 08:22:10.043,1.17279,1.17288,2.85,1.00
2017.12.01 08:22:10.643,1.17279,1.17288,3.04,1.00
2017.12.01 08:22:11.974,1.17277,1.17288,2.29,1.00
2017.12.01 08:22:12.026,1.17278,1.17286,1.35,1.00
2017.12.01 08:22:12.556,1.17279,1.17286,1.54,1.00
2017.12.01 08:22:15.136,1.1728,1.17286,2.10,1.00
2017.12.01 08:22:15.898,1.1728,1.17287,1.35,1.00
2017.12.01 08:22:16.546,1.17279,1.17287,2.29,1.00
2017.12.01 08:22:17.582,1.17278,1.17287,1.31,1.00
2017.12.01 08:22:18.116,1.17279,1.17287,1.25,1.00
2017.12.01 08:22:38.183,1.17281,1.17289,1.00,1.00
2017.12.01 08:22:38.340,1.17285,1.17294,1.12,1.10
2017.12.01 08:22:38.860,1.17288,1.17296,1.57,1.00
2017.12.01 08:22:39.173,1.1729,1.17298,1.20,1.00
2017.12.01 08:22:39.871,1.17291,1.17299,1.57,1.00
2017.12.01 08:22:46.716,1.17291,1.17299,2.32,1.00
2017.12.01 08:22:46.871,1.17293,1.17301,1.57,1.00
2017.12.01 08:22:48.069,1.17296,1.17306,1.31,1.00
2017.12.01 08:22:48.125,1.17298,1.17309,1.12,1.13
2017.12.01 08:22:48.436,1.17299,1.17311,1.00,2.06
2017.12.01 08:22:48.711,1.17301,1.17313,1.12,1.25
2017.12.01 08:22:49.223,1.17301,1.17314,1.76,2.25
2017.12.01 08:22:49.756,1.17302,1.17314,1.10,1.88
2017.12.01 08:22:50.270,1.17302,1.17314,1.10,2.62
2017.12.01 08:22:50.815,1.17302,1.17314,1.10,2.81
2017.12.01 08:22:51.632,1.17302,1.17314,1.10,2.81
2017.12.01 08:22:52.136,1.17301,1.17314,2.51,2.81
2017.12.01 08:22:52.738,1.17301,1.17314,2.51,1.88
2017.12.01 08:22:53.143,1.17303,1.17315,1.57,1.25
2017.12.01 08:22:53.833,1.17303,1.17315,1.57,1.44
2017.12.01 08:22:54.231,1.17304,1.17317,1.12,2.06
2017.12.01 08:22:54.816,1.17305,1.17317,1.20,1.31
2017.12.01 08:22:54.928,1.17308,1.1732,1.87,1.12
2017.12.01 08:22:54.982,1.17309,1.17322,2.51,3.75
2017.12.01 08:22:55.035,1.17312,1.17325,1.12,4.50
2017.12.01 08:22:57.647,1.17312,1.17324,1.12,1.44
2017.12.01 08:22:58.633,1.17312,1.17325,1.12,4.50
2017.12.01 08:22:59.089,1.17312,1.17324,1.12,2.06
2017.12.01 08:23:02.660,1.17312,1.17324,1.12,1.19
2017.12.01 08:23:02.712,1.17313,1.17325,1.00,1.50
2017.12.01 08:23:03.261,1.17314,1.17326,1.00,1.38
2017.12.01 08:23:14.452,1.17312,1.17317,1.37,1.00
2017.12.01 08:23:14.504,1.17302,1.17313,1.57,1.50
2017.12.01 08:23:14.556,1.17301,1.17313,1.00,1.12
2017.12.01 08:23:14.713,1.173,1.17312,1.87,1.50
2017.12.01 08:23:15.066,1.17286,1.17298,1.75,1.87
2017.12.01 08:23:15.118,1.17286,1.17298,2.25,1.57
2017.12.01 08:23:15.630,1.17286,1.17298,1.00,1.39
2017.12.01 08:23:16.164,1.17285,1.17298,1.25,2.14
2017.12.01 08:23:17.230,1.17286,1.17298,1.00,2.14
2017.12.01 08:23:17.847,1.17286,1.17299,1.00,2.25
2017.12.01 08:23:17.900,1.17288,1.17299,1.00,1.37
2017.12.01 08:23:17.952,1.17289,1.17301,1.00,2.70
2017.12.01 08:23:18.471,1.17289,1.17302,1.13,3.19
2017.12.01 08:23:21.368,1.17289,1.17302,1.38,3.19
2017.12.01 08:23:22.762,1.17289,1.17302,1.31,1.50
2017.12.01 08:23:22.933,1.1729,1.17303,1.44,1.95
2017.12.01 08:23:23.481,1.1729,1.17303,2.25,1.20
2017.12.01 08:23:23.790,1.17293,1.17306,1.50,1.57
2017.12.01 08:23:24.318,1.17295,1.17307,1.00,3.26
2017.12.01 08:23:25.105,1.17296,1.17308,1.00,1.76
2017.12.01 08:23:25.649,1.17296,1.17308,1.00,1.58
2017.12.01 08:23:26.193,1.17297,1.17309,1.00,3.45
2017.12.01 08:23:27.090,1.173,1.17307,1.88,1.00
2017.12.01 08:23:27.226,1.173,1.17309,2.81,1.10
2017.12.01 08:23:27.279,1.17302,1.17311,1.44,1.00
2017.12.01 08:23:27.878,1.17302,1.17311,1.00,1.00
2017.12.01 08:23:28.137,1.17302,1.17313,1.50,1.00
2017.12.01 08:23:29.185,1.17302,1.17313,1.00,1.00
2017.12.01 08:23:29.782,1.17301,1.17313,1.12,1.12
2017.12.01 08:23:30.397,1.173,1.17313,1.50,2.81
2017.12.01 08:23:31.337,1.173,1.17311,1.25,1.00
2017.12.01 08:23:32.231,1.173,1.17311,1.87,1.00
2017.12.01 08:23:32.776,1.173,1.17311,1.12,1.00
2017.12.01 08:23:36.465,1.17299,1.17311,1.25,2.62
2017.12.01 08:23:36.966,1.17298,1.17311,1.50,3.00
2017.12.01 08:23:38.078,1.17298,1.17309,1.00,1.00
2017.12.01 08:23:39.583,1.17297,1.17309,1.00,1.12
2017.12.01 08:23:40.173,1.17297,1.17309,1.31,1.12
2017.12.01 08:23:40.744,1.17297,1.17309,1.25,1.12
2017.12.01 08:23:41.906,1.17298,1.17309,1.00,1.00
2017.12.01 08:23:42.437,1.17298,1.17309,1.88,1.00
2017.12.01 08:23:42.965,1.17299,1.1731,1.31,1.00
2017.12.01 08:23:44.792,1.17298,1.1731,2.06,1.00
2017.12.01 08:23:45.851,1.17299,1.1731,1.12,1.00
2017.12.01 08:23:46.412,1.173,1.1731,2.44,1.00
2017.12.01 08:23:46.807,1.173,1.17312,3.19,1.00
2017.12.01 08:23:47.014,1.17302,1.17312,1.00,1.00
2017.12.01 08:23:47.066,1.17302,1.17314,1.00,1.12
2017.12.01 08:23:47.652,1.17303,1.17314,1.12,1.00
2017.12.01 08:23:47.861,1.17304,1.17316,1.31,1.00
2017.12.01 08:23:52.928,1.17304,1.17315,1.12,1.00
2017.12.01 08:23:53.600,1.17303,1.17315,1.12,1.00
2017.12.01 08:23:54.786,1.17303,1.17315,1.50,1.00
2017.12.01 08:23:57.235,1.17305,1.17317,1.12,1.00
2017.12.01 08:24:00.397,1.17306,1.17317,1.12,1.00
2017.12.01 08:24:00.450,1.17311,1.17319,1.00,1.38
2017.12.01 08:24:00.504,1.17312,1.17322,1.00,1.95
2017.12.01 08:24:00.557,1.1731,1.17322,1.00,1.12
2017.12.01 08:24:00.766,1.17312,1.17322,1.00,1.00
2017.12.01 08:24:00.818,1.17312,1.17325,1.00,2.14
2017.12.01 08:24:00.922,1.17314,1.17326,1.00,1.20
2017.12.01 08:24:01.521,1.17313,1.17325,1.00,1.50
2017.12.01 08:24:02.191,1.17314,1.17326,1.12,1.10
2017.12.01 08:24:02.576,1.17317,1.17329,1.00,1.07
2017.12.01 08:24:03.382,1.17317,1.1733,1.00,3.45
2017.12.01 08:24:03.954,1.17317,1.1733,1.00,2.70
2017.12.01 08:24:05.742,1.17317,1.17329,1.00,1.39
2017.12.01 08:24:06.260,1.17318,1.17331,1.31,3.45
2017.12.01 08:24:06.778,1.17318,1.17331,1.31,3.45
2017.12.01 08:24:07.095,1.1732,1.17333,1.00,4.58
2017.12.01 08:24:07.640,1.17319,1.17332,1.12,1.58
2017.12.01 08:24:08.169,1.17319,1.17332,1.12,3.08
2017.12.01 08:24:09.052,1.17319,1.17332,1.12,1.95
2017.12.01 08:24:09.576,1.1732,1.17332,1.00,1.00
2017.12.01 08:24:10.885,1.17319,1.17332,1.12,1.50
2017.12.01 08:24:11.473,1.17319,1.17332,1.12,2.33
2017.12.01 08:24:12.187,1.17319,1.17332,1.12,2.06
2017.12.01 08:24:12.797,1.17319,1.17332,1.12,2.33
2017.12.01 08:24:14.432,1.1732,1.17332,1.00,1.00
2017.12.01 08:24:14.792,1.17322,1.17334,1.00,1.58
2017.12.01 08:24:20.877,1.17321,1.17335,1.12,2.33
2017.12.01 08:24:21.290,1.17318,1.17328,1.87,1.00
2017.12.01 08:24:21.344,1.17317,1.1733,3.04,1.12
2017.12.01 08:24:22.052,1.17318,1.17331,1.00,2.25
2017.12.01 08:24:22.572,1.17318,1.17331,1.12,1.31
2017.12.01 08:24:23.075,1.1732,1.17333,1.00,3.45
2017.12.01 08:24:24.338,1.17319,1.17331,1.31,1.37
2017.12.01 08:24:27.960,1.17319,1.17332,1.31,1.20
2017.12.01 08:24:29.776,1.17319,1.17332,3.79,1.20
2017.12.01 08:24:30.949,1.17319,1.17332,3.97,1.20
2017.12.01 08:24:31.539,1.1732,1.17333,1.00,3.08
2017.12.01 08:24:35.501,1.17319,1.17332,3.23,1.20
2017.12.01 08:24:39.433,1.1732,1.17332,1.00,1.12
2017.12.01 08:24:39.975,1.1732,1.17333,3.00,1.10
2017.12.01 08:24:40.483,1.17321,1.17332,1.00,1.00
2017.12.01 08:24:41.010,1.1732,1.17332,3.04,1.00
2017.12.01 08:24:42.360,1.17326,1.17333,1.00,1.12
2017.12.01 08:24:42.413,1.17322,1.17334,1.88,1.20
2017.12.01 08:24:42.466,1.17324,1.17334,1.00,1.00
2017.12.01 08:24:42.573,1.17322,1.17334,1.00,1.12
2017.12.01 08:24:43.122,1.17321,1.17334,3.38,1.31
2017.12.01 08:24:43.764,1.17322,1.17334,1.25,1.12
2017.12.01 08:24:44.022,1.17324,1.17335,1.13,1.00
2017.12.01 08:24:44.227,1.17326,1.17339,1.13,3.08
2017.12.01 08:24:44.743,1.17326,1.17338,1.00,1.58
2017.12.01 08:24:45.306,1.17326,1.17339,1.00,3.45
2017.12.01 08:24:45.880,1.17325,1.17338,2.10,2.33
2017.12.01 08:24:46.400,1.17325,1.17337,1.00,2.33
2017.12.01 08:24:49.871,1.17325,1.17338,1.25,2.44
2017.12.01 08:24:50.343,1.17327,1.1734,1.35,3.00
2017.12.01 08:24:51.122,1.17326,1.17339,1.31,1.50
2017.12.01 08:24:51.482,1.17324,1.17337,1.50,1.50
2017.12.01 08:24:52.029,1.17323,1.17336,1.31,1.20
2017.12.01 08:24:53.114,1.17322,1.17336,3.41,1.50
2017.12.01 08:24:54.259,1.17322,1.17334,2.29,1.12
2017.12.01 08:24:55.459,1.17321,1.17333,1.35,1.12
2017.12.01 08:24:55.990,1.1732,1.17333,1.00,2.89
2017.12.01 08:24:56.549,1.17319,1.17332,2.44,1.50
2017.12.01 08:24:57.218,1.17317,1.17329,1.20,1.12
2017.12.01 08:24:57.556,1.17315,1.17327,2.25,1.00
2017.12.01 08:24:57.609,1.17315,1.17329,3.00,2.14
2017.12.01 08:24:57.974,1.17315,1.17327,1.12,1.00
2017.12.01 08:24:58.490,1.17314,1.17326,3.38,1.00
2017.12.01 08:24:59.005,1.17312,1.17326,4.01,3.00
2017.12.01 08:24:59.200,1.1731,1.17323,1.50,1.87
2017.12.01 08:25:00.257,1.17311,1.17324,2.25,1.12
2017.12.01 08:25:00.773,1.17312,1.17324,1.69,1.00
2017.12.01 08:25:01.449,1.17313,1.17326,1.25,1.87
2017.12.01 08:25:02.067,1.17313,1.17326,1.44,1.87
2017.12.01 08:25:02.563,1.17311,1.17325,3.19,1.12
2017.12.01 08:25:02.671,1.1731,1.17323,2.81,1.00
2017.12.01 08:25:03.211,1.1731,1.17323,1.25,2.25
2017.12.01 08:25:05.871,1.17309,1.17323,2.47,2.06
2017.12.01 08:25:06.268,1.17309,1.17323,2.85,2.25
2017.12.01 08:25:06.770,1.17309,1.17323,2.85,2.25
2017.12.01 08:25:07.992,1.1731,1.17323,1.88,2.06
2017.12.01 08:25:08.205,1.1731,1.17324,3.00,1.50
2017.12.01 08:25:09.064,1.1731,1.17323,3.00,1.00
2017.12.01 08:25:10.207,1.1731,1.17324,3.00,1.50
2017.12.01 08:25:11.665,1.1731,1.17323,2.81,1.00
2017.12.01 08:25:11.769,1.17309,1.17322,1.57,1.37
2017.12.01 08:25:12.282,1.17308,1.17321,1.31,1.50
2017.12.01 08:25:12.676,1.17306,1.17318,1.87,1.00
2017.12.01 08:25:12.781,1.17304,1.17317,2.06,1.31
2017.12.01 08:25:13.332,1.17303,1.17316,3.00,1.00
2017.12.01 08:25:14.473,1.17303,1.17316,1.87,1.12
2017.12.01 08:25:15.132,1.17302,1.17315,2.25,1.50
2017.12.01 08:25:15.674,1.17302,1.17315,1.00,3.45
2017.12.01 08:25:17.359,1.17302,1.17315,1.00,2.25
2017.12.01 08:25:17.567,1.17302,1.17313,1.00,1.00
2017.12.01 08:25:18.095,1.17303,1.17314,1.31,1.00
2017.12.01 08:25:19.918,1.17302,1.17314,1.31,1.25
2017.12.01 08:25:20.437,1.173,1.17313,2.44,1.57
2017.12.01 08:25:20.856,1.17302,1.17312,2.10,1.39
2017.12.01 08:25:21.013,1.17311,1.17321,1.44,1.57
2017.12.01 08:25:21.118,1.17314,1.17322,1.00,1.50
2017.12.01 08:25:21.419,1.17315,1.17321,2.85,1.00
2017.12.01 08:25:21.953,1.17315,1.17322,2.25,1.50
2017.12.01 08:25:22.929,1.17315,1.17322,2.06,1.50
2017.12.01 08:25:24.265,1.17313,1.17321,3.98,1.00
2017.12.01 08:25:24.485,1.17312,1.17321,1.31,1.00
2017.12.01 08:25:24.843,1.17312,1.17321,1.50,1.00
2017.12.01 08:25:25.215,1.17312,1.17321,1.87,1.00
2017.12.01 08:25:27.148,1.17313,1.17322,1.50,1.00
2017.12.01 08:25:29.631,1.17313,1.17322,1.12,1.00
2017.12.01 08:25:31.636,1.17314,1.17322,1.50,1.00
2017.12.01 08:25:31.948,1.17312,1.17321,1.50,1.00
2017.12.01 08:25:32.106,1.17311,1.17319,2.25,1.00
2017.12.01 08:25:32.160,1.17312,1.17323,1.87,1.50
2017.12.01 08:25:32.212,1.17312,1.17321,1.87,1.00
2017.12.01 08:25:32.719,1.17313,1.1732,1.69,1.00
2017.12.01 08:25:33.234,1.17313,1.17321,1.00,1.00
2017.12.01 08:25:33.585,1.17313,1.17319,1.00,1.00
2017.12.01 08:25:34.100,1.17312,1.1732,2.85,1.00
2017.12.01 08:25:37.219,1.17312,1.17319,1.12,1.00
2017.12.01 08:25:40.272,1.17313,1.17319,1.00,1.00
2017.12.01 08:25:40.582,1.17315,1.1732,1.37,1.00
2017.12.01 08:25:40.635,1.17314,1.17319,1.54,1.00
2017.12.01 08:25:41.100,1.17316,1.1732,1.35,1.00
2017.12.01 08:25:41.471,1.17311,1.17319,2.66,1.00
2017.12.01 08:25:43.969,1.17312,1.17319,1.20,1.00
2017.12.01 08:25:44.517,1.17311,1.17318,3.30,1.00
2017.12.01 08:25:45.509,1.17309,1.17318,1.87,1.00
2017.12.01 08:25:46.025,1.1731,1.17318,1.00,1.50
2017.12.01 08:25:46.600,1.17309,1.17318,2.06,1.50
2017.12.01 08:25:46.707,1.1731,1.17318,1.44,1.50
2017.12.01 08:25:47.118,1.1731,1.17315,1.12,1.00
2017.12.01 08:25:47.627,1.17309,1.17315,1.00,1.00
2017.12.01 08:25:49.064,1.17311,1.17315,1.00,1.00
2017.12.01 08:25:49.118,1.17308,1.17315,4.91,1.00
2017.12.01 08:25:49.273,1.17306,1.17312,1.12,1.00
2017.12.01 08:25:49.592,1.17302,1.17312,1.50,1.00
2017.12.01 08:25:50.006,1.173,1.1731,1.12,1.00
2017.12.01 08:25:50.252,1.17296,1.17308,1.00,1.87
2017.12.01 08:25:50.768,1.17295,1.17308,1.31,2.06
2017.12.01 08:25:51.308,1.17295,1.17307,1.20,1.87
2017.12.01 08:25:51.362,1.17294,1.17305,1.57,1.00
2017.12.01 08:25:52.394,1.17293,1.17305,1.12,1.00
2017.12.01 08:25:53.542,1.17294,1.17305,1.00,1.00
2017.12.01 08:25:54.581,1.17292,1.17305,1.12,2.62
2017.12.01 08:25:55.133,1.17293,1.17305,1.00,1.12
2017.12.01 08:25:55.647,1.17292,1.17305,1.12,1.87
2017.12.01 08:25:56.167,1.17291,1.17304,1.87,1.31
2017.12.01 08:25:56.681,1.17291,1.17303,1.39,1.00
2017.12.01 08:25:57.340,1.1729,1.17302,2.25,1.00
2017.12.01 08:25:57.701,1.17289,1.17302,1.58,2.81
2017.12.01 08:25:57.981,1.17287,1.17299,1.50,1.25
2017.12.01 08:25:58.497,1.17288,1.173,1.95,1.00
2017.12.01 08:25:59.344,1.17291,1.17302,1.12,1.25
2017.12.01 08:25:59.568,1.17288,1.173,1.12,1.25
2017.12.01 08:25:59.778,1.17286,1.17299,1.87,1.69
2017.12.01 08:26:00.040,1.17288,1.173,1.12,1.25
2017.12.01 08:26:00.242,1.17286,1.17299,1.12,2.81
2017.12.01 08:26:00.561,1.1729,1.17303,1.00,2.06
2017.12.01 08:26:01.084,1.17291,1.17304,1.13,2.06
2017.12.01 08:26:01.634,1.17289,1.17302,2.44,1.12
2017.12.01 08:26:01.999,1.17288,1.173,1.00,1.12
2017.12.01 08:26:02.515,1.17287,1.173,1.31,1.12
2017.12.01 08:26:02.830,1.17285,1.17298,3.45,2.06
2017.12.01 08:26:03.251,1.17287,1.17299,1.20,1.12
2017.12.01 08:26:03.357,1.17288,1.17301,2.81,1.50
2017.12.01 08:26:03.872,1.17288,1.17301,2.70,1.87
2017.12.01 08:26:04.416,1.17289,1.17302,3.45,2.06
2017.12.01 08:26:04.832,1.17291,1.17302,1.12,1.50
2017.12.01 08:26:04.938,1.17292,1.17304,1.81,1.00
2017.12.01 08:26:05.455,1.17292,1.17303,1.10,1.00
2017.12.01 08:26:05.992,1.1729,1.17303,3.75,1.00
2017.12.01 08:26:06.507,1.17291,1.17304,2.25,1.31
2017.12.01 08:26:07.287,1.17291,1.17303,1.50,1.00
2017.12.01 08:26:07.740,1.17294,1.17304,1.37,1.00
2017.12.01 08:26:07.897,1.17295,1.17307,1.87,1.50
2017.12.01 08:26:08.344,1.17296,1.17308,1.44,1.12
2017.12.01 08:26:08.868,1.17296,1.17308,1.00,1.87
2017.12.01 08:26:09.919,1.17296,1.17306,2.51,1.00
2017.12.01 08:26:10.423,1.17297,1.17305,3.26,1.00
2017.12.01 08:26:10.942,1.17294,1.17303,1.88,1.00
2017.12.01 08:26:11.104,1.17294,1.17301,1.00,1.00
2017.12.01 08:26:11.414,1.17292,1.17299,1.00,1.00
2017.12.01 08:26:12.392,1.17305,1.17309,1.87,1.00
2017.12.01 08:26:12.444,1.17306,1.17314,2.25,1.00
2017.12.01 08:26:12.497,1.17308,1.17314,1.35,1.00
2017.12.01 08:26:12.601,1.1731,1.1732,1.37,1.00
2017.12.01 08:26:12.704,1.17309,1.1732,1.12,1.00
2017.12.01 08:26:13.217,1.1731,1.1732,1.10,1.00
2017.12.01 08:26:15.181,1.17307,1.17319,2.25,1.20
2017.12.01 08:26:15.751,1.17308,1.17318,1.10,1.00
2017.12.01 08:26:16.300,1.17308,1.17319,1.10,1.69
2017.12.01 08:26:16.896,1.17308,1.17318,1.10,1.00
2017.12.01 08:26:17.417,1.17307,1.17318,1.37,1.40
2017.12.01 08:26:17.611,1.17304,1.17315,1.57,1.00
2017.12.01 08:26:18.134,1.17304,1.17315,1.10,1.25
2017.12.01 08:26:18.964,1.17303,1.17315,1.57,2.77
2017.12.01 08:26:19.023,1.17301,1.17309,1.57,1.00
2017.12.01 08:26:19.590,1.173,1.17309,2.14,1.00
2017.12.01 08:26:22.267,1.17305,1.1731,1.37,1.50
2017.12.01 08:26:22.520,1.17303,1.1731,1.50,1.00
2017.12.01 08:26:23.686,1.17302,1.1731,1.76,1.50
2017.12.01 08:26:26.283,1.17305,1.17311,2.62,1.00
2017.12.01 08:26:32.421,1.17304,1.17311,3.26,1.00
2017.12.01 08:26:34.454,1.17303,1.17311,2.51,1.00
2017.12.01 08:26:36.983,1.17303,1.17309,1.12,1.00
2017.12.01 08:26:38.148,1.173,1.17309,2.06,1.00
2017.12.01 08:26:38.673,1.173,1.17308,1.63,1.00
2017.12.01 08:26:39.212,1.17299,1.17308,3.38,1.00
2017.12.01 08:26:39.371,1.17301,1.17308,1.37,1.00
2017.12.01 08:26:42.116,1.17301,1.17309,1.37,1.00
2017.12.01 08:26:42.629,1.173,1.17309,2.06,1.00
2017.12.01 08:26:43.519,1.17301,1.17308,1.37,1.00
2017.12.01 08:26:46.167,1.17302,1.17309,3.00,1.00
2017.12.01 08:26:46.377,1.17299,1.17308,2.81,1.00
2017.12.01 08:26:46.481,1.17298,1.17306,1.37,1.00
2017.12.01 08:26:47.002,1.17298,1.17305,1.12,1.00
2017.12.01 08:26:47.577,1.17296,1.17305,3.00,1.00
2017.12.01 08:26:47.946,1.17305,1.17312,1.88,1.00
2017.12.01 08:26:47.998,1.17301,1.17309,1.37,1.00
2017.12.01 08:26:50.604,1.173,1.17309,2.81,1.00
2017.12.01 08:26:50.785,1.173,1.17307,1.37,1.00
2017.12.01 08:26:50.837,1.17296,1.17304,3.19,1.00
2017.12.01 08:26:55.799,1.17302,1.17306,1.00,1.00
2017.12.01 08:26:55.851,1.17302,1.17307,2.06,1.00
2017.12.01 08:26:57.585,1.17301,1.17307,2.06,1.00
2017.12.01 08:26:58.756,1.173,1.17307,2.06,1.00
2017.12.01 08:26:59.147,1.17298,1.17307,2.81,1.00
2017.12.01 08:27:00.712,1.17298,1.17305,2.81,1.00
2017.12.01 08:27:00.958,1.17297,1.17305,1.00,1.50
2017.12.01 08:27:01.225,1.17296,1.17303,2.25,1.00
2017.12.01 08:27:01.787,1.17295,1.17303,3.56,1.50
2017.12.01 08:27:02.104,1.17292,1.17301,2.81,1.50
2017.12.01 08:27:02.209,1.17292,1.17299,2.06,1.00
2017.12.01 08:27:03.330,1.17292,1.17298,1.00,1.00
2017.12.01 08:27:03.383,1.17291,1.173,1.31,1.00
2017.12.01 08:27:03.889,1.17292,1.17301,1.87,1.00
2017.12.01 08:27:04.406,1.17292,1.17302,2.06,1.00
2017.12.01 08:27:05.153,1.1729,1.17302,2.63,1.57
2017.12.01 08:27:06.859,1.1729,1.173,2.25,1.00
2017.12.01 08:27:09.986,1.17291,1.173,1.50,1.00
2017.12.01 08:27:11.222,1.17291,1.173,1.31,1.00
2017.12.01 08:27:17.318,1.17292,1.173,1.12,1.00
2017.12.01 08:27:17.852,1.17291,1.17301,2.25,1.00
2017.12.01 08:27:28.509,1.17292,1.17298,1.00,1.00
2017.12.01 08:27:30.213,1.1729,1.17296,1.76,1.00
2017.12.01 08:27:31.072,1.17289,1.17296,2.44,1.00
2017.12.01 08:27:31.280,1.17287,1.17296,1.57,1.00
2017.12.01 08:27:31.539,1.17295,1.17301,1.67,1.00
2017.12.01 08:27:31.592,1.17296,1.17303,1.00,1.00
2017.12.01 08:27:31.644,1.17295,1.17301,1.87,1.00
2017.12.01 08:27:31.960,1.17294,1.17299,1.37,1.00
2017.12.01 08:27:32.439,1.17292,1.17299,1.25,1.00
2017.12.01 08:27:32.491,1.17292,1.17296,1.25,1.00
2017.12.01 08:27:33.035,1.17291,1.17296,1.31,1.00
2017.12.01 08:27:34.292,1.17289,1.17295,1.87,1.00
2017.12.01 08:27:34.809,1.17288,1.17295,1.62,1.00
2017.12.01 08:27:35.399,1.17291,1.17296,1.37,1.50
2017.12.01 08:27:35.606,1.17289,1.17296,2.06,1.00
2017.12.01 08:27:36.129,1.17288,1.17295,1.87,1.00
2017.12.01 08:27:38.405,1.17287,1.17293,1.37,1.00
2017.12.01 08:27:38.925,1.17286,1.17293,1.63,1.00
2017.12.01 08:27:39.828,1.17294,1.17298,1.12,1.57
2017.12.01 08:27:39.880,1.17294,1.17301,1.37,1.00
2017.12.01 08:27:39.984,1.17292,1.17298,1.12,1.00
2017.12.01 08:27:40.226,1.17302,1.17311,3.00,1.00
2017.12.01 08:27:40.847,1.17301,1.17311,2.44,1.00
2017.12.01 08:27:41.773,1.17301,1.17312,1.37,1.50
2017.12.01 08:27:42.901,1.173,1.17312,2.25,2.32
2017.12.01 08:27:45.444,1.173,1.1731,1.63,1.00
2017.12.01 08:27:48.202,1.173,1.17311,2.06,1.00
2017.12.01 08:27:51.799,1.173,1.1731,1.37,1.00
2017.12.01 08:27:55.523,1.173,1.17311,1.37,1.57
2017.12.01 08:28:00.433,1.173,1.1731,1.37,1.00
2017.12.01 08:28:00.489,1.17298,1.17309,1.69,1.00
2017.12.01 08:28:00.645,1.17298,1.17305,2.63,1.00
2017.12.01 08:28:01.056,1.17296,1.17304,1.63,1.00
2017.12.01 08:28:01.557,1.17296,1.17302,1.63,1.00
2017.12.01 08:28:02.994,1.17294,1.17302,3.98,1.00
2017.12.01 08:28:04.299,1.17293,1.17302,2.25,1.00
2017.12.01 08:28:05.478,1.17293,1.17301,2.25,1.00
2017.12.01 08:28:05.635,1.17291,1.17299,1.69,1.00
2017.12.01 08:28:05.738,1.17289,1.17299,3.00,1.00
2017.12.01 08:28:06.287,1.17289,1.17299,3.00,1.00
2017.12.01 08:28:06.815,1.17289,1.17299,2.81,1.00
2017.12.01 08:28:07.622,1.17289,1.17299,1.31,1.00
2017.12.01 08:28:09.165,1.17289,1.17299,1.50,1.00
2017.12.01 08:28:09.498,1.17289,1.17297,1.50,1.00
2017.12.01 08:28:13.650,1.17288,1.17297,4.54,1.00
2017.12.01 08:28:17.533,1.17289,1.17297,2.25,1.00
2017.12.01 08:28:18.213,1.17289,1.17297,1.00,1.00
2017.12.01 08:28:18.987,1.17289,1.17299,1.31,1.00
2017.12.01 08:28:19.092,1.17289,1.17297,2.25,1.00
2017.12.01 08:28:19.607,1.17289,1.17297,2.25,1.00
2017.12.01 08:28:21.240,1.17289,1.17297,1.88,1.00
2017.12.01 08:28:30.676,1.1729,1.17296,1.00,1.00
2017.12.01 08:28:31.345,1.17292,1.17297,1.37,1.50
2017.12.01 08:28:31.896,1.17291,1.17297,3.41,1.00
2017.12.01 08:28:32.525,1.17291,1.17297,2.29,1.00
2017.12.01 08:28:32.684,1.17288,1.17296,2.29,1.00
2017.12.01 08:28:33.615,1.17287,1.17294,1.63,1.00
2017.12.01 08:28:33.823,1.17285,1.17294,2.63,1.00
2017.12.01 08:28:33.929,1.17284,1.17292,2.63,1.00
2017.12.01 08:28:34.915,1.17282,1.17292,4.54,1.50
2017.12.01 08:28:35.466,1.17282,1.1729,3.60,1.00
2017.12.01 08:28:36.079,1.17282,1.1729,1.50,1.00
2017.12.01 08:28:36.883,1.17282,1.1729,1.12,1.00
2017.12.01 08:28:37.433,1.17281,1.1729,3.75,1.50
2017.12.01 08:28:37.771,1.17282,1.17292,2.25,1.00
2017.12.01 08:28:38.081,1.17293,1.17299,2.62,2.25
2017.12.01 08:28:38.133,1.17298,1.17303,1.50,1.10
2017.12.01 08:28:38.292,1.17296,1.17306,2.47,2.25
2017.12.01 08:28:38.830,1.17296,1.17306,1.72,1.50
2017.12.01 08:28:38.985,1.17296,1.17304,1.35,1.00
2017.12.01 08:28:39.604,1.17295,1.17304,1.72,1.00
2017.12.01 08:28:41.471,1.17293,1.17302,2.47,1.00
2017.12.01 08:28:51.787,1.17293,1.173,2.47,1.00
2017.12.01 08:28:56.144,1.17292,1.173,2.47,1.00
2017.12.01 08:28:56.968,1.17291,1.173,2.06,1.00
2017.12.01 08:28:57.508,1.1729,1.17299,2.62,1.00
2017.12.01 08:28:59.050,1.17291,1.17299,1.37,1.00
2017.12.01 08:28:59.565,1.17291,1.173,1.37,1.00
2017.12.01 08:29:00.324,1.17293,1.173,1.12,1.00
2017.12.01 08:29:01.327,1.17291,1.173,4.72,1.00
2017.12.01 08:29:06.017,1.1729,1.173,4.72,1.00
2017.12.01 08:29:07.098,1.1729,1.17298,3.37,1.00
2017.12.01 08:29:15.088,1.1729,1.17298,3.07,1.00
2017.12.01 08:29:33.712,1.17287,1.17295,3.07,1.00
2017.12.01 08:29:33.816,1.17286,1.17295,2.32,1.00
2017.12.01 08:29:34.730,1.17286,1.17294,1.20,1.00
2017.12.01 08:29:39.858,1.17285,1.17294,2.32,1.00
2017.12.01 08:29:40.078,1.17285,1.17297,1.12,1.00
2017.12.01 08:29:40.616,1.17286,1.17298,1.00,1.12
2017.12.01 08:29:41.189,1.17287,1.17299,1.00,1.12
2017.12.01 08:29:44.995,1.17288,1.173,1.00,1.12
2017.12.01 08:29:47.838,1.17287,1.173,1.00,1.00
2017.12.01 08:29:49.076,1.17287,1.17299,1.10,1.00
2017.12.01 08:29:49.131,1.17285,1.17298,1.00,1.00
2017.12.01 08:29:49.669,1.17285,1.17297,1.00,1.00
2017.12.01 08:29:50.127,1.17283,1.17296,1.00,1.00
2017.12.01 08:29:50.785,1.17283,1.17295,1.00,1.00
2017.12.01 08:29:51.293,1.17284,1.17296,1.00,1.00
2017.12.01 08:29:51.794,1.17283,1.17295,1.00,1.00
2017.12.01 08:29:52.526,1.17284,1.17296,1.00,1.00
2017.12.01 08:29:55.004,1.17283,1.17295,1.00,1.00
2017.12.01 08:29:55.143,1.17281,1.17293,1.50,1.00
2017.12.01 08:29:55.752,1.17282,1.17294,1.50,1.00
2017.12.01 08:29:56.478,1.17282,1.17295,1.50,1.00
2017.12.01 08:29:57.248,1.17283,1.17295,1.00,1.00
2017.12.01 08:29:58.105,1.17282,1.17295,1.00,1.00
2017.12.01 08:29:58.620,1.17281,1.17294,1.00,1.00
2017.12.01 08:30:00.279,1.17282,1.17294,1.00,1.00
2017.12.01 08:30:00.792,1.17281,1.17294,1.00,1.00
2017.12.01 08:30:01.308,1.17283,1.17295,1.00,1.00
2017.12.01 08:30:01.853,1.17282,1.17295,1.50,1.00
2017.12.01 08:30:02.220,1.17284,1.17297,1.00,1.00
2017.12.01 08:30:02.549,1.17295,1.17307,1.00,1.00
2017.12.01 08:30:04.114,1.17294,1.17307,1.00,1.00
2017.12.01 08:30:04.471,1.17294,1.17307,1.38,1.00
2017.12.01 08:30:04.695,1.17294,1.17306,1.00,1.00
2017.12.01 08:30:04.850,1.17292,1.17305,1.00,1.00
2017.12.01 08:30:05.117,1.17292,1.17303,1.25,1.00
2017.12.01 08:30:05.427,1.17289,1.17297,1.25,1.00
2017.12.01 08:30:05.479,1.17285,1.17295,1.31,1.00
2017.12.01 08:30:05.531,1.17284,1.17291,2.06,1.00
2017.12.01 08:30:05.848,1.17282,1.17289,1.50,1.00
2017.12.01 08:30:10.179,1.17282,1.17289,1.00,1.00
2017.12.01 08:30:14.050,1.1728,1.17289,2.25,1.00
2017.12.01 08:30:14.388,1.1728,1.17287,1.25,1.00
2017.12.01 08:30:14.933,1.17279,1.17287,1.00,1.00
2017.12.01 08:30:15.238,1.17276,1.17286,1.25,1.00
2017.12.01 08:30:15.291,1.17273,1.17285,1.12,1.00
2017.12.01 08:30:15.394,1.17271,1.17283,1.00,1.50
2017.12.01 08:30:15.856,1.1727,1.17283,2.63,1.50
2017.12.01 08:30:16.214,1.1727,1.17282,2.44,1.00
2017.12.01 08:30:16.372,1.17277,1.17282,1.00,1.00
2017.12.01 08:30:16.427,1.17283,1.17292,1.50,3.11
2017.12.01 08:30:16.479,1.17281,1.17289,1.12,1.00
2017.12.01 08:30:16.531,1.17276,1.17288,1.87,1.00
2017.12.01 08:30:17.047,1.17275,1.17286,1.50,1.00
2017.12.01 08:30:17.284,1.1727,1.17281,1.31,1.00
2017.12.01 08:30:17.443,1.17273,1.17281,1.87,1.00
2017.12.01 08:30:17.547,1.17279,1.17291,1.12,1.00
2017.12.01 08:30:17.805,1.17279,1.17289,1.62,1.00
2017.12.01 08:30:17.857,1.17276,1.17287,3.19,1.50
2017.12.01 08:30:17.909,1.17274,1.17287,2.06,1.50
2017.12.01 08:30:18.415,1.17274,1.17285,1.20,1.50
2017.12.01 08:30:18.724,1.17272,1.17283,2.25,1.00
2017.12.01 08:30:19.037,1.17271,1.1728,1.00,1.00
2017.12.01 08:30:19.540,1.1727,1.17279,1.12,1.00
2017.12.01 08:30:19.646,1.17271,1.17282,1.12,1.00
2017.12.01 08:30:20.174,1.1727,1.17281,1.12,1.00
2017.12.01 08:30:20.994,1.17269,1.17281,1.50,1.00
2017.12.01 08:30:21.153,1.17268,1.17279,1.50,1.00
2017.12.01 08:30:21.794,1.17268,1.17279,1.69,1.00
2017.12.01 08:30:22.051,1.17267,1.17279,1.87,1.00
2017.12.01 08:30:23.113,1.17267,1.17278,1.31,1.00
2017.12.01 08:30:25.800,1.17269,1.17279,1.37,1.00
2017.12.01 08:30:26.307,1.17269,1.1728,1.37,1.00
2017.12.01 08:30:26.967,1.17269,1.17281,1.37,1.50
2017.12.01 08:30:28.500,1.17269,1.1728,1.20,1.00
2017.12.01 08:30:29.019,1.17267,1.17279,3.26,1.00
2017.12.01 08:30:29.520,1.17267,1.17278,2.51,1.00
2017.12.01 08:30:30.090,1.17268,1.1728,1.20,2.06
2017.12.01 08:30:30.630,1.17268,1.1728,1.87,1.00
2017.12.01 08:30:35.127,1.17268,1.17279,1.57,1.00
2017.12.01 08:30:35.657,1.17268,1.1728,1.57,2.44
2017.12.01 08:30:37.927,1.17268,1.17279,1.47,1.00
2017.12.01 08:30:38.550,1.17268,1.1728,1.95,1.50
2017.12.01 08:30:42.498,1.17268,1.17279,2.32,1.00
2017.12.01 08:30:47.294,1.17268,1.17278,1.47,1.00
2017.12.01 08:30:49.127,1.17268,1.17277,1.57,1.00
2017.12.01 08:30:49.799,1.17267,1.17277,1.87,1.00
2017.12.01 08:30:49.853,1.17267,1.17275,1.87,1.00
2017.12.01 08:30:50.622,1.17267,1.17276,1.87,1.00
2017.12.01 08:30:51.552,1.17267,1.17277,1.87,1.00
2017.12.01 08:30:51.709,1.17268,1.17279,1.37,1.10
2017.12.01 08:30:55.603,1.1727,1.17279,2.62,1.00
2017.12.01 08:30:56.114,1.17271,1.17279,3.56,1.00
2017.12.01 08:30:57.965,1.1727,1.17279,1.10,1.00
2017.12.01 08:31:02.138,1.17269,1.17278,1.57,1.50
2017.12.01 08:31:02.192,1.17262,1.17272,2.32,1.12
2017.12.01 08:31:02.347,1.1726,1.1727,1.37,4.50
2017.12.01 08:31:02.553,1.17262,1.1727,1.37,1.00
2017.12.01 08:31:02.759,1.17262,1.17272,1.62,1.00
2017.12.01 08:31:03.282,1.17262,1.17271,1.62,1.00
2017.12.01 08:31:11.713,1.17262,1.17272,1.37,1.50
2017.12.01 08:31:12.319,1.17262,1.17271,1.37,1.00
2017.12.01 08:31:15.361,1.17261,1.17271,1.62,1.00
2017.12.01 08:31:15.898,1.1726,1.1727,1.37,1.50
2017.12.01 08:31:18.042,1.1726,1.17271,1.37,2.25
2017.12.01 08:31:18.587,1.17261,1.17271,1.37,1.50
2017.12.01 08:31:20.304,1.17262,1.17272,1.37,1.00
2017.12.01 08:31:20.461,1.17262,1.17268,1.00,1.00
2017.12.01 08:31:20.515,1.1726,1.17268,2.25,1.00
2017.12.01 08:31:20.890,1.1726,1.17266,2.25,1.00
2017.12.01 08:31:20.994,1.17256,1.17266,1.57,1.00
2017.12.01 08:31:23.810,1.17256,1.17267,1.57,1.50
2017.12.01 08:31:24.358,1.17256,1.17266,1.57,1.00
2017.12.01 08:31:26.007,1.17254,1.17264,1.01,1.00
2017.12.01 08:31:26.529,1.17254,1.17265,1.10,1.50
2017.12.01 08:31:27.043,1.17255,1.17265,1.00,2.25
2017.12.01 08:31:27.750,1.17254,1.17265,1.57,1.50
2017.12.01 08:31:29.524,1.17255,1.17266,1.87,1.00
2017.12.01 08:31:30.400,1.17255,1.17265,1.47,1.50
2017.12.01 08:31:35.256,1.17255,1.17264,1.47,1.00
2017.12.01 08:31:35.486,1.17254,1.17264,1.10,1.00
2017.12.01 08:31:35.540,1.17251,1.17262,3.75,1.50
2017.12.01 08:31:36.061,1.1725,1.17261,1.57,2.25
2017.12.01 08:31:36.611,1.17249,1.17261,3.82,2.25
2017.12.01 08:31:38.273,1.1725,1.1726,1.10,1.00
2017.12.01 08:31:38.783,1.17249,1.17259,1.10,1.50
2017.12.01 08:31:41.513,1.1725,1.17261,1.10,1.00
2017.12.01 08:31:41.567,1.17252,1.17263,1.10,1.00
2017.12.01 08:31:41.887,1.17255,1.17266,1.76,1.00
2017.12.01 08:31:42.405,1.17256,1.17267,1.20,1.00
2017.12.01 08:31:43.089,1.17256,1.17268,1.57,1.00
2017.12.01 08:31:43.517,1.17257,1.17266,2.51,1.00
2017.12.01 08:31:45.588,1.17258,1.17267,2.25,1.00
2017.12.01 08:31:46.582,1.1726,1.17267,1.00,1.00
2017.12.01 08:31:47.097,1.17259,1.17267,1.12,1.00
2017.12.01 08:31:55.397,1.17259,1.17269,1.12,1.00
2017.12.01 08:31:55.559,1.17261,1.17269,3.00,1.00
2017.12.01 08:31:55.611,1.17262,1.17271,2.06,1.00
2017.12.01 08:31:56.526,1.17265,1.17275,1.37,1.20
2017.12.01 08:31:57.040,1.17264,1.17275,2.32,1.00
2017.12.01 08:31:57.845,1.17269,1.17275,1.00,1.00
2017.12.01 08:31:57.949,1.17268,1.17279,1.12,1.00
2017.12.01 08:31:58.320,1.17269,1.1728,1.37,1.00
2017.12.01 08:31:58.373,1.1727,1.17282,1.12,1.00
2017.12.01 08:31:58.890,1.17271,1.17283,1.12,1.00
2017.12.01 08:31:58.994,1.17273,1.17284,1.00,1.87
2017.12.01 08:31:59.245,1.17269,1.17281,1.12,1.00
2017.12.01 08:32:00.209,1.17268,1.1728,2.06,1.00
2017.12.01 08:32:00.822,1.17268,1.17279,1.12,1.00
2017.12.01 08:32:01.328,1.17268,1.1728,1.12,1.00
2017.12.01 08:32:01.965,1.17268,1.1728,1.87,1.00
2017.12.01 08:32:02.490,1.17267,1.17279,3.37,1.00
2017.12.01 08:32:03.060,1.17268,1.1728,1.87,1.00
2017.12.01 08:32:03.651,1.17269,1.17281,1.87,1.00
2017.12.01 08:32:05.243,1.17269,1.17282,1.12,1.50
2017.12.01 08:32:05.838,1.17269,1.17281,1.12,1.00
2017.12.01 08:32:06.149,1.17271,1.17283,1.12,1.50
2017.12.01 08:32:06.511,1.1727,1.17281,1.00,1.00
2017.12.01 08:32:07.024,1.17269,1.17281,1.12,1.00
2017.12.01 08:32:08.173,1.17269,1.1728,1.12,1.00
2017.12.01 08:32:08.227,1.17271,1.17283,1.00,1.87
2017.12.01 08:32:08.279,1.17273,1.17285,1.00,2.06
2017.12.01 08:32:08.706,1.17271,1.17283,2.62,1.00
2017.12.01 08:32:09.764,1.17271,1.17283,1.12,1.00
2017.12.01 08:32:10.244,1.17272,1.17285,1.31,1.00
2017.12.01 08:32:10.558,1.17271,1.17283,3.19,1.00
2017.12.01 08:32:11.059,1.17272,1.17284,1.31,1.00
2017.12.01 08:32:12.533,1.17271,1.17283,2.81,1.00
2017.12.01 08:32:13.178,1.17271,1.17283,1.12,1.00
2017.12.01 08:32:13.760,1.17268,1.17276,1.12,1.00
2017.12.01 08:32:13.813,1.17268,1.17278,1.12,1.00
2017.12.01 08:32:14.334,1.17266,1.17278,2.62,1.00
2017.12.01 08:32:14.866,1.17267,1.17276,1.87,1.00
2017.12.01 08:32:15.020,1.17267,1.17278,1.87,1.00
2017.12.01 08:32:15.530,1.17267,1.17278,2.62,1.00
2017.12.01 08:32:16.289,1.17266,1.17278,3.56,1.00
2017.12.01 08:32:16.750,1.17266,1.17276,2.06,1.00
2017.12.01 08:32:17.139,1.17268,1.17277,1.12,1.50
2017.12.01 08:32:17.502,1.17265,1.17276,1.87,1.00
2017.12.01 08:32:17.733,1.17268,1.17278,1.37,1.00
2017.12.01 08:32:17.785,1.17268,1.1728,1.62,2.25
2017.12.01 08:32:17.994,1.17271,1.17282,1.62,1.50
2017.12.01 08:32:18.443,1.17273,1.17284,1.00,2.25
2017.12.01 08:32:18.550,1.17272,1.17282,1.00,1.00
2017.12.01 08:32:18.707,1.1727,1.17281,1.12,1.50
2017.12.01 08:32:18.760,1.1727,1.17279,1.12,1.00
2017.12.01 08:32:19.297,1.17269,1.1728,2.06,1.00
2017.12.01 08:32:19.830,1.17268,1.17279,2.06,1.50
2017.12.01 08:32:20.874,1.17268,1.17279,1.12,1.50
2017.12.01 08:32:21.211,1.17267,1.17276,1.12,1.00
2017.12.01 08:32:21.421,1.17267,1.17279,3.75,1.00
2017.12.01 08:32:21.474,1.17268,1.1728,2.07,2.25
2017.12.01 08:32:21.824,1.17266,1.17274,1.57,1.00
2017.12.01 08:32:21.928,1.17266,1.17276,1.10,1.00
2017.12.01 08:32:22.086,1.17267,1.17276,1.50,1.00
2017.12.01 08:32:22.293,1.17266,1.17276,1.10,1.00
2017.12.01 08:32:22.831,1.17265,1.17275,1.10,1.00
2017.12.01 08:32:23.248,1.17265,1.17277,1.87,2.25
2017.12.01 08:32:24.771,1.17266,1.17275,1.12,1.00
2017.12.01 08:32:25.316,1.17264,1.17274,2.06,1.00
2017.12.01 08:32:26.217,1.17264,1.17275,1.87,1.57
2017.12.01 08:32:28.355,1.17267,1.17275,1.00,1.00
2017.12.01 08:32:28.868,1.17266,1.17276,2.32,1.50
2017.12.01 08:32:29.452,1.17266,1.17275,2.32,1.00
2017.12.01 08:32:30.062,1.17266,1.17274,1.20,1.00
2017.12.01 08:32:30.578,1.17266,1.17275,1.20,1.00
2017.12.01 08:32:31.207,1.17266,1.17276,1.20,1.50
2017.12.01 08:32:31.733,1.17266,1.17277,1.57,1.50
2017.12.01 08:32:32.279,1.17266,1.17276,1.57,1.50
2017.12.01 08:32:32.944,1.17267,1.17276,1.00,1.00
2017.12.01 08:32:33.510,1.17267,1.17277,1.57,1.00
2017.12.01 08:32:33.948,1.17265,1.17274,1.57,1.00
2017.12.01 08:32:34.560,1.17265,1.17275,1.00,1.50
2017.12.01 08:32:35.076,1.17264,1.17274,1.12,1.00
2017.12.01 08:32:35.387,1.17261,1.1727,1.57,1.00
2017.12.01 08:32:35.590,1.1726,1.17268,1.20,1.50
2017.12.01 08:32:35.643,1.17258,1.17267,1.00,1.00
2017.12.01 08:32:35.802,1.17258,1.17269,1.12,1.00
2017.12.01 08:32:36.227,1.17258,1.17267,1.12,1.00
2017.12.01 08:32:36.537,1.1726,1.1727,1.00,1.00
2017.12.01 08:32:37.084,1.1726,1.17269,1.12,1.00
2017.12.01 08:32:37.855,1.17259,1.17268,2.32,1.00
2017.12.01 08:32:38.192,1.17259,1.1727,1.12,1.00
2017.12.01 08:32:38.737,1.1726,1.17271,1.31,1.00
2017.12.01 08:32:39.472,1.17261,1.17271,1.12,1.00
2017.12.01 08:32:39.707,1.17263,1.17272,1.00,1.00
2017.12.01 08:32:40.230,1.17263,1.17273,1.12,1.00
2017.12.01 08:32:40.734,1.17263,1.17272,1.10,1.00
2017.12.01 08:32:41.254,1.17262,1.17271,1.57,1.00
2017.12.01 08:32:42.833,1.17263,1.17272,1.20,1.00
2017.12.01 08:32:43.247,1.17265,1.17273,1.00,1.00
2017.12.01 08:32:43.403,1.17265,1.17275,2.32,1.00
2017.12.01 08:32:43.955,1.17266,1.17274,1.10,1.00
2017.12.01 08:32:44.592,1.17265,1.17274,1.57,1.50
2017.12.01 08:32:45.660,1.17265,1.17273,1.57,1.00
2017.12.01 08:32:46.190,1.17264,1.17272,2.32,1.00
2017.12.01 08:32:46.536,1.17263,1.17272,1.20,1.00
2017.12.01 08:32:46.755,1.17261,1.17271,1.57,1.00
2017.12.01 08:32:47.947,1.17261,1.17271,1.57,1.00
2017.12.01 08:32:52.901,1.17268,1.17276,1.75,1.50
2017.12.01 08:32:52.954,1.17267,1.17274,1.00,1.00
2017.12.01 08:32:53.006,1.17265,1.17274,3.00,1.00
2017.12.01 08:32:53.058,1.17265,1.17274,2.70,1.00
2017.12.01 08:32:53.267,1.17265,1.17275,1.00,1.00
2017.12.01 08:32:53.481,1.17264,1.17273,1.12,1.00
2017.12.01 08:32:53.586,1.17262,1.17272,1.31,1.00
2017.12.01 08:32:53.795,1.17262,1.17274,1.87,1.50
2017.12.01 08:32:53.949,1.17263,1.17276,1.12,1.87
2017.12.01 08:32:54.497,1.17263,1.17276,2.06,2.10
2017.12.01 08:32:55.004,1.17263,1.17276,2.06,2.10
2017.12.01 08:32:55.528,1.17263,1.17275,1.12,1.00
2017.12.01 08:32:56.376,1.17265,1.17276,1.00,1.00
2017.12.01 08:32:56.916,1.17264,1.17276,1.12,1.50
2017.12.01 08:32:57.587,1.17265,1.17276,1.37,1.00
2017.12.01 08:32:57.896,1.17265,1.17278,1.87,1.35
2017.12.01 08:32:58.437,1.17266,1.17278,1.87,1.00
2017.12.01 08:32:58.644,1.17267,1.1728,4.76,1.50
2017.12.01 08:32:59.222,1.17268,1.1728,2.32,1.00
2017.12.01 08:32:59.979,1.17265,1.17277,2.32,1.50
2017.12.01 08:33:00.031,1.17265,1.17277,1.37,1.50
2017.12.01 08:33:00.552,1.17265,1.17278,1.87,1.50
2017.12.01 08:33:01.092,1.17265,1.17277,1.87,1.50
2017.12.01 08:33:02.200,1.17264,1.17276,2.25,1.35
2017.12.01 08:33:02.516,1.17261,1.17273,3.07,1.00
2017.12.01 08:33:03.268,1.17261,1.17273,1.37,1.50
2017.12.01 08:33:03.642,1.17263,1.17276,2.89,2.85
2017.12.01 08:33:04.161,1.17263,1.17275,2.06,2.10
2017.12.01 08:33:04.666,1.17263,1.17275,1.50,2.10
2017.12.01 08:33:05.184,1.17263,1.17275,1.87,1.00
2017.12.01 08:33:06.060,1.17263,1.17276,2.06,2.10
2017.12.01 08:33:06.990,1.17263,1.17276,2.06,2.10
2017.12.01 08:33:08.744,1.17264,1.17275,1.37,1.00
2017.12.01 08:33:08.849,1.17265,1.17277,1.12,1.50
2017.12.01 08:33:09.006,1.17263,1.17275,2.25,1.00
2017.12.01 08:33:09.564,1.17264,1.17276,1.37,1.50
2017.12.01 08:33:10.069,1.17265,1.17276,1.37,1.00
2017.12.01 08:33:10.595,1.17264,1.17276,2.06,1.00
2017.12.01 08:33:11.005,1.17267,1.17276,1.00,1.00
2017.12.01 08:33:11.256,1.17272,1.17283,1.19,1.00
2017.12.01 08:33:11.309,1.17271,1.17283,1.00,3.71
2017.12.01 08:33:11.361,1.17269,1.17281,1.12,1.00
2017.12.01 08:33:11.983,1.17269,1.17281,1.57,1.00
2017.12.01 08:33:14.085,1.17271,1.17283,1.57,1.50
2017.12.01 08:33:14.243,1.17271,1.17284,1.31,1.00
2017.12.01 08:33:16.024,1.1727,1.17283,3.00,1.00
2017.12.01 08:33:16.581,1.17271,1.17284,1.31,1.12
2017.12.01 08:33:17.109,1.17271,1.17283,1.12,1.00
2017.12.01 08:33:18.000,1.17271,1.17284,1.12,1.25
2017.12.01 08:33:19.195,1.17271,1.17284,3.00,1.00
2017.12.01 08:33:19.594,1.17274,1.17287,1.87,1.31
2017.12.01 08:33:27.457,1.17273,1.17286,2.25,1.52
2017.12.01 08:33:27.959,1.17273,1.17286,2.25,1.52
2017.12.01 08:33:28.426,1.17273,1.17286,2.25,1.27
2017.12.01 08:33:28.990,1.17273,1.17286,2.25,1.52
2017.12.01 08:33:29.544,1.17273,1.17286,2.25,1.27
2017.12.01 08:33:30.043,1.17275,1.17287,1.37,1.00
2017.12.01 08:33:30.154,1.17279,1.17292,1.00,2.40
2017.12.01 08:33:30.208,1.17278,1.1729,1.12,1.00
2017.12.01 08:33:30.747,1.17279,1.17291,1.00,1.12
2017.12.01 08:33:31.569,1.17278,1.17291,1.12,1.91
2017.12.01 08:33:32.095,1.17278,1.17291,2.25,1.12
2017.12.01 08:33:33.395,1.17278,1.17291,2.81,1.00
2017.12.01 08:33:33.950,1.17277,1.17289,1.37,1.00
2017.12.01 08:33:34.489,1.17276,1.17289,2.25,1.00
2017.12.01 08:33:35.028,1.17277,1.1729,1.12,1.31
2017.12.01 08:33:35.464,1.17279,1.17291,1.12,1.00
2017.12.01 08:33:35.999,1.1728,1.17292,1.12,1.69
2017.12.01 08:33:36.546,1.17281,1.17292,1.00,1.25
2017.12.01 08:33:37.063,1.17282,1.17292,1.00,1.00
2017.12.01 08:33:37.605,1.17281,1.17292,1.00,1.50
2017.12.01 08:33:40.168,1.17282,1.17293,1.00,1.87
2017.12.01 08:33:40.685,1.17281,1.17293,1.12,1.50
2017.12.01 08:33:41.467,1.17282,1.17293,1.00,1.50
2017.12.01 08:33:41.972,1.17281,1.17292,1.00,1.00
2017.12.01 08:33:42.593,1.17281,1.17293,1.31,1.50
2017.12.01 08:33:43.659,1.17282,1.17293,1.00,1.50
2017.12.01 08:33:45.199,1.17281,1.17293,1.00,1.00
2017.12.01 08:33:45.855,1.17282,1.17293,1.00,1.00
2017.12.01 08:33:48.335,1.17281,1.17293,1.00,1.50
2017.12.01 08:33:48.915,1.17282,1.17293,1.00,1.00
2017.12.01 08:33:50.954,1.17282,1.17294,1.00,1.31
2017.12.01 08:33:51.263,1.17284,1.17295,1.00,5.21
2017.12.01 08:33:51.830,1.17283,1.17294,1.00,1.31
2017.12.01 08:33:55.307,1.17285,1.17295,1.00,2.29
2017.12.01 08:33:55.360,1.17283,1.17294,1.00,1.54
2017.12.01 08:33:55.877,1.17282,1.17294,1.50,2.29
2017.12.01 08:33:55.980,1.17284,1.17294,1.00,2.29
2017.12.01 08:33:56.239,1.17282,1.17294,1.00,2.29
2017.12.01 08:33:56.762,1.17281,1.17293,1.50,3.11
2017.12.01 08:33:57.276,1.1728,1.17293,1.69,3.49
2017.12.01 08:33:58.477,1.1728,1.17293,1.87,3.79
2017.12.01 08:33:58.790,1.1728,1.17292,1.87,1.00
2017.12.01 08:33:59.936,1.17281,1.17293,1.00,3.04
2017.12.01 08:34:00.830,1.17282,1.17293,1.00,1.54
2017.12.01 08:34:01.345,1.17281,1.17294,3.19,6.11
2017.12.01 08:34:01.708,1.17283,1.17291,1.50,1.00
2017.12.01 08:34:01.916,1.17275,1.17285,1.50,1.76
2017.12.01 08:34:02.177,1.17271,1.17283,2.14,1.00
2017.12.01 08:34:02.700,1.17273,1.17284,1.12,1.20
2017.12.01 08:34:03.239,1.17272,1.17285,1.12,1.76
2017.12.01 08:34:03.741,1.17272,1.17285,1.12,1.39
2017.12.01 08:34:04.253,1.17273,1.17286,1.00,1.95
2017.12.01 08:34:04.653,1.17274,1.17287,1.87,2.14
2017.12.01 08:34:06.522,1.17274,1.17287,2.62,2.89
2017.12.01 08:34:07.026,1.17275,1.17287,1.12,1.00
2017.12.01 08:34:07.980,1.17276,1.17289,1.00,2.62
2017.12.01 08:34:08.513,1.17277,1.17289,1.12,1.00
2017.12.01 08:34:09.064,1.17278,1.1729,1.00,1.50
2017.12.01 08:34:10.038,1.17278,1.17291,1.87,1.87
2017.12.01 08:34:10.575,1.17278,1.17291,2.62,1.50
2017.12.01 08:34:13.490,1.17278,1.1729,2.62,1.00
2017.12.01 08:34:13.992,1.17279,1.17291,1.00,2.81
2017.12.01 08:34:15.353,1.17279,1.17292,1.87,1.20
2017.12.01 08:34:15.913,1.1728,1.17292,1.00,2.06
2017.12.01 08:34:17.667,1.17281,1.17293,1.69,2.14
2017.12.01 08:34:18.743,1.17282,1.17293,1.25,1.87
2017.12.01 08:34:19.254,1.17281,1.17293,1.31,1.50
2017.12.01 08:34:24.768,1.17282,1.17293,1.00,2.25
2017.12.01 08:34:29.001,1.17281,1.17293,1.12,2.25
2017.12.01 08:34:29.595,1.17282,1.17293,1.00,1.50
2017.12.01 08:34:35.130,1.17281,1.17293,1.12,2.85
2017.12.01 08:34:35.824,1.17282,1.17293,1.00,2.85
2017.12.01 08:34:36.346,1.17281,1.17293,1.12,2.85
2017.12.01 08:34:37.409,1.17281,1.17293,1.00,4.42
2017.12.01 08:34:37.925,1.17281,1.17293,1.25,3.22
2017.12.01 08:34:40.588,1.17282,1.17293,1.25,1.50
2017.12.01 08:34:41.090,1.17284,1.17293,1.25,1.00
2017.12.01 08:34:41.303,1.17285,1.17296,1.12,1.00
2017.12.01 08:34:41.451,1.17285,1.17294,1.25,1.00
2017.12.01 08:34:41.561,1.17288,1.17298,1.00,3.37
2017.12.01 08:34:41.723,1.17294,1.17305,1.00,1.50
2017.12.01 08:34:41.855,1.17296,1.17305,1.00,1.00
2017.12.01 08:34:42.212,1.17298,1.1731,1.12,1.00
2017.12.01 08:34:42.265,1.17297,1.17309,1.00,2.44
2017.12.01 08:34:42.587,1.17295,1.17307,1.12,1.70
2017.12.01 08:34:43.205,1.17296,1.17308,1.00,3.52
2017.12.01 08:34:43.466,1.17294,1.17304,1.00,1.10
2017.12.01 08:34:44.000,1.17293,1.17305,1.25,1.57
2017.12.01 08:34:44.107,1.1729,1.17303,1.87,1.20
2017.12.01 08:34:44.212,1.17293,1.17305,1.00,1.57
2017.12.01 08:34:44.686,1.17292,1.17303,1.00,1.57
2017.12.01 08:34:45.198,1.17292,1.17303,1.12,1.45
2017.12.01 08:34:45.563,1.17293,1.17306,1.12,1.69
2017.12.01 08:34:45.667,1.17295,1.17307,1.00,1.57
2017.12.01 08:34:46.200,1.17297,1.17307,1.00,1.17
2017.12.01 08:34:46.305,1.17295,1.17308,1.50,2.51
2017.12.01 08:34:46.854,1.17295,1.17308,1.50,2.70
2017.12.01 08:34:47.219,1.17297,1.17308,1.00,1.10
2017.12.01 08:34:47.756,1.17296,1.17308,1.00,1.76
2017.12.01 08:34:48.336,1.17295,1.17307,1.00,1.31
2017.12.01 08:34:48.861,1.17295,1.17307,1.00,2.25
2017.12.01 08:34:49.392,1.17294,1.17307,1.00,3.75
2017.12.01 08:34:49.700,1.17294,1.17306,1.00,1.76
2017.12.01 08:34:50.278,1.17294,1.17306,1.00,1.69
2017.12.01 08:34:50.486,1.17293,1.17305,1.00,1.44
2017.12.01 08:34:50.815,1.17298,1.17307,1.00,1.00
2017.12.01 08:34:51.408,1.17299,1.1731,1.00,2.35
2017.12.01 08:34:51.952,1.173,1.1731,1.00,1.48
2017.12.01 08:34:52.609,1.17299,1.17309,1.12,1.23
2017.12.01 08:34:52.911,1.173,1.17312,1.00,3.64
2017.12.01 08:34:53.431,1.173,1.17311,2.25,1.10
2017.12.01 08:34:54.119,1.173,1.17311,1.50,1.20
2017.12.01 08:34:54.656,1.173,1.17309,1.12,1.00
2017.12.01 08:34:55.194,1.173,1.17311,1.12,1.70
2017.12.01 08:34:56.592,1.17299,1.1731,1.12,1.20
2017.12.01 08:35:00.234,1.173,1.1731,1.00,1.20
2017.12.01 08:35:00.749,1.173,1.17311,1.00,1.00
2017.12.01 08:35:02.691,1.173,1.17308,1.00,1.00
2017.12.01 08:35:02.862,1.17299,1.1731,2.25,1.20
2017.12.01 08:35:03.457,1.17301,1.17312,2.25,1.45
2017.12.01 08:35:03.613,1.17306,1.17317,1.50,2.62
2017.12.01 08:35:03.666,1.17306,1.17319,1.87,1.61
2017.12.01 08:35:03.719,1.17308,1.17319,1.00,2.06
2017.12.01 08:35:04.091,1.17308,1.17319,1.00,1.01
2017.12.01 08:35:04.297,1.17306,1.17319,1.00,2.00
2017.12.01 08:35:04.619,1.17306,1.17319,1.12,1.24
2017.12.01 08:35:05.896,1.17306,1.17318,1.00,1.25
2017.12.01 08:35:06.089,1.17304,1.17317,1.00,3.11
2017.12.01 08:35:06.788,1.17305,1.17317,1.87,1.30
2017.12.01 08:35:06.840,1.17305,1.17318,1.87,2.55
2017.12.01 08:35:07.363,1.17306,1.17319,1.00,2.36
2017.12.01 08:35:08.044,1.17306,1.17318,1.00,2.74
2017.12.01 08:35:08.097,1.17304,1.17317,1.00,3.30
2017.12.01 08:35:08.202,1.17302,1.17315,1.12,1.00
2017.12.01 08:35:08.414,1.17303,1.17316,2.25,1.50
2017.12.01 08:35:08.955,1.17305,1.17318,1.00,2.92
2017.12.01 08:35:09.634,1.17303,1.17316,1.00,2.17
2017.12.01 08:35:10.179,1.17302,1.17314,1.00,2.17
2017.12.01 08:35:10.695,1.17303,1.17315,1.00,3.37
2017.12.01 08:35:11.467,1.17301,1.17313,1.12,2.44
2017.12.01 08:35:11.625,1.173,1.17313,1.50,3.37
2017.12.01 08:35:12.190,1.173,1.17313,1.50,4.12
2017.12.01 08:35:13.172,1.173,1.1731,1.87,1.10
2017.12.01 08:35:13.695,1.173,1.1731,1.12,1.95
2017.12.01 08:35:14.718,1.17299,1.1731,1.87,1.20
2017.12.01 08:35:16.618,1.17299,1.1731,1.12,1.70
2017.12.01 08:35:17.121,1.17304,1.17313,2.25,2.89
2017.12.01 08:35:17.228,1.17301,1.17308,1.12,1.00
2017.12.01 08:35:17.280,1.17299,1.1731,2.25,1.10
2017.12.01 08:35:17.791,1.173,1.17312,3.00,1.87
2017.12.01 08:35:18.316,1.173,1.17311,1.12,1.00
2017.12.01 08:35:18.831,1.173,1.17312,2.81,1.69
2017.12.01 08:35:19.815,1.173,1.17312,2.44,1.69
2017.12.01 08:35:20.257,1.17302,1.17314,1.12,2.25
2017.12.01 08:35:20.360,1.17302,1.17314,2.06,1.00
2017.12.01 08:35:20.882,1.17303,1.17315,1.00,1.13
2017.12.01 08:35:21.469,1.17302,1.17314,1.50,1.88
2017.12.01 08:35:21.777,1.17301,1.17313,1.12,1.74
2017.12.01 08:35:22.089,1.17303,1.17314,1.25,1.45
2017.12.01 08:35:22.767,1.17303,1.17314,1.12,1.20
2017.12.01 08:35:23.274,1.17303,1.17314,1.31,1.20
2017.12.01 08:35:23.610,1.17304,1.17315,1.00,1.00
2017.12.01 08:35:24.129,1.17303,1.17314,2.25,1.25
2017.12.01 08:35:24.602,1.17301,1.17312,2.25,1.00
2017.12.01 08:35:25.122,1.17301,1.1731,1.12,1.00
2017.12.01 08:35:25.656,1.173,1.17311,1.12,2.63
2017.12.01 08:35:26.999,1.17299,1.17311,2.81,2.81
2017.12.01 08:35:32.602,1.17299,1.1731,1.12,3.08
2017.12.01 08:35:33.130,1.17299,1.17308,1.50,1.25
2017.12.01 08:35:33.388,1.17297,1.17309,4.87,2.32
2017.12.01 08:35:34.001,1.17297,1.17307,4.87,1.00
2017.12.01 08:35:34.056,1.17296,1.17308,1.87,2.44
2017.12.01 08:35:34.110,1.17292,1.17302,1.00,1.30
2017.12.01 08:35:34.163,1.17289,1.17301,2.25,2.18
2017.12.01 08:35:34.217,1.17288,1.17299,1.50,1.05
2017.12.01 08:35:34.762,1.17288,1.173,1.00,1.50
2017.12.01 08:35:34.814,1.17288,1.173,1.00,1.05
2017.12.01 08:35:35.199,1.17292,1.17305,1.12,3.30
2017.12.01 08:35:35.256,1.17294,1.17306,1.12,1.50
2017.12.01 08:35:35.601,1.17295,1.17308,2.25,2.06
2017.12.01 08:35:36.122,1.17294,1.17307,3.00,2.62
2017.12.01 08:35:36.434,1.17293,1.17305,1.00,2.63
2017.12.01 08:35:36.946,1.17293,1.17305,1.00,2.33
2017.12.01 08:35:38.124,1.17292,1.17305,2.06,2.33
2017.12.01 08:35:39.606,1.17291,1.17303,2.44,1.69
2017.12.01 08:35:39.910,1.17291,1.17303,1.50,2.00
2017.12.01 08:35:40.812,1.17291,1.17303,1.50,1.74
2017.12.01 08:35:41.325,1.17291,1.17303,1.50,1.24
2017.12.01 08:35:42.628,1.17291,1.17304,1.50,1.87
2017.12.01 08:35:43.552,1.17291,1.17304,1.50,1.87
2017.12.01 08:35:46.101,1.17291,1.17304,1.50,2.25
2017.12.01 08:35:46.666,1.17291,1.17304,1.50,2.25
2017.12.01 08:35:46.974,1.17293,1.17304,1.00,1.46
2017.12.01 08:35:49.056,1.17293,1.17304,1.00,1.91
2017.12.01 08:35:50.433,1.17293,1.17303,1.00,1.20
2017.12.01 08:35:50.981,1.17293,1.17304,1.00,1.69
2017.12.01 08:35:51.537,1.17291,1.17302,1.00,1.46
2017.12.01 08:35:51.589,1.17289,1.173,1.00,1.05
2017.12.01 08:35:51.953,1.17287,1.17298,1.50,1.05
2017.12.01 08:35:52.728,1.17286,1.17298,1.00,2.10
2017.12.01 08:35:52.780,1.17287,1.173,1.00,1.31
2017.12.01 08:35:53.327,1.17288,1.17301,1.00,4.31
2017.12.01 08:35:54.062,1.17286,1.17299,1.87,1.45
2017.12.01 08:35:54.271,1.17288,1.17301,1.00,2.70
2017.12.01 08:35:54.733,1.17287,1.173,1.00,1.25
2017.12.01 08:35:54.837,1.17289,1.17301,1.00,1.31
2017.12.01 08:35:55.181,1.17288,1.17301,1.00,1.45
2017.12.01 08:35:55.710,1.17289,1.17302,1.25,3.56
2017.12.01 08:35:56.246,1.1729,1.17302,1.00,1.60
2017.12.01 08:35:56.763,1.17289,1.17302,1.00,3.19
2017.12.01 08:35:57.373,1.17289,1.173,1.00,1.65
2017.12.01 08:35:57.890,1.17288,1.17301,1.00,1.88
2017.12.01 08:35:58.883,1.17288,1.17301,2.25,1.95
2017.12.01 08:35:59.395,1.17289,1.173,1.00,1.10
2017.12.01 08:35:59.913,1.17289,1.17302,1.00,1.61
2017.12.01 08:36:00.457,1.17289,1.17301,1.00,1.43
2017.12.01 08:36:00.768,1.17285,1.17298,1.50,3.37
2017.12.01 08:36:00.971,1.17286,1.17299,1.00,1.25
2017.12.01 08:36:01.023,1.17286,1.17299,1.00,1.70
2017.12.01 08:36:01.437,1.17286,1.17299,1.13,1.89
2017.12.01 08:36:01.976,1.17287,1.17299,1.00,1.13
2017.12.01 08:36:02.490,1.17286,1.17299,1.13,2.81
2017.12.01 08:36:03.049,1.17285,1.17297,1.12,1.00
2017.12.01 08:36:03.153,1.17284,1.17296,1.00,1.40
2017.12.01 08:36:03.259,1.1728,1.17292,1.00,1.00
2017.12.01 08:36:04.376,1.1728,1.17293,1.38,2.63
2017.12.01 08:36:04.543,1.17282,1.17294,1.13,1.25
2017.12.01 08:36:05.147,1.17282,1.17295,1.00,1.80
2017.12.01 08:36:05.685,1.17282,1.17295,1.25,1.80
2017.12.01 08:36:06.993,1.17282,1.17295,1.25,1.80
2017.12.01 08:36:07.512,1.17281,1.17294,1.00,2.17
2017.12.01 08:36:07.617,1.17279,1.17291,1.00,1.49
2017.12.01 08:36:08.004,1.17278,1.1729,1.19,2.29
2017.12.01 08:36:08.554,1.17278,1.1729,1.44,1.00
2017.12.01 08:36:09.087,1.17278,1.17291,2.25,1.43
2017.12.01 08:36:09.601,1.17279,1.17292,2.25,1.24
2017.12.01 08:36:11.043,1.17279,1.17291,1.31,1.65
2017.12.01 08:36:11.570,1.17278,1.17291,1.50,2.17
2017.12.01 08:36:12.109,1.17278,1.17291,1.50,1.61
2017.12.01 08:36:12.649,1.17278,1.17291,1.50,3.34
2017.12.01 08:36:13.189,1.17279,1.17292,1.13,2.55
2017.12.01 08:36:13.784,1.17278,1.17291,1.88,1.13
2017.12.01 08:36:14.212,1.17278,1.17289,1.00,1.00
2017.12.01 08:36:14.764,1.17278,1.17288,1.25,1.25
2017.12.01 08:36:15.287,1.17278,1.17289,1.25,1.24
2017.12.01 08:36:15.797,1.17278,1.17288,1.00,1.00
2017.12.01 08:36:17.795,1.17278,1.1729,1.25,2.18
2017.12.01 08:36:18.307,1.17278,1.17289,1.00,1.20
2017.12.01 08:36:18.911,1.17278,1.17289,1.38,1.00
2017.12.01 08:36:19.434,1.17278,1.17291,1.50,1.00
2017.12.01 08:36:19.486,1.17279,1.17292,1.00,2.32
2017.12.01 08:36:19.905,1.17279,1.17292,1.25,1.87
2017.12.01 08:36:19.957,1.17279,1.17292,1.38,2.32
2017.12.01 08:36:20.834,1.17279,1.17291,1.00,1.64
2017.12.01 08:36:21.359,1.1728,1.17291,1.00,1.45
2017.12.01 08:36:21.463,1.1728,1.17293,1.12,1.50
2017.12.01 08:36:22.008,1.17281,1.17293,1.00,1.00
2017.12.01 08:36:23.016,1.17281,1.17294,1.12,1.50
2017.12.01 08:36:23.611,1.17281,1.17293,1.12,1.00
2017.12.01 08:36:23.869,1.17282,1.17292,1.00,1.45
2017.12.01 08:36:24.194,1.1728,1.17292,1.87,1.70
2017.12.01 08:36:24.896,1.1728,1.17293,1.12,1.95
2017.12.01 08:36:25.469,1.1728,1.17293,1.12,1.95
2017.12.01 08:36:25.675,1.17281,1.17293,1.87,1.45
2017.12.01 08:36:25.984,1.1728,1.17293,1.31,1.45
2017.12.01 08:36:26.506,1.17281,1.17293,1.12,1.45
2017.12.01 08:36:30.165,1.17281,1.17294,1.87,2.32
2017.12.01 08:36:31.245,1.17281,1.17294,2.63,2.32
2017.12.01 08:36:31.557,1.1728,1.17293,1.31,3.00
2017.12.01 08:36:32.452,1.17286,1.17295,1.00,2.89
2017.12.01 08:36:32.557,1.17285,1.17297,1.69,1.45
2017.12.01 08:36:32.610,1.17287,1.17297,1.00,1.45
2017.12.01 08:36:32.902,1.17289,1.17301,2.06,1.95
2017.12.01 08:36:33.991,1.17287,1.17301,2.44,3.45
2017.12.01 08:36:34.043,1.17287,1.173,2.06,1.13
2017.12.01 08:36:34.095,1.17287,1.173,2.06,2.33
2017.12.01 08:36:34.357,1.17285,1.17298,1.12,1.12
2017.12.01 08:36:34.563,1.17287,1.173,1.00,3.45
2017.12.01 08:36:35.081,1.17287,1.173,1.00,3.83
2017.12.01 08:36:35.548,1.17286,1.17299,2.06,3.00
2017.12.01 08:36:36.253,1.17286,1.173,1.31,3.30
2017.12.01 08:36:37.333,1.17284,1.17294,1.31,1.00
2017.12.01 08:36:37.846,1.17282,1.17294,1.12,2.33
2017.12.01 08:36:38.155,1.1728,1.1729,1.87,1.00
2017.12.01 08:36:43.744,1.17281,1.17293,1.50,1.45
2017.12.01 08:36:43.995,1.17281,1.17293,1.88,1.00
2017.12.01 08:36:45.095,1.17281,1.17294,2.63,3.26
2017.12.01 08:36:46.769,1.17281,1.17293,1.87,1.89
2017.12.01 08:36:51.013,1.17281,1.17291,1.00,1.00
2017.12.01 08:36:51.065,1.17279,1.17291,1.50,1.50
2017.12.01 08:36:51.497,1.17279,1.17291,1.00,2.25
2017.12.01 08:36:52.107,1.17279,1.17291,2.63,1.87
2017.12.01 08:36:52.649,1.17279,1.17289,1.00,1.20
2017.12.01 08:36:53.206,1.17278,1.1729,1.88,1.50
2017.12.01 08:36:53.900,1.17278,1.1729,2.44,1.45
2017.12.01 08:36:54.413,1.17278,1.17291,2.63,4.13
2017.12.01 08:37:02.986,1.17278,1.1729,2.25,1.70
2017.12.01 08:37:03.499,1.17278,1.17291,3.00,2.70
2017.12.01 08:37:04.536,1.17278,1.17291,2.44,3.64
2017.12.01 08:37:04.847,1.17277,1.17288,2.62,2.70
2017.12.01 08:37:05.393,1.17276,1.17288,2.81,4.61
2017.12.01 08:37:06.699,1.17276,1.17287,3.56,1.20
2017.12.01 08:37:07.438,1.17277,1.17284,1.50,1.19
2017.12.01 08:37:07.652,1.17269,1.17276,1.00,1.00
2017.12.01 08:37:07.704,1.17267,1.17277,1.50,1.00
2017.12.01 08:37:07.885,1.17269,1.17281,1.25,4.50
2017.12.01 08:37:07.995,1.1727,1.17281,2.06,1.25
2017.12.01 08:37:08.511,1.1727,1.17281,1.00,1.00
2017.12.01 08:37:09.021,1.1727,1.17283,1.13,2.25
2017.12.01 08:37:10.641,1.17276,1.17289,1.50,3.00
2017.12.01 08:37:11.427,1.17277,1.1729,1.12,1.95
2017.12.01 08:37:11.735,1.17279,1.1729,1.00,1.12
2017.12.01 08:37:12.597,1.17279,1.17292,1.00,3.26
2017.12.01 08:37:13.110,1.17278,1.17291,1.31,1.50
2017.12.01 08:37:13.613,1.17279,1.17292,1.12,3.45
2017.12.01 08:37:14.122,1.17279,1.17292,1.12,1.95
2017.12.01 08:37:14.619,1.17279,1.17292,1.31,2.33
2017.12.01 08:37:15.031,1.1728,1.17292,1.00,1.12
2017.12.01 08:37:15.567,1.17281,1.17292,1.00,1.13
2017.12.01 08:37:17.166,1.17285,1.17294,1.00,2.25
2017.12.01 08:37:17.481,1.17289,1.17298,1.00,1.10
2017.12.01 08:37:17.534,1.17291,1.17302,1.00,1.12
2017.12.01 08:37:17.690,1.17291,1.17304,2.06,1.00
2017.12.01 08:37:17.851,1.17291,1.17304,1.00,3.00
2017.12.01 08:37:18.366,1.1729,1.17303,1.00,2.44
2017.12.01 08:37:18.936,1.17289,1.17301,1.00,1.00
2017.12.01 08:37:19.517,1.1729,1.17302,1.00,1.12
2017.12.01 08:37:19.723,1.17292,1.17305,1.12,3.94
2017.12.01 08:37:19.951,1.17294,1.17306,1.00,1.62
2017.12.01 08:37:20.004,1.17294,1.17307,1.12,1.12
2017.12.01 08:37:20.108,1.17296,1.17309,1.00,2.06
2017.12.01 08:37:20.416,1.17296,1.17308,1.00,1.50
2017.12.01 08:37:21.370,1.17295,1.17308,1.00,2.25
2017.12.01 08:37:21.825,1.17293,1.17306,1.12,1.50
2017.12.01 08:37:22.463,1.17294,1.17306,1.00,1.50
2017.12.01 08:37:25.366,1.17293,1.17306,1.12,2.63
2017.12.01 08:37:26.081,1.17293,1.17306,1.12,1.88
2017.12.01 08:37:27.119,1.17291,1.17304,1.12,1.50
2017.12.01 08:37:27.275,1.1729,1.17303,1.12,1.88
2017.12.01 08:37:27.625,1.17287,1.173,1.00,2.25
2017.12.01 08:37:28.376,1.17287,1.173,1.12,1.88
2017.12.01 08:37:28.898,1.17288,1.17301,1.00,2.25
2017.12.01 08:37:29.463,1.17289,1.17302,1.12,1.50
2017.12.01 08:37:29.517,1.17292,1.17301,1.00,1.00
2017.12.01 08:37:29.669,1.17292,1.17304,1.37,1.69
2017.12.01 08:37:29.722,1.17293,1.17306,3.00,1.00
2017.12.01 08:37:30.309,1.17295,1.17308,1.12,1.50
2017.12.01 08:37:30.877,1.17294,1.17307,1.12,1.88
2017.12.01 08:37:33.710,1.17294,1.17307,1.12,1.50
2017.12.01 08:37:33.917,1.17295,1.17308,2.81,1.20
2017.12.01 08:37:33.971,1.17297,1.1731,1.12,1.87
2017.12.01 08:37:34.481,1.17298,1.17311,1.31,1.50
2017.12.01 08:37:34.534,1.173,1.17313,1.12,2.06
2017.12.01 08:37:34.639,1.17301,1.17313,1.37,1.25
2017.12.01 08:37:34.835,1.17303,1.17316,1.12,2.25
2017.12.01 08:37:35.344,1.17303,1.17316,1.12,1.50
2017.12.01 08:37:35.956,1.17303,1.17316,1.12,1.50
2017.12.01 08:37:36.757,1.17302,1.17315,2.06,1.25
2017.12.01 08:37:37.308,1.17301,1.17314,1.87,1.12
2017.12.01 08:37:37.856,1.17303,1.17314,1.00,1.12
2017.12.01 08:37:38.216,1.17301,1.17314,1.87,1.12
2017.12.01 08:37:38.764,1.17301,1.17313,1.00,1.50
2017.12.01 08:37:39.315,1.17301,1.17313,1.00,1.50
2017.12.01 08:37:39.628,1.17299,1.17309,1.00,2.63
2017.12.01 08:37:39.784,1.17294,1.17306,1.00,1.75
2017.12.01 08:37:39.837,1.17292,1.17305,1.12,1.12
2017.12.01 08:37:40.370,1.17292,1.17305,1.12,1.50
2017.12.01 08:37:40.912,1.17293,1.17305,1.00,1.00
2017.12.01 08:37:41.469,1.17293,1.17304,1.00,1.37
2017.12.01 08:37:41.624,1.17293,1.17305,1.05,1.12
2017.12.01 08:37:41.728,1.17295,1.17307,1.00,1.37
2017.12.01 08:37:41.832,1.17295,1.17308,1.87,1.31
2017.12.01 08:37:42.046,1.17297,1.17309,1.00,1.12
2017.12.01 08:37:42.305,1.17298,1.17311,1.12,1.50
2017.12.01 08:37:42.823,1.17299,1.17312,1.87,1.12
2017.12.01 08:37:43.432,1.17299,1.17312,1.12,1.50
2017.12.01 08:37:43.937,1.17299,1.17312,1.12,2.70
2017.12.01 08:37:44.320,1.17299,1.17304,1.12,1.00
2017.12.01 08:37:44.373,1.17289,1.17299,1.00,1.25
2017.12.01 08:37:44.425,1.17289,1.17294,1.00,1.00
2017.12.01 08:37:44.478,1.1728,1.17288,1.50,1.00
2017.12.01 08:37:44.686,1.17276,1.17288,1.00,1.37
2017.12.01 08:37:44.791,1.17276,1.17289,1.12,1.12
2017.12.01 08:37:45.159,1.17278,1.17291,1.00,2.62
2017.12.01 08:37:45.417,1.17275,1.17288,1.12,1.12
2017.12.01 08:37:47.374,1.17275,1.17287,1.00,1.37
2017.12.01 08:37:47.890,1.17274,1.17287,1.00,1.87
2017.12.01 08:37:48.183,1.17272,1.17285,1.12,1.12
2017.12.01 08:37:48.727,1.17273,1.17286,1.25,1.87
2017.12.01 08:37:49.244,1.17273,1.17286,1.55,1.87
2017.12.01 08:37:49.963,1.17273,1.17286,1.25,1.87
2017.12.01 08:37:51.029,1.17272,1.17285,1.00,1.87
2017.12.01 08:37:51.574,1.17273,1.17285,1.12,1.87
2017.12.01 08:37:52.386,1.17274,1.17285,1.00,1.37
2017.12.01 08:37:52.749,1.17272,1.17285,1.00,1.87
2017.12.01 08:37:53.946,1.17272,1.17284,1.00,1.37
2017.12.01 08:37:54.463,1.17271,1.17284,1.88,1.87
2017.12.01 08:37:54.516,1.17273,1.17285,1.50,1.37
2017.12.01 08:37:55.040,1.17274,1.17285,1.50,1.37
2017.12.01 08:37:55.548,1.17273,1.17286,2.18,1.37
2017.12.01 08:37:56.093,1.17274,1.17287,1.24,1.87
2017.12.01 08:37:56.628,1.17275,1.17287,1.05,1.63
2017.12.01 08:37:57.177,1.17274,1.17287,2.36,1.37
2017.12.01 08:37:57.684,1.17275,1.17288,1.74,1.87
2017.12.01 08:37:58.203,1.17275,1.17288,1.25,1.87
2017.12.01 08:37:58.855,1.17274,1.17287,1.80,1.87
2017.12.01 08:37:59.312,1.17273,1.17286,1.20,1.87
2017.12.01 08:37:59.649,1.17273,1.17284,1.00,1.37
2017.12.01 08:37:59.775,1.17271,1.17284,2.17,1.12
2017.12.01 08:37:59.828,1.17274,1.17287,2.36,1.20
2017.12.01 08:38:00.139,1.17276,1.17289,2.74,1.12
2017.12.01 08:38:00.649,1.17277,1.1729,1.25,2.06
2017.12.01 08:38:01.167,1.17278,1.17291,1.00,1.87
2017.12.01 08:38:01.662,1.17276,1.17289,1.00,2.06
2017.12.01 08:38:01.825,1.17273,1.17287,2.14,1.12
2017.12.01 08:38:02.084,1.17272,1.17285,1.12,1.31
2017.12.01 08:38:02.413,1.1727,1.17283,2.25,1.00
2017.12.01 08:38:02.849,1.17272,1.17285,1.31,1.31
2017.12.01 08:38:04.272,1.17271,1.17285,2.36,2.14
2017.12.01 08:38:05.357,1.1727,1.17283,1.80,1.12
2017.12.01 08:38:05.616,1.17269,1.17282,1.12,1.57
2017.12.01 08:38:05.958,1.17266,1.17279,2.55,1.00
2017.12.01 08:38:06.878,1.17266,1.17279,1.50,1.12
2017.12.01 08:38:07.204,1.17266,1.17278,1.15,1.45
2017.12.01 08:38:07.891,1.17265,1.17278,1.12,1.76
2017.12.01 08:38:08.305,1.17264,1.17277,1.25,2.32
2017.12.01 08:38:09.412,1.17262,1.17273,1.69,1.10
2017.12.01 08:38:09.572,1.1726,1.17271,1.30,1.37
2017.12.01 08:38:09.832,1.17258,1.17269,1.25,1.10
2017.12.01 08:38:10.353,1.17257,1.1727,1.13,3.45
2017.12.01 08:38:10.457,1.17255,1.17263,1.12,1.00
2017.12.01 08:38:10.748,1.17251,1.17264,1.87,1.25
2017.12.01 08:38:10.854,1.17252,1.17265,1.12,2.70
2017.12.01 08:38:10.907,1.17249,1.17262,2.06,1.10
2017.12.01 08:38:11.446,1.17249,1.17262,2.25,1.57
2017.12.01 08:38:11.703,1.17251,1.17263,1.62,1.45
2017.12.01 08:38:12.676,1.17251,1.17264,2.06,1.50
2017.12.01 08:38:12.728,1.17251,1.17262,2.06,1.00
2017.12.01 08:38:12.831,1.17251,1.17264,2.06,1.50
2017.12.01 08:38:13.244,1.17253,1.17266,1.87,1.50
2017.12.01 08:38:13.658,1.17257,1.17269,1.62,1.50
2017.12.01 08:38:13.762,1.17259,1.17272,2.25,1.50
2017.12.01 08:38:13.970,1.17259,1.1727,2.25,1.20
2017.12.01 08:38:15.794,1.17261,1.17272,1.37,1.95
2017.12.01 08:38:16.363,1.17261,1.1727,1.37,1.45
2017.12.01 08:38:16.417,1.17259,1.17269,1.37,1.20
2017.12.01 08:38:16.628,1.17256,1.17266,1.37,1.00
2017.12.01 08:38:16.787,1.17254,1.17265,1.37,1.25
2017.12.01 08:38:16.978,1.17254,1.1726,1.37,1.00
2017.12.01 08:38:17.031,1.17249,1.1726,1.63,1.50
2017.12.01 08:38:17.189,1.17255,1.17265,1.37,1.95
2017.12.01 08:38:17.242,1.17254,1.17266,1.12,1.50
2017.12.01 08:38:17.450,1.17256,1.17267,1.37,1.31
2017.12.01 08:38:17.773,1.1726,1.17272,1.37,2.44
2017.12.01 08:38:18.292,1.17261,1.17272,1.62,1.00
2017.12.01 08:38:20.936,1.17261,1.17271,1.62,1.00
2017.12.01 08:38:21.452,1.1726,1.17271,1.87,1.00
2017.12.01 08:38:22.220,1.17261,1.17271,1.37,1.00
2017.12.01 08:38:22.899,1.17261,1.17272,1.37,1.00
2017.12.01 08:38:24.281,1.17261,1.17273,1.37,1.69
2017.12.01 08:38:26.248,1.17261,1.17272,1.37,1.00
2017.12.01 08:38:26.750,1.17261,1.17273,1.37,1.25
2017.12.01 08:38:28.279,1.17261,1.17272,1.37,1.00
2017.12.01 08:38:28.796,1.1726,1.17273,2.06,1.44
2017.12.01 08:38:29.300,1.1726,1.17273,2.06,1.25
2017.12.01 08:38:29.403,1.1726,1.17271,1.37,1.00
2017.12.01 08:38:30.046,1.17259,1.17271,1.37,1.25
2017.12.01 08:38:30.549,1.17257,1.17269,2.07,1.00
2017.12.01 08:38:30.757,1.17261,1.17271,1.10,1.12
2017.12.01 08:38:30.905,1.17261,1.17274,2.32,1.88
2017.12.01 08:38:31.843,1.17261,1.17274,1.87,2.81
2017.12.01 08:38:32.409,1.17261,1.17271,1.37,1.00
2017.12.01 08:38:32.730,1.17256,1.17266,1.37,1.00
2017.12.01 08:38:32.783,1.17253,1.17265,1.37,1.00
2017.12.01 08:38:32.888,1.17252,1.17265,1.00,2.06
2017.12.01 08:38:33.554,1.17251,1.17263,1.00,1.87
2017.12.01 08:38:34.698,1.17251,1.17262,1.00,1.37
2017.12.01 08:38:36.143,1.1725,1.17262,1.12,1.37
2017.12.01 08:38:36.661,1.17249,1.17261,1.12,1.87
2017.12.01 08:38:37.147,1.1725,1.17263,1.69,1.12
2017.12.01 08:38:37.665,1.17251,1.17264,1.00,2.25
2017.12.01 08:38:38.329,1.17251,1.17264,1.88,2.06
2017.12.01 08:38:38.381,1.17253,1.17265,1.45,1.37
2017.12.01 08:38:38.902,1.17254,1.17266,1.00,1.37
2017.12.01 08:38:39.433,1.17254,1.17266,1.50,1.37
2017.12.01 08:38:40.380,1.17254,1.17259,1.00,1.00
2017.12.01 08:38:40.486,1.17251,1.17263,1.00,1.87
2017.12.01 08:38:40.539,1.17248,1.17261,1.12,1.87
2017.12.01 08:38:41.126,1.17247,1.17259,2.63,1.12
2017.12.01 08:38:41.334,1.17247,1.17258,1.13,2.06
2017.12.01 08:38:41.841,1.17246,1.17258,1.50,1.37
2017.12.01 08:38:42.152,1.17233,1.17242,1.50,1.31
2017.12.01 08:38:42.414,1.17233,1.17245,1.50,1.63
2017.12.01 08:38:42.560,1.17235,1.17248,1.00,1.87
2017.12.01 08:38:42.819,1.17237,1.17249,1.00,1.37
2017.12.01 08:38:42.871,1.17237,1.1725,3.00,1.12
2017.12.01 08:38:42.924,1.17239,1.17252,1.69,2.25
2017.12.01 08:38:43.285,1.17242,1.17254,1.00,1.37
2017.12.01 08:38:43.805,1.17242,1.17255,1.25,1.87
2017.12.01 08:38:44.348,1.17241,1.17254,1.31,1.12
2017.12.01 08:38:45.997,1.17241,1.17254,1.00,2.81
2017.12.01 08:38:46.103,1.17239,1.17252,1.12,2.06
2017.12.01 08:38:46.259,1.17238,1.17251,1.31,1.87
2017.12.01 08:38:47.863,1.17237,1.1725,1.12,1.12
2017.12.01 08:38:48.375,1.17237,1.1725,1.25,1.87
2017.12.01 08:38:48.971,1.17239,1.1725,1.45,1.37
2017.12.01 08:38:49.023,1.17239,1.17252,1.45,1.87
2017.12.01 08:38:49.075,1.17239,1.17252,1.00,1.87
2017.12.01 08:38:50.422,1.17239,1.17251,1.00,1.63
2017.12.01 08:38:51.198,1.17239,1.17252,1.25,2.06
2017.12.01 08:38:51.718,1.17239,1.17252,1.19,2.06
2017.12.01 08:38:52.231,1.17238,1.17251,1.00,2.62
2017.12.01 08:38:52.282,1.17238,1.17249,1.00,1.37
2017.12.01 08:38:52.488,1.17236,1.17249,1.12,1.87
2017.12.01 08:38:52.798,1.17234,1.17246,1.25,1.37
2017.12.01 08:38:53.306,1.17233,1.17245,1.13,1.37
2017.12.01 08:38:53.854,1.17233,1.17246,1.13,1.87
2017.12.01 08:38:54.266,1.17234,1.17246,1.45,1.37
2017.12.01 08:38:57.437,1.17234,1.17246,1.25,1.37
2017.12.01 08:38:58.188,1.17234,1.17246,1.58,1.37
2017.12.01 08:39:00.659,1.17234,1.17246,1.00,1.37
2017.12.01 08:39:01.206,1.17234,1.17246,1.44,1.37
2017.12.01 08:39:01.692,1.17233,1.17246,1.58,1.87
2017.12.01 08:39:02.207,1.17231,1.17245,1.39,2.81
2017.12.01 08:39:02.465,1.17229,1.17242,1.10,1.37
2017.12.01 08:39:02.968,1.17229,1.17242,2.89,1.87
2017.12.01 08:39:03.278,1.1723,1.17243,1.12,1.12
2017.12.01 08:39:03.819,1.1723,1.17243,1.50,1.12
2017.12.01 08:39:04.182,1.1723,1.17242,1.13,1.37
2017.12.01 08:39:04.764,1.17229,1.17242,3.45,1.87
2017.12.01 08:39:05.188,1.17231,1.17243,1.76,1.12
2017.12.01 08:39:05.240,1.17232,1.17245,2.51,1.12
2017.12.01 08:39:05.389,1.17233,1.17246,2.89,1.12
2017.12.01 08:39:05.494,1.17234,1.17247,2.81,1.12
2017.12.01 08:39:05.547,1.17235,1.17248,1.44,1.87
2017.12.01 08:39:06.064,1.17236,1.17249,1.38,1.87
2017.12.01 08:39:06.819,1.17236,1.17249,1.50,1.87
2017.12.01 08:39:07.332,1.17237,1.1725,1.12,1.12
2017.12.01 08:39:07.384,1.17236,1.17249,1.00,1.87
2017.12.01 08:39:07.909,1.17237,1.1725,1.13,1.87
2017.12.01 08:39:08.776,1.17237,1.1725,1.19,1.87
2017.12.01 08:39:09.308,1.17237,1.1725,1.25,1.87
2017.12.01 08:39:09.875,1.17237,1.1725,1.44,1.87
2017.12.01 08:39:10.435,1.17237,1.1725,1.25,1.87
2017.12.01 08:39:11.385,1.17236,1.17249,1.57,1.12
2017.12.01 08:39:11.911,1.17236,1.17249,1.57,1.12
2017.12.01 08:39:12.891,1.17235,1.17249,2.32,1.87
2017.12.01 08:39:13.719,1.17235,1.17248,1.57,1.12
2017.12.01 08:39:14.224,1.17234,1.17247,1.50,1.12
2017.12.01 08:39:14.750,1.17234,1.17247,1.31,1.12
2017.12.01 08:39:15.062,1.17228,1.17241,1.50,1.12
2017.12.01 08:39:15.372,1.17226,1.17239,3.83,1.00
2017.12.01 08:39:15.887,1.17226,1.17239,2.14,1.25
2017.12.01 08:39:16.246,1.17224,1.17235,1.10,1.50
2017.12.01 08:39:16.864,1.17223,1.17235,1.69,1.12
2017.12.01 08:39:17.180,1.17223,1.17236,3.26,1.12
2017.12.01 08:39:17.693,1.17223,1.17235,1.20,1.00
2017.12.01 08:39:17.963,1.17222,1.17235,1.00,1.87
2017.12.01 08:39:18.507,1.17222,1.17234,1.44,1.12
2017.12.01 08:39:18.917,1.17223,1.17236,1.64,3.37
2017.12.01 08:39:19.431,1.17222,1.17234,1.58,1.12
2017.12.01 08:39:20.147,1.17223,1.17234,1.75,1.50
2017.12.01 08:39:20.653,1.17222,1.17234,2.44,1.87
2017.12.01 08:39:21.530,1.17222,1.17234,1.25,1.12
2017.12.01 08:39:23.599,1.17222,1.17234,1.38,1.12
2017.12.01 08:39:24.146,1.17222,1.17234,1.25,1.12
2017.12.01 08:39:24.690,1.17222,1.17234,1.38,1.12
2017.12.01 08:39:25.243,1.17222,1.17235,4.13,1.87
2017.12.01 08:39:25.777,1.17222,1.17235,4.50,1.12
2017.12.01 08:39:26.291,1.17222,1.17234,2.06,1.00
2017.12.01 08:39:26.834,1.17222,1.17235,2.81,1.12
2017.12.01 08:39:27.363,1.17222,1.17235,3.00,1.12
2017.12.01 08:39:27.788,1.17222,1.17233,1.13,1.00
2017.12.01 08:39:28.446,1.17222,1.17234,1.38,1.12
2017.12.01 08:39:29.019,1.17222,1.17234,1.88,1.12
2017.12.01 08:39:29.520,1.17222,1.17234,1.88,1.12
2017.12.01 08:39:30.033,1.17222,1.17235,4.13,1.87
2017.12.01 08:39:30.552,1.17222,1.17235,3.38,1.87
2017.12.01 08:39:31.151,1.17222,1.17235,3.19,1.87
2017.12.01 08:39:31.662,1.17222,1.17235,1.88,2.44
2017.12.01 08:39:32.803,1.17222,1.17235,2.33,2.44
2017.12.01 08:39:33.423,1.17222,1.17235,4.88,1.87
2017.12.01 08:39:33.975,1.17222,1.17235,3.00,1.12
2017.12.01 08:39:34.082,1.17225,1.17238,1.25,2.25
2017.12.01 08:39:34.134,1.17225,1.17238,1.38,1.87
2017.12.01 08:39:34.238,1.17225,1.17238,1.25,1.87
2017.12.01 08:39:34.395,1.17225,1.17238,1.45,2.25
2017.12.01 08:39:34.799,1.17224,1.17237,2.70,1.12
2017.12.01 08:39:35.343,1.17224,1.17237,1.83,1.87
2017.12.01 08:39:36.367,1.17223,1.17236,1.25,1.87
2017.12.01 08:39:37.023,1.17222,1.17235,1.50,1.12
2017.12.01 08:39:38.377,1.17222,1.17234,1.31,1.00
2017.12.01 08:39:38.583,1.17223,1.17235,2.14,1.12
2017.12.01 08:39:39.433,1.17224,1.17236,1.58,1.50
2017.12.01 08:39:39.981,1.17222,1.17236,4.58,2.44
2017.12.01 08:39:40.495,1.17222,1.17235,1.76,1.87
2017.12.01 08:39:42.411,1.17223,1.17235,1.31,1.00
2017.12.01 08:39:42.463,1.17223,1.17235,1.76,1.00
2017.12.01 08:39:42.774,1.17224,1.17238,2.06,1.87
2017.12.01 08:39:42.956,1.17225,1.17238,2.25,1.12
2017.12.01 08:39:43.427,1.17229,1.17239,1.45,1.00
2017.12.01 08:39:43.943,1.17229,1.17242,1.95,3.19
2017.12.01 08:39:44.493,1.17229,1.17242,1.45,2.63
2017.12.01 08:39:44.597,1.1723,1.17242,1.00,1.87
2017.12.01 08:39:44.650,1.1723,1.17242,1.45,1.87
2017.12.01 08:39:45.192,1.1723,1.17243,1.70,2.62
2017.12.01 08:39:45.714,1.17232,1.17243,1.70,1.87
2017.12.01 08:39:47.849,1.17232,1.17244,1.58,1.37
2017.12.01 08:39:48.421,1.17232,1.17244,2.14,1.37
2017.12.01 08:39:49.106,1.17232,1.17245,3.45,1.87
2017.12.01 08:39:49.878,1.17234,1.17246,1.45,1.31
2017.12.01 08:39:50.419,1.17237,1.17248,1.20,1.87
2017.12.01 08:39:50.592,1.17237,1.17248,1.45,1.12
2017.12.01 08:39:51.117,1.17237,1.1725,2.51,1.87
2017.12.01 08:39:51.640,1.17239,1.1725,1.45,1.12
2017.12.01 08:39:52.811,1.17239,1.17249,1.45,1.31
2017.12.01 08:39:53.281,1.17237,1.17248,1.45,1.12
2017.12.01 08:39:54.052,1.17236,1.17249,2.14,1.12
2017.12.01 08:39:55.288,1.17237,1.17251,1.95,2.06
2017.12.01 08:39:55.842,1.17238,1.17251,1.01,2.06
2017.12.01 08:39:57.716,1.17238,1.1725,1.45,1.37
2017.12.01 08:39:58.313,1.17238,1.1725,2.14,1.37
2017.12.01 08:40:01.087,1.17237,1.1725,1.70,1.87
2017.12.01 08:40:02.098,1.17236,1.1725,4.20,1.87
2017.12.01 08:40:02.202,1.17236,1.17248,1.45,1.37
2017.12.01 08:40:02.538,1.17235,1.17244,1.20,1.37
2017.12.01 08:40:03.077,1.17235,1.17245,1.00,1.37
2017.12.01 08:40:03.754,1.17235,1.17244,1.00,1.37
2017.12.01 08:40:04.547,1.17233,1.17243,1.00,1.37
2017.12.01 08:40:06.564,1.17231,1.17243,1.50,1.37
2017.12.01 08:40:10.292,1.17231,1.17241,1.00,1.37
2017.12.01 08:40:10.794,1.17231,1.17242,1.00,1.87
2017.12.01 08:40:11.323,1.17231,1.17241,1.00,1.37
2017.12.01 08:40:11.712,1.17231,1.17244,1.25,3.08
2017.12.01 08:40:12.142,1.17231,1.17242,1.00,2.06
2017.12.01 08:40:12.297,1.17228,1.17239,1.10,1.88
2017.12.01 08:40:12.350,1.17226,1.17238,1.10,1.31
2017.12.01 08:40:12.685,1.17223,1.17234,1.00,1.31
2017.12.01 08:40:12.895,1.17222,1.17234,1.20,1.31
2017.12.01 08:40:13.423,1.17222,1.17234,1.20,1.31
2017.12.01 08:40:14.302,1.17222,1.17235,1.95,1.12
2017.12.01 08:40:14.354,1.17223,1.17236,1.70,1.87
2017.12.01 08:40:14.884,1.17223,1.17236,1.95,1.87
2017.12.01 08:40:15.647,1.17223,1.17236,1.95,1.87
2017.12.01 08:40:16.028,1.17224,1.17237,1.57,1.12
2017.12.01 08:40:16.640,1.17224,1.17237,2.33,1.12
2017.12.01 08:40:18.706,1.17224,1.17238,1.95,1.87
2017.12.01 08:40:20.243,1.17224,1.17237,1.57,1.12
2017.12.01 08:40:20.755,1.17224,1.17237,1.45,1.31
2017.12.01 08:40:23.347,1.17227,1.1724,2.32,2.06
2017.12.01 08:40:23.400,1.17227,1.17237,1.45,1.00
2017.12.01 08:40:23.761,1.17227,1.17239,1.58,1.31
2017.12.01 08:40:24.264,1.17228,1.17241,1.88,2.70
2017.12.01 08:40:24.895,1.17228,1.17241,3.38,1.87
2017.12.01 08:40:25.546,1.1723,1.17241,1.13,1.12
2017.12.01 08:40:27.133,1.17233,1.17243,1.00,1.87
2017.12.01 08:40:27.958,1.17233,1.17244,1.00,1.87
2017.12.01 08:40:29.199,1.17233,1.17243,1.00,2.06
2017.12.01 08:40:29.509,1.17226,1.17235,1.00,1.37
2017.12.01 08:40:29.818,1.17224,1.17232,1.25,1.37
2017.12.01 08:40:33.033,1.17224,1.17233,1.00,1.37
2017.12.01 08:40:35.014,1.17224,1.17235,2.63,1.37
2017.12.01 08:40:35.727,1.17224,1.17233,1.13,1.37
2017.12.01 08:40:36.040,1.17224,1.17231,1.00,1.37
2017.12.01 08:40:36.561,1.17222,1.17231,1.69,1.37
2017.12.01 08:40:44.336,1.17222,1.17232,1.50,1.50
2017.12.01 08:40:49.300,1.17222,1.17231,1.88,1.37
2017.12.01 08:40:51.042,1.17222,1.17232,1.88,1.37
2017.12.01 08:40:53.153,1.17222,1.17233,1.88,1.37
2017.12.01 08:40:53.810,1.17223,1.17235,1.69,1.87
2017.12.01 08:40:54.017,1.17224,1.17235,1.88,1.87
2017.12.01 08:40:56.745,1.17225,1.17236,1.13,1.37
2017.12.01 08:40:58.237,1.17225,1.17236,1.88,1.37
2017.12.01 08:40:59.065,1.17225,1.17236,1.10,1.37
2017.12.01 08:40:59.617,1.17225,1.17235,1.25,1.37
2017.12.01 08:41:04.838,1.17223,1.17234,1.76,1.37
2017.12.01 08:41:05.339,1.17223,1.17233,1.00,1.37
2017.12.01 08:41:13.744,1.17222,1.17232,1.25,1.10
2017.12.01 08:41:14.264,1.17222,1.17232,1.00,1.57
2017.12.01 08:41:16.257,1.17222,1.17232,1.00,1.82
2017.12.01 08:41:16.879,1.17222,1.17231,1.00,1.10
2017.12.01 08:41:17.467,1.17222,1.17231,1.00,1.47
2017.12.01 08:41:19.906,1.17222,1.17231,1.25,1.57
2017.12.01 08:41:20.174,1.17219,1.1723,1.00,2.51
2017.12.01 08:41:20.227,1.17216,1.17228,3.75,2.32
2017.12.01 08:41:20.536,1.17215,1.17225,1.88,1.10
2017.12.01 08:41:21.004,1.17213,1.17224,1.50,1.10
2017.12.01 08:41:21.156,1.17213,1.17222,1.00,1.00
2017.12.01 08:41:21.465,1.17212,1.17222,1.25,1.57
2017.12.01 08:41:22.280,1.17212,1.17222,1.25,3.07
2017.12.01 08:41:22.807,1.17211,1.1722,1.25,1.45
2017.12.01 08:41:25.831,1.1721,1.17219,1.05,1.45
2017.12.01 08:41:26.400,1.17208,1.17218,2.48,1.57
2017.12.01 08:41:28.154,1.17208,1.17217,1.25,1.20
2017.12.01 08:41:28.257,1.17208,1.17217,1.00,1.45
2017.12.01 08:41:29.640,1.17208,1.17217,1.00,1.45
2017.12.01 08:41:30.154,1.17208,1.17218,1.00,1.12
2017.12.01 08:41:30.406,1.17208,1.1722,1.68,1.57
2017.12.01 08:41:30.913,1.17209,1.17221,1.50,1.95
2017.12.01 08:41:32.198,1.17209,1.17221,2.06,1.87
2017.12.01 08:41:32.724,1.17208,1.17221,2.93,1.95
2017.12.01 08:41:33.172,1.1721,1.17221,1.74,1.37
2017.12.01 08:41:33.378,1.1721,1.17221,1.00,1.37
2017.12.01 08:41:33.976,1.17208,1.17221,2.25,3.37
2017.12.01 08:41:34.634,1.17208,1.17221,2.63,1.95
2017.12.01 08:41:34.839,1.17208,1.17221,2.25,1.95
2017.12.01 08:41:35.684,1.17208,1.1722,1.88,1.12
2017.12.01 08:41:37.160,1.17208,1.1722,2.55,1.12
2017.12.01 08:41:37.265,1.17208,1.17221,3.79,1.87
2017.12.01 08:41:37.804,1.1721,1.17221,1.88,1.37
2017.12.01 08:41:38.700,1.1721,1.17223,1.88,2.44
2017.12.01 08:41:39.244,1.17211,1.17222,1.13,1.37
2017.12.01 08:41:39.898,1.17211,1.17222,1.88,1.37
2017.12.01 08:41:41.194,1.17212,1.17223,1.69,1.37
2017.12.01 08:41:41.710,1.17213,1.17224,1.44,1.37
2017.12.01 08:41:41.865,1.17215,1.17226,2.63,1.37
2017.12.01 08:41:42.396,1.17216,1.17227,1.88,1.37
2017.12.01 08:41:42.556,1.17215,1.17225,1.00,1.37
2017.12.01 08:41:42.659,1.17213,1.17225,1.50,1.37
2017.12.01 08:41:43.182,1.17211,1.17222,1.10,1.37
2017.12.01 08:41:43.546,1.17209,1.1722,1.50,1.37
2017.12.01 08:41:45.050,1.17208,1.17219,3.00,1.37
2017.12.01 08:41:45.688,1.17208,1.17219,2.44,1.37
2017.12.01 08:41:46.136,1.17207,1.17219,1.88,1.37
2017.12.01 08:41:46.753,1.17207,1.17219,1.88,1.37
2017.12.01 08:41:47.554,1.17207,1.17219,2.63,1.37
2017.12.01 08:41:48.055,1.17207,1.17219,2.93,1.37
2017.12.01 08:41:50.009,1.17207,1.17218,1.00,1.37
2017.12.01 08:41:50.530,1.17206,1.17218,1.43,1.87
2017.12.01 08:41:51.059,1.17206,1.17218,2.93,1.87
2017.12.01 08:41:52.990,1.17206,1.17218,1.13,1.87
2017.12.01 08:41:53.526,1.17205,1.17217,1.88,1.87
2017.12.01 08:41:54.045,1.17205,1.17217,1.50,1.87
2017.12.01 08:41:56.148,1.17206,1.17218,1.43,1.87
2017.12.01 08:41:56.457,1.17208,1.17219,1.00,1.31
2017.12.01 08:41:56.768,1.17206,1.17219,2.63,2.06
2017.12.01 08:41:57.293,1.17206,1.17218,1.25,1.87
2017.12.01 08:41:59.995,1.17206,1.17218,1.88,1.12
2017.12.01 08:42:00.047,1.17208,1.17219,1.00,1.87
2017.12.01 08:42:02.953,1.17208,1.17219,1.00,1.12
2017.12.01 08:42:03.285,1.17205,1.17216,1.00,1.87
2017.12.01 08:42:03.442,1.17202,1.17214,1.10,2.36
2017.12.01 08:42:03.966,1.17201,1.17214,1.88,2.10
2017.12.01 08:42:04.275,1.17202,1.17209,1.00,1.00
2017.12.01 08:42:04.380,1.17199,1.17208,1.00,1.50
2017.12.01 08:42:04.433,1.17194,1.17207,3.19,2.62
2017.12.01 08:42:04.964,1.17194,1.17206,1.00,1.37
2017.12.01 08:42:05.533,1.17194,1.17206,1.13,2.12
2017.12.01 08:42:06.040,1.17194,1.17206,1.44,2.12
2017.12.01 08:42:07.575,1.17194,1.17206,1.00,1.82
2017.12.01 08:42:08.278,1.17194,1.17205,1.44,1.82
2017.12.01 08:42:08.919,1.17194,1.17205,1.00,1.82
2017.12.01 08:42:09.433,1.17194,1.17206,1.88,1.82
2017.12.01 08:42:09.640,1.17195,1.17208,1.50,1.12
2017.12.01 08:42:09.796,1.17198,1.17209,1.00,1.37
2017.12.01 08:42:10.207,1.17196,1.17208,1.13,1.62
2017.12.01 08:42:12.403,1.17195,1.17207,1.25,1.50
2017.12.01 08:42:12.662,1.17194,1.17206,1.00,2.62
2017.12.01 08:42:12.979,1.17198,1.17208,1.25,1.62
2017.12.01 08:42:13.242,1.17198,1.17211,1.88,2.25
2017.12.01 08:42:13.867,1.17199,1.17211,1.44,1.63
2017.12.01 08:42:15.229,1.17199,1.17211,1.00,1.37
2017.12.01 08:42:15.737,1.17198,1.17211,1.50,2.85
2017.12.01 08:42:16.242,1.17198,1.17211,1.88,2.29
2017.12.01 08:42:16.498,1.17198,1.1721,1.88,1.01
2017.12.01 08:42:17.011,1.17199,1.17211,1.25,2.32
2017.12.01 08:42:18.148,1.17199,1.17211,1.44,2.32
2017.12.01 08:42:18.691,1.17201,1.17213,1.50,1.57
2017.12.01 08:42:18.744,1.17202,1.17214,1.25,1.82
2017.12.01 08:42:19.278,1.17202,1.17214,2.63,1.82
2017.12.01 08:42:19.817,1.17202,1.17214,2.63,1.82
2017.12.01 08:42:20.366,1.17202,1.17215,1.88,3.07
2017.12.01 08:42:22.458,1.17204,1.17215,1.00,1.57
2017.12.01 08:42:22.613,1.17202,1.17215,1.88,3.07
2017.12.01 08:42:23.366,1.17201,1.17214,1.25,3.07
2017.12.01 08:42:24.505,1.17201,1.17214,1.38,3.07
2017.12.01 08:42:26.116,1.17201,1.17214,1.38,3.07
2017.12.01 08:42:26.664,1.17201,1.17214,1.88,3.07
2017.12.01 08:42:27.386,1.17201,1.17214,1.00,3.07
2017.12.01 08:42:27.901,1.17201,1.17214,1.50,3.07
2017.12.01 08:42:28.646,1.17201,1.17214,1.87,3.07
2017.12.01 08:42:29.243,1.17201,1.17214,2.25,3.07
2017.12.01 08:42:36.283,1.17201,1.17214,1.25,3.26
2017.12.01 08:42:36.788,1.172,1.17212,1.38,1.57
2017.12.01 08:42:39.154,1.17199,1.17206,1.50,1.00
2017.12.01 08:42:39.680,1.17198,1.17209,1.12,3.07
2017.12.01 08:42:40.339,1.17198,1.17209,1.87,1.57
2017.12.01 08:42:40.854,1.17198,1.17209,2.25,1.57
2017.12.01 08:42:41.726,1.17198,1.17209,3.38,1.20
2017.12.01 08:42:44.359,1.17198,1.17211,2.62,3.07
2017.12.01 08:42:44.804,1.17199,1.1721,2.25,1.10
2017.12.01 08:42:45.320,1.17199,1.1721,1.88,1.10
2017.12.01 08:42:46.144,1.17199,1.1721,1.00,1.10
2017.12.01 08:42:46.644,1.17199,1.1721,1.38,1.10
2017.12.01 08:42:46.856,1.17199,1.1721,1.12,1.10
2017.12.01 08:42:47.395,1.17199,1.17211,1.50,3.07
2017.12.01 08:42:48.168,1.17197,1.17209,3.00,1.10
2017.12.01 08:42:48.322,1.17198,1.17208,1.00,1.57
2017.12.01 08:42:50.074,1.17197,1.17208,1.69,1.95
2017.12.01 08:42:50.623,1.17197,1.17209,1.25,2.70
2017.12.01 08:42:51.661,1.17198,1.17209,1.00,2.32
2017.12.01 08:42:52.203,1.17197,1.17207,1.25,1.10
2017.12.01 08:42:52.750,1.17198,1.17209,1.00,1.82
2017.12.01 08:42:56.275,1.17197,1.17209,1.69,2.32
2017.12.01 08:42:57.102,1.17197,1.17209,3.00,1.57
2017.12.01 08:42:57.827,1.17197,1.17208,1.25,1.57
2017.12.01 08:42:59.332,1.17198,1.17209,1.00,2.51
2017.12.01 08:42:59.888,1.17198,1.1721,1.50,2.51
2017.12.01 08:43:00.553,1.17199,1.17211,1.00,1.76
2017.12.01 08:43:02.522,1.17198,1.1721,1.12,2.51
2017.12.01 08:43:04.407,1.17198,1.1721,3.38,1.45
2017.12.01 08:43:04.957,1.17198,1.1721,2.81,1.95
2017.12.01 08:43:05.570,1.17198,1.1721,3.38,1.57
2017.12.01 08:43:06.552,1.172,1.17212,1.00,3.07
2017.12.01 08:43:08.906,1.172,1.17212,2.63,1.95
2017.12.01 08:43:09.813,1.17201,1.17212,1.00,1.45
2017.12.01 08:43:12.456,1.17201,1.17213,1.50,2.14
2017.12.01 08:43:12.861,1.17199,1.17211,3.00,2.14
2017.12.01 08:43:13.411,1.172,1.17213,2.25,3.26
2017.12.01 08:43:13.932,1.172,1.17213,2.63,2.70
2017.12.01 08:43:15.205,1.172,1.1721,1.00,1.45
2017.12.01 08:43:15.719,1.17199,1.17211,1.88,1.95
2017.12.01 08:43:16.237,1.17199,1.17211,3.75,1.95
2017.12.01 08:43:16.657,1.172,1.17213,2.63,2.32
2017.12.01 08:43:18.214,1.17201,1.17213,3.23,1.45
2017.12.01 08:43:18.736,1.17201,1.17213,3.23,1.45
2017.12.01 08:43:19.250,1.17201,1.17213,3.23,1.45
2017.12.01 08:43:20.018,1.17202,1.17213,1.00,1.45
2017.12.01 08:43:20.646,1.17202,1.17214,3.60,1.45
2017.12.01 08:43:21.007,1.17203,1.17215,1.50,1.45
2017.12.01 08:43:21.572,1.17203,1.17215,1.25,1.61
2017.12.01 08:43:22.124,1.17202,1.17214,2.63,1.45
2017.12.01 08:43:23.077,1.17202,1.17215,3.00,2.32
2017.12.01 08:43:23.856,1.17202,1.17214,3.75,1.20
2017.12.01 08:43:24.399,1.17203,1.17215,1.13,1.72
2017.12.01 08:43:25.045,1.17203,1.17215,1.13,1.72
2017.12.01 08:43:27.283,1.17203,1.17214,1.00,1.00
2017.12.01 08:43:27.884,1.17202,1.17215,3.00,2.10
2017.12.01 08:43:28.567,1.17203,1.17215,1.00,2.10
2017.12.01 08:43:29.925,1.17203,1.17215,1.00,2.10
2017.12.01 08:43:31.137,1.17204,1.17214,1.00,1.00
2017.12.01 08:43:31.444,1.17206,1.17216,1.00,2.10
2017.12.01 08:43:31.974,1.17206,1.17216,1.00,1.35
2017.12.01 08:43:32.753,1.17208,1.17217,1.00,1.30
2017.12.01 08:43:34.274,1.17208,1.17218,1.00,1.35
2017.12.01 08:43:34.585,1.1721,1.17219,1.00,1.22
2017.12.01 08:43:34.740,1.17208,1.17219,1.12,1.35
2017.12.01 08:43:34.936,1.1721,1.17219,1.00,1.35
2017.12.01 08:43:35.758,1.1721,1.1722,1.00,1.12
2017.12.01 08:43:36.101,1.17212,1.17222,1.00,1.12
2017.12.01 08:43:36.588,1.1721,1.17222,1.95,1.35
2017.12.01 08:43:37.538,1.1721,1.17222,1.57,1.22
2017.12.01 08:43:37.835,1.17211,1.17223,1.50,1.50
2017.12.01 08:43:38.415,1.17211,1.17223,2.32,1.30
2017.12.01 08:43:39.304,1.17211,1.17224,3.08,1.35
2017.12.01 08:43:40.634,1.17214,1.17226,1.00,2.29
2017.12.01 08:43:41.147,1.17213,1.17226,1.39,2.25
2017.12.01 08:43:42.307,1.17214,1.17226,1.00,1.87
2017.12.01 08:43:42.888,1.17214,1.17226,2.25,1.12
2017.12.01 08:43:43.418,1.17215,1.17228,1.20,1.87
2017.12.01 08:43:43.946,1.17217,1.17229,1.01,1.63
2017.12.01 08:43:44.484,1.17217,1.1723,1.10,2.47
2017.12.01 08:43:44.999,1.17218,1.1723,1.12,1.37
2017.12.01 08:43:45.554,1.17219,1.1723,1.00,1.37
2017.12.01 08:43:45.856,1.17221,1.17231,1.00,1.37
2017.12.01 08:43:46.266,1.17221,1.17233,1.00,1.87
2017.12.01 08:43:46.920,1.17221,1.1723,1.00,1.00
2017.12.01 08:43:47.075,1.17217,1.17229,1.57,1.37
2017.12.01 08:43:47.795,1.17217,1.1723,1.10,1.37
2017.12.01 08:43:48.344,1.17218,1.1723,1.50,1.37
2017.12.01 08:43:48.991,1.17219,1.1723,1.00,1.37
2017.12.01 08:43:50.027,1.1722,1.17231,1.00,1.37
2017.12.01 08:43:50.672,1.1722,1.17232,1.00,1.69
2017.12.01 08:43:52.098,1.17221,1.17232,1.00,1.37
2017.12.01 08:43:52.150,1.17223,1.17235,1.00,2.70
2017.12.01 08:43:52.685,1.17224,1.17236,1.00,1.37
2017.12.01 08:43:54.926,1.17222,1.17233,1.10,1.23
2017.12.01 08:43:55.035,1.1722,1.17232,1.10,1.73
2017.12.01 08:43:55.579,1.17221,1.17233,1.00,1.72
2017.12.01 08:43:57.503,1.17221,1.17234,1.50,1.95
2017.12.01 08:43:58.016,1.17222,1.17235,1.50,1.50
2017.12.01 08:43:58.542,1.17223,1.17234,1.00,2.47
2017.12.01 08:43:58.595,1.17221,1.17231,1.10,1.37
2017.12.01 08:43:58.647,1.17221,1.17233,1.00,2.25
2017.12.01 08:43:58.908,1.17222,1.17235,1.00,2.63
2017.12.01 08:43:59.435,1.17222,1.17234,1.00,1.37
2017.12.01 08:43:59.979,1.17223,1.17235,1.00,2.44
2017.12.01 08:44:02.782,1.17222,1.17235,2.44,2.25
2017.12.01 08:44:04.032,1.17221,1.17234,2.44,1.50
2017.12.01 08:44:05.235,1.17221,1.17234,2.25,1.87
2017.12.01 08:44:05.803,1.17221,1.17233,2.25,1.37
2017.12.01 08:44:06.745,1.1722,1.17234,3.19,3.75
2017.12.01 08:44:06.797,1.1722,1.17229,1.57,2.25
2017.12.01 08:44:06.849,1.17215,1.17227,3.45,1.50
2017.12.01 08:44:07.382,1.17216,1.17227,1.50,1.87
2017.12.01 08:44:07.980,1.17216,1.17225,1.50,1.00
2017.12.01 08:44:08.523,1.17216,1.17225,1.00,1.87
2017.12.01 08:44:15.868,1.17216,1.17224,1.00,1.37
2017.12.01 08:44:15.921,1.17214,1.17224,1.50,1.87
2017.12.01 08:44:16.525,1.17213,1.17224,3.38,1.37
2017.12.01 08:44:17.007,1.17215,1.17225,1.00,1.37
2017.12.01 08:44:17.538,1.17214,1.17225,2.63,1.37
2017.12.01 08:44:18.579,1.17211,1.17221,1.00,1.37
2017.12.01 08:44:18.633,1.17209,1.1722,3.07,1.37
2017.12.01 08:44:19.434,1.17208,1.17219,1.00,2.51
2017.12.01 08:44:19.488,1.17208,1.17218,1.00,3.00
2017.12.01 08:44:19.541,1.17206,1.17217,2.25,1.19
2017.12.01 08:44:20.008,1.17204,1.17216,1.25,1.87
2017.12.01 08:44:21.602,1.17204,1.17216,1.88,1.37
2017.12.01 08:44:22.139,1.17205,1.17217,1.25,1.37
2017.12.01 08:44:22.641,1.17204,1.17217,1.50,1.87
2017.12.01 08:44:23.242,1.17204,1.17217,1.69,1.87
2017.12.01 08:44:23.782,1.17204,1.17217,1.69,1.87
2017.12.01 08:44:24.062,1.17204,1.17217,1.88,1.87
2017.12.01 08:44:24.113,1.17204,1.17217,1.88,1.87
2017.12.01 08:44:24.537,1.17205,1.17217,1.19,1.87
2017.12.01 08:44:25.426,1.17205,1.17217,1.25,1.87
2017.12.01 08:44:26.001,1.17206,1.17217,1.00,1.87
2017.12.01 08:44:28.140,1.17205,1.17217,1.00,1.87
2017.12.01 08:44:28.450,1.17201,1.17213,1.50,1.87
2017.12.01 08:44:29.494,1.172,1.17212,1.01,1.12
2017.12.01 08:44:30.135,1.172,1.17212,1.29,1.12
2017.12.01 08:44:30.659,1.17202,1.17213,1.13,1.12
2017.12.01 08:44:33.886,1.17201,1.17213,1.13,1.12
2017.12.01 08:44:34.235,1.17202,1.17213,1.38,1.00
2017.12.01 08:44:34.604,1.17201,1.17212,1.00,1.12
2017.12.01 08:44:35.412,1.17199,1.17212,5.33,1.12
2017.12.01 08:44:35.780,1.17201,1.17212,1.19,1.12
2017.12.01 08:44:36.314,1.17201,1.17213,1.00,1.87
2017.12.01 08:44:36.625,1.17202,1.17215,2.63,2.14
2017.12.01 08:44:36.946,1.17199,1.17212,4.20,1.12
2017.12.01 08:44:37.763,1.17199,1.17212,5.70,1.12
2017.12.01 08:44:38.814,1.17202,1.17214,1.13,1.87
2017.12.01 08:44:39.328,1.17202,1.17215,1.25,1.87
2017.12.01 08:44:41.251,1.17202,1.17215,1.88,1.87
2017.12.01 08:44:44.492,1.17202,1.17214,1.01,1.12
2017.12.01 08:44:45.017,1.17203,1.17214,1.00,1.12
2017.12.01 08:44:45.918,1.17202,1.17213,1.00,1.12
2017.12.01 08:44:46.461,1.17201,1.17213,1.10,1.12
2017.12.01 08:44:48.650,1.17202,1.17213,1.00,1.12
2017.12.01 08:44:49.181,1.17201,1.17213,1.57,1.12
2017.12.01 08:44:49.866,1.17202,1.17213,1.00,1.12
2017.12.01 08:44:50.414,1.17202,1.17214,1.25,1.12
2017.12.01 08:44:50.956,1.17202,1.17214,2.25,1.12
2017.12.01 08:44:51.873,1.17202,1.17215,1.88,1.87
2017.12.01 08:44:52.920,1.17203,1.17215,1.25,1.87
2017.12.01 08:44:53.531,1.17203,1.17215,1.19,1.87
2017.12.01 08:44:54.063,1.17203,1.17215,1.12,1.87
2017.12.01 08:44:54.583,1.17203,1.17215,1.31,1.87
2017.12.01 08:44:55.694,1.17203,1.17215,1.25,1.87
2017.12.01 08:44:57.234,1.17203,1.17216,2.62,1.87
2017.12.01 08:44:57.747,1.17204,1.17217,2.44,1.87
2017.12.01 08:44:58.054,1.17206,1.17217,1.00,1.87
2017.12.01 08:44:59.257,1.17206,1.17218,1.13,1.31
2017.12.01 08:44:59.769,1.1721,1.1722,1.00,1.00
2017.12.01 08:45:00.320,1.17209,1.17221,1.00,1.50
2017.12.01 08:45:00.828,1.17208,1.1722,1.00,1.37
2017.12.01 08:45:02.703,1.17208,1.17221,1.00,1.63
2017.12.01 08:45:03.272,1.17208,1.17222,1.00,1.50
2017.12.01 08:45:03.924,1.17208,1.17222,1.00,1.31
2017.12.01 08:45:04.463,1.17209,1.17223,1.50,3.00
2017.12.01 08:45:04.765,1.17209,1.17223,1.50,3.07
2017.12.01 08:45:05.320,1.1721,1.17222,1.00,1.95
2017.12.01 08:45:07.521,1.17209,1.17222,1.50,1.58
2017.12.01 08:45:08.026,1.1721,1.17222,1.00,1.70
2017.12.01 08:45:10.347,1.17211,1.17223,1.00,1.76
2017.12.01 08:45:10.855,1.17212,1.17225,1.50,2.32
2017.12.01 08:45:14.229,1.17212,1.17225,1.50,1.87
2017.12.01 08:45:15.344,1.17212,1.17225,1.50,2.70
2017.12.01 08:45:16.449,1.17211,1.17223,1.00,1.76
2017.12.01 08:45:16.797,1.17209,1.17221,1.00,1.00
2017.12.01 08:45:22.213,1.17209,1.17221,1.00,1.88
2017.12.01 08:45:25.566,1.17209,1.17221,1.00,1.12
2017.12.01 08:45:26.092,1.17209,1.17221,1.50,1.57
2017.12.01 08:45:28.094,1.17209,1.17221,1.50,1.45
2017.12.01 08:45:28.971,1.17211,1.17221,1.00,1.45
2017.12.01 08:45:30.154,1.17211,1.17221,1.00,1.10
2017.12.01 08:45:32.586,1.17213,1.17224,1.00,2.51
2017.12.01 08:45:32.757,1.17216,1.17226,1.00,1.12
2017.12.01 08:45:32.915,1.17218,1.1723,1.50,1.45
2017.12.01 08:45:33.175,1.17219,1.17232,1.12,1.69
2017.12.01 08:45:33.228,1.17221,1.17233,1.00,1.81
2017.12.01 08:45:33.390,1.17221,1.17233,1.00,1.00
2017.12.01 08:45:33.905,1.17222,1.17233,1.00,1.10
2017.12.01 08:45:34.615,1.17221,1.17234,1.25,1.88
2017.12.01 08:45:40.465,1.17222,1.17234,1.12,1.86
2017.12.01 08:45:41.094,1.17221,1.17234,1.12,1.86
2017.12.01 08:45:42.658,1.17222,1.17234,1.00,1.79
2017.12.01 08:45:44.640,1.17221,1.17234,1.87,1.37
2017.12.01 08:45:50.933,1.1722,1.17233,1.00,1.87
2017.12.01 08:45:52.459,1.17218,1.17232,1.50,2.81
2017.12.01 08:45:52.665,1.17217,1.17231,2.25,3.00
2017.12.01 08:45:53.299,1.17216,1.1723,2.06,2.81
2017.12.01 08:45:53.609,1.17214,1.17226,1.00,2.25
2017.12.01 08:45:55.093,1.17214,1.17227,1.87,2.44
2017.12.01 08:45:55.411,1.17216,1.17227,1.00,2.44
2017.12.01 08:45:55.732,1.17216,1.17228,1.00,1.31
2017.12.01 08:46:00.931,1.17215,1.17229,2.62,3.00
2017.12.01 08:46:02.025,1.17215,1.17227,2.25,1.37
2017.12.01 08:46:02.335,1.17214,1.17226,1.00,2.51
2017.12.01 08:46:02.865,1.17213,1.17225,1.00,3.08
2017.12.01 08:46:03.225,1.17215,1.17226,1.00,1.82
2017.12.01 08:46:03.759,1.17215,1.17227,1.00,1.82
2017.12.01 08:46:05.701,1.17215,1.17226,1.00,1.10
2017.12.01 08:46:06.211,1.17215,1.17228,1.00,3.00
2017.12.01 08:46:07.779,1.17216,1.17228,1.00,2.25
2017.12.01 08:46:08.411,1.17215,1.17227,1.00,2.06
2017.12.01 08:46:08.973,1.17215,1.17227,1.45,2.25
2017.12.01 08:46:09.619,1.17215,1.17227,1.45,2.25
2017.12.01 08:46:09.953,1.17217,1.17229,1.45,1.87
2017.12.01 08:46:10.693,1.17217,1.1723,1.57,2.44
2017.12.01 08:46:11.220,1.17217,1.1723,3.07,1.13
2017.12.01 08:46:11.481,1.17221,1.17232,1.45,1.87
2017.12.01 08:46:12.005,1.17221,1.17233,1.45,2.63
2017.12.01 08:46:20.204,1.17221,1.17232,1.45,1.31
2017.12.01 08:46:20.746,1.1722,1.17232,1.45,1.87
2017.12.01 08:46:21.054,1.1722,1.17233,2.32,1.62
2017.12.01 08:46:22.843,1.17221,1.17234,1.95,2.63
2017.12.01 08:46:23.512,1.17221,1.17233,1.95,1.69
2017.12.01 08:46:23.976,1.17221,1.17233,1.00,1.50
2017.12.01 08:46:24.367,1.1722,1.17233,1.45,1.50
2017.12.01 08:46:24.680,1.17217,1.1723,1.95,3.00
2017.12.01 08:46:24.905,1.17213,1.17227,2.70,4.31
2017.12.01 08:46:25.342,1.17213,1.17225,1.57,1.00
2017.12.01 08:46:25.892,1.17212,1.17224,2.51,1.12
2017.12.01 08:46:26.453,1.17211,1.17223,1.95,1.12
2017.12.01 08:46:26.981,1.17212,1.17224,1.45,2.44
2017.12.01 08:46:28.147,1.1721,1.17223,1.95,3.19
2017.12.01 08:46:28.250,1.17208,1.1722,4.57,1.00
2017.12.01 08:46:29.074,1.17208,1.1722,1.95,1.87
2017.12.01 08:46:29.434,1.17207,1.17218,2.51,1.00
2017.12.01 08:46:29.973,1.17206,1.17219,4.16,1.87
2017.12.01 08:46:30.486,1.17205,1.17218,3.07,1.12
2017.12.01 08:46:31.062,1.17205,1.17217,2.32,1.00
2017.12.01 08:46:31.576,1.17204,1.17217,3.82,2.06
2017.12.01 08:46:32.116,1.17204,1.17217,4.20,1.00
2017.12.01 08:46:32.635,1.17206,1.17218,1.57,1.87
2017.12.01 08:46:33.088,1.17205,1.17215,1.95,1.00
2017.12.01 08:46:33.295,1.17204,1.17215,1.45,1.87
2017.12.01 08:46:33.760,1.17203,1.17213,1.57,1.00
2017.12.01 08:46:34.303,1.17203,1.17214,1.57,1.00
2017.12.01 08:46:34.876,1.17203,1.17215,1.57,1.12
2017.12.01 08:46:37.949,1.17205,1.17217,1.45,1.63
2017.12.01 08:46:38.474,1.17205,1.17218,1.95,2.06
2017.12.01 08:46:39.835,1.17206,1.17218,1.12,1.00
2017.12.01 08:46:39.889,1.17207,1.1722,1.45,2.25
2017.12.01 08:46:40.206,1.17209,1.17221,1.45,1.87
2017.12.01 08:46:41.844,1.17208,1.17221,1.95,1.87
2017.12.01 08:46:42.172,1.17209,1.17222,3.07,1.87
2017.12.01 08:46:42.224,1.17212,1.17222,1.00,1.12
2017.12.01 08:46:42.887,1.17212,1.17224,1.00,2.62
2017.12.01 08:46:43.404,1.17213,1.17224,1.00,2.62
2017.12.01 08:46:44.386,1.17214,1.17224,1.00,1.87
2017.12.01 08:46:46.121,1.17214,1.17225,1.00,2.25
2017.12.01 08:46:46.700,1.17214,1.17226,1.12,1.00
2017.12.01 08:46:46.753,1.17216,1.17227,1.00,1.20
2017.12.01 08:46:47.291,1.17216,1.17228,1.50,2.62
2017.12.01 08:46:53.642,1.17217,1.17229,2.25,2.06
2017.12.01 08:46:54.031,1.17215,1.17227,3.45,1.50
2017.12.01 08:47:02.332,1.17217,1.17229,1.50,3.75
2017.12.01 08:47:03.352,1.17218,1.17229,1.50,2.06
2017.12.01 08:47:07.029,1.17222,1.17233,2.25,4.95
2017.12.01 08:47:07.330,1.17224,1.17236,1.50,2.62
2017.12.01 08:47:15.007,1.17224,1.17236,1.95,3.00
2017.12.01 08:47:16.083,1.17224,1.17236,1.50,3.00
2017.12.01 08:47:16.768,1.17224,1.17236,1.20,2.81
2017.12.01 08:47:20.070,1.17223,1.17236,4.39,3.00
2017.12.01 08:47:32.523,1.17225,1.17237,1.50,2.70
2017.12.01 08:47:37.497,1.17225,1.17236,1.12,2.19
2017.12.01 08:47:38.022,1.17225,1.17236,1.50,1.69
2017.12.01 08:47:45.663,1.17226,1.17237,2.25,1.87
2017.12.01 08:47:47.242,1.17225,1.17237,2.25,3.37
2017.12.01 08:47:47.787,1.17224,1.17236,2.25,3.00
2017.12.01 08:47:48.101,1.17223,1.17233,1.50,2.25
2017.12.01 08:47:49.708,1.17222,1.17232,1.12,1.87
2017.12.01 08:47:49.763,1.17218,1.17228,3.07,1.00
2017.12.01 08:47:50.281,1.17217,1.17227,1.75,1.00
2017.12.01 08:47:50.802,1.17217,1.17224,1.50,1.00
2017.12.01 08:47:50.855,1.17213,1.17224,2.32,1.00
2017.12.01 08:48:00.736,1.17215,1.17227,1.75,1.87
2017.12.01 08:48:11.254,1.17216,1.17227,1.50,1.56
2017.12.01 08:48:11.599,1.1721,1.1722,1.75,1.37
2017.12.01 08:48:11.651,1.17208,1.1722,1.20,2.25
2017.12.01 08:48:11.703,1.17207,1.17218,3.07,1.00
2017.12.01 08:48:12.027,1.17206,1.17218,3.26,1.50
2017.12.01 08:48:19.948,1.17208,1.17219,1.07,1.87
2017.12.01 08:48:20.451,1.17208,1.17218,1.10,1.37
2017.12.01 08:48:27.078,1.17207,1.17219,1.20,2.62
2017.12.01 08:48:30.868,1.17209,1.1722,1.07,2.25
2017.12.01 08:48:31.380,1.17209,1.17221,3.07,1.75
2017.12.01 08:48:32.939,1.17211,1.17221,1.07,1.75
2017.12.01 08:48:35.557,1.1721,1.17221,1.95,1.75
2017.12.01 08:48:36.062,1.1721,1.17222,2.32,2.62
2017.12.01 08:48:38.403,1.1721,1.17222,1.87,2.62
2017.12.01 08:48:43.920,1.1721,1.17222,1.87,2.62
2017.12.01 08:48:46.140,1.17211,1.17223,1.87,2.62
2017.12.01 08:48:53.746,1.17213,1.17223,1.37,1.00
2017.12.01 08:48:54.128,1.1721,1.17221,2.25,1.12
2017.12.01 08:48:54.450,1.17209,1.1722,1.37,1.50
2017.12.01 08:48:57.277,1.17207,1.1722,3.75,3.37
2017.12.01 08:48:57.805,1.17207,1.17218,2.62,1.37
2017.12.01 08:49:01.517,1.17206,1.17217,3.22,1.37
2017.12.01 08:49:01.905,1.17206,1.17217,2.70,1.50
2017.12.01 08:49:02.381,1.17206,1.17217,1.37,1.50
2017.12.01 08:49:03.304,1.17206,1.17217,1.75,1.12
2017.12.01 08:49:05.313,1.17205,1.17216,1.50,2.62
2017.12.01 08:49:05.846,1.17204,1.17215,1.37,1.50
2017.12.01 08:49:06.924,1.17204,1.17214,1.00,1.50
2017.12.01 08:49:07.472,1.17204,1.17215,1.37,2.62
2017.12.01 08:49:10.147,1.17204,1.17214,1.10,1.87
2017.12.01 08:49:10.682,1.17204,1.17214,1.47,1.50
2017.12.01 08:49:12.297,1.17204,1.17214,1.47,1.69
2017.12.01 08:49:12.452,1.172,1.17211,1.95,1.50
2017.12.01 08:49:12.660,1.17202,1.17212,1.47,1.12
2017.12.01 08:49:16.548,1.17201,1.17211,1.57,1.12
2017.12.01 08:49:17.581,1.17201,1.17212,2.14,1.12
2017.12.01 08:49:19.281,1.17201,1.17211,1.95,1.25
2017.12.01 08:49:19.907,1.17201,1.1721,1.95,1.00
2017.12.01 08:49:23.829,1.17201,1.1721,1.10,1.50
2017.12.01 08:49:30.057,1.17201,1.17211,1.95,1.12
2017.12.01 08:49:32.359,1.172,1.1721,1.87,1.50
2017.12.01 08:49:32.887,1.172,1.1721,2.47,1.87
2017.12.01 08:49:38.585,1.172,1.1721,2.85,2.25
2017.12.01 08:49:40.615,1.17202,1.17211,1.10,1.75
2017.12.01 08:49:41.321,1.17201,1.17211,1.10,2.25
2017.12.01 08:49:42.100,1.17203,1.17211,1.00,1.50
2017.12.01 08:49:42.611,1.17203,1.17212,1.01,1.00
2017.12.01 08:49:45.052,1.17203,1.17213,1.57,1.12
2017.12.01 08:49:45.601,1.17205,1.17215,1.10,1.87
2017.12.01 08:49:48.456,1.17203,1.17214,2.32,1.50
2017.12.01 08:49:50.070,1.17205,1.17215,1.00,1.87
2017.12.01 08:49:52.080,1.17204,1.17214,1.37,1.50
2017.12.01 08:49:52.186,1.17201,1.17212,1.75,1.69
2017.12.01 08:49:52.546,1.172,1.17211,1.95,2.25
2017.12.01 08:49:53.885,1.172,1.17211,1.95,1.00
2017.12.01 08:49:54.406,1.17201,1.17212,1.95,1.00
2017.12.01 08:49:58.998,1.17201,1.17211,1.95,1.12
2017.12.01 08:49:59.317,1.172,1.1721,1.95,2.06
2017.12.01 08:49:59.945,1.172,1.1721,1.47,1.50
2017.12.01 08:50:00.466,1.17201,1.17212,1.57,1.50
2017.12.01 08:50:02.738,1.17202,1.17212,1.50,1.50
2017.12.01 08:50:02.916,1.17204,1.17214,1.00,1.50
2017.12.01 08:50:03.458,1.17203,1.17214,1.69,2.44
2017.12.01 08:50:03.814,1.17206,1.17215,1.00,1.12
2017.12.01 08:50:04.589,1.17206,1.17216,1.50,1.50
2017.12.01 08:50:05.394,1.17205,1.17215,1.47,1.12
2017.12.01 08:50:05.448,1.17204,1.17214,2.70,1.50
2017.12.01 08:50:09.329,1.17204,1.17214,1.00,1.50
2017.12.01 08:50:10.106,1.17203,1.17213,1.20,2.25
2017.12.01 08:50:10.631,1.17201,1.17212,1.37,2.44
2017.12.01 08:50:13.387,1.17202,1.17212,1.37,1.87
2017.12.01 08:50:15.424,1.17203,1.17213,1.50,1.50
2017.12.01 08:50:15.971,1.17204,1.17214,1.00,2.25
2017.12.01 08:50:16.282,1.172,1.1721,1.37,2.06
2017.12.01 08:50:19.746,1.172,1.17208,1.45,1.50
2017.12.01 08:50:20.303,1.172,1.1721,1.00,2.25
2017.12.01 08:50:24.279,1.172,1.1721,2.85,1.50
2017.12.01 08:50:26.783,1.172,1.1721,1.72,1.50
2017.12.01 08:50:29.899,1.17201,1.17211,1.12,3.00
2017.12.01 08:50:30.210,1.17202,1.17211,1.50,1.12
2017.12.01 08:50:30.903,1.17202,1.17211,1.00,1.12
2017.12.01 08:50:32.739,1.17202,1.17211,1.12,1.50
2017.12.01 08:50:33.263,1.17201,1.17211,2.10,2.25
2017.12.01 08:50:36.085,1.17202,1.17212,1.12,1.50
2017.12.01 08:50:36.431,1.17204,1.17214,1.50,1.50
2017.12.01 08:50:36.940,1.17205,1.17216,1.00,3.00
2017.12.01 08:50:37.465,1.17205,1.17216,1.57,3.00
2017.12.01 08:50:38.292,1.17205,1.17214,1.20,1.12
2017.12.01 08:50:38.741,1.17203,1.17213,4.39,1.69
2017.12.01 08:50:38.793,1.17203,1.17213,1.95,1.69
2017.12.01 08:50:38.948,1.17204,1.17215,1.57,3.00
2017.12.01 08:50:39.888,1.17205,1.17214,1.47,1.00
2017.12.01 08:50:40.436,1.17206,1.17216,1.10,2.25
2017.12.01 08:50:41.719,1.17206,1.17216,1.20,1.50
2017.12.01 08:50:42.123,1.17207,1.17218,2.32,1.50
2017.12.01 08:50:42.289,1.1721,1.17221,1.20,2.25
2017.12.01 08:50:42.600,1.17211,1.17224,3.00,2.62
2017.12.01 08:50:45.972,1.17211,1.17223,1.87,2.81
2017.12.01 08:50:46.026,1.17211,1.17222,1.00,1.75
2017.12.01 08:50:47.573,1.17211,1.17222,1.75,1.12
2017.12.01 08:50:50.076,1.17213,1.17224,2.44,1.50
2017.12.01 08:50:51.226,1.17214,1.17226,2.32,2.25
2017.12.01 08:50:51.642,1.17216,1.17228,1.87,2.25
2017.12.01 08:50:54.242,1.17217,1.17228,1.87,1.50
2017.12.01 08:51:01.571,1.17215,1.17226,1.50,1.75
2017.12.01 08:51:03.934,1.17215,1.17227,1.37,2.25
2017.12.01 08:51:14.957,1.17214,1.17225,1.87,2.25
2017.12.01 08:51:15.469,1.17214,1.17225,1.87,2.25
2017.12.01 08:51:16.467,1.17214,1.17225,1.50,1.50
2017.12.01 08:51:17.368,1.17215,1.17226,1.50,1.87
2017.12.01 08:51:20.313,1.17214,1.17224,1.50,1.50
2017.12.01 08:51:20.616,1.17211,1.17221,1.75,1.00
2017.12.01 08:51:21.433,1.17212,1.17221,1.85,1.00
2017.12.01 08:51:31.652,1.17212,1.17222,1.95,1.87
2017.12.01 08:51:33.464,1.17211,1.17218,1.07,1.00
2017.12.01 08:51:33.516,1.17211,1.1722,1.45,1.50
2017.12.01 08:51:34.039,1.1721,1.1722,1.47,2.25
2017.12.01 08:51:34.557,1.17211,1.1722,1.47,1.12
2017.12.01 08:51:37.966,1.1721,1.1722,1.95,2.62
2017.12.01 08:51:38.487,1.1721,1.1722,1.47,3.00
2017.12.01 08:51:39.125,1.17211,1.1722,1.47,1.25
2017.12.01 08:51:39.232,1.1721,1.17219,1.10,1.50
2017.12.01 08:51:39.285,1.1721,1.17218,1.10,2.06
2017.12.01 08:51:44.926,1.17209,1.17218,1.47,1.00
2017.12.01 08:51:45.438,1.17209,1.17219,1.95,2.25
2017.12.01 08:51:46.092,1.17209,1.17218,1.47,1.63
2017.12.01 08:51:49.261,1.1721,1.17218,1.47,1.37
2017.12.01 08:51:50.931,1.17209,1.17218,1.47,1.37
2017.12.01 08:51:58.087,1.17209,1.17217,1.10,1.12
2017.12.01 08:51:58.243,1.17207,1.17217,1.10,2.62
2017.12.01 08:51:59.485,1.17208,1.17217,1.12,1.50
2017.12.01 08:52:00.576,1.17208,1.17217,1.57,1.50
2017.12.01 08:52:09.338,1.17208,1.17218,1.50,2.62
2017.12.01 08:52:10.745,1.17208,1.17218,1.50,2.25
2017.12.01 08:52:11.868,1.17208,1.17218,2.81,1.37
2017.12.01 08:52:12.397,1.17208,1.17219,2.81,3.19
2017.12.01 08:52:15.394,1.17208,1.17217,2.25,1.50
2017.12.01 08:52:15.447,1.17208,1.17217,1.12,2.25
2017.12.01 08:52:15.499,1.17208,1.17215,1.00,1.00
2017.12.01 08:52:15.551,1.17205,1.17216,1.47,1.87
2017.12.01 08:52:16.087,1.17204,1.17215,1.75,3.00
2017.12.01 08:52:16.549,1.17203,1.17213,1.50,1.00
2017.12.01 08:52:17.074,1.172,1.1721,1.90,1.50
2017.12.01 08:52:17.127,1.17199,1.17209,1.49,1.87
2017.12.01 08:52:17.180,1.17201,1.1721,1.50,1.00
2017.12.01 08:52:17.712,1.17201,1.17212,1.37,1.50
2017.12.01 08:52:18.657,1.17201,1.17212,2.25,1.12
2017.12.01 08:52:24.343,1.17201,1.17212,1.75,2.25
2017.12.01 08:52:27.284,1.17201,1.1721,1.37,1.00
2017.12.01 08:52:29.546,1.17201,1.1721,1.75,1.00
2017.12.01 08:52:32.704,1.17201,1.17212,2.00,3.00
2017.12.01 08:52:36.611,1.172,1.17211,1.80,2.25
2017.12.01 08:52:36.912,1.172,1.17209,1.90,1.00
2017.12.01 08:52:36.964,1.17199,1.17209,1.49,1.12
2017.12.01 08:52:40.162,1.17198,1.17207,2.77,1.00
2017.12.01 08:52:40.266,1.17198,1.17209,1.75,2.25
2017.12.01 08:52:41.619,1.17198,1.17208,2.62,1.00
2017.12.01 08:52:41.946,1.17198,1.17207,1.00,1.87
2017.12.01 08:52:42.676,1.17197,1.17207,3.07,1.12
2017.12.01 08:52:43.507,1.17198,1.17208,1.54,1.87
2017.12.01 08:52:44.727,1.17198,1.17208,2.06,1.12
2017.12.01 08:52:45.863,1.17199,1.1721,1.50,3.00
2017.12.01 08:52:47.694,1.17198,1.1721,1.50,3.00
2017.12.01 08:52:51.959,1.17198,1.17208,2.06,1.00
2017.12.01 08:52:52.630,1.17198,1.17209,2.06,1.12
2017.12.01 08:53:01.063,1.172,1.17211,1.75,2.25
2017.12.01 08:53:03.188,1.17201,1.17212,2.25,1.50
2017.12.01 08:53:08.594,1.172,1.17212,2.81,1.87
2017.12.01 08:53:10.153,1.172,1.17211,3.38,1.00
2017.12.01 08:53:11.329,1.172,1.17212,3.38,1.50
2017.12.01 08:53:11.927,1.17201,1.17212,1.94,1.00
2017.12.01 08:53:13.585,1.17201,1.17212,2.00,1.50
2017.12.01 08:53:14.098,1.17201,1.17212,2.00,1.00
2017.12.01 08:53:29.507,1.17201,1.1721,2.25,1.50
2017.12.01 08:53:31.047,1.172,1.17209,2.25,1.00
2017.12.01 08:53:31.585,1.172,1.1721,2.25,1.87
2017.12.01 08:53:32.234,1.172,1.17209,2.25,1.00
2017.12.01 08:53:32.775,1.172,1.1721,2.63,1.00
2017.12.01 08:53:35.736,1.17201,1.17212,1.69,2.62
2017.12.01 08:53:36.457,1.17202,1.17213,2.00,1.00
2017.12.01 08:53:39.153,1.17203,1.17214,1.31,3.37
2017.12.01 08:53:39.464,1.17204,1.17215,1.13,1.37
2017.12.01 08:53:42.351,1.17202,1.17214,1.95,1.87
2017.12.01 08:53:42.883,1.17201,1.17213,5.33,1.50
2017.12.01 08:53:43.444,1.17202,1.17213,1.88,1.12
2017.12.01 08:53:53.206,1.17203,1.17214,1.88,3.00
2017.12.01 08:53:53.724,1.17203,1.17214,1.88,2.25
2017.12.01 08:53:54.586,1.17204,1.17214,2.00,1.12
2017.12.01 08:53:56.108,1.17204,1.17216,1.50,3.56
2017.12.01 08:53:56.416,1.17209,1.1722,1.75,1.12
2017.12.01 08:53:56.728,1.17211,1.17223,2.63,1.87
2017.12.01 08:53:57.122,1.1721,1.17221,2.25,1.87
2017.12.01 08:53:58.682,1.17212,1.17222,1.12,1.87
2017.12.01 08:53:59.605,1.17213,1.17224,1.12,2.25
2017.12.01 08:53:59.913,1.17213,1.17225,3.00,1.50
2017.12.01 08:54:04.022,1.17211,1.17223,1.87,1.50
2017.12.01 08:54:10.237,1.17213,1.17224,1.69,2.25
2017.12.01 08:54:10.454,1.17214,1.17226,2.25,1.12
2017.12.01 08:54:11.024,1.17214,1.17226,2.00,1.87
2017.12.01 08:54:14.979,1.17213,1.17224,1.75,1.69
2017.12.01 08:54:15.500,1.17212,1.17223,1.75,1.50
2017.12.01 08:54:15.665,1.1721,1.17223,3.75,2.62
2017.12.01 08:54:16.459,1.17212,1.17223,1.75,2.25
2017.12.01 08:54:25.975,1.17212,1.17221,1.75,1.12
2017.12.01 08:54:26.079,1.1721,1.17221,1.75,1.00
2017.12.01 08:54:29.291,1.17209,1.1722,1.75,1.50
2017.12.01 08:54:29.558,1.17206,1.17217,1.50,1.87
2017.12.01 08:54:30.023,1.17208,1.17216,1.75,1.00
2017.12.01 08:54:30.445,1.1721,1.17218,1.75,1.12
2017.12.01 08:54:32.965,1.17209,1.17215,1.12,1.12
2017.12.01 08:54:33.277,1.17207,1.17218,1.75,4.12
2017.12.01 08:54:33.331,1.17209,1.17219,1.75,1.00
2017.12.01 08:54:35.926,1.17211,1.17221,1.75,1.12
2017.12.01 08:54:36.250,1.17213,1.17224,1.75,3.75
2017.12.01 08:54:36.649,1.17215,1.17225,1.75,2.62
2017.12.01 08:54:36.962,1.17215,1.17226,1.75,3.75
2017.12.01 08:54:37.584,1.17216,1.17227,1.75,3.00
2017.12.01 08:54:38.397,1.17216,1.17227,1.75,1.69
2017.12.01 08:54:38.658,1.17216,1.17227,1.12,1.31
2017.12.01 08:54:39.490,1.17214,1.17223,1.12,1.12
2017.12.01 08:54:39.852,1.17206,1.17218,1.75,1.87
2017.12.01 08:54:40.398,1.17205,1.17217,1.87,1.50
2017.12.01 08:54:43.420,1.17206,1.17218,1.00,4.50
2017.12.01 08:54:43.576,1.17203,1.17214,1.76,1.75
2017.12.01 08:54:44.186,1.17202,1.17213,1.76,1.75
2017.12.01 08:54:44.777,1.17202,1.17213,1.76,1.75
2017.12.01 08:54:45.892,1.17201,1.17213,1.47,1.75
2017.12.01 08:54:45.945,1.172,1.17212,2.32,2.25
2017.12.01 08:54:46.454,1.172,1.1721,1.45,1.75
2017.12.01 08:54:46.942,1.17199,1.1721,1.10,1.75
2017.12.01 08:54:47.479,1.17199,1.1721,1.57,1.75
2017.12.01 08:54:48.589,1.17199,1.17206,1.50,1.00
2017.12.01 08:54:49.509,1.17199,1.17208,1.37,1.00
2017.12.01 08:54:50.114,1.17198,1.17208,1.37,1.00
2017.12.01 08:54:50.166,1.17196,1.17206,1.37,1.00
2017.12.01 08:54:50.517,1.17194,1.17203,1.37,1.00
2017.12.01 08:54:50.827,1.17193,1.172,1.12,1.00
2017.12.01 08:54:51.443,1.17191,1.172,1.37,1.00
2017.12.01 08:54:52.953,1.17191,1.17201,1.37,1.00
2017.12.01 08:54:53.564,1.17192,1.17201,1.47,1.00
2017.12.01 08:54:54.007,1.17192,1.17203,1.45,1.00
2017.12.01 08:54:54.513,1.17193,1.17204,1.47,1.00
2017.12.01 08:54:55.211,1.17193,1.17203,1.47,1.00
2017.12.01 08:54:55.366,1.17193,1.17205,1.45,1.00
2017.12.01 08:54:55.564,1.17195,1.17205,1.45,1.00
2017.12.01 08:54:55.617,1.17196,1.17208,1.45,1.00
2017.12.01 08:54:56.166,1.17196,1.17208,1.45,1.00
2017.12.01 08:54:56.804,1.17196,1.17208,1.45,1.00
2017.12.01 08:54:57.321,1.17196,1.17208,1.45,1.00
2017.12.01 08:54:58.192,1.17196,1.17208,1.95,1.00
2017.12.01 08:55:00.745,1.17192,1.17203,1.37,1.00
2017.12.01 08:55:00.852,1.1719,1.17202,1.37,1.00
2017.12.01 08:55:00.907,1.1719,1.172,1.37,1.00
2017.12.01 08:55:01.278,1.17194,1.17203,1.37,1.00
2017.12.01 08:55:01.383,1.17194,1.17205,1.47,1.00
2017.12.01 08:55:01.930,1.17195,1.17206,1.63,1.00
2017.12.01 08:55:03.161,1.17193,1.17206,1.39,1.00
2017.12.01 08:55:03.265,1.17195,1.17206,1.37,1.00
2017.12.01 08:55:04.227,1.17195,1.17205,1.37,1.00
2017.12.01 08:55:04.735,1.17195,1.17204,1.37,1.00
2017.12.01 08:55:05.261,1.17193,1.17204,1.37,1.00
2017.12.01 08:55:05.409,1.17191,1.172,1.37,1.00
2017.12.01 08:55:05.517,1.17189,1.17199,1.87,1.00
2017.12.01 08:55:06.375,1.1719,1.17199,1.63,1.00
2017.12.01 08:55:06.428,1.1719,1.17201,1.63,1.00
2017.12.01 08:55:06.634,1.1719,1.17199,1.37,1.00
2017.12.01 08:55:07.255,1.17189,1.17199,1.63,1.00
2017.12.01 08:55:08.058,1.17191,1.172,1.37,1.00
2017.12.01 08:55:08.559,1.17191,1.17201,1.37,1.00
2017.12.01 08:55:09.369,1.1719,1.17201,1.87,1.00
2017.12.01 08:55:09.684,1.17188,1.17199,2.89,1.00
2017.12.01 08:55:10.432,1.17191,1.17199,1.75,1.00
2017.12.01 08:55:10.782,1.17193,1.17201,1.75,1.00
2017.12.01 08:55:11.944,1.17193,1.17202,1.82,1.00
2017.12.01 08:55:13.780,1.17192,1.172,1.85,1.00
2017.12.01 08:55:14.304,1.17192,1.17201,1.75,1.00
2017.12.01 08:55:18.156,1.17194,1.17202,1.50,1.00
2017.12.01 08:55:18.676,1.17193,1.17201,2.25,1.00
2017.12.01 08:55:19.639,1.17193,1.172,2.25,1.00
2017.12.01 08:55:21.689,1.17193,1.17201,2.25,1.00
2017.12.01 08:55:23.077,1.17193,1.172,2.25,1.00
2017.12.01 08:55:23.129,1.17193,1.172,1.12,1.00
2017.12.01 08:55:23.709,1.17193,1.17201,1.69,1.00
2017.12.01 08:55:24.594,1.17192,1.17204,2.25,1.87
2017.12.01 08:55:25.476,1.17193,1.17204,1.50,1.88
2017.12.01 08:55:27.112,1.17195,1.17205,1.00,1.75
2017.12.01 08:55:27.426,1.17195,1.17206,1.50,1.63
2017.12.01 08:55:27.943,1.17196,1.17208,1.69,1.87
2017.12.01 08:55:30.981,1.17195,1.17202,2.62,1.00
2017.12.01 08:55:31.140,1.17195,1.17207,1.75,2.06
2017.12.01 08:55:33.632,1.17195,1.17207,1.12,2.62
2017.12.01 08:55:41.910,1.17193,1.17203,1.37,1.12
2017.12.01 08:55:46.643,1.17192,1.17204,1.50,3.75
2017.12.01 08:55:48.054,1.17193,1.17204,2.00,1.12
2017.12.01 08:55:52.150,1.17196,1.17207,1.37,1.50
2017.12.01 08:55:52.512,1.17198,1.1721,1.37,2.25
2017.12.01 08:55:53.406,1.17198,1.1721,1.95,1.50
2017.12.01 08:55:57.442,1.172,1.17212,2.14,1.50
2017.12.01 08:55:58.004,1.17201,1.17212,1.75,1.12
2017.12.01 08:56:00.065,1.17201,1.17213,2.32,1.25
2017.12.01 08:56:00.374,1.17204,1.17214,1.75,1.00
2017.12.01 08:56:00.426,1.17203,1.17214,1.00,2.25
2017.12.01 08:56:00.642,1.17201,1.17211,2.14,1.75
2017.12.01 08:56:01.544,1.17203,1.17213,1.00,3.19
2017.12.01 08:56:02.510,1.17202,1.17215,2.14,2.33
2017.12.01 08:56:03.725,1.17203,1.17217,1.37,3.00
2017.12.01 08:56:04.311,1.17203,1.17217,1.87,2.25
2017.12.01 08:56:04.363,1.17202,1.17216,1.87,1.38
2017.12.01 08:56:04.964,1.17202,1.17216,1.37,1.38
2017.12.01 08:56:06.223,1.172,1.17214,3.64,1.00
2017.12.01 08:56:08.547,1.172,1.17215,3.83,1.75
2017.12.01 08:56:09.069,1.17201,1.17215,3.08,1.88
2017.12.01 08:56:09.124,1.17204,1.17217,1.00,1.50
2017.12.01 08:56:09.905,1.17205,1.17218,1.12,1.58
2017.12.01 08:56:12.498,1.17204,1.17218,1.95,1.31
2017.12.01 08:56:13.000,1.17205,1.17218,1.95,1.38
2017.12.01 08:56:14.498,1.17207,1.1722,1.12,3.08
2017.12.01 08:56:14.550,1.17209,1.1722,1.00,1.57
2017.12.01 08:56:15.062,1.17207,1.17221,1.87,1.95
2017.12.01 08:56:15.387,1.17206,1.1722,2.06,1.01
2017.12.01 08:56:15.908,1.17206,1.1722,2.06,1.48
2017.12.01 08:56:17.582,1.17206,1.1722,1.37,1.85
2017.12.01 08:56:18.046,1.17206,1.1722,1.62,1.01
2017.12.01 08:56:18.148,1.17206,1.1722,1.37,1.48
2017.12.01 08:56:19.487,1.17206,1.1722,1.37,1.20
2017.12.01 08:56:19.796,1.17205,1.1722,3.19,2.33
2017.12.01 08:56:21.472,1.17204,1.17217,1.87,1.13
2017.12.01 08:56:21.810,1.17203,1.17217,2.81,1.88
2017.12.01 08:56:23.347,1.17203,1.17217,2.14,1.88
2017.12.01 08:56:23.852,1.17205,1.17219,1.87,3.75
2017.12.01 08:56:24.387,1.17205,1.17218,1.12,1.00
2017.12.01 08:56:25.128,1.17206,1.17218,1.00,1.10
2017.12.01 08:56:27.500,1.17204,1.17217,1.87,1.88
2017.12.01 08:56:28.016,1.17204,1.17216,1.00,1.00
2017.12.01 08:56:31.053,1.17204,1.17217,1.12,2.33
2017.12.01 08:56:31.577,1.17205,1.17217,1.12,1.00
2017.12.01 08:56:33.099,1.17204,1.17217,2.06,1.20
2017.12.01 08:56:33.676,1.17204,1.17217,1.12,2.33
2017.12.01 08:56:35.135,1.17203,1.17216,2.62,1.88
2017.12.01 08:56:35.238,1.17203,1.17216,3.00,1.50
2017.12.01 08:56:35.750,1.17203,1.17216,1.88,3.00
2017.12.01 08:56:37.673,1.17203,1.17215,1.00,1.50
2017.12.01 08:56:38.256,1.17204,1.17216,1.88,1.37
2017.12.01 08:56:38.899,1.17204,1.17217,1.88,2.25
2017.12.01 08:56:40.522,1.17204,1.17216,1.25,1.50
2017.12.01 08:56:41.233,1.17204,1.17216,1.00,1.88
2017.12.01 08:56:42.332,1.17202,1.17214,2.25,1.63
2017.12.01 08:56:42.576,1.17204,1.17215,1.00,1.63
2017.12.01 08:56:42.883,1.17204,1.17217,1.00,3.19
2017.12.01 08:56:45.214,1.17205,1.17216,1.50,1.13
2017.12.01 08:56:45.527,1.17202,1.17215,1.00,3.19
2017.12.01 08:56:46.063,1.17202,1.17213,1.00,1.13
2017.12.01 08:56:49.557,1.17203,1.17215,1.25,3.94
2017.12.01 08:56:50.099,1.17202,1.17215,1.50,2.25
2017.12.01 08:56:50.656,1.17203,1.17215,1.00,2.44
2017.12.01 08:56:52.353,1.17203,1.17214,1.00,1.81
2017.12.01 08:56:54.639,1.17202,1.17214,1.50,1.81
2017.12.01 08:56:56.678,1.17204,1.17215,1.50,1.69
2017.12.01 08:56:57.195,1.17203,1.17216,1.12,2.63
2017.12.01 08:56:57.496,1.17205,1.17216,1.00,1.88
2017.12.01 08:57:00.155,1.17205,1.17217,1.00,2.25
2017.12.01 08:57:02.891,1.17204,1.17217,1.50,2.25
2017.12.01 08:57:03.237,1.17204,1.17216,1.12,1.88
2017.12.01 08:57:03.840,1.17205,1.17216,1.00,1.88
2017.12.01 08:57:04.053,1.17202,1.17215,1.50,2.25
2017.12.01 08:57:04.211,1.17201,1.17214,1.12,1.38
2017.12.01 08:57:10.316,1.17202,1.17213,1.00,1.20
2017.12.01 08:57:10.676,1.172,1.17213,1.50,3.00
2017.12.01 08:57:11.182,1.172,1.17213,1.50,3.08
2017.12.01 08:57:11.687,1.172,1.17213,1.50,2.25
2017.12.01 08:57:12.193,1.17201,1.17213,1.00,2.25
2017.12.01 08:57:12.711,1.17202,1.17214,1.00,2.70
2017.12.01 08:57:13.217,1.17201,1.17213,1.00,1.00
2017.12.01 08:57:14.107,1.17201,1.17213,1.00,1.37
2017.12.01 08:57:14.579,1.172,1.17211,1.00,1.50
2017.12.01 08:57:14.991,1.17198,1.17211,1.12,1.31
2017.12.01 08:57:15.246,1.17196,1.1721,1.12,4.13
2017.12.01 08:57:20.001,1.17197,1.17209,1.00,1.12
2017.12.01 08:57:20.540,1.17198,1.17211,2.06,1.95
2017.12.01 08:57:21.080,1.17198,1.17211,1.87,1.58
2017.12.01 08:57:21.863,1.17198,1.17212,1.31,3.45
2017.12.01 08:57:22.589,1.17198,1.17212,2.06,3.19
2017.12.01 08:57:22.897,1.172,1.17213,2.06,1.25
2017.12.01 08:57:23.491,1.17201,1.17214,1.00,3.45
2017.12.01 08:57:24.010,1.17202,1.17214,1.00,1.50
2017.12.01 08:57:24.062,1.17202,1.17215,1.12,1.57
2017.12.01 08:57:24.567,1.17203,1.17215,1.50,1.13
2017.12.01 08:57:26.392,1.17203,1.17216,1.87,1.31
2017.12.01 08:57:26.495,1.17204,1.17213,1.00,1.00
2017.12.01 08:57:26.548,1.172,1.17212,1.95,1.00
2017.12.01 08:57:26.805,1.17202,1.17215,1.50,2.81
2017.12.01 08:57:29.832,1.17203,1.17215,1.00,1.12
2017.12.01 08:57:32.205,1.17202,1.17215,2.06,1.31
2017.12.01 08:57:32.757,1.17204,1.17217,2.62,2.32
2017.12.01 08:57:33.711,1.17205,1.17217,1.57,1.00
2017.12.01 08:57:33.916,1.17204,1.17217,2.32,4.12
2017.12.01 08:57:35.501,1.17206,1.17217,1.00,1.12
2017.12.01 08:57:35.606,1.17206,1.17218,1.57,1.12
2017.12.01 08:57:38.790,1.17205,1.17218,3.07,1.87
2017.12.01 08:57:39.331,1.17206,1.17218,2.32,1.00
2017.12.01 08:57:39.701,1.17208,1.1722,1.45,1.69
2017.12.01 08:57:40.229,1.17208,1.1722,1.00,1.57
2017.12.01 08:57:41.227,1.17209,1.17221,1.00,1.10
2017.12.01 08:57:41.731,1.1721,1.17221,1.00,1.10
2017.12.01 08:57:42.274,1.1721,1.17221,1.50,1.19
2017.12.01 08:57:42.991,1.1721,1.17221,1.50,1.00
2017.12.01 08:57:44.079,1.1721,1.17222,1.50,2.06
2017.12.01 08:57:44.183,1.17209,1.17222,1.00,3.26
2017.12.01 08:57:44.286,1.17207,1.1722,2.06,1.25
2017.12.01 08:57:45.139,1.17207,1.1722,1.50,3.45
2017.12.01 08:57:45.870,1.17206,1.17219,1.87,1.87
2017.12.01 08:57:49.294,1.17206,1.17218,1.12,1.00
2017.12.01 08:57:53.638,1.17206,1.17218,1.12,1.31
2017.12.01 08:57:54.219,1.17205,1.17217,1.00,1.19
2017.12.01 08:57:55.943,1.17206,1.17218,1.00,1.87
2017.12.01 08:57:57.166,1.17206,1.17218,1.45,1.12
2017.12.01 08:57:58.132,1.17206,1.17218,1.45,1.50
2017.12.01 08:57:58.668,1.17206,1.17218,1.95,1.12
2017.12.01 08:57:59.192,1.17207,1.17218,1.95,1.00
2017.12.01 08:57:59.729,1.17207,1.17218,2.32,1.00
2017.12.01 08:57:59.936,1.17208,1.17221,1.95,1.87
2017.12.01 08:58:00.041,1.1721,1.17223,1.95,2.62
2017.12.01 08:58:00.197,1.17213,1.17224,1.00,1.57
2017.12.01 08:58:01.600,1.17214,1.17224,1.00,1.25
2017.12.01 08:58:01.836,1.17211,1.17224,3.56,1.35
2017.12.01 08:58:02.589,1.17213,1.17224,1.00,2.10
2017.12.01 08:58:03.139,1.17215,1.17224,1.00,2.10
2017.12.01 08:58:03.191,1.17217,1.17229,1.00,1.37
2017.12.01 08:58:03.243,1.17219,1.17231,1.00,1.72
2017.12.01 08:58:03.296,1.1722,1.17233,1.00,1.87
2017.12.01 08:58:03.856,1.17221,1.17233,1.00,1.37
2017.12.01 08:58:04.370,1.1722,1.17234,1.12,2.25
2017.12.01 08:58:04.608,1.17222,1.17236,2.25,5.10
2017.12.01 08:58:05.137,1.17223,1.17236,1.12,1.00
2017.12.01 08:58:05.664,1.17224,1.17238,1.00,3.79
2017.12.01 08:58:06.663,1.17224,1.17238,2.06,1.12
2017.12.01 08:58:07.128,1.17227,1.17239,1.00,1.91
2017.12.01 08:58:07.652,1.17228,1.1724,1.00,3.11
2017.12.01 08:58:09.592,1.17229,1.1724,1.00,2.74
2017.12.01 08:58:10.094,1.17229,1.1724,1.45,1.91
2017.12.01 08:58:10.658,1.17228,1.1724,1.45,1.91
2017.12.01 08:58:15.858,1.1723,1.17243,1.20,2.81
2017.12.01 08:58:15.911,1.17232,1.17244,1.00,1.50
2017.12.01 08:58:16.071,1.17234,1.17247,1.00,1.69
2017.12.01 08:58:16.332,1.17232,1.17246,1.50,2.06
2017.12.01 08:58:16.641,1.17232,1.17245,2.70,1.00
2017.12.01 08:58:16.987,1.17232,1.17245,1.50,1.00
2017.12.01 08:58:18.241,1.17233,1.17246,1.00,1.87
2017.12.01 08:58:19.759,1.17232,1.17245,1.12,1.19
2017.12.01 08:58:20.278,1.17231,1.17245,1.12,2.44
2017.12.01 08:58:21.277,1.1723,1.17244,1.87,4.50
2017.12.01 08:58:21.808,1.1723,1.17243,1.31,1.31
2017.12.01 08:58:22.981,1.1723,1.17243,1.12,1.31
2017.12.01 08:58:24.262,1.17232,1.17243,1.00,2.25
2017.12.01 08:58:24.781,1.17231,1.17243,1.12,2.44
2017.12.01 08:58:25.241,1.17231,1.17245,1.12,3.41
2017.12.01 08:58:25.556,1.17232,1.17244,1.45,1.88
2017.12.01 08:58:26.159,1.17231,1.17244,1.57,1.88
2017.12.01 08:58:27.056,1.17231,1.17244,1.57,2.85
2017.12.01 08:58:27.400,1.17228,1.17241,3.07,1.00
2017.12.01 08:58:27.927,1.17228,1.17242,3.07,2.25
2017.12.01 08:58:30.806,1.17229,1.17242,1.45,2.44
2017.12.01 08:58:31.326,1.17229,1.17242,1.57,1.00
2017.12.01 08:58:32.401,1.17229,1.17242,2.32,1.00
2017.12.01 08:58:32.950,1.17229,1.17243,1.57,3.19
2017.12.01 08:58:35.718,1.17229,1.17242,2.32,1.69
2017.12.01 08:58:36.029,1.17226,1.17238,1.45,1.31
2017.12.01 08:58:37.479,1.17226,1.17238,1.45,1.12
2017.12.01 08:58:38.864,1.17227,1.17239,1.57,1.00
2017.12.01 08:58:40.988,1.17227,1.17239,1.45,2.25
2017.12.01 08:58:42.783,1.17226,1.17239,1.57,2.63
2017.12.01 08:58:44.029,1.17226,1.17239,1.57,1.87
2017.12.01 08:58:44.605,1.17226,1.17239,1.57,2.25
2017.12.01 08:58:47.062,1.17225,1.17237,1.57,1.87
2017.12.01 08:58:47.219,1.17222,1.17235,1.45,2.62
2017.12.01 08:58:47.735,1.17221,1.17233,3.07,1.00
2017.12.01 08:58:48.485,1.17221,1.17233,1.45,1.12
2017.12.01 08:58:50.127,1.17223,1.17232,1.45,1.00
2017.12.01 08:58:50.634,1.17223,1.17232,1.57,1.00
2017.12.01 08:58:51.319,1.17223,1.17232,1.57,1.00
2017.12.01 08:58:51.709,1.17223,1.17235,1.95,1.00
2017.12.01 08:58:51.766,1.17226,1.17237,1.45,1.50
2017.12.01 08:58:52.283,1.17227,1.17237,1.45,1.50
2017.12.01 08:58:52.474,1.17225,1.17237,1.95,3.19
2017.12.01 08:58:52.531,1.17225,1.17235,3.82,1.00
2017.12.01 08:58:53.119,1.17225,1.17235,2.32,1.00
2017.12.01 08:58:53.680,1.17225,1.17236,2.32,1.00
2017.12.01 08:58:54.302,1.17225,1.17237,3.82,1.00
2017.12.01 08:58:54.611,1.17227,1.17237,2.32,1.00
2017.12.01 08:58:55.134,1.17227,1.17237,1.57,1.00
2017.12.01 08:58:57.753,1.17226,1.17237,1.55,1.50
2017.12.01 08:59:00.276,1.17226,1.17237,2.51,1.00
2017.12.01 08:59:00.835,1.17227,1.17237,1.45,1.00
2017.12.01 08:59:02.300,1.17226,1.17236,1.45,1.50
2017.12.01 08:59:02.530,1.17223,1.17235,1.72,1.00
2017.12.01 08:59:03.044,1.17223,1.17234,1.72,1.50
2017.12.01 08:59:03.460,1.17223,1.17232,1.35,1.00
2017.12.01 08:59:03.668,1.1722,1.17232,2.47,1.00
2017.12.01 08:59:04.191,1.1722,1.17233,2.32,1.69
2017.12.01 08:59:04.735,1.17221,1.17233,1.10,1.50
2017.12.01 08:59:06.300,1.1722,1.17233,3.07,1.50
2017.12.01 08:59:06.925,1.17219,1.17232,2.32,2.25
2017.12.01 08:59:07.288,1.17218,1.1723,2.32,1.00
2017.12.01 08:59:07.391,1.17219,1.17232,1.45,1.87
2017.12.01 08:59:07.547,1.17222,1.17235,2.32,1.50
2017.12.01 08:59:07.758,1.17223,1.17235,4.76,1.00
2017.12.01 08:59:08.919,1.17225,1.17237,1.57,1.00
2017.12.01 08:59:09.437,1.17226,1.17237,1.87,1.00
2017.12.01 08:59:10.110,1.17226,1.17239,2.51,1.50
2017.12.01 08:59:10.265,1.17228,1.17241,1.10,1.87
2017.12.01 08:59:10.421,1.17228,1.17241,2.51,1.00
2017.12.01 08:59:10.970,1.17227,1.17239,2.51,1.00
2017.12.01 08:59:11.482,1.17228,1.17239,1.10,1.00
2017.12.01 08:59:12.179,1.17227,1.1724,1.87,1.69
2017.12.01 08:59:12.594,1.17225,1.17237,1.87,1.00
2017.12.01 08:59:13.186,1.17225,1.17237,1.57,1.00
2017.12.01 08:59:14.246,1.17227,1.17239,1.57,1.50
2017.12.01 08:59:14.403,1.17228,1.1724,2.32,1.00
2017.12.01 08:59:14.456,1.17228,1.1724,1.87,1.00
2017.12.01 08:59:14.847,1.17228,1.17242,1.87,1.31
2017.12.01 08:59:15.003,1.17228,1.17241,3.07,1.44
2017.12.01 08:59:15.106,1.17228,1.17241,1.12,1.31
2017.12.01 08:59:15.689,1.17228,1.17241,1.12,1.50
2017.12.01 08:59:16.319,1.17227,1.17239,1.62,1.00
2017.12.01 08:59:16.474,1.17226,1.17237,1.76,1.00
2017.12.01 08:59:16.887,1.17224,1.17236,2.51,1.00
2017.12.01 08:59:17.363,1.17223,1.17236,1.31,1.31
2017.12.01 08:59:17.800,1.17223,1.17235,2.32,1.00
2017.12.01 08:59:18.599,1.17222,1.17235,1.12,1.12
2017.12.01 08:59:19.036,1.17222,1.17233,1.31,1.00
2017.12.01 08:59:19.556,1.17221,1.17232,1.12,1.00
2017.12.01 08:59:19.960,1.1722,1.17234,2.06,2.25
2017.12.01 08:59:20.217,1.1722,1.17232,1.62,1.00
2017.12.01 08:59:21.528,1.17219,1.17232,3.26,1.00
2017.12.01 08:59:24.137,1.17219,1.17233,2.44,1.87
2017.12.01 08:59:24.652,1.17219,1.17233,2.06,2.25
2017.12.01 08:59:25.168,1.17219,1.17233,2.06,2.25
2017.12.01 08:59:26.414,1.17218,1.17231,1.12,1.12
2017.12.01 08:59:26.927,1.17218,1.17231,1.12,1.50
2017.12.01 08:59:27.261,1.17214,1.17227,1.12,1.31
2017.12.01 08:59:27.314,1.17213,1.17224,2.63,1.00
2017.12.01 08:59:27.676,1.17213,1.17227,2.25,2.06
2017.12.01 08:59:28.216,1.17212,1.17225,1.00,1.31
2017.12.01 08:59:28.755,1.17211,1.17224,1.81,1.00
2017.12.01 08:59:29.457,1.1721,1.17224,3.00,1.12
2017.12.01 08:59:29.996,1.17211,1.17225,2.06,1.12
2017.12.01 08:59:30.518,1.17212,1.17225,1.81,1.00
2017.12.01 08:59:31.143,1.17213,1.17227,1.50,2.81
2017.12.01 08:59:33.746,1.17212,1.17227,2.06,2.44
2017.12.01 08:59:34.281,1.17212,1.17226,1.31,2.06
2017.12.01 08:59:37.674,1.17212,1.17226,1.73,2.06
2017.12.01 08:59:38.190,1.17212,1.17226,1.12,2.25
2017.12.01 08:59:38.740,1.17212,1.17225,1.13,1.37
2017.12.01 08:59:41.039,1.17212,1.17225,1.81,1.00
2017.12.01 08:59:41.196,1.17215,1.17229,1.35,2.06
2017.12.01 08:59:41.328,1.17217,1.17231,1.50,5.06
2017.12.01 08:59:41.648,1.1722,1.17233,1.63,1.44
2017.12.01 08:59:41.700,1.17221,1.17235,1.87,1.50
2017.12.01 08:59:41.752,1.1722,1.17234,1.12,1.87
2017.12.01 08:59:42.192,1.17221,1.17234,1.12,2.25
2017.12.01 08:59:42.245,1.17219,1.17233,2.25,2.06
2017.12.01 08:59:42.766,1.1722,1.17233,1.67,1.44
2017.12.01 08:59:42.823,1.17221,1.17235,1.54,1.69
2017.12.01 08:59:43.457,1.17221,1.17236,1.81,1.69
2017.12.01 08:59:43.741,1.17225,1.17239,1.00,1.75
2017.12.01 08:59:44.001,1.17227,1.17242,1.63,2.63
2017.12.01 08:59:44.156,1.17227,1.17241,1.37,1.50
2017.12.01 08:59:44.362,1.17226,1.1724,1.31,1.75
2017.12.01 08:59:46.512,1.17225,1.1724,1.73,1.50
2017.12.01 08:59:46.616,1.1723,1.17245,1.31,1.50
2017.12.01 08:59:46.950,1.17229,1.17243,2.44,1.81
2017.12.01 08:59:47.259,1.17228,1.17242,2.10,2.25
2017.12.01 08:59:47.779,1.17227,1.17241,1.12,1.81
2017.12.01 08:59:47.832,1.17227,1.17241,1.12,1.88
2017.12.01 08:59:48.129,1.17226,1.17241,1.37,1.69
2017.12.01 08:59:48.634,1.17227,1.17242,3.23,1.75
2017.12.01 08:59:49.808,1.17226,1.17241,2.06,3.00
2017.12.01 08:59:50.054,1.17226,1.17241,1.37,2.44
2017.12.01 08:59:50.416,1.17232,1.17242,1.50,1.00
2017.12.01 08:59:50.468,1.17234,1.17247,1.63,1.00
2017.12.01 08:59:50.707,1.17231,1.17246,1.73,2.06
2017.12.01 08:59:50.759,1.17231,1.17246,1.37,3.19
2017.12.01 08:59:53.628,1.17229,1.17244,1.63,1.75
2017.12.01 08:59:53.838,1.17226,1.17241,1.87,1.75
2017.12.01 08:59:54.048,1.17225,1.1724,2.06,3.00
2017.12.01 08:59:54.761,1.17225,1.1724,1.63,1.88
2017.12.01 08:59:55.287,1.17224,1.17239,1.81,2.81
2017.12.01 08:59:55.938,1.17222,1.17237,1.56,1.62
2017.12.01 08:59:56.430,1.17224,1.17238,1.37,1.00
2017.12.01 08:59:56.739,1.17223,1.17238,2.06,3.56
2017.12.01 08:59:57.272,1.17223,1.17238,1.63,2.63
2017.12.01 08:59:57.806,1.17224,1.17239,1.50,2.25
2017.12.01 08:59:58.319,1.17224,1.17238,1.00,2.63
2017.12.01 08:59:58.863,1.17222,1.17236,2.25,1.19
2017.12.01 08:59:59.389,1.17222,1.17236,2.25,1.00
