2012.11.02 01:00:10.686,1.20608,1.2063,1.50,2.10
2012.11.02 01:00:10.816,1.20608,1.2063,1.50,1.88
2012.11.02 01:00:12.726,1.20608,1.2063,1.50,2.82
2012.11.02 01:00:13.244,1.20608,1.2063,1.50,2.82
2012.11.02 01:00:14.516,1.20608,1.2063,1.50,4.69
2012.11.02 01:00:17.038,1.20608,1.2063,1.50,5.07
2012.11.02 01:00:17.225,1.20608,1.2063,1.50,1.88
2012.11.02 01:00:19.925,1.20608,1.2063,1.50,2.25
2012.11.02 01:00:24.956,1.20608,1.20629,1.50,2.16
2012.11.02 01:00:25.398,1.20605,1.20629,1.50,3.60
2012.11.02 01:00:25.466,1.20605,1.20625,1.50,1.13
2012.11.02 01:00:25.785,1.20602,1.20624,2.25,1.73
2012.11.02 01:00:26.185,1.20602,1.20625,3.00,2.48
2012.11.02 01:00:26.246,1.20602,1.20625,3.75,1.73
2012.11.02 01:00:26.381,1.20605,1.20628,1.50,1.35
2012.11.02 01:00:26.746,1.20605,1.20629,1.50,1.50
2012.11.02 01:00:28.320,1.20605,1.20629,1.50,1.88
2012.11.02 01:00:29.565,1.20605,1.20628,1.50,2.82
2012.11.02 01:00:29.695,1.20607,1.20628,1.50,2.25
2012.11.02 01:00:31.217,1.20607,1.20628,1.50,1.13
2012.11.02 01:00:34.245,1.20607,1.20627,1.50,2.63
2012.11.02 01:00:39.468,1.20607,1.20626,1.50,2.25
2012.11.02 01:00:39.786,1.20605,1.20618,1.50,2.48
2012.11.02 01:00:39.857,1.20599,1.20617,1.50,1.35
2012.11.02 01:00:39.985,1.20595,1.20617,2.25,1.35
2012.11.02 01:00:40.105,1.20595,1.20617,1.50,1.35
2012.11.02 01:00:43.658,1.20595,1.20616,1.69,1.50
2012.11.02 01:00:43.727,1.20601,1.2062,2.25,1.50
2012.11.02 01:00:43.799,1.20602,1.20622,1.50,1.18
2012.11.02 01:00:44.528,1.20602,1.20623,1.50,1.50
2012.11.02 01:00:52.570,1.20602,1.20623,1.50,1.50
2012.11.02 01:01:06.806,1.20602,1.20623,1.50,2.24
2012.11.02 01:01:06.876,1.20602,1.20623,1.50,2.24
2012.11.02 01:01:07.418,1.20602,1.20623,1.50,1.88
2012.11.02 01:01:09.427,1.20602,1.20623,1.50,2.25
2012.11.02 01:01:09.936,1.20602,1.20623,1.50,2.25
2012.11.02 01:01:10.642,1.20602,1.20623,1.50,1.88
2012.11.02 01:01:11.245,1.20602,1.20623,1.50,2.16
2012.11.02 01:01:11.877,1.20602,1.20623,1.50,2.16
2012.11.02 01:01:12.427,1.20602,1.20623,1.50,2.16
2012.11.02 01:01:12.777,1.20602,1.20623,1.50,1.88
2012.11.02 01:01:13.344,1.20602,1.20623,1.50,1.50
2012.11.02 01:01:21.285,1.20602,1.20623,1.50,2.25
2012.11.02 01:01:21.618,1.20602,1.20623,1.50,3.23
2012.11.02 01:01:21.987,1.20602,1.20621,1.50,2.85
2012.11.02 01:01:32.635,1.20602,1.2062,1.50,3.23
2012.11.02 01:01:33.118,1.20601,1.20622,3.00,1.50
2012.11.02 01:01:33.417,1.20601,1.20622,3.00,1.13
2012.11.02 01:01:38.676,1.20601,1.20622,3.00,2.10
2012.11.02 01:01:40.120,1.20602,1.2062,1.50,1.50
2012.11.02 01:01:40.748,1.20602,1.20622,1.50,1.88
2012.11.02 01:01:41.966,1.20602,1.20622,1.50,1.50
2012.11.02 01:01:42.516,1.20602,1.20622,1.50,1.50
2012.11.02 01:01:45.026,1.20602,1.20622,1.50,3.75
2012.11.02 01:01:45.345,1.206,1.20616,1.50,1.35
2012.11.02 01:01:48.386,1.20599,1.20616,1.50,1.11
2012.11.02 01:01:59.345,1.20599,1.20616,1.50,2.99
2012.11.02 01:01:59.751,1.20599,1.20615,1.50,3.23
2012.11.02 01:02:00.255,1.20599,1.2061,1.50,1.88
2012.11.02 01:02:00.339,1.20591,1.20609,1.50,1.35
2012.11.02 01:02:01.147,1.2059,1.20611,1.50,1.88
2012.11.02 01:02:01.456,1.20591,1.20613,1.50,2.48
2012.11.02 01:02:08.536,1.20592,1.20614,2.25,1.50
2012.11.02 01:02:08.666,1.20595,1.20617,1.50,1.88
2012.11.02 01:02:10.325,1.20595,1.20617,1.50,1.50
2012.11.02 01:02:13.023,1.20595,1.20617,1.50,1.86
2012.11.02 01:02:13.357,1.20592,1.20611,2.25,1.50
2012.11.02 01:02:13.486,1.20589,1.20611,1.50,1.50
2012.11.02 01:02:16.328,1.20593,1.20613,1.50,1.13
2012.11.02 01:02:16.575,1.20595,1.20617,1.50,1.50
2012.11.02 01:02:16.756,1.20597,1.20619,1.50,1.88
2012.11.02 01:02:19.643,1.20597,1.20619,1.50,3.75
2012.11.02 01:02:27.445,1.20597,1.20618,1.50,1.50
2012.11.02 01:02:28.578,1.20597,1.20619,1.50,3.98
2012.11.02 01:02:31.715,1.20594,1.20618,3.00,2.27
2012.11.02 01:02:36.706,1.20594,1.20614,1.50,1.73
2012.11.02 01:02:37.986,1.2059,1.20613,2.25,1.35
2012.11.02 01:02:41.946,1.20589,1.20612,1.50,2.48
2012.11.02 01:02:42.577,1.20591,1.20613,5.10,1.73
2012.11.02 01:02:46.178,1.20592,1.20613,1.32,5.48
2012.11.02 01:02:46.496,1.20591,1.20609,4.17,2.10
2012.11.02 01:02:49.818,1.20591,1.20609,4.17,1.50
2012.11.02 01:02:49.957,1.20592,1.20611,1.32,1.73
2012.11.02 01:02:52.517,1.20592,1.20615,2.59,2.10
2012.11.02 01:02:58.639,1.20592,1.20615,2.03,1.88
2012.11.02 01:02:59.695,1.20595,1.20616,2.25,1.50
2012.11.02 01:03:02.055,1.20598,1.20617,2.25,1.88
2012.11.02 01:03:02.585,1.20598,1.20616,2.25,1.50
2012.11.02 01:03:09.346,1.20598,1.20618,2.25,1.88
2012.11.02 01:03:10.205,1.20598,1.20617,2.25,1.50
2012.11.02 01:03:12.625,1.20598,1.20618,2.25,1.88
2012.11.02 01:03:17.013,1.20598,1.20617,2.25,1.50
2012.11.02 01:03:19.825,1.20598,1.20616,2.25,1.50
2012.11.02 01:03:20.560,1.20598,1.20617,2.25,1.50
2012.11.02 01:03:28.036,1.20598,1.20616,2.25,1.50
2012.11.02 01:03:28.216,1.20598,1.20617,2.25,1.73
2012.11.02 01:03:31.175,1.20598,1.20615,2.25,1.73
2012.11.02 01:03:31.297,1.20598,1.20615,2.25,1.73
2012.11.02 01:03:32.426,1.20598,1.2062,2.25,5.10
2012.11.02 01:03:36.208,1.20597,1.20619,2.74,2.48
2012.11.02 01:03:36.276,1.20597,1.20617,1.32,1.73
2012.11.02 01:03:45.526,1.20593,1.20617,2.25,1.73
2012.11.02 01:03:46.066,1.20593,1.20617,2.82,2.10
2012.11.02 01:03:49.167,1.20593,1.20617,2.82,1.73
2012.11.02 01:03:52.487,1.20597,1.20619,2.25,3.60
2012.11.02 01:03:54.026,1.20597,1.20619,2.25,2.10
2012.11.02 01:04:00.157,1.20597,1.20619,2.25,1.50
2012.11.02 01:04:00.287,1.206,1.20622,2.25,1.73
2012.11.02 01:04:00.715,1.206,1.20622,2.25,1.73
2012.11.02 01:04:02.476,1.206,1.20622,2.25,1.73
2012.11.02 01:04:04.335,1.206,1.20622,2.25,1.73
2012.11.02 01:04:05.509,1.206,1.20622,2.25,4.38
2012.11.02 01:04:08.116,1.20595,1.20619,2.25,2.85
2012.11.02 01:04:08.660,1.20595,1.20619,2.25,2.85
2012.11.02 01:04:11.725,1.20595,1.20614,2.25,1.73
2012.11.02 01:04:12.096,1.20595,1.20614,2.25,1.73
2012.11.02 01:04:12.500,1.20595,1.20614,2.25,1.73
2012.11.02 01:04:15.936,1.20592,1.2061,1.50,1.73
2012.11.02 01:04:20.876,1.20591,1.20612,1.50,4.73
2012.11.02 01:04:22.362,1.20591,1.20612,1.50,4.73
2012.11.02 01:04:23.232,1.20591,1.20613,1.50,1.88
2012.11.02 01:04:23.299,1.20591,1.20613,1.50,2.85
2012.11.02 01:04:23.546,1.20592,1.20614,2.25,2.25
2012.11.02 01:04:24.088,1.20592,1.20614,3.00,1.88
2012.11.02 01:04:25.047,1.20597,1.20619,2.25,2.10
2012.11.02 01:04:29.018,1.20597,1.20619,2.25,2.10
2012.11.02 01:04:29.088,1.20597,1.20619,2.25,2.10
2012.11.02 01:04:32.407,1.20597,1.20615,2.25,1.35
2012.11.02 01:04:32.576,1.20597,1.20615,1.50,1.35
2012.11.02 01:04:45.336,1.20597,1.20617,1.50,1.35
2012.11.02 01:04:53.296,1.20597,1.20617,1.50,1.26
2012.11.02 01:04:53.366,1.20597,1.20617,1.50,1.35
2012.11.02 01:05:01.406,1.20597,1.20613,1.50,1.35
2012.11.02 01:05:01.476,1.20593,1.20613,1.50,1.35
2012.11.02 01:05:02.061,1.20591,1.20612,3.00,1.35
2012.11.02 01:05:02.615,1.20591,1.20609,3.00,1.35
2012.11.02 01:05:11.689,1.20591,1.20609,1.50,1.88
2012.11.02 01:05:12.845,1.20591,1.20613,2.25,2.63
2012.11.02 01:05:21.538,1.20591,1.20613,2.25,2.85
2012.11.02 01:05:22.120,1.20591,1.20612,2.25,2.10
2012.11.02 01:05:26.795,1.20591,1.20612,2.25,2.10
2012.11.02 01:05:28.755,1.20591,1.20612,2.25,1.88
2012.11.02 01:05:28.946,1.20591,1.20613,2.25,1.50
2012.11.02 01:05:29.265,1.20594,1.20614,1.50,1.13
2012.11.02 01:05:34.187,1.20594,1.20609,1.50,1.50
2012.11.02 01:05:34.256,1.20591,1.20609,2.25,3.38
2012.11.02 01:05:34.326,1.20588,1.20605,2.25,1.35
2012.11.02 01:05:34.446,1.20588,1.20607,2.25,1.73
2012.11.02 01:05:34.507,1.20588,1.20607,1.50,1.73
2012.11.02 01:05:34.576,1.20583,1.20607,2.25,3.98
2012.11.02 01:05:34.757,1.20588,1.20607,1.50,2.48
2012.11.02 01:05:34.829,1.2059,1.20609,1.50,3.60
2012.11.02 01:05:34.897,1.2059,1.20608,1.50,1.50
2012.11.02 01:05:35.086,1.20591,1.20612,1.50,4.35
2012.11.02 01:05:35.156,1.20593,1.20612,1.50,1.35
2012.11.02 01:05:36.819,1.20594,1.20612,1.50,1.13
2012.11.02 01:05:36.886,1.20594,1.20615,1.50,1.50
2012.11.02 01:05:37.077,1.20594,1.20617,1.50,1.50
2012.11.02 01:05:39.787,1.20594,1.20616,1.50,1.50
2012.11.02 01:05:39.856,1.20594,1.20614,1.50,1.13
2012.11.02 01:05:43.657,1.20594,1.20618,1.50,2.48
2012.11.02 01:05:52.017,1.20594,1.20616,1.50,1.50
2012.11.02 01:05:52.566,1.20594,1.20618,1.50,2.48
2012.11.02 01:05:53.386,1.20594,1.20618,1.50,2.76
2012.11.02 01:05:53.576,1.20592,1.20616,3.00,1.79
2012.11.02 01:05:53.716,1.20592,1.20616,1.50,1.73
2012.11.02 01:06:05.468,1.20592,1.20616,1.50,2.25
2012.11.02 01:06:10.196,1.20592,1.20616,1.50,2.25
2012.11.02 01:06:10.526,1.20597,1.20618,1.50,1.35
2012.11.02 01:06:11.316,1.20597,1.20618,1.50,1.35
2012.11.02 01:06:13.360,1.20597,1.20618,1.50,1.35
2012.11.02 01:06:17.136,1.20597,1.20617,1.50,1.26
2012.11.02 01:06:20.714,1.20595,1.20617,3.00,1.26
2012.11.02 01:06:21.667,1.20595,1.20618,1.50,1.26
2012.11.02 01:06:21.917,1.20593,1.20617,1.50,2.48
2012.11.02 01:06:22.227,1.20595,1.20619,1.50,5.10
2012.11.02 01:06:30.967,1.20595,1.20619,1.50,3.51
2012.11.02 01:06:31.927,1.20594,1.20616,1.50,2.48
2012.11.02 01:06:33.346,1.20596,1.20618,1.50,2.76
2012.11.02 01:06:33.478,1.20596,1.20618,1.50,2.76
2012.11.02 01:06:44.766,1.20596,1.20615,1.50,1.50
2012.11.02 01:06:45.457,1.20594,1.20616,1.50,2.76
2012.11.02 01:06:50.988,1.20592,1.20601,1.50,1.50
2012.11.02 01:06:51.057,1.20592,1.206,1.50,1.50
2012.11.02 01:06:51.486,1.20588,1.2061,2.25,2.10
2012.11.02 01:06:51.616,1.20588,1.2061,2.44,1.50
2012.11.02 01:06:51.676,1.20592,1.20614,1.50,2.67
2012.11.02 01:06:53.976,1.20592,1.20615,1.50,1.13
2012.11.02 01:06:54.800,1.20592,1.20615,1.50,3.14
2012.11.02 01:06:55.595,1.20592,1.20615,1.50,2.85
2012.11.02 01:06:56.571,1.20592,1.20615,1.50,3.60
2012.11.02 01:06:57.585,1.20591,1.20613,2.25,2.10
2012.11.02 01:06:58.257,1.20591,1.20612,2.25,1.13
2012.11.02 01:06:58.647,1.20593,1.20612,1.50,1.13
2012.11.02 01:06:58.717,1.20593,1.20615,1.50,3.75
2012.11.02 01:07:10.955,1.20594,1.20615,1.50,1.13
2012.11.02 01:07:20.257,1.20594,1.20616,1.50,1.50
2012.11.02 01:07:22.007,1.20594,1.20616,1.50,3.64
2012.11.02 01:07:22.136,1.20594,1.20616,1.50,1.50
2012.11.02 01:07:22.675,1.20593,1.20615,1.50,1.50
2012.11.02 01:07:23.178,1.20593,1.20615,1.50,3.42
2012.11.02 01:07:25.345,1.20593,1.20615,1.50,3.06
2012.11.02 01:07:28.265,1.20591,1.20613,3.75,2.67
2012.11.02 01:07:39.427,1.20591,1.20613,2.25,3.49
2012.11.02 01:07:40.148,1.20591,1.20613,1.50,3.57
2012.11.02 01:07:40.435,1.20591,1.20613,1.50,3.00
2012.11.02 01:07:43.295,1.20591,1.20613,1.50,2.54
2012.11.02 01:07:43.796,1.20591,1.20612,1.50,1.32
2012.11.02 01:07:44.946,1.20591,1.20613,1.50,2.82
2012.11.02 01:07:45.508,1.20591,1.20613,1.50,2.82
2012.11.02 01:07:46.995,1.20591,1.20613,1.50,2.82
2012.11.02 01:07:47.610,1.20591,1.20613,1.50,2.25
2012.11.02 01:07:48.427,1.20593,1.20613,1.50,1.41
2012.11.02 01:07:48.986,1.20593,1.20615,1.50,4.35
2012.11.02 01:07:56.674,1.20593,1.20613,1.50,3.89
2012.11.02 01:08:03.957,1.20593,1.20613,1.50,3.89
2012.11.02 01:08:04.027,1.20591,1.20613,3.00,5.76
2012.11.02 01:08:04.166,1.20591,1.20611,1.50,1.69
2012.11.02 01:08:04.236,1.20591,1.20611,1.50,1.92
2012.11.02 01:08:04.779,1.20591,1.20611,1.50,2.67
2012.11.02 01:08:04.911,1.20589,1.20611,2.25,2.85
2012.11.02 01:08:05.457,1.20589,1.20611,2.25,1.88
2012.11.02 01:08:08.975,1.20589,1.20611,2.25,3.51
2012.11.02 01:08:09.096,1.20589,1.20611,2.25,4.26
2012.11.02 01:08:31.209,1.20588,1.20611,2.25,1.50
2012.11.02 01:08:31.766,1.20591,1.20613,1.50,2.63
2012.11.02 01:08:33.305,1.20591,1.20613,2.25,1.50
2012.11.02 01:08:34.595,1.20591,1.20613,2.25,1.88
2012.11.02 01:08:34.835,1.20591,1.20613,3.75,1.88
2012.11.02 01:08:35.136,1.20593,1.20615,3.19,2.09
2012.11.02 01:08:35.256,1.20593,1.20616,3.19,3.19
2012.11.02 01:08:35.566,1.20593,1.20615,3.19,2.07
2012.11.02 01:08:36.076,1.20593,1.20615,3.19,3.85
2012.11.02 01:08:36.928,1.20593,1.20615,3.19,3.62
2012.11.02 01:08:37.537,1.20593,1.20616,3.19,5.01
2012.11.02 01:08:38.297,1.20593,1.20616,3.19,5.01
2012.11.02 01:08:38.857,1.20593,1.20613,1.69,2.10
2012.11.02 01:08:45.477,1.20593,1.20615,1.69,3.57
2012.11.02 01:08:45.619,1.20593,1.20615,1.69,3.00
2012.11.02 01:08:46.247,1.20593,1.20616,3.42,7.09
2012.11.02 01:08:46.795,1.20593,1.20615,3.42,4.09
2012.11.02 01:08:46.857,1.20593,1.20615,3.42,4.09
2012.11.02 01:08:47.466,1.20593,1.20615,3.42,1.26
2012.11.02 01:08:47.726,1.20593,1.20614,3.42,1.13
2012.11.02 01:08:48.758,1.20593,1.20614,3.19,1.13
2012.11.02 01:08:49.648,1.20595,1.20615,2.25,3.75
2012.11.02 01:08:57.498,1.20595,1.20616,3.00,2.63
2012.11.02 01:08:57.567,1.20599,1.20616,1.50,3.75
2012.11.02 01:08:57.876,1.20607,1.20615,1.50,1.50
2012.11.02 01:08:58.440,1.20607,1.20616,1.50,3.75
2012.11.02 01:08:58.967,1.20607,1.20615,1.50,1.50
2012.11.02 01:09:00.994,1.20607,1.20616,1.50,1.50
2012.11.02 01:09:01.612,1.20607,1.20615,1.50,1.50
2012.11.02 01:09:05.663,1.20607,1.20616,1.50,1.50
2012.11.02 01:09:10.176,1.20607,1.20615,1.50,1.50
2012.11.02 01:09:10.987,1.20607,1.20616,1.50,3.00
2012.11.02 01:09:11.537,1.20607,1.20615,1.50,1.50
2012.11.02 01:09:12.068,1.20607,1.20616,1.50,3.00
2012.11.02 01:09:15.296,1.20607,1.20615,1.50,1.50
2012.11.02 01:09:17.958,1.20607,1.20616,1.50,1.50
2012.11.02 01:09:20.446,1.20607,1.20615,1.50,1.35
2012.11.02 01:09:21.152,1.20607,1.20616,1.50,1.35
2012.11.02 01:09:21.215,1.20607,1.20619,1.50,2.10
2012.11.02 01:09:23.545,1.20607,1.20616,1.50,1.35
2012.11.02 01:09:24.113,1.20607,1.20615,1.50,1.35
2012.11.02 01:09:25.182,1.20607,1.20616,1.50,2.70
2012.11.02 01:09:25.708,1.20607,1.20615,1.50,1.35
2012.11.02 01:09:28.607,1.20607,1.20616,1.50,2.70
2012.11.02 01:09:31.914,1.20607,1.20615,1.50,1.35
2012.11.02 01:09:32.518,1.20607,1.20616,2.25,1.35
2012.11.02 01:09:34.156,1.20607,1.20616,2.25,2.70
2012.11.02 01:09:35.237,1.20607,1.20615,1.50,1.35
2012.11.02 01:09:36.257,1.20607,1.20616,2.25,1.35
2012.11.02 01:09:39.258,1.20607,1.20615,1.50,1.35
2012.11.02 01:09:39.460,1.20607,1.20616,1.50,3.98
2012.11.02 01:09:42.550,1.20607,1.20616,2.25,4.35
2012.11.02 01:09:42.757,1.20607,1.20616,1.50,6.08
2012.11.02 01:09:42.948,1.20607,1.20617,2.25,2.85
2012.11.02 01:09:43.018,1.20605,1.20614,2.25,3.23
2012.11.02 01:09:43.232,1.20607,1.20614,1.50,2.10
2012.11.02 01:09:43.511,1.20607,1.20616,1.50,1.73
2012.11.02 01:09:44.286,1.20607,1.20617,1.50,1.20
2012.11.02 01:09:44.656,1.20607,1.20622,1.50,1.73
2012.11.02 01:09:45.286,1.20607,1.20618,1.50,1.20
2012.11.02 01:09:48.989,1.20607,1.20617,1.50,1.20
2012.11.02 01:09:51.386,1.20607,1.20617,1.50,1.20
2012.11.02 01:09:53.116,1.20607,1.20617,1.50,1.20
2012.11.02 01:09:53.686,1.20607,1.20617,1.50,1.20
2012.11.02 01:09:54.621,1.20607,1.20617,1.50,1.20
2012.11.02 01:09:56.691,1.20607,1.20617,1.50,1.20
2012.11.02 01:09:57.421,1.20607,1.20624,1.50,1.85
2012.11.02 01:09:57.615,1.20604,1.20624,2.52,1.38
2012.11.02 01:09:58.558,1.20601,1.20626,1.54,2.69
2012.11.02 01:09:59.587,1.20599,1.20625,1.73,1.79
2012.11.02 01:10:04.454,1.206,1.20628,3.23,3.71
2012.11.02 01:10:08.975,1.20601,1.20628,1.73,3.34
2012.11.02 01:10:10.815,1.20601,1.20627,2.10,1.04
2012.11.02 01:10:16.776,1.20601,1.20627,3.23,1.04
2012.11.02 01:10:17.745,1.20601,1.20627,1.73,1.04
2012.11.02 01:10:18.835,1.206,1.20627,3.98,1.04
2012.11.02 01:10:19.178,1.20607,1.20629,2.44,4.23
2012.11.02 01:10:22.597,1.20607,1.20632,2.25,1.50
2012.11.02 01:10:25.121,1.20608,1.20623,2.44,1.73
2012.11.02 01:10:25.426,1.20608,1.2062,1.50,1.50
2012.11.02 01:10:26.267,1.20603,1.2062,1.50,1.50
2012.11.02 01:10:33.428,1.20604,1.20627,2.44,2.85
2012.11.02 01:10:33.797,1.20607,1.20631,1.88,3.00
2012.11.02 01:10:35.397,1.20607,1.20631,1.50,2.25
2012.11.02 01:10:38.789,1.20607,1.20631,2.25,2.25
2012.11.02 01:10:38.858,1.20609,1.20631,1.50,1.50
2012.11.02 01:10:38.987,1.20609,1.20634,3.75,2.25
2012.11.02 01:10:42.047,1.20609,1.20634,3.00,3.75
2012.11.02 01:10:42.238,1.20607,1.20632,3.00,2.25
2012.11.02 01:10:56.462,1.20605,1.20626,1.73,1.50
2012.11.02 01:10:56.809,1.20604,1.20628,4.35,1.50
2012.11.02 01:10:57.119,1.20606,1.20626,1.88,1.50
2012.11.02 01:10:57.490,1.20606,1.20626,1.88,1.50
2012.11.02 01:10:58.039,1.20606,1.20628,2.25,1.88
2012.11.02 01:10:58.228,1.20608,1.20631,2.10,1.04
2012.11.02 01:10:59.777,1.20608,1.20633,1.50,2.25
2012.11.02 01:11:00.717,1.20609,1.20633,2.25,2.25
2012.11.02 01:11:03.356,1.20609,1.2063,1.50,1.50
2012.11.02 01:11:03.888,1.20608,1.2063,1.50,1.50
2012.11.02 01:11:04.016,1.20608,1.20632,1.50,3.75
2012.11.02 01:11:05.456,1.20608,1.2063,1.50,1.50
2012.11.02 01:11:17.007,1.20608,1.2063,1.73,2.25
2012.11.02 01:11:27.026,1.20608,1.2063,1.73,1.50
2012.11.02 01:11:27.640,1.20607,1.20632,2.85,2.25
2012.11.02 01:11:32.442,1.2061,1.20632,1.50,2.63
2012.11.02 01:11:33.848,1.2061,1.20631,1.50,2.10
2012.11.02 01:11:34.036,1.2061,1.20631,1.50,1.50
2012.11.02 01:11:34.166,1.20607,1.20631,1.73,2.25
2012.11.02 01:11:38.948,1.20607,1.20631,2.48,1.50
2012.11.02 01:11:47.417,1.20607,1.20631,1.73,1.50
2012.11.02 01:11:51.380,1.20607,1.20631,2.48,1.50
2012.11.02 01:11:51.506,1.20607,1.20631,2.48,1.50
2012.11.02 01:11:53.458,1.2061,1.20632,1.73,2.25
2012.11.02 01:11:55.657,1.2061,1.20632,1.50,2.39
2012.11.02 01:11:57.586,1.2061,1.20632,1.73,2.25
2012.11.02 01:11:58.007,1.2061,1.20632,1.73,2.25
2012.11.02 01:11:58.126,1.2061,1.20632,1.73,1.50
2012.11.02 01:11:58.428,1.20611,1.20635,1.73,1.88
2012.11.02 01:12:00.969,1.20611,1.20635,2.48,1.50
2012.11.02 01:12:04.767,1.20611,1.20635,2.48,2.63
2012.11.02 01:12:05.422,1.20611,1.20635,1.73,2.63
2012.11.02 01:12:09.968,1.20611,1.20635,1.73,2.63
2012.11.02 01:12:10.647,1.20611,1.20635,1.73,2.63
2012.11.02 01:12:11.016,1.20609,1.20633,1.50,2.25
2012.11.02 01:12:11.856,1.20608,1.2063,2.48,1.50
2012.11.02 01:12:12.486,1.20608,1.2063,2.48,1.50
2012.11.02 01:12:48.108,1.20608,1.2063,4.73,1.50
2012.11.02 01:12:49.735,1.20609,1.20632,2.63,3.75
2012.11.02 01:12:52.512,1.2061,1.20632,1.73,2.25
2012.11.02 01:12:56.338,1.2061,1.20632,1.50,2.25
2012.11.02 01:12:58.306,1.20609,1.20631,1.73,2.25
2012.11.02 01:13:38.325,1.20607,1.20631,3.23,1.50
2012.11.02 01:13:38.507,1.20607,1.20631,3.23,1.50
2012.11.02 01:13:39.745,1.20609,1.20633,2.25,2.25
2012.11.02 01:13:42.527,1.20609,1.20633,2.25,2.25
2012.11.02 01:13:43.231,1.20611,1.20633,1.73,2.25
2012.11.02 01:13:43.417,1.20611,1.20633,1.73,2.25
2012.11.02 01:13:52.413,1.20611,1.20633,1.73,2.25
2012.11.02 01:13:55.861,1.20611,1.20633,2.48,2.25
2012.11.02 01:13:56.308,1.20613,1.20635,2.48,2.25
2012.11.02 01:13:56.448,1.20611,1.20634,1.50,2.48
2012.11.02 01:13:56.778,1.20609,1.20633,2.25,2.48
2012.11.02 01:13:57.457,1.20607,1.20629,2.25,3.98
2012.11.02 01:14:01.007,1.20607,1.20629,1.50,2.85
2012.11.02 01:14:02.556,1.20607,1.20629,1.50,2.48
2012.11.02 01:14:03.558,1.20607,1.20628,1.50,2.10
2012.11.02 01:14:03.626,1.20604,1.20628,3.75,3.60
2012.11.02 01:14:06.576,1.20603,1.20625,2.25,1.50
2012.11.02 01:14:15.507,1.20618,1.20627,2.25,1.50
2012.11.02 01:14:15.758,1.20605,1.20625,1.50,1.50
2012.11.02 01:14:15.828,1.20621,1.20633,1.50,3.30
2012.11.02 01:14:15.897,1.20621,1.20633,3.75,3.30
2012.11.02 01:14:15.967,1.20606,1.20628,1.45,2.25
2012.11.02 01:14:16.567,1.20606,1.20629,1.50,1.73
2012.11.02 01:14:17.239,1.20606,1.20629,1.50,1.73
2012.11.02 01:14:19.677,1.20606,1.20628,1.50,2.25
2012.11.02 01:14:19.800,1.20605,1.20629,2.25,4.73
2012.11.02 01:14:20.658,1.20605,1.20621,2.25,1.13
2012.11.02 01:14:21.216,1.20599,1.20621,3.98,3.38
2012.11.02 01:14:21.777,1.20599,1.20622,2.25,1.88
2012.11.02 01:14:22.438,1.20599,1.20622,2.25,1.50
2012.11.02 01:14:22.998,1.20599,1.20623,2.25,1.50
2012.11.02 01:14:24.896,1.20603,1.20626,1.50,3.00
2012.11.02 01:14:24.957,1.20603,1.20628,3.98,1.73
2012.11.02 01:14:39.855,1.20606,1.20628,1.50,3.98
2012.11.02 01:14:40.039,1.20606,1.20628,1.50,3.60
2012.11.02 01:14:40.107,1.20606,1.20627,1.50,1.35
2012.11.02 01:14:40.228,1.20606,1.20628,1.50,3.92
2012.11.02 01:14:40.297,1.20603,1.20625,2.48,1.50
2012.11.02 01:14:40.856,1.20603,1.20629,1.73,3.98
2012.11.02 01:14:42.097,1.20603,1.20628,1.73,1.50
2012.11.02 01:14:42.632,1.20603,1.20628,1.73,1.50
2012.11.02 01:14:43.550,1.20604,1.20626,2.25,2.25
2012.11.02 01:14:43.869,1.20602,1.20624,1.73,2.25
2012.11.02 01:14:44.057,1.20602,1.20624,2.48,1.50
2012.11.02 01:14:52.578,1.20602,1.20624,2.48,1.88
2012.11.02 01:14:53.323,1.20602,1.20624,2.48,2.24
2012.11.02 01:15:12.487,1.20602,1.20624,1.73,2.24
2012.11.02 01:15:13.880,1.20602,1.20624,1.73,1.86
2012.11.02 01:15:16.487,1.20604,1.20626,1.50,4.73
2012.11.02 01:15:17.084,1.20604,1.20624,1.50,1.13
2012.11.02 01:15:19.279,1.20604,1.20617,1.50,1.50
2012.11.02 01:15:19.887,1.20604,1.20622,1.50,1.50
2012.11.02 01:15:20.437,1.20603,1.20626,1.50,2.48
2012.11.02 01:15:22.518,1.20603,1.20626,1.50,1.90
2012.11.02 01:15:23.577,1.20603,1.20626,1.50,1.73
2012.11.02 01:15:23.887,1.20606,1.20628,2.25,2.63
2012.11.02 01:15:24.516,1.20606,1.20628,2.25,1.50
2012.11.02 01:15:32.477,1.20606,1.20628,2.25,1.50
2012.11.02 01:15:36.029,1.20607,1.20631,2.25,2.25
2012.11.02 01:15:47.856,1.20607,1.20631,2.25,1.84
2012.11.02 01:15:50.317,1.20607,1.20631,2.25,1.50
2012.11.02 01:15:52.455,1.20607,1.20631,2.25,1.84
2012.11.02 01:15:53.116,1.20607,1.20631,1.50,1.84
2012.11.02 01:15:54.228,1.20607,1.20631,1.50,2.44
2012.11.02 01:15:58.098,1.20607,1.20628,1.50,1.50
2012.11.02 01:16:00.238,1.20607,1.20629,1.50,1.73
2012.11.02 01:16:00.630,1.20607,1.20628,1.50,1.67
2012.11.02 01:16:00.937,1.20605,1.20628,2.25,1.90
2012.11.02 01:16:01.898,1.20602,1.20624,2.25,1.90
2012.11.02 01:16:02.446,1.20602,1.20626,2.48,1.84
2012.11.02 01:16:02.818,1.20602,1.20626,2.48,1.67
2012.11.02 01:16:03.347,1.20602,1.20627,2.48,2.10
2012.11.02 01:16:04.868,1.20605,1.20627,2.25,2.07
2012.11.02 01:16:05.457,1.20605,1.20627,2.25,3.00
2012.11.02 01:16:26.136,1.20605,1.20627,2.25,2.07
2012.11.02 01:16:26.196,1.20605,1.20629,2.25,3.57
2012.11.02 01:16:27.285,1.20605,1.20629,2.25,4.11
2012.11.02 01:16:29.625,1.20605,1.20629,2.25,2.24
2012.11.02 01:16:31.846,1.20607,1.20629,1.50,2.24
2012.11.02 01:16:32.026,1.20607,1.20629,1.50,1.73
2012.11.02 01:16:34.346,1.20607,1.20629,1.50,2.27
2012.11.02 01:16:40.336,1.20607,1.20627,1.50,2.07
2012.11.02 01:16:41.317,1.20607,1.20627,1.50,2.10
2012.11.02 01:16:41.912,1.20607,1.20627,1.50,2.27
2012.11.02 01:16:42.477,1.20607,1.20628,1.50,2.44
2012.11.02 01:16:44.756,1.20607,1.20627,1.50,1.84
2012.11.02 01:16:45.481,1.20607,1.20628,1.50,1.84
2012.11.02 01:16:46.343,1.20607,1.20628,1.50,1.84
2012.11.02 01:16:48.367,1.20607,1.20628,1.50,1.84
2012.11.02 01:16:49.126,1.20607,1.20627,1.50,1.84
2012.11.02 01:16:50.975,1.20607,1.20629,1.50,2.44
2012.11.02 01:16:51.537,1.20607,1.20629,1.50,2.44
2012.11.02 01:16:52.095,1.20607,1.20629,1.50,2.44
2012.11.02 01:16:54.717,1.20607,1.20629,1.50,2.82
2012.11.02 01:16:55.592,1.20607,1.20629,1.50,2.82
2012.11.02 01:16:59.896,1.20607,1.20629,1.50,2.10
2012.11.02 01:17:00.667,1.20607,1.20627,1.50,1.50
2012.11.02 01:17:01.565,1.20607,1.20629,1.50,2.10
2012.11.02 01:17:07.396,1.20605,1.20627,1.50,1.50
2012.11.02 01:17:08.149,1.20605,1.20627,1.50,3.23
2012.11.02 01:17:24.430,1.20605,1.20627,2.25,3.00
2012.11.02 01:17:25.587,1.20604,1.20629,3.00,3.75
2012.11.02 01:17:26.716,1.20604,1.20628,2.25,2.10
2012.11.02 01:17:27.626,1.20604,1.20628,2.25,3.23
2012.11.02 01:17:27.936,1.20602,1.20626,2.25,2.10
2012.11.02 01:17:27.996,1.20602,1.20626,2.25,2.10
2012.11.02 01:17:28.418,1.20604,1.20629,3.23,3.23
2012.11.02 01:17:47.149,1.20607,1.20629,1.50,1.88
2012.11.02 01:17:49.908,1.20607,1.20629,1.50,1.90
2012.11.02 01:17:50.497,1.20607,1.20629,1.50,4.15
2012.11.02 01:17:53.556,1.20607,1.20628,1.50,2.44
2012.11.02 01:17:54.326,1.20607,1.20628,1.50,2.27
2012.11.02 01:17:58.116,1.20607,1.20628,1.50,1.73
2012.11.02 01:17:58.762,1.20607,1.20627,1.50,1.50
2012.11.02 01:18:00.211,1.20607,1.20628,1.50,1.50
2012.11.02 01:18:02.587,1.20607,1.20627,1.50,1.50
2012.11.02 01:18:03.556,1.20607,1.20629,1.50,3.38
2012.11.02 01:18:28.435,1.20601,1.20629,3.98,1.50
2012.11.02 01:18:31.997,1.20601,1.2063,2.48,1.50
2012.11.02 01:18:33.765,1.20601,1.20629,3.98,1.50
2012.11.02 01:18:42.095,1.20601,1.2063,1.73,1.50
2012.11.02 01:18:42.899,1.20601,1.2063,1.73,1.50
2012.11.02 01:18:46.876,1.20601,1.20629,3.23,1.50
2012.11.02 01:18:48.085,1.20601,1.2063,1.73,1.50
2012.11.02 01:18:50.600,1.20603,1.20627,2.48,1.50
2012.11.02 01:19:14.766,1.20605,1.20627,2.25,2.10
2012.11.02 01:19:17.277,1.20605,1.20627,2.25,2.10
2012.11.02 01:19:47.547,1.20602,1.20626,3.23,1.50
2012.11.02 01:19:51.597,1.20602,1.20626,2.48,2.05
2012.11.02 01:19:52.176,1.20602,1.20626,2.48,1.88
2012.11.02 01:19:56.566,1.20602,1.20626,2.48,2.05
2012.11.02 01:19:57.596,1.20601,1.20623,2.48,1.50
2012.11.02 01:19:59.997,1.20603,1.20625,2.48,1.50
2012.11.02 01:20:00.056,1.20605,1.20627,2.25,1.50
2012.11.02 01:20:00.180,1.20602,1.20624,2.48,1.50
2012.11.02 01:20:00.307,1.206,1.20626,3.00,1.50
2012.11.02 01:20:00.367,1.206,1.20624,2.25,2.25
2012.11.02 01:20:01.047,1.20602,1.20627,2.48,1.50
2012.11.02 01:20:02.066,1.20602,1.20627,2.25,2.85
2012.11.02 01:20:02.626,1.20601,1.20623,2.25,1.50
2012.11.02 01:20:03.168,1.20601,1.20623,1.50,1.50
2012.11.02 01:20:03.497,1.20602,1.20627,2.48,1.88
2012.11.02 01:20:09.258,1.20605,1.20627,2.25,3.23
2012.11.02 01:20:12.497,1.20605,1.20627,2.25,1.73
2012.11.02 01:20:14.001,1.20605,1.20627,2.25,1.50
2012.11.02 01:20:14.546,1.20602,1.20626,2.48,1.79
2012.11.02 01:20:14.877,1.20601,1.20624,2.48,1.50
2012.11.02 01:20:15.567,1.206,1.20624,3.23,1.50
2012.11.02 01:20:22.477,1.206,1.20624,3.23,1.50
2012.11.02 01:20:32.506,1.206,1.20624,3.23,3.29
2012.11.02 01:20:52.506,1.206,1.20624,3.23,1.50
2012.11.02 01:21:14.821,1.206,1.20625,1.73,1.79
2012.11.02 01:21:23.715,1.206,1.20625,1.73,1.79
2012.11.02 01:21:24.325,1.206,1.20626,1.73,1.88
2012.11.02 01:21:30.415,1.206,1.20625,1.73,1.50
2012.11.02 01:21:38.615,1.206,1.20626,1.73,1.88
2012.11.02 01:21:39.207,1.20601,1.20625,1.73,1.50
2012.11.02 01:21:39.756,1.20601,1.20627,1.73,2.48
2012.11.02 01:21:40.307,1.20602,1.20626,2.48,1.50
2012.11.02 01:21:42.487,1.20602,1.20626,2.48,1.50
2012.11.02 01:21:46.537,1.20602,1.20626,2.48,1.50
2012.11.02 01:21:46.846,1.20602,1.20626,4.50,1.50
2012.11.02 01:21:54.031,1.20603,1.20626,2.78,1.50
2012.11.02 01:21:54.278,1.20602,1.20626,2.25,2.48
2012.11.02 01:21:54.349,1.20601,1.20623,3.00,1.50
2012.11.02 01:21:54.481,1.20601,1.20623,3.23,1.50
2012.11.02 01:21:54.546,1.20601,1.20623,3.00,1.50
2012.11.02 01:21:54.608,1.20601,1.20623,3.00,2.25
2012.11.02 01:21:54.989,1.20603,1.20625,1.73,3.29
2012.11.02 01:21:55.328,1.20605,1.20625,1.50,1.04
2012.11.02 01:21:55.673,1.20605,1.20625,1.50,1.04
2012.11.02 01:21:55.798,1.20605,1.20626,1.50,1.79
2012.11.02 01:21:56.438,1.20605,1.20626,1.50,1.50
2012.11.02 01:21:58.037,1.20603,1.20625,1.73,1.50
2012.11.02 01:21:58.396,1.20603,1.20625,2.48,1.79
2012.11.02 01:22:00.456,1.20603,1.20625,2.48,1.50
2012.11.02 01:22:03.376,1.20603,1.20625,2.48,1.79
2012.11.02 01:22:04.388,1.20603,1.20625,2.48,1.50
2012.11.02 01:22:04.908,1.20604,1.20626,2.25,2.10
2012.11.02 01:22:17.998,1.20604,1.20627,2.25,1.73
2012.11.02 01:22:34.872,1.20604,1.20626,2.25,2.48
2012.11.02 01:22:35.206,1.20603,1.20625,2.25,2.25
2012.11.02 01:22:35.339,1.20603,1.20622,1.50,1.50
2012.11.02 01:22:35.767,1.20603,1.20625,2.25,2.48
2012.11.02 01:22:36.457,1.20603,1.20625,2.25,1.73
2012.11.02 01:22:37.428,1.20603,1.20625,2.25,2.01
2012.11.02 01:22:38.487,1.20603,1.20625,2.25,2.01
2012.11.02 01:22:40.416,1.20603,1.20625,2.25,2.01
2012.11.02 01:22:41.020,1.20603,1.20625,2.25,1.73
2012.11.02 01:22:52.437,1.20603,1.20625,2.25,2.01
2012.11.02 01:23:02.388,1.20603,1.20625,2.25,1.90
2012.11.02 01:23:03.271,1.20603,1.20625,2.25,1.90
2012.11.02 01:23:04.598,1.20605,1.20627,2.25,4.32
2012.11.02 01:23:05.136,1.20603,1.20625,2.25,2.27
2012.11.02 01:23:05.904,1.20603,1.20625,2.25,1.90
2012.11.02 01:23:06.371,1.20603,1.20625,2.25,2.01
2012.11.02 01:23:06.937,1.20603,1.20625,2.25,2.29
2012.11.02 01:23:09.528,1.20603,1.20625,2.25,2.29
2012.11.02 01:23:10.087,1.20603,1.20625,2.25,2.29
2012.11.02 01:23:10.626,1.20603,1.20625,2.25,2.29
2012.11.02 01:23:12.091,1.20603,1.20625,2.25,2.29
2012.11.02 01:23:12.673,1.20603,1.20625,2.25,2.29
2012.11.02 01:23:13.617,1.20603,1.20625,2.25,2.10
2012.11.02 01:23:14.657,1.20603,1.20625,2.25,1.73
2012.11.02 01:23:19.575,1.20604,1.20627,2.25,2.10
2012.11.02 01:23:19.887,1.20603,1.20622,2.25,1.50
2012.11.02 01:23:20.768,1.20603,1.20625,2.25,2.48
2012.11.02 01:23:20.907,1.20603,1.20625,2.25,1.73
2012.11.02 01:23:22.469,1.20605,1.20626,2.25,1.73
2012.11.02 01:23:28.316,1.20605,1.20627,2.25,3.23
2012.11.02 01:23:30.216,1.20605,1.20626,2.25,1.50
2012.11.02 01:23:30.866,1.20605,1.20627,2.25,3.23
2012.11.02 01:23:31.947,1.20605,1.20626,3.75,1.50
2012.11.02 01:23:32.459,1.20605,1.20626,1.50,1.50
2012.11.02 01:23:38.596,1.20606,1.20629,2.25,2.48
2012.11.02 01:23:43.358,1.20606,1.20629,2.25,2.48
2012.11.02 01:23:43.737,1.20604,1.20625,1.50,1.50
2012.11.02 01:23:43.917,1.20604,1.20625,2.25,1.73
2012.11.02 01:23:44.474,1.20606,1.20629,2.25,3.23
2012.11.02 01:23:46.857,1.20606,1.20627,2.25,1.26
2012.11.02 01:23:47.107,1.20605,1.20624,1.50,1.50
2012.11.02 01:23:47.229,1.20602,1.20625,1.73,1.13
2012.11.02 01:23:50.278,1.20603,1.20624,1.50,1.50
2012.11.02 01:23:50.338,1.20605,1.20624,1.50,1.50
2012.11.02 01:23:51.271,1.20605,1.20626,2.25,2.10
2012.11.02 01:23:51.457,1.20605,1.20627,2.25,1.73
2012.11.02 01:23:51.898,1.20604,1.20629,2.25,4.73
2012.11.02 01:23:52.269,1.20607,1.20632,1.50,2.85
2012.11.02 01:23:52.588,1.20607,1.20631,1.50,1.73
2012.11.02 01:23:53.997,1.20607,1.20632,1.50,3.98
2012.11.02 01:23:55.108,1.20608,1.20629,2.25,1.73
2012.11.02 01:23:55.418,1.20606,1.20628,2.25,1.73
2012.11.02 01:23:56.970,1.20606,1.20628,2.25,2.29
2012.11.02 01:23:57.538,1.20606,1.20628,2.25,1.50
2012.11.02 01:23:59.307,1.20609,1.20627,2.25,1.50
2012.11.02 01:24:02.858,1.20609,1.20628,2.25,1.50
2012.11.02 01:24:09.027,1.20609,1.20627,2.25,1.50
2012.11.02 01:24:09.778,1.20609,1.2063,2.25,1.88
2012.11.02 01:24:10.326,1.20609,1.20631,2.25,1.50
2012.11.02 01:24:10.861,1.20609,1.20631,2.25,2.05
2012.11.02 01:24:12.460,1.20609,1.20631,2.25,2.22
2012.11.02 01:24:12.657,1.20609,1.20631,2.25,3.89
2012.11.02 01:24:16.297,1.20609,1.20631,2.25,2.39
2012.11.02 01:24:20.537,1.20609,1.20631,2.25,3.89
2012.11.02 01:24:21.757,1.20609,1.20631,2.25,2.39
2012.11.02 01:24:24.028,1.20609,1.20631,2.25,3.94
2012.11.02 01:24:24.108,1.20609,1.20631,2.25,2.27
2012.11.02 01:24:25.557,1.20609,1.20631,2.25,4.17
2012.11.02 01:24:26.748,1.20609,1.20631,2.25,2.39
2012.11.02 01:24:28.077,1.20609,1.20631,2.25,3.66
2012.11.02 01:24:29.746,1.20609,1.20631,2.25,2.39
2012.11.02 01:24:30.303,1.20609,1.20631,2.25,4.26
2012.11.02 01:24:31.917,1.20609,1.2063,2.25,2.39
2012.11.02 01:24:32.458,1.20609,1.2063,2.25,2.01
2012.11.02 01:24:33.548,1.20609,1.2063,2.25,2.76
2012.11.02 01:24:35.398,1.20609,1.2063,2.25,1.79
2012.11.02 01:24:35.947,1.20609,1.20629,2.25,1.79
2012.11.02 01:24:37.378,1.20609,1.2063,2.25,1.79
2012.11.02 01:24:39.517,1.20609,1.20629,2.25,1.79
2012.11.02 01:24:43.538,1.20609,1.2063,2.25,1.79
2012.11.02 01:24:45.767,1.20609,1.20629,2.25,1.79
2012.11.02 01:24:46.392,1.20609,1.2063,2.25,1.79
2012.11.02 01:24:49.970,1.20609,1.20629,2.25,1.79
2012.11.02 01:24:50.510,1.20609,1.2063,2.25,1.79
2012.11.02 01:24:52.917,1.20609,1.20629,2.25,1.79
2012.11.02 01:24:53.488,1.20609,1.2063,2.25,1.79
2012.11.02 01:24:54.251,1.20609,1.2063,2.25,1.88
2012.11.02 01:24:54.857,1.20609,1.2063,2.25,2.16
2012.11.02 01:24:57.168,1.20609,1.20629,2.25,1.79
2012.11.02 01:24:59.093,1.20609,1.2063,2.25,1.88
2012.11.02 01:24:59.636,1.20608,1.20633,2.25,4.50
2012.11.02 01:25:00.196,1.20608,1.20632,2.25,1.88
2012.11.02 01:25:05.887,1.20611,1.20626,2.25,3.75
2012.11.02 01:25:06.189,1.20605,1.20622,1.50,1.88
2012.11.02 01:25:06.508,1.20603,1.20621,1.50,1.50
2012.11.02 01:25:07.058,1.20602,1.20621,1.50,1.50
2012.11.02 01:25:12.408,1.20602,1.20623,2.25,2.48
2012.11.02 01:25:13.639,1.20602,1.20622,2.25,1.50
2012.11.02 01:25:14.188,1.20602,1.20624,2.25,3.38
2012.11.02 01:25:14.927,1.20602,1.20623,2.25,1.11
2012.11.02 01:25:21.287,1.20602,1.20623,2.25,1.86
2012.11.02 01:25:21.791,1.20602,1.20623,2.25,1.11
2012.11.02 01:25:21.928,1.206,1.20623,2.48,1.86
2012.11.02 01:25:21.999,1.206,1.20623,2.48,1.86
2012.11.02 01:25:22.548,1.20602,1.20624,2.25,1.50
2012.11.02 01:25:22.948,1.20602,1.20626,2.25,4.35
2012.11.02 01:25:23.479,1.20608,1.20625,2.40,1.50
2012.11.02 01:25:23.548,1.20608,1.2063,2.40,4.58
2012.11.02 01:25:24.108,1.20608,1.2063,2.40,3.98
2012.11.02 01:25:24.499,1.20608,1.20627,2.40,1.50
2012.11.02 01:25:25.525,1.20608,1.20629,2.40,1.35
2012.11.02 01:25:26.037,1.20608,1.20628,2.40,1.35
2012.11.02 01:25:26.591,1.20608,1.2063,2.40,3.60
2012.11.02 01:25:26.977,1.20606,1.20628,1.50,1.73
2012.11.02 01:25:27.099,1.20606,1.20629,2.25,1.26
2012.11.02 01:25:27.469,1.20608,1.20632,1.50,1.88
2012.11.02 01:25:38.578,1.2061,1.20632,2.25,1.88
2012.11.02 01:25:39.864,1.2061,1.20632,2.25,1.50
2012.11.02 01:25:40.990,1.2061,1.20632,2.25,1.88
2012.11.02 01:25:41.299,1.20609,1.20631,2.25,1.35
2012.11.02 01:25:41.670,1.20606,1.20627,1.50,3.38
2012.11.02 01:25:41.934,1.20609,1.20628,1.50,2.63
2012.11.02 01:25:42.249,1.20608,1.20632,1.58,2.48
2012.11.02 01:25:42.320,1.20608,1.20632,1.58,2.25
2012.11.02 01:25:42.449,1.20608,1.20632,1.50,1.50
2012.11.02 01:25:43.853,1.20612,1.2063,2.25,2.25
2012.11.02 01:25:44.039,1.20612,1.2063,2.25,1.13
2012.11.02 01:25:44.298,1.20609,1.20629,1.50,1.50
2012.11.02 01:25:47.039,1.20609,1.20629,1.50,2.25
2012.11.02 01:25:49.859,1.20609,1.20629,1.50,1.50
2012.11.02 01:25:50.049,1.20609,1.20629,3.23,1.50
2012.11.02 01:25:50.239,1.20607,1.20629,2.48,1.50
2012.11.02 01:25:50.781,1.20607,1.20629,2.48,1.50
2012.11.02 01:25:52.489,1.20607,1.20629,2.48,1.50
2012.11.02 01:26:04.039,1.20609,1.20631,2.25,1.13
2012.11.02 01:26:04.227,1.20609,1.20633,2.25,3.00
2012.11.02 01:26:10.628,1.20609,1.20631,2.25,1.50
2012.11.02 01:26:11.828,1.20609,1.20632,2.25,1.50
2012.11.02 01:26:12.139,1.20609,1.20632,2.25,1.35
2012.11.02 01:26:14.030,1.20607,1.20629,1.73,1.73
2012.11.02 01:26:14.099,1.20605,1.2063,1.50,3.00
2012.11.02 01:26:14.231,1.20605,1.2063,3.00,1.50
2012.11.02 01:26:14.302,1.20608,1.20632,2.18,1.50
2012.11.02 01:26:16.968,1.2061,1.20632,2.25,1.88
2012.11.02 01:26:17.114,1.2061,1.20632,2.25,2.10
2012.11.02 01:26:17.488,1.2061,1.20632,2.25,1.88
2012.11.02 01:26:18.037,1.2061,1.20632,2.25,1.50
2012.11.02 01:26:22.579,1.2061,1.20632,2.25,1.50
2012.11.02 01:26:27.707,1.2061,1.20632,2.25,1.73
2012.11.02 01:26:27.771,1.2061,1.20629,2.25,1.50
2012.11.02 01:26:31.027,1.2061,1.2063,2.25,1.50
2012.11.02 01:26:31.949,1.2061,1.20629,2.25,1.50
2012.11.02 01:26:32.607,1.2061,1.20629,2.25,1.50
2012.11.02 01:26:37.868,1.2061,1.20631,2.25,1.73
2012.11.02 01:26:38.169,1.2061,1.20631,2.25,2.70
2012.11.02 01:26:40.479,1.20607,1.20628,2.93,1.73
2012.11.02 01:26:41.009,1.20607,1.20629,4.43,1.50
2012.11.02 01:26:44.810,1.2061,1.2063,2.25,1.73
2012.11.02 01:26:51.955,1.2061,1.20631,2.25,5.48
2012.11.02 01:26:52.291,1.20607,1.20627,3.68,2.85
2012.11.02 01:26:59.077,1.20607,1.20627,2.85,2.07
2012.11.02 01:26:59.687,1.20607,1.20627,2.85,2.44
2012.11.02 01:27:02.177,1.20607,1.20627,2.85,2.07
2012.11.02 01:27:03.040,1.20607,1.20628,1.28,1.73
2012.11.02 01:27:03.357,1.20607,1.20631,1.28,1.35
2012.11.02 01:27:03.897,1.20607,1.20625,2.40,1.50
2012.11.02 01:27:03.967,1.2061,1.20631,2.25,3.98
2012.11.02 01:27:04.516,1.2061,1.20631,2.25,1.73
2012.11.02 01:27:06.790,1.20607,1.20627,3.30,1.73
2012.11.02 01:27:07.408,1.20607,1.20626,1.80,1.50
2012.11.02 01:27:08.172,1.20607,1.20627,1.80,3.23
2012.11.02 01:27:09.938,1.20607,1.20626,1.80,1.50
2012.11.02 01:27:11.940,1.20607,1.20627,1.80,3.00
2012.11.02 01:27:12.499,1.20607,1.20627,1.50,1.50
2012.11.02 01:27:13.168,1.20607,1.2063,1.73,1.73
2012.11.02 01:27:21.787,1.20608,1.20629,3.23,2.48
2012.11.02 01:27:22.548,1.20606,1.20626,1.73,2.10
2012.11.02 01:27:32.618,1.20608,1.20626,1.88,2.10
2012.11.02 01:27:34.609,1.20607,1.20628,1.73,4.35
2012.11.02 01:27:34.858,1.20607,1.20626,1.50,1.50
2012.11.02 01:27:34.919,1.20606,1.20629,2.25,1.73
2012.11.02 01:27:42.458,1.20608,1.20629,2.25,1.73
2012.11.02 01:27:52.527,1.20608,1.20629,2.25,1.73
2012.11.02 01:28:02.287,1.20608,1.2063,2.25,3.00
2012.11.02 01:28:04.507,1.20607,1.20629,2.25,1.50
2012.11.02 01:28:05.350,1.20607,1.2063,2.25,1.50
2012.11.02 01:28:10.907,1.2061,1.20631,2.25,1.50
2012.11.02 01:28:12.668,1.2061,1.2063,2.25,1.50
2012.11.02 01:28:17.127,1.2061,1.20631,2.25,1.73
2012.11.02 01:28:20.717,1.2061,1.20631,2.25,2.48
2012.11.02 01:28:21.357,1.2061,1.20631,2.25,1.73
2012.11.02 01:28:22.379,1.2061,1.20631,2.25,1.73
2012.11.02 01:28:30.757,1.2061,1.20628,2.25,1.50
2012.11.02 01:28:32.040,1.2061,1.20629,2.25,1.50
2012.11.02 01:28:40.010,1.2061,1.20628,2.25,1.50
2012.11.02 01:28:42.148,1.2061,1.20629,2.25,1.50
2012.11.02 01:28:42.696,1.2061,1.20628,2.25,1.50
2012.11.02 01:28:43.297,1.2061,1.20629,2.25,1.50
2012.11.02 01:28:47.821,1.2061,1.20628,2.25,1.50
2012.11.02 01:28:51.667,1.2061,1.20629,2.25,1.50
2012.11.02 01:28:52.279,1.2061,1.20628,2.25,1.50
2012.11.02 01:28:58.107,1.2061,1.20629,2.25,1.50
2012.11.02 01:28:59.147,1.2061,1.20628,2.25,1.50
2012.11.02 01:29:00.029,1.2061,1.20629,2.25,1.50
2012.11.02 01:29:00.628,1.2061,1.20631,2.25,1.50
2012.11.02 01:29:01.618,1.2061,1.2063,2.25,1.50
2012.11.02 01:29:02.457,1.20607,1.2063,3.90,1.50
2012.11.02 01:29:09.551,1.20607,1.20631,2.40,1.73
2012.11.02 01:29:10.677,1.20607,1.20628,2.40,1.50
2012.11.02 01:29:11.222,1.20607,1.20629,2.40,1.50
2012.11.02 01:29:12.287,1.20607,1.20637,3.15,1.65
2012.11.02 01:29:12.848,1.2061,1.20635,1.50,1.50
2012.11.02 01:29:16.758,1.20611,1.20634,2.25,1.50
2012.11.02 01:29:26.330,1.20611,1.20635,2.25,1.50
2012.11.02 01:29:32.348,1.20611,1.20635,2.25,1.50
2012.11.02 01:29:42.428,1.20611,1.20635,2.25,1.73
2012.11.02 01:29:42.973,1.20611,1.20635,2.25,1.50
2012.11.02 01:29:44.828,1.20611,1.20635,2.25,1.50
2012.11.02 01:29:46.438,1.20611,1.20634,2.25,1.88
2012.11.02 01:29:47.846,1.20609,1.20632,2.25,1.50
2012.11.02 01:29:48.491,1.20609,1.20633,2.25,3.00
2012.11.02 01:29:50.165,1.20609,1.20632,2.25,1.50
2012.11.02 01:29:50.675,1.20609,1.20633,2.25,3.00
2012.11.02 01:29:51.218,1.2061,1.20632,1.50,1.50
2012.11.02 01:29:51.399,1.2061,1.20634,1.50,1.73
2012.11.02 01:29:52.470,1.20612,1.20634,2.25,1.73
2012.11.02 01:30:01.738,1.20612,1.20634,2.25,1.88
2012.11.02 01:30:02.398,1.20612,1.20634,2.25,1.50
2012.11.02 01:30:03.002,1.20612,1.20634,2.25,1.50
2012.11.02 01:30:03.341,1.20612,1.20634,2.25,3.23
2012.11.02 01:30:06.279,1.20606,1.20629,1.50,1.50
2012.11.02 01:30:06.707,1.20608,1.2063,2.25,2.10
2012.11.02 01:30:06.827,1.20608,1.2063,2.25,1.88
2012.11.02 01:30:12.557,1.20608,1.2063,2.25,1.50
2012.11.02 01:30:15.528,1.20606,1.20632,4.28,3.23
2012.11.02 01:30:35.550,1.2061,1.20632,2.48,1.50
2012.11.02 01:30:35.799,1.20608,1.20634,2.48,1.50
2012.11.02 01:30:36.364,1.2061,1.20635,1.73,1.50
2012.11.02 01:30:36.907,1.2061,1.20635,1.73,1.73
2012.11.02 01:30:37.455,1.2061,1.20635,1.50,1.73
2012.11.02 01:30:37.880,1.2061,1.20635,1.50,1.73
2012.11.02 01:30:39.059,1.2061,1.20635,1.50,1.73
2012.11.02 01:30:42.028,1.20611,1.20635,2.25,1.50
2012.11.02 01:30:42.472,1.20611,1.20635,2.25,1.50
2012.11.02 01:30:55.070,1.20613,1.20636,2.25,1.50
2012.11.02 01:30:55.868,1.20613,1.20637,2.25,1.65
2012.11.02 01:31:17.078,1.20613,1.20636,2.25,1.50
2012.11.02 01:31:18.118,1.20613,1.20637,2.25,3.00
2012.11.02 01:31:22.537,1.20613,1.20637,2.25,1.50
2012.11.02 01:31:31.428,1.20613,1.20636,2.25,1.50
2012.11.02 01:31:37.240,1.20613,1.20637,2.25,3.15
2012.11.02 01:31:39.722,1.20613,1.20637,1.50,3.15
2012.11.02 01:31:40.218,1.20615,1.20639,3.23,3.15
2012.11.02 01:31:40.767,1.20622,1.20646,2.25,3.38
2012.11.02 01:31:41.318,1.20614,1.20638,2.25,1.65
2012.11.02 01:31:41.438,1.20614,1.20638,2.25,1.65
2012.11.02 01:31:52.498,1.20614,1.20638,2.25,1.65
2012.11.02 01:32:32.598,1.20614,1.20638,2.25,1.65
2012.11.02 01:32:42.126,1.20611,1.2064,2.25,1.13
2012.11.02 01:32:42.736,1.20611,1.2064,2.25,1.13
2012.11.02 01:33:22.457,1.20608,1.20639,3.98,2.78
2012.11.02 01:33:32.158,1.2061,1.20638,2.48,2.48
2012.11.02 01:33:32.966,1.20609,1.20639,2.48,3.23
2012.11.02 01:33:37.205,1.2061,1.20638,2.48,2.48
2012.11.02 01:33:37.768,1.20609,1.20639,3.23,3.23
2012.11.02 01:33:43.868,1.20609,1.20639,1.73,3.00
2012.11.02 01:33:44.410,1.2061,1.20636,1.50,1.50
2012.11.02 01:33:52.448,1.20612,1.20636,2.25,1.50
2012.11.02 01:34:02.548,1.20612,1.20636,2.25,1.50
2012.11.02 01:34:22.334,1.20612,1.20636,2.25,1.50
2012.11.02 01:34:44.069,1.20608,1.20637,2.25,1.65
2012.11.02 01:34:52.418,1.20606,1.20638,4.13,1.65
2012.11.02 01:35:12.458,1.20607,1.20638,2.25,1.88
2012.11.02 01:35:22.517,1.20606,1.2064,2.25,1.50
2012.11.02 01:35:26.551,1.20611,1.20633,2.25,1.50
2012.11.02 01:35:26.620,1.20611,1.20633,2.25,1.50
2012.11.02 01:35:27.170,1.20611,1.20633,2.25,1.88
2012.11.02 01:35:27.679,1.20611,1.20633,2.25,1.50
2012.11.02 01:35:44.049,1.20613,1.20635,2.25,1.50
2012.11.02 01:35:50.120,1.20614,1.20638,1.73,3.15
2012.11.02 01:35:50.679,1.20614,1.20638,1.73,1.65
2012.11.02 01:36:02.422,1.20614,1.20638,1.73,1.65
2012.11.02 01:36:20.298,1.20614,1.20638,1.73,1.65
2012.11.02 01:37:56.070,1.20613,1.2064,1.35,1.65
2012.11.02 01:37:56.378,1.20612,1.20644,2.61,1.28
2012.11.02 01:37:56.918,1.20621,1.20645,1.50,2.03
2012.11.02 01:37:59.728,1.20616,1.20639,1.50,1.88
2012.11.02 01:38:00.229,1.20615,1.20637,3.00,1.50
2012.11.02 01:38:09.541,1.20615,1.20637,1.73,1.50
2012.11.02 01:38:38.679,1.20615,1.20637,2.48,1.50
2012.11.02 01:38:43.552,1.20615,1.20637,3.23,1.50
2012.11.02 01:38:45.340,1.20615,1.20637,2.48,1.50
2012.11.02 01:38:45.900,1.20615,1.20637,2.48,1.50
2012.11.02 01:38:46.370,1.20615,1.20637,2.48,3.75
2012.11.02 01:38:46.871,1.20615,1.20634,1.50,3.60
2012.11.02 01:38:47.001,1.20608,1.20632,2.25,2.48
2012.11.02 01:38:47.446,1.20608,1.20633,1.50,2.25
2012.11.02 01:38:47.989,1.20608,1.20633,1.50,1.50
2012.11.02 01:38:48.730,1.2061,1.20634,1.50,1.50
2012.11.02 01:38:52.603,1.20612,1.20634,2.25,1.73
2012.11.02 01:38:54.800,1.2061,1.20632,3.75,1.50
2012.11.02 01:38:58.671,1.20612,1.20634,2.25,3.23
2012.11.02 01:39:02.402,1.20612,1.20636,3.00,1.50
2012.11.02 01:39:02.471,1.20612,1.20636,3.00,1.50
2012.11.02 01:39:42.929,1.20612,1.20635,2.25,1.50
2012.11.02 01:39:52.539,1.20611,1.20635,2.25,1.50
2012.11.02 01:40:02.539,1.20611,1.20635,2.25,1.50
2012.11.02 01:40:05.959,1.20613,1.20636,1.50,1.50
2012.11.02 01:40:06.505,1.20613,1.20637,1.50,2.03
2012.11.02 01:40:25.713,1.20613,1.20637,1.73,1.50
2012.11.02 01:40:26.269,1.20613,1.20637,1.50,1.50
2012.11.02 01:40:26.389,1.20613,1.20637,1.50,2.25
2012.11.02 01:40:26.918,1.20611,1.20635,3.75,1.50
2012.11.02 01:40:32.561,1.20611,1.20635,2.25,3.08
2012.11.02 01:40:34.190,1.20611,1.20635,2.25,3.30
2012.11.02 01:40:36.211,1.20611,1.20635,2.25,3.08
2012.11.02 01:40:42.340,1.20611,1.20635,2.25,1.58
2012.11.02 01:40:59.203,1.20611,1.20635,2.25,2.18
2012.11.02 01:40:59.389,1.20611,1.20635,2.25,2.18
2012.11.02 01:40:59.650,1.20611,1.20635,2.25,1.95
2012.11.02 01:40:59.719,1.20611,1.20631,2.25,1.50
2012.11.02 01:40:59.840,1.20611,1.20634,2.25,1.88
2012.11.02 01:41:02.471,1.20611,1.20635,1.50,3.38
2012.11.02 01:41:04.822,1.20611,1.20635,1.50,3.38
2012.11.02 01:41:04.888,1.20611,1.20633,1.50,1.50
2012.11.02 01:41:20.902,1.20611,1.20632,1.50,1.50
2012.11.02 01:41:23.790,1.20611,1.20631,1.50,1.50
2012.11.02 01:41:24.863,1.20611,1.20632,1.50,1.50
2012.11.02 01:41:29.828,1.20611,1.20633,1.50,3.00
2012.11.02 01:41:57.386,1.20611,1.20633,1.50,3.12
2012.11.02 01:41:57.940,1.20611,1.20633,1.50,1.62
2012.11.02 01:41:58.527,1.20611,1.20633,1.50,3.12
2012.11.02 01:41:59.282,1.20611,1.20633,1.50,1.62
2012.11.02 01:42:01.038,1.20611,1.20633,1.50,3.12
2012.11.02 01:42:01.989,1.20611,1.20633,1.50,1.62
2012.11.02 01:42:03.170,1.20611,1.20633,1.50,3.12
2012.11.02 01:42:03.693,1.20611,1.20633,1.50,1.62
2012.11.02 01:42:05.688,1.20611,1.20633,1.50,3.12
2012.11.02 01:42:06.370,1.20605,1.20633,2.48,1.62
2012.11.02 01:42:06.999,1.20604,1.20634,3.23,1.99
2012.11.02 01:42:08.448,1.20604,1.20634,3.23,2.22
2012.11.02 01:42:08.808,1.20604,1.20632,3.23,2.48
2012.11.02 01:42:08.872,1.20606,1.20628,1.50,1.73
2012.11.02 01:42:12.213,1.20606,1.2063,2.25,4.50
2012.11.02 01:42:12.339,1.20607,1.20629,1.50,1.50
2012.11.02 01:42:13.138,1.20609,1.2063,2.25,1.50
2012.11.02 01:42:13.999,1.20609,1.20629,2.25,1.50
2012.11.02 01:42:14.660,1.20609,1.2063,2.25,1.50
2012.11.02 01:42:15.210,1.20609,1.20629,2.25,1.50
2012.11.02 01:42:15.722,1.20609,1.2063,2.25,1.50
2012.11.02 01:42:16.827,1.20609,1.20629,2.25,1.50
2012.11.02 01:42:17.330,1.20609,1.2063,2.25,1.50
2012.11.02 01:42:21.059,1.20609,1.20631,2.25,3.00
2012.11.02 01:42:21.620,1.20609,1.20631,2.25,3.12
2012.11.02 01:42:23.114,1.20609,1.2063,2.25,1.62
2012.11.02 01:42:23.629,1.20609,1.20631,2.25,3.49
2012.11.02 01:42:24.239,1.20609,1.2063,2.25,1.62
2012.11.02 01:42:28.399,1.20609,1.2063,2.25,1.50
2012.11.02 01:42:31.461,1.20609,1.20631,2.25,3.38
2012.11.02 01:42:32.636,1.20609,1.2063,2.25,1.50
2012.11.02 01:42:33.165,1.20609,1.20631,2.25,3.38
2012.11.02 01:42:33.680,1.20609,1.2063,2.25,1.88
2012.11.02 01:42:36.499,1.20609,1.20631,2.25,3.38
2012.11.02 01:42:37.510,1.20609,1.20631,2.25,3.60
2012.11.02 01:42:42.429,1.20609,1.20629,2.25,1.73
2012.11.02 01:42:49.842,1.20609,1.20628,2.25,2.25
2012.11.02 01:42:50.231,1.20605,1.20627,1.50,3.60
2012.11.02 01:42:50.540,1.20606,1.20628,1.50,3.23
2012.11.02 01:42:50.880,1.20608,1.20631,1.50,3.60
2012.11.02 01:42:51.075,1.20608,1.20631,1.50,2.10
2012.11.02 01:42:52.001,1.2061,1.20631,2.25,1.73
2012.11.02 01:42:52.614,1.2061,1.20632,2.25,1.50
2012.11.02 01:43:02.880,1.20612,1.20631,1.50,1.50
2012.11.02 01:43:08.029,1.20612,1.2063,1.50,1.50
2012.11.02 01:43:08.591,1.20612,1.20631,1.50,1.88
2012.11.02 01:43:09.291,1.20612,1.2063,1.50,1.50
2012.11.02 01:43:10.064,1.20612,1.20631,1.50,1.88
2012.11.02 01:43:10.739,1.20612,1.2063,1.50,1.50
2012.11.02 01:43:13.755,1.20612,1.20632,1.50,3.00
2012.11.02 01:43:17.037,1.20612,1.20631,1.50,1.50
2012.11.02 01:43:17.559,1.20612,1.20632,1.50,3.00
2012.11.02 01:43:18.959,1.20612,1.20631,1.50,1.50
2012.11.02 01:43:19.628,1.20612,1.20632,1.50,3.00
2012.11.02 01:43:20.140,1.20612,1.20631,1.50,1.50
2012.11.02 01:43:20.790,1.20612,1.20632,1.50,1.50
2012.11.02 01:43:37.489,1.20612,1.20632,1.73,1.50
2012.11.02 01:43:37.791,1.20612,1.20632,3.00,1.50
2012.11.02 01:43:37.861,1.20615,1.20637,1.50,2.48
2012.11.02 01:43:41.619,1.20615,1.20637,1.50,1.50
2012.11.02 01:43:41.869,1.20615,1.20635,1.50,1.50
2012.11.02 01:43:51.039,1.20612,1.20634,3.00,1.50
2012.11.02 01:44:04.037,1.20616,1.20634,1.50,1.50
2012.11.02 01:44:04.339,1.20621,1.20639,1.50,1.26
2012.11.02 01:44:09.789,1.20623,1.20638,1.50,1.26
2012.11.02 01:44:10.095,1.20625,1.20639,3.00,1.26
2012.11.02 01:44:19.158,1.20627,1.2064,1.50,1.65
2012.11.02 01:44:19.340,1.20623,1.20637,1.50,2.40
2012.11.02 01:44:19.590,1.20615,1.20637,1.50,2.63
2012.11.02 01:44:19.721,1.20615,1.20637,1.50,4.88
2012.11.02 01:44:19.849,1.20611,1.20632,1.50,1.50
2012.11.02 01:44:20.032,1.20611,1.20632,1.50,1.73
2012.11.02 01:44:57.129,1.20611,1.20632,1.50,2.85
2012.11.02 01:45:02.549,1.20611,1.2063,1.50,2.48
2012.11.02 01:45:19.849,1.20604,1.20629,1.50,2.25
2012.11.02 01:45:32.130,1.20603,1.2063,2.25,2.25
2012.11.02 01:45:46.431,1.20603,1.20629,2.25,2.25
2012.11.02 01:45:47.981,1.20603,1.2063,2.25,2.25
2012.11.02 01:45:48.960,1.20603,1.2063,2.25,2.25
2012.11.02 01:45:52.389,1.20603,1.2063,2.25,2.25
2012.11.02 01:46:12.460,1.20604,1.20629,1.50,2.25
2012.11.02 01:46:17.129,1.20603,1.20629,1.50,2.25
2012.11.02 01:46:20.308,1.20603,1.20629,1.50,2.25
2012.11.02 01:46:33.058,1.20603,1.20629,1.50,2.25
2012.11.02 01:46:38.019,1.20603,1.2063,1.50,2.25
2012.11.02 01:46:39.288,1.20603,1.2063,1.50,2.25
2012.11.02 01:46:42.979,1.20603,1.2063,1.50,2.25
2012.11.02 01:46:43.399,1.20609,1.20631,1.50,4.35
2012.11.02 01:46:43.701,1.20604,1.20625,1.50,1.73
2012.11.02 01:46:43.770,1.20603,1.20625,2.25,2.48
2012.11.02 01:46:44.309,1.20602,1.20622,3.00,2.25
2012.11.02 01:46:47.629,1.20602,1.20622,1.50,1.50
2012.11.02 01:46:47.690,1.20602,1.20622,2.48,1.50
2012.11.02 01:46:48.000,1.20606,1.20622,1.50,1.50
2012.11.02 01:46:48.119,1.20606,1.20625,1.50,1.50
2012.11.02 01:46:48.321,1.20608,1.20628,1.50,2.48
2012.11.02 01:46:50.601,1.20605,1.20626,1.50,1.50
2012.11.02 01:46:51.150,1.20605,1.20626,1.50,1.73
2012.11.02 01:46:55.620,1.20604,1.20624,3.00,1.50
2012.11.02 01:46:55.740,1.20604,1.20624,3.00,2.25
2012.11.02 01:46:55.981,1.20601,1.2062,1.50,1.50
2012.11.02 01:46:58.076,1.20604,1.2062,1.50,1.50
2012.11.02 01:47:02.520,1.20604,1.20624,1.50,3.23
2012.11.02 01:47:03.130,1.20604,1.20624,2.48,3.00
2012.11.02 01:47:03.190,1.20606,1.20626,2.48,1.50
2012.11.02 01:47:03.730,1.20606,1.20628,1.88,1.88
2012.11.02 01:47:04.030,1.20606,1.20626,1.50,1.50
2012.11.02 01:47:07.081,1.20606,1.20626,2.25,1.50
2012.11.02 01:47:07.216,1.20606,1.20626,2.48,1.50
2012.11.02 01:47:08.869,1.20611,1.20631,1.73,2.25
2012.11.02 01:47:09.049,1.20611,1.20633,1.73,2.25
2012.11.02 01:47:12.589,1.20611,1.20633,1.50,2.25
2012.11.02 01:47:20.763,1.20613,1.20631,1.50,2.48
2012.11.02 01:47:24.290,1.20613,1.2063,1.50,2.25
2012.11.02 01:47:26.100,1.20613,1.2063,1.50,1.50
2012.11.02 01:47:26.280,1.20613,1.2063,1.50,1.73
2012.11.02 01:47:26.341,1.20613,1.2063,1.50,1.50
2012.11.02 01:47:26.410,1.20611,1.2063,1.50,1.50
2012.11.02 01:47:26.662,1.2061,1.20634,1.50,2.25
2012.11.02 01:47:27.670,1.2061,1.20634,1.50,3.75
2012.11.02 01:47:32.451,1.20612,1.20634,1.50,2.25
2012.11.02 01:47:52.511,1.20612,1.20634,1.50,2.25
2012.11.02 01:48:02.490,1.20612,1.20633,1.50,1.50
2012.11.02 01:48:26.700,1.20607,1.20634,1.50,1.50
2012.11.02 01:48:28.539,1.20604,1.20634,1.50,1.50
2012.11.02 01:48:42.429,1.20604,1.20634,3.00,1.50
2012.11.02 01:48:51.160,1.20607,1.20635,1.50,1.50
2012.11.02 01:48:51.469,1.20606,1.20635,1.73,1.50
2012.11.02 01:48:52.972,1.20606,1.20638,1.35,1.88
2012.11.02 01:48:53.361,1.20603,1.20635,2.10,1.86
2012.11.02 01:48:56.120,1.20607,1.20635,1.50,2.61
2012.11.02 01:48:56.630,1.20606,1.20636,1.73,3.00
2012.11.02 01:49:00.158,1.20603,1.20635,1.73,2.25
2012.11.02 01:49:02.550,1.20607,1.20635,1.50,2.25
2012.11.02 01:49:04.660,1.20606,1.20636,1.73,3.75
2012.11.02 01:49:09.032,1.20607,1.20635,1.50,2.25
2012.11.02 01:49:10.949,1.20605,1.20636,1.35,2.25
2012.11.02 01:49:11.010,1.20605,1.20637,1.13,1.50
2012.11.02 01:49:12.450,1.20606,1.20638,1.50,1.65
2012.11.02 01:49:22.460,1.20612,1.20639,1.73,1.65
2012.11.02 01:49:32.470,1.20612,1.20638,1.73,1.65
2012.11.02 01:49:33.782,1.20609,1.20638,1.88,1.65
2012.11.02 01:49:34.284,1.20609,1.20639,2.25,4.95
2012.11.02 01:49:39.405,1.20612,1.20639,1.50,3.83
2012.11.02 01:49:40.320,1.20611,1.20639,1.50,3.08
2012.11.02 01:49:48.079,1.20612,1.20639,1.50,3.08
2012.11.02 01:49:51.048,1.20608,1.20639,1.04,3.08
2012.11.02 01:49:55.369,1.20609,1.20639,1.41,1.65
2012.11.02 01:49:56.289,1.20609,1.20641,2.39,1.65
2012.11.02 01:49:56.549,1.20609,1.20641,2.54,3.15
2012.11.02 01:50:00.540,1.20615,1.20635,1.50,1.50
2012.11.02 01:50:24.490,1.20614,1.20633,1.50,1.50
2012.11.02 01:50:25.039,1.20613,1.20633,1.50,1.50
2012.11.02 01:50:31.431,1.20613,1.20633,1.50,2.25
2012.11.02 01:50:31.553,1.20611,1.20631,3.00,2.48
2012.11.02 01:50:33.651,1.20611,1.20631,1.50,1.50
2012.11.02 01:50:42.690,1.20613,1.20633,1.50,1.50
2012.11.02 01:50:52.773,1.20613,1.20633,3.98,1.50
2012.11.02 01:50:53.080,1.20621,1.20637,1.50,1.65
2012.11.02 01:50:53.141,1.20617,1.20637,2.85,1.65
2012.11.02 01:50:53.211,1.20617,1.20637,2.85,1.65
2012.11.02 01:50:53.342,1.2062,1.20639,1.50,1.50
2012.11.02 01:50:53.411,1.2062,1.20643,3.00,1.50
2012.11.02 01:50:57.951,1.20623,1.20643,1.50,1.73
2012.11.02 01:51:00.202,1.20623,1.20643,1.50,2.48
2012.11.02 01:51:00.751,1.20623,1.20641,1.50,1.73
2012.11.02 01:51:01.388,1.20619,1.20641,2.25,3.60
2012.11.02 01:51:05.620,1.20619,1.20641,2.25,3.60
2012.11.02 01:51:06.085,1.20619,1.20634,2.25,1.50
2012.11.02 01:51:06.152,1.20612,1.2063,3.23,1.50
2012.11.02 01:51:06.280,1.20611,1.2063,1.35,1.50
2012.11.02 01:51:09.160,1.20612,1.2063,4.88,1.50
2012.11.02 01:51:12.470,1.20613,1.2063,1.13,1.50
2012.11.02 01:51:13.142,1.20612,1.2063,2.18,1.50
2012.11.02 01:51:13.332,1.20612,1.20633,1.05,1.50
2012.11.02 01:51:13.591,1.20613,1.20637,1.73,1.73
2012.11.02 01:51:14.140,1.20613,1.20637,3.68,1.73
2012.11.02 01:51:19.230,1.20617,1.20639,2.25,1.50
2012.11.02 01:51:20.611,1.20617,1.20639,2.25,1.88
2012.11.02 01:51:20.861,1.20616,1.20636,2.25,1.50
2012.11.02 01:51:22.481,1.20616,1.20636,2.25,1.50
2012.11.02 01:51:24.205,1.20613,1.20633,2.25,1.50
2012.11.02 01:51:24.555,1.20613,1.20631,2.25,2.63
2012.11.02 01:51:24.822,1.20613,1.2063,1.50,1.50
2012.11.02 01:51:25.141,1.2061,1.2063,3.23,1.50
2012.11.02 01:51:25.200,1.20609,1.20634,2.25,3.00
2012.11.02 01:51:25.260,1.2061,1.20632,2.25,1.50
2012.11.02 01:51:26.419,1.2061,1.20629,1.73,1.50
2012.11.02 01:51:32.430,1.2061,1.20631,3.23,1.50
2012.11.02 01:51:32.980,1.2061,1.20632,4.43,1.50
2012.11.02 01:51:39.100,1.2061,1.20632,1.73,1.50
2012.11.02 01:51:39.231,1.20611,1.20634,1.50,1.50
2012.11.02 01:51:42.582,1.20611,1.20634,1.50,2.25
2012.11.02 01:51:42.770,1.2061,1.2063,1.50,1.50
2012.11.02 01:51:42.830,1.20608,1.20628,1.50,1.50
2012.11.02 01:51:42.950,1.20608,1.20631,1.50,2.48
2012.11.02 01:51:43.800,1.20608,1.20631,1.50,1.50
2012.11.02 01:51:50.890,1.20609,1.20631,2.63,1.50
2012.11.02 01:51:50.953,1.20609,1.20631,3.60,1.50
2012.11.02 01:51:51.140,1.20611,1.20635,1.50,2.25
2012.11.02 01:51:51.440,1.20611,1.20631,1.73,1.50
2012.11.02 01:51:52.530,1.20611,1.20631,1.73,1.50
2012.11.02 01:51:59.420,1.20613,1.20631,1.73,1.50
2012.11.02 01:52:01.643,1.20613,1.20631,1.73,1.50
2012.11.02 01:52:03.904,1.20613,1.20633,3.23,1.50
2012.11.02 01:52:04.451,1.20613,1.20633,2.10,1.50
2012.11.02 01:52:08.590,1.20613,1.20633,1.73,1.50
2012.11.02 01:52:10.789,1.20614,1.20633,1.50,1.50
2012.11.02 01:52:11.400,1.20613,1.20633,1.73,1.50
2012.11.02 01:52:12.709,1.20613,1.20633,1.73,1.50
2012.11.02 01:52:23.281,1.20613,1.20633,2.85,1.50
2012.11.02 01:52:23.712,1.20616,1.20639,2.48,2.25
2012.11.02 01:52:23.780,1.20612,1.20632,1.88,1.50
2012.11.02 01:52:24.140,1.20612,1.20632,3.75,1.50
2012.11.02 01:52:24.260,1.20612,1.20632,1.50,1.50
2012.11.02 01:52:24.937,1.20611,1.20633,3.00,1.50
2012.11.02 01:52:35.831,1.20611,1.20633,3.98,1.50
2012.11.02 01:52:40.510,1.20611,1.20633,3.00,1.50
2012.11.02 01:52:40.692,1.20611,1.20633,1.50,2.25
2012.11.02 01:52:40.880,1.20608,1.2063,1.50,2.25
2012.11.02 01:52:42.592,1.20608,1.2063,1.50,2.25
2012.11.02 01:52:44.644,1.20608,1.2063,1.73,2.25
2012.11.02 01:52:45.411,1.20608,1.2063,1.50,2.25
2012.11.02 01:52:52.460,1.20608,1.2063,1.50,2.25
2012.11.02 01:52:55.000,1.20605,1.20625,1.50,2.25
2012.11.02 01:52:55.522,1.20607,1.20625,2.25,2.25
2012.11.02 01:52:55.833,1.20612,1.20631,1.50,1.47
2012.11.02 01:52:55.960,1.2061,1.2063,3.00,1.73
2012.11.02 01:52:56.021,1.2061,1.2063,3.00,2.48
2012.11.02 01:52:56.140,1.20607,1.20629,3.75,2.25
2012.11.02 01:52:56.691,1.20607,1.20629,1.50,2.25
2012.11.02 01:53:02.471,1.20607,1.20629,1.50,2.25
2012.11.02 01:53:05.406,1.20607,1.20629,1.50,2.25
2012.11.02 01:53:08.867,1.20607,1.20629,1.50,2.25
2012.11.02 01:53:10.630,1.20607,1.20629,1.50,2.25
2012.11.02 01:53:12.500,1.20607,1.20629,1.50,2.25
2012.11.02 01:53:22.570,1.20607,1.20629,1.50,2.25
2012.11.02 01:53:29.557,1.20607,1.20629,1.50,2.25
2012.11.02 01:53:39.021,1.20607,1.20629,1.50,2.25
2012.11.02 01:53:46.041,1.20607,1.20629,1.73,2.25
2012.11.02 01:53:46.220,1.20607,1.20629,3.00,2.25
2012.11.02 01:53:46.844,1.20608,1.2063,1.13,2.25
2012.11.02 01:53:52.601,1.2061,1.2063,2.85,2.25
2012.11.02 01:54:02.900,1.2061,1.2063,1.50,2.25
2012.11.02 01:54:03.199,1.20607,1.20629,1.50,2.25
2012.11.02 01:54:03.319,1.20604,1.20626,1.88,2.25
2012.11.02 01:54:05.573,1.20604,1.20626,2.25,2.25
2012.11.02 01:54:05.880,1.20608,1.2063,1.50,2.25
2012.11.02 01:54:06.960,1.2061,1.2063,1.35,3.75
2012.11.02 01:54:07.863,1.20611,1.20631,1.73,3.75
2012.11.02 01:54:10.270,1.20611,1.20625,1.50,1.50
2012.11.02 01:54:10.631,1.20608,1.20625,1.88,1.50
2012.11.02 01:54:10.752,1.20608,1.20625,1.13,1.50
2012.11.02 01:54:10.941,1.20608,1.20627,2.63,1.73
2012.11.02 01:54:11.073,1.20608,1.20627,1.50,1.50
2012.11.02 01:54:12.462,1.20608,1.20628,1.50,2.25
2012.11.02 01:54:13.441,1.20606,1.20627,1.50,2.25
2012.11.02 01:54:14.175,1.20605,1.20627,1.50,2.25
2012.11.02 01:54:17.573,1.20605,1.20627,1.50,2.25
2012.11.02 01:54:17.761,1.20605,1.20627,1.50,2.25
2012.11.02 01:54:18.241,1.20608,1.20628,1.50,2.25
2012.11.02 01:54:18.301,1.20606,1.20626,1.50,2.25
2012.11.02 01:54:19.761,1.20606,1.20626,1.50,2.25
2012.11.02 01:54:20.000,1.20605,1.20628,2.48,2.25
2012.11.02 01:54:22.530,1.20605,1.20628,2.76,2.25
2012.11.02 01:54:22.870,1.20613,1.20634,1.50,3.75
2012.11.02 01:54:22.990,1.20611,1.20633,1.50,2.25
2012.11.02 01:54:32.540,1.20611,1.20633,1.50,2.25
2012.11.02 01:54:33.152,1.20611,1.20635,1.50,3.00
2012.11.02 01:54:33.700,1.20611,1.20635,4.04,2.25
2012.11.02 01:54:34.961,1.20611,1.20635,2.85,2.25
2012.11.02 01:54:42.511,1.20613,1.20635,1.50,4.13
2012.11.02 01:54:42.870,1.20613,1.20632,1.50,2.33
2012.11.02 01:54:43.121,1.20611,1.20632,1.50,2.18
2012.11.02 01:54:46.011,1.20611,1.20632,3.23,1.95
2012.11.02 01:54:46.609,1.20611,1.20633,3.23,3.23
2012.11.02 01:54:49.044,1.20612,1.2063,1.73,1.50
2012.11.02 01:54:50.420,1.20612,1.2063,1.73,1.50
2012.11.02 01:54:52.381,1.20611,1.2063,2.85,1.50
2012.11.02 01:54:52.571,1.20611,1.2063,1.88,3.53
2012.11.02 01:54:57.815,1.20609,1.20629,1.50,2.48
2012.11.02 01:54:58.408,1.20609,1.2063,6.75,3.53
2012.11.02 01:55:02.351,1.20609,1.20629,1.50,3.08
2012.11.02 01:55:07.617,1.20614,1.20629,2.93,2.85
2012.11.02 01:55:12.461,1.20614,1.20628,2.93,1.95
2012.11.02 01:55:18.131,1.20614,1.20632,2.93,2.70
2012.11.02 01:55:18.655,1.20613,1.20636,2.93,1.73
2012.11.02 01:55:18.781,1.20613,1.20636,2.93,1.50
2012.11.02 01:55:19.091,1.20615,1.20639,1.50,2.48
2012.11.02 01:55:21.640,1.20615,1.20632,1.50,2.10
2012.11.02 01:55:28.225,1.20617,1.20633,1.50,2.70
2012.11.02 01:55:28.913,1.20617,1.20634,1.50,1.50
2012.11.02 01:55:31.991,1.20617,1.20632,1.50,2.40
2012.11.02 01:55:32.512,1.20616,1.20633,1.50,2.63
2012.11.02 01:55:34.791,1.20617,1.20633,1.50,1.88
2012.11.02 01:55:42.491,1.20617,1.20634,1.50,2.63
2012.11.02 01:55:47.762,1.20615,1.20634,1.50,2.63
2012.11.02 01:55:49.522,1.20615,1.20632,1.50,1.58
2012.11.02 01:55:50.072,1.20615,1.20631,1.50,1.50
2012.11.02 01:55:50.262,1.20615,1.2063,1.50,1.73
2012.11.02 01:55:50.581,1.20615,1.20633,1.50,2.25
2012.11.02 01:55:50.882,1.20613,1.20632,2.18,2.25
2012.11.02 01:55:52.442,1.20613,1.20634,2.18,2.25
2012.11.02 01:55:52.994,1.20614,1.20634,1.43,2.25
2012.11.02 01:55:54.136,1.20614,1.20634,1.43,2.25
2012.11.02 01:55:54.450,1.20614,1.20634,2.55,2.25
2012.11.02 01:56:01.184,1.20616,1.20634,2.25,2.25
2012.11.02 01:56:03.721,1.20614,1.20634,4.43,2.25
2012.11.02 01:56:05.124,1.20614,1.20634,2.25,2.25
2012.11.02 01:56:05.691,1.20615,1.20634,2.10,2.25
2012.11.02 01:56:08.821,1.20615,1.20634,2.10,2.25
2012.11.02 01:56:09.002,1.20615,1.20634,2.10,2.25
2012.11.02 01:56:16.552,1.20617,1.20638,2.48,1.50
2012.11.02 01:56:17.060,1.20617,1.20639,2.48,1.50
2012.11.02 01:56:22.513,1.20617,1.20639,3.98,1.50
2012.11.02 01:56:28.561,1.20619,1.20639,1.73,1.50
2012.11.02 01:56:29.500,1.20619,1.20641,2.91,1.50
2012.11.02 01:56:30.092,1.20621,1.20643,1.50,1.50
2012.11.02 01:56:30.524,1.20622,1.20643,1.13,1.50
2012.11.02 01:56:30.653,1.20621,1.20643,2.25,1.50
2012.11.02 01:56:30.902,1.20621,1.20643,2.25,1.50
2012.11.02 01:56:30.970,1.20621,1.20643,2.25,1.50
2012.11.02 01:56:34.671,1.20623,1.20643,2.48,1.50
2012.11.02 01:56:36.901,1.20623,1.20643,1.35,1.50
2012.11.02 01:56:42.270,1.2062,1.20641,2.85,1.50
2012.11.02 01:56:45.000,1.20622,1.20641,1.13,1.50
2012.11.02 01:56:45.540,1.20622,1.20642,2.25,1.50
2012.11.02 01:56:46.060,1.20619,1.20641,2.85,1.50
2012.11.02 01:56:51.391,1.20618,1.20638,2.48,1.50
2012.11.02 01:56:52.501,1.20618,1.20638,2.25,1.50
2012.11.02 01:56:56.383,1.20618,1.20638,2.48,1.50
2012.11.02 01:56:56.630,1.20618,1.20638,2.25,1.50
2012.11.02 01:56:57.151,1.20618,1.20638,2.25,1.50
2012.11.02 01:57:06.600,1.2062,1.20641,1.35,1.50
2012.11.02 01:57:08.841,1.20619,1.20641,3.60,2.25
2012.11.02 01:57:14.773,1.20616,1.20638,3.75,1.50
2012.11.02 01:57:15.272,1.20616,1.20638,3.75,2.25
2012.11.02 01:57:17.501,1.20616,1.20638,3.75,3.23
2012.11.02 01:57:18.852,1.20616,1.20636,2.25,2.63
2012.11.02 01:57:19.102,1.20613,1.20632,2.55,2.25
2012.11.02 01:57:19.411,1.20614,1.20636,4.80,2.25
2012.11.02 01:57:27.080,1.20614,1.20636,3.68,1.73
2012.11.02 01:57:28.962,1.20615,1.20637,2.25,1.73
2012.11.02 01:57:29.091,1.20615,1.20637,1.50,1.73
2012.11.02 01:57:31.481,1.20614,1.20634,3.68,1.50
2012.11.02 01:57:31.600,1.20614,1.20634,2.93,1.50
2012.11.02 01:57:39.461,1.20615,1.20634,1.50,1.50
2012.11.02 01:57:40.025,1.20614,1.20634,2.93,1.50
2012.11.02 01:57:40.572,1.20614,1.20634,1.80,1.50
2012.11.02 01:57:41.830,1.20614,1.20634,3.30,1.50
2012.11.02 01:57:45.651,1.20615,1.20634,1.50,1.50
2012.11.02 01:57:46.190,1.20614,1.20634,3.30,1.50
2012.11.02 01:57:46.811,1.20614,1.20634,1.43,1.50
2012.11.02 01:57:50.390,1.20614,1.20634,2.93,1.50
2012.11.02 01:57:52.182,1.20615,1.20634,1.50,1.50
2012.11.02 01:57:52.802,1.20614,1.20634,2.93,1.50
2012.11.02 01:57:53.480,1.20614,1.20634,1.80,1.50
2012.11.02 01:57:54.220,1.20614,1.20634,3.30,1.50
2012.11.02 01:58:00.830,1.20615,1.20634,1.50,1.50
2012.11.02 01:58:01.440,1.20614,1.20634,3.30,1.50
2012.11.02 01:58:01.964,1.20614,1.20634,1.80,1.50
2012.11.02 01:58:03.072,1.20614,1.20634,3.30,1.50
2012.11.02 01:58:03.140,1.20614,1.20634,1.80,1.50
2012.11.02 01:58:27.912,1.20615,1.20634,3.60,1.50
2012.11.02 01:58:29.861,1.20615,1.20634,2.01,1.50
2012.11.02 01:58:30.512,1.20614,1.20634,3.06,1.50
2012.11.02 01:58:31.470,1.20617,1.20641,1.50,3.23
2012.11.02 01:58:32.899,1.20618,1.20641,1.50,1.73
2012.11.02 01:58:34.759,1.20617,1.20641,1.50,1.73
2012.11.02 01:58:35.139,1.20614,1.20641,2.03,4.73
2012.11.02 01:58:35.620,1.20614,1.20641,1.58,3.00
2012.11.02 01:58:42.780,1.20614,1.20641,2.40,3.98
2012.11.02 01:58:43.310,1.20614,1.2064,1.43,1.73
2012.11.02 01:58:45.900,1.20614,1.2064,7.80,1.73
2012.11.02 01:58:46.460,1.20614,1.2064,2.55,1.50
2012.11.02 01:58:46.763,1.20616,1.2064,3.29,1.50
2012.11.02 01:58:51.660,1.20618,1.20642,1.73,1.50
2012.11.02 01:58:52.270,1.20616,1.20641,1.49,2.48
2012.11.02 01:58:52.330,1.20615,1.20641,2.24,1.73
2012.11.02 01:59:04.344,1.20616,1.20641,1.73,1.50
2012.11.02 01:59:04.590,1.20617,1.2064,2.48,2.25
2012.11.02 01:59:16.451,1.20618,1.20639,1.50,1.50
2012.11.02 01:59:16.511,1.20617,1.20637,3.98,1.50
2012.11.02 01:59:21.411,1.20618,1.20637,1.50,1.50
2012.11.02 01:59:22.201,1.20617,1.20637,3.98,1.50
2012.11.02 01:59:22.753,1.20617,1.20637,3.98,1.50
2012.11.02 01:59:32.550,1.20617,1.20637,3.98,1.50
2012.11.02 01:59:41.355,1.20618,1.20637,1.50,1.50
2012.11.02 01:59:48.160,1.20617,1.20637,3.98,1.50
2012.11.02 01:59:50.452,1.20617,1.20637,2.48,1.50
2012.11.02 01:59:51.460,1.20617,1.20637,3.98,1.50
