2012.11.01 17:00:00.345,1.20611,1.20627,3.23,1.73
2012.11.01 17:00:04.319,1.20611,1.20628,3.98,1.73
2012.11.01 17:00:05.001,1.20611,1.20629,3.98,1.73
2012.11.01 17:00:05.559,1.20611,1.20628,2.48,1.73
2012.11.01 17:00:14.729,1.20615,1.20626,1.50,3.98
2012.11.01 17:00:15.029,1.20615,1.20626,1.50,1.73
2012.11.01 17:00:15.207,1.20613,1.20627,1.73,1.73
2012.11.01 17:00:15.267,1.20613,1.20628,1.73,2.48
2012.11.01 17:00:16.189,1.20613,1.20628,1.73,2.85
2012.11.01 17:00:16.369,1.20613,1.20627,1.50,3.38
2012.11.01 17:00:17.517,1.20613,1.20628,1.73,2.85
2012.11.01 17:00:17.577,1.20613,1.20628,1.73,2.85
2012.11.01 17:00:17.638,1.20613,1.20628,1.73,1.50
2012.11.01 17:00:18.178,1.20613,1.20628,1.50,3.00
2012.11.01 17:00:18.687,1.20613,1.20628,1.73,2.10
2012.11.01 17:00:19.229,1.20613,1.20628,2.33,4.73
2012.11.01 17:00:19.288,1.20613,1.20627,2.33,1.73
2012.11.01 17:00:19.483,1.20613,1.20627,2.10,1.73
2012.11.01 17:00:19.984,1.20613,1.20624,2.10,1.73
2012.11.01 17:00:20.495,1.20613,1.20625,2.33,3.75
2012.11.01 17:00:21.038,1.20613,1.20625,2.33,3.75
2012.11.01 17:00:22.418,1.20613,1.20625,1.73,3.00
2012.11.01 17:00:22.598,1.20611,1.20625,2.10,3.00
2012.11.01 17:00:23.078,1.2061,1.20624,3.60,1.50
2012.11.01 17:00:23.319,1.2061,1.20624,4.35,1.50
2012.11.01 17:00:24.152,1.20614,1.20624,1.50,1.50
2012.11.01 17:00:26.089,1.20614,1.20625,1.73,3.75
2012.11.01 17:00:28.709,1.20617,1.20625,2.48,3.00
2012.11.01 17:00:28.831,1.20613,1.20624,1.84,3.00
2012.11.01 17:00:28.958,1.20611,1.20624,2.85,3.75
2012.11.01 17:00:29.595,1.20612,1.20624,2.85,3.23
2012.11.01 17:00:29.664,1.20613,1.20625,1.73,3.75
2012.11.01 17:00:30.513,1.20613,1.20629,1.73,3.23
2012.11.01 17:00:31.393,1.20612,1.20624,3.08,1.50
2012.11.01 17:00:31.458,1.20611,1.20624,3.60,2.48
2012.11.01 17:00:32.153,1.2061,1.20624,5.10,3.23
2012.11.01 17:00:32.219,1.20611,1.20624,3.83,3.00
2012.11.01 17:00:32.339,1.20614,1.20627,1.73,1.73
2012.11.01 17:00:35.418,1.20614,1.20624,1.50,1.73
2012.11.01 17:00:35.538,1.20612,1.20624,2.85,2.48
2012.11.01 17:00:35.983,1.20613,1.20627,1.73,3.66
2012.11.01 17:00:36.108,1.20613,1.20627,1.73,1.73
2012.11.01 17:00:36.678,1.20613,1.20628,1.73,1.73
2012.11.01 17:00:36.918,1.20613,1.20626,1.73,1.50
2012.11.01 17:00:36.979,1.20613,1.20627,2.48,1.50
2012.11.01 17:00:37.218,1.20613,1.20625,1.73,1.50
2012.11.01 17:00:37.768,1.20613,1.20628,1.73,2.10
2012.11.01 17:00:40.388,1.20613,1.20628,1.73,1.73
2012.11.01 17:00:52.169,1.20613,1.20627,1.73,4.50
2012.11.01 17:00:52.709,1.20613,1.20626,1.73,1.73
2012.11.01 17:00:55.012,1.20613,1.20627,2.48,1.13
2012.11.01 17:00:56.660,1.20613,1.20627,1.73,2.85
2012.11.01 17:00:57.952,1.20613,1.20625,1.73,1.73
2012.11.01 17:00:58.083,1.20613,1.20625,1.50,1.73
2012.11.01 17:00:58.629,1.20612,1.20627,3.83,2.48
2012.11.01 17:00:59.626,1.20612,1.20628,3.83,2.25
2012.11.01 17:01:00.200,1.20612,1.20628,3.83,2.48
2012.11.01 17:01:00.869,1.20612,1.20626,3.83,1.73
2012.11.01 17:01:01.049,1.20612,1.20625,3.60,2.10
2012.11.01 17:01:01.589,1.20612,1.20626,3.60,3.23
2012.11.01 17:01:02.459,1.20612,1.20626,4.35,1.73
2012.11.01 17:01:02.939,1.2061,1.20623,2.48,1.86
2012.11.01 17:01:03.489,1.2061,1.20623,2.48,1.88
2012.11.01 17:01:04.028,1.2061,1.20624,1.73,2.10
2012.11.01 17:01:04.568,1.2061,1.20623,1.73,1.13
2012.11.01 17:01:05.408,1.2061,1.20622,1.50,1.11
2012.11.01 17:01:05.841,1.20612,1.20623,1.50,1.73
2012.11.01 17:01:06.348,1.20611,1.20622,2.25,1.34
2012.11.01 17:01:07.391,1.20611,1.20621,1.50,1.86
2012.11.01 17:01:07.899,1.20611,1.20621,1.50,1.73
2012.11.01 17:01:08.079,1.20609,1.20622,1.50,1.73
2012.11.01 17:01:08.200,1.20609,1.20622,1.50,1.73
2012.11.01 17:01:09.018,1.20609,1.20622,1.50,1.84
2012.11.01 17:01:09.708,1.20609,1.20622,1.50,2.07
2012.11.01 17:01:10.252,1.20609,1.20622,1.50,2.07
2012.11.01 17:01:10.911,1.20609,1.20622,4.35,1.84
2012.11.01 17:01:11.460,1.2061,1.20622,2.33,1.50
2012.11.01 17:01:12.065,1.2061,1.20623,2.33,3.23
2012.11.01 17:01:18.453,1.20609,1.20621,2.48,1.50
2012.11.01 17:01:18.520,1.20609,1.20621,1.50,1.73
2012.11.01 17:01:18.653,1.20609,1.20622,1.73,2.48
2012.11.01 17:01:20.989,1.20609,1.20622,1.73,1.50
2012.11.01 17:01:21.349,1.20609,1.20623,1.50,5.40
2012.11.01 17:01:21.409,1.20606,1.20621,1.50,3.15
2012.11.01 17:01:21.728,1.20606,1.20621,1.73,3.00
2012.11.01 17:01:24.439,1.20606,1.20619,1.73,1.50
2012.11.01 17:01:24.808,1.20606,1.20621,1.73,1.73
2012.11.01 17:01:27.510,1.20606,1.20622,1.73,10.50
2012.11.01 17:01:29.118,1.20606,1.20614,1.50,1.50
2012.11.01 17:01:29.189,1.20606,1.20618,1.50,1.73
2012.11.01 17:01:29.394,1.20606,1.2062,1.50,2.48
2012.11.01 17:01:29.520,1.20606,1.20621,1.73,2.48
2012.11.01 17:01:30.104,1.20606,1.20621,1.73,1.73
2012.11.01 17:01:35.469,1.20606,1.20618,2.48,1.50
2012.11.01 17:01:35.952,1.20606,1.20622,2.48,5.48
2012.11.01 17:01:36.269,1.20608,1.20622,1.73,2.25
2012.11.01 17:01:36.689,1.2061,1.20625,1.50,1.13
2012.11.01 17:01:37.270,1.2061,1.20626,1.50,3.23
2012.11.01 17:01:45.714,1.2061,1.2062,1.50,3.75
2012.11.01 17:01:45.912,1.2061,1.20621,1.50,1.35
2012.11.01 17:01:45.979,1.20608,1.20621,1.73,4.13
2012.11.01 17:01:46.519,1.20607,1.20621,1.50,5.63
2012.11.01 17:01:47.069,1.20608,1.20621,1.50,3.75
2012.11.01 17:01:53.168,1.20608,1.20621,1.50,4.73
2012.11.01 17:01:53.649,1.20606,1.20621,1.73,4.50
2012.11.01 17:01:55.199,1.20606,1.20619,1.73,1.73
2012.11.01 17:01:55.761,1.206,1.20619,3.23,2.48
2012.11.01 17:02:05.308,1.20604,1.20616,1.73,2.25
2012.11.01 17:02:05.932,1.20604,1.20617,1.73,2.25
2012.11.01 17:02:07.768,1.20604,1.20619,3.98,1.73
2012.11.01 17:02:12.096,1.20604,1.20617,3.98,2.25
2012.11.01 17:02:14.948,1.20604,1.20619,3.23,1.73
2012.11.01 17:02:17.390,1.20604,1.20617,3.23,2.25
2012.11.01 17:02:18.497,1.20604,1.20619,3.23,1.73
2012.11.01 17:02:26.139,1.20604,1.20616,3.98,2.25
2012.11.01 17:02:26.559,1.20607,1.20616,2.48,2.25
2012.11.01 17:02:26.809,1.20609,1.20621,1.50,1.50
2012.11.01 17:02:44.949,1.20606,1.2062,1.73,1.73
2012.11.01 17:02:46.029,1.20606,1.2062,2.48,1.73
2012.11.01 17:02:51.799,1.20609,1.20621,1.50,4.73
2012.11.01 17:02:51.980,1.20607,1.20619,2.25,4.41
2012.11.01 17:02:52.169,1.20607,1.2062,2.25,2.10
2012.11.01 17:02:52.913,1.20607,1.20621,2.48,3.98
2012.11.01 17:02:52.980,1.20607,1.20623,2.48,3.60
2012.11.01 17:02:54.801,1.20607,1.20623,3.23,2.48
2012.11.01 17:02:54.929,1.20607,1.20623,3.23,2.25
2012.11.01 17:02:55.178,1.2061,1.20624,2.25,2.25
2012.11.01 17:02:58.690,1.2061,1.20624,1.50,2.25
2012.11.01 17:02:58.948,1.2061,1.20624,1.50,2.63
2012.11.01 17:03:01.198,1.2061,1.20624,1.50,3.00
2012.11.01 17:03:01.318,1.20605,1.20622,3.08,7.50
2012.11.01 17:03:08.660,1.20605,1.2062,2.33,4.73
2012.11.01 17:03:09.381,1.20605,1.2062,2.33,4.73
2012.11.01 17:03:10.619,1.20605,1.20621,3.83,2.25
2012.11.01 17:03:11.129,1.20609,1.20624,1.50,1.73
2012.11.01 17:03:12.880,1.20609,1.20625,1.50,3.23
2012.11.01 17:03:13.239,1.20607,1.20617,1.50,2.07
2012.11.01 17:03:14.518,1.20607,1.20616,1.50,2.07
2012.11.01 17:03:15.830,1.20604,1.20617,3.98,2.07
2012.11.01 17:03:16.358,1.20604,1.20617,2.48,2.29
2012.11.01 17:03:20.108,1.20604,1.20616,1.73,2.07
2012.11.01 17:03:26.599,1.20604,1.20616,1.50,2.29
2012.11.01 17:03:26.720,1.20604,1.20617,1.73,1.32
2012.11.01 17:03:26.851,1.20604,1.20617,1.73,1.32
2012.11.01 17:03:30.929,1.20604,1.20616,2.48,1.32
2012.11.01 17:03:34.799,1.20604,1.20616,1.50,1.54
2012.11.01 17:03:35.338,1.20603,1.20616,3.83,1.32
2012.11.01 17:03:45.239,1.20604,1.20619,2.25,1.50
2012.11.01 17:03:45.359,1.20604,1.20621,3.00,2.10
2012.11.01 17:03:45.993,1.20604,1.20621,3.00,2.48
2012.11.01 17:03:49.522,1.20605,1.20621,2.48,4.73
2012.11.01 17:03:58.790,1.20604,1.20619,1.50,1.73
2012.11.01 17:03:59.292,1.20603,1.20619,3.98,2.63
2012.11.01 17:03:59.920,1.20603,1.20619,3.98,2.25
2012.11.01 17:04:26.800,1.20603,1.20616,3.23,1.50
2012.11.01 17:04:27.434,1.20603,1.20619,2.25,2.61
2012.11.01 17:04:27.628,1.20603,1.20619,3.23,2.39
2012.11.01 17:04:33.368,1.20603,1.20618,3.23,1.73
2012.11.01 17:04:33.730,1.20601,1.20616,6.08,1.50
2012.11.01 17:04:34.090,1.20604,1.20618,2.10,3.23
2012.11.01 17:04:34.218,1.20604,1.20618,2.33,2.48
2012.11.01 17:04:37.370,1.20603,1.20614,1.73,2.25
2012.11.01 17:04:37.499,1.20598,1.20611,6.75,1.73
2012.11.01 17:04:39.139,1.20602,1.20612,2.10,2.48
2012.11.01 17:04:39.260,1.20602,1.20612,3.08,1.50
2012.11.01 17:04:39.329,1.20603,1.20616,2.48,2.44
2012.11.01 17:04:39.877,1.20603,1.20617,2.48,2.48
2012.11.01 17:04:41.009,1.20603,1.20616,1.73,4.50
2012.11.01 17:04:41.128,1.20601,1.20615,2.33,2.25
2012.11.01 17:04:45.443,1.20602,1.20614,2.85,2.48
2012.11.01 17:04:45.808,1.20602,1.20618,5.33,5.85
2012.11.01 17:04:49.599,1.20602,1.20614,4.58,1.50
2012.11.01 17:04:49.839,1.20601,1.20613,3.83,1.50
2012.11.01 17:04:50.549,1.20602,1.20616,2.48,2.48
2012.11.01 17:04:51.201,1.20603,1.20617,1.50,4.73
2012.11.01 17:04:51.979,1.20603,1.20615,1.50,3.98
2012.11.01 17:04:52.159,1.20601,1.20614,3.08,1.73
2012.11.01 17:04:52.279,1.20602,1.20615,2.25,1.73
2012.11.01 17:04:53.899,1.20601,1.20615,2.85,3.00
2012.11.01 17:05:02.371,1.20601,1.20613,2.10,1.50
2012.11.01 17:05:02.919,1.206,1.20613,1.73,2.48
2012.11.01 17:05:03.687,1.206,1.20613,1.73,2.25
2012.11.01 17:05:21.989,1.206,1.20614,5.33,1.73
2012.11.01 17:05:22.515,1.206,1.20614,5.33,1.50
2012.11.01 17:05:33.328,1.20601,1.20614,1.58,1.50
2012.11.01 17:05:33.389,1.20601,1.20616,3.08,1.50
2012.11.01 17:05:58.638,1.20601,1.20617,3.83,3.98
2012.11.01 17:05:59.371,1.20601,1.20616,1.73,1.73
2012.11.01 17:06:00.548,1.20601,1.20616,1.73,4.73
2012.11.01 17:06:01.219,1.206,1.20616,1.58,5.48
2012.11.01 17:06:01.840,1.206,1.20616,1.58,3.75
2012.11.01 17:06:02.480,1.20601,1.20616,1.73,1.50
2012.11.01 17:06:22.118,1.206,1.20615,1.58,2.48
2012.11.01 17:06:22.239,1.206,1.20612,1.58,5.25
2012.11.01 17:06:22.360,1.20599,1.20613,2.25,2.25
2012.11.01 17:06:22.490,1.20597,1.2061,1.13,3.00
2012.11.01 17:06:22.957,1.20598,1.2061,3.75,1.50
2012.11.01 17:06:23.021,1.20598,1.20612,6.08,1.50
2012.11.01 17:06:23.390,1.20598,1.20612,3.60,2.25
2012.11.01 17:06:23.450,1.20598,1.20611,4.35,1.18
2012.11.01 17:06:23.699,1.20594,1.20607,1.73,1.50
2012.11.01 17:06:23.759,1.20596,1.20607,1.73,2.25
2012.11.01 17:06:24.299,1.20592,1.20606,1.73,1.50
2012.11.01 17:06:24.792,1.20591,1.20605,3.45,1.88
2012.11.01 17:06:24.919,1.20594,1.20605,1.73,1.13
2012.11.01 17:06:25.462,1.20592,1.20606,2.25,3.00
2012.11.01 17:06:25.833,1.20591,1.20602,1.73,3.00
2012.11.01 17:06:26.612,1.20591,1.20602,1.50,3.00
2012.11.01 17:06:26.681,1.20591,1.20603,1.50,1.17
2012.11.01 17:06:26.870,1.20591,1.20604,1.50,1.17
2012.11.01 17:06:29.780,1.20591,1.20605,1.50,3.98
2012.11.01 17:06:30.190,1.20589,1.20605,3.23,3.98
2012.11.01 17:06:30.498,1.20585,1.206,2.25,1.50
2012.11.01 17:06:30.562,1.20587,1.20601,1.50,2.25
2012.11.01 17:06:30.989,1.20587,1.20603,2.25,2.83
2012.11.01 17:06:31.293,1.20591,1.20605,1.50,1.41
2012.11.01 17:06:31.860,1.20591,1.20606,1.50,3.66
2012.11.01 17:06:32.461,1.20591,1.20606,1.50,3.51
2012.11.01 17:06:32.981,1.20591,1.20606,1.50,3.51
2012.11.01 17:06:33.581,1.2059,1.20606,1.50,3.51
2012.11.01 17:06:35.258,1.20591,1.20606,1.50,3.08
2012.11.01 17:06:37.259,1.2059,1.20606,1.50,2.84
2012.11.01 17:06:37.571,1.20591,1.20603,1.50,1.50
2012.11.01 17:06:40.799,1.20588,1.20604,2.25,2.23
2012.11.01 17:06:41.310,1.20589,1.20603,1.50,2.40
2012.11.01 17:06:41.854,1.20588,1.20604,1.50,2.53
2012.11.01 17:06:43.243,1.20588,1.20604,2.25,2.53
2012.11.01 17:06:45.032,1.20588,1.20602,2.25,1.73
2012.11.01 17:06:45.400,1.20588,1.20602,2.25,1.73
2012.11.01 17:06:47.453,1.20588,1.20601,2.25,3.98
2012.11.01 17:06:47.661,1.20587,1.20601,2.25,2.48
2012.11.01 17:06:47.980,1.20588,1.20602,2.25,1.73
2012.11.01 17:06:50.049,1.20586,1.206,5.63,2.48
2012.11.01 17:06:51.048,1.20586,1.206,1.88,3.23
2012.11.01 17:06:52.610,1.20586,1.206,1.50,3.23
2012.11.01 17:06:53.799,1.20586,1.206,1.73,3.23
2012.11.01 17:06:54.461,1.20589,1.206,1.73,1.50
2012.11.01 17:06:55.009,1.20589,1.20601,1.73,2.25
2012.11.01 17:06:55.601,1.20589,1.20601,1.73,2.25
2012.11.01 17:06:58.879,1.20589,1.20601,1.73,2.25
2012.11.01 17:06:59.059,1.20589,1.20601,1.73,2.25
2012.11.01 17:07:01.639,1.20591,1.20603,1.73,2.25
2012.11.01 17:07:01.810,1.20591,1.20603,1.73,2.25
2012.11.01 17:07:03.339,1.20591,1.20603,2.48,1.50
2012.11.01 17:07:03.699,1.206,1.2061,1.73,1.65
2012.11.01 17:07:03.819,1.206,1.20611,1.73,3.00
2012.11.01 17:07:04.559,1.206,1.20611,1.73,1.50
2012.11.01 17:07:06.651,1.206,1.20608,1.73,1.50
2012.11.01 17:07:06.779,1.20595,1.20608,2.29,1.50
2012.11.01 17:07:26.270,1.20595,1.20607,1.73,2.25
2012.11.01 17:07:44.618,1.20594,1.20607,1.73,4.32
2012.11.01 17:07:45.160,1.20594,1.20607,1.73,4.32
2012.11.01 17:07:46.309,1.20594,1.20606,1.73,1.77
2012.11.01 17:07:49.882,1.20592,1.20606,2.48,3.14
2012.11.01 17:07:50.439,1.20593,1.20607,1.73,5.25
2012.11.01 17:07:51.589,1.20593,1.20607,1.73,1.50
2012.11.01 17:07:54.285,1.20593,1.20607,1.73,1.50
2012.11.01 17:07:54.828,1.20593,1.20608,2.85,1.50
2012.11.01 17:08:01.639,1.20593,1.20608,3.23,3.75
2012.11.01 17:08:03.599,1.20593,1.20608,3.60,3.75
2012.11.01 17:08:10.419,1.20593,1.20608,3.60,2.25
2012.11.01 17:08:14.601,1.20593,1.20608,3.60,3.00
2012.11.01 17:08:29.319,1.20595,1.20608,2.33,2.25
2012.11.01 17:08:29.851,1.20595,1.20608,3.83,2.25
2012.11.01 17:08:30.519,1.20595,1.20606,1.73,2.25
2012.11.01 17:08:30.700,1.20595,1.20607,2.10,2.25
2012.11.01 17:08:30.759,1.20595,1.20608,2.10,1.50
2012.11.01 17:08:31.248,1.20595,1.20609,2.10,3.75
2012.11.01 17:08:32.440,1.20595,1.20609,1.73,4.50
2012.11.01 17:08:33.650,1.20595,1.20609,2.10,3.00
2012.11.01 17:08:34.819,1.20598,1.20609,2.33,2.25
2012.11.01 17:08:35.179,1.20598,1.2061,1.50,3.75
2012.11.01 17:08:35.621,1.20597,1.2061,3.83,2.25
2012.11.01 17:08:35.693,1.20597,1.2061,3.83,2.25
2012.11.01 17:08:36.239,1.20597,1.2061,4.58,2.25
2012.11.01 17:08:37.250,1.20597,1.2061,4.58,1.50
2012.11.01 17:08:37.751,1.20597,1.2061,4.58,2.25
2012.11.01 17:08:38.791,1.20597,1.20606,3.08,1.50
2012.11.01 17:08:38.859,1.20597,1.20608,3.08,1.50
2012.11.01 17:08:39.099,1.20597,1.2061,3.08,2.25
2012.11.01 17:08:39.731,1.20597,1.2061,3.08,1.50
2012.11.01 17:08:40.989,1.20596,1.20608,2.48,4.50
2012.11.01 17:08:41.169,1.20594,1.20606,1.35,1.50
2012.11.01 17:08:48.673,1.20594,1.20608,1.73,4.50
2012.11.01 17:08:50.091,1.20592,1.20604,1.35,1.50
2012.11.01 17:08:50.399,1.20592,1.20606,2.48,2.31
2012.11.01 17:08:50.460,1.20593,1.20607,2.48,3.00
2012.11.01 17:08:50.821,1.20593,1.20603,3.60,1.50
2012.11.01 17:08:50.890,1.20593,1.20603,3.60,1.50
2012.11.01 17:08:51.983,1.20591,1.20604,3.23,1.50
2012.11.01 17:08:52.520,1.20593,1.20608,1.58,3.75
2012.11.01 17:08:52.597,1.20593,1.20608,3.83,3.00
2012.11.01 17:08:52.902,1.20593,1.20608,3.83,4.50
2012.11.01 17:08:52.973,1.20593,1.20608,3.83,3.75
2012.11.01 17:08:53.598,1.20594,1.20608,1.73,3.00
2012.11.01 17:08:59.454,1.20592,1.20605,2.10,2.25
2012.11.01 17:08:59.701,1.20591,1.20604,2.48,1.50
2012.11.01 17:09:09.439,1.20591,1.20604,3.08,3.00
2012.11.01 17:09:10.603,1.20591,1.20604,3.08,2.25
2012.11.01 17:09:14.928,1.20591,1.20604,3.08,2.25
2012.11.01 17:09:15.482,1.20591,1.20604,3.08,2.25
2012.11.01 17:09:21.843,1.20591,1.20604,2.33,2.25
2012.11.01 17:09:22.209,1.20589,1.20602,2.33,2.25
2012.11.01 17:09:24.244,1.2059,1.20601,1.73,3.75
2012.11.01 17:09:24.429,1.20588,1.20599,3.45,1.50
2012.11.01 17:09:24.490,1.20588,1.20599,1.35,1.50
2012.11.01 17:09:28.040,1.20587,1.20596,1.35,1.50
2012.11.01 17:09:28.279,1.20583,1.20595,1.17,2.25
2012.11.01 17:09:34.930,1.20582,1.20593,1.73,1.50
2012.11.01 17:09:35.470,1.20581,1.20594,1.73,2.25
2012.11.01 17:09:35.710,1.20582,1.20594,2.33,2.25
2012.11.01 17:09:36.022,1.20585,1.20598,1.73,10.05
2012.11.01 17:09:36.651,1.20585,1.206,1.73,2.48
2012.11.01 17:09:40.310,1.20585,1.206,2.10,2.25
2012.11.01 17:09:40.920,1.20585,1.20594,2.10,1.50
2012.11.01 17:09:41.050,1.20582,1.20593,2.10,1.50
2012.11.01 17:09:41.109,1.20581,1.20593,1.17,1.50
2012.11.01 17:09:45.369,1.20581,1.20594,1.35,1.50
2012.11.01 17:09:47.499,1.2058,1.20594,1.73,3.00
2012.11.01 17:09:50.261,1.20588,1.20595,1.50,2.48
2012.11.01 17:09:50.509,1.2059,1.20602,1.73,1.50
2012.11.01 17:09:51.973,1.20589,1.20602,1.58,2.25
2012.11.01 17:09:52.107,1.20587,1.20598,2.25,1.50
2012.11.01 17:09:52.171,1.20585,1.20598,2.67,1.50
2012.11.01 17:09:52.299,1.20585,1.20598,1.35,1.50
2012.11.01 17:09:53.117,1.20585,1.20598,2.10,1.50
2012.11.01 17:09:57.099,1.20584,1.20598,3.60,1.50
2012.11.01 17:09:57.461,1.2058,1.20594,2.85,3.75
2012.11.01 17:09:58.209,1.2058,1.20594,3.60,3.75
2012.11.01 17:09:59.311,1.20582,1.20594,1.35,2.25
2012.11.01 17:09:59.622,1.2058,1.20594,1.73,1.50
2012.11.01 17:10:00.071,1.2058,1.20594,1.73,1.50
2012.11.01 17:10:02.499,1.2058,1.20594,2.10,2.25
2012.11.01 17:10:03.011,1.20581,1.20594,1.35,2.25
2012.11.01 17:10:05.080,1.20581,1.20594,1.35,1.50
2012.11.01 17:10:05.604,1.20581,1.20594,1.35,1.50
2012.11.01 17:10:05.930,1.20581,1.20595,2.10,3.00
2012.11.01 17:10:06.250,1.2059,1.20597,1.73,2.25
2012.11.01 17:10:06.654,1.2059,1.20602,1.73,1.65
2012.11.01 17:10:07.149,1.2059,1.20603,1.73,1.50
2012.11.01 17:10:11.040,1.2059,1.20604,3.23,1.50
2012.11.01 17:10:21.234,1.20591,1.20603,2.33,1.50
2012.11.01 17:10:34.520,1.20591,1.20603,2.33,2.25
2012.11.01 17:10:35.037,1.20591,1.20602,2.33,1.50
2012.11.01 17:10:37.290,1.20589,1.20603,5.33,4.50
2012.11.01 17:10:55.041,1.2059,1.20602,3.83,1.50
2012.11.01 17:10:58.879,1.2059,1.20602,3.08,1.50
2012.11.01 17:11:30.239,1.20589,1.20602,5.33,1.50
2012.11.01 17:11:30.757,1.20589,1.20602,4.58,1.50
2012.11.01 17:11:43.198,1.20589,1.20602,3.08,2.25
2012.11.01 17:11:43.740,1.20591,1.20602,1.73,1.50
2012.11.01 17:11:44.289,1.20591,1.20602,1.50,1.50
2012.11.01 17:11:58.339,1.20591,1.20602,1.50,1.13
2012.11.01 17:12:00.119,1.20589,1.20602,3.23,1.13
2012.11.01 17:12:01.360,1.20589,1.20601,2.48,2.63
2012.11.01 17:12:12.572,1.20589,1.20601,2.48,1.88
2012.11.01 17:12:15.280,1.2059,1.20601,1.73,1.13
2012.11.01 17:12:15.581,1.2059,1.20603,1.73,3.38
2012.11.01 17:12:16.130,1.20589,1.20601,3.98,2.10
2012.11.01 17:12:16.950,1.20589,1.20601,2.48,3.23
2012.11.01 17:12:17.499,1.20589,1.20601,2.48,2.10
2012.11.01 17:12:18.099,1.20587,1.20601,2.48,4.35
2012.11.01 17:12:23.490,1.20587,1.20601,2.48,5.85
2012.11.01 17:12:24.003,1.20587,1.206,2.48,2.10
2012.11.01 17:12:32.691,1.20587,1.20598,2.48,1.50
2012.11.01 17:12:32.761,1.20587,1.206,2.48,1.50
2012.11.01 17:12:32.902,1.20587,1.20599,2.25,1.50
2012.11.01 17:12:33.421,1.20589,1.20601,1.73,1.13
2012.11.01 17:12:33.671,1.20589,1.20601,1.73,1.13
2012.11.01 17:12:42.480,1.20589,1.20601,2.48,1.13
2012.11.01 17:12:52.051,1.20589,1.20601,1.73,3.38
2012.11.01 17:12:53.960,1.20585,1.20599,2.48,2.25
2012.11.01 17:13:03.041,1.20585,1.20598,2.48,2.85
2012.11.01 17:13:03.434,1.2058,1.20593,3.23,1.50
2012.11.01 17:13:23.710,1.2058,1.20593,2.85,2.25
2012.11.01 17:13:23.951,1.2058,1.20593,2.85,2.25
2012.11.01 17:13:42.201,1.2058,1.20593,3.38,2.48
2012.11.01 17:13:52.600,1.2058,1.20593,3.38,1.73
2012.11.01 17:14:02.580,1.2058,1.20593,3.00,2.48
2012.11.01 17:14:09.240,1.20579,1.20593,2.48,2.48
2012.11.01 17:14:09.791,1.20578,1.20591,1.73,2.91
2012.11.01 17:14:09.920,1.20578,1.20591,1.73,2.85
2012.11.01 17:14:10.291,1.20577,1.20591,2.48,6.23
2012.11.01 17:14:11.412,1.2058,1.20591,1.50,4.58
2012.11.01 17:14:11.482,1.20577,1.20591,3.23,3.60
2012.11.01 17:14:11.931,1.20577,1.2059,2.48,1.58
2012.11.01 17:14:12.711,1.20577,1.2059,2.25,1.43
2012.11.01 17:14:13.620,1.20577,1.2059,2.25,1.43
2012.11.01 17:14:16.143,1.20577,1.2059,2.25,5.33
2012.11.01 17:14:16.332,1.20577,1.2059,2.25,2.33
2012.11.01 17:14:18.130,1.20576,1.2059,1.50,6.23
2012.11.01 17:14:33.480,1.20577,1.2059,2.25,2.25
2012.11.01 17:14:33.841,1.20584,1.20597,1.50,1.20
2012.11.01 17:14:33.982,1.20584,1.20597,1.50,1.20
2012.11.01 17:14:35.940,1.20584,1.20595,1.50,3.75
2012.11.01 17:14:36.250,1.2058,1.20592,3.38,3.23
2012.11.01 17:14:38.999,1.2058,1.20592,1.50,1.58
2012.11.01 17:14:39.120,1.20577,1.20591,2.48,3.83
2012.11.01 17:14:50.423,1.20578,1.20591,2.10,3.60
2012.11.01 17:14:50.979,1.20578,1.20591,1.13,3.83
2012.11.01 17:14:54.500,1.20578,1.20591,1.73,2.85
2012.11.01 17:14:54.620,1.20578,1.20591,1.50,3.08
2012.11.01 17:14:55.071,1.20577,1.20591,2.10,4.58
2012.11.01 17:14:57.061,1.20576,1.20589,1.50,3.98
2012.11.01 17:14:57.611,1.20575,1.2059,2.63,3.23
2012.11.01 17:14:58.464,1.20576,1.2059,2.48,3.23
2012.11.01 17:14:59.022,1.20576,1.2059,3.00,3.23
2012.11.01 17:14:59.659,1.20576,1.20589,3.23,2.33
2012.11.01 17:15:02.868,1.20576,1.20588,2.48,1.58
2012.11.01 17:15:03.111,1.2057,1.20585,2.25,2.48
2012.11.01 17:15:05.732,1.20573,1.20586,2.25,3.00
2012.11.01 17:15:06.099,1.20569,1.20583,3.00,4.35
2012.11.01 17:15:09.560,1.20569,1.20582,3.00,1.73
2012.11.01 17:15:12.760,1.20569,1.20581,2.25,2.10
2012.11.01 17:15:14.520,1.20569,1.20581,1.50,2.85
2012.11.01 17:15:14.580,1.20569,1.2058,1.50,1.03
2012.11.01 17:15:14.760,1.20567,1.20581,1.50,1.73
2012.11.01 17:15:15.269,1.20566,1.20581,2.48,2.40
2012.11.01 17:15:16.270,1.20566,1.20581,2.48,2.48
2012.11.01 17:15:17.542,1.20566,1.20577,1.73,2.10
2012.11.01 17:15:18.323,1.20564,1.20576,1.73,1.50
2012.11.01 17:15:20.580,1.20564,1.20576,1.73,1.50
2012.11.01 17:15:23.421,1.20564,1.20576,2.48,1.50
2012.11.01 17:15:23.491,1.20568,1.20577,1.50,3.00
2012.11.01 17:15:23.561,1.20569,1.20579,1.73,3.00
2012.11.01 17:15:23.623,1.20569,1.20579,1.73,1.50
2012.11.01 17:15:23.989,1.20569,1.20582,1.73,2.48
2012.11.01 17:15:26.610,1.2057,1.20583,2.48,2.48
2012.11.01 17:15:26.911,1.20578,1.20587,2.25,3.00
2012.11.01 17:15:27.209,1.20578,1.20589,2.25,2.48
2012.11.01 17:15:32.560,1.20578,1.20588,1.50,1.58
2012.11.01 17:15:39.197,1.20578,1.20588,2.25,1.50
2012.11.01 17:15:39.275,1.20578,1.20589,2.25,1.73
2012.11.01 17:15:39.660,1.20578,1.2059,2.25,1.50
2012.11.01 17:15:39.932,1.20578,1.2059,2.48,1.50
2012.11.01 17:15:40.060,1.20583,1.20593,2.25,1.50
2012.11.01 17:15:40.573,1.20583,1.20593,2.25,2.25
2012.11.01 17:15:40.762,1.20582,1.20593,1.73,1.50
2012.11.01 17:15:41.281,1.20584,1.20593,1.50,1.50
2012.11.01 17:15:43.351,1.20582,1.20593,3.75,1.50
2012.11.01 17:15:43.770,1.2058,1.20592,3.00,2.48
2012.11.01 17:15:44.584,1.20578,1.20592,2.48,1.73
2012.11.01 17:15:46.330,1.20578,1.20591,2.48,1.73
2012.11.01 17:15:46.842,1.20578,1.2059,2.48,1.50
2012.11.01 17:15:51.379,1.20579,1.20592,3.23,3.00
2012.11.01 17:15:56.671,1.20579,1.20592,3.23,1.50
2012.11.01 17:15:58.305,1.20579,1.20592,2.48,2.25
2012.11.01 17:16:04.600,1.20579,1.20593,2.48,3.98
2012.11.01 17:16:05.250,1.20581,1.20593,2.48,2.48
2012.11.01 17:16:08.442,1.2058,1.20593,2.48,2.25
2012.11.01 17:16:09.565,1.2058,1.20593,2.48,2.25
2012.11.01 17:16:10.257,1.2058,1.20594,2.48,2.25
2012.11.01 17:16:12.800,1.20584,1.20594,1.50,1.50
2012.11.01 17:16:13.160,1.20588,1.20596,1.73,1.50
2012.11.01 17:16:14.134,1.20588,1.20599,1.73,1.65
2012.11.01 17:16:14.662,1.20584,1.20598,4.73,2.25
2012.11.01 17:16:14.851,1.20584,1.20595,3.23,1.50
2012.11.01 17:16:15.662,1.20584,1.20596,2.48,1.50
2012.11.01 17:16:19.070,1.20584,1.20597,2.48,1.50
2012.11.01 17:16:19.707,1.20584,1.20598,2.48,3.15
2012.11.01 17:16:22.400,1.20584,1.20598,2.48,2.40
2012.11.01 17:16:22.985,1.20586,1.20599,2.48,1.13
2012.11.01 17:16:23.664,1.20586,1.20599,2.48,1.13
2012.11.01 17:16:24.780,1.20586,1.20599,2.48,1.13
2012.11.01 17:16:29.101,1.20586,1.20598,1.73,3.75
2012.11.01 17:16:29.343,1.20583,1.20593,2.25,1.50
2012.11.01 17:16:34.250,1.20582,1.20595,2.48,1.50
2012.11.01 17:16:34.370,1.20584,1.20596,1.73,2.25
2012.11.01 17:16:34.491,1.20586,1.20596,1.73,1.50
2012.11.01 17:16:34.690,1.20584,1.20596,1.73,1.50
2012.11.01 17:16:34.752,1.20585,1.20599,2.48,2.40
2012.11.01 17:16:35.585,1.20585,1.20599,2.48,2.40
2012.11.01 17:16:36.810,1.20585,1.20599,2.48,2.40
2012.11.01 17:16:37.348,1.20585,1.20599,1.73,2.40
2012.11.01 17:16:37.410,1.20585,1.20598,1.73,3.75
2012.11.01 17:16:37.770,1.20582,1.20593,2.48,1.50
2012.11.01 17:16:42.895,1.20587,1.20598,1.50,2.25
2012.11.01 17:16:43.232,1.20587,1.20601,3.98,1.80
2012.11.01 17:16:43.843,1.20587,1.20601,3.98,2.10
2012.11.01 17:16:44.191,1.20586,1.20598,1.73,1.73
2012.11.01 17:16:49.931,1.20584,1.20598,2.48,1.65
2012.11.01 17:16:50.470,1.20587,1.20601,2.25,4.05
2012.11.01 17:16:51.081,1.20587,1.20601,2.25,4.35
2012.11.01 17:16:51.582,1.20585,1.20599,2.48,1.65
2012.11.01 17:16:55.030,1.20585,1.20599,2.48,1.65
2012.11.01 17:16:55.991,1.20585,1.20599,2.48,1.65
2012.11.01 17:16:57.391,1.20585,1.20595,2.48,3.75
2012.11.01 17:16:57.452,1.20585,1.20594,1.73,1.50
2012.11.01 17:16:57.584,1.20583,1.20594,1.50,3.98
2012.11.01 17:16:58.201,1.2058,1.20594,3.23,3.98
2012.11.01 17:17:00.201,1.2058,1.20594,3.98,3.23
2012.11.01 17:17:00.321,1.20584,1.206,2.48,2.63
2012.11.01 17:17:00.630,1.20584,1.206,2.48,1.88
2012.11.01 17:17:02.921,1.20584,1.206,2.48,1.95
2012.11.01 17:17:03.820,1.20584,1.206,2.48,1.73
2012.11.01 17:17:04.332,1.20584,1.206,2.48,1.80
2012.11.01 17:17:04.945,1.20584,1.206,2.48,1.95
2012.11.01 17:17:05.847,1.20587,1.206,1.73,1.58
2012.11.01 17:17:05.929,1.20588,1.20603,2.48,1.05
2012.11.01 17:17:07.811,1.20588,1.20604,2.48,4.05
2012.11.01 17:17:09.913,1.20588,1.20601,2.48,1.65
2012.11.01 17:17:10.162,1.20588,1.206,2.48,1.05
2012.11.01 17:17:11.012,1.20587,1.206,2.48,1.20
2012.11.01 17:17:11.664,1.20587,1.206,2.48,1.05
2012.11.01 17:17:12.391,1.20587,1.206,2.48,1.20
2012.11.01 17:17:12.907,1.20587,1.20599,2.25,1.80
2012.11.01 17:17:13.496,1.20587,1.20599,2.25,1.80
2012.11.01 17:17:17.720,1.20587,1.20601,2.48,2.40
2012.11.01 17:17:17.780,1.20587,1.20601,2.48,3.38
2012.11.01 17:17:18.230,1.20587,1.20601,2.48,2.70
2012.11.01 17:17:18.839,1.20587,1.20601,2.48,1.95
2012.11.01 17:17:19.641,1.20587,1.20601,2.48,1.95
2012.11.01 17:17:20.037,1.20587,1.20601,2.48,2.63
2012.11.01 17:17:20.624,1.20587,1.20601,2.48,2.63
2012.11.01 17:17:21.153,1.20587,1.20601,2.48,2.63
2012.11.01 17:17:21.960,1.20587,1.20601,2.48,2.63
2012.11.01 17:17:22.502,1.20587,1.20601,2.48,2.18
2012.11.01 17:17:23.171,1.20587,1.20601,2.48,2.18
2012.11.01 17:17:23.470,1.20587,1.20601,2.48,2.18
2012.11.01 17:17:24.020,1.20587,1.20601,2.48,2.18
2012.11.01 17:17:24.140,1.20587,1.20601,2.48,2.18
2012.11.01 17:17:24.691,1.20587,1.20601,2.48,2.63
2012.11.01 17:17:25.514,1.20587,1.20601,2.48,2.18
2012.11.01 17:17:26.091,1.20587,1.20601,2.48,2.18
2012.11.01 17:17:28.091,1.20588,1.20602,2.48,1.88
2012.11.01 17:17:30.610,1.20588,1.20602,2.48,1.88
2012.11.01 17:17:31.140,1.20588,1.20602,2.48,1.88
2012.11.01 17:17:31.641,1.20587,1.20601,2.48,3.38
2012.11.01 17:17:32.060,1.20587,1.20601,2.48,3.38
2012.11.01 17:17:32.740,1.20588,1.20602,3.23,1.65
2012.11.01 17:17:33.544,1.2059,1.20603,1.73,1.05
2012.11.01 17:17:34.102,1.2059,1.20603,1.73,1.05
2012.11.01 17:17:34.943,1.2059,1.20603,1.73,1.65
2012.11.01 17:17:38.930,1.2059,1.20603,1.73,1.80
2012.11.01 17:17:46.783,1.2059,1.20603,1.73,1.65
2012.11.01 17:17:47.315,1.2059,1.20601,1.73,1.43
2012.11.01 17:17:49.703,1.20588,1.20601,2.48,3.15
2012.11.01 17:17:49.770,1.20588,1.20601,3.23,2.93
2012.11.01 17:17:49.891,1.20589,1.20602,2.48,1.05
2012.11.01 17:17:50.312,1.20589,1.20604,2.48,1.65
2012.11.01 17:17:51.201,1.20589,1.20604,2.48,1.65
2012.11.01 17:17:52.432,1.20591,1.20604,1.73,1.65
2012.11.01 17:17:52.971,1.2059,1.20604,1.73,3.38
2012.11.01 17:17:53.595,1.20589,1.20603,2.48,1.50
2012.11.01 17:17:58.780,1.20589,1.20602,1.73,1.50
2012.11.01 17:18:01.741,1.20589,1.20604,2.48,2.85
2012.11.01 17:18:01.887,1.20591,1.20604,1.73,2.25
2012.11.01 17:18:04.791,1.2059,1.20603,1.73,1.50
2012.11.01 17:18:04.851,1.20589,1.20603,3.23,2.25
2012.11.01 17:18:04.911,1.20589,1.20601,1.73,1.50
2012.11.01 17:18:06.172,1.20588,1.20601,1.73,1.50
2012.11.01 17:18:12.956,1.20587,1.20598,2.25,3.75
2012.11.01 17:18:13.141,1.20582,1.20591,2.07,1.50
2012.11.01 17:18:13.260,1.20582,1.20591,1.32,1.50
2012.11.01 17:18:22.462,1.20578,1.20591,1.35,1.50
2012.11.01 17:18:23.611,1.20578,1.20591,2.10,1.50
2012.11.01 17:18:23.732,1.20579,1.20593,2.85,1.50
2012.11.01 17:18:32.461,1.2058,1.20593,1.73,1.50
2012.11.01 17:18:34.381,1.2058,1.20593,1.73,1.50
2012.11.01 17:18:38.961,1.20579,1.2059,1.13,1.50
2012.11.01 17:18:39.507,1.20579,1.2059,1.69,1.50
2012.11.01 17:18:42.421,1.20576,1.2059,2.85,1.50
2012.11.01 17:18:42.962,1.20576,1.20589,1.13,1.50
2012.11.01 17:18:43.500,1.20573,1.20589,2.85,1.50
2012.11.01 17:18:45.741,1.20573,1.20585,1.13,1.50
2012.11.01 17:18:46.101,1.20573,1.20585,1.13,3.00
2012.11.01 17:18:46.160,1.20573,1.20585,1.13,2.25
2012.11.01 17:18:49.613,1.20568,1.20581,1.35,1.50
2012.11.01 17:18:50.230,1.20569,1.20581,1.50,1.50
2012.11.01 17:18:50.290,1.20569,1.20583,3.00,3.00
2012.11.01 17:18:52.590,1.20569,1.20583,3.60,1.50
2012.11.01 17:19:04.701,1.20575,1.20583,1.50,1.50
2012.11.01 17:19:05.133,1.20577,1.2059,2.48,1.50
2012.11.01 17:19:05.441,1.20578,1.2059,1.73,1.50
2012.11.01 17:19:05.621,1.20578,1.20592,1.73,1.50
2012.11.01 17:19:07.961,1.20579,1.20593,2.48,3.98
2012.11.01 17:19:09.961,1.20579,1.20593,3.23,3.23
2012.11.01 17:19:10.021,1.20579,1.20593,2.48,4.73
2012.11.01 17:19:20.160,1.20579,1.20593,2.85,3.23
2012.11.01 17:19:20.713,1.20579,1.20593,2.10,1.73
2012.11.01 17:19:23.732,1.20579,1.20593,2.48,1.50
2012.11.01 17:19:23.861,1.20579,1.20593,2.48,3.23
2012.11.01 17:19:24.401,1.20578,1.20591,2.03,1.73
2012.11.01 17:19:26.402,1.20578,1.20591,2.48,2.25
2012.11.01 17:19:26.851,1.20579,1.20591,1.73,1.50
2012.11.01 17:19:26.911,1.20579,1.20593,3.23,1.50
2012.11.01 17:19:32.596,1.20579,1.20593,3.23,1.50
2012.11.01 17:19:35.011,1.20579,1.20593,3.23,1.50
2012.11.01 17:19:35.600,1.20579,1.20593,3.23,1.50
2012.11.01 17:19:43.520,1.20579,1.20593,3.23,1.50
2012.11.01 17:19:44.162,1.20579,1.20593,3.23,1.50
2012.11.01 17:20:01.171,1.20579,1.20593,2.48,1.50
2012.11.01 17:20:07.760,1.20579,1.20593,3.98,1.50
2012.11.01 17:20:12.475,1.20579,1.20593,3.98,1.50
2012.11.01 17:20:13.850,1.20579,1.20593,3.98,1.50
2012.11.01 17:20:15.448,1.20579,1.20593,3.98,1.50
2012.11.01 17:20:18.891,1.20579,1.20593,5.10,1.50
2012.11.01 17:20:21.752,1.2058,1.20596,2.48,2.48
2012.11.01 17:20:23.941,1.2058,1.20596,2.48,6.23
2012.11.01 17:20:24.581,1.20579,1.20594,2.48,1.50
2012.11.01 17:20:44.273,1.20578,1.20592,7.73,1.50
2012.11.01 17:20:44.601,1.20578,1.2059,6.23,1.50
2012.11.01 17:20:46.122,1.20578,1.2059,6.23,1.50
2012.11.01 17:21:06.072,1.20578,1.2059,5.48,1.50
2012.11.01 17:21:18.452,1.20579,1.2059,1.73,1.50
2012.11.01 17:21:21.462,1.20579,1.20591,5.48,1.50
2012.11.01 17:21:43.591,1.20579,1.20591,5.48,1.50
2012.11.01 17:22:02.346,1.20578,1.20591,3.23,1.50
2012.11.01 17:22:09.042,1.20579,1.20591,2.48,5.25
2012.11.01 17:22:14.542,1.20579,1.20589,2.48,1.50
2012.11.01 17:22:29.285,1.20579,1.20591,2.48,2.25
2012.11.01 17:22:29.833,1.2058,1.2059,4.73,1.50
2012.11.01 17:22:30.501,1.2058,1.2059,3.98,1.50
2012.11.01 17:22:48.001,1.2058,1.20592,1.73,3.38
2012.11.01 17:22:51.887,1.2058,1.20589,2.48,1.88
2012.11.01 17:22:52.223,1.20578,1.20592,2.48,2.25
2012.11.01 17:22:52.292,1.20578,1.20592,2.48,3.00
2012.11.01 17:22:52.472,1.20578,1.20593,1.73,4.13
2012.11.01 17:22:52.601,1.20579,1.20593,1.73,2.63
2012.11.01 17:22:53.142,1.20579,1.20593,1.73,1.50
2012.11.01 17:22:55.032,1.20579,1.20593,1.73,1.50
2012.11.01 17:22:55.582,1.2058,1.20593,2.48,1.50
2012.11.01 17:22:56.091,1.20582,1.20592,1.73,1.88
2012.11.01 17:22:57.574,1.20582,1.20594,2.48,3.38
2012.11.01 17:22:58.168,1.20584,1.20594,2.48,1.88
2012.11.01 17:22:59.683,1.20584,1.20594,2.48,1.88
2012.11.01 17:22:59.861,1.20584,1.20591,1.73,3.75
2012.11.01 17:23:00.041,1.20582,1.20591,1.35,3.75
2012.11.01 17:23:00.161,1.20579,1.20592,1.73,1.50
2012.11.01 17:23:18.733,1.20579,1.20591,2.48,1.88
2012.11.01 17:23:18.861,1.20579,1.20591,2.48,1.88
2012.11.01 17:23:31.951,1.2058,1.20593,2.48,1.88
2012.11.01 17:23:42.481,1.2058,1.20593,2.48,1.88
2012.11.01 17:23:50.391,1.2058,1.20593,2.48,2.10
2012.11.01 17:23:50.452,1.2058,1.20589,1.73,3.75
2012.11.01 17:23:50.691,1.2058,1.20592,1.73,1.73
2012.11.01 17:23:52.492,1.2058,1.20592,1.73,1.73
2012.11.01 17:24:01.941,1.20579,1.20592,2.48,1.73
2012.11.01 17:24:11.712,1.20579,1.20592,4.58,1.73
2012.11.01 17:24:12.036,1.20579,1.2059,3.83,1.50
2012.11.01 17:24:23.471,1.20579,1.20593,3.83,3.98
2012.11.01 17:24:24.014,1.2058,1.20593,1.50,2.48
2012.11.01 17:24:39.052,1.20579,1.20593,3.83,2.48
2012.11.01 17:24:42.501,1.2058,1.20593,1.50,2.48
2012.11.01 17:24:52.491,1.2058,1.20593,1.50,2.48
2012.11.01 17:24:57.164,1.2058,1.20593,1.73,3.23
2012.11.01 17:25:12.464,1.2058,1.20593,1.73,3.23
2012.11.01 17:25:15.002,1.20579,1.20593,1.73,3.23
2012.11.01 17:25:15.251,1.20579,1.20593,1.50,6.23
2012.11.01 17:25:15.373,1.20579,1.20593,1.73,2.48
2012.11.01 17:25:22.541,1.20579,1.20593,1.73,2.48
2012.11.01 17:25:24.418,1.20579,1.20594,1.73,2.48
2012.11.01 17:25:29.150,1.20579,1.20593,1.73,1.73
2012.11.01 17:25:34.642,1.20579,1.20592,1.73,1.50
2012.11.01 17:25:53.885,1.20579,1.20592,1.73,1.50
2012.11.01 17:25:57.541,1.20579,1.20592,1.73,2.25
2012.11.01 17:25:59.892,1.20579,1.20591,1.73,1.50
2012.11.01 17:26:21.712,1.2058,1.20591,2.10,1.50
2012.11.01 17:26:29.851,1.20578,1.20592,3.08,3.00
2012.11.01 17:26:39.861,1.20579,1.20592,3.08,3.00
2012.11.01 17:26:40.401,1.20579,1.20592,3.08,3.00
2012.11.01 17:26:41.195,1.20579,1.20592,1.58,3.00
2012.11.01 17:27:08.910,1.20578,1.20592,1.58,2.25
2012.11.01 17:27:27.142,1.20579,1.20592,2.48,2.48
2012.11.01 17:27:27.321,1.2058,1.20594,1.73,3.00
2012.11.01 17:27:27.562,1.2058,1.20592,1.50,1.73
2012.11.01 17:27:27.741,1.20578,1.20592,2.33,2.48
2012.11.01 17:27:28.706,1.20578,1.20592,2.33,3.23
2012.11.01 17:27:36.444,1.20579,1.20592,3.08,3.23
2012.11.01 17:27:36.513,1.20579,1.20592,2.85,3.23
2012.11.01 17:27:36.632,1.20579,1.20591,2.10,1.50
2012.11.01 17:27:37.142,1.20579,1.20591,2.10,1.50
2012.11.01 17:27:40.523,1.20579,1.20591,1.50,1.50
2012.11.01 17:28:08.953,1.20579,1.20593,1.73,3.98
2012.11.01 17:28:31.112,1.2058,1.20593,2.10,1.73
2012.11.01 17:28:31.645,1.20581,1.20593,2.10,1.73
2012.11.01 17:28:51.931,1.20579,1.20592,3.00,1.50
2012.11.01 17:28:52.223,1.20581,1.20593,1.50,1.50
2012.11.01 17:28:52.911,1.20581,1.20594,1.73,2.48
2012.11.01 17:28:55.353,1.2058,1.20592,2.48,1.50
2012.11.01 17:28:57.362,1.20579,1.20589,4.58,1.50
2012.11.01 17:28:57.483,1.20579,1.20589,2.10,1.50
2012.11.01 17:29:05.280,1.20577,1.20589,5.33,1.50
2012.11.01 17:29:05.813,1.20577,1.20589,5.33,1.50
2012.11.01 17:29:06.792,1.20577,1.2059,5.33,1.50
2012.11.01 17:29:14.732,1.20577,1.20589,5.33,1.50
2012.11.01 17:29:15.252,1.20577,1.2059,5.33,1.50
2012.11.01 17:29:24.712,1.20578,1.20591,1.58,1.73
2012.11.01 17:29:41.525,1.20579,1.20591,3.08,1.50
2012.11.01 17:29:42.063,1.20579,1.20591,2.85,1.50
2012.11.01 17:29:53.211,1.20579,1.20591,2.85,1.50
2012.11.01 17:30:10.421,1.20579,1.20592,2.10,3.23
2012.11.01 17:30:27.963,1.20578,1.2059,1.73,1.50
2012.11.01 17:30:41.731,1.20578,1.20591,1.73,1.50
2012.11.01 17:30:43.173,1.20577,1.20591,1.13,1.73
2012.11.01 17:30:43.731,1.20576,1.20591,4.88,1.73
2012.11.01 17:31:07.221,1.20577,1.20592,1.73,2.48
2012.11.01 17:31:18.671,1.20577,1.2059,1.13,1.50
2012.11.01 17:31:34.290,1.20577,1.2059,3.08,2.25
2012.11.01 17:31:34.495,1.20579,1.2059,2.10,1.50
2012.11.01 17:31:49.692,1.20578,1.2059,2.33,1.50
2012.11.01 17:31:51.447,1.20578,1.2059,1.35,2.48
2012.11.01 17:31:53.305,1.20578,1.2059,1.58,1.50
2012.11.01 17:32:08.392,1.20578,1.2059,1.58,2.25
2012.11.01 17:32:09.088,1.20578,1.2059,1.35,2.48
2012.11.01 17:32:12.833,1.20578,1.2059,1.35,1.73
2012.11.01 17:32:13.348,1.20578,1.2059,1.58,1.50
2012.11.01 17:32:16.321,1.20578,1.2059,1.35,3.23
2012.11.01 17:32:19.598,1.20578,1.2059,1.58,2.25
2012.11.01 17:32:34.533,1.20578,1.20591,1.35,3.23
2012.11.01 17:32:39.192,1.20578,1.20589,1.35,3.98
2012.11.01 17:32:39.721,1.20578,1.2059,1.35,1.73
2012.11.01 17:32:40.242,1.20578,1.20591,1.58,3.23
2012.11.01 17:32:43.914,1.20577,1.20589,1.73,1.50
2012.11.01 17:32:44.127,1.20578,1.20591,3.08,3.75
2012.11.01 17:33:30.852,1.20578,1.20591,2.33,3.00
2012.11.01 17:33:40.633,1.20578,1.2059,3.60,2.48
2012.11.01 17:33:40.753,1.20578,1.2059,3.83,2.25
2012.11.01 17:33:44.033,1.20578,1.20592,1.73,3.98
2012.11.01 17:33:44.581,1.20578,1.20591,3.83,2.03
2012.11.01 17:33:45.441,1.20578,1.20591,3.83,2.03
2012.11.01 17:33:47.232,1.20578,1.20591,2.85,3.23
2012.11.01 17:33:47.353,1.20578,1.20591,3.08,3.98
2012.11.01 17:33:47.773,1.20576,1.20587,1.73,2.25
2012.11.01 17:33:49.242,1.20575,1.20587,1.58,3.38
2012.11.01 17:33:49.782,1.20576,1.20587,2.48,1.88
2012.11.01 17:33:50.352,1.20575,1.20587,1.58,1.50
2012.11.01 17:33:50.653,1.20571,1.20584,3.83,3.00
2012.11.01 17:33:51.132,1.20571,1.20584,2.10,1.50
2012.11.01 17:33:51.253,1.20569,1.20583,1.73,3.00
2012.11.01 17:34:25.634,1.20567,1.2058,3.23,2.48
2012.11.01 17:34:26.164,1.20567,1.2058,4.58,1.50
2012.11.01 17:34:27.092,1.20567,1.2058,4.58,1.50
2012.11.01 17:34:28.504,1.20567,1.2058,4.58,1.50
2012.11.01 17:34:28.744,1.20568,1.20581,1.73,3.75
2012.11.01 17:34:29.553,1.20569,1.20581,3.08,3.75
2012.11.01 17:34:32.242,1.2057,1.20582,1.58,3.23
2012.11.01 17:34:40.198,1.2057,1.20582,2.33,1.73
2012.11.01 17:34:40.725,1.2057,1.20582,2.33,1.50
2012.11.01 17:34:46.874,1.2057,1.20581,2.10,1.50
2012.11.01 17:34:51.183,1.20569,1.2058,1.73,1.50
2012.11.01 17:34:51.899,1.20564,1.20577,3.23,1.50
2012.11.01 17:34:52.413,1.20564,1.20577,2.48,1.73
2012.11.01 17:34:53.240,1.20564,1.20577,2.48,1.73
2012.11.01 17:34:58.695,1.20567,1.20577,1.50,1.50
2012.11.01 17:34:59.362,1.20564,1.20578,3.23,1.50
2012.11.01 17:35:03.803,1.20564,1.20576,2.48,1.50
2012.11.01 17:35:04.544,1.20564,1.20577,2.48,1.50
2012.11.01 17:35:20.756,1.20564,1.20577,2.48,1.50
2012.11.01 17:35:21.596,1.20564,1.20577,2.48,1.50
2012.11.01 17:35:21.785,1.20564,1.20577,2.48,1.50
2012.11.01 17:35:22.324,1.20564,1.20578,2.48,3.23
2012.11.01 17:35:22.862,1.20564,1.20578,2.48,3.23
2012.11.01 17:35:23.385,1.20564,1.20578,2.48,1.50
2012.11.01 17:35:24.210,1.20564,1.20578,2.48,3.23
2012.11.01 17:35:24.273,1.20564,1.20578,2.48,3.23
2012.11.01 17:35:24.812,1.20564,1.20577,2.48,1.50
2012.11.01 17:35:25.342,1.20564,1.20577,2.48,1.50
2012.11.01 17:35:26.131,1.20564,1.20578,2.48,3.00
2012.11.01 17:35:26.683,1.20564,1.20576,2.48,3.00
2012.11.01 17:35:27.104,1.20564,1.20576,2.25,1.73
2012.11.01 17:35:27.592,1.20565,1.20576,2.25,1.73
2012.11.01 17:35:28.132,1.20564,1.20576,2.25,2.48
2012.11.01 17:35:28.192,1.20564,1.20576,2.25,1.50
2012.11.01 17:35:44.941,1.20564,1.20571,1.50,1.50
2012.11.01 17:35:45.004,1.20561,1.20571,1.50,1.50
2012.11.01 17:35:52.443,1.2056,1.20571,1.73,1.50
2012.11.01 17:35:56.962,1.2056,1.20572,1.73,1.73
2012.11.01 17:35:57.244,1.20561,1.20572,1.35,1.73
2012.11.01 17:35:58.124,1.20561,1.20572,2.33,1.50
2012.11.01 17:36:02.533,1.2056,1.20573,1.73,3.23
2012.11.01 17:36:09.212,1.20559,1.20572,3.83,1.50
2012.11.01 17:36:09.457,1.20559,1.20572,1.35,1.73
2012.11.01 17:36:50.814,1.20559,1.2057,3.08,1.50
2012.11.01 17:36:57.554,1.20559,1.2057,2.33,1.50
2012.11.01 17:37:03.644,1.2056,1.2057,2.33,1.50
2012.11.01 17:37:03.833,1.20559,1.2057,3.08,1.50
2012.11.01 17:37:04.404,1.20559,1.2057,2.33,1.50
2012.11.01 17:37:07.413,1.20559,1.2057,3.08,1.50
2012.11.01 17:37:12.669,1.20559,1.2057,3.08,1.50
2012.11.01 17:37:36.205,1.20559,1.20569,3.08,1.50
2012.11.01 17:37:40.034,1.20558,1.20569,1.73,1.50
2012.11.01 17:38:12.503,1.20558,1.2057,3.08,1.50
2012.11.01 17:38:22.435,1.20558,1.2057,3.08,1.50
2012.11.01 17:38:27.334,1.20558,1.20571,3.08,2.25
2012.11.01 17:38:57.892,1.20558,1.20571,1.73,3.75
2012.11.01 17:39:24.233,1.20559,1.20572,2.48,1.50
2012.11.01 17:39:24.353,1.20562,1.20572,1.50,1.50
2012.11.01 17:39:24.483,1.20559,1.20572,2.48,3.00
2012.11.01 17:39:57.273,1.20558,1.20571,3.98,1.50
2012.11.01 17:39:59.473,1.20558,1.20571,3.98,2.25
2012.11.01 17:40:00.179,1.20558,1.20571,3.98,2.25
2012.11.01 17:40:34.995,1.20558,1.2057,2.48,1.50
2012.11.01 17:40:35.523,1.20558,1.2057,2.48,1.50
2012.11.01 17:40:36.463,1.20558,1.2057,9.23,1.50
2012.11.01 17:40:37.629,1.20559,1.2057,2.25,1.50
2012.11.01 17:40:52.584,1.20559,1.20571,1.73,1.50
2012.11.01 17:40:52.704,1.20559,1.20571,2.48,1.50
2012.11.01 17:41:02.443,1.20559,1.20572,1.73,3.75
2012.11.01 17:41:11.555,1.20564,1.20572,1.50,2.25
2012.11.01 17:41:11.687,1.20564,1.20573,2.25,1.73
2012.11.01 17:41:11.815,1.20559,1.20574,1.73,3.98
2012.11.01 17:41:11.944,1.20558,1.20574,3.98,3.98
2012.11.01 17:41:14.485,1.20559,1.20573,1.73,1.73
2012.11.01 17:41:14.794,1.20559,1.20571,5.10,1.50
2012.11.01 17:41:14.855,1.20559,1.20571,5.10,1.50
2012.11.01 17:41:14.984,1.20559,1.20571,4.73,1.50
2012.11.01 17:41:17.294,1.20559,1.20571,4.58,1.50
2012.11.01 17:41:17.353,1.20562,1.20573,1.50,2.48
2012.11.01 17:41:17.475,1.20562,1.20573,1.13,2.48
2012.11.01 17:41:17.783,1.2056,1.20573,1.50,1.73
2012.11.01 17:41:22.365,1.20565,1.20574,2.25,4.58
2012.11.01 17:41:22.433,1.20565,1.20574,2.48,2.25
2012.11.01 17:41:22.495,1.20565,1.20576,2.48,1.50
2012.11.01 17:41:22.565,1.20565,1.20576,1.73,2.25
2012.11.01 17:41:22.635,1.20563,1.20576,2.25,6.75
2012.11.01 17:41:22.704,1.2056,1.20574,1.73,2.25
2012.11.01 17:41:22.823,1.2056,1.20574,1.73,1.50
2012.11.01 17:41:23.063,1.2056,1.20574,1.50,3.23
2012.11.01 17:41:25.464,1.20565,1.20574,1.50,2.48
2012.11.01 17:41:25.704,1.20563,1.20576,2.25,4.73
2012.11.01 17:41:25.765,1.2056,1.20575,1.69,3.00
2012.11.01 17:41:25.883,1.2056,1.20571,1.35,1.50
2012.11.01 17:41:26.124,1.20559,1.20569,3.93,1.50
2012.11.01 17:41:26.822,1.20558,1.20569,2.10,1.50
2012.11.01 17:41:30.853,1.20565,1.20573,1.73,2.25
2012.11.01 17:41:31.093,1.20566,1.20578,1.73,1.65
2012.11.01 17:41:31.607,1.20567,1.20579,2.48,1.65
2012.11.01 17:41:32.307,1.20567,1.20581,3.23,3.30
2012.11.01 17:41:36.996,1.20567,1.20581,3.23,3.30
2012.11.01 17:41:37.893,1.20567,1.20581,3.23,3.30
2012.11.01 17:41:38.504,1.20567,1.20581,3.98,3.30
2012.11.01 17:41:39.061,1.20567,1.20581,3.98,2.48
2012.11.01 17:41:39.587,1.20567,1.20581,3.23,2.48
2012.11.01 17:41:40.255,1.20565,1.20578,2.25,2.63
2012.11.01 17:41:40.324,1.20564,1.20578,2.20,2.48
2012.11.01 17:41:40.445,1.20562,1.20578,3.23,3.23
2012.11.01 17:41:40.574,1.20562,1.20577,3.23,1.50
2012.11.01 17:41:42.495,1.20563,1.20577,1.73,1.50
2012.11.01 17:41:57.344,1.20564,1.20577,1.73,1.50
2012.11.01 17:41:58.713,1.20567,1.20578,1.50,1.73
2012.11.01 17:41:58.954,1.20567,1.2058,3.98,1.65
2012.11.01 17:41:59.014,1.20567,1.2058,3.98,1.65
2012.11.01 17:41:59.375,1.20561,1.2057,1.28,5.25
2012.11.01 17:41:59.444,1.20556,1.20564,1.13,1.73
2012.11.01 17:41:59.633,1.20551,1.20562,3.05,2.25
2012.11.01 17:42:00.135,1.20553,1.20562,1.27,2.25
2012.11.01 17:42:00.504,1.20555,1.20562,1.68,1.50
2012.11.01 17:42:00.564,1.20555,1.20562,1.68,2.25
2012.11.01 17:42:00.744,1.20552,1.20562,1.50,3.00
2012.11.01 17:42:01.405,1.20553,1.20561,1.27,1.50
2012.11.01 17:42:01.535,1.20553,1.20564,1.27,2.48
2012.11.01 17:42:01.605,1.20553,1.20561,1.97,1.50
2012.11.01 17:42:01.673,1.20552,1.20561,1.35,1.50
2012.11.01 17:42:03.063,1.20553,1.20561,1.13,1.50
2012.11.01 17:42:03.187,1.20553,1.20566,3.19,1.73
2012.11.01 17:42:03.254,1.20553,1.20566,4.54,1.50
2012.11.01 17:42:09.659,1.20554,1.20566,2.10,1.50
2012.11.01 17:42:10.203,1.20558,1.20567,1.73,1.50
2012.11.01 17:42:10.443,1.20558,1.20571,2.48,1.50
2012.11.01 17:42:10.984,1.20559,1.20572,3.98,2.25
2012.11.01 17:42:11.284,1.20558,1.20571,2.48,5.25
2012.11.01 17:42:11.584,1.20551,1.20563,2.10,1.50
2012.11.01 17:42:12.172,1.20551,1.20563,1.35,1.50
2012.11.01 17:42:12.703,1.2055,1.20562,2.10,2.25
2012.11.01 17:42:14.736,1.20552,1.20562,1.73,2.25
2012.11.01 17:42:15.253,1.2055,1.20562,2.48,1.50
2012.11.01 17:42:16.703,1.20552,1.20562,2.25,1.50
2012.11.01 17:42:16.944,1.20551,1.20562,1.35,2.25
2012.11.01 17:42:19.417,1.20551,1.20562,1.73,3.00
2012.11.01 17:42:19.604,1.20551,1.20562,2.48,1.50
2012.11.01 17:42:19.734,1.2055,1.20562,2.95,1.50
2012.11.01 17:42:21.333,1.20551,1.20562,1.35,1.50
2012.11.01 17:42:21.576,1.2055,1.20563,2.10,3.75
2012.11.01 17:42:22.528,1.2055,1.20563,2.85,4.50
2012.11.01 17:42:24.232,1.20553,1.20563,4.50,2.25
2012.11.01 17:42:24.953,1.2055,1.20563,2.48,2.25
2012.11.01 17:42:26.423,1.20552,1.20563,4.50,2.25
2012.11.01 17:42:26.484,1.20552,1.20566,6.75,1.73
2012.11.01 17:42:26.604,1.2055,1.20564,3.23,3.00
2012.11.01 17:42:28.173,1.20551,1.20564,2.10,3.00
2012.11.01 17:42:28.294,1.20553,1.20565,2.25,1.73
2012.11.01 17:42:28.795,1.20552,1.20565,2.85,3.98
2012.11.01 17:42:29.446,1.20551,1.20564,1.35,3.23
2012.11.01 17:42:31.184,1.20552,1.20564,1.73,3.23
2012.11.01 17:42:31.434,1.20553,1.20565,1.35,2.25
2012.11.01 17:42:31.795,1.20551,1.20565,4.73,3.98
2012.11.01 17:42:32.465,1.2055,1.20565,2.10,3.98
2012.11.01 17:42:37.314,1.20551,1.20564,5.48,1.73
2012.11.01 17:42:37.673,1.20555,1.20567,3.98,2.48
2012.11.01 17:42:37.734,1.20555,1.20567,3.98,1.50
2012.11.01 17:42:38.283,1.20555,1.2057,3.98,2.10
2012.11.01 17:42:38.822,1.20555,1.20571,3.23,4.35
2012.11.01 17:42:39.372,1.20556,1.20571,1.73,3.60
2012.11.01 17:42:40.112,1.20556,1.20571,1.73,3.83
2012.11.01 17:42:40.653,1.20556,1.2057,1.73,1.58
2012.11.01 17:42:40.925,1.20556,1.2057,1.73,1.35
2012.11.01 17:42:41.174,1.20556,1.20571,1.73,3.08
2012.11.01 17:42:42.268,1.20556,1.2057,1.73,2.10
2012.11.01 17:42:44.783,1.20556,1.2057,2.48,1.35
2012.11.01 17:42:44.848,1.20556,1.2057,1.50,4.35
2012.11.01 17:42:48.593,1.20554,1.20568,2.85,3.75
2012.11.01 17:42:55.053,1.20557,1.20571,3.98,3.15
2012.11.01 17:42:59.816,1.20559,1.20574,2.48,3.45
2012.11.01 17:43:00.133,1.20559,1.20572,3.23,1.05
2012.11.01 17:43:00.736,1.2056,1.20573,3.23,1.05
2012.11.01 17:43:01.256,1.2056,1.20574,3.23,2.25
2012.11.01 17:43:01.763,1.2056,1.20574,3.23,2.25
2012.11.01 17:43:02.324,1.2056,1.20572,2.48,1.05
2012.11.01 17:43:02.927,1.2056,1.20572,2.48,1.05
2012.11.01 17:43:03.485,1.2056,1.20573,2.48,1.05
2012.11.01 17:43:04.044,1.2056,1.20573,2.48,1.05
2012.11.01 17:43:04.553,1.2056,1.20572,2.48,1.05
2012.11.01 17:43:05.094,1.2056,1.20574,2.48,2.55
2012.11.01 17:43:05.603,1.2056,1.20574,2.48,2.25
2012.11.01 17:43:06.143,1.2056,1.20574,2.48,2.25
2012.11.01 17:43:06.704,1.2056,1.20574,2.48,1.50
2012.11.01 17:43:07.264,1.2056,1.20574,2.48,2.55
2012.11.01 17:43:08.133,1.2056,1.20574,2.48,2.55
2012.11.01 17:43:08.715,1.2056,1.20573,2.48,1.05
2012.11.01 17:43:09.275,1.2056,1.20573,2.48,1.05
2012.11.01 17:43:09.783,1.2056,1.20573,2.48,1.05
2012.11.01 17:43:10.607,1.2056,1.20573,2.48,1.05
2012.11.01 17:43:10.803,1.20559,1.20572,1.73,2.10
2012.11.01 17:43:11.597,1.20558,1.20572,2.48,2.40
2012.11.01 17:43:20.753,1.20558,1.20571,2.48,1.05
2012.11.01 17:43:22.854,1.20558,1.20571,2.48,6.15
2012.11.01 17:43:22.974,1.20554,1.20567,2.85,1.95
2012.11.01 17:43:23.513,1.20554,1.20567,1.73,3.23
2012.11.01 17:43:38.606,1.20554,1.20566,1.73,2.25
2012.11.01 17:43:47.913,1.20553,1.20566,7.73,2.01
2012.11.01 17:44:06.509,1.20553,1.20567,2.48,1.50
2012.11.01 17:44:06.754,1.20557,1.20568,3.75,1.20
2012.11.01 17:44:07.294,1.20557,1.20568,1.73,1.20
2012.11.01 17:44:50.059,1.20557,1.20568,1.73,1.20
2012.11.01 17:44:50.575,1.20557,1.20568,1.73,1.20
2012.11.01 17:44:53.504,1.20557,1.20569,1.73,2.25
2012.11.01 17:44:58.433,1.20555,1.20569,2.85,3.75
2012.11.01 17:44:59.041,1.20553,1.20568,4.35,2.33
2012.11.01 17:45:02.455,1.20553,1.20567,3.23,2.25
2012.11.01 17:45:12.574,1.20553,1.20567,3.98,4.20
2012.11.01 17:45:18.394,1.20553,1.20566,3.23,1.50
2012.11.01 17:45:22.448,1.20553,1.20566,3.23,1.50
2012.11.01 17:45:34.138,1.20553,1.20566,2.48,2.25
2012.11.01 17:45:34.204,1.20553,1.20565,1.73,2.85
2012.11.01 17:45:34.384,1.20551,1.20565,2.10,4.58
2012.11.01 17:46:46.473,1.20548,1.20562,1.13,5.25
2012.11.01 17:46:46.534,1.20548,1.20561,1.73,3.75
2012.11.01 17:46:46.594,1.20548,1.20561,1.73,3.75
2012.11.01 17:46:46.835,1.20548,1.20559,1.73,2.25
2012.11.01 17:47:06.463,1.20547,1.20558,1.73,1.50
2012.11.01 17:47:06.978,1.20547,1.20559,1.73,3.00
2012.11.01 17:47:15.004,1.20548,1.2056,1.73,2.25
2012.11.01 17:47:22.494,1.20548,1.2056,1.73,2.25
2012.11.01 17:47:30.306,1.20546,1.2056,1.73,2.48
2012.11.01 17:47:43.713,1.20546,1.2056,1.73,3.23
2012.11.01 17:48:12.243,1.20544,1.2056,2.78,1.50
2012.11.01 17:48:13.934,1.20544,1.2056,2.78,1.50
2012.11.01 17:48:18.063,1.20547,1.2056,2.48,1.50
2012.11.01 17:48:32.464,1.20547,1.2056,2.48,1.50
2012.11.01 17:48:33.084,1.20547,1.20561,3.23,2.48
2012.11.01 17:48:46.995,1.20549,1.20561,1.50,2.48
2012.11.01 17:48:47.234,1.20551,1.20564,2.48,1.50
2012.11.01 17:48:47.815,1.20549,1.20563,2.48,3.00
2012.11.01 17:48:48.054,1.20551,1.20565,2.48,3.23
2012.11.01 17:48:48.596,1.20549,1.20563,2.48,1.50
2012.11.01 17:48:49.325,1.2055,1.20566,2.48,3.98
2012.11.01 17:48:49.625,1.20549,1.20564,1.73,2.48
2012.11.01 17:48:50.165,1.20551,1.20565,2.48,3.75
2012.11.01 17:48:50.224,1.20551,1.20565,2.48,2.25
2012.11.01 17:48:50.464,1.20551,1.20565,1.73,2.48
2012.11.01 17:48:50.655,1.20549,1.20564,1.73,2.48
2012.11.01 17:48:51.194,1.20548,1.20563,3.23,2.48
2012.11.01 17:48:51.585,1.20551,1.20565,1.50,3.98
2012.11.01 17:48:51.893,1.20551,1.20565,2.48,3.98
2012.11.01 17:48:52.133,1.20551,1.20565,1.73,3.23
2012.11.01 17:48:52.684,1.20549,1.20563,2.48,3.00
2012.11.01 17:48:52.805,1.20551,1.20565,2.48,3.23
2012.11.01 17:48:53.284,1.20548,1.20564,3.98,2.48
2012.11.01 17:48:53.765,1.20548,1.20564,3.98,1.73
2012.11.01 17:48:54.304,1.20549,1.20563,2.48,2.25
2012.11.01 17:48:54.844,1.20551,1.20565,2.48,3.23
2012.11.01 17:48:55.466,1.20551,1.20565,2.48,3.23
2012.11.01 17:48:56.334,1.20551,1.20565,2.48,2.48
2012.11.01 17:48:56.694,1.20549,1.20563,3.23,2.25
2012.11.01 17:48:57.235,1.2055,1.20565,3.23,1.50
2012.11.01 17:48:57.484,1.2055,1.20565,2.48,1.73
2012.11.01 17:48:58.034,1.20549,1.20563,2.48,2.25
2012.11.01 17:48:58.336,1.2055,1.20566,3.98,3.23
2012.11.01 17:48:58.885,1.20549,1.20563,2.48,2.48
2012.11.01 17:48:59.674,1.20548,1.20564,4.73,2.48
2012.11.01 17:49:00.186,1.2055,1.20565,2.48,2.48
2012.11.01 17:49:00.697,1.20548,1.20564,4.73,3.00
2012.11.01 17:49:01.204,1.20548,1.20564,3.98,3.00
2012.11.01 17:49:01.745,1.20548,1.20564,2.48,2.48
2012.11.01 17:49:01.804,1.20548,1.20564,2.48,2.48
2012.11.01 17:49:02.144,1.2055,1.20565,2.48,1.73
2012.11.01 17:49:02.205,1.2055,1.20566,2.48,3.23
2012.11.01 17:49:02.684,1.20548,1.20564,4.73,2.48
2012.11.01 17:49:03.225,1.20551,1.20565,2.48,3.00
2012.11.01 17:49:03.645,1.20549,1.20563,3.23,2.25
2012.11.01 17:49:04.114,1.20549,1.20563,2.48,1.50
2012.11.01 17:49:04.654,1.20548,1.20564,3.23,3.23
2012.11.01 17:49:05.224,1.2055,1.20565,2.48,1.50
2012.11.01 17:49:05.346,1.2055,1.20565,3.23,1.73
2012.11.01 17:49:05.857,1.20548,1.20564,4.73,2.48
2012.11.01 17:49:06.296,1.2055,1.20566,3.23,2.48
2012.11.01 17:49:06.605,1.20549,1.20563,1.73,1.50
2012.11.01 17:49:07.305,1.20551,1.20565,1.73,3.00
2012.11.01 17:49:07.850,1.20549,1.20563,1.73,2.25
2012.11.01 17:49:08.205,1.20549,1.20563,3.23,1.50
2012.11.01 17:49:08.753,1.20551,1.20564,1.50,1.73
2012.11.01 17:49:09.254,1.20548,1.20564,3.23,3.00
2012.11.01 17:49:09.316,1.20549,1.20564,1.73,1.50
2012.11.01 17:49:09.863,1.20548,1.20564,3.98,2.25
2012.11.01 17:49:10.295,1.20551,1.20565,2.48,3.98
2012.11.01 17:49:10.735,1.20549,1.20563,3.23,1.73
2012.11.01 17:49:11.274,1.20549,1.20563,2.48,1.50
2012.11.01 17:49:11.814,1.20549,1.20563,2.48,1.73
2012.11.01 17:49:12.354,1.20551,1.20565,2.48,3.75
2012.11.01 17:49:12.724,1.20551,1.20565,1.73,3.98
2012.11.01 17:49:13.274,1.20549,1.20563,2.48,2.25
2012.11.01 17:49:13.573,1.20551,1.20565,1.73,4.73
2012.11.01 17:49:14.113,1.20549,1.20563,2.48,2.25
2012.11.01 17:49:14.234,1.20549,1.20563,2.48,2.25
2012.11.01 17:49:14.754,1.2055,1.20565,2.48,2.48
2012.11.01 17:49:15.314,1.20549,1.20563,2.48,1.50
2012.11.01 17:49:15.874,1.20548,1.20564,5.48,2.48
2012.11.01 17:49:15.993,1.20548,1.20564,4.73,3.23
2012.11.01 17:49:16.455,1.20548,1.20564,3.98,1.50
2012.11.01 17:49:16.995,1.20549,1.20563,2.48,2.25
2012.11.01 17:49:17.535,1.2055,1.20566,2.48,3.23
2012.11.01 17:49:17.954,1.20549,1.20564,3.23,3.23
2012.11.01 17:49:18.434,1.20548,1.20564,2.48,3.00
2012.11.01 17:49:19.034,1.20549,1.20564,1.73,2.48
2012.11.01 17:49:19.515,1.2055,1.20564,1.73,2.25
2012.11.01 17:49:19.874,1.20549,1.20563,2.48,2.25
2012.11.01 17:49:20.414,1.20549,1.20563,2.48,2.48
2012.11.01 17:49:20.534,1.20551,1.20565,2.48,3.75
2012.11.01 17:49:20.654,1.20551,1.20565,2.48,3.00
2012.11.01 17:49:20.954,1.20549,1.20564,1.73,2.48
2012.11.01 17:49:21.394,1.20548,1.20564,3.98,3.23
2012.11.01 17:49:21.454,1.20548,1.20564,4.73,2.48
2012.11.01 17:49:21.994,1.20549,1.20563,2.48,2.25
2012.11.01 17:49:22.054,1.20549,1.20563,2.48,2.25
2012.11.01 17:49:22.454,1.2055,1.20564,1.73,1.50
2012.11.01 17:49:23.011,1.20548,1.20564,3.98,2.48
2012.11.01 17:49:23.524,1.20549,1.20564,2.48,2.48
2012.11.01 17:49:24.134,1.20549,1.20563,2.48,2.48
2012.11.01 17:49:24.533,1.20549,1.20563,3.98,2.25
2012.11.01 17:49:24.594,1.2055,1.20565,2.48,1.73
2012.11.01 17:49:25.084,1.20549,1.20564,1.73,2.48
2012.11.01 17:49:25.594,1.20549,1.20564,2.48,1.50
2012.11.01 17:49:26.096,1.2055,1.20564,2.48,1.50
2012.11.01 17:49:26.404,1.20547,1.20562,1.73,3.98
2012.11.01 17:49:27.749,1.20548,1.20562,1.73,3.23
2012.11.01 17:49:27.874,1.20548,1.20562,3.23,1.50
2012.11.01 17:49:27.934,1.2055,1.20565,2.48,1.73
2012.11.01 17:49:40.562,1.20552,1.20566,2.48,2.10
2012.11.01 17:49:41.044,1.20551,1.20564,2.48,2.25
2012.11.01 17:49:50.278,1.20551,1.20564,1.73,1.73
2012.11.01 17:49:56.163,1.20551,1.20565,1.73,1.65
2012.11.01 17:50:03.744,1.20551,1.20565,1.73,3.23
2012.11.01 17:50:11.745,1.20551,1.20563,1.73,3.23
2012.11.01 17:50:11.985,1.20549,1.20562,3.98,1.50
2012.11.01 17:50:12.525,1.20549,1.20563,2.48,3.23
2012.11.01 17:50:22.485,1.2055,1.20564,1.73,2.48
2012.11.01 17:51:30.829,1.20547,1.20563,3.08,1.73
2012.11.01 17:51:36.615,1.20547,1.20563,1.73,3.23
2012.11.01 17:51:37.164,1.20548,1.20562,3.23,3.23
2012.11.01 17:51:37.706,1.20548,1.20561,3.23,1.50
2012.11.01 17:51:37.895,1.20549,1.20562,1.50,3.23
2012.11.01 17:51:38.015,1.20549,1.20562,1.73,3.23
2012.11.01 17:51:43.345,1.2055,1.20563,1.50,2.48
2012.11.01 17:51:43.404,1.2055,1.20563,1.50,1.73
2012.11.01 17:51:44.238,1.2055,1.20563,1.50,1.73
2012.11.01 17:51:53.362,1.2055,1.20562,2.25,1.50
2012.11.01 17:51:53.486,1.2055,1.20562,2.25,4.50
2012.11.01 17:51:53.726,1.2055,1.20562,1.50,1.50
2012.11.01 17:51:54.285,1.20549,1.2056,3.00,1.73
2012.11.01 17:51:55.003,1.20549,1.20562,3.00,1.73
2012.11.01 17:51:55.072,1.20549,1.20563,3.23,1.73
2012.11.01 17:52:00.916,1.20549,1.20563,3.75,2.48
2012.11.01 17:52:01.504,1.20549,1.20563,3.98,2.48
2012.11.01 17:52:08.195,1.20549,1.20563,3.75,2.48
2012.11.01 17:52:25.671,1.20549,1.20563,3.75,2.48
2012.11.01 17:52:26.185,1.20549,1.20563,2.25,2.48
2012.11.01 17:52:26.305,1.20549,1.20563,2.25,2.61
2012.11.01 17:52:29.516,1.20549,1.20562,2.25,1.73
2012.11.01 17:52:30.505,1.20549,1.20563,2.25,2.48
2012.11.01 17:52:31.125,1.20549,1.20562,3.00,3.23
2012.11.01 17:52:39.114,1.20549,1.20562,2.48,2.48
2012.11.01 17:53:01.041,1.20547,1.20562,2.33,3.23
2012.11.01 17:53:02.146,1.20547,1.20562,2.33,1.73
2012.11.01 17:53:02.609,1.20552,1.20562,1.50,1.73
2012.11.01 17:53:02.687,1.20552,1.20563,1.50,1.73
2012.11.01 17:53:03.325,1.2055,1.20563,1.73,1.73
2012.11.01 17:53:04.586,1.20551,1.20564,1.50,3.60
2012.11.01 17:53:06.106,1.20551,1.20563,1.50,2.48
2012.11.01 17:53:06.595,1.20551,1.20563,1.50,1.73
2012.11.01 17:53:08.225,1.20551,1.20563,1.50,1.73
2012.11.01 17:53:11.747,1.20551,1.20563,1.50,1.73
2012.11.01 17:53:19.746,1.20549,1.20562,1.50,2.48
2012.11.01 17:53:21.524,1.20549,1.20562,1.73,2.25
2012.11.01 17:53:21.644,1.20547,1.20561,3.98,3.23
2012.11.01 17:53:22.186,1.20547,1.20559,3.23,1.50
2012.11.01 17:54:21.754,1.20547,1.2056,1.73,1.50
2012.11.01 17:54:33.734,1.20546,1.20558,1.73,4.50
2012.11.01 17:54:33.794,1.20545,1.20556,2.48,3.75
2012.11.01 17:54:33.975,1.20545,1.20556,3.00,3.75
2012.11.01 17:54:34.214,1.20546,1.20558,1.50,1.73
2012.11.01 17:55:39.819,1.20544,1.20561,1.73,3.98
2012.11.01 17:55:42.619,1.20544,1.2056,1.73,1.73
2012.11.01 17:55:47.705,1.20544,1.20558,1.73,1.73
2012.11.01 17:56:15.231,1.20544,1.20558,1.73,1.73
2012.11.01 17:56:15.785,1.20544,1.20559,1.73,1.73
2012.11.01 17:56:22.495,1.20544,1.20559,1.73,1.73
2012.11.01 17:56:32.524,1.20544,1.20559,1.73,1.73
2012.11.01 17:56:33.215,1.20544,1.20559,1.73,1.73
2012.11.01 17:56:42.431,1.20544,1.20559,1.73,1.73
2012.11.01 17:56:44.883,1.20544,1.20559,1.73,1.73
2012.11.01 17:57:12.323,1.20544,1.20559,1.73,1.73
2012.11.01 17:57:12.881,1.20544,1.20559,1.73,1.73
2012.11.01 17:57:50.834,1.20545,1.20558,1.73,1.73
2012.11.01 17:57:51.422,1.20543,1.20559,3.23,4.73
2012.11.01 17:57:52.072,1.20544,1.20559,1.73,3.23
2012.11.01 17:57:55.297,1.20543,1.20559,1.50,3.98
2012.11.01 17:57:55.842,1.20543,1.20559,2.48,3.98
2012.11.01 17:57:56.354,1.20543,1.20559,3.23,3.98
2012.11.01 17:58:08.864,1.20544,1.20558,2.25,2.48
2012.11.01 17:58:27.025,1.20544,1.20558,2.25,3.23
2012.11.01 17:58:27.425,1.20545,1.20558,1.73,1.50
2012.11.01 17:58:27.746,1.20548,1.20561,7.73,1.50
2012.11.01 17:58:31.218,1.20548,1.20559,7.73,1.50
2012.11.01 17:58:31.286,1.20548,1.20559,6.98,1.50
2012.11.01 17:58:31.898,1.20547,1.20559,3.00,1.73
2012.11.01 17:58:38.641,1.20548,1.2056,1.50,1.58
2012.11.01 17:58:38.886,1.20552,1.20561,1.50,1.13
2012.11.01 17:58:40.966,1.20552,1.20561,1.50,1.50
2012.11.01 17:58:41.516,1.20549,1.2056,1.73,1.88
2012.11.01 17:58:42.475,1.20548,1.2056,1.50,2.48
2012.11.01 17:58:49.598,1.20548,1.2056,1.50,2.48
2012.11.01 17:58:49.876,1.20548,1.2056,1.50,2.48
2012.11.01 17:58:50.116,1.20555,1.20564,1.50,1.13
2012.11.01 17:58:50.180,1.20554,1.2056,1.50,3.75
2012.11.01 17:58:50.306,1.20552,1.2056,1.73,3.75
2012.11.01 17:58:50.546,1.20548,1.2056,1.80,3.98
2012.11.01 17:58:57.062,1.20547,1.20557,3.00,3.75
2012.11.01 17:59:00.456,1.20548,1.20557,1.50,1.88
2012.11.01 17:59:00.695,1.20548,1.20561,1.50,3.59
2012.11.01 17:59:02.168,1.20548,1.20561,1.50,3.59
2012.11.01 17:59:10.846,1.20548,1.20561,1.50,3.08
2012.11.01 17:59:12.514,1.20547,1.20561,2.25,3.83
2012.11.01 17:59:54.636,1.20546,1.20558,2.25,1.50
2012.11.01 17:59:54.997,1.20546,1.20557,2.25,1.35
2012.11.01 17:59:55.066,1.20546,1.20557,1.50,1.35
2012.11.01 17:59:55.605,1.20544,1.20557,3.00,1.50
2012.11.01 17:59:55.726,1.20547,1.20557,1.50,2.25
2012.11.01 17:59:55.848,1.20547,1.20558,1.50,3.00
2012.11.01 17:59:56.395,1.20547,1.20559,1.50,1.73
2012.11.01 17:59:56.915,1.20547,1.2056,1.50,1.58
