2017.02.16 02:00:00.508,1.06574,1.06585,1.00,1.12
2017.02.16 02:00:01.032,1.06574,1.06587,1.12,1.12
2017.02.16 02:00:01.399,1.06576,1.06588,1.00,1.75
2017.02.16 02:00:01.940,1.06575,1.06588,2.25,1.12
2017.02.16 02:00:02.448,1.06575,1.06589,1.87,1.12
2017.02.16 02:00:02.976,1.06576,1.06588,1.12,1.75
2017.02.16 02:00:03.484,1.06576,1.06588,1.50,1.37
2017.02.16 02:00:04.022,1.06577,1.0659,1.50,1.75
2017.02.16 02:00:04.533,1.06575,1.06588,2.25,1.50
2017.02.16 02:00:05.133,1.06576,1.06589,1.12,1.12
2017.02.16 02:00:06.646,1.06577,1.06589,1.00,1.12
2017.02.16 02:00:07.182,1.06578,1.06589,1.00,1.12
2017.02.16 02:00:07.284,1.06578,1.06591,1.50,1.87
2017.02.16 02:00:08.606,1.06578,1.06591,1.50,2.25
2017.02.16 02:00:09.114,1.06578,1.06589,1.37,1.00
2017.02.16 02:00:10.954,1.0658,1.06591,1.00,1.12
2017.02.16 02:00:11.422,1.06578,1.0659,1.50,1.37
2017.02.16 02:00:12.721,1.06579,1.0659,3.00,1.12
2017.02.16 02:00:12.825,1.06581,1.06592,1.00,1.75
2017.02.16 02:00:13.129,1.06583,1.06592,1.00,1.00
2017.02.16 02:00:14.177,1.06583,1.06592,1.00,2.62
2017.02.16 02:00:14.332,1.06583,1.06594,1.87,1.87
2017.02.16 02:00:14.842,1.06584,1.06594,1.00,1.87
2017.02.16 02:00:15.377,1.06583,1.06592,1.00,1.12
2017.02.16 02:00:15.880,1.06583,1.06593,1.00,1.87
2017.02.16 02:00:16.748,1.06583,1.06593,1.00,1.37
2017.02.16 02:00:18.215,1.06583,1.06594,1.00,1.87
2017.02.16 02:00:18.317,1.06585,1.06595,1.00,1.37
2017.02.16 02:00:18.419,1.06585,1.06592,1.00,2.62
2017.02.16 02:00:18.650,1.0658,1.06589,1.00,1.37
2017.02.16 02:00:19.162,1.06579,1.06589,1.00,1.87
2017.02.16 02:00:19.677,1.06579,1.06589,1.00,2.25
2017.02.16 02:00:20.194,1.06579,1.06588,1.00,1.37
2017.02.16 02:00:20.733,1.06578,1.06589,1.12,1.37
2017.02.16 02:00:21.281,1.06579,1.0659,1.00,1.87
2017.02.16 02:00:23.331,1.06579,1.06591,1.12,1.87
2017.02.16 02:00:23.383,1.06581,1.06591,1.00,1.75
2017.02.16 02:00:23.688,1.0658,1.06589,1.00,2.25
2017.02.16 02:00:23.875,1.06577,1.06588,1.12,1.87
2017.02.16 02:00:24.385,1.06577,1.06587,1.00,1.87
2017.02.16 02:00:26.005,1.06577,1.06588,1.12,1.50
2017.02.16 02:00:26.513,1.06578,1.06591,1.00,1.75
2017.02.16 02:00:27.071,1.06578,1.0659,1.50,1.37
2017.02.16 02:00:27.122,1.06578,1.06588,1.00,1.87
2017.02.16 02:00:27.427,1.06576,1.06588,1.12,1.87
2017.02.16 02:00:28.623,1.06578,1.0659,1.00,1.87
2017.02.16 02:00:31.100,1.06578,1.06589,1.12,1.50
2017.02.16 02:00:32.207,1.06578,1.06589,1.00,1.87
2017.02.16 02:00:32.770,1.06578,1.06589,1.12,1.87
2017.02.16 02:00:33.606,1.06578,1.0659,3.00,1.37
2017.02.16 02:00:34.113,1.0658,1.06591,1.12,1.37
2017.02.16 02:00:34.828,1.0658,1.06592,1.50,1.37
2017.02.16 02:00:36.282,1.06579,1.0659,1.37,1.00
2017.02.16 02:00:36.334,1.06579,1.0659,1.12,1.37
2017.02.16 02:00:36.793,1.06579,1.06589,1.00,1.75
2017.02.16 02:00:37.407,1.06579,1.0659,1.00,1.12
2017.02.16 02:00:37.872,1.06577,1.06589,1.50,1.37
2017.02.16 02:00:39.577,1.06578,1.06589,1.12,1.37
2017.02.16 02:00:40.122,1.06578,1.06589,1.00,1.87
2017.02.16 02:00:40.788,1.06579,1.06589,1.00,1.75
2017.02.16 02:00:40.839,1.06581,1.0659,1.00,1.12
2017.02.16 02:00:41.042,1.06583,1.06595,2.62,1.87
2017.02.16 02:00:41.627,1.06584,1.06595,1.12,1.87
2017.02.16 02:00:44.342,1.06584,1.06594,1.00,1.37
2017.02.16 02:00:44.444,1.06582,1.06594,1.12,1.12
2017.02.16 02:00:44.547,1.06584,1.06596,1.00,1.87
2017.02.16 02:00:44.834,1.06587,1.06597,1.00,1.37
2017.02.16 02:00:45.138,1.06585,1.06597,1.12,1.12
2017.02.16 02:00:45.646,1.06584,1.06597,1.12,3.00
2017.02.16 02:00:46.155,1.06583,1.06596,1.75,1.87
2017.02.16 02:00:46.699,1.06583,1.06596,1.50,1.87
2017.02.16 02:00:47.207,1.06585,1.06597,1.00,1.87
2017.02.16 02:00:47.614,1.06585,1.06597,1.75,1.50
2017.02.16 02:00:49.021,1.06584,1.06597,1.37,1.87
2017.02.16 02:00:49.072,1.06584,1.06597,1.12,1.87
2017.02.16 02:00:49.581,1.06583,1.06596,1.12,1.12
2017.02.16 02:00:53.886,1.06584,1.06596,1.00,1.12
2017.02.16 02:00:54.061,1.06584,1.06596,1.50,1.37
2017.02.16 02:00:54.570,1.06585,1.06598,1.50,2.62
2017.02.16 02:00:55.158,1.06584,1.06597,2.25,1.12
2017.02.16 02:00:56.555,1.06583,1.06596,2.25,1.87
2017.02.16 02:00:57.151,1.06583,1.06596,2.25,2.62
2017.02.16 02:00:57.202,1.06583,1.06596,3.00,2.62
2017.02.16 02:00:57.406,1.06581,1.06594,3.37,1.50
2017.02.16 02:00:57.559,1.06581,1.06593,3.00,1.37
2017.02.16 02:00:57.968,1.06583,1.06595,2.25,1.37
2017.02.16 02:00:58.507,1.06585,1.06595,1.12,1.37
2017.02.16 02:00:58.660,1.06582,1.06594,1.12,1.12
2017.02.16 02:00:59.167,1.06583,1.06595,1.00,1.12
2017.02.16 02:00:59.269,1.06583,1.06595,1.87,1.12
2017.02.16 02:01:04.542,1.06583,1.06595,3.00,1.37
2017.02.16 02:01:05.056,1.06585,1.06596,1.00,1.12
2017.02.16 02:01:05.564,1.06584,1.06596,2.25,1.37
2017.02.16 02:01:06.080,1.06584,1.06596,1.87,1.12
2017.02.16 02:01:06.677,1.06584,1.06596,2.25,1.37
2017.02.16 02:01:08.525,1.06584,1.06596,1.12,1.87
2017.02.16 02:01:09.165,1.06584,1.06596,1.00,1.12
2017.02.16 02:01:09.266,1.06584,1.06596,1.50,1.37
2017.02.16 02:01:10.022,1.06585,1.06595,1.00,1.37
2017.02.16 02:01:10.671,1.06584,1.06595,1.50,1.00
2017.02.16 02:01:10.897,1.06584,1.06595,1.00,1.12
2017.02.16 02:01:11.404,1.06585,1.06597,1.00,1.87
2017.02.16 02:01:13.067,1.06583,1.06597,2.25,1.87
2017.02.16 02:01:13.640,1.06585,1.06597,1.00,1.87
2017.02.16 02:01:13.894,1.06586,1.06597,1.00,1.87
2017.02.16 02:01:14.401,1.06586,1.06597,1.12,1.37
2017.02.16 02:01:14.503,1.06586,1.06597,1.75,1.12
2017.02.16 02:01:14.605,1.06586,1.06597,1.12,1.87
2017.02.16 02:01:15.153,1.06585,1.06597,1.37,1.87
2017.02.16 02:01:15.700,1.06585,1.06597,1.12,1.87
2017.02.16 02:01:16.352,1.06584,1.06596,1.00,3.37
2017.02.16 02:01:16.403,1.06584,1.06596,1.50,3.37
2017.02.16 02:01:17.062,1.06584,1.06596,1.37,3.37
2017.02.16 02:01:17.597,1.06584,1.06595,1.12,1.37
2017.02.16 02:01:22.919,1.06584,1.06595,1.00,1.12
2017.02.16 02:01:23.460,1.06584,1.06595,1.12,1.87
2017.02.16 02:01:24.233,1.06582,1.06594,1.75,1.37
2017.02.16 02:01:24.778,1.06582,1.06593,1.50,1.00
2017.02.16 02:01:25.114,1.06581,1.06587,1.75,1.00
2017.02.16 02:01:25.318,1.06575,1.06586,1.50,1.00
2017.02.16 02:01:25.521,1.06574,1.06586,1.12,1.12
2017.02.16 02:01:26.113,1.06575,1.06587,1.50,1.87
2017.02.16 02:01:26.215,1.06577,1.0659,1.87,1.87
2017.02.16 02:01:26.780,1.06577,1.0659,2.25,1.87
2017.02.16 02:01:29.814,1.06577,1.0659,1.87,1.87
2017.02.16 02:01:29.916,1.06577,1.0659,2.62,1.50
2017.02.16 02:01:30.299,1.06578,1.06589,1.00,1.75
2017.02.16 02:01:30.806,1.06578,1.06591,1.50,1.87
2017.02.16 02:01:30.857,1.06578,1.06591,1.75,1.37
2017.02.16 02:01:31.404,1.06578,1.0659,1.50,1.50
2017.02.16 02:01:31.847,1.06581,1.06591,1.00,1.12
2017.02.16 02:01:31.919,1.06579,1.06591,2.25,2.62
2017.02.16 02:01:32.122,1.06577,1.06589,3.00,1.50
2017.02.16 02:01:32.782,1.06579,1.0659,1.00,1.37
2017.02.16 02:01:33.035,1.0658,1.06592,1.12,1.87
2017.02.16 02:01:33.577,1.0658,1.06592,1.50,1.87
2017.02.16 02:01:34.762,1.06578,1.0659,3.00,1.00
2017.02.16 02:01:34.864,1.06578,1.0659,1.50,1.50
2017.02.16 02:01:35.168,1.06581,1.06593,1.00,1.12
2017.02.16 02:01:35.270,1.06581,1.06593,1.12,1.75
2017.02.16 02:01:35.387,1.06581,1.06593,1.50,1.50
2017.02.16 02:01:35.985,1.06581,1.06593,1.50,1.50
2017.02.16 02:01:39.148,1.06581,1.06593,1.12,1.87
2017.02.16 02:01:40.582,1.06581,1.06592,1.00,1.75
2017.02.16 02:01:41.097,1.06581,1.06592,1.12,1.50
2017.02.16 02:01:41.991,1.06581,1.06593,1.50,2.62
2017.02.16 02:01:42.593,1.06581,1.06592,1.12,1.50
2017.02.16 02:01:43.794,1.06581,1.06591,1.00,1.50
2017.02.16 02:01:49.145,1.0658,1.06592,1.87,1.75
2017.02.16 02:01:49.570,1.06584,1.06594,1.00,1.12
2017.02.16 02:01:49.621,1.06585,1.06594,1.00,1.12
2017.02.16 02:01:49.976,1.06583,1.06592,1.75,1.00
2017.02.16 02:01:50.130,1.0658,1.06591,2.25,1.00
2017.02.16 02:01:50.233,1.0658,1.06591,2.25,1.12
2017.02.16 02:01:50.910,1.0658,1.06592,2.25,1.12
2017.02.16 02:01:51.449,1.0658,1.06591,2.25,1.12
2017.02.16 02:01:51.703,1.06581,1.06592,1.00,1.12
2017.02.16 02:01:51.855,1.06581,1.06593,1.50,1.87
2017.02.16 02:01:52.738,1.06581,1.06592,1.12,1.50
2017.02.16 02:01:53.479,1.06583,1.06593,1.00,1.12
2017.02.16 02:01:53.530,1.06581,1.06592,1.87,1.50
2017.02.16 02:01:53.581,1.06581,1.06592,1.87,1.12
2017.02.16 02:01:53.783,1.06581,1.06592,1.50,1.50
2017.02.16 02:01:55.472,1.06581,1.06591,1.00,1.37
2017.02.16 02:01:55.978,1.0658,1.0659,1.12,1.37
2017.02.16 02:01:56.485,1.0658,1.0659,1.12,1.12
2017.02.16 02:01:56.596,1.06579,1.06591,1.87,1.87
2017.02.16 02:01:57.108,1.06579,1.06591,1.87,1.87
2017.02.16 02:01:57.637,1.0658,1.06591,1.00,1.75
2017.02.16 02:01:58.240,1.0658,1.06591,1.87,1.50
2017.02.16 02:01:58.755,1.0658,1.0659,1.00,1.50
2017.02.16 02:02:01.624,1.0658,1.06591,1.12,1.50
2017.02.16 02:02:02.178,1.0658,1.0659,1.00,1.50
2017.02.16 02:02:05.001,1.0658,1.0659,1.12,1.00
2017.02.16 02:02:09.112,1.0658,1.0659,1.50,1.37
2017.02.16 02:02:10.443,1.0658,1.0659,1.50,1.12
2017.02.16 02:02:10.544,1.0658,1.06592,1.87,1.87
2017.02.16 02:02:11.094,1.0658,1.0659,1.50,1.37
2017.02.16 02:02:11.597,1.06579,1.06589,1.00,1.50
2017.02.16 02:02:16.850,1.06579,1.0659,1.00,1.87
2017.02.16 02:02:17.053,1.06579,1.0659,1.50,1.50
2017.02.16 02:02:17.591,1.06579,1.0659,1.12,1.87
2017.02.16 02:02:18.549,1.06579,1.0659,1.50,1.50
2017.02.16 02:02:19.859,1.06579,1.0659,1.12,1.87
2017.02.16 02:02:20.378,1.06579,1.06589,1.00,1.50
2017.02.16 02:02:22.846,1.06577,1.06589,2.25,1.50
2017.02.16 02:02:22.948,1.06577,1.06589,1.87,1.50
2017.02.16 02:02:23.748,1.06577,1.06587,1.87,1.00
2017.02.16 02:02:24.255,1.06576,1.06588,1.87,1.12
2017.02.16 02:02:24.559,1.06578,1.06589,1.12,1.50
2017.02.16 02:02:25.096,1.06576,1.06588,2.25,1.37
2017.02.16 02:02:27.352,1.06576,1.06588,2.25,1.37
2017.02.16 02:02:27.693,1.06578,1.0659,1.00,1.12
2017.02.16 02:02:28.219,1.06578,1.0659,1.12,1.87
2017.02.16 02:02:30.061,1.06579,1.0659,1.00,1.12
2017.02.16 02:02:30.264,1.0658,1.06592,1.87,1.87
2017.02.16 02:02:30.773,1.0658,1.06592,1.50,1.12
2017.02.16 02:02:32.888,1.06581,1.06593,1.00,2.25
2017.02.16 02:02:33.393,1.06581,1.06593,1.12,1.12
2017.02.16 02:02:34.165,1.06581,1.06592,1.50,1.37
2017.02.16 02:02:34.674,1.06579,1.0659,1.00,1.12
2017.02.16 02:02:35.183,1.06576,1.06588,1.12,1.12
2017.02.16 02:02:35.733,1.06576,1.06588,1.00,1.12
2017.02.16 02:02:36.309,1.06576,1.06588,1.12,1.12
2017.02.16 02:02:37.312,1.06576,1.06588,1.00,1.12
2017.02.16 02:02:37.515,1.06577,1.06588,1.12,1.37
2017.02.16 02:02:38.167,1.06577,1.06588,1.00,1.37
2017.02.16 02:02:38.794,1.06577,1.0659,2.25,1.12
2017.02.16 02:02:39.300,1.06579,1.0659,1.00,2.25
2017.02.16 02:02:39.604,1.06577,1.06589,1.12,1.12
2017.02.16 02:02:44.784,1.06577,1.0659,2.25,1.12
2017.02.16 02:02:47.643,1.06579,1.0659,1.50,1.12
2017.02.16 02:02:48.159,1.0658,1.06591,1.00,1.12
2017.02.16 02:02:49.428,1.06579,1.06591,1.12,1.75
2017.02.16 02:02:49.964,1.06579,1.06591,1.00,1.75
2017.02.16 02:02:51.065,1.06578,1.0659,1.12,1.12
2017.02.16 02:02:51.588,1.06578,1.0659,1.00,1.12
2017.02.16 02:02:52.312,1.06578,1.0659,1.12,1.12
2017.02.16 02:02:52.857,1.06578,1.06589,1.00,1.12
2017.02.16 02:02:53.182,1.0658,1.06591,1.50,1.12
2017.02.16 02:02:53.437,1.06582,1.06594,1.50,1.12
2017.02.16 02:02:53.640,1.0658,1.06592,1.75,1.12
2017.02.16 02:02:53.742,1.0658,1.06591,1.00,1.12
2017.02.16 02:02:54.046,1.0658,1.06592,1.50,1.37
2017.02.16 02:02:54.660,1.0658,1.06591,1.00,1.12
2017.02.16 02:02:54.711,1.0658,1.06591,1.50,1.00
2017.02.16 02:02:55.219,1.06579,1.0659,1.00,1.12
2017.02.16 02:02:55.858,1.06578,1.06589,1.00,1.12
2017.02.16 02:02:56.155,1.06578,1.06591,3.37,1.12
2017.02.16 02:02:56.282,1.06581,1.06592,1.00,1.12
2017.02.16 02:02:56.789,1.0658,1.06591,1.50,1.12
2017.02.16 02:02:57.413,1.06581,1.06592,1.50,1.12
2017.02.16 02:02:57.616,1.06582,1.06594,1.00,1.87
2017.02.16 02:02:58.074,1.06584,1.06595,1.00,2.25
2017.02.16 02:02:58.226,1.06584,1.06596,1.50,1.75
2017.02.16 02:02:58.328,1.06584,1.06596,2.25,1.50
2017.02.16 02:02:58.834,1.06584,1.06596,2.25,1.12
2017.02.16 02:03:00.395,1.06582,1.06595,2.25,1.00
2017.02.16 02:03:00.905,1.06582,1.06595,2.25,1.37
2017.02.16 02:03:01.464,1.06582,1.06594,1.00,1.87
2017.02.16 02:03:01.566,1.06583,1.06596,1.12,2.62
2017.02.16 02:03:02.139,1.06581,1.06593,1.50,1.37
2017.02.16 02:03:03.236,1.06581,1.06594,1.12,1.87
2017.02.16 02:03:03.750,1.06582,1.06594,1.00,1.87
2017.02.16 02:03:04.479,1.06582,1.06594,1.87,1.75
2017.02.16 02:03:05.016,1.06583,1.06594,1.00,1.75
2017.02.16 02:03:05.169,1.06583,1.06595,2.25,1.37
2017.02.16 02:03:05.688,1.06583,1.06595,1.87,1.12
2017.02.16 02:03:06.199,1.06583,1.06595,2.25,1.37
2017.02.16 02:03:07.452,1.06583,1.06594,1.00,1.12
2017.02.16 02:03:07.705,1.06581,1.06593,1.12,1.12
2017.02.16 02:03:08.218,1.06581,1.06593,1.00,1.12
2017.02.16 02:03:08.693,1.06579,1.06591,1.00,1.75
2017.02.16 02:03:08.997,1.06582,1.06594,1.87,1.12
2017.02.16 02:03:09.402,1.0658,1.06592,1.50,3.00
2017.02.16 02:03:09.908,1.0658,1.06593,1.50,2.25
2017.02.16 02:03:10.790,1.06581,1.06593,1.00,1.12
2017.02.16 02:03:10.994,1.06581,1.06594,2.25,1.87
2017.02.16 02:03:11.503,1.06582,1.06594,2.25,1.00
2017.02.16 02:03:11.909,1.06582,1.06593,1.12,2.25
2017.02.16 02:03:12.244,1.06583,1.06594,1.00,1.37
2017.02.16 02:03:12.295,1.06583,1.06594,1.12,1.37
2017.02.16 02:03:12.876,1.06583,1.06594,1.50,1.00
2017.02.16 02:03:13.463,1.06584,1.06595,1.50,1.87
2017.02.16 02:03:13.970,1.06584,1.06595,1.50,3.37
2017.02.16 02:03:15.772,1.06583,1.06593,1.75,1.87
2017.02.16 02:03:15.825,1.06579,1.0659,1.12,1.37
2017.02.16 02:03:16.486,1.0658,1.06592,1.00,1.87
2017.02.16 02:03:17.420,1.0658,1.06592,1.12,1.75
2017.02.16 02:03:20.701,1.06581,1.06593,1.00,1.87
2017.02.16 02:03:21.198,1.06583,1.06594,1.00,2.62
2017.02.16 02:03:21.604,1.06581,1.06593,1.12,1.87
2017.02.16 02:03:21.705,1.06581,1.06593,1.75,1.50
2017.02.16 02:03:22.101,1.06581,1.06593,1.12,1.87
2017.02.16 02:03:24.963,1.06581,1.06592,1.37,1.12
2017.02.16 02:03:25.524,1.06581,1.06592,1.12,1.37
2017.02.16 02:03:31.039,1.06582,1.06593,1.00,1.87
2017.02.16 02:03:31.543,1.06582,1.06593,1.12,1.87
2017.02.16 02:03:32.279,1.06584,1.06595,1.12,1.37
2017.02.16 02:03:32.330,1.06584,1.06595,1.50,1.12
2017.02.16 02:03:32.873,1.06584,1.06595,1.12,1.50
2017.02.16 02:03:40.369,1.06585,1.06597,1.12,2.62
2017.02.16 02:03:42.004,1.06583,1.06593,1.12,1.00
2017.02.16 02:03:42.175,1.06582,1.06592,1.12,1.50
2017.02.16 02:03:42.328,1.0658,1.06591,1.00,1.75
2017.02.16 02:03:42.756,1.06578,1.0659,1.12,1.87
2017.02.16 02:03:42.972,1.06579,1.0659,1.50,1.12
2017.02.16 02:03:44.562,1.06579,1.06591,1.75,1.50
2017.02.16 02:03:46.549,1.0658,1.06591,1.00,1.50
2017.02.16 02:03:50.391,1.06579,1.0659,1.50,1.37
2017.02.16 02:03:51.456,1.06579,1.0659,1.37,1.00
2017.02.16 02:03:51.988,1.06579,1.06591,1.12,1.87
2017.02.16 02:03:55.098,1.06579,1.06589,1.00,1.87
2017.02.16 02:03:55.768,1.06578,1.06588,1.12,1.00
2017.02.16 02:03:56.175,1.06576,1.06588,1.50,2.62
2017.02.16 02:03:56.682,1.06575,1.06587,1.75,1.50
2017.02.16 02:03:57.198,1.06575,1.06586,1.50,1.00
2017.02.16 02:03:57.965,1.06575,1.06587,1.00,3.37
2017.02.16 02:03:59.132,1.06574,1.06587,2.25,1.87
2017.02.16 02:03:59.676,1.06575,1.06588,1.75,2.62
2017.02.16 02:04:00.185,1.06574,1.06587,3.00,1.12
2017.02.16 02:04:01.046,1.06574,1.06586,2.25,1.00
2017.02.16 02:04:01.267,1.06573,1.06585,1.50,1.87
2017.02.16 02:04:01.470,1.06574,1.06586,1.37,1.50
2017.02.16 02:04:01.978,1.06573,1.06585,3.37,1.00
2017.02.16 02:04:08.731,1.06573,1.06586,2.25,2.62
2017.02.16 02:04:10.194,1.06573,1.06586,2.62,1.12
2017.02.16 02:04:10.604,1.06574,1.06586,1.00,1.87
2017.02.16 02:04:10.908,1.06574,1.06586,1.50,1.50
2017.02.16 02:04:11.440,1.06573,1.06586,2.62,1.50
2017.02.16 02:04:12.002,1.06575,1.06587,1.87,1.50
2017.02.16 02:04:12.531,1.06577,1.06588,1.37,1.87
2017.02.16 02:04:16.141,1.06577,1.06588,1.50,1.37
2017.02.16 02:04:17.849,1.06576,1.06587,1.50,1.50
2017.02.16 02:04:18.361,1.06576,1.06588,1.50,1.87
2017.02.16 02:04:18.909,1.06578,1.06588,1.12,1.50
2017.02.16 02:04:19.854,1.06578,1.06588,1.00,1.87
2017.02.16 02:04:20.381,1.06578,1.06588,1.00,1.87
2017.02.16 02:04:21.247,1.06577,1.06588,1.12,1.87
2017.02.16 02:04:21.814,1.06577,1.06587,1.00,1.37
2017.02.16 02:04:28.638,1.06575,1.06587,2.25,1.87
2017.02.16 02:04:28.841,1.06577,1.06588,1.37,2.25
2017.02.16 02:04:29.348,1.06577,1.06588,1.50,1.50
2017.02.16 02:04:33.747,1.06578,1.06588,1.50,1.12
2017.02.16 02:04:36.839,1.06578,1.06588,1.12,1.50
2017.02.16 02:04:38.282,1.06578,1.06589,1.50,1.50
2017.02.16 02:04:38.895,1.06578,1.06589,1.50,2.25
2017.02.16 02:04:39.482,1.06578,1.06588,1.12,1.00
2017.02.16 02:04:45.198,1.06578,1.06588,1.00,1.37
2017.02.16 02:04:47.897,1.06577,1.06587,1.12,1.12
2017.02.16 02:04:49.335,1.06578,1.0659,1.50,3.37
2017.02.16 02:04:50.371,1.06578,1.06589,1.50,1.00
2017.02.16 02:04:50.878,1.06578,1.06589,1.12,1.37
2017.02.16 02:04:51.497,1.06578,1.06589,1.00,1.87
2017.02.16 02:04:51.598,1.06578,1.06589,1.50,1.00
2017.02.16 02:04:52.358,1.06578,1.06589,1.37,1.87
2017.02.16 02:04:52.933,1.06578,1.06589,1.50,1.00
2017.02.16 02:04:53.440,1.06578,1.06588,1.12,1.00
2017.02.16 02:05:01.649,1.06578,1.06589,1.50,1.00
2017.02.16 02:05:28.860,1.06578,1.06589,1.12,1.37
2017.02.16 02:05:30.616,1.06578,1.06587,1.12,1.00
2017.02.16 02:05:31.156,1.06577,1.06588,2.25,1.00
2017.02.16 02:05:42.541,1.06578,1.06589,1.37,1.12
2017.02.16 02:05:59.585,1.06578,1.06588,1.50,1.00
2017.02.16 02:06:00.095,1.06578,1.06589,1.12,1.87
2017.02.16 02:06:01.020,1.06577,1.06587,1.50,1.12
2017.02.16 02:06:01.527,1.06577,1.06587,1.00,1.37
2017.02.16 02:06:10.901,1.06577,1.06587,1.12,1.00
2017.02.16 02:06:23.717,1.06577,1.06588,1.37,3.37
2017.02.16 02:06:25.209,1.06577,1.06587,1.12,2.25
2017.02.16 02:06:25.413,1.06575,1.06585,1.00,1.00
2017.02.16 02:06:28.603,1.06574,1.06584,1.50,1.00
2017.02.16 02:06:29.127,1.06573,1.06585,2.25,3.37
2017.02.16 02:06:29.659,1.06574,1.06584,1.00,1.37
2017.02.16 02:06:30.189,1.06573,1.06584,1.87,1.37
2017.02.16 02:06:30.713,1.06577,1.06585,1.50,1.37
2017.02.16 02:06:30.866,1.06576,1.06587,1.50,1.50
2017.02.16 02:06:31.020,1.06576,1.06587,1.00,1.37
2017.02.16 02:06:31.223,1.06576,1.06587,1.37,2.62
2017.02.16 02:06:31.274,1.06576,1.06587,1.50,3.00
2017.02.16 02:06:31.888,1.06576,1.06584,1.00,1.37
2017.02.16 02:06:32.345,1.06576,1.06585,1.00,1.00
2017.02.16 02:06:41.460,1.06574,1.06585,1.50,2.62
2017.02.16 02:06:41.562,1.06572,1.06582,1.75,1.00
2017.02.16 02:06:41.765,1.0657,1.0658,1.50,1.50
2017.02.16 02:06:41.989,1.06572,1.06581,1.00,1.50
2017.02.16 02:06:42.192,1.06573,1.06584,2.62,1.37
2017.02.16 02:06:43.112,1.06574,1.06584,1.00,1.37
2017.02.16 02:06:43.265,1.06575,1.06587,1.87,2.62
2017.02.16 02:06:43.316,1.06575,1.06586,2.25,1.12
2017.02.16 02:06:44.062,1.06576,1.06587,1.87,1.00
2017.02.16 02:06:54.481,1.06576,1.06588,2.25,1.12
2017.02.16 02:06:55.041,1.06576,1.06588,2.25,1.50
2017.02.16 02:07:06.170,1.06576,1.06588,1.12,2.25
2017.02.16 02:07:14.884,1.06575,1.06586,1.12,1.37
2017.02.16 02:07:15.800,1.06576,1.06587,1.50,1.12
2017.02.16 02:07:16.003,1.06577,1.06588,1.12,1.37
2017.02.16 02:07:28.916,1.06575,1.06586,2.25,1.00
2017.02.16 02:07:29.444,1.06578,1.06589,1.00,2.25
2017.02.16 02:07:29.546,1.06579,1.06589,1.00,1.87
2017.02.16 02:07:30.053,1.06577,1.06588,2.25,1.12
2017.02.16 02:07:30.581,1.06577,1.06588,1.87,1.37
2017.02.16 02:07:31.091,1.06578,1.0659,1.87,2.25
2017.02.16 02:07:34.118,1.06579,1.06589,1.50,1.37
2017.02.16 02:07:34.371,1.0658,1.06591,1.87,1.37
2017.02.16 02:07:35.826,1.06579,1.06589,1.50,1.00
2017.02.16 02:07:35.928,1.06579,1.0659,1.50,1.87
2017.02.16 02:07:36.147,1.06579,1.0659,2.25,1.12
2017.02.16 02:07:36.693,1.06579,1.06589,1.37,1.50
2017.02.16 02:07:36.949,1.06578,1.06589,1.87,1.37
2017.02.16 02:07:37.501,1.06579,1.06589,1.00,1.37
2017.02.16 02:07:40.115,1.06578,1.06589,1.87,2.25
2017.02.16 02:07:40.267,1.06579,1.06591,1.50,1.87
2017.02.16 02:07:41.898,1.06581,1.06591,1.00,1.87
2017.02.16 02:07:42.643,1.06582,1.06592,1.00,2.25
2017.02.16 02:07:42.948,1.06583,1.06593,1.00,1.50
2017.02.16 02:07:45.027,1.06582,1.06593,1.12,1.50
2017.02.16 02:07:46.663,1.06582,1.06592,1.00,1.37
2017.02.16 02:07:47.171,1.06581,1.06593,1.12,1.87
2017.02.16 02:07:47.730,1.06582,1.06593,1.00,1.87
2017.02.16 02:07:48.272,1.06581,1.06591,1.12,1.12
2017.02.16 02:07:52.439,1.06581,1.0659,1.12,1.00
2017.02.16 02:07:52.946,1.06579,1.0659,2.25,1.12
2017.02.16 02:08:01.068,1.06578,1.06589,2.25,1.00
2017.02.16 02:08:01.238,1.06578,1.06588,1.87,1.12
2017.02.16 02:08:14.240,1.06577,1.06589,1.75,2.25
2017.02.16 02:08:14.745,1.06577,1.06588,1.50,1.12
2017.02.16 02:08:17.801,1.06575,1.06587,2.25,1.00
2017.02.16 02:08:18.307,1.06575,1.06588,2.25,3.00
2017.02.16 02:08:18.899,1.06576,1.06589,1.50,2.25
2017.02.16 02:08:19.405,1.06575,1.06586,2.25,1.00
2017.02.16 02:08:19.963,1.06575,1.06588,2.25,2.62
2017.02.16 02:08:29.164,1.06576,1.06588,1.75,1.50
2017.02.16 02:08:30.364,1.06576,1.06587,1.75,1.00
2017.02.16 02:08:30.567,1.06576,1.06587,1.12,1.87
2017.02.16 02:08:30.669,1.06576,1.06587,1.00,2.62
2017.02.16 02:08:31.215,1.06577,1.06588,1.00,1.12
2017.02.16 02:08:31.365,1.06576,1.06587,1.12,1.50
2017.02.16 02:08:31.471,1.06575,1.06586,1.00,1.12
2017.02.16 02:08:31.573,1.06575,1.06587,1.12,1.12
2017.02.16 02:08:32.368,1.06576,1.06587,1.00,1.75
2017.02.16 02:08:37.545,1.06575,1.06586,1.12,1.50
2017.02.16 02:08:38.072,1.06576,1.06587,1.00,1.75
2017.02.16 02:08:40.495,1.06575,1.06587,1.12,2.25
2017.02.16 02:08:41.034,1.06576,1.06587,1.00,1.87
2017.02.16 02:08:47.280,1.06575,1.06586,1.12,1.50
2017.02.16 02:08:47.483,1.06573,1.06585,1.12,2.62
2017.02.16 02:08:47.990,1.06574,1.06585,1.00,1.87
2017.02.16 02:08:48.274,1.06572,1.06584,2.25,2.62
2017.02.16 02:08:52.640,1.06573,1.06584,1.00,1.87
2017.02.16 02:08:53.715,1.06572,1.06584,1.87,1.87
2017.02.16 02:09:00.220,1.06573,1.06584,1.00,1.12
2017.02.16 02:09:00.726,1.06572,1.06583,1.12,1.50
2017.02.16 02:09:01.104,1.0657,1.06583,2.25,1.37
2017.02.16 02:09:01.409,1.06573,1.06584,1.00,1.12
2017.02.16 02:09:01.959,1.06573,1.06584,1.00,1.12
2017.02.16 02:09:05.091,1.06572,1.06584,1.87,1.87
2017.02.16 02:09:05.609,1.06573,1.06584,1.00,1.12
2017.02.16 02:09:06.398,1.06572,1.06583,1.12,1.37
2017.02.16 02:09:06.904,1.06571,1.06583,1.12,1.75
2017.02.16 02:09:15.186,1.06569,1.0658,1.37,1.50
2017.02.16 02:09:15.960,1.06569,1.0658,1.00,1.12
2017.02.16 02:09:21.983,1.06571,1.06581,1.00,1.12
2017.02.16 02:09:22.316,1.06571,1.06583,1.12,1.87
2017.02.16 02:09:24.462,1.06572,1.06583,1.00,1.87
2017.02.16 02:09:25.047,1.06571,1.06583,1.12,1.87
2017.02.16 02:09:25.302,1.06573,1.06582,1.00,1.00
2017.02.16 02:09:25.809,1.06574,1.06585,1.00,1.87
2017.02.16 02:09:26.343,1.06575,1.06585,1.00,1.75
2017.02.16 02:09:27.078,1.06576,1.06586,1.00,1.12
2017.02.16 02:09:27.180,1.06576,1.06586,1.00,1.37
2017.02.16 02:09:30.035,1.06577,1.06587,1.00,1.87
2017.02.16 02:09:30.237,1.06575,1.06586,1.12,1.50
2017.02.16 02:09:31.265,1.06576,1.06587,1.00,1.87
2017.02.16 02:09:31.849,1.06576,1.06587,1.12,1.87
2017.02.16 02:09:33.454,1.06575,1.06586,1.87,1.37
2017.02.16 02:09:35.672,1.06574,1.06585,1.87,1.50
2017.02.16 02:09:36.146,1.06572,1.06584,1.12,3.37
2017.02.16 02:09:36.652,1.06571,1.06583,1.87,1.12
2017.02.16 02:09:37.220,1.06572,1.06584,1.00,1.87
2017.02.16 02:09:38.244,1.06571,1.06584,1.87,1.87
2017.02.16 02:09:38.699,1.06573,1.06583,1.00,1.12
2017.02.16 02:09:39.200,1.06572,1.06583,1.12,1.50
2017.02.16 02:09:39.977,1.06573,1.06584,1.00,1.12
2017.02.16 02:09:40.383,1.06575,1.06586,1.00,1.75
2017.02.16 02:09:40.515,1.06574,1.06585,2.25,1.12
2017.02.16 02:09:41.031,1.06573,1.06585,2.25,1.37
2017.02.16 02:09:43.640,1.06573,1.06585,2.25,2.62
2017.02.16 02:09:44.147,1.06573,1.06585,2.25,1.37
2017.02.16 02:09:44.654,1.06575,1.06586,1.12,1.87
2017.02.16 02:09:49.044,1.06574,1.06585,1.50,1.50
2017.02.16 02:09:49.325,1.06572,1.06585,3.00,1.87
2017.02.16 02:09:57.862,1.06572,1.06584,1.87,1.75
2017.02.16 02:09:58.392,1.06573,1.06585,1.00,1.87
2017.02.16 02:09:59.199,1.06572,1.06584,1.87,1.12
2017.02.16 02:09:59.830,1.06573,1.06585,1.00,1.87
2017.02.16 02:10:01.089,1.06573,1.06585,1.87,1.87
2017.02.16 02:10:01.724,1.06573,1.06585,2.25,1.87
2017.02.16 02:10:05.998,1.06575,1.06586,1.00,1.87
2017.02.16 02:10:06.810,1.06574,1.06586,1.87,2.25
2017.02.16 02:10:07.316,1.06575,1.06585,1.12,1.00
2017.02.16 02:10:09.100,1.06573,1.06585,2.25,1.37
2017.02.16 02:10:09.607,1.06574,1.06586,1.87,1.87
2017.02.16 02:10:20.813,1.06575,1.06586,1.00,1.12
2017.02.16 02:10:21.320,1.06574,1.06586,1.12,2.62
2017.02.16 02:10:31.560,1.06575,1.06585,1.87,1.00
2017.02.16 02:10:36.061,1.06574,1.06586,1.50,1.87
2017.02.16 02:10:36.589,1.06574,1.06586,2.25,1.50
2017.02.16 02:10:37.099,1.06574,1.06586,1.12,1.87
2017.02.16 02:10:46.183,1.06572,1.06585,2.25,2.62
2017.02.16 02:10:48.097,1.06572,1.06584,1.00,2.62
2017.02.16 02:10:49.200,1.06572,1.06585,2.62,1.87
2017.02.16 02:10:52.531,1.06574,1.06586,1.00,1.87
2017.02.16 02:10:52.632,1.06574,1.06586,2.25,1.37
2017.02.16 02:10:53.172,1.06574,1.06586,1.12,1.87
2017.02.16 02:10:53.681,1.06574,1.06586,2.25,1.37
2017.02.16 02:10:54.904,1.06574,1.06585,1.12,1.50
2017.02.16 02:11:00.194,1.06573,1.06585,2.25,1.50
2017.02.16 02:11:04.900,1.06573,1.06585,1.00,3.37
2017.02.16 02:11:06.545,1.06573,1.06585,1.12,1.87
2017.02.16 02:11:22.034,1.06572,1.06584,2.25,1.87
2017.02.16 02:11:24.465,1.06569,1.06581,1.75,1.12
2017.02.16 02:11:24.567,1.06569,1.06579,1.12,1.12
2017.02.16 02:11:25.075,1.06568,1.06581,1.87,1.12
2017.02.16 02:11:25.592,1.06568,1.06581,2.25,1.12
2017.02.16 02:11:33.776,1.0657,1.06581,1.00,1.12
2017.02.16 02:11:34.273,1.06571,1.06582,1.12,1.37
2017.02.16 02:11:42.292,1.0657,1.06583,2.25,1.37
2017.02.16 02:12:05.718,1.06571,1.06584,2.25,1.37
2017.02.16 02:12:09.132,1.06572,1.06584,1.12,1.87
2017.02.16 02:12:17.565,1.0657,1.06583,2.25,3.37
2017.02.16 02:12:18.191,1.0657,1.06582,1.12,1.12
2017.02.16 02:12:18.714,1.06569,1.06582,2.25,1.87
2017.02.16 02:12:20.108,1.06569,1.06581,2.25,1.50
2017.02.16 02:12:20.684,1.06569,1.06582,1.75,3.00
2017.02.16 02:12:28.565,1.0657,1.06582,1.75,1.12
2017.02.16 02:12:28.818,1.0657,1.06581,1.87,1.37
2017.02.16 02:12:29.375,1.06571,1.06582,1.00,1.12
2017.02.16 02:12:29.578,1.06571,1.06582,1.50,1.00
2017.02.16 02:12:32.996,1.06572,1.06583,1.50,1.00
2017.02.16 02:12:33.546,1.06572,1.06584,1.12,1.12
2017.02.16 02:12:36.377,1.06572,1.06584,2.25,1.37
2017.02.16 02:12:38.986,1.06574,1.06585,1.00,1.12
2017.02.16 02:12:39.292,1.06575,1.06586,1.12,1.37
2017.02.16 02:12:43.232,1.06576,1.06588,1.12,1.87
2017.02.16 02:12:47.303,1.06575,1.06587,1.50,1.12
2017.02.16 02:12:54.858,1.06575,1.06586,1.75,1.00
2017.02.16 02:12:55.359,1.06576,1.06587,1.50,1.12
2017.02.16 02:12:58.153,1.06576,1.06587,2.25,1.37
2017.02.16 02:12:58.553,1.06575,1.06586,1.37,2.25
2017.02.16 02:12:58.604,1.06574,1.06585,1.12,1.87
2017.02.16 02:12:58.909,1.06576,1.06587,1.00,1.12
2017.02.16 02:12:59.011,1.06576,1.06588,1.12,1.87
2017.02.16 02:13:02.013,1.06577,1.06588,1.00,1.12
2017.02.16 02:13:02.546,1.06575,1.06587,2.25,1.87
2017.02.16 02:13:03.086,1.06575,1.06587,1.87,1.12
2017.02.16 02:13:05.179,1.06575,1.06586,1.87,1.00
2017.02.16 02:13:16.200,1.06575,1.06585,1.00,1.00
2017.02.16 02:13:16.507,1.06573,1.06585,1.50,1.37
2017.02.16 02:13:17.115,1.06574,1.06584,1.87,1.00
2017.02.16 02:13:17.551,1.06575,1.06587,1.50,1.37
2017.02.16 02:13:21.311,1.06575,1.06587,1.50,2.62
2017.02.16 02:13:21.855,1.06574,1.06586,2.25,1.00
2017.02.16 02:13:30.136,1.06575,1.06586,1.00,1.50
2017.02.16 02:13:30.744,1.06574,1.06586,1.00,3.37
2017.02.16 02:13:31.472,1.06573,1.06585,2.25,1.00
2017.02.16 02:13:32.125,1.06574,1.06586,1.00,2.62
2017.02.16 02:13:35.957,1.06573,1.06585,2.25,1.12
2017.02.16 02:13:36.525,1.06574,1.06586,1.12,1.87
2017.02.16 02:13:36.854,1.06574,1.06586,1.75,1.00
2017.02.16 02:13:46.351,1.06575,1.06587,2.25,1.00
2017.02.16 02:14:21.491,1.06576,1.06588,2.25,1.87
2017.02.16 02:14:21.997,1.06577,1.06587,1.00,1.37
2017.02.16 02:14:23.226,1.06576,1.06588,1.12,2.25
2017.02.16 02:14:23.581,1.06578,1.06588,1.00,1.12
2017.02.16 02:14:23.733,1.06578,1.06589,1.12,1.37
2017.02.16 02:14:23.996,1.06576,1.06588,1.50,1.87
2017.02.16 02:14:24.522,1.06576,1.06587,1.12,1.87
2017.02.16 02:14:25.029,1.06578,1.06589,1.50,1.12
2017.02.16 02:14:25.130,1.06579,1.0659,1.00,1.12
2017.02.16 02:14:25.637,1.06579,1.0659,1.12,1.87
2017.02.16 02:14:29.223,1.06579,1.0659,1.37,1.12
2017.02.16 02:14:37.533,1.06578,1.06588,1.75,1.00
2017.02.16 02:14:37.781,1.06577,1.06589,2.25,1.87
2017.02.16 02:14:38.327,1.06577,1.06589,1.87,1.12
2017.02.16 02:14:41.841,1.06577,1.06588,1.37,1.00
2017.02.16 02:14:46.371,1.06577,1.06589,1.87,1.87
2017.02.16 02:14:46.878,1.06577,1.06589,2.25,1.37
2017.02.16 02:15:07.894,1.06575,1.06588,2.62,1.50
2017.02.16 02:15:08.345,1.06575,1.06587,2.25,1.37
2017.02.16 02:15:16.586,1.06573,1.06585,2.25,1.37
2017.02.16 02:15:18.063,1.06573,1.06585,1.12,1.12
2017.02.16 02:15:18.571,1.06572,1.06585,2.62,1.87
2017.02.16 02:15:19.180,1.06573,1.06585,1.87,1.00
2017.02.16 02:15:23.170,1.06572,1.06585,1.87,3.75
2017.02.16 02:15:23.272,1.06571,1.06583,2.25,1.50
2017.02.16 02:15:23.374,1.06571,1.06582,2.25,1.00
2017.02.16 02:15:26.568,1.06571,1.06582,1.12,1.37
2017.02.16 02:15:27.133,1.06571,1.06583,2.62,1.37
2017.02.16 02:15:31.864,1.0657,1.06582,1.87,2.25
2017.02.16 02:15:32.370,1.0657,1.06581,1.87,1.00
2017.02.16 02:15:32.975,1.06572,1.06582,1.00,1.37
2017.02.16 02:15:34.328,1.06571,1.06582,1.87,1.37
2017.02.16 02:15:38.642,1.0657,1.06582,1.12,1.87
2017.02.16 02:15:42.492,1.06569,1.06581,1.50,1.12
2017.02.16 02:15:43.011,1.0657,1.06581,1.00,1.12
2017.02.16 02:15:43.604,1.06569,1.06581,1.50,1.12
2017.02.16 02:15:49.349,1.0657,1.06581,1.00,1.75
2017.02.16 02:15:49.857,1.06569,1.0658,1.87,1.00
2017.02.16 02:15:52.750,1.06569,1.06581,2.62,2.62
2017.02.16 02:15:57.127,1.0657,1.0658,1.00,1.37
2017.02.16 02:15:58.707,1.06569,1.06581,2.25,1.87
2017.02.16 02:15:59.273,1.0657,1.0658,1.00,1.37
2017.02.16 02:15:59.595,1.0657,1.06582,1.50,1.87
2017.02.16 02:16:00.154,1.0657,1.0658,1.50,1.00
2017.02.16 02:16:00.712,1.0657,1.06581,1.12,1.37
2017.02.16 02:16:03.591,1.06569,1.0658,1.12,2.62
2017.02.16 02:16:04.149,1.06568,1.06579,2.25,1.37
2017.02.16 02:16:04.654,1.06569,1.0658,1.87,1.37
2017.02.16 02:16:05.793,1.0657,1.0658,1.00,1.37
2017.02.16 02:16:06.299,1.06569,1.0658,1.87,1.00
2017.02.16 02:16:06.997,1.06569,1.06581,1.50,1.87
2017.02.16 02:16:09.785,1.06568,1.0658,2.62,2.62
2017.02.16 02:16:10.926,1.06568,1.06577,1.87,1.00
2017.02.16 02:16:11.433,1.06568,1.0658,2.25,1.12
2017.02.16 02:16:11.940,1.06569,1.0658,1.12,1.37
2017.02.16 02:16:13.496,1.06569,1.0658,1.00,1.37
2017.02.16 02:16:16.638,1.06569,1.06579,1.12,1.00
2017.02.16 02:16:22.654,1.06568,1.06579,2.62,1.50
2017.02.16 02:16:23.160,1.06569,1.0658,1.00,1.12
2017.02.16 02:16:23.681,1.0657,1.0658,1.00,1.37
2017.02.16 02:16:24.972,1.06569,1.0658,1.12,1.37
2017.02.16 02:16:31.654,1.06568,1.06579,1.50,1.50
2017.02.16 02:16:32.160,1.06569,1.06578,1.00,1.12
2017.02.16 02:16:32.888,1.06568,1.06578,1.50,1.00
2017.02.16 02:16:35.143,1.06569,1.06578,1.00,1.00
2017.02.16 02:16:36.553,1.06569,1.06579,1.12,1.12
2017.02.16 02:16:40.616,1.06569,1.06579,1.12,1.50
2017.02.16 02:16:40.941,1.06567,1.06578,1.50,1.37
2017.02.16 02:16:41.472,1.06568,1.06578,1.00,1.37
2017.02.16 02:16:42.001,1.06567,1.06578,1.50,1.87
2017.02.16 02:16:42.442,1.06569,1.06579,1.00,1.12
2017.02.16 02:16:42.543,1.06569,1.06579,1.00,1.37
2017.02.16 02:16:43.083,1.06569,1.06579,1.12,1.00
2017.02.16 02:16:45.575,1.06568,1.06579,1.50,1.50
2017.02.16 02:16:48.198,1.06568,1.06577,2.25,1.00
2017.02.16 02:16:48.757,1.06568,1.06578,1.12,1.87
2017.02.16 02:16:49.280,1.06568,1.06578,1.50,1.50
2017.02.16 02:16:50.670,1.06567,1.06578,1.12,2.25
2017.02.16 02:16:56.397,1.06567,1.06576,2.25,1.00
2017.02.16 02:16:56.962,1.06568,1.06578,1.00,1.87
2017.02.16 02:16:58.758,1.06567,1.06578,2.25,1.87
2017.02.16 02:17:07.455,1.06569,1.06578,1.00,1.87
2017.02.16 02:17:11.222,1.06567,1.06578,1.50,2.62
2017.02.16 02:17:11.731,1.06567,1.06577,1.12,2.25
2017.02.16 02:17:14.526,1.06567,1.06576,1.12,1.37
2017.02.16 02:17:19.139,1.06566,1.06575,1.00,1.00
2017.02.16 02:17:21.944,1.06565,1.06575,2.10,1.00
2017.02.16 02:17:22.147,1.06568,1.06575,1.00,1.00
2017.02.16 02:17:22.855,1.06568,1.06576,1.00,1.00
2017.02.16 02:17:23.543,1.06569,1.06576,1.00,1.00
2017.02.16 02:17:25.245,1.06568,1.06576,1.00,1.00
2017.02.16 02:17:30.781,1.06567,1.06575,1.50,1.00
2017.02.16 02:17:31.339,1.06568,1.06576,1.00,1.00
2017.02.16 02:17:47.774,1.06569,1.06576,1.00,1.00
2017.02.16 02:17:48.382,1.06569,1.06578,1.00,1.87
2017.02.16 02:18:22.258,1.06568,1.06578,1.12,2.62
2017.02.16 02:18:22.810,1.06568,1.06577,1.12,1.50
2017.02.16 02:18:26.169,1.06567,1.06576,1.50,1.00
2017.02.16 02:18:26.647,1.06569,1.06579,1.00,2.62
2017.02.16 02:18:30.150,1.06568,1.06578,1.00,1.75
2017.02.16 02:18:31.338,1.06569,1.06578,1.00,1.75
2017.02.16 02:18:34.278,1.0657,1.06579,1.00,1.12
2017.02.16 02:18:34.481,1.06572,1.06582,1.00,1.50
2017.02.16 02:18:34.998,1.06572,1.06583,1.12,3.00
2017.02.16 02:18:35.522,1.06571,1.06581,1.12,1.12
2017.02.16 02:18:36.057,1.06572,1.06582,1.00,2.62
2017.02.16 02:18:36.529,1.06569,1.06575,1.75,1.00
2017.02.16 02:18:36.580,1.06567,1.06578,3.00,1.87
2017.02.16 02:18:36.632,1.06567,1.06576,1.87,1.12
2017.02.16 02:18:36.735,1.06565,1.06575,3.47,1.00
2017.02.16 02:18:36.939,1.06569,1.06578,1.00,1.12
2017.02.16 02:18:37.271,1.06569,1.06578,1.00,1.12
2017.02.16 02:18:37.777,1.06571,1.06579,1.00,1.37
2017.02.16 02:18:37.929,1.06571,1.0658,1.00,1.00
2017.02.16 02:18:39.239,1.06572,1.0658,1.00,1.00
2017.02.16 02:18:39.392,1.06573,1.06583,1.00,1.87
2017.02.16 02:18:39.546,1.06572,1.0658,1.50,1.00
2017.02.16 02:18:40.088,1.06571,1.06581,1.12,1.00
2017.02.16 02:18:40.611,1.06572,1.06582,1.00,1.37
2017.02.16 02:18:41.158,1.06572,1.06583,1.12,1.87
2017.02.16 02:18:41.629,1.06572,1.06576,1.00,1.00
2017.02.16 02:18:41.681,1.0657,1.0658,1.75,1.00
2017.02.16 02:18:41.783,1.0657,1.06576,1.37,1.00
2017.02.16 02:18:41.935,1.06571,1.06582,1.87,1.50
2017.02.16 02:18:42.159,1.06571,1.06575,1.50,1.00
2017.02.16 02:18:42.250,1.06565,1.06576,2.97,1.37
2017.02.16 02:18:42.453,1.06568,1.06578,1.00,3.37
2017.02.16 02:18:42.756,1.06569,1.0658,1.00,2.62
2017.02.16 02:18:43.263,1.06569,1.0658,1.00,2.62
2017.02.16 02:18:48.800,1.0657,1.0658,1.00,1.87
2017.02.16 02:18:49.330,1.06569,1.0658,1.00,3.37
2017.02.16 02:18:51.631,1.0657,1.06579,1.00,1.37
2017.02.16 02:18:52.094,1.06572,1.0658,1.00,1.12
2017.02.16 02:18:52.196,1.06572,1.0658,1.00,1.00
2017.02.16 02:18:52.399,1.06573,1.06582,1.00,1.00
2017.02.16 02:18:52.906,1.06572,1.06582,1.00,1.37
2017.02.16 02:18:53.624,1.06571,1.06582,1.12,1.87
2017.02.16 02:18:54.182,1.06572,1.06582,1.00,1.87
2017.02.16 02:18:54.713,1.06572,1.06581,1.00,1.37
2017.02.16 02:18:56.761,1.06572,1.06581,1.00,1.00
2017.02.16 02:18:57.310,1.06571,1.06581,1.12,1.00
2017.02.16 02:18:57.522,1.06573,1.06582,1.00,1.37
2017.02.16 02:18:58.067,1.06573,1.06583,1.00,1.37
2017.02.16 02:19:00.279,1.06571,1.06581,1.00,1.12
2017.02.16 02:19:00.850,1.0657,1.06581,1.50,2.62
2017.02.16 02:19:05.994,1.06569,1.0658,1.87,1.37
2017.02.16 02:19:06.519,1.0657,1.0658,1.00,1.37
2017.02.16 02:19:12.786,1.0657,1.0658,1.50,1.12
2017.02.16 02:19:19.230,1.0657,1.0658,1.12,1.37
2017.02.16 02:19:26.325,1.0657,1.06581,1.37,2.62
2017.02.16 02:19:26.940,1.0657,1.06581,1.12,2.62
2017.02.16 02:19:29.248,1.0657,1.06581,1.50,1.87
2017.02.16 02:19:30.460,1.0657,1.06579,1.12,1.00
2017.02.16 02:19:30.511,1.06566,1.06576,1.87,1.00
2017.02.16 02:19:30.714,1.06565,1.06574,0.60,2.62
2017.02.16 02:19:31.196,1.06566,1.06577,1.50,1.87
2017.02.16 02:19:31.738,1.06569,1.06577,1.00,1.37
2017.02.16 02:19:32.246,1.06569,1.06579,1.00,1.87
2017.02.16 02:19:32.783,1.06568,1.06579,1.12,2.62
2017.02.16 02:19:33.130,1.0657,1.0658,1.00,1.87
2017.02.16 02:19:33.726,1.06571,1.06581,1.00,1.87
2017.02.16 02:19:34.234,1.0657,1.0658,1.00,2.25
2017.02.16 02:19:35.253,1.06571,1.06581,1.00,2.62
2017.02.16 02:19:35.827,1.0657,1.0658,1.00,1.75
2017.02.16 02:19:36.513,1.06571,1.06581,1.00,2.62
2017.02.16 02:19:37.028,1.0657,1.0658,1.00,1.75
2017.02.16 02:19:37.800,1.06571,1.06581,1.00,2.62
2017.02.16 02:19:38.518,1.0657,1.0658,1.00,1.75
2017.02.16 02:19:39.079,1.06571,1.06581,1.00,2.62
2017.02.16 02:19:39.659,1.06571,1.0658,1.00,1.50
2017.02.16 02:19:40.193,1.0657,1.0658,1.00,2.25
2017.02.16 02:19:45.972,1.06571,1.0658,1.00,1.50
2017.02.16 02:19:46.493,1.0657,1.0658,1.00,1.50
2017.02.16 02:19:47.059,1.06571,1.0658,1.00,1.50
2017.02.16 02:19:49.261,1.06571,1.06581,1.00,1.37
2017.02.16 02:19:59.664,1.0657,1.0658,1.50,1.12
2017.02.16 02:20:00.175,1.06571,1.06581,1.00,1.87
2017.02.16 02:20:01.716,1.06571,1.0658,1.00,1.00
2017.02.16 02:20:04.679,1.06571,1.06581,1.00,2.62
2017.02.16 02:20:05.208,1.06571,1.06581,1.00,2.62
2017.02.16 02:20:05.639,1.06572,1.06581,1.37,1.75
2017.02.16 02:20:05.742,1.06573,1.06581,1.00,1.00
2017.02.16 02:20:06.929,1.06572,1.06581,1.00,1.50
2017.02.16 02:20:07.257,1.06571,1.06581,1.00,1.12
2017.02.16 02:20:08.021,1.06572,1.0658,1.00,1.37
2017.02.16 02:20:08.174,1.06572,1.06581,1.00,1.00
2017.02.16 02:20:08.680,1.06573,1.06583,1.00,1.37
2017.02.16 02:20:09.189,1.06573,1.06582,1.00,1.37
2017.02.16 02:20:09.697,1.06573,1.06583,1.00,1.87
2017.02.16 02:20:10.205,1.06574,1.06583,1.00,1.37
2017.02.16 02:20:21.371,1.06573,1.06583,1.00,1.87
2017.02.16 02:20:21.927,1.06573,1.06582,1.00,1.87
2017.02.16 02:20:23.041,1.06572,1.06582,1.00,1.87
2017.02.16 02:20:24.540,1.06573,1.06581,1.00,1.00
2017.02.16 02:20:25.046,1.06573,1.06583,1.00,1.87
2017.02.16 02:20:25.564,1.06573,1.06582,1.00,1.50
2017.02.16 02:20:31.315,1.06572,1.06582,1.00,1.50
2017.02.16 02:20:31.823,1.06573,1.06582,1.00,1.87
2017.02.16 02:20:33.355,1.06572,1.06582,1.00,1.37
2017.02.16 02:20:41.092,1.06572,1.06581,1.00,1.87
2017.02.16 02:20:52.468,1.06571,1.0658,1.00,1.50
2017.02.16 02:20:55.729,1.06571,1.0658,1.00,2.25
2017.02.16 02:20:56.231,1.0657,1.06579,1.00,2.25
2017.02.16 02:20:59.818,1.06572,1.0658,1.00,1.37
2017.02.16 02:21:00.130,1.06573,1.06582,1.00,1.37
2017.02.16 02:21:03.531,1.06573,1.06582,1.00,1.12
2017.02.16 02:21:04.855,1.06574,1.06583,1.00,1.87
2017.02.16 02:21:05.362,1.06573,1.06582,1.00,2.25
2017.02.16 02:21:08.685,1.06573,1.06582,1.00,1.12
2017.02.16 02:21:09.194,1.06574,1.06582,1.00,1.00
2017.02.16 02:21:09.997,1.06573,1.06582,1.00,1.00
2017.02.16 02:21:10.504,1.06572,1.06581,1.00,1.50
2017.02.16 02:21:11.095,1.06573,1.06581,1.00,1.50
2017.02.16 02:21:18.684,1.06572,1.06581,1.00,1.50
2017.02.16 02:21:21.290,1.06573,1.06581,1.00,1.00
2017.02.16 02:21:24.102,1.06573,1.06582,1.00,1.00
2017.02.16 02:21:31.379,1.06573,1.06582,1.00,1.50
2017.02.16 02:21:32.547,1.06573,1.06582,1.00,1.00
2017.02.16 02:21:33.074,1.06574,1.06582,1.00,1.00
2017.02.16 02:21:33.592,1.06573,1.06582,1.00,1.00
2017.02.16 02:21:35.304,1.06574,1.06582,1.00,1.00
2017.02.16 02:21:37.014,1.06573,1.06582,1.00,1.00
2017.02.16 02:21:39.149,1.06573,1.06582,1.00,1.87
2017.02.16 02:21:49.416,1.06572,1.06581,1.00,1.00
2017.02.16 02:21:49.936,1.06572,1.06581,1.00,1.50
2017.02.16 02:21:51.411,1.06571,1.06581,1.12,1.50
2017.02.16 02:21:52.408,1.06572,1.06581,1.00,1.50
2017.02.16 02:22:14.343,1.06572,1.0658,1.00,1.37
2017.02.16 02:22:15.220,1.06572,1.0658,1.00,1.12
2017.02.16 02:22:22.812,1.06571,1.06581,1.12,3.00
2017.02.16 02:22:23.068,1.06569,1.06578,1.12,3.00
2017.02.16 02:22:23.373,1.06571,1.06581,1.00,2.62
2017.02.16 02:22:24.422,1.06572,1.06581,1.00,1.87
2017.02.16 02:22:24.971,1.06571,1.06581,1.00,2.62
2017.02.16 02:22:25.484,1.06572,1.06581,1.00,1.50
2017.02.16 02:22:31.861,1.06573,1.06581,1.00,1.50
2017.02.16 02:22:45.580,1.06572,1.06581,1.00,1.50
2017.02.16 02:22:46.157,1.06571,1.06579,1.00,1.50
2017.02.16 02:22:46.672,1.0657,1.06579,1.00,2.25
2017.02.16 02:22:47.254,1.06571,1.06579,1.00,1.50
2017.02.16 02:22:47.305,1.06569,1.06579,1.00,1.12
2017.02.16 02:22:47.407,1.06571,1.0658,1.00,3.75
2017.02.16 02:22:47.924,1.06572,1.06581,1.00,1.87
2017.02.16 02:22:51.977,1.06573,1.06582,1.00,1.87
2017.02.16 02:22:52.492,1.06573,1.06582,1.00,1.37
2017.02.16 02:22:53.742,1.06573,1.06582,1.00,1.00
2017.02.16 02:23:06.191,1.06572,1.06582,1.12,1.00
2017.02.16 02:23:06.781,1.06573,1.06582,1.00,1.00
2017.02.16 02:23:07.492,1.06574,1.06582,1.00,1.00
2017.02.16 02:23:11.030,1.06574,1.06583,1.00,1.00
2017.02.16 02:23:14.407,1.06575,1.06583,1.00,1.00
2017.02.16 02:23:18.245,1.06574,1.06583,1.00,1.00
2017.02.16 02:23:20.739,1.06574,1.06584,1.12,1.50
2017.02.16 02:23:21.246,1.06574,1.06584,1.00,3.37
2017.02.16 02:23:34.125,1.06573,1.06583,1.12,1.00
2017.02.16 02:23:36.222,1.06573,1.06583,1.12,3.00
2017.02.16 02:23:40.376,1.06573,1.06582,1.00,1.37
2017.02.16 02:23:42.574,1.06573,1.06582,1.00,1.00
2017.02.16 02:24:01.006,1.06573,1.06582,1.00,1.87
2017.02.16 02:24:01.854,1.06572,1.06582,1.00,1.37
2017.02.16 02:24:02.370,1.06572,1.06581,1.00,1.37
2017.02.16 02:24:04.685,1.06573,1.06582,1.00,1.87
2017.02.16 02:24:05.232,1.06572,1.06582,1.00,1.87
2017.02.16 02:24:10.104,1.06573,1.06582,1.00,1.12
2017.02.16 02:24:10.660,1.06573,1.06582,1.00,1.37
2017.02.16 02:24:11.210,1.06573,1.06582,1.00,1.50
2017.02.16 02:24:14.716,1.06574,1.06582,1.00,1.00
2017.02.16 02:24:15.265,1.06573,1.06583,1.00,1.87
2017.02.16 02:24:18.549,1.06574,1.06583,1.00,1.87
2017.02.16 02:24:19.059,1.06573,1.06582,1.00,1.12
2017.02.16 02:24:19.573,1.06573,1.06582,1.00,1.87
2017.02.16 02:24:20.093,1.06572,1.06582,1.00,1.37
2017.02.16 02:24:20.601,1.06573,1.06582,1.00,1.87
2017.02.16 02:24:21.190,1.06573,1.06582,1.00,1.00
2017.02.16 02:24:36.972,1.06573,1.06582,1.00,1.37
2017.02.16 02:24:37.486,1.06572,1.06582,1.00,1.37
2017.02.16 02:24:41.588,1.06573,1.06582,1.00,1.37
2017.02.16 02:24:42.099,1.06573,1.06582,1.00,1.00
2017.02.16 02:24:49.325,1.06574,1.06583,1.00,1.37
2017.02.16 02:24:49.579,1.06572,1.06582,1.50,1.87
2017.02.16 02:24:50.129,1.06573,1.06582,1.00,1.37
2017.02.16 02:24:55.297,1.06573,1.06582,1.00,1.50
2017.02.16 02:24:55.838,1.06573,1.06582,1.00,1.87
2017.02.16 02:25:00.014,1.06571,1.06582,1.00,2.62
2017.02.16 02:25:00.542,1.06572,1.06582,1.00,1.37
2017.02.16 02:25:01.050,1.06573,1.06582,1.00,1.00
2017.02.16 02:25:03.983,1.06573,1.06582,1.00,1.50
2017.02.16 02:25:06.379,1.06572,1.06582,1.00,1.87
2017.02.16 02:25:10.505,1.06572,1.06581,1.00,1.50
2017.02.16 02:25:11.091,1.06572,1.06581,1.00,1.50
2017.02.16 02:25:17.397,1.06573,1.06581,1.00,1.00
2017.02.16 02:25:23.756,1.06571,1.06581,1.87,1.00
2017.02.16 02:25:24.264,1.06572,1.06581,1.00,1.37
2017.02.16 02:25:28.121,1.06573,1.06582,1.00,1.50
2017.02.16 02:25:33.889,1.06573,1.06583,1.12,1.00
2017.02.16 02:25:34.924,1.06574,1.06583,1.00,1.00
2017.02.16 02:25:36.629,1.06573,1.06583,1.12,1.50
2017.02.16 02:25:37.143,1.06573,1.06583,1.00,1.87
2017.02.16 02:25:38.934,1.06574,1.06583,1.00,1.37
2017.02.16 02:25:39.442,1.06574,1.06583,1.00,1.00
2017.02.16 02:25:42.971,1.06575,1.06583,1.00,1.00
2017.02.16 02:25:43.784,1.06574,1.06584,1.00,1.87
2017.02.16 02:25:44.493,1.06574,1.06584,1.00,1.12
2017.02.16 02:25:45.110,1.06575,1.06584,1.00,1.37
2017.02.16 02:25:45.668,1.06575,1.06584,1.00,1.00
2017.02.16 02:25:54.261,1.06576,1.06585,1.00,1.87
2017.02.16 02:25:54.363,1.06574,1.06583,1.12,1.00
2017.02.16 02:25:54.732,1.06573,1.06582,1.00,1.50
2017.02.16 02:25:55.260,1.06574,1.06583,1.00,1.50
2017.02.16 02:25:55.844,1.06575,1.06584,1.00,1.37
2017.02.16 02:25:56.366,1.06575,1.06584,1.00,1.00
2017.02.16 02:25:57.364,1.06576,1.06584,1.00,1.00
2017.02.16 02:25:57.620,1.06577,1.06586,1.00,1.12
2017.02.16 02:26:00.943,1.06578,1.06586,1.00,1.00
2017.02.16 02:26:01.682,1.06577,1.06587,1.00,1.50
2017.02.16 02:26:02.833,1.06577,1.06588,1.12,1.87
2017.02.16 02:26:07.180,1.06578,1.06588,1.00,1.87
2017.02.16 02:26:07.718,1.06578,1.06586,1.00,1.00
2017.02.16 02:26:08.325,1.06578,1.06587,1.00,1.50
2017.02.16 02:26:09.544,1.06578,1.06586,1.00,1.00
2017.02.16 02:26:10.053,1.06578,1.06588,1.00,1.87
2017.02.16 02:26:10.937,1.06579,1.06589,1.00,2.25
2017.02.16 02:26:11.281,1.0658,1.06589,1.00,1.12
2017.02.16 02:26:11.813,1.0658,1.06588,1.00,1.12
2017.02.16 02:26:13.257,1.06579,1.06588,1.00,1.12
2017.02.16 02:26:14.836,1.06578,1.06587,1.12,1.00
2017.02.16 02:26:15.503,1.06578,1.06588,1.00,1.50
2017.02.16 02:26:18.627,1.06577,1.06587,1.00,1.50
2017.02.16 02:26:22.590,1.06577,1.06587,1.00,1.87
2017.02.16 02:26:23.148,1.06577,1.06586,1.00,1.12
2017.02.16 02:26:23.688,1.06576,1.06585,1.00,1.50
2017.02.16 02:26:33.137,1.06577,1.06586,1.00,1.50
2017.02.16 02:26:33.643,1.06577,1.06586,1.00,1.37
2017.02.16 02:26:34.254,1.06577,1.06586,1.00,1.00
2017.02.16 02:26:37.011,1.06578,1.06586,1.00,1.00
2017.02.16 02:26:37.753,1.06578,1.06587,1.00,1.00
2017.02.16 02:26:38.256,1.06579,1.06588,1.00,1.50
2017.02.16 02:26:43.137,1.06579,1.06587,1.00,1.00
2017.02.16 02:26:43.340,1.06577,1.06587,1.87,1.12
2017.02.16 02:26:43.888,1.06578,1.06588,1.00,1.87
2017.02.16 02:26:44.395,1.06578,1.06588,1.00,1.50
2017.02.16 02:26:46.875,1.06577,1.06586,1.12,1.12
2017.02.16 02:26:47.401,1.06577,1.06587,1.00,1.87
2017.02.16 02:26:48.138,1.06577,1.06587,1.00,1.50
2017.02.16 02:26:48.644,1.06578,1.06587,1.00,1.50
2017.02.16 02:26:49.160,1.06578,1.06588,1.00,1.50
2017.02.16 02:27:01.859,1.0658,1.06589,1.00,1.87
2017.02.16 02:27:02.423,1.0658,1.06591,1.00,1.87
2017.02.16 02:27:02.935,1.06581,1.06591,1.00,1.87
2017.02.16 02:27:05.491,1.0658,1.0659,1.00,1.50
2017.02.16 02:27:06.179,1.0658,1.0659,1.00,1.75
2017.02.16 02:27:06.680,1.06581,1.0659,1.00,1.75
2017.02.16 02:27:07.663,1.0658,1.06589,1.00,1.50
2017.02.16 02:27:12.874,1.06579,1.0659,1.00,1.87
2017.02.16 02:27:13.632,1.0658,1.0659,1.00,1.75
2017.02.16 02:27:17.187,1.0658,1.06591,1.00,1.87
2017.02.16 02:27:22.162,1.06581,1.06591,1.00,1.87
2017.02.16 02:27:23.288,1.06581,1.0659,1.00,1.75
2017.02.16 02:27:26.146,1.0658,1.06589,1.00,1.50
2017.02.16 02:27:27.779,1.06579,1.06589,1.00,1.50
2017.02.16 02:27:28.287,1.06578,1.06589,1.00,1.75
2017.02.16 02:27:30.120,1.06578,1.06587,1.00,1.87
2017.02.16 02:27:30.622,1.06577,1.06586,1.00,1.50
2017.02.16 02:27:31.011,1.06578,1.06587,1.00,1.00
2017.02.16 02:27:38.178,1.06579,1.06587,1.00,1.12
2017.02.16 02:27:43.403,1.0658,1.0659,1.00,1.87
2017.02.16 02:27:43.627,1.0658,1.06591,1.00,1.87
2017.02.16 02:27:44.135,1.06581,1.06589,1.00,1.50
2017.02.16 02:27:47.434,1.0658,1.06588,1.00,1.12
2017.02.16 02:27:57.937,1.06581,1.0659,1.00,1.75
2017.02.16 02:27:58.190,1.06581,1.0659,1.00,1.00
2017.02.16 02:27:58.730,1.06581,1.06591,1.00,1.75
2017.02.16 02:28:04.346,1.06581,1.0659,1.00,1.12
2017.02.16 02:28:11.601,1.06581,1.06591,1.00,1.75
2017.02.16 02:28:13.068,1.0658,1.06589,1.00,1.12
2017.02.16 02:28:13.594,1.0658,1.06589,1.00,1.50
2017.02.16 02:28:14.117,1.06581,1.0659,1.00,1.75
2017.02.16 02:28:16.892,1.0658,1.06589,1.00,1.50
2017.02.16 02:28:36.832,1.06578,1.06587,1.00,1.12
2017.02.16 02:28:37.339,1.06577,1.06587,1.00,1.50
2017.02.16 02:28:42.352,1.06578,1.06587,1.00,1.37
2017.02.16 02:28:45.444,1.06578,1.06589,1.12,1.75
2017.02.16 02:28:45.950,1.06578,1.06589,1.12,1.50
2017.02.16 02:28:47.889,1.06579,1.06589,1.00,1.50
2017.02.16 02:28:56.609,1.0658,1.0659,1.00,1.87
2017.02.16 02:29:15.000,1.06579,1.06589,1.00,1.50
2017.02.16 02:29:16.979,1.0658,1.0659,1.00,1.87
2017.02.16 02:29:17.489,1.06581,1.0659,1.00,1.12
2017.02.16 02:29:20.760,1.06581,1.06589,1.00,1.00
2017.02.16 02:29:21.094,1.06583,1.06592,1.00,1.75
2017.02.16 02:29:21.215,1.06583,1.06593,1.12,1.12
2017.02.16 02:29:21.419,1.06583,1.06591,1.00,1.00
2017.02.16 02:29:22.029,1.06583,1.06592,1.00,1.12
2017.02.16 02:29:22.793,1.06583,1.06591,1.00,1.00
2017.02.16 02:29:23.325,1.06583,1.06592,1.00,1.12
2017.02.16 02:29:23.858,1.06583,1.06591,1.00,1.00
2017.02.16 02:29:24.633,1.06583,1.06591,1.00,1.50
2017.02.16 02:29:25.181,1.06582,1.06591,1.00,1.50
2017.02.16 02:29:25.436,1.06583,1.06593,1.12,1.50
2017.02.16 02:29:26.737,1.06583,1.06592,1.00,1.12
2017.02.16 02:29:36.818,1.06584,1.06592,1.00,1.12
2017.02.16 02:29:36.920,1.06582,1.06591,1.00,1.12
2017.02.16 02:29:37.022,1.0658,1.0659,2.25,1.12
2017.02.16 02:29:37.550,1.0658,1.0659,1.00,1.37
2017.02.16 02:29:41.575,1.06581,1.06591,1.00,1.87
2017.02.16 02:29:42.085,1.06581,1.06591,1.00,1.50
2017.02.16 02:29:43.540,1.0658,1.0659,1.12,1.12
2017.02.16 02:29:44.562,1.06581,1.06591,1.00,1.37
2017.02.16 02:29:46.505,1.0658,1.0659,1.12,1.12
2017.02.16 02:29:46.759,1.0658,1.06589,1.00,1.37
2017.02.16 02:29:48.784,1.06579,1.06589,1.00,1.50
2017.02.16 02:29:49.245,1.06581,1.06591,1.00,1.87
2017.02.16 02:29:49.771,1.0658,1.0659,1.00,1.50
2017.02.16 02:29:50.076,1.06579,1.06589,1.00,1.87
2017.02.16 02:29:58.042,1.0658,1.0659,1.00,1.87
2017.02.16 02:29:58.195,1.06581,1.06591,1.00,1.87
2017.02.16 02:29:58.481,1.06581,1.06591,1.12,1.50
2017.02.16 02:29:58.663,1.06582,1.06591,1.00,1.37
2017.02.16 02:29:58.719,1.06579,1.06589,1.12,1.50
2017.02.16 02:29:59.225,1.06579,1.06589,1.00,2.62
2017.02.16 02:30:00.580,1.06578,1.06588,1.12,1.50
2017.02.16 02:30:01.087,1.06579,1.0659,1.00,1.87
2017.02.16 02:30:01.189,1.06581,1.06591,1.00,2.25
2017.02.16 02:30:01.690,1.06581,1.0659,1.00,1.50
2017.02.16 02:30:02.228,1.0658,1.0659,1.00,1.87
2017.02.16 02:30:06.847,1.06579,1.0659,1.12,1.87
2017.02.16 02:30:07.380,1.06579,1.06589,1.00,1.87
2017.02.16 02:30:09.549,1.06578,1.06589,1.12,1.50
2017.02.16 02:30:10.086,1.06579,1.06589,1.00,1.87
2017.02.16 02:30:10.392,1.0658,1.0659,1.12,1.50
2017.02.16 02:30:10.443,1.06582,1.0659,1.00,1.12
2017.02.16 02:30:10.950,1.06581,1.0659,1.12,1.00
2017.02.16 02:30:11.679,1.0658,1.06589,1.12,1.00
2017.02.16 02:30:12.488,1.06579,1.06589,1.12,1.50
2017.02.16 02:30:12.792,1.06578,1.06588,1.00,1.87
2017.02.16 02:30:13.361,1.06579,1.06588,1.00,1.87
2017.02.16 02:30:14.392,1.06578,1.06588,1.00,1.87
2017.02.16 02:30:16.185,1.06578,1.06588,1.00,1.50
2017.02.16 02:30:16.693,1.06579,1.06589,1.00,1.37
2017.02.16 02:30:23.474,1.0658,1.06589,1.00,1.37
2017.02.16 02:30:23.976,1.06579,1.06589,1.00,1.50
2017.02.16 02:30:25.471,1.0658,1.06589,1.00,1.50
2017.02.16 02:30:28.880,1.06579,1.06588,1.00,1.00
2017.02.16 02:30:29.387,1.06578,1.06588,1.00,1.50
2017.02.16 02:30:40.042,1.06579,1.06589,1.00,1.87
2017.02.16 02:30:40.548,1.0658,1.06589,1.00,1.50
2017.02.16 02:30:40.904,1.06578,1.06588,1.12,1.50
2017.02.16 02:30:41.456,1.06578,1.06588,1.00,1.50
2017.02.16 02:30:48.410,1.06577,1.06588,1.12,1.50
2017.02.16 02:30:48.918,1.06578,1.06589,1.00,1.87
2017.02.16 02:30:49.428,1.06577,1.06586,1.00,1.12
2017.02.16 02:30:52.218,1.0658,1.06589,1.00,1.87
2017.02.16 02:30:52.394,1.06578,1.06588,1.50,1.00
2017.02.16 02:30:52.907,1.06578,1.06588,1.00,1.50
2017.02.16 02:30:54.747,1.06579,1.06588,1.00,1.50
2017.02.16 02:30:55.797,1.0658,1.06588,1.12,1.50
2017.02.16 02:30:56.303,1.06579,1.06588,1.00,1.50
2017.02.16 02:31:00.965,1.06579,1.06589,1.00,1.37
2017.02.16 02:31:09.850,1.0658,1.06589,1.00,1.50
2017.02.16 02:31:12.216,1.06581,1.0659,1.00,1.87
2017.02.16 02:31:12.419,1.06581,1.0659,1.00,1.12
2017.02.16 02:31:12.946,1.06581,1.0659,1.00,1.50
2017.02.16 02:31:14.470,1.0658,1.06589,1.00,1.12
2017.02.16 02:31:14.983,1.06579,1.06589,1.00,1.50
2017.02.16 02:31:21.916,1.06579,1.06588,1.00,1.87
2017.02.16 02:31:33.374,1.06578,1.06587,1.00,1.50
2017.02.16 02:31:33.887,1.06577,1.06586,1.00,1.12
2017.02.16 02:31:39.255,1.06578,1.06587,1.00,1.87
2017.02.16 02:31:39.560,1.0658,1.0659,1.00,2.25
2017.02.16 02:31:39.891,1.06582,1.0659,1.00,1.12
2017.02.16 02:31:40.195,1.0658,1.06589,1.00,1.87
2017.02.16 02:31:42.567,1.06579,1.06588,1.00,1.12
2017.02.16 02:31:43.094,1.06578,1.06588,1.00,1.50
2017.02.16 02:31:48.349,1.06579,1.06588,1.00,1.87
2017.02.16 02:31:49.706,1.06578,1.06588,1.00,1.87
2017.02.16 02:31:50.212,1.06578,1.06588,1.12,1.12
2017.02.16 02:31:52.368,1.06579,1.06589,1.00,1.87
2017.02.16 02:31:52.949,1.06579,1.0659,1.12,1.87
2017.02.16 02:31:53.458,1.0658,1.0659,1.00,1.87
2017.02.16 02:31:56.819,1.06581,1.06591,1.00,1.87
2017.02.16 02:31:57.368,1.06581,1.0659,1.12,1.00
2017.02.16 02:31:57.875,1.0658,1.06589,1.00,1.50
2017.02.16 02:32:00.749,1.0658,1.06588,1.00,1.00
2017.02.16 02:32:01.103,1.06578,1.06588,1.12,1.50
2017.02.16 02:32:01.418,1.0658,1.0659,1.00,1.75
2017.02.16 02:32:01.620,1.06581,1.06591,1.00,1.50
2017.02.16 02:32:10.978,1.06581,1.06589,1.00,1.00
2017.02.16 02:32:11.535,1.0658,1.06589,1.00,1.12
2017.02.16 02:32:13.517,1.06579,1.06589,1.12,1.50
2017.02.16 02:32:14.364,1.06579,1.06588,1.12,1.00
2017.02.16 02:32:20.640,1.06578,1.06587,1.12,1.00
2017.02.16 02:32:26.485,1.06579,1.0659,1.00,1.87
2017.02.16 02:32:27.126,1.06579,1.06589,1.00,1.50
2017.02.16 02:32:28.575,1.06579,1.06589,1.00,1.75
2017.02.16 02:32:29.117,1.06579,1.06589,1.00,1.87
2017.02.16 02:32:29.624,1.06578,1.06588,1.12,1.12
2017.02.16 02:32:29.726,1.06581,1.06589,1.00,1.50
2017.02.16 02:32:29.876,1.06581,1.0659,1.00,1.12
2017.02.16 02:32:30.383,1.0658,1.06589,1.00,1.12
2017.02.16 02:32:32.454,1.06579,1.06589,1.12,1.12
2017.02.16 02:32:32.858,1.06578,1.06587,1.00,1.12
2017.02.16 02:32:33.400,1.06577,1.06587,1.00,1.50
2017.02.16 02:32:37.199,1.06578,1.06588,1.00,1.87
2017.02.16 02:32:37.726,1.06577,1.06587,1.00,1.37
2017.02.16 02:32:38.231,1.06577,1.06588,1.12,1.87
2017.02.16 02:32:38.773,1.06578,1.06588,1.00,1.87
2017.02.16 02:32:43.748,1.06577,1.06587,1.12,1.12
2017.02.16 02:32:44.255,1.06578,1.06589,1.00,1.87
2017.02.16 02:32:50.902,1.06578,1.06589,1.37,1.87
2017.02.16 02:32:51.430,1.06578,1.06589,1.12,1.87
2017.02.16 02:32:52.516,1.06579,1.06589,1.00,1.87
2017.02.16 02:32:53.023,1.06577,1.06588,1.50,1.50
2017.02.16 02:32:53.529,1.06579,1.0659,1.12,1.50
2017.02.16 02:32:54.031,1.0658,1.06589,1.00,1.12
2017.02.16 02:32:54.537,1.06579,1.06588,1.00,1.50
2017.02.16 02:32:57.694,1.06578,1.06588,1.00,1.50
2017.02.16 02:32:58.303,1.06579,1.06588,1.00,1.87
2017.02.16 02:32:58.828,1.06578,1.06588,1.12,1.50
2017.02.16 02:32:59.337,1.06578,1.06589,1.00,1.87
2017.02.16 02:32:59.862,1.06578,1.06589,1.12,1.87
2017.02.16 02:33:02.179,1.06579,1.06588,1.00,1.12
2017.02.16 02:33:07.463,1.06578,1.06588,1.12,1.50
2017.02.16 02:33:07.920,1.06577,1.06588,1.00,1.87
2017.02.16 02:33:09.059,1.06578,1.06588,1.00,1.87
2017.02.16 02:33:12.695,1.06579,1.06589,1.00,1.12
2017.02.16 02:33:12.874,1.06579,1.06589,1.00,1.37
2017.02.16 02:33:19.373,1.06578,1.06588,1.12,1.12
2017.02.16 02:33:19.626,1.06582,1.06591,1.00,2.25
2017.02.16 02:33:19.728,1.06582,1.06592,1.00,1.87
2017.02.16 02:33:19.927,1.06581,1.06589,1.00,1.12
2017.02.16 02:33:20.460,1.06582,1.06592,1.00,1.87
2017.02.16 02:33:21.001,1.06582,1.06592,1.00,1.87
2017.02.16 02:33:24.774,1.06581,1.06591,1.12,1.12
2017.02.16 02:33:25.099,1.0658,1.06589,1.00,1.12
2017.02.16 02:33:31.843,1.06581,1.06591,1.00,1.50
2017.02.16 02:33:32.150,1.06585,1.06593,1.00,1.12
2017.02.16 02:33:32.251,1.06583,1.06592,1.00,1.12
2017.02.16 02:33:32.736,1.06582,1.0659,1.00,1.00
2017.02.16 02:33:33.245,1.06581,1.0659,1.00,1.12
2017.02.16 02:33:33.785,1.06582,1.06592,1.00,1.87
2017.02.16 02:33:38.712,1.06581,1.0659,1.12,1.00
2017.02.16 02:33:39.303,1.06581,1.0659,1.00,1.50
2017.02.16 02:33:42.305,1.06581,1.0659,1.00,1.12
2017.02.16 02:33:49.215,1.06581,1.0659,1.00,1.50
2017.02.16 02:33:49.986,1.0658,1.06589,1.00,1.50
2017.02.16 02:33:50.528,1.0658,1.06589,1.00,1.12
2017.02.16 02:33:51.111,1.06579,1.06589,1.12,1.12
2017.02.16 02:33:53.355,1.0658,1.06589,1.00,1.12
2017.02.16 02:33:53.913,1.0658,1.06589,1.00,1.50
2017.02.16 02:33:58.434,1.06579,1.0659,1.00,1.75
2017.02.16 02:34:05.105,1.06578,1.06588,1.12,1.12
2017.02.16 02:34:11.768,1.06578,1.06587,1.12,1.00
2017.02.16 02:34:13.148,1.06579,1.06589,1.00,1.87
2017.02.16 02:34:13.681,1.06578,1.06587,1.00,1.12
2017.02.16 02:34:17.062,1.06579,1.06588,1.00,1.00
2017.02.16 02:34:17.596,1.06579,1.0659,1.00,1.87
2017.02.16 02:34:17.647,1.0658,1.06589,1.00,1.12
2017.02.16 02:34:17.900,1.06578,1.06587,1.75,1.00
2017.02.16 02:34:18.052,1.06578,1.06588,1.00,1.87
2017.02.16 02:34:21.369,1.06578,1.06586,1.00,1.00
2017.02.16 02:34:21.882,1.06577,1.06587,1.00,1.50
2017.02.16 02:34:22.415,1.06578,1.06587,1.00,1.12
2017.02.16 02:34:23.041,1.06578,1.06587,1.00,1.50
2017.02.16 02:34:26.158,1.06578,1.06588,1.00,1.87
2017.02.16 02:34:26.794,1.06579,1.06588,1.00,1.87
2017.02.16 02:34:26.845,1.06581,1.06589,1.00,1.12
2017.02.16 02:34:27.048,1.06578,1.06587,1.50,1.00
2017.02.16 02:34:27.611,1.06578,1.06588,1.12,1.12
2017.02.16 02:34:30.428,1.06579,1.06587,1.00,1.00
2017.02.16 02:34:30.849,1.06579,1.06589,1.12,1.50
2017.02.16 02:34:31.604,1.0658,1.06589,1.00,1.12
2017.02.16 02:34:32.116,1.06579,1.06589,1.12,1.12
2017.02.16 02:34:32.262,1.06581,1.06589,1.00,1.12
2017.02.16 02:34:32.567,1.06578,1.06587,1.50,1.00
2017.02.16 02:34:33.086,1.06577,1.06586,1.12,1.00
2017.02.16 02:34:33.594,1.06577,1.06587,1.12,1.50
2017.02.16 02:34:34.038,1.06577,1.06585,1.12,1.00
2017.02.16 02:34:34.876,1.06577,1.06586,1.00,1.12
2017.02.16 02:34:35.180,1.06581,1.0659,1.12,1.87
2017.02.16 02:34:35.282,1.06582,1.06591,1.12,1.87
2017.02.16 02:34:35.618,1.06577,1.06588,1.75,1.00
2017.02.16 02:34:35.670,1.06575,1.06585,1.50,1.00
2017.02.16 02:34:36.233,1.06575,1.06585,1.00,1.50
2017.02.16 02:34:38.604,1.06576,1.06586,1.00,1.75
2017.02.16 02:34:38.800,1.06577,1.06586,1.00,1.12
2017.02.16 02:34:39.329,1.06577,1.06586,1.00,1.50
2017.02.16 02:34:40.292,1.06577,1.06586,1.12,1.00
2017.02.16 02:34:40.595,1.06576,1.06585,1.00,1.50
2017.02.16 02:34:50.696,1.06575,1.06585,1.00,1.37
2017.02.16 02:34:51.012,1.06576,1.06586,1.12,1.12
2017.02.16 02:34:51.568,1.06577,1.06586,1.00,1.12
2017.02.16 02:34:51.928,1.06575,1.06584,1.12,1.00
2017.02.16 02:34:52.458,1.06576,1.06586,1.12,1.50
2017.02.16 02:34:52.764,1.06578,1.06588,1.00,1.75
2017.02.16 02:34:52.916,1.06578,1.06589,1.12,1.87
2017.02.16 02:34:53.462,1.06578,1.06589,1.50,1.50
2017.02.16 02:34:54.129,1.06578,1.06588,1.50,1.00
2017.02.16 02:34:54.661,1.06578,1.06589,1.50,1.50
2017.02.16 02:34:55.301,1.06578,1.06588,1.50,1.00
2017.02.16 02:34:55.927,1.06578,1.06588,1.12,1.12
2017.02.16 02:35:07.767,1.06578,1.06587,1.12,1.00
2017.02.16 02:35:08.424,1.06576,1.06587,1.50,1.12
2017.02.16 02:35:10.373,1.06578,1.06588,1.00,1.50
2017.02.16 02:35:10.576,1.06578,1.06589,1.50,1.12
2017.02.16 02:35:11.454,1.06579,1.06589,1.50,1.00
2017.02.16 02:35:11.704,1.06581,1.06592,1.12,1.50
2017.02.16 02:35:12.474,1.06581,1.06592,1.50,2.62
2017.02.16 02:35:12.525,1.06581,1.0659,1.37,1.00
2017.02.16 02:35:13.064,1.06579,1.06591,1.75,1.12
2017.02.16 02:35:13.805,1.06581,1.06591,1.00,1.50
2017.02.16 02:35:33.592,1.0658,1.0659,1.12,1.12
2017.02.16 02:35:36.349,1.06581,1.06591,1.00,1.50
2017.02.16 02:35:43.341,1.0658,1.0659,1.12,1.12
2017.02.16 02:35:43.854,1.06579,1.0659,1.12,1.50
2017.02.16 02:35:46.729,1.06579,1.06591,1.87,1.50
2017.02.16 02:35:52.426,1.06581,1.06592,1.00,1.12
2017.02.16 02:35:52.932,1.06582,1.06592,1.50,1.50
2017.02.16 02:35:53.288,1.06582,1.06593,1.87,1.50
2017.02.16 02:35:53.389,1.06582,1.06591,1.00,1.00
2017.02.16 02:35:54.007,1.06581,1.06592,2.62,1.00
2017.02.16 02:35:55.035,1.06581,1.06592,3.00,1.12
2017.02.16 02:35:55.647,1.06581,1.06593,1.75,1.12
2017.02.16 02:35:56.183,1.06581,1.06592,2.25,1.00
2017.02.16 02:35:56.753,1.06581,1.06592,2.25,1.12
2017.02.16 02:35:59.128,1.06581,1.06592,2.25,1.00
2017.02.16 02:36:02.482,1.06582,1.06593,2.25,1.12
2017.02.16 02:36:03.199,1.06581,1.06592,2.62,1.00
2017.02.16 02:36:07.297,1.06584,1.06593,1.50,1.12
2017.02.16 02:36:07.810,1.06581,1.06592,1.50,1.00
2017.02.16 02:36:08.344,1.06581,1.06592,1.50,1.12
2017.02.16 02:36:13.783,1.06581,1.06593,1.87,1.12
2017.02.16 02:36:15.633,1.06581,1.06592,1.87,1.00
2017.02.16 02:36:16.369,1.06581,1.06593,1.87,1.12
2017.02.16 02:36:20.269,1.06583,1.06594,1.50,1.12
2017.02.16 02:36:31.134,1.06582,1.06593,1.87,1.00
2017.02.16 02:36:31.645,1.06581,1.06592,1.75,1.00
2017.02.16 02:36:33.882,1.06581,1.06593,1.75,1.12
2017.02.16 02:36:37.077,1.06582,1.06592,1.50,1.00
2017.02.16 02:36:37.621,1.06582,1.06593,1.12,1.50
2017.02.16 02:36:41.582,1.06582,1.06593,1.50,1.12
2017.02.16 02:36:42.173,1.06583,1.06593,1.00,1.12
2017.02.16 02:36:45.585,1.06583,1.06594,1.37,2.25
2017.02.16 02:36:46.222,1.06582,1.06594,1.87,1.50
2017.02.16 02:36:46.556,1.06584,1.06594,1.37,1.00
2017.02.16 02:36:49.686,1.06585,1.06593,1.00,1.00
2017.02.16 02:36:50.891,1.06584,1.06594,1.37,1.00
2017.02.16 02:36:55.355,1.06583,1.06592,1.12,1.00
2017.02.16 02:36:55.558,1.06582,1.06592,1.87,1.00
2017.02.16 02:36:56.105,1.06582,1.06593,1.37,2.25
2017.02.16 02:36:56.608,1.06582,1.06592,1.37,1.00
2017.02.16 02:36:57.129,1.06582,1.06593,1.37,1.50
2017.02.16 02:36:58.907,1.06582,1.06592,1.37,1.00
2017.02.16 02:36:59.623,1.06582,1.06592,1.00,1.12
2017.02.16 02:37:01.225,1.06581,1.06593,3.37,1.50
2017.02.16 02:37:01.732,1.06582,1.06593,1.37,1.00
2017.02.16 02:37:03.333,1.06582,1.06594,1.12,1.87
2017.02.16 02:37:03.899,1.06582,1.06593,1.12,1.00
2017.02.16 02:37:04.644,1.06582,1.06593,1.37,1.12
2017.02.16 02:37:13.053,1.06582,1.06593,1.87,1.00
2017.02.16 02:37:13.590,1.06582,1.06593,1.37,1.87
2017.02.16 02:37:19.662,1.06582,1.06593,1.37,1.00
2017.02.16 02:37:22.042,1.06581,1.06593,1.12,2.62
2017.02.16 02:37:33.463,1.06583,1.06593,1.37,1.00
2017.02.16 02:37:33.986,1.06582,1.06593,1.37,1.12
2017.02.16 02:37:35.441,1.06582,1.06592,1.00,1.87
2017.02.16 02:37:37.453,1.06581,1.06592,1.12,1.37
2017.02.16 02:37:38.079,1.06581,1.06593,1.37,2.25
2017.02.16 02:37:38.626,1.06581,1.06593,2.62,1.87
2017.02.16 02:37:39.211,1.06581,1.06592,1.87,1.00
2017.02.16 02:37:39.718,1.0658,1.06593,1.87,3.75
2017.02.16 02:37:40.227,1.06581,1.06592,1.37,1.12
2017.02.16 02:37:43.193,1.06582,1.06593,1.50,1.37
2017.02.16 02:37:43.396,1.06582,1.06594,1.12,2.25
2017.02.16 02:37:43.940,1.06583,1.06593,1.37,1.00
2017.02.16 02:37:45.034,1.06583,1.06594,1.37,1.12
2017.02.16 02:37:47.265,1.06583,1.06594,1.37,1.00
2017.02.16 02:37:50.712,1.06582,1.06593,1.87,1.00
2017.02.16 02:37:51.225,1.06582,1.06594,1.12,1.87
2017.02.16 02:37:52.604,1.06582,1.06593,1.12,1.00
2017.02.16 02:37:53.111,1.06581,1.06594,2.25,2.62
2017.02.16 02:37:58.879,1.06582,1.06593,1.12,1.00
2017.02.16 02:37:59.081,1.06581,1.06593,1.87,1.50
2017.02.16 02:38:00.593,1.06581,1.06586,1.50,1.00
2017.02.16 02:38:00.645,1.06581,1.06589,1.50,2.25
2017.02.16 02:38:00.698,1.0658,1.06586,1.50,1.00
2017.02.16 02:38:00.750,1.06578,1.0659,2.62,1.00
2017.02.16 02:38:00.802,1.06578,1.0659,1.72,1.50
2017.02.16 02:38:00.955,1.06579,1.06591,1.37,2.62
2017.02.16 02:38:01.533,1.06579,1.06592,1.87,2.25
2017.02.16 02:38:01.839,1.0658,1.06592,1.12,1.12
2017.02.16 02:38:02.347,1.0658,1.06591,1.12,1.12
2017.02.16 02:38:09.956,1.0658,1.06592,1.12,1.87
2017.02.16 02:38:10.328,1.0658,1.06591,1.50,1.50
2017.02.16 02:38:10.735,1.06581,1.06592,1.50,1.37
2017.02.16 02:38:10.836,1.06582,1.06593,1.37,2.62
2017.02.16 02:38:11.736,1.06582,1.06594,1.12,2.25
2017.02.16 02:38:11.840,1.06582,1.06593,1.87,1.00
2017.02.16 02:38:12.346,1.06582,1.06592,1.87,1.00
2017.02.16 02:38:12.936,1.06581,1.06593,1.87,1.87
2017.02.16 02:38:13.622,1.06581,1.06592,1.12,1.50
2017.02.16 02:38:14.148,1.06581,1.06592,1.37,1.50
2017.02.16 02:38:17.680,1.06581,1.06591,1.37,1.00
2017.02.16 02:38:18.197,1.06581,1.06592,1.37,3.00
2017.02.16 02:38:20.474,1.06581,1.0659,1.37,1.00
2017.02.16 02:38:20.627,1.06581,1.06592,1.37,1.50
2017.02.16 02:38:21.697,1.0658,1.0659,1.87,1.00
2017.02.16 02:38:22.806,1.06581,1.06591,1.00,1.12
2017.02.16 02:38:26.786,1.06582,1.06593,1.00,2.25
2017.02.16 02:38:27.091,1.06582,1.06593,1.50,1.50
2017.02.16 02:38:27.670,1.06582,1.06592,1.50,1.00
2017.02.16 02:38:28.265,1.06582,1.06592,1.12,1.12
2017.02.16 02:38:31.247,1.06581,1.06591,1.87,1.00
2017.02.16 02:38:31.782,1.06581,1.06592,1.37,1.12
2017.02.16 02:38:42.666,1.0658,1.06592,1.87,3.37
2017.02.16 02:38:46.666,1.06582,1.06592,1.00,3.37
2017.02.16 02:38:47.326,1.0658,1.06592,2.25,3.37
2017.02.16 02:38:48.686,1.06581,1.06592,1.87,1.12
2017.02.16 02:38:53.663,1.06582,1.06594,1.50,1.87
2017.02.16 02:38:54.195,1.06582,1.06593,1.87,1.00
2017.02.16 02:39:01.174,1.06582,1.06594,1.75,2.25
2017.02.16 02:39:01.372,1.06585,1.06595,1.50,2.62
2017.02.16 02:39:01.884,1.06583,1.06594,1.50,1.50
2017.02.16 02:39:05.924,1.06582,1.06593,1.87,1.00
2017.02.16 02:39:06.435,1.06582,1.06593,1.87,1.12
2017.02.16 02:39:08.332,1.06582,1.06594,1.87,2.25
2017.02.16 02:39:16.454,1.06582,1.06593,1.75,1.00
2017.02.16 02:39:16.707,1.06582,1.06592,1.00,1.12
2017.02.16 02:39:17.367,1.06581,1.06593,1.87,1.87
2017.02.16 02:39:19.377,1.06581,1.06591,1.75,1.00
2017.02.16 02:39:19.582,1.06579,1.0659,2.25,1.12
2017.02.16 02:39:20.139,1.0658,1.0659,1.37,1.00
2017.02.16 02:39:20.640,1.0658,1.06592,1.50,1.87
2017.02.16 02:39:26.010,1.0658,1.06592,2.25,3.00
2017.02.16 02:39:26.547,1.06581,1.06593,1.75,1.87
2017.02.16 02:39:27.101,1.06581,1.06592,1.50,1.12
2017.02.16 02:39:28.953,1.06581,1.06593,1.50,2.25
2017.02.16 02:40:02.131,1.06581,1.06593,1.87,1.50
2017.02.16 02:40:04.308,1.06583,1.06593,1.00,1.50
2017.02.16 02:40:04.845,1.06583,1.06594,1.12,1.50
2017.02.16 02:40:11.157,1.06584,1.06594,1.00,1.50
2017.02.16 02:40:11.329,1.06582,1.06592,1.12,1.12
2017.02.16 02:40:14.949,1.06581,1.06592,1.12,1.50
2017.02.16 02:40:15.485,1.06582,1.06593,1.12,1.87
2017.02.16 02:40:25.040,1.06581,1.06592,1.12,1.50
2017.02.16 02:40:25.445,1.06581,1.06593,1.75,1.12
2017.02.16 02:40:27.907,1.06584,1.06594,1.00,1.50
2017.02.16 02:40:28.422,1.06583,1.06594,1.12,1.50
2017.02.16 02:40:28.978,1.06583,1.06594,1.50,1.12
2017.02.16 02:40:29.576,1.06584,1.06593,1.12,1.00
2017.02.16 02:40:34.202,1.06583,1.06593,1.12,1.12
2017.02.16 02:40:47.897,1.06581,1.06593,1.50,1.87
2017.02.16 02:40:52.101,1.06582,1.06594,1.50,2.62
2017.02.16 02:41:10.837,1.06581,1.06593,1.50,1.50
2017.02.16 02:41:11.349,1.06581,1.06593,1.75,1.87
2017.02.16 02:41:50.462,1.06581,1.06593,1.50,2.25
2017.02.16 02:41:56.646,1.0658,1.06591,1.75,1.00
2017.02.16 02:41:56.835,1.0658,1.06592,1.12,2.62
2017.02.16 02:42:09.191,1.06579,1.06591,1.50,1.50
2017.02.16 02:42:16.224,1.0658,1.06592,1.50,4.12
2017.02.16 02:42:16.531,1.06578,1.06589,1.87,1.00
2017.02.16 02:42:16.683,1.06578,1.06589,1.75,1.00
2017.02.16 02:42:22.873,1.0658,1.06587,1.12,1.00
2017.02.16 02:42:23.387,1.06579,1.06588,1.50,1.00
2017.02.16 02:42:29.163,1.06579,1.06588,1.50,1.00
2017.02.16 02:42:35.642,1.0658,1.06588,1.00,1.00
2017.02.16 02:42:36.114,1.06582,1.06588,1.00,1.00
2017.02.16 02:42:36.165,1.06578,1.06588,1.50,1.00
2017.02.16 02:42:36.791,1.06579,1.06589,1.12,1.12
2017.02.16 02:42:40.749,1.0658,1.06589,1.00,1.12
2017.02.16 02:42:41.003,1.06582,1.06589,1.00,1.12
2017.02.16 02:42:41.105,1.06578,1.06591,3.00,1.50
2017.02.16 02:42:41.293,1.06578,1.06591,3.75,1.00
2017.02.16 02:42:41.921,1.06579,1.06592,2.25,1.00
2017.02.16 02:42:42.804,1.06579,1.06591,2.25,1.00
2017.02.16 02:42:43.311,1.0658,1.06593,1.87,2.62
2017.02.16 02:42:43.821,1.0658,1.06591,1.12,1.00
2017.02.16 02:42:44.630,1.0658,1.06592,1.12,1.12
2017.02.16 02:42:45.159,1.06579,1.06591,3.00,1.00
2017.02.16 02:42:46.600,1.0658,1.0659,1.75,1.00
2017.02.16 02:42:47.127,1.06579,1.0659,1.75,1.00
2017.02.16 02:42:47.738,1.06579,1.06591,1.75,1.12
2017.02.16 02:42:48.803,1.0658,1.06592,1.50,2.25
2017.02.16 02:42:55.879,1.06579,1.06591,2.25,1.00
2017.02.16 02:43:07.508,1.06579,1.0659,1.75,1.12
2017.02.16 02:43:08.111,1.06579,1.06591,1.50,2.62
2017.02.16 02:43:13.197,1.06582,1.06592,1.00,1.50
2017.02.16 02:43:13.714,1.0658,1.06592,1.75,1.87
2017.02.16 02:43:14.231,1.06579,1.06591,2.25,1.12
2017.02.16 02:43:27.256,1.06579,1.06591,2.25,1.00
2017.02.16 02:43:27.785,1.06579,1.06591,2.25,1.12
2017.02.16 02:43:31.194,1.06579,1.06592,2.25,1.87
2017.02.16 02:43:34.890,1.0658,1.06592,1.50,2.25
2017.02.16 02:43:39.209,1.0658,1.06592,2.25,1.12
2017.02.16 02:43:46.321,1.0658,1.06592,1.50,2.25
2017.02.16 02:43:49.713,1.0658,1.06592,1.75,1.87
2017.02.16 02:43:52.145,1.0658,1.06591,1.75,1.00
2017.02.16 02:43:52.853,1.0658,1.06591,1.50,1.12
2017.02.16 02:43:54.531,1.06581,1.06593,1.75,1.00
2017.02.16 02:43:55.033,1.06581,1.06593,1.75,1.12
2017.02.16 02:43:59.166,1.06582,1.06593,1.12,1.00
2017.02.16 02:44:00.665,1.06581,1.06593,2.62,1.12
2017.02.16 02:44:16.550,1.06582,1.06593,1.37,1.00
2017.02.16 02:44:17.096,1.06583,1.06593,1.00,1.12
2017.02.16 02:44:54.232,1.06582,1.06593,1.37,1.50
2017.02.16 02:45:07.373,1.0658,1.0659,1.87,1.00
2017.02.16 02:45:07.656,1.0658,1.06591,1.87,1.12
2017.02.16 02:45:08.169,1.0658,1.06592,1.12,1.12
2017.02.16 02:45:08.699,1.06581,1.06591,1.37,1.00
2017.02.16 02:45:19.630,1.0658,1.06589,1.12,1.00
2017.02.16 02:45:19.845,1.06581,1.06591,1.12,1.12
2017.02.16 02:45:20.353,1.0658,1.0659,1.12,1.00
2017.02.16 02:45:20.895,1.0658,1.06591,1.12,1.50
2017.02.16 02:45:21.508,1.06579,1.06589,1.87,1.00
2017.02.16 02:45:21.864,1.0658,1.0659,1.00,1.50
2017.02.16 02:45:22.379,1.06579,1.0659,1.87,1.00
2017.02.16 02:45:22.888,1.06579,1.06589,1.87,1.00
2017.02.16 02:45:24.094,1.06579,1.06589,1.87,1.00
2017.02.16 02:45:24.551,1.06581,1.06591,1.37,1.00
2017.02.16 02:45:25.208,1.06581,1.06592,1.37,1.12
2017.02.16 02:45:26.582,1.06581,1.06593,1.87,2.25
2017.02.16 02:45:28.713,1.06582,1.06592,1.37,1.00
2017.02.16 02:45:29.262,1.06582,1.06593,1.37,1.87
2017.02.16 02:45:34.532,1.06581,1.06592,1.87,1.00
2017.02.16 02:45:36.605,1.06582,1.06592,1.00,1.87
2017.02.16 02:45:39.521,1.06581,1.06594,2.62,2.25
2017.02.16 02:45:39.623,1.06583,1.06594,1.37,1.87
2017.02.16 02:45:41.060,1.06582,1.06593,1.12,1.50
2017.02.16 02:45:41.589,1.06581,1.06592,1.12,1.00
2017.02.16 02:45:45.629,1.06581,1.06592,1.37,1.12
2017.02.16 02:45:49.222,1.06581,1.06593,1.12,1.87
2017.02.16 02:45:55.055,1.06582,1.06593,1.00,2.25
2017.02.16 02:45:55.563,1.06582,1.06593,1.37,1.87
2017.02.16 02:45:59.948,1.06583,1.06593,1.37,1.00
2017.02.16 02:46:05.843,1.06582,1.06593,1.37,1.12
2017.02.16 02:46:09.437,1.06583,1.06593,1.37,1.00
2017.02.16 02:46:16.245,1.06582,1.06593,1.37,1.87
2017.02.16 02:46:19.129,1.06582,1.06591,1.37,1.00
2017.02.16 02:46:19.635,1.06581,1.06593,1.37,3.00
2017.02.16 02:46:23.477,1.0658,1.06593,2.25,3.00
2017.02.16 02:46:29.581,1.0658,1.06592,2.25,1.12
2017.02.16 02:46:30.112,1.0658,1.06592,2.25,1.50
2017.02.16 02:46:42.578,1.06581,1.06591,1.37,1.00
2017.02.16 02:46:52.214,1.0658,1.06591,1.87,1.12
2017.02.16 02:46:55.739,1.06581,1.06592,1.37,2.25
2017.02.16 02:46:59.626,1.0658,1.06591,1.87,1.00
2017.02.16 02:47:00.133,1.0658,1.06591,1.87,1.12
2017.02.16 02:47:05.735,1.06581,1.06592,1.37,2.25
2017.02.16 02:47:06.086,1.0658,1.06591,1.50,1.50
2017.02.16 02:47:06.727,1.0658,1.06591,1.87,1.87
2017.02.16 02:47:10.333,1.0658,1.06591,1.87,1.00
2017.02.16 02:47:10.567,1.0658,1.06591,1.50,1.50
2017.02.16 02:47:12.158,1.0658,1.06591,1.87,1.12
2017.02.16 02:47:12.721,1.0658,1.06591,1.50,1.50
2017.02.16 02:47:15.795,1.0658,1.06592,1.50,2.62
2017.02.16 02:47:16.277,1.06581,1.06592,1.37,1.87
2017.02.16 02:47:20.241,1.06581,1.06591,1.37,1.00
2017.02.16 02:47:27.560,1.06581,1.06592,1.37,1.87
2017.02.16 02:47:28.067,1.06582,1.06593,1.37,2.25
2017.02.16 02:47:30.073,1.06582,1.06592,1.37,1.00
2017.02.16 02:47:30.581,1.06582,1.06593,1.37,2.25
2017.02.16 02:47:31.094,1.06582,1.06592,1.37,1.00
2017.02.16 02:47:31.359,1.06583,1.06594,1.37,2.25
2017.02.16 02:47:32.068,1.06583,1.06593,1.37,1.00
2017.02.16 02:47:33.874,1.06582,1.06593,1.37,1.87
2017.02.16 02:47:40.990,1.06582,1.06593,1.12,1.50
2017.02.16 02:47:41.521,1.06582,1.06592,1.37,1.00
2017.02.16 02:47:44.366,1.06582,1.06591,1.37,1.00
2017.02.16 02:47:44.873,1.06582,1.06592,1.37,1.00
2017.02.16 02:47:45.387,1.06582,1.06593,1.37,1.87
2017.02.16 02:47:45.911,1.06581,1.06593,1.37,2.25
2017.02.16 02:47:49.077,1.06581,1.06593,1.12,2.25
2017.02.16 02:47:49.827,1.06582,1.06592,1.37,1.50
2017.02.16 02:47:51.505,1.0658,1.06591,1.75,1.00
2017.02.16 02:47:52.212,1.0658,1.06591,1.75,1.00
2017.02.16 02:47:54.358,1.06581,1.06592,1.37,1.12
2017.02.16 02:47:54.927,1.06581,1.06592,1.12,1.00
2017.02.16 02:47:55.833,1.06581,1.06592,1.37,1.87
2017.02.16 02:47:56.352,1.06581,1.06592,1.12,1.50
2017.02.16 02:47:58.500,1.06581,1.0659,1.37,1.00
2017.02.16 02:47:59.008,1.06581,1.06592,1.37,1.87
2017.02.16 02:47:59.543,1.06581,1.06593,1.12,1.87
2017.02.16 02:48:00.366,1.06583,1.06593,1.37,1.00
2017.02.16 02:48:10.974,1.06582,1.06593,1.37,1.12
2017.02.16 02:48:11.613,1.06583,1.06593,1.37,1.00
2017.02.16 02:48:14.774,1.06583,1.06593,1.12,1.12
2017.02.16 02:48:15.354,1.06583,1.06593,1.37,1.00
2017.02.16 02:48:20.060,1.06583,1.06593,1.12,1.12
2017.02.16 02:48:22.070,1.06582,1.06594,1.87,2.25
2017.02.16 02:48:29.389,1.06584,1.06594,1.37,1.50
2017.02.16 02:48:55.168,1.06583,1.06593,1.12,1.00
2017.02.16 02:48:55.371,1.06583,1.06594,1.00,1.50
2017.02.16 02:49:07.442,1.06582,1.06593,1.00,1.87
2017.02.16 02:49:07.974,1.06582,1.06593,1.37,1.87
2017.02.16 02:49:10.847,1.06582,1.06593,1.00,1.87
2017.02.16 02:49:21.745,1.06581,1.06594,1.87,2.62
2017.02.16 02:49:21.897,1.06582,1.06594,1.12,2.62
2017.02.16 02:49:26.564,1.06583,1.06594,1.00,2.25
2017.02.16 02:49:26.968,1.06584,1.06594,1.37,1.50
2017.02.16 02:49:27.624,1.06582,1.06594,2.25,1.87
2017.02.16 02:49:35.783,1.06583,1.06595,1.12,1.87
2017.02.16 02:49:36.289,1.06583,1.06595,1.87,2.25
2017.02.16 02:49:41.692,1.06583,1.06595,1.87,1.87
2017.02.16 02:49:42.202,1.06583,1.06595,1.87,2.25
2017.02.16 02:50:15.972,1.06582,1.06594,2.62,1.50
2017.02.16 02:50:27.455,1.06582,1.06594,1.87,1.12
2017.02.16 02:50:32.661,1.06582,1.06595,3.00,1.87
2017.02.16 02:50:34.984,1.06583,1.06596,1.87,2.25
2017.02.16 02:50:35.511,1.06583,1.06595,1.87,1.12
2017.02.16 02:50:41.046,1.06583,1.06594,1.12,1.00
2017.02.16 02:50:41.609,1.06582,1.06594,1.12,1.12
2017.02.16 02:50:42.276,1.06584,1.06595,1.37,1.87
2017.02.16 02:50:46.662,1.06585,1.06594,1.00,1.00
2017.02.16 02:50:47.292,1.06584,1.06595,1.37,1.87
2017.02.16 02:51:02.104,1.06583,1.06594,1.12,1.00
2017.02.16 02:51:02.645,1.06583,1.06595,1.12,1.50
2017.02.16 02:51:03.304,1.06583,1.06595,1.12,1.87
2017.02.16 02:51:05.054,1.06582,1.06594,1.75,1.50
2017.02.16 02:51:05.560,1.06584,1.06595,1.37,1.87
2017.02.16 02:51:06.358,1.06583,1.06595,1.37,1.50
2017.02.16 02:51:06.934,1.06583,1.06595,1.12,1.12
2017.02.16 02:51:13.873,1.06583,1.06594,1.12,1.00
2017.02.16 02:51:14.404,1.06584,1.06595,1.12,1.87
2017.02.16 02:51:14.918,1.06583,1.06594,1.12,1.00
2017.02.16 02:51:15.422,1.06583,1.06595,1.12,1.87
2017.02.16 02:51:16.488,1.06583,1.06594,1.12,1.00
2017.02.16 02:51:24.825,1.06583,1.06595,1.12,1.87
2017.02.16 02:51:25.496,1.06583,1.06594,1.12,1.50
2017.02.16 02:51:26.030,1.06582,1.06593,1.87,1.00
2017.02.16 02:51:26.987,1.06582,1.06593,1.37,1.12
2017.02.16 02:51:27.535,1.06581,1.06592,1.12,1.00
2017.02.16 02:51:31.379,1.06582,1.06593,1.37,1.12
2017.02.16 02:51:31.979,1.06582,1.06593,1.12,1.50
2017.02.16 02:51:32.984,1.06582,1.06593,1.37,1.87
2017.02.16 02:51:33.533,1.06582,1.06592,1.37,1.00
2017.02.16 02:51:34.204,1.06581,1.06592,1.37,1.12
2017.02.16 02:51:36.782,1.06581,1.06591,1.37,1.00
2017.02.16 02:51:37.288,1.06581,1.06592,1.12,1.87
2017.02.16 02:51:37.875,1.06582,1.06592,1.75,1.00
2017.02.16 02:51:38.027,1.06584,1.06594,1.37,1.50
2017.02.16 02:51:38.331,1.06584,1.06596,1.87,1.50
2017.02.16 02:51:38.533,1.06585,1.06596,1.12,1.12
2017.02.16 02:51:39.067,1.06585,1.06596,1.37,1.12
2017.02.16 02:51:39.606,1.06584,1.06595,1.12,1.00
2017.02.16 02:51:40.112,1.06584,1.06596,1.12,2.25
2017.02.16 02:51:43.951,1.06587,1.06596,1.00,1.00
2017.02.16 02:51:44.493,1.06584,1.06595,1.87,1.00
2017.02.16 02:51:45.209,1.06584,1.06596,1.87,1.12
2017.02.16 02:51:45.874,1.06584,1.06595,1.87,1.00
2017.02.16 02:51:53.055,1.06585,1.06595,1.12,1.00
2017.02.16 02:51:53.462,1.06582,1.06594,1.12,1.00
2017.02.16 02:51:53.971,1.06583,1.06595,1.12,2.25
2017.02.16 02:51:54.589,1.06583,1.06594,1.12,1.00
2017.02.16 02:51:55.095,1.06582,1.06594,1.87,1.87
2017.02.16 02:51:55.674,1.06583,1.06595,1.12,2.25
2017.02.16 02:51:56.188,1.06583,1.06594,1.12,1.00
2017.02.16 02:51:57.038,1.06583,1.06593,1.12,1.00
2017.02.16 02:51:57.544,1.06584,1.06594,1.37,1.00
2017.02.16 02:51:58.051,1.06584,1.06594,1.12,1.00
2017.02.16 02:52:01.560,1.06584,1.06595,1.12,1.50
2017.02.16 02:52:02.067,1.06584,1.06594,1.37,1.00
2017.02.16 02:52:02.571,1.06584,1.06594,1.12,1.00
2017.02.16 02:52:06.713,1.06584,1.06594,1.12,1.00
2017.02.16 02:52:07.879,1.06585,1.06595,1.12,1.00
2017.02.16 02:52:08.429,1.06584,1.06595,1.12,1.00
2017.02.16 02:52:11.385,1.06584,1.06594,1.12,1.00
2017.02.16 02:52:11.695,1.06585,1.06595,3.37,1.37
2017.02.16 02:52:11.898,1.06587,1.066,3.00,1.75
2017.02.16 02:52:12.101,1.06589,1.066,1.87,1.12
2017.02.16 02:52:19.157,1.06589,1.066,1.87,1.87
2017.02.16 02:52:20.900,1.06589,1.06599,1.87,1.00
2017.02.16 02:52:21.002,1.06589,1.06597,1.87,1.00
2017.02.16 02:52:21.205,1.06582,1.06594,1.87,1.00
2017.02.16 02:52:21.707,1.06583,1.06595,1.12,1.00
2017.02.16 02:52:22.230,1.06584,1.06594,1.37,1.00
2017.02.16 02:52:28.335,1.06583,1.06592,1.12,1.00
2017.02.16 02:52:28.844,1.06584,1.06593,1.37,1.00
2017.02.16 02:52:30.828,1.06584,1.06593,1.00,1.00
2017.02.16 02:52:34.493,1.06584,1.06594,1.00,1.50
2017.02.16 02:52:35.190,1.06584,1.06593,1.00,1.00
2017.02.16 02:52:40.177,1.06584,1.06593,1.37,1.00
2017.02.16 02:52:40.726,1.06584,1.06594,1.37,1.00
2017.02.16 02:52:41.246,1.06583,1.06594,1.87,1.00
2017.02.16 02:52:43.703,1.06584,1.06595,1.12,1.50
2017.02.16 02:52:45.864,1.06585,1.06594,1.37,1.00
2017.02.16 02:52:46.168,1.06583,1.06594,1.37,1.12
2017.02.16 02:52:46.703,1.06583,1.06593,1.37,1.00
2017.02.16 02:52:49.164,1.06584,1.06593,1.37,1.00
2017.02.16 02:52:51.664,1.06584,1.06594,1.37,1.00
2017.02.16 02:52:57.762,1.06584,1.06594,2.62,1.50
2017.02.16 02:52:57.813,1.06584,1.06594,1.37,1.00
2017.02.16 02:52:58.320,1.06582,1.06593,2.25,1.00
2017.02.16 02:53:00.379,1.06583,1.06592,1.37,1.00
2017.02.16 02:53:01.079,1.06582,1.06592,1.37,1.00
2017.02.16 02:53:20.514,1.06582,1.06593,1.37,1.12
2017.02.16 02:53:22.348,1.06582,1.06593,1.87,1.12
2017.02.16 02:53:22.892,1.06584,1.06594,1.37,1.00
2017.02.16 02:53:23.399,1.06584,1.06594,1.00,1.87
2017.02.16 02:53:25.288,1.06583,1.06592,1.37,1.00
2017.02.16 02:53:25.541,1.0658,1.06591,1.75,1.00
2017.02.16 02:53:27.654,1.06582,1.06592,1.00,1.12
2017.02.16 02:53:28.142,1.06582,1.06592,1.12,1.00
2017.02.16 02:53:30.822,1.06582,1.06593,1.12,1.50
2017.02.16 02:53:31.176,1.06583,1.06593,1.12,1.00
2017.02.16 02:53:31.322,1.06582,1.06593,1.12,1.00
2017.02.16 02:53:53.431,1.06583,1.06594,1.37,1.50
2017.02.16 02:53:53.969,1.06583,1.06594,1.12,1.00
2017.02.16 02:53:55.387,1.06583,1.06593,1.12,1.00
2017.02.16 02:53:55.784,1.06582,1.06593,1.37,1.12
2017.02.16 02:53:55.886,1.06582,1.06594,3.37,1.87
2017.02.16 02:53:55.988,1.06583,1.06593,1.12,1.12
2017.02.16 02:53:56.140,1.06582,1.06594,1.12,1.50
2017.02.16 02:53:56.242,1.06582,1.06594,1.37,2.25
2017.02.16 02:53:56.779,1.06581,1.06593,1.12,1.00
2017.02.16 02:53:57.370,1.06582,1.06594,1.37,2.62
2017.02.16 02:53:58.302,1.06581,1.06593,1.87,1.00
2017.02.16 02:53:58.931,1.06582,1.06593,1.37,1.12
2017.02.16 02:54:03.552,1.06582,1.06594,1.12,2.25
2017.02.16 02:54:03.861,1.06583,1.06595,1.12,1.12
2017.02.16 02:54:04.393,1.06583,1.06594,1.12,1.00
2017.02.16 02:54:04.921,1.06583,1.06593,1.12,1.00
2017.02.16 02:54:09.689,1.06584,1.06595,1.37,1.12
2017.02.16 02:54:09.791,1.06584,1.06593,1.37,1.00
2017.02.16 02:54:10.294,1.06583,1.06593,1.37,1.00
2017.02.16 02:54:10.845,1.06583,1.06593,1.00,1.12
2017.02.16 02:54:11.615,1.06583,1.06593,1.37,1.00
2017.02.16 02:54:14.289,1.06581,1.06594,2.25,1.87
2017.02.16 02:54:14.801,1.06583,1.06593,1.37,1.00
2017.02.16 02:54:18.051,1.06583,1.06593,1.00,1.12
2017.02.16 02:54:22.186,1.06583,1.06594,1.50,1.50
2017.02.16 02:54:23.940,1.06585,1.06596,1.87,2.62
2017.02.16 02:54:24.042,1.06584,1.06594,1.50,1.12
2017.02.16 02:54:24.586,1.06584,1.06594,1.50,1.12
2017.02.16 02:54:25.126,1.06583,1.06593,1.87,1.00
2017.02.16 02:54:25.635,1.06584,1.06594,1.00,1.12
2017.02.16 02:54:27.320,1.06584,1.06593,1.00,1.00
2017.02.16 02:54:28.244,1.06584,1.06594,1.00,1.12
2017.02.16 02:54:34.213,1.06584,1.06594,1.37,1.00
2017.02.16 02:54:38.463,1.06583,1.06593,1.12,1.00
2017.02.16 02:54:46.053,1.06583,1.06594,1.12,1.00
2017.02.16 02:54:47.707,1.06583,1.06593,1.12,1.00
2017.02.16 02:54:49.152,1.06582,1.06593,2.25,1.00
2017.02.16 02:54:53.720,1.06582,1.06594,2.25,1.12
2017.02.16 02:54:55.670,1.06583,1.06594,1.87,1.00
2017.02.16 02:55:08.799,1.06582,1.06593,2.25,1.00
2017.02.16 02:55:08.900,1.06582,1.06593,2.25,1.12
2017.02.16 02:55:09.419,1.06582,1.06592,1.00,1.12
2017.02.16 02:55:24.124,1.06581,1.06592,1.00,1.37
2017.02.16 02:55:24.633,1.06582,1.06593,1.00,3.00
2017.02.16 02:55:25.150,1.06582,1.06593,1.37,1.87
2017.02.16 02:55:25.689,1.06581,1.06592,1.12,1.00
2017.02.16 02:55:28.460,1.06582,1.06593,1.37,1.12
2017.02.16 02:55:29.576,1.06582,1.06592,1.37,1.00
2017.02.16 02:55:30.161,1.06582,1.06592,1.00,1.12
2017.02.16 02:55:31.077,1.06581,1.06593,1.87,1.50
2017.02.16 02:55:31.612,1.06582,1.06592,1.12,1.12
2017.02.16 02:55:32.132,1.06583,1.06592,1.00,1.00
2017.02.16 02:55:32.668,1.06581,1.06593,1.87,1.12
2017.02.16 02:55:37.766,1.06581,1.06592,1.87,1.00
2017.02.16 02:55:39.120,1.06581,1.06593,1.87,1.12
2017.02.16 02:55:43.665,1.06582,1.06592,1.37,1.00
2017.02.16 02:55:50.727,1.06582,1.06593,1.37,1.87
2017.02.16 02:55:52.164,1.06583,1.06591,1.00,1.00
2017.02.16 02:55:52.417,1.06581,1.06592,1.00,2.25
2017.02.16 02:55:54.902,1.0658,1.06591,1.50,1.50
2017.02.16 02:55:55.104,1.06582,1.06591,1.37,1.00
2017.02.16 02:55:55.622,1.06582,1.06591,1.00,1.00
2017.02.16 02:55:56.971,1.06581,1.06592,1.37,1.87
2017.02.16 02:56:02.224,1.06581,1.06591,1.37,1.00
2017.02.16 02:56:02.758,1.06581,1.06592,1.87,1.87
2017.02.16 02:56:03.265,1.06581,1.06592,1.87,1.00
2017.02.16 02:56:03.791,1.06581,1.06592,1.37,1.12
2017.02.16 02:56:05.118,1.06582,1.06593,1.12,1.00
2017.02.16 02:56:11.521,1.06583,1.06592,1.37,1.00
2017.02.16 02:56:12.031,1.06583,1.06593,1.37,1.00
2017.02.16 02:56:13.731,1.06583,1.06593,1.12,1.00
2017.02.16 02:56:14.332,1.06583,1.06594,1.12,1.00
2017.02.16 02:56:16.584,1.06583,1.06593,1.12,1.50
2017.02.16 02:56:16.838,1.0658,1.06592,2.62,1.87
2017.02.16 02:56:17.768,1.06581,1.06591,1.87,1.50
2017.02.16 02:56:18.273,1.06581,1.06592,1.37,2.25
2017.02.16 02:56:19.821,1.06581,1.06591,1.37,1.00
2017.02.16 02:56:26.073,1.06581,1.06592,1.37,1.87
2017.02.16 02:56:27.966,1.06581,1.06591,1.37,1.00
2017.02.16 02:56:28.513,1.06581,1.06592,1.87,1.87
2017.02.16 02:56:29.488,1.06581,1.06591,1.37,1.00
2017.02.16 02:56:30.030,1.06581,1.06592,1.37,1.87
2017.02.16 02:56:30.489,1.0658,1.0659,2.62,1.00
2017.02.16 02:56:30.793,1.06582,1.06592,1.37,1.00
2017.02.16 02:56:31.342,1.06581,1.06592,1.87,1.12
2017.02.16 02:56:35.058,1.06581,1.06592,1.12,1.00
2017.02.16 02:56:41.392,1.06581,1.06592,1.37,1.87
2017.02.16 02:56:42.341,1.06581,1.06591,1.37,1.00
2017.02.16 02:56:46.460,1.06582,1.06592,1.00,1.87
2017.02.16 02:56:46.993,1.06581,1.06592,1.12,1.50
2017.02.16 02:56:51.077,1.06582,1.06591,1.37,1.00
2017.02.16 02:56:59.688,1.06581,1.06592,1.12,1.50
2017.02.16 02:57:00.194,1.06581,1.06591,1.37,1.50
2017.02.16 02:57:00.712,1.06582,1.06592,1.00,1.12
2017.02.16 02:57:01.017,1.06582,1.06593,1.12,1.50
2017.02.16 02:57:01.324,1.06582,1.06593,1.00,3.37
2017.02.16 02:57:02.737,1.06582,1.06593,1.37,1.12
2017.02.16 02:57:03.257,1.06582,1.06592,1.37,1.50
2017.02.16 02:57:03.948,1.06581,1.06592,1.87,1.87
2017.02.16 02:57:04.497,1.06582,1.06592,1.37,1.00
2017.02.16 02:57:06.248,1.06582,1.06591,1.37,1.00
2017.02.16 02:57:06.451,1.06582,1.06593,1.37,1.87
2017.02.16 02:57:06.979,1.06582,1.06593,1.12,1.50
2017.02.16 02:57:07.495,1.06582,1.06592,1.37,1.50
2017.02.16 02:57:08.045,1.06581,1.06591,1.87,1.00
2017.02.16 02:57:08.718,1.06581,1.0659,1.37,1.00
2017.02.16 02:57:09.224,1.0658,1.0659,1.50,1.50
2017.02.16 02:57:09.376,1.06579,1.06588,1.87,1.00
2017.02.16 02:57:09.882,1.06579,1.06589,2.62,1.50
2017.02.16 02:57:11.057,1.0658,1.0659,1.12,1.50
2017.02.16 02:57:11.653,1.0658,1.06591,1.87,1.87
2017.02.16 02:57:12.328,1.0658,1.0659,1.50,1.00
2017.02.16 02:57:12.905,1.0658,1.0659,1.12,1.12
2017.02.16 02:57:13.617,1.0658,1.06591,1.50,2.25
2017.02.16 02:57:18.321,1.0658,1.06589,1.50,1.00
2017.02.16 02:57:18.904,1.0658,1.0659,1.12,1.12
2017.02.16 02:57:21.837,1.06581,1.06592,1.12,3.37
2017.02.16 02:57:22.464,1.06581,1.06592,1.50,3.37
2017.02.16 02:57:23.385,1.06581,1.06591,1.50,1.12
2017.02.16 02:57:26.959,1.06581,1.06592,2.62,1.87
2017.02.16 02:57:27.284,1.06581,1.0659,1.50,1.00
2017.02.16 02:57:27.436,1.0658,1.0659,1.12,1.12
2017.02.16 02:57:27.989,1.06581,1.06591,1.00,1.12
2017.02.16 02:57:28.496,1.06579,1.06591,1.75,1.50
2017.02.16 02:57:29.019,1.0658,1.06591,1.00,1.50
2017.02.16 02:57:29.548,1.06581,1.06591,1.00,1.12
2017.02.16 02:57:31.218,1.0658,1.06591,1.12,1.12
2017.02.16 02:57:31.737,1.06582,1.06592,1.00,1.87
2017.02.16 02:57:42.402,1.06581,1.06591,1.37,1.00
2017.02.16 02:57:42.936,1.0658,1.06591,1.87,1.12
2017.02.16 02:57:46.473,1.0658,1.06591,1.87,1.12
2017.02.16 02:57:50.196,1.06582,1.06592,1.00,1.87
2017.02.16 02:57:50.703,1.06581,1.06591,1.37,1.00
2017.02.16 02:57:51.230,1.06581,1.06592,1.50,2.62
2017.02.16 02:57:53.451,1.06581,1.06591,1.00,1.12
2017.02.16 02:57:53.633,1.06581,1.06591,1.12,1.00
2017.02.16 02:57:54.179,1.06581,1.06591,1.37,1.00
2017.02.16 02:57:54.811,1.06581,1.06592,1.37,1.87
2017.02.16 02:57:55.340,1.06581,1.06592,1.12,1.50
2017.02.16 02:57:58.044,1.06581,1.06592,1.12,1.50
2017.02.16 02:57:58.570,1.0658,1.06591,1.12,1.87
2017.02.16 02:57:59.526,1.06582,1.06591,1.00,1.12
2017.02.16 02:58:00.027,1.06581,1.06591,1.75,1.12
2017.02.16 02:58:01.225,1.06581,1.06589,1.12,1.00
2017.02.16 02:58:01.368,1.06581,1.06591,1.12,1.87
2017.02.16 02:58:01.910,1.06582,1.06592,1.12,1.12
2017.02.16 02:58:03.109,1.06582,1.06592,1.12,1.12
2017.02.16 02:58:09.130,1.06583,1.06592,1.37,1.87
2017.02.16 02:58:09.667,1.06583,1.06593,1.37,1.87
2017.02.16 02:58:10.336,1.06583,1.06592,1.37,1.00
2017.02.16 02:58:10.843,1.06582,1.06591,1.00,1.00
2017.02.16 02:58:13.156,1.06581,1.0659,1.37,1.00
2017.02.16 02:58:14.199,1.06581,1.06591,1.37,1.50
2017.02.16 02:58:14.716,1.06581,1.0659,1.00,1.00
2017.02.16 02:58:15.870,1.0658,1.0659,1.12,1.00
2017.02.16 02:58:17.249,1.06581,1.0659,1.00,1.00
2017.02.16 02:58:17.792,1.0658,1.06591,1.37,1.87
2017.02.16 02:58:30.341,1.0658,1.0659,1.37,1.50
2017.02.16 02:58:37.428,1.06581,1.06591,1.00,1.87
2017.02.16 02:58:38.734,1.06581,1.06587,1.00,1.00
2017.02.16 02:58:38.936,1.06577,1.06587,1.12,1.50
2017.02.16 02:58:39.120,1.06577,1.06586,1.12,1.00
2017.02.16 02:58:39.501,1.06575,1.06584,1.12,1.00
2017.02.16 02:58:39.653,1.06572,1.06584,2.25,1.50
2017.02.16 02:58:40.210,1.06574,1.06584,1.00,1.12
2017.02.16 02:58:41.901,1.06573,1.06584,1.75,1.12
2017.02.16 02:58:45.306,1.06576,1.06585,1.00,1.50
2017.02.16 02:58:46.700,1.06576,1.06586,1.00,2.25
2017.02.16 02:58:47.259,1.06576,1.06586,1.37,1.87
2017.02.16 02:58:47.814,1.06576,1.06587,1.50,2.62
2017.02.16 02:58:48.118,1.06576,1.06586,1.75,1.00
2017.02.16 02:58:49.240,1.06576,1.06586,1.75,1.00
2017.02.16 02:58:49.843,1.06576,1.06587,1.75,1.87
2017.02.16 02:58:51.412,1.06576,1.06586,1.75,1.00
2017.02.16 02:58:52.251,1.06575,1.06586,1.12,1.50
2017.02.16 02:58:54.580,1.06575,1.06585,1.12,1.00
2017.02.16 02:58:56.809,1.06576,1.06585,1.00,1.00
2017.02.16 02:59:18.435,1.06574,1.06586,1.87,1.87
2017.02.16 02:59:18.979,1.06574,1.06585,1.12,1.50
2017.02.16 02:59:26.805,1.06575,1.06587,1.87,3.37
2017.02.16 02:59:27.059,1.06579,1.0659,1.50,1.50
2017.02.16 02:59:27.161,1.06579,1.06588,1.12,1.00
2017.02.16 02:59:27.517,1.06579,1.06588,1.37,1.00
2017.02.16 02:59:28.048,1.06579,1.06588,1.12,1.00
2017.02.16 02:59:30.105,1.06579,1.06589,1.12,1.50
2017.02.16 02:59:31.502,1.06579,1.0659,1.12,1.87
2017.02.16 02:59:32.009,1.0658,1.06589,1.12,1.00
2017.02.16 02:59:32.618,1.0658,1.0659,1.12,1.00
2017.02.16 02:59:34.791,1.06579,1.06589,1.12,1.50
2017.02.16 02:59:35.314,1.06579,1.06589,1.12,1.50
2017.02.16 02:59:35.861,1.06578,1.06588,1.87,1.00
2017.02.16 02:59:36.424,1.06579,1.06589,1.12,1.00
2017.02.16 02:59:36.963,1.0658,1.0659,1.37,1.87
2017.02.16 02:59:37.518,1.0658,1.06587,1.37,1.00
2017.02.16 02:59:37.822,1.06574,1.06584,1.75,1.12
2017.02.16 02:59:38.338,1.06575,1.06585,1.12,2.25
2017.02.16 02:59:41.827,1.06574,1.06585,1.00,2.25
2017.02.16 02:59:41.878,1.06573,1.06585,1.87,1.50
2017.02.16 02:59:42.408,1.06574,1.06586,1.12,1.50
2017.02.16 02:59:43.152,1.06576,1.06586,2.25,1.00
2017.02.16 02:59:43.406,1.06576,1.06587,1.12,1.00
2017.02.16 02:59:43.939,1.06577,1.06588,1.87,1.12
2017.02.16 02:59:44.886,1.06577,1.06587,1.87,1.00
2017.02.16 02:59:49.103,1.06578,1.06588,1.50,1.12
2017.02.16 02:59:49.648,1.06578,1.06588,2.62,1.12
2017.02.16 02:59:49.960,1.06578,1.06587,1.12,1.00
2017.02.16 02:59:50.418,1.06578,1.06587,2.25,1.00
2017.02.16 02:59:52.589,1.06579,1.06587,1.12,1.00
2017.02.16 02:59:53.394,1.06579,1.06587,1.50,1.00
2017.02.16 02:59:53.710,1.06575,1.06583,1.75,1.00
2017.02.16 02:59:53.823,1.06577,1.06585,1.00,1.87
2017.02.16 02:59:53.874,1.06571,1.06582,1.12,1.00
2017.02.16 02:59:53.977,1.06569,1.06581,2.62,1.00
2017.02.16 02:59:54.129,1.06572,1.06582,1.00,1.00
2017.02.16 02:59:54.668,1.06571,1.06583,1.12,1.00
2017.02.16 02:59:59.353,1.06572,1.06583,2.62,1.00
2017.02.16 02:59:59.406,1.06571,1.06583,3.37,1.00
