2017.02.14 19:00:01.021,1.06471,1.06481,1.12,1.00
2017.02.14 19:00:01.547,1.06471,1.06482,1.87,1.12
2017.02.14 19:00:01.858,1.06472,1.06482,1.37,1.00
2017.02.14 19:00:02.938,1.06473,1.06483,1.00,1.00
2017.02.14 19:00:03.444,1.06474,1.06485,1.50,1.50
2017.02.14 19:00:03.774,1.06475,1.06486,1.37,1.50
2017.02.14 19:00:07.070,1.06476,1.06487,1.12,1.12
2017.02.14 19:00:11.340,1.06478,1.06487,1.35,1.12
2017.02.14 19:00:11.644,1.06481,1.06492,1.50,1.50
2017.02.14 19:00:12.563,1.06481,1.0649,1.00,1.00
2017.02.14 19:00:13.069,1.0648,1.06491,1.87,1.12
2017.02.14 19:00:13.416,1.0648,1.06489,1.00,1.00
2017.02.14 19:00:13.942,1.0648,1.0649,1.50,1.12
2017.02.14 19:00:16.179,1.0648,1.06491,1.50,1.50
2017.02.14 19:00:17.389,1.06481,1.0649,1.37,1.00
2017.02.14 19:00:17.440,1.06482,1.06493,1.00,1.50
2017.02.14 19:00:17.983,1.06482,1.06493,1.50,1.00
2017.02.14 19:00:21.370,1.06483,1.06492,1.00,1.00
2017.02.14 19:00:26.245,1.06483,1.06493,1.50,1.00
2017.02.14 19:00:27.294,1.06484,1.06493,1.00,1.00
2017.02.14 19:00:28.064,1.06483,1.06493,1.87,1.00
2017.02.14 19:00:28.819,1.06483,1.06491,1.00,1.00
2017.02.14 19:00:29.118,1.0648,1.06491,1.87,1.12
2017.02.14 19:00:31.124,1.0648,1.06489,1.87,1.00
2017.02.14 19:00:31.642,1.0648,1.0649,1.87,1.00
2017.02.14 19:00:36.184,1.06482,1.06492,1.00,1.50
2017.02.14 19:00:36.438,1.06483,1.06493,1.00,1.00
2017.02.14 19:00:37.881,1.06482,1.06492,1.50,1.00
2017.02.14 19:00:38.411,1.06482,1.06492,1.00,1.00
2017.02.14 19:00:43.852,1.06482,1.06491,1.00,1.00
2017.02.14 19:00:52.389,1.06481,1.06491,2.25,1.00
2017.02.14 19:00:54.090,1.06481,1.0649,1.12,1.00
2017.02.14 19:00:57.601,1.0648,1.0649,1.00,1.12
2017.02.14 19:00:58.139,1.06479,1.06489,1.37,1.12
2017.02.14 19:01:14.082,1.06478,1.06489,3.00,1.12
2017.02.14 19:01:18.092,1.0648,1.0649,1.37,1.50
2017.02.14 19:01:18.295,1.06481,1.06491,1.50,1.00
2017.02.14 19:01:20.775,1.0648,1.06491,1.12,1.87
2017.02.14 19:01:22.997,1.06481,1.06491,1.00,1.12
2017.02.14 19:01:23.506,1.06481,1.06492,1.87,1.87
2017.02.14 19:01:24.049,1.06482,1.06492,1.00,1.00
2017.02.14 19:01:26.280,1.06482,1.06491,1.00,1.00
2017.02.14 19:01:30.755,1.06482,1.06492,1.00,1.00
2017.02.14 19:01:32.812,1.06482,1.06492,1.50,1.00
2017.02.14 19:01:33.341,1.06483,1.06493,1.12,1.00
2017.02.14 19:01:35.048,1.06483,1.06492,1.00,1.00
2017.02.14 19:01:35.159,1.06483,1.06489,1.00,1.00
2017.02.14 19:01:35.210,1.06482,1.06491,1.00,1.00
2017.02.14 19:01:35.261,1.06482,1.06489,1.00,1.00
2017.02.14 19:01:35.312,1.06481,1.06491,1.50,1.00
2017.02.14 19:01:35.668,1.06482,1.06493,2.62,1.12
2017.02.14 19:01:36.187,1.06482,1.06492,2.62,1.00
2017.02.14 19:01:36.704,1.06482,1.06491,1.00,1.00
2017.02.14 19:01:37.972,1.06483,1.06491,1.00,1.00
2017.02.14 19:01:38.491,1.06482,1.06491,1.50,1.00
2017.02.14 19:01:43.740,1.06483,1.06492,1.00,1.00
2017.02.14 19:01:44.066,1.06486,1.06494,1.00,1.50
2017.02.14 19:01:44.573,1.06485,1.06494,1.69,1.12
2017.02.14 19:01:45.468,1.06484,1.06493,2.62,1.00
2017.02.14 19:01:51.988,1.06484,1.06491,1.37,1.00
2017.02.14 19:01:52.140,1.06481,1.06489,1.50,1.00
2017.02.14 19:01:52.546,1.06482,1.06493,2.25,1.75
2017.02.14 19:01:52.648,1.06483,1.06493,1.50,1.00
2017.02.14 19:01:53.739,1.06483,1.06492,1.87,1.00
2017.02.14 19:01:56.600,1.06485,1.06492,1.00,1.00
2017.02.14 19:01:56.976,1.06486,1.06496,1.00,1.50
2017.02.14 19:01:57.230,1.06488,1.06495,1.00,1.00
2017.02.14 19:01:57.584,1.06487,1.06497,1.50,1.12
2017.02.14 19:01:58.090,1.06487,1.06496,1.12,1.00
2017.02.14 19:01:58.595,1.06487,1.06497,1.12,1.00
2017.02.14 19:01:58.767,1.06489,1.06497,1.00,1.00
2017.02.14 19:01:58.972,1.06489,1.06499,1.72,1.12
2017.02.14 19:01:59.492,1.06489,1.06498,1.87,1.00
2017.02.14 19:02:02.563,1.06489,1.06498,1.37,1.00
2017.02.14 19:02:03.659,1.06489,1.06498,1.87,1.00
2017.02.14 19:02:15.027,1.06488,1.06498,3.97,1.00
2017.02.14 19:02:27.191,1.06488,1.06497,3.97,1.00
2017.02.14 19:02:27.753,1.06489,1.06497,1.00,1.00
2017.02.14 19:02:57.344,1.0649,1.06497,1.00,1.00
2017.02.14 19:02:57.850,1.06489,1.06497,2.62,1.00
2017.02.14 19:03:03.077,1.06488,1.06495,2.06,1.00
2017.02.14 19:03:03.591,1.06488,1.06495,1.12,1.00
2017.02.14 19:03:04.428,1.06489,1.06495,1.00,1.00
2017.02.14 19:03:04.530,1.06489,1.06497,1.35,1.00
2017.02.14 19:03:05.651,1.06488,1.06496,4.54,1.00
2017.02.14 19:03:06.181,1.06488,1.06495,1.87,1.00
2017.02.14 19:03:06.754,1.06489,1.06495,2.10,1.00
2017.02.14 19:03:06.922,1.06489,1.06497,2.47,1.00
2017.02.14 19:03:07.449,1.06488,1.06495,2.06,1.00
2017.02.14 19:03:07.601,1.06486,1.06494,1.12,1.00
2017.02.14 19:03:08.132,1.06486,1.06493,1.00,1.00
2017.02.14 19:03:08.722,1.06486,1.06494,1.87,1.00
2017.02.14 19:03:17.158,1.06486,1.06495,1.50,1.00
2017.02.14 19:03:30.396,1.06486,1.06494,1.37,1.00
2017.02.14 19:03:30.538,1.06485,1.06493,1.87,1.00
2017.02.14 19:03:30.944,1.06486,1.06496,1.87,1.12
2017.02.14 19:03:30.995,1.06488,1.06496,1.00,1.12
2017.02.14 19:03:31.385,1.06488,1.06498,2.25,1.00
2017.02.14 19:03:31.688,1.06488,1.06496,2.10,1.00
2017.02.14 19:03:32.239,1.06489,1.06496,1.00,1.00
2017.02.14 19:03:34.574,1.06489,1.06497,1.00,1.00
2017.02.14 19:03:38.182,1.06489,1.06498,1.35,1.00
2017.02.14 19:03:38.486,1.06491,1.065,2.25,1.00
2017.02.14 19:03:38.840,1.06491,1.06498,1.00,1.00
2017.02.14 19:03:39.307,1.06491,1.06495,1.00,1.00
2017.02.14 19:03:39.495,1.06487,1.06495,3.37,1.00
2017.02.14 19:03:39.648,1.06487,1.06493,1.87,1.00
2017.02.14 19:03:39.800,1.06484,1.06493,1.12,1.00
2017.02.14 19:03:40.305,1.06484,1.06492,1.50,1.00
2017.02.14 19:03:40.661,1.06485,1.06494,2.25,1.00
2017.02.14 19:03:41.198,1.06486,1.06493,1.00,1.00
2017.02.14 19:03:41.249,1.06486,1.06495,1.00,1.00
2017.02.14 19:03:41.301,1.06486,1.06495,1.37,1.00
2017.02.14 19:03:41.352,1.06486,1.06495,1.12,1.00
2017.02.14 19:03:41.858,1.06486,1.06495,1.50,1.00
2017.02.14 19:03:43.373,1.06488,1.06496,1.72,1.00
2017.02.14 19:03:43.874,1.06489,1.06497,1.35,1.00
2017.02.14 19:03:44.394,1.06489,1.06496,1.50,1.00
2017.02.14 19:03:45.266,1.06489,1.06497,1.87,1.00
2017.02.14 19:03:45.601,1.06488,1.06495,1.87,1.00
2017.02.14 19:03:46.744,1.06488,1.06496,2.47,1.00
2017.02.14 19:03:47.143,1.06488,1.06494,1.00,1.00
2017.02.14 19:03:47.398,1.06485,1.06493,1.37,1.00
2017.02.14 19:03:47.959,1.06484,1.06493,2.62,1.00
2017.02.14 19:03:48.704,1.06484,1.06492,1.50,1.00
2017.02.14 19:03:49.212,1.06483,1.06491,1.50,1.00
2017.02.14 19:03:49.364,1.06483,1.06493,4.12,1.00
2017.02.14 19:03:51.789,1.06484,1.06493,2.62,1.00
2017.02.14 19:03:51.992,1.06484,1.06491,1.00,1.00
2017.02.14 19:03:52.144,1.06482,1.06491,1.87,1.00
2017.02.14 19:03:59.999,1.06483,1.06491,1.00,1.00
2017.02.14 19:04:00.536,1.06482,1.0649,1.87,1.00
2017.02.14 19:04:01.073,1.06482,1.06491,1.87,1.00
2017.02.14 19:04:04.790,1.06483,1.06492,1.12,1.00
2017.02.14 19:04:12.539,1.06482,1.06491,1.50,1.00
2017.02.14 19:04:12.691,1.06481,1.06489,1.50,1.00
2017.02.14 19:04:17.099,1.06481,1.06489,1.50,1.00
2017.02.14 19:04:23.606,1.06481,1.06489,1.37,1.00
2017.02.14 19:04:25.324,1.06481,1.0649,1.37,1.00
2017.02.14 19:04:26.082,1.06482,1.06489,1.00,1.00
2017.02.14 19:04:27.264,1.06481,1.0649,2.62,1.00
2017.02.14 19:04:31.675,1.06482,1.06489,1.00,1.00
2017.02.14 19:04:32.181,1.06481,1.06489,1.00,1.00
2017.02.14 19:04:32.434,1.06482,1.06491,1.00,1.00
2017.02.14 19:04:33.403,1.06482,1.06491,2.25,1.00
2017.02.14 19:04:36.726,1.06482,1.0649,2.25,1.00
2017.02.14 19:04:37.109,1.06481,1.06488,1.00,1.00
2017.02.14 19:04:42.310,1.0648,1.06489,2.62,1.00
2017.02.14 19:04:42.839,1.06481,1.0649,1.00,1.00
2017.02.14 19:04:43.342,1.0648,1.06489,3.19,1.00
2017.02.14 19:04:43.665,1.0648,1.06487,1.12,1.00
2017.02.14 19:04:44.290,1.06481,1.06487,1.00,1.00
2017.02.14 19:04:44.796,1.0648,1.06488,1.87,1.00
2017.02.14 19:04:45.309,1.0648,1.06489,1.87,1.00
2017.02.14 19:04:46.122,1.0648,1.06488,1.87,1.00
2017.02.14 19:04:50.158,1.0648,1.06487,1.00,1.00
2017.02.14 19:04:50.920,1.06479,1.06488,1.50,1.00
2017.02.14 19:04:52.829,1.06479,1.06487,1.37,1.00
2017.02.14 19:04:53.334,1.06479,1.06488,1.12,1.00
2017.02.14 19:04:55.712,1.0648,1.06488,1.00,1.00
2017.02.14 19:04:56.283,1.0648,1.06489,1.00,1.00
2017.02.14 19:05:06.934,1.06481,1.06489,1.00,1.00
2017.02.14 19:05:07.138,1.06482,1.06491,1.00,1.12
2017.02.14 19:05:07.259,1.06484,1.06492,1.00,1.12
2017.02.14 19:05:07.932,1.06483,1.06491,1.12,1.00
2017.02.14 19:05:08.509,1.06482,1.06491,1.87,1.00
2017.02.14 19:05:17.460,1.06484,1.06491,1.00,1.00
2017.02.14 19:05:17.962,1.06483,1.06492,1.00,1.00
2017.02.14 19:05:18.468,1.06484,1.06492,1.00,1.00
2017.02.14 19:05:19.106,1.06483,1.06491,1.12,1.00
2017.02.14 19:05:22.383,1.06483,1.06493,3.19,1.00
2017.02.14 19:05:22.895,1.06484,1.06492,1.50,1.00
2017.02.14 19:05:23.147,1.06483,1.06492,1.50,1.00
2017.02.14 19:05:23.986,1.06484,1.06492,1.00,1.00
2017.02.14 19:05:24.491,1.06483,1.06492,1.50,1.00
2017.02.14 19:05:25.349,1.06483,1.06491,1.87,1.00
2017.02.14 19:05:25.883,1.06483,1.0649,1.12,1.00
2017.02.14 19:05:28.362,1.06483,1.06491,1.00,1.00
2017.02.14 19:05:28.527,1.06483,1.06493,2.44,1.00
2017.02.14 19:05:28.985,1.06486,1.06494,1.00,1.00
2017.02.14 19:05:29.535,1.06485,1.06494,2.25,1.00
2017.02.14 19:05:32.929,1.06485,1.06492,1.00,1.00
2017.02.14 19:05:34.705,1.06484,1.06492,1.12,1.00
2017.02.14 19:05:42.673,1.06485,1.06492,1.00,1.00
2017.02.14 19:05:43.209,1.06484,1.06493,1.12,1.00
2017.02.14 19:05:43.667,1.06484,1.06491,1.00,1.00
2017.02.14 19:05:43.870,1.06482,1.06491,1.00,1.00
2017.02.14 19:05:51.402,1.06482,1.06492,1.87,1.00
2017.02.14 19:05:51.929,1.06482,1.06491,1.87,1.00
2017.02.14 19:05:56.217,1.06482,1.06491,1.87,1.00
2017.02.14 19:06:04.863,1.06483,1.06492,1.12,1.00
2017.02.14 19:06:08.255,1.06483,1.06492,1.37,1.00
2017.02.14 19:06:08.761,1.06483,1.06491,1.50,1.00
2017.02.14 19:06:09.282,1.06483,1.06491,1.12,1.00
2017.02.14 19:06:12.993,1.06483,1.06492,1.12,1.00
2017.02.14 19:06:16.585,1.06483,1.06491,1.00,1.00
2017.02.14 19:06:17.468,1.06483,1.06492,1.12,1.00
2017.02.14 19:06:35.640,1.06483,1.06493,1.87,1.00
2017.02.14 19:06:37.029,1.06484,1.06493,1.00,1.00
2017.02.14 19:06:41.633,1.06485,1.06494,1.00,1.12
2017.02.14 19:06:42.375,1.06484,1.06494,1.12,1.12
2017.02.14 19:06:42.999,1.06484,1.06493,1.12,1.00
2017.02.14 19:06:46.666,1.06485,1.06493,1.00,1.00
2017.02.14 19:06:47.216,1.06485,1.06493,2.25,1.00
2017.02.14 19:06:48.033,1.06485,1.06494,2.25,1.00
2017.02.14 19:06:49.272,1.06485,1.06494,1.50,1.00
2017.02.14 19:06:50.704,1.06485,1.06493,1.50,1.00
2017.02.14 19:06:53.192,1.06485,1.06494,1.50,1.00
2017.02.14 19:06:53.755,1.06485,1.06493,1.12,1.00
2017.02.14 19:06:54.362,1.06484,1.06492,1.50,1.00
2017.02.14 19:06:54.931,1.06485,1.06492,1.00,1.00
2017.02.14 19:06:55.478,1.06484,1.06492,1.50,1.00
2017.02.14 19:07:00.071,1.06484,1.06493,1.50,1.00
2017.02.14 19:07:17.953,1.06485,1.06493,1.00,1.00
2017.02.14 19:07:26.673,1.06484,1.06492,1.50,1.00
2017.02.14 19:07:27.036,1.06485,1.06495,2.25,1.50
2017.02.14 19:07:27.239,1.06488,1.06494,1.00,1.00
2017.02.14 19:07:27.291,1.06486,1.06495,1.87,1.00
2017.02.14 19:07:27.444,1.06488,1.06497,1.00,1.50
2017.02.14 19:07:27.951,1.06487,1.06495,3.00,1.00
2017.02.14 19:07:28.893,1.06488,1.06497,2.10,1.00
2017.02.14 19:07:29.147,1.06491,1.06498,1.00,1.00
2017.02.14 19:07:29.702,1.0649,1.06498,1.00,1.00
2017.02.14 19:07:30.212,1.0649,1.06497,1.12,1.00
2017.02.14 19:07:31.236,1.0649,1.06498,1.87,1.00
2017.02.14 19:07:31.339,1.06491,1.065,1.00,1.00
2017.02.14 19:07:31.491,1.0649,1.06497,1.00,1.00
2017.02.14 19:07:32.030,1.06489,1.06497,2.62,1.00
2017.02.14 19:07:37.173,1.06491,1.06497,1.00,1.00
2017.02.14 19:07:37.478,1.06487,1.06495,1.87,1.00
2017.02.14 19:07:37.631,1.06486,1.06494,1.87,1.00
2017.02.14 19:07:38.202,1.06486,1.06493,1.37,1.00
2017.02.14 19:07:38.767,1.06484,1.06492,1.75,1.00
2017.02.14 19:07:38.970,1.06483,1.06492,1.12,1.00
2017.02.14 19:07:39.477,1.06484,1.06492,1.00,1.00
2017.02.14 19:07:39.983,1.06483,1.06492,1.87,1.00
2017.02.14 19:07:40.554,1.06483,1.06491,1.12,1.00
2017.02.14 19:07:43.533,1.06484,1.06491,1.00,1.00
2017.02.14 19:07:44.055,1.06483,1.0649,1.00,1.00
2017.02.14 19:07:44.207,1.06483,1.06492,1.00,1.00
2017.02.14 19:07:44.730,1.06482,1.06491,2.62,1.00
2017.02.14 19:07:45.427,1.06484,1.06491,1.00,1.00
2017.02.14 19:07:45.957,1.06482,1.06491,2.62,1.00
2017.02.14 19:07:46.706,1.06484,1.06491,1.00,1.00
2017.02.14 19:07:47.240,1.06484,1.06492,1.00,1.00
2017.02.14 19:07:48.461,1.06483,1.06491,1.87,1.00
2017.02.14 19:07:50.666,1.06484,1.06491,1.00,1.00
2017.02.14 19:07:51.241,1.06483,1.06491,1.87,1.00
2017.02.14 19:07:52.566,1.06483,1.0649,1.00,1.00
2017.02.14 19:07:52.872,1.06481,1.06489,1.12,1.00
2017.02.14 19:07:53.421,1.06482,1.0649,1.12,1.00
2017.02.14 19:07:53.523,1.06482,1.06492,2.25,1.12
2017.02.14 19:07:54.080,1.06483,1.06493,2.62,1.12
2017.02.14 19:07:54.131,1.06485,1.06494,1.00,2.25
2017.02.14 19:07:54.384,1.06483,1.06492,2.62,1.00
2017.02.14 19:07:55.020,1.06481,1.06491,3.37,1.00
2017.02.14 19:07:55.527,1.06485,1.06493,1.00,1.50
2017.02.14 19:07:55.579,1.06483,1.06493,1.87,1.50
2017.02.14 19:07:56.798,1.06484,1.06492,1.00,1.12
2017.02.14 19:07:57.318,1.06483,1.06493,1.87,1.00
2017.02.14 19:07:58.528,1.06483,1.06491,1.00,1.00
2017.02.14 19:07:59.261,1.06482,1.06492,4.12,1.00
2017.02.14 19:07:59.772,1.06483,1.06493,2.25,1.00
2017.02.14 19:08:03.163,1.06483,1.06492,1.00,1.00
2017.02.14 19:08:04.137,1.06484,1.06492,1.00,1.00
2017.02.14 19:08:04.239,1.06483,1.06494,2.25,1.87
2017.02.14 19:08:05.330,1.06483,1.06492,1.50,1.00
2017.02.14 19:08:09.227,1.06483,1.06491,1.12,1.00
2017.02.14 19:08:09.278,1.06484,1.06493,1.00,1.12
2017.02.14 19:08:09.897,1.06485,1.06494,1.00,1.50
2017.02.14 19:08:11.087,1.06483,1.06493,2.25,1.00
2017.02.14 19:08:12.001,1.06483,1.06492,1.50,1.00
2017.02.14 19:08:12.542,1.06482,1.06492,3.37,1.00
2017.02.14 19:08:13.149,1.06482,1.06492,2.62,1.00
2017.02.14 19:08:14.820,1.06484,1.06492,1.00,1.00
2017.02.14 19:08:15.023,1.06484,1.06494,1.12,1.50
2017.02.14 19:08:15.576,1.06483,1.06493,3.00,1.50
2017.02.14 19:08:16.083,1.06483,1.06493,2.62,1.50
2017.02.14 19:08:16.594,1.06483,1.06493,3.75,1.00
2017.02.14 19:08:17.141,1.06485,1.06493,1.00,1.00
2017.02.14 19:08:17.647,1.06485,1.06494,1.12,1.00
2017.02.14 19:08:23.326,1.06484,1.06493,1.50,1.00
2017.02.14 19:08:23.848,1.06484,1.06494,3.56,1.00
2017.02.14 19:08:24.468,1.06484,1.06493,2.25,1.00
2017.02.14 19:08:29.259,1.06483,1.06493,3.00,1.00
2017.02.14 19:08:31.961,1.06483,1.06494,3.00,1.50
2017.02.14 19:08:34.124,1.06483,1.06493,1.37,1.50
2017.02.14 19:08:34.630,1.06482,1.06493,3.37,1.87
2017.02.14 19:08:35.927,1.06484,1.06493,1.00,1.12
2017.02.14 19:08:36.469,1.06483,1.06493,2.62,1.12
2017.02.14 19:08:37.060,1.06482,1.06492,3.94,1.00
2017.02.14 19:08:38.430,1.06484,1.06492,1.00,1.00
2017.02.14 19:08:39.150,1.06483,1.06492,1.12,1.00
2017.02.14 19:08:40.498,1.06483,1.06493,1.87,1.87
2017.02.14 19:08:43.997,1.06484,1.06493,1.00,1.50
2017.02.14 19:08:44.609,1.06485,1.06494,1.00,1.87
2017.02.14 19:08:45.160,1.06483,1.06493,1.50,1.50
2017.02.14 19:08:45.363,1.06485,1.06493,1.00,1.00
2017.02.14 19:08:45.906,1.06483,1.06492,3.00,1.00
2017.02.14 19:08:47.080,1.06485,1.06493,1.00,1.00
2017.02.14 19:08:47.451,1.06485,1.06495,1.50,1.87
2017.02.14 19:08:47.700,1.06487,1.06495,1.00,1.87
2017.02.14 19:08:48.205,1.06486,1.06495,1.00,1.87
2017.02.14 19:08:48.256,1.06484,1.06494,2.62,1.50
2017.02.14 19:08:48.509,1.06483,1.06492,1.12,1.50
2017.02.14 19:08:49.752,1.06483,1.06493,1.87,1.87
2017.02.14 19:08:55.333,1.06482,1.06491,2.25,1.00
2017.02.14 19:08:55.872,1.06482,1.06492,1.87,1.50
2017.02.14 19:09:00.466,1.06483,1.06492,1.00,1.00
2017.02.14 19:09:00.976,1.06484,1.06492,1.00,1.00
2017.02.14 19:09:01.491,1.06483,1.06492,1.50,1.00
2017.02.14 19:09:06.535,1.06482,1.06492,2.62,1.00
2017.02.14 19:09:07.042,1.06483,1.06493,1.50,1.87
2017.02.14 19:09:07.639,1.06482,1.06492,2.62,1.00
2017.02.14 19:09:08.157,1.06482,1.06493,1.87,1.87
2017.02.14 19:09:10.642,1.06482,1.06492,2.62,1.00
2017.02.14 19:09:16.713,1.06482,1.06491,1.50,1.00
2017.02.14 19:09:17.284,1.06482,1.06492,1.50,1.50
2017.02.14 19:09:19.661,1.06482,1.06491,1.12,1.00
2017.02.14 19:09:20.193,1.06482,1.06492,1.12,1.50
2017.02.14 19:09:21.609,1.06482,1.0649,1.12,1.00
2017.02.14 19:09:22.111,1.06482,1.06491,1.12,1.00
2017.02.14 19:09:33.940,1.06482,1.06492,1.87,1.87
2017.02.14 19:09:34.512,1.06483,1.06492,1.00,1.50
2017.02.14 19:09:35.014,1.06482,1.06492,2.62,1.50
2017.02.14 19:09:40.398,1.06482,1.06491,1.87,1.00
2017.02.14 19:09:43.595,1.06481,1.06492,4.12,1.87
2017.02.14 19:09:44.521,1.06481,1.06491,2.62,1.00
2017.02.14 19:09:45.040,1.06482,1.06492,2.25,1.12
2017.02.14 19:09:45.496,1.06484,1.06493,1.00,2.25
2017.02.14 19:09:45.864,1.06482,1.06493,1.87,2.25
2017.02.14 19:09:46.221,1.06484,1.06492,1.50,1.12
2017.02.14 19:09:47.278,1.06483,1.06493,2.25,2.25
2017.02.14 19:09:49.179,1.06483,1.06493,1.50,2.25
2017.02.14 19:09:49.998,1.06485,1.06494,1.00,2.25
2017.02.14 19:09:50.543,1.06484,1.06494,2.25,1.87
2017.02.14 19:09:51.049,1.06484,1.06493,1.00,1.50
2017.02.14 19:09:52.259,1.06484,1.06494,2.25,1.87
2017.02.14 19:09:52.714,1.06486,1.06494,1.00,1.12
2017.02.14 19:09:53.221,1.06485,1.06494,1.00,1.12
2017.02.14 19:09:55.982,1.06484,1.06494,1.50,1.12
2017.02.14 19:09:56.370,1.06486,1.06494,1.00,1.87
2017.02.14 19:09:56.550,1.06484,1.06493,2.25,1.00
2017.02.14 19:10:00.759,1.06486,1.06494,1.00,1.87
2017.02.14 19:10:01.269,1.06484,1.06493,1.87,1.00
2017.02.14 19:10:01.812,1.06486,1.06495,1.00,1.00
2017.02.14 19:10:02.010,1.06489,1.06496,1.00,1.12
2017.02.14 19:10:02.472,1.06487,1.06496,1.87,1.00
2017.02.14 19:10:02.999,1.06488,1.06496,1.00,1.00
2017.02.14 19:10:03.503,1.06487,1.06496,1.12,1.00
2017.02.14 19:10:04.450,1.06489,1.06497,1.00,1.00
2017.02.14 19:10:04.957,1.06489,1.06498,1.00,1.50
2017.02.14 19:10:05.262,1.06488,1.06496,1.12,1.00
2017.02.14 19:10:05.798,1.06489,1.06496,1.00,1.00
2017.02.14 19:10:06.336,1.06488,1.06496,1.12,1.00
2017.02.14 19:10:06.842,1.06487,1.06496,2.25,1.50
2017.02.14 19:10:07.166,1.06489,1.06496,1.00,1.50
2017.02.14 19:10:07.770,1.06488,1.06497,1.00,1.00
2017.02.14 19:10:08.494,1.06488,1.06496,1.00,1.00
2017.02.14 19:10:08.798,1.0649,1.06497,1.00,1.00
2017.02.14 19:10:09.309,1.06489,1.06497,1.00,1.00
2017.02.14 19:10:10.553,1.06488,1.06497,1.50,1.00
2017.02.14 19:10:18.053,1.0649,1.06497,1.00,1.00
2017.02.14 19:10:18.568,1.06489,1.06497,1.87,1.00
2017.02.14 19:10:23.149,1.0649,1.06497,1.00,1.00
2017.02.14 19:10:23.681,1.06489,1.06497,1.87,1.00
2017.02.14 19:10:25.802,1.06489,1.06498,2.62,1.50
2017.02.14 19:10:26.109,1.06491,1.06499,1.00,1.00
2017.02.14 19:10:29.483,1.0649,1.06499,2.25,1.00
2017.02.14 19:10:30.139,1.0649,1.06498,1.12,1.00
2017.02.14 19:10:30.749,1.06489,1.06498,2.62,1.00
2017.02.14 19:10:41.955,1.06489,1.06497,1.50,1.00
2017.02.14 19:10:42.683,1.0649,1.06497,1.00,1.00
2017.02.14 19:10:43.087,1.06489,1.06499,2.25,1.50
2017.02.14 19:10:49.487,1.06489,1.06498,1.87,1.00
2017.02.14 19:10:50.031,1.0649,1.06497,1.00,1.00
2017.02.14 19:10:50.495,1.06489,1.06499,2.25,1.00
2017.02.14 19:10:50.800,1.06491,1.06499,1.00,1.00
2017.02.14 19:10:51.322,1.0649,1.065,1.00,1.12
2017.02.14 19:10:51.642,1.06492,1.065,1.00,1.12
2017.02.14 19:10:51.794,1.0649,1.065,1.87,1.50
2017.02.14 19:10:52.113,1.06493,1.065,1.00,1.00
2017.02.14 19:10:52.637,1.06493,1.06501,1.00,1.12
2017.02.14 19:10:52.855,1.06491,1.06501,1.12,1.87
2017.02.14 19:10:53.451,1.06493,1.06501,1.00,1.12
2017.02.14 19:10:54.552,1.06492,1.06501,1.00,1.12
2017.02.14 19:10:55.854,1.06491,1.065,1.00,1.00
2017.02.14 19:10:56.361,1.06491,1.06501,1.00,1.87
2017.02.14 19:10:56.766,1.06493,1.06501,1.00,1.12
2017.02.14 19:10:58.432,1.06493,1.06502,1.00,1.50
2017.02.14 19:10:59.440,1.06492,1.06501,1.00,2.25
2017.02.14 19:10:59.975,1.06491,1.06501,1.87,1.00
2017.02.14 19:11:05.643,1.06491,1.065,1.87,1.00
2017.02.14 19:11:06.477,1.06493,1.06502,1.00,1.87
2017.02.14 19:11:06.991,1.06492,1.06502,1.87,1.00
2017.02.14 19:11:07.567,1.06492,1.06501,1.12,1.00
2017.02.14 19:11:11.983,1.06491,1.06501,2.62,1.00
2017.02.14 19:11:16.549,1.06491,1.06499,3.00,1.00
2017.02.14 19:11:16.600,1.06491,1.06501,1.50,1.00
2017.02.14 19:11:17.114,1.0649,1.065,1.50,1.50
2017.02.14 19:11:17.277,1.0649,1.06498,1.00,1.00
2017.02.14 19:11:17.785,1.0649,1.06499,1.87,1.00
2017.02.14 19:11:18.624,1.0649,1.06497,1.12,1.00
2017.02.14 19:11:18.827,1.06487,1.06495,1.50,1.00
2017.02.14 19:11:18.878,1.06486,1.06493,1.12,1.00
2017.02.14 19:11:19.201,1.06484,1.06491,1.00,1.00
2017.02.14 19:11:19.784,1.06483,1.06493,4.50,1.00
2017.02.14 19:11:20.813,1.06485,1.06493,1.00,1.00
2017.02.14 19:11:21.383,1.06484,1.06493,1.50,1.00
2017.02.14 19:11:22.025,1.06483,1.06493,2.62,1.00
2017.02.14 19:11:28.806,1.06484,1.06493,1.00,1.00
2017.02.14 19:11:29.432,1.06486,1.06494,1.00,1.00
2017.02.14 19:11:29.685,1.06484,1.06493,1.50,1.00
2017.02.14 19:11:30.235,1.06485,1.06494,1.00,1.12
2017.02.14 19:11:31.513,1.06484,1.06494,3.00,1.00
2017.02.14 19:11:36.434,1.06486,1.06494,1.00,1.00
2017.02.14 19:11:36.537,1.06484,1.06493,3.37,1.00
2017.02.14 19:11:37.067,1.06484,1.06494,2.62,1.00
2017.02.14 19:11:40.853,1.06485,1.06494,1.00,1.00
2017.02.14 19:11:41.421,1.06484,1.06493,1.87,1.00
2017.02.14 19:11:41.934,1.06486,1.06495,1.00,1.12
2017.02.14 19:11:42.457,1.06485,1.06494,1.00,1.00
2017.02.14 19:11:56.728,1.06484,1.06493,1.87,1.00
2017.02.14 19:12:01.459,1.06485,1.06494,1.50,1.00
2017.02.14 19:12:01.982,1.06485,1.06495,1.50,1.12
2017.02.14 19:12:05.103,1.06485,1.06494,1.50,1.00
2017.02.14 19:12:07.304,1.06486,1.06495,1.00,1.12
2017.02.14 19:12:07.843,1.06485,1.06495,1.12,1.12
2017.02.14 19:12:10.421,1.06486,1.06495,1.00,1.00
2017.02.14 19:12:10.725,1.06485,1.06493,1.00,1.00
2017.02.14 19:12:11.495,1.06484,1.06494,3.00,1.00
2017.02.14 19:12:17.299,1.06484,1.06493,1.87,1.00
2017.02.14 19:12:17.832,1.06484,1.06493,2.62,1.00
2017.02.14 19:12:20.899,1.06485,1.06494,1.50,1.00
2017.02.14 19:12:21.406,1.06485,1.06495,2.44,1.87
2017.02.14 19:12:21.907,1.06485,1.06494,3.00,1.00
2017.02.14 19:12:24.581,1.06486,1.06495,1.12,1.00
2017.02.14 19:12:25.087,1.06485,1.06494,2.25,1.00
2017.02.14 19:12:25.609,1.06485,1.06495,2.25,1.00
2017.02.14 19:12:31.479,1.06487,1.06496,1.00,1.00
2017.02.14 19:12:31.986,1.06486,1.06496,1.50,1.00
2017.02.14 19:12:36.253,1.06487,1.06496,1.00,1.00
2017.02.14 19:12:36.556,1.06489,1.06498,1.50,1.00
2017.02.14 19:12:37.382,1.06489,1.06499,2.81,1.12
2017.02.14 19:12:37.889,1.0649,1.06499,1.00,1.00
2017.02.14 19:12:44.524,1.06491,1.065,1.00,1.12
2017.02.14 19:12:45.353,1.0649,1.06499,1.50,1.00
2017.02.14 19:12:48.076,1.06489,1.06498,1.62,1.00
2017.02.14 19:12:48.633,1.06489,1.06498,1.69,1.00
2017.02.14 19:12:50.124,1.0649,1.06499,1.00,1.00
2017.02.14 19:12:54.570,1.0649,1.065,1.69,1.00
2017.02.14 19:12:56.153,1.0649,1.065,3.00,1.00
2017.02.14 19:12:56.683,1.0649,1.06499,2.25,1.00
2017.02.14 19:12:57.068,1.0649,1.065,3.56,1.00
2017.02.14 19:12:57.271,1.0649,1.065,4.12,1.00
2017.02.14 19:12:57.919,1.06491,1.065,1.31,1.00
2017.02.14 19:13:00.931,1.06492,1.06501,1.50,1.12
2017.02.14 19:13:01.457,1.06491,1.065,1.31,1.00
2017.02.14 19:13:02.078,1.0649,1.065,3.37,1.00
2017.02.14 19:13:03.952,1.0649,1.06498,1.00,1.00
2017.02.14 19:13:04.930,1.0649,1.06499,1.00,1.00
2017.02.14 19:13:06.081,1.0649,1.065,1.50,1.12
2017.02.14 19:13:11.722,1.06491,1.065,1.00,1.00
2017.02.14 19:13:14.008,1.0649,1.06499,3.00,1.00
2017.02.14 19:13:17.953,1.06491,1.06499,1.00,1.00
2017.02.14 19:13:18.491,1.0649,1.06499,1.12,1.00
2017.02.14 19:13:19.273,1.0649,1.065,1.87,1.00
2017.02.14 19:13:21.888,1.0649,1.06498,1.12,1.00
2017.02.14 19:13:22.210,1.06487,1.06493,1.12,1.00
2017.02.14 19:13:22.262,1.06486,1.06492,1.37,1.00
2017.02.14 19:13:22.414,1.06486,1.06494,1.31,1.12
2017.02.14 19:13:22.819,1.06487,1.06496,2.25,1.12
2017.02.14 19:13:22.922,1.06489,1.06497,1.00,1.50
2017.02.14 19:13:23.332,1.06489,1.06499,3.75,1.00
2017.02.14 19:13:23.485,1.06491,1.06499,1.00,1.12
2017.02.14 19:13:24.010,1.0649,1.06499,1.12,1.00
2017.02.14 19:13:44.291,1.06491,1.065,1.00,1.00
2017.02.14 19:13:44.597,1.06491,1.06498,1.00,1.00
2017.02.14 19:13:45.099,1.0649,1.06499,1.87,1.00
2017.02.14 19:13:46.172,1.0649,1.065,2.62,1.00
2017.02.14 19:13:46.697,1.0649,1.06499,1.50,1.00
2017.02.14 19:13:47.286,1.0649,1.06497,1.00,1.00
2017.02.14 19:13:47.791,1.0649,1.06498,1.12,1.00
2017.02.14 19:13:53.721,1.06491,1.06499,1.00,1.00
2017.02.14 19:13:54.250,1.0649,1.06499,3.19,1.00
2017.02.14 19:13:55.089,1.0649,1.06499,3.19,1.00
2017.02.14 19:13:56.115,1.06491,1.065,1.31,1.00
2017.02.14 19:13:56.992,1.06492,1.065,1.00,1.00
2017.02.14 19:13:57.526,1.06491,1.065,3.94,1.00
2017.02.14 19:13:58.133,1.06491,1.06501,3.19,1.00
2017.02.14 19:13:58.642,1.06492,1.06501,1.50,1.00
2017.02.14 19:13:59.174,1.06491,1.065,1.50,1.00
2017.02.14 19:13:59.688,1.06492,1.06501,3.19,1.00
2017.02.14 19:14:00.320,1.06492,1.06502,2.62,1.00
2017.02.14 19:14:02.697,1.06492,1.06501,1.12,1.00
2017.02.14 19:14:04.719,1.06491,1.06499,1.37,1.00
2017.02.14 19:14:04.822,1.06489,1.06499,1.50,1.50
2017.02.14 19:14:05.544,1.06488,1.06497,1.75,1.00
2017.02.14 19:14:05.645,1.06488,1.06497,1.12,1.00
2017.02.14 19:14:07.834,1.06489,1.06498,1.50,1.00
2017.02.14 19:14:08.444,1.06488,1.06498,1.69,1.00
2017.02.14 19:14:08.973,1.06489,1.06498,1.56,1.00
2017.02.14 19:14:09.492,1.06489,1.06499,1.69,1.50
2017.02.14 19:14:09.998,1.06488,1.06498,3.37,1.00
2017.02.14 19:14:15.261,1.0649,1.06499,1.50,1.50
2017.02.14 19:14:15.585,1.06489,1.06497,1.25,1.00
2017.02.14 19:14:15.890,1.06489,1.06498,1.69,1.00
2017.02.14 19:14:22.459,1.06488,1.06498,3.56,1.50
2017.02.14 19:14:23.527,1.06488,1.06498,4.31,1.50
2017.02.14 19:14:27.963,1.06489,1.06498,2.06,1.00
2017.02.14 19:14:31.038,1.06489,1.06497,1.12,1.00
2017.02.14 19:14:31.726,1.06486,1.06495,1.75,1.00
2017.02.14 19:14:31.878,1.06485,1.06495,3.00,1.50
2017.02.14 19:14:34.198,1.06486,1.06495,1.00,1.00
2017.02.14 19:14:36.641,1.06486,1.06496,1.50,1.50
2017.02.14 19:14:37.472,1.06487,1.06496,1.00,1.50
2017.02.14 19:14:37.978,1.06487,1.06497,1.69,1.50
2017.02.14 19:14:38.029,1.06487,1.06495,1.25,1.50
2017.02.14 19:14:38.536,1.06485,1.06494,1.87,1.00
2017.02.14 19:14:39.039,1.06485,1.06494,2.62,1.00
2017.02.14 19:14:39.580,1.06485,1.06495,2.62,1.00
2017.02.14 19:14:40.146,1.06487,1.06496,1.00,1.00
2017.02.14 19:14:40.688,1.06486,1.06496,1.50,1.00
2017.02.14 19:14:41.239,1.06487,1.06496,1.00,1.00
2017.02.14 19:14:45.262,1.06485,1.06495,2.62,1.50
2017.02.14 19:14:46.279,1.06486,1.06495,1.69,1.00
2017.02.14 19:14:46.855,1.06487,1.06496,1.31,1.50
2017.02.14 19:14:47.521,1.06487,1.06497,1.50,1.87
2017.02.14 19:14:49.313,1.06487,1.06495,1.00,1.50
2017.02.14 19:14:49.621,1.06485,1.06495,1.50,1.00
2017.02.14 19:14:58.910,1.06484,1.06493,2.25,1.00
2017.02.14 19:14:59.446,1.06485,1.06494,1.00,1.12
2017.02.14 19:15:00.056,1.06484,1.06494,1.12,1.87
2017.02.14 19:15:00.399,1.06483,1.06492,1.50,1.00
2017.02.14 19:15:00.960,1.06483,1.06493,1.87,1.00
2017.02.14 19:15:03.240,1.06484,1.06493,1.00,1.00
2017.02.14 19:15:04.870,1.06483,1.06493,1.50,1.00
2017.02.14 19:15:08.590,1.06485,1.06495,2.06,2.25
2017.02.14 19:15:12.207,1.06485,1.06495,1.12,1.50
2017.02.14 19:15:12.747,1.06485,1.06494,1.12,1.00
2017.02.14 19:15:13.612,1.06485,1.06495,1.12,1.50
2017.02.14 19:15:14.125,1.06486,1.06495,1.00,1.50
2017.02.14 19:15:17.655,1.06485,1.06494,1.12,1.50
2017.02.14 19:15:19.074,1.06485,1.06495,1.12,1.50
2017.02.14 19:15:21.634,1.06486,1.06495,1.00,1.00
2017.02.14 19:15:24.054,1.06484,1.06494,2.25,1.50
2017.02.14 19:15:24.604,1.06483,1.06493,2.25,1.00
2017.02.14 19:15:34.081,1.06483,1.06493,1.87,1.00
2017.02.14 19:15:35.648,1.06484,1.06493,1.00,1.00
2017.02.14 19:15:36.320,1.06483,1.06492,1.37,1.00
2017.02.14 19:15:36.422,1.06482,1.06492,1.12,1.00
2017.02.14 19:15:39.222,1.06483,1.06493,1.00,1.87
2017.02.14 19:15:39.339,1.06484,1.06493,1.50,1.00
2017.02.14 19:15:39.491,1.06483,1.06492,1.12,1.50
2017.02.14 19:15:42.850,1.06483,1.06493,1.12,1.00
2017.02.14 19:15:47.488,1.06483,1.06492,1.50,1.00
2017.02.14 19:15:48.055,1.06482,1.06491,2.25,1.00
2017.02.14 19:15:48.308,1.06483,1.06493,1.12,1.50
2017.02.14 19:15:49.554,1.06483,1.06492,1.00,1.00
2017.02.14 19:15:57.158,1.06483,1.06493,1.00,1.87
2017.02.14 19:15:57.752,1.06482,1.06492,1.50,1.00
2017.02.14 19:15:59.622,1.06483,1.06493,1.00,1.87
2017.02.14 19:16:00.124,1.06482,1.06492,2.62,1.00
2017.02.14 19:16:00.965,1.06483,1.06492,1.00,1.00
2017.02.14 19:16:01.218,1.06482,1.0649,1.00,1.00
2017.02.14 19:16:01.727,1.06479,1.06489,2.25,1.00
2017.02.14 19:16:02.239,1.0648,1.0649,1.87,1.00
2017.02.14 19:16:02.864,1.0648,1.06489,1.37,1.00
2017.02.14 19:16:03.373,1.0648,1.0649,2.25,1.00
2017.02.14 19:16:08.181,1.06481,1.06491,1.50,1.00
2017.02.14 19:16:08.743,1.06481,1.06491,1.87,1.00
2017.02.14 19:16:16.716,1.06481,1.0649,1.87,1.00
2017.02.14 19:16:17.222,1.06482,1.06491,1.12,1.00
2017.02.14 19:16:21.919,1.06481,1.06491,1.12,1.00
2017.02.14 19:16:22.439,1.0648,1.0649,1.50,1.50
2017.02.14 19:16:22.844,1.06479,1.06489,1.87,1.00
2017.02.14 19:16:22.895,1.06479,1.06487,1.12,1.00
2017.02.14 19:16:22.946,1.06479,1.06489,1.87,1.50
2017.02.14 19:16:31.632,1.06479,1.0649,1.50,1.87
2017.02.14 19:16:35.213,1.06479,1.06489,1.50,1.00
2017.02.14 19:16:47.818,1.0648,1.0649,1.00,1.12
2017.02.14 19:16:47.869,1.06478,1.06488,3.00,1.00
2017.02.14 19:16:48.224,1.0648,1.0649,1.00,1.12
2017.02.14 19:16:50.737,1.06481,1.06491,1.00,1.12
2017.02.14 19:16:54.964,1.0648,1.0649,2.25,1.00
2017.02.14 19:16:55.487,1.0648,1.06491,2.25,1.50
2017.02.14 19:16:55.995,1.06482,1.06492,1.00,1.87
2017.02.14 19:16:58.256,1.06481,1.06492,1.87,1.87
2017.02.14 19:17:00.757,1.06482,1.06492,1.00,1.12
2017.02.14 19:17:01.371,1.06483,1.06492,1.00,1.12
2017.02.14 19:17:04.191,1.06482,1.06492,1.00,1.87
2017.02.14 19:17:07.955,1.06482,1.06491,1.12,1.00
2017.02.14 19:17:08.484,1.06481,1.06491,1.50,1.00
2017.02.14 19:17:09.176,1.06482,1.06491,1.12,1.00
2017.02.14 19:17:09.956,1.06483,1.06491,1.00,1.00
2017.02.14 19:17:11.341,1.06483,1.06492,1.00,1.12
2017.02.14 19:17:14.030,1.06484,1.06494,1.00,1.87
2017.02.14 19:17:14.537,1.06484,1.06494,1.00,2.25
2017.02.14 19:17:17.011,1.06483,1.06493,1.00,1.12
2017.02.14 19:17:19.467,1.06482,1.06493,1.50,1.87
2017.02.14 19:17:20.042,1.06483,1.06493,1.00,1.87
2017.02.14 19:17:20.556,1.06484,1.06494,1.00,2.25
2017.02.14 19:17:26.663,1.06483,1.06494,1.00,2.25
2017.02.14 19:17:28.016,1.06484,1.06493,1.00,1.12
2017.02.14 19:17:28.257,1.06482,1.06493,1.12,2.25
2017.02.14 19:17:28.761,1.06482,1.06492,1.12,1.12
2017.02.14 19:17:29.267,1.06483,1.06493,1.12,1.50
2017.02.14 19:17:29.755,1.06484,1.06494,1.37,1.12
2017.02.14 19:17:33.365,1.06484,1.06494,1.12,1.12
2017.02.14 19:17:33.771,1.06486,1.06495,1.00,1.12
2017.02.14 19:17:34.422,1.06487,1.06496,1.00,1.00
2017.02.14 19:17:34.956,1.06485,1.06495,1.87,1.50
2017.02.14 19:17:35.480,1.06485,1.06494,1.00,1.00
2017.02.14 19:17:37.192,1.06485,1.06495,1.31,1.12
2017.02.14 19:17:37.743,1.06487,1.06497,1.00,1.12
2017.02.14 19:17:38.353,1.06487,1.06496,1.00,1.00
2017.02.14 19:17:38.900,1.06486,1.06495,1.00,1.12
2017.02.14 19:17:39.369,1.06488,1.06497,1.00,1.12
2017.02.14 19:17:39.471,1.06488,1.06498,1.00,1.37
2017.02.14 19:17:39.979,1.06487,1.06498,1.12,1.87
2017.02.14 19:17:40.030,1.06487,1.06496,1.12,1.00
2017.02.14 19:17:40.555,1.06486,1.06496,1.12,1.00
2017.02.14 19:17:41.071,1.06486,1.06495,1.00,1.00
2017.02.14 19:17:41.590,1.06485,1.06494,1.69,1.00
2017.02.14 19:17:41.793,1.06484,1.06494,1.50,1.00
2017.02.14 19:17:42.467,1.06483,1.06493,1.87,1.50
2017.02.14 19:17:43.054,1.06482,1.06492,2.62,1.00
2017.02.14 19:17:43.563,1.06482,1.06493,1.12,1.87
2017.02.14 19:17:45.609,1.06482,1.06492,1.50,1.00
2017.02.14 19:17:46.129,1.06482,1.06493,2.06,1.87
2017.02.14 19:17:48.459,1.06483,1.06493,1.12,1.12
2017.02.14 19:17:49.434,1.06482,1.06493,1.50,1.87
2017.02.14 19:17:50.165,1.06482,1.06492,1.25,1.00
2017.02.14 19:17:50.396,1.06483,1.06493,1.56,1.12
2017.02.14 19:17:50.651,1.06482,1.06493,1.50,1.12
2017.02.14 19:17:50.855,1.06484,1.06494,1.12,1.12
2017.02.14 19:17:51.430,1.06483,1.06493,1.12,1.00
2017.02.14 19:17:53.224,1.06482,1.06492,1.87,1.50
2017.02.14 19:17:53.732,1.06483,1.06493,1.50,1.00
2017.02.14 19:17:54.239,1.06482,1.06493,1.12,1.12
2017.02.14 19:17:56.155,1.06482,1.06492,1.12,1.00
2017.02.14 19:17:56.493,1.06488,1.06495,1.72,1.75
2017.02.14 19:17:56.544,1.06488,1.06496,1.72,1.12
2017.02.14 19:17:57.092,1.06487,1.06495,1.67,1.00
2017.02.14 19:17:57.621,1.06487,1.06496,1.67,1.00
2017.02.14 19:17:58.151,1.06487,1.06497,1.35,1.50
2017.02.14 19:17:59.686,1.06486,1.06494,1.37,1.00
2017.02.14 19:17:59.942,1.06485,1.06495,1.00,1.50
2017.02.14 19:18:02.469,1.06484,1.06493,1.37,1.00
2017.02.14 19:18:02.975,1.06483,1.06493,1.50,1.00
2017.02.14 19:18:03.315,1.06482,1.06491,1.12,1.00
2017.02.14 19:18:03.367,1.06481,1.06491,1.50,1.50
2017.02.14 19:18:03.943,1.06481,1.0649,1.50,1.00
2017.02.14 19:18:04.576,1.0648,1.0649,1.50,1.00
2017.02.14 19:18:07.865,1.0648,1.06489,1.50,1.00
2017.02.14 19:18:08.393,1.06481,1.0649,1.50,1.00
2017.02.14 19:18:11.868,1.0648,1.06489,1.12,1.00
2017.02.14 19:18:11.965,1.0648,1.06489,1.00,1.00
2017.02.14 19:18:15.229,1.0648,1.06487,1.00,1.00
2017.02.14 19:18:15.331,1.0648,1.0649,1.50,1.50
2017.02.14 19:18:15.483,1.06482,1.06492,2.25,1.12
2017.02.14 19:18:15.536,1.06482,1.0649,1.50,1.00
2017.02.14 19:18:16.094,1.06482,1.0649,1.00,1.50
2017.02.14 19:18:16.398,1.06482,1.06492,3.00,1.12
2017.02.14 19:18:16.501,1.06481,1.06491,1.87,1.00
2017.02.14 19:18:16.602,1.06481,1.06491,1.87,1.00
2017.02.14 19:18:16.704,1.06481,1.06491,1.50,1.00
2017.02.14 19:18:16.806,1.06482,1.06493,1.87,1.87
2017.02.14 19:18:17.316,1.06483,1.06493,1.12,1.00
2017.02.14 19:18:18.025,1.06483,1.06492,1.00,1.00
2017.02.14 19:18:18.532,1.06483,1.06493,1.50,1.00
2017.02.14 19:18:23.214,1.06484,1.06494,1.12,1.00
2017.02.14 19:18:24.981,1.06486,1.06494,1.00,1.00
2017.02.14 19:18:25.519,1.06486,1.06495,1.00,1.69
2017.02.14 19:18:26.035,1.06485,1.06494,1.00,1.12
2017.02.14 19:18:26.566,1.06486,1.06494,1.00,1.12
2017.02.14 19:18:26.718,1.06484,1.06494,1.12,1.69
2017.02.14 19:18:27.123,1.06486,1.06494,1.00,1.12
2017.02.14 19:18:27.638,1.06485,1.06494,1.00,1.12
2017.02.14 19:18:28.362,1.06485,1.06493,1.00,1.00
2017.02.14 19:18:29.128,1.06485,1.06494,1.00,1.12
2017.02.14 19:18:29.708,1.06485,1.06493,1.00,1.00
2017.02.14 19:18:30.227,1.06485,1.06494,1.00,1.12
2017.02.14 19:18:30.560,1.06485,1.06492,1.00,1.00
2017.02.14 19:18:31.090,1.06484,1.06493,1.00,1.00
2017.02.14 19:18:31.623,1.06484,1.06494,1.00,1.87
2017.02.14 19:18:32.139,1.06484,1.06493,1.00,1.00
2017.02.14 19:18:33.077,1.06484,1.06493,1.00,1.56
2017.02.14 19:18:33.867,1.06484,1.06493,1.00,1.00
2017.02.14 19:18:38.517,1.06485,1.06494,1.00,1.50
2017.02.14 19:18:39.040,1.06485,1.06494,1.00,1.12
2017.02.14 19:18:42.406,1.06484,1.06493,1.12,1.00
2017.02.14 19:18:42.935,1.06485,1.06494,1.00,1.12
2017.02.14 19:18:43.440,1.06485,1.06493,1.12,1.00
2017.02.14 19:18:43.972,1.06485,1.06494,1.12,1.12
2017.02.14 19:18:44.476,1.06485,1.06493,1.12,1.00
2017.02.14 19:18:46.733,1.06485,1.06494,1.00,1.12
2017.02.14 19:18:47.038,1.06487,1.06494,1.00,1.00
2017.02.14 19:18:47.544,1.06486,1.06495,1.00,1.12
2017.02.14 19:18:48.257,1.06487,1.06495,1.00,1.12
2017.02.14 19:18:48.764,1.06487,1.06494,1.00,1.00
2017.02.14 19:18:48.916,1.06485,1.06494,1.00,1.00
2017.02.14 19:18:48.967,1.06484,1.06492,1.12,1.00
2017.02.14 19:18:49.218,1.06482,1.06493,1.50,2.25
2017.02.14 19:18:49.320,1.06482,1.06492,1.12,1.50
2017.02.14 19:18:49.828,1.06481,1.06491,1.12,1.50
2017.02.14 19:18:50.355,1.0648,1.0649,1.50,1.12
2017.02.14 19:18:50.906,1.0648,1.06489,1.00,1.00
2017.02.14 19:18:51.386,1.06483,1.06491,1.00,1.50
2017.02.14 19:18:51.691,1.06482,1.06492,1.37,1.12
2017.02.14 19:18:52.197,1.06482,1.06492,1.00,1.12
2017.02.14 19:18:55.713,1.06482,1.06491,1.00,1.00
2017.02.14 19:18:56.272,1.06481,1.06491,1.87,1.50
2017.02.14 19:18:56.793,1.06482,1.06492,1.00,1.12
2017.02.14 19:18:57.343,1.06482,1.06491,1.00,1.00
2017.02.14 19:18:57.875,1.06483,1.06491,1.00,1.00
2017.02.14 19:18:58.417,1.06483,1.06492,1.00,1.87
2017.02.14 19:18:58.933,1.06483,1.06491,1.00,1.00
2017.02.14 19:18:59.460,1.06483,1.06492,1.00,1.12
2017.02.14 19:19:00.068,1.06483,1.06491,1.00,1.00
2017.02.14 19:19:00.119,1.06485,1.06493,1.00,1.50
2017.02.14 19:19:00.721,1.06485,1.06494,1.00,1.50
2017.02.14 19:19:01.228,1.06484,1.06494,1.00,2.25
2017.02.14 19:19:01.874,1.06483,1.06494,1.12,3.75
2017.02.14 19:19:02.207,1.06483,1.06494,1.50,2.62
2017.02.14 19:19:02.359,1.06485,1.06494,1.00,1.87
2017.02.14 19:19:02.867,1.06486,1.06495,1.00,1.50
2017.02.14 19:19:04.698,1.06485,1.06494,1.00,1.12
2017.02.14 19:19:05.221,1.06484,1.06494,1.12,1.50
2017.02.14 19:19:05.558,1.06486,1.06494,1.00,1.50
2017.02.14 19:19:06.065,1.06485,1.06494,1.12,1.00
2017.02.14 19:19:06.403,1.06487,1.06496,1.00,2.25
2017.02.14 19:19:06.941,1.06487,1.06496,1.00,1.00
2017.02.14 19:19:07.248,1.06489,1.06498,1.00,1.12
2017.02.14 19:19:07.400,1.06487,1.06497,1.12,2.25
2017.02.14 19:19:07.552,1.06487,1.06496,1.00,2.25
2017.02.14 19:19:08.416,1.06486,1.06496,1.00,2.25
2017.02.14 19:19:08.924,1.06486,1.06495,1.00,1.50
2017.02.14 19:19:08.976,1.06484,1.06495,1.12,3.00
2017.02.14 19:19:09.281,1.06486,1.06496,1.00,2.25
2017.02.14 19:19:10.263,1.06488,1.06497,1.00,1.87
2017.02.14 19:19:10.365,1.06488,1.06497,1.00,1.00
2017.02.14 19:19:11.559,1.06487,1.06496,1.00,1.00
2017.02.14 19:19:12.099,1.06487,1.06497,1.00,1.87
2017.02.14 19:19:12.704,1.06487,1.06496,1.00,1.00
2017.02.14 19:19:13.397,1.06487,1.06495,1.00,1.00
2017.02.14 19:19:13.920,1.06487,1.06496,1.00,1.87
2017.02.14 19:19:15.495,1.06488,1.06497,1.00,2.62
2017.02.14 19:19:16.002,1.06488,1.06497,1.00,1.12
2017.02.14 19:19:16.440,1.06486,1.06496,1.12,1.00
2017.02.14 19:19:16.972,1.06486,1.06496,1.00,1.87
2017.02.14 19:19:17.590,1.06487,1.06496,1.00,1.50
2017.02.14 19:19:18.142,1.06486,1.06495,1.00,1.00
2017.02.14 19:19:18.448,1.06488,1.06497,1.00,2.25
2017.02.14 19:19:18.954,1.06488,1.06497,1.00,1.12
2017.02.14 19:19:19.540,1.06487,1.06496,1.00,1.50
2017.02.14 19:19:19.896,1.06489,1.06496,1.00,1.00
2017.02.14 19:19:20.049,1.06486,1.06495,1.12,1.50
2017.02.14 19:19:20.555,1.06485,1.06494,1.50,1.00
2017.02.14 19:19:21.254,1.06486,1.06495,1.00,1.87
2017.02.14 19:19:21.508,1.06488,1.06497,1.00,2.25
2017.02.14 19:19:22.040,1.06488,1.06497,1.00,1.87
2017.02.14 19:19:22.576,1.06487,1.06497,1.00,3.00
2017.02.14 19:19:23.083,1.06488,1.06496,1.00,1.87
2017.02.14 19:19:23.588,1.06487,1.06496,1.00,1.87
2017.02.14 19:19:24.219,1.06486,1.06495,1.00,1.87
2017.02.14 19:19:24.726,1.06487,1.06497,1.00,2.25
2017.02.14 19:19:25.259,1.06486,1.06495,1.00,1.50
2017.02.14 19:19:25.835,1.06487,1.06496,1.00,1.50
2017.02.14 19:19:26.366,1.06486,1.06496,1.00,1.50
2017.02.14 19:19:28.692,1.06485,1.06495,1.12,1.87
2017.02.14 19:19:29.694,1.06485,1.06496,1.50,2.62
2017.02.14 19:19:30.796,1.06486,1.06496,1.00,2.62
2017.02.14 19:19:36.493,1.06486,1.06495,1.00,1.00
2017.02.14 19:19:38.126,1.06485,1.06495,1.50,1.00
2017.02.14 19:19:42.945,1.06484,1.06494,1.87,1.50
2017.02.14 19:19:43.576,1.06485,1.06495,1.12,2.25
2017.02.14 19:19:43.931,1.06484,1.06493,1.37,1.00
2017.02.14 19:19:44.573,1.06484,1.06494,1.00,2.25
2017.02.14 19:19:45.765,1.06484,1.06493,1.00,1.50
2017.02.14 19:19:46.632,1.06483,1.06494,1.87,1.00
2017.02.14 19:19:47.137,1.06485,1.06495,1.00,1.50
2017.02.14 19:19:47.642,1.06484,1.06494,1.00,1.87
2017.02.14 19:19:48.149,1.06483,1.06493,1.50,1.00
2017.02.14 19:19:48.980,1.06482,1.06493,1.87,1.12
2017.02.14 19:19:49.554,1.06484,1.06493,1.00,1.12
2017.02.14 19:19:50.567,1.06483,1.06494,1.12,2.25
2017.02.14 19:19:51.429,1.06484,1.06494,1.12,1.50
2017.02.14 19:19:51.977,1.06485,1.06495,1.00,2.25
2017.02.14 19:19:52.548,1.06485,1.06495,1.00,2.25
2017.02.14 19:19:53.262,1.06485,1.06495,1.00,1.87
2017.02.14 19:19:58.339,1.06486,1.06496,1.00,1.87
2017.02.14 19:19:58.902,1.06485,1.06496,1.00,2.62
2017.02.14 19:20:01.935,1.06486,1.06495,1.00,1.12
2017.02.14 19:20:02.474,1.06486,1.06496,1.00,1.12
2017.02.14 19:20:02.983,1.06484,1.06494,2.25,1.00
2017.02.14 19:20:03.528,1.06484,1.06495,1.87,1.87
2017.02.14 19:20:04.772,1.06484,1.06493,1.00,1.00
2017.02.14 19:20:05.975,1.06484,1.06494,1.50,1.50
2017.02.14 19:20:07.165,1.06485,1.06495,1.87,1.87
2017.02.14 19:20:07.987,1.06484,1.06494,2.25,1.00
2017.02.14 19:20:08.442,1.06483,1.06492,1.50,1.00
2017.02.14 19:20:08.897,1.06484,1.06495,2.62,1.12
2017.02.14 19:20:09.429,1.06485,1.06495,1.00,1.00
2017.02.14 19:20:10.499,1.06485,1.06496,1.50,1.12
2017.02.14 19:20:11.392,1.06486,1.06497,2.25,2.25
2017.02.14 19:20:11.544,1.06487,1.06498,1.50,1.12
2017.02.14 19:20:11.696,1.06487,1.06496,1.00,1.00
2017.02.14 19:20:12.796,1.06485,1.06494,1.75,1.00
2017.02.14 19:20:13.022,1.06485,1.06494,1.00,1.00
2017.02.14 19:20:13.478,1.06484,1.06491,1.00,1.00
2017.02.14 19:20:14.017,1.06483,1.06492,1.50,1.00
2017.02.14 19:20:14.149,1.06483,1.06494,2.62,1.12
2017.02.14 19:20:14.587,1.06484,1.06492,1.00,1.00
2017.02.14 19:20:14.992,1.06484,1.06494,1.50,1.12
2017.02.14 19:20:16.044,1.06483,1.06493,2.62,1.00
2017.02.14 19:20:16.547,1.06483,1.06492,1.50,1.00
2017.02.14 19:20:16.648,1.06485,1.06494,1.00,1.12
2017.02.14 19:20:16.851,1.06484,1.06491,1.37,1.00
2017.02.14 19:20:17.171,1.06483,1.06493,3.37,1.00
2017.02.14 19:20:17.424,1.06482,1.06491,1.50,1.00
2017.02.14 19:20:17.951,1.06482,1.06492,1.87,1.00
2017.02.14 19:20:18.458,1.06482,1.06491,1.12,1.00
2017.02.14 19:20:18.661,1.06484,1.06494,1.87,1.12
2017.02.14 19:20:19.015,1.06483,1.06492,2.62,1.00
2017.02.14 19:20:19.216,1.06483,1.06492,1.50,1.00
2017.02.14 19:20:20.173,1.06483,1.06493,1.50,1.00
2017.02.14 19:20:21.477,1.06483,1.06491,1.12,1.00
2017.02.14 19:20:21.985,1.06481,1.06491,2.62,1.00
2017.02.14 19:20:22.527,1.06481,1.06492,1.87,2.62
2017.02.14 19:20:22.780,1.06481,1.0649,1.12,1.00
2017.02.14 19:20:22.882,1.06482,1.06492,1.50,1.12
2017.02.14 19:20:23.085,1.06481,1.06489,1.50,1.00
2017.02.14 19:20:23.592,1.06481,1.0649,1.00,1.00
2017.02.14 19:20:24.670,1.06483,1.0649,1.00,1.00
2017.02.14 19:20:25.208,1.06482,1.06491,1.00,1.00
2017.02.14 19:20:26.133,1.06482,1.0649,1.00,1.00
2017.02.14 19:20:27.949,1.06481,1.06491,2.62,1.00
2017.02.14 19:20:29.214,1.06481,1.06491,2.62,1.00
2017.02.14 19:20:29.727,1.06481,1.06491,2.25,1.00
2017.02.14 19:20:30.254,1.06483,1.06493,1.00,1.12
2017.02.14 19:20:30.396,1.06482,1.0649,1.12,1.00
2017.02.14 19:20:32.686,1.06482,1.06491,1.12,1.00
2017.02.14 19:20:33.496,1.06483,1.06492,1.00,1.00
2017.02.14 19:20:34.078,1.06482,1.06492,2.62,1.00
2017.02.14 19:20:36.614,1.06484,1.06493,1.00,1.12
2017.02.14 19:20:36.918,1.06483,1.06491,1.12,1.00
2017.02.14 19:20:37.160,1.06481,1.06491,2.62,1.00
2017.02.14 19:20:37.867,1.06481,1.06492,2.62,1.12
2017.02.14 19:20:38.402,1.06481,1.0649,1.12,1.00
2017.02.14 19:20:38.907,1.06482,1.0649,1.00,1.00
2017.02.14 19:20:39.509,1.06481,1.06491,2.62,1.00
2017.02.14 19:20:41.023,1.06482,1.06491,1.00,1.00
2017.02.14 19:20:41.566,1.06481,1.0649,2.62,1.00
2017.02.14 19:20:42.521,1.06481,1.06491,3.37,1.00
2017.02.14 19:20:44.162,1.06482,1.06492,2.62,1.00
2017.02.14 19:20:44.698,1.06483,1.06492,1.00,1.00
2017.02.14 19:20:45.224,1.06482,1.06491,1.50,1.00
2017.02.14 19:20:45.767,1.06482,1.06491,1.12,1.00
2017.02.14 19:20:46.077,1.06481,1.06489,1.50,1.00
2017.02.14 19:20:46.602,1.06481,1.0649,1.12,1.00
2017.02.14 19:20:51.318,1.06482,1.0649,1.00,1.00
2017.02.14 19:20:51.849,1.06482,1.06491,1.00,1.00
2017.02.14 19:20:53.594,1.06482,1.0649,1.12,1.00
2017.02.14 19:20:58.094,1.06482,1.06491,1.00,1.00
2017.02.14 19:21:11.473,1.06483,1.06491,1.00,1.00
2017.02.14 19:21:12.004,1.06482,1.06491,1.12,1.00
2017.02.14 19:21:16.668,1.06483,1.06491,1.00,1.00
2017.02.14 19:21:17.198,1.06482,1.06492,3.37,1.00
2017.02.14 19:21:27.211,1.06484,1.06492,1.00,1.00
2017.02.14 19:21:30.940,1.06483,1.06493,2.25,1.00
2017.02.14 19:21:31.445,1.06483,1.06492,3.00,1.00
2017.02.14 19:21:33.149,1.06483,1.06493,2.25,1.00
2017.02.14 19:21:33.783,1.06483,1.06492,1.50,1.00
2017.02.14 19:21:37.158,1.06483,1.06493,2.25,1.50
2017.02.14 19:21:37.663,1.06484,1.06494,2.25,1.50
2017.02.14 19:21:40.000,1.06484,1.06493,1.00,1.00
2017.02.14 19:21:49.819,1.06483,1.06493,2.62,1.00
2017.02.14 19:21:50.175,1.06485,1.06493,1.00,1.00
2017.02.14 19:21:50.580,1.06483,1.06491,1.37,1.00
2017.02.14 19:21:51.089,1.06482,1.0649,1.87,1.00
2017.02.14 19:21:53.202,1.06482,1.06491,1.87,1.00
2017.02.14 19:21:53.355,1.06481,1.0649,3.00,1.00
2017.02.14 19:21:53.873,1.06481,1.06489,1.12,1.00
2017.02.14 19:21:59.732,1.06481,1.0649,1.12,1.00
2017.02.14 19:22:01.120,1.06481,1.06489,1.12,1.00
2017.02.14 19:22:05.202,1.06482,1.06489,1.00,1.00
2017.02.14 19:22:05.506,1.0648,1.06489,2.25,1.00
2017.02.14 19:22:05.658,1.06482,1.06489,1.00,1.00
2017.02.14 19:22:06.234,1.06481,1.06488,1.12,1.00
2017.02.14 19:22:08.607,1.06481,1.06489,1.12,1.00
2017.02.14 19:22:08.913,1.06481,1.06487,1.12,1.00
2017.02.14 19:22:09.593,1.06479,1.06487,1.50,1.00
2017.02.14 19:22:10.171,1.06479,1.06488,1.72,1.00
2017.02.14 19:22:10.222,1.0648,1.0649,1.87,1.87
2017.02.14 19:22:10.374,1.06479,1.06487,1.50,1.00
2017.02.14 19:22:10.882,1.06479,1.06486,1.00,1.00
2017.02.14 19:22:12.574,1.0648,1.06486,1.00,1.00
2017.02.14 19:22:13.096,1.06479,1.06487,1.87,1.00
2017.02.14 19:22:13.615,1.06479,1.06486,1.00,1.00
2017.02.14 19:22:14.120,1.06479,1.06487,1.12,1.00
2017.02.14 19:22:15.042,1.0648,1.06487,1.00,1.00
2017.02.14 19:22:15.144,1.0648,1.06489,1.12,1.00
2017.02.14 19:22:17.241,1.06481,1.06489,1.00,1.00
2017.02.14 19:22:17.824,1.0648,1.06489,1.87,1.00
2017.02.14 19:22:18.344,1.0648,1.06488,1.87,1.00
2017.02.14 19:22:19.261,1.06481,1.06489,1.00,1.00
2017.02.14 19:22:19.771,1.0648,1.06488,1.12,1.00
2017.02.14 19:22:19.873,1.0648,1.0649,1.87,1.00
2017.02.14 19:22:20.127,1.0648,1.06488,1.87,1.00
2017.02.14 19:22:20.837,1.0648,1.06487,1.12,1.00
2017.02.14 19:22:22.163,1.0648,1.06489,1.50,1.00
2017.02.14 19:22:22.670,1.0648,1.06488,1.00,1.00
2017.02.14 19:22:23.250,1.0648,1.06489,1.50,1.00
2017.02.14 19:22:24.301,1.06481,1.06489,1.00,1.00
2017.02.14 19:22:24.661,1.06481,1.06491,2.62,1.00
2017.02.14 19:22:25.472,1.06481,1.0649,1.87,1.00
2017.02.14 19:22:26.836,1.06481,1.06489,1.12,1.00
2017.02.14 19:22:27.838,1.06481,1.0649,1.87,1.00
2017.02.14 19:22:32.573,1.06481,1.06489,1.12,1.00
2017.02.14 19:22:35.992,1.06481,1.0649,1.12,1.00
2017.02.14 19:22:38.363,1.06482,1.0649,1.12,1.00
2017.02.14 19:22:38.466,1.06483,1.06492,1.12,1.00
2017.02.14 19:22:38.517,1.06485,1.06492,1.00,1.00
2017.02.14 19:22:39.098,1.06484,1.06493,1.50,1.00
2017.02.14 19:22:50.271,1.06484,1.06492,2.06,1.00
2017.02.14 19:22:52.153,1.06485,1.06493,1.12,1.00
2017.02.14 19:22:52.514,1.06486,1.06496,1.10,1.12
2017.02.14 19:22:53.026,1.06486,1.06495,1.37,1.00
2017.02.14 19:22:53.178,1.06485,1.06493,1.75,1.00
2017.02.14 19:22:53.381,1.06484,1.06493,1.50,1.00
2017.02.14 19:22:53.889,1.06484,1.06492,1.50,1.00
2017.02.14 19:22:54.411,1.06484,1.06491,1.37,1.00
2017.02.14 19:22:54.921,1.06484,1.06492,1.00,1.00
2017.02.14 19:22:58.467,1.06483,1.06491,2.25,1.00
2017.02.14 19:22:59.002,1.06483,1.06491,1.00,1.00
2017.02.14 19:23:00.572,1.06483,1.06492,1.00,1.00
2017.02.14 19:23:04.061,1.06483,1.06491,1.00,1.00
2017.02.14 19:23:04.892,1.06483,1.06492,1.00,1.00
2017.02.14 19:23:14.143,1.06484,1.06493,1.50,1.00
2017.02.14 19:23:14.774,1.06484,1.06493,1.87,1.00
2017.02.14 19:23:16.702,1.06485,1.06494,1.12,1.00
2017.02.14 19:23:17.061,1.06484,1.06492,1.37,1.00
2017.02.14 19:23:18.209,1.06483,1.06491,1.12,1.00
2017.02.14 19:23:21.180,1.06483,1.06492,1.87,1.00
2017.02.14 19:23:23.294,1.06484,1.06493,1.50,1.00
2017.02.14 19:23:23.569,1.06483,1.06493,2.62,1.00
2017.02.14 19:23:24.108,1.06483,1.06492,1.00,1.00
2017.02.14 19:23:26.124,1.06483,1.06493,1.50,1.00
2017.02.14 19:23:28.165,1.06484,1.06493,1.00,1.00
2017.02.14 19:23:32.208,1.06483,1.06491,1.37,1.00
2017.02.14 19:23:32.949,1.06483,1.06492,1.37,1.00
2017.02.14 19:23:33.267,1.06483,1.0649,1.37,1.00
2017.02.14 19:23:36.580,1.06483,1.06491,1.50,1.00
2017.02.14 19:23:37.093,1.06483,1.06492,3.19,1.00
2017.02.14 19:23:41.987,1.06483,1.06491,1.37,1.00
2017.02.14 19:23:42.906,1.06483,1.06492,3.00,1.00
2017.02.14 19:23:43.414,1.06484,1.06491,1.00,1.00
2017.02.14 19:23:51.201,1.06484,1.0649,1.00,1.00
2017.02.14 19:23:51.405,1.06482,1.0649,1.00,1.00
2017.02.14 19:23:51.609,1.06483,1.06491,1.37,1.00
2017.02.14 19:23:51.902,1.06483,1.06493,2.62,1.00
2017.02.14 19:23:52.537,1.06483,1.06492,2.25,1.00
2017.02.14 19:23:54.461,1.06484,1.06493,1.12,1.00
2017.02.14 19:23:55.283,1.06484,1.06494,1.69,1.00
2017.02.14 19:23:55.791,1.06484,1.06493,2.81,1.00
2017.02.14 19:23:56.634,1.06484,1.06493,2.06,1.00
2017.02.14 19:23:59.201,1.06484,1.06493,2.06,1.00
2017.02.14 19:24:00.985,1.06484,1.06492,1.31,1.00
2017.02.14 19:24:02.026,1.06483,1.06493,3.37,1.00
2017.02.14 19:24:02.230,1.06484,1.06491,1.25,1.00
2017.02.14 19:24:02.383,1.06484,1.06493,2.06,1.00
2017.02.14 19:24:03.029,1.06483,1.06491,1.69,1.00
2017.02.14 19:24:03.545,1.06483,1.06492,3.19,1.00
2017.02.14 19:24:10.119,1.06484,1.06493,1.31,1.00
2017.02.14 19:24:10.422,1.06485,1.06495,1.87,1.00
2017.02.14 19:24:11.541,1.06485,1.06495,3.19,1.00
2017.02.14 19:24:11.860,1.06485,1.06493,1.69,1.00
2017.02.14 19:24:14.661,1.06485,1.06492,1.62,1.00
2017.02.14 19:24:15.187,1.06485,1.06493,1.62,1.00
2017.02.14 19:24:25.733,1.06485,1.06494,1.31,1.00
2017.02.14 19:24:26.240,1.06484,1.06494,2.44,1.00
2017.02.14 19:24:29.083,1.06485,1.06494,1.31,1.00
2017.02.14 19:24:29.756,1.06485,1.06493,1.25,1.00
2017.02.14 19:24:33.682,1.06485,1.06494,1.25,1.00
2017.02.14 19:24:34.188,1.06484,1.06493,1.37,1.00
2017.02.14 19:24:34.730,1.06485,1.06494,1.25,1.00
2017.02.14 19:24:36.070,1.06484,1.06494,2.81,1.00
2017.02.14 19:24:37.672,1.06485,1.06495,2.06,1.00
2017.02.14 19:24:38.178,1.06486,1.06494,1.25,1.00
2017.02.14 19:24:38.712,1.06486,1.06493,1.25,1.00
2017.02.14 19:24:39.779,1.06486,1.06494,1.69,1.00
2017.02.14 19:24:40.307,1.06486,1.06495,1.12,1.00
2017.02.14 19:24:41.197,1.06484,1.06491,1.12,1.00
2017.02.14 19:24:41.249,1.06482,1.0649,1.37,1.00
2017.02.14 19:24:41.778,1.06482,1.06491,1.50,1.00
2017.02.14 19:24:42.114,1.06482,1.06489,1.50,1.00
2017.02.14 19:24:49.159,1.06482,1.06489,1.12,1.00
2017.02.14 19:24:50.395,1.06482,1.06491,1.50,1.00
2017.02.14 19:24:51.378,1.06482,1.06489,1.00,1.00
2017.02.14 19:24:54.762,1.06482,1.06488,1.00,1.00
2017.02.14 19:24:55.266,1.06481,1.06489,1.00,1.00
2017.02.14 19:24:56.036,1.0648,1.06488,1.87,1.00
2017.02.14 19:24:56.781,1.0648,1.06489,2.44,1.00
2017.02.14 19:24:59.792,1.0648,1.06485,1.69,1.37
2017.02.14 19:24:59.945,1.06474,1.06482,2.44,2.47
2017.02.14 19:25:00.047,1.06474,1.06481,1.25,1.00
2017.02.14 19:25:00.369,1.06474,1.06481,2.62,1.00
2017.02.14 19:25:00.470,1.06473,1.06482,2.25,2.25
2017.02.14 19:25:00.547,1.06474,1.06482,2.79,2.25
2017.02.14 19:25:00.749,1.06473,1.06482,2.23,2.25
2017.02.14 19:25:00.852,1.06477,1.06482,1.00,1.00
2017.02.14 19:25:00.904,1.06474,1.06483,1.12,2.10
2017.02.14 19:25:01.410,1.06474,1.06482,1.00,1.00
2017.02.14 19:25:01.945,1.06473,1.06481,1.12,1.00
2017.02.14 19:25:03.848,1.06472,1.0648,1.10,1.00
2017.02.14 19:25:04.354,1.06472,1.06481,1.00,1.00
2017.02.14 19:25:04.528,1.06472,1.06479,1.00,1.00
2017.02.14 19:25:04.852,1.06472,1.06481,1.50,1.00
2017.02.14 19:25:05.360,1.06472,1.06481,1.35,1.00
2017.02.14 19:25:06.068,1.06472,1.06481,1.35,1.00
2017.02.14 19:25:06.799,1.06473,1.06482,1.35,1.12
2017.02.14 19:25:07.581,1.06472,1.06481,1.35,1.00
2017.02.14 19:25:07.683,1.06472,1.06481,1.00,1.00
2017.02.14 19:25:08.306,1.06472,1.06481,1.35,1.00
2017.02.14 19:25:08.846,1.06473,1.06482,1.35,1.12
2017.02.14 19:25:09.721,1.06476,1.06483,1.00,1.50
2017.02.14 19:25:09.775,1.06473,1.06482,1.12,1.12
2017.02.14 19:25:09.978,1.06472,1.0648,1.10,1.00
2017.02.14 19:25:10.665,1.06472,1.06481,1.48,1.00
2017.02.14 19:25:11.207,1.06471,1.06481,1.50,1.00
2017.02.14 19:25:11.527,1.06471,1.06481,1.85,1.00
2017.02.14 19:25:12.997,1.06472,1.06482,1.35,1.87
2017.02.14 19:25:13.576,1.06471,1.06481,3.54,1.00
2017.02.14 19:25:14.084,1.06472,1.06482,1.35,1.12
2017.02.14 19:25:15.407,1.06472,1.06482,1.35,1.12
2017.02.14 19:25:16.233,1.06471,1.06481,2.60,1.00
2017.02.14 19:25:19.810,1.06471,1.0648,1.48,1.00
2017.02.14 19:25:20.188,1.06471,1.0648,1.12,1.00
2017.02.14 19:25:23.209,1.06471,1.06481,2.44,1.12
2017.02.14 19:25:26.200,1.06471,1.0648,1.69,1.00
2017.02.14 19:25:26.302,1.0647,1.0648,2.25,1.00
2017.02.14 19:25:44.216,1.06471,1.06481,1.50,1.00
2017.02.14 19:25:44.367,1.0647,1.06479,1.37,1.00
2017.02.14 19:25:44.520,1.06471,1.06481,1.12,1.12
2017.02.14 19:25:45.167,1.0647,1.0648,2.25,1.00
2017.02.14 19:25:46.447,1.06471,1.06481,1.00,1.00
2017.02.14 19:25:51.054,1.06471,1.0648,1.12,1.00
2017.02.14 19:25:51.561,1.06471,1.06481,1.12,1.12
2017.02.14 19:25:52.423,1.06471,1.06481,1.69,1.12
2017.02.14 19:25:53.042,1.06471,1.06481,1.12,1.12
2017.02.14 19:25:54.254,1.06471,1.06481,2.44,1.12
2017.02.14 19:25:58.625,1.06471,1.06481,1.50,1.00
2017.02.14 19:25:59.852,1.06472,1.06481,1.00,1.12
2017.02.14 19:26:00.426,1.06471,1.06481,1.12,1.12
2017.02.14 19:26:05.424,1.06471,1.0648,1.12,1.00
2017.02.14 19:26:14.162,1.06471,1.06481,1.12,1.12
2017.02.14 19:26:36.995,1.06471,1.0648,1.12,1.00
2017.02.14 19:26:37.772,1.06471,1.06481,1.12,1.12
2017.02.14 19:26:38.562,1.0647,1.0648,3.00,1.00
2017.02.14 19:26:40.386,1.06471,1.06481,1.87,1.12
2017.02.14 19:26:41.043,1.06471,1.0648,1.12,1.00
2017.02.14 19:26:52.074,1.0647,1.0648,4.31,1.00
2017.02.14 19:26:53.046,1.06471,1.06481,3.56,1.00
2017.02.14 19:26:53.249,1.0647,1.06479,3.37,1.00
2017.02.14 19:26:54.154,1.0647,1.0648,3.00,1.00
2017.02.14 19:26:54.777,1.06471,1.06481,1.12,1.12
2017.02.14 19:26:55.081,1.0647,1.06478,1.50,1.00
2017.02.14 19:26:55.861,1.0647,1.06478,1.50,1.00
2017.02.14 19:26:59.533,1.06471,1.06481,1.50,1.12
2017.02.14 19:27:00.064,1.06471,1.0648,1.69,1.00
2017.02.14 19:27:01.234,1.06471,1.06481,1.12,1.12
2017.02.14 19:27:01.764,1.0647,1.0648,2.62,1.00
2017.02.14 19:27:09.175,1.06471,1.0648,2.06,1.00
2017.02.14 19:27:10.215,1.06471,1.06479,1.37,1.00
2017.02.14 19:27:10.480,1.06471,1.06481,1.87,1.00
2017.02.14 19:27:10.532,1.06471,1.06479,1.37,1.00
2017.02.14 19:27:11.796,1.0647,1.06479,1.37,1.00
2017.02.14 19:27:12.380,1.0647,1.06479,1.00,1.00
2017.02.14 19:27:16.544,1.0647,1.0648,2.25,1.00
2017.02.14 19:27:16.949,1.06471,1.0648,2.06,1.00
2017.02.14 19:27:19.712,1.06471,1.06479,1.50,1.00
2017.02.14 19:27:20.233,1.06471,1.0648,1.50,1.00
2017.02.14 19:27:20.767,1.06471,1.06479,1.00,1.00
2017.02.14 19:27:26.304,1.0647,1.06478,2.25,1.00
2017.02.14 19:27:26.355,1.0647,1.0648,2.62,1.50
2017.02.14 19:27:26.406,1.0647,1.06478,1.87,1.00
2017.02.14 19:27:26.558,1.0647,1.0648,2.62,1.50
2017.02.14 19:27:26.660,1.0647,1.06478,1.87,1.00
2017.02.14 19:27:26.863,1.0647,1.0648,2.62,1.00
2017.02.14 19:27:27.686,1.06471,1.06481,1.12,1.00
2017.02.14 19:27:28.293,1.0647,1.06479,2.62,1.00
2017.02.14 19:27:29.150,1.0647,1.06479,1.50,1.00
2017.02.14 19:27:30.163,1.0647,1.0648,1.50,1.00
2017.02.14 19:27:30.671,1.06469,1.06479,1.50,1.00
2017.02.14 19:27:31.581,1.0647,1.0648,1.12,1.00
2017.02.14 19:27:34.283,1.06469,1.06479,2.25,1.00
2017.02.14 19:27:35.756,1.0647,1.0648,1.12,1.00
2017.02.14 19:27:36.162,1.06471,1.06481,1.87,1.00
2017.02.14 19:27:36.698,1.06471,1.06481,1.50,1.00
2017.02.14 19:27:37.242,1.0647,1.0648,1.12,1.00
2017.02.14 19:27:39.329,1.06469,1.06479,2.62,1.00
2017.02.14 19:27:39.685,1.06471,1.06481,1.00,2.25
2017.02.14 19:27:40.233,1.0647,1.0648,1.12,1.00
2017.02.14 19:27:44.325,1.06471,1.0648,1.00,1.00
2017.02.14 19:27:44.857,1.06471,1.06481,1.00,1.50
2017.02.14 19:27:47.698,1.0647,1.0648,1.12,1.00
2017.02.14 19:27:48.204,1.06471,1.06481,1.00,1.12
2017.02.14 19:27:54.906,1.06472,1.06481,1.00,1.12
2017.02.14 19:27:55.444,1.06471,1.06481,1.12,1.00
2017.02.14 19:27:56.716,1.0647,1.0648,1.50,1.00
2017.02.14 19:27:57.240,1.06471,1.06481,1.12,1.00
2017.02.14 19:27:58.347,1.0647,1.0648,1.50,1.00
2017.02.14 19:28:08.352,1.06469,1.06479,3.00,1.00
2017.02.14 19:28:08.860,1.0647,1.0648,1.50,1.00
2017.02.14 19:28:09.365,1.0647,1.0648,1.12,1.00
2017.02.14 19:28:15.911,1.06469,1.06479,1.37,1.00
2017.02.14 19:28:15.962,1.06468,1.06477,1.37,1.12
2017.02.14 19:28:16.215,1.06468,1.06478,1.00,1.12
2017.02.14 19:28:16.830,1.06469,1.06479,1.00,2.62
2017.02.14 19:28:18.386,1.06468,1.06478,1.00,1.12
2017.02.14 19:28:18.437,1.0647,1.0648,1.00,2.62
2017.02.14 19:28:19.043,1.06472,1.0648,1.00,1.37
2017.02.14 19:28:19.196,1.0647,1.0648,1.00,1.87
2017.02.14 19:28:21.280,1.0647,1.0648,1.00,2.44
2017.02.14 19:28:21.853,1.06469,1.06478,1.00,1.25
2017.02.14 19:28:22.404,1.0647,1.06478,1.00,1.25
2017.02.14 19:28:24.192,1.06469,1.06478,1.00,1.25
2017.02.14 19:28:24.243,1.06467,1.06477,1.50,1.00
2017.02.14 19:28:24.294,1.06469,1.06478,1.00,1.25
2017.02.14 19:28:24.801,1.0647,1.06478,1.00,1.25
2017.02.14 19:28:25.303,1.0647,1.06479,1.00,2.81
2017.02.14 19:28:26.482,1.06469,1.06479,1.00,3.19
2017.02.14 19:28:30.615,1.06469,1.06479,1.00,1.12
2017.02.14 19:28:36.016,1.06469,1.06478,1.00,1.00
2017.02.14 19:28:36.525,1.06469,1.06479,1.00,1.87
2017.02.14 19:28:38.254,1.0647,1.0648,1.00,2.62
2017.02.14 19:28:46.330,1.06469,1.06479,1.00,1.12
2017.02.14 19:29:03.454,1.0647,1.0648,1.00,2.25
2017.02.14 19:29:09.077,1.0647,1.0648,1.00,1.87
2017.02.14 19:29:17.253,1.06469,1.06479,2.25,1.00
2017.02.14 19:29:29.247,1.06469,1.06479,1.50,1.00
2017.02.14 19:29:34.412,1.0647,1.0648,1.00,3.19
2017.02.14 19:29:34.463,1.06472,1.0648,1.00,1.56
2017.02.14 19:29:35.040,1.06471,1.06481,1.00,2.44
2017.02.14 19:29:49.163,1.06471,1.06481,1.00,1.50
2017.02.14 19:29:50.706,1.0647,1.0648,1.87,1.00
2017.02.14 19:29:51.243,1.06469,1.06479,2.25,1.00
2017.02.14 19:29:55.880,1.0647,1.06481,1.87,2.81
2017.02.14 19:29:56.085,1.0647,1.06479,1.12,1.00
2017.02.14 19:30:11.078,1.06469,1.06473,1.00,1.00
2017.02.14 19:30:11.230,1.06463,1.06473,2.62,1.37
2017.02.14 19:30:11.332,1.06464,1.06474,1.12,6.37
2017.02.14 19:30:11.535,1.06467,1.06474,1.00,1.50
2017.02.14 19:30:11.737,1.0647,1.06477,1.00,1.12
2017.02.14 19:30:12.274,1.06469,1.06477,1.00,1.12
2017.02.14 19:30:12.396,1.06467,1.06477,1.00,1.87
2017.02.14 19:30:12.638,1.06469,1.06477,1.00,1.87
2017.02.14 19:30:13.696,1.06468,1.06477,1.00,1.87
2017.02.14 19:30:15.994,1.0647,1.06478,1.00,4.16
2017.02.14 19:30:16.045,1.06467,1.06477,1.50,1.12
2017.02.14 19:30:16.096,1.0647,1.06478,1.00,3.41
2017.02.14 19:30:16.243,1.06468,1.06477,1.00,1.12
2017.02.14 19:30:21.982,1.06469,1.06477,1.00,1.12
2017.02.14 19:30:24.577,1.0647,1.06478,1.00,2.47
2017.02.14 19:30:25.663,1.06469,1.06478,1.00,2.66
2017.02.14 19:30:26.853,1.06468,1.06477,1.00,1.69
2017.02.14 19:30:29.113,1.06468,1.06477,1.00,1.37
2017.02.14 19:30:32.795,1.06469,1.06478,1.00,3.22
2017.02.14 19:30:32.846,1.06471,1.06478,1.00,3.22
2017.02.14 19:30:33.388,1.0647,1.06478,1.00,2.10
2017.02.14 19:30:43.995,1.06467,1.06477,1.00,2.25
2017.02.14 19:30:44.046,1.06469,1.06477,1.00,2.85
2017.02.14 19:30:44.299,1.06467,1.06477,1.00,2.81
2017.02.14 19:30:55.900,1.06469,1.06477,1.00,1.87
2017.02.14 19:30:56.154,1.0647,1.0648,1.00,2.25
2017.02.14 19:30:56.661,1.06471,1.06481,1.00,3.37
2017.02.14 19:30:57.234,1.0647,1.0648,1.00,2.25
2017.02.14 19:31:00.257,1.06472,1.06481,1.00,3.56
2017.02.14 19:31:00.763,1.06472,1.0648,1.00,1.12
2017.02.14 19:31:01.016,1.0647,1.0648,1.00,2.25
2017.02.14 19:31:01.472,1.06472,1.06481,1.00,2.81
2017.02.14 19:31:02.085,1.06471,1.0648,1.00,1.50
2017.02.14 19:31:02.947,1.0647,1.0648,1.00,1.50
2017.02.14 19:31:03.685,1.06471,1.0648,1.00,1.12
2017.02.14 19:31:03.888,1.06469,1.06479,1.50,1.00
2017.02.14 19:31:04.399,1.0647,1.0648,1.00,1.37
2017.02.14 19:31:07.813,1.06469,1.06479,1.00,1.87
2017.02.14 19:31:08.324,1.06468,1.06478,1.12,1.00
2017.02.14 19:31:14.814,1.06467,1.06477,1.50,1.00
2017.02.14 19:31:15.327,1.06467,1.06477,1.00,1.50
2017.02.14 19:31:19.682,1.06469,1.06477,1.00,1.00
2017.02.14 19:31:27.332,1.06469,1.06478,1.00,1.50
2017.02.14 19:31:30.182,1.0647,1.06479,1.00,2.25
2017.02.14 19:31:30.703,1.06471,1.06479,1.00,1.50
2017.02.14 19:31:33.173,1.0647,1.06479,1.00,1.50
2017.02.14 19:31:34.659,1.0647,1.06477,1.00,1.00
2017.02.14 19:31:34.710,1.06468,1.06478,1.12,1.50
2017.02.14 19:31:34.862,1.0647,1.06479,1.00,3.00
2017.02.14 19:31:35.456,1.06469,1.06479,1.00,2.25
2017.02.14 19:31:35.877,1.06471,1.0648,1.00,1.12
2017.02.14 19:31:35.979,1.06471,1.06481,1.00,3.56
2017.02.14 19:31:36.384,1.06469,1.06479,1.12,1.00
2017.02.14 19:31:37.213,1.06468,1.06478,1.12,1.00
2017.02.14 19:31:37.517,1.0647,1.06479,1.00,1.00
2017.02.14 19:31:37.821,1.06466,1.06474,1.37,1.72
2017.02.14 19:31:38.023,1.06464,1.06473,1.12,1.35
2017.02.14 19:31:38.555,1.06465,1.06473,1.00,1.35
2017.02.14 19:31:42.210,1.06466,1.06473,1.00,1.72
2017.02.14 19:31:44.297,1.06468,1.06473,1.00,1.72
2017.02.14 19:31:44.908,1.06467,1.06473,1.00,1.72
2017.02.14 19:31:49.662,1.06467,1.06475,1.00,1.50
2017.02.14 19:31:50.187,1.06468,1.06476,1.00,1.50
2017.02.14 19:31:50.772,1.06468,1.06477,1.00,1.87
2017.02.14 19:31:55.550,1.0647,1.06478,1.00,1.50
2017.02.14 19:31:55.905,1.06468,1.06478,1.00,1.87
2017.02.14 19:31:56.418,1.06469,1.06478,1.00,1.50
2017.02.14 19:31:56.924,1.0647,1.06479,1.00,1.87
2017.02.14 19:32:01.797,1.0647,1.06479,1.00,3.00
2017.02.14 19:32:10.295,1.06471,1.06479,1.00,1.50
2017.02.14 19:32:16.659,1.0647,1.06479,1.00,1.12
2017.02.14 19:32:16.710,1.06472,1.0648,1.00,1.37
2017.02.14 19:32:17.254,1.06472,1.06481,1.00,2.25
2017.02.14 19:32:23.319,1.06471,1.0648,1.00,1.12
2017.02.14 19:32:23.829,1.06472,1.06481,1.00,1.37
2017.02.14 19:32:28.878,1.06474,1.06483,1.00,2.25
2017.02.14 19:32:28.980,1.06474,1.06483,1.00,2.25
2017.02.14 19:32:29.233,1.06472,1.06481,1.00,1.12
2017.02.14 19:32:31.799,1.06473,1.06481,1.00,1.12
2017.02.14 19:32:32.689,1.06471,1.0648,1.00,1.00
2017.02.14 19:32:33.194,1.06472,1.06481,1.00,2.62
2017.02.14 19:32:34.986,1.0647,1.06479,1.00,1.00
2017.02.14 19:32:35.333,1.06473,1.06481,1.00,1.87
2017.02.14 19:32:35.772,1.06473,1.06482,1.00,3.00
2017.02.14 19:32:36.283,1.06473,1.06482,1.00,2.25
2017.02.14 19:32:43.508,1.06472,1.06481,1.00,1.00
2017.02.14 19:32:47.542,1.06472,1.0648,1.00,1.00
2017.02.14 19:32:47.643,1.06472,1.06482,1.00,3.00
2017.02.14 19:32:48.983,1.06474,1.06482,1.00,2.25
2017.02.14 19:32:49.035,1.06472,1.06482,1.50,2.25
2017.02.14 19:32:49.086,1.06474,1.06482,1.00,1.50
2017.02.14 19:32:49.593,1.06473,1.06481,1.00,1.00
2017.02.14 19:32:50.099,1.06472,1.06481,1.00,1.50
2017.02.14 19:32:52.767,1.0647,1.0648,1.50,1.00
2017.02.14 19:32:53.353,1.06471,1.06481,1.00,1.12
2017.02.14 19:32:53.657,1.06473,1.06482,1.00,1.50
2017.02.14 19:32:57.877,1.06475,1.06482,1.00,1.50
2017.02.14 19:32:57.928,1.06472,1.06481,1.50,1.91
2017.02.14 19:32:58.233,1.06474,1.06483,1.00,2.10
2017.02.14 19:32:58.665,1.06472,1.06482,1.00,2.10
2017.02.14 19:32:59.523,1.06472,1.06481,1.00,1.00
2017.02.14 19:33:00.030,1.06471,1.06481,1.00,1.87
2017.02.14 19:33:02.583,1.06471,1.0648,1.00,1.00
2017.02.14 19:33:03.097,1.06472,1.06481,1.00,1.00
2017.02.14 19:33:04.087,1.06471,1.0648,1.00,1.00
2017.02.14 19:33:05.842,1.0647,1.06479,1.12,1.00
2017.02.14 19:33:06.222,1.06471,1.06481,1.00,1.50
2017.02.14 19:33:26.847,1.0647,1.0648,1.12,1.00
2017.02.14 19:33:30.163,1.06472,1.06482,1.00,2.85
2017.02.14 19:33:35.597,1.06473,1.06482,1.00,1.87
2017.02.14 19:33:35.900,1.06471,1.06481,1.12,1.00
2017.02.14 19:33:50.946,1.06472,1.06481,1.00,1.12
2017.02.14 19:33:51.301,1.0647,1.0648,1.12,1.00
2017.02.14 19:33:53.209,1.06469,1.06479,2.25,1.00
2017.02.14 19:33:59.639,1.06471,1.06481,1.00,2.25
2017.02.14 19:34:00.153,1.0647,1.0648,1.12,1.00
2017.02.14 19:34:14.260,1.06472,1.06481,1.00,1.50
2017.02.14 19:34:14.412,1.0647,1.0648,1.00,1.12
2017.02.14 19:34:19.206,1.06471,1.06481,1.00,2.25
2017.02.14 19:34:19.814,1.0647,1.0648,1.00,1.12
2017.02.14 19:34:36.207,1.06471,1.06481,1.00,2.25
2017.02.14 19:34:41.593,1.0647,1.0648,1.00,1.12
2017.02.14 19:34:42.099,1.06471,1.06481,1.00,2.25
2017.02.14 19:34:42.639,1.0647,1.0648,1.00,1.12
2017.02.14 19:35:02.766,1.06469,1.06479,1.12,1.00
2017.02.14 19:35:04.019,1.06471,1.0648,1.00,1.37
2017.02.14 19:35:05.332,1.0647,1.0648,1.00,1.37
2017.02.14 19:35:07.818,1.06469,1.06479,1.00,1.12
2017.02.14 19:35:11.213,1.0647,1.0648,1.00,2.25
2017.02.14 19:35:31.472,1.0647,1.0648,1.00,1.50
2017.02.14 19:35:32.198,1.0647,1.06479,1.00,1.00
2017.02.14 19:35:32.742,1.0647,1.0648,1.00,2.25
2017.02.14 19:35:33.937,1.06471,1.0648,1.00,1.00
2017.02.14 19:35:34.701,1.0647,1.0648,1.00,1.12
2017.02.14 19:35:35.260,1.06471,1.06481,1.00,3.75
2017.02.14 19:35:41.053,1.0647,1.06479,1.00,1.00
2017.02.14 19:35:41.632,1.0647,1.0648,1.00,1.87
2017.02.14 19:35:41.938,1.06472,1.06481,1.00,1.00
2017.02.14 19:35:42.752,1.06471,1.06481,1.00,2.25
2017.02.14 19:35:43.253,1.0647,1.0648,1.12,1.00
2017.02.14 19:35:45.223,1.06471,1.06481,1.00,2.25
2017.02.14 19:35:45.583,1.0647,1.06479,1.12,1.00
2017.02.14 19:35:49.012,1.0647,1.0648,1.12,1.50
2017.02.14 19:35:50.164,1.06469,1.0648,1.12,1.87
2017.02.14 19:35:50.470,1.06472,1.06481,1.00,1.50
2017.02.14 19:35:50.625,1.0647,1.0648,1.12,1.00
2017.02.14 19:35:50.677,1.06472,1.06481,1.00,2.62
2017.02.14 19:36:04.783,1.06474,1.06482,1.00,2.62
2017.02.14 19:36:05.387,1.06474,1.06482,1.00,1.50
2017.02.14 19:36:05.927,1.06473,1.06482,1.00,2.62
2017.02.14 19:36:15.135,1.06474,1.06482,1.00,1.87
2017.02.14 19:36:15.287,1.06472,1.06482,1.00,3.60
2017.02.14 19:36:15.806,1.06473,1.06482,1.00,2.85
2017.02.14 19:36:18.171,1.06472,1.06482,1.00,3.60
2017.02.14 19:36:18.701,1.06471,1.06481,1.00,2.62
2017.02.14 19:36:22.075,1.0647,1.06479,1.12,1.00
2017.02.14 19:36:22.581,1.0647,1.0648,1.00,3.00
2017.02.14 19:36:23.258,1.06472,1.0648,1.00,1.00
2017.02.14 19:36:23.771,1.06471,1.0648,1.00,1.50
2017.02.14 19:36:24.360,1.0647,1.0648,1.00,1.50
2017.02.14 19:36:27.193,1.06471,1.0648,1.00,1.12
2017.02.14 19:36:27.547,1.06473,1.06482,1.00,1.87
2017.02.14 19:36:27.845,1.06471,1.06481,1.00,1.87
2017.02.14 19:36:29.903,1.06471,1.0648,1.00,1.00
2017.02.14 19:36:30.870,1.06471,1.06481,1.00,1.50
2017.02.14 19:36:31.428,1.06473,1.06481,1.00,1.00
2017.02.14 19:36:32.530,1.06472,1.06482,1.00,2.62
2017.02.14 19:36:36.221,1.06474,1.06482,1.00,1.87
2017.02.14 19:36:36.727,1.06473,1.06482,1.00,2.10
2017.02.14 19:36:41.334,1.06473,1.06481,1.00,1.00
2017.02.14 19:36:41.936,1.06472,1.06481,1.00,1.00
2017.02.14 19:36:42.483,1.06472,1.06482,1.00,3.60
2017.02.14 19:36:43.019,1.06472,1.06482,1.00,3.37
2017.02.14 19:36:54.909,1.0647,1.0648,1.87,1.00
2017.02.14 19:37:01.705,1.06469,1.06479,1.50,1.50
2017.02.14 19:37:02.009,1.06472,1.06481,1.00,2.62
2017.02.14 19:37:02.602,1.06472,1.06481,1.00,2.62
2017.02.14 19:37:03.169,1.0647,1.0648,1.00,1.12
2017.02.14 19:37:03.489,1.06472,1.06481,1.00,1.87
2017.02.14 19:37:03.990,1.06471,1.06481,1.00,1.87
2017.02.14 19:37:07.514,1.06472,1.06481,1.00,1.37
2017.02.14 19:37:07.949,1.0647,1.0648,1.87,1.00
2017.02.14 19:37:08.456,1.06471,1.06481,1.00,1.50
2017.02.14 19:37:08.988,1.0647,1.06479,1.00,1.00
2017.02.14 19:37:09.090,1.06472,1.0648,1.00,1.12
2017.02.14 19:37:09.597,1.06471,1.06481,1.00,2.25
2017.02.14 19:37:10.109,1.0647,1.0648,1.12,2.25
2017.02.14 19:37:10.415,1.06469,1.06478,1.12,1.50
2017.02.14 19:37:11.042,1.06469,1.06479,1.12,1.87
2017.02.14 19:37:11.572,1.0647,1.06479,1.00,1.50
2017.02.14 19:37:12.079,1.0647,1.0648,1.00,1.87
2017.02.14 19:37:13.892,1.06471,1.0648,1.00,1.12
2017.02.14 19:37:15.484,1.0647,1.06479,1.00,1.00
2017.02.14 19:37:17.588,1.06471,1.0648,1.00,1.12
2017.02.14 19:37:18.149,1.06471,1.06481,1.00,2.25
2017.02.14 19:37:22.387,1.06471,1.0648,1.00,1.00
2017.02.14 19:37:22.498,1.06469,1.06479,1.00,1.12
2017.02.14 19:37:25.032,1.06469,1.06478,1.00,1.00
2017.02.14 19:37:26.108,1.0647,1.0648,1.00,1.87
2017.02.14 19:37:26.310,1.06471,1.0648,1.00,1.50
2017.02.14 19:37:42.716,1.0647,1.0648,1.00,1.87
2017.02.14 19:37:43.229,1.06471,1.06481,1.00,1.50
2017.02.14 19:37:43.777,1.06472,1.06481,1.00,1.50
2017.02.14 19:37:44.536,1.06471,1.06481,1.00,1.50
2017.02.14 19:37:44.841,1.06469,1.06479,1.12,1.00
2017.02.14 19:37:51.581,1.06472,1.0648,1.00,1.50
2017.02.14 19:37:51.834,1.06474,1.06482,1.00,1.12
2017.02.14 19:37:52.716,1.06473,1.06482,1.00,1.12
2017.02.14 19:38:02.851,1.06474,1.06482,1.00,1.50
2017.02.14 19:38:03.444,1.06475,1.06483,1.00,1.72
2017.02.14 19:38:03.495,1.06473,1.06482,1.00,1.72
2017.02.14 19:38:17.591,1.06475,1.06482,1.00,1.12
2017.02.14 19:38:19.533,1.06474,1.06482,1.31,1.12
2017.02.14 19:38:26.093,1.06475,1.06483,1.00,2.47
2017.02.14 19:38:34.245,1.06474,1.06482,1.00,1.72
2017.02.14 19:38:34.975,1.06473,1.06482,1.31,1.12
2017.02.14 19:38:36.867,1.06474,1.06482,1.00,1.12
2017.02.14 19:38:41.681,1.06475,1.06482,1.00,1.12
2017.02.14 19:38:54.025,1.06478,1.06483,1.00,2.10
2017.02.14 19:38:54.402,1.06478,1.06487,1.00,4.12
2017.02.14 19:38:54.580,1.0648,1.06487,1.00,1.72
2017.02.14 19:38:55.945,1.06478,1.06487,1.00,3.22
2017.02.14 19:38:56.603,1.06479,1.06487,1.00,1.72
2017.02.14 19:38:57.201,1.06478,1.06486,1.00,1.00
2017.02.14 19:38:59.201,1.06479,1.06487,1.00,2.47
2017.02.14 19:38:59.731,1.06479,1.06487,1.00,1.12
2017.02.14 19:39:00.546,1.0648,1.06488,1.00,1.72
2017.02.14 19:39:01.055,1.06479,1.06486,1.00,1.00
2017.02.14 19:39:02.653,1.06479,1.06487,1.00,1.72
2017.02.14 19:39:04.515,1.06477,1.06487,1.00,2.47
2017.02.14 19:39:12.839,1.06478,1.06487,1.00,1.12
2017.02.14 19:39:13.411,1.06477,1.06487,1.00,2.47
2017.02.14 19:39:37.940,1.06477,1.06486,1.00,1.00
2017.02.14 19:39:39.849,1.06476,1.06486,1.12,1.00
2017.02.14 19:39:40.795,1.06477,1.06487,1.00,2.85
2017.02.14 19:39:42.759,1.06477,1.06486,1.00,1.00
2017.02.14 19:39:44.159,1.06477,1.06487,1.00,2.85
2017.02.14 19:39:45.000,1.06476,1.06486,2.62,1.00
2017.02.14 19:39:49.656,1.06477,1.06487,1.50,2.25
2017.02.14 19:39:56.036,1.06477,1.06486,1.00,1.00
2017.02.14 19:40:11.402,1.06477,1.06487,1.00,2.47
2017.02.14 19:40:11.908,1.06478,1.06487,1.31,1.12
2017.02.14 19:40:12.944,1.06477,1.06487,1.31,1.87
2017.02.14 19:40:13.967,1.06476,1.06486,2.81,1.00
2017.02.14 19:40:14.579,1.06476,1.06486,3.56,1.00
2017.02.14 19:40:15.088,1.06476,1.06485,1.25,1.00
2017.02.14 19:40:19.135,1.06476,1.06484,1.25,1.00
2017.02.14 19:40:19.700,1.06475,1.06485,2.44,1.00
2017.02.14 19:40:28.757,1.06475,1.06485,1.12,1.00
2017.02.14 19:40:29.060,1.06476,1.06486,1.69,1.00
2017.02.14 19:40:29.585,1.06476,1.06486,1.87,1.50
2017.02.14 19:40:32.365,1.06476,1.06486,2.44,1.00
2017.02.14 19:40:33.951,1.06476,1.06486,3.19,1.00
2017.02.14 19:40:34.489,1.06476,1.06486,3.94,1.00
2017.02.14 19:40:35.024,1.06476,1.06486,1.87,1.50
2017.02.14 19:40:36.355,1.06478,1.06488,2.06,2.62
2017.02.14 19:40:36.861,1.06478,1.06488,1.87,1.35
2017.02.14 19:40:37.566,1.06478,1.06487,1.87,1.00
2017.02.14 19:40:40.374,1.06478,1.06487,2.44,1.50
2017.02.14 19:40:40.911,1.06477,1.06487,2.25,1.35
2017.02.14 19:40:41.637,1.06477,1.06487,1.12,1.35
2017.02.14 19:40:42.131,1.06476,1.06484,2.62,1.00
2017.02.14 19:40:42.182,1.06477,1.06486,1.25,1.35
2017.02.14 19:40:44.581,1.06477,1.06487,1.12,1.00
2017.02.14 19:40:45.341,1.06477,1.06487,2.81,1.50
2017.02.14 19:40:48.233,1.06477,1.06487,1.50,1.50
2017.02.14 19:40:48.741,1.06477,1.06486,2.81,1.00
2017.02.14 19:40:49.244,1.06477,1.06486,1.50,1.00
2017.02.14 19:40:50.674,1.06478,1.06487,1.00,1.50
2017.02.14 19:40:52.458,1.06477,1.06487,2.25,1.50
2017.02.14 19:40:56.700,1.06477,1.06486,1.00,1.00
2017.02.14 19:41:00.092,1.06477,1.06486,1.56,1.00
2017.02.14 19:41:00.955,1.06477,1.06486,1.00,1.00
2017.02.14 19:41:01.478,1.06477,1.06487,1.50,1.50
2017.02.14 19:41:04.133,1.06477,1.06486,1.00,1.00
2017.02.14 19:41:08.869,1.06476,1.06486,1.87,2.10
2017.02.14 19:41:09.409,1.06475,1.06485,2.25,1.00
2017.02.14 19:41:09.946,1.06476,1.06486,1.87,1.50
2017.02.14 19:41:12.302,1.06478,1.06487,1.00,1.12
2017.02.14 19:41:12.353,1.06476,1.06486,2.81,1.00
2017.02.14 19:41:12.859,1.06477,1.06487,1.12,1.00
2017.02.14 19:41:13.360,1.06477,1.06486,3.19,1.00
2017.02.14 19:41:14.243,1.06477,1.06486,1.71,1.00
2017.02.14 19:41:15.461,1.06477,1.06486,1.50,1.00
2017.02.14 19:41:16.823,1.06477,1.06487,2.25,1.50
2017.02.14 19:41:17.344,1.06477,1.06487,3.00,1.50
2017.02.14 19:41:23.258,1.06477,1.06486,2.25,1.00
2017.02.14 19:41:23.787,1.06478,1.06487,1.12,1.00
2017.02.14 19:41:29.375,1.06478,1.06487,1.34,1.50
2017.02.14 19:41:29.476,1.06478,1.06487,1.34,1.50
2017.02.14 19:41:29.983,1.06478,1.06486,1.34,1.00
2017.02.14 19:41:30.591,1.06478,1.06486,1.34,1.00
2017.02.14 19:41:32.318,1.06477,1.06487,3.21,1.50
2017.02.14 19:41:39.920,1.06477,1.06486,2.25,1.00
2017.02.14 19:41:39.971,1.06477,1.06483,1.00,1.00
2017.02.14 19:41:40.123,1.06473,1.06482,1.75,1.00
2017.02.14 19:41:40.224,1.06473,1.06483,1.87,1.00
2017.02.14 19:41:40.764,1.06473,1.06483,4.31,1.00
2017.02.14 19:41:43.407,1.06474,1.06484,1.87,1.00
2017.02.14 19:41:45.243,1.06475,1.06484,1.00,1.00
2017.02.14 19:41:46.403,1.06475,1.06484,1.56,1.00
2017.02.14 19:41:46.938,1.06476,1.06485,1.00,1.12
2017.02.14 19:41:48.444,1.06475,1.06485,2.25,1.12
2017.02.14 19:42:09.162,1.06475,1.06485,1.50,1.00
2017.02.14 19:42:13.088,1.06474,1.06484,3.00,1.00
2017.02.14 19:42:13.334,1.06473,1.06483,1.50,1.00
2017.02.14 19:42:13.864,1.06473,1.06483,1.12,1.00
2017.02.14 19:42:13.966,1.06475,1.06484,1.00,1.50
2017.02.14 19:42:14.482,1.06474,1.06484,3.56,1.00
2017.02.14 19:42:14.996,1.06474,1.06484,2.25,1.00
2017.02.14 19:42:19.207,1.06475,1.06484,1.69,1.00
2017.02.14 19:42:22.418,1.06475,1.06484,1.87,1.00
2017.02.14 19:42:22.980,1.06475,1.06484,2.44,1.00
2017.02.14 19:42:24.950,1.06474,1.06484,4.31,1.00
2017.02.14 19:42:28.373,1.06475,1.06485,1.12,1.00
2017.02.14 19:42:31.161,1.06476,1.06486,1.00,1.50
2017.02.14 19:42:31.676,1.06475,1.06485,1.12,1.00
2017.02.14 19:42:43.836,1.06475,1.06485,1.37,1.00
2017.02.14 19:42:55.974,1.06475,1.06484,1.50,1.00
2017.02.14 19:42:56.503,1.06475,1.06485,1.50,1.00
2017.02.14 19:43:07.527,1.06476,1.06486,1.12,1.00
2017.02.14 19:43:15.699,1.06477,1.06487,1.00,2.25
2017.02.14 19:43:19.274,1.06476,1.06486,1.69,1.00
2017.02.14 19:43:19.792,1.06475,1.06485,1.50,1.00
2017.02.14 19:43:20.297,1.06476,1.06486,1.12,1.00
2017.02.14 19:43:21.451,1.06475,1.06485,2.25,1.00
2017.02.14 19:43:29.417,1.06476,1.06486,1.12,1.00
2017.02.14 19:43:30.681,1.06476,1.06486,3.56,1.00
2017.02.14 19:43:33.092,1.06477,1.06486,1.25,1.00
2017.02.14 19:43:36.147,1.06477,1.06487,1.69,1.50
2017.02.14 19:43:36.680,1.06476,1.06486,1.87,1.00
2017.02.14 19:43:39.134,1.06476,1.06486,1.50,1.00
2017.02.14 19:43:39.637,1.06475,1.06485,1.50,1.00
2017.02.14 19:43:58.572,1.06474,1.06484,4.87,1.00
2017.02.14 19:43:59.104,1.06475,1.06485,2.25,1.00
2017.02.14 19:44:04.444,1.06476,1.06486,2.62,1.00
2017.02.14 19:44:05.240,1.06478,1.06486,1.00,1.00
2017.02.14 19:44:05.757,1.06477,1.06486,1.12,1.00
2017.02.14 19:44:09.275,1.06476,1.06484,1.50,1.00
2017.02.14 19:44:09.790,1.06475,1.06485,4.87,1.00
2017.02.14 19:44:14.361,1.06477,1.06485,1.00,1.00
2017.02.14 19:44:14.899,1.06476,1.06485,1.87,1.00
2017.02.14 19:44:15.428,1.06476,1.06486,2.62,1.00
2017.02.14 19:44:20.235,1.06477,1.06486,1.00,1.00
2017.02.14 19:44:20.754,1.06476,1.06486,3.37,1.00
2017.02.14 19:44:22.153,1.06477,1.06486,1.00,1.00
2017.02.14 19:44:22.692,1.06476,1.06486,2.62,1.00
2017.02.14 19:44:23.202,1.06476,1.06485,1.12,1.00
2017.02.14 19:44:24.110,1.06477,1.06485,1.00,1.00
2017.02.14 19:44:24.644,1.06476,1.06486,3.56,1.00
2017.02.14 19:44:25.316,1.06477,1.06486,1.00,1.00
2017.02.14 19:44:29.047,1.06476,1.06485,1.31,1.00
2017.02.14 19:44:34.074,1.06476,1.06486,1.87,1.00
2017.02.14 19:44:34.582,1.06476,1.06486,3.94,1.00
2017.02.14 19:44:35.885,1.06477,1.06487,1.12,1.00
2017.02.14 19:44:42.793,1.06476,1.06486,1.87,1.35
2017.02.14 19:44:49.259,1.06476,1.06486,1.12,1.50
2017.02.14 19:44:51.217,1.06477,1.06487,1.00,2.47
2017.02.14 19:44:52.255,1.06476,1.06486,1.12,1.00
2017.02.14 19:44:52.776,1.06477,1.06487,1.00,1.87
2017.02.14 19:44:56.922,1.06475,1.06485,2.62,1.00
2017.02.14 19:44:58.504,1.06476,1.06486,1.12,1.50
2017.02.14 19:45:00.065,1.06475,1.06485,2.25,1.00
2017.02.14 19:45:00.598,1.06476,1.06486,1.12,1.00
2017.02.14 19:45:01.142,1.06475,1.06485,1.50,1.00
2017.02.14 19:45:01.773,1.06476,1.06486,2.62,1.00
2017.02.14 19:45:18.640,1.06477,1.06487,1.00,1.87
2017.02.14 19:45:22.669,1.06476,1.06485,1.12,1.00
2017.02.14 19:45:23.224,1.06476,1.06486,1.12,1.00
2017.02.14 19:45:23.732,1.06474,1.06484,2.25,1.00
2017.02.14 19:45:24.240,1.06475,1.06485,1.12,1.00
2017.02.14 19:45:27.792,1.06474,1.06484,1.50,1.00
2017.02.14 19:45:29.016,1.06475,1.06485,1.69,1.00
2017.02.14 19:45:29.554,1.06475,1.06485,1.12,1.00
2017.02.14 19:45:37.262,1.06474,1.06483,1.50,1.00
2017.02.14 19:45:39.577,1.06473,1.06482,1.87,1.00
2017.02.14 19:45:39.780,1.06473,1.06482,1.50,1.00
2017.02.14 19:45:39.933,1.06476,1.06485,1.00,1.12
2017.02.14 19:45:40.136,1.06478,1.06488,1.31,2.25
2017.02.14 19:45:40.694,1.06477,1.06487,1.12,1.50
2017.02.14 19:45:40.940,1.06476,1.06485,1.37,1.37
2017.02.14 19:45:41.244,1.06473,1.06482,2.25,1.00
2017.02.14 19:45:41.763,1.06473,1.06483,1.87,1.00
2017.02.14 19:45:48.531,1.06474,1.06484,1.00,1.50
2017.02.14 19:45:58.834,1.06477,1.06485,1.00,1.00
2017.02.14 19:46:01.370,1.06476,1.06486,2.62,2.62
2017.02.14 19:46:01.674,1.06475,1.06485,1.12,1.87
2017.02.14 19:46:02.180,1.06476,1.06486,1.50,1.87
2017.02.14 19:46:14.164,1.06476,1.06485,1.00,1.00
2017.02.14 19:46:52.844,1.06475,1.06484,1.25,1.00
2017.02.14 19:46:53.357,1.06474,1.06484,1.12,1.00
2017.02.14 19:47:02.331,1.06475,1.06485,1.00,1.87
2017.02.14 19:47:05.137,1.06473,1.06484,1.50,1.50
2017.02.14 19:47:05.188,1.06473,1.06482,1.50,1.00
2017.02.14 19:47:05.290,1.06471,1.06481,1.50,1.12
2017.02.14 19:47:05.842,1.06472,1.06482,1.00,1.12
2017.02.14 19:47:06.385,1.06473,1.06483,1.00,2.62
2017.02.14 19:47:09.171,1.06473,1.06483,1.00,2.25
2017.02.14 19:47:09.988,1.06472,1.06482,1.12,1.00
2017.02.14 19:47:19.916,1.06473,1.06483,1.00,1.12
2017.02.14 19:47:45.120,1.06473,1.06484,1.12,1.50
2017.02.14 19:47:45.627,1.06474,1.06484,1.87,1.00
2017.02.14 19:47:46.151,1.06474,1.06484,1.87,1.00
2017.02.14 19:47:51.547,1.06474,1.06483,1.69,1.12
2017.02.14 19:47:51.937,1.06473,1.06482,1.00,1.87
2017.02.14 19:47:52.089,1.06471,1.06481,1.50,1.87
2017.02.14 19:47:53.934,1.06471,1.06482,1.50,1.37
2017.02.14 19:47:55.400,1.06471,1.06482,1.87,1.00
2017.02.14 19:47:56.028,1.06471,1.06481,1.37,1.00
2017.02.14 19:47:59.040,1.06471,1.0648,1.37,1.00
2017.02.14 19:48:00.469,1.06471,1.06481,1.87,1.87
2017.02.14 19:48:00.672,1.0647,1.0648,1.12,1.12
2017.02.14 19:48:02.208,1.06469,1.06479,1.50,1.00
2017.02.14 19:48:05.372,1.06469,1.0648,2.25,1.00
2017.02.14 19:48:16.419,1.0647,1.06479,1.25,1.00
2017.02.14 19:48:21.595,1.06469,1.06477,1.31,1.87
2017.02.14 19:48:21.849,1.06467,1.06476,1.25,1.50
2017.02.14 19:48:22.558,1.06466,1.06476,2.44,1.00
2017.02.14 19:48:22.659,1.06467,1.06476,1.25,1.00
2017.02.14 19:48:35.363,1.06466,1.06477,1.50,1.50
2017.02.14 19:48:37.309,1.06467,1.06477,1.37,1.00
2017.02.14 19:48:48.437,1.06468,1.06478,1.50,1.00
2017.02.14 19:48:48.741,1.06468,1.06479,1.87,1.50
2017.02.14 19:48:51.484,1.06468,1.06478,1.87,1.00
2017.02.14 19:48:52.094,1.06468,1.06479,1.87,1.00
2017.02.14 19:48:52.636,1.06468,1.06478,1.37,1.00
2017.02.14 19:48:56.546,1.06468,1.06478,1.87,1.00
2017.02.14 19:49:04.260,1.06468,1.06479,1.50,1.87
2017.02.14 19:49:04.820,1.06469,1.06479,1.00,1.87
2017.02.14 19:49:05.358,1.06467,1.06475,1.87,1.50
2017.02.14 19:49:05.510,1.06466,1.06476,1.87,1.00
2017.02.14 19:49:05.725,1.06469,1.06479,1.12,3.00
2017.02.14 19:49:05.827,1.06469,1.06479,1.12,1.12
2017.02.14 19:49:06.377,1.0647,1.0648,1.12,2.25
2017.02.14 19:49:07.684,1.0647,1.06481,1.50,1.50
2017.02.14 19:49:08.967,1.0647,1.0648,1.12,1.00
2017.02.14 19:49:11.552,1.06469,1.0648,1.50,1.87
2017.02.14 19:49:12.059,1.0647,1.06481,1.00,2.62
2017.02.14 19:49:13.532,1.06469,1.06479,1.87,1.00
2017.02.14 19:49:14.185,1.06469,1.0648,1.50,2.62
2017.02.14 19:49:14.813,1.06469,1.0648,1.50,1.12
2017.02.14 19:49:17.351,1.06469,1.06479,1.87,1.00
2017.02.14 19:49:17.406,1.06471,1.06481,1.12,1.50
2017.02.14 19:49:17.936,1.06472,1.06482,1.00,2.25
2017.02.14 19:49:19.915,1.06472,1.06482,1.00,2.25
2017.02.14 19:49:20.461,1.06473,1.06483,1.00,1.87
2017.02.14 19:49:20.664,1.06474,1.06484,1.12,1.50
2017.02.14 19:49:21.190,1.06474,1.06483,1.12,1.00
2017.02.14 19:49:21.711,1.06474,1.06484,1.12,1.50
2017.02.14 19:49:23.720,1.06473,1.06483,1.50,1.00
2017.02.14 19:49:30.323,1.06472,1.06479,1.12,1.00
2017.02.14 19:49:30.375,1.06469,1.0648,1.87,1.69
2017.02.14 19:49:30.477,1.06469,1.0648,1.50,2.44
2017.02.14 19:49:30.528,1.06469,1.06478,1.00,1.50
2017.02.14 19:49:30.715,1.06467,1.06477,1.12,1.50
2017.02.14 19:49:34.897,1.06467,1.06478,1.50,2.06
2017.02.14 19:49:35.402,1.06468,1.06478,1.12,1.50
2017.02.14 19:49:44.726,1.06468,1.06479,2.25,2.25
2017.02.14 19:49:44.878,1.06469,1.0648,1.87,1.87
2017.02.14 19:49:45.394,1.06469,1.06479,1.12,1.00
2017.02.14 19:49:46.379,1.06469,1.0648,1.12,2.25
2017.02.14 19:49:46.937,1.06469,1.06479,1.12,1.50
2017.02.14 19:49:48.317,1.06468,1.06478,1.50,1.00
2017.02.14 19:49:48.824,1.06468,1.06478,1.12,1.50
2017.02.14 19:49:50.494,1.06467,1.06476,1.50,1.00
2017.02.14 19:49:52.185,1.06467,1.06477,1.87,1.00
2017.02.14 19:49:52.698,1.06466,1.06476,2.25,1.50
2017.02.14 19:49:53.361,1.06466,1.06477,2.25,1.50
2017.02.14 19:49:55.338,1.06466,1.06476,1.37,1.00
2017.02.14 19:50:00.508,1.06466,1.06477,2.25,1.00
2017.02.14 19:50:04.188,1.06466,1.06475,1.50,1.00
2017.02.14 19:50:04.613,1.06465,1.06475,1.00,1.00
2017.02.14 19:50:05.942,1.06465,1.06474,1.00,1.00
2017.02.14 19:50:21.744,1.06463,1.06474,1.50,1.00
2017.02.14 19:50:33.405,1.06462,1.06472,1.12,1.00
2017.02.14 19:50:33.456,1.06463,1.06474,1.50,2.25
2017.02.14 19:50:33.978,1.06463,1.06474,1.12,3.00
2017.02.14 19:50:35.229,1.06464,1.06474,1.00,1.50
2017.02.14 19:50:36.695,1.06463,1.06473,1.12,1.31
2017.02.14 19:50:37.217,1.06462,1.06473,1.12,2.25
2017.02.14 19:50:41.191,1.06462,1.06472,1.12,1.00
2017.02.14 19:50:42.903,1.06462,1.06473,1.12,2.25
2017.02.14 19:50:43.534,1.06463,1.06473,1.00,2.25
2017.02.14 19:50:44.088,1.06463,1.06472,1.00,1.00
2017.02.14 19:50:44.826,1.06462,1.06472,1.12,1.00
2017.02.14 19:50:54.100,1.06462,1.06473,1.12,3.00
2017.02.14 19:50:54.773,1.06462,1.06472,1.12,1.00
2017.02.14 19:50:55.782,1.06462,1.06473,1.12,3.00
2017.02.14 19:50:58.242,1.06462,1.06472,1.12,1.00
2017.02.14 19:50:58.766,1.06462,1.06471,1.00,1.50
2017.02.14 19:51:03.698,1.06462,1.06472,1.12,1.00
2017.02.14 19:51:08.468,1.06463,1.06473,1.00,1.50
2017.02.14 19:51:12.256,1.06464,1.06473,1.00,1.50
2017.02.14 19:51:18.171,1.06464,1.06474,1.00,1.50
2017.02.14 19:51:22.918,1.06464,1.06473,1.00,1.00
2017.02.14 19:51:23.551,1.06464,1.06474,1.00,2.25
2017.02.14 19:51:24.457,1.06464,1.06473,1.00,1.00
2017.02.14 19:51:25.241,1.06464,1.06474,1.00,1.50
2017.02.14 19:51:29.164,1.06464,1.06473,1.00,1.00
2017.02.14 19:51:30.249,1.06464,1.06474,1.00,1.50
2017.02.14 19:51:30.517,1.06468,1.06478,1.00,2.05
2017.02.14 19:51:30.771,1.06466,1.06475,1.12,1.00
2017.02.14 19:51:31.279,1.06466,1.06476,1.12,1.00
2017.02.14 19:51:31.583,1.06468,1.06476,1.00,1.00
2017.02.14 19:51:31.818,1.06466,1.06476,1.12,1.00
2017.02.14 19:51:31.874,1.06464,1.06474,1.75,1.00
2017.02.14 19:51:31.977,1.06464,1.06473,1.12,1.00
2017.02.14 19:51:32.497,1.06464,1.06474,1.12,1.00
2017.02.14 19:51:34.022,1.06466,1.06475,1.00,1.50
2017.02.14 19:51:34.562,1.06466,1.06476,1.00,1.50
2017.02.14 19:51:37.185,1.06467,1.06476,1.00,1.12
2017.02.14 19:51:37.919,1.06466,1.06476,1.12,1.12
2017.02.14 19:51:39.885,1.06467,1.06476,1.00,1.12
2017.02.14 19:51:40.189,1.06468,1.06477,1.37,1.00
2017.02.14 19:51:40.470,1.06467,1.06477,1.12,1.00
2017.02.14 19:51:41.879,1.06467,1.06476,1.12,1.00
2017.02.14 19:51:46.193,1.06465,1.06475,1.50,1.00
2017.02.14 19:51:46.751,1.06465,1.06474,1.50,1.00
2017.02.14 19:51:47.284,1.06465,1.06474,1.12,1.00
2017.02.14 19:51:47.801,1.06465,1.06475,1.12,1.87
2017.02.14 19:51:49.831,1.06465,1.06474,1.12,1.00
2017.02.14 19:51:50.382,1.06465,1.06475,1.50,1.12
2017.02.14 19:51:51.055,1.06465,1.06475,1.12,1.12
2017.02.14 19:51:54.668,1.06467,1.06476,1.00,2.25
2017.02.14 19:51:55.001,1.06469,1.06479,1.00,1.12
2017.02.14 19:51:55.509,1.06469,1.06478,1.00,1.00
2017.02.14 19:51:56.041,1.06469,1.06479,1.00,1.12
2017.02.14 19:51:56.547,1.06469,1.06478,1.12,1.00
2017.02.14 19:51:57.072,1.06468,1.06478,1.12,1.00
2017.02.14 19:51:57.679,1.06469,1.06478,1.00,1.00
2017.02.14 19:51:58.136,1.06467,1.06476,1.12,1.00
2017.02.14 19:51:58.461,1.06465,1.06474,1.75,1.00
2017.02.14 19:51:58.512,1.06464,1.06474,1.37,1.87
2017.02.14 19:51:59.018,1.06464,1.06474,1.00,3.00
2017.02.14 19:52:02.491,1.06465,1.06474,1.00,1.50
2017.02.14 19:52:02.756,1.06466,1.06476,1.00,1.12
2017.02.14 19:52:11.220,1.06466,1.06477,1.50,1.69
2017.02.14 19:52:13.895,1.06468,1.06478,1.00,2.44
2017.02.14 19:52:14.099,1.06469,1.06479,1.00,1.00
2017.02.14 19:52:14.733,1.06469,1.06478,1.00,1.00
2017.02.14 19:52:15.767,1.06469,1.06479,1.00,2.25
2017.02.14 19:52:16.966,1.06468,1.06478,1.12,1.00
2017.02.14 19:52:17.588,1.06469,1.06479,1.00,1.50
2017.02.14 19:52:18.134,1.06468,1.06479,1.12,2.25
2017.02.14 19:52:19.261,1.0647,1.06479,1.00,1.00
2017.02.14 19:52:19.829,1.0647,1.0648,1.12,1.12
2017.02.14 19:52:20.540,1.0647,1.06481,1.12,2.06
2017.02.14 19:52:21.050,1.06471,1.06481,1.12,1.12
2017.02.14 19:52:21.637,1.06471,1.0648,1.12,1.00
2017.02.14 19:52:24.310,1.06471,1.06481,1.12,1.12
2017.02.14 19:52:24.943,1.06471,1.06482,1.50,2.62
2017.02.14 19:52:37.444,1.06472,1.06482,1.12,1.12
2017.02.14 19:52:42.362,1.06473,1.06483,1.00,1.87
2017.02.14 19:52:42.939,1.06472,1.06483,1.50,1.87
2017.02.14 19:52:45.098,1.06474,1.06483,1.00,1.12
2017.02.14 19:52:45.406,1.06476,1.06485,1.12,1.12
2017.02.14 19:52:47.364,1.06475,1.06484,1.00,1.00
2017.02.14 19:52:49.351,1.06475,1.06485,1.00,1.50
2017.02.14 19:52:52.782,1.06474,1.06485,1.12,1.50
2017.02.14 19:52:57.787,1.06476,1.06485,1.00,1.50
2017.02.14 19:52:58.292,1.06475,1.06485,1.00,1.50
2017.02.14 19:53:03.682,1.06474,1.06485,1.12,2.25
2017.02.14 19:53:04.216,1.06473,1.06484,1.50,1.00
2017.02.14 19:53:06.231,1.06474,1.06485,1.12,2.25
2017.02.14 19:53:08.968,1.06475,1.06485,1.00,1.00
2017.02.14 19:53:09.495,1.06475,1.06486,1.50,3.37
2017.02.14 19:53:13.861,1.06476,1.06487,1.12,3.60
2017.02.14 19:53:14.723,1.06476,1.06486,1.50,1.12
2017.02.14 19:53:30.555,1.06478,1.06487,1.00,3.97
2017.02.14 19:53:31.104,1.06477,1.06487,1.12,3.97
2017.02.14 19:53:37.655,1.06478,1.06486,1.00,1.12
2017.02.14 19:53:38.182,1.06476,1.06486,1.50,1.12
2017.02.14 19:53:40.871,1.06478,1.06486,1.00,1.12
2017.02.14 19:53:41.430,1.06479,1.06487,1.00,2.47
2017.02.14 19:53:44.224,1.06478,1.06487,1.00,3.97
2017.02.14 19:53:44.731,1.06478,1.06486,1.00,1.00
2017.02.14 19:53:49.554,1.06476,1.06486,1.50,1.00
2017.02.14 19:53:50.106,1.06476,1.06486,1.12,1.12
2017.02.14 19:53:54.536,1.06474,1.06485,1.75,1.12
2017.02.14 19:53:54.689,1.06474,1.06485,1.50,2.25
2017.02.14 19:53:55.293,1.06474,1.06484,1.12,1.12
2017.02.14 19:53:57.974,1.06473,1.06483,1.50,1.00
2017.02.14 19:53:58.514,1.06473,1.06483,1.12,1.00
2017.02.14 19:53:59.058,1.06473,1.06484,1.12,2.25
2017.02.14 19:54:01.764,1.06473,1.06483,1.12,1.00
2017.02.14 19:54:03.635,1.06474,1.06484,1.00,1.50
2017.02.14 19:54:04.237,1.06473,1.06483,1.12,1.87
2017.02.14 19:54:07.024,1.06472,1.06483,1.12,2.25
2017.02.14 19:54:09.650,1.06474,1.06483,1.00,1.50
2017.02.14 19:54:16.590,1.06474,1.06482,1.00,1.00
2017.02.14 19:54:16.642,1.06472,1.06482,1.12,1.00
2017.02.14 19:54:22.334,1.06472,1.06483,1.12,3.75
2017.02.14 19:54:22.848,1.06472,1.06482,1.00,1.87
2017.02.14 19:54:25.956,1.06472,1.06481,1.00,1.00
2017.02.14 19:54:26.457,1.06473,1.06482,1.00,1.00
2017.02.14 19:54:26.962,1.06472,1.06481,1.00,1.00
2017.02.14 19:54:28.354,1.06472,1.06482,1.00,1.50
2017.02.14 19:54:28.882,1.06473,1.06483,1.00,2.25
2017.02.14 19:54:29.854,1.06471,1.06482,1.50,2.62
2017.02.14 19:54:30.035,1.06471,1.0648,1.50,1.00
2017.02.14 19:54:30.593,1.06471,1.06481,1.12,1.50
2017.02.14 19:54:36.161,1.06473,1.06482,1.00,2.25
2017.02.14 19:54:36.497,1.06472,1.0648,1.00,1.00
2017.02.14 19:54:43.229,1.06472,1.06481,1.00,2.25
2017.02.14 19:54:45.102,1.06472,1.0648,1.00,1.00
2017.02.14 19:54:45.657,1.06472,1.06481,1.00,2.25
2017.02.14 19:54:53.876,1.06471,1.06481,1.00,1.87
2017.02.14 19:54:54.180,1.06473,1.06482,1.00,2.62
2017.02.14 19:54:54.390,1.06471,1.0648,1.00,1.50
2017.02.14 19:54:56.460,1.06471,1.06481,1.00,3.00
2017.02.14 19:54:56.561,1.06473,1.06482,1.00,2.62
2017.02.14 19:54:57.079,1.06472,1.06482,1.00,2.62
2017.02.14 19:54:57.588,1.06473,1.06482,1.00,1.87
2017.02.14 19:55:09.213,1.06473,1.06482,1.00,1.00
2017.02.14 19:55:11.008,1.06469,1.0648,1.75,5.62
2017.02.14 19:55:11.314,1.06467,1.06476,1.00,1.00
2017.02.14 19:55:11.864,1.06468,1.06477,1.00,1.00
2017.02.14 19:55:14.172,1.06467,1.06477,1.00,1.00
2017.02.14 19:55:22.272,1.06467,1.06475,1.00,1.00
2017.02.14 19:55:22.475,1.06466,1.06477,1.12,3.00
2017.02.14 19:55:22.679,1.06465,1.06474,1.50,1.00
2017.02.14 19:55:23.192,1.06466,1.06475,1.00,1.00
2017.02.14 19:55:23.496,1.06464,1.06473,1.50,1.00
2017.02.14 19:55:24.044,1.06464,1.06474,1.00,2.25
2017.02.14 19:55:27.330,1.06465,1.06474,1.00,1.00
2017.02.14 19:55:27.845,1.06464,1.06474,1.12,1.87
2017.02.14 19:55:28.382,1.06465,1.06474,1.00,1.12
2017.02.14 19:55:29.896,1.06466,1.06475,1.00,1.87
2017.02.14 19:55:30.401,1.06465,1.06474,1.00,1.12
2017.02.14 19:55:31.023,1.06464,1.06474,1.00,1.12
2017.02.14 19:55:34.240,1.06464,1.06475,1.87,1.12
2017.02.14 19:55:34.744,1.06466,1.06475,1.00,1.00
2017.02.14 19:55:35.251,1.06464,1.06474,1.50,1.00
2017.02.14 19:55:45.735,1.06465,1.06475,1.12,1.87
2017.02.14 19:55:49.173,1.06465,1.06473,1.12,1.00
2017.02.14 19:55:49.410,1.06462,1.06472,1.37,1.00
2017.02.14 19:55:49.462,1.06468,1.06474,1.00,1.37
2017.02.14 19:55:49.665,1.06469,1.06477,1.00,1.37
2017.02.14 19:55:51.194,1.06469,1.06477,1.00,1.00
2017.02.14 19:55:51.854,1.0647,1.06478,1.00,1.12
2017.02.14 19:55:52.444,1.0647,1.06479,1.00,1.12
2017.02.14 19:55:52.956,1.0647,1.06478,1.00,1.00
2017.02.14 19:55:53.845,1.0647,1.06479,1.00,1.12
2017.02.14 19:55:54.409,1.0647,1.06478,1.00,1.00
2017.02.14 19:55:55.118,1.0647,1.06479,1.00,1.12
2017.02.14 19:55:55.744,1.0647,1.06478,1.00,1.00
2017.02.14 19:56:01.728,1.0647,1.06479,1.00,1.12
2017.02.14 19:56:02.411,1.0647,1.06478,1.00,1.00
2017.02.14 19:56:06.930,1.0647,1.06479,1.00,1.12
2017.02.14 19:56:12.952,1.06468,1.06477,1.50,1.00
2017.02.14 19:56:13.488,1.06468,1.06478,1.50,1.12
2017.02.14 19:56:14.222,1.06468,1.06477,1.50,1.00
2017.02.14 19:56:14.763,1.06468,1.06478,1.50,1.12
2017.02.14 19:56:17.665,1.06469,1.06479,1.12,1.12
2017.02.14 19:56:18.439,1.0647,1.06479,1.00,1.12
2017.02.14 19:56:22.195,1.0647,1.0648,1.00,1.87
2017.02.14 19:56:23.252,1.06471,1.0648,1.00,1.12
2017.02.14 19:56:23.776,1.06472,1.06481,1.00,1.00
2017.02.14 19:56:24.940,1.06472,1.06482,1.00,2.25
2017.02.14 19:56:25.448,1.06472,1.06481,1.00,1.00
2017.02.14 19:56:25.751,1.06468,1.06478,1.87,1.00
2017.02.14 19:56:25.954,1.06468,1.06477,1.37,1.00
2017.02.14 19:56:34.126,1.06466,1.06476,1.87,1.00
2017.02.14 19:56:34.674,1.06466,1.06476,1.75,1.00
2017.02.14 19:56:35.444,1.06465,1.06475,1.12,1.00
2017.02.14 19:56:35.647,1.06464,1.06474,1.50,1.00
2017.02.14 19:56:36.185,1.06463,1.06473,1.87,1.00
2017.02.14 19:56:36.677,1.06462,1.06471,1.75,1.00
2017.02.14 19:56:37.080,1.06462,1.06471,1.12,1.00
2017.02.14 19:56:39.509,1.06461,1.06469,1.37,1.00
2017.02.14 19:56:39.742,1.0646,1.0647,1.12,1.00
2017.02.14 19:56:50.262,1.06461,1.06472,1.00,1.50
2017.02.14 19:56:50.799,1.06461,1.06472,1.50,1.12
2017.02.14 19:56:53.095,1.06461,1.0647,1.00,1.00
2017.02.14 19:56:56.497,1.06461,1.06469,1.00,1.00
2017.02.14 19:56:56.873,1.06463,1.06473,2.62,1.00
2017.02.14 19:56:56.924,1.06462,1.06471,1.75,1.00
2017.02.14 19:56:57.430,1.06462,1.06471,1.50,1.00
2017.02.14 19:57:07.125,1.06462,1.06472,3.00,1.00
2017.02.14 19:57:09.196,1.06463,1.06472,1.37,1.00
2017.02.14 19:57:13.774,1.06463,1.06473,1.37,1.00
2017.02.14 19:57:14.115,1.06462,1.06471,1.75,1.00
2017.02.14 19:57:14.629,1.06462,1.06472,1.37,1.00
2017.02.14 19:57:16.644,1.06461,1.06471,1.50,1.00
2017.02.14 19:57:16.970,1.0646,1.06469,1.12,1.00
2017.02.14 19:57:17.484,1.06461,1.0647,1.50,1.00
2017.02.14 19:57:17.586,1.06461,1.06472,3.37,1.00
2017.02.14 19:57:17.788,1.06463,1.06473,1.75,1.00
2017.02.14 19:57:22.094,1.06464,1.06474,1.50,1.00
2017.02.14 19:57:27.442,1.06463,1.06473,2.44,1.00
2017.02.14 19:57:27.728,1.06463,1.06473,1.12,1.00
2017.02.14 19:57:28.496,1.06463,1.06474,1.12,1.12
2017.02.14 19:57:28.649,1.06465,1.06475,1.00,1.37
2017.02.14 19:57:29.155,1.06464,1.06475,1.50,1.50
2017.02.14 19:57:29.697,1.06464,1.06474,1.50,1.00
2017.02.14 19:57:30.387,1.06462,1.06472,2.25,1.00
2017.02.14 19:57:30.640,1.06462,1.06473,2.25,1.12
2017.02.14 19:57:31.189,1.06462,1.06473,1.87,1.00
2017.02.14 19:57:35.042,1.06466,1.06475,1.00,1.37
2017.02.14 19:57:35.093,1.06463,1.06474,1.87,1.12
2017.02.14 19:57:35.612,1.06463,1.06474,1.87,1.00
2017.02.14 19:57:38.068,1.06463,1.06473,1.37,1.00
2017.02.14 19:57:38.837,1.06462,1.06472,1.12,1.00
2017.02.14 19:57:45.236,1.06462,1.06473,2.25,1.00
2017.02.14 19:57:45.656,1.06462,1.06473,1.12,1.12
2017.02.14 19:57:46.621,1.06463,1.06474,1.12,1.50
2017.02.14 19:57:48.254,1.06463,1.06474,1.50,1.00
2017.02.14 19:57:48.636,1.06462,1.06472,1.87,1.00
2017.02.14 19:57:48.941,1.06461,1.06471,1.87,1.00
2017.02.14 19:57:49.151,1.06462,1.06472,1.87,1.00
2017.02.14 19:57:50.260,1.06462,1.06472,1.12,1.00
2017.02.14 19:57:50.783,1.06462,1.06473,1.12,1.87
2017.02.14 19:57:54.443,1.06462,1.06473,1.87,1.00
2017.02.14 19:57:59.219,1.06464,1.06474,1.00,2.25
2017.02.14 19:57:59.523,1.06461,1.06471,1.75,1.00
2017.02.14 19:57:59.676,1.06461,1.06471,1.00,1.12
2017.02.14 19:58:00.226,1.0646,1.0647,1.12,1.50
2017.02.14 19:58:00.811,1.0646,1.06469,1.12,1.00
2017.02.14 19:58:02.210,1.06462,1.06471,1.00,1.50
2017.02.14 19:58:02.740,1.06463,1.06473,1.00,2.62
2017.02.14 19:58:03.015,1.06461,1.0647,1.00,1.87
2017.02.14 19:58:03.523,1.06462,1.0647,1.00,1.12
2017.02.14 19:58:04.083,1.06461,1.0647,1.00,1.12
2017.02.14 19:58:06.177,1.06461,1.06469,1.12,1.00
2017.02.14 19:58:06.380,1.06463,1.0647,1.00,1.00
2017.02.14 19:58:06.431,1.06463,1.06472,1.00,1.12
2017.02.14 19:58:06.936,1.06463,1.06473,1.00,2.25
2017.02.14 19:58:07.461,1.06463,1.06472,1.00,2.25
2017.02.14 19:58:08.009,1.06463,1.06471,1.00,1.00
2017.02.14 19:58:08.543,1.06463,1.06472,1.00,1.00
2017.02.14 19:58:11.712,1.06462,1.06472,1.00,2.62
2017.02.14 19:58:12.924,1.06463,1.06473,1.00,1.87
2017.02.14 19:58:14.050,1.06462,1.06472,1.00,2.62
2017.02.14 19:58:16.280,1.06465,1.06472,1.00,1.87
2017.02.14 19:58:16.586,1.06467,1.06477,1.00,3.00
2017.02.14 19:58:17.098,1.06466,1.06475,1.00,1.50
2017.02.14 19:58:17.656,1.06465,1.06475,1.50,1.00
2017.02.14 19:58:27.995,1.06466,1.06475,1.00,1.00
2017.02.14 19:58:28.501,1.06465,1.06475,1.12,1.50
2017.02.14 19:58:33.387,1.06463,1.06474,2.62,1.50
2017.02.14 19:58:33.613,1.06462,1.06473,1.12,2.62
2017.02.14 19:58:34.796,1.06462,1.06472,1.12,1.00
2017.02.14 19:58:36.088,1.06463,1.06473,1.00,1.12
2017.02.14 19:58:36.944,1.06463,1.06474,1.12,2.25
2017.02.14 19:58:37.476,1.06463,1.06473,1.12,1.00
2017.02.14 19:58:39.445,1.06463,1.06474,1.12,3.00
2017.02.14 19:58:39.861,1.06463,1.06474,1.87,1.12
2017.02.14 19:58:40.166,1.06469,1.06477,1.12,1.00
2017.02.14 19:58:40.675,1.06469,1.06478,1.12,1.50
2017.02.14 19:58:44.193,1.06468,1.06478,1.87,1.12
2017.02.14 19:58:44.717,1.06469,1.06479,1.00,2.25
2017.02.14 19:58:45.219,1.06469,1.06478,1.00,1.00
2017.02.14 19:58:46.284,1.06469,1.06479,1.00,2.25
2017.02.14 19:58:46.824,1.0647,1.06479,1.00,2.25
2017.02.14 19:58:50.865,1.06471,1.0648,1.00,1.87
2017.02.14 19:58:51.222,1.06471,1.06481,1.00,2.62
2017.02.14 19:58:51.735,1.0647,1.06476,1.00,1.00
2017.02.14 19:58:51.887,1.06463,1.06474,1.75,1.00
2017.02.14 19:58:52.141,1.06468,1.06477,1.00,1.12
2017.02.14 19:58:52.293,1.0647,1.06478,1.00,1.35
2017.02.14 19:58:52.799,1.06469,1.06478,1.00,1.30
2017.02.14 19:58:53.344,1.06469,1.0648,1.00,3.37
2017.02.14 19:58:54.781,1.0647,1.06479,1.00,1.12
2017.02.14 19:58:55.324,1.0647,1.0648,1.00,2.25
2017.02.14 19:58:56.952,1.06468,1.06479,1.50,2.25
2017.02.14 19:58:57.003,1.06467,1.06477,1.87,1.00
2017.02.14 19:58:57.206,1.06467,1.06477,1.00,1.12
2017.02.14 19:58:57.744,1.06468,1.06479,1.00,2.62
2017.02.14 19:58:58.318,1.06468,1.06478,1.12,3.00
2017.02.14 19:58:58.825,1.06468,1.06479,1.12,3.00
2017.02.14 19:58:59.393,1.06468,1.06478,1.12,1.00
2017.02.14 19:58:59.900,1.06469,1.06479,1.00,1.50
2017.02.14 19:59:00.407,1.06469,1.06478,1.00,1.12
2017.02.14 19:59:03.541,1.06467,1.06476,1.12,2.85
2017.02.14 19:59:04.048,1.06467,1.06477,1.00,1.31
2017.02.14 19:59:04.583,1.06466,1.06477,1.12,2.25
2017.02.14 19:59:05.471,1.06465,1.06476,1.50,1.50
2017.02.14 19:59:05.986,1.06465,1.06475,1.12,1.50
2017.02.14 19:59:06.844,1.06465,1.06476,1.50,3.00
2017.02.14 19:59:07.356,1.06466,1.06477,1.12,2.62
2017.02.14 19:59:08.307,1.06466,1.06477,1.12,2.25
2017.02.14 19:59:09.095,1.06465,1.06475,1.50,1.50
2017.02.14 19:59:09.399,1.06468,1.06479,2.85,3.75
2017.02.14 19:59:09.778,1.06468,1.06477,1.72,1.00
2017.02.14 19:59:10.390,1.06468,1.06478,1.12,1.50
2017.02.14 19:59:10.896,1.06468,1.06479,3.22,1.87
2017.02.14 19:59:12.021,1.06468,1.06478,3.00,1.00
2017.02.14 19:59:12.695,1.06468,1.06478,3.60,1.00
2017.02.14 19:59:13.260,1.06469,1.06479,1.00,2.62
2017.02.14 19:59:13.781,1.06468,1.06478,2.25,1.00
2017.02.14 19:59:15.451,1.0647,1.0648,1.00,2.25
2017.02.14 19:59:15.974,1.06469,1.06479,1.00,1.00
2017.02.14 19:59:16.479,1.06469,1.0648,2.25,1.00
2017.02.14 19:59:17.842,1.06468,1.06479,3.37,2.25
2017.02.14 19:59:18.348,1.06469,1.06479,1.12,1.50
2017.02.14 19:59:19.440,1.06468,1.06478,3.00,1.00
2017.02.14 19:59:20.291,1.06469,1.06479,1.12,1.00
2017.02.14 19:59:22.591,1.06468,1.06478,3.60,1.00
2017.02.14 19:59:25.553,1.06468,1.06477,1.37,1.00
2017.02.14 19:59:26.070,1.06468,1.06477,1.12,1.00
2017.02.14 19:59:27.282,1.06468,1.06478,1.87,1.00
2017.02.14 19:59:28.199,1.06467,1.06475,1.50,1.00
2017.02.14 19:59:28.554,1.06466,1.06476,1.00,1.12
2017.02.14 19:59:29.060,1.06465,1.06475,3.00,1.00
2017.02.14 19:59:29.162,1.06467,1.06477,1.87,1.00
2017.02.14 19:59:29.416,1.06467,1.06477,1.75,1.00
2017.02.14 19:59:30.190,1.06467,1.06476,1.12,1.00
2017.02.14 19:59:30.342,1.06464,1.06475,2.25,1.00
2017.02.14 19:59:30.394,1.06464,1.06473,1.50,1.00
2017.02.14 19:59:30.648,1.06463,1.06472,1.12,1.00
2017.02.14 19:59:30.699,1.06468,1.06473,1.00,1.00
2017.02.14 19:59:30.902,1.06469,1.06479,2.47,1.37
2017.02.14 19:59:30.953,1.06469,1.06479,3.60,1.00
2017.02.14 19:59:31.494,1.0647,1.06478,1.00,1.00
2017.02.14 19:59:32.183,1.06469,1.06477,1.37,1.00
2017.02.14 19:59:32.709,1.06468,1.06477,2.25,1.00
2017.02.14 19:59:34.110,1.06467,1.06475,1.75,1.00
2017.02.14 19:59:34.413,1.06465,1.06473,2.25,1.00
2017.02.14 19:59:34.845,1.06465,1.06473,1.12,1.00
2017.02.14 19:59:35.428,1.06465,1.06474,1.12,1.00
2017.02.14 19:59:35.959,1.06464,1.06473,1.50,1.00
2017.02.14 19:59:36.162,1.06462,1.06471,2.25,1.00
2017.02.14 19:59:36.378,1.06462,1.06471,1.00,1.00
2017.02.14 19:59:36.429,1.06463,1.06473,1.00,1.87
2017.02.14 19:59:36.936,1.06464,1.06473,1.00,1.00
2017.02.14 19:59:37.571,1.06463,1.06473,2.81,1.00
2017.02.14 19:59:37.674,1.06463,1.06471,1.87,1.00
2017.02.14 19:59:37.966,1.06461,1.0647,1.12,1.00
2017.02.14 19:59:39.998,1.06464,1.06473,1.12,1.87
2017.02.14 19:59:40.049,1.06462,1.06471,3.19,1.00
2017.02.14 19:59:40.100,1.06463,1.06473,1.35,1.12
2017.02.14 19:59:40.252,1.06464,1.06472,1.37,1.00
2017.02.14 19:59:40.900,1.06463,1.0647,2.06,1.00
2017.02.14 19:59:41.153,1.06462,1.0647,1.37,1.00
2017.02.14 19:59:41.455,1.06461,1.06468,1.12,1.00
2017.02.14 19:59:41.506,1.06461,1.0647,1.12,1.00
2017.02.14 19:59:41.557,1.06461,1.06471,1.50,1.00
2017.02.14 19:59:42.051,1.06461,1.06468,1.00,1.00
2017.02.14 19:59:42.239,1.06461,1.0647,2.44,1.00
2017.02.14 19:59:42.291,1.06464,1.06474,1.87,1.12
2017.02.14 19:59:42.548,1.06463,1.06473,2.44,1.00
2017.02.14 19:59:43.070,1.06464,1.06472,1.00,1.00
2017.02.14 19:59:43.222,1.06464,1.06474,1.50,1.00
2017.02.14 19:59:44.173,1.06463,1.06473,1.87,1.00
2017.02.14 19:59:44.919,1.06463,1.06473,1.12,1.12
2017.02.14 19:59:45.454,1.06462,1.06472,1.50,1.00
2017.02.14 19:59:45.943,1.06461,1.0647,1.37,1.00
2017.02.14 19:59:46.359,1.0646,1.06469,1.00,1.00
2017.02.14 19:59:46.892,1.0646,1.0647,1.50,1.00
2017.02.14 19:59:47.942,1.0646,1.06468,1.50,1.00
2017.02.14 19:59:48.269,1.0646,1.06472,1.72,2.25
2017.02.14 19:59:48.370,1.0646,1.06472,1.87,2.62
2017.02.14 19:59:48.882,1.0646,1.06471,1.37,1.00
2017.02.14 19:59:50.182,1.0646,1.06472,1.37,3.00
2017.02.14 19:59:52.050,1.0646,1.06471,1.37,1.50
2017.02.14 19:59:52.252,1.0646,1.06469,1.67,1.00
2017.02.14 19:59:52.354,1.06458,1.0647,1.30,3.00
2017.02.14 19:59:52.859,1.06458,1.0647,1.67,2.25
2017.02.14 19:59:53.387,1.06458,1.0647,1.35,2.62
2017.02.14 19:59:54.023,1.06458,1.06471,2.47,3.37
2017.02.14 19:59:54.428,1.06458,1.06469,2.47,1.00
2017.02.14 19:59:54.995,1.06459,1.0647,1.37,1.00
2017.02.14 19:59:55.298,1.06458,1.06469,2.10,1.87
2017.02.14 19:59:56.054,1.06458,1.06468,1.12,1.00
2017.02.14 19:59:56.105,1.06461,1.0647,3.60,2.25
2017.02.14 19:59:56.367,1.06464,1.06473,1.00,3.00
2017.02.14 19:59:56.570,1.06462,1.06473,1.30,1.50
2017.02.14 19:59:56.723,1.06464,1.06473,1.00,1.12
2017.02.14 19:59:57.237,1.06461,1.06473,4.35,1.12
2017.02.14 19:59:57.973,1.06462,1.06471,2.85,1.00
2017.02.14 19:59:58.276,1.06461,1.06471,1.12,1.00
2017.02.14 19:59:58.812,1.06462,1.06471,1.00,1.00
2017.02.14 19:59:59.328,1.06461,1.06471,1.12,1.00
2017.02.14 19:59:59.923,1.06462,1.06472,1.00,1.12
