2013.08.22 23:00:11.833,1.23322,1.23342,1.50,1.50
2013.08.22 23:00:17.658,1.23319,1.23345,1.50,3.00
2013.08.22 23:00:18.198,1.23319,1.23345,1.69,2.25
2013.08.22 23:00:18.758,1.23319,1.23345,1.69,1.50
2013.08.22 23:00:18.998,1.23321,1.23344,2.07,1.50
2013.08.22 23:00:19.179,1.23321,1.23345,2.07,1.88
2013.08.22 23:00:19.238,1.23321,1.23347,2.25,3.00
2013.08.22 23:00:20.018,1.23322,1.23346,1.50,1.50
2013.08.22 23:00:20.578,1.23322,1.23347,1.50,2.63
2013.08.22 23:00:20.839,1.23322,1.23347,1.50,3.38
2013.08.22 23:00:24.269,1.23322,1.23347,1.69,2.63
2013.08.22 23:00:24.448,1.23326,1.2335,1.50,2.25
2013.08.22 23:00:24.748,1.23323,1.2335,1.50,1.13
2013.08.22 23:00:25.570,1.23321,1.2335,2.44,2.63
2013.08.22 23:00:45.920,1.23326,1.2335,1.50,1.50
2013.08.22 23:00:45.979,1.23326,1.23353,2.25,2.07
2013.08.22 23:00:46.098,1.23326,1.23353,2.25,1.69
2013.08.22 23:00:46.348,1.23327,1.23353,1.50,1.69
2013.08.22 23:00:50.219,1.23327,1.23355,1.88,3.75
2013.08.22 23:00:50.278,1.23327,1.23353,2.63,1.50
2013.08.22 23:00:50.639,1.23328,1.23354,1.50,1.88
2013.08.22 23:00:50.818,1.23325,1.23353,1.69,1.13
2013.08.22 23:00:56.108,1.23324,1.23352,2.44,1.13
2013.08.22 23:00:56.289,1.23323,1.23351,1.50,1.50
2013.08.22 23:00:56.528,1.23321,1.2335,1.13,2.07
2013.08.22 23:00:56.768,1.2332,1.23346,1.13,1.50
2013.08.22 23:00:58.581,1.23321,1.23348,1.13,1.50
2013.08.22 23:00:58.700,1.23321,1.2335,1.32,2.63
2013.08.22 23:01:44.712,1.23321,1.23349,1.13,2.63
2013.08.22 23:01:45.237,1.23326,1.2335,1.50,1.50
2013.08.22 23:01:58.578,1.23326,1.2335,1.50,2.25
2013.08.22 23:02:06.298,1.23321,1.2335,2.82,1.50
2013.08.22 23:02:17.838,1.23321,1.2335,1.13,1.69
2013.08.22 23:02:27.282,1.23321,1.23349,1.13,1.50
2013.08.22 23:03:27.596,1.23321,1.2335,1.13,1.13
2013.08.22 23:03:43.448,1.23321,1.23355,1.13,3.75
2013.08.22 23:03:48.440,1.23321,1.23349,1.13,1.13
2013.08.22 23:03:48.799,1.23319,1.23348,1.50,3.19
2013.08.22 23:03:51.359,1.23319,1.23346,2.25,1.69
2013.08.22 23:04:00.908,1.23319,1.23347,2.25,1.69
2013.08.22 23:04:01.089,1.2332,1.23346,1.13,1.69
2013.08.22 23:04:19.879,1.2332,1.23344,1.13,1.50
2013.08.22 23:04:19.999,1.2332,1.23344,1.13,1.50
2013.08.22 23:04:20.119,1.2332,1.23348,1.13,2.25
2013.08.22 23:04:20.658,1.23321,1.23346,1.13,1.50
2013.08.22 23:04:32.018,1.2332,1.23346,1.13,1.50
2013.08.22 23:04:32.738,1.23321,1.23346,1.13,1.69
2013.08.22 23:05:06.238,1.2332,1.23346,1.13,1.69
2013.08.22 23:05:46.589,1.2332,1.23347,1.13,1.32
2013.08.22 23:05:47.009,1.23321,1.23347,1.13,1.13
2013.08.22 23:05:47.248,1.2332,1.23347,1.13,1.13
2013.08.22 23:05:47.943,1.23321,1.23348,1.13,1.69
2013.08.22 23:05:48.211,1.23321,1.23348,1.13,1.69
2013.08.22 23:05:48.446,1.23321,1.23348,1.13,1.69
2013.08.22 23:06:07.501,1.23321,1.23346,1.13,1.32
2013.08.22 23:06:08.059,1.2332,1.23345,1.13,2.07
2013.08.22 23:06:09.629,1.2332,1.23345,1.13,2.07
2013.08.22 23:06:10.271,1.2332,1.23345,1.13,2.07
2013.08.22 23:06:32.218,1.2332,1.23344,1.13,1.13
2013.08.22 23:07:32.221,1.23319,1.23346,1.13,1.50
2013.08.22 23:07:34.463,1.23319,1.2335,1.13,2.70
2013.08.22 23:07:37.049,1.23319,1.23346,1.13,1.50
2013.08.22 23:07:39.238,1.23319,1.2335,1.13,2.70
2013.08.22 23:07:40.240,1.23319,1.23346,1.13,1.50
2013.08.22 23:07:41.628,1.23319,1.23349,1.13,1.02
2013.08.22 23:07:42.408,1.23319,1.23346,1.13,1.50
2013.08.22 23:07:46.868,1.23319,1.23346,1.13,1.69
2013.08.22 23:07:52.038,1.23319,1.23348,1.13,1.69
2013.08.22 23:08:11.552,1.23319,1.23347,1.13,1.69
2013.08.22 23:08:12.394,1.23319,1.23346,1.13,1.69
2013.08.22 23:08:15.398,1.23319,1.23349,1.13,1.50
2013.08.22 23:08:27.679,1.23319,1.23343,1.13,3.19
2013.08.22 23:08:28.159,1.2332,1.23339,1.13,2.82
2013.08.22 23:08:28.519,1.2332,1.2334,1.13,2.82
2013.08.22 23:08:28.699,1.2332,1.2334,1.13,1.88
2013.08.22 23:08:29.719,1.2332,1.2334,1.13,2.63
2013.08.22 23:08:34.201,1.2332,1.2334,1.50,2.63
2013.08.22 23:08:35.100,1.2332,1.2334,1.13,2.63
2013.08.22 23:08:36.151,1.2332,1.2334,1.13,1.88
2013.08.22 23:08:36.211,1.2332,1.2334,1.13,2.82
2013.08.22 23:08:38.502,1.2332,1.2334,1.13,1.88
2013.08.22 23:08:51.844,1.2332,1.2334,1.13,2.07
2013.08.22 23:09:00.729,1.2332,1.2334,1.13,1.13
2013.08.22 23:09:01.773,1.23321,1.23342,1.13,1.13
2013.08.22 23:09:01.840,1.23321,1.23343,1.13,1.13
2013.08.22 23:09:02.380,1.23321,1.23345,1.13,1.24
2013.08.22 23:09:03.899,1.23321,1.23343,1.13,1.50
2013.08.22 23:09:04.199,1.23321,1.23343,1.13,1.50
2013.08.22 23:09:04.782,1.23321,1.23343,1.13,1.69
2013.08.22 23:09:07.279,1.23321,1.23342,1.13,2.07
2013.08.22 23:09:08.279,1.23321,1.23342,1.13,2.07
2013.08.22 23:09:09.589,1.23321,1.23342,1.13,2.07
2013.08.22 23:09:15.840,1.23321,1.23342,1.13,1.69
2013.08.22 23:09:18.210,1.23321,1.23342,1.13,1.69
2013.08.22 23:09:33.733,1.23321,1.23342,1.13,1.50
2013.08.22 23:10:07.242,1.23319,1.23344,1.13,1.69
2013.08.22 23:10:11.178,1.23319,1.23344,1.88,1.50
2013.08.22 23:10:36.339,1.23321,1.23342,1.13,1.50
2013.08.22 23:10:36.871,1.23321,1.23341,2.44,1.50
2013.08.22 23:10:37.049,1.23323,1.23343,1.69,1.50
2013.08.22 23:10:46.829,1.23321,1.23341,2.63,1.50
2013.08.22 23:10:51.530,1.23323,1.23343,1.50,1.50
2013.08.22 23:11:00.320,1.23323,1.23342,1.50,1.50
2013.08.22 23:11:00.440,1.23321,1.23339,1.13,1.50
2013.08.22 23:11:01.251,1.23321,1.2334,1.88,1.50
2013.08.22 23:11:01.310,1.23323,1.23342,1.50,1.50
2013.08.22 23:11:01.611,1.23324,1.23344,1.50,1.50
2013.08.22 23:11:04.010,1.23324,1.23344,1.50,2.07
2013.08.22 23:11:04.130,1.23322,1.23341,1.50,1.50
2013.08.22 23:11:43.630,1.23323,1.23341,1.50,1.50
2013.08.22 23:11:44.169,1.23323,1.23342,1.50,1.50
2013.08.22 23:11:44.290,1.23321,1.23339,1.13,1.50
2013.08.22 23:12:00.131,1.23321,1.23338,1.13,1.50
2013.08.22 23:12:00.571,1.23321,1.23336,1.13,1.50
2013.08.22 23:12:01.089,1.23321,1.23335,1.13,1.50
2013.08.22 23:12:02.660,1.23321,1.23336,1.13,1.50
2013.08.22 23:12:03.200,1.23321,1.23337,1.13,1.50
2013.08.22 23:12:25.190,1.23321,1.23337,1.13,1.50
2013.08.22 23:12:45.685,1.23322,1.23341,1.50,1.50
2013.08.22 23:13:45.968,1.23321,1.23345,1.13,1.50
2013.08.22 23:13:49.290,1.23319,1.23346,1.13,1.50
2013.08.22 23:14:09.670,1.23322,1.23342,1.50,1.88
2013.08.22 23:14:12.402,1.2332,1.23339,1.13,1.50
2013.08.22 23:14:32.650,1.23321,1.23339,1.13,1.50
2013.08.22 23:14:43.160,1.23319,1.23338,1.50,1.50
2013.08.22 23:15:20.929,1.23319,1.23338,1.50,1.69
2013.08.22 23:18:46.020,1.23316,1.23337,1.13,1.13
2013.08.22 23:18:46.080,1.23311,1.23337,1.50,1.13
2013.08.22 23:18:46.140,1.23313,1.23332,1.50,1.50
2013.08.22 23:19:27.151,1.23311,1.23333,1.50,2.25
2013.08.22 23:19:27.211,1.2331,1.2333,1.50,1.50
2013.08.22 23:19:45.000,1.23311,1.23333,1.50,1.50
2013.08.22 23:19:45.060,1.23314,1.23334,1.50,1.50
2013.08.22 23:20:05.759,1.23313,1.23333,1.50,2.25
2013.08.22 23:20:07.830,1.23313,1.23332,1.50,1.50
2013.08.22 23:20:07.951,1.2331,1.23329,1.50,1.50
2013.08.22 23:20:08.490,1.2331,1.23326,1.50,1.13
2013.08.22 23:20:10.252,1.23308,1.23326,2.25,1.88
2013.08.22 23:20:14.130,1.23308,1.23325,1.50,1.50
2013.08.22 23:20:30.760,1.23308,1.23326,2.25,2.63
2013.08.22 23:20:31.341,1.23308,1.23326,2.25,1.88
2013.08.22 23:21:24.631,1.23309,1.23329,3.00,2.25
2013.08.22 23:21:44.620,1.2331,1.23329,1.50,1.50
2013.08.22 23:21:52.482,1.2331,1.23329,1.69,1.50
2013.08.22 23:21:54.021,1.23311,1.2333,1.50,1.50
2013.08.22 23:22:25.860,1.23309,1.23328,3.00,1.50
2013.08.22 23:22:35.761,1.23309,1.23328,3.00,1.50
2013.08.22 23:22:36.001,1.23309,1.23326,1.50,1.50
2013.08.22 23:22:38.277,1.23308,1.23324,1.50,1.50
2013.08.22 23:22:50.912,1.23309,1.23324,2.25,1.50
2013.08.22 23:22:51.336,1.23309,1.23328,3.00,1.50
2013.08.22 23:22:51.423,1.23309,1.23328,2.25,1.50
2013.08.22 23:23:22.561,1.23309,1.23328,3.00,1.50
2013.08.22 23:23:31.698,1.2331,1.23329,2.44,1.50
2013.08.22 23:23:32.081,1.23309,1.23328,2.25,1.50
2013.08.22 23:23:32.412,1.23311,1.23329,1.50,1.50
2013.08.22 23:23:33.654,1.23311,1.2333,2.25,1.50
2013.08.22 23:23:33.965,1.23314,1.23334,3.00,2.25
2013.08.22 23:23:34.153,1.23314,1.23334,2.25,2.25
2013.08.22 23:23:34.214,1.23317,1.23335,1.50,1.50
2013.08.22 23:23:34.737,1.23316,1.23336,2.25,1.50
2013.08.22 23:23:38.232,1.23317,1.23336,1.50,2.25
2013.08.22 23:23:39.791,1.23316,1.23333,1.50,1.50
2013.08.22 23:23:52.651,1.23315,1.23333,1.50,2.25
2013.08.22 23:23:53.211,1.23313,1.23332,1.50,1.50
2013.08.22 23:23:55.491,1.23313,1.23331,1.50,1.50
2013.08.22 23:23:55.552,1.23312,1.23329,2.25,1.50
2013.08.22 23:23:56.222,1.23311,1.23329,1.50,2.25
2013.08.22 23:23:56.701,1.23309,1.23328,3.00,1.50
2013.08.22 23:23:57.061,1.23309,1.23326,2.25,1.50
2013.08.22 23:24:14.364,1.23309,1.23324,1.50,1.50
2013.08.22 23:24:14.911,1.23309,1.23324,2.25,1.50
2013.08.22 23:24:20.775,1.23308,1.23322,1.50,1.50
2013.08.22 23:24:21.023,1.23309,1.23325,1.88,1.50
2013.08.22 23:24:21.084,1.23309,1.23327,1.88,1.50
2013.08.22 23:24:21.261,1.23309,1.23326,1.50,1.50
2013.08.22 23:24:44.073,1.23307,1.23324,1.13,2.25
2013.08.22 23:24:44.192,1.23308,1.23325,2.25,1.50
2013.08.22 23:24:47.271,1.23308,1.23324,1.50,2.25
2013.08.22 23:24:47.392,1.23308,1.23324,1.50,1.50
2013.08.22 23:24:56.182,1.23309,1.23327,1.50,1.50
2013.08.22 23:24:56.241,1.2331,1.23329,1.50,2.25
2013.08.22 23:24:59.971,1.2331,1.23329,1.88,1.50
2013.08.22 23:25:07.131,1.23312,1.23331,1.50,2.25
2013.08.22 23:25:07.495,1.23312,1.23331,1.50,1.50
2013.08.22 23:25:08.631,1.23312,1.23331,1.50,1.50
2013.08.22 23:25:08.811,1.23314,1.23333,1.50,1.50
2013.08.22 23:25:28.760,1.23315,1.23334,1.50,1.50
2013.08.22 23:25:28.882,1.23315,1.23333,1.50,1.50
2013.08.22 23:25:28.946,1.23315,1.23333,1.50,1.50
2013.08.22 23:25:29.071,1.23315,1.23334,1.50,2.25
2013.08.22 23:25:29.131,1.23315,1.23334,1.50,1.50
2013.08.22 23:25:29.430,1.23317,1.23336,1.50,1.50
2013.08.22 23:25:37.740,1.23317,1.23336,1.50,2.25
2013.08.22 23:25:38.951,1.23317,1.23336,1.50,1.50
2013.08.22 23:25:39.311,1.23317,1.23336,1.50,2.25
2013.08.22 23:25:39.971,1.23317,1.23336,1.50,1.50
2013.08.22 23:25:49.670,1.23318,1.23337,1.50,2.25
2013.08.22 23:25:53.410,1.23318,1.23337,1.50,2.25
2013.08.22 23:26:00.244,1.23318,1.23337,1.50,1.50
2013.08.22 23:26:05.741,1.23318,1.23337,1.50,2.25
2013.08.22 23:26:42.870,1.23319,1.23337,1.50,1.50
2013.08.22 23:26:43.050,1.2332,1.23339,1.50,1.50
2013.08.22 23:26:43.481,1.2332,1.23339,1.50,2.25
2013.08.22 23:26:43.661,1.23321,1.23341,1.50,1.50
2013.08.22 23:26:43.720,1.23322,1.23341,1.50,1.50
2013.08.22 23:26:43.900,1.23322,1.23341,1.50,2.63
2013.08.22 23:27:12.352,1.23322,1.23341,1.50,1.88
2013.08.22 23:27:18.031,1.23322,1.23341,1.50,2.63
2013.08.22 23:27:24.311,1.23326,1.23341,1.50,1.13
2013.08.22 23:27:24.432,1.23326,1.23344,1.50,1.13
2013.08.22 23:27:24.491,1.23326,1.23344,1.50,1.88
2013.08.22 23:27:32.562,1.23325,1.23342,1.50,1.88
2013.08.22 23:28:03.431,1.23325,1.23342,1.50,1.13
2013.08.22 23:28:09.898,1.23325,1.23342,1.50,1.13
2013.08.22 23:29:06.893,1.23324,1.23343,1.50,1.13
2013.08.22 23:29:07.437,1.23322,1.23342,1.50,2.25
2013.08.22 23:29:07.504,1.23322,1.23341,1.50,1.50
2013.08.22 23:29:11.502,1.23322,1.23341,1.50,1.88
2013.08.22 23:29:11.562,1.23322,1.23338,1.50,1.13
2013.08.22 23:29:12.096,1.23321,1.23336,1.69,1.13
2013.08.22 23:29:19.311,1.23321,1.23336,1.69,1.50
2013.08.22 23:29:19.784,1.23319,1.23333,2.07,1.13
2013.08.22 23:29:30.792,1.23321,1.23333,1.32,1.13
2013.08.22 23:29:35.692,1.23323,1.23334,1.32,1.13
2013.08.22 23:29:36.940,1.23323,1.23334,1.32,1.13
2013.08.22 23:29:37.891,1.23323,1.23337,1.32,1.50
2013.08.22 23:29:38.012,1.23323,1.2334,1.32,1.50
2013.08.22 23:29:38.071,1.23323,1.23341,2.07,1.13
2013.08.22 23:29:47.632,1.23325,1.23341,1.69,1.13
2013.08.22 23:29:48.051,1.23326,1.23344,1.32,2.63
2013.08.22 23:29:49.101,1.23326,1.23346,1.50,2.25
2013.08.22 23:29:49.161,1.23327,1.23346,1.50,2.25
2013.08.22 23:29:55.841,1.23327,1.23346,1.50,1.50
2013.08.22 23:29:55.961,1.23329,1.23348,1.50,2.25
2013.08.22 23:30:02.321,1.23331,1.23348,1.88,1.50
2013.08.22 23:30:08.554,1.23331,1.23349,1.88,1.50
2013.08.22 23:30:17.801,1.23333,1.23351,2.63,1.50
2013.08.22 23:30:23.862,1.23333,1.2335,1.88,2.25
2013.08.22 23:30:25.311,1.23333,1.2335,1.88,2.25
2013.08.22 23:30:25.862,1.23333,1.2335,1.88,1.50
2013.08.22 23:30:33.811,1.23333,1.2335,1.13,1.50
2013.08.22 23:30:33.994,1.23328,1.23346,1.50,1.88
2013.08.22 23:31:22.377,1.23328,1.23345,1.50,1.50
2013.08.22 23:31:27.582,1.23328,1.23343,1.50,1.13
2013.08.22 23:31:33.653,1.23327,1.2334,1.69,1.50
2013.08.22 23:31:34.213,1.23323,1.23338,2.07,1.13
2013.08.22 23:31:43.502,1.23323,1.23338,2.07,1.13
2013.08.22 23:31:51.142,1.23323,1.23337,2.07,1.50
2013.08.22 23:31:51.922,1.23321,1.23335,1.32,1.13
2013.08.22 23:31:51.982,1.23321,1.23335,1.32,1.13
2013.08.22 23:32:09.652,1.23322,1.23338,1.32,1.50
2013.08.22 23:32:09.772,1.23322,1.23339,1.69,1.50
2013.08.22 23:32:09.832,1.23322,1.23341,2.44,2.25
2013.08.22 23:32:13.413,1.23323,1.23341,1.69,2.25
2013.08.22 23:32:14.832,1.23322,1.23341,2.82,2.25
2013.08.22 23:32:16.293,1.23323,1.23341,1.32,2.25
2013.08.22 23:32:16.352,1.23323,1.23341,1.69,2.25
2013.08.22 23:32:16.472,1.23325,1.23343,1.69,2.25
2013.08.22 23:32:17.722,1.23324,1.23343,1.69,2.25
2013.08.22 23:32:31.423,1.23323,1.23342,2.25,1.50
2013.08.22 23:32:33.952,1.23322,1.23341,1.50,2.25
2013.08.22 23:32:38.553,1.23321,1.2334,2.25,1.50
2013.08.22 23:32:42.052,1.23321,1.23339,2.25,1.69
2013.08.22 23:32:55.572,1.23322,1.2334,1.50,1.69
2013.08.22 23:33:08.813,1.23323,1.23341,1.50,2.44
2013.08.22 23:33:08.873,1.23324,1.23341,1.50,1.32
2013.08.22 23:33:08.932,1.23325,1.23344,1.69,1.50
2013.08.22 23:33:09.053,1.23326,1.23344,1.50,1.50
2013.08.22 23:33:09.172,1.2333,1.23348,1.50,1.13
2013.08.22 23:33:09.712,1.23333,1.23351,1.50,1.88
2013.08.22 23:33:31.232,1.23332,1.23348,1.50,1.13
2013.08.22 23:33:31.592,1.2333,1.23348,2.25,1.13
2013.08.22 23:33:35.444,1.23328,1.23346,1.50,1.13
2013.08.22 23:33:35.683,1.23326,1.23345,1.50,1.50
2013.08.22 23:33:35.803,1.23327,1.23345,1.50,1.50
2013.08.22 23:33:35.922,1.23328,1.23347,1.50,1.50
2013.08.22 23:33:47.143,1.23328,1.23346,1.50,1.13
2013.08.22 23:33:54.722,1.23327,1.23345,1.50,1.50
2013.08.22 23:33:55.223,1.23326,1.23345,1.50,1.50
2013.08.22 23:34:02.961,1.23326,1.23345,1.50,1.50
2013.08.22 23:34:04.469,1.23325,1.23343,1.50,1.50
2013.08.22 23:34:04.998,1.23324,1.23343,1.50,1.50
2013.08.22 23:34:11.342,1.23324,1.23343,1.50,1.50
2013.08.22 23:34:11.703,1.23322,1.23341,1.50,1.50
2013.08.22 23:34:12.293,1.23322,1.23341,2.25,1.50
2013.08.22 23:34:17.612,1.23323,1.23342,1.50,2.25
2013.08.22 23:34:21.052,1.23325,1.23344,1.50,2.25
2013.08.22 23:34:21.582,1.23326,1.23345,2.25,1.50
2013.08.22 23:34:41.610,1.23326,1.23344,1.50,1.50
2013.08.22 23:34:44.211,1.23326,1.23344,1.50,1.50
2013.08.22 23:35:05.872,1.23329,1.23347,1.50,2.25
2013.08.22 23:35:06.430,1.23329,1.23347,1.50,1.50
2013.08.22 23:35:10.033,1.23329,1.23348,1.50,1.50
2013.08.22 23:35:11.442,1.23331,1.23349,1.50,1.50
2013.08.22 23:35:13.592,1.23334,1.23351,1.50,2.25
2013.08.22 23:35:13.992,1.23336,1.23353,1.88,1.50
2013.08.22 23:35:21.932,1.23334,1.23352,1.13,2.25
2013.08.22 23:35:22.052,1.23333,1.23352,2.25,1.50
2013.08.22 23:35:22.173,1.23331,1.23348,1.50,1.88
2013.08.22 23:35:40.883,1.23329,1.23348,1.50,1.88
2013.08.22 23:35:41.004,1.23328,1.23346,1.50,1.50
2013.08.22 23:35:45.732,1.23328,1.23347,1.50,2.25
2013.08.22 23:35:52.913,1.23328,1.23346,1.50,1.88
2013.08.22 23:36:05.046,1.23326,1.23345,1.50,1.50
2013.08.22 23:36:05.113,1.23326,1.23344,1.50,1.50
2013.08.22 23:36:47.555,1.23326,1.23345,1.50,2.25
2013.08.22 23:36:51.683,1.23325,1.23344,2.25,1.50
2013.08.22 23:36:54.183,1.23326,1.23345,1.50,2.25
2013.08.22 23:36:54.664,1.23324,1.23343,1.50,1.50
2013.08.22 23:37:10.062,1.23326,1.23345,1.50,2.25
2013.08.22 23:37:13.452,1.23325,1.23345,1.50,2.25
2013.08.22 23:37:13.692,1.23324,1.23343,1.50,2.25
2013.08.22 23:37:17.924,1.23323,1.23342,2.25,1.50
2013.08.22 23:37:18.464,1.23324,1.23342,1.50,1.50
2013.08.22 23:37:18.987,1.23324,1.23343,1.50,2.25
2013.08.22 23:37:32.242,1.23322,1.23341,1.50,1.50
2013.08.22 23:37:40.873,1.23322,1.23341,1.50,2.25
2013.08.22 23:37:52.663,1.23323,1.23341,1.50,2.25
2013.08.22 23:38:04.263,1.23323,1.23342,1.50,1.50
2013.08.22 23:38:04.502,1.23325,1.23343,1.50,1.50
2013.08.22 23:38:07.339,1.23324,1.23343,1.50,1.50
2013.08.22 23:38:07.405,1.23321,1.2334,2.25,1.50
2013.08.22 23:38:08.595,1.23321,1.23339,1.50,1.50
2013.08.22 23:38:19.243,1.2332,1.23339,1.50,1.50
2013.08.22 23:38:21.102,1.23322,1.23341,1.50,2.25
2013.08.22 23:38:21.342,1.2332,1.23338,1.50,1.50
2013.08.22 23:38:27.302,1.23321,1.2334,2.25,1.50
2013.08.22 23:38:34.972,1.2332,1.23339,1.50,2.25
2013.08.22 23:38:39.783,1.23321,1.2334,2.25,1.50
2013.08.22 23:38:40.323,1.2332,1.23339,1.50,2.25
2013.08.22 23:38:44.719,1.23317,1.23336,2.25,1.50
2013.08.22 23:38:45.085,1.23316,1.23334,1.50,1.50
2013.08.22 23:38:45.204,1.23313,1.23332,2.25,1.50
2013.08.22 23:38:45.563,1.23314,1.23333,1.50,1.50
2013.08.22 23:39:00.713,1.23314,1.23333,1.50,1.50
2013.08.22 23:39:00.773,1.23314,1.23333,1.50,1.50
2013.08.22 23:39:05.372,1.23313,1.23332,1.50,1.50
2013.08.22 23:39:05.432,1.23313,1.23332,1.50,2.25
2013.08.22 23:39:12.683,1.23313,1.23331,1.50,1.50
2013.08.22 23:39:12.745,1.23312,1.23331,1.50,1.50
2013.08.22 23:39:12.923,1.23311,1.23329,1.13,1.50
2013.08.22 23:39:13.103,1.23311,1.2333,1.13,1.50
2013.08.22 23:39:13.583,1.23315,1.23333,1.50,2.25
2013.08.22 23:39:13.763,1.23317,1.23334,1.50,1.50
2013.08.22 23:39:13.882,1.23317,1.23336,1.69,1.50
2013.08.22 23:39:13.942,1.23316,1.23336,1.69,1.50
2013.08.22 23:39:14.003,1.2332,1.23339,1.50,1.50
2013.08.22 23:39:14.363,1.23327,1.23347,1.50,1.50
2013.08.22 23:39:14.422,1.23327,1.23348,1.50,1.50
2013.08.22 23:39:14.782,1.23335,1.23354,1.50,1.50
2013.08.22 23:39:14.842,1.23335,1.23355,1.50,1.50
2013.08.22 23:39:14.902,1.23333,1.23355,1.50,1.50
2013.08.22 23:39:14.963,1.23332,1.23352,1.50,1.50
2013.08.22 23:39:18.575,1.23329,1.23349,1.50,1.50
2013.08.22 23:39:19.422,1.23331,1.23351,1.50,1.88
2013.08.22 23:39:24.793,1.23333,1.23353,1.50,1.50
2013.08.22 23:39:25.152,1.23335,1.23355,1.50,1.50
2013.08.22 23:39:29.432,1.23334,1.23355,1.50,1.88
2013.08.22 23:39:29.793,1.23332,1.23353,1.50,1.50
2013.08.22 23:39:30.332,1.23331,1.23351,1.50,1.50
2013.08.22 23:39:37.863,1.23333,1.23353,1.50,1.50
2013.08.22 23:39:40.553,1.23334,1.23355,1.50,1.50
2013.08.22 23:39:40.613,1.23335,1.23355,1.50,1.50
2013.08.22 23:39:52.303,1.23335,1.23354,1.50,1.13
2013.08.22 23:40:02.154,1.23335,1.23355,1.50,1.50
2013.08.22 23:40:08.394,1.23334,1.23355,1.50,1.50
2013.08.22 23:40:08.712,1.23336,1.23356,1.50,1.50
2013.08.22 23:40:09.013,1.23333,1.23352,1.13,1.50
2013.08.22 23:40:09.323,1.23334,1.23354,1.88,1.50
2013.08.22 23:40:10.732,1.23332,1.23351,1.13,1.50
2013.08.22 23:40:10.792,1.23331,1.23351,1.88,1.50
2013.08.22 23:40:12.712,1.2333,1.23349,1.13,1.50
2013.08.22 23:40:13.072,1.23328,1.23347,2.63,1.50
2013.08.22 23:40:13.312,1.23328,1.23347,2.25,1.50
2013.08.22 23:40:19.052,1.23329,1.23347,1.50,1.50
2013.08.22 23:40:19.233,1.23333,1.23351,1.50,1.50
2013.08.22 23:40:24.953,1.23333,1.2335,2.07,1.50
2013.08.22 23:40:25.134,1.23327,1.23341,2.25,2.25
2013.08.22 23:40:25.193,1.23327,1.23343,1.50,1.50
2013.08.22 23:40:25.312,1.23327,1.23346,2.25,1.50
2013.08.22 23:40:32.462,1.23327,1.23346,2.25,1.50
2013.08.22 23:40:45.482,1.23327,1.23345,1.50,2.25
2013.08.22 23:40:52.194,1.23328,1.23347,1.50,2.82
2013.08.22 23:40:52.255,1.23328,1.23347,1.88,2.63
2013.08.22 23:40:52.793,1.2333,1.23347,1.50,3.19
2013.08.22 23:40:53.411,1.23328,1.23345,1.88,1.50
2013.08.22 23:40:54.645,1.23327,1.23345,1.13,3.38
2013.08.22 23:40:59.143,1.23325,1.23344,1.50,1.50
2013.08.22 23:40:59.262,1.2332,1.2334,1.50,1.50
2013.08.22 23:40:59.322,1.23318,1.23338,1.50,1.50
2013.08.22 23:41:10.393,1.23317,1.23338,1.50,1.50
2013.08.22 23:41:11.118,1.23316,1.23336,1.50,1.50
2013.08.22 23:41:20.463,1.23313,1.23333,2.25,1.50
2013.08.22 23:41:20.823,1.23315,1.23335,1.50,1.50
2013.08.22 23:41:21.183,1.2332,1.23339,1.50,1.50
2013.08.22 23:41:21.363,1.23318,1.23338,1.50,1.50
2013.08.22 23:41:21.603,1.23317,1.23338,1.50,1.50
2013.08.22 23:41:21.786,1.23319,1.23339,1.50,1.50
2013.08.22 23:41:23.332,1.23317,1.23337,1.50,1.50
2013.08.22 23:41:25.553,1.23316,1.23337,1.50,1.50
2013.08.22 23:41:25.793,1.23314,1.23333,1.50,1.50
2013.08.22 23:41:26.334,1.23312,1.23332,2.25,1.50
2013.08.22 23:41:26.883,1.23312,1.23331,1.50,1.50
2013.08.22 23:41:27.733,1.23312,1.23331,1.50,1.50
2013.08.22 23:41:27.853,1.23314,1.23333,1.88,1.50
2013.08.22 23:41:27.914,1.23314,1.23333,1.88,1.50
2013.08.22 23:41:28.093,1.23316,1.23335,1.50,1.50
2013.08.22 23:41:28.153,1.23318,1.23337,1.50,2.25
2013.08.22 23:41:28.453,1.2332,1.2334,2.25,2.25
2013.08.22 23:41:28.813,1.23321,1.2334,1.50,1.50
2013.08.22 23:41:28.933,1.2332,1.2334,2.25,2.25
2013.08.22 23:41:33.683,1.23319,1.23338,1.50,1.50
2013.08.22 23:41:34.300,1.23321,1.23339,1.50,1.50
2013.08.22 23:41:39.543,1.2332,1.23339,2.25,1.50
2013.08.22 23:41:40.083,1.23319,1.23337,1.50,1.50
2013.08.22 23:41:53.974,1.23319,1.23337,1.50,2.25
2013.08.22 23:41:54.516,1.23317,1.23336,1.50,1.50
2013.08.22 23:41:54.694,1.23317,1.23335,1.50,1.50
2013.08.22 23:41:55.173,1.23315,1.23334,1.50,1.50
2013.08.22 23:41:59.203,1.23315,1.23334,1.50,1.50
2013.08.22 23:42:00.973,1.23317,1.23336,1.50,1.50
2013.08.22 23:42:09.493,1.23317,1.23336,1.50,1.50
2013.08.22 23:42:18.443,1.23317,1.23336,1.50,1.50
2013.08.22 23:42:18.624,1.23319,1.23337,1.50,1.50
2013.08.22 23:42:18.928,1.23321,1.23339,1.50,2.25
2013.08.22 23:42:19.586,1.23319,1.23338,1.50,1.50
2013.08.22 23:42:21.773,1.23321,1.23339,1.50,2.25
2013.08.22 23:42:21.954,1.23321,1.2334,1.50,1.50
2013.08.22 23:42:22.133,1.23321,1.2334,1.50,1.50
2013.08.22 23:42:23.745,1.23321,1.23339,1.50,1.50
2013.08.22 23:42:31.375,1.23323,1.2334,1.50,1.50
2013.08.22 23:42:31.435,1.23323,1.23342,1.50,1.50
2013.08.22 23:42:31.554,1.23323,1.23341,1.50,1.50
2013.08.22 23:42:34.264,1.23323,1.23342,1.50,1.50
2013.08.22 23:42:38.393,1.23323,1.23341,1.50,1.50
2013.08.22 23:42:40.061,1.23321,1.2334,1.50,2.25
2013.08.22 23:42:40.253,1.23321,1.23339,1.50,1.50
2013.08.22 23:42:42.387,1.23321,1.2334,1.50,2.25
2013.08.22 23:42:42.696,1.23319,1.23338,1.50,1.50
2013.08.22 23:42:42.884,1.23323,1.2334,1.13,1.50
2013.08.22 23:42:43.063,1.23321,1.2334,1.13,1.50
2013.08.22 23:42:43.245,1.23321,1.23339,1.13,1.50
2013.08.22 23:42:43.426,1.23319,1.23337,1.50,1.50
2013.08.22 23:42:43.616,1.23319,1.23338,1.50,1.50
2013.08.22 23:42:43.803,1.23319,1.23337,1.50,1.50
2013.08.22 23:42:43.983,1.23319,1.23338,1.50,1.50
2013.08.22 23:42:55.264,1.23321,1.23339,1.50,1.50
2013.08.22 23:42:55.981,1.23321,1.2334,1.50,2.25
2013.08.22 23:43:01.063,1.2332,1.23339,1.50,2.25
2013.08.22 23:43:01.423,1.23321,1.23339,1.50,2.25
2013.08.22 23:43:01.992,1.23321,1.23339,1.50,1.50
2013.08.22 23:43:10.504,1.23321,1.2334,1.50,2.25
2013.08.22 23:43:23.603,1.23321,1.23339,1.50,2.25
2013.08.22 23:43:23.723,1.23321,1.23339,1.50,1.88
2013.08.22 23:43:30.413,1.2332,1.2334,1.50,1.50
2013.08.22 23:43:30.953,1.23321,1.23339,1.50,1.50
2013.08.22 23:43:31.313,1.23321,1.2334,1.50,1.50
2013.08.22 23:43:32.664,1.23321,1.23339,1.50,1.50
2013.08.22 23:43:41.143,1.2332,1.2334,1.50,1.88
2013.08.22 23:43:41.382,1.23319,1.23337,1.50,1.50
2013.08.22 23:43:41.503,1.23316,1.23335,1.50,2.25
2013.08.22 23:43:41.623,1.23315,1.23335,1.50,2.25
2013.08.22 23:43:41.802,1.23316,1.23335,1.50,2.25
2013.08.22 23:43:41.862,1.23316,1.23335,1.50,2.25
2013.08.22 23:43:43.662,1.23316,1.23335,1.50,1.50
2013.08.22 23:43:52.896,1.23317,1.23335,1.50,1.50
2013.08.22 23:43:53.073,1.23318,1.23337,1.50,1.50
2013.08.22 23:43:54.453,1.23317,1.23335,1.50,1.50
2013.08.22 23:43:56.285,1.23317,1.23335,2.25,1.50
2013.08.22 23:43:56.843,1.23318,1.23337,1.50,1.50
2013.08.22 23:43:58.743,1.23318,1.23337,1.50,1.50
2013.08.22 23:43:58.923,1.2332,1.23339,1.50,1.50
2013.08.22 23:43:59.224,1.2332,1.23339,1.50,1.50
2013.08.22 23:44:06.975,1.23319,1.23337,1.50,1.50
2013.08.22 23:44:07.524,1.23318,1.23337,1.50,1.50
2013.08.22 23:44:20.945,1.23319,1.23337,1.13,1.50
2013.08.22 23:44:21.244,1.23321,1.23338,1.13,1.50
2013.08.22 23:44:21.363,1.23321,1.23338,1.13,1.50
2013.08.22 23:44:21.424,1.23321,1.2334,1.88,1.50
2013.08.22 23:44:21.484,1.23323,1.23341,1.50,1.50
2013.08.22 23:44:21.783,1.23324,1.23343,1.50,1.50
2013.08.22 23:44:22.218,1.23325,1.23344,1.50,1.50
2013.08.22 23:44:42.403,1.23326,1.23345,1.50,2.25
2013.08.22 23:44:52.174,1.23336,1.23346,1.13,1.50
2013.08.22 23:44:52.294,1.23342,1.23357,4.32,3.38
2013.08.22 23:44:52.354,1.23346,1.23357,1.32,1.13
2013.08.22 23:44:52.414,1.23347,1.23359,1.13,1.32
2013.08.22 23:44:52.473,1.23347,1.23361,1.13,1.50
2013.08.22 23:44:52.592,1.23349,1.23365,1.13,1.09
2013.08.22 23:44:53.133,1.23347,1.23366,1.50,1.65
2013.08.22 23:44:53.254,1.23348,1.23365,1.50,1.65
2013.08.22 23:44:53.848,1.23347,1.23363,2.25,1.50
2013.08.22 23:44:55.253,1.23347,1.23361,2.25,1.32
2013.08.22 23:45:00.733,1.23347,1.23364,1.50,3.19
2013.08.22 23:45:01.300,1.23347,1.23364,1.50,3.19
2013.08.22 23:45:06.965,1.23347,1.23363,1.50,1.13
2013.08.22 23:45:07.084,1.23347,1.23364,1.50,3.27
2013.08.22 23:45:07.143,1.23347,1.23361,1.50,1.13
2013.08.22 23:45:07.443,1.23345,1.23361,2.25,1.50
2013.08.22 23:45:07.686,1.23345,1.23361,1.50,1.50
2013.08.22 23:45:08.054,1.23344,1.23361,3.00,1.69
2013.08.22 23:45:10.053,1.23343,1.2336,6.00,1.69
2013.08.22 23:45:10.113,1.23345,1.23363,1.50,3.00
2013.08.22 23:45:13.698,1.23346,1.23365,2.25,1.65
2013.08.22 23:45:14.644,1.23346,1.23363,1.50,2.07
2013.08.22 23:45:14.704,1.23343,1.23361,5.25,1.69
2013.08.22 23:45:14.823,1.23337,1.23356,2.25,1.13
2013.08.22 23:45:15.373,1.23337,1.23357,2.25,2.25
2013.08.22 23:45:16.744,1.23337,1.23356,1.50,1.50
2013.08.22 23:45:18.623,1.23335,1.23355,2.25,2.25
2013.08.22 23:45:18.863,1.23337,1.23356,1.50,1.50
2013.08.22 23:45:20.063,1.23335,1.23354,1.50,1.50
2013.08.22 23:45:20.483,1.23333,1.23353,2.25,2.25
2013.08.22 23:45:20.543,1.23333,1.23352,1.50,1.50
2013.08.22 23:45:22.144,1.23331,1.2335,1.50,1.50
2013.08.22 23:45:22.686,1.23333,1.23352,1.50,1.50
2013.08.22 23:45:23.286,1.23332,1.23352,1.50,2.25
2013.08.22 23:45:23.403,1.23332,1.23351,1.50,1.50
2013.08.22 23:45:27.566,1.23344,1.2335,1.50,1.50
2013.08.22 23:45:28.023,1.23346,1.23352,1.50,1.50
2013.08.22 23:45:28.103,1.23333,1.23353,1.50,1.50
2013.08.22 23:45:28.165,1.23332,1.23352,1.50,2.25
2013.08.22 23:45:28.224,1.23332,1.23351,1.50,1.50
2013.08.22 23:45:34.154,1.23331,1.23352,1.50,1.50
2013.08.22 23:45:34.696,1.23333,1.23352,1.50,1.50
2013.08.22 23:45:42.334,1.23332,1.23351,1.50,1.50
2013.08.22 23:45:44.484,1.23333,1.23352,1.50,1.50
2013.08.22 23:45:49.944,1.23334,1.23355,1.50,1.50
2013.08.22 23:45:50.004,1.23335,1.23355,1.50,1.50
2013.08.22 23:45:55.656,1.23333,1.23353,1.50,1.50
2013.08.22 23:46:11.444,1.23329,1.23349,1.50,1.50
2013.08.22 23:46:11.804,1.23325,1.23345,1.50,1.50
2013.08.22 23:46:14.448,1.23323,1.23343,1.50,1.50
2013.08.22 23:46:55.650,1.23322,1.23342,1.50,1.50
2013.08.22 23:46:59.574,1.23321,1.2334,1.50,1.50
2013.08.22 23:46:59.904,1.23322,1.23342,1.13,1.50
2013.08.22 23:46:59.964,1.23323,1.23342,1.13,1.50
2013.08.22 23:47:02.303,1.23321,1.23342,1.50,1.50
2013.08.22 23:47:02.805,1.2332,1.2334,1.50,1.50
2013.08.22 23:47:27.134,1.23319,1.2334,1.50,1.50
2013.08.22 23:47:27.674,1.23318,1.23338,1.50,1.50
2013.08.22 23:47:30.965,1.23316,1.23338,1.50,2.25
2013.08.22 23:47:31.024,1.23315,1.23335,1.50,1.50
2013.08.22 23:47:31.528,1.23314,1.23335,1.88,1.50
2013.08.22 23:47:31.904,1.23314,1.23337,1.88,1.50
2013.08.22 23:47:31.965,1.23317,1.23337,1.50,1.50
2013.08.22 23:47:35.536,1.23318,1.23337,1.50,1.50
2013.08.22 23:47:35.894,1.23332,1.23342,1.50,2.25
2013.08.22 23:47:35.954,1.23332,1.23348,1.50,1.13
2013.08.22 23:47:36.014,1.23332,1.2335,2.25,1.50
2013.08.22 23:47:36.134,1.23332,1.2335,3.19,1.50
2013.08.22 23:47:36.194,1.23335,1.23355,1.69,1.50
2013.08.22 23:47:36.493,1.23337,1.23357,1.50,1.50
2013.08.22 23:47:36.914,1.23335,1.23355,2.25,1.50
2013.08.22 23:47:57.684,1.23336,1.23356,1.50,1.50
2013.08.22 23:48:18.926,1.23334,1.23355,1.50,2.25
2013.08.22 23:48:18.984,1.23334,1.23354,1.50,1.50
2013.08.22 23:48:19.224,1.23333,1.23352,1.50,1.50
2013.08.22 23:48:19.525,1.2333,1.2335,1.50,1.50
2013.08.22 23:48:19.895,1.23329,1.23348,1.88,1.50
2013.08.22 23:48:20.197,1.23335,1.23353,1.50,1.50
2013.08.22 23:48:20.622,1.23336,1.23356,1.50,1.50
2013.08.22 23:48:20.688,1.23336,1.23357,1.50,1.50
2013.08.22 23:48:20.934,1.2334,1.2336,1.50,1.50
2013.08.22 23:48:21.595,1.23341,1.2336,1.13,1.50
2013.08.22 23:48:21.835,1.23346,1.23366,1.50,1.50
2013.08.22 23:48:23.187,1.23348,1.23368,1.50,1.50
2013.08.22 23:48:24.365,1.23346,1.23366,1.50,1.50
2013.08.22 23:48:26.975,1.23344,1.23364,1.50,1.50
2013.08.22 23:48:27.286,1.23346,1.23366,1.50,1.50
2013.08.22 23:48:30.534,1.23348,1.23368,1.50,1.50
2013.08.22 23:48:31.086,1.23346,1.23366,1.50,1.50
2013.08.22 23:48:38.154,1.23344,1.23363,1.50,1.50
2013.08.22 23:48:38.754,1.23343,1.23363,1.50,1.50
2013.08.22 23:48:47.589,1.23345,1.23365,1.50,1.50
2013.08.22 23:48:49.584,1.23344,1.23365,1.50,1.50
2013.08.22 23:48:50.124,1.23343,1.23363,1.50,1.50
2013.08.22 23:48:52.404,1.23341,1.23361,1.50,1.50
2013.08.22 23:48:57.135,1.23343,1.23363,1.50,1.50
2013.08.22 23:48:57.495,1.23341,1.23361,1.50,1.50
2013.08.22 23:48:58.226,1.23343,1.23363,1.50,1.50
2013.08.22 23:49:03.274,1.23341,1.23361,1.50,1.50
2013.08.22 23:49:03.634,1.23344,1.23364,1.50,1.50
2013.08.22 23:49:04.974,1.23344,1.23364,1.13,1.50
2013.08.22 23:49:05.274,1.23345,1.23365,1.50,1.50
2013.08.22 23:49:05.335,1.23344,1.23365,1.50,1.50
2013.08.22 23:49:05.574,1.23345,1.23365,1.50,1.50
2013.08.22 23:49:09.114,1.23344,1.23364,1.50,1.13
2013.08.22 23:49:09.235,1.23339,1.23359,1.88,1.50
2013.08.22 23:49:09.474,1.23338,1.23357,1.50,1.50
2013.08.22 23:49:09.987,1.23337,1.23357,1.50,1.50
2013.08.22 23:49:29.788,1.23338,1.23358,1.50,1.50
2013.08.22 23:49:31.173,1.2334,1.2336,1.50,1.50
2013.08.22 23:49:31.715,1.23338,1.23358,1.50,1.50
2013.08.22 23:49:32.516,1.23339,1.23363,1.50,3.75
2013.08.22 23:49:32.586,1.23343,1.23363,1.50,1.50
2013.08.22 23:49:37.364,1.23345,1.23365,1.50,1.50
2013.08.22 23:49:46.595,1.23346,1.23365,2.25,1.50
2013.08.22 23:49:46.776,1.23347,1.23367,1.50,1.50
2013.08.22 23:49:46.895,1.2335,1.23369,1.50,1.50
2013.08.22 23:49:47.075,1.23345,1.23365,1.50,1.50
2013.08.22 23:49:47.494,1.23343,1.23363,1.50,1.50
2013.08.22 23:49:57.735,1.2334,1.2336,1.50,2.25
2013.08.22 23:49:58.094,1.23335,1.23355,1.50,1.50
2013.08.22 23:49:59.493,1.23333,1.23353,1.50,1.50
2013.08.22 23:50:00.324,1.23333,1.23352,1.50,1.50
2013.08.22 23:50:00.504,1.23329,1.23349,1.50,1.50
2013.08.22 23:50:00.864,1.23327,1.23347,1.50,1.50
2013.08.22 23:50:03.574,1.23327,1.23346,1.50,1.50
2013.08.22 23:50:03.754,1.23324,1.23344,1.50,1.50
2013.08.22 23:50:04.474,1.23325,1.23344,1.50,1.50
2013.08.22 23:50:05.545,1.23325,1.23344,1.50,1.50
2013.08.22 23:50:05.724,1.23327,1.23346,1.50,1.50
2013.08.22 23:50:05.784,1.23328,1.23348,1.50,1.50
2013.08.22 23:50:05.904,1.2333,1.2335,1.50,1.50
2013.08.22 23:50:05.964,1.23331,1.2335,1.50,1.50
2013.08.22 23:50:07.814,1.2333,1.2335,1.50,1.50
2013.08.22 23:50:08.691,1.23328,1.23347,1.50,1.13
2013.08.22 23:50:08.997,1.2333,1.23349,1.50,1.13
2013.08.22 23:50:09.424,1.23331,1.23349,1.50,1.13
2013.08.22 23:50:10.677,1.23333,1.23352,1.50,1.50
2013.08.22 23:50:11.345,1.23331,1.2335,1.50,1.50
2013.08.22 23:50:11.464,1.2333,1.2335,1.50,1.50
2013.08.22 23:50:11.524,1.23329,1.23348,1.50,1.50
2013.08.22 23:50:11.884,1.23331,1.23351,1.50,1.50
2013.08.22 23:50:12.424,1.2333,1.23351,1.50,1.50
2013.08.22 23:50:13.002,1.23329,1.23349,1.50,1.50
2013.08.22 23:50:13.304,1.2333,1.23349,1.50,1.50
2013.08.22 23:50:13.484,1.23331,1.23351,1.50,1.50
2013.08.22 23:50:13.668,1.23332,1.23351,1.50,1.50
2013.08.22 23:50:16.785,1.23332,1.23351,1.50,1.50
2013.08.22 23:50:16.904,1.23334,1.23353,1.50,1.50
2013.08.22 23:50:22.320,1.23334,1.23352,1.50,1.50
2013.08.22 23:50:22.445,1.23333,1.2335,1.50,1.13
2013.08.22 23:50:34.664,1.2333,1.23349,1.50,1.50
2013.08.22 23:50:34.918,1.2333,1.2335,1.50,3.38
2013.08.22 23:50:36.665,1.23329,1.23348,1.50,1.50
2013.08.22 23:50:37.026,1.23333,1.23352,1.50,1.50
2013.08.22 23:50:38.824,1.23333,1.23352,1.50,1.50
2013.08.22 23:50:38.945,1.23335,1.23354,1.50,1.50
2013.08.22 23:50:39.546,1.23335,1.23354,1.50,1.50
2013.08.22 23:50:48.750,1.23335,1.23354,1.50,1.50
2013.08.22 23:50:49.054,1.23348,1.23359,1.13,1.50
2013.08.22 23:50:49.114,1.23342,1.23359,1.50,1.50
2013.08.22 23:50:49.174,1.23342,1.23363,1.50,1.13
2013.08.22 23:50:49.235,1.23345,1.23364,1.50,1.13
2013.08.22 23:50:49.414,1.23347,1.23366,1.50,1.13
2013.08.22 23:50:49.594,1.23347,1.23367,1.50,1.50
2013.08.22 23:50:49.654,1.23348,1.23367,1.13,1.50
2013.08.22 23:50:49.894,1.2335,1.23369,1.13,1.50
2013.08.22 23:50:50.074,1.23351,1.23371,1.50,1.50
2013.08.22 23:50:50.914,1.23352,1.23373,1.50,1.50
2013.08.22 23:50:50.975,1.23353,1.23373,1.50,1.50
2013.08.22 23:50:56.024,1.23352,1.23373,1.50,1.50
2013.08.22 23:50:56.772,1.23352,1.23371,1.50,1.50
2013.08.22 23:50:57.985,1.23353,1.23371,1.13,1.50
2013.08.22 23:50:58.345,1.23353,1.23373,1.88,1.50
2013.08.22 23:51:00.874,1.23352,1.23373,1.50,1.50
2013.08.22 23:51:01.054,1.23349,1.23369,1.50,1.50
2013.08.22 23:51:02.528,1.23346,1.23365,1.50,1.50
2013.08.22 23:51:02.837,1.23344,1.23363,1.50,1.50
2013.08.22 23:51:02.897,1.23344,1.23363,1.50,1.50
2013.08.22 23:51:02.968,1.23346,1.23365,1.13,1.50
2013.08.22 23:51:03.156,1.23346,1.23364,1.13,1.50
2013.08.22 23:51:03.456,1.2334,1.2336,1.50,1.50
2013.08.22 23:51:04.316,1.23346,1.2336,1.13,1.50
2013.08.22 23:51:04.554,1.23348,1.23366,1.88,1.50
2013.08.22 23:51:07.494,1.23348,1.23368,2.63,1.50
2013.08.22 23:51:07.615,1.23349,1.23368,1.50,1.50
2013.08.22 23:51:07.794,1.23351,1.2337,1.50,1.50
2013.08.22 23:51:09.114,1.23348,1.23369,1.50,1.50
2013.08.22 23:51:09.174,1.23348,1.23368,1.50,1.50
2013.08.22 23:51:15.895,1.23348,1.23367,1.50,1.50
2013.08.22 23:51:16.014,1.23346,1.23366,2.25,2.25
2013.08.22 23:51:16.195,1.23345,1.23366,1.50,1.50
2013.08.22 23:51:16.434,1.23342,1.23362,1.50,1.50
2013.08.22 23:51:19.095,1.23342,1.2336,1.50,1.50
2013.08.22 23:51:19.214,1.2334,1.2336,1.50,2.25
2013.08.22 23:51:19.275,1.23339,1.23359,1.88,1.50
2013.08.22 23:51:19.455,1.23339,1.23359,1.13,1.50
2013.08.22 23:51:20.085,1.23343,1.23361,1.13,1.50
2013.08.22 23:51:20.264,1.23347,1.23366,1.50,1.50
2013.08.22 23:51:27.414,1.23344,1.23365,1.50,1.50
2013.08.22 23:51:27.474,1.23344,1.23364,1.50,1.50
2013.08.22 23:51:47.654,1.23343,1.23363,1.50,1.50
2013.08.22 23:52:02.229,1.23344,1.23363,1.50,1.50
2013.08.22 23:52:02.538,1.23346,1.23365,1.13,1.50
2013.08.22 23:52:04.076,1.23343,1.23363,1.50,1.50
2013.08.22 23:52:04.556,1.23341,1.23361,1.50,1.50
2013.08.22 23:52:05.754,1.23343,1.23363,1.50,1.50
2013.08.22 23:52:36.704,1.23344,1.23363,1.32,1.50
2013.08.22 23:52:37.304,1.23346,1.23366,2.63,1.50
2013.08.22 23:52:37.425,1.23348,1.23368,1.50,1.50
2013.08.22 23:52:38.864,1.23349,1.23368,1.50,1.50
2013.08.22 23:52:39.460,1.23349,1.23368,1.13,1.50
2013.08.22 23:52:40.174,1.23348,1.23368,1.50,1.50
2013.08.22 23:52:42.847,1.23347,1.23368,2.25,1.50
2013.08.22 23:52:43.532,1.23347,1.23366,1.50,1.50
2013.08.22 23:52:48.754,1.23347,1.23366,1.50,1.50
2013.08.22 23:52:49.114,1.23349,1.23368,1.50,1.50
2013.08.22 23:52:49.234,1.23348,1.23368,1.50,1.50
2013.08.22 23:52:51.964,1.23349,1.23368,1.50,1.50
2013.08.22 23:52:52.204,1.23348,1.23368,1.50,1.50
2013.08.22 23:52:52.324,1.23348,1.23368,1.50,1.50
2013.08.22 23:52:52.684,1.23349,1.23368,1.50,1.50
2013.08.22 23:52:52.744,1.23348,1.23368,1.50,1.50
2013.08.22 23:52:52.864,1.23347,1.23368,1.50,1.50
2013.08.22 23:52:53.164,1.23348,1.23368,1.50,1.50
2013.08.22 23:52:53.704,1.23349,1.23368,1.50,1.50
2013.08.22 23:52:53.764,1.23348,1.23368,1.50,1.50
2013.08.22 23:52:54.184,1.23349,1.23368,1.50,1.50
2013.08.22 23:52:54.304,1.23348,1.23368,1.50,1.50
2013.08.22 23:52:54.544,1.23349,1.23368,1.50,1.50
2013.08.22 23:52:54.724,1.23348,1.23368,1.50,1.50
2013.08.22 23:52:54.844,1.23348,1.23368,1.50,1.50
2013.08.22 23:52:55.145,1.23347,1.23366,1.50,1.50
2013.08.22 23:52:55.204,1.23347,1.23366,1.50,1.50
2013.08.22 23:52:55.265,1.23347,1.23366,1.50,1.50
2013.08.22 23:52:55.624,1.23347,1.23366,1.50,1.50
2013.08.22 23:52:55.804,1.23346,1.23366,1.88,1.50
2013.08.22 23:52:55.984,1.23347,1.23366,1.50,1.50
2013.08.22 23:53:00.684,1.2335,1.2337,1.50,1.50
2013.08.22 23:53:00.744,1.23351,1.2337,1.50,1.50
2013.08.22 23:53:00.804,1.2335,1.2337,1.50,1.50
2013.08.22 23:53:01.047,1.23348,1.23368,2.25,1.50
2013.08.22 23:53:01.404,1.23346,1.23366,2.63,1.50
2013.08.22 23:53:02.185,1.23347,1.23366,1.50,1.50
2013.08.22 23:53:02.246,1.23346,1.23366,1.50,1.50
2013.08.22 23:53:02.724,1.23347,1.23366,1.50,1.50
2013.08.22 23:53:02.784,1.23346,1.23366,1.88,1.50
2013.08.22 23:53:03.144,1.23347,1.23366,1.50,1.50
2013.08.22 23:53:03.204,1.23346,1.23366,1.88,1.50
2013.08.22 23:53:04.086,1.23345,1.23364,1.13,1.50
2013.08.22 23:53:04.505,1.23346,1.23366,1.88,1.50
2013.08.22 23:53:05.025,1.23348,1.23366,1.88,1.50
2013.08.22 23:53:05.205,1.23349,1.23369,2.25,1.50
2013.08.22 23:53:06.915,1.23349,1.23369,1.50,1.50
2013.08.22 23:53:07.394,1.2335,1.23369,1.50,1.50
2013.08.22 23:53:09.685,1.23349,1.23369,1.50,1.50
2013.08.22 23:53:15.915,1.23347,1.23367,1.50,1.50
2013.08.22 23:53:16.037,1.23343,1.23366,1.50,2.25
2013.08.22 23:53:16.156,1.23339,1.23359,1.50,1.50
2013.08.22 23:53:16.337,1.2334,1.23359,1.50,1.50
2013.08.22 23:53:16.525,1.23344,1.23364,1.50,1.50
2013.08.22 23:53:27.095,1.23345,1.23366,2.25,1.50
2013.08.22 23:53:27.275,1.23344,1.23362,1.50,1.50
2013.08.22 23:53:27.454,1.23342,1.23361,1.50,1.50
2013.08.22 23:53:27.635,1.23344,1.23363,1.50,1.50
2013.08.22 23:53:27.994,1.23348,1.23367,1.13,1.50
2013.08.22 23:53:28.054,1.2335,1.23367,1.13,1.50
2013.08.22 23:53:28.174,1.2335,1.23369,2.63,1.88
2013.08.22 23:53:28.716,1.23349,1.23369,2.25,1.88
2013.08.22 23:53:33.864,1.2335,1.23369,1.50,1.13
2013.08.22 23:53:34.613,1.23351,1.2337,1.50,1.13
2013.08.22 23:53:35.345,1.2335,1.23369,1.50,1.13
2013.08.22 23:53:35.885,1.23349,1.23369,2.25,1.88
2013.08.22 23:53:37.916,1.23348,1.23369,1.50,1.50
2013.08.22 23:53:38.465,1.23348,1.23367,1.13,1.50
2013.08.22 23:53:38.886,1.2335,1.23368,2.25,1.50
2013.08.22 23:53:39.006,1.23356,1.23374,1.13,1.50
2013.08.22 23:53:39.066,1.23356,1.23375,1.13,1.50
2013.08.22 23:53:39.124,1.23355,1.23375,1.88,1.50
2013.08.22 23:53:39.305,1.23355,1.23375,1.13,1.50
2013.08.22 23:53:41.714,1.23353,1.23373,1.50,1.50
2013.08.22 23:53:55.185,1.23351,1.23372,1.50,1.50
2013.08.22 23:53:55.245,1.23351,1.23371,1.50,1.50
2013.08.22 23:54:03.195,1.23353,1.23373,1.13,1.50
2013.08.22 23:54:03.256,1.23353,1.23373,1.50,1.50
2013.08.22 23:54:03.317,1.23353,1.23374,1.50,1.50
2013.08.22 23:54:03.855,1.23355,1.23375,1.50,1.50
2013.08.22 23:54:05.237,1.23353,1.23374,1.50,1.50
2013.08.22 23:54:05.426,1.23353,1.23373,1.50,1.50
2013.08.22 23:54:09.795,1.23354,1.23374,1.13,1.50
2013.08.22 23:54:10.336,1.23355,1.23375,1.50,1.50
2013.08.22 23:54:32.895,1.23354,1.23373,1.13,1.50
2013.08.22 23:54:34.890,1.23354,1.23375,1.88,1.50
2013.08.22 23:54:34.954,1.23355,1.23375,1.50,1.50
2013.08.22 23:55:02.005,1.23353,1.23374,1.50,1.50
2013.08.22 23:55:02.125,1.23353,1.23373,1.50,1.50
2013.08.22 23:55:02.185,1.2335,1.2337,1.50,1.50
2013.08.22 23:55:02.545,1.23346,1.23366,1.50,1.50
2013.08.22 23:55:14.804,1.23344,1.23364,1.50,1.50
2013.08.22 23:55:19.484,1.23343,1.23364,1.50,1.50
2013.08.22 23:55:19.785,1.23338,1.23358,1.50,1.50
2013.08.22 23:55:40.574,1.23338,1.23358,1.50,1.50
2013.08.22 23:56:01.675,1.23337,1.23357,1.88,1.50
2013.08.22 23:56:03.546,1.23339,1.23358,1.32,1.50
2013.08.22 23:56:03.665,1.2334,1.2336,1.88,1.50
2013.08.22 23:56:23.684,1.23341,1.23361,1.50,1.50
2013.08.22 23:56:25.535,1.23341,1.23362,1.50,1.50
2013.08.22 23:56:26.119,1.23343,1.23363,1.50,1.50
2013.08.22 23:56:26.656,1.23344,1.23363,1.13,1.50
2013.08.22 23:56:26.716,1.23347,1.23366,1.13,1.50
2013.08.22 23:56:26.896,1.23347,1.23366,1.13,1.50
2013.08.22 23:56:27.145,1.23348,1.23368,1.50,1.50
2013.08.22 23:56:58.564,1.23348,1.23369,1.50,1.50
2013.08.22 23:56:59.144,1.2335,1.2337,1.50,1.50
2013.08.22 23:57:03.976,1.23352,1.23372,1.50,1.50
2013.08.22 23:57:04.287,1.23354,1.23374,1.50,1.50
2013.08.22 23:57:04.764,1.23356,1.23376,1.50,1.50
2013.08.22 23:57:34.324,1.23356,1.23377,2.25,1.50
2013.08.22 23:57:34.874,1.23358,1.23378,1.50,1.50
2013.08.22 23:57:36.464,1.23356,1.23377,1.50,1.50
2013.08.22 23:57:36.524,1.23356,1.23376,1.50,1.50
2013.08.22 23:57:56.755,1.23357,1.23377,1.50,1.50
2013.08.22 23:58:04.265,1.23355,1.23375,1.50,1.50
2013.08.22 23:58:12.065,1.23353,1.23374,1.50,1.50
2013.08.22 23:58:12.124,1.23353,1.23373,1.50,1.50
2013.08.22 23:58:16.964,1.23354,1.23375,1.50,1.50
2013.08.22 23:58:17.024,1.23355,1.23375,1.50,1.50
2013.08.22 23:58:21.525,1.23353,1.23374,1.50,1.50
2013.08.22 23:58:21.644,1.23353,1.23373,1.50,1.50
2013.08.22 23:58:24.137,1.23353,1.23372,1.50,1.50
2013.08.22 23:58:24.445,1.23351,1.23371,1.50,1.50
2013.08.22 23:58:28.094,1.23351,1.23372,1.50,1.50
2013.08.22 23:58:28.826,1.23353,1.23373,1.50,1.50
2013.08.22 23:58:35.455,1.23351,1.23371,1.50,1.50
2013.08.22 23:58:35.886,1.23349,1.23369,1.50,1.50
2013.08.22 23:58:36.245,1.23346,1.23366,1.50,1.50
2013.08.22 23:58:37.156,1.23348,1.23368,1.50,1.88
2013.08.22 23:58:43.975,1.23347,1.23368,1.50,1.50
2013.08.22 23:58:44.476,1.23346,1.23366,1.50,1.50
2013.08.22 23:58:55.196,1.23346,1.23365,1.50,3.00
2013.08.22 23:58:55.555,1.23331,1.23351,1.50,1.50
2013.08.22 23:58:55.735,1.2333,1.23351,1.50,1.50
2013.08.22 23:58:56.095,1.23325,1.23345,1.50,1.50
2013.08.22 23:58:56.155,1.23322,1.23342,1.50,1.50
2013.08.22 23:58:56.515,1.2332,1.2334,1.50,1.50
2013.08.22 23:59:05.435,1.2332,1.23341,1.88,1.50
2013.08.22 23:59:05.997,1.23322,1.23342,1.50,1.50
2013.08.22 23:59:07.996,1.23322,1.23343,1.50,1.50
2013.08.22 23:59:08.355,1.23329,1.23349,1.50,1.50
2013.08.22 23:59:08.595,1.2333,1.23355,3.00,2.25
2013.08.22 23:59:08.655,1.23335,1.23357,1.50,2.63
2013.08.22 23:59:08.776,1.23335,1.23357,1.50,2.63
2013.08.22 23:59:09.256,1.23338,1.23357,1.50,1.13
2013.08.22 23:59:09.615,1.23343,1.23359,1.50,1.50
2013.08.22 23:59:09.855,1.23345,1.23367,1.50,3.00
2013.08.22 23:59:09.915,1.23345,1.23367,1.50,3.00
2013.08.22 23:59:10.275,1.23345,1.23366,1.50,1.13
2013.08.22 23:59:10.515,1.23345,1.23365,1.50,1.13
2013.08.22 23:59:11.055,1.23344,1.23364,1.50,1.88
2013.08.22 23:59:11.716,1.23346,1.23365,1.50,1.88
2013.08.22 23:59:12.075,1.23346,1.23364,1.50,1.88
2013.08.22 23:59:12.195,1.23344,1.23364,1.50,2.63
2013.08.22 23:59:13.995,1.23343,1.23363,1.50,1.13
2013.08.22 23:59:14.540,1.23342,1.23362,1.50,1.50
2013.08.22 23:59:15.685,1.23342,1.23361,1.50,1.13
2013.08.22 23:59:17.125,1.23344,1.23362,1.50,1.50
2013.08.22 23:59:17.246,1.2334,1.23359,1.50,1.13
2013.08.22 23:59:21.646,1.2334,1.23359,1.50,1.13
2013.08.22 23:59:22.245,1.23338,1.23357,1.50,1.50
2013.08.22 23:59:22.425,1.2334,1.23358,1.50,1.13
2013.08.22 23:59:24.785,1.23339,1.23358,1.50,1.13
2013.08.22 23:59:24.964,1.23337,1.23357,1.50,1.50
2013.08.22 23:59:27.996,1.23338,1.23357,1.50,1.50
2013.08.22 23:59:28.425,1.2334,1.23358,1.50,1.13
2013.08.22 23:59:28.787,1.23344,1.23359,1.13,1.50
2013.08.22 23:59:28.845,1.23344,1.23361,1.13,1.50
2013.08.22 23:59:28.905,1.23348,1.23368,2.25,3.38
2013.08.22 23:59:32.205,1.23349,1.23368,1.50,1.50
2013.08.22 23:59:32.725,1.2335,1.23369,1.50,1.50
2013.08.22 23:59:32.846,1.23352,1.2337,1.50,1.13
2013.08.22 23:59:33.205,1.2335,1.2337,1.50,1.88
2013.08.22 23:59:33.325,1.2335,1.23369,1.50,1.50
2013.08.22 23:59:40.696,1.2335,1.23369,1.50,1.50
2013.08.22 23:59:48.505,1.23348,1.23368,2.25,2.25
2013.08.22 23:59:52.386,1.23348,1.23368,2.25,1.50
2013.08.22 23:59:54.477,1.23348,1.23368,2.25,2.25
2013.08.22 23:59:55.246,1.23346,1.23366,1.50,1.50
2013.08.22 23:59:55.547,1.23344,1.23363,1.50,2.25
2013.08.22 23:59:55.606,1.23344,1.23363,1.50,2.25
2013.08.22 23:59:55.726,1.23344,1.23363,1.50,2.63
2013.08.22 23:59:56.088,1.23344,1.23363,1.50,2.63
2013.08.22 23:59:56.819,1.23344,1.23361,1.50,1.50
2013.08.22 23:59:57.066,1.23342,1.23361,1.50,2.25
