2018.01.16 08:00:00.442,1.18053,1.18065,2.25,1.70
2018.01.16 08:00:00.937,1.18051,1.18062,1.87,1.70
2018.01.16 08:00:01.041,1.18049,1.1806,1.50,1.45
2018.01.16 08:00:01.356,1.18048,1.1806,1.50,2.14
2018.01.16 08:00:01.883,1.18049,1.1806,1.00,1.01
2018.01.16 08:00:02.719,1.18048,1.18062,2.06,3.07
2018.01.16 08:00:03.032,1.18052,1.18062,1.00,1.00
2018.01.16 08:00:03.546,1.18051,1.18064,1.31,2.32
2018.01.16 08:00:04.148,1.18051,1.18064,4.88,1.39
2018.01.16 08:00:04.459,1.18054,1.18067,1.56,2.81
2018.01.16 08:00:05.009,1.18054,1.18067,1.69,1.50
2018.01.16 08:00:05.306,1.18055,1.18067,3.60,1.00
2018.01.16 08:00:05.565,1.18057,1.18069,2.44,1.25
2018.01.16 08:00:06.236,1.18057,1.18069,1.00,1.44
2018.01.16 08:00:06.753,1.18056,1.18067,1.81,1.00
2018.01.16 08:00:07.469,1.18055,1.18067,2.06,1.00
2018.01.16 08:00:08.063,1.18055,1.18067,2.44,1.00
2018.01.16 08:00:08.578,1.18055,1.18067,2.63,1.12
2018.01.16 08:00:08.774,1.18055,1.18067,2.63,1.57
2018.01.16 08:00:08.985,1.18055,1.18067,1.13,2.32
2018.01.16 08:00:09.260,1.18054,1.18066,1.88,2.32
2018.01.16 08:00:09.808,1.18053,1.18066,2.63,4.20
2018.01.16 08:00:10.805,1.18054,1.18065,1.31,1.58
2018.01.16 08:00:11.088,1.18051,1.18063,3.38,1.58
2018.01.16 08:00:11.142,1.18051,1.18062,1.88,1.45
2018.01.16 08:00:11.458,1.18047,1.1806,2.25,4.01
2018.01.16 08:00:11.513,1.18047,1.18059,1.88,3.26
2018.01.16 08:00:12.061,1.18047,1.18059,1.00,1.20
2018.01.16 08:00:13.122,1.18047,1.1806,2.00,4.20
2018.01.16 08:00:13.334,1.18051,1.18063,1.38,3.64
2018.01.16 08:00:14.192,1.18053,1.18063,2.62,1.89
2018.01.16 08:00:14.296,1.18055,1.18064,1.00,1.45
2018.01.16 08:00:14.400,1.18055,1.18066,2.44,1.95
2018.01.16 08:00:14.895,1.18055,1.18065,1.50,1.45
2018.01.16 08:00:15.229,1.18053,1.18064,1.31,1.95
2018.01.16 08:00:15.695,1.18054,1.18065,1.38,1.45
2018.01.16 08:00:16.233,1.18054,1.18064,1.25,1.45
2018.01.16 08:00:16.830,1.18054,1.18066,1.31,1.70
2018.01.16 08:00:17.088,1.18054,1.18066,1.50,1.25
2018.01.16 08:00:17.603,1.18055,1.18065,1.00,1.00
2018.01.16 08:00:18.127,1.18055,1.18066,1.44,1.00
2018.01.16 08:00:18.961,1.18056,1.18066,1.50,1.50
2018.01.16 08:00:19.493,1.18056,1.18068,1.69,1.44
2018.01.16 08:00:20.051,1.18057,1.18068,1.00,1.25
2018.01.16 08:00:21.263,1.18058,1.18069,1.00,1.25
2018.01.16 08:00:22.999,1.18056,1.18068,3.00,1.00
2018.01.16 08:00:24.281,1.18056,1.18068,3.00,1.25
2018.01.16 08:00:24.826,1.18056,1.18068,2.81,1.38
2018.01.16 08:00:25.603,1.18057,1.18068,3.38,1.50
2018.01.16 08:00:25.658,1.18056,1.18066,1.87,1.13
2018.01.16 08:00:25.973,1.18056,1.18069,2.25,3.19
2018.01.16 08:00:26.491,1.18056,1.18067,3.00,1.00
2018.01.16 08:00:27.031,1.18056,1.18066,1.00,1.00
2018.01.16 08:00:27.539,1.18056,1.18067,1.00,2.44
2018.01.16 08:00:28.081,1.18056,1.18067,1.00,2.63
2018.01.16 08:00:28.597,1.18055,1.18064,2.06,1.00
2018.01.16 08:00:30.296,1.18055,1.18063,1.63,1.00
2018.01.16 08:00:30.348,1.18055,1.18065,1.63,1.50
2018.01.16 08:00:30.870,1.18055,1.18064,1.37,1.00
2018.01.16 08:00:30.974,1.18053,1.18063,3.38,1.00
2018.01.16 08:00:31.524,1.18053,1.18065,1.50,3.64
2018.01.16 08:00:32.141,1.18052,1.18063,1.88,1.00
2018.01.16 08:00:32.376,1.18049,1.18061,1.88,1.87
2018.01.16 08:00:33.356,1.18049,1.1806,1.37,1.44
2018.01.16 08:00:33.697,1.18047,1.18057,1.38,1.00
2018.01.16 08:00:34.316,1.18045,1.18059,2.81,2.89
2018.01.16 08:00:35.100,1.18048,1.1806,1.50,1.69
2018.01.16 08:00:35.640,1.18046,1.1806,4.35,3.75
2018.01.16 08:00:36.157,1.18048,1.1806,1.25,1.01
2018.01.16 08:00:36.455,1.18048,1.18061,1.69,1.48
2018.01.16 08:00:36.831,1.18048,1.1806,1.50,2.70
2018.01.16 08:00:37.145,1.18045,1.18058,1.50,3.08
2018.01.16 08:00:37.711,1.18046,1.18058,1.19,1.50
2018.01.16 08:00:38.391,1.18045,1.18058,1.50,1.37
2018.01.16 08:00:40.965,1.18044,1.18057,1.69,2.06
2018.01.16 08:00:41.483,1.18044,1.18057,2.06,1.50
2018.01.16 08:00:42.450,1.18044,1.18057,1.69,2.25
2018.01.16 08:00:44.797,1.18044,1.18057,2.00,2.63
2018.01.16 08:00:46.006,1.18044,1.18056,3.41,1.00
2018.01.16 08:00:46.649,1.18044,1.18057,3.04,1.25
2018.01.16 08:00:47.204,1.18048,1.18058,1.00,1.12
2018.01.16 08:00:47.734,1.18047,1.18059,1.19,2.63
2018.01.16 08:00:50.014,1.18048,1.18061,4.35,1.07
2018.01.16 08:00:50.068,1.18049,1.18062,1.56,3.26
2018.01.16 08:00:50.189,1.1805,1.18063,2.44,1.01
2018.01.16 08:00:50.925,1.1805,1.18063,2.48,3.56
2018.01.16 08:00:51.348,1.18048,1.1806,1.88,1.25
2018.01.16 08:00:51.401,1.18048,1.18059,1.88,1.00
2018.01.16 08:00:51.508,1.18048,1.18061,1.38,1.50
2018.01.16 08:00:52.165,1.1805,1.18063,1.25,4.88
2018.01.16 08:00:52.670,1.18051,1.18063,1.25,1.31
2018.01.16 08:00:53.379,1.18049,1.18063,2.81,5.14
2018.01.16 08:00:53.587,1.18051,1.18063,2.00,1.10
2018.01.16 08:00:54.588,1.18052,1.18065,1.38,1.95
2018.01.16 08:00:54.852,1.18054,1.18068,2.81,4.95
2018.01.16 08:00:54.956,1.18055,1.18068,1.00,2.14
2018.01.16 08:00:55.150,1.18054,1.18068,2.81,1.39
2018.01.16 08:00:55.653,1.18055,1.18068,2.25,1.25
2018.01.16 08:00:56.172,1.18056,1.18068,1.00,1.44
2018.01.16 08:00:56.698,1.18054,1.18066,2.00,1.00
2018.01.16 08:00:57.042,1.18056,1.18068,2.44,1.13
2018.01.16 08:00:57.566,1.18056,1.18069,2.81,1.13
2018.01.16 08:00:58.958,1.18056,1.18068,1.50,1.00
2018.01.16 08:00:59.479,1.18056,1.18069,2.44,1.01
2018.01.16 08:01:00.004,1.18057,1.1807,3.19,1.00
2018.01.16 08:01:00.321,1.18056,1.18068,1.50,1.00
2018.01.16 08:01:00.882,1.18055,1.18069,2.44,3.26
2018.01.16 08:01:01.362,1.18056,1.18068,1.00,1.95
2018.01.16 08:01:01.566,1.18057,1.18068,1.37,1.20
2018.01.16 08:01:01.774,1.18054,1.18067,3.00,1.08
2018.01.16 08:01:02.748,1.18055,1.18066,1.37,2.33
2018.01.16 08:01:03.280,1.18055,1.18066,1.31,3.08
2018.01.16 08:01:03.876,1.18054,1.18065,2.62,2.51
2018.01.16 08:01:04.193,1.18053,1.18065,2.44,3.08
2018.01.16 08:01:04.772,1.18052,1.18064,2.25,2.32
2018.01.16 08:01:05.287,1.18052,1.18063,2.06,2.63
2018.01.16 08:01:05.845,1.18052,1.18063,1.31,1.38
2018.01.16 08:01:06.646,1.18051,1.18063,3.56,1.00
2018.01.16 08:01:06.938,1.18053,1.18064,1.37,2.63
2018.01.16 08:01:07.469,1.18054,1.18065,1.37,1.12
2018.01.16 08:01:08.539,1.18053,1.18064,1.37,1.13
2018.01.16 08:01:09.006,1.18052,1.18063,1.31,1.00
2018.01.16 08:01:09.535,1.18051,1.18064,3.56,1.88
2018.01.16 08:01:10.150,1.18051,1.18064,3.56,1.88
2018.01.16 08:01:10.689,1.18053,1.18064,1.63,1.00
2018.01.16 08:01:11.213,1.18052,1.18065,2.25,3.37
2018.01.16 08:01:11.855,1.18054,1.18065,1.62,1.12
2018.01.16 08:01:12.394,1.18053,1.18065,1.50,1.50
2018.01.16 08:01:12.925,1.18052,1.18064,1.88,1.88
2018.01.16 08:01:13.246,1.18052,1.18064,1.37,2.63
2018.01.16 08:01:14.366,1.18051,1.18062,1.31,1.00
2018.01.16 08:01:14.672,1.1805,1.18062,1.88,1.88
2018.01.16 08:01:16.269,1.18048,1.1806,2.63,1.12
2018.01.16 08:01:16.806,1.18048,1.1806,3.94,2.44
2018.01.16 08:01:17.336,1.18048,1.1806,2.63,2.63
2018.01.16 08:01:17.952,1.18048,1.18059,1.25,2.63
2018.01.16 08:01:22.876,1.18047,1.18058,1.88,2.44
2018.01.16 08:01:23.941,1.18046,1.18058,3.00,3.38
2018.01.16 08:01:25.164,1.18046,1.18058,4.35,3.38
2018.01.16 08:01:27.266,1.18048,1.18058,1.50,2.25
2018.01.16 08:01:27.783,1.18049,1.1806,2.25,1.38
2018.01.16 08:01:28.299,1.18049,1.1806,2.25,1.38
2018.01.16 08:01:34.393,1.1805,1.18061,1.00,1.00
2018.01.16 08:01:35.225,1.18051,1.18063,1.19,1.13
2018.01.16 08:01:36.772,1.18053,1.18065,1.00,1.63
2018.01.16 08:01:36.876,1.18053,1.18065,1.44,1.00
2018.01.16 08:01:36.980,1.18053,1.18066,1.69,1.88
2018.01.16 08:01:39.112,1.18054,1.18066,2.06,1.38
2018.01.16 08:01:39.622,1.18053,1.18067,2.81,4.69
2018.01.16 08:01:40.602,1.18051,1.18063,1.33,1.88
2018.01.16 08:01:41.202,1.1805,1.18062,2.44,1.13
2018.01.16 08:01:45.006,1.1805,1.18063,2.06,1.50
2018.01.16 08:01:45.318,1.18052,1.18065,1.69,2.81
2018.01.16 08:01:47.942,1.18051,1.18064,1.69,2.25
2018.01.16 08:01:48.097,1.1805,1.18064,3.19,4.69
2018.01.16 08:01:48.201,1.18051,1.18063,1.69,1.87
2018.01.16 08:01:48.902,1.1805,1.18062,2.81,1.00
2018.01.16 08:01:49.552,1.1805,1.18063,1.69,1.12
2018.01.16 08:01:51.056,1.18051,1.18064,1.69,1.88
2018.01.16 08:01:51.567,1.18052,1.18064,1.12,1.31
2018.01.16 08:01:52.116,1.18052,1.18064,1.38,1.31
2018.01.16 08:01:53.909,1.18051,1.18064,1.87,2.81
2018.01.16 08:01:54.441,1.18051,1.18063,1.50,1.31
2018.01.16 08:01:54.987,1.1805,1.18062,2.06,1.12
2018.01.16 08:01:56.524,1.1805,1.18063,3.60,1.50
2018.01.16 08:01:56.837,1.18051,1.18064,2.66,1.12
2018.01.16 08:01:57.346,1.18053,1.18064,1.25,1.31
2018.01.16 08:02:02.417,1.18054,1.18064,1.00,1.31
2018.01.16 08:02:05.770,1.18054,1.18064,1.35,1.45
2018.01.16 08:02:07.852,1.18052,1.18062,2.63,1.50
2018.01.16 08:02:08.368,1.18051,1.18062,1.50,1.70
2018.01.16 08:02:09.115,1.18051,1.18062,1.13,1.45
2018.01.16 08:02:10.666,1.18051,1.18064,1.69,3.45
2018.01.16 08:02:11.576,1.18054,1.18064,1.00,1.58
2018.01.16 08:02:12.125,1.18055,1.18065,1.73,1.45
2018.01.16 08:02:12.635,1.18054,1.18067,3.04,2.51
2018.01.16 08:02:13.206,1.18055,1.18066,1.63,1.01
2018.01.16 08:02:14.098,1.18055,1.18067,1.63,2.51
2018.01.16 08:02:14.616,1.18055,1.18066,1.38,1.01
2018.01.16 08:02:15.204,1.18055,1.18066,1.00,1.01
2018.01.16 08:02:16.196,1.18055,1.18067,1.37,2.51
2018.01.16 08:02:16.825,1.18055,1.18066,1.38,1.01
2018.01.16 08:02:17.368,1.18054,1.18066,1.69,1.01
2018.01.16 08:02:18.169,1.18054,1.18066,1.69,1.76
2018.01.16 08:02:19.361,1.18053,1.18066,3.00,1.76
2018.01.16 08:02:19.892,1.18053,1.18066,3.19,1.76
2018.01.16 08:02:21.057,1.18053,1.18066,3.79,1.76
2018.01.16 08:02:21.628,1.18053,1.18065,2.44,1.95
2018.01.16 08:02:24.125,1.18053,1.18065,1.00,3.45
2018.01.16 08:02:25.747,1.18053,1.18064,2.29,1.45
2018.01.16 08:02:26.293,1.18054,1.18064,1.91,1.45
2018.01.16 08:02:27.129,1.18054,1.18065,1.35,2.51
2018.01.16 08:02:27.645,1.18053,1.18063,1.25,2.14
2018.01.16 08:02:28.191,1.18051,1.18062,2.29,1.95
2018.01.16 08:02:28.979,1.18051,1.18062,2.66,1.95
2018.01.16 08:02:29.515,1.18052,1.18062,1.91,1.95
2018.01.16 08:02:30.058,1.18052,1.18062,1.91,1.95
2018.01.16 08:02:34.685,1.18051,1.18062,3.41,1.95
2018.01.16 08:02:38.145,1.18049,1.18061,3.79,1.89
2018.01.16 08:02:38.690,1.1805,1.18061,3.04,1.45
2018.01.16 08:02:39.238,1.1805,1.18062,3.04,1.57
2018.01.16 08:02:39.782,1.18051,1.18061,1.19,1.45
2018.01.16 08:02:41.091,1.18051,1.18061,1.00,1.95
2018.01.16 08:02:43.453,1.18051,1.18062,1.25,1.76
2018.01.16 08:02:44.752,1.18051,1.18063,3.41,1.45
2018.01.16 08:02:46.824,1.18052,1.18064,2.66,2.14
2018.01.16 08:02:47.663,1.18051,1.18061,1.69,1.00
2018.01.16 08:02:47.715,1.18051,1.18062,1.00,2.14
2018.01.16 08:02:47.888,1.18051,1.18062,1.69,1.95
2018.01.16 08:02:50.122,1.18051,1.18061,1.13,1.20
2018.01.16 08:02:53.834,1.18051,1.18061,1.13,1.45
2018.01.16 08:02:54.734,1.18051,1.18062,1.00,1.57
2018.01.16 08:02:55.289,1.1805,1.18059,1.38,1.00
2018.01.16 08:02:55.819,1.1805,1.18059,1.00,1.20
2018.01.16 08:02:58.505,1.1805,1.18061,1.69,1.45
2018.01.16 08:02:59.537,1.1805,1.18061,1.69,1.45
2018.01.16 08:03:00.182,1.18051,1.18063,1.31,2.89
2018.01.16 08:03:00.566,1.18052,1.18063,1.24,1.45
2018.01.16 08:03:01.085,1.18052,1.18062,1.13,1.45
2018.01.16 08:03:03.299,1.18052,1.18064,3.41,1.45
2018.01.16 08:03:06.138,1.18052,1.1806,1.69,1.00
2018.01.16 08:03:06.246,1.18051,1.18063,1.88,2.32
2018.01.16 08:03:07.122,1.18051,1.18062,3.79,1.10
2018.01.16 08:03:10.415,1.18052,1.18062,1.00,1.20
2018.01.16 08:03:10.949,1.18052,1.18064,1.31,2.51
2018.01.16 08:03:11.484,1.18052,1.18063,1.31,1.10
2018.01.16 08:03:12.065,1.18052,1.18064,1.56,1.57
2018.01.16 08:03:13.390,1.18052,1.18064,1.69,1.57
2018.01.16 08:03:13.753,1.18054,1.18066,1.69,1.45
2018.01.16 08:03:14.266,1.18054,1.18066,1.50,1.45
2018.01.16 08:03:14.807,1.18055,1.18066,1.63,1.45
2018.01.16 08:03:16.134,1.18054,1.18066,1.25,3.45
2018.01.16 08:03:16.549,1.18052,1.18064,1.88,2.70
2018.01.16 08:03:16.704,1.18051,1.18062,1.00,3.26
2018.01.16 08:03:16.964,1.1805,1.18062,1.69,3.45
2018.01.16 08:03:17.494,1.18049,1.1806,2.81,1.20
2018.01.16 08:03:18.660,1.18049,1.1806,2.06,1.45
2018.01.16 08:03:22.273,1.1805,1.18062,2.06,2.89
2018.01.16 08:03:24.624,1.18049,1.18057,2.81,1.00
2018.01.16 08:03:24.780,1.18049,1.1806,5.29,1.95
2018.01.16 08:03:24.988,1.1805,1.1806,1.69,1.45
2018.01.16 08:03:25.091,1.1805,1.18059,1.00,1.58
2018.01.16 08:03:27.631,1.18049,1.1806,4.91,1.70
2018.01.16 08:03:28.206,1.18049,1.18061,4.91,2.14
2018.01.16 08:03:28.312,1.18051,1.18061,1.31,1.45
2018.01.16 08:03:31.381,1.18051,1.18063,1.69,1.58
2018.01.16 08:03:31.950,1.18051,1.18063,1.50,1.70
2018.01.16 08:03:32.266,1.18053,1.18065,1.00,1.95
2018.01.16 08:03:32.369,1.18053,1.18065,1.12,1.31
2018.01.16 08:03:32.882,1.18054,1.18066,2.06,1.00
2018.01.16 08:03:33.403,1.18055,1.18066,1.12,1.00
2018.01.16 08:03:33.933,1.18055,1.18066,1.69,1.00
2018.01.16 08:03:36.478,1.18056,1.18066,1.69,1.00
2018.01.16 08:03:37.739,1.18057,1.18068,1.25,1.25
2018.01.16 08:03:38.110,1.18055,1.18066,3.00,1.00
2018.01.16 08:03:39.129,1.18056,1.18066,1.50,1.00
2018.01.16 08:03:39.677,1.18056,1.18066,1.50,1.00
2018.01.16 08:03:43.123,1.18055,1.18064,1.00,1.00
2018.01.16 08:03:43.437,1.18054,1.18066,2.62,1.25
2018.01.16 08:03:43.595,1.18056,1.18066,1.00,1.00
2018.01.16 08:03:44.136,1.18058,1.18069,1.25,1.31
2018.01.16 08:03:44.660,1.18058,1.18069,3.79,1.00
2018.01.16 08:03:45.259,1.18059,1.18069,2.85,1.00
2018.01.16 08:03:45.311,1.18059,1.18071,1.50,1.50
2018.01.16 08:03:45.363,1.18058,1.18071,3.00,1.45
2018.01.16 08:03:45.755,1.18064,1.18073,1.37,1.45
2018.01.16 08:03:45.808,1.18063,1.18075,1.62,1.95
2018.01.16 08:03:45.965,1.18063,1.18076,1.62,1.95
2018.01.16 08:03:46.287,1.18064,1.18077,2.62,1.10
2018.01.16 08:03:46.893,1.18065,1.18078,1.00,2.51
2018.01.16 08:03:47.463,1.18065,1.18078,1.87,1.44
2018.01.16 08:03:47.808,1.18064,1.18074,1.00,1.44
2018.01.16 08:03:47.866,1.18062,1.18073,1.00,1.25
2018.01.16 08:03:48.431,1.18061,1.18074,1.31,2.44
2018.01.16 08:03:48.485,1.18059,1.18071,1.12,2.81
2018.01.16 08:03:48.804,1.18058,1.18068,1.87,1.00
2018.01.16 08:03:49.539,1.18058,1.18068,1.87,1.00
2018.01.16 08:03:50.066,1.18056,1.18067,1.50,1.00
2018.01.16 08:03:50.587,1.18057,1.18067,1.50,1.00
2018.01.16 08:03:52.346,1.18057,1.18067,1.00,1.00
2018.01.16 08:03:52.847,1.18056,1.18067,1.37,1.44
2018.01.16 08:03:53.062,1.18054,1.18065,2.25,1.00
2018.01.16 08:03:53.167,1.18055,1.18067,2.62,1.00
2018.01.16 08:03:53.709,1.18056,1.18067,1.37,1.00
2018.01.16 08:03:54.281,1.18057,1.18067,1.69,1.00
2018.01.16 08:03:54.385,1.18057,1.18069,1.87,1.00
2018.01.16 08:03:54.526,1.18057,1.18069,2.44,1.00
2018.01.16 08:03:55.280,1.18058,1.18069,1.69,1.00
2018.01.16 08:03:56.265,1.18059,1.18069,1.00,1.00
2018.01.16 08:03:57.232,1.18058,1.18069,1.00,1.00
2018.01.16 08:03:57.733,1.18056,1.18069,1.50,2.06
2018.01.16 08:03:58.046,1.18056,1.18067,1.31,1.12
2018.01.16 08:03:58.843,1.18055,1.18068,1.69,1.12
2018.01.16 08:03:59.160,1.18057,1.1807,1.31,1.95
2018.01.16 08:03:59.479,1.18059,1.1807,1.37,1.00
2018.01.16 08:03:59.635,1.18058,1.1807,1.50,1.31
2018.01.16 08:04:00.509,1.18056,1.1807,6.07,3.56
2018.01.16 08:04:01.177,1.18057,1.18068,1.12,1.00
2018.01.16 08:04:02.080,1.18058,1.1807,1.37,1.31
2018.01.16 08:04:02.384,1.18061,1.18073,1.69,1.95
2018.01.16 08:04:02.929,1.18062,1.18075,1.87,3.00
2018.01.16 08:04:03.469,1.18063,1.18075,1.87,1.69
2018.01.16 08:04:04.496,1.18062,1.18075,1.00,3.75
2018.01.16 08:04:05.257,1.18061,1.18072,1.12,1.87
2018.01.16 08:04:05.452,1.1806,1.18072,1.50,1.25
2018.01.16 08:04:05.762,1.1806,1.18071,1.62,1.00
2018.01.16 08:04:06.299,1.18059,1.18071,3.56,1.00
2018.01.16 08:04:06.735,1.18063,1.18074,1.00,1.95
2018.01.16 08:04:06.787,1.18064,1.18074,1.75,1.10
2018.01.16 08:04:06.840,1.18066,1.18077,1.25,1.00
2018.01.16 08:04:07.187,1.18067,1.1808,2.25,1.57
2018.01.16 08:04:08.142,1.18066,1.18079,2.25,1.50
2018.01.16 08:04:08.658,1.18065,1.18078,1.87,2.32
2018.01.16 08:04:09.882,1.18065,1.18077,1.12,1.87
2018.01.16 08:04:10.038,1.18065,1.18078,1.87,1.31
2018.01.16 08:04:10.319,1.18067,1.1808,1.50,2.70
2018.01.16 08:04:10.425,1.18066,1.18078,1.00,1.44
2018.01.16 08:04:10.635,1.18067,1.18079,1.37,1.62
2018.01.16 08:04:10.844,1.18066,1.1808,1.50,3.07
2018.01.16 08:04:11.354,1.18067,1.1808,1.87,1.95
2018.01.16 08:04:11.905,1.18067,1.1808,1.12,4.01
2018.01.16 08:04:12.444,1.18066,1.18079,1.87,1.20
2018.01.16 08:04:12.853,1.18068,1.18079,1.00,1.31
2018.01.16 08:04:13.378,1.18069,1.18081,1.00,1.69
2018.01.16 08:04:14.228,1.18069,1.18081,1.00,2.14
2018.01.16 08:04:15.982,1.18068,1.1808,2.44,1.76
2018.01.16 08:04:16.483,1.18068,1.18078,2.25,1.45
2018.01.16 08:04:17.172,1.18067,1.18077,2.25,1.45
2018.01.16 08:04:18.498,1.18068,1.18078,1.12,1.45
2018.01.16 08:04:19.116,1.18067,1.1808,3.00,1.95
2018.01.16 08:04:20.222,1.18068,1.1808,1.50,1.20
2018.01.16 08:04:21.344,1.18068,1.18079,1.12,1.70
2018.01.16 08:04:21.862,1.18068,1.1808,2.25,2.51
2018.01.16 08:04:27.301,1.18067,1.18078,2.62,1.70
2018.01.16 08:04:27.934,1.18067,1.18077,2.62,1.45
2018.01.16 08:04:32.906,1.18066,1.18076,3.04,1.20
2018.01.16 08:04:33.215,1.18068,1.18077,1.00,1.95
2018.01.16 08:04:33.718,1.18067,1.18077,2.62,1.20
2018.01.16 08:04:34.235,1.18067,1.18077,2.25,1.45
2018.01.16 08:04:36.197,1.18067,1.18078,3.56,1.95
2018.01.16 08:04:36.301,1.18068,1.18078,1.00,1.20
2018.01.16 08:04:37.446,1.18068,1.18078,1.00,1.95
2018.01.16 08:04:38.667,1.18067,1.18078,3.00,1.95
2018.01.16 08:04:39.199,1.18067,1.18078,3.00,2.14
2018.01.16 08:04:40.015,1.18067,1.18078,3.19,1.50
2018.01.16 08:04:40.884,1.18067,1.18078,3.19,1.95
2018.01.16 08:04:44.984,1.18067,1.18078,2.44,1.45
2018.01.16 08:04:47.021,1.18067,1.18076,1.31,1.00
2018.01.16 08:04:49.110,1.18067,1.18078,3.00,1.45
2018.01.16 08:04:52.151,1.18067,1.18078,2.25,3.07
2018.01.16 08:04:53.737,1.18067,1.18078,1.50,3.64
2018.01.16 08:04:54.810,1.18067,1.18078,1.50,2.89
2018.01.16 08:04:56.196,1.18067,1.18078,2.25,2.89
2018.01.16 08:04:56.756,1.18068,1.18078,1.00,1.00
2018.01.16 08:04:57.170,1.18066,1.18076,3.22,1.00
2018.01.16 08:04:58.253,1.18066,1.1807,1.00,1.00
2018.01.16 08:04:58.358,1.18062,1.1807,2.62,3.37
2018.01.16 08:04:58.410,1.18058,1.18069,1.50,1.25
2018.01.16 08:04:58.515,1.18058,1.18068,1.00,4.31
2018.01.16 08:04:58.644,1.18055,1.18068,2.25,4.31
2018.01.16 08:04:58.857,1.18054,1.18067,1.25,3.75
2018.01.16 08:04:59.439,1.18053,1.18066,2.06,1.50
2018.01.16 08:04:59.948,1.18053,1.18066,1.87,1.31
2018.01.16 08:05:00.104,1.18053,1.18065,1.00,4.16
2018.01.16 08:05:01.208,1.18052,1.18065,2.25,1.87
2018.01.16 08:05:01.753,1.18053,1.18066,1.50,2.70
2018.01.16 08:05:02.278,1.18053,1.18066,1.50,2.14
2018.01.16 08:05:02.846,1.18052,1.18065,3.00,1.31
2018.01.16 08:05:03.375,1.18052,1.18065,1.87,3.00
2018.01.16 08:05:03.696,1.18052,1.18065,1.50,2.51
2018.01.16 08:05:03.799,1.18052,1.18065,1.50,2.06
2018.01.16 08:05:04.960,1.18052,1.18065,1.50,2.06
2018.01.16 08:05:05.577,1.18052,1.18065,1.50,2.06
2018.01.16 08:05:06.782,1.18052,1.18065,1.87,1.31
2018.01.16 08:05:08.125,1.18053,1.18065,1.00,1.50
2018.01.16 08:05:08.335,1.18052,1.18063,1.50,1.19
2018.01.16 08:05:08.594,1.18053,1.18065,1.00,2.25
2018.01.16 08:05:09.143,1.18052,1.18065,1.12,3.00
2018.01.16 08:05:09.658,1.18052,1.18064,1.12,1.50
2018.01.16 08:05:09.710,1.18051,1.18062,1.50,1.19
2018.01.16 08:05:10.113,1.18051,1.18063,1.87,1.12
2018.01.16 08:05:11.333,1.18052,1.18064,2.47,1.31
2018.01.16 08:05:11.837,1.18052,1.18064,1.00,1.31
2018.01.16 08:05:12.158,1.1805,1.1806,3.00,1.25
2018.01.16 08:05:12.263,1.18047,1.18059,1.87,1.31
2018.01.16 08:05:12.779,1.18046,1.18059,2.06,1.50
2018.01.16 08:05:12.831,1.18046,1.18059,1.31,1.31
2018.01.16 08:05:13.363,1.18046,1.18059,1.50,1.50
2018.01.16 08:05:14.828,1.18045,1.18058,1.87,1.50
2018.01.16 08:05:15.035,1.18043,1.18055,1.50,1.19
2018.01.16 08:05:15.295,1.18043,1.18056,2.25,1.31
2018.01.16 08:05:15.646,1.18044,1.18057,3.94,1.31
2018.01.16 08:05:17.757,1.18044,1.18055,1.87,1.19
2018.01.16 08:05:18.020,1.18043,1.18055,1.00,1.69
2018.01.16 08:05:18.533,1.18042,1.18055,1.87,2.25
2018.01.16 08:05:18.695,1.18041,1.18053,2.25,1.31
2018.01.16 08:05:18.805,1.18039,1.18051,1.10,2.10
2018.01.16 08:05:18.860,1.18036,1.18049,5.14,1.31
2018.01.16 08:05:19.164,1.18037,1.1805,2.25,2.06
2018.01.16 08:05:19.665,1.18038,1.1805,1.12,1.62
2018.01.16 08:05:20.213,1.18038,1.1805,1.44,1.37
2018.01.16 08:05:20.730,1.1804,1.18051,1.25,2.51
2018.01.16 08:05:20.898,1.1804,1.18051,1.25,2.06
2018.01.16 08:05:23.248,1.1804,1.18052,1.12,1.31
2018.01.16 08:05:25.251,1.1804,1.18053,2.25,1.39
2018.01.16 08:05:25.355,1.18044,1.18055,1.19,1.10
2018.01.16 08:05:25.460,1.18047,1.1806,1.50,1.76
2018.01.16 08:05:25.903,1.18045,1.18058,2.25,1.87
2018.01.16 08:05:26.442,1.18047,1.18059,1.12,2.06
2018.01.16 08:05:27.529,1.18046,1.18059,1.87,2.25
2018.01.16 08:05:27.686,1.18045,1.18057,1.00,1.19
2018.01.16 08:05:28.258,1.18043,1.18054,1.69,1.25
2018.01.16 08:05:28.776,1.18042,1.18054,1.50,1.31
2018.01.16 08:05:29.085,1.18043,1.18054,1.37,1.31
2018.01.16 08:05:30.216,1.18043,1.18055,1.87,1.31
2018.01.16 08:05:30.987,1.18044,1.18057,1.00,3.07
2018.01.16 08:05:31.873,1.18044,1.18057,1.50,2.89
2018.01.16 08:05:32.422,1.18044,1.18056,1.50,1.31
2018.01.16 08:05:32.964,1.18044,1.18056,1.87,1.31
2018.01.16 08:05:33.381,1.18042,1.18052,2.25,1.25
2018.01.16 08:05:33.434,1.18043,1.18055,1.50,1.69
2018.01.16 08:05:33.936,1.18042,1.18053,1.75,1.00
2018.01.16 08:05:34.486,1.18042,1.18052,1.50,1.00
2018.01.16 08:05:35.097,1.18041,1.18052,1.87,1.69
2018.01.16 08:05:35.600,1.18041,1.18052,2.06,1.25
2018.01.16 08:05:36.109,1.18042,1.18054,1.87,1.31
2018.01.16 08:05:36.316,1.18042,1.18052,1.50,1.19
2018.01.16 08:05:36.370,1.18042,1.18053,1.12,1.25
2018.01.16 08:05:36.914,1.18042,1.18052,1.12,1.00
2018.01.16 08:05:38.126,1.18042,1.18052,2.25,1.00
2018.01.16 08:05:38.629,1.18042,1.18054,1.12,2.32
2018.01.16 08:05:40.049,1.18042,1.18053,1.50,1.25
2018.01.16 08:05:43.392,1.18041,1.18052,1.87,1.00
2018.01.16 08:05:43.931,1.18042,1.18052,1.12,1.00
2018.01.16 08:05:44.555,1.18042,1.18054,1.31,1.31
2018.01.16 08:05:45.240,1.18042,1.18053,1.12,1.00
2018.01.16 08:05:45.806,1.18043,1.18055,1.31,1.44
2018.01.16 08:05:46.064,1.18044,1.18057,2.62,3.26
2018.01.16 08:05:46.565,1.18044,1.18057,1.87,2.25
2018.01.16 08:05:47.082,1.18044,1.18057,1.50,2.25
2018.01.16 08:05:47.520,1.18045,1.18057,1.87,1.44
2018.01.16 08:05:48.047,1.18045,1.18057,2.25,1.25
2018.01.16 08:05:49.858,1.18045,1.18057,1.87,1.25
2018.01.16 08:05:50.482,1.18046,1.18057,1.62,1.00
2018.01.16 08:05:51.019,1.18047,1.1806,2.06,2.89
2018.01.16 08:05:51.557,1.18047,1.1806,2.06,3.00
2018.01.16 08:05:52.069,1.18047,1.1806,1.69,3.00
2018.01.16 08:05:53.073,1.18049,1.18062,1.25,4.57
2018.01.16 08:05:53.581,1.18049,1.18062,1.87,3.94
2018.01.16 08:05:54.570,1.18049,1.18061,1.87,1.12
2018.01.16 08:05:55.088,1.18049,1.1806,1.31,1.00
2018.01.16 08:05:56.243,1.18049,1.18061,1.31,1.50
2018.01.16 08:05:56.838,1.18053,1.18064,1.19,3.45
2018.01.16 08:05:57.354,1.18052,1.18064,1.87,1.00
2018.01.16 08:05:58.729,1.18052,1.18064,1.31,1.50
2018.01.16 08:05:59.251,1.18052,1.18064,1.12,1.50
2018.01.16 08:06:00.321,1.18051,1.18064,2.25,1.12
2018.01.16 08:06:00.900,1.18053,1.18064,1.44,1.00
2018.01.16 08:06:01.395,1.18053,1.18066,2.44,2.06
2018.01.16 08:06:01.497,1.18056,1.18068,1.50,1.20
2018.01.16 08:06:01.600,1.18056,1.18069,1.87,1.69
2018.01.16 08:06:02.121,1.18059,1.1807,1.00,1.00
2018.01.16 08:06:03.010,1.18057,1.1807,2.62,1.12
2018.01.16 08:06:03.548,1.18057,1.1807,2.44,1.37
2018.01.16 08:06:04.098,1.18057,1.1807,2.06,1.87
2018.01.16 08:06:04.624,1.18057,1.1807,1.50,3.07
2018.01.16 08:06:05.133,1.18057,1.1807,1.12,2.89
2018.01.16 08:06:05.681,1.18056,1.18069,1.87,1.50
2018.01.16 08:06:06.250,1.18055,1.18068,1.50,4.72
2018.01.16 08:06:06.512,1.18056,1.18069,1.50,1.50
2018.01.16 08:06:06.829,1.18053,1.18064,1.25,1.87
2018.01.16 08:06:06.885,1.18054,1.18067,1.12,1.19
2018.01.16 08:06:07.095,1.18054,1.18068,2.62,3.45
2018.01.16 08:06:08.894,1.18055,1.18068,1.44,1.69
2018.01.16 08:06:09.449,1.18055,1.18068,1.69,1.50
2018.01.16 08:06:11.218,1.18055,1.18068,1.50,2.44
2018.01.16 08:06:12.488,1.18055,1.18068,1.69,2.44
2018.01.16 08:06:13.009,1.18054,1.18067,2.62,1.00
2018.01.16 08:06:15.009,1.18055,1.18067,1.25,1.12
2018.01.16 08:06:15.530,1.18055,1.18067,3.22,1.00
2018.01.16 08:06:15.634,1.18057,1.18069,1.05,1.95
2018.01.16 08:06:15.687,1.18057,1.1807,2.44,3.30
2018.01.16 08:06:16.216,1.18057,1.18068,1.69,1.00
2018.01.16 08:06:16.889,1.18057,1.18068,1.31,1.00
2018.01.16 08:06:19.735,1.18056,1.18068,2.25,1.00
2018.01.16 08:06:20.183,1.18055,1.18066,1.31,1.12
2018.01.16 08:06:20.324,1.18055,1.18066,1.25,1.12
2018.01.16 08:06:21.439,1.18055,1.18066,1.62,1.00
2018.01.16 08:06:22.637,1.18055,1.18066,1.69,1.00
2018.01.16 08:06:23.633,1.18054,1.18062,1.50,1.25
2018.01.16 08:06:23.910,1.18053,1.18062,2.25,1.00
2018.01.16 08:06:23.963,1.18053,1.18064,2.44,1.00
2018.01.16 08:06:29.180,1.18052,1.18062,1.37,1.50
2018.01.16 08:06:29.728,1.18052,1.18062,1.00,1.50
2018.01.16 08:06:30.774,1.18053,1.18062,1.00,1.50
2018.01.16 08:06:31.798,1.18052,1.18062,1.87,1.00
2018.01.16 08:06:32.320,1.18052,1.18064,2.06,2.06
2018.01.16 08:06:32.848,1.18052,1.18064,2.44,2.62
2018.01.16 08:06:33.711,1.18052,1.18061,2.44,1.00
2018.01.16 08:06:34.246,1.18052,1.18062,2.81,1.50
2018.01.16 08:06:34.790,1.18053,1.18064,2.06,1.00
2018.01.16 08:06:35.362,1.18053,1.18064,4.35,1.00
2018.01.16 08:06:36.345,1.18054,1.18066,2.10,1.12
2018.01.16 08:06:36.876,1.18053,1.18066,4.72,2.25
2018.01.16 08:06:37.121,1.18053,1.18064,3.19,1.12
2018.01.16 08:06:37.986,1.18053,1.18064,3.41,1.00
2018.01.16 08:06:40.710,1.18055,1.18066,1.31,1.87
2018.01.16 08:06:40.814,1.18056,1.18068,1.31,2.62
2018.01.16 08:06:40.918,1.18055,1.18066,1.62,1.00
2018.01.16 08:06:43.068,1.18055,1.18066,1.25,1.00
2018.01.16 08:06:43.947,1.18056,1.18067,1.54,1.50
2018.01.16 08:06:44.397,1.18062,1.18074,1.50,1.00
2018.01.16 08:06:44.915,1.18062,1.18074,1.25,1.00
2018.01.16 08:06:45.241,1.18063,1.18075,1.31,1.57
2018.01.16 08:06:45.449,1.18062,1.18075,2.62,1.45
2018.01.16 08:06:45.845,1.18062,1.18074,2.25,1.45
2018.01.16 08:06:45.898,1.18059,1.18071,2.44,1.01
2018.01.16 08:06:45.959,1.18062,1.18071,1.62,1.20
2018.01.16 08:06:46.500,1.18058,1.18071,3.19,3.07
2018.01.16 08:06:47.162,1.18061,1.18073,1.25,1.20
2018.01.16 08:06:47.269,1.1806,1.18071,1.37,1.00
2018.01.16 08:06:47.528,1.1806,1.18073,1.81,2.32
2018.01.16 08:06:48.079,1.1806,1.18072,1.62,2.81
2018.01.16 08:06:48.183,1.18058,1.18071,3.37,1.25
2018.01.16 08:06:48.700,1.18059,1.18071,1.87,1.69
2018.01.16 08:06:49.251,1.18059,1.1807,1.12,1.00
2018.01.16 08:06:49.768,1.18058,1.18069,2.06,1.69
2018.01.16 08:06:50.148,1.18055,1.18067,1.87,1.00
2018.01.16 08:06:50.308,1.18055,1.18066,1.50,1.00
2018.01.16 08:06:50.828,1.18054,1.18066,1.81,2.25
2018.01.16 08:06:51.345,1.18054,1.18066,1.75,1.00
2018.01.16 08:06:51.850,1.18055,1.18067,2.62,1.00
2018.01.16 08:06:52.368,1.18055,1.18066,1.44,1.00
2018.01.16 08:06:53.013,1.18055,1.18066,1.25,1.00
2018.01.16 08:06:53.554,1.18055,1.18067,3.97,1.00
2018.01.16 08:06:53.607,1.18057,1.18069,1.12,1.20
2018.01.16 08:06:53.943,1.18059,1.18071,1.50,1.00
2018.01.16 08:06:54.256,1.18061,1.18072,1.44,1.00
2018.01.16 08:06:54.517,1.18062,1.18075,2.25,1.39
2018.01.16 08:06:54.803,1.18063,1.18076,2.25,1.50
2018.01.16 08:06:56.058,1.18063,1.18076,1.69,1.50
2018.01.16 08:06:57.177,1.18064,1.18077,2.06,1.57
2018.01.16 08:06:57.685,1.18064,1.18077,1.69,2.25
2018.01.16 08:06:58.518,1.18064,1.18077,1.50,2.25
2018.01.16 08:06:58.622,1.18065,1.18078,1.31,1.57
2018.01.16 08:06:58.675,1.18067,1.18079,1.25,1.10
2018.01.16 08:06:58.991,1.18066,1.18078,1.12,1.19
2018.01.16 08:06:59.203,1.18064,1.18077,1.50,2.25
2018.01.16 08:06:59.778,1.18064,1.18076,1.12,1.44
2018.01.16 08:07:00.393,1.18064,1.18077,2.25,1.50
2018.01.16 08:07:00.448,1.18066,1.18079,1.12,4.39
2018.01.16 08:07:00.504,1.18066,1.18079,2.62,1.31
2018.01.16 08:07:00.658,1.1807,1.18082,1.25,2.51
2018.01.16 08:07:01.175,1.18069,1.18082,3.37,2.62
2018.01.16 08:07:01.687,1.18069,1.18082,3.00,2.62
2018.01.16 08:07:02.009,1.18069,1.18082,4.31,1.50
2018.01.16 08:07:02.408,1.18071,1.18084,1.87,2.70
2018.01.16 08:07:02.514,1.18074,1.18084,1.87,1.10
2018.01.16 08:07:02.620,1.18074,1.18087,1.87,2.70
2018.01.16 08:07:02.726,1.18077,1.18086,1.12,1.00
2018.01.16 08:07:02.907,1.18077,1.18089,1.87,4.01
2018.01.16 08:07:02.973,1.18079,1.1809,1.87,1.95
2018.01.16 08:07:03.078,1.18081,1.1809,1.37,1.00
2018.01.16 08:07:03.131,1.18083,1.18092,1.50,1.00
2018.01.16 08:07:03.183,1.18084,1.18096,1.37,2.14
2018.01.16 08:07:03.448,1.18087,1.18096,1.00,1.00
2018.01.16 08:07:03.555,1.18083,1.18095,2.44,1.12
2018.01.16 08:07:03.661,1.18085,1.18096,1.37,1.25
2018.01.16 08:07:04.052,1.18077,1.18089,1.00,1.19
2018.01.16 08:07:04.105,1.18075,1.18088,1.50,1.12
2018.01.16 08:07:04.213,1.18077,1.18089,1.12,1.30
2018.01.16 08:07:04.527,1.18067,1.18079,1.25,1.95
2018.01.16 08:07:04.873,1.1807,1.18081,1.00,1.76
2018.01.16 08:07:05.185,1.18072,1.18083,1.00,1.12
2018.01.16 08:07:05.511,1.18069,1.18082,1.12,1.31
2018.01.16 08:07:05.616,1.18067,1.1808,1.50,1.31
2018.01.16 08:07:05.725,1.18064,1.18077,1.76,2.06
2018.01.16 08:07:05.983,1.18063,1.18076,2.25,2.81
2018.01.16 08:07:06.140,1.18061,1.18074,1.50,3.00
2018.01.16 08:07:06.453,1.18061,1.18073,3.56,1.00
2018.01.16 08:07:06.768,1.18059,1.18071,3.19,1.00
2018.01.16 08:07:07.339,1.18061,1.18073,2.06,1.12
2018.01.16 08:07:07.498,1.18061,1.18068,2.06,1.00
2018.01.16 08:07:07.551,1.18058,1.18068,1.38,1.00
2018.01.16 08:07:08.076,1.18059,1.1807,1.00,1.45
2018.01.16 08:07:08.431,1.18056,1.18069,1.87,2.32
2018.01.16 08:07:08.700,1.18054,1.18067,2.06,2.81
2018.01.16 08:07:08.755,1.18054,1.18065,2.06,1.00
2018.01.16 08:07:09.078,1.18053,1.18065,2.44,1.45
2018.01.16 08:07:09.288,1.18053,1.18066,2.44,2.33
2018.01.16 08:07:09.341,1.18053,1.18066,2.44,2.70
2018.01.16 08:07:09.393,1.18053,1.18066,2.44,2.25
2018.01.16 08:07:10.181,1.18054,1.18066,1.00,2.25
2018.01.16 08:07:10.395,1.18056,1.18066,1.00,1.25
2018.01.16 08:07:10.672,1.18057,1.18069,3.00,1.50
2018.01.16 08:07:11.362,1.18057,1.18069,2.06,1.88
2018.01.16 08:07:11.681,1.18054,1.18065,2.33,1.00
2018.01.16 08:07:11.786,1.18055,1.18067,1.13,1.25
2018.01.16 08:07:11.840,1.18053,1.18065,3.00,1.44
2018.01.16 08:07:12.348,1.18055,1.18065,1.69,1.00
2018.01.16 08:07:13.420,1.18053,1.18065,3.00,1.19
2018.01.16 08:07:13.655,1.18052,1.18065,1.31,3.75
2018.01.16 08:07:13.707,1.18052,1.18064,1.87,1.50
2018.01.16 08:07:13.761,1.18053,1.18065,1.25,3.00
2018.01.16 08:07:14.304,1.18052,1.18065,1.31,1.88
2018.01.16 08:07:14.565,1.18054,1.18064,1.25,1.10
2018.01.16 08:07:14.753,1.18051,1.18064,1.88,1.50
2018.01.16 08:07:14.961,1.18053,1.18066,2.81,1.76
2018.01.16 08:07:15.169,1.18051,1.18061,1.12,1.00
2018.01.16 08:07:15.428,1.18049,1.1806,1.12,1.31
2018.01.16 08:07:15.640,1.18048,1.18058,1.50,1.87
2018.01.16 08:07:16.238,1.18043,1.18052,1.95,1.25
2018.01.16 08:07:16.415,1.18039,1.18051,1.13,1.00
2018.01.16 08:07:16.470,1.18038,1.18049,1.87,1.81
2018.01.16 08:07:16.893,1.18036,1.18048,1.31,3.45
2018.01.16 08:07:17.431,1.18035,1.18047,1.69,2.70
2018.01.16 08:07:17.898,1.18039,1.18048,1.00,3.07
2018.01.16 08:07:18.006,1.18039,1.18051,1.19,1.57
2018.01.16 08:07:18.058,1.18041,1.18053,1.31,1.95
2018.01.16 08:07:18.219,1.18042,1.18055,2.25,2.70
2018.01.16 08:07:18.271,1.18043,1.18056,1.87,1.20
2018.01.16 08:07:18.376,1.18041,1.18055,2.81,2.89
2018.01.16 08:07:18.892,1.18043,1.18055,1.00,2.14
2018.01.16 08:07:19.422,1.18044,1.18056,1.00,1.38
2018.01.16 08:07:19.938,1.18044,1.18057,1.25,2.63
2018.01.16 08:07:20.254,1.18046,1.18057,1.31,1.00
2018.01.16 08:07:20.462,1.18052,1.18064,1.12,1.25
2018.01.16 08:07:20.522,1.18054,1.18067,1.12,2.70
2018.01.16 08:07:20.579,1.18053,1.18066,2.25,1.76
2018.01.16 08:07:20.686,1.18055,1.18068,4.12,1.20
2018.01.16 08:07:20.795,1.18056,1.18069,2.25,1.57
2018.01.16 08:07:20.927,1.18056,1.18065,1.12,1.45
2018.01.16 08:07:21.032,1.18048,1.18061,2.25,2.32
2018.01.16 08:07:21.632,1.1805,1.18061,1.00,1.45
2018.01.16 08:07:21.841,1.18049,1.18054,1.12,1.12
2018.01.16 08:07:21.895,1.18048,1.18058,1.12,1.70
2018.01.16 08:07:21.948,1.18043,1.18049,1.12,1.39
2018.01.16 08:07:22.001,1.18043,1.1805,1.12,1.20
2018.01.16 08:07:22.132,1.18037,1.1805,3.19,1.45
2018.01.16 08:07:22.236,1.18035,1.18047,1.44,1.10
2018.01.16 08:07:22.548,1.18034,1.18046,1.25,1.82
2018.01.16 08:07:22.941,1.18039,1.1805,1.37,2.14
2018.01.16 08:07:23.049,1.18042,1.18054,1.87,1.95
2018.01.16 08:07:23.211,1.1804,1.18054,1.87,2.32
2018.01.16 08:07:23.385,1.18036,1.18049,1.50,2.70
2018.01.16 08:07:23.706,1.18037,1.1805,1.50,2.33
2018.01.16 08:07:23.948,1.1804,1.18052,1.12,1.07
2018.01.16 08:07:24.054,1.1804,1.18054,1.31,2.70
2018.01.16 08:07:24.158,1.1804,1.18053,2.44,1.10
2018.01.16 08:07:24.372,1.18042,1.18056,2.81,1.95
2018.01.16 08:07:24.585,1.18043,1.18055,1.31,1.95
2018.01.16 08:07:24.759,1.18039,1.18053,2.33,2.81
2018.01.16 08:07:24.812,1.18039,1.18051,1.00,2.63
2018.01.16 08:07:24.917,1.18041,1.18053,1.63,1.00
2018.01.16 08:07:24.970,1.18042,1.18056,2.06,2.44
2018.01.16 08:07:25.024,1.18044,1.18056,1.87,1.00
2018.01.16 08:07:25.204,1.18043,1.18056,1.12,1.88
2018.01.16 08:07:25.258,1.18043,1.18055,1.31,1.19
2018.01.16 08:07:25.578,1.18045,1.18056,1.37,1.94
2018.01.16 08:07:25.686,1.18042,1.18054,1.50,1.44
2018.01.16 08:07:26.192,1.18039,1.18053,2.44,2.44
2018.01.16 08:07:26.401,1.18039,1.18053,2.44,3.64
2018.01.16 08:07:26.689,1.18041,1.18053,3.19,1.95
2018.01.16 08:07:26.949,1.18039,1.18053,2.44,2.89
2018.01.16 08:07:27.399,1.1804,1.18053,2.25,1.57
2018.01.16 08:07:27.926,1.18039,1.18053,2.25,3.08
2018.01.16 08:07:28.364,1.1804,1.18053,2.44,1.39
2018.01.16 08:07:28.915,1.1804,1.18054,4.13,2.32
2018.01.16 08:07:29.175,1.18042,1.18055,1.19,4.20
2018.01.16 08:07:29.755,1.1804,1.18054,1.88,3.08
2018.01.16 08:07:29.808,1.1804,1.18054,2.44,2.33
2018.01.16 08:07:29.860,1.1804,1.18053,1.69,1.00
2018.01.16 08:07:29.965,1.18039,1.18053,2.25,1.95
2018.01.16 08:07:30.159,1.18039,1.18053,1.69,3.00
2018.01.16 08:07:30.213,1.18036,1.1805,3.45,2.63
2018.01.16 08:07:30.335,1.18035,1.18047,1.00,1.00
2018.01.16 08:07:30.648,1.18034,1.18048,2.62,1.87
2018.01.16 08:07:31.133,1.18034,1.18048,1.12,2.70
2018.01.16 08:07:31.250,1.18035,1.18047,1.25,1.12
2018.01.16 08:07:31.427,1.18036,1.1805,3.00,2.06
2018.01.16 08:07:31.790,1.18037,1.1805,1.69,1.75
2018.01.16 08:07:31.950,1.18036,1.18048,1.69,1.00
2018.01.16 08:07:32.004,1.18038,1.1805,1.19,1.13
2018.01.16 08:07:32.121,1.18038,1.18051,1.44,1.38
2018.01.16 08:07:32.174,1.18036,1.1805,1.69,2.81
2018.01.16 08:07:32.279,1.18034,1.18048,2.06,1.44
2018.01.16 08:07:32.542,1.18037,1.18049,1.12,1.37
2018.01.16 08:07:32.647,1.18037,1.18051,1.50,2.44
2018.01.16 08:07:33.154,1.18037,1.18051,3.19,1.88
2018.01.16 08:07:33.206,1.18037,1.1805,2.44,1.38
2018.01.16 08:07:33.424,1.18036,1.18048,1.00,1.13
2018.01.16 08:07:33.954,1.18037,1.18048,1.00,1.12
2018.01.16 08:07:34.007,1.18039,1.18051,1.00,1.82
2018.01.16 08:07:34.060,1.18039,1.18052,1.12,1.45
2018.01.16 08:07:34.114,1.1804,1.18052,1.00,1.00
2018.01.16 08:07:34.415,1.18039,1.1805,1.10,1.13
2018.01.16 08:07:34.526,1.18039,1.18052,1.50,1.58
2018.01.16 08:07:34.969,1.1804,1.18053,1.95,2.00
2018.01.16 08:07:35.074,1.18042,1.18055,1.95,1.38
2018.01.16 08:07:35.232,1.18046,1.18056,1.00,1.63
2018.01.16 08:07:35.285,1.18047,1.18058,1.00,1.13
2018.01.16 08:07:35.390,1.18049,1.1806,1.20,1.50
2018.01.16 08:07:35.666,1.18047,1.18058,1.20,1.69
2018.01.16 08:07:36.185,1.18048,1.18058,1.00,1.31
2018.01.16 08:07:36.546,1.18046,1.18059,1.12,2.44
2018.01.16 08:07:37.052,1.18046,1.18057,1.00,1.12
2018.01.16 08:07:37.518,1.18046,1.18058,1.76,1.69
2018.01.16 08:07:37.871,1.18048,1.18059,1.47,1.12
2018.01.16 08:07:38.667,1.18051,1.18063,1.00,2.44
2018.01.16 08:07:38.771,1.18051,1.18062,1.00,1.00
2018.01.16 08:07:38.929,1.18054,1.18063,1.00,1.88
2018.01.16 08:07:38.981,1.18055,1.18064,1.00,1.00
2018.01.16 08:07:39.554,1.18053,1.18064,1.87,1.13
2018.01.16 08:07:40.181,1.18053,1.18064,1.12,1.50
2018.01.16 08:07:40.439,1.18055,1.18066,1.12,1.95
2018.01.16 08:07:40.856,1.18056,1.18068,1.12,1.95
2018.01.16 08:07:41.026,1.1806,1.1807,1.50,1.20
2018.01.16 08:07:41.079,1.18059,1.18071,1.87,1.39
2018.01.16 08:07:41.340,1.18061,1.18069,1.00,1.12
2018.01.16 08:07:41.394,1.18058,1.1807,1.00,2.70
2018.01.16 08:07:41.504,1.18056,1.18067,1.50,1.31
2018.01.16 08:07:41.664,1.18062,1.18067,1.00,1.19
2018.01.16 08:07:41.717,1.18059,1.18067,1.00,1.00
2018.01.16 08:07:41.826,1.18055,1.18069,1.87,1.95
2018.01.16 08:07:41.883,1.18059,1.18068,1.00,1.00
2018.01.16 08:07:41.958,1.18056,1.18068,1.44,1.47
2018.01.16 08:07:42.011,1.1806,1.18069,1.00,1.57
2018.01.16 08:07:42.175,1.18061,1.18072,1.00,1.01
2018.01.16 08:07:42.229,1.18064,1.18073,1.00,1.57
2018.01.16 08:07:42.439,1.18065,1.18076,1.00,1.10
2018.01.16 08:07:42.491,1.18065,1.18078,1.87,1.01
2018.01.16 08:07:42.725,1.18068,1.18078,1.00,1.10
2018.01.16 08:07:43.269,1.18069,1.18079,1.00,1.25
2018.01.16 08:07:43.820,1.18068,1.18078,1.00,1.63
2018.01.16 08:07:43.877,1.18066,1.18077,1.00,1.00
2018.01.16 08:07:44.139,1.1807,1.1808,1.12,1.76
2018.01.16 08:07:44.246,1.18077,1.18088,1.00,1.39
2018.01.16 08:07:44.299,1.18078,1.18089,1.87,1.31
2018.01.16 08:07:44.872,1.1808,1.1809,1.50,1.69
2018.01.16 08:07:44.976,1.18082,1.18092,1.00,1.31
2018.01.16 08:07:45.133,1.18084,1.18092,1.50,1.00
2018.01.16 08:07:45.650,1.18085,1.18093,1.50,1.19
2018.01.16 08:07:45.702,1.18085,1.18095,1.50,1.31
2018.01.16 08:07:45.806,1.18087,1.18097,1.50,1.81
2018.01.16 08:07:45.965,1.18091,1.18103,1.00,2.25
2018.01.16 08:07:46.436,1.18093,1.18101,1.00,1.00
2018.01.16 08:07:46.953,1.18094,1.18102,1.00,1.00
2018.01.16 08:07:47.111,1.18092,1.18102,1.00,1.25
2018.01.16 08:07:47.694,1.18093,1.18103,1.00,1.69
2018.01.16 08:07:48.262,1.18093,1.18104,1.00,2.06
2018.01.16 08:07:48.367,1.18091,1.18103,2.06,1.31
2018.01.16 08:07:48.421,1.18091,1.18103,1.87,1.63
2018.01.16 08:07:48.927,1.18088,1.18099,1.12,1.63
2018.01.16 08:07:49.511,1.18087,1.181,1.31,2.51
2018.01.16 08:07:50.396,1.18087,1.18099,1.89,1.12
2018.01.16 08:07:50.870,1.18089,1.18102,2.25,1.37
2018.01.16 08:07:50.975,1.18092,1.18104,1.00,1.00
2018.01.16 08:07:51.254,1.18092,1.18104,1.00,1.37
2018.01.16 08:07:51.565,1.18093,1.18104,1.00,1.20
2018.01.16 08:07:52.063,1.18092,1.18103,1.00,1.38
2018.01.16 08:07:52.427,1.1809,1.18104,2.62,1.69
2018.01.16 08:07:52.531,1.1809,1.18104,1.87,1.87
2018.01.16 08:07:52.797,1.18089,1.18101,1.25,1.00
2018.01.16 08:07:52.850,1.18086,1.181,2.14,1.50
2018.01.16 08:07:53.164,1.18084,1.18098,1.31,2.81
2018.01.16 08:07:53.269,1.18085,1.18098,1.31,1.25
2018.01.16 08:07:53.532,1.18084,1.18097,1.00,1.69
2018.01.16 08:07:54.054,1.18084,1.18097,2.25,1.63
2018.01.16 08:07:54.160,1.18085,1.18097,1.13,1.25
2018.01.16 08:07:54.320,1.18085,1.18098,2.25,1.63
2018.01.16 08:07:55.052,1.18085,1.18098,1.31,1.81
2018.01.16 08:07:55.107,1.18085,1.18098,1.12,1.63
2018.01.16 08:07:55.367,1.18085,1.18098,1.50,1.44
2018.01.16 08:07:55.574,1.18087,1.18098,1.00,1.00
2018.01.16 08:07:55.904,1.18085,1.18099,2.25,2.44
2018.01.16 08:07:56.485,1.18084,1.18098,3.00,2.06
2018.01.16 08:07:56.741,1.18084,1.18098,3.00,1.69
2018.01.16 08:07:57.158,1.18085,1.18097,1.00,1.63
2018.01.16 08:07:57.211,1.18085,1.18098,1.38,1.69
2018.01.16 08:07:57.799,1.18085,1.18098,1.00,1.69
2018.01.16 08:07:57.958,1.18082,1.18096,2.25,1.31
2018.01.16 08:07:58.193,1.18085,1.18098,1.12,1.95
2018.01.16 08:07:58.717,1.18085,1.18098,1.13,1.69
2018.01.16 08:07:59.244,1.18085,1.18098,1.38,1.19
2018.01.16 08:07:59.763,1.18085,1.18098,1.00,1.50
2018.01.16 08:08:00.175,1.18088,1.181,1.10,2.06
2018.01.16 08:08:00.494,1.18089,1.18103,2.70,1.50
2018.01.16 08:08:00.808,1.18089,1.18103,1.95,1.50
2018.01.16 08:08:01.344,1.1809,1.18103,1.20,1.69
2018.01.16 08:08:01.939,1.18091,1.18103,1.10,1.69
2018.01.16 08:08:02.461,1.18091,1.18103,1.08,1.69
2018.01.16 08:08:03.078,1.18089,1.18102,3.75,1.25
2018.01.16 08:08:03.136,1.18088,1.181,1.76,1.25
2018.01.16 08:08:03.242,1.18088,1.18098,1.00,1.25
2018.01.16 08:08:03.768,1.18087,1.181,1.70,1.87
2018.01.16 08:08:03.822,1.18089,1.18101,1.10,1.12
2018.01.16 08:08:03.984,1.1809,1.18103,2.32,1.31
2018.01.16 08:08:04.495,1.18092,1.18104,1.10,2.81
2018.01.16 08:08:04.997,1.1809,1.18104,4.01,2.44
2018.01.16 08:08:06.213,1.18092,1.18105,2.51,1.37
2018.01.16 08:08:06.321,1.18095,1.18108,3.08,2.63
2018.01.16 08:08:06.859,1.18095,1.18108,2.51,2.44
2018.01.16 08:08:07.168,1.18094,1.18106,1.95,1.50
2018.01.16 08:08:07.685,1.18093,1.18106,1.76,2.81
2018.01.16 08:08:07.997,1.18092,1.18104,1.70,1.25
2018.01.16 08:08:08.835,1.18091,1.18105,2.51,3.56
2018.01.16 08:08:09.097,1.18093,1.18104,1.70,1.00
2018.01.16 08:08:09.202,1.18097,1.18108,1.00,2.25
2018.01.16 08:08:09.358,1.181,1.18113,1.58,2.63
2018.01.16 08:08:09.756,1.18099,1.18111,2.07,1.62
2018.01.16 08:08:10.173,1.181,1.18112,1.76,1.50
2018.01.16 08:08:10.373,1.18098,1.1811,3.45,1.00
2018.01.16 08:08:10.894,1.18103,1.18114,1.00,2.62
2018.01.16 08:08:11.126,1.18104,1.18117,1.87,1.62
2018.01.16 08:08:11.637,1.18105,1.18116,1.39,1.00
2018.01.16 08:08:11.947,1.18104,1.18115,1.58,1.31
2018.01.16 08:08:12.109,1.18099,1.18112,3.26,1.69
2018.01.16 08:08:12.632,1.18098,1.1811,2.33,1.69
2018.01.16 08:08:12.861,1.18099,1.1811,1.10,1.13
2018.01.16 08:08:13.433,1.18098,1.1811,2.51,1.00
2018.01.16 08:08:14.343,1.18099,1.18111,1.70,1.38
2018.01.16 08:08:15.786,1.18098,1.18111,1.95,1.63
2018.01.16 08:08:16.305,1.18098,1.18111,1.95,1.63
2018.01.16 08:08:17.012,1.18099,1.18111,1.87,1.38
2018.01.16 08:08:17.066,1.181,1.18111,1.50,1.00
2018.01.16 08:08:18.534,1.181,1.18112,1.44,1.87
2018.01.16 08:08:19.080,1.18099,1.18112,2.25,2.06
2018.01.16 08:08:19.586,1.18098,1.1811,1.62,1.00
2018.01.16 08:08:19.890,1.18097,1.1811,1.69,1.44
2018.01.16 08:08:20.408,1.18097,1.1811,1.50,2.44
2018.01.16 08:08:20.742,1.18098,1.1811,1.88,1.25
2018.01.16 08:08:21.057,1.18096,1.18107,1.00,1.13
2018.01.16 08:08:21.388,1.18094,1.18107,1.12,1.94
2018.01.16 08:08:21.809,1.18096,1.18109,2.63,1.31
2018.01.16 08:08:22.161,1.181,1.18112,1.69,1.38
2018.01.16 08:08:22.782,1.18099,1.18112,1.31,1.63
2018.01.16 08:08:24.088,1.18099,1.18111,2.44,1.25
2018.01.16 08:08:24.632,1.18098,1.18112,2.51,2.44
2018.01.16 08:08:25.893,1.18101,1.18112,1.44,1.87
2018.01.16 08:08:25.945,1.18099,1.18111,1.44,2.62
2018.01.16 08:08:26.116,1.18097,1.18111,1.88,2.81
2018.01.16 08:08:26.629,1.18097,1.18111,2.44,2.81
2018.01.16 08:08:28.784,1.18097,1.1811,1.69,1.25
2018.01.16 08:08:29.309,1.18097,1.1811,1.31,1.38
2018.01.16 08:08:30.327,1.18094,1.18107,1.31,1.38
2018.01.16 08:08:31.407,1.18093,1.18107,2.25,2.44
2018.01.16 08:08:32.688,1.18091,1.18105,1.76,2.81
2018.01.16 08:08:32.793,1.18089,1.18103,2.44,2.06
2018.01.16 08:08:33.344,1.18092,1.18104,1.12,1.13
2018.01.16 08:08:34.752,1.18092,1.18105,1.12,1.81
2018.01.16 08:08:35.302,1.18092,1.18105,2.06,2.00
2018.01.16 08:08:36.727,1.18092,1.18105,1.31,1.81
2018.01.16 08:08:37.203,1.18094,1.18105,1.25,1.37
2018.01.16 08:08:37.516,1.18094,1.18105,1.38,1.10
2018.01.16 08:08:37.622,1.18098,1.18108,1.00,1.57
2018.01.16 08:08:38.734,1.18098,1.18109,1.25,1.20
2018.01.16 08:08:41.894,1.18098,1.1811,1.87,1.45
2018.01.16 08:08:42.425,1.18098,1.1811,1.25,1.70
2018.01.16 08:08:43.558,1.181,1.1811,1.00,1.39
2018.01.16 08:08:44.658,1.18098,1.18109,1.00,1.39
2018.01.16 08:08:45.192,1.18097,1.18109,1.00,1.81
2018.01.16 08:08:45.508,1.18099,1.18109,1.00,1.62
2018.01.16 08:08:45.767,1.18097,1.18109,1.25,1.50
2018.01.16 08:08:46.235,1.18094,1.18105,2.32,1.13
2018.01.16 08:08:46.431,1.18093,1.18105,2.44,1.13
2018.01.16 08:08:47.160,1.18093,1.18105,1.87,1.38
2018.01.16 08:08:47.787,1.18093,1.18106,1.31,1.38
2018.01.16 08:08:48.056,1.18093,1.18104,1.12,1.38
2018.01.16 08:08:48.602,1.18092,1.18105,3.00,1.50
2018.01.16 08:08:49.119,1.18094,1.18106,1.25,1.62
2018.01.16 08:08:52.042,1.18095,1.18107,1.00,1.38
2018.01.16 08:08:52.584,1.18096,1.18107,1.00,1.38
2018.01.16 08:08:52.843,1.18096,1.18108,1.00,1.62
2018.01.16 08:08:52.896,1.18098,1.1811,1.69,1.57
2018.01.16 08:08:53.218,1.18102,1.18112,1.00,1.25
2018.01.16 08:08:53.807,1.181,1.18112,1.44,1.69
2018.01.16 08:08:54.338,1.181,1.18112,1.25,2.06
2018.01.16 08:08:55.734,1.181,1.18113,3.00,2.25
2018.01.16 08:08:55.941,1.18099,1.18111,1.76,1.00
2018.01.16 08:08:56.965,1.18099,1.18111,1.50,1.48
2018.01.16 08:08:57.817,1.18099,1.18111,1.50,1.01
2018.01.16 08:08:58.148,1.18097,1.18106,1.50,1.91
2018.01.16 08:08:58.252,1.18092,1.18104,1.69,3.97
2018.01.16 08:08:58.304,1.18092,1.18103,1.25,3.45
2018.01.16 08:08:58.597,1.1809,1.18101,1.69,1.45
2018.01.16 08:08:59.161,1.18092,1.18101,1.00,1.01
2018.01.16 08:08:59.746,1.18091,1.18101,1.00,1.45
2018.01.16 08:09:00.283,1.18091,1.18101,1.00,1.00
2018.01.16 08:09:00.799,1.1809,1.18101,1.50,1.00
2018.01.16 08:09:01.352,1.18089,1.18101,1.31,1.31
2018.01.16 08:09:01.896,1.18089,1.18101,1.12,1.44
2018.01.16 08:09:03.298,1.18088,1.18101,2.06,1.56
2018.01.16 08:09:03.623,1.18086,1.18098,1.31,1.25
2018.01.16 08:09:03.945,1.18084,1.18098,1.39,2.62
2018.01.16 08:09:04.470,1.18084,1.18097,1.31,1.01
2018.01.16 08:09:05.893,1.18083,1.18097,2.06,2.51
2018.01.16 08:09:06.154,1.18079,1.18092,2.51,1.69
2018.01.16 08:09:06.209,1.18078,1.18091,1.31,1.69
2018.01.16 08:09:06.370,1.18076,1.18088,1.12,1.19
2018.01.16 08:09:06.476,1.18073,1.18087,2.81,1.39
2018.01.16 08:09:07.090,1.18072,1.18086,2.25,1.76
2018.01.16 08:09:07.699,1.18072,1.18085,2.25,1.00
2018.01.16 08:09:08.596,1.18074,1.18087,2.44,2.19
2018.01.16 08:09:09.120,1.18075,1.18088,1.62,1.85
2018.01.16 08:09:10.786,1.18074,1.18088,4.50,1.95
2018.01.16 08:09:11.152,1.18075,1.18089,3.00,3.64
2018.01.16 08:09:11.311,1.18077,1.18089,2.25,1.37
2018.01.16 08:09:11.819,1.18079,1.18092,2.06,2.44
2018.01.16 08:09:11.871,1.18079,1.18092,2.06,2.06
2018.01.16 08:09:12.083,1.18082,1.18094,1.50,2.32
2018.01.16 08:09:12.240,1.18084,1.18096,1.12,1.39
2018.01.16 08:09:12.420,1.18083,1.18095,3.19,3.00
2018.01.16 08:09:12.474,1.18083,1.18097,3.75,1.85
2018.01.16 08:09:13.075,1.18085,1.18097,1.45,1.31
2018.01.16 08:09:13.231,1.18087,1.18098,1.20,1.50
2018.01.16 08:09:13.782,1.18087,1.18098,1.20,2.25
2018.01.16 08:09:14.218,1.18088,1.18099,2.06,1.50
2018.01.16 08:09:14.508,1.18093,1.18104,1.20,3.75
2018.01.16 08:09:14.827,1.18094,1.18106,2.14,2.06
2018.01.16 08:09:15.297,1.18095,1.18107,1.20,3.00
2018.01.16 08:09:15.349,1.18096,1.18107,1.47,1.31
2018.01.16 08:09:15.744,1.18097,1.18109,1.70,1.12
2018.01.16 08:09:16.004,1.18098,1.18108,1.20,1.50
2018.01.16 08:09:16.475,1.18093,1.18104,1.20,1.31
2018.01.16 08:09:16.584,1.18092,1.18104,2.32,1.00
2018.01.16 08:09:16.846,1.18093,1.18105,1.20,2.06
2018.01.16 08:09:17.209,1.18095,1.18106,1.95,1.25
2018.01.16 08:09:17.316,1.18097,1.18108,1.20,1.50
2018.01.16 08:09:17.837,1.18098,1.18107,1.20,1.69
2018.01.16 08:09:18.358,1.18097,1.18105,1.20,1.25
2018.01.16 08:09:18.861,1.18096,1.18107,1.47,1.31
2018.01.16 08:09:19.208,1.18094,1.18103,1.45,1.19
2018.01.16 08:09:19.750,1.18094,1.18103,1.20,1.69
2018.01.16 08:09:20.296,1.18093,1.18098,1.20,1.25
2018.01.16 08:09:20.351,1.18088,1.18096,1.45,1.19
2018.01.16 08:09:20.407,1.18085,1.18092,1.20,2.81
2018.01.16 08:09:20.461,1.18081,1.18087,2.62,1.00
2018.01.16 08:09:20.514,1.18074,1.18082,1.20,1.25
2018.01.16 08:09:20.566,1.18072,1.1808,1.20,1.00
2018.01.16 08:09:20.673,1.18067,1.18079,1.95,2.62
2018.01.16 08:09:20.778,1.1807,1.18081,1.20,1.00
2018.01.16 08:09:21.112,1.18068,1.1808,1.39,2.44
2018.01.16 08:09:22.544,1.18069,1.18078,1.20,1.37
2018.01.16 08:09:23.064,1.18068,1.18078,1.20,1.69
2018.01.16 08:09:23.695,1.18068,1.18079,1.39,1.00
2018.01.16 08:09:23.805,1.18067,1.18077,1.47,1.25
2018.01.16 08:09:24.082,1.18068,1.1808,1.01,1.87
2018.01.16 08:09:24.135,1.1807,1.18081,1.20,1.88
2018.01.16 08:09:24.653,1.18071,1.18081,1.20,1.37
2018.01.16 08:09:26.199,1.18066,1.18071,1.20,1.00
2018.01.16 08:09:26.303,1.18064,1.1807,1.20,1.13
2018.01.16 08:09:26.356,1.1806,1.1807,1.20,1.31
2018.01.16 08:09:27.135,1.1806,1.1807,1.20,2.25
2018.01.16 08:09:28.115,1.18058,1.18068,1.45,1.87
2018.01.16 08:09:28.727,1.18058,1.18069,1.39,1.69
2018.01.16 08:09:29.717,1.18057,1.18066,1.45,1.19
2018.01.16 08:09:29.770,1.18054,1.18064,1.39,1.00
2018.01.16 08:09:29.825,1.18054,1.18062,1.20,1.00
2018.01.16 08:09:29.879,1.18052,1.18064,1.58,2.62
2018.01.16 08:09:30.577,1.18054,1.18064,1.20,1.87
2018.01.16 08:09:31.254,1.18054,1.18065,1.20,1.88
2018.01.16 08:09:31.307,1.18054,1.18066,1.95,1.12
2018.01.16 08:09:31.411,1.18056,1.18068,1.76,1.50
2018.01.16 08:09:31.939,1.18058,1.18068,1.20,1.00
2018.01.16 08:09:33.640,1.18058,1.18069,1.58,1.50
2018.01.16 08:09:35.080,1.18059,1.18069,1.39,1.00
2018.01.16 08:09:35.719,1.18059,1.18069,1.47,1.00
2018.01.16 08:09:35.775,1.18063,1.18073,1.89,1.00
2018.01.16 08:09:36.294,1.18064,1.18075,1.39,2.25
2018.01.16 08:09:39.310,1.18063,1.18073,1.20,1.50
2018.01.16 08:09:39.626,1.18059,1.18069,1.70,1.00
2018.01.16 08:09:39.936,1.18058,1.18069,1.58,2.06
2018.01.16 08:09:39.989,1.18058,1.18066,1.20,1.13
2018.01.16 08:09:40.043,1.18055,1.18066,2.51,1.13
2018.01.16 08:09:40.098,1.18054,1.18063,1.20,2.25
2018.01.16 08:09:40.304,1.1805,1.1806,1.20,2.25
2018.01.16 08:09:40.825,1.18051,1.18061,1.39,1.12
2018.01.16 08:09:41.363,1.18051,1.18062,1.39,1.50
2018.01.16 08:09:42.033,1.18054,1.18064,1.39,1.12
2018.01.16 08:09:42.138,1.18055,1.18066,1.47,1.50
2018.01.16 08:09:43.075,1.18056,1.18065,1.20,1.37
2018.01.16 08:09:43.713,1.18055,1.18065,1.20,1.87
2018.01.16 08:09:44.200,1.18054,1.18062,1.47,1.37
2018.01.16 08:09:44.253,1.18052,1.18062,1.57,1.37
2018.01.16 08:09:44.509,1.18053,1.18064,1.89,1.50
2018.01.16 08:09:45.028,1.18055,1.18064,1.20,1.00
2018.01.16 08:09:45.530,1.18055,1.18066,1.20,2.25
2018.01.16 08:09:46.049,1.18055,1.18066,1.89,1.37
2018.01.16 08:09:46.553,1.18054,1.18066,2.14,1.37
2018.01.16 08:09:47.015,1.18056,1.18066,1.47,1.37
2018.01.16 08:09:48.134,1.18056,1.18067,1.39,1.87
2018.01.16 08:09:48.527,1.18056,1.18069,1.70,2.81
2018.01.16 08:09:48.631,1.18058,1.18071,1.39,2.81
2018.01.16 08:09:48.683,1.18059,1.18071,1.45,2.81
2018.01.16 08:09:51.342,1.18059,1.1807,1.20,2.25
2018.01.16 08:09:51.867,1.18058,1.18069,1.95,1.31
2018.01.16 08:09:52.831,1.18058,1.18068,1.58,1.00
2018.01.16 08:09:53.238,1.18052,1.18064,1.58,1.50
2018.01.16 08:09:53.772,1.18052,1.18064,1.10,1.31
2018.01.16 08:09:54.279,1.18052,1.18064,1.20,1.50
2018.01.16 08:09:54.800,1.18052,1.18065,2.70,1.12
2018.01.16 08:09:57.060,1.18055,1.18066,1.39,2.25
2018.01.16 08:09:57.217,1.18056,1.18068,1.58,2.25
2018.01.16 08:09:57.719,1.18058,1.18069,1.10,2.44
2018.01.16 08:09:58.220,1.18058,1.18069,1.58,2.44
2018.01.16 08:10:00.017,1.18058,1.18069,1.20,1.88
2018.01.16 08:10:00.542,1.18059,1.18069,1.20,1.69
2018.01.16 08:10:01.155,1.18059,1.18069,1.58,1.00
2018.01.16 08:10:02.180,1.18062,1.18072,2.32,1.25
2018.01.16 08:10:02.336,1.18065,1.18075,1.95,1.00
2018.01.16 08:10:02.389,1.18065,1.18078,2.70,2.25
2018.01.16 08:10:02.926,1.18068,1.18077,1.20,1.12
2018.01.16 08:10:03.966,1.18066,1.18078,1.38,3.00
2018.01.16 08:10:04.073,1.18065,1.18076,1.00,1.50
2018.01.16 08:10:04.681,1.18064,1.18076,1.50,2.81
2018.01.16 08:10:06.155,1.18065,1.18076,1.58,3.37
2018.01.16 08:10:07.520,1.18066,1.18075,1.45,1.50
2018.01.16 08:10:07.815,1.18065,1.18075,1.20,3.00
2018.01.16 08:10:07.921,1.18065,1.18074,1.20,3.56
2018.01.16 08:10:08.232,1.18061,1.1807,1.20,2.06
2018.01.16 08:10:08.570,1.18059,1.18069,1.20,2.25
2018.01.16 08:10:09.372,1.18058,1.18069,1.89,1.12
2018.01.16 08:10:09.665,1.1806,1.1807,1.45,3.00
2018.01.16 08:10:10.186,1.1806,1.18069,1.20,1.50
2018.01.16 08:10:10.629,1.1806,1.18071,1.20,2.25
2018.01.16 08:10:11.152,1.18061,1.18071,1.20,1.50
2018.01.16 08:10:11.302,1.18061,1.18071,1.20,1.50
2018.01.16 08:10:12.259,1.18058,1.18071,1.88,1.50
2018.01.16 08:10:12.855,1.1806,1.18073,2.63,4.13
2018.01.16 08:10:14.368,1.18059,1.18073,2.81,4.12
2018.01.16 08:10:14.606,1.18062,1.18074,1.70,1.12
2018.01.16 08:10:15.020,1.18065,1.18075,1.20,1.00
2018.01.16 08:10:16.684,1.18064,1.18075,1.76,1.50
2018.01.16 08:10:18.180,1.18064,1.18075,1.39,1.00
2018.01.16 08:10:20.384,1.18064,1.18076,1.83,1.50
2018.01.16 08:10:20.694,1.18067,1.18078,1.45,1.50
2018.01.16 08:10:23.277,1.18066,1.18077,1.57,2.25
2018.01.16 08:10:23.545,1.18067,1.18078,1.20,1.69
2018.01.16 08:10:24.105,1.18068,1.18079,1.00,1.25
2018.01.16 08:10:24.212,1.1807,1.18082,1.20,2.63
2018.01.16 08:10:24.730,1.1807,1.18081,1.70,1.00
2018.01.16 08:10:25.558,1.1807,1.18081,1.39,2.25
2018.01.16 08:10:25.915,1.18068,1.18079,1.45,1.88
2018.01.16 08:10:26.227,1.18067,1.18077,1.45,1.25
2018.01.16 08:10:27.936,1.18067,1.18077,1.20,1.19
2018.01.16 08:10:28.147,1.18065,1.18077,1.57,3.75
2018.01.16 08:10:30.091,1.18064,1.18076,1.89,1.50
2018.01.16 08:10:33.897,1.18065,1.18076,1.20,1.75
2018.01.16 08:10:34.541,1.18065,1.18076,1.20,1.62
2018.01.16 08:10:35.088,1.18066,1.18077,1.95,1.00
2018.01.16 08:10:35.141,1.18068,1.18081,1.58,3.00
2018.01.16 08:10:35.246,1.18069,1.18081,1.45,2.25
2018.01.16 08:10:38.264,1.18068,1.1808,1.45,1.75
2018.01.16 08:10:38.316,1.1807,1.18081,1.10,1.63
2018.01.16 08:10:38.472,1.1807,1.18082,2.33,1.81
2018.01.16 08:10:39.618,1.18072,1.18083,1.10,2.06
2018.01.16 08:10:40.327,1.18072,1.18083,1.89,1.12
2018.01.16 08:10:40.664,1.18077,1.18089,1.45,1.88
2018.01.16 08:10:40.979,1.18077,1.1809,3.45,1.37
2018.01.16 08:10:41.493,1.1808,1.18092,1.20,1.88
2018.01.16 08:10:42.139,1.1808,1.18093,1.20,1.69
2018.01.16 08:10:43.095,1.1808,1.18092,1.01,1.62
2018.01.16 08:10:43.684,1.1808,1.18091,1.01,1.37
2018.01.16 08:10:44.216,1.18079,1.18092,1.39,2.25
2018.01.16 08:10:44.736,1.18078,1.18092,5.14,3.00
2018.01.16 08:10:45.269,1.18086,1.18096,1.00,4.69
2018.01.16 08:10:45.581,1.18084,1.18097,3.07,1.31
2018.01.16 08:10:46.093,1.18084,1.18097,2.32,1.31
2018.01.16 08:10:46.625,1.18086,1.18099,1.39,1.81
2018.01.16 08:10:47.130,1.18086,1.18099,1.20,2.25
2018.01.16 08:10:47.494,1.18083,1.18096,3.07,1.50
2018.01.16 08:10:48.096,1.18087,1.18096,1.45,2.25
2018.01.16 08:10:48.645,1.18083,1.18096,1.57,2.25
2018.01.16 08:10:49.080,1.18082,1.18093,3.07,1.31
2018.01.16 08:10:49.605,1.18083,1.18096,1.45,1.87
2018.01.16 08:10:49.711,1.18083,1.18092,1.45,1.00
2018.01.16 08:10:50.093,1.18084,1.18095,1.20,1.62
2018.01.16 08:10:50.689,1.18085,1.18095,1.20,1.50
2018.01.16 08:10:54.333,1.18085,1.18096,1.45,1.62
2018.01.16 08:10:54.438,1.18087,1.18098,1.20,1.81
2018.01.16 08:10:54.648,1.1809,1.18099,1.20,1.81
2018.01.16 08:11:00.403,1.1809,1.18101,1.20,2.44
2018.01.16 08:11:00.559,1.18093,1.18102,1.20,2.06
2018.01.16 08:11:00.663,1.18089,1.18102,1.00,2.25
2018.01.16 08:11:01.315,1.1809,1.18103,1.12,1.62
2018.01.16 08:11:01.860,1.18091,1.18103,1.00,1.81
2018.01.16 08:11:02.069,1.18089,1.18103,3.26,3.00
2018.01.16 08:11:02.606,1.18089,1.18102,1.95,1.81
2018.01.16 08:11:03.133,1.18092,1.18102,1.20,2.25
2018.01.16 08:11:03.829,1.18091,1.18102,1.20,2.25
2018.01.16 08:11:05.335,1.18091,1.18102,1.20,1.81
2018.01.16 08:11:05.875,1.18091,1.18102,1.20,1.75
2018.01.16 08:11:07.263,1.18091,1.18102,1.20,1.81
2018.01.16 08:11:07.872,1.18092,1.18102,1.20,1.81
2018.01.16 08:11:08.314,1.18094,1.18104,1.00,1.69
2018.01.16 08:11:08.573,1.18096,1.18106,1.20,1.62
2018.01.16 08:11:10.928,1.18097,1.18106,1.20,1.62
2018.01.16 08:11:11.435,1.18097,1.18108,1.45,2.62
2018.01.16 08:11:11.954,1.18098,1.18108,1.20,1.31
2018.01.16 08:11:12.466,1.18097,1.18106,1.20,2.25
2018.01.16 08:11:13.804,1.18096,1.18106,1.20,2.25
2018.01.16 08:11:14.122,1.18092,1.18105,2.89,1.62
2018.01.16 08:11:15.234,1.18092,1.18105,2.89,1.81
2018.01.16 08:11:16.059,1.18092,1.18105,2.32,2.25
2018.01.16 08:11:18.393,1.18092,1.18104,2.89,1.62
2018.01.16 08:11:18.723,1.1809,1.18101,1.10,1.50
2018.01.16 08:11:19.248,1.1809,1.18102,1.45,4.13
2018.01.16 08:11:19.785,1.18091,1.18102,1.45,3.00
2018.01.16 08:11:20.964,1.1809,1.18102,1.13,2.25
2018.01.16 08:11:21.481,1.18089,1.181,1.00,1.50
2018.01.16 08:11:21.791,1.18087,1.181,3.19,1.50
2018.01.16 08:11:22.277,1.18089,1.18101,1.00,3.94
2018.01.16 08:11:22.825,1.18087,1.18101,3.56,3.94
2018.01.16 08:11:24.520,1.18089,1.18101,1.00,2.44
2018.01.16 08:11:24.869,1.18093,1.18104,1.00,2.06
2018.01.16 08:11:25.421,1.18092,1.18104,1.13,2.06
2018.01.16 08:11:26.637,1.18091,1.18104,2.81,1.88
2018.01.16 08:11:26.976,1.18094,1.18104,1.00,1.50
2018.01.16 08:11:27.486,1.18091,1.18103,2.81,1.50
2018.01.16 08:11:28.012,1.1809,1.18102,1.25,1.19
2018.01.16 08:11:28.535,1.18089,1.18101,1.69,1.50
2018.01.16 08:11:29.042,1.18088,1.18101,2.44,1.75
2018.01.16 08:11:29.385,1.18091,1.18103,1.00,4.50
2018.01.16 08:11:29.922,1.18091,1.18103,1.00,3.94
2018.01.16 08:11:30.184,1.1809,1.18103,3.00,1.00
2018.01.16 08:11:30.615,1.1809,1.18103,1.00,3.19
2018.01.16 08:11:30.938,1.18094,1.18106,1.38,3.07
2018.01.16 08:11:31.187,1.18094,1.18107,2.63,1.88
2018.01.16 08:11:31.705,1.18094,1.18107,2.81,3.00
2018.01.16 08:11:33.056,1.18096,1.18107,1.00,1.50
2018.01.16 08:11:33.819,1.18095,1.18107,2.44,1.50
2018.01.16 08:11:34.085,1.18093,1.18103,1.50,1.00
2018.01.16 08:11:34.262,1.18095,1.18107,1.00,2.06
2018.01.16 08:11:34.632,1.18095,1.18108,1.50,2.06
2018.01.16 08:11:35.340,1.18096,1.18109,1.38,2.06
2018.01.16 08:11:36.978,1.18099,1.1811,1.25,2.25
2018.01.16 08:11:37.196,1.18095,1.18106,1.95,1.00
2018.01.16 08:11:37.248,1.18097,1.18108,1.13,1.12
2018.01.16 08:11:37.562,1.18095,1.18104,1.31,1.00
2018.01.16 08:11:37.615,1.18092,1.18103,1.58,1.00
2018.01.16 08:11:37.816,1.1809,1.18101,2.25,1.25
2018.01.16 08:11:38.492,1.1809,1.18099,2.44,1.00
2018.01.16 08:11:38.544,1.1809,1.18099,1.69,1.00
2018.01.16 08:11:38.997,1.1809,1.18101,2.06,1.25
2018.01.16 08:11:39.049,1.18092,1.18102,1.00,1.50
2018.01.16 08:11:39.462,1.1809,1.18102,1.13,1.88
2018.01.16 08:11:39.516,1.18088,1.18098,1.12,1.25
2018.01.16 08:11:40.214,1.18086,1.18097,1.95,1.44
2018.01.16 08:11:40.269,1.18086,1.18097,1.20,1.44
2018.01.16 08:11:40.860,1.18085,1.18096,1.13,1.25
2018.01.16 08:11:41.067,1.18085,1.18098,2.25,2.25
2018.01.16 08:11:41.476,1.18084,1.18098,2.62,3.75
2018.01.16 08:11:42.006,1.18086,1.18098,1.13,3.19
2018.01.16 08:11:42.546,1.18087,1.18099,1.00,2.44
2018.01.16 08:11:43.057,1.18086,1.18099,2.25,2.44
2018.01.16 08:11:44.518,1.18085,1.18096,2.06,1.25
2018.01.16 08:11:44.675,1.18082,1.18094,3.45,1.13
2018.01.16 08:11:45.646,1.18081,1.18093,1.25,3.38
2018.01.16 08:11:46.165,1.1808,1.18092,1.00,3.94
2018.01.16 08:11:50.460,1.1808,1.18093,1.50,3.08
2018.01.16 08:11:50.979,1.18079,1.18092,2.25,1.63
2018.01.16 08:11:51.031,1.18079,1.18092,2.25,1.12
2018.01.16 08:11:51.541,1.1808,1.18092,1.00,1.19
2018.01.16 08:11:51.765,1.1808,1.18089,1.00,1.00
2018.01.16 08:11:51.819,1.18077,1.18088,1.00,1.25
2018.01.16 08:11:51.871,1.18077,1.18086,1.00,1.00
2018.01.16 08:11:53.134,1.18076,1.18086,2.06,1.00
2018.01.16 08:11:53.368,1.18079,1.18089,1.00,1.10
2018.01.16 08:11:53.632,1.18081,1.18091,1.87,1.10
2018.01.16 08:11:53.737,1.1808,1.18093,2.25,1.50
2018.01.16 08:11:53.790,1.18078,1.1809,2.32,1.00
2018.01.16 08:11:53.843,1.18076,1.18088,1.00,1.12
2018.01.16 08:11:54.027,1.18074,1.18086,3.37,1.12
2018.01.16 08:11:54.080,1.1807,1.18083,4.50,1.00
2018.01.16 08:11:54.132,1.1807,1.18083,3.94,1.00
2018.01.16 08:11:54.548,1.18068,1.18082,3.19,2.25
2018.01.16 08:11:54.603,1.18068,1.18082,2.25,3.26
2018.01.16 08:11:55.152,1.18069,1.18082,1.81,2.70
2018.01.16 08:11:55.770,1.18067,1.1808,3.00,1.20
2018.01.16 08:11:56.288,1.18068,1.18081,1.88,2.33
2018.01.16 08:11:56.590,1.18067,1.18079,1.69,1.38
2018.01.16 08:11:57.999,1.18065,1.18078,2.44,1.33
2018.01.16 08:11:58.550,1.18067,1.18079,1.31,1.57
2018.01.16 08:11:58.753,1.18062,1.18075,3.75,1.31
2018.01.16 08:11:59.329,1.18064,1.18078,1.69,2.32
2018.01.16 08:11:59.867,1.18064,1.18077,1.31,1.58
2018.01.16 08:12:00.204,1.18062,1.18076,2.81,4.01
2018.01.16 08:12:00.725,1.18062,1.18075,2.25,1.20
2018.01.16 08:12:01.231,1.18062,1.18075,1.38,1.95
2018.01.16 08:12:04.023,1.1806,1.18072,1.48,1.12
2018.01.16 08:12:04.126,1.1806,1.18072,1.20,1.12
2018.01.16 08:12:04.645,1.1806,1.18072,1.39,1.00
2018.01.16 08:12:06.069,1.18059,1.18072,1.83,1.69
2018.01.16 08:12:06.409,1.18069,1.18076,1.13,1.12
2018.01.16 08:12:06.470,1.18071,1.18079,1.50,1.00
2018.01.16 08:12:06.523,1.18071,1.18079,4.13,1.00
2018.01.16 08:12:06.716,1.18073,1.18085,1.19,1.50
2018.01.16 08:12:07.500,1.18074,1.18085,1.19,1.00
2018.01.16 08:12:07.743,1.18076,1.18084,1.48,1.00
2018.01.16 08:12:08.277,1.18075,1.18085,1.48,1.00
2018.01.16 08:12:08.621,1.18068,1.18078,1.83,1.00
2018.01.16 08:12:09.171,1.18068,1.18078,1.58,1.00
2018.01.16 08:12:09.596,1.18067,1.18076,2.33,1.00
2018.01.16 08:12:09.648,1.18067,1.18076,2.14,1.00
2018.01.16 08:12:10.068,1.18067,1.18076,2.51,1.00
2018.01.16 08:12:10.120,1.18067,1.18078,3.26,1.00
2018.01.16 08:12:10.687,1.18068,1.18079,3.08,1.00
2018.01.16 08:12:11.619,1.18068,1.18079,2.14,1.00
2018.01.16 08:12:11.672,1.18068,1.18079,2.32,1.00
2018.01.16 08:12:12.176,1.18068,1.18079,2.51,1.00
2018.01.16 08:12:12.641,1.18068,1.18081,3.45,1.12
2018.01.16 08:12:12.849,1.1807,1.18083,2.00,1.12
2018.01.16 08:12:13.035,1.18072,1.18081,1.63,1.00
2018.01.16 08:12:13.239,1.18072,1.18084,1.95,1.00
2018.01.16 08:12:15.484,1.18072,1.18083,1.20,1.12
2018.01.16 08:12:15.537,1.18071,1.1808,1.85,1.00
2018.01.16 08:12:16.351,1.18071,1.18081,2.89,1.00
2018.01.16 08:12:20.174,1.18071,1.1808,1.32,1.00
2018.01.16 08:12:20.688,1.18072,1.1808,1.44,1.00
2018.01.16 08:12:21.219,1.18072,1.1808,1.38,1.00
2018.01.16 08:12:21.555,1.18073,1.18084,2.25,1.00
2018.01.16 08:12:21.609,1.18074,1.18086,3.45,1.12
2018.01.16 08:12:21.920,1.18075,1.18087,2.70,1.00
2018.01.16 08:12:22.281,1.18078,1.18087,1.38,1.00
2018.01.16 08:12:22.841,1.18078,1.18089,1.48,1.00
2018.01.16 08:12:22.894,1.18077,1.18086,1.76,1.00
2018.01.16 08:12:23.403,1.18076,1.18086,1.48,1.00
2018.01.16 08:12:23.940,1.18075,1.18085,1.95,1.00
2018.01.16 08:12:25.477,1.18075,1.18086,1.58,1.00
2018.01.16 08:12:25.978,1.18076,1.18085,1.48,1.00
2018.01.16 08:12:26.493,1.18075,1.18085,1.95,1.00
2018.01.16 08:12:26.752,1.18073,1.18085,2.70,1.00
2018.01.16 08:12:26.805,1.18074,1.18083,1.01,1.00
2018.01.16 08:12:27.132,1.18071,1.18081,1.20,1.00
2018.01.16 08:12:27.702,1.18071,1.1808,1.66,1.00
2018.01.16 08:12:28.232,1.18071,1.18079,1.10,1.00
2018.01.16 08:12:28.825,1.1807,1.18079,1.20,1.00
2018.01.16 08:12:29.838,1.18069,1.1808,2.51,1.00
2018.01.16 08:12:30.263,1.18072,1.1808,1.38,1.00
2018.01.16 08:12:30.378,1.18072,1.18082,1.58,1.00
2018.01.16 08:12:30.536,1.18074,1.18084,1.69,1.00
2018.01.16 08:12:30.898,1.18074,1.18084,2.89,1.00
2018.01.16 08:12:31.056,1.18075,1.18086,1.76,1.00
2018.01.16 08:12:31.315,1.18076,1.18086,2.14,1.00
2018.01.16 08:12:31.841,1.18077,1.18086,1.38,1.00
2018.01.16 08:12:32.310,1.18076,1.18086,2.51,1.00
2018.01.16 08:12:32.466,1.18074,1.18084,2.32,1.00
2018.01.16 08:12:32.526,1.18075,1.18086,1.57,1.00
2018.01.16 08:12:32.837,1.18075,1.18086,1.39,1.00
2018.01.16 08:12:33.147,1.18075,1.18086,1.20,1.00
2018.01.16 08:12:33.323,1.18074,1.18083,1.20,1.00
2018.01.16 08:12:33.847,1.18074,1.18083,3.26,1.00
2018.01.16 08:12:34.140,1.18072,1.18081,1.20,1.00
2018.01.16 08:12:34.193,1.18072,1.18081,2.14,1.00
2018.01.16 08:12:34.245,1.18072,1.18083,2.14,1.00
2018.01.16 08:12:34.557,1.18072,1.18081,1.95,1.00
2018.01.16 08:12:35.099,1.18072,1.18082,1.95,1.00
2018.01.16 08:12:35.602,1.18072,1.1808,1.48,1.00
2018.01.16 08:12:36.030,1.18069,1.1808,1.83,1.00
2018.01.16 08:12:36.790,1.18073,1.18083,1.75,1.50
2018.01.16 08:12:37.104,1.18076,1.18084,1.51,1.00
2018.01.16 08:12:37.156,1.18076,1.18087,1.20,1.00
2018.01.16 08:12:37.706,1.18077,1.18087,1.29,1.00
2018.01.16 08:12:38.352,1.18077,1.18086,1.01,1.00
2018.01.16 08:12:39.008,1.18076,1.18086,2.08,1.00
2018.01.16 08:12:39.163,1.18076,1.18088,1.83,1.50
2018.01.16 08:12:39.350,1.18076,1.18086,2.33,1.00
2018.01.16 08:12:41.039,1.18076,1.18088,1.58,1.00
2018.01.16 08:12:41.091,1.18076,1.18086,1.58,1.00
2018.01.16 08:12:47.902,1.18076,1.18086,1.58,1.00
2018.01.16 08:12:50.426,1.18074,1.18085,2.14,1.00
2018.01.16 08:12:50.880,1.18077,1.18087,1.88,1.00
2018.01.16 08:12:51.423,1.18077,1.18088,2.14,1.00
2018.01.16 08:12:52.146,1.18077,1.18086,1.95,1.00
2018.01.16 08:12:52.663,1.18077,1.18086,1.95,1.00
2018.01.16 08:12:53.185,1.18077,1.18088,1.20,1.00
2018.01.16 08:12:53.395,1.18077,1.18085,1.00,1.00
2018.01.16 08:12:55.411,1.18076,1.18085,1.13,1.00
2018.01.16 08:12:55.463,1.18076,1.18087,2.44,1.00
2018.01.16 08:12:55.639,1.18077,1.18087,1.01,1.00
2018.01.16 08:12:56.152,1.18077,1.18087,1.20,1.00
2018.01.16 08:12:56.205,1.18076,1.18085,2.51,1.00
2018.01.16 08:12:56.365,1.18077,1.18087,3.26,1.00
2018.01.16 08:12:56.916,1.18078,1.18087,3.26,1.00
2018.01.16 08:12:58.868,1.18079,1.18089,1.95,1.00
2018.01.16 08:12:58.974,1.18082,1.18093,1.88,1.12
2018.01.16 08:12:59.510,1.18081,1.18092,2.33,1.00
2018.01.16 08:12:59.564,1.1808,1.1809,1.20,1.00
2018.01.16 08:12:59.671,1.1808,1.18089,1.10,1.00
2018.01.16 08:13:00.294,1.18077,1.18085,1.01,1.00
2018.01.16 08:13:00.815,1.18075,1.18085,1.95,1.00
2018.01.16 08:13:01.419,1.18075,1.18085,1.95,1.00
2018.01.16 08:13:03.146,1.18075,1.18085,1.76,1.00
2018.01.16 08:13:03.684,1.18075,1.18084,1.76,1.00
2018.01.16 08:13:04.356,1.18075,1.18084,1.95,1.00
2018.01.16 08:13:07.813,1.18074,1.18084,2.89,1.00
2018.01.16 08:13:08.356,1.18074,1.18084,3.26,1.00
2018.01.16 08:13:11.354,1.18077,1.18084,1.00,1.00
2018.01.16 08:13:14.536,1.18075,1.18084,2.89,1.00
2018.01.16 08:13:15.142,1.18074,1.18084,5.55,1.00
2018.01.16 08:13:17.728,1.18075,1.18082,1.39,1.00
2018.01.16 08:13:17.781,1.18074,1.18084,1.38,1.00
2018.01.16 08:13:18.320,1.18075,1.18084,1.01,1.00
2018.01.16 08:13:18.982,1.18074,1.18084,3.07,1.00
2018.01.16 08:13:19.517,1.18075,1.18084,1.01,1.00
2018.01.16 08:13:19.946,1.18074,1.18082,2.33,1.00
2018.01.16 08:13:20.141,1.18074,1.18084,1.58,1.00
2018.01.16 08:13:20.727,1.18075,1.18084,1.10,1.50
2018.01.16 08:13:20.964,1.18073,1.18082,1.58,1.00
2018.01.16 08:13:23.419,1.18072,1.18082,3.26,1.50
2018.01.16 08:13:23.738,1.18069,1.18079,1.76,1.50
2018.01.16 08:13:24.246,1.18069,1.18079,1.95,1.50
2018.01.16 08:13:25.205,1.18069,1.18078,1.01,1.00
2018.01.16 08:13:25.739,1.18068,1.18077,1.38,1.00
2018.01.16 08:13:28.549,1.18068,1.18077,1.50,1.00
2018.01.16 08:13:30.017,1.18067,1.18077,3.07,1.00
2018.01.16 08:13:30.594,1.18067,1.18077,3.64,1.00
2018.01.16 08:13:31.125,1.18068,1.18078,2.14,1.50
2018.01.16 08:13:32.653,1.18068,1.18077,1.58,1.00
2018.01.16 08:13:34.297,1.18068,1.18078,2.14,1.50
2018.01.16 08:13:34.863,1.18068,1.18077,1.48,1.00
2018.01.16 08:13:35.481,1.18068,1.18077,2.14,1.00
2018.01.16 08:13:37.659,1.18075,1.18083,1.00,1.00
2018.01.16 08:13:37.815,1.18075,1.18086,1.69,1.50
2018.01.16 08:13:38.728,1.18076,1.18086,1.48,1.50
2018.01.16 08:13:38.832,1.18075,1.18084,2.33,1.00
2018.01.16 08:13:40.264,1.18074,1.18084,1.58,1.50
2018.01.16 08:13:40.552,1.18071,1.18081,1.48,1.50
2018.01.16 08:13:41.058,1.18071,1.1808,1.48,1.00
2018.01.16 08:13:44.315,1.1807,1.18081,2.51,1.50
2018.01.16 08:13:46.995,1.1807,1.1808,2.51,1.00
2018.01.16 08:13:49.139,1.1807,1.1808,2.51,1.00
2018.01.16 08:13:49.648,1.18071,1.1808,1.01,1.00
2018.01.16 08:13:50.172,1.1807,1.18081,3.11,1.50
2018.01.16 08:13:50.681,1.1807,1.1808,2.51,1.00
2018.01.16 08:13:51.223,1.1807,1.18079,1.10,1.00
2018.01.16 08:13:53.853,1.1807,1.18077,1.10,1.00
2018.01.16 08:13:54.187,1.18065,1.18074,1.48,1.00
2018.01.16 08:13:55.284,1.18064,1.18074,1.70,1.00
2018.01.16 08:13:55.338,1.18063,1.18072,1.01,1.50
2018.01.16 08:13:55.839,1.18063,1.18071,1.10,1.00
2018.01.16 08:13:56.370,1.18063,1.1807,1.10,1.00
2018.01.16 08:13:56.901,1.18065,1.18074,1.00,1.25
2018.01.16 08:13:56.955,1.18069,1.18075,1.50,1.00
2018.01.16 08:13:57.113,1.18071,1.18079,1.62,1.00
2018.01.16 08:13:57.270,1.18073,1.18084,2.89,1.50
2018.01.16 08:13:57.530,1.18074,1.18085,3.26,1.50
2018.01.16 08:13:57.635,1.18076,1.18087,1.10,1.69
2018.01.16 08:13:57.949,1.18076,1.18087,1.95,1.50
2018.01.16 08:13:58.545,1.18076,1.18087,1.48,1.50
2018.01.16 08:13:59.604,1.18077,1.18086,1.20,1.00
2018.01.16 08:13:59.933,1.18081,1.18094,2.14,2.81
2018.01.16 08:14:00.142,1.18084,1.18097,1.10,2.81
2018.01.16 08:14:00.493,1.18084,1.18098,3.45,3.19
2018.01.16 08:14:00.547,1.18086,1.18098,1.50,1.69
2018.01.16 08:14:01.136,1.18084,1.18097,4.01,1.00
2018.01.16 08:14:01.470,1.18084,1.18095,1.20,1.00
2018.01.16 08:14:02.113,1.18084,1.18096,1.83,1.25
2018.01.16 08:14:02.633,1.18084,1.18095,1.58,1.00
2018.01.16 08:14:03.377,1.18083,1.18096,1.88,2.51
2018.01.16 08:14:05.747,1.18083,1.18095,1.38,1.00
2018.01.16 08:14:06.375,1.18082,1.18094,1.75,1.00
2018.01.16 08:14:09.607,1.18082,1.18092,1.00,1.12
2018.01.16 08:14:09.715,1.18078,1.1809,3.94,1.00
2018.01.16 08:14:09.899,1.18076,1.18088,1.44,1.13
2018.01.16 08:14:10.599,1.18076,1.18087,1.38,1.00
2018.01.16 08:14:10.802,1.18077,1.18089,2.06,1.31
2018.01.16 08:14:10.958,1.18077,1.18087,2.06,1.00
2018.01.16 08:14:11.718,1.18077,1.18085,1.00,1.00
2018.01.16 08:14:12.029,1.18074,1.18085,1.56,1.00
2018.01.16 08:14:12.622,1.18074,1.18085,1.56,1.00
2018.01.16 08:14:13.278,1.18073,1.18083,5.06,1.00
2018.01.16 08:14:14.980,1.18074,1.18085,3.94,1.00
2018.01.16 08:14:18.135,1.18074,1.18086,2.63,1.87
2018.01.16 08:14:18.188,1.18074,1.18086,2.81,1.00
2018.01.16 08:14:18.366,1.18074,1.18084,1.00,1.00
2018.01.16 08:14:18.688,1.18074,1.18085,3.56,1.00
2018.01.16 08:14:19.262,1.18074,1.18085,2.25,1.00
2018.01.16 08:14:19.944,1.18073,1.18083,3.38,1.00
2018.01.16 08:14:20.190,1.18072,1.18083,4.69,1.00
2018.01.16 08:14:20.691,1.18072,1.18083,2.33,1.00
2018.01.16 08:14:24.072,1.18077,1.18089,1.63,1.87
2018.01.16 08:14:24.126,1.18078,1.1809,1.44,1.88
2018.01.16 08:14:24.914,1.18079,1.18091,1.58,1.19
2018.01.16 08:14:25.388,1.18081,1.18093,1.10,3.56
2018.01.16 08:14:26.424,1.18079,1.18092,1.95,1.19
2018.01.16 08:14:27.050,1.18079,1.18092,2.89,1.50
2018.01.16 08:14:28.141,1.1808,1.18091,1.10,1.25
2018.01.16 08:14:28.676,1.18079,1.18091,1.95,1.00
2018.01.16 08:14:29.569,1.18079,1.18091,2.70,1.00
2018.01.16 08:14:30.084,1.18079,1.18091,2.70,1.00
2018.01.16 08:14:31.131,1.18079,1.18091,1.89,1.69
2018.01.16 08:14:33.542,1.18079,1.1809,1.58,1.25
2018.01.16 08:14:33.647,1.18082,1.18093,1.38,1.00
2018.01.16 08:14:33.862,1.18086,1.18098,1.58,1.50
2018.01.16 08:14:33.967,1.18088,1.18101,1.58,1.62
2018.01.16 08:14:34.246,1.18092,1.18105,1.57,1.00
2018.01.16 08:14:34.558,1.18091,1.18104,1.95,1.19
2018.01.16 08:14:34.984,1.18089,1.18103,1.95,2.81
2018.01.16 08:14:35.215,1.18088,1.181,2.51,1.00
2018.01.16 08:14:35.680,1.18091,1.18102,1.00,3.19
2018.01.16 08:14:35.785,1.18093,1.18106,1.38,1.88
2018.01.16 08:14:38.984,1.18094,1.18107,1.95,2.00
2018.01.16 08:14:39.498,1.18094,1.18107,1.76,2.44
2018.01.16 08:14:41.246,1.18093,1.18105,1.20,2.44
2018.01.16 08:14:41.771,1.18092,1.18104,1.58,1.00
2018.01.16 08:14:42.311,1.18094,1.18106,1.20,1.69
2018.01.16 08:14:42.624,1.18095,1.18108,1.20,3.37
2018.01.16 08:14:42.729,1.18097,1.18109,1.00,2.62
2018.01.16 08:14:43.244,1.18096,1.18107,1.10,1.00
2018.01.16 08:14:43.808,1.18096,1.18108,1.10,2.44
2018.01.16 08:14:44.344,1.18095,1.18107,1.20,1.25
2018.01.16 08:14:44.865,1.18095,1.18107,1.01,1.19
2018.01.16 08:14:48.348,1.18094,1.18106,1.20,1.50
2018.01.16 08:14:48.867,1.18094,1.18106,1.20,1.50
2018.01.16 08:14:50.981,1.18094,1.18104,1.01,1.00
2018.01.16 08:14:51.513,1.18094,1.18106,1.10,2.25
2018.01.16 08:14:52.353,1.18093,1.18106,2.51,1.50
2018.01.16 08:14:52.860,1.18094,1.18106,1.01,2.06
2018.01.16 08:14:53.371,1.18093,1.18106,2.33,1.69
2018.01.16 08:14:54.733,1.18094,1.18107,1.45,2.44
2018.01.16 08:14:55.834,1.18094,1.18107,1.95,2.44
2018.01.16 08:14:56.751,1.18094,1.18106,1.20,1.00
2018.01.16 08:14:57.280,1.18095,1.18106,1.10,1.69
2018.01.16 08:14:58.043,1.18094,1.18106,2.89,1.62
2018.01.16 08:14:58.901,1.18094,1.18106,1.95,1.50
2018.01.16 08:14:59.440,1.18094,1.18106,1.95,1.62
2018.01.16 08:14:59.990,1.18095,1.18108,2.14,1.00
2018.01.16 08:15:00.519,1.18097,1.18111,3.26,2.25
2018.01.16 08:15:00.831,1.181,1.18111,3.26,1.00
2018.01.16 08:15:01.162,1.18103,1.18115,1.10,3.00
2018.01.16 08:15:01.687,1.18103,1.18114,1.10,2.00
2018.01.16 08:15:02.216,1.18102,1.18114,1.10,2.44
2018.01.16 08:15:02.794,1.18102,1.18112,1.10,1.12
2018.01.16 08:15:03.108,1.18099,1.1811,1.95,2.25
2018.01.16 08:15:03.162,1.18097,1.1811,1.57,2.62
2018.01.16 08:15:03.709,1.18097,1.18111,2.51,3.19
2018.01.16 08:15:04.640,1.18098,1.18111,2.14,2.06
2018.01.16 08:15:05.180,1.181,1.18112,1.58,1.81
2018.01.16 08:15:05.691,1.181,1.18113,2.33,1.19
2018.01.16 08:15:06.552,1.18101,1.18113,1.45,1.19
2018.01.16 08:15:06.919,1.18103,1.18115,1.10,1.69
2018.01.16 08:15:07.951,1.18103,1.18116,1.10,2.44
2018.01.16 08:15:08.319,1.18104,1.18116,1.58,1.69
2018.01.16 08:15:08.701,1.18105,1.18117,1.95,1.69
2018.01.16 08:15:09.233,1.18106,1.18117,1.58,1.25
2018.01.16 08:15:11.930,1.18104,1.18117,1.57,4.16
2018.01.16 08:15:12.131,1.18104,1.18115,1.10,1.31
2018.01.16 08:15:12.639,1.18104,1.18116,1.10,2.44
2018.01.16 08:15:13.150,1.18104,1.18116,1.10,1.69
2018.01.16 08:15:13.770,1.18103,1.18116,1.95,1.69
2018.01.16 08:15:14.311,1.18105,1.18117,1.10,1.69
2018.01.16 08:15:14.726,1.18107,1.18117,1.20,1.00
2018.01.16 08:15:15.320,1.18107,1.18117,1.76,1.00
2018.01.16 08:15:15.862,1.18105,1.18116,1.01,1.25
2018.01.16 08:15:15.914,1.18105,1.18116,1.10,1.19
2018.01.16 08:15:16.471,1.18105,1.18117,1.10,3.19
2018.01.16 08:15:17.112,1.18104,1.18116,1.45,1.19
2018.01.16 08:15:17.701,1.18107,1.18117,1.50,1.00
2018.01.16 08:15:18.252,1.18107,1.18117,2.70,1.00
2018.01.16 08:15:18.791,1.18108,1.18117,1.95,1.00
2018.01.16 08:15:19.980,1.18107,1.18117,1.10,1.13
2018.01.16 08:15:20.578,1.18106,1.18117,1.57,2.06
2018.01.16 08:15:21.086,1.18103,1.18117,3.83,3.38
2018.01.16 08:15:21.371,1.18106,1.18117,1.57,1.44
2018.01.16 08:15:21.894,1.18106,1.18117,1.10,1.63
2018.01.16 08:15:23.988,1.18104,1.18117,1.45,3.19
2018.01.16 08:15:24.561,1.18104,1.18116,1.20,1.44
2018.01.16 08:15:26.497,1.18104,1.18115,1.10,1.38
2018.01.16 08:15:26.809,1.18101,1.18113,1.45,1.87
2018.01.16 08:15:27.351,1.18101,1.18113,1.45,2.06
2018.01.16 08:15:29.296,1.18101,1.18112,1.01,1.88
2018.01.16 08:15:30.668,1.18097,1.18108,2.89,1.13
2018.01.16 08:15:30.774,1.18097,1.1811,1.95,1.69
2018.01.16 08:15:31.282,1.18098,1.1811,2.14,1.31
2018.01.16 08:15:31.797,1.18098,1.1811,1.70,1.44
2018.01.16 08:15:32.155,1.18096,1.18108,1.95,1.31
2018.01.16 08:15:32.676,1.18097,1.18108,1.10,1.44
2018.01.16 08:15:33.164,1.18096,1.18105,1.10,1.00
2018.01.16 08:15:33.669,1.18094,1.18105,1.01,1.13
2018.01.16 08:15:33.723,1.18092,1.18104,2.14,1.44
2018.01.16 08:15:34.239,1.18092,1.18104,1.45,1.44
2018.01.16 08:15:34.395,1.1809,1.18102,1.20,2.06
2018.01.16 08:15:36.286,1.1809,1.18102,1.33,2.06
2018.01.16 08:15:36.900,1.18089,1.18102,1.20,3.19
2018.01.16 08:15:37.007,1.18088,1.18102,3.08,3.00
2018.01.16 08:15:37.890,1.18088,1.181,2.14,1.25
2018.01.16 08:15:38.410,1.1809,1.18103,1.20,2.25
2018.01.16 08:15:38.636,1.18091,1.18102,1.29,1.00
2018.01.16 08:15:39.153,1.18091,1.18103,1.64,1.13
2018.01.16 08:15:42.176,1.18091,1.18103,1.64,1.13
2018.01.16 08:15:43.880,1.18091,1.18104,1.39,1.31
2018.01.16 08:15:44.417,1.18092,1.18105,2.33,1.50
2018.01.16 08:15:45.927,1.18092,1.18104,1.01,1.38
2018.01.16 08:15:46.464,1.18092,1.18105,2.89,1.50
2018.01.16 08:15:47.475,1.18092,1.18105,3.07,1.31
2018.01.16 08:15:47.995,1.18093,1.18105,1.45,1.44
2018.01.16 08:15:49.312,1.18092,1.18105,1.95,2.25
2018.01.16 08:15:49.863,1.18093,1.18105,1.45,2.25
2018.01.16 08:15:50.409,1.18092,1.18105,2.89,2.25
2018.01.16 08:15:52.387,1.18093,1.18105,1.01,1.50
2018.01.16 08:15:52.698,1.18095,1.18107,1.01,1.63
2018.01.16 08:15:53.226,1.18095,1.18108,1.76,1.38
2018.01.16 08:15:54.352,1.18095,1.18108,1.95,1.88
2018.01.16 08:15:55.716,1.18095,1.18108,1.45,3.00
2018.01.16 08:15:56.027,1.1809,1.18101,1.01,1.50
2018.01.16 08:15:56.546,1.18091,1.18101,1.32,1.00
2018.01.16 08:15:57.432,1.18091,1.18102,1.10,1.38
2018.01.16 08:15:57.946,1.18089,1.18101,1.01,1.63
2018.01.16 08:15:58.622,1.18087,1.18098,1.95,1.38
2018.01.16 08:15:58.989,1.18087,1.18098,1.10,1.50
2018.01.16 08:16:00.690,1.18087,1.181,3.38,2.33
2018.01.16 08:16:00.959,1.18088,1.18101,3.19,1.38
2018.01.16 08:16:01.486,1.18089,1.18102,1.00,3.94
2018.01.16 08:16:02.076,1.18089,1.18102,2.63,1.87
2018.01.16 08:16:02.188,1.18089,1.18102,2.44,1.63
2018.01.16 08:16:02.720,1.18089,1.181,1.12,1.38
2018.01.16 08:16:03.163,1.1809,1.18103,1.69,1.57
2018.01.16 08:16:03.413,1.1809,1.18102,2.44,1.50
2018.01.16 08:16:03.620,1.18091,1.18102,1.25,1.12
2018.01.16 08:16:03.673,1.18092,1.18105,2.44,1.20
2018.01.16 08:16:03.725,1.18093,1.18106,3.37,1.95
2018.01.16 08:16:04.469,1.18095,1.18108,3.00,1.50
2018.01.16 08:16:04.944,1.18096,1.18108,1.88,1.00
2018.01.16 08:16:05.513,1.18096,1.18109,1.31,1.81
2018.01.16 08:16:05.895,1.18097,1.1811,2.62,2.06
2018.01.16 08:16:07.001,1.18098,1.18111,1.63,2.06
2018.01.16 08:16:07.325,1.18098,1.18109,1.37,1.38
2018.01.16 08:16:07.428,1.18097,1.18109,1.50,1.38
2018.01.16 08:16:08.634,1.18096,1.18109,1.50,1.69
2018.01.16 08:16:09.294,1.18096,1.18109,2.81,1.76
2018.01.16 08:16:09.606,1.18095,1.18107,2.25,1.13
2018.01.16 08:16:11.084,1.18095,1.18107,1.00,1.31
2018.01.16 08:16:14.818,1.18093,1.18106,2.63,1.38
2018.01.16 08:16:15.183,1.18092,1.18103,1.00,1.44
2018.01.16 08:16:15.690,1.18091,1.18103,1.31,1.38
2018.01.16 08:16:16.376,1.18089,1.18102,2.89,2.06
2018.01.16 08:16:16.429,1.18087,1.181,1.31,2.44
2018.01.16 08:16:17.041,1.18087,1.18098,1.33,1.00
2018.01.16 08:16:17.147,1.18086,1.181,3.07,4.50
2018.01.16 08:16:17.487,1.18087,1.181,2.51,2.44
2018.01.16 08:16:18.001,1.18087,1.181,1.76,2.25
2018.01.16 08:16:18.536,1.18087,1.181,1.57,3.19
2018.01.16 08:16:19.072,1.18086,1.18098,1.76,1.38
2018.01.16 08:16:19.777,1.18086,1.18098,1.95,1.25
2018.01.16 08:16:20.039,1.18086,1.18098,1.50,1.25
2018.01.16 08:16:20.444,1.18088,1.181,2.06,1.44
2018.01.16 08:16:20.891,1.18088,1.181,1.57,1.38
2018.01.16 08:16:21.708,1.18088,1.181,1.12,1.88
2018.01.16 08:16:23.145,1.18086,1.18092,2.06,1.00
2018.01.16 08:16:23.446,1.18086,1.18098,1.13,1.44
2018.01.16 08:16:24.798,1.18086,1.18098,1.58,1.31
2018.01.16 08:16:26.562,1.18083,1.18096,3.83,2.63
2018.01.16 08:16:27.078,1.18084,1.18097,3.08,2.00
2018.01.16 08:16:27.654,1.18084,1.18097,1.95,1.81
2018.01.16 08:16:27.971,1.18081,1.18095,2.51,1.69
2018.01.16 08:16:28.283,1.18083,1.18096,2.51,1.38
2018.01.16 08:16:28.541,1.18083,1.18096,2.70,1.25
2018.01.16 08:16:29.196,1.18083,1.18097,2.14,2.81
2018.01.16 08:16:30.428,1.18083,1.18096,1.70,2.06
2018.01.16 08:16:31.026,1.18083,1.18096,1.70,1.63
2018.01.16 08:16:31.801,1.18083,1.18097,1.58,2.81
2018.01.16 08:16:32.570,1.18085,1.18097,1.01,2.25
2018.01.16 08:16:32.625,1.18086,1.18099,1.50,1.50
2018.01.16 08:16:32.783,1.18087,1.181,1.95,1.88
2018.01.16 08:16:33.184,1.18089,1.18102,1.76,2.44
2018.01.16 08:16:33.494,1.18088,1.18102,4.20,3.56
2018.01.16 08:16:33.753,1.18087,1.181,1.45,3.19
2018.01.16 08:16:34.275,1.18087,1.181,2.51,2.44
2018.01.16 08:16:35.482,1.18087,1.18098,1.20,1.38
2018.01.16 08:16:35.586,1.18087,1.181,3.83,4.31
2018.01.16 08:16:36.064,1.18086,1.18098,2.06,1.38
2018.01.16 08:16:36.585,1.18084,1.18096,2.44,1.38
2018.01.16 08:16:36.863,1.18086,1.18099,3.00,1.69
2018.01.16 08:16:37.385,1.18086,1.18099,2.81,1.88
2018.01.16 08:16:37.917,1.18085,1.18098,1.50,1.69
2018.01.16 08:16:38.128,1.18086,1.18098,1.31,1.69
2018.01.16 08:16:38.669,1.18087,1.18098,1.25,1.13
2018.01.16 08:16:39.180,1.18085,1.18098,2.63,1.38
2018.01.16 08:16:39.752,1.18085,1.18098,3.37,1.00
2018.01.16 08:16:40.277,1.18086,1.18098,1.01,1.69
2018.01.16 08:16:40.798,1.18087,1.18098,1.95,1.12
2018.01.16 08:16:40.960,1.18088,1.18101,2.51,1.87
2018.01.16 08:16:41.315,1.1809,1.18102,1.20,3.00
2018.01.16 08:16:41.632,1.18087,1.181,2.70,2.06
2018.01.16 08:16:41.685,1.18086,1.181,3.83,2.44
2018.01.16 08:16:41.882,1.18089,1.18102,2.32,3.19
2018.01.16 08:16:42.403,1.18087,1.181,2.89,1.31
2018.01.16 08:16:42.923,1.18088,1.181,1.10,2.06
2018.01.16 08:16:43.468,1.18085,1.18098,2.33,1.69
2018.01.16 08:16:44.663,1.18085,1.18096,1.45,1.25
2018.01.16 08:16:45.171,1.18085,1.18097,1.45,1.19
2018.01.16 08:16:47.265,1.18085,1.18098,3.63,2.06
2018.01.16 08:16:47.795,1.18086,1.18098,2.32,1.50
2018.01.16 08:16:48.341,1.18086,1.18098,2.32,1.50
2018.01.16 08:16:50.210,1.18086,1.18098,2.32,1.50
2018.01.16 08:16:50.723,1.18088,1.18099,2.33,1.00
2018.01.16 08:16:53.417,1.18087,1.18099,1.95,1.13
2018.01.16 08:16:53.945,1.18085,1.18098,3.07,1.44
2018.01.16 08:16:54.480,1.18088,1.18099,1.10,1.69
2018.01.16 08:16:55.078,1.18088,1.18099,1.10,1.69
2018.01.16 08:16:56.006,1.18086,1.18099,2.14,2.25
2018.01.16 08:16:56.526,1.18084,1.18095,2.32,1.00
2018.01.16 08:16:56.579,1.18083,1.18095,2.14,1.69
2018.01.16 08:16:56.632,1.18081,1.18093,4.01,1.12
2018.01.16 08:16:56.684,1.18082,1.18093,1.10,1.50
2018.01.16 08:16:57.196,1.18081,1.18093,1.07,3.19
2018.01.16 08:16:57.769,1.1808,1.18093,2.70,2.44
2018.01.16 08:16:57.874,1.18081,1.18092,1.10,2.44
2018.01.16 08:16:57.980,1.18078,1.1809,1.95,1.25
2018.01.16 08:16:58.148,1.18077,1.18088,1.95,1.00
2018.01.16 08:16:58.353,1.18076,1.18088,1.76,1.38
2018.01.16 08:16:59.417,1.18077,1.18088,1.10,1.31
2018.01.16 08:16:59.959,1.18077,1.18087,1.07,1.00
2018.01.16 08:17:00.480,1.18076,1.18087,1.01,1.31
2018.01.16 08:17:01.059,1.18076,1.18086,1.01,1.00
2018.01.16 08:17:01.763,1.18076,1.18087,1.01,1.69
2018.01.16 08:17:02.634,1.18076,1.18085,1.10,1.25
2018.01.16 08:17:03.166,1.18075,1.18085,1.10,1.13
2018.01.16 08:17:05.417,1.18073,1.18085,1.81,1.13
2018.01.16 08:17:05.729,1.18072,1.18082,1.25,1.00
2018.01.16 08:17:06.245,1.18072,1.18081,1.25,1.00
2018.01.16 08:17:06.401,1.1807,1.18082,1.00,1.88
2018.01.16 08:17:06.608,1.18071,1.18083,3.94,1.25
2018.01.16 08:17:07.188,1.18072,1.18084,1.69,1.50
2018.01.16 08:17:07.674,1.18071,1.18083,3.00,1.50
2018.01.16 08:17:08.779,1.18071,1.18081,1.00,1.88
2018.01.16 08:17:09.096,1.18076,1.18087,1.37,1.76
2018.01.16 08:17:09.148,1.18077,1.18088,2.06,1.12
2018.01.16 08:17:09.657,1.18078,1.18089,1.87,1.44
2018.01.16 08:17:10.027,1.18075,1.18088,3.00,1.50
2018.01.16 08:17:12.993,1.18076,1.18089,4.13,2.06
2018.01.16 08:17:13.204,1.18078,1.18091,2.63,2.25
2018.01.16 08:17:13.258,1.18078,1.18091,2.81,2.44
2018.01.16 08:17:13.426,1.18078,1.18091,3.38,2.44
2018.01.16 08:17:15.122,1.18077,1.1809,1.00,3.94
2018.01.16 08:17:15.623,1.18077,1.18089,1.25,2.06
2018.01.16 08:17:18.413,1.18075,1.18087,1.88,1.31
2018.01.16 08:17:19.587,1.18075,1.18086,1.50,1.00
2018.01.16 08:17:19.968,1.18075,1.18087,1.12,1.44
2018.01.16 08:17:20.896,1.18075,1.18088,1.13,3.56
2018.01.16 08:17:22.721,1.18075,1.18087,1.13,1.50
2018.01.16 08:17:23.014,1.18077,1.18089,1.69,3.00
2018.01.16 08:17:23.379,1.18077,1.1809,4.12,2.06
2018.01.16 08:17:23.536,1.18077,1.1809,2.81,1.50
2018.01.16 08:17:24.313,1.18076,1.1809,2.33,3.56
2018.01.16 08:17:25.309,1.18076,1.18087,1.31,1.13
2018.01.16 08:17:26.745,1.18076,1.18088,2.44,1.38
2018.01.16 08:17:26.911,1.18078,1.1809,1.88,1.88
2018.01.16 08:17:27.074,1.1808,1.18093,1.12,2.33
2018.01.16 08:17:27.178,1.1808,1.18093,1.50,1.69
2018.01.16 08:17:27.717,1.1808,1.18093,1.31,2.44
2018.01.16 08:17:28.250,1.18077,1.18089,1.00,1.50
2018.01.16 08:17:31.319,1.18078,1.18088,1.00,1.00
2018.01.16 08:17:31.539,1.18079,1.18091,1.12,2.44
2018.01.16 08:17:32.054,1.18078,1.18091,2.44,2.63
2018.01.16 08:17:32.272,1.18078,1.18091,2.25,2.44
2018.01.16 08:17:32.790,1.18079,1.18091,1.12,1.88
2018.01.16 08:17:34.220,1.18079,1.18092,2.25,2.06
2018.01.16 08:17:34.737,1.1808,1.18092,1.69,1.38
2018.01.16 08:17:35.240,1.1808,1.18093,1.31,2.81
2018.01.16 08:17:36.545,1.1808,1.18093,3.19,1.38
2018.01.16 08:17:36.597,1.18083,1.18094,1.00,2.06
2018.01.16 08:17:36.651,1.18083,1.18095,1.31,1.38
2018.01.16 08:17:36.706,1.18083,1.18096,2.06,1.00
2018.01.16 08:17:37.212,1.18083,1.18096,1.31,1.44
2018.01.16 08:17:37.744,1.18083,1.18096,1.31,2.06
2018.01.16 08:17:38.516,1.18082,1.18095,2.81,1.63
2018.01.16 08:17:39.552,1.18082,1.18094,1.25,1.69
2018.01.16 08:17:39.607,1.1808,1.18092,3.26,1.44
2018.01.16 08:17:39.922,1.18081,1.18095,3.94,3.56
2018.01.16 08:17:40.433,1.18083,1.18095,1.00,1.88
2018.01.16 08:17:40.969,1.18083,1.18096,3.94,1.38
2018.01.16 08:17:42.101,1.18085,1.18097,1.25,1.25
2018.01.16 08:17:42.154,1.18084,1.18098,4.69,2.25
2018.01.16 08:17:43.044,1.18084,1.18095,1.00,1.38
2018.01.16 08:17:43.549,1.18082,1.18096,4.31,2.44
2018.01.16 08:17:47.052,1.18083,1.18096,1.69,3.38
2018.01.16 08:17:47.649,1.18082,1.18094,2.06,1.25
2018.01.16 08:17:48.160,1.18082,1.18095,1.31,1.69
2018.01.16 08:17:51.290,1.18082,1.18094,1.00,2.63
2018.01.16 08:17:51.858,1.18082,1.18094,1.25,2.44
2018.01.16 08:17:52.425,1.18081,1.18093,3.19,1.44
2018.01.16 08:17:54.088,1.18081,1.18092,1.25,1.00
2018.01.16 08:17:56.851,1.18081,1.18094,2.44,1.44
2018.01.16 08:17:57.370,1.18081,1.18093,2.44,1.44
2018.01.16 08:18:00.492,1.18081,1.18093,1.50,1.38
2018.01.16 08:18:02.845,1.1808,1.18093,1.50,2.85
2018.01.16 08:18:03.369,1.18081,1.18093,1.00,1.88
2018.01.16 08:18:03.581,1.18079,1.18093,2.06,5.66
2018.01.16 08:18:04.097,1.18077,1.1809,1.50,3.00
2018.01.16 08:18:05.666,1.18078,1.1809,1.12,1.31
2018.01.16 08:18:05.996,1.18078,1.1809,1.57,1.31
2018.01.16 08:18:06.599,1.18078,1.18091,3.26,1.88
2018.01.16 08:18:07.277,1.18079,1.18091,2.14,1.50
2018.01.16 08:18:07.823,1.1808,1.18091,1.10,1.25
2018.01.16 08:18:08.476,1.18079,1.18092,3.64,1.19
2018.01.16 08:18:09.113,1.18081,1.18093,1.07,1.88
2018.01.16 08:18:10.249,1.1808,1.18093,3.26,1.50
2018.01.16 08:18:10.772,1.18081,1.18093,1.01,1.31
2018.01.16 08:18:11.273,1.18081,1.18093,3.26,1.50
2018.01.16 08:18:11.833,1.18081,1.18094,3.64,1.63
2018.01.16 08:18:15.224,1.18083,1.18094,1.45,1.63
2018.01.16 08:18:16.350,1.18083,1.18094,1.20,1.63
2018.01.16 08:18:21.378,1.18082,1.18093,1.45,2.63
2018.01.16 08:18:21.690,1.1808,1.1809,1.20,1.73
2018.01.16 08:18:22.518,1.1808,1.1809,1.45,1.54
2018.01.16 08:18:23.099,1.18082,1.18091,1.20,1.38
2018.01.16 08:18:23.571,1.18082,1.18093,1.95,3.04
2018.01.16 08:18:23.679,1.18082,1.18095,2.14,5.66
2018.01.16 08:18:24.222,1.18084,1.18095,1.20,3.60
2018.01.16 08:18:25.130,1.18084,1.18095,1.45,2.47
2018.01.16 08:18:26.216,1.18084,1.18093,1.20,5.10
2018.01.16 08:18:26.376,1.18081,1.1809,1.45,3.23
2018.01.16 08:18:26.842,1.1808,1.1809,1.20,3.79
2018.01.16 08:18:27.557,1.1808,1.1809,1.20,3.98
2018.01.16 08:18:28.539,1.18079,1.18089,1.20,2.44
2018.01.16 08:18:29.075,1.18078,1.18089,1.20,1.88
2018.01.16 08:18:30.121,1.18077,1.18088,1.20,1.19
2018.01.16 08:18:30.710,1.18077,1.18089,1.45,2.81
2018.01.16 08:18:31.562,1.18077,1.18089,1.45,2.06
2018.01.16 08:18:32.095,1.18078,1.18089,1.45,1.38
2018.01.16 08:18:35.260,1.18079,1.1809,1.20,2.48
2018.01.16 08:18:35.730,1.18079,1.18092,1.57,4.16
2018.01.16 08:18:35.947,1.18081,1.18092,1.20,2.00
2018.01.16 08:18:36.001,1.18082,1.18094,1.70,2.06
2018.01.16 08:18:36.519,1.18082,1.18094,1.45,2.06
2018.01.16 08:18:37.436,1.18083,1.18094,1.20,2.85
2018.01.16 08:18:37.990,1.18083,1.18094,1.20,2.00
2018.01.16 08:18:39.470,1.18083,1.18094,1.20,2.06
2018.01.16 08:18:39.628,1.18084,1.18095,1.45,1.25
2018.01.16 08:18:40.017,1.18083,1.18095,1.45,2.48
2018.01.16 08:18:40.587,1.18084,1.18095,1.45,2.48
2018.01.16 08:18:41.753,1.18084,1.18095,1.45,1.56
2018.01.16 08:18:44.505,1.18083,1.18093,1.20,2.47
2018.01.16 08:18:44.558,1.18083,1.18093,1.20,2.29
2018.01.16 08:18:44.974,1.18084,1.18093,1.20,2.66
2018.01.16 08:18:45.078,1.1808,1.18093,1.31,3.41
2018.01.16 08:18:46.591,1.18081,1.18093,1.00,1.73
2018.01.16 08:18:47.224,1.18082,1.18094,1.50,2.85
2018.01.16 08:18:47.746,1.18081,1.18093,1.12,2.10
2018.01.16 08:18:48.049,1.1808,1.18091,1.10,1.44
2018.01.16 08:18:48.106,1.18077,1.1809,3.38,1.73
2018.01.16 08:18:48.656,1.18077,1.1809,3.00,2.66
2018.01.16 08:18:49.168,1.18077,1.1809,2.44,1.38
2018.01.16 08:18:49.378,1.18079,1.18091,1.00,1.88
2018.01.16 08:18:49.928,1.18078,1.18091,1.31,2.06
2018.01.16 08:18:52.500,1.18078,1.1809,1.31,1.45
2018.01.16 08:18:52.553,1.18077,1.1809,3.00,1.39
2018.01.16 08:18:53.391,1.18076,1.18088,2.81,1.58
2018.01.16 08:18:53.920,1.18076,1.18088,2.25,1.01
2018.01.16 08:18:55.370,1.18077,1.1809,1.12,3.64
2018.01.16 08:18:55.642,1.18077,1.1809,3.56,1.64
2018.01.16 08:18:57.712,1.18076,1.18089,1.00,2.74
2018.01.16 08:18:58.219,1.18074,1.18087,2.25,2.14
2018.01.16 08:19:00.638,1.18074,1.18087,1.50,1.69
2018.01.16 08:19:01.051,1.18076,1.18089,1.88,1.88
2018.01.16 08:19:01.359,1.18078,1.18092,2.44,4.31
2018.01.16 08:19:02.360,1.18078,1.18092,2.25,3.37
2018.01.16 08:19:02.671,1.18078,1.1809,1.00,1.75
2018.01.16 08:19:03.190,1.18077,1.1809,1.50,2.44
2018.01.16 08:19:03.712,1.18077,1.1809,1.69,2.44
2018.01.16 08:19:05.588,1.18077,1.1809,1.69,2.06
2018.01.16 08:19:06.132,1.18077,1.1809,1.88,2.44
2018.01.16 08:19:07.206,1.18079,1.1809,1.13,1.00
2018.01.16 08:19:08.239,1.18079,1.18091,2.25,1.91
2018.01.16 08:19:08.632,1.18085,1.18098,2.25,2.85
2018.01.16 08:19:09.162,1.18086,1.18098,1.31,2.10
2018.01.16 08:19:09.669,1.18084,1.18097,2.25,1.69
2018.01.16 08:19:11.038,1.18084,1.18097,2.70,1.69
2018.01.16 08:19:12.455,1.18084,1.18097,2.51,1.69
2018.01.16 08:19:13.389,1.18085,1.18098,1.58,6.60
2018.01.16 08:19:13.494,1.18086,1.18098,1.45,2.48
2018.01.16 08:19:15.035,1.18086,1.18098,1.50,2.10
2018.01.16 08:19:15.534,1.18089,1.18099,1.25,1.10
2018.01.16 08:19:16.052,1.18089,1.18102,1.31,2.74
2018.01.16 08:19:18.526,1.18088,1.18101,1.00,2.81
2018.01.16 08:19:20.217,1.18089,1.18101,1.00,1.75
2018.01.16 08:19:20.478,1.18087,1.181,1.25,2.29
2018.01.16 08:19:21.541,1.18085,1.18099,3.19,1.69
2018.01.16 08:19:22.846,1.18085,1.18099,2.62,1.12
2018.01.16 08:19:23.159,1.18087,1.18101,2.62,2.92
2018.01.16 08:19:23.470,1.18087,1.181,2.44,2.29
2018.01.16 08:19:24.007,1.18086,1.18099,2.06,1.69
2018.01.16 08:19:24.520,1.18085,1.18099,3.94,1.69
2018.01.16 08:19:25.670,1.18085,1.18098,2.44,1.43
2018.01.16 08:19:26.185,1.18084,1.18097,1.31,2.44
2018.01.16 08:19:26.952,1.18084,1.18097,1.12,3.19
2018.01.16 08:19:29.634,1.18084,1.18096,1.50,1.25
2018.01.16 08:19:29.688,1.18081,1.18094,1.20,3.75
2018.01.16 08:19:29.797,1.18078,1.18092,4.20,1.69
2018.01.16 08:19:30.312,1.18079,1.18092,1.50,1.31
2018.01.16 08:19:31.426,1.18079,1.18093,2.44,3.19
2018.01.16 08:19:31.840,1.1808,1.18093,2.44,1.31
2018.01.16 08:19:33.843,1.1808,1.18094,1.50,2.89
2018.01.16 08:19:34.827,1.1808,1.18094,1.69,2.89
2018.01.16 08:19:35.712,1.18081,1.18094,1.00,2.44
2018.01.16 08:19:36.219,1.18081,1.18095,2.06,2.81
2018.01.16 08:19:37.671,1.18083,1.18095,1.13,1.50
2018.01.16 08:19:37.724,1.18084,1.18097,3.75,1.31
2018.01.16 08:19:38.354,1.18086,1.18099,3.94,1.19
2018.01.16 08:19:38.877,1.18086,1.18099,2.44,1.19
2018.01.16 08:19:40.514,1.18086,1.18099,2.44,1.00
2018.01.16 08:19:43.867,1.18086,1.181,3.94,2.44
2018.01.16 08:19:49.838,1.18085,1.18099,3.37,3.00
2018.01.16 08:19:50.417,1.18086,1.18098,1.44,1.00
2018.01.16 08:19:56.436,1.18088,1.181,1.00,1.69
2018.01.16 08:19:56.976,1.18086,1.181,2.44,2.44
2018.01.16 08:19:59.169,1.18086,1.181,3.19,1.44
2018.01.16 08:20:02.902,1.18086,1.181,4.58,1.75
2018.01.16 08:20:03.327,1.18087,1.181,1.88,1.00
2018.01.16 08:20:03.867,1.18089,1.18103,3.38,5.10
2018.01.16 08:20:04.181,1.1809,1.18103,2.81,1.50
2018.01.16 08:20:10.055,1.1809,1.18103,2.63,2.85
2018.01.16 08:20:11.053,1.1809,1.18103,1.13,5.10
2018.01.16 08:20:11.658,1.1809,1.18103,1.13,4.54
2018.01.16 08:20:12.238,1.1809,1.18102,1.13,1.81
2018.01.16 08:20:16.882,1.18088,1.18102,3.82,3.00
2018.01.16 08:20:17.426,1.1809,1.18103,1.31,1.69
2018.01.16 08:20:17.936,1.1809,1.18103,1.13,3.19
2018.01.16 08:20:18.744,1.18087,1.18101,3.45,4.54
2018.01.16 08:20:19.958,1.18088,1.18101,1.13,2.25
2018.01.16 08:20:21.848,1.18089,1.18102,1.38,2.25
2018.01.16 08:20:22.162,1.18091,1.18104,1.69,1.81
2018.01.16 08:20:23.680,1.18092,1.18104,1.38,2.06
2018.01.16 08:20:23.896,1.18094,1.18106,1.44,1.50
2018.01.16 08:20:24.003,1.18097,1.18109,1.38,1.20
2018.01.16 08:20:24.523,1.18097,1.18111,3.08,2.81
2018.01.16 08:20:29.525,1.18098,1.18112,1.69,1.81
2018.01.16 08:20:29.835,1.18099,1.18112,2.48,1.69
2018.01.16 08:20:29.941,1.18099,1.18113,4.54,1.69
2018.01.16 08:20:30.457,1.181,1.18113,3.04,2.06
2018.01.16 08:20:32.625,1.181,1.18111,1.13,1.37
2018.01.16 08:20:33.141,1.181,1.18112,1.13,2.25
2018.01.16 08:20:33.659,1.181,1.18112,1.50,1.50
2018.01.16 08:20:34.547,1.181,1.18113,1.50,1.12
2018.01.16 08:20:35.077,1.18104,1.18116,1.19,1.39
2018.01.16 08:20:35.419,1.18106,1.18117,1.12,1.00
2018.01.16 08:20:35.937,1.18106,1.18117,1.63,1.00
2018.01.16 08:20:37.087,1.18105,1.18117,2.06,1.25
2018.01.16 08:20:37.776,1.18105,1.18117,1.50,1.44
2018.01.16 08:20:38.485,1.18105,1.18117,1.13,1.44
2018.01.16 08:20:39.338,1.18105,1.18117,1.13,1.12
2018.01.16 08:20:39.706,1.18106,1.18117,2.44,1.00
2018.01.16 08:20:40.113,1.18109,1.18117,1.00,1.00
2018.01.16 08:20:41.901,1.18108,1.18117,1.00,1.00
2018.01.16 08:20:42.425,1.18105,1.18117,2.25,1.12
2018.01.16 08:20:43.280,1.18105,1.18117,1.44,1.12
2018.01.16 08:20:43.794,1.18105,1.18117,1.44,1.87
2018.01.16 08:20:44.665,1.18105,1.18117,1.44,1.12
2018.01.16 08:20:45.207,1.18104,1.18116,1.13,1.00
2018.01.16 08:20:48.525,1.18103,1.18116,2.62,2.06
2018.01.16 08:20:48.905,1.18105,1.18117,2.81,1.25
2018.01.16 08:20:49.854,1.18105,1.18117,1.50,1.12
2018.01.16 08:20:50.388,1.18105,1.18117,1.63,1.44
2018.01.16 08:20:50.957,1.18105,1.18117,1.25,1.44
2018.01.16 08:20:57.203,1.18103,1.18117,3.38,3.38
2018.01.16 08:20:57.788,1.18103,1.18116,4.76,1.00
2018.01.16 08:21:05.640,1.18105,1.18113,1.13,1.37
2018.01.16 08:21:13.367,1.18104,1.18113,1.00,1.37
2018.01.16 08:21:14.458,1.18103,1.18113,1.00,1.37
2018.01.16 08:21:14.763,1.18102,1.1811,1.37,1.37
2018.01.16 08:21:14.817,1.181,1.18109,1.00,1.37
2018.01.16 08:21:15.210,1.18097,1.18108,1.95,1.37
2018.01.16 08:21:16.499,1.18097,1.18109,1.12,1.81
2018.01.16 08:21:23.413,1.18098,1.18111,1.00,2.25
2018.01.16 08:21:25.851,1.18098,1.18111,1.00,2.25
2018.01.16 08:21:26.376,1.18098,1.18111,2.06,1.25
2018.01.16 08:21:26.915,1.18098,1.18112,3.56,2.62
2018.01.16 08:21:27.835,1.18098,1.18112,3.19,2.62
2018.01.16 08:21:28.296,1.18098,1.18112,3.00,2.62
2018.01.16 08:21:28.609,1.18097,1.1811,1.50,2.62
2018.01.16 08:21:29.359,1.18097,1.1811,1.12,2.62
2018.01.16 08:21:29.845,1.18097,1.1811,1.50,1.31
2018.01.16 08:21:30.338,1.18097,1.18111,1.50,3.97
2018.01.16 08:21:37.250,1.18097,1.18111,2.62,3.37
2018.01.16 08:21:37.910,1.18096,1.18109,2.81,1.44
2018.01.16 08:21:38.577,1.18096,1.18109,2.44,1.44
2018.01.16 08:21:41.659,1.18096,1.18108,1.12,1.69
2018.01.16 08:21:43.189,1.18095,1.18108,1.69,3.19
2018.01.16 08:21:43.752,1.18095,1.18108,1.50,3.19
2018.01.16 08:21:48.132,1.18095,1.18108,1.69,3.19
2018.01.16 08:21:48.826,1.18095,1.18107,1.12,1.44
2018.01.16 08:21:49.347,1.18094,1.18107,2.44,1.25
2018.01.16 08:21:49.883,1.18094,1.18107,2.81,1.44
2018.01.16 08:21:50.415,1.18095,1.18108,1.00,3.00
2018.01.16 08:21:53.797,1.18095,1.18107,1.00,1.19
2018.01.16 08:21:54.412,1.18094,1.18107,3.00,1.62
2018.01.16 08:21:55.908,1.18094,1.18107,3.19,1.44
2018.01.16 08:22:03.945,1.18094,1.18105,1.37,1.31
2018.01.16 08:22:04.477,1.18093,1.18106,3.56,3.19
2018.01.16 08:22:07.530,1.18094,1.18107,4.54,2.10
2018.01.16 08:22:08.080,1.18094,1.18107,3.37,2.06
2018.01.16 08:22:09.232,1.18094,1.18107,1.69,3.97
2018.01.16 08:22:10.846,1.18094,1.18105,1.00,1.25
2018.01.16 08:22:11.386,1.18093,1.18105,4.87,2.62
2018.01.16 08:22:13.589,1.18094,1.18105,1.50,1.69
2018.01.16 08:22:14.272,1.18094,1.18107,1.00,2.44
2018.01.16 08:22:14.324,1.18094,1.18107,1.00,3.37
2018.01.16 08:22:15.351,1.18095,1.18107,1.00,1.25
2018.01.16 08:22:15.455,1.18095,1.18109,3.19,2.62
2018.01.16 08:22:16.005,1.18096,1.18109,1.63,2.44
2018.01.16 08:22:17.889,1.18098,1.1811,1.00,2.81
2018.01.16 08:22:18.749,1.18097,1.1811,2.25,2.62
2018.01.16 08:22:21.460,1.18097,1.1811,2.63,2.44
2018.01.16 08:22:22.643,1.18099,1.18111,1.00,2.06
2018.01.16 08:22:24.349,1.18098,1.18111,1.88,2.62
2018.01.16 08:22:25.924,1.18099,1.18111,1.00,4.72
2018.01.16 08:22:26.500,1.18098,1.18111,1.69,4.91
2018.01.16 08:22:27.122,1.18098,1.18111,2.63,2.62
2018.01.16 08:22:27.396,1.18101,1.18113,1.38,3.37
2018.01.16 08:22:27.914,1.18103,1.18114,1.00,1.19
2018.01.16 08:22:28.449,1.18101,1.18115,4.13,3.19
2018.01.16 08:22:30.677,1.18103,1.18116,2.25,2.44
2018.01.16 08:22:30.730,1.18105,1.18117,1.44,3.75
2018.01.16 08:22:31.274,1.18105,1.18117,1.44,2.44
2018.01.16 08:22:33.666,1.18105,1.18116,1.44,1.50
2018.01.16 08:22:34.424,1.18104,1.18116,2.25,1.69
2018.01.16 08:22:35.010,1.18104,1.18116,1.13,4.13
2018.01.16 08:22:37.074,1.18105,1.18116,1.00,1.00
2018.01.16 08:22:37.641,1.18105,1.18117,1.50,2.44
2018.01.16 08:22:38.161,1.18106,1.18117,1.00,2.44
2018.01.16 08:22:41.404,1.18105,1.18117,2.06,1.50
2018.01.16 08:22:41.909,1.18105,1.18117,1.88,1.50
2018.01.16 08:22:44.167,1.18105,1.18116,1.87,1.50
2018.01.16 08:22:50.671,1.18105,1.18116,1.12,1.62
2018.01.16 08:22:52.935,1.18105,1.18116,2.25,1.37
2018.01.16 08:22:55.404,1.18105,1.18116,2.44,1.37
2018.01.16 08:23:18.604,1.18104,1.18115,1.13,1.25
2018.01.16 08:23:22.261,1.18105,1.18116,1.50,2.44
2018.01.16 08:23:23.200,1.18104,1.18115,1.50,1.31
2018.01.16 08:23:23.727,1.18104,1.18115,1.13,1.31
2018.01.16 08:23:27.411,1.18104,1.18115,1.50,1.31
2018.01.16 08:23:35.368,1.18104,1.18115,2.06,1.50
2018.01.16 08:23:37.132,1.18104,1.18114,1.37,1.87
2018.01.16 08:23:37.238,1.181,1.18112,2.32,1.81
2018.01.16 08:23:37.343,1.18098,1.1811,2.70,1.87
2018.01.16 08:23:37.396,1.18099,1.18112,2.06,4.72
2018.01.16 08:23:37.914,1.18099,1.18112,1.50,3.38
2018.01.16 08:23:37.967,1.18102,1.18114,1.25,3.82
2018.01.16 08:23:38.331,1.18103,1.18115,2.25,1.37
2018.01.16 08:23:38.946,1.18104,1.18116,1.50,4.31
2018.01.16 08:23:41.539,1.18105,1.18116,1.00,1.50
2018.01.16 08:23:44.519,1.18104,1.18113,1.37,1.12
2018.01.16 08:23:44.707,1.18103,1.18114,1.50,2.44
2018.01.16 08:23:45.230,1.18103,1.18114,1.50,1.00
2018.01.16 08:23:46.022,1.18103,1.18115,3.38,2.06
2018.01.16 08:23:46.282,1.18102,1.18115,1.00,4.72
2018.01.16 08:23:46.819,1.18101,1.18113,1.00,2.25
2018.01.16 08:23:48.023,1.18101,1.18114,1.88,2.81
2018.01.16 08:23:48.437,1.181,1.18113,1.50,4.12
2018.01.16 08:23:51.475,1.181,1.18113,2.06,2.44
2018.01.16 08:23:52.013,1.18101,1.18113,1.00,1.50
2018.01.16 08:23:52.328,1.18104,1.18116,3.00,1.81
2018.01.16 08:23:52.857,1.18105,1.18117,1.00,2.81
2018.01.16 08:23:53.975,1.18104,1.18117,3.38,2.81
2018.01.16 08:23:54.516,1.18105,1.18117,1.00,3.56
2018.01.16 08:23:55.077,1.18104,1.18117,1.50,3.56
2018.01.16 08:23:55.612,1.18105,1.18117,1.00,3.37
2018.01.16 08:23:56.160,1.18105,1.18117,1.69,2.81
2018.01.16 08:23:58.030,1.18105,1.18117,1.50,2.62
2018.01.16 08:24:03.320,1.18105,1.18117,1.50,1.69
2018.01.16 08:24:03.478,1.18104,1.18116,1.88,1.31
2018.01.16 08:24:07.660,1.18105,1.18117,1.00,3.19
2018.01.16 08:24:07.819,1.18107,1.18116,1.00,1.00
2018.01.16 08:24:07.872,1.18105,1.18116,1.50,1.00
2018.01.16 08:24:07.924,1.18107,1.18116,1.00,1.00
2018.01.16 08:24:07.976,1.18105,1.18116,1.31,1.00
2018.01.16 08:24:22.746,1.18104,1.18116,1.00,1.37
2018.01.16 08:24:33.391,1.18108,1.18117,1.00,1.00
2018.01.16 08:24:33.548,1.18105,1.18117,2.62,1.69
2018.01.16 08:24:34.629,1.18105,1.18117,1.91,2.81
2018.01.16 08:24:35.151,1.18104,1.18116,4.35,1.19
2018.01.16 08:24:37.851,1.18103,1.18115,3.94,1.00
2018.01.16 08:24:38.743,1.18103,1.18113,1.00,3.23
2018.01.16 08:24:38.939,1.18097,1.1811,2.70,4.54
2018.01.16 08:24:39.458,1.18097,1.18109,1.44,1.69
2018.01.16 08:24:42.088,1.18096,1.18109,2.44,2.44
2018.01.16 08:24:46.125,1.18095,1.18108,2.25,2.81
2018.01.16 08:24:46.652,1.18094,1.18106,2.25,1.50
2018.01.16 08:24:47.688,1.18094,1.18107,1.50,4.16
2018.01.16 08:24:52.782,1.18093,1.18105,2.62,2.63
2018.01.16 08:24:52.994,1.18093,1.18106,1.88,2.89
2018.01.16 08:24:53.509,1.18093,1.18105,1.50,1.38
2018.01.16 08:24:57.080,1.18093,1.18104,1.00,2.06
2018.01.16 08:24:57.132,1.1809,1.18102,2.25,2.10
2018.01.16 08:24:57.236,1.18087,1.181,1.48,2.25
2018.01.16 08:24:57.410,1.18086,1.18098,1.58,1.00
2018.01.16 08:25:00.758,1.18083,1.18097,6.56,3.64
2018.01.16 08:25:00.862,1.18084,1.18096,1.13,1.00
2018.01.16 08:25:01.069,1.18084,1.18094,1.88,1.50
2018.01.16 08:25:01.174,1.18083,1.18093,1.12,2.63
2018.01.16 08:25:01.329,1.1808,1.1809,1.00,1.87
2018.01.16 08:25:01.566,1.18076,1.18089,3.94,1.25
2018.01.16 08:25:01.975,1.18077,1.18089,2.63,1.00
2018.01.16 08:25:02.078,1.18079,1.18093,4.31,1.57
2018.01.16 08:25:02.316,1.18081,1.18094,1.56,2.25
2018.01.16 08:25:03.469,1.1808,1.18094,4.58,2.63
2018.01.16 08:25:04.066,1.1808,1.18094,3.38,2.25
2018.01.16 08:25:04.935,1.18082,1.18095,1.31,2.06
2018.01.16 08:25:05.156,1.18081,1.18094,2.25,2.00
2018.01.16 08:25:06.801,1.18081,1.18093,1.31,1.00
2018.01.16 08:25:11.405,1.18081,1.18092,1.50,1.00
2018.01.16 08:25:11.911,1.1808,1.18091,1.50,1.00
2018.01.16 08:25:12.452,1.18078,1.1809,1.50,1.19
2018.01.16 08:25:13.404,1.18078,1.18091,1.31,2.44
2018.01.16 08:25:13.994,1.18078,1.18091,1.31,2.44
2018.01.16 08:25:16.035,1.18079,1.18091,1.00,2.51
2018.01.16 08:25:16.641,1.18078,1.18091,1.25,2.51
2018.01.16 08:25:20.111,1.18075,1.18088,2.44,1.69
2018.01.16 08:25:26.161,1.18074,1.18086,1.25,1.50
2018.01.16 08:25:29.998,1.18073,1.18084,1.19,1.30
2018.01.16 08:25:30.052,1.18071,1.18082,1.95,1.38
2018.01.16 08:25:30.105,1.1807,1.18083,3.00,1.50
2018.01.16 08:25:30.613,1.18068,1.1808,2.33,1.00
2018.01.16 08:25:31.219,1.18068,1.1808,1.69,1.31
2018.01.16 08:25:34.819,1.18068,1.1808,1.87,1.38
2018.01.16 08:25:35.357,1.18068,1.1808,2.25,1.44
2018.01.16 08:25:37.002,1.18068,1.18079,1.12,2.44
2018.01.16 08:25:37.507,1.18068,1.18081,1.50,3.94
2018.01.16 08:25:38.194,1.18068,1.18081,3.19,2.63
2018.01.16 08:25:40.934,1.18069,1.18082,1.25,3.49
2018.01.16 08:25:41.439,1.18069,1.18081,1.00,2.06
2018.01.16 08:25:41.968,1.18068,1.18081,2.62,3.19
2018.01.16 08:25:42.434,1.18068,1.18081,1.69,2.25
2018.01.16 08:25:43.020,1.18068,1.18081,1.69,2.44
2018.01.16 08:25:43.625,1.18068,1.18081,1.50,3.00
2018.01.16 08:25:46.350,1.18068,1.18081,2.25,2.06
2018.01.16 08:25:49.481,1.18068,1.1808,2.62,1.50
2018.01.16 08:26:00.963,1.18068,1.1808,1.12,3.00
2018.01.16 08:26:06.517,1.18068,1.18081,4.87,3.82
2018.01.16 08:26:07.738,1.18068,1.18081,4.13,2.81
2018.01.16 08:26:08.345,1.18069,1.18081,1.50,2.44
2018.01.16 08:26:11.715,1.18069,1.18081,1.00,3.38
2018.01.16 08:26:16.114,1.18069,1.18081,1.00,2.25
2018.01.16 08:26:16.664,1.18069,1.18079,1.00,1.13
2018.01.16 08:26:19.256,1.18068,1.18079,4.50,1.88
2018.01.16 08:26:21.568,1.18068,1.18078,1.50,1.13
2018.01.16 08:26:22.288,1.18069,1.1808,1.50,2.81
2018.01.16 08:26:22.495,1.18069,1.1808,1.69,1.12
2018.01.16 08:26:23.181,1.18071,1.18083,1.13,5.89
2018.01.16 08:26:23.708,1.1807,1.18082,1.50,2.81
2018.01.16 08:26:29.159,1.1807,1.18082,1.63,1.63
2018.01.16 08:26:29.803,1.18069,1.18082,3.19,1.50
2018.01.16 08:26:32.079,1.1807,1.18082,2.06,1.88
2018.01.16 08:26:32.581,1.1807,1.18082,1.00,1.38
2018.01.16 08:26:44.958,1.18069,1.18081,1.50,1.63
2018.01.16 08:26:45.364,1.18069,1.18081,1.00,1.31
2018.01.16 08:26:45.883,1.18069,1.18082,2.63,2.44
2018.01.16 08:26:46.386,1.1807,1.18082,1.69,2.25
2018.01.16 08:26:48.145,1.18068,1.1808,1.76,1.38
2018.01.16 08:26:48.355,1.18068,1.18079,1.50,1.38
2018.01.16 08:26:48.408,1.18068,1.18079,1.69,1.50
2018.01.16 08:26:48.923,1.18068,1.1808,1.12,1.50
2018.01.16 08:26:49.432,1.18068,1.18079,1.12,1.88
2018.01.16 08:26:52.120,1.18068,1.1808,1.12,2.06
2018.01.16 08:26:52.657,1.18067,1.18079,2.44,2.44
2018.01.16 08:26:53.207,1.18068,1.18077,1.00,1.00
2018.01.16 08:26:53.727,1.18067,1.18077,1.25,2.25
2018.01.16 08:26:55.160,1.18068,1.18077,1.00,2.25
2018.01.16 08:26:55.214,1.18065,1.18076,4.76,1.00
2018.01.16 08:26:55.876,1.18067,1.18076,1.12,1.00
2018.01.16 08:26:56.774,1.18068,1.18076,1.00,1.00
2018.01.16 08:26:57.027,1.18068,1.18079,1.00,2.70
2018.01.16 08:26:58.739,1.18068,1.18079,1.00,1.31
2018.01.16 08:26:59.279,1.18068,1.18079,2.25,1.25
2018.01.16 08:27:01.033,1.18069,1.18079,1.69,1.00
2018.01.16 08:27:01.581,1.18069,1.18081,1.88,2.62
2018.01.16 08:27:02.596,1.1807,1.18082,1.50,3.37
2018.01.16 08:27:10.193,1.18069,1.18082,5.63,1.87
2018.01.16 08:27:10.424,1.18068,1.1808,3.45,2.44
2018.01.16 08:27:10.798,1.18068,1.1808,3.75,2.62
2018.01.16 08:27:11.336,1.18068,1.18079,2.81,1.00
2018.01.16 08:27:11.859,1.18068,1.1808,5.66,1.25
2018.01.16 08:27:16.037,1.1807,1.18082,1.38,2.25
2018.01.16 08:27:18.216,1.18069,1.1808,1.38,1.00
2018.01.16 08:27:18.766,1.18069,1.1808,1.44,3.19
2018.01.16 08:27:26.420,1.1807,1.1808,1.69,1.00
2018.01.16 08:27:26.943,1.18068,1.18079,3.00,1.00
2018.01.16 08:27:41.198,1.18068,1.18077,1.88,1.00
2018.01.16 08:27:55.589,1.18068,1.18079,2.63,1.00
2018.01.16 08:27:56.104,1.18069,1.1808,1.50,2.25
2018.01.16 08:28:03.091,1.18071,1.1808,1.00,1.00
2018.01.16 08:28:03.592,1.18069,1.18081,3.79,1.62
2018.01.16 08:28:04.234,1.18071,1.1808,1.35,1.00
2018.01.16 08:28:05.959,1.18071,1.18081,1.35,1.69
2018.01.16 08:28:11.476,1.18071,1.18081,1.35,1.87
2018.01.16 08:28:11.988,1.18071,1.18081,1.35,1.87
2018.01.16 08:28:18.263,1.1807,1.18081,2.29,1.12
2018.01.16 08:28:19.579,1.1807,1.18081,1.54,2.25
2018.01.16 08:28:20.116,1.1807,1.18078,1.25,1.00
2018.01.16 08:28:20.168,1.18068,1.18078,1.12,1.12
2018.01.16 08:28:20.689,1.18068,1.18079,2.85,1.69
2018.01.16 08:28:21.712,1.18069,1.18079,1.35,1.69
2018.01.16 08:28:24.260,1.1807,1.1808,1.54,1.50
2018.01.16 08:28:28.666,1.1807,1.18081,2.10,1.69
2018.01.16 08:28:30.524,1.1807,1.18081,2.66,1.00
2018.01.16 08:28:31.025,1.1807,1.18081,2.10,1.12
2018.01.16 08:28:35.702,1.18069,1.18081,1.50,2.62
2018.01.16 08:28:36.242,1.18069,1.18081,1.87,2.06
2018.01.16 08:28:36.959,1.1807,1.18081,2.25,1.12
2018.01.16 08:28:37.478,1.1807,1.1808,3.23,1.00
2018.01.16 08:28:38.028,1.1807,1.18082,3.41,1.69
2018.01.16 08:28:38.628,1.1807,1.18082,3.41,1.25
2018.01.16 08:28:39.761,1.18071,1.18082,2.66,1.00
2018.01.16 08:28:40.278,1.18071,1.18084,3.94,4.12
2018.01.16 08:28:42.438,1.18071,1.18084,3.38,4.31
2018.01.16 08:28:43.767,1.18071,1.18081,1.25,1.00
2018.01.16 08:28:44.354,1.18069,1.1808,1.88,1.12
2018.01.16 08:28:46.765,1.18069,1.18078,3.38,1.00
2018.01.16 08:28:46.871,1.18067,1.18078,3.00,1.50
2018.01.16 08:28:47.382,1.18069,1.18079,1.35,2.44
2018.01.16 08:28:48.445,1.18069,1.18079,2.29,1.50
2018.01.16 08:28:49.208,1.1807,1.18081,1.88,2.89
2018.01.16 08:28:49.799,1.1807,1.18082,4.35,3.37
2018.01.16 08:28:50.733,1.1807,1.18082,3.23,4.12
2018.01.16 08:28:52.344,1.18071,1.18082,1.13,1.50
2018.01.16 08:28:52.659,1.18069,1.1808,3.00,1.00
2018.01.16 08:28:54.258,1.18069,1.1808,1.25,1.00
2018.01.16 08:28:54.797,1.18069,1.1808,1.63,1.00
2018.01.16 08:28:58.013,1.18068,1.18078,2.81,1.00
2018.01.16 08:28:58.693,1.18068,1.18078,2.85,1.00
2018.01.16 08:28:59.485,1.18068,1.18078,2.06,1.00
2018.01.16 08:29:00.021,1.18068,1.18079,3.94,1.00
2018.01.16 08:29:00.333,1.18067,1.18077,1.88,1.00
2018.01.16 08:29:00.918,1.18067,1.18078,2.63,2.81
2018.01.16 08:29:02.936,1.18068,1.18078,1.50,1.25
2018.01.16 08:29:04.096,1.18068,1.1808,3.00,1.88
2018.01.16 08:29:06.086,1.18069,1.1808,1.25,1.25
2018.01.16 08:29:07.243,1.18068,1.1808,3.00,2.44
2018.01.16 08:29:07.818,1.18069,1.1808,1.00,1.13
2018.01.16 08:29:16.733,1.18068,1.18078,2.63,1.00
2018.01.16 08:29:18.119,1.18068,1.1808,2.81,3.75
2018.01.16 08:29:18.686,1.18068,1.18077,2.25,1.00
2018.01.16 08:29:19.253,1.18068,1.18078,2.25,1.25
2018.01.16 08:29:20.695,1.18068,1.18078,1.87,1.25
2018.01.16 08:29:22.120,1.18068,1.18079,1.12,1.31
2018.01.16 08:29:22.659,1.18069,1.18079,1.00,1.00
2018.01.16 08:29:23.728,1.18067,1.18079,3.94,3.00
2018.01.16 08:29:24.068,1.18067,1.18077,1.88,1.50
2018.01.16 08:29:24.276,1.18063,1.18074,1.50,4.87
2018.01.16 08:29:24.484,1.18066,1.18076,2.48,1.00
2018.01.16 08:29:26.624,1.18065,1.18075,1.19,1.00
2018.01.16 08:29:26.937,1.18063,1.18072,2.44,2.25
2018.01.16 08:29:27.195,1.18063,1.18074,2.81,2.06
2018.01.16 08:29:27.249,1.18064,1.18074,2.81,1.00
2018.01.16 08:29:28.852,1.18063,1.18074,3.04,1.87
2018.01.16 08:29:30.218,1.18063,1.18072,2.44,1.00
2018.01.16 08:29:30.324,1.18062,1.18072,1.69,1.00
2018.01.16 08:29:30.844,1.18062,1.18072,1.00,2.62
2018.01.16 08:29:31.366,1.18062,1.18072,1.00,1.69
2018.01.16 08:29:33.522,1.18063,1.18072,2.10,1.00
2018.01.16 08:29:33.841,1.18063,1.18074,3.04,2.06
2018.01.16 08:29:34.548,1.18063,1.18074,1.12,1.87
2018.01.16 08:29:35.713,1.18063,1.18074,3.60,1.25
2018.01.16 08:29:35.869,1.18065,1.18075,3.60,1.87
2018.01.16 08:29:36.240,1.18066,1.18077,2.62,1.50
2018.01.16 08:29:36.755,1.18066,1.18077,3.37,1.00
2018.01.16 08:29:37.326,1.18067,1.18077,1.00,1.00
2018.01.16 08:29:38.570,1.18066,1.18077,1.50,1.00
2018.01.16 08:29:39.072,1.18066,1.18078,1.50,1.69
2018.01.16 08:29:40.684,1.18066,1.18077,1.50,1.00
2018.01.16 08:29:41.110,1.18064,1.18074,2.66,1.44
2018.01.16 08:29:41.162,1.18064,1.18075,2.25,1.12
2018.01.16 08:29:42.679,1.18065,1.18075,1.35,1.00
2018.01.16 08:29:43.228,1.18064,1.18075,3.60,1.00
2018.01.16 08:29:45.298,1.18065,1.18075,2.10,1.87
2018.01.16 08:29:46.040,1.18065,1.18077,2.10,3.19
2018.01.16 08:29:46.247,1.18064,1.18074,3.00,1.00
2018.01.16 08:29:46.929,1.18064,1.18076,3.22,3.19
2018.01.16 08:29:47.381,1.18064,1.18076,3.22,2.81
2018.01.16 08:29:48.472,1.18064,1.18075,2.47,1.25
2018.01.16 08:29:49.151,1.18064,1.18076,3.97,2.06
2018.01.16 08:29:49.263,1.18063,1.18072,1.87,1.00
2018.01.16 08:29:49.576,1.18062,1.1807,1.50,1.12
2018.01.16 08:29:49.971,1.18058,1.18067,1.50,1.00
2018.01.16 08:29:50.232,1.18057,1.18066,1.12,1.00
2018.01.16 08:29:54.468,1.18056,1.18068,1.50,2.25
2018.01.16 08:29:54.676,1.18053,1.18064,4.95,1.25
2018.01.16 08:29:55.194,1.18053,1.18064,3.37,1.25
2018.01.16 08:29:55.712,1.18052,1.18063,3.94,1.25
2018.01.16 08:29:56.337,1.18052,1.18063,1.25,1.31
2018.01.16 08:29:58.650,1.18051,1.18062,1.87,1.25
2018.01.16 08:29:58.965,1.18049,1.18058,1.50,1.00
2018.01.16 08:29:59.442,1.18049,1.1806,4.50,1.12
2018.01.16 08:29:59.654,1.18053,1.18061,1.50,1.00
2018.01.16 08:29:59.706,1.18053,1.18064,2.25,2.51
2018.01.16 08:29:59.811,1.18054,1.18066,1.87,1.20
2018.01.16 08:29:59.916,1.18054,1.18064,1.37,1.50
2018.01.16 08:30:00.187,1.18052,1.18064,3.45,2.62
2018.01.16 08:30:00.294,1.18051,1.18062,3.00,1.00
2018.01.16 08:30:00.554,1.18048,1.1806,4.31,2.25
2018.01.16 08:30:01.192,1.18047,1.18057,2.62,1.69
2018.01.16 08:30:01.498,1.18048,1.18059,1.12,1.69
2018.01.16 08:30:01.703,1.18048,1.18057,1.50,1.00
2018.01.16 08:30:01.856,1.18047,1.18059,3.00,1.00
2018.01.16 08:30:02.324,1.18054,1.18063,1.00,4.20
2018.01.16 08:30:02.428,1.18056,1.18066,3.19,1.12
2018.01.16 08:30:02.533,1.18053,1.18064,1.00,1.25
2018.01.16 08:30:02.744,1.1805,1.18062,3.64,1.00
2018.01.16 08:30:03.582,1.1805,1.18061,1.69,1.25
2018.01.16 08:30:04.211,1.1805,1.18061,1.25,1.25
2018.01.16 08:30:04.564,1.18047,1.18058,1.44,1.87
2018.01.16 08:30:04.882,1.18045,1.18055,1.72,1.00
2018.01.16 08:30:05.286,1.18043,1.18053,1.84,1.00
2018.01.16 08:30:05.604,1.18048,1.1806,4.16,1.00
2018.01.16 08:30:06.123,1.18049,1.18061,1.37,1.50
2018.01.16 08:30:06.784,1.18048,1.1806,1.39,1.50
2018.01.16 08:30:07.330,1.18048,1.1806,1.37,1.87
2018.01.16 08:30:07.978,1.18047,1.18059,1.57,1.00
2018.01.16 08:30:08.480,1.18047,1.18059,2.32,1.00
2018.01.16 08:30:09.450,1.18049,1.18061,1.37,2.06
2018.01.16 08:30:09.977,1.18049,1.18061,1.12,1.31
2018.01.16 08:30:15.378,1.18049,1.18061,1.12,2.62
2018.01.16 08:30:15.974,1.18049,1.18061,1.12,1.69
2018.01.16 08:30:17.075,1.18049,1.18061,1.12,2.62
2018.01.16 08:30:43.834,1.18049,1.18061,1.12,1.12
2018.01.16 08:30:43.889,1.18051,1.18061,1.87,1.00
2018.01.16 08:30:43.947,1.18052,1.18063,1.25,1.12
2018.01.16 08:30:44.003,1.18053,1.18065,3.37,1.20
2018.01.16 08:30:44.612,1.18055,1.18065,1.00,1.50
2018.01.16 08:30:45.244,1.18053,1.18064,1.62,1.00
2018.01.16 08:30:45.805,1.18053,1.18065,1.87,1.50
2018.01.16 08:30:46.671,1.18052,1.18063,1.25,1.00
2018.01.16 08:30:47.204,1.18051,1.18062,1.00,1.00
2018.01.16 08:30:48.176,1.1805,1.18062,1.12,1.69
2018.01.16 08:30:50.417,1.1805,1.18062,1.00,1.87
2018.01.16 08:30:51.186,1.1805,1.18062,1.00,2.06
2018.01.16 08:30:51.736,1.18049,1.18062,3.00,3.37
2018.01.16 08:30:56.402,1.18053,1.18063,2.06,1.00
2018.01.16 08:30:56.455,1.18053,1.18065,4.69,1.57
2018.01.16 08:30:56.983,1.18054,1.18065,3.41,1.50
2018.01.16 08:31:01.341,1.18051,1.18059,2.40,1.50
2018.01.16 08:31:01.393,1.18052,1.18061,1.00,1.50
2018.01.16 08:31:01.901,1.1805,1.18061,1.62,1.00
2018.01.16 08:31:06.821,1.1805,1.18061,1.12,1.25
2018.01.16 08:31:07.030,1.18051,1.18062,2.10,1.00
2018.01.16 08:31:07.532,1.18051,1.18063,2.10,2.25
2018.01.16 08:31:09.404,1.18051,1.18063,1.72,2.44
2018.01.16 08:31:11.265,1.1805,1.18063,2.44,3.19
2018.01.16 08:31:11.876,1.1805,1.18062,1.69,1.00
2018.01.16 08:31:12.431,1.18051,1.18062,1.72,1.00
2018.01.16 08:31:12.966,1.18051,1.18063,1.72,2.44
2018.01.16 08:31:15.843,1.18051,1.18063,1.72,2.25
2018.01.16 08:31:17.211,1.18051,1.18064,4.54,2.81
2018.01.16 08:31:17.743,1.18053,1.18064,1.72,2.62
2018.01.16 08:31:18.177,1.18055,1.18064,1.25,1.00
2018.01.16 08:31:18.230,1.18056,1.18066,1.91,1.57
2018.01.16 08:31:18.759,1.18057,1.18066,1.00,1.00
2018.01.16 08:31:20.081,1.18057,1.18067,1.00,1.00
2018.01.16 08:31:20.603,1.18057,1.18068,2.10,3.00
2018.01.16 08:31:20.657,1.18059,1.18068,1.00,1.12
2018.01.16 08:31:20.927,1.18078,1.18089,1.35,1.76
2018.01.16 08:31:21.532,1.18077,1.18088,1.72,1.31
2018.01.16 08:31:22.135,1.18078,1.18088,1.00,1.44
2018.01.16 08:31:22.343,1.18075,1.18086,2.51,1.00
2018.01.16 08:31:22.859,1.18073,1.18084,3.07,1.25
2018.01.16 08:31:23.071,1.18067,1.18079,3.45,1.25
2018.01.16 08:31:24.672,1.18071,1.1808,1.69,1.00
2018.01.16 08:31:24.984,1.18084,1.18096,2.06,1.25
2018.01.16 08:31:25.148,1.18083,1.18095,1.00,1.31
2018.01.16 08:31:25.201,1.18082,1.18095,1.69,1.69
2018.01.16 08:31:25.715,1.18082,1.18095,1.12,2.62
2018.01.16 08:31:25.975,1.18081,1.18093,1.95,1.44
2018.01.16 08:31:26.930,1.18081,1.18092,1.10,1.00
2018.01.16 08:31:27.453,1.18081,1.18093,1.10,1.25
2018.01.16 08:31:27.949,1.1808,1.18092,1.95,1.44
2018.01.16 08:31:28.106,1.18078,1.1809,2.32,1.31
2018.01.16 08:31:28.159,1.18076,1.18088,2.51,1.25
2018.01.16 08:31:28.683,1.18077,1.18089,1.10,1.25
2018.01.16 08:31:29.495,1.18076,1.18088,4.01,1.00
2018.01.16 08:31:30.047,1.18076,1.18088,2.89,1.44
2018.01.16 08:31:31.088,1.18076,1.18088,2.06,1.44
2018.01.16 08:31:31.376,1.18079,1.18092,1.31,1.50
2018.01.16 08:31:31.997,1.1808,1.18092,1.00,1.69
2018.01.16 08:31:32.532,1.18079,1.18092,1.31,1.50
2018.01.16 08:31:32.792,1.18078,1.18091,1.58,1.50
2018.01.16 08:31:33.381,1.18079,1.18091,1.00,1.50
2018.01.16 08:31:34.830,1.18079,1.18092,1.25,2.06
2018.01.16 08:31:35.400,1.1808,1.18092,1.00,2.25
2018.01.16 08:31:35.861,1.18078,1.1809,1.39,1.00
2018.01.16 08:31:35.916,1.18077,1.18089,1.57,2.25
2018.01.16 08:31:35.969,1.18076,1.18086,1.12,1.50
2018.01.16 08:31:36.021,1.18073,1.18084,1.87,1.44
2018.01.16 08:31:36.127,1.18066,1.18078,3.07,2.44
2018.01.16 08:31:36.179,1.18067,1.18079,1.10,1.31
2018.01.16 08:31:36.283,1.18066,1.18078,1.10,1.44
2018.01.16 08:31:36.651,1.1808,1.18084,1.12,1.00
2018.01.16 08:31:36.709,1.18088,1.18095,1.00,1.57
2018.01.16 08:31:36.815,1.18086,1.18097,1.12,1.12
2018.01.16 08:31:36.873,1.18085,1.18096,1.00,1.87
2018.01.16 08:31:36.927,1.18083,1.18096,1.50,2.81
2018.01.16 08:31:39.403,1.18083,1.18095,1.12,1.31
2018.01.16 08:31:40.027,1.18083,1.18095,1.20,1.12
2018.01.16 08:31:40.865,1.18084,1.18096,1.00,1.50
2018.01.16 08:31:42.308,1.18083,1.18096,1.12,1.50
2018.01.16 08:31:42.837,1.18085,1.18098,1.00,3.07
2018.01.16 08:31:43.053,1.18085,1.18098,2.25,1.31
2018.01.16 08:31:43.581,1.18086,1.18099,1.76,1.50
2018.01.16 08:31:44.098,1.18086,1.18099,1.39,1.31
2018.01.16 08:31:44.782,1.18086,1.18099,1.20,1.31
2018.01.16 08:31:44.834,1.18086,1.18099,1.39,1.31
2018.01.16 08:31:44.991,1.18086,1.18099,1.58,1.50
2018.01.16 08:31:46.098,1.18086,1.18099,1.58,2.25
2018.01.16 08:31:46.636,1.18087,1.18099,1.00,2.25
2018.01.16 08:31:47.475,1.18086,1.18099,1.58,1.50
2018.01.16 08:31:47.753,1.18084,1.18097,1.50,3.56
2018.01.16 08:31:48.375,1.18085,1.18097,1.00,1.50
2018.01.16 08:31:48.925,1.18085,1.18097,1.38,1.25
2018.01.16 08:31:50.248,1.18087,1.18098,1.25,1.31
2018.01.16 08:31:50.830,1.18086,1.18098,1.25,1.50
2018.01.16 08:31:51.826,1.18085,1.18098,2.51,1.12
2018.01.16 08:31:52.303,1.18085,1.18097,2.14,1.44
2018.01.16 08:31:52.849,1.18085,1.18097,1.88,1.44
2018.01.16 08:31:55.332,1.18086,1.18099,1.00,2.70
2018.01.16 08:31:55.384,1.18087,1.181,1.88,1.39
2018.01.16 08:31:55.934,1.18089,1.18101,1.00,1.50
2018.01.16 08:31:57.039,1.18089,1.18101,3.00,1.25
2018.01.16 08:31:57.555,1.18089,1.18102,4.31,1.50
2018.01.16 08:31:58.421,1.18089,1.18102,3.75,3.00
2018.01.16 08:31:58.965,1.18088,1.181,3.75,1.00
2018.01.16 08:32:01.937,1.18088,1.181,1.88,1.50
2018.01.16 08:32:02.280,1.1809,1.18102,1.88,1.10
2018.01.16 08:32:02.488,1.18093,1.18103,1.44,1.12
2018.01.16 08:32:02.592,1.18095,1.18108,1.39,1.88
2018.01.16 08:32:02.901,1.18096,1.18108,1.00,2.06
2018.01.16 08:32:03.797,1.18096,1.18108,1.00,1.50
2018.01.16 08:32:04.327,1.18096,1.18108,1.00,1.50
2018.01.16 08:32:05.149,1.18097,1.18106,1.00,1.25
2018.01.16 08:32:05.347,1.18095,1.18106,1.12,1.19
2018.01.16 08:32:06.123,1.18094,1.18106,1.50,1.50
2018.01.16 08:32:06.868,1.18093,1.18106,2.25,2.25
2018.01.16 08:32:07.376,1.18093,1.18105,1.00,2.25
2018.01.16 08:32:09.035,1.18093,1.18105,1.00,2.25
2018.01.16 08:32:11.399,1.18093,1.18105,1.00,2.44
2018.01.16 08:32:11.924,1.18092,1.18103,1.39,1.13
2018.01.16 08:32:12.617,1.18092,1.18103,1.00,1.44
2018.01.16 08:32:13.123,1.18091,1.18103,1.50,1.50
2018.01.16 08:32:13.182,1.18091,1.18102,1.00,1.37
2018.01.16 08:32:13.398,1.18091,1.18103,1.69,1.50
2018.01.16 08:32:13.503,1.18094,1.18106,2.10,2.32
2018.01.16 08:32:13.556,1.18095,1.18106,1.35,1.01
2018.01.16 08:32:14.068,1.18095,1.18108,2.85,3.00
2018.01.16 08:32:14.348,1.18094,1.18107,2.47,1.87
2018.01.16 08:32:14.633,1.18095,1.18107,1.54,1.12
2018.01.16 08:32:15.167,1.18096,1.18108,1.00,1.87
2018.01.16 08:32:15.375,1.18094,1.18107,2.74,3.00
2018.01.16 08:32:15.575,1.18093,1.18106,2.10,2.62
2018.01.16 08:32:15.970,1.18095,1.18107,2.85,3.00
2018.01.16 08:32:16.180,1.18106,1.18116,1.00,1.39
2018.01.16 08:32:16.450,1.18101,1.18112,1.20,1.00
2018.01.16 08:32:18.499,1.181,1.18112,1.20,1.25
2018.01.16 08:32:18.552,1.18099,1.18111,3.07,1.19
2018.01.16 08:32:19.080,1.181,1.18112,1.12,1.69
2018.01.16 08:32:19.621,1.18101,1.18112,1.00,1.19
2018.01.16 08:32:20.725,1.181,1.18112,1.88,1.31
2018.01.16 08:32:24.767,1.18099,1.18111,1.50,1.31
2018.01.16 08:32:25.081,1.18095,1.18108,4.80,1.87
2018.01.16 08:32:26.352,1.18093,1.18103,1.45,1.63
2018.01.16 08:32:26.456,1.1809,1.181,1.47,1.38
2018.01.16 08:32:26.609,1.18091,1.18104,2.48,2.25
2018.01.16 08:32:26.714,1.18094,1.18105,1.00,1.25
2018.01.16 08:32:27.283,1.18094,1.18106,1.73,1.31
2018.01.16 08:32:27.791,1.18093,1.18106,3.86,1.50
2018.01.16 08:32:28.308,1.18093,1.18106,2.33,1.69
2018.01.16 08:32:29.013,1.18093,1.18106,2.33,1.69
2018.01.16 08:32:29.472,1.18093,1.18103,1.31,1.37
2018.01.16 08:32:29.680,1.18091,1.18103,1.31,2.06
2018.01.16 08:32:30.459,1.18089,1.18101,3.07,1.75
2018.01.16 08:32:30.766,1.18089,1.18099,1.50,1.75
2018.01.16 08:32:31.301,1.18089,1.18099,1.00,1.62
2018.01.16 08:32:41.127,1.18089,1.181,1.00,1.12
2018.01.16 08:32:41.347,1.18088,1.18099,2.25,1.62
2018.01.16 08:32:45.135,1.18088,1.18098,2.25,1.62
2018.01.16 08:32:45.548,1.18085,1.18097,2.02,1.62
2018.01.16 08:32:45.810,1.18084,1.18096,1.69,1.69
2018.01.16 08:32:46.649,1.18083,1.18096,2.44,2.44
2018.01.16 08:32:47.353,1.18083,1.18095,4.57,1.00
2018.01.16 08:32:47.692,1.18083,1.18092,2.25,1.00
2018.01.16 08:32:47.747,1.18083,1.18095,1.50,1.31
2018.01.16 08:32:48.116,1.18083,1.18094,2.62,1.37
2018.01.16 08:32:48.646,1.18083,1.18094,1.00,1.62
2018.01.16 08:32:49.243,1.18082,1.18094,1.12,1.81
2018.01.16 08:32:49.759,1.18081,1.18094,1.76,2.25
2018.01.16 08:32:50.293,1.18081,1.18094,1.95,2.44
2018.01.16 08:32:51.368,1.18083,1.18094,1.00,1.81
2018.01.16 08:32:52.562,1.18082,1.18094,1.12,1.81
2018.01.16 08:32:53.360,1.18081,1.18094,1.95,2.44
2018.01.16 08:32:54.570,1.18082,1.18094,1.50,1.62
2018.01.16 08:32:55.087,1.18083,1.18093,1.50,1.00
2018.01.16 08:32:55.710,1.18081,1.18093,1.50,1.69
2018.01.16 08:32:56.877,1.18081,1.18093,1.69,1.00
2018.01.16 08:32:58.127,1.18081,1.18094,1.50,3.19
2018.01.16 08:32:59.127,1.18081,1.18094,1.69,2.25
2018.01.16 08:32:59.666,1.18082,1.18094,2.44,1.81
2018.01.16 08:33:00.723,1.18084,1.18094,1.00,1.00
2018.01.16 08:33:01.229,1.18083,1.18094,1.25,1.37
2018.01.16 08:33:01.762,1.18082,1.18094,2.25,1.69
2018.01.16 08:33:02.448,1.18082,1.18093,1.25,1.50
2018.01.16 08:33:03.167,1.1808,1.18093,4.05,1.81
2018.01.16 08:33:03.851,1.1808,1.18092,1.39,1.31
2018.01.16 08:33:04.370,1.1808,1.18093,4.61,2.25
2018.01.16 08:33:05.573,1.1808,1.18093,3.49,2.25
2018.01.16 08:33:06.092,1.1808,1.18093,3.68,2.44
2018.01.16 08:33:07.951,1.1808,1.18093,1.50,2.44
2018.01.16 08:33:08.295,1.18081,1.18093,3.04,1.50
2018.01.16 08:33:09.002,1.18083,1.18094,1.31,1.00
2018.01.16 08:33:09.518,1.18083,1.18094,1.12,1.81
2018.01.16 08:33:10.556,1.18082,1.18094,2.25,1.81
2018.01.16 08:33:11.515,1.18082,1.18093,1.50,1.62
2018.01.16 08:33:12.138,1.18081,1.18093,1.12,1.62
2018.01.16 08:33:12.660,1.18082,1.18093,1.25,1.00
2018.01.16 08:33:13.205,1.18081,1.18093,1.50,1.69
2018.01.16 08:33:15.481,1.18082,1.18093,1.00,1.81
2018.01.16 08:33:16.017,1.18083,1.18094,1.25,1.00
2018.01.16 08:33:16.557,1.18084,1.18095,1.00,1.81
2018.01.16 08:33:18.184,1.18085,1.18095,2.81,1.07
2018.01.16 08:33:18.290,1.18086,1.18096,2.06,1.10
2018.01.16 08:33:18.807,1.18087,1.18098,1.00,1.20
2018.01.16 08:33:19.664,1.18086,1.18098,1.50,1.20
2018.01.16 08:33:20.200,1.18085,1.18096,2.62,1.48
2018.01.16 08:33:22.588,1.18083,1.18095,5.25,1.08
2018.01.16 08:33:22.744,1.18082,1.18094,2.25,1.39
2018.01.16 08:33:26.191,1.1808,1.18092,1.50,1.31
2018.01.16 08:33:26.295,1.1808,1.18092,1.31,1.25
2018.01.16 08:33:26.809,1.1808,1.18092,1.50,1.44
2018.01.16 08:33:28.047,1.1808,1.18093,1.13,2.06
2018.01.16 08:33:30.022,1.1808,1.18093,2.66,2.06
2018.01.16 08:33:30.126,1.18081,1.18093,3.79,1.25
2018.01.16 08:33:31.080,1.18083,1.18093,1.00,1.00
2018.01.16 08:33:31.575,1.18081,1.18091,1.25,1.00
2018.01.16 08:33:32.093,1.1808,1.18092,3.00,1.31
2018.01.16 08:33:32.617,1.1808,1.18091,1.50,1.00
2018.01.16 08:33:33.304,1.18079,1.1809,1.50,1.25
2018.01.16 08:33:36.419,1.18077,1.18086,4.57,1.12
2018.01.16 08:33:36.536,1.18077,1.18089,3.75,3.37
2018.01.16 08:33:37.128,1.18078,1.18089,1.38,2.44
2018.01.16 08:33:37.335,1.18077,1.18085,1.50,1.00
2018.01.16 08:33:37.388,1.18077,1.18089,1.50,2.06
2018.01.16 08:33:37.544,1.18076,1.18087,4.12,1.44
2018.01.16 08:33:37.771,1.18076,1.18088,2.63,1.31
2018.01.16 08:33:38.848,1.18077,1.18089,2.25,2.51
2018.01.16 08:33:39.227,1.18074,1.18085,2.70,1.25
2018.01.16 08:33:39.785,1.18074,1.18085,1.00,1.25
2018.01.16 08:33:41.335,1.18072,1.18084,4.24,1.12
2018.01.16 08:33:42.451,1.18071,1.18084,6.67,1.31
2018.01.16 08:33:42.994,1.18073,1.18086,2.44,3.64
2018.01.16 08:33:43.512,1.18073,1.18085,1.00,3.37
2018.01.16 08:33:44.024,1.18073,1.18086,1.12,5.32
2018.01.16 08:33:44.182,1.18073,1.18086,2.25,5.70
2018.01.16 08:33:44.389,1.18073,1.18083,1.31,1.00
2018.01.16 08:33:44.904,1.18072,1.18084,3.23,2.25
2018.01.16 08:33:45.307,1.18072,1.18082,2.10,1.00
2018.01.16 08:33:45.361,1.18073,1.18084,2.85,1.25
2018.01.16 08:33:46.620,1.18072,1.18083,3.94,1.00
2018.01.16 08:33:48.260,1.18073,1.18085,1.12,2.44
2018.01.16 08:33:48.786,1.18073,1.18085,2.25,1.31
2018.01.16 08:33:50.237,1.18073,1.18085,2.18,2.62
2018.01.16 08:33:50.782,1.18073,1.18085,1.12,1.87
2018.01.16 08:33:51.649,1.18073,1.18085,2.63,1.50
2018.01.16 08:33:52.160,1.18073,1.18085,2.25,1.87
2018.01.16 08:33:52.530,1.18072,1.18082,2.25,1.25
2018.01.16 08:33:53.037,1.18072,1.18083,2.25,1.31
2018.01.16 08:33:56.753,1.18072,1.18084,3.60,1.25
2018.01.16 08:33:57.588,1.18074,1.18084,2.10,1.00
2018.01.16 08:33:58.189,1.18073,1.18085,2.85,2.81
2018.01.16 08:33:58.716,1.18073,1.18085,2.85,2.25
2018.01.16 08:33:59.236,1.18073,1.18082,1.91,1.00
2018.01.16 08:33:59.403,1.18072,1.18084,3.38,1.25
2018.01.16 08:33:59.672,1.18072,1.18082,1.12,1.00
2018.01.16 08:34:00.190,1.18072,1.18083,2.63,1.00
2018.01.16 08:34:00.963,1.18072,1.18082,1.44,1.00
2018.01.16 08:34:01.481,1.18072,1.18083,1.44,3.00
2018.01.16 08:34:02.031,1.18072,1.18082,1.44,1.00
2018.01.16 08:34:02.549,1.18071,1.18083,1.50,2.62
2018.01.16 08:34:03.063,1.18072,1.18082,1.25,2.06
2018.01.16 08:34:04.645,1.1807,1.18083,4.58,1.69
2018.01.16 08:34:05.185,1.18072,1.18083,1.69,2.62
2018.01.16 08:34:06.356,1.18072,1.18083,1.88,1.25
2018.01.16 08:34:07.239,1.1807,1.18082,1.44,3.00
2018.01.16 08:34:08.531,1.18071,1.18082,1.00,2.44
2018.01.16 08:34:09.048,1.18071,1.18082,1.13,2.06
2018.01.16 08:34:10.889,1.18072,1.18082,1.00,1.12
2018.01.16 08:34:14.672,1.1807,1.18082,1.50,2.48
2018.01.16 08:34:14.778,1.18067,1.18079,1.44,2.06
2018.01.16 08:34:14.966,1.18065,1.18077,1.50,1.00
2018.01.16 08:34:15.329,1.18065,1.18076,1.38,1.37
2018.01.16 08:34:15.538,1.18064,1.18077,2.44,1.50
2018.01.16 08:34:17.731,1.18065,1.18077,1.00,1.50
2018.01.16 08:34:17.991,1.18063,1.18075,1.50,1.25
2018.01.16 08:34:18.568,1.18063,1.18075,1.69,1.25
2018.01.16 08:34:19.816,1.18063,1.18075,1.63,2.06
2018.01.16 08:34:20.013,1.18062,1.18074,1.00,1.31
2018.01.16 08:34:20.633,1.18062,1.18074,1.50,1.87
2018.01.16 08:34:24.099,1.18065,1.18077,1.38,1.50
2018.01.16 08:34:25.290,1.18064,1.18077,1.38,2.25
2018.01.16 08:34:26.369,1.18063,1.18075,2.25,1.25
2018.01.16 08:34:26.929,1.18063,1.18075,2.06,1.31
2018.01.16 08:34:27.434,1.18062,1.18074,1.44,2.25
2018.01.16 08:34:28.953,1.18061,1.18074,1.31,1.69
2018.01.16 08:34:29.063,1.1806,1.18072,1.44,1.00
2018.01.16 08:34:29.587,1.18059,1.18071,3.08,1.00
2018.01.16 08:34:30.126,1.1806,1.18072,1.63,1.25
2018.01.16 08:34:31.411,1.18059,1.18071,1.95,1.00
2018.01.16 08:34:32.055,1.18059,1.18071,1.00,1.25
2018.01.16 08:34:32.649,1.18058,1.18071,2.44,1.50
2018.01.16 08:34:33.312,1.18058,1.18071,2.63,1.50
2018.01.16 08:34:33.851,1.18059,1.18071,1.50,1.69
2018.01.16 08:34:33.904,1.1806,1.18072,1.75,1.50
2018.01.16 08:34:34.559,1.18061,1.18073,1.38,1.12
2018.01.16 08:34:34.870,1.18059,1.18071,1.95,1.00
2018.01.16 08:34:35.488,1.18059,1.18072,1.88,1.00
2018.01.16 08:34:36.554,1.1806,1.18073,1.81,1.50
2018.01.16 08:34:46.469,1.18061,1.18072,1.50,1.12
2018.01.16 08:34:46.627,1.18063,1.18076,1.50,3.45
2018.01.16 08:34:47.798,1.18064,1.18076,1.44,2.62
2018.01.16 08:34:49.198,1.18063,1.18075,1.25,1.31
2018.01.16 08:34:49.749,1.18063,1.18075,1.13,1.50
2018.01.16 08:34:50.274,1.18062,1.18075,2.44,1.31
2018.01.16 08:34:50.327,1.18064,1.18076,1.69,1.31
2018.01.16 08:34:50.539,1.18066,1.18079,2.25,1.69
2018.01.16 08:34:51.071,1.18066,1.18078,1.00,1.31
2018.01.16 08:34:51.227,1.18064,1.18077,3.82,1.44
2018.01.16 08:34:54.183,1.18063,1.18076,2.44,2.81
2018.01.16 08:34:54.700,1.18062,1.18074,1.50,1.37
2018.01.16 08:34:57.385,1.18063,1.18075,1.13,1.50
2018.01.16 08:34:57.704,1.18065,1.18077,1.56,1.12
2018.01.16 08:34:58.223,1.18066,1.18078,1.44,2.62
2018.01.16 08:34:58.974,1.18067,1.18079,1.31,1.31
2018.01.16 08:34:59.285,1.18069,1.18081,1.13,3.75
2018.01.16 08:34:59.804,1.18069,1.18081,1.50,1.50
2018.01.16 08:35:00.300,1.18067,1.18079,1.00,1.50
2018.01.16 08:35:01.257,1.18067,1.18079,1.25,1.25
2018.01.16 08:35:01.309,1.18067,1.1808,2.63,1.76
2018.01.16 08:35:07.094,1.18067,1.18079,1.31,1.50
2018.01.16 08:35:07.616,1.18066,1.18078,2.44,1.00
2018.01.16 08:35:08.616,1.18066,1.18078,2.63,1.12
2018.01.16 08:35:08.927,1.18065,1.18076,1.13,1.00
2018.01.16 08:35:09.443,1.18064,1.18076,1.50,1.87
2018.01.16 08:35:10.568,1.18064,1.18076,1.31,1.31
2018.01.16 08:35:11.093,1.18063,1.18076,2.44,2.44
2018.01.16 08:35:11.197,1.18063,1.18076,2.81,2.44
2018.01.16 08:35:14.514,1.18063,1.18076,2.81,2.44
2018.01.16 08:35:15.162,1.18064,1.18077,2.63,1.69
2018.01.16 08:35:15.474,1.18066,1.18078,2.63,1.12
2018.01.16 08:35:15.784,1.18066,1.18078,1.69,2.25
2018.01.16 08:35:15.959,1.18063,1.18075,2.63,1.69
2018.01.16 08:35:24.290,1.18064,1.18077,1.13,3.45
2018.01.16 08:35:24.805,1.18064,1.18076,1.00,2.25
2018.01.16 08:35:25.919,1.18064,1.18077,1.31,3.75
2018.01.16 08:35:27.112,1.18065,1.18077,1.00,3.00
2018.01.16 08:35:27.772,1.18065,1.18077,1.91,2.81
2018.01.16 08:35:29.860,1.18064,1.18077,2.06,2.25
2018.01.16 08:35:30.199,1.18067,1.18079,1.63,2.06
2018.01.16 08:35:32.043,1.18067,1.18079,1.31,1.25
2018.01.16 08:35:32.695,1.18067,1.18079,1.69,1.25
2018.01.16 08:35:34.068,1.18068,1.18081,1.69,3.94
2018.01.16 08:35:34.595,1.18067,1.1808,2.63,1.87
2018.01.16 08:35:35.098,1.18067,1.18079,1.50,1.25
2018.01.16 08:35:35.606,1.18067,1.1808,1.69,2.62
2018.01.16 08:35:39.689,1.18069,1.1808,1.00,1.31
2018.01.16 08:35:40.204,1.18068,1.1808,1.13,1.69
2018.01.16 08:35:45.797,1.18069,1.18081,1.00,2.29
2018.01.16 08:35:46.307,1.18069,1.18081,1.12,1.91
2018.01.16 08:35:46.838,1.18069,1.18081,1.13,1.50
2018.01.16 08:35:49.419,1.18068,1.1808,1.50,3.79
2018.01.16 08:35:53.629,1.18067,1.18078,1.00,1.00
2018.01.16 08:35:55.449,1.18068,1.1808,1.00,2.44
2018.01.16 08:35:55.950,1.18069,1.1808,1.13,1.31
2018.01.16 08:36:00.255,1.18071,1.18082,1.13,1.31
2018.01.16 08:36:00.566,1.18072,1.18084,2.06,1.50
2018.01.16 08:36:01.772,1.18072,1.18084,2.06,1.00
2018.01.16 08:36:06.875,1.18074,1.18086,1.00,1.86
2018.01.16 08:36:07.188,1.18076,1.18088,1.00,1.75
2018.01.16 08:36:07.725,1.18076,1.18088,1.12,1.62
2018.01.16 08:36:11.627,1.18075,1.18087,1.44,2.44
2018.01.16 08:36:12.543,1.18074,1.18086,1.50,2.25
2018.01.16 08:36:12.701,1.18073,1.18084,1.00,1.19
2018.01.16 08:36:13.287,1.18072,1.18084,1.13,1.19
2018.01.16 08:36:16.896,1.18071,1.18084,1.69,2.44
2018.01.16 08:36:17.462,1.18071,1.18084,2.06,2.62
2018.01.16 08:36:30.168,1.18071,1.18083,2.06,1.62
2018.01.16 08:36:30.482,1.18069,1.18082,1.88,2.25
2018.01.16 08:36:30.988,1.18068,1.18081,2.44,2.25
2018.01.16 08:36:32.395,1.18067,1.18079,2.25,1.00
2018.01.16 08:36:33.162,1.18067,1.18078,1.50,1.00
2018.01.16 08:36:33.713,1.18066,1.18078,2.25,1.12
2018.01.16 08:36:34.848,1.18067,1.18079,1.91,1.31
2018.01.16 08:36:35.623,1.18069,1.18081,1.73,3.37
2018.01.16 08:36:36.507,1.18069,1.18081,1.91,3.19
2018.01.16 08:36:38.131,1.18072,1.18083,1.73,4.20
2018.01.16 08:36:38.442,1.18075,1.18085,1.54,3.00
2018.01.16 08:36:39.226,1.18074,1.18084,1.05,1.12
2018.01.16 08:36:41.495,1.18072,1.18084,1.31,2.25
2018.01.16 08:36:42.214,1.18072,1.18083,1.00,2.25
2018.01.16 08:36:42.370,1.18073,1.18085,2.47,2.06
2018.01.16 08:36:44.156,1.18074,1.18085,2.06,1.62
2018.01.16 08:36:44.260,1.18074,1.18086,2.66,1.50
2018.01.16 08:36:45.530,1.18074,1.18086,2.66,1.50
2018.01.16 08:36:46.068,1.18074,1.18086,2.66,1.50
2018.01.16 08:36:50.135,1.18076,1.18087,1.88,1.00
2018.01.16 08:36:56.716,1.18077,1.18089,1.00,3.19
2018.01.16 08:36:57.276,1.18078,1.18089,1.00,1.88
2018.01.16 08:36:59.407,1.18078,1.1809,1.12,1.69
2018.01.16 08:37:00.047,1.18078,1.1809,1.00,1.88
2018.01.16 08:37:00.765,1.18079,1.1809,1.50,1.44
2018.01.16 08:37:01.304,1.1808,1.18092,1.00,1.88
2018.01.16 08:37:01.631,1.18082,1.18093,1.35,2.25
2018.01.16 08:37:02.158,1.18083,1.18095,2.10,1.63
2018.01.16 08:37:09.369,1.18083,1.18095,1.00,1.69
2018.01.16 08:37:09.909,1.18083,1.18095,1.00,1.87
2018.01.16 08:37:09.961,1.18083,1.18095,1.00,2.06
2018.01.16 08:37:10.499,1.18081,1.18091,1.10,1.00
2018.01.16 08:37:14.121,1.18082,1.18093,1.69,1.13
2018.01.16 08:37:14.678,1.18083,1.18093,1.00,1.00
2018.01.16 08:37:15.195,1.18082,1.18093,1.50,1.25
2018.01.16 08:37:15.739,1.18082,1.18093,1.00,1.88
2018.01.16 08:37:17.064,1.18081,1.18093,2.10,1.88
2018.01.16 08:37:17.576,1.1808,1.18092,2.85,1.31
2018.01.16 08:37:17.733,1.1808,1.18093,1.00,3.94
2018.01.16 08:37:18.339,1.18079,1.1809,1.00,1.31
2018.01.16 08:37:18.715,1.18078,1.1809,1.00,2.81
2018.01.16 08:37:18.820,1.18075,1.18087,1.00,1.50
2018.01.16 08:37:18.976,1.18073,1.18086,1.01,2.62
2018.01.16 08:37:19.933,1.18073,1.18085,1.31,1.44
2018.01.16 08:37:20.443,1.18074,1.18085,1.50,1.44
2018.01.16 08:37:21.172,1.18074,1.18085,1.50,1.25
2018.01.16 08:37:21.744,1.18075,1.18086,1.00,1.81
2018.01.16 08:37:22.279,1.18074,1.18085,1.50,1.25
2018.01.16 08:37:22.951,1.18074,1.18085,1.50,1.44
2018.01.16 08:37:25.111,1.18074,1.18085,1.50,1.25
2018.01.16 08:37:25.630,1.18075,1.18085,1.13,1.00
2018.01.16 08:37:26.190,1.18076,1.18086,1.00,1.50
2018.01.16 08:37:26.737,1.18076,1.18086,1.00,1.00
2018.01.16 08:37:27.954,1.18075,1.18085,1.00,1.25
2018.01.16 08:37:28.465,1.18074,1.18084,1.00,1.00
2018.01.16 08:37:31.398,1.18073,1.18084,1.25,1.31
2018.01.16 08:37:31.679,1.1807,1.18083,2.14,1.88
2018.01.16 08:37:31.993,1.18072,1.18085,2.06,2.63
2018.01.16 08:37:32.630,1.18073,1.18084,2.48,1.00
2018.01.16 08:37:34.618,1.18073,1.18084,1.31,1.00
2018.01.16 08:37:35.125,1.18073,1.18084,1.13,1.00
2018.01.16 08:37:35.788,1.18073,1.18084,1.31,1.00
2018.01.16 08:37:37.534,1.18074,1.18085,1.00,1.25
2018.01.16 08:37:43.429,1.18075,1.18086,1.00,2.44
2018.01.16 08:37:52.070,1.18074,1.18085,2.29,1.00
2018.01.16 08:37:52.413,1.18073,1.18084,1.25,1.69
2018.01.16 08:37:55.663,1.18072,1.18083,2.10,1.44
2018.01.16 08:38:02.193,1.18072,1.18083,1.13,1.00
2018.01.16 08:38:02.506,1.18075,1.18087,2.66,1.88
2018.01.16 08:38:03.521,1.18076,1.18087,2.48,1.44
2018.01.16 08:38:04.437,1.18076,1.18088,2.48,2.63
2018.01.16 08:38:05.516,1.18076,1.18087,1.91,1.00
2018.01.16 08:38:06.033,1.18075,1.18088,2.66,2.81
2018.01.16 08:38:06.535,1.18073,1.18086,2.44,1.50
2018.01.16 08:38:07.913,1.18073,1.18086,1.88,2.81
2018.01.16 08:38:08.447,1.18073,1.18085,1.88,1.31
2018.01.16 08:38:08.953,1.18073,1.18085,1.25,2.06
2018.01.16 08:38:10.454,1.18072,1.18085,1.25,3.56
2018.01.16 08:38:11.997,1.18072,1.18084,2.06,1.38
2018.01.16 08:38:12.536,1.18072,1.18084,2.06,1.13
2018.01.16 08:38:18.041,1.18073,1.18085,1.69,1.88
2018.01.16 08:38:18.616,1.18073,1.18085,1.50,1.50
2018.01.16 08:38:19.130,1.18075,1.18087,1.00,3.56
2018.01.16 08:38:20.073,1.18074,1.18087,2.29,4.31
2018.01.16 08:38:23.122,1.18072,1.18082,1.20,1.50
2018.01.16 08:38:23.464,1.18069,1.1808,1.44,1.00
2018.01.16 08:38:36.847,1.18069,1.18081,1.30,2.06
2018.01.16 08:38:37.311,1.18075,1.18083,1.35,1.47
2018.01.16 08:38:37.533,1.18077,1.18087,1.35,2.06
2018.01.16 08:38:38.919,1.18075,1.18087,3.97,1.69
2018.01.16 08:38:39.087,1.18077,1.18087,1.35,1.31
2018.01.16 08:38:41.084,1.18075,1.18086,2.66,1.00
2018.01.16 08:38:41.344,1.18075,1.18085,1.35,1.62
2018.01.16 08:38:41.506,1.18071,1.18082,1.00,1.62
2018.01.16 08:38:41.611,1.18074,1.18083,2.85,2.25
2018.01.16 08:38:41.716,1.18075,1.18085,3.04,1.00
2018.01.16 08:38:41.769,1.18077,1.18088,2.85,1.57
2018.01.16 08:38:41.821,1.18077,1.18089,3.04,3.19
2018.01.16 08:38:42.280,1.1808,1.18089,1.00,2.63
2018.01.16 08:38:42.590,1.18077,1.18089,1.12,3.56
2018.01.16 08:38:43.359,1.18077,1.18087,1.00,1.50
2018.01.16 08:38:43.412,1.18074,1.18086,4.01,1.81
2018.01.16 08:38:43.786,1.18072,1.18084,1.31,1.62
2018.01.16 08:38:45.559,1.18072,1.18085,2.25,3.00
2018.01.16 08:38:45.612,1.18076,1.18087,2.29,1.12
2018.01.16 08:38:46.130,1.18077,1.18088,2.10,1.31
2018.01.16 08:38:46.642,1.18079,1.1809,2.44,1.50
2018.01.16 08:38:47.194,1.1808,1.18091,1.72,1.37
2018.01.16 08:38:47.721,1.1808,1.18092,1.73,1.50
2018.01.16 08:38:50.100,1.1808,1.18093,3.04,1.50
2018.01.16 08:38:50.419,1.18082,1.18095,3.60,3.00
2018.01.16 08:38:53.391,1.18084,1.18097,1.12,2.81
2018.01.16 08:38:55.172,1.18084,1.18097,1.25,2.25
2018.01.16 08:38:55.708,1.18084,1.18097,1.00,2.44
2018.01.16 08:38:56.238,1.18084,1.18097,1.00,2.44
2018.01.16 08:38:56.569,1.18084,1.18097,1.69,2.44
2018.01.16 08:38:57.077,1.18085,1.18098,1.44,2.06
2018.01.16 08:38:57.589,1.18085,1.18098,1.12,2.25
2018.01.16 08:38:58.098,1.18085,1.18098,1.25,2.44
2018.01.16 08:38:58.506,1.18081,1.18094,1.58,2.44
2018.01.16 08:39:00.412,1.18083,1.18095,1.00,2.06
2018.01.16 08:39:00.782,1.18085,1.18096,1.25,1.37
2018.01.16 08:39:01.321,1.18085,1.18096,1.00,1.75
2018.01.16 08:39:02.487,1.18083,1.18096,1.00,2.44
2018.01.16 08:39:03.026,1.18082,1.18095,1.00,3.00
2018.01.16 08:39:03.990,1.18082,1.18095,1.00,2.81
2018.01.16 08:39:04.554,1.18082,1.18095,1.00,3.00
2018.01.16 08:39:05.604,1.18082,1.18094,1.00,1.69
2018.01.16 08:39:06.133,1.18081,1.18094,1.23,3.19
2018.01.16 08:39:06.966,1.18081,1.18094,1.11,3.19
2018.01.16 08:39:07.518,1.18081,1.18094,1.23,3.38
2018.01.16 08:39:10.440,1.1808,1.18093,1.30,2.44
2018.01.16 08:39:10.971,1.1808,1.18093,1.11,2.25
2018.01.16 08:39:11.491,1.1808,1.18093,3.96,2.81
2018.01.16 08:39:12.012,1.18081,1.18093,1.00,1.69
2018.01.16 08:39:12.323,1.18078,1.1809,1.00,1.75
2018.01.16 08:39:12.918,1.18079,1.1809,1.50,1.62
2018.01.16 08:39:13.459,1.1808,1.18092,1.00,2.44
2018.01.16 08:39:15.961,1.18079,1.18091,1.00,2.00
2018.01.16 08:39:16.224,1.1808,1.18092,1.00,2.44
2018.01.16 08:39:17.047,1.1808,1.18092,2.10,2.44
2018.01.16 08:39:17.833,1.1808,1.18092,2.10,1.69
2018.01.16 08:39:18.842,1.18079,1.18091,1.00,1.50
2018.01.16 08:39:19.374,1.18078,1.1809,1.00,2.00
2018.01.16 08:39:19.892,1.18077,1.1809,2.06,2.44
2018.01.16 08:39:20.436,1.18077,1.18088,1.00,1.44
2018.01.16 08:39:21.660,1.18077,1.18088,1.25,1.13
2018.01.16 08:39:21.822,1.1808,1.18092,1.35,3.45
2018.01.16 08:39:22.370,1.18081,1.18093,1.25,1.75
2018.01.16 08:39:23.716,1.1808,1.18092,1.00,2.44
2018.01.16 08:39:23.904,1.18078,1.18091,1.00,3.19
2018.01.16 08:39:24.423,1.18077,1.18088,1.88,1.00
2018.01.16 08:39:26.398,1.18076,1.18089,1.69,3.94
2018.01.16 08:39:26.451,1.18074,1.18087,2.33,2.25
2018.01.16 08:39:26.839,1.18077,1.18088,1.13,1.62
2018.01.16 08:39:26.943,1.18079,1.1809,1.25,1.13
2018.01.16 08:39:27.470,1.18079,1.1809,3.23,1.00
2018.01.16 08:39:27.973,1.18078,1.18091,2.85,2.81
2018.01.16 08:39:29.197,1.18079,1.18091,2.47,2.25
2018.01.16 08:39:32.195,1.18082,1.18092,1.25,1.00
2018.01.16 08:39:32.481,1.18085,1.18097,1.25,1.57
2018.01.16 08:39:32.897,1.18083,1.18096,1.12,3.19
2018.01.16 08:39:33.418,1.18082,1.18095,1.69,2.00
2018.01.16 08:39:34.262,1.18082,1.18095,3.26,2.00
2018.01.16 08:39:34.606,1.18081,1.18094,1.76,1.69
2018.01.16 08:39:35.715,1.18081,1.18093,1.87,1.62
2018.01.16 08:39:36.442,1.18081,1.18092,1.69,1.00
2018.01.16 08:39:36.758,1.18083,1.18094,1.12,1.12
2018.01.16 08:39:37.109,1.18081,1.18094,1.31,3.00
2018.01.16 08:39:37.481,1.18083,1.18095,1.00,2.44
2018.01.16 08:39:38.222,1.18082,1.18094,1.00,1.81
2018.01.16 08:39:38.763,1.18082,1.18094,1.00,2.00
2018.01.16 08:39:39.293,1.18082,1.18094,1.00,1.81
2018.01.16 08:39:39.822,1.18082,1.18094,1.00,2.06
2018.01.16 08:39:40.577,1.18081,1.18094,1.87,2.06
2018.01.16 08:39:41.453,1.18082,1.18094,1.00,1.00
2018.01.16 08:39:41.506,1.18084,1.18095,1.00,2.06
2018.01.16 08:39:41.844,1.18085,1.18097,1.12,1.31
2018.01.16 08:39:42.287,1.18085,1.18097,1.00,1.50
2018.01.16 08:39:42.813,1.18084,1.18097,1.69,1.50
2018.01.16 08:39:43.334,1.18083,1.18095,4.12,1.44
2018.01.16 08:39:44.581,1.18083,1.18095,2.62,1.44
2018.01.16 08:39:45.682,1.18083,1.18095,1.69,2.44
2018.01.16 08:39:46.097,1.1808,1.18093,2.51,2.81
2018.01.16 08:39:46.150,1.1808,1.18093,1.31,4.50
2018.01.16 08:39:46.324,1.18079,1.18091,1.12,1.69
2018.01.16 08:39:46.882,1.18078,1.18091,1.69,2.44
2018.01.16 08:39:46.935,1.18077,1.18089,1.00,2.25
2018.01.16 08:39:47.460,1.18076,1.18089,1.31,2.44
2018.01.16 08:39:48.010,1.18075,1.18087,1.31,1.25
2018.01.16 08:39:48.373,1.18073,1.18085,3.83,1.00
2018.01.16 08:39:48.587,1.18075,1.18087,1.81,1.00
2018.01.16 08:39:49.115,1.18075,1.18088,1.56,2.06
2018.01.16 08:39:49.625,1.18076,1.18088,1.63,1.31
2018.01.16 08:39:50.975,1.18076,1.18088,1.25,1.31
2018.01.16 08:39:51.527,1.18076,1.18087,1.00,1.44
2018.01.16 08:39:52.131,1.18075,1.18088,1.25,2.44
2018.01.16 08:39:52.670,1.18075,1.18088,1.25,2.63
2018.01.16 08:39:53.194,1.18075,1.18088,1.25,2.63
2018.01.16 08:39:53.513,1.18074,1.18086,1.13,3.00
2018.01.16 08:39:54.100,1.18074,1.18086,1.31,1.31
2018.01.16 08:39:54.462,1.18075,1.18087,1.56,1.31
2018.01.16 08:39:54.778,1.18077,1.1809,1.56,2.25
2018.01.16 08:39:55.354,1.18079,1.1809,1.25,1.12
2018.01.16 08:39:57.274,1.18079,1.18092,2.06,2.25
2018.01.16 08:39:57.814,1.1808,1.18092,2.06,1.00
2018.01.16 08:39:58.348,1.18081,1.18093,1.00,1.31
2018.01.16 08:39:59.052,1.18081,1.18093,1.25,1.50
2018.01.16 08:40:00.011,1.18082,1.18094,1.00,1.69
2018.01.16 08:40:00.563,1.18081,1.18095,3.19,3.19
2018.01.16 08:40:01.093,1.18081,1.18094,3.19,1.69
2018.01.16 08:40:01.600,1.18081,1.18094,2.81,1.69
2018.01.16 08:40:03.452,1.18082,1.18095,3.00,2.44
2018.01.16 08:40:03.997,1.18083,1.18094,1.31,1.00
2018.01.16 08:40:04.573,1.18083,1.18094,1.69,1.00
2018.01.16 08:40:05.113,1.18082,1.18093,2.06,1.00
2018.01.16 08:40:05.279,1.18082,1.18093,1.31,1.00
2018.01.16 08:40:05.435,1.1808,1.18092,2.33,1.87
2018.01.16 08:40:06.271,1.1808,1.18092,1.50,2.44
2018.01.16 08:40:10.858,1.18082,1.18094,2.06,1.50
2018.01.16 08:40:11.292,1.18084,1.18097,1.69,2.25
2018.01.16 08:40:11.344,1.18084,1.18097,2.62,2.25
2018.01.16 08:40:12.648,1.18085,1.18097,1.00,2.06
2018.01.16 08:40:13.200,1.18084,1.18097,2.06,2.25
2018.01.16 08:40:13.735,1.18085,1.18097,1.00,2.06
2018.01.16 08:40:14.367,1.18084,1.18097,2.06,2.25
2018.01.16 08:40:18.292,1.18085,1.18097,1.00,3.19
2018.01.16 08:40:18.963,1.18085,1.18097,1.69,1.50
2018.01.16 08:40:19.123,1.18086,1.18097,1.00,1.00
2018.01.16 08:40:19.748,1.18086,1.18099,2.25,2.44
2018.01.16 08:40:20.288,1.18086,1.18099,1.69,2.44
2018.01.16 08:40:20.827,1.18086,1.18099,1.31,2.44
2018.01.16 08:40:21.513,1.18086,1.18099,1.69,2.44
2018.01.16 08:40:21.669,1.18087,1.181,1.00,3.00
2018.01.16 08:40:21.722,1.18089,1.181,1.50,1.88
2018.01.16 08:40:21.879,1.18088,1.18099,1.00,1.75
2018.01.16 08:40:25.196,1.18086,1.181,3.19,3.19
2018.01.16 08:40:27.068,1.18086,1.18098,1.76,1.50
2018.01.16 08:40:27.589,1.18086,1.18098,1.69,1.50
2018.01.16 08:40:27.977,1.18086,1.18098,1.69,1.12
2018.01.16 08:40:28.542,1.18086,1.18098,1.69,1.50
2018.01.16 08:40:29.714,1.18086,1.18097,1.00,2.25
2018.01.16 08:40:30.660,1.18085,1.18096,1.50,1.69
2018.01.16 08:40:31.075,1.18083,1.18095,2.51,1.63
2018.01.16 08:40:31.578,1.1808,1.18092,1.95,1.50
2018.01.16 08:40:31.683,1.18078,1.18092,3.26,3.00
2018.01.16 08:40:32.046,1.1808,1.18093,3.38,1.50
2018.01.16 08:40:32.557,1.18081,1.18093,1.25,1.50
2018.01.16 08:40:32.856,1.18082,1.18096,3.75,3.19
2018.01.16 08:40:33.145,1.18082,1.18093,1.20,1.31
2018.01.16 08:40:33.670,1.18082,1.18093,1.00,1.50
2018.01.16 08:40:34.104,1.18082,1.18094,1.50,1.25
2018.01.16 08:40:34.657,1.18084,1.18097,2.25,1.50
2018.01.16 08:40:35.011,1.1808,1.18092,2.32,2.06
2018.01.16 08:40:35.371,1.1808,1.18092,1.00,3.00
2018.01.16 08:40:35.921,1.1808,1.18092,1.31,2.25
2018.01.16 08:40:36.974,1.18079,1.1809,1.95,1.13
2018.01.16 08:40:37.220,1.18079,1.18089,1.00,1.62
2018.01.16 08:40:39.228,1.18077,1.18089,1.88,2.44
2018.01.16 08:40:39.755,1.18077,1.18088,1.50,1.37
2018.01.16 08:40:40.283,1.18075,1.18087,1.13,2.44
2018.01.16 08:40:40.738,1.18075,1.18086,1.00,1.62
2018.01.16 08:40:42.501,1.18074,1.18085,2.06,1.37
2018.01.16 08:40:42.708,1.18072,1.18082,1.50,1.37
2018.01.16 08:40:44.217,1.18072,1.18084,1.25,2.06
2018.01.16 08:40:44.798,1.18072,1.18083,1.56,1.37
2018.01.16 08:40:45.470,1.18071,1.18083,1.56,1.62
2018.01.16 08:40:46.155,1.18071,1.18084,1.69,1.50
2018.01.16 08:40:46.208,1.18071,1.18084,2.06,1.12
2018.01.16 08:40:46.738,1.18074,1.18086,1.25,2.25
2018.01.16 08:40:47.272,1.18074,1.18086,1.19,2.25
2018.01.16 08:40:48.098,1.18074,1.18086,1.25,2.25
2018.01.16 08:40:48.659,1.18072,1.18082,2.51,1.00
2018.01.16 08:40:48.712,1.18069,1.18081,1.13,1.50
2018.01.16 08:40:48.764,1.18069,1.1808,1.13,1.37
2018.01.16 08:40:49.230,1.18067,1.18079,1.01,2.06
2018.01.16 08:40:50.044,1.18068,1.18081,1.63,2.89
2018.01.16 08:40:52.828,1.18069,1.18081,1.19,1.00
2018.01.16 08:40:53.640,1.18069,1.18082,2.06,1.31
2018.01.16 08:40:54.234,1.1807,1.18083,1.69,1.50
2018.01.16 08:40:56.430,1.18071,1.18083,1.00,1.62
2018.01.16 08:40:57.068,1.18073,1.18085,1.31,1.62
2018.01.16 08:40:57.593,1.18074,1.18086,1.69,1.81
2018.01.16 08:40:58.129,1.18074,1.18086,2.81,1.00
2018.01.16 08:40:58.644,1.18075,1.18087,1.63,1.62
2018.01.16 08:41:00.146,1.18076,1.18088,1.12,2.25
2018.01.16 08:41:00.492,1.18076,1.1809,3.94,3.07
2018.01.16 08:41:00.547,1.18077,1.18088,1.00,1.00
2018.01.16 08:41:01.073,1.18078,1.18091,1.00,2.44
2018.01.16 08:41:02.804,1.18078,1.1809,2.25,1.19
2018.01.16 08:41:03.268,1.18079,1.18092,1.50,2.25
2018.01.16 08:41:03.825,1.18079,1.18092,2.06,1.62
2018.01.16 08:41:04.345,1.18079,1.18092,2.81,2.00
2018.01.16 08:41:04.961,1.18079,1.18092,2.81,2.44
2018.01.16 08:41:05.125,1.1808,1.18093,2.06,1.31
2018.01.16 08:41:05.691,1.18081,1.18093,1.25,1.69
2018.01.16 08:41:11.873,1.18082,1.18094,1.00,2.25
2018.01.16 08:41:12.088,1.18082,1.18094,2.44,1.00
2018.01.16 08:41:12.640,1.18081,1.18093,1.13,2.44
2018.01.16 08:41:12.743,1.1808,1.18093,2.25,3.19
2018.01.16 08:41:13.003,1.18079,1.18092,2.44,3.00
2018.01.16 08:41:14.794,1.18078,1.18091,3.00,1.69
2018.01.16 08:41:15.334,1.18078,1.18089,1.50,1.00
2018.01.16 08:41:15.929,1.18078,1.18089,1.12,1.00
2018.01.16 08:41:19.870,1.18078,1.18089,1.12,1.81
2018.01.16 08:41:20.053,1.18079,1.18092,1.12,2.44
2018.01.16 08:41:20.105,1.1808,1.18093,3.79,1.95
2018.01.16 08:41:20.262,1.18082,1.18095,1.25,3.00
2018.01.16 08:41:21.593,1.18082,1.18095,1.50,2.81
2018.01.16 08:41:22.094,1.18082,1.18095,1.12,2.62
2018.01.16 08:41:22.636,1.18082,1.18096,3.00,3.00
2018.01.16 08:41:23.188,1.18083,1.18096,1.00,3.00
2018.01.16 08:41:23.706,1.18084,1.18096,1.12,1.69
2018.01.16 08:41:24.718,1.18084,1.18098,2.81,3.00
2018.01.16 08:41:25.236,1.18085,1.18098,1.50,3.00
2018.01.16 08:41:25.828,1.18085,1.18098,1.12,3.00
2018.01.16 08:41:26.353,1.18084,1.18098,3.00,3.00
2018.01.16 08:41:27.114,1.18084,1.18098,3.00,3.00
2018.01.16 08:41:27.656,1.18084,1.18097,2.06,1.31
2018.01.16 08:41:27.818,1.18084,1.18097,1.87,1.31
2018.01.16 08:41:27.870,1.18084,1.18097,2.06,1.31
2018.01.16 08:41:28.482,1.18084,1.18097,1.87,1.50
2018.01.16 08:41:29.638,1.18084,1.18098,4.50,2.81
2018.01.16 08:41:29.997,1.18086,1.18099,2.25,2.06
2018.01.16 08:41:30.514,1.18087,1.181,1.25,2.25
2018.01.16 08:41:32.245,1.18088,1.181,1.35,1.50
2018.01.16 08:41:32.556,1.18086,1.18099,3.41,2.00
2018.01.16 08:41:33.588,1.18086,1.18099,1.37,2.44
2018.01.16 08:41:34.096,1.18086,1.18099,1.72,2.44
2018.01.16 08:41:34.627,1.18087,1.181,1.35,2.44
2018.01.16 08:41:35.168,1.18087,1.181,1.72,2.25
2018.01.16 08:41:35.720,1.18087,1.181,1.72,2.44
2018.01.16 08:41:38.080,1.18086,1.181,2.06,2.44
2018.01.16 08:41:39.199,1.18087,1.18101,2.06,2.44
2018.01.16 08:41:40.318,1.18087,1.181,1.31,2.44
2018.01.16 08:41:42.747,1.18088,1.181,1.25,1.69
2018.01.16 08:41:44.826,1.18088,1.18101,1.31,3.19
2018.01.16 08:41:45.433,1.18088,1.18101,1.50,3.00
2018.01.16 08:41:46.056,1.18089,1.18101,1.12,2.25
2018.01.16 08:41:46.358,1.18087,1.18101,3.26,3.19
2018.01.16 08:41:47.856,1.18087,1.18101,3.00,3.00
2018.01.16 08:41:48.374,1.18088,1.18101,1.69,3.00
2018.01.16 08:41:48.426,1.18088,1.18101,1.50,3.19
2018.01.16 08:41:54.650,1.18087,1.18099,1.87,1.50
2018.01.16 08:41:54.809,1.18085,1.18098,2.33,1.50
2018.01.16 08:41:55.323,1.18085,1.18097,1.69,1.38
2018.01.16 08:41:55.844,1.18085,1.18097,2.81,2.85
2018.01.16 08:41:55.950,1.18084,1.18096,1.13,2.06
2018.01.16 08:41:56.481,1.18083,1.18095,1.69,3.04
2018.01.16 08:41:57.263,1.18083,1.18095,1.50,2.85
2018.01.16 08:41:57.876,1.18083,1.18095,1.12,2.85
2018.01.16 08:41:58.851,1.18083,1.18095,3.56,2.10
2018.01.16 08:41:59.375,1.18083,1.18095,4.35,1.25
2018.01.16 08:41:59.912,1.18083,1.18095,4.35,1.38
2018.01.16 08:42:01.352,1.18084,1.18096,1.00,3.41
2018.01.16 08:42:02.046,1.18083,1.18096,3.19,2.06
2018.01.16 08:42:02.775,1.18084,1.18096,1.00,2.06
2018.01.16 08:42:03.296,1.18083,1.18096,2.44,1.56
2018.01.16 08:42:04.893,1.18083,1.18096,2.25,1.69
2018.01.16 08:42:08.631,1.18083,1.18096,2.62,1.69
2018.01.16 08:42:09.177,1.18083,1.18096,2.25,1.69
2018.01.16 08:42:09.723,1.18081,1.18094,3.45,1.69
2018.01.16 08:42:12.034,1.18082,1.18094,1.73,2.44
2018.01.16 08:42:12.815,1.18082,1.18093,1.00,1.31
2018.01.16 08:42:16.459,1.18082,1.18092,1.00,1.31
2018.01.16 08:42:17.040,1.18081,1.18092,2.85,1.50
2018.01.16 08:42:17.562,1.18081,1.18092,1.35,1.50
2018.01.16 08:42:18.346,1.18082,1.18093,1.35,1.50
2018.01.16 08:42:18.664,1.18084,1.18094,1.35,1.00
2018.01.16 08:42:22.195,1.18083,1.18094,1.91,1.38
2018.01.16 08:42:24.290,1.18083,1.18095,1.12,3.37
2018.01.16 08:42:24.907,1.18082,1.18095,1.31,5.10
2018.01.16 08:42:29.013,1.18081,1.18095,5.18,3.94
2018.01.16 08:42:29.532,1.1808,1.18093,6.11,2.44
2018.01.16 08:42:30.656,1.18081,1.18093,1.00,1.50
2018.01.16 08:42:30.761,1.1808,1.18093,1.69,3.98
2018.01.16 08:42:32.056,1.1808,1.18093,5.63,1.88
2018.01.16 08:42:32.565,1.18081,1.18093,1.63,1.69
2018.01.16 08:42:33.104,1.18081,1.18092,1.00,1.69
2018.01.16 08:42:33.160,1.18078,1.1809,2.32,1.00
2018.01.16 08:42:33.751,1.18078,1.1809,1.12,1.31
2018.01.16 08:42:34.453,1.18077,1.1809,1.00,3.00
2018.01.16 08:42:34.830,1.18076,1.18084,2.44,1.00
2018.01.16 08:42:34.942,1.18074,1.18085,1.12,1.12
2018.01.16 08:42:35.132,1.1807,1.18081,1.10,1.12
2018.01.16 08:42:35.237,1.18068,1.18081,1.20,2.62
2018.01.16 08:42:35.773,1.18069,1.18082,1.00,2.25
2018.01.16 08:42:35.929,1.18069,1.18081,1.19,1.00
2018.01.16 08:42:36.034,1.18068,1.18081,1.57,2.44
2018.01.16 08:42:36.193,1.18067,1.1808,1.95,1.50
2018.01.16 08:42:36.644,1.18068,1.1808,1.19,1.50
2018.01.16 08:42:37.265,1.18068,1.18081,2.06,1.88
2018.01.16 08:42:37.445,1.18068,1.18081,1.88,1.88
2018.01.16 08:42:37.759,1.18068,1.18082,2.14,3.00
2018.01.16 08:42:38.227,1.18066,1.18078,1.63,2.25
2018.01.16 08:42:38.744,1.18066,1.18078,1.56,1.12
2018.01.16 08:42:39.325,1.18065,1.18077,4.39,1.00
2018.01.16 08:42:39.964,1.18065,1.18078,1.50,2.06
2018.01.16 08:42:40.486,1.18067,1.18078,1.13,2.06
2018.01.16 08:42:40.871,1.18068,1.1808,1.50,1.44
2018.01.16 08:42:41.131,1.18069,1.18082,1.00,2.70
2018.01.16 08:42:41.601,1.18071,1.18083,1.87,1.87
2018.01.16 08:42:41.679,1.1807,1.18083,1.87,1.50
2018.01.16 08:42:41.784,1.18069,1.18081,2.44,1.50
2018.01.16 08:42:42.396,1.18069,1.18081,1.69,1.50
2018.01.16 08:42:43.203,1.18067,1.1808,3.26,1.69
2018.01.16 08:42:43.737,1.18067,1.18079,1.63,1.50
2018.01.16 08:42:43.969,1.18067,1.18079,1.12,1.69
2018.01.16 08:42:44.383,1.18066,1.18076,1.25,1.50
2018.01.16 08:42:44.645,1.18064,1.18075,1.31,1.87
2018.01.16 08:42:45.178,1.18064,1.18076,2.06,1.69
2018.01.16 08:42:45.440,1.18065,1.18077,1.50,2.25
2018.01.16 08:42:45.856,1.18063,1.18075,3.08,2.06
2018.01.16 08:42:46.173,1.18063,1.18074,1.12,1.00
2018.01.16 08:42:46.488,1.18061,1.18074,2.51,1.50
2018.01.16 08:42:47.010,1.18061,1.18073,1.56,1.50
2018.01.16 08:42:47.527,1.18062,1.18072,1.69,1.00
2018.01.16 08:42:47.581,1.18064,1.18075,1.19,3.19
2018.01.16 08:42:47.636,1.18065,1.18075,1.00,1.00
2018.01.16 08:42:47.692,1.18066,1.18077,1.31,1.20
2018.01.16 08:42:48.008,1.18068,1.18079,1.25,2.25
2018.01.16 08:42:48.542,1.18068,1.18079,1.25,1.13
2018.01.16 08:42:49.134,1.18067,1.18078,1.00,1.12
2018.01.16 08:42:50.161,1.18066,1.18078,2.62,1.12
2018.01.16 08:42:50.412,1.18067,1.1808,2.62,1.69
2018.01.16 08:42:50.568,1.18067,1.18077,1.50,1.00
2018.01.16 08:42:50.672,1.18065,1.18076,2.14,1.00
2018.01.16 08:42:50.977,1.18067,1.18078,1.13,1.31
2018.01.16 08:42:51.445,1.18064,1.18076,1.58,1.00
2018.01.16 08:42:52.662,1.18063,1.18076,1.38,2.06
2018.01.16 08:42:53.163,1.18063,1.18075,1.63,1.25
2018.01.16 08:42:55.569,1.18066,1.18076,1.25,1.50
2018.01.16 08:42:56.807,1.18064,1.18075,1.13,1.00
2018.01.16 08:42:57.172,1.18062,1.18073,2.06,1.00
2018.01.16 08:42:57.679,1.18062,1.18073,1.88,1.00
2018.01.16 08:42:58.896,1.18064,1.18075,1.25,1.50
2018.01.16 08:42:59.221,1.18066,1.18076,1.44,1.00
2018.01.16 08:43:00.069,1.18066,1.18077,1.31,1.87
2018.01.16 08:43:00.728,1.18066,1.18077,1.69,3.00
2018.01.16 08:43:01.789,1.18066,1.18076,1.19,1.57
2018.01.16 08:43:03.433,1.18066,1.18076,1.19,1.20
2018.01.16 08:43:04.229,1.18067,1.18078,1.25,2.14
2018.01.16 08:43:04.763,1.18066,1.18076,1.12,1.20
2018.01.16 08:43:05.291,1.18066,1.18076,2.25,1.20
2018.01.16 08:43:05.827,1.18066,1.18076,1.00,1.20
2018.01.16 08:43:06.353,1.18066,1.18075,1.00,1.20
2018.01.16 08:43:07.567,1.18066,1.18076,1.00,1.20
2018.01.16 08:43:08.386,1.18066,1.18076,1.25,1.45
2018.01.16 08:43:10.150,1.18066,1.18076,1.25,1.20
2018.01.16 08:43:12.638,1.18065,1.18074,1.19,1.00
2018.01.16 08:43:12.953,1.18062,1.18073,1.38,1.57
2018.01.16 08:43:13.420,1.18062,1.18073,1.13,2.51
2018.01.16 08:43:16.280,1.18063,1.18074,2.44,1.57
2018.01.16 08:43:18.248,1.18063,1.18074,1.69,1.47
2018.01.16 08:43:19.748,1.18063,1.18074,1.00,2.51
2018.01.16 08:43:20.311,1.18063,1.18074,1.31,1.47
2018.01.16 08:43:24.929,1.18062,1.18073,1.00,1.76
2018.01.16 08:43:25.434,1.18062,1.18073,1.00,1.01
2018.01.16 08:43:25.971,1.1806,1.18072,2.25,1.07
2018.01.16 08:43:27.364,1.18059,1.1807,2.62,1.10
2018.01.16 08:43:27.887,1.18059,1.18069,1.12,1.20
2018.01.16 08:43:28.395,1.18059,1.18068,1.12,1.10
2018.01.16 08:43:29.119,1.18058,1.18068,2.63,1.95
2018.01.16 08:43:30.093,1.18058,1.18067,1.13,1.20
2018.01.16 08:43:30.456,1.18056,1.18067,1.00,1.01
2018.01.16 08:43:30.508,1.18055,1.18066,1.00,1.20
2018.01.16 08:43:33.127,1.18053,1.18061,2.44,1.00
2018.01.16 08:43:33.180,1.18051,1.1806,2.44,1.00
2018.01.16 08:43:33.232,1.18051,1.18061,1.69,1.10
2018.01.16 08:43:33.337,1.18051,1.18062,2.06,1.95
2018.01.16 08:43:33.494,1.18051,1.18063,2.06,1.12
2018.01.16 08:43:33.762,1.1805,1.18061,2.06,1.00
2018.01.16 08:43:33.928,1.1805,1.18062,1.00,3.56
2018.01.16 08:43:34.963,1.1805,1.18063,2.06,2.06
2018.01.16 08:43:36.703,1.18052,1.18064,1.31,2.44
2018.01.16 08:43:37.175,1.18052,1.18064,1.56,1.37
2018.01.16 08:43:38.111,1.18052,1.18064,2.06,1.00
2018.01.16 08:43:38.457,1.18051,1.18062,1.63,1.00
2018.01.16 08:43:38.972,1.1805,1.18064,1.69,4.69
2018.01.16 08:43:39.285,1.1805,1.18062,1.56,1.37
2018.01.16 08:43:39.756,1.18053,1.18063,1.19,1.00
2018.01.16 08:43:40.309,1.18052,1.18063,1.31,1.00
2018.01.16 08:43:40.516,1.1805,1.18063,2.06,4.12
2018.01.16 08:43:40.569,1.18049,1.18061,1.12,2.06
2018.01.16 08:43:40.901,1.18045,1.18056,1.25,2.06
2018.01.16 08:43:41.388,1.18042,1.18055,1.39,1.31
2018.01.16 08:43:41.440,1.18042,1.18054,1.20,2.62
2018.01.16 08:43:41.493,1.1804,1.18053,1.10,2.06
2018.01.16 08:43:42.461,1.18039,1.18052,2.25,2.25
2018.01.16 08:43:42.624,1.18041,1.18052,1.25,1.62
2018.01.16 08:43:42.729,1.18039,1.18051,1.31,1.12
2018.01.16 08:43:43.262,1.1804,1.18052,1.12,1.62
2018.01.16 08:43:43.788,1.1804,1.18052,1.44,1.00
2018.01.16 08:43:45.789,1.18042,1.18052,1.00,1.25
2018.01.16 08:43:46.069,1.1804,1.18052,1.25,2.62
2018.01.16 08:43:46.597,1.18039,1.18051,1.87,1.62
2018.01.16 08:43:47.087,1.1804,1.18052,1.12,1.25
2018.01.16 08:43:48.043,1.18039,1.18052,1.00,1.12
2018.01.16 08:43:48.097,1.18039,1.18051,1.00,2.06
2018.01.16 08:43:48.621,1.18038,1.18049,1.50,1.20
2018.01.16 08:43:49.126,1.18037,1.18049,3.00,1.39
2018.01.16 08:43:49.499,1.18039,1.1805,1.00,3.07
2018.01.16 08:43:49.814,1.1804,1.18052,1.19,2.07
2018.01.16 08:43:50.488,1.18042,1.18053,1.25,2.14
2018.01.16 08:43:54.643,1.1804,1.18052,1.37,1.45
2018.01.16 08:43:55.217,1.1804,1.18052,1.12,1.01
2018.01.16 08:43:55.587,1.18042,1.18053,1.00,3.07
2018.01.16 08:43:59.186,1.18041,1.18052,1.25,2.51
2018.01.16 08:43:59.439,1.18039,1.18049,1.12,1.20
2018.01.16 08:43:59.830,1.18041,1.18049,1.00,1.45
2018.01.16 08:44:00.041,1.18039,1.18049,1.00,1.95
2018.01.16 08:44:01.755,1.18038,1.18048,1.12,1.20
2018.01.16 08:44:01.983,1.18037,1.18046,1.67,1.00
2018.01.16 08:44:02.631,1.18037,1.18048,1.31,1.32
2018.01.16 08:44:03.448,1.18037,1.18049,1.00,2.70
2018.01.16 08:44:03.964,1.18037,1.18048,2.10,1.12
2018.01.16 08:44:04.477,1.18037,1.18049,1.50,2.25
2018.01.16 08:44:04.797,1.18036,1.18047,2.25,1.25
2018.01.16 08:44:05.348,1.18037,1.18047,1.00,1.00
2018.01.16 08:44:05.871,1.18037,1.18048,1.00,1.25
2018.01.16 08:44:06.466,1.18035,1.18047,1.54,1.69
2018.01.16 08:44:06.779,1.18032,1.18044,4.39,1.50
2018.01.16 08:44:06.832,1.18032,1.18043,1.31,1.00
2018.01.16 08:44:06.937,1.18029,1.18041,1.39,2.06
2018.01.16 08:44:07.351,1.18035,1.18043,1.00,1.95
2018.01.16 08:44:07.416,1.18035,1.18045,1.00,1.20
2018.01.16 08:44:08.040,1.18035,1.18046,1.25,2.06
2018.01.16 08:44:08.801,1.18036,1.18047,1.00,2.25
2018.01.16 08:44:09.319,1.18036,1.18047,1.00,3.07
2018.01.16 08:44:10.624,1.18034,1.18046,1.87,1.57
2018.01.16 08:44:11.133,1.18033,1.18046,1.37,3.64
2018.01.16 08:44:11.241,1.18032,1.18045,1.31,1.76
2018.01.16 08:44:11.400,1.1803,1.18041,1.25,1.20
2018.01.16 08:44:11.904,1.18029,1.18042,3.97,1.76
2018.01.16 08:44:12.433,1.18031,1.18042,1.00,3.45
2018.01.16 08:44:13.264,1.18031,1.18041,1.00,1.10
2018.01.16 08:44:14.016,1.18031,1.18041,1.00,1.57
2018.01.16 08:44:15.459,1.18029,1.1804,1.12,1.20
2018.01.16 08:44:16.013,1.1803,1.18039,1.00,1.20
2018.01.16 08:44:16.910,1.18028,1.1804,1.25,1.70
2018.01.16 08:44:16.963,1.1803,1.18041,1.25,1.70
2018.01.16 08:44:17.017,1.1803,1.18041,2.47,1.70
2018.01.16 08:44:17.174,1.18031,1.18041,1.87,1.07
2018.01.16 08:44:17.552,1.18033,1.18044,1.19,1.57
2018.01.16 08:44:17.709,1.18033,1.18046,2.10,1.57
2018.01.16 08:44:18.242,1.18034,1.18047,1.37,3.45
2018.01.16 08:44:19.326,1.18034,1.18047,1.37,3.45
2018.01.16 08:44:19.868,1.18034,1.18047,1.87,1.95
2018.01.16 08:44:20.571,1.18034,1.18048,3.60,3.45
2018.01.16 08:44:21.264,1.18034,1.18048,2.85,3.64
2018.01.16 08:44:22.038,1.18034,1.18046,1.31,1.20
2018.01.16 08:44:22.962,1.18034,1.18047,1.50,1.70
2018.01.16 08:44:23.899,1.18034,1.18047,2.85,1.45
2018.01.16 08:44:24.930,1.18035,1.18047,1.25,1.70
2018.01.16 08:44:27.162,1.18035,1.18047,3.19,1.95
2018.01.16 08:44:27.678,1.18036,1.18047,1.72,1.20
2018.01.16 08:44:29.434,1.18037,1.18048,1.72,1.57
2018.01.16 08:44:30.337,1.18038,1.18049,1.35,3.07
2018.01.16 08:44:30.721,1.18035,1.18045,3.22,1.00
2018.01.16 08:44:31.529,1.18035,1.18047,1.72,1.95
2018.01.16 08:44:32.331,1.18035,1.18047,1.72,1.95
2018.01.16 08:44:32.523,1.18037,1.18047,2.62,1.10
2018.01.16 08:44:33.185,1.1804,1.18052,2.10,2.89
2018.01.16 08:44:33.238,1.18042,1.18055,1.69,2.07
2018.01.16 08:44:34.217,1.18041,1.18052,1.31,1.87
2018.01.16 08:44:34.532,1.18036,1.18048,2.44,1.76
2018.01.16 08:44:35.054,1.18036,1.18048,2.62,1.76
2018.01.16 08:44:35.434,1.18036,1.18048,2.25,1.76
2018.01.16 08:44:36.461,1.18036,1.18046,1.12,1.00
2018.01.16 08:44:36.990,1.18036,1.18047,1.12,1.39
2018.01.16 08:44:37.925,1.18036,1.18046,1.00,1.10
2018.01.16 08:44:42.671,1.18035,1.18047,2.25,1.70
2018.01.16 08:44:42.994,1.18037,1.18048,1.25,2.51
2018.01.16 08:44:43.518,1.18036,1.18048,1.12,1.76
2018.01.16 08:44:44.233,1.18036,1.18048,1.12,1.76
2018.01.16 08:44:45.690,1.18036,1.18048,1.12,1.31
2018.01.16 08:44:46.237,1.18036,1.18047,1.12,1.00
2018.01.16 08:44:47.828,1.18035,1.18048,1.50,2.81
2018.01.16 08:44:48.722,1.18035,1.18047,1.50,1.00
2018.01.16 08:44:50.342,1.18034,1.18045,2.62,1.00
2018.01.16 08:44:50.656,1.18031,1.18043,2.14,1.00
2018.01.16 08:44:51.188,1.18031,1.18042,1.50,1.10
2018.01.16 08:44:53.204,1.18029,1.18041,2.81,1.10
2018.01.16 08:44:54.587,1.18029,1.18041,1.87,1.20
2018.01.16 08:44:55.103,1.18029,1.18039,1.25,1.00
2018.01.16 08:44:55.648,1.18029,1.18038,1.25,1.00
2018.01.16 08:44:56.028,1.18027,1.18033,3.00,1.00
2018.01.16 08:44:56.081,1.18026,1.18036,1.25,1.00
2018.01.16 08:44:56.291,1.18025,1.18037,1.12,4.39
2018.01.16 08:44:56.512,1.18021,1.18032,1.31,2.14
2018.01.16 08:44:57.028,1.18023,1.18033,1.25,1.20
2018.01.16 08:44:57.537,1.18023,1.18035,1.87,1.95
2018.01.16 08:44:58.081,1.18023,1.18035,2.25,1.57
2018.01.16 08:44:59.151,1.18024,1.18035,1.37,1.45
2018.01.16 08:44:59.565,1.18023,1.18035,1.31,1.45
2018.01.16 08:44:59.835,1.18024,1.18037,1.44,2.51
2018.01.16 08:45:00.179,1.18024,1.18035,1.31,1.45
2018.01.16 08:45:00.334,1.18024,1.18037,1.31,1.87
2018.01.16 08:45:00.839,1.18024,1.18037,1.50,1.44
2018.01.16 08:45:01.755,1.18023,1.18037,3.00,1.69
2018.01.16 08:45:01.809,1.18022,1.18034,1.44,1.00
2018.01.16 08:45:01.967,1.18021,1.18034,2.25,1.44
2018.01.16 08:45:02.506,1.18022,1.18034,1.87,1.25
2018.01.16 08:45:03.113,1.18023,1.18036,1.00,3.45
2018.01.16 08:45:03.810,1.18023,1.18036,1.37,2.06
2018.01.16 08:45:04.331,1.18023,1.18036,1.37,1.69
2018.01.16 08:45:06.972,1.18024,1.18036,1.50,1.39
2018.01.16 08:45:07.129,1.18025,1.18038,1.87,1.87
2018.01.16 08:45:07.233,1.18027,1.18039,1.37,1.57
2018.01.16 08:45:07.901,1.18028,1.1804,1.00,1.69
2018.01.16 08:45:09.236,1.18026,1.18039,1.69,1.12
2018.01.16 08:45:09.758,1.18025,1.18038,3.37,1.00
2018.01.16 08:45:10.321,1.18025,1.18038,3.37,1.50
2018.01.16 08:45:10.837,1.18027,1.18038,1.00,1.87
2018.01.16 08:45:11.438,1.18027,1.18036,1.00,1.20
2018.01.16 08:45:14.105,1.18027,1.18035,1.00,1.20
2018.01.16 08:45:14.647,1.18027,1.18035,1.00,1.20
2018.01.16 08:45:15.169,1.18027,1.18035,1.00,1.20
2018.01.16 08:45:16.652,1.18026,1.18035,1.00,1.20
2018.01.16 08:45:17.494,1.18026,1.18035,1.25,1.20
2018.01.16 08:45:18.701,1.18022,1.18034,1.31,2.70
2018.01.16 08:45:18.754,1.18022,1.18032,1.12,1.20
2018.01.16 08:45:19.270,1.18021,1.18032,1.00,1.57
2018.01.16 08:45:19.608,1.18019,1.1803,1.19,1.20
2018.01.16 08:45:19.943,1.1802,1.18031,2.06,1.45
2018.01.16 08:45:22.870,1.18021,1.18031,1.37,1.20
2018.01.16 08:45:23.330,1.18023,1.18032,1.44,1.20
2018.01.16 08:45:23.436,1.18025,1.18034,1.12,1.57
2018.01.16 08:45:23.696,1.18025,1.18035,1.87,1.45
2018.01.16 08:45:24.198,1.18026,1.18036,1.00,1.45
2018.01.16 08:45:24.719,1.18026,1.18036,1.31,1.45
2018.01.16 08:45:25.266,1.18026,1.18036,1.31,1.45
2018.01.16 08:45:26.195,1.18028,1.18035,1.25,1.20
2018.01.16 08:45:26.755,1.18028,1.18037,1.25,1.45
2018.01.16 08:45:27.386,1.18028,1.18038,1.25,2.32
2018.01.16 08:45:28.562,1.18027,1.18038,1.12,1.57
2018.01.16 08:45:29.109,1.18027,1.18038,1.25,1.76
2018.01.16 08:45:29.646,1.18026,1.18038,1.25,1.76
2018.01.16 08:45:30.814,1.18026,1.18038,1.00,3.26
2018.01.16 08:45:33.526,1.18025,1.18038,3.37,2.32
2018.01.16 08:45:34.246,1.18025,1.18037,3.37,1.39
2018.01.16 08:45:34.800,1.18024,1.18037,3.94,1.89
2018.01.16 08:45:35.317,1.18025,1.18037,3.60,1.20
2018.01.16 08:45:35.858,1.18026,1.18038,1.00,1.70
2018.01.16 08:45:37.591,1.18026,1.18038,1.00,1.70
2018.01.16 08:45:38.162,1.18024,1.18035,1.62,1.00
2018.01.16 08:45:38.266,1.18022,1.18035,1.69,4.57
2018.01.16 08:45:38.318,1.18025,1.18033,1.00,1.20
2018.01.16 08:45:38.474,1.18023,1.18034,1.69,1.20
2018.01.16 08:45:39.020,1.18023,1.18035,2.85,1.57
2018.01.16 08:45:39.559,1.18021,1.18033,4.72,1.20
2018.01.16 08:45:39.714,1.18021,1.18033,3.60,2.14
2018.01.16 08:45:40.137,1.18022,1.18032,1.19,1.10
2018.01.16 08:45:40.686,1.18023,1.18034,1.37,1.45
2018.01.16 08:45:41.209,1.18023,1.18034,1.12,1.20
2018.01.16 08:45:41.986,1.18023,1.18035,1.12,2.14
2018.01.16 08:45:42.574,1.18023,1.18035,1.37,1.95
2018.01.16 08:45:43.268,1.18025,1.18035,1.12,1.45
2018.01.16 08:45:43.320,1.18025,1.18036,1.87,1.57
2018.01.16 08:45:43.821,1.18025,1.18036,2.25,1.07
2018.01.16 08:45:44.113,1.18028,1.18037,1.25,1.45
2018.01.16 08:45:44.220,1.18028,1.1804,1.12,2.81
2018.01.16 08:45:44.376,1.1803,1.1804,1.00,1.50
2018.01.16 08:45:44.429,1.1803,1.18042,1.25,2.25
2018.01.16 08:45:44.850,1.18033,1.18043,1.25,1.50
2018.01.16 08:45:45.373,1.18032,1.18043,1.69,1.31
2018.01.16 08:45:47.666,1.1803,1.18043,3.45,1.00
2018.01.16 08:45:47.979,1.18028,1.1804,1.31,1.00
2018.01.16 08:45:50.831,1.1803,1.18041,1.25,1.10
2018.01.16 08:45:51.147,1.18026,1.18035,1.00,1.00
2018.01.16 08:45:51.200,1.18024,1.18035,1.39,1.00
2018.01.16 08:45:51.743,1.18023,1.18035,1.50,1.25
2018.01.16 08:45:52.130,1.18021,1.18033,1.44,2.62
2018.01.16 08:45:52.493,1.1802,1.18031,1.37,1.00
2018.01.16 08:45:52.649,1.18017,1.18029,2.81,1.00
2018.01.16 08:45:52.792,1.18017,1.18027,1.19,1.12
2018.01.16 08:45:54.290,1.18017,1.18029,1.44,1.87
2018.01.16 08:45:55.513,1.18016,1.18028,1.87,1.50
2018.01.16 08:45:55.952,1.18017,1.1803,1.37,2.62
2018.01.16 08:45:56.456,1.18017,1.1803,2.25,1.00
2018.01.16 08:45:57.026,1.18017,1.18031,3.00,1.69
2018.01.16 08:45:57.544,1.18018,1.18031,2.25,1.31
2018.01.16 08:45:57.975,1.18019,1.18032,1.50,1.50
2018.01.16 08:45:58.869,1.18019,1.18033,3.00,1.12
2018.01.16 08:46:00.054,1.18018,1.18031,2.70,1.00
2018.01.16 08:46:02.045,1.18018,1.18031,3.45,1.87
2018.01.16 08:46:02.717,1.18018,1.18029,2.32,1.00
2018.01.16 08:46:03.033,1.18018,1.18031,2.44,1.69
2018.01.16 08:46:03.425,1.18021,1.1803,1.50,1.00
2018.01.16 08:46:03.478,1.18025,1.18034,1.00,1.00
2018.01.16 08:46:03.634,1.18025,1.18037,1.00,2.44
2018.01.16 08:46:03.686,1.18027,1.18037,1.00,1.50
2018.01.16 08:46:03.792,1.18027,1.18039,1.25,3.19
2018.01.16 08:46:03.896,1.18027,1.18038,1.00,2.06
2018.01.16 08:46:05.623,1.18025,1.18037,1.12,3.79
2018.01.16 08:46:05.677,1.18025,1.18034,1.00,1.50
2018.01.16 08:46:05.729,1.18023,1.18033,1.10,1.00
2018.01.16 08:46:06.843,1.18023,1.18032,1.00,1.00
2018.01.16 08:46:06.947,1.1802,1.1803,1.00,1.00
2018.01.16 08:46:07.448,1.18021,1.18031,1.00,1.50
2018.01.16 08:46:08.284,1.18023,1.18033,1.00,1.50
2018.01.16 08:46:08.830,1.18022,1.18033,1.00,2.06
2018.01.16 08:46:09.158,1.1802,1.18029,1.00,1.50
2018.01.16 08:46:09.701,1.1802,1.1803,1.00,1.50
2018.01.16 08:46:11.771,1.1802,1.18029,1.00,1.00
2018.01.16 08:46:11.826,1.18017,1.18029,2.32,1.69
2018.01.16 08:46:12.416,1.18017,1.1803,2.25,1.87
2018.01.16 08:46:12.964,1.18017,1.18029,2.25,1.45
2018.01.16 08:46:13.527,1.18017,1.18029,3.00,1.45
2018.01.16 08:46:14.071,1.18017,1.18027,1.12,1.10
2018.01.16 08:46:15.187,1.18016,1.18027,1.50,1.20
2018.01.16 08:46:15.844,1.18015,1.18027,3.45,1.45
2018.01.16 08:46:16.495,1.18016,1.18027,1.00,1.95
2018.01.16 08:46:17.269,1.18015,1.18027,3.45,1.95
2018.01.16 08:46:17.903,1.18016,1.18027,2.06,2.70
2018.01.16 08:46:19.675,1.18016,1.18028,4.87,1.76
2018.01.16 08:46:19.883,1.18018,1.18029,1.87,1.10
2018.01.16 08:46:20.414,1.1802,1.1803,1.00,1.47
2018.01.16 08:46:20.679,1.18018,1.18029,1.00,2.14
2018.01.16 08:46:20.836,1.18017,1.18028,1.12,1.95
2018.01.16 08:46:21.634,1.18016,1.18027,1.69,1.20
2018.01.16 08:46:21.945,1.18018,1.18027,2.25,1.20
2018.01.16 08:46:22.436,1.18017,1.18028,1.12,1.20
2018.01.16 08:46:23.212,1.18017,1.18028,1.00,2.89
2018.01.16 08:46:23.718,1.18017,1.18028,1.00,2.89
2018.01.16 08:46:23.927,1.18016,1.18024,5.62,1.00
2018.01.16 08:46:24.146,1.18017,1.18026,1.37,1.10
2018.01.16 08:46:24.675,1.18017,1.18027,1.00,1.20
2018.01.16 08:46:25.254,1.18015,1.18026,6.07,1.20
2018.01.16 08:46:25.775,1.18015,1.18026,2.70,1.20
2018.01.16 08:46:26.412,1.18015,1.18026,1.76,1.95
2018.01.16 08:46:27.248,1.18015,1.18026,1.57,1.20
2018.01.16 08:46:27.660,1.18015,1.18025,1.10,1.95
2018.01.16 08:46:27.930,1.18007,1.1802,2.06,1.69
2018.01.16 08:46:27.983,1.18006,1.18018,2.06,1.20
2018.01.16 08:46:28.300,1.18005,1.18016,2.47,1.20
2018.01.16 08:46:29.265,1.18005,1.18014,1.01,1.00
2018.01.16 08:46:29.790,1.18005,1.18015,1.10,1.20
2018.01.16 08:46:30.341,1.18006,1.18014,1.00,1.20
2018.01.16 08:46:30.880,1.18005,1.18014,1.01,1.20
2018.01.16 08:46:31.552,1.18004,1.18015,3.07,1.20
2018.01.16 08:46:31.922,1.18004,1.18013,2.25,1.00
2018.01.16 08:46:32.305,1.18,1.18012,1.31,3.45
2018.01.16 08:46:32.359,1.18,1.1801,1.25,1.20
2018.01.16 08:46:32.691,1.18,1.18008,1.00,1.20
2018.01.16 08:46:33.330,1.18,1.18008,1.00,1.20
2018.01.16 08:46:34.648,1.17999,1.18008,1.12,1.20
2018.01.16 08:46:34.962,1.17998,1.18007,1.25,1.20
2018.01.16 08:46:35.311,1.18,1.18007,1.00,1.20
2018.01.16 08:46:35.363,1.17998,1.18007,2.06,1.20
2018.01.16 08:46:35.674,1.17996,1.18002,1.87,1.00
2018.01.16 08:46:35.726,1.17996,1.18007,1.12,1.10
2018.01.16 08:46:35.779,1.17994,1.18003,2.44,1.00
2018.01.16 08:46:35.831,1.17994,1.18005,5.06,1.10
2018.01.16 08:46:36.364,1.17995,1.18005,2.51,1.20
2018.01.16 08:46:36.708,1.17997,1.18006,1.00,1.45
2018.01.16 08:46:36.866,1.17995,1.18005,1.76,1.20
2018.01.16 08:46:37.385,1.17995,1.18005,1.57,1.20
2018.01.16 08:46:38.366,1.17995,1.18003,1.39,1.00
2018.01.16 08:46:38.530,1.17991,1.18003,2.06,1.20
2018.01.16 08:46:38.638,1.17989,1.18001,1.87,1.20
2018.01.16 08:46:39.017,1.17988,1.17998,1.00,1.20
2018.01.16 08:46:39.333,1.17987,1.17995,1.00,1.20
2018.01.16 08:46:39.491,1.17985,1.17995,1.57,1.20
2018.01.16 08:46:39.735,1.17984,1.17994,1.95,1.45
2018.01.16 08:46:41.819,1.17984,1.17994,1.95,1.20
2018.01.16 08:46:42.140,1.17983,1.17994,1.50,1.39
2018.01.16 08:46:42.291,1.17982,1.17992,2.25,1.95
2018.01.16 08:46:42.608,1.17984,1.17994,1.69,1.20
2018.01.16 08:46:43.135,1.17984,1.17993,1.25,1.20
2018.01.16 08:46:43.652,1.17984,1.17993,1.70,1.20
2018.01.16 08:46:44.197,1.17985,1.17993,1.01,1.20
2018.01.16 08:46:44.729,1.17987,1.17997,1.00,1.95
2018.01.16 08:46:45.283,1.17987,1.17997,1.31,1.20
2018.01.16 08:46:45.801,1.17986,1.17996,1.50,1.45
2018.01.16 08:46:47.236,1.17984,1.17995,1.70,3.26
2018.01.16 08:46:47.757,1.17985,1.17996,1.76,1.45
2018.01.16 08:46:48.305,1.17984,1.17995,1.70,1.00
2018.01.16 08:46:48.842,1.17984,1.17996,1.70,1.69
2018.01.16 08:46:49.408,1.17984,1.17994,1.70,1.00
2018.01.16 08:46:49.925,1.17984,1.17993,1.70,1.20
2018.01.16 08:46:52.436,1.17985,1.17993,1.47,1.20
2018.01.16 08:46:52.959,1.17985,1.17993,1.10,1.20
2018.01.16 08:46:53.496,1.17985,1.17994,1.27,1.20
2018.01.16 08:46:54.012,1.17984,1.17993,1.95,1.20
2018.01.16 08:46:54.492,1.17983,1.17993,1.00,1.95
2018.01.16 08:46:54.596,1.17981,1.17992,2.44,1.20
2018.01.16 08:46:55.156,1.17981,1.17992,1.69,1.20
2018.01.16 08:46:55.673,1.1798,1.17991,1.95,1.39
2018.01.16 08:46:56.211,1.1798,1.17991,1.76,1.20
2018.01.16 08:46:56.807,1.1798,1.17991,1.76,1.20
2018.01.16 08:46:57.018,1.17979,1.1799,1.72,2.89
2018.01.16 08:46:57.997,1.17981,1.1799,1.00,1.95
2018.01.16 08:46:58.633,1.17981,1.17991,1.00,1.95
2018.01.16 08:46:59.188,1.17981,1.1799,1.00,1.20
2018.01.16 08:46:59.940,1.17983,1.1799,1.00,1.45
2018.01.16 08:47:00.196,1.17985,1.17995,1.00,2.32
2018.01.16 08:47:00.300,1.17983,1.17994,1.50,1.76
2018.01.16 08:47:00.684,1.17982,1.17991,1.25,1.00
2018.01.16 08:47:01.234,1.17979,1.1799,3.79,1.95
2018.01.16 08:47:01.391,1.17977,1.17987,2.25,1.20
2018.01.16 08:47:02.003,1.17976,1.17987,1.31,1.45
2018.01.16 08:47:02.544,1.17977,1.17988,1.00,2.14
2018.01.16 08:47:02.920,1.17982,1.17991,1.00,2.32
2018.01.16 08:47:03.398,1.17979,1.17991,1.00,2.32
2018.01.16 08:47:03.451,1.17978,1.1799,1.12,1.95
2018.01.16 08:47:03.813,1.17976,1.17987,1.87,1.19
2018.01.16 08:47:04.178,1.17975,1.17986,1.30,2.14
2018.01.16 08:47:04.689,1.17975,1.17986,1.30,1.38
2018.01.16 08:47:06.016,1.17975,1.17986,1.30,2.14
2018.01.16 08:47:06.331,1.17976,1.17986,2.25,1.20
2018.01.16 08:47:06.761,1.17975,1.17985,1.30,1.20
2018.01.16 08:47:07.295,1.17975,1.17985,1.30,1.20
2018.01.16 08:47:07.681,1.17973,1.17983,1.31,1.20
2018.01.16 08:47:07.733,1.17973,1.17985,1.31,1.31
2018.01.16 08:47:08.395,1.17971,1.17983,2.85,1.50
2018.01.16 08:47:08.499,1.17968,1.1798,2.81,1.00
2018.01.16 08:47:08.791,1.1797,1.17981,1.50,1.00
2018.01.16 08:47:09.309,1.17973,1.17982,1.00,1.12
2018.01.16 08:47:10.018,1.17973,1.17982,1.25,1.57
2018.01.16 08:47:10.616,1.17973,1.17981,1.25,1.20
2018.01.16 08:47:10.815,1.17971,1.17982,1.50,1.45
2018.01.16 08:47:11.331,1.1797,1.17981,3.00,1.20
2018.01.16 08:47:12.494,1.17971,1.17981,1.50,1.20
2018.01.16 08:47:12.600,1.17973,1.17981,1.37,1.45
2018.01.16 08:47:13.005,1.17973,1.17983,3.19,1.20
2018.01.16 08:47:13.458,1.17974,1.17984,2.44,1.20
2018.01.16 08:47:13.965,1.17974,1.17984,1.00,1.20
2018.01.16 08:47:14.497,1.17974,1.17984,1.31,1.45
2018.01.16 08:47:15.787,1.17974,1.17982,1.50,1.20
2018.01.16 08:47:16.064,1.17971,1.17983,3.22,1.70
2018.01.16 08:47:16.479,1.17971,1.17981,1.62,1.20
2018.01.16 08:47:16.740,1.1797,1.17981,1.50,1.45
2018.01.16 08:47:17.269,1.1797,1.1798,1.50,1.20
2018.01.16 08:47:17.795,1.1797,1.1798,2.25,1.20
2018.01.16 08:47:18.070,1.17969,1.17979,1.12,2.14
2018.01.16 08:47:18.588,1.17968,1.17978,1.00,1.20
2018.01.16 08:47:20.580,1.17969,1.17978,2.06,1.20
2018.01.16 08:47:21.120,1.17969,1.1798,2.25,1.45
2018.01.16 08:47:21.743,1.17969,1.17979,1.12,1.20
2018.01.16 08:47:22.058,1.17967,1.17978,1.00,2.14
2018.01.16 08:47:22.631,1.17967,1.17977,2.44,1.20
2018.01.16 08:47:23.155,1.1797,1.17979,1.38,1.20
2018.01.16 08:47:23.675,1.17969,1.17979,1.69,1.20
2018.01.16 08:47:24.926,1.17969,1.17979,1.69,1.20
2018.01.16 08:47:25.439,1.17972,1.17979,1.50,1.20
2018.01.16 08:47:25.543,1.17972,1.17982,1.50,1.45
2018.01.16 08:47:27.242,1.17973,1.1798,1.13,1.20
2018.01.16 08:47:27.767,1.17973,1.17981,1.25,1.20
2018.01.16 08:47:28.730,1.17973,1.17982,2.63,1.20
2018.01.16 08:47:28.938,1.17974,1.17982,1.50,1.20
2018.01.16 08:47:29.571,1.17974,1.17983,1.00,1.45
2018.01.16 08:47:30.108,1.17974,1.17983,1.88,1.20
2018.01.16 08:47:30.654,1.17974,1.17983,1.88,1.20
2018.01.16 08:47:31.169,1.17974,1.17983,3.19,1.20
2018.01.16 08:47:31.909,1.17974,1.17983,3.19,1.20
2018.01.16 08:47:32.219,1.17976,1.17985,2.25,1.20
2018.01.16 08:47:32.323,1.17976,1.17986,2.63,1.20
2018.01.16 08:47:32.852,1.17975,1.17986,4.13,1.95
2018.01.16 08:47:33.610,1.17976,1.17987,2.81,1.45
2018.01.16 08:47:34.161,1.17975,1.17986,2.44,1.20
2018.01.16 08:47:34.941,1.17975,1.17985,1.50,1.20
2018.01.16 08:47:35.461,1.17976,1.17986,2.25,1.20
2018.01.16 08:47:36.412,1.17975,1.17986,3.75,1.20
2018.01.16 08:47:36.947,1.17976,1.17986,1.87,1.20
2018.01.16 08:47:37.507,1.17976,1.17986,1.44,1.20
2018.01.16 08:47:39.395,1.17975,1.17986,3.38,1.20
2018.01.16 08:47:40.025,1.17975,1.17985,3.00,1.20
2018.01.16 08:47:42.447,1.17976,1.17987,1.00,2.14
2018.01.16 08:47:45.595,1.17975,1.17986,1.50,1.95
2018.01.16 08:47:46.126,1.17976,1.17987,1.50,1.39
2018.01.16 08:47:46.440,1.17978,1.1799,2.81,2.14
2018.01.16 08:47:47.050,1.17978,1.17989,1.88,1.20
2018.01.16 08:47:47.261,1.1798,1.1799,1.25,1.20
2018.01.16 08:47:47.776,1.17979,1.1799,1.44,1.20
2018.01.16 08:47:48.296,1.17979,1.1799,1.00,2.14
2018.01.16 08:47:48.826,1.17978,1.1799,2.44,2.32
2018.01.16 08:47:49.363,1.17978,1.17989,1.50,2.14
2018.01.16 08:47:50.115,1.17978,1.17988,1.25,1.20
2018.01.16 08:47:51.741,1.17978,1.17989,1.00,2.14
2018.01.16 08:47:52.689,1.17977,1.17988,1.00,2.14
2018.01.16 08:47:55.370,1.17975,1.17986,1.37,1.19
2018.01.16 08:47:55.917,1.17974,1.17986,2.63,3.64
2018.01.16 08:47:56.354,1.17975,1.17986,1.37,2.14
2018.01.16 08:47:57.490,1.17975,1.17986,2.81,1.45
2018.01.16 08:47:58.003,1.17975,1.17987,3.56,2.89
2018.01.16 08:47:58.516,1.17974,1.17986,2.44,1.95
2018.01.16 08:47:59.518,1.17975,1.17985,1.19,1.20
2018.01.16 08:48:01.673,1.17974,1.17984,2.44,1.20
2018.01.16 08:48:01.979,1.17974,1.17984,1.87,1.20
2018.01.16 08:48:02.560,1.17974,1.17984,2.06,1.20
2018.01.16 08:48:03.672,1.17974,1.17984,2.06,1.20
2018.01.16 08:48:04.034,1.17973,1.17983,2.81,1.20
2018.01.16 08:48:04.613,1.17974,1.17984,1.13,1.20
2018.01.16 08:48:05.398,1.17974,1.17984,1.50,1.20
2018.01.16 08:48:07.177,1.17974,1.17984,2.06,1.20
2018.01.16 08:48:07.831,1.17975,1.17985,2.81,1.20
2018.01.16 08:48:12.147,1.17976,1.17986,2.06,1.20
2018.01.16 08:48:12.664,1.17976,1.17986,1.25,1.20
2018.01.16 08:48:13.178,1.17976,1.17985,1.63,1.20
2018.01.16 08:48:13.440,1.17976,1.17986,1.63,1.20
2018.01.16 08:48:14.128,1.17977,1.17986,1.00,1.20
2018.01.16 08:48:14.644,1.17976,1.17986,1.31,1.20
2018.01.16 08:48:15.390,1.17976,1.17986,1.56,1.20
2018.01.16 08:48:19.734,1.17976,1.17986,1.38,1.20
2018.01.16 08:48:21.105,1.17976,1.17986,1.38,1.20
2018.01.16 08:48:23.743,1.17977,1.17986,1.13,1.20
2018.01.16 08:48:23.795,1.17978,1.17986,1.50,1.20
2018.01.16 08:48:24.337,1.17979,1.17987,1.00,1.20
2018.01.16 08:48:25.414,1.17977,1.17987,1.88,1.20
2018.01.16 08:48:25.729,1.17975,1.17985,2.44,1.20
2018.01.16 08:48:26.259,1.17975,1.17985,1.38,1.45
2018.01.16 08:48:27.587,1.17976,1.17985,1.00,1.20
2018.01.16 08:48:28.053,1.17974,1.17984,1.50,1.95
2018.01.16 08:48:28.599,1.17974,1.17982,1.38,1.20
2018.01.16 08:48:29.117,1.17972,1.17982,2.81,1.20
2018.01.16 08:48:30.053,1.17972,1.17983,4.50,1.20
2018.01.16 08:48:30.215,1.17967,1.17978,4.31,1.00
2018.01.16 08:48:30.604,1.17967,1.17977,3.19,1.95
2018.01.16 08:48:31.381,1.17967,1.17977,2.06,1.95
2018.01.16 08:48:31.904,1.17967,1.17977,3.56,1.20
2018.01.16 08:48:32.727,1.17968,1.17977,1.50,1.20
2018.01.16 08:48:33.247,1.17968,1.17977,1.87,1.20
2018.01.16 08:48:38.092,1.17967,1.17977,3.94,1.95
2018.01.16 08:48:38.409,1.1797,1.17979,1.00,1.20
2018.01.16 08:48:38.954,1.17969,1.1798,1.12,2.14
2018.01.16 08:48:39.317,1.17967,1.17978,3.00,1.20
2018.01.16 08:48:39.823,1.17968,1.17981,1.25,4.31
2018.01.16 08:48:40.658,1.17968,1.17981,1.00,5.06
2018.01.16 08:48:41.159,1.17968,1.1798,1.87,1.50
2018.01.16 08:48:41.427,1.17967,1.1798,1.87,4.31
2018.01.16 08:48:42.448,1.17965,1.17978,1.72,3.75
2018.01.16 08:48:42.774,1.17964,1.17976,2.47,2.25
2018.01.16 08:48:43.401,1.17966,1.17977,1.50,1.25
2018.01.16 08:48:43.456,1.17967,1.17979,1.25,1.50
2018.01.16 08:48:44.967,1.17967,1.17979,1.00,3.00
2018.01.16 08:48:45.505,1.17967,1.17979,1.69,3.00
2018.01.16 08:48:46.202,1.17967,1.17978,1.00,1.50
2018.01.16 08:48:46.725,1.17966,1.17977,1.12,1.31
2018.01.16 08:48:47.856,1.17966,1.17975,1.50,1.00
2018.01.16 08:48:48.438,1.17965,1.17976,1.16,1.12
2018.01.16 08:48:48.977,1.17966,1.17977,1.25,2.25
2018.01.16 08:48:49.514,1.17966,1.17977,1.12,1.00
2018.01.16 08:48:51.131,1.17965,1.17976,2.10,1.00
2018.01.16 08:48:51.353,1.17962,1.17973,1.00,1.00
2018.01.16 08:48:51.407,1.17962,1.17971,1.50,1.00
2018.01.16 08:48:51.958,1.17962,1.17972,1.69,1.00
2018.01.16 08:48:52.270,1.17962,1.17974,1.87,1.31
2018.01.16 08:48:52.426,1.17963,1.17974,1.31,1.00
2018.01.16 08:48:52.813,1.17967,1.17976,1.50,1.50
2018.01.16 08:48:52.868,1.17968,1.17978,1.37,1.00
2018.01.16 08:48:53.031,1.17967,1.17977,1.31,1.00
2018.01.16 08:48:53.084,1.17967,1.17975,1.00,1.00
2018.01.16 08:48:53.253,1.17963,1.17974,1.10,1.87
2018.01.16 08:48:53.777,1.17962,1.17974,1.50,1.19
2018.01.16 08:48:54.320,1.17962,1.17975,2.63,3.75
2018.01.16 08:48:54.631,1.17964,1.17976,2.44,2.44
2018.01.16 08:48:55.224,1.17964,1.17975,1.31,1.00
2018.01.16 08:48:55.809,1.17964,1.17977,2.44,2.44
2018.01.16 08:48:56.333,1.17964,1.17976,1.69,1.44
2018.01.16 08:48:56.989,1.17964,1.17976,1.69,1.25
2018.01.16 08:48:58.610,1.17964,1.17976,1.69,1.69
2018.01.16 08:49:01.628,1.17965,1.17976,1.00,1.56
2018.01.16 08:49:01.836,1.17963,1.17976,2.63,3.19
2018.01.16 08:49:02.351,1.17962,1.17974,3.00,1.69
2018.01.16 08:49:02.404,1.17963,1.17975,1.50,1.88
2018.01.16 08:49:02.456,1.17962,1.17974,3.00,1.87
2018.01.16 08:49:02.977,1.17963,1.17976,3.37,3.19
2018.01.16 08:49:03.385,1.17961,1.17973,2.25,1.63
2018.01.16 08:49:03.494,1.17962,1.17975,2.44,3.19
2018.01.16 08:49:04.027,1.17962,1.17975,2.25,2.81
2018.01.16 08:49:04.562,1.17963,1.17975,1.00,2.81
2018.01.16 08:49:04.772,1.17965,1.17975,1.00,1.13
2018.01.16 08:49:06.585,1.17964,1.17976,1.00,2.06
2018.01.16 08:49:07.137,1.17963,1.17975,4.31,1.50
2018.01.16 08:49:08.557,1.17964,1.17974,1.00,1.00
2018.01.16 08:49:09.925,1.17963,1.17976,1.88,2.06
2018.01.16 08:49:10.428,1.17963,1.17975,2.44,1.50
2018.01.16 08:49:11.062,1.17963,1.17975,2.25,1.50
2018.01.16 08:49:11.806,1.17964,1.17976,1.00,1.81
2018.01.16 08:49:11.859,1.17965,1.17977,1.38,2.32
2018.01.16 08:49:11.911,1.17966,1.17978,1.50,1.38
2018.01.16 08:49:12.413,1.17966,1.17977,1.13,1.88
2018.01.16 08:49:13.495,1.17965,1.17977,3.75,1.69
2018.01.16 08:49:15.375,1.17966,1.17977,1.00,2.25
2018.01.16 08:49:15.893,1.17965,1.17977,1.88,1.56
2018.01.16 08:49:16.813,1.17965,1.17976,1.31,1.88
2018.01.16 08:49:17.465,1.17963,1.17975,3.94,1.00
2018.01.16 08:49:19.516,1.17963,1.17974,3.19,1.13
2018.01.16 08:49:20.428,1.17963,1.17974,3.00,1.50
2018.01.16 08:49:21.031,1.17963,1.17976,4.87,2.62
2018.01.16 08:49:21.557,1.17963,1.17974,1.50,1.25
2018.01.16 08:49:22.452,1.17964,1.17974,1.00,1.00
2018.01.16 08:49:23.026,1.17963,1.17974,2.63,1.50
2018.01.16 08:49:24.251,1.17964,1.17976,1.31,2.63
2018.01.16 08:49:24.842,1.17965,1.17976,1.13,1.13
2018.01.16 08:49:25.145,1.17962,1.17975,2.06,2.25
2018.01.16 08:49:25.665,1.17963,1.17975,1.12,2.44
2018.01.16 08:49:26.334,1.17962,1.17974,2.25,1.12
2018.01.16 08:49:26.858,1.17962,1.17974,3.00,1.31
2018.01.16 08:49:28.132,1.17962,1.17974,2.62,1.12
2018.01.16 08:49:30.258,1.17962,1.17975,2.62,2.06
2018.01.16 08:49:32.491,1.17962,1.17975,2.44,2.25
2018.01.16 08:49:35.395,1.17962,1.17974,2.06,1.00
2018.01.16 08:49:35.601,1.17962,1.17974,1.50,1.25
2018.01.16 08:49:36.111,1.17962,1.17974,1.69,1.25
2018.01.16 08:49:38.073,1.17963,1.17974,1.63,1.25
2018.01.16 08:49:40.524,1.17961,1.17968,1.50,1.25
2018.01.16 08:49:40.631,1.17956,1.17968,2.25,1.88
2018.01.16 08:49:41.316,1.17956,1.17967,1.69,1.00
2018.01.16 08:49:42.498,1.17955,1.17967,2.81,1.50
2018.01.16 08:49:42.552,1.17953,1.17964,1.12,1.50
2018.01.16 08:49:42.606,1.17951,1.17963,1.20,1.88
2018.01.16 08:49:42.712,1.17949,1.17961,1.50,1.88
2018.01.16 08:49:43.238,1.17948,1.1796,2.06,1.12
2018.01.16 08:49:43.548,1.17947,1.17956,1.88,1.00
2018.01.16 08:49:43.600,1.17947,1.1796,2.63,1.88
2018.01.16 08:49:44.207,1.17946,1.17959,3.19,1.00
2018.01.16 08:49:45.048,1.17947,1.1796,1.69,2.25
2018.01.16 08:49:48.007,1.17947,1.17959,1.69,1.50
2018.01.16 08:49:48.060,1.17946,1.17957,2.44,1.00
2018.01.16 08:49:48.284,1.17947,1.1796,1.56,2.89
2018.01.16 08:49:49.250,1.17947,1.1796,2.81,1.87
2018.01.16 08:49:49.868,1.17947,1.1796,2.81,1.25
2018.01.16 08:49:52.349,1.17948,1.1796,1.31,1.44
2018.01.16 08:49:52.986,1.17948,1.17958,1.31,1.00
2018.01.16 08:49:53.532,1.17948,1.17959,1.31,1.00
2018.01.16 08:49:54.404,1.17948,1.17959,1.56,1.00
2018.01.16 08:49:54.666,1.17949,1.17961,3.56,1.00
2018.01.16 08:49:54.771,1.17949,1.17961,4.31,1.00
2018.01.16 08:49:54.824,1.17951,1.17963,1.31,1.50
2018.01.16 08:49:54.931,1.17952,1.17965,1.50,1.31
2018.01.16 08:49:55.267,1.17953,1.17966,2.06,1.87
2018.01.16 08:49:55.480,1.17956,1.17968,3.19,1.10
2018.01.16 08:49:55.537,1.17958,1.1797,1.31,1.50
2018.01.16 08:49:55.883,1.17958,1.17968,1.63,1.00
2018.01.16 08:49:56.447,1.17958,1.17969,1.63,2.25
2018.01.16 08:49:56.964,1.17958,1.17969,1.00,2.44
2018.01.16 08:49:57.519,1.17957,1.17968,1.81,1.00
2018.01.16 08:49:59.014,1.17957,1.17969,1.13,3.37
2018.01.16 08:49:59.572,1.17955,1.17968,4.50,1.00
2018.01.16 08:50:00.110,1.17957,1.17968,1.00,1.31
2018.01.16 08:50:00.607,1.17955,1.17966,1.75,1.25
2018.01.16 08:50:00.927,1.17954,1.17965,1.00,1.50
2018.01.16 08:50:01.187,1.17953,1.17963,1.87,1.87
2018.01.16 08:50:01.299,1.17953,1.17964,1.69,1.87
2018.01.16 08:50:02.170,1.17954,1.17965,1.25,1.25
2018.01.16 08:50:02.681,1.17954,1.17964,1.00,1.00
2018.01.16 08:50:04.889,1.17954,1.17966,1.25,2.51
2018.01.16 08:50:05.478,1.17954,1.17967,1.69,3.37
2018.01.16 08:50:09.509,1.17954,1.17965,1.13,1.12
2018.01.16 08:50:11.731,1.17953,1.17966,3.56,1.69
2018.01.16 08:50:13.984,1.17954,1.17965,1.13,1.50
2018.01.16 08:50:14.246,1.17952,1.17962,1.00,1.25
2018.01.16 08:50:14.550,1.1795,1.1796,1.13,1.50
2018.01.16 08:50:15.364,1.17949,1.1796,1.56,1.87
2018.01.16 08:50:16.534,1.17949,1.17961,1.19,2.25
2018.01.16 08:50:18.481,1.17949,1.1796,1.88,1.00
2018.01.16 08:50:18.998,1.17948,1.17959,1.56,1.12
2018.01.16 08:50:19.871,1.17948,1.17959,1.00,1.88
2018.01.16 08:50:20.953,1.17947,1.17958,1.44,1.00
2018.01.16 08:50:21.125,1.17945,1.17955,1.58,1.00
2018.01.16 08:50:21.232,1.17939,1.17951,3.45,1.25
2018.01.16 08:50:21.286,1.17938,1.1795,2.22,1.31
2018.01.16 08:50:21.905,1.17938,1.17948,0.63,1.00
2018.01.16 08:50:22.858,1.17938,1.17946,0.12,1.00
2018.01.16 08:50:23.180,1.17938,1.17949,0.12,1.76
2018.01.16 08:50:23.688,1.17938,1.17949,1.00,1.43
2018.01.16 08:50:23.793,1.17941,1.17952,2.10,1.20
2018.01.16 08:50:24.137,1.17954,1.17967,3.94,1.31
2018.01.16 08:50:24.553,1.17955,1.17968,2.44,1.13
2018.01.16 08:50:25.937,1.17956,1.17969,1.69,1.69
2018.01.16 08:50:26.476,1.17955,1.17968,3.56,1.44
2018.01.16 08:50:28.776,1.17956,1.17968,1.00,1.25
2018.01.16 08:50:29.319,1.17956,1.17968,1.00,1.44
2018.01.16 08:50:29.842,1.17956,1.17968,1.70,1.44
2018.01.16 08:50:30.866,1.17956,1.17968,1.70,1.44
2018.01.16 08:50:31.870,1.17958,1.1797,2.33,1.12
2018.01.16 08:50:32.389,1.17959,1.1797,1.70,1.50
2018.01.16 08:50:32.824,1.17957,1.17968,1.95,1.13
2018.01.16 08:50:34.029,1.17959,1.17968,1.20,1.38
2018.01.16 08:50:34.621,1.17957,1.17968,1.45,2.44
2018.01.16 08:50:34.881,1.17954,1.17965,1.45,1.31
2018.01.16 08:50:35.357,1.17956,1.17965,1.20,1.00
2018.01.16 08:50:36.405,1.17956,1.17966,1.20,1.00
2018.01.16 08:50:37.328,1.17956,1.17967,2.33,1.25
2018.01.16 08:50:37.571,1.1796,1.17972,1.39,1.50
2018.01.16 08:50:38.836,1.17961,1.17972,2.14,1.69
2018.01.16 08:50:39.611,1.17962,1.17972,1.20,1.00
2018.01.16 08:50:40.495,1.17963,1.17974,1.20,2.25
2018.01.16 08:50:40.706,1.17961,1.17972,2.14,1.25
2018.01.16 08:50:42.572,1.17962,1.17972,1.20,1.25
2018.01.16 08:50:44.574,1.17962,1.17972,1.20,3.19
2018.01.16 08:50:44.679,1.17961,1.17969,1.20,1.25
2018.01.16 08:50:44.731,1.17958,1.1797,1.13,2.44
2018.01.16 08:50:45.281,1.17958,1.17971,2.06,1.50
2018.01.16 08:50:45.742,1.1796,1.17971,1.20,1.25
2018.01.16 08:50:46.311,1.17961,1.17969,1.20,1.12
2018.01.16 08:50:46.415,1.17959,1.1797,1.39,1.69
2018.01.16 08:50:46.997,1.17961,1.1797,1.19,1.00
2018.01.16 08:50:47.050,1.17961,1.17973,2.14,1.69
2018.01.16 08:50:47.258,1.17962,1.17975,1.88,1.95
2018.01.16 08:50:47.806,1.17963,1.17975,1.25,1.50
2018.01.16 08:50:48.327,1.17961,1.17974,1.50,3.75
2018.01.16 08:50:48.433,1.1796,1.17972,1.00,3.00
2018.01.16 08:50:48.933,1.17957,1.1797,4.50,2.81
2018.01.16 08:50:49.093,1.1796,1.1797,1.00,1.87
2018.01.16 08:50:49.602,1.17958,1.1797,2.06,1.31
2018.01.16 08:50:50.866,1.17957,1.1797,2.06,2.25
2018.01.16 08:50:51.241,1.17958,1.17971,1.37,2.06
2018.01.16 08:50:51.345,1.17957,1.17971,1.44,3.75
2018.01.16 08:50:51.660,1.17955,1.17969,4.95,2.81
2018.01.16 08:50:51.713,1.17959,1.17968,1.20,1.00
2018.01.16 08:50:52.289,1.17958,1.17968,1.20,1.12
2018.01.16 08:50:53.820,1.17958,1.17966,1.20,1.25
2018.01.16 08:50:53.872,1.17957,1.17966,1.20,1.25
2018.01.16 08:50:54.029,1.17958,1.17962,1.20,1.00
2018.01.16 08:50:54.081,1.17953,1.17962,1.45,2.81
2018.01.16 08:50:54.186,1.17951,1.1796,1.20,1.31
2018.01.16 08:50:54.355,1.17951,1.17959,1.20,1.44
2018.01.16 08:50:54.408,1.17946,1.17959,2.62,1.87
2018.01.16 08:50:54.831,1.17944,1.17956,1.95,1.25
2018.01.16 08:50:54.884,1.17944,1.17955,1.20,1.44
2018.01.16 08:50:55.041,1.1794,1.17953,1.00,1.88
2018.01.16 08:50:55.558,1.1794,1.17953,1.31,1.69
2018.01.16 08:50:56.129,1.17939,1.17952,2.51,1.63
2018.01.16 08:50:56.667,1.17939,1.17952,1.56,1.50
2018.01.16 08:50:56.719,1.17938,1.1795,3.10,2.06
2018.01.16 08:50:57.264,1.17938,1.17948,0.37,1.12
2018.01.16 08:50:57.845,1.17938,1.17949,0.63,1.25
2018.01.16 08:50:58.206,1.17938,1.17947,0.12,1.12
2018.01.16 08:50:59.576,1.17938,1.17948,0.12,1.87
2018.01.16 08:51:00.007,1.17938,1.17947,0.12,3.00
2018.01.16 08:51:00.220,1.17938,1.17948,0.12,1.50
2018.01.16 08:51:00.888,1.1794,1.17952,1.25,1.88
2018.01.16 08:51:01.060,1.1794,1.17953,2.62,1.12
2018.01.16 08:51:01.855,1.17942,1.17953,1.13,1.08
2018.01.16 08:51:03.005,1.17941,1.17954,1.12,1.95
2018.01.16 08:51:03.318,1.17939,1.17952,1.50,1.76
2018.01.16 08:51:03.587,1.17938,1.1795,2.88,1.44
2018.01.16 08:51:04.893,1.17938,1.1795,0.12,2.08
2018.01.16 08:51:05.412,1.17938,1.1795,0.62,1.44
2018.01.16 08:51:05.932,1.17939,1.17952,1.25,2.44
2018.01.16 08:51:06.464,1.17939,1.17952,1.25,1.50
2018.01.16 08:51:07.389,1.17939,1.17952,1.25,2.14
2018.01.16 08:51:10.066,1.17938,1.17952,3.75,2.14
2018.01.16 08:51:13.252,1.17938,1.17952,2.69,1.95
2018.01.16 08:51:13.304,1.17938,1.17952,3.69,1.95
2018.01.16 08:51:13.815,1.1794,1.17952,1.25,2.89
2018.01.16 08:51:20.810,1.17939,1.17952,1.12,1.95
2018.01.16 08:51:21.426,1.17938,1.17951,2.12,2.32
2018.01.16 08:51:21.806,1.17938,1.17949,0.12,2.89
2018.01.16 08:51:22.785,1.17938,1.17948,0.12,1.57
2018.01.16 08:51:24.306,1.17938,1.1795,0.12,3.26
2018.01.16 08:51:25.033,1.17938,1.1795,0.12,2.33
2018.01.16 08:51:25.571,1.17938,1.1795,1.88,1.20
2018.01.16 08:51:25.980,1.17938,1.1795,0.12,2.89
2018.01.16 08:51:26.866,1.17938,1.1795,0.12,2.14
2018.01.16 08:51:30.987,1.17938,1.17949,0.38,2.70
2018.01.16 08:51:32.549,1.17938,1.17949,0.63,1.32
2018.01.16 08:51:33.077,1.17938,1.17949,0.38,1.95
2018.01.16 08:51:35.717,1.17938,1.17948,0.38,1.20
2018.01.16 08:51:37.473,1.17938,1.17949,1.38,1.57
2018.01.16 08:51:38.009,1.17938,1.1795,1.12,1.82
2018.01.16 08:51:38.522,1.17938,1.1795,1.38,1.89
2018.01.16 08:51:40.053,1.17938,1.1795,3.50,1.39
2018.01.16 08:51:41.046,1.1794,1.17952,1.50,1.57
2018.01.16 08:51:41.154,1.17941,1.17954,2.25,2.32
2018.01.16 08:51:41.659,1.17941,1.17953,1.44,1.45
2018.01.16 08:51:42.071,1.17941,1.17953,1.56,1.45
2018.01.16 08:51:42.619,1.17941,1.17954,1.69,1.57
2018.01.16 08:51:42.903,1.17941,1.17954,1.12,3.45
2018.01.16 08:51:42.955,1.17941,1.17953,1.50,1.32
2018.01.16 08:51:43.471,1.17941,1.17953,1.69,1.07
2018.01.16 08:51:44.111,1.17941,1.17953,1.56,1.45
2018.01.16 08:51:44.620,1.17941,1.17953,1.56,1.45
2018.01.16 08:51:45.491,1.17941,1.17953,1.44,2.33
2018.01.16 08:51:45.544,1.17939,1.17951,1.50,2.14
2018.01.16 08:51:45.802,1.17939,1.17952,1.50,2.89
2018.01.16 08:51:46.331,1.17939,1.17951,1.25,3.64
2018.01.16 08:51:47.535,1.17939,1.17948,1.00,1.00
2018.01.16 08:51:48.122,1.17938,1.17949,0.37,3.08
2018.01.16 08:51:48.660,1.17938,1.17948,0.50,1.20
2018.01.16 08:51:49.285,1.17938,1.17947,0.37,2.14
2018.01.16 08:51:49.675,1.17938,1.17943,0.12,4.01
2018.01.16 08:51:50.186,1.17938,1.17942,0.12,1.00
2018.01.16 08:51:50.394,1.17926,1.17938,1.50,1.00
2018.01.16 08:51:50.447,1.17926,1.17938,1.44,1.45
2018.01.16 08:51:50.981,1.17927,1.17938,1.50,1.10
2018.01.16 08:51:51.093,1.17928,1.17941,1.31,1.76
2018.01.16 08:51:51.145,1.17929,1.17942,1.44,2.70
2018.01.16 08:51:53.955,1.1793,1.17942,1.31,1.81
2018.01.16 08:51:54.573,1.1793,1.17942,1.31,1.50
2018.01.16 08:51:55.510,1.1793,1.17942,1.00,2.00
2018.01.16 08:51:56.060,1.1793,1.17942,1.31,1.50
2018.01.16 08:51:56.561,1.1793,1.17942,1.63,1.25
2018.01.16 08:51:57.493,1.17931,1.17943,1.37,2.25
2018.01.16 08:51:57.891,1.17931,1.17944,2.51,1.00
2018.01.16 08:51:58.555,1.17934,1.17945,1.00,1.69
2018.01.16 08:52:00.416,1.17933,1.17945,1.31,1.50
2018.01.16 08:52:00.777,1.17933,1.17947,2.51,1.88
2018.01.16 08:52:01.337,1.17934,1.17947,1.31,1.12
2018.01.16 08:52:01.552,1.17934,1.17946,1.12,1.13
2018.01.16 08:52:02.053,1.17934,1.17947,2.06,2.06
2018.01.16 08:52:03.152,1.17933,1.17946,3.07,1.25
2018.01.16 08:52:05.488,1.17934,1.17946,1.69,1.31
2018.01.16 08:52:05.594,1.17935,1.17948,2.89,1.00
2018.01.16 08:52:05.877,1.17932,1.17944,1.00,2.25
2018.01.16 08:52:06.136,1.17933,1.17944,1.63,1.00
2018.01.16 08:52:06.188,1.17935,1.17946,1.00,1.31
2018.01.16 08:52:06.292,1.17934,1.17946,2.44,1.00
2018.01.16 08:52:06.813,1.17935,1.17948,1.69,4.39
2018.01.16 08:52:08.959,1.17935,1.17946,1.31,1.31
2018.01.16 08:52:09.014,1.17933,1.17944,1.88,1.25
2018.01.16 08:52:09.124,1.17934,1.17946,1.00,1.88
2018.01.16 08:52:10.064,1.17933,1.17946,2.44,1.88
2018.01.16 08:52:11.270,1.17935,1.17948,1.50,2.89
2018.01.16 08:52:11.389,1.17938,1.1795,1.13,1.12
2018.01.16 08:52:11.916,1.17939,1.17952,1.19,1.69
2018.01.16 08:52:12.812,1.17939,1.17951,2.25,1.00
2018.01.16 08:52:13.338,1.1794,1.17951,1.00,1.25
2018.01.16 08:52:14.130,1.1794,1.17953,1.69,2.14
2018.01.16 08:52:14.661,1.1794,1.17953,2.06,1.50
2018.01.16 08:52:15.178,1.17941,1.17954,2.81,1.12
2018.01.16 08:52:15.697,1.1794,1.17952,1.01,2.06
2018.01.16 08:52:15.905,1.17942,1.17953,1.00,1.00
2018.01.16 08:52:16.009,1.17942,1.17955,2.81,1.13
2018.01.16 08:52:16.927,1.17942,1.17955,3.75,1.00
2018.01.16 08:52:17.042,1.17942,1.17955,2.44,2.44
2018.01.16 08:52:17.642,1.17942,1.17954,1.00,1.50
2018.01.16 08:52:18.860,1.17941,1.17953,1.88,1.50
2018.01.16 08:52:19.412,1.17941,1.17953,1.38,1.50
2018.01.16 08:52:20.256,1.17941,1.17953,2.06,1.00
2018.01.16 08:52:20.797,1.17941,1.17953,2.62,1.00
2018.01.16 08:52:21.306,1.17941,1.17954,3.56,1.12
2018.01.16 08:52:21.826,1.17941,1.17954,2.81,1.12
2018.01.16 08:52:22.086,1.17941,1.17953,1.88,2.06
2018.01.16 08:52:22.612,1.17941,1.17953,1.88,1.12
2018.01.16 08:52:22.995,1.17941,1.17951,1.50,1.00
2018.01.16 08:52:23.238,1.17941,1.17952,1.00,2.06
2018.01.16 08:52:23.767,1.1794,1.17952,1.13,1.50
2018.01.16 08:52:24.315,1.1794,1.17953,2.81,1.87
2018.01.16 08:52:24.523,1.17943,1.17956,1.88,2.33
2018.01.16 08:52:25.043,1.17944,1.17954,1.00,1.50
2018.01.16 08:52:25.286,1.1794,1.17952,2.06,1.69
2018.01.16 08:52:25.806,1.17941,1.17951,1.00,1.31
2018.01.16 08:52:26.043,1.17937,1.17948,1.75,1.00
2018.01.16 08:52:26.566,1.17937,1.17947,1.38,1.00
2018.01.16 08:52:27.142,1.17935,1.17947,2.44,1.00
2018.01.16 08:52:27.663,1.17936,1.17947,1.00,1.00
2018.01.16 08:52:28.165,1.17935,1.17947,2.06,1.00
2018.01.16 08:52:29.135,1.17934,1.17945,1.85,1.50
2018.01.16 08:52:29.445,1.17934,1.17945,1.25,1.50
2018.01.16 08:52:29.707,1.17931,1.17943,2.33,1.12
2018.01.16 08:52:30.223,1.17931,1.17942,1.50,1.00
2018.01.16 08:52:30.278,1.17931,1.17941,1.00,1.00
2018.01.16 08:52:30.856,1.17929,1.1794,1.31,1.50
2018.01.16 08:52:31.374,1.1793,1.17941,1.25,2.06
2018.01.16 08:52:33.333,1.1793,1.17942,1.50,3.94
2018.01.16 08:52:33.480,1.17928,1.17939,2.89,1.25
2018.01.16 08:52:33.636,1.1793,1.17942,1.69,1.31
2018.01.16 08:52:33.947,1.17931,1.17944,1.56,1.12
2018.01.16 08:52:34.247,1.17931,1.17944,1.44,1.50
2018.01.16 08:52:34.683,1.17933,1.17944,1.69,1.00
2018.01.16 08:52:34.840,1.17931,1.17944,3.45,3.00
2018.01.16 08:52:35.355,1.17929,1.17942,3.45,1.13
2018.01.16 08:52:36.024,1.17927,1.17937,1.50,1.19
2018.01.16 08:52:36.077,1.17927,1.17938,1.50,1.12
2018.01.16 08:52:36.388,1.17926,1.17935,2.44,1.00
2018.01.16 08:52:36.903,1.17931,1.17936,1.25,1.00
2018.01.16 08:52:37.166,1.17929,1.17941,2.06,1.00
2018.01.16 08:52:37.707,1.1793,1.1794,1.13,1.00
2018.01.16 08:52:39.448,1.17928,1.17938,1.37,1.00
2018.01.16 08:52:39.502,1.17926,1.17937,3.26,1.00
2018.01.16 08:52:39.564,1.17925,1.17935,1.57,1.00
2018.01.16 08:52:39.821,1.17922,1.17934,1.87,2.81
2018.01.16 08:52:40.406,1.17922,1.17934,2.06,3.00
2018.01.16 08:52:40.879,1.17921,1.17933,3.19,3.19
2018.01.16 08:52:42.274,1.17924,1.17934,1.00,1.12
2018.01.16 08:52:42.435,1.17922,1.17933,1.31,1.25
2018.01.16 08:52:42.490,1.17926,1.17934,1.00,1.87
2018.01.16 08:52:42.594,1.17925,1.17936,1.19,1.87
2018.01.16 08:52:42.648,1.17923,1.17933,1.00,1.50
2018.01.16 08:52:43.156,1.17922,1.17932,1.25,1.25
2018.01.16 08:52:43.672,1.17922,1.17931,1.25,1.00
2018.01.16 08:52:46.015,1.17921,1.1793,1.31,1.00
2018.01.16 08:52:46.068,1.17919,1.17929,2.25,1.25
2018.01.16 08:52:46.178,1.17918,1.17927,1.00,1.20
2018.01.16 08:52:46.522,1.17916,1.17923,3.00,1.00
2018.01.16 08:52:46.575,1.17917,1.17928,1.12,1.45
2018.01.16 08:52:47.002,1.17916,1.17929,4.12,1.95
2018.01.16 08:52:49.752,1.17918,1.17928,1.13,2.32
2018.01.16 08:52:49.859,1.17916,1.17927,1.25,1.20
2018.01.16 08:52:50.025,1.17913,1.17925,2.44,1.87
2018.01.16 08:52:50.194,1.17918,1.17929,1.38,1.00
2018.01.16 08:52:50.781,1.17919,1.1793,1.00,1.31
2018.01.16 08:52:52.270,1.17919,1.17931,1.44,1.12
2018.01.16 08:52:52.733,1.17917,1.17929,2.14,1.12
2018.01.16 08:52:53.252,1.17916,1.17928,1.63,1.12
2018.01.16 08:52:53.566,1.17913,1.17926,1.48,2.06
2018.01.16 08:52:54.091,1.17913,1.17924,1.44,1.00
2018.01.16 08:52:54.242,1.17915,1.17925,1.50,1.12
2018.01.16 08:52:54.707,1.17915,1.17927,1.69,1.12
2018.01.16 08:52:54.760,1.17917,1.17928,1.44,1.20
2018.01.16 08:52:55.261,1.17917,1.17929,2.06,1.87
2018.01.16 08:52:57.330,1.17917,1.17929,2.14,1.12
2018.01.16 08:52:57.632,1.17923,1.17933,1.13,1.00
2018.01.16 08:52:58.470,1.1792,1.17933,3.82,3.00
2018.01.16 08:52:59.051,1.17922,1.17933,1.13,1.12
2018.01.16 08:52:59.364,1.1792,1.17932,2.81,1.01
2018.01.16 08:52:59.417,1.17919,1.17931,1.31,1.39
2018.01.16 08:52:59.575,1.17918,1.1793,1.50,1.70
2018.01.16 08:52:59.902,1.17925,1.17934,1.00,1.20
2018.01.16 08:53:00.215,1.17926,1.17937,1.31,1.95
2018.01.16 08:53:00.743,1.17924,1.17935,3.38,1.25
2018.01.16 08:53:01.268,1.17925,1.17937,1.56,2.51
2018.01.16 08:53:02.864,1.17925,1.17936,1.54,2.70
2018.01.16 08:53:03.080,1.17925,1.17937,3.79,1.95
2018.01.16 08:53:03.610,1.17927,1.17938,1.31,2.51
2018.01.16 08:53:04.132,1.17927,1.17939,1.69,2.51
2018.01.16 08:53:04.670,1.17927,1.17939,1.25,3.64
2018.01.16 08:53:05.302,1.17925,1.17938,3.41,1.89
2018.01.16 08:53:05.731,1.17924,1.17935,2.06,1.20
2018.01.16 08:53:05.808,1.17924,1.17934,1.69,1.20
2018.01.16 08:53:05.928,1.17925,1.17936,1.44,1.45
2018.01.16 08:53:06.041,1.17928,1.1794,2.06,1.95
2018.01.16 08:53:06.581,1.17928,1.17941,1.88,1.95
2018.01.16 08:53:06.635,1.17929,1.17941,1.88,1.95
2018.01.16 08:53:07.100,1.17931,1.17943,2.06,1.25
2018.01.16 08:53:09.865,1.17933,1.17946,1.31,2.51
2018.01.16 08:53:10.470,1.17932,1.17945,1.39,2.25
2018.01.16 08:53:10.678,1.1793,1.17941,1.13,2.32
2018.01.16 08:53:10.730,1.17929,1.17941,1.12,1.76
2018.01.16 08:53:10.789,1.17928,1.17941,1.50,4.39
2018.01.16 08:53:11.296,1.17929,1.1794,1.00,1.01
2018.01.16 08:53:12.257,1.17928,1.1794,1.56,1.95
2018.01.16 08:53:12.558,1.17929,1.17941,1.69,1.82
2018.01.16 08:53:12.662,1.17929,1.17942,3.19,1.95
2018.01.16 08:53:13.729,1.17929,1.17942,3.56,1.69
2018.01.16 08:53:13.782,1.17934,1.17945,1.31,2.70
2018.01.16 08:53:13.940,1.17936,1.17947,1.00,2.81
2018.01.16 08:53:14.474,1.17936,1.17947,1.38,2.06
2018.01.16 08:53:14.919,1.17936,1.17949,2.25,1.88
2018.01.16 08:53:14.971,1.17936,1.17947,1.13,1.50
2018.01.16 08:53:15.493,1.17935,1.17947,1.13,1.69
2018.01.16 08:53:16.432,1.17933,1.17946,1.88,3.00
2018.01.16 08:53:17.449,1.17934,1.17946,2.06,1.50
2018.01.16 08:53:17.555,1.17947,1.1795,1.00,2.25
2018.01.16 08:53:17.609,1.17945,1.17953,1.30,1.07
2018.01.16 08:53:17.715,1.17946,1.17956,2.25,2.70
2018.01.16 08:53:17.768,1.17947,1.17958,1.12,1.87
2018.01.16 08:53:18.345,1.17947,1.17957,2.25,1.00
2018.01.16 08:53:18.399,1.17947,1.17959,3.19,1.25
2018.01.16 08:53:19.083,1.17948,1.17959,1.50,1.44
2018.01.16 08:53:19.430,1.17948,1.17961,1.50,3.75
2018.01.16 08:53:19.862,1.17947,1.1796,1.95,3.37
2018.01.16 08:53:20.427,1.17946,1.17959,3.45,2.25
2018.01.16 08:53:20.588,1.17948,1.17961,2.63,1.87
2018.01.16 08:53:20.965,1.17947,1.17958,1.85,1.50
2018.01.16 08:53:21.017,1.17946,1.17956,1.33,1.00
2018.01.16 08:53:21.562,1.17944,1.17957,2.25,1.87
2018.01.16 08:53:22.446,1.17944,1.17956,1.75,1.87
2018.01.16 08:53:23.014,1.17944,1.17955,1.75,1.62
2018.01.16 08:53:23.256,1.17944,1.17954,1.00,1.37
2018.01.16 08:53:23.774,1.17942,1.17954,2.25,1.81
2018.01.16 08:53:24.146,1.1794,1.17951,1.07,1.81
2018.01.16 08:53:24.674,1.17938,1.1795,1.95,1.50
2018.01.16 08:53:25.247,1.17938,1.17949,1.13,1.00
2018.01.16 08:53:25.768,1.17938,1.17949,1.13,1.50
2018.01.16 08:53:28.024,1.17937,1.17949,1.48,2.25
2018.01.16 08:53:28.714,1.17937,1.17949,1.10,2.25
2018.01.16 08:53:30.946,1.17936,1.17946,1.57,1.37
2018.01.16 08:53:30.998,1.17936,1.17948,1.57,1.62
2018.01.16 08:53:31.507,1.17936,1.17949,2.33,2.25
2018.01.16 08:53:34.372,1.17938,1.1795,1.00,2.06
2018.01.16 08:53:34.426,1.1794,1.17951,1.88,1.25
2018.01.16 08:53:34.974,1.17941,1.17952,1.95,1.31
2018.01.16 08:53:35.677,1.17941,1.17952,2.33,1.12
2018.01.16 08:53:37.582,1.17942,1.17953,1.31,1.00
2018.01.16 08:53:37.739,1.17945,1.17958,1.50,2.89
2018.01.16 08:53:38.911,1.17945,1.17958,1.95,2.62
2018.01.16 08:53:39.531,1.17946,1.17959,1.87,2.06
2018.01.16 08:53:40.048,1.17947,1.1796,1.57,2.06
2018.01.16 08:53:40.572,1.17947,1.1796,1.95,2.06
2018.01.16 08:53:43.069,1.17948,1.17961,1.76,3.00
2018.01.16 08:53:45.229,1.17948,1.17962,2.51,1.50
2018.01.16 08:53:46.731,1.1795,1.17963,1.12,1.12
2018.01.16 08:53:46.836,1.17951,1.17965,2.62,1.12
2018.01.16 08:53:47.201,1.17951,1.17963,1.85,1.44
2018.01.16 08:53:48.193,1.17951,1.17962,1.10,1.25
2018.01.16 08:53:48.761,1.1795,1.17962,1.47,1.44
2018.01.16 08:53:49.306,1.1795,1.17963,1.39,2.06
2018.01.16 08:53:50.730,1.17949,1.17962,3.82,1.44
2018.01.16 08:53:52.436,1.17948,1.17959,2.70,1.00
2018.01.16 08:53:52.491,1.17948,1.1796,1.00,1.50
2018.01.16 08:53:53.022,1.17947,1.17961,2.32,1.50
2018.01.16 08:53:53.549,1.17948,1.17961,1.01,1.50
2018.01.16 08:53:54.201,1.17948,1.17961,1.20,1.31
2018.01.16 08:53:54.883,1.17948,1.17961,1.12,1.76
2018.01.16 08:53:55.271,1.1795,1.17963,1.50,1.57
2018.01.16 08:53:55.486,1.17951,1.17964,1.76,2.06
2018.01.16 08:53:56.028,1.17951,1.17963,1.01,1.31
2018.01.16 08:53:56.649,1.1795,1.17963,2.70,1.31
2018.01.16 08:53:57.198,1.1795,1.17962,1.76,1.25
2018.01.16 08:53:58.132,1.1795,1.17962,1.76,1.25
2018.01.16 08:54:00.515,1.1795,1.17963,2.51,1.50
2018.01.16 08:54:03.015,1.1795,1.17963,1.39,1.50
2018.01.16 08:54:03.660,1.17951,1.17963,1.25,1.31
2018.01.16 08:54:04.491,1.17951,1.17964,2.06,1.25
2018.01.16 08:54:05.036,1.17951,1.17964,2.32,1.25
2018.01.16 08:54:05.631,1.17951,1.17964,2.70,1.25
2018.01.16 08:54:06.246,1.17953,1.17966,2.44,1.87
2018.01.16 08:54:06.352,1.17952,1.17963,2.32,1.00
2018.01.16 08:54:06.849,1.1795,1.17963,3.26,1.00
2018.01.16 08:54:06.953,1.1795,1.17962,1.20,2.25
2018.01.16 08:54:07.504,1.17951,1.17962,1.25,2.25
2018.01.16 08:54:09.581,1.17953,1.17964,1.00,1.25
2018.01.16 08:54:09.939,1.17955,1.17966,1.00,1.50
2018.01.16 08:54:10.457,1.17954,1.17967,2.32,3.00
2018.01.16 08:54:10.967,1.17954,1.17967,3.07,3.00
2018.01.16 08:54:11.346,1.17956,1.17969,1.25,3.37
2018.01.16 08:54:11.857,1.17955,1.17968,1.20,2.25
2018.01.16 08:54:12.417,1.17955,1.17968,1.57,2.25
2018.01.16 08:54:12.923,1.17953,1.17965,2.32,1.37
2018.01.16 08:54:12.975,1.17953,1.17965,1.32,1.25
2018.01.16 08:54:13.517,1.17953,1.17966,1.00,1.50
2018.01.16 08:54:14.041,1.17953,1.17965,1.37,1.87
2018.01.16 08:54:15.197,1.17953,1.17965,1.00,1.87
2018.01.16 08:54:23.200,1.17951,1.17962,1.95,1.00
2018.01.16 08:54:23.356,1.17952,1.17964,1.87,1.31
2018.01.16 08:54:24.128,1.17952,1.17965,1.12,2.81
2018.01.16 08:54:25.120,1.17952,1.17964,1.50,1.12
2018.01.16 08:54:26.371,1.17953,1.17965,1.50,1.25
2018.01.16 08:54:27.485,1.17954,1.17966,1.00,2.44
2018.01.16 08:54:27.953,1.17953,1.17963,1.12,2.25
2018.01.16 08:54:28.642,1.17951,1.17962,1.12,2.44
2018.01.16 08:54:29.159,1.1795,1.1796,1.50,1.12
2018.01.16 08:54:29.721,1.1795,1.1796,1.12,1.12
2018.01.16 08:54:30.712,1.17948,1.1796,2.70,1.44
2018.01.16 08:54:30.764,1.17948,1.17961,3.00,1.31
2018.01.16 08:54:33.266,1.17949,1.17961,2.25,1.44
2018.01.16 08:54:35.437,1.17948,1.1796,3.00,2.62
2018.01.16 08:54:35.491,1.17948,1.1796,3.00,1.31
2018.01.16 08:54:35.653,1.17948,1.17959,2.44,1.37
2018.01.16 08:54:36.267,1.17948,1.1796,3.37,1.50
2018.01.16 08:54:36.817,1.17948,1.17961,3.37,3.94
2018.01.16 08:54:37.998,1.17949,1.17961,1.87,1.44
2018.01.16 08:54:39.349,1.17949,1.17962,1.87,2.62
2018.01.16 08:54:40.442,1.17949,1.17961,1.87,1.44
2018.01.16 08:54:40.692,1.17951,1.17962,1.25,1.12
2018.01.16 08:54:40.746,1.17953,1.17964,1.31,1.57
2018.01.16 08:54:41.306,1.17953,1.17966,2.81,1.50
2018.01.16 08:54:41.837,1.17953,1.17966,2.81,2.06
2018.01.16 08:54:42.152,1.17952,1.17963,1.75,2.25
2018.01.16 08:54:43.090,1.17952,1.17963,1.12,2.25
2018.01.16 08:54:43.834,1.17952,1.17964,1.00,2.44
2018.01.16 08:54:43.888,1.17954,1.17964,1.00,1.50
2018.01.16 08:54:43.998,1.17952,1.17964,1.25,1.87
2018.01.16 08:54:44.515,1.17952,1.17963,1.12,1.44
2018.01.16 08:54:45.703,1.17952,1.17963,1.31,1.12
2018.01.16 08:54:46.244,1.17952,1.17963,1.12,1.44
2018.01.16 08:54:46.349,1.17952,1.17964,1.69,1.25
2018.01.16 08:54:46.818,1.17954,1.17967,1.69,2.70
2018.01.16 08:54:47.347,1.17954,1.17967,2.62,1.25
2018.01.16 08:54:47.859,1.17956,1.17967,1.12,1.25
2018.01.16 08:54:48.391,1.17956,1.17965,1.12,1.00
2018.01.16 08:54:48.901,1.17956,1.17967,1.12,1.31
2018.01.16 08:54:49.910,1.17956,1.17969,1.87,5.44
2018.01.16 08:54:50.118,1.17957,1.17969,2.06,1.12
2018.01.16 08:54:50.559,1.17958,1.17967,1.00,1.00
2018.01.16 08:54:50.741,1.17955,1.17966,1.39,1.87
2018.01.16 08:54:51.268,1.17954,1.17965,1.12,2.44
2018.01.16 08:54:51.745,1.17954,1.17965,1.00,2.44
2018.01.16 08:54:53.303,1.17955,1.17966,1.00,1.25
2018.01.16 08:54:53.820,1.17954,1.17965,1.00,2.44
2018.01.16 08:54:54.328,1.17952,1.17964,3.45,1.25
2018.01.16 08:54:54.485,1.17951,1.17963,2.06,1.69
2018.01.16 08:54:54.695,1.17953,1.17966,2.25,2.25
2018.01.16 08:54:55.214,1.17954,1.17966,1.37,1.87
2018.01.16 08:54:56.400,1.17954,1.17964,1.37,1.87
2018.01.16 08:54:56.453,1.1795,1.17962,1.31,1.69
2018.01.16 08:54:56.556,1.1795,1.17962,1.12,3.07
2018.01.16 08:54:57.172,1.1795,1.17962,2.25,2.89
2018.01.16 08:54:57.564,1.1795,1.17961,1.12,1.70
2018.01.16 08:54:58.192,1.17949,1.17961,2.25,1.70
2018.01.16 08:54:58.703,1.17949,1.17961,2.62,1.70
2018.01.16 08:55:00.319,1.17949,1.1796,2.25,1.89
2018.01.16 08:55:00.625,1.17948,1.17957,1.00,1.20
2018.01.16 08:55:01.251,1.17947,1.17957,1.12,2.89
2018.01.16 08:55:03.707,1.17947,1.17959,1.50,1.89
2018.01.16 08:55:04.122,1.17947,1.1796,2.62,4.20
2018.01.16 08:55:07.567,1.17948,1.17959,2.06,1.12
2018.01.16 08:55:08.088,1.17948,1.17959,2.06,1.12
2018.01.16 08:55:09.402,1.17948,1.1796,2.25,1.50
2018.01.16 08:55:10.164,1.17949,1.17962,1.87,5.25
2018.01.16 08:55:10.275,1.17949,1.17961,3.00,1.87
2018.01.16 08:55:10.876,1.17949,1.17961,2.25,1.87
2018.01.16 08:55:11.532,1.17949,1.17961,2.25,1.87
2018.01.16 08:55:13.029,1.17949,1.17962,2.25,2.81
2018.01.16 08:55:13.287,1.17948,1.17959,2.00,1.25
2018.01.16 08:55:13.841,1.17947,1.17959,3.75,1.25
2018.01.16 08:55:14.462,1.17947,1.17958,3.00,1.25
2018.01.16 08:55:15.015,1.17947,1.17957,3.00,1.00
2018.01.16 08:55:16.003,1.17946,1.17956,1.12,1.57
2018.01.16 08:55:16.357,1.17945,1.17956,2.14,2.32
2018.01.16 08:55:17.468,1.17945,1.17956,2.14,1.57
2018.01.16 08:55:18.843,1.17946,1.17957,1.50,3.07
2018.01.16 08:55:19.394,1.17946,1.17957,1.00,3.07
2018.01.16 08:55:19.950,1.17946,1.17957,1.37,3.07
2018.01.16 08:55:22.257,1.17946,1.17958,3.00,1.70
2018.01.16 08:55:22.796,1.17946,1.17956,1.31,1.12
2018.01.16 08:55:23.317,1.17945,1.17956,2.51,1.50
2018.01.16 08:55:23.833,1.17946,1.17958,3.56,1.87
2018.01.16 08:55:23.885,1.17944,1.17954,1.12,1.25
2018.01.16 08:55:24.198,1.1794,1.1795,1.50,1.25
2018.01.16 08:55:25.160,1.17939,1.1795,1.87,1.44
2018.01.16 08:55:25.787,1.17939,1.17951,2.10,1.87
2018.01.16 08:55:27.367,1.17938,1.17951,2.81,2.06
2018.01.16 08:55:27.873,1.17938,1.1795,3.00,1.44
2018.01.16 08:55:28.084,1.17939,1.17951,1.87,1.25
2018.01.16 08:55:28.240,1.1794,1.17953,3.97,1.31
2018.01.16 08:55:28.390,1.17942,1.17954,1.50,1.25
2018.01.16 08:55:28.702,1.17944,1.17957,1.69,1.69
2018.01.16 08:55:28.754,1.17944,1.17956,2.19,1.00
2018.01.16 08:55:29.303,1.17944,1.17956,1.87,1.87
2018.01.16 08:55:30.076,1.17944,1.17956,1.87,1.87
2018.01.16 08:55:32.206,1.17943,1.17953,2.06,1.12
2018.01.16 08:55:32.465,1.17941,1.17952,2.32,1.50
2018.01.16 08:55:33.043,1.17941,1.17952,1.50,2.25
2018.01.16 08:55:33.609,1.17941,1.17952,1.12,2.25
2018.01.16 08:55:41.170,1.1794,1.1795,1.00,1.00
2018.01.16 08:55:41.854,1.17938,1.17951,1.75,2.25
2018.01.16 08:55:42.395,1.17938,1.17951,1.50,3.00
2018.01.16 08:55:43.012,1.17941,1.17953,1.87,1.20
2018.01.16 08:55:43.065,1.17943,1.17955,1.00,1.50
2018.01.16 08:55:43.292,1.17943,1.17956,2.25,1.50
2018.01.16 08:55:43.636,1.17945,1.17958,1.87,1.57
2018.01.16 08:55:43.740,1.17947,1.17959,1.50,1.12
2018.01.16 08:55:44.004,1.17948,1.17961,3.00,1.20
2018.01.16 08:55:44.180,1.17946,1.17957,3.45,1.00
2018.01.16 08:55:44.443,1.17946,1.17959,3.37,2.62
2018.01.16 08:55:45.010,1.17947,1.17958,1.37,1.00
2018.01.16 08:55:45.273,1.17948,1.1796,1.50,1.20
2018.01.16 08:55:45.536,1.17949,1.17962,2.62,3.75
2018.01.16 08:55:45.746,1.17951,1.17964,2.25,1.12
2018.01.16 08:55:46.115,1.1795,1.17962,1.45,2.25
2018.01.16 08:55:46.619,1.17949,1.17962,2.70,3.00
2018.01.16 08:55:47.035,1.17946,1.17958,2.70,1.00
2018.01.16 08:55:47.139,1.17948,1.1796,1.87,1.50
2018.01.16 08:55:47.191,1.17948,1.17958,1.87,1.00
2018.01.16 08:55:47.708,1.17947,1.17959,2.62,1.00
2018.01.16 08:55:48.228,1.17948,1.1796,1.00,2.25
2018.01.16 08:55:49.362,1.17948,1.1796,1.37,1.50
2018.01.16 08:55:49.877,1.17949,1.17961,1.00,1.45
2018.01.16 08:55:49.982,1.1795,1.17961,1.00,1.20
2018.01.16 08:55:50.499,1.17951,1.17963,1.00,1.50
2018.01.16 08:55:50.604,1.17952,1.17963,2.62,1.12
2018.01.16 08:55:51.144,1.17954,1.17965,1.00,3.75
2018.01.16 08:55:51.458,1.17962,1.17972,1.00,1.00
2018.01.16 08:55:51.785,1.17959,1.17969,1.50,1.20
2018.01.16 08:55:52.103,1.17955,1.17963,1.12,1.00
2018.01.16 08:55:52.279,1.17954,1.17967,2.25,1.95
2018.01.16 08:55:53.859,1.17954,1.17965,1.50,1.00
2018.01.16 08:55:54.576,1.17954,1.17966,1.37,1.50
2018.01.16 08:55:54.628,1.17953,1.17964,1.57,1.00
2018.01.16 08:55:54.785,1.17951,1.17964,1.87,1.87
2018.01.16 08:55:54.837,1.17953,1.17963,1.37,1.00
2018.01.16 08:55:54.950,1.17954,1.17965,1.37,1.50
2018.01.16 08:55:55.473,1.17954,1.17966,1.37,1.50
2018.01.16 08:55:55.680,1.17954,1.17964,1.50,1.00
2018.01.16 08:55:56.250,1.17954,1.17965,1.87,1.00
2018.01.16 08:55:56.895,1.17956,1.17966,1.37,1.50
2018.01.16 08:55:57.409,1.17956,1.17965,1.37,1.00
2018.01.16 08:55:57.888,1.17955,1.17963,1.00,1.00
2018.01.16 08:55:58.331,1.17953,1.17965,1.37,1.50
2018.01.16 08:55:58.599,1.17954,1.17963,1.00,1.00
2018.01.16 08:55:58.759,1.17954,1.17965,1.37,1.50
2018.01.16 08:55:59.347,1.17955,1.17966,1.00,1.00
2018.01.16 08:55:59.898,1.17955,1.17966,1.50,1.50
2018.01.16 08:56:00.236,1.17959,1.17969,1.12,1.10
2018.01.16 08:56:00.727,1.17959,1.17967,1.00,1.00
2018.01.16 08:56:01.030,1.17958,1.17969,1.37,1.50
2018.01.16 08:56:01.295,1.17958,1.17967,1.50,1.00
2018.01.16 08:56:01.404,1.17956,1.17968,1.10,1.50
2018.01.16 08:56:01.749,1.17956,1.17966,1.00,1.00
2018.01.16 08:56:02.295,1.17955,1.17965,1.37,1.00
2018.01.16 08:56:02.838,1.17955,1.17965,1.00,1.00
2018.01.16 08:56:03.363,1.17955,1.17964,1.00,1.00
2018.01.16 08:56:03.416,1.17955,1.17967,1.00,2.25
2018.01.16 08:56:04.037,1.17955,1.17966,1.37,1.00
2018.01.16 08:56:04.464,1.17954,1.17964,1.12,1.00
2018.01.16 08:56:04.517,1.17953,1.17964,1.57,1.00
2018.01.16 08:56:05.043,1.17953,1.17962,1.00,1.00
2018.01.16 08:56:06.125,1.17952,1.17962,1.50,1.00
2018.01.16 08:56:06.963,1.17953,1.17963,1.25,1.00
2018.01.16 08:56:08.094,1.17954,1.17964,1.00,1.50
2018.01.16 08:56:08.435,1.17955,1.17966,1.37,1.25
2018.01.16 08:56:08.695,1.17957,1.17968,1.31,1.00
2018.01.16 08:56:09.205,1.17957,1.17969,3.00,1.25
2018.01.16 08:56:10.038,1.17958,1.17969,1.00,1.44
2018.01.16 08:56:10.540,1.17957,1.17968,1.00,2.32
2018.01.16 08:56:11.182,1.17957,1.17967,1.00,1.70
2018.01.16 08:56:11.983,1.17957,1.17967,1.00,1.25
2018.01.16 08:56:12.994,1.17957,1.17968,1.00,1.25
2018.01.16 08:56:15.059,1.17957,1.17968,1.00,1.87
2018.01.16 08:56:15.594,1.17956,1.17966,1.12,1.25
2018.01.16 08:56:16.111,1.17956,1.17966,1.12,1.44
2018.01.16 08:56:16.802,1.17956,1.17966,1.00,1.00
2018.01.16 08:56:17.320,1.17956,1.17967,1.00,1.69
2018.01.16 08:56:17.798,1.1796,1.17967,1.87,1.00
2018.01.16 08:56:17.851,1.1796,1.17969,1.87,1.25
2018.01.16 08:56:17.904,1.17962,1.17971,1.87,1.00
2018.01.16 08:56:18.360,1.17961,1.17973,1.75,1.25
2018.01.16 08:56:18.876,1.17961,1.17974,2.81,1.37
2018.01.16 08:56:19.409,1.17961,1.17973,2.06,1.87
2018.01.16 08:56:19.688,1.17964,1.17974,1.00,1.00
2018.01.16 08:56:20.193,1.17962,1.17975,3.37,1.44
2018.01.16 08:56:21.535,1.17962,1.17975,2.81,1.25
2018.01.16 08:56:22.221,1.17962,1.17975,3.00,1.44
2018.01.16 08:56:22.622,1.17961,1.17972,2.32,1.00
2018.01.16 08:56:22.726,1.17963,1.17974,1.25,1.25
2018.01.16 08:56:23.336,1.17962,1.17974,1.69,1.44
2018.01.16 08:56:24.168,1.17962,1.17974,1.87,1.25
2018.01.16 08:56:25.158,1.17962,1.17974,2.25,1.25
2018.01.16 08:56:26.058,1.17964,1.17976,1.31,1.25
2018.01.16 08:56:26.562,1.17964,1.17976,1.69,1.00
2018.01.16 08:56:27.096,1.17964,1.17976,1.25,1.12
2018.01.16 08:56:28.035,1.17964,1.17976,1.44,1.12
2018.01.16 08:56:28.650,1.17964,1.17976,1.25,1.12
2018.01.16 08:56:29.674,1.17964,1.17976,1.00,1.50
2018.01.16 08:56:32.201,1.17964,1.17976,1.00,1.25
2018.01.16 08:56:32.411,1.17963,1.17975,1.37,1.62
2018.01.16 08:56:33.180,1.17962,1.17974,1.75,2.10
2018.01.16 08:56:33.285,1.1796,1.17973,2.32,2.44
2018.01.16 08:56:34.378,1.1796,1.17972,1.00,3.79
2018.01.16 08:56:34.903,1.1796,1.17973,4.35,1.25
2018.01.16 08:56:35.112,1.17963,1.17974,1.00,2.29
2018.01.16 08:56:35.617,1.17963,1.17975,1.00,2.29
2018.01.16 08:56:36.167,1.17963,1.17974,1.00,1.00
2018.01.16 08:56:36.701,1.17963,1.17975,1.87,1.25
2018.01.16 08:56:37.286,1.17963,1.17975,1.50,1.44
2018.01.16 08:56:37.790,1.17963,1.17975,2.25,1.25
2018.01.16 08:56:40.061,1.17963,1.17976,2.25,2.44
2018.01.16 08:56:40.612,1.17963,1.17975,2.25,1.25
2018.01.16 08:56:41.208,1.17963,1.17975,3.60,1.00
2018.01.16 08:56:41.744,1.17965,1.17976,1.00,1.12
2018.01.16 08:56:43.267,1.17965,1.17977,3.97,2.06
2018.01.16 08:56:43.598,1.17973,1.17985,1.50,1.87
2018.01.16 08:56:44.148,1.17972,1.17985,2.25,2.06
2018.01.16 08:56:44.458,1.17974,1.17984,1.37,1.44
2018.01.16 08:56:44.677,1.17972,1.17984,1.00,1.25
2018.01.16 08:56:44.729,1.17972,1.17983,1.12,1.47
2018.01.16 08:56:46.977,1.17969,1.17982,2.25,2.14
2018.01.16 08:56:47.511,1.17969,1.17982,2.44,3.07
2018.01.16 08:56:49.094,1.1797,1.17982,2.06,1.39
2018.01.16 08:56:50.363,1.17971,1.17983,1.50,2.32
2018.01.16 08:56:50.892,1.17972,1.17985,1.44,3.45
2018.01.16 08:56:52.329,1.17972,1.17985,2.81,1.76
2018.01.16 08:56:52.678,1.17971,1.17983,1.87,1.20
2018.01.16 08:56:52.914,1.1797,1.17981,1.37,1.57
2018.01.16 08:56:53.834,1.1797,1.17981,1.00,1.89
2018.01.16 08:56:54.333,1.17969,1.17979,1.37,1.44
2018.01.16 08:56:54.701,1.17969,1.17981,1.87,1.39
2018.01.16 08:56:54.983,1.17969,1.17977,1.37,1.00
2018.01.16 08:56:55.089,1.17967,1.17976,1.00,1.00
2018.01.16 08:56:55.199,1.17965,1.17973,2.25,1.00
2018.01.16 08:56:55.309,1.17964,1.17971,1.00,1.00
2018.01.16 08:56:55.363,1.17961,1.17973,3.37,1.50
2018.01.16 08:56:55.420,1.1796,1.17971,1.62,1.00
2018.01.16 08:56:55.986,1.17961,1.17972,1.12,2.14
2018.01.16 08:56:56.520,1.17961,1.17972,1.50,1.39
2018.01.16 08:56:56.883,1.17962,1.17973,1.69,1.39
2018.01.16 08:56:57.043,1.17962,1.17971,1.50,1.00
2018.01.16 08:56:58.364,1.17962,1.17971,1.25,1.95
2018.01.16 08:56:58.768,1.17959,1.17968,3.00,1.69
2018.01.16 08:56:58.977,1.17962,1.17972,1.00,2.32
2018.01.16 08:57:00.148,1.1796,1.17972,3.97,1.45
2018.01.16 08:57:00.201,1.17959,1.1797,1.12,2.89
2018.01.16 08:57:00.356,1.17959,1.1797,1.87,1.45
2018.01.16 08:57:00.409,1.17961,1.1797,1.00,1.45
2018.01.16 08:57:00.567,1.17961,1.17972,1.87,1.45
2018.01.16 08:57:00.948,1.17963,1.17974,1.00,2.70
2018.01.16 08:57:02.321,1.17961,1.17973,2.62,1.89
2018.01.16 08:57:03.069,1.17961,1.17971,1.50,1.20
2018.01.16 08:57:03.585,1.17961,1.17971,1.12,1.20
2018.01.16 08:57:05.213,1.17961,1.17971,1.00,1.57
2018.01.16 08:57:06.095,1.1796,1.17971,1.50,1.57
2018.01.16 08:57:08.917,1.1796,1.17972,1.00,1.87
2018.01.16 08:57:10.656,1.17959,1.1797,1.37,1.25
2018.01.16 08:57:10.708,1.17957,1.17969,1.10,1.44
2018.01.16 08:57:11.227,1.17957,1.17969,1.00,1.31
2018.01.16 08:57:11.471,1.17959,1.17972,1.81,2.06
2018.01.16 08:57:12.014,1.17958,1.17971,3.00,1.00
2018.01.16 08:57:12.977,1.17958,1.1797,1.87,1.25
2018.01.16 08:57:13.597,1.17958,1.17971,3.37,1.31
2018.01.16 08:57:14.134,1.17958,1.1797,1.69,1.25
2018.01.16 08:57:15.925,1.17959,1.17971,1.00,1.31
2018.01.16 08:57:16.577,1.17959,1.17971,1.37,1.12
2018.01.16 08:57:17.672,1.17958,1.17971,1.75,3.00
2018.01.16 08:57:18.284,1.17958,1.1797,1.00,1.69
2018.01.16 08:57:18.984,1.17957,1.17969,1.87,1.44
2018.01.16 08:57:19.245,1.17958,1.1797,1.12,1.69
2018.01.16 08:57:19.758,1.17958,1.17971,3.45,1.44
2018.01.16 08:57:20.294,1.17959,1.17972,3.56,2.25
2018.01.16 08:57:20.869,1.1796,1.17972,1.81,1.87
2018.01.16 08:57:23.210,1.17964,1.17973,1.00,1.00
2018.01.16 08:57:23.263,1.17964,1.17975,1.31,1.20
2018.01.16 08:57:23.814,1.17964,1.17977,3.00,3.75
2018.01.16 08:57:25.882,1.17965,1.17977,1.37,1.25
2018.01.16 08:57:26.040,1.17968,1.17978,1.00,1.00
2018.01.16 08:57:26.256,1.17968,1.1798,1.62,2.44
2018.01.16 08:57:26.372,1.17969,1.1798,1.50,1.25
2018.01.16 08:57:26.684,1.17969,1.1798,1.00,1.69
2018.01.16 08:57:26.789,1.17971,1.17982,1.00,1.01
2018.01.16 08:57:27.307,1.17971,1.17983,1.50,1.69
2018.01.16 08:57:30.141,1.17971,1.17983,1.31,2.25
2018.01.16 08:57:31.077,1.17971,1.17983,1.31,2.25
2018.01.16 08:57:31.592,1.17971,1.17983,1.87,1.87
2018.01.16 08:57:32.670,1.17971,1.17982,1.87,1.00
2018.01.16 08:57:33.577,1.17971,1.17982,1.50,1.00
2018.01.16 08:57:34.221,1.17971,1.17983,1.50,1.87
2018.01.16 08:57:34.791,1.1797,1.17983,3.19,1.70
2018.01.16 08:57:35.482,1.1797,1.17983,3.19,1.70
2018.01.16 08:57:36.793,1.17972,1.17984,1.19,2.32
2018.01.16 08:57:37.001,1.17973,1.17986,2.81,1.57
2018.01.16 08:57:44.868,1.17974,1.17986,1.31,1.51
2018.01.16 08:57:45.407,1.17974,1.17986,1.31,1.81
2018.01.16 08:57:45.676,1.17973,1.17982,1.50,1.00
2018.01.16 08:57:46.227,1.17971,1.17983,1.57,1.62
2018.01.16 08:57:46.699,1.17971,1.17983,1.37,1.50
2018.01.16 08:57:48.288,1.17972,1.17983,1.00,1.35
2018.01.16 08:57:48.497,1.1797,1.17978,1.47,1.62
2018.01.16 08:57:48.680,1.17966,1.17979,2.32,3.12
2018.01.16 08:57:48.733,1.17965,1.17978,1.25,2.23
2018.01.16 08:57:49.262,1.17965,1.17978,1.44,2.25
2018.01.16 08:57:49.849,1.17965,1.17978,2.25,2.18
2018.01.16 08:57:50.400,1.17965,1.17977,2.21,1.00
2018.01.16 08:57:50.876,1.17963,1.17973,1.31,1.00
2018.01.16 08:57:51.441,1.17961,1.17974,3.37,1.80
2018.01.16 08:57:51.807,1.17961,1.17973,1.75,1.43
2018.01.16 08:57:51.962,1.17961,1.17973,1.12,2.37
2018.01.16 08:57:52.015,1.17959,1.17971,2.51,2.93
2018.01.16 08:57:53.061,1.17958,1.17971,3.56,1.33
2018.01.16 08:57:53.380,1.17965,1.17977,3.56,2.57
2018.01.16 08:57:53.562,1.17966,1.17978,1.69,1.00
2018.01.16 08:57:54.082,1.17967,1.1798,2.44,1.82
2018.01.16 08:57:54.619,1.17967,1.1798,2.62,2.01
2018.01.16 08:57:55.495,1.1797,1.17983,2.62,2.32
2018.01.16 08:57:56.032,1.1797,1.17982,2.70,1.82
2018.01.16 08:57:57.387,1.1797,1.17983,2.62,3.13
2018.01.16 08:57:58.199,1.1797,1.17983,1.87,3.88
2018.01.16 08:57:59.281,1.17969,1.17982,2.62,2.04
2018.01.16 08:58:00.348,1.1797,1.17982,1.87,1.12
2018.01.16 08:58:00.886,1.17971,1.17983,1.50,1.12
2018.01.16 08:58:01.201,1.17969,1.17982,2.51,1.64
2018.01.16 08:58:01.462,1.17971,1.17983,2.06,1.12
2018.01.16 08:58:01.999,1.17971,1.17984,3.75,1.12
2018.01.16 08:58:02.862,1.17972,1.17984,1.50,1.12
2018.01.16 08:58:03.192,1.17975,1.17987,1.12,1.57
2018.01.16 08:58:03.352,1.17976,1.17988,1.19,1.87
2018.01.16 08:58:05.306,1.17975,1.17989,1.69,3.94
2018.01.16 08:58:06.862,1.17974,1.17987,2.32,2.98
2018.01.16 08:58:07.175,1.17973,1.17986,1.95,3.34
2018.01.16 08:58:07.710,1.17973,1.17986,2.25,2.06
2018.01.16 08:58:08.415,1.17975,1.17987,1.50,2.21
2018.01.16 08:58:08.930,1.17973,1.17986,3.00,2.21
2018.01.16 08:58:09.415,1.17973,1.17986,2.81,2.21
2018.01.16 08:58:09.923,1.17973,1.17985,1.69,1.29
2018.01.16 08:58:11.754,1.17974,1.17986,2.25,1.50
2018.01.16 08:58:11.909,1.17973,1.17984,1.95,1.22
2018.01.16 08:58:12.833,1.17973,1.17984,1.12,1.22
2018.01.16 08:58:13.426,1.1797,1.17981,1.00,1.00
2018.01.16 08:58:13.944,1.17969,1.17982,2.44,2.98
2018.01.16 08:58:14.495,1.17969,1.17981,1.69,1.66
2018.01.16 08:58:15.224,1.17969,1.1798,1.69,1.25
2018.01.16 08:58:15.804,1.17967,1.1798,3.19,1.31
2018.01.16 08:58:16.320,1.17968,1.17981,1.87,3.18
2018.01.16 08:58:16.916,1.17968,1.17981,1.87,3.18
2018.01.16 08:58:17.450,1.17969,1.17982,2.62,2.06
2018.01.16 08:58:17.993,1.17969,1.17982,3.00,2.06
2018.01.16 08:58:20.841,1.1797,1.17983,2.62,2.43
2018.01.16 08:58:21.363,1.1797,1.17981,1.50,1.24
2018.01.16 08:58:21.619,1.1797,1.17983,2.06,2.62
2018.01.16 08:58:23.325,1.1797,1.17981,1.75,1.00
2018.01.16 08:58:23.378,1.17969,1.17981,1.50,1.50
2018.01.16 08:58:24.376,1.17968,1.1798,1.87,2.43
2018.01.16 08:58:24.431,1.17966,1.17979,2.89,1.31
2018.01.16 08:58:25.074,1.17965,1.17977,1.50,1.31
2018.01.16 08:58:25.588,1.17965,1.17976,1.56,1.00
2018.01.16 08:58:25.699,1.17967,1.17979,1.12,1.95
2018.01.16 08:58:25.755,1.17967,1.1798,2.62,2.32
2018.01.16 08:58:25.809,1.17969,1.17981,1.00,1.50
2018.01.16 08:58:26.335,1.17969,1.17982,1.69,1.87
2018.01.16 08:58:27.343,1.17969,1.17982,1.69,2.25
2018.01.16 08:58:28.093,1.17969,1.17982,2.06,1.50
2018.01.16 08:58:28.922,1.1797,1.17983,2.62,1.20
2018.01.16 08:58:29.031,1.17972,1.17983,2.62,1.00
2018.01.16 08:58:29.450,1.17972,1.17985,2.62,2.25
2018.01.16 08:58:30.433,1.17973,1.17986,1.50,4.57
2018.01.16 08:58:31.315,1.17974,1.17986,1.00,1.12
2018.01.16 08:58:32.243,1.17974,1.17987,3.56,1.12
2018.01.16 08:58:32.664,1.17977,1.17989,1.19,1.00
2018.01.16 08:58:33.520,1.17976,1.17988,1.12,1.00
2018.01.16 08:58:33.939,1.17976,1.17988,1.00,1.00
2018.01.16 08:58:35.082,1.17976,1.17988,1.37,1.00
2018.01.16 08:58:35.296,1.17977,1.1799,1.31,1.12
2018.01.16 08:58:35.399,1.17977,1.1799,1.69,1.12
2018.01.16 08:58:35.711,1.17976,1.17987,1.12,1.00
2018.01.16 08:58:36.216,1.17976,1.17988,1.00,1.12
2018.01.16 08:58:37.088,1.17976,1.17989,1.00,1.50
2018.01.16 08:58:37.637,1.17976,1.17989,1.87,1.12
2018.01.16 08:58:39.551,1.17976,1.17989,2.06,1.12
2018.01.16 08:58:40.561,1.17976,1.17988,1.12,1.25
2018.01.16 08:58:40.726,1.17975,1.17988,2.44,1.31
2018.01.16 08:58:41.326,1.17975,1.17987,1.69,1.00
2018.01.16 08:58:42.992,1.17973,1.17985,2.25,1.00
2018.01.16 08:58:43.509,1.17971,1.17984,4.69,1.00
2018.01.16 08:58:44.128,1.17971,1.17984,4.50,1.00
2018.01.16 08:58:45.060,1.17971,1.17983,2.25,1.00
2018.01.16 08:58:45.793,1.17971,1.17983,1.12,1.00
2018.01.16 08:58:47.352,1.17971,1.17984,1.87,1.50
2018.01.16 08:58:47.910,1.17971,1.17983,1.62,1.00
2018.01.16 08:58:48.422,1.1797,1.17982,1.12,1.00
2018.01.16 08:58:48.683,1.1797,1.17981,1.00,1.50
2018.01.16 08:58:49.444,1.17968,1.1798,1.75,1.50
2018.01.16 08:58:49.653,1.17967,1.17978,1.12,1.12
2018.01.16 08:58:50.331,1.17965,1.17977,1.31,1.50
2018.01.16 08:58:50.849,1.17965,1.17978,1.69,3.00
2018.01.16 08:58:52.046,1.17964,1.17977,3.19,2.25
2018.01.16 08:58:53.435,1.17964,1.17976,1.69,1.00
2018.01.16 08:58:54.258,1.17964,1.17977,1.69,1.12
2018.01.16 08:58:54.787,1.17964,1.17977,2.44,1.00
2018.01.16 08:58:56.539,1.17964,1.17976,1.12,1.00
2018.01.16 08:58:56.695,1.17963,1.17976,2.44,1.12
2018.01.16 08:58:57.951,1.17963,1.17974,1.87,1.00
2018.01.16 08:58:58.290,1.17961,1.17972,1.50,1.50
2018.01.16 08:58:58.561,1.17959,1.17972,3.56,1.50
2018.01.16 08:58:59.072,1.17959,1.17972,4.16,1.00
2018.01.16 08:58:59.124,1.17959,1.17972,4.54,1.00
2018.01.16 08:59:00.356,1.17959,1.17972,3.22,1.00
2018.01.16 08:59:00.900,1.1796,1.17972,1.19,1.50
2018.01.16 08:59:01.196,1.17961,1.17974,1.87,1.12
2018.01.16 08:59:01.725,1.17961,1.17975,3.04,1.50
2018.01.16 08:59:01.880,1.17963,1.17976,1.69,1.87
2018.01.16 08:59:02.346,1.17962,1.17975,3.37,1.00
2018.01.16 08:59:03.689,1.17962,1.17976,3.37,2.51
2018.01.16 08:59:04.193,1.17962,1.17976,3.56,1.50
2018.01.16 08:59:05.604,1.17962,1.17976,3.75,3.37
2018.01.16 08:59:06.111,1.17962,1.17976,4.12,2.25
2018.01.16 08:59:06.621,1.17968,1.17976,1.00,1.50
2018.01.16 08:59:06.727,1.17964,1.17976,1.44,1.00
2018.01.16 08:59:06.834,1.17961,1.17972,1.95,1.00
2018.01.16 08:59:06.939,1.17959,1.17972,5.14,1.00
2018.01.16 08:59:07.265,1.17959,1.1797,1.62,1.50
2018.01.16 08:59:07.801,1.17959,1.17971,1.50,1.31
2018.01.16 08:59:08.960,1.17958,1.1797,3.19,1.00
2018.01.16 08:59:10.536,1.17967,1.17977,1.16,1.07
2018.01.16 08:59:10.588,1.17967,1.17978,1.54,1.00
2018.01.16 08:59:10.901,1.17965,1.17976,1.12,1.00
2018.01.16 08:59:11.453,1.17964,1.17975,1.37,1.00
2018.01.16 08:59:12.084,1.17965,1.17976,1.05,2.25
2018.01.16 08:59:12.333,1.17967,1.1798,3.97,1.50
2018.01.16 08:59:12.386,1.17965,1.17978,1.37,2.06
2018.01.16 08:59:12.908,1.17966,1.17979,1.44,3.37
2018.01.16 08:59:13.419,1.17965,1.17977,1.37,1.50
2018.01.16 08:59:13.730,1.17966,1.17979,1.50,2.62
2018.01.16 08:59:14.540,1.17967,1.1798,1.44,2.44
2018.01.16 08:59:15.170,1.17965,1.17979,3.07,2.25
2018.01.16 08:59:16.162,1.17965,1.17977,1.00,1.69
2018.01.16 08:59:16.266,1.17963,1.17975,1.95,1.00
2018.01.16 08:59:16.788,1.17963,1.17975,1.25,1.87
2018.01.16 08:59:20.125,1.17962,1.17975,1.12,1.69
2018.01.16 08:59:20.476,1.17962,1.17972,1.12,1.00
2018.01.16 08:59:20.686,1.1796,1.17973,1.00,2.81
2018.01.16 08:59:21.220,1.17959,1.17972,4.50,1.25
2018.01.16 08:59:22.841,1.17959,1.17971,1.12,2.06
2018.01.16 08:59:23.223,1.17956,1.1797,1.57,2.44
2018.01.16 08:59:23.379,1.17956,1.1797,2.44,1.69
2018.01.16 08:59:23.430,1.17956,1.1797,3.22,1.69
2018.01.16 08:59:24.858,1.17956,1.1797,2.62,2.81
2018.01.16 08:59:25.374,1.17955,1.17969,2.62,2.51
2018.01.16 08:59:26.539,1.17954,1.17968,2.06,2.62
2018.01.16 08:59:26.643,1.17952,1.17965,5.32,1.87
2018.01.16 08:59:26.747,1.17951,1.17964,1.31,2.25
2018.01.16 08:59:27.083,1.17951,1.17964,1.50,1.87
2018.01.16 08:59:27.395,1.17953,1.17966,1.50,1.87
2018.01.16 08:59:27.867,1.17954,1.17967,1.50,2.44
2018.01.16 08:59:28.439,1.17954,1.17967,1.12,1.25
2018.01.16 08:59:28.964,1.17955,1.17968,1.25,3.45
2018.01.16 08:59:29.946,1.17954,1.17967,1.00,2.25
2018.01.16 08:59:30.394,1.17952,1.17961,1.50,1.00
2018.01.16 08:59:30.453,1.17951,1.17963,1.00,2.44
2018.01.16 08:59:30.974,1.1795,1.17963,1.00,1.87
2018.01.16 08:59:31.028,1.17948,1.17961,1.12,2.25
2018.01.16 08:59:31.237,1.1795,1.17963,1.00,1.50
2018.01.16 08:59:31.604,1.17949,1.17962,1.00,1.87
2018.01.16 08:59:32.142,1.1795,1.17963,1.00,1.50
2018.01.16 08:59:33.664,1.17949,1.17962,1.50,1.25
2018.01.16 08:59:35.441,1.1795,1.17963,1.12,1.12
2018.01.16 08:59:35.546,1.1795,1.17963,1.50,1.12
2018.01.16 08:59:35.945,1.17949,1.17963,2.32,1.31
2018.01.16 08:59:36.312,1.1795,1.17963,1.37,1.12
2018.01.16 08:59:37.014,1.1795,1.17963,1.00,1.12
2018.01.16 08:59:37.484,1.17955,1.17965,1.00,3.26
2018.01.16 08:59:37.591,1.17958,1.17969,2.47,1.00
2018.01.16 08:59:37.697,1.17958,1.17971,2.25,1.00
2018.01.16 08:59:37.750,1.17958,1.1797,1.00,1.37
2018.01.16 08:59:37.805,1.17956,1.17969,1.87,1.12
2018.01.16 08:59:38.035,1.17958,1.17971,1.00,2.25
2018.01.16 08:59:38.346,1.17959,1.17973,2.25,2.81
2018.01.16 08:59:38.658,1.17958,1.17972,1.20,2.81
2018.01.16 08:59:38.711,1.17957,1.1797,1.95,1.50
2018.01.16 08:59:39.045,1.17958,1.17971,2.62,1.50
2018.01.16 08:59:39.098,1.17959,1.17972,1.37,1.12
2018.01.16 08:59:39.926,1.17963,1.17976,1.00,2.81
2018.01.16 08:59:40.135,1.1796,1.17974,5.32,2.06
2018.01.16 08:59:40.450,1.17963,1.17977,3.75,2.44
2018.01.16 08:59:40.804,1.17963,1.17975,2.32,1.00
2018.01.16 08:59:40.962,1.1796,1.17972,1.10,1.12
2018.01.16 08:59:41.185,1.17961,1.1797,1.00,1.12
2018.01.16 08:59:41.292,1.17957,1.17971,1.12,3.56
2018.01.16 08:59:41.830,1.17957,1.17971,1.50,2.81
2018.01.16 08:59:42.093,1.17955,1.17968,2.32,1.50
2018.01.16 08:59:42.146,1.17954,1.17968,3.07,3.00
2018.01.16 08:59:43.034,1.17955,1.17967,1.87,1.00
2018.01.16 08:59:43.139,1.17956,1.17969,1.44,1.87
2018.01.16 08:59:43.705,1.17956,1.17969,1.47,1.50
2018.01.16 08:59:45.438,1.17957,1.17969,1.00,1.00
2018.01.16 08:59:45.999,1.17957,1.1797,1.50,1.69
2018.01.16 08:59:46.504,1.17958,1.17971,3.75,2.81
2018.01.16 08:59:47.069,1.17959,1.17972,2.25,1.75
2018.01.16 08:59:47.126,1.1796,1.17973,4.54,1.50
2018.01.16 08:59:47.233,1.17963,1.17976,2.25,2.25
2018.01.16 08:59:47.450,1.17965,1.17976,1.00,1.50
2018.01.16 08:59:47.974,1.17966,1.17978,1.31,2.00
2018.01.16 08:59:48.344,1.17966,1.17979,2.06,4.12
2018.01.16 08:59:49.527,1.17967,1.17979,2.44,1.69
2018.01.16 08:59:50.443,1.17969,1.17982,1.25,5.25
2018.01.16 08:59:50.969,1.17968,1.17981,1.25,3.00
2018.01.16 08:59:51.520,1.17969,1.17982,1.25,2.25
2018.01.16 08:59:52.058,1.1797,1.17982,1.00,1.12
2018.01.16 08:59:52.573,1.17967,1.17981,2.70,1.87
2018.01.16 08:59:53.350,1.17967,1.1798,1.12,1.31
2018.01.16 08:59:53.540,1.17965,1.17978,1.95,1.87
2018.01.16 08:59:53.765,1.17963,1.17977,2.14,1.69
2018.01.16 08:59:53.870,1.17965,1.17978,1.69,2.62
2018.01.16 08:59:54.202,1.17966,1.1798,1.31,1.87
2018.01.16 08:59:54.254,1.17968,1.17981,1.00,1.85
2018.01.16 08:59:54.839,1.17968,1.17982,1.31,1.87
2018.01.16 08:59:55.152,1.1797,1.17983,1.12,1.31
2018.01.16 08:59:55.308,1.1797,1.17984,1.87,2.25
2018.01.16 08:59:55.848,1.1797,1.17983,1.31,2.25
2018.01.16 08:59:56.060,1.17972,1.17984,1.25,1.31
2018.01.16 08:59:56.345,1.17972,1.17986,1.50,3.75
2018.01.16 08:59:56.563,1.17971,1.17985,1.69,2.44
2018.01.16 08:59:56.904,1.17972,1.17986,1.50,2.25
2018.01.16 08:59:57.205,1.17983,1.17994,2.44,1.00
2018.01.16 08:59:57.259,1.17983,1.17996,3.94,1.00
2018.01.16 08:59:57.314,1.17984,1.17995,1.00,1.37
2018.01.16 08:59:57.367,1.17982,1.17995,1.87,1.37
2018.01.16 08:59:57.703,1.17984,1.17998,1.50,2.06
2018.01.16 08:59:58.316,1.17983,1.17996,2.62,1.25
2018.01.16 08:59:59.158,1.17984,1.17998,1.87,2.25
2018.01.16 08:59:59.756,1.17984,1.17998,1.87,2.25
