2015.05.31 23:00:00.568,1.03177,1.03201,1.00,1.00
2015.05.31 23:00:05.731,1.03178,1.03202,1.00,1.00
2015.05.31 23:00:14.421,1.03179,1.03203,1.00,1.00
2015.05.31 23:00:32.471,1.03178,1.03202,1.00,1.00
2015.05.31 23:00:32.997,1.03179,1.03203,1.00,1.00
2015.05.31 23:00:38.707,1.03178,1.03202,1.00,1.00
2015.05.31 23:00:39.213,1.03179,1.03203,1.00,1.00
2015.05.31 23:00:44.443,1.03178,1.03202,1.00,1.00
2015.05.31 23:00:44.949,1.03179,1.03203,1.00,1.00
2015.05.31 23:00:45.486,1.03178,1.03202,1.00,1.00
2015.05.31 23:00:45.845,1.0318,1.03204,1.00,1.00
2015.05.31 23:00:46.750,1.03179,1.03203,1.00,1.00
2015.05.31 23:00:47.390,1.0318,1.03204,1.00,1.00
2015.05.31 23:00:51.808,1.03178,1.03202,1.00,1.00
2015.05.31 23:00:52.318,1.03179,1.03203,1.00,1.00
2015.05.31 23:01:00.808,1.03178,1.03202,1.00,1.00
2015.05.31 23:01:01.315,1.03179,1.03203,1.00,1.00
2015.05.31 23:01:03.839,1.03178,1.03202,1.00,1.00
2015.05.31 23:01:04.390,1.03179,1.03203,1.00,1.00
2015.05.31 23:01:05.045,1.03178,1.03202,1.00,1.00
2015.05.31 23:01:05.699,1.03179,1.03203,1.00,1.00
2015.05.31 23:01:06.353,1.03178,1.03202,1.00,1.00
2015.05.31 23:01:12.520,1.03179,1.03203,1.00,1.00
2015.05.31 23:01:12.824,1.03176,1.032,1.00,1.00
2015.05.31 23:01:13.244,1.03174,1.03198,1.00,1.00
2015.05.31 23:01:19.475,1.03171,1.03195,1.00,1.00
2015.05.31 23:01:20.000,1.0317,1.03194,1.00,1.00
2015.05.31 23:01:27.630,1.03169,1.03193,1.00,1.00
2015.05.31 23:01:27.967,1.03165,1.03189,1.00,1.00
2015.05.31 23:01:28.274,1.03163,1.03187,1.00,1.00
2015.05.31 23:01:28.861,1.03164,1.03188,1.00,1.00
2015.05.31 23:01:35.029,1.03163,1.03187,1.00,1.00
2015.05.31 23:01:43.357,1.03164,1.03188,1.00,1.00
2015.05.31 23:01:43.964,1.03163,1.03187,1.00,1.00
2015.05.31 23:01:44.676,1.03164,1.03188,1.00,1.00
2015.05.31 23:01:45.223,1.03163,1.03187,1.00,1.00
2015.05.31 23:01:50.914,1.03164,1.03188,1.00,1.00
2015.05.31 23:01:55.470,1.03163,1.03187,1.00,1.00
2015.05.31 23:02:12.877,1.03164,1.03188,1.00,1.00
2015.05.31 23:02:32.453,1.03165,1.03189,1.00,1.00
2015.05.31 23:02:37.379,1.03164,1.03188,1.00,1.00
2015.05.31 23:03:06.627,1.03163,1.03187,1.00,1.00
2015.05.31 23:03:07.288,1.03162,1.03186,1.00,1.00
2015.05.31 23:03:07.592,1.0316,1.03184,1.00,1.00
2015.05.31 23:03:08.097,1.03161,1.03185,1.00,1.00
2015.05.31 23:03:09.137,1.03162,1.03186,1.00,1.00
2015.05.31 23:03:10.349,1.03163,1.03187,1.00,1.00
2015.05.31 23:03:11.369,1.03162,1.03186,1.00,1.00
2015.05.31 23:03:11.919,1.03163,1.03187,1.00,1.00
2015.05.31 23:03:16.366,1.03162,1.03186,1.00,1.00
2015.05.31 23:03:32.984,1.03161,1.03185,1.00,1.00
2015.05.31 23:03:33.622,1.0316,1.03184,1.00,1.00
2015.05.31 23:04:05.532,1.03161,1.03185,1.00,1.00
2015.05.31 23:04:06.216,1.03162,1.03186,1.00,1.00
2015.05.31 23:04:20.103,1.03161,1.03185,1.00,1.00
2015.05.31 23:04:21.079,1.0316,1.03184,1.00,1.00
2015.05.31 23:04:21.583,1.03161,1.03185,1.00,1.00
2015.05.31 23:04:28.104,1.0316,1.03184,1.00,1.00
2015.05.31 23:05:03.569,1.03161,1.03185,1.00,1.00
2015.05.31 23:05:10.958,1.0316,1.03184,1.00,1.00
2015.05.31 23:05:11.285,1.03162,1.03186,1.00,1.00
2015.05.31 23:05:11.802,1.03161,1.03185,1.00,1.00
2015.05.31 23:05:22.763,1.03162,1.03186,1.00,1.00
2015.05.31 23:05:30.245,1.03161,1.03185,1.00,1.00
2015.05.31 23:05:36.541,1.03159,1.03183,1.00,1.00
2015.05.31 23:05:37.075,1.03158,1.03182,1.12,1.00
2015.05.31 23:05:38.667,1.03158,1.03182,1.37,1.00
2015.05.31 23:05:39.073,1.03158,1.03182,1.50,1.00
2015.05.31 23:05:39.377,1.03159,1.03183,1.37,1.00
2015.05.31 23:05:40.950,1.03159,1.03183,1.00,1.00
2015.05.31 23:05:41.458,1.03156,1.0318,1.12,1.00
2015.05.31 23:05:42.746,1.03156,1.0318,2.15,1.00
2015.05.31 23:05:43.593,1.03162,1.03186,1.00,1.00
2015.05.31 23:05:44.698,1.03161,1.03185,1.00,1.00
2015.05.31 23:05:44.800,1.03156,1.0318,1.69,1.00
2015.05.31 23:05:44.851,1.03156,1.0318,1.37,1.00
2015.05.31 23:05:45.378,1.03157,1.03181,1.12,1.00
2015.05.31 23:05:45.898,1.03157,1.03181,1.36,1.00
2015.05.31 23:05:46.436,1.03158,1.03182,1.00,1.00
2015.05.31 23:05:48.483,1.03158,1.03182,1.69,1.00
2015.05.31 23:05:48.990,1.03158,1.03182,1.12,1.00
2015.05.31 23:05:49.497,1.03158,1.03182,1.69,1.00
2015.05.31 23:05:49.744,1.0316,1.03184,1.00,1.00
2015.05.31 23:05:58.698,1.03159,1.03183,1.00,1.00
2015.05.31 23:06:02.179,1.03158,1.03182,1.00,1.00
2015.05.31 23:06:02.838,1.03159,1.03183,1.00,1.00
2015.05.31 23:06:08.771,1.03158,1.03182,1.00,1.00
2015.05.31 23:06:09.039,1.03156,1.0318,1.00,1.00
2015.05.31 23:06:18.333,1.03156,1.0318,1.24,1.00
2015.05.31 23:06:18.385,1.03156,1.0318,1.20,1.00
2015.05.31 23:06:19.098,1.03153,1.03177,1.00,1.00
2015.05.31 23:06:19.403,1.03154,1.03178,1.24,1.00
2015.05.31 23:06:19.505,1.03154,1.03178,1.00,1.00
2015.05.31 23:06:20.082,1.03155,1.03179,1.00,1.00
2015.05.31 23:06:20.589,1.03154,1.03178,1.00,1.00
2015.05.31 23:06:22.585,1.03155,1.03179,1.00,1.00
2015.05.31 23:06:49.034,1.03154,1.03178,1.00,1.00
2015.05.31 23:07:04.382,1.03154,1.03178,1.37,1.00
2015.05.31 23:07:04.889,1.03154,1.03178,1.12,1.00
2015.05.31 23:07:08.152,1.03155,1.03179,1.00,1.00
2015.05.31 23:07:08.924,1.03154,1.03178,1.00,1.00
2015.05.31 23:07:09.026,1.03152,1.03176,1.00,1.00
2015.05.31 23:07:09.331,1.03152,1.03176,1.00,1.37
2015.05.31 23:07:09.382,1.0315,1.03174,1.00,1.12
2015.05.31 23:07:10.165,1.03149,1.03173,1.00,1.00
2015.05.31 23:07:11.008,1.03149,1.03173,1.24,1.00
2015.05.31 23:07:11.516,1.03149,1.03173,1.00,1.00
2015.05.31 23:07:12.889,1.03149,1.03173,1.24,1.00
2015.05.31 23:07:12.991,1.03149,1.03173,1.00,1.00
2015.05.31 23:07:13.396,1.03148,1.03172,1.24,1.00
2015.05.31 23:07:13.498,1.03148,1.03172,1.00,1.00
2015.05.31 23:07:14.080,1.03148,1.03172,1.24,1.00
2015.05.31 23:07:14.601,1.03148,1.03172,1.00,1.00
2015.05.31 23:07:15.112,1.03149,1.03173,1.12,1.00
2015.05.31 23:07:15.620,1.03148,1.03172,1.37,1.00
2015.05.31 23:07:16.132,1.03149,1.03173,1.36,1.00
2015.05.31 23:07:18.483,1.03149,1.03173,1.36,1.00
2015.05.31 23:07:21.590,1.03149,1.03173,1.36,1.00
2015.05.31 23:07:22.140,1.03149,1.03173,1.53,1.00
2015.05.31 23:07:22.683,1.03147,1.03171,1.27,1.00
2015.05.31 23:07:23.190,1.03148,1.03172,1.15,1.00
2015.05.31 23:07:23.241,1.03148,1.03172,1.00,1.00
2015.05.31 23:07:23.636,1.03147,1.03171,1.36,1.00
2015.05.31 23:07:24.145,1.03148,1.03172,1.24,1.00
2015.05.31 23:07:25.819,1.03147,1.03171,1.36,1.00
2015.05.31 23:07:26.022,1.03147,1.03171,1.27,1.00
2015.05.31 23:07:26.547,1.03149,1.03172,1.15,1.00
2015.05.31 23:07:28.452,1.03147,1.03171,1.61,1.00
2015.05.31 23:07:29.011,1.03149,1.0317,1.04,1.00
2015.05.31 23:07:30.135,1.03146,1.0317,1.61,1.00
2015.05.31 23:07:30.660,1.03147,1.03171,1.61,1.00
2015.05.31 23:07:30.968,1.03148,1.03172,1.00,1.00
2015.05.31 23:07:31.376,1.03148,1.03172,1.37,1.00
2015.05.31 23:07:32.391,1.03148,1.03172,1.12,1.00
2015.05.31 23:07:32.577,1.03148,1.03172,1.36,1.00
2015.05.31 23:07:32.629,1.03148,1.03172,1.36,1.00
2015.05.31 23:07:33.136,1.03148,1.03172,1.12,1.00
2015.05.31 23:07:34.677,1.03148,1.03172,1.37,1.00
2015.05.31 23:07:35.986,1.03148,1.03172,1.61,1.00
2015.05.31 23:07:37.032,1.03148,1.03172,1.00,1.00
2015.05.31 23:07:37.592,1.03148,1.03172,1.24,1.00
2015.05.31 23:07:38.734,1.03148,1.03172,1.61,1.00
2015.05.31 23:07:39.850,1.03148,1.03172,1.37,1.00
2015.05.31 23:07:40.388,1.0315,1.03172,1.00,1.00
2015.05.31 23:07:42.274,1.03148,1.03172,1.00,1.00
2015.05.31 23:07:42.784,1.03149,1.03172,1.22,1.00
2015.05.31 23:07:42.990,1.03151,1.03175,1.00,1.00
2015.05.31 23:07:43.509,1.03152,1.03176,1.00,1.00
2015.05.31 23:07:49.052,1.03149,1.03173,1.00,1.00
2015.05.31 23:07:49.357,1.03149,1.03173,1.15,1.00
2015.05.31 23:07:49.459,1.03149,1.03173,1.00,1.00
2015.05.31 23:07:50.522,1.0315,1.03174,1.00,1.12
2015.05.31 23:07:52.656,1.0315,1.03174,1.24,1.12
2015.05.31 23:07:53.061,1.03146,1.0317,1.61,1.00
2015.05.31 23:07:53.286,1.0315,1.03174,1.32,1.12
2015.05.31 23:07:53.939,1.03151,1.03175,1.12,1.00
2015.05.31 23:07:57.456,1.03147,1.03171,1.37,1.00
2015.05.31 23:07:57.811,1.0315,1.03174,1.32,1.00
2015.05.31 23:08:04.714,1.03151,1.03175,1.00,1.00
2015.05.31 23:08:04.893,1.03148,1.03172,1.61,1.00
2015.05.31 23:08:05.581,1.0315,1.03174,1.32,1.00
2015.05.31 23:08:05.683,1.03148,1.03172,1.61,1.00
2015.05.31 23:08:05.886,1.0315,1.03174,1.32,1.00
2015.05.31 23:08:06.038,1.03148,1.03172,1.61,1.00
2015.05.31 23:08:06.140,1.03151,1.03175,1.00,1.00
2015.05.31 23:08:06.191,1.03151,1.03175,1.37,1.00
2015.05.31 23:08:08.775,1.03151,1.03175,1.37,1.00
2015.05.31 23:08:09.081,1.03148,1.03172,1.36,1.00
2015.05.31 23:08:09.386,1.03146,1.0317,1.37,1.00
2015.05.31 23:08:09.488,1.03148,1.03172,1.37,1.00
2015.05.31 23:08:09.621,1.03152,1.03176,1.00,1.00
2015.05.31 23:08:09.723,1.03149,1.03173,1.37,1.00
2015.05.31 23:08:10.053,1.03149,1.03173,1.51,1.00
2015.05.31 23:08:10.605,1.0315,1.03174,1.61,1.00
2015.05.31 23:08:10.707,1.03153,1.03177,1.12,1.00
2015.05.31 23:08:11.066,1.0315,1.03174,1.69,1.00
2015.05.31 23:08:12.925,1.03153,1.03177,1.12,1.00
2015.05.31 23:08:13.138,1.03151,1.03175,1.69,1.00
2015.05.31 23:08:15.601,1.03151,1.03175,1.69,1.00
2015.05.31 23:08:15.939,1.03151,1.03175,1.37,1.00
2015.05.31 23:08:16.604,1.03153,1.03177,1.37,1.00
2015.05.31 23:08:19.105,1.03152,1.03176,1.37,1.00
2015.05.31 23:08:19.655,1.03153,1.03177,1.37,1.00
2015.05.31 23:08:20.317,1.03152,1.03176,1.37,1.00
2015.05.31 23:08:20.824,1.03153,1.03177,1.37,1.00
2015.05.31 23:08:23.260,1.03152,1.03176,1.61,1.00
2015.05.31 23:08:24.141,1.03153,1.03177,1.37,1.00
2015.05.31 23:08:29.816,1.03153,1.03177,1.12,1.00
2015.05.31 23:08:42.361,1.03153,1.03177,1.37,1.00
2015.05.31 23:08:47.771,1.03153,1.03177,1.37,1.00
2015.05.31 23:09:05.517,1.03153,1.03177,1.90,1.00
2015.05.31 23:09:05.727,1.03151,1.03175,1.52,1.00
2015.05.31 23:09:05.829,1.0315,1.03174,1.61,1.00
2015.05.31 23:09:05.880,1.03148,1.03172,1.61,1.00
2015.05.31 23:09:06.134,1.0315,1.03174,1.37,1.00
2015.05.31 23:09:06.236,1.03149,1.03173,1.12,1.00
2015.05.31 23:09:06.541,1.03147,1.03171,1.37,1.00
2015.05.31 23:09:06.744,1.0315,1.03174,1.00,1.00
2015.05.31 23:09:06.896,1.0315,1.03174,1.24,1.00
2015.05.31 23:09:06.988,1.0315,1.03174,1.00,1.00
2015.05.31 23:09:07.089,1.03148,1.03172,1.61,1.00
2015.05.31 23:09:07.534,1.03151,1.03175,1.24,1.00
2015.05.31 23:09:07.737,1.03149,1.03173,1.24,1.00
2015.05.31 23:09:08.243,1.03152,1.03174,1.00,1.00
2015.05.31 23:09:08.396,1.03148,1.03172,1.12,1.00
2015.05.31 23:09:08.903,1.03149,1.03173,1.00,1.00
2015.05.31 23:09:10.048,1.03147,1.03171,1.37,1.00
2015.05.31 23:09:10.592,1.03148,1.03172,1.12,1.00
2015.05.31 23:09:10.994,1.03148,1.03172,1.36,1.00
2015.05.31 23:09:23.818,1.03148,1.03172,1.36,1.00
2015.05.31 23:09:23.920,1.03148,1.03172,1.12,1.00
2015.05.31 23:09:24.072,1.03146,1.0317,1.37,1.00
2015.05.31 23:09:24.647,1.03146,1.0317,1.61,1.00
2015.05.31 23:09:28.245,1.03146,1.0317,1.00,1.00
2015.05.31 23:09:28.751,1.03145,1.03169,1.61,1.00
2015.05.31 23:09:29.861,1.03146,1.0317,1.61,1.00
2015.05.31 23:09:35.386,1.03146,1.0317,1.37,1.24
2015.05.31 23:09:36.032,1.03146,1.0317,1.37,1.24
2015.05.31 23:09:37.245,1.03146,1.03167,1.37,1.00
2015.05.31 23:09:37.346,1.03146,1.0317,1.37,1.00
2015.05.31 23:09:37.445,1.03146,1.0317,1.37,1.24
2015.05.31 23:09:38.257,1.03146,1.0317,1.37,1.00
2015.05.31 23:09:38.767,1.03145,1.03169,1.37,1.14
2015.05.31 23:09:42.505,1.03144,1.03168,1.37,1.00
2015.05.31 23:09:44.143,1.03145,1.03169,1.37,1.14
2015.05.31 23:09:44.295,1.03145,1.03169,1.37,1.39
2015.05.31 23:09:44.828,1.03145,1.03168,1.37,1.04
2015.05.31 23:09:59.799,1.03145,1.03169,1.37,1.24
2015.05.31 23:10:01.717,1.03145,1.03169,1.37,1.24
2015.05.31 23:10:02.220,1.03146,1.0317,1.37,1.24
2015.05.31 23:10:12.771,1.03148,1.03172,1.00,1.15
2015.05.31 23:10:13.808,1.03148,1.03172,1.00,1.00
2015.05.31 23:10:13.910,1.03148,1.03172,1.00,1.24
2015.05.31 23:10:14.455,1.03148,1.03169,1.00,1.04
2015.05.31 23:10:15.046,1.03148,1.03168,1.00,1.50
2015.05.31 23:10:15.508,1.03148,1.03172,1.00,1.00
2015.05.31 23:10:15.610,1.03148,1.03172,1.00,1.24
2015.05.31 23:10:16.200,1.03148,1.03172,1.00,1.24
2015.05.31 23:10:21.129,1.03148,1.03167,1.00,1.00
2015.05.31 23:10:28.272,1.03148,1.03172,1.00,1.00
2015.05.31 23:10:28.374,1.03148,1.03172,1.00,1.24
2015.05.31 23:10:28.476,1.03148,1.03172,1.00,1.00
2015.05.31 23:10:41.750,1.03148,1.03172,1.50,1.15
2015.05.31 23:10:41.852,1.03148,1.03172,1.50,1.00
2015.05.31 23:10:53.095,1.03149,1.03173,1.00,1.00
2015.05.31 23:11:43.428,1.0315,1.03174,1.00,1.00
2015.05.31 23:11:44.043,1.03149,1.03173,1.12,1.00
2015.05.31 23:11:47.471,1.03148,1.03172,1.87,1.00
2015.05.31 23:11:51.093,1.03148,1.03172,1.87,1.00
2015.05.31 23:11:53.364,1.03149,1.03173,1.00,1.00
2015.05.31 23:11:54.575,1.03148,1.03172,1.87,1.00
2015.05.31 23:13:30.801,1.03148,1.03171,1.00,1.00
2015.05.31 23:13:31.552,1.03148,1.03172,1.50,1.00
2015.05.31 23:13:40.784,1.03149,1.03172,1.00,1.00
2015.05.31 23:13:45.599,1.03149,1.03171,1.00,1.00
2015.05.31 23:13:46.450,1.03149,1.03172,1.00,1.00
2015.05.31 23:14:02.055,1.03149,1.03172,1.37,1.00
2015.05.31 23:14:02.309,1.03149,1.03172,1.00,1.00
2015.05.31 23:14:16.690,1.03149,1.03173,1.50,1.00
2015.05.31 23:14:35.557,1.03149,1.03172,1.00,1.00
2015.05.31 23:14:37.007,1.03149,1.03171,1.00,1.00
2015.05.31 23:14:38.883,1.03149,1.03172,1.00,1.00
2015.05.31 23:14:39.410,1.03149,1.03173,1.50,1.00
2015.05.31 23:14:40.859,1.0315,1.03173,1.00,1.00
2015.05.31 23:15:00.810,1.03149,1.03173,1.50,1.00
2015.05.31 23:15:02.160,1.03149,1.03172,1.00,1.00
2015.05.31 23:15:03.845,1.03149,1.03173,1.50,1.00
2015.05.31 23:15:40.784,1.03148,1.03172,1.37,1.00
2015.05.31 23:15:40.886,1.03148,1.03172,1.00,1.00
2015.05.31 23:15:57.338,1.03148,1.03172,1.37,1.00
2015.05.31 23:15:57.389,1.0315,1.03174,1.37,1.00
2015.05.31 23:15:57.441,1.0315,1.03174,1.75,1.00
2015.05.31 23:15:57.543,1.0315,1.03174,1.37,1.00
2015.05.31 23:15:57.634,1.03148,1.03171,1.50,1.00
2015.05.31 23:15:57.940,1.03149,1.03173,1.75,1.00
2015.05.31 23:15:58.449,1.03148,1.03172,2.25,1.00
2015.05.31 23:16:01.108,1.03148,1.03172,2.25,1.00
2015.05.31 23:16:12.392,1.03149,1.03173,1.75,1.00
2015.05.31 23:16:13.891,1.03148,1.03172,2.25,1.00
2015.05.31 23:16:14.398,1.03149,1.03173,2.25,1.00
2015.05.31 23:16:15.061,1.0315,1.03174,1.75,1.00
2015.05.31 23:16:21.632,1.0315,1.03174,1.75,1.00
2015.05.31 23:16:27.087,1.0315,1.03174,1.37,1.12
2015.05.31 23:16:27.684,1.03149,1.03172,1.50,1.00
2015.05.31 23:16:28.585,1.03149,1.03172,1.37,1.00
2015.05.31 23:16:29.252,1.03149,1.03172,1.50,1.00
2015.05.31 23:17:01.894,1.03148,1.03172,1.50,1.00
2015.05.31 23:17:02.420,1.03148,1.03172,1.75,1.00
2015.05.31 23:17:05.222,1.03148,1.03172,1.50,1.00
2015.05.31 23:17:05.899,1.03148,1.03172,1.75,1.00
2015.05.31 23:17:13.572,1.03148,1.03172,1.75,1.00
2015.05.31 23:17:13.725,1.03154,1.03175,1.37,1.00
2015.05.31 23:17:13.928,1.03153,1.03177,1.87,1.37
2015.05.31 23:17:14.448,1.03153,1.03177,1.87,1.37
2015.05.31 23:17:16.321,1.03153,1.03177,1.87,1.37
2015.05.31 23:17:23.278,1.03153,1.03177,1.50,1.37
2015.05.31 23:17:30.203,1.03152,1.03174,1.12,1.12
2015.05.31 23:17:34.900,1.03153,1.03177,1.00,1.37
2015.05.31 23:17:36.545,1.0315,1.03174,1.87,1.12
2015.05.31 23:17:37.052,1.0315,1.03174,1.87,1.37
2015.05.31 23:18:01.287,1.0315,1.03174,1.37,1.37
2015.05.31 23:18:01.896,1.0315,1.03174,1.00,1.37
2015.05.31 23:18:01.997,1.0315,1.03174,1.00,1.50
2015.05.31 23:18:02.513,1.0315,1.03173,1.00,1.37
2015.05.31 23:18:02.839,1.03145,1.03168,1.37,1.00
2015.05.31 23:18:11.950,1.03145,1.03168,1.37,1.00
2015.05.31 23:18:12.478,1.03145,1.03169,1.87,1.00
2015.05.31 23:18:13.277,1.03145,1.03168,1.37,1.00
2015.05.31 23:18:14.054,1.03145,1.03168,1.37,1.00
2015.05.31 23:18:14.137,1.03145,1.03168,1.12,1.00
2015.05.31 23:18:14.239,1.03145,1.03168,1.37,1.00
2015.05.31 23:18:14.559,1.03145,1.03168,1.12,1.12
2015.05.31 23:18:21.631,1.03143,1.03167,1.87,1.00
2015.05.31 23:18:21.732,1.03143,1.03167,1.87,1.00
2015.05.31 23:18:21.936,1.03143,1.03167,1.87,1.00
2015.05.31 23:18:22.037,1.03143,1.03167,1.87,1.00
2015.05.31 23:18:22.582,1.03143,1.03166,1.37,1.00
2015.05.31 23:18:25.428,1.03143,1.03166,1.37,1.00
2015.05.31 23:18:25.943,1.03144,1.03168,1.37,1.37
2015.05.31 23:18:28.482,1.03144,1.03168,1.37,1.00
2015.05.31 23:18:29.070,1.03144,1.03168,1.37,1.00
2015.05.31 23:18:33.299,1.03144,1.03168,1.37,1.37
2015.05.31 23:18:36.495,1.03143,1.03166,1.37,1.12
2015.05.31 23:18:39.776,1.03143,1.03164,1.37,1.00
2015.05.31 23:18:40.388,1.03143,1.03166,1.37,1.37
2015.05.31 23:18:41.679,1.03143,1.03166,1.12,1.37
2015.05.31 23:18:42.196,1.03143,1.03166,1.37,1.37
2015.05.31 23:18:45.179,1.03143,1.03166,1.12,1.37
2015.05.31 23:18:50.299,1.03143,1.03166,1.00,1.37
2015.05.31 23:18:50.451,1.03138,1.03162,1.87,1.37
2015.05.31 23:18:50.502,1.03138,1.03162,1.50,1.37
2015.05.31 23:18:50.844,1.03138,1.03161,1.37,1.12
2015.05.31 23:18:51.496,1.03138,1.03161,1.37,1.37
2015.05.31 23:18:51.801,1.03138,1.03161,1.37,1.00
2015.05.31 23:18:52.555,1.03138,1.03162,1.87,1.12
2015.05.31 23:18:55.737,1.03142,1.03166,1.00,1.87
2015.05.31 23:18:56.279,1.03138,1.03162,1.87,1.00
2015.05.31 23:18:57.693,1.03138,1.03161,1.37,1.00
2015.05.31 23:18:57.744,1.03138,1.03161,1.37,1.12
2015.05.31 23:18:58.544,1.03138,1.03161,1.12,1.37
2015.05.31 23:19:02.732,1.03138,1.03161,1.00,1.37
2015.05.31 23:19:07.793,1.03138,1.03159,2.25,1.00
2015.05.31 23:19:07.845,1.03144,1.03168,1.00,1.00
2015.05.31 23:19:07.997,1.03151,1.03171,1.00,1.00
2015.05.31 23:19:08.049,1.03151,1.03176,1.00,1.00
2015.05.31 23:19:08.556,1.03152,1.03176,1.00,1.00
2015.05.31 23:19:39.841,1.03153,1.03177,1.00,1.00
2015.05.31 23:19:40.619,1.03152,1.03176,1.00,1.00
2015.05.31 23:19:41.182,1.03153,1.03176,1.00,1.00
2015.05.31 23:19:43.898,1.03153,1.03177,1.50,1.00
2015.05.31 23:20:00.477,1.03153,1.03177,1.87,1.00
2015.05.31 23:20:00.680,1.03155,1.03179,1.87,1.00
2015.05.31 23:20:01.755,1.03155,1.03178,1.00,1.00
2015.05.31 23:20:08.062,1.03155,1.03179,1.50,1.00
2015.05.31 23:20:10.369,1.03155,1.03178,1.12,1.00
2015.05.31 23:20:10.891,1.03155,1.03179,1.87,1.00
2015.05.31 23:20:11.946,1.03155,1.03178,1.12,1.00
2015.05.31 23:20:12.453,1.03155,1.03179,1.87,1.00
2015.05.31 23:20:14.354,1.03156,1.0318,1.00,1.00
2015.05.31 23:20:15.961,1.03155,1.03179,1.87,1.00
2015.05.31 23:20:18.632,1.03155,1.03179,1.87,1.00
2015.05.31 23:20:18.936,1.03159,1.03183,1.00,1.50
2015.05.31 23:20:19.443,1.0316,1.03184,1.00,1.00
2015.05.31 23:20:40.001,1.03161,1.03184,1.00,1.00
2015.05.31 23:20:45.786,1.03161,1.03183,1.12,1.00
2015.05.31 23:20:46.660,1.03161,1.03184,1.00,1.00
2015.05.31 23:20:52.562,1.03161,1.03183,1.00,1.00
2015.05.31 23:20:57.701,1.03161,1.03172,1.00,2.25
2015.05.31 23:20:57.753,1.03159,1.03172,1.00,2.25
2015.05.31 23:20:57.804,1.03155,1.03172,1.00,3.00
2015.05.31 23:20:57.856,1.0315,1.03172,1.00,3.00
2015.05.31 23:20:57.958,1.03145,1.03169,1.00,1.00
2015.05.31 23:20:58.314,1.03148,1.0317,1.00,1.00
2015.05.31 23:20:58.467,1.03148,1.03172,1.50,1.00
2015.05.31 23:20:58.773,1.0315,1.03174,1.00,1.00
2015.05.31 23:20:59.079,1.03148,1.03171,1.00,1.74
2015.05.31 23:21:00.431,1.03148,1.0317,1.00,1.00
2015.05.31 23:21:01.092,1.03148,1.0317,1.37,1.00
2015.05.31 23:21:01.634,1.03148,1.03169,1.37,1.00
2015.05.31 23:21:01.736,1.03148,1.03169,1.00,1.00
2015.05.31 23:21:02.245,1.03145,1.03169,1.37,1.50
2015.05.31 23:21:02.296,1.03146,1.03169,1.37,1.00
2015.05.31 23:21:02.913,1.03146,1.03169,1.00,1.00
2015.05.31 23:21:02.964,1.03144,1.03168,1.50,1.00
2015.05.31 23:21:03.067,1.03143,1.03164,1.00,1.00
2015.05.31 23:21:03.119,1.0314,1.03164,1.87,1.00
2015.05.31 23:21:03.374,1.0314,1.03162,1.12,1.00
2015.05.31 23:21:04.034,1.0314,1.03162,1.37,1.00
2015.05.31 23:21:05.339,1.0314,1.03162,1.00,1.50
2015.05.31 23:21:05.491,1.03138,1.03162,1.00,1.50
2015.05.31 23:21:05.846,1.03138,1.0316,1.00,1.00
2015.05.31 23:21:06.151,1.03135,1.03156,1.00,1.00
2015.05.31 23:21:06.457,1.03127,1.0315,1.00,1.00
2015.05.31 23:21:06.894,1.03127,1.03148,1.00,1.00
2015.05.31 23:21:07.728,1.03126,1.03148,1.00,1.00
2015.05.31 23:21:07.780,1.03123,1.03147,1.00,1.00
2015.05.31 23:21:07.882,1.03123,1.03145,1.00,1.00
2015.05.31 23:21:08.415,1.03123,1.03146,1.00,1.12
2015.05.31 23:21:09.683,1.03124,1.03146,1.00,1.12
2015.05.31 23:21:19.475,1.03123,1.03146,1.00,1.00
2015.05.31 23:21:20.025,1.03124,1.03146,1.00,1.00
2015.05.31 23:21:20.758,1.03124,1.03147,1.00,1.00
2015.05.31 23:21:22.209,1.03124,1.03148,1.50,1.12
2015.05.31 23:21:22.720,1.03125,1.03149,1.00,1.00
2015.05.31 23:21:23.025,1.03128,1.03152,1.00,1.87
2015.05.31 23:21:23.583,1.03127,1.03151,1.00,1.12
2015.05.31 23:21:29.818,1.03126,1.03149,1.00,1.00
2015.05.31 23:21:29.920,1.03127,1.03151,1.00,1.00
2015.05.31 23:21:31.432,1.03126,1.0315,1.50,1.00
2015.05.31 23:21:32.134,1.03127,1.03151,1.00,1.00
2015.05.31 23:21:32.662,1.03128,1.03152,1.00,1.87
2015.05.31 23:21:33.246,1.03127,1.03151,1.00,1.00
2015.05.31 23:21:53.257,1.03128,1.03152,1.00,1.00
2015.05.31 23:21:53.308,1.03131,1.03152,1.00,1.00
2015.05.31 23:21:53.359,1.03132,1.03155,1.00,1.00
2015.05.31 23:21:53.461,1.03137,1.0316,1.00,1.00
2015.05.31 23:21:53.664,1.03141,1.03166,1.00,1.50
2015.05.31 23:21:54.211,1.03141,1.03165,1.00,1.00
2015.05.31 23:21:54.718,1.0314,1.03164,1.00,1.00
2015.05.31 23:22:07.141,1.03141,1.03165,1.00,1.00
2015.05.31 23:22:07.598,1.03138,1.03161,1.00,1.00
2015.05.31 23:22:07.903,1.03138,1.03159,1.00,1.00
2015.05.31 23:22:08.896,1.03138,1.03158,1.00,1.00
2015.05.31 23:22:08.947,1.03135,1.03158,1.00,1.00
2015.05.31 23:22:12.716,1.03135,1.03157,1.00,1.00
2015.05.31 23:22:14.496,1.03135,1.03156,1.00,1.00
2015.05.31 23:22:18.646,1.03135,1.03157,1.00,1.00
2015.05.31 23:22:19.311,1.03135,1.03156,1.00,1.00
2015.05.31 23:22:20.850,1.03135,1.03156,1.37,1.00
2015.05.31 23:22:21.336,1.03135,1.03159,1.50,1.00
2015.05.31 23:22:21.844,1.03136,1.0316,1.00,1.00
2015.05.31 23:22:23.606,1.03135,1.03159,1.50,1.00
2015.05.31 23:22:30.877,1.03135,1.03157,1.00,1.00
2015.05.31 23:22:31.385,1.03134,1.03158,1.50,1.00
2015.05.31 23:22:32.142,1.03134,1.03157,1.00,1.00
2015.05.31 23:22:32.668,1.03134,1.03158,1.50,1.00
2015.05.31 23:22:33.580,1.03134,1.03157,1.00,1.00
2015.05.31 23:22:34.674,1.03134,1.03158,1.50,1.00
2015.05.31 23:22:35.129,1.03136,1.0316,1.00,1.00
2015.05.31 23:22:35.485,1.03138,1.03162,1.00,1.50
2015.05.31 23:22:36.006,1.03137,1.03161,1.00,1.00
2015.05.31 23:22:37.759,1.03138,1.03162,1.00,1.50
2015.05.31 23:22:44.861,1.03138,1.0316,1.00,1.00
2015.05.31 23:22:45.400,1.03138,1.03159,1.00,1.00
2015.05.31 23:22:45.705,1.03138,1.03157,1.00,1.00
2015.05.31 23:22:46.068,1.03133,1.03157,1.50,1.00
2015.05.31 23:22:46.608,1.03133,1.03156,1.00,1.00
2015.05.31 23:22:51.953,1.03133,1.03157,1.50,1.00
2015.05.31 23:22:52.495,1.03133,1.03156,1.00,1.00
2015.05.31 23:22:57.920,1.03133,1.03154,1.00,1.50
2015.05.31 23:22:58.022,1.03124,1.03151,1.00,1.37
2015.05.31 23:22:58.538,1.03123,1.03147,1.50,1.50
2015.05.31 23:22:58.894,1.03125,1.03147,1.00,1.00
2015.05.31 23:22:58.996,1.03127,1.03151,1.00,1.50
2015.05.31 23:22:59.250,1.03129,1.03153,1.00,1.00
2015.05.31 23:22:59.555,1.03131,1.03155,1.50,1.00
2015.05.31 23:23:00.156,1.03131,1.03154,1.00,1.00
2015.05.31 23:23:03.985,1.03131,1.03155,1.87,1.00
2015.05.31 23:23:04.506,1.03132,1.03156,1.00,1.00
2015.05.31 23:23:05.134,1.03133,1.03157,1.00,1.00
2015.05.31 23:23:05.716,1.03132,1.03156,1.00,1.00
2015.05.31 23:23:06.226,1.03133,1.03157,1.00,1.00
2015.05.31 23:23:06.747,1.03132,1.03156,1.00,1.00
2015.05.31 23:23:18.803,1.03132,1.03155,1.00,1.00
2015.05.31 23:23:20.669,1.03132,1.03156,1.50,1.00
2015.05.31 23:23:21.348,1.03132,1.03155,1.00,1.00
2015.05.31 23:23:23.072,1.03132,1.03156,1.50,1.00
2015.05.31 23:23:23.735,1.03132,1.03155,1.00,1.00
2015.05.31 23:23:30.725,1.03132,1.03156,1.50,1.00
2015.05.31 23:23:31.236,1.03132,1.03155,1.00,1.00
2015.05.31 23:23:33.243,1.03132,1.03156,1.50,1.00
2015.05.31 23:23:35.889,1.03133,1.03156,1.00,1.00
2015.05.31 23:23:42.205,1.03133,1.03157,1.50,1.00
2015.05.31 23:23:43.375,1.03133,1.03156,1.00,1.00
2015.05.31 23:23:43.910,1.03133,1.03157,1.50,1.00
2015.05.31 23:23:44.437,1.03133,1.03156,1.00,1.00
2015.05.31 23:23:45.051,1.03133,1.03157,1.50,1.00
2015.05.31 23:23:47.225,1.03133,1.03155,1.00,1.00
2015.05.31 23:23:47.734,1.03133,1.03154,1.00,1.00
2015.05.31 23:23:48.275,1.03133,1.03153,1.00,1.00
2015.05.31 23:23:52.273,1.03133,1.03151,1.00,1.00
2015.05.31 23:23:52.426,1.03128,1.03151,1.00,1.00
2015.05.31 23:23:52.937,1.03128,1.0315,1.00,1.00
2015.05.31 23:23:53.530,1.03128,1.03149,1.00,1.00
2015.05.31 23:24:03.505,1.03128,1.0315,1.00,1.00
2015.05.31 23:24:04.037,1.03128,1.03149,1.00,1.00
2015.05.31 23:24:05.088,1.03124,1.03148,1.50,1.00
2015.05.31 23:24:05.596,1.03124,1.03147,1.31,1.00
2015.05.31 23:24:05.698,1.03128,1.03152,1.00,1.87
2015.05.31 23:24:05.800,1.03124,1.03148,1.50,1.00
2015.05.31 23:24:06.321,1.03124,1.03147,1.00,1.00
2015.05.31 23:24:10.759,1.03124,1.03148,1.50,1.00
2015.05.31 23:24:15.026,1.03124,1.03147,1.00,1.00
2015.05.31 23:24:18.319,1.03124,1.03144,1.00,1.00
2015.05.31 23:24:18.724,1.03124,1.03147,1.00,1.00
2015.05.31 23:24:18.876,1.03124,1.03145,1.00,1.00
2015.05.31 23:24:19.080,1.03125,1.03149,1.00,1.00
2015.05.31 23:24:19.384,1.03124,1.03144,1.00,1.00
2015.05.31 23:24:19.755,1.03124,1.03147,1.00,1.00
2015.05.31 23:24:20.850,1.03123,1.03147,1.00,1.00
2015.05.31 23:24:21.485,1.03122,1.03145,1.31,1.00
2015.05.31 23:24:21.817,1.03124,1.03148,1.00,1.00
2015.05.31 23:24:21.919,1.03122,1.03144,2.25,1.00
2015.05.31 23:24:22.376,1.03124,1.03148,1.00,1.00
2015.05.31 23:24:26.414,1.03125,1.03149,1.00,1.00
2015.05.31 23:24:27.747,1.03124,1.03148,1.00,1.00
2015.05.31 23:24:28.254,1.03123,1.03147,1.00,1.00
2015.05.31 23:24:28.776,1.03122,1.03146,1.50,1.00
2015.05.31 23:24:31.329,1.03122,1.03146,1.87,1.00
2015.05.31 23:24:31.432,1.03122,1.03146,1.50,1.00
2015.05.31 23:24:32.878,1.03122,1.03145,1.00,1.00
2015.05.31 23:24:33.716,1.03122,1.03145,1.24,1.00
2015.05.31 23:24:33.869,1.03125,1.03149,1.00,1.00
2015.05.31 23:24:33.971,1.03122,1.03146,1.50,1.00
2015.05.31 23:24:38.605,1.03124,1.03146,1.00,1.00
2015.05.31 23:24:41.200,1.03126,1.0315,1.00,1.00
2015.05.31 23:24:41.302,1.03124,1.03147,1.00,1.00
2015.05.31 23:24:41.811,1.03124,1.03146,1.00,1.00
2015.05.31 23:24:44.390,1.03124,1.03147,1.00,1.00
2015.05.31 23:24:44.911,1.03124,1.03146,1.00,1.00
2015.05.31 23:24:45.507,1.03124,1.03147,1.31,1.00
2015.05.31 23:24:45.609,1.03126,1.0315,1.00,1.00
2015.05.31 23:24:45.711,1.03124,1.03148,1.50,1.00
2015.05.31 23:24:47.793,1.03124,1.03147,1.00,1.00
2015.05.31 23:24:56.324,1.03125,1.03147,1.00,1.00
2015.05.31 23:24:56.780,1.03126,1.0315,1.00,1.00
2015.05.31 23:24:57.224,1.03125,1.03147,1.00,1.00
2015.05.31 23:25:03.401,1.03125,1.03148,1.00,1.00
2015.05.31 23:25:20.877,1.03124,1.03148,1.50,1.00
2015.05.31 23:25:26.168,1.03124,1.03148,1.74,1.00
2015.05.31 23:25:26.669,1.03124,1.03148,1.50,1.00
2015.05.31 23:25:50.030,1.03124,1.03147,1.50,1.00
2015.05.31 23:25:50.534,1.03124,1.03148,1.50,1.00
2015.05.31 23:25:53.500,1.03124,1.03147,1.00,1.00
2015.05.31 23:26:23.607,1.03124,1.03148,1.50,1.00
2015.05.31 23:26:39.866,1.03125,1.03149,1.00,1.37
2015.05.31 23:26:40.172,1.03124,1.03145,1.00,1.00
2015.05.31 23:26:45.978,1.03123,1.03145,1.00,1.00
2015.05.31 23:26:46.029,1.03121,1.03145,1.00,1.00
2015.05.31 23:26:46.336,1.0312,1.03143,1.00,1.00
2015.05.31 23:26:47.008,1.0312,1.03144,1.50,1.00
2015.05.31 23:26:49.991,1.03121,1.03145,1.00,1.00
2015.05.31 23:26:50.497,1.0312,1.03144,1.50,1.00
2015.05.31 23:26:52.007,1.0312,1.03143,1.00,1.00
2015.05.31 23:26:52.517,1.0312,1.03144,1.50,1.00
2015.05.31 23:26:53.024,1.0312,1.03143,1.00,1.00
2015.05.31 23:26:53.552,1.0312,1.03144,1.50,1.00
2015.05.31 23:26:54.097,1.0312,1.03143,1.00,1.00
2015.05.31 23:26:54.859,1.0312,1.03144,1.50,1.00
2015.05.31 23:26:55.367,1.0312,1.03143,1.00,1.00
2015.05.31 23:26:55.726,1.0312,1.0314,1.00,1.00
2015.05.31 23:26:56.703,1.0312,1.03143,1.00,1.00
2015.05.31 23:26:59.841,1.0312,1.0314,1.00,1.00
2015.05.31 23:27:01.187,1.0312,1.03143,1.00,1.00
2015.05.31 23:27:01.695,1.0312,1.03144,1.12,1.00
2015.05.31 23:27:02.204,1.0312,1.03144,1.37,1.00
2015.05.31 23:27:02.408,1.03123,1.03146,1.00,1.00
2015.05.31 23:27:02.944,1.03123,1.03147,1.50,1.00
2015.05.31 23:27:03.462,1.03123,1.03147,1.87,1.00
2015.05.31 23:27:03.615,1.03128,1.03152,1.37,1.00
2015.05.31 23:27:04.125,1.03128,1.03152,1.00,1.00
2015.05.31 23:27:04.651,1.03127,1.03151,1.50,1.00
2015.05.31 23:27:05.195,1.03127,1.0315,1.00,1.00
2015.05.31 23:27:05.399,1.03129,1.03153,1.00,1.00
2015.05.31 23:27:05.907,1.0313,1.03154,1.00,1.00
2015.05.31 23:27:33.548,1.0313,1.03153,1.00,1.00
2015.05.31 23:27:40.733,1.03129,1.03153,2.25,1.00
2015.05.31 23:27:57.916,1.0313,1.03154,1.00,1.00
2015.05.31 23:27:58.849,1.03129,1.03153,1.50,1.00
2015.05.31 23:28:04.091,1.0313,1.03154,1.00,1.00
2015.05.31 23:28:04.724,1.03129,1.03153,1.50,1.00
2015.05.31 23:28:07.400,1.0313,1.03154,1.00,1.00
2015.05.31 23:28:07.907,1.03129,1.03153,1.50,1.00
2015.05.31 23:28:13.652,1.0313,1.03154,1.00,1.00
2015.05.31 23:28:14.310,1.03129,1.03153,1.50,1.00
2015.05.31 23:28:15.796,1.0313,1.03154,1.00,1.00
2015.05.31 23:28:16.621,1.03129,1.03153,1.50,1.00
2015.05.31 23:28:17.712,1.0313,1.03154,1.00,1.00
2015.05.31 23:28:36.304,1.03129,1.03153,1.50,1.00
2015.05.31 23:28:37.390,1.0313,1.03153,1.00,1.00
2015.05.31 23:28:37.492,1.03134,1.03153,1.00,1.00
2015.05.31 23:28:38.008,1.03133,1.03153,1.00,1.00
2015.05.31 23:28:38.787,1.03132,1.03153,1.00,1.00
2015.05.31 23:28:39.345,1.03133,1.03153,1.00,1.00
2015.05.31 23:28:39.446,1.03131,1.03153,1.50,1.00
2015.05.31 23:28:39.802,1.03132,1.03156,1.50,1.00
2015.05.31 23:28:40.310,1.03133,1.03156,1.00,1.00
2015.05.31 23:28:40.818,1.03132,1.03156,1.50,1.00
2015.05.31 23:28:42.739,1.03133,1.03156,1.00,1.00
2015.05.31 23:28:44.210,1.03132,1.03156,1.50,1.00
2015.05.31 23:28:44.734,1.03133,1.03156,1.00,1.00
2015.05.31 23:28:45.973,1.03134,1.03156,1.00,1.00
2015.05.31 23:28:46.617,1.03133,1.03156,1.00,1.00
2015.05.31 23:28:47.140,1.03134,1.03156,1.00,1.00
2015.05.31 23:28:53.971,1.03136,1.03159,1.00,1.50
2015.05.31 23:28:54.175,1.03138,1.03159,1.00,1.50
2015.05.31 23:28:54.429,1.03135,1.03159,2.25,1.00
2015.05.31 23:28:55.255,1.03135,1.03158,1.00,1.00
2015.05.31 23:28:55.766,1.03135,1.03159,1.50,1.00
2015.05.31 23:29:00.239,1.03135,1.03158,1.00,1.00
2015.05.31 23:29:00.749,1.03135,1.03157,1.00,1.00
2015.05.31 23:29:01.655,1.03135,1.03156,1.00,1.00
2015.05.31 23:29:07.683,1.03131,1.03155,1.50,1.00
2015.05.31 23:29:13.993,1.03132,1.03156,1.00,1.00
2015.05.31 23:29:14.857,1.03131,1.03155,1.50,1.00
2015.05.31 23:29:15.399,1.03132,1.03156,1.00,1.00
2015.05.31 23:29:18.148,1.03131,1.03155,1.50,1.00
2015.05.31 23:29:21.109,1.03131,1.03155,1.87,1.00
2015.05.31 23:29:21.700,1.03131,1.03154,1.37,1.00
2015.05.31 23:29:22.310,1.03131,1.03155,1.87,1.00
2015.05.31 23:29:23.055,1.03131,1.03155,1.87,1.00
2015.05.31 23:29:38.813,1.03131,1.03154,1.00,1.00
2015.05.31 23:29:39.545,1.0313,1.03154,1.00,1.00
2015.05.31 23:29:44.164,1.0313,1.03154,1.37,1.00
2015.05.31 23:29:50.270,1.0313,1.03154,1.00,1.00
2015.05.31 23:29:58.841,1.03129,1.03153,1.50,1.00
2015.05.31 23:30:01.144,1.03129,1.03152,1.00,1.00
2015.05.31 23:30:08.254,1.03129,1.03153,1.50,1.00
2015.05.31 23:30:21.654,1.03128,1.03152,1.87,1.00
2015.05.31 23:30:22.179,1.03128,1.03151,1.37,1.00
2015.05.31 23:30:24.828,1.03128,1.03151,1.00,1.00
2015.05.31 23:30:40.723,1.03127,1.03151,1.50,1.00
2015.05.31 23:30:42.892,1.03126,1.03149,1.00,1.00
2015.05.31 23:31:00.738,1.03125,1.03149,2.25,1.00
2015.05.31 23:31:20.312,1.03125,1.03153,1.00,1.67
2015.05.31 23:31:21.043,1.03124,1.03148,1.00,1.00
2015.05.31 23:31:55.017,1.03124,1.03148,1.87,1.00
2015.05.31 23:31:55.568,1.03124,1.03148,1.50,1.00
2015.05.31 23:31:58.761,1.03124,1.03147,1.00,1.00
2015.05.31 23:32:00.725,1.03123,1.03147,2.25,1.00
2015.05.31 23:32:04.813,1.03124,1.03148,1.00,1.00
2015.05.31 23:32:05.421,1.03123,1.03147,1.50,1.00
2015.05.31 23:32:16.521,1.03124,1.03148,1.00,1.00
2015.05.31 23:32:38.825,1.03124,1.03147,1.00,1.00
2015.05.31 23:32:39.485,1.03124,1.03148,1.50,1.00
2015.05.31 23:33:04.029,1.03124,1.03148,1.87,1.00
2015.05.31 23:33:04.530,1.03124,1.03148,1.50,1.00
2015.05.31 23:33:32.343,1.03124,1.03144,1.00,1.00
2015.05.31 23:33:32.446,1.0312,1.03144,1.00,1.37
2015.05.31 23:33:32.954,1.03119,1.03143,1.50,1.37
2015.05.31 23:33:34.014,1.0312,1.03144,1.00,1.37
2015.05.31 23:33:34.578,1.03119,1.03142,1.00,1.37
2015.05.31 23:33:35.119,1.03117,1.03141,1.00,1.12
2015.05.31 23:33:35.789,1.03118,1.03142,1.00,1.37
2015.05.31 23:33:37.778,1.03117,1.03141,1.00,1.12
2015.05.31 23:33:38.304,1.03117,1.03141,1.00,1.37
2015.05.31 23:33:38.817,1.03118,1.03142,1.00,1.37
2015.05.31 23:33:40.977,1.03117,1.03141,1.00,1.37
2015.05.31 23:33:41.527,1.03118,1.03142,1.00,1.37
2015.05.31 23:33:42.030,1.03117,1.03141,1.00,1.37
2015.05.31 23:33:42.579,1.03118,1.03142,1.00,1.37
2015.05.31 23:33:45.258,1.03117,1.03141,1.00,1.37
2015.05.31 23:33:45.818,1.03118,1.03142,1.00,1.37
2015.05.31 23:33:48.203,1.03117,1.03141,1.00,1.37
2015.05.31 23:33:52.238,1.03117,1.03141,1.00,1.75
2015.05.31 23:33:52.392,1.03114,1.03136,1.00,1.37
2015.05.31 23:33:52.647,1.0311,1.03134,1.00,1.00
2015.05.31 23:33:52.954,1.0311,1.03134,1.00,1.37
2015.05.31 23:33:53.293,1.03109,1.03133,1.65,1.37
2015.05.31 23:33:53.805,1.03109,1.03133,1.50,1.37
2015.05.31 23:33:54.266,1.03109,1.03133,1.74,1.37
2015.05.31 23:33:54.485,1.03109,1.03133,1.50,1.37
2015.05.31 23:33:54.690,1.03109,1.03133,1.65,1.37
2015.05.31 23:33:54.793,1.03109,1.03133,1.50,1.37
2015.05.31 23:33:55.549,1.03109,1.03133,1.65,1.37
2015.05.31 23:33:55.702,1.03109,1.03133,1.89,1.37
2015.05.31 23:33:56.006,1.03109,1.03133,1.50,1.37
2015.05.31 23:33:56.464,1.03109,1.03133,1.65,1.00
2015.05.31 23:33:56.667,1.03113,1.03137,1.54,1.50
2015.05.31 23:33:56.871,1.03117,1.03141,1.00,1.50
2015.05.31 23:33:57.401,1.03118,1.03142,1.00,1.00
2015.05.31 23:34:07.289,1.03117,1.0314,1.00,1.00
2015.05.31 23:34:07.803,1.03117,1.03139,1.00,1.00
2015.05.31 23:34:08.312,1.03117,1.0314,1.00,1.00
2015.05.31 23:34:09.023,1.03117,1.03139,1.00,1.00
2015.05.31 23:34:09.569,1.03117,1.0314,1.00,1.00
2015.05.31 23:34:10.334,1.03117,1.03139,1.00,1.00
2015.05.31 23:34:10.691,1.03117,1.03141,1.50,1.00
2015.05.31 23:34:18.844,1.03117,1.0314,1.00,1.00
2015.05.31 23:34:19.455,1.03116,1.0314,1.00,1.00
2015.05.31 23:34:20.115,1.03116,1.0314,1.24,1.00
2015.05.31 23:34:20.658,1.03116,1.0314,1.00,1.00
2015.05.31 23:34:22.818,1.03118,1.03142,1.00,1.00
2015.05.31 23:34:24.560,1.03116,1.0314,1.00,1.00
2015.05.31 23:34:25.139,1.03116,1.0314,1.37,1.00
2015.05.31 23:34:27.931,1.03116,1.0314,1.53,1.00
2015.05.31 23:34:30.188,1.03118,1.03142,1.00,1.00
2015.05.31 23:34:36.652,1.03116,1.0314,2.25,1.00
2015.05.31 23:34:36.957,1.03118,1.03142,1.00,1.00
2015.05.31 23:34:42.869,1.03117,1.03141,1.00,1.00
2015.05.31 23:34:48.044,1.03117,1.03141,1.37,1.00
2015.05.31 23:34:48.553,1.03117,1.03141,1.00,1.00
2015.05.31 23:34:49.097,1.03116,1.0314,1.50,1.00
2015.05.31 23:34:49.901,1.03116,1.0314,1.74,1.00
2015.05.31 23:34:50.003,1.03116,1.0314,1.74,1.00
2015.05.31 23:34:55.074,1.03116,1.0314,1.74,1.00
2015.05.31 23:34:56.076,1.03116,1.0314,2.25,1.00
2015.05.31 23:34:57.911,1.03116,1.0314,1.74,1.00
2015.05.31 23:34:58.419,1.03116,1.0314,1.74,1.00
2015.05.31 23:35:07.923,1.03115,1.03139,1.50,1.00
2015.05.31 23:35:12.124,1.03115,1.03139,1.74,1.00
2015.05.31 23:35:12.659,1.03115,1.03139,1.74,1.00
2015.05.31 23:35:16.859,1.03115,1.03139,1.74,1.00
2015.05.31 23:35:16.961,1.03115,1.03139,1.50,1.00
2015.05.31 23:35:19.381,1.03114,1.03138,1.50,1.00
2015.05.31 23:35:27.069,1.03114,1.03136,1.00,1.00
2015.05.31 23:35:29.673,1.03114,1.03137,1.00,1.00
2015.05.31 23:35:35.893,1.03114,1.03136,1.00,1.00
2015.05.31 23:35:36.427,1.03114,1.03137,1.00,1.00
2015.05.31 23:35:38.308,1.03114,1.03136,1.00,1.00
2015.05.31 23:35:39.791,1.03114,1.03136,1.36,1.00
2015.05.31 23:35:40.299,1.03114,1.03136,1.12,1.00
2015.05.31 23:35:42.689,1.03113,1.03136,1.00,1.00
2015.05.31 23:35:43.292,1.03113,1.03136,1.37,1.00
2015.05.31 23:35:49.815,1.03113,1.03136,1.00,1.00
2015.05.31 23:35:56.203,1.03112,1.03136,1.50,1.00
2015.05.31 23:35:56.738,1.03111,1.03135,1.50,1.00
2015.05.31 23:36:00.102,1.03112,1.03136,1.00,1.00
2015.05.31 23:36:00.407,1.03115,1.03139,1.00,1.50
2015.05.31 23:36:00.981,1.03116,1.03139,1.00,1.00
2015.05.31 23:36:01.846,1.03113,1.03137,1.00,1.00
2015.05.31 23:36:02.202,1.03115,1.03139,1.00,1.50
2015.05.31 23:36:03.270,1.03116,1.03139,1.00,1.00
2015.05.31 23:36:05.794,1.03113,1.03137,1.00,1.00
2015.05.31 23:36:06.330,1.03112,1.03136,1.00,1.00
2015.05.31 23:36:11.538,1.03111,1.03135,1.87,1.00
2015.05.31 23:36:12.642,1.03112,1.03136,1.00,1.00
2015.05.31 23:36:14.006,1.03113,1.03136,1.00,1.00
2015.05.31 23:36:14.516,1.03113,1.03137,1.50,1.00
2015.05.31 23:36:19.402,1.03113,1.03136,1.00,1.00
2015.05.31 23:36:32.743,1.03113,1.03137,1.50,1.00
2015.05.31 23:36:36.335,1.03113,1.03135,1.00,1.00
2015.05.31 23:36:36.963,1.03113,1.03136,1.00,1.00
2015.05.31 23:36:37.896,1.03113,1.03136,1.24,1.00
2015.05.31 23:36:38.201,1.03112,1.03136,1.00,1.00
2015.05.31 23:36:38.912,1.03112,1.03136,1.24,1.00
2015.05.31 23:36:39.424,1.03112,1.03136,1.00,1.00
2015.05.31 23:36:40.224,1.03113,1.03137,1.00,1.00
2015.05.31 23:36:41.943,1.03112,1.03136,1.00,1.00
2015.05.31 23:36:43.079,1.03111,1.03135,1.74,1.00
2015.05.31 23:36:43.616,1.03112,1.03136,1.00,1.00
2015.05.31 23:36:56.132,1.03112,1.03136,1.24,1.00
2015.05.31 23:36:56.700,1.03112,1.03136,1.00,1.00
2015.05.31 23:36:57.723,1.03111,1.03136,2.25,1.00
2015.05.31 23:36:59.151,1.03111,1.03137,1.50,1.00
2015.05.31 23:37:00.472,1.03111,1.03136,1.50,1.00
2015.05.31 23:37:00.979,1.03112,1.03137,1.00,1.00
2015.05.31 23:37:01.806,1.03111,1.03136,1.50,1.00
2015.05.31 23:37:03.165,1.03111,1.03136,1.74,1.00
2015.05.31 23:37:07.642,1.03111,1.03136,1.50,1.00
2015.05.31 23:37:13.663,1.03111,1.03136,1.74,1.00
2015.05.31 23:37:14.185,1.03111,1.03136,2.25,1.00
2015.05.31 23:37:20.004,1.03111,1.03136,1.74,1.00
2015.05.31 23:37:20.512,1.03111,1.03136,1.50,1.00
2015.05.31 23:37:41.879,1.0311,1.03135,3.00,1.00
2015.05.31 23:37:44.000,1.0311,1.03134,1.00,1.00
2015.05.31 23:37:44.539,1.0311,1.03135,1.32,1.00
2015.05.31 23:37:51.968,1.0311,1.03135,1.74,1.00
2015.05.31 23:37:52.916,1.0311,1.03134,1.74,1.00
2015.05.31 23:37:53.456,1.03111,1.03135,1.24,1.00
2015.05.31 23:37:54.551,1.0311,1.03134,1.74,1.00
2015.05.31 23:37:56.286,1.03111,1.03135,1.24,1.00
2015.05.31 23:37:58.627,1.0311,1.03134,1.74,1.00
2015.05.31 23:37:59.129,1.03111,1.03135,1.24,1.00
2015.05.31 23:38:00.254,1.0311,1.03134,1.74,1.00
2015.05.31 23:38:00.790,1.03111,1.03135,1.24,1.00
2015.05.31 23:38:05.081,1.0311,1.03134,1.74,1.00
2015.05.31 23:38:05.896,1.0311,1.03134,2.49,1.00
2015.05.31 23:38:05.999,1.03111,1.03135,1.00,1.00
2015.05.31 23:38:06.509,1.03112,1.03136,1.00,1.00
2015.05.31 23:38:06.826,1.03112,1.03136,1.37,1.00
2015.05.31 23:38:14.248,1.03112,1.03136,1.37,1.00
2015.05.31 23:38:14.756,1.03111,1.03135,1.37,1.00
2015.05.31 23:38:15.271,1.03112,1.03136,1.37,1.00
2015.05.31 23:38:17.168,1.03111,1.03135,1.50,1.00
2015.05.31 23:38:17.706,1.03112,1.03136,1.37,1.00
2015.05.31 23:38:20.922,1.03115,1.03139,1.37,1.50
2015.05.31 23:38:24.181,1.03114,1.03138,1.37,1.00
2015.05.31 23:38:27.502,1.03114,1.03138,1.52,1.00
2015.05.31 23:38:27.655,1.03116,1.0314,1.12,1.00
2015.05.31 23:38:28.163,1.03117,1.03141,1.00,1.00
2015.05.31 23:38:28.712,1.03117,1.03141,1.37,1.00
2015.05.31 23:38:29.280,1.03117,1.03141,1.00,1.00
2015.05.31 23:38:34.160,1.03116,1.0314,1.12,1.00
2015.05.31 23:38:34.718,1.03117,1.03141,1.00,1.00
2015.05.31 23:38:35.149,1.03115,1.03139,1.87,1.00
2015.05.31 23:38:36.367,1.03115,1.03139,1.87,1.00
2015.05.31 23:38:36.639,1.03115,1.03139,1.87,1.00
2015.05.31 23:38:37.178,1.03115,1.03139,2.11,1.00
2015.05.31 23:38:37.381,1.03116,1.03139,1.41,1.00
2015.05.31 23:38:38.544,1.03116,1.03139,1.37,1.00
2015.05.31 23:38:44.187,1.03115,1.03139,1.87,1.00
2015.05.31 23:38:44.754,1.03115,1.03139,2.11,1.00
2015.05.31 23:38:45.860,1.03115,1.03139,2.02,1.00
2015.05.31 23:38:46.489,1.03115,1.03139,2.11,1.00
2015.05.31 23:38:51.528,1.03115,1.03139,2.11,1.00
2015.05.31 23:38:52.037,1.03115,1.03139,2.11,1.00
2015.05.31 23:38:52.088,1.03115,1.03139,1.74,1.00
2015.05.31 23:38:52.190,1.03115,1.03139,2.11,1.00
2015.05.31 23:38:54.291,1.03115,1.03139,2.11,1.00
2015.05.31 23:38:56.739,1.03115,1.03139,2.49,1.00
2015.05.31 23:38:57.248,1.03116,1.0314,2.25,1.00
2015.05.31 23:38:58.039,1.03116,1.0314,1.87,1.00
2015.05.31 23:38:58.141,1.03116,1.0314,1.87,1.00
2015.05.31 23:38:58.688,1.03117,1.03141,1.12,1.00
2015.05.31 23:39:04.834,1.03116,1.0314,1.87,1.00
2015.05.31 23:39:05.380,1.03116,1.03139,1.37,1.00
2015.05.31 23:39:07.334,1.03116,1.03139,1.37,1.00
2015.05.31 23:39:07.908,1.03116,1.03139,1.37,1.00
2015.05.31 23:39:11.540,1.03116,1.03139,1.37,1.00
2015.05.31 23:39:12.107,1.03116,1.03139,1.50,1.00
2015.05.31 23:39:17.891,1.03116,1.0314,2.25,1.00
2015.05.31 23:39:17.993,1.03118,1.03142,1.37,1.00
2015.05.31 23:39:18.303,1.03118,1.03142,1.12,1.00
2015.05.31 23:39:18.354,1.03116,1.03139,1.37,1.00
2015.05.31 23:39:18.711,1.03116,1.0314,2.25,1.00
2015.05.31 23:39:18.762,1.03116,1.0314,1.50,1.00
2015.05.31 23:39:19.263,1.03116,1.03139,1.00,1.00
2015.05.31 23:39:19.780,1.03117,1.03141,1.37,1.00
2015.05.31 23:39:20.125,1.03116,1.03139,1.00,1.00
2015.05.31 23:39:20.684,1.03116,1.03139,1.37,1.00
2015.05.31 23:39:21.077,1.03116,1.03139,1.37,1.00
2015.05.31 23:39:21.177,1.03116,1.03139,1.00,1.00
2015.05.31 23:39:21.279,1.03116,1.03139,1.37,1.00
2015.05.31 23:39:22.402,1.03116,1.03139,1.37,1.00
2015.05.31 23:39:22.911,1.03116,1.03139,1.37,1.00
2015.05.31 23:39:40.054,1.03116,1.03139,1.37,1.00
2015.05.31 23:39:40.568,1.03116,1.03138,1.37,1.00
2015.05.31 23:39:42.461,1.03114,1.03138,1.61,1.00
2015.05.31 23:39:42.715,1.03116,1.0314,1.12,1.00
2015.05.31 23:39:45.014,1.03116,1.0314,1.37,1.00
2015.05.31 23:39:46.396,1.03116,1.0314,1.37,1.00
2015.05.31 23:39:46.601,1.03116,1.0314,1.12,1.00
2015.05.31 23:39:59.984,1.03114,1.03138,1.37,1.00
2015.05.31 23:40:02.573,1.03114,1.03138,1.00,1.00
2015.05.31 23:40:02.675,1.03114,1.03138,1.37,1.00
2015.05.31 23:40:03.659,1.03115,1.03139,1.37,1.00
2015.05.31 23:40:10.158,1.03117,1.03141,1.00,1.50
2015.05.31 23:40:10.260,1.03115,1.03139,1.61,1.00
2015.05.31 23:40:10.574,1.03115,1.03139,1.90,1.00
2015.05.31 23:40:13.974,1.03115,1.03139,1.90,1.00
2015.05.31 23:40:14.236,1.03115,1.03139,1.90,1.00
2015.05.31 23:40:14.401,1.03115,1.03139,1.90,1.00
2015.05.31 23:40:14.452,1.03117,1.03141,1.24,1.50
2015.05.31 23:40:14.503,1.03117,1.03141,1.00,1.50
2015.05.31 23:40:15.059,1.03118,1.03141,1.00,1.00
2015.05.31 23:40:16.955,1.03117,1.03141,1.32,1.50
2015.05.31 23:40:17.573,1.03118,1.03141,1.00,1.00
2015.05.31 23:40:19.043,1.03117,1.03141,1.32,1.50
2015.05.31 23:40:24.952,1.03118,1.03142,1.00,1.00
2015.05.31 23:40:58.842,1.03117,1.03141,1.12,1.00
2015.05.31 23:40:59.361,1.03116,1.0314,1.87,1.00
2015.05.31 23:41:00.098,1.03117,1.03141,1.12,1.00
2015.05.31 23:41:00.629,1.03116,1.0314,1.87,1.00
2015.05.31 23:41:01.176,1.03117,1.03141,1.12,1.00
2015.05.31 23:41:04.896,1.03116,1.0314,1.37,1.00
2015.05.31 23:41:05.422,1.03117,1.03141,1.12,1.00
2015.05.31 23:41:06.994,1.03118,1.03142,1.00,1.00
2015.05.31 23:41:07.654,1.03118,1.03142,1.37,1.00
2015.05.31 23:41:08.197,1.03117,1.03141,1.37,1.00
2015.05.31 23:41:13.136,1.03118,1.03142,1.37,1.00
2015.05.31 23:41:14.585,1.03117,1.03141,1.37,1.00
2015.05.31 23:41:14.821,1.03117,1.03141,1.50,1.00
2015.05.31 23:41:14.873,1.03117,1.03141,1.00,1.00
2015.05.31 23:41:15.384,1.03118,1.03142,1.00,1.00
2015.05.31 23:41:15.486,1.03121,1.03143,1.00,1.00
2015.05.31 23:41:15.588,1.03119,1.03143,1.00,1.50
2015.05.31 23:41:15.938,1.03124,1.03148,1.00,1.50
2015.05.31 23:41:16.243,1.03121,1.03145,1.00,1.00
2015.05.31 23:41:16.548,1.03124,1.03148,1.50,1.00
2015.05.31 23:41:17.390,1.03124,1.03148,1.87,1.00
2015.05.31 23:41:18.002,1.03124,1.03148,1.50,1.00
2015.05.31 23:41:18.233,1.03124,1.03146,1.00,1.00
2015.05.31 23:41:18.945,1.03124,1.03147,1.00,1.00
2015.05.31 23:41:19.453,1.03124,1.03146,1.00,1.00
2015.05.31 23:41:21.558,1.03124,1.03147,1.00,1.00
2015.05.31 23:41:27.492,1.03124,1.03146,1.00,1.00
2015.05.31 23:41:28.458,1.03124,1.03147,1.00,1.00
2015.05.31 23:41:29.565,1.03124,1.03146,1.00,1.00
2015.05.31 23:41:30.198,1.03124,1.03147,1.00,1.00
2015.05.31 23:41:30.702,1.03124,1.03146,1.00,1.00
2015.05.31 23:41:32.721,1.03124,1.03145,1.00,1.00
2015.05.31 23:41:32.843,1.03122,1.03146,1.00,1.00
2015.05.31 23:41:33.073,1.0312,1.03144,1.50,1.00
2015.05.31 23:41:55.026,1.03121,1.03145,1.00,1.00
2015.05.31 23:41:55.549,1.0312,1.03144,1.87,1.00
2015.05.31 23:41:55.914,1.03121,1.03145,1.37,1.00
2015.05.31 23:41:56.131,1.03121,1.03145,1.12,1.00
2015.05.31 23:41:57.988,1.0312,1.03144,1.50,1.00
2015.05.31 23:41:58.093,1.03124,1.03148,1.00,1.00
2015.05.31 23:42:16.620,1.03125,1.03149,1.00,1.50
2015.05.31 23:42:16.930,1.03127,1.03151,1.00,1.00
2015.05.31 23:42:22.646,1.03128,1.03152,1.00,1.50
2015.05.31 23:42:22.951,1.03131,1.03155,1.00,1.00
2015.05.31 23:42:23.256,1.03133,1.03156,1.00,1.00
2015.05.31 23:42:29.925,1.03134,1.03156,1.00,1.00
2015.05.31 23:42:38.915,1.03135,1.03157,1.00,1.00
2015.05.31 23:42:38.966,1.03135,1.03159,1.00,1.00
2015.05.31 23:42:58.083,1.03136,1.0316,1.00,1.00
2015.05.31 23:42:58.606,1.03135,1.03159,1.00,1.00
2015.05.31 23:43:06.011,1.03136,1.0316,1.00,1.00
2015.05.31 23:43:13.454,1.03138,1.03162,1.00,1.50
2015.05.31 23:43:18.878,1.03139,1.03162,1.00,1.00
2015.05.31 23:43:19.431,1.03139,1.03163,1.00,1.00
2015.05.31 23:43:25.229,1.03138,1.03162,1.00,1.00
2015.05.31 23:43:43.112,1.0314,1.03164,1.00,1.50
2015.05.31 23:43:45.230,1.0314,1.03164,1.00,1.87
2015.05.31 23:43:45.891,1.0314,1.03164,1.00,1.50
2015.05.31 23:44:04.983,1.03141,1.03165,1.00,1.00
2015.05.31 23:44:13.235,1.03141,1.03165,1.00,2.25
2015.05.31 23:44:13.540,1.03135,1.03145,1.00,1.00
2015.05.31 23:44:14.306,1.03118,1.03142,1.00,1.00
2015.05.31 23:44:14.621,1.0312,1.03144,1.00,1.00
2015.05.31 23:44:14.929,1.03126,1.0315,1.00,1.00
2015.05.31 23:44:31.605,1.03128,1.03152,1.00,1.50
2015.05.31 23:44:33.130,1.03129,1.03153,1.00,1.00
2015.05.31 23:44:33.435,1.03132,1.03156,1.37,1.00
2015.05.31 23:44:33.588,1.03134,1.03158,1.00,1.50
2015.05.31 23:44:34.096,1.03135,1.03159,1.00,1.00
2015.05.31 23:44:34.249,1.03137,1.03161,1.00,1.00
2015.05.31 23:44:36.633,1.03138,1.03161,1.00,1.00
2015.05.31 23:44:37.239,1.03139,1.03161,1.00,1.00
2015.05.31 23:44:38.205,1.03139,1.03162,1.00,1.00
2015.05.31 23:44:39.189,1.03139,1.03161,1.00,1.00
2015.05.31 23:44:39.921,1.0314,1.03164,1.00,1.00
2015.05.31 23:45:03.729,1.03142,1.03166,1.00,1.00
2015.05.31 23:45:17.348,1.03143,1.03167,1.00,1.00
2015.05.31 23:45:17.925,1.03144,1.03168,1.50,1.00
2015.05.31 23:45:21.123,1.03145,1.03169,1.00,1.00
2015.05.31 23:45:28.308,1.03146,1.0317,1.00,1.00
2015.05.31 23:45:39.193,1.03148,1.03172,1.00,1.50
2015.05.31 23:45:58.834,1.03149,1.03173,1.00,1.00
2015.05.31 23:45:59.355,1.0315,1.03174,1.00,1.00
2015.05.31 23:46:01.031,1.03154,1.03177,1.00,1.00
2015.05.31 23:46:01.844,1.03154,1.03178,1.00,1.00
2015.05.31 23:46:02.177,1.03154,1.03178,1.24,1.00
2015.05.31 23:46:02.279,1.03154,1.03178,1.15,1.00
2015.05.31 23:46:02.788,1.03157,1.03181,1.00,1.87
2015.05.31 23:46:02.890,1.03157,1.03181,1.13,1.87
2015.05.31 23:46:03.418,1.03157,1.03181,1.13,1.87
2015.05.31 23:46:04.410,1.03157,1.03181,1.13,1.87
2015.05.31 23:46:07.989,1.03157,1.03181,1.13,1.50
2015.05.31 23:46:09.695,1.03157,1.03181,1.00,1.50
2015.05.31 23:46:11.108,1.03157,1.03181,1.13,1.50
2015.05.31 23:46:18.947,1.03159,1.03183,1.13,1.00
2015.05.31 23:46:20.554,1.03159,1.03183,1.13,1.00
2015.05.31 23:46:20.657,1.03159,1.03183,1.00,1.00
2015.05.31 23:46:22.012,1.03159,1.03183,1.15,1.00
2015.05.31 23:46:22.317,1.03159,1.03183,1.00,1.37
2015.05.31 23:46:22.391,1.03159,1.03183,1.00,1.12
2015.05.31 23:46:22.493,1.03159,1.03183,1.00,1.37
2015.05.31 23:46:22.801,1.03158,1.03182,1.63,1.37
2015.05.31 23:46:22.852,1.03158,1.03182,1.50,1.37
2015.05.31 23:46:23.056,1.03159,1.03183,1.15,1.12
2015.05.31 23:46:23.260,1.03159,1.03183,1.17,1.12
2015.05.31 23:46:23.428,1.03159,1.03183,1.13,1.12
2015.05.31 23:46:23.530,1.03159,1.03183,1.00,1.12
2015.05.31 23:46:23.800,1.03159,1.03183,1.00,1.37
2015.05.31 23:46:24.130,1.03159,1.03183,1.13,1.37
2015.05.31 23:46:26.728,1.03159,1.03183,1.13,1.37
2015.05.31 23:46:26.932,1.03159,1.03183,1.00,1.37
2015.05.31 23:46:27.465,1.03159,1.03183,1.13,1.37
2015.05.31 23:46:34.137,1.03158,1.03181,1.00,1.37
2015.05.31 23:46:34.341,1.03157,1.03181,1.13,1.37
2015.05.31 23:46:34.860,1.03156,1.0318,1.63,1.12
2015.05.31 23:46:36.761,1.03158,1.03182,1.15,1.00
2015.05.31 23:46:37.067,1.03158,1.03182,1.13,1.00
2015.05.31 23:46:37.615,1.03159,1.03183,1.00,1.00
2015.05.31 23:46:37.870,1.03159,1.03183,1.13,1.00
2015.05.31 23:46:41.055,1.03159,1.03183,1.67,1.37
2015.05.31 23:46:45.480,1.03159,1.03183,1.67,1.00
2015.05.31 23:46:48.042,1.03159,1.03183,1.67,1.37
2015.05.31 23:46:48.094,1.03159,1.03183,1.13,1.00
2015.05.31 23:46:48.196,1.03159,1.03183,1.15,1.00
2015.05.31 23:46:48.299,1.03159,1.03183,1.00,1.00
2015.05.31 23:46:49.060,1.03159,1.03183,1.13,1.00
2015.05.31 23:46:52.973,1.03159,1.03183,1.54,1.00
2015.05.31 23:46:53.499,1.03159,1.03183,1.13,1.00
2015.05.31 23:46:58.802,1.0316,1.03184,1.13,1.87
2015.05.31 23:47:00.818,1.0316,1.03184,1.15,1.12
2015.05.31 23:47:01.125,1.03159,1.03183,1.00,1.37
2015.05.31 23:47:01.278,1.03159,1.03183,1.00,1.00
2015.05.31 23:47:01.511,1.03159,1.03183,1.13,1.00
2015.05.31 23:47:04.893,1.03159,1.03183,1.13,1.37
2015.05.31 23:47:05.399,1.03159,1.03183,1.13,1.37
2015.05.31 23:47:06.538,1.03159,1.03183,1.13,1.37
2015.05.31 23:47:06.592,1.03159,1.03183,1.00,1.37
2015.05.31 23:47:17.961,1.03159,1.03183,1.00,1.37
2015.05.31 23:47:20.836,1.03159,1.03183,1.13,1.37
2015.05.31 23:47:21.846,1.03159,1.03183,1.13,1.37
2015.05.31 23:47:21.947,1.03159,1.03183,1.00,1.37
2015.05.31 23:47:22.422,1.03159,1.03183,1.13,1.37
2015.05.31 23:47:22.759,1.03157,1.03181,1.50,1.37
2015.05.31 23:47:22.862,1.03157,1.0318,1.00,1.37
2015.05.31 23:47:23.526,1.03157,1.0318,1.15,1.37
2015.05.31 23:47:24.076,1.03157,1.0318,1.13,1.37
2015.05.31 23:47:24.614,1.03157,1.0318,1.13,1.37
2015.05.31 23:47:25.122,1.03158,1.03182,1.00,1.50
2015.05.31 23:47:26.574,1.03158,1.03182,1.13,1.37
2015.05.31 23:47:27.083,1.03157,1.03181,2.02,1.37
2015.05.31 23:47:27.134,1.03157,1.03181,1.50,1.37
2015.05.31 23:47:27.670,1.03157,1.03181,1.63,1.50
2015.05.31 23:47:27.873,1.03157,1.0318,1.00,1.37
2015.05.31 23:47:27.975,1.03154,1.03178,1.00,1.37
2015.05.31 23:47:28.128,1.03154,1.03178,1.00,1.37
2015.05.31 23:47:28.484,1.03154,1.03178,1.00,1.37
2015.05.31 23:47:29.003,1.03154,1.03178,1.00,1.37
2015.05.31 23:47:30.995,1.03154,1.03178,1.00,1.37
2015.05.31 23:47:32.597,1.03155,1.03179,1.00,1.37
2015.05.31 23:47:36.322,1.03154,1.03178,1.00,1.37
2015.05.31 23:47:36.831,1.03153,1.03177,1.50,1.37
2015.05.31 23:47:40.824,1.03153,1.03177,1.50,1.00
2015.05.31 23:47:41.470,1.03154,1.03178,1.00,1.37
2015.05.31 23:47:49.706,1.03153,1.03177,1.50,1.12
2015.05.31 23:47:49.858,1.03153,1.03177,1.50,1.37
2015.05.31 23:47:59.571,1.03153,1.03177,1.50,1.12
2015.05.31 23:48:02.289,1.03152,1.03176,1.50,1.00
2015.05.31 23:48:02.805,1.03152,1.03176,1.50,1.37
2015.05.31 23:48:03.010,1.03152,1.03176,1.50,1.37
2015.05.31 23:48:07.243,1.03152,1.03173,1.00,1.37
2015.05.31 23:48:17.924,1.03152,1.03172,1.00,1.12
2015.05.31 23:48:18.027,1.03148,1.03172,1.50,1.37
2015.05.31 23:48:18.231,1.03148,1.03171,1.00,1.37
2015.05.31 23:48:21.123,1.03143,1.03167,1.50,1.12
2015.05.31 23:48:21.478,1.03145,1.03169,1.00,1.37
2015.05.31 23:48:21.682,1.03143,1.03166,1.00,1.12
2015.05.31 23:48:22.221,1.03143,1.03165,1.00,1.00
2015.05.31 23:48:22.888,1.03144,1.03168,1.00,1.37
2015.05.31 23:48:23.430,1.03144,1.03168,1.00,1.37
2015.05.31 23:48:26.132,1.03143,1.03167,1.50,1.12
2015.05.31 23:48:30.573,1.03143,1.03165,1.00,1.00
2015.05.31 23:48:33.685,1.03143,1.03164,1.00,1.00
2015.05.31 23:48:40.775,1.03142,1.03164,1.00,1.00
2015.05.31 23:48:40.838,1.0314,1.03164,1.50,1.00
2015.05.31 23:48:41.938,1.03141,1.03165,1.00,1.00
2015.05.31 23:48:42.470,1.03142,1.03166,1.00,1.00
2015.05.31 23:48:42.521,1.0314,1.03164,1.50,1.00
2015.05.31 23:48:43.159,1.0314,1.03163,1.00,1.00
2015.05.31 23:48:48.419,1.03141,1.03165,1.00,1.00
2015.05.31 23:48:50.395,1.0314,1.03164,1.50,1.00
2015.05.31 23:49:11.685,1.03141,1.03165,1.00,1.00
2015.05.31 23:49:15.462,1.0314,1.03164,1.00,1.00
2015.05.31 23:49:16.662,1.03141,1.03165,1.00,1.00
2015.05.31 23:49:18.686,1.0314,1.03164,1.00,1.00
2015.05.31 23:49:27.439,1.03139,1.03163,1.50,1.00
2015.05.31 23:49:31.824,1.0314,1.03164,1.00,1.12
2015.05.31 23:49:35.600,1.03139,1.03163,1.50,1.00
2015.05.31 23:49:36.785,1.0314,1.03164,1.00,1.00
2015.05.31 23:49:47.449,1.03139,1.03163,1.00,1.12
2015.05.31 23:49:47.652,1.03139,1.03163,1.00,1.37
2015.05.31 23:49:48.570,1.03139,1.03163,1.00,1.37
2015.05.31 23:49:51.355,1.03139,1.03163,1.00,1.37
2015.05.31 23:49:51.462,1.03139,1.03163,1.00,1.37
2015.05.31 23:49:51.993,1.03139,1.03163,1.00,1.00
2015.05.31 23:50:01.107,1.0314,1.03164,1.00,1.00
2015.05.31 23:50:07.238,1.0314,1.03164,1.00,1.37
2015.05.31 23:50:07.390,1.03139,1.03163,1.00,1.37
2015.05.31 23:50:08.702,1.03139,1.03163,1.00,1.00
2015.05.31 23:50:18.818,1.03138,1.03162,1.00,1.00
2015.05.31 23:50:20.783,1.03138,1.03162,1.00,1.37
2015.05.31 23:50:21.293,1.03138,1.03162,1.00,1.00
2015.05.31 23:50:21.959,1.03138,1.03162,1.00,1.37
2015.05.31 23:50:22.568,1.03138,1.03162,1.00,1.37
2015.05.31 23:50:23.104,1.03138,1.03162,1.00,1.00
2015.05.31 23:50:23.409,1.03138,1.03162,1.00,1.37
2015.05.31 23:50:23.713,1.03138,1.03162,1.00,1.50
2015.05.31 23:50:24.109,1.03138,1.03162,1.00,1.37
2015.05.31 23:50:24.702,1.03138,1.03162,1.00,1.37
2015.05.31 23:50:26.425,1.03138,1.03162,1.00,1.37
2015.05.31 23:50:26.527,1.03138,1.03162,1.00,1.37
2015.05.31 23:50:28.515,1.03138,1.03162,1.00,1.37
2015.05.31 23:50:28.840,1.03138,1.03162,1.00,1.50
2015.05.31 23:50:29.024,1.03138,1.03162,1.00,1.37
2015.05.31 23:50:29.227,1.03138,1.03162,1.00,1.37
2015.05.31 23:50:29.329,1.03138,1.03162,1.00,1.50
2015.05.31 23:50:29.833,1.03138,1.03162,1.00,1.37
2015.05.31 23:50:32.751,1.03138,1.03162,1.00,1.12
2015.05.31 23:50:33.026,1.03138,1.03162,1.00,1.37
2015.05.31 23:50:33.640,1.03138,1.03162,1.00,1.37
2015.05.31 23:50:34.732,1.03138,1.03162,1.00,1.37
2015.05.31 23:50:36.683,1.03138,1.03162,1.00,1.37
2015.05.31 23:50:36.735,1.03138,1.03162,1.00,1.37
2015.05.31 23:50:38.542,1.03138,1.03162,1.00,1.37
2015.05.31 23:50:48.993,1.03137,1.03161,1.00,1.37
2015.05.31 23:50:55.810,1.03138,1.03162,1.00,1.37
2015.05.31 23:50:58.516,1.03138,1.03162,1.00,1.12
2015.05.31 23:51:18.211,1.03137,1.03161,1.00,1.00
2015.05.31 23:51:26.001,1.03138,1.03162,1.00,1.12
2015.05.31 23:51:37.690,1.03141,1.03162,1.00,1.00
2015.05.31 23:51:37.995,1.03147,1.03171,1.00,1.50
2015.05.31 23:51:38.795,1.03147,1.03171,1.00,1.87
2015.05.31 23:51:38.899,1.03147,1.03171,1.00,1.87
2015.05.31 23:51:39.306,1.03147,1.03171,1.00,1.87
2015.05.31 23:51:39.408,1.03147,1.03171,1.00,1.50
2015.05.31 23:51:39.714,1.03151,1.03171,1.00,1.00
2015.05.31 23:51:39.816,1.03148,1.03171,1.00,1.00
2015.05.31 23:51:40.093,1.03151,1.03171,1.00,1.00
2015.05.31 23:51:40.608,1.03149,1.03171,1.00,1.00
2015.05.31 23:51:40.710,1.03151,1.03171,1.00,1.50
2015.05.31 23:51:40.913,1.03148,1.03171,1.00,1.50
2015.05.31 23:51:41.585,1.03148,1.03171,1.00,1.37
2015.05.31 23:51:41.638,1.0315,1.03171,1.00,1.37
2015.05.31 23:51:42.147,1.03151,1.03175,1.00,1.75
2015.05.31 23:51:42.881,1.0315,1.03174,1.00,1.75
2015.05.31 23:51:43.902,1.0315,1.03174,1.00,1.75
2015.05.31 23:51:44.207,1.0315,1.03174,1.00,1.75
2015.05.31 23:51:49.408,1.03156,1.03176,1.00,1.50
2015.05.31 23:51:49.814,1.03157,1.03176,1.00,1.50
2015.05.31 23:51:49.954,1.03157,1.03176,1.00,1.00
2015.05.31 23:51:50.491,1.03157,1.03175,1.00,1.00
2015.05.31 23:51:52.663,1.03157,1.03175,1.00,1.37
2015.05.31 23:51:53.463,1.03157,1.03175,1.00,1.00
2015.05.31 23:51:55.366,1.03157,1.03175,1.00,1.37
2015.05.31 23:51:56.009,1.03158,1.03175,1.00,1.37
2015.05.31 23:52:00.148,1.03157,1.03175,1.00,1.12
2015.05.31 23:52:00.691,1.03156,1.03176,1.00,1.37
2015.05.31 23:52:00.793,1.03156,1.03176,1.00,1.37
2015.05.31 23:52:01.098,1.03156,1.03176,1.00,1.37
2015.05.31 23:52:01.150,1.03156,1.03176,1.00,1.37
2015.05.31 23:52:02.035,1.03157,1.03177,1.00,1.37
2015.05.31 23:52:04.203,1.03157,1.03176,1.00,1.37
2015.05.31 23:52:04.305,1.03158,1.03176,1.00,1.00
2015.05.31 23:52:04.407,1.03157,1.03179,1.00,1.50
2015.05.31 23:52:04.509,1.03159,1.03183,1.00,1.50
2015.05.31 23:52:05.035,1.03158,1.03182,1.00,1.50
2015.05.31 23:52:05.595,1.03158,1.03182,1.00,2.25
2015.05.31 23:52:13.533,1.03158,1.03182,1.00,1.87
2015.05.31 23:52:13.635,1.03158,1.03182,1.00,2.25
2015.05.31 23:52:15.312,1.03158,1.03182,1.00,1.87
2015.05.31 23:52:17.906,1.03158,1.03181,1.00,1.75
2015.05.31 23:52:21.126,1.03157,1.03181,1.50,1.75
2015.05.31 23:52:28.274,1.03158,1.03182,1.00,2.25
2015.05.31 23:52:35.177,1.03158,1.03182,1.00,1.75
2015.05.31 23:52:36.156,1.03158,1.03182,1.00,1.75
2015.05.31 23:52:47.588,1.03158,1.03182,1.00,1.87
2015.05.31 23:52:47.690,1.03158,1.03182,1.00,2.25
2015.05.31 23:52:50.624,1.03158,1.03182,1.00,2.25
2015.05.31 23:52:54.186,1.03158,1.03182,1.00,2.25
2015.05.31 23:52:56.903,1.03158,1.03182,1.00,1.75
2015.05.31 23:53:00.997,1.03158,1.03182,1.00,1.37
2015.05.31 23:53:01.504,1.03158,1.03182,1.00,1.37
2015.05.31 23:53:02.715,1.03158,1.03182,1.00,1.37
2015.05.31 23:53:04.034,1.03158,1.03182,1.00,1.00
2015.05.31 23:53:04.136,1.03158,1.03182,1.00,1.37
2015.05.31 23:53:04.773,1.03158,1.03182,1.00,1.37
2015.05.31 23:53:07.135,1.03158,1.03182,1.00,1.37
2015.05.31 23:53:07.441,1.03158,1.03182,1.00,1.75
2015.05.31 23:53:07.644,1.03158,1.03181,1.00,1.37
2015.05.31 23:53:07.746,1.03159,1.03181,1.00,1.50
2015.05.31 23:53:08.253,1.03159,1.03183,1.00,1.75
2015.05.31 23:53:08.915,1.03159,1.03183,1.00,1.37
2015.05.31 23:53:09.017,1.03159,1.03183,1.00,1.87
2015.05.31 23:53:09.119,1.03159,1.03183,1.00,1.37
2015.05.31 23:53:15.627,1.03159,1.03183,1.00,1.75
2015.05.31 23:53:16.168,1.03158,1.03182,1.00,1.75
2015.05.31 23:53:16.689,1.03159,1.03183,1.00,1.75
2015.05.31 23:53:17.269,1.03159,1.03183,1.00,1.75
2015.05.31 23:53:22.377,1.03159,1.03183,1.00,1.50
2015.05.31 23:53:33.738,1.03158,1.03182,1.00,1.37
2015.05.31 23:53:34.859,1.03159,1.03183,1.00,1.50
2015.05.31 23:53:35.488,1.03158,1.03182,1.00,1.37
2015.05.31 23:53:37.147,1.03159,1.03183,1.00,1.50
2015.05.31 23:53:37.654,1.03159,1.03183,1.00,1.75
2015.05.31 23:53:38.160,1.03158,1.03182,1.00,1.50
2015.05.31 23:53:39.066,1.03158,1.03182,1.00,1.75
2015.05.31 23:53:39.269,1.03158,1.03182,1.00,1.37
2015.05.31 23:53:39.574,1.0316,1.03184,1.00,1.00
2015.05.31 23:53:41.072,1.0316,1.03184,1.00,1.75
2015.05.31 23:53:43.101,1.0316,1.03184,1.00,1.37
2015.05.31 23:53:50.390,1.0316,1.03184,1.00,1.50
2015.05.31 23:53:51.292,1.0316,1.03184,1.00,1.00
2015.05.31 23:53:51.394,1.0316,1.03184,1.00,1.50
2015.05.31 23:53:52.938,1.0316,1.03184,1.00,1.37
2015.05.31 23:53:55.532,1.0316,1.03184,1.00,1.37
2015.05.31 23:54:00.498,1.03159,1.03183,1.00,1.37
2015.05.31 23:54:00.742,1.03159,1.03183,1.00,1.12
2015.05.31 23:54:00.897,1.03161,1.03185,1.00,1.37
2015.05.31 23:54:01.052,1.03162,1.03186,1.00,1.50
2015.05.31 23:54:01.358,1.0316,1.03184,1.00,1.00
2015.05.31 23:54:01.695,1.03162,1.03186,1.00,1.50
2015.05.31 23:54:02.103,1.0316,1.03184,1.00,1.00
2015.05.31 23:54:02.612,1.03159,1.03183,1.00,1.00
2015.05.31 23:54:03.221,1.03159,1.03183,1.00,1.37
2015.05.31 23:54:03.744,1.0316,1.03184,1.00,1.37
2015.05.31 23:54:07.623,1.0316,1.03184,1.00,1.50
2015.05.31 23:54:08.953,1.0316,1.03184,1.00,1.37
2015.05.31 23:54:10.362,1.0316,1.03184,1.00,1.50
2015.05.31 23:54:11.328,1.0316,1.03184,1.00,1.37
2015.05.31 23:54:13.668,1.0316,1.03184,1.00,1.75
2015.05.31 23:54:14.201,1.0316,1.03184,1.00,1.75
2015.05.31 23:54:16.273,1.0316,1.03184,1.00,1.75
2015.05.31 23:54:20.857,1.0316,1.03184,1.00,1.75
2015.05.31 23:54:21.390,1.0316,1.03184,1.00,1.75
2015.05.31 23:54:23.814,1.03159,1.03183,1.00,1.75
2015.05.31 23:54:24.322,1.0316,1.03184,1.00,1.75
2015.05.31 23:54:26.680,1.0316,1.03184,1.00,1.75
2015.05.31 23:54:27.224,1.0316,1.03184,1.00,1.75
2015.05.31 23:54:27.736,1.0316,1.03184,1.00,1.75
2015.05.31 23:54:31.696,1.0316,1.03184,1.00,1.75
2015.05.31 23:54:33.847,1.0316,1.03184,1.00,1.75
2015.05.31 23:54:37.826,1.03159,1.03183,1.00,1.75
2015.05.31 23:54:38.369,1.0316,1.03184,1.00,1.75
2015.05.31 23:54:39.151,1.0316,1.03184,1.00,1.75
2015.05.31 23:54:40.355,1.03157,1.03181,1.50,1.37
2015.05.31 23:54:40.785,1.03161,1.03185,1.00,2.25
2015.05.31 23:54:41.292,1.0316,1.03184,1.00,2.25
2015.05.31 23:54:41.839,1.0316,1.03184,1.00,2.25
2015.05.31 23:54:41.891,1.0316,1.03184,1.00,1.50
2015.05.31 23:54:41.992,1.03158,1.03182,1.00,1.75
2015.05.31 23:54:42.297,1.0316,1.03184,1.00,2.25
2015.05.31 23:54:42.760,1.03158,1.03182,1.00,1.75
2015.05.31 23:54:42.863,1.0316,1.03184,1.00,2.25
2015.05.31 23:54:46.090,1.0316,1.03184,1.00,2.25
2015.05.31 23:54:48.058,1.0316,1.03184,1.00,2.25
2015.05.31 23:54:55.004,1.0316,1.03184,1.00,2.25
2015.05.31 23:54:55.309,1.03159,1.03183,1.00,1.75
2015.05.31 23:54:55.360,1.03157,1.03181,1.00,1.75
2015.05.31 23:54:55.411,1.03157,1.03181,1.00,1.00
2015.05.31 23:54:56.557,1.03157,1.03181,1.00,1.37
2015.05.31 23:54:56.863,1.03157,1.03181,1.00,1.75
2015.05.31 23:54:58.731,1.03157,1.03181,1.00,1.75
2015.05.31 23:54:58.934,1.03155,1.03179,1.50,1.50
2015.05.31 23:54:59.036,1.03155,1.03179,1.00,1.75
2015.05.31 23:54:59.262,1.03155,1.03179,1.00,1.50
2015.05.31 23:55:00.164,1.03155,1.03179,1.00,1.75
2015.05.31 23:55:00.266,1.03155,1.03179,1.00,1.50
2015.05.31 23:55:00.368,1.03155,1.03179,1.00,1.75
2015.05.31 23:55:00.833,1.03155,1.03179,1.00,1.50
2015.05.31 23:55:01.054,1.03155,1.03179,1.00,1.75
2015.05.31 23:55:01.378,1.03155,1.03179,1.00,1.50
2015.05.31 23:55:01.480,1.03155,1.03179,1.00,1.75
2015.05.31 23:55:02.679,1.03155,1.03179,1.00,1.37
2015.05.31 23:55:02.782,1.03155,1.03179,1.00,1.37
2015.05.31 23:55:03.325,1.03155,1.03179,1.00,1.00
2015.05.31 23:55:03.886,1.03156,1.0318,1.00,1.12
2015.05.31 23:55:04.300,1.03155,1.03179,1.00,1.37
2015.05.31 23:55:04.830,1.03154,1.03178,1.50,1.12
2015.05.31 23:55:05.350,1.03155,1.03179,1.00,1.00
2015.05.31 23:55:06.136,1.03154,1.03177,1.00,1.00
2015.05.31 23:55:06.440,1.03154,1.03177,1.00,1.75
2015.05.31 23:55:07.584,1.03154,1.03177,1.00,1.75
2015.05.31 23:55:08.872,1.03154,1.03177,1.00,1.12
2015.05.31 23:55:09.386,1.03155,1.03179,1.00,1.37
2015.05.31 23:55:09.895,1.03155,1.03179,1.00,1.00
2015.05.31 23:55:10.352,1.03157,1.03181,1.00,1.00
2015.05.31 23:55:10.889,1.03156,1.0318,1.00,1.00
2015.05.31 23:55:13.706,1.03156,1.0318,1.00,1.75
2015.05.31 23:55:14.220,1.03156,1.0318,1.00,1.75
2015.05.31 23:55:15.424,1.03155,1.03179,1.00,1.75
2015.05.31 23:55:15.956,1.03156,1.0318,1.00,1.75
2015.05.31 23:55:17.977,1.03155,1.03179,1.00,1.75
2015.05.31 23:55:18.496,1.03155,1.03179,1.00,1.00
2015.05.31 23:55:19.078,1.03156,1.0318,1.00,1.00
2015.05.31 23:55:19.596,1.03155,1.03179,1.00,1.00
2015.05.31 23:55:20.121,1.03156,1.0318,1.00,1.00
2015.05.31 23:55:20.718,1.03156,1.0318,1.00,1.37
2015.05.31 23:55:22.109,1.03156,1.0318,1.00,1.12
2015.05.31 23:55:25.127,1.03156,1.0318,1.00,1.75
2015.05.31 23:55:25.229,1.03156,1.0318,1.00,1.37
2015.05.31 23:55:26.140,1.03156,1.0318,1.00,1.75
2015.05.31 23:55:26.242,1.03156,1.0318,1.00,1.00
2015.05.31 23:55:31.247,1.03156,1.0318,1.00,1.75
2015.05.31 23:55:31.349,1.03156,1.0318,1.00,1.00
2015.05.31 23:55:32.291,1.03156,1.0318,1.00,1.50
2015.05.31 23:55:32.394,1.03156,1.0318,1.00,1.00
2015.05.31 23:55:33.078,1.03157,1.03181,1.00,1.00
2015.05.31 23:55:33.747,1.03157,1.03181,1.00,1.75
2015.05.31 23:55:33.849,1.03157,1.03181,1.00,1.00
2015.05.31 23:55:34.377,1.03156,1.0318,1.00,1.00
2015.05.31 23:55:41.107,1.03155,1.03179,1.00,1.37
2015.05.31 23:55:44.100,1.03155,1.03179,1.00,1.00
2015.05.31 23:55:44.201,1.03155,1.03179,1.00,1.37
2015.05.31 23:55:45.214,1.03155,1.03179,1.00,1.00
2015.05.31 23:55:45.316,1.03155,1.03179,1.00,1.37
2015.05.31 23:55:46.004,1.03155,1.03179,1.00,1.00
2015.05.31 23:55:46.106,1.03155,1.03179,1.00,1.37
2015.05.31 23:55:46.615,1.03155,1.03179,1.00,1.50
2015.05.31 23:55:47.303,1.03155,1.03179,1.00,1.37
2015.05.31 23:55:47.925,1.03154,1.03178,1.50,1.75
2015.05.31 23:55:48.130,1.03154,1.03178,1.50,1.00
2015.05.31 23:55:48.677,1.03154,1.03177,1.00,1.00
2015.05.31 23:55:50.133,1.03154,1.03177,1.00,1.75
2015.05.31 23:55:50.235,1.03154,1.03177,1.00,1.37
2015.05.31 23:55:50.337,1.03154,1.03177,1.00,1.37
2015.05.31 23:55:50.439,1.03154,1.03177,1.00,1.00
2015.05.31 23:55:50.946,1.03154,1.03178,1.50,1.00
2015.05.31 23:55:52.240,1.03154,1.03178,1.50,1.37
2015.05.31 23:55:54.151,1.03154,1.03178,1.50,1.75
2015.05.31 23:55:54.458,1.03154,1.03177,1.00,1.75
2015.05.31 23:55:54.993,1.03154,1.03177,1.00,1.75
2015.05.31 23:55:58.958,1.03154,1.03177,1.00,1.50
2015.05.31 23:55:59.767,1.03154,1.03178,1.50,1.50
2015.05.31 23:56:00.275,1.03154,1.03178,1.50,1.37
2015.05.31 23:56:00.377,1.03154,1.03178,1.50,1.37
2015.05.31 23:56:00.951,1.03155,1.03179,1.00,1.37
2015.05.31 23:56:04.255,1.03154,1.03178,1.00,1.37
2015.05.31 23:56:05.093,1.03154,1.03178,1.00,1.37
2015.05.31 23:56:17.831,1.03154,1.03178,1.00,1.37
2015.05.31 23:56:22.352,1.03156,1.0318,1.00,1.75
2015.05.31 23:56:22.505,1.03154,1.03178,1.00,1.37
2015.05.31 23:56:23.135,1.03155,1.03179,1.00,1.50
2015.05.31 23:56:23.643,1.03156,1.0318,1.00,1.50
2015.05.31 23:56:24.291,1.03155,1.03179,1.00,1.37
2015.05.31 23:56:24.950,1.03156,1.0318,1.00,1.50
2015.05.31 23:56:26.554,1.03155,1.03179,1.00,1.37
2015.05.31 23:56:29.597,1.03156,1.0318,1.00,1.50
2015.05.31 23:56:30.587,1.03155,1.03179,1.00,1.37
2015.05.31 23:56:32.413,1.03156,1.0318,1.00,1.50
2015.05.31 23:56:34.294,1.03155,1.03179,1.00,1.37
2015.05.31 23:56:34.809,1.03156,1.0318,1.00,1.50
2015.05.31 23:56:44.896,1.03156,1.0318,1.00,1.37
2015.05.31 23:56:45.841,1.03156,1.0318,1.00,1.37
2015.05.31 23:56:53.274,1.03157,1.03181,1.00,1.37
2015.05.31 23:56:55.013,1.03157,1.03181,1.00,1.50
2015.05.31 23:56:58.550,1.03156,1.0318,1.00,1.37
2015.05.31 23:56:59.053,1.03157,1.03181,1.00,1.50
2015.05.31 23:56:59.649,1.03156,1.0318,1.00,1.37
2015.05.31 23:57:00.155,1.03157,1.03181,1.00,1.50
2015.05.31 23:57:00.689,1.03156,1.0318,1.00,1.37
2015.05.31 23:57:01.348,1.03156,1.0318,1.00,1.37
2015.05.31 23:57:01.450,1.03156,1.0318,1.00,1.00
2015.05.31 23:57:01.653,1.03157,1.03181,1.00,1.37
2015.05.31 23:57:01.958,1.03156,1.0318,1.00,1.37
2015.05.31 23:57:02.059,1.03156,1.0318,1.00,1.00
2015.05.31 23:57:02.566,1.03155,1.03179,1.50,1.00
2015.05.31 23:57:03.051,1.03155,1.03179,1.50,1.75
2015.05.31 23:57:03.894,1.03155,1.03176,1.00,1.00
2015.05.31 23:57:04.607,1.03155,1.03176,1.00,1.75
2015.05.31 23:57:05.126,1.03155,1.03176,1.00,1.75
2015.05.31 23:57:08.899,1.03155,1.03176,1.00,1.37
2015.05.31 23:57:11.571,1.03155,1.03179,1.50,1.37
2015.05.31 23:57:18.102,1.03156,1.0318,1.00,1.00
2015.05.31 23:57:18.205,1.03156,1.0318,1.00,1.37
2015.05.31 23:57:18.794,1.03155,1.03179,1.50,1.37
2015.05.31 23:57:20.677,1.03156,1.0318,1.00,1.37
2015.05.31 23:57:22.987,1.03156,1.0318,1.00,1.50
2015.05.31 23:57:23.536,1.03156,1.0318,1.00,1.37
2015.05.31 23:57:24.537,1.03157,1.03181,1.00,1.50
2015.05.31 23:57:27.642,1.03157,1.03181,1.00,1.37
2015.05.31 23:57:27.693,1.03157,1.03181,1.00,1.00
2015.05.31 23:57:27.795,1.03157,1.03181,1.00,1.37
2015.05.31 23:57:28.616,1.03156,1.0318,1.00,1.37
2015.05.31 23:57:29.226,1.03156,1.0318,1.00,1.37
2015.05.31 23:57:29.531,1.03156,1.0318,1.00,1.75
2015.05.31 23:57:30.729,1.03155,1.03179,1.00,1.50
2015.05.31 23:57:37.334,1.03156,1.0318,1.00,1.75
2015.05.31 23:57:37.835,1.03156,1.0318,1.00,1.50
2015.05.31 23:57:39.416,1.03156,1.0318,1.00,1.75
2015.05.31 23:57:40.655,1.03156,1.0318,1.00,1.00
2015.05.31 23:57:40.757,1.03156,1.0318,1.00,1.75
2015.05.31 23:57:44.047,1.03155,1.03179,1.00,1.37
2015.05.31 23:57:44.578,1.03156,1.0318,1.00,1.50
2015.05.31 23:57:46.195,1.03155,1.03179,1.00,1.37
2015.05.31 23:57:46.842,1.03156,1.0318,1.00,1.50
2015.05.31 23:57:47.348,1.03155,1.03179,1.00,1.37
2015.05.31 23:57:48.168,1.03156,1.0318,1.00,1.50
2015.05.31 23:57:49.132,1.03156,1.0318,1.00,1.75
2015.05.31 23:57:54.267,1.03156,1.0318,1.00,1.75
2015.05.31 23:57:54.774,1.03156,1.0318,1.00,1.75
2015.05.31 23:57:56.788,1.03156,1.0318,1.00,1.75
2015.05.31 23:57:57.458,1.03156,1.0318,1.00,1.75
2015.05.31 23:57:58.750,1.03156,1.0318,1.00,1.75
2015.05.31 23:57:59.859,1.03156,1.0318,1.00,1.75
2015.05.31 23:58:00.885,1.03156,1.0318,1.00,1.75
2015.05.31 23:58:01.410,1.03156,1.0318,1.00,1.75
2015.05.31 23:58:01.558,1.03156,1.0318,1.00,1.50
2015.05.31 23:58:06.591,1.03156,1.0318,1.00,1.75
2015.05.31 23:58:08.176,1.03156,1.0318,1.00,1.75
2015.05.31 23:58:09.279,1.03156,1.0318,1.00,1.75
2015.05.31 23:58:09.810,1.03155,1.03179,1.00,1.75
2015.05.31 23:58:11.513,1.03155,1.03179,1.00,1.37
2015.05.31 23:58:11.615,1.03156,1.0318,1.00,1.50
2015.05.31 23:58:11.744,1.03156,1.0318,1.00,1.37
2015.05.31 23:58:11.897,1.03156,1.0318,1.00,1.00
2015.05.31 23:58:16.945,1.03155,1.03179,1.00,1.00
2015.05.31 23:58:29.070,1.03156,1.0318,1.00,1.00
2015.05.31 23:58:30.424,1.03156,1.0318,1.00,1.75
2015.05.31 23:58:30.934,1.03155,1.03179,1.00,1.75
2015.05.31 23:58:31.036,1.03155,1.03179,1.00,1.37
2015.05.31 23:58:31.542,1.03155,1.03179,1.00,1.37
2015.05.31 23:58:31.745,1.03155,1.03179,1.00,1.12
2015.05.31 23:58:33.052,1.03155,1.03179,1.00,1.37
2015.05.31 23:58:41.374,1.03156,1.0318,1.00,1.37
2015.05.31 23:58:41.903,1.03157,1.03181,1.00,1.37
2015.05.31 23:58:42.421,1.03158,1.03182,1.00,1.87
2015.05.31 23:58:42.958,1.03157,1.03181,1.00,1.37
2015.05.31 23:58:45.004,1.03156,1.0318,1.00,1.37
2015.05.31 23:58:48.452,1.03156,1.0318,1.00,1.37
2015.05.31 23:58:49.768,1.03156,1.0318,1.00,1.37
2015.05.31 23:58:55.791,1.03156,1.0318,1.00,1.12
2015.05.31 23:58:58.347,1.03155,1.03179,1.00,1.00
2015.05.31 23:59:00.413,1.03156,1.0318,1.00,1.12
2015.05.31 23:59:00.937,1.03156,1.0318,1.00,1.37
2015.05.31 23:59:10.514,1.03157,1.03181,1.00,1.37
2015.05.31 23:59:11.746,1.03157,1.03181,1.15,1.37
2015.05.31 23:59:11.899,1.03157,1.03181,1.00,1.37
2015.05.31 23:59:12.001,1.03157,1.03181,1.13,1.37
2015.05.31 23:59:12.103,1.03157,1.03181,1.00,1.37
2015.05.31 23:59:12.705,1.03157,1.03181,1.13,1.37
2015.05.31 23:59:12.807,1.03157,1.03181,1.00,1.37
2015.05.31 23:59:14.708,1.03157,1.03181,1.67,1.37
2015.05.31 23:59:14.912,1.03157,1.03181,1.00,1.37
2015.05.31 23:59:15.014,1.03158,1.03182,1.13,1.37
2015.05.31 23:59:15.217,1.03158,1.03182,1.00,1.37
2015.05.31 23:59:15.712,1.03158,1.03182,1.13,1.37
2015.05.31 23:59:16.236,1.03158,1.03182,1.13,1.37
2015.05.31 23:59:29.321,1.03159,1.03183,1.13,1.37
2015.05.31 23:59:38.562,1.03159,1.03183,1.13,1.37
2015.05.31 23:59:38.664,1.03159,1.03183,1.00,1.37
2015.05.31 23:59:39.178,1.0316,1.03184,1.00,1.37
2015.05.31 23:59:39.813,1.0316,1.03184,1.13,1.37
2015.05.31 23:59:39.966,1.0316,1.03184,1.00,1.37
2015.05.31 23:59:40.151,1.0316,1.03184,1.00,1.12
2015.05.31 23:59:40.712,1.0316,1.03184,1.00,1.37
2015.05.31 23:59:41.713,1.03161,1.03185,1.00,1.37
2015.05.31 23:59:44.575,1.03161,1.03185,1.00,1.00
2015.05.31 23:59:45.145,1.0316,1.03184,1.50,1.00
2015.05.31 23:59:45.197,1.0316,1.03184,1.63,1.00
2015.05.31 23:59:45.299,1.0316,1.03184,1.50,1.00
2015.05.31 23:59:45.909,1.0316,1.03184,1.63,1.00
2015.05.31 23:59:46.673,1.0316,1.03184,1.50,1.00
2015.05.31 23:59:47.094,1.0316,1.03184,1.63,1.75
2015.05.31 23:59:47.872,1.0316,1.03184,2.17,1.75
2015.05.31 23:59:48.496,1.0316,1.03184,2.17,1.75
2015.05.31 23:59:49.941,1.0316,1.03182,1.13,1.37
2015.05.31 23:59:52.181,1.0316,1.03182,1.00,1.37
2015.05.31 23:59:56.391,1.0316,1.03182,1.00,1.50
2015.05.31 23:59:58.500,1.0316,1.03181,1.00,1.37
2015.05.31 23:59:58.893,1.03157,1.03181,1.00,1.37
2015.05.31 23:59:58.996,1.03157,1.03181,1.00,1.50
