2008.05.14 12:00:10.109,1.6309,1.6311,0.20,0.30
2008.05.14 12:00:21.646,1.63095,1.63115,0.20,0.70
2008.05.14 12:00:22.802,1.63095,1.63115,0.20,0.50
2008.05.14 12:00:30.459,1.631,1.63115,0.20,0.20
2008.05.14 12:00:30.472,1.631,1.6312,0.20,0.50
2008.05.14 12:00:30.844,1.631,1.6312,0.20,0.30
2008.05.14 12:00:35.665,1.6309,1.6311,7.30,0.30
2008.05.14 12:00:35.888,1.6309,1.6311,0.20,0.30
2008.05.14 12:00:36.680,1.63095,1.63115,0.20,0.50
2008.05.14 12:00:36.728,1.63095,1.63115,0.20,0.30
2008.05.14 12:00:37.483,1.631,1.6312,0.20,0.30
2008.05.14 12:00:51.822,1.631,1.6312,1.70,0.30
2008.05.14 12:00:52.118,1.631,1.6312,0.20,0.30
2008.05.14 12:01:07.385,1.63095,1.63115,0.60,0.30
2008.05.14 12:01:07.969,1.63095,1.63115,0.20,0.50
2008.05.14 12:01:08.760,1.631,1.63115,0.20,0.20
2008.05.14 12:01:08.859,1.631,1.6312,0.20,0.30
2008.05.14 12:01:22.693,1.63105,1.63125,0.20,0.50
2008.05.14 12:01:30.041,1.631,1.6312,0.20,0.30
2008.05.14 12:01:32.914,1.63105,1.6312,0.40,0.30
2008.05.14 12:01:33.106,1.63105,1.63125,0.60,0.30
2008.05.14 12:01:44.861,1.63105,1.6312,0.40,0.30
2008.05.14 12:01:44.979,1.631,1.6312,4.10,0.30
2008.05.14 12:01:45.079,1.631,1.6312,0.20,0.30
2008.05.14 12:02:43.634,1.63105,1.63125,0.20,0.70
2008.05.14 12:02:44.197,1.631,1.6312,0.20,0.30
2008.05.14 12:02:44.571,1.631,1.6312,0.20,0.50
2008.05.14 12:02:45.197,1.63105,1.6312,0.20,0.40
2008.05.14 12:02:45.736,1.63105,1.63125,0.20,0.70
2008.05.14 12:02:45.895,1.631,1.6312,0.20,0.30
2008.05.14 12:02:49.040,1.631,1.6312,0.20,0.50
2008.05.14 12:02:50.584,1.631,1.6312,0.20,0.30
2008.05.14 12:02:51.160,1.631,1.6312,0.20,0.50
2008.05.14 12:02:53.958,1.63095,1.63115,0.60,0.30
2008.05.14 12:02:54.111,1.63095,1.63115,0.60,0.50
2008.05.14 12:02:55.730,1.631,1.63115,0.20,0.40
2008.05.14 12:02:55.949,1.631,1.6312,0.20,0.50
2008.05.14 12:02:56.210,1.63105,1.6312,0.20,0.40
2008.05.14 12:02:56.359,1.63105,1.63125,0.20,0.70
2008.05.14 12:02:56.668,1.631,1.6312,0.20,0.30
2008.05.14 12:02:56.826,1.631,1.6312,0.20,0.50
2008.05.14 12:02:58.482,1.63095,1.63115,0.60,0.30
2008.05.14 12:02:59.245,1.631,1.6312,0.20,2.90
2008.05.14 12:02:59.368,1.631,1.6312,0.20,0.50
2008.05.14 12:03:06.595,1.63095,1.6312,0.20,0.50
2008.05.14 12:03:06.822,1.631,1.6312,0.20,0.50
2008.05.14 12:03:08.672,1.63095,1.63115,0.20,0.50
2008.05.14 12:03:08.811,1.63095,1.63115,0.20,0.70
2008.05.14 12:03:10.662,1.63095,1.63115,0.20,0.50
2008.05.14 12:03:12.113,1.63095,1.63115,0.20,0.70
2008.05.14 12:03:15.692,1.631,1.63115,0.20,0.60
2008.05.14 12:03:16.004,1.631,1.6312,0.20,4.50
2008.05.14 12:03:16.062,1.631,1.6312,0.20,0.50
2008.05.14 12:03:26.293,1.631,1.6312,0.20,0.30
2008.05.14 12:03:27.305,1.631,1.6312,0.20,0.50
2008.05.14 12:03:29.351,1.631,1.63115,0.20,0.20
2008.05.14 12:03:29.530,1.63095,1.63115,0.20,0.20
2008.05.14 12:03:29.635,1.63095,1.63115,0.20,0.50
2008.05.14 12:03:29.793,1.631,1.63115,0.20,0.20
2008.05.14 12:03:29.871,1.631,1.6312,0.20,0.30
2008.05.14 12:03:38.897,1.6311,1.63125,0.20,0.20
2008.05.14 12:03:39.835,1.631,1.6312,4.90,0.30
2008.05.14 12:03:40.193,1.631,1.6312,0.20,0.30
2008.05.14 12:03:42.677,1.631,1.6312,0.20,0.50
2008.05.14 12:03:44.530,1.631,1.6312,0.20,0.30
2008.05.14 12:03:44.811,1.6311,1.63135,0.20,0.70
2008.05.14 12:03:44.956,1.63115,1.63135,0.20,0.70
2008.05.14 12:03:45.324,1.631,1.6312,4.10,0.30
2008.05.14 12:03:45.372,1.631,1.6312,0.20,0.30
2008.05.14 12:03:46.193,1.63095,1.63115,0.20,0.50
2008.05.14 12:03:46.468,1.63095,1.63115,0.20,0.70
2008.05.14 12:03:47.011,1.6309,1.63115,0.20,0.70
2008.05.14 12:03:47.205,1.6309,1.63115,0.20,0.30
2008.05.14 12:03:47.682,1.63095,1.63115,0.20,0.50
2008.05.14 12:03:48.014,1.63095,1.63115,0.20,0.70
2008.05.14 12:03:48.227,1.63085,1.63105,0.20,0.30
2008.05.14 12:03:48.505,1.63085,1.6311,0.20,0.30
2008.05.14 12:03:48.785,1.63085,1.63105,0.20,0.20
2008.05.14 12:03:50.627,1.63085,1.6311,0.20,0.50
2008.05.14 12:03:50.852,1.63085,1.6311,0.20,0.30
2008.05.14 12:03:51.202,1.63095,1.63115,0.20,0.70
2008.05.14 12:03:51.470,1.63085,1.6311,0.20,0.30
2008.05.14 12:03:51.774,1.6309,1.63115,0.20,0.70
2008.05.14 12:03:51.910,1.6309,1.63115,0.20,0.50
2008.05.14 12:03:52.106,1.63095,1.63115,0.20,0.50
2008.05.14 12:03:52.652,1.631,1.63115,0.20,0.20
2008.05.14 12:03:52.826,1.631,1.63125,7.30,0.50
2008.05.14 12:03:53.064,1.631,1.63115,1.60,0.30
2008.05.14 12:03:53.203,1.631,1.6312,0.20,0.30
2008.05.14 12:03:54.190,1.631,1.63115,0.20,0.20
2008.05.14 12:03:54.345,1.6309,1.63115,5.70,0.50
2008.05.14 12:03:54.500,1.631,1.63115,0.20,0.20
2008.05.14 12:03:54.713,1.63095,1.63115,0.20,0.30
2008.05.14 12:03:55.410,1.631,1.6312,0.20,0.40
2008.05.14 12:03:55.568,1.63105,1.6312,0.20,0.40
2008.05.14 12:03:55.724,1.6311,1.6312,0.20,0.40
2008.05.14 12:03:55.964,1.6311,1.63125,0.20,0.20
2008.05.14 12:03:56.271,1.631,1.6312,8.90,0.30
2008.05.14 12:03:56.461,1.631,1.6312,0.20,0.30
2008.05.14 12:03:57.775,1.631,1.6312,0.20,0.50
2008.05.14 12:03:58.088,1.631,1.6312,0.20,0.30
2008.05.14 12:04:02.694,1.631,1.6312,0.20,4.20
2008.05.14 12:04:02.742,1.6309,1.63115,8.10,0.30
2008.05.14 12:04:02.924,1.6309,1.63115,8.10,0.50
2008.05.14 12:04:02.973,1.63095,1.63115,0.20,0.20
2008.05.14 12:04:03.182,1.631,1.6312,0.20,4.20
2008.05.14 12:04:03.368,1.631,1.6312,0.20,0.30
2008.05.14 12:04:09.545,1.63095,1.63115,0.20,0.20
2008.05.14 12:04:09.923,1.631,1.6312,0.20,4.20
2008.05.14 12:04:10.070,1.631,1.6312,0.20,0.30
2008.05.14 12:04:11.578,1.63095,1.63115,0.20,0.20
2008.05.14 12:04:11.720,1.631,1.6312,0.20,0.30
2008.05.14 12:04:16.785,1.63095,1.63115,0.40,0.30
2008.05.14 12:04:16.948,1.6309,1.63115,0.20,0.50
2008.05.14 12:04:17.029,1.631,1.6312,0.20,4.50
2008.05.14 12:04:17.150,1.631,1.6312,0.20,0.30
2008.05.14 12:04:19.341,1.63095,1.63115,0.60,0.30
2008.05.14 12:04:21.944,1.631,1.6312,0.20,2.60
2008.05.14 12:04:22.046,1.631,1.6312,0.20,0.30
2008.05.14 12:04:29.394,1.63095,1.6312,0.60,0.30
2008.05.14 12:04:29.642,1.63095,1.63115,0.20,0.20
2008.05.14 12:04:29.824,1.63095,1.6312,0.20,0.30
2008.05.14 12:04:30.010,1.631,1.63125,0.20,1.50
2008.05.14 12:04:30.391,1.631,1.63125,0.20,1.20
2008.05.14 12:04:31.245,1.63095,1.6312,0.20,0.30
2008.05.14 12:04:32.068,1.63105,1.63125,0.20,1.20
2008.05.14 12:04:32.149,1.63105,1.63125,0.20,0.50
2008.05.14 12:04:32.763,1.631,1.63125,0.20,0.50
2008.05.14 12:04:37.053,1.63105,1.63125,0.20,0.50
2008.05.14 12:04:41.937,1.631,1.63125,0.20,1.20
2008.05.14 12:04:42.156,1.631,1.63125,0.20,1.50
2008.05.14 12:04:42.462,1.63105,1.63125,0.20,1.50
2008.05.14 12:04:42.901,1.631,1.63125,0.20,0.70
2008.05.14 12:04:43.026,1.631,1.63125,0.20,0.50
2008.05.14 12:04:43.255,1.63105,1.63125,0.20,0.50
2008.05.14 12:04:43.597,1.631,1.63125,0.20,0.70
2008.05.14 12:04:45.050,1.63105,1.63125,0.20,0.70
2008.05.14 12:04:45.167,1.63105,1.63125,0.20,0.50
2008.05.14 12:04:46.442,1.63105,1.63125,0.20,1.20
2008.05.14 12:04:46.710,1.63105,1.63125,0.20,0.50
2008.05.14 12:04:49.209,1.63095,1.6312,0.60,0.30
2008.05.14 12:04:49.272,1.63095,1.6312,0.20,0.30
2008.05.14 12:04:49.466,1.63105,1.63125,0.20,0.50
2008.05.14 12:04:49.740,1.631,1.6312,0.20,0.30
2008.05.14 12:04:53.859,1.63095,1.63115,0.60,0.30
2008.05.14 12:04:55.324,1.63095,1.63115,0.20,0.50
2008.05.14 12:04:55.438,1.63095,1.63115,0.20,0.20
2008.05.14 12:04:55.461,1.63095,1.63115,0.20,0.80
2008.05.14 12:04:55.594,1.6309,1.63115,0.90,1.00
2008.05.14 12:04:55.723,1.63095,1.63115,0.40,1.00
2008.05.14 12:04:55.747,1.63095,1.63115,0.60,0.30
2008.05.14 12:04:56.010,1.631,1.6312,0.20,2.70
2008.05.14 12:04:56.325,1.63105,1.63125,0.20,1.50
2008.05.14 12:04:56.609,1.63105,1.63125,0.20,0.70
2008.05.14 12:04:56.894,1.631,1.6312,0.20,0.30
2008.05.14 12:04:58.659,1.63105,1.63125,0.20,0.50
2008.05.14 12:05:04.024,1.631,1.63125,0.20,0.50
2008.05.14 12:05:04.180,1.631,1.6312,0.20,0.30
2008.05.14 12:05:32.982,1.631,1.6312,0.20,4.20
2008.05.14 12:05:33.140,1.631,1.63115,0.20,0.20
2008.05.14 12:05:35.158,1.63095,1.63115,0.20,0.50
2008.05.14 12:05:39.671,1.6309,1.63105,2.40,0.30
2008.05.14 12:05:39.788,1.63085,1.63105,0.20,0.30
2008.05.14 12:05:40.618,1.63085,1.63105,0.60,0.30
2008.05.14 12:05:40.769,1.63085,1.63105,0.20,0.30
2008.05.14 12:05:43.367,1.63095,1.63115,0.20,0.70
2008.05.14 12:05:43.490,1.6309,1.63115,0.20,0.70
2008.05.14 12:05:43.759,1.63085,1.63105,0.20,0.30
2008.05.14 12:05:45.293,1.6308,1.6309,2.70,0.30
2008.05.14 12:05:45.413,1.63085,1.631,0.20,2.40
2008.05.14 12:05:45.533,1.63085,1.631,0.20,0.80
2008.05.14 12:05:45.726,1.63085,1.63105,0.20,0.30
2008.05.14 12:05:47.986,1.6309,1.63115,0.20,0.70
2008.05.14 12:05:50.010,1.63095,1.63115,0.20,0.70
2008.05.14 12:05:55.938,1.6309,1.63115,0.20,0.70
2008.05.14 12:05:56.406,1.63095,1.63115,0.20,0.50
2008.05.14 12:05:57.960,1.63095,1.63115,0.60,0.30
2008.05.14 12:05:58.675,1.63095,1.63115,0.40,0.30
2008.05.14 12:05:58.719,1.6309,1.63115,0.20,0.50
2008.05.14 12:05:58.961,1.63095,1.63115,0.20,0.50
2008.05.14 12:06:01.996,1.6309,1.63115,0.20,0.50
2008.05.14 12:06:02.388,1.63095,1.63115,0.20,0.50
2008.05.14 12:06:03.048,1.63095,1.63115,0.20,0.70
2008.05.14 12:06:03.270,1.6309,1.63115,0.20,0.70
2008.05.14 12:06:03.904,1.63095,1.63115,0.20,0.70
2008.05.14 12:06:04.408,1.6309,1.63115,0.20,0.70
2008.05.14 12:06:04.668,1.63085,1.63105,0.20,0.30
2008.05.14 12:06:07.479,1.63085,1.6311,0.20,0.50
2008.05.14 12:06:07.569,1.6309,1.6311,0.20,0.50
2008.05.14 12:06:07.842,1.6309,1.6311,0.20,0.30
2008.05.14 12:06:15.060,1.6309,1.6311,0.20,0.50
2008.05.14 12:06:18.578,1.6309,1.6311,0.20,0.30
2008.05.14 12:06:19.219,1.63085,1.6311,0.60,0.30
2008.05.14 12:06:19.466,1.6309,1.6311,0.20,0.30
2008.05.14 12:06:19.819,1.6309,1.6311,0.20,0.50
2008.05.14 12:06:20.706,1.6309,1.6311,0.20,0.30
2008.05.14 12:06:21.196,1.6309,1.6311,0.20,0.50
2008.05.14 12:06:22.664,1.63085,1.6311,0.20,0.50
2008.05.14 12:06:22.917,1.6309,1.6311,0.20,0.50
2008.05.14 12:06:23.234,1.63085,1.6311,0.20,0.50
2008.05.14 12:06:25.139,1.6309,1.6311,0.20,0.30
2008.05.14 12:06:25.204,1.63095,1.63115,0.20,1.90
2008.05.14 12:06:25.316,1.63095,1.6311,0.20,8.00
2008.05.14 12:06:27.986,1.63095,1.6311,0.20,10.40
2008.05.14 12:06:28.094,1.63095,1.63105,0.20,0.40
2008.05.14 12:06:28.233,1.6308,1.631,4.10,0.30
2008.05.14 12:06:28.288,1.6308,1.631,0.20,0.30
2008.05.14 12:06:28.531,1.63085,1.63105,0.20,0.70
2008.05.14 12:06:28.583,1.63085,1.63105,0.20,0.50
2008.05.14 12:06:30.115,1.63085,1.63105,0.20,0.40
2008.05.14 12:06:30.270,1.63085,1.6311,0.20,8.20
2008.05.14 12:06:33.190,1.6309,1.6311,0.20,8.00
2008.05.14 12:06:33.527,1.6308,1.63105,4.90,0.30
2008.05.14 12:06:33.659,1.6308,1.63105,7.30,0.30
2008.05.14 12:06:33.724,1.63085,1.6311,0.20,8.50
2008.05.14 12:06:33.872,1.63085,1.6311,0.60,8.50
2008.05.14 12:06:33.925,1.63085,1.6311,0.60,8.20
2008.05.14 12:06:34.104,1.63085,1.6311,0.20,8.20
2008.05.14 12:06:34.156,1.6308,1.63105,7.30,0.30
2008.05.14 12:06:36.460,1.6309,1.6311,0.20,9.10
2008.05.14 12:06:36.790,1.6309,1.6311,0.20,8.30
2008.05.14 12:06:37.051,1.63085,1.6311,0.20,8.20
2008.05.14 12:06:40.257,1.6309,1.6311,0.20,8.00
2008.05.14 12:06:40.517,1.63095,1.6311,0.20,8.00
2008.05.14 12:06:40.917,1.63085,1.63105,0.60,0.30
2008.05.14 12:06:40.972,1.63085,1.63105,0.20,0.30
2008.05.14 12:06:42.498,1.63085,1.631,0.20,0.40
2008.05.14 12:06:43.022,1.63085,1.63105,0.20,1.50
2008.05.14 12:06:43.185,1.63085,1.63105,0.20,0.50
2008.05.14 12:06:46.406,1.6308,1.63105,0.20,0.50
2008.05.14 12:06:49.081,1.63085,1.63105,0.20,0.50
2008.05.14 12:06:51.587,1.63085,1.63105,0.20,0.30
2008.05.14 12:06:54.016,1.63085,1.63105,0.20,0.50
2008.05.14 12:06:57.315,1.6308,1.63105,0.20,0.70
2008.05.14 12:06:57.474,1.63085,1.63105,0.20,0.70
2008.05.14 12:06:58.036,1.6308,1.63105,0.20,0.70
2008.05.14 12:06:59.017,1.6308,1.63105,0.20,0.50
2008.05.14 12:06:59.147,1.63085,1.63105,0.20,0.50
2008.05.14 12:07:02.354,1.63085,1.63105,0.20,1.30
2008.05.14 12:07:04.499,1.63085,1.63105,0.20,1.50
2008.05.14 12:07:04.514,1.6308,1.63105,0.20,1.50
2008.05.14 12:07:05.213,1.63085,1.63105,0.20,1.30
2008.05.14 12:07:05.507,1.63085,1.63105,0.20,1.70
2008.05.14 12:07:13.653,1.63085,1.63105,0.20,0.50
2008.05.14 12:07:13.822,1.63085,1.63105,0.20,0.30
2008.05.14 12:07:13.954,1.63085,1.63105,0.20,0.50
2008.05.14 12:07:14.015,1.63085,1.63105,0.20,0.70
2008.05.14 12:07:14.394,1.6308,1.63105,0.20,0.70
2008.05.14 12:07:16.101,1.63075,1.631,0.60,0.30
2008.05.14 12:07:16.132,1.63075,1.631,0.20,0.50
2008.05.14 12:07:16.475,1.63085,1.631,0.20,0.40
2008.05.14 12:07:16.616,1.6308,1.631,0.20,0.50
2008.05.14 12:07:17.035,1.63085,1.631,0.20,0.40
2008.05.14 12:07:17.095,1.63085,1.63105,0.20,0.50
2008.05.14 12:07:18.216,1.63085,1.63105,0.20,0.30
2008.05.14 12:07:24.567,1.63085,1.63105,0.20,0.50
2008.05.14 12:07:24.744,1.6309,1.63105,0.20,0.40
2008.05.14 12:07:25.076,1.63085,1.63105,0.20,0.40
2008.05.14 12:07:25.220,1.63085,1.63105,0.20,1.10
2008.05.14 12:07:25.711,1.63085,1.63105,0.20,0.80
2008.05.14 12:07:26.941,1.63085,1.6311,0.20,8.50
2008.05.14 12:07:30.165,1.63085,1.6311,0.20,12.50
2008.05.14 12:07:30.203,1.6308,1.631,3.20,0.30
2008.05.14 12:07:30.323,1.63075,1.631,2.50,0.30
2008.05.14 12:07:30.506,1.6308,1.63105,0.20,0.70
2008.05.14 12:07:30.764,1.6308,1.63105,0.20,1.50
2008.05.14 12:07:31.096,1.6309,1.63105,0.20,0.80
2008.05.14 12:07:32.758,1.63085,1.63105,0.20,0.80
2008.05.14 12:07:33.064,1.63085,1.63105,0.20,1.00
2008.05.14 12:07:35.503,1.6309,1.63105,0.20,0.80
2008.05.14 12:07:35.720,1.63085,1.63105,0.20,1.00
2008.05.14 12:07:36.115,1.6309,1.63105,0.20,0.80
2008.05.14 12:07:36.479,1.63085,1.63105,0.20,1.00
2008.05.14 12:07:36.556,1.63085,1.63105,0.20,0.80
2008.05.14 12:07:37.083,1.63085,1.63105,0.20,1.00
2008.05.14 12:07:38.152,1.63085,1.63105,0.20,1.70
2008.05.14 12:07:38.333,1.63085,1.63105,0.20,1.00
2008.05.14 12:07:39.192,1.63085,1.63105,0.20,1.30
2008.05.14 12:07:39.246,1.63085,1.63105,0.20,1.50
2008.05.14 12:07:39.487,1.63085,1.631,0.20,0.80
2008.05.14 12:07:41.248,1.63085,1.63105,0.20,0.50
2008.05.14 12:07:41.293,1.6309,1.6311,0.20,9.20
2008.05.14 12:07:44.407,1.6308,1.63105,5.70,0.30
2008.05.14 12:07:44.559,1.6308,1.63105,0.90,1.00
2008.05.14 12:07:44.653,1.6308,1.63105,0.90,1.20
2008.05.14 12:07:44.773,1.6308,1.63105,0.20,1.20
2008.05.14 12:07:44.966,1.6308,1.63105,0.20,1.50
2008.05.14 12:07:47.417,1.63085,1.63105,0.20,1.50
2008.05.14 12:07:47.986,1.6308,1.63105,0.20,1.50
2008.05.14 12:07:49.949,1.6308,1.631,0.20,0.30
2008.05.14 12:07:50.214,1.6308,1.631,0.20,0.50
2008.05.14 12:07:50.617,1.63075,1.63095,0.60,0.30
2008.05.14 12:07:50.830,1.6308,1.631,0.20,1.30
2008.05.14 12:07:51.224,1.63075,1.631,0.60,1.30
2008.05.14 12:07:51.412,1.63075,1.631,0.20,1.30
2008.05.14 12:07:51.596,1.63075,1.63095,0.20,0.80
2008.05.14 12:07:54.019,1.63065,1.6309,2.50,0.30
2008.05.14 12:07:54.498,1.6307,1.6309,0.20,0.30
2008.05.14 12:07:54.934,1.6308,1.63095,0.20,0.90
2008.05.14 12:07:55.151,1.6308,1.63095,0.20,0.20
2008.05.14 12:07:55.998,1.63075,1.63095,0.20,0.20
2008.05.14 12:07:57.491,1.6308,1.63095,0.20,0.20
2008.05.14 12:08:01.446,1.63075,1.63095,0.20,0.20
2008.05.14 12:08:01.934,1.6308,1.63095,0.20,0.20
2008.05.14 12:08:04.201,1.6308,1.63095,0.20,0.90
2008.05.14 12:08:04.241,1.6307,1.6309,3.40,0.30
2008.05.14 12:08:04.438,1.63075,1.63095,0.20,0.80
2008.05.14 12:08:05.044,1.6308,1.63095,0.20,0.80
2008.05.14 12:08:05.284,1.6308,1.631,0.20,0.50
2008.05.14 12:08:05.593,1.6307,1.63095,4.90,0.30
2008.05.14 12:08:05.747,1.6307,1.63095,4.90,1.00
2008.05.14 12:08:06.022,1.63075,1.63095,0.20,0.80
2008.05.14 12:08:06.665,1.6308,1.63095,0.20,0.80
2008.05.14 12:08:06.923,1.6308,1.631,0.20,0.50
2008.05.14 12:08:07.012,1.63075,1.631,0.20,0.50
2008.05.14 12:08:07.459,1.6307,1.63095,4.90,0.50
2008.05.14 12:08:07.829,1.6308,1.631,0.20,0.50
2008.05.14 12:08:08.022,1.6307,1.63095,4.90,0.30
2008.05.14 12:08:08.308,1.6307,1.63095,4.90,1.00
2008.05.14 12:08:08.571,1.63075,1.63095,0.20,0.80
2008.05.14 12:08:12.696,1.6308,1.63095,0.20,0.80
2008.05.14 12:08:16.203,1.6308,1.631,0.20,0.50
2008.05.14 12:08:16.507,1.6307,1.63095,4.90,0.50
2008.05.14 12:08:16.697,1.6308,1.63095,0.20,0.20
2008.05.14 12:08:16.815,1.6308,1.631,0.20,0.50
2008.05.14 12:08:16.958,1.6308,1.63095,0.20,0.20
2008.05.14 12:08:17.329,1.6308,1.631,0.20,0.50
2008.05.14 12:08:21.537,1.63075,1.63095,0.60,0.30
2008.05.14 12:08:21.571,1.63075,1.63095,0.20,0.50
2008.05.14 12:08:21.708,1.63075,1.63095,0.60,0.30
2008.05.14 12:08:25.736,1.63075,1.63095,0.20,0.30
2008.05.14 12:08:26.957,1.6307,1.63095,5.20,0.30
2008.05.14 12:08:27.032,1.6308,1.631,0.20,0.50
2008.05.14 12:08:27.202,1.6307,1.63095,4.90,0.30
2008.05.14 12:08:27.356,1.6307,1.63095,4.90,0.50
2008.05.14 12:08:27.428,1.63075,1.63095,0.20,0.20
2008.05.14 12:08:27.824,1.6308,1.631,0.20,4.50
2008.05.14 12:08:27.904,1.63075,1.631,0.60,0.50
2008.05.14 12:08:28.051,1.63075,1.63095,0.20,0.20
2008.05.14 12:08:28.442,1.6308,1.631,0.20,0.50
2008.05.14 12:08:29.384,1.63075,1.631,0.60,0.50
2008.05.14 12:08:29.513,1.63075,1.63095,0.20,0.20
2008.05.14 12:08:31.716,1.6307,1.63085,2.60,0.30
2008.05.14 12:08:31.826,1.63065,1.63085,0.60,0.30
2008.05.14 12:08:31.937,1.63075,1.63095,0.20,0.70
2008.05.14 12:08:32.348,1.6307,1.63095,0.20,0.70
2008.05.14 12:08:36.691,1.63075,1.63095,0.20,0.50
2008.05.14 12:08:37.111,1.63075,1.63095,0.20,0.30
2008.05.14 12:08:43.909,1.6308,1.631,0.20,0.50
2008.05.14 12:08:44.172,1.6308,1.631,0.20,0.30
2008.05.14 12:08:48.224,1.6308,1.631,0.20,0.50
2008.05.14 12:08:55.524,1.6308,1.631,0.20,0.30
2008.05.14 12:08:57.195,1.63075,1.63095,0.20,0.30
2008.05.14 12:08:58.250,1.63075,1.63095,0.20,0.50
2008.05.14 12:08:58.326,1.63075,1.63095,0.20,0.70
2008.05.14 12:08:58.753,1.63075,1.63095,0.20,0.50
2008.05.14 12:08:59.090,1.63075,1.63095,0.20,0.30
2008.05.14 12:09:00.339,1.63075,1.63095,0.20,0.50
2008.05.14 12:09:00.463,1.63075,1.63095,0.20,0.30
2008.05.14 12:09:00.740,1.63075,1.63095,0.20,0.50
2008.05.14 12:09:01.116,1.63075,1.63095,0.20,0.30
2008.05.14 12:09:07.231,1.6308,1.631,0.20,0.50
2008.05.14 12:09:07.731,1.6308,1.631,0.20,0.30
2008.05.14 12:09:07.746,1.63085,1.63105,0.20,0.30
2008.05.14 12:09:07.831,1.63085,1.63105,0.20,0.50
2008.05.14 12:09:07.999,1.6308,1.631,0.20,0.30
2008.05.14 12:09:08.287,1.6308,1.631,0.20,0.50
2008.05.14 12:09:14.981,1.63075,1.63095,0.20,0.30
2008.05.14 12:09:15.137,1.63075,1.63095,0.20,0.50
2008.05.14 12:09:22.808,1.63075,1.63095,0.20,0.30
2008.05.14 12:09:23.881,1.6308,1.631,0.20,0.50
2008.05.14 12:09:24.371,1.6308,1.631,0.20,0.30
2008.05.14 12:09:26.438,1.63085,1.63105,0.20,0.30
2008.05.14 12:09:28.826,1.63085,1.63105,0.20,0.50
2008.05.14 12:09:32.149,1.63085,1.63105,0.60,0.50
2008.05.14 12:09:32.339,1.63085,1.63105,0.60,0.30
2008.05.14 12:09:32.502,1.63085,1.63105,0.20,0.30
2008.05.14 12:09:33.223,1.63085,1.63105,0.20,0.50
2008.05.14 12:09:37.447,1.6308,1.631,0.20,0.30
2008.05.14 12:09:44.229,1.6308,1.631,0.20,0.50
2008.05.14 12:09:44.591,1.6308,1.631,0.20,0.30
2008.05.14 12:09:45.823,1.6308,1.631,0.20,0.50
2008.05.14 12:09:47.544,1.6308,1.63095,0.20,0.20
2008.05.14 12:09:47.699,1.63075,1.63095,0.20,0.50
2008.05.14 12:09:49.675,1.63075,1.63095,0.20,0.70
2008.05.14 12:09:51.065,1.63075,1.63095,0.20,0.50
2008.05.14 12:09:51.375,1.6307,1.6309,0.20,0.30
2008.05.14 12:09:54.680,1.6307,1.6309,0.20,4.20
2008.05.14 12:09:54.710,1.6307,1.63085,0.20,0.20
2008.05.14 12:09:55.281,1.6307,1.6309,0.20,4.20
2008.05.14 12:09:55.392,1.6307,1.6309,0.20,4.50
2008.05.14 12:09:55.421,1.6307,1.6309,0.20,0.50
2008.05.14 12:09:55.567,1.6307,1.63085,0.20,0.20
2008.05.14 12:09:55.733,1.6306,1.63085,2.50,0.50
2008.05.14 12:09:56.089,1.6307,1.6309,0.20,0.50
2008.05.14 12:10:13.682,1.63065,1.63085,0.20,0.30
2008.05.14 12:10:13.718,1.63065,1.63085,0.20,0.50
2008.05.14 12:10:33.751,1.63065,1.63085,0.60,0.30
2008.05.14 12:10:37.512,1.63065,1.63085,0.20,0.50
2008.05.14 12:10:45.597,1.63065,1.63085,0.20,0.70
2008.05.14 12:10:46.198,1.63065,1.63085,0.20,1.50
2008.05.14 12:10:48.005,1.63065,1.63085,0.20,0.70
2008.05.14 12:10:54.025,1.6306,1.63085,0.20,0.70
2008.05.14 12:10:54.090,1.63065,1.63085,0.20,0.70
2008.05.14 12:10:54.662,1.63065,1.63085,0.20,0.50
2008.05.14 12:10:57.885,1.63055,1.63075,0.60,0.30
2008.05.14 12:10:58.410,1.63065,1.63085,0.20,0.70
2008.05.14 12:10:58.599,1.63065,1.6308,0.20,0.40
2008.05.14 12:10:59.203,1.63065,1.63085,0.20,0.70
2008.05.14 12:11:40.064,1.6306,1.63085,0.20,0.70
2008.05.14 12:11:40.303,1.63065,1.63085,0.20,0.70
2008.05.14 12:11:40.591,1.6306,1.63085,0.20,0.70
2008.05.14 12:11:41.880,1.63065,1.63085,0.20,0.70
2008.05.14 12:11:42.194,1.6306,1.63085,0.20,0.70
2008.05.14 12:11:44.517,1.63065,1.63085,0.20,0.70
2008.05.14 12:11:46.041,1.6306,1.63085,0.20,0.70
2008.05.14 12:11:48.926,1.6306,1.6308,0.20,0.40
2008.05.14 12:11:48.999,1.63065,1.6308,0.20,0.40
2008.05.14 12:11:49.075,1.63065,1.63085,0.20,0.70
2008.05.14 12:11:49.615,1.63065,1.6308,0.20,0.40
2008.05.14 12:11:49.821,1.63065,1.63085,0.20,0.70
2008.05.14 12:11:49.932,1.63055,1.63075,0.60,0.30
2008.05.14 12:11:50.232,1.63065,1.6308,0.20,0.40
2008.05.14 12:11:50.340,1.63065,1.63085,0.20,0.70
2008.05.14 12:11:50.800,1.63065,1.63085,0.20,1.50
2008.05.14 12:11:51.660,1.63065,1.6308,0.20,0.80
2008.05.14 12:11:51.877,1.63065,1.63085,0.20,0.70
2008.05.14 12:11:52.465,1.63065,1.63085,0.20,0.50
2008.05.14 12:11:57.416,1.63065,1.63085,0.20,0.70
2008.05.14 12:11:58.451,1.63065,1.63085,0.20,0.50
2008.05.14 12:12:00.861,1.63065,1.63085,0.20,0.70
2008.05.14 12:12:01.407,1.63065,1.63085,0.20,0.50
2008.05.14 12:12:05.887,1.63065,1.63085,0.60,0.30
2008.05.14 12:12:07.058,1.63065,1.63085,0.20,0.50
2008.05.14 12:12:07.617,1.63065,1.63085,0.60,0.30
2008.05.14 12:12:07.882,1.63065,1.63085,0.20,0.50
2008.05.14 12:12:21.375,1.63075,1.63085,0.20,0.20
2008.05.14 12:12:21.540,1.63075,1.63095,0.20,0.20
2008.05.14 12:12:21.715,1.63075,1.63095,0.20,0.50
2008.05.14 12:12:22.045,1.63075,1.63095,0.20,0.70
2008.05.14 12:12:23.416,1.63065,1.63085,0.20,0.30
2008.05.14 12:12:23.492,1.63065,1.63085,0.20,0.50
2008.05.14 12:12:24.471,1.63065,1.63085,0.20,0.70
2008.05.14 12:12:24.909,1.6307,1.63085,0.20,0.60
2008.05.14 12:12:25.087,1.6307,1.63085,0.20,0.40
2008.05.14 12:12:25.184,1.6307,1.6309,0.20,0.50
2008.05.14 12:12:26.280,1.63065,1.6309,0.20,0.50
2008.05.14 12:12:26.433,1.63065,1.6309,0.20,2.00
2008.05.14 12:12:26.621,1.63065,1.63085,0.20,0.80
2008.05.14 12:12:26.695,1.63065,1.63085,0.20,1.00
2008.05.14 12:12:26.848,1.63065,1.63085,0.20,1.20
2008.05.14 12:12:26.923,1.63065,1.63085,0.20,1.50
2008.05.14 12:12:28.146,1.63055,1.6308,0.60,0.30
2008.05.14 12:12:28.299,1.63055,1.6308,0.20,0.30
2008.05.14 12:12:28.500,1.63065,1.63085,0.20,0.70
2008.05.14 12:12:32.201,1.6307,1.63085,0.20,0.20
2008.05.14 12:12:32.220,1.6307,1.6309,0.20,7.70
2008.05.14 12:12:32.273,1.6307,1.6309,0.20,1.30
2008.05.14 12:12:36.895,1.6307,1.6309,0.20,1.00
2008.05.14 12:12:37.086,1.6307,1.6309,0.20,0.30
2008.05.14 12:12:40.262,1.6307,1.6309,0.20,1.00
2008.05.14 12:12:40.732,1.6307,1.6309,0.20,1.30
2008.05.14 12:12:46.256,1.6307,1.6309,0.20,0.50
2008.05.14 12:12:46.352,1.6307,1.6309,0.20,0.30
2008.05.14 12:12:46.968,1.6307,1.6309,0.20,0.50
2008.05.14 12:12:48.096,1.6307,1.6309,0.20,0.30
2008.05.14 12:12:48.653,1.6307,1.6309,0.20,0.50
2008.05.14 12:12:50.818,1.6307,1.6309,0.20,0.30
2008.05.14 12:12:52.430,1.63075,1.63095,0.20,0.70
2008.05.14 12:12:54.709,1.63075,1.63095,0.20,1.50
2008.05.14 12:12:54.937,1.63075,1.63095,0.20,0.70
2008.05.14 12:12:55.201,1.63075,1.63095,0.20,1.50
2008.05.14 12:12:56.997,1.63075,1.6309,0.20,0.80
2008.05.14 12:12:57.179,1.6307,1.63075,0.20,0.80
2008.05.14 12:12:57.395,1.63065,1.63075,0.20,0.80
2008.05.14 12:12:59.716,1.63065,1.63085,0.20,0.50
2008.05.14 12:12:59.978,1.63075,1.63085,0.20,0.20
2008.05.14 12:13:00.015,1.63075,1.6309,0.20,4.00
2008.05.14 12:13:00.046,1.63075,1.63095,0.20,1.50
2008.05.14 12:13:00.263,1.6308,1.63095,0.20,0.80
2008.05.14 12:13:00.696,1.6308,1.631,0.20,0.30
2008.05.14 12:13:01.127,1.6308,1.631,0.20,0.50
2008.05.14 12:13:01.966,1.6308,1.631,0.20,0.30
2008.05.14 12:13:02.707,1.6308,1.631,0.20,0.50
2008.05.14 12:13:03.438,1.63075,1.63095,0.20,0.30
2008.05.14 12:13:13.360,1.6308,1.631,0.20,0.30
2008.05.14 12:13:17.188,1.63075,1.63095,0.60,0.30
2008.05.14 12:13:20.428,1.6307,1.6309,4.10,0.30
2008.05.14 12:13:20.458,1.6307,1.6309,0.20,0.30
2008.05.14 12:13:22.376,1.63075,1.63095,0.20,0.30
2008.05.14 12:13:23.933,1.6308,1.631,0.20,0.30
2008.05.14 12:13:26.869,1.63075,1.63095,0.60,0.30
2008.05.14 12:13:28.541,1.63075,1.6309,0.40,0.30
2008.05.14 12:13:28.716,1.6307,1.6309,0.20,0.30
2008.05.14 12:13:37.054,1.6307,1.6309,0.20,0.50
2008.05.14 12:13:41.459,1.63065,1.63085,0.60,0.30
2008.05.14 12:13:41.913,1.63065,1.63085,0.20,0.50
2008.05.14 12:13:42.206,1.63065,1.63085,0.20,0.70
2008.05.14 12:13:44.441,1.6306,1.6308,0.20,0.30
2008.05.14 12:13:44.898,1.63055,1.63075,0.60,0.30
2008.05.14 12:13:45.918,1.6306,1.6308,0.20,0.30
2008.05.14 12:13:48.983,1.6306,1.6308,0.20,0.50
2008.05.14 12:13:49.261,1.6306,1.6308,0.20,0.30
2008.05.14 12:13:49.424,1.63065,1.63085,0.20,0.70
2008.05.14 12:13:50.669,1.63065,1.63085,0.20,0.50
2008.05.14 12:13:55.260,1.6306,1.6308,0.20,0.30
2008.05.14 12:14:03.971,1.63065,1.63085,0.20,0.50
2008.05.14 12:14:04.270,1.63065,1.63085,0.20,0.30
2008.05.14 12:14:04.471,1.6307,1.6309,0.20,0.50
2008.05.14 12:14:04.952,1.6307,1.6309,0.20,0.30
2008.05.14 12:14:05.736,1.6307,1.6309,0.20,0.50
2008.05.14 12:14:06.037,1.6307,1.6309,0.20,0.30
2008.05.14 12:14:19.587,1.6307,1.6309,0.20,0.50
2008.05.14 12:14:19.725,1.63065,1.6309,0.20,0.50
2008.05.14 12:14:19.748,1.63065,1.63085,0.20,0.20
2008.05.14 12:14:20.043,1.6307,1.63085,0.20,0.20
2008.05.14 12:14:20.171,1.6307,1.63085,0.20,0.60
2008.05.14 12:14:20.200,1.6307,1.63085,0.20,0.40
2008.05.14 12:14:20.303,1.6307,1.6309,0.20,4.50
2008.05.14 12:14:20.342,1.6307,1.6309,0.20,0.50
2008.05.14 12:14:20.727,1.6307,1.6309,0.20,1.30
2008.05.14 12:14:22.319,1.6307,1.6309,0.20,1.00
2008.05.14 12:14:22.427,1.63075,1.6309,0.20,0.80
2008.05.14 12:14:24.677,1.6308,1.631,0.20,2.60
2008.05.14 12:14:24.793,1.6308,1.631,0.20,0.30
2008.05.14 12:14:24.989,1.6308,1.631,0.20,0.50
2008.05.14 12:14:25.011,1.6308,1.631,0.20,0.30
2008.05.14 12:14:26.644,1.63085,1.63105,0.60,0.30
2008.05.14 12:14:27.017,1.6308,1.631,4.10,0.30
2008.05.14 12:14:27.045,1.6308,1.631,0.20,0.30
2008.05.14 12:14:29.779,1.6308,1.63095,0.20,0.20
2008.05.14 12:14:30.026,1.6308,1.631,0.20,4.20
2008.05.14 12:14:30.128,1.6308,1.631,0.20,0.30
2008.05.14 12:14:33.279,1.6308,1.631,0.80,0.30
2008.05.14 12:14:34.119,1.6308,1.631,0.20,0.30
2008.05.14 12:14:38.597,1.6308,1.631,0.80,0.30
2008.05.14 12:14:40.386,1.6308,1.631,0.20,0.30
2008.05.14 12:14:51.258,1.63085,1.63105,0.20,0.50
2008.05.14 12:14:52.275,1.63085,1.63105,0.60,0.30
2008.05.14 12:14:52.737,1.63085,1.63105,0.60,0.50
2008.05.14 12:14:53.007,1.63085,1.63105,0.20,0.70
2008.05.14 12:14:53.222,1.6308,1.631,0.20,0.30
2008.05.14 12:14:59.647,1.6308,1.631,4.10,0.30
2008.05.14 12:14:59.692,1.63085,1.6311,0.60,5.30
2008.05.14 12:14:59.855,1.63085,1.6311,0.60,0.50
2008.05.14 12:15:00.017,1.6308,1.631,0.20,0.30
2008.05.14 12:15:00.791,1.6308,1.631,0.80,0.30
2008.05.14 12:15:00.940,1.6308,1.63105,0.80,0.30
2008.05.14 12:15:01.356,1.63085,1.63105,0.60,0.30
2008.05.14 12:15:03.765,1.6308,1.631,0.20,0.30
2008.05.14 12:15:04.310,1.63075,1.63095,0.20,0.30
2008.05.14 12:15:09.180,1.6308,1.631,0.20,0.30
2008.05.14 12:15:11.535,1.6308,1.631,0.20,0.50
2008.05.14 12:15:11.854,1.6308,1.631,0.20,0.30
2008.05.14 12:15:14.216,1.63075,1.63095,0.60,0.30
2008.05.14 12:15:14.317,1.63075,1.63095,0.20,0.30
2008.05.14 12:15:14.446,1.6307,1.6309,0.20,0.30
2008.05.14 12:15:14.958,1.63075,1.63095,0.20,0.30
2008.05.14 12:15:15.811,1.63075,1.63095,0.20,0.50
2008.05.14 12:15:16.314,1.63075,1.63095,0.20,0.30
2008.05.14 12:15:16.387,1.63075,1.63095,0.20,0.50
2008.05.14 12:15:16.533,1.63075,1.63095,0.20,0.30
2008.05.14 12:15:22.631,1.6307,1.6309,0.20,0.30
2008.05.14 12:15:25.151,1.63075,1.63095,0.20,0.50
2008.05.14 12:15:28.297,1.6308,1.631,0.20,2.90
2008.05.14 12:15:28.363,1.6308,1.631,0.20,0.30
2008.05.14 12:15:30.985,1.63075,1.63095,0.20,0.30
2008.05.14 12:15:33.269,1.6307,1.6309,0.20,0.30
2008.05.14 12:15:41.886,1.63075,1.63095,0.20,0.50
2008.05.14 12:15:49.246,1.63075,1.63095,0.20,0.70
2008.05.14 12:15:50.711,1.63075,1.63095,0.20,0.50
2008.05.14 12:16:04.195,1.63075,1.63095,0.60,0.30
2008.05.14 12:16:10.483,1.63075,1.63095,0.20,0.50
2008.05.14 12:16:18.265,1.63075,1.63095,0.60,0.30
2008.05.14 12:16:29.820,1.6308,1.631,0.20,0.30
2008.05.14 12:16:33.318,1.6308,1.63105,0.20,0.70
2008.05.14 12:16:33.550,1.6308,1.631,0.20,0.30
2008.05.14 12:16:34.705,1.63085,1.63105,0.60,0.30
2008.05.14 12:16:39.249,1.63085,1.63105,0.60,0.50
2008.05.14 12:16:39.627,1.63085,1.63105,0.60,0.30
2008.05.14 12:16:47.485,1.6309,1.6311,0.20,2.60
2008.05.14 12:16:47.690,1.6309,1.6311,0.20,0.30
2008.05.14 12:16:54.436,1.63095,1.63115,0.20,0.50
2008.05.14 12:16:56.214,1.63095,1.63115,0.20,0.70
2008.05.14 12:16:59.334,1.63095,1.63115,0.20,0.50
2008.05.14 12:17:10.107,1.63095,1.63115,0.20,0.70
2008.05.14 12:17:10.223,1.6309,1.6311,0.20,0.30
2008.05.14 12:17:20.797,1.6309,1.6311,0.20,0.50
2008.05.14 12:17:21.134,1.6309,1.6311,0.20,0.30
2008.05.14 12:18:13.629,1.6309,1.6311,0.20,0.50
2008.05.14 12:18:15.068,1.6309,1.6311,0.20,0.30
2008.05.14 12:18:17.039,1.6309,1.6311,0.20,0.50
2008.05.14 12:18:17.297,1.6309,1.6311,0.20,0.30
2008.05.14 12:18:21.920,1.63095,1.63115,0.20,0.70
2008.05.14 12:18:24.691,1.63095,1.63115,0.20,0.50
2008.05.14 12:18:39.384,1.63095,1.63115,0.20,0.70
2008.05.14 12:18:39.510,1.63095,1.63115,0.20,0.50
2008.05.14 12:18:40.549,1.63095,1.6311,0.20,8.00
2008.05.14 12:18:48.754,1.63095,1.63115,0.20,0.50
2008.05.14 12:18:55.671,1.6309,1.6311,0.20,0.30
2008.05.14 12:19:00.836,1.63095,1.63115,0.20,0.50
2008.05.14 12:19:04.517,1.63095,1.63115,0.60,0.30
2008.05.14 12:19:09.852,1.63095,1.63115,0.20,0.50
2008.05.14 12:19:18.452,1.631,1.6312,0.20,4.50
2008.05.14 12:19:18.606,1.63105,1.6312,0.20,4.30
2008.05.14 12:19:18.738,1.63105,1.6312,0.20,0.40
2008.05.14 12:19:18.933,1.63105,1.63125,0.20,0.70
2008.05.14 12:19:19.657,1.631,1.6312,0.20,0.30
2008.05.14 12:19:20.523,1.631,1.6312,0.20,0.50
2008.05.14 12:19:20.835,1.631,1.6312,0.20,0.30
2008.05.14 12:19:26.134,1.63105,1.63125,0.20,0.20
2008.05.14 12:19:26.230,1.63105,1.6313,0.20,5.80
2008.05.14 12:19:26.502,1.631,1.6312,0.20,0.30
2008.05.14 12:19:27.198,1.63105,1.63125,0.20,0.20
2008.05.14 12:19:27.312,1.63105,1.6313,0.20,5.30
2008.05.14 12:19:27.430,1.631,1.6312,0.20,0.30
2008.05.14 12:19:41.104,1.63105,1.63125,0.20,0.50
2008.05.14 12:19:43.207,1.631,1.6312,0.20,0.30
2008.05.14 12:19:45.449,1.63105,1.63125,0.20,0.50
2008.05.14 12:19:47.265,1.631,1.6312,0.20,0.30
2008.05.14 12:19:49.929,1.63105,1.63125,0.20,0.50
2008.05.14 12:19:51.740,1.631,1.63125,0.20,0.50
2008.05.14 12:19:51.932,1.63105,1.63125,0.20,0.50
2008.05.14 12:19:52.114,1.63105,1.63125,0.20,0.70
2008.05.14 12:19:54.277,1.631,1.63125,0.20,0.70
2008.05.14 12:19:54.780,1.63105,1.63125,0.20,0.70
2008.05.14 12:19:58.752,1.631,1.63125,0.20,0.70
2008.05.14 12:19:59.230,1.63105,1.63125,0.20,1.50
2008.05.14 12:19:59.403,1.63105,1.63125,0.20,0.70
2008.05.14 12:20:00.859,1.63105,1.63125,0.20,0.50
2008.05.14 12:20:09.455,1.6311,1.63125,0.20,0.20
2008.05.14 12:20:09.510,1.6311,1.6313,0.20,4.20
2008.05.14 12:20:09.617,1.63115,1.63135,0.20,3.10
2008.05.14 12:20:09.993,1.63115,1.63135,0.20,0.50
2008.05.14 12:20:10.783,1.63115,1.63135,0.20,0.30
2008.05.14 12:20:12.970,1.63115,1.63135,0.20,0.70
2008.05.14 12:20:13.185,1.6311,1.6313,0.20,0.30
2008.05.14 12:20:21.116,1.63105,1.63125,0.60,0.30
2008.05.14 12:20:23.051,1.63105,1.63125,0.20,0.50
2008.05.14 12:20:24.021,1.6311,1.63125,6.40,0.50
2008.05.14 12:20:24.258,1.63115,1.63135,0.20,0.70
2008.05.14 12:20:24.760,1.63115,1.63135,0.20,0.50
2008.05.14 12:20:25.793,1.6311,1.6313,6.50,0.30
2008.05.14 12:20:29.095,1.6311,1.6313,6.50,0.50
2008.05.14 12:20:29.276,1.6311,1.6313,6.50,0.30
2008.05.14 12:20:37.168,1.6311,1.63125,6.40,0.30
2008.05.14 12:20:37.194,1.6311,1.63125,5.60,0.30
2008.05.14 12:20:37.331,1.6311,1.63125,3.70,0.30
2008.05.14 12:20:37.496,1.6311,1.6313,3.90,0.30
2008.05.14 12:20:50.693,1.6311,1.63125,3.70,0.30
2008.05.14 12:20:51.012,1.6311,1.63125,3.70,0.50
2008.05.14 12:20:51.188,1.6311,1.63125,2.90,0.50
2008.05.14 12:20:51.388,1.6311,1.63125,2.10,0.50
2008.05.14 12:20:51.452,1.6311,1.63125,2.30,0.20
2008.05.14 12:20:51.512,1.6311,1.6313,2.30,4.20
2008.05.14 12:20:51.571,1.6311,1.6313,2.30,0.30
2008.05.14 12:20:51.977,1.6312,1.6314,0.20,2.90
2008.05.14 12:20:52.148,1.6312,1.6314,0.20,0.30
2008.05.14 12:20:53.439,1.63125,1.63145,0.20,0.50
2008.05.14 12:20:53.641,1.63125,1.63145,0.20,0.30
2008.05.14 12:20:54.602,1.6312,1.6314,0.20,0.30
2008.05.14 12:21:08.720,1.63115,1.63135,0.20,0.30
2008.05.14 12:21:12.895,1.6312,1.6314,0.20,0.30
2008.05.14 12:21:28.197,1.63125,1.63145,0.60,0.30
2008.05.14 12:21:31.576,1.6312,1.63145,0.20,0.50
2008.05.14 12:21:31.825,1.63125,1.63145,0.20,0.50
2008.05.14 12:21:47.174,1.63125,1.63145,0.20,0.70
2008.05.14 12:21:48.207,1.6312,1.6314,0.20,0.30
2008.05.14 12:21:48.904,1.6311,1.6313,2.30,0.30
2008.05.14 12:21:51.648,1.6311,1.6313,6.30,0.30
2008.05.14 12:21:51.934,1.6312,1.6314,0.20,0.60
2008.05.14 12:21:52.223,1.6312,1.6314,0.20,0.50
2008.05.14 12:22:09.797,1.6312,1.6314,0.20,0.30
2008.05.14 12:22:10.177,1.63125,1.63145,0.20,0.70
2008.05.14 12:22:10.224,1.63125,1.63145,0.20,0.50
2008.05.14 12:22:10.398,1.6312,1.6314,0.20,0.30
2008.05.14 12:22:10.892,1.63125,1.63145,0.20,0.50
2008.05.14 12:22:11.442,1.63125,1.63145,0.20,0.30
2008.05.14 12:22:20.449,1.63125,1.63145,0.20,0.50
2008.05.14 12:22:20.979,1.63125,1.63145,0.20,0.30
2008.05.14 12:22:23.504,1.63125,1.63145,0.20,0.50
2008.05.14 12:22:23.784,1.63125,1.63145,0.20,0.30
2008.05.14 12:22:23.951,1.63125,1.63145,0.20,0.50
2008.05.14 12:22:24.052,1.63125,1.63145,0.20,0.70
2008.05.14 12:22:24.136,1.63125,1.63145,0.20,0.50
2008.05.14 12:22:24.473,1.6312,1.6314,0.20,0.30
2008.05.14 12:22:35.998,1.6312,1.6314,0.20,0.50
2008.05.14 12:22:36.892,1.6312,1.6314,0.20,1.30
2008.05.14 12:22:37.004,1.63115,1.6314,0.20,1.30
2008.05.14 12:22:37.046,1.63115,1.63135,0.20,0.20
2008.05.14 12:22:37.225,1.63115,1.63135,0.20,0.90
2008.05.14 12:22:37.355,1.63115,1.63135,0.20,1.20
2008.05.14 12:22:37.468,1.6312,1.63135,0.20,1.20
2008.05.14 12:22:37.513,1.6312,1.63135,0.20,0.80
2008.05.14 12:22:37.690,1.6312,1.6314,0.20,0.50
2008.05.14 12:22:39.586,1.6311,1.63135,7.20,0.30
2008.05.14 12:22:39.675,1.6312,1.6314,0.20,0.50
2008.05.14 12:22:41.925,1.63115,1.63135,0.60,0.30
2008.05.14 12:22:42.806,1.63115,1.63135,0.60,0.50
2008.05.14 12:22:43.925,1.63115,1.63135,0.20,0.70
2008.05.14 12:22:47.062,1.63115,1.63135,0.60,0.30
2008.05.14 12:22:49.069,1.63115,1.63135,0.20,1.20
2008.05.14 12:22:49.222,1.63115,1.63135,0.20,1.50
2008.05.14 12:22:49.837,1.63115,1.63135,0.20,0.70
2008.05.14 12:22:50.035,1.63115,1.63135,0.60,0.50
2008.05.14 12:22:50.799,1.63115,1.63135,0.20,0.70
2008.05.14 12:22:53.968,1.6311,1.6313,2.40,0.30
2008.05.14 12:22:54.968,1.6311,1.6313,2.40,0.50
2008.05.14 12:22:55.036,1.6311,1.6313,2.20,0.50
2008.05.14 12:22:55.147,1.6311,1.63125,2.20,0.30
2008.05.14 12:22:58.196,1.6311,1.6313,2.40,0.50
2008.05.14 12:22:59.184,1.6311,1.6313,2.40,0.30
2008.05.14 12:23:02.623,1.63115,1.63135,0.20,0.70
2008.05.14 12:23:04.155,1.63115,1.63135,0.20,0.50
2008.05.14 12:23:09.179,1.63115,1.63135,0.20,0.70
2008.05.14 12:23:10.713,1.6312,1.63135,0.20,0.40
2008.05.14 12:23:10.971,1.63115,1.63135,0.20,0.50
2008.05.14 12:23:12.353,1.6311,1.6313,2.40,0.30
2008.05.14 12:23:13.524,1.6311,1.6313,2.20,0.30
2008.05.14 12:23:13.757,1.6311,1.6313,2.20,0.50
2008.05.14 12:23:13.905,1.6311,1.63125,2.20,0.30
2008.05.14 12:23:15.249,1.63115,1.63135,0.20,0.60
2008.05.14 12:23:15.419,1.63115,1.63135,0.20,2.80
2008.05.14 12:23:15.590,1.63115,1.6313,0.20,2.20
2008.05.14 12:23:16.955,1.6312,1.6313,0.20,2.20
2008.05.14 12:23:17.295,1.6312,1.6314,0.20,3.00
2008.05.14 12:23:17.451,1.6312,1.6314,0.20,2.90
2008.05.14 12:23:19.321,1.6312,1.6314,2.50,2.90
2008.05.14 12:23:19.529,1.6312,1.6314,0.20,2.60
2008.05.14 12:23:19.894,1.6312,1.6314,0.20,2.90
2008.05.14 12:23:21.876,1.6312,1.6314,0.20,2.60
2008.05.14 12:23:22.415,1.6312,1.6314,0.20,2.90
2008.05.14 12:23:22.779,1.6312,1.6314,0.20,2.60
2008.05.14 12:23:27.041,1.6312,1.6314,0.20,2.90
2008.05.14 12:23:30.095,1.63115,1.6314,0.60,2.90
2008.05.14 12:23:30.252,1.63115,1.63135,0.20,0.20
2008.05.14 12:23:30.474,1.6311,1.6313,0.30,0.30
2008.05.14 12:23:30.670,1.6311,1.6313,0.20,0.30
2008.05.14 12:23:30.958,1.63105,1.6313,0.20,0.30
2008.05.14 12:23:31.036,1.63105,1.6313,0.20,0.50
2008.05.14 12:23:31.375,1.63105,1.6313,0.20,0.30
2008.05.14 12:23:31.732,1.63115,1.63135,0.20,0.70
2008.05.14 12:23:31.985,1.6314,1.63145,0.80,0.40
2008.05.14 12:23:32.247,1.63125,1.63135,0.40,0.30
2008.05.14 12:23:32.360,1.6312,1.63135,5.60,0.30
2008.05.14 12:23:32.642,1.6312,1.6314,0.20,0.30
2008.05.14 12:23:39.663,1.63145,1.63155,0.20,0.20
2008.05.14 12:23:39.896,1.63165,1.6317,0.80,0.40
2008.05.14 12:23:40.138,1.6318,1.632,0.20,13.30
2008.05.14 12:23:40.421,1.63195,1.632,0.20,0.60
2008.05.14 12:23:40.709,1.63195,1.63215,0.20,0.30
2008.05.14 12:23:40.910,1.63215,1.6323,0.20,0.40
2008.05.14 12:23:41.111,1.6322,1.63235,0.20,0.60
2008.05.14 12:23:41.313,1.6322,1.6324,0.20,0.70
2008.05.14 12:23:41.504,1.6322,1.6324,0.20,0.30
2008.05.14 12:23:41.693,1.63215,1.63235,0.20,0.30
2008.05.14 12:23:43.274,1.63215,1.63235,0.20,0.50
2008.05.14 12:23:44.487,1.63205,1.63225,0.20,0.30
2008.05.14 12:23:44.846,1.632,1.63215,0.20,0.20
2008.05.14 12:23:44.956,1.6319,1.6321,0.20,0.30
2008.05.14 12:23:45.471,1.63185,1.6321,0.20,4.20
2008.05.14 12:23:45.581,1.6319,1.63205,0.20,0.20
2008.05.14 12:23:45.790,1.6319,1.6321,0.20,0.50
2008.05.14 12:23:46.445,1.63185,1.63205,0.20,0.30
2008.05.14 12:23:48.022,1.6319,1.6321,0.20,0.30
2008.05.14 12:23:48.314,1.6319,1.6321,0.20,0.50
2008.05.14 12:23:48.524,1.63185,1.63205,0.20,0.30
2008.05.14 12:23:48.733,1.6318,1.63205,0.20,1.20
2008.05.14 12:23:48.945,1.63185,1.63205,0.20,1.20
2008.05.14 12:23:49.093,1.63185,1.63195,0.20,0.20
2008.05.14 12:23:49.197,1.63185,1.632,0.20,4.00
2008.05.14 12:23:49.303,1.63185,1.63205,0.20,1.50
2008.05.14 12:23:50.399,1.6318,1.63205,0.20,1.50
2008.05.14 12:23:50.634,1.6318,1.63205,0.20,3.90
2008.05.14 12:23:51.409,1.63185,1.63205,0.20,3.70
2008.05.14 12:23:51.526,1.63185,1.63205,0.20,1.30
2008.05.14 12:23:51.582,1.63185,1.63205,0.20,0.50
2008.05.14 12:23:51.613,1.6319,1.63205,0.20,0.40
2008.05.14 12:23:51.771,1.6319,1.6321,0.20,0.30
2008.05.14 12:23:51.912,1.6319,1.63205,0.20,0.20
2008.05.14 12:23:52.026,1.6318,1.632,0.20,0.30
2008.05.14 12:23:52.196,1.63185,1.63205,0.20,0.50
2008.05.14 12:23:55.664,1.6318,1.63205,0.20,0.50
2008.05.14 12:23:56.019,1.63185,1.63205,0.20,0.50
2008.05.14 12:23:56.138,1.63185,1.63205,0.20,0.70
2008.05.14 12:23:58.610,1.63185,1.63205,0.20,0.50
2008.05.14 12:24:03.985,1.6318,1.63205,0.20,0.50
2008.05.14 12:24:04.267,1.6318,1.63195,0.20,0.20
2008.05.14 12:24:04.486,1.63175,1.63195,0.20,0.50
2008.05.14 12:24:04.836,1.63175,1.63195,0.20,0.70
2008.05.14 12:24:04.946,1.6317,1.63185,2.40,0.30
2008.05.14 12:24:05.056,1.63165,1.63185,0.20,0.30
2008.05.14 12:24:06.509,1.63165,1.63185,0.20,0.50
2008.05.14 12:24:06.674,1.6316,1.6318,0.20,0.30
2008.05.14 12:24:07.450,1.63165,1.63185,0.20,0.70
2008.05.14 12:24:08.351,1.63155,1.63175,0.60,0.30
2008.05.14 12:24:08.621,1.63155,1.63175,0.20,0.30
2008.05.14 12:24:08.841,1.63165,1.63185,0.20,0.50
2008.05.14 12:24:09.060,1.63165,1.63185,0.20,0.30
2008.05.14 12:24:09.280,1.63165,1.63185,0.20,0.50
2008.05.14 12:24:09.777,1.63165,1.63185,0.20,0.70
2008.05.14 12:24:09.994,1.6316,1.6318,0.20,0.30
2008.05.14 12:24:11.220,1.63165,1.63185,0.20,0.70
2008.05.14 12:24:11.597,1.63165,1.63185,0.20,0.50
2008.05.14 12:24:13.804,1.63165,1.63185,0.20,0.70
2008.05.14 12:24:14.508,1.63165,1.63185,0.20,0.50
2008.05.14 12:24:16.434,1.6317,1.6319,0.20,4.30
2008.05.14 12:24:16.496,1.6317,1.6319,0.20,1.90
2008.05.14 12:24:16.714,1.6317,1.6319,0.20,1.50
2008.05.14 12:24:19.138,1.6317,1.6319,0.20,1.20
2008.05.14 12:24:21.376,1.6317,1.6319,0.20,1.50
2008.05.14 12:24:21.481,1.63165,1.63185,0.20,0.30
2008.05.14 12:24:21.689,1.6316,1.6318,0.20,0.30
2008.05.14 12:24:22.181,1.63155,1.63175,0.20,0.30
2008.05.14 12:24:22.761,1.6316,1.6318,0.20,0.50
2008.05.14 12:24:24.157,1.6316,1.6318,0.20,0.30
2008.05.14 12:24:24.591,1.63155,1.63175,0.20,0.20
2008.05.14 12:24:24.979,1.6316,1.6318,0.20,5.30
2008.05.14 12:24:25.179,1.6316,1.6318,0.20,0.30
2008.05.14 12:24:29.417,1.63155,1.63175,0.20,0.30
2008.05.14 12:24:29.562,1.63155,1.63175,0.20,0.50
2008.05.14 12:24:32.152,1.63155,1.63175,0.20,0.70
2008.05.14 12:24:32.449,1.6315,1.6317,2.50,0.30
2008.05.14 12:24:32.526,1.6315,1.6317,0.20,0.30
2008.05.14 12:24:33.515,1.6315,1.6317,0.20,0.50
2008.05.14 12:24:34.266,1.63145,1.63165,0.60,0.30
2008.05.14 12:24:35.732,1.63145,1.63165,0.20,0.50
2008.05.14 12:24:37.776,1.63145,1.63165,0.60,0.30
2008.05.14 12:24:37.917,1.63145,1.6316,0.40,0.30
2008.05.14 12:24:38.106,1.6314,1.6316,0.20,0.30
2008.05.14 12:24:43.295,1.6315,1.6317,0.20,0.50
2008.05.14 12:24:43.701,1.6315,1.6317,0.20,0.30
2008.05.14 12:24:52.951,1.63145,1.63165,0.60,0.30
2008.05.14 12:24:58.002,1.63145,1.63165,0.20,0.50
2008.05.14 12:24:59.786,1.63155,1.6317,0.20,0.60
2008.05.14 12:24:59.880,1.63155,1.6317,0.20,0.40
2008.05.14 12:25:00.169,1.63155,1.63175,0.20,0.70
2008.05.14 12:25:00.821,1.63155,1.63175,0.20,0.50
2008.05.14 12:25:03.205,1.63165,1.63175,0.20,0.20
2008.05.14 12:25:03.413,1.63165,1.63185,0.20,1.50
2008.05.14 12:25:04.795,1.63165,1.63185,0.20,0.50
2008.05.14 12:25:04.913,1.6317,1.6319,0.20,0.30
2008.05.14 12:25:05.864,1.6317,1.6319,0.20,0.50
2008.05.14 12:25:06.013,1.6317,1.6319,0.20,0.30
2008.05.14 12:25:06.262,1.63165,1.63185,0.60,0.30
2008.05.14 12:25:10.302,1.63165,1.63185,0.20,0.50
2008.05.14 12:25:11.409,1.6316,1.63185,2.50,0.50
2008.05.14 12:25:11.645,1.63165,1.63185,0.20,0.50
2008.05.14 12:25:11.789,1.63165,1.63185,0.20,0.70
2008.05.14 12:25:12.102,1.63165,1.63185,0.20,0.50
2008.05.14 12:25:15.212,1.63165,1.63185,0.20,0.30
2008.05.14 12:25:15.394,1.6317,1.6319,0.20,0.20
2008.05.14 12:25:15.647,1.6317,1.63195,0.20,1.50
2008.05.14 12:25:15.691,1.63175,1.63195,0.20,1.50
2008.05.14 12:25:16.269,1.63175,1.63195,0.20,0.70
2008.05.14 12:25:18.077,1.63175,1.63195,0.20,0.50
2008.05.14 12:25:23.145,1.63175,1.63195,0.20,0.70
2008.05.14 12:25:23.270,1.63175,1.63195,0.20,0.50
2008.05.14 12:25:26.741,1.63175,1.63195,0.20,1.20
2008.05.14 12:25:26.908,1.63175,1.63195,0.20,0.50
2008.05.14 12:25:37.433,1.63175,1.63195,0.20,0.70
2008.05.14 12:25:41.645,1.6317,1.6319,0.20,0.30
2008.05.14 12:25:42.155,1.63175,1.63195,0.20,0.70
2008.05.14 12:25:49.304,1.63175,1.63195,0.20,0.50
2008.05.14 12:25:49.443,1.63175,1.63195,0.20,1.20
2008.05.14 12:25:51.248,1.63175,1.63195,0.20,1.60
2008.05.14 12:25:57.759,1.63175,1.63195,0.20,0.50
2008.05.14 12:25:58.416,1.63175,1.63195,0.20,0.70
2008.05.14 12:25:59.257,1.63175,1.63195,0.20,0.50
2008.05.14 12:25:59.869,1.63175,1.63195,0.20,0.70
2008.05.14 12:26:00.662,1.63175,1.63195,0.20,0.50
2008.05.14 12:26:02.284,1.63175,1.63195,0.20,1.20
2008.05.14 12:26:03.253,1.63175,1.63195,0.20,0.50
2008.05.14 12:26:07.118,1.63175,1.63195,0.20,0.70
2008.05.14 12:26:07.341,1.63175,1.63195,0.20,0.50
2008.05.14 12:26:08.598,1.63175,1.63195,0.20,0.70
2008.05.14 12:26:08.858,1.63175,1.63195,0.20,0.50
2008.05.14 12:26:12.689,1.63175,1.63195,0.20,0.70
2008.05.14 12:26:16.740,1.63175,1.63195,0.20,0.50
2008.05.14 12:26:17.476,1.63175,1.63195,0.20,0.70
2008.05.14 12:26:18.614,1.63175,1.63195,0.20,0.50
2008.05.14 12:26:19.967,1.63175,1.63195,0.60,0.30
2008.05.14 12:26:31.287,1.63175,1.63195,0.20,0.50
2008.05.14 12:26:32.224,1.63185,1.63205,0.20,0.70
2008.05.14 12:26:33.373,1.63185,1.63205,0.20,0.50
2008.05.14 12:26:34.361,1.63195,1.63215,0.20,0.40
2008.05.14 12:26:34.552,1.63195,1.63215,0.20,0.50
2008.05.14 12:26:34.745,1.63195,1.63215,0.20,0.30
2008.05.14 12:26:36.374,1.6319,1.63215,0.20,0.50
2008.05.14 12:26:36.611,1.63195,1.63215,0.20,0.70
2008.05.14 12:26:36.880,1.63195,1.63215,0.20,0.50
2008.05.14 12:26:38.038,1.6319,1.63215,0.20,0.70
2008.05.14 12:26:39.228,1.6319,1.6321,0.20,0.30
2008.05.14 12:26:39.415,1.63185,1.6321,0.20,0.30
2008.05.14 12:26:39.600,1.6318,1.63205,2.60,0.50
2008.05.14 12:26:39.806,1.6319,1.6321,0.20,0.30
2008.05.14 12:26:40.404,1.63195,1.63215,0.20,0.30
2008.05.14 12:26:41.698,1.63195,1.63215,0.20,1.30
2008.05.14 12:26:41.939,1.63195,1.63215,0.20,1.00
2008.05.14 12:26:42.208,1.63195,1.63215,0.20,0.30
2008.05.14 12:26:53.474,1.63195,1.63215,0.20,1.00
2008.05.14 12:26:53.751,1.63195,1.63215,0.20,0.30
2008.05.14 12:26:57.150,1.63195,1.63215,0.20,0.50
2008.05.14 12:26:59.490,1.63195,1.63215,0.20,1.30
2008.05.14 12:27:00.478,1.63185,1.63205,0.20,0.30
2008.05.14 12:27:00.876,1.63185,1.63205,0.20,0.50
2008.05.14 12:27:05.476,1.6318,1.632,0.30,0.30
2008.05.14 12:27:09.133,1.63185,1.63205,0.20,0.70
2008.05.14 12:27:09.507,1.63185,1.63205,0.20,0.30
2008.05.14 12:27:09.787,1.63185,1.63205,0.20,0.50
2008.05.14 12:27:11.654,1.63185,1.63205,0.20,0.70
2008.05.14 12:27:12.825,1.63185,1.63205,0.20,0.50
2008.05.14 12:27:13.302,1.6318,1.632,0.30,0.30
2008.05.14 12:27:15.409,1.6318,1.632,2.60,0.30
2008.05.14 12:27:15.453,1.63185,1.63205,0.20,0.50
2008.05.14 12:27:15.753,1.63185,1.63205,0.20,0.70
2008.05.14 12:27:15.897,1.63185,1.63205,0.20,0.50
2008.05.14 12:27:16.942,1.6318,1.63195,0.10,0.30
2008.05.14 12:27:17.612,1.6318,1.632,0.30,0.30
2008.05.14 12:27:18.111,1.63185,1.63205,0.20,0.50
2008.05.14 12:27:18.917,1.6318,1.632,0.30,0.30
2008.05.14 12:27:21.963,1.6318,1.632,0.10,0.30
2008.05.14 12:27:22.181,1.6318,1.632,0.30,0.30
2008.05.14 12:27:33.689,1.6318,1.63195,0.10,0.30
2008.05.14 12:27:35.948,1.6318,1.632,0.30,0.30
2008.05.14 12:27:37.749,1.63185,1.63205,0.40,0.30
2008.05.14 12:27:37.905,1.6318,1.632,4.20,0.30
2008.05.14 12:27:38.083,1.6318,1.632,0.30,0.30
2008.05.14 12:27:40.091,1.6318,1.632,0.30,0.50
2008.05.14 12:27:40.927,1.6318,1.632,0.30,0.30
2008.05.14 12:27:43.201,1.6318,1.63195,0.10,0.30
2008.05.14 12:27:43.356,1.6317,1.63195,2.50,0.50
2008.05.14 12:27:43.559,1.63175,1.63195,0.20,0.20
2008.05.14 12:27:44.109,1.6318,1.632,0.20,0.50
2008.05.14 12:27:45.559,1.63165,1.6317,0.40,0.30
2008.05.14 12:27:45.799,1.6316,1.6317,12.00,0.30
2008.05.14 12:27:45.973,1.6316,1.63175,12.00,0.30
2008.05.14 12:27:46.079,1.63155,1.63175,0.20,0.30
2008.05.14 12:27:46.371,1.63145,1.63165,0.20,0.30
2008.05.14 12:27:49.187,1.6315,1.6317,0.20,0.30
2008.05.14 12:27:51.104,1.6315,1.63175,0.20,0.50
2008.05.14 12:27:51.200,1.63155,1.63175,0.20,0.50
2008.05.14 12:27:53.018,1.6316,1.63175,0.20,0.40
2008.05.14 12:27:53.147,1.6316,1.6318,0.20,0.50
2008.05.14 12:27:55.770,1.6316,1.6318,0.20,0.30
2008.05.14 12:27:56.301,1.6316,1.6318,0.20,0.50
2008.05.14 12:27:56.555,1.6316,1.6318,0.20,0.30
2008.05.14 12:27:58.723,1.63165,1.63185,0.20,0.50
2008.05.14 12:27:59.191,1.63165,1.63185,0.20,0.30
2008.05.14 12:28:00.380,1.6316,1.6318,0.20,0.30
2008.05.14 12:28:00.921,1.63165,1.63185,0.20,0.50
2008.05.14 12:28:02.213,1.63175,1.6319,0.20,4.00
2008.05.14 12:28:02.256,1.63175,1.63195,0.20,0.50
2008.05.14 12:28:03.478,1.6317,1.6319,0.20,0.30
2008.05.14 12:28:04.244,1.6317,1.63195,0.20,0.30
2008.05.14 12:28:04.474,1.63175,1.63195,0.60,0.30
2008.05.14 12:28:10.701,1.63175,1.6319,0.40,0.30
2008.05.14 12:28:10.719,1.6317,1.6319,4.10,0.30
2008.05.14 12:28:11.117,1.6317,1.6319,0.20,0.30
2008.05.14 12:28:16.385,1.63175,1.63195,0.20,0.50
2008.05.14 12:28:16.899,1.63175,1.63195,0.60,0.30
2008.05.14 12:28:18.703,1.63175,1.6319,0.40,0.30
2008.05.14 12:28:18.844,1.63175,1.63195,0.20,0.20
2008.05.14 12:28:18.985,1.63175,1.632,0.60,0.30
2008.05.14 12:28:19.402,1.63175,1.63195,0.40,0.30
2008.05.14 12:28:19.544,1.6317,1.63195,0.20,0.30
2008.05.14 12:28:19.698,1.6317,1.63195,4.10,0.30
2008.05.14 12:28:19.824,1.63175,1.63195,0.40,0.30
2008.05.14 12:28:20.039,1.63175,1.63195,0.20,0.30
2008.05.14 12:28:20.921,1.6317,1.6319,0.20,0.30
2008.05.14 12:28:22.186,1.6317,1.6319,0.20,4.20
2008.05.14 12:28:22.271,1.6317,1.63185,0.20,0.20
2008.05.14 12:28:22.441,1.63165,1.63185,0.20,0.20
2008.05.14 12:28:22.990,1.6317,1.6319,0.20,0.30
2008.05.14 12:28:24.064,1.63175,1.6319,0.40,0.30
2008.05.14 12:28:26.132,1.6317,1.6319,4.10,0.30
2008.05.14 12:28:26.210,1.6317,1.6319,0.20,0.30
2008.05.14 12:28:27.428,1.63175,1.63195,0.20,0.70
2008.05.14 12:28:28.629,1.63175,1.63195,0.20,0.50
2008.05.14 12:28:30.293,1.63175,1.63195,0.20,0.70
2008.05.14 12:28:37.025,1.63175,1.63195,0.20,0.50
2008.05.14 12:28:43.142,1.6318,1.63195,0.20,0.20
2008.05.14 12:28:43.239,1.6318,1.632,0.20,0.50
2008.05.14 12:28:45.084,1.6318,1.632,0.20,0.30
2008.05.14 12:28:47.585,1.63185,1.63205,0.20,0.70
2008.05.14 12:28:47.733,1.63185,1.63205,0.20,0.50
2008.05.14 12:28:47.974,1.63175,1.63195,0.60,0.30
2008.05.14 12:28:48.624,1.63185,1.63205,0.20,1.50
2008.05.14 12:28:48.739,1.63185,1.63205,0.20,1.30
2008.05.14 12:28:48.953,1.63185,1.63205,0.20,0.50
2008.05.14 12:28:49.255,1.6319,1.6321,0.20,0.40
2008.05.14 12:28:49.385,1.6319,1.6321,0.20,0.50
2008.05.14 12:28:49.873,1.6319,1.6321,0.20,0.40
2008.05.14 12:28:50.954,1.63185,1.63205,0.20,0.30
2008.05.14 12:28:51.132,1.63185,1.63205,0.20,0.50
2008.05.14 12:28:51.627,1.63185,1.63205,0.20,0.70
2008.05.14 12:28:51.715,1.6318,1.632,0.20,0.30
2008.05.14 12:28:51.978,1.63175,1.63195,0.60,0.30
2008.05.14 12:28:52.265,1.6318,1.632,0.20,0.50
2008.05.14 12:28:52.923,1.63175,1.63195,0.60,0.30
2008.05.14 12:28:53.150,1.63175,1.63195,0.60,0.50
2008.05.14 12:28:53.433,1.63175,1.63195,0.60,0.30
2008.05.14 12:28:55.103,1.63175,1.63195,0.20,0.50
2008.05.14 12:28:55.219,1.63175,1.63195,0.20,0.70
2008.05.14 12:28:56.436,1.63165,1.63185,0.60,0.30
2008.05.14 12:28:56.657,1.63165,1.6319,0.60,0.50
2008.05.14 12:28:56.927,1.63165,1.6319,0.60,0.30
2008.05.14 12:28:57.088,1.63175,1.63195,0.60,1.30
2008.05.14 12:28:57.166,1.63175,1.63185,0.40,0.30
2008.05.14 12:28:57.276,1.63165,1.63185,0.60,0.30
2008.05.14 12:28:57.352,1.6317,1.6319,0.20,0.30
2008.05.14 12:28:58.787,1.6317,1.6319,0.20,0.50
2008.05.14 12:28:58.883,1.6317,1.6319,0.20,0.30
2008.05.14 12:29:00.057,1.6317,1.6319,0.20,0.50
2008.05.14 12:29:04.991,1.63165,1.6319,0.20,0.50
2008.05.14 12:29:05.441,1.6317,1.6319,0.20,0.40
2008.05.14 12:29:06.196,1.63175,1.63195,0.20,0.50
2008.05.14 12:29:06.709,1.6317,1.63195,0.20,0.50
2008.05.14 12:29:07.114,1.63175,1.63195,0.20,0.50
2008.05.14 12:29:07.968,1.6317,1.6319,0.20,0.40
2008.05.14 12:29:09.554,1.6317,1.6319,0.20,0.50
2008.05.14 12:29:10.023,1.63165,1.6319,0.20,0.50
2008.05.14 12:29:10.236,1.63175,1.6319,0.20,0.40
2008.05.14 12:29:10.426,1.63175,1.63195,0.20,0.50
2008.05.14 12:29:14.895,1.63175,1.63195,0.20,0.30
2008.05.14 12:29:15.052,1.63175,1.63195,0.20,0.50
2008.05.14 12:29:15.464,1.63175,1.6319,0.20,0.40
2008.05.14 12:29:15.976,1.63175,1.63195,0.20,0.50
2008.05.14 12:29:17.057,1.63175,1.63195,0.20,0.30
2008.05.14 12:29:20.639,1.63175,1.63195,0.20,0.50
2008.05.14 12:29:22.496,1.63175,1.63195,0.20,0.30
2008.05.14 12:29:24.880,1.63175,1.63195,0.20,0.50
2008.05.14 12:29:25.752,1.63175,1.63195,0.20,0.30
2008.05.14 12:29:26.406,1.63175,1.63195,0.20,0.50
2008.05.14 12:29:27.654,1.63175,1.63195,0.20,0.30
2008.05.14 12:29:27.944,1.63175,1.632,0.20,0.30
2008.05.14 12:29:28.086,1.63175,1.63195,0.20,0.30
2008.05.14 12:29:28.226,1.63175,1.63195,0.20,0.50
2008.05.14 12:29:28.365,1.63175,1.63195,0.20,0.30
2008.05.14 12:29:28.938,1.63175,1.63195,0.20,0.50
2008.05.14 12:29:30.834,1.63175,1.63195,0.20,0.30
2008.05.14 12:29:31.746,1.63175,1.6319,0.20,0.40
2008.05.14 12:29:32.257,1.63175,1.63195,0.20,0.50
2008.05.14 12:29:33.719,1.63175,1.6319,0.20,0.40
2008.05.14 12:29:34.510,1.6317,1.6319,0.20,0.40
2008.05.14 12:29:35.000,1.63165,1.6319,0.20,0.50
2008.05.14 12:29:35.292,1.6316,1.6318,1.20,0.30
2008.05.14 12:29:35.977,1.6316,1.63185,1.30,0.30
2008.05.14 12:29:36.072,1.6316,1.6318,1.20,0.30
2008.05.14 12:29:36.254,1.6316,1.63185,1.30,0.30
2008.05.14 12:29:36.852,1.63165,1.6319,0.20,0.50
2008.05.14 12:29:37.194,1.63175,1.6319,0.20,0.40
2008.05.14 12:29:37.364,1.63175,1.63195,0.20,0.50
2008.05.14 12:29:37.741,1.63165,1.6319,0.20,0.30
2008.05.14 12:29:37.933,1.6317,1.6319,0.20,0.40
2008.05.14 12:29:38.125,1.63165,1.6319,0.20,0.30
2008.05.14 12:29:38.318,1.63175,1.63195,0.20,0.50
2008.05.14 12:29:41.610,1.6317,1.63195,0.20,0.50
2008.05.14 12:29:42.433,1.6316,1.63185,0.40,0.30
2008.05.14 12:29:42.761,1.63165,1.63185,0.20,0.30
2008.05.14 12:29:43.047,1.63165,1.6319,0.20,0.50
2008.05.14 12:29:43.971,1.63175,1.63195,0.20,0.50
2008.05.14 12:29:48.299,1.6316,1.63185,0.20,0.30
2008.05.14 12:29:48.434,1.63175,1.63195,0.20,0.50
2008.05.14 12:29:49.901,1.6317,1.6319,0.20,0.30
2008.05.14 12:29:50.063,1.63165,1.63185,0.20,0.30
2008.05.14 12:29:51.251,1.63175,1.63195,0.20,0.30
2008.05.14 12:29:51.566,1.6317,1.6319,0.20,0.30
2008.05.14 12:29:53.546,1.63155,1.63175,0.20,0.30
2008.05.14 12:29:54.593,1.63155,1.6318,0.20,1.00
2008.05.14 12:29:54.935,1.63155,1.63175,0.20,0.30
2008.05.14 12:29:55.801,1.6314,1.6318,4.00,0.80
2008.05.14 12:29:56.061,1.6314,1.6318,2.40,0.80
2008.05.14 12:29:57.041,1.6314,1.6319,2.40,4.80
2008.05.14 12:29:57.191,1.6314,1.6318,1.60,1.60
2008.05.14 12:29:57.356,1.6312,1.6318,2.40,6.40
2008.05.14 12:29:59.265,1.6312,1.6318,2.40,4.80
2008.05.14 12:29:59.420,1.6312,1.6318,2.40,1.60
2008.05.14 12:29:59.576,1.6312,1.6319,2.40,2.40
2008.05.14 12:30:00.653,1.6312,1.6322,2.40,2.40
2008.05.14 12:30:00.869,1.6311,1.6322,1.60,2.40
2008.05.14 12:30:01.036,1.6311,1.6322,0.80,2.40
2008.05.14 12:30:01.310,1.6309,1.632,2.40,3.20
2008.05.14 12:30:01.581,1.631,1.6317,0.80,0.70
2008.05.14 12:30:01.879,1.6315,1.632,2.40,5.60
2008.05.14 12:30:02.152,1.6315,1.632,0.80,4.80
2008.05.14 12:30:02.398,1.6311,1.632,0.80,4.80
2008.05.14 12:30:02.726,1.6314,1.632,3.20,4.80
2008.05.14 12:30:03.042,1.6311,1.632,1.60,0.80
2008.05.14 12:30:03.275,1.6316,1.632,6.40,0.80
2008.05.14 12:30:03.611,1.6318,1.6321,0.80,4.80
2008.05.14 12:30:03.949,1.6319,1.6321,0.20,4.80
2008.05.14 12:30:04.287,1.6312,1.6321,2.40,4.00
2008.05.14 12:30:04.809,1.6312,1.6319,12.00,1.60
2008.05.14 12:30:05.140,1.631,1.6318,0.80,12.00
2008.05.14 12:30:05.807,1.6313,1.6321,12.00,4.00
2008.05.14 12:30:07.552,1.6315,1.6321,4.00,4.00
2008.05.14 12:30:07.681,1.6314,1.6319,1.60,3.20
2008.05.14 12:30:07.862,1.6312,1.6317,4.80,1.60
2008.05.14 12:30:08.153,1.6312,1.6317,2.40,1.60
2008.05.14 12:30:08.461,1.6312,1.6317,2.40,0.80
2008.05.14 12:30:08.526,1.6312,1.6318,0.80,0.80
2008.05.14 12:30:08.646,1.6311,1.6317,13.60,0.80
2008.05.14 12:30:09.072,1.6311,1.6317,0.80,0.80
2008.05.14 12:30:09.488,1.6312,1.6317,12.00,0.80
2008.05.14 12:30:09.832,1.6311,1.6317,12.80,0.80
2008.05.14 12:30:10.205,1.6311,1.6318,12.80,0.80
2008.05.14 12:30:10.381,1.631,1.6315,12.00,0.80
2008.05.14 12:30:10.623,1.6309,1.6313,16.80,0.80
2008.05.14 12:30:10.850,1.6309,1.6313,2.40,0.80
2008.05.14 12:30:11.075,1.6309,1.6312,2.40,0.80
2008.05.14 12:30:11.300,1.6309,1.6311,2.40,0.80
2008.05.14 12:30:11.569,1.6309,1.6313,2.40,0.50
2008.05.14 12:30:11.794,1.6309,1.6314,2.40,0.50
2008.05.14 12:30:12.121,1.6309,1.6315,1.60,14.40
2008.05.14 12:30:12.496,1.631,1.63125,0.80,0.20
2008.05.14 12:30:12.911,1.6308,1.63145,2.40,0.20
2008.05.14 12:30:13.196,1.63085,1.63205,0.40,0.20
2008.05.14 12:30:13.483,1.63085,1.63145,0.40,0.80
2008.05.14 12:30:13.770,1.63085,1.63145,0.40,0.20
2008.05.14 12:30:14.141,1.63085,1.6315,0.40,4.00
2008.05.14 12:30:14.471,1.63085,1.63155,0.40,0.80
2008.05.14 12:30:14.810,1.63085,1.6314,0.40,1.60
2008.05.14 12:30:15.006,1.6308,1.6314,5.60,3.20
2008.05.14 12:30:15.208,1.63065,1.6312,0.40,0.80
2008.05.14 12:30:15.377,1.63065,1.6312,0.40,3.20
2008.05.14 12:30:15.541,1.63075,1.6312,0.40,2.40
2008.05.14 12:30:15.760,1.63075,1.6312,0.40,1.60
2008.05.14 12:30:15.924,1.63065,1.6312,0.40,0.80
2008.05.14 12:30:17.782,1.63065,1.6314,0.40,0.80
2008.05.14 12:30:17.999,1.63065,1.63135,0.40,0.20
2008.05.14 12:30:18.263,1.63065,1.6312,0.40,0.80
2008.05.14 12:30:18.608,1.63065,1.63135,0.40,0.20
2008.05.14 12:30:18.871,1.63075,1.6313,0.40,0.80
2008.05.14 12:30:19.133,1.63075,1.6315,0.40,0.80
2008.05.14 12:30:19.516,1.631,1.6316,4.00,12.00
2008.05.14 12:30:19.849,1.63105,1.6316,0.40,12.00
2008.05.14 12:30:20.242,1.63095,1.6316,0.40,12.00
2008.05.14 12:30:20.479,1.63075,1.6316,0.40,12.00
2008.05.14 12:30:20.801,1.63085,1.6316,0.40,12.00
2008.05.14 12:30:21.037,1.6308,1.6316,4.00,12.00
2008.05.14 12:30:21.308,1.6307,1.6316,12.00,12.00
2008.05.14 12:30:22.202,1.6307,1.6316,12.00,12.30
2008.05.14 12:30:22.455,1.63075,1.6316,0.40,12.00
2008.05.14 12:30:22.707,1.6308,1.63155,12.00,0.40
2008.05.14 12:30:23.046,1.63095,1.63155,0.40,0.40
2008.05.14 12:30:23.297,1.6312,1.63165,0.80,0.80
2008.05.14 12:30:23.618,1.6312,1.63155,4.80,0.40
2008.05.14 12:30:23.938,1.6313,1.6316,0.80,0.40
2008.05.14 12:30:24.285,1.63125,1.63165,0.40,0.40
2008.05.14 12:30:24.562,1.6314,1.63175,0.80,0.40
2008.05.14 12:30:25.194,1.6313,1.63165,0.80,0.40
2008.05.14 12:30:25.432,1.6312,1.63155,7.20,0.40
2008.05.14 12:30:25.672,1.6312,1.6315,0.80,0.40
2008.05.14 12:30:25.907,1.6312,1.63155,0.80,0.40
2008.05.14 12:30:26.145,1.6312,1.6316,0.80,3.50
2008.05.14 12:30:26.384,1.6312,1.6316,0.80,3.20
2008.05.14 12:30:26.978,1.6313,1.6317,0.80,1.60
2008.05.14 12:30:27.458,1.63125,1.63165,0.40,0.40
2008.05.14 12:30:29.263,1.63135,1.63165,0.40,0.40
2008.05.14 12:30:29.700,1.63135,1.6317,0.40,1.10
2008.05.14 12:30:29.948,1.6312,1.6316,7.20,0.40
2008.05.14 12:30:30.206,1.6312,1.6316,7.20,1.10
2008.05.14 12:30:30.448,1.6312,1.6316,1.60,1.10
2008.05.14 12:30:30.699,1.6311,1.6315,2.40,0.80
2008.05.14 12:30:30.967,1.6312,1.63155,0.80,0.40
2008.05.14 12:30:31.579,1.6311,1.63155,0.80,0.40
2008.05.14 12:30:33.060,1.63125,1.63155,0.40,0.40
2008.05.14 12:30:33.332,1.63125,1.6316,0.40,0.40
2008.05.14 12:30:33.876,1.6312,1.6316,0.80,0.40
2008.05.14 12:30:35.352,1.63115,1.6316,0.40,0.40
2008.05.14 12:30:35.486,1.63135,1.6316,0.40,0.40
2008.05.14 12:30:36.369,1.63135,1.63165,0.40,0.40
2008.05.14 12:30:36.675,1.63135,1.63165,0.40,0.20
2008.05.14 12:30:36.979,1.63135,1.6316,0.40,0.40
2008.05.14 12:30:38.067,1.6312,1.6316,2.40,5.90
2008.05.14 12:30:38.251,1.6312,1.63135,2.40,0.20
2008.05.14 12:30:38.475,1.6311,1.63135,0.20,0.20
2008.05.14 12:30:38.751,1.63115,1.63145,0.40,0.40
2008.05.14 12:30:39.107,1.63095,1.63145,0.40,0.60
2008.05.14 12:30:39.363,1.63095,1.6314,0.40,0.40
2008.05.14 12:30:39.872,1.63105,1.6314,0.40,0.40
2008.05.14 12:30:40.137,1.63115,1.6315,0.40,2.40
2008.05.14 12:30:40.431,1.6311,1.6314,6.40,0.40
2008.05.14 12:30:40.631,1.63095,1.63145,0.40,0.60
2008.05.14 12:30:41.420,1.63095,1.6314,0.40,0.40
2008.05.14 12:30:41.536,1.631,1.6314,0.80,0.40
2008.05.14 12:30:41.840,1.631,1.63135,0.80,0.40
2008.05.14 12:30:42.081,1.63115,1.6314,0.40,0.40
2008.05.14 12:30:42.563,1.6311,1.63135,0.80,0.40
2008.05.14 12:30:42.807,1.631,1.63125,0.80,0.60
2008.05.14 12:30:43.049,1.6309,1.63125,0.80,0.40
2008.05.14 12:30:43.415,1.6308,1.6312,0.80,0.40
2008.05.14 12:30:43.721,1.63075,1.6313,0.40,0.40
2008.05.14 12:30:44.026,1.63075,1.6312,0.40,0.40
2008.05.14 12:30:44.329,1.63075,1.6311,0.40,0.40
2008.05.14 12:30:45.016,1.63075,1.63095,0.40,0.40
2008.05.14 12:30:45.157,1.6306,1.63095,0.80,0.40
2008.05.14 12:30:45.297,1.63055,1.63095,0.40,0.40
2008.05.14 12:30:45.958,1.6305,1.6308,4.80,0.40
2008.05.14 12:30:46.203,1.6307,1.63105,2.40,0.60
2008.05.14 12:30:46.740,1.6305,1.631,12.80,0.40
2008.05.14 12:30:46.969,1.6305,1.6309,12.00,0.40
2008.05.14 12:30:47.389,1.6304,1.63075,9.60,4.00
2008.05.14 12:30:47.575,1.63045,1.63075,0.40,0.40
2008.05.14 12:30:48.599,1.63055,1.6308,0.40,0.40
2008.05.14 12:30:49.227,1.63055,1.63085,0.40,0.40
2008.05.14 12:30:49.495,1.6306,1.63085,0.80,0.40
2008.05.14 12:30:49.684,1.6306,1.6309,0.80,0.40
2008.05.14 12:30:49.911,1.63055,1.6309,0.40,0.40
2008.05.14 12:30:51.118,1.63055,1.63085,0.40,0.40
2008.05.14 12:30:51.360,1.63055,1.63095,0.40,0.40
2008.05.14 12:30:51.619,1.63055,1.63085,0.40,0.40
2008.05.14 12:30:52.504,1.6304,1.63085,8.80,0.60
2008.05.14 12:30:52.869,1.6305,1.63085,0.80,0.40
2008.05.14 12:30:53.178,1.63055,1.63085,0.40,0.60
2008.05.14 12:30:53.819,1.6306,1.6308,0.20,0.30
2008.05.14 12:30:54.067,1.6306,1.6308,0.20,0.50
2008.05.14 12:30:56.496,1.63065,1.63085,0.20,0.30
2008.05.14 12:30:58.794,1.63065,1.63085,0.20,0.50
2008.05.14 12:30:59.052,1.63065,1.63085,0.60,0.30
2008.05.14 12:30:59.540,1.6307,1.6309,0.20,0.50
2008.05.14 12:30:59.744,1.6307,1.6309,0.20,0.30
2008.05.14 12:31:03.372,1.63075,1.63095,0.40,0.30
2008.05.14 12:31:03.607,1.63075,1.63095,0.60,0.30
2008.05.14 12:31:03.669,1.6308,1.631,0.20,0.30
2008.05.14 12:31:04.067,1.63085,1.63105,0.20,0.50
2008.05.14 12:31:04.845,1.6308,1.631,0.20,0.30
2008.05.14 12:31:06.201,1.63075,1.631,0.20,0.30
2008.05.14 12:31:06.601,1.63075,1.63095,0.20,0.30
2008.05.14 12:31:06.805,1.6307,1.63095,0.20,0.30
2008.05.14 12:31:07.088,1.63075,1.63095,0.20,0.30
2008.05.14 12:31:10.094,1.63075,1.631,0.20,0.30
2008.05.14 12:31:10.378,1.63075,1.63095,0.20,0.30
2008.05.14 12:31:14.411,1.63075,1.63095,0.60,0.30
2008.05.14 12:31:14.647,1.6308,1.63105,0.20,0.30
2008.05.14 12:31:14.923,1.63075,1.63095,0.60,0.30
2008.05.14 12:31:15.191,1.6309,1.6311,0.20,2.60
2008.05.14 12:31:15.452,1.6309,1.6311,0.20,0.30
2008.05.14 12:31:15.713,1.6308,1.63105,0.20,0.30
2008.05.14 12:31:16.243,1.6308,1.631,0.20,0.30
2008.05.14 12:31:16.466,1.63085,1.6311,0.20,2.60
2008.05.14 12:31:16.654,1.6308,1.63105,0.20,0.30
2008.05.14 12:31:17.282,1.6309,1.6311,0.20,0.30
2008.05.14 12:31:17.941,1.6308,1.63105,0.30,0.30
2008.05.14 12:31:18.743,1.631,1.6312,0.20,3.40
2008.05.14 12:31:18.939,1.631,1.6312,0.20,0.30
2008.05.14 12:31:19.352,1.6311,1.63125,0.20,0.20
2008.05.14 12:31:19.506,1.63105,1.63125,0.20,0.30
2008.05.14 12:31:20.562,1.6311,1.6313,0.20,0.30
2008.05.14 12:31:20.980,1.6311,1.63125,0.20,0.20
2008.05.14 12:31:21.023,1.6311,1.6313,0.20,4.20
2008.05.14 12:31:21.226,1.6311,1.6313,0.20,0.30
2008.05.14 12:31:21.782,1.6312,1.63145,0.20,0.50
2008.05.14 12:31:22.043,1.6314,1.6315,0.20,5.90
2008.05.14 12:31:22.300,1.63125,1.6315,0.20,4.40
2008.05.14 12:31:22.556,1.63115,1.63135,0.60,0.30
2008.05.14 12:31:22.973,1.63115,1.6312,0.20,0.80
2008.05.14 12:31:23.310,1.63105,1.63125,0.20,0.40
2008.05.14 12:31:23.646,1.631,1.63125,0.20,0.30
2008.05.14 12:31:23.968,1.63095,1.63115,0.20,0.30
2008.05.14 12:31:24.946,1.63095,1.63115,0.20,0.50
2008.05.14 12:31:25.437,1.63105,1.63125,0.20,0.50
2008.05.14 12:31:25.683,1.631,1.63115,0.20,0.40
2008.05.14 12:31:26.042,1.63095,1.63115,0.60,0.40
2008.05.14 12:31:26.312,1.63095,1.63115,0.20,0.30
2008.05.14 12:31:26.585,1.631,1.6312,0.20,1.20
2008.05.14 12:31:26.855,1.631,1.6312,0.20,0.50
2008.05.14 12:31:27.102,1.631,1.6312,0.20,1.20
2008.05.14 12:31:27.998,1.63095,1.6311,0.20,0.60
2008.05.14 12:31:28.323,1.63085,1.63105,0.60,0.30
2008.05.14 12:31:28.648,1.63095,1.63115,0.20,0.40
2008.05.14 12:31:28.883,1.63085,1.63105,0.60,0.30
2008.05.14 12:31:29.095,1.63085,1.6311,0.60,0.30
2008.05.14 12:31:29.585,1.63085,1.63105,0.60,0.50
2008.05.14 12:31:30.184,1.6308,1.631,0.20,0.30
2008.05.14 12:31:30.445,1.63075,1.631,0.20,0.50
2008.05.14 12:31:30.707,1.63065,1.6309,0.60,0.30
2008.05.14 12:31:30.882,1.63065,1.63085,0.60,0.30
2008.05.14 12:31:31.057,1.63065,1.63085,0.60,0.50
2008.05.14 12:31:31.815,1.63065,1.63085,0.60,0.30
2008.05.14 12:31:32.326,1.6306,1.63075,2.40,0.30
2008.05.14 12:31:32.464,1.63055,1.63075,0.60,0.30
2008.05.14 12:31:32.689,1.6306,1.6308,0.20,0.30
2008.05.14 12:31:33.002,1.63055,1.63075,0.60,0.30
2008.05.14 12:31:33.456,1.6305,1.6307,6.40,0.30
2008.05.14 12:31:33.688,1.63045,1.63065,0.60,0.30
2008.05.14 12:31:33.989,1.6305,1.6307,0.20,0.30
2008.05.14 12:31:34.597,1.63055,1.6308,0.60,2.60
2008.05.14 12:31:34.878,1.6306,1.6308,0.20,2.40
2008.05.14 12:31:35.431,1.6306,1.6308,0.20,2.70
2008.05.14 12:31:35.592,1.63055,1.6308,0.60,2.90
2008.05.14 12:31:35.837,1.6306,1.6308,0.20,2.90
2008.05.14 12:31:36.085,1.6305,1.6307,4.90,0.30
2008.05.14 12:31:36.339,1.6305,1.6307,0.20,0.30
2008.05.14 12:31:36.751,1.63065,1.6308,0.20,0.40
2008.05.14 12:31:36.914,1.63055,1.63075,0.40,0.30
2008.05.14 12:31:37.335,1.6305,1.6307,0.20,0.30
2008.05.14 12:31:37.952,1.63055,1.63075,0.40,0.30
2008.05.14 12:31:38.134,1.6306,1.63085,0.20,0.30
2008.05.14 12:31:38.320,1.63055,1.63075,0.60,0.30
2008.05.14 12:31:38.615,1.63055,1.6308,0.60,0.30
2008.05.14 12:31:38.980,1.63055,1.63075,0.60,0.30
2008.05.14 12:31:39.258,1.6307,1.6309,0.20,0.30
2008.05.14 12:31:39.481,1.63075,1.63095,0.60,0.30
2008.05.14 12:31:39.705,1.63075,1.63095,0.20,0.50
2008.05.14 12:31:39.927,1.63075,1.63095,0.20,0.30
2008.05.14 12:31:40.734,1.63085,1.63105,0.20,0.40
2008.05.14 12:31:41.016,1.63075,1.631,0.60,0.30
2008.05.14 12:31:41.299,1.63075,1.63095,0.20,0.30
2008.05.14 12:31:41.466,1.63075,1.631,0.60,0.30
2008.05.14 12:31:42.145,1.63075,1.63095,0.60,0.30
2008.05.14 12:31:42.310,1.63075,1.63095,0.20,0.30
2008.05.14 12:31:42.779,1.63075,1.631,0.20,0.30
2008.05.14 12:31:43.264,1.6307,1.63095,0.20,0.30
2008.05.14 12:31:43.551,1.6307,1.6309,0.20,0.30
2008.05.14 12:31:43.784,1.63075,1.63095,0.20,0.30
2008.05.14 12:31:43.931,1.6307,1.6309,0.20,0.30
2008.05.14 12:31:44.380,1.63075,1.631,0.20,0.80
2008.05.14 12:31:44.764,1.63075,1.63095,0.60,0.30
2008.05.14 12:31:45.155,1.63075,1.63095,0.20,0.30
2008.05.14 12:31:45.463,1.63075,1.631,0.20,1.20
2008.05.14 12:31:45.690,1.63075,1.63095,0.20,0.50
2008.05.14 12:31:45.842,1.63075,1.63095,0.20,0.30
2008.05.14 12:31:46.079,1.6308,1.63105,0.20,0.70
2008.05.14 12:31:46.305,1.63085,1.63105,0.20,0.50
2008.05.14 12:31:46.729,1.6308,1.631,0.20,0.30
2008.05.14 12:31:47.010,1.631,1.6312,0.20,2.90
2008.05.14 12:31:47.291,1.63095,1.63115,0.60,0.30
2008.05.14 12:31:47.572,1.63095,1.6311,0.40,0.30
2008.05.14 12:31:47.867,1.6309,1.6311,4.10,0.30
2008.05.14 12:31:48.163,1.63085,1.63105,0.60,0.30
2008.05.14 12:31:49.039,1.63085,1.63105,0.20,0.30
2008.05.14 12:31:49.537,1.63085,1.63105,0.60,0.30
2008.05.14 12:31:49.954,1.6309,1.6311,0.20,0.30
2008.05.14 12:31:51.162,1.63095,1.6312,0.60,0.30
2008.05.14 12:31:51.305,1.63095,1.63115,0.20,0.30
2008.05.14 12:31:51.514,1.6309,1.6311,0.20,0.30
2008.05.14 12:31:51.792,1.6309,1.63115,0.20,0.30
2008.05.14 12:31:52.675,1.6309,1.6311,0.20,0.30
2008.05.14 12:31:53.276,1.63085,1.63095,0.40,0.30
2008.05.14 12:31:53.560,1.63085,1.631,0.20,0.40
2008.05.14 12:31:53.763,1.63085,1.63105,0.20,0.30
2008.05.14 12:31:53.954,1.631,1.6312,0.20,1.20
2008.05.14 12:31:54.286,1.631,1.6312,0.20,0.50
2008.05.14 12:31:54.618,1.631,1.63125,0.20,0.30
2008.05.14 12:31:55.204,1.631,1.63125,0.20,0.50
2008.05.14 12:31:55.384,1.631,1.63125,0.20,0.70
2008.05.14 12:31:55.648,1.631,1.6312,0.20,0.30
2008.05.14 12:31:55.830,1.631,1.6311,0.20,0.80
2008.05.14 12:31:55.979,1.6309,1.6311,12.30,0.80
2008.05.14 12:31:56.201,1.63095,1.6311,4.10,0.80
2008.05.14 12:31:56.498,1.63095,1.6311,4.00,1.00
2008.05.14 12:31:57.006,1.63095,1.6311,4.00,0.80
2008.05.14 12:31:57.271,1.631,1.6311,0.20,0.80
2008.05.14 12:31:59.520,1.631,1.6312,0.20,0.30
2008.05.14 12:31:59.733,1.631,1.6312,0.20,0.80
2008.05.14 12:31:59.943,1.63095,1.63115,4.40,0.30
2008.05.14 12:32:00.201,1.631,1.63115,4.00,0.30
2008.05.14 12:32:00.447,1.63115,1.6312,0.20,0.40
2008.05.14 12:32:00.691,1.6311,1.63125,0.20,0.40
2008.05.14 12:32:00.945,1.63105,1.63125,0.20,0.30
2008.05.14 12:32:01.165,1.6311,1.63125,0.20,0.40
2008.05.14 12:32:01.629,1.6311,1.6313,0.20,2.40
2008.05.14 12:32:01.930,1.6311,1.63135,0.20,0.50
2008.05.14 12:32:02.145,1.63125,1.6314,0.20,5.70
2008.05.14 12:32:02.335,1.63125,1.6314,0.20,0.60
2008.05.14 12:32:02.534,1.63125,1.63145,0.20,0.40
2008.05.14 12:32:02.802,1.63125,1.6315,0.20,4.40
2008.05.14 12:32:03.074,1.63125,1.6315,0.20,3.60
2008.05.14 12:32:03.350,1.6313,1.6315,0.20,2.40
2008.05.14 12:32:03.625,1.6313,1.6315,0.20,2.60
2008.05.14 12:32:03.900,1.6313,1.6315,0.20,0.30
2008.05.14 12:32:04.175,1.63125,1.6315,0.20,0.30
2008.05.14 12:32:04.768,1.6313,1.6315,0.20,0.30
2008.05.14 12:32:05.085,1.63125,1.63145,0.20,0.30
2008.05.14 12:32:05.555,1.6313,1.6315,0.20,0.30
2008.05.14 12:32:05.706,1.6313,1.63155,0.20,0.30
2008.05.14 12:32:06.004,1.63135,1.63155,0.20,0.30
2008.05.14 12:32:06.531,1.63135,1.6316,0.20,0.30
2008.05.14 12:32:06.745,1.63135,1.63155,0.20,0.30
2008.05.14 12:32:07.052,1.63135,1.63155,0.20,0.50
2008.05.14 12:32:07.431,1.63135,1.63155,0.20,0.50
2008.05.14 12:32:07.811,1.63135,1.63155,0.20,0.30
2008.05.14 12:32:08.097,1.63145,1.63165,0.20,0.70
2008.05.14 12:32:08.378,1.6314,1.6316,0.20,0.30
2008.05.14 12:32:09.451,1.6314,1.63165,0.20,0.70
2008.05.14 12:32:09.708,1.6314,1.6316,0.20,0.30
2008.05.14 12:32:09.964,1.63145,1.6317,0.20,0.30
2008.05.14 12:32:10.263,1.6316,1.6318,0.20,2.40
2008.05.14 12:32:10.590,1.63155,1.63175,0.20,0.30
2008.05.14 12:32:10.778,1.63165,1.63185,0.20,0.50
2008.05.14 12:32:11.053,1.6316,1.6318,0.20,0.50
2008.05.14 12:32:11.231,1.6316,1.6318,0.20,0.40
2008.05.14 12:32:11.492,1.6316,1.63185,0.20,0.50
2008.05.14 12:32:11.672,1.63165,1.63185,0.20,0.40
2008.05.14 12:32:11.942,1.6317,1.63195,0.20,0.50
2008.05.14 12:32:12.288,1.63175,1.63195,0.20,0.30
2008.05.14 12:32:12.639,1.63165,1.63185,0.20,0.70
2008.05.14 12:32:12.928,1.6316,1.6318,0.20,0.30
2008.05.14 12:32:13.256,1.63155,1.63175,0.20,0.30
2008.05.14 12:32:13.877,1.6315,1.6317,4.10,0.30
2008.05.14 12:32:14.200,1.63155,1.63175,0.20,0.30
2008.05.14 12:32:14.744,1.6315,1.6317,0.20,0.30
2008.05.14 12:32:15.033,1.63145,1.63165,0.20,0.30
2008.05.14 12:32:15.866,1.63145,1.63165,0.20,0.50
2008.05.14 12:32:16.143,1.63145,1.6317,0.20,0.50
2008.05.14 12:32:16.431,1.6315,1.6317,0.20,0.40
2008.05.14 12:32:16.724,1.63145,1.63165,0.60,0.30
2008.05.14 12:32:17.010,1.6314,1.63165,0.20,0.30
2008.05.14 12:32:17.258,1.63145,1.63165,0.20,0.50
2008.05.14 12:32:17.449,1.6314,1.6316,0.20,0.30
2008.05.14 12:32:17.656,1.63135,1.63155,0.20,0.30
2008.05.14 12:32:17.929,1.6313,1.6314,4.00,0.30
2008.05.14 12:32:18.209,1.63125,1.63145,0.20,0.70
2008.05.14 12:32:18.481,1.6312,1.6314,0.20,0.30
2008.05.14 12:32:19.142,1.63125,1.63145,0.20,0.30
2008.05.14 12:32:20.200,1.63125,1.63145,0.20,0.70
2008.05.14 12:32:20.331,1.63125,1.63145,0.20,0.30
2008.05.14 12:32:21.469,1.6313,1.6315,0.20,0.30
2008.05.14 12:32:21.737,1.6313,1.6315,0.20,0.50
2008.05.14 12:32:21.881,1.6313,1.6315,0.20,0.30
2008.05.14 12:32:22.994,1.63125,1.63145,0.20,0.30
2008.05.14 12:32:23.219,1.6313,1.6315,0.20,0.30
2008.05.14 12:32:24.812,1.6314,1.63155,0.20,0.40
2008.05.14 12:32:25.025,1.63135,1.63155,0.20,0.50
2008.05.14 12:32:25.157,1.63135,1.63155,0.20,0.30
2008.05.14 12:32:25.492,1.63135,1.63155,0.20,0.70
2008.05.14 12:32:25.622,1.63135,1.6315,0.20,0.40
2008.05.14 12:32:26.036,1.63125,1.63145,0.20,0.30
2008.05.14 12:32:26.683,1.63125,1.63145,0.20,0.50
2008.05.14 12:32:26.957,1.63125,1.63145,0.20,0.30
2008.05.14 12:32:27.276,1.6313,1.63155,0.20,0.50
2008.05.14 12:32:27.520,1.6313,1.6315,0.20,0.30
2008.05.14 12:32:28.144,1.6315,1.6316,0.20,4.00
2008.05.14 12:32:28.470,1.63145,1.6316,0.20,4.00
2008.05.14 12:32:29.004,1.6314,1.6316,0.20,4.20
2008.05.14 12:32:29.281,1.6314,1.6316,0.20,4.00
2008.05.14 12:32:29.556,1.63145,1.6316,0.20,4.00
2008.05.14 12:32:29.831,1.6315,1.6316,0.20,4.00
2008.05.14 12:32:30.195,1.63155,1.6316,0.20,4.00
2008.05.14 12:32:30.253,1.63165,1.6317,0.20,2.40
2008.05.14 12:32:30.623,1.6316,1.6317,0.20,2.40
2008.05.14 12:32:30.768,1.6317,1.6319,0.20,2.60
2008.05.14 12:32:31.110,1.63165,1.6317,0.20,2.40
2008.05.14 12:32:32.225,1.63165,1.6318,0.20,4.00
2008.05.14 12:32:32.903,1.63175,1.6318,0.20,5.60
2008.05.14 12:32:33.143,1.63175,1.63195,0.20,0.30
2008.05.14 12:32:33.463,1.6317,1.6319,0.20,0.30
2008.05.14 12:32:33.868,1.63175,1.63195,0.20,0.50
2008.05.14 12:32:34.287,1.63175,1.63195,0.20,0.30
2008.05.14 12:32:38.980,1.63175,1.63195,0.60,0.30
2008.05.14 12:32:39.055,1.63175,1.63195,0.20,0.30
2008.05.14 12:32:40.174,1.63185,1.632,0.20,2.40
2008.05.14 12:32:40.459,1.6318,1.632,0.20,2.40
2008.05.14 12:32:40.796,1.63175,1.63195,4.40,0.30
2008.05.14 12:32:41.168,1.63175,1.63195,4.30,0.30
2008.05.14 12:32:41.340,1.63175,1.63195,4.00,0.30
2008.05.14 12:32:41.510,1.63185,1.632,0.20,2.40
2008.05.14 12:32:42.102,1.6318,1.632,4.10,2.40
2008.05.14 12:32:42.418,1.6318,1.63195,4.00,0.30
2008.05.14 12:32:43.670,1.6318,1.632,4.00,2.60
2008.05.14 12:32:43.928,1.6317,1.6319,4.10,0.30
2008.05.14 12:32:45.531,1.6317,1.63195,4.10,0.50
2008.05.14 12:32:46.206,1.6317,1.6319,4.10,0.30
2008.05.14 12:32:51.200,1.6317,1.63185,4.00,0.30
2008.05.14 12:32:51.616,1.6317,1.63195,4.10,0.30
2008.05.14 12:32:51.862,1.6317,1.6319,4.10,0.30
2008.05.14 12:32:53.268,1.6317,1.63195,4.10,0.30
2008.05.14 12:32:53.662,1.6317,1.63195,5.70,0.30
2008.05.14 12:32:53.875,1.6317,1.63195,4.10,0.30
2008.05.14 12:32:54.581,1.63175,1.63195,0.40,0.30
2008.05.14 12:32:55.031,1.6317,1.63195,4.10,0.30
2008.05.14 12:32:55.231,1.6317,1.6319,4.10,0.30
2008.05.14 12:32:56.278,1.63175,1.63195,0.20,0.50
2008.05.14 12:32:57.937,1.63175,1.63195,0.60,0.30
2008.05.14 12:32:58.999,1.63175,1.6319,0.40,0.30
2008.05.14 12:32:59.136,1.63175,1.6319,0.40,3.40
2008.05.14 12:32:59.341,1.6317,1.6319,4.00,9.00
2008.05.14 12:32:59.533,1.6316,1.63175,4.00,0.30
2008.05.14 12:33:00.084,1.6316,1.6318,4.00,0.30
2008.05.14 12:33:00.676,1.6316,1.63175,4.00,0.30
2008.05.14 12:33:01.327,1.6315,1.6317,4.00,0.30
2008.05.14 12:33:01.689,1.6315,1.63165,4.00,0.30
2008.05.14 12:33:02.892,1.6315,1.6317,4.10,0.30
2008.05.14 12:33:03.686,1.63155,1.63175,0.20,0.50
2008.05.14 12:33:05.174,1.63155,1.63175,0.60,0.30
2008.05.14 12:33:06.050,1.63155,1.6317,4.00,0.30
2008.05.14 12:33:06.240,1.6315,1.6317,4.10,0.30
2008.05.14 12:33:06.874,1.6315,1.6317,4.10,0.50
2008.05.14 12:33:09.985,1.6315,1.63165,4.00,0.30
2008.05.14 12:33:10.088,1.63145,1.63165,4.10,0.50
2008.05.14 12:33:10.375,1.63145,1.6316,4.00,0.50
2008.05.14 12:33:10.568,1.6314,1.6316,4.10,0.50
2008.05.14 12:33:10.763,1.63145,1.63165,0.20,0.50
2008.05.14 12:33:14.036,1.63145,1.63165,0.20,1.30
2008.05.14 12:33:14.912,1.63145,1.63165,0.20,0.50
2008.05.14 12:33:16.957,1.63145,1.63165,0.20,0.30
2008.05.14 12:33:17.367,1.63145,1.63165,0.20,0.50
2008.05.14 12:33:17.653,1.6315,1.63165,4.00,0.50
2008.05.14 12:33:20.599,1.6315,1.6316,4.00,0.40
2008.05.14 12:33:20.757,1.6315,1.63165,4.00,0.70
2008.05.14 12:33:22.572,1.6315,1.63165,4.00,0.30
2008.05.14 12:33:23.688,1.6315,1.63165,4.00,0.50
2008.05.14 12:33:23.878,1.6315,1.63165,4.00,0.30
2008.05.14 12:33:24.269,1.6315,1.63165,4.00,0.50
2008.05.14 12:33:25.732,1.6315,1.63165,4.00,0.30
2008.05.14 12:33:25.782,1.6315,1.63165,4.00,0.50
2008.05.14 12:33:25.989,1.6315,1.63165,4.00,0.30
2008.05.14 12:33:26.236,1.6315,1.63165,4.00,0.50
2008.05.14 12:33:27.149,1.6315,1.63165,4.00,0.70
2008.05.14 12:33:27.638,1.63145,1.63165,0.20,0.70
2008.05.14 12:33:29.172,1.6314,1.63165,4.10,0.50
2008.05.14 12:33:29.984,1.63145,1.63165,0.20,0.50
2008.05.14 12:33:30.197,1.6314,1.63165,4.10,0.50
2008.05.14 12:33:30.728,1.6314,1.63165,4.10,0.70
2008.05.14 12:33:32.404,1.6314,1.63165,4.10,0.50
2008.05.14 12:33:33.095,1.6314,1.63165,4.10,0.70
2008.05.14 12:33:33.329,1.63145,1.63165,0.20,0.70
2008.05.14 12:33:33.510,1.63145,1.63165,0.20,0.50
2008.05.14 12:33:33.690,1.63145,1.63165,0.20,0.30
2008.05.14 12:33:34.504,1.63145,1.63165,0.20,0.50
2008.05.14 12:33:34.785,1.6314,1.63155,4.00,0.30
2008.05.14 12:33:38.184,1.63145,1.6316,0.20,2.40
2008.05.14 12:33:38.401,1.63145,1.63165,0.20,0.70
2008.05.14 12:33:38.842,1.63145,1.63165,4.10,0.50
2008.05.14 12:33:39.486,1.63145,1.6316,4.00,0.30
2008.05.14 12:33:39.786,1.6314,1.63155,4.00,0.50
2008.05.14 12:33:42.550,1.63135,1.63155,4.10,0.50
2008.05.14 12:33:43.650,1.6314,1.63155,4.00,0.50
2008.05.14 12:33:45.663,1.63135,1.63155,2.40,0.50
2008.05.14 12:33:46.719,1.63135,1.63155,2.40,0.30
2008.05.14 12:33:46.759,1.6314,1.63155,2.40,0.30
2008.05.14 12:33:46.996,1.63135,1.63155,0.20,0.30
2008.05.14 12:33:47.036,1.63135,1.63155,0.20,0.50
2008.05.14 12:33:47.235,1.6314,1.63155,2.40,0.50
2008.05.14 12:33:47.390,1.6314,1.63155,2.40,0.30
2008.05.14 12:33:48.040,1.6314,1.6316,2.50,0.30
2008.05.14 12:33:48.907,1.6314,1.63155,2.50,0.20
2008.05.14 12:33:49.037,1.6314,1.63155,0.20,0.20
2008.05.14 12:33:49.244,1.6314,1.6316,2.50,0.30
2008.05.14 12:33:49.467,1.6315,1.6316,2.40,0.30
2008.05.14 12:33:52.337,1.6315,1.6316,2.40,0.50
2008.05.14 12:33:52.687,1.6315,1.6316,2.40,0.30
2008.05.14 12:33:53.165,1.6315,1.6316,3.20,0.30
2008.05.14 12:33:53.805,1.6315,1.6316,3.20,0.50
2008.05.14 12:33:54.310,1.6315,1.6316,3.20,0.30
2008.05.14 12:33:55.248,1.6314,1.6316,0.20,0.30
2008.05.14 12:33:57.505,1.6314,1.6316,0.20,0.50
2008.05.14 12:33:57.613,1.6314,1.63155,0.20,0.20
2008.05.14 12:33:58.765,1.6314,1.6316,0.20,4.50
2008.05.14 12:33:58.961,1.63135,1.6316,0.60,0.50
2008.05.14 12:33:59.159,1.63135,1.6316,0.20,0.50
2008.05.14 12:33:59.631,1.6314,1.6316,0.20,0.50
2008.05.14 12:33:59.934,1.6313,1.63145,4.80,0.30
2008.05.14 12:34:00.117,1.63125,1.63145,0.60,0.30
2008.05.14 12:34:00.469,1.63135,1.63155,0.20,0.30
2008.05.14 12:34:00.677,1.63135,1.63155,0.20,0.50
2008.05.14 12:34:01.444,1.63135,1.63155,0.20,0.70
2008.05.14 12:34:01.820,1.63135,1.6315,0.20,0.40
2008.05.14 12:34:02.626,1.6313,1.6315,0.20,0.40
2008.05.14 12:34:02.971,1.63135,1.6315,0.20,0.40
2008.05.14 12:34:03.166,1.63135,1.63155,0.20,0.50
2008.05.14 12:34:03.325,1.63135,1.63155,0.20,0.30
2008.05.14 12:34:04.262,1.63135,1.63155,0.20,0.50
2008.05.14 12:34:04.825,1.63135,1.63155,0.20,0.30
2008.05.14 12:34:05.113,1.63135,1.63155,0.20,0.50
2008.05.14 12:34:05.840,1.63135,1.63155,0.20,0.30
2008.05.14 12:34:14.096,1.63135,1.63155,0.20,0.50
2008.05.14 12:34:19.886,1.63135,1.63155,0.20,0.30
2008.05.14 12:34:21.406,1.63135,1.63155,0.20,0.50
2008.05.14 12:34:21.654,1.63135,1.63155,0.20,0.30
2008.05.14 12:34:23.343,1.63135,1.63155,0.20,0.50
2008.05.14 12:34:24.522,1.63135,1.63155,0.20,0.30
2008.05.14 12:34:24.832,1.63135,1.63155,0.20,0.50
2008.05.14 12:34:25.688,1.63135,1.63155,0.20,0.30
2008.05.14 12:34:26.027,1.63135,1.63155,0.20,0.50
2008.05.14 12:34:26.385,1.63135,1.63155,0.20,0.30
2008.05.14 12:34:26.952,1.63135,1.63155,0.20,0.70
2008.05.14 12:34:27.389,1.63135,1.63155,0.20,0.30
2008.05.14 12:34:27.722,1.63135,1.63155,0.20,0.50
2008.05.14 12:34:28.509,1.63135,1.63155,0.20,0.30
2008.05.14 12:34:28.807,1.63135,1.63155,0.20,0.50
2008.05.14 12:34:29.179,1.63135,1.63155,0.20,0.30
2008.05.14 12:34:32.860,1.6314,1.6316,0.20,0.50
2008.05.14 12:34:34.019,1.6314,1.6316,0.20,0.30
2008.05.14 12:34:34.312,1.6314,1.6316,0.20,0.50
2008.05.14 12:34:36.278,1.6314,1.6316,0.20,0.30
2008.05.14 12:34:36.809,1.6314,1.6316,0.20,0.50
2008.05.14 12:34:37.523,1.63135,1.63155,0.60,0.30
2008.05.14 12:34:39.091,1.63135,1.63155,0.20,0.70
2008.05.14 12:34:39.504,1.63135,1.63155,0.20,0.50
2008.05.14 12:34:41.012,1.63135,1.63155,0.60,0.30
2008.05.14 12:34:43.675,1.63135,1.63155,0.20,0.50
2008.05.14 12:34:45.231,1.63135,1.63155,0.60,0.30
2008.05.14 12:34:46.526,1.63145,1.63155,0.40,0.30
2008.05.14 12:34:47.969,1.63135,1.63155,0.60,0.30
2008.05.14 12:34:49.120,1.63135,1.63155,0.60,0.50
2008.05.14 12:34:49.739,1.63135,1.63155,0.60,0.30
2008.05.14 12:34:50.222,1.63145,1.63155,0.40,0.30
2008.05.14 12:34:50.446,1.63135,1.63155,0.60,0.30
2008.05.14 12:34:51.061,1.6314,1.63155,4.00,0.30
2008.05.14 12:34:51.358,1.63135,1.63155,0.60,0.30
2008.05.14 12:34:52.396,1.63125,1.63145,2.80,0.30
2008.05.14 12:34:52.725,1.6313,1.6315,0.20,0.30
2008.05.14 12:34:54.120,1.6313,1.6315,0.20,1.30
2008.05.14 12:34:54.529,1.6313,1.63145,0.20,0.80
2008.05.14 12:34:55.250,1.6313,1.6315,0.20,0.30
2008.05.14 12:34:55.499,1.6313,1.6315,0.20,1.00
2008.05.14 12:34:55.783,1.6313,1.6315,0.20,0.50
2008.05.14 12:34:56.171,1.6313,1.6315,0.20,1.30
2008.05.14 12:34:56.366,1.6313,1.63145,0.20,0.80
2008.05.14 12:34:58.842,1.63125,1.6314,0.20,0.80
2008.05.14 12:34:59.115,1.63125,1.63145,0.20,0.50
2008.05.14 12:34:59.566,1.6313,1.6315,0.20,1.30
2008.05.14 12:34:59.754,1.6312,1.6314,0.20,0.30
2008.05.14 12:35:00.031,1.63115,1.63135,0.20,0.30
2008.05.14 12:35:00.594,1.6312,1.6314,0.20,0.50
2008.05.14 12:35:02.586,1.6312,1.6314,0.20,0.30
2008.05.14 12:35:02.736,1.6311,1.6313,4.10,1.00
2008.05.14 12:35:03.435,1.63115,1.63135,0.20,1.20
2008.05.14 12:35:03.549,1.63115,1.63135,0.60,1.00
2008.05.14 12:35:03.723,1.6312,1.63135,4.00,0.30
2008.05.14 12:35:04.479,1.6312,1.6313,4.00,1.00
2008.05.14 12:35:06.011,1.6312,1.63135,4.00,0.30
2008.05.14 12:35:06.346,1.6312,1.63135,4.00,0.50
2008.05.14 12:35:06.465,1.6312,1.63135,4.00,1.30
2008.05.14 12:35:06.661,1.6312,1.63135,4.00,0.50
2008.05.14 12:35:06.970,1.6312,1.63135,4.00,0.70
2008.05.14 12:35:07.349,1.6312,1.6313,4.00,0.40
2008.05.14 12:35:08.317,1.6312,1.63125,4.00,0.30
2008.05.14 12:35:08.613,1.6312,1.6313,4.00,0.50
2008.05.14 12:35:09.190,1.6312,1.6313,4.00,0.40
2008.05.14 12:35:09.553,1.6312,1.63135,4.00,0.70
2008.05.14 12:35:10.052,1.6312,1.63135,4.00,0.50
2008.05.14 12:35:11.133,1.6312,1.6313,4.00,0.30
2008.05.14 12:35:13.152,1.6312,1.6314,4.00,2.60
2008.05.14 12:35:13.384,1.6312,1.6313,4.00,0.30
2008.05.14 12:35:20.202,1.6312,1.63125,4.00,0.50
2008.05.14 12:35:20.583,1.6312,1.63135,4.10,0.20
2008.05.14 12:35:20.878,1.6312,1.6313,4.00,0.30
2008.05.14 12:35:21.651,1.6311,1.6313,2.50,0.30
2008.05.14 12:35:22.000,1.6311,1.6313,2.50,1.30
2008.05.14 12:35:22.228,1.6311,1.63125,2.40,0.50
2008.05.14 12:35:22.539,1.63105,1.63125,0.20,0.70
2008.05.14 12:35:22.851,1.6311,1.6313,2.50,0.50
2008.05.14 12:35:23.163,1.6311,1.6313,4.90,0.30
2008.05.14 12:35:23.407,1.6311,1.63125,2.40,0.30
2008.05.14 12:35:23.702,1.63105,1.63125,0.20,0.30
2008.05.14 12:35:24.123,1.631,1.6312,0.20,0.30
2008.05.14 12:35:25.027,1.63105,1.63125,0.60,0.30
2008.05.14 12:35:25.807,1.6311,1.63125,0.20,0.60
2008.05.14 12:35:25.982,1.6311,1.63125,0.20,0.40
2008.05.14 12:35:26.190,1.6311,1.6313,0.20,0.30
2008.05.14 12:35:27.968,1.63105,1.6313,4.00,0.30
2008.05.14 12:35:28.255,1.6311,1.6313,3.60,0.30
2008.05.14 12:35:28.536,1.6311,1.6313,3.70,0.30
2008.05.14 12:35:29.728,1.6311,1.6313,4.10,0.30
2008.05.14 12:35:30.383,1.63115,1.6313,0.40,0.30
2008.05.14 12:35:30.504,1.6311,1.6313,5.80,0.30
2008.05.14 12:35:30.695,1.63115,1.63135,4.10,0.30
2008.05.14 12:35:32.192,1.63115,1.63135,0.20,0.30
2008.05.14 12:35:36.276,1.6312,1.6314,0.20,0.30
2008.05.14 12:35:38.126,1.63125,1.6314,0.40,0.30
2008.05.14 12:35:38.387,1.63125,1.6315,4.40,0.30
2008.05.14 12:35:38.676,1.63125,1.63145,4.40,0.30
2008.05.14 12:35:39.126,1.63125,1.6315,4.40,0.30
2008.05.14 12:35:39.555,1.63125,1.63145,4.40,0.30
2008.05.14 12:35:39.760,1.63125,1.6315,4.40,0.30
2008.05.14 12:35:40.023,1.6313,1.63155,0.20,0.70
2008.05.14 12:35:40.286,1.6313,1.63145,4.00,0.30
2008.05.14 12:35:40.546,1.6313,1.63135,4.00,0.30
2008.05.14 12:35:40.880,1.63115,1.63135,0.20,0.30
2008.05.14 12:35:44.701,1.63125,1.63145,0.20,0.30
2008.05.14 12:35:45.718,1.63125,1.63145,0.20,0.50
2008.05.14 12:35:45.964,1.63125,1.63145,0.20,0.70
2008.05.14 12:35:46.153,1.6312,1.6314,0.20,0.40
2008.05.14 12:35:46.368,1.63115,1.6314,4.10,0.50
2008.05.14 12:35:46.497,1.6312,1.6314,0.20,0.50
2008.05.14 12:35:46.966,1.6312,1.6314,0.20,4.50
2008.05.14 12:35:47.202,1.6312,1.6314,4.10,4.20
2008.05.14 12:35:47.438,1.6312,1.63125,4.00,0.30
2008.05.14 12:35:47.742,1.6311,1.63125,4.00,0.30
2008.05.14 12:35:47.974,1.6311,1.63125,5.60,0.30
2008.05.14 12:35:48.220,1.6311,1.63135,5.80,0.30
2008.05.14 12:35:48.445,1.63115,1.63135,0.20,0.30
2008.05.14 12:35:48.892,1.63125,1.6314,0.20,0.40
2008.05.14 12:35:49.144,1.6312,1.6314,0.20,0.30
2008.05.14 12:35:50.001,1.63125,1.63145,0.20,0.30
2008.05.14 12:35:51.933,1.6312,1.6314,4.10,0.30
2008.05.14 12:35:54.374,1.63125,1.63145,0.20,1.20
2008.05.14 12:35:54.620,1.63125,1.63145,0.20,0.70
2008.05.14 12:35:54.957,1.6312,1.6314,4.10,0.30
2008.05.14 12:35:57.589,1.6313,1.6315,0.20,0.50
2008.05.14 12:35:57.895,1.63125,1.6314,0.40,0.30
2008.05.14 12:35:58.131,1.6313,1.63145,0.20,0.20
2008.05.14 12:35:58.450,1.6313,1.6315,0.20,0.30
2008.05.14 12:35:58.885,1.6313,1.6315,0.20,0.50
2008.05.14 12:35:59.085,1.6313,1.6315,0.20,0.30
2008.05.14 12:35:59.287,1.63135,1.63155,0.20,0.70
2008.05.14 12:35:59.807,1.6313,1.6315,0.20,0.30
2008.05.14 12:36:00.196,1.63135,1.63155,0.20,0.50
2008.05.14 12:36:00.537,1.6313,1.6315,4.10,0.30
2008.05.14 12:36:02.338,1.63135,1.63155,0.20,0.50
2008.05.14 12:36:04.111,1.63135,1.63155,4.10,0.50
2008.05.14 12:36:04.295,1.63135,1.63155,4.40,0.30
2008.05.14 12:36:05.142,1.63135,1.6316,4.40,0.40
2008.05.14 12:36:05.588,1.63145,1.63165,0.20,0.50
2008.05.14 12:36:06.165,1.63145,1.63165,0.60,0.30
2008.05.14 12:36:06.593,1.6314,1.6316,4.20,0.30
2008.05.14 12:36:06.806,1.6314,1.6316,4.10,0.30
2008.05.14 12:36:06.984,1.63145,1.63165,0.20,0.50
2008.05.14 12:36:07.815,1.63145,1.63165,0.60,0.30
2008.05.14 12:36:08.161,1.63145,1.63165,4.40,0.30
2008.05.14 12:36:08.305,1.63145,1.6316,4.00,0.30
2008.05.14 12:36:08.611,1.6314,1.6316,4.10,0.50
2008.05.14 12:36:09.052,1.6314,1.6316,4.10,0.30
2008.05.14 12:36:11.217,1.6314,1.6316,4.10,0.50
2008.05.14 12:36:11.581,1.63135,1.6315,4.00,0.80
2008.05.14 12:36:11.820,1.63135,1.63145,4.00,0.50
2008.05.14 12:36:11.972,1.6313,1.63145,4.00,0.50
2008.05.14 12:36:13.432,1.6313,1.63145,4.00,0.30
2008.05.14 12:36:13.717,1.63135,1.63155,0.20,0.50
2008.05.14 12:36:13.918,1.63135,1.63155,0.60,0.30
2008.05.14 12:36:14.881,1.6313,1.63145,4.00,0.30
2008.05.14 12:36:14.990,1.63135,1.6315,4.00,0.30
2008.05.14 12:36:15.188,1.6313,1.6315,4.10,0.50
2008.05.14 12:36:15.471,1.6313,1.63145,4.00,0.30
2008.05.14 12:36:16.932,1.6313,1.63145,4.10,0.40
2008.05.14 12:36:17.164,1.6313,1.6315,4.10,1.30
2008.05.14 12:36:17.994,1.6313,1.63145,4.10,0.20
2008.05.14 12:36:18.325,1.6313,1.6315,4.10,0.30
2008.05.14 12:36:18.834,1.6313,1.63145,4.10,0.20
2008.05.14 12:36:20.082,1.6313,1.63145,4.00,0.50
2008.05.14 12:36:21.656,1.63125,1.63145,4.00,1.20
2008.05.14 12:36:21.870,1.63125,1.63145,4.00,1.50
2008.05.14 12:36:22.077,1.63125,1.6314,4.00,0.30
2008.05.14 12:36:22.374,1.6312,1.6314,4.10,0.30
2008.05.14 12:36:23.018,1.6313,1.63145,0.20,0.40
2008.05.14 12:36:23.219,1.6313,1.6315,0.20,0.50
2008.05.14 12:36:23.703,1.63125,1.63145,0.20,0.30
2008.05.14 12:36:23.995,1.63135,1.6315,0.20,0.40
2008.05.14 12:36:24.197,1.6313,1.63155,0.20,0.70
2008.05.14 12:36:24.457,1.63125,1.6314,0.40,0.30
2008.05.14 12:36:24.717,1.63125,1.63145,0.60,0.30
2008.05.14 12:36:25.021,1.63135,1.63155,0.20,0.70
2008.05.14 12:36:25.327,1.63125,1.63145,0.60,0.30
2008.05.14 12:36:25.634,1.63125,1.63145,0.20,0.30
2008.05.14 12:36:29.891,1.6313,1.6315,0.20,0.50
2008.05.14 12:36:30.430,1.63125,1.63145,0.60,0.30
2008.05.14 12:36:30.629,1.63125,1.63145,0.20,0.30
2008.05.14 12:36:30.825,1.63125,1.63145,0.20,0.50
2008.05.14 12:36:31.117,1.63125,1.63145,0.20,0.30
2008.05.14 12:36:31.589,1.63125,1.63145,0.20,1.00
2008.05.14 12:36:32.452,1.63125,1.63145,0.20,0.30
2008.05.14 12:36:33.685,1.63135,1.63145,0.20,0.40
2008.05.14 12:36:33.873,1.63135,1.63155,0.20,1.50
2008.05.14 12:36:34.020,1.63125,1.63145,0.20,0.30
2008.05.14 12:36:34.707,1.63125,1.63145,0.20,0.50
2008.05.14 12:36:35.042,1.63125,1.63145,0.20,0.30
2008.05.14 12:36:35.376,1.63125,1.63145,0.20,0.50
2008.05.14 12:36:35.711,1.6312,1.6314,4.10,0.30
2008.05.14 12:36:36.274,1.6312,1.63135,4.10,0.20
2008.05.14 12:36:36.496,1.6312,1.63135,4.00,0.70
2008.05.14 12:36:37.781,1.63115,1.6313,4.00,0.80
2008.05.14 12:36:37.910,1.63115,1.6313,4.00,1.00
2008.05.14 12:36:38.100,1.63115,1.63125,4.00,0.20
2008.05.14 12:36:38.265,1.6311,1.6313,4.10,0.30
2008.05.14 12:36:38.454,1.6311,1.63125,4.00,0.30
2008.05.14 12:36:38.728,1.6311,1.63125,4.00,0.20
2008.05.14 12:36:38.894,1.63105,1.63125,0.20,0.20
2008.05.14 12:36:39.170,1.63095,1.63115,0.20,0.30
2008.05.14 12:36:39.439,1.631,1.63115,0.10,0.50
2008.05.14 12:36:39.542,1.63095,1.63115,0.20,0.50
2008.05.14 12:36:39.730,1.6309,1.63105,2.40,0.50
2008.05.14 12:36:39.938,1.63085,1.63105,0.20,0.50
2008.05.14 12:36:40.283,1.6309,1.6311,0.20,0.50
2008.05.14 12:36:40.980,1.6309,1.63105,0.20,0.20
2008.05.14 12:36:41.870,1.6309,1.6311,0.20,0.50
2008.05.14 12:36:42.194,1.63095,1.6311,0.20,0.40
2008.05.14 12:36:42.389,1.631,1.6311,0.10,0.40
2008.05.14 12:36:42.654,1.63105,1.63115,0.20,0.80
2008.05.14 12:36:42.918,1.6309,1.63105,0.30,0.20
2008.05.14 12:36:43.095,1.6309,1.6311,0.30,0.30
2008.05.14 12:36:43.280,1.63095,1.63115,0.20,0.70
2008.05.14 12:36:43.552,1.63095,1.63115,0.20,0.50
2008.05.14 12:36:44.108,1.6309,1.6311,0.20,0.30
2008.05.14 12:36:44.851,1.63095,1.63115,0.20,0.50
2008.05.14 12:36:45.071,1.631,1.63115,0.20,0.40
2008.05.14 12:36:45.291,1.631,1.6312,0.20,0.50
2008.05.14 12:36:45.766,1.63105,1.6312,0.20,0.40
2008.05.14 12:36:45.996,1.6311,1.6312,0.20,0.40
2008.05.14 12:36:46.642,1.6311,1.6313,0.20,0.50
2008.05.14 12:36:47.398,1.6311,1.6313,0.20,0.30
2008.05.14 12:36:48.372,1.63115,1.6313,0.40,0.30
2008.05.14 12:36:48.483,1.6312,1.6314,0.20,0.50
2008.05.14 12:36:48.592,1.6312,1.6314,0.20,0.30
2008.05.14 12:36:50.885,1.63125,1.63145,0.20,0.70
2008.05.14 12:36:51.474,1.6312,1.6314,0.20,0.30
2008.05.14 12:36:52.370,1.63115,1.63135,0.20,0.30
2008.05.14 12:36:52.845,1.63115,1.63135,0.20,0.50
2008.05.14 12:36:52.955,1.6311,1.63135,0.20,0.50
2008.05.14 12:36:53.152,1.6311,1.63135,0.20,0.70
2008.05.14 12:36:53.428,1.6311,1.6313,0.20,0.30
2008.05.14 12:37:00.060,1.631,1.63125,0.20,0.30
2008.05.14 12:37:00.313,1.631,1.63125,0.20,1.50
2008.05.14 12:37:00.491,1.631,1.6312,0.20,1.00
2008.05.14 12:37:00.677,1.6309,1.6311,0.80,0.30
2008.05.14 12:37:00.863,1.631,1.63125,0.20,0.50
2008.05.14 12:37:01.118,1.63095,1.63115,0.30,0.30
2008.05.14 12:37:01.371,1.631,1.6312,0.20,0.30
2008.05.14 12:37:01.623,1.6311,1.6313,0.20,0.50
2008.05.14 12:37:01.873,1.63115,1.63135,0.20,0.50
2008.05.14 12:37:02.433,1.6311,1.6313,0.20,0.30
2008.05.14 12:37:04.249,1.6312,1.63135,0.20,0.20
2008.05.14 12:37:04.425,1.6312,1.6314,0.20,0.50
2008.05.14 12:37:04.685,1.6312,1.6314,0.20,0.30
2008.05.14 12:37:05.120,1.63115,1.6314,0.60,0.30
2008.05.14 12:37:05.374,1.6312,1.6314,0.20,0.30
2008.05.14 12:37:05.629,1.63125,1.63145,0.20,0.50
2008.05.14 12:37:05.883,1.63125,1.63145,0.20,0.70
2008.05.14 12:37:06.849,1.6312,1.6314,0.30,0.30
2008.05.14 12:37:07.039,1.6312,1.6314,0.20,0.30
2008.05.14 12:37:07.546,1.63125,1.63145,0.20,0.30
2008.05.14 12:37:07.697,1.6312,1.6314,0.30,1.00
2008.05.14 12:37:07.911,1.63115,1.63135,0.60,0.30
2008.05.14 12:37:08.886,1.63115,1.63135,0.60,0.50
2008.05.14 12:37:09.087,1.63115,1.63135,0.20,0.70
2008.05.14 12:37:09.986,1.63115,1.63135,0.20,1.50
2008.05.14 12:37:11.209,1.6311,1.6313,2.50,0.30
2008.05.14 12:37:11.402,1.6311,1.6313,0.20,0.30
2008.05.14 12:37:11.667,1.6311,1.6313,0.20,0.50
2008.05.14 12:37:12.467,1.6311,1.6313,0.20,0.30
2008.05.14 12:37:12.642,1.6311,1.6313,0.20,0.50
2008.05.14 12:37:13.086,1.63105,1.63125,0.20,1.20
2008.05.14 12:37:13.618,1.6311,1.63125,0.20,0.40
2008.05.14 12:37:13.823,1.6311,1.6313,0.20,0.50
2008.05.14 12:37:14.117,1.63115,1.6313,0.20,0.40
2008.05.14 12:37:14.387,1.6312,1.63135,0.20,0.80
2008.05.14 12:37:14.591,1.63115,1.63135,0.60,1.30
2008.05.14 12:37:15.429,1.63115,1.63135,0.60,1.00
2008.05.14 12:37:16.419,1.63115,1.63135,0.60,1.30
2008.05.14 12:37:17.256,1.63115,1.63135,0.20,1.50
2008.05.14 12:37:19.431,1.63115,1.6313,0.20,0.80
2008.05.14 12:37:19.714,1.63105,1.63125,2.90,0.30
2008.05.14 12:37:19.925,1.63105,1.63125,0.50,0.30
2008.05.14 12:37:20.109,1.63105,1.63125,0.60,0.30
2008.05.14 12:37:20.668,1.6311,1.6313,0.20,2.60
2008.05.14 12:37:20.939,1.6311,1.6313,0.20,0.30
2008.05.14 12:37:21.848,1.6311,1.6313,0.20,1.00
2008.05.14 12:37:23.556,1.6311,1.6313,0.20,0.30
2008.05.14 12:37:23.820,1.63115,1.63135,0.20,0.50
2008.05.14 12:37:24.098,1.6311,1.6313,0.20,0.30
2008.05.14 12:37:24.137,1.6311,1.6313,0.20,1.00
2008.05.14 12:37:24.833,1.63115,1.6313,0.20,0.80
2008.05.14 12:37:26.000,1.6311,1.6313,0.20,1.00
2008.05.14 12:37:26.105,1.6311,1.6313,0.20,1.30
2008.05.14 12:37:26.504,1.6311,1.6313,0.20,0.50
2008.05.14 12:37:26.736,1.63105,1.6313,0.20,0.50
2008.05.14 12:37:26.926,1.63115,1.6313,0.20,0.40
2008.05.14 12:37:27.422,1.63105,1.6313,0.60,1.30
2008.05.14 12:37:27.627,1.6311,1.6313,0.20,0.80
2008.05.14 12:37:28.474,1.63105,1.6313,0.20,1.30
2008.05.14 12:37:28.733,1.63105,1.6312,0.20,0.80
2008.05.14 12:37:29.462,1.63105,1.63125,0.20,1.50
2008.05.14 12:37:29.691,1.63105,1.63125,0.20,1.20
2008.05.14 12:37:30.063,1.6311,1.63125,0.20,0.80
2008.05.14 12:37:31.024,1.6311,1.6313,0.20,0.80
2008.05.14 12:37:31.228,1.63115,1.6313,0.20,0.80
2008.05.14 12:37:31.448,1.63115,1.63135,0.20,1.50
2008.05.14 12:37:32.072,1.6312,1.63135,0.20,1.10
2008.05.14 12:37:32.231,1.6312,1.63135,0.20,0.80
2008.05.14 12:37:32.891,1.63115,1.63135,0.60,1.30
2008.05.14 12:37:33.217,1.6312,1.63135,0.20,1.10
2008.05.14 12:37:33.365,1.6312,1.63135,0.20,0.80
2008.05.14 12:37:33.706,1.6312,1.63135,0.20,0.10
2008.05.14 12:37:33.907,1.6312,1.63145,0.20,0.70
2008.05.14 12:37:34.167,1.63125,1.63145,0.20,0.70
2008.05.14 12:37:34.506,1.6313,1.63145,0.20,0.40
2008.05.14 12:37:34.846,1.6314,1.63155,0.20,0.60
2008.05.14 12:37:35.150,1.6314,1.6316,0.20,0.50
2008.05.14 12:37:35.579,1.6314,1.63155,0.20,0.20
2008.05.14 12:37:36.109,1.63135,1.63155,0.20,0.50
2008.05.14 12:37:36.771,1.6314,1.6316,0.20,4.50
2008.05.14 12:37:37.005,1.63145,1.63165,0.20,1.50
2008.05.14 12:37:37.492,1.63145,1.63165,0.20,1.20
2008.05.14 12:37:37.631,1.6314,1.6316,0.20,0.30
2008.05.14 12:37:37.748,1.6314,1.63155,0.20,0.20
2008.05.14 12:37:38.445,1.63135,1.63155,0.20,0.50
2008.05.14 12:37:39.128,1.63135,1.63155,0.20,0.30
2008.05.14 12:37:39.389,1.63135,1.63155,0.60,0.30
2008.05.14 12:37:39.616,1.6314,1.6316,0.20,0.30
2008.05.14 12:37:41.418,1.63135,1.63155,0.20,0.30
2008.05.14 12:37:41.529,1.6314,1.63155,1.60,0.30
2008.05.14 12:37:41.641,1.63135,1.63155,0.20,0.30
2008.05.14 12:37:42.071,1.63135,1.63155,0.20,0.50
2008.05.14 12:37:42.263,1.63135,1.63155,0.20,0.30
2008.05.14 12:37:42.725,1.63135,1.63155,0.20,0.50
2008.05.14 12:37:42.997,1.63135,1.63155,0.20,0.70
2008.05.14 12:37:43.266,1.63135,1.63155,0.20,0.50
2008.05.14 12:37:44.656,1.6313,1.63155,0.20,1.50
2008.05.14 12:37:44.974,1.63135,1.6315,0.20,0.40
2008.05.14 12:37:45.256,1.6313,1.6315,0.20,0.50
2008.05.14 12:37:45.561,1.63125,1.63145,0.20,0.50
2008.05.14 12:37:46.512,1.6313,1.63145,0.20,0.20
2008.05.14 12:37:46.697,1.63125,1.63145,0.20,0.50
2008.05.14 12:37:47.172,1.6312,1.6314,0.20,2.60
2008.05.14 12:37:47.366,1.6312,1.6314,0.20,0.30
2008.05.14 12:37:47.858,1.6313,1.6315,0.20,0.40
2008.05.14 12:37:47.922,1.63125,1.63145,0.20,0.30
2008.05.14 12:37:48.113,1.63125,1.63145,0.20,0.70
2008.05.14 12:37:48.768,1.6312,1.63145,0.20,0.70
2008.05.14 12:37:49.295,1.6312,1.63145,2.50,0.70
2008.05.14 12:37:49.557,1.6313,1.63145,0.20,0.40
2008.05.14 12:37:49.805,1.63135,1.63155,0.20,0.70
2008.05.14 12:37:50.160,1.63135,1.63155,0.20,0.40
2008.05.14 12:37:51.431,1.63135,1.63155,0.20,0.70
2008.05.14 12:37:51.668,1.63135,1.63155,0.20,0.60
2008.05.14 12:37:51.900,1.63135,1.63155,0.20,0.70
2008.05.14 12:37:54.231,1.6313,1.6315,0.10,0.30
2008.05.14 12:37:54.560,1.6313,1.6315,0.30,0.30
2008.05.14 12:37:54.680,1.6313,1.6315,0.20,0.30
2008.05.14 12:37:54.760,1.63135,1.63155,0.20,0.30
2008.05.14 12:37:55.555,1.63135,1.63155,0.20,0.70
2008.05.14 12:37:55.785,1.63135,1.63155,0.20,0.50
2008.05.14 12:37:56.378,1.63135,1.63155,0.20,0.30
2008.05.14 12:37:56.704,1.63135,1.6316,0.20,0.50
2008.05.14 12:37:57.757,1.63135,1.6316,0.20,0.30
2008.05.14 12:37:58.296,1.6314,1.6316,0.20,0.50
2008.05.14 12:38:01.323,1.6313,1.6315,3.30,0.30
2008.05.14 12:38:01.571,1.63135,1.63155,0.20,0.30
2008.05.14 12:38:02.463,1.63135,1.63155,0.20,0.50
2008.05.14 12:38:02.627,1.6313,1.63155,0.30,0.50
2008.05.14 12:38:02.793,1.6313,1.63155,0.20,0.50
2008.05.14 12:38:03.529,1.63135,1.63155,0.20,0.50
2008.05.14 12:38:04.331,1.6313,1.63155,0.20,0.50
2008.05.14 12:38:04.981,1.6313,1.6315,0.20,0.30
2008.05.14 12:38:05.511,1.6313,1.63155,0.20,0.50
2008.05.14 12:38:06.903,1.63135,1.63155,0.20,0.50
2008.05.14 12:38:07.936,1.63135,1.63155,0.20,0.30
2008.05.14 12:38:08.752,1.63135,1.63155,0.20,0.50
2008.05.14 12:38:09.112,1.6313,1.63155,0.20,0.30
2008.05.14 12:38:09.349,1.63135,1.63155,0.20,0.30
2008.05.14 12:38:09.617,1.6313,1.6315,0.30,0.30
2008.05.14 12:38:09.861,1.63135,1.63155,0.20,0.50
2008.05.14 12:38:10.106,1.63135,1.63155,0.20,0.50
2008.05.14 12:38:10.641,1.6313,1.6315,0.20,0.30
2008.05.14 12:38:10.922,1.6313,1.63155,0.20,0.70
2008.05.14 12:38:11.177,1.63135,1.6315,0.20,0.40
2008.05.14 12:38:11.425,1.63125,1.63145,0.10,0.50
2008.05.14 12:38:11.674,1.63125,1.63145,0.20,0.50
2008.05.14 12:38:11.891,1.6312,1.6314,0.30,0.30
2008.05.14 12:38:12.189,1.6312,1.6314,0.20,0.30
2008.05.14 12:38:12.490,1.63125,1.63145,0.20,0.50
2008.05.14 12:38:12.703,1.6312,1.6314,0.20,0.30
2008.05.14 12:38:14.305,1.6312,1.6314,0.90,0.30
2008.05.14 12:38:14.500,1.63125,1.63145,0.20,0.50
2008.05.14 12:38:14.668,1.6313,1.63145,0.20,0.20
2008.05.14 12:38:14.851,1.6313,1.6315,0.20,0.30
2008.05.14 12:38:16.214,1.63125,1.63145,0.60,0.30
2008.05.14 12:38:16.386,1.63125,1.63145,0.60,0.50
2008.05.14 12:38:16.557,1.6312,1.6314,0.30,0.30
2008.05.14 12:38:16.757,1.6312,1.6314,0.20,0.30
2008.05.14 12:38:17.298,1.6311,1.6313,6.40,0.30
2008.05.14 12:38:17.503,1.6311,1.63135,5.70,0.30
2008.05.14 12:38:17.710,1.6312,1.6314,0.20,0.30
2008.05.14 12:38:19.979,1.6312,1.63135,0.20,0.20
2008.05.14 12:38:20.435,1.6312,1.6314,0.20,0.30
2008.05.14 12:38:20.660,1.6312,1.6314,0.20,0.50
2008.05.14 12:38:21.342,1.6312,1.6314,0.20,0.30
2008.05.14 12:38:26.764,1.6312,1.6314,0.20,0.50
2008.05.14 12:38:27.143,1.6312,1.6314,0.20,0.30
2008.05.14 12:38:27.274,1.63125,1.63145,0.20,0.70
2008.05.14 12:38:28.395,1.6313,1.6315,0.20,0.30
2008.05.14 12:38:29.664,1.6313,1.6315,0.90,0.30
2008.05.14 12:38:30.279,1.6313,1.6315,0.20,0.30
2008.05.14 12:38:32.850,1.6313,1.6315,0.90,0.30
2008.05.14 12:38:34.692,1.6313,1.6315,0.20,0.30
2008.05.14 12:38:36.169,1.6313,1.6315,0.20,0.50
2008.05.14 12:38:36.526,1.63125,1.63145,0.60,0.30
2008.05.14 12:38:39.148,1.63125,1.63145,0.20,0.50
2008.05.14 12:38:40.972,1.6312,1.6314,0.30,0.30
2008.05.14 12:38:41.193,1.6312,1.6314,0.20,0.30
2008.05.14 12:38:42.050,1.6312,1.6314,0.20,0.50
2008.05.14 12:38:42.223,1.63115,1.63135,0.60,0.30
2008.05.14 12:38:43.331,1.63115,1.63135,0.20,0.50
2008.05.14 12:38:43.611,1.6311,1.63135,0.20,0.70
2008.05.14 12:38:43.927,1.6311,1.63135,0.30,0.70
2008.05.14 12:38:44.128,1.6311,1.63125,0.30,0.20
2008.05.14 12:38:44.328,1.63105,1.63125,0.20,0.50
2008.05.14 12:38:46.185,1.6311,1.6313,0.20,6.60
2008.05.14 12:38:46.385,1.63115,1.63135,0.20,0.30
2008.05.14 12:38:46.775,1.6312,1.6314,0.20,0.30
2008.05.14 12:38:47.175,1.63125,1.63145,0.20,0.50
2008.05.14 12:38:47.548,1.6312,1.6314,0.20,0.30
2008.05.14 12:38:47.917,1.6312,1.6314,0.20,0.50
2008.05.14 12:38:49.129,1.63115,1.63135,0.20,0.30
2008.05.14 12:38:49.689,1.6312,1.6314,0.20,0.50
2008.05.14 12:38:50.192,1.6312,1.63135,0.20,0.20
2008.05.14 12:38:50.529,1.6312,1.6314,0.20,4.20
2008.05.14 12:38:50.745,1.63115,1.6314,0.20,0.30
2008.05.14 12:38:50.994,1.6312,1.6314,0.20,0.30
2008.05.14 12:38:51.192,1.6312,1.6314,0.20,0.50
2008.05.14 12:38:51.932,1.63115,1.63135,0.20,0.30
2008.05.14 12:38:52.370,1.6312,1.63135,0.20,0.20
2008.05.14 12:38:52.685,1.63115,1.63135,0.20,0.20
2008.05.14 12:38:52.990,1.6312,1.6314,0.20,4.50
2008.05.14 12:38:53.105,1.6312,1.6314,0.20,0.30
2008.05.14 12:38:53.865,1.63115,1.63135,0.20,0.20
2008.05.14 12:38:54.314,1.6312,1.6314,0.20,0.50
2008.05.14 12:38:55.900,1.6312,1.63135,0.20,0.20
2008.05.14 12:38:56.066,1.63115,1.63135,0.20,0.20
2008.05.14 12:38:56.330,1.6311,1.63135,5.00,0.50
2008.05.14 12:38:57.686,1.6312,1.63135,0.20,0.20
2008.05.14 12:38:57.886,1.6312,1.6314,0.20,4.20
2008.05.14 12:38:57.997,1.6312,1.6314,0.20,0.30
2008.05.14 12:38:58.689,1.6312,1.6314,0.20,0.50
2008.05.14 12:38:59.116,1.63115,1.63135,0.20,0.20
2008.05.14 12:39:01.729,1.6312,1.6314,0.20,4.20
2008.05.14 12:39:01.782,1.6312,1.6314,0.20,0.30
2008.05.14 12:39:02.454,1.6312,1.6314,0.20,0.50
2008.05.14 12:39:03.700,1.63115,1.6314,0.20,0.50
2008.05.14 12:39:03.854,1.63115,1.63135,0.20,0.20
2008.05.14 12:39:06.543,1.63115,1.63135,0.20,0.60
2008.05.14 12:39:06.692,1.63115,1.63135,0.20,1.20
2008.05.14 12:39:06.844,1.63115,1.63135,0.20,0.80
2008.05.14 12:39:07.275,1.63115,1.6314,0.20,0.50
2008.05.14 12:39:07.341,1.63115,1.6314,0.60,0.30
2008.05.14 12:39:07.579,1.6312,1.6314,0.20,0.30
2008.05.14 12:39:07.777,1.63125,1.63145,0.20,0.50
2008.05.14 12:39:08.250,1.63125,1.63145,0.20,0.30
2008.05.14 12:39:08.448,1.6313,1.6315,0.20,0.30
2008.05.14 12:39:11.306,1.63125,1.63145,0.60,0.30
2008.05.14 12:39:11.495,1.63125,1.63145,0.20,0.50
2008.05.14 12:39:13.031,1.6312,1.63135,0.10,0.30
2008.05.14 12:39:13.201,1.6312,1.6314,0.20,0.30
2008.05.14 12:39:14.193,1.6313,1.6315,0.20,0.50
2008.05.14 12:39:14.646,1.6313,1.6315,0.20,2.90
2008.05.14 12:39:14.838,1.63125,1.63145,0.20,0.50
2008.05.14 12:39:16.164,1.6312,1.63145,0.20,0.50
2008.05.14 12:39:16.355,1.6312,1.63145,0.20,0.70
2008.05.14 12:39:16.600,1.63125,1.63145,0.20,0.70
2008.05.14 12:39:18.500,1.63115,1.6314,0.50,0.30
2008.05.14 12:39:18.676,1.6312,1.6314,0.20,0.30
2008.05.14 12:39:18.863,1.63125,1.63145,0.20,0.70
2008.05.14 12:39:19.064,1.6312,1.63145,0.20,0.70
2008.05.14 12:39:19.437,1.6313,1.63145,0.20,0.20
2008.05.14 12:39:19.703,1.63125,1.63145,0.60,0.30
2008.05.14 12:39:20.977,1.6313,1.6315,0.20,0.30
2008.05.14 12:39:21.188,1.63135,1.6315,0.40,0.30
2008.05.14 12:39:21.499,1.6313,1.6315,0.90,0.30
2008.05.14 12:39:21.682,1.6313,1.6315,0.20,0.30
2008.05.14 12:39:21.862,1.6313,1.6315,0.90,0.30
2008.05.14 12:39:22.097,1.63135,1.63155,0.20,0.50
2008.05.14 12:39:22.334,1.6313,1.6315,0.20,0.30
2008.05.14 12:39:22.886,1.63135,1.6316,0.20,5.00
2008.05.14 12:39:23.120,1.63135,1.63155,0.60,0.30
2008.05.14 12:39:24.907,1.63135,1.63155,0.20,0.50
2008.05.14 12:39:25.389,1.63135,1.63155,0.60,0.30
2008.05.14 12:39:26.552,1.63135,1.63155,0.20,0.50
2008.05.14 12:39:29.968,1.63135,1.63155,0.60,0.30
2008.05.14 12:39:30.705,1.6314,1.6316,0.20,0.30
2008.05.14 12:39:31.360,1.6314,1.6316,1.80,0.30
2008.05.14 12:39:31.557,1.63145,1.63165,0.60,0.30
2008.05.14 12:39:31.701,1.6315,1.6317,0.20,2.60
2008.05.14 12:39:31.849,1.6315,1.6317,0.20,0.30
2008.05.14 12:39:31.993,1.6315,1.6317,1.00,0.30
2008.05.14 12:39:32.652,1.63155,1.63175,0.60,0.30
2008.05.14 12:39:32.939,1.6316,1.6318,0.20,0.30
2008.05.14 12:39:33.531,1.63165,1.6318,0.40,0.30
2008.05.14 12:39:33.932,1.6316,1.6318,0.20,0.30
2008.05.14 12:39:34.332,1.63155,1.63175,0.20,0.30
2008.05.14 12:39:34.760,1.6315,1.6317,5.10,0.30
2008.05.14 12:39:34.932,1.6315,1.6317,1.00,0.30
2008.05.14 12:39:35.105,1.6316,1.6318,0.20,0.30
2008.05.14 12:39:35.277,1.63155,1.63175,0.20,0.50
2008.05.14 12:39:36.477,1.6315,1.6317,0.20,0.30
2008.05.14 12:39:36.853,1.63145,1.63165,0.60,0.30
2008.05.14 12:39:37.350,1.6315,1.6317,0.20,0.30
2008.05.14 12:39:37.719,1.63155,1.63175,0.20,0.30
2008.05.14 12:39:37.944,1.63145,1.63165,0.60,0.30
2008.05.14 12:39:38.252,1.63155,1.63175,0.20,0.50
2008.05.14 12:39:38.394,1.63155,1.63175,0.20,0.30
2008.05.14 12:39:38.950,1.6315,1.6317,0.20,0.30
2008.05.14 12:39:41.595,1.6314,1.6316,2.50,0.30
2008.05.14 12:39:43.423,1.6314,1.6316,0.20,0.30
2008.05.14 12:39:43.968,1.63145,1.63165,0.20,0.30
2008.05.14 12:39:44.253,1.6314,1.6316,0.20,0.30
2008.05.14 12:39:44.448,1.63145,1.63165,0.20,0.30
2008.05.14 12:39:46.036,1.6314,1.6316,0.20,0.30
2008.05.14 12:39:46.373,1.63145,1.63165,0.20,0.30
2008.05.14 12:39:47.816,1.63145,1.63165,0.60,0.30
2008.05.14 12:39:48.619,1.63145,1.63165,0.20,0.30
2008.05.14 12:39:48.789,1.6315,1.6317,0.20,0.30
2008.05.14 12:39:49.345,1.6315,1.63165,0.20,0.20
2008.05.14 12:39:49.597,1.6315,1.6317,0.20,4.20
2008.05.14 12:39:49.762,1.6315,1.6317,0.20,0.30
2008.05.14 12:39:53.220,1.63155,1.63175,0.20,0.50
2008.05.14 12:39:55.907,1.63165,1.63175,0.20,0.20
2008.05.14 12:39:56.169,1.63165,1.63185,0.20,0.50
2008.05.14 12:39:56.887,1.6316,1.63185,0.30,0.50
2008.05.14 12:39:57.139,1.63165,1.63185,0.20,0.50
2008.05.14 12:39:57.684,1.6316,1.6318,0.30,0.30
2008.05.14 12:39:57.916,1.6316,1.6318,0.20,0.30
2008.05.14 12:40:00.777,1.63155,1.63175,0.60,0.30
2008.05.14 12:40:03.197,1.63155,1.6317,0.40,0.30
2008.05.14 12:40:03.383,1.6315,1.6317,6.60,0.30
2008.05.14 12:40:04.965,1.6315,1.6317,0.20,0.30
2008.05.14 12:40:05.273,1.6315,1.6317,0.90,0.30
2008.05.14 12:40:11.673,1.6315,1.6317,0.20,0.30
2008.05.14 12:40:11.937,1.63155,1.6317,0.40,0.30
2008.05.14 12:40:12.231,1.6316,1.6318,0.20,2.60
2008.05.14 12:40:12.525,1.63155,1.63175,0.60,0.30
2008.05.14 12:40:12.811,1.63165,1.63185,0.20,0.50
2008.05.14 12:40:13.076,1.63155,1.63175,0.20,0.30
2008.05.14 12:40:13.343,1.63155,1.63175,0.20,0.50
2008.05.14 12:40:13.593,1.6315,1.6317,0.30,0.30
2008.05.14 12:40:13.858,1.6315,1.6317,0.20,0.30
2008.05.14 12:40:14.658,1.63155,1.63175,0.20,0.30
2008.05.14 12:40:14.995,1.63145,1.63165,0.20,0.30
2008.05.14 12:40:17.550,1.6314,1.6316,0.20,0.30
2008.05.14 12:40:20.651,1.6314,1.63155,0.20,0.20
2008.05.14 12:40:21.184,1.6314,1.6316,0.20,0.30
2008.05.14 12:40:21.450,1.63145,1.63165,0.20,0.50
2008.05.14 12:40:21.654,1.63155,1.63165,0.20,0.20
2008.05.14 12:40:21.935,1.63155,1.63175,0.20,0.30
2008.05.14 12:40:22.125,1.6315,1.6317,0.20,0.30
2008.05.14 12:40:22.537,1.63155,1.63175,0.20,0.30
2008.05.14 12:40:22.965,1.6316,1.6318,0.20,0.30
2008.05.14 12:40:23.208,1.6316,1.63175,0.20,0.20
2008.05.14 12:40:23.497,1.6316,1.6318,0.20,0.50
2008.05.14 12:40:23.986,1.6316,1.6318,0.20,0.30
2008.05.14 12:40:24.555,1.63165,1.63185,0.20,0.50
2008.05.14 12:40:25.280,1.63165,1.63185,0.60,0.30
2008.05.14 12:40:25.761,1.63175,1.6319,0.20,2.40
2008.05.14 12:40:25.927,1.6318,1.63195,0.20,0.40
2008.05.14 12:40:26.092,1.6318,1.632,0.20,0.50
2008.05.14 12:40:26.489,1.6318,1.632,0.20,0.30
2008.05.14 12:40:28.437,1.63175,1.63195,0.60,0.30
2008.05.14 12:40:32.970,1.63175,1.63195,1.20,0.30
2008.05.14 12:40:33.182,1.63175,1.63195,0.60,0.30
2008.05.14 12:40:33.307,1.6318,1.632,0.20,0.30
2008.05.14 12:40:38.506,1.63165,1.63185,0.60,0.30
2008.05.14 12:40:40.356,1.6316,1.6318,2.60,0.30
2008.05.14 12:40:40.487,1.63155,1.63175,0.20,0.30
2008.05.14 12:40:40.659,1.6315,1.6317,0.20,0.30
2008.05.14 12:40:41.032,1.63145,1.63165,0.20,0.30
2008.05.14 12:40:41.341,1.63145,1.63165,0.20,0.70
2008.05.14 12:40:41.396,1.6314,1.6316,0.20,0.30
2008.05.14 12:40:42.145,1.63145,1.63165,0.20,0.50
2008.05.14 12:40:42.354,1.6315,1.6317,0.20,0.30
2008.05.14 12:40:42.644,1.63155,1.6317,0.20,0.40
2008.05.14 12:40:42.859,1.63155,1.63175,0.20,0.70
2008.05.14 12:40:42.990,1.6316,1.63175,0.20,0.40
2008.05.14 12:40:43.203,1.6316,1.6318,0.20,0.50
2008.05.14 12:40:43.895,1.6316,1.6318,0.20,0.30
2008.05.14 12:40:44.453,1.63155,1.63175,0.60,0.30
2008.05.14 12:40:45.804,1.63155,1.63175,0.20,0.50
2008.05.14 12:40:45.904,1.63155,1.63175,0.20,0.70
2008.05.14 12:40:46.091,1.63155,1.63175,0.60,0.30
2008.05.14 12:40:46.669,1.63155,1.63175,0.60,0.50
2008.05.14 12:40:47.031,1.63155,1.63175,0.20,0.70
2008.05.14 12:40:47.341,1.6315,1.63175,2.60,0.70
2008.05.14 12:40:47.612,1.6315,1.63175,5.00,0.70
2008.05.14 12:40:47.879,1.6315,1.63165,0.10,0.30
2008.05.14 12:40:48.167,1.63145,1.63165,0.20,0.50
2008.05.14 12:40:48.347,1.63145,1.63165,0.20,0.30
2008.05.14 12:40:48.535,1.6314,1.6316,2.50,0.30
2008.05.14 12:40:48.809,1.6314,1.6316,0.20,0.30
2008.05.14 12:40:49.082,1.63145,1.63165,0.20,0.30
2008.05.14 12:40:50.770,1.6314,1.6316,0.20,0.30
2008.05.14 12:40:51.056,1.63145,1.63165,0.20,0.30
2008.05.14 12:40:52.807,1.6314,1.6316,0.20,0.30
2008.05.14 12:40:54.262,1.63135,1.63155,0.20,0.30
2008.05.14 12:40:54.398,1.63135,1.63155,0.20,0.50
2008.05.14 12:40:54.757,1.63135,1.63155,0.20,0.30
2008.05.14 12:40:56.334,1.63135,1.63155,0.20,0.50
2008.05.14 12:40:56.558,1.63125,1.63145,0.60,0.30
2008.05.14 12:40:56.697,1.63125,1.63145,0.20,0.30
2008.05.14 12:40:56.840,1.63125,1.63145,0.60,0.30
2008.05.14 12:40:57.047,1.63125,1.63145,0.20,0.30
2008.05.14 12:40:57.290,1.6313,1.6315,0.20,0.30
2008.05.14 12:40:57.919,1.63135,1.63155,0.20,0.30
2008.05.14 12:40:58.472,1.6314,1.6316,0.20,0.50
2008.05.14 12:40:59.065,1.6314,1.6316,0.20,0.30
2008.05.14 12:40:59.425,1.63145,1.63165,0.20,0.70
2008.05.14 12:41:00.162,1.63145,1.6316,0.20,0.40
2008.05.14 12:41:00.819,1.63145,1.63165,0.20,0.70
2008.05.14 12:41:02.973,1.63145,1.63165,0.20,0.50
2008.05.14 12:41:03.043,1.63155,1.6317,0.20,6.70
2008.05.14 12:41:03.272,1.63155,1.63175,0.20,0.70
2008.05.14 12:41:03.607,1.63145,1.63165,0.20,0.50
2008.05.14 12:41:04.583,1.6313,1.6315,2.60,0.30
2008.05.14 12:41:04.711,1.63135,1.63155,0.20,0.50
2008.05.14 12:41:05.167,1.63145,1.63155,0.20,0.20
2008.05.14 12:41:05.292,1.63145,1.63165,0.20,0.50
2008.05.14 12:41:05.620,1.6314,1.6316,0.20,0.30
2008.05.14 12:41:06.233,1.6313,1.6315,0.20,0.30
2008.05.14 12:41:06.438,1.63135,1.63155,0.20,0.50
2008.05.14 12:41:07.105,1.63145,1.63165,0.20,0.70
2008.05.14 12:41:08.103,1.6314,1.6316,0.20,0.30
2008.05.14 12:41:09.232,1.6314,1.6316,0.20,0.50
2008.05.14 12:41:10.501,1.63145,1.6316,0.20,0.40
2008.05.14 12:41:10.735,1.63145,1.63165,0.20,0.70
2008.05.14 12:41:11.968,1.63145,1.63165,0.20,0.50
2008.05.14 12:41:16.170,1.63145,1.63165,0.20,0.70
2008.05.14 12:41:16.654,1.63145,1.63165,0.20,0.50
2008.05.14 12:41:17.970,1.63155,1.63165,0.20,0.20
2008.05.14 12:41:18.172,1.63155,1.63175,0.20,0.70
2008.05.14 12:41:20.278,1.6315,1.63175,0.20,0.70
2008.05.14 12:41:20.441,1.63155,1.63175,0.20,0.70
2008.05.14 12:41:21.038,1.6315,1.6317,0.20,0.30
2008.05.14 12:41:21.139,1.63155,1.63175,0.20,0.70
2008.05.14 12:41:21.431,1.6315,1.6317,0.20,0.30
2008.05.14 12:41:22.842,1.6315,1.63165,0.20,0.20
2008.05.14 12:41:23.068,1.6315,1.6317,0.20,0.50
2008.05.14 12:41:24.288,1.6315,1.63165,0.20,0.20
2008.05.14 12:41:24.948,1.6315,1.6317,0.20,0.30
2008.05.14 12:41:30.912,1.6316,1.63185,0.20,1.50
2008.05.14 12:41:31.272,1.63165,1.63185,0.20,0.70
2008.05.14 12:41:31.540,1.6315,1.6317,8.10,0.30
2008.05.14 12:41:31.733,1.6315,1.6317,0.20,0.30
2008.05.14 12:41:32.603,1.63155,1.63175,0.20,0.30
2008.05.14 12:41:33.898,1.6315,1.6317,0.20,0.30
2008.05.14 12:41:34.826,1.63155,1.63175,0.20,0.70
2008.05.14 12:41:35.906,1.63155,1.63175,0.20,0.50
2008.05.14 12:41:36.143,1.6315,1.6317,0.20,0.30
2008.05.14 12:41:38.741,1.6315,1.6317,0.20,1.00
2008.05.14 12:41:39.049,1.6315,1.6317,0.20,0.30
2008.05.14 12:41:39.651,1.6315,1.6317,0.20,0.50
2008.05.14 12:41:40.320,1.6315,1.6317,0.20,0.30
2008.05.14 12:41:40.987,1.6315,1.6317,0.20,0.50
2008.05.14 12:41:46.580,1.6315,1.63165,0.20,0.20
2008.05.14 12:41:46.746,1.6315,1.6317,0.20,0.50
2008.05.14 12:41:51.463,1.63145,1.63165,0.20,0.30
2008.05.14 12:41:51.523,1.63145,1.63165,0.20,0.50
2008.05.14 12:41:51.644,1.63145,1.63165,0.20,0.70
2008.05.14 12:41:51.941,1.6314,1.63165,2.50,0.70
2008.05.14 12:41:52.200,1.6314,1.6316,2.50,0.30
2008.05.14 12:41:54.628,1.63135,1.63155,0.20,0.50
2008.05.14 12:41:57.629,1.63135,1.63155,0.20,0.70
2008.05.14 12:41:58.080,1.63135,1.63155,0.20,0.50
2008.05.14 12:42:00.121,1.63135,1.63155,0.20,0.70
2008.05.14 12:42:00.691,1.63135,1.63155,0.20,0.50
2008.05.14 12:42:04.532,1.6312,1.6314,1.60,0.30
2008.05.14 12:42:04.736,1.63125,1.6314,0.20,0.80
2008.05.14 12:42:04.882,1.6313,1.6314,0.20,0.80
2008.05.14 12:42:05.026,1.6313,1.63145,0.20,0.20
2008.05.14 12:42:05.319,1.63125,1.63145,0.20,0.30
2008.05.14 12:42:05.622,1.6312,1.6314,0.20,0.30
2008.05.14 12:42:05.938,1.63125,1.63145,0.20,0.30
2008.05.14 12:42:06.175,1.6313,1.6315,0.20,0.30
2008.05.14 12:42:06.488,1.63125,1.63145,0.20,0.30
2008.05.14 12:42:09.190,1.6312,1.6314,0.20,0.30
2008.05.14 12:42:09.559,1.6312,1.6314,0.20,0.50
2008.05.14 12:42:09.829,1.6312,1.6314,0.20,0.30
2008.05.14 12:42:17.344,1.6312,1.6314,0.20,0.50
2008.05.14 12:42:17.671,1.6312,1.6314,0.20,0.30
2008.05.14 12:42:18.842,1.6312,1.6314,0.20,0.40
2008.05.14 12:42:19.109,1.63115,1.6314,0.20,0.50
2008.05.14 12:42:19.193,1.63115,1.6314,0.20,0.30
2008.05.14 12:42:19.485,1.6312,1.63145,0.20,1.50
2008.05.14 12:42:19.696,1.63115,1.6314,0.20,0.30
2008.05.14 12:42:20.483,1.63115,1.63135,0.20,0.20
2008.05.14 12:42:21.503,1.6312,1.6314,0.20,0.50
2008.05.14 12:42:21.739,1.6312,1.63135,0.20,0.20
2008.05.14 12:42:21.893,1.6312,1.63135,0.20,0.60
2008.05.14 12:42:22.617,1.6312,1.63135,0.20,0.20
2008.05.14 12:42:22.988,1.63115,1.63135,0.20,0.20
2008.05.14 12:42:23.374,1.63115,1.6314,0.20,0.50
2008.05.14 12:42:23.610,1.6312,1.6314,0.20,0.50
2008.05.14 12:42:23.760,1.63115,1.63135,0.20,0.30
2008.05.14 12:42:24.590,1.6311,1.63135,0.20,0.50
2008.05.14 12:42:24.826,1.63115,1.63135,0.20,0.50
2008.05.14 12:42:26.194,1.6311,1.6313,0.20,0.30
2008.05.14 12:42:26.427,1.63115,1.63135,0.20,0.50
2008.05.14 12:42:26.659,1.63115,1.63135,0.20,0.70
2008.05.14 12:42:28.170,1.63115,1.63135,0.20,0.50
2008.05.14 12:42:28.304,1.63115,1.63135,0.20,0.30
2008.05.14 12:42:29.239,1.63115,1.63135,0.60,0.30
2008.05.14 12:42:29.263,1.6312,1.6314,0.20,1.20
2008.05.14 12:42:29.621,1.63115,1.63135,0.60,0.30
2008.05.14 12:42:29.888,1.63105,1.63125,0.20,0.30
2008.05.14 12:42:30.233,1.6311,1.6313,0.20,0.30
2008.05.14 12:42:30.585,1.6311,1.63125,0.20,0.40
2008.05.14 12:42:30.832,1.631,1.6312,0.20,0.30
2008.05.14 12:42:31.082,1.63105,1.63125,0.20,0.50
2008.05.14 12:42:31.842,1.6311,1.6313,0.20,0.50
2008.05.14 12:42:36.501,1.6311,1.6313,0.20,1.20
2008.05.14 12:42:38.558,1.63105,1.63125,0.20,0.50
2008.05.14 12:42:39.049,1.6311,1.63125,0.20,0.60
2008.05.14 12:42:39.333,1.6311,1.63125,0.20,0.40
2008.05.14 12:42:39.534,1.6311,1.6313,0.20,0.40
2008.05.14 12:42:39.734,1.6311,1.63125,0.20,0.20
2008.05.14 12:42:40.226,1.63105,1.63125,0.20,0.50
2008.05.14 12:42:41.899,1.63105,1.63125,0.20,0.30
2008.05.14 12:42:42.040,1.6311,1.6313,0.20,0.50
2008.05.14 12:42:42.180,1.63115,1.63135,0.20,0.70
2008.05.14 12:42:42.804,1.6311,1.6313,0.20,0.30
2008.05.14 12:42:44.772,1.6311,1.63125,0.20,0.20
2008.05.14 12:42:45.654,1.63105,1.63125,0.20,0.50
2008.05.14 12:42:46.109,1.6311,1.6313,0.20,0.30
2008.05.14 12:42:46.611,1.6311,1.6313,0.20,0.50
2008.05.14 12:42:46.793,1.63105,1.6313,0.20,0.50
2008.05.14 12:42:47.150,1.6311,1.6313,0.20,0.50
2008.05.14 12:42:47.508,1.6311,1.63135,0.20,0.30
2008.05.14 12:42:47.680,1.6311,1.63125,0.80,0.30
2008.05.14 12:42:47.812,1.63105,1.63125,0.20,0.30
2008.05.14 12:42:47.948,1.6311,1.6313,0.20,0.30
2008.05.14 12:42:48.217,1.6311,1.6313,0.20,0.50
2008.05.14 12:42:48.572,1.63105,1.63125,0.20,0.30
2008.05.14 12:42:49.426,1.6311,1.6313,0.20,0.50
2008.05.14 12:42:55.269,1.6311,1.63125,0.20,0.20
2008.05.14 12:42:56.020,1.6311,1.6313,0.20,0.30
2008.05.14 12:42:56.435,1.63115,1.63135,0.20,0.30
2008.05.14 12:42:56.757,1.63115,1.6313,0.20,0.40
2008.05.14 12:42:57.081,1.63115,1.63135,0.20,0.50
2008.05.14 12:42:57.419,1.63115,1.63135,0.20,0.70
2008.05.14 12:42:57.645,1.6311,1.6313,0.20,0.50
2008.05.14 12:42:57.869,1.6311,1.6313,0.20,0.30
2008.05.14 12:42:58.097,1.63105,1.6313,0.20,0.50
2008.05.14 12:42:58.325,1.63105,1.63125,0.20,0.80
2008.05.14 12:42:58.470,1.6311,1.6313,0.20,0.50
2008.05.14 12:42:58.761,1.6312,1.63135,0.20,0.20
2008.05.14 12:42:58.905,1.6312,1.6314,0.20,0.40
2008.05.14 12:42:59.134,1.63125,1.63145,0.20,1.50
2008.05.14 12:42:59.278,1.6312,1.6314,0.20,0.30
2008.05.14 12:42:59.563,1.6312,1.6314,0.20,0.50
2008.05.14 12:43:00.170,1.6312,1.6314,0.20,0.30
2008.05.14 12:43:00.368,1.63125,1.63145,0.20,0.50
2008.05.14 12:43:00.593,1.6312,1.63145,0.20,0.50
2008.05.14 12:43:00.838,1.6312,1.63145,0.20,0.30
2008.05.14 12:43:01.084,1.63125,1.6315,0.20,2.90
2008.05.14 12:43:01.339,1.6313,1.6315,0.20,0.50
2008.05.14 12:43:01.635,1.63135,1.6315,0.20,0.40
2008.05.14 12:43:01.849,1.63135,1.63155,0.20,0.70
2008.05.14 12:43:02.694,1.63135,1.63155,0.20,0.50
2008.05.14 12:43:02.857,1.63135,1.63155,0.20,0.70
2008.05.14 12:43:03.018,1.6314,1.63155,0.20,0.60
2008.05.14 12:43:03.206,1.63135,1.63155,0.20,0.70
2008.05.14 12:43:09.380,1.63145,1.63155,0.20,0.60
2008.05.14 12:43:09.531,1.63145,1.63155,0.20,0.40
2008.05.14 12:43:09.681,1.6314,1.6316,0.20,0.30
2008.05.14 12:43:11.296,1.6314,1.6316,0.20,0.50
2008.05.14 12:43:14.055,1.63135,1.63155,0.20,0.20
2008.05.14 12:43:14.589,1.6314,1.63155,0.20,0.20
2008.05.14 12:43:14.625,1.6314,1.6316,0.20,1.00
2008.05.14 12:43:14.790,1.6314,1.6316,0.20,0.30
2008.05.14 12:43:15.808,1.63145,1.63165,0.20,0.50
2008.05.14 12:43:16.364,1.6315,1.63165,0.20,0.20
2008.05.14 12:43:16.423,1.6315,1.63165,2.50,0.20
2008.05.14 12:43:16.562,1.6315,1.63175,2.50,0.70
2008.05.14 12:43:16.979,1.63155,1.63175,0.20,0.60
2008.05.14 12:43:17.195,1.63155,1.63175,0.20,0.50
2008.05.14 12:43:17.341,1.6316,1.6318,0.20,0.50
2008.05.14 12:43:17.999,1.63155,1.63175,0.20,0.30
2008.05.14 12:43:18.414,1.6316,1.6318,0.20,0.50
2008.05.14 12:43:18.934,1.6316,1.6318,0.20,0.30
2008.05.14 12:43:19.131,1.63155,1.63175,0.20,0.20
2008.05.14 12:43:19.466,1.6316,1.6318,0.20,0.50
2008.05.14 12:43:19.805,1.6315,1.63175,2.50,0.30
2008.05.14 12:43:20.807,1.63145,1.63165,2.50,0.30
2008.05.14 12:43:21.032,1.63145,1.63165,0.20,0.50
2008.05.14 12:43:21.335,1.6315,1.63165,0.20,0.20
2008.05.14 12:43:21.513,1.6315,1.6317,0.20,7.70
2008.05.14 12:43:21.748,1.6315,1.6317,0.20,1.00
2008.05.14 12:43:21.998,1.6314,1.63165,4.90,0.30
2008.05.14 12:43:22.884,1.6314,1.63165,0.20,0.50
2008.05.14 12:43:23.113,1.6315,1.63165,0.20,0.20
2008.05.14 12:43:23.344,1.6315,1.6317,0.20,0.50
2008.05.14 12:43:23.518,1.6314,1.63165,4.90,0.30
2008.05.14 12:43:23.884,1.6314,1.63165,0.20,0.30
2008.05.14 12:43:24.062,1.63135,1.6316,2.50,0.30
2008.05.14 12:43:24.238,1.6315,1.63165,0.20,0.40
2008.05.14 12:43:24.495,1.6315,1.6317,0.20,0.50
2008.05.14 12:43:24.651,1.6314,1.63165,4.90,0.30
2008.05.14 12:43:24.804,1.6314,1.63165,0.20,0.50
2008.05.14 12:43:25.052,1.6314,1.63165,0.20,0.70
2008.05.14 12:43:25.295,1.63135,1.6316,2.50,0.30
2008.05.14 12:43:26.060,1.63145,1.63165,0.20,0.70
2008.05.14 12:43:26.767,1.63145,1.63165,0.20,0.50
2008.05.14 12:43:27.889,1.6315,1.6317,0.20,4.20
2008.05.14 12:43:27.965,1.6315,1.6317,0.20,0.30
2008.05.14 12:43:28.343,1.63155,1.63175,0.20,0.50
2008.05.14 12:43:28.912,1.63155,1.63175,0.20,0.30
2008.05.14 12:43:29.432,1.63155,1.63175,0.20,0.50
2008.05.14 12:43:29.763,1.63155,1.63175,0.20,0.70
2008.05.14 12:43:30.046,1.63155,1.63175,0.20,0.50
2008.05.14 12:43:30.388,1.63155,1.63175,0.20,0.60
2008.05.14 12:43:30.728,1.6316,1.63175,0.20,0.20
2008.05.14 12:43:31.068,1.6316,1.6318,0.20,1.30
2008.05.14 12:43:31.662,1.63155,1.63175,0.20,0.60
2008.05.14 12:43:32.008,1.63145,1.63165,0.20,0.30
2008.05.14 12:43:32.226,1.63145,1.63165,0.60,0.30
2008.05.14 12:43:32.400,1.6316,1.63175,0.20,1.20
2008.05.14 12:43:32.631,1.6316,1.63175,0.20,0.40
2008.05.14 12:43:32.844,1.6316,1.6318,0.20,0.50
2008.05.14 12:43:33.396,1.6316,1.6318,0.20,0.30
2008.05.14 12:43:34.856,1.63155,1.63175,0.60,0.30
2008.05.14 12:43:35.575,1.6316,1.6318,0.20,0.30
2008.05.14 12:43:36.003,1.63165,1.63185,0.20,1.50
2008.05.14 12:43:36.242,1.63165,1.63185,0.20,0.70
2008.05.14 12:43:37.066,1.6316,1.6318,0.20,0.30
2008.05.14 12:43:37.175,1.63165,1.63185,0.20,0.30
2008.05.14 12:43:37.287,1.63165,1.63185,0.20,0.50
2008.05.14 12:43:38.174,1.63165,1.63185,0.60,0.30
2008.05.14 12:43:38.626,1.63165,1.63185,0.20,0.50
2008.05.14 12:43:40.153,1.63165,1.63185,0.60,0.30
2008.05.14 12:43:42.333,1.63165,1.63185,0.60,0.50
2008.05.14 12:43:42.583,1.63165,1.63185,0.20,0.50
2008.05.14 12:43:45.936,1.6316,1.6318,0.20,0.30
2008.05.14 12:43:48.165,1.63155,1.63175,0.60,0.30
2008.05.14 12:43:49.029,1.63155,1.63175,0.20,0.70
2008.05.14 12:43:49.239,1.63155,1.63175,0.20,0.50
2008.05.14 12:43:50.500,1.6316,1.6318,0.20,0.30
2008.05.14 12:43:52.613,1.63155,1.63175,0.60,0.30
2008.05.14 12:43:54.380,1.6316,1.6318,0.20,0.30
2008.05.14 12:43:54.799,1.63165,1.63185,0.20,0.70
2008.05.14 12:43:55.286,1.63165,1.63185,0.60,0.30
2008.05.14 12:43:56.666,1.63165,1.6318,0.40,0.30
2008.05.14 12:43:56.842,1.6316,1.6318,0.20,0.30
2008.05.14 12:44:00.351,1.6315,1.6317,1.70,0.30
2008.05.14 12:44:00.463,1.6315,1.6317,4.10,0.30
2008.05.14 12:44:00.490,1.63155,1.63175,0.20,0.50
2008.05.14 12:44:01.702,1.63155,1.63175,0.60,0.30
2008.05.14 12:44:07.503,1.6316,1.6318,0.20,0.30
2008.05.14 12:44:09.710,1.63155,1.63175,0.60,0.30
2008.05.14 12:44:11.263,1.6316,1.6318,0.20,0.50
2008.05.14 12:44:11.624,1.6316,1.6318,0.20,0.30
2008.05.14 12:44:12.652,1.63155,1.63175,0.60,0.30
2008.05.14 12:44:19.631,1.63155,1.63175,0.20,0.50
2008.05.14 12:44:22.119,1.6315,1.6317,2.50,0.30
2008.05.14 12:44:22.297,1.6315,1.6317,0.20,0.30
2008.05.14 12:44:28.071,1.6315,1.6317,0.20,0.50
2008.05.14 12:44:28.488,1.63155,1.63175,0.20,0.50
2008.05.14 12:44:28.958,1.6315,1.6317,0.20,0.30
2008.05.14 12:44:29.341,1.6315,1.6317,0.20,0.50
2008.05.14 12:44:30.561,1.63155,1.6317,0.20,0.40
2008.05.14 12:44:30.861,1.63155,1.63175,0.20,0.70
2008.05.14 12:44:32.255,1.63155,1.63175,0.20,0.50
2008.05.14 12:44:32.691,1.63155,1.63175,0.60,0.30
2008.05.14 12:44:41.281,1.63155,1.63175,0.60,0.50
2008.05.14 12:44:41.350,1.63155,1.63175,0.60,0.30
2008.05.14 12:44:45.749,1.6316,1.6318,0.20,0.50
2008.05.14 12:44:45.972,1.63165,1.63185,0.20,0.70
2008.05.14 12:44:46.687,1.63155,1.63175,0.60,0.30
2008.05.14 12:44:47.141,1.6316,1.6318,0.20,2.90
2008.05.14 12:44:47.326,1.6316,1.6318,0.20,0.50
2008.05.14 12:44:47.595,1.6316,1.6318,0.20,0.30
2008.05.14 12:44:50.415,1.63155,1.63175,0.60,0.30
2008.05.14 12:44:51.291,1.6316,1.6318,0.20,0.30
2008.05.14 12:44:54.736,1.63165,1.63185,0.20,0.50
2008.05.14 12:44:54.964,1.6316,1.6318,0.20,0.30
2008.05.14 12:44:55.505,1.63165,1.63185,0.20,0.50
2008.05.14 12:44:56.270,1.6316,1.6318,0.20,0.30
2008.05.14 12:44:56.484,1.63165,1.63185,0.20,0.50
2008.05.14 12:44:57.998,1.63175,1.63195,0.20,0.70
2008.05.14 12:44:58.566,1.63175,1.63195,0.20,0.50
2008.05.14 12:45:01.767,1.63165,1.63185,2.80,0.30
2008.05.14 12:45:01.822,1.63165,1.63185,0.60,0.30
2008.05.14 12:45:05.515,1.63165,1.63185,0.20,0.50
2008.05.14 12:45:06.247,1.6316,1.6318,0.20,0.30
2008.05.14 12:45:07.016,1.63165,1.63185,0.60,0.30
2008.05.14 12:45:07.759,1.6317,1.6319,0.20,0.30
2008.05.14 12:45:09.169,1.63175,1.6319,0.40,0.30
2008.05.14 12:45:09.538,1.6317,1.6319,1.70,0.30
2008.05.14 12:45:10.637,1.6317,1.6319,0.20,0.30
2008.05.14 12:45:12.368,1.63165,1.63185,0.60,0.30
2008.05.14 12:45:15.424,1.6317,1.6319,0.20,0.30
2008.05.14 12:45:20.297,1.63165,1.63185,0.60,0.30
2008.05.14 12:45:23.903,1.63165,1.6319,0.60,0.50
2008.05.14 12:45:24.095,1.63165,1.6319,0.60,0.30
2008.05.14 12:45:24.230,1.63165,1.6319,1.20,0.30
2008.05.14 12:45:24.791,1.6317,1.6319,0.20,0.30
2008.05.14 12:45:28.629,1.63165,1.63185,0.60,0.30
2008.05.14 12:45:29.011,1.63165,1.6318,0.40,0.30
2008.05.14 12:45:29.067,1.6316,1.6318,6.50,0.30
2008.05.14 12:45:29.258,1.6316,1.6318,0.20,0.30
2008.05.14 12:45:34.590,1.63165,1.63185,0.20,0.50
2008.05.14 12:45:35.082,1.63165,1.63185,0.60,0.30
2008.05.14 12:45:36.156,1.6317,1.6319,0.20,6.60
2008.05.14 12:45:36.419,1.6317,1.6319,0.20,6.90
2008.05.14 12:45:36.684,1.6317,1.6319,0.20,6.60
2008.05.14 12:45:38.081,1.63165,1.63185,0.60,0.30
2008.05.14 12:45:44.038,1.6316,1.6318,0.20,0.30
2008.05.14 12:45:44.830,1.63155,1.63175,0.20,0.30
2008.05.14 12:45:47.736,1.6316,1.6318,0.20,0.50
2008.05.14 12:45:47.963,1.6316,1.6318,2.50,0.50
2008.05.14 12:45:48.249,1.6317,1.6319,0.20,0.50
2008.05.14 12:45:48.647,1.6317,1.6319,0.20,0.30
2008.05.14 12:45:48.853,1.63165,1.63185,0.20,0.30
2008.05.14 12:45:51.447,1.6316,1.6318,0.20,0.30
2008.05.14 12:45:59.496,1.63155,1.63175,0.60,0.30
2008.05.14 12:46:02.791,1.6316,1.6318,0.20,0.30
2008.05.14 12:46:02.991,1.63155,1.63175,0.60,0.30
2008.05.14 12:46:03.393,1.6316,1.6318,0.20,0.30
2008.05.14 12:46:03.851,1.6315,1.6317,0.20,0.30
2008.05.14 12:46:04.658,1.63155,1.63175,0.20,0.30
2008.05.14 12:46:05.418,1.6316,1.6318,0.20,0.30
2008.05.14 12:46:06.077,1.63155,1.63175,0.60,0.30
2008.05.14 12:46:08.388,1.6315,1.63165,2.40,0.30
2008.05.14 12:46:08.598,1.63145,1.63165,2.80,0.30
2008.05.14 12:46:08.831,1.6315,1.6317,0.20,0.30
2008.05.14 12:46:13.841,1.63155,1.6317,0.40,0.30
2008.05.14 12:46:13.951,1.63155,1.63175,0.60,0.30
2008.05.14 12:46:14.169,1.63155,1.6317,0.40,0.30
2008.05.14 12:46:14.361,1.6315,1.6317,0.20,0.30
2008.05.14 12:46:17.437,1.6315,1.6317,0.90,0.30
2008.05.14 12:46:19.651,1.63155,1.6318,0.20,2.60
2008.05.14 12:46:19.705,1.63155,1.6318,0.20,0.30
2008.05.14 12:46:19.818,1.63155,1.6318,0.60,0.30
2008.05.14 12:46:19.926,1.6315,1.6317,4.90,0.30
2008.05.14 12:46:20.111,1.6315,1.6317,0.90,0.30
2008.05.14 12:46:22.408,1.6315,1.6317,0.20,0.30
2008.05.14 12:46:32.741,1.6316,1.6318,0.20,2.40
2008.05.14 12:46:33.267,1.6315,1.6317,0.20,0.30
2008.05.14 12:46:36.028,1.63165,1.63185,0.20,0.70
2008.05.14 12:46:36.272,1.63165,1.6318,0.20,2.40
2008.05.14 12:46:36.435,1.6315,1.6317,0.20,0.30
2008.05.14 12:46:36.862,1.63155,1.63175,0.20,0.30
2008.05.14 12:46:37.163,1.6315,1.6317,0.20,0.30
2008.05.14 12:46:37.876,1.63145,1.63165,0.20,0.30
2008.05.14 12:46:38.073,1.6315,1.6317,0.20,0.30
2008.05.14 12:46:39.760,1.63155,1.63175,0.20,0.30
2008.05.14 12:46:39.904,1.6315,1.6317,0.20,0.30
2008.05.14 12:46:41.965,1.63155,1.63175,0.20,0.50
2008.05.14 12:46:42.082,1.6315,1.6317,0.20,0.30
2008.05.14 12:46:43.122,1.63155,1.63175,0.20,0.30
2008.05.14 12:46:44.047,1.6315,1.6317,0.20,0.30
2008.05.14 12:46:48.077,1.63155,1.63175,0.20,0.30
2008.05.14 12:46:48.542,1.63155,1.6317,0.40,0.30
2008.05.14 12:46:48.733,1.6315,1.6317,4.10,0.30
2008.05.14 12:46:48.923,1.6315,1.6317,0.20,0.30
2008.05.14 12:46:50.079,1.63155,1.63175,0.20,0.30
2008.05.14 12:46:50.316,1.63155,1.63175,0.60,0.30
2008.05.14 12:46:50.495,1.63155,1.63175,0.20,0.30
2008.05.14 12:46:51.668,1.6315,1.6317,0.20,0.30
2008.05.14 12:46:52.511,1.63155,1.63175,0.20,0.30
2008.05.14 12:46:53.419,1.6315,1.6317,0.20,0.30
2008.05.14 12:46:55.203,1.63145,1.63165,0.60,0.30
2008.05.14 12:46:58.038,1.6315,1.6317,0.20,0.30
2008.05.14 12:46:58.246,1.63145,1.63165,0.60,0.30
2008.05.14 12:46:58.432,1.6315,1.6317,0.20,0.30
2008.05.14 12:47:00.014,1.63155,1.63175,0.20,0.30
2008.05.14 12:47:00.269,1.63145,1.6317,0.60,0.30
2008.05.14 12:47:00.608,1.63155,1.63175,0.20,0.30
2008.05.14 12:47:00.913,1.6315,1.6317,0.20,0.30
2008.05.14 12:47:01.684,1.63155,1.63175,0.20,0.30
2008.05.14 12:47:02.018,1.63145,1.63165,0.60,0.30
2008.05.14 12:47:02.303,1.6315,1.6317,0.20,0.30
2008.05.14 12:47:02.492,1.63155,1.63175,0.20,0.30
2008.05.14 12:47:03.201,1.6316,1.6318,0.20,0.50
2008.05.14 12:47:03.351,1.63155,1.63175,0.60,0.30
2008.05.14 12:47:03.708,1.6315,1.6317,4.10,0.30
2008.05.14 12:47:03.855,1.63145,1.63165,2.80,0.30
2008.05.14 12:47:04.145,1.63145,1.63165,0.60,0.30
2008.05.14 12:47:04.504,1.63155,1.63175,0.20,0.50
2008.05.14 12:47:04.573,1.63155,1.63175,0.20,0.30
2008.05.14 12:47:04.796,1.63155,1.63175,0.20,0.50
2008.05.14 12:47:05.003,1.63155,1.6317,0.20,0.40
2008.05.14 12:47:05.229,1.6315,1.6317,0.20,0.50
2008.05.14 12:47:05.623,1.6315,1.6317,0.20,0.30
2008.05.14 12:47:05.819,1.63155,1.63175,0.20,0.50
2008.05.14 12:47:06.038,1.6316,1.6318,0.20,4.50
2008.05.14 12:47:06.337,1.6316,1.6318,0.20,0.30
2008.05.14 12:47:06.643,1.63155,1.63175,0.60,0.30
2008.05.14 12:47:06.940,1.63155,1.63175,0.20,0.30
2008.05.14 12:47:08.066,1.6315,1.6317,0.20,0.30
2008.05.14 12:47:10.090,1.6315,1.6317,0.20,0.50
2008.05.14 12:47:10.981,1.63155,1.6317,0.40,0.50
2008.05.14 12:47:11.271,1.63155,1.6317,0.40,0.30
2008.05.14 12:47:11.609,1.63145,1.63165,0.60,0.30
2008.05.14 12:47:19.342,1.63145,1.63165,0.20,0.50
2008.05.14 12:47:19.527,1.6316,1.63165,0.20,0.20
2008.05.14 12:47:21.120,1.6316,1.6318,0.20,10.10
2008.05.14 12:47:21.225,1.63145,1.63165,0.60,0.30
2008.05.14 12:47:21.243,1.63145,1.63165,0.60,0.50
2008.05.14 12:47:21.566,1.63145,1.63165,0.60,0.30
2008.05.14 12:47:22.115,1.63145,1.6316,0.40,0.30
2008.05.14 12:47:22.387,1.6314,1.6316,0.20,0.30
2008.05.14 12:47:22.657,1.63145,1.63165,0.60,0.30
2008.05.14 12:47:23.498,1.6314,1.6316,0.20,0.30
2008.05.14 12:47:25.257,1.63135,1.63155,0.60,0.30
2008.05.14 12:47:28.178,1.63135,1.63155,0.20,0.50
2008.05.14 12:47:30.327,1.63135,1.63155,0.20,0.70
2008.05.14 12:47:31.198,1.63135,1.63155,0.20,0.50
2008.05.14 12:47:37.784,1.63135,1.63155,0.20,0.70
2008.05.14 12:47:38.175,1.6313,1.6315,2.50,0.30
2008.05.14 12:47:38.299,1.6313,1.6315,0.20,0.30
2008.05.14 12:47:38.496,1.63135,1.63155,0.20,0.50
2008.05.14 12:47:40.044,1.63145,1.6316,0.40,0.30
2008.05.14 12:47:40.315,1.63145,1.63165,0.60,0.50
2008.05.14 12:47:40.911,1.63145,1.63165,0.60,0.30
2008.05.14 12:47:42.007,1.63145,1.63165,0.60,0.50
2008.05.14 12:47:42.256,1.63145,1.63165,0.60,0.30
2008.05.14 12:47:45.678,1.63145,1.6317,0.60,0.30
2008.05.14 12:47:45.968,1.63155,1.63175,0.20,2.60
2008.05.14 12:47:46.337,1.63155,1.6317,0.40,0.30
2008.05.14 12:47:46.709,1.63155,1.63175,0.40,0.30
2008.05.14 12:47:47.037,1.63155,1.6317,0.40,0.30
2008.05.14 12:47:47.566,1.63155,1.63175,0.60,0.30
2008.05.14 12:47:48.152,1.63155,1.63175,0.20,0.30
2008.05.14 12:47:48.332,1.6316,1.6318,0.20,0.30
2008.05.14 12:47:48.428,1.6316,1.6318,0.90,0.30
2008.05.14 12:47:50.558,1.63165,1.6318,0.40,0.30
2008.05.14 12:47:50.706,1.6316,1.6318,0.90,0.30
2008.05.14 12:47:50.932,1.6316,1.6318,0.20,0.30
2008.05.14 12:47:51.378,1.63155,1.63175,0.60,0.30
2008.05.14 12:47:51.745,1.63155,1.63175,1.20,0.30
2008.05.14 12:47:51.961,1.63155,1.63175,0.60,0.30
2008.05.14 12:47:52.395,1.63155,1.63175,0.20,0.50
2008.05.14 12:47:52.611,1.63145,1.63165,0.20,0.30
2008.05.14 12:47:53.242,1.6315,1.6317,0.20,0.30
2008.05.14 12:48:04.363,1.63145,1.63165,0.60,0.30
2008.05.14 12:48:04.461,1.63145,1.63165,0.20,0.30
2008.05.14 12:48:09.325,1.63145,1.63165,0.60,0.30
2008.05.14 12:48:11.431,1.63145,1.63165,2.50,0.30
2008.05.14 12:48:11.541,1.63145,1.63165,0.20,0.30
2008.05.14 12:48:13.646,1.6314,1.6316,0.20,0.30
2008.05.14 12:48:15.161,1.63135,1.63155,0.60,0.30
2008.05.14 12:48:15.537,1.63135,1.63155,0.20,0.30
2008.05.14 12:48:15.957,1.6314,1.6316,0.20,0.30
2008.05.14 12:48:16.400,1.6314,1.6316,0.20,0.50
2008.05.14 12:48:23.734,1.6314,1.6316,0.20,0.30
2008.05.14 12:48:24.342,1.6314,1.6316,0.20,0.50
2008.05.14 12:48:25.378,1.6314,1.6316,0.20,0.30
2008.05.14 12:48:26.918,1.63145,1.6316,0.40,0.30
2008.05.14 12:48:27.128,1.6315,1.63165,0.20,0.40
2008.05.14 12:48:27.236,1.6315,1.6317,0.20,3.30
2008.05.14 12:48:27.376,1.6315,1.6317,0.20,0.50
2008.05.14 12:48:27.431,1.63145,1.63165,0.20,0.30
2008.05.14 12:48:27.594,1.63145,1.63165,0.20,0.50
2008.05.14 12:48:28.422,1.63145,1.63165,0.20,0.30
2008.05.14 12:48:28.638,1.6315,1.6317,0.20,0.30
2008.05.14 12:48:44.407,1.63155,1.63175,0.20,0.30
2008.05.14 12:48:45.166,1.6315,1.6317,0.20,0.30
2008.05.14 12:48:45.481,1.63155,1.63175,0.20,0.30
2008.05.14 12:48:48.642,1.6315,1.6317,0.20,0.30
2008.05.14 12:48:51.745,1.63155,1.63175,0.20,0.50
2008.05.14 12:48:52.045,1.63155,1.63175,0.60,0.30
2008.05.14 12:48:52.196,1.63165,1.63185,0.20,2.60
2008.05.14 12:48:52.331,1.63165,1.63185,0.60,0.30
2008.05.14 12:48:52.816,1.6317,1.6319,0.20,0.30
2008.05.14 12:48:59.722,1.63165,1.63185,0.60,0.30
2008.05.14 12:49:00.262,1.6317,1.6319,0.20,0.30
2008.05.14 12:49:00.828,1.63175,1.63195,0.40,0.30
2008.05.14 12:49:01.102,1.63175,1.6319,0.40,0.30
2008.05.14 12:49:01.361,1.6317,1.6319,0.20,0.30
2008.05.14 12:49:07.110,1.63175,1.63195,0.20,0.50
2008.05.14 12:49:08.092,1.6317,1.63185,2.40,0.30
2008.05.14 12:49:08.125,1.63165,1.63185,0.60,0.30
2008.05.14 12:49:08.324,1.63165,1.63185,0.20,0.30
2008.05.14 12:49:12.069,1.6316,1.6318,0.20,0.30
2008.05.14 12:49:13.732,1.63155,1.63175,0.20,0.30
2008.05.14 12:49:13.892,1.6316,1.6318,0.20,0.30
2008.05.14 12:49:20.431,1.63165,1.63185,0.20,0.60
2008.05.14 12:49:20.727,1.6316,1.6318,0.20,0.30
2008.05.14 12:49:21.328,1.63165,1.63185,0.20,0.50
2008.05.14 12:49:21.696,1.6316,1.6318,0.20,0.30
2008.05.14 12:49:28.770,1.63165,1.63185,0.20,0.70
2008.05.14 12:49:31.655,1.63165,1.63185,0.20,0.50
2008.05.14 12:49:38.230,1.6317,1.63185,0.20,0.20
2008.05.14 12:49:38.281,1.6317,1.6319,0.20,4.50
2008.05.14 12:49:38.426,1.6317,1.6319,0.20,0.50
2008.05.14 12:49:38.507,1.6317,1.6319,0.20,0.30
2008.05.14 12:49:42.375,1.6317,1.6319,0.20,2.60
2008.05.14 12:49:42.431,1.6316,1.63175,9.60,0.30
2008.05.14 12:49:42.544,1.6316,1.63175,2.40,0.30
2008.05.14 12:49:42.639,1.63165,1.63185,0.20,0.30
2008.05.14 12:49:43.044,1.6317,1.6319,0.20,0.50
2008.05.14 12:49:43.265,1.63165,1.6319,0.60,0.50
2008.05.14 12:49:43.427,1.63165,1.6319,0.60,0.30
2008.05.14 12:49:43.458,1.6317,1.6319,0.20,0.30
2008.05.14 12:49:43.626,1.63165,1.63185,0.60,0.30
2008.05.14 12:49:44.047,1.63165,1.63185,0.20,0.30
2008.05.14 12:49:48.724,1.63165,1.63185,0.60,0.30
2008.05.14 12:49:48.936,1.6317,1.6319,0.20,0.30
2008.05.14 12:49:49.152,1.63175,1.6319,0.40,0.30
2008.05.14 12:49:49.284,1.63175,1.63195,0.60,0.30
2008.05.14 12:49:50.629,1.63175,1.6319,0.40,0.30
2008.05.14 12:49:50.893,1.6317,1.6319,0.20,0.30
2008.05.14 12:49:51.198,1.63175,1.63195,0.40,0.30
2008.05.14 12:49:51.505,1.63165,1.63185,0.60,0.30
2008.05.14 12:49:51.731,1.6317,1.6319,0.20,0.30
2008.05.14 12:49:52.347,1.63175,1.63195,0.60,0.30
2008.05.14 12:49:52.841,1.6317,1.6319,0.20,0.30
2008.05.14 12:49:58.022,1.63175,1.63195,0.20,0.50
2008.05.14 12:50:09.539,1.63175,1.63195,0.60,0.30
2008.05.14 12:50:10.317,1.63175,1.6319,0.40,0.30
2008.05.14 12:50:10.636,1.6316,1.6318,0.20,0.30
2008.05.14 12:50:11.969,1.6316,1.63175,0.20,0.20
2008.05.14 12:50:12.280,1.63155,1.63175,0.20,0.50
2008.05.14 12:50:12.702,1.6315,1.6317,0.20,0.30
2008.05.14 12:50:13.189,1.6315,1.6317,0.20,0.50
2008.05.14 12:50:13.854,1.63155,1.63175,0.20,0.70
2008.05.14 12:50:17.058,1.6315,1.6317,0.20,0.30
2008.05.14 12:50:18.252,1.6315,1.6317,0.20,0.50
2008.05.14 12:50:19.484,1.63155,1.63175,0.20,0.70
2008.05.14 12:50:19.505,1.63155,1.63175,0.20,0.50
2008.05.14 12:50:19.696,1.63155,1.63175,0.20,0.30
2008.05.14 12:50:19.704,1.63155,1.63175,0.20,0.50
2008.05.14 12:50:21.977,1.63155,1.63175,0.20,0.70
2008.05.14 12:50:27.473,1.63155,1.63175,0.20,0.50
2008.05.14 12:50:30.500,1.63145,1.63165,0.60,0.30
2008.05.14 12:50:31.216,1.63155,1.63175,0.20,0.50
2008.05.14 12:50:32.053,1.6315,1.6317,0.20,0.30
2008.05.14 12:50:32.942,1.6315,1.6317,0.90,0.30
2008.05.14 12:50:33.182,1.6315,1.6317,0.20,0.30
2008.05.14 12:50:33.643,1.6315,1.6317,0.20,0.50
2008.05.14 12:50:33.805,1.6315,1.6317,0.20,0.30
2008.05.14 12:50:34.296,1.63155,1.63175,0.20,0.50
2008.05.14 12:50:39.077,1.63155,1.63175,0.60,0.30
2008.05.14 12:50:46.519,1.63155,1.6318,0.60,0.30
2008.05.14 12:50:46.726,1.6316,1.6318,1.60,0.30
2008.05.14 12:50:46.908,1.6316,1.63175,0.80,0.30
2008.05.14 12:50:47.447,1.63155,1.63175,0.20,0.50
2008.05.14 12:50:47.745,1.6315,1.6317,2.50,0.30
2008.05.14 12:50:47.895,1.6315,1.6317,0.20,0.30
2008.05.14 12:50:48.097,1.6315,1.6317,0.20,0.50
2008.05.14 12:50:49.745,1.6315,1.6317,0.20,0.30
2008.05.14 12:50:50.713,1.63145,1.63165,0.60,0.30
2008.05.14 12:50:51.201,1.63145,1.63165,0.20,0.50
2008.05.14 12:50:51.374,1.63145,1.63165,0.20,0.70
2008.05.14 12:50:52.736,1.63145,1.63165,0.60,0.50
2008.05.14 12:50:52.791,1.63145,1.63165,0.60,0.30
2008.05.14 12:50:56.233,1.63145,1.63165,0.20,0.50
2008.05.14 12:50:57.277,1.63145,1.63165,0.60,0.30
2008.05.14 12:51:06.477,1.63155,1.63175,0.20,2.80
2008.05.14 12:51:06.712,1.63155,1.63175,0.20,0.50
2008.05.14 12:51:07.026,1.63155,1.63175,0.20,0.70
2008.05.14 12:51:07.257,1.6315,1.6317,0.20,0.30
2008.05.14 12:51:08.843,1.6315,1.6317,0.20,0.50
2008.05.14 12:51:09.839,1.63145,1.63165,0.20,0.50
2008.05.14 12:51:10.023,1.63145,1.63165,0.20,1.20
2008.05.14 12:51:10.221,1.63145,1.63165,0.20,0.50
2008.05.14 12:51:11.022,1.63145,1.63165,0.20,0.70
2008.05.14 12:51:11.851,1.6314,1.6316,0.20,0.30
2008.05.14 12:51:17.398,1.63135,1.63155,0.60,0.30
2008.05.14 12:51:24.498,1.6314,1.6316,2.50,0.30
2008.05.14 12:51:24.654,1.6315,1.63165,0.20,0.20
2008.05.14 12:51:24.794,1.6315,1.6317,0.20,0.50
2008.05.14 12:51:25.620,1.63145,1.63165,0.20,1.00
2008.05.14 12:51:26.714,1.63145,1.63165,0.20,0.30
2008.05.14 12:51:27.699,1.63135,1.63155,0.60,0.30
2008.05.14 12:51:29.754,1.63135,1.63155,0.20,0.50
2008.05.14 12:51:29.881,1.6314,1.63155,0.20,0.20
2008.05.14 12:51:30.272,1.63145,1.63165,0.20,0.50
2008.05.14 12:51:30.715,1.63135,1.6316,0.20,0.30
2008.05.14 12:51:31.026,1.63145,1.63165,0.20,0.50
2008.05.14 12:51:32.545,1.6314,1.63165,0.20,0.50
2008.05.14 12:51:32.749,1.63145,1.63165,0.20,0.50
2008.05.14 12:51:33.003,1.6314,1.63165,0.20,0.50
2008.05.14 12:51:33.564,1.63145,1.63165,0.20,0.50
2008.05.14 12:51:33.811,1.6314,1.63165,0.20,0.50
2008.05.14 12:51:36.109,1.6314,1.63165,0.20,0.30
2008.05.14 12:51:36.280,1.63145,1.6317,0.60,1.30
2008.05.14 12:51:36.410,1.6315,1.6317,0.20,1.30
2008.05.14 12:51:40.074,1.63145,1.6317,0.20,1.30
2008.05.14 12:51:40.545,1.63145,1.6317,0.20,1.00
2008.05.14 12:51:40.790,1.63145,1.6317,0.60,1.00
2008.05.14 12:51:40.814,1.63145,1.6317,0.60,0.30
2008.05.14 12:51:40.992,1.63155,1.63175,0.20,0.70
2008.05.14 12:51:41.258,1.63155,1.63175,0.60,0.50
2008.05.14 12:51:41.422,1.63155,1.63175,0.60,0.30
2008.05.14 12:51:41.835,1.63155,1.63175,0.20,0.50
2008.05.14 12:51:44.720,1.6315,1.6317,0.20,0.30
2008.05.14 12:51:45.463,1.63145,1.6317,0.20,0.30
2008.05.14 12:51:45.683,1.6315,1.6317,0.20,0.30
2008.05.14 12:51:45.733,1.63145,1.6317,0.20,0.30
2008.05.14 12:51:46.320,1.6315,1.6317,0.20,0.30
2008.05.14 12:51:47.870,1.6315,1.6317,0.20,0.50
2008.05.14 12:51:47.991,1.6315,1.6317,0.20,0.30
2008.05.14 12:51:48.477,1.63155,1.63175,0.20,0.70
2008.05.14 12:51:50.371,1.63155,1.63175,0.20,0.50
2008.05.14 12:51:50.461,1.6316,1.6318,0.20,5.30
2008.05.14 12:51:50.620,1.6316,1.6318,0.20,2.60
2008.05.14 12:51:50.709,1.6316,1.6318,0.20,0.30
2008.05.14 12:51:52.139,1.63165,1.63185,0.60,0.50
2008.05.14 12:51:52.551,1.63165,1.63185,0.60,0.30
2008.05.14 12:51:53.028,1.6317,1.6319,0.20,2.60
2008.05.14 12:51:53.275,1.63165,1.63185,0.20,0.30
2008.05.14 12:51:54.255,1.63165,1.63185,0.20,0.50
2008.05.14 12:51:54.526,1.63165,1.63185,0.20,0.30
2008.05.14 12:51:54.787,1.63165,1.63185,0.20,0.50
2008.05.14 12:51:55.242,1.63155,1.63175,0.20,0.20
2008.05.14 12:51:55.426,1.6316,1.6318,0.20,4.20
2008.05.14 12:51:55.636,1.6316,1.6318,0.20,0.30
2008.05.14 12:51:56.351,1.63155,1.63175,0.20,0.20
2008.05.14 12:51:56.619,1.6316,1.6318,0.20,0.30
2008.05.14 12:51:57.138,1.6316,1.6318,0.20,0.50
2008.05.14 12:51:57.619,1.6316,1.6318,0.20,0.30
2008.05.14 12:52:00.804,1.6316,1.6318,0.20,0.50
2008.05.14 12:52:03.509,1.6316,1.6318,0.20,0.30
2008.05.14 12:52:04.090,1.6316,1.6318,0.20,0.50
2008.05.14 12:52:04.286,1.63155,1.63175,0.20,0.20
2008.05.14 12:52:04.482,1.6316,1.6318,0.20,5.00
2008.05.14 12:52:04.677,1.6316,1.6318,0.20,1.30
2008.05.14 12:52:05.431,1.63155,1.63175,0.60,0.30
2008.05.14 12:52:05.911,1.63155,1.6317,0.40,0.30
2008.05.14 12:52:06.131,1.6315,1.6317,6.50,0.30
2008.05.14 12:52:06.276,1.63145,1.63165,0.20,0.50
2008.05.14 12:52:07.075,1.6315,1.6317,0.20,0.50
2008.05.14 12:52:08.092,1.6315,1.6317,0.20,0.30
2008.05.14 12:52:09.026,1.6315,1.6317,0.20,0.50
2008.05.14 12:52:09.653,1.6315,1.6317,0.20,0.30
2008.05.14 12:52:09.865,1.6315,1.6317,0.20,0.50
2008.05.14 12:52:13.726,1.6315,1.6317,0.20,0.30
2008.05.14 12:52:14.018,1.6315,1.6317,0.20,0.50
2008.05.14 12:52:14.735,1.6315,1.6317,0.20,0.30
2008.05.14 12:52:15.262,1.6315,1.6317,0.20,1.00
2008.05.14 12:52:15.405,1.6315,1.6317,0.20,1.30
2008.05.14 12:52:15.551,1.6315,1.6317,0.20,0.50
2008.05.14 12:52:18.597,1.6315,1.6317,0.20,0.30
2008.05.14 12:52:23.492,1.6319,1.632,0.80,16.90
2008.05.14 12:52:23.657,1.6318,1.632,0.20,5.90
2008.05.14 12:52:23.808,1.63175,1.6319,0.20,10.40
2008.05.14 12:52:23.958,1.6318,1.6319,1.30,0.30
2008.05.14 12:52:24.107,1.6318,1.6319,0.60,0.30
2008.05.14 12:52:24.256,1.6317,1.6319,4.90,0.30
2008.05.14 12:52:24.405,1.6317,1.6319,2.50,0.30
2008.05.14 12:52:24.636,1.63175,1.63195,0.20,0.30
2008.05.14 12:52:24.871,1.6317,1.6319,2.50,0.30
2008.05.14 12:52:25.020,1.6317,1.6319,0.20,0.30
2008.05.14 12:52:26.975,1.6317,1.6319,0.20,0.50
2008.05.14 12:52:27.346,1.6317,1.6319,0.20,0.30
2008.05.14 12:52:29.283,1.6318,1.632,0.20,0.50
2008.05.14 12:52:29.423,1.63185,1.632,0.20,0.40
2008.05.14 12:52:29.604,1.63185,1.63205,0.20,0.70
2008.05.14 12:52:29.785,1.6318,1.632,0.20,0.30
2008.05.14 12:52:29.965,1.63185,1.632,0.20,0.40
2008.05.14 12:52:30.245,1.63185,1.63205,0.20,0.70
2008.05.14 12:52:30.425,1.63185,1.632,0.20,0.40
2008.05.14 12:52:31.042,1.63185,1.63205,0.20,0.70
2008.05.14 12:52:32.517,1.6318,1.632,0.20,0.30
2008.05.14 12:52:32.745,1.63185,1.63205,0.20,0.70
2008.05.14 12:52:35.285,1.63185,1.632,0.20,0.40
2008.05.14 12:52:35.587,1.63185,1.63205,0.20,0.70
2008.05.14 12:52:35.695,1.63185,1.63205,0.20,1.50
2008.05.14 12:52:37.064,1.63185,1.632,0.20,1.10
2008.05.14 12:52:37.454,1.63185,1.63205,0.20,0.50
2008.05.14 12:52:37.705,1.63185,1.63205,0.20,0.70
2008.05.14 12:52:37.897,1.6318,1.632,0.20,0.30
2008.05.14 12:52:38.229,1.6318,1.632,0.20,0.50
2008.05.14 12:52:47.247,1.63175,1.63195,0.20,0.50
2008.05.14 12:52:48.380,1.63175,1.63195,0.20,0.70
2008.05.14 12:52:49.260,1.63175,1.63195,0.20,0.50
2008.05.14 12:52:49.622,1.63175,1.63195,0.20,0.70
2008.05.14 12:52:50.441,1.63175,1.6319,0.20,0.40
2008.05.14 12:52:50.712,1.63175,1.63195,0.20,0.70
2008.05.14 12:52:50.992,1.63175,1.63195,0.20,0.50
2008.05.14 12:52:52.756,1.63185,1.632,0.20,4.30
2008.05.14 12:52:52.788,1.63185,1.632,0.20,0.40
2008.05.14 12:52:52.902,1.63185,1.63205,0.20,1.50
2008.05.14 12:52:58.422,1.63185,1.63205,0.20,0.70
2008.05.14 12:53:00.130,1.6318,1.63205,0.20,0.70
2008.05.14 12:53:00.299,1.63185,1.63205,0.20,0.70
2008.05.14 12:53:00.628,1.6318,1.632,0.20,0.30
2008.05.14 12:53:00.925,1.6318,1.632,0.20,0.50
2008.05.14 12:53:02.189,1.63175,1.63195,0.20,0.30
2008.05.14 12:53:02.437,1.6317,1.6319,0.20,0.30
2008.05.14 12:53:07.757,1.6318,1.632,0.20,0.50
2008.05.14 12:53:08.232,1.6318,1.632,0.20,1.30
2008.05.14 12:53:08.880,1.6317,1.6319,2.50,0.30
2008.05.14 12:53:08.912,1.63175,1.63195,0.20,0.70
2008.05.14 12:53:11.637,1.63175,1.63195,0.60,0.50
2008.05.14 12:53:12.335,1.63175,1.63195,0.60,0.30
2008.05.14 12:53:13.953,1.63175,1.63195,0.20,0.70
2008.05.14 12:53:14.169,1.63175,1.63195,0.20,1.20
2008.05.14 12:53:14.697,1.63175,1.63195,0.20,0.50
2008.05.14 12:53:14.984,1.63175,1.63195,0.60,0.30
2008.05.14 12:53:19.773,1.63175,1.63195,0.40,0.30
2008.05.14 12:53:19.992,1.6318,1.632,0.20,4.20
2008.05.14 12:53:20.126,1.6318,1.632,0.20,0.50
2008.05.14 12:53:21.209,1.63185,1.632,0.20,0.40
2008.05.14 12:53:21.495,1.63185,1.63205,0.20,0.70
2008.05.14 12:53:25.120,1.6318,1.632,0.20,0.30
2008.05.14 12:53:25.344,1.6318,1.632,0.20,0.50
2008.05.14 12:53:27.898,1.63175,1.63195,0.60,0.30
2008.05.14 12:53:27.975,1.63175,1.63195,0.60,0.50
2008.05.14 12:53:28.148,1.63175,1.63195,0.20,0.70
2008.05.14 12:53:28.236,1.6317,1.63195,0.20,0.70
2008.05.14 12:53:28.354,1.6317,1.63195,0.20,0.50
2008.05.14 12:53:28.437,1.6317,1.6319,0.20,0.30
2008.05.14 12:53:28.744,1.63175,1.63195,0.20,0.50
2008.05.14 12:53:28.831,1.63175,1.63195,0.20,0.70
2008.05.14 12:53:29.470,1.6318,1.63195,0.20,0.40
2008.05.14 12:53:29.711,1.6318,1.632,0.20,0.50
2008.05.14 12:53:30.229,1.63175,1.63195,0.60,0.30
2008.05.14 12:53:30.635,1.6318,1.632,0.20,0.30
2008.05.14 12:53:30.893,1.63185,1.63205,0.20,0.50
2008.05.14 12:53:31.680,1.6319,1.6321,0.20,6.60
2008.05.14 12:53:31.986,1.6319,1.6321,0.20,0.30
2008.05.14 12:53:34.521,1.63195,1.63215,0.20,0.50
2008.05.14 12:53:34.721,1.6319,1.6321,0.20,0.30
2008.05.14 12:53:35.320,1.63195,1.63215,0.20,0.50
2008.05.14 12:53:35.520,1.6319,1.6321,0.20,0.30
2008.05.14 12:53:39.092,1.6319,1.6321,2.50,0.30
2008.05.14 12:53:39.188,1.63195,1.63215,0.20,0.30
2008.05.14 12:53:39.516,1.6319,1.6321,0.20,0.30
2008.05.14 12:53:40.719,1.63195,1.63215,0.20,0.30
2008.05.14 12:53:41.408,1.6319,1.6321,2.50,0.30
2008.05.14 12:53:41.498,1.6319,1.6321,0.20,0.30
2008.05.14 12:53:41.653,1.63195,1.63215,0.20,0.30
2008.05.14 12:53:41.810,1.63195,1.63215,0.20,0.50
2008.05.14 12:53:41.965,1.6319,1.6321,0.20,0.30
2008.05.14 12:53:42.122,1.63195,1.63215,0.20,0.30
2008.05.14 12:53:42.591,1.6319,1.6321,0.20,0.30
2008.05.14 12:53:42.991,1.63185,1.63205,0.20,0.30
2008.05.14 12:53:43.550,1.6319,1.6321,0.20,0.30
2008.05.14 12:53:44.305,1.63195,1.63215,0.20,0.30
2008.05.14 12:53:44.615,1.6319,1.6321,1.30,0.30
2008.05.14 12:53:45.118,1.63195,1.63215,0.20,0.30
2008.05.14 12:53:45.836,1.632,1.6322,0.20,0.30
2008.05.14 12:53:46.291,1.63205,1.63225,0.60,0.30
2008.05.14 12:53:48.910,1.63205,1.6322,0.40,0.30
2008.05.14 12:53:49.055,1.632,1.6322,0.50,0.30
2008.05.14 12:53:49.200,1.632,1.63215,0.50,0.30
2008.05.14 12:53:49.681,1.63195,1.63215,0.20,0.30
2008.05.14 12:53:51.463,1.63205,1.63225,0.20,0.70
2008.05.14 12:53:51.637,1.632,1.6322,0.20,0.30
2008.05.14 12:53:52.629,1.63195,1.63215,0.20,0.30
2008.05.14 12:53:56.984,1.6319,1.6321,2.90,0.30
2008.05.14 12:53:57.145,1.6319,1.6321,0.50,0.30
2008.05.14 12:53:58.596,1.6319,1.6321,0.20,0.30
2008.05.14 12:54:01.232,1.63185,1.63205,0.20,0.30
2008.05.14 12:54:01.430,1.63185,1.63205,0.20,0.20
2008.05.14 12:54:01.640,1.63185,1.63205,0.20,0.50
2008.05.14 12:54:01.853,1.6318,1.632,2.90,0.30
2008.05.14 12:54:02.191,1.6318,1.632,0.20,0.30
2008.05.14 12:54:03.852,1.6318,1.632,0.20,0.50
2008.05.14 12:54:04.379,1.63175,1.63195,0.60,0.50
2008.05.14 12:54:04.892,1.63175,1.63195,0.20,0.70
2008.05.14 12:54:05.414,1.63175,1.63195,0.20,0.50
2008.05.14 12:54:05.899,1.6318,1.63195,0.20,0.20
2008.05.14 12:54:06.106,1.6318,1.632,0.20,2.90
2008.05.14 12:54:06.398,1.6319,1.63205,0.20,0.40
2008.05.14 12:54:06.508,1.6319,1.6321,0.20,0.50
2008.05.14 12:54:06.792,1.6319,1.6321,0.20,0.30
2008.05.14 12:54:10.354,1.6319,1.6321,0.50,0.30
2008.05.14 12:54:12.868,1.63195,1.63215,0.20,0.30
2008.05.14 12:54:13.239,1.632,1.6322,0.20,2.60
2008.05.14 12:54:13.365,1.632,1.6322,0.20,0.30
2008.05.14 12:54:13.636,1.632,1.6322,0.50,0.30
2008.05.14 12:54:14.183,1.632,1.6322,0.20,0.30
2008.05.14 12:54:14.604,1.632,1.6322,0.50,0.30
2008.05.14 12:54:15.680,1.632,1.63225,0.50,0.30
2008.05.14 12:54:15.969,1.632,1.6322,0.50,0.30
2008.05.14 12:54:16.065,1.632,1.6322,0.20,0.30
2008.05.14 12:54:17.429,1.63195,1.63215,0.20,0.30
2008.05.14 12:54:17.930,1.6319,1.6321,0.20,0.30
2008.05.14 12:54:18.359,1.63185,1.63205,0.20,0.30
2008.05.14 12:54:20.189,1.63185,1.63205,0.60,0.30
2008.05.14 12:54:20.899,1.63195,1.6321,0.20,0.40
2008.05.14 12:54:21.076,1.63195,1.63215,0.20,0.50
2008.05.14 12:54:22.762,1.6319,1.63215,0.20,0.50
2008.05.14 12:54:22.867,1.63185,1.63205,0.20,0.30
2008.05.14 12:54:23.058,1.63185,1.63205,0.60,0.30
2008.05.14 12:54:23.108,1.63185,1.63205,0.20,0.30
2008.05.14 12:54:23.930,1.63185,1.63205,0.20,0.50
2008.05.14 12:54:24.150,1.6318,1.632,0.20,0.30
2008.05.14 12:54:26.010,1.6318,1.63205,0.20,0.50
2008.05.14 12:54:26.414,1.63185,1.63205,0.20,0.50
2008.05.14 12:54:27.060,1.63185,1.63205,0.20,0.70
2008.05.14 12:54:30.294,1.6318,1.632,0.20,0.50
2008.05.14 12:54:30.415,1.63185,1.632,0.20,0.40
2008.05.14 12:54:30.911,1.63185,1.63205,0.20,0.70
2008.05.14 12:54:35.778,1.63185,1.63205,0.20,0.50
2008.05.14 12:54:41.744,1.6318,1.632,0.20,0.30
2008.05.14 12:54:48.454,1.63175,1.63195,0.60,0.30
2008.05.14 12:54:49.472,1.63175,1.63195,0.20,0.50
2008.05.14 12:54:58.147,1.63175,1.63195,0.20,0.70
2008.05.14 12:55:03.694,1.63175,1.63195,0.20,0.50
2008.05.14 12:55:06.827,1.63175,1.63195,0.20,1.20
2008.05.14 12:55:07.240,1.63175,1.63195,0.20,1.50
2008.05.14 12:55:07.956,1.6317,1.6319,0.20,0.30
2008.05.14 12:55:08.183,1.63165,1.63185,0.60,0.30
2008.05.14 12:55:08.298,1.63165,1.63185,0.20,0.30
2008.05.14 12:55:08.937,1.6317,1.6319,0.20,0.30
2008.05.14 12:55:10.268,1.63165,1.63185,0.20,0.30
2008.05.14 12:55:11.369,1.6316,1.6318,0.20,0.30
2008.05.14 12:55:12.108,1.63155,1.63175,0.20,0.50
2008.05.14 12:55:12.841,1.6315,1.6317,0.20,0.30
2008.05.14 12:55:13.973,1.63155,1.63175,0.20,0.50
2008.05.14 12:55:15.877,1.63155,1.63175,0.20,0.30
2008.05.14 12:55:16.047,1.6316,1.6318,0.20,2.10
2008.05.14 12:55:16.377,1.6316,1.6318,0.20,2.90
2008.05.14 12:55:17.192,1.6316,1.6318,0.20,0.50
2008.05.14 12:55:18.130,1.63155,1.63175,0.60,0.30
2008.05.14 12:55:23.460,1.6316,1.6318,0.20,0.50
2008.05.14 12:55:24.747,1.63165,1.63185,0.20,0.30
2008.05.14 12:55:24.941,1.63165,1.63185,0.20,0.50
2008.05.14 12:55:26.959,1.6316,1.6318,0.20,0.30
2008.05.14 12:55:27.194,1.6316,1.6318,0.20,0.50
2008.05.14 12:55:28.217,1.6316,1.6318,0.20,0.30
2008.05.14 12:55:29.025,1.63155,1.63175,0.60,0.30
2008.05.14 12:55:30.811,1.63155,1.63175,0.20,0.50
2008.05.14 12:55:33.200,1.6316,1.63175,0.20,0.20
2008.05.14 12:55:33.267,1.6316,1.6318,0.20,4.50
2008.05.14 12:55:33.330,1.6316,1.6318,0.20,0.50
2008.05.14 12:55:36.169,1.63155,1.63175,0.20,0.50
2008.05.14 12:55:36.697,1.6316,1.6318,0.20,4.50
2008.05.14 12:55:36.856,1.6316,1.6318,0.20,0.50
2008.05.14 12:55:37.931,1.63155,1.63165,0.40,0.30
2008.05.14 12:55:38.096,1.6315,1.63165,0.50,0.30
2008.05.14 12:55:38.186,1.63155,1.63175,0.20,0.50
2008.05.14 12:55:38.314,1.63155,1.63175,0.20,0.30
2008.05.14 12:55:38.401,1.63145,1.63165,0.60,0.30
2008.05.14 12:55:38.519,1.63145,1.63165,0.20,0.30
2008.05.14 12:55:38.916,1.63155,1.63175,0.20,0.70
2008.05.14 12:55:39.255,1.6315,1.6317,0.20,0.50
2008.05.14 12:55:40.414,1.63145,1.63165,0.60,0.30
2008.05.14 12:55:40.622,1.63145,1.6316,0.40,0.30
2008.05.14 12:55:40.829,1.6314,1.6316,0.20,0.30
2008.05.14 12:55:40.935,1.63145,1.63165,0.20,0.70
2008.05.14 12:55:41.233,1.6315,1.6317,0.20,4.50
2008.05.14 12:55:41.426,1.6315,1.6317,0.20,0.50
2008.05.14 12:55:41.915,1.63145,1.63165,0.60,0.30
2008.05.14 12:55:42.181,1.6315,1.6317,0.20,0.30
2008.05.14 12:55:42.526,1.63145,1.63165,0.20,0.30
2008.05.14 12:55:43.084,1.63145,1.63165,0.20,0.50
2008.05.14 12:55:43.167,1.6314,1.63165,0.20,0.50
2008.05.14 12:55:43.348,1.63145,1.63165,0.20,0.50
2008.05.14 12:55:43.740,1.6315,1.63165,0.20,0.40
2008.05.14 12:55:43.889,1.6315,1.6317,0.20,0.50
2008.05.14 12:55:44.040,1.6315,1.6317,0.20,0.30
2008.05.14 12:55:44.717,1.6315,1.6317,0.20,0.50
2008.05.14 12:55:46.233,1.6315,1.6317,0.20,0.30
2008.05.14 12:55:46.903,1.6315,1.6317,0.20,0.50
2008.05.14 12:55:49.430,1.6315,1.6317,0.20,0.30
2008.05.14 12:55:49.544,1.6314,1.63165,2.90,0.50
2008.05.14 12:55:49.706,1.6315,1.63165,0.20,0.20
2008.05.14 12:55:49.899,1.63145,1.63165,0.60,0.30
2008.05.14 12:55:50.470,1.6315,1.6317,0.20,1.30
2008.05.14 12:55:50.995,1.63145,1.63165,0.20,0.50
2008.05.14 12:55:51.250,1.63145,1.63165,0.20,0.70
2008.05.14 12:55:52.504,1.6314,1.63155,2.40,0.30
2008.05.14 12:55:52.674,1.63135,1.63155,0.20,0.50
2008.05.14 12:55:54.042,1.63135,1.63155,0.20,0.70
2008.05.14 12:55:54.610,1.63135,1.63155,0.20,0.50
2008.05.14 12:56:00.936,1.63135,1.63155,0.20,0.70
2008.05.14 12:56:01.409,1.6313,1.63155,0.20,0.70
2008.05.14 12:56:01.710,1.63135,1.63155,0.20,0.70
2008.05.14 12:56:01.927,1.63135,1.63155,0.20,0.50
2008.05.14 12:56:02.876,1.63135,1.63155,0.60,0.30
2008.05.14 12:56:04.510,1.63135,1.6315,0.60,0.80
2008.05.14 12:56:04.981,1.63135,1.6315,0.20,0.80
2008.05.14 12:56:05.226,1.63135,1.63155,0.20,0.50
2008.05.14 12:56:06.907,1.63135,1.63155,0.60,0.30
2008.05.14 12:56:08.740,1.63135,1.63155,0.20,0.50
2008.05.14 12:56:09.556,1.6313,1.6315,0.20,0.30
2008.05.14 12:56:09.683,1.63125,1.63145,0.60,0.30
2008.05.14 12:56:10.573,1.63125,1.63145,0.60,0.50
2008.05.14 12:56:10.876,1.6312,1.6314,0.20,0.30
2008.05.14 12:56:11.124,1.6312,1.6314,0.50,0.30
2008.05.14 12:56:11.402,1.6312,1.6314,0.20,0.30
2008.05.14 12:56:12.318,1.6312,1.63135,0.20,0.20
2008.05.14 12:56:12.829,1.6312,1.6314,0.20,1.30
2008.05.14 12:56:13.041,1.63115,1.63135,0.20,0.20
2008.05.14 12:56:13.880,1.6312,1.6314,0.20,4.50
2008.05.14 12:56:13.986,1.6312,1.6314,0.20,0.50
2008.05.14 12:56:14.746,1.6312,1.6314,0.50,0.30
2008.05.14 12:56:15.021,1.6312,1.6314,2.90,0.30
2008.05.14 12:56:15.321,1.63125,1.63145,0.20,0.50
2008.05.14 12:56:16.679,1.63125,1.63145,0.20,0.30
2008.05.14 12:56:16.841,1.63125,1.63145,0.20,0.50
2008.05.14 12:56:17.328,1.6313,1.63145,0.20,0.40
2008.05.14 12:56:17.664,1.6312,1.6314,0.50,0.30
2008.05.14 12:56:18.000,1.63125,1.63145,0.20,0.50
2008.05.14 12:56:18.166,1.6312,1.6314,0.20,0.30
2008.05.14 12:56:18.331,1.6312,1.63135,0.20,0.20
2008.05.14 12:56:18.496,1.6312,1.6314,0.20,0.30
2008.05.14 12:56:19.218,1.63125,1.63145,0.20,0.50
2008.05.14 12:56:19.471,1.6312,1.6314,0.50,0.30
2008.05.14 12:56:20.062,1.6312,1.63135,0.50,0.50
2008.05.14 12:56:20.400,1.6312,1.63135,0.50,0.20
2008.05.14 12:56:20.579,1.6312,1.6314,0.50,0.30
2008.05.14 12:56:20.759,1.63115,1.63135,0.60,0.30
2008.05.14 12:56:20.988,1.63115,1.63135,0.20,0.50
2008.05.14 12:56:21.560,1.63115,1.6314,0.20,0.50
2008.05.14 12:56:21.867,1.6312,1.6314,0.20,0.50
2008.05.14 12:56:22.177,1.63115,1.63135,0.60,0.30
2008.05.14 12:56:22.517,1.63115,1.63135,0.20,0.50
2008.05.14 12:56:22.939,1.6312,1.6314,0.20,2.90
2008.05.14 12:56:23.037,1.6312,1.6314,0.20,0.50
2008.05.14 12:56:24.008,1.63115,1.63135,0.20,0.50
2008.05.14 12:56:25.581,1.63115,1.63135,0.20,0.30
2008.05.14 12:56:25.731,1.6312,1.6314,0.20,0.50
2008.05.14 12:56:28.151,1.6312,1.6314,0.20,0.30
2008.05.14 12:56:28.868,1.63125,1.63145,0.20,0.70
2008.05.14 12:56:28.999,1.63125,1.63145,0.20,0.50
2008.05.14 12:56:33.922,1.6312,1.6314,0.50,0.30
2008.05.14 12:56:34.257,1.63125,1.63145,0.20,0.50
2008.05.14 12:56:34.680,1.6312,1.63145,0.50,0.50
2008.05.14 12:56:34.760,1.6312,1.63145,0.20,0.50
2008.05.14 12:56:35.080,1.63125,1.63145,0.20,0.50
2008.05.14 12:56:35.347,1.6312,1.6314,0.20,0.50
2008.05.14 12:56:35.453,1.6312,1.6314,0.20,0.40
2008.05.14 12:56:35.560,1.63125,1.6314,0.20,0.40
2008.05.14 12:56:35.852,1.63125,1.63145,0.20,0.70
2008.05.14 12:56:36.248,1.6312,1.6314,0.20,0.50
2008.05.14 12:56:36.737,1.6312,1.6314,0.20,1.30
2008.05.14 12:56:36.933,1.63115,1.63135,0.20,0.30
2008.05.14 12:56:37.129,1.63115,1.63135,0.20,0.50
2008.05.14 12:56:39.268,1.63115,1.63135,0.60,0.30
2008.05.14 12:56:39.759,1.6312,1.6314,0.20,0.30
2008.05.14 12:56:40.096,1.63115,1.63135,0.60,0.30
2008.05.14 12:56:41.673,1.6312,1.6314,0.50,0.30
2008.05.14 12:56:41.840,1.63125,1.63145,0.20,0.30
2008.05.14 12:56:43.035,1.6312,1.63145,0.20,0.50
2008.05.14 12:56:43.287,1.63125,1.63145,0.20,0.30
2008.05.14 12:56:43.786,1.6312,1.6314,0.20,0.30
2008.05.14 12:56:46.883,1.63125,1.63145,0.20,0.50
2008.05.14 12:56:47.665,1.63125,1.63145,0.20,0.70
2008.05.14 12:56:50.266,1.63125,1.63145,0.60,0.30
2008.05.14 12:56:51.697,1.63125,1.63145,0.60,0.50
2008.05.14 12:56:52.000,1.63125,1.63145,0.60,0.30
2008.05.14 12:56:58.198,1.63125,1.63145,0.20,0.50
2008.05.14 12:56:59.662,1.63125,1.63145,0.60,0.30
2008.05.14 12:56:59.911,1.63125,1.63145,0.20,0.50
2008.05.14 12:57:07.923,1.63115,1.63135,2.80,0.30
2008.05.14 12:57:08.051,1.63115,1.63135,0.60,0.30
2008.05.14 12:57:08.175,1.63115,1.63135,0.20,0.50
2008.05.14 12:57:08.990,1.6312,1.6314,0.20,2.60
2008.05.14 12:57:09.296,1.6312,1.6314,0.20,0.30
2008.05.14 12:57:09.961,1.6312,1.6314,0.50,0.30
2008.05.14 12:57:10.318,1.6312,1.6314,0.20,0.30
2008.05.14 12:57:12.447,1.63115,1.63135,0.60,0.30
2008.05.14 12:57:15.243,1.6312,1.6314,0.20,0.30
2008.05.14 12:57:18.165,1.63125,1.63145,0.20,0.70
2008.05.14 12:57:19.953,1.6312,1.6314,0.20,0.30
2008.05.14 12:57:20.138,1.63115,1.63135,0.60,0.30
2008.05.14 12:57:24.727,1.6311,1.6313,2.90,0.30
2008.05.14 12:57:24.818,1.6311,1.6313,0.50,0.30
2008.05.14 12:57:25.263,1.6311,1.6313,0.20,0.30
2008.05.14 12:57:28.967,1.63105,1.63125,0.60,0.30
2008.05.14 12:57:29.174,1.63115,1.63135,0.20,0.50
2008.05.14 12:57:29.675,1.6311,1.6313,0.20,0.30
2008.05.14 12:57:30.224,1.63105,1.63125,0.60,0.30
2008.05.14 12:57:35.565,1.63105,1.63125,0.20,0.50
2008.05.14 12:57:36.098,1.63105,1.63125,0.60,0.30
2008.05.14 12:57:37.919,1.63105,1.63125,0.20,0.50
2008.05.14 12:57:38.963,1.631,1.6312,0.50,0.30
2008.05.14 12:57:40.419,1.631,1.6312,2.90,0.30
2008.05.14 12:57:40.472,1.631,1.63115,2.80,0.30
2008.05.14 12:57:40.605,1.631,1.63115,2.40,0.30
2008.05.14 12:57:40.760,1.63095,1.63115,0.60,0.30
2008.05.14 12:57:40.995,1.631,1.6312,0.20,0.30
2008.05.14 12:57:42.226,1.63105,1.63125,0.60,0.30
2008.05.14 12:57:42.551,1.63105,1.63125,0.20,0.30
2008.05.14 12:57:43.983,1.63105,1.6313,0.60,0.50
2008.05.14 12:57:44.188,1.63105,1.6313,0.20,0.50
2008.05.14 12:57:44.516,1.63105,1.63125,0.20,0.30
2008.05.14 12:57:44.998,1.631,1.6312,0.50,0.30
2008.05.14 12:57:46.503,1.631,1.6312,0.20,0.30
2008.05.14 12:57:49.191,1.631,1.6312,0.50,0.30
2008.05.14 12:57:49.529,1.63105,1.63125,0.20,0.30
2008.05.14 12:57:49.745,1.631,1.6312,0.50,0.30
2008.05.14 12:57:50.169,1.631,1.6312,2.90,0.30
2008.05.14 12:57:50.338,1.63105,1.6312,0.40,0.30
2008.05.14 12:57:50.508,1.631,1.6312,4.50,0.30
2008.05.14 12:57:50.677,1.631,1.6312,0.50,0.30
2008.05.14 12:57:53.541,1.63105,1.63125,0.20,0.30
2008.05.14 12:58:00.683,1.631,1.6312,4.50,0.30
2008.05.14 12:58:00.792,1.631,1.6312,2.10,0.30
2008.05.14 12:58:01.010,1.631,1.6312,0.50,0.30
2008.05.14 12:58:03.591,1.631,1.6312,0.20,0.30
2008.05.14 12:58:04.816,1.631,1.6312,0.50,0.30
2008.05.14 12:58:06.698,1.631,1.6312,0.20,0.30
2008.05.14 12:58:06.952,1.631,1.6312,0.50,0.30
2008.05.14 12:58:14.699,1.631,1.6312,0.20,0.30
2008.05.14 12:58:24.316,1.631,1.6312,0.50,0.30
2008.05.14 12:58:25.534,1.63105,1.63125,0.20,0.50
2008.05.14 12:58:27.750,1.6311,1.6313,0.20,0.30
2008.05.14 12:58:32.004,1.6311,1.6313,0.20,4.20
2008.05.14 12:58:32.325,1.6311,1.6313,0.20,0.30
2008.05.14 12:58:32.565,1.6311,1.6313,0.50,0.30
2008.05.14 12:58:36.733,1.63105,1.63125,0.60,0.30
2008.05.14 12:58:37.952,1.63105,1.63125,0.20,0.50
2008.05.14 12:58:40.226,1.63105,1.63125,0.60,0.30
2008.05.14 12:58:40.428,1.6311,1.6313,0.20,0.30
2008.05.14 12:58:42.550,1.6312,1.63135,0.20,0.20
2008.05.14 12:58:42.662,1.6312,1.6314,0.50,0.30
2008.05.14 12:58:43.056,1.63125,1.63145,0.20,0.50
2008.05.14 12:58:43.166,1.63125,1.63145,0.60,0.30
2008.05.14 12:58:44.069,1.6313,1.63145,0.50,0.30
2008.05.14 12:58:44.377,1.63135,1.63155,0.20,0.30
2008.05.14 12:58:44.680,1.6313,1.6315,0.20,0.30
2008.05.14 12:58:44.991,1.6313,1.6315,0.50,0.30
2008.05.14 12:58:45.292,1.63135,1.63155,0.20,0.30
2008.05.14 12:58:45.573,1.63145,1.63165,0.20,0.30
2008.05.14 12:58:46.832,1.6314,1.6316,0.20,0.30
2008.05.14 12:58:48.214,1.6314,1.6316,0.50,0.30
2008.05.14 12:58:48.468,1.6314,1.6316,0.20,0.30
2008.05.14 12:58:49.052,1.6313,1.6315,0.50,0.30
2008.05.14 12:58:51.014,1.63135,1.63155,0.20,0.30
2008.05.14 12:58:52.130,1.6314,1.6316,0.20,0.30
2008.05.14 12:58:52.518,1.63135,1.63155,0.20,0.30
2008.05.14 12:59:08.288,1.6313,1.6315,0.50,0.30
2008.05.14 12:59:08.903,1.6313,1.63145,0.50,0.30
2008.05.14 12:59:09.208,1.6313,1.6315,0.50,0.30
2008.05.14 12:59:09.328,1.6313,1.6315,0.20,0.30
2008.05.14 12:59:09.746,1.63125,1.63145,0.60,0.30
2008.05.14 12:59:09.856,1.63125,1.63145,0.20,0.30
2008.05.14 12:59:11.736,1.63125,1.63145,0.20,0.50
2008.05.14 12:59:16.418,1.63125,1.63145,0.20,0.30
2008.05.14 12:59:18.904,1.63115,1.6314,0.20,0.30
2008.05.14 12:59:19.044,1.63125,1.63145,0.20,0.30
2008.05.14 12:59:20.587,1.63125,1.63145,0.20,0.70
2008.05.14 12:59:20.895,1.63125,1.63145,0.20,0.50
2008.05.14 12:59:21.029,1.63125,1.63145,0.20,0.30
2008.05.14 12:59:21.501,1.63125,1.63145,0.20,0.50
2008.05.14 12:59:21.711,1.63125,1.63145,0.20,0.30
2008.05.14 12:59:21.842,1.6312,1.63135,0.20,0.20
2008.05.14 12:59:22.467,1.6312,1.6314,0.20,0.30
2008.05.14 12:59:23.410,1.6312,1.63135,0.20,0.20
2008.05.14 12:59:23.628,1.6311,1.63135,2.90,0.50
2008.05.14 12:59:23.681,1.6311,1.63135,5.30,0.50
2008.05.14 12:59:23.817,1.6311,1.63135,5.30,0.30
2008.05.14 12:59:24.009,1.6312,1.6314,0.20,0.30
2008.05.14 12:59:25.498,1.63115,1.63135,0.20,0.20
2008.05.14 12:59:25.698,1.6312,1.63135,0.20,0.20
2008.05.14 12:59:25.908,1.6312,1.6314,0.20,0.30
2008.05.14 12:59:26.896,1.6312,1.63145,0.20,0.70
2008.05.14 12:59:27.076,1.63125,1.63145,0.20,0.70
2008.05.14 12:59:27.367,1.63125,1.63145,0.20,0.50
2008.05.14 12:59:28.298,1.6312,1.6314,0.20,0.30
2008.05.14 12:59:28.542,1.6312,1.63135,0.20,0.20
2008.05.14 12:59:28.807,1.6312,1.6314,0.20,0.50
2008.05.14 12:59:29.065,1.63125,1.6314,0.20,0.40
2008.05.14 12:59:29.329,1.63125,1.63145,0.20,0.50
2008.05.14 12:59:29.497,1.63125,1.63145,0.20,0.30
2008.05.14 12:59:35.082,1.6313,1.6315,0.20,0.50
2008.05.14 12:59:35.247,1.63125,1.63145,0.20,0.30
2008.05.14 12:59:45.871,1.6312,1.63145,0.20,0.30
2008.05.14 12:59:45.954,1.6312,1.63145,0.20,0.50
2008.05.14 12:59:46.060,1.63125,1.63145,0.20,0.50
2008.05.14 12:59:46.400,1.63125,1.63145,0.20,0.30
2008.05.14 12:59:46.820,1.63125,1.63145,0.20,0.50
2008.05.14 12:59:47.178,1.63125,1.63145,0.20,1.20
2008.05.14 12:59:47.518,1.6312,1.6314,0.20,0.30
2008.05.14 12:59:47.688,1.63115,1.63135,0.20,0.30
2008.05.14 12:59:53.103,1.6312,1.6314,0.20,0.50
2008.05.14 12:59:53.186,1.6311,1.63125,0.50,0.30
2008.05.14 12:59:53.642,1.63105,1.63125,0.60,0.30
2008.05.14 12:59:57.065,1.63105,1.63125,0.20,0.50
2008.05.14 12:59:57.383,1.631,1.6312,2.90,0.30
2008.05.14 12:59:57.628,1.631,1.6312,0.50,0.30
2008.05.14 12:59:58.813,1.631,1.6312,0.20,0.30
2008.05.14 12:59:59.912,1.631,1.6312,0.50,0.30
