2007.06.27 06:00:00.172,1.6501,1.6502,1.60,1.60
2007.06.27 06:00:00.695,1.6501,1.6502,2.40,1.60
2007.06.27 06:00:04.782,1.65005,1.6502,7.20,1.60
2007.06.27 06:00:08.221,1.65005,1.65025,7.20,0.80
2007.06.27 06:00:08.298,1.65005,1.65025,29.50,0.80
2007.06.27 06:00:08.310,1.65005,1.6503,29.50,22.40
2007.06.27 06:00:08.639,1.65005,1.6503,21.50,22.40
2007.06.27 06:00:08.731,1.65005,1.6503,19.90,22.40
2007.06.27 06:00:10.671,1.65005,1.65025,19.90,0.80
2007.06.27 06:00:10.691,1.6501,1.65025,2.30,0.80
2007.06.27 06:00:10.769,1.6501,1.6502,2.00,1.60
2007.06.27 06:00:16.756,1.65005,1.6502,0.80,1.60
2007.06.27 06:00:16.771,1.64995,1.6502,24.00,1.60
2007.06.27 06:00:17.164,1.65005,1.6502,4.80,1.60
2007.06.27 06:00:17.673,1.6501,1.6503,2.60,19.20
2007.06.27 06:00:17.808,1.6501,1.65025,3.40,5.60
2007.06.27 06:00:17.866,1.65005,1.65025,10.40,5.60
2007.06.27 06:00:18.286,1.6501,1.6503,2.80,15.20
2007.06.27 06:00:18.348,1.6501,1.6503,2.20,15.20
2007.06.27 06:00:18.542,1.6501,1.6503,2.40,9.60
2007.06.27 06:00:18.631,1.65005,1.6503,29.50,20.00
2007.06.27 06:00:19.114,1.6501,1.6503,10.60,22.40
2007.06.27 06:00:20.705,1.6501,1.6503,27.90,20.00
2007.06.27 06:00:20.826,1.6501,1.6503,9.60,9.60
2007.06.27 06:00:20.894,1.6501,1.6503,7.20,15.20
2007.06.27 06:00:21.313,1.6501,1.6503,6.40,15.20
2007.06.27 06:00:21.728,1.6501,1.6503,6.40,13.60
2007.06.27 06:00:21.827,1.6501,1.6503,24.70,16.00
2007.06.27 06:00:21.892,1.6501,1.6503,24.70,13.60
2007.06.27 06:00:21.909,1.6501,1.6503,24.70,8.00
2007.06.27 06:00:22.232,1.6501,1.6503,24.70,9.60
2007.06.27 06:00:22.253,1.6501,1.6503,20.70,9.60
2007.06.27 06:00:22.339,1.6501,1.6503,6.40,9.60
2007.06.27 06:00:22.716,1.6501,1.6503,20.70,9.60
2007.06.27 06:00:25.300,1.6501,1.6503,6.40,9.60
2007.06.27 06:00:25.305,1.6501,1.6503,6.40,15.20
2007.06.27 06:00:25.545,1.6501,1.6503,6.40,9.60
2007.06.27 06:00:28.519,1.6501,1.6503,6.40,12.00
2007.06.27 06:00:28.583,1.6501,1.6502,6.40,2.40
2007.06.27 06:00:28.733,1.6501,1.6502,8.00,4.00
2007.06.27 06:00:29.135,1.6501,1.6502,5.60,4.00
2007.06.27 06:00:29.246,1.6501,1.6502,4.00,4.00
2007.06.27 06:00:29.409,1.6501,1.6502,4.00,1.60
2007.06.27 06:00:29.656,1.6501,1.6502,6.40,1.60
2007.06.27 06:00:29.751,1.6501,1.65025,6.40,1.60
2007.06.27 06:00:29.841,1.6501,1.65025,36.70,1.60
2007.06.27 06:00:29.844,1.6501,1.65025,36.70,0.80
2007.06.27 06:00:29.897,1.6501,1.6503,36.70,3.20
2007.06.27 06:00:29.949,1.6501,1.6503,39.10,0.80
2007.06.27 06:00:30.255,1.6501,1.6504,40.70,42.30
2007.06.27 06:00:30.657,1.65015,1.6504,0.80,42.30
2007.06.27 06:00:30.673,1.65015,1.6504,0.80,15.20
2007.06.27 06:00:30.773,1.6502,1.6504,4.00,15.20
2007.06.27 06:00:30.895,1.6502,1.6504,4.00,9.60
2007.06.27 06:00:31.176,1.6502,1.6504,6.40,9.60
2007.06.27 06:00:31.193,1.6502,1.6504,20.70,9.60
2007.06.27 06:00:31.299,1.6502,1.6504,6.40,9.60
2007.06.27 06:00:34.344,1.6502,1.6504,20.70,9.60
2007.06.27 06:00:35.233,1.6502,1.6504,22.30,9.60
2007.06.27 06:00:35.253,1.6502,1.6504,30.30,9.60
2007.06.27 06:00:38.183,1.6502,1.65045,30.30,16.80
2007.06.27 06:00:38.210,1.6502,1.6504,22.30,0.50
2007.06.27 06:00:38.289,1.65015,1.65045,0.80,41.50
2007.06.27 06:00:38.301,1.6501,1.6504,55.90,0.90
2007.06.27 06:00:38.368,1.6501,1.65045,54.30,41.50
2007.06.27 06:00:38.412,1.6501,1.65045,48.70,41.50
2007.06.27 06:00:38.747,1.6501,1.65045,47.10,41.50
2007.06.27 06:00:38.802,1.6501,1.6504,39.10,0.80
2007.06.27 06:00:39.214,1.6501,1.65045,35.10,45.50
2007.06.27 06:00:39.256,1.6501,1.65045,32.70,47.90
2007.06.27 06:00:40.193,1.6501,1.65045,42.30,47.90
2007.06.27 06:00:41.712,1.6501,1.6504,38.30,0.70
2007.06.27 06:00:41.722,1.6501,1.6504,38.30,32.00
2007.06.27 06:00:41.825,1.6501,1.65035,30.30,16.00
2007.06.27 06:00:42.314,1.6501,1.65035,30.30,26.40
2007.06.27 06:00:43.160,1.6502,1.6503,5.60,0.80
2007.06.27 06:00:43.183,1.6502,1.65035,5.60,8.80
2007.06.27 06:00:44.503,1.6502,1.6503,5.60,0.60
2007.06.27 06:00:44.853,1.6502,1.6503,5.60,0.90
2007.06.27 06:00:53.191,1.6502,1.65035,4.00,3.20
2007.06.27 06:00:53.292,1.65015,1.6503,0.80,0.50
2007.06.27 06:00:53.316,1.6501,1.6503,17.60,0.90
2007.06.27 06:00:53.334,1.6501,1.65035,30.30,27.20
2007.06.27 06:00:55.148,1.6501,1.6503,28.70,0.80
2007.06.27 06:00:55.188,1.6501,1.6503,20.70,0.70
2007.06.27 06:00:55.368,1.6501,1.65035,6.40,16.80
2007.06.27 06:00:57.216,1.6501,1.65035,8.00,16.80
2007.06.27 06:00:57.482,1.6501,1.65035,30.30,16.80
2007.06.27 06:00:58.753,1.6502,1.65035,4.00,11.20
2007.06.27 06:00:58.902,1.6502,1.6503,4.00,0.60
2007.06.27 06:00:59.888,1.6502,1.6503,4.00,0.50
2007.06.27 06:01:05.333,1.6502,1.6503,4.00,0.80
2007.06.27 06:01:05.731,1.6502,1.6503,5.60,0.90
2007.06.27 06:01:15.154,1.65015,1.6503,6.40,0.90
2007.06.27 06:01:15.792,1.65005,1.6503,24.00,1.60
2007.06.27 06:01:15.831,1.6501,1.6503,13.50,20.00
2007.06.27 06:01:15.894,1.65005,1.6503,33.50,20.00
2007.06.27 06:01:16.330,1.65005,1.6503,31.90,20.00
2007.06.27 06:01:18.995,1.65005,1.6503,32.70,20.00
2007.06.27 06:01:19.117,1.65005,1.6503,33.50,20.00
2007.06.27 06:01:19.258,1.6501,1.6503,11.80,20.00
2007.06.27 06:01:22.195,1.65005,1.6503,23.10,20.00
2007.06.27 06:01:22.256,1.6501,1.6503,7.80,25.60
2007.06.27 06:01:22.321,1.6501,1.6503,3.40,15.20
2007.06.27 06:01:25.251,1.6501,1.6503,0.50,16.80
2007.06.27 06:01:25.288,1.65005,1.6503,8.00,17.60
2007.06.27 06:01:25.467,1.65005,1.6503,8.00,19.20
2007.06.27 06:01:26.190,1.6501,1.6503,0.70,20.00
2007.06.27 06:01:26.198,1.65005,1.6503,8.00,20.80
2007.06.27 06:01:31.207,1.65005,1.6503,8.00,20.00
2007.06.27 06:01:31.262,1.6501,1.6503,1.80,19.20
2007.06.27 06:01:40.229,1.6501,1.6503,10.40,13.60
2007.06.27 06:01:40.402,1.6501,1.6503,34.30,16.00
2007.06.27 06:01:42.311,1.6501,1.6503,36.70,13.60
2007.06.27 06:01:42.407,1.6502,1.6503,0.50,14.40
2007.06.27 06:01:42.468,1.6501,1.6503,36.70,13.60
2007.06.27 06:01:42.513,1.6501,1.6503,36.70,12.80
2007.06.27 06:01:42.628,1.6501,1.6503,36.70,12.00
2007.06.27 06:01:42.751,1.6501,1.6503,16.80,1.60
2007.06.27 06:01:43.243,1.6502,1.65035,1.40,5.60
2007.06.27 06:01:43.387,1.65015,1.6504,5.60,12.00
2007.06.27 06:01:44.657,1.6502,1.6504,4.00,12.80
2007.06.27 06:01:44.686,1.6502,1.6503,4.00,3.20
2007.06.27 06:01:44.788,1.6502,1.6503,4.00,6.40
2007.06.27 06:01:44.951,1.6502,1.6503,4.00,7.20
2007.06.27 06:01:45.204,1.6502,1.6503,4.00,8.80
2007.06.27 06:01:45.368,1.6502,1.6503,4.00,19.20
2007.06.27 06:01:45.890,1.6502,1.6503,4.00,8.80
2007.06.27 06:01:46.482,1.6502,1.6503,4.00,19.20
2007.06.27 06:01:48.202,1.6501,1.6502,26.30,1.60
2007.06.27 06:01:48.232,1.6501,1.6502,4.00,2.40
2007.06.27 06:01:48.294,1.6501,1.6502,1.60,3.20
2007.06.27 06:01:48.344,1.65005,1.6502,6.40,3.20
2007.06.27 06:01:48.363,1.65,1.6502,24.00,4.00
2007.06.27 06:01:48.405,1.65,1.6502,23.20,4.00
2007.06.27 06:01:48.425,1.65,1.6502,15.20,4.00
2007.06.27 06:01:48.622,1.6501,1.6502,2.40,4.00
2007.06.27 06:01:48.723,1.6501,1.6502,4.00,4.00
2007.06.27 06:01:48.763,1.6501,1.6502,4.00,3.20
2007.06.27 06:01:48.831,1.6501,1.6502,4.00,2.40
2007.06.27 06:01:48.893,1.6501,1.6502,4.00,1.60
2007.06.27 06:01:51.716,1.6502,1.65025,4.00,1.60
2007.06.27 06:01:51.727,1.6502,1.65025,4.00,0.80
2007.06.27 06:01:51.900,1.6502,1.6503,4.00,26.40
2007.06.27 06:01:51.958,1.6502,1.6503,4.00,20.80
2007.06.27 06:01:52.380,1.6502,1.6503,4.00,18.40
2007.06.27 06:01:52.629,1.6502,1.6503,4.00,20.80
2007.06.27 06:01:52.970,1.6501,1.6503,7.20,20.80
2007.06.27 06:01:53.257,1.6501,1.6503,4.80,20.80
2007.06.27 06:01:53.279,1.6501,1.6502,0.80,8.00
2007.06.27 06:01:53.372,1.65,1.6502,20.80,12.00
2007.06.27 06:01:53.437,1.65,1.6501,15.20,2.40
2007.06.27 06:01:53.739,1.65,1.6501,33.50,2.40
2007.06.27 06:01:53.856,1.65,1.6501,29.50,2.40
2007.06.27 06:01:53.896,1.65,1.6501,27.10,2.40
2007.06.27 06:01:54.166,1.65,1.6501,35.10,2.40
2007.06.27 06:01:54.214,1.65,1.6501,32.70,2.40
2007.06.27 06:01:54.317,1.6501,1.6502,2.40,39.90
2007.06.27 06:01:54.414,1.6501,1.6502,8.00,8.00
2007.06.27 06:01:54.500,1.6501,1.6502,8.00,5.60
2007.06.27 06:01:54.509,1.6501,1.6502,8.00,5.60
2007.06.27 06:01:54.578,1.6501,1.6502,8.00,3.20
2007.06.27 06:01:54.759,1.6501,1.6503,8.00,16.80
2007.06.27 06:01:54.931,1.6501,1.6503,8.00,16.00
2007.06.27 06:01:55.384,1.6501,1.6502,1.60,7.20
2007.06.27 06:01:55.474,1.65,1.6502,15.20,7.20
2007.06.27 06:01:55.590,1.65,1.6502,15.20,6.40
2007.06.27 06:01:55.627,1.65,1.6502,15.20,4.00
2007.06.27 06:01:55.669,1.6501,1.65025,4.00,5.60
2007.06.27 06:01:55.768,1.6501,1.65025,8.00,5.60
2007.06.27 06:01:55.872,1.6501,1.65025,10.40,5.60
2007.06.27 06:01:56.132,1.6501,1.6503,10.40,15.20
2007.06.27 06:01:56.188,1.6501,1.6503,8.00,16.00
2007.06.27 06:01:56.287,1.6501,1.65025,5.60,0.80
2007.06.27 06:01:56.419,1.6501,1.65025,5.60,1.60
2007.06.27 06:01:57.219,1.6501,1.6502,8.00,1.60
2007.06.27 06:01:57.321,1.6501,1.6503,8.00,15.20
2007.06.27 06:01:57.385,1.6501,1.6503,8.00,13.60
2007.06.27 06:01:57.782,1.6501,1.6503,8.00,8.00
2007.06.27 06:01:58.104,1.6501,1.65035,34.30,5.60
2007.06.27 06:01:58.130,1.6501,1.65035,31.90,5.60
2007.06.27 06:01:58.225,1.6501,1.6503,31.90,10.40
2007.06.27 06:01:58.243,1.6501,1.6503,31.90,14.40
2007.06.27 06:01:58.320,1.6501,1.6503,27.90,12.00
2007.06.27 06:01:59.316,1.6501,1.6503,27.90,22.40
2007.06.27 06:01:59.667,1.6501,1.6503,26.30,22.40
2007.06.27 06:01:59.786,1.6501,1.6503,18.30,22.40
2007.06.27 06:02:00.072,1.6501,1.6503,18.30,12.00
2007.06.27 06:02:00.178,1.6501,1.6503,19.90,12.00
2007.06.27 06:02:00.325,1.6501,1.6503,27.90,12.00
2007.06.27 06:02:00.372,1.6501,1.6503,27.90,22.40
2007.06.27 06:02:03.015,1.6501,1.6503,27.90,12.00
2007.06.27 06:02:03.258,1.6501,1.6503,22.30,12.00
2007.06.27 06:02:03.305,1.6501,1.6503,2.40,12.00
2007.06.27 06:02:03.346,1.6501,1.6503,2.40,14.40
2007.06.27 06:02:03.401,1.65005,1.6503,0.80,16.00
2007.06.27 06:02:03.466,1.65005,1.6503,0.80,17.60
2007.06.27 06:02:03.476,1.65005,1.6503,0.80,16.00
2007.06.27 06:02:03.526,1.65,1.6503,10.40,21.60
2007.06.27 06:02:03.671,1.65,1.6503,10.40,20.00
2007.06.27 06:02:03.677,1.65,1.6503,10.40,20.80
2007.06.27 06:02:03.872,1.65,1.6503,10.40,20.00
2007.06.27 06:02:04.079,1.65,1.6503,8.80,20.00
2007.06.27 06:02:04.206,1.65,1.6503,35.10,46.30
2007.06.27 06:02:04.684,1.6501,1.6503,4.00,46.30
2007.06.27 06:02:04.726,1.6501,1.6503,4.00,20.00
2007.06.27 06:02:04.781,1.6501,1.6503,4.00,17.60
2007.06.27 06:02:04.803,1.6501,1.6503,4.00,12.00
2007.06.27 06:02:05.359,1.6501,1.6503,18.30,12.00
2007.06.27 06:02:06.363,1.6501,1.6503,4.00,12.00
2007.06.27 06:02:08.174,1.6501,1.6502,4.00,4.00
2007.06.27 06:02:08.230,1.65005,1.6501,0.80,3.20
2007.06.27 06:02:08.283,1.65005,1.6501,0.80,3.20
2007.06.27 06:02:08.438,1.6499,1.6501,16.00,4.00
2007.06.27 06:02:08.478,1.6499,1.6501,15.20,4.00
2007.06.27 06:02:08.646,1.6499,1.6501,15.20,3.20
2007.06.27 06:02:08.668,1.6499,1.6501,15.20,2.40
2007.06.27 06:02:08.707,1.65,1.6501,1.60,1.60
2007.06.27 06:02:08.796,1.65,1.6501,5.60,1.60
2007.06.27 06:02:09.725,1.65,1.6501,4.00,1.60
2007.06.27 06:02:10.559,1.65,1.65015,4.00,8.80
2007.06.27 06:02:10.781,1.6501,1.65015,4.00,2.40
2007.06.27 06:02:11.404,1.6501,1.65025,4.00,4.80
2007.06.27 06:02:11.478,1.6501,1.65025,4.00,4.80
2007.06.27 06:02:11.501,1.6501,1.6503,4.00,34.40
2007.06.27 06:02:12.230,1.65,1.6502,15.20,0.60
2007.06.27 06:02:12.251,1.65,1.65025,15.20,12.80
2007.06.27 06:02:12.321,1.65,1.6502,12.80,0.60
2007.06.27 06:02:12.343,1.65,1.65025,4.80,23.20
2007.06.27 06:02:12.429,1.65,1.65025,4.00,23.20
2007.06.27 06:02:12.645,1.65,1.65025,4.00,21.60
2007.06.27 06:02:12.740,1.6501,1.65025,1.60,18.40
2007.06.27 06:02:12.776,1.6501,1.6502,1.60,0.90
2007.06.27 06:02:12.835,1.6501,1.6502,5.60,0.50
2007.06.27 06:02:12.887,1.6501,1.6502,5.60,0.70
2007.06.27 06:02:14.175,1.6501,1.65025,5.60,0.80
2007.06.27 06:02:14.314,1.6501,1.6503,27.90,31.20
2007.06.27 06:02:14.327,1.6501,1.6503,27.90,0.50
2007.06.27 06:02:14.409,1.6501,1.65035,25.50,32.00
2007.06.27 06:02:16.349,1.6501,1.6503,25.50,0.60
2007.06.27 06:02:17.150,1.6501,1.65035,23.90,20.00
2007.06.27 06:02:17.182,1.6501,1.65035,15.90,9.60
2007.06.27 06:02:17.288,1.6501,1.6504,12.00,40.00
2007.06.27 06:02:17.379,1.6501,1.65035,12.00,0.60
2007.06.27 06:02:17.388,1.6501,1.6503,4.00,0.90
2007.06.27 06:02:19.207,1.6502,1.6503,5.60,0.70
2007.06.27 06:02:19.295,1.6502,1.6504,25.50,0.70
2007.06.27 06:02:19.361,1.6502,1.6504,25.50,0.60
2007.06.27 06:02:19.724,1.6502,1.65045,19.90,38.40
2007.06.27 06:02:19.749,1.6502,1.6504,19.90,36.80
2007.06.27 06:02:19.778,1.6501,1.6504,12.00,50.30
2007.06.27 06:02:19.888,1.6501,1.6503,4.00,0.70
2007.06.27 06:02:27.176,1.6501,1.6503,30.30,0.90
2007.06.27 06:02:27.241,1.6501,1.6503,34.30,0.80
2007.06.27 06:02:27.300,1.6501,1.65045,42.30,46.30
2007.06.27 06:02:32.631,1.6501,1.65045,39.90,46.30
2007.06.27 06:02:32.720,1.6501,1.65035,39.90,2.40
2007.06.27 06:02:32.737,1.6501,1.65035,13.60,2.40
2007.06.27 06:02:32.933,1.6501,1.65035,27.90,10.40
2007.06.27 06:02:33.231,1.6501,1.6503,27.90,0.80
2007.06.27 06:02:33.627,1.65015,1.6503,0.80,0.50
2007.06.27 06:02:33.707,1.65015,1.6503,1.60,0.90
2007.06.27 06:02:33.735,1.6502,1.6503,4.00,0.80
2007.06.27 06:02:33.849,1.6502,1.65035,4.00,8.80
2007.06.27 06:02:36.664,1.6502,1.6504,4.00,36.80
2007.06.27 06:02:36.765,1.65015,1.6504,0.80,36.80
2007.06.27 06:02:36.869,1.65015,1.6504,0.80,30.40
2007.06.27 06:02:36.891,1.6501,1.6504,16.80,0.60
2007.06.27 06:02:37.105,1.6501,1.65045,16.80,30.40
2007.06.27 06:02:37.782,1.6501,1.6504,14.40,0.80
2007.06.27 06:02:37.822,1.6501,1.6504,5.60,47.90
2007.06.27 06:02:37.889,1.6501,1.65025,5.60,2.40
2007.06.27 06:02:38.205,1.6501,1.6503,8.00,25.60
2007.06.27 06:02:38.336,1.6501,1.6503,30.30,17.60
2007.06.27 06:02:38.452,1.6501,1.6503,30.30,0.70
2007.06.27 06:02:38.636,1.6501,1.6503,30.30,12.00
2007.06.27 06:02:38.723,1.6501,1.65025,27.90,0.80
2007.06.27 06:02:38.761,1.6501,1.65025,5.60,0.80
2007.06.27 06:02:38.956,1.6501,1.6503,5.60,22.40
2007.06.27 06:02:39.300,1.6501,1.6503,16.00,16.80
2007.06.27 06:02:39.651,1.6501,1.6502,16.00,1.60
2007.06.27 06:02:39.688,1.6501,1.6502,5.60,1.60
2007.06.27 06:02:41.198,1.6501,1.65025,8.00,1.60
2007.06.27 06:02:41.280,1.6501,1.65025,8.00,0.80
2007.06.27 06:02:41.302,1.6501,1.6503,8.00,12.00
2007.06.27 06:02:41.346,1.6501,1.6503,30.30,9.60
2007.06.27 06:02:54.156,1.6501,1.6503,27.90,12.00
2007.06.27 06:02:54.331,1.6501,1.6503,5.60,12.80
2007.06.27 06:02:54.358,1.6501,1.65025,5.60,0.80
2007.06.27 06:02:54.369,1.6501,1.65025,5.60,1.60
2007.06.27 06:03:05.114,1.6501,1.65025,8.00,1.60
2007.06.27 06:03:05.213,1.6502,1.65025,1.60,1.60
2007.06.27 06:03:05.318,1.6502,1.65025,5.60,1.60
2007.06.27 06:03:05.431,1.6502,1.65025,5.60,0.80
2007.06.27 06:03:05.448,1.6502,1.6503,5.60,1.60
2007.06.27 06:03:05.718,1.6502,1.6504,5.60,29.60
2007.06.27 06:03:05.774,1.6502,1.6504,5.60,21.60
2007.06.27 06:03:05.906,1.6502,1.6504,5.60,16.00
2007.06.27 06:03:06.105,1.6502,1.6504,5.60,14.40
2007.06.27 06:03:06.169,1.6502,1.6504,5.60,13.60
2007.06.27 06:03:06.226,1.6502,1.6504,5.60,12.80
2007.06.27 06:03:06.308,1.6502,1.6504,5.60,12.00
2007.06.27 06:03:08.722,1.65015,1.6504,0.80,12.00
2007.06.27 06:03:08.767,1.6501,1.6504,42.30,17.60
2007.06.27 06:03:08.790,1.6501,1.6504,14.40,17.60
2007.06.27 06:03:09.209,1.6501,1.6504,50.30,39.90
2007.06.27 06:03:09.345,1.6501,1.6504,48.70,39.90
2007.06.27 06:03:09.817,1.6501,1.65035,48.70,5.60
2007.06.27 06:03:10.026,1.6501,1.6503,40.70,8.00
2007.06.27 06:03:10.132,1.6501,1.6503,10.40,8.00
2007.06.27 06:03:10.359,1.6501,1.6503,40.70,8.00
2007.06.27 06:03:10.673,1.6501,1.6503,39.10,9.60
2007.06.27 06:03:10.803,1.6501,1.6503,27.10,9.60
2007.06.27 06:03:10.836,1.6501,1.6503,8.80,9.60
2007.06.27 06:03:11.800,1.6501,1.6503,6.40,9.60
2007.06.27 06:03:12.729,1.6501,1.6503,8.00,9.60
2007.06.27 06:03:12.867,1.6501,1.6503,30.30,9.60
2007.06.27 06:03:15.732,1.6502,1.6503,4.00,9.60
2007.06.27 06:03:15.827,1.6502,1.6503,4.00,1.60
2007.06.27 06:03:16.227,1.6502,1.65035,4.00,0.80
2007.06.27 06:03:16.343,1.6502,1.65035,18.30,0.80
2007.06.27 06:03:16.357,1.6502,1.6504,18.30,12.00
2007.06.27 06:03:16.863,1.6502,1.65045,18.30,19.20
2007.06.27 06:03:17.276,1.6502,1.6504,4.00,0.80
2007.06.27 06:03:25.883,1.6502,1.65045,18.30,19.20
2007.06.27 06:03:26.233,1.6502,1.6504,19.90,0.60
2007.06.27 06:03:26.245,1.6502,1.65045,27.90,19.20
2007.06.27 06:03:27.253,1.6502,1.6504,30.30,0.70
2007.06.27 06:03:35.688,1.6502,1.65045,28.70,16.80
2007.06.27 06:03:35.721,1.6502,1.6504,20.70,0.60
2007.06.27 06:03:36.689,1.6502,1.65045,28.70,16.80
2007.06.27 06:03:36.703,1.6502,1.6504,30.30,0.50
2007.06.27 06:03:47.215,1.6503,1.6504,4.00,9.60
2007.06.27 06:03:47.294,1.6503,1.6504,4.00,1.60
2007.06.27 06:03:49.155,1.6503,1.65045,4.00,0.80
2007.06.27 06:03:49.334,1.6503,1.6505,4.00,14.40
2007.06.27 06:03:49.357,1.6503,1.6505,4.00,12.00
2007.06.27 06:03:52.160,1.6504,1.6505,4.00,9.60
2007.06.27 06:03:52.281,1.6504,1.6505,4.00,1.60
2007.06.27 06:03:56.609,1.6504,1.6505,6.40,1.60
2007.06.27 06:03:56.706,1.6504,1.6506,8.80,17.60
2007.06.27 06:03:56.784,1.6504,1.6506,8.80,12.00
2007.06.27 06:03:56.848,1.6504,1.6506,27.10,14.40
2007.06.27 06:03:57.183,1.6504,1.6506,27.10,13.60
2007.06.27 06:03:57.227,1.6505,1.6506,4.00,13.60
2007.06.27 06:03:57.325,1.6505,1.6506,4.00,12.80
2007.06.27 06:03:57.410,1.6505,1.6506,4.00,1.60
2007.06.27 06:03:57.632,1.6505,1.65065,4.00,1.60
2007.06.27 06:03:57.780,1.6505,1.65065,18.30,1.60
2007.06.27 06:03:57.817,1.6505,1.65065,18.30,0.80
2007.06.27 06:03:57.945,1.6505,1.6507,18.30,16.80
2007.06.27 06:03:58.296,1.6505,1.6507,18.30,16.00
2007.06.27 06:04:01.700,1.6505,1.65065,18.30,0.80
2007.06.27 06:04:01.736,1.6505,1.6506,18.30,1.60
2007.06.27 06:04:01.775,1.6505,1.6506,4.00,1.60
2007.06.27 06:04:05.733,1.6505,1.65065,4.00,0.80
2007.06.27 06:04:05.762,1.6505,1.6507,4.00,19.20
2007.06.27 06:04:05.831,1.6505,1.6507,4.00,16.80
2007.06.27 06:04:05.864,1.6505,1.6507,18.30,16.80
2007.06.27 06:04:06.218,1.6505,1.6507,20.70,14.40
2007.06.27 06:04:06.250,1.6506,1.6507,4.00,14.40
2007.06.27 06:04:06.284,1.6506,1.6507,4.00,5.60
2007.06.27 06:04:11.720,1.6506,1.6507,5.60,5.60
2007.06.27 06:04:13.660,1.6506,1.6507,4.00,5.60
2007.06.27 06:04:14.322,1.6506,1.6507,4.00,12.00
2007.06.27 06:04:14.390,1.6506,1.65065,4.00,0.80
2007.06.27 06:04:14.536,1.6506,1.65065,4.00,1.60
2007.06.27 06:04:14.700,1.6505,1.65065,25.50,1.60
2007.06.27 06:04:14.773,1.6505,1.65065,13.60,1.60
2007.06.27 06:04:14.785,1.6505,1.65065,7.20,1.60
2007.06.27 06:04:14.806,1.6505,1.65065,1.60,1.60
2007.06.27 06:04:16.147,1.6505,1.6506,1.60,1.60
2007.06.27 06:04:16.671,1.65045,1.6506,1.60,1.60
2007.06.27 06:04:17.203,1.6505,1.6506,2.40,1.60
2007.06.27 06:04:17.281,1.6505,1.65065,11.20,1.60
2007.06.27 06:04:17.299,1.6505,1.65065,23.10,1.60
2007.06.27 06:04:17.396,1.65055,1.65065,0.80,0.80
2007.06.27 06:04:17.411,1.65055,1.6507,1.60,4.00
2007.06.27 06:04:18.100,1.65055,1.6507,0.80,4.00
2007.06.27 06:04:18.161,1.6505,1.6507,42.30,4.00
2007.06.27 06:04:18.183,1.6505,1.6507,30.40,4.00
2007.06.27 06:04:18.220,1.6505,1.6507,26.40,4.00
2007.06.27 06:04:18.303,1.6505,1.6507,46.30,6.40
2007.06.27 06:04:18.316,1.6505,1.6507,43.90,6.40
2007.06.27 06:04:18.471,1.6505,1.6507,38.30,6.40
2007.06.27 06:04:18.686,1.6505,1.6507,30.30,6.40
2007.06.27 06:04:18.722,1.6505,1.6507,28.70,6.40
2007.06.27 06:04:20.655,1.65055,1.6507,0.80,6.40
2007.06.27 06:04:20.691,1.65055,1.6507,0.80,4.00
2007.06.27 06:04:20.727,1.65055,1.6507,1.60,4.00
2007.06.27 06:04:21.134,1.65055,1.6507,1.60,0.90
2007.06.27 06:04:21.229,1.65055,1.6508,5.60,18.40
2007.06.27 06:04:21.284,1.6506,1.6508,3.20,13.60
2007.06.27 06:04:21.380,1.6506,1.6507,5.60,0.60
2007.06.27 06:04:21.706,1.6506,1.6508,3.20,16.00
2007.06.27 06:04:24.154,1.6506,1.6508,5.60,13.60
2007.06.27 06:04:26.105,1.6506,1.6508,6.40,13.60
2007.06.27 06:04:28.126,1.6506,1.6508,6.40,0.80
2007.06.27 06:04:30.140,1.6506,1.65085,4.00,15.20
2007.06.27 06:04:30.236,1.6506,1.65085,2.40,15.20
2007.06.27 06:04:30.316,1.6506,1.65085,2.40,35.10
2007.06.27 06:04:30.322,1.6506,1.6509,2.40,47.90
2007.06.27 06:04:30.359,1.6505,1.6508,46.30,0.60
2007.06.27 06:04:30.726,1.6505,1.6509,46.30,50.30
2007.06.27 06:04:30.808,1.6505,1.6508,44.70,0.90
2007.06.27 06:04:31.057,1.6505,1.6508,45.50,0.80
2007.06.27 06:04:31.171,1.6505,1.6508,45.50,0.80
2007.06.27 06:04:32.706,1.6505,1.6508,43.90,0.70
2007.06.27 06:04:32.742,1.6505,1.65085,39.90,45.50
2007.06.27 06:04:34.796,1.6505,1.6507,39.90,0.80
2007.06.27 06:04:34.819,1.6505,1.6507,35.90,0.50
2007.06.27 06:04:34.908,1.6505,1.6508,7.20,27.20
2007.06.27 06:04:35.197,1.6506,1.65075,2.40,15.20
2007.06.27 06:04:35.208,1.6506,1.6507,2.40,0.50
2007.06.27 06:04:35.301,1.6506,1.65075,2.40,0.50
2007.06.27 06:04:35.528,1.6506,1.65085,2.40,19.20
2007.06.27 06:04:35.705,1.6506,1.6508,2.40,13.60
2007.06.27 06:04:36.115,1.6506,1.6507,3.20,0.50
2007.06.27 06:04:41.176,1.6506,1.65075,4.00,3.20
2007.06.27 06:04:44.146,1.6506,1.6508,6.40,30.40
2007.06.27 06:04:44.320,1.6506,1.65085,6.40,19.20
2007.06.27 06:04:44.338,1.6506,1.65085,27.10,15.20
2007.06.27 06:04:49.616,1.6506,1.6508,24.70,9.60
2007.06.27 06:04:49.723,1.6506,1.6508,26.30,9.60
2007.06.27 06:04:49.837,1.6506,1.6508,23.90,9.60
2007.06.27 06:04:49.866,1.6506,1.6508,31.90,9.60
2007.06.27 06:04:49.959,1.6506,1.6508,27.90,9.60
2007.06.27 06:04:50.129,1.6506,1.6508,27.90,12.00
2007.06.27 06:04:50.393,1.6506,1.6508,27.90,22.40
2007.06.27 06:04:52.230,1.6506,1.6508,27.90,14.40
2007.06.27 06:04:52.286,1.6506,1.6508,27.90,12.80
2007.06.27 06:04:54.913,1.6506,1.6508,27.90,4.80
2007.06.27 06:04:55.197,1.6506,1.6508,27.90,12.80
2007.06.27 06:04:55.433,1.6506,1.6508,27.90,4.80
2007.06.27 06:04:57.268,1.6506,1.6508,27.90,12.80
2007.06.27 06:04:59.160,1.6506,1.6508,27.90,14.40
2007.06.27 06:04:59.201,1.6506,1.6508,27.90,22.40
2007.06.27 06:04:59.261,1.6506,1.6507,27.90,1.60
2007.06.27 06:04:59.396,1.6506,1.6507,5.60,1.60
2007.06.27 06:04:59.681,1.6506,1.6507,4.00,1.60
2007.06.27 06:05:00.914,1.6506,1.65075,5.60,0.80
2007.06.27 06:05:00.938,1.6506,1.65075,5.60,0.80
2007.06.27 06:05:01.003,1.6506,1.6508,5.60,8.00
2007.06.27 06:05:01.217,1.6506,1.6508,27.90,13.60
2007.06.27 06:05:01.327,1.6506,1.6508,27.90,22.40
2007.06.27 06:05:01.738,1.6506,1.6508,30.30,20.00
2007.06.27 06:05:03.173,1.6507,1.6508,1.60,18.40
2007.06.27 06:05:03.229,1.6507,1.65085,1.60,7.20
2007.06.27 06:05:03.262,1.6507,1.65085,5.60,7.20
2007.06.27 06:05:03.366,1.6507,1.65085,5.60,1.60
2007.06.27 06:05:03.864,1.6507,1.65085,5.60,0.60
2007.06.27 06:05:08.731,1.65065,1.6509,1.60,25.60
2007.06.27 06:05:08.844,1.65065,1.6508,0.80,0.80
2007.06.27 06:05:08.880,1.6506,1.6508,35.10,0.50
2007.06.27 06:05:08.919,1.6506,1.6508,31.10,0.70
2007.06.27 06:05:09.324,1.6506,1.65085,30.30,15.20
2007.06.27 06:05:13.153,1.6506,1.65085,10.40,0.90
2007.06.27 06:05:13.207,1.6507,1.65085,1.60,0.90
2007.06.27 06:05:13.303,1.6507,1.65085,5.60,0.50
2007.06.27 06:05:13.378,1.6507,1.6509,5.60,24.00
2007.06.27 06:05:20.202,1.65065,1.6508,1.60,0.80
2007.06.27 06:05:20.364,1.65065,1.65085,0.80,3.20
2007.06.27 06:05:20.378,1.6506,1.6508,20.00,0.60
2007.06.27 06:05:20.472,1.6506,1.6508,34.30,0.80
2007.06.27 06:05:20.520,1.6506,1.65085,30.30,16.80
2007.06.27 06:05:20.714,1.6506,1.65085,27.90,19.20
2007.06.27 06:05:23.209,1.6506,1.6508,26.30,0.70
2007.06.27 06:05:23.371,1.6506,1.65085,4.00,19.20
2007.06.27 06:05:23.838,1.6506,1.6508,5.60,0.70
2007.06.27 06:05:23.963,1.6506,1.65085,27.90,19.20
2007.06.27 06:05:24.239,1.6506,1.6508,19.90,0.60
2007.06.27 06:05:24.244,1.6506,1.6508,18.30,0.50
2007.06.27 06:05:24.651,1.6506,1.6508,19.90,0.80
2007.06.27 06:05:24.901,1.6506,1.65085,27.90,19.20
2007.06.27 06:05:25.168,1.6506,1.6508,26.30,0.50
2007.06.27 06:05:25.252,1.6506,1.65085,24.70,19.20
2007.06.27 06:05:25.281,1.6507,1.6508,4.00,0.60
2007.06.27 06:05:25.358,1.6507,1.65085,4.00,11.20
2007.06.27 06:05:25.477,1.6507,1.65085,4.00,8.00
2007.06.27 06:05:25.631,1.6507,1.65085,4.00,10.40
2007.06.27 06:05:25.683,1.6507,1.6508,4.00,12.80
2007.06.27 06:05:25.777,1.6506,1.6508,6.40,12.80
2007.06.27 06:05:25.880,1.6506,1.6508,4.00,26.40
2007.06.27 06:05:25.918,1.6506,1.65075,4.00,2.40
2007.06.27 06:05:26.615,1.6506,1.65075,4.00,5.60
2007.06.27 06:05:27.234,1.6506,1.6507,4.00,0.50
2007.06.27 06:05:29.681,1.6506,1.65075,6.40,0.80
2007.06.27 06:05:29.785,1.6506,1.65085,6.40,15.20
2007.06.27 06:05:30.111,1.6506,1.6508,4.00,0.50
2007.06.27 06:05:30.223,1.6506,1.65085,4.00,23.20
2007.06.27 06:05:30.294,1.6506,1.65085,4.00,21.60
2007.06.27 06:05:39.936,1.6506,1.65085,4.00,41.60
2007.06.27 06:05:44.744,1.6506,1.65085,4.00,21.60
2007.06.27 06:05:45.018,1.6506,1.6508,4.00,0.80
2007.06.27 06:05:50.661,1.65055,1.6508,1.60,0.90
2007.06.27 06:05:50.776,1.65055,1.6508,0.80,20.00
2007.06.27 06:05:50.847,1.6505,1.6508,13.60,22.40
2007.06.27 06:05:51.247,1.6505,1.6508,36.70,48.70
2007.06.27 06:05:51.342,1.6505,1.65075,36.70,13.60
2007.06.27 06:05:58.186,1.6506,1.65075,4.00,13.60
2007.06.27 06:05:58.196,1.6506,1.6508,4.00,22.40
2007.06.27 06:05:58.304,1.6506,1.65085,4.00,24.00
2007.06.27 06:05:58.689,1.6506,1.65085,4.00,26.40
2007.06.27 06:05:58.707,1.6506,1.6508,4.00,26.40
2007.06.27 06:06:01.647,1.6506,1.6507,5.60,0.60
2007.06.27 06:06:01.739,1.6506,1.6508,5.60,27.20
2007.06.27 06:06:02.157,1.6506,1.65075,5.60,3.20
2007.06.27 06:06:02.274,1.6506,1.6508,5.60,27.20
2007.06.27 06:06:05.665,1.6506,1.65075,4.00,3.20
2007.06.27 06:06:12.141,1.6506,1.6507,4.00,7.20
2007.06.27 06:06:12.255,1.6506,1.6507,4.00,8.00
2007.06.27 06:06:12.338,1.65055,1.6507,0.80,8.00
2007.06.27 06:06:12.454,1.6505,1.6506,8.00,2.40
2007.06.27 06:06:12.640,1.6505,1.6507,8.00,5.60
2007.06.27 06:06:12.661,1.6505,1.6507,12.00,3.20
2007.06.27 06:06:12.866,1.65055,1.6507,0.80,2.40
2007.06.27 06:06:12.913,1.65055,1.6507,1.60,1.60
2007.06.27 06:06:13.142,1.65055,1.6507,1.60,4.00
2007.06.27 06:06:13.180,1.65055,1.6506,0.80,4.00
2007.06.27 06:06:13.194,1.6505,1.6506,7.20,4.00
2007.06.27 06:06:13.347,1.6505,1.6506,5.60,4.00
2007.06.27 06:06:13.512,1.6505,1.6506,5.60,1.60
2007.06.27 06:06:15.166,1.6505,1.6506,4.00,1.60
2007.06.27 06:06:16.290,1.6505,1.6506,5.60,1.60
2007.06.27 06:06:20.110,1.6505,1.6506,8.00,1.60
2007.06.27 06:06:20.214,1.6505,1.65065,8.00,0.80
2007.06.27 06:06:20.298,1.6505,1.65065,30.30,0.80
2007.06.27 06:06:20.366,1.6505,1.6507,30.30,9.60
2007.06.27 06:06:20.619,1.6505,1.6507,27.90,9.60
2007.06.27 06:06:20.727,1.6505,1.6507,27.90,12.00
2007.06.27 06:06:23.721,1.6505,1.6507,26.30,12.00
2007.06.27 06:06:23.765,1.6505,1.6507,18.30,12.00
2007.06.27 06:06:23.860,1.6505,1.6507,4.00,12.00
2007.06.27 06:06:24.229,1.6505,1.6507,5.60,12.00
2007.06.27 06:06:24.869,1.6505,1.6507,27.90,12.00
2007.06.27 06:06:28.213,1.6505,1.6507,27.90,0.70
2007.06.27 06:06:30.656,1.6505,1.6507,27.90,10.40
2007.06.27 06:06:36.213,1.6505,1.6507,27.90,12.00
2007.06.27 06:06:39.667,1.6505,1.6507,27.90,10.40
2007.06.27 06:06:40.427,1.6505,1.6507,25.50,10.40
2007.06.27 06:06:40.640,1.6505,1.6507,27.90,10.40
2007.06.27 06:06:40.669,1.6505,1.65065,27.90,0.80
2007.06.27 06:06:40.760,1.6505,1.65065,5.60,0.80
2007.06.27 06:06:40.858,1.6505,1.65065,5.60,1.60
2007.06.27 06:06:45.625,1.6505,1.6506,5.60,2.40
2007.06.27 06:06:45.670,1.6505,1.6506,5.60,4.80
2007.06.27 06:06:45.716,1.6504,1.6506,9.60,4.80
2007.06.27 06:06:45.823,1.6504,1.6506,7.20,4.80
2007.06.27 06:06:46.241,1.6504,1.6506,7.20,6.40
2007.06.27 06:06:46.267,1.6504,1.65055,7.20,0.80
2007.06.27 06:06:46.360,1.6504,1.65055,7.20,1.60
2007.06.27 06:06:52.123,1.6504,1.65055,9.60,1.60
2007.06.27 06:06:52.135,1.6504,1.65055,8.00,1.60
2007.06.27 06:06:52.224,1.6504,1.65055,8.00,0.80
2007.06.27 06:06:52.255,1.6504,1.6506,8.00,10.40
2007.06.27 06:06:52.269,1.6504,1.6506,30.30,10.40
2007.06.27 06:06:52.586,1.6504,1.6506,30.30,9.60
2007.06.27 06:06:53.295,1.6504,1.6506,30.30,0.50
2007.06.27 06:06:54.186,1.6504,1.6506,27.90,0.70
2007.06.27 06:06:54.637,1.6504,1.6506,5.60,6.40
2007.06.27 06:06:54.686,1.6504,1.6505,5.60,1.60
2007.06.27 06:06:55.714,1.6504,1.65055,5.60,1.60
2007.06.27 06:07:07.292,1.6504,1.65055,27.90,1.60
2007.06.27 06:07:07.372,1.6504,1.65055,27.90,0.80
2007.06.27 06:07:07.395,1.6504,1.6506,27.90,12.00
2007.06.27 06:07:07.685,1.6504,1.6506,30.30,9.60
2007.06.27 06:07:08.698,1.6504,1.6506,18.40,9.60
2007.06.27 06:07:08.811,1.6504,1.65055,18.40,0.80
2007.06.27 06:07:08.836,1.6504,1.65055,18.40,1.60
2007.06.27 06:07:09.003,1.6504,1.65055,8.00,1.60
2007.06.27 06:07:09.251,1.6504,1.65055,5.60,1.60
2007.06.27 06:07:11.330,1.6504,1.6506,5.60,21.60
2007.06.27 06:07:13.267,1.65035,1.65055,1.60,3.20
2007.06.27 06:07:13.459,1.65035,1.65055,0.80,8.80
2007.06.27 06:07:13.467,1.65035,1.65055,0.80,27.20
2007.06.27 06:07:13.515,1.6503,1.65055,30.30,27.20
2007.06.27 06:07:13.675,1.6503,1.65055,30.30,25.60
2007.06.27 06:07:13.727,1.6503,1.65055,30.30,17.60
2007.06.27 06:07:14.780,1.6503,1.65055,34.30,17.60
2007.06.27 06:07:14.872,1.6503,1.6506,16.00,28.80
2007.06.27 06:07:14.881,1.6503,1.6506,16.00,0.60
2007.06.27 06:07:15.259,1.6503,1.65065,42.30,52.70
2007.06.27 06:07:31.618,1.6503,1.65065,16.00,28.80
2007.06.27 06:07:31.686,1.6503,1.6505,16.00,0.90
2007.06.27 06:07:31.825,1.6503,1.6506,30.30,36.00
2007.06.27 06:07:33.232,1.6503,1.6505,30.30,0.70
2007.06.27 06:07:34.686,1.6503,1.65055,30.30,16.80
2007.06.27 06:07:36.744,1.6503,1.6505,30.30,0.80
2007.06.27 06:07:39.714,1.6503,1.6505,30.30,0.60
2007.06.27 06:07:42.775,1.65025,1.6505,31.90,0.60
2007.06.27 06:07:46.354,1.6503,1.6505,19.00,4.00
2007.06.27 06:07:46.382,1.6503,1.6505,13.00,2.40
2007.06.27 06:07:50.148,1.65025,1.6505,47.10,4.80
2007.06.27 06:07:50.171,1.6503,1.6505,0.80,4.80
2007.06.27 06:07:50.183,1.6503,1.65045,2.10,0.80
2007.06.27 06:07:50.243,1.6503,1.65045,2.00,1.60
2007.06.27 06:07:57.181,1.65025,1.6504,7.20,1.60
2007.06.27 06:08:00.294,1.6503,1.65045,2.50,1.60
2007.06.27 06:08:00.718,1.65025,1.65045,0.50,1.60
2007.06.27 06:08:00.902,1.6502,1.65045,12.80,7.20
2007.06.27 06:08:00.926,1.65015,1.65045,17.60,7.20
2007.06.27 06:08:01.306,1.6502,1.6504,2.50,8.00
2007.06.27 06:08:01.391,1.65015,1.6504,35.90,8.00
2007.06.27 06:08:04.301,1.65015,1.6504,45.50,8.00
2007.06.27 06:08:04.371,1.6502,1.65045,2.00,0.80
2007.06.27 06:08:04.487,1.65015,1.6505,53.50,46.30
2007.06.27 06:08:10.779,1.65015,1.6505,54.30,46.30
2007.06.27 06:08:10.871,1.65015,1.6505,55.10,46.30
2007.06.27 06:08:10.953,1.65015,1.6505,55.90,46.30
2007.06.27 06:08:11.615,1.6502,1.6505,3.00,20.00
2007.06.27 06:08:11.666,1.65025,1.6505,6.40,17.60
2007.06.27 06:08:11.869,1.65025,1.6505,7.20,15.20
2007.06.27 06:08:12.019,1.6503,1.6505,27.90,20.00
2007.06.27 06:08:12.185,1.6503,1.65045,27.90,0.80
2007.06.27 06:08:12.262,1.6503,1.65045,27.90,1.60
2007.06.27 06:08:12.344,1.6503,1.65045,5.60,1.60
2007.06.27 06:08:15.979,1.6503,1.65045,1.60,1.60
2007.06.27 06:08:16.811,1.65025,1.65045,3.20,1.60
2007.06.27 06:08:16.908,1.65025,1.65045,2.40,0.80
2007.06.27 06:08:16.935,1.6502,1.65045,27.20,5.60
2007.06.27 06:08:17.207,1.6503,1.6505,1.60,29.60
2007.06.27 06:08:17.250,1.6503,1.6505,1.60,37.60
2007.06.27 06:08:17.337,1.6503,1.6504,5.60,1.60
2007.06.27 06:08:17.748,1.6503,1.6504,4.00,1.60
2007.06.27 06:08:19.704,1.65025,1.6504,0.80,1.60
2007.06.27 06:08:19.785,1.6502,1.6504,23.20,1.60
2007.06.27 06:08:20.065,1.6502,1.6504,35.90,20.00
2007.06.27 06:08:20.219,1.6502,1.6504,35.10,20.00
2007.06.27 06:08:20.253,1.6502,1.6504,35.10,9.60
2007.06.27 06:08:20.325,1.6502,1.6504,34.30,9.60
2007.06.27 06:08:20.364,1.6502,1.6504,30.30,9.60
2007.06.27 06:08:34.193,1.6502,1.6504,30.30,8.00
2007.06.27 06:08:34.244,1.6502,1.6504,34.30,8.00
2007.06.27 06:08:34.325,1.6502,1.65045,42.30,7.20
2007.06.27 06:08:34.410,1.6502,1.6505,42.30,46.30
2007.06.27 06:08:50.095,1.6502,1.6505,43.90,46.30
2007.06.27 06:08:50.182,1.65035,1.6505,0.80,43.90
2007.06.27 06:08:50.241,1.65035,1.6505,0.80,9.60
2007.06.27 06:08:50.310,1.6504,1.6505,4.00,1.60
2007.06.27 06:08:50.318,1.6504,1.6505,4.00,7.20
2007.06.27 06:08:50.787,1.6504,1.6505,5.60,1.60
2007.06.27 06:08:51.719,1.6504,1.6505,4.00,1.60
2007.06.27 06:08:52.651,1.6504,1.6505,4.00,4.00
2007.06.27 06:08:52.750,1.65035,1.6505,0.80,4.00
2007.06.27 06:08:52.856,1.65035,1.6505,0.80,6.40
2007.06.27 06:08:52.893,1.6503,1.6505,8.80,12.00
2007.06.27 06:08:53.048,1.6503,1.6505,0.80,20.00
2007.06.27 06:08:53.352,1.6502,1.6505,44.70,46.30
2007.06.27 06:09:07.573,1.6502,1.6505,45.50,46.30
2007.06.27 06:09:07.671,1.6503,1.6505,5.60,46.30
2007.06.27 06:09:07.709,1.6503,1.6505,5.60,40.70
2007.06.27 06:09:07.754,1.6503,1.6505,5.60,14.40
2007.06.27 06:09:07.920,1.6503,1.6505,13.60,6.40
2007.06.27 06:09:08.224,1.6503,1.6505,20.00,6.40
2007.06.27 06:09:08.310,1.6503,1.6505,23.20,6.40
2007.06.27 06:09:08.329,1.6503,1.6505,22.40,6.40
2007.06.27 06:09:08.401,1.6503,1.6505,21.60,6.40
2007.06.27 06:09:08.473,1.6503,1.6505,16.00,6.40
2007.06.27 06:09:08.704,1.6503,1.6505,16.00,2.40
2007.06.27 06:09:08.804,1.6503,1.65055,15.20,5.60
2007.06.27 06:09:08.831,1.6503,1.65055,14.40,1.60
2007.06.27 06:09:08.843,1.6503,1.65055,13.60,1.60
2007.06.27 06:09:09.206,1.6503,1.6505,13.60,2.40
2007.06.27 06:09:09.313,1.6503,1.6505,13.60,4.80
2007.06.27 06:09:09.327,1.6503,1.6505,35.90,4.80
2007.06.27 06:09:10.557,1.6503,1.6505,36.70,4.80
2007.06.27 06:09:10.580,1.6503,1.6505,37.50,4.80
2007.06.27 06:09:10.621,1.6503,1.6505,38.30,4.80
2007.06.27 06:09:10.665,1.6503,1.6505,38.30,2.40
2007.06.27 06:09:10.776,1.6504,1.6505,5.60,2.40
2007.06.27 06:09:10.986,1.6504,1.6506,5.60,13.60
2007.06.27 06:09:11.191,1.6504,1.6506,8.00,13.60
2007.06.27 06:09:11.251,1.6504,1.6506,9.60,13.60
2007.06.27 06:09:11.304,1.6504,1.6506,8.80,13.60
2007.06.27 06:09:11.448,1.6504,1.6506,9.60,13.60
2007.06.27 06:09:11.685,1.6504,1.6506,9.60,9.60
2007.06.27 06:09:12.119,1.6504,1.6506,9.60,7.20
2007.06.27 06:09:20.952,1.6504,1.6506,8.80,0.70
2007.06.27 06:09:21.020,1.6504,1.65065,8.00,14.40
2007.06.27 06:09:21.152,1.6504,1.6506,6.40,0.70
2007.06.27 06:09:21.172,1.6504,1.6506,6.40,16.80
2007.06.27 06:09:21.252,1.6504,1.65055,1.60,8.00
2007.06.27 06:09:21.363,1.6504,1.65055,0.80,12.80
2007.06.27 06:09:21.450,1.6503,1.65055,10.40,12.80
2007.06.27 06:09:21.636,1.6503,1.6505,12.80,0.70
2007.06.27 06:09:21.687,1.6503,1.65045,12.80,0.80
2007.06.27 06:09:21.760,1.6503,1.65045,20.00,0.80
2007.06.27 06:09:21.774,1.6504,1.6505,5.60,12.80
2007.06.27 06:09:21.880,1.6504,1.65055,5.60,10.40
2007.06.27 06:09:22.068,1.6504,1.65055,5.60,5.60
2007.06.27 06:09:22.361,1.6504,1.6505,5.60,0.90
2007.06.27 06:09:23.227,1.65035,1.6505,0.80,0.70
2007.06.27 06:09:23.256,1.6503,1.65055,8.80,11.20
2007.06.27 06:09:23.293,1.6503,1.65055,0.80,19.20
2007.06.27 06:09:23.309,1.6503,1.65055,0.80,21.60
2007.06.27 06:09:23.390,1.6502,1.65055,10.40,21.60
2007.06.27 06:09:23.525,1.6502,1.6505,44.70,0.80
2007.06.27 06:09:26.250,1.6503,1.65055,8.00,49.50
2007.06.27 06:09:26.305,1.6503,1.6505,8.00,0.60
2007.06.27 06:09:26.362,1.6503,1.65055,8.00,20.80
2007.06.27 06:09:26.399,1.6503,1.65055,8.00,16.80
2007.06.27 06:09:26.486,1.6503,1.65055,30.30,16.80
2007.06.27 06:09:27.618,1.6503,1.6505,8.00,0.70
2007.06.27 06:09:29.534,1.6503,1.6505,5.60,0.70
2007.06.27 06:09:30.036,1.6503,1.65055,8.00,16.80
2007.06.27 06:09:30.153,1.6503,1.65055,6.40,16.80
2007.06.27 06:09:31.883,1.6503,1.65055,20.70,16.80
2007.06.27 06:09:32.349,1.6503,1.65055,22.30,16.80
2007.06.27 06:09:32.457,1.6503,1.65055,30.30,16.80
2007.06.27 06:09:34.318,1.6503,1.6505,31.10,0.50
2007.06.27 06:09:34.497,1.6503,1.65055,31.90,16.80
2007.06.27 06:09:34.544,1.6503,1.6505,32.70,0.80
2007.06.27 06:09:34.716,1.6503,1.6505,32.70,0.50
2007.06.27 06:09:34.895,1.6503,1.65055,40.70,0.90
2007.06.27 06:09:35.235,1.6504,1.6506,4.00,32.00
2007.06.27 06:09:35.761,1.6503,1.65055,45.50,3.20
2007.06.27 06:09:35.860,1.6503,1.65055,31.10,11.20
2007.06.27 06:09:35.882,1.6503,1.65055,30.30,16.80
2007.06.27 06:09:36.677,1.6503,1.6505,30.30,0.70
2007.06.27 06:09:36.877,1.6503,1.65055,30.30,17.60
2007.06.27 06:09:37.200,1.6503,1.65055,30.30,19.20
2007.06.27 06:09:37.287,1.6503,1.65055,30.30,27.20
2007.06.27 06:09:37.358,1.6503,1.65055,30.30,16.80
2007.06.27 06:09:37.664,1.6503,1.65055,10.40,8.80
2007.06.27 06:09:37.724,1.6504,1.6506,5.60,36.00
2007.06.27 06:09:37.958,1.6504,1.6506,5.60,28.00
2007.06.27 06:09:38.744,1.6504,1.65055,4.00,3.20
2007.06.27 06:09:40.172,1.65035,1.6505,0.80,3.20
2007.06.27 06:09:40.282,1.6503,1.6505,13.60,11.20
2007.06.27 06:09:40.439,1.6503,1.6505,10.40,14.40
2007.06.27 06:09:40.694,1.6503,1.6504,8.00,0.80
2007.06.27 06:09:40.703,1.6503,1.6505,5.60,30.40
2007.06.27 06:09:43.170,1.6503,1.65045,7.20,0.70
2007.06.27 06:09:43.195,1.6503,1.65045,8.80,0.60
2007.06.27 06:09:43.405,1.6503,1.6505,9.60,9.60
2007.06.27 06:09:45.116,1.6503,1.6505,8.80,9.60
2007.06.27 06:09:45.257,1.6503,1.6505,8.00,15.20
2007.06.27 06:09:45.289,1.6503,1.65045,7.20,0.70
2007.06.27 06:09:45.350,1.6503,1.6505,6.40,24.80
2007.06.27 06:09:45.450,1.6503,1.65045,5.60,0.90
2007.06.27 06:09:45.683,1.6503,1.65045,5.60,3.20
2007.06.27 06:09:53.190,1.6503,1.6504,1.60,1.60
2007.06.27 06:09:53.306,1.6503,1.6504,1.60,7.20
2007.06.27 06:09:53.326,1.6503,1.6504,1.60,8.00
2007.06.27 06:09:53.371,1.6503,1.6504,1.60,10.40
2007.06.27 06:09:53.684,1.6502,1.6504,18.40,10.40
2007.06.27 06:09:53.719,1.6502,1.6504,10.40,10.40
2007.06.27 06:09:53.825,1.6502,1.6504,10.40,4.80
2007.06.27 06:09:53.898,1.6502,1.6504,10.40,2.40
2007.06.27 06:09:54.251,1.6502,1.6504,30.30,10.40
2007.06.27 06:09:54.345,1.6502,1.6504,30.30,9.60
2007.06.27 06:09:57.358,1.6502,1.6504,30.30,12.00
2007.06.27 06:10:00.141,1.6502,1.6504,8.00,4.00
2007.06.27 06:10:00.168,1.6502,1.65035,5.60,0.80
2007.06.27 06:10:00.426,1.6502,1.65035,5.60,1.60
2007.06.27 06:10:20.246,1.6502,1.6504,8.00,16.80
2007.06.27 06:10:20.323,1.6502,1.6504,9.60,8.80
2007.06.27 06:10:20.337,1.6502,1.6504,11.20,8.80
2007.06.27 06:10:20.443,1.6502,1.6504,9.60,8.80
2007.06.27 06:10:20.456,1.6502,1.6504,10.40,3.20
2007.06.27 06:10:20.536,1.6502,1.6504,9.60,3.20
2007.06.27 06:10:20.643,1.6502,1.6504,8.80,3.20
2007.06.27 06:10:20.701,1.6502,1.65035,8.00,0.80
2007.06.27 06:10:20.754,1.6503,1.65035,5.60,1.60
2007.06.27 06:10:20.965,1.6503,1.6504,5.60,2.40
2007.06.27 06:10:21.399,1.6503,1.6504,5.60,1.60
2007.06.27 06:10:21.826,1.6503,1.65045,5.60,1.60
2007.06.27 06:10:22.230,1.6503,1.6504,5.60,1.60
2007.06.27 06:10:24.196,1.65025,1.6504,1.60,4.00
2007.06.27 06:10:24.271,1.65025,1.6504,0.80,4.00
2007.06.27 06:10:24.372,1.65025,1.6504,5.60,4.00
2007.06.27 06:10:24.402,1.65025,1.6504,5.60,6.40
2007.06.27 06:10:24.644,1.6502,1.6504,8.00,6.40
2007.06.27 06:10:24.813,1.6502,1.6504,13.60,4.00
2007.06.27 06:10:24.916,1.6502,1.6504,19.20,4.00
2007.06.27 06:10:24.962,1.6502,1.6504,41.50,14.40
2007.06.27 06:10:25.160,1.6502,1.6504,35.90,14.40
2007.06.27 06:10:25.228,1.6502,1.6504,31.90,14.40
2007.06.27 06:10:25.250,1.6502,1.6504,20.00,26.30
2007.06.27 06:10:25.333,1.6502,1.6504,18.40,28.70
2007.06.27 06:10:25.372,1.65015,1.6504,6.40,40.70
2007.06.27 06:10:25.430,1.6501,1.6504,50.30,40.70
2007.06.27 06:10:26.211,1.65015,1.6504,5.60,40.70
2007.06.27 06:10:26.256,1.6502,1.6504,4.00,40.70
2007.06.27 06:10:26.302,1.6502,1.6504,4.00,14.40
2007.06.27 06:10:26.459,1.6502,1.6504,12.00,6.40
2007.06.27 06:10:26.759,1.6502,1.6504,8.00,6.40
2007.06.27 06:10:26.862,1.6501,1.6504,50.30,40.70
2007.06.27 06:10:28.020,1.6501,1.6504,50.30,41.50
2007.06.27 06:10:28.094,1.6501,1.6504,50.30,43.90
2007.06.27 06:10:28.108,1.6501,1.6504,50.30,46.30
2007.06.27 06:10:28.217,1.6501,1.6503,48.70,1.60
2007.06.27 06:10:28.297,1.6501,1.6503,20.00,4.00
2007.06.27 06:10:28.338,1.6501,1.6503,20.00,6.40
2007.06.27 06:10:28.579,1.6501,1.6503,14.40,7.20
2007.06.27 06:10:28.738,1.6501,1.6503,12.00,7.20
2007.06.27 06:10:28.777,1.6501,1.6503,20.70,25.60
2007.06.27 06:10:28.869,1.6501,1.6502,22.30,1.60
2007.06.27 06:10:28.932,1.6501,1.6502,16.00,1.60
2007.06.27 06:10:29.016,1.6501,1.6502,5.60,1.60
2007.06.27 06:10:29.265,1.6501,1.6502,4.00,1.60
2007.06.27 06:10:29.676,1.6501,1.65025,5.60,1.60
2007.06.27 06:10:29.805,1.6501,1.6502,5.60,1.60
2007.06.27 06:10:30.191,1.6501,1.6502,4.00,1.60
2007.06.27 06:10:30.740,1.6501,1.6502,5.60,1.60
2007.06.27 06:10:33.684,1.6501,1.6502,4.00,1.60
2007.06.27 06:10:34.291,1.6501,1.6502,5.60,1.60
2007.06.27 06:10:34.704,1.6501,1.6503,8.00,17.60
2007.06.27 06:10:35.272,1.6501,1.6503,8.00,13.60
2007.06.27 06:10:35.379,1.6501,1.6503,42.30,5.60
2007.06.27 06:10:35.410,1.6501,1.6504,42.30,46.30
2007.06.27 06:10:36.366,1.6501,1.6504,44.70,46.30
2007.06.27 06:10:36.496,1.6501,1.6504,50.30,46.30
2007.06.27 06:10:36.755,1.6501,1.6504,47.90,46.30
2007.06.27 06:10:36.980,1.6501,1.6504,42.30,46.30
2007.06.27 06:10:44.188,1.6501,1.6504,42.30,43.90
2007.06.27 06:10:44.252,1.6501,1.6504,46.30,42.30
2007.06.27 06:10:44.294,1.6501,1.6504,48.70,39.90
2007.06.27 06:10:45.706,1.6501,1.65035,48.70,5.60
2007.06.27 06:10:45.721,1.6501,1.6503,47.10,1.60
2007.06.27 06:10:45.778,1.6501,1.6503,16.80,1.60
2007.06.27 06:10:45.872,1.6501,1.6503,27.10,9.60
2007.06.27 06:10:46.135,1.6501,1.6503,28.70,8.00
2007.06.27 06:10:46.177,1.6501,1.6503,36.70,8.00
2007.06.27 06:10:46.257,1.6501,1.6503,40.70,8.00
2007.06.27 06:10:46.386,1.6501,1.6504,48.70,39.90
2007.06.27 06:10:48.240,1.6501,1.6503,47.10,2.40
2007.06.27 06:10:48.262,1.6501,1.6503,8.80,11.20
2007.06.27 06:10:48.340,1.6501,1.6503,8.80,12.00
2007.06.27 06:10:48.637,1.6501,1.6503,8.80,11.20
2007.06.27 06:10:48.743,1.6501,1.6503,10.40,11.20
2007.06.27 06:10:48.813,1.6501,1.6503,10.40,10.40
2007.06.27 06:10:48.846,1.6501,1.6503,8.00,9.60
2007.06.27 06:10:49.267,1.6501,1.6503,8.00,8.00
2007.06.27 06:10:49.305,1.6501,1.65035,42.30,7.20
2007.06.27 06:10:49.355,1.6501,1.65035,42.30,6.40
2007.06.27 06:10:49.385,1.6501,1.65035,38.30,6.40
2007.06.27 06:10:49.471,1.6501,1.65035,40.70,5.60
2007.06.27 06:10:49.901,1.6501,1.6504,40.70,42.30
2007.06.27 06:10:49.913,1.6501,1.6504,48.70,42.30
2007.06.27 06:10:50.204,1.6501,1.6504,48.70,44.70
2007.06.27 06:10:50.229,1.6501,1.6504,48.70,42.30
2007.06.27 06:10:51.242,1.6501,1.6503,47.10,1.60
2007.06.27 06:10:51.262,1.6501,1.6503,16.80,1.60
2007.06.27 06:10:51.361,1.6501,1.6503,8.80,9.60
2007.06.27 06:10:52.187,1.6501,1.6503,8.80,10.40
2007.06.27 06:10:52.262,1.6501,1.6503,8.80,11.20
2007.06.27 06:10:52.352,1.6501,1.6503,8.80,12.00
2007.06.27 06:10:52.636,1.6501,1.6503,8.80,17.60
2007.06.27 06:10:52.888,1.6501,1.6503,6.40,17.60
2007.06.27 06:10:55.433,1.6501,1.6503,6.40,12.00
2007.06.27 06:10:55.766,1.6501,1.6503,20.70,12.00
2007.06.27 06:11:04.678,1.6501,1.6503,22.30,12.00
2007.06.27 06:11:04.719,1.6501,1.6503,30.30,12.00
2007.06.27 06:11:05.232,1.6501,1.6503,28.70,12.00
2007.06.27 06:11:05.284,1.6501,1.6503,20.70,12.00
2007.06.27 06:11:05.480,1.6501,1.6503,20.70,0.90
2007.06.27 06:11:05.755,1.6501,1.6503,30.30,0.50
2007.06.27 06:11:05.862,1.6501,1.65035,38.30,20.80
2007.06.27 06:11:05.875,1.6501,1.65035,38.30,20.00
2007.06.27 06:11:05.967,1.6501,1.65035,39.10,13.60
2007.06.27 06:11:06.134,1.6501,1.65035,40.70,13.60
2007.06.27 06:11:06.162,1.6501,1.6503,40.70,0.50
2007.06.27 06:11:06.311,1.6501,1.6504,44.70,0.70
2007.06.27 06:11:06.386,1.6501,1.6504,44.70,0.60
2007.06.27 06:11:09.582,1.6501,1.6504,50.30,0.60
2007.06.27 06:11:14.452,1.6501,1.6504,50.30,46.30
2007.06.27 06:11:17.303,1.65015,1.6504,5.60,0.90
2007.06.27 06:11:17.604,1.65015,1.65045,5.60,45.50
2007.06.27 06:11:17.662,1.65015,1.6504,5.60,0.80
2007.06.27 06:11:17.701,1.6502,1.6504,4.00,0.70
2007.06.27 06:11:17.767,1.6502,1.6504,4.00,0.80
2007.06.27 06:11:17.819,1.6502,1.65045,4.00,16.80
2007.06.27 06:11:18.371,1.6502,1.6504,4.00,0.70
2007.06.27 06:11:21.188,1.6502,1.6505,8.00,22.40
2007.06.27 06:11:21.296,1.6502,1.6505,10.40,20.00
2007.06.27 06:11:21.379,1.6502,1.6505,48.70,44.70
2007.06.27 06:11:21.458,1.6502,1.65045,54.30,0.50
2007.06.27 06:11:23.184,1.6502,1.6505,55.10,44.70
2007.06.27 06:11:23.234,1.6502,1.6505,55.90,44.70
2007.06.27 06:11:23.261,1.6502,1.6505,56.70,44.70
2007.06.27 06:11:56.285,1.6502,1.6505,56.70,42.30
2007.06.27 06:11:59.371,1.6502,1.65045,56.70,5.60
2007.06.27 06:12:04.506,1.6502,1.6505,56.70,42.30
2007.06.27 06:12:05.771,1.6502,1.65055,56.70,47.90
2007.06.27 06:12:07.356,1.6502,1.6505,56.70,42.30
2007.06.27 06:12:14.113,1.6502,1.6505,55.90,42.30
2007.06.27 06:12:14.302,1.6502,1.65045,55.10,0.90
2007.06.27 06:12:14.361,1.6502,1.65045,54.30,0.80
2007.06.27 06:12:14.685,1.6502,1.65045,54.30,7.20
2007.06.27 06:12:14.770,1.6502,1.6504,50.30,0.70
2007.06.27 06:12:15.367,1.6502,1.65045,42.30,15.20
2007.06.27 06:12:15.381,1.6502,1.6504,36.70,0.60
2007.06.27 06:12:16.152,1.6502,1.6504,36.70,0.70
2007.06.27 06:12:16.222,1.6502,1.6505,27.10,29.60
2007.06.27 06:12:16.448,1.6502,1.6505,8.80,32.80
2007.06.27 06:12:16.638,1.6502,1.6505,6.40,32.80
2007.06.27 06:12:16.752,1.6502,1.6504,6.40,19.20
2007.06.27 06:12:16.861,1.6502,1.6504,4.00,19.20
2007.06.27 06:12:17.000,1.6502,1.6504,4.00,13.60
2007.06.27 06:12:17.062,1.6502,1.6504,4.00,16.00
2007.06.27 06:12:17.184,1.6502,1.6504,5.60,16.00
2007.06.27 06:12:17.197,1.6502,1.6504,5.60,15.20
2007.06.27 06:12:17.260,1.6502,1.65045,5.60,24.80
2007.06.27 06:12:17.304,1.6502,1.65035,5.60,2.40
2007.06.27 06:12:17.690,1.6502,1.65035,8.00,3.20
2007.06.27 06:12:17.801,1.6502,1.6504,8.00,0.50
2007.06.27 06:12:18.282,1.6502,1.6504,8.00,0.90
2007.06.27 06:12:18.367,1.6502,1.65045,8.80,15.20
2007.06.27 06:12:18.451,1.6502,1.65045,31.10,17.60
2007.06.27 06:12:18.753,1.6503,1.65045,4.00,17.60
2007.06.27 06:12:18.763,1.6503,1.6504,4.00,0.60
2007.06.27 06:12:19.538,1.6503,1.65055,4.00,19.20
2007.06.27 06:12:19.773,1.65025,1.6505,7.20,0.90
2007.06.27 06:12:19.861,1.65025,1.6505,0.80,17.60
2007.06.27 06:12:19.885,1.6502,1.6505,16.80,20.00
2007.06.27 06:12:20.319,1.6502,1.6505,47.90,22.40
2007.06.27 06:12:20.415,1.6502,1.65045,21.60,0.70
2007.06.27 06:12:20.708,1.6503,1.6505,5.60,20.80
2007.06.27 06:12:20.797,1.6503,1.65045,33.50,0.80
2007.06.27 06:12:20.899,1.6503,1.65055,39.10,22.40
2007.06.27 06:12:21.231,1.6503,1.65055,33.50,24.00
2007.06.27 06:12:21.245,1.6503,1.6505,13.60,0.80
2007.06.27 06:12:21.424,1.6503,1.6505,8.00,0.60
2007.06.27 06:12:21.440,1.65025,1.6505,5.60,0.50
2007.06.27 06:12:29.742,1.6503,1.65055,5.60,25.60
2007.06.27 06:12:29.911,1.6503,1.6505,11.20,0.60
2007.06.27 06:12:30.190,1.6503,1.65055,19.20,17.60
2007.06.27 06:12:32.425,1.6503,1.6505,39.10,0.80
2007.06.27 06:12:32.747,1.6503,1.6505,11.20,0.90
2007.06.27 06:12:32.792,1.6503,1.6505,5.60,0.80
2007.06.27 06:12:33.362,1.6503,1.6505,5.60,0.80
2007.06.27 06:12:33.454,1.6503,1.65055,6.40,20.00
2007.06.27 06:12:33.475,1.6503,1.65055,8.90,20.00
2007.06.27 06:12:33.569,1.6504,1.6505,1.60,0.80
2007.06.27 06:12:33.685,1.6504,1.6505,1.60,0.80
2007.06.27 06:12:33.774,1.6504,1.6505,3.20,0.60
2007.06.27 06:12:33.856,1.6504,1.6505,1.60,6.40
2007.06.27 06:12:33.890,1.6504,1.6505,5.60,4.00
2007.06.27 06:12:33.988,1.6504,1.6505,5.60,1.60
2007.06.27 06:12:34.433,1.6504,1.6506,5.60,14.40
2007.06.27 06:12:34.802,1.6504,1.65055,5.60,0.80
2007.06.27 06:12:34.962,1.6504,1.65055,5.60,1.60
2007.06.27 06:12:37.183,1.6504,1.65055,9.60,0.80
2007.06.27 06:12:37.199,1.6504,1.6506,9.60,12.00
2007.06.27 06:12:37.207,1.6504,1.6506,11.20,12.00
2007.06.27 06:12:37.456,1.6504,1.6506,12.00,12.00
2007.06.27 06:12:37.674,1.6504,1.6506,9.60,16.00
2007.06.27 06:12:37.696,1.6504,1.65055,8.80,0.80
2007.06.27 06:12:37.704,1.6504,1.65055,7.20,0.80
2007.06.27 06:12:37.773,1.6504,1.65055,7.20,1.60
2007.06.27 06:12:38.018,1.6504,1.65055,5.60,1.60
2007.06.27 06:12:38.181,1.6504,1.65055,5.60,0.80
2007.06.27 06:12:38.217,1.6504,1.6506,5.60,10.40
2007.06.27 06:12:38.218,1.6504,1.6506,27.90,18.40
2007.06.27 06:12:38.299,1.6504,1.6506,27.90,14.40
2007.06.27 06:12:38.627,1.6504,1.6506,10.40,1.60
2007.06.27 06:12:38.734,1.6505,1.65065,5.60,1.60
2007.06.27 06:12:38.888,1.6505,1.65065,1.50,1.60
2007.06.27 06:12:44.371,1.6505,1.65065,4.40,0.80
2007.06.27 06:12:44.458,1.65045,1.65065,16.80,0.80
2007.06.27 06:12:44.467,1.65045,1.65065,18.40,0.80
2007.06.27 06:12:44.506,1.6505,1.6507,4.80,5.60
2007.06.27 06:12:44.651,1.65045,1.6507,17.60,5.60
2007.06.27 06:12:44.675,1.6505,1.65065,0.60,0.80
2007.06.27 06:12:44.802,1.65045,1.6506,13.60,1.60
2007.06.27 06:12:44.888,1.65045,1.6506,12.00,1.60
2007.06.27 06:12:44.903,1.6505,1.6506,2.00,1.60
2007.06.27 06:12:45.207,1.65045,1.65065,7.20,1.60
2007.06.27 06:12:45.309,1.6505,1.6506,1.30,1.60
2007.06.27 06:12:45.707,1.65045,1.65065,7.20,1.60
2007.06.27 06:12:46.231,1.6505,1.6506,3.10,1.60
2007.06.27 06:12:47.673,1.6505,1.6506,1.80,1.60
2007.06.27 06:12:48.188,1.65045,1.6506,7.20,1.60
2007.06.27 06:12:51.158,1.6505,1.65065,2.90,1.60
2007.06.27 06:12:59.709,1.6504,1.6506,18.40,2.40
2007.06.27 06:12:59.736,1.6504,1.6506,8.00,4.80
2007.06.27 06:12:59.819,1.6504,1.65055,7.20,0.80
2007.06.27 06:12:59.920,1.6503,1.65055,44.70,1.60
2007.06.27 06:13:00.182,1.6503,1.65055,44.70,1.60
2007.06.27 06:13:00.444,1.6503,1.65055,12.10,1.60
2007.06.27 06:13:00.462,1.6503,1.65055,24.00,1.60
2007.06.27 06:13:04.705,1.65035,1.6505,0.50,1.60
2007.06.27 06:13:04.842,1.65025,1.6505,28.80,1.60
2007.06.27 06:13:05.101,1.65025,1.6505,24.00,1.60
2007.06.27 06:13:05.121,1.6503,1.6505,4.10,1.60
2007.06.27 06:13:05.224,1.6503,1.6505,0.50,4.00
2007.06.27 06:13:05.323,1.65025,1.6505,20.00,6.40
2007.06.27 06:13:05.643,1.6502,1.6505,51.90,4.00
2007.06.27 06:13:05.728,1.6504,1.6505,2.20,2.40
2007.06.27 06:13:06.270,1.6502,1.6505,66.80,4.00
2007.06.27 06:13:06.374,1.65025,1.6505,22.40,1.60
2007.06.27 06:13:06.701,1.6504,1.65055,1.60,1.60
2007.06.27 06:13:06.888,1.6504,1.65055,5.60,1.60
2007.06.27 06:13:06.994,1.6504,1.65055,5.60,0.80
2007.06.27 06:13:07.004,1.6504,1.6506,5.60,20.00
2007.06.27 06:13:08.485,1.6504,1.6506,5.60,16.00
2007.06.27 06:13:08.626,1.6504,1.6506,4.00,16.00
2007.06.27 06:13:08.751,1.6504,1.65055,4.00,0.80
2007.06.27 06:13:09.033,1.6504,1.65055,4.00,1.60
2007.06.27 06:13:09.148,1.6504,1.65055,5.60,1.60
2007.06.27 06:13:09.259,1.6504,1.65055,5.60,0.80
2007.06.27 06:13:09.333,1.6504,1.6506,5.60,16.00
2007.06.27 06:13:12.757,1.65035,1.65055,5.60,0.80
2007.06.27 06:13:12.931,1.6503,1.65055,24.00,1.60
2007.06.27 06:13:13.058,1.6503,1.65055,23.20,1.60
2007.06.27 06:13:13.142,1.6504,1.65055,1.60,1.60
2007.06.27 06:13:13.267,1.6504,1.6505,4.00,2.40
2007.06.27 06:13:13.672,1.6504,1.6505,5.60,2.40
2007.06.27 06:13:13.873,1.6504,1.6506,5.60,16.00
2007.06.27 06:13:14.278,1.6504,1.6506,5.60,24.00
2007.06.27 06:13:14.285,1.65035,1.6505,5.60,1.60
2007.06.27 06:13:14.612,1.6503,1.6505,22.40,1.60
2007.06.27 06:13:14.696,1.6503,1.6505,19.20,4.00
2007.06.27 06:13:21.632,1.6503,1.6505,20.80,4.00
2007.06.27 06:13:21.695,1.6503,1.6505,21.60,1.60
2007.06.27 06:13:22.204,1.6503,1.6505,24.00,1.60
2007.06.27 06:13:46.604,1.6503,1.6505,23.20,1.60
2007.06.27 06:13:46.633,1.6503,1.6505,21.60,1.60
2007.06.27 06:13:46.716,1.6503,1.6505,19.20,4.00
2007.06.27 06:13:46.824,1.6503,1.6505,19.20,6.40
2007.06.27 06:13:47.619,1.6503,1.6505,11.20,8.80
2007.06.27 06:13:47.729,1.6503,1.6505,5.60,14.40
2007.06.27 06:13:54.991,1.6503,1.65055,5.60,20.00
2007.06.27 06:13:57.016,1.6503,1.65055,5.60,17.60
2007.06.27 06:13:57.419,1.6503,1.6505,5.60,0.80
2007.06.27 06:14:03.772,1.6503,1.65055,6.40,20.00
2007.06.27 06:14:03.820,1.6503,1.6505,7.20,0.90
2007.06.27 06:14:03.912,1.6503,1.65055,8.00,20.00
2007.06.27 06:14:04.386,1.6503,1.65055,8.00,17.60
2007.06.27 06:14:06.163,1.6503,1.65055,4.00,17.60
2007.06.27 06:14:09.243,1.6503,1.6505,3.20,17.60
2007.06.27 06:14:09.253,1.6503,1.6505,2.40,25.60
2007.06.27 06:14:09.401,1.6503,1.6504,1.60,0.70
2007.06.27 06:14:13.673,1.6503,1.65045,4.00,0.80
2007.06.27 06:14:13.770,1.6503,1.65045,14.40,0.80
2007.06.27 06:14:13.786,1.6503,1.6505,14.40,0.60
2007.06.27 06:14:14.303,1.6503,1.65055,14.40,35.10
2007.06.27 06:14:14.529,1.6503,1.65055,14.40,35.10
2007.06.27 06:14:14.755,1.6503,1.6505,14.40,0.80
2007.06.27 06:14:15.266,1.6503,1.6505,14.40,0.90
2007.06.27 06:14:15.394,1.6503,1.6505,14.40,0.80
2007.06.27 06:14:15.877,1.6503,1.65055,14.40,43.10
2007.06.27 06:14:16.344,1.6503,1.65055,14.40,43.10
2007.06.27 06:14:16.470,1.6503,1.6505,14.40,0.60
2007.06.27 06:14:38.369,1.6503,1.6505,12.00,5.60
2007.06.27 06:14:38.474,1.6503,1.6505,22.40,5.60
2007.06.27 06:14:38.602,1.6503,1.6505,28.00,5.60
2007.06.27 06:14:40.291,1.6503,1.6505,17.60,5.60
2007.06.27 06:14:42.093,1.6503,1.65055,17.60,12.80
2007.06.27 06:14:43.149,1.6503,1.65055,9.60,15.20
2007.06.27 06:14:43.191,1.6503,1.6505,7.20,0.90
2007.06.27 06:14:43.213,1.6503,1.65055,1.60,17.60
2007.06.27 06:14:43.278,1.6503,1.65055,1.60,18.40
2007.06.27 06:14:51.687,1.6503,1.65055,2.40,22.40
2007.06.27 06:14:51.746,1.6503,1.65055,4.00,22.40
2007.06.27 06:14:59.143,1.6504,1.6505,1.60,0.80
2007.06.27 06:14:59.287,1.6504,1.6505,1.60,0.50
2007.06.27 06:14:59.308,1.6504,1.65055,1.60,16.80
2007.06.27 06:14:59.385,1.6504,1.65055,1.60,7.20
2007.06.27 06:15:05.235,1.65035,1.65055,7.20,7.20
2007.06.27 06:15:09.203,1.65035,1.65055,0.80,12.80
2007.06.27 06:15:09.247,1.6503,1.6504,19.20,0.50
2007.06.27 06:15:09.333,1.6503,1.6504,7.20,4.00
2007.06.27 06:15:09.664,1.6503,1.6504,4.80,4.00
2007.06.27 06:15:09.758,1.6503,1.6504,4.80,5.60
2007.06.27 06:15:10.137,1.6503,1.6504,3.20,5.60
2007.06.27 06:15:10.185,1.6503,1.6504,2.40,5.60
2007.06.27 06:15:10.236,1.6503,1.6504,1.60,5.60
2007.06.27 06:15:11.709,1.65025,1.6504,0.80,8.00
2007.06.27 06:15:11.803,1.6502,1.6504,16.00,8.00
2007.06.27 06:15:11.837,1.6502,1.6504,28.80,30.30
2007.06.27 06:15:12.334,1.6502,1.6504,28.00,30.30
2007.06.27 06:15:13.195,1.6502,1.6503,28.00,4.00
2007.06.27 06:15:13.276,1.6502,1.6503,7.20,4.00
2007.06.27 06:15:13.348,1.6502,1.6503,1.60,4.00
2007.06.27 06:15:14.119,1.6502,1.6503,4.00,4.00
2007.06.27 06:15:14.227,1.6502,1.6503,4.00,5.60
2007.06.27 06:15:15.782,1.65015,1.6502,0.80,4.00
2007.06.27 06:15:15.806,1.6501,1.6502,10.40,4.00
2007.06.27 06:15:15.824,1.65015,1.6502,0.80,4.00
2007.06.27 06:15:15.926,1.6501,1.6502,4.80,4.00
2007.06.27 06:15:16.288,1.6501,1.6502,4.00,4.00
2007.06.27 06:15:16.983,1.6501,1.6502,3.20,4.00
2007.06.27 06:15:17.001,1.6501,1.6502,2.40,4.00
2007.06.27 06:15:17.020,1.6501,1.6502,1.60,4.00
2007.06.27 06:15:17.612,1.6501,1.6502,4.00,4.00
2007.06.27 06:15:17.720,1.6501,1.65025,4.00,0.80
2007.06.27 06:15:17.735,1.6501,1.6503,4.00,20.00
2007.06.27 06:15:17.830,1.6501,1.6503,4.00,17.60
2007.06.27 06:15:18.008,1.6501,1.6503,4.00,20.00
2007.06.27 06:15:18.113,1.6501,1.6503,14.40,55.90
2007.06.27 06:15:18.126,1.6501,1.6503,12.00,58.30
2007.06.27 06:15:18.232,1.65005,1.6503,6.40,58.30
2007.06.27 06:15:18.257,1.65005,1.6503,5.60,52.70
2007.06.27 06:15:18.329,1.65005,1.6503,5.60,40.70
2007.06.27 06:15:18.636,1.65005,1.6502,5.60,2.40
2007.06.27 06:15:18.780,1.65,1.6502,14.40,8.00
2007.06.27 06:15:18.850,1.65,1.6502,6.40,8.00
2007.06.27 06:15:18.878,1.65,1.6501,4.00,4.00
2007.06.27 06:15:19.134,1.65,1.6501,3.20,4.00
2007.06.27 06:15:19.173,1.65,1.6501,2.40,4.00
2007.06.27 06:15:19.280,1.65,1.6501,1.60,4.00
2007.06.27 06:15:20.720,1.65,1.65015,4.00,0.80
2007.06.27 06:15:20.860,1.65005,1.6502,5.60,12.00
2007.06.27 06:15:21.009,1.65005,1.6502,5.60,4.00
2007.06.27 06:15:21.364,1.65005,1.6503,5.60,47.90
2007.06.27 06:15:23.702,1.65005,1.6502,5.60,4.00
2007.06.27 06:15:23.918,1.65,1.6502,17.60,4.00
2007.06.27 06:15:24.192,1.65,1.6502,18.40,4.00
2007.06.27 06:15:24.216,1.65,1.6502,19.20,4.00
2007.06.27 06:15:24.247,1.65,1.6502,20.00,4.00
2007.06.27 06:15:26.682,1.6501,1.6502,1.60,4.00
2007.06.27 06:15:27.211,1.6501,1.65025,1.60,7.20
2007.06.27 06:15:27.313,1.6501,1.65025,1.60,6.40
2007.06.27 06:15:27.334,1.6501,1.6503,7.20,16.00
2007.06.27 06:15:27.380,1.6501,1.6503,25.60,30.30
2007.06.27 06:15:27.669,1.6501,1.6503,17.60,34.30
2007.06.27 06:15:27.701,1.6501,1.6503,16.00,34.30
2007.06.27 06:15:27.787,1.6501,1.6503,5.60,16.00
2007.06.27 06:15:27.860,1.65005,1.6503,5.60,21.60
2007.06.27 06:15:27.911,1.65005,1.6503,5.60,24.00
2007.06.27 06:15:28.115,1.65005,1.6502,5.60,2.40
2007.06.27 06:15:28.234,1.65005,1.6501,5.60,4.00
2007.06.27 06:15:28.346,1.65,1.6501,1.60,4.00
2007.06.27 06:15:29.664,1.65,1.6501,4.00,4.00
2007.06.27 06:15:29.756,1.65,1.6502,8.00,16.00
2007.06.27 06:15:29.856,1.65,1.6502,16.00,8.00
2007.06.27 06:15:29.867,1.65,1.6502,18.40,8.00
2007.06.27 06:15:29.929,1.65005,1.6502,5.60,2.40
2007.06.27 06:15:30.250,1.6501,1.6502,1.60,2.40
2007.06.27 06:15:30.296,1.6501,1.6503,12.00,30.30
2007.06.27 06:15:31.241,1.6501,1.6503,17.60,30.30
2007.06.27 06:15:31.610,1.6501,1.6503,25.60,30.30
2007.06.27 06:15:33.177,1.6501,1.6503,16.00,30.30
2007.06.27 06:15:33.257,1.6501,1.6503,10.40,30.30
2007.06.27 06:15:33.271,1.6501,1.6503,10.40,34.30
2007.06.27 06:15:33.373,1.6501,1.6503,2.40,34.30
2007.06.27 06:15:34.352,1.65005,1.6503,5.60,34.30
2007.06.27 06:15:35.754,1.65005,1.6503,2.10,34.30
2007.06.27 06:15:40.200,1.65,1.6502,46.30,4.00
2007.06.27 06:15:40.458,1.64995,1.6502,19.20,4.00
2007.06.27 06:15:41.933,1.64995,1.6502,29.60,4.00
2007.06.27 06:15:42.233,1.65,1.6501,0.90,4.00
2007.06.27 06:15:42.267,1.64995,1.6501,27.20,4.00
2007.06.27 06:15:42.469,1.64995,1.6501,8.80,4.00
2007.06.27 06:15:45.146,1.65,1.6501,0.80,4.00
2007.06.27 06:15:45.246,1.64995,1.6502,11.20,20.00
2007.06.27 06:15:45.343,1.64995,1.6502,13.60,17.60
2007.06.27 06:15:45.357,1.65,1.6502,12.00,12.00
2007.06.27 06:15:45.455,1.65,1.6503,20.00,14.40
2007.06.27 06:15:45.558,1.65,1.6503,20.00,16.00
2007.06.27 06:15:46.129,1.65005,1.6503,2.90,47.90
2007.06.27 06:15:47.155,1.65005,1.6502,2.20,2.40
2007.06.27 06:15:47.207,1.65005,1.6501,3.00,4.00
2007.06.27 06:15:47.427,1.65,1.6501,0.80,4.00
2007.06.27 06:15:47.474,1.64995,1.6501,12.00,4.00
2007.06.27 06:15:47.612,1.64995,1.6501,12.80,4.00
2007.06.27 06:15:47.784,1.64995,1.6501,12.00,4.00
2007.06.27 06:15:47.828,1.64995,1.6501,11.20,4.00
2007.06.27 06:15:50.160,1.64995,1.6501,13.60,4.00
2007.06.27 06:15:50.223,1.6501,1.6502,1.20,8.00
2007.06.27 06:15:50.328,1.65005,1.6502,13.60,8.00
2007.06.27 06:15:50.439,1.65005,1.6502,13.60,5.60
2007.06.27 06:15:50.574,1.6501,1.6503,6.20,21.60
2007.06.27 06:15:53.209,1.6501,1.6503,13.60,20.00
2007.06.27 06:15:53.342,1.6501,1.6503,11.20,12.00
2007.06.27 06:15:53.903,1.6501,1.6503,16.80,6.40
2007.06.27 06:15:54.228,1.65005,1.6503,16.80,8.00
2007.06.27 06:15:54.375,1.65005,1.6503,19.20,38.30
2007.06.27 06:15:54.428,1.65005,1.6503,19.20,43.90
2007.06.27 06:15:57.216,1.6502,1.6503,0.50,42.30
2007.06.27 06:15:57.277,1.6502,1.6503,1.20,12.00
2007.06.27 06:15:57.766,1.6501,1.6503,19.20,6.40
2007.06.27 06:15:59.172,1.6501,1.6503,5.10,8.00
2007.06.27 06:15:59.220,1.6501,1.6503,3.00,8.00
2007.06.27 06:15:59.338,1.6501,1.6503,5.30,30.30
2007.06.27 06:15:59.437,1.6501,1.6503,5.40,43.90
2007.06.27 06:16:00.388,1.65005,1.6503,19.20,21.60
2007.06.27 06:16:02.345,1.65005,1.6503,19.20,43.90
2007.06.27 06:16:03.253,1.6501,1.6503,12.00,42.30
2007.06.27 06:16:03.313,1.6501,1.6503,12.00,34.30
2007.06.27 06:16:03.362,1.6501,1.6503,12.00,28.70
2007.06.27 06:16:03.492,1.6501,1.6503,12.00,20.70
2007.06.27 06:16:05.178,1.6501,1.6503,12.00,22.30
2007.06.27 06:16:05.256,1.6501,1.6503,12.00,30.30
2007.06.27 06:16:05.361,1.6501,1.6503,12.00,38.30
2007.06.27 06:16:05.424,1.6501,1.6503,12.00,43.90
2007.06.27 06:16:07.957,1.65005,1.6503,19.20,43.90
2007.06.27 06:16:10.226,1.65005,1.6503,19.20,42.30
2007.06.27 06:16:10.281,1.6501,1.6503,1.30,34.30
2007.06.27 06:16:15.266,1.65005,1.6503,19.20,26.30
2007.06.27 06:16:15.299,1.65005,1.6503,19.20,20.70
2007.06.27 06:16:16.460,1.65005,1.6503,19.20,22.30
2007.06.27 06:16:16.774,1.6501,1.6503,5.00,30.30
2007.06.27 06:16:19.665,1.65005,1.6503,19.20,35.90
2007.06.27 06:16:19.781,1.65005,1.6503,19.20,43.90
2007.06.27 06:16:20.758,1.65005,1.6503,8.80,21.60
2007.06.27 06:16:20.864,1.65005,1.6503,1.40,21.60
2007.06.27 06:16:21.642,1.6501,1.6503,0.80,13.60
2007.06.27 06:16:21.678,1.65005,1.6503,12.00,11.20
2007.06.27 06:16:21.723,1.65005,1.6503,12.00,5.60
2007.06.27 06:16:22.176,1.6501,1.6503,5.00,5.60
2007.06.27 06:16:22.197,1.65015,1.6503,2.40,5.60
2007.06.27 06:16:23.234,1.6502,1.6503,1.20,4.00
2007.06.27 06:16:23.739,1.65015,1.6503,3.20,5.60
2007.06.27 06:16:24.249,1.65015,1.6503,0.60,5.60
2007.06.27 06:16:24.676,1.65015,1.6503,3.20,4.00
2007.06.27 06:16:25.711,1.65015,1.6503,3.20,5.60
2007.06.27 06:16:44.193,1.6502,1.65035,4.00,6.40
2007.06.27 06:16:44.341,1.6502,1.65035,34.30,6.40
2007.06.27 06:16:44.383,1.6502,1.65045,39.90,5.60
2007.06.27 06:16:44.899,1.6502,1.6505,39.90,54.30
2007.06.27 06:16:50.648,1.65025,1.6505,5.60,54.30
2007.06.27 06:16:52.464,1.6502,1.6505,39.90,54.30
2007.06.27 06:16:54.119,1.6502,1.6504,37.50,2.40
2007.06.27 06:16:54.177,1.6502,1.6504,15.20,2.40
2007.06.27 06:16:54.215,1.6502,1.6504,13.60,8.00
2007.06.27 06:16:54.235,1.6502,1.6504,8.00,13.60
2007.06.27 06:16:54.307,1.65015,1.6504,5.60,47.90
2007.06.27 06:16:57.181,1.65025,1.6504,0.80,45.50
2007.06.27 06:16:57.246,1.65025,1.6504,0.80,11.20
2007.06.27 06:16:57.350,1.65025,1.6504,1.60,5.60
2007.06.27 06:16:58.632,1.65025,1.6504,1.60,8.00
2007.06.27 06:16:58.669,1.65025,1.6504,1.60,10.40
2007.06.27 06:16:58.733,1.65025,1.6503,0.80,5.60
2007.06.27 06:16:58.935,1.6502,1.6503,3.20,5.60
2007.06.27 06:16:59.327,1.6502,1.6503,1.60,5.60
2007.06.27 06:17:00.208,1.6502,1.6503,4.00,1.60
2007.06.27 06:17:00.238,1.6502,1.6503,9.60,1.60
2007.06.27 06:17:00.348,1.6502,1.6503,10.40,1.60
2007.06.27 06:17:00.645,1.6502,1.6503,12.80,1.60
2007.06.27 06:17:00.711,1.65025,1.6503,0.80,1.60
2007.06.27 06:17:00.728,1.65025,1.6504,1.60,5.60
2007.06.27 06:17:03.272,1.65025,1.6504,1.60,27.90
2007.06.27 06:17:03.291,1.65025,1.6504,0.80,27.90
2007.06.27 06:17:03.319,1.6502,1.6504,15.20,27.90
2007.06.27 06:17:03.402,1.6502,1.6504,14.40,27.90
2007.06.27 06:17:04.111,1.6502,1.6504,12.00,30.30
2007.06.27 06:17:05.136,1.6502,1.6504,14.40,27.90
2007.06.27 06:17:05.254,1.65025,1.6504,0.80,5.60
2007.06.27 06:17:05.388,1.65025,1.6504,1.60,5.60
2007.06.27 06:17:10.190,1.65025,1.6504,0.50,5.60
2007.06.27 06:17:11.087,1.6503,1.6504,1.10,5.60
2007.06.27 06:17:11.254,1.6503,1.6504,1.10,5.60
2007.06.27 06:17:11.308,1.6503,1.6504,1.20,1.60
2007.06.27 06:17:11.777,1.65025,1.6504,9.60,1.60
2007.06.27 06:17:11.835,1.65025,1.6504,11.20,1.60
2007.06.27 06:17:11.853,1.6503,1.6504,1.10,5.60
2007.06.27 06:17:12.285,1.6503,1.6504,0.50,5.60
2007.06.27 06:17:12.670,1.6503,1.6504,2.00,4.00
2007.06.27 06:17:32.999,1.6503,1.6504,1.60,4.00
2007.06.27 06:17:33.191,1.65025,1.6504,7.30,4.00
2007.06.27 06:17:33.300,1.6503,1.65045,10.50,0.80
2007.06.27 06:17:33.306,1.6504,1.6505,0.50,5.60
2007.06.27 06:17:36.184,1.6503,1.6505,19.30,5.60
2007.06.27 06:17:36.217,1.65025,1.6505,20.10,5.60
2007.06.27 06:17:36.370,1.65025,1.6505,21.70,27.90
2007.06.27 06:17:36.478,1.65025,1.6505,21.70,27.90
2007.06.27 06:17:36.597,1.6503,1.6505,5.20,27.90
2007.06.27 06:17:36.691,1.65025,1.6505,8.90,8.00
2007.06.27 06:17:36.711,1.65025,1.6504,8.90,4.00
2007.06.27 06:17:47.203,1.6503,1.6504,1.70,5.60
2007.06.27 06:17:47.733,1.6503,1.6504,1.70,4.00
2007.06.27 06:17:51.147,1.6503,1.6504,2.50,4.00
2007.06.27 06:17:51.226,1.6503,1.6504,3.30,4.00
2007.06.27 06:17:51.275,1.6503,1.6504,4.10,4.00
2007.06.27 06:17:51.852,1.6503,1.6504,3.30,4.00
2007.06.27 06:17:51.872,1.6503,1.6504,2.50,4.00
2007.06.27 06:17:52.062,1.6503,1.6504,1.70,4.00
2007.06.27 06:17:52.274,1.6503,1.6504,1.70,5.60
2007.06.27 06:17:52.696,1.6503,1.6504,1.70,4.00
2007.06.27 06:17:54.315,1.6503,1.6504,2.50,4.00
2007.06.27 06:17:54.376,1.6503,1.6504,3.30,4.00
2007.06.27 06:17:54.540,1.6503,1.6504,4.10,4.00
2007.06.27 06:17:55.345,1.6503,1.6504,3.30,4.00
2007.06.27 06:17:55.388,1.6503,1.6504,2.50,4.00
2007.06.27 06:17:55.449,1.6503,1.6504,1.70,4.00
2007.06.27 06:17:56.129,1.6503,1.6504,4.10,4.00
2007.06.27 06:17:56.218,1.6503,1.65045,2.50,0.80
2007.06.27 06:17:56.304,1.6503,1.65045,4.90,0.80
2007.06.27 06:17:56.340,1.6503,1.6505,4.90,39.10
2007.06.27 06:17:56.433,1.6503,1.6505,12.90,33.50
2007.06.27 06:17:56.506,1.6503,1.6505,4.90,27.90
2007.06.27 06:17:57.519,1.6503,1.6505,14.50,27.90
2007.06.27 06:17:57.851,1.6503,1.6505,12.10,5.60
2007.06.27 06:17:57.871,1.6503,1.6505,17.70,5.60
2007.06.27 06:17:59.112,1.6503,1.6505,15.30,8.00
2007.06.27 06:17:59.191,1.6503,1.6505,7.30,10.40
2007.06.27 06:17:59.223,1.6503,1.6505,7.30,11.20
2007.06.27 06:17:59.407,1.6503,1.6505,1.70,16.80
2007.06.27 06:17:59.434,1.6503,1.6505,1.70,17.60
2007.06.27 06:17:59.651,1.6503,1.6505,4.10,16.80
2007.06.27 06:17:59.737,1.6503,1.6505,4.10,14.40
2007.06.27 06:17:59.918,1.6503,1.6505,9.70,8.80
2007.06.27 06:18:00.216,1.6503,1.6505,17.70,6.40
2007.06.27 06:18:00.325,1.6503,1.6505,17.70,5.60
2007.06.27 06:18:00.661,1.6503,1.6505,17.70,4.00
2007.06.27 06:18:01.207,1.6504,1.6505,0.80,4.00
2007.06.27 06:18:01.312,1.6504,1.6505,1.60,4.00
2007.06.27 06:18:01.410,1.6504,1.6505,4.00,4.00
2007.06.27 06:18:03.539,1.6504,1.6505,2.30,4.00
2007.06.27 06:18:08.201,1.6504,1.6506,4.00,12.00
2007.06.27 06:18:08.269,1.6504,1.6506,15.20,31.90
2007.06.27 06:18:08.301,1.6504,1.6506,16.00,29.50
2007.06.27 06:18:08.360,1.6504,1.6506,16.00,28.70
2007.06.27 06:18:08.442,1.6504,1.6506,13.60,6.40
2007.06.27 06:18:08.519,1.65045,1.6506,5.60,6.40
2007.06.27 06:18:09.639,1.65045,1.6506,5.60,8.80
2007.06.27 06:18:09.796,1.6504,1.6506,5.60,8.80
2007.06.27 06:18:10.194,1.6504,1.6506,5.60,9.60
2007.06.27 06:18:10.253,1.6504,1.6506,4.80,9.60
2007.06.27 06:18:10.264,1.6504,1.6506,4.00,9.60
2007.06.27 06:18:10.293,1.6504,1.6506,4.00,10.40
2007.06.27 06:18:10.367,1.6504,1.6506,4.00,11.20
2007.06.27 06:18:11.196,1.6504,1.6506,4.80,11.20
2007.06.27 06:18:11.398,1.6504,1.6506,5.60,11.20
2007.06.27 06:18:12.718,1.6504,1.6506,4.80,11.20
2007.06.27 06:18:12.818,1.6504,1.6506,4.00,11.20
2007.06.27 06:18:13.142,1.6504,1.6505,4.00,1.60
2007.06.27 06:18:13.152,1.6504,1.6505,3.20,1.60
2007.06.27 06:18:13.167,1.6504,1.6505,2.40,1.60
2007.06.27 06:18:13.232,1.65035,1.6505,7.20,5.60
2007.06.27 06:18:13.342,1.65035,1.6505,6.40,5.60
2007.06.27 06:18:13.421,1.6503,1.6505,17.70,5.60
2007.06.27 06:18:13.700,1.65035,1.6505,5.60,5.60
2007.06.27 06:18:14.208,1.6503,1.6505,17.70,5.60
2007.06.27 06:18:16.131,1.6503,1.6505,17.70,4.00
2007.06.27 06:18:18.346,1.65035,1.6505,5.60,4.00
2007.06.27 06:18:19.239,1.65035,1.6505,5.60,5.60
2007.06.27 06:18:20.162,1.65035,1.6505,5.60,4.00
2007.06.27 06:18:20.437,1.6503,1.6505,20.10,4.00
2007.06.27 06:18:20.491,1.6503,1.6505,19.30,4.00
2007.06.27 06:18:20.669,1.6503,1.6505,18.50,4.00
2007.06.27 06:18:20.677,1.6503,1.6505,17.70,4.00
2007.06.27 06:18:22.215,1.6504,1.6505,5.60,4.00
2007.06.27 06:18:22.233,1.6504,1.6506,5.60,19.20
2007.06.27 06:18:22.325,1.6504,1.6506,13.60,42.30
2007.06.27 06:18:22.382,1.6504,1.6506,13.60,34.30
2007.06.27 06:18:25.172,1.6504,1.6506,5.60,18.40
2007.06.27 06:18:25.203,1.6504,1.6505,5.60,5.60
2007.06.27 06:18:25.370,1.6503,1.6505,17.70,5.60
2007.06.27 06:18:27.992,1.6503,1.6505,18.50,5.60
2007.06.27 06:18:28.063,1.65035,1.6505,5.60,5.60
2007.06.27 06:18:32.376,1.6503,1.6505,12.10,5.60
2007.06.27 06:18:32.419,1.6503,1.6505,26.40,16.00
2007.06.27 06:18:32.604,1.6504,1.6505,0.10,16.00
2007.06.27 06:18:39.930,1.6503,1.6505,26.40,16.00
2007.06.27 06:18:47.363,1.65035,1.6505,0.90,5.60
2007.06.27 06:18:50.274,1.65035,1.6505,1.70,1.60
2007.06.27 06:18:50.879,1.65035,1.6506,7.30,10.40
2007.06.27 06:18:51.192,1.6504,1.6506,0.80,10.40
2007.06.27 06:18:51.343,1.65035,1.6506,19.30,30.30
2007.06.27 06:18:51.707,1.65035,1.6506,17.70,30.30
2007.06.27 06:18:51.735,1.65035,1.6506,9.70,30.30
2007.06.27 06:18:57.672,1.6504,1.6505,1.30,1.60
2007.06.27 06:18:57.681,1.6504,1.6505,0.10,1.60
2007.06.27 06:19:05.209,1.6504,1.6505,0.10,5.60
2007.06.27 06:19:05.319,1.6504,1.6505,0.10,16.00
2007.06.27 06:19:13.659,1.6504,1.6505,1.70,16.00
2007.06.27 06:19:13.696,1.6504,1.6505,1.70,5.60
2007.06.27 06:19:15.733,1.6504,1.6505,0.10,5.60
2007.06.27 06:19:19.892,1.65035,1.6505,1.70,5.60
2007.06.27 06:19:20.145,1.6504,1.6505,0.70,5.60
2007.06.27 06:19:30.190,1.6504,1.6505,0.10,5.60
2007.06.27 06:19:34.631,1.65035,1.6505,0.90,8.00
2007.06.27 06:19:34.660,1.65035,1.6505,0.90,16.00
2007.06.27 06:19:34.740,1.65035,1.6504,0.90,5.60
2007.06.27 06:19:35.018,1.6503,1.65035,2.00,0.80
2007.06.27 06:19:35.189,1.6503,1.65035,1.70,0.80
2007.06.27 06:19:35.248,1.6502,1.6503,19.40,1.60
2007.06.27 06:19:35.358,1.6502,1.65035,18.40,0.80
2007.06.27 06:19:35.378,1.6502,1.65035,17.60,0.80
2007.06.27 06:19:35.426,1.6502,1.65035,8.60,0.80
2007.06.27 06:19:35.455,1.65015,1.6504,29.60,27.90
2007.06.27 06:19:35.702,1.6502,1.6504,4.60,28.70
2007.06.27 06:19:35.747,1.65015,1.6504,21.60,28.70
2007.06.27 06:19:36.163,1.6502,1.6504,4.90,23.10
2007.06.27 06:19:36.175,1.6502,1.6504,0.50,15.10
2007.06.27 06:19:36.196,1.6502,1.6504,7.90,15.10
2007.06.27 06:19:36.247,1.6502,1.6504,7.80,0.80
2007.06.27 06:19:37.169,1.65015,1.6504,17.60,0.80
2007.06.27 06:19:37.197,1.6502,1.6504,16.80,0.80
2007.06.27 06:19:37.225,1.6503,1.6504,1.10,0.80
2007.06.27 06:19:37.706,1.6503,1.6504,3.40,0.80
2007.06.27 06:19:37.750,1.65025,1.6505,8.80,10.40
2007.06.27 06:19:37.792,1.65025,1.6505,27.20,30.30
2007.06.27 06:19:38.118,1.65035,1.6505,0.80,27.90
2007.06.27 06:19:38.255,1.6503,1.6505,12.80,5.60
2007.06.27 06:19:38.282,1.65035,1.6505,0.70,5.60
2007.06.27 06:19:39.751,1.6503,1.6505,20.00,1.60
2007.06.27 06:19:39.862,1.65035,1.6505,5.60,1.60
2007.06.27 06:19:42.184,1.6504,1.6505,0.90,4.00
2007.06.27 06:19:42.282,1.6504,1.6505,2.20,4.00
2007.06.27 06:19:42.692,1.65025,1.6505,20.80,4.00
2007.06.27 06:19:42.798,1.6503,1.6505,1.10,14.40
2007.06.27 06:19:44.626,1.6503,1.6505,5.50,12.00
2007.06.27 06:19:44.737,1.6504,1.6505,0.80,10.40
2007.06.27 06:19:44.785,1.6504,1.65055,1.00,7.20
2007.06.27 06:19:44.799,1.65035,1.65055,8.00,1.60
2007.06.27 06:19:44.843,1.6504,1.65055,2.20,1.60
2007.06.27 06:19:45.168,1.65035,1.6505,12.80,1.60
2007.06.27 06:19:46.742,1.65035,1.65055,7.20,1.60
2007.06.27 06:19:47.257,1.6503,1.65055,28.80,1.60
2007.06.27 06:19:47.457,1.6504,1.65055,0.50,7.20
2007.06.27 06:19:47.679,1.6503,1.6505,48.70,2.40
2007.06.27 06:19:47.751,1.65025,1.6505,46.30,4.80
2007.06.27 06:19:48.228,1.6503,1.6505,39.10,10.40
2007.06.27 06:19:48.279,1.6503,1.6505,39.10,12.80
2007.06.27 06:19:48.333,1.6503,1.6505,27.20,24.70
2007.06.27 06:19:48.379,1.6503,1.65045,27.20,0.80
2007.06.27 06:19:48.496,1.6503,1.65045,27.20,1.60
2007.06.27 06:19:48.539,1.6503,1.65045,5.60,1.60
2007.06.27 06:19:49.309,1.65035,1.65045,0.80,0.80
2007.06.27 06:19:49.497,1.65035,1.6505,1.60,11.20
2007.06.27 06:19:49.600,1.65035,1.6505,1.60,8.80
2007.06.27 06:19:49.629,1.65035,1.6505,1.60,6.40
2007.06.27 06:19:49.715,1.6504,1.6505,5.60,6.40
2007.06.27 06:19:49.757,1.6504,1.6505,5.60,0.80
2007.06.27 06:19:50.245,1.6504,1.65055,5.60,1.60
2007.06.27 06:19:51.248,1.65035,1.65055,0.80,1.60
2007.06.27 06:19:51.320,1.6503,1.65055,21.60,7.20
2007.06.27 06:19:51.391,1.6503,1.6505,43.90,2.40
2007.06.27 06:19:52.794,1.6503,1.6505,41.50,4.80
2007.06.27 06:19:54.019,1.6503,1.6505,41.50,2.40
2007.06.27 06:19:54.139,1.65035,1.6505,0.80,2.40
2007.06.27 06:19:54.183,1.65035,1.65055,0.80,7.20
2007.06.27 06:19:54.222,1.6504,1.65055,5.60,7.20
2007.06.27 06:19:54.333,1.6504,1.6506,11.20,12.00
2007.06.27 06:19:55.371,1.6504,1.6506,5.60,12.00
2007.06.27 06:19:55.465,1.6504,1.6506,27.90,14.40
2007.06.27 06:19:58.194,1.6504,1.6506,33.50,14.40
2007.06.27 06:19:58.418,1.6504,1.6506,41.50,14.40
2007.06.27 06:20:04.727,1.6504,1.6505,41.50,1.60
2007.06.27 06:20:04.775,1.6504,1.6505,11.20,1.60
2007.06.27 06:20:05.044,1.6504,1.6505,5.60,1.60
2007.06.27 06:20:05.161,1.6504,1.65055,5.60,1.60
2007.06.27 06:20:05.673,1.6504,1.6505,5.60,1.60
2007.06.27 06:20:09.319,1.6504,1.6505,8.80,1.60
2007.06.27 06:20:09.469,1.65045,1.6505,0.80,1.60
2007.06.27 06:20:09.479,1.65045,1.6505,1.60,1.60
2007.06.27 06:20:09.673,1.6505,1.6506,4.00,16.00
2007.06.27 06:20:09.714,1.6505,1.6506,4.00,10.40
2007.06.27 06:20:09.761,1.6505,1.6506,4.00,2.40
2007.06.27 06:20:10.254,1.6505,1.6506,4.00,1.60
2007.06.27 06:20:12.663,1.6505,1.6506,4.00,12.00
2007.06.27 06:20:12.701,1.6504,1.6505,14.40,1.60
2007.06.27 06:20:12.781,1.6504,1.6505,8.80,1.60
2007.06.27 06:20:14.309,1.6504,1.6505,5.60,1.60
2007.06.27 06:20:16.204,1.6504,1.6505,0.80,1.60
2007.06.27 06:20:23.785,1.6504,1.6506,1.10,20.80
2007.06.27 06:20:23.983,1.6504,1.6506,2.60,12.80
2007.06.27 06:20:24.316,1.65035,1.6506,34.30,28.80
2007.06.27 06:20:24.420,1.65035,1.6506,34.30,28.00
2007.06.27 06:20:27.179,1.6504,1.6506,0.90,17.60
2007.06.27 06:20:27.220,1.65035,1.6506,12.00,18.40
2007.06.27 06:20:27.268,1.6504,1.6505,2.40,1.60
2007.06.27 06:20:27.701,1.6504,1.6505,1.60,2.40
2007.06.27 06:20:27.740,1.6503,1.65045,29.50,5.60
2007.06.27 06:20:27.815,1.65025,1.65045,2.40,5.60
2007.06.27 06:20:27.913,1.6503,1.6504,0.80,10.40
2007.06.27 06:20:28.311,1.65015,1.6504,43.90,10.40
2007.06.27 06:20:28.727,1.6502,1.6504,51.90,10.40
2007.06.27 06:20:28.764,1.6502,1.65045,29.60,6.40
2007.06.27 06:20:28.831,1.65035,1.6505,2.90,18.40
2007.06.27 06:20:28.885,1.65035,1.6505,1.80,10.40
2007.06.27 06:20:29.237,1.6503,1.6505,9.60,6.40
2007.06.27 06:20:29.246,1.6503,1.6505,33.50,4.00
2007.06.27 06:20:29.352,1.6503,1.6506,35.10,46.30
2007.06.27 06:20:29.671,1.65035,1.6506,1.60,43.90
2007.06.27 06:20:29.682,1.65035,1.6506,8.00,39.90
2007.06.27 06:20:29.898,1.6504,1.6506,1.10,34.30
2007.06.27 06:20:29.972,1.65035,1.6506,16.00,34.30
2007.06.27 06:20:30.119,1.65035,1.6506,27.90,22.40
2007.06.27 06:20:30.132,1.65035,1.6506,34.30,22.40
2007.06.27 06:20:30.234,1.65035,1.6506,35.10,14.40
2007.06.27 06:20:32.678,1.6504,1.6506,12.60,14.40
2007.06.27 06:20:32.794,1.65035,1.65055,15.10,5.60
2007.06.27 06:20:32.859,1.6503,1.65055,14.40,5.60
2007.06.27 06:20:32.877,1.6503,1.65055,1.30,5.60
2007.06.27 06:20:33.235,1.6502,1.65055,59.90,5.60
2007.06.27 06:20:33.343,1.6503,1.65055,5.80,5.60
2007.06.27 06:20:36.735,1.6502,1.6505,24.00,1.60
2007.06.27 06:20:36.901,1.65025,1.6505,13.60,7.20
2007.06.27 06:20:36.998,1.6502,1.6505,54.30,35.10
2007.06.27 06:20:41.204,1.65025,1.6505,2.50,27.10
2007.06.27 06:20:41.246,1.65025,1.6505,2.40,25.50
2007.06.27 06:20:41.344,1.65025,1.6505,9.60,25.50
2007.06.27 06:20:41.461,1.6503,1.6505,5.40,5.60
2007.06.27 06:20:41.515,1.6503,1.65055,2.10,5.60
2007.06.27 06:20:45.191,1.6503,1.65055,21.60,5.60
2007.06.27 06:20:45.214,1.6503,1.65055,24.00,5.60
2007.06.27 06:20:45.327,1.6503,1.65055,39.90,5.60
2007.06.27 06:20:45.436,1.6503,1.6506,39.90,46.30
2007.06.27 06:20:45.570,1.6503,1.6506,47.90,46.30
2007.06.27 06:20:45.711,1.6503,1.6505,47.90,1.60
2007.06.27 06:20:45.744,1.6503,1.6505,21.60,1.60
2007.06.27 06:20:46.030,1.6503,1.6505,43.90,9.60
2007.06.27 06:20:46.215,1.6503,1.6505,43.90,8.00
2007.06.27 06:20:46.260,1.6503,1.65055,47.90,5.60
2007.06.27 06:20:46.423,1.6503,1.6506,47.90,46.30
2007.06.27 06:20:53.364,1.6503,1.65055,47.90,5.60
2007.06.27 06:20:54.403,1.6503,1.6506,47.90,46.30
2007.06.27 06:20:58.245,1.6503,1.65055,47.90,5.60
2007.06.27 06:21:07.283,1.6503,1.65055,49.50,5.60
2007.06.27 06:21:07.678,1.6504,1.65055,5.60,5.60
2007.06.27 06:21:07.706,1.6504,1.6506,5.60,40.70
2007.06.27 06:21:07.726,1.6504,1.6506,5.60,14.40
2007.06.27 06:21:07.784,1.6504,1.6506,5.60,12.00
2007.06.27 06:21:07.823,1.6504,1.6506,27.90,14.40
2007.06.27 06:21:08.270,1.6504,1.6506,27.90,20.00
2007.06.27 06:21:08.355,1.6504,1.6506,27.90,28.00
2007.06.27 06:21:13.615,1.6504,1.65065,27.90,29.60
2007.06.27 06:21:16.123,1.6504,1.65065,30.30,27.20
2007.06.27 06:21:16.170,1.6504,1.65065,10.40,8.80
2007.06.27 06:21:16.240,1.65045,1.65065,6.40,3.20
2007.06.27 06:21:16.250,1.6505,1.65065,4.00,3.20
2007.06.27 06:21:19.768,1.6505,1.6506,4.00,0.90
2007.06.27 06:21:20.279,1.6505,1.6506,4.00,0.70
2007.06.27 06:21:23.141,1.6505,1.65065,4.00,5.60
2007.06.27 06:21:24.170,1.6505,1.6506,4.00,0.50
2007.06.27 06:21:35.548,1.6505,1.6506,4.00,0.60
2007.06.27 06:21:35.668,1.6505,1.65065,4.00,12.80
2007.06.27 06:21:35.748,1.6505,1.6506,4.00,7.20
2007.06.27 06:21:35.876,1.6504,1.6506,20.80,8.00
2007.06.27 06:21:35.926,1.6504,1.6506,12.80,16.00
2007.06.27 06:21:36.154,1.6504,1.6506,7.20,22.40
2007.06.27 06:21:36.170,1.6504,1.6506,7.20,20.80
2007.06.27 06:21:36.275,1.6504,1.65055,7.20,2.40
2007.06.27 06:21:36.437,1.6504,1.65055,4.80,3.20
2007.06.27 06:21:36.531,1.6504,1.6505,4.00,0.80
2007.06.27 06:21:36.675,1.6504,1.65055,5.60,3.20
2007.06.27 06:21:37.199,1.6504,1.6506,5.60,27.20
2007.06.27 06:21:39.204,1.6504,1.65055,5.60,3.20
2007.06.27 06:21:42.714,1.6504,1.65055,5.60,0.80
2007.06.27 06:21:42.861,1.6504,1.6506,5.60,19.20
2007.06.27 06:21:43.014,1.6504,1.6506,5.60,18.40
2007.06.27 06:21:43.084,1.6504,1.6506,5.60,16.80
2007.06.27 06:21:43.109,1.6504,1.6506,5.60,16.00
2007.06.27 06:21:43.267,1.6504,1.6506,27.90,28.00
2007.06.27 06:21:45.381,1.6504,1.6506,27.90,20.00
2007.06.27 06:21:45.439,1.6504,1.6506,27.90,14.40
2007.06.27 06:21:45.675,1.6504,1.6506,27.90,22.40
2007.06.27 06:21:45.699,1.6505,1.6506,1.60,18.40
2007.06.27 06:21:45.777,1.6505,1.6506,1.60,24.00
2007.06.27 06:21:45.804,1.6505,1.6506,4.00,25.60
2007.06.27 06:21:45.912,1.6504,1.6506,30.30,25.60
2007.06.27 06:21:45.942,1.6504,1.6506,16.00,7.20
2007.06.27 06:21:46.022,1.6504,1.6506,30.30,20.00
2007.06.27 06:21:46.111,1.6504,1.6506,30.30,12.00
2007.06.27 06:21:46.286,1.6504,1.6506,31.10,12.00
2007.06.27 06:21:46.326,1.6504,1.6506,31.90,12.00
2007.06.27 06:21:46.425,1.6504,1.6506,32.70,12.00
2007.06.27 06:21:47.268,1.6505,1.6506,6.40,10.40
2007.06.27 06:21:47.275,1.6505,1.6506,6.40,2.40
2007.06.27 06:21:47.345,1.6505,1.6506,8.80,2.40
2007.06.27 06:21:47.380,1.6505,1.6506,4.80,2.40
2007.06.27 06:21:47.504,1.6505,1.6506,4.80,4.80
2007.06.27 06:21:47.674,1.6505,1.65055,8.80,0.80
2007.06.27 06:21:47.780,1.6505,1.6506,10.40,4.00
2007.06.27 06:21:47.896,1.6505,1.6506,5.60,4.00
2007.06.27 06:21:48.411,1.6505,1.6506,5.60,1.60
2007.06.27 06:21:48.709,1.6505,1.65065,5.60,1.60
2007.06.27 06:21:49.422,1.6505,1.65065,5.60,7.20
2007.06.27 06:21:49.738,1.6504,1.6506,16.00,1.60
2007.06.27 06:21:49.755,1.6504,1.6506,30.30,12.00
2007.06.27 06:21:51.178,1.6504,1.6506,27.90,14.40
2007.06.27 06:21:52.187,1.6504,1.6506,30.30,12.00
2007.06.27 06:21:55.204,1.6504,1.6506,27.90,14.40
2007.06.27 06:21:55.779,1.6504,1.6505,27.90,1.60
2007.06.27 06:21:55.793,1.6504,1.6505,5.60,1.60
2007.06.27 06:21:56.754,1.6504,1.65055,6.40,1.60
2007.06.27 06:21:56.767,1.6504,1.65055,6.40,0.80
2007.06.27 06:21:56.881,1.6504,1.6506,6.40,12.80
2007.06.27 06:21:56.909,1.6504,1.6506,6.40,4.80
2007.06.27 06:21:57.047,1.6504,1.6506,20.70,12.80
2007.06.27 06:21:57.084,1.6504,1.6506,20.70,18.40
2007.06.27 06:21:57.301,1.6504,1.6506,22.30,18.40
2007.06.27 06:21:57.365,1.6504,1.6506,22.30,12.80
2007.06.27 06:21:57.501,1.6504,1.6506,30.30,15.20
2007.06.27 06:21:57.599,1.6504,1.6506,30.30,22.40
2007.06.27 06:21:57.867,1.6504,1.6506,30.30,20.00
2007.06.27 06:21:57.902,1.6504,1.6506,35.90,20.00
2007.06.27 06:21:57.958,1.6504,1.6506,35.90,12.00
2007.06.27 06:21:58.261,1.6504,1.6506,43.90,12.00
2007.06.27 06:21:58.405,1.6504,1.6506,38.30,12.00
2007.06.27 06:21:58.526,1.6504,1.6506,30.30,12.00
2007.06.27 06:21:59.515,1.6504,1.6506,30.30,17.60
2007.06.27 06:21:59.579,1.6504,1.6506,30.30,25.60
2007.06.27 06:21:59.759,1.6504,1.6506,30.30,17.60
2007.06.27 06:21:59.777,1.6504,1.6506,30.30,16.00
2007.06.27 06:22:00.075,1.6504,1.6506,35.90,10.40
2007.06.27 06:22:00.161,1.6504,1.65065,21.60,7.20
2007.06.27 06:22:00.212,1.6504,1.65065,22.40,7.20
2007.06.27 06:22:00.320,1.6504,1.65065,23.20,7.20
2007.06.27 06:22:00.352,1.6504,1.65065,24.00,7.20
2007.06.27 06:22:00.719,1.6505,1.65065,5.60,7.20
2007.06.27 06:22:00.782,1.6504,1.65065,29.60,7.20
2007.06.27 06:22:00.880,1.6505,1.65065,1.70,1.60
2007.06.27 06:22:01.143,1.65045,1.65065,12.00,1.60
2007.06.27 06:22:01.189,1.6505,1.65065,0.90,1.60
2007.06.27 06:22:01.233,1.6505,1.65065,8.00,0.80
2007.06.27 06:22:01.291,1.6506,1.65065,0.90,0.80
2007.06.27 06:22:01.349,1.6506,1.65065,0.70,0.80
2007.06.27 06:22:01.442,1.6505,1.6507,16.20,2.40
2007.06.27 06:22:01.723,1.6505,1.6507,13.80,2.40
2007.06.27 06:22:01.891,1.6505,1.65065,13.80,0.80
2007.06.27 06:22:01.925,1.65055,1.6507,4.80,1.60
2007.06.27 06:22:02.409,1.65055,1.6507,7.20,1.60
2007.06.27 06:22:03.043,1.6506,1.6507,3.10,1.60
2007.06.27 06:22:03.159,1.6506,1.6507,2.40,1.60
2007.06.27 06:22:03.267,1.6506,1.65075,1.60,1.60
2007.06.27 06:22:03.360,1.65055,1.65075,2.40,1.60
2007.06.27 06:22:03.399,1.65055,1.65075,2.40,7.20
2007.06.27 06:22:03.668,1.6506,1.6507,0.60,4.00
2007.06.27 06:22:03.764,1.65045,1.6507,19.20,4.00
2007.06.27 06:22:03.816,1.65045,1.6507,33.50,4.00
2007.06.27 06:22:03.902,1.65045,1.6507,11.20,12.00
2007.06.27 06:22:03.936,1.65045,1.6507,7.20,17.60
2007.06.27 06:22:04.292,1.65045,1.6507,11.20,16.00
2007.06.27 06:22:04.528,1.6504,1.6507,51.90,2.40
2007.06.27 06:22:04.708,1.6504,1.6507,52.70,4.00
2007.06.27 06:22:04.717,1.6505,1.6507,3.40,10.40
2007.06.27 06:22:04.808,1.65045,1.6507,29.50,16.00
2007.06.27 06:22:04.818,1.65045,1.6507,25.50,16.00
2007.06.27 06:22:04.841,1.65045,1.6507,25.50,24.00
2007.06.27 06:22:04.974,1.65045,1.6507,2.20,43.90
2007.06.27 06:22:05.845,1.6504,1.65065,12.80,5.60
2007.06.27 06:22:07.209,1.65035,1.65065,51.90,5.60
2007.06.27 06:22:07.472,1.65035,1.65065,27.20,5.60
2007.06.27 06:22:07.799,1.65035,1.65065,49.50,5.60
2007.06.27 06:22:07.823,1.65035,1.6506,49.50,1.60
2007.06.27 06:22:08.036,1.6504,1.6505,4.10,1.60
2007.06.27 06:22:08.205,1.6504,1.6505,10.00,1.60
2007.06.27 06:22:08.239,1.65035,1.6505,20.00,2.40
2007.06.27 06:22:08.362,1.65035,1.6505,12.00,1.60
2007.06.27 06:22:08.432,1.6504,1.6505,4.50,1.60
2007.06.27 06:22:08.535,1.65035,1.6505,12.80,1.60
2007.06.27 06:22:08.601,1.6505,1.65055,0.80,0.80
2007.06.27 06:22:08.751,1.6505,1.65055,1.10,0.80
2007.06.27 06:22:08.852,1.65045,1.65055,11.20,0.80
2007.06.27 06:22:08.959,1.65045,1.65055,12.00,0.80
2007.06.27 06:22:09.031,1.6505,1.6506,1.80,11.20
2007.06.27 06:22:09.156,1.65045,1.65055,12.80,0.80
2007.06.27 06:22:09.245,1.6505,1.65055,3.20,0.80
2007.06.27 06:22:09.419,1.65045,1.6506,15.20,0.80
2007.06.27 06:22:09.501,1.65045,1.6506,36.70,0.80
2007.06.27 06:22:09.630,1.65045,1.6507,36.70,25.60
2007.06.27 06:22:09.746,1.65045,1.6506,35.90,1.60
2007.06.27 06:22:09.878,1.65045,1.6506,13.60,1.60
2007.06.27 06:22:10.282,1.65045,1.6507,9.60,15.20
2007.06.27 06:22:10.673,1.65045,1.6507,37.50,25.60
2007.06.27 06:22:10.880,1.6505,1.6507,6.20,15.20
2007.06.27 06:22:11.089,1.65045,1.6507,15.20,15.20
2007.06.27 06:22:11.415,1.65045,1.6507,37.50,15.20
2007.06.27 06:22:12.439,1.65045,1.6507,37.50,25.60
2007.06.27 06:22:14.833,1.65045,1.6507,37.50,20.00
2007.06.27 06:22:14.853,1.65045,1.6507,45.50,1.60
2007.06.27 06:22:15.382,1.6505,1.6507,12.00,1.60
2007.06.27 06:22:15.395,1.6505,1.6507,14.10,12.00
2007.06.27 06:22:15.598,1.6505,1.6507,32.70,12.00
2007.06.27 06:22:15.665,1.6505,1.6507,33.50,12.00
2007.06.27 06:22:15.886,1.6505,1.6507,24.70,25.60
2007.06.27 06:22:15.970,1.65045,1.6507,29.50,25.60
2007.06.27 06:22:16.289,1.65045,1.6507,15.20,15.20
2007.06.27 06:22:16.452,1.65045,1.65065,9.60,5.60
2007.06.27 06:22:16.469,1.6505,1.65065,2.40,5.60
2007.06.27 06:22:16.705,1.65045,1.65065,9.60,5.60
2007.06.27 06:22:16.868,1.65045,1.65065,31.90,5.60
2007.06.27 06:22:16.973,1.65045,1.6507,37.50,25.60
2007.06.27 06:22:17.716,1.6505,1.6507,8.50,20.00
2007.06.27 06:22:17.729,1.6505,1.6507,14.40,20.00
2007.06.27 06:22:17.781,1.65045,1.6507,35.90,1.60
2007.06.27 06:22:20.713,1.65055,1.6507,12.80,1.60
2007.06.27 06:22:25.162,1.6506,1.6507,2.00,1.60
2007.06.27 06:22:28.662,1.65055,1.6507,7.20,1.60
2007.06.27 06:22:29.698,1.6506,1.6507,4.00,1.60
2007.06.27 06:22:31.226,1.6506,1.6507,5.60,1.60
2007.06.27 06:22:33.176,1.6506,1.6507,4.00,1.60
2007.06.27 06:22:33.929,1.6506,1.6507,5.60,1.60
2007.06.27 06:22:35.162,1.6506,1.6507,4.00,1.60
2007.06.27 06:22:36.187,1.65055,1.65065,0.80,0.80
2007.06.27 06:22:36.262,1.6505,1.65065,2.40,6.40
2007.06.27 06:22:36.438,1.6504,1.65065,43.90,6.40
2007.06.27 06:22:36.502,1.6504,1.65065,43.90,7.20
2007.06.27 06:22:36.703,1.6504,1.65065,46.30,7.20
2007.06.27 06:22:36.783,1.65045,1.65065,5.60,0.80
2007.06.27 06:22:36.805,1.65045,1.6507,5.60,21.60
2007.06.27 06:22:36.816,1.65045,1.6507,5.60,13.60
2007.06.27 06:22:37.219,1.65045,1.6506,5.60,1.60
2007.06.27 06:22:37.320,1.6504,1.6506,16.00,1.60
2007.06.27 06:22:37.359,1.6504,1.6506,40.70,12.00
2007.06.27 06:22:37.481,1.6504,1.6506,32.70,12.00
2007.06.27 06:22:38.247,1.6504,1.6506,32.70,10.40
2007.06.27 06:22:38.303,1.6504,1.6506,30.30,2.40
2007.06.27 06:22:38.375,1.6504,1.6506,38.30,2.40
2007.06.27 06:22:38.407,1.6504,1.6506,43.90,2.40
2007.06.27 06:22:38.663,1.6504,1.65065,16.00,7.20
2007.06.27 06:22:38.757,1.6506,1.65065,4.00,6.40
2007.06.27 06:22:38.894,1.6506,1.6507,4.00,2.40
2007.06.27 06:22:39.284,1.6506,1.6507,1.20,2.40
2007.06.27 06:22:39.358,1.6506,1.6507,1.30,1.60
2007.06.27 06:22:39.792,1.65055,1.6507,7.20,1.60
2007.06.27 06:22:40.136,1.65055,1.6507,9.60,1.60
2007.06.27 06:22:40.305,1.6506,1.6507,12.00,1.60
2007.06.27 06:22:40.659,1.6507,1.6508,1.60,18.40
2007.06.27 06:22:40.722,1.6507,1.6508,1.60,10.40
2007.06.27 06:22:41.185,1.6507,1.6508,1.60,8.00
2007.06.27 06:22:41.320,1.6507,1.6508,1.60,4.80
2007.06.27 06:22:43.017,1.6506,1.65075,16.80,0.80
2007.06.27 06:22:43.040,1.6506,1.65075,16.80,1.60
2007.06.27 06:22:43.109,1.6506,1.65075,6.40,1.60
2007.06.27 06:22:43.210,1.6506,1.65075,8.80,0.80
2007.06.27 06:22:43.302,1.6506,1.6508,14.40,12.80
2007.06.27 06:22:43.357,1.6506,1.6508,43.90,12.00
2007.06.27 06:22:44.169,1.6506,1.6508,43.90,14.40
2007.06.27 06:22:45.290,1.6506,1.6508,43.90,12.00
2007.06.27 06:22:45.690,1.6507,1.6508,5.60,12.00
2007.06.27 06:22:45.715,1.6507,1.6508,5.60,1.60
2007.06.27 06:22:46.747,1.6507,1.65085,5.60,1.60
2007.06.27 06:22:47.673,1.6507,1.6508,5.60,1.60
2007.06.27 06:22:49.209,1.6507,1.65085,5.60,1.60
2007.06.27 06:22:49.721,1.6507,1.6508,5.60,1.60
2007.06.27 06:22:50.227,1.6507,1.65085,5.60,1.60
2007.06.27 06:22:51.689,1.6507,1.6508,4.00,1.60
2007.06.27 06:22:52.197,1.6507,1.6508,5.60,1.60
2007.06.27 06:22:54.689,1.6507,1.65085,5.60,1.60
2007.06.27 06:22:55.205,1.6507,1.6508,4.00,4.00
2007.06.27 06:22:55.305,1.65065,1.6508,0.80,4.00
2007.06.27 06:22:55.416,1.6506,1.6508,20.00,4.00
2007.06.27 06:22:55.421,1.6506,1.6508,24.80,26.30
2007.06.27 06:22:55.491,1.6506,1.6508,19.20,26.30
2007.06.27 06:22:55.751,1.6506,1.65075,19.20,0.80
2007.06.27 06:22:55.779,1.6506,1.65075,6.40,0.80
2007.06.27 06:22:56.019,1.6506,1.65075,6.40,1.60
2007.06.27 06:22:56.193,1.6506,1.65075,5.60,1.60
2007.06.27 06:22:58.169,1.65055,1.6507,0.80,2.40
2007.06.27 06:22:58.279,1.65055,1.6507,0.80,4.80
2007.06.27 06:22:58.315,1.6505,1.6507,8.00,10.40
2007.06.27 06:22:58.338,1.65045,1.6507,5.60,36.70
2007.06.27 06:23:00.481,1.6505,1.6507,0.80,36.70
2007.06.27 06:23:00.586,1.6505,1.6507,3.20,18.40
2007.06.27 06:23:00.625,1.6505,1.6507,4.00,18.40
2007.06.27 06:23:00.681,1.6505,1.6507,23.90,18.40
2007.06.27 06:23:00.741,1.6505,1.6507,30.30,13.60
2007.06.27 06:23:00.896,1.6505,1.6507,30.30,8.00
2007.06.27 06:23:01.193,1.6505,1.6507,30.30,2.40
2007.06.27 06:23:01.258,1.6505,1.6507,32.70,2.40
2007.06.27 06:23:03.203,1.6505,1.6507,32.70,4.00
2007.06.27 06:23:03.220,1.6505,1.6507,32.70,12.00
2007.06.27 06:23:04.234,1.6505,1.6507,31.10,12.00
2007.06.27 06:23:04.248,1.6505,1.6507,30.30,12.00
2007.06.27 06:23:04.359,1.65045,1.6507,37.50,12.00
2007.06.27 06:23:04.652,1.65045,1.6507,29.50,12.00
2007.06.27 06:23:04.739,1.65045,1.6507,28.70,17.60
2007.06.27 06:23:04.759,1.65045,1.6507,16.80,15.20
2007.06.27 06:23:04.886,1.65045,1.6507,10.40,15.20
2007.06.27 06:23:05.200,1.6505,1.6507,1.30,15.20
2007.06.27 06:23:05.267,1.6504,1.6507,56.70,37.50
2007.06.27 06:23:06.130,1.6505,1.6507,0.80,39.90
2007.06.27 06:23:06.240,1.6506,1.6507,5.60,37.50
2007.06.27 06:23:06.248,1.6506,1.6507,5.60,7.20
2007.06.27 06:23:06.352,1.6506,1.6507,5.60,1.60
2007.06.27 06:23:07.160,1.6506,1.6507,4.00,4.00
2007.06.27 06:23:07.257,1.65055,1.6507,0.80,6.40
2007.06.27 06:23:07.333,1.65055,1.6507,0.80,32.70
2007.06.27 06:23:07.377,1.6505,1.6507,16.80,32.70
2007.06.27 06:23:07.489,1.6506,1.6507,0.80,32.70
2007.06.27 06:23:07.629,1.6506,1.6507,2.40,32.70
2007.06.27 06:23:07.673,1.6506,1.6507,2.40,30.30
2007.06.27 06:23:07.756,1.6506,1.6507,2.40,4.00
2007.06.27 06:23:07.788,1.6506,1.65075,8.00,7.20
2007.06.27 06:23:07.888,1.6506,1.65075,8.00,6.40
2007.06.27 06:23:07.903,1.6506,1.6508,8.00,11.20
2007.06.27 06:23:08.140,1.6506,1.6507,7.20,2.40
2007.06.27 06:23:08.173,1.6506,1.6507,6.40,2.40
2007.06.27 06:23:08.189,1.6506,1.6507,6.40,6.40
2007.06.27 06:23:08.294,1.65055,1.6507,6.40,6.40
2007.06.27 06:23:08.519,1.6505,1.6507,6.40,12.00
2007.06.27 06:23:08.704,1.6505,1.6507,0.80,12.00
2007.06.27 06:23:08.817,1.6505,1.65065,0.80,0.80
2007.06.27 06:23:09.009,1.6505,1.6507,0.80,12.00
2007.06.27 06:23:09.229,1.6505,1.6507,6.40,10.40
2007.06.27 06:23:09.310,1.6505,1.6507,5.60,16.00
2007.06.27 06:23:09.323,1.6505,1.6507,11.20,10.40
2007.06.27 06:23:09.365,1.6505,1.6507,19.20,2.40
2007.06.27 06:23:09.603,1.6505,1.6507,20.00,2.40
2007.06.27 06:23:09.640,1.6505,1.65075,20.80,7.20
2007.06.27 06:23:09.721,1.6505,1.65075,21.60,7.20
2007.06.27 06:23:09.739,1.6505,1.6507,21.60,1.60
2007.06.27 06:23:09.753,1.6505,1.6507,20.80,1.60
2007.06.27 06:23:09.858,1.6505,1.6507,14.40,1.60
2007.06.27 06:23:09.866,1.6505,1.6507,28.70,12.00
2007.06.27 06:23:09.940,1.6505,1.6507,27.90,12.00
2007.06.27 06:23:10.161,1.6505,1.6507,17.50,12.00
2007.06.27 06:23:10.247,1.6505,1.6507,5.60,31.90
2007.06.27 06:23:10.258,1.65045,1.6507,6.40,34.30
2007.06.27 06:23:10.347,1.65045,1.6507,5.60,39.90
2007.06.27 06:23:10.652,1.65045,1.6506,5.60,1.60
2007.06.27 06:23:10.908,1.6504,1.6506,18.40,1.60
2007.06.27 06:23:11.011,1.6504,1.6506,39.10,9.60
2007.06.27 06:23:11.306,1.6504,1.6506,39.10,8.00
2007.06.27 06:23:11.367,1.6504,1.65065,43.10,5.60
2007.06.27 06:23:11.445,1.65045,1.6507,5.60,39.90
2007.06.27 06:23:12.271,1.65045,1.6506,5.60,1.60
2007.06.27 06:23:12.349,1.65045,1.6506,5.60,9.60
2007.06.27 06:23:12.497,1.6504,1.6506,39.10,9.60
2007.06.27 06:23:13.267,1.6504,1.6506,44.70,9.60
2007.06.27 06:23:13.705,1.6504,1.6506,40.80,9.60
2007.06.27 06:23:13.776,1.6504,1.6506,24.00,1.60
2007.06.27 06:23:14.191,1.6504,1.6507,24.00,28.00
2007.06.27 06:23:14.263,1.6504,1.6507,54.30,40.70
2007.06.27 06:23:14.337,1.6504,1.65065,54.30,5.60
2007.06.27 06:23:14.872,1.65045,1.6507,5.60,39.90
2007.06.27 06:23:16.258,1.65045,1.6507,5.60,43.90
2007.06.27 06:23:16.276,1.65045,1.6507,5.60,47.90
2007.06.27 06:23:16.424,1.6504,1.65065,44.70,5.60
2007.06.27 06:23:16.655,1.6504,1.6506,44.70,1.60
2007.06.27 06:23:16.725,1.6504,1.6506,44.70,9.60
2007.06.27 06:23:19.234,1.6504,1.6506,44.70,8.00
2007.06.27 06:23:19.244,1.6504,1.65065,54.30,5.60
2007.06.27 06:23:19.293,1.6504,1.6507,54.30,43.90
2007.06.27 06:23:19.330,1.6504,1.6507,54.30,39.90
2007.06.27 06:23:20.063,1.65045,1.6507,5.60,39.90
2007.06.27 06:23:20.338,1.6504,1.6507,54.30,39.90
2007.06.27 06:23:20.853,1.65045,1.6507,5.60,39.90
2007.06.27 06:23:21.951,1.6504,1.6507,54.30,39.90
2007.06.27 06:23:24.175,1.6504,1.6507,55.90,39.90
2007.06.27 06:23:24.201,1.6505,1.6507,6.40,37.50
2007.06.27 06:23:24.314,1.6505,1.6507,8.00,31.90
2007.06.27 06:23:24.326,1.6505,1.6507,8.00,9.60
2007.06.27 06:23:24.532,1.6505,1.6507,30.30,12.00
2007.06.27 06:23:34.611,1.6505,1.6507,31.10,12.00
2007.06.27 06:23:34.717,1.6505,1.6507,31.90,12.00
2007.06.27 06:23:34.789,1.6505,1.6507,32.70,12.00
2007.06.27 06:23:38.951,1.6505,1.6507,31.90,12.00
2007.06.27 06:23:39.043,1.6505,1.6507,31.10,12.00
2007.06.27 06:23:39.098,1.6505,1.6507,30.30,12.00
2007.06.27 06:23:40.689,1.6506,1.6507,1.60,10.40
2007.06.27 06:23:40.812,1.6506,1.6507,5.60,10.40
2007.06.27 06:23:41.223,1.6506,1.65075,6.40,7.20
2007.06.27 06:23:41.297,1.6506,1.65075,7.20,7.20
2007.06.27 06:23:41.411,1.6506,1.65075,8.00,7.20
2007.06.27 06:23:41.910,1.6506,1.65075,8.00,1.60
2007.06.27 06:23:42.125,1.6506,1.65075,7.20,1.60
2007.06.27 06:23:42.192,1.6506,1.65075,6.40,1.60
2007.06.27 06:23:42.215,1.6506,1.65075,5.60,1.60
2007.06.27 06:23:42.651,1.6506,1.6507,4.00,4.00
2007.06.27 06:23:42.747,1.6505,1.6507,8.80,4.00
2007.06.27 06:23:43.164,1.6505,1.6507,11.20,1.60
2007.06.27 06:23:43.179,1.6505,1.6507,10.40,1.60
2007.06.27 06:23:43.239,1.6505,1.6507,30.30,12.00
2007.06.27 06:23:43.684,1.6505,1.6506,28.70,1.60
2007.06.27 06:23:43.786,1.6505,1.6506,16.80,1.60
2007.06.27 06:23:43.960,1.6505,1.6506,6.40,1.60
2007.06.27 06:23:44.698,1.6505,1.6507,4.00,17.60
2007.06.27 06:23:44.718,1.6505,1.6507,6.40,9.60
2007.06.27 06:23:44.765,1.6505,1.6507,12.00,4.00
2007.06.27 06:23:44.803,1.6505,1.6507,14.40,4.00
2007.06.27 06:23:45.131,1.6505,1.6507,17.60,1.60
2007.06.27 06:23:45.234,1.6506,1.65075,1.60,7.20
2007.06.27 06:23:45.334,1.6506,1.65075,5.60,7.20
2007.06.27 06:23:45.670,1.6506,1.65075,5.60,1.60
2007.06.27 06:23:45.758,1.6506,1.6507,5.60,1.60
2007.06.27 06:23:46.147,1.6506,1.65075,5.60,1.60
2007.06.27 06:23:49.245,1.6506,1.6507,5.60,1.60
2007.06.27 06:23:52.239,1.6506,1.65075,5.60,1.60
2007.06.27 06:23:52.657,1.6506,1.65075,8.00,1.60
2007.06.27 06:23:52.681,1.6506,1.65075,8.00,0.80
2007.06.27 06:23:52.765,1.6506,1.6508,8.00,14.40
2007.06.27 06:23:52.914,1.6506,1.6508,8.00,8.80
2007.06.27 06:23:53.168,1.6506,1.6508,5.60,12.80
2007.06.27 06:23:53.200,1.6506,1.6508,5.60,18.40
2007.06.27 06:23:53.244,1.6506,1.6508,5.60,16.00
2007.06.27 06:23:53.440,1.6506,1.65075,5.60,0.80
2007.06.27 06:23:53.581,1.6506,1.65075,5.60,1.60
2007.06.27 06:23:55.231,1.6506,1.65075,1.60,1.60
2007.06.27 06:23:55.354,1.6506,1.65075,1.60,7.20
2007.06.27 06:23:55.740,1.6505,1.65075,24.80,7.20
2007.06.27 06:23:56.109,1.6505,1.65075,24.00,7.20
2007.06.27 06:23:56.159,1.6506,1.65075,1.60,7.20
2007.06.27 06:23:56.271,1.6506,1.65075,3.20,7.20
2007.06.27 06:23:56.398,1.6506,1.6508,8.00,19.20
2007.06.27 06:23:56.407,1.6506,1.65075,7.20,6.40
2007.06.27 06:23:56.434,1.6506,1.6508,9.60,11.20
2007.06.27 06:23:56.651,1.6506,1.6508,8.80,11.20
2007.06.27 06:23:56.683,1.6506,1.6508,8.80,16.80
2007.06.27 06:23:56.757,1.6506,1.6508,7.20,16.80
2007.06.27 06:23:56.778,1.6506,1.65075,5.60,0.80
2007.06.27 06:23:56.904,1.6506,1.65075,5.60,1.60
2007.06.27 06:23:57.214,1.65055,1.65075,1.60,1.60
2007.06.27 06:23:57.294,1.65055,1.65075,0.80,1.60
2007.06.27 06:23:57.402,1.6505,1.65075,24.00,7.20
2007.06.27 06:23:58.635,1.6506,1.65075,1.60,7.20
2007.06.27 06:23:58.716,1.6506,1.65075,1.60,1.60
2007.06.27 06:23:58.739,1.6506,1.65075,5.60,1.60
2007.06.27 06:24:02.757,1.6506,1.6508,5.60,25.60
2007.06.27 06:24:06.931,1.6506,1.65075,5.60,3.20
2007.06.27 06:24:07.233,1.6506,1.6508,5.60,25.60
2007.06.27 06:24:10.212,1.6506,1.65075,5.60,3.20
2007.06.27 06:24:11.238,1.6506,1.65075,5.60,0.80
2007.06.27 06:24:11.751,1.6506,1.65075,5.60,3.20
2007.06.27 06:24:12.097,1.6506,1.6507,6.40,0.80
2007.06.27 06:24:12.158,1.6506,1.6507,8.00,0.90
2007.06.27 06:24:12.560,1.6506,1.65075,7.20,3.20
2007.06.27 06:24:12.676,1.6506,1.65075,6.40,3.20
2007.06.27 06:24:12.685,1.6506,1.65075,5.60,3.20
2007.06.27 06:24:13.200,1.6506,1.65075,4.00,3.20
2007.06.27 06:24:13.322,1.6506,1.6508,5.60,25.60
2007.06.27 06:24:13.620,1.6506,1.65075,5.60,3.20
2007.06.27 06:24:14.225,1.6506,1.65075,5.60,0.50
2007.06.27 06:24:14.817,1.6506,1.6508,7.20,17.60
2007.06.27 06:24:14.862,1.6506,1.6508,8.80,17.60
2007.06.27 06:24:15.120,1.6506,1.6508,8.00,17.60
2007.06.27 06:24:15.131,1.6506,1.65075,8.80,0.60
2007.06.27 06:24:15.159,1.6506,1.6508,8.00,17.60
2007.06.27 06:24:15.380,1.6506,1.6508,6.40,17.60
2007.06.27 06:24:15.675,1.6506,1.6508,5.60,16.00
2007.06.27 06:24:16.196,1.6506,1.65075,5.60,3.20
2007.06.27 06:24:16.822,1.6507,1.6508,5.60,0.80
2007.06.27 06:24:16.830,1.6507,1.65085,5.60,12.80
2007.06.27 06:24:17.190,1.6507,1.6508,5.60,0.70
2007.06.27 06:24:18.679,1.6507,1.6509,5.60,20.80
2007.06.27 06:24:23.367,1.6507,1.6509,6.40,20.00
2007.06.27 06:24:23.424,1.6507,1.6509,5.60,20.00
2007.06.27 06:24:24.180,1.6507,1.65085,8.00,0.70
2007.06.27 06:24:24.324,1.6508,1.6509,5.60,3.20
2007.06.27 06:24:24.350,1.6508,1.651,5.60,36.70
2007.06.27 06:24:24.384,1.6508,1.65105,27.90,28.80
2007.06.27 06:24:24.655,1.6508,1.65105,27.90,32.00
2007.06.27 06:24:24.768,1.6508,1.651,33.50,0.60
2007.06.27 06:24:24.786,1.6508,1.65105,19.20,11.20
2007.06.27 06:24:25.366,1.6508,1.65105,19.20,9.60
2007.06.27 06:24:25.928,1.6508,1.651,20.00,0.90
2007.06.27 06:24:25.975,1.6508,1.651,20.80,0.90
2007.06.27 06:24:26.063,1.6508,1.65105,21.60,9.60
2007.06.27 06:24:26.138,1.6508,1.65105,22.40,9.60
2007.06.27 06:24:26.177,1.6509,1.6511,5.60,28.00
2007.06.27 06:24:26.342,1.6509,1.6511,5.60,22.40
2007.06.27 06:24:28.649,1.6509,1.6511,4.00,22.40
2007.06.27 06:24:28.748,1.6509,1.65105,4.00,3.20
2007.06.27 06:24:29.186,1.6509,1.65105,5.60,3.20
2007.06.27 06:24:30.189,1.6509,1.651,5.60,0.90
2007.06.27 06:24:30.209,1.6509,1.651,1.60,0.60
2007.06.27 06:24:30.609,1.6509,1.65105,1.60,11.20
2007.06.27 06:24:30.706,1.6508,1.651,3.20,0.50
2007.06.27 06:24:30.801,1.6508,1.65105,0.80,19.20
2007.06.27 06:24:31.086,1.65075,1.65105,5.60,19.20
2007.06.27 06:24:31.226,1.6507,1.65095,18.40,0.70
2007.06.27 06:24:31.243,1.6507,1.65095,14.40,0.90
2007.06.27 06:24:31.344,1.6507,1.65095,4.00,0.80
2007.06.27 06:24:32.164,1.65065,1.6509,5.60,0.90
2007.06.27 06:24:32.253,1.65065,1.6509,5.60,26.30
2007.06.27 06:24:32.361,1.65065,1.6509,5.60,34.30
2007.06.27 06:24:32.388,1.65065,1.6509,5.60,39.90
2007.06.27 06:24:33.196,1.6507,1.6509,2.40,39.90
2007.06.27 06:24:33.288,1.6507,1.6509,3.20,17.60
2007.06.27 06:24:33.310,1.6507,1.6509,7.20,17.60
2007.06.27 06:24:33.384,1.6507,1.6509,37.50,9.60
2007.06.27 06:24:33.431,1.6507,1.6509,43.90,4.00
2007.06.27 06:24:33.600,1.6507,1.6509,43.90,1.60
2007.06.27 06:24:33.656,1.6507,1.6509,43.10,1.60
2007.06.27 06:24:33.674,1.6507,1.6509,42.30,1.60
2007.06.27 06:24:33.704,1.6507,1.6509,41.50,1.60
2007.06.27 06:24:33.893,1.6507,1.6509,33.50,12.00
2007.06.27 06:24:33.959,1.6507,1.6509,27.90,12.00
2007.06.27 06:24:34.131,1.6507,1.6509,27.90,14.40
2007.06.27 06:24:34.214,1.6507,1.6509,19.90,14.40
2007.06.27 06:24:34.242,1.6507,1.6509,14.30,14.40
2007.06.27 06:24:34.329,1.65065,1.6509,6.40,26.30
2007.06.27 06:24:34.440,1.65065,1.6509,5.60,34.30
2007.06.27 06:24:34.455,1.6506,1.65085,46.40,5.60
2007.06.27 06:24:34.506,1.6506,1.65085,40.80,5.60
2007.06.27 06:24:37.234,1.6506,1.6508,39.20,1.60
2007.06.27 06:24:37.246,1.6506,1.6508,22.40,1.60
2007.06.27 06:24:37.450,1.6506,1.6508,43.10,9.60
2007.06.27 06:24:37.880,1.6506,1.6508,29.50,23.20
2007.06.27 06:24:38.206,1.6506,1.6508,37.50,15.20
2007.06.27 06:24:38.276,1.6506,1.6508,39.10,13.60
2007.06.27 06:24:38.308,1.6506,1.6508,43.10,13.60
2007.06.27 06:24:38.393,1.6506,1.6508,35.20,5.60
2007.06.27 06:24:38.446,1.6506,1.65085,40.80,5.60
2007.06.27 06:24:38.501,1.6506,1.65085,48.70,5.60
2007.06.27 06:24:38.679,1.6506,1.65085,47.10,5.60
2007.06.27 06:24:39.203,1.6506,1.6508,47.10,1.60
2007.06.27 06:24:39.317,1.6506,1.6508,47.10,9.60
2007.06.27 06:24:39.701,1.6506,1.6508,47.10,8.00
2007.06.27 06:24:39.712,1.6506,1.65085,47.10,5.60
2007.06.27 06:24:40.015,1.6506,1.6509,47.10,39.90
2007.06.27 06:24:40.231,1.6506,1.6509,48.70,39.90
2007.06.27 06:24:40.295,1.65065,1.6509,5.60,39.90
2007.06.27 06:24:40.791,1.65065,1.6508,5.60,8.00
2007.06.27 06:24:40.868,1.6506,1.6508,40.70,13.60
2007.06.27 06:24:41.056,1.6506,1.6508,48.70,5.60
2007.06.27 06:24:41.069,1.6506,1.6509,54.30,42.30
2007.06.27 06:24:41.183,1.6506,1.6509,54.30,39.90
2007.06.27 06:24:41.376,1.6506,1.65085,54.30,5.60
2007.06.27 06:24:43.451,1.6506,1.6509,54.30,39.90
2007.06.27 06:24:43.666,1.6506,1.6509,34.40,17.60
2007.06.27 06:24:43.718,1.65065,1.6509,5.60,17.60
2007.06.27 06:24:43.876,1.6507,1.6509,1.60,15.20
2007.06.27 06:24:43.992,1.6507,1.6509,35.90,17.60
2007.06.27 06:24:44.024,1.6507,1.6509,41.50,12.00
2007.06.27 06:24:44.187,1.6507,1.6509,43.90,12.00
2007.06.27 06:24:44.282,1.6507,1.6509,38.30,12.00
2007.06.27 06:24:44.310,1.6507,1.6509,30.30,12.00
2007.06.27 06:24:47.252,1.6507,1.6509,5.10,12.00
2007.06.27 06:24:47.814,1.65065,1.6509,45.50,1.60
2007.06.27 06:24:47.876,1.65065,1.6509,45.50,1.60
2007.06.27 06:24:48.191,1.65065,1.65095,45.50,7.20
2007.06.27 06:24:48.813,1.6507,1.6509,21.80,1.60
2007.06.27 06:24:56.421,1.65065,1.6509,45.50,1.60
2007.06.27 06:24:57.114,1.65065,1.6509,37.50,12.00
2007.06.27 06:24:57.157,1.65065,1.6509,35.90,12.00
2007.06.27 06:24:57.192,1.65065,1.6509,27.90,12.00
2007.06.27 06:24:57.696,1.65065,1.6509,29.50,12.00
2007.06.27 06:24:57.715,1.65065,1.6509,37.50,12.00
2007.06.27 06:24:58.752,1.6507,1.6509,12.10,12.00
2007.06.27 06:24:58.978,1.6507,1.6509,13.60,12.00
2007.06.27 06:25:04.728,1.6507,1.6509,5.60,10.40
2007.06.27 06:25:04.732,1.65065,1.6509,45.50,2.40
2007.06.27 06:25:05.147,1.65065,1.65095,45.50,7.20
2007.06.27 06:25:05.256,1.6507,1.65095,46.30,7.20
2007.06.27 06:25:05.372,1.65075,1.651,11.20,16.00
2007.06.27 06:25:05.658,1.65075,1.65095,11.20,0.80
2007.06.27 06:25:05.788,1.65075,1.6509,0.90,1.60
2007.06.27 06:25:05.856,1.6507,1.6509,8.30,1.60
2007.06.27 06:25:06.077,1.6507,1.6509,24.80,1.60
2007.06.27 06:25:06.090,1.65075,1.6509,0.70,1.60
2007.06.27 06:25:06.354,1.6507,1.6509,24.80,1.60
2007.06.27 06:25:06.396,1.65065,1.6509,22.40,1.60
2007.06.27 06:25:06.588,1.65065,1.6509,44.70,1.60
2007.06.27 06:25:07.200,1.65065,1.65095,45.50,7.20
2007.06.27 06:25:10.307,1.6507,1.6509,15.20,2.40
2007.06.27 06:25:12.394,1.6507,1.65095,11.70,7.20
2007.06.27 06:25:13.162,1.65065,1.6509,45.50,1.60
2007.06.27 06:25:13.293,1.65065,1.6509,37.50,12.00
2007.06.27 06:25:13.360,1.6507,1.6509,8.80,1.60
2007.06.27 06:25:13.769,1.6507,1.65095,5.90,7.20
2007.06.27 06:25:14.468,1.6507,1.6509,19.80,2.40
2007.06.27 06:25:14.711,1.65065,1.6509,45.50,4.00
2007.06.27 06:25:14.759,1.6507,1.6509,15.90,12.00
2007.06.27 06:25:14.884,1.65065,1.6509,37.50,12.00
2007.06.27 06:25:14.894,1.6507,1.6509,9.00,12.00
2007.06.27 06:25:19.065,1.65065,1.6509,37.50,13.60
2007.06.27 06:25:19.170,1.65065,1.6508,35.10,1.60
2007.06.27 06:25:19.286,1.65065,1.6508,12.80,1.60
2007.06.27 06:25:24.220,1.65065,1.6508,5.60,1.60
2007.06.27 06:25:24.730,1.65065,1.6508,7.20,1.60
2007.06.27 06:25:26.174,1.65065,1.6508,5.60,1.60
2007.06.27 06:25:26.782,1.65065,1.6508,7.20,1.60
2007.06.27 06:25:29.169,1.6507,1.6508,0.70,1.60
2007.06.27 06:25:31.206,1.6507,1.6508,2.80,1.60
2007.06.27 06:25:31.329,1.65065,1.6508,2.40,4.00
2007.06.27 06:25:31.705,1.6507,1.6508,0.50,18.40
2007.06.27 06:25:31.731,1.6506,1.6508,3.60,20.80
2007.06.27 06:25:31.801,1.6506,1.6508,1.40,36.70
2007.06.27 06:25:31.826,1.6505,1.65075,24.00,5.60
2007.06.27 06:25:31.892,1.6505,1.65075,16.00,5.60
2007.06.27 06:25:32.102,1.65045,1.65075,18.40,5.60
2007.06.27 06:25:32.129,1.6505,1.65075,6.00,5.60
2007.06.27 06:25:32.231,1.6505,1.65075,0.50,5.60
2007.06.27 06:25:32.369,1.6505,1.65075,3.30,5.60
2007.06.27 06:25:32.565,1.65045,1.65075,9.60,5.60
2007.06.27 06:25:32.744,1.65045,1.6507,9.60,8.00
2007.06.27 06:25:32.868,1.6504,1.6507,54.30,13.60
2007.06.27 06:25:35.255,1.6505,1.6507,3.20,13.60
2007.06.27 06:25:35.442,1.6505,1.65075,3.70,5.60
2007.06.27 06:25:36.165,1.65045,1.65075,49.50,5.60
2007.06.27 06:25:36.349,1.65055,1.6508,2.00,46.30
2007.06.27 06:25:38.727,1.6505,1.65075,47.90,0.80
2007.06.27 06:25:38.803,1.6505,1.65075,4.00,7.20
2007.06.27 06:25:38.848,1.65045,1.65075,41.50,7.20
2007.06.27 06:25:39.132,1.65045,1.6507,41.50,2.40
2007.06.27 06:25:39.651,1.65045,1.65075,23.20,7.20
2007.06.27 06:25:39.784,1.6506,1.65075,0.80,7.20
2007.06.27 06:25:40.198,1.6506,1.65075,2.00,7.20
2007.06.27 06:25:40.379,1.6505,1.65075,25.60,1.60
2007.06.27 06:25:44.198,1.6506,1.65075,8.00,0.80
2007.06.27 06:25:44.219,1.6506,1.6508,8.80,9.60
2007.06.27 06:25:44.253,1.6506,1.6508,11.20,9.60
2007.06.27 06:25:44.634,1.6506,1.6508,8.80,9.60
2007.06.27 06:25:44.713,1.6506,1.65075,6.40,0.80
2007.06.27 06:25:44.732,1.6506,1.65075,5.60,1.60
2007.06.27 06:25:46.806,1.6506,1.65075,5.60,7.20
2007.06.27 06:25:48.055,1.6506,1.65075,6.40,7.20
2007.06.27 06:25:48.080,1.6506,1.65075,7.20,7.20
2007.06.27 06:25:48.126,1.6506,1.65075,8.00,7.20
2007.06.27 06:25:48.633,1.6506,1.65075,10.40,7.20
2007.06.27 06:25:49.353,1.6506,1.65075,8.00,7.20
2007.06.27 06:25:49.543,1.6506,1.65075,10.60,7.20
2007.06.27 06:25:49.560,1.6507,1.65075,2.40,7.20
2007.06.27 06:25:49.670,1.6507,1.65075,4.80,7.20
2007.06.27 06:25:49.767,1.6507,1.65075,6.40,6.40
2007.06.27 06:25:49.870,1.6507,1.65075,4.00,6.40
2007.06.27 06:25:50.060,1.6507,1.6508,1.60,5.60
2007.06.27 06:25:50.207,1.6507,1.6508,1.60,4.00
2007.06.27 06:25:53.700,1.6507,1.6508,1.60,6.40
2007.06.27 06:25:54.126,1.6507,1.6508,1.60,9.60
2007.06.27 06:25:54.219,1.6506,1.6508,20.00,7.20
2007.06.27 06:25:54.248,1.6506,1.6508,9.60,9.60
2007.06.27 06:25:54.425,1.6506,1.6508,4.00,15.20
2007.06.27 06:25:54.655,1.6506,1.6508,1.60,17.60
2007.06.27 06:25:54.751,1.6506,1.65075,1.60,0.80
2007.06.27 06:25:54.960,1.6506,1.65075,1.60,7.20
2007.06.27 06:25:55.751,1.6506,1.65075,1.60,0.80
2007.06.27 06:25:55.881,1.6506,1.6508,1.60,19.20
2007.06.27 06:25:56.150,1.6506,1.6508,1.60,16.00
2007.06.27 06:25:56.161,1.6506,1.6508,1.60,21.60
2007.06.27 06:25:56.186,1.6506,1.6508,1.60,20.00
2007.06.27 06:25:57.192,1.6507,1.6508,1.60,17.60
2007.06.27 06:25:57.206,1.6507,1.6508,1.60,9.60
2007.06.27 06:25:57.283,1.6507,1.6508,1.60,4.00
2007.06.27 06:25:59.708,1.6507,1.6508,1.60,5.60
2007.06.27 06:26:02.667,1.65065,1.6508,1.60,10.40
2007.06.27 06:26:02.724,1.65065,1.6508,0.80,18.40
2007.06.27 06:26:02.783,1.6506,1.65075,5.60,0.80
2007.06.27 06:26:02.983,1.6506,1.65075,11.20,1.60
2007.06.27 06:26:03.241,1.6506,1.65075,7.20,1.60
2007.06.27 06:26:03.261,1.6506,1.65075,1.60,0.80
2007.06.27 06:26:03.292,1.6506,1.6508,1.60,17.60
2007.06.27 06:26:03.689,1.6506,1.6507,1.60,1.60
2007.06.27 06:26:04.095,1.6506,1.6507,4.00,1.60
2007.06.27 06:26:04.222,1.6506,1.65075,4.00,7.20
2007.06.27 06:26:04.271,1.6506,1.65075,6.40,7.20
2007.06.27 06:26:04.304,1.65065,1.65075,0.80,0.80
2007.06.27 06:26:04.455,1.65065,1.6508,1.60,6.40
2007.06.27 06:26:04.659,1.65065,1.6508,1.60,8.80
2007.06.27 06:26:04.684,1.65065,1.6508,1.60,11.20
2007.06.27 06:26:04.792,1.65065,1.65075,0.80,0.80
2007.06.27 06:26:04.857,1.6506,1.65075,7.20,1.60
2007.06.27 06:26:05.046,1.6506,1.65075,1.60,7.20
2007.06.27 06:26:05.785,1.6506,1.65075,5.60,7.20
2007.06.27 06:26:06.614,1.6506,1.65075,5.60,0.70
2007.06.27 06:26:07.223,1.6506,1.6507,5.60,0.80
2007.06.27 06:26:08.149,1.6506,1.65075,5.60,0.70
2007.06.27 06:26:15.637,1.6506,1.65075,5.60,0.60
2007.06.27 06:26:15.749,1.6506,1.6508,8.00,18.40
2007.06.27 06:26:15.862,1.6506,1.65075,8.00,0.90
2007.06.27 06:26:16.391,1.6506,1.65085,8.00,14.40
2007.06.27 06:26:17.222,1.6506,1.65085,5.60,12.80
2007.06.27 06:26:18.220,1.6506,1.65085,11.20,17.60
2007.06.27 06:26:18.256,1.6506,1.6508,11.20,13.60
2007.06.27 06:26:18.349,1.6506,1.6508,11.20,0.70
2007.06.27 06:26:18.484,1.6506,1.65085,5.60,20.80
2007.06.27 06:26:18.607,1.6506,1.65085,5.60,15.20
2007.06.27 06:26:18.735,1.6506,1.65075,5.60,0.80
2007.06.27 06:26:18.976,1.6506,1.6508,5.60,15.20
2007.06.27 06:26:19.165,1.6506,1.65075,5.60,3.20
2007.06.27 06:26:19.688,1.6506,1.65075,5.60,0.80
2007.06.27 06:26:24.662,1.65055,1.6507,0.80,0.60
2007.06.27 06:26:24.813,1.6505,1.65075,9.60,17.60
2007.06.27 06:26:24.852,1.6504,1.65075,32.00,20.00
2007.06.27 06:26:24.919,1.6504,1.65075,28.00,24.00
2007.06.27 06:26:25.209,1.6504,1.65075,51.10,42.30
2007.06.27 06:26:25.305,1.65035,1.65075,55.90,42.30
2007.06.27 06:26:33.172,1.65035,1.65075,36.00,20.00
2007.06.27 06:26:33.194,1.6504,1.65075,32.80,20.00
2007.06.27 06:26:33.299,1.6504,1.65075,33.60,20.00
2007.06.27 06:26:33.310,1.6504,1.65075,50.30,12.00
2007.06.27 06:26:33.409,1.6505,1.6507,0.80,0.60
2007.06.27 06:26:33.607,1.6505,1.6507,0.80,0.90
2007.06.27 06:26:33.716,1.6504,1.6508,52.70,28.80
2007.06.27 06:26:34.124,1.65045,1.6508,47.90,32.80
2007.06.27 06:26:36.683,1.65045,1.65075,47.10,7.20
2007.06.27 06:26:36.692,1.6505,1.65075,15.00,7.20
2007.06.27 06:26:36.745,1.65045,1.6507,46.30,1.60
2007.06.27 06:26:36.793,1.6505,1.6507,2.20,9.60
2007.06.27 06:26:36.840,1.6505,1.6507,0.80,9.60
2007.06.27 06:26:36.906,1.65045,1.6507,19.20,15.20
2007.06.27 06:26:37.154,1.65045,1.6507,15.20,17.60
2007.06.27 06:26:37.255,1.6504,1.6507,44.70,20.00
2007.06.27 06:26:37.363,1.65045,1.6507,0.70,46.30
2007.06.27 06:26:37.424,1.6504,1.6507,8.50,46.30
2007.06.27 06:26:39.007,1.65035,1.65065,56.70,5.60
2007.06.27 06:26:40.136,1.6505,1.65065,1.20,5.60
2007.06.27 06:26:40.249,1.6504,1.65065,54.30,5.60
2007.06.27 06:26:40.290,1.65045,1.6507,14.40,17.60
2007.06.27 06:26:40.343,1.65045,1.6507,15.20,15.20
2007.06.27 06:26:41.681,1.65045,1.6506,8.00,1.60
2007.06.27 06:26:43.203,1.6505,1.65065,1.00,5.60
2007.06.27 06:26:43.502,1.65045,1.6507,15.20,15.20
2007.06.27 06:26:44.645,1.65045,1.6507,12.80,17.60
2007.06.27 06:26:44.703,1.6505,1.6507,2.10,20.00
2007.06.27 06:26:44.760,1.6505,1.6506,2.10,1.60
2007.06.27 06:26:48.185,1.65045,1.65065,7.20,7.20
2007.06.27 06:26:48.797,1.65045,1.65065,3.20,7.20
2007.06.27 06:26:49.736,1.6505,1.6506,0.50,1.60
2007.06.27 06:26:50.247,1.65045,1.65065,3.20,7.20
2007.06.27 06:26:52.220,1.6505,1.6506,1.60,1.60
2007.06.27 06:26:53.146,1.6505,1.65065,1.60,7.20
2007.06.27 06:26:55.710,1.65045,1.6506,0.80,6.40
2007.06.27 06:26:55.817,1.65045,1.6506,0.80,8.80
2007.06.27 06:26:55.921,1.65045,1.6506,0.80,16.80
2007.06.27 06:26:56.030,1.6504,1.65055,2.40,5.60
2007.06.27 06:26:56.349,1.6504,1.65055,1.60,5.60
2007.06.27 06:26:58.277,1.6504,1.65055,1.60,6.40
2007.06.27 06:26:58.639,1.6504,1.65055,1.60,7.20
2007.06.27 06:27:00.228,1.6504,1.6505,1.60,6.40
2007.06.27 06:27:00.333,1.6504,1.65045,1.60,0.80
2007.06.27 06:27:00.441,1.6504,1.65045,1.60,7.20
2007.06.27 06:27:00.746,1.6503,1.65045,20.80,7.20
2007.06.27 06:27:00.793,1.6503,1.65045,12.80,7.20
2007.06.27 06:27:00.953,1.6503,1.6505,18.40,1.60
2007.06.27 06:27:01.290,1.6503,1.6506,46.30,50.30
2007.06.27 06:27:02.202,1.6503,1.6506,46.30,48.70
2007.06.27 06:27:02.266,1.6503,1.6506,47.10,40.70
2007.06.27 06:27:02.290,1.6503,1.6506,47.90,40.70
2007.06.27 06:27:02.573,1.65035,1.6506,5.60,40.70
2007.06.27 06:27:02.708,1.65035,1.6506,5.60,42.30
2007.06.27 06:27:02.797,1.65035,1.6506,5.60,50.30
2007.06.27 06:27:03.100,1.6503,1.65055,46.30,5.60
2007.06.27 06:27:03.120,1.6503,1.65055,46.30,6.40
2007.06.27 06:27:03.204,1.6503,1.65055,24.00,6.40
2007.06.27 06:27:03.455,1.6503,1.65055,24.00,1.60
2007.06.27 06:27:03.615,1.6503,1.65055,24.80,1.60
2007.06.27 06:27:03.709,1.6503,1.65055,24.00,1.60
2007.06.27 06:27:03.833,1.6503,1.65055,24.80,1.60
2007.06.27 06:27:03.878,1.6503,1.6505,27.20,22.30
2007.06.27 06:27:03.886,1.6503,1.6505,21.60,27.90
2007.06.27 06:27:04.141,1.6503,1.6505,20.80,27.90
2007.06.27 06:27:04.294,1.6503,1.6505,20.80,19.90
2007.06.27 06:27:04.377,1.6503,1.6505,20.80,14.30
2007.06.27 06:27:04.521,1.6503,1.6505,21.60,14.30
2007.06.27 06:27:04.662,1.6503,1.6505,22.40,14.30
2007.06.27 06:27:04.899,1.6503,1.65055,30.40,7.20
2007.06.27 06:27:05.210,1.6503,1.65055,29.60,7.20
2007.06.27 06:27:05.262,1.6503,1.65055,28.80,7.20
2007.06.27 06:27:05.291,1.6503,1.65055,27.20,6.40
2007.06.27 06:27:05.384,1.6503,1.65055,27.20,7.20
2007.06.27 06:27:05.465,1.6503,1.6505,8.80,8.00
2007.06.27 06:27:05.498,1.6503,1.6505,13.60,8.00
2007.06.27 06:27:05.689,1.6503,1.6505,9.60,12.00
2007.06.27 06:27:05.793,1.65025,1.6505,5.60,17.60
2007.06.27 06:27:06.271,1.65035,1.65045,0.80,5.60
2007.06.27 06:27:06.384,1.6504,1.65045,3.20,5.60
2007.06.27 06:27:06.429,1.6504,1.65045,7.20,5.60
2007.06.27 06:27:06.543,1.6504,1.6505,12.80,1.60
2007.06.27 06:27:06.706,1.6504,1.6505,15.20,1.60
2007.06.27 06:27:06.741,1.6504,1.6506,15.20,12.80
2007.06.27 06:27:06.840,1.6504,1.6506,9.60,18.40
2007.06.27 06:27:06.847,1.6504,1.6506,5.60,14.40
2007.06.27 06:27:07.157,1.65045,1.6505,0.80,2.40
2007.06.27 06:27:07.342,1.6504,1.65045,4.80,5.60
2007.06.27 06:27:07.468,1.6504,1.65045,3.20,5.60
2007.06.27 06:27:07.474,1.6502,1.65045,22.40,5.60
2007.06.27 06:27:07.558,1.6502,1.65045,42.30,5.60
2007.06.27 06:27:07.679,1.6502,1.65045,44.70,5.60
2007.06.27 06:27:07.853,1.6502,1.65045,52.70,5.60
2007.06.27 06:27:07.954,1.65025,1.6505,5.60,20.00
2007.06.27 06:27:08.220,1.65025,1.6505,5.60,17.60
2007.06.27 06:27:09.615,1.65025,1.6505,6.40,17.60
2007.06.27 06:27:09.724,1.6503,1.6505,1.60,13.60
2007.06.27 06:27:09.864,1.6503,1.6505,31.90,5.60
2007.06.27 06:27:09.903,1.6503,1.65055,37.50,5.60
2007.06.27 06:27:10.150,1.6503,1.65055,39.90,5.60
2007.06.27 06:27:11.836,1.6503,1.6506,39.90,54.30
2007.06.27 06:27:19.579,1.6503,1.6506,37.50,51.90
2007.06.27 06:27:19.737,1.65045,1.65055,0.80,0.50
2007.06.27 06:27:19.750,1.65045,1.65065,1.60,48.70
2007.06.27 06:27:19.829,1.65045,1.6506,1.60,0.70
2007.06.27 06:27:20.648,1.6505,1.65065,4.00,12.80
2007.06.27 06:27:21.179,1.6505,1.65065,1.60,11.20
2007.06.27 06:27:27.138,1.6505,1.65065,1.60,13.60
2007.06.27 06:27:27.231,1.6504,1.65065,13.60,13.60
2007.06.27 06:27:27.344,1.6504,1.6506,9.60,0.60
2007.06.27 06:27:28.179,1.65055,1.65065,0.80,25.50
2007.06.27 06:27:28.238,1.65055,1.6506,1.60,0.80
2007.06.27 06:27:28.273,1.6506,1.65065,1.60,15.10
2007.06.27 06:27:28.293,1.6506,1.6507,1.60,8.00
2007.06.27 06:27:28.471,1.6506,1.6507,1.60,0.70
2007.06.27 06:27:29.197,1.65055,1.6507,1.60,0.50
2007.06.27 06:27:30.741,1.6506,1.65075,1.60,12.80
2007.06.27 06:27:31.687,1.6506,1.6507,1.60,0.90
2007.06.27 06:27:32.207,1.6506,1.65075,1.60,12.80
2007.06.27 06:27:36.247,1.6506,1.65075,1.60,11.20
2007.06.27 06:27:36.753,1.6506,1.6507,1.60,0.80
2007.06.27 06:27:37.384,1.65055,1.65075,1.60,12.80
2007.06.27 06:27:38.206,1.6506,1.6507,1.60,0.70
2007.06.27 06:27:45.703,1.65055,1.6507,0.80,8.00
2007.06.27 06:27:45.825,1.65055,1.6507,0.80,16.00
2007.06.27 06:27:45.858,1.6505,1.6507,9.60,16.00
2007.06.27 06:27:46.100,1.6505,1.6507,4.00,21.60
2007.06.27 06:27:46.355,1.6504,1.6507,51.10,47.90
2007.06.27 06:27:46.375,1.6504,1.6507,46.30,47.90
2007.06.27 06:27:46.635,1.6504,1.6506,43.90,2.40
2007.06.27 06:27:46.745,1.6504,1.6506,41.50,6.40
2007.06.27 06:27:46.755,1.6504,1.6506,15.20,6.40
2007.06.27 06:27:46.829,1.6504,1.6506,16.00,4.00
2007.06.27 06:27:46.891,1.6504,1.6506,14.40,31.90
2007.06.27 06:27:47.165,1.6506,1.65065,2.40,1.60
2007.06.27 06:27:47.337,1.6506,1.65065,2.40,1.60
2007.06.27 06:27:47.379,1.6506,1.65065,4.80,0.80
2007.06.27 06:27:47.426,1.6506,1.6507,10.40,19.90
2007.06.27 06:27:47.456,1.65065,1.65075,0.80,0.80
2007.06.27 06:27:47.561,1.65065,1.6508,0.80,6.40
2007.06.27 06:27:47.660,1.65065,1.6507,0.80,4.00
2007.06.27 06:27:47.784,1.6506,1.6507,16.20,4.00
2007.06.27 06:27:47.824,1.6506,1.6507,13.80,4.00
2007.06.27 06:27:47.943,1.6506,1.6507,25.60,4.00
2007.06.27 06:27:47.968,1.6506,1.6507,20.00,4.00
2007.06.27 06:27:48.002,1.6506,1.6507,1.60,4.00
2007.06.27 06:27:48.200,1.6506,1.65075,1.60,5.60
2007.06.27 06:27:48.515,1.6506,1.6508,1.60,23.60
2007.06.27 06:27:50.441,1.65055,1.6508,5.60,23.60
2007.06.27 06:27:50.461,1.6505,1.65075,26.40,5.60
2007.06.27 06:27:50.642,1.6505,1.65075,22.40,5.60
2007.06.27 06:27:50.753,1.6505,1.6507,22.40,4.00
2007.06.27 06:27:50.807,1.6505,1.6507,16.80,9.60
2007.06.27 06:27:51.273,1.6505,1.6507,16.80,12.00
2007.06.27 06:27:51.360,1.6505,1.6506,16.80,5.60
2007.06.27 06:27:52.400,1.6505,1.65065,16.80,5.60
2007.06.27 06:27:53.925,1.6504,1.65065,13.60,5.60
2007.06.27 06:27:55.182,1.6504,1.6505,5.60,4.00
2007.06.27 06:27:55.257,1.6503,1.6505,14.40,9.60
2007.06.27 06:27:55.277,1.6503,1.6505,12.00,9.60
2007.06.27 06:27:55.353,1.6503,1.6505,4.00,17.60
2007.06.27 06:27:55.486,1.6503,1.6505,14.40,17.60
2007.06.27 06:27:57.605,1.6503,1.6505,14.40,31.90
2007.06.27 06:27:57.758,1.6503,1.6505,4.00,17.60
2007.06.27 06:27:59.697,1.6504,1.6505,1.60,17.60
2007.06.27 06:27:59.733,1.6504,1.6505,1.60,9.60
2007.06.27 06:27:59.872,1.6504,1.6505,1.60,4.00
2007.06.27 06:28:00.205,1.6505,1.65055,4.00,7.20
2007.06.27 06:28:00.300,1.6505,1.65055,4.00,6.40
2007.06.27 06:28:00.404,1.6505,1.6506,4.00,2.40
2007.06.27 06:28:00.470,1.6505,1.6507,26.30,13.60
2007.06.27 06:28:00.870,1.6505,1.6507,34.30,5.60
2007.06.27 06:28:00.908,1.6505,1.65075,39.90,5.60
2007.06.27 06:28:05.713,1.6505,1.6506,37.50,5.60
2007.06.27 06:28:05.811,1.6505,1.6506,7.20,5.60
2007.06.27 06:28:05.837,1.6505,1.6506,1.60,5.60
2007.06.27 06:28:08.370,1.6505,1.6506,1.60,4.00
2007.06.27 06:28:08.670,1.6505,1.6506,1.60,5.60
2007.06.27 06:28:09.182,1.6505,1.6506,1.60,4.00
2007.06.27 06:28:09.816,1.6505,1.6506,1.60,5.60
2007.06.27 06:28:10.238,1.6505,1.6506,1.60,4.00
2007.06.27 06:28:10.332,1.6505,1.6506,1.60,9.60
2007.06.27 06:28:10.436,1.6505,1.6506,1.60,0.80
2007.06.27 06:28:10.801,1.6505,1.65065,1.60,15.20
2007.06.27 06:28:10.992,1.6505,1.65065,1.60,12.80
2007.06.27 06:28:11.669,1.6505,1.6506,1.60,0.80
2007.06.27 06:28:12.207,1.6505,1.65065,1.60,13.60
2007.06.27 06:28:12.726,1.6504,1.6506,10.40,0.90
2007.06.27 06:28:12.827,1.6504,1.6505,10.40,0.80
2007.06.27 06:28:12.913,1.65035,1.6506,10.40,34.30
2007.06.27 06:28:12.951,1.6503,1.65055,12.00,10.40
2007.06.27 06:28:13.006,1.6503,1.65055,9.60,10.40
2007.06.27 06:28:13.018,1.6503,1.65055,8.80,11.20
2007.06.27 06:28:13.137,1.6504,1.65055,2.40,11.20
2007.06.27 06:28:13.221,1.6504,1.65055,2.40,23.10
2007.06.27 06:28:13.241,1.6505,1.65055,2.40,18.30
2007.06.27 06:28:13.345,1.6505,1.6506,3.20,15.20
2007.06.27 06:28:13.418,1.6505,1.6506,4.80,14.70
2007.06.27 06:28:13.749,1.6505,1.65065,4.00,15.20
2007.06.27 06:28:13.788,1.6505,1.65065,1.60,13.60
2007.06.27 06:28:13.860,1.6505,1.6507,1.60,20.00
2007.06.27 06:28:14.287,1.6505,1.6506,1.60,0.50
2007.06.27 06:28:14.364,1.6504,1.6507,21.50,50.30
2007.06.27 06:28:14.444,1.6504,1.6507,29.50,50.30
2007.06.27 06:28:14.548,1.65045,1.65075,5.60,55.10
2007.06.27 06:28:14.689,1.6505,1.6507,1.60,0.60
2007.06.27 06:28:14.789,1.6505,1.6507,1.60,0.80
2007.06.27 06:28:15.224,1.65045,1.65075,5.60,25.60
2007.06.27 06:28:15.319,1.65045,1.65075,5.60,23.20
2007.06.27 06:28:15.440,1.65045,1.6507,5.60,0.70
2007.06.27 06:28:15.511,1.65045,1.65075,5.60,23.20
2007.06.27 06:28:15.806,1.65045,1.65075,5.60,49.50
2007.06.27 06:28:15.961,1.6504,1.6507,46.30,43.90
2007.06.27 06:28:16.163,1.6504,1.65065,48.70,0.80
2007.06.27 06:28:16.749,1.6504,1.65075,48.70,39.90
2007.06.27 06:28:18.175,1.6504,1.65075,48.70,47.90
2007.06.27 06:28:18.218,1.6504,1.6507,48.70,0.80
2007.06.27 06:28:18.720,1.6504,1.6507,30.40,0.60
2007.06.27 06:28:18.737,1.6505,1.65075,1.60,21.60
2007.06.27 06:28:18.814,1.6505,1.65075,1.60,21.60
2007.06.27 06:28:19.010,1.6505,1.6507,9.60,0.60
2007.06.27 06:28:19.228,1.6505,1.65075,12.80,27.90
2007.06.27 06:28:19.245,1.6505,1.65075,13.60,27.90
2007.06.27 06:28:19.348,1.6505,1.65075,13.60,37.50
2007.06.27 06:28:19.374,1.6505,1.6507,14.40,0.70
2007.06.27 06:28:19.555,1.6505,1.65075,14.40,38.30
2007.06.27 06:28:19.655,1.6505,1.6506,14.40,0.80
2007.06.27 06:28:19.737,1.6505,1.6507,4.00,12.80
2007.06.27 06:28:20.270,1.6505,1.65065,2.40,6.40
2007.06.27 06:28:20.386,1.6505,1.6506,1.60,0.80
2007.06.27 06:28:20.785,1.65045,1.6506,0.80,0.80
2007.06.27 06:28:20.960,1.6504,1.6506,14.40,0.80
2007.06.27 06:28:21.401,1.6504,1.6506,24.80,0.80
2007.06.27 06:28:21.448,1.6504,1.6506,19.20,0.70
2007.06.27 06:28:21.900,1.6504,1.65065,19.20,22.30
2007.06.27 06:28:22.215,1.6504,1.65065,19.20,23.90
2007.06.27 06:28:22.234,1.6504,1.65065,19.20,31.90
2007.06.27 06:28:22.340,1.6504,1.6506,19.20,0.50
2007.06.27 06:28:22.459,1.6504,1.65065,19.20,39.90
2007.06.27 06:28:23.246,1.6504,1.6506,24.80,0.50
2007.06.27 06:28:23.358,1.6504,1.6506,32.80,0.70
2007.06.27 06:28:23.454,1.6504,1.65065,32.80,8.00
2007.06.27 06:28:23.756,1.6505,1.6506,1.60,0.80
2007.06.27 06:28:24.167,1.6504,1.65065,20.00,7.20
2007.06.27 06:28:24.188,1.6504,1.65065,40.70,7.20
2007.06.27 06:28:24.331,1.6504,1.65065,36.80,7.20
2007.06.27 06:28:24.459,1.6504,1.65065,32.80,7.20
2007.06.27 06:28:24.467,1.6504,1.65065,32.80,8.00
2007.06.27 06:28:24.672,1.6504,1.6506,32.80,0.60
2007.06.27 06:28:24.857,1.6504,1.65065,27.20,10.40
2007.06.27 06:28:24.905,1.6504,1.65065,19.20,32.70
2007.06.27 06:28:25.217,1.6504,1.65065,19.20,40.70
2007.06.27 06:28:25.327,1.6504,1.6506,19.20,0.50
2007.06.27 06:28:27.666,1.6504,1.65065,19.20,40.70
2007.06.27 06:28:27.729,1.6504,1.6506,19.20,0.50
2007.06.27 06:28:29.372,1.6504,1.6506,19.20,0.50
2007.06.27 06:28:29.434,1.6504,1.6506,19.20,0.80
2007.06.27 06:28:29.532,1.6504,1.65065,19.20,41.50
2007.06.27 06:28:31.302,1.6504,1.6506,18.40,0.90
2007.06.27 06:28:31.482,1.6504,1.65065,16.80,41.50
2007.06.27 06:28:31.695,1.6504,1.6506,14.40,0.60
2007.06.27 06:28:33.143,1.6504,1.65065,14.40,45.50
2007.06.27 06:28:33.262,1.6504,1.65065,16.80,45.50
2007.06.27 06:28:34.477,1.6504,1.6506,16.80,0.80
2007.06.27 06:28:37.679,1.6504,1.6506,14.40,43.10
2007.06.27 06:28:37.684,1.6504,1.6506,1.60,15.20
2007.06.27 06:28:39.304,1.6504,1.6505,12.00,0.70
2007.06.27 06:28:39.325,1.6504,1.6506,14.40,0.80
2007.06.27 06:28:39.535,1.6504,1.6506,14.40,41.50
2007.06.27 06:28:41.384,1.6504,1.6506,4.00,19.20
2007.06.27 06:28:41.705,1.6504,1.6506,2.40,19.20
2007.06.27 06:28:42.747,1.6504,1.6506,4.00,19.20
2007.06.27 06:28:46.633,1.6504,1.6506,1.60,21.60
2007.06.27 06:28:46.647,1.6504,1.6506,1.60,16.00
2007.06.27 06:28:46.755,1.6504,1.6505,1.60,4.00
2007.06.27 06:28:49.727,1.6504,1.6505,1.60,5.60
2007.06.27 06:28:54.699,1.65035,1.6505,1.60,5.60
2007.06.27 06:28:56.763,1.6504,1.6505,1.60,5.60
2007.06.27 06:28:59.242,1.6504,1.6505,1.60,4.00
2007.06.27 06:29:01.207,1.6504,1.6505,1.60,5.60
2007.06.27 06:29:01.722,1.6504,1.6505,1.60,4.00
2007.06.27 06:29:06.467,1.6504,1.6505,2.40,4.00
2007.06.27 06:29:06.548,1.6504,1.6505,4.00,4.00
2007.06.27 06:29:08.626,1.6504,1.6505,6.40,4.00
2007.06.27 06:29:08.650,1.6504,1.65055,6.40,9.60
2007.06.27 06:29:08.721,1.6504,1.6506,6.40,23.20
2007.06.27 06:29:09.168,1.6504,1.65055,5.60,0.70
2007.06.27 06:29:09.180,1.6504,1.6506,4.80,23.20
2007.06.27 06:29:09.243,1.6504,1.6505,2.40,0.70
2007.06.27 06:29:09.336,1.6504,1.6505,1.60,0.70
2007.06.27 06:29:11.213,1.6505,1.65055,0.80,10.40
2007.06.27 06:29:11.270,1.6505,1.65055,0.80,10.40
2007.06.27 06:29:11.308,1.6504,1.65055,1.60,5.70
2007.06.27 06:29:11.343,1.6504,1.6505,2.40,0.10
2007.06.27 06:29:11.500,1.6504,1.65055,3.20,5.70
2007.06.27 06:29:11.563,1.6504,1.65055,2.40,5.70
2007.06.27 06:29:11.741,1.6504,1.65055,1.60,12.00
2007.06.27 06:29:12.152,1.6504,1.65055,4.00,12.80
2007.06.27 06:29:12.194,1.6504,1.65055,4.00,12.80
2007.06.27 06:29:12.250,1.6504,1.65055,4.00,10.40
2007.06.27 06:29:12.667,1.6504,1.6505,4.00,0.70
2007.06.27 06:29:13.272,1.6504,1.6505,1.60,0.70
2007.06.27 06:29:13.687,1.65045,1.6506,0.80,34.40
2007.06.27 06:29:13.727,1.65045,1.6506,0.80,28.00
2007.06.27 06:29:13.784,1.65045,1.65065,0.80,12.80
2007.06.27 06:29:13.978,1.65045,1.6506,1.60,0.80
2007.06.27 06:29:14.219,1.65045,1.65065,0.80,13.60
2007.06.27 06:29:14.242,1.6504,1.65065,6.40,13.60
2007.06.27 06:29:14.318,1.6504,1.65065,22.40,13.60
2007.06.27 06:29:14.410,1.6504,1.6506,4.00,0.50
2007.06.27 06:29:15.662,1.6504,1.6506,4.00,0.50
2007.06.27 06:29:16.167,1.6504,1.65065,4.00,20.80
2007.06.27 06:29:17.615,1.65045,1.65065,0.80,20.80
2007.06.27 06:29:17.670,1.65045,1.65065,0.80,12.80
2007.06.27 06:29:17.723,1.6505,1.65065,1.60,12.80
2007.06.27 06:29:17.879,1.6505,1.65065,1.60,12.80
2007.06.27 06:29:18.648,1.65045,1.65065,0.80,12.80
2007.06.27 06:29:18.866,1.6504,1.65065,9.60,12.80
2007.06.27 06:29:19.164,1.6504,1.6506,7.20,0.70
2007.06.27 06:29:19.227,1.6504,1.6506,17.60,0.90
2007.06.27 06:29:19.360,1.6504,1.6506,16.80,0.60
2007.06.27 06:29:19.694,1.6504,1.6506,14.40,0.60
2007.06.27 06:29:19.753,1.6504,1.65065,1.60,17.60
2007.06.27 06:29:19.810,1.6504,1.6505,1.60,0.70
2007.06.27 06:29:20.201,1.6504,1.65055,1.60,12.00
2007.06.27 06:29:24.260,1.6504,1.65055,1.60,11.20
2007.06.27 06:29:32.618,1.6504,1.6505,4.00,0.90
2007.06.27 06:29:32.732,1.6504,1.65055,4.00,0.80
2007.06.27 06:29:32.848,1.6504,1.65065,4.00,25.60
2007.06.27 06:29:32.858,1.6504,1.65065,4.00,17.60
2007.06.27 06:29:33.245,1.6504,1.65065,4.00,20.80
2007.06.27 06:29:33.744,1.6504,1.6506,4.00,0.50
2007.06.27 06:29:34.165,1.6505,1.6506,1.60,0.80
2007.06.27 06:29:34.237,1.6505,1.6507,2.40,39.90
2007.06.27 06:29:34.298,1.6505,1.6507,3.20,42.30
2007.06.27 06:29:34.502,1.6505,1.6507,4.00,30.40
2007.06.27 06:29:34.690,1.6505,1.6506,3.20,0.80
2007.06.27 06:29:34.774,1.6505,1.65065,2.40,12.00
2007.06.27 06:29:34.855,1.6505,1.6506,1.60,0.70
2007.06.27 06:29:35.037,1.6505,1.6506,1.60,0.80
2007.06.27 06:29:35.248,1.65045,1.65065,0.80,11.20
2007.06.27 06:29:35.297,1.6505,1.65065,0.80,11.20
2007.06.27 06:29:35.306,1.6505,1.6506,1.60,0.60
2007.06.27 06:29:35.342,1.6505,1.6506,2.40,0.70
2007.06.27 06:29:35.540,1.6505,1.65065,1.60,11.20
2007.06.27 06:29:35.573,1.6505,1.6506,0.80,0.80
2007.06.27 06:29:35.631,1.6504,1.6506,6.40,0.90
2007.06.27 06:29:35.735,1.6504,1.6506,9.60,9.60
2007.06.27 06:29:35.769,1.6505,1.6506,1.60,5.60
2007.06.27 06:29:35.834,1.6505,1.6507,1.60,34.30
2007.06.27 06:29:35.839,1.6505,1.6507,1.60,22.40
2007.06.27 06:29:35.920,1.6505,1.6507,1.60,20.00
2007.06.27 06:29:36.172,1.65045,1.6507,7.20,22.40
2007.06.27 06:29:36.254,1.65045,1.6507,7.20,16.80
2007.06.27 06:29:36.275,1.65045,1.6507,7.20,19.20
2007.06.27 06:29:36.348,1.65045,1.65065,0.80,5.60
2007.06.27 06:29:36.373,1.6504,1.65065,20.80,5.60
2007.06.27 06:29:36.381,1.6504,1.65065,42.40,5.60
2007.06.27 06:29:36.504,1.6504,1.65065,42.30,5.60
2007.06.27 06:29:37.239,1.6504,1.65065,41.50,5.60
2007.06.27 06:29:37.405,1.6504,1.65065,40.70,5.60
2007.06.27 06:29:37.473,1.6504,1.65065,39.90,5.60
2007.06.27 06:29:37.651,1.6504,1.65065,35.90,5.60
2007.06.27 06:29:37.723,1.6504,1.65065,27.90,5.60
2007.06.27 06:29:37.941,1.6504,1.6506,5.60,8.00
2007.06.27 06:29:37.969,1.65035,1.6506,5.60,13.60
2007.06.27 06:29:37.997,1.65035,1.6506,5.60,17.60
2007.06.27 06:29:38.686,1.65035,1.6506,5.60,20.00
2007.06.27 06:29:38.763,1.65035,1.6506,5.60,26.30
2007.06.27 06:29:38.794,1.65035,1.6505,5.60,4.00
2007.06.27 06:29:39.039,1.6503,1.6505,4.00,17.60
2007.06.27 06:29:39.212,1.6503,1.6505,4.80,17.60
2007.06.27 06:29:39.264,1.6503,1.6505,5.60,17.60
2007.06.27 06:29:39.349,1.6503,1.6505,6.40,17.60
2007.06.27 06:29:41.381,1.6504,1.6505,1.60,9.60
2007.06.27 06:29:41.685,1.6504,1.6505,1.60,5.60
2007.06.27 06:29:41.979,1.6504,1.6506,1.60,15.20
2007.06.27 06:29:42.308,1.65035,1.6506,5.60,15.20
2007.06.27 06:29:42.497,1.65035,1.6506,5.60,13.60
2007.06.27 06:29:42.848,1.65035,1.6506,5.60,17.60
2007.06.27 06:29:44.182,1.65035,1.6506,5.60,20.00
2007.06.27 06:29:44.278,1.65035,1.6506,5.60,14.40
2007.06.27 06:29:44.330,1.65035,1.6505,5.60,4.00
2007.06.27 06:29:44.516,1.65035,1.6505,5.60,12.00
2007.06.27 06:29:44.591,1.6503,1.6505,4.80,17.60
2007.06.27 06:29:44.613,1.6503,1.6505,5.60,17.60
2007.06.27 06:29:44.696,1.6503,1.6505,6.40,17.60
2007.06.27 06:29:45.182,1.6504,1.6505,0.80,17.60
2007.06.27 06:29:45.291,1.6504,1.6505,0.80,9.60
2007.06.27 06:29:45.328,1.6504,1.6505,1.60,9.60
2007.06.27 06:29:45.365,1.6504,1.6505,2.40,9.60
2007.06.27 06:29:45.742,1.6504,1.6505,4.00,9.60
2007.06.27 06:29:45.897,1.6504,1.6505,4.00,4.00
2007.06.27 06:29:46.156,1.6504,1.6505,6.40,4.00
2007.06.27 06:29:46.257,1.6504,1.65055,6.40,0.80
2007.06.27 06:29:46.349,1.6504,1.65055,5.60,0.80
2007.06.27 06:29:46.399,1.6504,1.65055,4.80,0.80
2007.06.27 06:29:46.423,1.6504,1.6506,9.60,8.00
2007.06.27 06:29:46.461,1.6504,1.65065,43.90,6.40
2007.06.27 06:29:46.698,1.6504,1.65065,39.90,5.60
2007.06.27 06:29:46.754,1.6504,1.65065,31.90,5.60
2007.06.27 06:29:46.786,1.6504,1.6506,31.90,4.00
2007.06.27 06:29:46.882,1.6504,1.6506,5.60,12.00
2007.06.27 06:29:46.946,1.65035,1.6506,5.60,17.60
2007.06.27 06:29:47.176,1.6504,1.6506,8.00,9.60
2007.06.27 06:29:47.201,1.6505,1.6506,1.60,9.60
2007.06.27 06:29:47.290,1.6505,1.6506,1.60,5.60
2007.06.27 06:29:47.504,1.6505,1.6507,1.60,21.60
2007.06.27 06:29:47.680,1.65045,1.6507,7.20,21.60
2007.06.27 06:29:47.727,1.65045,1.6507,6.40,21.60
2007.06.27 06:29:47.784,1.65045,1.6507,5.60,24.00
2007.06.27 06:29:47.995,1.6504,1.65065,16.80,5.60
2007.06.27 06:29:48.333,1.6504,1.65065,44.70,5.60
2007.06.27 06:29:48.415,1.6504,1.65065,46.30,5.60
2007.06.27 06:29:49.194,1.6504,1.65065,47.90,5.60
2007.06.27 06:29:49.247,1.6504,1.65065,49.50,5.60
2007.06.27 06:29:49.354,1.6504,1.65065,50.30,5.60
2007.06.27 06:29:49.434,1.6504,1.65065,51.10,5.60
2007.06.27 06:29:49.546,1.6504,1.65065,50.30,5.60
2007.06.27 06:29:49.619,1.6504,1.65065,51.10,5.60
2007.06.27 06:29:49.655,1.6504,1.65065,50.30,5.60
2007.06.27 06:29:50.041,1.6504,1.65065,49.50,5.60
2007.06.27 06:29:50.068,1.6504,1.65065,50.30,5.60
2007.06.27 06:29:50.134,1.6504,1.65065,51.10,5.60
2007.06.27 06:29:50.478,1.6504,1.65065,50.30,5.60
2007.06.27 06:29:50.551,1.6504,1.65065,49.50,5.60
2007.06.27 06:29:50.779,1.6504,1.65065,50.30,5.60
2007.06.27 06:29:50.879,1.6504,1.65065,51.10,5.60
2007.06.27 06:29:51.800,1.6505,1.65065,0.80,5.60
2007.06.27 06:29:51.927,1.6505,1.65065,1.60,5.60
2007.06.27 06:29:51.962,1.6505,1.65065,2.40,5.60
2007.06.27 06:29:52.241,1.6506,1.65065,1.60,5.60
2007.06.27 06:29:52.260,1.6506,1.6507,1.60,12.00
2007.06.27 06:29:57.879,1.6506,1.6507,1.20,12.00
2007.06.27 06:30:00.440,1.6506,1.6507,1.10,6.40
2007.06.27 06:30:08.726,1.6505,1.6507,30.30,19.20
2007.06.27 06:30:08.784,1.65045,1.6507,42.30,20.80
2007.06.27 06:30:08.834,1.65045,1.6507,40.70,20.80
2007.06.27 06:30:08.859,1.65045,1.6507,39.90,20.80
2007.06.27 06:30:08.919,1.65045,1.6507,40.70,20.80
2007.06.27 06:30:09.109,1.65045,1.6507,39.90,20.80
2007.06.27 06:30:09.158,1.6505,1.6507,7.80,20.80
2007.06.27 06:30:10.710,1.6505,1.6507,2.10,20.80
2007.06.27 06:30:10.858,1.6505,1.6507,6.40,20.80
2007.06.27 06:30:10.972,1.6504,1.6507,59.10,26.40
2007.06.27 06:30:11.291,1.6504,1.6507,58.30,26.40
2007.06.27 06:30:11.386,1.6504,1.6507,57.50,24.00
2007.06.27 06:30:11.596,1.6504,1.6507,53.50,21.60
2007.06.27 06:30:12.045,1.6504,1.6507,51.90,21.60
2007.06.27 06:30:12.149,1.6504,1.6507,55.90,19.20
2007.06.27 06:30:12.262,1.6505,1.6507,12.80,11.20
2007.06.27 06:30:12.447,1.6506,1.6507,0.90,5.60
2007.06.27 06:30:12.483,1.6505,1.65075,20.80,5.60
2007.06.27 06:30:12.692,1.6505,1.65075,19.20,5.60
2007.06.27 06:30:12.754,1.6505,1.65075,28.00,5.60
2007.06.27 06:30:12.780,1.6505,1.65075,12.80,6.40
2007.06.27 06:30:12.899,1.6506,1.6507,0.80,1.60
2007.06.27 06:30:13.258,1.65055,1.6507,0.80,4.00
2007.06.27 06:30:13.296,1.6505,1.6507,8.00,8.00
2007.06.27 06:30:13.343,1.6505,1.6507,13.60,13.60
2007.06.27 06:30:13.425,1.65055,1.6507,0.80,21.60
2007.06.27 06:30:13.630,1.6505,1.6507,0.90,21.60
2007.06.27 06:30:13.712,1.6505,1.6507,1.10,19.20
2007.06.27 06:30:13.796,1.6504,1.6507,63.90,21.60
2007.06.27 06:30:13.900,1.65045,1.6507,34.30,16.00
2007.06.27 06:30:14.223,1.65045,1.6507,31.10,18.40
2007.06.27 06:30:14.238,1.65045,1.6507,28.70,18.40
2007.06.27 06:30:14.358,1.6505,1.6507,1.10,16.00
2007.06.27 06:30:14.439,1.65045,1.6507,2.40,21.60
2007.06.27 06:30:16.713,1.6504,1.6507,13.30,21.60
2007.06.27 06:30:16.827,1.65035,1.6507,51.20,47.90
2007.06.27 06:30:17.065,1.6504,1.6507,9.30,47.90
2007.06.27 06:30:17.222,1.6504,1.6507,48.00,47.90
2007.06.27 06:30:17.261,1.6504,1.6507,36.00,21.60
2007.06.27 06:30:17.415,1.6504,1.6507,47.90,21.60
2007.06.27 06:30:17.458,1.6504,1.6507,50.30,21.60
2007.06.27 06:30:17.562,1.6505,1.6507,0.50,21.60
2007.06.27 06:30:17.648,1.6505,1.6507,2.40,19.20
2007.06.27 06:30:17.820,1.6505,1.6507,2.40,13.60
2007.06.27 06:30:17.985,1.6505,1.6507,17.50,31.90
2007.06.27 06:30:18.148,1.65045,1.6507,43.90,31.90
2007.06.27 06:30:18.371,1.6505,1.6507,10.60,31.90
2007.06.27 06:30:18.592,1.65045,1.6507,35.90,31.90
2007.06.27 06:30:19.166,1.65045,1.6507,37.50,31.90
2007.06.27 06:30:19.379,1.6505,1.6507,14.00,31.90
2007.06.27 06:30:21.357,1.65045,1.6507,39.10,31.90
2007.06.27 06:30:21.422,1.6505,1.6507,3.00,31.90
2007.06.27 06:30:21.624,1.65045,1.6507,38.30,31.90
2007.06.27 06:30:21.721,1.6506,1.6507,0.50,32.70
2007.06.27 06:30:21.908,1.6506,1.6507,0.60,6.40
2007.06.27 06:30:22.143,1.6506,1.6507,0.70,4.00
2007.06.27 06:30:22.707,1.6506,1.6507,1.50,4.00
2007.06.27 06:30:22.749,1.6506,1.6507,1.90,4.00
2007.06.27 06:30:22.801,1.6505,1.6507,20.00,4.00
2007.06.27 06:30:22.823,1.6506,1.6507,0.90,4.00
2007.06.27 06:30:22.956,1.6505,1.6507,20.00,4.00
2007.06.27 06:30:23.075,1.6505,1.6507,19.20,4.00
2007.06.27 06:30:24.226,1.6506,1.6507,1.20,4.00
2007.06.27 06:30:24.244,1.65055,1.6507,6.40,4.00
2007.06.27 06:30:24.361,1.65055,1.6507,6.40,4.00
2007.06.27 06:30:24.717,1.6506,1.6507,2.30,4.00
2007.06.27 06:30:24.859,1.6506,1.6507,1.20,4.00
2007.06.27 06:30:24.909,1.6506,1.6507,0.90,4.00
2007.06.27 06:30:24.952,1.65055,1.6508,8.80,23.90
2007.06.27 06:30:24.989,1.6506,1.6508,0.50,12.00
2007.06.27 06:30:25.066,1.6506,1.6508,11.90,38.30
2007.06.27 06:30:25.252,1.65055,1.6508,28.70,38.30
2007.06.27 06:30:25.273,1.65055,1.6508,2.40,12.00
2007.06.27 06:30:25.393,1.65055,1.6508,18.30,34.30
2007.06.27 06:30:25.470,1.6505,1.6508,50.20,39.90
2007.06.27 06:30:25.503,1.65045,1.6508,41.50,21.60
2007.06.27 06:30:25.572,1.6505,1.6508,25.70,47.90
2007.06.27 06:30:25.664,1.65045,1.6508,56.70,47.90
2007.06.27 06:30:25.779,1.6505,1.6508,6.10,54.30
2007.06.27 06:30:25.992,1.6505,1.65075,3.30,5.60
2007.06.27 06:30:26.187,1.65045,1.65075,36.70,5.60
2007.06.27 06:30:26.199,1.65045,1.65075,28.70,5.60
2007.06.27 06:30:26.428,1.6504,1.65075,62.30,5.60
2007.06.27 06:30:26.692,1.6505,1.6507,1.10,4.00
2007.06.27 06:30:26.706,1.6505,1.6507,4.70,4.00
2007.06.27 06:30:26.873,1.65045,1.6507,31.10,4.00
2007.06.27 06:30:27.372,1.6505,1.6507,27.90,4.00
2007.06.27 06:30:27.727,1.6506,1.65075,1.60,5.60
2007.06.27 06:30:29.133,1.6506,1.6508,1.60,24.00
2007.06.27 06:30:29.288,1.6506,1.6508,1.60,18.40
2007.06.27 06:30:29.680,1.6506,1.6508,1.60,20.00
2007.06.27 06:30:30.205,1.6505,1.6508,28.00,20.00
2007.06.27 06:30:30.391,1.6505,1.6508,30.40,34.40
2007.06.27 06:30:37.187,1.6505,1.6507,12.80,2.40
2007.06.27 06:30:37.199,1.6505,1.65065,11.20,0.80
2007.06.27 06:30:37.394,1.6505,1.65065,5.60,1.60
2007.06.27 06:30:38.151,1.6505,1.65065,8.00,1.60
2007.06.27 06:30:38.237,1.6505,1.65065,10.40,0.80
2007.06.27 06:30:38.338,1.6505,1.65065,32.80,0.80
2007.06.27 06:30:38.457,1.6505,1.6508,38.40,28.00
2007.06.27 06:30:39.130,1.6505,1.6508,26.40,17.60
2007.06.27 06:30:39.182,1.6506,1.6508,1.60,17.60
2007.06.27 06:30:39.224,1.6506,1.6508,1.60,12.00
2007.06.27 06:30:39.392,1.6506,1.6508,12.00,16.80
2007.06.27 06:30:40.182,1.6506,1.6508,12.00,14.40
2007.06.27 06:30:40.303,1.6506,1.6508,10.40,14.40
2007.06.27 06:30:40.354,1.6506,1.6508,10.40,20.00
2007.06.27 06:30:40.365,1.6505,1.6508,38.40,28.00
2007.06.27 06:30:42.150,1.6505,1.65075,38.40,0.80
2007.06.27 06:30:42.230,1.6505,1.65075,24.00,0.80
2007.06.27 06:30:42.336,1.6505,1.6507,26.40,2.40
2007.06.27 06:30:42.454,1.6505,1.6507,24.00,2.40
2007.06.27 06:30:42.530,1.6505,1.6507,18.40,2.40
2007.06.27 06:30:44.800,1.6505,1.6507,16.80,2.40
2007.06.27 06:30:44.810,1.6505,1.6507,14.40,2.40
2007.06.27 06:30:45.146,1.6505,1.6507,12.00,4.80
2007.06.27 06:30:45.254,1.6505,1.6507,12.00,7.20
2007.06.27 06:30:45.264,1.6505,1.6507,9.60,11.20
2007.06.27 06:30:45.284,1.6505,1.6507,9.60,16.80
2007.06.27 06:30:45.359,1.6505,1.6507,1.60,18.40
2007.06.27 06:30:46.909,1.6505,1.6507,2.40,18.40
2007.06.27 06:30:47.010,1.6505,1.6507,3.20,18.40
2007.06.27 06:30:47.089,1.6505,1.6507,4.00,18.40
2007.06.27 06:30:47.207,1.6505,1.6507,6.40,13.60
2007.06.27 06:30:47.335,1.6505,1.6507,16.80,8.00
2007.06.27 06:30:47.356,1.6505,1.6507,16.80,2.40
2007.06.27 06:30:47.586,1.6505,1.6507,31.90,14.30
2007.06.27 06:30:47.630,1.6505,1.6507,31.10,14.30
2007.06.27 06:30:47.721,1.6505,1.6507,27.90,19.10
2007.06.27 06:30:47.795,1.6505,1.6507,27.90,23.10
2007.06.27 06:30:47.899,1.6505,1.6507,1.60,18.40
2007.06.27 06:30:48.171,1.6505,1.6507,3.20,18.40
2007.06.27 06:30:48.238,1.6505,1.6507,4.80,18.40
2007.06.27 06:30:48.446,1.6505,1.6507,5.60,18.40
2007.06.27 06:30:48.642,1.6505,1.6507,5.60,16.00
2007.06.27 06:30:48.735,1.6505,1.6507,13.60,8.00
2007.06.27 06:30:48.751,1.6506,1.6507,1.60,5.60
2007.06.27 06:30:49.188,1.6506,1.65075,1.60,7.20
2007.06.27 06:30:49.700,1.6506,1.65075,1.60,6.40
2007.06.27 06:30:49.716,1.6506,1.65075,1.60,5.60
2007.06.27 06:30:50.152,1.6506,1.65075,2.40,5.60
2007.06.27 06:30:50.220,1.6506,1.65075,3.20,5.60
2007.06.27 06:30:50.227,1.6506,1.65075,4.00,5.60
2007.06.27 06:30:50.725,1.6506,1.6508,4.00,5.60
2007.06.27 06:30:50.951,1.6507,1.6508,0.80,5.60
2007.06.27 06:30:50.983,1.6506,1.6507,4.00,0.10
2007.06.27 06:30:51.158,1.6506,1.6507,3.20,0.10
2007.06.27 06:30:51.218,1.6506,1.65075,3.20,0.80
2007.06.27 06:30:51.290,1.6506,1.65075,2.40,0.80
2007.06.27 06:30:51.312,1.6506,1.65075,1.60,1.60
2007.06.27 06:30:51.676,1.6506,1.6507,1.60,2.40
2007.06.27 06:30:52.177,1.6506,1.65075,1.60,7.20
2007.06.27 06:30:52.695,1.6505,1.6507,26.30,1.60
2007.06.27 06:30:52.784,1.6505,1.6507,32.70,23.90
2007.06.27 06:30:53.226,1.6505,1.6507,32.70,22.30
2007.06.27 06:30:53.296,1.6505,1.6507,32.70,14.30
2007.06.27 06:30:53.732,1.6506,1.6507,1.60,14.30
2007.06.27 06:30:53.855,1.6506,1.65075,1.60,7.20
2007.06.27 06:30:54.678,1.6505,1.65075,15.20,7.20
2007.06.27 06:30:54.944,1.6505,1.6507,32.70,14.30
2007.06.27 06:30:57.189,1.6505,1.6507,4.00,4.80
2007.06.27 06:30:57.279,1.6505,1.6507,4.00,7.20
2007.06.27 06:30:57.383,1.6505,1.65065,4.00,0.80
2007.06.27 06:30:57.403,1.6505,1.65065,4.00,1.60
2007.06.27 06:30:59.154,1.6505,1.65065,6.40,1.60
2007.06.27 06:30:59.319,1.6505,1.65065,7.20,1.60
2007.06.27 06:30:59.371,1.6505,1.65065,7.20,0.80
2007.06.27 06:30:59.434,1.6505,1.65065,6.40,0.80
2007.06.27 06:30:59.579,1.6505,1.6507,6.40,8.80
2007.06.27 06:30:59.681,1.6505,1.6507,4.00,11.20
2007.06.27 06:30:59.801,1.6505,1.65065,4.00,0.80
2007.06.27 06:31:00.074,1.6505,1.65065,4.00,1.60
2007.06.27 06:31:00.197,1.6505,1.65065,3.20,1.60
2007.06.27 06:31:00.222,1.6505,1.65065,2.40,1.60
2007.06.27 06:31:00.298,1.6505,1.65065,2.40,0.80
2007.06.27 06:31:00.379,1.6505,1.65065,1.60,0.80
2007.06.27 06:31:00.421,1.6505,1.65065,1.60,1.60
2007.06.27 06:31:00.661,1.6505,1.65065,1.60,0.80
2007.06.27 06:31:00.927,1.6505,1.65065,1.60,6.40
2007.06.27 06:31:01.171,1.6505,1.65065,1.60,7.20
2007.06.27 06:31:01.249,1.6505,1.6506,1.60,2.40
2007.06.27 06:31:01.343,1.6505,1.6506,1.60,3.20
2007.06.27 06:31:01.627,1.6505,1.6506,1.60,5.60
2007.06.27 06:31:01.658,1.6504,1.6506,26.50,5.60
2007.06.27 06:31:01.686,1.6505,1.6506,2.40,5.60
2007.06.27 06:31:01.969,1.6505,1.6506,2.40,11.20
2007.06.27 06:31:02.035,1.6505,1.6506,4.80,11.20
2007.06.27 06:31:02.197,1.6505,1.6506,4.80,8.80
2007.06.27 06:31:02.237,1.6505,1.6506,2.40,8.80
2007.06.27 06:31:02.268,1.6505,1.65055,2.40,0.80
2007.06.27 06:31:02.350,1.6504,1.6506,4.00,10.40
2007.06.27 06:31:02.401,1.6504,1.6506,23.90,35.90
2007.06.27 06:31:02.499,1.6504,1.6506,23.90,30.30
2007.06.27 06:31:02.645,1.6504,1.6506,22.30,32.70
2007.06.27 06:31:02.721,1.6504,1.6506,11.90,36.70
2007.06.27 06:31:02.772,1.6504,1.65055,11.90,5.60
2007.06.27 06:31:02.829,1.65035,1.65055,0.80,5.60
2007.06.27 06:31:02.957,1.6503,1.65055,24.00,5.60
2007.06.27 06:31:02.962,1.6503,1.65055,16.00,5.60
2007.06.27 06:31:03.015,1.6503,1.65055,10.40,5.60
2007.06.27 06:31:03.174,1.6503,1.65055,2.40,5.60
2007.06.27 06:31:03.272,1.6503,1.65055,8.00,5.60
2007.06.27 06:31:03.345,1.6503,1.65055,5.60,5.60
2007.06.27 06:31:03.478,1.6503,1.65055,13.60,5.60
2007.06.27 06:31:03.702,1.6503,1.65055,15.20,5.60
2007.06.27 06:31:03.786,1.6503,1.65055,25.60,5.60
2007.06.27 06:31:03.858,1.6503,1.65055,28.00,5.60
2007.06.27 06:31:04.162,1.6502,1.65055,39.20,5.60
2007.06.27 06:31:04.214,1.6502,1.65055,40.80,5.60
2007.06.27 06:31:04.305,1.6503,1.65055,2.60,5.60
2007.06.27 06:31:04.381,1.6502,1.65055,56.70,5.60
2007.06.27 06:31:05.730,1.6503,1.6505,10.00,26.30
2007.06.27 06:31:05.759,1.6502,1.6505,43.90,30.30
2007.06.27 06:31:05.816,1.6502,1.6505,46.30,30.30
2007.06.27 06:31:06.043,1.6502,1.6505,38.30,12.00
2007.06.27 06:31:06.115,1.65015,1.6505,43.90,17.60
2007.06.27 06:31:06.181,1.6502,1.6505,12.00,20.00
2007.06.27 06:31:06.303,1.65015,1.6505,28.00,20.00
2007.06.27 06:31:06.375,1.6502,1.6505,22.40,20.00
2007.06.27 06:31:06.412,1.6502,1.6505,43.90,50.30
2007.06.27 06:31:06.903,1.6502,1.6505,47.90,54.30
2007.06.27 06:31:07.314,1.6502,1.6504,47.90,1.60
2007.06.27 06:31:07.720,1.65025,1.6504,2.30,5.60
2007.06.27 06:31:08.213,1.65025,1.6504,3.00,6.40
2007.06.27 06:31:08.268,1.6502,1.6504,13.60,7.20
2007.06.27 06:31:08.453,1.6502,1.6504,2.30,8.00
2007.06.27 06:31:08.483,1.6502,1.6504,1.50,4.00
2007.06.27 06:31:08.758,1.6502,1.6504,0.80,12.00
2007.06.27 06:31:08.773,1.6502,1.6503,2.20,1.60
2007.06.27 06:31:08.996,1.65015,1.6503,9.60,1.60
2007.06.27 06:31:18.166,1.65015,1.6502,9.60,1.60
2007.06.27 06:31:18.272,1.6501,1.6502,23.10,1.60
2007.06.27 06:31:18.363,1.65,1.6502,43.50,7.20
2007.06.27 06:31:18.382,1.65,1.6502,21.30,7.20
2007.06.27 06:31:18.501,1.65,1.6502,3.00,19.20
2007.06.27 06:31:18.536,1.64995,1.6502,8.00,19.20
2007.06.27 06:31:18.625,1.6499,1.6502,45.50,19.20
2007.06.27 06:31:18.679,1.6499,1.6501,43.90,1.60
2007.06.27 06:31:19.216,1.65,1.6501,1.10,1.60
2007.06.27 06:31:19.298,1.64995,1.6501,0.80,1.60
2007.06.27 06:31:19.466,1.6499,1.6501,13.70,1.60
2007.06.27 06:31:19.497,1.6499,1.6501,11.90,1.60
2007.06.27 06:31:20.227,1.6499,1.6501,0.80,4.00
2007.06.27 06:31:20.256,1.64985,1.6501,25.60,5.60
2007.06.27 06:31:20.689,1.6499,1.6501,3.40,8.00
2007.06.27 06:31:21.630,1.64985,1.6501,25.60,5.60
2007.06.27 06:31:22.147,1.64985,1.6501,27.20,4.00
2007.06.27 06:31:22.154,1.64985,1.6501,27.20,2.40
2007.06.27 06:31:22.170,1.6499,1.6501,7.50,1.60
2007.06.27 06:31:22.358,1.64995,1.6501,0.80,1.60
2007.06.27 06:31:22.419,1.6499,1.6501,26.40,1.60
2007.06.27 06:31:26.200,1.65,1.65015,0.80,7.20
2007.06.27 06:31:26.902,1.65,1.6501,0.50,1.60
2007.06.27 06:31:27.226,1.64985,1.6501,34.40,1.60
2007.06.27 06:31:27.278,1.64985,1.6501,26.40,1.60
2007.06.27 06:31:27.694,1.65,1.65015,2.10,5.60
2007.06.27 06:31:27.866,1.65,1.6502,0.90,16.00
2007.06.27 06:31:28.217,1.64995,1.6502,16.00,13.60
2007.06.27 06:31:28.292,1.64995,1.6502,18.40,12.80
2007.06.27 06:31:28.312,1.64995,1.6502,18.40,14.40
2007.06.27 06:31:28.397,1.64995,1.6502,18.40,9.60
2007.06.27 06:31:28.621,1.65,1.6502,2.40,12.00
2007.06.27 06:31:28.679,1.64995,1.6502,23.20,8.00
2007.06.27 06:31:28.735,1.64995,1.6502,20.80,8.00
2007.06.27 06:31:28.907,1.65,1.6502,6.50,13.60
2007.06.27 06:31:28.975,1.64995,1.6502,31.10,43.90
2007.06.27 06:31:29.289,1.64995,1.6502,29.50,43.90
2007.06.27 06:31:29.456,1.64995,1.6502,29.50,21.60
2007.06.27 06:31:29.709,1.64995,1.6502,11.20,35.90
2007.06.27 06:31:29.746,1.64995,1.6501,4.80,5.60
2007.06.27 06:31:29.758,1.6499,1.6501,21.60,7.20
2007.06.27 06:31:29.854,1.64985,1.6501,20.00,7.20
2007.06.27 06:31:30.175,1.6499,1.65,3.50,1.60
2007.06.27 06:31:30.275,1.6499,1.65,1.60,1.60
2007.06.27 06:31:30.321,1.64985,1.65,7.20,1.60
2007.06.27 06:31:31.192,1.64985,1.65,5.60,1.60
2007.06.27 06:31:31.607,1.6499,1.65,0.90,4.00
2007.06.27 06:31:31.722,1.6498,1.6499,22.30,1.60
2007.06.27 06:31:31.821,1.6497,1.64985,39.80,6.40
2007.06.27 06:31:31.840,1.6498,1.64985,1.10,6.40
2007.06.27 06:31:31.907,1.6498,1.64985,0.50,7.20
2007.06.27 06:31:32.243,1.6497,1.6498,2.50,1.60
2007.06.27 06:31:33.275,1.6497,1.64985,1.90,5.60
2007.06.27 06:31:33.823,1.6497,1.6498,1.60,1.60
2007.06.27 06:31:33.919,1.6497,1.6498,1.60,5.60
2007.06.27 06:31:36.198,1.6496,1.6498,21.60,8.00
2007.06.27 06:31:36.275,1.6496,1.6497,19.20,4.00
2007.06.27 06:31:36.319,1.6496,1.6497,3.20,9.60
2007.06.27 06:31:36.371,1.6495,1.6497,26.30,35.90
2007.06.27 06:31:36.707,1.6495,1.6497,26.30,45.50
2007.06.27 06:31:37.544,1.6495,1.6497,26.30,19.20
2007.06.27 06:31:37.737,1.6495,1.6496,1.60,5.60
2007.06.27 06:31:38.002,1.6495,1.6496,1.60,5.60
2007.06.27 06:31:38.030,1.6495,1.6496,1.60,4.00
2007.06.27 06:31:38.766,1.6495,1.64965,1.60,5.60
2007.06.27 06:31:38.817,1.6495,1.6497,1.60,16.00
2007.06.27 06:31:39.324,1.6495,1.64965,1.60,5.60
2007.06.27 06:31:39.369,1.6495,1.6496,1.60,4.00
2007.06.27 06:31:41.364,1.6495,1.6496,1.60,6.40
2007.06.27 06:31:41.620,1.6495,1.6496,4.00,6.40
2007.06.27 06:31:41.724,1.6495,1.6496,4.00,4.00
2007.06.27 06:31:41.847,1.6495,1.6496,6.40,4.00
2007.06.27 06:31:41.912,1.6495,1.6496,12.00,4.00
2007.06.27 06:31:42.138,1.6495,1.6496,9.60,4.00
2007.06.27 06:31:42.228,1.6495,1.6496,7.20,4.00
2007.06.27 06:31:42.245,1.6495,1.6496,5.60,2.40
2007.06.27 06:31:42.351,1.6495,1.6496,5.60,6.40
2007.06.27 06:31:42.441,1.6495,1.6496,13.60,4.00
2007.06.27 06:31:42.508,1.6495,1.6496,8.00,4.00
2007.06.27 06:31:42.557,1.6494,1.6496,14.40,4.00
2007.06.27 06:31:42.655,1.6494,1.6496,12.00,4.00
2007.06.27 06:31:42.669,1.6494,1.6496,47.90,4.00
2007.06.27 06:31:42.765,1.6494,1.6496,43.90,5.60
2007.06.27 06:31:42.780,1.6494,1.64955,38.30,5.60
2007.06.27 06:31:42.881,1.6494,1.6495,38.30,4.00
2007.06.27 06:31:42.951,1.6494,1.6495,8.00,4.00
2007.06.27 06:31:43.058,1.6493,1.6495,14.40,4.00
2007.06.27 06:31:43.285,1.6493,1.6495,12.00,4.00
2007.06.27 06:31:43.511,1.6493,1.6495,31.90,12.00
2007.06.27 06:31:43.537,1.6493,1.6495,26.30,17.60
2007.06.27 06:31:43.622,1.6493,1.6495,28.70,17.60
2007.06.27 06:31:43.698,1.64935,1.6495,0.80,17.60
2007.06.27 06:31:43.828,1.64935,1.6495,0.80,12.00
2007.06.27 06:31:43.908,1.6494,1.6495,2.40,12.00
2007.06.27 06:31:44.013,1.6494,1.6495,4.80,4.00
2007.06.27 06:31:44.235,1.6494,1.6495,2.40,5.60
2007.06.27 06:31:44.247,1.64935,1.6495,0.80,5.60
2007.06.27 06:31:44.312,1.6493,1.6495,19.20,5.60
2007.06.27 06:31:44.329,1.6493,1.6495,39.10,13.60
2007.06.27 06:31:44.370,1.64935,1.6495,0.80,19.20
2007.06.27 06:31:44.657,1.6493,1.6495,27.10,19.20
2007.06.27 06:31:44.704,1.6493,1.6495,19.10,19.20
2007.06.27 06:31:44.727,1.6493,1.6495,17.50,19.20
2007.06.27 06:31:44.831,1.6493,1.6495,16.70,19.20
2007.06.27 06:31:45.129,1.6493,1.6495,16.70,20.00
2007.06.27 06:31:45.158,1.6493,1.6494,14.30,2.40
2007.06.27 06:31:45.192,1.6493,1.6494,14.30,3.20
2007.06.27 06:31:45.286,1.6493,1.6494,22.30,7.20
2007.06.27 06:31:45.393,1.64925,1.6494,5.60,15.20
2007.06.27 06:31:45.482,1.6492,1.64935,23.10,5.60
2007.06.27 06:31:45.528,1.6491,1.6493,26.40,5.60
2007.06.27 06:31:45.537,1.6492,1.6493,15.10,5.60
2007.06.27 06:31:45.595,1.64915,1.6493,0.80,5.60
2007.06.27 06:31:45.751,1.64915,1.6493,0.80,6.40
2007.06.27 06:31:46.274,1.64915,1.6493,0.80,5.60
2007.06.27 06:31:46.521,1.64915,1.6493,1.60,5.60
2007.06.27 06:31:48.702,1.64915,1.6493,1.60,8.00
2007.06.27 06:31:48.813,1.64915,1.6492,0.80,4.00
2007.06.27 06:31:48.904,1.6491,1.6492,14.40,4.00
2007.06.27 06:31:48.943,1.6491,1.6492,12.00,4.00
2007.06.27 06:31:49.236,1.6491,1.6493,12.00,19.90
2007.06.27 06:31:49.469,1.6491,1.6493,14.40,8.00
2007.06.27 06:31:49.656,1.6491,1.6493,16.80,5.60
2007.06.27 06:31:49.950,1.6491,1.6493,14.40,8.00
2007.06.27 06:31:50.044,1.6491,1.6493,14.40,8.80
2007.06.27 06:31:50.122,1.6491,1.6493,14.40,9.60
2007.06.27 06:31:50.165,1.6492,1.6493,1.60,7.20
2007.06.27 06:31:50.242,1.6492,1.6493,1.60,6.40
2007.06.27 06:31:50.269,1.6492,1.6493,1.60,4.00
2007.06.27 06:31:50.680,1.64915,1.6493,0.80,5.60
2007.06.27 06:31:50.878,1.64915,1.6493,1.60,5.60
2007.06.27 06:31:51.190,1.64915,1.6493,1.60,12.00
2007.06.27 06:31:51.280,1.64915,1.6493,1.60,13.60
2007.06.27 06:31:51.303,1.64915,1.6493,0.80,13.60
2007.06.27 06:31:51.377,1.6491,1.6492,14.40,2.40
2007.06.27 06:31:52.220,1.64915,1.6492,0.80,2.40
2007.06.27 06:31:52.456,1.64915,1.6493,1.60,5.60
2007.06.27 06:31:53.271,1.64915,1.64935,7.20,0.80
2007.06.27 06:31:53.344,1.6492,1.64935,0.80,0.80
2007.06.27 06:31:53.450,1.6492,1.64935,15.10,0.80
2007.06.27 06:31:53.488,1.6492,1.6494,15.10,21.60
2007.06.27 06:31:53.670,1.6492,1.6494,19.10,21.60
2007.06.27 06:31:53.778,1.6492,1.6493,3.20,4.00
2007.06.27 06:31:54.049,1.6492,1.6493,3.20,9.60
2007.06.27 06:31:54.158,1.6492,1.6493,3.20,11.20
2007.06.27 06:31:54.289,1.6492,1.6493,3.20,13.60
2007.06.27 06:31:54.313,1.6492,1.6493,0.80,15.20
2007.06.27 06:31:54.405,1.6491,1.6493,9.60,15.20
2007.06.27 06:31:54.563,1.6491,1.6493,15.20,9.60
2007.06.27 06:31:54.685,1.6492,1.6493,2.40,9.60
2007.06.27 06:31:54.694,1.6492,1.6493,2.40,8.80
2007.06.27 06:31:54.789,1.6492,1.6493,4.80,6.40
2007.06.27 06:31:54.840,1.6492,1.6493,7.20,6.40
2007.06.27 06:31:54.948,1.6492,1.6493,7.20,5.60
2007.06.27 06:31:55.060,1.6492,1.6493,7.20,4.80
2007.06.27 06:31:55.089,1.6492,1.6493,7.20,4.00
2007.06.27 06:31:55.187,1.6492,1.6493,4.80,4.00
2007.06.27 06:31:55.361,1.6492,1.6493,10.40,4.80
2007.06.27 06:31:55.389,1.6492,1.6493,10.40,7.20
2007.06.27 06:31:55.429,1.6492,1.6493,10.40,9.60
2007.06.27 06:31:55.594,1.6492,1.6493,10.40,10.40
2007.06.27 06:31:55.725,1.6492,1.6493,8.00,12.00
2007.06.27 06:31:55.743,1.6492,1.6493,5.60,12.00
2007.06.27 06:31:55.844,1.6491,1.6493,21.60,11.20
2007.06.27 06:31:55.926,1.6491,1.6493,12.80,11.20
2007.06.27 06:31:56.118,1.6491,1.6493,12.80,14.40
2007.06.27 06:31:56.127,1.6491,1.6493,12.80,15.20
2007.06.27 06:31:56.241,1.6491,1.6492,12.80,8.00
2007.06.27 06:31:56.261,1.6491,1.6492,12.80,12.00
2007.06.27 06:31:56.344,1.6491,1.6492,12.00,12.00
2007.06.27 06:31:56.391,1.6491,1.6492,12.00,14.40
2007.06.27 06:31:56.649,1.6491,1.6492,6.40,12.80
2007.06.27 06:31:56.740,1.64905,1.6491,5.60,5.60
2007.06.27 06:31:56.784,1.6491,1.6492,1.60,34.30
2007.06.27 06:31:57.400,1.649,1.6491,0.50,5.60
2007.06.27 06:31:57.715,1.649,1.6491,2.80,5.60
2007.06.27 06:31:57.787,1.649,1.6491,8.40,5.60
2007.06.27 06:31:57.903,1.649,1.6491,8.40,4.00
2007.06.27 06:31:58.721,1.649,1.6491,10.00,4.00
2007.06.27 06:31:58.748,1.649,1.6491,7.60,4.00
2007.06.27 06:31:58.803,1.649,1.6491,7.60,5.60
2007.06.27 06:31:58.874,1.649,1.6491,2.00,5.60
2007.06.27 06:31:59.246,1.64905,1.64915,0.80,6.40
2007.06.27 06:31:59.403,1.64905,1.6492,0.80,31.10
2007.06.27 06:31:59.444,1.64905,1.6492,0.80,11.20
2007.06.27 06:31:59.653,1.64905,1.6492,1.60,11.20
2007.06.27 06:31:59.733,1.64905,1.6492,0.80,13.60
2007.06.27 06:31:59.818,1.64905,1.6492,0.80,35.90
2007.06.27 06:31:59.838,1.64905,1.6491,0.80,5.60
2007.06.27 06:31:59.920,1.649,1.6491,4.40,5.60
2007.06.27 06:31:59.954,1.649,1.6491,2.00,5.60
2007.06.27 06:32:00.652,1.649,1.6491,4.40,5.60
2007.06.27 06:32:00.683,1.649,1.6491,10.00,5.60
2007.06.27 06:32:00.751,1.649,1.6491,12.40,5.60
2007.06.27 06:32:00.769,1.649,1.64915,14.80,1.60
2007.06.27 06:32:00.840,1.649,1.64915,22.80,1.60
2007.06.27 06:32:00.859,1.64905,1.64915,0.80,0.80
2007.06.27 06:32:00.929,1.64905,1.6492,7.20,6.40
2007.06.27 06:32:01.359,1.64905,1.6492,7.20,5.60
2007.06.27 06:32:02.612,1.6491,1.6492,2.40,5.60
2007.06.27 06:32:02.754,1.6491,1.6493,2.40,36.70
2007.06.27 06:32:02.771,1.6491,1.64935,4.00,31.10
2007.06.27 06:32:02.789,1.6491,1.6493,26.30,0.90
2007.06.27 06:32:02.922,1.6491,1.64935,30.30,21.60
2007.06.27 06:32:03.087,1.6491,1.6493,35.90,0.60
2007.06.27 06:32:03.093,1.6491,1.6493,17.60,0.90
2007.06.27 06:32:03.177,1.6492,1.64935,2.40,9.60
2007.06.27 06:32:03.265,1.6492,1.64935,4.00,0.90
2007.06.27 06:32:03.372,1.6492,1.64945,9.60,21.60
2007.06.27 06:32:03.425,1.6492,1.64945,9.60,19.20
2007.06.27 06:32:03.519,1.6492,1.6494,43.90,0.50
2007.06.27 06:32:03.683,1.6492,1.6494,42.30,9.60
2007.06.27 06:32:03.725,1.6492,1.6494,16.00,9.60
2007.06.27 06:32:03.835,1.6492,1.6494,8.00,21.50
2007.06.27 06:32:04.717,1.6492,1.64945,8.00,31.90
2007.06.27 06:32:04.798,1.6492,1.64945,10.40,31.90
2007.06.27 06:32:04.894,1.6492,1.64945,10.40,20.00
2007.06.27 06:32:05.183,1.6492,1.6494,16.00,0.70
2007.06.27 06:32:05.368,1.6492,1.64945,16.80,20.80
2007.06.27 06:32:05.431,1.6492,1.64945,16.80,22.40
2007.06.27 06:32:05.541,1.6492,1.64945,14.40,24.80
2007.06.27 06:32:05.554,1.6492,1.6494,14.40,18.40
2007.06.27 06:32:05.747,1.6492,1.64935,14.40,3.20
2007.06.27 06:32:05.810,1.6492,1.64935,6.40,3.20
2007.06.27 06:32:05.825,1.6492,1.6493,0.80,0.70
2007.06.27 06:32:05.846,1.6492,1.64935,0.80,12.00
2007.06.27 06:32:06.452,1.64915,1.6493,1.60,0.70
2007.06.27 06:32:06.912,1.64915,1.6493,1.60,0.60
2007.06.27 06:32:06.975,1.64915,1.6493,1.60,0.70
2007.06.27 06:32:07.077,1.64915,1.64935,1.60,21.60
2007.06.27 06:32:07.300,1.64915,1.64935,0.80,21.60
2007.06.27 06:32:07.350,1.6491,1.64935,16.00,21.60
2007.06.27 06:32:07.508,1.6491,1.64935,25.60,20.00
2007.06.27 06:32:07.596,1.6491,1.6493,25.60,0.60
2007.06.27 06:32:07.672,1.64915,1.6493,5.60,0.90
2007.06.27 06:32:07.679,1.64915,1.6494,5.60,58.30
2007.06.27 06:32:07.718,1.64915,1.6494,5.60,57.50
2007.06.27 06:32:07.910,1.64915,1.6493,6.40,0.90
2007.06.27 06:32:07.921,1.64915,1.6494,6.40,50.30
2007.06.27 06:32:08.434,1.64915,1.6494,7.20,47.90
2007.06.27 06:32:08.636,1.6492,1.6493,2.40,0.80
2007.06.27 06:32:08.751,1.6492,1.64945,4.80,41.50
2007.06.27 06:32:08.802,1.6492,1.64945,23.10,29.60
2007.06.27 06:32:08.904,1.6492,1.6494,28.70,0.60
2007.06.27 06:32:09.195,1.6492,1.6494,23.10,0.50
2007.06.27 06:32:09.293,1.6492,1.6494,24.70,0.70
2007.06.27 06:32:09.376,1.6492,1.64945,14.40,21.60
2007.06.27 06:32:09.501,1.6492,1.6494,20.00,0.50
2007.06.27 06:32:10.313,1.6492,1.6494,17.60,0.50
2007.06.27 06:32:10.706,1.6492,1.6494,15.20,18.40
2007.06.27 06:32:10.747,1.6492,1.6493,7.20,0.90
2007.06.27 06:32:10.820,1.6492,1.6494,1.60,32.00
2007.06.27 06:32:11.355,1.64915,1.64935,1.60,7.20
2007.06.27 06:32:11.762,1.64915,1.6493,0.80,0.50
2007.06.27 06:32:11.831,1.6491,1.64935,16.00,8.80
2007.06.27 06:32:11.856,1.6491,1.6493,12.00,0.50
2007.06.27 06:32:12.181,1.6491,1.6493,13.60,0.50
2007.06.27 06:32:12.211,1.6491,1.64935,13.60,13.60
2007.06.27 06:32:12.264,1.6491,1.6493,16.00,0.50
2007.06.27 06:32:12.311,1.6491,1.6493,24.00,0.50
2007.06.27 06:32:12.370,1.64915,1.64935,5.60,8.80
2007.06.27 06:32:13.198,1.64915,1.6493,6.40,0.50
2007.06.27 06:32:13.236,1.64915,1.64935,6.40,14.40
2007.06.27 06:32:13.401,1.64915,1.64935,6.40,12.00
2007.06.27 06:32:13.456,1.64915,1.6493,7.20,0.80
2007.06.27 06:32:13.687,1.64915,1.6494,6.40,49.50
2007.06.27 06:32:13.694,1.6492,1.6494,2.40,47.90
2007.06.27 06:32:13.748,1.6492,1.6493,4.80,0.80
2007.06.27 06:32:13.946,1.6492,1.6494,10.40,31.90
2007.06.27 06:32:14.255,1.6492,1.6494,8.00,31.90
2007.06.27 06:32:14.338,1.6492,1.6493,10.40,0.90
2007.06.27 06:32:14.512,1.6492,1.6494,10.40,28.70
2007.06.27 06:32:14.623,1.6492,1.6494,12.80,26.30
2007.06.27 06:32:14.702,1.6493,1.6494,0.10,24.70
2007.06.27 06:32:14.729,1.6493,1.6494,0.10,25.80
2007.06.27 06:32:14.807,1.6493,1.6494,0.20,25.50
2007.06.27 06:32:14.841,1.6493,1.6494,0.20,32.70
2007.06.27 06:32:15.040,1.6493,1.6494,0.20,16.80
2007.06.27 06:32:15.249,1.6493,1.64945,0.20,25.60
2007.06.27 06:32:15.283,1.6493,1.64945,0.10,17.60
2007.06.27 06:32:15.324,1.6492,1.6494,20.00,0.90
2007.06.27 06:32:15.342,1.6492,1.6494,38.30,0.70
2007.06.27 06:32:15.451,1.6492,1.64945,35.90,20.80
2007.06.27 06:32:15.550,1.6492,1.64945,30.30,24.80
2007.06.27 06:32:16.292,1.6492,1.6494,26.30,0.60
2007.06.27 06:32:16.362,1.6492,1.6494,26.30,19.20
2007.06.27 06:32:16.406,1.6492,1.64935,4.00,0.80
2007.06.27 06:32:16.685,1.6492,1.6494,1.60,28.00
2007.06.27 06:32:16.813,1.6492,1.6494,1.60,28.80
2007.06.27 06:32:16.862,1.6492,1.6494,1.60,29.60
2007.06.27 06:32:17.238,1.6492,1.64935,4.00,0.60
2007.06.27 06:32:17.383,1.6492,1.6494,4.00,21.60
2007.06.27 06:32:17.416,1.6492,1.64935,26.30,0.80
2007.06.27 06:32:17.438,1.6492,1.64945,26.30,20.80
2007.06.27 06:32:21.758,1.6493,1.6494,1.60,0.70
2007.06.27 06:32:21.774,1.6493,1.64945,1.60,12.80
2007.06.27 06:32:21.835,1.6493,1.6494,1.60,0.60
2007.06.27 06:32:22.265,1.64925,1.64945,0.80,12.80
2007.06.27 06:32:22.373,1.64925,1.64945,0.80,20.80
2007.06.27 06:32:22.407,1.6492,1.64945,30.30,20.80
2007.06.27 06:32:22.814,1.64935,1.64945,0.80,6.40
2007.06.27 06:32:22.917,1.64935,1.64955,1.60,15.20
2007.06.27 06:32:23.338,1.64935,1.6495,1.60,0.90
2007.06.27 06:32:24.625,1.64935,1.64955,1.60,15.20
2007.06.27 06:32:24.732,1.64935,1.6494,0.80,0.90
2007.06.27 06:32:24.867,1.64935,1.64945,0.80,14.40
2007.06.27 06:32:24.997,1.6493,1.64945,0.80,20.00
2007.06.27 06:32:25.372,1.6492,1.64945,26.30,20.80
2007.06.27 06:32:27.204,1.6492,1.6494,22.30,24.00
2007.06.27 06:32:27.249,1.64915,1.6493,7.20,0.70
2007.06.27 06:32:27.312,1.64915,1.6494,6.40,50.30
2007.06.27 06:32:27.366,1.64915,1.6493,5.60,0.90
2007.06.27 06:32:27.626,1.6491,1.64935,46.30,9.60
2007.06.27 06:32:29.486,1.6491,1.64935,47.10,9.60
2007.06.27 06:32:29.605,1.6491,1.6493,47.90,0.90
2007.06.27 06:32:29.703,1.6491,1.64935,48.70,9.60
2007.06.27 06:32:30.258,1.6492,1.6493,1.60,4.00
2007.06.27 06:32:30.281,1.6492,1.6493,2.40,4.00
2007.06.27 06:32:30.340,1.6492,1.64935,4.00,5.60
2007.06.27 06:32:30.650,1.6492,1.64935,3.20,5.60
2007.06.27 06:32:30.764,1.6492,1.64935,2.40,5.60
2007.06.27 06:32:30.844,1.6492,1.64935,1.60,5.60
2007.06.27 06:32:31.127,1.6492,1.6494,1.60,17.60
2007.06.27 06:32:31.180,1.6492,1.6494,1.60,20.00
2007.06.27 06:32:31.204,1.6492,1.6494,23.90,38.30
2007.06.27 06:32:31.300,1.6492,1.6493,22.30,4.00
2007.06.27 06:32:31.311,1.6492,1.6493,14.30,4.00
2007.06.27 06:32:31.407,1.6491,1.6493,45.60,4.00
2007.06.27 06:32:31.492,1.6491,1.6493,52.70,4.00
2007.06.27 06:32:31.691,1.6492,1.6493,5.60,4.00
2007.06.27 06:32:31.801,1.6492,1.64935,5.60,5.60
2007.06.27 06:32:31.829,1.6492,1.64935,17.50,5.60
2007.06.27 06:32:31.927,1.6492,1.6494,17.50,5.60
2007.06.27 06:32:32.222,1.6492,1.6493,11.90,4.00
2007.06.27 06:32:32.411,1.6492,1.6493,2.40,4.00
2007.06.27 06:32:32.459,1.64915,1.6493,0.80,4.00
2007.06.27 06:32:32.692,1.6491,1.6493,48.70,4.00
2007.06.27 06:32:32.741,1.6491,1.64935,52.70,5.60
2007.06.27 06:32:32.854,1.6491,1.64935,35.90,5.60
2007.06.27 06:32:33.117,1.6491,1.6493,27.90,2.40
2007.06.27 06:32:33.146,1.6492,1.6493,0.80,2.40
2007.06.27 06:32:33.214,1.6492,1.64925,1.60,5.60
2007.06.27 06:32:33.260,1.6492,1.64925,2.40,5.60
2007.06.27 06:32:33.472,1.6492,1.64925,1.60,5.60
2007.06.27 06:32:33.489,1.6492,1.64925,0.80,5.60
2007.06.27 06:32:33.555,1.6491,1.64925,4.80,5.60
2007.06.27 06:32:33.681,1.64915,1.64925,0.80,5.60
2007.06.27 06:32:33.802,1.6492,1.6493,1.60,8.80
2007.06.27 06:32:33.816,1.6492,1.6493,1.60,19.20
2007.06.27 06:32:34.410,1.6492,1.6493,1.60,5.60
2007.06.27 06:32:35.690,1.64915,1.6492,0.80,4.00
2007.06.27 06:32:35.855,1.6491,1.6492,7.20,4.00
2007.06.27 06:32:35.870,1.6491,1.6492,4.80,4.00
2007.06.27 06:32:36.404,1.6491,1.6492,1.60,4.00
2007.06.27 06:32:37.241,1.6491,1.6492,1.60,5.60
2007.06.27 06:32:38.687,1.6491,1.6492,4.00,4.00
2007.06.27 06:32:38.793,1.6491,1.6492,6.40,4.00
2007.06.27 06:32:38.891,1.6491,1.64925,6.40,5.60
2007.06.27 06:32:38.939,1.6491,1.6493,12.00,12.80
2007.06.27 06:32:39.168,1.6491,1.6493,20.00,4.80
2007.06.27 06:32:39.251,1.6491,1.6493,50.30,4.80
2007.06.27 06:32:39.346,1.6491,1.6493,50.30,4.00
2007.06.27 06:32:40.095,1.6492,1.6493,1.60,4.00
2007.06.27 06:32:40.119,1.6492,1.6493,4.00,4.00
2007.06.27 06:32:40.230,1.64925,1.64935,0.80,5.60
2007.06.27 06:32:40.262,1.64925,1.6494,0.80,13.60
2007.06.27 06:32:40.295,1.64925,1.6494,0.80,5.60
2007.06.27 06:32:40.487,1.64925,1.6494,1.60,5.60
2007.06.27 06:32:43.227,1.64925,1.6494,1.60,8.00
2007.06.27 06:32:43.326,1.64925,1.6494,0.80,12.00
2007.06.27 06:32:43.382,1.6492,1.6494,29.50,17.60
2007.06.27 06:32:43.524,1.6492,1.6494,33.50,17.60
2007.06.27 06:32:44.084,1.6492,1.6494,31.90,17.60
2007.06.27 06:32:45.200,1.6492,1.6493,31.90,1.60
2007.06.27 06:32:45.342,1.6492,1.6493,5.60,1.60
2007.06.27 06:32:45.731,1.6492,1.64935,5.60,5.60
2007.06.27 06:32:48.179,1.6492,1.64935,8.00,5.60
2007.06.27 06:32:48.395,1.6492,1.6494,8.00,17.60
2007.06.27 06:32:48.440,1.6492,1.6494,8.00,15.20
2007.06.27 06:32:48.640,1.6492,1.6494,34.30,15.20
2007.06.27 06:32:49.214,1.6492,1.6494,34.30,16.00
2007.06.27 06:32:49.227,1.6492,1.6493,32.70,1.60
2007.06.27 06:32:49.389,1.6492,1.6493,28.70,1.60
2007.06.27 06:32:49.473,1.6492,1.6493,6.40,1.60
2007.06.27 06:32:51.192,1.6492,1.6493,4.00,1.60
2007.06.27 06:32:52.198,1.6492,1.6493,6.40,1.60
2007.06.27 06:32:53.215,1.6492,1.6493,28.70,1.60
2007.06.27 06:32:53.240,1.6492,1.6494,30.30,41.50
2007.06.27 06:32:53.430,1.6492,1.6494,34.30,37.50
2007.06.27 06:32:53.649,1.6492,1.6494,31.90,37.50
2007.06.27 06:32:53.719,1.6492,1.64935,31.90,5.60
2007.06.27 06:32:53.736,1.6492,1.64935,5.60,5.60
2007.06.27 06:32:53.762,1.6492,1.6493,5.60,1.60
2007.06.27 06:32:54.685,1.6492,1.64935,8.00,6.40
2007.06.27 06:32:54.991,1.6492,1.64935,8.00,5.60
2007.06.27 06:32:55.137,1.6492,1.64935,11.20,5.60
2007.06.27 06:32:55.208,1.6493,1.64935,4.00,5.60
2007.06.27 06:32:55.269,1.6493,1.64935,4.00,0.80
2007.06.27 06:32:55.792,1.6493,1.6494,4.00,1.60
2007.06.27 06:32:57.282,1.64925,1.6494,1.60,1.60
2007.06.27 06:32:57.375,1.64925,1.6494,0.80,1.60
2007.06.27 06:32:57.678,1.6492,1.6494,18.40,1.60
2007.06.27 06:32:57.699,1.6492,1.6494,26.40,1.60
2007.06.27 06:32:57.707,1.6493,1.6494,1.60,1.60
2007.06.27 06:32:57.799,1.6493,1.6494,5.60,1.60
2007.06.27 06:32:58.213,1.6493,1.6494,4.00,1.60
2007.06.27 06:32:59.250,1.6493,1.6494,5.60,1.60
2007.06.27 06:33:01.111,1.6493,1.6494,5.60,0.80
2007.06.27 06:33:01.711,1.6493,1.6494,4.00,0.50
2007.06.27 06:33:05.214,1.6493,1.6495,5.60,24.00
2007.06.27 06:33:05.266,1.6493,1.64945,6.40,0.90
2007.06.27 06:33:05.291,1.6493,1.64945,7.20,0.50
2007.06.27 06:33:05.304,1.6493,1.6495,8.00,24.00
2007.06.27 06:33:05.902,1.6493,1.64945,7.20,0.70
2007.06.27 06:33:06.015,1.6493,1.64945,6.40,0.90
2007.06.27 06:33:06.022,1.6493,1.6495,5.60,24.00
2007.06.27 06:33:06.227,1.64925,1.6495,0.80,26.40
2007.06.27 06:33:06.273,1.6492,1.64945,23.90,7.20
2007.06.27 06:33:06.312,1.6492,1.64945,38.30,29.50
2007.06.27 06:33:07.145,1.6492,1.6494,35.90,0.50
2007.06.27 06:33:07.156,1.6492,1.6494,35.90,0.70
2007.06.27 06:33:07.259,1.6492,1.64945,9.60,15.20
2007.06.27 06:33:07.283,1.6492,1.6494,9.60,0.80
2007.06.27 06:33:07.336,1.6492,1.64935,9.60,0.60
2007.06.27 06:33:08.196,1.6492,1.64935,12.00,0.70
2007.06.27 06:33:08.294,1.6492,1.64935,38.30,0.60
2007.06.27 06:33:08.347,1.6492,1.64945,38.30,29.50
2007.06.27 06:33:09.128,1.6492,1.64945,39.10,29.50
2007.06.27 06:33:09.205,1.6493,1.64945,5.60,7.20
2007.06.27 06:33:09.424,1.6493,1.64945,5.60,0.50
2007.06.27 06:33:10.143,1.6493,1.6495,8.00,22.40
2007.06.27 06:33:10.208,1.6493,1.64945,8.80,0.70
2007.06.27 06:33:10.237,1.6493,1.64945,10.40,0.50
2007.06.27 06:33:10.641,1.6493,1.6495,7.20,23.20
2007.06.27 06:33:10.644,1.6493,1.6495,6.40,23.20
2007.06.27 06:33:10.703,1.6493,1.64945,5.60,0.80
2007.06.27 06:33:11.158,1.6493,1.64945,8.00,0.90
2007.06.27 06:33:11.230,1.6493,1.64945,8.00,0.70
2007.06.27 06:33:11.360,1.6493,1.6495,8.00,12.00
2007.06.27 06:33:12.250,1.6493,1.6495,8.80,19.20
2007.06.27 06:33:12.268,1.6493,1.6495,9.60,19.20
2007.06.27 06:33:12.318,1.6493,1.6495,10.40,19.20
2007.06.27 06:33:13.161,1.6493,1.6495,8.00,20.80
2007.06.27 06:33:13.245,1.6493,1.64945,7.20,0.80
2007.06.27 06:33:13.265,1.6493,1.6495,6.40,22.40
2007.06.27 06:33:13.355,1.6493,1.6495,5.60,23.20
2007.06.27 06:33:13.357,1.6493,1.64945,5.60,0.50
2007.06.27 06:33:14.687,1.6493,1.64945,5.60,8.80
2007.06.27 06:33:15.219,1.6493,1.6495,5.60,32.00
2007.06.27 06:33:15.639,1.6493,1.6494,5.60,0.60
2007.06.27 06:33:17.690,1.6493,1.6495,5.60,32.00
2007.06.27 06:33:19.676,1.6493,1.64945,5.60,9.60
2007.06.27 06:33:19.788,1.64925,1.6494,0.80,3.20
2007.06.27 06:33:19.976,1.6492,1.6494,9.60,12.00
2007.06.27 06:33:20.159,1.6492,1.6494,8.00,22.40
2007.06.27 06:33:20.700,1.6492,1.6494,7.20,24.00
2007.06.27 06:33:20.747,1.6492,1.64935,6.40,0.90
2007.06.27 06:33:20.800,1.6492,1.6494,5.60,24.00
2007.06.27 06:33:21.230,1.6492,1.6493,4.00,0.70
2007.06.27 06:33:22.660,1.6492,1.64935,4.00,11.20
2007.06.27 06:33:22.761,1.64915,1.6493,0.80,0.80
2007.06.27 06:33:23.125,1.6491,1.64935,20.00,11.20
2007.06.27 06:33:23.189,1.6492,1.64935,4.00,8.80
2007.06.27 06:33:24.316,1.6492,1.6494,5.60,22.40
2007.06.27 06:33:26.473,1.6492,1.6494,5.60,14.40
2007.06.27 06:33:26.602,1.6492,1.6494,5.60,13.60
2007.06.27 06:33:26.696,1.6492,1.6494,8.00,11.20
2007.06.27 06:33:26.756,1.6492,1.64945,8.00,12.00
2007.06.27 06:33:27.015,1.6492,1.64945,8.80,12.00
2007.06.27 06:33:27.118,1.6492,1.64945,8.00,12.00
2007.06.27 06:33:27.197,1.6492,1.6494,8.00,0.90
2007.06.27 06:33:27.316,1.6492,1.64945,34.30,16.80
2007.06.27 06:33:27.388,1.6492,1.64945,34.30,39.10
2007.06.27 06:33:28.663,1.64925,1.6494,0.80,37.50
2007.06.27 06:33:28.785,1.6493,1.6494,4.00,37.50
2007.06.27 06:33:28.806,1.6493,1.6494,4.00,7.20
2007.06.27 06:33:28.848,1.6493,1.6494,4.00,1.60
2007.06.27 06:33:30.212,1.6493,1.6494,5.60,1.60
2007.06.27 06:33:30.865,1.6493,1.6494,4.00,1.60
2007.06.27 06:33:31.158,1.6493,1.6494,5.60,1.60
2007.06.27 06:33:35.686,1.6493,1.6494,4.00,1.60
2007.06.27 06:33:36.284,1.6493,1.6494,4.00,3.20
2007.06.27 06:33:36.415,1.6493,1.6494,4.00,2.40
2007.06.27 06:33:36.491,1.6493,1.6494,4.00,1.60
2007.06.27 06:33:36.698,1.6493,1.6494,5.60,1.60
2007.06.27 06:33:37.223,1.6493,1.6494,5.60,7.20
2007.06.27 06:33:37.955,1.6493,1.6494,5.60,1.60
2007.06.27 06:33:42.072,1.6493,1.6494,5.60,4.00
2007.06.27 06:33:42.140,1.6493,1.6494,5.60,6.40
2007.06.27 06:33:42.215,1.6493,1.6494,5.60,8.80
2007.06.27 06:33:42.233,1.64925,1.64935,0.80,0.80
2007.06.27 06:33:42.395,1.6492,1.64935,5.60,7.20
2007.06.27 06:33:45.689,1.6492,1.64935,8.00,7.20
2007.06.27 06:33:45.748,1.6492,1.64935,8.00,0.80
2007.06.27 06:33:45.777,1.6492,1.6494,8.00,20.00
2007.06.27 06:33:46.058,1.6492,1.6494,8.00,12.00
2007.06.27 06:33:46.104,1.6492,1.6494,8.00,9.60
2007.06.27 06:33:46.208,1.6492,1.6494,34.30,15.20
2007.06.27 06:33:46.662,1.6492,1.6494,18.40,7.20
2007.06.27 06:33:46.710,1.6493,1.6494,5.60,7.20
2007.06.27 06:33:46.734,1.6493,1.6494,5.60,1.60
2007.06.27 06:33:47.222,1.6493,1.6494,4.00,1.60
2007.06.27 06:33:47.744,1.6493,1.6494,5.60,1.60
2007.06.27 06:33:49.717,1.64925,1.6494,1.60,4.00
2007.06.27 06:33:49.822,1.64925,1.6494,0.80,4.00
2007.06.27 06:33:49.879,1.64925,1.6494,0.80,12.00
2007.06.27 06:33:49.950,1.6492,1.6494,33.50,17.60
2007.06.27 06:33:50.093,1.6492,1.6494,31.90,17.60
2007.06.27 06:33:54.140,1.6492,1.6494,31.90,19.20
2007.06.27 06:33:54.236,1.6492,1.6493,31.90,1.60
2007.06.27 06:33:54.365,1.6492,1.6493,5.60,1.60
2007.06.27 06:33:55.255,1.6492,1.64935,5.60,7.20
2007.06.27 06:33:55.394,1.6492,1.64935,5.60,0.80
2007.06.27 06:33:55.417,1.6492,1.64935,31.90,0.80
2007.06.27 06:33:55.616,1.6492,1.6494,34.30,15.20
2007.06.27 06:33:55.730,1.6493,1.6494,4.00,7.20
2007.06.27 06:33:55.893,1.6493,1.6494,4.00,1.60
2007.06.27 06:34:00.328,1.6493,1.6494,5.60,1.60
2007.06.27 06:34:02.194,1.64925,1.6494,0.80,2.40
2007.06.27 06:34:02.329,1.64925,1.6494,0.80,3.20
2007.06.27 06:34:02.341,1.6492,1.6494,17.60,4.00
2007.06.27 06:34:02.608,1.6492,1.6494,17.60,3.20
2007.06.27 06:34:02.708,1.6493,1.6494,5.60,2.40
2007.06.27 06:34:02.860,1.6493,1.6494,5.60,1.60
2007.06.27 06:34:03.123,1.6493,1.6494,4.00,1.60
2007.06.27 06:34:03.641,1.6493,1.6494,4.00,4.00
2007.06.27 06:34:03.735,1.64925,1.6494,0.80,4.00
2007.06.27 06:34:03.857,1.6492,1.6494,17.60,4.00
2007.06.27 06:34:04.112,1.6492,1.6494,15.20,4.00
2007.06.27 06:34:04.149,1.6492,1.6494,17.60,1.60
2007.06.27 06:34:04.240,1.6492,1.6494,17.60,2.40
2007.06.27 06:34:04.260,1.6492,1.6494,17.60,3.20
2007.06.27 06:34:04.334,1.6492,1.6494,17.60,4.00
2007.06.27 06:34:05.134,1.6492,1.6494,23.20,4.00
2007.06.27 06:34:05.684,1.6492,1.6493,20.80,1.60
2007.06.27 06:34:05.748,1.6492,1.6493,15.20,1.60
2007.06.27 06:34:05.759,1.6492,1.6493,7.20,1.60
2007.06.27 06:34:06.042,1.6492,1.6493,6.40,1.60
2007.06.27 06:34:07.338,1.64915,1.6493,13.60,1.60
2007.06.27 06:34:07.746,1.64915,1.6493,16.00,1.60
2007.06.27 06:34:07.845,1.6492,1.6493,22.40,1.60
2007.06.27 06:34:07.881,1.6492,1.6494,24.80,5.60
2007.06.27 06:34:08.283,1.64925,1.6494,1.20,4.80
2007.06.27 06:34:08.355,1.64925,1.6494,1.60,4.00
2007.06.27 06:34:08.857,1.6492,1.6494,0.70,4.00
2007.06.27 06:34:09.201,1.6492,1.6494,5.40,3.20
2007.06.27 06:34:09.215,1.64925,1.6494,2.40,2.40
2007.06.27 06:34:09.309,1.64925,1.6494,6.40,2.40
2007.06.27 06:34:09.382,1.6493,1.6494,3.10,1.60
2007.06.27 06:34:09.737,1.64925,1.64945,7.20,7.20
2007.06.27 06:34:09.844,1.64925,1.64945,7.20,6.40
2007.06.27 06:34:09.911,1.64925,1.6495,12.80,12.80
2007.06.27 06:34:10.146,1.64925,1.6495,15.20,10.40
2007.06.27 06:34:10.246,1.6494,1.6495,1.20,7.20
2007.06.27 06:34:10.491,1.6493,1.6495,32.70,1.60
2007.06.27 06:34:11.197,1.6494,1.6495,2.40,1.60
2007.06.27 06:34:11.681,1.64935,1.6495,5.60,1.60
2007.06.27 06:34:22.257,1.64935,1.6495,7.20,1.60
2007.06.27 06:34:22.666,1.64935,1.6495,5.60,1.60
2007.06.27 06:34:23.180,1.64935,1.6495,7.20,1.60
2007.06.27 06:34:23.681,1.64935,1.6495,5.60,1.60
2007.06.27 06:34:25.265,1.6493,1.6495,37.50,1.60
2007.06.27 06:34:28.632,1.64935,1.6495,5.60,4.00
2007.06.27 06:34:28.756,1.6493,1.6495,35.90,4.00
2007.06.27 06:34:28.771,1.6493,1.6495,5.30,4.00
2007.06.27 06:34:28.900,1.64925,1.6495,16.80,9.60
2007.06.27 06:34:29.141,1.6493,1.64945,2.90,0.80
2007.06.27 06:34:29.202,1.64925,1.64945,15.20,0.80
2007.06.27 06:34:29.274,1.6493,1.64945,2.70,0.80
2007.06.27 06:34:29.387,1.6493,1.64945,0.80,7.20
2007.06.27 06:34:34.210,1.64925,1.64945,9.60,6.40
2007.06.27 06:34:34.253,1.64925,1.64945,10.40,6.40
2007.06.27 06:34:34.324,1.64925,1.64945,11.20,6.40
2007.06.27 06:34:34.333,1.64925,1.64945,12.00,5.60
2007.06.27 06:34:34.640,1.64925,1.64945,8.80,6.40
2007.06.27 06:34:34.731,1.64925,1.64945,8.00,6.40
2007.06.27 06:34:34.885,1.64925,1.64945,7.20,7.20
2007.06.27 06:34:37.196,1.64925,1.64945,0.80,7.20
2007.06.27 06:34:37.281,1.64925,1.6494,0.80,8.00
2007.06.27 06:34:37.430,1.6492,1.6494,34.30,13.60
2007.06.27 06:34:38.149,1.6492,1.64945,34.30,15.20
2007.06.27 06:34:39.130,1.6492,1.6494,35.90,13.60
2007.06.27 06:34:39.204,1.6493,1.6494,5.60,13.60
2007.06.27 06:34:39.229,1.6493,1.6494,5.60,5.60
2007.06.27 06:34:39.264,1.6493,1.64945,5.60,7.20
2007.06.27 06:34:39.605,1.6493,1.64945,6.40,7.20
2007.06.27 06:34:39.659,1.6493,1.64945,7.20,7.20
2007.06.27 06:34:39.794,1.6493,1.64945,8.00,7.20
2007.06.27 06:34:41.177,1.6493,1.64945,8.80,7.20
2007.06.27 06:34:41.235,1.6493,1.64945,9.60,7.20
2007.06.27 06:34:41.287,1.6493,1.64945,9.60,6.40
2007.06.27 06:34:41.378,1.6493,1.64945,8.80,6.40
2007.06.27 06:34:41.416,1.6493,1.64945,8.80,5.60
2007.06.27 06:34:41.483,1.6493,1.64945,8.00,5.60
2007.06.27 06:34:41.568,1.6493,1.64945,6.40,5.60
2007.06.27 06:34:41.656,1.6493,1.64945,5.60,5.60
2007.06.27 06:34:41.706,1.6493,1.6494,5.60,1.60
2007.06.27 06:34:43.249,1.6493,1.64945,5.60,7.20
2007.06.27 06:34:45.685,1.6493,1.6494,5.60,1.60
2007.06.27 06:34:49.184,1.6493,1.64945,5.60,7.20
2007.06.27 06:34:56.202,1.6493,1.64945,8.00,7.20
2007.06.27 06:35:00.741,1.6494,1.64945,5.60,7.20
2007.06.27 06:35:00.762,1.6494,1.64945,5.60,0.80
2007.06.27 06:35:00.832,1.6494,1.6495,5.60,5.60
2007.06.27 06:35:01.107,1.6494,1.6495,5.60,1.60
2007.06.27 06:35:05.734,1.6494,1.6495,4.00,1.60
2007.06.27 06:35:06.659,1.6494,1.6495,5.60,1.60
2007.06.27 06:35:09.828,1.6494,1.6495,5.60,31.90
2007.06.27 06:35:09.853,1.64935,1.6495,0.80,31.90
2007.06.27 06:35:09.903,1.64935,1.6495,0.80,37.50
2007.06.27 06:35:09.947,1.6493,1.6495,39.90,37.50
2007.06.27 06:35:10.061,1.6493,1.6495,34.30,37.50
2007.06.27 06:35:10.247,1.6493,1.6495,31.90,37.50
2007.06.27 06:35:11.689,1.6494,1.6495,4.00,35.90
2007.06.27 06:35:11.708,1.6494,1.6495,4.00,22.30
2007.06.27 06:35:11.791,1.6494,1.64955,4.00,5.60
2007.06.27 06:35:12.233,1.6494,1.6495,4.00,1.60
2007.06.27 06:35:12.292,1.6494,1.6495,4.00,7.20
2007.06.27 06:35:12.305,1.6493,1.6495,16.00,7.20
2007.06.27 06:35:12.338,1.6493,1.6495,31.90,37.50
2007.06.27 06:35:13.363,1.6493,1.6495,32.70,37.50
2007.06.27 06:35:13.390,1.6493,1.6495,34.30,37.50
2007.06.27 06:35:14.698,1.6494,1.6495,5.60,35.90
2007.06.27 06:35:14.709,1.6494,1.6495,5.60,5.60
2007.06.27 06:35:15.439,1.6494,1.64955,5.60,7.20
2007.06.27 06:35:17.291,1.6494,1.6495,5.60,1.60
2007.06.27 06:35:23.264,1.6494,1.64955,5.60,7.20
2007.06.27 06:35:23.688,1.6494,1.64955,8.00,7.20
2007.06.27 06:35:23.738,1.6494,1.64955,27.90,7.20
2007.06.27 06:35:23.781,1.6495,1.6496,5.60,5.60
2007.06.27 06:35:24.163,1.6495,1.6496,5.60,4.00
2007.06.27 06:35:24.193,1.6495,1.6496,5.60,2.40
2007.06.27 06:35:24.401,1.6495,1.64965,5.60,7.20
2007.06.27 06:35:25.127,1.6495,1.6496,5.60,2.40
2007.06.27 06:35:25.220,1.64945,1.6496,1.60,4.80
2007.06.27 06:35:25.315,1.64945,1.6496,1.60,12.80
2007.06.27 06:35:25.343,1.6494,1.64955,5.60,5.60
2007.06.27 06:35:25.741,1.6494,1.64955,4.00,5.60
2007.06.27 06:35:26.686,1.6494,1.64955,5.60,5.60
2007.06.27 06:35:26.778,1.6495,1.64955,4.00,5.60
2007.06.27 06:35:26.984,1.6495,1.6496,4.00,1.60
2007.06.27 06:35:27.181,1.6495,1.64965,5.60,7.20
2007.06.27 06:35:27.697,1.6495,1.6496,5.60,1.60
2007.06.27 06:35:28.099,1.6495,1.6496,5.60,2.40
2007.06.27 06:35:28.224,1.64945,1.6496,1.60,7.20
2007.06.27 06:35:28.274,1.64945,1.6495,0.80,5.60
2007.06.27 06:35:28.533,1.6493,1.6495,16.00,5.60
2007.06.27 06:35:29.217,1.6493,1.6495,31.90,35.90
2007.06.27 06:35:29.359,1.6493,1.6495,31.90,37.50
2007.06.27 06:35:29.667,1.6494,1.6495,1.60,35.90
2007.06.27 06:35:29.746,1.6494,1.6495,1.60,5.60
2007.06.27 06:35:29.770,1.6494,1.6495,5.60,5.60
2007.06.27 06:35:30.812,1.6494,1.64955,29.50,0.80
2007.06.27 06:35:30.888,1.6494,1.6496,29.50,18.40
2007.06.27 06:35:31.100,1.6494,1.6496,31.90,16.00
2007.06.27 06:35:31.109,1.6494,1.6496,35.90,15.20
2007.06.27 06:35:31.195,1.6495,1.6496,5.60,15.20
2007.06.27 06:35:31.204,1.6495,1.6496,5.60,7.20
2007.06.27 06:35:31.367,1.6495,1.6496,5.60,1.60
2007.06.27 06:35:33.267,1.6495,1.64965,5.60,7.20
2007.06.27 06:35:33.683,1.6495,1.6496,4.00,1.60
2007.06.27 06:35:33.889,1.6495,1.6496,4.00,4.00
2007.06.27 06:35:34.204,1.6495,1.6496,4.00,1.60
2007.06.27 06:35:34.774,1.64945,1.6495,0.80,5.60
2007.06.27 06:35:36.816,1.6494,1.6495,5.60,13.60
2007.06.27 06:35:36.860,1.6494,1.6495,5.60,5.60
2007.06.27 06:35:36.881,1.6494,1.64955,5.60,7.20
2007.06.27 06:35:36.910,1.6494,1.64955,5.60,6.40
2007.06.27 06:35:37.141,1.6494,1.64955,5.60,5.60
2007.06.27 06:35:37.224,1.6494,1.64955,8.00,5.60
2007.06.27 06:35:37.340,1.6494,1.64955,31.90,5.60
2007.06.27 06:35:37.420,1.6494,1.6496,31.90,13.60
2007.06.27 06:35:37.723,1.6494,1.6496,29.50,16.00
2007.06.27 06:35:37.738,1.6494,1.6496,25.50,16.00
2007.06.27 06:35:37.834,1.6494,1.64955,25.50,0.80
2007.06.27 06:35:37.940,1.6494,1.64955,25.50,6.40
2007.06.27 06:35:37.977,1.6494,1.64955,5.60,6.40
2007.06.27 06:35:38.147,1.6494,1.64955,8.00,6.40
2007.06.27 06:35:38.182,1.6494,1.64955,8.00,7.20
2007.06.27 06:35:38.198,1.6494,1.64955,12.00,7.20
2007.06.27 06:35:38.253,1.6495,1.64955,5.60,7.20
2007.06.27 06:35:38.452,1.6495,1.64955,5.60,1.60
2007.06.27 06:35:38.473,1.6495,1.64955,5.60,0.80
2007.06.27 06:35:38.716,1.6495,1.6496,5.60,1.60
2007.06.27 06:35:38.769,1.6495,1.64965,5.60,6.40
2007.06.27 06:35:38.993,1.6495,1.64965,5.60,7.20
2007.06.27 06:35:40.183,1.6495,1.64965,8.80,7.20
2007.06.27 06:35:40.218,1.6496,1.64965,4.00,7.20
2007.06.27 06:35:40.385,1.6496,1.64965,4.00,1.60
2007.06.27 06:35:40.406,1.6496,1.64965,4.00,0.80
2007.06.27 06:35:40.593,1.6496,1.6497,4.00,1.60
2007.06.27 06:35:40.635,1.6496,1.6497,4.00,4.00
2007.06.27 06:35:40.852,1.6496,1.6497,5.60,4.00
2007.06.27 06:35:40.901,1.6496,1.64965,5.60,5.60
2007.06.27 06:35:40.953,1.64955,1.64965,0.80,6.40
2007.06.27 06:35:41.649,1.6495,1.64965,5.60,6.40
2007.06.27 06:35:41.893,1.6495,1.64965,5.60,7.20
2007.06.27 06:35:42.291,1.6495,1.64965,5.60,6.40
2007.06.27 06:35:42.313,1.6495,1.64965,6.40,6.40
2007.06.27 06:35:42.397,1.6495,1.64965,5.60,6.40
2007.06.27 06:35:42.459,1.6495,1.64965,6.40,6.40
2007.06.27 06:35:42.478,1.6495,1.64965,7.20,6.40
2007.06.27 06:35:42.602,1.6495,1.64965,8.00,6.40
2007.06.27 06:35:42.639,1.6495,1.64965,7.20,6.40
2007.06.27 06:35:42.701,1.6495,1.6496,7.20,1.60
2007.06.27 06:35:42.758,1.6495,1.6496,6.40,1.60
2007.06.27 06:35:42.817,1.6495,1.6496,5.60,1.60
2007.06.27 06:35:43.107,1.6495,1.6496,5.60,4.00
2007.06.27 06:35:43.178,1.64945,1.6496,7.20,4.00
2007.06.27 06:35:43.214,1.6494,1.6496,32.70,4.00
2007.06.27 06:35:43.259,1.64945,1.6496,0.90,12.00
2007.06.27 06:35:43.318,1.6494,1.6496,12.00,14.40
2007.06.27 06:35:43.533,1.6493,1.64955,58.30,5.60
2007.06.27 06:35:43.600,1.6493,1.64955,58.30,5.60
2007.06.27 06:35:43.725,1.6495,1.64955,2.50,5.60
2007.06.27 06:35:44.113,1.6494,1.6496,35.10,5.60
2007.06.27 06:35:46.176,1.6495,1.6496,3.20,5.60
2007.06.27 06:35:46.195,1.6495,1.6496,2.30,5.60
2007.06.27 06:35:46.290,1.6494,1.6496,39.90,5.60
2007.06.27 06:35:46.498,1.6495,1.6497,3.60,19.20
2007.06.27 06:35:46.609,1.6495,1.6497,10.40,19.20
2007.06.27 06:35:46.719,1.6495,1.64965,12.20,0.80
2007.06.27 06:35:46.747,1.6495,1.64965,13.80,7.20
2007.06.27 06:35:47.021,1.6495,1.64965,8.80,7.20
2007.06.27 06:35:47.138,1.64945,1.6496,7.20,2.40
2007.06.27 06:35:47.236,1.6495,1.64955,0.90,5.60
2007.06.27 06:35:47.252,1.64945,1.64955,4.80,5.60
2007.06.27 06:35:47.658,1.6495,1.64955,1.70,5.60
2007.06.27 06:35:47.791,1.6494,1.64965,46.30,6.40
2007.06.27 06:35:47.864,1.6495,1.64965,1.30,5.60
2007.06.27 06:35:53.653,1.6495,1.64965,0.60,5.60
2007.06.27 06:35:59.220,1.64945,1.6497,12.80,17.60
2007.06.27 06:35:59.628,1.6495,1.6497,1.50,15.20
2007.06.27 06:35:59.711,1.6495,1.6497,7.30,15.20
2007.06.27 06:36:00.136,1.64945,1.6497,39.10,15.20
2007.06.27 06:36:04.635,1.6495,1.6497,3.40,15.20
2007.06.27 06:36:04.679,1.6495,1.6497,0.50,15.20
2007.06.27 06:36:04.860,1.64945,1.6496,12.80,1.60
2007.06.27 06:36:05.696,1.64945,1.64965,7.20,6.40
2007.06.27 06:36:05.738,1.64945,1.6497,12.80,25.60
2007.06.27 06:36:05.817,1.64945,1.6497,12.80,17.60
2007.06.27 06:36:05.842,1.6495,1.6497,10.10,17.60
2007.06.27 06:36:06.198,1.6495,1.6497,11.70,17.60
2007.06.27 06:36:09.019,1.64945,1.6497,36.70,18.40
2007.06.27 06:36:09.087,1.64945,1.6497,36.70,19.20
2007.06.27 06:36:09.098,1.6495,1.6497,13.00,20.00
2007.06.27 06:36:09.187,1.64945,1.6497,39.10,17.60
2007.06.27 06:36:09.319,1.6496,1.6497,1.30,12.80
2007.06.27 06:36:09.373,1.64955,1.6497,5.60,7.20
2007.06.27 06:36:10.114,1.6496,1.6497,1.60,6.40
2007.06.27 06:36:10.157,1.64955,1.6497,5.60,5.60
2007.06.27 06:36:10.642,1.64955,1.6497,5.60,8.00
2007.06.27 06:36:10.749,1.6495,1.6496,26.30,1.60
2007.06.27 06:36:11.006,1.64945,1.6496,9.60,1.60
2007.06.27 06:36:11.209,1.6495,1.6496,2.40,1.60
2007.06.27 06:36:11.427,1.64945,1.6496,4.80,7.20
2007.06.27 06:36:11.708,1.64945,1.6496,4.80,1.60
2007.06.27 06:36:11.920,1.6495,1.6496,2.50,1.60
2007.06.27 06:36:12.227,1.6495,1.6496,2.00,1.60
2007.06.27 06:36:16.653,1.6495,1.6497,8.00,17.60
2007.06.27 06:36:16.717,1.6495,1.6497,27.90,17.60
2007.06.27 06:36:16.834,1.6495,1.6497,31.90,17.60
2007.06.27 06:36:17.267,1.6495,1.6497,23.90,17.60
2007.06.27 06:36:17.291,1.6495,1.6497,22.30,17.60
2007.06.27 06:36:17.485,1.6495,1.6497,19.90,17.60
2007.06.27 06:36:17.688,1.6495,1.6497,22.30,20.00
2007.06.27 06:36:17.829,1.6495,1.6497,28.70,20.00
2007.06.27 06:36:17.961,1.6495,1.6497,14.40,12.00
2007.06.27 06:36:18.044,1.6495,1.6496,14.40,2.40
2007.06.27 06:36:18.156,1.6495,1.6496,16.80,2.40
2007.06.27 06:36:18.237,1.6495,1.6496,17.60,2.40
2007.06.27 06:36:18.265,1.6495,1.6497,17.60,10.40
2007.06.27 06:36:18.284,1.6495,1.6497,16.80,9.60
2007.06.27 06:36:18.321,1.6495,1.6497,35.10,17.60
2007.06.27 06:36:18.338,1.64955,1.6497,0.80,17.60
2007.06.27 06:36:18.510,1.64955,1.6497,0.80,12.00
2007.06.27 06:36:18.664,1.64955,1.6496,0.80,1.60
2007.06.27 06:36:18.865,1.6495,1.6496,12.00,1.60
2007.06.27 06:36:19.054,1.64955,1.6496,0.80,1.60
2007.06.27 06:36:19.306,1.6495,1.6496,5.60,1.60
2007.06.27 06:36:20.303,1.6495,1.64965,8.00,6.40
2007.06.27 06:36:20.310,1.6495,1.6497,8.00,17.60
2007.06.27 06:36:20.335,1.6495,1.6497,31.90,17.60
2007.06.27 06:36:20.397,1.6495,1.6497,31.90,15.20
2007.06.27 06:36:22.905,1.6495,1.6497,31.90,37.50
2007.06.27 06:36:23.251,1.6495,1.6497,30.30,37.50
2007.06.27 06:36:23.266,1.6495,1.6497,30.30,0.90
2007.06.27 06:36:23.285,1.6495,1.64975,22.30,39.10
2007.06.27 06:36:24.678,1.6495,1.6496,22.30,0.50
2007.06.27 06:36:24.717,1.6495,1.6496,18.30,0.50
2007.06.27 06:36:24.878,1.64945,1.6495,7.20,0.80
2007.06.27 06:36:25.198,1.6495,1.6496,15.90,4.00
2007.06.27 06:36:25.250,1.6495,1.6496,4.00,4.00
2007.06.27 06:36:25.716,1.6495,1.6496,6.40,4.80
2007.06.27 06:36:25.827,1.6495,1.6496,22.30,3.40
2007.06.27 06:36:25.905,1.6495,1.64975,22.30,39.10
2007.06.27 06:36:26.185,1.6495,1.6497,25.50,0.50
2007.06.27 06:36:26.243,1.6496,1.64975,4.00,39.10
2007.06.27 06:36:26.322,1.6496,1.64975,4.00,8.80
2007.06.27 06:36:26.422,1.6496,1.64975,4.00,8.80
2007.06.27 06:36:26.740,1.64955,1.6497,0.80,3.20
2007.06.27 06:36:27.297,1.6495,1.6497,4.00,17.60
2007.06.27 06:36:30.169,1.6495,1.64975,8.00,18.40
2007.06.27 06:36:30.235,1.6495,1.64975,8.00,17.60
2007.06.27 06:36:30.254,1.6495,1.64975,27.90,43.90
2007.06.27 06:36:30.497,1.6495,1.64975,27.90,43.10
2007.06.27 06:36:30.515,1.6495,1.64975,31.90,39.10
2007.06.27 06:36:34.452,1.6495,1.6497,31.90,0.70
2007.06.27 06:36:36.374,1.6495,1.64975,31.90,39.10
2007.06.27 06:36:37.675,1.6495,1.64965,29.50,0.80
2007.06.27 06:36:37.704,1.6495,1.6497,29.50,41.50
2007.06.27 06:36:37.789,1.6495,1.64965,5.60,8.80
2007.06.27 06:36:42.711,1.6495,1.64965,5.60,0.50
2007.06.27 06:36:44.673,1.6495,1.64965,5.60,8.80
2007.06.27 06:36:52.215,1.6495,1.6496,4.00,0.60
2007.06.27 06:37:00.677,1.6495,1.6496,4.00,2.40
2007.06.27 06:37:00.795,1.6495,1.6496,4.00,3.20
2007.06.27 06:37:00.859,1.6495,1.6496,4.00,4.00
2007.06.27 06:37:01.048,1.6495,1.6496,4.00,9.60
2007.06.27 06:37:01.754,1.6495,1.6496,4.00,8.00
2007.06.27 06:37:01.860,1.6495,1.6496,4.00,1.60
2007.06.27 06:37:06.687,1.6495,1.6496,5.60,1.60
2007.06.27 06:37:13.251,1.6495,1.6496,4.00,1.60
2007.06.27 06:37:14.236,1.6495,1.6496,5.60,1.60
2007.06.27 06:37:14.753,1.6495,1.64965,5.60,5.60
2007.06.27 06:37:14.866,1.6495,1.64965,29.50,5.60
2007.06.27 06:37:14.911,1.6495,1.6497,29.50,19.20
2007.06.27 06:37:15.158,1.6495,1.6497,29.50,17.60
2007.06.27 06:37:17.843,1.6495,1.6497,11.40,17.60
2007.06.27 06:37:22.700,1.64945,1.6497,39.10,15.20
2007.06.27 06:37:22.809,1.6495,1.6497,7.90,37.50
2007.06.27 06:37:23.365,1.6495,1.6497,6.50,41.50
2007.06.27 06:37:23.519,1.64945,1.64965,34.30,0.80
2007.06.27 06:37:23.627,1.64945,1.64965,31.10,0.80
2007.06.27 06:37:23.734,1.64945,1.6496,29.50,1.60
2007.06.27 06:37:23.749,1.6495,1.6496,2.20,1.60
2007.06.27 06:37:24.148,1.6495,1.6496,3.20,1.60
2007.06.27 06:37:24.238,1.64945,1.64965,12.00,0.80
2007.06.27 06:37:24.269,1.64945,1.64965,27.90,0.80
2007.06.27 06:37:24.868,1.6495,1.6497,2.80,37.50
2007.06.27 06:37:25.591,1.64945,1.6496,29.50,1.60
2007.06.27 06:37:25.700,1.64945,1.6495,27.10,2.40
2007.06.27 06:37:25.795,1.64945,1.6495,26.30,1.60
2007.06.27 06:37:25.967,1.64945,1.6495,8.60,3.20
2007.06.27 06:37:26.376,1.6494,1.6495,43.10,4.00
2007.06.27 06:37:26.785,1.6493,1.6495,64.70,2.40
2007.06.27 06:37:26.868,1.6493,1.6495,64.70,1.60
2007.06.27 06:37:26.888,1.6493,1.6496,63.10,4.00
2007.06.27 06:37:26.980,1.6495,1.6496,1.60,1.60
2007.06.27 06:37:27.190,1.6495,1.64965,0.80,7.20
2007.06.27 06:37:27.432,1.64945,1.64965,12.00,1.60
2007.06.27 06:37:27.491,1.6495,1.64965,2.60,0.80
2007.06.27 06:37:27.599,1.6495,1.64965,4.00,0.80
2007.06.27 06:37:27.651,1.64945,1.64965,38.30,0.80
2007.06.27 06:37:27.699,1.64945,1.64965,36.70,0.80
2007.06.27 06:37:27.744,1.6495,1.64965,2.20,0.80
2007.06.27 06:37:28.214,1.64945,1.6497,28.70,15.20
2007.06.27 06:37:29.166,1.6496,1.6497,1.50,15.20
2007.06.27 06:37:29.255,1.6496,1.6497,0.70,13.60
2007.06.27 06:37:29.296,1.6496,1.6497,1.20,8.00
2007.06.27 06:37:29.354,1.6495,1.6497,50.00,8.00
2007.06.27 06:37:29.429,1.6495,1.64975,40.40,1.60
2007.06.27 06:37:29.466,1.6495,1.64975,41.20,0.80
2007.06.27 06:37:29.583,1.6495,1.6498,41.20,12.00
2007.06.27 06:37:29.601,1.6496,1.6498,8.90,4.00
2007.06.27 06:37:29.664,1.6495,1.6498,56.40,6.40
2007.06.27 06:37:29.773,1.6496,1.6497,14.10,1.60
2007.06.27 06:37:29.856,1.64965,1.6497,0.70,1.60
2007.06.27 06:37:29.978,1.6496,1.6497,6.10,1.60
2007.06.27 06:37:30.033,1.64965,1.6497,0.80,9.60
2007.06.27 06:37:30.158,1.64945,1.6497,41.10,15.20
2007.06.27 06:37:30.172,1.64945,1.6497,41.10,14.90
2007.06.27 06:37:30.343,1.64945,1.6497,41.10,37.50
2007.06.27 06:37:30.452,1.6495,1.6497,6.50,37.50
2007.06.27 06:37:35.736,1.6495,1.6497,1.20,37.50
2007.06.27 06:37:35.828,1.6495,1.6497,11.00,37.50
2007.06.27 06:37:36.198,1.64945,1.6497,29.10,38.30
2007.06.27 06:37:36.253,1.6495,1.6496,9.00,1.60
2007.06.27 06:37:36.346,1.6495,1.6496,2.70,1.60
2007.06.27 06:37:36.662,1.64945,1.6497,13.20,16.80
2007.06.27 06:37:36.841,1.6495,1.6497,0.60,15.20
2007.06.27 06:37:36.971,1.64945,1.6497,29.10,37.50
2007.06.27 06:37:37.704,1.6495,1.6497,3.00,37.50
2007.06.27 06:37:37.780,1.64945,1.6497,37.90,37.50
2007.06.27 06:37:38.652,1.64945,1.6497,40.30,37.50
2007.06.27 06:37:38.771,1.6495,1.6497,5.70,7.20
2007.06.27 06:37:38.853,1.6495,1.6497,4.90,7.20
2007.06.27 06:37:38.869,1.6495,1.6497,3.40,1.60
2007.06.27 06:37:39.268,1.64945,1.6497,20.40,5.60
2007.06.27 06:37:39.676,1.64945,1.6497,20.40,4.00
2007.06.27 06:37:39.759,1.64945,1.6497,48.40,4.00
2007.06.27 06:37:40.715,1.6495,1.64975,55.60,5.60
2007.06.27 06:37:40.796,1.6495,1.64975,49.90,5.60
2007.06.27 06:37:40.929,1.64955,1.6498,26.70,19.20
2007.06.27 06:37:41.136,1.64955,1.6498,29.10,19.20
2007.06.27 06:37:45.173,1.6496,1.6498,25.50,17.60
2007.06.27 06:37:45.199,1.6496,1.6498,27.10,17.60
2007.06.27 06:37:45.290,1.6497,1.6498,1.60,17.60
2007.06.27 06:37:45.399,1.6497,1.6498,1.60,9.60
2007.06.27 06:37:45.407,1.6497,1.6498,1.60,4.00
2007.06.27 06:37:46.090,1.6497,1.6498,4.00,4.00
2007.06.27 06:37:46.200,1.6497,1.6498,5.60,4.00
2007.06.27 06:37:46.328,1.6497,1.6498,7.20,4.00
2007.06.27 06:37:46.428,1.6497,1.6498,8.00,4.00
2007.06.27 06:37:46.606,1.6497,1.6498,5.60,4.00
2007.06.27 06:37:46.700,1.6497,1.6498,4.80,4.00
2007.06.27 06:37:46.724,1.6497,1.6498,3.20,5.60
2007.06.27 06:37:46.737,1.6497,1.6498,1.60,5.60
2007.06.27 06:37:47.229,1.6496,1.6498,18.40,5.60
2007.06.27 06:37:47.245,1.6496,1.6498,16.00,5.60
2007.06.27 06:37:47.388,1.6496,1.6498,8.00,39.90
2007.06.27 06:37:47.466,1.6496,1.64975,2.40,5.60
2007.06.27 06:37:49.197,1.6495,1.64975,57.50,5.60
2007.06.27 06:37:49.311,1.6497,1.64975,3.20,5.60
2007.06.27 06:37:49.328,1.6497,1.6498,4.00,17.60
2007.06.27 06:37:49.466,1.6497,1.6498,2.40,17.60
2007.06.27 06:37:49.497,1.6497,1.6498,1.60,17.60
2007.06.27 06:37:49.546,1.6497,1.6498,0.80,17.60
2007.06.27 06:37:49.725,1.6496,1.6498,27.90,19.20
2007.06.27 06:37:49.799,1.6497,1.6498,1.60,19.20
2007.06.27 06:37:49.829,1.6497,1.6498,1.60,13.60
2007.06.27 06:37:49.850,1.6497,1.6498,1.60,5.60
2007.06.27 06:37:51.671,1.6497,1.6498,1.60,4.00
2007.06.27 06:37:51.877,1.6497,1.64985,1.60,6.40
2007.06.27 06:37:51.890,1.6497,1.64985,1.60,5.60
2007.06.27 06:37:52.207,1.6497,1.64985,4.80,5.60
2007.06.27 06:37:52.251,1.6497,1.64985,5.60,5.60
2007.06.27 06:37:52.455,1.6497,1.64985,6.40,5.60
2007.06.27 06:37:53.118,1.6497,1.64985,4.00,5.60
2007.06.27 06:37:53.229,1.6497,1.64985,4.00,6.40
2007.06.27 06:37:53.507,1.6497,1.64985,4.00,7.20
2007.06.27 06:37:54.196,1.6497,1.64985,3.20,7.20
2007.06.27 06:37:54.250,1.6497,1.6498,2.40,1.60
2007.06.27 06:37:54.288,1.6497,1.6498,1.60,1.60
2007.06.27 06:37:55.705,1.6497,1.64985,1.60,7.20
2007.06.27 06:37:56.125,1.6497,1.6498,1.60,4.00
2007.06.27 06:37:56.215,1.6497,1.6498,2.40,4.00
2007.06.27 06:37:56.293,1.6497,1.6498,3.20,4.00
2007.06.27 06:37:56.374,1.6497,1.6498,4.00,4.00
2007.06.27 06:37:56.658,1.6497,1.6498,3.20,4.00
2007.06.27 06:37:56.739,1.64965,1.6497,1.60,4.00
2007.06.27 06:37:56.879,1.6497,1.64975,1.60,5.60
2007.06.27 06:37:57.242,1.6496,1.6497,11.20,4.00
2007.06.27 06:37:57.422,1.6496,1.6497,10.40,4.00
2007.06.27 06:37:57.448,1.6496,1.6497,2.40,4.00
2007.06.27 06:37:57.589,1.6496,1.6497,1.60,4.00
2007.06.27 06:37:57.704,1.6496,1.6497,1.60,5.60
2007.06.27 06:37:58.220,1.6496,1.6497,3.20,4.00
2007.06.27 06:37:58.265,1.6496,1.6497,4.00,4.00
2007.06.27 06:37:58.649,1.6496,1.6497,3.20,4.00
2007.06.27 06:37:58.751,1.6496,1.6497,2.40,4.00
2007.06.27 06:37:58.936,1.6496,1.6497,1.60,4.00
2007.06.27 06:38:01.891,1.6497,1.64975,5.60,6.40
2007.06.27 06:38:02.180,1.6497,1.64975,5.60,5.60
2007.06.27 06:38:02.280,1.6497,1.6498,5.60,8.80
2007.06.27 06:38:02.329,1.6497,1.6498,5.60,3.20
2007.06.27 06:38:02.584,1.6497,1.6498,5.60,1.60
2007.06.27 06:38:03.060,1.6497,1.6498,5.60,2.40
2007.06.27 06:38:03.195,1.6497,1.6498,4.00,4.80
2007.06.27 06:38:03.289,1.64965,1.6498,0.80,4.80
2007.06.27 06:38:03.428,1.64965,1.6498,0.80,12.80
2007.06.27 06:38:03.488,1.6496,1.64975,5.60,5.60
2007.06.27 06:38:05.152,1.6496,1.64975,8.00,5.60
2007.06.27 06:38:05.330,1.6496,1.64975,8.80,5.60
2007.06.27 06:38:05.339,1.6496,1.64975,9.60,5.60
2007.06.27 06:38:05.703,1.6497,1.64975,4.00,5.60
2007.06.27 06:38:05.801,1.6497,1.64975,5.60,5.60
2007.06.27 06:38:05.860,1.6497,1.6498,5.60,2.40
2007.06.27 06:38:06.254,1.6497,1.6498,5.60,1.60
2007.06.27 06:38:09.018,1.6497,1.6498,5.60,0.70
2007.06.27 06:38:09.215,1.6497,1.6499,5.60,26.40
2007.06.27 06:38:09.239,1.6497,1.6499,5.60,25.60
2007.06.27 06:38:09.716,1.6497,1.6499,5.60,20.00
2007.06.27 06:38:09.800,1.6497,1.6499,5.60,20.80
2007.06.27 06:38:11.828,1.6497,1.64985,5.60,0.90
2007.06.27 06:38:11.902,1.6497,1.64985,5.60,0.90
2007.06.27 06:38:12.241,1.6497,1.6499,6.40,20.00
2007.06.27 06:38:12.294,1.6497,1.64985,7.20,0.90
2007.06.27 06:38:12.357,1.6497,1.6499,8.00,20.00
2007.06.27 06:38:15.613,1.6497,1.6499,7.20,20.00
2007.06.27 06:38:15.698,1.6497,1.6499,5.60,22.40
2007.06.27 06:38:15.945,1.6497,1.64985,5.60,0.70
2007.06.27 06:38:17.246,1.6497,1.64985,6.40,0.60
2007.06.27 06:38:17.263,1.6497,1.6499,7.20,18.40
2007.06.27 06:38:17.275,1.6497,1.64985,8.00,0.50
2007.06.27 06:38:18.682,1.6498,1.6499,4.00,17.60
2007.06.27 06:38:18.780,1.6498,1.6499,4.00,0.90
2007.06.27 06:38:19.048,1.6498,1.6499,4.00,0.50
2007.06.27 06:38:19.191,1.6498,1.65,4.00,28.00
2007.06.27 06:38:19.295,1.6498,1.65,5.60,28.00
2007.06.27 06:38:23.730,1.6498,1.6499,5.60,0.70
2007.06.27 06:38:25.207,1.6498,1.65,5.60,24.80
2007.06.27 06:38:26.220,1.6498,1.64995,5.60,8.80
2007.06.27 06:38:27.244,1.6498,1.64995,5.60,0.60
2007.06.27 06:38:38.186,1.6498,1.6499,5.60,1.60
2007.06.27 06:38:39.734,1.6498,1.64995,5.60,7.20
2007.06.27 06:38:40.640,1.6498,1.64995,8.00,7.20
2007.06.27 06:38:40.757,1.6498,1.64995,8.00,6.40
2007.06.27 06:38:40.993,1.6498,1.64995,8.00,5.60
2007.06.27 06:38:41.172,1.6498,1.64995,5.60,5.60
2007.06.27 06:38:41.360,1.6498,1.64995,5.60,6.40
2007.06.27 06:38:41.381,1.6498,1.64995,5.60,7.20
2007.06.27 06:38:47.641,1.6498,1.64995,8.00,6.40
2007.06.27 06:38:47.806,1.6498,1.64995,8.80,6.40
2007.06.27 06:38:47.820,1.6498,1.64995,9.60,5.60
2007.06.27 06:38:47.945,1.6498,1.64995,10.40,5.60
2007.06.27 06:38:48.146,1.6498,1.64995,8.00,5.60
2007.06.27 06:38:48.201,1.6498,1.64995,7.20,5.60
2007.06.27 06:38:48.266,1.6498,1.64995,6.40,5.60
2007.06.27 06:38:48.354,1.6498,1.64995,6.40,6.40
2007.06.27 06:38:48.373,1.6498,1.64995,5.60,7.20
2007.06.27 06:38:48.622,1.6498,1.64995,25.50,7.20
2007.06.27 06:38:48.633,1.6498,1.64995,25.50,1.60
2007.06.27 06:38:48.681,1.6498,1.64995,27.90,0.80
2007.06.27 06:38:48.847,1.6498,1.64995,16.00,0.80
2007.06.27 06:38:48.927,1.6499,1.65,4.00,2.40
2007.06.27 06:38:49.139,1.6499,1.65005,4.00,5.60
2007.06.27 06:38:49.237,1.6499,1.65005,5.60,5.60
2007.06.27 06:38:50.172,1.6499,1.65005,4.00,5.60
2007.06.27 06:38:54.277,1.6498,1.65005,45.50,6.40
2007.06.27 06:38:54.315,1.6498,1.65,39.90,5.60
2007.06.27 06:38:54.637,1.6498,1.65,31.90,27.90
2007.06.27 06:38:56.237,1.6498,1.65,31.90,29.50
2007.06.27 06:38:56.262,1.6498,1.65,31.90,37.50
2007.06.27 06:38:57.266,1.6498,1.65,33.50,37.50
2007.06.27 06:38:57.325,1.6498,1.65,34.30,37.50
2007.06.27 06:38:57.638,1.6499,1.65,1.60,37.50
2007.06.27 06:38:57.737,1.6499,1.65,5.60,35.90
2007.06.27 06:38:57.824,1.6499,1.65,5.60,5.60
2007.06.27 06:38:58.251,1.6499,1.65,5.60,7.20
2007.06.27 06:38:58.303,1.6499,1.65,5.60,1.60
2007.06.27 06:38:59.322,1.6498,1.65,39.10,1.60
2007.06.27 06:39:00.707,1.6498,1.65,4.50,1.60
2007.06.27 06:39:00.742,1.64975,1.65,44.70,31.90
2007.06.27 06:39:00.812,1.6498,1.65,6.30,31.90
2007.06.27 06:39:00.839,1.64975,1.65,42.30,37.50
2007.06.27 06:39:01.042,1.6498,1.65,7.50,37.50
2007.06.27 06:39:01.254,1.6498,1.65,7.10,15.20
2007.06.27 06:39:04.119,1.64975,1.65,35.90,17.60
2007.06.27 06:39:06.180,1.6498,1.65,12.00,15.20
2007.06.27 06:39:08.245,1.64975,1.65,36.70,15.20
2007.06.27 06:39:08.298,1.64975,1.65,14.40,15.20
2007.06.27 06:39:08.339,1.6498,1.64995,1.70,0.80
2007.06.27 06:39:08.399,1.6498,1.64995,1.60,6.40
2007.06.27 06:39:08.745,1.6498,1.64995,1.90,6.40
2007.06.27 06:39:12.679,1.6498,1.64995,13.60,6.40
2007.06.27 06:39:12.750,1.6499,1.64995,1.00,0.80
2007.06.27 06:39:12.879,1.64985,1.65,6.40,4.00
2007.06.27 06:39:13.166,1.64985,1.65,6.40,1.60
2007.06.27 06:39:16.154,1.64985,1.65,6.40,5.60
2007.06.27 06:39:16.212,1.64975,1.65,31.90,8.00
2007.06.27 06:39:16.306,1.64975,1.64995,23.90,0.80
2007.06.27 06:39:16.398,1.6498,1.64995,3.20,0.80
2007.06.27 06:39:16.467,1.64975,1.64995,6.40,6.40
2007.06.27 06:39:22.196,1.6498,1.6499,3.00,1.60
2007.06.27 06:39:24.247,1.6498,1.64995,2.20,6.40
2007.06.27 06:39:25.180,1.6497,1.6499,41.50,2.40
2007.06.27 06:39:25.283,1.6497,1.6499,17.20,2.40
2007.06.27 06:39:25.316,1.6497,1.6499,4.00,2.40
2007.06.27 06:39:25.386,1.6496,1.6499,66.30,10.40
2007.06.27 06:39:25.413,1.6497,1.64985,4.60,5.60
2007.06.27 06:39:25.737,1.6497,1.64985,3.00,5.60
2007.06.27 06:39:26.571,1.6497,1.64985,4.00,5.60
2007.06.27 06:39:28.297,1.6497,1.64985,27.90,5.60
2007.06.27 06:39:28.378,1.6497,1.6499,27.90,17.60
2007.06.27 06:39:28.392,1.6497,1.6499,31.90,15.20
2007.06.27 06:39:28.677,1.6497,1.6499,27.90,15.20
2007.06.27 06:39:28.799,1.6497,1.6499,8.00,15.20
2007.06.27 06:39:28.919,1.6497,1.64985,8.00,5.60
2007.06.27 06:39:29.201,1.6497,1.64985,5.60,5.60
2007.06.27 06:39:29.512,1.6497,1.64985,5.60,6.40
2007.06.27 06:39:31.737,1.6497,1.64985,5.60,0.80
2007.06.27 06:39:31.772,1.6497,1.6499,31.90,16.80
2007.06.27 06:39:32.118,1.6497,1.6499,31.90,15.20
2007.06.27 06:39:32.181,1.6497,1.6499,32.70,13.60
2007.06.27 06:39:32.236,1.6497,1.6499,33.50,13.60
2007.06.27 06:39:32.280,1.6497,1.6499,34.30,13.60
2007.06.27 06:39:34.654,1.6497,1.6499,33.50,13.60
2007.06.27 06:39:34.674,1.6497,1.6499,32.70,13.60
2007.06.27 06:39:34.706,1.6497,1.6499,32.70,15.20
2007.06.27 06:39:34.808,1.6497,1.6499,31.90,15.20
2007.06.27 06:39:36.712,1.6497,1.6499,27.90,15.20
2007.06.27 06:39:36.732,1.6497,1.64985,27.90,5.60
2007.06.27 06:39:36.795,1.6497,1.64985,8.00,5.60
2007.06.27 06:39:40.809,1.6497,1.6498,5.60,1.60
2007.06.27 06:39:50.473,1.6497,1.6498,2.30,1.60
2007.06.27 06:40:02.112,1.6497,1.6498,5.60,4.80
2007.06.27 06:40:02.206,1.64965,1.6498,0.80,4.80
2007.06.27 06:40:02.305,1.64965,1.64975,0.80,5.60
2007.06.27 06:40:02.407,1.6496,1.64975,5.60,6.40
2007.06.27 06:40:02.620,1.6496,1.64975,5.60,5.60
2007.06.27 06:40:02.729,1.6496,1.64975,8.00,5.60
2007.06.27 06:40:02.823,1.6496,1.64975,31.90,5.60
2007.06.27 06:40:02.851,1.6496,1.6498,31.90,16.00
2007.06.27 06:40:03.206,1.6496,1.6498,31.90,15.20
2007.06.27 06:40:07.175,1.6496,1.6498,37.50,9.60
2007.06.27 06:40:07.192,1.6497,1.6498,4.00,9.60
2007.06.27 06:40:07.208,1.6497,1.6498,4.00,1.60
2007.06.27 06:40:09.673,1.6497,1.6498,4.00,4.00
2007.06.27 06:40:09.771,1.64965,1.6497,0.80,1.60
2007.06.27 06:40:10.628,1.6496,1.6497,6.40,1.60
2007.06.27 06:40:10.808,1.6496,1.6497,5.60,1.60
2007.06.27 06:40:10.872,1.6496,1.64975,5.60,6.40
2007.06.27 06:40:12.141,1.6496,1.64975,8.00,6.40
2007.06.27 06:40:12.345,1.6496,1.64975,8.00,5.60
2007.06.27 06:40:12.390,1.6496,1.6498,8.00,15.20
2007.06.27 06:40:12.718,1.6496,1.6498,31.90,15.20
2007.06.27 06:40:13.335,1.6496,1.6498,31.90,37.50
2007.06.27 06:40:18.920,1.64955,1.6498,38.30,37.50
2007.06.27 06:40:19.241,1.6497,1.6498,1.20,37.50
2007.06.27 06:40:19.274,1.6496,1.6498,35.90,7.20
2007.06.27 06:40:19.432,1.6496,1.6498,41.50,1.60
2007.06.27 06:40:20.165,1.6496,1.6498,38.30,4.00
2007.06.27 06:40:20.279,1.64955,1.64975,24.70,0.80
2007.06.27 06:40:20.302,1.64955,1.64975,19.10,6.40
2007.06.27 06:40:20.501,1.64955,1.64975,7.20,6.40
2007.06.27 06:40:21.327,1.64955,1.64975,8.80,5.60
2007.06.27 06:40:21.344,1.64955,1.6498,14.40,16.00
2007.06.27 06:40:21.493,1.64955,1.6498,38.30,16.00
2007.06.27 06:40:21.844,1.6496,1.6498,0.70,16.00
2007.06.27 06:40:22.074,1.64955,1.6498,35.90,15.20
2007.06.27 06:40:23.679,1.64965,1.6498,4.80,15.20
2007.06.27 06:40:23.746,1.64965,1.6498,4.80,7.20
2007.06.27 06:40:23.903,1.64965,1.6498,4.80,1.60
2007.06.27 06:40:24.192,1.6497,1.6498,3.00,1.60
2007.06.27 06:40:24.693,1.64965,1.6498,4.80,1.60
2007.06.27 06:40:26.721,1.6497,1.6498,0.70,12.00
2007.06.27 06:40:26.754,1.6496,1.6497,24.70,1.60
2007.06.27 06:40:26.867,1.6496,1.6497,0.80,1.60
2007.06.27 06:40:27.134,1.64955,1.6497,6.40,1.60
2007.06.27 06:40:27.686,1.6496,1.64975,1.10,6.40
2007.06.27 06:40:30.836,1.64955,1.6497,6.40,1.60
2007.06.27 06:40:32.697,1.64955,1.6497,6.40,7.20
2007.06.27 06:40:32.754,1.64945,1.6497,27.20,7.20
2007.06.27 06:40:32.848,1.64945,1.6497,45.50,37.50
2007.06.27 06:40:33.067,1.6495,1.6497,6.20,37.50
2007.06.27 06:40:33.169,1.6495,1.6497,39.90,35.90
2007.06.27 06:40:33.260,1.6495,1.6497,45.50,30.30
2007.06.27 06:40:33.285,1.6496,1.64975,0.50,5.60
2007.06.27 06:40:35.216,1.6495,1.64975,63.90,5.60
2007.06.27 06:40:35.279,1.64955,1.6498,12.00,41.50
2007.06.27 06:40:35.294,1.64955,1.6498,12.00,15.20
2007.06.27 06:40:35.371,1.6496,1.6498,2.50,15.20
2007.06.27 06:40:35.638,1.64955,1.6498,38.30,15.20
2007.06.27 06:40:36.478,1.64955,1.6498,37.50,15.20
2007.06.27 06:40:36.518,1.6496,1.6498,13.80,15.20
2007.06.27 06:40:36.557,1.64955,1.6498,35.90,15.20
2007.06.27 06:40:38.266,1.6496,1.6498,2.20,15.20
2007.06.27 06:40:38.397,1.64955,1.64975,6.40,5.60
2007.06.27 06:40:38.877,1.64955,1.64975,30.30,5.60
2007.06.27 06:40:38.890,1.6496,1.6498,4.10,39.90
2007.06.27 06:40:39.290,1.64955,1.6498,35.90,15.20
2007.06.27 06:40:42.125,1.64955,1.6498,35.90,17.60
2007.06.27 06:40:42.232,1.64955,1.6497,35.90,1.60
2007.06.27 06:40:42.288,1.64955,1.6497,6.40,1.60
2007.06.27 06:40:44.216,1.64955,1.64975,6.40,6.40
2007.06.27 06:40:44.825,1.64955,1.64975,6.40,5.60
2007.06.27 06:40:45.239,1.64955,1.64975,6.40,6.40
2007.06.27 06:40:50.353,1.64955,1.6496,6.40,1.60
2007.06.27 06:40:50.701,1.6496,1.64975,2.20,6.40
2007.06.27 06:40:51.333,1.64955,1.64975,6.40,5.60
2007.06.27 06:40:56.187,1.64955,1.6496,6.40,5.60
2007.06.27 06:40:57.309,1.64955,1.6496,6.40,1.20
2007.06.27 06:40:57.749,1.64955,1.6497,6.40,1.60
2007.06.27 06:40:58.121,1.64955,1.64975,6.40,6.40
2007.06.27 06:40:58.731,1.64955,1.6497,6.40,1.60
2007.06.27 06:41:04.746,1.64955,1.64975,6.40,6.40
2007.06.27 06:41:05.136,1.64955,1.6497,4.80,1.60
2007.06.27 06:41:06.239,1.64955,1.64965,4.80,5.60
2007.06.27 06:41:06.273,1.64955,1.6496,0.80,1.60
2007.06.27 06:41:06.361,1.64945,1.6496,14.40,1.60
2007.06.27 06:41:06.678,1.64945,1.64965,14.40,6.40
2007.06.27 06:41:09.476,1.64945,1.64965,13.60,6.40
2007.06.27 06:41:09.604,1.6495,1.64965,3.20,6.40
2007.06.27 06:41:09.688,1.6495,1.6496,0.90,1.60
2007.06.27 06:41:09.911,1.6495,1.6496,4.90,2.40
2007.06.27 06:41:09.942,1.6494,1.6496,37.50,3.20
2007.06.27 06:41:10.658,1.6495,1.6496,1.20,2.40
2007.06.27 06:41:10.728,1.64945,1.6496,10.40,1.60
2007.06.27 06:41:13.199,1.6495,1.6496,5.60,2.40
2007.06.27 06:41:13.260,1.6495,1.6496,5.60,8.80
2007.06.27 06:41:13.271,1.6495,1.6496,5.60,9.60
2007.06.27 06:41:13.364,1.6495,1.6496,5.60,17.60
2007.06.27 06:41:14.266,1.6495,1.6496,5.60,18.40
2007.06.27 06:41:14.292,1.6495,1.6496,5.60,19.20
2007.06.27 06:41:17.041,1.6494,1.6495,29.50,0.50
2007.06.27 06:41:17.156,1.6494,1.6495,29.50,4.00
2007.06.27 06:41:17.240,1.6494,1.6495,23.90,5.60
2007.06.27 06:41:17.274,1.64935,1.6495,6.40,5.60
2007.06.27 06:41:17.334,1.64935,1.64945,5.60,0.80
2007.06.27 06:41:17.393,1.6493,1.64945,5.60,6.40
2007.06.27 06:41:19.812,1.6493,1.64945,5.60,5.60
2007.06.27 06:41:20.326,1.6493,1.64945,5.60,6.40
2007.06.27 06:41:20.755,1.6493,1.64945,5.60,0.80
2007.06.27 06:41:20.776,1.6493,1.64945,31.90,0.80
2007.06.27 06:41:20.833,1.6493,1.6495,31.90,19.20
2007.06.27 06:41:21.090,1.6493,1.6495,33.50,15.20
2007.06.27 06:41:21.260,1.6494,1.6495,4.00,15.20
2007.06.27 06:41:21.288,1.6494,1.6495,4.00,9.60
2007.06.27 06:41:21.307,1.6494,1.6495,4.00,1.60
2007.06.27 06:41:22.598,1.6494,1.6495,4.00,7.20
2007.06.27 06:41:22.693,1.6494,1.6495,5.60,5.60
2007.06.27 06:41:24.223,1.6494,1.6495,15.20,5.60
2007.06.27 06:41:24.247,1.6495,1.6496,1.60,8.00
2007.06.27 06:41:24.351,1.6495,1.6496,5.60,8.00
2007.06.27 06:41:24.390,1.6495,1.64955,5.60,5.60
2007.06.27 06:41:24.911,1.6495,1.6496,5.60,5.60
2007.06.27 06:41:25.163,1.6495,1.6496,5.60,7.20
2007.06.27 06:41:26.183,1.6495,1.6496,5.60,5.60
2007.06.27 06:41:26.695,1.6495,1.6496,5.60,7.20
2007.06.27 06:41:27.219,1.6495,1.6496,5.60,5.60
2007.06.27 06:41:28.230,1.6495,1.6496,5.60,7.20
2007.06.27 06:41:28.768,1.6495,1.6496,5.60,5.60
2007.06.27 06:41:30.834,1.6495,1.64965,5.60,6.40
2007.06.27 06:41:31.104,1.6495,1.6496,1.60,4.00
2007.06.27 06:41:33.622,1.6495,1.64965,1.60,10.40
2007.06.27 06:41:38.220,1.6495,1.64965,9.60,4.80
2007.06.27 06:41:38.287,1.6495,1.64965,15.20,4.80
2007.06.27 06:41:38.312,1.6495,1.6497,15.20,0.80
2007.06.27 06:41:39.172,1.6495,1.6498,15.20,28.80
2007.06.27 06:41:39.312,1.6495,1.6498,39.10,56.70
2007.06.27 06:41:42.499,1.6495,1.6497,41.50,0.80
2007.06.27 06:41:43.245,1.6495,1.6498,39.10,58.30
2007.06.27 06:41:43.379,1.6495,1.6497,31.10,0.80
2007.06.27 06:41:43.457,1.6495,1.6497,25.50,0.60
2007.06.27 06:41:43.689,1.6495,1.64975,29.50,9.60
2007.06.27 06:41:43.738,1.6495,1.6497,35.10,0.90
2007.06.27 06:41:43.761,1.6495,1.6497,37.50,0.60
2007.06.27 06:41:43.842,1.6495,1.6497,45.50,0.80
2007.06.27 06:41:44.167,1.6495,1.6498,47.90,51.90
2007.06.27 06:41:46.983,1.6495,1.6498,50.30,49.50
2007.06.27 06:41:58.729,1.6495,1.6497,50.30,0.90
2007.06.27 06:41:58.775,1.6495,1.6497,20.00,0.70
2007.06.27 06:41:59.241,1.6495,1.6498,20.00,51.90
2007.06.27 06:41:59.398,1.6495,1.6498,50.30,49.50
2007.06.27 06:42:04.708,1.6496,1.6498,1.60,45.50
2007.06.27 06:42:04.738,1.6496,1.6498,1.60,21.60
2007.06.27 06:42:04.831,1.6496,1.6498,23.90,39.90
2007.06.27 06:42:04.877,1.6496,1.6498,23.90,34.30
2007.06.27 06:42:21.684,1.6497,1.6498,4.00,26.30
2007.06.27 06:42:21.776,1.6497,1.64985,4.00,6.40
2007.06.27 06:42:21.798,1.64975,1.64985,0.80,5.60
2007.06.27 06:42:21.866,1.64975,1.6499,0.80,9.60
2007.06.27 06:42:22.160,1.64975,1.6499,0.80,5.60
2007.06.27 06:42:22.395,1.64975,1.6499,6.40,5.60
2007.06.27 06:42:23.674,1.64975,1.6499,6.40,4.00
2007.06.27 06:42:23.779,1.64975,1.65,6.40,44.70
2007.06.27 06:42:23.839,1.64975,1.65,6.40,24.80
2007.06.27 06:42:23.960,1.64975,1.65,6.40,19.20
2007.06.27 06:42:24.139,1.6498,1.65,11.90,37.50
2007.06.27 06:42:24.233,1.6498,1.65,17.50,37.50
2007.06.27 06:42:24.308,1.6498,1.65,17.50,38.30
2007.06.27 06:42:24.311,1.6498,1.65,25.50,38.30
2007.06.27 06:42:27.035,1.6498,1.65,25.50,39.90
2007.06.27 06:42:27.130,1.6498,1.65,25.50,40.70
2007.06.27 06:42:27.169,1.6498,1.6499,25.50,5.60
2007.06.27 06:42:27.246,1.6498,1.6499,5.60,5.60
2007.06.27 06:42:27.335,1.64975,1.6499,5.60,5.60
2007.06.27 06:42:29.626,1.64975,1.6499,5.60,4.00
2007.06.27 06:42:29.729,1.64975,1.65,5.60,30.40
2007.06.27 06:42:29.786,1.6498,1.65,11.90,48.70
2007.06.27 06:42:29.914,1.6498,1.65,11.90,43.10
2007.06.27 06:42:30.095,1.6498,1.65,11.90,40.70
2007.06.27 06:42:30.149,1.6498,1.6499,11.90,1.60
2007.06.27 06:42:30.218,1.6498,1.6499,17.50,1.60
2007.06.27 06:42:30.237,1.6498,1.6499,5.60,1.60
2007.06.27 06:42:30.251,1.6498,1.6499,5.60,5.60
2007.06.27 06:42:31.261,1.6498,1.6499,5.60,6.40
2007.06.27 06:42:31.284,1.6498,1.6499,5.60,7.20
2007.06.27 06:42:31.306,1.6498,1.6499,5.60,8.00
2007.06.27 06:42:31.700,1.6498,1.6499,5.60,5.60
2007.06.27 06:42:31.718,1.6498,1.6499,5.60,4.80
2007.06.27 06:42:31.949,1.6498,1.6499,5.60,6.40
2007.06.27 06:42:32.016,1.64975,1.6499,0.80,5.60
2007.06.27 06:42:34.196,1.64975,1.6499,0.80,6.40
2007.06.27 06:42:34.264,1.64975,1.6499,0.80,7.20
2007.06.27 06:42:34.377,1.6497,1.6499,20.00,7.20
2007.06.27 06:42:34.462,1.64975,1.6499,5.60,8.00
2007.06.27 06:42:34.719,1.6498,1.6499,6.40,6.40
2007.06.27 06:42:34.795,1.6498,1.6499,6.40,2.40
2007.06.27 06:42:34.872,1.6498,1.6499,14.40,1.60
2007.06.27 06:42:34.903,1.64985,1.6499,0.80,0.80
2007.06.27 06:42:34.991,1.64985,1.65,0.80,6.40
2007.06.27 06:42:35.170,1.64985,1.65,0.80,5.60
2007.06.27 06:42:35.205,1.6499,1.65,1.60,5.60
2007.06.27 06:42:36.287,1.6499,1.65,1.60,4.00
2007.06.27 06:42:36.920,1.6499,1.65,1.60,5.60
2007.06.27 06:42:37.214,1.6499,1.65,1.60,4.00
2007.06.27 06:42:37.735,1.6499,1.65,1.60,5.60
2007.06.27 06:42:38.238,1.6499,1.65,1.60,4.00
2007.06.27 06:42:38.755,1.6499,1.65,1.60,5.60
2007.06.27 06:42:40.184,1.6498,1.65,24.80,5.60
2007.06.27 06:42:40.234,1.6498,1.65,22.40,5.60
2007.06.27 06:42:40.275,1.6498,1.65,16.80,5.60
2007.06.27 06:42:40.340,1.6498,1.65,28.70,31.90
2007.06.27 06:42:40.396,1.6498,1.65,26.30,31.90
2007.06.27 06:42:41.175,1.6498,1.65,23.90,31.90
2007.06.27 06:42:44.718,1.6499,1.65,1.60,30.30
2007.06.27 06:42:44.755,1.6499,1.65,1.60,4.00
2007.06.27 06:42:45.281,1.6499,1.65,1.60,15.90
2007.06.27 06:42:45.328,1.6499,1.65,1.60,4.00
2007.06.27 06:42:46.693,1.64985,1.65,0.80,4.00
2007.06.27 06:42:46.890,1.6498,1.65,13.60,4.00
2007.06.27 06:42:46.904,1.6498,1.65,27.90,19.90
2007.06.27 06:42:47.103,1.6498,1.65,26.30,19.90
2007.06.27 06:42:47.326,1.6498,1.65,23.90,22.30
2007.06.27 06:42:48.121,1.6498,1.65,23.90,23.10
2007.06.27 06:42:48.129,1.6498,1.65,21.50,25.50
2007.06.27 06:42:48.239,1.6498,1.6499,21.50,4.00
2007.06.27 06:42:48.267,1.6498,1.6499,1.60,4.00
2007.06.27 06:42:53.053,1.6498,1.65,23.90,31.90
2007.06.27 06:42:53.125,1.6498,1.65,23.90,31.90
2007.06.27 06:42:55.139,1.64985,1.65,0.80,31.90
2007.06.27 06:42:55.229,1.64985,1.65,0.80,5.60
2007.06.27 06:42:55.240,1.6499,1.65,1.60,5.60
2007.06.27 06:43:01.158,1.6499,1.65,1.60,0.60
2007.06.27 06:43:03.192,1.6499,1.65015,1.60,26.30
2007.06.27 06:43:03.252,1.6499,1.6501,1.60,0.70
2007.06.27 06:43:03.312,1.6499,1.6501,1.60,0.50
2007.06.27 06:43:03.357,1.6499,1.65015,21.50,40.70
2007.06.27 06:43:06.635,1.6499,1.65015,1.60,16.80
2007.06.27 06:43:06.711,1.6499,1.65,1.60,0.70
2007.06.27 06:43:14.661,1.64985,1.65005,0.80,8.80
2007.06.27 06:43:14.767,1.64985,1.6499,0.80,0.60
2007.06.27 06:43:14.970,1.6498,1.64995,4.00,4.80
2007.06.27 06:43:15.219,1.6498,1.64995,1.60,4.80
2007.06.27 06:43:19.195,1.6498,1.6499,0.70,0.60
2007.06.27 06:43:24.075,1.64975,1.64995,8.80,4.80
2007.06.27 06:43:24.191,1.6498,1.6499,0.80,0.50
2007.06.27 06:43:24.220,1.6499,1.65,0.70,0.80
2007.06.27 06:43:24.236,1.6499,1.65,0.60,0.50
2007.06.27 06:43:24.288,1.6499,1.65,0.90,0.80
2007.06.27 06:43:30.229,1.6498,1.65,20.00,5.60
2007.06.27 06:43:30.347,1.6498,1.65,34.30,31.90
2007.06.27 06:43:30.428,1.64975,1.65,34.30,31.90
2007.06.27 06:43:30.446,1.64975,1.65,34.30,31.90
2007.06.27 06:43:30.458,1.6498,1.65,12.60,31.90
2007.06.27 06:43:30.726,1.6498,1.65,0.70,31.90
2007.06.27 06:43:30.740,1.6498,1.65,1.50,31.90
2007.06.27 06:43:31.166,1.6498,1.65,6.90,31.90
2007.06.27 06:43:32.706,1.64975,1.65,18.30,34.30
2007.06.27 06:43:37.146,1.6498,1.65,1.00,35.10
2007.06.27 06:43:37.173,1.64975,1.65,18.30,35.90
2007.06.27 06:43:37.223,1.6498,1.65,3.70,36.70
2007.06.27 06:43:38.183,1.6498,1.65,3.70,35.10
2007.06.27 06:43:38.405,1.6498,1.65,2.30,34.30
2007.06.27 06:43:40.761,1.6498,1.65,1.40,31.90
2007.06.27 06:43:42.710,1.64975,1.65,22.30,31.90
2007.06.27 06:43:42.748,1.6498,1.65,10.10,31.90
2007.06.27 06:43:48.631,1.6498,1.65,26.30,31.90
2007.06.27 06:43:48.662,1.6499,1.65,1.60,31.90
2007.06.27 06:43:48.713,1.6499,1.65,1.60,5.60
2007.06.27 06:44:05.698,1.6499,1.65,1.60,4.00
2007.06.27 06:44:08.338,1.6499,1.65,1.60,22.30
2007.06.27 06:44:08.405,1.64985,1.65,0.80,22.30
2007.06.27 06:44:08.502,1.6498,1.65,37.50,22.30
2007.06.27 06:44:08.712,1.6498,1.65,37.50,23.90
2007.06.27 06:44:08.790,1.6498,1.65,37.50,31.90
2007.06.27 06:44:25.652,1.6498,1.65,39.90,31.90
2007.06.27 06:44:25.681,1.64985,1.65,0.80,31.90
2007.06.27 06:44:25.723,1.64985,1.65,6.40,31.90
2007.06.27 06:44:25.748,1.64985,1.65,6.40,30.30
2007.06.27 06:44:25.835,1.64985,1.65,6.40,5.60
2007.06.27 06:44:26.292,1.6499,1.65,1.60,5.60
2007.06.27 06:44:29.188,1.65,1.65005,1.60,0.80
2007.06.27 06:44:29.298,1.65,1.6501,1.60,35.10
2007.06.27 06:44:29.305,1.65,1.6501,1.60,12.80
2007.06.27 06:44:29.359,1.65,1.6501,1.60,7.20
2007.06.27 06:44:30.134,1.65,1.6501,1.60,5.60
2007.06.27 06:44:32.710,1.65,1.6501,1.60,4.00
2007.06.27 06:44:32.811,1.65,1.6501,1.60,5.60
2007.06.27 06:44:33.664,1.64995,1.6501,0.80,5.60
2007.06.27 06:44:35.213,1.65,1.6501,1.60,4.00
2007.06.27 06:44:41.725,1.6499,1.65005,15.20,0.80
2007.06.27 06:44:41.779,1.6499,1.65005,7.20,0.80
2007.06.27 06:44:41.801,1.6499,1.65005,1.60,6.40
2007.06.27 06:44:41.815,1.6499,1.65,1.60,4.00
2007.06.27 06:44:41.971,1.6499,1.65,1.60,22.30
2007.06.27 06:44:42.177,1.6498,1.65,27.90,30.30
2007.06.27 06:44:42.306,1.6498,1.65,26.30,31.90
2007.06.27 06:44:42.316,1.6498,1.65,23.90,31.90
2007.06.27 06:44:46.679,1.6498,1.65,29.50,31.90
2007.06.27 06:44:46.692,1.64985,1.65,0.80,31.90
2007.06.27 06:44:46.829,1.64985,1.65,0.80,5.60
2007.06.27 06:44:48.742,1.6499,1.65,1.60,5.60
2007.06.27 06:44:54.983,1.6499,1.65,1.60,0.70
2007.06.27 06:44:56.625,1.64995,1.65,0.80,5.60
2007.06.27 06:44:56.737,1.64995,1.65005,0.80,0.80
2007.06.27 06:44:56.937,1.64995,1.6501,0.80,9.60
2007.06.27 06:44:57.135,1.64995,1.6501,0.80,5.60
2007.06.27 06:45:02.200,1.65,1.6501,1.60,4.00
2007.06.27 06:45:02.311,1.65,1.6502,1.60,16.00
2007.06.27 06:45:02.331,1.65,1.6502,21.50,34.30
2007.06.27 06:45:06.152,1.65,1.65015,21.50,0.80
2007.06.27 06:45:06.247,1.65,1.6501,21.50,5.60
2007.06.27 06:45:06.277,1.65,1.6501,1.60,5.60
2007.06.27 06:45:09.729,1.65,1.6501,1.60,4.00
2007.06.27 06:45:15.230,1.65,1.6501,1.60,5.60
2007.06.27 06:45:21.192,1.64995,1.6501,0.80,5.60
2007.06.27 06:45:23.691,1.6499,1.6501,19.20,5.60
2007.06.27 06:45:23.820,1.6499,1.6501,41.50,31.90
2007.06.27 06:45:24.144,1.6499,1.6501,39.90,31.90
2007.06.27 06:45:24.227,1.6499,1.6501,37.50,31.90
2007.06.27 06:45:25.743,1.6499,1.6501,35.90,31.90
2007.06.27 06:45:25.777,1.6499,1.6501,27.90,31.90
2007.06.27 06:45:26.141,1.6499,1.6501,27.90,32.70
2007.06.27 06:45:26.170,1.6499,1.6501,27.90,33.50
2007.06.27 06:45:26.210,1.6499,1.6501,27.90,34.30
2007.06.27 06:45:27.176,1.6499,1.6501,29.50,34.30
2007.06.27 06:45:27.230,1.6499,1.6501,37.50,34.30
2007.06.27 06:45:27.427,1.6499,1.6501,37.50,33.50
2007.06.27 06:45:27.482,1.6499,1.6501,37.50,32.70
2007.06.27 06:45:27.533,1.6499,1.6501,37.50,31.90
2007.06.27 06:45:29.187,1.6499,1.65,7.20,5.60
2007.06.27 06:45:29.310,1.6499,1.65,1.60,5.60
2007.06.27 06:45:29.688,1.64985,1.65,6.40,5.60
2007.06.27 06:45:30.876,1.64985,1.65,0.80,31.90
2007.06.27 06:45:30.924,1.6498,1.65,43.90,31.90
2007.06.27 06:45:31.175,1.6498,1.65,39.90,31.90
2007.06.27 06:45:31.307,1.6498,1.65,37.50,31.90
2007.06.27 06:45:31.856,1.6498,1.65,27.90,31.90
2007.06.27 06:45:32.194,1.6498,1.65,27.90,32.70
2007.06.27 06:45:32.249,1.6498,1.65,27.90,33.50
2007.06.27 06:45:32.274,1.6498,1.65,27.90,34.30
2007.06.27 06:45:34.076,1.6498,1.65,31.90,34.30
2007.06.27 06:45:34.167,1.6498,1.65,34.30,34.30
2007.06.27 06:45:34.217,1.6498,1.65,34.30,36.70
2007.06.27 06:45:34.236,1.6498,1.6499,34.30,0.80
2007.06.27 06:45:34.274,1.6498,1.6499,20.00,0.80
2007.06.27 06:45:34.462,1.64985,1.65,5.60,10.40
2007.06.27 06:45:34.639,1.64985,1.65,5.60,9.60
2007.06.27 06:45:34.677,1.64985,1.65,5.60,8.80
2007.06.27 06:45:34.729,1.64985,1.65,6.40,8.80
2007.06.27 06:45:34.779,1.64985,1.65,6.40,8.00
2007.06.27 06:45:34.841,1.64985,1.65,6.40,5.60
2007.06.27 06:45:35.279,1.64985,1.65,0.80,5.60
2007.06.27 06:45:35.880,1.64985,1.65,0.80,1.60
2007.06.27 06:45:35.987,1.6499,1.65,4.00,1.60
2007.06.27 06:45:36.693,1.64985,1.65,0.80,1.60
2007.06.27 06:45:36.765,1.64985,1.65,0.80,23.90
2007.06.27 06:45:37.109,1.6498,1.65,47.90,23.90
2007.06.27 06:45:37.256,1.6498,1.65,45.50,23.90
2007.06.27 06:45:39.680,1.6498,1.6499,37.50,1.60
2007.06.27 06:45:39.761,1.6498,1.6499,5.60,1.60
2007.06.27 06:45:40.190,1.6498,1.65,13.60,13.50
2007.06.27 06:45:40.263,1.6498,1.65,45.50,23.90
2007.06.27 06:45:41.310,1.6498,1.65,13.60,13.50
2007.06.27 06:45:41.344,1.6498,1.65,9.60,17.50
2007.06.27 06:45:41.770,1.6498,1.65,13.60,13.50
2007.06.27 06:45:41.880,1.6498,1.65,45.50,23.90
2007.06.27 06:45:43.179,1.6498,1.65,43.10,26.30
2007.06.27 06:45:44.658,1.6498,1.65,45.50,23.90
2007.06.27 06:45:44.747,1.6498,1.65,43.10,26.30
2007.06.27 06:45:44.959,1.6498,1.65,45.50,26.30
2007.06.27 06:45:45.045,1.6498,1.65,45.50,23.90
2007.06.27 06:45:46.088,1.6498,1.65,15.70,23.90
2007.06.27 06:45:57.172,1.64975,1.65,46.30,29.50
2007.06.27 06:45:57.309,1.64975,1.65,38.30,37.50
2007.06.27 06:46:01.744,1.64975,1.65,30.30,37.50
2007.06.27 06:46:01.759,1.6498,1.65,0.90,37.50
2007.06.27 06:46:03.204,1.64975,1.65,30.30,37.50
2007.06.27 06:46:03.302,1.64975,1.65,38.30,37.50
2007.06.27 06:46:05.132,1.64975,1.65,35.90,39.90
2007.06.27 06:46:05.157,1.64975,1.65,35.90,40.70
2007.06.27 06:46:05.251,1.64975,1.65,12.00,12.80
2007.06.27 06:46:05.349,1.64975,1.64995,12.00,0.80
2007.06.27 06:46:05.488,1.64975,1.64995,6.40,6.40
2007.06.27 06:46:05.753,1.64975,1.6499,6.40,1.60
2007.06.27 06:46:08.136,1.6498,1.64995,2.60,6.40
2007.06.27 06:46:10.343,1.6498,1.64995,0.80,0.60
2007.06.27 06:46:13.179,1.64975,1.64995,6.40,5.60
2007.06.27 06:46:13.277,1.6498,1.64995,2.30,5.60
2007.06.27 06:46:13.380,1.6498,1.65,10.00,18.40
2007.06.27 06:46:13.684,1.6498,1.65,7.30,18.40
2007.06.27 06:46:13.792,1.64975,1.65,38.30,16.00
2007.06.27 06:46:14.079,1.6498,1.65,13.20,15.20
2007.06.27 06:46:14.296,1.64975,1.65,38.30,37.50
2007.06.27 06:46:20.167,1.6498,1.64995,29.50,0.80
2007.06.27 06:46:20.235,1.6498,1.64995,5.60,0.80
2007.06.27 06:46:20.269,1.6498,1.64995,5.60,6.40
2007.06.27 06:46:26.140,1.6498,1.64995,8.00,5.60
2007.06.27 06:46:26.330,1.6498,1.64995,31.90,5.60
2007.06.27 06:46:26.367,1.6498,1.65,31.90,37.50
2007.06.27 06:46:27.048,1.6498,1.65,32.70,37.50
2007.06.27 06:46:27.171,1.6499,1.65,5.60,7.20
2007.06.27 06:46:27.396,1.6499,1.65,5.60,1.60
2007.06.27 06:46:35.202,1.6499,1.65,4.00,1.60
2007.06.27 06:46:35.327,1.6499,1.65,4.00,2.40
2007.06.27 06:46:35.337,1.6499,1.65,4.00,4.00
2007.06.27 06:46:35.408,1.6499,1.65,4.00,5.60
2007.06.27 06:46:37.156,1.6499,1.65,4.00,4.00
2007.06.27 06:46:37.232,1.6499,1.65,4.00,2.40
2007.06.27 06:46:37.373,1.6499,1.65,4.00,1.60
2007.06.27 06:46:41.228,1.6499,1.65,5.60,1.60
2007.06.27 06:46:43.661,1.6499,1.65,4.00,1.60
2007.06.27 06:46:51.689,1.6499,1.65,5.60,1.60
2007.06.27 06:46:54.653,1.6498,1.65,34.30,1.60
2007.06.27 06:46:54.681,1.6498,1.65,22.40,1.60
2007.06.27 06:46:54.782,1.6498,1.65,16.80,7.20
2007.06.27 06:46:54.799,1.6498,1.65,35.10,15.20
2007.06.27 06:46:55.119,1.6498,1.65,34.30,15.20
2007.06.27 06:46:55.226,1.6498,1.65,31.90,15.20
2007.06.27 06:47:04.626,1.6498,1.65005,31.90,16.00
2007.06.27 06:47:31.252,1.6498,1.65,31.90,0.90
2007.06.27 06:47:32.749,1.6498,1.65,35.90,13.60
2007.06.27 06:47:32.791,1.6499,1.65,4.00,13.60
2007.06.27 06:47:32.820,1.6499,1.65,4.00,5.60
2007.06.27 06:47:32.841,1.6499,1.65005,4.00,5.60
2007.06.27 06:47:33.184,1.64995,1.65005,0.80,5.60
2007.06.27 06:47:33.368,1.64995,1.6501,0.80,16.00
2007.06.27 06:47:33.497,1.6499,1.6501,5.60,16.00
2007.06.27 06:47:33.536,1.6499,1.6501,29.50,16.00
2007.06.27 06:47:33.644,1.6499,1.6501,31.90,16.00
2007.06.27 06:47:33.692,1.65,1.6501,1.60,15.20
2007.06.27 06:47:33.803,1.65,1.6501,5.60,15.20
2007.06.27 06:47:33.810,1.65,1.6501,5.60,7.20
2007.06.27 06:47:33.877,1.65,1.6501,5.60,1.60
2007.06.27 06:47:34.248,1.65,1.65015,5.60,5.60
2007.06.27 06:47:35.657,1.65,1.6501,5.60,1.60
2007.06.27 06:47:36.382,1.65,1.6501,8.00,1.60
2007.06.27 06:47:36.684,1.6501,1.65015,4.00,5.60
2007.06.27 06:47:36.741,1.6501,1.6502,4.00,18.40
2007.06.27 06:47:36.773,1.6501,1.6502,4.00,2.40
2007.06.27 06:47:37.161,1.6501,1.6502,4.00,1.60
2007.06.27 06:47:37.705,1.6502,1.65025,4.00,5.60
2007.06.27 06:47:37.758,1.6502,1.6503,4.00,16.80
2007.06.27 06:47:37.793,1.6502,1.6503,4.00,0.80
2007.06.27 06:47:38.092,1.6502,1.65035,4.00,5.60
2007.06.27 06:47:40.800,1.6502,1.6504,9.60,19.20
2007.06.27 06:47:40.850,1.6502,1.6504,9.60,17.60
2007.06.27 06:47:40.886,1.65025,1.6504,0.80,17.60
2007.06.27 06:47:41.023,1.6502,1.6504,9.60,12.80
2007.06.27 06:47:41.092,1.6502,1.65045,17.60,5.60
2007.06.27 06:47:41.622,1.6502,1.65045,17.60,9.60
2007.06.27 06:47:41.685,1.6502,1.6503,13.60,1.60
2007.06.27 06:47:41.722,1.6502,1.6503,5.60,1.60
2007.06.27 06:47:41.822,1.6502,1.6503,5.60,9.60
2007.06.27 06:47:41.916,1.6501,1.6503,31.90,15.20
2007.06.27 06:47:43.127,1.6501,1.6503,29.50,17.60
2007.06.27 06:47:43.741,1.6501,1.6503,31.90,15.20
2007.06.27 06:47:45.103,1.6501,1.6503,33.50,15.20
2007.06.27 06:47:45.181,1.6502,1.6503,4.00,15.20
2007.06.27 06:47:45.357,1.6502,1.6503,4.00,1.60
2007.06.27 06:47:46.602,1.6502,1.6503,6.40,1.60
2007.06.27 06:47:46.709,1.6503,1.65035,4.00,6.40
2007.06.27 06:47:46.790,1.6503,1.65035,4.00,0.80
2007.06.27 06:47:46.814,1.6503,1.6504,4.00,2.40
2007.06.27 06:47:47.130,1.6503,1.6504,4.00,1.60
2007.06.27 06:47:49.663,1.6503,1.65045,8.80,6.40
2007.06.27 06:47:49.732,1.6503,1.65045,20.70,6.40
2007.06.27 06:47:49.754,1.6504,1.65045,4.00,6.40
2007.06.27 06:47:49.895,1.6504,1.65045,4.00,0.80
2007.06.27 06:47:49.956,1.6504,1.6505,4.00,5.60
2007.06.27 06:47:50.141,1.6504,1.6505,4.00,1.60
2007.06.27 06:47:50.674,1.6503,1.6504,27.90,2.40
2007.06.27 06:47:51.692,1.6503,1.6504,19.20,2.40
2007.06.27 06:47:51.712,1.6503,1.6505,13.60,12.00
2007.06.27 06:47:51.774,1.6503,1.6505,23.90,42.30
2007.06.27 06:47:52.012,1.6503,1.6505,23.90,39.90
2007.06.27 06:47:52.068,1.6503,1.6505,22.30,43.90
2007.06.27 06:47:52.216,1.6503,1.6505,4.00,22.40
2007.06.27 06:47:52.241,1.6503,1.6504,4.00,3.20
2007.06.27 06:47:52.340,1.6503,1.6504,4.00,5.60
2007.06.27 06:47:53.820,1.6503,1.6504,4.00,4.80
2007.06.27 06:47:53.884,1.6503,1.6504,4.00,4.00
2007.06.27 06:47:54.111,1.6503,1.6504,7.20,4.00
2007.06.27 06:47:54.229,1.6503,1.6504,7.20,2.40
2007.06.27 06:47:54.303,1.6503,1.6504,7.20,1.60
2007.06.27 06:47:54.312,1.6503,1.6504,12.80,0.80
2007.06.27 06:47:54.410,1.6503,1.6504,20.80,0.80
2007.06.27 06:47:54.433,1.6503,1.6505,20.80,5.60
2007.06.27 06:47:54.588,1.6503,1.6505,15.20,11.20
2007.06.27 06:47:54.652,1.65035,1.6505,0.80,8.80
2007.06.27 06:47:54.756,1.65035,1.6505,0.80,9.60
2007.06.27 06:47:54.779,1.65035,1.6505,0.80,8.80
2007.06.27 06:47:54.847,1.6503,1.6505,19.20,8.00
2007.06.27 06:47:54.921,1.6503,1.6505,37.50,38.30
2007.06.27 06:47:54.932,1.6503,1.6505,37.50,37.50
2007.06.27 06:47:55.151,1.6503,1.6505,34.30,37.50
2007.06.27 06:47:55.277,1.6503,1.6505,31.90,37.50
2007.06.27 06:47:55.365,1.6503,1.6505,31.90,15.20
2007.06.27 06:47:55.669,1.6503,1.6504,29.50,1.60
2007.06.27 06:47:55.681,1.6503,1.6504,5.60,1.60
2007.06.27 06:47:56.700,1.6504,1.65045,4.00,6.40
2007.06.27 06:47:56.741,1.6504,1.65045,4.00,0.80
2007.06.27 06:47:56.890,1.6504,1.6505,4.00,4.80
2007.06.27 06:47:57.092,1.6504,1.6505,4.00,1.60
2007.06.27 06:48:03.632,1.6504,1.6505,4.00,4.00
2007.06.27 06:48:03.736,1.6503,1.6505,22.30,6.40
2007.06.27 06:48:03.800,1.6503,1.6504,10.40,8.00
2007.06.27 06:48:03.899,1.6503,1.6504,4.80,13.60
2007.06.27 06:48:04.100,1.6503,1.6504,4.00,13.60
2007.06.27 06:48:04.150,1.6504,1.6505,4.00,34.30
2007.06.27 06:48:04.208,1.6504,1.6505,4.00,12.00
2007.06.27 06:48:04.407,1.6504,1.6505,4.00,1.60
2007.06.27 06:48:09.207,1.6504,1.6505,4.00,4.00
2007.06.27 06:48:09.228,1.6504,1.6505,4.00,12.00
2007.06.27 06:48:09.311,1.6503,1.6505,9.60,12.00
2007.06.27 06:48:09.327,1.6503,1.65045,4.00,5.60
2007.06.27 06:48:09.807,1.6503,1.6504,4.00,5.60
2007.06.27 06:48:09.845,1.6503,1.6504,4.00,13.60
2007.06.27 06:48:12.298,1.6502,1.6504,29.50,16.00
2007.06.27 06:48:12.383,1.6502,1.65035,29.50,5.60
2007.06.27 06:48:12.390,1.6502,1.65035,31.90,5.60
2007.06.27 06:48:12.471,1.6502,1.65035,5.60,5.60
2007.06.27 06:48:12.954,1.6502,1.6504,5.60,16.00
2007.06.27 06:48:15.780,1.6502,1.65035,5.60,0.90
2007.06.27 06:48:16.517,1.6502,1.65035,5.60,6.40
2007.06.27 06:48:16.710,1.6501,1.65035,30.30,8.00
2007.06.27 06:48:16.794,1.6501,1.65035,34.30,16.00
2007.06.27 06:48:17.479,1.6501,1.6503,33.50,0.70
2007.06.27 06:48:17.521,1.6501,1.6503,32.70,0.90
2007.06.27 06:48:17.635,1.6501,1.6503,30.30,0.80
2007.06.27 06:48:17.682,1.6501,1.65035,6.40,46.30
2007.06.27 06:48:17.731,1.6501,1.6503,4.00,0.80
2007.06.27 06:48:17.766,1.6501,1.65025,4.00,0.60
2007.06.27 06:48:19.211,1.65,1.65025,24.00,0.70
2007.06.27 06:48:19.245,1.65,1.65025,39.90,14.40
2007.06.27 06:48:19.578,1.65,1.6502,34.30,0.50
2007.06.27 06:48:20.249,1.65,1.65025,33.50,14.40
2007.06.27 06:48:20.320,1.65,1.65025,32.70,14.40
2007.06.27 06:48:20.334,1.65,1.6502,31.90,0.70
2007.06.27 06:48:20.773,1.65,1.6502,31.90,0.70
2007.06.27 06:48:30.683,1.65,1.65025,29.50,18.40
2007.06.27 06:48:30.774,1.65,1.6502,29.50,20.80
2007.06.27 06:48:30.811,1.65,1.6502,27.90,20.80
2007.06.27 06:48:30.884,1.65,1.65015,27.90,0.70
2007.06.27 06:48:30.891,1.65,1.6502,5.60,20.80
2007.06.27 06:48:31.695,1.65,1.65015,8.00,0.90
2007.06.27 06:48:31.787,1.65,1.65015,31.90,0.50
2007.06.27 06:48:31.914,1.65,1.6502,31.90,0.80
2007.06.27 06:48:31.993,1.65,1.6502,31.90,0.90
2007.06.27 06:48:32.116,1.65,1.65025,31.90,18.40
2007.06.27 06:48:32.183,1.65,1.6502,31.90,0.90
2007.06.27 06:48:32.217,1.65,1.6502,31.90,0.60
2007.06.27 06:48:32.639,1.65,1.6502,29.50,0.70
2007.06.27 06:48:32.738,1.65,1.65025,27.90,18.40
2007.06.27 06:48:32.833,1.65,1.65025,5.60,18.40
2007.06.27 06:48:32.920,1.65,1.65015,5.60,0.50
2007.06.27 06:48:38.695,1.65,1.6502,8.00,16.00
2007.06.27 06:48:38.719,1.65,1.6502,31.90,16.00
2007.06.27 06:48:38.841,1.65,1.65025,31.90,16.80
2007.06.27 06:48:39.112,1.65,1.65025,31.90,16.00
2007.06.27 06:48:55.706,1.6501,1.6502,5.60,15.20
2007.06.27 06:48:55.762,1.6501,1.6502,5.60,7.20
2007.06.27 06:48:55.798,1.6501,1.6502,5.60,1.60
2007.06.27 06:48:56.226,1.6501,1.6502,4.00,1.60
2007.06.27 06:48:58.676,1.6501,1.6502,5.60,1.60
2007.06.27 06:49:00.629,1.6501,1.6502,4.00,1.60
2007.06.27 06:49:00.737,1.6501,1.65025,4.00,6.40
2007.06.27 06:49:00.831,1.6501,1.65025,4.00,5.60
2007.06.27 06:49:00.911,1.6501,1.65025,19.90,5.60
2007.06.27 06:49:00.989,1.6501,1.6503,19.90,21.60
2007.06.27 06:49:01.162,1.6501,1.6503,19.90,17.60
2007.06.27 06:49:02.632,1.65015,1.6503,0.80,17.60
2007.06.27 06:49:02.725,1.6502,1.6503,4.00,15.20
2007.06.27 06:49:02.775,1.6502,1.6503,4.00,7.20
2007.06.27 06:49:02.829,1.6502,1.6503,4.00,1.60
2007.06.27 06:49:05.615,1.6502,1.6503,4.00,4.00
2007.06.27 06:49:05.720,1.65015,1.6503,0.80,4.00
2007.06.27 06:49:05.801,1.6501,1.6503,21.60,4.00
2007.06.27 06:49:05.840,1.6501,1.6503,13.60,12.00
2007.06.27 06:49:05.926,1.6501,1.65025,8.00,5.60
2007.06.27 06:49:06.067,1.6501,1.65025,4.00,5.60
2007.06.27 06:49:06.227,1.65,1.6502,16.00,1.60
2007.06.27 06:49:06.336,1.65,1.6502,37.50,9.60
2007.06.27 06:49:06.409,1.65,1.6502,31.90,15.20
2007.06.27 06:49:07.659,1.65,1.6502,10.40,7.20
2007.06.27 06:49:07.684,1.65,1.6502,12.80,5.60
2007.06.27 06:49:07.692,1.6501,1.65025,5.60,0.80
2007.06.27 06:49:07.776,1.6501,1.65025,17.50,0.80
2007.06.27 06:49:07.790,1.6502,1.65025,4.00,0.80
2007.06.27 06:49:07.883,1.6502,1.6503,4.00,4.00
2007.06.27 06:49:08.062,1.6502,1.6503,4.00,1.60
2007.06.27 06:49:14.095,1.6502,1.6503,8.00,1.60
2007.06.27 06:49:15.633,1.6502,1.6503,10.40,1.60
2007.06.27 06:49:15.729,1.6503,1.6504,4.00,16.00
2007.06.27 06:49:15.742,1.6503,1.6504,4.00,8.00
2007.06.27 06:49:15.926,1.6503,1.6504,4.00,2.40
2007.06.27 06:49:16.050,1.6503,1.6504,4.00,1.60
2007.06.27 06:49:17.695,1.6503,1.65045,4.00,5.60
2007.06.27 06:49:17.741,1.6503,1.6505,9.60,31.20
2007.06.27 06:49:17.749,1.6503,1.6505,9.60,20.80
2007.06.27 06:49:17.782,1.6503,1.6505,9.60,18.40
2007.06.27 06:49:17.821,1.6503,1.6505,17.60,10.40
2007.06.27 06:49:18.099,1.6503,1.6505,20.00,6.40
2007.06.27 06:49:18.209,1.6503,1.6505,24.00,3.20
2007.06.27 06:49:18.268,1.6503,1.6505,27.90,1.60
2007.06.27 06:49:18.311,1.6504,1.6505,4.00,1.60
2007.06.27 06:49:19.749,1.6503,1.6505,24.80,1.60
2007.06.27 06:49:19.781,1.6503,1.6505,19.20,7.20
2007.06.27 06:49:19.912,1.6503,1.6505,37.50,15.20
2007.06.27 06:49:20.114,1.6503,1.6505,34.30,15.20
2007.06.27 06:49:20.211,1.6503,1.6505,31.90,15.20
2007.06.27 06:49:22.611,1.65035,1.6505,0.80,15.20
2007.06.27 06:49:22.718,1.6504,1.6505,4.00,15.20
2007.06.27 06:49:22.771,1.6504,1.6505,4.00,7.20
2007.06.27 06:49:22.859,1.6504,1.6505,4.00,1.60
2007.06.27 06:49:29.747,1.6504,1.6505,5.60,1.60
2007.06.27 06:49:33.259,1.6504,1.6505,4.00,1.60
2007.06.27 06:49:36.220,1.6504,1.6505,5.60,1.60
2007.06.27 06:49:37.681,1.6504,1.6505,4.00,1.60
2007.06.27 06:49:46.615,1.65035,1.6505,4.80,1.60
2007.06.27 06:49:53.661,1.65035,1.6505,0.80,1.60
2007.06.27 06:49:53.768,1.6503,1.6505,28.70,1.60
2007.06.27 06:49:53.864,1.6503,1.6505,19.20,7.20
2007.06.27 06:49:53.882,1.6503,1.6505,37.50,15.20
2007.06.27 06:49:54.110,1.6503,1.6505,34.30,15.20
2007.06.27 06:49:54.215,1.6503,1.6505,31.90,15.20
2007.06.27 06:49:56.701,1.6503,1.6505,34.30,15.20
2007.06.27 06:49:56.725,1.6504,1.6505,4.00,15.20
2007.06.27 06:49:56.822,1.6504,1.6505,4.00,7.20
2007.06.27 06:49:56.905,1.6504,1.6505,4.00,1.60
2007.06.27 06:50:02.676,1.6504,1.6505,5.60,1.60
2007.06.27 06:50:09.208,1.6504,1.6505,4.00,1.60
2007.06.27 06:50:17.490,1.6504,1.6505,4.00,4.00
2007.06.27 06:50:17.694,1.6504,1.6505,4.00,1.60
2007.06.27 06:50:26.270,1.6504,1.6505,5.60,1.60
2007.06.27 06:50:26.747,1.6504,1.6505,4.00,1.60
2007.06.27 06:50:27.163,1.6504,1.6505,5.60,1.60
2007.06.27 06:50:28.746,1.6504,1.6505,4.00,1.60
2007.06.27 06:50:29.674,1.6504,1.6505,5.60,1.60
2007.06.27 06:50:30.696,1.6504,1.65055,5.60,6.40
2007.06.27 06:50:35.798,1.6504,1.6506,5.60,31.20
2007.06.27 06:50:47.182,1.65035,1.65055,0.80,6.40
2007.06.27 06:50:47.294,1.6503,1.65055,23.20,6.40
2007.06.27 06:50:47.338,1.6503,1.6505,42.30,27.90
2007.06.27 06:50:47.413,1.6503,1.6505,43.90,27.90
2007.06.27 06:50:49.958,1.6503,1.6505,44.70,27.90
2007.06.27 06:50:50.045,1.6503,1.6505,45.50,27.90
2007.06.27 06:50:51.682,1.6503,1.6505,45.50,35.90
2007.06.27 06:50:51.705,1.6503,1.6505,45.50,37.50
2007.06.27 06:50:53.160,1.6504,1.6505,1.60,35.90
2007.06.27 06:50:53.228,1.6504,1.6505,1.60,5.60
2007.06.27 06:50:53.266,1.6504,1.6505,5.60,5.60
2007.06.27 06:50:53.673,1.6504,1.6505,1.60,7.20
2007.06.27 06:50:54.790,1.6504,1.6505,1.60,1.60
2007.06.27 06:50:54.842,1.6504,1.65055,5.60,6.40
2007.06.27 06:50:57.908,1.6504,1.65055,4.00,6.40
2007.06.27 06:51:04.664,1.6504,1.6505,5.60,1.60
2007.06.27 06:51:04.784,1.6504,1.65055,4.00,6.40
2007.06.27 06:51:12.827,1.6504,1.65055,1.50,6.40
2007.06.27 06:51:15.404,1.6504,1.65055,1.30,6.40
2007.06.27 06:51:15.511,1.65035,1.65055,4.80,6.40
2007.06.27 06:51:15.685,1.65035,1.65055,7.20,6.40
2007.06.27 06:51:15.875,1.65035,1.65055,6.40,6.40
2007.06.27 06:51:16.203,1.6504,1.6505,1.30,1.60
2007.06.27 06:51:16.649,1.65035,1.6505,6.40,1.60
2007.06.27 06:51:16.717,1.6504,1.6505,2.70,1.60
2007.06.27 06:51:16.742,1.65035,1.6505,7.20,1.60
2007.06.27 06:51:16.816,1.6504,1.6505,0.70,1.60
2007.06.27 06:51:16.914,1.65035,1.6505,7.20,1.60
2007.06.27 06:51:17.124,1.65035,1.6505,6.40,1.60
2007.06.27 06:51:17.220,1.6504,1.6505,0.80,4.00
2007.06.27 06:51:17.597,1.6504,1.6505,1.70,1.60
2007.06.27 06:51:18.229,1.6504,1.65055,2.10,6.40
2007.06.27 06:51:18.731,1.6504,1.6505,2.70,1.60
2007.06.27 06:51:20.269,1.65035,1.65055,6.40,6.40
2007.06.27 06:51:26.210,1.65035,1.65055,12.00,0.80
2007.06.27 06:51:26.222,1.6504,1.65055,5.40,0.80
2007.06.27 06:51:26.234,1.6504,1.6506,15.20,9.60
2007.06.27 06:51:26.707,1.6505,1.6506,1.20,4.00
2007.06.27 06:51:26.738,1.6505,1.6506,2.80,1.60
2007.06.27 06:51:32.188,1.65045,1.6507,12.00,17.60
2007.06.27 06:51:32.215,1.65045,1.6507,43.90,17.60
2007.06.27 06:51:35.663,1.65045,1.6506,43.90,1.60
2007.06.27 06:51:35.668,1.6505,1.6506,2.50,1.60
2007.06.27 06:51:41.755,1.6504,1.6506,24.00,1.60
2007.06.27 06:51:41.793,1.6504,1.6506,50.30,31.90
2007.06.27 06:51:41.833,1.6504,1.6506,44.70,37.50
2007.06.27 06:51:42.125,1.6504,1.6506,42.30,37.50
2007.06.27 06:51:42.194,1.6504,1.6506,39.90,37.50
2007.06.27 06:51:42.355,1.6504,1.6506,37.50,39.90
2007.06.27 06:51:42.368,1.6504,1.65055,37.50,5.60
2007.06.27 06:51:42.519,1.6504,1.65055,5.60,5.60
2007.06.27 06:51:44.375,1.6504,1.65055,37.50,5.60
2007.06.27 06:51:44.410,1.6504,1.6506,37.50,15.20
2007.06.27 06:51:45.135,1.6504,1.6506,39.90,15.20
2007.06.27 06:51:47.691,1.6504,1.6506,37.50,15.20
2007.06.27 06:51:47.717,1.6504,1.6506,27.90,15.20
2007.06.27 06:51:47.764,1.6504,1.65055,27.90,5.60
2007.06.27 06:51:47.786,1.6504,1.65055,27.90,6.40
2007.06.27 06:51:47.796,1.6504,1.65055,5.60,6.40
2007.06.27 06:51:49.252,1.6504,1.65055,8.00,5.60
2007.06.27 06:51:49.288,1.6504,1.6506,8.00,18.40
2007.06.27 06:51:49.316,1.6504,1.6506,39.90,18.40
2007.06.27 06:51:49.656,1.6504,1.6506,37.50,18.40
2007.06.27 06:51:49.764,1.6504,1.6506,37.50,20.80
2007.06.27 06:51:50.033,1.6504,1.6506,37.50,17.60
2007.06.27 06:51:51.662,1.6504,1.6506,39.90,17.60
2007.06.27 06:51:51.695,1.6504,1.65055,39.90,0.80
2007.06.27 06:51:51.769,1.6504,1.65055,5.60,0.80
2007.06.27 06:51:51.964,1.6504,1.65055,5.60,6.40
2007.06.27 06:52:01.206,1.6503,1.65055,28.70,6.40
2007.06.27 06:52:01.247,1.6503,1.6505,46.30,22.30
2007.06.27 06:52:01.367,1.6503,1.6505,40.70,27.90
2007.06.27 06:52:02.080,1.6503,1.6505,39.90,27.90
2007.06.27 06:52:02.212,1.6503,1.6505,37.50,27.90
2007.06.27 06:52:02.313,1.6503,1.6505,37.50,30.30
2007.06.27 06:52:02.726,1.6503,1.6505,39.90,27.90
2007.06.27 06:52:04.207,1.6503,1.6505,39.90,13.60
2007.06.27 06:52:04.262,1.6504,1.6505,4.00,13.60
2007.06.27 06:52:04.292,1.6504,1.6505,4.00,5.60
2007.06.27 06:52:04.929,1.6504,1.65055,4.00,5.60
2007.06.27 06:52:12.817,1.6504,1.65055,4.00,6.40
2007.06.27 06:52:13.218,1.6503,1.65055,57.50,6.40
2007.06.27 06:52:13.268,1.6503,1.65055,57.50,5.60
2007.06.27 06:52:14.709,1.6503,1.65055,15.70,5.60
2007.06.27 06:52:14.754,1.6503,1.65055,0.50,5.60
2007.06.27 06:52:14.811,1.65025,1.65055,22.40,6.40
2007.06.27 06:52:14.891,1.6503,1.6505,1.80,14.30
2007.06.27 06:52:15.056,1.6503,1.6505,0.60,14.30
2007.06.27 06:52:15.288,1.6503,1.6505,12.20,14.30
2007.06.27 06:52:18.083,1.65025,1.6505,54.30,15.90
2007.06.27 06:52:18.213,1.6503,1.6505,21.90,18.30
2007.06.27 06:52:18.405,1.6503,1.65045,17.30,0.80
2007.06.27 06:52:18.460,1.6503,1.65045,0.90,0.80
2007.06.27 06:52:18.707,1.6503,1.6505,1.00,17.60
2007.06.27 06:52:18.926,1.6503,1.6505,7.80,23.90
2007.06.27 06:52:19.136,1.6503,1.6505,5.50,22.30
2007.06.27 06:52:19.178,1.6503,1.6505,10.00,16.70
2007.06.27 06:52:19.360,1.65025,1.6505,51.90,16.70
2007.06.27 06:52:19.479,1.65025,1.6505,51.90,16.70
2007.06.27 06:52:20.687,1.6503,1.6505,24.80,20.70
2007.06.27 06:52:20.740,1.6503,1.6505,12.40,23.10
2007.06.27 06:52:20.797,1.65025,1.65045,46.30,0.80
2007.06.27 06:52:20.842,1.6503,1.65045,1.50,0.80
2007.06.27 06:52:21.345,1.65025,1.65045,12.80,0.80
2007.06.27 06:52:21.363,1.6503,1.65045,3.90,0.80
2007.06.27 06:52:21.421,1.65025,1.65045,14.40,0.80
2007.06.27 06:52:21.441,1.6503,1.65045,1.20,0.80
2007.06.27 06:52:21.530,1.65025,1.65045,16.80,0.80
2007.06.27 06:52:21.561,1.65025,1.65045,17.60,0.80
2007.06.27 06:52:21.645,1.65025,1.65045,16.80,0.80
2007.06.27 06:52:21.728,1.6503,1.65045,3.40,0.80
2007.06.27 06:52:21.750,1.6503,1.65045,3.90,0.80
2007.06.27 06:52:21.858,1.6503,1.65045,1.80,0.80
2007.06.27 06:52:22.055,1.65025,1.65045,13.60,0.80
2007.06.27 06:52:22.087,1.6503,1.65045,2.00,0.80
2007.06.27 06:52:22.156,1.6503,1.65045,2.40,0.80
2007.06.27 06:52:22.358,1.6503,1.65045,2.90,0.80
2007.06.27 06:52:22.378,1.6503,1.65045,3.20,0.80
2007.06.27 06:52:22.429,1.65025,1.65045,59.90,0.80
2007.06.27 06:52:22.573,1.65025,1.6505,59.90,29.50
2007.06.27 06:52:22.654,1.65025,1.6505,59.90,23.90
2007.06.27 06:52:23.423,1.6503,1.6505,28.60,23.90
2007.06.27 06:52:23.434,1.65025,1.6505,56.70,23.90
2007.06.27 06:52:23.503,1.6503,1.6505,6.80,23.90
2007.06.27 06:52:23.718,1.65025,1.6505,42.30,35.90
2007.06.27 06:52:23.907,1.6503,1.65045,11.40,0.80
2007.06.27 06:52:23.937,1.6503,1.65045,4.60,0.80
2007.06.27 06:52:23.956,1.65025,1.65045,8.80,0.80
2007.06.27 06:52:24.118,1.65025,1.65045,6.40,0.80
2007.06.27 06:52:24.230,1.65025,1.6504,10.40,1.60
2007.06.27 06:52:26.236,1.6502,1.6504,43.10,1.60
2007.06.27 06:52:26.745,1.65025,1.6504,10.40,1.60
2007.06.27 06:52:29.256,1.65025,1.6504,12.80,1.60
2007.06.27 06:52:29.664,1.65025,1.6504,10.40,1.60
2007.06.27 06:52:31.225,1.65025,1.6505,12.80,17.60
2007.06.27 06:52:31.280,1.65025,1.6505,12.80,15.20
2007.06.27 06:52:31.343,1.65025,1.6505,12.80,9.60
2007.06.27 06:52:31.375,1.6503,1.6505,14.30,23.90
2007.06.27 06:52:31.836,1.6503,1.6505,9.90,23.90
2007.06.27 06:52:31.898,1.6503,1.6505,17.80,26.30
2007.06.27 06:52:33.269,1.6503,1.6505,0.90,0.90
2007.06.27 06:52:33.316,1.65025,1.6505,30.30,45.50
2007.06.27 06:52:33.388,1.65025,1.6505,10.40,15.20
2007.06.27 06:52:33.460,1.6503,1.65045,0.70,0.80
2007.06.27 06:52:33.730,1.6503,1.6504,0.70,0.70
2007.06.27 06:52:35.709,1.6503,1.6504,0.90,0.80
2007.06.27 06:52:37.248,1.65025,1.6505,6.40,18.40
2007.06.27 06:52:37.354,1.65025,1.65055,6.40,18.40
2007.06.27 06:52:37.379,1.65025,1.65055,12.00,18.40
2007.06.27 06:52:37.667,1.6503,1.6505,0.50,0.60
2007.06.27 06:52:37.727,1.65025,1.65055,46.30,35.90
2007.06.27 06:52:38.139,1.65025,1.65055,46.30,30.30
2007.06.27 06:52:38.363,1.65025,1.65055,54.30,30.30
2007.06.27 06:52:38.545,1.6503,1.6505,0.90,0.70
2007.06.27 06:52:38.707,1.65025,1.65055,50.30,32.70
2007.06.27 06:52:38.785,1.6503,1.6505,0.60,0.50
2007.06.27 06:52:39.702,1.65025,1.65055,50.30,32.70
2007.06.27 06:52:39.739,1.6503,1.6505,0.50,0.90
2007.06.27 06:52:40.646,1.6503,1.6505,53.50,0.80
2007.06.27 06:52:40.741,1.6503,1.6505,53.50,0.80
2007.06.27 06:52:40.770,1.6504,1.65055,4.00,8.00
2007.06.27 06:52:40.944,1.6504,1.65065,4.00,28.80
2007.06.27 06:52:41.142,1.6504,1.65065,4.00,27.20
2007.06.27 06:52:41.394,1.6504,1.6506,4.00,0.50
2007.06.27 06:52:43.650,1.6504,1.6506,5.60,0.90
2007.06.27 06:52:43.713,1.6504,1.65065,5.60,20.80
2007.06.27 06:52:44.258,1.6504,1.65065,5.60,18.40
2007.06.27 06:52:44.350,1.6504,1.6506,37.50,0.70
2007.06.27 06:52:44.467,1.6504,1.6506,37.50,0.70
2007.06.27 06:52:45.707,1.6504,1.6506,37.50,0.50
2007.06.27 06:52:45.727,1.6504,1.65065,37.50,23.10
2007.06.27 06:52:46.201,1.6504,1.6506,37.50,0.80
2007.06.27 06:52:46.222,1.6504,1.65065,37.50,32.70
2007.06.27 06:52:47.258,1.6504,1.6506,37.50,0.70
2007.06.27 06:52:47.273,1.6504,1.65065,37.50,23.10
2007.06.27 06:52:47.787,1.6504,1.6506,37.50,0.90
2007.06.27 06:52:47.894,1.6504,1.65065,37.50,32.70
2007.06.27 06:52:48.182,1.6504,1.65065,37.50,24.70
2007.06.27 06:52:48.201,1.6504,1.65065,37.50,23.10
2007.06.27 06:52:49.634,1.6504,1.6506,37.50,0.50
2007.06.27 06:52:49.750,1.6504,1.65065,37.50,32.70
2007.06.27 06:52:50.290,1.6504,1.65065,37.50,24.70
2007.06.27 06:52:50.483,1.6504,1.65065,37.50,23.10
2007.06.27 06:52:50.791,1.6504,1.6506,37.50,0.50
2007.06.27 06:52:50.817,1.6504,1.65065,37.50,32.70
2007.06.27 06:52:51.093,1.6504,1.6506,39.90,0.80
2007.06.27 06:52:51.211,1.6505,1.6506,1.60,0.60
2007.06.27 06:52:51.327,1.6505,1.65065,5.60,30.30
2007.06.27 06:52:51.341,1.6505,1.6506,5.60,0.90
2007.06.27 06:52:51.760,1.6505,1.6507,5.60,16.00
2007.06.27 06:52:53.282,1.6505,1.6507,4.00,20.00
2007.06.27 06:52:53.679,1.6506,1.65075,4.00,20.80
2007.06.27 06:52:53.711,1.6506,1.65075,4.00,47.10
2007.06.27 06:52:53.834,1.6506,1.65075,4.00,7.20
2007.06.27 06:52:54.274,1.6506,1.65075,4.00,4.00
2007.06.27 06:52:54.344,1.6506,1.6507,4.00,0.50
2007.06.27 06:52:54.355,1.6506,1.6507,4.00,0.60
2007.06.27 06:52:54.726,1.6506,1.65075,5.60,2.40
2007.06.27 06:52:55.242,1.6506,1.6507,4.00,0.70
2007.06.27 06:52:55.783,1.6506,1.65075,5.60,2.40
2007.06.27 06:52:58.171,1.6506,1.65075,5.60,4.80
2007.06.27 06:52:58.271,1.6505,1.65075,35.10,4.80
2007.06.27 06:52:58.404,1.6505,1.65075,23.20,4.80
2007.06.27 06:52:58.672,1.65055,1.65075,0.80,2.40
2007.06.27 06:52:58.786,1.6506,1.65075,5.60,2.40
2007.06.27 06:53:00.240,1.6506,1.6507,4.00,0.70
2007.06.27 06:53:00.645,1.6506,1.6508,5.60,25.60
2007.06.27 06:53:04.635,1.6506,1.6507,5.60,4.00
2007.06.27 06:53:04.755,1.6505,1.6507,24.70,4.00
2007.06.27 06:53:04.903,1.6505,1.6507,20.80,4.00
2007.06.27 06:53:05.165,1.6505,1.6507,23.20,4.00
2007.06.27 06:53:05.218,1.6505,1.6506,16.80,2.40
2007.06.27 06:53:05.270,1.6506,1.6507,1.60,11.20
2007.06.27 06:53:05.474,1.6505,1.6506,16.00,2.40
2007.06.27 06:53:05.504,1.6505,1.6507,16.00,13.60
2007.06.27 06:53:05.568,1.6505,1.6507,16.00,11.20
2007.06.27 06:53:05.590,1.6505,1.6507,8.00,13.60
2007.06.27 06:53:05.685,1.6505,1.6507,5.60,16.00
2007.06.27 06:53:05.732,1.6505,1.6507,6.40,21.60
2007.06.27 06:53:05.775,1.6505,1.6506,7.20,1.60
2007.06.27 06:53:05.807,1.6505,1.6506,6.40,1.60
2007.06.27 06:53:05.978,1.6505,1.6506,5.60,1.60
2007.06.27 06:53:06.705,1.6505,1.6507,5.60,24.80
2007.06.27 06:53:06.722,1.6505,1.6507,5.60,16.80
2007.06.27 06:53:06.908,1.6505,1.65065,5.60,0.80
2007.06.27 06:53:08.162,1.6505,1.6506,4.00,1.60
2007.06.27 06:53:08.679,1.6505,1.6506,4.00,4.00
2007.06.27 06:53:09.189,1.6505,1.6506,5.60,1.60
2007.06.27 06:53:09.915,1.6505,1.6506,8.00,1.60
2007.06.27 06:53:10.119,1.6505,1.6506,5.60,1.60
2007.06.27 06:53:10.230,1.6505,1.65065,5.60,0.80
2007.06.27 06:53:10.438,1.6505,1.65065,1.30,0.80
2007.06.27 06:53:10.734,1.65045,1.6506,12.00,1.60
2007.06.27 06:53:12.704,1.65045,1.6506,10.40,1.60
2007.06.27 06:53:13.225,1.65045,1.6506,12.00,1.60
2007.06.27 06:53:15.663,1.6505,1.6506,2.40,1.60
2007.06.27 06:53:18.222,1.6505,1.6506,1.10,1.60
2007.06.27 06:53:18.652,1.65045,1.6506,10.40,1.60
2007.06.27 06:53:24.238,1.65045,1.6506,12.00,1.60
2007.06.27 06:53:26.699,1.6504,1.6506,39.10,1.60
2007.06.27 06:53:26.751,1.6505,1.6506,1.20,23.90
2007.06.27 06:53:26.806,1.6504,1.6506,21.30,23.90
2007.06.27 06:53:27.060,1.65035,1.6506,56.70,23.90
2007.06.27 06:53:27.202,1.65035,1.6506,56.70,23.90
2007.06.27 06:53:27.250,1.65035,1.6506,46.30,23.90
2007.06.27 06:53:31.685,1.65035,1.65055,43.90,0.80
2007.06.27 06:53:31.725,1.65035,1.65055,34.30,0.80
2007.06.27 06:53:31.821,1.65035,1.65055,12.00,0.80
2007.06.27 06:53:32.046,1.65035,1.65055,7.20,0.80
2007.06.27 06:53:32.230,1.6504,1.65055,4.80,0.80
2007.06.27 06:53:32.287,1.65035,1.65055,20.80,0.80
2007.06.27 06:53:32.384,1.65035,1.65055,12.80,0.80
2007.06.27 06:53:32.471,1.65035,1.65055,7.20,0.80
2007.06.27 06:53:33.107,1.65035,1.65055,6.40,0.80
2007.06.27 06:53:35.648,1.65035,1.6506,6.40,21.60
2007.06.27 06:53:35.748,1.65035,1.6506,6.40,19.20
2007.06.27 06:53:36.034,1.6504,1.6506,15.10,33.50
2007.06.27 06:53:36.079,1.6504,1.6506,0.60,27.90
2007.06.27 06:53:36.104,1.65035,1.6506,43.90,26.30
2007.06.27 06:53:38.621,1.6504,1.6506,4.60,23.90
2007.06.27 06:53:38.686,1.6504,1.6506,0.70,1.60
2007.06.27 06:53:38.729,1.6504,1.6506,24.00,1.60
2007.06.27 06:53:44.816,1.6505,1.6506,2.60,9.60
2007.06.27 06:53:44.907,1.6504,1.6506,16.00,15.20
2007.06.27 06:53:45.041,1.6505,1.65055,1.40,0.80
2007.06.27 06:53:45.555,1.65035,1.65055,6.40,0.80
2007.06.27 06:53:48.308,1.65035,1.6505,6.40,1.60
2007.06.27 06:53:51.751,1.6504,1.65055,2.20,0.80
2007.06.27 06:53:52.162,1.65035,1.6505,6.40,1.60
2007.06.27 06:53:52.690,1.65035,1.6505,4.80,1.60
2007.06.27 06:53:56.232,1.6504,1.65055,2.30,0.80
2007.06.27 06:53:56.728,1.65035,1.6505,6.40,1.60
2007.06.27 06:53:59.190,1.6504,1.6505,0.70,1.60
2007.06.27 06:54:10.386,1.6504,1.6505,4.00,2.40
2007.06.27 06:54:10.440,1.6504,1.6505,4.00,3.20
2007.06.27 06:54:10.572,1.6504,1.6505,4.00,4.00
2007.06.27 06:54:11.122,1.6504,1.6505,5.60,3.20
2007.06.27 06:54:11.160,1.6504,1.6505,5.60,2.40
2007.06.27 06:54:11.254,1.6504,1.6505,5.60,1.60
2007.06.27 06:54:14.737,1.6504,1.6505,4.00,1.60
2007.06.27 06:54:15.230,1.6504,1.6505,5.60,1.60
2007.06.27 06:54:22.711,1.6504,1.6505,5.60,7.20
2007.06.27 06:54:22.723,1.6503,1.6505,27.90,9.60
2007.06.27 06:54:22.786,1.6503,1.6505,8.00,17.60
2007.06.27 06:54:22.817,1.6503,1.65045,8.00,0.80
2007.06.27 06:54:23.109,1.6503,1.65045,5.60,0.80
2007.06.27 06:54:23.743,1.6503,1.65045,25.50,0.80
2007.06.27 06:54:23.763,1.6504,1.6505,5.60,4.80
2007.06.27 06:54:24.160,1.6504,1.6505,5.60,2.40
2007.06.27 06:54:24.173,1.6504,1.6505,5.60,1.60
2007.06.27 06:54:32.117,1.6504,1.65055,5.60,2.40
2007.06.27 06:54:33.652,1.6504,1.65065,5.60,26.40
2007.06.27 06:54:33.697,1.6504,1.6506,37.50,0.50
2007.06.27 06:54:33.748,1.6504,1.65065,37.50,38.30
2007.06.27 06:54:34.108,1.6504,1.65065,37.50,32.70
2007.06.27 06:54:37.793,1.6504,1.65055,37.50,0.80
2007.06.27 06:54:38.203,1.6504,1.65055,37.50,4.80
2007.06.27 06:54:38.280,1.6504,1.65055,5.60,4.80
2007.06.27 06:54:39.643,1.6504,1.65055,5.60,2.40
2007.06.27 06:55:06.229,1.6504,1.6505,4.00,1.60
2007.06.27 06:55:07.265,1.6504,1.6505,5.60,1.60
2007.06.27 06:55:07.683,1.6504,1.6505,4.00,1.60
2007.06.27 06:55:10.172,1.6504,1.6505,4.00,4.00
2007.06.27 06:55:10.683,1.6504,1.6505,5.60,1.60
2007.06.27 06:55:12.217,1.6504,1.6505,5.60,4.00
2007.06.27 06:55:12.638,1.6504,1.6505,5.60,1.60
2007.06.27 06:55:18.627,1.6504,1.6505,5.60,6.40
2007.06.27 06:55:18.723,1.6504,1.6505,4.00,4.00
2007.06.27 06:55:19.265,1.6504,1.6505,5.60,1.60
2007.06.27 06:55:38.216,1.6504,1.6505,4.00,1.60
2007.06.27 06:55:38.730,1.6504,1.6505,5.60,1.60
2007.06.27 06:55:39.699,1.6504,1.6505,4.00,1.60
2007.06.27 06:55:40.218,1.6504,1.6505,5.60,1.60
2007.06.27 06:55:43.723,1.6504,1.6505,4.00,1.60
2007.06.27 06:55:47.151,1.6504,1.6505,5.60,1.60
2007.06.27 06:55:51.879,1.6504,1.65055,5.60,2.40
2007.06.27 06:55:52.730,1.6503,1.6505,30.30,1.60
2007.06.27 06:55:52.741,1.6503,1.6505,18.40,1.60
2007.06.27 06:55:52.869,1.6503,1.6505,44.70,23.90
2007.06.27 06:55:53.145,1.6503,1.6505,42.30,23.90
2007.06.27 06:55:53.254,1.6503,1.6505,39.90,23.90
2007.06.27 06:56:07.652,1.6503,1.65045,37.50,0.80
2007.06.27 06:56:07.723,1.6503,1.65045,25.50,0.80
2007.06.27 06:56:07.823,1.6503,1.65045,5.60,0.80
2007.06.27 06:56:11.188,1.6503,1.6505,6.40,20.00
2007.06.27 06:56:11.227,1.6503,1.6505,8.00,20.80
2007.06.27 06:56:11.730,1.6503,1.65045,8.00,0.80
2007.06.27 06:56:11.767,1.6503,1.65045,7.20,0.80
2007.06.27 06:56:11.769,1.6503,1.65045,6.40,0.80
2007.06.27 06:56:11.808,1.6503,1.65045,5.60,0.80
2007.06.27 06:56:12.533,1.6503,1.65045,25.50,0.80
2007.06.27 06:56:12.655,1.6503,1.65045,5.60,0.80
2007.06.27 06:56:12.719,1.6503,1.6505,5.60,15.20
2007.06.27 06:56:12.774,1.6503,1.6505,37.50,29.50
2007.06.27 06:56:13.049,1.6503,1.6505,37.50,26.30
2007.06.27 06:56:34.705,1.6503,1.6505,35.90,26.30
2007.06.27 06:56:34.784,1.6503,1.6505,27.90,26.30
2007.06.27 06:56:49.197,1.6503,1.6505,35.90,26.30
2007.06.27 06:56:49.239,1.6503,1.6505,37.50,26.30
2007.06.27 06:57:38.689,1.6503,1.65045,37.50,0.80
2007.06.27 06:57:38.725,1.6503,1.65045,27.90,0.80
2007.06.27 06:57:38.809,1.6503,1.65045,5.60,0.80
2007.06.27 06:58:14.658,1.6503,1.6504,5.60,1.60
2007.06.27 06:58:16.194,1.6503,1.65045,5.60,0.80
2007.06.27 06:58:16.755,1.6503,1.6504,5.60,1.60
2007.06.27 06:58:17.664,1.6503,1.6504,4.00,1.60
2007.06.27 06:58:19.230,1.6503,1.65045,5.60,0.80
2007.06.27 06:58:21.168,1.6503,1.6505,5.60,20.00
2007.06.27 06:58:21.256,1.6503,1.6505,5.60,17.60
2007.06.27 06:58:21.312,1.6503,1.6505,37.50,31.90
2007.06.27 06:58:21.366,1.6503,1.6505,37.50,26.30
2007.06.27 06:58:21.494,1.65025,1.6505,43.90,26.30
2007.06.27 06:58:25.119,1.6503,1.6505,39.90,26.30
2007.06.27 06:58:25.187,1.6504,1.6505,5.60,23.90
2007.06.27 06:58:25.274,1.6504,1.6505,5.60,1.60
2007.06.27 06:58:27.139,1.6504,1.6505,5.60,4.00
2007.06.27 06:58:27.258,1.6503,1.6505,33.50,4.00
2007.06.27 06:58:27.269,1.6503,1.6505,25.50,4.00
2007.06.27 06:58:27.331,1.6503,1.6505,13.60,12.00
2007.06.27 06:58:27.350,1.6503,1.65045,8.00,0.80
2007.06.27 06:58:27.769,1.6503,1.6505,8.00,16.00
2007.06.27 06:58:28.088,1.6503,1.6505,5.60,17.60
2007.06.27 06:58:28.178,1.6503,1.65045,5.60,0.80
2007.06.27 06:58:28.271,1.6503,1.65045,6.40,0.80
2007.06.27 06:58:28.280,1.6503,1.65045,7.20,0.80
2007.06.27 06:58:28.377,1.6503,1.65045,8.00,0.80
2007.06.27 06:58:28.697,1.6504,1.6505,4.00,15.20
2007.06.27 06:58:28.803,1.6504,1.6505,5.60,7.20
2007.06.27 06:58:28.899,1.6504,1.6505,5.60,1.60
2007.06.27 06:58:29.081,1.6504,1.65055,5.60,5.60
2007.06.27 06:58:29.142,1.6504,1.65055,8.00,5.60
2007.06.27 06:58:29.240,1.6504,1.65055,8.00,6.40
2007.06.27 06:58:29.446,1.6504,1.65055,8.00,0.80
2007.06.27 06:58:29.654,1.6504,1.6505,5.60,2.40
2007.06.27 06:58:29.773,1.6504,1.6505,4.00,4.00
2007.06.27 06:58:30.170,1.6504,1.65055,4.00,0.80
2007.06.27 06:58:30.337,1.6504,1.65055,27.90,0.80
2007.06.27 06:58:30.382,1.6504,1.6506,27.90,31.90
2007.06.27 06:58:30.482,1.6504,1.6506,27.90,26.30
2007.06.27 06:58:30.684,1.6504,1.6506,29.50,26.30
2007.06.27 06:58:30.792,1.65035,1.6505,5.60,1.60
2007.06.27 06:58:30.883,1.65035,1.65045,5.60,0.80
2007.06.27 06:58:30.984,1.6503,1.65045,7.20,0.80
2007.06.27 06:58:31.199,1.6505,1.6506,4.00,39.10
2007.06.27 06:58:31.311,1.6505,1.6506,4.00,2.40
2007.06.27 06:58:31.401,1.6505,1.6506,4.00,1.60
2007.06.27 06:58:31.733,1.6505,1.6506,5.60,1.60
2007.06.27 06:58:35.649,1.6505,1.6506,4.00,1.60
2007.06.27 06:58:36.164,1.6505,1.6506,4.00,8.00
2007.06.27 06:58:36.270,1.6504,1.6505,23.10,4.00
2007.06.27 06:58:36.374,1.6504,1.6505,11.20,4.00
2007.06.27 06:58:36.445,1.6504,1.6505,5.60,4.00
2007.06.27 06:58:36.677,1.6504,1.6505,5.60,1.60
2007.06.27 06:58:37.717,1.6504,1.65055,5.60,2.40
2007.06.27 06:58:39.658,1.6504,1.65055,5.60,0.80
2007.06.27 06:58:40.160,1.6504,1.6505,5.60,0.90
2007.06.27 06:58:40.266,1.6504,1.65065,5.60,18.40
2007.06.27 06:58:40.322,1.6504,1.65065,37.50,32.70
2007.06.27 06:58:40.396,1.6504,1.65065,37.50,32.70
2007.06.27 06:58:44.228,1.6504,1.6506,37.50,0.60
2007.06.27 06:58:44.282,1.6504,1.6506,37.50,0.50
2007.06.27 06:58:45.200,1.6504,1.65065,37.50,31.10
2007.06.27 06:58:45.255,1.6504,1.6506,37.50,0.50
2007.06.27 06:58:45.664,1.6504,1.6506,37.50,0.90
2007.06.27 06:58:45.689,1.6504,1.65065,37.50,23.10
2007.06.27 06:58:49.193,1.6504,1.65065,37.50,24.70
2007.06.27 06:58:49.224,1.6504,1.65065,37.50,32.70
2007.06.27 06:58:53.210,1.6504,1.65065,39.90,30.30
2007.06.27 06:58:54.138,1.6504,1.65065,37.50,32.70
2007.06.27 06:58:54.260,1.6504,1.65055,37.50,0.80
2007.06.27 06:58:54.324,1.6504,1.6506,39.90,27.10
2007.06.27 06:58:54.379,1.6504,1.65055,5.60,0.80
2007.06.27 06:58:59.190,1.6504,1.65065,5.60,19.20
2007.06.27 06:58:59.345,1.6504,1.65065,5.60,19.20
2007.06.27 06:58:59.379,1.6504,1.6506,37.50,0.60
2007.06.27 06:58:59.823,1.6505,1.6506,5.60,0.80
2007.06.27 06:58:59.924,1.6505,1.65065,5.60,5.60
2007.06.27 06:59:00.136,1.6505,1.6506,5.60,0.50
2007.06.27 06:59:00.187,1.6505,1.6507,5.60,25.60
2007.06.27 06:59:00.249,1.6505,1.6506,4.00,0.60
2007.06.27 06:59:03.232,1.6505,1.65075,5.60,18.40
2007.06.27 06:59:03.299,1.6505,1.6507,5.60,0.50
2007.06.27 06:59:03.384,1.6505,1.6507,37.50,0.50
2007.06.27 06:59:04.475,1.6505,1.6507,39.90,0.80
2007.06.27 06:59:06.243,1.6505,1.6507,29.50,23.90
2007.06.27 06:59:06.352,1.6505,1.65065,27.90,0.80
2007.06.27 06:59:06.382,1.6505,1.65065,4.00,0.80
2007.06.27 06:59:06.755,1.6504,1.6506,60.70,1.60
2007.06.27 06:59:06.784,1.6504,1.6506,22.40,1.60
2007.06.27 06:59:10.255,1.6504,1.6506,22.40,2.40
2007.06.27 06:59:10.309,1.6504,1.6506,22.40,3.20
2007.06.27 06:59:10.328,1.6504,1.6506,22.40,4.00
2007.06.27 06:59:10.766,1.6504,1.6506,40.70,23.90
2007.06.27 06:59:10.775,1.6504,1.65055,38.30,0.80
2007.06.27 06:59:10.824,1.6504,1.65055,32.70,0.80
2007.06.27 06:59:11.083,1.6504,1.6506,32.70,23.90
2007.06.27 06:59:11.092,1.6504,1.6506,36.70,23.90
2007.06.27 06:59:11.191,1.6505,1.6506,4.00,23.90
2007.06.27 06:59:11.221,1.6505,1.6506,4.00,4.00
2007.06.27 06:59:12.022,1.6505,1.6506,4.00,3.20
2007.06.27 06:59:12.106,1.6505,1.6506,4.00,2.40
2007.06.27 06:59:12.125,1.6505,1.6506,4.00,1.60
2007.06.27 06:59:12.222,1.65045,1.6506,5.60,1.60
2007.06.27 06:59:12.399,1.6504,1.6506,20.00,1.60
2007.06.27 06:59:17.576,1.6505,1.65065,4.00,0.80
2007.06.27 06:59:19.749,1.6505,1.65065,5.60,0.80
2007.06.27 06:59:19.886,1.6505,1.6507,5.60,17.60
2007.06.27 06:59:19.955,1.6505,1.6507,39.90,23.90
2007.06.27 06:59:22.642,1.65045,1.6507,45.50,23.90
2007.06.27 06:59:23.972,1.65045,1.6507,47.90,23.90
2007.06.27 06:59:24.067,1.65045,1.6507,47.90,21.50
2007.06.27 06:59:24.175,1.65045,1.6507,45.50,23.90
2007.06.27 06:59:45.223,1.6505,1.6506,4.50,1.60
2007.06.27 06:59:45.242,1.6505,1.6506,2.10,1.60
2007.06.27 06:59:57.228,1.6505,1.6506,4.00,1.60
2007.06.27 06:59:57.766,1.6505,1.6506,5.60,1.60
2007.06.27 06:59:58.174,1.6505,1.6506,5.60,4.00
2007.06.27 06:59:58.689,1.6505,1.6506,4.00,1.60
2007.06.27 06:59:59.627,1.6505,1.6506,4.00,4.00
