2018.04.30 05:00:00.141,1.19808,1.19823,1.95,1.12
2018.04.30 05:00:00.647,1.19808,1.19823,1.20,3.37
2018.04.30 05:00:01.167,1.19808,1.19821,1.12,1.00
2018.04.30 05:00:01.720,1.19808,1.19821,1.95,1.00
2018.04.30 05:00:02.231,1.19807,1.1982,2.47,1.00
2018.04.30 05:00:02.560,1.19807,1.19818,2.47,1.00
2018.04.30 05:00:03.053,1.19807,1.1982,2.55,1.00
2018.04.30 05:00:03.816,1.19807,1.19819,2.47,1.00
2018.04.30 05:00:05.453,1.19809,1.19818,1.00,1.00
2018.04.30 05:00:05.508,1.19811,1.19822,1.00,1.10
2018.04.30 05:00:05.680,1.19811,1.19826,1.47,1.12
2018.04.30 05:00:08.254,1.19812,1.19828,2.70,3.64
2018.04.30 05:00:08.792,1.19813,1.19828,1.37,2.89
2018.04.30 05:00:12.673,1.19813,1.19828,1.37,3.26
2018.04.30 05:00:14.015,1.19813,1.19828,1.37,1.76
2018.04.30 05:00:16.034,1.19813,1.19828,1.37,2.14
2018.04.30 05:00:17.162,1.19813,1.19828,1.37,2.14
2018.04.30 05:00:17.765,1.19813,1.19828,1.37,2.14
2018.04.30 05:00:22.203,1.19813,1.19828,1.37,2.14
2018.04.30 05:00:23.478,1.19812,1.19825,1.50,1.00
2018.04.30 05:00:23.531,1.19812,1.19828,1.50,3.64
2018.04.30 05:00:24.363,1.19813,1.19826,1.50,1.00
2018.04.30 05:00:24.890,1.19814,1.19827,1.50,1.00
2018.04.30 05:00:25.438,1.19814,1.19828,2.25,1.87
2018.04.30 05:00:29.234,1.19812,1.19824,1.00,1.00
2018.04.30 05:00:29.550,1.19807,1.1982,1.47,1.00
2018.04.30 05:00:29.604,1.19808,1.19822,2.25,1.00
2018.04.30 05:00:39.548,1.1981,1.19823,1.37,1.00
2018.04.30 05:00:39.807,1.19812,1.19825,1.00,1.12
2018.04.30 05:00:42.502,1.1981,1.19823,1.87,1.00
2018.04.30 05:00:43.719,1.1981,1.19824,2.62,1.00
2018.04.30 05:00:44.634,1.19811,1.19823,1.12,1.00
2018.04.30 05:00:44.687,1.19812,1.19826,1.00,3.64
2018.04.30 05:00:47.165,1.19812,1.19826,1.12,1.31
2018.04.30 05:00:52.307,1.19813,1.19826,1.00,1.31
2018.04.30 05:00:52.829,1.19812,1.19826,1.95,1.31
2018.04.30 05:00:54.113,1.19812,1.19826,3.37,1.00
2018.04.30 05:01:00.253,1.19814,1.19826,1.00,1.00
2018.04.30 05:01:01.663,1.19814,1.19827,1.00,1.12
2018.04.30 05:01:02.247,1.19812,1.19826,3.07,1.00
2018.04.30 05:01:03.988,1.19813,1.19827,1.12,2.62
2018.04.30 05:01:09.181,1.19812,1.19826,3.07,1.00
2018.04.30 05:01:11.076,1.19814,1.19826,1.00,1.50
2018.04.30 05:01:11.589,1.19813,1.19826,1.72,1.50
2018.04.30 05:01:12.310,1.19814,1.19826,1.00,1.50
2018.04.30 05:01:15.069,1.19812,1.19826,6.07,1.50
2018.04.30 05:01:31.054,1.19812,1.19825,2.32,1.00
2018.04.30 05:01:40.278,1.19812,1.19826,2.32,1.00
2018.04.30 05:01:41.052,1.19812,1.19826,1.57,1.87
2018.04.30 05:01:44.425,1.19812,1.19825,1.10,1.00
2018.04.30 05:01:46.403,1.19812,1.19824,1.00,1.00
2018.04.30 05:01:54.611,1.19812,1.19826,1.50,1.87
2018.04.30 05:01:57.338,1.19812,1.19825,1.00,1.00
2018.04.30 05:02:16.505,1.19814,1.19825,1.00,1.00
2018.04.30 05:02:17.021,1.19813,1.19826,2.32,1.00
2018.04.30 05:02:18.740,1.19814,1.19827,1.12,1.12
2018.04.30 05:02:20.285,1.19812,1.19826,4.57,1.50
2018.04.30 05:02:26.797,1.19813,1.19827,1.50,2.81
2018.04.30 05:02:27.371,1.19815,1.19827,1.00,1.12
2018.04.30 05:02:32.365,1.19814,1.19827,1.12,1.12
2018.04.30 05:02:32.880,1.19815,1.19829,3.75,1.50
2018.04.30 05:02:36.555,1.19815,1.19828,2.32,1.00
2018.04.30 05:02:37.146,1.19815,1.19829,2.25,2.25
2018.04.30 05:02:37.677,1.19815,1.19828,1.12,1.00
2018.04.30 05:02:44.826,1.19814,1.19827,3.67,1.00
2018.04.30 05:02:53.314,1.19814,1.19826,2.32,1.00
2018.04.30 05:03:04.206,1.19815,1.19827,1.00,1.00
2018.04.30 05:03:28.416,1.19814,1.19826,2.32,1.00
2018.04.30 05:03:30.478,1.19814,1.19825,2.32,1.00
2018.04.30 05:03:30.597,1.19814,1.19827,3.07,1.00
2018.04.30 05:03:30.700,1.19813,1.19825,1.47,1.00
2018.04.30 05:03:30.803,1.19811,1.19825,1.47,1.00
2018.04.30 05:03:31.457,1.1981,1.19824,4.20,1.50
2018.04.30 05:03:32.305,1.1981,1.19823,2.25,1.00
2018.04.30 05:03:32.468,1.19812,1.19826,1.20,1.12
2018.04.30 05:03:32.990,1.19813,1.19826,1.00,1.87
2018.04.30 05:03:36.840,1.19811,1.19825,5.33,1.00
2018.04.30 05:03:37.362,1.19812,1.19826,1.20,1.12
2018.04.30 05:03:41.707,1.19811,1.19824,3.45,1.00
2018.04.30 05:03:44.132,1.19811,1.19823,2.62,1.00
2018.04.30 05:03:47.356,1.19811,1.19822,2.62,1.00
2018.04.30 05:03:47.905,1.1981,1.19822,1.87,1.00
2018.04.30 05:03:48.664,1.1981,1.19823,1.37,1.00
2018.04.30 05:04:00.154,1.19808,1.19821,3.07,1.50
2018.04.30 05:04:00.964,1.19808,1.19821,1.50,2.25
2018.04.30 05:04:04.406,1.19809,1.19821,1.00,1.00
2018.04.30 05:04:04.931,1.1981,1.19821,1.00,1.00
2018.04.30 05:04:14.569,1.19809,1.19821,1.00,1.00
2018.04.30 05:04:28.629,1.19808,1.19821,1.12,1.00
2018.04.30 05:04:30.237,1.19809,1.19821,1.00,1.00
2018.04.30 05:04:30.747,1.1981,1.19821,1.00,1.00
2018.04.30 05:04:30.854,1.1981,1.19824,1.00,2.62
2018.04.30 05:04:39.392,1.19811,1.19825,4.50,1.50
2018.04.30 05:04:40.267,1.19811,1.19823,3.45,1.00
2018.04.30 05:04:41.526,1.1981,1.19823,3.37,1.00
2018.04.30 05:04:47.004,1.1981,1.19822,1.87,1.00
2018.04.30 05:04:47.524,1.19809,1.19821,1.37,1.00
2018.04.30 05:04:48.152,1.19809,1.19822,1.37,1.00
2018.04.30 05:05:05.369,1.19808,1.19822,1.50,1.87
2018.04.30 05:05:11.511,1.19809,1.19822,1.00,1.12
2018.04.30 05:05:16.761,1.19809,1.19821,1.00,1.00
2018.04.30 05:05:27.393,1.19809,1.1982,1.00,1.00
2018.04.30 05:05:27.658,1.19809,1.19823,1.00,4.12
2018.04.30 05:05:35.734,1.19808,1.19822,3.45,1.12
2018.04.30 05:05:36.130,1.19807,1.1982,3.00,1.00
2018.04.30 05:05:38.863,1.19807,1.19819,3.94,1.00
2018.04.30 05:05:39.187,1.19808,1.19821,1.00,2.25
2018.04.30 05:05:46.071,1.19808,1.19821,3.75,1.50
2018.04.30 05:05:46.235,1.19806,1.19818,1.20,1.00
2018.04.30 05:05:46.505,1.19804,1.19817,2.70,1.00
2018.04.30 05:05:46.557,1.19803,1.19814,1.45,1.00
2018.04.30 05:05:46.610,1.19801,1.19815,4.12,1.57
2018.04.30 05:05:47.147,1.19802,1.19816,2.14,1.87
2018.04.30 05:05:51.118,1.19804,1.19818,1.31,2.70
2018.04.30 05:05:51.637,1.19804,1.19818,6.45,1.00
2018.04.30 05:05:56.280,1.19804,1.19817,1.87,1.00
2018.04.30 05:05:56.785,1.19803,1.19817,4.39,1.00
2018.04.30 05:05:57.562,1.19804,1.19818,1.12,1.87
2018.04.30 05:05:59.177,1.19805,1.19819,1.00,3.45
2018.04.30 05:05:59.873,1.19805,1.19819,1.12,1.87
2018.04.30 05:06:00.393,1.19805,1.19818,1.12,1.00
2018.04.30 05:06:09.869,1.19805,1.19819,1.12,2.62
2018.04.30 05:06:10.709,1.19806,1.19819,1.00,1.87
2018.04.30 05:06:11.358,1.19804,1.19818,3.64,1.00
2018.04.30 05:06:13.308,1.19805,1.19819,1.20,2.62
2018.04.30 05:06:14.111,1.19805,1.19818,1.20,1.00
2018.04.30 05:06:15.702,1.19805,1.19819,1.20,2.62
2018.04.30 05:06:16.230,1.19804,1.19818,3.08,1.50
2018.04.30 05:06:16.712,1.19803,1.19816,2.62,1.00
2018.04.30 05:06:17.411,1.19802,1.19816,3.45,1.00
2018.04.30 05:06:33.638,1.19803,1.19816,1.87,1.00
2018.04.30 05:06:34.387,1.19807,1.19818,1.00,1.00
2018.04.30 05:06:34.492,1.19807,1.1982,1.00,1.12
2018.04.30 05:06:41.191,1.19808,1.1982,1.00,1.12
2018.04.30 05:06:41.522,1.19805,1.19818,1.20,1.00
2018.04.30 05:06:42.061,1.19805,1.19817,1.00,1.00
2018.04.30 05:06:42.597,1.19806,1.19817,1.00,1.00
2018.04.30 05:06:44.650,1.19813,1.19822,1.50,1.00
2018.04.30 05:06:44.714,1.19814,1.19826,1.00,2.62
2018.04.30 05:06:48.397,1.19813,1.19826,1.00,2.62
2018.04.30 05:06:48.657,1.19813,1.19827,1.87,1.87
2018.04.30 05:06:48.967,1.19815,1.19827,1.00,1.12
2018.04.30 05:06:49.089,1.19815,1.19829,1.12,1.87
2018.04.30 05:06:51.568,1.19814,1.19827,1.95,1.00
2018.04.30 05:06:52.125,1.19815,1.19828,1.00,1.12
2018.04.30 05:06:53.170,1.19815,1.19827,1.00,1.25
2018.04.30 05:06:53.784,1.19813,1.19826,1.47,1.00
2018.04.30 05:06:54.323,1.19813,1.19827,1.95,1.69
2018.04.30 05:06:54.838,1.19815,1.19828,1.00,1.31
2018.04.30 05:06:55.339,1.19813,1.19827,3.37,1.00
2018.04.30 05:06:56.164,1.19813,1.19826,2.62,1.00
2018.04.30 05:06:58.166,1.19813,1.19825,1.87,1.00
2018.04.30 05:07:01.240,1.19813,1.19826,1.37,1.00
2018.04.30 05:07:03.369,1.19813,1.19827,1.95,1.50
2018.04.30 05:07:06.082,1.19813,1.19826,1.95,1.00
2018.04.30 05:07:12.336,1.19812,1.19825,1.47,1.00
2018.04.30 05:07:12.393,1.19811,1.19825,2.62,1.12
2018.04.30 05:07:12.505,1.1981,1.19822,1.95,1.00
2018.04.30 05:07:12.921,1.19809,1.19823,1.95,2.62
2018.04.30 05:07:13.488,1.19809,1.19822,1.12,1.00
2018.04.30 05:07:15.664,1.19808,1.19821,1.87,1.00
2018.04.30 05:07:19.841,1.19808,1.19821,1.12,1.00
2018.04.30 05:07:19.944,1.19807,1.19819,2.70,1.00
2018.04.30 05:07:24.402,1.19807,1.19821,4.20,1.50
2018.04.30 05:07:26.868,1.19807,1.1982,3.45,1.00
2018.04.30 05:07:44.078,1.19806,1.19817,2.70,1.00
2018.04.30 05:07:44.352,1.19806,1.1982,1.12,1.20
2018.04.30 05:07:44.405,1.19805,1.19816,1.12,1.00
2018.04.30 05:07:44.925,1.19803,1.19816,2.70,1.00
2018.04.30 05:07:49.853,1.19803,1.19817,2.70,1.50
2018.04.30 05:07:51.207,1.19803,1.19816,1.87,1.00
2018.04.30 05:07:52.252,1.19802,1.19815,3.64,1.00
2018.04.30 05:07:53.513,1.19803,1.19817,1.12,1.87
2018.04.30 05:07:54.516,1.19802,1.19815,4.58,1.00
2018.04.30 05:07:55.476,1.19802,1.19816,4.95,1.00
2018.04.30 05:07:55.991,1.19802,1.19815,4.20,1.00
2018.04.30 05:08:00.365,1.19803,1.19817,1.87,1.87
2018.04.30 05:08:00.923,1.19804,1.19817,1.00,1.87
2018.04.30 05:08:03.338,1.19803,1.19817,1.12,1.87
2018.04.30 05:08:07.678,1.19803,1.19816,1.12,1.00
2018.04.30 05:08:08.600,1.19803,1.19816,1.87,1.00
2018.04.30 05:08:14.645,1.19804,1.19817,1.12,1.00
2018.04.30 05:08:33.274,1.19805,1.19818,2.62,1.00
2018.04.30 05:08:33.894,1.19806,1.19818,2.70,1.00
2018.04.30 05:08:34.413,1.19807,1.19821,1.00,1.87
2018.04.30 05:08:34.980,1.19808,1.19821,1.00,2.70
2018.04.30 05:08:35.491,1.19807,1.19821,1.00,2.70
2018.04.30 05:08:37.343,1.19806,1.19821,4.12,2.70
2018.04.30 05:08:38.664,1.19806,1.19821,4.87,1.95
2018.04.30 05:08:59.127,1.19808,1.19821,1.00,1.87
2018.04.30 05:09:00.157,1.19807,1.19821,1.12,2.70
2018.04.30 05:09:04.468,1.19805,1.19819,4.20,1.00
2018.04.30 05:09:05.013,1.19805,1.19819,1.20,1.87
2018.04.30 05:09:05.576,1.19804,1.19818,3.45,1.50
2018.04.30 05:09:05.902,1.19804,1.19816,1.00,1.00
2018.04.30 05:09:12.782,1.19803,1.19816,1.87,1.50
2018.04.30 05:09:17.609,1.19804,1.19816,1.00,1.00
2018.04.30 05:09:18.116,1.19803,1.19816,1.12,1.00
2018.04.30 05:09:19.872,1.19802,1.19814,2.62,1.00
2018.04.30 05:09:20.175,1.19805,1.19817,3.37,1.00
2018.04.30 05:09:20.881,1.19806,1.19817,1.00,1.00
2018.04.30 05:09:34.798,1.19811,1.19819,1.00,1.50
2018.04.30 05:09:34.852,1.19809,1.19819,1.35,1.50
2018.04.30 05:09:35.066,1.19808,1.19821,1.12,1.00
2018.04.30 05:09:35.618,1.19807,1.1982,3.22,1.00
2018.04.30 05:09:36.374,1.19806,1.1982,3.97,1.87
2018.04.30 05:09:38.574,1.19807,1.1982,1.35,3.22
2018.04.30 05:09:40.142,1.19806,1.1982,1.12,1.87
2018.04.30 05:09:42.820,1.19807,1.19819,1.00,1.00
2018.04.30 05:09:47.910,1.19805,1.19819,4.95,1.50
2018.04.30 05:09:48.477,1.19806,1.1982,1.87,1.12
2018.04.30 05:09:49.582,1.19807,1.1982,1.00,1.12
2018.04.30 05:09:56.428,1.19808,1.1982,1.00,1.12
2018.04.30 05:10:00.174,1.19807,1.1982,1.00,1.12
2018.04.30 05:10:08.601,1.19807,1.19821,1.12,1.87
2018.04.30 05:11:00.877,1.19807,1.19822,3.45,1.12
2018.04.30 05:11:05.998,1.19807,1.19821,3.37,1.00
2018.04.30 05:11:46.145,1.19807,1.19822,4.20,1.12
2018.04.30 05:11:46.198,1.1981,1.19823,1.12,1.10
2018.04.30 05:11:46.801,1.1981,1.19825,1.20,3.37
2018.04.30 05:11:48.855,1.19809,1.19823,1.20,1.12
2018.04.30 05:12:00.093,1.19808,1.19822,1.47,1.00
2018.04.30 05:12:02.404,1.19808,1.19821,1.37,1.00
2018.04.30 05:12:02.715,1.19806,1.1982,1.95,1.50
2018.04.30 05:12:03.200,1.19805,1.19817,1.87,1.00
2018.04.30 05:12:03.774,1.19805,1.19818,1.12,1.00
2018.04.30 05:12:05.829,1.19805,1.19817,1.12,1.00
2018.04.30 05:12:06.375,1.19804,1.19817,1.00,1.87
2018.04.30 05:12:11.855,1.19805,1.19816,1.00,1.00
2018.04.30 05:12:12.511,1.19806,1.19817,1.00,1.00
2018.04.30 05:12:17.372,1.19806,1.19818,1.00,1.12
2018.04.30 05:12:17.885,1.19806,1.19819,1.00,1.87
2018.04.30 05:12:20.228,1.19808,1.19819,1.00,1.12
2018.04.30 05:12:20.775,1.19808,1.19821,1.00,1.87
2018.04.30 05:12:24.106,1.19808,1.19821,1.00,1.12
2018.04.30 05:12:25.057,1.19808,1.1982,1.00,1.00
2018.04.30 05:12:28.013,1.19806,1.1982,1.87,1.87
2018.04.30 05:12:36.745,1.19807,1.1982,1.00,1.20
2018.04.30 05:12:39.642,1.19808,1.1982,1.00,1.12
2018.04.30 05:12:53.360,1.19808,1.19821,1.00,1.12
2018.04.30 05:12:53.902,1.19809,1.19822,1.50,1.87
2018.04.30 05:12:58.309,1.19808,1.19822,1.12,2.62
2018.04.30 05:13:04.889,1.19809,1.19823,1.12,1.87
2018.04.30 05:13:04.999,1.1981,1.19823,3.37,1.00
2018.04.30 05:13:05.645,1.1981,1.19824,3.45,1.00
2018.04.30 05:13:14.491,1.1981,1.19823,2.62,1.00
2018.04.30 05:13:26.222,1.19809,1.19822,1.47,1.00
2018.04.30 05:13:26.326,1.19808,1.19822,1.50,1.12
2018.04.30 05:13:27.152,1.19808,1.19821,1.00,1.00
2018.04.30 05:13:29.733,1.19806,1.1982,2.70,1.00
2018.04.30 05:13:31.239,1.19805,1.19819,1.95,1.50
2018.04.30 05:13:34.988,1.19806,1.1982,1.87,1.95
2018.04.30 05:13:35.295,1.19808,1.19821,1.50,1.12
2018.04.30 05:13:35.661,1.1981,1.19822,1.37,1.00
2018.04.30 05:13:53.958,1.1981,1.19823,1.37,1.00
2018.04.30 05:14:30.629,1.19809,1.19823,3.45,1.00
2018.04.30 05:14:36.953,1.1981,1.19824,1.12,1.87
2018.04.30 05:14:37.522,1.1981,1.19824,1.95,1.50
2018.04.30 05:15:19.112,1.1981,1.19823,1.47,1.00
2018.04.30 05:15:19.645,1.19809,1.19823,1.95,1.50
2018.04.30 05:15:30.765,1.1981,1.19822,1.12,1.00
2018.04.30 05:15:31.414,1.19811,1.19823,1.35,1.50
2018.04.30 05:15:31.926,1.1981,1.19823,1.87,1.00
2018.04.30 05:15:32.779,1.1981,1.19824,2.70,1.12
2018.04.30 05:15:37.511,1.1981,1.19824,3.45,1.00
2018.04.30 05:15:57.817,1.1981,1.19822,1.87,1.00
2018.04.30 05:15:58.354,1.19809,1.19822,1.47,1.00
2018.04.30 05:15:58.857,1.19808,1.19821,1.47,1.00
2018.04.30 05:16:00.131,1.19808,1.1982,1.47,1.00
2018.04.30 05:16:03.858,1.19808,1.19819,1.47,1.00
2018.04.30 05:16:03.962,1.19806,1.19819,3.07,1.00
2018.04.30 05:16:05.858,1.19806,1.1982,3.82,1.00
2018.04.30 05:16:36.691,1.19806,1.19819,1.95,1.00
2018.04.30 05:16:39.602,1.19806,1.1982,3.07,1.50
2018.04.30 05:16:41.001,1.19808,1.19821,1.00,1.87
2018.04.30 05:16:43.128,1.1981,1.19823,1.12,1.50
2018.04.30 05:16:43.335,1.19811,1.19825,1.95,2.62
2018.04.30 05:16:46.795,1.19811,1.19824,1.95,1.00
2018.04.30 05:16:55.171,1.19812,1.19824,1.00,1.00
2018.04.30 05:16:58.344,1.19811,1.19824,1.95,1.00
2018.04.30 05:17:06.280,1.19811,1.19821,1.00,1.00
2018.04.30 05:17:06.349,1.19809,1.19821,1.12,1.00
2018.04.30 05:17:06.558,1.19809,1.19823,3.45,1.50
2018.04.30 05:17:07.025,1.19809,1.19821,2.70,1.00
2018.04.30 05:17:07.412,1.19807,1.19819,3.07,1.00
2018.04.30 05:17:07.915,1.19807,1.19819,2.70,1.00
2018.04.30 05:17:14.034,1.19806,1.19819,1.95,1.50
2018.04.30 05:17:31.096,1.19805,1.19817,1.20,1.00
2018.04.30 05:17:31.308,1.19804,1.19816,1.12,1.00
2018.04.30 05:17:34.791,1.19803,1.19815,3.45,1.00
2018.04.30 05:17:47.089,1.19803,1.19816,3.45,1.00
2018.04.30 05:17:48.923,1.19805,1.19817,1.00,1.00
2018.04.30 05:17:51.827,1.19807,1.19817,1.00,1.00
2018.04.30 05:17:52.421,1.19808,1.19817,1.00,1.00
2018.04.30 05:17:56.067,1.19807,1.19817,1.00,1.00
2018.04.30 05:17:56.805,1.19808,1.19817,1.00,1.00
2018.04.30 05:17:57.347,1.19809,1.19817,1.00,1.00
2018.04.30 05:17:58.794,1.19809,1.19818,1.00,1.00
2018.04.30 05:17:59.335,1.19809,1.19819,1.00,1.12
2018.04.30 05:17:59.716,1.1981,1.19821,1.00,1.00
2018.04.30 05:18:03.960,1.1981,1.19822,1.50,1.00
2018.04.30 05:18:04.502,1.19808,1.19821,1.47,1.50
2018.04.30 05:18:05.069,1.19807,1.1982,1.95,1.00
2018.04.30 05:18:05.643,1.19807,1.19819,1.47,1.00
2018.04.30 05:18:20.534,1.19807,1.1982,1.47,1.50
2018.04.30 05:18:59.337,1.19806,1.19819,1.95,1.00
2018.04.30 05:18:59.885,1.19806,1.19819,1.95,1.00
2018.04.30 05:19:00.423,1.19807,1.1982,1.00,1.87
2018.04.30 05:19:04.247,1.19807,1.19819,1.00,1.00
2018.04.30 05:19:05.276,1.19806,1.19818,1.12,1.00
2018.04.30 05:19:05.329,1.19806,1.19816,1.00,1.00
2018.04.30 05:19:06.646,1.19804,1.19816,1.95,1.00
2018.04.30 05:19:06.962,1.19802,1.19814,1.20,1.00
2018.04.30 05:19:07.490,1.19803,1.19814,1.00,1.00
2018.04.30 05:19:10.098,1.19803,1.19815,1.00,1.00
2018.04.30 05:19:11.487,1.19804,1.19815,1.00,1.00
2018.04.30 05:19:11.988,1.19804,1.19816,1.00,1.50
2018.04.30 05:19:17.483,1.19805,1.19816,1.00,1.00
2018.04.30 05:19:25.968,1.19805,1.19819,3.37,1.50
2018.04.30 05:19:26.071,1.19807,1.19821,1.12,1.87
2018.04.30 05:19:30.349,1.19806,1.1982,3.45,1.00
2018.04.30 05:19:30.912,1.19806,1.19819,2.70,1.50
2018.04.30 05:19:31.914,1.19806,1.1982,3.45,1.50
2018.04.30 05:19:57.848,1.19806,1.19819,2.89,1.00
2018.04.30 05:20:00.055,1.19806,1.1982,3.64,1.00
2018.04.30 05:20:00.619,1.19807,1.19821,1.20,1.87
2018.04.30 05:20:04.988,1.19808,1.19821,1.00,1.12
2018.04.30 05:20:11.132,1.1981,1.19822,1.00,1.00
2018.04.30 05:20:11.642,1.19808,1.19821,1.07,1.50
2018.04.30 05:20:12.159,1.19807,1.19821,2.70,1.50
2018.04.30 05:20:24.553,1.19809,1.19821,1.00,1.00
2018.04.30 05:20:24.707,1.1981,1.19825,4.20,1.12
2018.04.30 05:20:25.225,1.19812,1.19825,1.12,1.50
2018.04.30 05:20:26.739,1.19812,1.19826,2.62,1.50
2018.04.30 05:20:27.280,1.19813,1.19827,1.20,1.87
2018.04.30 05:20:57.682,1.19814,1.19829,4.12,1.20
2018.04.30 05:20:58.176,1.19816,1.19825,1.00,1.50
2018.04.30 05:20:58.281,1.1981,1.19823,1.95,1.12
2018.04.30 05:20:58.385,1.19808,1.19823,1.95,3.37
2018.04.30 05:21:08.688,1.19807,1.19821,1.95,1.00
2018.04.30 05:21:13.507,1.19809,1.19823,1.00,2.70
2018.04.30 05:21:13.717,1.19811,1.19824,1.00,1.12
2018.04.30 05:21:14.826,1.19813,1.19824,1.00,1.12
2018.04.30 05:21:16.202,1.19813,1.19826,1.00,1.87
2018.04.30 05:21:17.120,1.19814,1.19827,1.00,1.87
2018.04.30 05:21:17.786,1.19814,1.19827,1.00,1.12
2018.04.30 05:21:20.066,1.19813,1.19827,1.95,1.12
2018.04.30 05:21:24.750,1.19813,1.19827,1.50,1.87
2018.04.30 05:21:29.132,1.19812,1.19826,1.12,1.12
2018.04.30 05:21:33.279,1.19809,1.19824,3.07,2.62
2018.04.30 05:21:33.385,1.19808,1.19823,4.95,1.12
2018.04.30 05:21:34.428,1.19808,1.19822,1.95,1.87
2018.04.30 05:21:35.853,1.19809,1.19822,1.00,2.62
2018.04.30 05:21:38.270,1.1981,1.19822,1.00,1.87
2018.04.30 05:21:46.539,1.19809,1.19822,1.00,1.87
2018.04.30 05:21:51.110,1.19812,1.19823,1.00,1.12
2018.04.30 05:21:51.656,1.19812,1.19825,1.00,1.37
2018.04.30 05:21:52.699,1.19812,1.19826,1.00,3.37
2018.04.30 05:21:53.336,1.19813,1.19826,1.00,2.62
2018.04.30 05:22:03.615,1.19812,1.19826,1.00,3.37
2018.04.30 05:22:03.887,1.1981,1.19824,1.20,1.87
2018.04.30 05:22:04.402,1.19809,1.19823,1.20,1.87
2018.04.30 05:22:10.878,1.19808,1.19822,1.95,1.12
2018.04.30 05:22:11.499,1.19808,1.19821,1.20,1.00
2018.04.30 05:22:16.043,1.19809,1.19821,1.00,1.00
2018.04.30 05:22:25.376,1.19808,1.19821,1.12,1.00
2018.04.30 05:22:25.532,1.19807,1.19819,1.00,1.00
2018.04.30 05:22:25.690,1.19812,1.19826,1.39,1.12
2018.04.30 05:22:26.215,1.19812,1.19827,2.70,1.12
2018.04.30 05:22:42.580,1.19813,1.19826,1.20,1.00
2018.04.30 05:22:42.788,1.1981,1.19825,2.89,1.87
2018.04.30 05:22:43.376,1.19812,1.19825,1.12,1.00
2018.04.30 05:22:44.716,1.19812,1.19825,1.95,1.00
2018.04.30 05:22:44.769,1.19814,1.19828,1.00,2.70
2018.04.30 05:22:45.302,1.19813,1.19828,1.95,1.87
2018.04.30 05:22:46.313,1.19815,1.19827,1.00,1.12
2018.04.30 05:22:46.467,1.19815,1.19829,1.12,1.12
2018.04.30 05:22:46.621,1.19813,1.19824,2.32,1.00
2018.04.30 05:22:46.776,1.19807,1.19821,3.82,1.50
2018.04.30 05:22:46.830,1.19807,1.19821,2.70,1.50
2018.04.30 05:22:49.183,1.19807,1.19821,1.95,1.87
2018.04.30 05:22:50.011,1.19807,1.1982,1.12,1.00
2018.04.30 05:22:54.368,1.19806,1.19819,1.47,1.00
2018.04.30 05:22:57.041,1.19807,1.19821,1.12,3.37
2018.04.30 05:23:07.769,1.19807,1.19821,2.62,1.00
2018.04.30 05:23:16.289,1.19807,1.1982,1.87,1.00
2018.04.30 05:23:16.794,1.19807,1.1982,1.12,1.00
2018.04.30 05:23:19.423,1.19807,1.1982,1.95,1.00
2018.04.30 05:23:19.970,1.19806,1.1982,1.20,1.12
2018.04.30 05:23:27.624,1.19805,1.19819,4.20,1.00
2018.04.30 05:23:27.953,1.19808,1.19821,1.00,2.62
2018.04.30 05:23:31.054,1.19807,1.19821,1.00,2.62
2018.04.30 05:23:41.832,1.19808,1.19821,1.00,1.87
2018.04.30 05:23:42.429,1.19808,1.19821,1.12,1.00
2018.04.30 05:23:46.653,1.19809,1.19821,1.00,1.00
2018.04.30 05:23:54.060,1.19808,1.19822,1.12,1.12
2018.04.30 05:23:59.084,1.19809,1.19822,1.12,1.00
2018.04.30 05:23:59.194,1.1981,1.19825,1.20,1.87
2018.04.30 05:24:03.091,1.19811,1.19825,1.00,1.95
2018.04.30 05:24:05.470,1.19811,1.19825,1.87,1.20
2018.04.30 05:24:05.626,1.19812,1.19824,1.95,1.00
2018.04.30 05:24:05.735,1.19813,1.19827,1.00,2.62
2018.04.30 05:24:06.254,1.19812,1.19826,1.95,1.87
2018.04.30 05:24:06.925,1.19811,1.19825,3.45,1.00
2018.04.30 05:24:07.441,1.19812,1.19826,1.95,1.12
2018.04.30 05:24:09.478,1.19814,1.19827,1.00,1.12
2018.04.30 05:24:09.637,1.19815,1.1983,1.20,1.87
2018.04.30 05:24:12.853,1.19816,1.1983,1.00,1.47
2018.04.30 05:24:13.007,1.19817,1.19831,2.70,1.12
2018.04.30 05:24:13.519,1.19818,1.19832,2.62,1.12
2018.04.30 05:24:24.551,1.19818,1.19831,2.62,1.00
2018.04.30 05:24:26.054,1.19818,1.1983,1.20,1.00
2018.04.30 05:24:26.597,1.19817,1.19832,1.12,1.95
2018.04.30 05:24:34.223,1.19818,1.19832,1.50,1.87
2018.04.30 05:24:34.731,1.19819,1.19832,1.00,1.12
2018.04.30 05:24:35.253,1.1982,1.19834,1.00,1.95
2018.04.30 05:24:36.800,1.1982,1.19834,2.62,1.12
2018.04.30 05:24:45.616,1.1982,1.19834,1.00,1.87
2018.04.30 05:24:47.785,1.19819,1.19832,1.12,1.00
2018.04.30 05:25:02.569,1.19817,1.1983,1.95,1.00
2018.04.30 05:25:03.072,1.19817,1.19829,1.12,1.00
2018.04.30 05:25:05.171,1.19816,1.1983,2.62,1.00
2018.04.30 05:25:07.054,1.19818,1.19831,1.00,1.87
2018.04.30 05:25:08.677,1.19817,1.19831,1.87,1.87
2018.04.30 05:25:09.254,1.19817,1.19831,3.45,1.00
2018.04.30 05:25:12.715,1.19819,1.19833,1.00,4.20
2018.04.30 05:25:13.478,1.19822,1.19835,1.00,2.32
2018.04.30 05:25:13.584,1.19821,1.19837,4.20,3.37
2018.04.30 05:25:14.149,1.19821,1.19833,1.20,1.00
2018.04.30 05:25:14.670,1.19821,1.19835,1.57,1.87
2018.04.30 05:25:15.642,1.1982,1.19835,1.95,1.87
2018.04.30 05:25:16.158,1.19821,1.19835,1.50,1.87
2018.04.30 05:25:16.847,1.19821,1.19835,1.95,1.12
2018.04.30 05:25:19.660,1.19822,1.19836,1.00,2.62
2018.04.30 05:25:19.821,1.19824,1.1984,1.47,3.45
2018.04.30 05:25:23.769,1.19824,1.19838,1.95,1.00
2018.04.30 05:25:25.171,1.19823,1.19838,1.95,1.12
2018.04.30 05:25:25.723,1.19823,1.19836,1.20,1.00
2018.04.30 05:25:26.034,1.19825,1.19838,1.00,1.20
2018.04.30 05:25:28.524,1.19824,1.19837,1.95,1.00
2018.04.30 05:25:28.842,1.19822,1.19834,1.47,1.00
2018.04.30 05:25:29.343,1.19822,1.19835,1.47,1.00
2018.04.30 05:25:32.585,1.19822,1.19834,1.47,1.00
2018.04.30 05:25:32.689,1.19822,1.19837,1.47,1.87
2018.04.30 05:25:36.706,1.19824,1.19837,1.00,1.12
2018.04.30 05:25:37.243,1.19824,1.19838,1.20,2.62
2018.04.30 05:25:37.773,1.19825,1.19838,1.00,1.87
2018.04.30 05:25:39.152,1.19826,1.19838,1.00,1.87
2018.04.30 05:25:39.472,1.19826,1.1984,1.87,2.25
2018.04.30 05:25:40.417,1.19826,1.19839,1.37,1.00
2018.04.30 05:25:41.383,1.19828,1.19841,1.00,1.12
2018.04.30 05:25:41.590,1.19827,1.19839,1.07,1.00
2018.04.30 05:25:41.643,1.19826,1.1984,1.87,1.87
2018.04.30 05:25:41.696,1.19824,1.19836,1.07,1.00
2018.04.30 05:25:41.781,1.19822,1.19836,2.70,1.00
2018.04.30 05:25:42.038,1.19821,1.19833,1.95,1.00
2018.04.30 05:25:42.091,1.19822,1.19836,1.20,1.12
2018.04.30 05:25:42.194,1.19823,1.19836,4.20,1.00
2018.04.30 05:25:42.451,1.19824,1.19838,2.89,1.00
2018.04.30 05:25:45.037,1.19824,1.19839,2.14,1.87
2018.04.30 05:25:58.450,1.19829,1.1984,1.00,1.12
2018.04.30 05:25:58.503,1.19827,1.19839,1.00,1.00
2018.04.30 05:25:58.613,1.19827,1.19841,1.87,1.00
2018.04.30 05:25:58.770,1.19829,1.19843,1.12,1.87
2018.04.30 05:25:59.297,1.19827,1.19843,1.95,2.62
2018.04.30 05:25:59.921,1.19824,1.1984,5.32,1.37
2018.04.30 05:26:00.510,1.19824,1.1984,4.95,1.87
2018.04.30 05:26:21.672,1.19825,1.19836,1.20,1.00
2018.04.30 05:26:21.999,1.19822,1.19836,4.20,1.00
2018.04.30 05:26:26.832,1.19821,1.19834,1.57,1.00
2018.04.30 05:27:02.473,1.1982,1.19833,1.95,1.00
2018.04.30 05:27:02.782,1.19818,1.19833,1.95,2.62
2018.04.30 05:27:02.869,1.19818,1.1983,1.20,1.00
2018.04.30 05:27:03.338,1.19817,1.19828,1.47,1.00
2018.04.30 05:27:03.493,1.19817,1.19831,1.12,1.87
2018.04.30 05:27:04.453,1.19816,1.1983,4.57,1.00
2018.04.30 05:27:04.508,1.19819,1.19832,1.12,1.00
2018.04.30 05:27:05.058,1.19819,1.19833,1.87,1.00
2018.04.30 05:27:06.022,1.19819,1.19832,1.37,1.00
2018.04.30 05:27:06.277,1.19819,1.19834,1.47,2.62
2018.04.30 05:27:13.390,1.1982,1.19834,3.37,1.00
2018.04.30 05:27:26.697,1.1982,1.19833,1.95,1.00
2018.04.30 05:27:27.201,1.1982,1.19833,1.12,1.50
2018.04.30 05:27:27.456,1.1982,1.19831,1.12,1.00
2018.04.30 05:27:28.536,1.1982,1.19832,1.12,1.00
2018.04.30 05:27:31.570,1.1982,1.19833,1.12,1.00
2018.04.30 05:28:06.959,1.1982,1.19832,1.95,1.00
2018.04.30 05:28:14.661,1.1982,1.19832,1.95,1.00
2018.04.30 05:28:16.274,1.1982,1.19831,1.47,1.00
2018.04.30 05:28:18.690,1.1982,1.19833,1.47,1.00
2018.04.30 05:28:19.224,1.1982,1.19834,1.95,1.00
2018.04.30 05:28:22.397,1.19822,1.19835,1.12,1.00
2018.04.30 05:28:22.552,1.19824,1.19835,1.47,1.00
2018.04.30 05:28:24.134,1.19824,1.19836,1.47,1.00
2018.04.30 05:28:25.598,1.19824,1.19837,2.70,1.00
2018.04.30 05:28:25.755,1.19827,1.1984,1.87,1.00
2018.04.30 05:28:25.808,1.19827,1.19842,1.95,1.12
2018.04.30 05:28:26.356,1.19829,1.19843,1.20,2.25
2018.04.30 05:28:32.128,1.19829,1.19843,1.95,1.87
2018.04.30 05:28:32.525,1.19828,1.19841,3.45,1.50
2018.04.30 05:28:32.634,1.19826,1.19841,1.47,1.87
2018.04.30 05:28:32.892,1.19825,1.19839,1.95,1.00
2018.04.30 05:28:33.462,1.19825,1.1984,1.87,1.95
2018.04.30 05:28:41.785,1.19824,1.19839,2.70,1.87
2018.04.30 05:28:46.206,1.19827,1.1984,1.37,1.00
2018.04.30 05:28:46.311,1.19827,1.19842,2.70,1.87
2018.04.30 05:28:48.100,1.19827,1.19841,1.47,1.00
2018.04.30 05:28:48.620,1.19827,1.19842,1.47,2.62
2018.04.30 05:28:53.657,1.19828,1.19843,2.70,1.12
2018.04.30 05:29:00.166,1.19828,1.19841,2.70,1.00
2018.04.30 05:29:05.224,1.19828,1.19842,1.95,2.25
2018.04.30 05:29:16.649,1.19828,1.19841,1.87,1.00
2018.04.30 05:29:20.015,1.19828,1.1984,1.87,1.00
2018.04.30 05:29:20.429,1.19827,1.19839,1.12,1.00
2018.04.30 05:29:22.834,1.19827,1.19841,1.12,2.70
2018.04.30 05:29:41.534,1.19826,1.1984,2.70,1.00
2018.04.30 05:29:44.379,1.19827,1.19841,1.12,1.12
2018.04.30 05:29:44.899,1.19828,1.19841,1.12,1.00
2018.04.30 05:29:46.228,1.19828,1.19842,1.12,2.62
2018.04.30 05:29:46.350,1.19832,1.19842,1.00,1.00
2018.04.30 05:29:46.663,1.1983,1.1984,1.00,1.00
2018.04.30 05:29:47.227,1.19831,1.19842,1.00,1.00
2018.04.30 05:29:49.735,1.19831,1.1984,1.00,1.00
2018.04.30 05:29:52.241,1.19828,1.1984,1.95,1.00
2018.04.30 05:29:52.346,1.19825,1.19834,1.20,1.00
2018.04.30 05:29:52.470,1.19823,1.19835,1.87,1.00
2018.04.30 05:29:57.314,1.19824,1.19838,1.00,1.87
2018.04.30 05:29:57.416,1.19825,1.19838,1.37,1.50
2018.04.30 05:29:57.570,1.19824,1.19838,1.87,1.87
2018.04.30 05:29:57.774,1.19823,1.19836,1.87,1.00
2018.04.30 05:29:58.793,1.19823,1.19836,1.20,1.00
2018.04.30 05:30:00.188,1.19823,1.19837,1.95,1.87
2018.04.30 05:30:02.781,1.19823,1.19836,1.20,1.00
2018.04.30 05:30:04.389,1.19823,1.19835,1.12,1.50
2018.04.30 05:30:04.494,1.1982,1.19835,2.70,1.12
2018.04.30 05:30:05.286,1.19822,1.19835,1.00,1.12
2018.04.30 05:30:05.339,1.19822,1.19837,1.37,1.95
2018.04.30 05:30:05.498,1.19822,1.19835,1.37,1.00
2018.04.30 05:30:06.158,1.19821,1.19835,2.70,1.50
2018.04.30 05:30:06.984,1.19821,1.19834,1.37,1.00
2018.04.30 05:30:09.625,1.19821,1.19835,1.12,2.62
2018.04.30 05:30:10.636,1.19821,1.19834,1.12,1.00
2018.04.30 05:30:11.167,1.19822,1.19835,1.12,1.00
2018.04.30 05:30:14.084,1.19821,1.19834,1.95,1.00
2018.04.30 05:30:17.360,1.19822,1.19835,1.12,1.00
2018.04.30 05:30:21.947,1.19823,1.19837,1.00,2.62
2018.04.30 05:30:22.847,1.19822,1.19836,1.95,1.12
2018.04.30 05:30:28.743,1.19822,1.19836,1.87,1.57
2018.04.30 05:30:31.116,1.19822,1.19833,1.12,1.00
2018.04.30 05:30:34.597,1.19826,1.19839,1.12,1.45
2018.04.30 05:30:34.920,1.19823,1.19838,1.87,2.32
2018.04.30 05:30:35.129,1.19822,1.19836,1.87,2.32
2018.04.30 05:30:35.656,1.19822,1.19837,1.12,1.82
2018.04.30 05:30:36.261,1.19821,1.19836,2.62,1.57
2018.04.30 05:30:36.985,1.1982,1.19836,2.62,3.07
2018.04.30 05:30:37.501,1.19821,1.19835,3.37,1.45
2018.04.30 05:30:44.394,1.1982,1.19835,2.62,1.57
2018.04.30 05:30:44.913,1.1982,1.19834,1.87,1.20
2018.04.30 05:30:45.503,1.1982,1.19834,1.87,1.45
2018.04.30 05:30:46.724,1.1982,1.19834,1.37,1.45
2018.04.30 05:30:48.392,1.19821,1.19834,1.12,1.20
2018.04.30 05:30:48.940,1.19821,1.19834,1.12,1.45
2018.04.30 05:30:49.465,1.1982,1.19834,1.87,1.45
2018.04.30 05:30:50.509,1.1982,1.19834,1.37,1.45
2018.04.30 05:30:52.700,1.19823,1.19836,1.00,3.07
2018.04.30 05:30:53.216,1.19822,1.19836,1.12,3.07
2018.04.30 05:31:01.555,1.19821,1.19834,1.37,1.20
2018.04.30 05:31:11.210,1.19821,1.19832,1.37,1.00
2018.04.30 05:31:16.980,1.19821,1.19833,1.37,1.10
2018.04.30 05:31:17.511,1.19821,1.19834,1.87,1.20
2018.04.30 05:31:18.137,1.19821,1.19833,1.87,1.10
2018.04.30 05:31:23.114,1.19821,1.19834,1.87,1.20
2018.04.30 05:31:25.246,1.1982,1.19833,3.37,1.00
2018.04.30 05:31:26.444,1.1982,1.19834,3.37,1.10
2018.04.30 05:31:34.869,1.1982,1.19832,1.47,1.00
2018.04.30 05:31:35.407,1.1982,1.19831,1.37,1.00
2018.04.30 05:31:35.511,1.1982,1.19834,1.37,1.57
2018.04.30 05:31:36.042,1.19819,1.19834,1.37,1.95
2018.04.30 05:31:37.989,1.19819,1.19834,1.47,1.87
2018.04.30 05:31:41.103,1.1982,1.19834,3.45,1.50
2018.04.30 05:31:41.452,1.19823,1.19834,1.50,1.00
2018.04.30 05:31:41.505,1.19823,1.19837,3.37,1.95
2018.04.30 05:31:41.557,1.19824,1.19837,1.37,1.00
2018.04.30 05:31:42.625,1.19825,1.19838,1.95,1.00
2018.04.30 05:31:43.166,1.19825,1.19837,1.20,1.00
2018.04.30 05:31:46.099,1.19823,1.19837,2.70,2.25
2018.04.30 05:31:46.644,1.19823,1.19836,1.87,2.85
2018.04.30 05:31:49.619,1.19822,1.19835,1.95,1.00
2018.04.30 05:31:50.147,1.19822,1.19834,1.37,1.35
2018.04.30 05:31:51.154,1.19822,1.19835,1.47,1.35
2018.04.30 05:31:51.311,1.19822,1.19837,1.87,1.95
2018.04.30 05:31:51.364,1.19828,1.19839,1.00,2.55
2018.04.30 05:31:51.417,1.19829,1.19843,4.31,3.30
2018.04.30 05:31:51.469,1.1983,1.19843,1.37,2.92
2018.04.30 05:31:51.901,1.19829,1.1984,3.45,1.00
2018.04.30 05:31:55.495,1.19829,1.19842,1.87,1.00
2018.04.30 05:31:55.551,1.19829,1.19839,1.37,1.00
2018.04.30 05:31:55.603,1.19829,1.19841,1.87,1.00
2018.04.30 05:31:55.656,1.19828,1.19842,1.87,2.47
2018.04.30 05:31:56.163,1.19829,1.19841,1.12,1.00
2018.04.30 05:32:00.407,1.19828,1.19841,3.82,1.00
2018.04.30 05:32:00.623,1.19827,1.1984,1.47,1.00
2018.04.30 05:32:02.330,1.19828,1.19841,1.12,1.00
2018.04.30 05:32:02.538,1.19831,1.19841,1.37,1.00
2018.04.30 05:32:03.044,1.19833,1.19841,1.00,1.00
2018.04.30 05:32:03.927,1.1983,1.19842,1.95,1.00
2018.04.30 05:32:03.980,1.19828,1.19839,1.57,1.00
2018.04.30 05:32:04.033,1.19827,1.19839,1.95,1.00
2018.04.30 05:32:04.913,1.19826,1.19839,2.70,1.00
2018.04.30 05:32:06.395,1.19826,1.1984,1.95,1.00
2018.04.30 05:32:07.427,1.19826,1.19839,1.95,1.00
2018.04.30 05:32:09.325,1.19826,1.19838,1.95,1.00
2018.04.30 05:32:12.151,1.19826,1.19839,2.70,1.00
2018.04.30 05:32:12.259,1.19825,1.19836,1.20,1.00
2018.04.30 05:32:12.570,1.19825,1.19838,1.00,1.12
2018.04.30 05:32:13.107,1.19826,1.19838,1.00,1.12
2018.04.30 05:32:13.379,1.19824,1.19838,1.12,1.12
2018.04.30 05:32:14.002,1.19825,1.19838,1.00,1.12
2018.04.30 05:32:14.105,1.19827,1.19839,1.00,1.87
2018.04.30 05:32:17.192,1.19825,1.1984,2.62,1.95
2018.04.30 05:32:17.734,1.19824,1.1984,3.37,3.45
2018.04.30 05:32:21.137,1.19826,1.19839,1.00,1.12
2018.04.30 05:32:21.692,1.19825,1.19839,1.20,1.12
2018.04.30 05:32:32.089,1.19826,1.1984,1.00,1.87
2018.04.30 05:32:42.297,1.19826,1.1984,1.12,1.12
2018.04.30 05:32:45.861,1.19828,1.19841,1.00,3.45
2018.04.30 05:32:46.393,1.19829,1.19841,1.00,1.12
2018.04.30 05:32:48.106,1.19831,1.19842,1.95,1.00
2018.04.30 05:32:48.220,1.19834,1.19846,1.00,1.12
2018.04.30 05:32:48.813,1.19835,1.19845,1.00,1.00
2018.04.30 05:32:49.220,1.19834,1.19842,1.00,1.00
2018.04.30 05:32:50.146,1.19834,1.19841,1.00,1.00
2018.04.30 05:32:56.456,1.19834,1.19842,1.00,1.00
2018.04.30 05:32:58.062,1.19833,1.19842,1.00,1.00
2018.04.30 05:33:00.298,1.19834,1.19842,1.00,1.00
2018.04.30 05:33:02.105,1.19833,1.19842,1.00,1.00
2018.04.30 05:33:02.711,1.19834,1.19842,1.00,1.00
2018.04.30 05:33:08.600,1.19834,1.19844,1.00,1.00
2018.04.30 05:33:09.791,1.19833,1.19844,1.00,1.00
2018.04.30 05:33:15.100,1.19834,1.19844,1.00,1.00
2018.04.30 05:33:20.462,1.19834,1.19845,1.00,1.12
2018.04.30 05:33:21.486,1.19834,1.19844,1.00,1.00
2018.04.30 05:33:21.997,1.19833,1.19844,1.00,1.00
2018.04.30 05:33:25.293,1.19834,1.19844,1.00,1.00
2018.04.30 05:33:25.500,1.19834,1.19846,1.00,1.00
2018.04.30 05:33:32.813,1.19834,1.19847,1.00,2.70
2018.04.30 05:33:33.506,1.19834,1.19846,1.00,1.00
2018.04.30 05:34:06.766,1.19835,1.19846,1.00,1.00
2018.04.30 05:34:10.768,1.19835,1.19847,1.00,1.95
2018.04.30 05:34:17.312,1.19836,1.19848,1.00,1.95
2018.04.30 05:34:17.658,1.19833,1.19848,1.87,3.45
2018.04.30 05:34:24.992,1.19833,1.19845,1.12,1.00
2018.04.30 05:34:25.606,1.19834,1.19845,1.00,1.00
2018.04.30 05:34:26.410,1.19834,1.19847,1.00,1.12
2018.04.30 05:34:26.945,1.19835,1.19848,1.50,1.12
2018.04.30 05:34:27.542,1.19835,1.19847,1.00,1.00
2018.04.30 05:34:28.064,1.19835,1.19846,1.00,1.00
2018.04.30 05:34:35.396,1.19835,1.19848,1.00,1.95
2018.04.30 05:34:37.858,1.19835,1.19846,1.12,1.00
2018.04.30 05:34:37.978,1.19835,1.19849,1.31,3.37
2018.04.30 05:34:39.056,1.19835,1.19849,4.31,3.00
2018.04.30 05:34:47.350,1.19835,1.1985,7.01,1.87
2018.04.30 05:34:47.610,1.19834,1.19846,2.89,1.00
2018.04.30 05:34:48.819,1.19833,1.19846,3.94,1.00
2018.04.30 05:34:49.514,1.19834,1.19847,1.12,1.00
2018.04.30 05:34:50.017,1.19835,1.19847,1.00,1.00
2018.04.30 05:34:52.011,1.19834,1.19848,2.06,1.95
2018.04.30 05:34:52.452,1.19834,1.19845,1.12,1.00
2018.04.30 05:34:54.217,1.19834,1.19846,1.12,1.00
2018.04.30 05:34:56.122,1.19834,1.19847,1.12,1.00
2018.04.30 05:34:56.642,1.19834,1.19848,2.62,1.50
2018.04.30 05:34:57.444,1.19835,1.19849,1.12,3.45
2018.04.30 05:34:57.756,1.19834,1.19846,2.62,1.00
2018.04.30 05:34:57.809,1.19834,1.19848,2.62,1.10
2018.04.30 05:34:58.173,1.19834,1.19845,1.37,1.00
2018.04.30 05:34:58.691,1.19834,1.19846,1.12,1.00
2018.04.30 05:34:59.130,1.19834,1.19844,1.12,1.00
2018.04.30 05:35:00.081,1.19835,1.19845,1.00,1.00
2018.04.30 05:35:00.423,1.19835,1.19847,1.00,1.00
2018.04.30 05:35:00.958,1.19837,1.19848,1.12,1.00
2018.04.30 05:35:01.215,1.19838,1.19851,1.00,2.62
2018.04.30 05:35:02.601,1.19838,1.1985,1.12,1.00
2018.04.30 05:35:03.467,1.19837,1.19849,4.87,1.00
2018.04.30 05:35:09.896,1.19839,1.19848,1.00,1.00
2018.04.30 05:35:09.974,1.19837,1.19848,1.12,1.00
2018.04.30 05:35:10.032,1.19836,1.19845,1.87,1.00
2018.04.30 05:35:10.290,1.19835,1.19845,1.12,1.00
2018.04.30 05:35:11.834,1.19834,1.19844,1.87,1.00
2018.04.30 05:35:16.547,1.19833,1.19843,3.45,1.00
2018.04.30 05:35:16.806,1.19834,1.19845,1.12,1.00
2018.04.30 05:35:17.074,1.19836,1.19844,1.00,1.00
2018.04.30 05:35:17.621,1.19836,1.19845,1.00,1.00
2018.04.30 05:35:19.235,1.19835,1.19846,1.12,1.00
2018.04.30 05:35:24.254,1.19836,1.19846,1.12,1.00
2018.04.30 05:35:29.209,1.19835,1.19845,1.12,1.00
2018.04.30 05:35:29.741,1.19834,1.19844,1.12,1.00
2018.04.30 05:35:30.297,1.19833,1.19845,4.12,1.00
2018.04.30 05:35:32.864,1.19835,1.19845,1.00,1.00
2018.04.30 05:35:33.492,1.19834,1.19845,1.12,1.00
2018.04.30 05:35:34.170,1.19835,1.19845,1.00,1.00
2018.04.30 05:35:35.498,1.19834,1.19847,2.62,1.00
2018.04.30 05:35:35.709,1.19836,1.19847,1.95,1.00
2018.04.30 05:35:36.229,1.19837,1.19846,1.12,1.00
2018.04.30 05:35:39.334,1.19836,1.19845,1.87,1.00
2018.04.30 05:35:39.438,1.19836,1.19849,1.87,1.00
2018.04.30 05:35:40.097,1.19837,1.1985,1.12,1.00
2018.04.30 05:35:45.792,1.19837,1.19851,2.62,1.12
2018.04.30 05:35:52.344,1.19837,1.19846,1.87,1.00
2018.04.30 05:35:52.502,1.19834,1.19846,2.70,1.00
2018.04.30 05:35:56.101,1.19834,1.19843,1.37,1.00
2018.04.30 05:35:57.249,1.19834,1.19845,2.62,1.00
2018.04.30 05:35:57.420,1.19836,1.19849,1.87,1.50
2018.04.30 05:35:57.957,1.19837,1.1985,1.87,1.00
2018.04.30 05:36:03.235,1.19834,1.19845,2.62,1.00
2018.04.30 05:36:04.175,1.19834,1.19845,1.12,1.00
2018.04.30 05:36:04.685,1.19833,1.19844,4.95,1.00
2018.04.30 05:36:07.180,1.19834,1.19845,1.12,1.00
2018.04.30 05:36:09.200,1.19834,1.19846,1.12,1.50
2018.04.30 05:36:15.680,1.19835,1.19846,1.00,1.50
2018.04.30 05:36:29.056,1.19834,1.19846,1.12,1.00
2018.04.30 05:36:29.665,1.19835,1.19846,1.00,1.00
2018.04.30 05:36:44.649,1.19834,1.19846,1.12,1.00
2018.04.30 05:36:45.309,1.19834,1.19845,1.12,1.00
2018.04.30 05:36:56.302,1.19833,1.19843,3.45,1.00
2018.04.30 05:36:57.286,1.19833,1.19842,1.87,1.00
2018.04.30 05:36:59.175,1.19832,1.19842,4.39,1.00
2018.04.30 05:37:00.158,1.19832,1.19841,2.62,1.00
2018.04.30 05:37:00.699,1.19831,1.19841,1.87,1.00
2018.04.30 05:37:03.811,1.19831,1.19842,1.87,1.00
2018.04.30 05:37:08.673,1.19831,1.19843,1.87,1.00
2018.04.30 05:37:09.662,1.19831,1.19841,1.87,1.00
2018.04.30 05:37:09.715,1.19831,1.19844,1.37,1.50
2018.04.30 05:37:11.554,1.1983,1.19841,1.37,1.00
2018.04.30 05:37:11.610,1.19829,1.19842,1.20,1.00
2018.04.30 05:37:12.691,1.19829,1.19841,1.20,1.00
2018.04.30 05:37:12.848,1.1983,1.19841,4.87,1.00
2018.04.30 05:37:12.952,1.1983,1.19843,5.89,1.00
2018.04.30 05:37:21.757,1.19831,1.19842,1.12,1.00
2018.04.30 05:37:22.468,1.1983,1.19841,1.37,1.00
2018.04.30 05:37:28.742,1.1983,1.19842,1.37,1.00
2018.04.30 05:37:30.770,1.19829,1.19841,1.00,1.87
2018.04.30 05:37:30.981,1.19827,1.19839,1.50,1.00
2018.04.30 05:37:36.638,1.19826,1.19839,1.12,1.50
2018.04.30 05:37:37.678,1.19826,1.19837,1.12,1.00
2018.04.30 05:37:38.911,1.19824,1.19837,2.89,1.00
2018.04.30 05:37:49.443,1.19825,1.19839,2.89,1.87
2018.04.30 05:37:49.966,1.19826,1.19839,1.20,2.25
2018.04.30 05:37:50.779,1.19826,1.19838,1.12,1.00
2018.04.30 05:37:51.293,1.19825,1.19837,1.20,1.00
2018.04.30 05:37:57.931,1.19826,1.19837,1.00,1.00
2018.04.30 05:37:59.115,1.19826,1.19839,1.00,1.87
2018.04.30 05:37:59.316,1.19829,1.19839,1.00,1.00
2018.04.30 05:37:59.855,1.1983,1.19839,1.00,1.00
2018.04.30 05:38:00.376,1.19831,1.19839,1.00,1.00
2018.04.30 05:38:02.597,1.19829,1.1984,1.00,1.00
2018.04.30 05:38:03.100,1.19828,1.1984,1.50,1.50
2018.04.30 05:38:05.974,1.19828,1.19841,2.10,2.47
2018.04.30 05:38:12.825,1.19826,1.19839,2.70,1.50
2018.04.30 05:38:13.157,1.19825,1.19837,1.12,1.00
2018.04.30 05:38:13.697,1.19825,1.19838,1.12,1.00
2018.04.30 05:38:15.206,1.19825,1.19839,1.87,2.62
2018.04.30 05:38:15.520,1.19827,1.19839,1.00,1.00
2018.04.30 05:38:17.126,1.19827,1.1984,1.00,1.87
2018.04.30 05:38:17.625,1.19829,1.1984,1.12,1.00
2018.04.30 05:38:17.782,1.1983,1.19842,1.00,1.50
2018.04.30 05:38:19.942,1.19829,1.19841,1.95,1.00
2018.04.30 05:38:20.485,1.19829,1.1984,1.95,1.00
2018.04.30 05:38:21.953,1.19829,1.19842,1.95,1.00
2018.04.30 05:38:22.161,1.19832,1.19842,1.00,1.00
2018.04.30 05:38:28.187,1.19831,1.19842,1.12,1.00
2018.04.30 05:38:28.692,1.19831,1.19843,1.12,1.00
2018.04.30 05:38:34.488,1.1983,1.19839,1.47,1.00
2018.04.30 05:38:34.592,1.19827,1.19838,1.95,1.00
2018.04.30 05:38:34.925,1.19824,1.19836,1.57,1.50
2018.04.30 05:38:34.977,1.1982,1.19833,1.57,1.00
2018.04.30 05:38:35.029,1.1982,1.19833,1.12,1.50
2018.04.30 05:38:38.399,1.19819,1.19833,2.14,3.37
2018.04.30 05:38:38.900,1.19819,1.19831,2.14,1.00
2018.04.30 05:38:40.069,1.19819,1.19832,2.06,1.00
2018.04.30 05:38:43.963,1.19819,1.19831,2.14,1.00
2018.04.30 05:38:44.761,1.19819,1.1983,2.89,1.00
2018.04.30 05:38:45.285,1.19819,1.19832,1.62,1.50
2018.04.30 05:38:45.339,1.19826,1.19837,1.00,1.87
2018.04.30 05:38:45.446,1.19826,1.19838,1.00,1.00
2018.04.30 05:38:45.968,1.19825,1.19838,4.01,1.00
2018.04.30 05:38:51.001,1.19827,1.19838,1.00,1.50
2018.04.30 05:38:51.209,1.19822,1.19834,1.00,1.50
2018.04.30 05:38:51.891,1.19822,1.19833,1.00,1.00
2018.04.30 05:38:59.621,1.1982,1.19833,1.95,1.50
2018.04.30 05:39:00.327,1.1982,1.19832,1.87,1.00
2018.04.30 05:39:04.196,1.1982,1.19832,1.12,1.00
2018.04.30 05:39:07.442,1.1982,1.19833,1.39,1.50
2018.04.30 05:39:08.016,1.1982,1.19833,2.14,1.00
2018.04.30 05:39:10.349,1.19821,1.19834,1.20,1.00
2018.04.30 05:39:13.930,1.19821,1.19832,1.20,1.00
2018.04.30 05:39:14.080,1.19821,1.19834,1.12,1.00
2018.04.30 05:39:14.583,1.19822,1.19834,1.00,1.00
2018.04.30 05:39:15.317,1.19821,1.19834,1.87,1.00
2018.04.30 05:39:29.290,1.19821,1.19835,2.70,1.87
2018.04.30 05:39:40.250,1.19822,1.19835,1.50,1.12
2018.04.30 05:39:50.029,1.19826,1.19836,1.00,1.00
2018.04.30 05:39:50.083,1.19826,1.19838,1.00,2.44
2018.04.30 05:39:50.447,1.19826,1.19836,1.00,1.00
2018.04.30 05:39:50.976,1.19825,1.19836,1.87,1.00
2018.04.30 05:39:51.511,1.19826,1.19836,1.00,1.00
2018.04.30 05:39:51.665,1.19823,1.19835,2.70,1.00
2018.04.30 05:39:52.172,1.19824,1.19835,1.00,1.00
2018.04.30 05:39:54.363,1.19825,1.19838,1.00,1.37
2018.04.30 05:39:56.915,1.19825,1.19839,2.06,1.12
2018.04.30 05:40:00.176,1.19827,1.19841,2.62,2.62
2018.04.30 05:40:00.701,1.19826,1.1984,1.87,1.50
2018.04.30 05:40:05.113,1.19826,1.19839,1.87,1.00
2018.04.30 05:40:05.217,1.19825,1.19839,1.95,1.12
2018.04.30 05:40:06.966,1.19827,1.1984,1.10,1.87
2018.04.30 05:40:07.307,1.19825,1.19838,3.64,1.00
2018.04.30 05:40:09.869,1.19826,1.19839,1.12,1.00
2018.04.30 05:40:10.184,1.19823,1.19836,4.01,1.00
2018.04.30 05:40:10.719,1.19823,1.19836,2.14,1.50
2018.04.30 05:40:11.058,1.19822,1.19834,1.20,1.00
2018.04.30 05:40:16.036,1.19822,1.19835,1.12,1.50
2018.04.30 05:40:16.462,1.19823,1.19837,2.81,1.87
2018.04.30 05:40:16.618,1.19825,1.19839,1.12,1.87
2018.04.30 05:40:25.371,1.19827,1.19841,1.50,3.37
2018.04.30 05:40:28.391,1.19827,1.19839,1.76,1.00
2018.04.30 05:40:29.105,1.19828,1.19839,1.31,1.00
2018.04.30 05:40:29.538,1.19827,1.19837,1.50,1.00
2018.04.30 05:40:30.076,1.19826,1.19837,1.20,1.00
2018.04.30 05:40:31.796,1.19826,1.1984,1.20,1.12
2018.04.30 05:40:33.188,1.19827,1.19839,2.14,1.00
2018.04.30 05:40:40.515,1.19828,1.1984,1.12,1.00
2018.04.30 05:40:45.583,1.19827,1.19839,2.62,1.00
2018.04.30 05:40:46.118,1.19827,1.19839,1.12,1.00
2018.04.30 05:40:46.763,1.19826,1.19838,1.00,1.00
2018.04.30 05:40:47.279,1.19825,1.19839,1.95,2.62
2018.04.30 05:40:47.629,1.19823,1.19837,2.70,1.00
2018.04.30 05:41:05.159,1.19823,1.19836,1.95,1.00
2018.04.30 05:41:05.522,1.19825,1.19838,1.12,1.00
2018.04.30 05:41:06.095,1.19825,1.19839,2.89,1.12
2018.04.30 05:41:06.875,1.19827,1.19841,3.56,1.00
2018.04.30 05:41:07.393,1.19828,1.19841,2.14,1.00
2018.04.30 05:41:08.329,1.19828,1.19839,1.87,1.00
2018.04.30 05:41:09.105,1.19827,1.19839,2.62,1.00
2018.04.30 05:41:10.201,1.19828,1.19841,1.12,1.50
2018.04.30 05:41:10.732,1.19827,1.1984,2.62,1.00
2018.04.30 05:41:13.227,1.19827,1.19839,1.87,1.00
2018.04.30 05:41:14.814,1.19827,1.1984,1.87,1.50
2018.04.30 05:41:16.582,1.19826,1.19839,2.70,2.25
2018.04.30 05:41:17.132,1.19826,1.1984,1.12,1.87
2018.04.30 05:41:17.648,1.19825,1.19839,1.95,1.00
2018.04.30 05:41:18.462,1.19825,1.19837,1.95,1.00
2018.04.30 05:41:18.569,1.19824,1.19837,1.20,1.00
2018.04.30 05:41:18.831,1.19826,1.1984,1.20,1.87
2018.04.30 05:41:19.409,1.19826,1.1984,2.14,1.50
2018.04.30 05:41:21.752,1.19826,1.19839,3.45,1.00
2018.04.30 05:41:24.586,1.19828,1.1984,1.12,1.00
2018.04.30 05:41:25.123,1.19828,1.19841,1.31,1.50
2018.04.30 05:41:26.316,1.19829,1.19843,2.81,1.87
2018.04.30 05:41:26.377,1.19831,1.19843,1.00,1.87
2018.04.30 05:41:26.488,1.19832,1.19845,1.00,1.12
2018.04.30 05:41:27.058,1.19833,1.19846,1.87,1.00
2018.04.30 05:41:27.571,1.19833,1.19847,1.87,3.00
2018.04.30 05:41:28.475,1.19834,1.19848,1.87,1.87
2018.04.30 05:41:32.665,1.19835,1.19848,1.00,1.12
2018.04.30 05:41:34.756,1.19836,1.19848,1.12,1.00
2018.04.30 05:41:35.124,1.19834,1.19846,2.32,1.00
2018.04.30 05:41:35.177,1.19833,1.19846,2.70,1.00
2018.04.30 05:41:35.915,1.19833,1.19846,1.12,1.00
2018.04.30 05:41:36.571,1.19833,1.19845,1.12,1.00
2018.04.30 05:41:40.236,1.19832,1.19844,1.45,1.00
2018.04.30 05:41:53.217,1.19833,1.19844,3.07,1.00
2018.04.30 05:41:53.762,1.19835,1.19844,1.00,1.00
2018.04.30 05:41:54.506,1.19836,1.19844,1.50,1.00
2018.04.30 05:41:55.010,1.19834,1.19844,2.70,1.00
2018.04.30 05:41:57.019,1.19834,1.19847,2.70,1.00
2018.04.30 05:41:58.212,1.19834,1.19846,1.95,1.00
2018.04.30 05:41:59.133,1.19834,1.19848,3.64,1.50
2018.04.30 05:42:04.797,1.19835,1.19849,1.95,2.62
2018.04.30 05:42:11.620,1.19835,1.19848,1.20,1.00
2018.04.30 05:42:12.468,1.19836,1.19848,1.00,1.00
2018.04.30 05:42:15.508,1.19836,1.19847,1.00,1.00
2018.04.30 05:42:16.022,1.19834,1.19847,1.37,1.50
2018.04.30 05:42:16.745,1.19833,1.19847,2.70,1.50
2018.04.30 05:42:16.850,1.19833,1.19845,1.45,1.50
2018.04.30 05:42:17.559,1.19833,1.19846,1.95,1.50
2018.04.30 05:42:18.085,1.19833,1.19847,3.45,2.25
2018.04.30 05:42:23.473,1.19832,1.19846,3.82,1.87
2018.04.30 05:42:23.792,1.1983,1.19844,5.32,1.50
2018.04.30 05:42:24.315,1.1983,1.19844,2.70,2.62
2018.04.30 05:42:24.929,1.1983,1.19843,2.70,1.00
2018.04.30 05:42:27.554,1.19831,1.19844,1.00,1.87
2018.04.30 05:42:28.163,1.19831,1.19845,2.89,1.87
2018.04.30 05:42:36.552,1.19835,1.19847,1.00,1.12
2018.04.30 05:42:38.993,1.19834,1.19848,2.70,1.50
2018.04.30 05:42:39.509,1.19836,1.19848,1.00,1.50
2018.04.30 05:42:40.016,1.19837,1.19848,1.00,1.00
2018.04.30 05:42:40.276,1.19839,1.19851,1.50,1.87
2018.04.30 05:42:40.930,1.1984,1.1985,1.00,1.00
2018.04.30 05:42:41.491,1.19841,1.1985,1.00,1.00
2018.04.30 05:42:42.035,1.1984,1.19851,1.00,1.00
2018.04.30 05:42:46.809,1.19841,1.19851,1.00,1.00
2018.04.30 05:42:47.067,1.19841,1.19849,1.00,1.00
2018.04.30 05:42:47.396,1.19841,1.19851,1.00,1.00
2018.04.30 05:42:47.942,1.19841,1.1985,1.00,1.00
2018.04.30 05:43:00.196,1.1984,1.1985,1.00,1.00
2018.04.30 05:43:00.710,1.19841,1.1985,1.00,1.00
2018.04.30 05:43:01.098,1.19841,1.19852,1.00,1.50
2018.04.30 05:43:04.579,1.19841,1.19851,1.00,1.50
2018.04.30 05:43:05.109,1.1984,1.19851,1.00,1.00
2018.04.30 05:43:09.884,1.1984,1.19849,1.00,1.00
2018.04.30 05:43:10.244,1.19839,1.19851,1.00,1.50
2018.04.30 05:43:10.791,1.19839,1.1985,1.00,1.50
2018.04.30 05:43:20.920,1.19839,1.19851,1.10,1.50
2018.04.30 05:43:21.467,1.1984,1.19851,1.00,1.50
2018.04.30 05:43:22.080,1.19839,1.1985,1.00,1.00
2018.04.30 05:43:23.569,1.19839,1.19851,1.00,2.25
2018.04.30 05:43:24.145,1.19839,1.1985,1.00,1.00
2018.04.30 05:43:25.811,1.19839,1.19851,1.00,2.25
2018.04.30 05:43:30.032,1.19839,1.1985,1.00,1.00
2018.04.30 05:43:42.643,1.19839,1.19849,1.00,1.00
2018.04.30 05:43:48.596,1.19839,1.1985,1.00,1.50
2018.04.30 05:44:01.075,1.19839,1.19846,1.00,1.00
2018.04.30 05:44:01.333,1.19836,1.19846,2.81,1.00
2018.04.30 05:44:01.884,1.19836,1.19846,2.44,1.00
2018.04.30 05:44:02.783,1.19836,1.19846,2.44,1.00
2018.04.30 05:44:03.340,1.19835,1.19846,1.00,1.50
2018.04.30 05:44:13.108,1.19836,1.19846,1.00,1.50
2018.04.30 05:44:20.266,1.19835,1.19846,1.31,1.00
2018.04.30 05:44:28.340,1.19834,1.19846,1.10,1.50
2018.04.30 05:44:28.550,1.19832,1.19845,2.14,1.00
2018.04.30 05:44:29.154,1.19832,1.19845,2.14,1.00
2018.04.30 05:44:29.817,1.19832,1.19845,1.31,3.00
2018.04.30 05:44:36.465,1.19831,1.19844,2.14,1.50
2018.04.30 05:44:37.006,1.1983,1.19843,2.70,1.50
2018.04.30 05:44:37.516,1.19831,1.19843,1.39,1.00
2018.04.30 05:44:38.266,1.19831,1.19843,1.39,1.00
2018.04.30 05:44:41.800,1.19831,1.19842,1.12,1.00
2018.04.30 05:44:42.614,1.19831,1.19841,1.00,1.50
2018.04.30 05:44:42.666,1.19829,1.19841,1.12,1.00
2018.04.30 05:44:43.356,1.19829,1.19841,2.06,1.00
2018.04.30 05:44:44.131,1.19829,1.19841,1.31,1.00
2018.04.30 05:44:45.125,1.19829,1.1984,1.12,1.00
2018.04.30 05:44:47.717,1.1983,1.19841,1.00,2.25
2018.04.30 05:44:48.256,1.19831,1.19841,1.00,1.00
2018.04.30 05:44:50.401,1.1983,1.19841,1.00,1.00
2018.04.30 05:44:51.198,1.19829,1.19841,2.06,1.00
2018.04.30 05:45:00.521,1.1983,1.19841,1.00,1.50
2018.04.30 05:45:01.163,1.1983,1.1984,1.00,1.50
2018.04.30 05:45:02.386,1.19828,1.1984,1.00,1.50
2018.04.30 05:45:02.593,1.19826,1.19838,1.20,1.50
2018.04.30 05:45:02.898,1.19822,1.19835,1.20,1.00
2018.04.30 05:45:03.560,1.19822,1.19835,2.14,1.00
2018.04.30 05:45:04.482,1.19824,1.19836,1.00,1.50
2018.04.30 05:45:05.015,1.19824,1.19836,3.83,1.00
2018.04.30 05:45:05.224,1.19825,1.19834,1.00,1.00
2018.04.30 05:45:05.445,1.19823,1.19835,1.39,1.00
2018.04.30 05:45:06.201,1.19824,1.19835,1.00,1.00
2018.04.30 05:45:06.991,1.19823,1.19835,1.31,1.00
2018.04.30 05:45:11.448,1.19823,1.19834,1.31,1.00
2018.04.30 05:45:12.515,1.19822,1.19835,2.33,1.50
2018.04.30 05:45:12.733,1.19822,1.19833,1.66,1.00
2018.04.30 05:45:14.785,1.19822,1.19832,1.31,1.00
2018.04.30 05:45:15.100,1.19826,1.19837,1.00,1.00
2018.04.30 05:45:15.618,1.19824,1.19837,5.51,1.50
2018.04.30 05:45:18.679,1.19825,1.19838,2.33,1.50
2018.04.30 05:45:20.841,1.19827,1.19837,1.00,1.00
2018.04.30 05:45:21.384,1.19827,1.19838,1.01,1.00
2018.04.30 05:45:23.119,1.19827,1.19838,1.39,1.00
2018.04.30 05:45:23.488,1.19829,1.19841,2.51,1.00
2018.04.30 05:45:23.620,1.1983,1.19843,1.20,1.50
2018.04.30 05:45:24.138,1.19831,1.19842,1.00,1.00
2018.04.30 05:45:24.737,1.19831,1.19841,1.00,1.00
2018.04.30 05:45:25.551,1.19829,1.19841,3.64,1.00
2018.04.30 05:45:29.066,1.19829,1.19842,3.64,1.00
2018.04.30 05:45:29.717,1.1983,1.19842,1.39,1.50
2018.04.30 05:45:30.231,1.1983,1.19842,1.39,1.50
2018.04.30 05:45:40.599,1.19831,1.19843,1.00,1.00
2018.04.30 05:45:43.111,1.1983,1.19843,1.95,1.00
2018.04.30 05:45:43.944,1.1983,1.19841,1.12,1.00
2018.04.30 05:45:49.223,1.19829,1.1984,1.95,1.00
2018.04.30 05:45:53.938,1.19829,1.19839,1.37,1.00
2018.04.30 05:45:54.150,1.19825,1.19836,1.00,1.00
2018.04.30 05:45:54.462,1.19827,1.19836,1.00,1.00
2018.04.30 05:45:54.993,1.19827,1.19837,1.00,1.50
2018.04.30 05:45:55.581,1.19828,1.19837,1.00,1.50
2018.04.30 05:45:57.213,1.19826,1.19837,1.00,1.50
2018.04.30 05:45:58.879,1.19827,1.19837,1.00,1.50
2018.04.30 05:45:59.481,1.19826,1.19837,1.00,1.50
2018.04.30 05:46:07.566,1.19827,1.19837,1.00,1.50
2018.04.30 05:46:07.619,1.19824,1.19835,2.62,1.00
2018.04.30 05:46:17.501,1.19824,1.19836,1.00,1.50
2018.04.30 05:46:18.108,1.19825,1.19836,1.00,1.50
2018.04.30 05:46:18.707,1.19826,1.19836,1.00,1.00
2018.04.30 05:46:28.641,1.19824,1.19834,1.00,1.00
2018.04.30 05:46:28.745,1.19824,1.19837,1.69,1.87
2018.04.30 05:46:28.798,1.19824,1.19834,1.69,1.00
2018.04.30 05:46:29.161,1.19827,1.19834,1.00,1.00
2018.04.30 05:46:29.305,1.19824,1.19834,1.31,1.00
2018.04.30 05:46:35.496,1.19824,1.19834,1.39,1.00
2018.04.30 05:46:36.012,1.19824,1.19834,1.39,1.00
2018.04.30 05:46:40.329,1.19824,1.19834,2.14,1.00
2018.04.30 05:46:47.646,1.19824,1.19834,2.14,1.00
2018.04.30 05:46:51.995,1.19825,1.19834,1.25,1.00
2018.04.30 05:46:52.047,1.19825,1.19836,1.69,1.00
2018.04.30 05:46:52.175,1.19829,1.19838,1.00,1.00
2018.04.30 05:46:52.693,1.19827,1.19838,3.64,1.00
2018.04.30 05:46:53.049,1.1983,1.19838,1.00,1.00
2018.04.30 05:46:55.104,1.19828,1.19838,1.87,1.00
2018.04.30 05:46:57.271,1.19829,1.19838,1.87,1.00
2018.04.30 05:46:59.512,1.1983,1.19838,1.00,1.00
2018.04.30 05:47:16.338,1.19831,1.19838,1.00,1.00
2018.04.30 05:47:27.701,1.19829,1.19838,1.87,1.00
2018.04.30 05:47:33.684,1.1983,1.19839,1.87,1.00
2018.04.30 05:47:33.747,1.19831,1.19843,1.31,1.57
2018.04.30 05:47:33.801,1.19832,1.1984,1.12,1.00
2018.04.30 05:47:34.342,1.19833,1.1984,1.00,1.00
2018.04.30 05:47:35.350,1.1983,1.1984,3.00,1.00
2018.04.30 05:47:35.950,1.1983,1.1984,1.12,1.00
2018.04.30 05:47:36.508,1.1983,1.19838,1.12,1.00
2018.04.30 05:47:38.901,1.19829,1.19837,1.12,1.00
2018.04.30 05:47:39.590,1.19829,1.19835,1.00,1.00
2018.04.30 05:47:44.988,1.19827,1.19834,1.31,1.00
2018.04.30 05:47:50.667,1.19826,1.19831,1.00,1.00
2018.04.30 05:47:50.720,1.19825,1.19836,3.45,1.00
2018.04.30 05:47:54.926,1.19827,1.19836,1.00,1.00
2018.04.30 05:47:57.491,1.19829,1.19839,1.00,1.50
2018.04.30 05:47:57.544,1.19829,1.19835,1.00,1.00
2018.04.30 05:47:59.156,1.19827,1.19836,1.31,1.00
2018.04.30 05:48:00.457,1.19828,1.19836,1.00,1.00
2018.04.30 05:48:00.958,1.19827,1.19836,1.00,1.00
2018.04.30 05:48:01.459,1.19828,1.19836,1.00,1.00
2018.04.30 05:48:01.511,1.19826,1.19836,1.50,1.00
2018.04.30 05:48:03.065,1.19826,1.19834,1.50,1.00
2018.04.30 05:48:12.834,1.19827,1.19836,1.87,1.00
2018.04.30 05:48:12.887,1.1983,1.19837,1.00,1.00
2018.04.30 05:48:13.388,1.1983,1.19836,1.00,1.00
2018.04.30 05:48:13.892,1.19829,1.19836,1.00,1.00
2018.04.30 05:48:20.832,1.1983,1.19836,1.00,1.00
2018.04.30 05:48:22.460,1.19827,1.19836,1.12,1.00
2018.04.30 05:48:23.444,1.19829,1.19836,1.00,1.00
2018.04.30 05:48:46.484,1.19831,1.19836,1.00,1.00
2018.04.30 05:48:54.411,1.19832,1.19838,1.00,1.00
2018.04.30 05:48:54.464,1.19829,1.19838,1.00,1.00
2018.04.30 05:48:54.516,1.19829,1.1984,1.00,1.00
2018.04.30 05:48:54.620,1.19832,1.19839,1.00,1.00
2018.04.30 05:48:55.855,1.1983,1.19839,1.00,1.00
2018.04.30 05:48:58.199,1.19831,1.19839,1.00,1.00
2018.04.30 05:48:58.709,1.1983,1.19839,1.25,1.00
2018.04.30 05:49:00.262,1.19829,1.19839,1.31,1.00
2018.04.30 05:49:00.378,1.19829,1.19837,1.00,1.00
2018.04.30 05:49:01.031,1.19828,1.19837,1.00,1.00
2018.04.30 05:49:06.946,1.19829,1.19837,1.00,1.00
2018.04.30 05:49:07.102,1.1983,1.19839,1.00,1.00
2018.04.30 05:49:11.050,1.19831,1.19839,1.00,1.00
2018.04.30 05:49:11.615,1.1983,1.19839,1.25,1.00
2018.04.30 05:49:12.377,1.1983,1.19839,2.06,1.00
2018.04.30 05:49:12.961,1.1983,1.19839,1.50,1.00
2018.04.30 05:49:17.176,1.19831,1.1984,1.87,1.00
2018.04.30 05:49:17.289,1.19833,1.1984,1.00,1.00
2018.04.30 05:49:17.393,1.19834,1.19842,1.00,1.00
2018.04.30 05:49:17.804,1.19835,1.19844,1.00,1.00
2018.04.30 05:49:28.600,1.19834,1.19842,1.12,1.00
2018.04.30 05:49:28.929,1.19833,1.1984,1.00,1.00
2018.04.30 05:49:28.983,1.19831,1.1984,1.12,1.00
2018.04.30 05:49:30.563,1.19832,1.1984,1.00,1.00
2018.04.30 05:49:32.626,1.19831,1.1984,1.12,1.00
2018.04.30 05:49:33.563,1.19832,1.1984,1.00,1.00
2018.04.30 05:49:33.755,1.19832,1.19842,2.62,1.00
2018.04.30 05:49:33.809,1.19835,1.19842,1.00,1.00
2018.04.30 05:49:49.271,1.19836,1.19842,1.00,1.00
2018.04.30 05:49:55.642,1.19835,1.19842,1.69,1.00
2018.04.30 05:50:04.902,1.19834,1.19842,1.87,1.00
2018.04.30 05:50:10.774,1.19837,1.19846,2.62,1.00
2018.04.30 05:50:10.826,1.19839,1.19849,1.00,1.57
2018.04.30 05:50:10.879,1.19839,1.19847,1.00,1.00
2018.04.30 05:50:10.983,1.19841,1.19851,1.00,1.00
2018.04.30 05:50:11.489,1.19841,1.19852,1.00,1.50
2018.04.30 05:50:11.991,1.19842,1.19853,1.00,1.00
2018.04.30 05:50:14.614,1.19842,1.19854,1.00,1.00
2018.04.30 05:50:20.633,1.19842,1.19855,1.00,3.22
2018.04.30 05:50:22.180,1.19843,1.19855,1.00,1.87
2018.04.30 05:50:23.179,1.19843,1.19854,1.00,1.00
2018.04.30 05:50:25.753,1.19842,1.19854,1.12,1.00
2018.04.30 05:50:28.099,1.19842,1.19855,1.87,1.50
2018.04.30 05:50:28.617,1.19843,1.19855,1.00,1.50
2018.04.30 05:50:41.729,1.19843,1.19854,1.00,1.00
2018.04.30 05:50:49.227,1.19843,1.19855,1.00,1.50
2018.04.30 05:50:54.820,1.19844,1.19856,1.00,2.32
2018.04.30 05:50:55.469,1.19843,1.19855,1.12,1.50
2018.04.30 05:50:56.848,1.19843,1.19856,1.12,1.50
2018.04.30 05:50:59.740,1.1984,1.1985,5.70,1.00
2018.04.30 05:50:59.803,1.1984,1.19852,1.87,1.00
2018.04.30 05:51:00.181,1.19842,1.19851,1.00,1.00
2018.04.30 05:51:00.287,1.19843,1.19853,1.00,1.00
2018.04.30 05:51:02.291,1.19844,1.19855,1.00,1.50
2018.04.30 05:51:02.847,1.19843,1.19855,1.50,1.50
2018.04.30 05:51:05.873,1.19844,1.19855,1.00,1.50
2018.04.30 05:51:07.097,1.19845,1.19855,1.00,1.00
2018.04.30 05:51:07.637,1.19846,1.19856,1.00,1.00
2018.04.30 05:51:08.183,1.19847,1.19856,1.00,1.00
2018.04.30 05:51:08.693,1.19845,1.19856,3.37,1.00
2018.04.30 05:51:15.216,1.19845,1.19856,1.12,1.00
2018.04.30 05:51:17.549,1.19844,1.19856,3.64,1.50
2018.04.30 05:51:17.728,1.19842,1.19853,1.95,1.00
2018.04.30 05:51:18.038,1.19842,1.1985,1.00,1.00
2018.04.30 05:51:19.532,1.19842,1.19849,1.00,1.00
2018.04.30 05:51:22.246,1.19839,1.19849,1.00,1.00
2018.04.30 05:51:24.717,1.19839,1.19847,1.00,1.00
2018.04.30 05:51:36.817,1.19838,1.19847,1.50,1.00
2018.04.30 05:51:40.888,1.19837,1.19844,1.00,1.00
2018.04.30 05:51:41.768,1.19835,1.19844,1.00,1.00
2018.04.30 05:51:42.698,1.19833,1.19844,2.06,1.00
2018.04.30 05:51:42.831,1.19833,1.19846,1.00,1.87
2018.04.30 05:51:43.647,1.19832,1.19846,2.14,1.87
2018.04.30 05:51:44.762,1.19833,1.19846,1.12,1.50
2018.04.30 05:51:44.867,1.19835,1.19848,1.00,1.12
2018.04.30 05:51:45.458,1.19836,1.19849,1.50,2.62
2018.04.30 05:51:47.267,1.19837,1.19849,1.00,1.12
2018.04.30 05:51:47.577,1.19839,1.19849,1.00,1.00
2018.04.30 05:51:49.652,1.19838,1.19849,1.50,1.00
2018.04.30 05:51:49.962,1.1984,1.19851,1.00,3.45
2018.04.30 05:51:50.014,1.19837,1.1985,2.62,1.00
2018.04.30 05:51:52.399,1.1984,1.19851,1.00,3.37
2018.04.30 05:51:52.731,1.1984,1.19848,1.50,1.00
2018.04.30 05:51:52.945,1.19841,1.1985,1.00,1.00
2018.04.30 05:51:55.014,1.19842,1.1985,1.00,1.00
2018.04.30 05:51:56.922,1.19841,1.1985,1.50,1.00
2018.04.30 05:51:58.282,1.19842,1.1985,1.00,1.00
2018.04.30 05:51:59.678,1.1984,1.1985,1.50,1.00
2018.04.30 05:51:59.836,1.1984,1.19848,1.00,1.00
2018.04.30 05:52:00.146,1.1984,1.19846,1.00,1.00
2018.04.30 05:52:00.710,1.19836,1.19846,2.62,1.00
2018.04.30 05:52:01.176,1.19834,1.19843,1.12,1.00
2018.04.30 05:52:01.490,1.19836,1.19846,1.69,1.00
2018.04.30 05:52:02.069,1.19838,1.19846,1.00,1.00
2018.04.30 05:52:02.172,1.19836,1.19846,2.44,1.00
2018.04.30 05:52:02.695,1.19837,1.19846,1.50,1.00
2018.04.30 05:52:04.498,1.19838,1.19846,1.00,1.00
2018.04.30 05:52:04.550,1.19838,1.19848,1.00,1.00
2018.04.30 05:52:13.898,1.19837,1.19848,1.69,1.00
2018.04.30 05:52:14.687,1.19838,1.19848,1.00,1.00
2018.04.30 05:52:20.429,1.19837,1.19848,2.62,1.00
2018.04.30 05:52:25.448,1.19838,1.19848,1.00,1.00
2018.04.30 05:52:27.806,1.19839,1.19848,1.50,1.00
2018.04.30 05:52:28.322,1.19838,1.19848,1.87,1.00
2018.04.30 05:52:33.714,1.19836,1.19846,1.20,1.00
2018.04.30 05:52:40.176,1.19838,1.19846,1.00,1.00
2018.04.30 05:52:40.539,1.19837,1.19848,1.00,1.00
2018.04.30 05:52:56.147,1.19836,1.19848,1.12,1.20
2018.04.30 05:53:00.375,1.19835,1.19846,1.12,1.00
2018.04.30 05:53:24.987,1.19834,1.19844,2.06,1.00
2018.04.30 05:53:25.619,1.19837,1.19848,2.25,1.00
2018.04.30 05:53:37.201,1.19838,1.19848,1.00,1.00
2018.04.30 05:53:42.369,1.19839,1.1985,1.12,1.00
2018.04.30 05:53:42.525,1.19841,1.1985,1.00,1.00
2018.04.30 05:53:42.779,1.19842,1.19852,1.00,1.00
2018.04.30 05:53:45.102,1.19843,1.19855,1.50,1.00
2018.04.30 05:53:45.654,1.19844,1.19856,1.50,1.00
2018.04.30 05:53:47.721,1.19843,1.19855,2.62,1.00
2018.04.30 05:53:47.878,1.19845,1.19856,1.00,1.00
2018.04.30 05:53:48.788,1.19844,1.19854,1.00,1.00
2018.04.30 05:53:49.328,1.19844,1.19855,1.00,1.00
2018.04.30 05:53:49.830,1.19842,1.19855,2.70,1.50
2018.04.30 05:53:50.144,1.19844,1.19855,1.00,1.00
2018.04.30 05:53:51.131,1.19843,1.19854,2.32,1.00
2018.04.30 05:53:51.651,1.19844,1.19855,1.00,1.00
2018.04.30 05:54:00.370,1.19842,1.19854,3.07,1.00
2018.04.30 05:54:01.817,1.19846,1.19854,1.00,1.00
2018.04.30 05:54:01.868,1.19843,1.19856,1.00,4.20
2018.04.30 05:54:02.023,1.19842,1.19853,1.00,1.00
2018.04.30 05:54:03.081,1.19843,1.19853,1.00,1.00
2018.04.30 05:54:04.305,1.19842,1.19853,1.87,1.00
2018.04.30 05:54:04.615,1.19842,1.19851,1.00,1.00
2018.04.30 05:54:05.295,1.19841,1.19851,1.12,1.00
2018.04.30 05:54:08.221,1.19844,1.19853,1.00,1.00
2018.04.30 05:54:08.274,1.19845,1.19855,1.00,1.57
2018.04.30 05:54:08.826,1.19844,1.19855,1.12,1.50
2018.04.30 05:54:09.862,1.19842,1.19853,1.12,1.00
2018.04.30 05:54:10.480,1.1984,1.19852,2.62,1.00
2018.04.30 05:54:11.702,1.19838,1.19847,1.20,1.00
2018.04.30 05:54:11.754,1.19837,1.19849,1.12,1.50
2018.04.30 05:54:12.395,1.19837,1.19848,1.00,1.00
2018.04.30 05:54:13.119,1.19837,1.19849,1.00,1.00
2018.04.30 05:54:14.262,1.19836,1.1985,2.62,3.07
2018.04.30 05:54:14.314,1.19836,1.19847,1.00,1.00
2018.04.30 05:54:14.417,1.19835,1.19849,1.87,3.45
2018.04.30 05:54:14.621,1.19835,1.19847,1.12,1.00
2018.04.30 05:54:15.041,1.19834,1.19843,1.00,1.00
2018.04.30 05:54:15.255,1.19835,1.19845,1.00,1.00
2018.04.30 05:54:15.797,1.19834,1.19845,1.00,1.00
2018.04.30 05:54:16.911,1.19834,1.19847,1.50,2.70
2018.04.30 05:54:17.121,1.19836,1.19848,1.00,1.57
2018.04.30 05:54:17.431,1.19839,1.19851,1.00,2.25
2018.04.30 05:54:22.507,1.19838,1.19849,1.00,1.12
2018.04.30 05:54:22.720,1.19836,1.19848,1.00,1.00
2018.04.30 05:54:23.264,1.19836,1.19849,1.00,3.45
2018.04.30 05:54:26.355,1.19834,1.19847,1.12,1.00
2018.04.30 05:54:27.041,1.19834,1.19848,1.87,1.95
2018.04.30 05:54:28.535,1.19837,1.19849,1.00,1.20
2018.04.30 05:54:29.072,1.19838,1.1985,1.87,1.00
2018.04.30 05:54:33.966,1.19837,1.19847,2.62,1.00
2018.04.30 05:54:34.341,1.19837,1.19845,2.62,1.00
2018.04.30 05:54:34.645,1.19837,1.19847,2.62,1.00
2018.04.30 05:54:36.825,1.19839,1.19849,1.00,1.00
2018.04.30 05:54:36.878,1.19839,1.19847,1.00,1.00
2018.04.30 05:54:42.423,1.19839,1.19849,1.00,1.00
2018.04.30 05:54:45.678,1.19839,1.19848,1.12,1.00
2018.04.30 05:54:50.869,1.1984,1.19849,1.00,1.00
2018.04.30 05:54:50.973,1.19844,1.19852,1.00,1.00
2018.04.30 05:54:51.186,1.19841,1.19851,1.00,1.00
2018.04.30 05:54:51.710,1.19841,1.1985,1.00,1.00
2018.04.30 05:54:51.865,1.19839,1.1985,1.12,1.00
2018.04.30 05:54:52.191,1.19838,1.19848,2.70,1.00
2018.04.30 05:54:52.715,1.19838,1.19847,1.87,1.00
2018.04.30 05:54:55.752,1.19837,1.19845,1.00,1.00
2018.04.30 05:54:56.222,1.19835,1.19845,1.00,1.00
2018.04.30 05:54:56.305,1.19833,1.19843,1.12,1.00
2018.04.30 05:54:56.851,1.19834,1.19842,1.00,1.00
2018.04.30 05:54:58.767,1.19834,1.19841,1.00,1.00
2018.04.30 05:54:59.437,1.19834,1.19843,1.00,1.00
2018.04.30 05:54:59.490,1.19836,1.19843,1.50,1.00
2018.04.30 05:55:00.556,1.19838,1.19847,1.00,1.00
2018.04.30 05:55:00.713,1.19836,1.19845,1.12,1.00
2018.04.30 05:55:01.236,1.19835,1.19845,1.87,1.00
2018.04.30 05:55:01.579,1.19835,1.19843,1.00,1.00
2018.04.30 05:55:02.146,1.19834,1.19843,1.12,1.00
2018.04.30 05:55:02.940,1.19837,1.19845,1.00,1.00
2018.04.30 05:55:03.048,1.1984,1.19851,1.00,1.57
2018.04.30 05:55:03.152,1.19837,1.19847,3.45,1.00
2018.04.30 05:55:03.889,1.19836,1.19847,1.95,1.00
2018.04.30 05:55:04.454,1.19836,1.19846,1.00,1.00
2018.04.30 05:55:04.758,1.19835,1.19844,1.12,1.00
2018.04.30 05:55:11.836,1.19835,1.19846,1.87,1.00
2018.04.30 05:55:12.600,1.19838,1.19846,1.00,1.00
2018.04.30 05:55:15.493,1.19837,1.19846,1.00,1.00
2018.04.30 05:55:25.247,1.19838,1.19846,1.00,1.95
2018.04.30 05:55:25.862,1.19838,1.19846,1.00,1.10
2018.04.30 05:55:28.653,1.19837,1.19846,1.00,1.20
2018.04.30 05:55:34.870,1.19836,1.19846,1.12,1.20
2018.04.30 05:55:35.187,1.19834,1.19842,1.00,1.00
2018.04.30 05:55:35.855,1.19833,1.19842,1.87,1.00
2018.04.30 05:55:38.676,1.19832,1.19842,1.12,1.00
2018.04.30 05:55:38.988,1.19832,1.19839,1.00,1.10
2018.04.30 05:55:42.842,1.19833,1.19841,1.00,1.95
2018.04.30 05:55:43.439,1.19833,1.19841,1.00,1.20
2018.04.30 05:55:43.594,1.19831,1.19841,1.00,1.20
2018.04.30 05:55:44.124,1.1983,1.1984,1.12,1.20
2018.04.30 05:55:44.238,1.1983,1.19839,1.00,1.20
2018.04.30 05:55:44.824,1.19828,1.19839,1.50,1.20
2018.04.30 05:55:46.457,1.19829,1.1984,1.00,2.70
2018.04.30 05:55:46.511,1.19832,1.1984,1.00,1.95
2018.04.30 05:55:46.667,1.19832,1.19841,1.00,1.20
2018.04.30 05:55:47.184,1.19833,1.19841,1.00,1.10
2018.04.30 05:55:52.416,1.19833,1.19841,1.00,1.20
2018.04.30 05:55:52.948,1.19832,1.19841,1.00,1.20
2018.04.30 05:55:53.580,1.19831,1.19841,1.00,1.20
2018.04.30 05:55:54.169,1.19831,1.1984,1.00,1.95
2018.04.30 05:55:54.430,1.19829,1.1984,1.50,1.95
2018.04.30 05:55:59.082,1.1983,1.19838,1.00,1.10
2018.04.30 05:55:59.822,1.19832,1.19838,1.00,1.00
2018.04.30 05:56:00.124,1.19832,1.1984,1.00,1.00
2018.04.30 05:56:02.870,1.19831,1.1984,1.00,1.95
2018.04.30 05:56:02.922,1.19828,1.1984,3.75,1.95
2018.04.30 05:56:03.655,1.19828,1.1984,3.00,1.57
2018.04.30 05:56:05.082,1.19828,1.1984,3.00,2.70
2018.04.30 05:56:05.638,1.19828,1.19838,3.00,1.00
2018.04.30 05:56:06.928,1.1983,1.19838,1.00,1.00
2018.04.30 05:56:12.102,1.19829,1.19838,1.00,1.00
2018.04.30 05:56:13.838,1.19828,1.19838,3.00,1.00
2018.04.30 05:56:43.553,1.19829,1.19838,1.00,1.00
2018.04.30 05:56:44.433,1.19828,1.19838,1.12,1.00
2018.04.30 05:56:52.793,1.19829,1.19838,1.00,1.00
2018.04.30 05:56:52.850,1.19829,1.1984,1.00,1.95
2018.04.30 05:56:53.365,1.19828,1.1984,1.00,3.45
2018.04.30 05:56:53.524,1.19831,1.1984,1.00,2.70
2018.04.30 05:56:54.345,1.1983,1.1984,1.00,1.20
2018.04.30 05:56:54.651,1.19832,1.19843,1.50,1.20
2018.04.30 05:56:55.480,1.19832,1.19844,1.50,3.07
2018.04.30 05:56:56.207,1.19833,1.19844,1.00,3.07
2018.04.30 05:56:57.244,1.19832,1.19844,1.00,3.07
2018.04.30 05:56:57.793,1.19831,1.19843,1.50,1.20
2018.04.30 05:56:58.296,1.19831,1.19843,1.50,1.20
2018.04.30 05:56:58.848,1.19831,1.19843,1.50,1.20
2018.04.30 05:56:59.508,1.19831,1.19843,1.00,1.20
2018.04.30 05:57:00.551,1.19831,1.19843,1.00,1.95
2018.04.30 05:57:02.042,1.19833,1.19843,1.00,1.20
2018.04.30 05:57:12.249,1.19832,1.19843,1.00,1.20
2018.04.30 05:57:15.534,1.19834,1.19843,1.00,1.20
2018.04.30 05:57:20.037,1.19833,1.19843,1.00,1.20
2018.04.30 05:57:20.574,1.19832,1.19843,1.00,1.20
2018.04.30 05:57:20.898,1.19831,1.19842,1.00,2.70
2018.04.30 05:57:21.752,1.19831,1.19842,1.00,1.57
2018.04.30 05:57:22.714,1.19831,1.19842,1.00,2.70
2018.04.30 05:57:23.249,1.19832,1.19841,1.00,1.20
2018.04.30 05:57:24.946,1.19831,1.19841,1.00,1.20
2018.04.30 05:57:25.509,1.19832,1.19841,1.00,1.10
2018.04.30 05:57:25.718,1.1983,1.19842,1.12,1.95
2018.04.30 05:57:25.926,1.1983,1.19841,1.12,1.20
2018.04.30 05:57:28.725,1.1983,1.1984,1.00,1.20
2018.04.30 05:57:29.674,1.1983,1.19841,1.00,1.95
2018.04.30 05:57:30.186,1.1983,1.1984,1.00,1.20
2018.04.30 05:57:30.374,1.1983,1.19841,1.00,1.20
2018.04.30 05:57:31.430,1.19832,1.19841,1.00,1.95
2018.04.30 05:57:31.659,1.19832,1.19842,1.00,1.20
2018.04.30 05:57:32.225,1.19831,1.19843,1.12,1.50
2018.04.30 05:57:32.760,1.1983,1.19842,3.37,1.00
2018.04.30 05:57:36.993,1.19832,1.19842,1.00,1.00
2018.04.30 05:57:41.685,1.19834,1.19843,1.00,1.00
2018.04.30 05:57:42.220,1.19834,1.19844,1.00,1.00
2018.04.30 05:58:03.459,1.19834,1.19845,1.00,1.50
2018.04.30 05:58:04.795,1.19834,1.19844,1.00,1.00
2018.04.30 05:58:08.910,1.19833,1.19844,1.00,1.00
2018.04.30 05:58:14.219,1.19834,1.19844,1.00,1.00
2018.04.30 05:58:14.272,1.19834,1.19846,1.00,1.87
2018.04.30 05:58:20.891,1.19833,1.19845,1.12,1.00
2018.04.30 05:58:23.277,1.19833,1.19846,1.20,1.50
2018.04.30 05:58:23.801,1.19831,1.19844,4.20,1.00
2018.04.30 05:58:31.826,1.19831,1.19844,1.20,2.25
2018.04.30 05:58:32.137,1.19833,1.19844,1.00,1.00
2018.04.30 05:58:32.648,1.19832,1.19844,1.12,1.50
2018.04.30 05:58:48.848,1.19831,1.19844,1.20,2.25
2018.04.30 05:58:49.261,1.19831,1.19842,1.12,1.00
2018.04.30 05:58:49.770,1.19831,1.19843,1.20,1.00
2018.04.30 05:58:59.909,1.1983,1.19842,1.95,1.00
2018.04.30 05:59:00.476,1.19831,1.19843,1.12,1.00
2018.04.30 05:59:01.017,1.19831,1.19842,1.12,1.00
2018.04.30 05:59:01.547,1.19831,1.19843,1.87,1.00
2018.04.30 05:59:02.704,1.19831,1.19842,1.12,1.00
2018.04.30 05:59:03.330,1.19831,1.19843,1.87,1.00
2018.04.30 05:59:04.901,1.1983,1.19842,2.70,1.00
2018.04.30 05:59:05.456,1.1983,1.19843,2.70,1.00
2018.04.30 05:59:21.668,1.19832,1.19843,1.00,1.00
2018.04.30 05:59:22.191,1.19833,1.19844,1.00,1.00
2018.04.30 05:59:22.784,1.19832,1.19844,1.87,1.00
2018.04.30 05:59:37.125,1.19833,1.19844,1.87,1.00
2018.04.30 05:59:42.279,1.19833,1.19845,1.87,1.00
2018.04.30 05:59:48.667,1.1983,1.19841,1.00,1.50
2018.04.30 05:59:48.720,1.19828,1.19841,1.00,1.50
2018.04.30 05:59:49.250,1.19829,1.19841,1.00,1.50
2018.04.30 05:59:50.138,1.19831,1.19843,1.50,1.00
2018.04.30 05:59:50.294,1.19832,1.19845,1.50,1.00
2018.04.30 05:59:51.232,1.19831,1.19844,1.00,1.00
2018.04.30 05:59:55.071,1.1983,1.19844,2.25,1.00
2018.04.30 05:59:55.384,1.1983,1.19842,1.00,1.00
