2007.08.02 19:00:00.825,1.6485,1.6486,35.90,2.40
2007.08.02 19:00:00.933,1.6485,1.6486,35.90,4.00
2007.08.02 19:00:00.951,1.6485,1.6486,35.90,6.40
2007.08.02 19:00:01.057,1.6485,1.6486,35.90,5.60
2007.08.02 19:00:01.154,1.6485,1.6486,33.50,3.20
2007.08.02 19:00:01.361,1.6485,1.6486,31.90,4.80
2007.08.02 19:00:01.420,1.64845,1.6486,0.80,4.00
2007.08.02 19:00:01.460,1.64845,1.6486,0.80,3.20
2007.08.02 19:00:01.501,1.64845,1.6486,0.80,4.00
2007.08.02 19:00:01.576,1.64845,1.6486,0.80,4.80
2007.08.02 19:00:01.718,1.64845,1.6486,0.80,15.20
2007.08.02 19:00:01.771,1.64845,1.6486,0.80,14.40
2007.08.02 19:00:01.847,1.64845,1.6486,0.80,14.10
2007.08.02 19:00:02.051,1.64845,1.6486,0.80,13.60
2007.08.02 19:00:02.157,1.64845,1.6486,0.80,12.80
2007.08.02 19:00:02.182,1.64845,1.6486,0.80,12.00
2007.08.02 19:00:02.465,1.64845,1.6486,0.80,12.80
2007.08.02 19:00:02.498,1.64845,1.6486,0.80,13.60
2007.08.02 19:00:04.432,1.64845,1.6486,0.80,12.80
2007.08.02 19:00:04.560,1.64845,1.6486,0.80,12.00
2007.08.02 19:00:05.280,1.64845,1.6486,0.80,2.40
2007.08.02 19:00:05.302,1.64845,1.6486,0.80,3.20
2007.08.02 19:00:06.219,1.64845,1.6486,0.80,21.60
2007.08.02 19:00:06.553,1.64845,1.6486,0.80,20.80
2007.08.02 19:00:06.622,1.64845,1.6486,0.80,20.00
2007.08.02 19:00:11.222,1.64845,1.6486,0.80,1.60
2007.08.02 19:00:16.228,1.64845,1.6486,0.80,20.00
2007.08.02 19:00:18.112,1.6485,1.6486,2.40,20.00
2007.08.02 19:00:18.132,1.6485,1.6486,2.40,12.00
2007.08.02 19:00:18.213,1.6485,1.6486,2.40,10.40
2007.08.02 19:00:18.244,1.6485,1.64865,12.80,0.80
2007.08.02 19:00:18.319,1.64855,1.64865,0.80,0.80
2007.08.02 19:00:18.415,1.64855,1.6487,0.80,20.00
2007.08.02 19:00:18.723,1.64855,1.6487,0.80,17.60
2007.08.02 19:00:19.656,1.64855,1.6487,0.80,20.00
2007.08.02 19:00:19.726,1.64855,1.6487,0.80,20.30
2007.08.02 19:00:19.746,1.6485,1.6487,16.80,20.30
2007.08.02 19:00:19.804,1.6485,1.6487,12.80,20.30
2007.08.02 19:00:19.932,1.6485,1.6487,12.80,20.00
2007.08.02 19:00:20.033,1.6485,1.6487,12.80,23.20
2007.08.02 19:00:20.070,1.6485,1.6487,12.80,22.40
2007.08.02 19:00:20.139,1.6485,1.6487,4.80,22.40
2007.08.02 19:00:20.176,1.6485,1.64865,4.80,0.80
2007.08.02 19:00:20.263,1.6485,1.64865,2.40,0.80
2007.08.02 19:00:20.282,1.6485,1.6486,2.40,1.60
2007.08.02 19:00:20.378,1.64845,1.6486,0.80,1.60
2007.08.02 19:00:20.472,1.64845,1.6486,0.80,12.00
2007.08.02 19:00:20.795,1.64845,1.6486,0.80,20.00
2007.08.02 19:00:21.814,1.6485,1.6486,1.60,18.40
2007.08.02 19:00:21.974,1.6485,1.6486,1.60,10.40
2007.08.02 19:00:22.633,1.64845,1.6486,0.80,12.00
2007.08.02 19:00:22.834,1.64845,1.6486,0.80,20.00
2007.08.02 19:00:23.151,1.6485,1.6486,2.40,20.00
2007.08.02 19:00:23.166,1.6485,1.6486,2.40,1.60
2007.08.02 19:00:23.246,1.6485,1.6487,2.40,6.40
2007.08.02 19:00:23.376,1.6485,1.6487,2.40,6.70
2007.08.02 19:00:23.483,1.6485,1.6487,2.40,7.50
2007.08.02 19:00:23.498,1.6485,1.6487,28.70,9.60
2007.08.02 19:00:23.571,1.6485,1.6487,28.70,7.20
2007.08.02 19:00:23.602,1.6485,1.6487,28.70,7.30
2007.08.02 19:00:23.678,1.6485,1.6487,26.30,15.30
2007.08.02 19:00:23.800,1.6485,1.6487,26.30,23.20
2007.08.02 19:00:23.897,1.6485,1.6487,26.30,20.80
2007.08.02 19:00:23.935,1.64845,1.6487,0.80,12.80
2007.08.02 19:00:23.981,1.64845,1.6487,0.80,13.60
2007.08.02 19:00:24.058,1.64845,1.6487,0.80,14.10
2007.08.02 19:00:24.142,1.64845,1.6487,0.80,13.60
2007.08.02 19:00:24.260,1.64845,1.6487,0.80,14.10
2007.08.02 19:00:24.582,1.64845,1.6487,0.80,15.10
2007.08.02 19:00:24.819,1.64845,1.6487,0.80,15.90
2007.08.02 19:00:24.920,1.64845,1.6487,0.80,17.50
2007.08.02 19:00:25.208,1.64845,1.6486,0.80,1.60
2007.08.02 19:00:25.724,1.64845,1.6487,0.80,14.60
2007.08.02 19:00:25.935,1.64845,1.6487,0.80,13.80
2007.08.02 19:00:27.244,1.64845,1.6487,0.80,12.80
2007.08.02 19:00:27.263,1.64845,1.6487,0.80,12.00
2007.08.02 19:00:27.352,1.64845,1.6487,0.80,12.00
2007.08.02 19:00:27.692,1.6485,1.6487,4.00,8.00
2007.08.02 19:00:27.871,1.6485,1.6487,30.30,14.40
2007.08.02 19:00:28.015,1.6485,1.6487,30.30,10.40
2007.08.02 19:00:28.085,1.6485,1.6487,30.30,2.40
2007.08.02 19:00:28.306,1.6485,1.6487,38.30,2.40
2007.08.02 19:00:28.532,1.6485,1.6488,38.30,30.60
2007.08.02 19:00:28.826,1.6485,1.6488,38.30,28.20
2007.08.02 19:00:29.245,1.6485,1.6487,36.70,1.60
2007.08.02 19:00:29.292,1.6485,1.6487,28.70,1.60
2007.08.02 19:00:29.352,1.6485,1.6487,28.70,5.60
2007.08.02 19:00:29.488,1.6485,1.6487,28.70,9.60
2007.08.02 19:00:29.664,1.6485,1.6487,30.30,9.60
2007.08.02 19:00:31.206,1.6485,1.6487,30.30,8.00
2007.08.02 19:00:31.422,1.6485,1.6487,30.30,4.00
2007.08.02 19:00:31.443,1.6485,1.6488,30.30,45.70
2007.08.02 19:00:33.287,1.6485,1.6487,30.30,1.60
2007.08.02 19:00:33.380,1.6485,1.6487,30.30,5.60
2007.08.02 19:00:33.396,1.6485,1.6487,4.00,9.60
2007.08.02 19:00:33.501,1.6485,1.6487,4.00,10.40
2007.08.02 19:00:33.685,1.64845,1.6487,0.80,10.40
2007.08.02 19:00:33.831,1.64845,1.6487,0.80,9.60
2007.08.02 19:00:34.032,1.64845,1.6487,0.80,10.10
2007.08.02 19:00:34.212,1.6485,1.6487,2.40,10.90
2007.08.02 19:00:34.241,1.6485,1.6487,2.40,11.70
2007.08.02 19:00:34.485,1.6485,1.6487,2.40,10.90
2007.08.02 19:00:34.512,1.6485,1.6487,2.40,10.10
2007.08.02 19:00:34.619,1.64845,1.6487,0.80,10.10
2007.08.02 19:00:34.738,1.6485,1.6487,1.60,12.50
2007.08.02 19:00:34.781,1.6485,1.6487,27.90,30.40
2007.08.02 19:00:34.912,1.6485,1.6487,35.90,30.90
2007.08.02 19:00:35.139,1.6485,1.6487,38.30,28.50
2007.08.02 19:00:35.256,1.6485,1.6487,38.30,22.90
2007.08.02 19:00:35.320,1.6485,1.6487,30.30,6.90
2007.08.02 19:00:35.427,1.6485,1.6487,30.30,2.90
2007.08.02 19:00:35.634,1.6485,1.64875,30.30,0.80
2007.08.02 19:00:36.056,1.6485,1.6488,30.30,51.90
2007.08.02 19:00:36.194,1.6485,1.6488,30.30,50.30
2007.08.02 19:00:45.438,1.6485,1.64885,30.30,51.10
2007.08.02 19:00:47.561,1.6485,1.6487,30.30,2.40
2007.08.02 19:00:47.666,1.6485,1.6487,30.30,10.40
2007.08.02 19:00:47.732,1.6485,1.6487,30.30,16.00
2007.08.02 19:00:47.870,1.6485,1.6487,38.30,24.00
2007.08.02 19:00:56.232,1.6485,1.6487,38.30,22.40
2007.08.02 19:00:56.330,1.6485,1.6487,39.90,22.40
2007.08.02 19:00:56.429,1.6485,1.6487,39.10,22.40
2007.08.02 19:00:57.370,1.6485,1.6487,39.90,22.40
2007.08.02 19:01:00.045,1.6485,1.6487,43.90,18.40
2007.08.02 19:01:00.125,1.6485,1.6487,43.10,18.40
2007.08.02 19:01:00.243,1.6485,1.6487,42.30,18.40
2007.08.02 19:01:00.257,1.6485,1.6487,42.30,20.00
2007.08.02 19:01:04.449,1.6485,1.6487,39.90,22.40
2007.08.02 19:01:16.686,1.6485,1.6487,42.30,18.40
2007.08.02 19:01:17.897,1.6485,1.6487,43.10,18.40
2007.08.02 19:01:17.995,1.6485,1.6487,43.90,18.40
2007.08.02 19:01:19.181,1.6485,1.6487,43.90,20.00
2007.08.02 19:01:19.217,1.6485,1.6487,42.30,20.00
2007.08.02 19:01:27.210,1.6485,1.6487,42.30,12.00
2007.08.02 19:01:27.244,1.6486,1.6487,1.60,10.40
2007.08.02 19:01:27.648,1.6486,1.6487,1.60,18.40
2007.08.02 19:01:27.743,1.6485,1.6487,42.80,18.40
2007.08.02 19:01:27.760,1.6485,1.6487,34.30,18.40
2007.08.02 19:01:27.873,1.6485,1.6487,34.30,10.40
2007.08.02 19:01:31.245,1.6485,1.6487,31.90,12.80
2007.08.02 19:01:36.715,1.6485,1.6487,31.90,14.40
2007.08.02 19:01:36.899,1.6485,1.6487,31.90,18.40
2007.08.02 19:01:37.222,1.6485,1.6487,31.90,26.40
2007.08.02 19:01:40.189,1.6485,1.6487,35.90,22.40
2007.08.02 19:01:47.733,1.64845,1.6487,36.70,22.40
2007.08.02 19:01:50.151,1.64845,1.6487,36.70,14.40
2007.08.02 19:01:50.182,1.64845,1.6487,39.10,10.40
2007.08.02 19:01:50.366,1.64845,1.6488,12.80,11.20
2007.08.02 19:01:50.477,1.6485,1.6488,14.00,44.90
2007.08.02 19:01:50.487,1.64845,1.6488,39.10,40.10
2007.08.02 19:02:07.647,1.6485,1.6488,38.30,40.10
2007.08.02 19:02:07.676,1.6486,1.6488,19.20,37.70
2007.08.02 19:02:07.759,1.6486,1.6488,12.80,1.60
2007.08.02 19:02:09.717,1.6487,1.6488,1.70,1.60
2007.08.02 19:02:10.067,1.64865,1.6488,8.00,1.60
2007.08.02 19:02:10.176,1.6487,1.6488,1.40,1.60
2007.08.02 19:02:11.220,1.64865,1.6488,22.40,1.60
2007.08.02 19:02:13.082,1.64865,1.6488,20.00,1.60
2007.08.02 19:02:13.300,1.6487,1.6488,3.80,1.60
2007.08.02 19:02:13.731,1.6487,1.6488,2.40,1.60
2007.08.02 19:02:13.934,1.6487,1.6488,2.30,1.60
2007.08.02 19:02:15.061,1.6487,1.6488,2.00,1.60
2007.08.02 19:02:16.245,1.6487,1.6488,5.60,2.40
2007.08.02 19:02:16.658,1.6487,1.6489,5.60,32.60
2007.08.02 19:02:16.759,1.6487,1.6489,5.60,21.40
2007.08.02 19:02:16.983,1.6487,1.6489,20.00,55.70
2007.08.02 19:02:17.069,1.6487,1.6489,20.80,53.30
2007.08.02 19:02:17.387,1.6487,1.6489,20.80,54.10
2007.08.02 19:02:17.508,1.6487,1.6489,20.80,53.30
2007.08.02 19:02:17.896,1.6487,1.6489,20.80,50.90
2007.08.02 19:02:18.095,1.6487,1.6489,23.20,50.90
2007.08.02 19:02:18.124,1.6487,1.6489,24.80,50.10
2007.08.02 19:02:18.191,1.64875,1.6489,0.80,47.70
2007.08.02 19:02:18.246,1.64875,1.6489,0.80,13.00
2007.08.02 19:02:20.009,1.64875,1.6489,0.80,11.90
2007.08.02 19:02:20.057,1.64875,1.6489,0.80,11.10
2007.08.02 19:02:20.116,1.64875,1.6489,0.80,10.30
2007.08.02 19:02:20.325,1.64875,1.6489,0.80,9.60
2007.08.02 19:02:20.468,1.64875,1.6489,0.80,8.80
2007.08.02 19:02:22.198,1.6487,1.6489,20.80,11.20
2007.08.02 19:02:22.224,1.6487,1.6489,12.80,11.20
2007.08.02 19:02:22.319,1.6487,1.6489,12.80,10.00
2007.08.02 19:02:22.511,1.6487,1.6489,12.80,9.20
2007.08.02 19:02:22.747,1.6487,1.6489,39.10,27.60
2007.08.02 19:02:23.070,1.6487,1.6489,41.50,27.60
2007.08.02 19:02:23.130,1.6487,1.6489,43.90,25.20
2007.08.02 19:02:23.194,1.6487,1.6489,43.90,17.20
2007.08.02 19:02:23.234,1.64875,1.6489,0.80,17.20
2007.08.02 19:02:23.282,1.64875,1.6489,0.80,6.80
2007.08.02 19:02:23.742,1.64875,1.6489,0.80,9.20
2007.08.02 19:02:23.800,1.64875,1.6489,0.80,25.20
2007.08.02 19:02:23.920,1.64875,1.6489,0.80,24.40
2007.08.02 19:02:23.945,1.64875,1.6489,0.80,23.60
2007.08.02 19:02:24.027,1.64875,1.6489,0.80,22.80
2007.08.02 19:02:24.243,1.64875,1.6489,0.80,41.20
2007.08.02 19:02:24.255,1.6487,1.6488,14.40,1.60
2007.08.02 19:02:24.449,1.6487,1.6488,12.00,1.60
2007.08.02 19:02:24.646,1.6487,1.6488,4.00,1.60
2007.08.02 19:02:24.756,1.6487,1.6488,4.00,4.00
2007.08.02 19:02:25.168,1.6487,1.6488,4.00,1.60
2007.08.02 19:02:25.831,1.6487,1.6488,6.40,1.60
2007.08.02 19:02:25.935,1.64875,1.6489,0.80,24.00
2007.08.02 19:02:26.043,1.64875,1.6489,0.80,4.00
2007.08.02 19:02:26.646,1.64875,1.6489,0.80,1.60
2007.08.02 19:02:28.173,1.6487,1.6488,9.60,1.60
2007.08.02 19:02:28.241,1.6487,1.6488,5.60,1.60
2007.08.02 19:02:28.440,1.6487,1.6488,5.60,4.00
2007.08.02 19:02:28.480,1.6487,1.6488,3.20,4.00
2007.08.02 19:02:28.756,1.6487,1.6488,3.20,27.90
2007.08.02 19:02:28.780,1.6485,1.6488,48.70,30.30
2007.08.02 19:02:29.498,1.6485,1.6488,42.30,30.30
2007.08.02 19:02:31.140,1.64875,1.6488,0.80,26.30
2007.08.02 19:02:31.160,1.64875,1.6488,0.80,18.30
2007.08.02 19:02:31.282,1.64875,1.6489,0.80,6.40
2007.08.02 19:02:31.371,1.64875,1.6489,0.80,7.20
2007.08.02 19:02:31.478,1.64875,1.6489,0.80,6.40
2007.08.02 19:02:31.558,1.64875,1.6489,0.80,4.00
2007.08.02 19:02:32.084,1.64875,1.6489,0.80,1.60
2007.08.02 19:02:32.203,1.6487,1.6489,8.80,4.00
2007.08.02 19:02:32.791,1.6487,1.6489,35.10,22.40
2007.08.02 19:02:32.888,1.6487,1.6489,35.10,23.20
2007.08.02 19:02:33.006,1.6487,1.6489,35.10,24.00
2007.08.02 19:02:33.115,1.64875,1.6489,0.80,20.80
2007.08.02 19:02:33.307,1.64875,1.6489,0.80,20.00
2007.08.02 19:02:33.317,1.64875,1.6489,0.80,1.60
2007.08.02 19:02:36.961,1.64875,1.6489,0.80,3.20
2007.08.02 19:02:36.994,1.64875,1.6489,0.80,4.00
2007.08.02 19:02:37.070,1.64875,1.6489,0.80,4.30
2007.08.02 19:02:37.178,1.64875,1.6489,0.80,4.40
2007.08.02 19:02:37.287,1.64875,1.6489,0.80,4.80
2007.08.02 19:02:38.241,1.64875,1.6489,0.80,3.20
2007.08.02 19:02:38.473,1.64875,1.6489,0.80,7.20
2007.08.02 19:02:38.677,1.64875,1.6489,0.80,9.60
2007.08.02 19:02:38.811,1.6487,1.6488,4.00,8.00
2007.08.02 19:02:39.008,1.6487,1.6488,4.00,42.30
2007.08.02 19:02:39.129,1.6487,1.6488,2.40,42.30
2007.08.02 19:02:39.508,1.6486,1.6488,3.20,42.30
2007.08.02 19:02:39.545,1.6485,1.6488,35.90,42.30
2007.08.02 19:02:41.327,1.6485,1.6488,35.90,34.80
2007.08.02 19:02:43.211,1.6485,1.6488,35.90,42.80
2007.08.02 19:02:45.319,1.6485,1.6488,35.90,42.30
2007.08.02 19:02:45.958,1.6485,1.6488,35.10,42.30
2007.08.02 19:02:46.277,1.6485,1.6488,34.30,42.30
2007.08.02 19:02:46.383,1.6485,1.6488,26.30,34.30
2007.08.02 19:02:47.957,1.6485,1.6488,34.30,42.30
2007.08.02 19:02:49.231,1.6485,1.6488,34.30,0.90
2007.08.02 19:02:49.649,1.6485,1.6488,34.30,46.30
2007.08.02 19:02:49.728,1.6485,1.6487,8.00,0.80
2007.08.02 19:02:49.823,1.6485,1.6487,18.40,0.50
2007.08.02 19:02:49.941,1.6485,1.6487,10.40,0.60
2007.08.02 19:02:50.257,1.6485,1.6487,34.30,0.60
2007.08.02 19:02:50.594,1.6485,1.6488,34.30,0.70
2007.08.02 19:02:51.716,1.6485,1.6488,34.30,43.60
2007.08.02 19:02:52.345,1.6485,1.6488,34.30,0.70
2007.08.02 19:02:56.784,1.6485,1.6487,8.00,0.70
2007.08.02 19:02:57.282,1.6485,1.6487,8.00,0.90
2007.08.02 19:02:57.359,1.6485,1.6487,20.20,0.90
2007.08.02 19:02:57.774,1.6485,1.64875,20.20,32.70
2007.08.02 19:03:17.814,1.6485,1.6487,12.20,23.90
2007.08.02 19:03:18.240,1.6485,1.6487,20.20,23.90
2007.08.02 19:03:20.109,1.6485,1.6487,20.20,31.90
2007.08.02 19:03:33.820,1.6485,1.6487,20.20,30.30
2007.08.02 19:03:33.878,1.6485,1.6487,20.20,4.00
2007.08.02 19:03:41.215,1.6485,1.6488,20.20,32.70
2007.08.02 19:03:41.247,1.6485,1.6488,8.00,12.80
2007.08.02 19:03:41.449,1.6485,1.6488,34.30,52.70
2007.08.02 19:03:41.618,1.6485,1.6488,34.30,50.30
2007.08.02 19:03:43.532,1.6485,1.6488,8.00,10.40
2007.08.02 19:03:43.669,1.6485,1.64875,8.00,0.80
2007.08.02 19:03:43.734,1.6485,1.64875,18.40,0.80
2007.08.02 19:03:43.778,1.6485,1.6487,18.40,4.00
2007.08.02 19:03:44.192,1.6485,1.6487,18.40,5.60
2007.08.02 19:03:46.104,1.6485,1.6487,10.40,5.60
2007.08.02 19:03:46.316,1.6485,1.6487,18.40,39.90
2007.08.02 19:03:49.338,1.6485,1.6487,18.40,5.60
2007.08.02 19:03:50.383,1.6485,1.6487,6.40,39.90
2007.08.02 19:03:50.477,1.6485,1.6487,6.40,40.40
2007.08.02 19:03:50.621,1.6485,1.64875,6.40,41.20
2007.08.02 19:03:50.863,1.6485,1.6487,6.40,0.50
2007.08.02 19:03:50.890,1.6485,1.64875,6.40,42.80
2007.08.02 19:03:52.234,1.6485,1.64875,6.40,41.50
2007.08.02 19:03:52.353,1.6485,1.64875,18.40,41.50
2007.08.02 19:03:52.386,1.6485,1.64875,18.40,40.70
2007.08.02 19:03:59.932,1.6485,1.64875,10.40,32.70
2007.08.02 19:04:03.895,1.6485,1.64875,18.40,40.70
2007.08.02 19:04:04.202,1.6485,1.6487,10.40,0.80
2007.08.02 19:04:05.310,1.6485,1.6487,18.40,0.60
2007.08.02 19:04:09.191,1.6485,1.64875,10.40,42.00
2007.08.02 19:04:09.221,1.6485,1.6486,6.40,0.60
2007.08.02 19:04:09.809,1.6484,1.6486,22.60,0.70
2007.08.02 19:04:09.911,1.6484,1.6487,14.60,22.10
2007.08.02 19:04:10.124,1.6484,1.6487,13.00,22.10
2007.08.02 19:04:10.131,1.6484,1.6486,13.00,0.90
2007.08.02 19:04:10.222,1.6484,1.6487,7.20,46.10
2007.08.02 19:04:10.245,1.6484,1.64865,7.20,8.00
2007.08.02 19:04:10.331,1.6484,1.64865,15.20,31.90
2007.08.02 19:04:10.700,1.6484,1.6486,15.20,0.60
2007.08.02 19:04:10.873,1.6484,1.6486,15.20,0.50
2007.08.02 19:04:10.913,1.6484,1.6486,15.20,0.70
2007.08.02 19:04:11.187,1.64845,1.6486,0.80,0.60
2007.08.02 19:04:11.294,1.64845,1.6487,0.80,25.70
2007.08.02 19:04:11.398,1.64845,1.64875,0.80,17.60
2007.08.02 19:04:11.422,1.6485,1.64875,14.40,39.90
2007.08.02 19:04:11.645,1.64845,1.6487,0.80,0.60
2007.08.02 19:04:11.696,1.64845,1.64865,0.80,2.40
2007.08.02 19:04:11.800,1.64845,1.6486,0.80,0.90
2007.08.02 19:04:12.171,1.64845,1.6486,0.80,0.80
2007.08.02 19:04:12.219,1.6484,1.6485,5.60,0.80
2007.08.02 19:04:12.375,1.6482,1.64855,11.10,6.40
2007.08.02 19:04:12.417,1.6482,1.6485,10.30,0.80
2007.08.02 19:04:12.492,1.6482,1.6485,20.10,0.90
2007.08.02 19:04:12.636,1.6482,1.6485,20.10,0.80
2007.08.02 19:04:12.707,1.6482,1.6485,20.10,0.80
2007.08.02 19:04:13.114,1.6482,1.64855,28.70,43.10
2007.08.02 19:04:13.142,1.6482,1.6485,28.70,0.90
2007.08.02 19:04:13.205,1.6482,1.6486,28.10,36.80
2007.08.02 19:04:13.239,1.6482,1.6485,28.10,0.90
2007.08.02 19:04:13.327,1.6482,1.6486,28.70,35.20
2007.08.02 19:04:13.444,1.6482,1.6486,31.10,32.80
2007.08.02 19:04:13.528,1.6482,1.6486,30.50,48.70
2007.08.02 19:04:13.731,1.6482,1.6486,31.10,16.80
2007.08.02 19:04:13.761,1.6482,1.6486,31.10,0.60
2007.08.02 19:04:14.359,1.6482,1.6487,30.50,42.90
2007.08.02 19:04:15.198,1.6483,1.6487,1.60,40.50
2007.08.02 19:04:15.400,1.6483,1.6486,5.60,0.70
2007.08.02 19:04:15.708,1.6483,1.64855,5.60,6.40
2007.08.02 19:04:15.812,1.6483,1.64855,5.60,8.80
2007.08.02 19:04:19.688,1.6483,1.6485,5.60,0.70
2007.08.02 19:04:19.699,1.6483,1.64855,8.00,6.40
2007.08.02 19:04:19.944,1.6483,1.64855,14.40,32.70
2007.08.02 19:04:20.105,1.6483,1.64855,12.00,35.10
2007.08.02 19:04:20.146,1.6483,1.64855,4.00,35.10
2007.08.02 19:04:20.212,1.6483,1.64855,2.40,35.10
2007.08.02 19:04:20.266,1.6483,1.6485,2.40,0.80
2007.08.02 19:04:20.457,1.6482,1.64855,34.40,43.10
2007.08.02 19:04:21.407,1.6482,1.64855,35.20,43.10
2007.08.02 19:04:21.512,1.6482,1.64855,36.00,43.10
2007.08.02 19:04:21.608,1.6483,1.64855,0.80,43.10
2007.08.02 19:04:21.655,1.6483,1.6486,2.40,53.70
2007.08.02 19:04:21.725,1.6483,1.6485,6.40,0.90
2007.08.02 19:04:21.755,1.6484,1.6485,1.60,0.60
2007.08.02 19:04:21.935,1.6484,1.6485,2.40,0.50
2007.08.02 19:04:21.956,1.6484,1.6486,3.20,43.90
2007.08.02 19:04:22.343,1.6484,1.6486,2.40,18.40
2007.08.02 19:04:22.470,1.6484,1.6486,1.60,0.60
2007.08.02 19:04:24.651,1.6484,1.6486,1.60,0.70
2007.08.02 19:04:24.718,1.6484,1.6486,2.40,0.90
2007.08.02 19:04:24.749,1.6485,1.6486,1.60,0.60
2007.08.02 19:04:25.133,1.6485,1.6486,1.60,0.90
2007.08.02 19:04:25.452,1.6485,1.6487,8.00,16.80
2007.08.02 19:04:25.477,1.6485,1.64875,8.00,7.20
2007.08.02 19:04:25.773,1.6485,1.6487,16.00,0.70
2007.08.02 19:04:25.880,1.6485,1.64875,24.00,7.20
2007.08.02 19:04:30.213,1.6485,1.6487,24.00,0.70
2007.08.02 19:04:30.323,1.6485,1.64875,16.00,35.10
2007.08.02 19:04:36.688,1.64865,1.6487,0.80,0.60
2007.08.02 19:04:36.754,1.64865,1.6487,0.80,0.50
2007.08.02 19:04:36.785,1.64865,1.64885,0.80,20.80
2007.08.02 19:04:36.853,1.64865,1.6488,0.80,0.70
2007.08.02 19:04:37.082,1.64865,1.64885,0.80,11.20
2007.08.02 19:04:37.397,1.64865,1.64885,0.80,8.80
2007.08.02 19:04:37.509,1.64865,1.64885,0.80,6.40
2007.08.02 19:04:39.787,1.64865,1.64885,0.80,4.80
2007.08.02 19:04:39.903,1.6487,1.64885,10.40,4.80
2007.08.02 19:04:39.970,1.6487,1.6489,10.40,0.80
2007.08.02 19:04:40.117,1.6487,1.6489,10.40,0.60
2007.08.02 19:04:40.491,1.6487,1.64895,10.40,46.30
2007.08.02 19:04:42.144,1.6487,1.64895,10.40,49.50
2007.08.02 19:04:42.168,1.6487,1.6488,10.40,0.50
2007.08.02 19:04:42.243,1.64865,1.6488,0.80,0.50
2007.08.02 19:04:42.470,1.64865,1.6488,0.80,0.80
2007.08.02 19:04:44.232,1.6486,1.6489,11.20,41.30
2007.08.02 19:04:44.625,1.6486,1.6488,11.20,0.50
2007.08.02 19:04:44.753,1.6486,1.6488,3.20,0.50
2007.08.02 19:04:44.957,1.6486,1.6489,3.20,48.30
2007.08.02 19:04:45.074,1.6486,1.6489,2.40,49.90
2007.08.02 19:04:45.537,1.6485,1.64885,37.70,31.20
2007.08.02 19:04:46.314,1.6485,1.64885,37.70,27.20
2007.08.02 19:04:46.670,1.6485,1.64885,37.70,24.80
2007.08.02 19:04:46.718,1.6485,1.64885,43.90,24.80
2007.08.02 19:04:46.765,1.6485,1.6489,43.90,64.40
2007.08.02 19:04:46.815,1.6485,1.6489,43.90,62.30
2007.08.02 19:04:46.948,1.6485,1.6488,35.90,0.70
2007.08.02 19:04:47.424,1.6485,1.6489,36.70,59.90
2007.08.02 19:04:47.584,1.6486,1.6489,2.40,59.90
2007.08.02 19:04:47.731,1.6487,1.6489,14.40,51.90
2007.08.02 19:04:47.887,1.6487,1.6489,14.40,45.50
2007.08.02 19:04:48.135,1.6487,1.6489,14.40,44.70
2007.08.02 19:04:48.231,1.6487,1.6489,16.00,44.70
2007.08.02 19:04:48.257,1.6487,1.6489,16.00,45.50
2007.08.02 19:04:48.351,1.6487,1.6489,16.00,44.70
2007.08.02 19:04:48.432,1.6487,1.6489,16.00,42.30
2007.08.02 19:04:48.982,1.6487,1.6489,1.60,16.00
2007.08.02 19:04:49.665,1.64865,1.6488,0.80,1.60
2007.08.02 19:04:50.193,1.6486,1.6489,7.20,17.30
2007.08.02 19:04:50.241,1.6486,1.6489,4.80,12.50
2007.08.02 19:04:50.335,1.6486,1.6489,4.80,14.70
2007.08.02 19:04:50.388,1.6486,1.6488,2.40,4.00
2007.08.02 19:04:50.443,1.6486,1.6488,2.40,6.40
2007.08.02 19:04:50.494,1.6485,1.6488,45.50,6.40
2007.08.02 19:04:50.657,1.6485,1.6488,44.70,6.40
2007.08.02 19:04:55.088,1.6485,1.6488,44.70,7.20
2007.08.02 19:04:55.212,1.6485,1.6488,6.40,7.20
2007.08.02 19:04:55.225,1.6485,1.6487,6.40,5.60
2007.08.02 19:04:55.413,1.6485,1.6487,24.80,31.90
2007.08.02 19:04:55.522,1.6485,1.6487,22.40,31.90
2007.08.02 19:04:56.135,1.6485,1.6487,23.20,31.90
2007.08.02 19:04:56.243,1.6485,1.6487,15.20,4.00
2007.08.02 19:04:56.540,1.6485,1.6488,15.20,8.80
2007.08.02 19:04:56.648,1.6485,1.6488,15.20,6.40
2007.08.02 19:04:57.175,1.6485,1.6488,15.20,8.00
2007.08.02 19:04:57.603,1.6485,1.6488,14.40,36.40
2007.08.02 19:04:57.677,1.6485,1.6488,14.40,38.80
2007.08.02 19:04:57.702,1.6485,1.6488,14.40,46.80
2007.08.02 19:04:58.119,1.6485,1.6488,22.40,46.80
2007.08.02 19:04:59.007,1.64845,1.6488,23.20,46.80
2007.08.02 19:05:00.686,1.64845,1.6488,27.20,42.80
2007.08.02 19:05:00.911,1.6485,1.6488,9.30,34.80
2007.08.02 19:05:01.016,1.64845,1.6488,27.20,34.30
2007.08.02 19:05:03.236,1.6485,1.6487,4.10,1.60
2007.08.02 19:05:03.339,1.64845,1.6487,19.20,1.60
2007.08.02 19:05:03.531,1.64845,1.6487,19.20,4.00
2007.08.02 19:05:03.756,1.64845,1.6487,19.20,12.00
2007.08.02 19:05:04.261,1.64845,1.6487,27.20,12.00
2007.08.02 19:05:07.966,1.64845,1.6487,28.00,12.00
2007.08.02 19:05:08.181,1.6487,1.6488,0.60,41.50
2007.08.02 19:05:08.273,1.6487,1.6488,4.40,37.50
2007.08.02 19:05:08.291,1.6487,1.6488,2.10,12.80
2007.08.02 19:05:08.396,1.6486,1.6488,44.60,2.40
2007.08.02 19:05:08.474,1.6487,1.6488,13.60,2.40
2007.08.02 19:05:08.494,1.6486,1.6488,37.50,2.40
2007.08.02 19:05:08.677,1.6487,1.6489,7.60,9.60
2007.08.02 19:05:09.746,1.6486,1.6489,50.30,29.80
2007.08.02 19:05:10.685,1.6487,1.6489,12.00,29.80
2007.08.02 19:05:11.793,1.6487,1.6489,5.70,28.00
2007.08.02 19:05:15.145,1.6487,1.6489,11.70,30.40
2007.08.02 19:05:17.190,1.6487,1.6489,12.40,28.00
2007.08.02 19:05:20.607,1.6487,1.6489,8.60,27.20
2007.08.02 19:05:20.712,1.6486,1.6489,53.50,27.20
2007.08.02 19:05:20.736,1.6486,1.6489,53.50,4.80
2007.08.02 19:05:20.807,1.64875,1.6489,0.80,1.60
2007.08.02 19:05:21.430,1.64875,1.6489,4.80,1.60
2007.08.02 19:05:22.810,1.64875,1.6489,4.80,20.00
2007.08.02 19:05:22.920,1.64875,1.6489,4.80,20.80
2007.08.02 19:05:23.058,1.6488,1.6489,0.50,21.60
2007.08.02 19:05:23.171,1.6488,1.6489,1.80,24.00
2007.08.02 19:05:23.344,1.6487,1.6489,33.50,24.80
2007.08.02 19:05:23.437,1.6488,1.6489,0.70,24.00
2007.08.02 19:05:23.482,1.6487,1.6489,10.10,24.00
2007.08.02 19:05:23.657,1.6486,1.6489,43.10,23.20
2007.08.02 19:05:23.715,1.6486,1.6489,43.10,22.40
2007.08.02 19:05:23.781,1.6486,1.6489,12.80,6.40
2007.08.02 19:05:23.812,1.6487,1.6488,7.20,4.00
2007.08.02 19:05:25.316,1.6485,1.6488,27.90,4.00
2007.08.02 19:05:26.825,1.6485,1.6488,25.50,4.00
2007.08.02 19:05:26.842,1.6486,1.6488,15.90,4.00
2007.08.02 19:05:26.874,1.6485,1.6488,43.90,38.30
2007.08.02 19:05:27.200,1.6485,1.6488,43.90,35.90
2007.08.02 19:05:27.594,1.6485,1.6488,44.70,1.60
2007.08.02 19:05:27.702,1.6485,1.6488,45.70,1.60
2007.08.02 19:05:27.712,1.6486,1.6489,1.60,40.40
2007.08.02 19:05:27.802,1.6486,1.6489,33.50,24.50
2007.08.02 19:05:27.815,1.6486,1.6489,39.90,20.50
2007.08.02 19:05:27.908,1.6486,1.6489,12.00,18.40
2007.08.02 19:05:27.916,1.6486,1.6489,12.00,16.00
2007.08.02 19:05:28.217,1.6486,1.6489,12.00,16.50
2007.08.02 19:05:28.321,1.6486,1.6489,12.00,13.60
2007.08.02 19:05:28.417,1.6486,1.6489,12.00,12.80
2007.08.02 19:05:28.536,1.6486,1.6489,12.00,12.00
2007.08.02 19:05:28.630,1.6486,1.6489,12.00,12.80
2007.08.02 19:05:28.737,1.6486,1.6489,12.00,13.60
2007.08.02 19:05:29.362,1.6486,1.6489,12.00,12.80
2007.08.02 19:05:29.578,1.6486,1.6489,12.00,12.00
2007.08.02 19:05:30.681,1.6486,1.6488,9.60,4.00
2007.08.02 19:05:30.786,1.6486,1.6488,35.90,22.40
2007.08.02 19:05:49.647,1.6486,1.6488,35.90,12.00
2007.08.02 19:05:49.744,1.6486,1.6488,43.90,12.00
2007.08.02 19:05:49.748,1.6486,1.6488,46.30,8.00
2007.08.02 19:05:49.859,1.6486,1.6489,12.00,12.80
2007.08.02 19:05:50.071,1.6486,1.6489,12.00,12.00
2007.08.02 19:05:53.076,1.6486,1.6489,12.00,12.80
2007.08.02 19:05:53.116,1.6486,1.64885,12.00,0.80
2007.08.02 19:05:53.224,1.6486,1.6488,12.00,1.60
2007.08.02 19:05:53.279,1.6486,1.6488,38.30,12.00
2007.08.02 19:05:53.704,1.6486,1.6488,38.30,20.00
2007.08.02 19:05:55.038,1.6486,1.6488,42.30,20.00
2007.08.02 19:05:55.167,1.64865,1.6488,0.80,20.00
2007.08.02 19:05:55.264,1.6487,1.6488,4.00,1.60
2007.08.02 19:06:02.706,1.6487,1.64885,5.60,0.80
2007.08.02 19:06:03.266,1.6487,1.64885,31.90,0.80
2007.08.02 19:06:03.313,1.6487,1.64885,30.30,0.80
2007.08.02 19:06:03.418,1.6487,1.6489,30.30,18.60
2007.08.02 19:06:03.529,1.6487,1.6489,30.30,16.20
2007.08.02 19:06:03.570,1.6487,1.6489,34.30,16.20
2007.08.02 19:06:03.680,1.6487,1.6489,4.00,4.00
2007.08.02 19:06:03.722,1.6487,1.6488,4.00,1.60
2007.08.02 19:06:04.188,1.6487,1.6488,14.40,1.60
2007.08.02 19:06:04.247,1.6487,1.64885,14.40,0.80
2007.08.02 19:06:04.305,1.6487,1.64885,34.30,0.80
2007.08.02 19:06:04.456,1.6487,1.6489,34.30,8.20
2007.08.02 19:06:05.164,1.6487,1.6488,34.30,1.60
2007.08.02 19:06:05.350,1.6487,1.6488,4.00,1.60
2007.08.02 19:06:06.291,1.6487,1.6488,14.40,1.60
2007.08.02 19:06:08.221,1.6487,1.6488,6.40,1.60
2007.08.02 19:06:08.312,1.6487,1.6488,4.00,1.60
2007.08.02 19:06:08.674,1.6487,1.6488,4.00,4.00
2007.08.02 19:06:09.167,1.6487,1.6488,4.00,1.60
2007.08.02 19:06:10.894,1.64865,1.6488,4.80,1.60
2007.08.02 19:06:12.686,1.6487,1.6488,0.80,4.00
2007.08.02 19:06:12.754,1.6486,1.6487,2.20,1.60
2007.08.02 19:06:12.992,1.6486,1.6487,1.90,12.00
2007.08.02 19:06:13.098,1.6485,1.6487,47.10,12.00
2007.08.02 19:06:13.673,1.64845,1.6487,43.10,12.00
2007.08.02 19:06:16.105,1.6485,1.6487,15.30,12.00
2007.08.02 19:06:16.143,1.6485,1.6487,44.70,12.00
2007.08.02 19:06:16.210,1.6485,1.6487,12.80,1.60
2007.08.02 19:06:16.253,1.6486,1.6487,0.70,1.60
2007.08.02 19:06:21.183,1.6486,1.64875,2.30,0.80
2007.08.02 19:06:22.704,1.6485,1.6487,2.40,1.60
2007.08.02 19:06:22.850,1.64845,1.6487,28.80,1.60
2007.08.02 19:06:22.957,1.64845,1.6487,20.80,1.60
2007.08.02 19:06:23.051,1.6485,1.6487,7.10,1.60
2007.08.02 19:06:23.265,1.64845,1.6487,27.20,1.60
2007.08.02 19:06:25.671,1.6485,1.6487,27.20,1.60
2007.08.02 19:06:25.779,1.6486,1.64875,0.60,0.80
2007.08.02 19:06:25.981,1.6486,1.64875,1.20,0.80
2007.08.02 19:06:26.184,1.64855,1.6488,6.40,8.00
2007.08.02 19:06:26.731,1.64855,1.6488,6.40,4.80
2007.08.02 19:06:26.783,1.64855,1.6488,6.40,4.00
2007.08.02 19:06:29.687,1.64855,1.64875,6.40,0.80
2007.08.02 19:06:39.686,1.6485,1.6488,11.20,12.80
2007.08.02 19:06:39.740,1.6485,1.6488,8.80,4.80
2007.08.02 19:06:39.861,1.6485,1.6488,43.10,31.10
2007.08.02 19:06:40.064,1.6485,1.6488,42.30,30.30
2007.08.02 19:06:40.155,1.6485,1.6488,42.30,0.80
2007.08.02 19:06:43.148,1.64855,1.64885,0.80,31.10
2007.08.02 19:06:43.185,1.6486,1.64885,2.40,31.10
2007.08.02 19:06:43.256,1.6486,1.6488,8.00,0.90
2007.08.02 19:06:43.283,1.6486,1.6488,23.90,0.90
2007.08.02 19:06:43.687,1.6486,1.64885,31.90,15.20
2007.08.02 19:06:49.174,1.6486,1.64885,5.60,4.80
2007.08.02 19:06:50.631,1.6486,1.64885,5.60,6.40
2007.08.02 19:06:52.217,1.6485,1.64885,14.40,6.40
2007.08.02 19:06:52.299,1.6485,1.64885,10.40,6.40
2007.08.02 19:06:52.395,1.6486,1.6488,2.40,0.60
2007.08.02 19:06:52.502,1.6485,1.6488,46.30,0.70
2007.08.02 19:06:52.815,1.6486,1.6488,1.60,0.50
2007.08.02 19:06:52.924,1.6486,1.6488,4.00,0.70
2007.08.02 19:06:54.887,1.6486,1.64885,5.60,32.70
2007.08.02 19:06:55.207,1.6486,1.64885,21.50,16.80
2007.08.02 19:06:55.295,1.6486,1.6488,27.10,0.70
2007.08.02 19:06:56.234,1.6486,1.64885,8.80,6.40
2007.08.02 19:07:07.243,1.6486,1.6488,12.80,5.60
2007.08.02 19:07:18.106,1.6486,1.6488,12.80,6.40
2007.08.02 19:07:18.418,1.6486,1.6488,8.80,14.40
2007.08.02 19:07:18.438,1.6486,1.64875,8.80,0.80
2007.08.02 19:07:19.658,1.6486,1.6488,8.80,24.80
2007.08.02 19:07:19.679,1.6486,1.6488,8.80,16.80
2007.08.02 19:07:19.887,1.6486,1.6488,39.10,27.20
2007.08.02 19:07:20.176,1.6486,1.6488,39.10,26.40
2007.08.02 19:07:20.787,1.6486,1.6488,39.10,24.00
2007.08.02 19:07:23.664,1.6486,1.64875,39.10,0.80
2007.08.02 19:07:23.722,1.6486,1.64875,8.80,0.80
2007.08.02 19:07:31.170,1.6486,1.6487,7.20,2.40
2007.08.02 19:07:31.682,1.6486,1.6487,7.20,4.00
2007.08.02 19:07:31.700,1.6486,1.6487,7.10,4.80
2007.08.02 19:07:31.881,1.6485,1.64855,4.00,0.80
2007.08.02 19:07:32.117,1.6485,1.64855,2.40,0.80
2007.08.02 19:07:32.602,1.6484,1.64855,0.50,0.80
2007.08.02 19:07:33.864,1.6483,1.64855,11.70,0.80
2007.08.02 19:07:36.632,1.64835,1.64855,0.80,0.80
2007.08.02 19:07:36.717,1.6484,1.64855,5.60,0.80
2007.08.02 19:07:36.782,1.6484,1.64855,16.00,0.80
2007.08.02 19:07:36.877,1.6484,1.64855,24.00,0.80
2007.08.02 19:07:37.200,1.6484,1.64855,16.00,0.80
2007.08.02 19:07:39.150,1.6484,1.64855,16.80,0.80
2007.08.02 19:07:39.175,1.6485,1.64855,4.00,0.80
2007.08.02 19:07:39.276,1.6485,1.6486,4.00,2.40
2007.08.02 19:07:39.324,1.6485,1.6486,4.00,0.60
2007.08.02 19:07:39.447,1.6485,1.6487,4.00,20.00
2007.08.02 19:07:39.569,1.6485,1.6486,4.00,0.80
2007.08.02 19:07:39.583,1.6485,1.6487,4.00,0.80
2007.08.02 19:07:39.767,1.6485,1.6487,4.00,0.80
2007.08.02 19:07:41.642,1.6485,1.6487,4.00,0.90
2007.08.02 19:07:41.661,1.6485,1.6487,4.00,0.60
2007.08.02 19:07:41.742,1.6485,1.6486,4.00,0.70
2007.08.02 19:07:41.758,1.6484,1.64865,40.70,12.80
2007.08.02 19:07:42.470,1.6484,1.64865,36.70,12.80
2007.08.02 19:07:42.478,1.6484,1.64865,34.30,12.80
2007.08.02 19:07:49.621,1.6484,1.64865,34.30,4.80
2007.08.02 19:07:49.671,1.6485,1.6487,4.00,22.60
2007.08.02 19:07:49.742,1.6485,1.6488,4.00,29.30
2007.08.02 19:07:49.830,1.6485,1.6488,4.00,51.10
2007.08.02 19:07:50.041,1.6485,1.6488,4.00,50.30
2007.08.02 19:07:50.354,1.6485,1.6488,4.00,46.30
2007.08.02 19:07:50.479,1.6485,1.6487,4.00,0.90
2007.08.02 19:07:50.789,1.6485,1.6488,4.00,41.50
2007.08.02 19:07:52.092,1.6485,1.6487,4.00,0.90
2007.08.02 19:07:52.211,1.6485,1.6488,30.30,36.90
2007.08.02 19:07:52.217,1.6485,1.64875,31.90,7.20
2007.08.02 19:07:52.307,1.6485,1.6487,9.60,0.70
2007.08.02 19:07:52.724,1.6485,1.6487,9.60,0.50
2007.08.02 19:07:52.832,1.6485,1.6487,27.90,0.60
2007.08.02 19:07:54.179,1.6485,1.6486,27.90,0.60
2007.08.02 19:07:58.785,1.6485,1.6487,5.60,16.00
2007.08.02 19:07:59.058,1.6485,1.64865,5.60,4.00
2007.08.02 19:08:01.032,1.6485,1.64865,5.60,5.60
2007.08.02 19:08:03.084,1.6485,1.6486,5.60,0.70
2007.08.02 19:08:09.609,1.6485,1.6486,8.00,0.60
2007.08.02 19:08:09.737,1.6485,1.6486,18.40,0.50
2007.08.02 19:08:10.245,1.6485,1.6486,12.00,0.50
2007.08.02 19:08:11.145,1.6485,1.6487,4.00,8.80
2007.08.02 19:08:11.294,1.6485,1.6486,2.40,0.50
2007.08.02 19:08:11.499,1.6484,1.6486,20.80,0.70
2007.08.02 19:08:11.600,1.6484,1.6487,18.40,11.20
2007.08.02 19:08:11.714,1.6484,1.6486,10.40,0.70
2007.08.02 19:08:12.334,1.6484,1.6487,6.40,11.20
2007.08.02 19:08:14.152,1.6487,1.6488,4.00,42.00
2007.08.02 19:08:14.312,1.64865,1.6487,0.80,0.80
2007.08.02 19:08:14.421,1.64865,1.6487,0.80,0.80
2007.08.02 19:08:16.714,1.6486,1.6487,2.40,0.60
2007.08.02 19:08:16.765,1.6486,1.6487,2.40,0.90
2007.08.02 19:08:17.142,1.6486,1.64875,2.40,12.70
2007.08.02 19:08:17.330,1.6486,1.64875,2.40,14.30
2007.08.02 19:08:17.427,1.6485,1.6487,24.00,0.70
2007.08.02 19:08:17.710,1.6485,1.64875,24.00,22.30
2007.08.02 19:08:18.167,1.6485,1.64875,20.00,24.70
2007.08.02 19:08:18.230,1.6485,1.6487,4.00,7.90
2007.08.02 19:08:18.276,1.6484,1.6486,10.40,0.80
2007.08.02 19:08:18.336,1.6484,1.6487,16.80,39.80
2007.08.02 19:08:18.478,1.6484,1.6487,14.40,42.20
2007.08.02 19:08:18.647,1.6484,1.6486,4.00,0.90
2007.08.02 19:08:18.693,1.6483,1.64865,15.70,16.00
2007.08.02 19:08:18.751,1.6483,1.64865,15.70,39.90
2007.08.02 19:08:19.611,1.6483,1.6486,15.70,0.50
2007.08.02 19:08:19.683,1.6484,1.64865,2.40,3.20
2007.08.02 19:08:19.717,1.64845,1.64865,0.80,3.20
2007.08.02 19:08:19.802,1.64845,1.6486,0.80,0.50
2007.08.02 19:08:20.101,1.6485,1.6486,4.00,0.80
2007.08.02 19:08:20.223,1.64855,1.6487,0.80,0.80
2007.08.02 19:08:20.308,1.64855,1.64875,0.80,30.30
2007.08.02 19:08:20.336,1.6486,1.6487,4.00,0.80
2007.08.02 19:08:20.438,1.6486,1.6487,4.00,0.70
2007.08.02 19:08:20.511,1.6486,1.64875,4.00,23.90
2007.08.02 19:08:20.538,1.6486,1.6487,4.00,0.70
2007.08.02 19:08:22.903,1.6486,1.64875,4.00,3.10
2007.08.02 19:08:23.828,1.6486,1.64875,4.00,21.50
2007.08.02 19:08:24.236,1.6486,1.6488,4.00,38.80
2007.08.02 19:08:24.250,1.6486,1.6488,4.00,25.20
2007.08.02 19:08:24.676,1.6487,1.6488,4.00,19.70
2007.08.02 19:08:24.757,1.6487,1.64885,4.00,19.20
2007.08.02 19:08:24.956,1.6487,1.64885,4.00,11.20
2007.08.02 19:08:25.089,1.6487,1.64885,4.00,8.80
2007.08.02 19:08:25.183,1.6487,1.6488,4.00,0.50
2007.08.02 19:08:25.376,1.6487,1.6488,4.00,0.90
2007.08.02 19:08:25.687,1.6487,1.64885,4.00,8.00
2007.08.02 19:08:26.543,1.6487,1.64885,4.00,7.20
2007.08.02 19:08:27.649,1.6487,1.64885,4.00,6.40
2007.08.02 19:08:28.177,1.6487,1.64885,4.00,5.60
2007.08.02 19:08:28.297,1.6487,1.6488,4.00,0.50
2007.08.02 19:08:28.354,1.6487,1.64885,4.00,4.00
2007.08.02 19:08:29.707,1.6487,1.6488,4.00,0.50
2007.08.02 19:08:29.737,1.6487,1.6488,4.00,0.80
2007.08.02 19:08:29.832,1.6487,1.6488,4.00,0.80
2007.08.02 19:08:30.043,1.6487,1.6488,4.00,0.70
2007.08.02 19:08:30.151,1.6487,1.64885,4.00,32.00
2007.08.02 19:08:30.218,1.6486,1.6488,40.70,0.70
2007.08.02 19:08:30.266,1.6486,1.6488,6.40,0.60
2007.08.02 19:08:30.369,1.6486,1.64885,6.40,16.80
2007.08.02 19:08:30.527,1.6486,1.6488,4.00,0.90
2007.08.02 19:08:30.668,1.6486,1.6488,4.00,0.50
2007.08.02 19:08:30.731,1.6486,1.6487,4.00,0.70
2007.08.02 19:08:31.249,1.6486,1.64885,4.00,10.40
2007.08.02 19:08:31.299,1.6486,1.6488,14.40,0.80
2007.08.02 19:08:33.581,1.6486,1.6488,14.40,24.80
2007.08.02 19:08:33.700,1.6486,1.64875,14.40,0.80
2007.08.02 19:08:33.769,1.6486,1.64875,4.00,0.80
2007.08.02 19:08:33.901,1.6486,1.6487,4.00,1.60
2007.08.02 19:08:50.185,1.6486,1.64875,5.60,0.80
2007.08.02 19:08:50.773,1.64855,1.64875,6.40,0.80
2007.08.02 19:08:52.862,1.6486,1.64875,2.30,0.80
2007.08.02 19:08:54.106,1.64855,1.64875,12.00,0.80
2007.08.02 19:08:54.165,1.6486,1.6488,14.40,13.60
2007.08.02 19:08:54.203,1.64865,1.6488,0.80,5.60
2007.08.02 19:08:54.274,1.64865,1.6488,4.80,5.60
2007.08.02 19:08:54.731,1.64865,1.6488,4.80,24.00
2007.08.02 19:08:54.827,1.6486,1.6488,15.20,26.40
2007.08.02 19:08:54.926,1.64855,1.6488,48.70,24.00
2007.08.02 19:08:55.032,1.64855,1.6488,44.70,24.00
2007.08.02 19:08:55.435,1.6486,1.6488,6.50,24.00
2007.08.02 19:08:56.398,1.6486,1.6488,43.10,24.00
2007.08.02 19:08:56.925,1.6487,1.6488,0.50,16.00
2007.08.02 19:08:58.119,1.6486,1.6488,3.20,13.60
2007.08.02 19:08:58.213,1.6487,1.6488,2.90,13.60
2007.08.02 19:08:58.262,1.64865,1.6488,6.40,3.20
2007.08.02 19:09:07.254,1.6487,1.6488,2.70,1.60
2007.08.02 19:09:07.377,1.6487,1.6488,2.20,1.60
2007.08.02 19:09:09.148,1.64865,1.6488,8.80,1.60
2007.08.02 19:09:09.205,1.6487,1.6488,2.40,3.20
2007.08.02 19:09:09.365,1.64865,1.6488,6.40,3.20
2007.08.02 19:09:15.157,1.64865,1.6488,8.00,1.60
2007.08.02 19:09:55.691,1.6487,1.6488,1.60,5.60
2007.08.02 19:09:55.795,1.6487,1.6488,1.60,31.90
2007.08.02 19:09:56.728,1.6487,1.6488,1.60,16.00
2007.08.02 19:09:56.933,1.6487,1.6488,1.60,24.00
2007.08.02 19:09:58.098,1.6487,1.6488,1.60,28.00
2007.08.02 19:09:58.192,1.6487,1.64875,1.60,0.80
2007.08.02 19:10:00.740,1.6487,1.6488,1.60,21.60
2007.08.02 19:10:02.123,1.6487,1.6488,1.60,17.60
2007.08.02 19:10:02.175,1.6487,1.6488,1.60,15.20
2007.08.02 19:10:02.219,1.6487,1.6488,1.60,12.80
2007.08.02 19:10:02.270,1.6487,1.6488,7.20,10.40
2007.08.02 19:10:02.342,1.6487,1.6488,7.20,4.00
2007.08.02 19:10:02.801,1.6487,1.6488,5.60,3.20
2007.08.02 19:10:21.707,1.6487,1.6488,7.20,1.60
2007.08.02 19:10:25.257,1.6487,1.6488,17.60,1.60
2007.08.02 19:10:37.684,1.6487,1.6488,7.20,1.60
2007.08.02 19:10:40.702,1.6487,1.6488,1.60,4.00
2007.08.02 19:10:40.814,1.6487,1.6488,1.60,27.90
2007.08.02 19:10:40.920,1.6487,1.6488,1.60,35.90
2007.08.02 19:10:41.120,1.6487,1.6488,1.60,37.50
2007.08.02 19:10:41.230,1.6487,1.6488,1.60,39.90
2007.08.02 19:10:41.620,1.6487,1.6488,1.60,42.30
2007.08.02 19:10:42.132,1.6487,1.6488,1.60,39.90
2007.08.02 19:10:42.755,1.6487,1.6488,1.60,24.00
2007.08.02 19:10:42.872,1.6487,1.6488,1.60,5.60
2007.08.02 19:10:43.081,1.6487,1.6488,1.60,4.00
2007.08.02 19:10:43.562,1.6487,1.6488,1.60,1.60
2007.08.02 19:10:45.707,1.6487,1.6488,7.20,1.60
2007.08.02 19:10:48.376,1.6487,1.64885,7.20,2.40
2007.08.02 19:10:53.659,1.6487,1.6489,9.60,40.10
2007.08.02 19:10:53.776,1.6487,1.6489,33.50,22.40
2007.08.02 19:10:53.876,1.6487,1.6488,41.50,0.90
2007.08.02 19:10:54.168,1.6487,1.6488,39.90,0.90
2007.08.02 19:10:56.224,1.6487,1.64885,23.90,4.00
2007.08.02 19:10:56.236,1.6487,1.6488,8.00,0.70
2007.08.02 19:10:56.644,1.6487,1.64885,5.60,4.00
2007.08.02 19:10:57.848,1.6487,1.64885,1.60,4.00
2007.08.02 19:10:57.893,1.6487,1.64885,1.60,14.40
2007.08.02 19:11:01.937,1.6487,1.6488,1.60,0.80
2007.08.02 19:11:04.342,1.6487,1.64885,1.60,14.40
2007.08.02 19:11:04.676,1.6487,1.64885,1.60,16.80
2007.08.02 19:11:04.755,1.6487,1.64885,1.60,32.70
2007.08.02 19:11:04.969,1.6487,1.64885,1.60,10.40
2007.08.02 19:11:07.238,1.6487,1.64885,1.60,14.40
2007.08.02 19:11:07.438,1.6487,1.64885,1.60,22.40
2007.08.02 19:11:11.464,1.6487,1.6488,0.80,0.90
2007.08.02 19:11:11.814,1.6486,1.64885,41.50,4.00
2007.08.02 19:11:13.697,1.64865,1.64885,8.00,2.40
2007.08.02 19:11:13.863,1.64865,1.64885,18.40,2.40
2007.08.02 19:11:15.729,1.6488,1.6489,0.90,36.20
2007.08.02 19:11:15.742,1.6488,1.6489,1.70,10.40
2007.08.02 19:11:16.043,1.6487,1.6489,19.20,6.40
2007.08.02 19:11:16.244,1.6488,1.6489,2.10,2.40
2007.08.02 19:11:16.893,1.64875,1.64895,6.40,0.80
2007.08.02 19:11:19.691,1.64875,1.64895,16.80,0.80
2007.08.02 19:11:19.693,1.64885,1.649,0.80,44.70
2007.08.02 19:11:19.785,1.6488,1.649,6.40,10.40
2007.08.02 19:11:19.885,1.64885,1.649,0.80,18.40
2007.08.02 19:11:20.093,1.64885,1.649,0.80,14.40
2007.08.02 19:11:20.186,1.64885,1.649,4.80,14.40
2007.08.02 19:11:20.204,1.64885,1.649,4.80,10.40
2007.08.02 19:11:20.300,1.6489,1.649,1.20,6.40
2007.08.02 19:11:20.915,1.64885,1.649,4.80,4.00
2007.08.02 19:11:23.628,1.6489,1.649,0.70,4.00
2007.08.02 19:11:25.284,1.6489,1.649,1.50,5.60
2007.08.02 19:11:26.671,1.64885,1.649,2.40,5.60
2007.08.02 19:11:26.951,1.6488,1.649,10.40,39.90
2007.08.02 19:11:27.047,1.6488,1.649,6.40,41.50
2007.08.02 19:11:28.082,1.6488,1.649,4.00,42.30
2007.08.02 19:11:28.209,1.64865,1.6489,14.40,1.60
2007.08.02 19:11:29.668,1.6487,1.6489,0.60,1.60
2007.08.02 19:11:38.296,1.64865,1.64895,12.80,0.80
2007.08.02 19:11:46.209,1.64875,1.64895,0.80,0.80
2007.08.02 19:11:46.410,1.6488,1.64895,4.00,0.80
2007.08.02 19:11:50.671,1.6488,1.64895,22.40,0.80
2007.08.02 19:11:55.633,1.6488,1.64895,23.20,0.80
2007.08.02 19:11:55.677,1.64885,1.64895,0.80,0.80
2007.08.02 19:11:55.783,1.6489,1.649,4.00,8.00
2007.08.02 19:11:56.046,1.6489,1.649,4.00,7.20
2007.08.02 19:11:56.701,1.6489,1.649,4.00,4.80
2007.08.02 19:12:02.250,1.6489,1.649,5.60,3.20
2007.08.02 19:12:19.069,1.6489,1.649,6.40,3.20
2007.08.02 19:12:19.164,1.649,1.6491,4.00,11.20
2007.08.02 19:12:19.201,1.649,1.6491,4.00,13.60
2007.08.02 19:12:19.294,1.649,1.6491,4.00,1.60
2007.08.02 19:12:38.276,1.6489,1.6491,4.00,1.60
2007.08.02 19:12:38.371,1.6488,1.6491,6.40,35.90
2007.08.02 19:12:38.376,1.6488,1.6491,8.80,35.90
2007.08.02 19:12:40.534,1.6488,1.649,6.40,2.40
2007.08.02 19:12:40.643,1.6488,1.649,6.40,10.40
2007.08.02 19:12:40.726,1.6488,1.649,2.40,12.00
2007.08.02 19:12:40.765,1.6487,1.649,48.90,27.90
2007.08.02 19:12:40.862,1.6487,1.649,43.30,27.90
2007.08.02 19:12:41.060,1.6488,1.649,8.00,27.90
2007.08.02 19:12:41.184,1.6488,1.649,10.40,27.90
2007.08.02 19:12:41.250,1.6488,1.649,12.00,27.90
2007.08.02 19:12:41.273,1.6488,1.649,31.90,12.00
2007.08.02 19:12:41.455,1.6488,1.649,35.90,12.00
2007.08.02 19:12:42.072,1.6488,1.64905,35.90,12.80
2007.08.02 19:12:55.270,1.6488,1.64905,37.50,12.80
2007.08.02 19:12:57.869,1.6488,1.64905,29.50,12.80
2007.08.02 19:12:59.747,1.6488,1.649,31.10,0.70
2007.08.02 19:13:01.726,1.6488,1.64905,31.10,14.40
2007.08.02 19:13:01.827,1.6488,1.649,39.10,0.90
2007.08.02 19:13:03.249,1.6488,1.649,39.10,0.50
2007.08.02 19:13:05.118,1.6488,1.649,39.90,0.50
2007.08.02 19:13:05.184,1.6489,1.649,5.60,0.80
2007.08.02 19:13:05.227,1.6489,1.64905,5.60,4.00
2007.08.02 19:13:07.747,1.6489,1.64905,4.00,5.60
2007.08.02 19:13:09.735,1.6489,1.64905,5.60,4.00
2007.08.02 19:13:11.152,1.6489,1.649,4.00,4.80
2007.08.02 19:13:17.230,1.6489,1.649,5.60,3.20
2007.08.02 19:13:21.153,1.6489,1.64905,5.60,4.00
2007.08.02 19:13:21.621,1.6489,1.649,7.20,3.20
2007.08.02 19:13:56.652,1.6489,1.649,5.60,3.20
2007.08.02 19:13:56.741,1.6489,1.649,5.60,4.80
2007.08.02 19:13:58.232,1.6489,1.649,7.20,3.20
2007.08.02 19:14:05.809,1.6489,1.64895,3.20,0.80
2007.08.02 19:14:06.206,1.6489,1.649,1.60,4.80
2007.08.02 19:14:06.222,1.6489,1.649,1.60,20.80
2007.08.02 19:14:12.679,1.6489,1.649,1.60,19.20
2007.08.02 19:14:12.962,1.6489,1.649,1.60,3.20
2007.08.02 19:14:13.182,1.6489,1.649,3.20,3.20
2007.08.02 19:14:13.302,1.6489,1.649,7.20,3.20
2007.08.02 19:14:26.749,1.6489,1.64895,1.60,0.80
2007.08.02 19:14:27.041,1.6489,1.649,1.60,3.20
2007.08.02 19:14:29.230,1.6489,1.649,7.20,3.20
2007.08.02 19:15:01.234,1.6489,1.649,5.60,3.20
2007.08.02 19:15:13.179,1.6489,1.649,16.00,3.20
2007.08.02 19:15:16.290,1.6489,1.649,16.00,4.80
2007.08.02 19:15:19.195,1.6489,1.649,17.60,4.80
2007.08.02 19:15:21.584,1.6489,1.649,17.60,0.50
2007.08.02 19:15:25.732,1.6489,1.64905,19.20,5.60
2007.08.02 19:15:25.927,1.6489,1.649,23.20,0.80
2007.08.02 19:15:26.439,1.6489,1.6491,19.20,29.70
2007.08.02 19:15:33.173,1.6489,1.64905,8.80,5.60
2007.08.02 19:15:55.259,1.6489,1.649,43.10,4.80
2007.08.02 19:16:02.388,1.6489,1.649,43.90,4.80
2007.08.02 19:16:02.560,1.6489,1.649,44.70,4.80
2007.08.02 19:16:05.218,1.6489,1.649,43.90,4.80
2007.08.02 19:16:05.289,1.6489,1.649,43.10,5.60
2007.08.02 19:16:05.425,1.6489,1.649,43.10,6.40
2007.08.02 19:16:05.485,1.6489,1.649,43.10,7.20
2007.08.02 19:16:05.520,1.6489,1.649,43.10,6.40
2007.08.02 19:16:05.604,1.6489,1.649,43.10,7.20
2007.08.02 19:16:05.715,1.6489,1.649,8.80,6.40
2007.08.02 19:16:05.733,1.6489,1.649,3.20,8.00
2007.08.02 19:16:05.839,1.6489,1.649,3.20,8.80
2007.08.02 19:16:05.931,1.6488,1.6489,18.40,0.80
2007.08.02 19:16:05.986,1.6489,1.649,2.40,12.80
2007.08.02 19:16:06.020,1.6489,1.649,0.80,12.80
2007.08.02 19:16:06.156,1.6489,1.649,0.80,11.20
2007.08.02 19:16:06.251,1.6489,1.649,0.80,14.40
2007.08.02 19:16:06.280,1.6489,1.649,0.80,18.40
2007.08.02 19:16:06.368,1.6488,1.6489,9.60,1.60
2007.08.02 19:16:07.352,1.6488,1.6489,7.20,1.60
2007.08.02 19:16:07.706,1.6488,1.64895,7.20,0.80
2007.08.02 19:16:07.889,1.6488,1.64895,9.60,0.80
2007.08.02 19:16:08.106,1.6488,1.64895,7.20,0.80
2007.08.02 19:16:08.127,1.6488,1.64895,3.20,0.80
2007.08.02 19:16:08.633,1.6488,1.649,3.20,16.80
2007.08.02 19:16:08.934,1.6488,1.649,3.20,14.40
2007.08.02 19:16:10.220,1.6488,1.649,3.20,40.70
2007.08.02 19:16:10.335,1.6488,1.649,5.60,40.70
2007.08.02 19:16:11.701,1.6488,1.649,9.60,39.10
2007.08.02 19:16:11.727,1.6488,1.649,9.60,15.20
2007.08.02 19:16:11.846,1.6488,1.649,9.60,7.20
2007.08.02 19:16:13.246,1.6488,1.649,35.10,7.20
2007.08.02 19:16:13.375,1.6488,1.649,12.80,4.80
2007.08.02 19:16:13.846,1.6488,1.649,0.70,4.80
2007.08.02 19:16:35.148,1.6488,1.649,2.70,6.40
2007.08.02 19:16:35.434,1.6488,1.649,4.50,8.80
2007.08.02 19:16:38.250,1.6488,1.649,8.40,7.20
2007.08.02 19:16:38.366,1.64875,1.649,13.60,4.80
2007.08.02 19:16:42.230,1.6488,1.649,51.10,4.80
2007.08.02 19:16:51.064,1.6489,1.649,6.40,6.40
2007.08.02 19:16:54.517,1.6489,1.649,6.40,8.00
2007.08.02 19:16:56.656,1.6489,1.649,2.40,8.00
2007.08.02 19:16:56.749,1.6488,1.649,47.10,8.00
2007.08.02 19:16:57.160,1.6489,1.649,5.60,8.00
2007.08.02 19:16:57.302,1.6489,1.649,23.90,8.00
2007.08.02 19:16:57.314,1.6489,1.649,27.90,8.00
2007.08.02 19:16:59.254,1.6489,1.649,35.90,8.00
2007.08.02 19:16:59.342,1.6489,1.6492,9.60,8.00
2007.08.02 19:16:59.620,1.6489,1.6492,9.60,5.60
2007.08.02 19:17:02.672,1.6489,1.6492,12.00,2.40
2007.08.02 19:17:02.717,1.64895,1.6492,0.80,2.40
2007.08.02 19:17:03.230,1.649,1.6492,4.00,2.40
2007.08.02 19:17:03.310,1.649,1.6492,22.30,22.60
2007.08.02 19:17:03.724,1.649,1.6492,30.30,22.60
2007.08.02 19:17:03.741,1.649,1.6492,31.90,22.60
2007.08.02 19:17:03.840,1.649,1.6492,31.90,21.80
2007.08.02 19:17:04.684,1.649,1.6492,31.90,9.60
2007.08.02 19:17:05.174,1.6491,1.6492,4.00,9.60
2007.08.02 19:17:05.661,1.6491,1.6492,4.00,17.60
2007.08.02 19:17:08.761,1.6491,1.6492,4.00,18.10
2007.08.02 19:17:08.881,1.6491,1.6492,4.00,20.50
2007.08.02 19:17:09.119,1.6491,1.6492,4.00,22.90
2007.08.02 19:17:09.625,1.649,1.6492,24.70,22.90
2007.08.02 19:17:09.733,1.649,1.6491,24.70,1.60
2007.08.02 19:17:09.760,1.649,1.6491,8.80,1.60
2007.08.02 19:17:09.846,1.649,1.6491,6.40,1.60
2007.08.02 19:17:10.862,1.649,1.6491,4.00,1.60
2007.08.02 19:17:13.215,1.649,1.6491,4.00,20.00
2007.08.02 19:17:15.214,1.6489,1.6491,4.80,20.00
2007.08.02 19:17:15.316,1.6489,1.6491,2.40,5.60
2007.08.02 19:17:15.529,1.6488,1.6491,53.50,31.90
2007.08.02 19:17:15.724,1.6488,1.6491,51.90,31.90
2007.08.02 19:17:15.733,1.6488,1.6491,51.10,31.90
2007.08.02 19:17:16.260,1.6488,1.6491,49.50,31.90
2007.08.02 19:17:16.294,1.6488,1.6491,17.60,39.90
2007.08.02 19:17:16.704,1.6488,1.6491,9.60,39.90
2007.08.02 19:17:18.238,1.6488,1.64915,9.60,40.70
2007.08.02 19:17:42.459,1.6488,1.64915,9.60,41.50
2007.08.02 19:17:42.526,1.6488,1.6491,9.60,0.80
2007.08.02 19:17:42.557,1.6488,1.64915,9.60,45.50
2007.08.02 19:17:42.982,1.6488,1.64915,9.60,44.70
2007.08.02 19:17:43.138,1.6488,1.64915,9.60,43.90
2007.08.02 19:17:46.036,1.6488,1.6491,9.60,43.90
2007.08.02 19:17:46.088,1.6488,1.6491,9.60,44.70
2007.08.02 19:17:47.965,1.6488,1.6491,9.60,43.90
2007.08.02 19:17:48.184,1.6488,1.6491,9.60,43.10
2007.08.02 19:17:48.516,1.6488,1.6491,6.40,43.10
2007.08.02 19:17:48.934,1.6488,1.6491,6.40,42.30
2007.08.02 19:17:48.997,1.6488,1.6491,6.40,41.50
2007.08.02 19:17:49.133,1.6488,1.6491,6.40,40.70
2007.08.02 19:17:49.214,1.6488,1.6491,8.00,40.70
2007.08.02 19:17:49.258,1.6488,1.6491,8.00,39.90
2007.08.02 19:17:49.456,1.6488,1.6491,35.90,27.90
2007.08.02 19:18:22.403,1.6488,1.6491,43.90,27.90
2007.08.02 19:18:49.491,1.6488,1.6491,39.90,27.90
2007.08.02 19:18:54.536,1.6487,1.6491,59.90,27.90
2007.08.02 19:19:22.346,1.6488,1.6491,15.30,19.90
2007.08.02 19:19:22.440,1.6487,1.6491,59.90,27.90
2007.08.02 19:19:25.807,1.6487,1.6491,99.80,27.90
2007.08.02 19:19:50.139,1.6487,1.6491,58.30,28.70
2007.08.02 19:19:50.186,1.6488,1.6491,5.50,28.70
2007.08.02 19:19:50.236,1.6487,1.6491,47.10,29.50
2007.08.02 19:19:50.447,1.6487,1.6491,51.10,37.50
2007.08.02 19:20:03.538,1.6488,1.6491,6.40,36.70
2007.08.02 19:20:03.727,1.6488,1.6491,8.00,36.70
2007.08.02 19:20:03.896,1.6488,1.6491,16.00,35.90
2007.08.02 19:20:03.964,1.6488,1.6491,20.00,35.90
2007.08.02 19:20:04.411,1.6488,1.6491,43.90,28.70
2007.08.02 19:20:04.510,1.6488,1.6491,43.90,27.90
2007.08.02 19:20:07.204,1.6488,1.6491,42.30,27.90
2007.08.02 19:20:07.262,1.6488,1.6491,42.30,28.70
2007.08.02 19:20:07.359,1.6488,1.6491,18.40,35.90
2007.08.02 19:20:07.475,1.6488,1.6491,14.40,35.90
2007.08.02 19:20:07.699,1.6488,1.6491,14.40,37.50
2007.08.02 19:20:07.898,1.6488,1.6491,6.40,29.50
2007.08.02 19:20:08.317,1.6488,1.6491,14.40,37.50
2007.08.02 19:20:09.155,1.6488,1.6491,6.40,29.50
2007.08.02 19:20:09.359,1.6488,1.6491,6.40,28.70
2007.08.02 19:20:12.344,1.6488,1.6491,6.40,29.50
2007.08.02 19:20:12.560,1.6488,1.6491,6.40,28.70
2007.08.02 19:20:12.874,1.6488,1.6491,6.40,37.50
2007.08.02 19:20:13.062,1.6488,1.6491,6.40,0.80
2007.08.02 19:20:17.636,1.6488,1.6491,6.40,36.70
2007.08.02 19:20:17.700,1.6488,1.6491,8.00,36.70
2007.08.02 19:20:17.858,1.6488,1.6491,8.00,37.50
2007.08.02 19:20:18.226,1.6488,1.6491,6.40,37.50
2007.08.02 19:20:18.273,1.6488,1.6491,6.40,36.70
2007.08.02 19:20:18.382,1.6488,1.6491,6.40,37.50
2007.08.02 19:20:30.091,1.6488,1.6491,6.40,38.40
2007.08.02 19:20:30.150,1.6488,1.6491,6.40,39.20
2007.08.02 19:20:37.658,1.6488,1.649,6.40,1.60
2007.08.02 19:20:37.883,1.6488,1.649,6.40,4.80
2007.08.02 19:20:38.710,1.6488,1.649,2.40,4.80
2007.08.02 19:20:47.646,1.6488,1.649,2.40,3.20
2007.08.02 19:20:47.824,1.6488,1.649,2.40,2.40
2007.08.02 19:20:47.932,1.6487,1.6491,22.40,14.50
2007.08.02 19:20:47.946,1.6487,1.6491,22.40,15.30
2007.08.02 19:20:48.449,1.6488,1.6491,2.40,39.20
2007.08.02 19:20:48.561,1.6488,1.6491,6.40,39.20
2007.08.02 19:20:48.657,1.6488,1.6491,6.40,39.10
2007.08.02 19:20:49.274,1.6488,1.6491,6.40,31.10
2007.08.02 19:20:49.764,1.6488,1.6491,6.40,31.20
2007.08.02 19:20:52.809,1.6488,1.6491,6.40,31.90
2007.08.02 19:20:54.122,1.6488,1.6491,6.40,31.10
2007.08.02 19:20:54.148,1.6488,1.6491,6.40,30.30
2007.08.02 19:21:08.565,1.6488,1.6491,6.40,28.70
2007.08.02 19:21:08.692,1.6488,1.6491,8.20,27.90
2007.08.02 19:21:08.713,1.6488,1.6491,9.80,27.90
2007.08.02 19:21:08.781,1.6488,1.6491,8.00,27.90
2007.08.02 19:21:08.890,1.6488,1.6491,20.00,27.90
2007.08.02 19:21:09.197,1.6488,1.6491,20.00,35.90
2007.08.02 19:21:09.313,1.6488,1.6491,43.90,27.90
2007.08.02 19:21:11.378,1.6488,1.6491,44.70,27.90
2007.08.02 19:21:11.793,1.6488,1.6491,45.50,27.90
2007.08.02 19:21:11.902,1.6489,1.6491,8.00,27.90
2007.08.02 19:21:13.747,1.6489,1.6491,9.60,26.30
2007.08.02 19:21:13.974,1.6489,1.6492,5.60,44.70
2007.08.02 19:21:14.228,1.6489,1.6492,5.60,0.50
2007.08.02 19:21:14.367,1.6489,1.6492,9.60,0.70
2007.08.02 19:21:14.391,1.6489,1.64925,9.60,29.60
2007.08.02 19:21:15.722,1.6489,1.6491,8.00,1.60
2007.08.02 19:21:15.846,1.6489,1.6491,22.30,12.00
2007.08.02 19:21:16.169,1.6489,1.6491,19.90,12.00
2007.08.02 19:21:16.242,1.6489,1.6491,15.90,12.00
2007.08.02 19:21:16.264,1.6488,1.6491,43.90,35.90
2007.08.02 19:21:16.784,1.6488,1.6491,35.90,35.90
2007.08.02 19:21:23.829,1.6488,1.6491,35.90,27.90
2007.08.02 19:21:24.632,1.6488,1.6491,35.90,28.70
2007.08.02 19:21:24.670,1.6488,1.6491,34.30,28.70
2007.08.02 19:21:24.735,1.6488,1.6491,34.30,29.50
2007.08.02 19:21:24.828,1.6488,1.6491,30.30,29.50
2007.08.02 19:21:25.041,1.6488,1.6491,30.30,28.70
2007.08.02 19:21:25.146,1.6488,1.6491,30.30,27.90
2007.08.02 19:21:25.244,1.6488,1.6491,30.30,29.50
2007.08.02 19:21:25.358,1.6488,1.6491,6.40,37.50
2007.08.02 19:21:26.305,1.6488,1.6491,14.40,45.50
2007.08.02 19:21:29.115,1.6488,1.649,14.40,1.60
2007.08.02 19:21:29.151,1.6488,1.64895,14.40,0.80
2007.08.02 19:21:29.234,1.6488,1.64895,4.00,0.80
2007.08.02 19:21:29.259,1.6487,1.64895,16.00,0.80
2007.08.02 19:21:29.338,1.6487,1.6489,38.30,2.40
2007.08.02 19:21:29.364,1.6487,1.6489,35.90,2.40
2007.08.02 19:21:29.436,1.6487,1.6489,31.90,2.40
2007.08.02 19:21:34.279,1.64875,1.6489,0.80,2.40
2007.08.02 19:21:34.712,1.64875,1.64895,0.80,0.80
2007.08.02 19:21:34.818,1.6488,1.64895,5.60,0.80
2007.08.02 19:21:34.826,1.6488,1.64895,16.00,0.80
2007.08.02 19:21:36.069,1.6488,1.64895,18.40,0.80
2007.08.02 19:21:36.143,1.64885,1.64895,0.80,0.80
2007.08.02 19:21:36.250,1.6489,1.649,5.60,2.40
2007.08.02 19:21:36.655,1.6489,1.64905,5.60,0.80
2007.08.02 19:21:40.101,1.6489,1.64905,8.80,0.80
2007.08.02 19:21:40.236,1.64895,1.6491,0.80,6.40
2007.08.02 19:21:40.327,1.64895,1.6491,0.80,8.00
2007.08.02 19:21:40.429,1.64895,1.6491,0.80,4.00
2007.08.02 19:21:40.442,1.64895,1.6491,0.80,1.60
2007.08.02 19:21:40.553,1.649,1.6491,4.00,1.60
2007.08.02 19:21:44.148,1.649,1.6491,4.00,2.40
2007.08.02 19:21:44.461,1.649,1.6491,4.00,3.20
2007.08.02 19:21:44.670,1.6489,1.6491,6.40,3.20
2007.08.02 19:21:44.821,1.6489,1.6491,10.40,45.50
2007.08.02 19:21:44.892,1.6489,1.6491,2.40,37.50
2007.08.02 19:21:45.219,1.6489,1.6491,2.40,44.70
2007.08.02 19:21:45.388,1.6489,1.649,2.40,1.60
2007.08.02 19:21:45.403,1.6489,1.649,2.40,17.50
2007.08.02 19:21:45.598,1.6487,1.649,28.80,17.50
2007.08.02 19:21:45.635,1.6487,1.649,28.00,17.50
2007.08.02 19:21:45.702,1.6487,1.649,28.00,15.90
2007.08.02 19:21:45.741,1.6487,1.649,26.40,15.90
2007.08.02 19:21:45.952,1.6487,1.649,27.20,15.90
2007.08.02 19:21:46.365,1.6488,1.6491,8.00,36.70
2007.08.02 19:21:46.419,1.6488,1.6491,12.00,36.70
2007.08.02 19:21:46.481,1.6488,1.6491,14.40,36.70
2007.08.02 19:21:48.872,1.6488,1.6491,14.40,35.90
2007.08.02 19:21:50.268,1.6488,1.6491,6.40,35.90
2007.08.02 19:21:52.235,1.6488,1.6491,6.40,27.90
2007.08.02 19:22:11.159,1.6488,1.64905,6.40,0.80
2007.08.02 19:22:11.211,1.6488,1.649,4.00,18.30
2007.08.02 19:22:11.255,1.6487,1.649,28.20,19.90
2007.08.02 19:22:11.321,1.6487,1.649,22.60,19.90
2007.08.02 19:22:11.423,1.6487,1.649,26.60,19.90
2007.08.02 19:22:11.463,1.6487,1.649,24.20,19.90
2007.08.02 19:22:11.748,1.6487,1.649,24.20,27.90
2007.08.02 19:22:13.902,1.6487,1.649,23.40,27.90
2007.08.02 19:22:14.352,1.6487,1.649,3.40,27.90
2007.08.02 19:22:16.184,1.6487,1.649,6.00,27.90
2007.08.02 19:22:36.731,1.64865,1.649,24.20,27.90
2007.08.02 19:22:38.050,1.64865,1.649,23.40,27.90
2007.08.02 19:22:59.118,1.6487,1.649,22.60,29.50
2007.08.02 19:22:59.229,1.64895,1.649,0.80,3.20
2007.08.02 19:22:59.296,1.64895,1.649,0.80,1.60
2007.08.02 19:22:59.694,1.649,1.6491,4.00,20.70
2007.08.02 19:23:00.161,1.649,1.6491,4.00,4.80
2007.08.02 19:23:00.519,1.649,1.6491,4.00,2.40
2007.08.02 19:23:00.677,1.649,1.6491,4.00,3.20
2007.08.02 19:23:01.441,1.649,1.6491,4.00,2.40
2007.08.02 19:23:05.152,1.6489,1.6491,4.80,2.40
2007.08.02 19:23:05.227,1.6489,1.6491,6.40,3.20
2007.08.02 19:23:05.333,1.6489,1.6491,2.40,44.70
2007.08.02 19:23:05.462,1.6488,1.6491,14.40,44.70
2007.08.02 19:23:05.748,1.6488,1.6491,6.40,44.70
2007.08.02 19:23:07.091,1.6488,1.649,6.40,1.60
2007.08.02 19:23:07.214,1.6488,1.649,4.00,8.00
2007.08.02 19:23:07.398,1.6488,1.64895,4.00,0.80
2007.08.02 19:23:07.493,1.6487,1.64895,26.40,0.80
2007.08.02 19:23:11.547,1.6487,1.64895,27.20,0.80
2007.08.02 19:23:11.676,1.6487,1.649,27.20,39.90
2007.08.02 19:23:11.772,1.6488,1.649,6.40,12.00
2007.08.02 19:23:11.871,1.6488,1.649,6.40,4.00
2007.08.02 19:23:12.084,1.6488,1.649,6.40,2.40
2007.08.02 19:23:12.602,1.6488,1.6491,6.40,25.60
2007.08.02 19:23:16.127,1.6488,1.6491,6.40,27.20
2007.08.02 19:23:16.210,1.6488,1.649,2.40,1.60
2007.08.02 19:23:16.348,1.6487,1.649,28.80,9.60
2007.08.02 19:23:16.643,1.6487,1.649,28.80,17.60
2007.08.02 19:23:23.789,1.6487,1.649,28.80,9.60
2007.08.02 19:23:24.316,1.6487,1.649,28.80,17.60
2007.08.02 19:23:35.087,1.6487,1.649,29.60,17.60
2007.08.02 19:23:35.193,1.64875,1.649,0.80,17.60
2007.08.02 19:23:35.206,1.6488,1.649,2.40,17.60
2007.08.02 19:23:35.313,1.6488,1.649,8.00,17.60
2007.08.02 19:23:35.709,1.6488,1.649,16.00,17.60
2007.08.02 19:24:07.360,1.6488,1.649,24.00,17.60
2007.08.02 19:24:15.116,1.64875,1.649,24.80,17.60
2007.08.02 19:24:21.247,1.64875,1.649,16.80,17.60
2007.08.02 19:24:37.251,1.64875,1.6489,15.20,1.60
2007.08.02 19:24:37.825,1.6488,1.6489,2.30,1.60
2007.08.02 19:24:39.705,1.64875,1.649,6.40,5.60
2007.08.02 19:24:39.823,1.64875,1.649,16.80,20.00
2007.08.02 19:24:40.399,1.6488,1.649,10.40,20.00
2007.08.02 19:24:49.193,1.6488,1.6489,30.30,1.60
2007.08.02 19:24:49.347,1.6488,1.6489,4.00,1.60
2007.08.02 19:24:50.208,1.6488,1.6489,5.60,1.60
2007.08.02 19:24:50.413,1.6488,1.649,5.60,5.60
2007.08.02 19:24:50.903,1.6488,1.649,16.00,27.90
2007.08.02 19:24:51.427,1.6488,1.649,31.90,12.00
2007.08.02 19:25:03.208,1.6488,1.6489,30.30,1.60
2007.08.02 19:25:03.449,1.6488,1.6489,4.00,1.60
2007.08.02 19:25:04.781,1.6488,1.649,5.60,5.60
2007.08.02 19:25:05.412,1.6488,1.649,31.90,12.00
2007.08.02 19:25:20.892,1.6488,1.649,34.30,12.00
2007.08.02 19:25:49.362,1.6488,1.649,42.30,12.00
2007.08.02 19:25:54.530,1.6488,1.64905,42.30,12.80
2007.08.02 19:26:07.310,1.6488,1.649,34.30,12.00
2007.08.02 19:26:11.343,1.6488,1.649,42.30,12.00
2007.08.02 19:26:15.898,1.6488,1.649,34.30,12.00
2007.08.02 19:26:19.119,1.6488,1.649,31.90,12.00
2007.08.02 19:26:19.215,1.6488,1.649,30.30,10.40
2007.08.02 19:26:19.229,1.6488,1.649,14.40,2.40
2007.08.02 19:26:19.527,1.6488,1.6491,14.40,40.70
2007.08.02 19:26:19.739,1.6488,1.6491,6.40,40.70
2007.08.02 19:26:20.103,1.6488,1.6491,6.40,38.30
2007.08.02 19:26:21.098,1.6488,1.649,6.40,1.60
2007.08.02 19:26:21.148,1.6488,1.64895,6.40,0.80
2007.08.02 19:26:21.191,1.6488,1.64895,4.00,0.80
2007.08.02 19:26:21.256,1.6487,1.64895,10.40,0.80
2007.08.02 19:26:21.307,1.6487,1.64895,40.70,0.80
2007.08.02 19:26:21.466,1.6487,1.64895,38.30,0.80
2007.08.02 19:26:21.514,1.6487,1.64895,34.30,0.80
2007.08.02 19:26:21.899,1.64865,1.64895,35.10,0.80
2007.08.02 19:26:23.267,1.6487,1.64895,7.00,0.80
2007.08.02 19:26:23.717,1.64865,1.6489,43.10,1.60
2007.08.02 19:26:36.834,1.64865,1.6489,43.90,1.60
2007.08.02 19:26:36.909,1.6487,1.6489,18.60,1.60
2007.08.02 19:26:37.041,1.64865,1.6489,43.90,1.60
2007.08.02 19:26:37.266,1.6487,1.6489,5.60,1.60
2007.08.02 19:26:52.668,1.6488,1.64895,1.60,0.80
2007.08.02 19:26:52.879,1.6488,1.649,1.60,24.80
2007.08.02 19:26:53.314,1.6488,1.649,1.60,16.80
2007.08.02 19:26:53.400,1.6488,1.649,5.60,16.80
2007.08.02 19:26:53.431,1.6488,1.649,5.60,12.80
2007.08.02 19:26:54.278,1.6488,1.649,5.60,20.80
2007.08.02 19:26:55.692,1.6488,1.649,5.60,18.40
2007.08.02 19:26:55.808,1.6488,1.649,16.00,40.10
2007.08.02 19:26:56.430,1.6488,1.649,16.00,44.10
2007.08.02 19:26:56.469,1.6488,1.649,16.00,41.70
2007.08.02 19:26:57.061,1.6488,1.649,16.00,40.10
2007.08.02 19:26:57.156,1.6488,1.649,16.00,32.10
2007.08.02 19:26:57.178,1.6488,1.649,18.40,29.70
2007.08.02 19:26:57.267,1.6488,1.649,12.00,4.00
2007.08.02 19:26:57.288,1.6488,1.649,12.00,2.40
2007.08.02 19:26:57.468,1.6488,1.649,46.30,2.40
2007.08.02 19:26:57.703,1.6489,1.6491,4.00,35.90
2007.08.02 19:26:57.780,1.6489,1.6491,6.40,12.00
2007.08.02 19:26:57.906,1.6489,1.6491,6.40,10.40
2007.08.02 19:27:01.182,1.6489,1.649,6.40,1.60
2007.08.02 19:27:01.287,1.6489,1.649,2.40,1.60
2007.08.02 19:27:01.415,1.6488,1.649,36.70,1.60
2007.08.02 19:27:01.825,1.6488,1.649,36.70,9.60
2007.08.02 19:27:02.240,1.6488,1.649,36.70,1.60
2007.08.02 19:27:02.917,1.6488,1.649,34.30,1.60
2007.08.02 19:27:04.198,1.6488,1.649,34.30,4.00
2007.08.02 19:27:04.318,1.6488,1.649,34.30,12.00
2007.08.02 19:27:04.732,1.6488,1.649,34.30,20.00
2007.08.02 19:27:19.186,1.6488,1.6489,32.70,1.60
2007.08.02 19:27:19.454,1.6488,1.6489,16.80,1.60
2007.08.02 19:27:19.905,1.6488,1.6489,20.80,1.60
2007.08.02 19:27:20.298,1.6488,1.6489,36.70,1.60
2007.08.02 19:27:24.256,1.6488,1.649,38.30,20.00
2007.08.02 19:27:24.773,1.6488,1.649,38.30,20.80
2007.08.02 19:27:24.864,1.6488,1.649,34.30,25.60
2007.08.02 19:27:25.177,1.6488,1.649,34.30,24.80
2007.08.02 19:27:25.457,1.6488,1.649,18.40,25.60
2007.08.02 19:27:32.503,1.6488,1.649,18.40,24.80
2007.08.02 19:27:33.235,1.6488,1.649,18.40,24.00
2007.08.02 19:27:33.341,1.6488,1.649,8.00,5.60
2007.08.02 19:27:35.625,1.6488,1.649,8.00,6.40
2007.08.02 19:27:35.747,1.6488,1.649,6.40,7.20
2007.08.02 19:27:35.827,1.6488,1.649,16.80,29.50
2007.08.02 19:27:36.306,1.6488,1.649,32.70,13.60
2007.08.02 19:27:36.355,1.6488,1.649,32.70,12.80
2007.08.02 19:27:36.565,1.6488,1.649,32.70,12.00
2007.08.02 19:27:37.663,1.6488,1.649,34.30,12.00
2007.08.02 19:27:43.122,1.6489,1.649,4.00,12.00
2007.08.02 19:27:43.203,1.6489,1.649,4.00,1.60
2007.08.02 19:28:00.194,1.6488,1.6491,19.90,20.80
2007.08.02 19:28:00.210,1.6488,1.6491,21.50,20.80
2007.08.02 19:28:00.284,1.6488,1.6491,22.30,20.80
2007.08.02 19:28:00.311,1.6489,1.6491,26.40,2.40
2007.08.02 19:28:00.392,1.64905,1.6491,0.80,2.40
2007.08.02 19:28:00.702,1.64905,1.6492,0.80,8.00
2007.08.02 19:28:00.738,1.64905,1.6492,0.80,7.20
2007.08.02 19:28:00.895,1.6492,1.64925,4.00,0.80
2007.08.02 19:28:01.145,1.6492,1.64925,4.00,0.80
2007.08.02 19:28:01.208,1.6491,1.6492,4.00,5.60
2007.08.02 19:28:02.127,1.6491,1.6492,4.00,3.20
2007.08.02 19:28:05.639,1.6491,1.6492,4.00,5.60
2007.08.02 19:28:05.690,1.6491,1.6492,4.00,6.40
2007.08.02 19:28:06.053,1.6491,1.6492,4.00,8.00
2007.08.02 19:28:06.107,1.6491,1.6492,4.00,20.00
2007.08.02 19:28:06.242,1.6491,1.6492,4.00,0.70
2007.08.02 19:28:06.317,1.6491,1.6492,4.00,0.50
2007.08.02 19:28:06.359,1.6491,1.6492,4.00,0.50
2007.08.02 19:28:06.537,1.6491,1.64925,4.00,27.20
2007.08.02 19:28:06.569,1.649,1.64925,31.10,24.80
2007.08.02 19:28:06.647,1.649,1.64925,31.10,24.00
2007.08.02 19:28:06.668,1.649,1.64925,33.50,20.80
2007.08.02 19:28:06.836,1.649,1.64925,15.20,2.40
2007.08.02 19:28:06.977,1.64905,1.64925,0.80,2.40
2007.08.02 19:28:07.188,1.6491,1.64925,4.00,2.40
2007.08.02 19:28:10.211,1.6491,1.64935,4.00,15.70
2007.08.02 19:28:10.281,1.6491,1.64935,4.00,15.20
2007.08.02 19:28:10.480,1.6491,1.64935,4.00,13.60
2007.08.02 19:28:10.492,1.6491,1.6493,4.00,0.70
2007.08.02 19:28:10.690,1.6491,1.6493,4.80,0.50
2007.08.02 19:28:10.807,1.6491,1.64935,4.80,10.40
2007.08.02 19:28:10.895,1.6491,1.64935,31.10,12.80
2007.08.02 19:28:11.119,1.6491,1.6494,33.50,37.50
2007.08.02 19:28:11.516,1.6491,1.6494,33.50,62.30
2007.08.02 19:28:11.616,1.6491,1.6494,33.50,61.50
2007.08.02 19:28:11.742,1.6491,1.6494,33.50,51.90
2007.08.02 19:28:12.245,1.6491,1.6494,32.70,32.70
2007.08.02 19:28:12.256,1.6491,1.6494,30.30,32.70
2007.08.02 19:28:12.670,1.6491,1.6494,19.90,32.70
2007.08.02 19:28:12.772,1.6491,1.6493,15.90,0.60
2007.08.02 19:28:12.782,1.64905,1.64935,0.80,20.00
2007.08.02 19:28:12.866,1.649,1.6493,46.30,0.80
2007.08.02 19:28:12.945,1.649,1.6493,12.00,0.60
2007.08.02 19:28:13.055,1.649,1.64935,11.20,5.60
2007.08.02 19:28:13.175,1.649,1.6494,11.20,51.40
2007.08.02 19:28:13.282,1.649,1.6494,45.50,51.40
2007.08.02 19:28:13.475,1.649,1.6494,45.50,56.20
2007.08.02 19:28:13.803,1.649,1.6493,45.50,0.70
2007.08.02 19:28:13.994,1.649,1.6494,43.10,50.60
2007.08.02 19:28:14.092,1.6491,1.6493,4.00,0.80
2007.08.02 19:28:14.227,1.6492,1.6494,2.40,22.70
2007.08.02 19:28:14.299,1.6492,1.6494,6.40,22.70
2007.08.02 19:28:14.835,1.6492,1.6493,6.40,0.80
2007.08.02 19:28:15.143,1.6492,1.6494,4.00,24.00
2007.08.02 19:28:15.252,1.6492,1.6493,4.00,0.50
2007.08.02 19:28:15.481,1.6492,1.6494,6.40,17.80
2007.08.02 19:28:16.348,1.6492,1.6494,4.00,24.80
2007.08.02 19:28:16.361,1.6492,1.64935,4.00,3.20
2007.08.02 19:28:16.399,1.6492,1.6493,4.00,0.50
2007.08.02 19:28:16.488,1.6492,1.64935,4.00,4.00
2007.08.02 19:28:16.566,1.6492,1.64935,4.00,3.20
2007.08.02 19:28:19.415,1.6492,1.6493,4.00,0.80
2007.08.02 19:28:23.888,1.6492,1.64935,4.00,3.20
2007.08.02 19:28:23.971,1.6492,1.6493,4.00,0.60
2007.08.02 19:28:23.995,1.6492,1.6493,4.00,0.50
2007.08.02 19:28:24.189,1.6492,1.6493,4.00,0.80
2007.08.02 19:28:24.586,1.6492,1.6493,4.00,0.50
2007.08.02 19:28:24.609,1.6492,1.64935,4.00,2.40
2007.08.02 19:28:24.898,1.6492,1.64935,4.00,3.20
2007.08.02 19:28:25.001,1.6492,1.6493,4.00,0.50
2007.08.02 19:28:33.606,1.6492,1.6494,4.00,19.20
2007.08.02 19:28:35.690,1.6492,1.64935,5.60,0.80
2007.08.02 19:28:35.711,1.6492,1.64935,6.40,0.80
2007.08.02 19:28:50.026,1.6492,1.64935,16.80,0.80
2007.08.02 19:29:04.716,1.6492,1.64935,6.40,0.80
2007.08.02 19:29:06.620,1.6492,1.6494,6.40,15.70
2007.08.02 19:29:06.700,1.6492,1.6494,6.40,11.70
2007.08.02 19:29:06.798,1.6492,1.6494,16.80,26.10
2007.08.02 19:29:07.113,1.6492,1.6494,16.80,24.50
2007.08.02 19:29:10.844,1.6492,1.6494,16.80,24.00
2007.08.02 19:29:14.801,1.6492,1.6494,16.80,23.20
2007.08.02 19:29:14.830,1.6492,1.6494,16.80,22.40
2007.08.02 19:29:15.138,1.6492,1.6494,19.20,20.00
2007.08.02 19:29:15.224,1.6492,1.6494,19.20,12.00
2007.08.02 19:29:15.610,1.6492,1.6494,19.20,9.60
2007.08.02 19:29:19.150,1.6492,1.6494,19.20,8.00
2007.08.02 19:29:19.348,1.6493,1.6494,0.80,8.00
2007.08.02 19:29:19.441,1.6493,1.6495,0.80,12.00
2007.08.02 19:29:19.659,1.6493,1.6495,4.80,8.00
2007.08.02 19:29:19.779,1.6493,1.6495,4.00,8.00
2007.08.02 19:29:19.866,1.6493,1.6495,6.40,10.40
2007.08.02 19:29:20.178,1.6493,1.6495,8.00,10.40
2007.08.02 19:29:20.193,1.6493,1.6495,8.00,8.00
2007.08.02 19:29:20.285,1.6493,1.6495,31.90,9.80
2007.08.02 19:29:20.391,1.6493,1.6495,32.70,1.80
2007.08.02 19:29:20.663,1.6493,1.6495,16.10,1.80
2007.08.02 19:29:20.706,1.64925,1.6495,35.90,1.80
2007.08.02 19:29:20.805,1.64925,1.6495,43.90,1.80
2007.08.02 19:29:20.901,1.6493,1.6495,18.60,9.80
2007.08.02 19:29:22.239,1.6493,1.6495,8.10,1.80
2007.08.02 19:29:24.638,1.64925,1.6495,43.90,4.20
2007.08.02 19:29:25.627,1.6493,1.6495,8.70,4.20
2007.08.02 19:29:25.675,1.64925,1.6495,41.50,2.40
2007.08.02 19:29:25.721,1.64925,1.6495,41.50,4.00
2007.08.02 19:29:26.298,1.6493,1.6495,13.00,12.00
2007.08.02 19:29:26.396,1.64925,1.6495,25.50,12.00
2007.08.02 19:29:26.658,1.64925,1.6495,25.50,14.40
2007.08.02 19:29:27.175,1.6493,1.6495,2.30,14.40
2007.08.02 19:29:27.230,1.6493,1.6495,15.80,14.40
2007.08.02 19:29:27.270,1.64935,1.6495,0.80,12.00
2007.08.02 19:29:27.681,1.6494,1.6495,0.90,12.00
2007.08.02 19:29:27.848,1.64935,1.6495,4.80,1.60
2007.08.02 19:29:29.632,1.64935,1.6495,4.80,4.00
2007.08.02 19:29:29.750,1.6492,1.6495,36.00,4.00
2007.08.02 19:29:29.929,1.6492,1.6495,35.20,38.30
2007.08.02 19:29:30.138,1.6492,1.6495,38.40,38.30
2007.08.02 19:29:30.238,1.6493,1.6495,2.10,22.40
2007.08.02 19:29:30.359,1.6493,1.6495,11.20,1.60
2007.08.02 19:29:30.463,1.6494,1.6495,2.40,1.60
2007.08.02 19:29:36.199,1.6494,1.6496,1.80,18.40
2007.08.02 19:29:36.245,1.6494,1.6496,1.00,14.40
2007.08.02 19:29:36.338,1.6494,1.6496,3.80,32.80
2007.08.02 19:29:36.737,1.6494,1.6496,10.10,30.40
2007.08.02 19:29:36.965,1.64935,1.6496,31.90,30.40
2007.08.02 19:29:37.083,1.6494,1.6496,3.80,26.40
2007.08.02 19:29:37.388,1.64935,1.6496,31.10,26.40
2007.08.02 19:29:37.670,1.64935,1.6496,32.70,26.40
2007.08.02 19:29:37.908,1.64935,1.6496,32.70,22.40
2007.08.02 19:29:38.124,1.64935,1.6496,32.70,24.00
2007.08.02 19:29:38.187,1.6494,1.64955,2.40,0.80
2007.08.02 19:29:38.213,1.6494,1.64955,7.20,0.80
2007.08.02 19:29:40.383,1.6494,1.64955,5.80,0.80
2007.08.02 19:29:40.704,1.64935,1.64955,16.80,0.80
2007.08.02 19:29:41.155,1.6494,1.64955,5.80,0.80
2007.08.02 19:29:41.227,1.64935,1.64955,16.00,0.80
2007.08.02 19:29:45.685,1.64935,1.64955,13.60,0.80
2007.08.02 19:29:45.696,1.64945,1.6496,2.40,4.00
2007.08.02 19:29:45.890,1.64945,1.6496,6.40,4.00
2007.08.02 19:29:46.195,1.6495,1.6496,1.70,2.40
2007.08.02 19:29:46.713,1.6495,1.64965,2.60,0.80
2007.08.02 19:29:47.018,1.64945,1.6496,6.40,3.20
2007.08.02 19:29:47.214,1.64935,1.64955,24.00,0.80
2007.08.02 19:29:47.235,1.6494,1.64955,6.10,0.80
2007.08.02 19:29:47.351,1.64935,1.64955,20.00,0.80
2007.08.02 19:29:47.426,1.6494,1.64955,5.60,0.80
2007.08.02 19:29:50.120,1.6494,1.64955,19.20,0.80
2007.08.02 19:29:50.161,1.6494,1.64955,27.20,0.80
2007.08.02 19:29:50.261,1.6494,1.64955,31.20,0.80
2007.08.02 19:29:50.319,1.6494,1.6496,31.20,22.40
2007.08.02 19:29:50.691,1.6494,1.6496,31.20,14.40
2007.08.02 19:29:50.737,1.6495,1.6496,5.60,12.80
2007.08.02 19:29:50.777,1.6495,1.6496,5.60,2.40
2007.08.02 19:29:50.839,1.6495,1.64965,5.60,0.80
2007.08.02 19:29:53.246,1.6495,1.64965,6.40,0.80
2007.08.02 19:29:53.291,1.6495,1.6497,6.40,20.80
2007.08.02 19:29:53.466,1.6495,1.6497,6.40,18.40
2007.08.02 19:29:54.585,1.6495,1.6497,6.40,19.20
2007.08.02 19:29:55.120,1.6495,1.6497,6.40,15.20
2007.08.02 19:29:55.157,1.6495,1.6496,0.80,2.40
2007.08.02 19:29:55.217,1.64945,1.6495,0.80,3.10
2007.08.02 19:29:55.256,1.6494,1.6495,7.20,3.10
2007.08.02 19:29:55.332,1.6494,1.6495,6.40,3.10
2007.08.02 19:29:55.418,1.6494,1.6495,6.40,2.40
2007.08.02 19:29:55.673,1.6494,1.6495,5.60,4.00
2007.08.02 19:29:55.744,1.6494,1.6495,39.90,4.00
2007.08.02 19:29:55.773,1.6494,1.6495,39.90,2.40
2007.08.02 19:29:55.832,1.6494,1.6495,31.90,2.40
2007.08.02 19:29:56.051,1.6494,1.6496,31.90,23.20
2007.08.02 19:29:56.387,1.6494,1.6496,39.90,23.20
2007.08.02 19:29:58.539,1.6494,1.6496,39.90,22.40
2007.08.02 19:29:58.652,1.6494,1.6496,26.30,23.20
2007.08.02 19:29:58.749,1.6494,1.6496,10.40,23.20
2007.08.02 19:29:58.842,1.6494,1.6496,2.40,23.20
2007.08.02 19:29:59.458,1.6493,1.6496,44.70,23.20
2007.08.02 19:29:59.577,1.6493,1.6496,42.30,23.20
2007.08.02 19:30:02.074,1.6493,1.6496,42.30,22.40
2007.08.02 19:30:03.764,1.6493,1.6496,14.40,28.80
2007.08.02 19:30:03.813,1.6493,1.6496,6.40,28.80
2007.08.02 19:30:04.705,1.6493,1.64965,6.40,29.60
2007.08.02 19:30:05.193,1.6493,1.64965,7.20,29.60
2007.08.02 19:30:05.248,1.6493,1.64965,8.80,29.60
2007.08.02 19:30:05.285,1.6493,1.64965,41.50,29.60
2007.08.02 19:30:05.394,1.6493,1.64965,41.50,25.60
2007.08.02 19:30:05.443,1.6493,1.6496,41.50,0.90
2007.08.02 19:30:05.766,1.6493,1.64965,43.90,23.20
2007.08.02 19:30:05.822,1.6493,1.64965,51.90,23.20
2007.08.02 19:30:06.230,1.6493,1.64965,50.30,23.20
2007.08.02 19:30:06.448,1.6493,1.64965,42.30,23.20
2007.08.02 19:30:06.690,1.6493,1.64965,38.30,23.20
2007.08.02 19:30:06.825,1.6493,1.6496,6.40,0.80
2007.08.02 19:30:07.269,1.6493,1.6496,30.30,0.50
2007.08.02 19:30:07.363,1.6493,1.64965,38.30,23.20
2007.08.02 19:30:07.415,1.6493,1.64965,39.90,23.20
2007.08.02 19:30:07.780,1.6493,1.6496,47.90,0.80
2007.08.02 19:30:07.818,1.6493,1.6496,50.30,0.90
2007.08.02 19:30:11.321,1.6493,1.6496,51.10,0.90
2007.08.02 19:30:11.406,1.6493,1.6496,51.90,0.80
2007.08.02 19:30:14.228,1.6493,1.6496,51.10,0.70
2007.08.02 19:30:14.327,1.6493,1.6496,50.30,0.70
2007.08.02 19:30:15.881,1.6493,1.6496,42.30,0.50
2007.08.02 19:30:16.297,1.6493,1.64965,50.30,23.20
2007.08.02 19:30:20.124,1.6493,1.6496,42.30,0.90
2007.08.02 19:30:21.682,1.6493,1.64955,42.30,2.40
2007.08.02 19:30:21.691,1.6493,1.6495,8.00,0.80
2007.08.02 19:30:21.796,1.6493,1.64955,42.30,20.80
2007.08.02 19:30:22.701,1.6493,1.64955,39.90,23.20
2007.08.02 19:30:23.113,1.6493,1.6495,42.30,0.50
2007.08.02 19:30:23.337,1.6493,1.64955,34.30,12.80
2007.08.02 19:30:24.280,1.6493,1.64955,42.30,20.80
2007.08.02 19:30:24.380,1.6493,1.6495,34.30,0.60
2007.08.02 19:30:25.171,1.6493,1.64955,42.30,20.80
2007.08.02 19:30:31.130,1.6493,1.64955,39.90,20.80
2007.08.02 19:30:31.296,1.6493,1.64955,39.90,23.20
2007.08.02 19:30:32.890,1.6493,1.64955,31.90,23.20
2007.08.02 19:30:34.768,1.64925,1.6495,32.70,22.40
2007.08.02 19:30:35.256,1.64925,1.6495,40.70,22.40
2007.08.02 19:30:41.253,1.64925,1.64945,40.70,0.80
2007.08.02 19:30:41.275,1.6493,1.64945,11.80,0.80
2007.08.02 19:30:41.367,1.64925,1.64945,8.80,0.80
2007.08.02 19:30:41.688,1.64925,1.64945,6.40,0.80
2007.08.02 19:30:54.141,1.64925,1.64945,8.00,0.80
2007.08.02 19:30:54.191,1.64925,1.6495,8.00,14.40
2007.08.02 19:30:54.248,1.6493,1.6495,4.60,16.80
2007.08.02 19:30:54.288,1.6494,1.6495,0.50,15.20
2007.08.02 19:30:54.599,1.6493,1.6495,23.20,12.80
2007.08.02 19:30:56.743,1.6494,1.6495,0.50,2.40
2007.08.02 19:30:56.777,1.6493,1.64945,3.20,0.80
2007.08.02 19:30:57.062,1.64925,1.64945,6.40,0.80
2007.08.02 19:31:04.222,1.6493,1.64945,16.00,0.80
2007.08.02 19:31:04.691,1.6494,1.6495,1.60,32.70
2007.08.02 19:31:05.269,1.6494,1.6495,1.60,12.80
2007.08.02 19:31:05.612,1.6494,1.6495,1.60,10.40
2007.08.02 19:31:07.750,1.6493,1.6495,35.10,12.00
2007.08.02 19:31:08.166,1.6494,1.6495,4.00,12.00
2007.08.02 19:31:08.261,1.6494,1.6495,4.00,1.60
2007.08.02 19:31:08.686,1.6494,1.6495,6.40,1.60
2007.08.02 19:31:08.780,1.6494,1.6496,6.40,9.60
2007.08.02 19:31:08.873,1.6494,1.6496,16.80,25.50
2007.08.02 19:31:10.957,1.6494,1.6495,16.80,0.80
2007.08.02 19:31:10.968,1.6494,1.6495,16.80,1.60
2007.08.02 19:31:11.155,1.6494,1.6495,6.40,0.80
2007.08.02 19:31:11.167,1.6494,1.6495,4.00,0.80
2007.08.02 19:31:11.273,1.64935,1.6495,0.80,1.60
2007.08.02 19:31:11.373,1.64935,1.6495,0.80,12.00
2007.08.02 19:31:11.686,1.6493,1.6495,39.90,14.40
2007.08.02 19:31:11.792,1.6493,1.64945,39.90,0.80
2007.08.02 19:31:11.874,1.6493,1.64945,16.00,0.80
2007.08.02 19:31:11.987,1.6493,1.64945,12.00,0.80
2007.08.02 19:31:12.091,1.6493,1.64945,10.40,0.80
2007.08.02 19:31:12.307,1.6493,1.64945,8.00,0.80
2007.08.02 19:31:12.915,1.6493,1.64945,5.60,0.80
2007.08.02 19:31:13.002,1.6493,1.64945,3.20,0.80
2007.08.02 19:31:16.244,1.64925,1.64945,16.80,0.80
2007.08.02 19:31:19.154,1.64925,1.6495,19.20,24.70
2007.08.02 19:31:19.255,1.6493,1.6495,1.70,2.40
2007.08.02 19:31:19.772,1.64925,1.6496,12.80,12.00
2007.08.02 19:31:21.132,1.64925,1.6496,47.10,38.30
2007.08.02 19:31:21.340,1.64925,1.6496,47.90,38.30
2007.08.02 19:31:21.540,1.6494,1.6496,1.00,38.30
2007.08.02 19:31:21.763,1.6493,1.6496,39.10,22.40
2007.08.02 19:31:21.778,1.6493,1.6496,44.70,22.40
2007.08.02 19:31:21.841,1.6494,1.6496,17.80,22.40
2007.08.02 19:31:22.293,1.6493,1.6496,38.30,12.00
2007.08.02 19:31:22.990,1.6494,1.6496,2.90,12.80
2007.08.02 19:31:23.218,1.6494,1.6495,0.90,1.60
2007.08.02 19:31:23.728,1.64925,1.6496,19.20,13.30
2007.08.02 19:31:23.823,1.6493,1.6496,6.60,12.80
2007.08.02 19:31:23.833,1.64925,1.6496,19.20,12.00
2007.08.02 19:31:23.925,1.64925,1.6496,15.20,12.00
2007.08.02 19:31:24.211,1.6493,1.6496,5.20,12.00
2007.08.02 19:31:24.437,1.64925,1.6496,11.20,12.00
2007.08.02 19:31:24.545,1.6493,1.6496,0.90,12.00
2007.08.02 19:31:24.644,1.64925,1.6496,8.80,9.60
2007.08.02 19:31:24.738,1.6493,1.6496,3.10,9.60
2007.08.02 19:31:24.756,1.6494,1.6496,1.90,8.00
2007.08.02 19:31:24.950,1.6493,1.6496,50.30,4.20
2007.08.02 19:31:25.250,1.6493,1.6496,50.30,2.40
2007.08.02 19:31:25.457,1.6493,1.6497,50.30,54.30
2007.08.02 19:31:25.676,1.6493,1.6497,50.30,51.90
2007.08.02 19:31:28.804,1.6493,1.6497,51.90,51.10
2007.08.02 19:31:28.916,1.6494,1.6497,2.20,47.10
2007.08.02 19:31:29.210,1.6494,1.6497,2.00,46.30
2007.08.02 19:31:31.160,1.6494,1.6497,1.20,48.10
2007.08.02 19:31:31.248,1.6493,1.6497,57.30,48.10
2007.08.02 19:31:31.279,1.6494,1.6497,5.90,40.10
2007.08.02 19:31:31.355,1.6494,1.6497,8.30,37.70
2007.08.02 19:31:31.375,1.6493,1.6497,59.60,37.70
2007.08.02 19:31:31.759,1.6494,1.6497,3.30,37.70
2007.08.02 19:31:31.790,1.64935,1.6497,47.10,37.70
2007.08.02 19:31:38.059,1.6493,1.6497,60.40,37.70
2007.08.02 19:31:38.234,1.6494,1.6497,4.70,43.90
2007.08.02 19:31:38.324,1.6494,1.6497,2.20,43.90
2007.08.02 19:31:38.445,1.6494,1.6497,0.90,47.90
2007.08.02 19:31:38.468,1.6494,1.6497,2.20,50.30
2007.08.02 19:31:52.445,1.6494,1.6497,6.40,51.10
2007.08.02 19:31:52.674,1.6494,1.6497,8.00,51.10
2007.08.02 19:31:52.779,1.6494,1.6497,6.40,51.10
2007.08.02 19:31:52.865,1.6494,1.6497,6.40,51.90
2007.08.02 19:31:52.999,1.6494,1.6497,6.40,51.10
2007.08.02 19:31:53.070,1.6494,1.6497,6.40,51.90
2007.08.02 19:31:53.188,1.6494,1.6497,6.40,51.10
2007.08.02 19:31:53.277,1.6494,1.6497,6.40,50.30
2007.08.02 19:32:00.680,1.6494,1.6497,8.00,50.30
2007.08.02 19:32:00.784,1.6494,1.6497,8.80,50.30
2007.08.02 19:32:00.846,1.6494,1.6497,10.40,50.30
2007.08.02 19:32:00.949,1.6494,1.6497,9.60,50.30
2007.08.02 19:32:00.985,1.6494,1.6497,8.80,50.30
2007.08.02 19:32:01.145,1.6494,1.6497,8.00,50.30
2007.08.02 19:32:01.200,1.6494,1.6497,6.40,50.30
2007.08.02 19:32:01.249,1.6494,1.6497,30.30,42.30
2007.08.02 19:32:01.282,1.6494,1.6497,31.90,42.30
2007.08.02 19:32:01.355,1.6494,1.6497,31.90,38.30
2007.08.02 19:32:01.403,1.6494,1.6497,31.90,35.90
2007.08.02 19:32:01.815,1.6494,1.6497,34.30,35.90
2007.08.02 19:32:01.874,1.6494,1.6497,42.30,35.90
2007.08.02 19:32:02.184,1.6494,1.6497,18.40,43.90
2007.08.02 19:32:02.226,1.6494,1.6497,14.40,43.90
2007.08.02 19:32:02.493,1.6494,1.6497,14.40,47.90
2007.08.02 19:32:02.522,1.6494,1.6497,14.40,50.30
2007.08.02 19:32:02.700,1.6494,1.6497,6.40,50.30
2007.08.02 19:32:11.165,1.6494,1.6497,7.20,50.30
2007.08.02 19:32:11.179,1.6495,1.6497,1.60,50.30
2007.08.02 19:32:11.225,1.6495,1.6497,17.50,26.40
2007.08.02 19:32:11.270,1.6495,1.6497,21.50,26.40
2007.08.02 19:32:11.338,1.6495,1.6497,23.90,26.40
2007.08.02 19:32:11.434,1.6495,1.6497,23.90,22.40
2007.08.02 19:32:11.475,1.6495,1.6497,23.90,20.00
2007.08.02 19:32:11.688,1.6495,1.64965,23.90,0.80
2007.08.02 19:32:11.749,1.6495,1.64965,16.00,0.80
2007.08.02 19:32:11.967,1.6495,1.64965,5.60,0.80
2007.08.02 19:32:20.126,1.6495,1.6496,5.60,2.40
2007.08.02 19:32:20.233,1.6494,1.6496,2.40,2.40
2007.08.02 19:32:20.330,1.6494,1.6496,2.40,28.70
2007.08.02 19:32:20.431,1.6493,1.6496,23.20,31.10
2007.08.02 19:32:20.447,1.6493,1.6496,19.70,31.10
2007.08.02 19:32:20.652,1.6493,1.6496,19.70,31.10
2007.08.02 19:32:20.764,1.6493,1.6496,19.20,31.10
2007.08.02 19:32:20.865,1.6493,1.6496,11.20,31.10
2007.08.02 19:32:24.173,1.6493,1.6496,11.20,32.70
2007.08.02 19:32:24.189,1.6493,1.6496,9.60,32.70
2007.08.02 19:32:25.302,1.6493,1.6496,10.40,32.70
2007.08.02 19:32:25.396,1.6493,1.6496,9.60,32.70
2007.08.02 19:32:25.424,1.6494,1.6496,0.80,32.70
2007.08.02 19:32:25.505,1.6494,1.6496,1.60,32.70
2007.08.02 19:32:25.610,1.6494,1.6496,1.60,30.30
2007.08.02 19:32:25.711,1.6494,1.6496,9.60,30.30
2007.08.02 19:32:25.733,1.6494,1.6496,37.50,14.40
2007.08.02 19:32:25.944,1.6494,1.6496,37.50,22.40
2007.08.02 19:32:26.214,1.6494,1.6496,36.70,22.40
2007.08.02 19:32:26.250,1.6494,1.6496,35.90,22.40
2007.08.02 19:32:26.527,1.6494,1.6496,35.90,20.00
2007.08.02 19:32:26.621,1.6494,1.6496,33.50,22.40
2007.08.02 19:32:26.667,1.6494,1.6496,25.50,22.40
2007.08.02 19:32:26.730,1.6494,1.6496,19.90,22.40
2007.08.02 19:32:26.777,1.6493,1.6496,40.00,38.30
2007.08.02 19:32:27.076,1.6493,1.6496,39.20,38.30
2007.08.02 19:32:27.291,1.6493,1.6496,35.20,38.30
2007.08.02 19:32:27.341,1.6493,1.6496,32.80,38.30
2007.08.02 19:32:27.662,1.6493,1.6496,30.40,38.30
2007.08.02 19:32:34.151,1.6493,1.6496,28.80,38.30
2007.08.02 19:32:34.217,1.6493,1.6496,28.00,38.30
2007.08.02 19:32:34.255,1.6493,1.6496,27.20,38.30
2007.08.02 19:32:34.362,1.6493,1.6496,19.70,38.30
2007.08.02 19:32:34.457,1.6493,1.6496,20.00,38.30
2007.08.02 19:32:34.513,1.6493,1.6496,20.80,38.30
2007.08.02 19:32:34.577,1.6493,1.6496,20.00,38.30
2007.08.02 19:32:34.665,1.6493,1.6496,20.80,38.30
2007.08.02 19:32:34.731,1.6493,1.6496,17.60,38.30
2007.08.02 19:32:34.780,1.6493,1.6496,8.80,38.30
2007.08.02 19:32:35.135,1.6493,1.6496,7.20,38.30
2007.08.02 19:32:35.186,1.6493,1.6496,7.20,46.30
2007.08.02 19:32:43.181,1.6493,1.6496,8.80,46.30
2007.08.02 19:32:43.409,1.6493,1.6496,12.80,38.30
2007.08.02 19:32:43.505,1.6493,1.6496,12.80,30.30
2007.08.02 19:32:43.918,1.6493,1.6496,13.60,30.30
2007.08.02 19:32:44.111,1.6493,1.6496,14.40,30.30
2007.08.02 19:32:44.332,1.6493,1.6496,14.40,38.30
2007.08.02 19:32:44.729,1.6493,1.6496,16.80,38.30
2007.08.02 19:32:44.748,1.6493,1.6496,24.80,38.30
2007.08.02 19:32:46.515,1.6493,1.6496,25.60,38.30
2007.08.02 19:32:46.636,1.6493,1.6496,26.50,38.30
2007.08.02 19:32:46.728,1.6493,1.6496,24.80,38.30
2007.08.02 19:32:46.771,1.6493,1.64965,24.80,39.10
2007.08.02 19:32:46.784,1.6494,1.6496,1.60,0.70
2007.08.02 19:32:46.941,1.6494,1.64965,5.60,4.80
2007.08.02 19:32:47.182,1.6494,1.6496,5.60,0.80
2007.08.02 19:32:47.496,1.6494,1.6496,9.60,0.80
2007.08.02 19:32:53.441,1.6494,1.64965,8.00,4.80
2007.08.02 19:32:53.467,1.6494,1.64965,6.40,39.10
2007.08.02 19:32:53.547,1.6494,1.64965,2.40,39.10
2007.08.02 19:32:53.581,1.6493,1.6496,47.10,0.90
2007.08.02 19:32:53.749,1.6493,1.64965,47.90,39.10
2007.08.02 19:32:53.785,1.6493,1.64965,48.70,39.10
2007.08.02 19:32:55.325,1.6493,1.64965,47.90,39.10
2007.08.02 19:32:55.495,1.6493,1.6496,47.10,0.60
2007.08.02 19:32:55.636,1.6493,1.6496,47.90,0.60
2007.08.02 19:32:55.701,1.6494,1.64965,5.60,37.50
2007.08.02 19:32:55.942,1.6494,1.64965,21.50,21.60
2007.08.02 19:32:56.037,1.6494,1.64965,9.60,3.20
2007.08.02 19:32:56.221,1.6494,1.6496,9.60,0.80
2007.08.02 19:32:57.780,1.6494,1.6496,9.60,0.60
2007.08.02 19:32:59.752,1.6494,1.6497,10.40,31.20
2007.08.02 19:32:59.787,1.6494,1.6497,11.20,31.20
2007.08.02 19:33:00.051,1.6494,1.6497,10.40,31.20
2007.08.02 19:33:00.337,1.6494,1.6498,11.20,35.40
2007.08.02 19:33:00.397,1.6494,1.6497,12.20,0.60
2007.08.02 19:33:00.520,1.6494,1.6497,11.20,0.90
2007.08.02 19:33:00.533,1.6494,1.6498,11.20,43.70
2007.08.02 19:33:00.616,1.6494,1.6497,12.00,0.60
2007.08.02 19:33:00.641,1.6494,1.6498,11.20,43.70
2007.08.02 19:33:00.720,1.6494,1.6498,10.40,43.70
2007.08.02 19:33:00.753,1.6494,1.6498,11.20,43.70
2007.08.02 19:33:00.842,1.6494,1.6498,13.60,43.70
2007.08.02 19:33:00.940,1.6494,1.6497,13.60,30.40
2007.08.02 19:33:03.750,1.6494,1.6497,12.80,22.40
2007.08.02 19:33:03.936,1.6494,1.6497,12.00,22.40
2007.08.02 19:33:04.234,1.6494,1.6496,9.60,0.50
2007.08.02 19:33:06.657,1.6494,1.64965,10.40,3.20
2007.08.02 19:33:06.748,1.6494,1.64965,9.60,3.20
2007.08.02 19:33:21.651,1.6494,1.64965,9.60,0.80
2007.08.02 19:33:21.664,1.6494,1.64965,27.90,0.80
2007.08.02 19:33:21.748,1.6494,1.6497,27.90,43.30
2007.08.02 19:33:21.771,1.6494,1.6497,35.90,33.70
2007.08.02 19:33:21.995,1.6494,1.6497,35.90,34.50
2007.08.02 19:33:22.087,1.6494,1.6497,35.90,33.70
2007.08.02 19:33:22.160,1.6495,1.6497,1.60,33.70
2007.08.02 19:33:22.212,1.6495,1.6497,1.60,32.90
2007.08.02 19:33:22.255,1.6496,1.6497,4.00,31.30
2007.08.02 19:33:22.307,1.6496,1.6497,4.00,15.40
2007.08.02 19:33:22.361,1.6496,1.6497,4.00,13.00
2007.08.02 19:33:22.431,1.6496,1.6497,4.00,9.00
2007.08.02 19:33:22.602,1.6496,1.6497,4.00,2.40
2007.08.02 19:33:24.215,1.6495,1.6497,4.00,4.00
2007.08.02 19:33:24.239,1.6495,1.6497,4.00,5.60
2007.08.02 19:33:24.357,1.6495,1.6497,4.00,4.80
2007.08.02 19:33:24.490,1.6495,1.6497,4.00,5.60
2007.08.02 19:33:24.654,1.6494,1.6497,14.90,47.90
2007.08.02 19:33:24.779,1.6494,1.6497,6.40,47.90
2007.08.02 19:33:27.058,1.6494,1.6497,6.40,47.10
2007.08.02 19:33:27.145,1.6494,1.6497,6.40,47.90
2007.08.02 19:33:35.871,1.64935,1.6497,7.20,47.90
2007.08.02 19:33:38.686,1.6494,1.6496,1.20,2.40
2007.08.02 19:33:38.715,1.64925,1.64955,15.20,0.80
2007.08.02 19:33:39.118,1.6493,1.64955,1.40,0.80
2007.08.02 19:33:39.432,1.6492,1.64955,40.50,0.80
2007.08.02 19:33:39.636,1.6492,1.6495,36.50,4.00
2007.08.02 19:33:39.824,1.6492,1.6495,36.10,14.40
2007.08.02 19:33:40.355,1.6492,1.6495,32.10,14.40
2007.08.02 19:33:40.462,1.64915,1.6495,25.00,14.40
2007.08.02 19:33:42.706,1.6492,1.6495,25.80,12.80
2007.08.02 19:33:42.905,1.6493,1.6495,2.90,2.40
2007.08.02 19:33:43.564,1.6493,1.6495,1.00,2.40
2007.08.02 19:33:46.062,1.6492,1.6495,22.90,4.00
2007.08.02 19:33:46.172,1.6492,1.6495,22.90,6.40
2007.08.02 19:33:46.429,1.6492,1.6495,22.90,8.80
2007.08.02 19:33:46.722,1.6492,1.6495,22.90,11.20
2007.08.02 19:33:49.153,1.6493,1.6495,0.50,8.80
2007.08.02 19:33:49.177,1.64935,1.6495,2.40,6.40
2007.08.02 19:33:49.725,1.6493,1.6495,13.60,6.40
2007.08.02 19:33:50.135,1.6493,1.6495,13.60,4.80
2007.08.02 19:33:50.451,1.6494,1.6495,1.80,2.40
2007.08.02 19:33:50.648,1.6494,1.6496,0.50,11.20
2007.08.02 19:34:00.160,1.6493,1.6496,13.60,20.00
2007.08.02 19:34:00.183,1.6493,1.6495,13.60,2.40
2007.08.02 19:34:00.378,1.6493,1.6495,4.10,2.40
2007.08.02 19:34:00.684,1.6493,1.64955,1.10,0.80
2007.08.02 19:34:00.779,1.64925,1.64955,12.80,0.80
2007.08.02 19:34:04.132,1.6493,1.6495,1.20,4.00
2007.08.02 19:34:04.245,1.6493,1.6495,0.50,4.00
2007.08.02 19:34:04.529,1.6492,1.6495,46.50,38.30
2007.08.02 19:34:04.966,1.6492,1.6495,45.70,38.30
2007.08.02 19:34:05.279,1.6492,1.6495,45.70,30.30
2007.08.02 19:34:06.663,1.6492,1.6495,12.00,14.40
2007.08.02 19:34:06.687,1.6492,1.64945,12.00,0.80
2007.08.02 19:34:06.765,1.6492,1.64945,30.40,0.80
2007.08.02 19:34:11.378,1.6492,1.64945,22.40,0.80
2007.08.02 19:34:11.525,1.6492,1.64945,23.20,0.80
2007.08.02 19:34:12.132,1.6492,1.64945,22.40,0.80
2007.08.02 19:34:16.321,1.64915,1.64945,23.20,0.80
2007.08.02 19:34:17.701,1.6492,1.64945,24.00,0.80
2007.08.02 19:34:17.913,1.6492,1.6495,32.00,19.20
2007.08.02 19:34:17.952,1.6492,1.6495,14.10,15.20
2007.08.02 19:34:18.418,1.6493,1.6495,1.40,15.20
2007.08.02 19:34:25.208,1.6493,1.6495,2.00,12.80
2007.08.02 19:34:25.324,1.6492,1.6495,18.10,8.80
2007.08.02 19:34:25.728,1.6493,1.6495,7.20,8.80
2007.08.02 19:34:25.753,1.6494,1.6495,1.10,15.20
2007.08.02 19:34:25.820,1.64935,1.64945,2.40,0.80
2007.08.02 19:34:25.924,1.6494,1.64945,0.80,0.80
2007.08.02 19:34:26.242,1.64935,1.64945,0.80,0.80
2007.08.02 19:34:26.441,1.64915,1.6495,24.20,21.60
2007.08.02 19:34:26.504,1.6492,1.6495,4.90,17.60
2007.08.02 19:34:26.632,1.64915,1.6495,24.30,16.80
2007.08.02 19:34:26.678,1.6492,1.6495,4.60,14.40
2007.08.02 19:34:26.731,1.64915,1.6495,25.00,14.40
2007.08.02 19:34:26.765,1.6493,1.6495,0.80,14.40
2007.08.02 19:34:26.835,1.6492,1.6495,13.80,4.00
2007.08.02 19:34:27.382,1.6492,1.6495,19.40,4.00
2007.08.02 19:34:33.663,1.6492,1.6495,18.60,1.60
2007.08.02 19:34:33.759,1.6492,1.64955,18.60,0.80
2007.08.02 19:34:33.860,1.6492,1.6496,17.00,14.40
2007.08.02 19:34:34.166,1.6492,1.6495,17.00,1.60
2007.08.02 19:34:34.789,1.6493,1.6495,2.10,1.60
2007.08.02 19:34:43.709,1.64925,1.6495,9.60,1.60
2007.08.02 19:34:52.698,1.6493,1.6495,8.00,4.00
2007.08.02 19:34:52.904,1.6493,1.6495,8.00,4.80
2007.08.02 19:34:53.226,1.6493,1.6495,8.00,5.60
2007.08.02 19:34:53.435,1.6492,1.6495,29.80,39.10
2007.08.02 19:34:53.536,1.6492,1.6495,29.80,39.90
2007.08.02 19:34:54.638,1.64925,1.6495,0.80,37.50
2007.08.02 19:34:54.745,1.6493,1.6495,1.60,37.50
2007.08.02 19:34:55.237,1.6493,1.6495,1.60,21.60
2007.08.02 19:34:55.338,1.6493,1.6495,5.60,21.60
2007.08.02 19:34:55.466,1.6493,1.6495,9.60,21.60
2007.08.02 19:34:55.775,1.6493,1.6495,20.00,21.60
2007.08.02 19:35:04.911,1.6493,1.6495,20.00,22.40
2007.08.02 19:35:05.025,1.6493,1.6495,20.00,23.20
2007.08.02 19:35:05.150,1.6493,1.6495,18.40,23.20
2007.08.02 19:35:05.234,1.6493,1.6495,18.40,31.20
2007.08.02 19:35:05.254,1.6493,1.6494,18.40,1.60
2007.08.02 19:35:05.346,1.6493,1.6494,14.40,1.60
2007.08.02 19:35:05.657,1.6493,1.6495,13.60,33.60
2007.08.02 19:35:06.156,1.6493,1.6494,14.40,1.60
2007.08.02 19:35:08.219,1.6493,1.6495,16.00,30.40
2007.08.02 19:35:08.231,1.6493,1.6495,16.00,20.80
2007.08.02 19:35:08.421,1.6493,1.6495,16.00,20.00
2007.08.02 19:35:08.859,1.6493,1.6495,20.00,20.00
2007.08.02 19:35:15.855,1.6493,1.6495,20.00,20.80
2007.08.02 19:35:15.972,1.6493,1.6495,20.00,21.60
2007.08.02 19:35:18.811,1.64925,1.6495,20.80,21.60
2007.08.02 19:35:18.852,1.64925,1.6495,20.80,22.40
2007.08.02 19:35:18.905,1.64925,1.6495,20.80,23.20
2007.08.02 19:35:19.821,1.64925,1.6495,20.80,22.40
2007.08.02 19:35:19.836,1.6493,1.6495,6.70,21.60
2007.08.02 19:35:19.914,1.6493,1.6495,4.10,11.20
2007.08.02 19:35:20.231,1.64925,1.6495,39.10,21.60
2007.08.02 19:35:21.921,1.6493,1.6495,12.30,21.60
2007.08.02 19:35:38.067,1.6493,1.6495,11.10,20.80
2007.08.02 19:35:38.592,1.6493,1.6495,14.60,20.00
2007.08.02 19:35:41.675,1.6493,1.6495,6.00,20.80
2007.08.02 19:35:41.778,1.64925,1.6495,35.10,20.00
2007.08.02 19:36:19.473,1.6493,1.6495,38.30,1.60
2007.08.02 19:36:22.882,1.6493,1.6495,8.70,1.60
2007.08.02 19:36:26.203,1.6493,1.6495,4.70,1.60
2007.08.02 19:36:27.035,1.6493,1.6495,2.50,1.60
2007.08.02 19:36:27.190,1.6494,1.64955,1.80,0.80
2007.08.02 19:36:47.236,1.6494,1.6495,2.40,1.60
2007.08.02 19:36:49.979,1.6494,1.6495,4.00,17.60
2007.08.02 19:36:56.949,1.6494,1.6495,4.00,0.50
2007.08.02 19:37:00.288,1.6494,1.6495,4.00,0.80
2007.08.02 19:37:19.170,1.6494,1.64955,4.00,19.60
2007.08.02 19:37:20.686,1.6493,1.6495,48.70,0.80
2007.08.02 19:37:20.693,1.6493,1.64955,40.70,19.60
2007.08.02 19:37:20.807,1.6493,1.6495,36.70,0.60
2007.08.02 19:37:20.901,1.6493,1.6495,28.70,0.60
2007.08.02 19:37:21.499,1.6493,1.64955,26.30,23.60
2007.08.02 19:37:31.656,1.64935,1.6495,0.80,22.80
2007.08.02 19:37:31.801,1.64935,1.6495,0.80,18.80
2007.08.02 19:37:32.002,1.6494,1.6495,4.00,18.80
2007.08.02 19:37:32.636,1.6494,1.6495,4.00,18.00
2007.08.02 19:37:34.253,1.6493,1.6495,28.70,18.00
2007.08.02 19:37:34.326,1.6493,1.6495,28.70,22.00
2007.08.02 19:37:34.425,1.6493,1.6495,32.70,18.00
2007.08.02 19:37:34.442,1.6493,1.6495,30.30,18.00
2007.08.02 19:37:35.066,1.6493,1.6495,30.30,19.60
2007.08.02 19:37:35.173,1.6493,1.64945,27.90,0.80
2007.08.02 19:37:35.293,1.6493,1.64945,5.60,0.80
2007.08.02 19:37:36.192,1.6493,1.64945,8.00,0.80
2007.08.02 19:37:36.299,1.6493,1.6495,8.00,12.00
2007.08.02 19:37:36.325,1.6493,1.6494,8.00,0.50
2007.08.02 19:37:36.414,1.6493,1.6494,38.30,0.50
2007.08.02 19:37:41.129,1.6493,1.6494,39.90,0.50
2007.08.02 19:37:41.221,1.6494,1.6495,4.00,20.00
2007.08.02 19:37:46.255,1.6493,1.6494,14.40,0.50
2007.08.02 19:37:46.327,1.6493,1.6494,40.70,0.50
2007.08.02 19:37:46.575,1.6493,1.6494,38.30,0.50
2007.08.02 19:37:46.636,1.6493,1.6494,8.00,0.50
2007.08.02 19:37:46.669,1.6493,1.6494,5.60,0.50
2007.08.02 19:37:47.446,1.64925,1.6494,6.40,0.50
2007.08.02 19:37:53.149,1.64925,1.6494,8.80,0.50
2007.08.02 19:37:53.838,1.64925,1.6494,35.10,0.50
2007.08.02 19:38:00.123,1.64935,1.6494,0.80,0.50
2007.08.02 19:38:00.233,1.6494,1.6495,0.90,21.60
2007.08.02 19:38:03.224,1.64925,1.6494,15.20,0.50
2007.08.02 19:38:03.246,1.64925,1.6494,37.50,0.50
2007.08.02 19:38:03.424,1.64925,1.6494,35.10,0.50
2007.08.02 19:38:03.459,1.64925,1.6494,8.80,0.50
2007.08.02 19:38:08.669,1.6494,1.6495,1.30,9.60
2007.08.02 19:38:10.242,1.6494,1.6495,1.10,18.40
2007.08.02 19:38:12.697,1.6494,1.6495,0.70,1.60
2007.08.02 19:38:16.942,1.6493,1.6494,36.70,0.50
2007.08.02 19:38:17.442,1.6493,1.6494,34.30,0.50
2007.08.02 19:38:19.786,1.6493,1.6494,38.30,0.50
2007.08.02 19:38:21.512,1.6493,1.6494,3.50,0.50
2007.08.02 19:38:27.985,1.6493,1.6494,4.40,0.50
2007.08.02 19:38:28.923,1.64925,1.6494,39.10,0.50
2007.08.02 19:38:30.695,1.64925,1.6494,23.20,0.50
2007.08.02 19:38:30.733,1.64925,1.6494,20.80,0.50
2007.08.02 19:38:30.801,1.6493,1.6494,2.20,0.50
2007.08.02 19:38:30.905,1.6493,1.6494,2.90,0.50
2007.08.02 19:38:38.595,1.64925,1.64945,6.40,1.30
2007.08.02 19:38:44.692,1.6493,1.6494,0.60,0.50
2007.08.02 19:38:44.898,1.64925,1.6495,35.10,24.50
2007.08.02 19:38:46.848,1.6493,1.6494,0.50,0.50
2007.08.02 19:38:47.265,1.6493,1.6494,0.50,0.50
2007.08.02 19:38:48.715,1.64925,1.6495,33.50,22.00
2007.08.02 19:38:48.813,1.6493,1.6494,0.50,0.90
2007.08.02 19:38:49.232,1.6493,1.6494,0.50,0.50
2007.08.02 19:38:49.240,1.64925,1.6495,7.20,14.80
2007.08.02 19:38:49.637,1.6493,1.6494,0.70,0.50
2007.08.02 19:38:49.657,1.6493,1.6494,0.50,0.60
2007.08.02 19:38:51.187,1.6493,1.64945,4.00,4.40
2007.08.02 19:38:51.675,1.64925,1.64945,0.80,4.40
2007.08.02 19:38:51.710,1.64925,1.64945,0.80,22.80
2007.08.02 19:38:51.794,1.6492,1.64945,36.70,22.80
2007.08.02 19:38:52.545,1.6492,1.64945,34.30,22.80
2007.08.02 19:38:55.709,1.6492,1.6494,32.70,0.80
2007.08.02 19:38:56.734,1.6492,1.6494,34.30,0.50
2007.08.02 19:38:58.336,1.6492,1.64945,32.70,22.80
2007.08.02 19:38:59.870,1.6492,1.64945,32.70,22.00
2007.08.02 19:38:59.926,1.6492,1.64945,32.70,21.20
2007.08.02 19:39:00.133,1.6492,1.64945,32.70,13.20
2007.08.02 19:39:01.197,1.6492,1.6495,34.30,47.50
2007.08.02 19:39:01.282,1.6492,1.6494,42.30,0.60
2007.08.02 19:39:11.326,1.6492,1.6494,42.30,12.40
2007.08.02 19:39:11.351,1.6492,1.6494,34.30,12.40
2007.08.02 19:39:11.543,1.6492,1.6494,34.30,10.00
2007.08.02 19:39:13.004,1.6492,1.6494,34.30,12.40
2007.08.02 19:39:16.174,1.6492,1.6494,34.30,10.80
2007.08.02 19:39:16.423,1.6492,1.6494,46.30,0.50
2007.08.02 19:39:16.625,1.6492,1.6494,46.30,10.80
2007.08.02 19:39:17.252,1.6492,1.6494,46.30,8.40
2007.08.02 19:39:18.405,1.6492,1.6494,42.30,8.40
2007.08.02 19:39:19.118,1.6492,1.6494,42.30,10.80
2007.08.02 19:39:21.796,1.6492,1.6494,42.30,0.60
2007.08.02 19:39:24.688,1.6493,1.6495,4.00,19.60
2007.08.02 19:39:24.722,1.6493,1.6495,4.00,6.90
2007.08.02 19:39:26.219,1.6492,1.6494,12.80,0.50
2007.08.02 19:39:26.435,1.6492,1.6494,10.40,0.50
2007.08.02 19:39:26.489,1.6492,1.6495,42.30,35.50
2007.08.02 19:39:28.448,1.6492,1.6495,42.30,35.50
2007.08.02 19:39:29.801,1.6492,1.6495,42.30,10.90
2007.08.02 19:39:34.574,1.6492,1.6494,42.30,0.80
2007.08.02 19:39:45.261,1.6492,1.6495,42.30,33.70
2007.08.02 19:39:54.658,1.6492,1.6494,42.30,9.60
2007.08.02 19:39:54.930,1.6492,1.6494,42.30,5.60
2007.08.02 19:39:55.105,1.64915,1.6494,43.10,5.60
2007.08.02 19:39:55.520,1.64915,1.6494,35.10,5.60
2007.08.02 19:39:56.701,1.6492,1.6494,10.40,4.00
2007.08.02 19:39:57.413,1.64915,1.6494,43.10,8.00
2007.08.02 19:40:49.684,1.6492,1.6494,42.30,9.60
2007.08.02 19:40:50.398,1.6492,1.6494,34.30,5.60
2007.08.02 19:41:05.024,1.6492,1.6494,34.30,6.40
2007.08.02 19:41:05.140,1.6492,1.6494,26.30,6.40
2007.08.02 19:41:05.191,1.6492,1.6494,22.30,7.20
2007.08.02 19:41:05.237,1.6492,1.6494,6.40,7.20
2007.08.02 19:41:05.280,1.6492,1.6493,6.40,1.60
2007.08.02 19:41:05.341,1.6492,1.6493,4.00,1.60
2007.08.02 19:41:07.633,1.6492,1.6493,6.40,1.60
2007.08.02 19:41:07.824,1.6492,1.6494,8.00,10.40
2007.08.02 19:41:07.942,1.6492,1.6494,18.40,6.40
2007.08.02 19:41:07.984,1.6492,1.6494,18.40,5.60
2007.08.02 19:42:00.443,1.6492,1.6494,18.80,5.60
2007.08.02 19:42:03.230,1.6492,1.6494,18.80,6.40
2007.08.02 19:42:03.276,1.6492,1.6494,18.80,7.20
2007.08.02 19:42:03.831,1.6492,1.6494,8.40,11.20
2007.08.02 19:42:04.029,1.6492,1.6494,8.40,10.40
2007.08.02 19:42:04.049,1.6492,1.6494,8.40,9.60
2007.08.02 19:42:04.343,1.6492,1.6494,34.70,5.60
2007.08.02 19:42:07.782,1.6492,1.6494,34.70,9.60
2007.08.02 19:42:13.367,1.6492,1.6494,34.70,10.40
2007.08.02 19:42:13.484,1.6492,1.6494,34.70,11.20
2007.08.02 19:42:13.686,1.6492,1.6494,34.70,19.20
2007.08.02 19:42:13.897,1.6492,1.6494,8.40,11.20
2007.08.02 19:42:14.098,1.6492,1.6494,34.70,21.60
2007.08.02 19:42:14.629,1.6492,1.6494,34.70,20.80
2007.08.02 19:42:14.799,1.6492,1.6494,34.70,20.00
2007.08.02 19:42:15.138,1.6492,1.6494,34.70,12.00
2007.08.02 19:42:15.460,1.6492,1.6494,34.70,9.60
2007.08.02 19:42:20.239,1.6492,1.6494,34.70,12.80
2007.08.02 19:42:20.268,1.6492,1.6494,34.70,13.60
2007.08.02 19:42:20.964,1.6492,1.6494,8.40,3.20
2007.08.02 19:42:21.273,1.6492,1.6494,34.70,13.60
2007.08.02 19:42:36.587,1.6492,1.6494,34.70,12.80
2007.08.02 19:42:36.626,1.6492,1.6494,34.70,12.00
2007.08.02 19:42:37.157,1.6492,1.6494,34.70,4.00
2007.08.02 19:42:37.461,1.6492,1.6494,34.70,1.60
2007.08.02 19:42:39.655,1.6492,1.6494,30.70,1.60
2007.08.02 19:42:39.726,1.6492,1.6494,22.70,1.60
2007.08.02 19:42:39.760,1.6492,1.6494,22.70,2.40
2007.08.02 19:42:39.820,1.6492,1.6494,22.70,6.10
2007.08.02 19:42:40.039,1.6492,1.6494,22.70,5.30
2007.08.02 19:42:40.155,1.6492,1.6494,4.40,2.90
2007.08.02 19:42:40.175,1.6492,1.6494,0.50,2.90
2007.08.02 19:42:40.256,1.6492,1.6494,0.50,18.80
2007.08.02 19:42:40.279,1.6491,1.6493,11.20,1.60
2007.08.02 19:42:40.356,1.6491,1.6494,11.20,19.60
2007.08.02 19:42:40.390,1.6491,1.6493,8.80,0.50
2007.08.02 19:42:40.437,1.6491,1.6494,6.40,25.80
2007.08.02 19:42:40.628,1.6491,1.6494,4.00,29.80
2007.08.02 19:42:40.727,1.6491,1.6493,4.00,11.20
2007.08.02 19:42:43.702,1.6491,1.6493,6.40,0.90
2007.08.02 19:42:43.985,1.6491,1.64935,6.40,8.80
2007.08.02 19:42:44.109,1.6491,1.64935,6.40,7.20
2007.08.02 19:42:44.401,1.6491,1.64935,6.40,6.40
2007.08.02 19:42:44.520,1.6491,1.64935,6.40,5.60
2007.08.02 19:42:46.029,1.6491,1.64935,4.00,7.20
2007.08.02 19:42:46.154,1.6491,1.6493,4.00,0.80
2007.08.02 19:42:47.691,1.6491,1.6493,6.40,0.80
2007.08.02 19:42:47.934,1.6491,1.6493,6.40,0.80
2007.08.02 19:42:48.210,1.6491,1.64945,8.00,28.50
2007.08.02 19:42:48.235,1.6491,1.64945,8.00,19.70
2007.08.02 19:42:48.353,1.6491,1.6493,42.30,0.60
2007.08.02 19:42:48.430,1.6491,1.6493,42.30,0.80
2007.08.02 19:42:48.656,1.6491,1.6494,43.90,21.60
2007.08.02 19:42:48.765,1.6491,1.64945,43.10,20.00
2007.08.02 19:42:49.072,1.6491,1.64945,43.10,19.20
2007.08.02 19:42:49.187,1.6491,1.6494,43.90,0.90
2007.08.02 19:42:49.233,1.6491,1.64945,43.90,15.20
2007.08.02 19:42:49.284,1.6491,1.6494,12.00,0.90
2007.08.02 19:42:49.323,1.6492,1.64945,4.00,4.80
2007.08.02 19:42:49.391,1.6492,1.64945,6.40,11.20
2007.08.02 19:42:49.487,1.6492,1.64945,6.40,8.80
2007.08.02 19:42:49.694,1.6492,1.64955,6.40,43.50
2007.08.02 19:42:49.997,1.6492,1.6494,6.40,0.90
2007.08.02 19:42:53.227,1.6492,1.6494,4.00,26.30
2007.08.02 19:42:53.241,1.6491,1.6494,50.30,27.90
2007.08.02 19:42:53.348,1.6491,1.6494,47.90,27.90
2007.08.02 19:42:53.437,1.6491,1.6494,43.90,27.90
2007.08.02 19:42:54.574,1.6491,1.6494,43.10,30.30
2007.08.02 19:42:54.678,1.6491,1.6493,43.10,0.70
2007.08.02 19:42:54.696,1.6491,1.6494,42.30,33.70
2007.08.02 19:42:54.905,1.6491,1.6493,8.00,0.80
2007.08.02 19:42:56.731,1.6491,1.6493,8.80,0.90
2007.08.02 19:42:56.742,1.6491,1.6493,8.80,0.50
2007.08.02 19:42:56.847,1.6491,1.6494,35.90,42.30
2007.08.02 19:42:56.944,1.6491,1.64945,35.90,43.10
2007.08.02 19:42:57.463,1.6491,1.64945,43.90,35.10
2007.08.02 19:43:03.170,1.6491,1.6494,43.90,34.30
2007.08.02 19:43:12.078,1.64905,1.6493,44.70,8.00
2007.08.02 19:43:18.007,1.6491,1.6493,42.30,8.00
2007.08.02 19:43:33.238,1.6491,1.6493,43.90,8.00
2007.08.02 19:43:33.353,1.6491,1.6493,43.10,8.00
2007.08.02 19:43:33.573,1.6491,1.6493,43.90,8.00
2007.08.02 19:43:34.186,1.6491,1.6493,43.10,8.00
2007.08.02 19:43:34.277,1.6491,1.6493,42.30,8.00
2007.08.02 19:43:35.313,1.6491,1.6494,42.30,34.30
2007.08.02 19:43:35.409,1.6491,1.6494,43.10,34.30
2007.08.02 19:43:35.635,1.6491,1.6494,43.90,34.30
2007.08.02 19:43:44.758,1.6491,1.6494,42.30,34.30
2007.08.02 19:43:45.068,1.6491,1.6493,42.30,8.00
2007.08.02 19:43:50.235,1.6491,1.6494,42.30,34.30
2007.08.02 19:43:59.582,1.6491,1.6494,43.10,34.30
2007.08.02 19:43:59.682,1.6491,1.6494,43.90,34.30
2007.08.02 19:43:59.881,1.6491,1.6494,43.90,0.50
2007.08.02 19:44:14.517,1.6491,1.6494,43.10,0.90
2007.08.02 19:44:14.634,1.6491,1.64945,42.30,35.10
2007.08.02 19:44:25.673,1.6492,1.6494,1.60,34.30
2007.08.02 19:44:25.925,1.6492,1.6494,1.60,30.30
2007.08.02 19:44:26.288,1.6492,1.6494,5.60,30.30
2007.08.02 19:44:26.313,1.6492,1.6494,23.90,14.40
2007.08.02 19:44:31.190,1.6492,1.6494,23.90,12.00
2007.08.02 19:44:31.320,1.6492,1.6494,23.90,4.00
2007.08.02 19:44:31.831,1.6492,1.6494,23.90,12.00
2007.08.02 19:44:31.835,1.6492,1.6494,23.90,14.40
2007.08.02 19:44:36.279,1.6492,1.6494,23.90,12.00
2007.08.02 19:44:36.317,1.6492,1.6494,23.90,4.00
2007.08.02 19:44:37.246,1.6492,1.6494,23.90,6.40
2007.08.02 19:44:37.328,1.6492,1.6494,23.90,14.40
2007.08.02 19:44:43.383,1.6492,1.64945,23.90,15.20
2007.08.02 19:44:47.749,1.6492,1.6494,22.30,0.60
2007.08.02 19:44:48.015,1.6492,1.6494,4.00,0.70
2007.08.02 19:44:48.499,1.6491,1.64945,26.30,8.80
2007.08.02 19:44:48.504,1.6491,1.6494,42.30,0.80
2007.08.02 19:44:59.930,1.6491,1.6494,43.10,0.70
2007.08.02 19:44:59.937,1.6491,1.64945,43.90,27.20
2007.08.02 19:45:00.231,1.6492,1.6494,1.60,0.80
2007.08.02 19:45:00.350,1.6492,1.64945,5.60,23.20
2007.08.02 19:45:00.434,1.6492,1.64945,23.90,23.20
2007.08.02 19:45:02.707,1.6492,1.6494,23.90,0.50
2007.08.02 19:45:04.650,1.6492,1.64945,22.30,23.20
2007.08.02 19:45:04.802,1.6492,1.64945,4.00,8.80
2007.08.02 19:45:05.428,1.6492,1.64945,4.00,27.20
2007.08.02 19:45:05.473,1.6491,1.6494,43.90,0.50
2007.08.02 19:45:06.590,1.6491,1.64935,43.90,0.80
2007.08.02 19:45:06.680,1.6491,1.64935,44.90,0.80
2007.08.02 19:45:06.854,1.6491,1.64935,36.10,7.20
2007.08.02 19:45:07.092,1.6491,1.6493,36.10,0.80
2007.08.02 19:45:07.698,1.6491,1.6493,36.10,0.60
2007.08.02 19:45:07.727,1.6491,1.6493,36.10,0.70
2007.08.02 19:45:07.924,1.6491,1.64935,36.10,25.60
2007.08.02 19:45:08.035,1.6491,1.6493,36.10,0.60
2007.08.02 19:45:08.243,1.6491,1.64935,34.50,26.40
2007.08.02 19:45:08.250,1.6491,1.64935,6.40,12.00
2007.08.02 19:45:08.339,1.6491,1.64935,6.40,16.00
2007.08.02 19:45:08.660,1.6491,1.64935,6.40,16.80
2007.08.02 19:45:08.757,1.6491,1.6493,6.40,0.80
2007.08.02 19:45:08.956,1.6491,1.6493,6.40,0.50
2007.08.02 19:45:09.083,1.6491,1.6493,6.40,0.80
2007.08.02 19:45:09.704,1.6491,1.6492,4.00,0.90
2007.08.02 19:45:09.773,1.6491,1.6492,4.00,0.90
2007.08.02 19:45:09.795,1.6491,1.6493,4.00,15.20
2007.08.02 19:45:10.120,1.6491,1.6492,4.00,0.80
2007.08.02 19:45:10.215,1.649,1.6492,8.80,0.60
2007.08.02 19:45:10.322,1.649,1.6492,36.90,0.80
2007.08.02 19:45:10.415,1.649,1.64925,36.90,8.00
2007.08.02 19:45:10.510,1.649,1.6492,34.50,0.70
2007.08.02 19:45:10.608,1.649,1.64925,34.50,7.20
2007.08.02 19:45:10.631,1.649,1.6492,34.50,0.70
2007.08.02 19:45:10.831,1.649,1.6492,34.50,0.80
2007.08.02 19:45:11.234,1.649,1.64925,8.80,4.80
2007.08.02 19:45:11.646,1.6491,1.64935,2.40,26.40
2007.08.02 19:45:11.659,1.6491,1.6493,1.60,16.00
2007.08.02 19:45:11.854,1.64905,1.6493,3.20,15.20
2007.08.02 19:45:11.949,1.6491,1.6493,1.00,14.40
2007.08.02 19:45:12.155,1.64905,1.6493,7.20,14.40
2007.08.02 19:45:12.163,1.6491,1.6493,3.60,15.20
2007.08.02 19:45:12.275,1.64905,1.6493,7.20,7.20
2007.08.02 19:45:12.487,1.64905,1.6493,7.20,6.40
2007.08.02 19:45:12.677,1.64905,1.6493,7.20,4.80
2007.08.02 19:45:12.693,1.6491,1.6493,2.50,4.00
2007.08.02 19:45:12.786,1.6491,1.6493,6.90,8.00
2007.08.02 19:45:13.191,1.64905,1.6493,35.10,8.00
2007.08.02 19:45:13.209,1.64905,1.6493,35.10,8.50
2007.08.02 19:45:13.288,1.64905,1.6493,33.50,8.50
2007.08.02 19:45:13.425,1.64905,1.6493,41.50,8.50
2007.08.02 19:45:14.253,1.64905,1.6493,41.50,8.00
2007.08.02 19:45:19.242,1.64905,1.6493,41.50,9.60
2007.08.02 19:45:19.323,1.6491,1.6493,7.90,13.60
2007.08.02 19:45:19.735,1.64905,1.6493,33.50,21.60
2007.08.02 19:45:26.282,1.64905,1.6493,7.20,9.60
2007.08.02 19:45:33.332,1.64905,1.6493,7.20,13.60
2007.08.02 19:45:33.425,1.64905,1.6493,7.20,14.40
2007.08.02 19:45:33.534,1.64905,1.6493,7.20,15.20
2007.08.02 19:45:35.171,1.649,1.6492,36.70,1.60
2007.08.02 19:45:35.191,1.649,1.6492,36.70,2.40
2007.08.02 19:45:35.283,1.6491,1.6492,2.40,3.20
2007.08.02 19:45:35.394,1.64895,1.6491,23.10,1.60
2007.08.02 19:45:35.499,1.64895,1.6491,7.20,1.60
2007.08.02 19:45:35.690,1.649,1.6491,0.50,1.60
2007.08.02 19:45:35.888,1.649,1.6491,1.60,3.20
2007.08.02 19:45:35.917,1.649,1.6491,1.10,7.20
2007.08.02 19:45:36.325,1.649,1.6491,0.70,8.80
2007.08.02 19:45:36.519,1.6487,1.6491,17.60,11.20
2007.08.02 19:45:36.549,1.6488,1.6491,0.90,37.50
2007.08.02 19:45:36.645,1.6487,1.6491,19.40,38.30
2007.08.02 19:45:36.744,1.6488,1.6491,0.50,49.50
2007.08.02 19:45:36.852,1.6488,1.6491,3.50,51.60
2007.08.02 19:45:36.966,1.6487,1.6491,19.40,50.00
2007.08.02 19:45:37.136,1.6487,1.6491,19.40,46.00
2007.08.02 19:45:37.168,1.6487,1.6491,19.40,45.20
2007.08.02 19:45:37.272,1.6487,1.6491,20.40,36.40
2007.08.02 19:45:37.453,1.6488,1.6491,2.10,35.80
2007.08.02 19:45:37.472,1.6488,1.6491,1.00,31.80
2007.08.02 19:45:37.564,1.6487,1.6491,23.20,27.30
2007.08.02 19:45:37.665,1.6488,1.649,0.90,1.60
2007.08.02 19:45:37.795,1.6487,1.649,18.40,5.60
2007.08.02 19:45:38.401,1.6488,1.649,0.90,21.50
2007.08.02 19:45:38.473,1.64865,1.649,49.50,21.50
2007.08.02 19:45:38.663,1.6486,1.649,56.70,21.50
2007.08.02 19:45:38.700,1.6486,1.649,33.80,31.30
2007.08.02 19:45:39.191,1.6487,1.6489,12.80,1.60
2007.08.02 19:45:39.281,1.6487,1.6489,8.80,1.60
2007.08.02 19:45:39.323,1.6487,1.6489,4.80,1.60
2007.08.02 19:45:39.718,1.6487,1.6488,4.80,1.60
2007.08.02 19:45:39.748,1.6487,1.6488,2.40,1.60
2007.08.02 19:45:40.244,1.6487,1.6489,2.40,19.90
2007.08.02 19:45:40.448,1.6486,1.6489,2.40,19.90
2007.08.02 19:45:40.480,1.6485,1.6488,15.20,4.00
2007.08.02 19:45:40.544,1.6485,1.6488,14.40,4.00
2007.08.02 19:45:41.282,1.6486,1.6488,2.40,15.90
2007.08.02 19:45:41.417,1.6486,1.6489,2.40,10.90
2007.08.02 19:45:41.495,1.6486,1.6489,2.40,10.10
2007.08.02 19:45:41.603,1.6486,1.6489,2.40,9.90
2007.08.02 19:45:41.665,1.6486,1.6489,6.40,9.90
2007.08.02 19:45:41.698,1.6486,1.6489,30.30,25.80
2007.08.02 19:45:41.790,1.6486,1.6489,31.90,29.00
2007.08.02 19:45:41.832,1.6486,1.6489,31.90,37.00
2007.08.02 19:45:41.907,1.6486,1.6489,31.90,36.40
2007.08.02 19:45:42.031,1.6486,1.6489,31.90,34.30
2007.08.02 19:45:42.189,1.6486,1.6489,30.30,30.30
2007.08.02 19:45:42.226,1.6486,1.6489,12.20,6.40
2007.08.02 19:45:42.443,1.6486,1.6489,8.20,6.40
2007.08.02 19:45:42.525,1.6486,1.6489,8.20,4.00
2007.08.02 19:45:44.001,1.6487,1.6489,0.80,4.00
2007.08.02 19:45:44.165,1.6488,1.6489,4.00,4.00
2007.08.02 19:45:44.206,1.6488,1.649,4.00,7.50
2007.08.02 19:45:44.314,1.6488,1.649,4.00,4.80
2007.08.02 19:45:44.417,1.6488,1.649,4.00,4.00
2007.08.02 19:45:44.455,1.6488,1.649,4.00,1.60
2007.08.02 19:45:44.653,1.6488,1.649,6.40,1.60
2007.08.02 19:45:44.762,1.6488,1.6491,8.00,25.60
2007.08.02 19:45:44.835,1.6488,1.6491,8.00,17.60
2007.08.02 19:45:44.940,1.6488,1.649,42.30,2.40
2007.08.02 19:45:45.279,1.6488,1.649,40.70,4.00
2007.08.02 19:45:45.360,1.6488,1.649,40.70,4.80
2007.08.02 19:45:45.399,1.6488,1.649,40.70,5.60
2007.08.02 19:45:45.477,1.6488,1.649,6.40,6.40
2007.08.02 19:45:45.573,1.6488,1.649,6.40,7.20
2007.08.02 19:45:45.601,1.6488,1.649,6.40,6.40
2007.08.02 19:45:45.836,1.6488,1.649,6.40,7.20
2007.08.02 19:45:45.979,1.6488,1.649,6.40,10.40
2007.08.02 19:45:46.140,1.6488,1.649,6.40,9.60
2007.08.02 19:45:46.292,1.6488,1.649,6.40,5.60
2007.08.02 19:45:46.916,1.6488,1.649,6.40,6.10
2007.08.02 19:45:48.767,1.6488,1.649,6.40,5.60
2007.08.02 19:45:56.697,1.6488,1.649,8.00,5.60
2007.08.02 19:46:03.683,1.6488,1.649,4.00,5.60
2007.08.02 19:46:04.430,1.6487,1.649,24.80,5.60
2007.08.02 19:46:04.537,1.6487,1.649,22.40,5.60
2007.08.02 19:46:04.631,1.6487,1.649,52.70,29.50
2007.08.02 19:46:04.755,1.6487,1.649,50.30,29.50
2007.08.02 19:46:06.171,1.6488,1.649,0.80,29.50
2007.08.02 19:46:06.279,1.6488,1.649,0.80,5.60
2007.08.02 19:46:06.923,1.6488,1.649,0.80,5.60
2007.08.02 19:46:07.535,1.6487,1.649,14.50,29.50
2007.08.02 19:46:07.611,1.64865,1.649,51.10,31.90
2007.08.02 19:46:07.706,1.6487,1.6489,22.30,1.60
2007.08.02 19:46:07.741,1.64865,1.6489,43.10,9.60
2007.08.02 19:46:07.840,1.64865,1.6489,43.10,13.60
2007.08.02 19:46:08.040,1.64865,1.6489,12.80,9.60
2007.08.02 19:46:08.324,1.6487,1.6489,3.70,9.60
2007.08.02 19:46:12.227,1.6488,1.6489,0.90,9.60
2007.08.02 19:46:12.284,1.6488,1.6489,2.10,12.00
2007.08.02 19:46:12.706,1.64875,1.6489,4.80,1.60
2007.08.02 19:46:14.275,1.64875,1.64895,6.40,0.80
2007.08.02 19:46:23.640,1.6487,1.6489,17.60,4.00
2007.08.02 19:46:23.740,1.6487,1.6489,11.20,22.40
2007.08.02 19:46:23.755,1.6487,1.6488,2.00,1.60
2007.08.02 19:46:23.813,1.6486,1.6488,13.60,1.60
2007.08.02 19:46:24.108,1.64855,1.6488,13.60,1.60
2007.08.02 19:46:24.159,1.6486,1.6489,12.80,8.00
2007.08.02 19:46:24.305,1.6486,1.6489,24.80,18.40
2007.08.02 19:46:24.372,1.6486,1.6489,6.50,18.40
2007.08.02 19:46:24.439,1.6486,1.6489,3.80,18.40
2007.08.02 19:46:24.475,1.6485,1.6489,34.60,18.40
2007.08.02 19:46:24.531,1.6485,1.6489,34.60,20.50
2007.08.02 19:46:24.734,1.6486,1.6489,2.90,20.50
2007.08.02 19:46:26.612,1.6486,1.6489,1.00,18.10
2007.08.02 19:46:26.700,1.6486,1.6489,35.90,22.10
2007.08.02 19:46:26.729,1.64865,1.6489,24.70,22.10
2007.08.02 19:46:26.815,1.64865,1.6489,24.70,20.00
2007.08.02 19:46:26.923,1.6487,1.6489,0.70,9.60
2007.08.02 19:46:27.740,1.64865,1.6489,8.80,9.60
2007.08.02 19:46:29.614,1.6487,1.6489,8.80,9.60
2007.08.02 19:46:29.720,1.64875,1.6489,4.80,9.60
2007.08.02 19:46:29.915,1.64875,1.6489,4.80,1.60
2007.08.02 19:47:00.212,1.6488,1.6489,4.00,1.90
2007.08.02 19:47:12.328,1.6488,1.6489,4.00,0.40
2007.08.02 19:47:13.211,1.6488,1.6489,0.50,0.40
2007.08.02 19:47:34.324,1.64875,1.6489,4.80,10.70
2007.08.02 19:47:34.454,1.64875,1.6489,4.80,12.30
2007.08.02 19:47:37.640,1.6488,1.6489,2.00,14.70
2007.08.02 19:47:37.713,1.6488,1.6489,0.60,22.70
2007.08.02 19:47:37.737,1.6487,1.6489,31.50,22.70
2007.08.02 19:47:37.820,1.6487,1.6489,5.20,8.30
2007.08.02 19:47:37.919,1.6488,1.6489,0.60,8.00
2007.08.02 19:47:38.132,1.6487,1.6489,5.20,13.10
2007.08.02 19:47:38.151,1.6486,1.6488,4.60,1.60
2007.08.02 19:47:38.243,1.64855,1.6488,12.80,1.60
2007.08.02 19:47:38.252,1.64855,1.6488,14.00,1.60
2007.08.02 19:47:38.464,1.6486,1.6488,6.10,1.60
2007.08.02 19:47:40.601,1.6487,1.6488,1.40,1.60
2007.08.02 19:47:40.722,1.64865,1.6489,3.20,13.90
2007.08.02 19:47:40.828,1.64865,1.6489,3.20,9.90
2007.08.02 19:47:40.936,1.6487,1.6489,5.80,12.30
2007.08.02 19:47:41.319,1.64865,1.6489,14.80,12.30
2007.08.02 19:47:43.121,1.6487,1.6489,3.60,1.90
2007.08.02 19:47:43.803,1.6487,1.6489,4.40,1.90
2007.08.02 19:47:46.665,1.6487,1.6489,6.00,1.90
2007.08.02 19:47:46.840,1.6487,1.6489,32.30,6.10
2007.08.02 19:47:47.283,1.6487,1.6489,6.00,1.90
2007.08.02 19:47:47.715,1.6487,1.6489,4.40,1.90
2007.08.02 19:47:47.895,1.6487,1.6489,30.70,12.30
2007.08.02 19:47:48.219,1.6487,1.6489,32.30,12.30
2007.08.02 19:47:48.950,1.6487,1.6489,33.10,12.30
2007.08.02 19:47:49.380,1.6487,1.6489,31.50,12.30
2007.08.02 19:47:50.284,1.6487,1.6489,5.20,1.90
2007.08.02 19:47:50.359,1.6487,1.6489,31.50,12.30
2007.08.02 19:47:51.187,1.6487,1.6489,31.50,20.30
2007.08.02 19:47:51.217,1.6487,1.6488,31.50,1.60
2007.08.02 19:47:51.308,1.6487,1.6488,5.20,1.60
2007.08.02 19:47:54.065,1.6487,1.6488,6.00,1.60
2007.08.02 19:47:55.279,1.6487,1.6488,16.40,1.60
2007.08.02 19:47:55.654,1.6487,1.6488,14.00,1.60
2007.08.02 19:47:55.768,1.6487,1.6488,11.60,1.60
2007.08.02 19:47:55.882,1.6487,1.6488,3.60,2.10
2007.08.02 19:47:55.946,1.6486,1.6487,9.20,1.60
2007.08.02 19:47:55.971,1.6486,1.6487,9.20,3.20
2007.08.02 19:47:56.073,1.6486,1.6487,8.40,3.50
2007.08.02 19:47:56.169,1.6486,1.6487,8.40,5.10
2007.08.02 19:47:56.272,1.64865,1.6487,0.80,5.10
2007.08.02 19:47:56.289,1.64865,1.6487,0.80,4.30
2007.08.02 19:47:56.302,1.64865,1.6487,0.80,0.60
2007.08.02 19:47:56.369,1.6486,1.6488,8.40,13.10
2007.08.02 19:47:56.477,1.6486,1.6488,6.00,13.10
2007.08.02 19:47:56.576,1.6486,1.6488,3.60,16.30
2007.08.02 19:47:56.669,1.6485,1.6488,5.60,21.10
2007.08.02 19:47:56.699,1.6485,1.6487,3.20,0.90
2007.08.02 19:47:56.812,1.6485,1.6488,3.20,36.30
2007.08.02 19:47:57.016,1.6485,1.6487,2.40,0.90
2007.08.02 19:47:57.495,1.6484,1.6488,6.80,42.20
2007.08.02 19:47:57.639,1.6484,1.6488,6.80,41.40
2007.08.02 19:47:57.701,1.6484,1.6487,6.80,0.80
2007.08.02 19:47:57.827,1.6484,1.6488,6.80,40.00
2007.08.02 19:47:58.157,1.6484,1.6488,7.60,36.00
2007.08.02 19:47:58.208,1.6485,1.6487,3.60,0.90
2007.08.02 19:47:58.253,1.6485,1.6488,3.60,27.50
2007.08.02 19:47:58.675,1.6485,1.6488,6.00,30.60
2007.08.02 19:47:59.043,1.6485,1.6488,6.40,29.00
2007.08.02 19:48:02.601,1.6485,1.6487,7.20,0.90
2007.08.02 19:48:02.619,1.6485,1.6488,9.60,5.10
2007.08.02 19:48:02.704,1.6485,1.6488,18.40,5.20
2007.08.02 19:48:02.728,1.64855,1.6488,0.80,5.20
2007.08.02 19:48:02.804,1.6486,1.6487,2.40,0.40
2007.08.02 19:48:02.824,1.6486,1.6487,6.40,0.40
2007.08.02 19:48:05.692,1.6486,1.6488,6.40,5.90
2007.08.02 19:48:06.260,1.6486,1.6487,4.00,0.90
2007.08.02 19:48:06.300,1.6485,1.6487,32.70,0.80
2007.08.02 19:48:09.200,1.6485,1.6487,34.30,0.50
2007.08.02 19:48:11.650,1.6485,1.6487,34.30,13.10
2007.08.02 19:48:11.740,1.6485,1.6487,18.40,37.00
2007.08.02 19:48:11.759,1.6485,1.64865,16.00,0.80
2007.08.02 19:48:11.834,1.6485,1.64865,5.60,0.80
2007.08.02 19:48:26.634,1.6485,1.64865,4.00,0.80
2007.08.02 19:48:26.736,1.6485,1.6486,4.00,1.60
2007.08.02 19:48:26.961,1.6485,1.6486,4.00,9.60
2007.08.02 19:48:27.159,1.6485,1.6486,5.60,8.00
2007.08.02 19:48:27.888,1.6485,1.64865,5.60,0.80
2007.08.02 19:48:30.724,1.6484,1.6486,31.10,4.00
2007.08.02 19:48:30.820,1.6484,1.6486,0.80,38.30
2007.08.02 19:48:31.014,1.6483,1.6486,40.70,38.30
2007.08.02 19:48:31.436,1.6483,1.6486,35.10,38.30
2007.08.02 19:48:31.529,1.6483,1.6486,34.30,38.30
2007.08.02 19:48:32.698,1.6483,1.6486,30.30,38.30
2007.08.02 19:48:32.765,1.6483,1.6486,6.40,46.30
2007.08.02 19:48:33.412,1.6483,1.6486,6.40,48.70
2007.08.02 19:48:34.110,1.6483,1.6486,6.40,49.50
2007.08.02 19:48:34.127,1.6483,1.64855,6.40,0.80
2007.08.02 19:48:34.219,1.6483,1.6485,4.00,18.30
2007.08.02 19:48:34.235,1.6483,1.6485,4.00,19.90
2007.08.02 19:48:34.317,1.6483,1.6485,4.00,27.90
2007.08.02 19:48:34.457,1.6482,1.6485,36.00,27.90
2007.08.02 19:48:34.641,1.6482,1.6485,36.00,30.30
2007.08.02 19:48:34.707,1.6482,1.6485,35.20,30.30
2007.08.02 19:48:34.730,1.6482,1.6485,35.20,38.30
2007.08.02 19:48:35.682,1.6482,1.6484,35.20,1.60
2007.08.02 19:48:35.772,1.6482,1.6484,36.20,1.60
2007.08.02 19:48:36.387,1.6482,1.6484,28.20,1.60
2007.08.02 19:48:37.241,1.6482,1.6484,26.40,1.60
2007.08.02 19:48:37.631,1.6483,1.6484,2.40,1.60
2007.08.02 19:48:37.714,1.6483,1.6485,4.00,36.70
2007.08.02 19:48:37.739,1.6483,1.6485,4.00,27.90
2007.08.02 19:48:37.844,1.6483,1.6485,4.00,28.20
2007.08.02 19:48:37.918,1.64835,1.6485,0.80,28.20
2007.08.02 19:48:38.124,1.6483,1.6485,4.00,30.60
2007.08.02 19:48:38.230,1.6483,1.6485,2.40,30.60
2007.08.02 19:48:38.252,1.6482,1.6485,26.40,38.60
2007.08.02 19:48:38.375,1.6482,1.6485,34.40,30.60
2007.08.02 19:48:39.270,1.6482,1.6485,34.40,31.40
2007.08.02 19:48:39.370,1.6482,1.6485,34.40,32.20
2007.08.02 19:48:39.787,1.6482,1.6485,34.40,40.20
2007.08.02 19:48:39.796,1.6482,1.6484,32.80,1.60
2007.08.02 19:48:40.421,1.6482,1.6484,24.80,1.60
2007.08.02 19:48:41.367,1.6482,1.6484,36.80,1.60
2007.08.02 19:48:41.416,1.6482,1.6485,38.40,32.20
2007.08.02 19:48:41.631,1.6482,1.64845,38.40,0.80
2007.08.02 19:48:41.683,1.6482,1.6484,30.40,10.40
2007.08.02 19:48:41.723,1.6482,1.6484,30.40,12.00
2007.08.02 19:48:41.784,1.6482,1.6484,26.40,12.00
2007.08.02 19:48:41.983,1.6482,1.6484,27.20,12.00
2007.08.02 19:48:42.147,1.6483,1.6484,1.60,10.40
2007.08.02 19:48:42.253,1.6483,1.6484,5.60,10.40
2007.08.02 19:48:42.304,1.6483,1.6484,5.60,2.40
2007.08.02 19:48:42.499,1.6483,1.64845,5.60,0.80
2007.08.02 19:48:45.457,1.6482,1.64845,18.50,0.80
2007.08.02 19:48:46.676,1.64825,1.6484,4.80,1.60
2007.08.02 19:48:48.219,1.64825,1.64845,6.40,0.80
2007.08.02 19:48:55.707,1.64825,1.6484,4.80,1.60
2007.08.02 19:48:56.421,1.6483,1.6484,0.80,2.40
2007.08.02 19:48:56.495,1.6483,1.6484,0.50,3.20
2007.08.02 19:48:57.221,1.64825,1.6484,4.80,2.40
2007.08.02 19:48:57.373,1.6483,1.64845,2.80,0.80
2007.08.02 19:48:57.681,1.64825,1.64845,8.80,0.80
2007.08.02 19:48:57.781,1.6483,1.6485,0.90,5.10
2007.08.02 19:48:58.051,1.64825,1.6485,8.80,4.30
2007.08.02 19:48:58.504,1.64825,1.6485,8.80,1.90
2007.08.02 19:48:58.872,1.6483,1.6485,7.30,12.30
2007.08.02 19:49:00.234,1.6483,1.6485,1.00,1.90
2007.08.02 19:49:03.246,1.6483,1.6485,2.60,1.90
2007.08.02 19:49:03.429,1.6483,1.6485,13.60,0.40
2007.08.02 19:49:03.522,1.6483,1.6485,17.60,0.40
2007.08.02 19:49:07.302,1.6483,1.6485,37.60,0.40
2007.08.02 19:49:07.713,1.64835,1.6485,16.80,0.40
2007.08.02 19:49:08.250,1.64835,1.6485,6.40,0.40
2007.08.02 19:49:08.630,1.64835,1.6485,8.80,0.40
2007.08.02 19:49:08.969,1.6484,1.6485,4.20,0.40
2007.08.02 19:49:09.663,1.64835,1.6485,11.20,0.40
2007.08.02 19:49:09.671,1.64835,1.6485,8.80,0.40
2007.08.02 19:49:16.565,1.64835,1.6485,16.80,0.40
2007.08.02 19:49:30.289,1.6484,1.6486,2.40,2.40
2007.08.02 19:49:30.327,1.6485,1.6486,2.00,2.40
2007.08.02 19:49:31.146,1.6485,1.6487,1.60,18.40
2007.08.02 19:49:31.257,1.6485,1.6487,2.50,26.40
2007.08.02 19:49:31.343,1.6485,1.6487,2.20,18.40
2007.08.02 19:49:31.458,1.6484,1.6487,18.10,16.00
2007.08.02 19:49:31.774,1.6484,1.6487,20.50,18.40
2007.08.02 19:49:32.292,1.6485,1.6487,1.10,26.40
2007.08.02 19:49:32.695,1.6485,1.64865,0.60,0.80
2007.08.02 19:49:33.006,1.6484,1.64865,18.90,0.80
2007.08.02 19:49:33.421,1.6485,1.64865,0.90,0.80
2007.08.02 19:49:33.922,1.6484,1.6487,17.60,26.40
2007.08.02 19:49:34.965,1.6485,1.6487,1.60,28.00
2007.08.02 19:49:35.174,1.6484,1.6487,17.60,28.80
2007.08.02 19:49:35.290,1.6484,1.6486,16.00,1.60
2007.08.02 19:49:35.512,1.6485,1.6486,2.10,20.00
2007.08.02 19:49:35.583,1.6484,1.6485,7.70,0.80
2007.08.02 19:49:35.600,1.6484,1.6485,12.30,1.60
2007.08.02 19:49:35.688,1.64835,1.6485,19.20,0.80
2007.08.02 19:49:35.774,1.64835,1.6486,19.20,20.10
2007.08.02 19:49:35.793,1.6484,1.6486,4.50,20.00
2007.08.02 19:49:35.914,1.6484,1.6486,5.50,24.00
2007.08.02 19:49:36.126,1.6484,1.6486,6.10,24.80
2007.08.02 19:49:36.199,1.6484,1.6486,3.10,27.20
2007.08.02 19:49:36.223,1.6484,1.6486,1.60,12.80
2007.08.02 19:49:36.335,1.6484,1.6486,3.80,19.20
2007.08.02 19:49:36.425,1.64835,1.6486,32.70,15.20
2007.08.02 19:49:36.703,1.6484,1.6486,7.20,12.80
2007.08.02 19:49:37.056,1.6484,1.6486,3.00,12.00
2007.08.02 19:49:37.790,1.64835,1.6486,35.10,4.00
2007.08.02 19:49:39.132,1.64835,1.6486,35.10,12.00
2007.08.02 19:49:45.752,1.6485,1.6486,0.90,10.40
2007.08.02 19:49:45.969,1.6485,1.6487,1.60,30.40
2007.08.02 19:49:46.883,1.6485,1.6487,5.60,30.40
2007.08.02 19:49:48.289,1.6485,1.6486,4.00,1.60
2007.08.02 19:49:48.346,1.6485,1.6486,4.00,20.00
2007.08.02 19:49:48.633,1.6484,1.6486,26.40,20.00
2007.08.02 19:49:49.166,1.6484,1.6486,18.40,20.00
2007.08.02 19:49:58.514,1.6484,1.6486,18.40,20.80
2007.08.02 19:49:58.694,1.6484,1.6486,16.80,20.80
2007.08.02 19:49:58.725,1.6484,1.6486,16.80,21.60
2007.08.02 19:49:58.928,1.6484,1.6486,16.80,22.40
2007.08.02 19:49:59.133,1.6484,1.6486,16.80,23.20
2007.08.02 19:49:59.231,1.6484,1.6486,6.40,12.80
2007.08.02 19:50:00.059,1.6484,1.6486,6.40,12.00
2007.08.02 19:50:00.257,1.6484,1.6486,6.40,11.20
2007.08.02 19:50:01.275,1.6484,1.6486,8.00,11.20
2007.08.02 19:50:02.548,1.6484,1.6486,8.00,10.40
2007.08.02 19:50:02.669,1.6484,1.6486,16.00,9.60
2007.08.02 19:50:02.713,1.64845,1.6486,0.80,9.60
2007.08.02 19:50:02.806,1.6485,1.6486,4.00,9.60
2007.08.02 19:50:02.871,1.6485,1.6486,4.00,1.60
2007.08.02 19:50:03.730,1.6485,1.64865,5.60,0.80
2007.08.02 19:50:08.696,1.6485,1.6486,4.00,1.60
2007.08.02 19:50:12.186,1.6485,1.64865,5.60,0.80
2007.08.02 19:50:15.004,1.64845,1.64865,6.40,0.80
2007.08.02 19:50:19.677,1.6485,1.6487,1.80,16.00
2007.08.02 19:50:20.696,1.6485,1.6487,1.90,12.00
2007.08.02 19:50:20.822,1.64845,1.6487,9.30,12.00
2007.08.02 19:50:20.923,1.64845,1.6487,23.70,4.00
2007.08.02 19:50:21.012,1.6485,1.6487,8.60,4.00
2007.08.02 19:50:21.035,1.6485,1.6487,1.40,4.00
2007.08.02 19:50:21.723,1.6486,1.6487,1.50,4.00
2007.08.02 19:50:22.063,1.6485,1.6487,31.70,2.40
2007.08.02 19:50:22.531,1.64855,1.6488,6.40,16.00
2007.08.02 19:50:23.794,1.6486,1.6488,2.20,14.40
2007.08.02 19:50:24.736,1.64855,1.6488,6.40,16.80
2007.08.02 19:50:24.973,1.64855,1.6488,6.40,8.80
2007.08.02 19:50:25.397,1.6486,1.6487,2.30,2.40
2007.08.02 19:50:25.544,1.6485,1.6487,42.00,2.40
2007.08.02 19:50:25.660,1.64845,1.6487,41.20,2.40
2007.08.02 19:50:25.710,1.6485,1.6487,2.90,10.40
2007.08.02 19:50:25.759,1.64845,1.6487,27.60,10.40
2007.08.02 19:50:25.816,1.64845,1.6487,27.10,10.40
2007.08.02 19:50:26.259,1.64845,1.6487,27.10,18.40
2007.08.02 19:50:26.678,1.6484,1.6487,47.10,18.40
2007.08.02 19:50:28.716,1.64845,1.6487,23.10,20.00
2007.08.02 19:50:29.027,1.6485,1.6487,11.80,20.00
2007.08.02 19:50:29.243,1.6486,1.6487,0.60,18.40
2007.08.02 19:50:29.268,1.6486,1.6488,1.50,18.40
2007.08.02 19:50:29.557,1.6486,1.6488,2.90,16.00
2007.08.02 19:50:33.058,1.6485,1.6488,26.40,14.40
2007.08.02 19:50:35.193,1.6486,1.6488,8.80,10.40
2007.08.02 19:50:35.349,1.6486,1.6488,15.20,2.40
2007.08.02 19:50:35.814,1.6486,1.6489,15.20,15.30
2007.08.02 19:50:38.207,1.6486,1.6489,15.20,16.10
2007.08.02 19:50:40.130,1.6486,1.6489,15.20,15.30
2007.08.02 19:50:40.137,1.6486,1.6489,15.20,14.50
2007.08.02 19:50:40.235,1.6486,1.6489,15.20,13.60
2007.08.02 19:50:44.192,1.64865,1.6489,0.80,14.40
2007.08.02 19:50:44.206,1.64865,1.6489,0.80,15.20
2007.08.02 19:50:45.563,1.64865,1.6489,0.80,16.00
2007.08.02 19:50:45.684,1.64865,1.6488,0.80,0.80
2007.08.02 19:50:45.836,1.6486,1.6488,10.40,0.80
2007.08.02 19:50:45.903,1.6486,1.6488,10.40,1.60
2007.08.02 19:50:46.040,1.6486,1.6488,10.40,2.40
2007.08.02 19:50:46.114,1.6486,1.6488,4.00,10.40
2007.08.02 19:50:46.242,1.6486,1.6488,4.00,11.20
2007.08.02 19:50:46.251,1.64855,1.6488,0.80,12.80
2007.08.02 19:50:46.326,1.64855,1.6487,0.80,8.00
2007.08.02 19:50:46.351,1.6485,1.6487,20.80,0.80
2007.08.02 19:50:46.441,1.6485,1.6487,16.80,0.90
2007.08.02 19:50:46.453,1.6485,1.6487,12.00,0.90
2007.08.02 19:50:46.759,1.6485,1.64885,4.00,18.90
2007.08.02 19:50:47.175,1.6485,1.6488,4.00,18.10
2007.08.02 19:50:47.192,1.6485,1.6488,4.00,19.70
2007.08.02 19:50:47.303,1.6485,1.6488,4.00,19.70
2007.08.02 19:50:47.392,1.6485,1.6488,4.00,22.70
2007.08.02 19:50:47.494,1.6484,1.6488,44.70,58.60
2007.08.02 19:50:47.702,1.6484,1.6487,46.30,0.60
2007.08.02 19:50:47.722,1.6484,1.6488,48.10,60.20
2007.08.02 19:50:47.837,1.6484,1.6488,46.30,60.20
2007.08.02 19:50:47.937,1.6484,1.6487,46.30,0.70
2007.08.02 19:50:48.016,1.6484,1.6488,46.30,24.30
2007.08.02 19:50:48.217,1.6484,1.6488,46.30,0.90
2007.08.02 19:50:48.253,1.6484,1.64885,54.30,46.90
2007.08.02 19:50:48.337,1.6484,1.6488,54.30,0.90
2007.08.02 19:50:48.429,1.6484,1.64875,54.30,0.80
2007.08.02 19:50:48.540,1.6485,1.6488,4.00,42.90
2007.08.02 19:50:48.632,1.6485,1.6488,4.00,0.80
2007.08.02 19:50:48.901,1.6485,1.6488,4.00,0.90
2007.08.02 19:50:49.002,1.6485,1.64885,4.00,42.30
2007.08.02 19:50:49.344,1.6485,1.6487,4.00,0.60
2007.08.02 19:50:49.491,1.6485,1.6487,4.00,0.90
2007.08.02 19:50:49.659,1.6485,1.6488,4.00,43.60
2007.08.02 19:50:49.692,1.6485,1.6488,4.00,45.20
2007.08.02 19:50:50.210,1.6485,1.6488,4.00,49.80
2007.08.02 19:50:50.602,1.6484,1.6487,48.10,0.90
2007.08.02 19:50:50.934,1.6484,1.6487,48.10,0.70
2007.08.02 19:50:51.042,1.6484,1.6487,48.10,0.50
2007.08.02 19:50:51.129,1.6484,1.6488,48.10,30.00
2007.08.02 19:50:51.147,1.6484,1.6487,48.10,0.70
2007.08.02 19:50:51.235,1.6484,1.6487,46.50,0.50
2007.08.02 19:50:51.282,1.6484,1.6488,44.70,60.10
2007.08.02 19:50:51.428,1.6484,1.6487,42.30,0.80
2007.08.02 19:50:51.470,1.6484,1.6487,38.30,0.80
2007.08.02 19:50:51.579,1.6484,1.6487,38.30,0.70
2007.08.02 19:50:51.628,1.6484,1.6487,37.90,0.90
2007.08.02 19:50:51.702,1.6484,1.6487,5.90,9.20
2007.08.02 19:50:51.736,1.6484,1.6485,4.00,0.90
2007.08.02 19:50:52.031,1.6484,1.64855,4.00,3.20
2007.08.02 19:50:52.125,1.6484,1.6485,4.00,0.60
2007.08.02 19:50:52.253,1.6484,1.64855,4.00,4.00
2007.08.02 19:50:52.341,1.6484,1.64855,4.00,12.00
2007.08.02 19:50:52.356,1.6483,1.64855,12.80,12.00
2007.08.02 19:50:52.564,1.6483,1.6485,8.00,0.80
2007.08.02 19:50:53.173,1.6484,1.64855,1.60,14.40
2007.08.02 19:50:53.291,1.6483,1.64845,5.60,0.80
2007.08.02 19:50:53.684,1.6483,1.64845,8.00,0.80
2007.08.02 19:50:53.794,1.6483,1.6486,8.00,20.00
2007.08.02 19:50:53.934,1.6483,1.6486,42.30,32.00
2007.08.02 19:50:54.043,1.6483,1.6486,12.00,16.00
2007.08.02 19:50:54.143,1.6483,1.64865,12.00,15.20
2007.08.02 19:50:54.699,1.6483,1.6486,12.00,0.80
2007.08.02 19:50:55.961,1.6483,1.64865,12.00,13.30
2007.08.02 19:50:56.056,1.6483,1.64865,12.00,12.80
2007.08.02 19:50:56.129,1.6483,1.6484,9.60,0.80
2007.08.02 19:50:56.220,1.6483,1.6485,9.60,2.40
2007.08.02 19:50:56.389,1.6483,1.6485,5.60,10.40
2007.08.02 19:50:56.737,1.6483,1.64845,4.00,2.40
2007.08.02 19:50:58.640,1.6483,1.64845,4.00,3.20
2007.08.02 19:50:58.704,1.6483,1.64845,4.00,5.60
2007.08.02 19:50:58.773,1.64825,1.6483,0.80,0.80
2007.08.02 19:50:58.816,1.6483,1.6484,4.00,7.10
2007.08.02 19:50:58.913,1.6483,1.6484,4.00,6.40
2007.08.02 19:50:58.979,1.6483,1.6484,4.00,5.50
2007.08.02 19:50:59.216,1.6482,1.6484,12.00,0.50
2007.08.02 19:50:59.298,1.6482,1.6484,12.00,0.90
2007.08.02 19:50:59.313,1.6482,1.6484,22.40,0.70
2007.08.02 19:50:59.408,1.6482,1.64845,8.00,14.10
2007.08.02 19:50:59.843,1.6482,1.6484,8.00,0.70
2007.08.02 19:51:00.070,1.6482,1.64845,8.00,12.80
2007.08.02 19:51:00.276,1.6482,1.6484,22.40,0.60
2007.08.02 19:51:00.697,1.6482,1.64845,30.40,4.80
2007.08.02 19:51:00.777,1.6482,1.64845,30.40,2.40
2007.08.02 19:51:00.864,1.6483,1.6485,1.60,0.80
2007.08.02 19:51:01.493,1.6483,1.6485,5.60,0.60
2007.08.02 19:51:04.099,1.6483,1.6485,5.60,0.50
2007.08.02 19:51:04.145,1.6483,1.6485,5.60,0.60
2007.08.02 19:51:04.196,1.6483,1.6485,5.60,0.80
2007.08.02 19:51:04.239,1.6483,1.6486,5.60,28.20
2007.08.02 19:51:04.312,1.6483,1.6485,9.60,0.50
2007.08.02 19:51:04.441,1.6483,1.6485,9.60,0.60
2007.08.02 19:51:04.770,1.6483,1.64865,8.00,10.40
2007.08.02 19:51:04.846,1.6483,1.6485,30.30,0.90
2007.08.02 19:51:05.179,1.6483,1.6486,30.30,24.80
2007.08.02 19:51:05.527,1.6483,1.6486,4.00,28.80
2007.08.02 19:51:05.792,1.6482,1.6486,46.30,29.60
2007.08.02 19:51:05.898,1.64825,1.6486,0.80,29.60
2007.08.02 19:51:06.178,1.6483,1.6485,2.40,0.60
2007.08.02 19:51:06.198,1.6483,1.6486,4.00,29.60
2007.08.02 19:51:06.309,1.6483,1.6486,8.00,29.60
2007.08.02 19:51:06.607,1.6483,1.6486,10.40,27.20
2007.08.02 19:51:06.715,1.6483,1.6485,18.40,0.90
2007.08.02 19:51:07.236,1.6483,1.6485,18.40,0.60
2007.08.02 19:51:07.334,1.6483,1.6486,12.00,0.90
2007.08.02 19:51:08.419,1.6483,1.64865,12.00,7.20
2007.08.02 19:51:08.638,1.6483,1.64865,12.00,8.00
2007.08.02 19:51:08.672,1.6483,1.6486,12.00,8.80
2007.08.02 19:51:08.965,1.6483,1.6486,42.30,29.00
2007.08.02 19:51:09.392,1.6483,1.6485,18.40,0.70
2007.08.02 19:51:09.710,1.6483,1.6486,18.40,27.40
2007.08.02 19:51:09.815,1.6483,1.64865,12.00,4.80
2007.08.02 19:51:09.933,1.6483,1.6486,22.40,0.90
2007.08.02 19:51:10.150,1.6483,1.64865,25.60,31.10
2007.08.02 19:51:10.211,1.64835,1.6487,0.80,47.90
2007.08.02 19:51:10.261,1.6484,1.6487,26.30,32.00
2007.08.02 19:51:10.318,1.6484,1.6487,27.90,0.70
2007.08.02 19:51:10.353,1.6484,1.6488,27.90,40.70
2007.08.02 19:51:10.423,1.6484,1.6488,27.90,40.70
2007.08.02 19:51:10.637,1.6484,1.6487,34.30,0.60
2007.08.02 19:51:10.686,1.6484,1.6487,42.30,0.70
2007.08.02 19:51:10.835,1.6484,1.6487,42.30,0.80
2007.08.02 19:51:13.547,1.6484,1.6488,42.30,36.50
2007.08.02 19:51:13.796,1.6484,1.6488,42.30,36.50
2007.08.02 19:51:14.720,1.6484,1.6488,42.30,33.30
2007.08.02 19:51:15.363,1.6484,1.6488,54.30,27.40
2007.08.02 19:51:15.440,1.6485,1.6487,4.00,0.50
2007.08.02 19:51:28.214,1.6485,1.6488,6.40,47.30
2007.08.02 19:51:30.121,1.6485,1.64875,6.40,0.80
2007.08.02 19:51:30.129,1.6485,1.6487,4.00,2.40
2007.08.02 19:51:30.234,1.6484,1.6487,42.30,4.00
2007.08.02 19:51:30.342,1.6484,1.6487,42.30,8.00
2007.08.02 19:51:30.634,1.6484,1.6487,42.30,10.40
2007.08.02 19:51:30.783,1.6484,1.6487,42.30,18.40
2007.08.02 19:51:44.670,1.6484,1.6486,39.90,4.00
2007.08.02 19:51:44.696,1.6484,1.6486,39.90,14.40
2007.08.02 19:51:44.791,1.6484,1.6486,16.00,14.40
2007.08.02 19:51:44.913,1.6484,1.6486,5.60,4.00
2007.08.02 19:51:45.231,1.6484,1.6486,16.00,14.40
2007.08.02 19:51:49.860,1.6484,1.6486,5.60,4.00
2007.08.02 19:51:51.920,1.6484,1.6486,0.50,4.00
2007.08.02 19:51:55.456,1.64835,1.6486,6.40,4.80
2007.08.02 19:51:55.460,1.64835,1.6486,6.40,5.60
2007.08.02 19:52:01.055,1.6484,1.6485,2.90,1.60
2007.08.02 19:52:01.100,1.64835,1.6485,6.40,3.20
2007.08.02 19:52:07.821,1.6484,1.6485,3.10,2.40
2007.08.02 19:52:07.887,1.64835,1.6485,6.40,1.60
2007.08.02 19:52:07.929,1.6484,1.6485,2.00,0.80
2007.08.02 19:52:08.099,1.64835,1.64855,6.40,0.80
2007.08.02 19:52:08.384,1.64835,1.6486,6.40,6.40
2007.08.02 19:52:08.924,1.6484,1.6486,2.20,4.00
2007.08.02 19:52:14.884,1.64835,1.6486,6.40,4.80
2007.08.02 19:52:15.091,1.6484,1.6486,2.70,5.60
2007.08.02 19:52:18.907,1.6484,1.6486,1.50,6.40
2007.08.02 19:52:24.306,1.6484,1.6486,5.60,5.60
2007.08.02 19:52:24.841,1.6484,1.6486,16.00,17.20
2007.08.02 19:52:25.110,1.6484,1.6486,16.00,16.90
2007.08.02 19:52:25.344,1.6484,1.6486,16.00,16.00
2007.08.02 19:52:25.452,1.6484,1.6486,16.00,15.20
2007.08.02 19:52:25.531,1.6484,1.6486,16.00,14.40
2007.08.02 19:52:28.347,1.6484,1.6486,8.00,14.40
2007.08.02 19:52:29.092,1.6484,1.6486,8.00,6.40
2007.08.02 19:52:32.476,1.6484,1.6486,8.80,6.40
2007.08.02 19:52:32.605,1.6484,1.6486,9.60,6.40
2007.08.02 19:52:32.677,1.6485,1.6486,1.60,4.00
2007.08.02 19:52:32.805,1.6485,1.6486,1.60,2.40
2007.08.02 19:52:32.906,1.6485,1.6487,1.60,8.80
2007.08.02 19:52:32.987,1.6485,1.6487,2.40,8.80
2007.08.02 19:52:33.023,1.6485,1.6487,3.20,8.00
2007.08.02 19:52:33.143,1.6485,1.6487,3.70,8.00
2007.08.02 19:52:33.241,1.6485,1.6487,4.80,5.60
2007.08.02 19:52:33.348,1.6485,1.6487,31.60,16.00
2007.08.02 19:52:33.447,1.6486,1.6487,5.60,16.00
2007.08.02 19:52:33.540,1.6486,1.6487,5.60,11.20
2007.08.02 19:52:33.667,1.6486,1.6487,5.60,10.40
2007.08.02 19:52:39.158,1.6486,1.6487,4.00,12.80
2007.08.02 19:52:39.609,1.6485,1.6487,8.00,12.80
2007.08.02 19:52:40.933,1.6485,1.6487,9.60,12.80
2007.08.02 19:52:41.148,1.6486,1.6487,1.60,10.40
2007.08.02 19:52:41.248,1.6486,1.6487,1.60,2.40
2007.08.02 19:52:41.363,1.6486,1.6487,5.60,2.40
2007.08.02 19:52:57.802,1.6486,1.6488,5.60,9.60
2007.08.02 19:53:06.017,1.6486,1.6488,5.60,10.40
2007.08.02 19:53:09.690,1.6486,1.6487,4.00,2.40
2007.08.02 19:53:09.821,1.6486,1.6487,4.00,12.80
2007.08.02 19:53:09.936,1.6486,1.6487,4.00,20.80
2007.08.02 19:53:10.364,1.6485,1.6487,8.00,20.80
2007.08.02 19:53:12.238,1.6485,1.6487,5.60,8.80
2007.08.02 19:53:12.517,1.6485,1.6487,5.60,11.20
2007.08.02 19:53:12.554,1.6485,1.6487,5.60,12.00
2007.08.02 19:53:12.714,1.6485,1.6487,4.00,13.60
2007.08.02 19:53:12.760,1.6485,1.6487,4.00,21.60
2007.08.02 19:53:12.818,1.6485,1.64865,4.00,0.80
2007.08.02 19:53:12.870,1.6485,1.6486,4.00,10.40
2007.08.02 19:53:13.432,1.6484,1.6486,18.40,10.40
2007.08.02 19:53:18.685,1.6485,1.6486,1.60,10.40
2007.08.02 19:53:18.893,1.6485,1.6487,1.60,20.00
2007.08.02 19:53:19.478,1.6485,1.6487,5.60,20.00
2007.08.02 19:53:22.149,1.6485,1.6487,5.60,17.60
2007.08.02 19:53:22.161,1.6485,1.6487,5.60,9.60
2007.08.02 19:53:22.257,1.6485,1.6487,5.60,6.40
2007.08.02 19:53:22.791,1.6486,1.6487,4.00,6.40
2007.08.02 19:53:23.100,1.6486,1.6487,4.00,4.80
2007.08.02 19:53:23.214,1.6486,1.6487,5.60,4.80
2007.08.02 19:53:23.510,1.6486,1.6487,5.60,2.40
2007.08.02 19:53:23.709,1.6486,1.6488,5.60,18.40
2007.08.02 19:53:29.649,1.6486,1.6488,5.60,26.40
2007.08.02 19:53:29.681,1.6486,1.6487,4.00,2.40
2007.08.02 19:53:29.764,1.6486,1.6487,4.00,20.80
2007.08.02 19:53:30.179,1.6485,1.6487,31.90,20.80
2007.08.02 19:53:30.300,1.6485,1.6487,8.00,20.80
2007.08.02 19:53:33.159,1.6485,1.6487,6.40,22.40
2007.08.02 19:53:34.387,1.6485,1.6487,2.40,22.40
2007.08.02 19:53:34.433,1.6484,1.6487,35.90,22.40
2007.08.02 19:53:35.637,1.6484,1.64865,35.90,0.80
2007.08.02 19:53:35.698,1.6484,1.64865,37.70,0.80
2007.08.02 19:53:35.745,1.6484,1.6486,37.70,1.60
2007.08.02 19:53:36.208,1.6484,1.6486,21.80,12.00
2007.08.02 19:53:36.644,1.6484,1.6486,21.80,20.00
2007.08.02 19:53:36.666,1.6485,1.6486,1.60,18.40
2007.08.02 19:53:36.743,1.6485,1.6487,1.60,27.20
2007.08.02 19:53:37.365,1.6485,1.6487,5.60,27.20
2007.08.02 19:53:39.698,1.6485,1.6487,5.60,16.80
2007.08.02 19:53:40.003,1.6485,1.6487,5.60,15.20
2007.08.02 19:53:40.207,1.6485,1.6487,8.00,24.80
2007.08.02 19:53:40.323,1.6485,1.6487,12.00,24.80
2007.08.02 19:53:40.746,1.6485,1.6487,12.00,22.40
2007.08.02 19:53:51.656,1.6485,1.6487,12.00,18.40
2007.08.02 19:53:51.723,1.6485,1.6487,12.00,10.40
2007.08.02 19:53:51.816,1.6485,1.6488,10.10,20.80
2007.08.02 19:53:51.938,1.6485,1.6488,10.90,12.80
2007.08.02 19:53:51.947,1.6485,1.6488,11.70,12.80
2007.08.02 19:53:52.147,1.6486,1.6488,5.60,12.80
2007.08.02 19:53:52.248,1.6486,1.6488,5.60,16.80
2007.08.02 19:53:54.948,1.6485,1.6488,17.30,16.80
2007.08.02 19:53:56.191,1.6487,1.6488,2.30,12.80
2007.08.02 19:53:56.291,1.6487,1.6488,0.80,12.80
2007.08.02 19:53:56.313,1.6486,1.6488,35.10,8.80
2007.08.02 19:53:56.443,1.6487,1.6488,2.70,6.40
2007.08.02 19:53:56.482,1.6487,1.6488,3.20,4.00
2007.08.02 19:53:56.590,1.64865,1.6488,6.40,1.60
2007.08.02 19:53:56.800,1.6487,1.6488,0.60,1.60
2007.08.02 19:53:57.017,1.6487,1.64895,1.00,0.80
2007.08.02 19:53:57.416,1.6487,1.649,4.40,13.60
2007.08.02 19:53:57.871,1.64865,1.649,8.80,12.80
2007.08.02 19:53:58.073,1.6487,1.649,4.40,12.00
2007.08.02 19:53:58.169,1.6487,1.649,9.60,22.40
2007.08.02 19:53:58.645,1.6487,1.649,46.30,18.40
2007.08.02 19:53:58.697,1.6487,1.649,54.30,10.40
2007.08.02 19:53:58.797,1.6487,1.649,54.30,2.40
2007.08.02 19:53:59.222,1.6487,1.6491,46.30,17.80
2007.08.02 19:53:59.439,1.6487,1.6491,50.30,17.00
2007.08.02 19:53:59.460,1.6487,1.6491,50.30,14.60
2007.08.02 19:53:59.810,1.6487,1.6491,50.30,12.20
2007.08.02 19:54:00.267,1.6487,1.6491,50.30,2.40
2007.08.02 19:54:00.586,1.6487,1.6491,48.90,2.40
2007.08.02 19:54:00.698,1.6487,1.649,14.60,8.00
2007.08.02 19:54:00.790,1.6488,1.649,2.10,8.00
2007.08.02 19:54:00.907,1.6487,1.649,14.60,8.00
2007.08.02 19:54:01.206,1.6487,1.649,14.10,8.00
2007.08.02 19:54:01.326,1.6488,1.649,2.10,8.00
2007.08.02 19:54:02.052,1.6487,1.649,14.90,8.00
2007.08.02 19:54:02.267,1.6488,1.649,9.00,8.00
2007.08.02 19:54:02.468,1.6487,1.649,55.60,8.00
2007.08.02 19:54:03.642,1.6488,1.649,4.30,8.00
2007.08.02 19:54:03.849,1.6488,1.649,10.00,8.00
2007.08.02 19:54:05.005,1.6487,1.649,55.10,8.00
2007.08.02 19:54:05.347,1.6488,1.649,3.40,8.00
2007.08.02 19:54:05.643,1.6487,1.649,55.10,8.00
2007.08.02 19:54:05.961,1.6487,1.649,55.60,8.00
2007.08.02 19:54:06.686,1.6487,1.649,55.10,8.00
2007.08.02 19:54:07.625,1.6487,1.649,56.20,8.00
2007.08.02 19:54:16.274,1.6487,1.649,67.60,8.00
2007.08.02 19:54:16.360,1.6487,1.649,69.00,8.00
2007.08.02 19:54:16.419,1.6487,1.6491,52.00,8.00
2007.08.02 19:54:16.640,1.6489,1.6492,3.20,10.40
2007.08.02 19:54:16.696,1.6488,1.6492,57.50,10.40
2007.08.02 19:54:16.745,1.6489,1.6492,1.20,12.20
2007.08.02 19:54:16.969,1.6488,1.6492,57.50,4.20
2007.08.02 19:54:24.719,1.6491,1.6492,4.00,4.20
2007.08.02 19:54:24.740,1.6491,1.6492,6.40,2.40
2007.08.02 19:54:25.257,1.6491,1.6492,4.00,2.40
2007.08.02 19:54:25.411,1.6491,1.6493,4.00,9.60
2007.08.02 19:54:25.722,1.6491,1.6493,6.40,9.60
2007.08.02 19:54:25.891,1.6491,1.6493,16.80,13.80
2007.08.02 19:54:26.503,1.6491,1.6493,16.80,11.40
2007.08.02 19:54:37.154,1.6491,1.6493,14.40,11.40
2007.08.02 19:54:37.179,1.6491,1.6493,14.40,13.80
2007.08.02 19:54:37.676,1.6491,1.6493,14.40,16.20
2007.08.02 19:54:37.908,1.6491,1.6493,4.00,4.00
2007.08.02 19:54:40.122,1.6491,1.6493,6.40,4.00
2007.08.02 19:54:40.238,1.6491,1.6493,6.40,1.60
2007.08.02 19:54:40.987,1.6491,1.6493,16.70,3.40
2007.08.02 19:54:41.206,1.6491,1.6493,16.70,1.60
2007.08.02 19:54:42.714,1.6491,1.6493,18.30,1.60
2007.08.02 19:54:51.572,1.6491,1.6493,18.30,2.40
2007.08.02 19:54:51.598,1.6491,1.6493,18.30,5.90
2007.08.02 19:54:51.681,1.6491,1.6492,14.30,1.60
2007.08.02 19:54:51.913,1.6491,1.6492,4.00,1.60
2007.08.02 19:54:53.725,1.6491,1.6493,5.60,6.50
2007.08.02 19:54:53.775,1.6491,1.6493,5.60,5.60
2007.08.02 19:54:53.831,1.6491,1.6493,5.60,4.80
2007.08.02 19:54:53.847,1.6491,1.6493,15.90,15.20
2007.08.02 19:54:53.967,1.6491,1.6493,15.90,14.40
2007.08.02 19:54:54.130,1.6491,1.6493,18.30,10.40
2007.08.02 19:54:54.186,1.6491,1.6493,42.20,2.40
2007.08.02 19:54:54.282,1.6491,1.6494,47.00,11.20
2007.08.02 19:54:54.388,1.6491,1.6494,47.80,11.20
2007.08.02 19:54:54.506,1.6491,1.6494,47.80,8.80
2007.08.02 19:54:54.538,1.6491,1.6494,47.80,6.40
2007.08.02 19:54:54.650,1.6491,1.6493,43.80,1.60
2007.08.02 19:54:54.701,1.6491,1.6493,34.20,1.60
2007.08.02 19:54:54.864,1.6491,1.6493,30.20,17.80
2007.08.02 19:54:54.921,1.6491,1.6493,30.20,18.30
2007.08.02 19:54:55.215,1.6491,1.6493,39.00,8.50
2007.08.02 19:54:55.325,1.6491,1.6493,43.80,1.60
2007.08.02 19:54:55.334,1.6491,1.6494,47.80,14.40
2007.08.02 19:54:56.585,1.6491,1.6494,47.80,4.00
2007.08.02 19:55:00.128,1.6491,1.64945,47.80,4.80
2007.08.02 19:55:03.845,1.6491,1.64945,47.00,4.80
2007.08.02 19:55:05.386,1.6491,1.6494,46.20,0.50
2007.08.02 19:55:10.598,1.6491,1.64945,43.80,4.80
2007.08.02 19:55:10.675,1.6491,1.6494,43.80,0.90
2007.08.02 19:55:10.705,1.6491,1.6493,43.80,0.50
2007.08.02 19:55:10.769,1.6491,1.6493,15.90,0.60
2007.08.02 19:55:13.211,1.6491,1.6493,15.90,0.70
2007.08.02 19:55:13.275,1.6491,1.64925,15.90,0.80
2007.08.02 19:55:13.791,1.6491,1.64925,5.60,0.80
2007.08.02 19:55:18.730,1.649,1.64915,14.40,0.80
2007.08.02 19:55:18.757,1.649,1.6492,20.80,21.60
2007.08.02 19:55:19.084,1.649,1.6492,9.60,11.20
2007.08.02 19:55:19.551,1.649,1.6492,7.20,11.20
2007.08.02 19:55:22.132,1.649,1.6492,9.60,13.60
2007.08.02 19:55:22.201,1.649,1.64915,20.00,0.80
2007.08.02 19:55:22.257,1.649,1.6492,20.00,0.90
2007.08.02 19:55:22.843,1.649,1.6492,20.00,0.50
2007.08.02 19:55:50.177,1.649,1.6492,19.20,18.40
2007.08.02 19:55:50.299,1.649,1.6492,18.40,18.40
2007.08.02 19:55:57.634,1.649,1.6492,16.00,18.40
2007.08.02 19:55:57.679,1.649,1.6492,8.00,18.40
2007.08.02 19:55:57.741,1.649,1.6492,2.40,20.80
2007.08.02 19:55:58.513,1.6489,1.6492,47.20,20.80
2007.08.02 19:55:59.184,1.6489,1.6492,47.20,22.40
2007.08.02 19:55:59.221,1.6489,1.6492,46.40,22.40
2007.08.02 19:55:59.292,1.6489,1.6492,11.10,12.00
2007.08.02 19:55:59.409,1.6489,1.6492,9.30,12.00
2007.08.02 19:55:59.487,1.6489,1.6492,8.50,12.00
2007.08.02 19:55:59.619,1.6489,1.6492,8.00,12.00
2007.08.02 19:55:59.687,1.6489,1.6492,4.00,12.00
2007.08.02 19:55:59.715,1.6489,1.6492,4.00,12.80
2007.08.02 19:55:59.838,1.6489,1.6492,4.00,15.70
2007.08.02 19:55:59.939,1.6489,1.6491,6.40,8.00
2007.08.02 19:56:00.258,1.6489,1.6492,6.40,58.60
2007.08.02 19:56:00.296,1.6489,1.6492,2.40,58.60
2007.08.02 19:56:00.404,1.6489,1.6492,2.40,61.00
2007.08.02 19:56:00.460,1.6488,1.6492,11.40,61.00
2007.08.02 19:56:00.509,1.6488,1.6492,9.00,61.00
2007.08.02 19:56:02.425,1.6488,1.6492,9.00,60.40
2007.08.02 19:56:02.650,1.6488,1.6492,9.00,61.00
2007.08.02 19:56:03.484,1.6489,1.6492,2.40,61.00
2007.08.02 19:56:03.685,1.649,1.6492,4.00,61.00
2007.08.02 19:56:03.699,1.649,1.6492,6.40,61.00
2007.08.02 19:56:03.793,1.649,1.6492,6.40,28.50
2007.08.02 19:56:03.899,1.649,1.6492,4.00,16.00
2007.08.02 19:56:04.507,1.649,1.6492,4.00,13.60
2007.08.02 19:56:08.702,1.649,1.6491,4.00,1.60
2007.08.02 19:56:09.657,1.649,1.6492,6.40,11.20
2007.08.02 19:56:09.687,1.649,1.6492,6.40,9.60
2007.08.02 19:56:09.812,1.649,1.6492,16.80,12.00
2007.08.02 19:56:10.524,1.649,1.6492,16.80,9.60
2007.08.02 19:56:36.710,1.649,1.6492,14.40,9.60
2007.08.02 19:56:36.757,1.649,1.6492,6.40,9.60
2007.08.02 19:56:39.476,1.649,1.6492,6.40,6.10
2007.08.02 19:56:39.481,1.649,1.6492,2.40,6.10
2007.08.02 19:56:39.681,1.6489,1.6491,17.60,1.60
2007.08.02 19:56:39.800,1.6489,1.6491,7.20,1.60
2007.08.02 19:56:39.896,1.6489,1.6491,3.20,1.60
2007.08.02 19:56:39.996,1.6489,1.6491,2.40,1.60
2007.08.02 19:56:40.111,1.6489,1.6491,2.40,9.60
2007.08.02 19:56:40.431,1.6488,1.6491,46.30,9.60
2007.08.02 19:56:41.168,1.6488,1.6491,46.30,8.00
2007.08.02 19:56:41.352,1.6488,1.6492,46.30,47.90
2007.08.02 19:56:41.464,1.6489,1.6492,6.40,39.90
2007.08.02 19:56:42.268,1.6489,1.6491,6.40,8.00
2007.08.02 19:56:44.216,1.64895,1.6491,0.80,8.00
2007.08.02 19:56:44.225,1.64895,1.6492,0.80,5.60
2007.08.02 19:56:44.355,1.649,1.6492,2.40,16.00
2007.08.02 19:56:44.418,1.649,1.6492,6.40,16.00
2007.08.02 19:56:44.646,1.649,1.6492,14.40,16.00
2007.08.02 19:56:53.242,1.649,1.6492,4.00,5.60
2007.08.02 19:57:22.321,1.649,1.6492,14.40,16.00
2007.08.02 19:57:39.097,1.649,1.6491,14.40,1.60
2007.08.02 19:57:39.117,1.649,1.6491,14.40,4.00
2007.08.02 19:57:39.228,1.6489,1.649,4.80,1.60
2007.08.02 19:57:39.420,1.6489,1.649,2.40,12.00
2007.08.02 19:57:39.515,1.6488,1.649,20.00,12.00
2007.08.02 19:57:40.010,1.6488,1.649,12.00,12.00
2007.08.02 19:57:44.278,1.6488,1.649,11.20,12.00
2007.08.02 19:57:44.383,1.6488,1.649,10.40,12.00
2007.08.02 19:57:48.232,1.6488,1.649,10.40,4.00
2007.08.02 19:57:51.136,1.6488,1.64905,10.40,4.80
2007.08.02 19:57:52.248,1.6487,1.64905,60.70,7.20
2007.08.02 19:57:52.274,1.6487,1.64905,21.60,31.10
2007.08.02 19:57:52.375,1.6487,1.64905,19.20,31.10
2007.08.02 19:57:52.466,1.6487,1.649,16.80,0.70
2007.08.02 19:57:52.697,1.6487,1.64905,8.80,31.10
2007.08.02 19:57:55.669,1.6487,1.64905,11.20,31.10
2007.08.02 19:57:55.696,1.6487,1.649,19.20,0.80
2007.08.02 19:57:55.764,1.6487,1.64905,20.80,7.20
2007.08.02 19:57:55.914,1.6487,1.649,24.80,0.90
2007.08.02 19:57:57.702,1.6487,1.64905,24.80,4.80
2007.08.02 19:57:58.214,1.6488,1.6491,4.00,28.00
2007.08.02 19:57:58.366,1.6488,1.6491,6.40,7.20
2007.08.02 19:57:58.497,1.6488,1.6491,6.40,0.60
2007.08.02 19:57:58.518,1.6488,1.6491,6.40,0.70
2007.08.02 19:57:58.625,1.6488,1.64925,6.40,52.70
2007.08.02 19:57:59.747,1.6488,1.6492,7.20,0.60
2007.08.02 19:58:00.277,1.6489,1.6492,2.40,0.70
2007.08.02 19:58:00.372,1.6489,1.6492,2.40,0.80
2007.08.02 19:58:00.418,1.6489,1.64925,6.40,43.90
2007.08.02 19:58:00.478,1.6489,1.6492,6.40,0.70
2007.08.02 19:58:00.520,1.6489,1.6492,6.40,0.50
2007.08.02 19:58:03.294,1.6489,1.6492,6.40,0.70
2007.08.02 19:58:03.359,1.6489,1.6492,6.40,0.90
2007.08.02 19:58:03.696,1.6489,1.6492,6.40,0.60
2007.08.02 19:58:03.785,1.6489,1.64925,6.40,3.20
2007.08.02 19:58:05.864,1.6489,1.6492,6.40,0.90
2007.08.02 19:58:08.655,1.6489,1.6492,4.00,9.80
2007.08.02 19:58:08.725,1.6488,1.64895,12.80,0.80
2007.08.02 19:58:08.761,1.6488,1.649,20.80,13.60
2007.08.02 19:58:09.442,1.6488,1.64895,18.40,0.80
2007.08.02 19:58:11.178,1.6489,1.649,4.00,0.60
2007.08.02 19:58:11.267,1.6489,1.649,4.00,0.80
2007.08.02 19:58:11.464,1.6489,1.6491,6.40,13.60
2007.08.02 19:58:11.581,1.6489,1.6491,6.40,8.80
2007.08.02 19:58:11.677,1.6489,1.6492,8.00,0.90
2007.08.02 19:58:15.147,1.649,1.6492,1.60,0.80
2007.08.02 19:58:15.304,1.649,1.64935,5.60,15.20
2007.08.02 19:58:15.401,1.649,1.64935,8.00,21.00
2007.08.02 19:58:15.455,1.649,1.64935,12.00,21.00
2007.08.02 19:58:15.653,1.6491,1.6494,4.00,29.20
2007.08.02 19:58:15.716,1.6491,1.6493,4.00,0.70
2007.08.02 19:58:16.222,1.6491,1.6494,6.40,22.80
2007.08.02 19:58:16.348,1.6491,1.6493,6.40,0.90
2007.08.02 19:58:16.375,1.6491,1.6494,6.40,42.70
2007.08.02 19:58:19.772,1.6491,1.64945,6.40,41.50
2007.08.02 19:58:19.962,1.6491,1.6493,6.40,0.80
2007.08.02 19:58:20.053,1.6491,1.6493,6.40,0.60
2007.08.02 19:58:20.386,1.6491,1.6494,2.40,42.80
2007.08.02 19:58:20.470,1.649,1.6494,6.40,52.60
2007.08.02 19:58:20.790,1.649,1.6494,6.40,52.60
2007.08.02 19:58:20.895,1.649,1.64945,6.40,53.40
2007.08.02 19:58:26.497,1.6491,1.64945,2.40,53.40
2007.08.02 19:58:26.665,1.6491,1.64945,10.40,53.40
2007.08.02 19:58:26.712,1.6491,1.64945,42.30,21.50
2007.08.02 19:58:26.804,1.6491,1.64945,42.30,11.20
2007.08.02 19:58:27.474,1.6491,1.64945,42.30,8.80
2007.08.02 19:58:34.379,1.6491,1.6493,42.30,0.70
2007.08.02 19:58:34.779,1.6491,1.6494,40.70,21.80
2007.08.02 19:58:35.436,1.6491,1.6494,16.80,31.10
2007.08.02 19:58:36.216,1.6491,1.6494,16.80,29.50
2007.08.02 19:58:36.380,1.6491,1.6494,40.70,19.90
2007.08.02 19:58:36.617,1.6491,1.6494,42.30,19.90
2007.08.02 19:58:37.215,1.6491,1.6494,42.30,0.70
2007.08.02 19:58:37.309,1.6491,1.64945,46.30,4.80
2007.08.02 19:58:37.513,1.6491,1.6494,46.30,16.20
2007.08.02 19:58:38.328,1.6491,1.64945,46.30,17.00
2007.08.02 19:58:38.689,1.6492,1.6494,4.00,0.50
2007.08.02 19:58:38.747,1.6492,1.6495,6.40,0.80
2007.08.02 19:58:38.841,1.6492,1.6495,6.40,0.80
2007.08.02 19:58:38.949,1.6492,1.6495,6.40,0.50
2007.08.02 19:58:39.054,1.6492,1.64955,6.40,50.00
2007.08.02 19:58:39.255,1.6492,1.6495,6.40,0.60
2007.08.02 19:58:39.671,1.6492,1.6495,6.40,0.70
2007.08.02 19:58:39.826,1.6492,1.6495,6.40,0.90
2007.08.02 19:58:41.184,1.6492,1.6494,6.40,0.90
2007.08.02 19:58:41.451,1.6492,1.6495,4.00,31.10
2007.08.02 19:58:41.566,1.6491,1.6494,42.30,0.80
2007.08.02 19:58:41.669,1.6491,1.6495,42.30,0.90
2007.08.02 19:58:41.747,1.6491,1.6495,46.30,0.80
2007.08.02 19:58:41.864,1.6491,1.64955,46.30,54.30
2007.08.02 19:58:41.958,1.6491,1.6495,47.10,0.80
2007.08.02 19:58:42.064,1.6491,1.64955,47.90,53.50
2007.08.02 19:58:42.171,1.6491,1.6496,47.90,65.00
2007.08.02 19:58:42.276,1.6492,1.6496,2.40,56.20
2007.08.02 19:58:42.303,1.6492,1.6496,6.40,56.20
2007.08.02 19:58:42.485,1.6492,1.6495,6.40,0.60
2007.08.02 19:58:42.691,1.6492,1.6496,6.40,49.40
2007.08.02 19:58:45.060,1.6492,1.6495,6.40,27.30
2007.08.02 19:58:45.163,1.6492,1.6495,6.40,23.90
2007.08.02 19:58:45.368,1.6492,1.6496,6.40,55.90
2007.08.02 19:58:48.752,1.6492,1.6496,6.40,55.10
2007.08.02 19:58:48.821,1.6492,1.6496,6.40,54.30
2007.08.02 19:58:52.013,1.6492,1.6494,6.40,1.60
2007.08.02 19:58:52.140,1.6492,1.64935,2.40,0.80
2007.08.02 19:58:52.225,1.6491,1.6493,55.90,2.40
2007.08.02 19:58:52.325,1.6491,1.6493,20.00,10.40
2007.08.02 19:58:52.342,1.6491,1.6493,17.60,10.40
2007.08.02 19:58:52.638,1.6491,1.6493,17.60,18.40
2007.08.02 19:58:52.662,1.6491,1.6493,17.60,20.80
2007.08.02 19:59:01.191,1.6491,1.6493,20.00,18.40
2007.08.02 19:59:01.263,1.6491,1.6493,20.00,8.00
2007.08.02 19:59:01.712,1.6492,1.6493,4.00,8.00
2007.08.02 19:59:01.776,1.6492,1.6494,4.00,14.40
2007.08.02 19:59:01.976,1.6492,1.6494,6.40,16.80
2007.08.02 19:59:02.399,1.6492,1.6494,6.40,12.80
2007.08.02 19:59:02.440,1.6492,1.6494,6.40,8.00
2007.08.02 19:59:03.322,1.6492,1.6495,6.40,9.80
2007.08.02 19:59:06.231,1.6492,1.6495,8.00,9.80
2007.08.02 19:59:06.239,1.6492,1.6494,8.00,1.80
2007.08.02 19:59:06.346,1.6492,1.6494,8.50,1.80
2007.08.02 19:59:06.446,1.6493,1.6495,4.00,1.80
2007.08.02 19:59:06.754,1.6493,1.6495,6.40,8.00
2007.08.02 19:59:12.146,1.6493,1.6496,6.40,12.20
2007.08.02 19:59:13.299,1.6493,1.6495,6.40,8.00
2007.08.02 19:59:14.129,1.6493,1.6496,6.40,12.20
2007.08.02 19:59:15.687,1.6493,1.6496,6.40,16.20
2007.08.02 19:59:15.767,1.6493,1.6496,6.40,40.10
2007.08.02 19:59:15.966,1.6493,1.6495,6.40,8.00
2007.08.02 19:59:20.466,1.6493,1.6496,6.40,40.10
2007.08.02 19:59:21.243,1.6493,1.64945,2.40,2.40
2007.08.02 19:59:21.281,1.6492,1.64945,16.00,4.80
2007.08.02 19:59:21.375,1.6492,1.64945,16.00,12.80
2007.08.02 19:59:21.658,1.6492,1.64945,16.00,15.20
2007.08.02 19:59:21.677,1.6492,1.64945,16.00,23.20
2007.08.02 19:59:34.181,1.6492,1.6495,18.40,26.40
2007.08.02 19:59:34.226,1.6492,1.6496,42.30,32.10
2007.08.02 19:59:34.319,1.6492,1.6495,42.30,0.90
2007.08.02 19:59:34.399,1.6492,1.6496,44.70,32.10
2007.08.02 19:59:34.502,1.6492,1.6495,48.70,0.60
2007.08.02 19:59:34.652,1.6492,1.6496,48.70,60.00
2007.08.02 19:59:34.809,1.6492,1.6495,48.70,0.60
2007.08.02 19:59:35.165,1.6492,1.6496,48.70,55.20
2007.08.02 19:59:35.214,1.6492,1.6496,48.70,53.60
2007.08.02 19:59:35.276,1.6492,1.64965,48.70,54.40
2007.08.02 19:59:35.372,1.6492,1.64965,56.70,46.40
2007.08.02 19:59:35.425,1.6493,1.6496,4.00,0.90
2007.08.02 19:59:35.490,1.6493,1.6496,6.40,0.50
2007.08.02 19:59:39.624,1.6493,1.6496,6.40,0.60
2007.08.02 19:59:40.762,1.6493,1.64965,6.40,40.90
2007.08.02 19:59:43.738,1.6493,1.6496,8.00,0.60
2007.08.02 19:59:44.297,1.6493,1.6496,8.00,40.10
2007.08.02 19:59:44.404,1.6493,1.6496,31.90,16.20
2007.08.02 19:59:44.755,1.6493,1.6495,30.30,0.60
2007.08.02 19:59:45.233,1.6493,1.6496,30.30,0.80
2007.08.02 19:59:45.335,1.6493,1.64965,6.40,40.90
