2015.06.24 17:00:00.109,1.04637,1.04649,1.35,1.00
2015.06.24 17:00:00.939,1.04634,1.04647,1.00,1.00
2015.06.24 17:00:00.994,1.0463,1.04647,1.00,2.25
2015.06.24 17:00:01.148,1.04629,1.04645,1.00,1.00
2015.06.24 17:00:01.251,1.04627,1.04645,1.00,1.00
2015.06.24 17:00:02.579,1.04627,1.04646,1.50,1.87
2015.06.24 17:00:02.732,1.0463,1.04646,1.00,1.00
2015.06.24 17:00:03.628,1.0463,1.04647,1.00,1.12
2015.06.24 17:00:05.562,1.0463,1.04647,1.00,2.62
2015.06.24 17:00:06.081,1.04631,1.04647,1.00,1.00
2015.06.24 17:00:06.602,1.0463,1.04648,1.50,1.00
2015.06.24 17:00:07.271,1.0463,1.04649,2.25,1.12
2015.06.24 17:00:07.988,1.0463,1.04648,1.50,1.00
2015.06.24 17:00:08.642,1.04634,1.04649,1.00,1.00
2015.06.24 17:00:08.846,1.04631,1.04648,1.00,1.00
2015.06.24 17:00:08.898,1.04631,1.04646,1.00,1.00
2015.06.24 17:00:10.690,1.04631,1.04647,1.00,1.50
2015.06.24 17:00:11.729,1.04631,1.04647,1.00,1.37
2015.06.24 17:00:13.420,1.0463,1.04647,1.00,1.87
2015.06.24 17:00:14.390,1.0463,1.04645,1.00,1.37
2015.06.24 17:00:18.241,1.0463,1.04644,1.00,1.12
2015.06.24 17:00:19.586,1.0463,1.04645,1.00,1.12
2015.06.24 17:00:21.101,1.0463,1.04644,1.00,1.00
2015.06.24 17:00:27.112,1.0463,1.04644,1.00,1.37
2015.06.24 17:00:31.265,1.04626,1.04643,1.50,1.12
2015.06.24 17:00:36.821,1.04625,1.04641,1.00,1.12
2015.06.24 17:00:37.564,1.04624,1.04641,1.50,1.12
2015.06.24 17:00:45.198,1.04625,1.04641,1.00,1.00
2015.06.24 17:00:45.770,1.04626,1.04641,1.12,1.00
2015.06.24 17:00:46.309,1.04625,1.04641,1.00,1.00
2015.06.24 17:00:47.335,1.04624,1.04641,1.50,1.00
2015.06.24 17:00:50.476,1.04624,1.04641,3.22,1.00
2015.06.24 17:00:50.985,1.04621,1.04635,1.00,1.00
2015.06.24 17:00:51.087,1.04618,1.04633,1.00,1.00
2015.06.24 17:00:51.139,1.04618,1.0463,1.00,1.00
2015.06.24 17:00:51.496,1.04616,1.04632,2.10,1.00
2015.06.24 17:00:52.023,1.04616,1.04631,2.10,1.00
2015.06.24 17:00:52.524,1.04616,1.04632,2.10,1.00
2015.06.24 17:00:53.844,1.04616,1.04633,2.10,1.00
2015.06.24 17:00:54.801,1.04616,1.04634,2.85,1.00
2015.06.24 17:00:55.424,1.04618,1.04634,1.35,1.00
2015.06.24 17:00:55.476,1.04617,1.04632,2.10,1.00
2015.06.24 17:00:56.000,1.04617,1.04631,1.35,1.00
2015.06.24 17:00:56.545,1.04617,1.04633,1.60,1.00
2015.06.24 17:00:56.647,1.04619,1.04635,1.00,1.00
2015.06.24 17:00:57.027,1.04619,1.04632,1.00,1.00
2015.06.24 17:00:57.078,1.04617,1.04633,1.35,1.00
2015.06.24 17:00:57.684,1.04617,1.04632,1.35,1.00
2015.06.24 17:00:59.444,1.04617,1.04633,2.10,1.00
2015.06.24 17:01:00.329,1.04615,1.04622,1.00,1.00
2015.06.24 17:01:00.380,1.04613,1.0462,1.00,1.00
2015.06.24 17:01:00.432,1.04613,1.04618,1.00,1.00
2015.06.24 17:01:00.991,1.046,1.04605,1.50,1.00
2015.06.24 17:01:01.042,1.0459,1.04604,1.00,1.00
2015.06.24 17:01:01.553,1.04589,1.04604,1.35,1.00
2015.06.24 17:01:02.012,1.04592,1.04604,1.00,1.00
2015.06.24 17:01:02.064,1.04593,1.04607,1.00,1.00
2015.06.24 17:01:02.451,1.04598,1.04615,1.00,1.50
2015.06.24 17:01:02.913,1.04603,1.04617,1.00,1.00
2015.06.24 17:01:03.016,1.04603,1.04621,1.50,1.00
2015.06.24 17:01:03.322,1.04604,1.04623,1.00,2.25
2015.06.24 17:01:04.618,1.04603,1.04622,1.50,1.50
2015.06.24 17:01:04.671,1.04603,1.04616,1.00,1.00
2015.06.24 17:01:04.774,1.046,1.04616,1.00,1.00
2015.06.24 17:01:04.927,1.046,1.04618,1.00,1.00
2015.06.24 17:01:05.695,1.04601,1.04616,1.00,1.00
2015.06.24 17:01:05.755,1.04599,1.04616,1.00,1.00
2015.06.24 17:01:06.264,1.04598,1.04615,1.00,1.00
2015.06.24 17:01:06.773,1.04597,1.04616,1.50,2.25
2015.06.24 17:01:07.295,1.04598,1.04617,1.00,2.25
2015.06.24 17:01:09.213,1.04599,1.04617,1.00,1.00
2015.06.24 17:01:09.715,1.04599,1.04618,1.00,3.00
2015.06.24 17:01:14.808,1.04598,1.04617,1.00,1.00
2015.06.24 17:01:14.862,1.04596,1.04613,1.50,1.12
2015.06.24 17:01:15.173,1.04599,1.04615,1.00,1.00
2015.06.24 17:01:15.326,1.04599,1.04618,1.50,2.25
2015.06.24 17:01:16.741,1.04598,1.04617,1.00,1.00
2015.06.24 17:01:17.251,1.04598,1.04616,1.00,1.00
2015.06.24 17:01:17.906,1.04597,1.04616,1.00,1.50
2015.06.24 17:01:20.323,1.04597,1.04613,1.00,1.00
2015.06.24 17:01:20.478,1.04595,1.04613,1.50,1.00
2015.06.24 17:01:20.529,1.04595,1.04611,1.00,1.00
2015.06.24 17:01:20.836,1.04594,1.04613,1.50,1.50
2015.06.24 17:01:21.343,1.04595,1.04613,1.00,1.00
2015.06.24 17:01:22.818,1.04595,1.04614,1.12,1.50
2015.06.24 17:01:23.631,1.04596,1.04614,1.00,1.00
2015.06.24 17:01:23.903,1.04595,1.04609,1.12,1.00
2015.06.24 17:01:24.107,1.04589,1.04605,1.35,1.87
2015.06.24 17:01:24.363,1.04589,1.04602,1.35,1.00
2015.06.24 17:01:25.030,1.04588,1.04603,1.60,1.00
2015.06.24 17:01:25.082,1.04588,1.04605,1.60,1.00
2015.06.24 17:01:27.344,1.04588,1.04605,1.60,1.37
2015.06.24 17:01:29.006,1.04588,1.04604,1.60,1.37
2015.06.24 17:01:29.160,1.04588,1.04604,1.60,1.00
2015.06.24 17:01:29.466,1.04588,1.04606,1.60,1.00
2015.06.24 17:01:30.236,1.04589,1.04604,1.35,1.00
2015.06.24 17:01:30.288,1.0459,1.04606,1.35,1.00
2015.06.24 17:01:30.746,1.0459,1.04608,1.00,1.00
2015.06.24 17:01:33.568,1.04591,1.04608,1.00,1.12
2015.06.24 17:01:34.114,1.0459,1.04608,1.00,1.12
2015.06.24 17:01:34.677,1.04591,1.04608,1.00,1.12
2015.06.24 17:01:35.542,1.0459,1.04608,1.00,1.12
2015.06.24 17:01:35.653,1.04589,1.04603,1.00,1.00
2015.06.24 17:01:35.909,1.04588,1.04605,1.50,1.00
2015.06.24 17:01:36.437,1.04591,1.04605,1.00,1.50
2015.06.24 17:01:36.553,1.04589,1.04605,1.00,1.50
2015.06.24 17:01:36.655,1.04588,1.046,1.00,1.00
2015.06.24 17:01:36.707,1.04588,1.04602,1.00,1.00
2015.06.24 17:01:36.810,1.04587,1.04599,1.00,1.00
2015.06.24 17:01:36.912,1.04585,1.04602,1.00,2.25
2015.06.24 17:01:36.964,1.04585,1.04599,1.00,1.00
2015.06.24 17:01:37.474,1.04585,1.046,1.00,1.00
2015.06.24 17:01:37.729,1.04585,1.04602,1.00,2.25
2015.06.24 17:01:38.642,1.04587,1.04602,1.00,1.00
2015.06.24 17:01:39.613,1.04589,1.04606,1.00,2.25
2015.06.24 17:01:40.120,1.04589,1.04604,1.00,1.00
2015.06.24 17:01:40.638,1.04589,1.04605,1.00,1.00
2015.06.24 17:01:41.395,1.04589,1.04606,1.00,1.50
2015.06.24 17:01:42.116,1.04589,1.04604,1.00,1.00
2015.06.24 17:01:43.001,1.04589,1.04605,1.00,1.87
2015.06.24 17:01:43.509,1.04589,1.04605,1.00,1.37
2015.06.24 17:01:43.948,1.04595,1.04605,1.00,1.37
2015.06.24 17:01:44.716,1.04602,1.04606,6.75,1.00
2015.06.24 17:01:44.768,1.04611,1.04623,1.00,1.00
2015.06.24 17:01:44.973,1.04611,1.04625,1.00,1.00
2015.06.24 17:01:45.228,1.04611,1.04627,1.00,1.00
2015.06.24 17:01:45.919,1.04614,1.0463,1.00,1.00
2015.06.24 17:01:46.428,1.04614,1.04631,1.00,2.25
2015.06.24 17:01:47.663,1.04614,1.0463,1.00,1.00
2015.06.24 17:01:47.969,1.04616,1.04631,1.00,1.50
2015.06.24 17:01:48.072,1.04619,1.04635,1.00,1.50
2015.06.24 17:01:48.868,1.0462,1.04635,1.00,1.00
2015.06.24 17:01:49.966,1.04621,1.04636,1.00,1.50
2015.06.24 17:01:50.837,1.04621,1.04637,1.00,1.00
2015.06.24 17:01:52.937,1.04622,1.04637,1.00,1.00
2015.06.24 17:01:53.446,1.04623,1.04638,1.00,2.10
2015.06.24 17:01:53.954,1.04623,1.04637,1.00,1.00
2015.06.24 17:01:54.495,1.04622,1.04637,1.00,1.00
2015.06.24 17:01:55.019,1.04621,1.04637,1.50,1.00
2015.06.24 17:01:57.093,1.04623,1.04637,1.00,1.00
2015.06.24 17:01:57.609,1.04624,1.04637,1.00,1.00
2015.06.24 17:01:57.763,1.04621,1.04637,1.00,1.00
2015.06.24 17:02:02.449,1.04621,1.04634,1.00,1.00
2015.06.24 17:02:02.552,1.04621,1.04637,1.00,1.35
2015.06.24 17:02:03.183,1.04621,1.04636,1.00,1.00
2015.06.24 17:02:03.691,1.04621,1.04638,1.50,1.50
2015.06.24 17:02:03.793,1.04623,1.04638,1.00,1.00
2015.06.24 17:02:03.997,1.04625,1.04642,1.00,1.87
2015.06.24 17:02:05.575,1.04624,1.04643,1.00,1.37
2015.06.24 17:02:08.027,1.04625,1.04644,1.00,3.37
2015.06.24 17:02:09.571,1.04631,1.04646,1.00,1.00
2015.06.24 17:02:09.630,1.04632,1.04649,1.00,1.12
2015.06.24 17:02:10.141,1.04631,1.04649,1.00,1.12
2015.06.24 17:02:12.343,1.04631,1.04649,1.00,1.37
2015.06.24 17:02:13.912,1.04631,1.04649,1.00,1.12
2015.06.24 17:02:14.903,1.04631,1.0465,2.25,1.00
2015.06.24 17:02:15.337,1.04633,1.04652,1.00,1.87
2015.06.24 17:02:15.645,1.04635,1.04652,1.00,1.00
2015.06.24 17:02:16.154,1.04636,1.04652,1.00,1.00
2015.06.24 17:02:17.059,1.04636,1.04653,1.00,1.35
2015.06.24 17:02:17.569,1.04635,1.04652,1.00,1.00
2015.06.24 17:02:18.577,1.04634,1.04652,1.00,1.00
2015.06.24 17:02:19.116,1.04635,1.04652,1.00,1.00
2015.06.24 17:02:21.724,1.04633,1.04652,1.12,1.35
2015.06.24 17:02:22.610,1.04633,1.04652,1.37,1.35
2015.06.24 17:02:23.277,1.04633,1.04652,1.00,1.35
2015.06.24 17:02:23.785,1.04632,1.04651,1.87,1.00
2015.06.24 17:02:26.694,1.04633,1.04651,1.00,1.00
2015.06.24 17:02:28.253,1.04633,1.04652,1.50,1.00
2015.06.24 17:02:28.667,1.04636,1.04652,1.00,1.00
2015.06.24 17:02:28.974,1.04638,1.04653,1.00,1.00
2015.06.24 17:02:29.594,1.04644,1.04658,1.00,1.00
2015.06.24 17:02:30.106,1.04645,1.04659,1.00,1.12
2015.06.24 17:02:31.827,1.04645,1.04661,1.00,1.00
2015.06.24 17:02:31.929,1.04647,1.04661,1.00,1.00
2015.06.24 17:02:31.981,1.0465,1.04666,1.00,1.37
2015.06.24 17:02:32.083,1.04652,1.04667,1.00,1.12
2015.06.24 17:02:32.556,1.04662,1.04675,1.00,1.75
2015.06.24 17:02:32.607,1.04662,1.04675,1.00,1.00
2015.06.24 17:02:32.659,1.04662,1.04678,1.00,1.00
2015.06.24 17:02:33.235,1.0466,1.04678,1.00,1.00
2015.06.24 17:02:33.286,1.04662,1.04678,1.00,1.00
2015.06.24 17:02:34.292,1.0466,1.04677,1.00,1.00
2015.06.24 17:02:37.770,1.04661,1.04677,1.00,1.37
2015.06.24 17:02:37.821,1.04658,1.04676,1.00,1.37
2015.06.24 17:02:38.330,1.04657,1.04675,1.00,1.12
2015.06.24 17:02:39.545,1.0466,1.04675,1.00,1.12
2015.06.24 17:02:39.598,1.04659,1.04677,1.00,1.12
2015.06.24 17:02:40.031,1.04659,1.04675,1.00,1.12
2015.06.24 17:02:40.337,1.04662,1.0468,1.00,1.00
2015.06.24 17:02:40.440,1.04668,1.0468,1.00,1.00
2015.06.24 17:02:40.955,1.04667,1.0468,1.00,1.00
2015.06.24 17:02:41.486,1.04667,1.04681,1.00,1.00
2015.06.24 17:02:41.639,1.04665,1.04681,1.00,1.00
2015.06.24 17:02:43.648,1.04664,1.04681,1.00,1.12
2015.06.24 17:02:44.116,1.04663,1.0468,1.00,1.37
2015.06.24 17:02:44.169,1.04661,1.0468,1.50,1.37
2015.06.24 17:02:44.706,1.04661,1.04678,1.00,1.37
2015.06.24 17:02:45.656,1.0466,1.04678,1.00,1.37
2015.06.24 17:02:46.201,1.04659,1.04678,1.50,1.37
2015.06.24 17:02:46.804,1.04659,1.04678,1.50,1.87
2015.06.24 17:02:47.312,1.04659,1.04677,1.00,1.12
2015.06.24 17:02:47.364,1.04662,1.04678,1.00,1.37
2015.06.24 17:02:47.923,1.04662,1.04678,1.00,1.00
2015.06.24 17:02:48.228,1.04664,1.04679,1.00,1.12
2015.06.24 17:02:48.913,1.04665,1.04679,1.00,1.12
2015.06.24 17:02:49.421,1.04664,1.04679,1.00,1.12
2015.06.24 17:02:50.638,1.04663,1.04676,1.00,1.37
2015.06.24 17:02:50.693,1.04657,1.04675,1.50,1.37
2015.06.24 17:02:56.152,1.04658,1.04675,1.00,1.37
2015.06.24 17:02:57.036,1.04657,1.04675,1.50,1.37
2015.06.24 17:03:00.089,1.04657,1.04676,1.50,1.87
2015.06.24 17:03:00.907,1.04659,1.04676,1.00,1.37
2015.06.24 17:03:01.010,1.04659,1.04677,1.00,1.00
2015.06.24 17:03:01.112,1.04664,1.04679,1.00,1.00
2015.06.24 17:03:01.419,1.04668,1.04681,1.00,1.00
2015.06.24 17:03:02.557,1.04668,1.04682,1.00,1.72
2015.06.24 17:03:03.075,1.04667,1.04681,1.00,1.12
2015.06.24 17:03:05.712,1.04668,1.04681,1.00,1.00
2015.06.24 17:03:06.020,1.0467,1.04684,1.00,1.37
2015.06.24 17:03:06.175,1.04662,1.04681,1.00,1.00
2015.06.24 17:03:06.430,1.0466,1.04679,1.50,1.00
2015.06.24 17:03:06.942,1.04661,1.04679,1.00,1.00
2015.06.24 17:03:07.351,1.04661,1.04678,1.00,1.37
2015.06.24 17:03:12.542,1.04662,1.04678,1.00,1.37
2015.06.24 17:03:15.015,1.04661,1.04678,1.00,1.37
2015.06.24 17:03:16.170,1.04661,1.04678,1.00,1.12
2015.06.24 17:03:16.670,1.04663,1.04679,1.00,1.12
2015.06.24 17:03:18.386,1.04662,1.04678,1.00,1.00
2015.06.24 17:03:18.947,1.04661,1.04678,1.00,1.00
2015.06.24 17:03:23.016,1.0466,1.04678,1.00,1.00
2015.06.24 17:03:23.705,1.0466,1.04677,1.00,1.00
2015.06.24 17:03:24.077,1.0466,1.04674,1.00,1.50
2015.06.24 17:03:24.130,1.04655,1.04673,1.00,1.37
2015.06.24 17:03:24.651,1.04655,1.04671,1.00,2.25
2015.06.24 17:03:24.906,1.04645,1.04658,1.00,1.00
2015.06.24 17:03:25.765,1.04644,1.04658,1.00,1.00
2015.06.24 17:03:25.816,1.04636,1.04655,1.50,1.00
2015.06.24 17:03:26.072,1.04636,1.04654,1.00,1.37
2015.06.24 17:03:26.684,1.04634,1.04653,1.00,1.37
2015.06.24 17:03:27.297,1.04633,1.04652,2.25,1.37
2015.06.24 17:03:27.399,1.04634,1.04651,1.00,1.37
2015.06.24 17:03:27.924,1.04633,1.04651,1.50,1.37
2015.06.24 17:03:29.174,1.04633,1.04652,2.25,1.00
2015.06.24 17:03:29.226,1.04636,1.04652,1.00,1.00
2015.06.24 17:03:29.277,1.04637,1.04655,1.00,1.00
2015.06.24 17:03:29.481,1.04639,1.04656,1.00,1.00
2015.06.24 17:03:30.191,1.04638,1.04657,1.50,1.00
2015.06.24 17:03:34.964,1.04638,1.04657,1.50,1.37
2015.06.24 17:03:40.145,1.04642,1.04657,1.00,1.37
2015.06.24 17:03:40.657,1.04642,1.04656,1.00,1.37
2015.06.24 17:03:41.067,1.04639,1.04655,1.00,1.00
2015.06.24 17:03:41.493,1.04639,1.04654,1.00,1.87
2015.06.24 17:03:42.004,1.04639,1.04654,1.00,1.00
2015.06.24 17:03:43.039,1.04639,1.04655,1.00,1.87
2015.06.24 17:03:43.775,1.04639,1.04654,1.00,1.00
2015.06.24 17:03:52.376,1.04641,1.04654,1.50,1.00
2015.06.24 17:03:52.428,1.04643,1.04658,1.00,1.00
2015.06.24 17:03:52.479,1.04643,1.0466,1.00,1.50
2015.06.24 17:03:52.684,1.04647,1.04661,1.00,1.50
2015.06.24 17:03:53.539,1.04647,1.04663,1.50,1.00
2015.06.24 17:03:53.961,1.0465,1.04664,1.00,1.00
2015.06.24 17:03:54.469,1.0465,1.04666,1.00,1.12
2015.06.24 17:03:54.571,1.04653,1.04667,1.00,1.00
2015.06.24 17:03:55.231,1.04651,1.04667,1.00,1.00
2015.06.24 17:03:55.713,1.04653,1.04668,1.00,1.37
2015.06.24 17:03:55.764,1.04653,1.04668,1.00,1.00
2015.06.24 17:03:56.681,1.04653,1.04669,1.00,1.12
2015.06.24 17:03:57.219,1.04653,1.0467,1.00,1.00
2015.06.24 17:03:57.648,1.04667,1.04671,1.00,1.00
2015.06.24 17:03:57.700,1.04667,1.04682,1.00,1.50
2015.06.24 17:03:58.005,1.04669,1.04684,1.00,1.37
2015.06.24 17:04:00.664,1.04669,1.04684,1.00,1.00
2015.06.24 17:04:01.174,1.04669,1.04685,1.00,1.12
2015.06.24 17:04:03.852,1.04669,1.04685,1.00,1.37
2015.06.24 17:04:07.089,1.04669,1.04685,1.00,1.37
2015.06.24 17:04:07.192,1.04669,1.04685,1.00,1.00
2015.06.24 17:04:07.610,1.04669,1.04683,1.00,1.00
2015.06.24 17:04:07.663,1.04666,1.04683,1.00,2.25
2015.06.24 17:04:07.819,1.04664,1.04683,1.50,1.00
2015.06.24 17:04:08.328,1.04665,1.04684,1.00,1.00
2015.06.24 17:04:08.856,1.04669,1.04684,1.00,1.00
2015.06.24 17:04:09.369,1.04669,1.04685,1.00,1.00
2015.06.24 17:04:10.579,1.04669,1.04686,1.00,1.00
2015.06.24 17:04:11.122,1.04668,1.04686,1.00,1.00
2015.06.24 17:04:12.953,1.04668,1.04687,1.87,1.60
2015.06.24 17:04:13.158,1.04673,1.04691,1.00,1.00
2015.06.24 17:04:14.620,1.04672,1.04691,1.00,1.12
2015.06.24 17:04:14.672,1.04672,1.04691,1.00,1.37
2015.06.24 17:04:15.288,1.04671,1.04691,1.50,1.87
2015.06.24 17:04:15.617,1.04674,1.04691,1.00,1.37
2015.06.24 17:04:22.239,1.04674,1.04686,1.00,1.00
2015.06.24 17:04:22.290,1.04672,1.04686,1.00,1.00
2015.06.24 17:04:22.341,1.04672,1.04683,1.00,1.00
2015.06.24 17:04:22.392,1.04669,1.04682,1.00,1.00
2015.06.24 17:04:22.444,1.04668,1.04677,1.00,1.00
2015.06.24 17:04:23.297,1.04663,1.04676,1.00,1.00
2015.06.24 17:04:23.349,1.04661,1.0468,1.00,1.50
2015.06.24 17:04:23.502,1.04665,1.04681,1.00,1.00
2015.06.24 17:04:24.301,1.04665,1.04682,1.00,1.12
2015.06.24 17:04:26.094,1.04665,1.04683,1.00,1.00
2015.06.24 17:04:26.607,1.04668,1.04684,1.00,1.00
2015.06.24 17:04:27.124,1.0467,1.04685,1.00,1.00
2015.06.24 17:04:27.997,1.04669,1.04686,1.50,2.10
2015.06.24 17:04:28.529,1.0467,1.04686,1.00,2.10
2015.06.24 17:04:29.065,1.04671,1.04686,1.00,2.10
2015.06.24 17:04:30.874,1.04669,1.04686,1.00,1.50
2015.06.24 17:04:31.632,1.04669,1.04685,1.00,1.00
2015.06.24 17:04:34.630,1.04669,1.04684,1.00,1.00
2015.06.24 17:04:38.603,1.04669,1.04685,1.00,1.00
2015.06.24 17:04:39.476,1.04669,1.04684,1.00,1.00
2015.06.24 17:04:42.575,1.04669,1.04681,1.00,1.00
2015.06.24 17:04:42.627,1.04665,1.04681,1.00,1.87
2015.06.24 17:04:44.378,1.04665,1.04681,1.00,1.50
2015.06.24 17:04:44.481,1.04667,1.04683,1.00,1.00
2015.06.24 17:04:44.788,1.04667,1.04682,1.00,1.37
2015.06.24 17:04:45.815,1.04667,1.04682,1.00,1.37
2015.06.24 17:04:50.141,1.04672,1.04686,1.50,1.50
2015.06.24 17:04:50.194,1.04673,1.04687,1.00,1.00
2015.06.24 17:04:50.441,1.04676,1.0469,1.00,1.00
2015.06.24 17:04:50.594,1.04678,1.04693,1.00,1.50
2015.06.24 17:04:51.316,1.04678,1.04692,1.00,1.37
2015.06.24 17:04:51.818,1.04678,1.04695,1.00,1.00
2015.06.24 17:04:51.869,1.04684,1.04698,1.00,1.12
2015.06.24 17:04:52.427,1.04684,1.04698,1.00,1.37
2015.06.24 17:04:53.140,1.04684,1.04699,1.00,1.00
2015.06.24 17:04:56.384,1.04684,1.047,1.00,1.00
2015.06.24 17:04:59.387,1.04684,1.04701,1.50,1.50
2015.06.24 17:04:59.895,1.04687,1.04702,1.50,1.50
2015.06.24 17:05:00.404,1.04688,1.04703,1.00,1.35
2015.06.24 17:05:01.431,1.04688,1.04701,1.00,1.00
2015.06.24 17:05:01.741,1.04674,1.04687,1.00,1.00
2015.06.24 17:05:02.964,1.04674,1.04686,1.00,1.37
2015.06.24 17:05:03.468,1.04671,1.04686,1.00,1.37
2015.06.24 17:05:05.138,1.04671,1.04688,1.00,1.87
2015.06.24 17:05:05.292,1.04673,1.04688,1.00,1.87
2015.06.24 17:05:05.814,1.04674,1.04688,1.00,1.37
2015.06.24 17:05:07.661,1.04674,1.04688,1.00,1.37
2015.06.24 17:05:08.770,1.04674,1.04688,1.00,1.87
2015.06.24 17:05:09.075,1.04669,1.04684,1.00,1.37
2015.06.24 17:05:09.279,1.04669,1.04685,1.00,3.00
2015.06.24 17:05:10.245,1.04664,1.04675,1.00,1.00
2015.06.24 17:05:10.297,1.04659,1.04676,1.00,2.25
2015.06.24 17:05:10.910,1.04659,1.04675,1.00,1.00
2015.06.24 17:05:13.942,1.04659,1.04676,1.00,1.12
2015.06.24 17:05:23.746,1.04659,1.04676,1.00,2.62
2015.06.24 17:05:23.951,1.04657,1.04672,1.00,1.37
2015.06.24 17:05:24.105,1.04657,1.04673,1.00,1.50
2015.06.24 17:05:24.722,1.04659,1.04675,1.50,1.50
2015.06.24 17:05:26.785,1.04659,1.04676,1.50,1.50
2015.06.24 17:05:27.091,1.04661,1.04676,1.00,1.00
2015.06.24 17:05:27.193,1.04663,1.0468,1.00,1.50
2015.06.24 17:05:34.119,1.04665,1.0468,1.00,1.00
2015.06.24 17:05:34.171,1.04666,1.04682,1.00,1.00
2015.06.24 17:05:34.713,1.04666,1.04683,1.00,2.62
2015.06.24 17:05:36.056,1.04666,1.04683,1.00,2.62
2015.06.24 17:05:36.362,1.04666,1.04677,1.00,1.12
2015.06.24 17:05:36.414,1.04663,1.04677,1.50,1.12
2015.06.24 17:05:36.884,1.04663,1.04675,1.00,1.00
2015.06.24 17:05:37.190,1.0466,1.04675,1.00,1.00
2015.06.24 17:05:37.954,1.0466,1.04676,1.00,1.00
2015.06.24 17:05:38.468,1.0466,1.04677,1.00,1.50
2015.06.24 17:05:39.568,1.04662,1.04677,1.00,1.00
2015.06.24 17:05:39.972,1.04663,1.04679,1.00,1.87
2015.06.24 17:05:43.367,1.04663,1.04677,1.00,1.50
2015.06.24 17:05:43.821,1.04663,1.04674,1.00,1.00
2015.06.24 17:05:44.025,1.04663,1.04676,1.00,1.50
2015.06.24 17:05:51.929,1.04663,1.04677,1.00,1.00
2015.06.24 17:05:54.024,1.04663,1.04676,1.00,1.50
2015.06.24 17:05:54.939,1.04663,1.04677,1.00,1.50
2015.06.24 17:05:55.449,1.04663,1.04678,1.00,1.50
2015.06.24 17:06:10.696,1.04664,1.04678,1.00,1.00
2015.06.24 17:06:11.255,1.04664,1.04677,1.00,1.00
2015.06.24 17:06:11.308,1.04664,1.04679,1.50,1.00
2015.06.24 17:06:11.411,1.04665,1.04681,1.00,1.50
2015.06.24 17:06:11.514,1.04667,1.04681,1.00,1.50
2015.06.24 17:06:11.974,1.04665,1.0468,1.00,1.00
2015.06.24 17:06:12.498,1.04664,1.04679,1.00,1.00
2015.06.24 17:06:13.526,1.04664,1.04678,1.00,1.00
2015.06.24 17:06:15.922,1.04664,1.04675,1.00,1.00
2015.06.24 17:06:16.024,1.04664,1.04677,1.00,1.00
2015.06.24 17:06:16.178,1.04664,1.04679,1.00,1.87
2015.06.24 17:06:19.238,1.04664,1.04678,1.00,1.00
2015.06.24 17:06:20.058,1.04664,1.04678,1.00,1.37
2015.06.24 17:06:20.930,1.04664,1.04678,1.00,1.00
2015.06.24 17:06:21.440,1.04664,1.04679,1.00,1.50
2015.06.24 17:06:22.247,1.04664,1.04678,1.00,1.00
2015.06.24 17:06:29.412,1.04661,1.04678,1.00,1.50
2015.06.24 17:06:37.046,1.04661,1.04677,1.00,1.00
2015.06.24 17:06:39.573,1.04661,1.04678,1.00,1.50
2015.06.24 17:06:40.635,1.04661,1.04677,1.00,1.50
2015.06.24 17:06:52.001,1.04661,1.04678,1.00,2.62
2015.06.24 17:06:53.136,1.04661,1.04677,1.00,1.00
2015.06.24 17:07:01.136,1.04661,1.04677,1.00,1.87
2015.06.24 17:07:03.216,1.04661,1.04677,1.00,1.87
2015.06.24 17:07:03.267,1.04663,1.04677,1.00,1.87
2015.06.24 17:07:06.129,1.04663,1.04676,1.00,1.00
2015.06.24 17:07:11.283,1.04663,1.04677,1.00,1.00
2015.06.24 17:07:11.591,1.04663,1.04675,1.00,1.50
2015.06.24 17:07:12.095,1.04663,1.04674,1.00,1.00
2015.06.24 17:07:12.401,1.04663,1.04672,1.00,1.00
2015.06.24 17:07:12.911,1.04663,1.04671,1.00,1.00
2015.06.24 17:07:13.689,1.04663,1.04672,1.00,1.00
2015.06.24 17:07:14.046,1.04663,1.0467,1.00,1.00
2015.06.24 17:07:31.769,1.04663,1.04669,1.00,1.00
2015.06.24 17:07:31.872,1.04662,1.04671,1.00,1.00
2015.06.24 17:07:31.923,1.0466,1.04671,1.00,1.00
2015.06.24 17:07:32.077,1.04664,1.04672,1.00,1.00
2015.06.24 17:07:33.083,1.04664,1.04671,1.00,1.00
2015.06.24 17:07:44.536,1.04664,1.04675,1.00,1.00
2015.06.24 17:07:45.102,1.04664,1.04671,1.00,1.00
2015.06.24 17:07:47.298,1.04663,1.04671,1.50,1.00
2015.06.24 17:07:54.722,1.04663,1.04669,1.00,1.00
2015.06.24 17:08:02.524,1.04664,1.04669,1.00,1.00
2015.06.24 17:08:03.298,1.04664,1.0467,1.00,1.00
2015.06.24 17:08:04.640,1.04664,1.04674,1.00,1.50
2015.06.24 17:08:05.211,1.04664,1.04678,1.00,2.25
2015.06.24 17:08:05.719,1.04664,1.04677,1.00,1.50
2015.06.24 17:08:15.331,1.04667,1.04677,1.00,1.12
2015.06.24 17:08:17.706,1.04667,1.04676,1.00,1.00
2015.06.24 17:08:31.557,1.04668,1.04676,1.00,1.00
2015.06.24 17:08:41.815,1.04668,1.04677,1.00,1.12
2015.06.24 17:08:45.098,1.04672,1.0468,1.00,2.25
2015.06.24 17:08:45.149,1.04672,1.04681,1.00,1.00
2015.06.24 17:08:45.649,1.04675,1.04683,1.00,1.00
2015.06.24 17:08:45.700,1.04676,1.04686,1.00,1.00
2015.06.24 17:08:46.208,1.04676,1.04687,1.00,1.50
2015.06.24 17:08:48.049,1.04676,1.04688,1.00,1.00
2015.06.24 17:08:51.926,1.04676,1.04687,1.00,1.00
2015.06.24 17:08:53.132,1.04676,1.04688,1.00,1.50
2015.06.24 17:08:54.730,1.04676,1.04687,1.00,1.00
2015.06.24 17:08:54.885,1.04676,1.04687,1.00,1.60
2015.06.24 17:08:55.194,1.04664,1.04674,1.00,1.00
2015.06.24 17:08:55.296,1.04663,1.0468,1.50,1.00
2015.06.24 17:08:55.399,1.04666,1.04681,1.00,2.85
2015.06.24 17:08:57.186,1.04666,1.0468,1.00,1.00
2015.06.24 17:08:57.977,1.04666,1.04681,1.00,2.25
2015.06.24 17:08:58.814,1.04666,1.0468,1.00,1.00
2015.06.24 17:08:59.484,1.04666,1.04679,1.00,1.00
2015.06.24 17:09:00.108,1.04662,1.04677,1.50,1.00
2015.06.24 17:09:00.218,1.04663,1.04679,1.00,1.50
2015.06.24 17:09:00.270,1.04666,1.04679,1.00,1.00
2015.06.24 17:09:00.423,1.04666,1.04681,1.50,1.00
2015.06.24 17:09:00.788,1.04668,1.04682,1.00,1.50
2015.06.24 17:09:01.850,1.04667,1.0468,1.00,1.00
2015.06.24 17:09:02.897,1.04666,1.0468,1.50,1.50
2015.06.24 17:09:03.440,1.04666,1.04681,1.50,1.00
2015.06.24 17:09:03.750,1.04668,1.04681,1.00,1.00
2015.06.24 17:09:04.301,1.04668,1.04682,1.00,1.50
2015.06.24 17:09:05.101,1.04669,1.04677,1.00,2.10
2015.06.24 17:09:05.306,1.04667,1.04676,1.00,2.10
2015.06.24 17:09:05.460,1.04667,1.04678,1.00,2.85
2015.06.24 17:09:05.665,1.04665,1.04677,1.00,2.10
2015.06.24 17:09:06.669,1.04664,1.04677,1.00,4.35
2015.06.24 17:09:07.052,1.04658,1.04674,1.00,1.60
2015.06.24 17:09:07.466,1.04659,1.04674,1.00,2.10
2015.06.24 17:09:07.994,1.04662,1.04674,1.00,1.35
2015.06.24 17:09:09.939,1.04661,1.04674,1.00,1.35
2015.06.24 17:09:14.474,1.04662,1.04674,1.00,1.00
2015.06.24 17:09:14.781,1.04665,1.04676,1.00,1.60
2015.06.24 17:09:15.881,1.04664,1.04677,1.00,2.10
2015.06.24 17:09:23.018,1.04666,1.04676,1.00,1.60
2015.06.24 17:09:23.487,1.04664,1.04677,1.00,2.10
2015.06.24 17:09:25.545,1.04666,1.04675,1.00,1.60
2015.06.24 17:09:26.456,1.04664,1.04676,1.00,2.10
2015.06.24 17:09:26.967,1.04665,1.04676,1.00,1.60
2015.06.24 17:09:27.699,1.04664,1.04676,1.00,1.60
2015.06.24 17:09:28.220,1.04663,1.04676,1.00,1.60
2015.06.24 17:09:29.052,1.04664,1.04676,1.00,1.60
2015.06.24 17:09:32.060,1.04663,1.04677,1.00,2.10
2015.06.24 17:09:32.597,1.04662,1.04677,1.00,2.10
2015.06.24 17:09:34.253,1.04663,1.04677,1.00,2.10
2015.06.24 17:09:35.653,1.04665,1.04677,1.00,1.60
2015.06.24 17:09:35.808,1.04662,1.04675,1.00,1.60
2015.06.24 17:09:36.265,1.04663,1.04676,1.00,1.35
2015.06.24 17:09:37.211,1.04661,1.04676,1.50,1.60
2015.06.24 17:09:37.427,1.04665,1.04676,1.00,1.60
2015.06.24 17:09:37.529,1.04663,1.04676,1.00,1.60
2015.06.24 17:09:37.786,1.04661,1.04675,1.00,1.60
2015.06.24 17:09:38.329,1.04661,1.04675,1.50,1.60
2015.06.24 17:09:42.955,1.04661,1.04675,1.50,1.60
2015.06.24 17:09:43.211,1.04658,1.04674,1.00,2.10
2015.06.24 17:09:43.753,1.04658,1.04672,1.00,1.00
2015.06.24 17:09:44.261,1.04658,1.04673,1.00,1.00
2015.06.24 17:09:48.350,1.04658,1.04672,1.00,1.00
2015.06.24 17:09:49.711,1.04658,1.04673,1.00,1.00
2015.06.24 17:09:51.232,1.0466,1.04674,1.00,1.35
2015.06.24 17:09:51.741,1.04661,1.04674,1.00,1.00
2015.06.24 17:09:52.203,1.04659,1.04674,1.00,1.35
2015.06.24 17:09:53.577,1.04659,1.04673,1.00,1.00
2015.06.24 17:09:54.216,1.04658,1.04673,1.00,1.50
2015.06.24 17:09:54.864,1.04658,1.04672,1.00,1.00
2015.06.24 17:09:55.581,1.04658,1.04671,1.00,1.60
2015.06.24 17:09:55.684,1.04655,1.04671,1.00,2.10
2015.06.24 17:09:59.049,1.04655,1.0467,1.00,1.60
2015.06.24 17:09:59.686,1.04655,1.04668,1.00,2.10
2015.06.24 17:09:59.737,1.04653,1.04668,1.00,1.50
2015.06.24 17:10:00.252,1.04654,1.04668,1.00,1.50
2015.06.24 17:10:00.405,1.04652,1.04668,1.50,1.50
2015.06.24 17:10:01.596,1.04653,1.04668,1.00,1.50
2015.06.24 17:10:02.609,1.04652,1.04668,1.50,1.50
2015.06.24 17:10:03.124,1.04653,1.04668,1.00,2.25
2015.06.24 17:10:03.634,1.04652,1.04667,1.00,1.00
2015.06.24 17:10:04.627,1.04653,1.04667,1.00,1.00
2015.06.24 17:10:05.290,1.04653,1.04668,1.00,1.00
2015.06.24 17:10:07.602,1.04654,1.04668,1.00,1.00
2015.06.24 17:10:08.118,1.04655,1.04669,1.00,1.00
2015.06.24 17:10:09.234,1.04656,1.04669,1.00,1.00
2015.06.24 17:10:09.782,1.04655,1.04669,1.50,2.10
2015.06.24 17:10:20.177,1.04655,1.0467,1.50,2.10
2015.06.24 17:10:20.885,1.04655,1.04669,1.50,1.00
2015.06.24 17:10:21.211,1.0466,1.0467,1.00,1.00
2015.06.24 17:10:21.364,1.0466,1.04672,1.00,1.00
2015.06.24 17:10:21.752,1.0466,1.04675,1.00,2.47
2015.06.24 17:10:21.810,1.04663,1.04675,1.00,2.47
2015.06.24 17:10:24.134,1.04663,1.04675,1.00,2.10
2015.06.24 17:10:25.194,1.04659,1.04674,1.50,1.50
2015.06.24 17:10:25.955,1.04659,1.04673,1.00,1.00
2015.06.24 17:10:29.843,1.0466,1.04673,1.00,1.00
2015.06.24 17:10:30.354,1.04659,1.04673,1.00,1.00
2015.06.24 17:10:42.807,1.0466,1.04673,1.00,1.00
2015.06.24 17:10:45.996,1.0466,1.04674,1.00,1.50
2015.06.24 17:10:46.770,1.04661,1.04674,1.00,1.00
2015.06.24 17:10:57.231,1.04662,1.04676,1.00,1.60
2015.06.24 17:10:57.734,1.04661,1.04676,1.00,1.60
2015.06.24 17:11:01.993,1.04665,1.04675,1.00,1.60
2015.06.24 17:11:03.066,1.04665,1.04676,1.00,1.60
2015.06.24 17:11:03.582,1.04666,1.04677,1.00,1.60
2015.06.24 17:11:03.685,1.04664,1.04677,1.00,2.10
2015.06.24 17:11:04.500,1.04664,1.04676,1.00,1.60
2015.06.24 17:11:05.282,1.04663,1.04676,1.00,1.60
2015.06.24 17:11:05.977,1.04664,1.04676,1.00,1.60
2015.06.24 17:11:07.944,1.04663,1.04676,1.00,3.60
2015.06.24 17:11:09.669,1.04663,1.04676,1.00,2.10
2015.06.24 17:11:09.771,1.04663,1.04676,1.37,2.85
2015.06.24 17:11:09.975,1.04662,1.04675,1.00,2.10
2015.06.24 17:11:10.798,1.04663,1.04675,1.00,2.85
2015.06.24 17:11:11.306,1.04663,1.04675,1.00,1.60
2015.06.24 17:11:12.702,1.04662,1.04676,1.00,4.35
2015.06.24 17:11:13.372,1.04661,1.04674,1.00,1.60
2015.06.24 17:11:16.016,1.04659,1.04673,1.00,2.10
2015.06.24 17:11:16.424,1.04661,1.04674,1.00,1.35
2015.06.24 17:11:18.414,1.04662,1.04674,1.00,1.35
2015.06.24 17:11:19.207,1.04663,1.04675,1.00,1.60
2015.06.24 17:11:20.061,1.04664,1.04675,1.00,1.60
2015.06.24 17:11:20.265,1.04662,1.04675,1.00,1.60
2015.06.24 17:11:21.964,1.04661,1.04675,1.00,2.10
2015.06.24 17:11:23.172,1.0466,1.04674,1.00,1.35
2015.06.24 17:11:23.477,1.04662,1.04675,1.00,2.10
2015.06.24 17:11:24.932,1.04661,1.04675,1.00,2.10
2015.06.24 17:11:27.991,1.0466,1.04675,1.00,2.10
2015.06.24 17:11:28.818,1.04659,1.04674,1.00,1.35
2015.06.24 17:11:28.870,1.04657,1.04674,1.50,2.10
2015.06.24 17:11:29.611,1.04657,1.04674,1.50,2.10
2015.06.24 17:11:29.713,1.04658,1.04674,1.37,2.10
2015.06.24 17:11:30.021,1.04662,1.04674,1.00,1.35
2015.06.24 17:11:30.437,1.04657,1.04674,2.25,1.60
2015.06.24 17:11:32.272,1.04657,1.04671,1.00,1.00
2015.06.24 17:11:34.037,1.04657,1.04672,1.00,1.35
2015.06.24 17:11:37.901,1.04656,1.0467,1.00,2.10
2015.06.24 17:11:37.953,1.04654,1.0467,1.50,3.60
2015.06.24 17:11:38.057,1.04656,1.04669,1.00,1.60
2015.06.24 17:11:38.159,1.04656,1.04669,1.00,1.00
2015.06.24 17:11:38.262,1.04654,1.0467,1.50,2.10
2015.06.24 17:11:38.773,1.04654,1.04669,1.00,1.60
2015.06.24 17:11:39.939,1.04654,1.04668,1.00,1.60
2015.06.24 17:11:42.591,1.04652,1.04667,1.00,2.10
2015.06.24 17:11:44.275,1.04652,1.04666,1.00,1.35
2015.06.24 17:11:44.377,1.0465,1.04666,1.50,2.10
2015.06.24 17:11:46.454,1.04652,1.04667,1.00,1.50
2015.06.24 17:11:46.980,1.04652,1.04667,1.37,1.50
2015.06.24 17:11:47.185,1.04654,1.0467,1.00,1.00
2015.06.24 17:11:47.237,1.04656,1.04671,1.00,1.50
2015.06.24 17:11:47.906,1.04656,1.04672,1.50,2.10
2015.06.24 17:11:48.212,1.04652,1.04668,1.50,1.60
2015.06.24 17:11:55.610,1.04652,1.04667,1.00,2.10
2015.06.24 17:11:56.373,1.04652,1.04667,1.00,2.85
2015.06.24 17:11:56.895,1.04652,1.04667,1.00,2.85
2015.06.24 17:11:59.473,1.04652,1.04667,1.00,2.85
2015.06.24 17:11:59.881,1.04653,1.04668,1.37,1.60
2015.06.24 17:12:00.136,1.04652,1.04667,1.00,1.60
2015.06.24 17:12:00.650,1.04652,1.04667,1.00,1.35
2015.06.24 17:12:01.161,1.04652,1.04668,1.37,2.10
2015.06.24 17:12:01.675,1.04654,1.04668,1.00,2.10
2015.06.24 17:12:02.183,1.04653,1.04668,1.12,2.10
2015.06.24 17:12:02.816,1.04652,1.04668,1.00,2.10
2015.06.24 17:12:03.517,1.04651,1.04665,1.00,1.00
2015.06.24 17:12:04.030,1.0465,1.04665,1.00,1.50
2015.06.24 17:12:06.921,1.0465,1.04664,1.00,1.00
2015.06.24 17:12:07.226,1.0465,1.04662,1.00,1.00
2015.06.24 17:12:07.379,1.04647,1.04663,1.50,1.00
2015.06.24 17:12:08.101,1.04648,1.04663,1.00,1.00
2015.06.24 17:12:08.642,1.04648,1.04664,1.00,1.50
2015.06.24 17:12:10.443,1.04649,1.04664,1.00,1.50
2015.06.24 17:12:11.285,1.04647,1.04664,1.50,1.50
2015.06.24 17:12:11.862,1.04648,1.04663,1.00,1.00
2015.06.24 17:12:12.373,1.04648,1.04664,1.00,1.50
2015.06.24 17:12:12.883,1.04647,1.04664,2.62,1.00
2015.06.24 17:12:25.034,1.04647,1.04664,2.62,1.00
2015.06.24 17:12:25.605,1.0465,1.04665,1.00,1.00
2015.06.24 17:12:26.298,1.0465,1.04666,1.00,1.50
2015.06.24 17:12:28.392,1.0465,1.04665,1.00,1.00
2015.06.24 17:12:33.150,1.0465,1.04666,1.00,2.25
2015.06.24 17:12:35.122,1.04649,1.04666,1.50,2.25
2015.06.24 17:12:38.177,1.04649,1.04666,2.62,2.25
2015.06.24 17:12:38.484,1.04653,1.04668,1.37,1.60
2015.06.24 17:12:39.202,1.04653,1.04667,1.00,1.35
2015.06.24 17:12:40.290,1.04652,1.04668,1.00,1.60
2015.06.24 17:12:43.156,1.04656,1.04668,1.00,1.35
2015.06.24 17:12:43.665,1.04657,1.04669,1.00,1.60
2015.06.24 17:12:44.175,1.04655,1.0467,1.87,2.85
2015.06.24 17:12:45.112,1.04655,1.0467,1.87,2.85
2015.06.24 17:12:45.709,1.04656,1.0467,1.00,2.85
2015.06.24 17:12:46.479,1.04656,1.04669,1.00,2.10
2015.06.24 17:12:46.996,1.04655,1.04669,1.50,1.60
2015.06.24 17:12:47.456,1.04657,1.0467,1.00,2.85
2015.06.24 17:12:49.412,1.04656,1.0467,1.00,2.10
2015.06.24 17:12:52.616,1.04655,1.0467,1.87,2.85
2015.06.24 17:12:58.475,1.04657,1.0467,1.00,2.10
2015.06.24 17:12:58.527,1.04657,1.04671,1.37,1.00
2015.06.24 17:12:58.579,1.0466,1.04673,1.00,2.10
2015.06.24 17:12:59.091,1.0466,1.04674,1.00,1.35
2015.06.24 17:12:59.399,1.04658,1.04674,1.87,1.60
2015.06.24 17:12:59.910,1.04659,1.04674,1.12,1.60
2015.06.24 17:13:02.003,1.04658,1.04673,1.50,1.35
2015.06.24 17:13:04.267,1.04659,1.04673,1.00,1.35
2015.06.24 17:13:04.623,1.04661,1.04674,1.00,1.60
2015.06.24 17:13:05.280,1.04659,1.04674,1.37,1.60
2015.06.24 17:13:05.781,1.04659,1.04674,1.00,1.60
2015.06.24 17:13:06.282,1.04659,1.04673,1.00,1.60
2015.06.24 17:13:07.100,1.04658,1.04672,1.87,1.35
2015.06.24 17:13:14.587,1.04657,1.04671,1.00,1.00
2015.06.24 17:13:14.892,1.04653,1.04668,1.00,2.85
2015.06.24 17:13:15.095,1.0465,1.04666,2.62,1.60
2015.06.24 17:13:19.042,1.0465,1.04665,1.50,2.47
2015.06.24 17:13:19.093,1.04648,1.04664,1.00,1.50
2015.06.24 17:13:19.297,1.04648,1.04661,1.00,1.00
2015.06.24 17:13:21.970,1.04646,1.04661,1.00,1.00
2015.06.24 17:13:22.128,1.04644,1.04661,2.25,1.50
2015.06.24 17:13:23.788,1.04644,1.0466,1.50,1.00
2015.06.24 17:13:25.090,1.04644,1.04659,1.50,1.12
2015.06.24 17:13:25.860,1.04644,1.04658,1.00,1.00
2015.06.24 17:13:26.804,1.04644,1.04659,1.50,1.00
2015.06.24 17:13:27.586,1.04644,1.0466,1.50,1.00
2015.06.24 17:13:28.095,1.04644,1.04661,2.25,1.50
2015.06.24 17:13:32.970,1.04644,1.04656,1.50,1.00
2015.06.24 17:13:33.302,1.04644,1.04652,1.50,1.00
2015.06.24 17:13:34.221,1.0464,1.04648,1.00,1.00
2015.06.24 17:13:34.277,1.04638,1.04648,1.50,1.00
2015.06.24 17:13:34.329,1.04638,1.04646,1.00,1.00
2015.06.24 17:13:34.431,1.04635,1.04646,1.50,1.50
2015.06.24 17:13:34.482,1.04635,1.04644,1.50,1.00
2015.06.24 17:13:34.788,1.04631,1.04637,1.50,1.00
2015.06.24 17:13:35.631,1.04631,1.04635,1.00,1.00
2015.06.24 17:13:37.542,1.04628,1.04635,2.10,1.00
2015.06.24 17:13:38.064,1.0463,1.04635,1.00,1.00
2015.06.24 17:13:38.611,1.0463,1.04636,1.00,1.00
2015.06.24 17:13:39.825,1.0463,1.04634,1.00,1.00
2015.06.24 17:13:40.334,1.04628,1.04634,2.10,1.00
2015.06.24 17:13:40.842,1.04628,1.04634,2.10,1.00
2015.06.24 17:13:41.453,1.04631,1.04635,1.00,1.00
2015.06.24 17:13:42.499,1.04628,1.04635,2.10,1.00
2015.06.24 17:13:42.551,1.04631,1.04636,1.00,1.00
2015.06.24 17:13:43.559,1.04631,1.04636,1.00,1.00
2015.06.24 17:13:43.662,1.04631,1.04637,1.00,1.00
2015.06.24 17:13:44.171,1.04631,1.04638,1.00,1.00
2015.06.24 17:13:45.360,1.04631,1.04636,1.00,1.00
2015.06.24 17:13:46.330,1.04629,1.04636,1.35,1.00
2015.06.24 17:13:46.483,1.04632,1.04636,1.00,1.00
2015.06.24 17:13:47.093,1.04631,1.04635,1.00,1.00
2015.06.24 17:13:47.145,1.04628,1.04635,1.00,1.00
2015.06.24 17:13:47.196,1.04628,1.04632,1.00,1.00
2015.06.24 17:13:47.761,1.04627,1.04632,1.60,1.00
2015.06.24 17:13:48.067,1.04627,1.04632,1.60,1.00
2015.06.24 17:13:48.614,1.04625,1.0463,1.00,1.00
2015.06.24 17:13:49.077,1.04624,1.04628,1.00,1.00
2015.06.24 17:13:49.997,1.04623,1.0463,1.60,1.00
2015.06.24 17:13:50.051,1.04623,1.04628,1.35,1.00
2015.06.24 17:13:51.035,1.04623,1.04628,1.60,1.00
2015.06.24 17:13:52.137,1.0462,1.04625,1.50,1.00
2015.06.24 17:13:52.239,1.0462,1.04624,1.00,1.00
2015.06.24 17:13:52.341,1.04615,1.04619,1.00,1.00
2015.06.24 17:13:52.443,1.04611,1.04621,1.00,1.00
2015.06.24 17:13:52.596,1.04609,1.04622,1.50,1.00
2015.06.24 17:13:52.799,1.04609,1.0462,1.50,1.00
2015.06.24 17:13:53.241,1.04606,1.04618,1.00,1.00
2015.06.24 17:13:53.293,1.04606,1.04614,1.00,1.00
2015.06.24 17:13:53.548,1.04601,1.04611,1.50,1.00
2015.06.24 17:13:55.654,1.04601,1.0461,1.00,1.00
2015.06.24 17:13:56.315,1.04601,1.04608,1.00,1.00
2015.06.24 17:13:56.570,1.04598,1.04608,1.50,1.00
2015.06.24 17:13:57.615,1.04598,1.04609,1.00,1.00
2015.06.24 17:14:01.351,1.04598,1.0461,1.50,1.00
2015.06.24 17:14:01.404,1.046,1.0461,1.00,1.00
2015.06.24 17:14:02.026,1.046,1.04611,1.00,1.00
2015.06.24 17:14:02.408,1.04601,1.04607,1.00,1.00
2015.06.24 17:14:04.214,1.04601,1.04608,1.00,1.00
2015.06.24 17:14:04.671,1.04598,1.04607,1.00,1.00
2015.06.24 17:14:04.722,1.046,1.04607,1.00,1.00
2015.06.24 17:14:05.641,1.04598,1.04607,1.00,1.00
2015.06.24 17:14:06.149,1.04599,1.04607,1.00,1.00
2015.06.24 17:14:06.656,1.04599,1.04608,1.00,1.00
2015.06.24 17:14:07.922,1.04598,1.04608,1.00,1.00
2015.06.24 17:14:08.452,1.04599,1.04608,1.00,1.00
2015.06.24 17:14:09.867,1.04598,1.04608,1.00,1.00
2015.06.24 17:14:10.021,1.04601,1.04609,1.00,1.00
2015.06.24 17:14:10.073,1.04601,1.04613,1.50,1.00
2015.06.24 17:14:10.278,1.04604,1.04613,1.00,1.00
2015.06.24 17:14:10.584,1.04604,1.04611,1.00,1.00
2015.06.24 17:14:11.274,1.04604,1.04612,1.00,1.00
2015.06.24 17:14:12.361,1.04604,1.04613,1.00,1.00
2015.06.24 17:14:13.021,1.04604,1.04614,1.00,1.00
2015.06.24 17:14:13.073,1.04604,1.04619,1.00,1.00
2015.06.24 17:14:13.583,1.04604,1.04618,1.50,1.00
2015.06.24 17:14:15.095,1.04604,1.04617,1.50,1.00
2015.06.24 17:14:16.400,1.04607,1.04617,1.00,1.00
2015.06.24 17:14:16.705,1.04607,1.04615,1.00,1.00
2015.06.24 17:14:17.775,1.04607,1.04614,1.00,1.00
2015.06.24 17:14:17.878,1.04604,1.04613,1.50,1.00
2015.06.24 17:14:18.234,1.04604,1.04615,1.50,1.00
2015.06.24 17:14:18.387,1.04604,1.0462,1.50,1.00
2015.06.24 17:14:18.489,1.04607,1.04623,1.00,1.50
2015.06.24 17:14:19.428,1.04609,1.04624,1.00,1.50
2015.06.24 17:14:19.786,1.04611,1.04624,1.00,1.50
2015.06.24 17:14:20.614,1.04612,1.04624,1.00,1.00
2015.06.24 17:14:21.610,1.04612,1.04625,1.00,1.00
2015.06.24 17:14:22.024,1.0461,1.04626,1.12,1.50
2015.06.24 17:14:22.534,1.04611,1.04626,1.00,1.50
2015.06.24 17:14:27.751,1.0461,1.04626,1.50,1.00
2015.06.24 17:14:30.158,1.04611,1.04626,1.00,1.00
2015.06.24 17:14:31.581,1.04612,1.04626,1.00,1.00
2015.06.24 17:14:31.683,1.0461,1.04625,1.00,1.00
2015.06.24 17:14:32.486,1.04612,1.04625,1.00,1.00
2015.06.24 17:14:33.003,1.04612,1.04626,1.00,1.50
2015.06.24 17:14:33.863,1.04611,1.04626,1.00,1.50
2015.06.24 17:14:36.363,1.04611,1.04625,1.00,1.00
2015.06.24 17:14:39.380,1.04611,1.04626,1.00,1.50
2015.06.24 17:14:39.894,1.04612,1.04626,1.00,1.00
2015.06.24 17:14:46.943,1.04613,1.04626,1.00,1.00
2015.06.24 17:14:47.594,1.04612,1.04626,1.00,1.00
2015.06.24 17:14:52.346,1.04613,1.04626,1.00,1.00
2015.06.24 17:14:53.319,1.04612,1.04626,1.00,1.00
2015.06.24 17:14:57.282,1.04612,1.04625,1.00,1.00
2015.06.24 17:14:57.434,1.0461,1.04625,1.00,1.50
2015.06.24 17:15:00.721,1.04611,1.04625,1.00,1.50
2015.06.24 17:15:02.342,1.04611,1.04626,1.12,1.00
2015.06.24 17:15:02.748,1.04614,1.04626,1.00,1.00
2015.06.24 17:15:03.267,1.04614,1.04627,1.00,1.00
2015.06.24 17:15:03.369,1.04615,1.04629,1.00,1.00
2015.06.24 17:15:03.522,1.04616,1.04631,1.00,1.00
2015.06.24 17:15:06.885,1.04616,1.04632,1.00,1.00
2015.06.24 17:15:15.951,1.04616,1.04633,1.50,2.25
2015.06.24 17:15:16.328,1.04618,1.04633,1.00,1.00
2015.06.24 17:15:16.532,1.04621,1.04637,1.00,1.50
2015.06.24 17:15:19.554,1.04621,1.04637,1.00,1.87
2015.06.24 17:15:22.571,1.04621,1.04637,1.00,1.87
2015.06.24 17:15:27.147,1.04621,1.04638,1.00,1.50
2015.06.24 17:15:32.645,1.04624,1.04638,1.00,1.00
2015.06.24 17:15:33.155,1.04625,1.04639,1.00,1.00
2015.06.24 17:15:34.801,1.04625,1.04639,1.00,1.37
2015.06.24 17:15:35.107,1.04625,1.04638,1.00,1.87
2015.06.24 17:15:36.114,1.04625,1.04638,1.00,1.87
2015.06.24 17:15:36.216,1.04622,1.04637,1.00,1.87
2015.06.24 17:15:36.428,1.04622,1.04635,1.00,1.87
2015.06.24 17:15:36.684,1.04622,1.04636,1.00,2.62
2015.06.24 17:15:37.170,1.04622,1.04638,1.00,1.37
2015.06.24 17:15:37.709,1.04622,1.04638,1.00,1.00
2015.06.24 17:15:38.421,1.04622,1.04639,1.00,2.62
2015.06.24 17:15:43.707,1.04625,1.04639,1.00,1.00
2015.06.24 17:15:44.012,1.04629,1.04643,1.00,2.25
2015.06.24 17:15:44.940,1.04638,1.04654,1.00,1.50
2015.06.24 17:15:45.464,1.04638,1.04655,1.00,1.00
2015.06.24 17:15:49.626,1.04638,1.04656,1.00,1.50
2015.06.24 17:15:51.430,1.04639,1.04656,1.00,1.00
2015.06.24 17:15:54.157,1.04637,1.04656,2.25,1.00
2015.06.24 17:16:00.037,1.04637,1.04657,2.62,2.25
2015.06.24 17:16:02.421,1.04642,1.04658,1.00,1.12
2015.06.24 17:16:04.703,1.04641,1.04658,1.00,1.87
2015.06.24 17:16:05.161,1.04641,1.04657,1.00,1.37
2015.06.24 17:16:05.749,1.04641,1.04657,1.00,1.50
2015.06.24 17:16:20.439,1.04641,1.04657,1.00,1.07
2015.06.24 17:16:21.799,1.04636,1.04651,1.00,1.50
2015.06.24 17:16:21.901,1.04633,1.04651,1.00,1.50
2015.06.24 17:16:22.311,1.04636,1.04651,1.00,1.00
2015.06.24 17:16:23.142,1.04636,1.04653,1.00,1.50
2015.06.24 17:16:23.874,1.04637,1.04653,1.00,1.50
2015.06.24 17:16:24.369,1.04635,1.04653,1.00,1.50
2015.06.24 17:16:27.727,1.04636,1.04653,1.00,1.50
2015.06.24 17:16:29.352,1.04637,1.04653,1.00,1.50
2015.06.24 17:16:31.878,1.04636,1.04653,1.00,1.50
2015.06.24 17:16:32.133,1.04634,1.04653,2.62,1.50
2015.06.24 17:16:32.637,1.04635,1.04652,1.00,1.00
2015.06.24 17:16:33.167,1.04634,1.04652,1.00,1.00
2015.06.24 17:16:34.129,1.04634,1.04651,1.00,1.00
2015.06.24 17:16:43.263,1.04634,1.04651,1.37,1.00
2015.06.24 17:16:43.315,1.04641,1.04658,1.00,1.00
2015.06.24 17:16:43.366,1.04639,1.04658,2.25,1.00
2015.06.24 17:16:43.925,1.04639,1.04657,1.00,1.00
2015.06.24 17:16:45.496,1.04641,1.04657,1.00,1.00
2015.06.24 17:16:46.472,1.04645,1.04659,1.00,1.50
2015.06.24 17:16:46.524,1.04643,1.0466,1.00,1.00
2015.06.24 17:16:46.629,1.04645,1.0466,1.00,1.00
2015.06.24 17:16:48.187,1.0465,1.0466,1.00,2.25
2015.06.24 17:16:48.494,1.04647,1.04656,1.00,1.87
2015.06.24 17:16:49.685,1.04647,1.04658,1.00,1.87
2015.06.24 17:16:50.899,1.04647,1.04658,1.00,1.50
2015.06.24 17:16:54.825,1.04647,1.04659,1.00,1.00
2015.06.24 17:16:55.274,1.04647,1.04661,1.00,1.00
2015.06.24 17:16:55.427,1.0465,1.04661,1.00,1.00
2015.06.24 17:16:55.964,1.0465,1.04662,1.00,1.00
2015.06.24 17:16:57.120,1.0465,1.04663,1.00,1.00
2015.06.24 17:16:58.692,1.0465,1.0466,1.00,1.12
2015.06.24 17:16:59.682,1.0465,1.04661,1.00,1.50
2015.06.24 17:17:00.383,1.0465,1.0466,1.00,1.00
2015.06.24 17:17:01.255,1.0465,1.04661,1.00,1.87
2015.06.24 17:17:03.340,1.0465,1.0466,1.00,1.00
2015.06.24 17:17:05.347,1.0465,1.04661,1.00,1.87
2015.06.24 17:17:10.708,1.0465,1.04662,1.00,1.50
2015.06.24 17:17:13.880,1.0465,1.04661,1.00,1.00
2015.06.24 17:17:14.185,1.04649,1.04661,1.00,1.57
2015.06.24 17:17:20.272,1.04649,1.04659,1.00,1.00
2015.06.24 17:17:20.323,1.04649,1.04661,1.00,1.00
2015.06.24 17:17:21.982,1.04649,1.04662,1.00,1.00
2015.06.24 17:17:23.182,1.04649,1.04663,1.00,1.00
2015.06.24 17:17:23.285,1.04651,1.04663,1.00,1.00
2015.06.24 17:17:23.920,1.04652,1.04663,1.00,1.00
2015.06.24 17:17:26.161,1.04652,1.04662,1.00,1.00
2015.06.24 17:17:26.705,1.04652,1.04664,1.00,1.00
2015.06.24 17:17:26.909,1.04653,1.04666,1.00,1.00
2015.06.24 17:17:26.961,1.04658,1.04667,1.00,1.00
2015.06.24 17:17:27.012,1.04658,1.04671,1.00,1.12
2015.06.24 17:17:27.410,1.04661,1.04674,1.00,1.87
2015.06.24 17:17:27.461,1.04663,1.04675,1.00,1.00
2015.06.24 17:17:27.716,1.04668,1.04675,1.00,1.00
2015.06.24 17:17:29.102,1.04668,1.04674,1.00,1.00
2015.06.24 17:17:30.990,1.04668,1.04673,1.00,1.00
2015.06.24 17:17:31.046,1.04664,1.04673,1.00,1.00
2015.06.24 17:17:31.148,1.04661,1.0467,1.50,1.00
2015.06.24 17:17:31.302,1.04657,1.04669,1.50,1.50
2015.06.24 17:17:31.455,1.04657,1.04667,1.50,1.00
2015.06.24 17:17:32.610,1.04655,1.04665,1.00,1.00
2015.06.24 17:17:33.159,1.04654,1.04665,1.00,1.00
2015.06.24 17:17:35.276,1.04654,1.04666,1.00,1.00
2015.06.24 17:17:38.813,1.04654,1.04665,1.00,1.37
2015.06.24 17:17:39.017,1.04654,1.04666,1.00,1.00
2015.06.24 17:17:39.119,1.04654,1.04668,1.00,1.00
2015.06.24 17:17:39.628,1.04655,1.04668,1.00,1.00
2015.06.24 17:17:40.375,1.04656,1.04668,1.00,1.00
2015.06.24 17:17:40.528,1.04658,1.04669,1.00,1.50
2015.06.24 17:17:40.834,1.04654,1.04667,1.50,1.00
2015.06.24 17:17:43.652,1.04654,1.04668,1.00,1.00
2015.06.24 17:17:44.282,1.04654,1.04667,1.00,1.00
2015.06.24 17:17:56.791,1.04654,1.04668,1.00,1.50
2015.06.24 17:17:59.354,1.04654,1.04667,1.00,1.00
2015.06.24 17:18:19.086,1.04654,1.04665,1.00,1.12
2015.06.24 17:18:25.327,1.04653,1.04665,1.00,1.50
2015.06.24 17:18:25.835,1.04652,1.04664,1.00,1.00
2015.06.24 17:18:26.684,1.04652,1.04664,1.00,1.37
2015.06.24 17:18:26.989,1.04649,1.04664,1.00,1.37
2015.06.24 17:18:28.764,1.04649,1.04664,1.00,1.00
2015.06.24 17:18:37.829,1.0465,1.04664,1.00,1.00
2015.06.24 17:18:38.299,1.04653,1.04665,1.00,1.00
2015.06.24 17:18:38.351,1.04653,1.04667,1.00,1.00
2015.06.24 17:18:39.115,1.04653,1.04666,1.00,1.00
2015.06.24 17:18:39.627,1.04653,1.04665,1.00,1.00
2015.06.24 17:18:40.479,1.04653,1.04666,1.00,1.00
2015.06.24 17:18:45.374,1.04653,1.04665,1.00,1.00
2015.06.24 17:18:52.287,1.04653,1.04664,1.00,1.00
2015.06.24 17:18:52.608,1.04653,1.04666,1.00,1.50
2015.06.24 17:18:56.265,1.04653,1.04667,1.00,1.00
2015.06.24 17:18:56.810,1.04653,1.04665,1.00,1.00
2015.06.24 17:18:57.472,1.04653,1.04666,1.00,1.00
2015.06.24 17:18:58.314,1.04653,1.04667,1.00,1.50
2015.06.24 17:19:12.461,1.04655,1.04667,1.00,1.00
2015.06.24 17:19:15.589,1.04655,1.04665,1.00,1.00
2015.06.24 17:19:16.365,1.04655,1.04666,1.00,1.00
2015.06.24 17:19:18.382,1.04655,1.04665,1.00,1.00
2015.06.24 17:19:18.895,1.04655,1.04666,1.00,1.50
2015.06.24 17:19:20.546,1.04655,1.04665,1.00,1.00
2015.06.24 17:19:23.641,1.04655,1.04664,1.00,1.00
2015.06.24 17:19:24.384,1.04655,1.04665,1.00,1.50
2015.06.24 17:19:24.898,1.04655,1.04666,1.00,1.50
2015.06.24 17:19:26.079,1.04655,1.04667,1.00,1.50
2015.06.24 17:19:30.133,1.04656,1.04667,1.00,1.00
2015.06.24 17:19:41.116,1.04656,1.04666,1.00,1.00
2015.06.24 17:19:42.560,1.04656,1.04665,1.00,1.00
2015.06.24 17:19:42.611,1.04653,1.04665,1.00,1.00
2015.06.24 17:19:43.132,1.04653,1.04666,1.00,1.00
2015.06.24 17:19:43.695,1.04653,1.04667,1.00,1.00
2015.06.24 17:19:44.187,1.04653,1.04665,1.00,1.00
2015.06.24 17:19:45.507,1.04653,1.04667,1.00,1.00
2015.06.24 17:19:47.804,1.04653,1.04665,1.00,1.50
2015.06.24 17:19:48.878,1.04653,1.04664,1.00,1.00
2015.06.24 17:19:49.381,1.04653,1.04663,1.00,1.00
2015.06.24 17:19:49.975,1.04653,1.04664,1.00,1.00
2015.06.24 17:19:50.486,1.04653,1.04665,1.00,1.00
2015.06.24 17:19:51.007,1.04653,1.04664,1.00,1.00
2015.06.24 17:19:51.315,1.04656,1.04664,1.00,1.00
2015.06.24 17:20:00.349,1.04656,1.04663,1.00,1.00
2015.06.24 17:20:00.655,1.04656,1.04661,1.00,1.00
2015.06.24 17:20:02.131,1.04655,1.04661,1.00,1.00
2015.06.24 17:20:02.234,1.04653,1.04661,1.00,1.00
2015.06.24 17:20:05.117,1.04653,1.0466,1.00,1.00
2015.06.24 17:20:06.550,1.04653,1.04661,1.00,1.00
2015.06.24 17:20:07.068,1.04653,1.04662,1.00,1.00
2015.06.24 17:20:14.640,1.04653,1.04661,1.00,1.00
2015.06.24 17:20:14.692,1.04653,1.04663,1.00,1.00
2015.06.24 17:20:17.750,1.04653,1.04665,1.00,1.50
2015.06.24 17:20:18.647,1.04654,1.04665,1.00,1.00
2015.06.24 17:20:20.894,1.04657,1.04665,1.00,1.00
2015.06.24 17:20:25.637,1.04657,1.04666,1.00,1.00
2015.06.24 17:20:27.207,1.04657,1.0467,1.37,1.00
2015.06.24 17:20:27.309,1.04661,1.0467,1.00,1.00
2015.06.24 17:20:27.821,1.04661,1.04671,1.00,1.00
2015.06.24 17:20:31.117,1.04661,1.04675,1.00,1.50
2015.06.24 17:20:31.219,1.04661,1.04673,1.00,1.00
2015.06.24 17:20:33.137,1.04661,1.0467,1.00,1.00
2015.06.24 17:20:46.040,1.04661,1.04673,1.00,1.00
2015.06.24 17:20:53.473,1.04661,1.04674,1.00,1.00
2015.06.24 17:20:54.537,1.04659,1.0467,1.00,2.10
2015.06.24 17:20:54.845,1.04645,1.04656,1.00,1.00
2015.06.24 17:20:55.355,1.04645,1.04657,1.00,1.00
2015.06.24 17:21:02.036,1.04645,1.04658,1.00,1.00
2015.06.24 17:21:02.138,1.04645,1.0466,1.00,2.25
2015.06.24 17:21:05.581,1.04645,1.04659,1.00,1.00
2015.06.24 17:21:07.181,1.04645,1.04658,1.00,1.00
2015.06.24 17:21:07.987,1.04645,1.04659,1.00,1.00
2015.06.24 17:21:08.611,1.04645,1.04657,1.00,1.00
2015.06.24 17:21:09.069,1.04645,1.04654,1.00,1.00
2015.06.24 17:21:14.644,1.04645,1.04655,1.00,1.00
2015.06.24 17:21:18.303,1.04645,1.04654,1.00,1.00
2015.06.24 17:21:18.608,1.04644,1.04648,1.50,1.00
2015.06.24 17:21:18.761,1.04641,1.04648,1.00,1.00
2015.06.24 17:21:18.864,1.04638,1.04647,1.00,1.00
2015.06.24 17:21:20.388,1.04638,1.04648,1.00,1.00
2015.06.24 17:21:21.166,1.04638,1.04649,1.00,1.00
2015.06.24 17:21:21.711,1.04638,1.0465,1.00,1.00
2015.06.24 17:21:21.813,1.04638,1.04652,1.00,1.00
2015.06.24 17:21:22.314,1.04638,1.04653,1.00,1.50
2015.06.24 17:21:23.439,1.04638,1.04652,1.00,1.00
2015.06.24 17:21:35.121,1.04638,1.04651,1.00,1.00
2015.06.24 17:21:35.745,1.0464,1.04651,1.00,1.00
2015.06.24 17:21:36.068,1.0464,1.04649,1.00,1.00
2015.06.24 17:21:46.495,1.04646,1.04654,1.00,1.00
2015.06.24 17:21:47.017,1.04647,1.04654,1.00,1.00
2015.06.24 17:21:47.576,1.04647,1.04653,1.00,1.00
2015.06.24 17:21:48.036,1.04643,1.04653,1.50,1.00
2015.06.24 17:21:48.684,1.04643,1.0465,1.50,1.00
2015.06.24 17:21:50.304,1.0464,1.0465,1.00,1.00
2015.06.24 17:21:50.559,1.04641,1.04654,1.00,1.00
2015.06.24 17:21:50.610,1.04641,1.0465,1.00,1.00
2015.06.24 17:21:50.713,1.04643,1.04654,1.00,1.00
2015.06.24 17:21:50.871,1.04646,1.04654,1.00,1.00
2015.06.24 17:21:51.075,1.04646,1.04657,1.00,1.50
2015.06.24 17:21:51.582,1.04646,1.04659,1.50,1.00
2015.06.24 17:21:51.836,1.04648,1.04659,1.00,1.00
2015.06.24 17:21:53.308,1.04649,1.04662,1.00,1.00
2015.06.24 17:21:55.937,1.04649,1.04664,1.37,2.25
2015.06.24 17:21:56.242,1.04653,1.04664,1.00,1.00
2015.06.24 17:21:58.993,1.04653,1.04662,1.00,1.00
2015.06.24 17:21:59.145,1.0465,1.04662,1.00,1.00
2015.06.24 17:22:01.843,1.04651,1.04662,1.00,1.00
2015.06.24 17:22:02.386,1.0465,1.04662,1.00,1.00
2015.06.24 17:22:02.895,1.0465,1.04661,1.00,1.00
2015.06.24 17:22:04.069,1.04651,1.04661,1.00,1.00
2015.06.24 17:22:04.376,1.04652,1.04663,1.00,1.00
2015.06.24 17:22:05.143,1.04653,1.04663,1.00,1.00
2015.06.24 17:22:13.110,1.04653,1.04666,1.00,1.00
2015.06.24 17:22:13.212,1.04653,1.04663,1.50,1.00
2015.06.24 17:22:13.264,1.04653,1.04665,1.50,1.00
2015.06.24 17:22:13.368,1.04653,1.04662,1.00,1.00
2015.06.24 17:22:21.144,1.04653,1.04665,1.00,1.00
2015.06.24 17:22:21.578,1.0465,1.04665,1.00,1.50
2015.06.24 17:22:28.763,1.0465,1.04666,1.00,1.00
2015.06.24 17:22:31.623,1.0465,1.04667,1.87,3.00
2015.06.24 17:22:32.131,1.04652,1.04667,1.00,2.25
2015.06.24 17:22:32.823,1.04653,1.04667,1.00,1.00
2015.06.24 17:22:43.133,1.04653,1.04667,1.00,3.37
2015.06.24 17:22:43.667,1.04653,1.04665,1.00,1.00
2015.06.24 17:22:46.952,1.04653,1.04666,1.00,1.00
2015.06.24 17:22:47.628,1.04652,1.04666,1.00,1.00
2015.06.24 17:22:48.136,1.04651,1.04666,1.00,1.00
2015.06.24 17:22:49.327,1.04651,1.04667,1.00,1.50
2015.06.24 17:22:57.947,1.04652,1.04667,1.00,1.50
2015.06.24 17:22:58.049,1.04654,1.04667,1.00,1.50
2015.06.24 17:22:58.306,1.04651,1.04667,1.50,1.50
2015.06.24 17:23:04.410,1.04651,1.04666,1.00,1.00
2015.06.24 17:23:04.461,1.04653,1.04666,1.00,1.00
2015.06.24 17:23:12.855,1.04652,1.04666,1.00,1.50
2015.06.24 17:23:12.957,1.0465,1.04666,1.00,1.50
2015.06.24 17:23:15.669,1.04651,1.04666,1.00,1.50
2015.06.24 17:23:19.884,1.04651,1.04664,1.00,1.00
2015.06.24 17:23:20.037,1.04647,1.04661,1.50,1.00
2015.06.24 17:23:20.190,1.04647,1.04658,1.00,1.00
2015.06.24 17:23:20.627,1.04647,1.04662,1.00,2.25
2015.06.24 17:23:22.016,1.0465,1.04663,1.00,1.00
2015.06.24 17:23:22.478,1.04652,1.04664,1.00,1.00
2015.06.24 17:23:23.280,1.04656,1.04666,1.00,1.00
2015.06.24 17:23:23.688,1.04654,1.04666,1.00,1.00
2015.06.24 17:23:27.415,1.04653,1.04666,1.00,1.00
2015.06.24 17:23:27.817,1.04654,1.04668,1.12,2.25
2015.06.24 17:23:27.869,1.04657,1.04668,1.00,1.50
2015.06.24 17:23:28.568,1.04656,1.04668,1.00,1.50
2015.06.24 17:23:30.709,1.04656,1.04669,1.00,1.00
2015.06.24 17:23:31.733,1.04655,1.04669,1.00,1.50
2015.06.24 17:23:32.270,1.04655,1.04668,1.00,1.00
2015.06.24 17:23:32.626,1.04653,1.04668,1.50,1.00
2015.06.24 17:23:33.400,1.04653,1.04667,1.00,1.50
2015.06.24 17:23:35.013,1.04652,1.04667,1.00,1.50
2015.06.24 17:23:38.876,1.04653,1.04667,1.00,1.50
2015.06.24 17:23:39.339,1.04651,1.04667,1.00,1.50
2015.06.24 17:23:45.381,1.0465,1.04667,1.87,1.50
2015.06.24 17:23:50.382,1.0465,1.04666,1.50,1.00
2015.06.24 17:23:51.240,1.04651,1.04666,1.00,1.00
2015.06.24 17:23:53.070,1.04654,1.04666,1.00,1.00
2015.06.24 17:23:53.581,1.04654,1.04667,1.00,1.50
2015.06.24 17:23:54.844,1.04651,1.04667,1.50,1.50
2015.06.24 17:23:58.929,1.04651,1.04666,1.00,1.00
2015.06.24 17:23:59.439,1.04651,1.04665,1.00,1.00
2015.06.24 17:24:05.039,1.04651,1.04664,1.00,1.00
2015.06.24 17:24:07.769,1.04652,1.04664,1.00,1.00
2015.06.24 17:24:07.822,1.04654,1.04668,1.00,2.25
2015.06.24 17:24:09.693,1.04653,1.04668,1.00,2.25
2015.06.24 17:24:12.636,1.04653,1.04667,1.00,1.00
2015.06.24 17:24:14.636,1.04652,1.04667,1.00,1.00
2015.06.24 17:24:15.920,1.04653,1.04667,1.00,1.00
2015.06.24 17:24:16.504,1.04652,1.04667,1.00,1.00
2015.06.24 17:24:17.574,1.04653,1.04668,1.00,2.25
2015.06.24 17:24:19.869,1.04653,1.04667,1.00,1.00
2015.06.24 17:24:20.375,1.04652,1.04667,1.00,1.00
2015.06.24 17:24:21.546,1.04651,1.04667,1.00,1.50
2015.06.24 17:24:21.800,1.04651,1.04665,1.00,1.50
2015.06.24 17:24:22.605,1.04648,1.04665,1.00,3.75
2015.06.24 17:24:22.660,1.04648,1.04663,1.00,1.00
2015.06.24 17:24:36.450,1.04648,1.04664,1.50,2.25
2015.06.24 17:24:37.956,1.04649,1.04664,1.00,2.25
2015.06.24 17:24:39.600,1.04648,1.04664,1.00,1.50
2015.06.24 17:24:41.407,1.04648,1.04663,1.00,1.00
2015.06.24 17:24:44.072,1.04648,1.04664,1.00,2.25
2015.06.24 17:24:44.580,1.04649,1.04664,1.00,2.25
2015.06.24 17:24:46.853,1.04651,1.04664,1.00,1.00
2015.06.24 17:24:46.905,1.04651,1.04666,1.00,1.50
2015.06.24 17:24:47.211,1.04651,1.04664,1.00,1.00
2015.06.24 17:24:47.262,1.04648,1.04663,1.00,1.00
2015.06.24 17:24:48.023,1.04648,1.04664,1.00,1.50
2015.06.24 17:24:50.438,1.04648,1.04663,1.00,1.00
2015.06.24 17:24:51.569,1.04648,1.04664,1.00,2.25
2015.06.24 17:24:52.388,1.04648,1.04663,1.00,1.00
2015.06.24 17:24:53.219,1.04649,1.04664,1.00,1.00
2015.06.24 17:24:53.952,1.04648,1.04664,1.50,1.50
2015.06.24 17:24:54.929,1.04648,1.04663,1.50,1.00
2015.06.24 17:24:55.083,1.04648,1.04662,1.00,1.37
2015.06.24 17:24:55.516,1.04645,1.04661,1.00,1.87
2015.06.24 17:24:58.319,1.04646,1.04661,1.00,1.00
2015.06.24 17:24:58.734,1.04649,1.04662,1.50,1.00
2015.06.24 17:24:58.786,1.04649,1.04664,1.00,1.50
2015.06.24 17:24:59.295,1.04649,1.04663,1.00,1.00
2015.06.24 17:24:59.804,1.04649,1.04664,1.00,1.50
2015.06.24 17:25:00.629,1.04649,1.04663,1.00,1.50
2015.06.24 17:25:01.142,1.04649,1.04662,1.00,1.00
2015.06.24 17:25:05.505,1.04649,1.04663,1.00,1.00
2015.06.24 17:25:06.277,1.04649,1.04664,1.00,1.50
2015.06.24 17:25:07.033,1.04649,1.04663,1.00,1.00
2015.06.24 17:25:09.487,1.04649,1.04664,1.00,1.50
2015.06.24 17:25:10.022,1.04649,1.04665,1.50,1.50
2015.06.24 17:25:10.530,1.04649,1.04664,1.00,1.00
2015.06.24 17:25:14.074,1.04649,1.04665,1.00,1.00
2015.06.24 17:25:14.645,1.0465,1.04665,1.50,1.00
2015.06.24 17:25:15.169,1.0465,1.04666,1.50,1.50
2015.06.24 17:25:15.678,1.04651,1.04666,1.00,1.00
2015.06.24 17:25:16.400,1.0465,1.04666,1.50,1.00
2015.06.24 17:25:20.543,1.0465,1.04666,1.50,1.87
2015.06.24 17:25:21.148,1.0465,1.04664,1.00,1.12
2015.06.24 17:25:24.007,1.0465,1.04665,1.00,1.00
2015.06.24 17:25:27.934,1.0465,1.04665,1.00,1.37
2015.06.24 17:25:28.452,1.0465,1.04665,1.00,1.37
2015.06.24 17:25:29.517,1.04649,1.04662,1.00,1.00
2015.06.24 17:25:31.140,1.04649,1.04661,1.00,1.00
2015.06.24 17:25:45.119,1.04649,1.04663,1.00,1.00
2015.06.24 17:25:45.674,1.04649,1.04662,1.00,1.00
2015.06.24 17:25:51.361,1.04649,1.04661,1.00,1.00
2015.06.24 17:25:53.182,1.04649,1.04662,1.00,1.00
2015.06.24 17:25:53.711,1.04649,1.04663,1.00,1.00
2015.06.24 17:25:54.742,1.04649,1.04662,1.00,1.00
2015.06.24 17:25:55.262,1.04649,1.04661,1.00,1.00
2015.06.24 17:25:59.742,1.04649,1.04662,1.00,1.00
2015.06.24 17:26:00.251,1.04649,1.04663,1.00,1.00
2015.06.24 17:26:00.966,1.04649,1.04664,1.00,1.50
2015.06.24 17:26:01.499,1.0465,1.04664,1.00,1.50
2015.06.24 17:26:02.753,1.04652,1.04664,1.00,1.50
2015.06.24 17:26:03.059,1.04648,1.04662,1.50,1.00
2015.06.24 17:26:03.624,1.04648,1.04661,1.00,1.00
2015.06.24 17:26:05.066,1.04648,1.0466,1.00,1.00
2015.06.24 17:26:05.609,1.04648,1.04661,1.00,1.00
2015.06.24 17:26:06.214,1.04648,1.0466,1.00,1.00
2015.06.24 17:26:06.982,1.04648,1.04661,1.00,1.50
2015.06.24 17:26:08.439,1.04651,1.04664,1.50,1.50
2015.06.24 17:26:10.194,1.04654,1.04665,1.00,1.50
2015.06.24 17:26:10.253,1.04651,1.04665,1.00,1.50
2015.06.24 17:26:10.801,1.04651,1.04664,1.00,1.00
2015.06.24 17:26:11.558,1.0465,1.04662,1.00,1.00
2015.06.24 17:26:11.611,1.04648,1.04662,1.00,1.00
2015.06.24 17:26:14.731,1.04648,1.04663,1.00,2.25
2015.06.24 17:26:15.360,1.04648,1.04662,1.00,1.00
2015.06.24 17:26:16.390,1.04648,1.04661,1.00,1.00
2015.06.24 17:26:21.175,1.04648,1.04662,1.00,1.00
2015.06.24 17:26:22.161,1.04648,1.04663,1.00,1.50
2015.06.24 17:26:23.301,1.04649,1.04663,1.00,1.00
2015.06.24 17:26:25.074,1.04648,1.04663,1.87,1.00
2015.06.24 17:26:25.611,1.04649,1.04663,1.00,1.00
2015.06.24 17:26:26.161,1.04648,1.04662,1.00,1.00
2015.06.24 17:26:30.806,1.04648,1.04661,1.00,1.00
2015.06.24 17:26:31.315,1.04648,1.0466,1.00,1.00
2015.06.24 17:26:48.258,1.04648,1.04661,1.00,1.50
2015.06.24 17:26:48.768,1.04649,1.04662,1.00,1.00
2015.06.24 17:26:51.568,1.04649,1.04663,1.00,1.50
2015.06.24 17:26:55.997,1.04649,1.04662,1.00,1.00
2015.06.24 17:26:56.589,1.04649,1.04663,1.00,1.50
2015.06.24 17:27:04.515,1.04651,1.04663,1.00,1.00
2015.06.24 17:27:05.069,1.04651,1.04664,1.00,1.00
2015.06.24 17:27:05.984,1.04651,1.04663,1.00,1.00
2015.06.24 17:27:06.289,1.04651,1.04661,1.00,1.00
2015.06.24 17:27:06.879,1.04651,1.04662,1.00,1.12
2015.06.24 17:27:07.750,1.04651,1.04663,1.00,1.00
2015.06.24 17:27:09.007,1.04651,1.04664,1.00,1.00
2015.06.24 17:27:09.342,1.04651,1.04662,1.00,1.00
2015.06.24 17:27:12.129,1.04651,1.04661,1.00,1.00
2015.06.24 17:27:14.342,1.04651,1.04662,1.00,1.00
2015.06.24 17:27:16.986,1.04651,1.04663,1.00,1.00
2015.06.24 17:27:17.738,1.04651,1.04662,1.00,1.00
2015.06.24 17:27:18.508,1.04651,1.04663,1.00,1.00
2015.06.24 17:27:20.944,1.04651,1.04662,1.00,1.00
2015.06.24 17:27:22.061,1.04651,1.04663,1.00,1.50
2015.06.24 17:27:22.599,1.04651,1.04662,1.00,1.00
2015.06.24 17:27:24.087,1.04651,1.04663,1.00,1.50
2015.06.24 17:27:26.983,1.04651,1.04661,1.00,1.00
2015.06.24 17:27:29.449,1.04651,1.04662,1.00,1.00
2015.06.24 17:27:29.755,1.04651,1.0466,1.00,1.00
2015.06.24 17:27:29.806,1.04647,1.0466,1.00,1.00
2015.06.24 17:27:36.552,1.04647,1.04661,1.00,1.00
2015.06.24 17:27:42.421,1.04647,1.0466,1.00,1.00
2015.06.24 17:27:46.020,1.04647,1.04659,1.00,1.00
2015.06.24 17:27:49.577,1.04647,1.0466,1.00,1.00
2015.06.24 17:27:53.523,1.04647,1.04659,1.00,1.00
2015.06.24 17:27:55.439,1.04648,1.04659,1.00,1.00
2015.06.24 17:28:04.695,1.04648,1.04658,1.00,1.00
2015.06.24 17:28:05.248,1.04648,1.04659,1.00,2.25
2015.06.24 17:28:05.756,1.04648,1.04658,1.00,1.00
2015.06.24 17:28:09.640,1.04648,1.04657,1.00,1.00
2015.06.24 17:28:11.550,1.04648,1.04659,1.00,1.50
2015.06.24 17:28:15.654,1.04647,1.04659,1.00,1.50
2015.06.24 17:28:16.152,1.04647,1.04661,1.00,1.50
2015.06.24 17:28:26.209,1.04647,1.04663,1.50,1.50
2015.06.24 17:28:26.595,1.04653,1.04663,1.00,1.00
2015.06.24 17:28:26.646,1.04658,1.0467,1.00,2.25
2015.06.24 17:28:27.168,1.04659,1.04672,1.50,1.50
2015.06.24 17:28:27.720,1.04664,1.04672,1.00,1.00
2015.06.24 17:28:28.033,1.04661,1.04672,1.00,1.00
2015.06.24 17:28:28.237,1.04663,1.04672,1.00,1.00
2015.06.24 17:28:28.340,1.04661,1.04672,1.00,1.00
2015.06.24 17:28:28.444,1.04659,1.04672,1.50,1.00
2015.06.24 17:28:30.484,1.04658,1.0467,1.00,1.00
2015.06.24 17:28:30.536,1.04656,1.0467,1.00,1.50
2015.06.24 17:28:34.306,1.04656,1.04672,1.00,2.25
2015.06.24 17:28:39.716,1.04656,1.04669,1.00,1.00
2015.06.24 17:28:40.076,1.04656,1.04664,1.00,1.00
2015.06.24 17:28:40.131,1.04656,1.04666,1.00,1.00
2015.06.24 17:28:40.547,1.04653,1.04665,1.00,1.00
2015.06.24 17:28:41.473,1.04653,1.04664,1.00,1.00
2015.06.24 17:28:41.949,1.04653,1.04666,1.00,1.00
2015.06.24 17:28:42.102,1.04653,1.04661,1.00,1.00
2015.06.24 17:28:43.337,1.04653,1.04662,1.00,1.00
2015.06.24 17:28:47.015,1.04653,1.04668,1.00,1.00
2015.06.24 17:28:47.526,1.04653,1.04668,1.60,1.00
2015.06.24 17:28:48.628,1.04653,1.04664,1.00,1.00
2015.06.24 17:28:55.759,1.04654,1.04664,1.00,1.00
2015.06.24 17:29:03.508,1.04654,1.04665,1.00,1.00
2015.06.24 17:29:08.120,1.04654,1.04669,1.00,2.25
2015.06.24 17:29:10.643,1.04653,1.04669,1.00,2.25
2015.06.24 17:29:11.167,1.04653,1.04668,1.00,1.00
2015.06.24 17:29:12.911,1.04653,1.04669,1.00,2.25
2015.06.24 17:29:15.108,1.04653,1.04668,1.00,1.00
2015.06.24 17:29:18.506,1.04653,1.04669,1.00,2.25
2015.06.24 17:29:19.617,1.04653,1.04668,1.00,1.00
2015.06.24 17:29:20.550,1.04653,1.04669,1.00,2.25
2015.06.24 17:29:31.240,1.04654,1.04669,1.00,2.25
2015.06.24 17:29:31.767,1.04655,1.04669,1.00,2.25
2015.06.24 17:29:35.811,1.04655,1.04668,1.00,1.37
2015.06.24 17:29:36.014,1.04652,1.04666,1.35,1.00
2015.06.24 17:29:36.117,1.04652,1.04668,1.35,1.00
2015.06.24 17:29:36.618,1.04652,1.04669,1.35,3.37
2015.06.24 17:29:37.145,1.04652,1.04669,1.35,3.37
2015.06.24 17:29:38.541,1.04652,1.04668,2.85,1.00
2015.06.24 17:29:38.795,1.04656,1.04671,1.00,1.87
2015.06.24 17:29:40.648,1.04656,1.0467,1.00,1.00
2015.06.24 17:29:41.435,1.04656,1.04669,1.00,1.87
2015.06.24 17:29:43.771,1.04656,1.04668,1.00,1.37
2015.06.24 17:29:48.535,1.04656,1.04666,1.00,1.00
2015.06.24 17:29:50.652,1.04653,1.04668,1.00,1.12
2015.06.24 17:29:52.270,1.04653,1.04668,1.00,1.87
2015.06.24 17:29:56.809,1.04653,1.04666,1.00,1.37
2015.06.24 17:29:57.488,1.04653,1.04666,1.00,1.00
2015.06.24 17:29:58.038,1.04653,1.04667,1.00,1.37
2015.06.24 17:30:00.114,1.04653,1.04666,1.00,1.12
2015.06.24 17:30:00.676,1.04653,1.04668,1.00,1.37
2015.06.24 17:30:08.028,1.04653,1.04668,1.60,1.37
2015.06.24 17:30:08.079,1.04653,1.04669,1.60,1.50
2015.06.24 17:30:08.181,1.04657,1.04669,1.00,1.50
2015.06.24 17:30:08.283,1.04658,1.04671,1.00,1.00
2015.06.24 17:30:10.389,1.04658,1.04672,1.00,1.50
2015.06.24 17:30:11.212,1.04658,1.04673,1.00,1.12
2015.06.24 17:30:13.591,1.04662,1.04673,1.00,1.00
2015.06.24 17:30:31.906,1.04661,1.04673,1.35,1.00
2015.06.24 17:30:32.212,1.04661,1.0467,1.00,1.87
2015.06.24 17:30:32.366,1.04661,1.0467,1.00,1.00
2015.06.24 17:30:32.418,1.04661,1.04668,1.00,1.00
2015.06.24 17:30:33.050,1.04654,1.04668,1.00,1.50
2015.06.24 17:30:39.429,1.04654,1.04667,1.00,1.00
2015.06.24 17:30:50.624,1.04653,1.04667,1.00,1.00
2015.06.24 17:30:51.261,1.04655,1.04667,1.00,1.00
2015.06.24 17:30:51.363,1.04653,1.04667,1.00,1.00
2015.06.24 17:31:02.897,1.04653,1.04668,1.00,2.25
2015.06.24 17:31:03.279,1.04653,1.04666,1.00,1.00
2015.06.24 17:31:04.084,1.04653,1.04667,1.00,1.50
2015.06.24 17:31:05.086,1.04655,1.04667,1.00,1.00
2015.06.24 17:31:05.140,1.04656,1.0467,1.00,1.50
2015.06.24 17:31:05.948,1.04656,1.04671,1.00,1.00
2015.06.24 17:31:06.051,1.04659,1.04672,1.00,2.25
2015.06.24 17:31:08.478,1.04659,1.04671,1.00,1.00
2015.06.24 17:31:08.885,1.04655,1.0467,1.00,2.25
2015.06.24 17:31:08.937,1.04655,1.04668,1.00,1.00
2015.06.24 17:31:09.482,1.04655,1.04667,1.00,1.50
2015.06.24 17:31:09.585,1.04652,1.04667,1.00,2.25
2015.06.24 17:31:11.569,1.04652,1.04667,1.00,2.62
2015.06.24 17:31:16.379,1.04652,1.04667,1.00,1.00
2015.06.24 17:31:23.210,1.04652,1.04668,1.00,1.87
2015.06.24 17:31:25.606,1.04655,1.04668,1.00,1.00
2015.06.24 17:31:26.225,1.04656,1.04669,1.00,1.00
2015.06.24 17:31:26.733,1.04656,1.0467,1.00,1.50
2015.06.24 17:31:30.976,1.04656,1.04669,1.00,1.00
2015.06.24 17:31:31.487,1.04656,1.0467,1.00,2.25
2015.06.24 17:31:32.075,1.04656,1.04669,1.00,1.00
2015.06.24 17:31:32.623,1.04656,1.0467,1.00,2.25
2015.06.24 17:31:34.555,1.04656,1.04669,1.00,1.00
2015.06.24 17:31:36.020,1.04656,1.04668,1.00,1.00
2015.06.24 17:31:36.325,1.04652,1.04658,1.00,1.00
2015.06.24 17:31:36.428,1.04652,1.0466,1.00,1.00
2015.06.24 17:31:36.682,1.04652,1.04665,1.00,1.00
2015.06.24 17:31:40.717,1.04652,1.04664,1.35,1.00
2015.06.24 17:31:40.979,1.04652,1.04667,1.35,1.00
2015.06.24 17:31:41.419,1.04658,1.04668,1.00,1.00
2015.06.24 17:31:41.926,1.04658,1.0467,1.00,1.00
2015.06.24 17:31:42.697,1.04658,1.04671,1.00,1.12
2015.06.24 17:31:44.350,1.04659,1.04671,2.10,1.00
2015.06.24 17:31:44.452,1.04658,1.04671,1.50,1.12
2015.06.24 17:31:44.554,1.04661,1.04671,1.00,1.12
2015.06.24 17:31:45.425,1.04661,1.0467,1.00,1.00
2015.06.24 17:31:46.026,1.04661,1.04671,1.00,1.50
2015.06.24 17:31:46.535,1.04658,1.0467,1.00,1.50
2015.06.24 17:31:53.564,1.04658,1.04671,1.00,1.50
2015.06.24 17:31:55.481,1.04658,1.0467,1.00,1.00
2015.06.24 17:31:56.532,1.04658,1.04669,1.00,1.00
2015.06.24 17:31:57.673,1.04658,1.04669,1.00,1.87
2015.06.24 17:31:57.775,1.04658,1.04666,1.00,1.00
2015.06.24 17:31:57.877,1.04655,1.04666,1.00,1.00
2015.06.24 17:31:58.688,1.04655,1.04665,1.00,1.00
2015.06.24 17:31:59.197,1.04655,1.04666,1.00,1.50
2015.06.24 17:32:00.431,1.04655,1.04665,1.00,1.00
2015.06.24 17:32:00.736,1.04655,1.04663,1.00,1.00
2015.06.24 17:32:00.990,1.04652,1.04664,1.00,1.00
2015.06.24 17:32:01.871,1.04652,1.04663,1.00,1.00
2015.06.24 17:32:02.278,1.04652,1.04665,1.00,1.50
2015.06.24 17:32:02.788,1.04652,1.04666,1.00,1.00
2015.06.24 17:32:04.934,1.04652,1.04667,1.00,1.50
2015.06.24 17:32:05.810,1.04652,1.04666,1.00,1.00
2015.06.24 17:32:12.617,1.04652,1.04664,1.00,1.00
2015.06.24 17:32:14.359,1.04652,1.04666,1.00,1.00
2015.06.24 17:32:14.412,1.04654,1.04666,1.00,1.00
2015.06.24 17:32:14.516,1.04657,1.04671,1.00,1.00
2015.06.24 17:32:15.029,1.04657,1.04672,1.00,1.50
2015.06.24 17:32:15.693,1.04657,1.04671,1.00,1.00
2015.06.24 17:32:22.592,1.0466,1.04671,1.00,1.00
2015.06.24 17:32:23.437,1.0466,1.04672,1.00,1.00
2015.06.24 17:32:25.526,1.0466,1.04671,1.00,1.00
2015.06.24 17:32:26.041,1.0466,1.04672,1.00,1.00
2015.06.24 17:32:30.223,1.0466,1.04671,1.00,1.00
2015.06.24 17:32:35.187,1.0466,1.04672,1.00,1.00
2015.06.24 17:32:35.762,1.04662,1.04674,1.00,1.00
2015.06.24 17:32:36.844,1.0466,1.04674,1.00,1.00
2015.06.24 17:32:37.806,1.0466,1.04673,1.00,1.00
2015.06.24 17:32:38.406,1.0466,1.04674,1.00,1.00
2015.06.24 17:32:38.907,1.0466,1.04673,1.00,1.00
2015.06.24 17:32:39.444,1.0466,1.04672,1.00,1.00
2015.06.24 17:32:40.133,1.0466,1.04671,1.00,1.00
2015.06.24 17:32:47.911,1.04663,1.04671,1.00,1.00
2015.06.24 17:32:47.963,1.04663,1.04674,1.00,1.00
2015.06.24 17:32:57.612,1.04666,1.04674,1.00,1.00
2015.06.24 17:32:57.816,1.04669,1.0468,1.00,1.50
2015.06.24 17:32:58.251,1.04669,1.04683,1.00,1.00
2015.06.24 17:32:58.769,1.04669,1.04685,1.50,1.50
2015.06.24 17:32:59.291,1.04669,1.04685,1.50,1.12
2015.06.24 17:33:00.262,1.04669,1.04684,1.50,1.37
2015.06.24 17:33:00.569,1.04669,1.04681,1.50,1.37
2015.06.24 17:33:00.876,1.04669,1.04681,1.50,1.37
2015.06.24 17:33:01.863,1.04669,1.04681,1.00,1.37
2015.06.24 17:33:01.915,1.04666,1.04679,1.00,1.87
2015.06.24 17:33:02.444,1.04666,1.04678,1.00,1.87
2015.06.24 17:33:02.648,1.04666,1.04678,1.00,1.00
2015.06.24 17:33:02.801,1.04667,1.0468,1.00,1.00
2015.06.24 17:33:03.332,1.04667,1.04681,1.00,1.00
2015.06.24 17:33:04.175,1.04667,1.04681,1.00,1.37
2015.06.24 17:33:05.962,1.04667,1.04681,1.00,1.37
2015.06.24 17:33:07.606,1.04667,1.04681,1.00,1.37
2015.06.24 17:33:12.627,1.04667,1.04681,1.00,1.12
2015.06.24 17:33:16.111,1.04667,1.04682,1.00,1.00
2015.06.24 17:33:16.214,1.04669,1.04683,1.00,1.37
2015.06.24 17:33:16.734,1.04669,1.04683,1.00,1.12
2015.06.24 17:33:17.744,1.04669,1.04683,1.00,1.37
2015.06.24 17:33:18.759,1.04669,1.04683,1.50,1.37
2015.06.24 17:33:19.291,1.04669,1.04683,1.50,1.37
2015.06.24 17:33:20.204,1.04669,1.04683,1.50,1.37
2015.06.24 17:33:24.075,1.04669,1.04683,1.50,1.00
2015.06.24 17:33:24.482,1.04672,1.04686,1.00,1.37
2015.06.24 17:33:24.787,1.04675,1.04687,1.00,1.37
2015.06.24 17:33:25.325,1.04676,1.04687,1.00,1.37
2015.06.24 17:33:26.604,1.04676,1.04687,1.00,1.12
2015.06.24 17:33:28.729,1.04676,1.04687,1.00,1.37
2015.06.24 17:33:30.900,1.04676,1.04687,1.00,1.12
2015.06.24 17:33:31.573,1.04676,1.04688,1.00,1.00
2015.06.24 17:33:31.675,1.04676,1.04691,1.50,1.00
2015.06.24 17:33:32.802,1.04679,1.04691,1.00,1.12
2015.06.24 17:33:41.916,1.04679,1.04693,1.00,1.00
2015.06.24 17:33:42.170,1.04679,1.04695,1.50,1.00
2015.06.24 17:33:42.780,1.04681,1.04695,1.00,1.00
2015.06.24 17:33:43.486,1.04682,1.04696,1.00,1.00
2015.06.24 17:33:44.351,1.04682,1.04697,1.00,1.00
2015.06.24 17:33:45.530,1.04683,1.04697,1.00,1.00
2015.06.24 17:33:45.839,1.04685,1.04698,1.00,1.37
2015.06.24 17:33:45.941,1.04682,1.04695,1.00,1.37
2015.06.24 17:33:47.143,1.04682,1.04696,1.00,1.00
2015.06.24 17:33:50.393,1.04682,1.04697,1.00,1.00
2015.06.24 17:33:54.047,1.04685,1.04697,1.00,1.00
2015.06.24 17:33:54.550,1.04685,1.04698,1.00,1.00
2015.06.24 17:33:56.902,1.04685,1.04699,1.00,1.00
2015.06.24 17:33:57.449,1.04685,1.047,1.50,1.12
2015.06.24 17:33:59.249,1.04685,1.04698,1.00,1.00
2015.06.24 17:33:59.963,1.04685,1.04699,1.00,1.00
2015.06.24 17:34:03.871,1.04685,1.04698,1.00,1.00
2015.06.24 17:34:05.140,1.04685,1.04699,1.00,1.00
2015.06.24 17:34:05.649,1.04685,1.047,1.00,1.12
2015.06.24 17:34:15.351,1.04686,1.047,1.00,1.00
2015.06.24 17:34:16.179,1.04687,1.047,1.00,1.00
2015.06.24 17:34:21.057,1.04687,1.04701,1.00,1.00
2015.06.24 17:34:22.086,1.04687,1.04702,1.12,1.00
2015.06.24 17:34:22.548,1.04693,1.04704,1.00,1.00
2015.06.24 17:34:22.600,1.04694,1.04706,1.00,1.00
2015.06.24 17:34:23.144,1.04694,1.04707,1.00,1.00
2015.06.24 17:34:23.730,1.04694,1.04708,1.00,1.00
2015.06.24 17:34:25.813,1.04694,1.04707,1.00,1.00
2015.06.24 17:34:26.812,1.04694,1.04706,1.00,1.00
2015.06.24 17:34:36.267,1.04694,1.04705,1.00,1.00
2015.06.24 17:34:36.370,1.04691,1.04705,1.00,1.00
2015.06.24 17:34:36.726,1.04697,1.04705,1.00,1.00
2015.06.24 17:34:37.788,1.04697,1.04704,1.00,1.00
2015.06.24 17:34:37.839,1.04695,1.04705,1.00,1.00
2015.06.24 17:34:38.342,1.04695,1.04706,1.00,1.00
2015.06.24 17:34:39.245,1.04693,1.04706,1.00,1.00
2015.06.24 17:34:39.838,1.04695,1.04706,1.00,1.00
2015.06.24 17:34:40.754,1.04695,1.04707,1.00,1.00
2015.06.24 17:34:42.373,1.04694,1.04707,1.00,1.00
2015.06.24 17:34:51.997,1.04694,1.04706,1.00,1.00
2015.06.24 17:35:00.209,1.04693,1.04706,1.00,1.00
2015.06.24 17:35:06.611,1.04693,1.04707,1.00,1.00
2015.06.24 17:35:10.044,1.04695,1.04707,1.00,1.00
2015.06.24 17:35:10.394,1.04693,1.04705,1.00,1.00
2015.06.24 17:35:11.158,1.04693,1.04706,1.00,1.00
2015.06.24 17:35:13.341,1.04693,1.04707,1.00,1.00
2015.06.24 17:35:13.849,1.04694,1.04707,1.50,1.00
2015.06.24 17:35:15.417,1.04693,1.04707,1.50,1.00
2015.06.24 17:35:20.027,1.04693,1.04706,1.50,1.00
2015.06.24 17:35:20.385,1.04693,1.04704,1.00,1.00
2015.06.24 17:35:20.436,1.0469,1.04704,1.00,1.00
2015.06.24 17:35:23.784,1.0469,1.04703,1.00,1.37
2015.06.24 17:35:24.373,1.0469,1.04703,1.00,1.37
2015.06.24 17:35:24.479,1.0469,1.04703,1.00,1.00
2015.06.24 17:35:24.989,1.0469,1.04704,1.00,1.12
2015.06.24 17:35:27.291,1.0469,1.04704,1.00,1.37
2015.06.24 17:35:31.116,1.04689,1.04702,1.00,1.37
2015.06.24 17:35:31.167,1.04687,1.04702,1.00,1.87
2015.06.24 17:35:32.203,1.04687,1.04702,1.00,1.00
2015.06.24 17:35:32.754,1.04687,1.04703,1.00,1.12
2015.06.24 17:35:38.395,1.04687,1.04703,1.00,1.87
2015.06.24 17:35:40.406,1.04694,1.04702,1.00,1.87
2015.06.24 17:35:41.132,1.04694,1.04702,1.00,1.00
2015.06.24 17:35:41.655,1.04694,1.04703,1.00,1.00
2015.06.24 17:35:42.762,1.04688,1.04703,1.00,1.00
2015.06.24 17:35:43.290,1.04687,1.04703,1.50,1.00
2015.06.24 17:35:44.983,1.0469,1.04703,1.00,1.00
2015.06.24 17:35:45.288,1.0469,1.04705,1.50,1.00
2015.06.24 17:35:46.052,1.0469,1.04706,1.50,1.00
2015.06.24 17:35:46.562,1.0469,1.04704,1.50,1.00
2015.06.24 17:35:46.868,1.0469,1.04702,1.00,1.00
2015.06.24 17:35:48.554,1.0469,1.04703,1.00,1.87
2015.06.24 17:35:49.844,1.04691,1.04703,1.00,1.87
2015.06.24 17:35:55.146,1.0469,1.04703,1.50,1.87
2015.06.24 17:35:57.299,1.0469,1.04702,1.50,1.87
2015.06.24 17:35:58.993,1.04687,1.04701,1.50,1.12
2015.06.24 17:35:59.095,1.04687,1.04701,1.50,1.37
2015.06.24 17:36:03.261,1.04687,1.047,1.50,1.37
2015.06.24 17:36:03.732,1.04685,1.04698,1.00,1.12
2015.06.24 17:36:04.526,1.04685,1.04699,1.00,1.12
2015.06.24 17:36:05.171,1.04687,1.04701,1.00,1.87
2015.06.24 17:36:05.935,1.04687,1.04702,1.50,1.37
2015.06.24 17:36:06.640,1.04687,1.04702,1.50,1.12
2015.06.24 17:36:07.896,1.04687,1.04702,1.50,1.37
2015.06.24 17:36:08.599,1.04687,1.04701,1.50,1.87
2015.06.24 17:36:11.554,1.04687,1.04702,1.00,1.87
2015.06.24 17:36:11.758,1.04687,1.04703,1.50,1.00
2015.06.24 17:36:12.248,1.04687,1.04702,1.00,1.37
2015.06.24 17:36:12.757,1.04687,1.04702,1.00,1.12
2015.06.24 17:36:13.265,1.04687,1.04703,1.00,1.00
2015.06.24 17:36:22.819,1.04687,1.04704,1.00,1.50
2015.06.24 17:36:24.343,1.04689,1.04704,1.00,1.00
2015.06.24 17:36:25.228,1.04691,1.04704,1.00,1.00
2015.06.24 17:36:25.381,1.04691,1.04706,1.00,1.00
2015.06.24 17:36:25.534,1.04693,1.04708,1.00,1.00
2015.06.24 17:36:26.998,1.04693,1.04708,1.00,1.37
2015.06.24 17:36:29.557,1.04693,1.04705,1.00,1.37
2015.06.24 17:36:30.154,1.0469,1.04704,1.00,1.12
2015.06.24 17:36:31.535,1.0469,1.04703,1.00,1.00
2015.06.24 17:36:32.061,1.0469,1.04704,1.00,1.00
2015.06.24 17:36:32.467,1.0469,1.04706,1.00,1.50
2015.06.24 17:36:32.924,1.04692,1.04706,1.00,1.00
2015.06.24 17:36:33.472,1.04693,1.04706,1.00,1.00
2015.06.24 17:36:33.981,1.04693,1.04704,1.00,1.00
2015.06.24 17:36:34.439,1.04693,1.04706,1.00,1.50
2015.06.24 17:36:35.020,1.04693,1.04705,1.00,1.00
2015.06.24 17:36:37.100,1.04693,1.04707,1.00,1.00
2015.06.24 17:36:39.450,1.04693,1.04707,1.00,1.37
2015.06.24 17:36:39.654,1.0469,1.04705,1.00,1.12
2015.06.24 17:36:44.359,1.0469,1.04703,1.00,1.00
2015.06.24 17:36:44.864,1.0469,1.04704,1.00,1.00
2015.06.24 17:36:45.272,1.0469,1.04706,1.00,1.00
2015.06.24 17:36:48.571,1.0469,1.04705,1.00,1.00
2015.06.24 17:36:48.623,1.0469,1.04703,1.00,1.12
2015.06.24 17:36:49.135,1.04687,1.04702,3.60,1.00
2015.06.24 17:36:49.673,1.04687,1.04704,3.60,1.00
2015.06.24 17:36:51.272,1.04688,1.04703,1.60,1.00
2015.06.24 17:36:51.425,1.04688,1.04702,1.60,1.37
2015.06.24 17:36:52.340,1.04688,1.04699,1.35,1.00
2015.06.24 17:36:52.645,1.04687,1.04697,2.85,1.00
2015.06.24 17:36:53.002,1.04687,1.04699,4.35,1.00
2015.06.24 17:36:53.155,1.04688,1.04701,2.10,1.00
2015.06.24 17:36:53.953,1.04688,1.04702,2.10,1.00
2015.06.24 17:36:54.259,1.04689,1.04699,1.00,1.00
2015.06.24 17:36:56.410,1.04689,1.047,1.00,1.00
2015.06.24 17:36:56.715,1.04689,1.04698,1.35,1.00
2015.06.24 17:36:57.729,1.04688,1.04698,1.35,1.12
2015.06.24 17:36:58.237,1.04688,1.04697,1.60,1.00
2015.06.24 17:36:59.246,1.04688,1.04698,1.60,1.00
2015.06.24 17:37:00.041,1.04688,1.04699,1.60,1.00
2015.06.24 17:37:00.550,1.04687,1.04699,2.85,1.00
2015.06.24 17:37:01.630,1.04688,1.04699,2.10,1.00
2015.06.24 17:37:02.139,1.04687,1.04699,3.60,1.00
2015.06.24 17:37:03.166,1.04687,1.04697,2.85,1.00
2015.06.24 17:37:03.677,1.04688,1.04698,2.10,1.00
2015.06.24 17:37:03.992,1.04688,1.04695,2.10,1.00
2015.06.24 17:37:04.363,1.04687,1.04692,2.10,1.00
2015.06.24 17:37:04.415,1.04683,1.04692,1.00,1.50
2015.06.24 17:37:07.013,1.04683,1.04691,1.00,1.00
2015.06.24 17:37:07.787,1.04683,1.04688,1.00,1.00
2015.06.24 17:37:10.340,1.04683,1.04689,1.00,1.00
2015.06.24 17:37:11.813,1.04683,1.04691,1.00,1.00
2015.06.24 17:37:11.965,1.04683,1.04694,1.35,1.12
2015.06.24 17:37:12.475,1.04683,1.04693,1.00,1.50
2015.06.24 17:37:12.526,1.0468,1.04693,1.35,1.50
2015.06.24 17:37:13.051,1.0468,1.04693,1.60,1.50
2015.06.24 17:37:14.059,1.0468,1.04695,2.85,1.00
2015.06.24 17:37:14.477,1.0468,1.04693,2.85,1.00
2015.06.24 17:37:17.775,1.0468,1.04692,2.85,1.00
2015.06.24 17:37:18.991,1.04684,1.04692,2.10,1.00
2015.06.24 17:37:19.094,1.04683,1.04697,2.85,1.50
2015.06.24 17:37:19.607,1.04684,1.04698,1.35,1.00
2015.06.24 17:37:23.414,1.04684,1.04699,1.35,1.00
2015.06.24 17:37:23.619,1.04684,1.04696,1.35,1.00
2015.06.24 17:37:24.180,1.04684,1.04695,1.00,1.00
2015.06.24 17:37:24.635,1.04678,1.04692,1.35,1.00
2015.06.24 17:37:24.941,1.04678,1.04687,1.00,1.00
2015.06.24 17:37:25.248,1.04676,1.04685,2.10,1.00
2015.06.24 17:37:25.350,1.04676,1.04687,2.10,1.00
2015.06.24 17:37:25.866,1.04676,1.04688,2.10,1.00
2015.06.24 17:37:26.233,1.04675,1.04686,2.85,1.00
2015.06.24 17:37:26.743,1.04675,1.04685,2.85,1.00
2015.06.24 17:37:27.185,1.04677,1.04687,2.10,1.00
2015.06.24 17:37:27.541,1.04678,1.04689,1.35,1.00
2015.06.24 17:37:28.400,1.04678,1.0469,1.35,1.00
2015.06.24 17:37:28.451,1.04678,1.04694,2.10,1.00
2015.06.24 17:37:28.503,1.04681,1.04694,1.00,1.00
2015.06.24 17:37:29.022,1.04682,1.04694,1.00,1.00
2015.06.24 17:37:29.327,1.04682,1.04691,1.00,1.00
2015.06.24 17:37:29.582,1.04678,1.04689,1.00,1.00
2015.06.24 17:37:30.133,1.04678,1.04688,1.00,1.00
2015.06.24 17:37:30.438,1.04678,1.0469,1.00,1.00
2015.06.24 17:37:30.947,1.04678,1.04691,1.00,1.00
2015.06.24 17:37:32.005,1.04678,1.04692,1.35,1.00
2015.06.24 17:37:32.209,1.04678,1.0469,1.00,1.00
2015.06.24 17:37:32.514,1.04678,1.04687,1.00,1.00
2015.06.24 17:37:33.017,1.04678,1.04688,1.00,1.00
2015.06.24 17:37:33.826,1.04678,1.04689,1.35,1.00
2015.06.24 17:37:35.297,1.04678,1.0469,1.35,1.00
2015.06.24 17:37:35.627,1.04681,1.0469,1.00,1.00
2015.06.24 17:37:35.933,1.04678,1.04685,1.00,1.00
2015.06.24 17:37:36.035,1.04675,1.04688,2.85,1.00
2015.06.24 17:37:36.545,1.04676,1.04687,2.10,1.00
2015.06.24 17:37:37.179,1.04676,1.0469,2.10,1.00
2015.06.24 17:37:38.110,1.04675,1.04685,2.85,1.00
2015.06.24 17:37:38.161,1.04675,1.04688,2.85,1.37
2015.06.24 17:37:38.263,1.04675,1.04686,2.85,1.37
2015.06.24 17:37:38.920,1.04675,1.04687,2.85,1.00
2015.06.24 17:37:39.455,1.04676,1.04686,2.10,1.00
2015.06.24 17:37:41.052,1.04676,1.04686,2.10,1.00
2015.06.24 17:37:41.104,1.04676,1.04689,2.10,1.00
2015.06.24 17:37:41.311,1.04678,1.04695,1.00,1.50
2015.06.24 17:37:42.429,1.04681,1.04695,1.00,1.00
2015.06.24 17:37:42.842,1.04682,1.04692,1.00,1.00
2015.06.24 17:37:42.996,1.04678,1.04689,1.00,1.00
2015.06.24 17:37:43.047,1.04678,1.04686,1.00,1.00
2015.06.24 17:37:43.200,1.0467,1.04679,1.00,1.50
2015.06.24 17:37:43.558,1.04664,1.04679,2.25,1.00
2015.06.24 17:37:43.620,1.04666,1.04681,1.00,1.00
2015.06.24 17:37:43.722,1.04668,1.04684,1.00,1.00
2015.06.24 17:37:44.313,1.0468,1.04685,1.00,1.00
2015.06.24 17:37:44.367,1.04681,1.04688,1.00,1.00
2015.06.24 17:37:44.419,1.04681,1.04693,1.00,1.00
2015.06.24 17:37:44.521,1.04679,1.04693,1.00,1.00
2015.06.24 17:37:45.360,1.0468,1.04694,1.00,1.50
2015.06.24 17:37:45.514,1.0468,1.04696,2.25,1.00
2015.06.24 17:37:45.874,1.0468,1.04693,1.00,1.00
2015.06.24 17:37:46.130,1.04672,1.04689,1.50,1.50
2015.06.24 17:37:46.499,1.04672,1.04686,1.00,1.00
2015.06.24 17:37:46.553,1.0467,1.04686,1.00,1.00
2015.06.24 17:37:47.067,1.04669,1.04686,1.00,1.00
2015.06.24 17:37:47.325,1.04669,1.04684,1.00,1.00
2015.06.24 17:37:47.735,1.04666,1.04682,1.00,1.50
2015.06.24 17:37:48.576,1.04666,1.0468,1.00,1.00
2015.06.24 17:37:48.729,1.04662,1.04679,1.00,1.00
2015.06.24 17:37:49.406,1.04662,1.04678,1.00,2.62
2015.06.24 17:37:49.457,1.04662,1.04676,1.00,1.00
2015.06.24 17:37:49.560,1.04659,1.04676,2.10,1.50
2015.06.24 17:37:49.763,1.0466,1.04673,1.00,1.00
2015.06.24 17:37:49.917,1.04657,1.04671,1.00,2.25
2015.06.24 17:37:49.968,1.04655,1.04671,1.00,2.25
2015.06.24 17:37:50.792,1.04651,1.04666,1.50,1.00
2015.06.24 17:37:50.845,1.04648,1.04665,1.50,1.00
2015.06.24 17:37:51.356,1.04648,1.04664,1.00,1.00
2015.06.24 17:37:51.662,1.04648,1.04661,1.00,1.50
2015.06.24 17:37:51.764,1.04644,1.0466,1.00,1.00
2015.06.24 17:37:52.240,1.04641,1.04658,1.00,2.25
2015.06.24 17:37:52.546,1.04641,1.04655,1.00,1.00
2015.06.24 17:37:53.104,1.04641,1.04654,1.00,1.00
2015.06.24 17:37:54.221,1.04641,1.04655,1.00,1.00
2015.06.24 17:37:54.681,1.04643,1.04658,1.00,1.00
2015.06.24 17:37:54.834,1.04644,1.04661,1.00,1.00
2015.06.24 17:37:55.563,1.0465,1.04665,1.00,1.00
2015.06.24 17:37:55.870,1.04658,1.04671,1.00,1.00
2015.06.24 17:37:57.011,1.0466,1.04671,1.00,1.50
2015.06.24 17:37:57.166,1.04661,1.04675,1.00,1.50
2015.06.24 17:37:57.679,1.04661,1.04676,1.00,1.50
2015.06.24 17:37:58.431,1.04659,1.04673,1.00,1.00
2015.06.24 17:37:59.649,1.04658,1.04673,1.00,1.00
2015.06.24 17:38:00.344,1.04658,1.04672,1.00,1.00
2015.06.24 17:38:00.652,1.04658,1.0467,1.00,1.00
2015.06.24 17:38:00.804,1.04655,1.0467,2.25,1.00
2015.06.24 17:38:01.463,1.04655,1.04668,1.00,1.00
2015.06.24 17:38:01.771,1.04655,1.04666,1.00,1.00
2015.06.24 17:38:01.873,1.04651,1.04666,2.25,1.00
2015.06.24 17:38:02.026,1.0466,1.04666,1.00,1.00
2015.06.24 17:38:02.077,1.04659,1.04666,1.00,1.00
2015.06.24 17:38:02.129,1.04658,1.04663,1.00,1.00
2015.06.24 17:38:02.811,1.04655,1.04659,1.00,1.00
2015.06.24 17:38:02.863,1.04651,1.04659,1.00,1.00
2015.06.24 17:38:02.965,1.04651,1.04655,1.00,1.00
2015.06.24 17:38:03.322,1.04651,1.04657,1.00,1.00
2015.06.24 17:38:04.451,1.04655,1.04661,1.00,2.62
2015.06.24 17:38:04.502,1.04653,1.04659,1.00,1.00
2015.06.24 17:38:04.656,1.0465,1.04654,1.00,1.00
2015.06.24 17:38:04.860,1.04652,1.04656,1.00,1.00
2015.06.24 17:38:04.912,1.04651,1.04656,1.00,1.00
2015.06.24 17:38:05.067,1.04648,1.04652,1.00,1.00
2015.06.24 17:38:05.373,1.04647,1.04651,1.00,1.00
2015.06.24 17:38:06.302,1.04645,1.04649,1.00,1.00
2015.06.24 17:38:06.507,1.04647,1.04651,1.00,1.00
2015.06.24 17:38:07.237,1.04647,1.04651,1.00,1.00
2015.06.24 17:38:07.446,1.04645,1.04652,1.00,1.00
2015.06.24 17:38:07.499,1.04643,1.04652,1.00,1.37
2015.06.24 17:38:07.809,1.04645,1.04649,1.00,1.00
2015.06.24 17:38:08.569,1.04646,1.0465,1.00,1.00
2015.06.24 17:38:08.723,1.04649,1.04653,1.00,1.00
2015.06.24 17:38:08.825,1.0465,1.04654,1.00,1.00
2015.06.24 17:38:08.979,1.04653,1.04658,1.00,1.50
2015.06.24 17:38:09.518,1.04654,1.04659,1.00,1.00
2015.06.24 17:38:10.038,1.04656,1.04661,1.00,1.50
2015.06.24 17:38:10.556,1.04655,1.04661,1.00,1.12
2015.06.24 17:38:10.608,1.04653,1.04661,1.00,1.12
2015.06.24 17:38:11.305,1.04653,1.0466,1.00,1.00
2015.06.24 17:38:11.359,1.04657,1.04663,1.00,1.00
2015.06.24 17:38:11.667,1.04662,1.04667,1.00,1.00
2015.06.24 17:38:12.254,1.04662,1.04669,1.00,1.00
2015.06.24 17:38:12.765,1.04662,1.04668,1.00,1.00
2015.06.24 17:38:13.072,1.04658,1.04669,1.00,1.00
2015.06.24 17:38:14.085,1.04653,1.04664,1.00,1.00
2015.06.24 17:38:14.595,1.04656,1.04665,1.00,1.00
2015.06.24 17:38:14.850,1.04658,1.04668,1.00,1.12
2015.06.24 17:38:14.901,1.04662,1.04668,1.00,1.00
2015.06.24 17:38:15.302,1.04659,1.04668,1.00,1.00
2015.06.24 17:38:15.354,1.04663,1.04676,1.00,1.00
2015.06.24 17:38:15.612,1.04663,1.04673,1.00,1.00
2015.06.24 17:38:15.767,1.04661,1.04673,1.00,1.00
2015.06.24 17:38:16.626,1.04661,1.04674,1.00,1.12
2015.06.24 17:38:17.905,1.04658,1.04671,1.00,1.00
2015.06.24 17:38:18.386,1.04658,1.04673,1.00,1.50
2015.06.24 17:38:18.592,1.04659,1.04676,1.35,1.50
2015.06.24 17:38:18.848,1.04658,1.04673,1.00,1.00
2015.06.24 17:38:19.388,1.04658,1.04674,1.35,1.00
2015.06.24 17:38:20.496,1.04658,1.04673,1.00,1.50
2015.06.24 17:38:20.919,1.04654,1.0467,1.60,1.00
2015.06.24 17:38:21.399,1.04654,1.04672,1.60,1.50
2015.06.24 17:38:22.521,1.04654,1.04673,2.10,2.62
2015.06.24 17:38:23.049,1.04654,1.04672,2.10,1.00
2015.06.24 17:38:23.557,1.04655,1.04673,1.35,1.50
2015.06.24 17:38:23.609,1.04657,1.04673,1.00,1.50
2015.06.24 17:38:24.065,1.04658,1.04677,1.50,1.50
2015.06.24 17:38:24.218,1.0466,1.04677,1.00,1.00
2015.06.24 17:38:24.523,1.04665,1.04682,1.00,1.12
2015.06.24 17:38:24.830,1.04667,1.04683,1.00,1.00
2015.06.24 17:38:25.711,1.04667,1.04684,1.50,1.00
2015.06.24 17:38:27.321,1.04669,1.04684,1.00,1.50
2015.06.24 17:38:27.526,1.04671,1.04687,1.00,1.00
2015.06.24 17:38:28.200,1.0467,1.04685,1.00,1.00
2015.06.24 17:38:28.511,1.0467,1.04683,1.00,1.00
2015.06.24 17:38:29.397,1.0467,1.04685,1.00,1.00
2015.06.24 17:38:30.847,1.0467,1.04685,1.00,1.37
2015.06.24 17:38:31.379,1.0467,1.04685,1.00,1.00
2015.06.24 17:38:31.482,1.04673,1.04685,1.00,1.00
2015.06.24 17:38:32.000,1.04683,1.04687,1.00,1.00
2015.06.24 17:38:32.052,1.04677,1.04689,1.00,1.00
2015.06.24 17:38:32.155,1.04676,1.04691,2.25,1.00
2015.06.24 17:38:32.206,1.0468,1.04695,1.00,1.50
2015.06.24 17:38:32.309,1.04682,1.04698,1.00,1.00
2015.06.24 17:38:32.547,1.04684,1.04699,1.50,1.00
2015.06.24 17:38:32.939,1.04684,1.04702,1.50,1.50
2015.06.24 17:38:33.455,1.04684,1.04701,1.00,1.00
2015.06.24 17:38:34.969,1.04684,1.047,1.00,1.00
2015.06.24 17:38:35.021,1.04684,1.04698,1.00,1.00
2015.06.24 17:38:35.125,1.04684,1.047,1.00,1.00
2015.06.24 17:38:35.968,1.04687,1.04699,1.00,1.00
2015.06.24 17:38:36.325,1.04686,1.04697,1.00,1.00
2015.06.24 17:38:36.377,1.04684,1.04697,1.00,1.00
2015.06.24 17:38:36.428,1.04686,1.04699,1.00,1.00
2015.06.24 17:38:36.481,1.04686,1.04702,1.00,1.00
2015.06.24 17:38:37.008,1.04686,1.04703,1.00,1.00
2015.06.24 17:38:37.475,1.04686,1.04705,1.50,1.00
2015.06.24 17:38:37.630,1.0469,1.04704,1.00,1.00
2015.06.24 17:38:38.250,1.04687,1.04699,1.00,1.00
2015.06.24 17:38:38.309,1.04682,1.04697,1.00,1.00
2015.06.24 17:38:38.515,1.04682,1.04695,1.00,1.00
2015.06.24 17:38:38.822,1.0469,1.04697,1.00,1.00
2015.06.24 17:38:38.975,1.0469,1.04699,1.00,1.50
2015.06.24 17:38:39.607,1.04691,1.04701,1.00,1.00
2015.06.24 17:38:40.441,1.0469,1.047,1.00,1.00
2015.06.24 17:38:40.867,1.04688,1.04698,1.00,1.00
2015.06.24 17:38:41.125,1.04688,1.047,1.00,1.50
2015.06.24 17:38:41.629,1.04689,1.04705,1.00,1.50
2015.06.24 17:38:42.134,1.04689,1.04704,1.00,1.00
2015.06.24 17:38:42.186,1.04694,1.04704,1.00,1.00
2015.06.24 17:38:42.237,1.04696,1.04708,1.00,1.00
2015.06.24 17:38:42.339,1.04698,1.04711,1.00,1.00
2015.06.24 17:38:42.391,1.047,1.04711,1.00,1.00
2015.06.24 17:38:42.493,1.047,1.04714,1.00,1.50
2015.06.24 17:38:42.697,1.04701,1.04717,1.00,1.50
2015.06.24 17:38:43.203,1.04699,1.04713,1.00,1.00
2015.06.24 17:38:43.254,1.04697,1.04713,1.00,1.00
2015.06.24 17:38:43.768,1.04697,1.04712,1.00,1.00
2015.06.24 17:38:44.718,1.04697,1.04713,1.00,1.00
2015.06.24 17:38:44.937,1.04699,1.04713,1.00,1.00
2015.06.24 17:38:44.989,1.04702,1.04717,1.00,1.50
2015.06.24 17:38:45.504,1.04703,1.04718,1.00,1.00
2015.06.24 17:38:46.543,1.04702,1.04719,1.00,1.00
2015.06.24 17:38:47.104,1.04701,1.04719,1.00,1.87
2015.06.24 17:38:47.309,1.047,1.04715,1.00,1.00
2015.06.24 17:38:48.973,1.047,1.04713,1.00,1.00
2015.06.24 17:38:49.024,1.04697,1.04713,1.00,1.00
2015.06.24 17:38:49.466,1.04697,1.04715,2.25,1.00
2015.06.24 17:38:49.991,1.04698,1.04715,1.00,1.00
2015.06.24 17:38:50.760,1.04697,1.04714,1.00,1.50
2015.06.24 17:38:51.269,1.04697,1.04715,2.85,1.00
2015.06.24 17:38:51.797,1.04697,1.04714,1.00,1.00
2015.06.24 17:38:52.263,1.04697,1.04716,1.50,1.50
2015.06.24 17:38:52.366,1.04699,1.04716,1.00,1.50
2015.06.24 17:38:52.874,1.047,1.04716,1.00,1.50
2015.06.24 17:38:53.382,1.04701,1.04716,1.00,1.50
2015.06.24 17:38:54.881,1.047,1.04717,1.00,1.50
2015.06.24 17:39:00.102,1.047,1.04713,1.50,1.00
2015.06.24 17:39:00.409,1.04693,1.04707,2.10,1.00
2015.06.24 17:39:00.511,1.04693,1.04709,2.85,1.00
2015.06.24 17:39:00.614,1.04694,1.04711,2.10,1.00
2015.06.24 17:39:01.129,1.04693,1.04711,1.60,1.50
2015.06.24 17:39:04.536,1.04692,1.04708,2.10,1.00
2015.06.24 17:39:04.689,1.04692,1.0471,2.10,1.87
2015.06.24 17:39:05.199,1.04692,1.04711,2.10,2.25
2015.06.24 17:39:05.821,1.04695,1.04709,1.00,1.00
2015.06.24 17:39:09.794,1.04695,1.04702,1.00,1.00
2015.06.24 17:39:09.846,1.04695,1.04704,1.00,1.00
2015.06.24 17:39:10.000,1.0469,1.04707,4.35,1.37
2015.06.24 17:39:10.522,1.04691,1.04707,1.60,1.12
2015.06.24 17:39:11.138,1.04691,1.04707,1.60,1.00
2015.06.24 17:39:11.647,1.04692,1.04708,1.60,1.00
2015.06.24 17:39:11.802,1.04692,1.04708,1.60,1.37
2015.06.24 17:39:12.556,1.04692,1.04708,1.60,1.00
2015.06.24 17:39:13.073,1.04692,1.04709,1.60,1.00
2015.06.24 17:39:14.078,1.04692,1.0471,1.60,1.12
2015.06.24 17:39:14.282,1.04694,1.04712,1.35,1.00
2015.06.24 17:39:14.385,1.04697,1.04713,1.00,2.25
2015.06.24 17:39:14.812,1.04694,1.04713,2.25,2.25
2015.06.24 17:39:15.557,1.04694,1.04712,1.00,1.00
2015.06.24 17:39:15.915,1.04693,1.0471,1.35,1.00
2015.06.24 17:39:16.427,1.04693,1.04709,2.10,1.00
2015.06.24 17:39:16.850,1.04693,1.04711,2.10,1.12
2015.06.24 17:39:18.475,1.04694,1.04707,1.35,1.00
2015.06.24 17:39:18.882,1.04693,1.04709,1.60,1.00
2015.06.24 17:39:20.137,1.04693,1.0471,1.60,1.12
2015.06.24 17:39:20.701,1.04693,1.04712,2.10,2.62
2015.06.24 17:39:21.315,1.04693,1.04711,2.10,1.12
2015.06.24 17:39:21.824,1.04693,1.0471,1.60,1.50
2015.06.24 17:39:23.779,1.04693,1.0471,1.35,1.50
2015.06.24 17:39:24.563,1.04696,1.0471,1.00,1.00
2015.06.24 17:39:24.614,1.04694,1.04712,1.35,1.00
2015.06.24 17:39:26.637,1.04693,1.0471,2.85,1.00
2015.06.24 17:39:27.610,1.04693,1.04708,2.10,1.00
2015.06.24 17:39:28.520,1.04693,1.04709,1.35,1.00
2015.06.24 17:39:29.144,1.04694,1.04711,1.00,1.00
2015.06.24 17:39:31.629,1.04694,1.0471,1.00,1.00
2015.06.24 17:39:36.831,1.04694,1.04702,1.00,1.00
2015.06.24 17:39:39.164,1.04694,1.04704,1.00,1.00
2015.06.24 17:39:41.010,1.04694,1.04701,1.00,1.00
2015.06.24 17:39:41.061,1.04694,1.04703,1.00,1.00
2015.06.24 17:39:41.113,1.04694,1.04701,1.00,1.00
2015.06.24 17:39:41.164,1.04694,1.04703,1.00,1.00
2015.06.24 17:39:41.673,1.0469,1.04703,2.10,1.00
2015.06.24 17:39:42.665,1.0469,1.04705,3.60,1.00
2015.06.24 17:39:46.143,1.0469,1.04705,1.60,1.12
2015.06.24 17:39:46.203,1.0469,1.04703,1.60,1.00
2015.06.24 17:39:47.220,1.0469,1.047,1.60,1.00
2015.06.24 17:39:47.528,1.0469,1.04698,1.60,1.00
2015.06.24 17:39:47.967,1.04687,1.04698,2.85,1.00
2015.06.24 17:39:48.424,1.04687,1.047,2.85,1.00
2015.06.24 17:39:48.932,1.04688,1.047,2.10,1.00
2015.06.24 17:39:49.135,1.04688,1.04703,2.10,1.00
2015.06.24 17:39:49.612,1.0469,1.04707,2.10,1.50
2015.06.24 17:39:56.231,1.0469,1.04707,1.00,1.50
2015.06.24 17:39:56.932,1.04691,1.04707,1.00,1.50
2015.06.24 17:39:57.035,1.04694,1.04706,1.00,1.00
2015.06.24 17:39:57.546,1.04689,1.04699,1.00,1.00
2015.06.24 17:39:57.598,1.04684,1.04698,1.00,1.50
2015.06.24 17:39:57.700,1.04683,1.04696,1.00,1.00
2015.06.24 17:39:57.802,1.04681,1.04698,1.00,1.00
2015.06.24 17:39:58.007,1.04681,1.04696,1.00,1.00
2015.06.24 17:39:58.948,1.04681,1.04697,1.00,1.00
2015.06.24 17:40:00.988,1.04681,1.04686,1.00,1.00
2015.06.24 17:40:01.039,1.0468,1.04691,1.00,1.50
2015.06.24 17:40:01.091,1.04675,1.04689,1.00,1.00
2015.06.24 17:40:01.194,1.04675,1.04691,1.00,2.25
2015.06.24 17:40:01.664,1.04672,1.04689,1.00,1.00
2015.06.24 17:40:01.920,1.04675,1.0469,1.00,1.00
2015.06.24 17:40:02.074,1.04675,1.04692,1.50,1.00
2015.06.24 17:40:02.126,1.04678,1.04693,1.00,1.00
2015.06.24 17:40:03.371,1.04678,1.04692,1.00,1.00
2015.06.24 17:40:03.423,1.04675,1.04692,1.00,1.00
2015.06.24 17:40:05.073,1.04675,1.0469,1.00,1.00
2015.06.24 17:40:08.193,1.04672,1.0469,1.00,1.37
2015.06.24 17:40:12.750,1.04672,1.04687,1.00,1.00
2015.06.24 17:40:13.056,1.04668,1.04685,1.50,1.12
2015.06.24 17:40:13.608,1.04668,1.04687,1.50,3.75
2015.06.24 17:40:13.660,1.04666,1.04685,1.00,2.25
2015.06.24 17:40:14.168,1.04665,1.04683,1.50,1.00
2015.06.24 17:40:14.473,1.04665,1.04681,1.00,1.00
2015.06.24 17:40:15.318,1.04665,1.04679,1.00,1.12
2015.06.24 17:40:15.730,1.04662,1.04679,1.00,1.12
2015.06.24 17:40:16.240,1.04663,1.04679,1.00,1.12
2015.06.24 17:40:16.951,1.04662,1.0468,1.00,1.37
2015.06.24 17:40:17.465,1.04662,1.0468,1.00,1.12
2015.06.24 17:40:17.981,1.04662,1.04679,1.00,1.00
2015.06.24 17:40:18.135,1.04663,1.04681,1.00,2.62
2015.06.24 17:40:20.557,1.04662,1.0468,1.00,1.00
2015.06.24 17:40:21.067,1.04661,1.0468,1.50,1.00
2015.06.24 17:40:22.138,1.04664,1.04681,1.00,1.50
2015.06.24 17:40:22.342,1.04662,1.04681,1.50,1.00
2015.06.24 17:40:22.889,1.04661,1.0468,1.50,1.12
2015.06.24 17:40:23.093,1.04661,1.04679,1.00,1.37
2015.06.24 17:40:23.642,1.0466,1.04679,1.50,1.37
2015.06.24 17:40:26.070,1.04661,1.0468,1.00,2.25
2015.06.24 17:40:28.709,1.0466,1.04679,1.00,2.25
2015.06.24 17:40:28.812,1.04659,1.04678,1.00,1.87
2015.06.24 17:40:29.517,1.04657,1.04675,1.60,1.12
2015.06.24 17:40:30.179,1.04656,1.04675,1.50,2.62
2015.06.24 17:40:30.767,1.04655,1.04674,1.50,1.00
2015.06.24 17:40:31.224,1.04657,1.04672,1.00,1.00
2015.06.24 17:40:31.326,1.04654,1.04672,1.00,1.00
2015.06.24 17:40:31.835,1.04655,1.04672,1.00,1.00
2015.06.24 17:40:32.523,1.04655,1.04671,1.00,1.00
2015.06.24 17:40:33.037,1.04655,1.04673,1.00,2.62
2015.06.24 17:40:34.537,1.04656,1.04674,1.00,1.00
2015.06.24 17:40:34.692,1.04658,1.04676,1.00,1.00
2015.06.24 17:40:35.200,1.04658,1.04674,1.00,1.00
2015.06.24 17:40:44.154,1.04658,1.04673,1.00,1.00
2015.06.24 17:40:45.140,1.04658,1.04672,1.00,1.00
2015.06.24 17:40:45.906,1.04658,1.04673,1.00,1.00
2015.06.24 17:40:46.431,1.04658,1.04674,1.00,1.00
2015.06.24 17:40:47.633,1.04658,1.04675,1.00,1.00
2015.06.24 17:40:48.184,1.04658,1.04673,1.00,1.00
2015.06.24 17:40:48.440,1.04658,1.04675,1.00,1.87
2015.06.24 17:40:50.253,1.04658,1.04674,1.00,1.00
2015.06.24 17:40:51.388,1.04658,1.04673,1.00,1.00
2015.06.24 17:40:53.446,1.04658,1.04674,1.00,1.50
2015.06.24 17:40:54.026,1.04658,1.04673,1.00,1.00
2015.06.24 17:40:54.541,1.04658,1.04672,1.00,1.12
2015.06.24 17:40:54.643,1.04655,1.04672,1.00,1.12
2015.06.24 17:40:56.484,1.04655,1.04671,1.00,1.00
2015.06.24 17:40:56.586,1.04656,1.0467,1.00,1.37
2015.06.24 17:40:56.995,1.04656,1.04667,1.00,1.00
2015.06.24 17:40:57.801,1.04656,1.04668,1.00,1.00
2015.06.24 17:40:57.853,1.04656,1.04672,1.35,1.00
2015.06.24 17:40:59.299,1.04654,1.04671,1.60,1.00
2015.06.24 17:41:00.401,1.04656,1.04672,1.35,1.00
2015.06.24 17:41:01.052,1.04656,1.04671,1.35,1.00
2015.06.24 17:41:04.556,1.04656,1.0467,2.10,1.00
2015.06.24 17:41:05.077,1.04656,1.04669,2.10,1.00
2015.06.24 17:41:07.543,1.04656,1.04668,1.35,1.00
2015.06.24 17:41:08.238,1.04657,1.04668,1.00,1.00
2015.06.24 17:41:08.543,1.04654,1.04666,1.60,1.00
2015.06.24 17:41:12.792,1.04653,1.04665,1.00,1.00
2015.06.24 17:41:12.948,1.04653,1.04663,1.00,1.00
2015.06.24 17:41:13.597,1.04653,1.04665,1.00,1.12
2015.06.24 17:41:15.582,1.04653,1.04664,1.00,1.37
2015.06.24 17:41:16.191,1.04653,1.04662,1.00,1.00
2015.06.24 17:41:16.452,1.04653,1.04664,1.00,1.00
2015.06.24 17:41:17.887,1.04653,1.04665,1.00,1.00
2015.06.24 17:41:25.314,1.04653,1.04664,1.00,1.00
2015.06.24 17:41:25.365,1.04651,1.04663,1.00,1.00
2015.06.24 17:41:25.769,1.04651,1.04667,1.00,1.50
2015.06.24 17:41:26.278,1.04651,1.04669,1.50,1.37
2015.06.24 17:41:28.102,1.04651,1.04658,1.50,1.00
2015.06.24 17:41:31.001,1.04651,1.04663,2.25,1.00
2015.06.24 17:41:31.052,1.04651,1.04665,2.25,1.00
2015.06.24 17:41:32.151,1.04651,1.04666,2.25,1.00
2015.06.24 17:41:33.283,1.04654,1.04666,1.00,1.00
2015.06.24 17:41:33.891,1.04654,1.04668,1.00,1.00
2015.06.24 17:41:39.014,1.04654,1.04669,1.00,1.87
2015.06.24 17:41:39.845,1.04654,1.04668,1.00,1.00
2015.06.24 17:41:40.292,1.04654,1.04664,1.00,1.00
2015.06.24 17:41:40.446,1.0465,1.04663,1.50,1.00
2015.06.24 17:41:40.650,1.0465,1.04665,1.00,1.00
2015.06.24 17:41:41.191,1.0465,1.04667,2.25,1.50
2015.06.24 17:41:41.548,1.04651,1.04669,1.00,1.12
2015.06.24 17:41:42.209,1.04654,1.0467,1.00,1.87
2015.06.24 17:41:43.498,1.04654,1.04667,1.00,1.00
2015.06.24 17:41:44.008,1.04654,1.04659,1.00,1.00
2015.06.24 17:41:44.162,1.04646,1.04654,1.00,1.00
2015.06.24 17:41:44.609,1.04643,1.04654,1.35,1.00
2015.06.24 17:41:46.430,1.04644,1.04654,1.00,1.00
2015.06.24 17:41:47.152,1.04643,1.04654,1.35,1.00
2015.06.24 17:41:47.923,1.04643,1.04655,1.35,1.00
2015.06.24 17:41:48.319,1.04645,1.04654,1.00,1.00
2015.06.24 17:41:48.828,1.04645,1.04655,1.00,1.00
2015.06.24 17:41:49.890,1.04645,1.04656,1.00,1.00
2015.06.24 17:41:49.992,1.04643,1.04656,1.35,1.00
2015.06.24 17:41:50.145,1.04643,1.04658,1.35,1.12
2015.06.24 17:41:50.653,1.04643,1.04658,1.60,1.12
2015.06.24 17:41:52.147,1.04643,1.04658,1.35,1.12
2015.06.24 17:41:52.655,1.04645,1.04662,1.00,1.37
2015.06.24 17:41:53.769,1.04644,1.04662,1.35,1.37
2015.06.24 17:41:54.024,1.04644,1.04662,1.60,1.37
2015.06.24 17:41:58.511,1.04645,1.04661,1.60,1.37
2015.06.24 17:41:59.696,1.04644,1.04657,1.60,1.37
2015.06.24 17:42:00.204,1.04644,1.04657,1.60,1.12
2015.06.24 17:42:00.705,1.04645,1.04655,1.35,1.00
2015.06.24 17:42:01.238,1.04645,1.04656,2.10,1.12
2015.06.24 17:42:01.749,1.04645,1.04656,2.10,1.12
2015.06.24 17:42:02.334,1.04645,1.04661,2.85,1.37
2015.06.24 17:42:02.796,1.04645,1.04659,2.85,1.00
2015.06.24 17:42:04.094,1.04645,1.04658,2.85,1.00
2015.06.24 17:42:05.208,1.04645,1.04659,1.60,1.00
2015.06.24 17:42:05.313,1.04646,1.04663,1.60,1.12
2015.06.24 17:42:06.239,1.04647,1.04665,1.35,1.37
2015.06.24 17:42:08.146,1.04649,1.04664,1.00,1.37
2015.06.24 17:42:09.305,1.04649,1.04665,1.00,1.37
2015.06.24 17:42:09.358,1.04647,1.04664,2.10,1.37
2015.06.24 17:42:09.664,1.04647,1.04664,2.10,1.00
2015.06.24 17:42:10.174,1.04648,1.04664,1.00,1.00
2015.06.24 17:42:11.323,1.04648,1.04664,1.00,1.37
2015.06.24 17:42:11.711,1.04647,1.04664,2.85,1.00
2015.06.24 17:42:11.762,1.04657,1.04664,1.00,1.00
2015.06.24 17:42:11.813,1.04657,1.04666,1.00,1.00
2015.06.24 17:42:12.254,1.04656,1.04672,1.00,1.37
2015.06.24 17:42:12.458,1.04656,1.04672,1.00,1.12
2015.06.24 17:42:18.917,1.04656,1.04673,1.00,1.87
2015.06.24 17:42:19.449,1.04656,1.04673,1.00,1.87
2015.06.24 17:42:25.722,1.04655,1.04672,1.50,1.87
2015.06.24 17:42:26.228,1.04656,1.04672,1.00,1.37
2015.06.24 17:42:29.177,1.04656,1.04673,1.50,1.37
2015.06.24 17:42:32.151,1.04656,1.04673,1.50,1.12
2015.06.24 17:42:32.819,1.04656,1.04674,1.50,1.87
2015.06.24 17:42:40.863,1.04656,1.04673,1.00,1.00
2015.06.24 17:42:45.046,1.04658,1.04673,1.00,1.00
2015.06.24 17:42:45.558,1.04659,1.04673,1.00,1.00
2015.06.24 17:42:45.867,1.04659,1.0467,1.00,1.12
2015.06.24 17:42:46.071,1.04659,1.04674,1.00,1.50
2015.06.24 17:42:46.574,1.04659,1.04675,1.00,1.00
2015.06.24 17:42:47.083,1.04659,1.04674,1.00,1.00
2015.06.24 17:42:50.078,1.04659,1.04674,1.00,1.37
2015.06.24 17:42:50.181,1.04659,1.04674,1.00,1.37
2015.06.24 17:42:50.539,1.04659,1.04672,1.00,1.50
2015.06.24 17:42:50.693,1.04653,1.04666,3.00,1.00
2015.06.24 17:42:51.513,1.04653,1.04665,1.50,1.00
2015.06.24 17:42:52.024,1.04653,1.04666,2.10,1.00
2015.06.24 17:42:52.075,1.04656,1.04667,1.00,1.00
2015.06.24 17:42:52.179,1.04656,1.04672,1.50,1.00
2015.06.24 17:42:52.333,1.04659,1.04672,1.00,1.00
2015.06.24 17:42:52.728,1.04659,1.04675,1.00,1.50
2015.06.24 17:42:53.241,1.0466,1.04676,1.00,1.00
2015.06.24 17:42:53.395,1.04662,1.04677,1.00,1.50
2015.06.24 17:42:54.256,1.04661,1.04677,1.50,1.00
2015.06.24 17:42:55.659,1.0466,1.04676,1.50,1.00
2015.06.24 17:42:56.894,1.04661,1.04676,1.00,1.00
2015.06.24 17:42:58.444,1.0466,1.04676,1.12,1.00
2015.06.24 17:42:58.952,1.04659,1.04675,1.50,1.00
2015.06.24 17:42:59.258,1.04659,1.04673,1.00,1.00
2015.06.24 17:43:00.658,1.04659,1.04674,1.00,1.50
2015.06.24 17:43:07.307,1.04661,1.04675,1.00,1.00
2015.06.24 17:43:07.409,1.04661,1.04677,1.00,2.10
2015.06.24 17:43:09.519,1.04659,1.04676,1.50,1.35
2015.06.24 17:43:10.392,1.04659,1.04675,1.00,1.00
2015.06.24 17:43:12.402,1.0466,1.04675,1.00,1.00
2015.06.24 17:43:12.918,1.04659,1.04676,2.62,1.00
2015.06.24 17:43:13.574,1.04659,1.04675,2.25,1.00
2015.06.24 17:43:16.252,1.04661,1.04675,1.00,1.00
2015.06.24 17:43:16.762,1.04661,1.04676,1.12,1.00
2015.06.24 17:43:18.301,1.04659,1.04675,2.62,1.00
2015.06.24 17:43:19.219,1.0466,1.04676,1.37,1.35
2015.06.24 17:43:21.587,1.0466,1.04676,1.00,1.12
2015.06.24 17:43:21.790,1.04655,1.04674,1.50,1.87
2015.06.24 17:43:24.498,1.04655,1.04672,1.00,1.00
2015.06.24 17:43:25.006,1.04655,1.04673,1.00,1.12
2015.06.24 17:43:25.883,1.04655,1.04673,1.00,1.37
2015.06.24 17:43:30.712,1.04655,1.04673,1.12,1.00
2015.06.24 17:43:30.814,1.04659,1.04674,1.00,1.00
2015.06.24 17:43:34.929,1.04659,1.04675,1.50,1.50
2015.06.24 17:43:36.477,1.04659,1.04675,2.62,1.50
2015.06.24 17:43:36.680,1.04662,1.04679,2.25,2.85
2015.06.24 17:43:36.732,1.04666,1.04679,1.00,2.10
2015.06.24 17:43:36.783,1.04663,1.04679,1.00,2.10
2015.06.24 17:43:37.631,1.04662,1.04675,1.00,1.00
2015.06.24 17:43:37.683,1.04659,1.04675,1.00,1.00
2015.06.24 17:43:38.805,1.04664,1.04679,1.00,1.60
2015.06.24 17:43:38.857,1.04664,1.04682,1.00,1.00
2015.06.24 17:43:38.909,1.04666,1.04683,1.00,2.25
2015.06.24 17:43:39.268,1.04668,1.04684,1.00,1.00
2015.06.24 17:43:39.830,1.04667,1.04684,1.00,1.50
2015.06.24 17:43:40.341,1.04669,1.04684,1.00,1.50
2015.06.24 17:43:42.969,1.04671,1.04684,1.00,1.00
2015.06.24 17:43:43.318,1.04676,1.04689,1.00,2.10
2015.06.24 17:43:43.827,1.04675,1.04689,1.00,3.60
2015.06.24 17:43:44.429,1.04674,1.04689,1.00,3.60
2015.06.24 17:43:44.532,1.04672,1.04688,1.00,1.00
2015.06.24 17:43:44.634,1.04674,1.04687,1.00,1.00
2015.06.24 17:43:44.737,1.04672,1.04691,2.25,1.50
2015.06.24 17:43:44.992,1.04674,1.04691,1.00,1.00
2015.06.24 17:43:45.610,1.04675,1.04691,1.00,1.00
2015.06.24 17:43:46.838,1.04674,1.04691,2.25,1.00
2015.06.24 17:43:47.382,1.04675,1.04692,1.00,1.50
2015.06.24 17:43:47.942,1.04674,1.04692,1.00,1.00
2015.06.24 17:43:50.920,1.04675,1.04691,1.00,1.00
2015.06.24 17:43:51.241,1.04678,1.04693,1.00,1.50
2015.06.24 17:43:51.808,1.04677,1.04693,1.50,1.00
2015.06.24 17:43:52.590,1.04678,1.04693,1.00,1.00
2015.06.24 17:43:53.418,1.04677,1.04693,1.00,1.50
2015.06.24 17:43:53.744,1.04674,1.04691,1.00,1.00
2015.06.24 17:43:54.282,1.04675,1.04693,1.00,1.50
2015.06.24 17:43:54.487,1.04675,1.04691,1.00,1.50
2015.06.24 17:43:54.797,1.04671,1.0469,2.25,1.00
2015.06.24 17:43:54.951,1.04673,1.04691,1.00,1.50
2015.06.24 17:43:55.547,1.04674,1.0469,1.00,1.00
2015.06.24 17:43:56.071,1.04674,1.04689,1.00,1.50
2015.06.24 17:44:00.016,1.04671,1.04687,1.00,1.00
2015.06.24 17:44:00.588,1.04671,1.04688,1.00,1.00
2015.06.24 17:44:03.794,1.04671,1.04685,1.00,1.00
2015.06.24 17:44:04.708,1.04671,1.04686,1.00,1.00
2015.06.24 17:44:05.059,1.04672,1.0469,1.50,1.00
2015.06.24 17:44:05.569,1.04671,1.04689,2.25,1.00
2015.06.24 17:44:08.915,1.04674,1.04689,1.00,1.00
2015.06.24 17:44:10.595,1.04674,1.04683,1.00,1.00
2015.06.24 17:44:10.646,1.04674,1.04688,1.00,1.00
2015.06.24 17:44:10.749,1.0467,1.04687,1.00,1.00
2015.06.24 17:44:10.800,1.04673,1.04687,1.00,1.00
2015.06.24 17:44:10.954,1.04673,1.04689,1.00,1.00
2015.06.24 17:44:12.003,1.04673,1.0469,1.00,3.75
2015.06.24 17:44:14.374,1.04673,1.04687,1.00,1.00
2015.06.24 17:44:14.629,1.04668,1.04684,1.50,1.00
2015.06.24 17:44:14.681,1.04668,1.04687,1.50,4.50
2015.06.24 17:44:15.110,1.04681,1.04686,1.00,3.75
2015.06.24 17:44:15.527,1.04683,1.04688,1.00,5.25
2015.06.24 17:44:15.833,1.04686,1.0469,1.00,2.25
2015.06.24 17:44:16.325,1.04683,1.04687,1.00,1.00
2015.06.24 17:44:16.377,1.04677,1.04683,1.00,1.00
2015.06.24 17:44:16.429,1.04677,1.04681,1.00,1.00
2015.06.24 17:44:16.480,1.04675,1.04681,1.00,1.00
2015.06.24 17:44:16.532,1.04672,1.04679,1.00,1.00
2015.06.24 17:44:16.583,1.0467,1.04679,1.00,3.75
2015.06.24 17:44:16.635,1.04668,1.04672,1.00,1.00
2015.06.24 17:44:16.738,1.0467,1.04675,1.00,1.00
2015.06.24 17:44:17.234,1.04669,1.04673,1.00,1.00
2015.06.24 17:44:17.286,1.0467,1.04675,1.00,1.00
2015.06.24 17:44:17.338,1.04668,1.04675,1.00,1.00
2015.06.24 17:44:17.735,1.04668,1.04672,1.00,1.00
2015.06.24 17:44:17.837,1.04668,1.04674,1.00,1.50
2015.06.24 17:44:18.048,1.04671,1.04675,1.00,1.50
2015.06.24 17:44:19.321,1.04669,1.04673,1.00,1.00
2015.06.24 17:44:20.168,1.04669,1.04674,1.00,1.00
2015.06.24 17:44:20.621,1.04668,1.04672,1.00,1.00
2015.06.24 17:44:21.116,1.0467,1.04674,1.00,1.00
2015.06.24 17:44:21.176,1.04672,1.04676,1.00,1.00
2015.06.24 17:44:24.017,1.04673,1.04677,1.00,1.50
2015.06.24 17:44:24.904,1.04675,1.04679,1.00,1.50
2015.06.24 17:44:25.215,1.04675,1.04679,1.00,1.00
2015.06.24 17:44:25.318,1.04679,1.04684,1.00,1.50
2015.06.24 17:44:25.421,1.0468,1.04685,1.00,1.50
2015.06.24 17:44:26.033,1.0468,1.04684,1.00,1.00
2015.06.24 17:44:26.716,1.04679,1.04684,1.00,1.87
2015.06.24 17:44:27.483,1.04679,1.04684,1.00,1.87
2015.06.24 17:44:28.004,1.04678,1.04682,1.00,1.12
2015.06.24 17:44:28.532,1.0468,1.04685,1.00,1.12
2015.06.24 17:44:28.737,1.04681,1.04686,1.00,1.12
2015.06.24 17:44:29.264,1.04679,1.04684,1.00,1.00
2015.06.24 17:44:29.569,1.04677,1.04681,1.00,1.00
2015.06.24 17:44:30.129,1.04678,1.04682,1.00,1.00
2015.06.24 17:44:30.704,1.04677,1.04682,1.00,1.37
2015.06.24 17:44:30.806,1.04679,1.04684,1.00,1.00
2015.06.24 17:44:31.315,1.0468,1.04685,1.00,1.87
2015.06.24 17:44:32.484,1.0468,1.04686,1.00,1.00
2015.06.24 17:44:32.637,1.0468,1.04686,1.00,1.37
2015.06.24 17:44:33.146,1.04679,1.04683,1.00,1.00
2015.06.24 17:44:34.014,1.0468,1.04684,1.00,1.00
2015.06.24 17:44:34.067,1.0468,1.04688,1.00,1.50
2015.06.24 17:44:38.953,1.04671,1.04688,1.50,1.50
2015.06.24 17:44:42.836,1.04671,1.04688,1.50,1.72
2015.06.24 17:44:43.445,1.04671,1.04688,2.25,1.00
2015.06.24 17:44:47.570,1.04671,1.04687,1.00,1.00
2015.06.24 17:44:48.413,1.04671,1.04688,1.50,1.00
2015.06.24 17:44:48.465,1.04673,1.04688,1.00,1.00
2015.06.24 17:44:49.018,1.04677,1.04691,1.00,1.60
2015.06.24 17:44:50.899,1.04677,1.04691,1.00,1.60
2015.06.24 17:44:51.424,1.04677,1.04691,1.00,1.60
2015.06.24 17:44:58.197,1.04677,1.04691,1.00,1.60
2015.06.24 17:44:59.676,1.04675,1.0469,1.00,1.60
2015.06.24 17:45:00.257,1.04675,1.04691,1.00,1.35
2015.06.24 17:45:00.412,1.04677,1.04692,1.00,1.60
2015.06.24 17:45:00.875,1.04675,1.04692,1.00,1.60
2015.06.24 17:45:00.979,1.04675,1.04692,1.00,1.60
2015.06.24 17:45:01.487,1.04675,1.04692,1.50,1.60
2015.06.24 17:45:01.998,1.04676,1.04691,1.00,1.60
2015.06.24 17:45:02.523,1.04675,1.04691,1.50,1.60
2015.06.24 17:45:03.024,1.04676,1.04691,1.00,1.60
2015.06.24 17:45:03.564,1.04675,1.04691,1.50,1.60
2015.06.24 17:45:04.078,1.04675,1.04689,1.00,1.35
2015.06.24 17:45:05.244,1.04675,1.04688,1.00,1.00
2015.06.24 17:45:07.462,1.04675,1.04688,1.00,1.60
2015.06.24 17:45:07.943,1.04671,1.04684,1.00,1.00
2015.06.24 17:45:08.657,1.04671,1.04685,1.00,1.00
2015.06.24 17:45:09.853,1.04671,1.04686,1.00,1.50
2015.06.24 17:45:19.281,1.04672,1.04686,1.00,1.35
2015.06.24 17:45:20.651,1.04671,1.04686,1.00,1.72
2015.06.24 17:45:20.702,1.04671,1.04686,1.00,1.72
2015.06.24 17:45:21.594,1.04672,1.04686,1.00,1.00
2015.06.24 17:45:22.123,1.04673,1.04686,1.00,1.00
2015.06.24 17:45:22.174,1.04675,1.04686,1.00,1.00
2015.06.24 17:45:22.938,1.04675,1.04688,1.50,2.10
2015.06.24 17:45:23.474,1.04675,1.04688,1.00,1.60
2015.06.24 17:45:23.627,1.04673,1.04688,1.50,2.10
2015.06.24 17:45:28.564,1.04674,1.04688,1.00,2.10
2015.06.24 17:45:41.898,1.04672,1.04688,2.25,2.10
2015.06.24 17:45:42.628,1.04674,1.04688,1.00,2.10
2015.06.24 17:45:43.209,1.04673,1.04688,1.00,2.10
2015.06.24 17:45:44.653,1.04674,1.04688,1.00,2.10
2015.06.24 17:45:47.076,1.04673,1.04688,1.00,2.10
2015.06.24 17:45:49.173,1.04674,1.04688,1.00,2.10
2015.06.24 17:45:54.348,1.04675,1.04688,1.00,2.10
2015.06.24 17:45:54.786,1.04669,1.04685,1.00,1.00
2015.06.24 17:45:56.264,1.04669,1.04684,1.00,1.00
2015.06.24 17:45:57.189,1.04671,1.04685,1.00,1.00
2015.06.24 17:45:57.493,1.04673,1.04686,1.00,1.35
2015.06.24 17:45:58.155,1.04672,1.04686,1.50,1.35
2015.06.24 17:45:58.460,1.04674,1.04686,1.00,1.35
2015.06.24 17:45:59.813,1.04673,1.04686,1.00,1.35
2015.06.24 17:46:01.835,1.04674,1.04688,1.00,1.60
2015.06.24 17:46:02.384,1.04673,1.04687,1.00,1.60
2015.06.24 17:46:03.996,1.04674,1.04687,1.00,1.60
2015.06.24 17:46:04.526,1.04673,1.04687,1.00,1.60
2015.06.24 17:46:06.893,1.04675,1.04687,1.00,1.60
2015.06.24 17:46:08.299,1.04676,1.04688,1.00,2.85
2015.06.24 17:46:08.504,1.04673,1.04688,1.00,1.60
2015.06.24 17:46:09.088,1.04672,1.04687,1.50,1.60
2015.06.24 17:46:11.702,1.0467,1.04685,1.00,1.35
2015.06.24 17:46:14.870,1.0467,1.04686,1.00,1.35
2015.06.24 17:46:14.921,1.04672,1.04686,1.00,1.60
2015.06.24 17:46:15.554,1.04678,1.04686,1.00,1.00
2015.06.24 17:46:15.605,1.04678,1.0469,1.00,2.10
2015.06.24 17:46:15.656,1.0468,1.04691,1.00,2.10
2015.06.24 17:46:15.962,1.04682,1.04691,1.00,2.10
2015.06.24 17:46:17.007,1.04681,1.04691,1.00,2.10
2015.06.24 17:46:17.530,1.0468,1.04691,1.00,2.10
2015.06.24 17:46:19.024,1.04673,1.04688,1.00,1.60
2015.06.24 17:46:20.952,1.04673,1.04685,1.00,2.10
2015.06.24 17:46:21.159,1.0467,1.04684,1.00,2.10
2015.06.24 17:46:21.567,1.0467,1.04682,1.00,2.10
2015.06.24 17:46:21.986,1.04667,1.04681,1.00,1.60
2015.06.24 17:46:22.139,1.04667,1.04681,1.00,1.35
2015.06.24 17:46:36.273,1.04667,1.04683,2.25,1.60
2015.06.24 17:46:36.477,1.04669,1.04683,1.00,1.60
2015.06.24 17:46:37.323,1.0467,1.04684,1.37,1.60
2015.06.24 17:46:37.863,1.0467,1.04684,1.12,1.60
2015.06.24 17:46:39.770,1.0467,1.04684,1.37,1.60
2015.06.24 17:46:40.279,1.0467,1.04684,1.00,1.60
2015.06.24 17:46:45.449,1.0467,1.04684,1.37,1.60
2015.06.24 17:46:45.755,1.04673,1.04685,1.00,2.10
2015.06.24 17:46:46.448,1.04678,1.04686,1.00,1.35
2015.06.24 17:46:46.500,1.0467,1.04682,1.00,2.85
2015.06.24 17:46:46.653,1.04665,1.04678,1.00,1.00
2015.06.24 17:46:47.210,1.04668,1.04679,1.00,1.00
2015.06.24 17:46:47.263,1.04668,1.04683,1.00,1.00
2015.06.24 17:46:47.366,1.04671,1.04684,1.00,1.00
2015.06.24 17:46:47.419,1.04671,1.04686,1.00,1.00
2015.06.24 17:46:47.471,1.04671,1.04689,3.75,1.00
2015.06.24 17:46:47.575,1.04674,1.04689,1.00,1.00
2015.06.24 17:46:48.264,1.04674,1.0469,1.00,1.00
2015.06.24 17:46:48.571,1.04671,1.04684,1.00,1.00
2015.06.24 17:46:50.083,1.04671,1.04685,1.00,1.00
2015.06.24 17:46:50.389,1.04671,1.04689,1.50,1.00
2015.06.24 17:46:50.799,1.04674,1.04689,1.00,1.00
2015.06.24 17:46:51.056,1.04674,1.04691,1.00,1.00
2015.06.24 17:46:51.570,1.04674,1.04692,1.50,1.00
2015.06.24 17:46:52.221,1.04676,1.04692,1.00,1.00
2015.06.24 17:46:52.729,1.04677,1.04692,1.00,1.00
2015.06.24 17:46:53.236,1.04677,1.04691,1.00,1.00
2015.06.24 17:46:55.283,1.04677,1.04689,1.00,1.00
2015.06.24 17:46:55.391,1.04674,1.04689,1.50,1.00
2015.06.24 17:46:55.941,1.04674,1.0469,2.25,1.50
2015.06.24 17:46:56.953,1.04685,1.04689,1.00,1.50
2015.06.24 17:46:59.765,1.04684,1.04688,1.00,1.00
2015.06.24 17:47:00.072,1.04685,1.04689,1.00,2.25
2015.06.24 17:47:01.070,1.0468,1.04689,1.00,1.00
2015.06.24 17:47:01.125,1.04684,1.0469,1.00,2.10
2015.06.24 17:47:01.636,1.04684,1.04688,1.00,1.00
2015.06.24 17:47:01.738,1.04674,1.04682,1.00,1.00
2015.06.24 17:47:02.043,1.04674,1.04678,1.00,1.00
2015.06.24 17:47:02.450,1.04676,1.0468,1.00,1.00
2015.06.24 17:47:02.502,1.04677,1.04682,1.00,2.25
2015.06.24 17:47:02.655,1.04679,1.04683,1.00,1.00
2015.06.24 17:47:02.961,1.04681,1.04685,1.00,1.00
2015.06.24 17:47:03.512,1.04681,1.04687,1.00,1.60
2015.06.24 17:47:03.572,1.04683,1.04689,1.00,1.00
2015.06.24 17:47:03.623,1.04681,1.04689,1.00,1.00
2015.06.24 17:47:03.828,1.04681,1.04687,1.00,1.00
2015.06.24 17:47:04.032,1.04678,1.04686,1.00,1.50
2015.06.24 17:47:04.599,1.04678,1.04688,1.00,1.50
2015.06.24 17:47:05.155,1.04678,1.04689,1.00,1.00
2015.06.24 17:47:06.242,1.04674,1.04689,1.00,1.50
2015.06.24 17:47:06.752,1.04675,1.0469,1.00,1.00
2015.06.24 17:47:06.804,1.04676,1.04692,1.00,1.00
2015.06.24 17:47:07.387,1.04676,1.0469,1.00,1.00
2015.06.24 17:47:07.439,1.04676,1.04692,1.00,1.50
2015.06.24 17:47:07.800,1.04677,1.04694,1.00,1.00
2015.06.24 17:47:08.158,1.04679,1.04693,1.00,1.00
2015.06.24 17:47:09.030,1.04679,1.04693,1.50,1.37
2015.06.24 17:47:09.286,1.04679,1.04694,1.00,1.00
2015.06.24 17:47:09.440,1.0468,1.04696,1.50,1.00
2015.06.24 17:47:09.542,1.04684,1.04698,1.00,1.37
2015.06.24 17:47:10.062,1.04684,1.04699,1.00,1.37
2015.06.24 17:47:11.994,1.04684,1.04699,1.50,1.12
2015.06.24 17:47:12.299,1.04693,1.04702,1.00,1.12
2015.06.24 17:47:12.972,1.0469,1.04702,1.00,1.00
2015.06.24 17:47:13.131,1.04688,1.04702,1.00,1.00
2015.06.24 17:47:13.182,1.04688,1.047,1.00,1.00
2015.06.24 17:47:14.424,1.04687,1.047,1.00,1.12
2015.06.24 17:47:14.932,1.04687,1.04699,1.00,1.00
2015.06.24 17:47:16.379,1.04687,1.047,1.00,1.37
2015.06.24 17:47:17.969,1.0469,1.04704,1.50,1.75
2015.06.24 17:47:18.020,1.0469,1.04706,1.50,1.35
2015.06.24 17:47:18.529,1.04691,1.04706,1.00,2.10
2015.06.24 17:47:19.322,1.04693,1.047,1.00,6.37
2015.06.24 17:47:19.988,1.04692,1.04696,1.00,6.37
2015.06.24 17:47:20.141,1.0469,1.04694,1.00,6.37
2015.06.24 17:47:21.126,1.04691,1.04695,1.00,6.37
2015.06.24 17:47:21.699,1.0469,1.04694,1.50,6.37
2015.06.24 17:47:22.058,1.04687,1.04693,1.00,6.37
2015.06.24 17:47:24.417,1.04691,1.04695,1.00,6.37
2015.06.24 17:47:24.925,1.04689,1.04694,2.25,6.37
2015.06.24 17:47:25.790,1.04687,1.04693,1.00,6.37
2015.06.24 17:47:27.038,1.0469,1.04694,1.00,6.37
2015.06.24 17:47:31.947,1.0469,1.04704,1.00,3.75
2015.06.24 17:47:34.712,1.0469,1.04705,1.00,4.50
2015.06.24 17:47:36.473,1.0469,1.04706,1.50,1.00
2015.06.24 17:47:36.626,1.04695,1.04707,1.00,3.00
2015.06.24 17:47:36.728,1.04696,1.04713,1.00,2.62
2015.06.24 17:47:37.206,1.04699,1.04713,1.00,1.37
2015.06.24 17:47:37.258,1.04699,1.04714,1.00,1.00
2015.06.24 17:47:37.766,1.04699,1.04715,1.50,1.50
2015.06.24 17:47:39.026,1.04699,1.04714,1.50,1.00
2015.06.24 17:47:39.656,1.04699,1.04716,1.00,1.00
2015.06.24 17:47:40.250,1.047,1.04716,1.00,1.00
2015.06.24 17:47:40.811,1.04701,1.04716,1.00,1.00
2015.06.24 17:47:42.432,1.047,1.04716,1.00,1.35
2015.06.24 17:47:43.060,1.04699,1.04715,1.50,1.00
2015.06.24 17:47:44.781,1.04699,1.04714,1.00,1.00
2015.06.24 17:47:45.308,1.04699,1.04715,1.00,1.00
2015.06.24 17:47:46.133,1.04699,1.04714,1.00,1.12
2015.06.24 17:47:47.783,1.04699,1.04714,1.00,3.00
2015.06.24 17:47:48.292,1.04699,1.04713,1.00,1.87
2015.06.24 17:47:49.499,1.04699,1.04713,1.00,1.00
2015.06.24 17:47:49.806,1.04702,1.04711,1.00,1.37
2015.06.24 17:47:50.315,1.04702,1.04711,1.00,1.12
2015.06.24 17:47:50.729,1.04702,1.04711,1.00,1.37
2015.06.24 17:47:51.237,1.04702,1.04711,1.00,1.37
2015.06.24 17:47:51.289,1.047,1.04711,1.00,1.12
2015.06.24 17:47:51.341,1.04697,1.04711,1.00,1.12
2015.06.24 17:47:51.955,1.04699,1.04713,1.00,1.12
2015.06.24 17:47:52.268,1.04701,1.04713,1.00,1.00
2015.06.24 17:47:52.816,1.04701,1.04714,1.00,1.50
2015.06.24 17:47:53.675,1.04699,1.04714,1.00,1.50
2015.06.24 17:47:54.184,1.04698,1.04713,1.00,1.00
2015.06.24 17:47:54.717,1.04698,1.04712,1.00,1.00
2015.06.24 17:47:56.495,1.04697,1.04712,1.00,1.00
2015.06.24 17:47:59.132,1.04697,1.04711,1.00,1.00
2015.06.24 17:48:00.326,1.04697,1.0471,1.00,1.00
2015.06.24 17:48:00.531,1.04697,1.0471,1.00,1.87
2015.06.24 17:48:00.582,1.04693,1.04709,1.00,1.37
2015.06.24 17:48:01.638,1.04693,1.04706,1.00,1.00
2015.06.24 17:48:02.147,1.04692,1.04706,1.00,1.00
2015.06.24 17:48:02.657,1.04692,1.04707,1.00,1.50
2015.06.24 17:48:03.050,1.04687,1.04705,1.00,2.47
2015.06.24 17:48:03.356,1.04683,1.04696,1.00,1.00
2015.06.24 17:48:03.867,1.04683,1.04695,1.00,1.00
2015.06.24 17:48:04.021,1.04681,1.04695,1.00,1.00
2015.06.24 17:48:04.534,1.04681,1.04694,1.00,1.00
2015.06.24 17:48:04.637,1.04679,1.04693,1.00,1.00
2015.06.24 17:48:05.149,1.04678,1.04691,1.00,1.00
2015.06.24 17:48:06.379,1.04677,1.04691,1.00,1.00
2015.06.24 17:48:06.482,1.04675,1.04691,1.00,1.00
2015.06.24 17:48:08.016,1.04675,1.04692,1.00,1.00
2015.06.24 17:48:09.281,1.04675,1.04691,1.00,1.37
2015.06.24 17:48:09.434,1.04673,1.04691,1.00,1.37
2015.06.24 17:48:09.943,1.04673,1.04691,1.00,1.12
2015.06.24 17:48:10.803,1.04672,1.04691,1.50,1.12
2015.06.24 17:48:11.313,1.04672,1.04691,1.50,1.87
2015.06.24 17:48:12.526,1.04672,1.04683,1.00,1.00
2015.06.24 17:48:12.679,1.04669,1.04683,1.00,1.00
2015.06.24 17:48:12.730,1.04669,1.04687,1.00,1.72
2015.06.24 17:48:13.240,1.04669,1.04687,1.00,1.35
2015.06.24 17:48:14.178,1.0467,1.04687,1.00,1.35
2015.06.24 17:48:14.691,1.04671,1.04688,1.50,1.60
2015.06.24 17:48:15.309,1.04669,1.04686,1.00,1.60
2015.06.24 17:48:15.616,1.04666,1.04682,1.00,1.50
2015.06.24 17:48:16.396,1.04666,1.0468,1.00,1.00
2015.06.24 17:48:16.448,1.04667,1.04683,1.00,1.37
2015.06.24 17:48:18.161,1.04667,1.04681,1.00,1.00
2015.06.24 17:48:18.927,1.04667,1.04682,1.00,1.87
2015.06.24 17:48:19.283,1.04667,1.04682,1.00,2.62
2015.06.24 17:48:19.488,1.04664,1.04678,1.00,1.87
2015.06.24 17:48:19.539,1.04664,1.04676,1.00,1.00
2015.06.24 17:48:19.693,1.0466,1.04676,1.00,1.00
2015.06.24 17:48:20.261,1.0466,1.04675,1.00,1.00
2015.06.24 17:48:20.515,1.0466,1.04677,1.00,1.00
2015.06.24 17:48:22.181,1.0466,1.04676,1.50,1.00
2015.06.24 17:48:23.570,1.0466,1.04674,1.00,1.00
2015.06.24 17:48:25.156,1.0466,1.04673,1.00,1.00
2015.06.24 17:48:27.472,1.0466,1.04675,1.00,1.00
2015.06.24 17:48:27.576,1.0466,1.04677,1.00,1.50
2015.06.24 17:48:29.396,1.0466,1.04675,1.00,1.00
2015.06.24 17:48:30.063,1.04657,1.04673,1.60,1.00
2015.06.24 17:48:30.522,1.04658,1.04676,2.10,1.50
2015.06.24 17:48:30.725,1.0466,1.04676,1.00,1.00
2015.06.24 17:48:31.345,1.0466,1.04678,1.00,2.25
2015.06.24 17:48:31.972,1.0466,1.04676,1.00,1.00
2015.06.24 17:48:33.043,1.0466,1.04675,1.00,1.12
2015.06.24 17:48:33.298,1.0466,1.04678,1.00,1.00
2015.06.24 17:48:33.452,1.04661,1.0468,1.50,1.50
2015.06.24 17:48:33.554,1.04663,1.0468,1.00,1.00
2015.06.24 17:48:34.129,1.04663,1.04679,1.00,1.00
2015.06.24 17:48:34.639,1.04663,1.04676,1.00,1.00
2015.06.24 17:48:34.945,1.04663,1.04678,1.00,1.50
2015.06.24 17:48:35.625,1.04663,1.04677,1.00,1.00
2015.06.24 17:48:35.931,1.0466,1.04678,1.00,1.00
2015.06.24 17:48:36.714,1.04662,1.0468,1.00,1.00
2015.06.24 17:48:37.225,1.04663,1.04681,1.00,1.00
2015.06.24 17:48:40.596,1.04663,1.04682,1.50,1.00
2015.06.24 17:48:41.053,1.04663,1.0468,1.00,1.00
2015.06.24 17:48:41.818,1.04663,1.04682,3.00,1.37
2015.06.24 17:48:42.326,1.04664,1.04682,1.00,1.00
2015.06.24 17:48:42.632,1.04666,1.04683,1.00,1.00
2015.06.24 17:48:43.256,1.04666,1.04684,1.00,1.00
2015.06.24 17:48:44.213,1.04667,1.04684,1.00,1.12
2015.06.24 17:48:44.723,1.04668,1.04684,1.00,1.00
2015.06.24 17:48:45.232,1.04668,1.04685,1.00,1.00
2015.06.24 17:48:45.791,1.04669,1.04685,1.00,1.00
2015.06.24 17:48:46.301,1.04669,1.04686,1.00,1.50
2015.06.24 17:48:47.704,1.04668,1.04686,1.00,1.87
2015.06.24 17:48:47.758,1.04666,1.04685,3.00,1.12
2015.06.24 17:48:47.861,1.04666,1.04685,2.25,1.87
2015.06.24 17:48:48.169,1.04671,1.04685,1.00,1.00
2015.06.24 17:48:48.476,1.04678,1.0469,1.00,2.47
2015.06.24 17:48:48.760,1.04676,1.0469,1.00,1.72
2015.06.24 17:48:49.307,1.04675,1.0469,1.00,1.72
2015.06.24 17:48:49.839,1.04675,1.0469,1.00,1.87
2015.06.24 17:48:50.346,1.04676,1.04693,1.00,1.50
2015.06.24 17:48:52.311,1.04676,1.04693,1.00,1.00
2015.06.24 17:48:52.850,1.04676,1.04694,1.00,1.00
2015.06.24 17:48:57.430,1.04676,1.04693,1.00,1.12
2015.06.24 17:48:57.971,1.04677,1.04692,1.00,1.00
2015.06.24 17:48:58.529,1.04677,1.04693,1.00,1.00
2015.06.24 17:48:59.286,1.04676,1.04693,1.00,1.00
2015.06.24 17:48:59.795,1.04676,1.0469,1.00,1.00
2015.06.24 17:49:00.377,1.04676,1.04691,1.00,1.87
2015.06.24 17:49:00.632,1.04674,1.04691,1.00,1.87
2015.06.24 17:49:00.683,1.04674,1.04691,1.00,1.37
2015.06.24 17:49:01.702,1.04673,1.04691,1.00,2.25
2015.06.24 17:49:02.156,1.04675,1.0469,1.00,2.25
2015.06.24 17:49:02.749,1.04675,1.04689,1.00,1.00
2015.06.24 17:49:03.276,1.04674,1.04689,1.00,1.37
2015.06.24 17:49:04.135,1.04674,1.04689,1.00,1.00
2015.06.24 17:49:05.430,1.04675,1.0469,1.00,1.12
2015.06.24 17:49:05.735,1.04677,1.04691,1.00,1.12
2015.06.24 17:49:07.402,1.04676,1.04692,1.00,1.37
2015.06.24 17:49:14.165,1.04676,1.04688,1.00,1.00
2015.06.24 17:49:14.318,1.04676,1.0469,1.00,1.87
2015.06.24 17:49:14.979,1.04676,1.04689,1.00,1.00
2015.06.24 17:49:15.471,1.04673,1.0469,1.00,2.62
2015.06.24 17:49:16.186,1.04673,1.0469,1.00,1.50
2015.06.24 17:49:16.289,1.04673,1.04686,1.00,1.00
2015.06.24 17:49:16.340,1.04673,1.04689,1.00,2.62
2015.06.24 17:49:17.434,1.04673,1.04689,1.00,2.62
2015.06.24 17:49:17.973,1.04673,1.04689,1.00,1.87
2015.06.24 17:49:22.202,1.04673,1.0469,1.00,1.50
2015.06.24 17:49:22.722,1.04673,1.04689,1.00,1.12
2015.06.24 17:49:25.542,1.04673,1.04688,1.00,1.00
2015.06.24 17:49:26.047,1.04673,1.04687,1.00,1.00
2015.06.24 17:49:26.555,1.04673,1.04686,1.00,1.00
2015.06.24 17:49:27.109,1.04673,1.04687,1.00,1.00
2015.06.24 17:49:27.886,1.04673,1.04685,1.00,1.00
2015.06.24 17:49:28.394,1.04673,1.04684,1.00,1.00
2015.06.24 17:49:29.336,1.04669,1.04685,1.00,1.00
2015.06.24 17:49:31.079,1.04669,1.04684,1.00,1.00
2015.06.24 17:49:33.111,1.04669,1.04685,1.00,1.00
2015.06.24 17:49:33.621,1.04669,1.04684,1.00,1.00
2015.06.24 17:49:33.776,1.04669,1.04681,1.00,1.00
2015.06.24 17:49:34.364,1.04669,1.04679,1.00,1.00
2015.06.24 17:49:35.971,1.04667,1.04679,1.00,1.00
2015.06.24 17:49:36.787,1.04667,1.0468,1.00,1.00
2015.06.24 17:49:38.381,1.04665,1.0468,1.00,1.00
2015.06.24 17:49:41.255,1.04665,1.04681,1.00,1.00
2015.06.24 17:49:41.843,1.04665,1.04682,1.00,1.12
2015.06.24 17:49:42.900,1.04665,1.04681,1.00,1.12
2015.06.24 17:49:43.476,1.04665,1.0468,1.00,1.12
2015.06.24 17:49:44.002,1.04665,1.04679,1.00,1.00
2015.06.24 17:49:44.892,1.04665,1.04678,1.00,1.00
2015.06.24 17:49:45.467,1.04665,1.04682,1.50,1.50
2015.06.24 17:49:45.977,1.04665,1.04683,1.50,1.00
2015.06.24 17:49:46.794,1.04665,1.04684,3.00,1.00
2015.06.24 17:49:47.304,1.04666,1.04684,1.00,1.00
2015.06.24 17:49:49.469,1.04666,1.04685,1.50,1.87
2015.06.24 17:49:51.888,1.04669,1.04685,1.00,1.87
2015.06.24 17:49:53.065,1.04668,1.04685,1.00,1.50
2015.06.24 17:49:53.269,1.04666,1.04684,1.00,1.00
2015.06.24 17:49:55.077,1.04666,1.04683,1.00,1.00
2015.06.24 17:49:55.890,1.04666,1.04683,1.00,2.62
2015.06.24 17:49:56.814,1.04666,1.04683,1.00,2.62
2015.06.24 17:49:57.683,1.04667,1.04681,1.00,1.12
2015.06.24 17:50:00.436,1.04667,1.0468,1.00,1.00
2015.06.24 17:50:01.298,1.04666,1.04679,1.50,1.00
2015.06.24 17:50:01.405,1.04666,1.04681,1.50,1.12
2015.06.24 17:50:02.480,1.04666,1.0468,1.50,1.00
2015.06.24 17:50:04.053,1.04666,1.04679,1.50,1.00
2015.06.24 17:50:04.597,1.04666,1.04681,1.50,1.87
2015.06.24 17:50:09.876,1.04666,1.04679,1.00,1.00
2015.06.24 17:50:10.322,1.04666,1.04679,1.00,1.37
2015.06.24 17:50:10.374,1.04665,1.0468,1.00,1.50
2015.06.24 17:50:10.680,1.04665,1.0468,1.00,1.50
2015.06.24 17:50:11.757,1.0466,1.04675,1.00,1.87
2015.06.24 17:50:11.812,1.04658,1.04675,1.00,1.87
2015.06.24 17:50:12.507,1.04658,1.04675,1.00,1.87
2015.06.24 17:50:12.610,1.04655,1.04673,1.00,1.00
2015.06.24 17:50:13.592,1.04655,1.04672,1.00,1.00
2015.06.24 17:50:15.453,1.04655,1.04672,1.00,1.87
2015.06.24 17:50:15.708,1.04652,1.04671,1.50,1.12
2015.06.24 17:50:16.399,1.04652,1.0467,1.00,1.00
2015.06.24 17:50:17.147,1.04656,1.0467,1.00,1.00
2015.06.24 17:50:17.659,1.04656,1.04671,1.00,1.00
2015.06.24 17:50:18.069,1.04655,1.04669,1.00,1.00
2015.06.24 17:50:18.121,1.04652,1.04669,1.50,1.00
2015.06.24 17:50:18.355,1.0465,1.04669,1.50,2.25
2015.06.24 17:50:18.812,1.0465,1.04667,1.00,1.00
2015.06.24 17:50:20.968,1.04649,1.04656,1.00,1.00
2015.06.24 17:50:21.027,1.04645,1.04658,2.10,1.00
2015.06.24 17:50:21.437,1.04645,1.04656,2.10,1.00
2015.06.24 17:50:22.018,1.04645,1.04659,2.10,1.00
2015.06.24 17:50:22.568,1.04645,1.0466,2.85,1.00
2015.06.24 17:50:23.980,1.04646,1.04662,2.10,1.00
2015.06.24 17:50:24.587,1.04646,1.0466,1.60,1.00
2015.06.24 17:50:24.944,1.04646,1.04662,1.60,1.50
2015.06.24 17:50:29.441,1.04646,1.04661,1.60,1.00
2015.06.24 17:50:29.995,1.04646,1.0466,1.60,1.50
2015.06.24 17:50:30.510,1.04645,1.04659,2.85,1.00
2015.06.24 17:50:31.366,1.04645,1.04658,2.85,1.50
2015.06.24 17:50:38.414,1.04645,1.04659,2.85,1.50
2015.06.24 17:50:39.798,1.04645,1.0466,2.85,1.12
2015.06.24 17:50:40.002,1.04645,1.04658,2.85,1.00
2015.06.24 17:50:40.413,1.04645,1.04656,2.85,1.00
2015.06.24 17:50:41.066,1.04645,1.04657,3.60,1.00
2015.06.24 17:50:41.117,1.04645,1.04659,3.60,1.00
2015.06.24 17:50:41.322,1.04646,1.04664,3.60,1.37
2015.06.24 17:50:41.475,1.04647,1.04666,2.85,1.87
2015.06.24 17:50:41.983,1.04647,1.04664,2.85,1.00
2015.06.24 17:50:42.547,1.04647,1.04665,2.85,1.12
2015.06.24 17:50:42.750,1.04649,1.04663,1.00,1.37
2015.06.24 17:50:42.955,1.04639,1.04658,1.50,1.50
2015.06.24 17:50:43.006,1.04639,1.04655,1.50,1.00
2015.06.24 17:50:43.475,1.04639,1.04652,1.00,1.00
2015.06.24 17:50:43.986,1.04636,1.04653,1.60,1.00
2015.06.24 17:50:45.219,1.04636,1.04651,1.60,1.00
2015.06.24 17:50:46.735,1.04636,1.04652,1.60,1.00
2015.06.24 17:50:46.837,1.04636,1.04654,1.60,1.12
2015.06.24 17:50:47.347,1.04637,1.04654,1.60,1.37
2015.06.24 17:50:47.602,1.04637,1.04655,2.10,1.12
2015.06.24 17:50:48.794,1.04638,1.04656,1.35,1.12
2015.06.24 17:50:49.099,1.04638,1.04657,2.10,2.47
2015.06.24 17:50:49.601,1.04638,1.04655,2.10,1.12
2015.06.24 17:50:50.510,1.04638,1.04656,1.35,1.87
2015.06.24 17:50:52.104,1.04638,1.04657,2.10,2.47
2015.06.24 17:50:52.409,1.04638,1.04657,2.10,2.47
2015.06.24 17:50:53.704,1.0464,1.04657,1.00,1.37
2015.06.24 17:50:54.323,1.04643,1.04658,1.00,1.35
2015.06.24 17:50:54.382,1.04642,1.0466,1.00,1.00
2015.06.24 17:50:54.841,1.04644,1.0466,1.00,1.00
2015.06.24 17:50:55.943,1.04644,1.04661,1.00,1.50
2015.06.24 17:50:56.449,1.04645,1.04661,1.00,1.50
2015.06.24 17:50:56.856,1.04649,1.04664,1.00,1.00
2015.06.24 17:50:57.232,1.04646,1.04664,2.25,1.00
2015.06.24 17:50:57.764,1.04647,1.04664,1.00,2.25
2015.06.24 17:50:58.584,1.04647,1.04664,1.00,2.62
2015.06.24 17:50:58.636,1.0465,1.04666,1.00,1.00
2015.06.24 17:50:59.043,1.04652,1.04667,1.00,1.00
2015.06.24 17:50:59.763,1.04652,1.04668,1.00,1.00
2015.06.24 17:51:00.371,1.04651,1.04668,1.00,1.00
2015.06.24 17:51:00.682,1.0465,1.04668,2.25,1.37
2015.06.24 17:51:01.066,1.0465,1.04668,1.50,1.87
2015.06.24 17:51:08.042,1.04651,1.04668,1.00,1.12
2015.06.24 17:51:09.364,1.0465,1.04668,1.50,1.00
2015.06.24 17:51:10.164,1.04651,1.04669,1.00,1.00
2015.06.24 17:51:10.318,1.04654,1.0467,1.00,1.00
2015.06.24 17:51:11.349,1.04654,1.04671,1.00,1.00
2015.06.24 17:51:12.528,1.04654,1.04672,1.50,1.50
2015.06.24 17:51:13.058,1.04655,1.04672,1.00,1.00
2015.06.24 17:51:14.520,1.04654,1.04672,1.50,1.00
2015.06.24 17:51:15.211,1.04655,1.04672,1.00,1.00
2015.06.24 17:51:15.567,1.04654,1.0467,1.00,1.37
2015.06.24 17:51:17.925,1.04654,1.04669,1.00,1.37
2015.06.24 17:51:21.341,1.04654,1.04668,1.00,1.37
2015.06.24 17:51:21.444,1.0465,1.04667,1.00,1.50
2015.06.24 17:51:22.108,1.0465,1.04668,1.50,1.00
2015.06.24 17:51:22.631,1.0465,1.04669,3.00,1.50
2015.06.24 17:51:25.142,1.0465,1.04669,1.50,1.37
2015.06.24 17:51:26.608,1.04653,1.04669,1.00,1.37
2015.06.24 17:51:28.154,1.04653,1.04669,1.00,1.37
2015.06.24 17:51:28.662,1.04653,1.04668,1.00,2.62
2015.06.24 17:51:29.492,1.04654,1.04668,1.00,1.00
2015.06.24 17:51:29.544,1.04654,1.0467,1.00,1.00
2015.06.24 17:51:30.062,1.04654,1.04671,1.00,1.50
2015.06.24 17:51:30.878,1.04653,1.0467,1.00,1.37
2015.06.24 17:51:31.393,1.04652,1.0467,1.00,1.37
2015.06.24 17:51:31.904,1.04652,1.0467,1.50,1.37
2015.06.24 17:51:32.434,1.04652,1.04669,1.00,1.12
2015.06.24 17:51:33.052,1.04652,1.0467,1.50,1.12
2015.06.24 17:51:33.516,1.04652,1.04668,1.50,1.00
2015.06.24 17:51:33.568,1.04653,1.0467,1.12,1.00
2015.06.24 17:51:34.049,1.04655,1.04671,1.00,2.25
2015.06.24 17:51:34.151,1.04652,1.04671,2.25,2.25
2015.06.24 17:51:34.696,1.04652,1.0467,1.50,1.00
2015.06.24 17:51:34.900,1.04652,1.04669,1.00,1.37
2015.06.24 17:51:35.425,1.04652,1.04669,1.00,1.12
2015.06.24 17:51:36.611,1.04652,1.0467,1.50,1.00
2015.06.24 17:51:36.918,1.04655,1.0467,1.00,1.00
2015.06.24 17:51:37.426,1.04655,1.04671,1.00,2.62
2015.06.24 17:51:38.130,1.04655,1.0467,1.00,1.00
2015.06.24 17:51:40.778,1.04655,1.04671,1.00,2.25
2015.06.24 17:51:41.825,1.04657,1.04671,1.00,1.00
2015.06.24 17:51:42.339,1.04656,1.04671,1.00,1.00
2015.06.24 17:51:42.849,1.04656,1.04671,1.00,1.37
2015.06.24 17:51:43.413,1.04655,1.04671,1.50,1.87
2015.06.24 17:51:44.162,1.04655,1.04671,1.00,1.87
2015.06.24 17:51:44.569,1.04656,1.04671,1.00,1.00
2015.06.24 17:51:45.083,1.04657,1.04672,1.00,1.50
2015.06.24 17:51:45.847,1.04657,1.04671,1.00,1.00
2015.06.24 17:51:46.000,1.04655,1.0467,1.00,1.00
2015.06.24 17:51:49.942,1.04655,1.0467,1.00,1.37
2015.06.24 17:51:50.930,1.04655,1.0467,1.00,1.12
2015.06.24 17:51:57.492,1.04655,1.04668,1.00,1.12
2015.06.24 17:51:57.544,1.04651,1.04668,1.00,1.12
2015.06.24 17:51:58.517,1.04651,1.04667,1.50,1.12
2015.06.24 17:51:59.058,1.04651,1.04668,1.50,1.12
2015.06.24 17:51:59.660,1.04651,1.04668,1.50,1.37
2015.06.24 17:52:00.331,1.04651,1.04668,1.50,1.12
2015.06.24 17:52:00.535,1.04653,1.04668,1.00,1.37
2015.06.24 17:52:00.840,1.0465,1.04667,1.00,1.37
2015.06.24 17:52:02.375,1.0465,1.04665,1.00,1.00
2015.06.24 17:52:05.861,1.0465,1.04666,1.00,1.12
2015.06.24 17:52:08.952,1.0465,1.04665,1.00,1.00
2015.06.24 17:52:09.004,1.0465,1.04664,1.00,1.37
2015.06.24 17:52:09.562,1.0465,1.04665,1.00,1.00
2015.06.24 17:52:09.614,1.04652,1.04666,1.00,1.00
2015.06.24 17:52:09.717,1.04652,1.04668,1.00,1.12
2015.06.24 17:52:10.269,1.04653,1.04669,1.50,1.12
2015.06.24 17:52:10.783,1.04654,1.0467,1.00,1.50
2015.06.24 17:52:11.250,1.04659,1.0467,1.00,1.00
2015.06.24 17:52:11.309,1.04659,1.04672,1.00,1.00
2015.06.24 17:52:11.818,1.04659,1.04674,1.00,1.50
2015.06.24 17:52:15.135,1.04659,1.04673,1.00,1.00
2015.06.24 17:52:15.287,1.04655,1.04672,1.50,1.00
2015.06.24 17:52:18.537,1.04656,1.04674,1.00,3.37
2015.06.24 17:52:18.589,1.0466,1.04674,1.00,1.50
2015.06.24 17:52:18.691,1.04658,1.04674,1.00,1.50
2015.06.24 17:52:19.203,1.04657,1.04674,1.00,1.50
2015.06.24 17:52:20.023,1.04658,1.04674,1.00,1.50
2015.06.24 17:52:20.760,1.0466,1.04674,1.00,1.50
2015.06.24 17:52:22.303,1.04659,1.04674,1.00,1.00
2015.06.24 17:52:22.610,1.04658,1.04674,1.50,1.87
2015.06.24 17:52:22.712,1.04658,1.04674,1.50,1.00
2015.06.24 17:52:23.122,1.0466,1.04674,1.00,1.00
2015.06.24 17:52:25.058,1.04659,1.04674,1.00,1.00
2015.06.24 17:52:26.717,1.04658,1.04674,1.00,1.00
2015.06.24 17:52:27.224,1.04658,1.04673,1.00,1.00
2015.06.24 17:52:28.312,1.04658,1.04674,1.00,1.50
2015.06.24 17:52:29.076,1.04658,1.04673,1.00,1.00
2015.06.24 17:52:29.127,1.04655,1.04673,1.00,1.37
2015.06.24 17:52:29.229,1.04655,1.04673,1.00,1.00
2015.06.24 17:52:29.715,1.04655,1.04671,1.00,1.00
2015.06.24 17:52:30.228,1.04655,1.04672,1.00,1.50
2015.06.24 17:52:30.739,1.04655,1.0467,1.00,1.00
2015.06.24 17:52:31.380,1.04655,1.04668,1.00,1.00
2015.06.24 17:52:31.789,1.04655,1.04666,1.00,1.00
2015.06.24 17:52:37.882,1.04655,1.04667,1.00,1.00
2015.06.24 17:52:38.745,1.04655,1.04664,1.00,1.00
2015.06.24 17:52:39.110,1.04652,1.04664,1.00,1.00
2015.06.24 17:52:39.474,1.04652,1.04666,1.00,1.00
2015.06.24 17:52:39.525,1.04655,1.04666,1.00,1.00
2015.06.24 17:52:43.018,1.04655,1.04668,1.00,1.00
2015.06.24 17:52:43.527,1.04655,1.04669,1.00,1.00
2015.06.24 17:52:44.089,1.04655,1.04668,1.00,1.00
2015.06.24 17:52:44.602,1.04655,1.04669,1.00,1.00
2015.06.24 17:52:44.807,1.04655,1.04666,1.00,1.00
2015.06.24 17:52:46.689,1.04655,1.04663,1.00,1.00
2015.06.24 17:52:48.970,1.04655,1.04664,1.00,1.00
2015.06.24 17:52:49.515,1.04648,1.04658,1.00,1.00
2015.06.24 17:52:49.567,1.04648,1.04655,1.00,1.00
2015.06.24 17:52:52.332,1.04648,1.04653,1.00,1.00
2015.06.24 17:52:53.249,1.04648,1.04658,1.00,1.00
2015.06.24 17:52:53.609,1.04648,1.04656,1.00,1.00
2015.06.24 17:52:53.865,1.04648,1.04658,1.00,1.00
2015.06.24 17:52:54.626,1.04648,1.04657,1.00,1.00
2015.06.24 17:53:01.144,1.04648,1.04656,1.00,1.00
2015.06.24 17:53:06.909,1.04648,1.04658,1.00,1.00
2015.06.24 17:53:07.012,1.04648,1.0466,1.00,1.00
2015.06.24 17:53:07.546,1.04649,1.0466,1.00,1.00
2015.06.24 17:53:15.431,1.04649,1.04659,1.00,1.00
2015.06.24 17:53:15.888,1.04649,1.04657,1.00,1.00
2015.06.24 17:53:16.786,1.04646,1.04657,1.00,1.00
2015.06.24 17:53:30.425,1.04646,1.04652,1.00,1.00
2015.06.24 17:53:30.836,1.04646,1.04659,1.00,1.00
2015.06.24 17:53:30.887,1.04649,1.0466,1.00,1.00
2015.06.24 17:53:38.559,1.04649,1.04658,1.00,1.00
2015.06.24 17:53:40.921,1.04649,1.0466,1.00,1.00
2015.06.24 17:53:41.534,1.04649,1.04662,1.00,1.00
2015.06.24 17:53:47.509,1.04649,1.04663,1.50,1.00
2015.06.24 17:53:50.558,1.04649,1.04663,1.87,1.00
2015.06.24 17:53:50.609,1.04649,1.04665,1.87,1.00
2015.06.24 17:53:50.661,1.04653,1.04665,1.00,1.00
2015.06.24 17:53:50.712,1.04653,1.04668,1.00,1.00
2015.06.24 17:53:51.068,1.04656,1.04669,1.00,1.00
2015.06.24 17:53:51.615,1.04656,1.0467,1.00,1.00
2015.06.24 17:53:56.556,1.04659,1.0467,1.00,1.00
2015.06.24 17:54:11.694,1.04659,1.04669,1.00,1.00
2015.06.24 17:54:11.746,1.04659,1.04671,1.00,1.00
2015.06.24 17:54:16.898,1.04659,1.0467,1.00,1.00
2015.06.24 17:54:19.153,1.04659,1.04668,1.00,1.00
2015.06.24 17:54:19.678,1.04656,1.04668,1.00,1.50
2015.06.24 17:54:21.028,1.04656,1.0467,1.00,1.50
2015.06.24 17:54:21.923,1.04656,1.04668,1.00,1.00
2015.06.24 17:54:22.540,1.04656,1.04666,1.00,1.00
2015.06.24 17:54:23.927,1.04653,1.04666,1.00,1.00
2015.06.24 17:54:26.703,1.04653,1.04667,1.00,1.00
2015.06.24 17:54:27.226,1.04653,1.04668,1.00,1.50
2015.06.24 17:54:29.097,1.04653,1.04669,1.50,1.00
2015.06.24 17:54:29.148,1.04656,1.0467,1.00,1.00
2015.06.24 17:54:30.592,1.04657,1.0467,1.00,1.00
2015.06.24 17:54:32.900,1.04658,1.0467,1.00,1.00
2015.06.24 17:54:35.808,1.04661,1.0467,1.00,1.00
2015.06.24 17:54:36.114,1.04664,1.0467,1.00,1.00
2015.06.24 17:54:38.959,1.04666,1.04681,1.00,1.50
2015.06.24 17:54:39.672,1.04666,1.04682,1.00,2.25
2015.06.24 17:54:41.517,1.04669,1.04682,1.00,2.25
2015.06.24 17:54:41.620,1.04669,1.04684,1.00,1.50
2015.06.24 17:54:41.987,1.04667,1.04678,1.00,1.00
2015.06.24 17:54:42.050,1.04666,1.04683,1.00,2.25
2015.06.24 17:54:43.526,1.04669,1.04684,1.87,1.00
2015.06.24 17:54:45.265,1.04669,1.04683,1.00,1.37
2015.06.24 17:54:45.367,1.04666,1.04683,1.00,1.87
2015.06.24 17:54:47.650,1.04666,1.04681,1.00,1.00
2015.06.24 17:54:48.249,1.04668,1.04684,1.00,2.25
2015.06.24 17:54:48.757,1.04669,1.04684,1.00,1.50
2015.06.24 17:54:49.963,1.04669,1.04685,1.00,1.50
2015.06.24 17:54:50.734,1.04671,1.04685,1.00,1.50
2015.06.24 17:54:51.932,1.04672,1.04685,1.00,1.00
2015.06.24 17:54:53.372,1.04677,1.04685,1.00,1.00
2015.06.24 17:54:53.423,1.04677,1.04692,1.00,1.50
2015.06.24 17:54:53.941,1.04678,1.04692,1.00,1.50
2015.06.24 17:54:54.043,1.04675,1.04692,1.87,1.00
2015.06.24 17:54:55.269,1.04675,1.0469,1.00,1.00
2015.06.24 17:54:56.047,1.04675,1.04691,1.00,1.00
2015.06.24 17:54:56.559,1.04676,1.04692,1.00,1.50
2015.06.24 17:54:57.262,1.04675,1.04692,1.50,1.50
2015.06.24 17:54:58.694,1.04675,1.04691,1.00,1.00
2015.06.24 17:55:01.099,1.04675,1.0469,1.00,1.00
2015.06.24 17:55:04.731,1.04675,1.04687,1.00,1.00
2015.06.24 17:55:05.040,1.04672,1.04686,1.00,1.00
2015.06.24 17:55:11.274,1.04672,1.04687,1.00,1.50
2015.06.24 17:55:11.874,1.04675,1.04689,1.00,1.00
2015.06.24 17:55:12.493,1.04675,1.04688,1.00,1.00
2015.06.24 17:55:13.289,1.04675,1.04687,1.00,1.00
2015.06.24 17:55:13.906,1.04675,1.04689,1.00,1.00
2015.06.24 17:55:14.059,1.04675,1.04691,1.00,1.00
2015.06.24 17:55:14.567,1.04675,1.0469,1.00,1.00
2015.06.24 17:55:14.940,1.04675,1.04692,1.12,1.50
2015.06.24 17:55:15.877,1.04678,1.04692,1.00,1.00
2015.06.24 17:55:18.464,1.04678,1.04693,1.12,1.00
2015.06.24 17:55:18.973,1.04678,1.04694,1.87,1.00
2015.06.24 17:55:19.379,1.04681,1.04694,1.00,1.00
2015.06.24 17:55:20.093,1.04681,1.04695,1.00,1.50
2015.06.24 17:55:23.577,1.04681,1.04695,1.37,1.00
2015.06.24 17:55:23.680,1.04681,1.04697,1.87,1.50
2015.06.24 17:55:23.884,1.04684,1.04701,1.00,1.50
2015.06.24 17:55:27.011,1.04687,1.04702,1.00,2.25
2015.06.24 17:55:29.229,1.04691,1.04702,1.00,1.00
2015.06.24 17:55:29.331,1.04691,1.04704,1.00,1.00
2015.06.24 17:55:29.900,1.04691,1.04705,1.00,1.50
2015.06.24 17:55:30.698,1.04691,1.04706,1.00,1.00
2015.06.24 17:55:33.939,1.04691,1.04705,1.00,1.00
2015.06.24 17:55:34.385,1.04696,1.04711,1.00,1.00
2015.06.24 17:55:34.538,1.04699,1.04711,1.00,1.00
2015.06.24 17:55:34.964,1.04699,1.04709,1.00,1.00
2015.06.24 17:55:35.774,1.04699,1.04713,1.00,1.87
2015.06.24 17:55:35.928,1.04703,1.04713,1.00,1.00
2015.06.24 17:55:36.284,1.04703,1.04715,1.00,1.00
2015.06.24 17:55:36.794,1.04703,1.04717,1.00,1.50
2015.06.24 17:55:36.947,1.04707,1.04717,1.00,1.00
2015.06.24 17:55:37.767,1.04707,1.0472,1.00,1.00
2015.06.24 17:55:38.131,1.04707,1.04723,1.00,1.87
2015.06.24 17:55:39.342,1.04707,1.04723,1.00,1.50
2015.06.24 17:55:39.795,1.04708,1.04725,1.00,1.50
2015.06.24 17:55:40.309,1.04709,1.04725,1.00,1.00
2015.06.24 17:55:40.768,1.04708,1.04723,1.00,1.00
2015.06.24 17:55:41.246,1.04709,1.04726,1.50,1.12
2015.06.24 17:55:41.769,1.0471,1.04726,1.00,1.00
2015.06.24 17:55:42.480,1.04711,1.04726,1.00,1.37
2015.06.24 17:55:43.054,1.0471,1.04726,1.00,1.00
2015.06.24 17:55:43.585,1.04711,1.04727,1.00,1.00
2015.06.24 17:55:44.188,1.04711,1.04728,1.00,1.00
2015.06.24 17:55:44.797,1.04712,1.04728,1.00,1.00
2015.06.24 17:55:45.309,1.04712,1.04729,1.00,1.00
2015.06.24 17:55:46.767,1.04713,1.04729,1.00,1.00
2015.06.24 17:55:50.137,1.04713,1.04728,1.00,1.00
2015.06.24 17:55:50.840,1.04712,1.04728,1.00,1.00
2015.06.24 17:55:51.045,1.04712,1.04723,1.00,2.85
2015.06.24 17:55:51.148,1.04705,1.04722,1.00,1.50
2015.06.24 17:55:51.555,1.04702,1.04717,3.97,1.00
2015.06.24 17:55:51.606,1.04701,1.04717,3.60,1.00
2015.06.24 17:55:51.658,1.04701,1.04719,3.60,1.00
2015.06.24 17:55:51.982,1.04701,1.04717,2.85,1.00
2015.06.24 17:55:52.499,1.04701,1.04716,2.85,1.00
2015.06.24 17:55:52.884,1.04701,1.04717,2.85,1.37
2015.06.24 17:55:52.936,1.04701,1.04717,2.85,1.00
2015.06.24 17:55:55.302,1.04701,1.04717,2.10,1.37
2015.06.24 17:55:55.405,1.047,1.04713,2.10,1.12
2015.06.24 17:55:55.915,1.04701,1.04715,2.10,1.37
2015.06.24 17:55:56.807,1.04701,1.04715,2.10,1.12
2015.06.24 17:55:58.317,1.04701,1.04715,2.10,1.37
2015.06.24 17:56:00.426,1.04701,1.04714,2.10,1.12
2015.06.24 17:56:03.127,1.047,1.04711,1.00,1.00
2015.06.24 17:56:03.434,1.04682,1.04688,1.00,1.00
2015.06.24 17:56:03.486,1.04677,1.04688,1.00,1.00
2015.06.24 17:56:03.589,1.04673,1.04688,1.00,1.50
2015.06.24 17:56:03.641,1.04673,1.04683,1.00,1.00
2015.06.24 17:56:03.693,1.0467,1.04683,1.12,1.00
2015.06.24 17:56:03.745,1.0467,1.04681,1.00,1.00
2015.06.24 17:56:03.797,1.04663,1.04681,1.00,1.00
2015.06.24 17:56:04.338,1.04661,1.0468,1.50,1.00
2015.06.24 17:56:04.594,1.04659,1.04678,1.50,1.00
2015.06.24 17:56:16.237,1.0466,1.04679,1.00,1.37
2015.06.24 17:56:17.025,1.04659,1.04678,1.50,1.12
2015.06.24 17:56:17.541,1.04659,1.04679,1.00,1.87
2015.06.24 17:56:18.158,1.04659,1.04678,1.00,1.00
2015.06.24 17:56:18.465,1.04659,1.04678,1.00,1.37
2015.06.24 17:56:19.057,1.04658,1.04678,1.50,1.87
2015.06.24 17:56:20.705,1.04661,1.04678,1.00,1.37
2015.06.24 17:56:20.757,1.04662,1.0468,1.00,1.00
2015.06.24 17:56:21.474,1.04662,1.04681,1.50,1.12
2015.06.24 17:56:22.874,1.04662,1.04681,1.50,1.37
2015.06.24 17:56:23.280,1.0466,1.04679,1.00,1.37
2015.06.24 17:56:23.939,1.0466,1.04678,1.00,1.87
2015.06.24 17:56:24.194,1.04658,1.04678,1.50,1.87
2015.06.24 17:56:28.985,1.04663,1.04681,1.00,1.00
2015.06.24 17:56:29.513,1.04661,1.0468,2.25,1.12
2015.06.24 17:56:29.564,1.04661,1.0468,1.50,1.87
2015.06.24 17:56:29.719,1.04659,1.04678,1.50,1.12
2015.06.24 17:56:30.423,1.04659,1.04678,1.00,1.87
2015.06.24 17:56:42.209,1.04657,1.04675,1.00,1.00
2015.06.24 17:56:42.913,1.04656,1.04674,1.00,1.00
2015.06.24 17:56:42.965,1.04654,1.04674,2.85,1.00
2015.06.24 17:56:43.956,1.04654,1.04673,2.10,1.00
2015.06.24 17:56:45.586,1.04653,1.04671,2.10,1.00
2015.06.24 17:56:48.510,1.04652,1.04671,2.85,1.37
2015.06.24 17:56:49.538,1.04652,1.04669,2.85,1.00
2015.06.24 17:56:50.064,1.04652,1.0467,2.85,1.00
2015.06.24 17:56:50.648,1.04652,1.04671,2.85,1.12
2015.06.24 17:56:51.169,1.04652,1.04672,2.85,1.87
2015.06.24 17:56:53.744,1.04652,1.04671,2.85,1.12
2015.06.24 17:56:57.776,1.04654,1.04673,2.10,1.00
2015.06.24 17:56:57.928,1.04656,1.04675,2.10,1.00
2015.06.24 17:56:59.269,1.04657,1.04675,1.00,1.00
2015.06.24 17:56:59.836,1.04657,1.04674,1.00,1.00
2015.06.24 17:57:00.344,1.04656,1.04675,1.50,1.12
2015.06.24 17:57:01.203,1.04656,1.04675,1.00,1.37
2015.06.24 17:57:01.747,1.04655,1.04675,2.85,1.37
2015.06.24 17:57:03.951,1.04656,1.04674,1.00,1.00
2015.06.24 17:57:05.326,1.04655,1.04674,1.35,1.12
2015.06.24 17:57:09.467,1.04657,1.04674,1.00,1.12
2015.06.24 17:57:10.726,1.04656,1.04674,1.50,1.12
2015.06.24 17:57:16.347,1.04656,1.04676,1.50,1.87
2015.06.24 17:57:17.547,1.04656,1.04674,1.50,1.00
2015.06.24 17:57:20.759,1.04656,1.04675,1.50,1.00
2015.06.24 17:57:21.554,1.04656,1.04676,2.25,1.87
2015.06.24 17:57:22.123,1.04656,1.04675,2.25,1.00
2015.06.24 17:57:25.263,1.04657,1.04675,1.00,1.00
2015.06.24 17:57:25.894,1.04659,1.04676,1.00,1.00
2015.06.24 17:57:26.099,1.04657,1.04676,1.00,1.00
2015.06.24 17:57:26.303,1.04654,1.04673,1.00,1.00
2015.06.24 17:57:27.076,1.04654,1.04674,2.85,1.00
2015.06.24 17:57:27.585,1.04655,1.04675,2.47,1.00
2015.06.24 17:57:28.093,1.04656,1.04675,1.50,1.00
2015.06.24 17:57:32.432,1.04656,1.04674,1.00,1.00
2015.06.24 17:57:33.202,1.04656,1.04675,1.00,1.00
2015.06.24 17:57:33.867,1.04655,1.04675,1.50,1.12
2015.06.24 17:57:34.433,1.04655,1.04674,1.00,1.00
2015.06.24 17:57:35.526,1.04654,1.04674,2.10,1.00
2015.06.24 17:57:35.832,1.04653,1.04671,2.10,1.37
2015.06.24 17:57:38.689,1.04652,1.04671,2.85,1.00
2015.06.24 17:57:42.069,1.04657,1.04674,1.00,1.00
2015.06.24 17:57:45.297,1.04654,1.04673,1.35,1.37
2015.06.24 17:57:45.349,1.04654,1.04673,1.35,1.37
2015.06.24 17:57:45.833,1.04652,1.04668,1.60,1.37
2015.06.24 17:57:46.095,1.04652,1.0467,2.10,1.50
2015.06.24 17:57:46.197,1.04652,1.04668,2.10,1.00
2015.06.24 17:57:46.969,1.04652,1.04669,2.10,1.00
2015.06.24 17:57:47.478,1.04652,1.04668,2.10,1.12
2015.06.24 17:57:52.121,1.04652,1.04668,2.10,1.37
2015.06.24 17:57:52.626,1.04651,1.04666,2.10,1.00
2015.06.24 17:57:55.749,1.04652,1.04665,2.10,1.00
2015.06.24 17:58:00.623,1.04652,1.04667,2.10,1.12
2015.06.24 17:58:00.725,1.04652,1.0467,2.10,1.37
2015.06.24 17:58:01.234,1.04652,1.04668,2.10,1.00
2015.06.24 17:58:01.286,1.04651,1.04662,2.10,1.00
2015.06.24 17:58:01.792,1.04651,1.04667,2.85,1.00
2015.06.24 17:58:01.846,1.04652,1.04663,1.00,1.00
2015.06.24 17:58:02.152,1.04641,1.04656,2.10,1.00
2015.06.24 17:58:02.203,1.04649,1.04656,2.10,1.00
2015.06.24 17:58:02.509,1.0465,1.04657,2.10,1.00
2015.06.24 17:58:02.560,1.0465,1.0466,2.10,1.00
2015.06.24 17:58:05.154,1.04649,1.04659,2.10,1.00
2015.06.24 17:58:05.309,1.0465,1.04664,2.10,1.37
2015.06.24 17:58:05.361,1.0465,1.04661,2.10,1.00
2015.06.24 17:58:05.671,1.0465,1.04658,2.10,1.00
2015.06.24 17:58:05.775,1.0465,1.04662,2.10,1.00
2015.06.24 17:58:05.878,1.0465,1.04667,2.10,1.00
2015.06.24 17:58:05.982,1.04651,1.04661,2.10,1.00
2015.06.24 17:58:06.391,1.04649,1.04662,2.10,1.00
2015.06.24 17:58:06.748,1.04649,1.04658,2.10,1.00
2015.06.24 17:58:06.851,1.0465,1.0466,2.10,1.00
2015.06.24 17:58:08.046,1.04651,1.0466,2.10,1.00
2015.06.24 17:58:08.200,1.0465,1.04664,2.10,1.00
2015.06.24 17:58:08.509,1.0465,1.04666,2.10,1.50
2015.06.24 17:58:09.230,1.0465,1.04663,2.10,1.00
2015.06.24 17:58:09.486,1.0465,1.04666,2.10,1.00
2015.06.24 17:58:09.691,1.04648,1.04664,1.00,1.00
2015.06.24 17:58:09.845,1.04642,1.04659,1.60,1.00
2015.06.24 17:58:10.675,1.04645,1.04659,1.00,1.00
2015.06.24 17:58:10.981,1.04647,1.04661,1.00,1.87
2015.06.24 17:58:11.032,1.04645,1.04661,1.00,1.87
2015.06.24 17:58:12.386,1.04644,1.04661,1.00,1.87
2015.06.24 17:58:13.262,1.04644,1.04661,1.00,1.87
2015.06.24 17:58:13.967,1.04648,1.0466,1.00,1.00
2015.06.24 17:58:14.019,1.04648,1.04662,1.00,1.00
2015.06.24 17:58:14.564,1.04648,1.04663,1.00,1.87
2015.06.24 17:58:18.673,1.04646,1.04664,1.00,1.00
2015.06.24 17:58:18.776,1.04648,1.04664,1.00,1.00
2015.06.24 17:58:19.277,1.04648,1.04665,1.00,1.00
2015.06.24 17:58:21.707,1.04649,1.04665,1.00,1.00
2015.06.24 17:58:22.216,1.04649,1.04666,1.00,1.87
2015.06.24 17:58:22.657,1.0466,1.04666,1.00,1.12
2015.06.24 17:58:22.708,1.04657,1.04666,1.00,1.37
2015.06.24 17:58:23.217,1.04657,1.04666,1.00,1.00
2015.06.24 17:58:27.943,1.04657,1.04668,1.00,1.00
2015.06.24 17:58:28.710,1.0466,1.04668,1.00,1.00
2015.06.24 17:58:28.761,1.0466,1.0467,1.00,1.50
2015.06.24 17:58:28.813,1.04663,1.0467,1.00,1.00
2015.06.24 17:58:28.865,1.0466,1.04675,1.00,1.87
2015.06.24 17:58:29.368,1.0466,1.04673,1.00,1.00
2015.06.24 17:58:29.878,1.0466,1.04674,1.00,1.00
2015.06.24 17:58:30.387,1.04661,1.04675,1.00,1.50
2015.06.24 17:58:33.906,1.04663,1.04675,1.00,1.00
2015.06.24 17:58:35.177,1.0466,1.04675,1.00,1.00
2015.06.24 17:58:35.279,1.04658,1.04674,1.00,1.12
2015.06.24 17:58:35.586,1.04658,1.04674,1.00,1.87
2015.06.24 17:58:36.432,1.0466,1.04674,1.00,1.00
2015.06.24 17:58:36.893,1.04658,1.04673,1.00,1.37
2015.06.24 17:58:39.336,1.04656,1.04672,1.00,1.12
2015.06.24 17:58:40.335,1.04656,1.04672,1.00,1.37
2015.06.24 17:58:42.384,1.04656,1.04671,1.00,1.37
2015.06.24 17:58:44.615,1.04656,1.04671,1.00,1.37
2015.06.24 17:58:49.951,1.04656,1.04671,1.00,1.00
2015.06.24 17:58:50.007,1.04657,1.04673,1.00,1.87
2015.06.24 17:58:50.313,1.04655,1.04673,1.50,1.00
2015.06.24 17:58:51.194,1.04655,1.04672,1.00,1.00
2015.06.24 17:58:51.716,1.04654,1.04672,1.00,1.12
2015.06.24 17:58:53.464,1.04654,1.04671,1.00,1.00
2015.06.24 17:58:53.515,1.04652,1.04671,1.50,1.00
2015.06.24 17:58:53.567,1.04652,1.04671,1.00,1.37
2015.06.24 17:58:53.618,1.0465,1.04669,1.00,1.87
2015.06.24 17:58:53.874,1.0465,1.04669,1.00,1.37
2015.06.24 17:58:54.590,1.04649,1.04665,1.00,1.00
2015.06.24 17:58:55.253,1.0465,1.04664,1.00,1.00
2015.06.24 17:58:55.355,1.04652,1.04667,1.00,1.00
2015.06.24 17:58:55.963,1.04652,1.04668,1.00,1.00
2015.06.24 17:58:56.478,1.04653,1.04668,1.00,1.00
2015.06.24 17:59:00.715,1.04652,1.04668,1.00,1.00
2015.06.24 17:59:00.868,1.04651,1.04668,1.00,1.87
2015.06.24 17:59:01.376,1.04651,1.04668,1.00,2.62
2015.06.24 17:59:02.017,1.04649,1.04666,1.00,1.12
2015.06.24 17:59:02.526,1.04648,1.04665,1.00,1.12
2015.06.24 17:59:03.996,1.04649,1.04665,1.00,1.12
2015.06.24 17:59:08.530,1.04649,1.04667,1.50,1.37
2015.06.24 17:59:09.039,1.04649,1.04668,1.50,1.87
2015.06.24 17:59:09.572,1.0465,1.04668,1.00,1.87
2015.06.24 17:59:13.739,1.0465,1.04668,1.00,1.37
2015.06.24 17:59:14.045,1.04649,1.04667,1.50,1.87
2015.06.24 17:59:14.856,1.04648,1.04664,1.50,1.00
2015.06.24 17:59:14.958,1.04646,1.04664,1.50,1.37
2015.06.24 17:59:15.468,1.04645,1.04664,1.00,1.87
2015.06.24 17:59:15.570,1.04646,1.04661,1.00,1.37
2015.06.24 17:59:16.513,1.04645,1.04661,1.00,1.37
2015.06.24 17:59:17.033,1.04645,1.04663,1.00,2.62
2015.06.24 17:59:17.593,1.04648,1.04665,1.00,1.37
2015.06.24 17:59:18.113,1.04649,1.04666,1.00,1.37
2015.06.24 17:59:18.164,1.0465,1.04667,1.00,1.87
2015.06.24 17:59:18.674,1.04651,1.0467,1.00,1.87
2015.06.24 17:59:21.758,1.04652,1.0467,1.00,1.37
2015.06.24 17:59:22.476,1.04652,1.0467,1.00,1.37
2015.06.24 17:59:23.982,1.04652,1.0467,1.00,1.37
2015.06.24 17:59:24.084,1.04651,1.0467,1.50,1.87
2015.06.24 17:59:25.555,1.04651,1.0467,1.00,1.87
2015.06.24 17:59:32.968,1.04651,1.0467,1.00,2.62
2015.06.24 17:59:33.646,1.04652,1.0467,1.00,1.87
2015.06.24 17:59:34.157,1.04653,1.0467,1.00,1.37
2015.06.24 17:59:34.691,1.04652,1.0467,1.00,1.37
2015.06.24 17:59:34.743,1.04652,1.0467,1.00,1.37
2015.06.24 17:59:35.654,1.04652,1.0467,1.00,1.37
2015.06.24 17:59:36.417,1.04651,1.0467,1.50,1.37
2015.06.24 17:59:36.930,1.04652,1.0467,1.00,1.37
2015.06.24 17:59:37.286,1.04653,1.04672,1.50,1.87
2015.06.24 17:59:37.388,1.04656,1.04672,1.00,1.00
2015.06.24 17:59:38.093,1.04656,1.04673,1.00,1.00
2015.06.24 17:59:38.400,1.04661,1.04678,1.00,1.87
2015.06.24 17:59:40.698,1.0466,1.04678,1.00,1.37
2015.06.24 17:59:42.683,1.04658,1.04677,1.50,1.37
2015.06.24 17:59:43.468,1.04657,1.04677,2.25,1.37
2015.06.24 17:59:44.005,1.04658,1.04677,1.00,1.37
2015.06.24 17:59:44.310,1.04661,1.04678,1.00,1.87
2015.06.24 17:59:45.450,1.0466,1.04678,1.00,1.37
2015.06.24 17:59:47.075,1.0466,1.04678,1.00,1.12
2015.06.24 17:59:47.563,1.04657,1.04676,1.50,1.37
2015.06.24 17:59:48.123,1.04657,1.04675,1.00,1.37
2015.06.24 17:59:48.428,1.04656,1.04675,1.35,1.37
2015.06.24 17:59:48.530,1.04658,1.04677,1.50,1.87
2015.06.24 17:59:49.034,1.04659,1.04678,1.00,1.87
2015.06.24 17:59:49.567,1.0466,1.04678,1.00,1.37
2015.06.24 17:59:50.076,1.0466,1.04678,1.00,1.37
2015.06.24 17:59:51.765,1.04676,1.04684,2.10,3.52
2015.06.24 17:59:51.816,1.04677,1.04681,2.85,1.12
2015.06.24 17:59:51.867,1.04678,1.04682,1.35,1.00
2015.06.24 17:59:51.919,1.04678,1.04696,1.00,5.10
2015.06.24 17:59:51.970,1.04676,1.04691,1.00,2.10
2015.06.24 17:59:52.021,1.04673,1.0469,1.00,1.60
2015.06.24 17:59:52.226,1.04671,1.04689,1.00,1.50
2015.06.24 17:59:53.141,1.04669,1.04687,1.35,1.50
2015.06.24 17:59:53.448,1.04667,1.04686,1.50,1.60
2015.06.24 17:59:53.805,1.04665,1.04684,1.50,1.35
2015.06.24 17:59:54.643,1.04665,1.04684,1.00,1.72
2015.06.24 17:59:54.745,1.04664,1.04683,1.50,1.72
2015.06.24 17:59:55.051,1.04661,1.04681,2.25,1.37
2015.06.24 17:59:58.984,1.04661,1.0468,1.00,1.37
