2015.06.18 22:00:00.284,1.04742,1.04776,1.50,0.75
2015.06.18 22:00:00.485,1.0475,1.04784,0.75,1.50
2015.06.18 22:00:00.792,1.04753,1.04786,0.75,0.75
2015.06.18 22:00:00.947,1.04754,1.04788,0.75,0.75
2015.06.18 22:00:01.049,1.04749,1.04783,0.75,0.75
2015.06.18 22:00:01.356,1.04752,1.04786,0.75,0.75
2015.06.18 22:00:01.695,1.0475,1.04784,0.75,0.75
2015.06.18 22:00:02.213,1.04749,1.04783,0.75,0.75
2015.06.18 22:00:02.810,1.0475,1.04784,0.75,0.75
2015.06.18 22:00:03.348,1.04749,1.04783,0.75,0.75
2015.06.18 22:00:03.913,1.04742,1.04769,0.75,0.75
2015.06.18 22:00:04.015,1.04742,1.04775,0.75,0.75
2015.06.18 22:00:04.270,1.04744,1.04778,0.75,0.75
2015.06.18 22:00:04.793,1.04745,1.04779,0.75,0.75
2015.06.18 22:00:06.264,1.04744,1.04778,0.75,0.75
2015.06.18 22:00:06.780,1.04746,1.0478,0.75,0.75
2015.06.18 22:00:07.085,1.04742,1.04768,0.75,0.75
2015.06.18 22:00:07.562,1.04742,1.04764,0.75,0.75
2015.06.18 22:00:07.867,1.04742,1.04766,0.75,0.75
2015.06.18 22:00:07.970,1.04742,1.04771,0.75,0.75
2015.06.18 22:00:08.072,1.04742,1.04773,0.75,0.75
2015.06.18 22:00:08.326,1.04742,1.04776,1.50,0.75
2015.06.18 22:00:10.714,1.04743,1.04777,0.75,0.75
2015.06.18 22:00:11.292,1.04742,1.04776,1.50,0.75
2015.06.18 22:00:11.850,1.04743,1.04777,0.75,0.75
2015.06.18 22:00:12.282,1.04742,1.04775,0.75,0.75
2015.06.18 22:00:12.622,1.04742,1.04772,0.75,0.75
2015.06.18 22:00:13.231,1.04742,1.04773,0.75,0.75
2015.06.18 22:00:16.147,1.04742,1.04772,0.75,0.75
2015.06.18 22:00:17.798,1.04742,1.04771,0.75,0.75
2015.06.18 22:00:18.142,1.04742,1.04767,0.75,0.75
2015.06.18 22:00:18.753,1.04742,1.04772,0.75,0.75
2015.06.18 22:00:19.918,1.04745,1.04779,0.75,0.75
2015.06.18 22:00:19.969,1.04742,1.04774,0.75,0.75
2015.06.18 22:00:20.427,1.04742,1.04776,1.50,0.75
2015.06.18 22:00:20.529,1.04742,1.04768,0.75,0.75
2015.06.18 22:00:20.834,1.04742,1.04772,0.75,0.75
2015.06.18 22:00:20.987,1.04742,1.04775,0.75,0.75
2015.06.18 22:00:21.280,1.04742,1.04773,0.75,0.75
2015.06.18 22:00:21.841,1.04742,1.04776,1.50,0.75
2015.06.18 22:00:22.384,1.04742,1.04774,0.75,0.75
2015.06.18 22:00:22.920,1.04742,1.04775,0.75,0.75
2015.06.18 22:00:23.276,1.04744,1.04778,0.75,0.75
2015.06.18 22:00:24.012,1.04742,1.04775,0.75,0.75
2015.06.18 22:00:25.530,1.04742,1.04773,0.75,0.75
2015.06.18 22:00:26.039,1.04742,1.04772,0.75,0.75
2015.06.18 22:00:26.312,1.04739,1.04773,0.75,0.75
2015.06.18 22:00:26.693,1.04742,1.04773,0.75,0.75
2015.06.18 22:00:26.898,1.04738,1.04772,0.75,0.75
2015.06.18 22:00:32.741,1.04739,1.04773,0.75,0.75
2015.06.18 22:00:32.843,1.04738,1.04771,0.75,0.75
2015.06.18 22:00:33.301,1.04738,1.04769,0.75,0.75
2015.06.18 22:00:33.866,1.04738,1.04772,1.50,0.75
2015.06.18 22:00:34.069,1.04736,1.04764,1.12,0.75
2015.06.18 22:00:34.581,1.04736,1.04765,1.12,0.75
2015.06.18 22:00:35.481,1.04736,1.04764,1.12,0.75
2015.06.18 22:00:37.333,1.04736,1.04763,1.12,0.75
2015.06.18 22:00:37.930,1.04736,1.04764,1.12,0.75
2015.06.18 22:00:38.542,1.04736,1.04761,1.12,0.75
2015.06.18 22:00:39.048,1.04736,1.04762,0.75,0.75
2015.06.18 22:00:39.546,1.04732,1.04761,0.75,0.75
2015.06.18 22:00:41.178,1.04732,1.04762,0.75,0.75
2015.06.18 22:00:43.418,1.04732,1.04763,0.75,0.75
2015.06.18 22:00:43.880,1.04736,1.04764,0.75,0.75
2015.06.18 22:00:44.427,1.04736,1.04765,1.12,0.75
2015.06.18 22:00:45.081,1.04736,1.04764,1.12,0.75
2015.06.18 22:00:47.669,1.04736,1.04766,1.12,0.75
2015.06.18 22:00:48.315,1.04732,1.04766,1.87,0.75
2015.06.18 22:00:48.366,1.04732,1.04762,0.75,0.75
2015.06.18 22:00:48.873,1.04736,1.04762,0.37,0.75
2015.06.18 22:00:49.178,1.04736,1.0476,0.37,0.75
2015.06.18 22:00:49.556,1.04738,1.0476,0.37,0.75
2015.06.18 22:00:49.657,1.04736,1.0476,0.37,0.75
2015.06.18 22:00:50.079,1.04734,1.04759,0.37,0.75
2015.06.18 22:00:50.130,1.04734,1.04757,0.37,0.75
2015.06.18 22:00:50.676,1.04735,1.04758,0.37,0.75
2015.06.18 22:00:51.299,1.04735,1.04759,0.37,0.75
2015.06.18 22:00:51.837,1.04736,1.04759,0.37,0.75
2015.06.18 22:00:52.365,1.04737,1.04758,0.37,0.75
2015.06.18 22:00:52.416,1.04737,1.0476,0.37,0.75
2015.06.18 22:00:52.569,1.04735,1.0476,0.37,0.75
2015.06.18 22:00:52.671,1.04739,1.04759,0.37,0.75
2015.06.18 22:00:52.773,1.04736,1.04759,0.37,0.75
2015.06.18 22:00:52.876,1.04728,1.04755,0.75,0.75
2015.06.18 22:00:53.099,1.04728,1.04758,0.75,0.75
2015.06.18 22:00:53.634,1.04728,1.04757,0.75,0.75
2015.06.18 22:00:54.350,1.04724,1.04757,0.75,0.75
2015.06.18 22:00:54.401,1.04725,1.04759,0.75,0.75
2015.06.18 22:00:54.821,1.04724,1.04755,0.75,0.75
2015.06.18 22:00:55.127,1.04729,1.04752,0.75,0.75
2015.06.18 22:00:55.229,1.04718,1.04752,0.75,0.75
2015.06.18 22:00:55.484,1.04716,1.04749,0.75,0.75
2015.06.18 22:00:56.022,1.04716,1.04748,0.75,0.75
2015.06.18 22:00:56.878,1.04724,1.04748,0.37,0.75
2015.06.18 22:00:57.285,1.04724,1.0475,0.37,0.75
2015.06.18 22:00:57.788,1.04724,1.04749,0.37,0.75
2015.06.18 22:00:58.307,1.04724,1.0475,0.37,0.75
2015.06.18 22:00:58.831,1.04724,1.04749,0.37,0.75
2015.06.18 22:01:01.863,1.04724,1.04751,0.37,0.75
2015.06.18 22:01:02.187,1.04721,1.04748,0.37,0.75
2015.06.18 22:01:02.697,1.0472,1.04748,0.75,0.75
2015.06.18 22:01:03.050,1.04719,1.04744,0.75,0.75
2015.06.18 22:01:03.101,1.04716,1.04744,1.87,0.75
2015.06.18 22:01:03.662,1.04716,1.04743,0.75,0.75
2015.06.18 22:01:04.486,1.04716,1.04742,0.75,0.75
2015.06.18 22:01:04.537,1.04716,1.04744,0.75,1.50
2015.06.18 22:01:04.793,1.04718,1.04744,0.37,1.50
2015.06.18 22:01:06.612,1.04716,1.04744,0.75,1.50
2015.06.18 22:01:07.402,1.04712,1.04745,0.75,0.75
2015.06.18 22:01:07.949,1.04713,1.04747,0.75,0.75
2015.06.18 22:01:10.208,1.04716,1.04747,0.37,0.75
2015.06.18 22:01:10.412,1.04712,1.04746,1.50,0.75
2015.06.18 22:01:10.777,1.04716,1.04747,0.37,0.75
2015.06.18 22:01:12.028,1.04716,1.04748,0.37,0.75
2015.06.18 22:01:17.054,1.04716,1.04749,0.37,0.75
2015.06.18 22:01:18.808,1.04716,1.04748,0.37,0.75
2015.06.18 22:01:20.923,1.04715,1.04748,0.37,0.75
2015.06.18 22:01:21.659,1.04715,1.04747,0.37,0.75
2015.06.18 22:01:22.167,1.04715,1.04748,0.37,0.75
2015.06.18 22:01:24.542,1.04716,1.04748,0.37,0.75
2015.06.18 22:01:26.299,1.04716,1.04749,0.37,0.75
2015.06.18 22:01:29.152,1.04716,1.04748,0.37,0.75
2015.06.18 22:01:31.360,1.04714,1.04748,1.12,0.75
2015.06.18 22:01:33.648,1.04717,1.04748,0.37,0.75
2015.06.18 22:01:34.541,1.04716,1.04748,0.37,0.75
2015.06.18 22:01:35.219,1.04716,1.0475,1.12,0.75
2015.06.18 22:01:38.967,1.04714,1.04748,0.75,0.75
2015.06.18 22:01:40.180,1.04715,1.04749,0.75,0.75
2015.06.18 22:01:40.516,1.04717,1.04751,0.75,0.75
2015.06.18 22:01:41.042,1.04718,1.04752,0.75,0.75
2015.06.18 22:01:55.121,1.04719,1.04753,0.75,0.75
2015.06.18 22:01:58.177,1.04718,1.04752,0.75,0.75
2015.06.18 22:02:14.799,1.04719,1.04753,0.75,0.75
2015.06.18 22:02:41.187,1.04718,1.04752,0.75,0.75
2015.06.18 22:02:41.695,1.04719,1.04753,0.75,0.75
2015.06.18 22:03:13.652,1.04723,1.04757,0.75,0.75
2015.06.18 22:03:14.007,1.04725,1.04759,0.75,0.75
2015.06.18 22:03:17.758,1.04721,1.04755,0.75,0.75
2015.06.18 22:03:18.586,1.0472,1.04754,0.75,0.75
2015.06.18 22:03:20.714,1.04722,1.04756,0.75,0.75
2015.06.18 22:03:21.019,1.0472,1.04754,0.75,0.75
2015.06.18 22:03:21.526,1.04721,1.04755,0.75,0.75
2015.06.18 22:03:22.097,1.0472,1.04754,0.75,0.75
2015.06.18 22:03:22.625,1.04721,1.04755,0.75,0.75
2015.06.18 22:03:23.246,1.0472,1.04754,0.75,0.75
2015.06.18 22:03:28.089,1.04721,1.04755,0.75,0.75
2015.06.18 22:03:28.597,1.0472,1.04754,0.75,0.75
2015.06.18 22:03:29.736,1.04721,1.04755,0.75,0.75
2015.06.18 22:03:30.041,1.04724,1.04758,0.75,0.75
2015.06.18 22:03:30.345,1.04722,1.04756,0.75,0.75
2015.06.18 22:03:30.882,1.04721,1.04755,0.75,0.75
2015.06.18 22:03:31.788,1.04722,1.04756,0.75,0.75
2015.06.18 22:03:33.805,1.04725,1.04759,0.75,0.75
2015.06.18 22:03:34.437,1.04721,1.04755,0.75,0.75
2015.06.18 22:03:41.052,1.04719,1.04753,0.75,0.75
2015.06.18 22:03:41.556,1.0472,1.04754,0.75,0.75
2015.06.18 22:03:42.812,1.04721,1.04755,0.75,0.75
2015.06.18 22:03:43.129,1.04719,1.04753,0.75,0.75
2015.06.18 22:03:43.433,1.04721,1.04755,0.75,0.75
2015.06.18 22:03:44.516,1.0472,1.04754,0.75,0.75
2015.06.18 22:03:44.825,1.04716,1.04749,0.75,0.37
2015.06.18 22:03:45.130,1.04713,1.04746,0.75,0.37
2015.06.18 22:03:45.771,1.04712,1.04746,0.75,0.75
2015.06.18 22:03:46.895,1.04713,1.04747,0.75,0.75
2015.06.18 22:03:47.520,1.04712,1.04746,0.75,0.75
2015.06.18 22:03:51.590,1.04711,1.04745,0.75,0.75
2015.06.18 22:03:52.017,1.04705,1.04739,0.75,0.75
2015.06.18 22:03:52.936,1.04703,1.04737,0.75,0.75
2015.06.18 22:03:55.559,1.04704,1.04738,0.75,0.75
2015.06.18 22:03:56.429,1.04703,1.04737,0.75,0.75
2015.06.18 22:03:56.938,1.04704,1.04738,0.75,0.75
2015.06.18 22:03:57.490,1.04703,1.04737,0.75,0.75
2015.06.18 22:03:58.016,1.04704,1.04738,0.75,0.75
2015.06.18 22:03:59.329,1.04703,1.04737,0.75,0.75
2015.06.18 22:04:00.288,1.04704,1.04738,0.75,0.75
2015.06.18 22:04:00.804,1.04703,1.04737,0.75,0.75
2015.06.18 22:04:01.312,1.04704,1.04738,0.75,0.75
2015.06.18 22:04:01.972,1.04705,1.04739,1.00,1.00
2015.06.18 22:04:02.481,1.04706,1.0474,1.00,1.00
2015.06.18 22:04:05.025,1.04707,1.04741,1.00,1.00
2015.06.18 22:04:09.319,1.04709,1.04743,1.00,1.00
2015.06.18 22:04:09.676,1.04711,1.04745,1.00,1.12
2015.06.18 22:04:10.185,1.04712,1.04746,1.00,1.00
2015.06.18 22:04:10.647,1.04714,1.04748,1.00,1.00
2015.06.18 22:04:12.790,1.04714,1.04748,1.00,1.50
2015.06.18 22:04:14.297,1.04714,1.04748,1.00,1.37
2015.06.18 22:04:14.400,1.0471,1.04744,1.00,1.00
2015.06.18 22:04:15.679,1.04709,1.04743,1.00,1.00
2015.06.18 22:04:16.187,1.04708,1.04742,1.00,1.00
2015.06.18 22:04:17.097,1.04709,1.04743,1.00,1.00
2015.06.18 22:04:17.627,1.04708,1.04742,1.00,1.00
2015.06.18 22:04:24.683,1.04709,1.04743,1.00,1.00
2015.06.18 22:04:25.193,1.04708,1.04742,1.00,1.00
2015.06.18 22:04:26.354,1.04709,1.04743,1.00,1.00
2015.06.18 22:04:26.712,1.04707,1.04741,1.00,1.00
2015.06.18 22:04:30.425,1.04709,1.04743,1.00,1.00
2015.06.18 22:04:31.097,1.04708,1.04742,1.00,1.00
2015.06.18 22:04:32.848,1.0471,1.04744,1.00,1.00
2015.06.18 22:04:33.356,1.04711,1.04745,1.00,1.00
2015.06.18 22:04:33.661,1.04709,1.04743,1.00,1.00
2015.06.18 22:04:34.187,1.04708,1.04742,1.00,1.00
2015.06.18 22:04:34.599,1.0471,1.04744,1.00,1.00
2015.06.18 22:04:34.966,1.04708,1.04742,1.00,1.00
2015.06.18 22:04:36.815,1.04709,1.04743,1.00,1.00
2015.06.18 22:04:37.504,1.04708,1.04742,1.00,1.00
2015.06.18 22:04:39.785,1.04709,1.04743,1.00,1.00
2015.06.18 22:04:42.314,1.04708,1.04742,1.00,1.00
2015.06.18 22:04:43.213,1.04708,1.04742,1.00,1.37
2015.06.18 22:04:43.315,1.04704,1.04738,1.00,1.00
2015.06.18 22:04:43.417,1.04706,1.0474,1.00,1.00
2015.06.18 22:04:43.939,1.04707,1.04741,1.00,1.00
2015.06.18 22:04:44.464,1.04706,1.0474,1.00,1.00
2015.06.18 22:04:45.035,1.04707,1.04741,1.00,1.00
2015.06.18 22:04:45.814,1.04706,1.0474,1.00,1.00
2015.06.18 22:04:46.322,1.04707,1.04741,1.00,1.00
2015.06.18 22:04:46.627,1.04707,1.04741,1.00,1.37
2015.06.18 22:04:47.156,1.04706,1.0474,1.00,1.00
2015.06.18 22:04:47.678,1.04707,1.04741,1.00,1.37
2015.06.18 22:04:48.345,1.04706,1.0474,1.00,1.12
2015.06.18 22:04:48.878,1.04707,1.04741,1.00,1.37
2015.06.18 22:04:49.401,1.04707,1.04741,1.00,1.37
2015.06.18 22:04:49.503,1.04707,1.04741,1.00,1.00
2015.06.18 22:04:50.020,1.04708,1.04742,1.00,1.37
2015.06.18 22:04:50.529,1.04707,1.04741,1.00,1.37
2015.06.18 22:04:50.937,1.04707,1.04741,1.00,1.37
2015.06.18 22:04:51.657,1.04706,1.0474,1.00,1.12
2015.06.18 22:04:52.064,1.04705,1.04739,1.00,1.37
2015.06.18 22:04:52.218,1.04703,1.04737,1.00,1.00
2015.06.18 22:04:52.841,1.04704,1.04738,1.00,1.00
2015.06.18 22:04:53.525,1.04706,1.0474,1.00,1.00
2015.06.18 22:04:53.829,1.04703,1.04737,1.00,1.00
2015.06.18 22:04:54.856,1.04704,1.04738,1.00,1.00
2015.06.18 22:04:55.368,1.04703,1.04737,1.00,1.00
2015.06.18 22:04:55.877,1.04704,1.04738,1.00,1.00
2015.06.18 22:04:56.385,1.04703,1.04737,1.00,1.00
2015.06.18 22:04:56.690,1.04701,1.04735,1.00,1.00
2015.06.18 22:04:57.202,1.04702,1.04736,1.00,1.00
2015.06.18 22:04:57.713,1.04703,1.04737,1.00,1.00
2015.06.18 22:04:58.240,1.04704,1.04738,1.00,1.37
2015.06.18 22:04:58.496,1.04702,1.04736,1.00,1.00
2015.06.18 22:04:59.255,1.04703,1.04737,1.00,1.00
2015.06.18 22:05:00.598,1.04704,1.04738,1.00,1.00
2015.06.18 22:05:01.106,1.04703,1.04737,1.00,1.00
2015.06.18 22:05:01.725,1.04704,1.04738,1.00,1.00
2015.06.18 22:05:01.777,1.04704,1.04738,1.00,1.37
2015.06.18 22:05:02.294,1.04705,1.04739,1.00,1.37
2015.06.18 22:05:02.447,1.04703,1.04737,1.00,1.12
2015.06.18 22:05:03.046,1.04702,1.04736,1.00,1.00
2015.06.18 22:05:03.978,1.04703,1.04737,1.00,1.37
2015.06.18 22:05:04.285,1.04703,1.04737,1.00,1.00
2015.06.18 22:05:04.663,1.04697,1.04731,1.00,1.00
2015.06.18 22:05:05.324,1.04698,1.04732,1.00,1.00
2015.06.18 22:05:06.214,1.04697,1.04731,1.00,1.00
2015.06.18 22:05:07.048,1.04696,1.0473,1.00,1.00
2015.06.18 22:05:07.976,1.04697,1.04731,1.00,1.00
2015.06.18 22:05:08.282,1.04695,1.04729,1.00,1.00
2015.06.18 22:05:08.789,1.04696,1.0473,1.00,1.00
2015.06.18 22:05:10.277,1.04697,1.04731,1.00,1.00
2015.06.18 22:05:10.911,1.04697,1.04731,1.00,1.37
2015.06.18 22:05:11.013,1.04698,1.04732,1.00,1.00
2015.06.18 22:05:11.522,1.04699,1.04733,1.00,1.00
2015.06.18 22:05:12.080,1.04698,1.04732,1.00,1.00
2015.06.18 22:05:15.229,1.047,1.04734,1.00,1.00
2015.06.18 22:05:15.742,1.04701,1.04735,1.00,1.00
2015.06.18 22:05:18.733,1.04702,1.04736,1.00,1.00
2015.06.18 22:05:20.068,1.04703,1.04737,1.00,1.00
2015.06.18 22:05:33.167,1.04705,1.04739,1.00,1.00
2015.06.18 22:05:33.676,1.04704,1.04738,1.00,1.00
2015.06.18 22:05:34.376,1.04703,1.04737,1.00,1.00
2015.06.18 22:05:41.388,1.04704,1.04738,1.00,1.00
2015.06.18 22:05:45.902,1.04705,1.04739,1.00,1.00
2015.06.18 22:05:50.140,1.04704,1.04738,1.00,1.00
2015.06.18 22:05:50.878,1.04705,1.04739,1.00,1.00
2015.06.18 22:05:51.183,1.04703,1.04737,1.00,1.00
2015.06.18 22:05:51.488,1.04705,1.04739,1.00,1.00
2015.06.18 22:05:51.837,1.04703,1.04737,1.00,1.00
2015.06.18 22:05:56.273,1.04704,1.04738,1.00,1.00
2015.06.18 22:06:00.440,1.04705,1.04739,1.00,1.00
2015.06.18 22:06:01.748,1.04704,1.04738,1.00,1.00
2015.06.18 22:06:02.274,1.04705,1.04739,1.00,1.12
2015.06.18 22:06:04.379,1.04706,1.0474,1.00,1.00
2015.06.18 22:06:07.129,1.04707,1.04741,1.00,1.00
2015.06.18 22:06:11.233,1.04706,1.0474,1.00,1.00
2015.06.18 22:06:12.296,1.04707,1.04741,1.00,1.00
2015.06.18 22:06:12.651,1.04709,1.04743,1.00,1.37
2015.06.18 22:06:13.442,1.0471,1.04744,1.00,1.37
2015.06.18 22:06:13.961,1.04709,1.04743,1.00,1.00
2015.06.18 22:06:14.715,1.0471,1.04744,1.00,1.12
2015.06.18 22:06:15.020,1.0471,1.04744,1.00,1.37
2015.06.18 22:06:15.580,1.04709,1.04743,1.00,1.37
2015.06.18 22:06:17.027,1.0471,1.04744,1.00,1.37
2015.06.18 22:06:17.534,1.04709,1.04743,1.00,1.37
2015.06.18 22:06:18.827,1.0471,1.04744,1.00,1.37
2015.06.18 22:06:19.132,1.04711,1.04745,1.00,1.00
2015.06.18 22:06:19.487,1.04709,1.04743,1.00,1.00
2015.06.18 22:06:20.239,1.0471,1.04744,1.00,1.00
2015.06.18 22:06:20.596,1.04712,1.04746,1.00,1.00
2015.06.18 22:06:21.120,1.04711,1.04745,1.00,1.12
2015.06.18 22:06:21.757,1.04712,1.04746,1.00,1.37
2015.06.18 22:06:22.215,1.04711,1.04745,1.00,1.37
2015.06.18 22:06:24.633,1.0471,1.04744,1.00,1.37
2015.06.18 22:06:25.422,1.0471,1.04744,1.00,1.00
2015.06.18 22:06:26.934,1.04711,1.04745,1.00,1.12
2015.06.18 22:06:28.465,1.0471,1.04744,1.00,1.00
2015.06.18 22:06:29.048,1.04711,1.04745,1.00,1.12
2015.06.18 22:06:29.484,1.04711,1.04745,1.00,1.37
2015.06.18 22:06:29.737,1.04711,1.04745,1.00,1.00
2015.06.18 22:06:30.043,1.04709,1.04743,1.00,1.12
2015.06.18 22:06:31.636,1.04709,1.04743,1.00,1.37
2015.06.18 22:06:32.177,1.0471,1.04744,1.00,1.37
2015.06.18 22:06:32.330,1.0471,1.04744,1.00,1.12
2015.06.18 22:06:32.533,1.0471,1.04744,1.00,1.37
2015.06.18 22:06:32.635,1.0471,1.04744,1.00,1.00
2015.06.18 22:06:33.235,1.04711,1.04745,1.00,1.00
2015.06.18 22:06:34.668,1.04711,1.04745,1.00,1.37
2015.06.18 22:06:38.648,1.04711,1.04745,1.00,1.37
2015.06.18 22:06:39.250,1.0471,1.04744,1.00,1.37
2015.06.18 22:06:41.359,1.0471,1.04744,1.00,1.37
2015.06.18 22:06:42.880,1.04709,1.04743,1.00,1.12
2015.06.18 22:06:43.424,1.0471,1.04744,1.00,1.37
2015.06.18 22:06:55.857,1.04712,1.04746,1.00,1.37
2015.06.18 22:06:55.908,1.04712,1.04746,1.00,1.00
2015.06.18 22:06:56.011,1.04715,1.04749,1.00,1.00
2015.06.18 22:06:56.316,1.04718,1.04752,1.00,1.00
2015.06.18 22:06:56.846,1.04717,1.04751,1.00,1.00
2015.06.18 22:06:59.155,1.04718,1.04752,1.00,1.37
2015.06.18 22:06:59.663,1.04718,1.04752,1.00,1.12
2015.06.18 22:07:00.194,1.04719,1.04753,1.00,1.37
2015.06.18 22:07:01.621,1.04718,1.04752,1.00,1.37
2015.06.18 22:07:02.157,1.04718,1.04752,1.00,1.00
2015.06.18 22:07:03.159,1.04719,1.04753,1.00,1.37
2015.06.18 22:07:04.206,1.04719,1.04753,1.00,1.00
2015.06.18 22:07:04.532,1.04718,1.04752,1.00,1.37
2015.06.18 22:07:05.316,1.04719,1.04753,1.00,1.37
2015.06.18 22:07:05.519,1.04719,1.04753,1.00,1.00
2015.06.18 22:07:05.621,1.04719,1.04753,1.00,1.37
2015.06.18 22:07:06.127,1.04718,1.04752,1.00,1.37
2015.06.18 22:07:07.924,1.04718,1.04752,1.00,1.00
2015.06.18 22:07:08.869,1.04718,1.04752,1.00,1.37
2015.06.18 22:07:09.429,1.04718,1.04752,1.00,1.37
2015.06.18 22:07:11.253,1.04719,1.04753,1.00,1.37
2015.06.18 22:07:11.771,1.04718,1.04752,1.00,1.37
2015.06.18 22:07:13.376,1.04719,1.04753,1.00,1.37
2015.06.18 22:07:13.878,1.04718,1.04752,1.00,1.00
2015.06.18 22:07:14.410,1.04717,1.04751,1.00,1.00
2015.06.18 22:07:14.933,1.04716,1.0475,1.00,1.12
2015.06.18 22:07:15.468,1.04717,1.04751,1.00,1.00
2015.06.18 22:07:15.986,1.04719,1.04753,1.00,1.12
2015.06.18 22:07:16.494,1.0472,1.04754,1.00,1.00
2015.06.18 22:07:17.208,1.04721,1.04755,1.00,1.00
2015.06.18 22:07:17.727,1.0472,1.04754,1.00,1.00
2015.06.18 22:07:23.488,1.04719,1.04753,1.00,1.00
2015.06.18 22:07:24.586,1.0472,1.04754,1.00,1.12
2015.06.18 22:07:25.336,1.04719,1.04753,1.00,1.00
2015.06.18 22:07:30.762,1.04718,1.04752,1.00,1.00
2015.06.18 22:07:31.870,1.04719,1.04753,1.00,1.00
2015.06.18 22:07:32.384,1.04718,1.04752,1.00,1.00
2015.06.18 22:07:33.932,1.04719,1.04753,1.00,1.00
2015.06.18 22:07:34.437,1.04718,1.04752,1.00,1.00
2015.06.18 22:07:37.794,1.04717,1.04751,1.00,1.00
2015.06.18 22:07:41.204,1.04716,1.0475,1.00,1.00
2015.06.18 22:07:42.316,1.04717,1.04751,1.00,1.00
2015.06.18 22:07:44.740,1.04718,1.04752,1.00,1.00
2015.06.18 22:07:45.067,1.04723,1.04757,1.00,1.00
2015.06.18 22:07:45.373,1.04726,1.0476,1.00,1.87
2015.06.18 22:07:45.933,1.04725,1.04759,1.00,1.00
2015.06.18 22:07:47.030,1.04726,1.0476,1.00,1.87
2015.06.18 22:07:48.876,1.04727,1.04761,1.00,1.00
2015.06.18 22:07:49.643,1.04726,1.0476,1.00,1.00
2015.06.18 22:07:53.301,1.04725,1.04759,1.00,1.00
2015.06.18 22:07:55.482,1.04724,1.04758,1.00,1.00
2015.06.18 22:07:56.109,1.04724,1.04758,1.00,1.37
2015.06.18 22:07:56.709,1.04725,1.04759,1.00,1.37
2015.06.18 22:07:57.217,1.04726,1.0476,1.00,1.37
2015.06.18 22:07:57.782,1.04727,1.04761,1.00,1.87
2015.06.18 22:07:58.694,1.04727,1.04761,1.00,1.87
2015.06.18 22:08:01.494,1.04727,1.04761,1.00,1.87
2015.06.18 22:08:02.074,1.04727,1.04761,1.00,1.87
2015.06.18 22:08:13.755,1.04727,1.04761,1.00,1.87
2015.06.18 22:08:13.959,1.04727,1.04761,1.00,1.87
2015.06.18 22:08:14.974,1.04727,1.04761,1.00,1.87
2015.06.18 22:08:15.482,1.04726,1.0476,1.00,1.37
2015.06.18 22:08:16.392,1.04727,1.04761,1.00,1.87
2015.06.18 22:08:17.733,1.04726,1.0476,1.00,1.37
2015.06.18 22:08:19.012,1.04726,1.0476,1.00,1.00
2015.06.18 22:08:19.419,1.04726,1.0476,1.00,1.37
2015.06.18 22:08:19.572,1.04726,1.0476,1.00,1.12
2015.06.18 22:08:19.674,1.04726,1.0476,1.00,1.37
2015.06.18 22:08:19.975,1.04726,1.0476,1.00,1.12
2015.06.18 22:08:20.072,1.04726,1.0476,1.00,1.37
2015.06.18 22:08:20.482,1.04726,1.0476,1.00,1.37
2015.06.18 22:08:21.376,1.04726,1.0476,1.00,1.12
2015.06.18 22:08:21.778,1.04726,1.0476,1.00,1.37
2015.06.18 22:08:22.377,1.04727,1.04761,1.00,1.87
2015.06.18 22:08:25.128,1.04727,1.04761,1.00,1.87
2015.06.18 22:08:26.708,1.04727,1.04761,1.00,1.87
2015.06.18 22:08:30.163,1.04726,1.0476,1.00,1.37
2015.06.18 22:08:30.784,1.04727,1.04761,1.00,1.87
2015.06.18 22:08:31.089,1.04727,1.04761,1.00,1.87
2015.06.18 22:08:31.596,1.04726,1.0476,1.00,1.37
2015.06.18 22:08:32.647,1.04727,1.04761,1.00,1.87
2015.06.18 22:08:33.196,1.04728,1.04761,1.00,1.37
2015.06.18 22:08:34.863,1.04726,1.0476,1.00,1.37
2015.06.18 22:08:35.117,1.04721,1.04755,1.00,1.00
2015.06.18 22:08:35.219,1.04718,1.04752,1.00,1.00
2015.06.18 22:08:35.726,1.04717,1.04751,1.16,1.00
2015.06.18 22:08:36.104,1.04727,1.04761,1.00,1.87
2015.06.18 22:08:36.307,1.04723,1.04757,1.00,1.00
2015.06.18 22:08:44.216,1.04722,1.04756,1.00,1.00
2015.06.18 22:08:45.672,1.04723,1.04757,1.00,1.00
2015.06.18 22:08:48.828,1.04722,1.04756,1.00,1.00
2015.06.18 22:08:50.143,1.04724,1.04758,1.00,1.00
2015.06.18 22:08:50.652,1.04723,1.04757,1.00,1.00
2015.06.18 22:08:51.331,1.04724,1.04758,1.00,1.00
2015.06.18 22:08:51.848,1.04723,1.04757,1.00,1.00
2015.06.18 22:08:55.681,1.04722,1.04756,1.00,1.00
2015.06.18 22:08:56.189,1.04723,1.04757,1.00,1.00
2015.06.18 22:08:58.854,1.04722,1.04756,1.00,1.00
2015.06.18 22:09:01.518,1.04723,1.04757,1.00,1.00
2015.06.18 22:09:05.135,1.04722,1.04756,1.00,1.00
2015.06.18 22:09:06.241,1.04723,1.04757,1.00,1.00
2015.06.18 22:09:10.285,1.04722,1.04756,1.00,1.00
2015.06.18 22:09:11.733,1.04723,1.04757,1.00,1.00
2015.06.18 22:09:12.589,1.04729,1.04763,1.00,1.00
2015.06.18 22:09:12.914,1.04889,1.04927,1.00,1.00
2015.06.18 22:09:12.965,1.04893,1.04928,1.00,1.00
2015.06.18 22:09:13.069,1.04897,1.04941,1.12,1.50
2015.06.18 22:09:13.121,1.04897,1.04934,1.12,1.00
2015.06.18 22:09:13.293,1.04897,1.04941,1.12,1.00
2015.06.18 22:09:13.344,1.0492,1.04933,1.66,1.00
2015.06.18 22:09:13.497,1.04909,1.04921,1.00,1.00
2015.06.18 22:09:13.549,1.049,1.04924,1.00,1.00
2015.06.18 22:09:13.600,1.04913,1.04925,1.00,1.12
2015.06.18 22:09:13.928,1.04907,1.04917,1.00,1.00
2015.06.18 22:09:13.980,1.04907,1.04929,1.00,1.00
2015.06.18 22:09:14.185,1.04893,1.04934,1.67,1.00
2015.06.18 22:09:14.237,1.04893,1.04938,1.67,1.50
2015.06.18 22:09:14.560,1.049,1.04932,1.67,1.00
2015.06.18 22:09:14.716,1.04896,1.04926,1.67,1.00
2015.06.18 22:09:14.819,1.04884,1.04926,2.92,1.00
2015.06.18 22:09:14.924,1.04884,1.04926,2.92,1.00
2015.06.18 22:09:15.027,1.04901,1.04926,1.00,1.00
2015.06.18 22:09:15.130,1.04899,1.04926,1.00,1.50
2015.06.18 22:09:15.418,1.04908,1.04926,1.00,1.50
2015.06.18 22:09:15.470,1.04901,1.04926,1.00,1.50
2015.06.18 22:09:15.674,1.04907,1.04926,1.00,1.50
2015.06.18 22:09:15.777,1.04901,1.04926,1.00,1.50
2015.06.18 22:09:16.178,1.04899,1.04924,1.00,1.00
2015.06.18 22:09:16.690,1.04895,1.04924,1.00,1.00
2015.06.18 22:09:17.185,1.04897,1.04918,1.00,1.00
2015.06.18 22:09:17.339,1.04895,1.04918,1.00,1.00
2015.06.18 22:09:17.763,1.04899,1.04918,1.00,1.00
2015.06.18 22:09:18.424,1.04904,1.04918,1.00,1.00
2015.06.18 22:09:18.680,1.04897,1.04918,1.00,1.00
2015.06.18 22:09:18.782,1.04899,1.04918,1.00,1.00
2015.06.18 22:09:18.884,1.04897,1.04918,1.00,1.00
2015.06.18 22:09:19.245,1.04906,1.04918,1.00,1.00
2015.06.18 22:09:19.305,1.04899,1.04918,1.00,1.00
2015.06.18 22:09:19.508,1.04899,1.04924,1.00,1.00
2015.06.18 22:09:19.560,1.04901,1.04924,1.00,1.00
2015.06.18 22:09:19.663,1.04898,1.04924,1.00,1.00
2015.06.18 22:09:19.969,1.04895,1.04924,1.00,1.00
2015.06.18 22:09:20.291,1.04893,1.04899,1.00,1.00
2015.06.18 22:09:20.393,1.04893,1.04903,1.00,1.00
2015.06.18 22:09:20.445,1.04895,1.04903,1.00,1.00
2015.06.18 22:09:20.497,1.04896,1.04905,1.00,1.00
2015.06.18 22:09:20.601,1.04895,1.0492,1.00,1.12
2015.06.18 22:09:20.652,1.04894,1.04928,1.00,1.50
2015.06.18 22:09:20.704,1.04894,1.0492,1.00,1.00
2015.06.18 22:09:21.033,1.04891,1.04924,1.00,1.00
2015.06.18 22:09:21.086,1.04891,1.0492,1.00,1.00
2015.06.18 22:09:21.190,1.04891,1.04923,1.00,1.00
2015.06.18 22:09:21.293,1.04881,1.04917,1.00,1.00
2015.06.18 22:09:21.395,1.04881,1.04913,1.00,1.00
2015.06.18 22:09:21.447,1.0487,1.04913,1.00,1.00
2015.06.18 22:09:21.499,1.04867,1.04906,1.50,1.00
2015.06.18 22:09:21.550,1.04857,1.04904,1.00,1.00
2015.06.18 22:09:21.654,1.04853,1.04911,1.00,1.00
2015.06.18 22:09:21.925,1.04848,1.04913,1.00,1.00
2015.06.18 22:09:22.079,1.04846,1.04914,1.00,1.00
2015.06.18 22:09:22.130,1.04843,1.04914,1.50,1.00
2015.06.18 22:09:22.182,1.04843,1.04905,1.50,1.00
2015.06.18 22:09:22.489,1.04837,1.04889,1.00,1.87
2015.06.18 22:09:22.541,1.04828,1.04889,1.00,1.00
2015.06.18 22:09:22.645,1.04824,1.04889,1.00,1.00
2015.06.18 22:09:22.872,1.04812,1.04886,1.00,1.00
2015.06.18 22:09:22.923,1.04815,1.04886,1.00,1.00
2015.06.18 22:09:22.974,1.04816,1.04891,1.00,1.00
2015.06.18 22:09:23.077,1.04818,1.04891,1.00,1.00
2015.06.18 22:09:23.382,1.0482,1.04887,1.00,1.00
2015.06.18 22:09:23.484,1.04818,1.04889,1.00,1.00
2015.06.18 22:09:23.586,1.04821,1.04895,1.00,1.00
2015.06.18 22:09:24.025,1.0482,1.04889,1.00,1.00
2015.06.18 22:09:24.077,1.04814,1.04888,1.00,1.00
2015.06.18 22:09:24.180,1.04813,1.04884,1.37,1.00
2015.06.18 22:09:24.333,1.0481,1.04884,1.00,1.00
2015.06.18 22:09:24.384,1.04812,1.04879,1.00,1.00
2015.06.18 22:09:24.588,1.04805,1.04879,1.00,1.00
2015.06.18 22:09:24.691,1.04808,1.04877,1.00,1.00
2015.06.18 22:09:25.026,1.04846,1.04887,1.00,1.00
2015.06.18 22:09:25.078,1.04846,1.04905,1.00,1.87
2015.06.18 22:09:25.130,1.04843,1.04905,1.00,1.87
2015.06.18 22:09:25.285,1.04839,1.04903,1.00,1.00
2015.06.18 22:09:25.336,1.04839,1.049,1.00,1.00
2015.06.18 22:09:25.389,1.04833,1.04899,1.00,1.00
2015.06.18 22:09:25.440,1.04839,1.04899,1.00,1.00
2015.06.18 22:09:25.491,1.04851,1.04915,1.00,1.00
2015.06.18 22:09:25.594,1.04854,1.04925,1.00,1.00
2015.06.18 22:09:25.819,1.04868,1.0493,1.00,1.00
2015.06.18 22:09:25.871,1.04864,1.04929,1.00,1.00
2015.06.18 22:09:26.551,1.04863,1.04923,1.00,1.00
2015.06.18 22:09:26.654,1.04859,1.04923,1.00,1.00
2015.06.18 22:09:26.982,1.04858,1.04916,1.00,1.00
2015.06.18 22:09:27.034,1.04852,1.04916,1.00,1.00
2015.06.18 22:09:27.237,1.04852,1.0491,1.00,1.00
2015.06.18 22:09:27.339,1.04844,1.04908,1.00,1.00
2015.06.18 22:09:27.443,1.04844,1.04905,1.00,1.00
2015.06.18 22:09:27.494,1.0484,1.04904,1.00,1.00
2015.06.18 22:09:28.471,1.04842,1.04904,1.00,1.12
2015.06.18 22:09:28.900,1.04819,1.0488,1.00,1.00
2015.06.18 22:09:29.054,1.04835,1.04899,1.00,1.50
2015.06.18 22:09:29.216,1.04835,1.04886,1.00,1.00
2015.06.18 22:09:29.268,1.04829,1.04886,1.00,1.00
2015.06.18 22:09:29.319,1.04829,1.04893,1.00,1.00
2015.06.18 22:09:29.372,1.04822,1.04887,1.00,1.00
2015.06.18 22:09:29.869,1.04824,1.04887,1.00,1.00
2015.06.18 22:09:30.073,1.04819,1.04883,1.00,1.00
2015.06.18 22:09:30.277,1.04814,1.04878,1.00,1.00
2015.06.18 22:09:30.582,1.04818,1.04875,1.00,1.00
2015.06.18 22:09:30.633,1.04818,1.04877,1.00,1.00
2015.06.18 22:09:30.824,1.04822,1.04878,1.00,1.00
2015.06.18 22:09:30.875,1.0482,1.04879,1.00,1.00
2015.06.18 22:09:31.079,1.04829,1.04863,1.00,1.00
2015.06.18 22:09:31.436,1.04827,1.04864,1.00,1.00
2015.06.18 22:09:31.538,1.04824,1.04862,1.00,1.00
2015.06.18 22:09:31.742,1.04828,1.04862,1.00,1.00
2015.06.18 22:09:31.844,1.04818,1.04877,1.00,1.00
2015.06.18 22:09:32.061,1.04813,1.04877,1.00,1.00
2015.06.18 22:09:32.163,1.04829,1.04863,1.00,1.00
2015.06.18 22:09:32.427,1.04813,1.04877,1.00,1.00
2015.06.18 22:09:32.530,1.04814,1.04875,1.00,1.00
2015.06.18 22:09:32.835,1.04822,1.04869,1.00,1.00
2015.06.18 22:09:32.887,1.04821,1.04871,1.00,1.00
2015.06.18 22:09:33.161,1.0482,1.04867,1.50,1.00
2015.06.18 22:09:33.530,1.04824,1.04867,1.00,1.00
2015.06.18 22:09:33.735,1.04821,1.04871,1.00,1.00
2015.06.18 22:09:33.888,1.04817,1.04871,1.00,1.00
2015.06.18 22:09:33.940,1.04825,1.04871,1.00,1.00
2015.06.18 22:09:34.277,1.0483,1.04883,1.00,1.00
2015.06.18 22:09:34.481,1.04837,1.04877,1.00,1.00
2015.06.18 22:09:34.789,1.04837,1.04875,1.00,1.00
2015.06.18 22:09:34.841,1.04838,1.04879,1.00,1.00
2015.06.18 22:09:34.943,1.04829,1.04883,1.00,1.00
2015.06.18 22:09:34.994,1.04834,1.04883,1.00,1.00
2015.06.18 22:09:35.097,1.0483,1.04883,1.00,1.00
2015.06.18 22:09:35.319,1.04834,1.04888,1.00,1.00
2015.06.18 22:09:35.370,1.04834,1.04883,1.00,1.00
2015.06.18 22:09:35.421,1.04828,1.04882,1.50,1.00
2015.06.18 22:09:35.575,1.04832,1.04886,1.00,1.00
2015.06.18 22:09:35.880,1.04833,1.04888,1.00,1.00
2015.06.18 22:09:35.981,1.04829,1.04883,1.00,1.00
2015.06.18 22:09:36.470,1.04833,1.04883,1.00,1.00
2015.06.18 22:09:36.521,1.04834,1.04888,1.00,1.50
2015.06.18 22:09:36.827,1.04834,1.04882,1.00,1.00
2015.06.18 22:09:36.929,1.04834,1.04887,1.00,1.00
2015.06.18 22:09:36.980,1.04829,1.04883,1.00,1.00
2015.06.18 22:09:37.082,1.04824,1.04878,1.00,1.00
2015.06.18 22:09:37.360,1.04816,1.04879,1.00,1.00
2015.06.18 22:09:37.412,1.04816,1.04867,1.00,1.00
2015.06.18 22:09:37.514,1.04806,1.04867,1.00,2.25
2015.06.18 22:09:37.566,1.04806,1.04856,1.00,1.00
2015.06.18 22:09:37.617,1.04801,1.04855,1.00,1.00
2015.06.18 22:09:37.770,1.04801,1.04849,1.00,1.00
2015.06.18 22:09:37.822,1.04794,1.04848,1.00,1.00
2015.06.18 22:09:37.924,1.04794,1.04846,1.00,1.87
2015.06.18 22:09:38.026,1.0478,1.04834,1.00,1.00
2015.06.18 22:09:38.364,1.04785,1.04839,1.00,1.00
2015.06.18 22:09:39.317,1.04787,1.04839,1.00,1.00
2015.06.18 22:09:39.494,1.04792,1.04846,1.00,1.00
2015.06.18 22:09:39.545,1.04784,1.04849,1.00,1.00
2015.06.18 22:09:39.597,1.0478,1.04848,1.00,1.00
2015.06.18 22:09:39.699,1.04789,1.04843,1.00,1.00
2015.06.18 22:09:39.802,1.04778,1.04833,1.00,1.00
2015.06.18 22:09:39.905,1.04783,1.04837,1.00,1.00
2015.06.18 22:09:40.210,1.04787,1.04841,1.00,1.00
2015.06.18 22:09:40.516,1.04791,1.04845,1.00,1.00
2015.06.18 22:09:40.827,1.04784,1.04838,1.00,1.00
2015.06.18 22:09:41.132,1.04777,1.04831,1.00,1.00
2015.06.18 22:09:41.439,1.04773,1.04828,1.00,1.00
2015.06.18 22:09:41.542,1.04769,1.04839,1.00,1.00
2015.06.18 22:09:41.593,1.04774,1.04828,1.00,1.00
2015.06.18 22:09:41.939,1.04762,1.04816,1.00,1.00
2015.06.18 22:09:42.245,1.0477,1.04824,1.00,1.00
2015.06.18 22:09:42.550,1.04764,1.04818,1.00,1.00
2015.06.18 22:09:44.577,1.0476,1.04815,1.00,1.00
2015.06.18 22:09:46.122,1.04756,1.0481,1.00,1.00
2015.06.18 22:09:47.539,1.04762,1.04816,1.00,1.00
2015.06.18 22:09:47.845,1.04758,1.04812,1.00,1.00
2015.06.18 22:09:48.472,1.04762,1.04812,1.00,1.00
2015.06.18 22:09:48.523,1.04758,1.04812,1.00,1.00
2015.06.18 22:09:48.930,1.04752,1.04805,1.00,1.00
2015.06.18 22:09:49.033,1.04763,1.04817,1.00,1.00
2015.06.18 22:09:49.134,1.04756,1.0481,1.00,1.00
2015.06.18 22:09:49.718,1.0475,1.04805,1.00,1.00
2015.06.18 22:09:50.023,1.04752,1.04805,1.00,1.00
2015.06.18 22:09:52.249,1.04757,1.04811,1.00,1.00
2015.06.18 22:09:54.114,1.04764,1.04811,1.00,1.00
2015.06.18 22:09:54.166,1.04765,1.0482,1.00,1.00
2015.06.18 22:09:54.422,1.04759,1.04813,1.00,1.00
2015.06.18 22:09:55.347,1.04765,1.0482,1.00,1.00
2015.06.18 22:09:55.449,1.04759,1.04813,1.00,1.00
2015.06.18 22:09:55.756,1.04741,1.04793,1.00,1.00
2015.06.18 22:09:56.083,1.04737,1.04789,1.00,1.00
2015.06.18 22:09:57.186,1.04751,1.04789,1.00,1.00
2015.06.18 22:09:57.237,1.04752,1.04798,1.00,1.00
2015.06.18 22:09:57.289,1.04745,1.04797,1.00,1.00
2015.06.18 22:09:57.646,1.04745,1.04794,1.00,1.00
2015.06.18 22:09:57.698,1.04741,1.04793,1.00,1.00
2015.06.18 22:09:57.953,1.04745,1.04793,1.00,1.00
2015.06.18 22:09:58.004,1.04746,1.04798,1.00,1.00
2015.06.18 22:09:58.056,1.0475,1.04798,1.00,1.00
2015.06.18 22:09:58.158,1.04744,1.04796,1.00,1.00
2015.06.18 22:10:00.475,1.04748,1.04797,1.00,1.00
2015.06.18 22:10:00.527,1.04748,1.048,1.00,1.00
2015.06.18 22:10:01.378,1.04747,1.04796,1.00,1.00
2015.06.18 22:10:01.430,1.04744,1.04796,1.00,1.00
2015.06.18 22:10:01.481,1.04751,1.04797,1.00,1.00
2015.06.18 22:10:01.532,1.04751,1.04803,1.00,1.00
2015.06.18 22:10:01.838,1.04751,1.04803,1.00,1.37
2015.06.18 22:10:02.189,1.04745,1.04797,1.00,1.00
2015.06.18 22:10:03.157,1.04745,1.04797,1.00,1.50
2015.06.18 22:10:03.425,1.04745,1.04797,1.00,1.37
2015.06.18 22:10:03.528,1.04745,1.04797,1.00,1.37
2015.06.18 22:10:03.784,1.04753,1.04798,1.00,1.00
2015.06.18 22:10:03.835,1.04753,1.04805,1.00,1.00
2015.06.18 22:10:03.886,1.04757,1.04806,1.00,1.00
2015.06.18 22:10:03.937,1.04757,1.04809,1.00,1.12
2015.06.18 22:10:04.293,1.04761,1.0481,1.00,1.37
2015.06.18 22:10:04.754,1.04757,1.04809,1.00,1.75
2015.06.18 22:10:05.162,1.04753,1.04805,1.00,1.00
2015.06.18 22:10:06.762,1.04753,1.04805,1.00,1.37
2015.06.18 22:10:06.865,1.04748,1.048,1.00,1.00
2015.06.18 22:10:07.245,1.04757,1.048,1.00,1.00
2015.06.18 22:10:07.297,1.04758,1.0481,1.00,1.00
2015.06.18 22:10:07.400,1.04757,1.04801,1.00,1.00
2015.06.18 22:10:07.451,1.04749,1.04801,1.00,1.00
2015.06.18 22:10:07.503,1.04753,1.04802,1.00,1.37
2015.06.18 22:10:07.560,1.04753,1.04805,1.00,1.00
2015.06.18 22:10:07.816,1.04752,1.04794,1.00,1.00
2015.06.18 22:10:07.868,1.04742,1.04794,1.00,1.00
2015.06.18 22:10:08.099,1.04748,1.04795,1.00,1.00
2015.06.18 22:10:08.151,1.04748,1.048,1.00,1.00
2015.06.18 22:10:08.203,1.04748,1.04796,1.00,1.00
2015.06.18 22:10:08.356,1.04742,1.04794,1.00,1.00
2015.06.18 22:10:08.509,1.04741,1.04785,1.00,1.00
2015.06.18 22:10:08.561,1.04733,1.04785,1.00,1.00
2015.06.18 22:10:08.918,1.04732,1.04775,1.00,1.00
2015.06.18 22:10:08.969,1.04723,1.04775,1.37,1.00
2015.06.18 22:10:09.902,1.04728,1.04776,1.00,1.00
2015.06.18 22:10:09.953,1.04728,1.0478,1.00,1.00
2015.06.18 22:10:10.107,1.04732,1.04781,1.00,1.00
2015.06.18 22:10:10.158,1.04732,1.04784,1.00,1.00
2015.06.18 22:10:10.510,1.04731,1.04779,1.00,1.00
2015.06.18 22:10:10.562,1.04727,1.04779,1.00,1.00
2015.06.18 22:10:11.248,1.04732,1.04784,1.00,1.00
2015.06.18 22:10:13.115,1.04733,1.04785,1.00,1.00
2015.06.18 22:10:13.852,1.04727,1.04779,1.00,1.00
2015.06.18 22:10:14.159,1.04732,1.04784,1.00,1.00
2015.06.18 22:10:14.483,1.0473,1.04782,1.00,1.00
2015.06.18 22:10:16.137,1.04737,1.04783,1.00,1.00
2015.06.18 22:10:16.189,1.04737,1.04789,1.00,1.00
2015.06.18 22:10:16.240,1.04742,1.0479,1.00,1.00
2015.06.18 22:10:16.291,1.04742,1.04794,1.00,1.00
2015.06.18 22:10:16.343,1.04741,1.04786,1.00,1.00
2015.06.18 22:10:16.394,1.04734,1.04786,1.00,1.00
2015.06.18 22:10:17.047,1.04733,1.0478,1.00,1.00
2015.06.18 22:10:17.098,1.04728,1.0478,1.00,1.00
2015.06.18 22:10:18.776,1.04735,1.04787,1.00,1.00
2015.06.18 22:10:19.744,1.04727,1.04779,1.00,1.00
2015.06.18 22:10:20.740,1.04726,1.04775,1.00,1.00
2015.06.18 22:10:20.791,1.04723,1.04775,1.00,1.00
2015.06.18 22:10:24.548,1.04722,1.0477,1.00,1.00
2015.06.18 22:10:24.599,1.04718,1.0477,1.00,1.00
2015.06.18 22:10:25.147,1.04722,1.04771,1.00,1.00
2015.06.18 22:10:25.198,1.04722,1.04774,1.00,1.00
2015.06.18 22:10:31.489,1.04731,1.04783,1.00,1.00
2015.06.18 22:10:38.567,1.0473,1.04779,1.00,1.00
2015.06.18 22:10:38.619,1.04727,1.04779,1.00,1.00
2015.06.18 22:10:41.702,1.04731,1.04775,1.00,1.00
2015.06.18 22:10:42.160,1.04727,1.04778,1.00,1.00
2015.06.18 22:10:42.566,1.04733,1.04777,1.00,1.00
2015.06.18 22:10:43.230,1.04731,1.04775,1.00,1.00
2015.06.18 22:10:43.738,1.0473,1.04774,1.00,1.00
2015.06.18 22:10:44.544,1.04733,1.04778,1.00,1.00
2015.06.18 22:10:44.900,1.04732,1.04776,1.00,1.00
2015.06.18 22:10:45.771,1.0473,1.04774,1.00,1.00
2015.06.18 22:10:46.283,1.04729,1.04773,1.00,1.00
2015.06.18 22:10:46.817,1.0473,1.04774,1.00,1.00
2015.06.18 22:10:47.206,1.04728,1.04772,1.00,1.00
2015.06.18 22:10:47.737,1.04729,1.04773,1.00,1.00
2015.06.18 22:10:48.277,1.04728,1.04772,1.00,1.00
2015.06.18 22:10:48.328,1.04722,1.04774,1.50,1.50
2015.06.18 22:10:48.654,1.04733,1.04774,1.00,1.00
2015.06.18 22:10:48.705,1.04733,1.04777,1.00,1.00
2015.06.18 22:10:49.244,1.04732,1.04777,1.00,1.00
2015.06.18 22:10:49.499,1.04731,1.04775,1.00,1.00
2015.06.18 22:10:50.035,1.0473,1.04774,1.00,1.00
2015.06.18 22:10:52.355,1.04731,1.04775,1.00,1.00
2015.06.18 22:10:52.508,1.04729,1.04776,1.50,1.00
2015.06.18 22:10:52.713,1.04728,1.04772,1.00,1.00
2015.06.18 22:10:53.137,1.04731,1.04775,1.00,1.00
2015.06.18 22:10:53.443,1.04729,1.04773,1.00,1.00
2015.06.18 22:10:55.661,1.04728,1.04772,1.00,1.00
2015.06.18 22:10:56.202,1.04725,1.04764,1.00,1.00
2015.06.18 22:10:56.355,1.04712,1.04764,1.00,1.50
2015.06.18 22:10:56.663,1.04712,1.04755,1.00,1.00
2015.06.18 22:10:57.324,1.04712,1.04752,1.00,1.00
2015.06.18 22:10:57.956,1.04712,1.04753,1.00,1.00
2015.06.18 22:10:58.109,1.04711,1.04758,1.00,1.00
2015.06.18 22:10:58.162,1.04709,1.04758,1.00,1.00
2015.06.18 22:10:58.214,1.04713,1.0476,1.00,1.00
2015.06.18 22:10:58.268,1.04713,1.04765,1.00,1.00
2015.06.18 22:10:58.525,1.04724,1.04765,1.00,1.00
2015.06.18 22:10:58.627,1.04721,1.04766,1.00,1.00
2015.06.18 22:10:58.953,1.04716,1.04767,1.00,1.00
2015.06.18 22:10:59.476,1.04716,1.04768,1.00,1.00
2015.06.18 22:10:59.730,1.04716,1.04766,1.00,1.00
2015.06.18 22:11:00.263,1.04716,1.04768,1.00,1.00
2015.06.18 22:11:01.615,1.04716,1.04767,1.00,1.00
2015.06.18 22:11:02.521,1.04716,1.04768,1.00,1.00
2015.06.18 22:11:03.062,1.0472,1.0477,1.00,1.00
2015.06.18 22:11:03.367,1.0472,1.04772,1.00,1.50
2015.06.18 22:11:03.469,1.0472,1.0477,1.00,1.00
2015.06.18 22:11:03.999,1.0472,1.04769,1.00,1.00
2015.06.18 22:11:04.277,1.0472,1.04772,1.00,1.00
2015.06.18 22:11:04.455,1.0472,1.04768,1.00,1.00
2015.06.18 22:11:04.965,1.0472,1.04769,1.00,1.00
2015.06.18 22:11:05.133,1.0472,1.04772,1.00,1.00
2015.06.18 22:11:05.337,1.04719,1.04768,1.00,1.00
2015.06.18 22:11:05.389,1.04716,1.04768,1.00,1.00
2015.06.18 22:11:06.913,1.04718,1.04768,1.00,1.00
2015.06.18 22:11:07.218,1.0472,1.04764,1.00,1.00
2015.06.18 22:11:07.421,1.04716,1.04768,1.00,1.00
2015.06.18 22:11:07.778,1.04722,1.0477,1.00,1.00
2015.06.18 22:11:08.771,1.04723,1.0477,1.00,1.00
2015.06.18 22:11:10.547,1.04722,1.04774,1.00,1.00
2015.06.18 22:11:10.649,1.04722,1.04772,1.00,1.00
2015.06.18 22:11:11.021,1.0472,1.04764,1.50,1.00
2015.06.18 22:11:11.530,1.0472,1.04763,1.00,1.00
2015.06.18 22:11:11.733,1.0472,1.04765,1.00,1.00
2015.06.18 22:11:12.355,1.0472,1.04764,1.50,1.00
2015.06.18 22:11:12.955,1.04721,1.04765,1.00,1.00
2015.06.18 22:11:13.489,1.0472,1.04764,1.50,1.00
2015.06.18 22:11:13.693,1.0472,1.04761,1.00,1.00
2015.06.18 22:11:14.231,1.0472,1.04762,1.00,1.00
2015.06.18 22:11:14.694,1.04725,1.04769,1.00,1.00
2015.06.18 22:11:14.949,1.0472,1.04769,1.00,1.00
2015.06.18 22:11:15.051,1.0472,1.04772,1.00,1.00
2015.06.18 22:11:15.260,1.0472,1.04766,1.00,1.00
2015.06.18 22:11:15.362,1.0472,1.04769,1.00,1.00
2015.06.18 22:11:15.566,1.04721,1.04765,1.00,1.00
2015.06.18 22:11:16.074,1.0472,1.04764,1.50,1.00
2015.06.18 22:11:17.450,1.0472,1.04763,1.00,1.00
2015.06.18 22:11:18.126,1.0472,1.04764,1.50,1.00
2015.06.18 22:11:18.330,1.04715,1.04765,1.00,1.00
2015.06.18 22:11:18.432,1.04715,1.04762,1.00,1.00
2015.06.18 22:11:18.534,1.04715,1.04766,1.00,1.00
2015.06.18 22:11:18.891,1.04715,1.04764,1.00,1.00
2015.06.18 22:11:19.323,1.0472,1.04767,1.00,1.00
2015.06.18 22:11:19.834,1.04721,1.04766,1.00,1.00
2015.06.18 22:11:20.089,1.04721,1.04768,1.50,1.00
2015.06.18 22:11:20.446,1.04725,1.04772,1.00,1.00
2015.06.18 22:11:20.755,1.04721,1.04773,1.00,1.00
2015.06.18 22:11:20.859,1.04721,1.04769,1.00,1.00
2015.06.18 22:11:21.216,1.04721,1.04773,1.00,1.50
2015.06.18 22:11:21.944,1.04721,1.04771,1.00,1.00
2015.06.18 22:11:22.097,1.04721,1.04773,1.00,1.00
2015.06.18 22:11:22.402,1.04725,1.04769,1.00,1.00
2015.06.18 22:11:22.914,1.04726,1.0477,1.00,1.00
2015.06.18 22:11:23.273,1.04721,1.04773,1.00,1.00
2015.06.18 22:11:23.530,1.04726,1.0477,1.00,1.00
2015.06.18 22:11:24.052,1.04727,1.04771,1.00,1.00
2015.06.18 22:11:24.843,1.04725,1.04773,1.00,1.00
2015.06.18 22:11:25.046,1.04728,1.04772,1.00,1.00
2015.06.18 22:11:27.164,1.04727,1.04771,1.00,1.00
2015.06.18 22:11:27.951,1.04726,1.0477,1.00,1.00
2015.06.18 22:11:28.464,1.04725,1.04769,1.50,1.00
2015.06.18 22:11:29.384,1.04726,1.0477,1.00,1.00
2015.06.18 22:11:30.145,1.04725,1.04769,1.50,1.00
2015.06.18 22:11:30.711,1.04724,1.04768,1.00,1.00
2015.06.18 22:11:31.230,1.04725,1.04769,1.00,1.00
2015.06.18 22:11:31.791,1.04721,1.04768,1.00,1.00
2015.06.18 22:11:32.059,1.04715,1.04767,1.00,1.00
2015.06.18 22:11:32.111,1.04719,1.04764,1.00,1.00
2015.06.18 22:11:32.679,1.04719,1.04763,1.00,1.00
2015.06.18 22:11:33.028,1.04719,1.04765,1.00,1.00
2015.06.18 22:11:33.451,1.04721,1.04765,1.00,1.00
2015.06.18 22:11:33.961,1.04721,1.04766,1.00,1.00
2015.06.18 22:11:34.012,1.04716,1.04765,1.00,1.00
2015.06.18 22:11:34.319,1.04719,1.04764,1.00,1.00
2015.06.18 22:11:34.735,1.04715,1.04766,1.00,1.00
2015.06.18 22:11:34.990,1.04721,1.04765,1.00,1.00
2015.06.18 22:11:36.654,1.04721,1.04766,1.00,1.00
2015.06.18 22:11:36.960,1.04724,1.04768,1.00,1.00
2015.06.18 22:11:37.317,1.04722,1.04766,1.00,1.00
2015.06.18 22:11:37.666,1.04724,1.04768,1.00,1.00
2015.06.18 22:11:38.074,1.04722,1.04766,1.00,1.00
2015.06.18 22:11:39.494,1.0472,1.04764,1.00,1.00
2015.06.18 22:11:40.003,1.04719,1.04763,1.00,1.00
2015.06.18 22:11:41.031,1.0472,1.04764,1.00,1.00
2015.06.18 22:11:41.680,1.04717,1.04761,1.00,1.00
2015.06.18 22:11:42.484,1.04716,1.0476,1.00,1.00
2015.06.18 22:11:43.009,1.04717,1.04761,1.00,1.00
2015.06.18 22:11:44.216,1.04719,1.04763,1.00,1.00
2015.06.18 22:11:44.871,1.04718,1.04762,1.00,1.00
2015.06.18 22:11:46.749,1.04719,1.04763,1.00,1.00
2015.06.18 22:11:48.628,1.04716,1.0476,1.12,1.00
2015.06.18 22:11:48.730,1.04707,1.04761,1.00,1.00
2015.06.18 22:11:48.832,1.04725,1.04769,1.00,1.00
2015.06.18 22:11:48.935,1.04711,1.0478,1.50,1.50
2015.06.18 22:11:49.088,1.0471,1.04776,1.00,1.00
2015.06.18 22:11:49.465,1.04725,1.04772,1.00,1.00
2015.06.18 22:11:50.076,1.04724,1.04771,1.00,1.00
2015.06.18 22:11:51.144,1.04725,1.04771,1.00,1.00
2015.06.18 22:11:52.387,1.04726,1.04771,1.00,1.00
2015.06.18 22:11:52.933,1.04712,1.04779,1.00,1.00
2015.06.18 22:11:52.984,1.04712,1.04779,1.37,1.00
2015.06.18 22:11:53.290,1.04731,1.0479,1.00,1.00
2015.06.18 22:11:53.341,1.04723,1.04787,1.00,1.00
2015.06.18 22:11:53.631,1.04719,1.04784,1.00,1.00
2015.06.18 22:11:53.684,1.04717,1.04787,1.00,1.00
2015.06.18 22:11:53.786,1.04719,1.04789,1.00,1.00
2015.06.18 22:11:54.297,1.04718,1.0479,1.00,1.00
2015.06.18 22:11:54.620,1.04731,1.04795,1.00,1.00
2015.06.18 22:11:54.929,1.04725,1.04784,1.00,1.00
2015.06.18 22:11:54.981,1.04719,1.04785,1.00,1.00
2015.06.18 22:11:55.083,1.04717,1.04785,1.00,1.00
2015.06.18 22:11:55.337,1.04719,1.04776,1.00,1.00
2015.06.18 22:11:55.542,1.04715,1.04781,1.00,1.00
2015.06.18 22:11:56.047,1.04715,1.0478,1.50,1.00
2015.06.18 22:11:56.557,1.04718,1.04776,1.00,1.00
2015.06.18 22:11:57.066,1.04718,1.04775,1.00,1.00
2015.06.18 22:11:57.118,1.04719,1.04783,1.00,1.00
2015.06.18 22:11:57.223,1.04715,1.04782,1.00,1.00
2015.06.18 22:11:57.275,1.04711,1.04782,1.12,1.00
2015.06.18 22:11:57.480,1.04713,1.04782,1.00,1.00
2015.06.18 22:11:57.787,1.04711,1.04779,1.12,1.00
2015.06.18 22:11:58.172,1.04711,1.04782,1.87,1.00
2015.06.18 22:11:58.484,1.04714,1.04782,1.00,1.00
2015.06.18 22:11:58.790,1.04723,1.04776,1.00,1.00
2015.06.18 22:11:59.369,1.04713,1.04782,1.00,1.00
2015.06.18 22:11:59.737,1.04712,1.04778,1.00,1.00
2015.06.18 22:12:00.185,1.04711,1.04781,1.12,1.00
2015.06.18 22:12:00.288,1.04714,1.04784,1.00,1.00
2015.06.18 22:12:00.664,1.04722,1.04778,1.00,1.00
2015.06.18 22:12:00.970,1.04725,1.04777,1.00,1.00
2015.06.18 22:12:01.275,1.04723,1.04777,1.00,1.00
2015.06.18 22:12:01.377,1.04719,1.04783,1.00,1.00
2015.06.18 22:12:01.480,1.04716,1.04784,1.00,1.00
2015.06.18 22:12:02.021,1.04716,1.04785,1.00,1.00
2015.06.18 22:12:02.174,1.04723,1.04777,1.00,1.00
2015.06.18 22:12:02.685,1.04724,1.04777,1.00,1.00
2015.06.18 22:12:03.939,1.04723,1.04775,1.00,1.00
2015.06.18 22:12:04.471,1.04722,1.04776,1.00,1.00
2015.06.18 22:12:04.883,1.04721,1.04774,1.00,1.00
2015.06.18 22:12:05.341,1.04715,1.04779,1.00,1.00
2015.06.18 22:12:05.546,1.04715,1.04782,1.00,1.00
2015.06.18 22:12:05.597,1.04711,1.04782,1.00,1.00
2015.06.18 22:12:05.801,1.04716,1.04785,1.00,1.00
2015.06.18 22:12:06.228,1.04718,1.04786,1.00,1.00
2015.06.18 22:12:06.535,1.04718,1.04783,1.00,1.00
2015.06.18 22:12:06.688,1.04718,1.04787,1.00,1.00
2015.06.18 22:12:06.790,1.04714,1.04787,1.00,1.00
2015.06.18 22:12:06.892,1.04714,1.04789,1.50,1.00
2015.06.18 22:12:07.391,1.04715,1.04783,1.00,1.00
2015.06.18 22:12:07.697,1.04724,1.04781,1.00,1.00
2015.06.18 22:12:08.206,1.04725,1.0478,1.00,1.00
2015.06.18 22:12:08.410,1.04714,1.04783,1.00,1.00
2015.06.18 22:12:08.743,1.04721,1.04779,1.00,1.00
2015.06.18 22:12:08.998,1.04715,1.04783,1.00,1.00
2015.06.18 22:12:09.101,1.04716,1.04785,1.00,1.00
2015.06.18 22:12:09.407,1.04724,1.04779,1.00,1.00
2015.06.18 22:12:09.934,1.04723,1.04778,1.00,1.00
2015.06.18 22:12:10.289,1.04721,1.04778,1.00,1.00
2015.06.18 22:12:10.392,1.04714,1.04782,1.00,1.00
2015.06.18 22:12:10.748,1.0472,1.04776,1.00,1.00
2015.06.18 22:12:10.986,1.04715,1.0478,1.00,1.00
2015.06.18 22:12:11.192,1.04717,1.04775,1.00,1.00
2015.06.18 22:12:11.702,1.04719,1.04775,1.00,1.00
2015.06.18 22:12:11.856,1.04719,1.04777,1.00,1.00
2015.06.18 22:12:12.376,1.04719,1.04776,1.00,1.00
2015.06.18 22:12:12.478,1.04714,1.04779,1.50,1.00
2015.06.18 22:12:12.835,1.04716,1.04785,1.00,1.00
2015.06.18 22:12:13.141,1.04719,1.04775,1.00,1.00
2015.06.18 22:12:13.528,1.04723,1.04779,1.00,1.00
2015.06.18 22:12:14.170,1.04724,1.0478,1.00,1.00
2015.06.18 22:12:14.679,1.04726,1.04782,1.00,1.00
2015.06.18 22:12:14.957,1.04726,1.04784,1.00,1.00
2015.06.18 22:12:15.110,1.04736,1.04782,1.00,1.00
2015.06.18 22:12:15.466,1.04737,1.04784,1.00,1.00
2015.06.18 22:12:16.126,1.04738,1.04782,1.00,1.00
2015.06.18 22:12:16.454,1.04735,1.0478,1.00,1.00
2015.06.18 22:12:17.543,1.04734,1.04783,1.00,1.00
2015.06.18 22:12:17.814,1.04738,1.04787,1.00,1.00
2015.06.18 22:12:17.866,1.0474,1.04794,1.00,1.00
2015.06.18 22:12:18.019,1.04738,1.04789,1.00,1.00
2015.06.18 22:12:18.122,1.04738,1.04791,1.00,1.00
2015.06.18 22:12:18.224,1.04732,1.04786,1.00,1.00
2015.06.18 22:12:18.633,1.04729,1.04782,1.00,1.00
2015.06.18 22:12:18.953,1.04736,1.04789,1.00,1.00
2015.06.18 22:12:19.004,1.04725,1.04787,1.37,1.00
2015.06.18 22:12:19.106,1.04732,1.04786,1.00,1.00
2015.06.18 22:12:19.616,1.04733,1.04785,1.00,1.00
2015.06.18 22:12:19.769,1.04731,1.04785,1.00,1.00
2015.06.18 22:12:20.159,1.04733,1.04785,1.00,1.00
2015.06.18 22:12:20.618,1.0473,1.04783,1.00,1.00
2015.06.18 22:12:20.873,1.04731,1.04781,1.00,1.00
2015.06.18 22:12:21.381,1.04733,1.04782,1.00,1.00
2015.06.18 22:12:21.953,1.04732,1.04781,1.00,1.00
2015.06.18 22:12:22.263,1.04731,1.04783,1.00,1.00
2015.06.18 22:12:22.619,1.04733,1.04781,1.00,1.00
2015.06.18 22:12:23.208,1.04732,1.04781,1.00,1.00
2015.06.18 22:12:23.514,1.04725,1.04783,1.50,1.00
2015.06.18 22:12:23.819,1.04729,1.04783,1.00,1.00
2015.06.18 22:12:24.125,1.04724,1.04777,1.00,1.00
2015.06.18 22:12:24.510,1.04721,1.04783,1.00,1.00
2015.06.18 22:12:24.562,1.04714,1.04783,1.37,1.00
2015.06.18 22:12:24.613,1.04714,1.04787,1.00,1.00
2015.06.18 22:12:24.715,1.04722,1.0479,1.00,1.50
2015.06.18 22:12:24.817,1.0472,1.04789,1.00,1.00
2015.06.18 22:12:25.123,1.04727,1.04783,1.00,1.00
2015.06.18 22:12:25.506,1.04722,1.0479,1.00,1.00
2015.06.18 22:12:25.820,1.04721,1.04787,1.00,1.00
2015.06.18 22:12:25.922,1.04721,1.04789,1.00,1.00
2015.06.18 22:12:26.126,1.0472,1.04785,1.00,1.00
2015.06.18 22:12:26.483,1.04718,1.04782,1.00,1.00
2015.06.18 22:12:26.789,1.04721,1.04779,1.00,1.00
2015.06.18 22:12:27.312,1.0472,1.04778,1.00,1.00
2015.06.18 22:12:30.534,1.04716,1.04782,1.37,1.00
2015.06.18 22:12:30.636,1.0472,1.04783,1.50,1.00
2015.06.18 22:12:30.688,1.04717,1.04783,1.00,1.00
2015.06.18 22:12:30.739,1.04717,1.04785,1.00,1.00
2015.06.18 22:12:31.095,1.04719,1.04788,1.00,1.00
2015.06.18 22:12:31.401,1.04714,1.04786,1.87,1.00
2015.06.18 22:12:31.650,1.04718,1.04789,1.00,1.00
2015.06.18 22:12:31.854,1.04723,1.04787,1.00,1.00
2015.06.18 22:12:32.057,1.04719,1.0479,1.00,1.50
2015.06.18 22:12:32.413,1.04719,1.04788,1.00,1.00
2015.06.18 22:12:32.719,1.04724,1.04788,1.00,1.00
2015.06.18 22:12:33.060,1.04721,1.04789,1.00,1.00
2015.06.18 22:12:33.469,1.04721,1.04791,1.50,1.50
2015.06.18 22:12:34.037,1.04729,1.04785,1.00,1.00
2015.06.18 22:12:34.394,1.04723,1.04788,1.00,1.00
2015.06.18 22:12:34.497,1.04722,1.04791,1.00,1.00
2015.06.18 22:12:34.802,1.04731,1.04785,1.00,1.00
2015.06.18 22:12:35.577,1.04721,1.04797,1.00,1.00
2015.06.18 22:12:35.680,1.04721,1.04793,1.00,1.00
2015.06.18 22:12:35.988,1.04725,1.04791,1.00,1.00
2015.06.18 22:12:36.141,1.04721,1.04793,1.00,1.00
2015.06.18 22:12:36.497,1.04732,1.04785,1.00,1.00
2015.06.18 22:12:36.600,1.0473,1.04786,1.00,1.00
2015.06.18 22:12:36.814,1.04721,1.04784,1.00,1.00
2015.06.18 22:12:36.865,1.04714,1.04784,1.00,1.00
2015.06.18 22:12:36.917,1.04714,1.04788,1.50,1.00
2015.06.18 22:12:37.121,1.0472,1.04787,1.00,1.00
2015.06.18 22:12:37.224,1.04717,1.04785,1.00,1.00
2015.06.18 22:12:37.783,1.04717,1.04782,1.00,1.00
2015.06.18 22:12:38.196,1.0472,1.04779,1.00,1.00
2015.06.18 22:12:38.450,1.04717,1.04781,1.00,1.00
2015.06.18 22:12:39.434,1.04716,1.04781,1.00,1.00
2015.06.18 22:12:39.944,1.04716,1.0478,1.00,1.00
2015.06.18 22:12:40.121,1.04719,1.04777,1.00,1.00
2015.06.18 22:12:40.223,1.04714,1.04779,1.50,1.00
2015.06.18 22:12:40.325,1.04714,1.04781,1.50,1.00
2015.06.18 22:12:40.377,1.04714,1.04781,1.87,1.00
2015.06.18 22:12:40.428,1.04724,1.0479,1.00,1.50
2015.06.18 22:12:40.479,1.04724,1.0479,1.37,1.00
2015.06.18 22:12:40.581,1.04724,1.0479,1.00,1.00
2015.06.18 22:12:40.633,1.04726,1.04792,1.00,1.00
2015.06.18 22:12:41.044,1.04721,1.04787,1.00,1.00
2015.06.18 22:12:41.555,1.04726,1.04784,1.00,1.00
2015.06.18 22:12:41.962,1.04722,1.04787,1.00,1.00
2015.06.18 22:12:42.335,1.04727,1.04783,1.00,1.00
2015.06.18 22:12:42.539,1.04725,1.04784,1.00,1.00
2015.06.18 22:12:42.642,1.0473,1.04785,1.00,1.00
2015.06.18 22:12:42.947,1.04734,1.04784,1.00,1.00
2015.06.18 22:12:43.663,1.04735,1.04784,1.00,1.00
2015.06.18 22:12:43.819,1.04733,1.04785,1.00,1.00
2015.06.18 22:12:44.328,1.04734,1.04784,1.00,1.00
2015.06.18 22:12:45.804,1.04733,1.04784,1.00,1.00
2015.06.18 22:12:45.957,1.04725,1.0479,1.00,1.00
2015.06.18 22:12:46.161,1.04731,1.04787,1.00,1.00
2015.06.18 22:12:46.551,1.04733,1.04786,1.00,1.00
2015.06.18 22:12:47.086,1.04733,1.04785,1.00,1.00
2015.06.18 22:12:47.496,1.04724,1.0479,1.00,1.00
2015.06.18 22:12:47.700,1.04731,1.04785,1.00,1.00
2015.06.18 22:12:48.043,1.04733,1.04784,1.00,1.00
2015.06.18 22:12:48.348,1.04731,1.04785,1.00,1.00
2015.06.18 22:12:48.667,1.04734,1.04784,1.00,1.00
2015.06.18 22:12:49.221,1.04734,1.04785,1.00,1.00
2015.06.18 22:12:49.733,1.04733,1.04786,1.00,1.00
2015.06.18 22:12:49.785,1.04731,1.04786,1.00,1.00
2015.06.18 22:12:49.989,1.04737,1.04785,1.00,1.00
2015.06.18 22:12:50.245,1.04738,1.04788,1.00,1.00
2015.06.18 22:12:50.459,1.04733,1.04788,1.00,1.00
2015.06.18 22:12:50.765,1.04735,1.04786,1.00,1.00
2015.06.18 22:12:51.121,1.04733,1.0479,1.00,1.00
2015.06.18 22:12:51.426,1.04743,1.04788,1.00,1.00
2015.06.18 22:12:51.948,1.04742,1.04787,1.00,1.00
2015.06.18 22:12:52.459,1.04742,1.04786,1.00,1.00
2015.06.18 22:12:54.623,1.04734,1.04783,1.00,1.00
2015.06.18 22:12:54.726,1.04738,1.04786,1.00,1.00
2015.06.18 22:12:55.033,1.0474,1.04784,1.00,1.00
2015.06.18 22:12:55.084,1.04728,1.04784,1.00,1.00
2015.06.18 22:12:55.186,1.04732,1.04782,1.00,1.00
2015.06.18 22:12:55.288,1.0473,1.04781,1.00,1.00
2015.06.18 22:12:55.787,1.04731,1.04784,1.00,1.00
2015.06.18 22:12:56.049,1.04739,1.04783,1.00,1.00
2015.06.18 22:12:56.506,1.04736,1.0478,1.00,1.00
2015.06.18 22:12:57.223,1.04735,1.04779,1.00,1.00
2015.06.18 22:12:57.833,1.04734,1.04778,1.00,1.00
2015.06.18 22:12:58.139,1.04732,1.04779,1.00,1.00
2015.06.18 22:12:58.241,1.04736,1.04786,1.00,1.00
2015.06.18 22:12:58.607,1.04746,1.0479,1.00,1.00
2015.06.18 22:12:58.913,1.04748,1.04792,1.00,1.00
2015.06.18 22:13:00.003,1.04749,1.04793,1.00,1.00
2015.06.18 22:13:00.310,1.04746,1.0479,1.00,1.00
2015.06.18 22:13:00.463,1.04747,1.04793,1.00,1.00
2015.06.18 22:13:00.566,1.04742,1.04788,1.00,1.00
2015.06.18 22:13:00.939,1.04748,1.04792,1.00,1.00
2015.06.18 22:13:01.245,1.0475,1.04794,1.00,1.00
2015.06.18 22:13:01.755,1.04751,1.04795,1.00,1.00
2015.06.18 22:13:02.232,1.04747,1.04791,1.00,1.00
2015.06.18 22:13:02.537,1.0475,1.04794,1.00,1.00
2015.06.18 22:13:02.741,1.04743,1.04788,1.00,1.00
2015.06.18 22:13:02.894,1.04748,1.04792,1.00,1.00
2015.06.18 22:13:03.489,1.04747,1.04791,1.00,1.00
2015.06.18 22:13:03.795,1.04749,1.04793,1.00,1.00
2015.06.18 22:13:04.100,1.04751,1.04795,1.00,1.00
2015.06.18 22:13:04.405,1.04747,1.04791,1.00,1.00
2015.06.18 22:13:04.943,1.04748,1.04792,1.00,1.00
2015.06.18 22:13:05.313,1.04742,1.04787,1.00,1.00
2015.06.18 22:13:06.066,1.04746,1.0479,1.00,1.00
2015.06.18 22:13:07.504,1.04745,1.04789,1.00,1.00
2015.06.18 22:13:08.014,1.04746,1.0479,1.00,1.00
2015.06.18 22:13:08.522,1.04745,1.04789,1.00,1.00
2015.06.18 22:13:09.023,1.04746,1.0479,1.00,1.00
2015.06.18 22:13:09.330,1.04744,1.04788,1.00,1.00
2015.06.18 22:13:09.789,1.04742,1.04786,1.00,1.00
2015.06.18 22:13:10.302,1.04743,1.04787,1.00,1.00
2015.06.18 22:13:10.811,1.04744,1.04788,1.00,1.00
2015.06.18 22:13:11.217,1.04742,1.04786,1.00,1.00
2015.06.18 22:13:11.749,1.04743,1.04787,1.00,1.00
2015.06.18 22:13:11.902,1.0474,1.04788,1.00,1.00
2015.06.18 22:13:12.106,1.04743,1.04787,1.00,1.00
2015.06.18 22:13:12.462,1.04746,1.0479,1.00,1.00
2015.06.18 22:13:13.000,1.04743,1.04787,1.00,1.00
2015.06.18 22:13:13.411,1.04745,1.04789,1.00,1.00
2015.06.18 22:13:14.336,1.04744,1.04788,1.00,1.00
2015.06.18 22:13:14.844,1.04743,1.04787,1.00,1.00
2015.06.18 22:13:15.303,1.04741,1.04788,1.00,1.00
2015.06.18 22:13:15.608,1.04744,1.04788,1.00,1.00
2015.06.18 22:13:16.117,1.04743,1.04787,1.00,1.00
2015.06.18 22:13:16.646,1.04744,1.04788,1.00,1.00
2015.06.18 22:13:17.154,1.04743,1.04787,1.00,1.00
2015.06.18 22:13:17.307,1.04741,1.04786,1.00,1.00
2015.06.18 22:13:17.772,1.04743,1.04787,1.00,1.00
2015.06.18 22:13:19.353,1.04744,1.04788,1.00,1.00
2015.06.18 22:13:19.862,1.04743,1.04787,1.00,1.00
2015.06.18 22:13:20.167,1.04741,1.04788,1.00,1.00
2015.06.18 22:13:20.355,1.04742,1.0479,1.00,1.00
2015.06.18 22:13:20.458,1.04743,1.04792,1.00,1.00
2015.06.18 22:13:20.816,1.04747,1.04791,1.00,1.00
2015.06.18 22:13:21.325,1.04746,1.0479,1.00,1.00
2015.06.18 22:13:21.872,1.04747,1.04791,1.00,1.00
2015.06.18 22:13:22.585,1.04748,1.04792,1.00,1.00
2015.06.18 22:13:23.113,1.04747,1.04791,1.00,1.00
2015.06.18 22:13:24.080,1.04748,1.04792,1.00,1.00
2015.06.18 22:13:24.565,1.04746,1.0479,1.00,1.00
2015.06.18 22:13:24.870,1.04748,1.04792,1.00,1.00
2015.06.18 22:13:25.495,1.04746,1.0479,1.00,1.00
2015.06.18 22:13:26.004,1.04745,1.04789,1.00,1.00
2015.06.18 22:13:26.310,1.04747,1.04791,1.00,1.00
2015.06.18 22:13:28.595,1.04748,1.04792,1.00,1.00
2015.06.18 22:13:29.103,1.04747,1.04791,1.00,1.00
2015.06.18 22:13:30.170,1.04745,1.04789,1.00,1.00
2015.06.18 22:13:30.475,1.04747,1.04791,1.00,1.00
2015.06.18 22:13:31.076,1.04749,1.04793,1.00,1.00
2015.06.18 22:13:31.399,1.04746,1.0479,1.00,1.00
2015.06.18 22:13:31.906,1.04748,1.04792,1.00,1.00
2015.06.18 22:13:32.446,1.04749,1.04793,1.00,1.00
2015.06.18 22:13:32.952,1.0475,1.04794,1.00,1.00
2015.06.18 22:13:33.360,1.04746,1.04773,1.00,1.00
2015.06.18 22:13:33.730,1.04742,1.04786,1.00,1.00
2015.06.18 22:13:33.883,1.04747,1.04791,1.00,1.00
2015.06.18 22:13:33.985,1.04745,1.04793,1.00,1.00
2015.06.18 22:13:34.138,1.04735,1.04787,1.00,1.00
2015.06.18 22:13:34.241,1.04737,1.04787,1.00,1.00
2015.06.18 22:13:34.558,1.04739,1.04785,1.00,1.00
2015.06.18 22:13:34.885,1.04741,1.04785,1.00,1.50
2015.06.18 22:13:35.342,1.04744,1.04786,1.00,1.00
2015.06.18 22:13:35.881,1.04743,1.04786,1.00,1.00
2015.06.18 22:13:36.228,1.04742,1.04781,1.00,1.00
2015.06.18 22:13:36.279,1.04739,1.04779,1.00,1.50
2015.06.18 22:13:36.738,1.04731,1.04778,1.00,1.00
2015.06.18 22:13:36.941,1.04726,1.04779,1.00,1.12
2015.06.18 22:13:37.043,1.0473,1.04782,1.00,1.00
2015.06.18 22:13:37.383,1.04737,1.04781,1.00,1.00
2015.06.18 22:13:37.638,1.04736,1.04783,1.00,1.00
2015.06.18 22:13:38.146,1.04735,1.04781,1.00,1.00
2015.06.18 22:13:38.401,1.04722,1.04784,1.00,1.00
2015.06.18 22:13:38.689,1.04733,1.04781,1.00,1.00
2015.06.18 22:13:39.053,1.04731,1.04779,1.00,1.00
2015.06.18 22:13:39.358,1.04733,1.04782,1.00,1.50
2015.06.18 22:13:39.677,1.04732,1.0478,1.00,1.00
2015.06.18 22:13:40.386,1.0473,1.04781,1.00,1.00
2015.06.18 22:13:40.488,1.04728,1.04783,1.00,1.00
2015.06.18 22:13:40.540,1.04728,1.04783,1.37,1.00
2015.06.18 22:13:40.591,1.04731,1.04786,1.00,1.00
2015.06.18 22:13:40.896,1.04738,1.04783,1.00,1.00
2015.06.18 22:13:41.995,1.04739,1.04785,1.00,1.00
2015.06.18 22:13:42.502,1.04739,1.04784,1.00,1.00
2015.06.18 22:13:43.039,1.04739,1.04783,1.00,1.00
2015.06.18 22:13:43.993,1.04737,1.04785,1.00,1.00
2015.06.18 22:13:44.450,1.04735,1.04781,1.12,1.00
2015.06.18 22:13:44.553,1.04737,1.04784,1.00,1.00
2015.06.18 22:13:44.756,1.04739,1.04783,1.00,1.00
2015.06.18 22:13:44.960,1.04741,1.04786,1.00,1.00
2015.06.18 22:13:45.316,1.04744,1.04788,1.00,1.00
2015.06.18 22:13:46.407,1.04743,1.04787,1.00,1.00
2015.06.18 22:13:46.763,1.04738,1.04783,1.00,1.00
2015.06.18 22:13:46.961,1.04741,1.04786,1.00,1.00
2015.06.18 22:13:47.268,1.04738,1.04786,1.75,1.00
2015.06.18 22:13:47.320,1.04744,1.04789,1.37,1.00
2015.06.18 22:13:47.524,1.04741,1.04787,1.50,1.00
2015.06.18 22:13:47.627,1.04745,1.0479,1.37,1.00
2015.06.18 22:13:47.956,1.04741,1.04785,1.50,1.00
2015.06.18 22:13:48.381,1.04744,1.04789,1.37,1.00
2015.06.18 22:13:48.483,1.04741,1.04786,1.50,1.00
2015.06.18 22:13:49.397,1.04742,1.04787,1.37,1.00
2015.06.18 22:13:49.732,1.04741,1.04785,1.50,1.00
2015.06.18 22:13:50.189,1.04738,1.04786,1.37,1.00
2015.06.18 22:13:50.240,1.04735,1.04784,1.75,1.00
2015.06.18 22:13:50.596,1.04739,1.04786,1.37,1.00
2015.06.18 22:13:50.698,1.0474,1.04788,1.37,1.00
2015.06.18 22:13:51.041,1.04738,1.04786,1.37,1.00
2015.06.18 22:13:51.566,1.0474,1.04787,1.37,1.00
2015.06.18 22:13:52.097,1.04739,1.04786,1.37,1.00
2015.06.18 22:13:53.097,1.04741,1.04791,1.12,1.00
2015.06.18 22:13:53.199,1.04741,1.04791,1.75,1.00
2015.06.18 22:13:53.736,1.04746,1.0479,1.75,1.00
2015.06.18 22:13:54.322,1.04745,1.04789,1.75,1.00
2015.06.18 22:13:56.626,1.04745,1.04789,1.50,1.00
2015.06.18 22:13:57.153,1.04746,1.0479,1.37,1.00
2015.06.18 22:13:57.758,1.04748,1.04792,1.37,1.00
2015.06.18 22:13:58.063,1.0475,1.04794,1.12,1.00
2015.06.18 22:13:59.373,1.04749,1.04793,1.37,1.00
2015.06.18 22:14:00.357,1.04748,1.04792,1.37,1.00
2015.06.18 22:14:01.482,1.04749,1.04793,1.37,1.00
2015.06.18 22:14:02.084,1.04748,1.04792,1.37,1.00
2015.06.18 22:14:02.585,1.04749,1.04793,1.37,1.00
2015.06.18 22:14:03.140,1.0475,1.04794,1.12,1.00
2015.06.18 22:14:04.240,1.04747,1.04791,1.75,1.00
2015.06.18 22:14:04.542,1.04749,1.04793,1.75,1.00
2015.06.18 22:14:05.089,1.0475,1.04794,1.12,1.00
2015.06.18 22:14:05.627,1.04749,1.04793,1.12,1.00
2015.06.18 22:14:07.866,1.04748,1.04792,1.00,1.00
2015.06.18 22:14:08.070,1.04748,1.04792,1.75,1.00
2015.06.18 22:14:08.606,1.0475,1.04794,1.75,1.00
2015.06.18 22:14:09.499,1.04749,1.04793,1.75,1.00
2015.06.18 22:14:11.300,1.04749,1.04793,1.75,1.00
2015.06.18 22:14:11.402,1.04752,1.04796,1.37,1.00
2015.06.18 22:14:11.505,1.04748,1.04792,1.75,1.00
2015.06.18 22:14:11.607,1.0475,1.04794,1.75,1.00
2015.06.18 22:14:12.176,1.04751,1.04795,1.50,1.00
2015.06.18 22:14:13.704,1.04753,1.04797,1.37,1.00
2015.06.18 22:14:14.351,1.04752,1.04796,1.37,1.00
2015.06.18 22:14:14.893,1.04753,1.04797,1.37,1.00
2015.06.18 22:14:16.209,1.0475,1.04794,1.75,1.00
2015.06.18 22:14:16.433,1.04754,1.04798,1.37,1.00
2015.06.18 22:14:17.563,1.04751,1.04795,1.50,1.00
2015.06.18 22:14:18.064,1.04752,1.04796,1.37,1.00
2015.06.18 22:14:18.641,1.04751,1.04795,1.50,1.00
2015.06.18 22:14:19.386,1.04752,1.04796,1.37,1.00
2015.06.18 22:14:19.964,1.04753,1.04797,1.37,1.00
2015.06.18 22:14:20.900,1.04755,1.04799,1.37,1.00
2015.06.18 22:14:21.411,1.04754,1.04798,1.37,1.00
2015.06.18 22:14:21.626,1.04749,1.04793,1.75,1.00
2015.06.18 22:14:21.829,1.04751,1.04795,1.50,1.00
2015.06.18 22:14:22.824,1.04754,1.04798,1.37,1.00
2015.06.18 22:14:23.327,1.04755,1.04799,1.37,1.00
2015.06.18 22:14:24.411,1.04753,1.04797,1.37,1.00
2015.06.18 22:14:24.743,1.0475,1.04794,1.75,1.00
2015.06.18 22:14:26.211,1.04751,1.04795,1.50,1.00
2015.06.18 22:14:26.816,1.04752,1.04796,1.37,1.00
2015.06.18 22:14:27.354,1.0475,1.04794,1.75,1.00
2015.06.18 22:14:27.919,1.04749,1.04793,1.75,1.00
2015.06.18 22:14:28.326,1.04753,1.04797,1.37,1.00
2015.06.18 22:14:29.977,1.04754,1.04798,1.37,1.00
2015.06.18 22:14:33.709,1.04757,1.04801,1.00,1.50
2015.06.18 22:14:33.811,1.04753,1.04797,1.37,1.00
2015.06.18 22:14:34.228,1.04754,1.04798,1.00,1.00
2015.06.18 22:14:34.381,1.04748,1.04792,1.37,1.00
2015.06.18 22:14:36.485,1.04749,1.04793,1.37,1.00
2015.06.18 22:14:37.658,1.04751,1.04795,1.00,1.00
2015.06.18 22:14:38.185,1.0475,1.04794,1.12,1.00
2015.06.18 22:14:38.440,1.04748,1.04792,1.00,1.00
2015.06.18 22:14:38.795,1.04745,1.04789,1.00,1.00
2015.06.18 22:14:39.308,1.04744,1.04788,1.00,1.00
2015.06.18 22:14:40.072,1.04742,1.04786,1.00,1.00
2015.06.18 22:14:40.750,1.04743,1.04787,1.00,1.00
2015.06.18 22:14:41.055,1.04745,1.04789,1.00,1.00
2015.06.18 22:14:41.565,1.04744,1.04788,1.00,1.00
2015.06.18 22:14:42.242,1.04743,1.04787,1.00,1.00
2015.06.18 22:14:42.852,1.04742,1.04786,1.00,1.00
2015.06.18 22:14:43.390,1.04743,1.04787,1.00,1.00
2015.06.18 22:14:43.928,1.04742,1.04786,1.00,1.00
2015.06.18 22:14:44.492,1.04744,1.04788,1.00,1.00
2015.06.18 22:14:46.685,1.04747,1.04791,1.00,1.00
2015.06.18 22:14:47.230,1.04748,1.04792,1.00,1.00
2015.06.18 22:14:48.787,1.04745,1.04789,1.00,1.00
2015.06.18 22:14:49.092,1.04742,1.04786,1.00,1.00
2015.06.18 22:14:49.655,1.04743,1.04787,1.00,1.00
2015.06.18 22:14:50.181,1.04742,1.04786,1.00,1.00
2015.06.18 22:14:50.892,1.04746,1.0479,1.00,1.00
2015.06.18 22:14:51.197,1.04744,1.04788,1.00,1.00
2015.06.18 22:14:51.740,1.04745,1.04789,1.00,1.00
2015.06.18 22:14:52.249,1.04744,1.04788,1.00,1.00
2015.06.18 22:14:52.865,1.04746,1.0479,1.00,1.00
2015.06.18 22:14:53.280,1.04744,1.04788,1.00,1.00
2015.06.18 22:14:53.788,1.04745,1.04789,1.00,1.00
2015.06.18 22:14:54.571,1.04743,1.04787,1.00,1.00
2015.06.18 22:14:55.079,1.04744,1.04788,1.00,1.00
2015.06.18 22:14:55.587,1.04746,1.0479,1.00,1.00
2015.06.18 22:14:55.942,1.04748,1.04792,1.00,1.00
2015.06.18 22:14:57.482,1.04746,1.0479,1.00,1.00
2015.06.18 22:14:58.006,1.04748,1.04792,1.00,1.00
2015.06.18 22:14:58.893,1.04747,1.04791,1.00,1.00
2015.06.18 22:14:59.198,1.04745,1.04789,1.00,1.00
2015.06.18 22:14:59.550,1.04742,1.04786,1.00,1.00
2015.06.18 22:15:00.108,1.04732,1.04795,1.75,1.00
2015.06.18 22:15:00.212,1.04728,1.04799,2.62,1.00
2015.06.18 22:15:01.448,1.04736,1.04799,2.25,1.00
2015.06.18 22:15:01.856,1.04738,1.048,1.75,1.00
2015.06.18 22:15:02.135,1.04738,1.048,1.75,1.00
2015.06.18 22:15:08.306,1.04741,1.04799,1.12,1.00
2015.06.18 22:15:08.966,1.04738,1.04811,1.75,1.37
2015.06.18 22:15:09.068,1.04738,1.04799,1.75,1.00
2015.06.18 22:15:09.578,1.04738,1.048,1.75,1.00
2015.06.18 22:15:10.139,1.04738,1.04801,1.75,1.00
2015.06.18 22:15:15.517,1.04738,1.048,1.75,1.00
2015.06.18 22:15:17.750,1.04738,1.048,1.75,1.00
2015.06.18 22:15:17.854,1.04738,1.04801,2.25,1.00
2015.06.18 22:15:18.261,1.04738,1.04801,1.75,1.00
2015.06.18 22:15:18.806,1.04738,1.048,1.75,1.00
2015.06.18 22:15:39.211,1.04741,1.04797,1.37,1.00
2015.06.18 22:15:39.726,1.04739,1.04796,1.12,1.00
2015.06.18 22:15:40.235,1.04739,1.04797,1.12,1.00
2015.06.18 22:15:40.616,1.04739,1.04795,1.12,1.00
2015.06.18 22:15:44.690,1.04737,1.04791,1.75,1.00
2015.06.18 22:15:44.741,1.04737,1.04791,1.75,1.00
2015.06.18 22:15:44.894,1.04737,1.04789,1.75,1.00
2015.06.18 22:15:45.250,1.04737,1.04789,1.75,1.00
2015.06.18 22:15:45.770,1.04737,1.04788,1.75,1.00
2015.06.18 22:15:46.228,1.04737,1.04802,1.75,1.00
2015.06.18 22:15:46.329,1.04737,1.04789,1.75,1.00
2015.06.18 22:15:46.837,1.04737,1.0479,1.75,1.00
2015.06.18 22:15:47.362,1.04737,1.04791,1.75,1.00
2015.06.18 22:15:49.941,1.04737,1.04791,1.75,1.00
2015.06.18 22:15:50.541,1.04737,1.0479,1.75,1.00
2015.06.18 22:15:50.948,1.04737,1.0479,1.75,1.00
2015.06.18 22:15:51.558,1.04737,1.0479,1.75,1.00
2015.06.18 22:15:52.077,1.04737,1.04789,1.75,1.00
2015.06.18 22:15:52.598,1.04737,1.0479,1.75,1.00
2015.06.18 22:15:56.241,1.04737,1.04789,1.75,1.00
2015.06.18 22:15:56.909,1.04737,1.0479,1.75,1.00
2015.06.18 22:15:57.411,1.04737,1.04789,1.75,1.00
2015.06.18 22:15:57.950,1.04737,1.0479,1.75,1.00
2015.06.18 22:15:59.872,1.04737,1.04789,1.75,1.00
2015.06.18 22:16:00.540,1.04737,1.0479,1.75,1.00
2015.06.18 22:16:05.404,1.04736,1.04789,1.75,1.00
2015.06.18 22:16:07.266,1.04736,1.04789,1.75,1.00
2015.06.18 22:16:09.290,1.04736,1.04789,1.75,1.00
2015.06.18 22:16:13.946,1.04736,1.04791,1.75,1.00
2015.06.18 22:16:13.998,1.04736,1.04791,1.75,1.00
2015.06.18 22:16:15.008,1.04736,1.04791,1.75,1.00
2015.06.18 22:16:15.161,1.04736,1.04802,1.75,1.50
2015.06.18 22:16:15.263,1.04736,1.04789,1.75,1.00
2015.06.18 22:16:15.771,1.04736,1.04789,1.75,1.00
2015.06.18 22:16:16.308,1.04736,1.0479,1.75,1.00
2015.06.18 22:16:16.816,1.04736,1.04789,1.75,1.00
2015.06.18 22:16:19.988,1.04733,1.0479,2.62,1.00
2015.06.18 22:16:20.982,1.04733,1.04788,2.62,1.00
2015.06.18 22:16:21.337,1.04733,1.04786,2.25,1.00
2015.06.18 22:16:21.642,1.04733,1.04788,2.62,1.00
2015.06.18 22:16:22.297,1.04733,1.04789,2.62,1.00
2015.06.18 22:16:24.307,1.04734,1.0479,1.12,1.00
2015.06.18 22:16:25.050,1.04734,1.04789,1.12,1.00
2015.06.18 22:16:25.600,1.04734,1.0479,1.12,1.00
2015.06.18 22:16:26.640,1.04734,1.04789,1.12,1.00
2015.06.18 22:16:27.926,1.04734,1.0479,1.12,1.00
2015.06.18 22:16:28.906,1.04734,1.04789,1.12,1.00
2015.06.18 22:16:29.432,1.04734,1.0479,1.12,1.00
2015.06.18 22:16:29.840,1.04736,1.0479,1.12,1.00
2015.06.18 22:16:29.891,1.04743,1.04793,1.75,1.00
2015.06.18 22:16:30.429,1.04742,1.04794,1.75,1.00
2015.06.18 22:16:30.684,1.04742,1.04796,1.87,1.00
2015.06.18 22:16:30.899,1.04742,1.04805,1.87,1.00
2015.06.18 22:16:31.001,1.04742,1.04795,1.87,1.00
2015.06.18 22:16:31.255,1.04742,1.04796,1.87,1.00
2015.06.18 22:16:31.603,1.0474,1.04805,1.75,1.00
2015.06.18 22:16:31.663,1.0474,1.04795,1.75,1.00
2015.06.18 22:16:31.970,1.0474,1.04793,1.75,1.00
2015.06.18 22:16:32.485,1.04739,1.04794,1.75,1.00
2015.06.18 22:16:38.898,1.04741,1.04796,1.87,1.00
2015.06.18 22:16:41.817,1.04742,1.04796,2.02,1.00
2015.06.18 22:16:42.347,1.04743,1.04796,1.87,1.00
2015.06.18 22:16:42.703,1.04743,1.04795,1.87,1.00
2015.06.18 22:16:43.212,1.04743,1.04796,1.75,1.00
2015.06.18 22:16:44.316,1.0474,1.04796,1.12,1.00
2015.06.18 22:16:44.621,1.0474,1.04794,1.12,1.00
2015.06.18 22:16:44.926,1.04739,1.04792,2.62,1.00
2015.06.18 22:16:45.460,1.04739,1.04793,2.25,1.00
2015.06.18 22:16:46.006,1.04739,1.04794,2.25,1.00
2015.06.18 22:16:48.504,1.04739,1.04794,1.75,1.00
2015.06.18 22:16:52.927,1.04739,1.04794,1.75,1.00
2015.06.18 22:17:02.091,1.0474,1.04794,1.75,1.00
2015.06.18 22:17:04.319,1.0474,1.04795,1.75,1.00
2015.06.18 22:17:09.722,1.0474,1.04794,2.25,1.00
2015.06.18 22:17:10.230,1.04742,1.04795,1.87,1.00
2015.06.18 22:17:10.917,1.04742,1.04796,1.87,1.00
2015.06.18 22:17:11.439,1.04743,1.04797,1.12,1.00
2015.06.18 22:17:12.351,1.04743,1.04797,1.12,1.00
2015.06.18 22:17:13.326,1.04743,1.04797,1.12,1.00
2015.06.18 22:17:17.047,1.04744,1.04797,1.87,1.00
2015.06.18 22:17:17.728,1.04744,1.04796,1.75,1.00
2015.06.18 22:17:18.271,1.04744,1.04797,1.87,1.00
2015.06.18 22:17:23.041,1.04744,1.04797,1.87,1.00
2015.06.18 22:17:23.316,1.04741,1.04796,1.75,1.00
2015.06.18 22:17:23.979,1.04741,1.04796,2.62,1.00
2015.06.18 22:17:24.185,1.04741,1.04796,1.75,1.00
2015.06.18 22:17:24.346,1.04741,1.04804,2.62,1.00
2015.06.18 22:17:24.397,1.04741,1.04804,2.62,1.00
2015.06.18 22:17:24.719,1.04741,1.04793,2.62,1.00
2015.06.18 22:17:24.922,1.04741,1.04804,2.62,1.00
2015.06.18 22:17:25.024,1.04741,1.04794,2.62,1.00
2015.06.18 22:17:25.583,1.04741,1.04795,2.62,1.00
2015.06.18 22:17:26.430,1.04741,1.04796,2.62,1.00
2015.06.18 22:17:30.482,1.04741,1.04796,1.75,1.00
2015.06.18 22:17:31.595,1.04741,1.04795,1.75,1.00
2015.06.18 22:17:31.697,1.04741,1.04793,1.75,1.00
2015.06.18 22:17:32.154,1.04741,1.04804,1.75,1.00
2015.06.18 22:17:32.256,1.04741,1.04794,1.75,1.00
2015.06.18 22:17:32.950,1.04741,1.04796,1.75,1.00
2015.06.18 22:17:48.238,1.04746,1.04795,1.12,1.00
2015.06.18 22:17:48.339,1.04741,1.04804,1.75,1.00
2015.06.18 22:17:48.441,1.04741,1.04792,1.75,1.00
2015.06.18 22:17:48.993,1.04741,1.04794,1.75,1.00
2015.06.18 22:17:49.501,1.04741,1.04794,1.87,1.00
2015.06.18 22:17:49.655,1.04741,1.04794,1.75,1.00
2015.06.18 22:17:51.842,1.04741,1.04794,2.25,1.00
2015.06.18 22:17:55.373,1.04741,1.04795,2.62,1.00
2015.06.18 22:17:57.150,1.04741,1.04794,2.62,1.00
2015.06.18 22:17:57.770,1.04741,1.04795,2.25,1.00
2015.06.18 22:18:01.182,1.04741,1.04795,2.62,1.00
2015.06.18 22:18:05.946,1.04741,1.04794,1.87,1.00
2015.06.18 22:18:05.997,1.0474,1.04794,1.75,1.00
2015.06.18 22:18:06.506,1.0474,1.04795,1.75,1.00
2015.06.18 22:18:11.408,1.04741,1.04794,1.75,1.00
2015.06.18 22:18:12.109,1.04741,1.04795,1.75,1.00
2015.06.18 22:18:12.799,1.04741,1.04794,1.75,1.00
2015.06.18 22:18:13.605,1.04741,1.04795,1.75,1.00
2015.06.18 22:18:14.145,1.04741,1.04794,1.75,1.00
2015.06.18 22:18:14.315,1.04741,1.04794,1.87,1.00
2015.06.18 22:18:14.825,1.04741,1.04795,1.87,1.00
2015.06.18 22:18:26.920,1.04741,1.04795,1.87,1.00
2015.06.18 22:18:27.455,1.04741,1.04794,1.87,1.00
2015.06.18 22:18:29.667,1.04741,1.04794,1.87,1.00
2015.06.18 22:18:31.777,1.04741,1.04795,1.87,1.00
2015.06.18 22:18:32.913,1.04741,1.04794,1.87,1.00
2015.06.18 22:18:36.278,1.04741,1.04795,1.12,1.00
2015.06.18 22:18:40.674,1.04741,1.04794,1.87,1.00
2015.06.18 22:18:41.996,1.04741,1.04794,1.75,1.00
2015.06.18 22:18:50.530,1.0474,1.04794,1.75,1.00
2015.06.18 22:18:50.633,1.0474,1.04794,1.75,1.00
2015.06.18 22:18:50.787,1.04741,1.04794,1.12,1.00
2015.06.18 22:18:51.299,1.04741,1.04795,1.12,1.00
2015.06.18 22:18:51.993,1.04741,1.04794,1.12,1.00
2015.06.18 22:18:53.143,1.04741,1.04795,1.87,1.00
2015.06.18 22:18:55.210,1.04742,1.04795,1.87,1.00
2015.06.18 22:19:01.491,1.04743,1.04796,1.87,1.00
2015.06.18 22:19:01.797,1.04747,1.04796,1.12,1.00
2015.06.18 22:19:02.339,1.04747,1.04796,1.87,1.00
2015.06.18 22:19:02.927,1.04747,1.04796,1.87,1.00
2015.06.18 22:19:04.551,1.04746,1.04795,1.12,1.00
2015.06.18 22:19:06.349,1.04746,1.04795,1.27,1.00
2015.06.18 22:19:10.165,1.04745,1.04794,2.02,1.00
2015.06.18 22:19:10.693,1.04745,1.04795,1.87,1.00
2015.06.18 22:19:11.196,1.04745,1.04796,1.87,1.00
2015.06.18 22:19:12.029,1.04745,1.04797,1.87,1.00
2015.06.18 22:19:12.697,1.04745,1.04798,1.87,1.00
2015.06.18 22:19:13.204,1.04745,1.04797,1.87,1.00
2015.06.18 22:19:13.881,1.04745,1.04798,1.87,1.00
2015.06.18 22:19:14.590,1.04745,1.04797,1.87,1.00
2015.06.18 22:19:17.441,1.04745,1.04797,1.75,1.00
2015.06.18 22:19:17.974,1.04744,1.04797,1.75,1.00
2015.06.18 22:19:18.894,1.04744,1.04797,1.75,1.00
2015.06.18 22:19:21.563,1.04744,1.04797,1.75,1.00
2015.06.18 22:19:22.072,1.04744,1.04797,1.75,1.00
2015.06.18 22:19:30.495,1.04746,1.04798,1.12,1.00
2015.06.18 22:19:44.515,1.04741,1.04798,1.90,1.50
2015.06.18 22:19:44.617,1.0474,1.04797,2.02,1.00
2015.06.18 22:19:44.720,1.0474,1.04795,1.87,1.00
2015.06.18 22:19:45.025,1.0474,1.0479,1.87,1.00
2015.06.18 22:19:45.537,1.0474,1.04791,1.12,1.00
2015.06.18 22:19:47.540,1.04737,1.04791,1.75,1.00
2015.06.18 22:19:48.058,1.04733,1.04792,1.75,1.00
2015.06.18 22:19:48.576,1.04733,1.04791,1.75,1.00
2015.06.18 22:19:54.694,1.04733,1.04791,1.75,1.37
2015.06.18 22:19:56.836,1.04733,1.04789,1.75,1.12
2015.06.18 22:19:57.585,1.04732,1.0479,1.75,1.00
2015.06.18 22:20:01.868,1.04732,1.0479,1.95,1.00
2015.06.18 22:20:16.190,1.04731,1.0479,2.02,1.37
2015.06.18 22:20:17.419,1.04736,1.0479,1.12,1.00
2015.06.18 22:20:20.333,1.04731,1.04789,1.87,1.00
2015.06.18 22:20:21.990,1.04731,1.0479,1.87,1.00
2015.06.18 22:20:22.648,1.04731,1.04789,1.87,1.00
2015.06.18 22:20:23.878,1.04731,1.0479,2.02,1.00
2015.06.18 22:20:24.403,1.04731,1.04789,2.02,1.00
2015.06.18 22:20:25.751,1.04731,1.0479,2.02,1.00
2015.06.18 22:20:26.293,1.04731,1.0479,1.27,1.37
2015.06.18 22:20:31.764,1.04736,1.0479,1.12,1.00
2015.06.18 22:20:51.020,1.04733,1.0479,1.20,1.37
2015.06.18 22:20:53.630,1.04733,1.0479,1.12,1.00
2015.06.18 22:20:55.763,1.04733,1.0479,1.75,1.00
2015.06.18 22:21:07.492,1.04736,1.0479,1.12,1.37
2015.06.18 22:21:08.727,1.04733,1.0479,1.75,1.00
2015.06.18 22:21:12.221,1.04733,1.0479,1.57,1.37
2015.06.18 22:21:15.342,1.04736,1.0479,1.27,1.00
2015.06.18 22:21:16.456,1.04733,1.0479,2.02,1.37
2015.06.18 22:21:16.962,1.04733,1.0479,2.25,1.00
2015.06.18 22:21:20.839,1.04733,1.04789,2.25,1.00
2015.06.18 22:21:42.833,1.04737,1.04792,1.05,1.00
2015.06.18 22:21:43.493,1.04737,1.04793,1.05,1.00
2015.06.18 22:22:25.385,1.04737,1.04793,1.20,1.37
2015.06.18 22:22:37.303,1.04737,1.04793,1.20,1.37
2015.06.18 22:22:46.311,1.04737,1.04793,1.05,1.00
2015.06.18 22:22:46.412,1.04737,1.04793,1.05,1.37
2015.06.18 22:23:02.632,1.04737,1.04793,1.20,1.12
2015.06.18 22:23:10.638,1.04741,1.04793,1.12,1.37
2015.06.18 22:23:11.268,1.04741,1.04793,1.12,1.12
2015.06.18 22:23:12.270,1.04742,1.04793,1.12,1.00
2015.06.18 22:23:19.178,1.04737,1.04793,1.05,1.37
2015.06.18 22:23:19.587,1.04737,1.04793,1.05,1.00
2015.06.18 22:23:20.088,1.04737,1.04794,1.05,1.12
2015.06.18 22:23:29.747,1.04737,1.04793,1.20,1.00
2015.06.18 22:23:30.258,1.04737,1.04794,1.05,1.12
2015.06.18 22:23:50.095,1.04741,1.04794,1.12,1.37
2015.06.18 22:23:51.814,1.04737,1.04794,1.05,1.50
2015.06.18 22:23:52.242,1.04738,1.04794,1.87,1.50
2015.06.18 22:23:52.396,1.04738,1.04794,1.12,1.12
2015.06.18 22:23:52.905,1.04737,1.04792,1.05,1.50
2015.06.18 22:23:53.445,1.04737,1.04792,1.05,1.75
2015.06.18 22:24:02.054,1.0475,1.04795,1.87,1.00
2015.06.18 22:24:02.106,1.0475,1.04797,1.87,1.00
2015.06.18 22:24:02.310,1.0475,1.04809,1.12,1.75
2015.06.18 22:24:02.362,1.04743,1.04818,3.00,1.75
2015.06.18 22:24:03.349,1.04746,1.04808,1.12,1.75
2015.06.18 22:24:03.553,1.04744,1.04809,2.25,1.75
2015.06.18 22:24:05.035,1.04742,1.04813,1.75,3.37
2015.06.18 22:24:05.239,1.04743,1.04813,1.12,2.25
2015.06.18 22:24:30.415,1.04746,1.04809,1.12,1.12
2015.06.18 22:25:07.158,1.04743,1.04817,1.12,3.00
2015.06.18 22:26:00.511,1.04746,1.04809,1.12,1.75
2015.06.18 22:26:00.817,1.04748,1.04798,1.75,1.37
2015.06.18 22:26:03.138,1.04744,1.04797,2.25,1.37
2015.06.18 22:26:09.843,1.04746,1.04798,1.12,1.37
2015.06.18 22:26:10.148,1.04746,1.04798,1.12,1.37
2015.06.18 22:26:45.695,1.04748,1.04799,1.75,1.37
2015.06.18 22:27:13.238,1.04747,1.04799,1.20,1.37
2015.06.18 22:27:36.949,1.04747,1.04797,1.05,1.37
2015.06.18 22:27:39.380,1.04747,1.04797,1.05,1.37
2015.06.18 22:27:39.482,1.04747,1.04797,1.05,1.37
2015.06.18 22:27:44.760,1.04747,1.04797,1.20,1.12
2015.06.18 22:27:44.862,1.04747,1.04797,1.20,1.37
2015.06.18 22:27:45.583,1.04743,1.04797,2.32,1.37
2015.06.18 22:27:45.838,1.04745,1.04799,1.37,1.12
2015.06.18 22:27:46.592,1.04744,1.04809,1.87,1.12
2015.06.18 22:27:46.694,1.04745,1.04811,1.75,1.37
2015.06.18 22:27:47.818,1.04743,1.04814,1.75,1.37
2015.06.18 22:28:09.904,1.04751,1.04814,1.37,1.12
2015.06.18 22:28:11.845,1.04745,1.04816,1.75,2.25
2015.06.18 22:28:12.205,1.0475,1.04804,1.75,1.87
2015.06.18 22:28:19.263,1.0475,1.04804,1.75,1.87
2015.06.18 22:28:19.570,1.04752,1.04806,1.75,1.87
2015.06.18 22:28:43.061,1.04753,1.04806,1.75,1.12
2015.06.18 22:28:43.402,1.04756,1.04807,1.12,1.87
2015.06.18 22:28:54.598,1.04752,1.04805,1.95,1.75
2015.06.18 22:28:54.701,1.04748,1.04802,1.75,1.37
2015.06.18 22:28:54.907,1.04745,1.04799,3.00,1.37
2015.06.18 22:28:55.931,1.04747,1.04801,1.75,1.37
2015.06.18 22:29:05.338,1.0475,1.04802,1.75,1.12
2015.06.18 22:29:10.224,1.04752,1.04804,1.95,1.12
2015.06.18 22:29:10.708,1.04761,1.04806,1.37,1.12
2015.06.18 22:29:11.728,1.04761,1.04806,1.75,1.00
2015.06.18 22:29:11.779,1.04769,1.0481,1.37,1.00
2015.06.18 22:29:11.881,1.04767,1.04812,1.75,1.00
2015.06.18 22:29:11.933,1.04767,1.04812,1.75,1.75
2015.06.18 22:29:12.035,1.04767,1.04812,1.75,1.50
2015.06.18 22:29:12.304,1.04765,1.04803,1.37,1.00
2015.06.18 22:29:12.356,1.04765,1.04803,1.00,1.00
2015.06.18 22:29:12.407,1.04765,1.04807,1.00,1.00
2015.06.18 22:29:12.458,1.04767,1.04807,1.00,1.00
2015.06.18 22:29:12.611,1.04767,1.0481,1.00,1.00
2015.06.18 22:29:12.662,1.04769,1.0481,1.00,1.00
2015.06.18 22:29:12.968,1.04777,1.04811,1.00,1.00
2015.06.18 22:29:13.122,1.04777,1.04813,1.00,1.00
2015.06.18 22:29:13.503,1.04779,1.04813,1.00,1.00
2015.06.18 22:29:13.554,1.04777,1.04813,1.00,1.00
2015.06.18 22:29:13.759,1.04776,1.04816,1.00,1.00
2015.06.18 22:29:13.862,1.04778,1.04816,1.00,1.00
2015.06.18 22:29:14.168,1.04778,1.04813,1.00,1.00
2015.06.18 22:29:14.473,1.04778,1.04813,1.37,1.00
2015.06.18 22:29:14.986,1.04778,1.04813,1.00,1.00
2015.06.18 22:29:15.037,1.04778,1.04815,1.00,1.00
2015.06.18 22:29:16.969,1.04778,1.04815,1.37,1.00
2015.06.18 22:29:17.173,1.04777,1.04814,1.00,1.00
2015.06.18 22:29:17.377,1.04774,1.04813,1.37,1.00
2015.06.18 22:29:17.784,1.04771,1.04809,1.37,1.00
2015.06.18 22:29:18.326,1.0477,1.04808,1.37,1.00
2015.06.18 22:29:18.785,1.04769,1.04812,1.75,1.37
2015.06.18 22:29:20.093,1.04769,1.04812,1.50,1.50
2015.06.18 22:29:20.398,1.04769,1.04809,1.50,1.37
2015.06.18 22:29:24.505,1.04768,1.04809,1.37,1.37
2015.06.18 22:29:24.607,1.04768,1.0481,1.37,1.75
2015.06.18 22:29:29.175,1.04766,1.04809,1.37,1.37
2015.06.18 22:29:32.606,1.04762,1.04809,1.75,1.50
2015.06.18 22:29:35.022,1.04763,1.04809,1.75,1.37
2015.06.18 22:29:36.228,1.04763,1.04808,1.75,1.37
2015.06.18 22:29:36.330,1.04763,1.04808,1.75,1.37
2015.06.18 22:29:36.822,1.04763,1.04812,1.75,1.50
2015.06.18 22:29:38.040,1.04763,1.04812,1.75,1.37
2015.06.18 22:29:38.091,1.04763,1.04812,1.75,1.37
2015.06.18 22:29:43.104,1.04763,1.04812,1.75,1.00
2015.06.18 22:29:43.206,1.04763,1.04812,1.75,1.37
2015.06.18 22:29:45.441,1.04763,1.04812,1.75,2.25
2015.06.18 22:29:45.543,1.04763,1.04806,1.50,1.50
2015.06.18 22:29:45.817,1.04757,1.04804,1.00,1.50
2015.06.18 22:29:45.868,1.04754,1.04802,1.00,1.00
2015.06.18 22:29:46.076,1.04751,1.04804,1.37,1.87
2015.06.18 22:29:46.331,1.04749,1.04802,1.87,1.00
2015.06.18 22:29:46.637,1.0475,1.04798,1.37,1.00
2015.06.18 22:29:46.998,1.04751,1.04799,1.37,1.75
2015.06.18 22:29:52.027,1.0475,1.04798,1.37,1.75
2015.06.18 22:29:52.131,1.04747,1.04793,1.87,1.75
2015.06.18 22:29:52.233,1.04745,1.04793,1.87,1.75
2015.06.18 22:29:53.570,1.04742,1.0479,1.37,1.37
2015.06.18 22:30:13.585,1.04741,1.04789,1.75,1.75
2015.06.18 22:30:25.200,1.04741,1.04789,1.50,1.75
2015.06.18 22:30:52.235,1.04742,1.04788,1.75,1.50
2015.06.18 22:30:52.542,1.0475,1.04792,1.12,1.37
2015.06.18 22:30:52.746,1.04751,1.04791,1.00,1.00
2015.06.18 22:30:53.252,1.0475,1.04791,1.00,1.00
2015.06.18 22:30:53.970,1.04749,1.04791,1.75,1.00
2015.06.18 22:30:54.478,1.04749,1.04794,1.75,1.37
2015.06.18 22:30:55.029,1.04749,1.04794,1.75,1.37
2015.06.18 22:30:56.884,1.04749,1.04794,1.75,1.37
2015.06.18 22:30:58.188,1.04749,1.04794,1.75,1.12
2015.06.18 22:30:58.290,1.04749,1.04794,1.75,1.37
2015.06.18 22:30:59.981,1.04748,1.04792,1.75,1.75
2015.06.18 22:31:01.802,1.04744,1.04788,1.75,1.12
2015.06.18 22:31:03.008,1.04744,1.04788,1.75,1.37
2015.06.18 22:31:03.264,1.04744,1.04788,1.75,1.12
2015.06.18 22:31:16.614,1.04745,1.04788,1.75,1.12
2015.06.18 22:31:44.353,1.04745,1.04789,1.75,1.37
2015.06.18 22:31:44.556,1.04746,1.04789,1.75,1.12
2015.06.18 22:31:44.761,1.04746,1.04792,3.00,1.12
2015.06.18 22:31:45.280,1.0475,1.04792,1.75,1.12
2015.06.18 22:31:45.802,1.04749,1.04792,1.75,1.37
2015.06.18 22:31:46.310,1.04749,1.04792,1.87,1.00
2015.06.18 22:31:50.070,1.04754,1.04792,1.75,1.00
2015.06.18 22:31:50.274,1.04759,1.04796,1.12,1.00
2015.06.18 22:31:50.501,1.0476,1.04796,1.75,1.00
2015.06.18 22:31:50.604,1.0476,1.04799,1.75,1.00
2015.06.18 22:31:51.116,1.0476,1.04801,1.75,1.12
2015.06.18 22:31:51.706,1.0476,1.048,2.62,1.00
2015.06.18 22:31:58.953,1.04762,1.048,1.12,1.00
2015.06.18 22:31:59.482,1.04763,1.04802,1.75,1.12
2015.06.18 22:31:59.991,1.04762,1.04802,1.75,1.37
2015.06.18 22:32:00.522,1.04761,1.04802,3.00,1.00
2015.06.18 22:32:01.152,1.04763,1.04802,1.75,1.37
2015.06.18 22:32:01.701,1.04763,1.04802,1.75,1.12
2015.06.18 22:32:03.565,1.04763,1.04802,1.75,1.37
2015.06.18 22:32:04.957,1.04762,1.04802,2.25,1.12
2015.06.18 22:32:08.601,1.04763,1.04803,1.75,1.37
2015.06.18 22:32:09.126,1.04763,1.04801,1.75,1.00
2015.06.18 22:32:09.637,1.04763,1.048,1.75,1.00
2015.06.18 22:32:12.385,1.04762,1.04802,1.75,1.12
2015.06.18 22:32:14.068,1.04762,1.04802,1.75,1.37
2015.06.18 22:32:14.120,1.04758,1.04796,1.75,1.00
2015.06.18 22:32:14.426,1.04758,1.04794,1.75,1.00
2015.06.18 22:32:14.737,1.0476,1.04793,1.75,1.00
2015.06.18 22:32:16.320,1.04761,1.04793,1.50,1.00
2015.06.18 22:32:16.473,1.04754,1.04793,2.25,1.00
2015.06.18 22:32:17.030,1.04755,1.04794,1.75,1.00
2015.06.18 22:32:18.222,1.04757,1.04794,1.75,1.00
2015.06.18 22:32:18.851,1.04755,1.04794,1.75,1.00
2015.06.18 22:32:19.800,1.04756,1.04794,1.75,1.00
2015.06.18 22:32:22.374,1.04756,1.04795,1.12,1.00
2015.06.18 22:32:22.946,1.04755,1.04792,1.75,1.00
2015.06.18 22:32:23.912,1.04758,1.04792,1.75,1.00
2015.06.18 22:32:24.419,1.04755,1.04792,1.75,1.00
2015.06.18 22:32:27.438,1.04754,1.04792,1.75,1.00
2015.06.18 22:32:38.668,1.04753,1.04792,1.75,1.37
2015.06.18 22:32:38.719,1.04751,1.04792,1.12,1.37
2015.06.18 22:32:38.821,1.0475,1.04791,1.75,1.12
2015.06.18 22:32:41.161,1.04747,1.04791,1.95,1.37
2015.06.18 22:32:41.263,1.04743,1.04791,3.37,1.50
2015.06.18 22:32:41.467,1.04743,1.04787,1.75,1.37
2015.06.18 22:32:55.066,1.04741,1.04788,1.90,1.50
2015.06.18 22:33:36.922,1.04741,1.04789,1.90,1.75
2015.06.18 22:33:37.227,1.04738,1.04786,2.25,1.50
2015.06.18 22:33:46.042,1.04741,1.04786,1.12,2.25
2015.06.18 22:33:46.348,1.04737,1.04783,1.75,1.75
2015.06.18 22:33:48.617,1.04736,1.04783,2.62,1.50
2015.06.18 22:34:46.823,1.04736,1.04779,1.75,1.87
2015.06.18 22:34:46.925,1.04736,1.04779,1.37,1.87
2015.06.18 22:34:47.027,1.04734,1.04777,1.87,1.75
2015.06.18 22:35:00.647,1.0473,1.04772,1.75,1.12
2015.06.18 22:35:00.850,1.04732,1.04772,1.75,1.00
2015.06.18 22:35:01.382,1.04732,1.04772,1.75,1.00
2015.06.18 22:35:06.012,1.04732,1.04777,1.75,1.75
2015.06.18 22:35:06.199,1.04732,1.04777,2.62,1.37
2015.06.18 22:35:06.252,1.0474,1.04779,1.75,2.25
2015.06.18 22:35:06.558,1.04742,1.04779,1.75,2.25
2015.06.18 22:35:09.399,1.04741,1.04779,1.75,1.50
2015.06.18 22:35:25.977,1.04741,1.04779,1.75,1.37
2015.06.18 22:35:27.842,1.04741,1.04779,1.75,1.37
2015.06.18 22:35:29.438,1.04742,1.04781,1.75,1.37
2015.06.18 22:35:29.642,1.04745,1.04784,2.25,3.00
2015.06.18 22:35:42.739,1.04747,1.04785,2.25,1.37
2015.06.18 22:35:43.750,1.04749,1.04785,1.75,1.00
2015.06.18 22:35:43.854,1.04749,1.04785,1.75,1.37
2015.06.18 22:35:45.073,1.04747,1.04785,2.25,1.37
2015.06.18 22:35:45.755,1.04748,1.04786,1.75,1.87
2015.06.18 22:35:46.760,1.04748,1.04786,1.75,1.87
2015.06.18 22:35:47.029,1.04748,1.04786,1.75,1.87
2015.06.18 22:35:50.794,1.04748,1.04786,1.75,1.87
2015.06.18 22:35:50.960,1.04748,1.04786,2.25,1.87
2015.06.18 22:35:51.469,1.04748,1.04786,1.75,1.87
2015.06.18 22:35:53.867,1.04748,1.04786,2.25,1.87
2015.06.18 22:35:55.289,1.04748,1.04786,2.25,1.87
2015.06.18 22:35:55.390,1.04748,1.04786,1.75,1.50
2015.06.18 22:35:55.492,1.04748,1.04786,1.75,1.87
2015.06.18 22:35:57.076,1.04748,1.04786,1.75,1.50
2015.06.18 22:35:57.182,1.04749,1.04786,1.75,1.87
2015.06.18 22:36:15.439,1.04749,1.04786,2.25,1.87
2015.06.18 22:36:15.947,1.04749,1.04786,1.75,1.87
2015.06.18 22:36:16.559,1.0475,1.04787,2.25,1.12
2015.06.18 22:36:16.864,1.0475,1.04791,1.75,1.75
2015.06.18 22:36:16.966,1.0475,1.04789,1.75,1.37
2015.06.18 22:36:17.017,1.0475,1.04789,1.50,1.00
2015.06.18 22:36:17.069,1.0475,1.04787,1.50,1.00
2015.06.18 22:36:17.272,1.04748,1.04787,2.25,1.00
2015.06.18 22:36:17.476,1.0475,1.04787,1.00,1.00
2015.06.18 22:36:17.781,1.04749,1.04787,1.75,1.37
2015.06.18 22:36:18.344,1.0475,1.04787,1.75,1.37
2015.06.18 22:36:18.548,1.0475,1.04787,1.75,1.00
2015.06.18 22:36:19.561,1.0475,1.04787,1.75,1.37
2015.06.18 22:36:21.338,1.0475,1.04787,1.75,1.37
2015.06.18 22:36:28.348,1.04752,1.04787,1.75,1.00
2015.06.18 22:36:28.654,1.04755,1.04793,1.75,1.00
2015.06.18 22:36:29.060,1.04757,1.04794,1.00,1.12
2015.06.18 22:36:29.588,1.04756,1.04794,1.12,1.12
2015.06.18 22:36:30.267,1.04756,1.04794,1.75,1.12
2015.06.18 22:36:40.050,1.04757,1.04796,1.75,1.50
2015.06.18 22:36:40.899,1.04756,1.04794,2.25,1.00
2015.06.18 22:36:45.260,1.04758,1.04794,1.75,1.00
2015.06.18 22:36:46.256,1.04757,1.04797,2.25,1.75
2015.06.18 22:36:47.214,1.04758,1.04796,1.75,1.37
2015.06.18 22:36:47.468,1.04761,1.04799,1.12,1.50
2015.06.18 22:36:47.570,1.0476,1.04801,1.75,1.75
2015.06.18 22:36:47.873,1.04761,1.04799,1.00,1.12
2015.06.18 22:36:48.077,1.0476,1.04802,1.12,1.00
2015.06.18 22:36:48.587,1.04761,1.04802,1.00,1.00
2015.06.18 22:36:48.689,1.0476,1.04802,2.25,1.50
2015.06.18 22:36:48.994,1.04759,1.048,1.75,1.00
2015.06.18 22:36:49.955,1.0476,1.04799,1.75,1.00
2015.06.18 22:36:50.261,1.0476,1.04799,2.25,1.50
2015.06.18 22:36:51.448,1.0476,1.04799,3.15,1.50
2015.06.18 22:36:51.987,1.04761,1.04798,1.95,1.00
2015.06.18 22:36:54.732,1.04761,1.04797,1.95,1.00
2015.06.18 22:37:00.804,1.0476,1.04797,1.90,1.00
2015.06.18 22:37:15.762,1.04761,1.04798,1.75,1.12
2015.06.18 22:37:16.319,1.04761,1.04798,1.50,2.25
2015.06.18 22:37:16.523,1.04757,1.04793,1.57,1.00
2015.06.18 22:37:19.377,1.04753,1.04794,1.75,1.87
2015.06.18 22:37:20.135,1.04753,1.04794,1.75,1.87
2015.06.18 22:37:20.741,1.04753,1.04794,1.75,1.12
2015.06.18 22:37:21.415,1.04753,1.04794,1.75,1.12
2015.06.18 22:37:21.977,1.04753,1.04794,1.75,1.87
2015.06.18 22:37:33.458,1.04753,1.04794,1.75,1.87
2015.06.18 22:37:43.441,1.04753,1.04794,1.50,1.87
2015.06.18 22:37:48.097,1.04753,1.04794,1.37,1.87
2015.06.18 22:37:58.522,1.04753,1.04792,1.37,1.00
2015.06.18 22:37:58.841,1.04752,1.04788,1.00,1.00
2015.06.18 22:37:59.351,1.04749,1.04788,1.37,1.37
2015.06.18 22:38:01.084,1.04749,1.04788,1.37,1.37
2015.06.18 22:38:11.919,1.04749,1.04788,1.37,2.25
2015.06.18 22:38:16.836,1.04746,1.04783,3.15,1.50
2015.06.18 22:38:17.118,1.04747,1.04783,1.37,1.75
2015.06.18 22:38:17.532,1.04747,1.04782,2.25,1.37
2015.06.18 22:38:17.634,1.04747,1.04782,1.87,1.50
2015.06.18 22:38:18.797,1.04747,1.04782,2.25,1.37
2015.06.18 22:38:18.899,1.04747,1.04782,1.87,1.50
2015.06.18 22:38:19.931,1.04747,1.04782,2.25,1.37
2015.06.18 22:38:20.033,1.04747,1.04782,1.87,1.50
2015.06.18 22:38:21.623,1.04747,1.04782,1.75,1.37
2015.06.18 22:38:21.726,1.04747,1.04782,1.37,1.50
2015.06.18 22:38:22.351,1.04747,1.04782,1.75,1.37
2015.06.18 22:38:22.403,1.04747,1.04782,1.37,1.50
2015.06.18 22:38:23.231,1.04747,1.04782,1.75,1.37
2015.06.18 22:38:23.435,1.04747,1.04787,1.75,3.00
2015.06.18 22:38:23.537,1.04749,1.04787,1.75,1.37
2015.06.18 22:38:23.742,1.04751,1.04789,1.75,1.50
2015.06.18 22:38:24.023,1.04751,1.04792,2.25,1.00
2015.06.18 22:38:24.126,1.04753,1.04792,1.75,1.00
2015.06.18 22:38:24.841,1.04754,1.04792,1.75,1.00
2015.06.18 22:38:24.944,1.04754,1.04792,1.75,1.12
2015.06.18 22:38:25.560,1.04753,1.04792,1.75,1.00
2015.06.18 22:38:25.662,1.04753,1.04792,1.75,1.12
2015.06.18 22:38:27.716,1.04753,1.04792,1.75,1.00
2015.06.18 22:38:27.818,1.04753,1.04792,1.75,1.12
2015.06.18 22:38:28.417,1.04753,1.04792,1.75,1.00
2015.06.18 22:38:28.520,1.04753,1.04792,1.75,1.12
2015.06.18 22:38:31.157,1.04753,1.04792,1.75,1.37
2015.06.18 22:38:31.362,1.04753,1.04792,1.75,1.37
2015.06.18 22:38:31.465,1.04754,1.04792,1.75,1.37
2015.06.18 22:38:31.670,1.04754,1.04792,1.75,1.12
2015.06.18 22:38:32.026,1.04753,1.04792,1.75,1.00
2015.06.18 22:38:32.128,1.04753,1.04792,1.75,1.12
2015.06.18 22:38:33.142,1.04753,1.04792,1.75,1.00
2015.06.18 22:38:33.244,1.04754,1.04792,1.75,1.12
2015.06.18 22:38:37.533,1.04754,1.04792,1.75,1.00
2015.06.18 22:38:37.635,1.04754,1.04792,1.75,1.12
2015.06.18 22:38:38.658,1.04754,1.04792,1.75,1.00
2015.06.18 22:38:39.382,1.04754,1.04792,1.75,1.00
2015.06.18 22:38:39.484,1.04754,1.04792,1.75,1.00
2015.06.18 22:38:40.060,1.04754,1.04792,1.75,1.00
2015.06.18 22:38:40.163,1.04754,1.04792,1.75,1.00
2015.06.18 22:38:40.780,1.04754,1.04792,1.75,1.00
2015.06.18 22:39:00.492,1.04755,1.04792,1.75,1.00
2015.06.18 22:39:06.488,1.04755,1.04792,1.75,1.37
2015.06.18 22:39:06.590,1.04755,1.04792,1.50,1.37
2015.06.18 22:39:06.692,1.04753,1.04792,1.75,1.00
2015.06.18 22:39:07.828,1.04752,1.04792,2.25,1.00
2015.06.18 22:39:08.428,1.04753,1.04792,1.37,1.00
2015.06.18 22:39:09.327,1.04752,1.04792,2.25,1.37
2015.06.18 22:39:10.022,1.04752,1.04792,1.75,1.00
2015.06.18 22:39:14.824,1.04752,1.04792,1.87,1.00
2015.06.18 22:39:14.978,1.0475,1.04788,2.25,1.00
2015.06.18 22:39:15.029,1.0475,1.04788,1.87,1.12
2015.06.18 22:39:15.131,1.04749,1.04788,1.37,1.12
2015.06.18 22:39:15.233,1.04748,1.04788,1.50,1.00
2015.06.18 22:39:15.539,1.04748,1.04784,1.50,1.00
2015.06.18 22:39:16.320,1.04748,1.04784,1.75,1.00
2015.06.18 22:39:16.830,1.04747,1.04784,1.37,1.87
2015.06.18 22:39:17.461,1.04747,1.04784,1.50,1.87
2015.06.18 22:39:17.514,1.04747,1.04784,1.37,1.87
2015.06.18 22:39:17.616,1.04747,1.04784,1.50,1.87
2015.06.18 22:39:18.241,1.04747,1.04784,1.37,1.87
2015.06.18 22:39:18.764,1.04746,1.04784,1.37,2.25
2015.06.18 22:39:27.124,1.04747,1.04784,1.37,1.87
2015.06.18 22:39:27.226,1.04747,1.04784,1.37,2.25
2015.06.18 22:39:28.635,1.04746,1.04779,1.50,1.00
2015.06.18 22:39:28.738,1.04746,1.04779,1.37,1.12
2015.06.18 22:39:29.454,1.04745,1.04779,1.75,1.50
2015.06.18 22:39:30.244,1.04745,1.04779,1.50,1.12
2015.06.18 22:39:30.955,1.04746,1.04779,1.87,1.12
2015.06.18 22:39:31.635,1.04747,1.04779,1.65,1.50
2015.06.18 22:39:32.855,1.04748,1.04779,1.37,1.12
2015.06.18 22:39:36.351,1.04748,1.04779,1.37,1.50
2015.06.18 22:39:40.658,1.04748,1.04779,1.37,1.12
2015.06.18 22:39:41.371,1.04747,1.04779,1.57,1.50
2015.06.18 22:39:41.678,1.04747,1.04779,1.57,1.12
2015.06.18 22:39:43.886,1.04746,1.04779,2.77,1.50
2015.06.18 22:39:44.206,1.04746,1.04782,2.40,1.37
2015.06.18 22:39:44.309,1.04746,1.04782,2.40,1.12
2015.06.18 22:39:44.666,1.04746,1.04782,3.15,1.00
2015.06.18 22:39:45.578,1.04747,1.04782,1.65,1.00
2015.06.18 22:39:45.782,1.04747,1.04784,1.95,1.00
2015.06.18 22:39:46.088,1.04749,1.04785,1.75,1.12
2015.06.18 22:39:47.820,1.0475,1.04785,2.40,1.00
2015.06.18 22:39:52.087,1.04751,1.04785,3.15,1.00
2015.06.18 22:39:52.417,1.04751,1.04785,2.40,1.37
2015.06.18 22:39:55.101,1.0475,1.04785,1.90,1.37
2015.06.18 22:39:55.306,1.04751,1.04789,2.25,2.25
2015.06.18 22:39:55.511,1.04751,1.04785,1.50,1.00
2015.06.18 22:40:05.151,1.04749,1.04785,1.75,1.00
2015.06.18 22:40:17.135,1.04748,1.04785,2.25,1.00
2015.06.18 22:40:19.678,1.04748,1.04785,2.25,1.00
2015.06.18 22:40:21.741,1.04749,1.04777,1.75,1.00
2015.06.18 22:40:21.793,1.04747,1.04777,1.00,1.12
2015.06.18 22:40:22.401,1.04742,1.04777,1.37,1.12
2015.06.18 22:40:26.560,1.04742,1.04777,1.75,1.00
2015.06.18 22:40:36.678,1.04743,1.04777,1.37,1.00
2015.06.18 22:41:14.657,1.04742,1.04777,1.37,1.37
2015.06.18 22:41:17.142,1.04741,1.04776,1.37,1.37
2015.06.18 22:41:17.865,1.04741,1.04776,1.75,1.00
2015.06.18 22:41:17.967,1.04744,1.04779,1.75,1.12
2015.06.18 22:41:18.120,1.04745,1.04781,1.75,1.00
2015.06.18 22:41:27.839,1.04745,1.04781,1.37,1.87
2015.06.18 22:42:12.294,1.04745,1.04781,1.50,1.50
2015.06.18 22:42:20.600,1.04745,1.04783,1.50,1.12
2015.06.18 22:42:44.249,1.04747,1.04784,1.50,1.87
2015.06.18 22:42:44.555,1.04748,1.04784,1.75,1.12
2015.06.18 22:42:51.339,1.0475,1.04785,1.37,1.00
2015.06.18 22:42:53.357,1.0475,1.04785,1.37,1.37
2015.06.18 22:42:53.459,1.0475,1.04785,1.37,1.00
2015.06.18 22:42:53.968,1.04745,1.04785,1.75,1.37
2015.06.18 22:43:08.308,1.04747,1.04785,1.37,1.37
2015.06.18 22:43:32.816,1.04746,1.04784,1.37,1.87
2015.06.18 22:43:34.914,1.04746,1.04784,1.37,1.87
2015.06.18 22:43:35.524,1.04746,1.04784,1.37,1.37
2015.06.18 22:43:45.645,1.04744,1.04782,1.37,1.12
2015.06.18 22:43:45.749,1.04742,1.04779,1.37,1.37
2015.06.18 22:44:45.019,1.04741,1.04779,1.37,2.25
2015.06.18 22:44:45.224,1.04741,1.04779,1.37,1.37
2015.06.18 22:45:09.197,1.04739,1.0478,1.50,1.87
2015.06.18 22:45:09.400,1.04739,1.0478,1.37,1.87
2015.06.18 22:45:11.822,1.0474,1.04778,1.12,1.37
2015.06.18 22:45:11.976,1.04734,1.04777,1.37,1.50
2015.06.18 22:45:12.383,1.04735,1.04777,1.37,1.37
2015.06.18 22:45:18.513,1.04735,1.04777,1.37,1.50
2015.06.18 22:45:18.819,1.04733,1.04772,1.37,1.37
2015.06.18 22:45:23.440,1.04734,1.04772,1.37,1.37
2015.06.18 22:45:24.050,1.04733,1.04772,1.50,1.37
2015.06.18 22:45:24.458,1.04733,1.04774,1.50,1.12
2015.06.18 22:45:24.923,1.04733,1.04777,1.75,1.37
2015.06.18 22:46:02.283,1.04734,1.04777,1.50,1.87
2015.06.18 22:46:02.598,1.04734,1.04777,1.50,2.25
2015.06.18 22:46:02.802,1.04734,1.04777,1.37,1.87
2015.06.18 22:46:06.948,1.04734,1.04777,1.37,1.87
2015.06.18 22:46:14.176,1.04734,1.04777,1.37,2.25
2015.06.18 22:46:23.489,1.04733,1.04775,1.37,1.75
2015.06.18 22:46:23.795,1.04729,1.04773,2.25,1.75
2015.06.18 22:47:05.296,1.04731,1.04768,1.75,1.37
2015.06.18 22:47:05.399,1.04731,1.04771,1.50,1.37
2015.06.18 22:47:06.134,1.0473,1.04761,1.75,1.00
2015.06.18 22:47:06.490,1.0473,1.04764,1.50,1.50
2015.06.18 22:47:06.592,1.04731,1.04768,1.50,1.12
2015.06.18 22:47:07.231,1.04728,1.04766,1.75,1.00
2015.06.18 22:47:07.600,1.04729,1.04765,1.50,1.50
2015.06.18 22:47:13.485,1.04729,1.04763,1.75,1.00
2015.06.18 22:47:13.588,1.0473,1.04765,1.75,1.00
2015.06.18 22:47:14.097,1.04731,1.04768,1.75,1.37
2015.06.18 22:47:16.095,1.04731,1.04768,1.50,1.00
2015.06.18 22:47:16.614,1.04731,1.04769,1.50,1.12
2015.06.18 22:47:17.526,1.04731,1.04768,1.50,1.00
2015.06.18 22:47:22.660,1.04731,1.04769,1.37,1.37
2015.06.18 22:47:22.712,1.04731,1.04769,1.37,1.75
2015.06.18 22:47:30.939,1.0473,1.04764,1.50,2.62
2015.06.18 22:47:53.458,1.04725,1.04761,1.37,1.37
2015.06.18 22:47:53.867,1.04722,1.04761,1.75,1.12
2015.06.18 22:47:54.172,1.04725,1.04759,1.75,1.50
2015.06.18 22:48:00.570,1.04726,1.04762,1.12,1.00
2015.06.18 22:48:00.775,1.04726,1.04762,1.75,1.37
2015.06.18 22:48:00.979,1.04726,1.04763,1.75,1.37
2015.06.18 22:48:01.526,1.04725,1.04762,1.75,1.37
2015.06.18 22:48:02.147,1.04725,1.04761,1.75,1.37
2015.06.18 22:48:03.010,1.04725,1.04761,1.50,1.75
2015.06.18 22:48:03.061,1.0472,1.04762,1.50,2.25
2015.06.18 22:48:03.269,1.04718,1.04756,1.50,1.37
2015.06.18 22:48:03.374,1.04718,1.04756,1.75,1.12
2015.06.18 22:48:03.477,1.04719,1.04756,1.75,1.37
2015.06.18 22:48:04.014,1.0472,1.04756,1.75,1.37
2015.06.18 22:48:05.384,1.04721,1.04756,1.37,1.00
2015.06.18 22:48:07.649,1.04716,1.04755,1.75,1.37
2015.06.18 22:48:07.752,1.04713,1.04755,2.25,2.25
2015.06.18 22:48:07.957,1.04715,1.04752,1.37,1.37
2015.06.18 22:48:12.263,1.04715,1.04751,1.37,1.37
2015.06.18 22:48:28.538,1.04714,1.04752,1.75,1.87
2015.06.18 22:48:28.844,1.04718,1.04755,1.75,1.50
2015.06.18 22:48:28.895,1.04718,1.04755,1.37,1.75
2015.06.18 22:48:29.099,1.04716,1.04753,1.00,1.00
2015.06.18 22:48:29.625,1.04716,1.04752,1.00,1.00
2015.06.18 22:48:30.134,1.04717,1.04752,1.75,1.12
2015.06.18 22:48:30.338,1.04718,1.04755,1.12,1.50
2015.06.18 22:48:30.441,1.04716,1.04755,1.75,1.50
2015.06.18 22:48:30.688,1.04713,1.04754,1.50,1.50
2015.06.18 22:48:35.722,1.04714,1.04753,1.37,1.87
2015.06.18 22:48:35.926,1.04715,1.04752,1.37,1.37
2015.06.18 22:48:37.257,1.04715,1.04751,1.37,1.37
2015.06.18 22:49:00.276,1.04713,1.04748,1.37,1.75
2015.06.18 22:49:00.480,1.04714,1.04748,1.37,1.87
2015.06.18 22:49:10.308,1.04716,1.04752,1.50,1.87
2015.06.18 22:49:10.810,1.04718,1.04752,1.37,1.12
2015.06.18 22:49:11.015,1.04715,1.04752,1.37,1.37
2015.06.18 22:49:11.117,1.04711,1.04752,1.37,1.37
2015.06.18 22:49:11.219,1.04711,1.04751,1.37,1.37
2015.06.18 22:49:13.903,1.04715,1.04752,1.37,1.37
2015.06.18 22:49:17.192,1.04714,1.0475,1.00,1.75
2015.06.18 22:49:17.294,1.04712,1.04748,1.37,1.75
2015.06.18 22:49:30.248,1.04711,1.04746,1.12,1.37
2015.06.18 22:49:30.351,1.04715,1.04749,1.00,1.00
2015.06.18 22:49:30.453,1.04715,1.04753,1.00,1.50
2015.06.18 22:49:30.710,1.04715,1.04751,1.00,1.00
2015.06.18 22:49:31.024,1.04715,1.04749,1.00,1.00
2015.06.18 22:49:32.345,1.04714,1.04749,1.00,1.00
2015.06.18 22:49:32.735,1.04713,1.04749,1.37,1.75
2015.06.18 22:49:48.029,1.04713,1.04749,1.37,2.25
2015.06.18 22:49:48.879,1.04713,1.04749,1.37,2.25
2015.06.18 22:49:57.593,1.04713,1.04747,1.37,1.75
2015.06.18 22:50:17.927,1.04706,1.04733,1.75,1.00
2015.06.18 22:50:18.132,1.04705,1.04739,2.10,1.50
2015.06.18 22:50:18.234,1.04705,1.04736,1.05,1.75
2015.06.18 22:50:18.439,1.04704,1.04736,1.30,1.00
2015.06.18 22:50:19.066,1.04701,1.04735,1.48,1.00
2015.06.18 22:50:19.321,1.04702,1.04735,1.05,1.75
2015.06.18 22:51:02.248,1.04704,1.04739,1.67,1.75
2015.06.18 22:51:12.722,1.04706,1.0474,1.42,2.25
2015.06.18 22:51:27.135,1.04708,1.04734,1.00,1.20
2015.06.18 22:51:27.419,1.04704,1.04738,1.37,1.90
2015.06.18 22:51:42.738,1.04703,1.04737,1.37,1.75
2015.06.18 22:51:58.479,1.04708,1.04741,1.00,2.25
2015.06.18 22:51:59.017,1.04707,1.04741,1.00,3.00
2015.06.18 22:52:03.167,1.04708,1.04741,1.00,2.25
2015.06.18 22:52:03.811,1.04707,1.04741,1.00,2.25
2015.06.18 22:52:06.383,1.04707,1.04741,1.12,2.25
2015.06.18 22:52:18.325,1.04707,1.0474,1.37,1.75
2015.06.18 22:52:23.935,1.04707,1.04741,1.12,2.25
2015.06.18 22:52:27.823,1.04707,1.04741,1.37,1.75
2015.06.18 22:52:30.249,1.04707,1.04741,1.37,1.75
2015.06.18 22:52:38.355,1.04707,1.04741,1.12,2.25
2015.06.18 22:52:52.698,1.04705,1.04739,1.37,1.75
2015.06.18 22:52:56.813,1.04705,1.04739,1.75,1.75
2015.06.18 22:52:57.355,1.0471,1.04744,1.37,2.25
2015.06.18 22:52:57.876,1.04709,1.04742,1.37,1.12
2015.06.18 22:53:11.488,1.04708,1.04742,1.37,1.87
2015.06.18 22:53:11.691,1.04708,1.04741,1.37,1.12
2015.06.18 22:53:11.794,1.04708,1.04742,1.37,1.75
2015.06.18 22:53:12.311,1.04708,1.04742,1.37,1.75
2015.06.18 22:53:12.922,1.04709,1.04743,1.37,1.75
2015.06.18 22:53:26.448,1.04707,1.04741,1.37,1.75
2015.06.18 22:53:27.908,1.04706,1.0474,1.37,1.75
2015.06.18 22:53:46.438,1.04706,1.0474,1.37,1.75
2015.06.18 22:53:46.957,1.04706,1.0474,1.37,1.75
2015.06.18 22:53:57.187,1.04706,1.0474,1.37,1.75
2015.06.18 22:53:57.289,1.04706,1.0474,1.37,2.25
2015.06.18 22:53:57.949,1.04705,1.04739,1.37,2.25
2015.06.18 22:54:05.005,1.04705,1.04738,1.00,1.75
2015.06.18 22:54:05.158,1.04702,1.04737,1.12,1.12
2015.06.18 22:54:05.260,1.04702,1.04737,1.37,1.12
2015.06.18 22:54:14.903,1.04704,1.04738,1.00,2.62
2015.06.18 22:54:15.413,1.04704,1.04737,1.00,1.75
2015.06.18 22:54:15.932,1.04705,1.04737,1.00,1.75
2015.06.18 22:54:16.482,1.04704,1.04737,1.00,1.75
2015.06.18 22:54:16.635,1.04702,1.04737,1.12,1.75
2015.06.18 22:54:17.145,1.04703,1.04736,1.00,1.75
2015.06.18 22:54:18.133,1.04701,1.04736,1.00,1.75
2015.06.18 22:54:18.286,1.04704,1.04734,1.00,1.75
2015.06.18 22:54:18.804,1.04703,1.04734,1.00,1.75
2015.06.18 22:54:20.052,1.04701,1.04735,1.37,1.87
2015.06.18 22:54:20.562,1.04701,1.04737,1.37,1.75
2015.06.18 22:54:21.022,1.04704,1.04738,1.00,1.75
2015.06.18 22:54:21.537,1.04705,1.04738,1.00,1.75
2015.06.18 22:54:23.827,1.04705,1.04738,1.00,1.75
2015.06.18 22:54:23.980,1.04703,1.04735,1.00,1.75
2015.06.18 22:54:24.672,1.04703,1.04737,1.50,1.75
2015.06.18 22:55:00.881,1.04702,1.04736,1.37,2.25
2015.06.18 22:55:03.086,1.04701,1.04734,1.00,1.75
2015.06.18 22:55:03.188,1.04699,1.04732,1.12,1.75
2015.06.18 22:55:03.494,1.04701,1.04735,1.00,1.75
2015.06.18 22:55:04.118,1.047,1.04734,1.00,1.75
2015.06.18 22:55:08.402,1.047,1.04734,1.37,1.75
2015.06.18 22:55:18.230,1.04698,1.0473,3.00,1.75
2015.06.18 22:55:18.434,1.04701,1.04735,1.75,1.12
2015.06.18 22:55:18.980,1.04704,1.04738,1.37,1.75
2015.06.18 22:55:28.136,1.04706,1.0474,1.37,2.25
2015.06.18 22:55:30.139,1.04706,1.0474,1.37,2.25
2015.06.18 22:55:31.140,1.04706,1.0474,1.12,2.25
2015.06.18 22:55:32.576,1.04706,1.0474,1.37,2.25
2015.06.18 22:55:56.283,1.04706,1.04739,1.37,2.25
2015.06.18 22:56:19.113,1.04704,1.04738,1.37,1.75
2015.06.18 22:56:19.706,1.04705,1.04739,1.37,2.25
2015.06.18 22:56:22.728,1.04705,1.04739,1.37,2.25
2015.06.18 22:56:23.237,1.04704,1.04738,1.75,1.75
2015.06.18 22:56:23.441,1.04705,1.04739,1.50,1.75
2015.06.18 22:56:23.543,1.04708,1.04742,1.00,1.37
2015.06.18 22:56:23.645,1.04711,1.04745,1.00,1.75
2015.06.18 22:56:24.167,1.0471,1.04744,1.00,1.50
2015.06.18 22:56:24.523,1.0471,1.04744,1.37,1.75
2015.06.18 22:56:29.224,1.04707,1.04741,1.37,1.75
2015.06.18 22:56:29.735,1.04705,1.04739,1.75,1.75
2015.06.18 22:56:30.859,1.04706,1.0474,1.50,1.75
2015.06.18 22:56:34.832,1.04705,1.04739,1.75,1.75
2015.06.18 22:56:35.475,1.04706,1.0474,1.75,1.75
2015.06.18 22:56:35.985,1.04709,1.04743,1.37,1.75
2015.06.18 22:56:36.701,1.0471,1.04744,1.37,1.75
2015.06.18 22:56:38.686,1.04708,1.04742,1.37,1.75
2015.06.18 22:56:39.892,1.04707,1.04741,1.50,1.75
2015.06.18 22:56:42.541,1.04707,1.04741,1.75,1.75
2015.06.18 22:56:45.151,1.0471,1.04744,1.37,2.25
2015.06.18 22:56:45.665,1.04706,1.0474,1.50,1.75
2015.06.18 22:56:48.155,1.04708,1.04742,1.37,1.75
2015.06.18 22:56:48.362,1.04704,1.04739,1.37,1.75
2015.06.18 22:56:48.887,1.04707,1.04741,1.00,2.25
2015.06.18 22:56:49.463,1.04707,1.04741,1.12,1.75
2015.06.18 22:56:50.108,1.04707,1.04738,1.12,1.12
2015.06.18 22:56:50.211,1.04703,1.04737,1.37,1.75
2015.06.18 22:56:50.774,1.04705,1.04738,1.00,1.75
2015.06.18 22:56:51.323,1.04703,1.04736,1.37,1.75
2015.06.18 22:56:51.682,1.04702,1.04736,1.75,2.25
2015.06.18 22:56:51.886,1.04707,1.04741,1.50,1.75
2015.06.18 22:56:52.417,1.04709,1.04743,1.37,1.75
2015.06.18 22:56:52.900,1.04707,1.04741,1.75,1.75
2015.06.18 22:56:58.646,1.04713,1.04747,1.75,1.75
2015.06.18 22:56:58.799,1.04717,1.04751,1.37,1.75
2015.06.18 22:56:59.676,1.04714,1.04753,1.75,1.75
2015.06.18 22:57:02.123,1.04715,1.04753,1.50,1.75
2015.06.18 22:57:02.627,1.04715,1.04754,1.75,2.25
2015.06.18 22:57:05.102,1.04717,1.04754,1.50,3.00
2015.06.18 22:57:05.612,1.04716,1.04754,1.75,1.75
2015.06.18 22:57:06.628,1.04716,1.04754,1.50,3.00
2015.06.18 22:57:07.141,1.04714,1.04754,1.75,3.00
2015.06.18 22:57:07.510,1.04715,1.04755,1.75,1.75
2015.06.18 22:57:13.143,1.04714,1.04755,1.75,2.25
2015.06.18 22:57:13.450,1.04712,1.04752,1.75,1.75
2015.06.18 22:57:14.708,1.04714,1.04751,1.75,1.75
2015.06.18 22:57:28.427,1.04714,1.04751,1.75,1.75
2015.06.18 22:58:10.319,1.04717,1.04753,1.37,1.75
2015.06.18 22:58:10.854,1.04716,1.04752,1.12,1.75
2015.06.18 22:58:13.484,1.04716,1.0475,1.50,1.75
2015.06.18 22:58:15.916,1.04716,1.0475,1.37,1.75
2015.06.18 22:58:16.223,1.04709,1.04747,2.25,1.75
2015.06.18 22:58:23.699,1.04711,1.04745,1.50,1.75
2015.06.18 22:58:30.252,1.0471,1.04744,1.37,1.75
2015.06.18 22:58:35.986,1.04712,1.04744,1.12,1.75
2015.06.18 22:59:19.399,1.04711,1.04742,1.00,1.75
2015.06.18 22:59:19.909,1.04708,1.04742,1.37,2.25
2015.06.18 22:59:22.205,1.0471,1.04744,1.37,2.25
2015.06.18 22:59:43.625,1.04711,1.04744,1.12,1.75
2015.06.18 22:59:53.389,1.04711,1.04744,1.12,1.75
2015.06.18 22:59:54.448,1.04711,1.04744,1.12,1.75
2015.06.18 22:59:58.784,1.04711,1.04745,1.12,2.25
