2008.03.20 07:00:00.009,1.5589,1.55915,0.30,1.80
2008.03.20 07:00:00.242,1.5589,1.55915,0.30,1.80
2008.03.20 07:00:00.476,1.5589,1.55915,0.30,1.80
2008.03.20 07:00:00.711,1.5589,1.55915,0.30,1.80
2008.03.20 07:00:01.044,1.5589,1.55915,0.30,1.80
2008.03.20 07:00:01.379,1.5589,1.55915,0.30,1.60
2008.03.20 07:00:01.714,1.5589,1.55905,0.30,0.80
2008.03.20 07:00:01.925,1.5589,1.55905,0.30,0.80
2008.03.20 07:00:02.134,1.5589,1.55905,0.30,0.80
2008.03.20 07:00:02.345,1.5589,1.55905,0.30,0.80
2008.03.20 07:00:02.554,1.5589,1.55905,0.30,0.80
2008.03.20 07:00:02.886,1.5589,1.55915,0.30,1.80
2008.03.20 07:00:03.216,1.5589,1.55905,0.30,0.80
2008.03.20 07:00:03.545,1.5589,1.55905,0.30,0.80
2008.03.20 07:00:03.771,1.5589,1.55905,0.30,0.80
2008.03.20 07:00:03.997,1.5589,1.55905,0.30,0.80
2008.03.20 07:00:04.221,1.5589,1.55905,0.30,0.80
2008.03.20 07:00:04.459,1.5589,1.55905,0.30,0.80
2008.03.20 07:00:04.683,1.5589,1.55905,0.30,0.80
2008.03.20 07:00:05.002,1.5589,1.55905,0.30,0.80
2008.03.20 07:00:05.322,1.5589,1.55905,0.30,0.80
2008.03.20 07:00:05.642,1.5589,1.55905,0.30,0.80
2008.03.20 07:00:05.915,1.5589,1.55905,0.30,0.80
2008.03.20 07:00:06.190,1.5589,1.55905,0.30,0.80
2008.03.20 07:00:06.466,1.5589,1.55905,0.30,0.80
2008.03.20 07:00:06.741,1.5589,1.55905,0.30,0.80
2008.03.20 07:00:07.001,1.5589,1.55905,0.30,0.80
2008.03.20 07:00:07.259,1.5589,1.55905,0.30,0.80
2008.03.20 07:00:07.519,1.5589,1.55905,0.30,0.80
2008.03.20 07:00:07.779,1.5589,1.55905,0.30,0.80
2008.03.20 07:00:08.058,1.5589,1.55905,0.30,0.80
2008.03.20 07:00:08.336,1.5589,1.55905,0.30,0.80
2008.03.20 07:00:08.616,1.5589,1.55905,0.30,0.80
2008.03.20 07:00:08.871,1.5589,1.55905,0.30,0.80
2008.03.20 07:00:09.133,1.5589,1.55905,0.30,0.80
2008.03.20 07:00:09.386,1.5589,1.55905,0.30,0.80
2008.03.20 07:00:09.640,1.5589,1.55905,0.30,0.80
2008.03.20 07:00:09.919,1.5589,1.55905,0.30,0.80
2008.03.20 07:00:10.200,1.5589,1.55915,0.30,1.60
2008.03.20 07:00:10.478,1.5589,1.55915,0.30,1.60
2008.03.20 07:00:10.757,1.5589,1.55915,0.30,1.60
2008.03.20 07:00:11.042,1.5589,1.55915,0.30,1.60
2008.03.20 07:00:11.326,1.5589,1.55915,0.30,1.60
2008.03.20 07:00:11.610,1.5589,1.55915,0.30,1.60
2008.03.20 07:00:11.895,1.5589,1.55915,0.30,1.60
2008.03.20 07:00:12.169,1.5589,1.55915,0.30,1.60
2008.03.20 07:00:12.443,1.5589,1.55915,0.30,1.60
2008.03.20 07:00:12.718,1.5589,1.55915,0.30,1.60
2008.03.20 07:00:12.978,1.5589,1.55915,0.30,1.60
2008.03.20 07:00:13.237,1.5589,1.55915,0.30,1.60
2008.03.20 07:00:13.497,1.5589,1.55915,0.30,1.60
2008.03.20 07:00:13.757,1.5589,1.55915,0.30,1.60
2008.03.20 07:00:14.025,1.5589,1.55915,0.30,1.60
2008.03.20 07:00:14.304,1.5589,1.55915,0.30,1.60
2008.03.20 07:00:14.564,1.559,1.55915,0.30,1.60
2008.03.20 07:00:14.834,1.5592,1.5596,0.40,0.30
2008.03.20 07:00:15.098,1.5592,1.5596,0.40,0.30
2008.03.20 07:00:15.363,1.5592,1.5596,0.40,0.30
2008.03.20 07:00:15.626,1.5592,1.5596,0.40,0.30
2008.03.20 07:00:15.891,1.5592,1.5596,0.40,0.30
2008.03.20 07:00:16.195,1.5592,1.5596,0.40,0.30
2008.03.20 07:00:16.509,1.5592,1.5596,0.40,0.30
2008.03.20 07:00:16.813,1.5592,1.5596,0.40,0.30
2008.03.20 07:00:17.046,1.5592,1.5596,0.40,0.30
2008.03.20 07:00:17.281,1.5592,1.5596,0.40,0.30
2008.03.20 07:00:17.515,1.5592,1.5596,0.40,0.30
2008.03.20 07:00:17.752,1.5592,1.5596,0.40,0.30
2008.03.20 07:00:18.058,1.5592,1.5596,0.40,0.30
2008.03.20 07:00:18.343,1.5592,1.5596,0.40,0.30
2008.03.20 07:00:18.638,1.5592,1.5596,0.40,0.30
2008.03.20 07:00:18.932,1.5592,1.5596,0.40,0.30
2008.03.20 07:00:19.172,1.5592,1.5596,0.40,0.30
2008.03.20 07:00:19.412,1.5592,1.5596,0.40,0.30
2008.03.20 07:00:19.667,1.5592,1.5596,0.40,0.30
2008.03.20 07:00:19.891,1.5592,1.5596,0.40,0.30
2008.03.20 07:00:20.182,1.5592,1.5596,0.40,0.30
2008.03.20 07:00:20.472,1.5592,1.5596,0.40,0.30
2008.03.20 07:00:20.762,1.5592,1.5596,0.40,0.30
2008.03.20 07:00:21.051,1.5592,1.5596,0.40,0.30
2008.03.20 07:00:21.347,1.5592,1.5596,0.40,0.30
2008.03.20 07:00:21.641,1.5592,1.5596,0.40,0.30
2008.03.20 07:00:21.936,1.5592,1.5596,0.40,0.30
2008.03.20 07:00:22.183,1.5592,1.5596,0.40,0.30
2008.03.20 07:00:22.422,1.5592,1.5596,0.40,0.30
2008.03.20 07:00:22.662,1.5592,1.5596,0.40,0.30
2008.03.20 07:00:22.900,1.5592,1.5596,0.40,0.30
2008.03.20 07:00:23.184,1.5592,1.5596,0.40,0.30
2008.03.20 07:00:23.469,1.5592,1.5596,0.40,0.30
2008.03.20 07:00:23.752,1.5592,1.5596,0.40,0.30
2008.03.20 07:00:24.048,1.5592,1.5596,0.40,0.30
2008.03.20 07:00:24.302,1.5592,1.5596,0.40,0.30
2008.03.20 07:00:24.556,1.5592,1.5596,0.40,0.30
2008.03.20 07:00:24.811,1.5592,1.5596,0.40,0.30
2008.03.20 07:00:25.065,1.5592,1.5596,0.40,0.30
2008.03.20 07:00:25.339,1.5592,1.5596,0.40,0.30
2008.03.20 07:00:25.613,1.5592,1.5596,0.40,0.30
2008.03.20 07:00:25.888,1.5592,1.5596,0.40,0.30
2008.03.20 07:00:26.162,1.5592,1.5596,0.40,0.30
2008.03.20 07:00:26.452,1.5592,1.5596,0.40,0.30
2008.03.20 07:00:26.742,1.5592,1.5596,0.40,0.30
2008.03.20 07:00:27.030,1.5592,1.5596,0.40,0.30
2008.03.20 07:00:27.289,1.5592,1.5596,0.40,0.30
2008.03.20 07:00:27.548,1.5592,1.5596,0.40,0.30
2008.03.20 07:00:27.808,1.5592,1.5596,0.40,0.30
2008.03.20 07:00:28.068,1.5592,1.5596,0.40,0.30
2008.03.20 07:00:28.315,1.5592,1.5596,0.40,0.30
2008.03.20 07:00:28.557,1.5592,1.5596,0.40,0.30
2008.03.20 07:00:28.801,1.5592,1.5596,0.40,0.30
2008.03.20 07:00:29.045,1.5592,1.5596,0.40,0.30
2008.03.20 07:00:29.355,1.5592,1.5596,0.40,0.30
2008.03.20 07:00:29.665,1.5592,1.5596,0.40,0.30
2008.03.20 07:00:29.974,1.5592,1.5596,0.40,0.30
2008.03.20 07:00:30.283,1.5592,1.5596,0.40,0.30
2008.03.20 07:00:30.517,1.5592,1.5596,0.40,0.30
2008.03.20 07:00:30.751,1.5592,1.5596,0.40,0.30
2008.03.20 07:00:30.987,1.5593,1.5597,0.40,0.60
2008.03.20 07:00:31.223,1.5593,1.5597,0.40,0.60
2008.03.20 07:00:31.546,1.5592,1.5596,0.40,0.30
2008.03.20 07:00:31.866,1.5592,1.5596,0.40,0.30
2008.03.20 07:00:32.186,1.5592,1.5596,0.40,0.30
2008.03.20 07:00:32.411,1.5592,1.5596,0.40,0.30
2008.03.20 07:00:32.638,1.5592,1.5596,0.40,0.30
2008.03.20 07:00:32.862,1.5592,1.5596,0.40,0.30
2008.03.20 07:00:33.085,1.5592,1.5596,0.40,0.30
2008.03.20 07:00:33.404,1.5592,1.5596,0.40,0.30
2008.03.20 07:00:33.723,1.5592,1.5596,0.40,0.30
2008.03.20 07:00:34.042,1.5592,1.5596,0.40,0.30
2008.03.20 07:00:34.363,1.5592,1.5596,0.40,0.30
2008.03.20 07:00:34.599,1.5592,1.5596,0.40,0.30
2008.03.20 07:00:34.837,1.5592,1.5596,0.40,0.30
2008.03.20 07:00:35.071,1.5592,1.5596,0.40,0.30
2008.03.20 07:00:35.356,1.5592,1.5596,0.40,0.30
2008.03.20 07:00:35.640,1.5592,1.5596,0.40,0.30
2008.03.20 07:00:35.926,1.5592,1.5596,0.40,0.30
2008.03.20 07:00:36.212,1.5592,1.5596,0.40,0.30
2008.03.20 07:00:36.510,1.5592,1.5596,0.40,0.30
2008.03.20 07:00:36.810,1.5592,1.5596,0.40,0.30
2008.03.20 07:00:37.110,1.5592,1.5596,0.40,0.30
2008.03.20 07:00:37.352,1.5592,1.5596,0.40,0.30
2008.03.20 07:00:37.589,1.5592,1.5596,0.40,0.30
2008.03.20 07:00:37.827,1.5592,1.5596,0.40,0.30
2008.03.20 07:00:38.066,1.5592,1.5596,0.40,0.30
2008.03.20 07:00:38.305,1.5592,1.5596,0.40,0.30
2008.03.20 07:00:38.595,1.5592,1.5596,0.40,0.30
2008.03.20 07:00:38.885,1.5593,1.5597,0.40,0.60
2008.03.20 07:00:39.175,1.5593,1.5597,0.40,0.60
2008.03.20 07:00:39.429,1.5593,1.5597,0.40,0.60
2008.03.20 07:00:39.684,1.5592,1.5596,0.30,0.30
2008.03.20 07:00:39.939,1.5592,1.5596,0.30,0.30
2008.03.20 07:00:40.192,1.5592,1.5596,0.30,0.30
2008.03.20 07:00:40.480,1.5592,1.55955,0.30,0.30
2008.03.20 07:00:40.755,1.5591,1.55955,0.40,0.30
2008.03.20 07:00:41.030,1.55915,1.55955,0.40,0.30
2008.03.20 07:00:41.306,1.5592,1.5596,0.40,0.30
2008.03.20 07:00:41.606,1.5592,1.5596,0.40,0.30
2008.03.20 07:00:41.906,1.5592,1.5596,0.40,0.60
2008.03.20 07:00:42.206,1.5592,1.5596,0.40,0.60
2008.03.20 07:00:42.469,1.55915,1.55955,0.40,0.30
2008.03.20 07:00:42.728,1.55915,1.55955,0.40,0.30
2008.03.20 07:00:42.988,1.55915,1.55955,0.40,0.30
2008.03.20 07:00:43.257,1.55915,1.55955,0.40,0.30
2008.03.20 07:00:43.527,1.55915,1.55955,0.40,0.30
2008.03.20 07:00:43.809,1.55895,1.55965,5.60,1.60
2008.03.20 07:00:44.091,1.55865,1.55975,1.60,0.20
2008.03.20 07:00:44.376,1.55865,1.55975,1.60,0.50
2008.03.20 07:00:44.681,1.55865,1.55975,1.60,0.50
2008.03.20 07:00:44.988,1.55865,1.5596,1.60,0.40
2008.03.20 07:00:45.270,1.55865,1.5596,1.60,0.40
2008.03.20 07:00:45.515,1.55865,1.5596,1.60,0.40
2008.03.20 07:00:45.759,1.55865,1.5596,1.60,0.40
2008.03.20 07:00:46.004,1.55865,1.5596,1.60,0.40
2008.03.20 07:00:46.248,1.55865,1.5596,1.60,0.40
2008.03.20 07:00:46.502,1.55865,1.5596,1.60,0.40
2008.03.20 07:00:46.829,1.55895,1.5594,0.40,0.30
2008.03.20 07:00:47.157,1.5589,1.55935,0.40,0.30
2008.03.20 07:00:47.497,1.5589,1.55935,0.40,0.30
2008.03.20 07:00:47.759,1.5589,1.55935,0.40,0.30
2008.03.20 07:00:47.995,1.5589,1.55935,0.40,0.30
2008.03.20 07:00:48.244,1.5589,1.55935,0.40,0.30
2008.03.20 07:00:48.494,1.5589,1.5593,0.40,0.30
2008.03.20 07:00:48.774,1.55895,1.5594,0.40,0.30
2008.03.20 07:00:49.054,1.55895,1.5594,0.40,0.30
2008.03.20 07:00:49.333,1.55895,1.5594,0.40,0.30
2008.03.20 07:00:49.597,1.55895,1.5594,0.40,0.30
2008.03.20 07:00:49.861,1.55895,1.5594,0.40,0.30
2008.03.20 07:00:50.125,1.55895,1.5594,0.40,0.30
2008.03.20 07:00:50.405,1.55895,1.5594,0.40,0.30
2008.03.20 07:00:50.676,1.5589,1.55935,0.40,0.30
2008.03.20 07:00:50.961,1.55885,1.5593,0.40,0.30
2008.03.20 07:00:51.224,1.55885,1.5593,0.40,0.30
2008.03.20 07:00:51.499,1.55885,1.5593,0.40,0.30
2008.03.20 07:00:51.808,1.55885,1.5593,0.40,0.30
2008.03.20 07:00:52.116,1.55885,1.5593,0.40,0.30
2008.03.20 07:00:52.426,1.55885,1.5593,0.40,0.30
2008.03.20 07:00:52.664,1.55885,1.5593,0.40,0.30
2008.03.20 07:00:52.902,1.55885,1.5593,0.40,0.30
2008.03.20 07:00:53.152,1.55885,1.5593,0.40,0.30
2008.03.20 07:00:53.393,1.55885,1.5593,0.40,0.30
2008.03.20 07:00:53.673,1.55885,1.5593,0.40,0.30
2008.03.20 07:00:53.952,1.55885,1.5593,0.40,0.30
2008.03.20 07:00:54.231,1.55885,1.5593,0.40,0.30
2008.03.20 07:00:54.510,1.55885,1.5593,0.40,0.30
2008.03.20 07:00:54.773,1.55885,1.5593,0.40,0.30
2008.03.20 07:00:55.037,1.55885,1.5593,0.40,0.30
2008.03.20 07:00:55.301,1.55885,1.5593,0.40,0.30
2008.03.20 07:00:55.565,1.55885,1.5593,0.40,0.30
2008.03.20 07:00:55.829,1.55885,1.5593,0.40,0.30
2008.03.20 07:00:56.093,1.55885,1.5593,0.40,0.30
2008.03.20 07:00:56.357,1.55885,1.5593,0.40,0.30
2008.03.20 07:00:56.621,1.55885,1.5593,0.40,0.30
2008.03.20 07:00:56.920,1.55905,1.5593,8.00,0.30
2008.03.20 07:00:57.220,1.55885,1.5593,0.40,0.30
2008.03.20 07:00:57.530,1.55885,1.5593,0.40,0.30
2008.03.20 07:00:57.759,1.5588,1.55945,0.30,2.40
2008.03.20 07:00:57.987,1.5588,1.5596,0.30,0.40
2008.03.20 07:00:58.216,1.5588,1.5596,0.30,0.40
2008.03.20 07:00:58.446,1.55895,1.55935,0.40,0.30
2008.03.20 07:00:58.674,1.55895,1.55935,0.40,0.30
2008.03.20 07:00:58.974,1.55895,1.55935,0.40,0.30
2008.03.20 07:00:59.272,1.55895,1.55935,0.40,0.30
2008.03.20 07:00:59.572,1.55895,1.55935,0.40,0.30
2008.03.20 07:00:59.806,1.55895,1.55935,0.40,0.30
2008.03.20 07:01:00.040,1.55895,1.55935,0.40,0.30
2008.03.20 07:01:00.274,1.55895,1.55935,1.10,1.00
2008.03.20 07:01:00.510,1.559,1.55935,0.30,1.20
2008.03.20 07:01:00.812,1.559,1.55935,0.30,1.20
2008.03.20 07:01:01.112,1.559,1.55935,0.30,1.20
2008.03.20 07:01:01.411,1.559,1.55935,0.30,1.20
2008.03.20 07:01:01.711,1.559,1.55935,0.30,1.20
2008.03.20 07:01:01.975,1.559,1.55935,0.30,1.20
2008.03.20 07:01:02.240,1.55905,1.55935,1.00,0.30
2008.03.20 07:01:02.505,1.55905,1.55935,1.00,0.30
2008.03.20 07:01:02.790,1.55905,1.55935,1.00,0.30
2008.03.20 07:01:03.073,1.55905,1.55935,1.00,0.30
2008.03.20 07:01:03.358,1.55905,1.55935,1.00,0.30
2008.03.20 07:01:03.642,1.55905,1.55935,1.00,0.30
2008.03.20 07:01:03.891,1.55905,1.55935,1.00,0.30
2008.03.20 07:01:04.140,1.55905,1.55935,1.00,0.30
2008.03.20 07:01:04.389,1.55905,1.55935,1.00,0.30
2008.03.20 07:01:04.638,1.55905,1.55935,1.00,0.50
2008.03.20 07:01:04.915,1.55905,1.55935,1.00,0.30
2008.03.20 07:01:05.190,1.55905,1.55935,1.00,0.30
2008.03.20 07:01:05.463,1.55905,1.55935,1.00,0.30
2008.03.20 07:01:05.737,1.55905,1.55935,0.30,0.30
2008.03.20 07:01:06.021,1.559,1.55935,0.30,1.20
2008.03.20 07:01:06.305,1.559,1.55935,0.30,1.20
2008.03.20 07:01:06.590,1.559,1.55935,0.30,1.20
2008.03.20 07:01:06.873,1.559,1.55935,0.30,1.20
2008.03.20 07:01:07.148,1.559,1.55935,0.30,1.20
2008.03.20 07:01:07.421,1.559,1.55935,0.30,1.20
2008.03.20 07:01:07.696,1.559,1.55935,0.30,1.20
2008.03.20 07:01:07.950,1.559,1.55935,0.30,1.20
2008.03.20 07:01:08.205,1.559,1.55935,0.30,1.20
2008.03.20 07:01:08.459,1.55895,1.55935,1.30,1.20
2008.03.20 07:01:08.713,1.55895,1.55935,1.30,1.20
2008.03.20 07:01:09.028,1.55895,1.5593,1.30,0.20
2008.03.20 07:01:09.342,1.55895,1.5593,1.30,0.20
2008.03.20 07:01:09.657,1.55895,1.5593,1.30,0.20
2008.03.20 07:01:09.932,1.55895,1.5593,1.30,0.20
2008.03.20 07:01:10.207,1.559,1.5593,0.30,0.20
2008.03.20 07:01:10.483,1.559,1.5593,0.30,0.20
2008.03.20 07:01:10.756,1.559,1.5593,0.30,0.20
2008.03.20 07:01:11.054,1.559,1.5593,0.30,0.20
2008.03.20 07:01:11.360,1.559,1.5593,0.30,0.20
2008.03.20 07:01:11.655,1.55895,1.5593,1.30,0.20
2008.03.20 07:01:11.913,1.55895,1.5593,1.30,0.20
2008.03.20 07:01:12.164,1.55895,1.5593,1.30,0.20
2008.03.20 07:01:12.413,1.55895,1.5593,1.30,0.20
2008.03.20 07:01:12.678,1.55895,1.5593,1.30,0.20
2008.03.20 07:01:12.984,1.55895,1.5593,1.00,0.20
2008.03.20 07:01:13.289,1.55895,1.5593,1.00,0.50
2008.03.20 07:01:13.594,1.55895,1.5593,1.00,0.20
2008.03.20 07:01:13.898,1.559,1.55935,0.30,1.20
2008.03.20 07:01:14.159,1.559,1.55935,0.30,0.50
2008.03.20 07:01:14.420,1.559,1.55935,0.30,0.30
2008.03.20 07:01:14.684,1.559,1.55935,0.30,0.30
2008.03.20 07:01:14.942,1.559,1.55935,0.30,0.30
2008.03.20 07:01:15.227,1.55905,1.55935,0.30,1.00
2008.03.20 07:01:15.512,1.559,1.55935,0.30,1.20
2008.03.20 07:01:15.797,1.55905,1.55935,1.00,0.30
2008.03.20 07:01:16.070,1.55905,1.55935,1.00,0.30
2008.03.20 07:01:16.344,1.55905,1.55935,1.00,0.30
2008.03.20 07:01:16.619,1.55905,1.55935,1.00,0.30
2008.03.20 07:01:16.892,1.55905,1.55935,1.00,0.30
2008.03.20 07:01:17.166,1.55905,1.55935,1.00,0.30
2008.03.20 07:01:17.440,1.55905,1.55935,1.00,0.30
2008.03.20 07:01:17.714,1.55905,1.55935,1.00,0.30
2008.03.20 07:01:17.988,1.55905,1.55935,1.00,0.30
2008.03.20 07:01:18.247,1.55905,1.55935,1.00,0.30
2008.03.20 07:01:18.506,1.55905,1.55935,1.00,0.30
2008.03.20 07:01:18.774,1.55905,1.55935,1.00,0.30
2008.03.20 07:01:19.033,1.55905,1.55935,1.00,0.30
2008.03.20 07:01:19.297,1.55905,1.55935,1.00,0.30
2008.03.20 07:01:19.561,1.55905,1.55935,1.00,0.30
2008.03.20 07:01:19.824,1.55905,1.55935,1.00,0.30
2008.03.20 07:01:20.095,1.55905,1.55935,1.00,0.30
2008.03.20 07:01:20.363,1.55905,1.55935,1.00,0.30
2008.03.20 07:01:20.637,1.55905,1.55935,1.00,0.30
2008.03.20 07:01:20.917,1.5591,1.55935,0.30,0.30
2008.03.20 07:01:21.200,1.5591,1.55935,0.30,0.30
2008.03.20 07:01:21.495,1.5591,1.55935,0.30,0.30
2008.03.20 07:01:21.791,1.5591,1.55935,0.30,0.30
2008.03.20 07:01:22.063,1.5591,1.55935,0.30,0.30
2008.03.20 07:01:22.333,1.55905,1.55935,1.00,0.30
2008.03.20 07:01:22.603,1.55905,1.55935,1.00,0.30
2008.03.20 07:01:22.872,1.55905,1.55935,1.00,0.30
2008.03.20 07:01:23.131,1.55905,1.55935,1.00,0.30
2008.03.20 07:01:23.407,1.55905,1.55935,1.00,0.30
2008.03.20 07:01:23.680,1.559,1.5593,0.30,0.40
2008.03.20 07:01:23.950,1.559,1.5593,0.30,0.40
2008.03.20 07:01:24.229,1.559,1.55935,0.30,1.20
2008.03.20 07:01:24.504,1.55905,1.55935,1.00,0.50
2008.03.20 07:01:24.769,1.559,1.55935,0.30,1.20
2008.03.20 07:01:25.032,1.559,1.55935,0.30,1.20
2008.03.20 07:01:25.307,1.5591,1.55935,0.30,0.30
2008.03.20 07:01:25.580,1.5591,1.55935,0.30,0.30
2008.03.20 07:01:25.854,1.5591,1.55935,0.30,0.30
2008.03.20 07:01:26.128,1.5591,1.55935,0.30,0.30
2008.03.20 07:01:26.422,1.5591,1.55935,0.30,0.30
2008.03.20 07:01:26.716,1.5591,1.55935,0.30,0.30
2008.03.20 07:01:27.011,1.5591,1.55935,0.30,0.30
2008.03.20 07:01:27.306,1.5591,1.55935,0.30,0.30
2008.03.20 07:01:27.574,1.5591,1.55935,0.30,0.30
2008.03.20 07:01:27.833,1.5591,1.55935,0.30,0.30
2008.03.20 07:01:28.093,1.55905,1.5593,1.00,0.40
2008.03.20 07:01:28.353,1.559,1.5593,0.60,0.40
2008.03.20 07:01:28.613,1.55895,1.5593,1.30,0.40
2008.03.20 07:01:28.872,1.55895,1.55925,1.30,0.20
2008.03.20 07:01:29.130,1.55895,1.55925,1.30,0.20
2008.03.20 07:01:29.416,1.55895,1.5593,1.30,0.60
2008.03.20 07:01:29.699,1.55895,1.55935,1.30,1.20
2008.03.20 07:01:29.984,1.559,1.55935,0.30,1.20
2008.03.20 07:01:30.280,1.55895,1.5593,1.30,0.20
2008.03.20 07:01:30.550,1.55895,1.5593,1.30,0.20
2008.03.20 07:01:30.818,1.559,1.55935,0.30,1.20
2008.03.20 07:01:31.078,1.559,1.55935,0.30,13.20
2008.03.20 07:01:31.338,1.559,1.5593,0.30,0.40
2008.03.20 07:01:31.648,1.559,1.5593,0.30,0.40
2008.03.20 07:01:31.967,1.55895,1.5593,1.00,0.60
2008.03.20 07:01:32.277,1.55905,1.5593,0.40,0.20
2008.03.20 07:01:32.557,1.5591,1.55935,0.30,0.30
2008.03.20 07:01:32.840,1.55905,1.5593,0.40,0.20
2008.03.20 07:01:33.119,1.55905,1.5593,0.40,0.20
2008.03.20 07:01:33.378,1.55905,1.5593,0.40,0.20
2008.03.20 07:01:33.646,1.55905,1.5593,0.40,0.20
2008.03.20 07:01:33.915,1.55905,1.5593,0.40,0.60
2008.03.20 07:01:34.184,1.55905,1.5593,0.40,0.60
2008.03.20 07:01:34.454,1.55905,1.55935,0.40,0.90
2008.03.20 07:01:34.748,1.55905,1.5594,1.30,0.70
2008.03.20 07:01:35.044,1.55905,1.55935,1.30,0.30
2008.03.20 07:01:35.339,1.55905,1.55935,1.30,0.30
2008.03.20 07:01:35.575,1.55905,1.55935,1.30,0.30
2008.03.20 07:01:35.819,1.55905,1.55935,1.30,0.30
2008.03.20 07:01:36.051,1.55905,1.55935,1.30,0.30
2008.03.20 07:01:36.286,1.55905,1.55935,1.30,0.30
2008.03.20 07:01:36.621,1.55905,1.5594,1.30,0.70
2008.03.20 07:01:36.955,1.55905,1.5593,1.30,0.40
2008.03.20 07:01:37.289,1.55905,1.5593,1.30,0.40
2008.03.20 07:01:37.512,1.55905,1.5593,1.30,0.40
2008.03.20 07:01:37.737,1.55905,1.5593,1.30,0.40
2008.03.20 07:01:37.960,1.55905,1.5593,1.30,0.40
2008.03.20 07:01:38.185,1.55905,1.5593,1.30,0.40
2008.03.20 07:01:38.408,1.55905,1.5593,1.30,0.40
2008.03.20 07:01:38.706,1.55905,1.5593,1.30,0.40
2008.03.20 07:01:39.006,1.55905,1.5593,1.30,0.40
2008.03.20 07:01:39.305,1.55905,1.5593,1.30,0.40
2008.03.20 07:01:39.559,1.55905,1.5593,1.30,0.40
2008.03.20 07:01:39.814,1.55905,1.5593,1.30,0.40
2008.03.20 07:01:40.068,1.55905,1.5593,1.30,0.40
2008.03.20 07:01:40.323,1.55905,1.5593,1.30,0.40
2008.03.20 07:01:40.583,1.5591,1.5594,0.60,0.60
2008.03.20 07:01:40.843,1.55915,1.55945,1.00,0.30
2008.03.20 07:01:41.103,1.55915,1.55945,1.00,0.30
2008.03.20 07:01:41.364,1.5592,1.55945,0.30,0.30
2008.03.20 07:01:41.677,1.5592,1.5595,0.30,0.30
2008.03.20 07:01:41.987,1.55925,1.5595,0.30,0.30
2008.03.20 07:01:42.299,1.55925,1.5595,0.30,0.30
2008.03.20 07:01:42.562,1.55925,1.55945,0.30,0.30
2008.03.20 07:01:42.837,1.5593,1.55945,0.30,0.30
2008.03.20 07:01:43.113,1.55925,1.55945,1.00,0.30
2008.03.20 07:01:43.387,1.55925,1.55945,1.00,0.30
2008.03.20 07:01:43.626,1.55925,1.55945,1.00,0.30
2008.03.20 07:01:45.419,1.55925,1.55945,1.00,0.30
2008.03.20 07:01:45.493,1.55925,1.55945,1.00,0.30
2008.03.20 07:01:45.582,1.55925,1.55945,1.00,0.30
2008.03.20 07:01:45.661,1.55925,1.55945,1.00,0.30
2008.03.20 07:01:45.740,1.55925,1.55945,1.00,0.30
2008.03.20 07:01:45.818,1.55925,1.55945,1.00,0.30
2008.03.20 07:01:45.899,1.55925,1.55945,1.00,0.30
2008.03.20 07:01:45.977,1.55925,1.55945,1.00,0.30
2008.03.20 07:01:46.057,1.55925,1.55945,1.00,0.30
2008.03.20 07:01:46.135,1.55925,1.55945,1.00,0.30
2008.03.20 07:01:46.219,1.55925,1.55945,1.00,0.30
2008.03.20 07:01:46.297,1.55925,1.55945,1.00,0.30
2008.03.20 07:01:46.379,1.55925,1.55945,1.00,0.30
2008.03.20 07:01:46.458,1.55925,1.55945,1.00,0.30
2008.03.20 07:01:46.792,1.55925,1.55945,1.00,0.30
2008.03.20 07:01:47.126,1.55925,1.55945,1.00,0.30
2008.03.20 07:01:47.471,1.55925,1.55945,1.00,0.30
2008.03.20 07:01:47.690,1.55925,1.55945,1.00,0.30
2008.03.20 07:01:47.912,1.55925,1.55945,1.00,0.30
2008.03.20 07:01:48.129,1.55925,1.55945,1.00,0.30
2008.03.20 07:01:48.349,1.55925,1.55945,1.00,0.30
2008.03.20 07:01:48.568,1.55925,1.55945,1.00,0.30
2008.03.20 07:01:48.904,1.55925,1.55945,1.00,0.30
2008.03.20 07:01:49.243,1.55925,1.55945,1.00,0.30
2008.03.20 07:01:49.587,1.55925,1.55945,1.00,0.30
2008.03.20 07:01:49.803,1.55925,1.55945,1.00,0.30
2008.03.20 07:01:50.007,1.55925,1.55945,1.00,0.30
2008.03.20 07:01:50.210,1.55925,1.55945,1.00,0.30
2008.03.20 07:01:50.414,1.55925,1.55945,1.00,0.30
2008.03.20 07:01:50.625,1.55925,1.55945,1.00,0.30
2008.03.20 07:01:50.968,1.55925,1.55945,1.00,0.30
2008.03.20 07:01:51.319,1.55925,1.55945,1.00,0.30
2008.03.20 07:01:51.664,1.55925,1.55945,1.00,0.30
2008.03.20 07:01:51.929,1.55925,1.55945,1.00,0.30
2008.03.20 07:01:52.173,1.55925,1.55945,1.00,0.30
2008.03.20 07:01:52.428,1.55925,1.55945,1.00,0.30
2008.03.20 07:01:52.682,1.55925,1.55945,1.00,0.30
2008.03.20 07:01:52.966,1.55925,1.55945,1.00,0.30
2008.03.20 07:01:53.252,1.55925,1.55945,1.00,0.30
2008.03.20 07:01:53.543,1.55925,1.55945,1.00,0.30
2008.03.20 07:01:53.826,1.55925,1.55945,1.00,0.30
2008.03.20 07:01:54.100,1.55925,1.55945,1.00,0.30
2008.03.20 07:01:54.374,1.55925,1.55945,1.00,0.30
2008.03.20 07:01:54.649,1.5592,1.55945,0.30,0.30
2008.03.20 07:01:54.895,1.5592,1.5594,0.30,0.30
2008.03.20 07:01:55.140,1.5592,1.5594,0.30,0.30
2008.03.20 07:01:55.383,1.5592,1.5594,0.30,0.30
2008.03.20 07:01:55.629,1.5592,1.5594,0.30,0.30
2008.03.20 07:01:55.962,1.55915,1.5594,1.00,0.30
2008.03.20 07:01:56.297,1.55915,1.5594,1.00,0.30
2008.03.20 07:01:56.630,1.55915,1.5594,1.00,0.30
2008.03.20 07:01:56.864,1.55915,1.5594,1.00,0.30
2008.03.20 07:01:57.098,1.55915,1.5594,1.00,0.30
2008.03.20 07:01:57.338,1.55915,1.5594,1.00,0.30
2008.03.20 07:01:57.579,1.5592,1.5594,0.30,0.30
2008.03.20 07:01:57.816,1.55915,1.5594,1.00,0.30
2008.03.20 07:01:58.146,1.55915,1.5594,1.00,0.30
2008.03.20 07:01:58.485,1.55915,1.5594,1.00,0.30
2008.03.20 07:01:58.826,1.5592,1.5594,0.30,0.30
2008.03.20 07:01:59.066,1.5592,1.5594,0.30,0.30
2008.03.20 07:01:59.308,1.55915,1.5594,1.00,0.30
2008.03.20 07:01:59.549,1.55915,1.5594,0.30,0.30
2008.03.20 07:01:59.778,1.5591,1.5594,0.30,0.60
2008.03.20 07:02:00.109,1.5591,1.5594,0.30,0.60
2008.03.20 07:02:00.453,1.55915,1.5594,1.00,0.60
2008.03.20 07:02:00.784,1.55915,1.5594,0.30,0.60
2008.03.20 07:02:01.049,1.5591,1.5594,0.30,0.30
2008.03.20 07:02:01.318,1.55905,1.5593,1.00,0.40
2008.03.20 07:02:01.583,1.5591,1.55935,0.30,0.30
2008.03.20 07:02:01.847,1.559,1.5593,0.30,0.40
2008.03.20 07:02:02.162,1.559,1.5593,0.30,0.40
2008.03.20 07:02:02.475,1.559,1.5593,0.30,0.40
2008.03.20 07:02:02.791,1.559,1.5593,0.30,0.40
2008.03.20 07:02:03.035,1.559,1.5593,0.30,0.40
2008.03.20 07:02:03.279,1.559,1.5593,0.30,0.40
2008.03.20 07:02:03.522,1.559,1.5593,0.30,0.40
2008.03.20 07:02:03.767,1.559,1.5593,0.30,0.40
2008.03.20 07:02:04.075,1.559,1.5593,0.30,0.40
2008.03.20 07:02:04.385,1.559,1.5593,0.30,0.40
2008.03.20 07:02:04.694,1.559,1.55935,0.30,1.20
2008.03.20 07:02:05.006,1.559,1.55935,0.30,1.20
2008.03.20 07:02:05.257,1.559,1.55935,0.30,1.20
2008.03.20 07:02:05.511,1.559,1.55935,0.30,1.20
2008.03.20 07:02:05.766,1.559,1.55935,0.30,1.20
2008.03.20 07:02:06.072,1.559,1.55925,0.30,0.30
2008.03.20 07:02:06.377,1.559,1.55925,0.30,0.30
2008.03.20 07:02:06.680,1.559,1.55925,0.30,0.30
2008.03.20 07:02:06.983,1.559,1.55925,0.30,0.30
2008.03.20 07:02:07.251,1.559,1.55925,0.30,0.30
2008.03.20 07:02:07.520,1.559,1.55925,0.30,0.30
2008.03.20 07:02:07.789,1.559,1.55925,0.30,0.30
2008.03.20 07:02:08.030,1.559,1.55925,0.30,0.30
2008.03.20 07:02:08.268,1.559,1.55925,0.30,0.30
2008.03.20 07:02:08.508,1.559,1.55925,0.30,0.30
2008.03.20 07:02:08.746,1.559,1.55925,0.30,0.30
2008.03.20 07:02:08.985,1.559,1.55925,0.30,0.30
2008.03.20 07:02:09.305,1.559,1.55925,0.30,0.30
2008.03.20 07:02:09.626,1.559,1.55925,0.30,0.30
2008.03.20 07:02:09.944,1.559,1.55925,0.30,0.30
2008.03.20 07:02:10.208,1.559,1.55925,0.30,0.30
2008.03.20 07:02:10.472,1.559,1.55925,0.30,0.30
2008.03.20 07:02:10.737,1.55895,1.55925,1.00,0.30
2008.03.20 07:02:11.001,1.55895,1.55925,1.00,0.30
2008.03.20 07:02:11.295,1.55895,1.55925,1.00,0.30
2008.03.20 07:02:11.591,1.55895,1.55925,1.00,0.30
2008.03.20 07:02:11.885,1.55895,1.55925,1.00,0.30
2008.03.20 07:02:12.154,1.55895,1.55925,1.00,0.30
2008.03.20 07:02:12.424,1.55895,1.55925,1.00,0.30
2008.03.20 07:02:12.694,1.55895,1.55925,1.00,0.30
2008.03.20 07:02:12.962,1.55895,1.55925,1.00,0.30
2008.03.20 07:02:13.237,1.55895,1.55925,1.00,0.30
2008.03.20 07:02:13.511,1.55895,1.5593,1.00,0.60
2008.03.20 07:02:13.787,1.55895,1.55925,1.00,0.30
2008.03.20 07:02:14.063,1.55895,1.55925,1.00,0.30
2008.03.20 07:02:14.351,1.55895,1.55925,1.00,0.30
2008.03.20 07:02:14.647,1.55895,1.55925,1.00,0.30
2008.03.20 07:02:14.936,1.55895,1.55925,1.00,0.30
2008.03.20 07:02:15.225,1.55895,1.55925,1.00,0.30
2008.03.20 07:02:15.502,1.55895,1.5593,1.00,0.40
2008.03.20 07:02:15.777,1.559,1.5593,0.30,0.40
2008.03.20 07:02:16.051,1.559,1.55925,0.30,0.30
2008.03.20 07:02:16.336,1.559,1.55925,0.30,0.30
2008.03.20 07:02:16.620,1.559,1.55925,0.30,0.30
2008.03.20 07:02:16.905,1.559,1.55925,0.30,0.30
2008.03.20 07:02:17.192,1.559,1.5593,0.30,0.60
2008.03.20 07:02:17.471,1.559,1.5593,0.30,0.60
2008.03.20 07:02:17.750,1.55895,1.5593,1.00,0.60
2008.03.20 07:02:18.028,1.55895,1.5593,1.00,0.60
2008.03.20 07:02:18.287,1.55895,1.5593,1.00,0.60
2008.03.20 07:02:18.547,1.55895,1.5593,1.00,0.60
2008.03.20 07:02:18.807,1.55895,1.5593,1.00,0.60
2008.03.20 07:02:19.065,1.55895,1.5593,1.00,0.60
2008.03.20 07:02:19.355,1.55895,1.5593,1.00,0.60
2008.03.20 07:02:19.644,1.55895,1.5593,1.00,0.60
2008.03.20 07:02:19.945,1.55895,1.5593,1.00,0.60
2008.03.20 07:02:20.244,1.55895,1.5593,1.00,0.60
2008.03.20 07:02:20.502,1.55895,1.5593,1.00,0.60
2008.03.20 07:02:20.772,1.559,1.5593,0.30,0.60
2008.03.20 07:02:21.041,1.559,1.55925,0.30,0.30
2008.03.20 07:02:21.310,1.559,1.55925,0.30,0.30
2008.03.20 07:02:21.604,1.559,1.55925,0.30,0.30
2008.03.20 07:02:21.899,1.559,1.55925,0.30,0.30
2008.03.20 07:02:22.193,1.559,1.55925,0.30,0.30
2008.03.20 07:02:22.467,1.559,1.55925,0.30,0.30
2008.03.20 07:02:22.743,1.55905,1.5593,0.80,0.40
2008.03.20 07:02:23.018,1.55905,1.5593,1.00,0.40
2008.03.20 07:02:23.293,1.55905,1.5593,1.00,0.40
2008.03.20 07:02:23.562,1.55905,1.5593,1.00,0.40
2008.03.20 07:02:23.831,1.55905,1.5593,1.00,0.40
2008.03.20 07:02:24.100,1.55905,1.5593,1.00,0.40
2008.03.20 07:02:24.404,1.55905,1.5593,1.00,0.40
2008.03.20 07:02:24.708,1.55905,1.5593,1.00,0.40
2008.03.20 07:02:25.012,1.55905,1.5593,1.00,0.40
2008.03.20 07:02:25.315,1.55905,1.5593,1.00,0.40
2008.03.20 07:02:25.554,1.55905,1.5593,1.00,0.40
2008.03.20 07:02:25.793,1.55905,1.5593,1.00,0.40
2008.03.20 07:02:26.032,1.55905,1.5593,1.00,0.40
2008.03.20 07:02:26.271,1.55905,1.5593,1.00,0.40
2008.03.20 07:02:26.600,1.55905,1.5593,1.00,0.40
2008.03.20 07:02:26.930,1.55905,1.5593,1.00,0.40
2008.03.20 07:02:27.258,1.55905,1.5593,1.00,0.40
2008.03.20 07:02:27.479,1.55905,1.5593,1.00,0.40
2008.03.20 07:02:27.698,1.55905,1.5593,1.00,0.40
2008.03.20 07:02:27.917,1.55905,1.5593,1.00,0.40
2008.03.20 07:02:28.136,1.55905,1.5593,1.00,0.40
2008.03.20 07:02:28.436,1.55905,1.5593,1.00,0.40
2008.03.20 07:02:28.734,1.55905,1.5593,1.00,0.40
2008.03.20 07:02:29.032,1.55905,1.5593,1.00,0.40
2008.03.20 07:02:29.334,1.55905,1.5593,1.00,0.40
2008.03.20 07:02:29.594,1.55905,1.5593,1.00,0.40
2008.03.20 07:02:29.855,1.55905,1.5593,1.00,0.40
2008.03.20 07:02:30.113,1.55905,1.5593,1.00,0.40
2008.03.20 07:02:30.372,1.55905,1.5593,1.00,0.40
2008.03.20 07:02:30.621,1.55905,1.5593,1.00,0.40
2008.03.20 07:02:30.870,1.55905,1.5593,1.00,0.40
2008.03.20 07:02:31.119,1.55905,1.5593,1.00,0.40
2008.03.20 07:02:31.368,1.55905,1.5593,1.00,0.40
2008.03.20 07:02:31.688,1.55905,1.5593,1.00,0.40
2008.03.20 07:02:32.006,1.55905,1.5593,1.00,0.40
2008.03.20 07:02:32.327,1.55905,1.55935,1.00,1.00
2008.03.20 07:02:32.571,1.55905,1.55935,1.00,1.00
2008.03.20 07:02:32.816,1.55905,1.55935,1.00,1.00
2008.03.20 07:02:33.059,1.55905,1.55935,1.00,1.00
2008.03.20 07:02:33.303,1.55905,1.55935,1.00,1.00
2008.03.20 07:02:33.587,1.55905,1.55935,1.00,1.00
2008.03.20 07:02:33.871,1.55905,1.55935,1.00,1.00
2008.03.20 07:02:34.157,1.55905,1.55935,1.00,1.00
2008.03.20 07:02:34.441,1.55905,1.55935,1.00,1.00
2008.03.20 07:02:34.710,1.55905,1.55935,1.00,5.00
2008.03.20 07:02:34.979,1.55905,1.5593,1.00,0.40
2008.03.20 07:02:35.248,1.55905,1.5593,1.00,0.40
2008.03.20 07:02:35.517,1.55905,1.5593,1.00,0.40
2008.03.20 07:02:35.786,1.55905,1.5593,1.00,0.40
2008.03.20 07:02:36.056,1.55905,1.5593,1.00,0.40
2008.03.20 07:02:36.325,1.55905,1.5593,1.00,0.40
2008.03.20 07:02:36.639,1.55905,1.5593,1.00,0.40
2008.03.20 07:02:36.954,1.55905,1.5593,1.00,0.40
2008.03.20 07:02:37.267,1.55905,1.5593,1.00,0.40
2008.03.20 07:02:37.581,1.55905,1.5593,1.00,0.40
2008.03.20 07:02:37.814,1.55905,1.5593,1.00,0.40
2008.03.20 07:02:38.049,1.55905,1.5593,1.00,0.40
2008.03.20 07:02:38.283,1.55905,1.5593,1.00,0.40
2008.03.20 07:02:38.517,1.55905,1.5593,1.00,0.40
2008.03.20 07:02:38.806,1.55905,1.5593,1.00,0.40
2008.03.20 07:02:39.096,1.55905,1.5593,1.00,0.40
2008.03.20 07:02:39.385,1.55905,1.5593,1.00,0.40
2008.03.20 07:02:39.634,1.55905,1.5593,1.00,0.40
2008.03.20 07:02:39.883,1.55905,1.5593,1.00,0.40
2008.03.20 07:02:40.132,1.55905,1.5593,1.00,0.40
2008.03.20 07:02:40.381,1.5591,1.5593,0.30,0.40
2008.03.20 07:02:40.656,1.55915,1.5593,0.80,0.40
2008.03.20 07:02:40.930,1.55915,1.5593,0.80,0.40
2008.03.20 07:02:41.204,1.55915,1.5593,0.80,0.40
2008.03.20 07:02:41.479,1.55905,1.5593,1.00,0.40
2008.03.20 07:02:41.768,1.55905,1.5593,1.00,0.40
2008.03.20 07:02:42.057,1.55905,1.5593,1.00,0.40
2008.03.20 07:02:42.345,1.55905,1.5593,1.00,0.40
2008.03.20 07:02:42.635,1.55905,1.5593,1.00,0.40
2008.03.20 07:02:42.890,1.55905,1.5593,1.00,0.40
2008.03.20 07:02:43.144,1.55905,1.5593,1.00,0.40
2008.03.20 07:02:43.400,1.55905,1.5593,1.00,0.40
2008.03.20 07:02:43.668,1.55905,1.5593,1.00,0.40
2008.03.20 07:02:43.937,1.55905,1.5593,1.00,0.40
2008.03.20 07:02:44.206,1.55905,1.5593,1.00,0.40
2008.03.20 07:02:44.474,1.55905,1.5593,1.00,0.40
2008.03.20 07:02:44.749,1.55905,1.5593,1.00,0.40
2008.03.20 07:02:45.022,1.55905,1.5593,1.00,0.40
2008.03.20 07:02:45.297,1.55905,1.5593,1.00,0.40
2008.03.20 07:02:45.571,1.5591,1.55935,1.00,4.00
2008.03.20 07:02:45.827,1.55915,1.55935,1.80,0.30
2008.03.20 07:02:46.081,1.55915,1.5593,0.80,0.40
2008.03.20 07:02:46.336,1.55905,1.5593,1.00,0.40
2008.03.20 07:02:46.601,1.55905,1.5593,0.30,0.40
2008.03.20 07:02:46.921,1.559,1.5593,0.60,0.40
2008.03.20 07:02:47.241,1.55905,1.5593,0.30,0.60
2008.03.20 07:02:47.562,1.559,1.5593,0.60,0.40
2008.03.20 07:02:47.790,1.559,1.5593,0.60,0.40
2008.03.20 07:02:48.018,1.559,1.5593,0.60,0.40
2008.03.20 07:02:48.246,1.559,1.5593,0.60,0.40
2008.03.20 07:02:48.485,1.559,1.5593,0.60,0.40
2008.03.20 07:02:48.784,1.559,1.5593,0.60,0.40
2008.03.20 07:02:49.083,1.559,1.5593,0.60,0.40
2008.03.20 07:02:49.381,1.559,1.5593,0.60,0.40
2008.03.20 07:02:49.679,1.559,1.5593,0.60,0.40
2008.03.20 07:02:49.922,1.559,1.5593,0.60,0.40
2008.03.20 07:02:50.166,1.559,1.5593,0.60,0.40
2008.03.20 07:02:50.410,1.559,1.5593,0.60,0.40
2008.03.20 07:02:50.654,1.559,1.5593,0.60,0.40
2008.03.20 07:02:50.958,1.559,1.5593,0.60,0.40
2008.03.20 07:02:51.262,1.559,1.5593,0.60,0.40
2008.03.20 07:02:51.567,1.559,1.5593,0.60,0.40
2008.03.20 07:02:51.850,1.559,1.5593,0.60,0.40
2008.03.20 07:02:52.135,1.559,1.5593,0.60,0.40
2008.03.20 07:02:52.420,1.559,1.5593,0.60,0.40
2008.03.20 07:02:52.705,1.559,1.5593,0.60,0.40
2008.03.20 07:02:52.955,1.559,1.5593,0.60,0.40
2008.03.20 07:02:53.204,1.559,1.5593,0.60,0.40
2008.03.20 07:02:53.453,1.559,1.5593,0.60,0.40
2008.03.20 07:02:53.701,1.559,1.5593,0.60,0.40
2008.03.20 07:02:53.976,1.559,1.5593,0.60,0.40
2008.03.20 07:02:54.251,1.559,1.5593,0.60,0.40
2008.03.20 07:02:54.525,1.559,1.5593,0.60,0.40
2008.03.20 07:02:54.799,1.559,1.5593,0.60,0.40
2008.03.20 07:02:55.082,1.559,1.5593,0.60,0.40
2008.03.20 07:02:55.361,1.559,1.5593,0.60,0.40
2008.03.20 07:02:55.642,1.559,1.5593,0.60,0.40
2008.03.20 07:02:55.919,1.559,1.5593,0.60,0.40
2008.03.20 07:02:56.218,1.559,1.5593,0.60,0.40
2008.03.20 07:02:56.517,1.559,1.5593,0.60,0.40
2008.03.20 07:02:56.816,1.559,1.5593,0.60,0.40
2008.03.20 07:02:57.041,1.559,1.5593,0.60,0.40
2008.03.20 07:02:57.266,1.559,1.5593,0.60,0.40
2008.03.20 07:02:57.489,1.559,1.5593,0.60,0.40
2008.03.20 07:02:57.712,1.559,1.5593,0.60,0.40
2008.03.20 07:02:58.021,1.559,1.5593,0.60,0.40
2008.03.20 07:02:58.330,1.559,1.5593,0.60,0.40
2008.03.20 07:02:58.638,1.559,1.5593,0.60,0.40
2008.03.20 07:02:58.948,1.559,1.5592,0.30,0.40
2008.03.20 07:02:59.197,1.55895,1.5592,9.80,0.40
2008.03.20 07:02:59.445,1.55895,1.5592,9.80,0.40
2008.03.20 07:02:59.695,1.55895,1.5592,9.80,0.40
2008.03.20 07:02:59.943,1.55895,1.5592,9.80,0.40
2008.03.20 07:03:00.247,1.55895,1.5592,9.80,0.40
2008.03.20 07:03:00.551,1.55895,1.5592,9.80,0.40
2008.03.20 07:03:00.855,1.55895,1.5592,9.80,0.40
2008.03.20 07:03:01.163,1.55895,1.5592,9.80,0.40
2008.03.20 07:03:01.472,1.55895,1.5592,9.80,0.40
2008.03.20 07:03:01.781,1.55895,1.5592,9.80,0.40
2008.03.20 07:03:02.090,1.55895,1.5592,9.80,0.40
2008.03.20 07:03:02.320,1.55895,1.5592,9.80,0.40
2008.03.20 07:03:02.548,1.55895,1.5591,9.00,0.30
2008.03.20 07:03:02.778,1.55895,1.5592,5.60,0.70
2008.03.20 07:03:03.009,1.55895,1.55915,12.00,0.30
2008.03.20 07:03:03.308,1.559,1.55915,0.60,0.30
2008.03.20 07:03:03.608,1.55905,1.55915,1.00,0.30
2008.03.20 07:03:03.908,1.55905,1.55915,1.00,0.30
2008.03.20 07:03:04.167,1.55905,1.55915,1.00,0.30
2008.03.20 07:03:04.426,1.55905,1.55915,1.00,0.30
2008.03.20 07:03:04.684,1.55905,1.55915,1.00,0.30
2008.03.20 07:03:04.943,1.55905,1.55915,1.00,0.30
2008.03.20 07:03:05.212,1.55905,1.55915,1.00,0.30
2008.03.20 07:03:05.471,1.55905,1.55915,1.00,0.30
2008.03.20 07:03:05.729,1.55905,1.55915,1.00,0.30
2008.03.20 07:03:05.989,1.55905,1.55915,1.00,0.30
2008.03.20 07:03:06.299,1.55905,1.55915,1.00,0.30
2008.03.20 07:03:06.607,1.55905,1.55915,1.00,0.30
2008.03.20 07:03:06.915,1.55905,1.55915,1.00,0.30
2008.03.20 07:03:07.160,1.55905,1.55915,1.00,0.30
2008.03.20 07:03:07.390,1.55905,1.55915,1.00,0.30
2008.03.20 07:03:07.620,1.55905,1.55915,1.00,0.30
2008.03.20 07:03:07.849,1.55905,1.55915,1.00,0.30
2008.03.20 07:03:08.184,1.55905,1.55915,1.00,0.30
2008.03.20 07:03:08.518,1.55905,1.55915,1.00,0.30
2008.03.20 07:03:08.853,1.55905,1.55915,1.00,0.30
2008.03.20 07:03:09.187,1.55905,1.55915,1.00,0.30
2008.03.20 07:03:09.397,1.55905,1.55915,1.00,0.30
2008.03.20 07:03:09.606,1.55905,1.55915,1.00,0.30
2008.03.20 07:03:09.815,1.55905,1.55915,1.00,0.30
2008.03.20 07:03:10.037,1.55905,1.55915,1.00,0.30
2008.03.20 07:03:10.363,1.55905,1.55915,1.00,0.30
2008.03.20 07:03:10.693,1.559,1.55915,0.60,0.30
2008.03.20 07:03:11.022,1.559,1.55915,0.60,0.30
2008.03.20 07:03:11.287,1.55905,1.55915,1.00,0.30
2008.03.20 07:03:11.566,1.55905,1.55915,1.00,0.30
2008.03.20 07:03:11.817,1.55905,1.55915,1.00,0.30
2008.03.20 07:03:12.081,1.55905,1.55915,1.00,0.30
2008.03.20 07:03:12.345,1.55905,1.55915,1.00,0.30
2008.03.20 07:03:12.608,1.55905,1.55915,1.00,0.30
2008.03.20 07:03:12.873,1.55905,1.55915,1.00,0.30
2008.03.20 07:03:13.139,1.55905,1.55915,1.00,0.30
2008.03.20 07:03:13.433,1.5591,1.55915,0.30,0.30
2008.03.20 07:03:13.727,1.5591,1.55915,0.30,0.30
2008.03.20 07:03:14.022,1.55905,1.55915,1.00,0.30
2008.03.20 07:03:14.276,1.55905,1.55915,1.00,0.30
2008.03.20 07:03:14.531,1.55905,1.55915,1.00,0.30
2008.03.20 07:03:14.784,1.55905,1.55915,1.00,0.30
2008.03.20 07:03:15.039,1.55905,1.55915,1.00,0.30
2008.03.20 07:03:15.324,1.55905,1.55915,1.00,0.30
2008.03.20 07:03:15.609,1.55905,1.55915,1.00,0.30
2008.03.20 07:03:15.894,1.55905,1.55915,1.00,0.30
2008.03.20 07:03:16.190,1.55905,1.55915,1.00,0.30
2008.03.20 07:03:16.512,1.55905,1.55915,1.00,0.30
2008.03.20 07:03:16.832,1.55905,1.55915,1.00,0.30
2008.03.20 07:03:17.140,1.55905,1.55915,1.00,0.30
2008.03.20 07:03:17.381,1.55905,1.55915,1.00,0.30
2008.03.20 07:03:17.620,1.55905,1.55915,1.00,0.30
2008.03.20 07:03:17.858,1.55905,1.55915,1.00,0.30
2008.03.20 07:03:18.097,1.55905,1.55915,1.00,0.30
2008.03.20 07:03:18.390,1.55905,1.55915,1.00,0.30
2008.03.20 07:03:18.674,1.55905,1.55915,1.00,0.30
2008.03.20 07:03:18.959,1.55905,1.55915,1.00,0.30
2008.03.20 07:03:19.244,1.55905,1.55915,1.00,0.30
2008.03.20 07:03:19.503,1.55905,1.55915,1.00,0.30
2008.03.20 07:03:19.762,1.55905,1.55915,1.00,0.30
2008.03.20 07:03:20.027,1.55905,1.55915,1.00,0.30
2008.03.20 07:03:20.282,1.55905,1.55915,1.00,0.30
2008.03.20 07:03:20.535,1.55905,1.55915,1.00,0.30
2008.03.20 07:03:20.788,1.55905,1.55915,1.00,0.30
2008.03.20 07:03:21.042,1.55905,1.55915,1.00,0.30
2008.03.20 07:03:21.321,1.55905,1.55915,1.00,0.30
2008.03.20 07:03:21.600,1.55905,1.55915,1.00,0.30
2008.03.20 07:03:21.880,1.55905,1.55915,1.00,0.30
2008.03.20 07:03:22.159,1.55905,1.55915,1.00,0.30
2008.03.20 07:03:22.463,1.55905,1.55915,1.00,0.30
2008.03.20 07:03:22.767,1.55905,1.55915,1.00,0.30
2008.03.20 07:03:23.076,1.55905,1.55915,1.00,0.30
2008.03.20 07:03:23.320,1.55905,1.55915,1.00,0.30
2008.03.20 07:03:23.564,1.55905,1.55915,1.00,0.30
2008.03.20 07:03:23.809,1.55905,1.55915,1.00,0.30
2008.03.20 07:03:24.053,1.55905,1.55915,1.00,0.30
2008.03.20 07:03:24.348,1.55905,1.55915,1.00,0.30
2008.03.20 07:03:24.643,1.55905,1.55915,1.00,0.30
2008.03.20 07:03:24.937,1.55905,1.55915,1.00,0.30
2008.03.20 07:03:25.230,1.55905,1.55915,1.00,0.30
2008.03.20 07:03:25.469,1.55905,1.55915,1.00,0.30
2008.03.20 07:03:25.709,1.55905,1.55915,1.00,0.30
2008.03.20 07:03:25.947,1.55905,1.55915,1.00,0.30
2008.03.20 07:03:26.187,1.55905,1.55915,1.00,0.30
2008.03.20 07:03:26.466,1.55905,1.55915,1.00,0.30
2008.03.20 07:03:26.746,1.55905,1.55915,1.00,0.30
2008.03.20 07:03:27.026,1.55905,1.55915,1.00,0.30
2008.03.20 07:03:27.304,1.55905,1.55915,1.00,0.30
2008.03.20 07:03:27.590,1.5591,1.55915,0.30,0.30
2008.03.20 07:03:27.874,1.5591,1.55915,0.30,0.30
2008.03.20 07:03:28.158,1.55905,1.55915,1.00,0.30
2008.03.20 07:03:28.446,1.55905,1.55915,1.00,0.30
2008.03.20 07:03:28.691,1.55905,1.55915,1.00,0.30
2008.03.20 07:03:28.934,1.55905,1.55915,1.00,0.30
2008.03.20 07:03:29.180,1.55905,1.55915,1.00,0.30
2008.03.20 07:03:29.454,1.55905,1.55915,1.00,0.30
2008.03.20 07:03:29.728,1.55905,1.55915,1.00,0.30
2008.03.20 07:03:30.001,1.55905,1.55915,1.00,0.30
2008.03.20 07:03:30.274,1.55905,1.55915,1.00,0.30
2008.03.20 07:03:30.547,1.55905,1.55915,1.00,0.30
2008.03.20 07:03:30.821,1.55905,1.55915,1.00,0.30
2008.03.20 07:03:31.096,1.55905,1.55915,1.00,0.30
2008.03.20 07:03:31.370,1.55905,1.55915,1.00,0.30
2008.03.20 07:03:31.634,1.55905,1.55915,1.00,0.30
2008.03.20 07:03:31.909,1.55905,1.55915,1.00,0.30
2008.03.20 07:03:32.174,1.55905,1.55915,1.00,0.30
2008.03.20 07:03:32.459,1.55905,1.55915,1.00,0.30
2008.03.20 07:03:32.743,1.55905,1.55915,1.00,0.30
2008.03.20 07:03:33.026,1.55905,1.55915,1.00,0.30
2008.03.20 07:03:33.310,1.55905,1.55915,1.00,0.30
2008.03.20 07:03:33.571,1.5592,1.55935,1.00,4.00
2008.03.20 07:03:33.831,1.55925,1.5595,0.80,0.20
2008.03.20 07:03:34.090,1.55925,1.5595,0.80,0.20
2008.03.20 07:03:34.348,1.55925,1.5595,0.80,0.20
2008.03.20 07:03:34.602,1.55925,1.5595,0.80,0.20
2008.03.20 07:03:34.856,1.55925,1.5595,0.80,0.20
2008.03.20 07:03:35.110,1.55925,1.5595,0.80,0.20
2008.03.20 07:03:35.364,1.55925,1.5595,0.80,0.20
2008.03.20 07:03:35.638,1.55925,1.5595,0.80,0.20
2008.03.20 07:03:35.918,1.55925,1.5595,0.80,0.20
2008.03.20 07:03:36.177,1.55925,1.5595,0.80,0.20
2008.03.20 07:03:36.445,1.55925,1.5595,0.80,0.20
2008.03.20 07:03:36.715,1.55925,1.5595,8.00,0.20
2008.03.20 07:03:36.983,1.55925,1.5595,8.00,0.20
2008.03.20 07:03:37.254,1.55925,1.55955,8.00,2.00
2008.03.20 07:03:37.526,1.55925,1.55955,8.00,1.70
2008.03.20 07:03:37.825,1.55925,1.55955,8.00,1.70
2008.03.20 07:03:38.136,1.55925,1.55955,8.20,1.60
2008.03.20 07:03:38.448,1.55925,1.55955,9.00,0.80
2008.03.20 07:03:38.714,1.55925,1.55955,9.00,0.80
2008.03.20 07:03:38.993,1.55925,1.55955,9.00,0.80
2008.03.20 07:03:39.272,1.55925,1.55955,9.00,0.80
2008.03.20 07:03:39.551,1.55925,1.55955,9.00,0.80
2008.03.20 07:03:39.807,1.55925,1.55955,9.00,0.80
2008.03.20 07:03:40.060,1.55925,1.55955,9.00,0.80
2008.03.20 07:03:40.314,1.55925,1.55955,8.00,1.70
2008.03.20 07:03:40.567,1.55925,1.55955,8.00,1.70
2008.03.20 07:03:40.871,1.55925,1.55955,8.00,1.70
2008.03.20 07:03:41.176,1.55925,1.55955,0.80,2.00
2008.03.20 07:03:41.480,1.5592,1.55955,0.60,2.00
2008.03.20 07:03:41.753,1.5592,1.55955,0.60,2.00
2008.03.20 07:03:42.032,1.5592,1.55955,0.60,2.00
2008.03.20 07:03:42.291,1.5592,1.55955,0.60,2.00
2008.03.20 07:03:42.560,1.5592,1.55955,0.60,2.00
2008.03.20 07:03:42.816,1.55915,1.55945,1.00,0.30
2008.03.20 07:03:43.070,1.55915,1.55945,1.00,0.30
2008.03.20 07:03:43.325,1.55915,1.55945,1.00,0.30
2008.03.20 07:03:43.580,1.55915,1.55945,1.00,0.30
2008.03.20 07:03:43.897,1.55915,1.55945,1.00,0.30
2008.03.20 07:03:44.225,1.5592,1.5595,0.40,0.20
2008.03.20 07:03:44.534,1.5592,1.5595,0.40,0.20
2008.03.20 07:03:44.779,1.5592,1.5595,0.50,0.20
2008.03.20 07:03:45.024,1.5592,1.55955,0.50,0.90
2008.03.20 07:03:45.268,1.5592,1.55955,0.50,0.90
2008.03.20 07:03:45.512,1.5592,1.55955,0.50,0.90
2008.03.20 07:03:45.806,1.5592,1.55955,0.50,0.90
2008.03.20 07:03:46.089,1.5592,1.55955,0.50,0.90
2008.03.20 07:03:46.373,1.5592,1.55955,0.50,0.90
2008.03.20 07:03:46.657,1.5592,1.55955,0.50,0.90
2008.03.20 07:03:46.900,1.5592,1.55955,0.50,0.90
2008.03.20 07:03:47.145,1.5592,1.55955,0.50,0.90
2008.03.20 07:03:47.388,1.5592,1.55955,0.50,0.90
2008.03.20 07:03:47.635,1.55935,1.55965,0.30,0.80
2008.03.20 07:03:47.935,1.55935,1.5597,1.00,0.50
2008.03.20 07:03:48.236,1.55935,1.5597,1.00,0.50
2008.03.20 07:03:48.535,1.55935,1.5597,1.00,0.50
2008.03.20 07:03:48.835,1.55935,1.5597,1.00,0.50
2008.03.20 07:03:49.150,1.55935,1.5597,1.00,0.50
2008.03.20 07:03:49.464,1.55935,1.5597,1.00,0.50
2008.03.20 07:03:49.778,1.55935,1.5597,1.00,0.50
2008.03.20 07:03:49.997,1.55935,1.5597,1.00,0.50
2008.03.20 07:03:50.216,1.55935,1.5597,1.00,0.50
2008.03.20 07:03:50.434,1.55935,1.5597,1.00,0.50
2008.03.20 07:03:50.662,1.55935,1.5597,1.00,0.50
2008.03.20 07:03:50.880,1.55935,1.5597,1.00,0.50
2008.03.20 07:03:51.185,1.55935,1.5597,1.00,0.50
2008.03.20 07:03:51.489,1.55935,1.5597,1.00,0.50
2008.03.20 07:03:51.793,1.55935,1.5597,1.00,0.50
2008.03.20 07:03:52.047,1.55935,1.5597,1.00,0.50
2008.03.20 07:03:52.301,1.55935,1.5597,1.00,0.50
2008.03.20 07:03:52.556,1.55935,1.5597,1.00,0.50
2008.03.20 07:03:52.813,1.55935,1.5597,1.00,0.50
2008.03.20 07:03:53.108,1.55935,1.5597,1.00,0.50
2008.03.20 07:03:53.381,1.55935,1.5597,1.00,0.50
2008.03.20 07:03:53.665,1.55935,1.5597,1.00,0.50
2008.03.20 07:03:53.950,1.55935,1.5597,1.00,0.50
2008.03.20 07:03:54.233,1.55935,1.5597,1.00,0.50
2008.03.20 07:03:54.519,1.55935,1.5597,1.00,0.50
2008.03.20 07:03:54.803,1.55935,1.5597,1.00,0.50
2008.03.20 07:03:55.083,1.55935,1.5597,1.00,0.50
2008.03.20 07:03:55.361,1.55935,1.5597,1.00,0.50
2008.03.20 07:03:55.641,1.5594,1.5597,0.30,0.20
2008.03.20 07:03:55.922,1.55935,1.5597,1.00,0.50
2008.03.20 07:03:56.169,1.55935,1.5597,1.00,0.50
2008.03.20 07:03:56.414,1.55935,1.5597,1.00,0.50
2008.03.20 07:03:56.672,1.55935,1.55965,1.00,0.30
2008.03.20 07:03:56.917,1.55935,1.5597,1.00,0.20
2008.03.20 07:03:57.222,1.5594,1.5598,0.30,0.20
2008.03.20 07:03:57.529,1.5594,1.5598,0.30,0.20
2008.03.20 07:03:57.835,1.5594,1.5598,0.30,0.20
2008.03.20 07:03:58.118,1.5594,1.5598,0.30,0.20
2008.03.20 07:03:58.403,1.5594,1.5598,0.30,0.20
2008.03.20 07:03:58.688,1.5594,1.5598,0.30,0.20
2008.03.20 07:03:58.973,1.5594,1.5598,0.30,0.20
2008.03.20 07:03:59.212,1.5594,1.5598,0.30,0.20
2008.03.20 07:03:59.452,1.5594,1.5598,0.30,0.20
2008.03.20 07:03:59.693,1.5594,1.5598,0.30,0.20
2008.03.20 07:03:59.941,1.5594,1.5598,0.30,0.20
2008.03.20 07:04:00.259,1.5594,1.5598,0.30,0.20
2008.03.20 07:04:00.579,1.5594,1.5598,0.30,0.20
2008.03.20 07:04:00.898,1.5594,1.5598,0.30,0.20
2008.03.20 07:04:01.128,1.5594,1.5598,0.30,0.20
2008.03.20 07:04:01.359,1.5594,1.5598,0.30,0.20
2008.03.20 07:04:01.590,1.5594,1.5598,0.30,0.20
2008.03.20 07:04:01.830,1.55945,1.5598,0.80,0.20
2008.03.20 07:04:02.146,1.5595,1.5598,0.30,0.20
2008.03.20 07:04:02.460,1.5595,1.5598,0.30,0.20
2008.03.20 07:04:02.773,1.5595,1.5598,0.30,0.20
2008.03.20 07:04:03.087,1.5595,1.5598,0.30,0.20
2008.03.20 07:04:03.346,1.5595,1.5598,0.30,0.20
2008.03.20 07:04:03.606,1.5595,1.5598,0.30,0.20
2008.03.20 07:04:03.865,1.5595,1.5598,0.30,0.20
2008.03.20 07:04:04.124,1.5595,1.5598,0.30,0.20
2008.03.20 07:04:04.384,1.5595,1.5598,0.30,0.20
2008.03.20 07:04:04.643,1.5595,1.5598,0.30,0.20
2008.03.20 07:04:04.902,1.5595,1.5598,0.30,0.20
2008.03.20 07:04:05.191,1.5595,1.5598,0.30,0.20
2008.03.20 07:04:05.480,1.5595,1.5598,0.30,0.20
2008.03.20 07:04:05.770,1.5595,1.5598,0.30,0.20
2008.03.20 07:04:06.060,1.5595,1.5596,0.30,0.30
2008.03.20 07:04:06.340,1.5593,1.5596,0.30,0.30
2008.03.20 07:04:06.619,1.5593,1.5596,0.30,0.30
2008.03.20 07:04:06.898,1.5593,1.5596,0.30,0.30
2008.03.20 07:04:07.177,1.5593,1.5596,0.30,0.30
2008.03.20 07:04:07.421,1.5593,1.5596,0.30,0.30
2008.03.20 07:04:07.665,1.5593,1.5596,0.30,0.30
2008.03.20 07:04:07.911,1.5593,1.5596,0.30,0.30
2008.03.20 07:04:08.245,1.5593,1.5596,0.30,0.30
2008.03.20 07:04:08.579,1.5593,1.5596,0.30,0.30
2008.03.20 07:04:08.914,1.5593,1.5596,0.30,0.30
2008.03.20 07:04:09.152,1.5593,1.5596,0.30,0.30
2008.03.20 07:04:09.382,1.5593,1.5596,0.30,0.30
2008.03.20 07:04:09.610,1.5593,1.5596,0.30,0.30
2008.03.20 07:04:09.839,1.5593,1.5596,0.30,0.30
2008.03.20 07:04:10.068,1.5593,1.5596,0.30,0.30
2008.03.20 07:04:10.377,1.5593,1.5596,0.30,0.30
2008.03.20 07:04:10.686,1.5593,1.5596,0.30,0.30
2008.03.20 07:04:10.996,1.5593,1.5596,0.30,0.30
2008.03.20 07:04:11.230,1.5593,1.5596,0.30,0.30
2008.03.20 07:04:11.465,1.5593,1.5596,0.30,0.30
2008.03.20 07:04:11.701,1.5593,1.5596,0.30,0.30
2008.03.20 07:04:11.937,1.5593,1.5596,0.30,0.30
2008.03.20 07:04:12.183,1.5593,1.5596,0.30,0.30
2008.03.20 07:04:12.528,1.5593,1.5596,0.30,0.30
2008.03.20 07:04:12.865,1.5593,1.5596,0.30,0.30
2008.03.20 07:04:13.200,1.5593,1.5596,0.30,0.30
2008.03.20 07:04:13.464,1.5593,1.5596,0.30,0.30
2008.03.20 07:04:13.729,1.5593,1.5596,0.30,0.30
2008.03.20 07:04:13.995,1.5593,1.5596,0.30,0.30
2008.03.20 07:04:14.262,1.5593,1.5596,0.30,0.30
2008.03.20 07:04:14.577,1.5593,1.5596,0.30,0.30
2008.03.20 07:04:14.891,1.5593,1.5596,0.30,0.30
2008.03.20 07:04:15.206,1.5593,1.5596,0.30,0.30
2008.03.20 07:04:15.454,1.5593,1.5596,0.30,0.30
2008.03.20 07:04:15.707,1.5593,1.5596,0.30,0.30
2008.03.20 07:04:15.944,1.5593,1.5596,0.30,0.30
2008.03.20 07:04:16.189,1.5593,1.5596,0.30,0.30
2008.03.20 07:04:16.479,1.5593,1.5596,0.30,0.30
2008.03.20 07:04:16.768,1.5593,1.5596,0.30,0.30
2008.03.20 07:04:17.057,1.5593,1.5596,0.30,0.30
2008.03.20 07:04:17.327,1.5593,1.5596,0.30,0.30
2008.03.20 07:04:17.597,1.5593,1.5596,0.30,0.30
2008.03.20 07:04:17.866,1.5593,1.5596,0.30,0.30
2008.03.20 07:04:18.135,1.5593,1.5596,0.30,0.30
2008.03.20 07:04:18.430,1.5593,1.5596,0.30,0.30
2008.03.20 07:04:18.734,1.55935,1.5596,0.30,0.30
2008.03.20 07:04:19.029,1.55935,1.5596,0.30,0.30
2008.03.20 07:04:19.276,1.55935,1.5596,0.30,0.30
2008.03.20 07:04:19.525,1.55935,1.5596,0.30,0.30
2008.03.20 07:04:19.771,1.55935,1.5596,0.30,0.30
2008.03.20 07:04:20.014,1.55935,1.5596,0.30,0.30
2008.03.20 07:04:20.261,1.55935,1.5596,0.30,0.30
2008.03.20 07:04:20.574,1.55935,1.5596,0.30,0.30
2008.03.20 07:04:20.889,1.55935,1.5596,0.30,0.30
2008.03.20 07:04:21.205,1.5593,1.5596,0.30,0.30
2008.03.20 07:04:21.421,1.5593,1.5596,0.30,0.30
2008.03.20 07:04:21.635,1.5593,1.5596,0.30,0.50
2008.03.20 07:04:21.851,1.5593,1.5596,0.30,0.30
2008.03.20 07:04:22.066,1.5593,1.5596,0.30,0.30
2008.03.20 07:04:22.289,1.55925,1.5596,1.00,0.30
2008.03.20 07:04:22.635,1.55925,1.5596,1.00,0.30
2008.03.20 07:04:22.971,1.55925,1.5596,1.00,0.50
2008.03.20 07:04:23.306,1.55925,1.5596,1.00,0.50
2008.03.20 07:04:23.569,1.55925,1.5596,1.00,0.50
2008.03.20 07:04:23.831,1.55925,1.5596,1.00,0.50
2008.03.20 07:04:24.091,1.55925,1.5596,1.00,0.50
2008.03.20 07:04:24.354,1.5593,1.5596,0.30,0.30
2008.03.20 07:04:24.649,1.5593,1.5596,0.30,0.30
2008.03.20 07:04:24.944,1.5593,1.5596,0.30,0.30
2008.03.20 07:04:25.247,1.5593,1.5596,0.30,0.30
2008.03.20 07:04:25.502,1.5593,1.5596,0.30,0.30
2008.03.20 07:04:25.760,1.5593,1.5596,0.30,0.30
2008.03.20 07:04:26.018,1.5593,1.5596,0.30,0.30
2008.03.20 07:04:26.273,1.5593,1.5596,0.30,0.30
2008.03.20 07:04:26.547,1.5593,1.5596,0.30,0.30
2008.03.20 07:04:26.822,1.5593,1.5596,0.30,0.30
2008.03.20 07:04:27.095,1.5593,1.5596,0.30,0.30
2008.03.20 07:04:27.372,1.5593,1.5596,0.30,0.30
2008.03.20 07:04:27.673,1.5593,1.5596,0.30,0.30
2008.03.20 07:04:27.968,1.5593,1.5596,0.30,0.30
2008.03.20 07:04:28.272,1.5593,1.5596,0.30,0.30
2008.03.20 07:04:28.546,1.5593,1.5596,0.30,0.30
2008.03.20 07:04:28.820,1.5593,1.5596,0.30,0.30
2008.03.20 07:04:29.094,1.5593,1.5596,0.30,0.30
2008.03.20 07:04:29.369,1.5593,1.5596,0.30,0.30
2008.03.20 07:04:29.628,1.5593,1.5596,0.30,0.30
2008.03.20 07:04:29.886,1.5593,1.5596,0.30,0.30
2008.03.20 07:04:30.146,1.5593,1.5596,0.30,0.30
2008.03.20 07:04:30.404,1.5593,1.5596,0.30,0.30
2008.03.20 07:04:30.702,1.5593,1.5596,0.30,0.30
2008.03.20 07:04:30.981,1.5593,1.5596,0.30,0.30
2008.03.20 07:04:31.261,1.5593,1.5596,0.30,0.50
2008.03.20 07:04:31.539,1.55925,1.5596,1.00,0.50
2008.03.20 07:04:31.803,1.55925,1.5596,1.00,0.50
2008.03.20 07:04:32.069,1.55925,1.5596,1.00,0.50
2008.03.20 07:04:32.333,1.55925,1.5596,1.00,0.50
2008.03.20 07:04:32.597,1.55925,1.5596,1.00,0.50
2008.03.20 07:04:32.882,1.55925,1.5596,1.00,0.50
2008.03.20 07:04:33.166,1.55925,1.5596,1.00,0.50
2008.03.20 07:04:33.450,1.55925,1.5596,1.00,0.50
2008.03.20 07:04:33.719,1.55925,1.5596,1.00,0.50
2008.03.20 07:04:33.988,1.55925,1.5596,1.00,0.50
2008.03.20 07:04:34.257,1.55925,1.5596,1.00,0.50
2008.03.20 07:04:34.526,1.55925,1.5596,1.00,0.50
2008.03.20 07:04:34.786,1.55925,1.5596,1.00,0.50
2008.03.20 07:04:35.045,1.55925,1.5596,1.00,0.50
2008.03.20 07:04:35.304,1.55925,1.5596,1.00,0.50
2008.03.20 07:04:35.573,1.55925,1.5596,1.00,0.50
2008.03.20 07:04:35.856,1.55925,1.5596,1.00,0.50
2008.03.20 07:04:36.150,1.55925,1.5596,1.00,0.50
2008.03.20 07:04:36.444,1.55925,1.5596,1.00,0.50
2008.03.20 07:04:36.737,1.55925,1.5596,1.00,0.50
2008.03.20 07:04:36.976,1.55925,1.5596,1.00,0.50
2008.03.20 07:04:37.214,1.55925,1.5596,1.00,0.50
2008.03.20 07:04:37.455,1.55925,1.5596,1.00,0.50
2008.03.20 07:04:37.695,1.55925,1.5596,1.00,0.50
2008.03.20 07:04:38.019,1.55925,1.5596,1.00,0.50
2008.03.20 07:04:38.344,1.55925,1.5596,1.00,0.50
2008.03.20 07:04:38.668,1.55925,1.55955,0.30,0.80
2008.03.20 07:04:38.913,1.5592,1.55955,0.50,0.90
2008.03.20 07:04:39.157,1.5592,1.55955,0.50,0.90
2008.03.20 07:04:39.401,1.5592,1.55955,0.50,0.90
2008.03.20 07:04:39.645,1.5592,1.55955,0.50,0.90
2008.03.20 07:04:39.954,1.5592,1.55955,0.50,0.90
2008.03.20 07:04:40.271,1.5592,1.55955,0.50,0.90
2008.03.20 07:04:40.591,1.55925,1.55955,0.30,0.80
2008.03.20 07:04:40.851,1.55925,1.5596,1.00,0.50
2008.03.20 07:04:41.111,1.55925,1.5596,1.00,0.50
2008.03.20 07:04:41.371,1.55925,1.5596,1.00,0.50
2008.03.20 07:04:41.631,1.55925,1.5596,1.00,0.50
2008.03.20 07:04:41.890,1.55925,1.5596,1.00,0.50
2008.03.20 07:04:42.159,1.55925,1.5596,1.00,0.50
2008.03.20 07:04:42.428,1.55925,1.5596,1.00,0.50
2008.03.20 07:04:42.689,1.55925,1.5596,1.00,0.50
2008.03.20 07:04:42.967,1.55925,1.5596,1.00,0.50
2008.03.20 07:04:43.256,1.55925,1.5596,1.00,0.50
2008.03.20 07:04:43.546,1.55925,1.5596,1.00,0.50
2008.03.20 07:04:43.834,1.55925,1.5596,1.00,0.50
2008.03.20 07:04:44.148,1.55925,1.5596,1.00,0.50
2008.03.20 07:04:44.462,1.55925,1.5596,1.00,0.50
2008.03.20 07:04:44.776,1.55925,1.55955,0.80,0.20
2008.03.20 07:04:44.989,1.55925,1.55955,0.80,0.20
2008.03.20 07:04:45.203,1.5592,1.55955,0.50,0.90
2008.03.20 07:04:45.424,1.5592,1.55955,0.50,0.90
2008.03.20 07:04:45.638,1.5592,1.55955,0.50,0.90
2008.03.20 07:04:45.852,1.5592,1.55955,0.50,0.90
2008.03.20 07:04:46.176,1.5592,1.55955,0.50,0.90
2008.03.20 07:04:46.499,1.5592,1.55955,0.50,0.90
2008.03.20 07:04:46.822,1.5592,1.55955,0.50,0.90
2008.03.20 07:04:47.038,1.5592,1.55955,0.50,0.90
2008.03.20 07:04:47.251,1.5592,1.55955,0.50,0.90
2008.03.20 07:04:47.465,1.5592,1.55955,0.50,0.90
2008.03.20 07:04:47.680,1.5592,1.55955,0.50,0.90
2008.03.20 07:04:47.893,1.5592,1.55955,0.50,0.90
2008.03.20 07:04:48.227,1.5592,1.55955,0.50,0.90
2008.03.20 07:04:48.561,1.5592,1.55955,0.50,0.90
2008.03.20 07:04:48.895,1.5592,1.55955,0.50,0.90
2008.03.20 07:04:49.124,1.5592,1.55955,0.50,0.90
2008.03.20 07:04:49.352,1.5592,1.55955,0.50,0.90
2008.03.20 07:04:49.583,1.5592,1.55955,0.50,0.90
2008.03.20 07:04:49.811,1.55925,1.5596,1.00,0.50
2008.03.20 07:04:50.042,1.55925,1.5596,1.00,0.50
2008.03.20 07:04:50.366,1.5593,1.5596,0.30,0.50
2008.03.20 07:04:50.695,1.55925,1.55955,0.80,0.20
2008.03.20 07:04:51.017,1.5592,1.55955,0.50,0.90
2008.03.20 07:04:51.272,1.55925,1.55955,0.80,0.20
2008.03.20 07:04:51.526,1.55925,1.5596,1.00,0.50
2008.03.20 07:04:51.782,1.55925,1.55955,1.00,0.20
2008.03.20 07:04:52.036,1.55925,1.55955,1.00,0.20
2008.03.20 07:04:52.288,1.55925,1.55955,1.00,0.20
2008.03.20 07:04:52.541,1.55925,1.55955,1.00,0.20
2008.03.20 07:04:52.809,1.55925,1.55955,1.00,0.20
2008.03.20 07:04:53.074,1.5594,1.55955,0.30,0.20
2008.03.20 07:04:53.391,1.55935,1.5596,12.00,0.30
2008.03.20 07:04:53.700,1.5593,1.5596,0.30,0.50
2008.03.20 07:04:54.010,1.5593,1.5596,0.30,0.30
2008.03.20 07:04:54.266,1.5594,1.5596,0.30,0.30
2008.03.20 07:04:54.533,1.5593,1.5596,0.30,0.30
2008.03.20 07:04:54.798,1.5593,1.5596,0.30,0.30
2008.03.20 07:04:55.053,1.5593,1.5596,0.30,0.30
2008.03.20 07:04:55.315,1.5593,1.5596,0.30,0.50
2008.03.20 07:04:55.573,1.5593,1.5596,0.30,0.50
2008.03.20 07:04:55.834,1.55925,1.55955,0.80,0.20
2008.03.20 07:04:56.093,1.5592,1.55955,0.50,0.90
2008.03.20 07:04:56.371,1.5592,1.55955,0.50,0.90
2008.03.20 07:04:56.650,1.5592,1.55955,0.50,0.90
2008.03.20 07:04:56.929,1.5592,1.55955,0.50,0.90
2008.03.20 07:04:57.207,1.5592,1.55955,0.50,0.90
2008.03.20 07:04:57.472,1.5592,1.55955,0.50,0.90
2008.03.20 07:04:57.736,1.5592,1.55955,0.50,0.90
2008.03.20 07:04:58.001,1.5592,1.55955,0.50,0.90
2008.03.20 07:04:58.266,1.5592,1.55955,0.50,0.90
2008.03.20 07:04:58.546,1.5592,1.55955,0.50,0.90
2008.03.20 07:04:58.824,1.5592,1.55955,0.40,0.90
2008.03.20 07:04:59.104,1.5592,1.5595,0.40,0.20
2008.03.20 07:04:59.383,1.5592,1.5595,0.40,0.20
2008.03.20 07:04:59.646,1.5592,1.5595,0.40,0.20
2008.03.20 07:04:59.910,1.5592,1.5595,0.40,0.20
2008.03.20 07:05:00.175,1.5592,1.5595,0.40,0.20
2008.03.20 07:05:00.440,1.5592,1.5595,0.40,0.20
2008.03.20 07:05:00.695,1.5592,1.5595,0.40,0.20
2008.03.20 07:05:00.950,1.5592,1.5595,0.40,0.20
2008.03.20 07:05:01.204,1.5592,1.5595,0.40,0.20
2008.03.20 07:05:01.458,1.5592,1.5595,0.40,0.20
2008.03.20 07:05:01.742,1.5592,1.5595,0.50,0.20
2008.03.20 07:05:02.026,1.5592,1.5595,0.50,0.20
2008.03.20 07:05:02.309,1.5592,1.5595,0.50,0.20
2008.03.20 07:05:02.593,1.5592,1.5595,0.50,0.20
2008.03.20 07:05:02.866,1.5592,1.5595,0.50,0.20
2008.03.20 07:05:03.141,1.5592,1.5595,0.50,0.20
2008.03.20 07:05:03.418,1.5592,1.5595,0.50,0.20
2008.03.20 07:05:03.708,1.5592,1.5595,0.50,0.20
2008.03.20 07:05:03.997,1.5592,1.5595,0.50,0.20
2008.03.20 07:05:04.286,1.5592,1.5595,0.50,0.20
2008.03.20 07:05:04.576,1.5592,1.55955,0.50,0.90
2008.03.20 07:05:04.819,1.5592,1.55955,0.50,0.90
2008.03.20 07:05:05.064,1.5592,1.55955,0.50,0.90
2008.03.20 07:05:05.307,1.5592,1.55955,0.50,0.90
2008.03.20 07:05:05.550,1.5592,1.55955,0.50,0.90
2008.03.20 07:05:05.829,1.5592,1.55955,0.50,0.90
2008.03.20 07:05:06.108,1.5592,1.55955,0.50,0.90
2008.03.20 07:05:06.388,1.5592,1.55955,0.50,0.90
2008.03.20 07:05:06.668,1.5592,1.5596,0.50,0.20
2008.03.20 07:05:06.956,1.55935,1.5596,12.00,0.30
2008.03.20 07:05:07.240,1.5593,1.5596,0.30,0.50
2008.03.20 07:05:07.526,1.5593,1.5596,0.30,0.50
2008.03.20 07:05:07.754,1.5593,1.5596,0.30,0.50
2008.03.20 07:05:07.973,1.5593,1.5596,0.30,0.50
2008.03.20 07:05:08.191,1.5593,1.5596,0.30,0.50
2008.03.20 07:05:08.410,1.5593,1.5596,0.30,0.50
2008.03.20 07:05:08.630,1.5593,1.5596,0.30,0.50
2008.03.20 07:05:08.963,1.5593,1.5596,0.30,0.50
2008.03.20 07:05:09.298,1.5593,1.5596,0.30,0.50
2008.03.20 07:05:09.633,1.5593,1.5596,0.30,0.50
2008.03.20 07:05:09.841,1.5593,1.5596,0.30,0.50
2008.03.20 07:05:10.051,1.5593,1.5596,0.30,0.50
2008.03.20 07:05:10.259,1.5593,1.5596,0.30,0.50
2008.03.20 07:05:10.468,1.5593,1.5596,0.30,0.70
2008.03.20 07:05:10.798,1.5593,1.55955,0.30,0.80
2008.03.20 07:05:11.129,1.5593,1.55955,0.30,0.90
2008.03.20 07:05:11.458,1.5592,1.5595,0.80,0.20
2008.03.20 07:05:11.694,1.5593,1.55955,0.30,0.90
2008.03.20 07:05:11.928,1.5593,1.55955,0.30,0.90
2008.03.20 07:05:12.162,1.5593,1.5596,0.30,0.70
2008.03.20 07:05:12.408,1.5593,1.5596,0.30,0.30
2008.03.20 07:05:12.652,1.5594,1.5596,0.30,0.30
2008.03.20 07:05:12.951,1.5593,1.5596,0.30,0.50
2008.03.20 07:05:13.252,1.5593,1.5596,0.30,0.50
2008.03.20 07:05:13.549,1.5593,1.5596,0.30,0.50
2008.03.20 07:05:13.854,1.55935,1.5596,1.00,0.30
2008.03.20 07:05:14.158,1.5593,1.5596,0.30,0.30
2008.03.20 07:05:14.463,1.5593,1.5596,0.30,0.30
2008.03.20 07:05:14.769,1.5593,1.5596,0.30,0.30
2008.03.20 07:05:15.018,1.5593,1.5596,0.30,0.30
2008.03.20 07:05:15.267,1.5593,1.5596,0.30,0.30
2008.03.20 07:05:15.517,1.5593,1.5596,0.30,0.30
2008.03.20 07:05:15.803,1.5593,1.5596,0.30,0.30
2008.03.20 07:05:16.102,1.5593,1.5596,0.30,0.30
2008.03.20 07:05:16.385,1.5593,1.5596,0.30,0.50
2008.03.20 07:05:16.683,1.5593,1.5596,0.30,0.50
2008.03.20 07:05:16.947,1.55925,1.5596,1.00,0.50
2008.03.20 07:05:17.226,1.5593,1.5596,0.30,0.50
2008.03.20 07:05:17.506,1.55925,1.5596,1.00,0.30
2008.03.20 07:05:17.786,1.55925,1.5596,1.00,0.50
2008.03.20 07:05:18.039,1.55925,1.5596,1.00,0.50
2008.03.20 07:05:18.292,1.55925,1.5596,1.00,0.50
2008.03.20 07:05:18.546,1.55925,1.5596,1.00,0.50
2008.03.20 07:05:18.844,1.55925,1.5596,1.00,0.50
2008.03.20 07:05:19.153,1.55925,1.5596,1.00,0.50
2008.03.20 07:05:19.440,1.55925,1.5596,1.00,0.50
2008.03.20 07:05:19.739,1.55925,1.5596,1.00,0.50
2008.03.20 07:05:19.992,1.55925,1.5596,1.00,0.50
2008.03.20 07:05:20.246,1.55925,1.5596,1.00,0.50
2008.03.20 07:05:20.501,1.55925,1.55955,0.30,0.90
2008.03.20 07:05:20.754,1.5592,1.55955,0.50,0.90
2008.03.20 07:05:21.053,1.5592,1.55955,0.50,0.90
2008.03.20 07:05:21.351,1.5592,1.55955,0.50,0.90
2008.03.20 07:05:21.649,1.5592,1.55955,0.50,0.90
2008.03.20 07:05:21.903,1.5592,1.55955,0.50,0.90
2008.03.20 07:05:22.167,1.5592,1.55955,0.50,0.90
2008.03.20 07:05:22.421,1.5593,1.5596,0.30,0.20
2008.03.20 07:05:22.676,1.5593,1.5596,0.30,0.20
2008.03.20 07:05:22.935,1.5593,1.55955,0.30,0.80
2008.03.20 07:05:23.195,1.55925,1.55955,0.40,0.90
2008.03.20 07:05:23.453,1.55925,1.5596,1.10,0.20
2008.03.20 07:05:23.713,1.55925,1.5596,0.50,0.20
2008.03.20 07:05:24.012,1.55925,1.55955,0.40,0.90
2008.03.20 07:05:24.311,1.55925,1.55955,0.40,0.90
2008.03.20 07:05:24.610,1.55925,1.55955,0.40,0.90
2008.03.20 07:05:24.858,1.55925,1.55955,0.40,0.90
2008.03.20 07:05:25.107,1.55925,1.55955,0.40,0.90
2008.03.20 07:05:25.356,1.55925,1.55955,0.40,0.90
2008.03.20 07:05:25.605,1.55925,1.55955,0.40,0.90
2008.03.20 07:05:25.854,1.55925,1.55955,0.40,0.90
2008.03.20 07:05:26.148,1.55925,1.55955,0.40,0.90
2008.03.20 07:05:26.441,1.55925,1.55955,0.40,0.90
2008.03.20 07:05:26.735,1.55925,1.55955,0.40,0.90
2008.03.20 07:05:26.984,1.55925,1.55955,0.40,0.90
2008.03.20 07:05:27.233,1.55925,1.55955,0.40,0.90
2008.03.20 07:05:27.481,1.55925,1.55955,0.40,0.90
2008.03.20 07:05:27.731,1.55925,1.55955,0.40,0.90
2008.03.20 07:05:27.995,1.55925,1.55955,0.40,0.90
2008.03.20 07:05:28.260,1.55925,1.55955,0.40,0.90
2008.03.20 07:05:28.536,1.55925,1.55955,0.50,0.80
2008.03.20 07:05:28.812,1.55935,1.5596,0.40,0.20
2008.03.20 07:05:29.117,1.55935,1.5596,0.40,0.20
2008.03.20 07:05:29.431,1.55935,1.5596,0.40,0.20
2008.03.20 07:05:29.745,1.55935,1.5596,0.40,0.20
2008.03.20 07:05:29.995,1.55935,1.5596,0.40,0.20
2008.03.20 07:05:30.246,1.55935,1.5596,0.40,0.20
2008.03.20 07:05:30.495,1.55935,1.5596,0.40,0.20
2008.03.20 07:05:30.744,1.55935,1.5596,0.40,0.20
2008.03.20 07:05:31.027,1.55935,1.5596,0.40,0.20
2008.03.20 07:05:31.314,1.55925,1.5596,1.30,0.20
2008.03.20 07:05:31.610,1.55925,1.5596,1.30,0.20
2008.03.20 07:05:31.881,1.55925,1.5596,1.30,0.20
2008.03.20 07:05:32.161,1.55925,1.5596,1.30,0.20
2008.03.20 07:05:32.439,1.55925,1.5596,1.30,0.20
2008.03.20 07:05:32.718,1.55925,1.5596,1.30,0.20
2008.03.20 07:05:32.967,1.55925,1.5596,1.30,0.20
2008.03.20 07:05:33.226,1.55925,1.5596,1.30,0.20
2008.03.20 07:05:33.475,1.5594,1.55965,0.30,0.30
2008.03.20 07:05:33.725,1.5594,1.5597,0.30,0.60
2008.03.20 07:05:33.975,1.55945,1.55965,0.80,0.80
2008.03.20 07:05:34.265,1.55935,1.55965,0.40,0.90
2008.03.20 07:05:34.554,1.55935,1.55965,1.10,0.90
2008.03.20 07:05:34.843,1.55935,1.55965,1.10,0.90
2008.03.20 07:05:35.131,1.55935,1.55965,1.10,0.90
2008.03.20 07:05:35.420,1.55935,1.55965,1.10,0.90
2008.03.20 07:05:35.709,1.55935,1.55965,1.10,0.90
2008.03.20 07:05:36.014,1.55935,1.55965,1.10,0.90
2008.03.20 07:05:36.248,1.55935,1.5596,0.80,0.20
2008.03.20 07:05:36.484,1.55935,1.5596,0.80,0.20
2008.03.20 07:05:36.718,1.55935,1.5596,0.80,0.20
2008.03.20 07:05:36.952,1.55935,1.5596,0.80,0.20
2008.03.20 07:05:37.266,1.55935,1.5596,0.80,0.20
2008.03.20 07:05:37.581,1.55935,1.5596,0.80,0.20
2008.03.20 07:05:37.894,1.55935,1.5596,0.80,0.20
2008.03.20 07:05:38.138,1.55925,1.5596,1.30,0.20
2008.03.20 07:05:38.382,1.55925,1.5596,1.00,0.50
2008.03.20 07:05:38.627,1.55925,1.5595,0.30,0.40
2008.03.20 07:05:38.873,1.55925,1.55955,0.40,0.90
2008.03.20 07:05:39.198,1.55925,1.55955,0.40,0.90
2008.03.20 07:05:39.533,1.55925,1.55955,0.40,0.90
2008.03.20 07:05:39.868,1.55925,1.5596,1.30,0.20
2008.03.20 07:05:40.093,1.55925,1.5596,1.30,0.20
2008.03.20 07:05:40.318,1.55925,1.5596,1.30,0.20
2008.03.20 07:05:40.544,1.55925,1.5596,1.30,0.20
2008.03.20 07:05:40.758,1.55925,1.5596,1.30,0.20
2008.03.20 07:05:40.972,1.55925,1.5596,1.30,0.20
2008.03.20 07:05:41.306,1.55925,1.5596,1.30,0.20
2008.03.20 07:05:41.654,1.55925,1.5596,1.30,0.20
2008.03.20 07:05:41.979,1.55925,1.5596,1.30,0.20
2008.03.20 07:05:42.219,1.55925,1.5596,1.30,0.20
2008.03.20 07:05:42.462,1.55925,1.5596,1.30,0.20
2008.03.20 07:05:42.696,1.55925,1.5596,1.30,0.20
2008.03.20 07:05:42.930,1.55925,1.5596,1.30,0.20
2008.03.20 07:05:43.243,1.55925,1.5596,1.30,0.20
2008.03.20 07:05:43.559,1.55925,1.5596,1.30,0.20
2008.03.20 07:05:43.873,1.55925,1.5596,1.30,0.20
2008.03.20 07:05:44.187,1.55925,1.5596,1.30,0.20
2008.03.20 07:05:44.466,1.55925,1.5596,1.30,0.20
2008.03.20 07:05:44.746,1.55925,1.5596,1.30,0.20
2008.03.20 07:05:45.025,1.55925,1.5596,1.30,0.20
2008.03.20 07:05:45.304,1.55925,1.5596,1.30,0.20
2008.03.20 07:05:45.578,1.5594,1.5597,1.30,0.60
2008.03.20 07:05:45.853,1.5595,1.5597,0.30,0.20
2008.03.20 07:05:46.128,1.5595,1.5597,0.30,0.20
2008.03.20 07:05:46.406,1.5595,1.5597,0.30,0.20
2008.03.20 07:05:46.686,1.5595,1.5597,0.30,0.20
2008.03.20 07:05:46.966,1.5595,1.5597,0.30,0.20
2008.03.20 07:05:47.215,1.5595,1.5597,0.30,0.20
2008.03.20 07:05:47.463,1.5595,1.5597,0.30,0.20
2008.03.20 07:05:47.712,1.5595,1.5597,0.30,0.20
2008.03.20 07:05:47.961,1.5595,1.5597,0.30,0.20
2008.03.20 07:05:48.279,1.5595,1.5597,0.30,0.20
2008.03.20 07:05:48.599,1.5595,1.5597,0.30,0.20
2008.03.20 07:05:48.928,1.5595,1.5597,0.30,0.20
2008.03.20 07:05:49.243,1.5595,1.5597,0.30,0.20
2008.03.20 07:05:49.472,1.5595,1.5597,0.30,0.20
2008.03.20 07:05:49.700,1.5595,1.5597,0.30,0.20
2008.03.20 07:05:49.929,1.5595,1.5597,0.30,0.20
2008.03.20 07:05:50.158,1.5595,1.5597,0.30,0.20
2008.03.20 07:05:50.454,1.5595,1.5597,0.30,0.20
2008.03.20 07:05:50.755,1.5595,1.5597,0.30,0.20
2008.03.20 07:05:51.049,1.5595,1.5597,0.30,0.20
2008.03.20 07:05:51.313,1.5595,1.5597,0.30,0.20
2008.03.20 07:05:51.566,1.5595,1.5597,0.30,0.20
2008.03.20 07:05:51.819,1.5595,1.5597,0.30,0.20
2008.03.20 07:05:52.073,1.5595,1.5597,0.30,0.20
2008.03.20 07:05:52.352,1.5595,1.5597,0.30,0.20
2008.03.20 07:05:52.632,1.5595,1.5597,0.30,0.20
2008.03.20 07:05:52.911,1.5595,1.5597,0.30,0.20
2008.03.20 07:05:53.190,1.5595,1.5597,0.30,0.20
2008.03.20 07:05:53.494,1.5595,1.5597,0.30,0.20
2008.03.20 07:05:53.798,1.5595,1.5597,0.30,0.20
2008.03.20 07:05:54.103,1.5595,1.5597,0.30,0.20
2008.03.20 07:05:54.326,1.5595,1.5597,0.30,0.20
2008.03.20 07:05:54.551,1.5595,1.5597,0.30,0.20
2008.03.20 07:05:54.769,1.5595,1.5597,0.30,0.20
2008.03.20 07:05:54.989,1.5595,1.5597,0.30,0.20
2008.03.20 07:05:55.208,1.5595,1.5597,0.30,0.20
2008.03.20 07:05:55.532,1.5595,1.5597,0.30,0.20
2008.03.20 07:05:55.855,1.5595,1.5597,0.30,0.20
2008.03.20 07:05:56.182,1.5595,1.5597,0.30,0.20
2008.03.20 07:05:56.413,1.5595,1.5597,0.30,0.20
2008.03.20 07:05:56.637,1.5595,1.5597,0.30,0.20
2008.03.20 07:05:56.862,1.5595,1.5597,0.30,0.20
2008.03.20 07:05:57.088,1.5595,1.5597,0.30,0.20
2008.03.20 07:05:57.314,1.5595,1.55975,1.00,0.80
2008.03.20 07:05:57.634,1.55955,1.55975,0.80,0.80
2008.03.20 07:05:57.963,1.55955,1.55975,0.80,0.80
2008.03.20 07:05:58.277,1.55955,1.55975,0.80,0.80
2008.03.20 07:05:58.525,1.55955,1.55975,0.80,0.80
2008.03.20 07:05:58.774,1.55955,1.55975,0.80,0.80
2008.03.20 07:05:59.024,1.55955,1.55975,0.80,0.80
2008.03.20 07:05:59.274,1.55955,1.55975,0.80,0.80
2008.03.20 07:05:59.558,1.55955,1.55975,0.80,0.80
2008.03.20 07:05:59.842,1.55955,1.55975,0.80,0.80
2008.03.20 07:06:00.126,1.55955,1.55975,0.80,0.80
2008.03.20 07:06:00.411,1.55955,1.55975,0.80,0.80
2008.03.20 07:06:00.705,1.55955,1.55975,0.80,0.80
2008.03.20 07:06:00.999,1.55955,1.55975,0.80,0.80
2008.03.20 07:06:01.294,1.55955,1.55975,0.80,0.80
2008.03.20 07:06:01.543,1.55955,1.55975,0.80,0.80
2008.03.20 07:06:01.792,1.55955,1.55975,0.80,0.80
2008.03.20 07:06:02.053,1.55955,1.55975,0.80,0.80
2008.03.20 07:06:02.311,1.55955,1.55975,0.80,0.80
2008.03.20 07:06:02.595,1.55955,1.55975,0.80,0.80
2008.03.20 07:06:02.889,1.55955,1.55975,0.80,0.80
2008.03.20 07:06:03.186,1.55955,1.55975,0.80,0.80
2008.03.20 07:06:03.479,1.55955,1.55975,0.80,0.80
2008.03.20 07:06:03.785,1.55955,1.55975,0.80,0.80
2008.03.20 07:06:04.089,1.55955,1.55975,0.80,0.80
2008.03.20 07:06:04.395,1.55955,1.55975,0.80,0.80
2008.03.20 07:06:04.629,1.55955,1.55975,0.80,0.80
2008.03.20 07:06:04.864,1.55955,1.55975,0.80,0.80
2008.03.20 07:06:05.099,1.55955,1.55975,0.80,0.80
2008.03.20 07:06:05.346,1.55955,1.55975,0.80,0.80
2008.03.20 07:06:05.648,1.55955,1.55975,0.80,0.80
2008.03.20 07:06:05.945,1.55955,1.55975,0.80,0.80
2008.03.20 07:06:06.240,1.55955,1.55975,0.80,0.80
2008.03.20 07:06:06.540,1.55955,1.55975,0.80,0.80
2008.03.20 07:06:06.804,1.55955,1.55975,0.80,0.80
2008.03.20 07:06:07.077,1.55955,1.55975,0.80,0.80
2008.03.20 07:06:07.352,1.55955,1.55975,0.80,0.80
2008.03.20 07:06:07.611,1.55955,1.55975,0.80,0.80
2008.03.20 07:06:07.870,1.55955,1.55975,0.80,0.80
2008.03.20 07:06:08.128,1.55955,1.55975,0.80,0.80
2008.03.20 07:06:08.387,1.55955,1.55975,0.80,0.80
2008.03.20 07:06:08.702,1.55955,1.55975,0.80,0.80
2008.03.20 07:06:09.015,1.55955,1.55975,0.80,0.80
2008.03.20 07:06:09.329,1.55955,1.55975,0.80,0.80
2008.03.20 07:06:09.587,1.55955,1.55975,0.80,0.80
2008.03.20 07:06:09.848,1.55955,1.55975,0.80,0.80
2008.03.20 07:06:10.107,1.55955,1.55975,0.80,0.80
2008.03.20 07:06:10.367,1.55955,1.55975,0.80,0.80
2008.03.20 07:06:10.610,1.55955,1.55975,0.80,0.80
2008.03.20 07:06:10.853,1.55955,1.55975,0.80,0.80
2008.03.20 07:06:11.099,1.55955,1.55975,0.80,0.80
2008.03.20 07:06:11.344,1.55955,1.55975,0.80,0.80
2008.03.20 07:06:11.589,1.5596,1.5598,0.80,0.40
2008.03.20 07:06:11.884,1.55965,1.5598,0.80,0.20
2008.03.20 07:06:12.178,1.55965,1.5598,0.80,0.20
2008.03.20 07:06:12.473,1.55965,1.5598,0.80,0.20
2008.03.20 07:06:12.744,1.5596,1.5598,0.30,0.20
2008.03.20 07:06:13.014,1.5596,1.5598,0.30,0.20
2008.03.20 07:06:13.283,1.5596,1.5598,0.30,0.20
2008.03.20 07:06:13.554,1.55955,1.55975,0.80,0.90
2008.03.20 07:06:13.869,1.55955,1.55975,0.80,0.90
2008.03.20 07:06:14.183,1.55955,1.55975,0.80,0.90
2008.03.20 07:06:14.497,1.55955,1.55975,0.80,0.90
2008.03.20 07:06:14.741,1.55955,1.55975,0.80,0.90
2008.03.20 07:06:14.986,1.55955,1.55975,0.80,0.90
2008.03.20 07:06:15.230,1.55955,1.55975,0.80,0.90
2008.03.20 07:06:15.486,1.55955,1.55975,0.80,0.80
2008.03.20 07:06:15.760,1.5596,1.5598,0.30,0.20
2008.03.20 07:06:16.045,1.5596,1.55985,0.30,1.80
2008.03.20 07:06:16.331,1.55955,1.5598,0.80,0.40
2008.03.20 07:06:16.614,1.5596,1.55985,0.30,2.80
2008.03.20 07:06:16.868,1.5596,1.55985,0.30,2.80
2008.03.20 07:06:17.122,1.5596,1.55985,0.30,2.80
2008.03.20 07:06:17.376,1.5596,1.55985,0.30,2.80
2008.03.20 07:06:17.631,1.5596,1.55985,0.30,2.80
2008.03.20 07:06:17.909,1.5596,1.55985,0.30,2.80
2008.03.20 07:06:18.192,1.5596,1.55985,0.30,2.80
2008.03.20 07:06:18.471,1.5596,1.55985,0.30,2.80
2008.03.20 07:06:18.752,1.5596,1.55985,0.30,2.80
2008.03.20 07:06:19.041,1.5596,1.55985,0.30,2.80
2008.03.20 07:06:19.330,1.5596,1.55985,0.30,2.80
2008.03.20 07:06:19.618,1.5596,1.55985,0.30,2.80
2008.03.20 07:06:19.873,1.5596,1.55985,0.30,2.80
2008.03.20 07:06:20.126,1.5596,1.55985,0.30,2.80
2008.03.20 07:06:20.380,1.5596,1.55985,0.30,2.80
2008.03.20 07:06:20.634,1.5596,1.55985,0.30,2.80
2008.03.20 07:06:20.903,1.5596,1.55985,0.30,2.80
2008.03.20 07:06:21.171,1.5596,1.55985,0.30,2.80
2008.03.20 07:06:21.440,1.5596,1.55985,0.30,2.80
2008.03.20 07:06:21.710,1.5596,1.55985,0.30,2.80
2008.03.20 07:06:21.959,1.5596,1.55985,0.30,2.80
2008.03.20 07:06:22.208,1.5596,1.55985,0.30,2.80
2008.03.20 07:06:22.456,1.5596,1.55985,0.30,2.80
2008.03.20 07:06:22.705,1.5596,1.55985,0.30,2.80
2008.03.20 07:06:22.985,1.5596,1.55985,0.30,2.80
2008.03.20 07:06:23.264,1.5596,1.55985,0.30,2.80
2008.03.20 07:06:23.542,1.5596,1.55985,0.30,2.80
2008.03.20 07:06:23.822,1.5596,1.5598,0.30,0.20
2008.03.20 07:06:24.136,1.55955,1.5598,0.80,0.60
2008.03.20 07:06:24.451,1.55955,1.55975,0.80,0.90
2008.03.20 07:06:24.766,1.55955,1.55975,0.80,0.90
2008.03.20 07:06:25.010,1.55955,1.55975,0.80,0.90
2008.03.20 07:06:25.254,1.55955,1.55975,0.80,0.90
2008.03.20 07:06:25.504,1.55955,1.55975,0.80,0.90
2008.03.20 07:06:25.748,1.55955,1.55975,0.80,0.90
2008.03.20 07:06:26.043,1.55955,1.55975,0.80,0.90
2008.03.20 07:06:26.336,1.55955,1.55975,0.80,0.90
2008.03.20 07:06:26.630,1.55955,1.55975,0.80,0.90
2008.03.20 07:06:26.924,1.55955,1.55975,0.80,0.90
2008.03.20 07:06:27.168,1.55955,1.55975,0.80,0.90
2008.03.20 07:06:27.412,1.55955,1.55975,0.80,0.90
2008.03.20 07:06:27.660,1.55955,1.5597,0.80,0.60
2008.03.20 07:06:27.915,1.5594,1.5597,1.00,0.60
2008.03.20 07:06:28.214,1.55945,1.5597,0.80,0.60
2008.03.20 07:06:28.512,1.55945,1.5597,0.80,0.60
2008.03.20 07:06:28.811,1.55945,1.5597,0.80,0.60
2008.03.20 07:06:29.110,1.55945,1.5597,0.80,0.60
2008.03.20 07:06:29.405,1.55945,1.5597,0.80,0.60
2008.03.20 07:06:29.710,1.55945,1.5597,0.80,0.60
2008.03.20 07:06:30.004,1.55945,1.5597,0.80,0.60
2008.03.20 07:06:30.263,1.55945,1.5597,0.80,0.60
2008.03.20 07:06:30.522,1.55945,1.5597,0.80,0.60
2008.03.20 07:06:30.771,1.5595,1.55975,0.30,0.20
2008.03.20 07:06:31.031,1.5595,1.5598,0.30,0.70
2008.03.20 07:06:31.311,1.5595,1.5598,0.60,0.60
2008.03.20 07:06:31.590,1.5595,1.5598,0.60,0.60
2008.03.20 07:06:31.869,1.5595,1.5598,0.60,0.60
2008.03.20 07:06:32.148,1.5595,1.5598,0.60,0.60
2008.03.20 07:06:32.402,1.5595,1.5598,0.60,0.60
2008.03.20 07:06:32.657,1.5595,1.5598,0.60,0.70
2008.03.20 07:06:32.912,1.5595,1.5598,0.60,0.70
2008.03.20 07:06:33.166,1.5595,1.5598,0.60,0.70
2008.03.20 07:06:33.444,1.5595,1.5598,0.60,0.70
2008.03.20 07:06:33.724,1.5595,1.5598,0.60,0.70
2008.03.20 07:06:34.002,1.5595,1.5598,0.60,0.70
2008.03.20 07:06:34.285,1.5595,1.5598,0.60,0.70
2008.03.20 07:06:34.568,1.5595,1.5598,0.60,0.70
2008.03.20 07:06:34.851,1.5595,1.5598,0.60,0.70
2008.03.20 07:06:35.135,1.5595,1.5598,0.60,0.70
2008.03.20 07:06:35.394,1.5595,1.5598,0.60,0.70
2008.03.20 07:06:35.651,1.5595,1.5598,0.60,0.70
2008.03.20 07:06:35.920,1.5595,1.5598,0.60,0.70
2008.03.20 07:06:36.169,1.5595,1.5598,0.60,0.70
2008.03.20 07:06:36.458,1.5595,1.5598,0.60,0.70
2008.03.20 07:06:36.748,1.5595,1.5598,0.60,0.70
2008.03.20 07:06:37.037,1.5595,1.5598,0.60,0.70
2008.03.20 07:06:37.285,1.5595,1.5598,0.60,0.70
2008.03.20 07:06:37.536,1.5595,1.5598,0.60,0.70
2008.03.20 07:06:37.797,1.5595,1.5598,0.60,0.60
2008.03.20 07:06:38.046,1.5595,1.5598,0.60,0.60
2008.03.20 07:06:38.340,1.5595,1.5598,0.60,0.60
2008.03.20 07:06:38.642,1.5596,1.55995,0.50,0.90
2008.03.20 07:06:38.949,1.55975,1.55995,0.40,0.80
2008.03.20 07:06:39.255,1.55975,1.56005,0.40,0.90
2008.03.20 07:06:39.536,1.55975,1.56005,0.40,0.90
2008.03.20 07:06:39.825,1.55975,1.56005,0.40,0.80
2008.03.20 07:06:40.115,1.55975,1.5601,0.40,0.20
2008.03.20 07:06:40.355,1.55975,1.56005,0.40,0.90
2008.03.20 07:06:40.594,1.55975,1.56005,0.40,0.90
2008.03.20 07:06:40.833,1.55975,1.56005,0.40,0.90
2008.03.20 07:06:41.072,1.55975,1.56005,0.40,0.90
2008.03.20 07:06:41.311,1.55975,1.56005,0.40,0.90
2008.03.20 07:06:41.645,1.55975,1.56005,0.40,0.90
2008.03.20 07:06:41.965,1.55975,1.56005,0.40,0.90
2008.03.20 07:06:42.285,1.55975,1.56005,0.40,0.90
2008.03.20 07:06:42.504,1.55975,1.56005,0.40,0.90
2008.03.20 07:06:42.724,1.55975,1.56005,0.40,0.90
2008.03.20 07:06:42.943,1.55975,1.56005,0.40,0.90
2008.03.20 07:06:43.162,1.55975,1.56005,0.50,0.90
2008.03.20 07:06:43.520,1.55975,1.56005,0.50,0.90
2008.03.20 07:06:43.845,1.55975,1.5601,1.30,0.20
2008.03.20 07:06:44.191,1.55975,1.56015,1.30,1.20
2008.03.20 07:06:44.411,1.55975,1.5601,1.30,0.20
2008.03.20 07:06:44.641,1.55975,1.5601,1.30,0.20
2008.03.20 07:06:44.871,1.55975,1.56015,1.30,1.20
2008.03.20 07:06:45.100,1.55975,1.56015,1.30,1.20
2008.03.20 07:06:45.331,1.55975,1.56015,1.30,1.20
2008.03.20 07:06:45.634,1.55975,1.5601,1.00,0.30
2008.03.20 07:06:45.938,1.55975,1.5601,1.00,0.30
2008.03.20 07:06:46.243,1.55975,1.56015,1.30,1.20
2008.03.20 07:06:46.522,1.55975,1.56015,1.30,1.20
2008.03.20 07:06:46.801,1.55975,1.56015,1.30,1.20
2008.03.20 07:06:47.080,1.55975,1.56015,1.30,1.20
2008.03.20 07:06:47.359,1.55975,1.5601,1.00,0.30
2008.03.20 07:06:47.604,1.55975,1.5601,1.00,0.20
2008.03.20 07:06:47.848,1.55975,1.5601,1.00,0.20
2008.03.20 07:06:48.099,1.55975,1.56015,1.00,1.20
2008.03.20 07:06:48.343,1.55975,1.56015,1.00,1.20
2008.03.20 07:06:48.676,1.55975,1.56015,1.00,1.20
2008.03.20 07:06:49.010,1.55975,1.56015,1.00,1.20
2008.03.20 07:06:49.344,1.55975,1.56015,1.00,1.20
2008.03.20 07:06:49.579,1.55975,1.56015,1.00,1.20
2008.03.20 07:06:49.813,1.55975,1.56015,1.00,1.20
2008.03.20 07:06:50.047,1.55975,1.56015,1.00,1.20
2008.03.20 07:06:50.281,1.55975,1.56015,1.00,1.20
2008.03.20 07:06:50.580,1.55975,1.56015,1.00,1.20
2008.03.20 07:06:50.878,1.55975,1.56015,1.00,1.20
2008.03.20 07:06:51.178,1.55975,1.56015,1.00,1.20
2008.03.20 07:06:51.477,1.55975,1.56015,1.00,1.20
2008.03.20 07:06:51.711,1.55975,1.56015,1.00,1.20
2008.03.20 07:06:51.945,1.55975,1.56015,1.30,1.20
2008.03.20 07:06:52.179,1.55975,1.56015,1.30,1.20
2008.03.20 07:06:52.414,1.55975,1.56015,1.30,1.20
2008.03.20 07:06:52.739,1.55975,1.56015,1.30,1.20
2008.03.20 07:06:53.043,1.55975,1.56015,1.30,1.20
2008.03.20 07:06:53.357,1.55975,1.56015,1.30,1.20
2008.03.20 07:06:53.610,1.55975,1.56015,1.30,1.20
2008.03.20 07:06:53.864,1.55975,1.56015,1.30,1.20
2008.03.20 07:06:54.120,1.55975,1.56015,1.30,0.30
2008.03.20 07:06:54.375,1.55975,1.56015,1.30,0.30
2008.03.20 07:06:54.649,1.55975,1.56015,1.30,0.30
2008.03.20 07:06:54.922,1.55975,1.56015,1.30,0.30
2008.03.20 07:06:55.204,1.55975,1.56015,1.30,0.30
2008.03.20 07:06:55.488,1.55975,1.56015,1.30,0.30
2008.03.20 07:06:55.787,1.55975,1.56015,1.30,0.30
2008.03.20 07:06:56.086,1.55975,1.56015,1.30,0.30
2008.03.20 07:06:56.385,1.55975,1.56015,1.30,0.30
2008.03.20 07:06:56.623,1.55975,1.56015,1.30,0.30
2008.03.20 07:06:56.864,1.55975,1.56015,1.30,0.30
2008.03.20 07:06:57.104,1.55975,1.56015,1.30,0.30
2008.03.20 07:06:57.343,1.55975,1.56015,1.30,0.30
2008.03.20 07:06:57.583,1.55975,1.56015,1.30,0.30
2008.03.20 07:06:57.861,1.55975,1.56015,1.30,0.30
2008.03.20 07:06:58.141,1.55975,1.56015,1.30,0.30
2008.03.20 07:06:58.422,1.55975,1.56015,1.30,0.30
2008.03.20 07:06:58.705,1.55975,1.56015,1.30,0.30
2008.03.20 07:06:58.996,1.55975,1.56015,1.30,0.30
2008.03.20 07:06:59.283,1.55975,1.56015,1.30,0.30
2008.03.20 07:06:59.566,1.55975,1.56015,1.30,0.30
2008.03.20 07:06:59.821,1.55975,1.56015,1.30,0.30
2008.03.20 07:07:00.075,1.55975,1.56015,1.30,0.30
2008.03.20 07:07:00.330,1.55975,1.56015,1.30,0.30
2008.03.20 07:07:00.585,1.55975,1.56015,1.30,0.30
2008.03.20 07:07:00.864,1.55975,1.56015,1.30,0.30
2008.03.20 07:07:01.144,1.55975,1.56015,1.30,0.30
2008.03.20 07:07:01.423,1.55975,1.56015,1.30,0.30
2008.03.20 07:07:01.672,1.55975,1.56015,1.30,0.30
2008.03.20 07:07:01.920,1.55975,1.56015,1.30,0.30
2008.03.20 07:07:02.169,1.55975,1.56015,1.30,0.30
2008.03.20 07:07:02.419,1.55975,1.56015,1.30,0.30
2008.03.20 07:07:02.668,1.55975,1.56015,1.30,0.30
2008.03.20 07:07:02.962,1.55975,1.56015,1.30,0.30
2008.03.20 07:07:03.236,1.55975,1.56015,1.30,0.30
2008.03.20 07:07:03.520,1.55975,1.56015,1.30,0.30
2008.03.20 07:07:03.803,1.55975,1.56015,1.30,0.30
2008.03.20 07:07:04.087,1.55975,1.56015,1.30,0.30
2008.03.20 07:07:04.371,1.55975,1.56015,1.30,0.30
2008.03.20 07:07:04.656,1.55975,1.56015,1.30,0.30
2008.03.20 07:07:04.902,1.55975,1.5601,1.00,0.30
2008.03.20 07:07:05.150,1.5598,1.56005,0.30,0.30
2008.03.20 07:07:05.405,1.5598,1.56005,0.30,0.30
2008.03.20 07:07:05.661,1.5598,1.56005,0.30,0.30
2008.03.20 07:07:05.986,1.55975,1.56005,1.00,0.30
2008.03.20 07:07:06.300,1.55975,1.56005,1.00,0.30
2008.03.20 07:07:06.616,1.55975,1.56005,1.00,0.30
2008.03.20 07:07:06.874,1.55975,1.56005,1.00,0.30
2008.03.20 07:07:07.113,1.55975,1.56005,1.00,0.30
2008.03.20 07:07:07.361,1.55975,1.56005,1.00,0.30
2008.03.20 07:07:07.611,1.55975,1.56005,1.00,0.30
2008.03.20 07:07:07.894,1.55975,1.56005,1.00,0.30
2008.03.20 07:07:08.178,1.55975,1.56005,1.00,0.30
2008.03.20 07:07:08.473,1.55975,1.56005,1.00,0.30
2008.03.20 07:07:08.758,1.55975,1.56005,1.00,0.30
2008.03.20 07:07:09.037,1.55975,1.56005,1.00,0.30
2008.03.20 07:07:09.315,1.55975,1.56005,1.00,0.30
2008.03.20 07:07:09.596,1.55975,1.56005,1.00,0.30
2008.03.20 07:07:09.851,1.55975,1.56005,1.00,0.30
2008.03.20 07:07:10.104,1.55975,1.56005,1.00,0.30
2008.03.20 07:07:10.359,1.55975,1.56005,1.00,0.30
2008.03.20 07:07:10.612,1.55975,1.56005,1.00,0.30
2008.03.20 07:07:10.897,1.55975,1.56005,1.00,0.30
2008.03.20 07:07:11.180,1.55975,1.56005,1.00,0.30
2008.03.20 07:07:11.464,1.55975,1.56005,1.00,0.30
2008.03.20 07:07:11.748,1.55975,1.56005,1.00,0.30
2008.03.20 07:07:12.028,1.55975,1.56005,1.00,0.30
2008.03.20 07:07:12.306,1.55975,1.56005,1.00,0.30
2008.03.20 07:07:12.586,1.55975,1.56005,1.00,0.30
2008.03.20 07:07:12.866,1.55975,1.56005,1.00,0.30
2008.03.20 07:07:13.113,1.55975,1.56005,1.00,0.30
2008.03.20 07:07:13.352,1.55975,1.56005,1.00,0.30
2008.03.20 07:07:13.592,1.55975,1.56005,1.00,0.30
2008.03.20 07:07:13.925,1.55975,1.56005,1.00,0.30
2008.03.20 07:07:14.262,1.55975,1.5601,1.00,0.50
2008.03.20 07:07:14.598,1.55975,1.5601,1.00,0.50
2008.03.20 07:07:14.823,1.5598,1.56005,0.30,0.30
2008.03.20 07:07:15.047,1.5598,1.56005,0.30,0.30
2008.03.20 07:07:15.271,1.5598,1.56005,0.30,0.30
2008.03.20 07:07:15.495,1.55975,1.56005,1.00,0.30
2008.03.20 07:07:15.720,1.55975,1.56005,1.00,0.30
2008.03.20 07:07:16.045,1.55975,1.56005,1.00,0.30
2008.03.20 07:07:16.368,1.55975,1.56005,1.00,0.30
2008.03.20 07:07:16.693,1.55975,1.56005,1.00,0.30
2008.03.20 07:07:16.923,1.55975,1.56005,1.00,0.30
2008.03.20 07:07:17.153,1.55975,1.56005,1.00,0.30
2008.03.20 07:07:17.383,1.55975,1.56005,1.00,0.30
2008.03.20 07:07:17.611,1.55975,1.56005,1.00,0.30
2008.03.20 07:07:17.841,1.55975,1.56005,1.00,0.30
2008.03.20 07:07:18.154,1.55975,1.56005,1.00,0.30
2008.03.20 07:07:18.468,1.55975,1.56005,1.00,0.30
2008.03.20 07:07:18.793,1.55975,1.56005,1.00,0.30
2008.03.20 07:07:19.062,1.55975,1.56005,1.00,0.30
2008.03.20 07:07:19.331,1.55975,1.56005,1.00,0.30
2008.03.20 07:07:19.599,1.55975,1.56005,1.00,0.30
2008.03.20 07:07:19.871,1.55975,1.56005,1.00,0.30
2008.03.20 07:07:20.118,1.55975,1.56005,1.00,0.30
2008.03.20 07:07:20.368,1.55975,1.56005,1.00,0.30
2008.03.20 07:07:20.618,1.55975,1.56005,1.00,0.30
2008.03.20 07:07:20.867,1.55975,1.56005,1.00,0.30
2008.03.20 07:07:21.146,1.55975,1.56005,1.00,0.30
2008.03.20 07:07:21.425,1.55975,1.56005,1.00,0.30
2008.03.20 07:07:21.704,1.55975,1.56005,1.00,0.30
2008.03.20 07:07:21.982,1.55975,1.56005,1.00,0.30
2008.03.20 07:07:22.256,1.55975,1.56005,1.00,0.30
2008.03.20 07:07:22.520,1.55975,1.56005,1.00,0.30
2008.03.20 07:07:22.785,1.55975,1.56005,1.00,0.30
2008.03.20 07:07:23.030,1.55975,1.56005,1.00,0.30
2008.03.20 07:07:23.273,1.55975,1.56005,1.00,0.30
2008.03.20 07:07:23.518,1.55975,1.56005,1.00,0.30
2008.03.20 07:07:23.762,1.55975,1.56005,1.00,0.30
2008.03.20 07:07:24.086,1.55975,1.56005,1.00,0.30
2008.03.20 07:07:24.409,1.55975,1.56005,1.00,0.30
2008.03.20 07:07:24.748,1.55975,1.56005,1.00,0.30
2008.03.20 07:07:25.073,1.55975,1.56005,1.00,0.30
2008.03.20 07:07:25.319,1.55975,1.5601,1.30,0.20
2008.03.20 07:07:25.543,1.55975,1.5601,1.30,0.20
2008.03.20 07:07:25.778,1.55975,1.5601,1.30,0.20
2008.03.20 07:07:26.012,1.55975,1.5601,1.30,0.20
2008.03.20 07:07:26.301,1.55975,1.5601,1.30,0.20
2008.03.20 07:07:26.591,1.55975,1.5601,1.30,0.20
2008.03.20 07:07:26.879,1.55975,1.56005,1.30,0.20
2008.03.20 07:07:27.153,1.55975,1.56005,1.30,0.20
2008.03.20 07:07:27.429,1.55975,1.56005,1.30,0.20
2008.03.20 07:07:27.703,1.55975,1.56005,1.30,0.20
2008.03.20 07:07:27.990,1.55975,1.56005,1.30,0.20
2008.03.20 07:07:28.274,1.55975,1.56005,1.30,0.20
2008.03.20 07:07:28.548,1.55975,1.56005,1.30,0.20
2008.03.20 07:07:28.823,1.55975,1.5601,1.30,0.20
2008.03.20 07:07:29.106,1.55975,1.5601,1.30,0.20
2008.03.20 07:07:29.390,1.55975,1.5601,1.30,0.20
2008.03.20 07:07:29.675,1.55975,1.5601,1.30,0.20
2008.03.20 07:07:29.960,1.5597,1.56005,0.80,0.90
2008.03.20 07:07:30.224,1.55975,1.56005,0.40,0.90
2008.03.20 07:07:30.488,1.55975,1.56005,0.40,0.90
2008.03.20 07:07:30.753,1.55975,1.56005,0.40,0.90
2008.03.20 07:07:31.018,1.55975,1.56005,0.40,0.90
2008.03.20 07:07:31.297,1.55975,1.56005,0.40,0.90
2008.03.20 07:07:31.576,1.55975,1.56005,0.40,0.90
2008.03.20 07:07:31.859,1.55975,1.56005,0.40,0.90
2008.03.20 07:07:32.098,1.55975,1.56005,0.40,0.90
2008.03.20 07:07:32.348,1.55975,1.56005,0.40,0.90
2008.03.20 07:07:32.587,1.55975,1.56005,0.40,0.90
2008.03.20 07:07:32.826,1.55975,1.56005,0.40,0.90
2008.03.20 07:07:33.065,1.55975,1.56005,0.40,0.90
2008.03.20 07:07:33.369,1.55975,1.56005,0.40,0.90
2008.03.20 07:07:33.673,1.55975,1.56005,0.40,0.90
2008.03.20 07:07:33.978,1.55975,1.56005,0.40,0.90
2008.03.20 07:07:34.237,1.55975,1.56005,0.40,0.90
2008.03.20 07:07:34.496,1.55975,1.56005,0.40,0.90
2008.03.20 07:07:34.756,1.55975,1.56005,0.40,0.90
2008.03.20 07:07:35.015,1.55975,1.56005,0.40,0.90
2008.03.20 07:07:35.299,1.55975,1.56005,0.40,0.90
2008.03.20 07:07:35.601,1.55975,1.56005,0.40,0.90
2008.03.20 07:07:35.885,1.55975,1.56005,0.40,0.90
2008.03.20 07:07:36.141,1.5597,1.56005,0.50,0.90
2008.03.20 07:07:36.397,1.55975,1.56005,0.40,0.90
2008.03.20 07:07:36.653,1.55975,1.56005,0.40,0.90
2008.03.20 07:07:36.908,1.55975,1.56005,0.40,0.90
2008.03.20 07:07:37.192,1.55975,1.56005,0.40,0.90
2008.03.20 07:07:37.475,1.55975,1.56005,0.40,0.90
2008.03.20 07:07:37.763,1.55975,1.56005,0.40,0.90
2008.03.20 07:07:38.046,1.55975,1.56005,0.40,0.90
2008.03.20 07:07:38.316,1.55975,1.56005,0.40,0.90
2008.03.20 07:07:38.592,1.55975,1.56005,0.40,0.90
2008.03.20 07:07:38.845,1.55975,1.56005,0.40,0.90
2008.03.20 07:07:39.109,1.55975,1.56005,0.40,0.90
2008.03.20 07:07:39.423,1.55975,1.56005,0.40,0.90
2008.03.20 07:07:39.737,1.55975,1.56005,0.40,0.90
2008.03.20 07:07:40.051,1.55975,1.56005,0.40,0.90
2008.03.20 07:07:40.291,1.55975,1.56005,0.40,0.90
2008.03.20 07:07:40.531,1.55975,1.56005,0.40,0.90
2008.03.20 07:07:40.770,1.55975,1.56005,0.40,0.90
2008.03.20 07:07:41.021,1.55975,1.56005,0.40,0.90
2008.03.20 07:07:41.320,1.55975,1.56005,0.40,0.90
2008.03.20 07:07:41.619,1.55975,1.56005,0.40,0.90
2008.03.20 07:07:41.918,1.55975,1.56005,0.40,0.90
2008.03.20 07:07:42.217,1.55975,1.56005,0.40,0.90
2008.03.20 07:07:42.472,1.5597,1.56005,0.60,0.90
2008.03.20 07:07:42.728,1.5597,1.56005,0.30,1.20
2008.03.20 07:07:42.984,1.5597,1.55995,0.30,0.20
2008.03.20 07:07:43.254,1.5597,1.55995,0.30,0.20
2008.03.20 07:07:43.526,1.5597,1.56,0.30,0.20
2008.03.20 07:07:43.795,1.5597,1.56,0.30,0.20
2008.03.20 07:07:44.064,1.5597,1.56,0.30,0.20
2008.03.20 07:07:44.383,1.5597,1.56,0.30,0.20
2008.03.20 07:07:44.702,1.5597,1.56,0.30,0.20
2008.03.20 07:07:45.021,1.5597,1.56,0.50,0.20
2008.03.20 07:07:45.341,1.55975,1.56005,0.40,0.90
2008.03.20 07:07:45.561,1.55975,1.56005,0.40,0.90
2008.03.20 07:07:45.781,1.55975,1.56005,0.40,0.90
2008.03.20 07:07:46.000,1.55975,1.56005,0.40,0.90
2008.03.20 07:07:46.219,1.55975,1.56005,0.40,0.90
2008.03.20 07:07:46.548,1.55975,1.56005,0.40,0.90
2008.03.20 07:07:46.877,1.55975,1.56005,0.40,0.90
2008.03.20 07:07:47.206,1.55975,1.56005,0.40,0.90
2008.03.20 07:07:47.430,1.55975,1.56005,0.40,0.90
2008.03.20 07:07:47.654,1.55975,1.56005,0.40,0.90
2008.03.20 07:07:47.879,1.55975,1.56005,0.40,0.90
2008.03.20 07:07:48.102,1.55975,1.56005,0.40,0.90
2008.03.20 07:07:48.427,1.55975,1.56005,0.40,0.90
2008.03.20 07:07:48.752,1.55975,1.5601,1.30,0.20
2008.03.20 07:07:49.088,1.55975,1.5601,1.30,0.20
2008.03.20 07:07:49.352,1.55985,1.56015,0.30,0.30
2008.03.20 07:07:49.626,1.55985,1.56015,0.30,0.30
2008.03.20 07:07:49.901,1.55985,1.56015,0.30,1.20
2008.03.20 07:07:50.176,1.55985,1.56015,0.30,1.20
2008.03.20 07:07:50.455,1.55985,1.56015,0.30,1.20
2008.03.20 07:07:50.734,1.5598,1.56015,0.30,1.20
2008.03.20 07:07:51.013,1.5598,1.56015,0.30,1.20
2008.03.20 07:07:51.293,1.5598,1.56015,0.30,1.20
2008.03.20 07:07:51.562,1.5598,1.56015,0.30,1.20
2008.03.20 07:07:51.832,1.5598,1.56015,0.30,1.20
2008.03.20 07:07:52.102,1.5598,1.56015,0.30,1.20
2008.03.20 07:07:52.392,1.5598,1.56015,0.30,1.20
2008.03.20 07:07:52.682,1.5598,1.56015,0.30,1.20
2008.03.20 07:07:52.972,1.5598,1.56015,0.30,1.20
2008.03.20 07:07:53.262,1.5598,1.56015,0.30,1.20
2008.03.20 07:07:53.526,1.5598,1.56015,0.30,1.20
2008.03.20 07:07:53.790,1.5598,1.56015,0.30,1.20
2008.03.20 07:07:54.055,1.5598,1.56015,0.30,1.20
2008.03.20 07:07:54.329,1.5598,1.56015,0.30,1.20
2008.03.20 07:07:54.633,1.5598,1.56015,0.30,1.20
2008.03.20 07:07:54.939,1.5598,1.56015,0.30,1.20
2008.03.20 07:07:55.243,1.5598,1.56015,0.30,1.20
2008.03.20 07:07:55.502,1.5598,1.56015,0.30,1.20
2008.03.20 07:07:55.763,1.5598,1.56015,0.30,1.20
2008.03.20 07:07:56.024,1.5598,1.56015,0.30,1.20
2008.03.20 07:07:56.283,1.5598,1.56015,0.30,1.20
2008.03.20 07:07:56.566,1.5598,1.56015,0.30,1.20
2008.03.20 07:07:56.848,1.5598,1.56015,0.30,1.20
2008.03.20 07:07:57.133,1.5598,1.56015,0.30,1.20
2008.03.20 07:07:57.403,1.5598,1.56015,0.30,1.20
2008.03.20 07:07:57.673,1.5598,1.56015,0.30,1.20
2008.03.20 07:07:57.942,1.5598,1.56015,0.30,0.50
2008.03.20 07:07:58.211,1.5598,1.56015,0.30,0.30
2008.03.20 07:07:58.490,1.5598,1.56015,0.30,0.30
2008.03.20 07:07:58.768,1.5598,1.56015,0.30,0.30
2008.03.20 07:07:59.048,1.5598,1.56015,0.30,0.30
2008.03.20 07:07:59.326,1.5598,1.56015,0.30,0.30
2008.03.20 07:07:59.589,1.5598,1.56015,0.30,0.30
2008.03.20 07:07:59.852,1.5598,1.56015,0.30,0.30
2008.03.20 07:08:00.127,1.5598,1.56015,0.30,0.30
2008.03.20 07:08:00.392,1.5598,1.56015,0.30,0.30
2008.03.20 07:08:00.662,1.5598,1.56015,0.30,0.30
2008.03.20 07:08:00.931,1.5598,1.56015,0.30,0.30
2008.03.20 07:08:01.200,1.5598,1.56015,0.30,0.30
2008.03.20 07:08:01.469,1.5598,1.56015,0.30,0.30
2008.03.20 07:08:01.749,1.5598,1.56015,0.30,0.30
2008.03.20 07:08:02.029,1.5598,1.56015,0.30,0.30
2008.03.20 07:08:02.308,1.5598,1.56015,0.30,0.30
2008.03.20 07:08:02.561,1.5598,1.56015,0.30,0.30
2008.03.20 07:08:02.818,1.5598,1.56015,0.30,0.30
2008.03.20 07:08:03.082,1.5598,1.56015,0.30,0.30
2008.03.20 07:08:03.337,1.5598,1.56015,0.30,0.30
2008.03.20 07:08:03.636,1.5598,1.56015,0.30,0.30
2008.03.20 07:08:03.935,1.5598,1.56015,0.30,0.30
2008.03.20 07:08:04.233,1.5598,1.56015,0.30,0.30
2008.03.20 07:08:04.508,1.5598,1.56015,0.30,0.30
2008.03.20 07:08:04.783,1.5598,1.56015,0.30,0.30
2008.03.20 07:08:05.056,1.5598,1.56015,0.30,0.30
2008.03.20 07:08:05.331,1.5598,1.56015,0.30,0.30
2008.03.20 07:08:05.588,1.5598,1.56015,0.30,0.30
2008.03.20 07:08:05.819,1.5598,1.56015,0.30,0.30
2008.03.20 07:08:06.062,1.5598,1.56015,0.30,0.30
2008.03.20 07:08:06.307,1.5598,1.56015,0.30,0.30
2008.03.20 07:08:06.621,1.5598,1.56015,0.30,1.00
2008.03.20 07:08:06.935,1.5598,1.56015,0.30,1.00
2008.03.20 07:08:07.250,1.55975,1.5601,1.30,0.40
2008.03.20 07:08:07.564,1.55975,1.5601,1.30,0.40
2008.03.20 07:08:07.808,1.55975,1.5601,1.00,0.70
2008.03.20 07:08:08.052,1.5597,1.56,0.30,0.60
2008.03.20 07:08:08.301,1.5597,1.56,0.30,0.70
2008.03.20 07:08:08.620,1.55965,1.56,1.80,0.60
2008.03.20 07:08:08.939,1.55965,1.56,1.80,0.60
2008.03.20 07:08:09.257,1.55965,1.56,1.80,0.60
2008.03.20 07:08:09.577,1.55965,1.56,1.80,0.60
2008.03.20 07:08:09.826,1.55965,1.56,1.80,0.60
2008.03.20 07:08:10.075,1.55965,1.56,1.80,0.60
2008.03.20 07:08:10.324,1.55965,1.56,1.80,0.60
2008.03.20 07:08:10.612,1.55965,1.56,1.80,0.70
2008.03.20 07:08:10.901,1.55965,1.56,2.10,0.60
2008.03.20 07:08:11.191,1.5597,1.56,0.60,0.40
2008.03.20 07:08:11.482,1.5597,1.56,0.60,0.40
2008.03.20 07:08:11.756,1.5597,1.56,0.60,0.40
2008.03.20 07:08:12.030,1.5597,1.56,0.60,0.40
2008.03.20 07:08:12.303,1.5597,1.56,0.60,0.40
2008.03.20 07:08:12.577,1.5597,1.56,0.60,0.40
2008.03.20 07:08:12.825,1.5597,1.56,0.60,0.40
2008.03.20 07:08:13.074,1.5597,1.56,0.60,0.40
2008.03.20 07:08:13.324,1.5597,1.56,0.60,0.40
2008.03.20 07:08:13.573,1.5597,1.56,0.60,0.40
2008.03.20 07:08:13.892,1.5597,1.56,0.60,0.40
2008.03.20 07:08:14.212,1.5597,1.56,0.60,0.40
2008.03.20 07:08:14.540,1.55975,1.56005,0.80,4.00
2008.03.20 07:08:14.780,1.55975,1.56005,1.00,0.20
2008.03.20 07:08:15.020,1.55975,1.56005,1.30,0.20
2008.03.20 07:08:15.259,1.55975,1.56005,1.30,0.20
2008.03.20 07:08:15.497,1.55975,1.56005,0.50,0.90
2008.03.20 07:08:15.788,1.55975,1.56005,0.50,0.20
2008.03.20 07:08:16.077,1.55975,1.5601,1.30,0.20
2008.03.20 07:08:16.367,1.55975,1.5601,1.30,0.20
2008.03.20 07:08:16.640,1.55975,1.5601,1.30,0.20
2008.03.20 07:08:16.914,1.55975,1.5601,1.00,0.20
2008.03.20 07:08:17.189,1.55975,1.5601,1.00,0.60
2008.03.20 07:08:17.463,1.55975,1.5601,1.00,0.60
2008.03.20 07:08:17.737,1.55975,1.56005,0.80,0.20
2008.03.20 07:08:18.011,1.55975,1.56005,0.80,0.20
2008.03.20 07:08:18.285,1.5597,1.56005,0.80,0.90
2008.03.20 07:08:18.559,1.5597,1.56005,0.80,0.90
2008.03.20 07:08:18.883,1.5597,1.56005,0.80,0.90
2008.03.20 07:08:19.198,1.55975,1.5601,1.30,0.60
2008.03.20 07:08:19.511,1.55975,1.5601,1.30,0.60
2008.03.20 07:08:19.749,1.55975,1.5601,1.30,0.60
2008.03.20 07:08:20.003,1.55975,1.5601,1.30,0.60
2008.03.20 07:08:20.252,1.55975,1.5601,1.30,0.60
2008.03.20 07:08:20.491,1.55975,1.5601,1.30,0.60
2008.03.20 07:08:20.814,1.55975,1.5601,1.30,0.60
2008.03.20 07:08:21.139,1.55975,1.5601,1.30,0.60
2008.03.20 07:08:21.463,1.55975,1.5601,1.30,0.60
2008.03.20 07:08:21.698,1.55975,1.5601,1.30,0.60
2008.03.20 07:08:21.933,1.55975,1.5601,1.30,0.60
2008.03.20 07:08:22.168,1.55975,1.5601,1.00,0.60
2008.03.20 07:08:22.402,1.55975,1.5601,1.00,0.60
2008.03.20 07:08:22.636,1.5597,1.56005,0.80,0.90
2008.03.20 07:08:22.970,1.5597,1.56005,0.60,1.20
2008.03.20 07:08:23.319,1.5597,1.56,0.60,0.40
2008.03.20 07:08:23.654,1.5597,1.56,0.60,0.40
2008.03.20 07:08:23.923,1.5597,1.56,0.60,0.40
2008.03.20 07:08:24.193,1.5597,1.56,0.60,0.60
2008.03.20 07:08:24.471,1.5597,1.56,0.60,0.60
2008.03.20 07:08:24.740,1.5597,1.56,0.60,0.60
2008.03.20 07:08:25.023,1.5597,1.56,0.60,0.60
2008.03.20 07:08:25.307,1.5597,1.56,0.60,0.60
2008.03.20 07:08:25.592,1.5597,1.56,0.60,0.60
2008.03.20 07:08:25.865,1.5597,1.56,0.60,0.60
2008.03.20 07:08:26.139,1.5597,1.56,0.60,0.60
2008.03.20 07:08:26.427,1.5597,1.56,0.60,0.60
2008.03.20 07:08:26.701,1.5597,1.56,0.60,0.60
2008.03.20 07:08:28.558,1.5597,1.56,0.60,0.60
2008.03.20 07:08:28.613,1.5597,1.56,0.60,0.60
2008.03.20 07:08:28.654,1.5597,1.56,0.60,0.60
2008.03.20 07:08:28.705,1.5597,1.56,0.60,0.60
2008.03.20 07:08:28.746,1.5597,1.56,0.60,0.60
2008.03.20 07:08:28.774,1.5597,1.56,0.60,0.60
2008.03.20 07:08:30.473,1.5597,1.56,0.60,0.60
2008.03.20 07:08:30.731,1.5597,1.56,0.60,0.40
2008.03.20 07:08:31.893,1.5597,1.56,0.60,0.40
2008.03.20 07:08:31.998,1.55975,1.56,0.30,0.40
2008.03.20 07:08:32.106,1.55975,1.56,0.30,0.40
2008.03.20 07:08:32.222,1.5597,1.56,0.60,0.40
2008.03.20 07:08:32.317,1.5597,1.56,0.60,0.40
2008.03.20 07:08:32.418,1.5597,1.56,0.60,0.40
2008.03.20 07:08:32.533,1.5597,1.56,0.60,0.40
2008.03.20 07:08:32.647,1.5597,1.56,0.60,0.40
2008.03.20 07:08:32.742,1.5597,1.56,0.60,0.40
2008.03.20 07:08:32.846,1.5597,1.56,0.60,0.40
2008.03.20 07:08:32.951,1.5597,1.56,0.60,0.40
2008.03.20 07:08:33.285,1.5597,1.56,0.60,0.40
2008.03.20 07:08:33.631,1.5597,1.56,0.60,0.40
2008.03.20 07:08:33.974,1.5597,1.56,0.60,0.40
2008.03.20 07:08:34.223,1.5597,1.56,0.60,0.40
2008.03.20 07:08:34.473,1.5597,1.56,0.60,0.40
2008.03.20 07:08:34.726,1.5597,1.56,0.60,0.60
2008.03.20 07:08:34.975,1.5597,1.56,0.60,0.60
2008.03.20 07:08:35.273,1.5597,1.56,0.60,0.60
2008.03.20 07:08:35.573,1.5597,1.56,0.60,0.60
2008.03.20 07:08:35.875,1.5597,1.56,0.30,0.60
2008.03.20 07:08:36.177,1.5597,1.56,0.30,0.60
2008.03.20 07:08:36.449,1.5597,1.56,0.30,0.60
2008.03.20 07:08:36.736,1.5597,1.56,0.30,0.60
2008.03.20 07:08:37.021,1.5597,1.56,0.30,0.60
2008.03.20 07:08:37.261,1.5597,1.56,0.30,0.60
2008.03.20 07:08:37.503,1.5597,1.56,0.30,0.60
2008.03.20 07:08:37.741,1.5597,1.56,0.30,0.60
2008.03.20 07:08:37.982,1.5597,1.56,0.30,0.60
2008.03.20 07:08:38.281,1.5597,1.56,0.30,0.60
2008.03.20 07:08:38.579,1.5597,1.56,0.30,0.60
2008.03.20 07:08:38.880,1.5597,1.56,0.60,0.60
2008.03.20 07:08:39.177,1.5597,1.56,0.60,0.60
2008.03.20 07:08:39.465,1.5597,1.56,0.60,0.60
2008.03.20 07:08:39.754,1.5597,1.56,0.60,0.60
2008.03.20 07:08:40.044,1.5597,1.56,0.60,0.60
2008.03.20 07:08:40.294,1.5597,1.56,0.60,0.60
2008.03.20 07:08:40.543,1.5597,1.56,0.60,0.60
2008.03.20 07:08:40.793,1.5597,1.56,0.60,0.60
2008.03.20 07:08:41.041,1.5597,1.56,0.60,0.60
2008.03.20 07:08:41.334,1.5597,1.56,0.60,0.60
2008.03.20 07:08:41.628,1.5597,1.56,0.60,0.60
2008.03.20 07:08:41.921,1.5597,1.56,0.60,0.60
2008.03.20 07:08:42.215,1.5597,1.56,0.60,0.60
2008.03.20 07:08:42.484,1.5597,1.56,0.60,0.60
2008.03.20 07:08:42.753,1.5597,1.56,0.60,0.60
2008.03.20 07:08:43.023,1.5597,1.56,0.60,0.60
2008.03.20 07:08:43.292,1.5597,1.56,0.30,0.60
2008.03.20 07:08:43.583,1.5597,1.56,0.30,0.60
2008.03.20 07:08:43.871,1.5597,1.56,0.30,0.60
2008.03.20 07:08:44.160,1.5597,1.56,0.60,0.60
2008.03.20 07:08:44.444,1.5597,1.56,0.60,0.60
2008.03.20 07:08:44.728,1.5597,1.56,0.60,0.60
2008.03.20 07:08:45.012,1.5597,1.56,0.60,0.60
2008.03.20 07:08:45.295,1.5597,1.56,0.60,0.60
2008.03.20 07:08:45.584,1.5597,1.56,0.60,0.60
2008.03.20 07:08:45.878,1.5597,1.56,0.60,0.60
2008.03.20 07:08:46.186,1.5597,1.56,0.60,0.60
2008.03.20 07:08:46.401,1.5597,1.56,0.60,0.60
2008.03.20 07:08:46.634,1.5597,1.56,0.60,0.60
2008.03.20 07:08:46.867,1.5597,1.56,0.60,0.60
2008.03.20 07:08:47.101,1.5597,1.56,0.60,0.60
2008.03.20 07:08:47.334,1.5597,1.56,0.60,0.60
2008.03.20 07:08:47.634,1.5597,1.56,0.60,0.60
2008.03.20 07:08:47.933,1.5597,1.56,0.60,0.40
2008.03.20 07:08:48.231,1.5597,1.56,0.60,0.40
2008.03.20 07:08:48.494,1.5597,1.56,0.60,0.40
2008.03.20 07:08:48.757,1.5597,1.56,0.60,0.40
2008.03.20 07:08:49.022,1.5597,1.56,0.60,0.40
2008.03.20 07:08:49.286,1.5597,1.56,0.60,0.40
2008.03.20 07:08:49.584,1.5597,1.56,0.60,0.40
2008.03.20 07:08:49.884,1.5597,1.56,0.60,0.40
2008.03.20 07:08:50.185,1.5597,1.56,0.60,0.40
2008.03.20 07:08:50.448,1.5597,1.56,0.60,0.40
2008.03.20 07:08:50.711,1.5597,1.56,0.60,0.40
2008.03.20 07:08:50.975,1.5597,1.56,0.60,0.40
2008.03.20 07:08:51.238,1.5597,1.56,0.60,0.40
2008.03.20 07:08:51.493,1.5597,1.56,0.60,0.40
2008.03.20 07:08:51.748,1.5597,1.56,0.60,0.40
2008.03.20 07:08:52.001,1.5597,1.56,0.60,0.40
2008.03.20 07:08:52.256,1.5597,1.56,0.60,0.40
2008.03.20 07:08:52.525,1.5597,1.56,0.60,0.40
2008.03.20 07:08:52.802,1.5597,1.56,0.60,0.40
2008.03.20 07:08:53.062,1.5597,1.56,0.60,0.40
2008.03.20 07:08:53.330,1.5597,1.56,0.60,0.40
2008.03.20 07:08:53.589,1.5597,1.56,0.60,0.40
2008.03.20 07:08:53.850,1.5597,1.56,0.60,0.40
2008.03.20 07:08:54.108,1.5597,1.56,0.60,0.40
2008.03.20 07:08:54.368,1.5597,1.56,0.60,0.40
2008.03.20 07:08:54.672,1.5597,1.56,0.60,0.40
2008.03.20 07:08:54.977,1.5597,1.56,0.60,0.40
2008.03.20 07:08:55.280,1.5597,1.56,0.60,0.40
2008.03.20 07:08:55.515,1.5597,1.56,0.60,0.40
2008.03.20 07:08:55.748,1.5597,1.56,0.60,0.40
2008.03.20 07:08:55.982,1.5597,1.56,0.60,0.40
2008.03.20 07:08:56.216,1.5597,1.56,0.60,0.40
2008.03.20 07:08:56.450,1.5597,1.56,0.60,0.40
2008.03.20 07:08:56.746,1.5597,1.56,0.60,0.40
2008.03.20 07:08:57.035,1.5597,1.56,0.60,0.40
2008.03.20 07:08:57.324,1.5597,1.56,0.60,0.40
2008.03.20 07:08:57.562,1.5597,1.56,0.60,0.40
2008.03.20 07:08:57.801,1.5597,1.56,0.60,0.40
2008.03.20 07:08:58.041,1.5597,1.56,0.60,0.40
2008.03.20 07:08:58.280,1.5597,1.56,0.60,0.40
2008.03.20 07:08:58.614,1.5597,1.56,0.60,0.40
2008.03.20 07:08:58.948,1.5597,1.56,0.60,0.40
2008.03.20 07:08:59.283,1.5597,1.56,0.60,0.40
2008.03.20 07:08:59.508,1.5597,1.56,0.60,0.40
2008.03.20 07:08:59.733,1.5597,1.56,0.60,0.40
2008.03.20 07:08:59.967,1.5597,1.56,0.60,0.40
2008.03.20 07:09:00.190,1.5597,1.56,0.60,0.40
2008.03.20 07:09:00.414,1.5597,1.56,0.60,0.40
2008.03.20 07:09:00.725,1.5597,1.56,0.60,0.40
2008.03.20 07:09:01.037,1.5597,1.56,0.60,0.40
2008.03.20 07:09:01.344,1.5597,1.56,0.60,0.40
2008.03.20 07:09:01.605,1.5597,1.56,0.60,0.40
2008.03.20 07:09:01.854,1.5597,1.56,0.60,0.40
2008.03.20 07:09:02.103,1.5597,1.56,0.60,0.40
2008.03.20 07:09:02.351,1.5597,1.56,0.60,0.40
2008.03.20 07:09:02.634,1.5597,1.56,0.60,0.40
2008.03.20 07:09:02.919,1.5597,1.56,0.60,0.40
2008.03.20 07:09:03.204,1.5597,1.56,0.60,0.40
2008.03.20 07:09:03.487,1.5597,1.56,0.60,0.40
2008.03.20 07:09:03.781,1.5597,1.56,0.60,0.40
2008.03.20 07:09:04.076,1.5597,1.56,0.60,0.60
2008.03.20 07:09:04.370,1.5597,1.56,0.60,0.60
2008.03.20 07:09:04.625,1.5597,1.56,0.60,0.60
2008.03.20 07:09:04.880,1.5597,1.56,0.60,0.40
2008.03.20 07:09:05.132,1.5597,1.56,0.60,0.40
2008.03.20 07:09:05.388,1.5597,1.56,0.60,0.40
2008.03.20 07:09:05.690,1.5597,1.56,0.60,0.40
2008.03.20 07:09:05.994,1.5597,1.56,0.60,0.40
2008.03.20 07:09:06.298,1.5597,1.56,0.60,0.40
2008.03.20 07:09:06.603,1.5597,1.56,0.60,0.40
2008.03.20 07:09:06.857,1.5597,1.56,0.60,0.40
2008.03.20 07:09:07.110,1.5597,1.56,0.60,0.40
2008.03.20 07:09:07.364,1.5597,1.56,0.60,0.40
2008.03.20 07:09:07.634,1.5597,1.56,0.60,0.40
2008.03.20 07:09:07.903,1.5597,1.56,0.60,0.40
2008.03.20 07:09:08.172,1.5597,1.56,0.60,0.40
2008.03.20 07:09:08.442,1.5597,1.56,0.60,0.40
2008.03.20 07:09:08.745,1.5597,1.56,0.60,0.40
2008.03.20 07:09:09.059,1.5597,1.56,0.60,0.40
2008.03.20 07:09:09.352,1.5597,1.56,0.60,0.40
2008.03.20 07:09:09.656,1.5597,1.56,0.60,0.40
2008.03.20 07:09:09.894,1.5597,1.56,0.60,0.40
2008.03.20 07:09:10.132,1.5597,1.56,0.60,0.40
2008.03.20 07:09:10.370,1.5597,1.56,0.60,0.40
2008.03.20 07:09:10.609,1.5597,1.56,0.60,0.40
2008.03.20 07:09:10.887,1.5597,1.56,0.60,0.40
2008.03.20 07:09:11.166,1.5597,1.55985,0.30,2.40
2008.03.20 07:09:11.447,1.55965,1.55985,0.40,2.40
2008.03.20 07:09:11.728,1.5597,1.55995,0.60,0.80
2008.03.20 07:09:11.988,1.55965,1.55995,0.80,0.90
2008.03.20 07:09:12.247,1.55965,1.56,1.80,0.70
2008.03.20 07:09:12.507,1.55965,1.56,1.80,0.60
2008.03.20 07:09:12.781,1.5597,1.56,0.30,0.60
2008.03.20 07:09:13.056,1.5597,1.56,0.30,0.60
2008.03.20 07:09:13.330,1.5597,1.55995,0.30,0.30
2008.03.20 07:09:13.604,1.5597,1.55995,0.30,0.30
2008.03.20 07:09:13.934,1.55965,1.55995,1.00,0.30
2008.03.20 07:09:14.263,1.55965,1.55995,1.00,0.30
2008.03.20 07:09:14.592,1.55965,1.55995,1.00,0.30
2008.03.20 07:09:14.838,1.55965,1.55995,1.00,0.30
2008.03.20 07:09:15.074,1.55965,1.55995,1.00,0.30
2008.03.20 07:09:15.295,1.55965,1.55995,1.00,0.30
2008.03.20 07:09:15.528,1.55965,1.55995,1.00,0.30
2008.03.20 07:09:15.762,1.55965,1.55995,1.00,0.30
2008.03.20 07:09:16.075,1.55965,1.55995,1.00,0.30
2008.03.20 07:09:16.390,1.5597,1.55995,0.30,0.30
2008.03.20 07:09:16.704,1.5597,1.55995,0.30,0.30
2008.03.20 07:09:16.953,1.5597,1.55995,0.30,0.30
2008.03.20 07:09:17.201,1.5597,1.55995,0.30,0.30
2008.03.20 07:09:17.453,1.5597,1.55995,0.30,0.30
2008.03.20 07:09:17.701,1.5597,1.55995,0.30,0.30
2008.03.20 07:09:18.000,1.5597,1.55995,0.30,0.30
2008.03.20 07:09:18.299,1.5597,1.55995,0.30,0.30
2008.03.20 07:09:18.597,1.5597,1.55995,0.30,0.30
2008.03.20 07:09:18.918,1.5597,1.55995,0.30,0.30
2008.03.20 07:09:19.238,1.5597,1.55995,0.30,0.30
2008.03.20 07:09:19.556,1.5597,1.55995,0.30,0.30
2008.03.20 07:09:19.875,1.5597,1.55995,0.30,0.30
2008.03.20 07:09:20.125,1.5597,1.55995,0.30,0.30
2008.03.20 07:09:20.373,1.5597,1.55995,0.30,0.30
2008.03.20 07:09:20.622,1.5597,1.55995,0.30,0.30
2008.03.20 07:09:20.911,1.5597,1.55995,0.30,0.30
2008.03.20 07:09:21.200,1.5597,1.55995,0.30,0.30
2008.03.20 07:09:21.489,1.5597,1.55995,0.30,0.30
2008.03.20 07:09:21.779,1.5597,1.55995,0.30,0.30
2008.03.20 07:09:22.018,1.5597,1.55995,0.30,0.30
2008.03.20 07:09:22.257,1.5597,1.55995,0.30,0.30
2008.03.20 07:09:22.495,1.5597,1.55995,0.30,0.30
2008.03.20 07:09:22.734,1.5597,1.55995,0.30,0.30
2008.03.20 07:09:23.032,1.5597,1.55995,0.30,0.30
2008.03.20 07:09:23.331,1.5597,1.55995,0.30,0.30
2008.03.20 07:09:23.630,1.5597,1.55995,0.30,0.30
2008.03.20 07:09:23.928,1.5597,1.55995,0.30,0.30
2008.03.20 07:09:24.208,1.5597,1.55995,0.30,0.30
2008.03.20 07:09:24.488,1.5597,1.55995,0.30,0.30
2008.03.20 07:09:24.767,1.5597,1.55995,0.30,0.30
2008.03.20 07:09:25.031,1.5597,1.56,0.30,0.60
2008.03.20 07:09:25.296,1.5597,1.56,0.30,0.60
2008.03.20 07:09:25.560,1.5597,1.56,0.30,0.60
2008.03.20 07:09:25.824,1.5597,1.56,0.30,0.60
2008.03.20 07:09:26.104,1.5597,1.56,0.30,0.60
2008.03.20 07:09:26.382,1.5597,1.56,0.30,0.60
2008.03.20 07:09:26.661,1.5597,1.56,0.30,0.60
2008.03.20 07:09:26.950,1.5597,1.56,0.30,0.60
2008.03.20 07:09:27.199,1.5597,1.56,0.30,0.60
2008.03.20 07:09:27.459,1.5597,1.56,0.30,0.60
2008.03.20 07:09:27.717,1.5597,1.56,0.30,0.60
2008.03.20 07:09:27.996,1.5597,1.56,0.30,0.60
2008.03.20 07:09:28.275,1.5597,1.56,0.30,0.60
2008.03.20 07:09:28.553,1.5597,1.56,0.30,0.60
2008.03.20 07:09:28.832,1.5597,1.56,0.30,0.60
2008.03.20 07:09:29.136,1.5597,1.56,0.30,0.60
2008.03.20 07:09:29.422,1.5597,1.56,0.30,0.60
2008.03.20 07:09:29.715,1.5597,1.56,0.30,0.60
2008.03.20 07:09:30.010,1.5597,1.56,0.30,0.60
2008.03.20 07:09:30.245,1.5597,1.56,0.30,0.60
2008.03.20 07:09:30.479,1.5597,1.56,0.30,0.60
2008.03.20 07:09:30.712,1.5597,1.56,0.30,0.60
2008.03.20 07:09:30.947,1.5597,1.56,0.30,0.60
2008.03.20 07:09:31.280,1.5597,1.56,0.30,0.60
2008.03.20 07:09:31.614,1.5597,1.56,0.30,0.60
2008.03.20 07:09:31.949,1.5597,1.56,0.30,0.60
2008.03.20 07:09:32.181,1.5597,1.56,0.30,0.60
2008.03.20 07:09:32.415,1.5597,1.56,0.30,0.60
2008.03.20 07:09:32.650,1.5597,1.56,0.30,0.60
2008.03.20 07:09:32.885,1.5597,1.56,0.30,0.60
2008.03.20 07:09:33.159,1.5597,1.56,0.30,0.60
2008.03.20 07:09:33.433,1.5597,1.56,0.30,0.60
2008.03.20 07:09:33.718,1.5597,1.56,0.30,0.60
2008.03.20 07:09:33.991,1.5597,1.56,0.30,0.60
2008.03.20 07:09:34.296,1.5597,1.56,0.30,0.60
2008.03.20 07:09:34.599,1.5597,1.56,0.30,0.60
2008.03.20 07:09:34.904,1.5597,1.56,0.30,0.60
2008.03.20 07:09:35.154,1.5597,1.56,0.30,0.60
2008.03.20 07:09:35.403,1.5597,1.56,0.30,0.60
2008.03.20 07:09:35.652,1.5597,1.56,0.30,0.60
2008.03.20 07:09:35.902,1.5597,1.56,0.30,0.60
2008.03.20 07:09:36.151,1.5597,1.56,0.30,0.60
2008.03.20 07:09:36.436,1.5597,1.56,0.30,0.60
2008.03.20 07:09:36.720,1.5597,1.56,0.30,0.60
2008.03.20 07:09:37.004,1.5597,1.56,0.30,0.60
2008.03.20 07:09:37.269,1.5597,1.56,0.30,0.60
2008.03.20 07:09:37.523,1.5597,1.56,0.30,0.60
2008.03.20 07:09:37.777,1.5597,1.56,0.30,0.60
2008.03.20 07:09:38.032,1.5597,1.56,0.30,0.60
2008.03.20 07:09:38.312,1.5597,1.56,0.30,0.60
2008.03.20 07:09:38.591,1.5597,1.56,0.30,0.60
2008.03.20 07:09:38.871,1.5597,1.56,0.30,0.60
2008.03.20 07:09:39.149,1.5597,1.56,0.30,0.60
2008.03.20 07:09:39.453,1.5597,1.56,0.30,0.60
2008.03.20 07:09:39.757,1.5597,1.56,0.30,0.60
2008.03.20 07:09:40.061,1.5597,1.56,0.30,0.60
2008.03.20 07:09:40.275,1.5597,1.56,0.30,0.60
2008.03.20 07:09:40.490,1.5597,1.56,0.30,0.60
2008.03.20 07:09:40.716,1.5597,1.56,0.30,0.60
2008.03.20 07:09:40.940,1.5597,1.56,0.30,0.60
2008.03.20 07:09:41.144,1.5597,1.56,0.30,0.60
2008.03.20 07:09:41.477,1.5597,1.56,0.30,0.60
2008.03.20 07:09:41.811,1.5597,1.56,0.30,0.60
2008.03.20 07:09:42.146,1.5597,1.56,0.30,0.60
2008.03.20 07:09:42.370,1.5597,1.56,0.30,0.60
2008.03.20 07:09:42.594,1.5597,1.56,0.30,0.60
2008.03.20 07:09:42.818,1.5597,1.56,0.30,0.60
2008.03.20 07:09:43.042,1.5597,1.56,0.30,0.60
2008.03.20 07:09:43.266,1.5597,1.56,0.30,0.60
2008.03.20 07:09:43.595,1.5597,1.56,0.30,0.60
2008.03.20 07:09:43.923,1.5597,1.56,0.30,0.60
2008.03.20 07:09:44.253,1.5597,1.56,0.30,0.60
2008.03.20 07:09:44.513,1.5597,1.56,0.30,0.60
2008.03.20 07:09:44.782,1.5597,1.56,0.30,0.60
2008.03.20 07:09:45.042,1.5597,1.56,0.30,0.60
2008.03.20 07:09:45.301,1.5597,1.56,0.30,0.60
2008.03.20 07:09:45.579,1.5597,1.56,0.30,0.60
2008.03.20 07:09:45.861,1.5597,1.56,0.30,0.60
2008.03.20 07:09:46.139,1.5597,1.56,0.30,0.60
2008.03.20 07:09:46.402,1.5597,1.56,0.30,0.60
2008.03.20 07:09:46.669,1.5597,1.56,0.30,0.60
2008.03.20 07:09:46.940,1.5597,1.56,0.30,0.60
2008.03.20 07:09:47.186,1.5597,1.56,0.30,0.60
2008.03.20 07:09:47.470,1.5597,1.56,0.30,0.60
2008.03.20 07:09:47.754,1.5597,1.56,0.30,0.60
2008.03.20 07:09:48.037,1.5597,1.56,0.30,0.60
2008.03.20 07:09:48.321,1.5597,1.56,0.30,0.60
2008.03.20 07:09:48.576,1.5597,1.56,0.30,0.60
2008.03.20 07:09:48.820,1.5597,1.56,0.30,0.60
2008.03.20 07:09:49.065,1.5597,1.56,0.30,0.60
2008.03.20 07:09:49.307,1.5597,1.56,0.30,0.60
2008.03.20 07:09:49.641,1.5597,1.56,0.30,0.60
2008.03.20 07:09:49.975,1.5597,1.56,0.30,0.60
2008.03.20 07:09:50.308,1.5597,1.56,0.30,0.60
2008.03.20 07:09:50.532,1.5597,1.56,0.30,0.60
2008.03.20 07:09:50.756,1.5597,1.56,0.30,0.60
2008.03.20 07:09:50.980,1.5597,1.56,0.30,0.60
2008.03.20 07:09:51.203,1.5597,1.56,0.30,0.60
2008.03.20 07:09:51.497,1.5597,1.56,0.30,0.60
2008.03.20 07:09:51.790,1.5597,1.56,0.30,0.60
2008.03.20 07:09:52.083,1.5597,1.56,0.30,0.60
2008.03.20 07:09:52.382,1.5597,1.56,0.30,0.60
2008.03.20 07:09:52.652,1.5597,1.56,0.30,0.60
2008.03.20 07:09:52.900,1.5597,1.56,0.30,0.60
2008.03.20 07:09:53.160,1.5597,1.56,0.30,0.60
2008.03.20 07:09:53.419,1.5597,1.56,0.30,0.60
2008.03.20 07:09:53.683,1.5597,1.56,0.30,0.60
2008.03.20 07:09:53.948,1.5597,1.56,0.30,0.60
2008.03.20 07:09:54.212,1.5597,1.56,0.30,0.60
2008.03.20 07:09:54.521,1.5597,1.56,0.30,0.60
2008.03.20 07:09:54.830,1.5597,1.56,0.30,0.60
2008.03.20 07:09:55.139,1.5597,1.56,0.30,0.60
2008.03.20 07:09:55.446,1.5597,1.56,0.30,0.60
2008.03.20 07:09:55.680,1.5597,1.56,0.30,0.60
2008.03.20 07:09:55.914,1.5597,1.56,0.30,0.60
2008.03.20 07:09:56.147,1.5597,1.56,0.30,0.60
2008.03.20 07:09:56.382,1.5597,1.56,0.30,0.60
2008.03.20 07:09:56.701,1.5597,1.56,0.30,0.60
2008.03.20 07:09:57.009,1.5597,1.56,0.30,0.60
2008.03.20 07:09:57.318,1.5597,1.56,0.30,0.60
2008.03.20 07:09:57.547,1.5597,1.56,0.30,0.60
2008.03.20 07:09:57.777,1.5597,1.56,0.30,0.60
2008.03.20 07:09:58.007,1.5597,1.56,0.30,0.60
2008.03.20 07:09:58.236,1.5597,1.56,0.30,0.60
2008.03.20 07:09:58.544,1.5597,1.56,0.30,0.60
2008.03.20 07:09:58.853,1.5597,1.56,0.30,0.60
2008.03.20 07:09:59.162,1.5597,1.56,0.30,0.60
2008.03.20 07:09:59.471,1.5597,1.56,0.30,0.60
2008.03.20 07:09:59.746,1.5597,1.56,0.30,0.60
2008.03.20 07:10:00.021,1.5597,1.56,0.30,0.60
2008.03.20 07:10:00.295,1.5597,1.56,0.30,0.60
2008.03.20 07:10:00.568,1.5597,1.56,0.30,0.60
2008.03.20 07:10:00.833,1.5597,1.56,0.30,0.60
2008.03.20 07:10:01.098,1.5597,1.56,0.30,0.60
2008.03.20 07:10:01.362,1.5597,1.56,0.30,0.60
2008.03.20 07:10:01.628,1.5597,1.56,0.30,0.60
2008.03.20 07:10:01.892,1.5597,1.56,0.30,0.60
2008.03.20 07:10:02.155,1.5597,1.56,0.30,0.40
2008.03.20 07:10:02.420,1.5597,1.56,0.60,0.40
2008.03.20 07:10:02.693,1.5597,1.56,0.60,0.40
2008.03.20 07:10:02.967,1.5597,1.56,0.60,0.40
2008.03.20 07:10:03.241,1.5597,1.56,0.60,0.40
2008.03.20 07:10:03.516,1.5597,1.56,0.60,0.40
2008.03.20 07:10:03.824,1.5597,1.56,0.60,0.40
2008.03.20 07:10:04.135,1.5597,1.56,0.60,0.40
2008.03.20 07:10:04.444,1.5597,1.56,0.60,0.40
2008.03.20 07:10:04.753,1.5597,1.56,0.60,0.40
2008.03.20 07:10:04.991,1.5597,1.56,0.60,0.40
2008.03.20 07:10:05.242,1.5597,1.56,0.60,0.40
2008.03.20 07:10:05.480,1.5597,1.56,0.60,0.40
2008.03.20 07:10:05.779,1.55975,1.56,0.30,0.40
2008.03.20 07:10:06.078,1.55975,1.56,0.30,0.40
2008.03.20 07:10:06.378,1.55975,1.56,0.30,0.40
2008.03.20 07:10:06.674,1.55975,1.56,0.30,0.40
2008.03.20 07:10:06.919,1.55975,1.56,0.30,0.40
2008.03.20 07:10:07.162,1.55975,1.56,0.30,0.40
2008.03.20 07:10:07.417,1.55975,1.56,0.30,0.40
2008.03.20 07:10:07.661,1.55975,1.56,0.30,0.40
2008.03.20 07:10:07.970,1.55975,1.56,0.30,0.40
2008.03.20 07:10:08.279,1.55975,1.56,0.30,0.40
2008.03.20 07:10:08.588,1.55975,1.56,0.30,0.40
2008.03.20 07:10:08.857,1.55975,1.56,0.30,0.40
2008.03.20 07:10:09.126,1.55975,1.55995,0.30,0.30
2008.03.20 07:10:09.397,1.55975,1.55995,0.30,0.30
2008.03.20 07:10:09.670,1.5597,1.55995,0.30,0.30
2008.03.20 07:10:09.959,1.5597,1.55995,0.30,0.30
2008.03.20 07:10:10.248,1.5597,1.55995,0.30,0.30
2008.03.20 07:10:10.538,1.5597,1.55995,0.30,0.30
2008.03.20 07:10:10.786,1.5597,1.55995,0.30,0.30
2008.03.20 07:10:11.034,1.5597,1.55995,0.30,0.30
2008.03.20 07:10:11.284,1.5597,1.55995,0.30,0.30
2008.03.20 07:10:11.533,1.5597,1.55995,0.30,0.30
2008.03.20 07:10:11.801,1.5597,1.55995,0.30,0.30
2008.03.20 07:10:12.071,1.5597,1.55995,0.30,0.30
2008.03.20 07:10:12.349,1.5597,1.55995,0.30,0.30
2008.03.20 07:10:12.607,1.5597,1.55995,0.30,0.30
2008.03.20 07:10:12.880,1.5597,1.55995,0.30,0.30
2008.03.20 07:10:13.154,1.5597,1.55995,0.30,0.30
2008.03.20 07:10:13.430,1.5597,1.55995,0.30,0.30
2008.03.20 07:10:13.703,1.5597,1.55995,0.30,0.30
2008.03.20 07:10:14.007,1.5597,1.55995,0.30,0.30
2008.03.20 07:10:14.311,1.5597,1.55995,0.30,0.30
2008.03.20 07:10:14.616,1.5597,1.55995,0.30,0.30
2008.03.20 07:10:14.858,1.5597,1.55995,0.30,0.30
2008.03.20 07:10:15.091,1.5597,1.55995,0.30,0.30
2008.03.20 07:10:15.327,1.5597,1.55995,0.30,0.30
2008.03.20 07:10:15.564,1.5597,1.56,0.60,0.40
2008.03.20 07:10:15.868,1.5597,1.56,0.60,0.40
2008.03.20 07:10:16.172,1.5597,1.56,0.60,0.40
2008.03.20 07:10:16.478,1.5597,1.56,0.60,0.40
2008.03.20 07:10:16.782,1.5597,1.56,0.60,0.40
2008.03.20 07:10:17.046,1.5597,1.56,0.60,0.40
2008.03.20 07:10:17.309,1.5597,1.56,0.60,0.40
2008.03.20 07:10:17.573,1.5597,1.56,0.60,0.40
2008.03.20 07:10:17.822,1.5597,1.56,0.60,0.40
2008.03.20 07:10:18.071,1.5597,1.56,0.60,0.40
2008.03.20 07:10:18.320,1.5597,1.56,0.30,0.40
2008.03.20 07:10:18.570,1.5597,1.56,0.60,0.40
2008.03.20 07:10:18.900,1.5597,1.56,0.30,0.60
2008.03.20 07:10:19.228,1.5597,1.56,0.60,0.40
2008.03.20 07:10:19.557,1.55975,1.56,0.80,0.40
2008.03.20 07:10:19.887,1.5597,1.56,0.60,0.40
2008.03.20 07:10:20.136,1.5597,1.56,0.60,0.40
2008.03.20 07:10:20.385,1.5597,1.56,0.60,0.40
2008.03.20 07:10:20.634,1.5597,1.56,0.60,0.40
2008.03.20 07:10:20.932,1.5597,1.56,0.60,0.40
2008.03.20 07:10:21.230,1.5597,1.56,0.60,0.40
2008.03.20 07:10:21.529,1.5597,1.56,0.60,0.40
2008.03.20 07:10:21.828,1.5597,1.56,0.60,0.40
2008.03.20 07:10:22.078,1.5597,1.56,0.60,0.40
2008.03.20 07:10:22.326,1.5597,1.56,0.60,0.40
2008.03.20 07:10:22.574,1.5597,1.56,0.60,0.40
2008.03.20 07:10:22.825,1.5597,1.56,0.60,0.40
2008.03.20 07:10:23.143,1.5597,1.56,0.60,0.40
2008.03.20 07:10:23.462,1.5597,1.56,0.60,0.40
2008.03.20 07:10:23.782,1.5597,1.56,0.60,0.40
2008.03.20 07:10:24.065,1.5597,1.56,0.60,0.40
2008.03.20 07:10:24.348,1.5597,1.56,0.60,0.40
2008.03.20 07:10:24.633,1.55975,1.56,0.80,0.40
2008.03.20 07:10:24.917,1.55975,1.56,1.00,0.40
2008.03.20 07:10:25.167,1.55975,1.56,0.80,0.40
2008.03.20 07:10:25.416,1.55975,1.56,0.80,0.40
2008.03.20 07:10:25.664,1.5597,1.56,0.60,0.40
2008.03.20 07:10:25.924,1.55975,1.56,0.30,0.40
2008.03.20 07:10:26.214,1.55975,1.56,1.00,0.40
2008.03.20 07:10:26.504,1.55975,1.56,1.00,0.40
2008.03.20 07:10:26.794,1.55975,1.56,1.00,0.40
2008.03.20 07:10:27.057,1.55975,1.56,1.00,0.40
2008.03.20 07:10:27.320,1.55975,1.56,1.00,0.40
2008.03.20 07:10:27.584,1.55975,1.56,1.00,0.40
2008.03.20 07:10:27.849,1.55975,1.56,1.00,0.40
2008.03.20 07:10:28.143,1.55975,1.56,1.00,0.40
2008.03.20 07:10:28.438,1.55975,1.56,1.00,0.40
2008.03.20 07:10:28.733,1.55975,1.56,1.00,0.40
2008.03.20 07:10:29.006,1.55975,1.56,1.00,0.40
2008.03.20 07:10:29.281,1.55975,1.56,1.00,0.40
2008.03.20 07:10:29.556,1.55975,1.56,1.00,0.40
2008.03.20 07:10:29.830,1.55975,1.56,1.00,0.40
2008.03.20 07:10:30.103,1.55975,1.56,1.00,0.40
2008.03.20 07:10:30.357,1.55975,1.56,1.00,0.40
2008.03.20 07:10:30.621,1.55975,1.56,1.00,0.40
2008.03.20 07:10:30.885,1.55975,1.56,1.00,0.40
2008.03.20 07:10:31.140,1.55975,1.56,1.00,0.40
2008.03.20 07:10:31.394,1.55975,1.56,1.00,0.40
2008.03.20 07:10:31.658,1.55975,1.56,1.00,0.40
2008.03.20 07:10:31.914,1.55975,1.56,1.00,0.40
2008.03.20 07:10:32.184,1.55975,1.56,1.00,0.40
2008.03.20 07:10:32.453,1.55975,1.56,1.00,0.40
2008.03.20 07:10:32.725,1.55975,1.56,1.00,0.40
2008.03.20 07:10:32.994,1.55975,1.56,1.00,0.40
2008.03.20 07:10:33.282,1.55975,1.56,1.00,0.40
2008.03.20 07:10:33.572,1.55975,1.56,1.00,0.40
2008.03.20 07:10:33.861,1.55975,1.56,1.00,0.40
2008.03.20 07:10:34.140,1.55975,1.56,1.00,0.40
2008.03.20 07:10:34.418,1.55975,1.56,1.00,0.40
2008.03.20 07:10:34.697,1.55975,1.56,1.00,0.40
2008.03.20 07:10:34.976,1.55975,1.56,1.00,0.40
2008.03.20 07:10:35.255,1.55975,1.56,1.00,0.40
2008.03.20 07:10:35.534,1.55975,1.56,1.00,0.40
2008.03.20 07:10:35.813,1.55975,1.56,1.00,0.40
2008.03.20 07:10:36.081,1.55975,1.56,1.00,0.40
2008.03.20 07:10:36.359,1.55975,1.56,1.00,0.40
2008.03.20 07:10:36.628,1.55975,1.56,1.00,0.40
2008.03.20 07:10:36.897,1.55975,1.56,1.00,0.40
2008.03.20 07:10:37.146,1.55975,1.56,1.00,0.40
2008.03.20 07:10:37.396,1.55975,1.56,1.00,0.40
2008.03.20 07:10:37.645,1.55975,1.56,1.00,0.40
2008.03.20 07:10:37.894,1.55975,1.56,1.00,0.40
2008.03.20 07:10:38.209,1.55985,1.56005,8.00,0.30
2008.03.20 07:10:38.525,1.5597,1.56005,0.60,1.00
2008.03.20 07:10:38.840,1.55975,1.56,1.00,0.40
2008.03.20 07:10:39.138,1.55975,1.56,1.00,0.40
2008.03.20 07:10:39.438,1.55975,1.56,1.00,0.40
2008.03.20 07:10:39.737,1.55975,1.56,1.00,0.40
2008.03.20 07:10:40.036,1.55975,1.56005,1.00,0.30
2008.03.20 07:10:40.295,1.55975,1.56005,1.00,0.30
2008.03.20 07:10:40.554,1.55975,1.56005,1.00,0.30
2008.03.20 07:10:40.813,1.55975,1.56005,1.00,0.30
2008.03.20 07:10:41.072,1.55975,1.56005,1.00,0.30
2008.03.20 07:10:41.376,1.55975,1.56005,1.00,0.30
2008.03.20 07:10:41.689,1.55975,1.56005,1.00,4.20
2008.03.20 07:10:41.994,1.55975,1.56,1.00,0.40
2008.03.20 07:10:42.222,1.55975,1.56,1.00,0.40
2008.03.20 07:10:42.454,1.55975,1.56,1.00,0.40
2008.03.20 07:10:42.693,1.55975,1.56,1.00,0.40
2008.03.20 07:10:42.932,1.55975,1.56,1.00,0.40
2008.03.20 07:10:43.266,1.55975,1.56,1.00,0.40
2008.03.20 07:10:43.601,1.55975,1.56,1.00,0.40
2008.03.20 07:10:43.941,1.55975,1.56,1.00,0.40
2008.03.20 07:10:44.206,1.55975,1.56,1.00,0.40
2008.03.20 07:10:44.470,1.55975,1.56,1.00,0.40
2008.03.20 07:10:44.733,1.55975,1.56,1.00,0.40
2008.03.20 07:10:44.997,1.55975,1.56,1.00,0.40
2008.03.20 07:10:45.259,1.55975,1.56,1.00,0.40
2008.03.20 07:10:45.518,1.55975,1.56,1.00,0.40
2008.03.20 07:10:45.777,1.55975,1.56,1.00,0.40
2008.03.20 07:10:46.036,1.55975,1.56,1.00,0.40
2008.03.20 07:10:46.306,1.55975,1.56,1.00,0.40
2008.03.20 07:10:46.577,1.55975,1.56,1.00,0.40
2008.03.20 07:10:46.846,1.55975,1.56,1.00,0.40
2008.03.20 07:10:47.115,1.55975,1.56,1.00,0.40
2008.03.20 07:10:47.379,1.55975,1.56,1.00,0.40
2008.03.20 07:10:47.642,1.55975,1.56,1.00,0.40
2008.03.20 07:10:47.909,1.55975,1.56,1.00,0.40
2008.03.20 07:10:48.173,1.55975,1.56,1.00,0.40
2008.03.20 07:10:48.446,1.55975,1.56,1.00,0.40
2008.03.20 07:10:48.720,1.55975,1.56,1.00,0.40
2008.03.20 07:10:48.994,1.55975,1.56,1.00,0.40
2008.03.20 07:10:49.268,1.55975,1.56,1.00,0.40
2008.03.20 07:10:49.582,1.55975,1.56,1.00,0.40
2008.03.20 07:10:49.898,1.5598,1.56005,0.60,0.30
2008.03.20 07:10:50.213,1.5598,1.56005,0.60,0.30
2008.03.20 07:10:50.458,1.5598,1.56,0.30,0.40
2008.03.20 07:10:50.702,1.55975,1.56,1.00,0.40
2008.03.20 07:10:50.946,1.5598,1.56,0.30,0.40
2008.03.20 07:10:51.191,1.55975,1.56,1.00,0.40
2008.03.20 07:10:51.495,1.55975,1.56,1.00,0.40
2008.03.20 07:10:51.799,1.55975,1.56,1.00,0.40
2008.03.20 07:10:52.102,1.55975,1.56,1.00,0.40
2008.03.20 07:10:52.359,1.55975,1.56,1.00,0.40
2008.03.20 07:10:52.613,1.55975,1.56,1.00,0.40
2008.03.20 07:10:54.226,1.55975,1.56,1.00,0.40
2008.03.20 07:10:54.298,1.55975,1.56,1.00,0.40
2008.03.20 07:10:54.376,1.55975,1.56,1.00,0.40
2008.03.20 07:10:54.456,1.55975,1.56,1.00,0.40
2008.03.20 07:10:54.539,1.55975,1.56,1.00,0.40
2008.03.20 07:10:54.616,1.55975,1.56,1.00,0.40
2008.03.20 07:10:54.694,1.55975,1.56,1.00,0.40
2008.03.20 07:10:54.779,1.55975,1.56,1.00,0.40
2008.03.20 07:10:54.860,1.55975,1.56,1.00,0.40
2008.03.20 07:10:54.939,1.55975,1.56,1.00,0.40
2008.03.20 07:10:55.020,1.55975,1.56,1.00,0.40
2008.03.20 07:10:55.113,1.55975,1.56,1.00,0.40
2008.03.20 07:10:55.191,1.55975,1.56,1.00,0.40
2008.03.20 07:10:55.270,1.55975,1.56,1.00,0.40
2008.03.20 07:10:55.605,1.55975,1.56,1.00,0.40
2008.03.20 07:10:55.940,1.55975,1.56,1.00,0.40
2008.03.20 07:10:56.288,1.55975,1.56,1.00,0.40
2008.03.20 07:10:56.519,1.55975,1.56,1.00,0.40
2008.03.20 07:10:56.751,1.5598,1.56005,0.30,0.30
2008.03.20 07:10:56.981,1.5598,1.56005,0.60,0.30
2008.03.20 07:10:57.211,1.5598,1.56005,0.60,0.30
2008.03.20 07:10:57.440,1.5598,1.56005,0.60,0.30
2008.03.20 07:10:57.775,1.55985,1.5601,0.80,0.40
2008.03.20 07:10:58.109,1.55985,1.5601,1.00,0.30
2008.03.20 07:10:58.447,1.5598,1.5601,0.30,0.60
2008.03.20 07:10:58.663,1.55985,1.56015,0.30,1.00
2008.03.20 07:10:58.878,1.5599,1.56015,0.30,1.00
2008.03.20 07:10:59.092,1.5599,1.56015,0.30,1.00
2008.03.20 07:10:59.307,1.55985,1.5601,1.80,0.60
2008.03.20 07:10:59.521,1.55985,1.5601,0.30,0.60
2008.03.20 07:10:59.868,1.55975,1.56005,1.00,0.30
2008.03.20 07:11:00.197,1.55975,1.56,1.00,0.40
2008.03.20 07:11:00.532,1.55975,1.56,1.00,0.40
2008.03.20 07:11:00.771,1.55975,1.56,1.00,0.40
2008.03.20 07:11:01.010,1.55975,1.56,1.00,0.40
2008.03.20 07:11:01.249,1.55975,1.56,1.00,0.40
2008.03.20 07:11:01.490,1.55975,1.56005,1.00,0.30
2008.03.20 07:11:01.807,1.55975,1.5601,1.00,0.60
2008.03.20 07:11:02.123,1.55975,1.56,1.00,0.40
2008.03.20 07:11:02.438,1.55975,1.56,1.00,0.40
2008.03.20 07:11:02.694,1.55975,1.56,1.00,0.40
2008.03.20 07:11:02.951,1.55975,1.56005,1.00,0.30
2008.03.20 07:11:03.208,1.55975,1.56,1.00,0.40
2008.03.20 07:11:03.465,1.55975,1.56,1.00,0.40
2008.03.20 07:11:03.757,1.55975,1.56,1.00,0.40
2008.03.20 07:11:04.054,1.55975,1.56,1.00,0.40
2008.03.20 07:11:04.348,1.55975,1.56,1.00,0.40
2008.03.20 07:11:04.643,1.55975,1.56005,1.00,0.30
2008.03.20 07:11:04.972,1.55975,1.56005,1.00,0.30
2008.03.20 07:11:05.303,1.5597,1.56,0.60,0.60
2008.03.20 07:11:05.633,1.5597,1.56,0.60,0.60
2008.03.20 07:11:05.872,1.5597,1.56,0.60,0.60
2008.03.20 07:11:06.113,1.5597,1.56,0.60,0.30
2008.03.20 07:11:06.357,1.5597,1.56,0.60,0.60
2008.03.20 07:11:06.592,1.5597,1.56,0.60,0.60
2008.03.20 07:11:06.906,1.5597,1.56,0.60,0.60
2008.03.20 07:11:07.221,1.5597,1.56,0.60,0.60
2008.03.20 07:11:07.535,1.5597,1.56,0.60,0.60
2008.03.20 07:11:07.775,1.5597,1.56,0.60,0.60
2008.03.20 07:11:08.016,1.5597,1.56,0.60,0.60
2008.03.20 07:11:08.256,1.5597,1.56,0.60,0.60
2008.03.20 07:11:08.495,1.5597,1.56,0.60,0.60
2008.03.20 07:11:08.735,1.5597,1.56,0.60,0.60
2008.03.20 07:11:09.069,1.5597,1.56,0.60,0.60
2008.03.20 07:11:09.403,1.5597,1.56,0.60,0.60
2008.03.20 07:11:09.739,1.5597,1.56,0.60,0.60
2008.03.20 07:11:09.967,1.5597,1.56,0.60,0.60
2008.03.20 07:11:10.198,1.5597,1.56,0.60,0.60
2008.03.20 07:11:10.427,1.5597,1.56,0.60,0.60
2008.03.20 07:11:10.656,1.5597,1.56,0.60,0.60
2008.03.20 07:11:10.985,1.5597,1.56,0.60,0.60
2008.03.20 07:11:11.314,1.5597,1.56,0.60,0.60
2008.03.20 07:11:11.642,1.5597,1.56,0.60,0.60
2008.03.20 07:11:11.891,1.5597,1.56,0.60,0.30
2008.03.20 07:11:12.141,1.5597,1.56,0.60,0.30
2008.03.20 07:11:12.390,1.5597,1.56,0.60,0.30
2008.03.20 07:11:12.639,1.5597,1.56,0.60,0.30
2008.03.20 07:11:12.943,1.5597,1.56,0.60,0.30
2008.03.20 07:11:13.247,1.5597,1.56,0.60,0.30
2008.03.20 07:11:13.551,1.5597,1.56,0.60,0.30
2008.03.20 07:11:13.855,1.5597,1.56,0.60,0.30
2008.03.20 07:11:14.155,1.5597,1.56,0.60,0.30
2008.03.20 07:11:14.457,1.5597,1.56,0.60,0.30
2008.03.20 07:11:14.753,1.5597,1.56,0.60,0.30
2008.03.20 07:11:14.991,1.5597,1.56,0.60,0.30
2008.03.20 07:11:15.233,1.5597,1.56,0.60,0.60
2008.03.20 07:11:15.472,1.5597,1.56,0.60,0.60
2008.03.20 07:11:15.723,1.5597,1.56,0.60,0.30
2008.03.20 07:11:16.043,1.5597,1.56,0.60,0.30
2008.03.20 07:11:16.352,1.5597,1.56,0.60,0.60
2008.03.20 07:11:16.662,1.5597,1.56,0.60,0.60
2008.03.20 07:11:16.915,1.5597,1.56,0.60,0.60
2008.03.20 07:11:17.171,1.5597,1.56,0.60,0.60
2008.03.20 07:11:17.426,1.5597,1.56,0.60,0.60
2008.03.20 07:11:17.688,1.5597,1.56,0.60,0.70
2008.03.20 07:11:17.998,1.5597,1.55995,0.30,0.20
2008.03.20 07:11:18.288,1.5597,1.55995,0.30,0.20
2008.03.20 07:11:18.577,1.5597,1.55995,0.30,0.20
2008.03.20 07:11:18.879,1.55965,1.5599,8.80,0.60
2008.03.20 07:11:19.182,1.5597,1.55995,0.30,0.90
2008.03.20 07:11:19.458,1.5597,1.55995,0.30,0.90
2008.03.20 07:11:19.747,1.5597,1.55995,0.30,0.90
2008.03.20 07:11:20.056,1.5597,1.56,0.30,0.70
2008.03.20 07:11:20.340,1.5597,1.56,0.30,0.70
2008.03.20 07:11:20.631,1.5597,1.55995,0.30,0.90
2008.03.20 07:11:20.922,1.5597,1.55995,0.30,0.90
2008.03.20 07:11:21.163,1.5597,1.55995,0.30,0.90
2008.03.20 07:11:21.417,1.5597,1.55995,0.30,0.90
2008.03.20 07:11:21.657,1.5597,1.55995,0.30,0.20
2008.03.20 07:11:21.896,1.5597,1.56,0.30,0.70
2008.03.20 07:11:22.213,1.5597,1.55995,0.30,0.80
2008.03.20 07:11:22.526,1.5597,1.55995,0.30,0.90
2008.03.20 07:11:22.842,1.5597,1.55995,0.30,0.20
2008.03.20 07:11:23.155,1.5597,1.55995,0.30,0.20
2008.03.20 07:11:23.461,1.5597,1.55995,0.30,0.20
2008.03.20 07:11:23.767,1.5597,1.56,0.30,0.70
2008.03.20 07:11:24.070,1.5597,1.56,0.30,0.70
2008.03.20 07:11:24.349,1.5597,1.55995,0.30,0.90
2008.03.20 07:11:24.636,1.55965,1.5599,0.80,0.40
2008.03.20 07:11:24.910,1.5597,1.55995,0.30,0.90
2008.03.20 07:11:25.187,1.5597,1.56,0.30,0.70
2008.03.20 07:11:25.457,1.5597,1.56,0.30,0.70
2008.03.20 07:11:25.725,1.5597,1.56,0.60,0.70
2008.03.20 07:11:25.993,1.5597,1.56,0.60,0.70
2008.03.20 07:11:26.262,1.5597,1.56,0.60,0.70
2008.03.20 07:11:26.532,1.5597,1.56,0.60,0.60
2008.03.20 07:11:26.802,1.5597,1.56,0.60,0.70
2008.03.20 07:11:27.081,1.5597,1.56,0.30,0.70
2008.03.20 07:11:27.382,1.5597,1.56,0.60,0.60
2008.03.20 07:11:27.692,1.5597,1.56,0.60,0.60
2008.03.20 07:11:28.002,1.5597,1.56,0.60,0.60
2008.03.20 07:11:28.250,1.5597,1.56005,0.60,16.40
2008.03.20 07:11:28.485,1.5597,1.56005,0.60,16.40
2008.03.20 07:11:28.717,1.5597,1.56005,0.60,16.40
2008.03.20 07:11:28.954,1.5597,1.56005,0.60,16.40
2008.03.20 07:11:29.189,1.5597,1.56005,0.60,16.40
2008.03.20 07:11:29.523,1.5597,1.56005,0.60,16.40
2008.03.20 07:11:29.856,1.5597,1.56005,0.60,15.40
2008.03.20 07:11:30.191,1.5597,1.56005,0.60,15.40
2008.03.20 07:11:30.430,1.5597,1.56005,0.60,15.40
2008.03.20 07:11:30.668,1.5597,1.56005,0.60,15.40
2008.03.20 07:11:30.916,1.5597,1.56005,0.60,15.40
2008.03.20 07:11:31.154,1.5597,1.56005,0.60,15.40
2008.03.20 07:11:31.443,1.5597,1.56005,0.60,15.40
2008.03.20 07:11:31.733,1.5597,1.56005,0.60,15.40
2008.03.20 07:11:32.021,1.5597,1.56005,0.60,15.40
2008.03.20 07:11:32.311,1.5597,1.56005,0.60,15.40
2008.03.20 07:11:32.579,1.5597,1.56005,0.60,15.40
2008.03.20 07:11:32.849,1.55975,1.56005,0.30,3.40
2008.03.20 07:11:33.119,1.55975,1.56,0.30,0.60
2008.03.20 07:11:33.388,1.55975,1.56,0.30,0.60
2008.03.20 07:11:33.672,1.5597,1.56,0.60,0.60
2008.03.20 07:11:33.957,1.5597,1.56,0.60,0.60
2008.03.20 07:11:34.241,1.5597,1.56,0.60,0.60
2008.03.20 07:11:34.525,1.5598,1.56005,0.30,3.40
2008.03.20 07:11:34.819,1.5598,1.56005,0.30,3.40
2008.03.20 07:11:35.113,1.5598,1.56005,0.30,3.20
2008.03.20 07:11:35.408,1.5598,1.56005,0.60,3.20
2008.03.20 07:11:35.678,1.5598,1.56005,0.30,3.20
2008.03.20 07:11:35.950,1.5598,1.56005,0.60,0.80
2008.03.20 07:11:36.220,1.5598,1.56005,0.60,0.80
2008.03.20 07:11:36.489,1.5598,1.56005,0.60,3.20
2008.03.20 07:11:36.800,1.5598,1.56005,0.30,3.20
2008.03.20 07:11:37.108,1.5598,1.56005,0.30,3.20
2008.03.20 07:11:37.419,1.5598,1.56005,0.60,0.80
2008.03.20 07:11:37.646,1.56,1.56015,0.30,13.80
2008.03.20 07:11:37.871,1.5599,1.56015,0.30,0.30
2008.03.20 07:11:38.099,1.5601,1.56015,0.30,0.30
2008.03.20 07:11:38.326,1.5601,1.56035,0.30,0.30
2008.03.20 07:11:38.551,1.5601,1.5605,0.50,0.50
2008.03.20 07:11:38.887,1.5603,1.56055,0.40,0.90
2008.03.20 07:11:39.223,1.5601,1.5606,0.30,0.20
2008.03.20 07:11:39.557,1.5601,1.5606,0.30,0.20
2008.03.20 07:11:39.818,1.5599,1.56,0.30,0.30
2008.03.20 07:11:40.078,1.56005,1.56015,0.80,1.60
2008.03.20 07:11:40.338,1.56005,1.5605,1.00,0.20
2008.03.20 07:11:40.598,1.56005,1.5605,1.00,0.20
2008.03.20 07:11:40.901,1.56005,1.5605,1.00,0.20
2008.03.20 07:11:41.206,1.56005,1.5605,1.00,0.20
2008.03.20 07:11:41.511,1.56005,1.5605,1.00,0.20
2008.03.20 07:11:41.749,1.56005,1.5605,1.00,0.20
2008.03.20 07:11:41.989,1.56005,1.5605,1.00,0.20
2008.03.20 07:11:42.227,1.56005,1.5605,1.00,0.20
2008.03.20 07:11:42.467,1.56005,1.5605,1.00,0.20
2008.03.20 07:11:42.752,1.56005,1.5605,1.00,0.20
2008.03.20 07:11:43.036,1.56005,1.5605,1.00,0.20
2008.03.20 07:11:43.319,1.56005,1.5605,1.00,0.20
2008.03.20 07:11:43.604,1.56005,1.5605,1.00,0.20
2008.03.20 07:11:43.887,1.56005,1.5605,1.00,0.20
2008.03.20 07:11:44.179,1.56005,1.5605,1.00,0.20
2008.03.20 07:11:44.474,1.56005,1.5605,1.00,0.20
2008.03.20 07:11:44.764,1.56005,1.5605,1.00,0.20
2008.03.20 07:11:45.053,1.56005,1.5605,1.00,0.20
2008.03.20 07:11:45.322,1.56005,1.5605,1.00,0.20
2008.03.20 07:11:45.600,1.56005,1.5605,1.00,0.20
2008.03.20 07:11:45.884,1.56005,1.5605,1.00,0.20
2008.03.20 07:11:46.169,1.56005,1.5605,1.00,0.20
2008.03.20 07:11:46.452,1.56005,1.5605,1.00,0.20
2008.03.20 07:11:46.690,1.56005,1.56045,1.00,0.90
2008.03.20 07:11:46.930,1.56005,1.56045,1.00,0.90
2008.03.20 07:11:47.151,1.56005,1.56045,1.00,0.90
2008.03.20 07:11:47.380,1.56005,1.56045,1.00,0.90
2008.03.20 07:11:47.610,1.56005,1.56045,1.00,0.90
2008.03.20 07:11:47.914,1.56005,1.56045,1.00,0.90
2008.03.20 07:11:48.230,1.56005,1.56045,1.00,0.90
2008.03.20 07:11:48.524,1.56005,1.56045,1.00,0.90
2008.03.20 07:11:48.748,1.56005,1.56045,1.00,0.90
2008.03.20 07:11:48.973,1.56005,1.56045,1.00,0.90
2008.03.20 07:11:49.198,1.56005,1.56045,1.00,0.90
2008.03.20 07:11:49.423,1.5601,1.56045,0.30,0.90
2008.03.20 07:11:49.652,1.5601,1.56045,0.30,0.90
2008.03.20 07:11:49.999,1.5601,1.56045,0.30,0.90
2008.03.20 07:11:50.344,1.5601,1.56045,0.30,0.80
2008.03.20 07:11:50.690,1.5601,1.56045,0.30,0.80
2008.03.20 07:11:50.921,1.5601,1.56045,0.30,0.80
2008.03.20 07:11:51.126,1.5601,1.56045,0.30,0.80
2008.03.20 07:11:51.346,1.5601,1.5605,0.30,0.20
2008.03.20 07:11:51.566,1.5601,1.5605,0.30,0.20
2008.03.20 07:11:51.786,1.5601,1.56045,0.30,0.90
2008.03.20 07:11:52.120,1.5601,1.56045,0.30,0.90
2008.03.20 07:11:52.454,1.5601,1.56045,0.30,0.90
2008.03.20 07:11:52.788,1.5601,1.56045,0.30,0.90
2008.03.20 07:11:53.044,1.5601,1.56045,0.30,0.90
2008.03.20 07:11:53.283,1.5601,1.56045,0.30,0.90
2008.03.20 07:11:53.522,1.5601,1.56045,0.30,0.90
2008.03.20 07:11:53.761,1.5601,1.56045,0.30,0.90
2008.03.20 07:11:54.095,1.5601,1.56045,0.30,0.90
2008.03.20 07:11:54.429,1.5601,1.56045,0.30,0.90
2008.03.20 07:11:54.764,1.5601,1.56045,0.30,0.90
2008.03.20 07:11:54.978,1.5601,1.56045,0.30,0.90
2008.03.20 07:11:55.203,1.5601,1.56045,0.30,0.90
2008.03.20 07:11:55.416,1.5601,1.56045,0.30,0.90
2008.03.20 07:11:55.632,1.5601,1.56045,0.30,0.90
2008.03.20 07:11:55.846,1.5601,1.56045,0.30,0.90
2008.03.20 07:11:56.180,1.5601,1.56045,0.30,0.20
2008.03.20 07:11:56.516,1.5601,1.56045,0.30,0.20
2008.03.20 07:11:56.851,1.56015,1.5605,1.00,0.20
2008.03.20 07:11:57.086,1.56015,1.56055,1.00,0.90
2008.03.20 07:11:57.322,1.56015,1.56055,1.00,0.90
2008.03.20 07:11:57.558,1.56015,1.5606,1.00,0.20
2008.03.20 07:11:57.791,1.56015,1.5606,1.00,0.20
2008.03.20 07:11:58.127,1.56015,1.5606,1.00,0.20
2008.03.20 07:11:58.461,1.56015,1.5606,1.00,0.20
2008.03.20 07:11:58.807,1.56015,1.5606,1.00,0.20
2008.03.20 07:11:59.068,1.56015,1.5606,1.00,0.20
2008.03.20 07:11:59.314,1.56015,1.5606,1.00,0.20
2008.03.20 07:11:59.575,1.56015,1.5606,1.00,0.20
2008.03.20 07:11:59.835,1.56015,1.56065,1.30,0.90
2008.03.20 07:12:00.130,1.56015,1.5606,1.00,0.20
2008.03.20 07:12:00.424,1.56015,1.56065,1.00,0.90
2008.03.20 07:12:00.719,1.56015,1.56065,1.00,0.90
2008.03.20 07:12:01.014,1.56015,1.56065,1.00,0.90
2008.03.20 07:12:01.264,1.56015,1.56065,1.00,0.90
2008.03.20 07:12:01.514,1.56015,1.56065,1.00,0.90
2008.03.20 07:12:01.764,1.56015,1.56065,1.00,0.90
2008.03.20 07:12:02.053,1.56015,1.5606,1.00,0.20
2008.03.20 07:12:02.343,1.56015,1.56045,13.00,0.30
2008.03.20 07:12:02.633,1.56015,1.56045,1.00,0.30
2008.03.20 07:12:02.922,1.56015,1.56045,1.00,0.30
2008.03.20 07:12:03.201,1.56015,1.56045,1.00,0.30
2008.03.20 07:12:03.480,1.56015,1.56045,1.00,0.30
2008.03.20 07:12:03.760,1.56015,1.56045,1.00,0.30
2008.03.20 07:12:04.037,1.56015,1.56045,1.00,0.30
2008.03.20 07:12:04.302,1.56015,1.56045,1.00,0.30
2008.03.20 07:12:04.567,1.56015,1.56045,13.00,0.30
2008.03.20 07:12:04.833,1.56015,1.56045,13.00,0.30
2008.03.20 07:12:05.098,1.56015,1.5605,13.00,0.30
2008.03.20 07:12:05.387,1.56015,1.5605,13.00,0.30
2008.03.20 07:12:05.676,1.5602,1.5605,8.20,0.30
2008.03.20 07:12:05.966,1.56015,1.5605,13.00,0.30
2008.03.20 07:12:06.250,1.56015,1.5605,1.00,0.30
2008.03.20 07:12:06.536,1.56015,1.5605,1.00,0.30
2008.03.20 07:12:06.821,1.56015,1.5604,1.00,0.30
2008.03.20 07:12:07.107,1.56015,1.56045,1.00,0.30
2008.03.20 07:12:07.352,1.56015,1.56045,1.00,0.30
2008.03.20 07:12:07.596,1.56015,1.56045,1.00,0.30
2008.03.20 07:12:07.840,1.56015,1.56045,1.00,0.30
2008.03.20 07:12:08.086,1.5601,1.56045,0.30,0.90
2008.03.20 07:12:08.396,1.5601,1.5604,0.30,0.20
2008.03.20 07:12:08.705,1.56005,1.5604,1.00,0.20
2008.03.20 07:12:09.016,1.56005,1.56035,1.00,0.20
2008.03.20 07:12:09.321,1.56,1.56035,0.30,0.90
2008.03.20 07:12:09.627,1.5601,1.56045,0.30,0.90
2008.03.20 07:12:09.942,1.5601,1.56045,0.30,0.90
2008.03.20 07:12:10.207,1.5601,1.56045,0.30,0.90
2008.03.20 07:12:10.471,1.5601,1.56045,0.30,0.90
2008.03.20 07:12:10.716,1.5601,1.56045,0.30,0.90
2008.03.20 07:12:10.969,1.5601,1.56045,0.30,0.90
2008.03.20 07:12:11.274,1.5601,1.56045,0.30,0.90
2008.03.20 07:12:11.580,1.5601,1.56045,0.30,0.90
2008.03.20 07:12:11.885,1.5601,1.56045,0.30,0.90
2008.03.20 07:12:12.190,1.5601,1.56045,0.30,0.20
2008.03.20 07:12:12.460,1.5601,1.5605,0.30,0.20
2008.03.20 07:12:12.729,1.5601,1.5605,0.30,0.20
2008.03.20 07:12:12.998,1.5601,1.5605,0.30,0.20
2008.03.20 07:12:13.276,1.5601,1.5605,0.30,0.20
2008.03.20 07:12:13.556,1.5601,1.5605,0.30,0.20
2008.03.20 07:12:13.835,1.5601,1.5605,0.30,0.20
2008.03.20 07:12:14.116,1.56015,1.56055,1.00,0.90
2008.03.20 07:12:14.425,1.56015,1.56045,3.40,0.30
2008.03.20 07:12:14.734,1.56015,1.56045,1.00,0.30
2008.03.20 07:12:15.043,1.56015,1.56045,1.00,0.30
2008.03.20 07:12:15.308,1.56015,1.56045,1.00,0.30
2008.03.20 07:12:15.572,1.56015,1.56045,1.00,0.30
2008.03.20 07:12:15.848,1.56015,1.56045,1.00,0.30
2008.03.20 07:12:16.102,1.56015,1.56045,1.00,0.30
2008.03.20 07:12:16.379,1.56015,1.56045,1.00,0.30
2008.03.20 07:12:16.654,1.56015,1.56035,1.00,0.30
2008.03.20 07:12:16.941,1.56015,1.5605,1.00,0.30
2008.03.20 07:12:17.227,1.5602,1.5605,0.30,0.60
2008.03.20 07:12:17.532,1.5602,1.5605,0.30,0.60
2008.03.20 07:12:17.836,1.5602,1.56045,0.30,0.30
2008.03.20 07:12:18.141,1.5602,1.56045,0.30,0.30
2008.03.20 07:12:18.391,1.5602,1.5605,0.30,0.60
2008.03.20 07:12:18.642,1.5602,1.5605,0.30,0.40
2008.03.20 07:12:18.891,1.5602,1.56055,0.30,12.20
2008.03.20 07:12:19.150,1.5602,1.5606,0.60,0.60
2008.03.20 07:12:19.475,1.5602,1.5605,0.30,0.60
2008.03.20 07:12:19.799,1.5602,1.5605,0.30,0.40
2008.03.20 07:12:20.125,1.5602,1.56055,0.30,12.00
2008.03.20 07:12:20.377,1.5602,1.56055,0.30,12.00
2008.03.20 07:12:20.629,1.5602,1.56055,0.30,12.00
2008.03.20 07:12:20.881,1.56025,1.5606,9.00,0.30
2008.03.20 07:12:21.132,1.56025,1.56055,9.00,0.30
2008.03.20 07:12:21.435,1.56025,1.5605,0.30,0.40
2008.03.20 07:12:21.737,1.56025,1.5604,0.30,0.30
2008.03.20 07:12:22.041,1.5602,1.56055,0.30,12.20
2008.03.20 07:12:22.343,1.5602,1.5605,0.30,0.40
2008.03.20 07:12:22.651,1.5602,1.56055,0.30,12.20
2008.03.20 07:12:22.940,1.5602,1.56055,0.30,12.20
2008.03.20 07:12:23.233,1.5602,1.56055,0.30,12.20
2008.03.20 07:12:23.488,1.5602,1.56055,0.30,12.20
2008.03.20 07:12:23.737,1.5602,1.56055,0.30,12.20
2008.03.20 07:12:23.989,1.5602,1.56055,0.30,12.20
2008.03.20 07:12:24.232,1.5602,1.56055,0.30,12.20
2008.03.20 07:12:24.559,1.5602,1.5605,0.30,0.60
2008.03.20 07:12:24.884,1.56015,1.5604,1.00,0.30
2008.03.20 07:12:25.209,1.56015,1.56045,1.00,0.30
2008.03.20 07:12:25.459,1.56015,1.56045,1.00,0.30
2008.03.20 07:12:25.708,1.5602,1.56045,0.30,0.30
2008.03.20 07:12:25.958,1.5602,1.5604,0.30,0.30
2008.03.20 07:12:26.212,1.56015,1.5604,1.00,0.30
2008.03.20 07:12:26.503,1.56015,1.56045,1.00,0.30
2008.03.20 07:12:26.794,1.56015,1.56045,1.00,0.30
2008.03.20 07:12:27.083,1.56015,1.56045,1.00,0.30
2008.03.20 07:12:27.376,1.5602,1.5605,0.30,0.30
2008.03.20 07:12:27.655,1.5602,1.5605,0.30,0.60
2008.03.20 07:12:27.935,1.56015,1.56045,1.00,0.30
2008.03.20 07:12:28.215,1.56015,1.56045,1.00,0.30
2008.03.20 07:12:28.494,1.56015,1.56045,1.00,0.30
2008.03.20 07:12:28.773,1.56015,1.56045,1.00,0.30
2008.03.20 07:12:29.051,1.56015,1.56045,1.00,0.30
2008.03.20 07:12:29.331,1.56015,1.56045,1.00,0.30
2008.03.20 07:12:29.626,1.56015,1.56045,1.00,0.30
2008.03.20 07:12:29.921,1.56015,1.56045,1.00,0.30
2008.03.20 07:12:30.214,1.56015,1.56045,1.00,0.30
2008.03.20 07:12:30.509,1.56015,1.56045,1.00,0.30
2008.03.20 07:12:30.794,1.56015,1.56045,1.00,0.30
2008.03.20 07:12:31.083,1.5602,1.5605,0.30,0.60
2008.03.20 07:12:31.385,1.5602,1.5605,0.30,0.60
2008.03.20 07:12:31.640,1.5602,1.5605,0.30,0.60
2008.03.20 07:12:31.880,1.5602,1.5605,0.30,0.60
2008.03.20 07:12:32.118,1.5602,1.5605,0.30,0.60
2008.03.20 07:12:32.358,1.5602,1.5605,0.30,0.60
2008.03.20 07:12:32.642,1.5602,1.5605,0.30,0.60
2008.03.20 07:12:32.927,1.56015,1.5604,1.00,0.30
2008.03.20 07:12:33.211,1.56015,1.5604,1.00,0.30
2008.03.20 07:12:33.495,1.56015,1.5604,1.00,0.30
2008.03.20 07:12:33.793,1.56015,1.5605,1.00,0.60
2008.03.20 07:12:34.087,1.5602,1.5605,0.30,0.60
2008.03.20 07:12:34.383,1.56015,1.5604,1.00,0.30
2008.03.20 07:12:34.648,1.56015,1.56045,1.00,0.30
2008.03.20 07:12:34.914,1.56015,1.56045,1.00,0.30
2008.03.20 07:12:35.179,1.56025,1.5604,0.80,0.30
2008.03.20 07:12:35.445,1.56025,1.56045,1.00,0.30
2008.03.20 07:12:35.735,1.5602,1.56045,0.30,0.30
2008.03.20 07:12:36.027,1.56025,1.5606,1.00,0.60
2008.03.20 07:12:36.318,1.56025,1.5605,1.00,0.40
2008.03.20 07:12:36.609,1.56025,1.5605,1.00,0.40
2008.03.20 07:12:36.886,1.56025,1.5605,1.00,0.40
2008.03.20 07:12:37.165,1.56025,1.5605,1.00,0.40
2008.03.20 07:12:37.444,1.56025,1.5605,1.00,0.40
2008.03.20 07:12:37.685,1.56025,1.5605,1.00,0.40
2008.03.20 07:12:37.934,1.56025,1.5605,1.00,0.40
2008.03.20 07:12:38.187,1.56025,1.5605,0.80,0.40
2008.03.20 07:12:38.441,1.5602,1.5605,0.30,0.40
2008.03.20 07:12:38.769,1.5602,1.56055,0.30,12.20
2008.03.20 07:12:39.097,1.5602,1.56055,0.30,12.20
2008.03.20 07:12:39.428,1.5602,1.5605,0.30,0.60
2008.03.20 07:12:39.700,1.5602,1.5605,0.30,0.60
2008.03.20 07:12:39.961,1.5602,1.5605,0.30,0.60
2008.03.20 07:12:40.220,1.5602,1.5605,0.30,0.60
2008.03.20 07:12:40.479,1.5602,1.5605,0.30,0.60
2008.03.20 07:12:40.768,1.5602,1.56045,0.30,0.30
2008.03.20 07:12:41.058,1.5602,1.56045,0.30,0.30
2008.03.20 07:12:41.347,1.5602,1.56045,0.30,0.30
2008.03.20 07:12:41.637,1.5602,1.5605,0.30,0.40
2008.03.20 07:12:41.926,1.56025,1.56055,1.00,12.20
2008.03.20 07:12:42.216,1.5602,1.56055,0.30,12.20
2008.03.20 07:12:42.505,1.5602,1.56055,0.30,12.20
2008.03.20 07:12:42.765,1.5602,1.56055,0.30,12.20
2008.03.20 07:12:43.022,1.5602,1.56055,0.30,12.20
2008.03.20 07:12:43.283,1.5602,1.56055,0.30,12.20
2008.03.20 07:12:43.542,1.5602,1.56055,0.30,12.20
2008.03.20 07:12:43.817,1.5602,1.56055,0.30,12.20
2008.03.20 07:12:44.091,1.56025,1.5606,0.80,0.60
2008.03.20 07:12:44.366,1.56025,1.56055,1.00,0.30
2008.03.20 07:12:44.642,1.5602,1.56045,0.60,0.30
2008.03.20 07:12:44.947,1.5602,1.56045,0.30,0.30
2008.03.20 07:12:45.252,1.56,1.56035,0.60,1.20
2008.03.20 07:12:45.558,1.56,1.56035,0.50,0.90
2008.03.20 07:12:45.823,1.56,1.56035,0.50,0.90
2008.03.20 07:12:46.088,1.5601,1.5604,0.40,0.20
2008.03.20 07:12:46.352,1.5601,1.5604,0.40,0.20
2008.03.20 07:12:46.617,1.5601,1.5604,0.40,0.20
2008.03.20 07:12:46.892,1.56005,1.5604,1.00,0.20
2008.03.20 07:12:47.167,1.56005,1.5604,1.00,0.20
2008.03.20 07:12:47.442,1.56005,1.56035,1.00,0.20
2008.03.20 07:12:47.716,1.5601,1.56045,0.30,0.90
2008.03.20 07:12:47.997,1.5601,1.56045,0.30,0.90
2008.03.20 07:12:48.277,1.5601,1.5604,0.30,0.20
2008.03.20 07:12:48.557,1.56005,1.5604,1.00,0.20
2008.03.20 07:12:48.836,1.56005,1.5604,1.00,0.20
2008.03.20 07:12:49.114,1.56005,1.5604,1.00,0.20
2008.03.20 07:12:49.393,1.56005,1.5604,1.00,0.20
2008.03.20 07:12:49.674,1.56005,1.5604,1.00,0.20
2008.03.20 07:12:49.970,1.56005,1.5604,1.00,0.20
2008.03.20 07:12:50.265,1.5601,1.5604,0.30,0.20
2008.03.20 07:12:50.559,1.5601,1.56045,0.30,0.90
2008.03.20 07:12:50.854,1.5601,1.56045,0.30,0.90
2008.03.20 07:12:51.139,1.56,1.5603,0.30,0.30
2008.03.20 07:12:51.423,1.56,1.5603,0.30,0.30
2008.03.20 07:12:51.708,1.56,1.5603,0.30,0.30
2008.03.20 07:12:51.975,1.56,1.5603,0.30,0.30
2008.03.20 07:12:52.241,1.56,1.5603,0.30,0.30
2008.03.20 07:12:52.505,1.56,1.5603,0.30,0.30
2008.03.20 07:12:52.770,1.56,1.5603,0.30,0.30
2008.03.20 07:12:53.048,1.56,1.5603,0.30,0.30
2008.03.20 07:12:53.327,1.56,1.5603,0.30,0.30
2008.03.20 07:12:53.607,1.56,1.5603,0.30,0.30
2008.03.20 07:12:53.888,1.5599,1.56025,0.50,0.90
2008.03.20 07:12:54.166,1.5599,1.56025,0.50,0.90
2008.03.20 07:12:54.445,1.5599,1.56025,0.50,0.90
2008.03.20 07:12:54.725,1.5599,1.56025,0.50,0.90
2008.03.20 07:12:55.006,1.55995,1.56025,0.80,0.20
2008.03.20 07:12:55.284,1.5599,1.5602,0.40,0.20
2008.03.20 07:12:55.563,1.5599,1.5602,0.40,0.20
2008.03.20 07:12:55.844,1.5599,1.5602,0.40,0.20
2008.03.20 07:12:56.143,1.5599,1.5602,0.40,0.20
2008.03.20 07:12:56.457,1.56005,1.56015,0.40,0.90
2008.03.20 07:12:56.747,1.56005,1.5603,0.40,0.20
2008.03.20 07:12:57.002,1.56005,1.56035,0.40,0.90
2008.03.20 07:12:57.256,1.56005,1.56035,0.40,0.90
2008.03.20 07:12:57.512,1.56005,1.56035,0.40,0.90
2008.03.20 07:12:57.766,1.56005,1.56035,0.40,0.90
2008.03.20 07:12:58.076,1.56005,1.56035,0.40,0.90
2008.03.20 07:12:58.385,1.56005,1.56035,0.40,0.90
2008.03.20 07:12:58.694,1.56005,1.56035,0.40,0.90
2008.03.20 07:12:59.003,1.56005,1.56035,0.40,0.90
2008.03.20 07:12:59.303,1.56005,1.56035,0.40,0.90
2008.03.20 07:12:59.603,1.56005,1.56035,0.40,0.90
2008.03.20 07:12:59.903,1.56005,1.56035,0.40,0.90
2008.03.20 07:13:00.168,1.56005,1.56035,0.40,0.90
2008.03.20 07:13:00.432,1.56005,1.56035,0.40,0.90
2008.03.20 07:13:00.711,1.56005,1.5604,1.30,0.20
2008.03.20 07:13:00.987,1.56005,1.5604,1.30,0.20
2008.03.20 07:13:01.286,1.56015,1.56045,1.00,0.30
2008.03.20 07:13:01.585,1.56015,1.56045,0.30,1.00
2008.03.20 07:13:01.884,1.5601,1.56045,0.30,1.20
2008.03.20 07:13:02.128,1.56015,1.56045,0.80,0.50
2008.03.20 07:13:02.375,1.56025,1.5605,0.30,0.40
2008.03.20 07:13:02.619,1.56025,1.5605,0.30,0.40
2008.03.20 07:13:02.865,1.56015,1.56045,0.30,1.20
2008.03.20 07:13:03.110,1.5601,1.56045,0.30,0.30
2008.03.20 07:13:03.429,1.56015,1.56045,1.00,0.30
2008.03.20 07:13:03.749,1.56015,1.56045,0.30,1.00
2008.03.20 07:13:04.067,1.56015,1.56045,0.30,1.20
2008.03.20 07:13:04.361,1.5601,1.56045,0.30,1.20
2008.03.20 07:13:04.656,1.56015,1.56045,0.80,0.50
2008.03.20 07:13:04.949,1.56015,1.56045,1.00,0.30
2008.03.20 07:13:05.209,1.56015,1.56045,1.00,0.30
2008.03.20 07:13:05.468,1.56015,1.56045,1.00,0.30
2008.03.20 07:13:05.728,1.56015,1.56045,1.00,0.30
2008.03.20 07:13:05.988,1.56015,1.56045,1.00,0.30
2008.03.20 07:13:06.292,1.56015,1.56045,1.00,0.30
2008.03.20 07:13:06.597,1.56015,1.56045,1.00,0.30
2008.03.20 07:13:06.900,1.56015,1.56045,1.00,0.30
2008.03.20 07:13:07.205,1.56015,1.56045,1.00,0.30
2008.03.20 07:13:07.475,1.56015,1.56045,1.00,0.30
2008.03.20 07:13:07.756,1.56015,1.56045,1.00,0.30
2008.03.20 07:13:08.037,1.56015,1.56045,1.00,0.30
2008.03.20 07:13:08.320,1.56015,1.56045,1.00,0.30
2008.03.20 07:13:08.606,1.56005,1.5604,1.10,0.20
2008.03.20 07:13:08.889,1.56005,1.5604,1.10,0.20
2008.03.20 07:13:09.174,1.5601,1.56045,0.30,0.50
2008.03.20 07:13:09.499,1.56005,1.56045,1.30,17.20
2008.03.20 07:13:09.824,1.56005,1.56035,1.30,0.20
2008.03.20 07:13:10.150,1.56005,1.5604,1.30,0.20
2008.03.20 07:13:10.396,1.56005,1.56045,1.30,1.20
2008.03.20 07:13:10.634,1.56005,1.56045,1.30,1.20
2008.03.20 07:13:10.874,1.5601,1.56045,0.30,1.20
2008.03.20 07:13:11.113,1.5601,1.56045,0.30,1.20
2008.03.20 07:13:11.438,1.56005,1.5603,0.40,0.40
2008.03.20 07:13:11.763,1.56005,1.5604,1.30,0.20
2008.03.20 07:13:12.088,1.56005,1.5604,1.30,0.20
2008.03.20 07:13:12.338,1.5601,1.56045,0.30,1.20
2008.03.20 07:13:12.586,1.5601,1.56045,0.30,1.20
2008.03.20 07:13:12.836,1.5601,1.56045,0.30,1.20
2008.03.20 07:13:13.087,1.56015,1.56045,0.80,0.50
2008.03.20 07:13:13.377,1.56015,1.56045,1.00,0.30
2008.03.20 07:13:13.670,1.5604,1.5606,0.40,0.20
2008.03.20 07:13:13.958,1.56025,1.5606,5.30,0.20
2008.03.20 07:13:14.249,1.5602,1.5605,0.80,0.20
2008.03.20 07:13:14.563,1.5602,1.5605,0.50,0.20
2008.03.20 07:13:14.877,1.5602,1.5605,0.50,0.20
2008.03.20 07:13:15.201,1.5602,1.5605,0.50,0.20
2008.03.20 07:13:15.458,1.56025,1.5605,0.40,0.20
2008.03.20 07:13:15.705,1.56025,1.56055,0.40,0.90
2008.03.20 07:13:15.950,1.56025,1.56055,1.60,0.90
2008.03.20 07:13:16.196,1.5602,1.56055,0.50,0.90
2008.03.20 07:13:16.507,1.56025,1.56055,1.10,0.20
2008.03.20 07:13:16.818,1.56025,1.56055,0.80,0.20
2008.03.20 07:13:17.129,1.56025,1.56045,0.40,0.80
2008.03.20 07:13:17.439,1.56015,1.56045,2.90,3.20
2008.03.20 07:13:17.727,1.56015,1.56045,1.30,3.20
2008.03.20 07:13:18.027,1.56015,1.5604,1.00,0.60
2008.03.20 07:13:18.326,1.56015,1.56045,1.00,3.40
2008.03.20 07:13:18.590,1.56015,1.56035,0.30,0.30
2008.03.20 07:13:18.855,1.5601,1.56035,0.30,0.30
2008.03.20 07:13:19.121,1.5601,1.56045,0.30,15.40
2008.03.20 07:13:19.384,1.5601,1.56045,0.30,15.40
2008.03.20 07:13:19.714,1.56015,1.5604,1.00,0.60
2008.03.20 07:13:20.046,1.56015,1.56045,1.00,3.20
2008.03.20 07:13:20.376,1.5602,1.56045,0.50,3.20
2008.03.20 07:13:20.619,1.56025,1.56045,0.30,0.80
2008.03.20 07:13:20.860,1.5602,1.56045,0.50,3.20
2008.03.20 07:13:21.100,1.5602,1.56045,0.30,3.20
2008.03.20 07:13:21.340,1.5602,1.56045,0.30,3.20
2008.03.20 07:13:21.656,1.5602,1.56045,0.30,3.20
2008.03.20 07:13:21.970,1.5602,1.56045,0.30,3.20
2008.03.20 07:13:22.286,1.5602,1.56045,0.30,3.20
2008.03.20 07:13:22.536,1.5601,1.56035,0.60,0.30
2008.03.20 07:13:22.787,1.56005,1.5603,1.00,0.40
2008.03.20 07:13:23.037,1.56005,1.5604,0.80,0.20
2008.03.20 07:13:23.287,1.56005,1.56045,0.80,17.20
2008.03.20 07:13:23.596,1.56,1.5603,0.60,0.40
2008.03.20 07:13:23.900,1.56005,1.56035,0.80,0.30
2008.03.20 07:13:24.206,1.56005,1.5604,1.00,0.70
2008.03.20 07:13:24.509,1.56005,1.56035,1.00,0.30
2008.03.20 07:13:24.820,1.5601,1.56035,0.30,0.30
2008.03.20 07:13:25.131,1.56005,1.56035,1.00,0.30
2008.03.20 07:13:25.441,1.56005,1.5603,1.00,0.40
2008.03.20 07:13:25.686,1.56005,1.5603,1.00,0.40
2008.03.20 07:13:25.931,1.56005,1.5603,1.00,0.40
2008.03.20 07:13:26.176,1.56005,1.5603,1.00,0.40
2008.03.20 07:13:26.421,1.56005,1.5603,1.00,0.40
2008.03.20 07:13:26.720,1.56005,1.5603,1.00,0.40
2008.03.20 07:13:27.020,1.56005,1.5603,1.00,0.40
2008.03.20 07:13:27.319,1.56005,1.56035,1.00,0.30
2008.03.20 07:13:27.620,1.5601,1.56035,0.30,0.30
2008.03.20 07:13:27.885,1.5601,1.5604,0.30,0.60
2008.03.20 07:13:28.149,1.5601,1.5604,0.30,0.60
2008.03.20 07:13:28.414,1.5601,1.5604,0.30,0.60
2008.03.20 07:13:28.683,1.5601,1.5604,0.30,0.60
2008.03.20 07:13:28.952,1.5601,1.5604,0.30,0.60
2008.03.20 07:13:29.221,1.5601,1.5604,0.30,0.60
2008.03.20 07:13:29.490,1.5601,1.5604,0.30,0.60
2008.03.20 07:13:29.813,1.5601,1.5604,0.30,0.60
2008.03.20 07:13:30.138,1.5601,1.5604,0.30,0.60
2008.03.20 07:13:30.462,1.5601,1.5604,0.30,0.60
2008.03.20 07:13:30.787,1.5601,1.5604,0.30,0.60
2008.03.20 07:13:31.046,1.5601,1.5604,0.30,0.60
2008.03.20 07:13:31.305,1.5601,1.5604,0.30,0.60
2008.03.20 07:13:31.585,1.5601,1.5604,0.30,0.60
2008.03.20 07:13:31.856,1.5601,1.5604,0.30,0.60
2008.03.20 07:13:32.135,1.5601,1.5604,0.30,0.60
2008.03.20 07:13:32.414,1.5601,1.5604,0.30,0.60
2008.03.20 07:13:32.696,1.5601,1.5604,0.30,0.60
2008.03.20 07:13:32.979,1.5601,1.5604,0.30,0.60
2008.03.20 07:13:33.263,1.56005,1.5604,1.00,0.70
2008.03.20 07:13:33.548,1.56005,1.56035,1.00,0.20
2008.03.20 07:13:33.832,1.56005,1.56035,1.00,0.20
2008.03.20 07:13:34.137,1.56005,1.56035,1.00,0.20
2008.03.20 07:13:34.441,1.56005,1.56035,1.00,0.20
2008.03.20 07:13:34.746,1.56005,1.56035,1.00,0.20
2008.03.20 07:13:35.008,1.56005,1.56035,1.00,0.20
2008.03.20 07:13:35.273,1.56005,1.56035,1.00,0.20
2008.03.20 07:13:35.537,1.56005,1.56035,1.00,0.20
2008.03.20 07:13:35.803,1.56005,1.56035,1.00,0.20
2008.03.20 07:13:36.102,1.56005,1.56035,1.00,0.20
2008.03.20 07:13:36.401,1.56005,1.56035,1.00,0.20
2008.03.20 07:13:36.711,1.56005,1.56035,1.00,0.20
2008.03.20 07:13:37.012,1.56005,1.56035,1.00,0.20
2008.03.20 07:13:37.292,1.56005,1.5604,1.00,0.70
2008.03.20 07:13:37.569,1.56005,1.5604,1.00,0.70
2008.03.20 07:13:37.858,1.56005,1.5604,1.00,0.70
2008.03.20 07:13:38.102,1.56005,1.5604,1.00,0.70
2008.03.20 07:13:38.335,1.56005,1.5604,1.00,0.70
2008.03.20 07:13:38.580,1.56005,1.5604,1.00,0.70
2008.03.20 07:13:38.824,1.56005,1.5604,1.00,0.70
2008.03.20 07:13:39.157,1.56005,1.5604,1.00,0.70
2008.03.20 07:13:39.491,1.56005,1.5604,1.00,0.70
2008.03.20 07:13:39.826,1.56005,1.5604,1.00,0.70
2008.03.20 07:13:40.070,1.56005,1.5604,1.00,0.70
2008.03.20 07:13:40.316,1.56005,1.5604,1.00,0.70
2008.03.20 07:13:40.559,1.5601,1.5604,0.30,0.70
2008.03.20 07:13:40.803,1.5601,1.5604,0.30,0.60
2008.03.20 07:13:41.048,1.5601,1.5604,0.30,0.60
2008.03.20 07:13:41.352,1.5601,1.5604,0.30,0.60
2008.03.20 07:13:41.657,1.5601,1.5604,0.30,0.60
2008.03.20 07:13:41.960,1.5601,1.5604,0.30,0.60
2008.03.20 07:13:42.209,1.5601,1.5604,0.30,0.60
2008.03.20 07:13:42.458,1.5601,1.5604,0.30,0.60
2008.03.20 07:13:42.719,1.5601,1.5604,0.30,0.60
2008.03.20 07:13:42.968,1.5601,1.5604,0.30,0.60
2008.03.20 07:13:43.232,1.5601,1.5604,0.30,0.60
2008.03.20 07:13:43.495,1.5601,1.5604,0.30,0.60
2008.03.20 07:13:43.759,1.5601,1.5604,0.30,0.60
2008.03.20 07:13:44.022,1.5601,1.5604,0.30,0.60
2008.03.20 07:13:44.348,1.5601,1.5604,0.30,0.60
2008.03.20 07:13:44.672,1.5601,1.5604,0.30,0.60
2008.03.20 07:13:44.996,1.5601,1.5604,0.30,0.60
2008.03.20 07:13:45.223,1.5601,1.5604,0.30,0.60
2008.03.20 07:13:45.453,1.5601,1.5604,0.30,0.60
2008.03.20 07:13:45.692,1.5601,1.5604,0.30,0.60
2008.03.20 07:13:45.910,1.5601,1.5604,0.30,0.60
2008.03.20 07:13:46.234,1.5601,1.5604,0.30,0.60
2008.03.20 07:13:46.558,1.5601,1.5604,0.30,0.60
2008.03.20 07:13:46.882,1.5601,1.5604,0.30,0.60
2008.03.20 07:13:47.206,1.5601,1.5604,0.30,0.60
2008.03.20 07:13:47.430,1.5601,1.5604,0.30,0.60
2008.03.20 07:13:47.653,1.5601,1.5604,0.30,0.60
2008.03.20 07:13:47.877,1.5601,1.5604,0.30,0.60
2008.03.20 07:13:48.099,1.5601,1.5604,0.30,0.60
2008.03.20 07:13:48.421,1.5601,1.5604,0.30,0.60
2008.03.20 07:13:48.730,1.5601,1.5604,0.30,0.60
2008.03.20 07:13:49.038,1.5601,1.5604,0.30,0.60
2008.03.20 07:13:49.322,1.5601,1.5604,0.30,0.60
2008.03.20 07:13:49.605,1.5601,1.5604,0.30,0.60
2008.03.20 07:13:49.889,1.5601,1.5604,0.30,0.60
2008.03.20 07:13:50.173,1.5601,1.5604,0.30,0.60
2008.03.20 07:13:50.431,1.5601,1.5604,0.30,0.60
2008.03.20 07:13:50.689,1.5601,1.5604,0.30,0.60
2008.03.20 07:13:50.958,1.5601,1.5604,0.30,0.60
2008.03.20 07:13:51.216,1.5601,1.5604,0.30,0.60
2008.03.20 07:13:51.484,1.5601,1.5604,0.30,0.60
2008.03.20 07:13:51.754,1.5601,1.5604,0.30,0.60
2008.03.20 07:13:52.023,1.5601,1.5604,0.30,0.60
2008.03.20 07:13:52.306,1.5601,1.5604,0.30,0.60
2008.03.20 07:13:52.590,1.5601,1.5604,0.30,0.60
2008.03.20 07:13:52.875,1.5601,1.5604,0.30,0.60
2008.03.20 07:13:53.158,1.5601,1.5604,0.30,0.60
2008.03.20 07:13:53.387,1.5601,1.5604,0.30,0.60
2008.03.20 07:13:53.617,1.5601,1.5604,0.30,0.60
2008.03.20 07:13:53.846,1.5601,1.5604,0.30,0.60
2008.03.20 07:13:54.074,1.5601,1.5604,0.30,0.60
2008.03.20 07:13:54.408,1.5601,1.5604,0.30,0.60
2008.03.20 07:13:54.741,1.5601,1.5604,0.30,0.60
2008.03.20 07:13:55.077,1.5601,1.5604,0.30,0.60
2008.03.20 07:13:55.311,1.5601,1.5604,0.30,0.60
2008.03.20 07:13:55.544,1.5601,1.5604,0.30,0.60
2008.03.20 07:13:55.779,1.5601,1.5604,0.30,0.60
2008.03.20 07:13:56.012,1.5601,1.5604,0.30,0.60
2008.03.20 07:13:56.246,1.5601,1.5604,0.30,0.60
2008.03.20 07:13:56.565,1.5601,1.5604,0.30,0.60
2008.03.20 07:13:56.883,1.5601,1.5604,0.30,0.60
2008.03.20 07:13:57.203,1.5601,1.5604,0.30,0.60
2008.03.20 07:13:57.441,1.5601,1.5604,0.30,0.60
2008.03.20 07:13:57.680,1.5601,1.5604,0.30,0.60
2008.03.20 07:13:57.918,1.5601,1.5604,0.30,0.60
2008.03.20 07:13:58.156,1.5601,1.5604,0.30,0.60
2008.03.20 07:13:58.442,1.5601,1.5604,0.30,0.60
2008.03.20 07:13:58.726,1.5601,1.5604,0.30,0.60
2008.03.20 07:13:59.011,1.5601,1.5604,0.30,0.60
2008.03.20 07:13:59.294,1.5601,1.5604,0.30,0.60
2008.03.20 07:13:59.588,1.5601,1.5604,0.30,0.60
2008.03.20 07:13:59.886,1.5601,1.5604,0.30,0.60
2008.03.20 07:14:00.180,1.5601,1.5604,0.30,0.60
2008.03.20 07:14:00.408,1.5601,1.5604,0.30,0.60
2008.03.20 07:14:00.636,1.5601,1.5604,0.30,0.60
2008.03.20 07:14:00.865,1.5601,1.5604,0.30,0.60
2008.03.20 07:14:01.094,1.5601,1.5604,0.30,0.60
2008.03.20 07:14:01.419,1.5601,1.5604,0.30,0.60
2008.03.20 07:14:01.742,1.5601,1.5604,0.30,0.60
2008.03.20 07:14:02.066,1.5601,1.5604,0.30,0.60
2008.03.20 07:14:02.326,1.5601,1.5604,0.30,0.60
2008.03.20 07:14:02.585,1.5601,1.5604,0.30,0.60
2008.03.20 07:14:02.844,1.5601,1.5604,0.30,0.60
2008.03.20 07:14:03.102,1.5601,1.5604,0.30,0.60
2008.03.20 07:14:03.397,1.5601,1.5604,0.30,0.60
2008.03.20 07:14:03.690,1.5601,1.5604,0.30,0.60
2008.03.20 07:14:03.983,1.5601,1.5604,0.30,0.60
2008.03.20 07:14:04.279,1.5601,1.5604,0.30,0.60
2008.03.20 07:14:04.569,1.56015,1.5604,0.80,0.60
2008.03.20 07:14:04.859,1.56015,1.56045,1.00,0.50
2008.03.20 07:14:05.148,1.56015,1.56045,0.50,0.20
2008.03.20 07:14:05.424,1.56015,1.56045,0.40,0.90
2008.03.20 07:14:05.700,1.56015,1.56045,0.40,0.90
2008.03.20 07:14:05.974,1.56015,1.56045,0.40,0.90
2008.03.20 07:14:06.261,1.56015,1.56035,0.40,0.20
2008.03.20 07:14:06.554,1.56015,1.56035,0.40,0.20
2008.03.20 07:14:06.861,1.56015,1.5604,0.40,0.20
2008.03.20 07:14:07.165,1.56015,1.5604,0.40,0.20
2008.03.20 07:14:07.469,1.56015,1.56035,0.40,0.90
2008.03.20 07:14:07.724,1.56015,1.56035,0.40,0.90
2008.03.20 07:14:07.978,1.56015,1.56025,0.40,0.80
2008.03.20 07:14:08.236,1.56015,1.5603,0.40,0.20
2008.03.20 07:14:08.491,1.56015,1.5603,0.40,0.20
2008.03.20 07:14:08.775,1.56015,1.5603,0.40,0.20
2008.03.20 07:14:09.060,1.56015,1.56035,0.40,0.90
2008.03.20 07:14:09.345,1.56015,1.56035,0.40,0.90
2008.03.20 07:14:09.670,1.56,1.56035,0.30,0.90
2008.03.20 07:14:09.995,1.55995,1.5603,13.60,0.20
2008.03.20 07:14:10.319,1.55995,1.56035,13.80,0.90
2008.03.20 07:14:10.563,1.55995,1.56035,13.80,0.90
2008.03.20 07:14:10.808,1.55995,1.56035,13.80,0.90
2008.03.20 07:14:11.052,1.55995,1.56035,13.80,0.90
2008.03.20 07:14:11.295,1.55995,1.56035,13.80,0.90
2008.03.20 07:14:11.541,1.55995,1.56035,13.80,0.90
2008.03.20 07:14:11.859,1.56,1.56035,0.30,0.90
2008.03.20 07:14:12.178,1.56,1.56035,0.30,0.90
2008.03.20 07:14:12.498,1.55995,1.56035,13.80,0.90
2008.03.20 07:14:12.742,1.55995,1.56035,13.80,0.90
2008.03.20 07:14:12.986,1.55995,1.56035,13.80,0.90
2008.03.20 07:14:13.230,1.55995,1.56035,13.80,0.90
2008.03.20 07:14:13.476,1.56,1.5603,0.30,0.20
2008.03.20 07:14:13.781,1.55995,1.5603,1.80,0.50
2008.03.20 07:14:14.086,1.55995,1.56025,1.80,0.20
2008.03.20 07:14:14.392,1.55995,1.56025,1.80,0.20
2008.03.20 07:14:14.679,1.55995,1.56025,1.80,0.20
2008.03.20 07:14:14.968,1.55995,1.56025,1.80,0.20
2008.03.20 07:14:15.256,1.55995,1.56025,1.80,0.20
2008.03.20 07:14:15.546,1.55995,1.56025,1.80,0.20
2008.03.20 07:14:15.795,1.55995,1.56025,0.80,0.90
2008.03.20 07:14:16.044,1.55995,1.56025,0.80,1.20
2008.03.20 07:14:16.293,1.56025,1.5603,0.40,0.20
2008.03.20 07:14:16.544,1.56,1.5603,0.30,0.20
2008.03.20 07:14:16.824,1.56,1.5603,0.30,0.20
2008.03.20 07:14:17.103,1.56,1.5603,0.60,0.20
2008.03.20 07:14:17.382,1.56,1.56035,0.60,0.90
2008.03.20 07:14:17.661,1.56005,1.56035,0.80,0.20
2008.03.20 07:14:17.924,1.56005,1.5604,0.80,0.50
2008.03.20 07:14:18.190,1.56,1.56035,0.60,0.90
2008.03.20 07:14:18.454,1.56,1.56035,0.80,0.90
2008.03.20 07:14:18.719,1.56005,1.56035,0.30,0.90
2008.03.20 07:14:18.983,1.56005,1.56035,1.00,0.20
2008.03.20 07:14:19.247,1.56005,1.56035,1.00,0.20
2008.03.20 07:14:19.510,1.56005,1.56035,1.00,0.20
2008.03.20 07:14:19.774,1.56005,1.56035,1.00,0.20
2008.03.20 07:14:20.087,1.56005,1.56035,1.00,0.20
2008.03.20 07:14:20.401,1.56005,1.5604,1.00,0.20
2008.03.20 07:14:20.718,1.5603,1.56055,0.30,0.30
2008.03.20 07:14:20.957,1.5602,1.56055,0.30,0.30
2008.03.20 07:14:21.199,1.56035,1.56065,0.40,0.90
2008.03.20 07:14:21.438,1.56035,1.56065,0.40,0.90
2008.03.20 07:14:21.678,1.56035,1.5606,0.40,0.20
2008.03.20 07:14:21.998,1.56035,1.56065,12.00,9.20
2008.03.20 07:14:22.318,1.56015,1.5603,1.00,0.40
2008.03.20 07:14:22.637,1.56015,1.56045,0.30,12.20
2008.03.20 07:14:22.899,1.56005,1.5604,0.30,0.60
2008.03.20 07:14:23.158,1.56005,1.56035,0.30,0.30
2008.03.20 07:14:23.417,1.56005,1.56035,1.00,0.30
2008.03.20 07:14:23.676,1.56005,1.56035,1.00,0.30
2008.03.20 07:14:23.961,1.56005,1.5603,1.00,0.40
2008.03.20 07:14:24.246,1.56005,1.5603,1.00,0.40
2008.03.20 07:14:24.544,1.56005,1.56035,1.00,0.30
2008.03.20 07:14:24.827,1.56005,1.56035,1.00,0.30
2008.03.20 07:14:25.153,1.56005,1.56035,1.00,0.30
2008.03.20 07:14:25.478,1.56005,1.5603,1.00,0.40
2008.03.20 07:14:25.805,1.56005,1.56035,1.00,4.20
2008.03.20 07:14:26.061,1.56005,1.5603,1.00,0.40
2008.03.20 07:14:26.318,1.56005,1.5603,1.00,0.40
2008.03.20 07:14:26.571,1.56005,1.5603,1.00,0.40
2008.03.20 07:14:26.825,1.56005,1.5603,1.00,0.40
2008.03.20 07:14:27.145,1.56005,1.5603,1.00,0.40
2008.03.20 07:14:27.449,1.56005,1.5603,1.00,0.40
2008.03.20 07:14:27.762,1.56005,1.5603,1.00,0.40
2008.03.20 07:14:28.021,1.56005,1.5603,1.00,0.40
2008.03.20 07:14:28.276,1.56005,1.56035,1.00,0.30
2008.03.20 07:14:28.532,1.56005,1.56035,1.00,0.30
2008.03.20 07:14:28.789,1.56005,1.56035,1.00,0.30
2008.03.20 07:14:29.098,1.56005,1.56035,1.00,0.30
2008.03.20 07:14:29.408,1.56005,1.56035,1.00,0.30
2008.03.20 07:14:29.717,1.56005,1.56035,1.00,0.30
2008.03.20 07:14:30.008,1.56005,1.5603,1.00,0.40
2008.03.20 07:14:30.300,1.56005,1.5603,1.00,0.40
2008.03.20 07:14:30.589,1.56005,1.5603,1.00,0.40
2008.03.20 07:14:30.877,1.56005,1.5603,1.00,0.40
2008.03.20 07:14:31.151,1.56005,1.5603,1.00,0.40
2008.03.20 07:14:31.425,1.56005,1.5603,1.00,0.40
2008.03.20 07:14:31.700,1.56005,1.5603,1.00,0.40
2008.03.20 07:14:31.975,1.56005,1.5603,1.00,0.40
2008.03.20 07:14:32.281,1.56005,1.56045,1.30,13.80
2008.03.20 07:14:32.587,1.56005,1.5604,1.00,0.60
2008.03.20 07:14:32.892,1.5601,1.5604,0.40,0.40
2008.03.20 07:14:33.153,1.56015,1.56045,0.40,12.00
2008.03.20 07:14:33.392,1.56015,1.56045,0.40,12.00
2008.03.20 07:14:33.642,1.56015,1.56045,1.30,12.00
2008.03.20 07:14:33.904,1.56005,1.56045,1.30,12.20
2008.03.20 07:14:34.219,1.56005,1.56035,1.00,0.30
2008.03.20 07:14:34.533,1.56005,1.56035,1.00,4.20
2008.03.20 07:14:34.849,1.56005,1.5603,1.00,0.40
2008.03.20 07:14:35.120,1.56005,1.5603,1.00,0.40
2008.03.20 07:14:35.368,1.56005,1.5603,1.00,0.40
2008.03.20 07:14:35.627,1.56005,1.5603,1.00,0.40
2008.03.20 07:14:35.886,1.56005,1.5603,1.00,0.40
2008.03.20 07:14:36.170,1.56005,1.5603,1.00,0.40
2008.03.20 07:14:36.454,1.56005,1.5603,1.00,0.40
2008.03.20 07:14:36.739,1.56005,1.5603,1.00,0.40
2008.03.20 07:14:37.024,1.56005,1.5603,1.00,0.40
2008.03.20 07:14:37.326,1.56005,1.5603,1.00,0.40
2008.03.20 07:14:37.615,1.56005,1.5603,1.00,0.40
2008.03.20 07:14:37.904,1.56005,1.5603,1.00,0.40
2008.03.20 07:14:38.149,1.56005,1.5603,1.00,0.40
2008.03.20 07:14:38.392,1.56005,1.5603,1.00,0.40
2008.03.20 07:14:38.635,1.56005,1.5603,1.00,0.40
2008.03.20 07:14:38.879,1.56005,1.5603,1.00,0.40
2008.03.20 07:14:39.214,1.56005,1.5603,1.00,0.40
2008.03.20 07:14:39.548,1.56005,1.5604,1.00,0.60
2008.03.20 07:14:39.883,1.56005,1.5604,1.00,0.30
2008.03.20 07:14:40.129,1.5601,1.56045,0.60,12.00
2008.03.20 07:14:40.374,1.5601,1.56045,0.30,12.20
2008.03.20 07:14:40.620,1.5601,1.56045,0.60,12.00
2008.03.20 07:14:40.864,1.56005,1.56045,1.00,12.20
2008.03.20 07:14:41.179,1.56005,1.5604,1.00,0.40
2008.03.20 07:14:41.495,1.56005,1.5604,1.00,0.60
2008.03.20 07:14:41.810,1.56005,1.5604,1.00,0.60
2008.03.20 07:14:42.127,1.56005,1.56045,1.00,12.20
2008.03.20 07:14:42.370,1.56005,1.56045,1.00,12.20
2008.03.20 07:14:42.614,1.56005,1.5604,1.00,0.60
2008.03.20 07:14:42.859,1.56005,1.5604,1.00,0.60
2008.03.20 07:14:43.102,1.56005,1.5604,1.30,0.40
2008.03.20 07:14:43.438,1.56005,1.5604,1.00,0.40
2008.03.20 07:14:43.772,1.56005,1.5604,1.00,0.40
2008.03.20 07:14:44.108,1.56005,1.56035,1.00,0.30
2008.03.20 07:14:44.368,1.56005,1.5603,1.00,0.40
2008.03.20 07:14:44.628,1.56005,1.5603,1.00,0.40
2008.03.20 07:14:44.894,1.56005,1.5603,1.00,0.40
2008.03.20 07:14:45.165,1.56005,1.5603,1.00,0.40
2008.03.20 07:14:45.428,1.56005,1.5603,1.00,0.40
2008.03.20 07:14:45.682,1.56005,1.5603,1.00,0.40
2008.03.20 07:14:45.936,1.56005,1.5603,1.00,0.40
2008.03.20 07:14:46.230,1.56005,1.5603,1.00,0.40
2008.03.20 07:14:46.522,1.56005,1.5603,1.00,0.40
2008.03.20 07:14:46.816,1.56005,1.5603,1.00,0.40
2008.03.20 07:14:47.110,1.56005,1.5603,1.00,0.40
2008.03.20 07:14:47.385,1.56005,1.5603,1.00,0.40
2008.03.20 07:14:47.659,1.56005,1.5603,1.00,0.40
2008.03.20 07:14:47.933,1.56005,1.5603,1.00,0.40
2008.03.20 07:14:48.219,1.56005,1.5603,1.00,0.40
2008.03.20 07:14:48.446,1.56005,1.5603,1.00,0.40
2008.03.20 07:14:48.684,1.56005,1.5603,1.00,0.40
2008.03.20 07:14:48.923,1.56005,1.5603,1.00,0.40
2008.03.20 07:14:49.162,1.56005,1.5603,1.00,0.40
2008.03.20 07:14:49.497,1.56005,1.5603,1.00,0.40
2008.03.20 07:14:49.831,1.56005,1.5603,1.00,0.40
2008.03.20 07:14:50.164,1.56005,1.5603,1.00,0.40
2008.03.20 07:14:50.402,1.56005,1.5603,1.00,0.40
2008.03.20 07:14:50.642,1.56005,1.5603,1.00,0.40
2008.03.20 07:14:50.881,1.56005,1.5603,1.00,0.40
2008.03.20 07:14:51.120,1.56005,1.5603,1.00,0.40
2008.03.20 07:14:51.434,1.56005,1.5603,1.00,0.40
2008.03.20 07:14:51.750,1.56005,1.5603,1.00,0.40
2008.03.20 07:14:52.065,1.56005,1.5603,1.00,0.40
2008.03.20 07:14:52.276,1.56005,1.5603,1.00,0.40
2008.03.20 07:14:52.484,1.56005,1.5603,1.00,0.40
2008.03.20 07:14:52.691,1.56005,1.5603,1.00,0.40
2008.03.20 07:14:52.902,1.56005,1.5603,1.00,0.40
2008.03.20 07:14:53.123,1.56005,1.5603,1.00,0.40
2008.03.20 07:14:53.436,1.56005,1.5603,1.00,0.40
2008.03.20 07:14:53.759,1.56005,1.5603,1.00,0.40
2008.03.20 07:14:54.095,1.56005,1.5603,1.00,0.40
2008.03.20 07:14:54.337,1.56005,1.5603,1.00,0.40
2008.03.20 07:14:54.591,1.56005,1.5603,1.00,0.40
2008.03.20 07:14:54.845,1.56005,1.5603,1.00,0.40
2008.03.20 07:14:55.099,1.56005,1.5603,1.00,0.40
2008.03.20 07:14:55.379,1.5601,1.5604,0.60,0.60
2008.03.20 07:14:55.659,1.56015,1.5604,0.30,0.40
2008.03.20 07:14:55.939,1.56015,1.5604,1.80,0.40
2008.03.20 07:14:56.219,1.56015,1.5604,1.80,0.40
2008.03.20 07:14:56.498,1.56015,1.5604,1.80,0.40
2008.03.20 07:14:56.769,1.56015,1.5604,1.80,0.40
2008.03.20 07:14:57.039,1.56015,1.5604,1.60,0.60
2008.03.20 07:14:57.308,1.5601,1.5604,0.60,0.60
2008.03.20 07:14:57.564,1.56005,1.5603,1.80,0.40
2008.03.20 07:14:57.819,1.56005,1.5603,1.80,0.40
2008.03.20 07:14:58.072,1.56005,1.5603,1.80,0.40
2008.03.20 07:14:58.338,1.56005,1.5603,1.80,0.40
2008.03.20 07:14:58.609,1.56005,1.5603,1.80,0.40
2008.03.20 07:14:58.893,1.56005,1.5603,1.80,0.40
2008.03.20 07:14:59.178,1.56005,1.5603,0.30,0.60
2008.03.20 07:14:59.463,1.56,1.5603,0.60,0.60
2008.03.20 07:14:59.776,1.56005,1.5603,0.80,0.40
2008.03.20 07:15:00.091,1.56005,1.5603,1.00,0.40
2008.03.20 07:15:00.404,1.56005,1.5603,1.00,0.40
2008.03.20 07:15:00.633,1.56005,1.5603,1.00,0.40
2008.03.20 07:15:00.862,1.56005,1.5603,1.00,0.40
2008.03.20 07:15:01.091,1.56005,1.5603,1.00,0.40
2008.03.20 07:15:01.320,1.56005,1.5603,1.00,0.40
2008.03.20 07:15:01.559,1.56005,1.5603,1.00,0.40
2008.03.20 07:15:01.851,1.56005,1.5603,1.00,0.40
2008.03.20 07:15:02.156,1.56005,1.5603,1.00,0.40
2008.03.20 07:15:02.460,1.56005,1.5603,1.00,0.40
2008.03.20 07:15:02.729,1.56005,1.5603,1.00,0.40
2008.03.20 07:15:02.999,1.56005,1.5603,1.00,0.40
2008.03.20 07:15:03.268,1.56005,1.5603,1.00,0.40
2008.03.20 07:15:03.537,1.56005,1.5603,1.00,0.40
2008.03.20 07:15:03.790,1.56005,1.5603,1.00,0.40
2008.03.20 07:15:04.043,1.56005,1.5603,1.00,0.40
2008.03.20 07:15:04.298,1.56005,1.5603,1.00,0.40
2008.03.20 07:15:04.552,1.56005,1.5603,1.00,0.40
2008.03.20 07:15:04.885,1.56005,1.5603,1.00,0.40
2008.03.20 07:15:05.210,1.56005,1.5603,1.00,0.40
2008.03.20 07:15:05.534,1.56005,1.5603,1.00,0.40
2008.03.20 07:15:05.768,1.56005,1.5603,1.00,0.40
2008.03.20 07:15:06.004,1.56005,1.5603,1.00,0.40
2008.03.20 07:15:06.237,1.56005,1.5603,1.00,0.40
2008.03.20 07:15:06.471,1.56005,1.5603,1.00,0.40
2008.03.20 07:15:06.788,1.56005,1.5603,1.00,0.40
2008.03.20 07:15:07.106,1.56005,1.5603,1.00,0.40
2008.03.20 07:15:07.427,1.56005,1.5603,1.00,0.40
2008.03.20 07:15:07.753,1.56005,1.5603,1.00,0.40
2008.03.20 07:15:07.988,1.56005,1.5603,1.00,0.40
2008.03.20 07:15:08.233,1.56005,1.5603,1.00,0.40
2008.03.20 07:15:08.467,1.56005,1.5603,1.00,0.40
2008.03.20 07:15:10.451,1.56005,1.5603,1.00,0.40
2008.03.20 07:15:10.817,1.56005,1.5603,1.00,0.40
2008.03.20 07:15:12.166,1.56005,1.5603,1.00,0.40
2008.03.20 07:15:12.478,1.56,1.56025,0.30,1.80
2008.03.20 07:15:12.812,1.56,1.56025,0.30,1.80
2008.03.20 07:15:13.147,1.56,1.56025,0.30,1.80
2008.03.20 07:15:13.394,1.56,1.56025,0.50,1.60
2008.03.20 07:15:15.390,1.56005,1.5603,9.00,0.40
2008.03.20 07:15:15.465,1.55995,1.5602,1.80,0.40
2008.03.20 07:15:15.539,1.55995,1.5602,1.80,0.40
2008.03.20 07:15:15.612,1.55995,1.5602,1.80,0.40
2008.03.20 07:15:15.687,1.55995,1.5602,1.80,0.40
2008.03.20 07:15:15.760,1.55995,1.5602,1.80,0.40
2008.03.20 07:15:15.833,1.55995,1.5602,1.80,0.40
2008.03.20 07:15:15.917,1.55995,1.5602,1.80,0.40
2008.03.20 07:15:15.984,1.55995,1.5602,1.80,0.40
2008.03.20 07:15:16.071,1.55995,1.5602,1.80,0.40
2008.03.20 07:15:16.129,1.55995,1.5602,1.80,0.40
2008.03.20 07:15:16.218,1.55995,1.5602,1.80,0.40
2008.03.20 07:15:16.287,1.55995,1.5602,1.80,0.40
2008.03.20 07:15:16.361,1.55995,1.5602,1.80,0.40
2008.03.20 07:15:16.445,1.55995,1.5602,1.80,0.40
2008.03.20 07:15:16.778,1.55995,1.5602,1.80,0.40
2008.03.20 07:15:17.112,1.55995,1.5602,1.80,0.40
2008.03.20 07:15:17.447,1.55995,1.5602,1.80,0.40
2008.03.20 07:15:17.662,1.55995,1.5602,1.80,0.40
2008.03.20 07:15:17.888,1.55995,1.5602,1.80,0.40
2008.03.20 07:15:18.102,1.55995,1.5602,1.80,0.40
2008.03.20 07:15:18.314,1.55995,1.5602,1.80,0.40
2008.03.20 07:15:18.528,1.55995,1.5602,1.00,0.40
2008.03.20 07:15:18.863,1.55995,1.5601,0.80,0.40
2008.03.20 07:15:19.199,1.55985,1.5601,8.80,0.40
2008.03.20 07:15:19.533,1.5599,1.56015,0.30,0.20
2008.03.20 07:15:19.787,1.5599,1.5602,0.30,0.70
2008.03.20 07:15:20.040,1.5599,1.5602,0.30,0.70
2008.03.20 07:15:20.295,1.5599,1.5602,0.30,0.70
2008.03.20 07:15:20.550,1.5599,1.5602,0.30,0.70
2008.03.20 07:15:20.848,1.55985,1.56015,12.20,0.30
2008.03.20 07:15:21.146,1.55985,1.56015,0.30,0.30
2008.03.20 07:15:21.442,1.55985,1.56015,1.00,0.30
2008.03.20 07:15:21.736,1.55985,1.56015,1.00,0.30
2008.03.20 07:15:22.005,1.55985,1.56015,1.00,0.30
2008.03.20 07:15:22.284,1.55985,1.5601,1.00,0.40
2008.03.20 07:15:22.562,1.55985,1.56015,1.00,0.30
2008.03.20 07:15:22.842,1.5599,1.5602,0.60,0.60
2008.03.20 07:15:23.095,1.5599,1.5602,0.60,0.60
2008.03.20 07:15:23.348,1.5599,1.5602,0.60,0.60
2008.03.20 07:15:23.601,1.5599,1.5602,0.60,0.60
2008.03.20 07:15:23.877,1.5599,1.5601,0.30,0.40
2008.03.20 07:15:24.152,1.55985,1.5601,9.80,0.40
2008.03.20 07:15:24.429,1.55985,1.5601,8.80,0.40
2008.03.20 07:15:24.704,1.55985,1.56,0.80,0.40
2008.03.20 07:15:25.008,1.55985,1.56,0.80,0.40
2008.03.20 07:15:25.314,1.55985,1.56,0.80,0.40
2008.03.20 07:15:25.622,1.55985,1.5601,8.80,0.40
2008.03.20 07:15:25.928,1.55985,1.5601,8.80,0.40
2008.03.20 07:15:26.194,1.55985,1.5601,9.80,0.40
2008.03.20 07:15:26.457,1.5599,1.5602,0.30,0.70
2008.03.20 07:15:26.721,1.5599,1.5602,0.60,0.60
2008.03.20 07:15:26.991,1.5599,1.5602,0.60,0.60
2008.03.20 07:15:27.260,1.5599,1.5602,0.60,0.60
2008.03.20 07:15:27.529,1.5599,1.5602,0.60,0.60
2008.03.20 07:15:27.799,1.5599,1.5602,0.60,0.60
2008.03.20 07:15:28.089,1.5599,1.5602,0.60,0.60
2008.03.20 07:15:28.377,1.5599,1.5602,0.60,0.60
2008.03.20 07:15:28.666,1.5599,1.5602,0.60,0.60
2008.03.20 07:15:28.957,1.5599,1.5602,0.60,0.60
2008.03.20 07:15:29.227,1.5599,1.56015,0.60,4.00
2008.03.20 07:15:29.496,1.5599,1.5601,0.30,0.40
2008.03.20 07:15:29.775,1.55985,1.5601,9.80,0.40
2008.03.20 07:15:30.058,1.55985,1.5601,9.80,0.40
2008.03.20 07:15:30.357,1.55985,1.5601,9.80,0.40
2008.03.20 07:15:30.655,1.55985,1.5601,9.80,0.40
2008.03.20 07:15:30.956,1.55985,1.5601,9.80,0.40
2008.03.20 07:15:31.256,1.55985,1.55995,8.80,0.30
2008.03.20 07:15:31.507,1.55985,1.55995,0.80,0.30
2008.03.20 07:15:31.758,1.55975,1.56005,9.10,0.90
2008.03.20 07:15:32.007,1.55975,1.56005,9.10,0.90
2008.03.20 07:15:32.266,1.55975,1.56005,9.10,0.90
2008.03.20 07:15:32.526,1.55975,1.56005,9.10,0.90
2008.03.20 07:15:32.791,1.55975,1.56005,9.10,0.90
2008.03.20 07:15:33.055,1.55975,1.56005,9.10,0.90
2008.03.20 07:15:33.364,1.5597,1.56005,0.40,0.90
2008.03.20 07:15:33.662,1.5597,1.56005,0.50,0.90
2008.03.20 07:15:33.957,1.5597,1.56005,0.80,0.90
2008.03.20 07:15:34.253,1.5597,1.56005,0.80,0.90
2008.03.20 07:15:34.575,1.55965,1.55995,9.30,0.80
2008.03.20 07:15:34.894,1.55965,1.55995,8.80,0.80
2008.03.20 07:15:35.219,1.55965,1.5599,8.80,0.40
2008.03.20 07:15:35.445,1.55965,1.5599,8.80,0.40
2008.03.20 07:15:35.676,1.55965,1.5599,9.10,0.40
2008.03.20 07:15:35.907,1.55965,1.5599,9.10,0.60
2008.03.20 07:15:36.139,1.55965,1.5599,9.10,0.60
2008.03.20 07:15:36.452,1.55965,1.5599,9.10,0.60
2008.03.20 07:15:36.762,1.55965,1.55985,8.80,0.30
2008.03.20 07:15:37.072,1.55965,1.55985,8.80,0.30
2008.03.20 07:15:37.355,1.55965,1.55985,8.80,0.30
2008.03.20 07:15:37.633,1.55965,1.55985,8.80,0.30
2008.03.20 07:15:37.913,1.55965,1.55985,8.80,0.30
2008.03.20 07:15:38.193,1.55965,1.55985,8.80,0.30
2008.03.20 07:15:38.462,1.55965,1.55985,8.80,0.30
2008.03.20 07:15:38.734,1.55965,1.5597,0.80,0.30
2008.03.20 07:15:39.006,1.5596,1.55965,8.80,0.30
2008.03.20 07:15:39.288,1.55965,1.5598,0.80,0.30
2008.03.20 07:15:39.603,1.55965,1.5598,8.80,0.30
2008.03.20 07:15:39.917,1.55965,1.5598,8.80,0.30
2008.03.20 07:15:40.233,1.55965,1.5599,8.80,0.30
2008.03.20 07:15:40.483,1.55965,1.55985,8.80,0.30
2008.03.20 07:15:40.737,1.55965,1.5598,8.80,0.30
2008.03.20 07:15:40.987,1.55965,1.5598,8.80,0.30
2008.03.20 07:15:41.236,1.55965,1.5598,8.80,0.30
2008.03.20 07:15:41.549,1.55965,1.55995,8.80,1.20
2008.03.20 07:15:41.858,1.55965,1.5599,8.80,0.30
2008.03.20 07:15:42.169,1.55965,1.5599,8.80,0.30
2008.03.20 07:15:42.446,1.55965,1.5599,8.80,0.70
2008.03.20 07:15:42.723,1.55965,1.5599,8.80,0.70
2008.03.20 07:15:42.999,1.55965,1.5599,8.80,0.70
2008.03.20 07:15:43.273,1.55965,1.5599,8.80,0.70
2008.03.20 07:15:43.537,1.55965,1.55985,8.80,0.30
2008.03.20 07:15:43.802,1.55965,1.55985,8.80,0.30
2008.03.20 07:15:44.068,1.55965,1.5599,8.80,0.70
2008.03.20 07:15:44.335,1.55965,1.55985,8.80,0.20
2008.03.20 07:15:44.654,1.55965,1.5599,8.80,0.30
2008.03.20 07:15:44.975,1.55965,1.5599,8.80,0.20
2008.03.20 07:15:45.295,1.55965,1.5599,8.80,0.20
2008.03.20 07:15:45.617,1.55965,1.5599,8.80,0.20
2008.03.20 07:15:45.887,1.55965,1.5599,8.80,0.20
2008.03.20 07:15:46.158,1.55965,1.5599,8.80,0.20
2008.03.20 07:15:46.427,1.55965,1.5599,8.80,0.20
2008.03.20 07:15:46.663,1.55965,1.5599,8.80,0.20
2008.03.20 07:15:46.918,1.55965,1.5599,8.80,0.20
2008.03.20 07:15:47.158,1.55965,1.5599,8.80,0.20
2008.03.20 07:15:47.392,1.55965,1.5599,8.80,0.20
2008.03.20 07:15:47.639,1.55965,1.5599,8.80,0.20
2008.03.20 07:15:47.976,1.55965,1.5599,8.80,0.20
2008.03.20 07:15:48.311,1.55965,1.55995,8.80,0.90
2008.03.20 07:15:48.648,1.55965,1.55995,8.80,0.90
2008.03.20 07:15:48.880,1.55965,1.55995,8.80,0.90
2008.03.20 07:15:49.114,1.55965,1.55995,8.80,0.90
2008.03.20 07:15:49.349,1.55965,1.55995,9.10,0.90
2008.03.20 07:15:49.583,1.5597,1.55995,0.30,0.90
2008.03.20 07:15:49.908,1.5597,1.55995,0.30,0.90
2008.03.20 07:15:50.232,1.55965,1.55995,13.10,0.90
2008.03.20 07:15:50.558,1.55965,1.55995,8.80,0.90
2008.03.20 07:15:50.807,1.55965,1.55995,8.80,0.90
2008.03.20 07:15:51.046,1.55965,1.55995,8.80,0.90
2008.03.20 07:15:51.286,1.55965,1.55995,8.80,0.90
2008.03.20 07:15:51.525,1.55965,1.55995,8.80,0.90
2008.03.20 07:15:51.824,1.55965,1.55995,8.80,0.90
2008.03.20 07:15:52.124,1.55965,1.55995,8.80,0.90
2008.03.20 07:15:52.427,1.55965,1.55995,8.80,0.90
2008.03.20 07:15:52.726,1.55965,1.55995,8.80,0.90
2008.03.20 07:15:52.985,1.55965,1.55995,8.80,0.90
2008.03.20 07:15:53.246,1.55965,1.5599,8.80,0.50
2008.03.20 07:15:53.508,1.55965,1.5599,8.80,0.20
2008.03.20 07:15:53.769,1.55965,1.55985,8.80,0.30
2008.03.20 07:15:54.045,1.55965,1.55985,8.80,0.30
2008.03.20 07:15:54.332,1.55965,1.55985,0.80,0.50
2008.03.20 07:15:54.604,1.55965,1.5598,0.80,0.30
2008.03.20 07:15:54.897,1.55965,1.5598,0.80,0.30
2008.03.20 07:15:55.193,1.55965,1.55985,0.80,0.20
2008.03.20 07:15:55.491,1.55965,1.5599,8.80,0.70
2008.03.20 07:15:55.788,1.55965,1.5599,8.80,0.70
2008.03.20 07:15:56.086,1.55965,1.5599,8.80,0.60
2008.03.20 07:15:56.379,1.55965,1.5599,8.80,0.60
2008.03.20 07:15:56.678,1.55965,1.5599,8.80,0.60
2008.03.20 07:15:56.921,1.55965,1.55995,8.80,1.20
2008.03.20 07:15:57.167,1.55965,1.56,9.80,0.70
2008.03.20 07:15:57.413,1.55965,1.56,9.80,0.70
2008.03.20 07:15:57.656,1.5597,1.56,0.30,0.40
2008.03.20 07:15:57.968,1.5597,1.56,0.30,0.60
2008.03.20 07:15:58.279,1.5597,1.56,0.30,0.60
2008.03.20 07:15:58.588,1.5597,1.56,0.30,0.60
2008.03.20 07:15:58.898,1.5597,1.56,0.30,0.60
2008.03.20 07:15:59.193,1.5597,1.5599,0.30,0.40
2008.03.20 07:15:59.489,1.5597,1.55995,0.30,4.00
2008.03.20 07:15:59.796,1.5597,1.56,0.30,0.60
2008.03.20 07:16:00.076,1.5597,1.56,0.30,0.60
2008.03.20 07:16:00.357,1.5597,1.5599,0.30,0.40
2008.03.20 07:16:00.636,1.5597,1.5599,0.30,0.40
2008.03.20 07:16:00.918,1.55965,1.55995,9.80,0.30
2008.03.20 07:16:01.219,1.55965,1.5599,9.80,0.40
2008.03.20 07:16:01.519,1.55965,1.56,9.80,0.70
2008.03.20 07:16:01.819,1.55965,1.56,9.80,0.70
2008.03.20 07:16:02.081,1.5597,1.56,0.30,0.60
2008.03.20 07:16:02.351,1.5597,1.56,0.30,0.40
2008.03.20 07:16:02.612,1.5597,1.56,0.30,0.40
2008.03.20 07:16:02.875,1.5597,1.56,0.30,0.40
2008.03.20 07:16:03.178,1.5597,1.56,0.30,0.60
2008.03.20 07:16:03.485,1.5597,1.55995,0.30,0.30
2008.03.20 07:16:03.789,1.55965,1.55985,9.80,0.30
2008.03.20 07:16:04.043,1.55965,1.5598,9.80,0.30
2008.03.20 07:16:04.299,1.55965,1.5598,8.80,0.30
2008.03.20 07:16:04.555,1.55965,1.5599,8.80,0.60
2008.03.20 07:16:04.810,1.55965,1.55995,0.80,1.20
2008.03.20 07:16:05.130,1.55965,1.5599,9.60,0.40
2008.03.20 07:16:05.458,1.5597,1.56,0.60,0.40
2008.03.20 07:16:05.777,1.5597,1.56,0.30,0.60
2008.03.20 07:16:06.054,1.5597,1.55985,0.30,0.30
2008.03.20 07:16:06.324,1.55965,1.55985,9.80,0.30
2008.03.20 07:16:06.595,1.55965,1.5599,9.80,0.30
2008.03.20 07:16:06.863,1.55965,1.5599,9.80,0.30
2008.03.20 07:16:07.152,1.55965,1.5599,8.80,0.50
2008.03.20 07:16:07.453,1.55975,1.55995,8.00,3.30
2008.03.20 07:16:07.737,1.5601,1.5603,0.30,0.40
2008.03.20 07:16:08.024,1.5601,1.5603,0.30,0.40
2008.03.20 07:16:08.309,1.5601,1.5603,1.00,0.40
2008.03.20 07:16:08.594,1.5601,1.5603,1.00,0.40
2008.03.20 07:16:08.880,1.5601,1.5603,1.00,0.40
2008.03.20 07:16:09.129,1.5601,1.5603,1.00,0.40
2008.03.20 07:16:09.381,1.5601,1.5603,1.00,0.40
2008.03.20 07:16:09.629,1.5601,1.5604,1.20,1.10
2008.03.20 07:16:09.879,1.56015,1.5604,0.30,1.10
2008.03.20 07:16:10.213,1.56015,1.5604,0.30,1.10
2008.03.20 07:16:10.547,1.56015,1.5604,0.30,1.10
2008.03.20 07:16:10.883,1.5601,1.5604,1.20,1.10
2008.03.20 07:16:11.127,1.56035,1.5604,0.80,1.10
2008.03.20 07:16:11.373,1.56035,1.5605,1.00,0.40
2008.03.20 07:16:11.618,1.5604,1.5607,0.30,0.30
2008.03.20 07:16:11.876,1.5604,1.5607,0.30,0.50
2008.03.20 07:16:12.119,1.56045,1.5608,0.80,0.50
2008.03.20 07:16:12.453,1.56045,1.5608,1.00,0.30
2008.03.20 07:16:12.788,1.5605,1.5608,0.30,0.30
2008.03.20 07:16:13.123,1.5605,1.5608,0.30,0.30
2008.03.20 07:16:13.362,1.5605,1.5608,0.30,0.30
2008.03.20 07:16:13.601,1.5605,1.5608,0.30,0.30
2008.03.20 07:16:13.843,1.5604,1.5608,0.40,0.60
2008.03.20 07:16:14.084,1.5604,1.5608,0.40,0.60
2008.03.20 07:16:14.413,1.5604,1.5608,0.40,0.60
2008.03.20 07:16:14.744,1.56045,1.5608,0.80,0.60
2008.03.20 07:16:15.074,1.5605,1.5608,0.30,0.30
2008.03.20 07:16:15.338,1.56045,1.5608,1.00,0.30
2008.03.20 07:16:15.603,1.56055,1.5608,1.00,0.30
2008.03.20 07:16:15.869,1.56065,1.5609,1.00,0.30
2008.03.20 07:16:16.135,1.5607,1.561,0.30,0.60
2008.03.20 07:16:16.420,1.56075,1.561,0.80,0.40
2008.03.20 07:16:16.719,1.5607,1.56075,0.30,0.30
2008.03.20 07:16:17.004,1.56055,1.5609,1.00,0.60
2008.03.20 07:16:17.288,1.56055,1.5609,1.00,0.40
2008.03.20 07:16:17.572,1.56055,1.5609,1.30,0.40
2008.03.20 07:16:17.856,1.5606,1.5609,0.30,0.40
2008.03.20 07:16:18.141,1.56055,1.5609,1.00,0.40
2008.03.20 07:16:18.415,1.56055,1.5609,1.00,0.60
2008.03.20 07:16:18.701,1.5606,1.56095,0.30,0.30
2008.03.20 07:16:18.976,1.5606,1.5609,0.30,0.30
2008.03.20 07:16:19.250,1.5606,1.56095,0.30,0.30
2008.03.20 07:16:19.582,1.56065,1.56095,1.00,0.30
2008.03.20 07:16:19.901,1.56065,1.56095,1.00,0.30
2008.03.20 07:16:20.221,1.56065,1.56095,1.00,0.30
2008.03.20 07:16:20.466,1.56065,1.56095,1.00,0.30
2008.03.20 07:16:20.709,1.56065,1.56095,1.00,0.30
2008.03.20 07:16:20.953,1.56065,1.56095,1.00,0.30
2008.03.20 07:16:21.196,1.56065,1.56095,1.00,0.30
2008.03.20 07:16:21.502,1.56075,1.56105,1.00,0.80
2008.03.20 07:16:21.807,1.56065,1.56095,1.00,0.30
2008.03.20 07:16:22.111,1.56065,1.56095,1.00,0.30
2008.03.20 07:16:22.416,1.56065,1.56095,1.00,0.30
2008.03.20 07:16:22.690,1.56065,1.56095,1.00,0.30
2008.03.20 07:16:22.965,1.56065,1.56095,1.00,0.30
2008.03.20 07:16:23.239,1.56065,1.56095,1.00,0.30
2008.03.20 07:16:23.498,1.56065,1.56095,1.00,0.30
2008.03.20 07:16:23.757,1.56065,1.56095,1.00,0.30
2008.03.20 07:16:24.018,1.56065,1.56095,1.00,0.30
2008.03.20 07:16:24.277,1.56065,1.56095,1.00,0.30
2008.03.20 07:16:24.606,1.56065,1.56095,1.00,0.30
2008.03.20 07:16:24.936,1.56065,1.56095,1.00,0.30
2008.03.20 07:16:25.266,1.56065,1.56075,0.30,0.30
2008.03.20 07:16:25.492,1.5604,1.56085,0.30,1.60
2008.03.20 07:16:25.717,1.5604,1.5609,0.30,0.20
2008.03.20 07:16:25.943,1.5604,1.56085,0.30,0.80
2008.03.20 07:16:26.175,1.56035,1.5607,1.00,0.20
2008.03.20 07:16:26.410,1.56035,1.56065,1.00,0.30
2008.03.20 07:16:26.735,1.56035,1.56065,1.00,0.50
2008.03.20 07:16:27.083,1.56025,1.5606,1.00,0.30
2008.03.20 07:16:27.416,1.56025,1.5606,1.00,0.30
2008.03.20 07:16:27.633,1.56025,1.5606,1.00,0.50
2008.03.20 07:16:27.848,1.56025,1.5606,1.00,0.50
2008.03.20 07:16:28.062,1.56025,1.5606,1.00,0.50
2008.03.20 07:16:28.278,1.56025,1.5606,1.00,0.50
2008.03.20 07:16:28.602,1.56025,1.5606,1.00,0.50
2008.03.20 07:16:28.925,1.56025,1.5606,1.00,0.50
2008.03.20 07:16:29.250,1.56025,1.5606,1.00,0.50
2008.03.20 07:16:29.526,1.56025,1.5606,1.00,0.50
2008.03.20 07:16:29.789,1.56025,1.5606,1.00,0.50
2008.03.20 07:16:30.054,1.56025,1.5606,1.00,0.50
2008.03.20 07:16:30.319,1.56025,1.5606,1.00,0.50
2008.03.20 07:16:30.578,1.56025,1.5606,1.00,0.50
2008.03.20 07:16:30.837,1.56025,1.5606,1.00,0.50
2008.03.20 07:16:31.096,1.56025,1.5606,1.00,0.50
2008.03.20 07:16:31.365,1.56025,1.5606,1.00,0.50
2008.03.20 07:16:31.628,1.56025,1.5606,1.00,0.50
2008.03.20 07:16:31.893,1.5604,1.5606,0.40,0.20
2008.03.20 07:16:32.158,1.56035,1.5606,1.10,0.20
2008.03.20 07:16:32.425,1.5604,1.56075,0.50,0.90
2008.03.20 07:16:32.685,1.56045,1.5608,0.80,0.50
2008.03.20 07:16:32.945,1.56045,1.5608,1.00,0.50
2008.03.20 07:16:33.204,1.5605,1.5608,0.30,0.30
2008.03.20 07:16:33.463,1.5605,1.5608,0.60,0.30
2008.03.20 07:16:33.750,1.56045,1.5608,1.00,0.50
2008.03.20 07:16:34.033,1.56045,1.5608,1.00,0.50
2008.03.20 07:16:34.317,1.56045,1.5608,1.00,0.50
2008.03.20 07:16:34.602,1.56045,1.5608,1.00,0.50
2008.03.20 07:16:34.907,1.56045,1.5608,1.00,0.50
2008.03.20 07:16:35.212,1.56045,1.5608,1.00,0.50
2008.03.20 07:16:35.516,1.5605,1.5608,0.30,0.30
2008.03.20 07:16:35.771,1.56045,1.5608,1.00,0.50
2008.03.20 07:16:36.027,1.56045,1.5608,1.00,0.50
2008.03.20 07:16:36.283,1.5605,1.5608,0.30,0.50
2008.03.20 07:16:36.536,1.5605,1.5608,0.30,0.30
2008.03.20 07:16:36.852,1.5605,1.5608,0.30,0.30
2008.03.20 07:16:37.167,1.5605,1.5608,0.30,0.30
2008.03.20 07:16:37.489,1.5605,1.5608,0.30,0.50
2008.03.20 07:16:37.733,1.5605,1.5608,0.30,0.50
2008.03.20 07:16:37.978,1.56045,1.5608,1.00,0.50
2008.03.20 07:16:38.222,1.56045,1.5608,1.00,0.30
2008.03.20 07:16:38.467,1.5605,1.5608,0.30,0.30
2008.03.20 07:16:38.712,1.5605,1.5608,0.30,0.30
2008.03.20 07:16:39.026,1.5605,1.5608,0.30,0.30
2008.03.20 07:16:39.341,1.56045,1.5608,1.00,0.30
2008.03.20 07:16:39.656,1.5604,1.56075,0.30,0.80
2008.03.20 07:16:39.947,1.5604,1.56075,0.30,0.90
2008.03.20 07:16:40.237,1.5603,1.5607,0.30,0.20
2008.03.20 07:16:40.526,1.5603,1.5607,0.30,0.20
2008.03.20 07:16:40.816,1.5603,1.56065,0.30,0.90
2008.03.20 07:16:41.086,1.5602,1.5605,0.30,0.30
2008.03.20 07:16:41.356,1.56015,1.5605,1.00,0.50
2008.03.20 07:16:41.626,1.56015,1.5605,1.00,0.50
2008.03.20 07:16:41.921,1.56015,1.56035,0.30,0.30
2008.03.20 07:16:42.217,1.5601,1.56035,0.30,0.30
2008.03.20 07:16:42.513,1.5601,1.56025,0.30,0.30
2008.03.20 07:16:42.807,1.56005,1.56025,1.00,0.30
2008.03.20 07:16:43.056,1.5602,1.56035,0.40,0.20
2008.03.20 07:16:43.306,1.56015,1.5604,0.40,0.20
2008.03.20 07:16:43.555,1.56015,1.5604,0.40,0.20
2008.03.20 07:16:43.804,1.5601,1.5604,0.40,0.20
2008.03.20 07:16:44.084,1.56015,1.56045,0.50,0.80
2008.03.20 07:16:44.363,1.56015,1.5605,1.30,0.20
2008.03.20 07:16:44.642,1.56015,1.5605,1.30,0.20
2008.03.20 07:16:44.942,1.5602,1.5605,0.40,0.20
2008.03.20 07:16:45.242,1.5603,1.5606,0.30,0.30
2008.03.20 07:16:45.542,1.56025,1.56065,1.00,0.90
2008.03.20 07:16:45.841,1.5602,1.56065,0.30,0.90
2008.03.20 07:16:46.085,1.56015,1.5606,1.00,0.20
2008.03.20 07:16:46.331,1.5602,1.5606,0.30,0.20
2008.03.20 07:16:46.575,1.5602,1.5606,0.30,0.20
2008.03.20 07:16:46.818,1.5602,1.5606,0.30,0.20
2008.03.20 07:16:47.139,1.56025,1.5606,0.80,0.20
2008.03.20 07:16:47.451,1.56025,1.5606,1.00,0.20
2008.03.20 07:16:47.760,1.56025,1.5606,1.00,0.20
2008.03.20 07:16:48.020,1.5603,1.5606,0.30,0.20
2008.03.20 07:16:48.280,1.56025,1.5606,1.00,0.20
2008.03.20 07:16:48.541,1.56025,1.5606,1.00,0.20
2008.03.20 07:16:48.799,1.5603,1.5606,0.30,0.20
2008.03.20 07:16:49.089,1.5603,1.5606,0.30,0.20
2008.03.20 07:16:49.377,1.5603,1.5606,0.30,0.20
2008.03.20 07:16:49.667,1.5603,1.5606,0.30,0.20
2008.03.20 07:16:49.977,1.5603,1.5606,0.30,0.20
2008.03.20 07:16:50.285,1.5603,1.5606,0.30,0.20
2008.03.20 07:16:50.595,1.5603,1.5606,0.30,0.20
2008.03.20 07:16:50.905,1.56025,1.5606,1.00,0.20
2008.03.20 07:16:51.131,1.56025,1.5606,1.00,0.20
2008.03.20 07:16:51.355,1.56025,1.5606,1.00,0.20
2008.03.20 07:16:51.579,1.56025,1.5606,1.00,0.20
2008.03.20 07:16:51.808,1.56055,1.56085,0.40,0.90
2008.03.20 07:16:52.144,1.56055,1.5608,0.80,0.40
2008.03.20 07:16:52.480,1.56055,1.5609,1.30,0.60
2008.03.20 07:16:52.815,1.56055,1.56085,0.50,0.80
2008.03.20 07:16:53.029,1.56055,1.56085,0.40,0.90
2008.03.20 07:16:53.244,1.56055,1.56085,0.40,0.20
2008.03.20 07:16:53.456,1.56055,1.56085,0.40,0.20
2008.03.20 07:16:53.670,1.56055,1.56085,0.40,0.90
2008.03.20 07:16:53.888,1.56055,1.56085,0.40,0.90
2008.03.20 07:16:54.224,1.5605,1.56085,0.80,0.90
2008.03.20 07:16:54.558,1.56055,1.56085,0.30,0.90
2008.03.20 07:16:54.903,1.5605,1.56085,0.80,0.90
2008.03.20 07:16:55.167,1.5605,1.56065,0.60,0.30
2008.03.20 07:16:55.411,1.5604,1.56065,0.30,0.30
2008.03.20 07:16:55.666,1.56035,1.56065,1.00,0.30
2008.03.20 07:16:55.919,1.56035,1.56065,1.00,0.30
2008.03.20 07:16:56.204,1.56035,1.56065,1.00,0.30
2008.03.20 07:16:56.490,1.5604,1.56075,0.30,0.90
2008.03.20 07:16:56.775,1.5604,1.56075,0.30,0.90
2008.03.20 07:16:57.060,1.5604,1.56075,0.30,0.90
2008.03.20 07:16:57.325,1.5604,1.56075,0.30,0.90
2008.03.20 07:16:57.594,1.5604,1.56075,0.30,0.90
2008.03.20 07:16:57.860,1.5604,1.56075,0.30,0.90
2008.03.20 07:16:58.130,1.5604,1.56075,0.50,0.90
2008.03.20 07:16:58.400,1.5604,1.56075,0.50,0.90
2008.03.20 07:16:58.671,1.5604,1.56075,0.30,0.20
2008.03.20 07:16:58.943,1.5604,1.5607,0.30,0.30
2008.03.20 07:16:59.249,1.5604,1.56065,0.30,0.30
2008.03.20 07:16:59.557,1.5603,1.5606,0.30,0.30
2008.03.20 07:16:59.860,1.5603,1.5606,0.30,0.30
2008.03.20 07:17:00.133,1.5603,1.56065,0.30,0.20
2008.03.20 07:17:00.416,1.56045,1.56065,0.40,0.20
2008.03.20 07:17:00.703,1.56045,1.5607,0.40,0.20
2008.03.20 07:17:00.987,1.56045,1.56075,1.10,0.20
2008.03.20 07:17:01.260,1.56045,1.5608,1.30,0.20
2008.03.20 07:17:01.531,1.5605,1.5608,0.40,0.20
2008.03.20 07:17:01.801,1.5604,1.56075,0.30,0.90
2008.03.20 07:17:02.073,1.5604,1.56075,0.30,0.20
2008.03.20 07:17:02.370,1.5607,1.5608,8.00,0.20
2008.03.20 07:17:02.664,1.5607,1.561,8.20,0.50
2008.03.20 07:17:02.959,1.5607,1.561,8.20,0.50
2008.03.20 07:17:03.254,1.5608,1.561,8.20,0.30
2008.03.20 07:17:03.559,1.5608,1.561,8.20,0.30
2008.03.20 07:17:03.865,1.5608,1.56105,0.60,0.30
2008.03.20 07:17:04.169,1.5608,1.5611,0.30,1.10
2008.03.20 07:17:04.403,1.56075,1.5611,1.00,1.30
2008.03.20 07:17:04.639,1.56075,1.5611,1.00,1.30
2008.03.20 07:17:04.878,1.5608,1.561,8.20,0.30
2008.03.20 07:17:05.113,1.56075,1.561,0.80,0.60
2008.03.20 07:17:05.448,1.5607,1.561,0.30,0.70
2008.03.20 07:17:05.797,1.5607,1.56095,8.00,0.90
2008.03.20 07:17:06.132,1.5606,1.5609,0.50,0.20
2008.03.20 07:17:06.378,1.5606,1.5609,0.50,0.20
2008.03.20 07:17:06.622,1.5606,1.5609,0.30,0.20
2008.03.20 07:17:06.868,1.5606,1.5609,0.30,0.20
2008.03.20 07:17:07.114,1.5606,1.5609,0.30,0.20
2008.03.20 07:17:07.445,1.5606,1.56095,0.60,0.90
2008.03.20 07:17:07.774,1.5606,1.56095,0.30,0.90
2008.03.20 07:17:08.103,1.5606,1.5609,0.30,0.20
2008.03.20 07:17:08.338,1.5607,1.56095,0.30,0.90
2008.03.20 07:17:08.575,1.5607,1.56095,8.20,0.20
2008.03.20 07:17:08.812,1.5607,1.561,8.20,0.70
2008.03.20 07:17:09.049,1.5607,1.561,8.20,0.70
2008.03.20 07:17:09.284,1.5607,1.561,8.20,0.70
2008.03.20 07:17:09.624,1.5607,1.561,8.20,0.70
2008.03.20 07:17:09.974,1.5607,1.56095,8.00,0.90
2008.03.20 07:17:10.310,1.5606,1.5609,0.30,0.20
2008.03.20 07:17:10.529,1.5606,1.5609,0.30,0.20
2008.03.20 07:17:10.764,1.5606,1.5609,0.30,0.20
2008.03.20 07:17:10.989,1.5606,1.5609,0.50,0.20
2008.03.20 07:17:11.221,1.5606,1.5609,0.50,0.20
2008.03.20 07:17:11.539,1.5607,1.561,8.00,0.70
2008.03.20 07:17:11.852,1.5607,1.561,8.20,0.70
2008.03.20 07:17:12.170,1.5607,1.56095,8.00,1.20
2008.03.20 07:17:12.485,1.5606,1.5609,0.30,0.20
2008.03.20 07:17:12.762,1.56055,1.5609,9.30,0.60
2008.03.20 07:17:13.038,1.5606,1.5609,0.50,0.60
2008.03.20 07:17:13.315,1.5606,1.56085,0.30,0.30
2008.03.20 07:17:13.587,1.5607,1.5609,8.20,0.30
2008.03.20 07:17:13.852,1.5607,1.56095,8.20,0.50
2008.03.20 07:17:14.106,1.5606,1.56095,0.30,1.20
2008.03.20 07:17:14.361,1.56055,1.5609,1.30,0.20
2008.03.20 07:17:14.682,1.56055,1.5608,1.00,0.30
2008.03.20 07:17:15.001,1.56055,1.5608,1.00,0.30
2008.03.20 07:17:15.322,1.56055,1.5608,1.00,0.30
2008.03.20 07:17:15.566,1.56055,1.5608,1.00,0.30
2008.03.20 07:17:15.814,1.56055,1.5608,0.30,0.30
2008.03.20 07:17:16.058,1.56055,1.5608,0.30,0.30
2008.03.20 07:17:16.291,1.56055,1.5608,0.30,0.30
2008.03.20 07:17:16.524,1.56055,1.5608,0.30,0.30
2008.03.20 07:17:16.839,1.5605,1.5608,0.30,0.30
2008.03.20 07:17:17.153,1.56055,1.56085,0.40,0.20
2008.03.20 07:17:17.470,1.5607,1.561,8.00,0.70
2008.03.20 07:17:17.720,1.5608,1.561,8.00,0.60
2008.03.20 07:17:17.970,1.5608,1.56105,8.20,1.20
2008.03.20 07:17:18.220,1.5608,1.561,8.00,0.60
2008.03.20 07:17:18.480,1.5607,1.561,8.20,0.70
2008.03.20 07:17:18.784,1.5607,1.561,8.20,0.70
2008.03.20 07:17:19.090,1.5607,1.561,8.20,0.70
2008.03.20 07:17:19.392,1.5607,1.561,8.20,0.70
2008.03.20 07:17:19.696,1.5607,1.561,8.20,0.70
2008.03.20 07:17:19.975,1.5607,1.561,8.20,0.70
2008.03.20 07:17:20.254,1.5607,1.561,8.40,0.40
2008.03.20 07:17:20.535,1.5607,1.56105,8.40,1.20
2008.03.20 07:17:20.799,1.5607,1.561,8.20,0.40
2008.03.20 07:17:21.074,1.5607,1.561,8.20,0.60
2008.03.20 07:17:21.327,1.5607,1.561,0.30,0.60
2008.03.20 07:17:21.591,1.5607,1.561,0.30,0.60
2008.03.20 07:17:21.896,1.5607,1.561,0.30,0.60
2008.03.20 07:17:22.200,1.5607,1.561,0.30,0.60
2008.03.20 07:17:22.504,1.5607,1.561,0.30,0.60
2008.03.20 07:17:22.808,1.5607,1.561,0.30,0.60
2008.03.20 07:17:23.057,1.5607,1.561,0.30,0.60
2008.03.20 07:17:23.305,1.5607,1.561,0.30,0.60
2008.03.20 07:17:23.555,1.5607,1.561,0.30,0.60
2008.03.20 07:17:23.839,1.5607,1.561,0.30,0.60
2008.03.20 07:17:24.126,1.56075,1.561,1.00,0.30
2008.03.20 07:17:24.410,1.56075,1.561,1.00,0.40
2008.03.20 07:17:24.697,1.56075,1.561,1.00,0.60
2008.03.20 07:17:24.996,1.56075,1.561,1.00,0.60
2008.03.20 07:17:25.296,1.56075,1.561,1.00,0.60
2008.03.20 07:17:25.595,1.56075,1.561,1.00,0.60
2008.03.20 07:17:25.895,1.56075,1.561,1.00,0.40
2008.03.20 07:17:26.134,1.56075,1.561,1.00,0.60
2008.03.20 07:17:26.384,1.56075,1.561,0.80,0.60
2008.03.20 07:17:26.630,1.56075,1.561,0.80,0.60
2008.03.20 07:17:26.933,1.56075,1.5611,1.00,1.00
2008.03.20 07:17:27.231,1.56075,1.561,1.00,0.30
2008.03.20 07:17:27.529,1.56075,1.561,0.80,0.60
2008.03.20 07:17:27.822,1.5607,1.561,0.30,0.60
2008.03.20 07:17:28.106,1.5607,1.561,0.30,0.60
2008.03.20 07:17:28.390,1.5607,1.561,0.30,0.60
2008.03.20 07:17:28.675,1.5607,1.561,0.30,0.60
2008.03.20 07:17:28.942,1.5607,1.561,0.30,0.60
2008.03.20 07:17:29.207,1.56075,1.561,0.80,0.40
2008.03.20 07:17:29.472,1.56075,1.561,1.00,0.60
2008.03.20 07:17:29.736,1.56075,1.561,1.00,0.60
2008.03.20 07:17:30.066,1.56075,1.561,1.00,0.60
2008.03.20 07:17:30.394,1.56075,1.561,1.00,0.60
2008.03.20 07:17:30.725,1.56075,1.561,1.00,0.60
2008.03.20 07:17:30.950,1.56075,1.561,1.00,0.60
2008.03.20 07:17:31.175,1.56075,1.561,1.00,0.60
2008.03.20 07:17:31.400,1.56075,1.561,1.00,0.60
2008.03.20 07:17:31.623,1.56075,1.561,1.00,0.60
2008.03.20 07:17:31.857,1.5607,1.56095,0.30,0.30
2008.03.20 07:17:32.192,1.5607,1.561,0.30,0.60
2008.03.20 07:17:32.506,1.56075,1.561,0.80,0.30
2008.03.20 07:17:32.831,1.5607,1.561,8.40,0.30
2008.03.20 07:17:33.044,1.5607,1.56105,8.40,1.20
2008.03.20 07:17:33.258,1.5607,1.56105,8.40,1.20
2008.03.20 07:17:33.472,1.5607,1.561,8.40,0.60
2008.03.20 07:17:33.687,1.5607,1.561,8.20,0.40
2008.03.20 07:17:33.900,1.5607,1.561,8.20,0.40
2008.03.20 07:17:34.226,1.5607,1.561,0.30,0.60
2008.03.20 07:17:34.552,1.5607,1.5611,0.30,1.40
2008.03.20 07:17:34.876,1.5607,1.56105,0.30,0.30
2008.03.20 07:17:35.151,1.5607,1.56105,0.30,0.30
2008.03.20 07:17:35.425,1.5607,1.56105,0.30,0.30
2008.03.20 07:17:35.699,1.5607,1.561,0.30,0.30
2008.03.20 07:17:35.973,1.5607,1.56105,0.30,0.30
2008.03.20 07:17:36.247,1.5607,1.56105,0.30,0.30
2008.03.20 07:17:36.521,1.5607,1.56105,0.30,0.30
2008.03.20 07:17:36.801,1.5607,1.56105,0.30,0.30
2008.03.20 07:17:37.087,1.5607,1.56095,0.30,0.30
2008.03.20 07:17:37.350,1.5607,1.56095,0.30,0.30
2008.03.20 07:17:37.624,1.5607,1.56095,0.30,0.30
2008.03.20 07:17:37.899,1.5607,1.56095,0.30,0.30
2008.03.20 07:17:38.183,1.5607,1.56095,0.30,0.30
2008.03.20 07:17:38.467,1.5607,1.56095,0.30,0.30
2008.03.20 07:17:38.752,1.5607,1.56095,0.30,0.30
2008.03.20 07:17:39.036,1.5607,1.56095,0.30,0.30
2008.03.20 07:17:39.286,1.5607,1.561,0.30,0.60
2008.03.20 07:17:39.534,1.5607,1.561,0.30,0.60
2008.03.20 07:17:39.784,1.56085,1.561,8.00,0.40
2008.03.20 07:17:40.034,1.5609,1.5611,0.30,1.00
2008.03.20 07:17:40.348,1.5608,1.5611,8.40,1.10
2008.03.20 07:17:40.662,1.5608,1.56095,8.40,0.30
2008.03.20 07:17:40.976,1.5608,1.561,8.00,0.90
2008.03.20 07:17:41.229,1.5608,1.56095,8.00,1.00
2008.03.20 07:17:41.484,1.5606,1.5609,0.30,0.20
2008.03.20 07:17:41.739,1.56055,1.56085,0.30,1.20
2008.03.20 07:17:41.995,1.56055,1.56075,0.80,0.30
2008.03.20 07:17:42.270,1.56055,1.56085,1.00,0.30
2008.03.20 07:17:42.549,1.5605,1.5608,0.30,0.30
2008.03.20 07:17:42.827,1.56075,1.56085,12.00,0.20
2008.03.20 07:17:43.103,1.56045,1.5608,1.00,0.50
2008.03.20 07:17:43.400,1.56045,1.56075,1.00,0.30
2008.03.20 07:17:43.695,1.56045,1.56075,1.00,0.30
2008.03.20 07:17:43.970,1.56045,1.5608,1.00,0.20
2008.03.20 07:17:44.225,1.56045,1.5608,1.00,0.20
2008.03.20 07:17:44.481,1.56045,1.5608,1.00,0.20
2008.03.20 07:17:44.738,1.56045,1.56075,1.00,0.30
2008.03.20 07:17:44.996,1.56055,1.56085,1.10,0.20
2008.03.20 07:17:45.303,1.5606,1.5609,0.30,0.30
2008.03.20 07:17:45.606,1.5606,1.5609,0.30,0.30
2008.03.20 07:17:45.913,1.5606,1.5609,0.60,0.30
2008.03.20 07:17:46.219,1.5606,1.56095,0.60,4.40
2008.03.20 07:17:46.490,1.5606,1.56085,8.40,0.30
2008.03.20 07:17:46.759,1.5606,1.56085,8.00,0.30
2008.03.20 07:17:47.031,1.5606,1.56085,8.00,0.30
2008.03.20 07:17:48.562,1.56055,1.5609,1.00,1.40
2008.03.20 07:17:48.631,1.56055,1.5609,1.00,1.50
2008.03.20 07:17:48.705,1.56055,1.5609,1.00,1.50
2008.03.20 07:17:48.772,1.56055,1.5609,1.00,1.50
2008.03.20 07:17:48.832,1.56055,1.5609,1.00,1.50
2008.03.20 07:17:48.896,1.56055,1.5609,1.00,1.50
2008.03.20 07:17:48.962,1.56055,1.5609,1.00,1.50
2008.03.20 07:17:49.038,1.56055,1.5609,1.00,1.50
2008.03.20 07:17:49.101,1.56055,1.5609,1.00,1.50
2008.03.20 07:17:49.160,1.5606,1.5609,8.00,1.50
2008.03.20 07:17:49.223,1.5606,1.56085,8.00,0.30
2008.03.20 07:17:49.288,1.5606,1.56085,8.00,0.30
2008.03.20 07:17:49.354,1.56055,1.56085,1.00,0.30
2008.03.20 07:17:49.424,1.56055,1.56085,1.00,0.30
2008.03.20 07:17:49.486,1.56055,1.56085,1.00,0.30
2008.03.20 07:17:50.018,1.56055,1.56085,1.00,0.30
2008.03.20 07:17:50.362,1.56055,1.5608,1.00,0.40
2008.03.20 07:17:50.686,1.56055,1.56085,1.00,0.30
2008.03.20 07:17:50.825,1.56055,1.56085,1.00,0.30
2008.03.20 07:17:50.964,1.56055,1.5609,1.00,1.50
2008.03.20 07:17:51.103,1.56055,1.5609,1.00,1.50
2008.03.20 07:17:51.252,1.56055,1.5608,5.00,0.40
2008.03.20 07:17:51.392,1.56055,1.5608,5.00,0.40
2008.03.20 07:17:51.531,1.56055,1.56085,5.00,0.30
2008.03.20 07:17:51.670,1.56055,1.56085,5.00,0.30
2008.03.20 07:17:51.809,1.56055,1.56085,5.00,0.30
2008.03.20 07:17:52.145,1.56055,1.5609,5.00,1.40
2008.03.20 07:17:52.478,1.56055,1.5609,5.00,1.40
2008.03.20 07:17:52.821,1.56055,1.5609,5.00,1.40
2008.03.20 07:17:53.030,1.56055,1.5609,5.00,1.40
2008.03.20 07:17:53.253,1.56055,1.5609,5.00,1.10
2008.03.20 07:17:53.474,1.5608,1.5609,0.30,0.80
2008.03.20 07:17:53.694,1.5608,1.56095,0.30,2.60
2008.03.20 07:17:53.913,1.5608,1.56095,0.30,0.30
2008.03.20 07:17:54.247,1.56085,1.56115,12.00,15.60
2008.03.20 07:17:54.582,1.5609,1.5611,4.20,0.80
2008.03.20 07:17:54.918,1.5609,1.5611,4.20,0.80
2008.03.20 07:17:55.184,1.5609,1.5611,4.20,0.80
2008.03.20 07:17:55.451,1.5611,1.56135,0.30,0.20
2008.03.20 07:17:55.714,1.56115,1.56145,5.00,0.30
2008.03.20 07:17:55.985,1.56115,1.5615,5.00,0.20
2008.03.20 07:17:56.255,1.5612,1.56155,4.80,0.90
2008.03.20 07:17:56.531,1.56125,1.56155,0.80,0.30
2008.03.20 07:17:56.803,1.5612,1.56145,4.20,0.30
2008.03.20 07:17:57.074,1.5612,1.56145,0.30,0.30
2008.03.20 07:17:57.344,1.56115,1.56145,1.00,0.30
2008.03.20 07:17:57.615,1.56125,1.56155,0.80,0.50
2008.03.20 07:17:57.886,1.56125,1.56145,4.00,0.30
2008.03.20 07:17:58.181,1.56115,1.56145,1.00,0.30
2008.03.20 07:17:58.476,1.56125,1.56155,0.80,0.20
2008.03.20 07:17:58.770,1.56125,1.5616,1.00,0.50
2008.03.20 07:17:59.041,1.5612,1.56155,0.30,1.00
2008.03.20 07:17:59.310,1.5612,1.56155,0.30,0.50
2008.03.20 07:17:59.580,1.5612,1.56155,0.30,1.20
2008.03.20 07:17:59.861,1.56115,1.5615,1.00,0.20
2008.03.20 07:18:00.150,1.56115,1.5615,1.00,0.20
2008.03.20 07:18:00.450,1.5611,1.5614,0.30,0.30
2008.03.20 07:18:00.763,1.5611,1.56145,0.50,0.90
2008.03.20 07:18:01.073,1.5611,1.56145,0.30,1.20
2008.03.20 07:18:01.347,1.5611,1.56145,0.30,1.20
2008.03.20 07:18:01.630,1.5611,1.56145,0.30,1.20
2008.03.20 07:18:01.904,1.5611,1.56145,0.30,1.20
2008.03.20 07:18:02.148,1.5611,1.56145,0.30,1.20
2008.03.20 07:18:02.392,1.5611,1.56145,0.30,1.20
2008.03.20 07:18:02.636,1.5611,1.56145,0.30,1.20
2008.03.20 07:18:02.881,1.56105,1.56135,0.40,0.90
2008.03.20 07:18:03.174,1.56105,1.5614,0.80,0.20
2008.03.20 07:18:03.467,1.56105,1.5614,0.80,0.20
2008.03.20 07:18:03.764,1.56105,1.5614,1.30,0.20
2008.03.20 07:18:04.057,1.56105,1.5614,1.30,0.20
2008.03.20 07:18:04.326,1.56105,1.56135,0.40,0.90
2008.03.20 07:18:04.595,1.56105,1.56135,0.40,0.90
2008.03.20 07:18:04.863,1.56105,1.56135,0.40,0.90
2008.03.20 07:18:05.132,1.56105,1.56135,1.10,0.20
2008.03.20 07:18:05.452,1.56105,1.5614,1.30,0.20
2008.03.20 07:18:05.774,1.56105,1.5614,1.30,0.20
2008.03.20 07:18:06.094,1.56105,1.5614,1.30,0.20
2008.03.20 07:18:06.317,1.56105,1.5614,1.30,0.20
2008.03.20 07:18:06.552,1.56105,1.5614,1.30,0.20
2008.03.20 07:18:06.787,1.5611,1.56145,0.30,1.20
2008.03.20 07:18:07.022,1.56125,1.56155,0.30,13.00
2008.03.20 07:18:07.331,1.56125,1.5615,1.00,0.30
2008.03.20 07:18:07.641,1.56125,1.56155,1.00,0.30
2008.03.20 07:18:07.951,1.5613,1.56155,0.30,0.30
2008.03.20 07:18:08.196,1.5613,1.56155,0.30,0.30
2008.03.20 07:18:08.440,1.5613,1.56155,0.30,0.30
2008.03.20 07:18:08.686,1.5613,1.5615,0.30,0.30
2008.03.20 07:18:08.943,1.5613,1.5615,0.30,0.30
2008.03.20 07:18:09.252,1.5613,1.5615,0.30,0.30
2008.03.20 07:18:09.561,1.5613,1.5615,0.30,0.30
2008.03.20 07:18:09.870,1.5613,1.56155,0.30,0.30
2008.03.20 07:18:10.181,1.56125,1.56155,0.80,0.20
2008.03.20 07:18:10.475,1.5612,1.56155,0.50,0.90
2008.03.20 07:18:10.771,1.5614,1.5616,0.30,0.50
2008.03.20 07:18:11.065,1.5613,1.5616,4.20,0.70
2008.03.20 07:18:11.319,1.5613,1.56155,4.20,0.90
2008.03.20 07:18:11.575,1.5613,1.56165,4.40,1.20
2008.03.20 07:18:11.830,1.5614,1.5617,8.20,0.50
2008.03.20 07:18:12.087,1.56145,1.56165,4.00,0.30
2008.03.20 07:18:12.391,1.56145,1.5616,4.00,0.30
2008.03.20 07:18:12.696,1.56145,1.56155,4.00,0.30
2008.03.20 07:18:13.004,1.56145,1.56155,4.00,0.30
2008.03.20 07:18:13.263,1.5613,1.56155,4.20,0.30
2008.03.20 07:18:13.523,1.5613,1.5615,4.00,0.30
2008.03.20 07:18:13.782,1.56115,1.5615,1.00,0.30
2008.03.20 07:18:14.043,1.5612,1.56155,0.30,13.20
2008.03.20 07:18:14.318,1.56125,1.56155,1.00,0.30
2008.03.20 07:18:14.595,1.5613,1.56155,0.30,0.30
2008.03.20 07:18:14.871,1.5614,1.5616,8.20,0.30
2008.03.20 07:18:15.146,1.56145,1.5616,4.00,0.30
2008.03.20 07:18:15.457,1.5613,1.5616,4.00,0.50
2008.03.20 07:18:15.756,1.5612,1.56155,0.50,0.90
2008.03.20 07:18:16.056,1.5612,1.56155,0.50,0.90
2008.03.20 07:18:16.355,1.5612,1.56155,0.50,0.90
2008.03.20 07:18:16.650,1.56125,1.56155,0.30,0.80
2008.03.20 07:18:16.945,1.56125,1.5616,1.00,0.50
2008.03.20 07:18:17.240,1.5613,1.5616,0.60,0.50
2008.03.20 07:18:17.489,1.5613,1.5616,4.40,0.30
2008.03.20 07:18:17.740,1.5613,1.5616,4.40,0.30
2008.03.20 07:18:17.990,1.5613,1.5616,4.20,0.50
2008.03.20 07:18:18.239,1.56125,1.5616,1.00,0.50
2008.03.20 07:18:18.530,1.56125,1.5616,1.30,0.20
2008.03.20 07:18:18.820,1.56125,1.5616,1.30,0.20
2008.03.20 07:18:19.109,1.56125,1.5616,1.30,0.20
2008.03.20 07:18:19.399,1.5613,1.56165,0.40,0.90
2008.03.20 07:18:19.685,1.5614,1.56175,8.20,13.20
2008.03.20 07:18:19.970,1.56145,1.5618,5.00,0.60
2008.03.20 07:18:20.255,1.56165,1.5619,12.00,0.30
2008.03.20 07:18:20.520,1.56185,1.56205,20.00,1.60
2008.03.20 07:18:20.787,1.5619,1.5622,4.30,0.20
2008.03.20 07:18:21.051,1.5619,1.56215,4.00,5.20
2008.03.20 07:18:21.324,1.5618,1.56215,0.30,2.80
2008.03.20 07:18:21.629,1.5618,1.56205,0.30,0.30
2008.03.20 07:18:21.931,1.56185,1.5621,0.80,0.30
2008.03.20 07:18:22.233,1.56185,1.5622,1.30,0.20
2008.03.20 07:18:22.478,1.56185,1.56215,0.40,0.20
2008.03.20 07:18:22.725,1.56185,1.56215,0.40,0.90
2008.03.20 07:18:22.970,1.56185,1.56215,0.50,0.90
2008.03.20 07:18:23.215,1.56185,1.562,0.40,0.20
2008.03.20 07:18:23.541,1.56165,1.56195,0.40,0.90
2008.03.20 07:18:23.868,1.56165,1.562,1.10,0.20
2008.03.20 07:18:24.193,1.56165,1.562,0.30,0.50
2008.03.20 07:18:24.529,1.56165,1.562,0.30,0.50
2008.03.20 07:18:24.837,1.5616,1.56195,0.50,0.90
2008.03.20 07:18:25.131,1.5616,1.56195,0.50,0.90
2008.03.20 07:18:25.426,1.5616,1.56195,0.50,0.90
2008.03.20 07:18:25.670,1.5616,1.56195,0.50,0.90
2008.03.20 07:18:25.915,1.5616,1.5619,0.50,0.40
2008.03.20 07:18:26.161,1.5617,1.562,0.30,0.50
2008.03.20 07:18:26.408,1.5617,1.562,0.60,0.30
2008.03.20 07:18:26.734,1.5617,1.562,4.20,0.30
2008.03.20 07:18:27.058,1.5617,1.562,0.30,0.30
2008.03.20 07:18:27.395,1.5617,1.562,4.40,0.30
2008.03.20 07:18:27.651,1.5617,1.562,4.40,0.30
2008.03.20 07:18:27.901,1.5617,1.562,4.40,0.30
2008.03.20 07:18:28.149,1.5617,1.562,4.40,0.30
2008.03.20 07:18:28.405,1.5617,1.562,4.40,0.30
2008.03.20 07:18:28.722,1.56185,1.56195,4.00,0.30
2008.03.20 07:18:29.037,1.5617,1.56195,0.60,0.30
2008.03.20 07:18:29.353,1.5617,1.56195,0.30,0.30
2008.03.20 07:18:29.616,1.5617,1.56195,0.30,0.30
2008.03.20 07:18:29.890,1.56165,1.56195,1.00,0.30
2008.03.20 07:18:30.145,1.56165,1.56195,1.00,0.30
2008.03.20 07:18:30.419,1.56165,1.56195,5.00,0.30
2008.03.20 07:18:30.724,1.56165,1.56195,5.00,0.30
2008.03.20 07:18:31.027,1.5617,1.56195,0.30,0.30
2008.03.20 07:18:31.321,1.56165,1.56195,5.00,0.30
2008.03.20 07:18:31.565,1.5617,1.56195,0.60,0.30
2008.03.20 07:18:31.811,1.5617,1.5619,0.30,0.30
2008.03.20 07:18:32.055,1.5617,1.5619,4.20,0.30
2008.03.20 07:18:32.300,1.5617,1.562,4.40,0.60
2008.03.20 07:18:32.597,1.56185,1.562,4.00,0.30
2008.03.20 07:18:32.892,1.56185,1.5619,4.00,0.40
2008.03.20 07:18:33.197,1.5616,1.5619,0.30,0.30
2008.03.20 07:18:33.494,1.5616,1.56195,0.30,1.20
2008.03.20 07:18:33.789,1.5616,1.5619,0.30,0.40
2008.03.20 07:18:34.074,1.5616,1.5619,4.40,0.60
2008.03.20 07:18:34.359,1.5616,1.5619,4.00,0.60
2008.03.20 07:18:34.629,1.56155,1.5619,1.00,0.60
2008.03.20 07:18:34.899,1.5617,1.5619,8.20,0.30
2008.03.20 07:18:35.169,1.56175,1.56195,4.00,1.20
2008.03.20 07:18:35.438,1.56175,1.56195,4.00,0.90
2008.03.20 07:18:35.711,1.5616,1.56195,4.40,0.80
2008.03.20 07:18:35.981,1.5616,1.56195,4.40,0.90
2008.03.20 07:18:36.250,1.5616,1.56195,4.40,0.90
2008.03.20 07:18:36.519,1.5616,1.56195,4.40,0.90
2008.03.20 07:18:36.797,1.5616,1.56195,4.40,0.90
2008.03.20 07:18:37.077,1.5616,1.56195,4.80,0.90
2008.03.20 07:18:37.356,1.5616,1.56195,4.80,0.90
2008.03.20 07:18:37.634,1.5616,1.56195,4.40,1.20
2008.03.20 07:18:37.915,1.5616,1.56195,4.40,1.20
2008.03.20 07:18:38.195,1.56165,1.5619,1.00,0.40
2008.03.20 07:18:38.475,1.56165,1.5619,1.00,0.40
2008.03.20 07:18:38.754,1.5616,1.5619,4.40,0.40
2008.03.20 07:18:39.044,1.5616,1.5619,4.40,0.40
2008.03.20 07:18:39.333,1.5616,1.5619,4.40,0.60
2008.03.20 07:18:39.628,1.5616,1.5619,4.40,0.60
2008.03.20 07:18:39.902,1.5616,1.5619,4.40,0.60
2008.03.20 07:18:40.177,1.5616,1.5619,4.40,0.60
2008.03.20 07:18:40.453,1.5616,1.5619,4.80,0.20
2008.03.20 07:18:40.726,1.5616,1.5619,4.80,0.20
2008.03.20 07:18:41.011,1.5616,1.5619,4.80,0.20
2008.03.20 07:18:41.295,1.5616,1.56195,4.80,0.90
2008.03.20 07:18:41.580,1.5616,1.56195,4.80,0.90
2008.03.20 07:18:41.866,1.5616,1.5619,4.20,0.20
2008.03.20 07:18:42.131,1.5616,1.5619,4.40,0.40
2008.03.20 07:18:42.394,1.5616,1.5619,4.40,0.40
2008.03.20 07:18:42.660,1.56165,1.56195,0.30,0.90
2008.03.20 07:18:42.934,1.56165,1.56195,0.30,0.90
2008.03.20 07:18:43.208,1.56165,1.56195,0.30,0.90
2008.03.20 07:18:43.481,1.56165,1.56195,0.30,0.90
2008.03.20 07:18:43.755,1.56165,1.56195,0.30,0.90
2008.03.20 07:18:44.050,1.56165,1.56195,0.30,0.90
2008.03.20 07:18:44.344,1.5616,1.56195,4.80,0.90
2008.03.20 07:18:44.638,1.56165,1.562,1.00,0.70
2008.03.20 07:18:44.943,1.56165,1.5619,0.30,0.30
2008.03.20 07:18:45.240,1.5616,1.5619,4.20,0.30
2008.03.20 07:18:45.534,1.5616,1.56195,4.20,0.90
2008.03.20 07:18:45.829,1.5616,1.5619,4.20,0.20
2008.03.20 07:18:46.116,1.5616,1.5619,4.50,0.20
2008.03.20 07:18:46.401,1.5617,1.5619,0.30,0.20
2008.03.20 07:18:46.686,1.5617,1.5619,4.00,0.20
2008.03.20 07:18:46.972,1.5616,1.5619,4.50,0.20
2008.03.20 07:18:47.226,1.5616,1.5619,4.50,0.20
2008.03.20 07:18:47.482,1.5616,1.5619,4.00,0.20
2008.03.20 07:18:47.748,1.5616,1.56185,4.00,0.80
2008.03.20 07:18:48.047,1.56155,1.5619,5.30,0.20
2008.03.20 07:18:48.348,1.5617,1.56195,0.30,0.30
2008.03.20 07:18:48.648,1.5618,1.56205,8.00,1.20
2008.03.20 07:18:48.951,1.56185,1.562,4.00,0.30
2008.03.20 07:18:49.239,1.56185,1.562,4.00,0.30
2008.03.20 07:18:49.530,1.5618,1.56195,0.30,0.80
2008.03.20 07:18:49.820,1.5617,1.56195,4.00,1.20
2008.03.20 07:18:50.099,1.5616,1.5619,0.30,0.20
2008.03.20 07:18:50.379,1.56155,1.5619,5.30,0.20
2008.03.20 07:18:50.661,1.56155,1.56175,1.00,0.30
2008.03.20 07:18:50.943,1.5615,1.56175,0.30,3.40
2008.03.20 07:18:51.233,1.56155,1.56185,1.10,8.00
2008.03.20 07:18:51.524,1.56175,1.562,1.00,0.30
2008.03.20 07:18:51.827,1.56175,1.562,0.30,0.30
2008.03.20 07:18:52.116,1.56175,1.562,0.30,0.30
2008.03.20 07:18:52.409,1.5617,1.562,12.40,0.30
2008.03.20 07:18:52.705,1.56175,1.562,4.00,0.60
2008.03.20 07:18:52.995,1.5617,1.562,8.40,0.60
2008.03.20 07:18:53.266,1.56175,1.562,4.00,0.30
2008.03.20 07:18:53.522,1.56175,1.562,5.00,0.30
2008.03.20 07:18:53.780,1.56175,1.56205,4.20,0.30
2008.03.20 07:18:54.037,1.5617,1.56185,4.20,0.30
2008.03.20 07:18:54.337,1.5616,1.5618,0.30,0.30
2008.03.20 07:18:54.637,1.56155,1.5618,1.00,0.60
2008.03.20 07:18:54.937,1.56155,1.5619,1.30,0.20
2008.03.20 07:18:55.229,1.5617,1.56195,0.30,1.20
2008.03.20 07:18:55.520,1.5617,1.562,4.40,0.40
2008.03.20 07:18:55.813,1.5617,1.562,4.20,0.30
2008.03.20 07:18:56.105,1.5617,1.56195,0.30,0.30
2008.03.20 07:18:56.365,1.56175,1.56195,0.30,0.30
2008.03.20 07:18:56.627,1.56165,1.56195,1.00,0.30
2008.03.20 07:18:56.886,1.5617,1.56195,0.30,0.30
2008.03.20 07:18:57.146,1.5617,1.56195,0.30,0.30
2008.03.20 07:18:57.442,1.56165,1.56195,1.00,0.30
2008.03.20 07:18:57.739,1.56165,1.56195,1.00,0.30
2008.03.20 07:18:58.033,1.56165,1.56195,1.00,0.30
2008.03.20 07:18:58.288,1.56165,1.56195,1.00,0.30
2008.03.20 07:18:58.541,1.56165,1.56195,1.00,0.30
2008.03.20 07:18:58.796,1.56155,1.5619,1.00,0.30
2008.03.20 07:18:59.050,1.56155,1.5619,1.00,0.30
2008.03.20 07:18:59.355,1.56155,1.56185,1.00,0.30
2008.03.20 07:18:59.671,1.56155,1.5619,1.00,0.60
2008.03.20 07:18:59.975,1.56155,1.5619,1.00,0.60
2008.03.20 07:19:00.281,1.5616,1.5619,0.30,0.30
2008.03.20 07:19:00.590,1.56155,1.56185,5.00,0.30
2008.03.20 07:19:00.899,1.56155,1.56185,1.00,0.30
2008.03.20 07:19:01.209,1.56155,1.56185,1.00,0.30
2008.03.20 07:19:01.463,1.56155,1.56185,1.00,0.30
2008.03.20 07:19:01.717,1.56155,1.5618,1.00,0.40
2008.03.20 07:19:01.971,1.56155,1.5618,1.00,0.40
2008.03.20 07:19:02.226,1.56155,1.56185,1.00,4.20
2008.03.20 07:19:02.517,1.56155,1.56185,1.00,0.30
2008.03.20 07:19:02.806,1.56155,1.56185,1.00,0.30
2008.03.20 07:19:03.096,1.56155,1.56185,1.00,0.30
2008.03.20 07:19:03.356,1.56155,1.56185,1.00,0.30
2008.03.20 07:19:03.617,1.56155,1.56185,1.00,0.30
2008.03.20 07:19:03.877,1.56155,1.56185,1.00,0.30
2008.03.20 07:19:04.141,1.56155,1.56185,1.00,0.30
2008.03.20 07:19:04.452,1.56155,1.5618,1.00,0.40
2008.03.20 07:19:04.756,1.56155,1.5618,1.00,0.40
2008.03.20 07:19:05.064,1.5616,1.56195,8.40,3.40
2008.03.20 07:19:05.369,1.56165,1.5619,4.00,0.60
2008.03.20 07:19:05.684,1.56155,1.56185,1.00,0.30
2008.03.20 07:19:05.999,1.56155,1.56185,1.00,0.30
2008.03.20 07:19:06.313,1.5617,1.56195,8.20,0.80
2008.03.20 07:19:06.543,1.5618,1.56205,8.20,2.00
2008.03.20 07:19:06.773,1.56185,1.56205,4.00,14.60
2008.03.20 07:19:07.003,1.5617,1.56185,4.00,0.30
2008.03.20 07:19:07.233,1.5617,1.56185,0.30,0.30
2008.03.20 07:19:07.464,1.5617,1.56195,4.40,0.80
2008.03.20 07:19:07.800,1.5617,1.562,4.40,0.60
2008.03.20 07:19:08.146,1.5617,1.562,4.40,0.60
2008.03.20 07:19:08.480,1.5617,1.562,0.60,0.30
2008.03.20 07:19:08.719,1.5618,1.56205,4.00,0.30
2008.03.20 07:19:08.949,1.5618,1.5621,12.40,0.30
2008.03.20 07:19:09.181,1.56185,1.56195,12.80,0.50
2008.03.20 07:19:09.410,1.5619,1.56195,0.30,0.50
2008.03.20 07:19:09.745,1.5619,1.56195,0.30,0.50
2008.03.20 07:19:10.080,1.56185,1.56205,0.30,0.30
2008.03.20 07:19:10.416,1.5618,1.562,0.30,0.30
2008.03.20 07:19:10.660,1.5617,1.562,0.60,0.60
2008.03.20 07:19:10.904,1.5617,1.5619,0.30,0.30
2008.03.20 07:19:11.148,1.5616,1.5619,0.30,0.60
2008.03.20 07:19:11.393,1.5616,1.5619,0.30,0.60
2008.03.20 07:19:11.730,1.56165,1.56195,0.80,12.20
2008.03.20 07:19:12.054,1.56165,1.56195,1.00,0.30
2008.03.20 07:19:12.380,1.5618,1.5621,8.20,0.70
2008.03.20 07:19:12.626,1.5618,1.5621,8.20,0.70
2008.03.20 07:19:12.871,1.5618,1.5621,8.40,0.60
2008.03.20 07:19:13.114,1.5618,1.56205,8.40,0.30
2008.03.20 07:19:13.359,1.5619,1.56205,0.30,0.30
2008.03.20 07:19:13.675,1.5618,1.562,0.30,0.30
2008.03.20 07:19:13.989,1.5618,1.562,0.30,0.30
2008.03.20 07:19:14.303,1.56175,1.562,1.00,0.30
2008.03.20 07:19:14.618,1.5619,1.56215,8.00,3.40
2008.03.20 07:19:14.929,1.5618,1.5621,0.60,0.60
2008.03.20 07:19:15.240,1.5619,1.5621,8.80,0.40
2008.03.20 07:19:15.550,1.5619,1.56215,8.20,0.80
2008.03.20 07:19:15.792,1.5619,1.56215,8.20,3.40
2008.03.20 07:19:16.040,1.5619,1.5622,8.40,0.60
2008.03.20 07:19:16.284,1.5619,1.5622,8.40,0.60
2008.03.20 07:19:16.529,1.5619,1.5622,0.30,0.70
2008.03.20 07:19:16.844,1.56185,1.5621,12.20,0.60
2008.03.20 07:19:17.165,1.5619,1.56215,8.20,0.50
2008.03.20 07:19:17.480,1.5619,1.56215,8.20,0.30
2008.03.20 07:19:17.742,1.5619,1.56215,8.40,0.30
2008.03.20 07:19:18.003,1.562,1.5622,0.30,0.30
2008.03.20 07:19:18.265,1.562,1.56225,0.60,0.30
2008.03.20 07:19:18.502,1.562,1.5622,8.20,0.30
2008.03.20 07:19:18.782,1.56195,1.5622,1.00,0.60
2008.03.20 07:19:19.064,1.5619,1.5622,8.40,0.30
2008.03.20 07:19:19.341,1.5619,1.5622,8.40,0.30
2008.03.20 07:19:19.623,1.56195,1.56225,1.00,2.60
2008.03.20 07:19:19.929,1.562,1.56225,8.20,0.30
2008.03.20 07:19:20.234,1.56205,1.5623,0.30,0.30
2008.03.20 07:19:20.540,1.562,1.56225,8.20,0.30
2008.03.20 07:19:20.785,1.56195,1.56215,8.00,0.80
2008.03.20 07:19:21.031,1.56185,1.56215,8.00,1.00
2008.03.20 07:19:21.276,1.5618,1.56205,8.40,0.80
2008.03.20 07:19:21.522,1.5618,1.5621,0.60,1.00
2008.03.20 07:19:21.838,1.5619,1.56205,0.30,0.30
2008.03.20 07:19:22.138,1.5618,1.56205,0.30,0.80
2008.03.20 07:19:22.439,1.5618,1.562,8.40,0.30
2008.03.20 07:19:22.739,1.5618,1.56205,0.60,12.00
2008.03.20 07:19:23.014,1.5619,1.5621,0.30,1.00
2008.03.20 07:19:23.289,1.5619,1.56215,0.30,1.80
2008.03.20 07:19:23.564,1.5619,1.56215,0.30,1.80
2008.03.20 07:19:23.839,1.5619,1.56215,0.30,1.80
2008.03.20 07:19:24.113,1.5619,1.56215,0.30,1.80
2008.03.20 07:19:24.387,1.5619,1.56215,0.30,1.80
2008.03.20 07:19:24.662,1.5619,1.5621,0.30,0.30
2008.03.20 07:19:24.977,1.5618,1.5621,0.60,0.60
2008.03.20 07:19:25.292,1.5618,1.56205,0.30,1.00
2008.03.20 07:19:25.609,1.56175,1.562,0.30,0.60
2008.03.20 07:19:25.840,1.5617,1.56195,8.40,0.30
2008.03.20 07:19:26.069,1.5617,1.56195,8.40,0.30
2008.03.20 07:19:26.298,1.5617,1.56195,8.40,0.30
2008.03.20 07:19:26.526,1.5617,1.56195,8.40,0.30
2008.03.20 07:19:26.759,1.5617,1.56195,0.60,0.30
2008.03.20 07:19:27.096,1.56165,1.5619,1.00,0.60
2008.03.20 07:19:27.432,1.5616,1.5619,0.60,0.60
2008.03.20 07:19:27.767,1.5616,1.5618,0.60,0.30
2008.03.20 07:19:28.013,1.5616,1.5618,0.30,0.30
2008.03.20 07:19:28.259,1.56155,1.56175,0.30,1.00
2008.03.20 07:19:28.503,1.5615,1.56175,1.20,1.00
2008.03.20 07:19:28.749,1.5616,1.5618,0.30,1.00
2008.03.20 07:19:29.075,1.5614,1.5617,0.60,0.60
2008.03.20 07:19:29.400,1.5613,1.56155,0.30,0.30
2008.03.20 07:19:29.727,1.56125,1.5615,0.30,0.30
2008.03.20 07:19:30.008,1.56115,1.5615,1.00,0.30
2008.03.20 07:19:30.271,1.56115,1.56155,1.00,0.90
2008.03.20 07:19:30.535,1.56115,1.56155,1.30,0.90
2008.03.20 07:19:30.800,1.56115,1.56145,1.00,0.30
2008.03.20 07:19:31.123,1.5612,1.56145,0.30,0.30
2008.03.20 07:19:31.439,1.56115,1.56155,0.30,2.50
2008.03.20 07:19:31.755,1.5612,1.56155,0.30,0.90
2008.03.20 07:19:31.995,1.5615,1.56155,8.00,0.20
2008.03.20 07:19:32.235,1.5615,1.5616,8.00,0.20
2008.03.20 07:19:32.475,1.56145,1.56155,12.00,0.20
2008.03.20 07:19:32.715,1.56145,1.56175,0.40,0.90
2008.03.20 07:19:33.036,1.56145,1.5618,0.40,0.20
2008.03.20 07:19:33.368,1.56145,1.5618,1.10,0.20
2008.03.20 07:19:33.686,1.5617,1.56185,0.30,1.20
2008.03.20 07:19:33.952,1.56165,1.5619,12.20,0.60
2008.03.20 07:19:34.216,1.56155,1.5619,1.00,0.70
2008.03.20 07:19:34.480,1.5617,1.5619,0.30,0.30
2008.03.20 07:19:34.745,1.5617,1.5619,0.30,0.30
2008.03.20 07:19:35.071,1.56175,1.56195,8.00,0.20
2008.03.20 07:19:35.395,1.5618,1.56205,8.20,2.40
2008.03.20 07:19:35.720,1.5618,1.5621,8.40,0.60
2008.03.20 07:19:35.955,1.56185,1.5621,0.80,0.30
2008.03.20 07:19:36.191,1.56185,1.5621,1.00,0.30
2008.03.20 07:19:36.424,1.56185,1.5622,1.30,0.60
2008.03.20 07:19:36.658,1.5619,1.56225,0.30,3.60
2008.03.20 07:19:36.892,1.5619,1.56225,0.30,1.20
2008.03.20 07:19:37.227,1.562,1.56225,8.20,0.20
2008.03.20 07:19:37.562,1.562,1.56235,8.40,1.20
2008.03.20 07:19:37.896,1.562,1.56235,8.40,1.20
2008.03.20 07:19:38.141,1.562,1.56235,0.30,1.20
2008.03.20 07:19:38.387,1.56205,1.56235,1.00,0.30
2008.03.20 07:19:38.632,1.56205,1.56235,0.30,1.00
2008.03.20 07:19:38.888,1.562,1.56235,8.20,1.20
2008.03.20 07:19:39.203,1.562,1.56235,0.30,0.50
2008.03.20 07:19:39.518,1.562,1.56235,0.30,1.20
2008.03.20 07:19:39.833,1.562,1.56235,0.30,1.20
2008.03.20 07:19:40.151,1.5619,1.56225,0.50,0.20
2008.03.20 07:19:40.421,1.5619,1.56225,0.30,0.50
2008.03.20 07:19:40.693,1.56195,1.56225,0.30,0.50
2008.03.20 07:19:40.963,1.56195,1.56225,1.00,0.50
2008.03.20 07:19:41.257,1.56195,1.56225,1.00,0.50
2008.03.20 07:19:41.565,1.5619,1.56225,0.30,1.20
2008.03.20 07:19:41.860,1.5619,1.56225,0.30,1.20
2008.03.20 07:19:42.154,1.5619,1.56225,0.30,1.20
2008.03.20 07:19:42.442,1.5619,1.56225,0.30,1.20
2008.03.20 07:19:42.733,1.5619,1.5623,0.80,0.30
2008.03.20 07:19:43.022,1.56195,1.5623,12.20,0.30
2008.03.20 07:19:43.281,1.56195,1.5623,13.00,0.30
2008.03.20 07:19:43.543,1.56195,1.56225,1.00,0.20
2008.03.20 07:19:43.801,1.56195,1.56225,1.00,0.20
2008.03.20 07:19:44.062,1.56195,1.56225,0.30,0.90
2008.03.20 07:19:44.363,1.5619,1.56225,8.80,0.90
2008.03.20 07:19:44.664,1.56195,1.5623,13.00,0.30
2008.03.20 07:19:44.963,1.562,1.5623,0.30,0.30
2008.03.20 07:19:45.263,1.562,1.5623,0.30,0.30
2008.03.20 07:19:45.575,1.562,1.5623,0.30,0.30
2008.03.20 07:19:45.874,1.562,1.56215,0.30,0.30
2008.03.20 07:19:46.174,1.5619,1.56195,0.30,4.00
2008.03.20 07:19:46.434,1.56165,1.56185,8.20,0.80
2008.03.20 07:19:46.696,1.5617,1.56185,0.30,0.80
2008.03.20 07:19:46.953,1.5617,1.5619,0.30,0.20
2008.03.20 07:19:47.212,1.5617,1.56185,0.30,0.30
2008.03.20 07:19:47.517,1.5616,1.56185,8.20,0.30
2008.03.20 07:19:47.822,1.5616,1.5618,8.20,0.30
2008.03.20 07:19:48.128,1.5615,1.5618,0.30,0.70
2008.03.20 07:19:48.447,1.5616,1.56185,8.20,0.90
2008.03.20 07:19:48.727,1.5616,1.56185,8.20,0.20
2008.03.20 07:19:49.001,1.5616,1.56185,8.20,0.20
2008.03.20 07:19:49.278,1.56165,1.56185,4.00,4.40
2008.03.20 07:19:49.545,1.5616,1.5618,1.00,0.20
2008.03.20 07:19:49.807,1.5616,1.56185,1.00,5.20
2008.03.20 07:19:50.072,1.5616,1.56185,1.00,5.20
2008.03.20 07:19:50.335,1.5616,1.5618,0.30,0.20
2008.03.20 07:19:50.656,1.5616,1.56185,8.20,4.00
2008.03.20 07:19:50.984,1.5616,1.56185,0.30,4.20
2008.03.20 07:19:51.298,1.5616,1.5618,0.30,0.20
2008.03.20 07:19:51.540,1.5616,1.5618,0.30,0.20
2008.03.20 07:19:51.780,1.5616,1.5618,0.30,0.20
2008.03.20 07:19:52.020,1.5616,1.56185,0.30,3.30
2008.03.20 07:19:52.261,1.5616,1.56185,0.30,3.60
2008.03.20 07:19:52.576,1.5616,1.56175,0.30,0.80
2008.03.20 07:19:52.890,1.5616,1.5618,0.30,0.20
2008.03.20 07:19:53.206,1.5614,1.5617,0.30,0.60
2008.03.20 07:19:53.524,1.5615,1.56175,0.30,5.20
2008.03.20 07:19:53.794,1.5615,1.5617,0.30,0.30
2008.03.20 07:19:54.064,1.5615,1.5617,0.30,0.30
2008.03.20 07:19:54.333,1.5615,1.5617,0.30,0.30
2008.03.20 07:19:54.607,1.5615,1.5617,0.30,0.30
2008.03.20 07:19:54.882,1.5615,1.5617,0.30,0.30
2008.03.20 07:19:55.155,1.5615,1.5617,0.30,0.30
2008.03.20 07:19:55.431,1.5615,1.5618,0.30,1.50
2008.03.20 07:19:55.760,1.5615,1.5618,0.30,1.50
2008.03.20 07:19:56.089,1.5615,1.5618,0.30,1.50
2008.03.20 07:19:56.418,1.5615,1.56175,0.30,0.20
2008.03.20 07:19:56.647,1.5615,1.56175,0.30,0.90
2008.03.20 07:19:56.876,1.5615,1.56175,0.30,1.20
2008.03.20 07:19:57.107,1.5615,1.56175,0.30,1.20
2008.03.20 07:19:57.337,1.5615,1.5617,0.30,0.20
2008.03.20 07:19:57.565,1.5615,1.5617,0.30,0.20
2008.03.20 07:19:57.906,1.5615,1.5618,0.30,1.30
2008.03.20 07:19:58.238,1.56145,1.5617,0.80,0.40
2008.03.20 07:19:58.568,1.5614,1.5617,0.30,0.40
2008.03.20 07:19:58.817,1.56135,1.5617,9.30,0.60
2008.03.20 07:19:59.066,1.56135,1.5617,9.30,0.60
2008.03.20 07:19:59.316,1.5614,1.56175,0.30,1.20
2008.03.20 07:19:59.565,1.5614,1.56175,0.30,1.20
2008.03.20 07:19:59.899,1.5614,1.56175,0.30,1.20
2008.03.20 07:20:00.234,1.56145,1.56175,1.00,0.30
2008.03.20 07:20:00.571,1.5615,1.5618,8.20,0.90
2008.03.20 07:20:00.801,1.56145,1.5617,0.30,0.40
2008.03.20 07:20:01.030,1.5614,1.56175,0.60,5.20
2008.03.20 07:20:01.261,1.56145,1.56175,1.00,0.30
2008.03.20 07:20:01.490,1.56145,1.56175,1.00,0.30
2008.03.20 07:20:01.835,1.56145,1.56175,0.80,0.50
2008.03.20 07:20:02.159,1.5614,1.56175,0.30,1.20
2008.03.20 07:20:02.494,1.5614,1.56175,0.30,1.20
2008.03.20 07:20:02.735,1.5614,1.56175,0.30,1.20
2008.03.20 07:20:02.986,1.5614,1.56175,0.30,1.20
2008.03.20 07:20:03.236,1.5614,1.56175,0.30,1.20
2008.03.20 07:20:03.463,1.5614,1.56175,0.30,1.20
2008.03.20 07:20:03.703,1.5614,1.56175,0.30,1.20
2008.03.20 07:20:04.007,1.5614,1.56175,0.30,1.20
2008.03.20 07:20:04.310,1.5614,1.56175,0.30,1.20
2008.03.20 07:20:04.617,1.5614,1.56175,0.30,1.20
2008.03.20 07:20:04.930,1.5614,1.56175,0.30,1.20
2008.03.20 07:20:05.243,1.5614,1.56175,0.30,1.20
2008.03.20 07:20:05.556,1.5614,1.56175,0.30,1.20
2008.03.20 07:20:05.781,1.5614,1.56175,0.30,1.20
2008.03.20 07:20:06.013,1.5614,1.56175,0.30,1.20
2008.03.20 07:20:06.249,1.56135,1.5617,9.80,0.30
2008.03.20 07:20:06.485,1.56135,1.5617,1.80,0.40
2008.03.20 07:20:06.699,1.56145,1.5617,1.00,0.40
2008.03.20 07:20:07.024,1.56145,1.56175,1.00,0.30
2008.03.20 07:20:07.350,1.5614,1.5617,1.00,0.40
2008.03.20 07:20:07.675,1.56145,1.5617,0.80,0.40
2008.03.20 07:20:07.890,1.5614,1.5617,0.30,0.40
2008.03.20 07:20:08.104,1.5614,1.5617,8.40,0.60
2008.03.20 07:20:08.318,1.56135,1.56165,0.80,0.20
2008.03.20 07:20:08.533,1.56135,1.56165,0.80,0.20
2008.03.20 07:20:08.748,1.56135,1.5617,1.00,0.70
2008.03.20 07:20:09.081,1.56135,1.5617,13.00,0.70
2008.03.20 07:20:09.417,1.56135,1.5616,1.00,0.40
2008.03.20 07:20:09.751,1.5614,1.5617,0.30,0.70
2008.03.20 07:20:10.019,1.5614,1.5617,0.30,0.60
2008.03.20 07:20:10.282,1.5613,1.56165,0.80,0.90
2008.03.20 07:20:10.546,1.5613,1.56165,0.80,0.90
2008.03.20 07:20:10.811,1.5613,1.56165,0.80,0.90
2008.03.20 07:20:11.110,1.5613,1.56165,0.80,0.90
2008.03.20 07:20:11.409,1.5613,1.56165,0.80,0.90
2008.03.20 07:20:11.710,1.5614,1.56165,8.00,0.20
2008.03.20 07:20:12.023,1.5614,1.5617,0.30,0.70
2008.03.20 07:20:12.313,1.5613,1.5616,0.80,0.40
2008.03.20 07:20:12.600,1.5613,1.5616,0.50,0.60
2008.03.20 07:20:12.875,1.5613,1.5614,0.30,0.30
2008.03.20 07:20:13.136,1.56125,1.56135,0.30,0.30
2008.03.20 07:20:13.400,1.5612,1.5614,0.30,1.00
2008.03.20 07:20:14.654,1.5611,1.5614,0.60,1.40
2008.03.20 07:20:14.805,1.56105,1.56125,1.00,0.30
2008.03.20 07:20:14.953,1.56105,1.56125,0.30,0.30
2008.03.20 07:20:15.104,1.56105,1.56125,0.30,0.30
2008.03.20 07:20:15.254,1.56095,1.56125,1.00,0.30
2008.03.20 07:20:15.403,1.56095,1.56125,1.00,0.30
2008.03.20 07:20:15.553,1.56095,1.56125,0.30,1.00
2008.03.20 07:20:15.702,1.5609,1.56125,0.30,1.00
2008.03.20 07:20:15.850,1.5609,1.56125,0.30,1.00
2008.03.20 07:20:16.185,1.56095,1.56125,1.00,0.30
2008.03.20 07:20:16.520,1.56095,1.56125,1.00,0.30
2008.03.20 07:20:16.854,1.56095,1.56125,1.00,0.30
2008.03.20 07:20:17.098,1.56095,1.56125,1.00,0.30
2008.03.20 07:20:17.342,1.56095,1.5613,1.00,0.50
2008.03.20 07:20:17.586,1.561,1.56135,0.30,0.90
2008.03.20 07:20:17.831,1.5612,1.5614,0.30,0.20
2008.03.20 07:20:18.151,1.5612,1.5614,0.30,0.20
2008.03.20 07:20:18.470,1.56115,1.5615,0.40,0.20
2008.03.20 07:20:18.791,1.5611,1.56135,0.60,1.60
2008.03.20 07:20:19.050,1.5611,1.5613,0.30,0.80
2008.03.20 07:20:19.324,1.5611,1.5613,0.30,1.00
2008.03.20 07:20:19.583,1.5611,1.5613,0.30,1.00
2008.03.20 07:20:19.842,1.5611,1.5613,0.30,1.00
2008.03.20 07:20:20.156,1.5611,1.5613,0.30,1.00
2008.03.20 07:20:20.470,1.5611,1.5613,0.30,1.00
2008.03.20 07:20:20.786,1.561,1.5613,0.60,1.40
2008.03.20 07:20:21.083,1.561,1.5612,8.40,0.30
2008.03.20 07:20:21.380,1.561,1.5613,8.40,1.40
2008.03.20 07:20:21.675,1.561,1.56125,0.30,0.30
2008.03.20 07:20:21.971,1.56095,1.5612,1.00,0.40
2008.03.20 07:20:22.214,1.56095,1.5612,1.00,0.60
2008.03.20 07:20:22.458,1.56095,1.5612,1.00,0.60
2008.03.20 07:20:22.702,1.56095,1.5612,1.00,0.60
2008.03.20 07:20:22.946,1.56095,1.5612,1.00,0.60
2008.03.20 07:20:23.272,1.56095,1.5612,1.00,0.30
2008.03.20 07:20:23.599,1.56095,1.5612,1.00,0.30
2008.03.20 07:20:23.934,1.56095,1.5612,1.00,0.30
2008.03.20 07:20:24.178,1.56095,1.5612,0.30,0.30
2008.03.20 07:20:24.415,1.5609,1.56115,0.30,0.30
2008.03.20 07:20:24.656,1.56085,1.56115,1.00,0.30
2008.03.20 07:20:24.895,1.56085,1.56115,1.00,0.30
2008.03.20 07:20:25.229,1.56085,1.56115,1.00,0.30
2008.03.20 07:20:25.565,1.56085,1.5611,1.00,0.40
2008.03.20 07:20:25.899,1.56085,1.5611,1.00,0.40
2008.03.20 07:20:26.144,1.56085,1.5611,1.00,0.40
2008.03.20 07:20:26.398,1.56085,1.5611,1.00,0.40
2008.03.20 07:20:26.632,1.56085,1.5611,0.30,0.60
2008.03.20 07:20:26.878,1.5608,1.5611,0.60,0.60
2008.03.20 07:20:27.197,1.5608,1.5611,0.30,1.50
2008.03.20 07:20:27.517,1.5608,1.5611,0.30,1.50
2008.03.20 07:20:27.836,1.5608,1.5611,0.30,1.40
2008.03.20 07:20:28.157,1.56085,1.5611,4.80,1.10
2008.03.20 07:20:28.388,1.5609,1.5611,0.30,0.80
2008.03.20 07:20:28.617,1.5609,1.5611,0.30,0.80
2008.03.20 07:20:28.848,1.56085,1.5611,1.00,0.40
2008.03.20 07:20:29.078,1.5609,1.56115,0.30,6.60
2008.03.20 07:20:29.414,1.5609,1.56115,0.30,3.60
2008.03.20 07:20:29.753,1.5609,1.56115,0.30,2.60
2008.03.20 07:20:30.086,1.5609,1.56115,0.30,2.60
2008.03.20 07:20:30.355,1.5609,1.56115,0.30,2.60
2008.03.20 07:20:30.625,1.5609,1.56115,0.60,0.80
2008.03.20 07:20:30.892,1.5609,1.5612,0.60,0.60
2008.03.20 07:20:31.162,1.5609,1.5612,0.60,0.60
2008.03.20 07:20:31.456,1.5609,1.5612,0.60,0.40
2008.03.20 07:20:31.750,1.56095,1.5612,1.00,1.10
2008.03.20 07:20:32.045,1.56095,1.5612,1.00,1.10
2008.03.20 07:20:32.304,1.56095,1.5612,1.00,1.10
2008.03.20 07:20:32.565,1.561,1.5612,0.60,0.80
2008.03.20 07:20:32.826,1.56105,1.5613,0.30,0.60
2008.03.20 07:20:33.086,1.56105,1.56135,0.30,5.00
2008.03.20 07:20:33.397,1.56105,1.56135,0.30,6.40
2008.03.20 07:20:33.690,1.56105,1.5613,0.30,0.80
2008.03.20 07:20:33.985,1.5611,1.5613,0.30,0.80
2008.03.20 07:20:34.281,1.5611,1.5613,0.30,0.80
2008.03.20 07:20:34.555,1.5611,1.5613,0.30,0.80
2008.03.20 07:20:34.831,1.5612,1.56145,0.30,7.40
2008.03.20 07:20:35.107,1.5612,1.5614,0.30,0.80
2008.03.20 07:20:35.408,1.5612,1.5614,0.30,0.80
2008.03.20 07:20:35.705,1.5612,1.5614,0.30,0.80
2008.03.20 07:20:36.006,1.56115,1.56135,4.20,0.30
2008.03.20 07:20:36.306,1.5611,1.5614,0.60,1.40
2008.03.20 07:20:36.582,1.5611,1.56135,0.60,0.80
2008.03.20 07:20:36.857,1.5611,1.56135,0.30,1.80
2008.03.20 07:20:37.132,1.5611,1.56135,0.60,0.80
2008.03.20 07:20:37.407,1.5611,1.56135,0.60,1.00
2008.03.20 07:20:37.682,1.5611,1.56135,0.30,1.60
2008.03.20 07:20:37.957,1.5612,1.56135,0.30,0.80
2008.03.20 07:20:38.231,1.5612,1.56145,0.30,3.40
2008.03.20 07:20:38.516,1.5612,1.56145,0.30,3.40
2008.03.20 07:20:38.800,1.5612,1.56145,0.30,3.40
2008.03.20 07:20:39.086,1.56115,1.56135,0.30,1.80
2008.03.20 07:20:39.370,1.5611,1.56135,0.30,2.60
2008.03.20 07:20:39.638,1.5611,1.56135,0.30,2.60
2008.03.20 07:20:39.908,1.5611,1.56135,0.30,2.60
2008.03.20 07:20:40.179,1.5611,1.56135,0.30,2.60
2008.03.20 07:20:40.448,1.5611,1.56135,0.30,2.60
2008.03.20 07:20:40.768,1.5611,1.56135,0.30,2.60
2008.03.20 07:20:41.087,1.5611,1.56135,0.30,2.60
2008.03.20 07:20:41.407,1.5611,1.56135,0.30,2.60
2008.03.20 07:20:41.661,1.5611,1.56135,0.30,6.60
2008.03.20 07:20:41.916,1.5611,1.56135,0.30,2.60
2008.03.20 07:20:42.168,1.5611,1.56135,0.30,2.60
2008.03.20 07:20:42.422,1.5611,1.56135,0.30,2.60
2008.03.20 07:20:42.716,1.5611,1.56135,0.30,2.60
2008.03.20 07:20:43.014,1.5611,1.56135,0.30,2.60
2008.03.20 07:20:43.308,1.5611,1.56135,0.30,2.60
2008.03.20 07:20:43.581,1.5611,1.56135,0.30,2.60
2008.03.20 07:20:43.855,1.5611,1.56135,0.30,2.60
2008.03.20 07:20:44.129,1.5611,1.56135,0.30,2.60
2008.03.20 07:20:44.403,1.5611,1.56135,0.30,2.60
2008.03.20 07:20:44.661,1.5611,1.56135,0.30,2.60
2008.03.20 07:20:44.919,1.5611,1.56135,0.30,2.60
2008.03.20 07:20:45.178,1.5611,1.56135,0.30,2.60
2008.03.20 07:20:45.436,1.5611,1.56135,0.30,2.60
2008.03.20 07:20:45.757,1.5611,1.56135,0.30,2.60
2008.03.20 07:20:46.075,1.5611,1.56135,0.30,2.60
2008.03.20 07:20:46.395,1.5611,1.56135,0.30,4.20
2008.03.20 07:20:46.625,1.561,1.5613,8.40,0.40
2008.03.20 07:20:46.854,1.561,1.5613,8.40,0.40
2008.03.20 07:20:47.082,1.56105,1.5613,0.80,0.40
2008.03.20 07:20:47.312,1.56105,1.5613,1.00,0.40
2008.03.20 07:20:47.646,1.56105,1.5613,1.00,0.40
2008.03.20 07:20:47.981,1.56105,1.5613,1.00,0.40
2008.03.20 07:20:48.314,1.56105,1.5613,1.00,0.40
2008.03.20 07:20:48.552,1.56105,1.5613,1.00,0.40
2008.03.20 07:20:48.792,1.56105,1.5613,1.00,0.40
2008.03.20 07:20:49.030,1.56105,1.5613,1.00,0.40
2008.03.20 07:20:49.269,1.561,1.5613,8.40,0.40
2008.03.20 07:20:49.508,1.561,1.5613,8.40,0.40
2008.03.20 07:20:49.823,1.561,1.5613,8.40,0.40
2008.03.20 07:20:50.138,1.5611,1.56135,0.30,4.40
2008.03.20 07:20:50.452,1.5611,1.56135,0.30,0.90
2008.03.20 07:20:50.723,1.5611,1.56135,0.30,0.80
2008.03.20 07:20:50.993,1.5611,1.5614,0.30,0.70
2008.03.20 07:20:51.262,1.5611,1.5614,0.30,0.70
2008.03.20 07:20:51.530,1.5611,1.5614,0.30,0.70
2008.03.20 07:20:51.836,1.5611,1.5614,0.30,0.70
2008.03.20 07:20:52.137,1.5611,1.5614,0.30,0.70
2008.03.20 07:20:52.438,1.5611,1.5613,0.30,0.20
2008.03.20 07:20:52.714,1.5611,1.5613,0.30,0.20
2008.03.20 07:20:52.988,1.5611,1.5613,0.30,0.20
2008.03.20 07:20:53.265,1.56105,1.5613,12.00,0.60
2008.03.20 07:20:53.542,1.561,1.56125,8.20,0.80
2008.03.20 07:20:53.800,1.56105,1.5612,4.00,0.30
2008.03.20 07:20:54.054,1.56095,1.5612,8.00,0.30
2008.03.20 07:20:54.308,1.56095,1.5612,8.00,0.30
2008.03.20 07:20:54.569,1.56095,1.5612,8.00,0.30
2008.03.20 07:20:54.891,1.56095,1.5612,8.00,0.50
2008.03.20 07:20:55.190,1.561,1.5612,8.20,0.20
2008.03.20 07:20:55.499,1.561,1.56125,8.20,1.20
2008.03.20 07:20:55.759,1.561,1.56125,8.20,1.00
2008.03.20 07:20:56.018,1.561,1.56125,8.20,0.30
2008.03.20 07:20:56.276,1.561,1.56125,8.20,0.30
2008.03.20 07:20:56.535,1.561,1.56125,8.20,0.30
2008.03.20 07:20:56.810,1.561,1.5613,8.20,0.70
2008.03.20 07:20:57.085,1.561,1.5613,8.20,0.70
2008.03.20 07:20:57.358,1.561,1.5613,8.20,0.70
2008.03.20 07:20:57.643,1.561,1.5613,8.20,0.70
2008.03.20 07:20:57.923,1.561,1.5613,8.20,0.70
2008.03.20 07:20:58.197,1.561,1.5613,8.20,0.70
2008.03.20 07:20:58.472,1.561,1.5613,8.20,0.70
2008.03.20 07:20:58.745,1.561,1.5613,8.20,0.70
2008.03.20 07:20:59.038,1.561,1.5613,8.20,0.70
2008.03.20 07:20:59.334,1.561,1.56125,8.20,0.30
2008.03.20 07:20:59.629,1.561,1.56125,8.20,0.30
2008.03.20 07:20:59.891,1.561,1.56125,0.30,0.30
2008.03.20 07:21:00.151,1.56095,1.5612,0.80,0.40
2008.03.20 07:21:00.411,1.56095,1.5612,1.00,0.60
2008.03.20 07:21:00.674,1.56095,1.5612,1.00,0.60
2008.03.20 07:21:00.963,1.56095,1.5612,1.00,0.60
2008.03.20 07:21:01.253,1.56095,1.5612,1.00,0.60
2008.03.20 07:21:01.544,1.56095,1.5612,1.00,0.60
2008.03.20 07:21:01.825,1.56095,1.5612,1.00,0.60
2008.03.20 07:21:02.115,1.56095,1.5612,1.00,0.60
2008.03.20 07:21:02.405,1.56095,1.5612,1.00,0.60
2008.03.20 07:21:02.694,1.56095,1.5612,1.00,0.60
2008.03.20 07:21:02.915,1.56095,1.5612,1.00,0.60
2008.03.20 07:21:03.135,1.56095,1.5612,1.00,0.60
2008.03.20 07:21:03.355,1.56095,1.5612,1.00,0.60
2008.03.20 07:21:03.574,1.561,1.5612,0.60,0.30
2008.03.20 07:21:03.793,1.561,1.5612,0.60,0.30
2008.03.20 07:21:04.127,1.561,1.5612,0.60,0.30
2008.03.20 07:21:04.461,1.561,1.5612,0.60,0.30
2008.03.20 07:21:04.795,1.561,1.5612,0.60,0.30
2008.03.20 07:21:05.054,1.561,1.5612,0.60,0.30
2008.03.20 07:21:05.314,1.561,1.5612,0.60,0.30
2008.03.20 07:21:05.572,1.561,1.5612,0.60,0.30
2008.03.20 07:21:05.831,1.561,1.56125,0.60,0.30
2008.03.20 07:21:06.120,1.561,1.56125,0.60,0.30
2008.03.20 07:21:06.411,1.561,1.56125,0.60,0.30
2008.03.20 07:21:06.704,1.56105,1.5613,1.00,0.40
2008.03.20 07:21:06.959,1.5611,1.5613,0.30,0.30
2008.03.20 07:21:07.200,1.5611,1.5613,0.30,0.30
2008.03.20 07:21:07.452,1.5611,1.5613,0.30,0.30
2008.03.20 07:21:07.696,1.5611,1.5613,0.30,0.30
2008.03.20 07:21:08.013,1.5611,1.56135,0.30,6.60
2008.03.20 07:21:08.333,1.5611,1.56135,0.30,6.60
2008.03.20 07:21:08.653,1.5611,1.56135,0.30,6.60
2008.03.20 07:21:08.903,1.5611,1.56135,0.30,6.60
2008.03.20 07:21:09.153,1.5611,1.56135,0.30,6.60
2008.03.20 07:21:09.392,1.56115,1.56135,1.00,4.80
2008.03.20 07:21:09.630,1.5612,1.56145,8.40,4.20
2008.03.20 07:21:09.870,1.5612,1.5614,8.00,0.40
2008.03.20 07:21:10.218,1.56115,1.56125,1.00,0.80
2008.03.20 07:21:10.554,1.56115,1.56125,0.30,0.80
2008.03.20 07:21:10.888,1.56115,1.56145,0.40,0.90
2008.03.20 07:21:11.124,1.56115,1.56145,0.40,0.90
2008.03.20 07:21:11.359,1.56125,1.5615,0.30,0.30
2008.03.20 07:21:11.596,1.56125,1.5615,1.00,0.60
2008.03.20 07:21:11.833,1.5612,1.5615,0.60,0.40
2008.03.20 07:21:12.159,1.5612,1.5615,8.40,0.30
2008.03.20 07:21:12.484,1.5612,1.5615,8.40,0.30
2008.03.20 07:21:12.822,1.5612,1.5615,0.30,0.30
2008.03.20 07:21:13.076,1.5611,1.56135,0.30,0.30
2008.03.20 07:21:13.330,1.5611,1.56135,0.30,0.30
2008.03.20 07:21:13.585,1.5611,1.5614,0.30,0.60
2008.03.20 07:21:13.839,1.5611,1.5614,0.30,0.60
2008.03.20 07:21:14.138,1.5611,1.5614,0.80,0.40
2008.03.20 07:21:14.440,1.5612,1.56145,0.30,0.90
2008.03.20 07:21:14.738,1.5612,1.56145,0.30,0.90
2008.03.20 07:21:15.029,1.5612,1.56145,0.30,5.00
2008.03.20 07:21:15.319,1.5611,1.5614,0.60,0.40
2008.03.20 07:21:15.610,1.5612,1.56135,0.30,0.30
2008.03.20 07:21:15.901,1.56105,1.56135,1.00,0.30
2008.03.20 07:21:16.191,1.56105,1.56135,1.00,0.30
2008.03.20 07:21:16.467,1.5611,1.56135,0.30,0.80
2008.03.20 07:21:16.747,1.5611,1.56135,0.30,0.90
2008.03.20 07:21:17.036,1.5611,1.56135,0.30,0.90
2008.03.20 07:21:17.325,1.5611,1.5614,0.30,1.50
2008.03.20 07:21:17.614,1.5611,1.5614,0.30,1.40
2008.03.20 07:21:17.904,1.5611,1.5614,0.30,1.50
2008.03.20 07:21:18.170,1.56105,1.5613,1.00,0.30
2008.03.20 07:21:18.436,1.56095,1.5612,1.00,0.40
2008.03.20 07:21:18.702,1.56095,1.5612,8.00,0.40
2008.03.20 07:21:18.966,1.56095,1.5612,8.00,0.60
2008.03.20 07:21:19.266,1.56095,1.5612,8.00,0.60
2008.03.20 07:21:19.565,1.56095,1.5612,8.00,0.40
2008.03.20 07:21:19.864,1.56095,1.5612,8.00,0.40
2008.03.20 07:21:20.133,1.56095,1.5612,8.00,0.60
2008.03.20 07:21:20.412,1.561,1.5612,0.30,0.20
2008.03.20 07:21:20.689,1.561,1.56125,0.30,0.20
2008.03.20 07:21:20.956,1.56095,1.5612,12.30,0.40
2008.03.20 07:21:21.245,1.561,1.56125,0.30,4.00
2008.03.20 07:21:21.536,1.561,1.56125,0.30,0.30
2008.03.20 07:21:21.819,1.56105,1.56135,1.00,0.30
2008.03.20 07:21:22.104,1.56105,1.56135,1.00,0.30
2008.03.20 07:21:22.406,1.56105,1.56135,1.00,0.30
2008.03.20 07:21:22.707,1.5611,1.56135,0.30,0.30
2008.03.20 07:21:23.009,1.56115,1.56135,0.80,0.30
2008.03.20 07:21:23.251,1.56135,1.5614,12.00,0.40
2008.03.20 07:21:23.496,1.5614,1.56165,8.20,4.00
2008.03.20 07:21:23.738,1.5615,1.56165,0.30,0.20
2008.03.20 07:21:23.978,1.5615,1.56165,0.30,0.90
2008.03.20 07:21:24.279,1.5615,1.56155,0.30,0.30
2008.03.20 07:21:24.580,1.56115,1.5615,1.00,0.50
2008.03.20 07:21:24.882,1.56115,1.56145,1.00,0.30
2008.03.20 07:21:25.181,1.5611,1.56145,0.60,1.20
2008.03.20 07:21:25.486,1.5611,1.56145,0.60,1.20
2008.03.20 07:21:25.802,1.5612,1.5615,0.30,0.30
2008.03.20 07:21:26.108,1.5613,1.5615,0.30,0.30
2008.03.20 07:21:26.336,1.5613,1.56155,0.30,0.30
2008.03.20 07:21:26.561,1.56135,1.56155,8.00,0.30
2008.03.20 07:21:26.787,1.5614,1.56165,0.30,1.20
2008.03.20 07:21:27.015,1.5614,1.5616,0.30,0.30
2008.03.20 07:21:27.351,1.5614,1.56165,0.30,0.90
2008.03.20 07:21:27.687,1.5614,1.56165,0.30,0.50
2008.03.20 07:21:28.022,1.5614,1.5616,0.30,0.30
2008.03.20 07:21:28.261,1.5614,1.5616,0.30,0.80
2008.03.20 07:21:28.501,1.5614,1.5616,0.30,0.80
2008.03.20 07:21:28.740,1.5614,1.5616,0.60,0.80
2008.03.20 07:21:28.981,1.5614,1.5616,0.30,0.80
2008.03.20 07:21:29.219,1.5614,1.5616,0.30,0.80
2008.03.20 07:21:29.534,1.5614,1.5616,8.40,0.80
2008.03.20 07:21:29.849,1.5614,1.56165,8.40,0.30
2008.03.20 07:21:30.168,1.5614,1.5617,8.40,1.40
2008.03.20 07:21:30.441,1.56145,1.5617,1.00,0.30
2008.03.20 07:21:30.709,1.56145,1.5617,1.00,0.30
2008.03.20 07:21:30.980,1.56145,1.5617,0.30,0.60
2008.03.20 07:21:31.250,1.5614,1.56175,0.50,16.90
2008.03.20 07:21:31.549,1.5615,1.56175,0.60,4.00
2008.03.20 07:21:31.848,1.5615,1.5618,8.40,1.40
2008.03.20 07:21:32.158,1.5615,1.5618,8.40,1.40
2008.03.20 07:21:32.437,1.5615,1.5618,8.40,1.50
2008.03.20 07:21:32.718,1.5615,1.5618,0.60,1.40
2008.03.20 07:21:32.997,1.5615,1.56175,0.60,0.30
2008.03.20 07:21:33.276,1.5615,1.5617,0.60,0.80
2008.03.20 07:21:33.551,1.5615,1.5617,0.60,0.80
2008.03.20 07:21:33.826,1.5615,1.5618,0.60,0.60
2008.03.20 07:21:34.100,1.5615,1.5618,0.60,0.60
2008.03.20 07:21:34.376,1.5615,1.5618,0.60,0.70
2008.03.20 07:21:34.669,1.5615,1.5618,0.60,1.50
2008.03.20 07:21:34.963,1.5615,1.5618,0.60,1.50
2008.03.20 07:21:35.257,1.5615,1.5618,0.30,1.50
2008.03.20 07:21:35.586,1.5615,1.56175,0.30,0.90
2008.03.20 07:21:35.906,1.5614,1.5617,8.40,0.40
2008.03.20 07:21:36.227,1.5615,1.5618,0.30,1.50
2008.03.20 07:21:36.545,1.5615,1.5618,0.30,1.50
2008.03.20 07:21:36.789,1.5615,1.5618,0.30,1.50
2008.03.20 07:21:37.033,1.5616,1.5618,8.00,1.30
2008.03.20 07:21:37.278,1.5615,1.5618,0.60,1.50
2008.03.20 07:21:37.524,1.5615,1.5618,0.60,1.50
2008.03.20 07:21:37.824,1.5615,1.56175,0.30,0.90
2008.03.20 07:21:38.122,1.5615,1.56175,0.30,0.90
2008.03.20 07:21:38.422,1.5615,1.56175,0.30,0.90
2008.03.20 07:21:38.682,1.5615,1.56175,0.30,0.90
2008.03.20 07:21:38.941,1.5615,1.56175,0.30,0.90
2008.03.20 07:21:39.202,1.5615,1.5618,0.30,1.50
2008.03.20 07:21:39.461,1.5615,1.5618,0.30,1.50
2008.03.20 07:21:39.762,1.5615,1.5618,0.30,1.50
2008.03.20 07:21:40.060,1.5615,1.5618,0.30,1.50
2008.03.20 07:21:40.360,1.5615,1.56175,0.30,1.80
2008.03.20 07:21:40.673,1.5615,1.5617,0.30,0.80
2008.03.20 07:21:40.994,1.5615,1.5617,0.30,0.80
2008.03.20 07:21:41.319,1.5615,1.5617,0.30,0.90
2008.03.20 07:21:41.645,1.5615,1.56165,0.30,0.80
2008.03.20 07:21:41.873,1.5614,1.56165,8.20,0.90
2008.03.20 07:21:42.102,1.5614,1.56165,8.20,0.90
2008.03.20 07:21:42.320,1.5614,1.56165,8.20,0.90
2008.03.20 07:21:42.540,1.5614,1.56165,8.20,0.90
2008.03.20 07:21:42.869,1.5614,1.56165,8.20,0.90
2008.03.20 07:21:43.198,1.5615,1.56165,0.30,0.80
2008.03.20 07:21:43.528,1.5615,1.5617,0.30,0.80
2008.03.20 07:21:43.856,1.5615,1.5617,0.30,0.80
2008.03.20 07:21:44.095,1.5615,1.5617,0.30,0.80
2008.03.20 07:21:44.334,1.5615,1.5617,0.30,0.80
2008.03.20 07:21:44.572,1.5615,1.5617,0.30,0.80
2008.03.20 07:21:44.907,1.5615,1.5617,0.30,0.80
2008.03.20 07:21:45.243,1.56145,1.5617,0.30,1.10
2008.03.20 07:21:45.579,1.5615,1.5617,0.30,0.80
2008.03.20 07:21:45.817,1.56145,1.5617,0.30,1.10
2008.03.20 07:21:46.057,1.5614,1.5617,8.40,1.10
2008.03.20 07:21:46.298,1.5615,1.5617,0.30,0.90
2008.03.20 07:21:46.538,1.5614,1.5617,8.20,1.30
2008.03.20 07:21:46.788,1.5615,1.5617,0.30,0.90
2008.03.20 07:21:47.117,1.5615,1.5617,0.30,0.90
2008.03.20 07:21:47.453,1.5615,1.5617,0.30,0.90
2008.03.20 07:21:47.789,1.5615,1.5617,0.30,0.90
2008.03.20 07:21:48.017,1.5615,1.5617,0.30,0.90
2008.03.20 07:21:48.247,1.5615,1.5617,0.30,0.90
2008.03.20 07:21:48.476,1.5614,1.56165,8.20,0.20
2008.03.20 07:21:48.705,1.5614,1.56165,8.00,0.90
2008.03.20 07:21:49.010,1.56125,1.5615,1.00,0.30
2008.03.20 07:21:49.313,1.5612,1.5615,8.40,0.30
2008.03.20 07:21:49.619,1.56125,1.56155,0.80,0.50
2008.03.20 07:21:49.924,1.56125,1.56155,1.00,0.30
2008.03.20 07:21:50.218,1.56125,1.56155,1.00,0.30
2008.03.20 07:21:50.523,1.56125,1.56155,1.00,0.30
2008.03.20 07:21:50.808,1.56125,1.56155,1.00,0.30
2008.03.20 07:21:51.072,1.56125,1.56155,1.00,0.30
2008.03.20 07:21:51.337,1.56125,1.56155,1.00,0.30
2008.03.20 07:21:51.602,1.56125,1.56155,1.00,0.30
2008.03.20 07:21:51.867,1.56135,1.5616,8.00,0.30
2008.03.20 07:21:52.161,1.56135,1.5616,8.00,0.30
2008.03.20 07:21:52.455,1.56135,1.5616,12.00,0.30
2008.03.20 07:21:52.751,1.5613,1.56165,0.30,1.20
2008.03.20 07:21:53.007,1.5614,1.5616,0.30,0.30
2008.03.20 07:21:53.261,1.56125,1.5616,1.00,0.50
2008.03.20 07:21:53.516,1.56125,1.56155,1.00,0.30
2008.03.20 07:21:53.770,1.5613,1.56155,0.30,0.30
2008.03.20 07:21:54.084,1.5613,1.56155,0.30,0.30
2008.03.20 07:21:54.399,1.5613,1.5616,0.30,0.30
2008.03.20 07:21:54.713,1.5613,1.5616,0.30,0.30
2008.03.20 07:21:55.027,1.5613,1.5616,0.30,0.30
2008.03.20 07:21:55.322,1.5613,1.5616,0.30,0.30
2008.03.20 07:21:55.616,1.5613,1.5616,0.30,0.30
2008.03.20 07:21:55.912,1.5614,1.56165,0.30,0.30
2008.03.20 07:21:56.160,1.5614,1.56165,0.30,0.30
2008.03.20 07:21:56.410,1.5614,1.56165,0.30,0.30
2008.03.20 07:21:56.658,1.5614,1.56165,0.30,0.30
2008.03.20 07:21:56.911,1.5614,1.56165,0.30,0.30
2008.03.20 07:21:57.188,1.5614,1.5616,0.30,0.30
2008.03.20 07:21:57.468,1.5613,1.5616,0.30,0.20
2008.03.20 07:21:57.745,1.56125,1.56155,1.00,0.30
2008.03.20 07:21:58.021,1.56125,1.5615,1.00,0.30
2008.03.20 07:21:58.280,1.56125,1.5615,1.00,0.30
2008.03.20 07:21:58.539,1.56125,1.5615,1.00,0.30
2008.03.20 07:21:58.799,1.5613,1.5615,0.30,0.30
2008.03.20 07:21:59.088,1.5613,1.5615,0.30,0.30
2008.03.20 07:21:59.378,1.5613,1.5616,0.30,0.20
2008.03.20 07:21:59.667,1.56135,1.56165,8.00,1.20
2008.03.20 07:21:59.956,1.56135,1.56155,8.00,0.30
2008.03.20 07:22:00.272,1.56135,1.5616,8.00,0.30
2008.03.20 07:22:00.573,1.56125,1.56155,1.00,0.30
2008.03.20 07:22:00.877,1.56125,1.56155,0.80,0.50
2008.03.20 07:22:01.126,1.56125,1.56155,0.80,0.50
2008.03.20 07:22:01.375,1.56125,1.56155,1.00,0.30
2008.03.20 07:22:01.625,1.56125,1.56155,1.00,0.30
2008.03.20 07:22:01.875,1.5613,1.56155,0.30,0.30
2008.03.20 07:22:02.153,1.5613,1.56155,0.30,0.30
2008.03.20 07:22:02.432,1.5613,1.56155,0.30,0.30
2008.03.20 07:22:02.711,1.5613,1.56155,0.30,0.30
2008.03.20 07:22:02.991,1.5613,1.56155,0.30,0.30
2008.03.20 07:22:03.281,1.5613,1.56155,0.30,0.30
2008.03.20 07:22:03.570,1.5613,1.56155,8.40,0.30
2008.03.20 07:22:03.859,1.5613,1.56155,0.30,0.30
2008.03.20 07:22:04.109,1.5613,1.56155,8.40,0.30
2008.03.20 07:22:04.358,1.5613,1.56155,8.40,0.30
2008.03.20 07:22:04.607,1.5613,1.56155,8.40,0.30
2008.03.20 07:22:04.856,1.5613,1.56155,8.40,0.30
2008.03.20 07:22:05.179,1.5613,1.56155,8.40,0.30
2008.03.20 07:22:05.503,1.5613,1.5616,8.40,0.50
2008.03.20 07:22:05.828,1.5613,1.56155,8.20,0.30
2008.03.20 07:22:06.153,1.5613,1.5616,8.20,0.30
2008.03.20 07:22:06.381,1.5613,1.5616,8.40,0.30
2008.03.20 07:22:06.611,1.5613,1.5616,8.40,0.30
2008.03.20 07:22:06.841,1.5614,1.5616,0.30,0.30
2008.03.20 07:22:07.147,1.5614,1.5616,8.20,0.30
2008.03.20 07:22:07.450,1.5613,1.5616,0.30,0.50
2008.03.20 07:22:07.754,1.5613,1.5616,0.60,0.30
2008.03.20 07:22:08.060,1.5613,1.5616,0.60,0.30
2008.03.20 07:22:08.315,1.56135,1.5616,1.00,0.30
2008.03.20 07:22:08.569,1.56135,1.5616,1.00,0.30
2008.03.20 07:22:08.824,1.5614,1.5617,0.30,1.20
2008.03.20 07:22:09.080,1.5614,1.56165,8.20,0.30
2008.03.20 07:22:09.379,1.5614,1.5616,0.30,0.30
2008.03.20 07:22:09.678,1.5614,1.56165,0.30,0.30
2008.03.20 07:22:09.976,1.5614,1.56165,0.30,0.30
2008.03.20 07:22:10.281,1.5614,1.56165,0.30,0.30
2008.03.20 07:22:10.584,1.5614,1.56165,0.30,0.30
2008.03.20 07:22:10.894,1.5614,1.56165,0.30,0.50
2008.03.20 07:22:11.149,1.5614,1.56165,0.30,1.20
2008.03.20 07:22:11.403,1.5614,1.56165,0.30,1.20
2008.03.20 07:22:11.657,1.5614,1.56165,0.30,1.20
2008.03.20 07:22:11.911,1.5614,1.56165,0.30,1.20
2008.03.20 07:22:12.164,1.5614,1.56165,0.30,1.20
2008.03.20 07:22:12.453,1.5614,1.56165,0.30,1.20
2008.03.20 07:22:12.744,1.5614,1.5616,0.30,0.20
2008.03.20 07:22:13.033,1.56135,1.56155,4.00,0.90
2008.03.20 07:22:13.283,1.5612,1.56155,8.80,0.90
2008.03.20 07:22:13.532,1.5612,1.56155,8.80,0.90
2008.03.20 07:22:13.791,1.56135,1.5616,12.00,0.50
2008.03.20 07:22:14.051,1.5613,1.5616,0.30,0.30
2008.03.20 07:22:14.331,1.5613,1.5616,0.30,0.30
2008.03.20 07:22:14.609,1.5613,1.5616,0.30,0.30
2008.03.20 07:22:14.883,1.5613,1.5616,0.30,0.30
2008.03.20 07:22:15.159,1.5614,1.5616,0.30,0.30
2008.03.20 07:22:15.473,1.5614,1.5616,0.30,0.30
2008.03.20 07:22:15.787,1.5614,1.5616,0.30,0.30
2008.03.20 07:22:16.101,1.5614,1.5616,0.30,0.30
2008.03.20 07:22:16.349,1.5614,1.5616,0.30,0.30
2008.03.20 07:22:16.598,1.5614,1.5616,0.30,0.30
2008.03.20 07:22:16.847,1.5614,1.5616,0.30,0.30
2008.03.20 07:22:17.095,1.5614,1.5616,0.30,0.30
2008.03.20 07:22:17.395,1.5614,1.5616,0.30,0.30
2008.03.20 07:22:17.694,1.5614,1.5616,0.30,0.30
2008.03.20 07:22:17.994,1.5614,1.5616,0.30,0.30
2008.03.20 07:22:18.264,1.5614,1.5616,0.60,0.30
2008.03.20 07:22:18.534,1.5614,1.5616,0.60,0.30
2008.03.20 07:22:18.804,1.5614,1.5616,0.30,0.30
2008.03.20 07:22:19.072,1.5614,1.5616,0.30,0.30
2008.03.20 07:22:19.337,1.5614,1.5616,0.30,0.30
2008.03.20 07:22:19.600,1.5614,1.5616,0.30,0.30
2008.03.20 07:22:19.871,1.5614,1.5616,0.30,0.30
2008.03.20 07:22:20.145,1.5614,1.5616,0.30,0.30
2008.03.20 07:22:20.489,1.5614,1.5616,0.30,0.30
2008.03.20 07:22:20.841,1.5614,1.5616,0.30,0.30
2008.03.20 07:22:21.171,1.5614,1.5616,0.30,0.30
2008.03.20 07:22:21.404,1.5614,1.5616,0.30,0.30
2008.03.20 07:22:21.652,1.5614,1.56165,8.20,0.30
2008.03.20 07:22:21.877,1.5614,1.56165,8.20,0.30
2008.03.20 07:22:22.100,1.5614,1.56165,0.30,0.30
2008.03.20 07:22:22.427,1.5614,1.5617,0.60,1.40
2008.03.20 07:22:22.751,1.56145,1.5617,8.00,1.00
2008.03.20 07:22:23.076,1.56145,1.5617,8.00,1.00
2008.03.20 07:22:23.329,1.5614,1.56165,0.60,0.30
2008.03.20 07:22:23.579,1.5614,1.56165,0.60,0.30
2008.03.20 07:22:23.826,1.5614,1.56165,0.60,0.30
2008.03.20 07:22:24.076,1.5614,1.56165,0.60,0.30
2008.03.20 07:22:24.369,1.5614,1.56165,0.60,0.30
2008.03.20 07:22:24.662,1.5614,1.56165,0.60,0.30
2008.03.20 07:22:24.969,1.5614,1.56165,0.60,0.30
2008.03.20 07:22:25.263,1.5614,1.56165,0.60,0.30
2008.03.20 07:22:25.558,1.5614,1.56165,0.60,0.30
2008.03.20 07:22:25.850,1.5614,1.56165,0.60,0.30
2008.03.20 07:22:26.143,1.5614,1.56165,0.60,0.30
2008.03.20 07:22:26.377,1.5614,1.56165,0.60,0.30
2008.03.20 07:22:26.611,1.5614,1.56165,0.60,0.30
2008.03.20 07:22:26.853,1.5614,1.5617,0.60,1.50
2008.03.20 07:22:27.101,1.5614,1.5617,0.30,1.50
2008.03.20 07:22:27.323,1.5614,1.5617,0.30,1.50
2008.03.20 07:22:27.628,1.5614,1.5617,0.30,1.50
2008.03.20 07:22:27.934,1.5615,1.5617,0.30,1.20
2008.03.20 07:22:28.238,1.5615,1.5617,0.30,1.20
2008.03.20 07:22:28.508,1.5615,1.5617,0.30,1.20
2008.03.20 07:22:28.779,1.5614,1.5617,0.30,1.50
2008.03.20 07:22:29.049,1.5614,1.5617,0.30,0.70
2008.03.20 07:22:29.318,1.5614,1.5617,0.30,1.40
2008.03.20 07:22:29.593,1.5614,1.5617,0.30,1.40
2008.03.20 07:22:29.865,1.5614,1.5617,0.30,1.40
2008.03.20 07:22:30.139,1.5614,1.5617,0.30,1.40
2008.03.20 07:22:30.452,1.5614,1.5617,0.30,1.40
2008.03.20 07:22:30.768,1.56135,1.5617,9.00,1.50
2008.03.20 07:22:31.082,1.56135,1.5617,9.00,1.50
2008.03.20 07:22:31.395,1.56135,1.5617,9.00,1.50
2008.03.20 07:22:31.634,1.56135,1.5617,9.00,1.50
2008.03.20 07:22:31.873,1.56135,1.5617,9.00,1.50
2008.03.20 07:22:32.112,1.56135,1.5617,9.00,1.50
2008.03.20 07:22:32.351,1.56135,1.5617,9.00,1.50
2008.03.20 07:22:32.664,1.56135,1.5617,9.00,1.50
2008.03.20 07:22:32.977,1.56135,1.5617,9.00,1.50
2008.03.20 07:22:33.291,1.5614,1.5617,0.30,1.40
2008.03.20 07:22:33.530,1.5615,1.5617,0.30,1.00
2008.03.20 07:22:33.770,1.5615,1.5617,0.30,1.00
2008.03.20 07:22:34.010,1.5615,1.5617,0.30,1.00
2008.03.20 07:22:34.249,1.5615,1.5617,0.30,1.00
2008.03.20 07:22:34.567,1.5615,1.5617,0.30,1.00
2008.03.20 07:22:34.887,1.5615,1.5617,0.30,1.00
2008.03.20 07:22:35.208,1.5615,1.5617,0.30,1.00
2008.03.20 07:22:35.472,1.5615,1.5617,0.30,1.00
2008.03.20 07:22:35.736,1.5615,1.5617,0.30,1.00
2008.03.20 07:22:36.002,1.5615,1.5617,0.30,1.00
2008.03.20 07:22:36.266,1.5615,1.5617,0.30,1.00
2008.03.20 07:22:36.546,1.5615,1.5617,0.30,1.00
2008.03.20 07:22:36.825,1.5615,1.5617,0.30,1.00
2008.03.20 07:22:37.102,1.5615,1.5617,0.30,1.00
2008.03.20 07:22:37.382,1.5615,1.5617,0.30,1.00
2008.03.20 07:22:37.675,1.5615,1.5617,0.30,1.00
2008.03.20 07:22:37.969,1.5615,1.5617,0.30,1.00
2008.03.20 07:22:38.262,1.5615,1.5617,0.30,1.00
2008.03.20 07:22:38.513,1.56145,1.5617,4.00,1.40
2008.03.20 07:22:38.763,1.5614,1.5617,0.30,1.40
2008.03.20 07:22:39.011,1.5614,1.5617,0.30,1.40
2008.03.20 07:22:39.260,1.5614,1.5617,0.30,1.40
2008.03.20 07:22:39.509,1.5614,1.5617,0.30,1.40
2008.03.20 07:22:39.827,1.5614,1.5617,0.30,1.40
2008.03.20 07:22:40.130,1.5614,1.5617,0.30,1.40
2008.03.20 07:22:40.434,1.5614,1.5617,0.30,1.40
2008.03.20 07:22:40.724,1.56145,1.5617,8.00,1.40
2008.03.20 07:22:41.027,1.56145,1.5617,8.00,1.00
2008.03.20 07:22:41.305,1.5614,1.5617,8.40,1.00
2008.03.20 07:22:41.595,1.5614,1.5617,8.20,1.40
2008.03.20 07:22:41.860,1.5614,1.5617,0.30,1.40
2008.03.20 07:22:42.125,1.5614,1.5617,0.30,1.40
2008.03.20 07:22:42.389,1.5614,1.5617,0.30,1.40
2008.03.20 07:22:42.699,1.5614,1.5617,0.30,1.40
2008.03.20 07:22:43.006,1.5614,1.5617,0.30,1.40
2008.03.20 07:22:43.315,1.5614,1.5617,0.30,1.40
2008.03.20 07:22:43.626,1.5614,1.5617,0.30,1.40
2008.03.20 07:22:43.870,1.5614,1.5617,0.30,1.50
2008.03.20 07:22:44.114,1.5614,1.5617,0.30,1.50
2008.03.20 07:22:44.358,1.5614,1.5617,0.30,1.50
2008.03.20 07:22:44.601,1.5614,1.5617,0.30,1.50
2008.03.20 07:22:44.927,1.5614,1.5617,0.30,1.50
2008.03.20 07:22:45.251,1.5614,1.5617,0.30,1.50
2008.03.20 07:22:45.586,1.5614,1.5617,0.30,1.50
2008.03.20 07:22:45.845,1.56135,1.56155,1.00,0.30
2008.03.20 07:22:46.115,1.56135,1.56155,0.30,0.30
2008.03.20 07:22:46.383,1.56135,1.56155,0.30,0.30
2008.03.20 07:22:46.679,1.56135,1.56155,0.30,0.30
2008.03.20 07:22:46.973,1.56135,1.56155,1.00,0.30
2008.03.20 07:22:47.270,1.56135,1.56155,0.30,0.30
2008.03.20 07:22:47.565,1.5613,1.56155,0.30,0.30
2008.03.20 07:22:47.829,1.5613,1.56155,0.30,0.30
2008.03.20 07:22:48.094,1.5613,1.56155,0.30,0.30
2008.03.20 07:22:48.360,1.5613,1.56155,0.30,0.30
2008.03.20 07:22:48.624,1.5613,1.56155,0.30,0.30
2008.03.20 07:22:48.893,1.5613,1.56155,0.30,0.30
2008.03.20 07:22:49.164,1.5613,1.56165,0.30,1.20
2008.03.20 07:22:49.434,1.5613,1.56165,0.30,1.20
2008.03.20 07:22:49.704,1.5613,1.56165,0.30,1.20
2008.03.20 07:22:49.982,1.5613,1.56165,0.30,1.20
2008.03.20 07:22:50.261,1.5613,1.56165,0.30,1.20
2008.03.20 07:22:50.541,1.5613,1.56165,0.30,1.20
2008.03.20 07:22:50.869,1.5613,1.56165,0.30,1.20
2008.03.20 07:22:51.201,1.5613,1.56165,0.30,1.20
2008.03.20 07:22:51.518,1.5613,1.56165,0.30,1.20
2008.03.20 07:22:51.826,1.5613,1.56165,0.30,1.20
2008.03.20 07:22:52.052,1.5613,1.56165,0.30,1.20
2008.03.20 07:22:52.277,1.5613,1.56165,0.30,1.20
2008.03.20 07:22:52.500,1.5613,1.56165,0.30,1.20
2008.03.20 07:22:52.724,1.5613,1.56165,0.30,1.20
2008.03.20 07:22:53.038,1.5613,1.56165,0.30,1.20
2008.03.20 07:22:53.351,1.5613,1.56165,0.30,1.20
2008.03.20 07:22:53.665,1.56135,1.56165,1.00,0.30
2008.03.20 07:22:53.979,1.56135,1.56165,1.00,0.30
2008.03.20 07:22:54.214,1.56135,1.56165,1.00,0.30
2008.03.20 07:22:54.449,1.56135,1.56165,1.00,0.30
2008.03.20 07:22:54.684,1.56135,1.56165,1.00,0.30
2008.03.20 07:22:55.019,1.56135,1.56165,1.00,0.30
2008.03.20 07:22:55.356,1.56135,1.56165,1.00,0.30
2008.03.20 07:22:55.690,1.56135,1.56165,1.00,0.30
2008.03.20 07:22:55.934,1.56135,1.56165,1.00,0.30
2008.03.20 07:22:56.179,1.56135,1.56165,1.00,0.30
2008.03.20 07:22:56.424,1.56135,1.56165,1.00,0.30
2008.03.20 07:22:56.669,1.56135,1.56165,1.00,0.30
2008.03.20 07:22:56.913,1.56135,1.56165,1.00,0.30
2008.03.20 07:22:57.213,1.56145,1.56165,1.00,0.30
2008.03.20 07:22:57.512,1.56145,1.56165,1.00,0.30
2008.03.20 07:22:57.811,1.56145,1.56165,1.00,0.30
2008.03.20 07:22:58.050,1.56145,1.56165,1.00,0.30
2008.03.20 07:22:58.290,1.5614,1.56165,0.30,0.30
2008.03.20 07:22:58.530,1.56135,1.56165,1.00,0.30
2008.03.20 07:22:58.769,1.56135,1.56165,1.00,0.30
2008.03.20 07:22:59.098,1.5614,1.56165,0.30,0.30
2008.03.20 07:22:59.428,1.5614,1.5617,0.30,1.50
2008.03.20 07:22:59.758,1.56145,1.5617,1.00,1.00
2008.03.20 07:23:00.031,1.56145,1.5617,1.00,1.00
2008.03.20 07:23:00.306,1.56145,1.5617,1.00,1.00
2008.03.20 07:23:00.580,1.56145,1.5617,1.00,1.00
2008.03.20 07:23:00.855,1.56145,1.5617,1.00,1.00
2008.03.20 07:23:01.139,1.56145,1.5617,1.00,1.00
2008.03.20 07:23:01.435,1.56145,1.5617,1.00,1.00
2008.03.20 07:23:01.718,1.56145,1.5617,1.00,1.00
2008.03.20 07:23:02.016,1.56145,1.5617,1.00,1.00
2008.03.20 07:23:02.319,1.56145,1.5617,1.00,1.00
2008.03.20 07:23:02.616,1.56145,1.5617,1.00,1.00
2008.03.20 07:23:02.920,1.56145,1.5617,1.00,1.00
2008.03.20 07:23:03.158,1.56145,1.5617,1.00,1.00
2008.03.20 07:23:03.396,1.56145,1.5617,1.00,1.00
2008.03.20 07:23:03.634,1.56145,1.5617,1.00,1.00
2008.03.20 07:23:03.871,1.56145,1.5617,1.00,1.00
2008.03.20 07:23:04.201,1.56145,1.5617,1.00,1.00
2008.03.20 07:23:04.529,1.56145,1.5617,1.00,1.00
2008.03.20 07:23:04.859,1.56145,1.5617,1.00,1.00
2008.03.20 07:23:05.123,1.56145,1.5617,1.00,1.00
2008.03.20 07:23:05.387,1.56145,1.5617,1.00,1.00
2008.03.20 07:23:05.651,1.56145,1.5617,1.00,1.00
2008.03.20 07:23:05.914,1.56145,1.5617,1.00,1.00
2008.03.20 07:23:06.168,1.56145,1.5617,1.00,1.00
2008.03.20 07:23:06.422,1.56145,1.5617,1.00,1.00
2008.03.20 07:23:06.686,1.56145,1.5617,1.00,1.00
2008.03.20 07:23:06.952,1.56145,1.56165,1.00,0.30
2008.03.20 07:23:07.233,1.56145,1.56165,0.30,0.30
2008.03.20 07:23:07.529,1.56145,1.56165,0.30,0.30
2008.03.20 07:23:07.827,1.5614,1.56165,8.40,0.30
2008.03.20 07:23:08.120,1.5614,1.56165,8.40,0.30
2008.03.20 07:23:08.394,1.5614,1.56165,8.40,0.30
2008.03.20 07:23:08.669,1.5614,1.56165,8.40,0.30
2008.03.20 07:23:08.946,1.5614,1.56165,0.30,0.30
2008.03.20 07:23:09.215,1.5614,1.56165,0.60,0.30
2008.03.20 07:23:09.484,1.5614,1.56165,0.60,0.30
2008.03.20 07:23:09.754,1.5614,1.56165,0.60,0.30
2008.03.20 07:23:10.024,1.5614,1.56165,0.60,0.30
2008.03.20 07:23:10.354,1.5614,1.56165,0.60,0.30
2008.03.20 07:23:10.682,1.5614,1.56165,0.60,0.30
2008.03.20 07:23:11.017,1.5614,1.56165,0.60,0.30
2008.03.20 07:23:11.238,1.5614,1.56165,0.60,0.30
2008.03.20 07:23:11.463,1.5614,1.56165,0.60,0.30
2008.03.20 07:23:11.691,1.5614,1.56165,0.60,0.30
2008.03.20 07:23:11.914,1.5614,1.56165,0.60,0.30
2008.03.20 07:23:12.137,1.5614,1.56165,0.60,0.30
2008.03.20 07:23:12.471,1.5614,1.56165,0.60,0.30
2008.03.20 07:23:12.805,1.5614,1.56165,0.60,0.30
2008.03.20 07:23:13.140,1.5614,1.56165,0.60,0.30
2008.03.20 07:23:13.362,1.5614,1.56165,0.60,0.30
2008.03.20 07:23:13.586,1.5614,1.56165,0.60,0.30
2008.03.20 07:23:13.809,1.5614,1.56165,0.60,0.30
2008.03.20 07:23:14.033,1.5614,1.56165,0.60,0.30
2008.03.20 07:23:14.268,1.5614,1.56165,0.60,0.30
2008.03.20 07:23:14.586,1.5614,1.56165,0.60,0.30
2008.03.20 07:23:14.905,1.5614,1.56165,0.60,0.30
2008.03.20 07:23:15.224,1.5614,1.5617,0.30,1.50
2008.03.20 07:23:15.488,1.5614,1.5617,0.30,1.50
2008.03.20 07:23:15.751,1.5614,1.5617,0.30,1.50
2008.03.20 07:23:16.017,1.5614,1.5617,0.30,1.50
2008.03.20 07:23:16.280,1.5614,1.5617,0.30,1.50
2008.03.20 07:23:16.533,1.5614,1.5617,0.30,1.50
2008.03.20 07:23:16.788,1.5614,1.5617,0.30,1.50
2008.03.20 07:23:17.042,1.5614,1.5617,0.30,1.50
2008.03.20 07:23:17.296,1.56135,1.5617,9.00,1.50
2008.03.20 07:23:17.605,1.56135,1.56165,8.20,0.80
2008.03.20 07:23:17.914,1.56135,1.5617,8.80,1.50
2008.03.20 07:23:18.223,1.56135,1.5617,8.80,1.50
2008.03.20 07:23:18.482,1.56135,1.5617,9.00,1.50
2008.03.20 07:23:18.742,1.56135,1.5617,9.00,1.50
2008.03.20 07:23:19.000,1.56135,1.5617,9.00,1.50
2008.03.20 07:23:19.259,1.56135,1.5617,9.00,1.50
2008.03.20 07:23:19.550,1.5615,1.5617,0.30,0.80
2008.03.20 07:23:19.840,1.5615,1.5617,0.30,0.80
2008.03.20 07:23:20.129,1.5615,1.5617,0.30,0.80
2008.03.20 07:23:20.419,1.5615,1.5617,0.30,0.80
2008.03.20 07:23:20.748,1.5615,1.5617,0.30,0.80
2008.03.20 07:23:21.078,1.5615,1.5617,0.30,0.80
2008.03.20 07:23:21.407,1.5615,1.5617,0.30,1.00
2008.03.20 07:23:21.627,1.5614,1.5617,0.30,1.40
2008.03.20 07:23:21.854,1.5614,1.5617,0.30,1.40
2008.03.20 07:23:22.083,1.5614,1.5617,0.30,1.40
2008.03.20 07:23:22.316,1.5614,1.5617,0.30,1.40
2008.03.20 07:23:22.531,1.5614,1.5617,0.30,1.40
2008.03.20 07:23:22.843,1.5614,1.5617,0.30,1.40
2008.03.20 07:23:23.166,1.5614,1.5617,0.30,1.40
2008.03.20 07:23:23.491,1.5614,1.5617,0.30,1.40
2008.03.20 07:23:23.744,1.5614,1.5617,0.30,1.40
2008.03.20 07:23:23.999,1.5614,1.5617,0.30,1.40
2008.03.20 07:23:24.252,1.5614,1.5617,0.30,1.40
2008.03.20 07:23:24.506,1.5614,1.5617,0.30,1.40
2008.03.20 07:23:24.775,1.56135,1.5617,9.00,1.50
2008.03.20 07:23:25.045,1.56135,1.5617,9.00,1.50
2008.03.20 07:23:25.315,1.56135,1.5617,9.00,1.50
2008.03.20 07:23:25.583,1.56135,1.5617,9.00,1.50
2008.03.20 07:23:25.911,1.56135,1.5617,9.00,1.50
2008.03.20 07:23:26.220,1.56135,1.5617,9.00,1.50
2008.03.20 07:23:26.538,1.56135,1.5617,9.00,1.50
2008.03.20 07:23:26.772,1.56135,1.5617,9.00,1.50
2008.03.20 07:23:27.005,1.56135,1.5617,9.00,1.50
2008.03.20 07:23:27.239,1.56135,1.5617,9.00,1.50
2008.03.20 07:23:27.475,1.56135,1.56165,8.00,0.80
2008.03.20 07:23:27.763,1.56135,1.56165,8.00,0.90
2008.03.20 07:23:28.053,1.5614,1.56165,8.00,0.90
2008.03.20 07:23:28.343,1.5614,1.5617,8.00,1.50
2008.03.20 07:23:28.632,1.56135,1.5617,9.00,1.50
2008.03.20 07:23:28.920,1.56135,1.5617,9.00,1.50
2008.03.20 07:23:29.211,1.5614,1.56165,8.00,0.20
2008.03.20 07:23:29.500,1.5614,1.56165,8.00,0.20
2008.03.20 07:23:29.751,1.5614,1.56165,8.20,1.20
2008.03.20 07:23:30.001,1.5614,1.56165,8.20,1.20
2008.03.20 07:23:30.250,1.5614,1.5616,8.20,0.30
2008.03.20 07:23:30.507,1.5614,1.5616,8.20,0.30
2008.03.20 07:23:30.755,1.5614,1.5616,8.20,0.30
2008.03.20 07:23:31.074,1.5614,1.5616,8.20,0.30
2008.03.20 07:23:31.394,1.5613,1.5616,8.40,0.50
2008.03.20 07:23:31.712,1.5613,1.5616,8.40,0.50
2008.03.20 07:23:31.982,1.5613,1.5616,8.40,0.50
2008.03.20 07:23:32.251,1.5613,1.5616,8.40,0.50
2008.03.20 07:23:32.520,1.5613,1.5616,0.30,0.50
2008.03.20 07:23:32.789,1.56125,1.5615,1.00,0.40
2008.03.20 07:23:33.050,1.56125,1.5615,1.00,0.40
2008.03.20 07:23:33.309,1.56125,1.5616,1.00,0.50
2008.03.20 07:23:33.568,1.56125,1.5616,1.00,0.50
2008.03.20 07:23:33.862,1.56125,1.5616,1.00,0.50
2008.03.20 07:23:34.158,1.56125,1.56155,1.00,0.20
2008.03.20 07:23:34.451,1.56125,1.56155,1.00,0.20
2008.03.20 07:23:34.745,1.56125,1.56155,1.00,0.20
2008.03.20 07:23:34.982,1.56125,1.56155,1.00,0.20
2008.03.20 07:23:35.222,1.56125,1.56155,1.00,0.20
2008.03.20 07:23:35.463,1.56125,1.56155,1.00,0.20
2008.03.20 07:23:35.701,1.56125,1.56155,1.00,0.20
2008.03.20 07:23:36.031,1.56125,1.56155,1.00,0.20
2008.03.20 07:23:36.360,1.56125,1.56155,1.00,0.20
2008.03.20 07:23:36.690,1.56125,1.56155,1.00,0.20
2008.03.20 07:23:36.914,1.5613,1.56155,0.30,0.20
2008.03.20 07:23:37.138,1.56135,1.5616,8.00,0.20
2008.03.20 07:23:37.363,1.56135,1.5616,8.00,0.20
2008.03.20 07:23:37.586,1.56135,1.5616,8.00,0.20
2008.03.20 07:23:37.905,1.56135,1.5616,8.00,0.20
2008.03.20 07:23:38.225,1.56135,1.56165,8.00,1.70
2008.03.20 07:23:38.543,1.56135,1.56165,8.00,1.70
2008.03.20 07:23:38.864,1.56135,1.56165,8.00,1.70
2008.03.20 07:23:39.109,1.56135,1.56165,8.00,1.70
2008.03.20 07:23:39.353,1.56135,1.56165,8.00,1.70
2008.03.20 07:23:39.596,1.56135,1.56165,8.00,1.70
2008.03.20 07:23:39.903,1.56135,1.56165,8.00,1.70
2008.03.20 07:23:40.206,1.56135,1.56165,8.00,1.70
2008.03.20 07:23:40.500,1.56135,1.56165,8.00,1.70
2008.03.20 07:23:40.782,1.56135,1.56165,8.00,1.70
2008.03.20 07:23:41.086,1.56135,1.56165,8.00,1.70
2008.03.20 07:23:41.391,1.56135,1.56165,8.00,1.70
2008.03.20 07:23:41.697,1.56135,1.56165,8.00,1.70
2008.03.20 07:23:42.003,1.56135,1.56165,8.00,1.70
2008.03.20 07:23:42.237,1.56135,1.56165,8.00,1.70
2008.03.20 07:23:42.483,1.56135,1.56165,8.00,1.70
2008.03.20 07:23:42.716,1.56135,1.56165,8.00,1.70
2008.03.20 07:23:42.948,1.56135,1.56165,8.00,1.70
2008.03.20 07:23:43.252,1.56135,1.56165,8.00,1.70
2008.03.20 07:23:43.557,1.56135,1.56165,8.00,1.70
2008.03.20 07:23:43.862,1.5615,1.56165,0.30,1.70
2008.03.20 07:23:44.100,1.5615,1.56165,0.30,1.70
2008.03.20 07:23:44.342,1.5614,1.56165,8.00,1.70
2008.03.20 07:23:44.591,1.56135,1.56165,8.00,1.70
2008.03.20 07:23:44.830,1.56135,1.56165,8.00,1.70
2008.03.20 07:23:45.159,1.56135,1.56165,8.00,1.70
2008.03.20 07:23:45.487,1.56135,1.56165,8.00,1.70
2008.03.20 07:23:45.816,1.56135,1.56165,8.00,1.70
2008.03.20 07:23:46.051,1.56135,1.56165,8.00,1.70
2008.03.20 07:23:46.285,1.56135,1.56165,9.00,0.90
2008.03.20 07:23:46.520,1.5615,1.56165,0.30,0.80
2008.03.20 07:23:46.755,1.5615,1.56165,0.30,0.80
2008.03.20 07:23:46.990,1.5615,1.56165,0.30,0.80
2008.03.20 07:23:47.295,1.5615,1.56165,0.30,0.80
2008.03.20 07:23:47.600,1.5615,1.56175,8.20,1.70
2008.03.20 07:23:47.905,1.5616,1.56175,0.30,0.90
2008.03.20 07:23:48.169,1.5616,1.56175,0.30,0.90
2008.03.20 07:23:48.433,1.5616,1.56185,0.50,0.90
2008.03.20 07:23:48.698,1.5616,1.56185,0.50,0.90
2008.03.20 07:23:48.963,1.5616,1.56185,0.50,0.90
2008.03.20 07:23:49.248,1.5616,1.56185,0.50,0.90
2008.03.20 07:23:49.535,1.5616,1.56185,0.50,0.90
2008.03.20 07:23:49.827,1.5615,1.5618,0.30,0.20
2008.03.20 07:23:50.131,1.5615,1.5618,0.30,0.20
2008.03.20 07:23:50.425,1.5615,1.5618,0.30,0.20
2008.03.20 07:23:50.721,1.5615,1.5618,0.30,0.20
2008.03.20 07:23:51.017,1.5615,1.5618,0.30,0.20
2008.03.20 07:23:51.246,1.5615,1.5618,0.30,0.20
2008.03.20 07:23:51.474,1.5615,1.5618,0.30,0.20
2008.03.20 07:23:51.704,1.5615,1.5618,0.30,0.20
2008.03.20 07:23:51.936,1.5615,1.5618,0.30,0.20
2008.03.20 07:23:52.256,1.56145,1.5618,0.30,0.50
2008.03.20 07:23:52.588,1.5614,1.5618,0.50,0.70
2008.03.20 07:23:52.919,1.5614,1.5618,0.50,0.50
2008.03.20 07:23:53.149,1.56145,1.5618,1.00,0.50
2008.03.20 07:23:53.379,1.56145,1.5618,1.00,0.50
2008.03.20 07:23:53.609,1.5615,1.5618,0.30,0.30
2008.03.20 07:23:53.838,1.5615,1.5618,0.30,0.30
2008.03.20 07:23:54.066,1.5615,1.5618,0.30,0.30
2008.03.20 07:23:54.365,1.5615,1.5618,0.30,0.30
2008.03.20 07:23:54.665,1.5615,1.5618,0.30,0.30
2008.03.20 07:23:54.965,1.5615,1.5618,0.30,0.30
2008.03.20 07:23:55.254,1.56155,1.5618,0.80,0.30
2008.03.20 07:23:55.533,1.56155,1.5618,1.00,0.30
2008.03.20 07:23:55.814,1.5615,1.5618,0.60,0.30
2008.03.20 07:23:56.094,1.5615,1.5618,0.60,0.30
2008.03.20 07:23:56.368,1.5615,1.5618,0.60,0.30
2008.03.20 07:23:56.643,1.56155,1.5619,1.00,0.30
2008.03.20 07:23:56.918,1.5616,1.5619,0.30,0.30
2008.03.20 07:23:57.193,1.5616,1.5619,0.30,0.30
2008.03.20 07:23:57.458,1.56155,1.56185,0.30,0.80
2008.03.20 07:23:57.723,1.56155,1.5618,1.00,0.30
2008.03.20 07:23:57.989,1.56155,1.5617,0.30,0.30
2008.03.20 07:23:58.258,1.5615,1.5617,0.30,0.30
2008.03.20 07:23:58.529,1.56155,1.56185,0.80,0.50
2008.03.20 07:23:58.798,1.56155,1.56185,1.00,0.30
2008.03.20 07:23:59.068,1.5616,1.56185,0.30,0.30
2008.03.20 07:23:59.362,1.5616,1.5618,0.30,0.30
2008.03.20 07:23:59.657,1.5616,1.5618,0.30,0.30
2008.03.20 07:23:59.952,1.5615,1.56175,0.30,0.30
2008.03.20 07:24:00.246,1.5615,1.56175,0.30,0.30
2008.03.20 07:24:00.530,1.5615,1.5617,0.30,0.30
2008.03.20 07:24:00.814,1.5615,1.5617,0.30,0.30
2008.03.20 07:24:01.099,1.5615,1.56175,0.30,0.30
2008.03.20 07:24:01.357,1.5615,1.56175,0.30,0.30
2008.03.20 07:24:01.626,1.5615,1.56175,0.30,0.30
2008.03.20 07:24:01.876,1.5616,1.56175,0.30,0.30
2008.03.20 07:24:02.135,1.5616,1.5619,0.30,0.20
2008.03.20 07:24:02.424,1.5616,1.5619,0.60,0.20
2008.03.20 07:24:02.713,1.5616,1.56195,0.60,1.20
2008.03.20 07:24:03.003,1.5616,1.56195,0.50,0.90
2008.03.20 07:24:03.291,1.5616,1.56195,0.50,0.90
2008.03.20 07:24:03.541,1.5616,1.56195,0.50,0.90
2008.03.20 07:24:03.789,1.5616,1.56195,0.50,0.90
2008.03.20 07:24:04.038,1.5616,1.56195,0.50,0.90
2008.03.20 07:24:04.286,1.5616,1.56195,0.80,0.90
2008.03.20 07:24:04.575,1.5616,1.56195,8.80,0.90
2008.03.20 07:24:04.866,1.5616,1.56195,8.80,0.90
2008.03.20 07:24:05.155,1.5616,1.56195,8.40,1.20
2008.03.20 07:24:05.444,1.5616,1.5619,0.50,0.20
2008.03.20 07:24:05.723,1.5616,1.5619,0.50,0.20
2008.03.20 07:24:06.000,1.5616,1.5619,0.50,0.20
2008.03.20 07:24:06.279,1.5616,1.5619,0.50,0.20
2008.03.20 07:24:06.522,1.5616,1.5619,0.50,0.20
2008.03.20 07:24:06.769,1.5616,1.5619,0.30,0.20
2008.03.20 07:24:07.014,1.5616,1.5619,0.50,0.20
2008.03.20 07:24:07.258,1.5616,1.5619,0.30,0.20
2008.03.20 07:24:07.578,1.5616,1.56195,8.50,0.90
2008.03.20 07:24:07.897,1.5616,1.56195,8.50,0.90
2008.03.20 07:24:08.216,1.5616,1.56195,8.50,0.90
2008.03.20 07:24:08.535,1.5616,1.56195,8.50,0.90
2008.03.20 07:24:08.789,1.5616,1.56195,8.50,0.90
2008.03.20 07:24:09.043,1.5616,1.56195,8.50,0.90
2008.03.20 07:24:09.297,1.5616,1.56195,8.50,0.90
2008.03.20 07:24:09.581,1.5616,1.56195,8.50,0.90
2008.03.20 07:24:09.865,1.5616,1.56195,8.50,0.90
2008.03.20 07:24:10.149,1.5616,1.56195,8.50,0.90
2008.03.20 07:24:10.438,1.5616,1.56195,8.50,0.90
2008.03.20 07:24:10.752,1.5616,1.56195,8.80,0.90
2008.03.20 07:24:11.067,1.5616,1.5619,0.80,0.20
2008.03.20 07:24:11.384,1.5616,1.5619,0.50,0.60
2008.03.20 07:24:11.621,1.5616,1.5619,0.50,0.20
2008.03.20 07:24:11.864,1.5616,1.5619,0.80,0.60
2008.03.20 07:24:12.101,1.5616,1.5619,0.80,0.60
2008.03.20 07:24:12.328,1.5616,1.5619,0.80,0.60
2008.03.20 07:24:12.557,1.5616,1.5619,0.80,0.60
2008.03.20 07:24:12.891,1.5616,1.5619,0.80,0.60
2008.03.20 07:24:14.440,1.5616,1.56195,0.80,0.90
2008.03.20 07:24:14.776,1.56165,1.56195,1.00,0.20
2008.03.20 07:24:14.852,1.56165,1.56195,1.00,0.20
2008.03.20 07:24:14.930,1.56165,1.56195,1.00,0.20
2008.03.20 07:24:15.017,1.56165,1.56195,1.00,0.20
2008.03.20 07:24:15.096,1.5616,1.56195,0.80,0.90
2008.03.20 07:24:15.174,1.5616,1.56195,0.80,0.90
2008.03.20 07:24:15.253,1.5616,1.56195,0.80,0.90
2008.03.20 07:24:15.334,1.5616,1.56195,0.80,0.90
2008.03.20 07:24:15.411,1.5616,1.56195,0.80,0.90
2008.03.20 07:24:15.490,1.5616,1.56195,0.80,0.90
2008.03.20 07:24:15.824,1.5616,1.56195,0.80,0.90
2008.03.20 07:24:16.158,1.5616,1.56195,0.80,0.90
2008.03.20 07:24:16.492,1.5616,1.56195,0.80,0.90
2008.03.20 07:24:16.720,1.5616,1.56195,0.80,0.90
2008.03.20 07:24:16.950,1.5616,1.5619,0.80,0.20
2008.03.20 07:24:17.177,1.5616,1.5619,0.50,0.20
2008.03.20 07:24:17.406,1.5616,1.5619,0.50,0.20
2008.03.20 07:24:17.635,1.5616,1.5619,0.50,0.20
2008.03.20 07:24:17.969,1.5616,1.5619,0.50,0.20
2008.03.20 07:24:18.302,1.5616,1.5619,0.50,0.20
2008.03.20 07:24:18.635,1.5616,1.5619,0.50,0.20
2008.03.20 07:24:18.850,1.5616,1.5619,0.50,0.20
2008.03.20 07:24:19.063,1.5616,1.5619,0.50,0.20
2008.03.20 07:24:19.277,1.5616,1.5619,0.50,0.20
2008.03.20 07:24:19.491,1.5616,1.5619,0.50,0.20
2008.03.20 07:24:19.706,1.56165,1.5619,0.80,0.20
2008.03.20 07:24:20.025,1.56165,1.562,1.00,0.70
2008.03.20 07:24:20.344,1.56165,1.562,1.00,0.70
2008.03.20 07:24:20.663,1.5616,1.56195,0.80,0.80
2008.03.20 07:24:20.943,1.5616,1.56195,0.80,0.90
2008.03.20 07:24:21.221,1.5616,1.56195,0.80,0.90
2008.03.20 07:24:21.501,1.5616,1.56195,0.80,0.90
2008.03.20 07:24:21.773,1.5616,1.56195,0.80,0.90
2008.03.20 07:24:22.021,1.5616,1.56195,0.80,0.90
2008.03.20 07:24:22.280,1.5616,1.56195,0.80,0.90
2008.03.20 07:24:22.540,1.5616,1.56195,0.80,0.90
2008.03.20 07:24:22.812,1.5616,1.56195,0.80,0.90
2008.03.20 07:24:23.087,1.5616,1.56195,0.80,0.90
2008.03.20 07:24:23.363,1.5616,1.56195,0.80,0.90
2008.03.20 07:24:23.637,1.5616,1.56195,0.80,0.90
2008.03.20 07:24:23.900,1.5616,1.56195,0.80,0.90
2008.03.20 07:24:24.164,1.5616,1.56195,0.80,0.90
2008.03.20 07:24:24.427,1.5616,1.56195,0.80,0.90
2008.03.20 07:24:24.692,1.5616,1.56195,0.80,0.90
2008.03.20 07:24:24.956,1.5616,1.56195,0.80,0.90
2008.03.20 07:24:25.219,1.5616,1.56195,0.80,0.90
2008.03.20 07:24:25.484,1.5616,1.56195,0.80,0.90
2008.03.20 07:24:25.749,1.5616,1.56195,0.80,0.90
2008.03.20 07:24:26.042,1.5616,1.56195,0.80,0.90
2008.03.20 07:24:26.346,1.5616,1.56195,0.80,0.90
2008.03.20 07:24:26.640,1.5616,1.56195,0.80,0.90
2008.03.20 07:24:26.890,1.5616,1.56195,0.80,0.90
2008.03.20 07:24:27.141,1.56165,1.5619,0.80,0.40
2008.03.20 07:24:27.391,1.56165,1.562,1.00,0.70
2008.03.20 07:24:27.640,1.56165,1.562,1.00,0.70
2008.03.20 07:24:27.918,1.56165,1.562,1.00,0.70
2008.03.20 07:24:28.207,1.56165,1.56195,1.00,0.20
2008.03.20 07:24:28.476,1.56165,1.562,1.00,0.70
2008.03.20 07:24:28.755,1.5616,1.56195,0.80,0.90
2008.03.20 07:24:28.999,1.5616,1.56195,0.80,0.90
2008.03.20 07:24:29.243,1.5616,1.56195,0.80,0.90
2008.03.20 07:24:29.487,1.5616,1.56195,0.80,0.90
2008.03.20 07:24:29.731,1.5616,1.56195,0.80,0.90
2008.03.20 07:24:30.017,1.5616,1.56195,0.80,0.90
2008.03.20 07:24:30.301,1.5616,1.56195,0.80,0.90
2008.03.20 07:24:30.584,1.5616,1.56195,0.80,0.90
2008.03.20 07:24:30.868,1.5616,1.56195,0.80,0.90
2008.03.20 07:24:31.188,1.5617,1.56195,0.30,0.90
2008.03.20 07:24:31.508,1.5617,1.562,8.20,0.50
2008.03.20 07:24:31.829,1.56175,1.562,1.00,0.30
2008.03.20 07:24:32.043,1.5618,1.562,0.30,0.30
2008.03.20 07:24:32.258,1.5618,1.56205,0.60,1.00
2008.03.20 07:24:32.471,1.56185,1.56205,8.00,1.00
2008.03.20 07:24:32.686,1.56185,1.56205,8.00,1.00
2008.03.20 07:24:32.909,1.56185,1.56205,8.00,1.00
2008.03.20 07:24:33.224,1.56185,1.56205,8.00,1.00
2008.03.20 07:24:33.538,1.5619,1.56205,8.00,0.80
2008.03.20 07:24:33.854,1.56185,1.56205,8.00,1.00
2008.03.20 07:24:34.090,1.5618,1.56205,0.30,1.00
2008.03.20 07:24:34.324,1.5618,1.56205,0.30,1.00
2008.03.20 07:24:34.560,1.56185,1.56205,8.00,1.00
2008.03.20 07:24:34.797,1.56185,1.56205,8.00,1.00
2008.03.20 07:24:35.100,1.56185,1.56205,8.00,1.00
2008.03.20 07:24:35.406,1.562,1.56215,0.30,0.80
2008.03.20 07:24:35.710,1.562,1.56215,0.30,0.80
2008.03.20 07:24:36.015,1.562,1.56235,0.30,21.70
2008.03.20 07:24:36.284,1.56205,1.56235,0.40,1.70
2008.03.20 07:24:36.554,1.56205,1.56235,0.40,0.90
2008.03.20 07:24:36.823,1.5621,1.5624,0.30,0.60
2008.03.20 07:24:37.099,1.5621,1.5624,0.30,0.70
2008.03.20 07:24:37.373,1.5621,1.5624,0.30,0.70
2008.03.20 07:24:37.646,1.5621,1.5624,0.30,0.70
2008.03.20 07:24:37.921,1.5621,1.5624,0.30,0.70
2008.03.20 07:24:38.177,1.562,1.56235,0.50,0.80
2008.03.20 07:24:38.442,1.562,1.56235,0.50,0.80
2008.03.20 07:24:38.685,1.562,1.56235,0.50,0.90
2008.03.20 07:24:38.940,1.56195,1.56235,1.00,1.20
2008.03.20 07:24:39.215,1.56185,1.5622,22.60,0.20
2008.03.20 07:24:39.489,1.56185,1.5622,1.00,0.20
2008.03.20 07:24:39.764,1.56185,1.5622,1.30,0.20
2008.03.20 07:24:40.040,1.56185,1.5622,0.80,0.50
2008.03.20 07:24:40.338,1.5618,1.5622,0.50,0.50
2008.03.20 07:24:40.627,1.5618,1.56215,0.30,0.30
2008.03.20 07:24:40.917,1.56175,1.5621,1.30,0.40
2008.03.20 07:24:41.160,1.56175,1.5621,1.30,0.40
2008.03.20 07:24:41.404,1.56175,1.5621,1.30,0.40
2008.03.20 07:24:41.648,1.56175,1.5621,1.30,0.40
2008.03.20 07:24:41.892,1.5618,1.5621,0.40,0.40
2008.03.20 07:24:42.140,1.5619,1.5622,8.50,0.60
2008.03.20 07:24:42.441,1.562,1.5622,0.30,0.20
2008.03.20 07:24:42.729,1.562,1.5622,0.30,0.20
2008.03.20 07:24:43.019,1.562,1.5622,0.30,0.20
2008.03.20 07:24:43.273,1.562,1.5622,0.30,0.20
2008.03.20 07:24:43.528,1.562,1.56225,8.50,0.20
2008.03.20 07:24:43.783,1.562,1.5623,0.30,0.60
2008.03.20 07:24:44.037,1.562,1.56225,0.30,0.90
2008.03.20 07:24:44.315,1.562,1.56225,0.30,0.90
2008.03.20 07:24:44.595,1.562,1.56225,0.30,0.90
2008.03.20 07:24:44.875,1.562,1.56225,0.30,0.90
2008.03.20 07:24:45.154,1.562,1.5623,8.20,0.60
2008.03.20 07:24:45.447,1.562,1.5623,8.20,0.60
2008.03.20 07:24:45.742,1.562,1.5623,8.20,0.60
2008.03.20 07:24:46.039,1.562,1.56225,0.30,0.90
2008.03.20 07:24:46.277,1.562,1.56225,0.30,0.90
2008.03.20 07:24:46.517,1.562,1.5623,8.20,0.60
2008.03.20 07:24:46.756,1.562,1.5623,0.30,0.60
2008.03.20 07:24:46.996,1.562,1.5623,0.30,0.60
2008.03.20 07:24:47.301,1.562,1.56225,0.30,0.90
2008.03.20 07:24:47.607,1.562,1.56225,0.30,0.90
2008.03.20 07:24:47.911,1.562,1.56225,0.30,0.90
2008.03.20 07:24:48.217,1.562,1.56225,8.20,0.20
2008.03.20 07:24:48.476,1.562,1.5623,8.20,0.60
2008.03.20 07:24:48.734,1.562,1.5623,8.20,0.60
2008.03.20 07:24:48.994,1.562,1.5623,8.20,0.60
2008.03.20 07:24:49.267,1.562,1.5623,8.20,0.60
2008.03.20 07:24:49.542,1.562,1.56225,0.30,0.90
2008.03.20 07:24:49.817,1.56195,1.5622,0.40,0.20
2008.03.20 07:24:50.092,1.56185,1.56215,0.50,0.80
2008.03.20 07:24:50.392,1.56185,1.56215,0.40,0.90
2008.03.20 07:24:50.692,1.56185,1.5622,1.30,0.20
2008.03.20 07:24:50.991,1.56185,1.5622,1.30,0.20
2008.03.20 07:24:51.290,1.56185,1.5622,1.30,0.20
2008.03.20 07:24:51.538,1.56185,1.5622,1.30,0.20
2008.03.20 07:24:51.788,1.56185,1.5622,1.30,0.20
2008.03.20 07:24:52.037,1.56185,1.5622,1.30,0.20
2008.03.20 07:24:52.316,1.56185,1.5622,1.30,0.20
2008.03.20 07:24:52.597,1.56185,1.5622,1.30,0.20
2008.03.20 07:24:52.875,1.56185,1.5622,1.30,0.20
2008.03.20 07:24:53.154,1.56185,1.5622,1.30,0.20
2008.03.20 07:24:53.397,1.56185,1.5622,1.30,0.20
2008.03.20 07:24:53.641,1.5619,1.5622,0.50,0.20
2008.03.20 07:24:53.885,1.5619,1.5622,0.50,0.20
2008.03.20 07:24:54.129,1.5619,1.5622,0.50,0.20
2008.03.20 07:24:54.412,1.5619,1.5622,0.50,0.20
2008.03.20 07:24:54.696,1.5619,1.5622,0.50,0.20
2008.03.20 07:24:54.980,1.5619,1.5622,0.50,0.20
2008.03.20 07:24:55.274,1.5619,1.5622,0.50,0.20
2008.03.20 07:24:55.567,1.5619,1.5622,0.50,0.20
2008.03.20 07:24:55.860,1.5619,1.5622,0.50,0.20
2008.03.20 07:24:56.155,1.5619,1.5622,0.50,0.20
2008.03.20 07:24:56.399,1.5619,1.5622,0.50,0.20
2008.03.20 07:24:56.643,1.5619,1.5622,0.50,0.20
2008.03.20 07:24:56.886,1.5619,1.5622,0.50,0.20
2008.03.20 07:24:57.131,1.5619,1.5622,0.50,0.20
2008.03.20 07:24:57.414,1.5619,1.5622,0.50,0.20
2008.03.20 07:24:57.698,1.5619,1.5622,0.50,0.20
2008.03.20 07:24:57.983,1.5619,1.5622,0.50,0.20
2008.03.20 07:24:58.267,1.5619,1.5622,0.50,0.20
2008.03.20 07:24:58.532,1.5619,1.5622,0.50,0.20
2008.03.20 07:24:58.794,1.5619,1.5622,0.50,0.20
2008.03.20 07:24:59.058,1.5619,1.5622,0.50,0.20
2008.03.20 07:24:59.323,1.5619,1.5622,0.50,0.20
2008.03.20 07:24:59.602,1.5619,1.5622,0.50,0.20
2008.03.20 07:24:59.883,1.5619,1.5622,0.30,0.20
2008.03.20 07:25:00.161,1.56185,1.5622,1.30,0.20
2008.03.20 07:25:00.476,1.56185,1.5622,1.30,0.20
2008.03.20 07:25:00.790,1.56185,1.5622,1.30,0.20
2008.03.20 07:25:01.106,1.56185,1.5622,1.30,0.20
2008.03.20 07:25:01.419,1.56185,1.5622,1.30,0.20
2008.03.20 07:25:01.657,1.56185,1.5622,1.30,0.20
2008.03.20 07:25:01.895,1.56185,1.56215,1.00,0.30
2008.03.20 07:25:02.133,1.56185,1.56215,0.30,1.00
2008.03.20 07:25:02.374,1.5619,1.56215,0.30,0.90
2008.03.20 07:25:02.684,1.5619,1.56215,0.30,0.90
2008.03.20 07:25:02.992,1.5619,1.5621,0.30,0.20
2008.03.20 07:25:03.301,1.5619,1.56215,0.30,0.90
2008.03.20 07:25:03.560,1.5619,1.5621,0.30,0.20
2008.03.20 07:25:03.819,1.5619,1.5621,0.30,0.20
2008.03.20 07:25:04.072,1.5619,1.5621,0.30,0.50
2008.03.20 07:25:04.315,1.56175,1.56205,1.00,0.30
2008.03.20 07:25:04.615,1.5618,1.5621,8.20,0.50
2008.03.20 07:25:04.915,1.5618,1.5621,8.20,1.20
2008.03.20 07:25:05.215,1.5618,1.5621,8.20,0.90
2008.03.20 07:25:05.500,1.5619,1.5621,0.30,0.90
2008.03.20 07:25:05.788,1.5619,1.5621,0.30,1.20
2008.03.20 07:25:06.072,1.5619,1.5621,0.30,1.20
2008.03.20 07:25:06.357,1.56185,1.56205,8.00,0.20
2008.03.20 07:25:06.617,1.5618,1.56205,0.30,0.90
2008.03.20 07:25:06.876,1.5618,1.56205,0.30,0.80
2008.03.20 07:25:07.136,1.5618,1.5621,0.30,1.50
2008.03.20 07:25:07.395,1.5618,1.5621,0.30,1.50
2008.03.20 07:25:07.700,1.5618,1.56205,0.30,0.80
2008.03.20 07:25:08.005,1.5618,1.562,0.30,0.20
2008.03.20 07:25:08.309,1.5618,1.562,0.30,0.20
2008.03.20 07:25:08.568,1.5618,1.562,0.30,0.20
2008.03.20 07:25:08.828,1.5618,1.562,0.30,0.20
2008.03.20 07:25:09.087,1.5618,1.562,0.30,0.20
2008.03.20 07:25:09.350,1.5618,1.56205,8.20,0.90
2008.03.20 07:25:09.634,1.5618,1.562,0.30,0.20
2008.03.20 07:25:09.909,1.5618,1.562,0.30,0.20
2008.03.20 07:25:10.184,1.5618,1.562,0.30,0.20
2008.03.20 07:25:10.471,1.5618,1.562,0.30,0.20
2008.03.20 07:25:10.799,1.5618,1.562,0.30,0.20
2008.03.20 07:25:11.124,1.5618,1.562,0.30,0.20
2008.03.20 07:25:11.454,1.5618,1.562,0.30,0.20
2008.03.20 07:25:11.692,1.5618,1.562,0.30,0.20
2008.03.20 07:25:11.940,1.5618,1.562,0.30,0.20
2008.03.20 07:25:12.192,1.5618,1.562,0.30,0.20
2008.03.20 07:25:12.441,1.5618,1.562,0.30,0.20
2008.03.20 07:25:12.740,1.5618,1.562,0.30,0.20
2008.03.20 07:25:13.039,1.5618,1.562,0.30,0.20
2008.03.20 07:25:13.337,1.5618,1.562,0.30,0.20
2008.03.20 07:25:13.637,1.5618,1.562,0.30,0.20
2008.03.20 07:25:13.891,1.5618,1.56205,0.30,0.90
2008.03.20 07:25:14.145,1.5618,1.56205,0.30,0.90
2008.03.20 07:25:14.400,1.5618,1.56205,0.30,1.20
2008.03.20 07:25:14.706,1.5618,1.56205,0.30,1.20
2008.03.20 07:25:15.011,1.5618,1.56205,0.30,1.20
2008.03.20 07:25:15.318,1.5618,1.56205,0.30,1.20
2008.03.20 07:25:15.621,1.5618,1.56205,0.30,1.20
2008.03.20 07:25:15.905,1.5618,1.56205,0.30,1.20
2008.03.20 07:25:16.188,1.5618,1.56205,0.30,1.20
2008.03.20 07:25:16.472,1.5618,1.56205,0.30,1.20
2008.03.20 07:25:16.721,1.5618,1.56205,0.30,1.20
2008.03.20 07:25:16.980,1.5618,1.56205,0.30,1.20
2008.03.20 07:25:17.229,1.5618,1.56205,0.30,1.20
2008.03.20 07:25:17.479,1.5617,1.562,0.60,0.40
2008.03.20 07:25:17.754,1.5617,1.562,0.30,0.60
2008.03.20 07:25:18.028,1.5616,1.56195,8.80,0.80
2008.03.20 07:25:18.303,1.5616,1.56195,8.80,0.90
2008.03.20 07:25:18.578,1.5616,1.56195,8.80,0.90
2008.03.20 07:25:18.846,1.5616,1.56195,8.80,0.90
2008.03.20 07:25:19.117,1.5616,1.56195,8.80,0.90
2008.03.20 07:25:19.385,1.5616,1.56195,8.80,0.90
2008.03.20 07:25:19.655,1.5616,1.56195,8.80,0.90
2008.03.20 07:25:19.949,1.5617,1.56195,0.30,0.90
2008.03.20 07:25:20.244,1.5617,1.56195,0.30,0.90
2008.03.20 07:25:20.537,1.5617,1.56195,0.30,0.90
2008.03.20 07:25:20.813,1.5617,1.5619,0.30,0.20
2008.03.20 07:25:21.087,1.5617,1.5619,0.30,0.20
2008.03.20 07:25:21.362,1.5617,1.5619,0.30,0.20
2008.03.20 07:25:21.636,1.5617,1.5619,0.30,0.20
2008.03.20 07:25:21.920,1.5617,1.5619,0.30,0.20
2008.03.20 07:25:22.205,1.5617,1.5619,0.30,0.20
2008.03.20 07:25:22.489,1.5617,1.56195,0.30,0.90
2008.03.20 07:25:22.758,1.5617,1.56195,0.30,0.90
2008.03.20 07:25:23.032,1.5617,1.56195,0.30,0.90
2008.03.20 07:25:23.312,1.5617,1.56195,0.30,0.90
2008.03.20 07:25:23.606,1.5617,1.56195,0.30,0.90
2008.03.20 07:25:23.869,1.5617,1.56195,0.30,0.90
2008.03.20 07:25:24.147,1.5617,1.56195,0.30,0.90
2008.03.20 07:25:24.425,1.5617,1.56195,0.30,0.90
2008.03.20 07:25:24.703,1.5617,1.56195,0.30,0.90
2008.03.20 07:25:24.982,1.5617,1.56195,0.30,0.90
2008.03.20 07:25:25.261,1.5617,1.56195,0.30,0.90
2008.03.20 07:25:25.540,1.5617,1.56195,0.30,0.90
2008.03.20 07:25:25.819,1.5617,1.56195,0.30,0.90
2008.03.20 07:25:26.097,1.5617,1.56195,0.30,0.90
2008.03.20 07:25:26.377,1.5617,1.5619,0.30,0.20
2008.03.20 07:25:26.655,1.5617,1.5619,0.30,0.20
2008.03.20 07:25:26.908,1.5617,1.5619,0.30,0.20
2008.03.20 07:25:27.162,1.5617,1.5619,0.30,0.20
2008.03.20 07:25:27.416,1.5617,1.56195,0.30,0.90
2008.03.20 07:25:27.671,1.5617,1.56195,0.30,0.90
2008.03.20 07:25:27.936,1.5617,1.56195,0.30,0.90
2008.03.20 07:25:28.211,1.5617,1.56195,0.30,0.90
2008.03.20 07:25:28.483,1.5617,1.56195,0.30,0.90
2008.03.20 07:25:28.759,1.5617,1.56195,0.30,0.90
2008.03.20 07:25:29.041,1.5617,1.56195,0.30,0.90
2008.03.20 07:25:29.334,1.5617,1.56195,0.30,0.90
2008.03.20 07:25:29.627,1.5617,1.56195,0.30,0.90
2008.03.20 07:25:29.922,1.5617,1.56195,0.30,0.90
2008.03.20 07:25:30.182,1.5617,1.56195,0.30,0.90
2008.03.20 07:25:30.440,1.5617,1.56195,0.30,0.90
2008.03.20 07:25:30.701,1.5617,1.56195,0.30,0.90
2008.03.20 07:25:31.009,1.5617,1.56195,0.30,0.90
2008.03.20 07:25:31.319,1.5617,1.56195,0.30,0.90
2008.03.20 07:25:31.628,1.5617,1.56195,0.30,0.90
2008.03.20 07:25:31.937,1.5617,1.56195,0.30,0.90
2008.03.20 07:25:32.168,1.5617,1.56195,0.30,0.90
2008.03.20 07:25:32.397,1.5617,1.56195,0.30,0.90
2008.03.20 07:25:32.626,1.5617,1.5619,0.30,0.20
2008.03.20 07:25:32.855,1.5617,1.5619,0.30,0.20
2008.03.20 07:25:33.169,1.5617,1.5619,0.30,0.20
2008.03.20 07:25:33.484,1.5617,1.5619,0.30,0.20
2008.03.20 07:25:33.797,1.5617,1.5619,0.30,0.20
2008.03.20 07:25:34.043,1.5617,1.5619,0.30,0.20
2008.03.20 07:25:34.287,1.5617,1.5619,0.30,0.20
2008.03.20 07:25:34.531,1.5617,1.5619,0.30,0.20
2008.03.20 07:25:34.788,1.5617,1.5619,0.30,0.20
2008.03.20 07:25:35.083,1.5617,1.5619,0.30,0.20
2008.03.20 07:25:35.369,1.5617,1.5619,0.30,0.20
2008.03.20 07:25:35.653,1.5617,1.5619,0.30,0.20
2008.03.20 07:25:35.934,1.5617,1.5619,0.30,0.20
2008.03.20 07:25:36.224,1.5617,1.5619,0.30,0.20
2008.03.20 07:25:36.514,1.5617,1.5619,0.30,0.20
2008.03.20 07:25:36.803,1.5617,1.5619,0.30,0.20
2008.03.20 07:25:37.042,1.5617,1.5619,0.30,0.20
2008.03.20 07:25:37.279,1.5617,1.5619,0.30,0.20
2008.03.20 07:25:37.513,1.5617,1.5619,0.30,0.20
2008.03.20 07:25:37.747,1.5617,1.5619,0.30,0.20
2008.03.20 07:25:38.056,1.5617,1.5619,0.30,0.20
2008.03.20 07:25:38.374,1.5617,1.5619,0.30,0.20
2008.03.20 07:25:38.672,1.5617,1.5619,0.30,0.20
2008.03.20 07:25:38.981,1.5617,1.5619,0.30,0.20
2008.03.20 07:25:39.206,1.5617,1.5619,0.30,0.20
2008.03.20 07:25:39.429,1.5617,1.5619,0.30,0.20
2008.03.20 07:25:39.655,1.5617,1.5619,0.30,0.20
2008.03.20 07:25:39.878,1.5617,1.5619,0.30,0.20
2008.03.20 07:25:40.101,1.5617,1.5619,0.30,0.20
2008.03.20 07:25:40.434,1.5617,1.5619,0.30,0.20
2008.03.20 07:25:40.768,1.5617,1.5619,0.30,0.20
2008.03.20 07:25:41.103,1.5617,1.5619,0.30,0.20
2008.03.20 07:25:41.373,1.5617,1.5619,0.30,0.20
2008.03.20 07:25:41.620,1.5617,1.5619,0.30,0.20
2008.03.20 07:25:41.881,1.5617,1.5619,0.30,0.20
2008.03.20 07:25:42.141,1.5617,1.5619,0.30,0.20
2008.03.20 07:25:42.444,1.5617,1.5619,0.30,0.20
2008.03.20 07:25:42.748,1.5617,1.5619,0.30,0.20
2008.03.20 07:25:43.053,1.5617,1.5619,0.30,0.20
2008.03.20 07:25:43.306,1.5617,1.5619,0.30,0.20
2008.03.20 07:25:43.560,1.5617,1.5619,0.30,0.20
2008.03.20 07:25:43.815,1.5617,1.5619,0.30,0.20
2008.03.20 07:25:44.069,1.5617,1.5619,0.30,0.20
2008.03.20 07:25:44.330,1.5617,1.5619,0.30,0.20
2008.03.20 07:25:44.588,1.5617,1.5619,0.30,0.20
2008.03.20 07:25:44.846,1.5617,1.5619,0.30,0.20
2008.03.20 07:25:45.105,1.5617,1.5619,0.30,0.20
2008.03.20 07:25:45.419,1.5617,1.5619,0.30,0.20
2008.03.20 07:25:45.735,1.5617,1.5619,0.30,0.20
2008.03.20 07:25:46.048,1.5617,1.5619,0.30,0.20
2008.03.20 07:25:46.302,1.5617,1.5619,0.30,0.20
2008.03.20 07:25:46.557,1.5617,1.5619,0.30,0.20
2008.03.20 07:25:46.812,1.5617,1.5619,0.30,0.20
2008.03.20 07:25:47.078,1.5617,1.5619,0.30,0.20
2008.03.20 07:25:47.346,1.5617,1.5619,0.30,0.20
2008.03.20 07:25:47.614,1.5617,1.5619,0.30,0.20
2008.03.20 07:25:47.882,1.5617,1.5619,0.30,0.20
2008.03.20 07:25:48.152,1.5617,1.5619,0.30,0.20
2008.03.20 07:25:48.430,1.5617,1.5619,0.30,0.20
2008.03.20 07:25:48.710,1.5617,1.5619,0.30,0.20
2008.03.20 07:25:48.995,1.5617,1.5619,0.30,0.20
2008.03.20 07:25:49.284,1.5617,1.5619,0.30,0.20
2008.03.20 07:25:49.576,1.5617,1.5619,0.30,0.20
2008.03.20 07:25:49.863,1.5617,1.5619,0.30,0.20
2008.03.20 07:25:50.142,1.5617,1.5619,0.30,0.20
2008.03.20 07:25:50.452,1.5617,1.5619,0.30,0.20
2008.03.20 07:25:50.740,1.5617,1.5619,0.30,0.20
2008.03.20 07:25:51.038,1.5617,1.5619,0.30,0.20
2008.03.20 07:25:51.337,1.5617,1.5619,0.30,0.20
2008.03.20 07:25:51.579,1.5617,1.5619,0.30,0.20
2008.03.20 07:25:51.825,1.5617,1.56195,8.20,0.90
2008.03.20 07:25:52.069,1.5617,1.56195,8.20,0.20
2008.03.20 07:25:52.313,1.5617,1.56195,8.20,0.20
2008.03.20 07:25:52.603,1.5617,1.562,8.20,1.50
2008.03.20 07:25:52.894,1.5617,1.562,8.20,1.50
2008.03.20 07:25:53.183,1.5617,1.562,8.20,1.50
2008.03.20 07:25:53.456,1.5617,1.562,8.20,1.50
2008.03.20 07:25:53.736,1.5617,1.562,8.40,1.40
2008.03.20 07:25:54.005,1.5617,1.562,8.40,1.40
2008.03.20 07:25:54.275,1.5617,1.562,8.40,1.00
2008.03.20 07:25:54.538,1.5617,1.562,8.40,1.00
2008.03.20 07:25:54.804,1.5617,1.562,8.40,1.40
2008.03.20 07:25:55.069,1.5617,1.562,8.40,1.40
2008.03.20 07:25:55.332,1.5617,1.562,8.40,1.40
2008.03.20 07:25:55.628,1.56175,1.562,0.30,1.10
2008.03.20 07:25:55.937,1.56175,1.562,0.30,0.40
2008.03.20 07:25:56.244,1.56175,1.56195,0.30,1.00
2008.03.20 07:25:56.485,1.5617,1.5619,0.60,0.80
2008.03.20 07:25:56.737,1.5618,1.5619,0.30,0.80
2008.03.20 07:25:56.986,1.5618,1.56205,0.30,0.90
2008.03.20 07:25:57.236,1.5618,1.56205,0.30,0.30
2008.03.20 07:25:57.515,1.56175,1.56205,1.00,4.20
2008.03.20 07:25:57.795,1.56175,1.562,1.00,0.40
2008.03.20 07:25:58.074,1.56175,1.562,1.00,0.40
2008.03.20 07:25:58.354,1.56175,1.562,1.00,0.40
2008.03.20 07:25:58.609,1.56175,1.562,0.30,0.40
2008.03.20 07:25:58.864,1.5617,1.562,8.40,0.40
2008.03.20 07:25:59.118,1.5617,1.562,8.40,0.40
2008.03.20 07:25:59.385,1.5617,1.562,8.40,0.40
2008.03.20 07:25:59.669,1.5617,1.562,8.40,0.40
2008.03.20 07:25:59.964,1.5617,1.562,8.40,0.40
2008.03.20 07:26:00.258,1.5617,1.562,8.40,0.40
2008.03.20 07:26:00.553,1.5617,1.562,8.40,0.40
2008.03.20 07:26:00.841,1.5617,1.562,8.40,0.40
2008.03.20 07:26:01.131,1.5617,1.562,8.40,0.40
2008.03.20 07:26:01.426,1.5617,1.562,8.40,0.40
2008.03.20 07:26:01.679,1.5617,1.562,8.40,0.40
2008.03.20 07:26:01.904,1.5617,1.562,0.30,0.60
2008.03.20 07:26:02.145,1.5617,1.56195,0.30,0.80
2008.03.20 07:26:02.384,1.5617,1.56195,0.30,0.90
2008.03.20 07:26:02.703,1.5617,1.56195,0.30,0.90
2008.03.20 07:26:03.022,1.5617,1.56195,0.30,0.90
2008.03.20 07:26:03.341,1.5617,1.56195,0.30,0.90
2008.03.20 07:26:03.662,1.5617,1.56195,0.30,0.90
2008.03.20 07:26:03.912,1.5617,1.56195,0.30,0.90
2008.03.20 07:26:04.161,1.5617,1.56195,0.30,0.90
2008.03.20 07:26:04.419,1.5617,1.56195,0.30,0.90
2008.03.20 07:26:04.684,1.5617,1.56195,0.30,0.90
2008.03.20 07:26:04.948,1.5617,1.56195,0.30,0.90
2008.03.20 07:26:05.211,1.5617,1.56195,0.30,0.90
2008.03.20 07:26:05.475,1.5617,1.56195,0.30,0.90
2008.03.20 07:26:05.794,1.5617,1.56195,0.30,0.90
2008.03.20 07:26:06.113,1.5617,1.56195,0.30,0.90
2008.03.20 07:26:06.433,1.5617,1.562,0.30,0.60
2008.03.20 07:26:06.688,1.5617,1.56195,0.30,0.80
2008.03.20 07:26:06.941,1.5617,1.56195,0.30,0.90
2008.03.20 07:26:07.195,1.5617,1.56195,0.30,0.90
2008.03.20 07:26:07.450,1.5617,1.56195,0.30,0.90
2008.03.20 07:26:07.704,1.5617,1.56195,0.30,0.90
2008.03.20 07:26:07.977,1.5617,1.56195,0.30,0.90
2008.03.20 07:26:08.251,1.5617,1.56195,0.30,0.90
2008.03.20 07:26:08.525,1.5617,1.56195,0.30,0.90
2008.03.20 07:26:08.834,1.5617,1.56195,0.30,0.90
2008.03.20 07:26:09.144,1.5617,1.56195,0.30,0.90
2008.03.20 07:26:09.453,1.5617,1.56195,0.30,0.90
2008.03.20 07:26:09.764,1.5617,1.56195,0.30,0.90
2008.03.20 07:26:09.989,1.5617,1.56195,0.30,0.90
2008.03.20 07:26:10.213,1.5617,1.56195,0.30,0.90
2008.03.20 07:26:10.437,1.5617,1.56195,0.30,0.90
2008.03.20 07:26:10.666,1.5617,1.56195,0.30,0.90
2008.03.20 07:26:11.002,1.56165,1.56195,8.00,0.90
2008.03.20 07:26:11.337,1.5617,1.56195,0.30,0.90
2008.03.20 07:26:11.672,1.5617,1.56195,0.30,0.90
2008.03.20 07:26:11.893,1.56165,1.56195,8.00,0.90
2008.03.20 07:26:12.114,1.56165,1.56195,8.00,0.90
2008.03.20 07:26:12.344,1.56165,1.5619,8.00,0.20
2008.03.20 07:26:12.563,1.56165,1.5619,8.00,0.20
2008.03.20 07:26:12.782,1.56165,1.5619,8.00,0.20
2008.03.20 07:26:13.117,1.56165,1.5619,8.00,0.20
2008.03.20 07:26:13.453,1.56165,1.5619,8.00,0.20
2008.03.20 07:26:13.787,1.56165,1.5619,8.00,0.20
2008.03.20 07:26:14.024,1.56165,1.5619,8.00,0.20
2008.03.20 07:26:14.257,1.56165,1.56195,8.00,0.90
2008.03.20 07:26:14.491,1.56165,1.5619,8.00,0.20
2008.03.20 07:26:14.725,1.5617,1.5619,0.30,0.20
2008.03.20 07:26:15.026,1.56165,1.56195,8.00,0.90
2008.03.20 07:26:15.325,1.56165,1.5619,8.00,0.60
2008.03.20 07:26:15.624,1.56165,1.5619,8.00,0.60
2008.03.20 07:26:15.924,1.5618,1.562,0.30,0.20
2008.03.20 07:26:16.229,1.5617,1.562,0.30,0.60
2008.03.20 07:26:16.535,1.56165,1.56195,8.00,0.90
2008.03.20 07:26:16.839,1.56165,1.56195,8.00,0.90
2008.03.20 07:26:17.090,1.56165,1.56195,8.00,0.90
2008.03.20 07:26:17.340,1.56165,1.56195,8.00,0.90
2008.03.20 07:26:17.590,1.5617,1.56195,0.30,0.90
2008.03.20 07:26:17.846,1.56165,1.5619,8.00,0.20
2008.03.20 07:26:18.151,1.56165,1.56195,8.00,0.90
2008.03.20 07:26:18.455,1.56165,1.56195,8.00,0.90
2008.03.20 07:26:18.759,1.5617,1.56195,0.30,0.90
2008.03.20 07:26:19.064,1.5617,1.56195,0.30,0.90
2008.03.20 07:26:19.339,1.5617,1.56195,0.30,0.90
2008.03.20 07:26:19.613,1.5618,1.562,0.30,0.20
2008.03.20 07:26:19.895,1.5618,1.562,0.30,0.20
2008.03.20 07:26:20.165,1.5618,1.562,0.30,0.20
2008.03.20 07:26:20.424,1.5618,1.562,0.30,0.20
2008.03.20 07:26:20.683,1.5618,1.562,0.30,0.20
2008.03.20 07:26:20.943,1.5618,1.562,0.30,0.20
2008.03.20 07:26:21.248,1.5618,1.56205,0.30,0.90
2008.03.20 07:26:21.552,1.5618,1.56205,0.30,0.90
2008.03.20 07:26:21.860,1.5617,1.56205,0.60,0.90
2008.03.20 07:26:22.178,1.5617,1.56195,0.30,0.90
2008.03.20 07:26:22.464,1.5617,1.56195,0.30,0.90
2008.03.20 07:26:22.760,1.5617,1.56195,0.30,0.90
2008.03.20 07:26:23.058,1.5617,1.56195,0.30,0.90
2008.03.20 07:26:23.326,1.5617,1.56195,0.30,0.90
2008.03.20 07:26:23.569,1.5617,1.56195,0.30,0.90
2008.03.20 07:26:23.824,1.5617,1.56195,0.30,0.90
2008.03.20 07:26:24.080,1.56175,1.56195,0.40,1.20
2008.03.20 07:26:24.367,1.56175,1.56195,0.40,1.20
2008.03.20 07:26:24.650,1.56175,1.56195,0.40,1.20
2008.03.20 07:26:24.935,1.56175,1.56195,0.40,1.20
2008.03.20 07:26:25.219,1.56175,1.56195,0.40,1.20
2008.03.20 07:26:25.504,1.56175,1.56195,0.40,1.20
2008.03.20 07:26:25.788,1.56175,1.56195,0.40,1.20
2008.03.20 07:26:26.073,1.5617,1.5619,0.50,0.30
2008.03.20 07:26:26.358,1.5617,1.5619,0.50,0.30
2008.03.20 07:26:26.643,1.5617,1.5619,0.50,0.30
2008.03.20 07:26:26.927,1.5617,1.5619,0.50,0.30
2008.03.20 07:26:27.212,1.5617,1.5619,0.50,0.30
2008.03.20 07:26:27.501,1.5617,1.5619,0.50,0.30
2008.03.20 07:26:27.791,1.5617,1.5619,0.50,0.30
2008.03.20 07:26:28.081,1.5617,1.5619,0.50,0.30
2008.03.20 07:26:28.322,1.5617,1.5619,0.50,0.30
2008.03.20 07:26:28.550,1.5617,1.5619,0.50,0.30
2008.03.20 07:26:28.778,1.5617,1.5619,0.50,0.30
2008.03.20 07:26:29.008,1.5617,1.5619,8.50,0.30
2008.03.20 07:26:29.323,1.5618,1.5619,0.30,0.30
2008.03.20 07:26:29.638,1.5618,1.56195,8.20,0.30
2008.03.20 07:26:29.953,1.56175,1.56195,0.40,0.30
2008.03.20 07:26:30.268,1.56175,1.56195,0.40,0.30
2008.03.20 07:26:30.542,1.56175,1.56195,0.40,0.30
2008.03.20 07:26:30.816,1.56175,1.56195,0.40,0.30
2008.03.20 07:26:31.089,1.56175,1.56195,0.40,0.30
2008.03.20 07:26:31.372,1.56175,1.56195,0.40,0.30
2008.03.20 07:26:31.651,1.5617,1.5619,8.50,0.30
2008.03.20 07:26:31.930,1.5617,1.5619,8.50,0.30
2008.03.20 07:26:32.210,1.56175,1.56195,0.40,0.30
2008.03.20 07:26:32.504,1.56175,1.56195,0.40,0.30
2008.03.20 07:26:32.801,1.5618,1.562,0.50,0.30
2008.03.20 07:26:33.096,1.5619,1.562,0.30,0.30
2008.03.20 07:26:33.391,1.5619,1.562,0.30,0.30
2008.03.20 07:26:33.625,1.5619,1.562,0.30,0.30
2008.03.20 07:26:33.859,1.5619,1.562,0.30,0.30
2008.03.20 07:26:34.094,1.5619,1.562,0.30,0.30
2008.03.20 07:26:34.329,1.5619,1.562,0.30,0.50
2008.03.20 07:26:34.640,1.56175,1.56195,0.40,0.30
2008.03.20 07:26:34.950,1.56175,1.56195,0.40,0.30
2008.03.20 07:26:35.258,1.56175,1.56195,0.40,0.30
2008.03.20 07:26:35.554,1.56175,1.56195,0.40,1.20
2008.03.20 07:26:35.848,1.56175,1.56195,0.40,1.20
2008.03.20 07:26:36.142,1.5617,1.5619,0.50,0.30
2008.03.20 07:26:36.436,1.56175,1.56195,0.40,1.20
2008.03.20 07:26:36.690,1.56175,1.56195,0.40,1.20
2008.03.20 07:26:36.943,1.56175,1.56195,0.40,1.20
2008.03.20 07:26:37.196,1.56175,1.56195,0.40,1.20
2008.03.20 07:26:37.479,1.56175,1.56195,0.40,1.20
2008.03.20 07:26:37.757,1.56175,1.56195,0.40,1.20
2008.03.20 07:26:38.037,1.5617,1.56195,0.50,0.50
2008.03.20 07:26:38.328,1.5617,1.5619,8.50,0.30
2008.03.20 07:26:38.618,1.56175,1.56195,0.40,1.20
2008.03.20 07:26:38.898,1.56175,1.56195,0.40,1.20
2008.03.20 07:26:39.177,1.56175,1.56195,0.40,1.20
2008.03.20 07:26:39.460,1.5617,1.5619,0.50,0.30
2008.03.20 07:26:39.720,1.5617,1.5619,0.50,0.30
2008.03.20 07:26:39.980,1.56175,1.56195,0.40,1.20
2008.03.20 07:26:40.239,1.56175,1.56195,0.40,1.20
2008.03.20 07:26:40.555,1.56175,1.56195,0.40,1.00
2008.03.20 07:26:40.870,1.56175,1.56195,0.40,1.00
2008.03.20 07:26:41.183,1.56175,1.56195,0.40,0.30
2008.03.20 07:26:41.497,1.56175,1.56195,0.40,0.30
2008.03.20 07:26:41.761,1.56175,1.56195,0.40,0.30
2008.03.20 07:26:42.025,1.56175,1.56195,0.40,0.30
2008.03.20 07:26:42.290,1.56175,1.56195,0.40,0.30
2008.03.20 07:26:42.559,1.56175,1.56195,0.40,0.30
2008.03.20 07:26:42.828,1.56175,1.56195,0.40,0.30
2008.03.20 07:26:43.098,1.56175,1.56195,0.40,0.30
2008.03.20 07:26:43.367,1.56175,1.56195,0.40,0.30
2008.03.20 07:26:43.667,1.56175,1.56195,0.40,0.30
2008.03.20 07:26:43.968,1.56175,1.56195,0.40,0.30
2008.03.20 07:26:44.268,1.56175,1.56195,0.40,0.30
2008.03.20 07:26:44.568,1.56175,1.56195,0.40,0.30
2008.03.20 07:26:44.807,1.56175,1.56195,0.40,0.30
2008.03.20 07:26:45.046,1.56175,1.56195,0.40,0.30
2008.03.20 07:26:45.285,1.56175,1.56195,0.40,0.30
2008.03.20 07:26:45.525,1.56175,1.56195,0.40,0.30
2008.03.20 07:26:45.843,1.56175,1.56195,0.40,0.30
2008.03.20 07:26:46.163,1.56175,1.56195,0.40,0.30
2008.03.20 07:26:46.483,1.5618,1.5619,8.20,0.30
2008.03.20 07:26:46.728,1.5618,1.5619,8.20,0.30
2008.03.20 07:26:46.972,1.5618,1.5619,8.20,0.30
2008.03.20 07:26:47.217,1.5618,1.56195,8.20,0.30
2008.03.20 07:26:47.462,1.5618,1.56195,8.20,0.30
2008.03.20 07:26:47.730,1.5618,1.56195,8.20,0.30
2008.03.20 07:26:48.000,1.5618,1.56195,8.20,0.30
2008.03.20 07:26:48.269,1.5618,1.56195,8.20,0.30
2008.03.20 07:26:48.538,1.5618,1.56195,8.20,0.30
2008.03.20 07:26:48.816,1.5618,1.56195,0.30,0.30
2008.03.20 07:26:49.096,1.56175,1.56195,0.40,0.30
2008.03.20 07:26:49.376,1.56175,1.56195,0.40,1.00
2008.03.20 07:26:49.654,1.56175,1.56195,0.40,1.20
2008.03.20 07:26:49.913,1.56175,1.56195,0.40,1.20
2008.03.20 07:26:50.172,1.56175,1.56195,0.40,1.20
2008.03.20 07:26:50.432,1.56175,1.56195,0.40,1.20
2008.03.20 07:26:50.730,1.56175,1.56195,0.40,1.20
2008.03.20 07:26:51.028,1.56175,1.56195,0.40,1.20
2008.03.20 07:26:51.326,1.56175,1.56195,0.40,1.20
2008.03.20 07:26:51.626,1.56175,1.56195,0.40,1.20
2008.03.20 07:26:51.864,1.56175,1.56195,0.40,1.20
2008.03.20 07:26:52.105,1.56175,1.56195,0.40,1.20
2008.03.20 07:26:52.343,1.56175,1.56195,0.40,1.20
2008.03.20 07:26:52.583,1.56175,1.56195,0.40,1.20
2008.03.20 07:26:52.872,1.56175,1.56195,0.40,1.20
2008.03.20 07:26:53.160,1.56175,1.56195,0.40,1.20
2008.03.20 07:26:53.449,1.56175,1.56195,0.40,1.20
2008.03.20 07:26:53.739,1.56175,1.56195,0.40,1.20
2008.03.20 07:26:54.014,1.56175,1.56195,0.40,1.20
2008.03.20 07:26:54.289,1.56175,1.56195,0.40,1.20
2008.03.20 07:26:54.563,1.56175,1.56195,0.40,1.20
2008.03.20 07:26:54.821,1.56175,1.56195,0.40,1.20
2008.03.20 07:26:55.080,1.56175,1.56195,0.40,1.20
2008.03.20 07:26:55.340,1.56175,1.56195,0.40,1.20
2008.03.20 07:26:55.598,1.56175,1.56195,0.40,1.20
2008.03.20 07:26:55.897,1.56175,1.56195,0.40,1.20
2008.03.20 07:26:56.196,1.56175,1.56195,0.40,1.20
2008.03.20 07:26:56.495,1.56175,1.56195,0.40,1.20
2008.03.20 07:26:56.795,1.56175,1.56195,0.40,1.20
2008.03.20 07:26:57.060,1.56175,1.56195,0.40,1.20
2008.03.20 07:26:57.325,1.56175,1.56195,0.40,1.20
2008.03.20 07:26:57.601,1.56175,1.56195,0.40,1.20
2008.03.20 07:26:57.859,1.56175,1.56195,0.40,1.20
2008.03.20 07:26:58.128,1.56175,1.56195,0.40,1.20
2008.03.20 07:26:58.395,1.56175,1.56195,0.40,1.20
2008.03.20 07:26:58.664,1.56175,1.56195,0.40,1.20
2008.03.20 07:26:58.922,1.56175,1.56195,0.40,1.20
2008.03.20 07:26:59.182,1.56175,1.56195,0.40,1.20
2008.03.20 07:26:59.441,1.56175,1.56195,0.40,1.20
2008.03.20 07:26:59.700,1.56175,1.56195,0.40,1.20
2008.03.20 07:26:59.970,1.56175,1.56195,0.40,1.20
2008.03.20 07:27:00.238,1.56175,1.56195,0.40,1.20
2008.03.20 07:27:00.508,1.56175,1.56195,0.40,1.20
2008.03.20 07:27:00.776,1.56175,1.56195,0.40,1.20
2008.03.20 07:27:01.085,1.56175,1.56195,0.40,1.20
2008.03.20 07:27:01.393,1.56175,1.56195,0.40,1.20
2008.03.20 07:27:01.705,1.56175,1.56195,0.40,1.20
2008.03.20 07:27:01.948,1.56175,1.56195,0.40,1.20
2008.03.20 07:27:02.192,1.56175,1.56195,0.40,1.20
2008.03.20 07:27:02.436,1.56175,1.56195,0.40,1.20
2008.03.20 07:27:02.681,1.56175,1.56195,0.40,1.20
2008.03.20 07:27:02.971,1.56175,1.56195,0.40,1.20
2008.03.20 07:27:03.259,1.56175,1.56195,0.40,1.20
2008.03.20 07:27:03.548,1.56175,1.56195,0.40,1.20
2008.03.20 07:27:03.837,1.56175,1.56195,0.40,1.20
2008.03.20 07:27:04.121,1.56175,1.56195,0.40,1.20
2008.03.20 07:27:04.416,1.56175,1.56195,0.40,1.20
2008.03.20 07:27:04.715,1.56175,1.56195,0.40,0.30
2008.03.20 07:27:05.011,1.56175,1.56195,0.40,0.30
2008.03.20 07:27:05.279,1.56175,1.56195,0.40,0.30
2008.03.20 07:27:05.559,1.56175,1.56195,0.40,0.30
2008.03.20 07:27:05.840,1.56175,1.56195,0.40,0.30
2008.03.20 07:27:06.119,1.56175,1.56195,0.40,0.30
2008.03.20 07:27:06.397,1.56175,1.56195,0.40,0.30
2008.03.20 07:27:06.677,1.56175,1.56195,0.40,0.30
2008.03.20 07:27:06.955,1.56175,1.56195,0.40,0.30
2008.03.20 07:27:07.241,1.56175,1.56195,0.40,0.30
2008.03.20 07:27:07.514,1.56175,1.56195,0.40,0.30
2008.03.20 07:27:07.788,1.56175,1.56195,0.40,0.30
2008.03.20 07:27:08.062,1.56175,1.56195,0.40,0.30
2008.03.20 07:27:08.341,1.56175,1.56195,0.40,0.30
2008.03.20 07:27:08.620,1.56175,1.56195,0.40,0.30
2008.03.20 07:27:08.900,1.5618,1.562,0.40,0.60
2008.03.20 07:27:09.149,1.5618,1.562,0.50,0.30
2008.03.20 07:27:09.398,1.5618,1.562,0.50,0.30
2008.03.20 07:27:09.647,1.5618,1.562,0.50,0.30
2008.03.20 07:27:09.896,1.5618,1.562,0.50,0.30
2008.03.20 07:27:10.190,1.5618,1.562,0.50,0.30
2008.03.20 07:27:10.484,1.5618,1.562,0.50,0.30
2008.03.20 07:27:10.778,1.5618,1.562,0.50,0.30
2008.03.20 07:27:11.072,1.5618,1.562,0.50,0.30
2008.03.20 07:27:11.356,1.5618,1.562,0.50,0.30
2008.03.20 07:27:11.641,1.5618,1.562,0.50,0.30
2008.03.20 07:27:11.925,1.5618,1.562,0.50,0.30
2008.03.20 07:27:12.193,1.5618,1.562,0.50,0.30
2008.03.20 07:27:12.463,1.5618,1.562,0.50,0.30
2008.03.20 07:27:12.733,1.5618,1.562,0.50,0.30
2008.03.20 07:27:13.001,1.5618,1.562,0.50,0.30
2008.03.20 07:27:13.276,1.5618,1.562,0.50,0.30
2008.03.20 07:27:13.561,1.5618,1.562,0.50,0.30
2008.03.20 07:27:13.847,1.5618,1.562,0.50,0.30
2008.03.20 07:27:14.132,1.5618,1.562,0.50,0.30
2008.03.20 07:27:14.389,1.5618,1.562,0.50,0.30
2008.03.20 07:27:14.657,1.5618,1.562,0.50,0.30
2008.03.20 07:27:14.926,1.5618,1.562,0.50,0.30
2008.03.20 07:27:15.196,1.5618,1.562,0.50,0.30
2008.03.20 07:27:15.470,1.5618,1.562,0.50,0.30
2008.03.20 07:27:15.744,1.5618,1.562,0.50,0.30
2008.03.20 07:27:16.018,1.5618,1.562,0.50,0.30
2008.03.20 07:27:16.292,1.5618,1.562,0.50,0.30
2008.03.20 07:27:16.621,1.5618,1.562,0.50,0.30
2008.03.20 07:27:16.951,1.5618,1.562,0.50,0.30
2008.03.20 07:27:17.279,1.5618,1.562,0.50,0.30
2008.03.20 07:27:17.527,1.5618,1.562,0.50,0.30
2008.03.20 07:27:17.778,1.5618,1.562,0.50,0.30
2008.03.20 07:27:18.027,1.5618,1.562,0.50,0.30
2008.03.20 07:27:18.286,1.5618,1.562,0.50,0.30
2008.03.20 07:27:18.570,1.5618,1.562,0.50,0.30
2008.03.20 07:27:18.864,1.5618,1.562,0.50,0.30
2008.03.20 07:27:19.157,1.5618,1.562,0.50,0.30
2008.03.20 07:27:19.416,1.5618,1.562,0.50,0.30
2008.03.20 07:27:19.676,1.5618,1.562,0.50,0.30
2008.03.20 07:27:19.936,1.5618,1.562,0.50,0.50
2008.03.20 07:27:20.194,1.5618,1.562,0.50,0.30
2008.03.20 07:27:20.503,1.5618,1.562,0.50,0.30
2008.03.20 07:27:20.812,1.5618,1.562,0.50,0.30
2008.03.20 07:27:21.120,1.5618,1.562,0.50,0.30
2008.03.20 07:27:21.389,1.5618,1.562,0.50,0.30
2008.03.20 07:27:21.665,1.5618,1.562,0.50,0.30
2008.03.20 07:27:21.937,1.5618,1.562,0.50,0.30
2008.03.20 07:27:22.205,1.5618,1.562,0.50,0.30
2008.03.20 07:27:22.460,1.5618,1.562,0.50,0.30
2008.03.20 07:27:22.711,1.5618,1.562,0.50,0.30
2008.03.20 07:27:22.966,1.5618,1.562,0.50,0.30
2008.03.20 07:27:23.223,1.5618,1.562,0.50,0.30
2008.03.20 07:27:23.515,1.5618,1.562,0.50,0.30
2008.03.20 07:27:23.809,1.5618,1.562,0.50,0.30
2008.03.20 07:27:24.104,1.5618,1.562,0.50,0.30
2008.03.20 07:27:24.396,1.5618,1.562,0.50,0.30
2008.03.20 07:27:24.671,1.5618,1.562,0.50,0.30
2008.03.20 07:27:24.945,1.5618,1.562,0.50,0.30
2008.03.20 07:27:25.218,1.5618,1.562,0.50,0.30
2008.03.20 07:27:25.494,1.5618,1.562,0.50,0.30
2008.03.20 07:27:25.767,1.5618,1.562,0.50,0.30
2008.03.20 07:27:26.039,1.5618,1.562,0.50,0.30
2008.03.20 07:27:26.312,1.5618,1.562,0.50,0.30
2008.03.20 07:27:26.592,1.5618,1.562,0.50,0.30
2008.03.20 07:27:26.871,1.5618,1.562,0.50,0.30
2008.03.20 07:27:27.149,1.5618,1.562,0.50,0.30
2008.03.20 07:27:27.428,1.5618,1.562,0.50,0.30
2008.03.20 07:27:27.722,1.5618,1.562,0.50,0.30
2008.03.20 07:27:28.026,1.5618,1.562,0.50,0.30
2008.03.20 07:27:28.309,1.5618,1.562,0.50,0.30
2008.03.20 07:27:28.542,1.5618,1.562,0.50,0.30
2008.03.20 07:27:28.777,1.5618,1.562,0.50,0.30
2008.03.20 07:27:29.010,1.5618,1.562,0.50,0.30
2008.03.20 07:27:29.246,1.5618,1.562,0.50,0.30
2008.03.20 07:27:29.480,1.5618,1.562,0.50,0.30
2008.03.20 07:27:29.794,1.5618,1.562,0.50,0.30
2008.03.20 07:27:30.107,1.5618,1.562,0.50,0.30
2008.03.20 07:27:30.422,1.5618,1.562,0.50,0.30
2008.03.20 07:27:30.719,1.5618,1.562,0.50,0.30
2008.03.20 07:27:31.019,1.5618,1.562,0.50,0.30
2008.03.20 07:27:31.318,1.5618,1.562,0.50,0.30
2008.03.20 07:27:31.567,1.5618,1.562,0.50,0.30
2008.03.20 07:27:31.819,1.5618,1.562,0.50,0.30
2008.03.20 07:27:32.068,1.5618,1.562,0.50,0.30
2008.03.20 07:27:32.317,1.5618,1.562,0.50,0.30
2008.03.20 07:27:32.620,1.5618,1.562,0.50,0.30
2008.03.20 07:27:32.924,1.5618,1.562,0.50,0.30
2008.03.20 07:27:33.239,1.5618,1.562,0.50,0.30
2008.03.20 07:27:33.532,1.5618,1.562,8.50,0.30
2008.03.20 07:27:33.792,1.5618,1.562,8.50,0.30
2008.03.20 07:27:34.052,1.5618,1.562,8.50,0.30
2008.03.20 07:27:34.311,1.5618,1.562,0.50,0.30
2008.03.20 07:27:34.584,1.5618,1.562,0.50,0.30
2008.03.20 07:27:34.882,1.5618,1.562,0.50,0.30
2008.03.20 07:27:35.181,1.5618,1.562,0.50,0.30
2008.03.20 07:27:35.480,1.5618,1.562,0.50,0.30
2008.03.20 07:27:35.784,1.5618,1.562,0.50,0.30
2008.03.20 07:27:36.088,1.5618,1.562,0.50,0.30
2008.03.20 07:27:36.393,1.5618,1.562,0.50,0.30
2008.03.20 07:27:36.627,1.5618,1.562,0.50,0.30
2008.03.20 07:27:36.861,1.5618,1.562,0.50,0.30
2008.03.20 07:27:37.095,1.5618,1.562,0.50,0.30
2008.03.20 07:27:37.328,1.5618,1.562,0.50,0.30
2008.03.20 07:27:37.561,1.5618,1.562,0.50,0.30
2008.03.20 07:27:37.846,1.5618,1.562,0.50,0.30
2008.03.20 07:27:38.129,1.5618,1.562,0.50,0.30
2008.03.20 07:27:38.415,1.5618,1.562,0.50,0.30
2008.03.20 07:27:38.699,1.5618,1.562,0.50,0.30
2008.03.20 07:27:38.983,1.5618,1.562,0.50,0.30
2008.03.20 07:27:39.268,1.5618,1.562,0.50,0.30
2008.03.20 07:27:39.551,1.5618,1.562,0.50,0.30
2008.03.20 07:27:39.795,1.5618,1.562,0.50,0.30
2008.03.20 07:27:40.048,1.5618,1.562,0.50,0.30
2008.03.20 07:27:40.292,1.5618,1.562,0.50,0.30
2008.03.20 07:27:40.535,1.5618,1.562,0.50,0.30
2008.03.20 07:27:40.870,1.5618,1.562,0.50,0.30
2008.03.20 07:27:41.203,1.5618,1.562,0.50,0.30
2008.03.20 07:27:41.538,1.5618,1.562,0.50,0.30
2008.03.20 07:27:41.752,1.5618,1.562,0.50,0.30
2008.03.20 07:27:41.967,1.5618,1.562,0.50,0.30
2008.03.20 07:27:42.182,1.5618,1.562,8.80,0.30
2008.03.20 07:27:42.396,1.5618,1.562,8.80,0.30
2008.03.20 07:27:42.610,1.5618,1.562,8.80,0.30
2008.03.20 07:27:42.945,1.5618,1.562,8.80,0.30
2008.03.20 07:27:43.279,1.5618,1.562,8.50,0.30
2008.03.20 07:27:43.613,1.5618,1.562,8.50,0.30
2008.03.20 07:27:43.843,1.5618,1.562,8.50,0.30
2008.03.20 07:27:44.072,1.5619,1.56205,0.30,1.00
2008.03.20 07:27:44.302,1.5619,1.562,0.30,0.30
2008.03.20 07:27:44.531,1.5618,1.562,8.50,0.30
2008.03.20 07:27:44.863,1.5618,1.562,0.50,0.30
2008.03.20 07:27:45.194,1.5618,1.562,0.50,0.30
2008.03.20 07:27:45.527,1.56185,1.562,0.80,0.30
2008.03.20 07:27:45.794,1.562,1.56215,0.30,0.30
2008.03.20 07:27:46.056,1.562,1.5621,0.30,0.30
2008.03.20 07:27:46.318,1.5619,1.5621,0.40,0.30
2008.03.20 07:27:46.576,1.5619,1.5621,0.40,0.30
2008.03.20 07:27:46.892,1.56185,1.562,1.00,0.30
2008.03.20 07:27:47.199,1.5618,1.562,8.80,0.30
2008.03.20 07:27:47.504,1.5618,1.562,8.80,0.30
2008.03.20 07:27:47.808,1.5618,1.562,8.80,0.30
2008.03.20 07:27:48.089,1.56185,1.56205,8.00,1.00
2008.03.20 07:27:48.367,1.5618,1.562,8.50,0.30
2008.03.20 07:27:48.647,1.5618,1.562,8.20,0.30
2008.03.20 07:27:48.906,1.5618,1.562,8.20,0.30
2008.03.20 07:27:49.165,1.5618,1.562,8.20,0.30
2008.03.20 07:27:49.423,1.5618,1.562,8.20,0.30
2008.03.20 07:27:49.683,1.5618,1.562,8.20,0.30
2008.03.20 07:27:49.991,1.5618,1.562,8.20,0.30
2008.03.20 07:27:50.301,1.5618,1.562,8.20,0.30
2008.03.20 07:27:50.610,1.5618,1.562,8.20,0.30
2008.03.20 07:27:50.920,1.5618,1.562,8.20,0.30
2008.03.20 07:27:51.209,1.5618,1.562,8.20,0.30
2008.03.20 07:27:51.508,1.5618,1.562,8.20,0.30
2008.03.20 07:27:51.808,1.5618,1.562,8.20,0.30
2008.03.20 07:27:52.079,1.5618,1.562,8.20,0.30
2008.03.20 07:27:52.327,1.5618,1.562,8.20,0.30
2008.03.20 07:27:52.587,1.5618,1.562,8.20,0.30
2008.03.20 07:27:52.849,1.5618,1.562,8.20,0.30
2008.03.20 07:27:53.133,1.5618,1.562,8.20,0.30
2008.03.20 07:27:53.417,1.5618,1.562,8.20,0.30
2008.03.20 07:27:53.702,1.5618,1.562,8.40,0.30
2008.03.20 07:27:53.941,1.56185,1.562,8.00,0.30
2008.03.20 07:27:54.182,1.5618,1.562,8.40,0.30
2008.03.20 07:27:54.421,1.5618,1.562,8.40,0.30
2008.03.20 07:27:54.661,1.5618,1.562,8.40,0.30
2008.03.20 07:27:54.900,1.5618,1.562,8.40,0.30
2008.03.20 07:27:55.234,1.5618,1.562,8.40,0.30
2008.03.20 07:27:55.568,1.5618,1.562,8.40,0.30
2008.03.20 07:27:55.902,1.5618,1.562,8.40,0.30
2008.03.20 07:27:56.166,1.5618,1.562,8.40,0.30
2008.03.20 07:27:56.431,1.5618,1.56205,8.80,1.00
2008.03.20 07:27:56.695,1.5618,1.56195,8.40,0.30
2008.03.20 07:27:56.959,1.5618,1.5619,8.20,0.30
2008.03.20 07:27:57.235,1.5618,1.5619,8.20,0.30
2008.03.20 07:27:57.509,1.5618,1.5619,8.20,0.30
2008.03.20 07:27:57.783,1.5618,1.562,8.20,0.30
2008.03.20 07:27:58.057,1.5618,1.562,8.20,0.30
2008.03.20 07:27:58.337,1.5618,1.5619,8.00,0.30
2008.03.20 07:27:58.618,1.5617,1.5619,8.80,0.30
2008.03.20 07:27:58.897,1.5617,1.5619,8.80,0.30
2008.03.20 07:27:59.191,1.56175,1.5619,0.80,0.30
2008.03.20 07:27:59.496,1.56175,1.5619,1.00,0.30
2008.03.20 07:27:59.789,1.56175,1.5619,1.00,0.30
2008.03.20 07:28:00.083,1.56175,1.5619,1.00,0.30
2008.03.20 07:28:00.334,1.56175,1.5619,1.00,0.30
2008.03.20 07:28:00.582,1.56175,1.5619,1.00,0.30
2008.03.20 07:28:00.832,1.56175,1.5619,1.00,0.30
2008.03.20 07:28:01.132,1.5618,1.5619,8.20,0.30
2008.03.20 07:28:01.432,1.5619,1.56205,8.00,0.80
2008.03.20 07:28:01.731,1.5619,1.56205,8.00,0.80
2008.03.20 07:28:02.030,1.5618,1.56205,8.80,1.00
2008.03.20 07:28:02.295,1.5618,1.56205,8.80,1.00
2008.03.20 07:28:02.561,1.5618,1.56205,8.80,1.00
2008.03.20 07:28:02.825,1.5618,1.56205,8.80,1.00
2008.03.20 07:28:03.089,1.5618,1.56205,8.80,1.00
2008.03.20 07:28:03.354,1.5618,1.56205,8.80,1.00
2008.03.20 07:28:03.618,1.5618,1.56205,8.80,1.00
2008.03.20 07:28:03.884,1.5618,1.56205,8.80,1.00
2008.03.20 07:28:04.173,1.5618,1.56205,8.80,1.00
2008.03.20 07:28:04.462,1.56185,1.56205,0.40,0.80
2008.03.20 07:28:04.732,1.5618,1.5619,0.30,0.30
2008.03.20 07:28:05.012,1.5617,1.5619,0.60,0.30
2008.03.20 07:28:05.277,1.5618,1.56205,8.30,1.20
2008.03.20 07:28:05.541,1.5618,1.56205,8.30,1.00
2008.03.20 07:28:05.805,1.5618,1.56205,8.30,1.00
2008.03.20 07:28:06.069,1.5618,1.56205,8.30,1.00
2008.03.20 07:28:06.384,1.5618,1.56205,8.30,1.00
2008.03.20 07:28:06.697,1.5618,1.562,8.00,0.30
2008.03.20 07:28:07.012,1.56175,1.5619,0.30,0.30
2008.03.20 07:28:07.246,1.56175,1.5619,0.30,0.30
2008.03.20 07:28:07.479,1.56175,1.5619,0.30,0.30
2008.03.20 07:28:07.715,1.56175,1.5619,1.00,0.30
2008.03.20 07:28:07.950,1.56175,1.5619,1.00,0.30
2008.03.20 07:28:08.183,1.56175,1.5619,1.00,0.30
2008.03.20 07:28:08.497,1.56175,1.5619,1.00,0.30
2008.03.20 07:28:08.812,1.56175,1.5619,1.00,0.30
2008.03.20 07:28:09.127,1.56175,1.5619,1.00,0.30
2008.03.20 07:28:09.386,1.56175,1.5619,1.00,0.30
2008.03.20 07:28:09.646,1.56175,1.5619,1.00,0.30
2008.03.20 07:28:09.905,1.56175,1.5619,1.00,0.30
2008.03.20 07:28:10.165,1.56175,1.5619,1.00,0.30
2008.03.20 07:28:10.409,1.56175,1.5619,1.00,0.30
2008.03.20 07:28:10.653,1.56175,1.5619,1.00,0.30
2008.03.20 07:28:10.897,1.56175,1.5619,1.00,0.30
2008.03.20 07:28:11.143,1.56175,1.5619,1.00,0.30
2008.03.20 07:28:11.467,1.5618,1.56195,0.30,0.30
2008.03.20 07:28:11.793,1.5618,1.56195,0.30,0.30
2008.03.20 07:28:12.118,1.5618,1.5619,0.30,0.30
2008.03.20 07:28:12.379,1.56175,1.56195,0.50,0.30
2008.03.20 07:28:12.637,1.56175,1.56195,1.30,0.30
2008.03.20 07:28:12.899,1.56175,1.56195,1.30,0.30
2008.03.20 07:28:13.149,1.56175,1.56195,1.30,0.30
2008.03.20 07:28:13.438,1.5618,1.56195,8.20,0.30
2008.03.20 07:28:13.729,1.56175,1.56195,1.30,0.30
2008.03.20 07:28:14.021,1.56175,1.56195,1.30,0.30
2008.03.20 07:28:14.322,1.56175,1.56195,1.30,0.30
2008.03.20 07:28:14.590,1.56175,1.56195,1.30,0.30
2008.03.20 07:28:14.868,1.5618,1.562,0.60,0.30
2008.03.20 07:28:15.148,1.5618,1.562,0.60,0.30
2008.03.20 07:28:15.417,1.5618,1.562,0.30,0.30
2008.03.20 07:28:15.686,1.5618,1.562,0.30,0.30
2008.03.20 07:28:15.955,1.5618,1.562,0.30,0.30
2008.03.20 07:28:16.223,1.5618,1.562,0.30,0.30
2008.03.20 07:28:16.533,1.5618,1.562,0.30,0.30
2008.03.20 07:28:16.841,1.5618,1.562,0.30,0.30
2008.03.20 07:28:17.151,1.5618,1.562,0.30,0.30
2008.03.20 07:28:17.459,1.5618,1.562,0.30,0.30
2008.03.20 07:28:17.713,1.5618,1.562,0.60,0.30
2008.03.20 07:28:17.968,1.5618,1.562,0.60,0.30
2008.03.20 07:28:18.234,1.5618,1.562,0.60,0.30
2008.03.20 07:28:18.482,1.5618,1.562,0.60,0.30
2008.03.20 07:28:18.742,1.5618,1.562,0.30,0.30
2008.03.20 07:28:19.000,1.5618,1.562,0.30,0.30
2008.03.20 07:28:19.260,1.5618,1.562,0.30,0.30
2008.03.20 07:28:19.542,1.5618,1.562,0.60,0.30
2008.03.20 07:28:19.834,1.5618,1.562,0.60,0.30
2008.03.20 07:28:20.128,1.5618,1.562,0.60,0.30
2008.03.20 07:28:20.406,1.5618,1.562,0.60,0.30
2008.03.20 07:28:20.727,1.5618,1.562,0.60,0.30
2008.03.20 07:28:21.048,1.5618,1.562,0.60,0.30
2008.03.20 07:28:21.346,1.5618,1.562,0.60,0.30
2008.03.20 07:28:21.587,1.5618,1.562,0.60,0.30
2008.03.20 07:28:21.827,1.5618,1.562,0.60,0.30
2008.03.20 07:28:22.066,1.5618,1.562,0.60,0.30
2008.03.20 07:28:22.312,1.5618,1.562,0.60,0.30
2008.03.20 07:28:22.601,1.5618,1.562,0.60,0.30
2008.03.20 07:28:22.890,1.5618,1.562,0.60,0.30
2008.03.20 07:28:23.179,1.5618,1.562,0.60,0.30
2008.03.20 07:28:23.470,1.5618,1.562,0.60,0.30
2008.03.20 07:28:23.720,1.5618,1.562,0.60,0.30
2008.03.20 07:28:23.969,1.5618,1.562,0.60,0.30
2008.03.20 07:28:24.219,1.5618,1.562,0.60,0.30
2008.03.20 07:28:24.472,1.5618,1.56195,8.40,0.30
2008.03.20 07:28:24.773,1.5618,1.56195,8.40,0.30
2008.03.20 07:28:25.073,1.5618,1.56195,8.40,0.30
2008.03.20 07:28:25.373,1.5618,1.56195,8.40,0.30
2008.03.20 07:28:25.675,1.5618,1.56195,8.40,0.30
2008.03.20 07:28:25.975,1.5618,1.56195,8.40,0.30
2008.03.20 07:28:26.281,1.5618,1.56195,8.40,0.30
2008.03.20 07:28:26.588,1.5618,1.56195,8.40,0.30
2008.03.20 07:28:28.175,1.5618,1.56195,8.40,0.30
2008.03.20 07:28:28.239,1.5618,1.56195,8.40,0.30
2008.03.20 07:28:28.314,1.5618,1.56195,8.40,0.30
2008.03.20 07:28:28.367,1.5618,1.56195,8.40,0.30
2008.03.20 07:28:28.433,1.5618,1.56195,8.40,0.30
2008.03.20 07:28:28.498,1.5618,1.56195,8.40,0.30
2008.03.20 07:28:28.560,1.5618,1.56195,8.40,0.30
2008.03.20 07:28:28.634,1.5618,1.56195,8.40,0.30
2008.03.20 07:28:28.690,1.5618,1.56195,8.40,0.30
2008.03.20 07:28:28.755,1.5618,1.56195,8.40,0.30
2008.03.20 07:28:28.818,1.5618,1.56195,8.40,0.30
2008.03.20 07:28:28.882,1.5618,1.56195,8.40,0.30
2008.03.20 07:28:28.946,1.5618,1.56195,8.40,0.30
2008.03.20 07:28:29.010,1.5618,1.56195,8.40,0.30
2008.03.20 07:28:29.090,1.5618,1.56195,8.40,0.30
2008.03.20 07:28:29.152,1.5618,1.56195,8.40,0.30
2008.03.20 07:28:29.217,1.5618,1.56195,8.40,0.30
2008.03.20 07:28:29.551,1.5618,1.56195,8.40,0.30
2008.03.20 07:28:29.898,1.5618,1.56195,8.40,0.30
2008.03.20 07:28:30.244,1.5618,1.56195,8.40,0.30
2008.03.20 07:28:30.467,1.5618,1.56195,8.20,0.30
2008.03.20 07:28:30.696,1.56175,1.56195,1.30,0.30
2008.03.20 07:28:30.919,1.56175,1.56195,1.30,0.30
2008.03.20 07:28:31.142,1.56175,1.56195,1.30,0.30
2008.03.20 07:28:31.366,1.56175,1.56195,1.30,0.30
2008.03.20 07:28:31.700,1.56175,1.56195,1.30,0.30
2008.03.20 07:28:32.034,1.56175,1.56195,1.30,0.30
2008.03.20 07:28:32.368,1.56175,1.56195,1.30,0.30
2008.03.20 07:28:32.597,1.56175,1.56195,1.30,0.30
2008.03.20 07:28:32.827,1.5618,1.56195,0.30,0.30
2008.03.20 07:28:33.057,1.56175,1.562,1.30,0.30
2008.03.20 07:28:33.287,1.56175,1.562,1.30,0.30
2008.03.20 07:28:33.608,1.56175,1.562,1.30,0.30
2008.03.20 07:28:33.927,1.56175,1.562,1.30,0.30
2008.03.20 07:28:34.248,1.56175,1.562,1.30,0.30
2008.03.20 07:28:34.502,1.56175,1.562,1.30,0.30
2008.03.20 07:28:34.755,1.56175,1.562,1.30,0.30
2008.03.20 07:28:35.010,1.56175,1.562,1.30,0.30
2008.03.20 07:28:35.265,1.56175,1.562,1.30,0.30
2008.03.20 07:28:35.579,1.5618,1.56205,0.50,1.00
2008.03.20 07:28:35.897,1.5618,1.56195,8.40,0.30
2008.03.20 07:28:36.212,1.5618,1.56195,0.30,0.30
2008.03.20 07:28:36.539,1.56175,1.56195,1.30,0.30
2008.03.20 07:28:36.819,1.56175,1.56195,0.50,0.30
2008.03.20 07:28:37.111,1.56175,1.56195,0.40,0.30
2008.03.20 07:28:37.400,1.56175,1.56195,0.40,0.30
2008.03.20 07:28:37.640,1.56175,1.56195,0.40,0.30
2008.03.20 07:28:37.891,1.56175,1.56195,0.40,0.30
2008.03.20 07:28:38.140,1.56175,1.56195,0.40,0.30
2008.03.20 07:28:38.391,1.56175,1.56195,0.50,0.30
2008.03.20 07:28:38.706,1.56175,1.562,1.30,0.30
2008.03.20 07:28:39.020,1.56175,1.562,1.30,0.30
2008.03.20 07:28:39.334,1.56175,1.562,1.30,0.30
2008.03.20 07:28:39.662,1.56175,1.56195,1.30,0.30
2008.03.20 07:28:39.934,1.56175,1.56195,0.40,0.30
2008.03.20 07:28:40.207,1.56175,1.56195,0.40,0.30
2008.03.20 07:28:40.474,1.56175,1.56195,0.40,0.30
2008.03.20 07:28:40.785,1.56175,1.56195,0.40,0.30
2008.03.20 07:28:41.072,1.56175,1.56195,0.40,0.30
2008.03.20 07:28:41.371,1.56175,1.56195,0.40,0.30
2008.03.20 07:28:41.670,1.56175,1.56195,0.40,0.30
2008.03.20 07:28:41.942,1.56175,1.56195,1.10,0.30
2008.03.20 07:28:42.212,1.5618,1.56195,0.30,0.30
2008.03.20 07:28:42.484,1.56175,1.56195,1.30,0.30
2008.03.20 07:28:42.773,1.5618,1.56195,8.20,0.30
2008.03.20 07:28:43.063,1.5618,1.56195,8.20,0.30
2008.03.20 07:28:43.353,1.5618,1.562,0.60,0.30
2008.03.20 07:28:43.642,1.5618,1.562,0.60,0.30
2008.03.20 07:28:43.885,1.5618,1.562,0.60,0.30
2008.03.20 07:28:44.129,1.5618,1.562,0.60,0.30
2008.03.20 07:28:44.375,1.5618,1.562,0.60,0.30
2008.03.20 07:28:44.628,1.5618,1.562,0.60,0.30
2008.03.20 07:28:44.907,1.5618,1.562,0.60,0.30
2008.03.20 07:28:45.195,1.5618,1.562,0.60,0.30
2008.03.20 07:28:45.485,1.5618,1.562,0.60,0.30
2008.03.20 07:28:45.776,1.5618,1.56195,8.40,0.30
2008.03.20 07:28:46.081,1.5618,1.56195,8.40,0.30
2008.03.20 07:28:46.385,1.5618,1.56195,8.40,0.30
2008.03.20 07:28:46.688,1.5618,1.56195,8.40,0.30
2008.03.20 07:28:46.922,1.5618,1.56195,8.40,0.30
2008.03.20 07:28:47.157,1.5618,1.56195,8.40,0.30
2008.03.20 07:28:47.391,1.5618,1.56195,8.40,0.30
2008.03.20 07:28:47.625,1.5618,1.56195,8.40,0.30
2008.03.20 07:28:47.929,1.5618,1.56195,8.40,0.30
2008.03.20 07:28:48.232,1.5618,1.56195,8.40,0.30
2008.03.20 07:28:48.537,1.5618,1.56195,8.40,0.30
2008.03.20 07:28:48.841,1.5618,1.56195,8.40,0.30
2008.03.20 07:28:49.094,1.5618,1.56195,8.40,0.30
2008.03.20 07:28:49.348,1.5618,1.56195,8.40,0.30
2008.03.20 07:28:49.612,1.5618,1.56195,8.40,0.30
2008.03.20 07:28:49.875,1.5618,1.56195,8.40,0.30
2008.03.20 07:28:50.150,1.56175,1.56195,1.30,0.30
2008.03.20 07:28:50.424,1.56175,1.56195,1.30,0.30
2008.03.20 07:28:50.699,1.56175,1.56195,1.30,0.30
2008.03.20 07:28:51.003,1.56175,1.56195,1.30,0.30
2008.03.20 07:28:51.307,1.56175,1.56195,0.40,0.30
2008.03.20 07:28:51.611,1.56175,1.56195,0.40,0.30
2008.03.20 07:28:51.865,1.56175,1.56195,0.40,0.30
2008.03.20 07:28:52.119,1.56175,1.56195,0.40,0.30
2008.03.20 07:28:52.373,1.56175,1.56195,0.40,0.30
2008.03.20 07:28:52.627,1.56175,1.56195,0.40,0.30
2008.03.20 07:28:52.896,1.56175,1.56195,0.40,0.30
2008.03.20 07:28:53.166,1.56175,1.56195,0.40,0.30
2008.03.20 07:28:53.443,1.56175,1.56195,0.40,0.30
2008.03.20 07:28:53.696,1.56175,1.56195,0.40,0.30
2008.03.20 07:28:53.986,1.56175,1.56195,0.40,0.30
2008.03.20 07:28:54.275,1.56175,1.56195,0.40,0.30
2008.03.20 07:28:54.565,1.56175,1.56195,0.40,0.30
2008.03.20 07:28:54.855,1.56175,1.56195,0.40,0.30
2008.03.20 07:28:55.103,1.56175,1.56195,0.40,0.30
2008.03.20 07:28:55.353,1.56175,1.56195,0.40,0.30
2008.03.20 07:28:55.603,1.56175,1.56195,0.40,0.30
2008.03.20 07:28:55.852,1.56175,1.56195,0.40,0.30
2008.03.20 07:28:56.162,1.56175,1.56195,0.40,0.30
2008.03.20 07:28:56.470,1.56175,1.56195,0.40,0.30
2008.03.20 07:28:56.779,1.56175,1.56195,0.40,0.30
2008.03.20 07:28:57.014,1.56175,1.56195,0.40,0.30
2008.03.20 07:28:57.257,1.56175,1.56195,0.40,0.30
2008.03.20 07:28:57.482,1.56175,1.56195,0.40,0.30
2008.03.20 07:28:57.716,1.56175,1.56195,0.40,0.30
2008.03.20 07:28:58.015,1.56175,1.56195,0.40,0.30
2008.03.20 07:28:58.314,1.56175,1.56195,0.40,0.30
2008.03.20 07:28:58.612,1.56175,1.56195,0.40,0.30
2008.03.20 07:28:58.911,1.56175,1.56195,0.40,0.30
2008.03.20 07:28:59.135,1.56175,1.56195,0.40,0.30
2008.03.20 07:28:59.360,1.56175,1.56195,0.40,0.30
2008.03.20 07:28:59.591,1.56175,1.56195,0.40,0.30
2008.03.20 07:28:59.826,1.56175,1.56195,0.40,0.30
2008.03.20 07:29:00.150,1.56175,1.56195,0.40,0.30
2008.03.20 07:29:00.483,1.56175,1.56195,0.40,0.30
2008.03.20 07:29:00.819,1.56175,1.56195,0.40,0.30
2008.03.20 07:29:01.070,1.56175,1.56195,0.40,0.30
2008.03.20 07:29:01.319,1.56175,1.56195,0.40,0.30
2008.03.20 07:29:01.567,1.56175,1.56195,0.40,0.30
2008.03.20 07:29:01.815,1.56175,1.56195,0.40,0.30
2008.03.20 07:29:02.071,1.56175,1.56195,0.40,0.30
2008.03.20 07:29:02.361,1.56175,1.56195,1.30,0.30
2008.03.20 07:29:02.649,1.56175,1.56195,1.30,0.30
2008.03.20 07:29:02.939,1.56175,1.56195,1.30,0.30
2008.03.20 07:29:03.208,1.56175,1.56195,1.30,0.30
2008.03.20 07:29:03.479,1.56175,1.56195,1.30,0.30
2008.03.20 07:29:03.749,1.56175,1.56195,0.40,0.30
2008.03.20 07:29:04.017,1.56175,1.56195,0.40,0.30
2008.03.20 07:29:04.265,1.56175,1.56195,0.40,0.30
2008.03.20 07:29:04.514,1.56175,1.56195,0.40,0.30
2008.03.20 07:29:04.763,1.56175,1.56195,0.40,0.30
2008.03.20 07:29:05.012,1.56175,1.56195,0.40,0.30
2008.03.20 07:29:05.295,1.56175,1.56195,0.40,0.30
2008.03.20 07:29:05.580,1.56175,1.56195,0.40,0.30
2008.03.20 07:29:05.865,1.5617,1.5618,0.30,0.30
2008.03.20 07:29:06.170,1.5617,1.5618,0.30,1.00
2008.03.20 07:29:06.475,1.5616,1.5618,0.80,1.00
2008.03.20 07:29:06.779,1.5616,1.5618,0.80,1.00
2008.03.20 07:29:07.083,1.5616,1.5618,0.80,1.00
2008.03.20 07:29:07.337,1.5616,1.5618,0.80,1.00
2008.03.20 07:29:07.591,1.5616,1.5618,0.80,1.00
2008.03.20 07:29:07.845,1.5616,1.5618,0.80,1.00
2008.03.20 07:29:08.099,1.5616,1.5618,0.80,1.00
2008.03.20 07:29:08.385,1.56165,1.5618,1.30,0.80
2008.03.20 07:29:08.680,1.5617,1.56185,0.30,1.00
2008.03.20 07:29:08.964,1.5617,1.56185,0.30,0.30
2008.03.20 07:29:09.248,1.5617,1.56185,0.30,1.00
2008.03.20 07:29:09.532,1.5617,1.56185,0.30,1.00
2008.03.20 07:29:09.816,1.5617,1.56185,0.30,1.00
2008.03.20 07:29:10.101,1.56175,1.56195,0.40,0.30
2008.03.20 07:29:10.378,1.56175,1.56195,0.40,0.30
2008.03.20 07:29:10.651,1.56175,1.56195,0.40,0.30
2008.03.20 07:29:10.925,1.56175,1.56195,0.40,0.30
2008.03.20 07:29:11.200,1.5618,1.56195,8.00,0.30
2008.03.20 07:29:11.490,1.56175,1.56195,0.40,0.30
2008.03.20 07:29:11.780,1.56175,1.56195,0.40,0.30
2008.03.20 07:29:12.070,1.56175,1.56195,0.40,0.30
2008.03.20 07:29:12.359,1.56175,1.56195,0.40,0.30
2008.03.20 07:29:12.653,1.56175,1.56195,0.40,0.30
2008.03.20 07:29:12.949,1.56175,1.56195,0.40,0.30
2008.03.20 07:29:13.243,1.56175,1.56195,0.40,0.30
2008.03.20 07:29:13.497,1.56175,1.56195,0.40,0.30
2008.03.20 07:29:13.751,1.56175,1.56195,0.40,0.30
2008.03.20 07:29:14.005,1.56175,1.56195,0.40,0.30
2008.03.20 07:29:14.260,1.56175,1.56195,0.40,0.30
2008.03.20 07:29:14.549,1.56175,1.56195,0.40,0.30
2008.03.20 07:29:14.837,1.56175,1.56195,0.40,0.30
2008.03.20 07:29:15.126,1.56175,1.56195,0.40,0.30
2008.03.20 07:29:15.415,1.56175,1.56195,0.40,0.30
2008.03.20 07:29:15.709,1.56175,1.56195,0.40,0.30
2008.03.20 07:29:16.003,1.56175,1.56195,0.40,0.30
2008.03.20 07:29:16.297,1.56175,1.56195,0.40,0.30
2008.03.20 07:29:16.551,1.56175,1.56195,0.40,0.30
2008.03.20 07:29:16.805,1.56175,1.56195,0.40,0.30
2008.03.20 07:29:17.058,1.56175,1.56195,0.40,0.30
2008.03.20 07:29:17.313,1.56175,1.56195,0.40,0.30
2008.03.20 07:29:17.599,1.56175,1.56195,0.40,0.30
2008.03.20 07:29:17.886,1.56175,1.56195,0.40,0.30
2008.03.20 07:29:18.171,1.56175,1.56195,0.40,0.30
2008.03.20 07:29:18.454,1.56175,1.56195,0.40,0.30
2008.03.20 07:29:18.744,1.56175,1.56195,0.40,0.30
2008.03.20 07:29:19.034,1.56175,1.56195,0.40,0.30
2008.03.20 07:29:19.323,1.56175,1.56195,0.40,0.30
2008.03.20 07:29:19.547,1.56175,1.56195,0.40,0.30
2008.03.20 07:29:19.771,1.56175,1.56195,0.40,0.30
2008.03.20 07:29:19.996,1.56175,1.56195,0.40,0.30
2008.03.20 07:29:20.220,1.56175,1.56195,0.40,0.30
2008.03.20 07:29:20.544,1.56175,1.56195,0.40,0.30
2008.03.20 07:29:20.869,1.56175,1.56195,0.40,0.30
2008.03.20 07:29:21.194,1.56175,1.56195,0.40,0.30
2008.03.20 07:29:21.517,1.56175,1.56195,0.40,0.30
2008.03.20 07:29:21.762,1.56175,1.56195,0.40,0.30
2008.03.20 07:29:22.006,1.56175,1.56195,0.40,0.30
2008.03.20 07:29:22.255,1.56175,1.56195,0.40,0.30
2008.03.20 07:29:22.500,1.56175,1.56195,0.40,0.30
2008.03.20 07:29:22.819,1.56175,1.56195,0.40,0.30
2008.03.20 07:29:23.128,1.56175,1.56195,0.40,0.30
2008.03.20 07:29:23.436,1.56175,1.56195,0.40,0.30
2008.03.20 07:29:23.660,1.56175,1.56195,0.40,0.30
2008.03.20 07:29:23.884,1.56175,1.56195,0.40,0.30
2008.03.20 07:29:24.107,1.56175,1.56195,0.40,0.30
2008.03.20 07:29:24.331,1.56175,1.56195,0.40,0.30
2008.03.20 07:29:24.554,1.56175,1.56195,0.40,0.30
2008.03.20 07:29:24.884,1.56175,1.56195,0.40,0.30
2008.03.20 07:29:25.213,1.56175,1.56195,0.40,0.30
2008.03.20 07:29:25.542,1.56175,1.56195,0.40,0.30
2008.03.20 07:29:25.806,1.56175,1.56195,0.40,0.30
2008.03.20 07:29:26.070,1.56175,1.56195,0.40,0.30
2008.03.20 07:29:26.334,1.56175,1.56195,0.40,0.30
2008.03.20 07:29:26.599,1.56175,1.56195,0.40,0.30
2008.03.20 07:29:26.882,1.56175,1.56195,0.40,0.30
2008.03.20 07:29:27.167,1.56175,1.56195,0.40,0.30
2008.03.20 07:29:27.450,1.56175,1.56195,0.40,0.30
2008.03.20 07:29:27.734,1.56175,1.56195,0.40,0.30
2008.03.20 07:29:28.023,1.56175,1.56195,0.40,0.30
2008.03.20 07:29:28.313,1.56175,1.56195,0.40,0.30
2008.03.20 07:29:28.602,1.56175,1.56195,0.40,0.30
2008.03.20 07:29:28.826,1.56175,1.56195,0.40,0.30
2008.03.20 07:29:29.050,1.56175,1.56195,0.40,0.30
2008.03.20 07:29:29.275,1.56175,1.56195,0.40,0.30
2008.03.20 07:29:29.509,1.56175,1.56195,0.40,0.30
2008.03.20 07:29:29.839,1.56175,1.56195,0.40,0.30
2008.03.20 07:29:30.158,1.56175,1.56195,0.40,0.30
2008.03.20 07:29:30.487,1.56175,1.56195,0.40,0.30
2008.03.20 07:29:30.829,1.56175,1.56195,0.40,0.30
2008.03.20 07:29:31.088,1.56175,1.56195,0.40,0.30
2008.03.20 07:29:31.356,1.56175,1.56195,0.40,0.30
2008.03.20 07:29:31.625,1.56175,1.56195,0.40,0.30
2008.03.20 07:29:31.867,1.56175,1.56195,0.40,0.30
2008.03.20 07:29:32.124,1.56175,1.56195,0.40,0.30
2008.03.20 07:29:32.368,1.56175,1.56195,0.40,0.30
2008.03.20 07:29:32.613,1.56175,1.56195,0.40,0.30
2008.03.20 07:29:32.913,1.5618,1.562,8.50,0.50
2008.03.20 07:29:33.213,1.5619,1.562,0.30,0.30
2008.03.20 07:29:33.512,1.5619,1.562,0.30,0.30
2008.03.20 07:29:33.811,1.5619,1.562,0.30,0.30
2008.03.20 07:29:34.085,1.5618,1.56195,0.30,0.30
2008.03.20 07:29:34.359,1.5618,1.56195,0.30,1.00
2008.03.20 07:29:34.633,1.5619,1.56195,0.30,0.80
2008.03.20 07:29:34.889,1.5619,1.562,0.30,0.30
2008.03.20 07:29:35.143,1.5619,1.562,0.30,0.30
2008.03.20 07:29:35.397,1.5619,1.562,0.30,0.30
2008.03.20 07:29:35.651,1.5619,1.562,0.30,0.30
2008.03.20 07:29:35.961,1.5618,1.56195,0.30,0.30
2008.03.20 07:29:36.270,1.56175,1.56195,0.40,0.30
2008.03.20 07:29:36.579,1.56175,1.56195,0.40,0.30
2008.03.20 07:29:36.890,1.56175,1.56195,0.40,0.30
2008.03.20 07:29:37.133,1.56175,1.56195,0.40,0.30
2008.03.20 07:29:37.384,1.56175,1.56195,0.40,0.30
2008.03.20 07:29:37.629,1.5618,1.56195,8.20,0.30
2008.03.20 07:29:37.874,1.5618,1.56195,8.20,0.30
2008.03.20 07:29:38.171,1.5618,1.562,8.20,0.30
2008.03.20 07:29:38.464,1.5619,1.56205,0.30,1.00
2008.03.20 07:29:38.761,1.5618,1.562,8.80,0.30
2008.03.20 07:29:39.026,1.5618,1.562,8.80,0.30
2008.03.20 07:29:39.290,1.5618,1.562,8.80,0.30
2008.03.20 07:29:39.556,1.5618,1.562,8.80,0.30
2008.03.20 07:29:39.820,1.56185,1.562,12.20,0.30
2008.03.20 07:29:40.080,1.5619,1.56205,0.30,1.00
2008.03.20 07:29:40.340,1.5619,1.562,0.30,0.30
2008.03.20 07:29:40.600,1.5618,1.562,9.60,0.30
2008.03.20 07:29:40.858,1.5618,1.562,8.80,0.30
2008.03.20 07:29:41.173,1.5618,1.562,8.80,0.30
2008.03.20 07:29:41.495,1.5618,1.562,8.80,0.30
2008.03.20 07:29:41.819,1.5618,1.562,8.80,0.30
2008.03.20 07:29:42.083,1.5618,1.562,8.80,0.30
2008.03.20 07:29:42.357,1.5618,1.562,8.80,0.30
2008.03.20 07:29:42.634,1.5618,1.562,0.50,0.30
2008.03.20 07:29:42.907,1.5618,1.562,0.50,0.30
2008.03.20 07:29:43.151,1.5618,1.562,0.50,0.30
2008.03.20 07:29:43.395,1.5618,1.562,0.50,0.30
2008.03.20 07:29:43.640,1.5618,1.562,0.80,0.30
2008.03.20 07:29:43.884,1.56185,1.562,0.30,0.30
2008.03.20 07:29:44.188,1.56185,1.562,0.30,0.30
2008.03.20 07:29:44.491,1.56185,1.562,0.30,0.30
2008.03.20 07:29:44.795,1.56185,1.562,0.30,0.30
2008.03.20 07:29:45.055,1.56185,1.562,0.30,0.30
2008.03.20 07:29:45.314,1.56185,1.562,0.30,0.30
2008.03.20 07:29:45.573,1.56185,1.562,0.30,0.30
2008.03.20 07:29:45.833,1.56185,1.562,0.30,0.30
2008.03.20 07:29:46.126,1.56185,1.562,0.30,0.30
2008.03.20 07:29:46.421,1.56185,1.562,0.30,0.30
2008.03.20 07:29:46.714,1.56185,1.562,0.30,0.30
2008.03.20 07:29:47.009,1.56185,1.562,0.30,0.30
2008.03.20 07:29:47.279,1.56185,1.562,0.30,0.30
2008.03.20 07:29:47.548,1.56185,1.562,0.30,0.30
2008.03.20 07:29:47.817,1.56185,1.562,0.30,0.30
2008.03.20 07:29:48.087,1.5619,1.56205,0.30,1.00
2008.03.20 07:29:48.377,1.5619,1.56205,0.30,1.00
2008.03.20 07:29:48.667,1.562,1.56205,0.30,0.80
2008.03.20 07:29:48.956,1.562,1.5621,0.30,0.30
2008.03.20 07:29:49.216,1.562,1.56205,0.30,0.30
2008.03.20 07:29:49.475,1.5619,1.56205,0.60,0.30
2008.03.20 07:29:49.737,1.56195,1.56205,0.50,0.80
2008.03.20 07:29:50.009,1.56205,1.56225,0.40,0.30
2008.03.20 07:29:50.310,1.56205,1.5622,0.30,0.30
2008.03.20 07:29:50.609,1.562,1.5622,0.80,0.30
2008.03.20 07:29:50.908,1.562,1.56205,0.60,0.30
2008.03.20 07:29:51.208,1.5619,1.56205,0.60,0.30
2008.03.20 07:29:51.523,1.5619,1.56205,0.60,1.00
2008.03.20 07:29:51.848,1.5619,1.56205,0.30,1.00
2008.03.20 07:29:52.163,1.5619,1.56205,0.30,1.00
2008.03.20 07:29:52.397,1.5619,1.56205,0.30,1.00
2008.03.20 07:29:52.632,1.5619,1.56205,0.30,0.80
2008.03.20 07:29:52.869,1.5619,1.56205,8.40,0.80
2008.03.20 07:29:53.104,1.562,1.56205,0.30,0.80
2008.03.20 07:29:53.435,1.56195,1.5621,0.80,1.00
2008.03.20 07:29:53.765,1.5618,1.562,8.80,0.30
2008.03.20 07:29:54.095,1.5618,1.562,8.80,0.30
2008.03.20 07:29:54.329,1.5618,1.562,8.80,0.30
2008.03.20 07:29:54.564,1.5618,1.562,0.80,0.30
2008.03.20 07:29:54.799,1.5618,1.562,0.80,0.30
2008.03.20 07:29:55.047,1.5618,1.562,0.80,0.30
2008.03.20 07:29:55.281,1.5618,1.562,0.80,0.30
2008.03.20 07:29:55.614,1.5618,1.562,8.80,0.30
2008.03.20 07:29:55.951,1.5618,1.562,0.50,0.30
2008.03.20 07:29:56.285,1.5618,1.562,0.50,0.30
2008.03.20 07:29:56.549,1.5618,1.562,0.50,0.30
2008.03.20 07:29:56.814,1.5618,1.562,0.80,0.30
2008.03.20 07:29:57.084,1.5618,1.562,0.80,0.30
2008.03.20 07:29:57.356,1.5618,1.562,0.80,0.30
2008.03.20 07:29:57.636,1.5618,1.562,0.80,0.30
2008.03.20 07:29:57.910,1.56185,1.56205,0.40,1.00
2008.03.20 07:29:58.180,1.5619,1.56205,0.30,1.00
2008.03.20 07:29:58.470,1.5619,1.56205,0.30,1.00
2008.03.20 07:29:58.761,1.5619,1.56205,0.30,1.00
2008.03.20 07:29:59.049,1.5619,1.56205,0.30,1.00
2008.03.20 07:29:59.338,1.5619,1.56205,0.30,1.00
2008.03.20 07:29:59.637,1.5619,1.56205,0.30,1.00
2008.03.20 07:29:59.938,1.5619,1.56205,0.30,1.00
2008.03.20 07:30:00.248,1.5619,1.56205,0.30,1.00
2008.03.20 07:30:00.486,1.5619,1.56205,0.30,1.00
2008.03.20 07:30:00.720,1.5619,1.56205,0.30,1.00
2008.03.20 07:30:00.965,1.5619,1.56205,0.30,1.00
2008.03.20 07:30:01.200,1.5619,1.562,0.30,0.30
2008.03.20 07:30:01.537,1.5619,1.56195,0.30,0.30
2008.03.20 07:30:01.869,1.5618,1.5619,0.30,0.30
2008.03.20 07:30:02.205,1.5617,1.5619,0.50,0.30
2008.03.20 07:30:02.430,1.56175,1.56195,0.40,1.00
2008.03.20 07:30:02.655,1.56175,1.56195,0.40,0.30
2008.03.20 07:30:02.877,1.56175,1.56195,0.40,0.30
2008.03.20 07:30:03.101,1.56175,1.56195,0.40,0.30
2008.03.20 07:30:03.325,1.56175,1.56195,0.40,0.30
2008.03.20 07:30:03.662,1.56175,1.56195,0.40,0.30
2008.03.20 07:30:03.996,1.56175,1.56195,0.40,0.30
2008.03.20 07:30:04.334,1.56175,1.56195,0.40,0.30
2008.03.20 07:30:04.566,1.56175,1.56195,0.40,0.30
2008.03.20 07:30:04.799,1.56175,1.56195,0.40,0.30
2008.03.20 07:30:05.034,1.56175,1.56195,0.40,0.30
2008.03.20 07:30:05.269,1.56175,1.56195,0.40,0.30
2008.03.20 07:30:05.588,1.56175,1.56195,0.40,0.30
2008.03.20 07:30:05.909,1.56175,1.56195,1.30,0.30
2008.03.20 07:30:06.229,1.5618,1.56195,0.30,0.30
2008.03.20 07:30:06.524,1.5618,1.56195,0.30,0.30
2008.03.20 07:30:06.820,1.5618,1.56195,0.30,0.30
2008.03.20 07:30:07.114,1.5618,1.56195,0.30,0.30
2008.03.20 07:30:07.428,1.56175,1.56195,0.40,0.30
2008.03.20 07:30:07.696,1.56175,1.56195,0.40,0.30
2008.03.20 07:30:07.966,1.56175,1.56195,0.40,0.30
2008.03.20 07:30:08.243,1.56175,1.56195,0.40,0.30
2008.03.20 07:30:08.506,1.5618,1.56195,0.30,0.30
2008.03.20 07:30:08.768,1.56175,1.56195,0.40,0.30
2008.03.20 07:30:09.016,1.56175,1.56195,0.40,0.30
2008.03.20 07:30:09.267,1.5618,1.56195,0.30,0.30
2008.03.20 07:30:09.560,1.56175,1.56195,0.40,0.30
2008.03.20 07:30:09.856,1.5618,1.562,0.50,0.60
2008.03.20 07:30:10.150,1.5618,1.56195,0.30,0.30
2008.03.20 07:30:10.445,1.5618,1.56195,0.30,0.30
2008.03.20 07:30:10.714,1.56175,1.56195,12.30,0.30
2008.03.20 07:30:10.985,1.56175,1.56195,0.40,0.30
2008.03.20 07:30:11.255,1.56175,1.56195,8.30,0.30
2008.03.20 07:30:11.525,1.5618,1.56195,0.30,0.30
2008.03.20 07:30:11.825,1.5618,1.56195,0.30,0.30
2008.03.20 07:30:12.126,1.5618,1.56195,0.30,0.30
2008.03.20 07:30:12.423,1.5618,1.56195,0.30,0.30
2008.03.20 07:30:12.670,1.5618,1.56195,0.30,0.30
2008.03.20 07:30:12.932,1.5618,1.56195,0.30,0.30
2008.03.20 07:30:13.180,1.5618,1.56195,0.30,0.30
2008.03.20 07:30:13.430,1.5618,1.56195,0.30,0.30
2008.03.20 07:30:13.724,1.5618,1.56195,0.30,0.30
2008.03.20 07:30:14.017,1.5618,1.56195,0.30,0.30
2008.03.20 07:30:14.313,1.5618,1.56195,0.30,0.30
2008.03.20 07:30:14.618,1.5618,1.56195,0.30,0.30
2008.03.20 07:30:14.882,1.5618,1.56195,0.30,0.30
2008.03.20 07:30:15.141,1.5618,1.56195,0.30,0.30
2008.03.20 07:30:15.399,1.5618,1.56195,0.30,0.30
2008.03.20 07:30:15.638,1.5618,1.56195,0.30,0.30
2008.03.20 07:30:15.878,1.5618,1.56195,0.30,0.30
2008.03.20 07:30:16.118,1.56175,1.56195,0.40,0.30
2008.03.20 07:30:16.358,1.56175,1.56195,0.40,0.30
2008.03.20 07:30:16.598,1.56175,1.56195,0.40,0.30
2008.03.20 07:30:16.931,1.56175,1.56195,0.40,0.30
2008.03.20 07:30:17.275,1.5618,1.56195,0.30,0.30
2008.03.20 07:30:17.611,1.5618,1.56195,0.30,0.30
2008.03.20 07:30:17.843,1.5618,1.56195,0.30,0.30
2008.03.20 07:30:18.073,1.5618,1.56195,0.30,0.30
2008.03.20 07:30:18.307,1.5618,1.56195,0.30,0.30
2008.03.20 07:30:18.548,1.5618,1.56195,0.30,0.30
2008.03.20 07:30:18.864,1.5618,1.56195,0.30,0.30
2008.03.20 07:30:19.190,1.5618,1.56195,0.30,0.30
2008.03.20 07:30:19.516,1.56175,1.56195,1.30,0.30
2008.03.20 07:30:19.764,1.56175,1.56195,1.30,0.30
2008.03.20 07:30:20.014,1.56175,1.56195,1.30,0.30
2008.03.20 07:30:20.262,1.56175,1.56195,1.30,0.30
2008.03.20 07:30:20.512,1.56175,1.56195,1.30,0.30
2008.03.20 07:30:20.830,1.56175,1.56195,1.30,0.30
2008.03.20 07:30:21.145,1.56175,1.56195,1.30,0.30
2008.03.20 07:30:21.459,1.5618,1.562,0.40,0.60
2008.03.20 07:30:21.706,1.5618,1.562,0.50,0.60
2008.03.20 07:30:21.949,1.5618,1.562,0.50,0.60
2008.03.20 07:30:22.194,1.5618,1.562,0.50,0.60
2008.03.20 07:30:22.439,1.5618,1.562,0.50,0.60
2008.03.20 07:30:22.683,1.5618,1.562,0.50,0.60
2008.03.20 07:30:22.980,1.5618,1.562,0.50,0.60
2008.03.20 07:30:23.274,1.5618,1.562,0.50,0.60
2008.03.20 07:30:23.568,1.5618,1.562,0.50,0.60
2008.03.20 07:30:23.842,1.5618,1.562,0.50,0.60
2008.03.20 07:30:24.126,1.5618,1.562,0.50,0.60
2008.03.20 07:30:24.400,1.5618,1.56185,0.30,0.30
2008.03.20 07:30:24.675,1.5618,1.56185,0.30,0.30
2008.03.20 07:30:24.944,1.5617,1.56185,0.30,1.00
2008.03.20 07:30:25.214,1.56175,1.56185,0.40,0.80
2008.03.20 07:30:25.483,1.56175,1.56195,0.40,0.30
2008.03.20 07:30:25.751,1.56175,1.56195,0.40,0.30
2008.03.20 07:30:26.030,1.56175,1.56195,0.40,0.30
2008.03.20 07:30:26.309,1.56175,1.56195,0.40,0.30
2008.03.20 07:30:26.588,1.56175,1.56195,0.40,0.30
2008.03.20 07:30:26.862,1.56175,1.56195,0.40,0.30
2008.03.20 07:30:27.115,1.56175,1.56195,0.40,0.30
2008.03.20 07:30:27.379,1.56175,1.56195,0.40,0.30
2008.03.20 07:30:27.643,1.56175,1.56195,0.40,0.30
2008.03.20 07:30:27.937,1.56175,1.56195,0.40,0.30
2008.03.20 07:30:28.231,1.5617,1.56185,8.20,0.30
2008.03.20 07:30:28.526,1.5617,1.56185,0.30,1.00
2008.03.20 07:30:28.820,1.5617,1.56185,0.30,1.00
2008.03.20 07:30:29.069,1.5617,1.56185,0.30,1.00
2008.03.20 07:30:29.319,1.5617,1.56185,0.30,1.00
2008.03.20 07:30:29.569,1.5617,1.56185,0.30,1.00
2008.03.20 07:30:29.819,1.5617,1.5618,0.30,1.00
2008.03.20 07:30:30.117,1.5615,1.56165,0.30,0.30
2008.03.20 07:30:30.413,1.5613,1.5615,0.60,0.30
2008.03.20 07:30:30.708,1.5613,1.5615,0.40,0.60
2008.03.20 07:30:30.993,1.5613,1.5615,0.80,0.30
2008.03.20 07:30:31.278,1.5613,1.5615,0.80,0.30
2008.03.20 07:30:31.564,1.5614,1.5616,0.40,0.30
2008.03.20 07:30:31.851,1.56135,1.56155,0.40,0.30
2008.03.20 07:30:32.117,1.56135,1.56155,0.40,0.30
2008.03.20 07:30:32.394,1.56135,1.56155,0.40,0.30
2008.03.20 07:30:32.656,1.56135,1.56155,0.40,0.50
2008.03.20 07:30:32.933,1.56135,1.56155,0.40,0.50
2008.03.20 07:30:33.221,1.56135,1.56155,0.40,0.50
2008.03.20 07:30:33.484,1.56135,1.56155,0.40,0.50
2008.03.20 07:30:33.759,1.56135,1.56155,0.40,0.50
2008.03.20 07:30:34.038,1.56135,1.56155,0.40,0.50
2008.03.20 07:30:34.319,1.56135,1.56155,0.40,0.50
2008.03.20 07:30:34.597,1.56135,1.56155,0.40,0.50
2008.03.20 07:30:34.889,1.5614,1.5616,0.40,0.20
2008.03.20 07:30:35.143,1.5614,1.5616,0.40,0.20
2008.03.20 07:30:35.396,1.5614,1.5616,0.40,0.20
2008.03.20 07:30:35.649,1.5614,1.5616,0.40,0.20
2008.03.20 07:30:35.906,1.5614,1.5616,0.40,0.20
2008.03.20 07:30:36.219,1.5614,1.5616,0.40,0.20
2008.03.20 07:30:36.533,1.56145,1.5616,0.40,0.20
2008.03.20 07:30:36.848,1.5614,1.5616,0.40,0.20
2008.03.20 07:30:37.163,1.56145,1.56165,0.40,1.20
2008.03.20 07:30:37.412,1.56145,1.56165,0.40,1.20
2008.03.20 07:30:37.663,1.56145,1.56165,0.40,1.20
2008.03.20 07:30:37.912,1.56145,1.56165,0.40,1.20
2008.03.20 07:30:38.212,1.56145,1.56165,0.40,1.20
2008.03.20 07:30:38.512,1.5614,1.5616,0.40,0.20
2008.03.20 07:30:38.810,1.5614,1.5616,0.40,0.20
2008.03.20 07:30:39.108,1.5614,1.5616,0.40,0.20
2008.03.20 07:30:39.358,1.5614,1.5616,0.40,0.20
2008.03.20 07:30:39.607,1.5614,1.5616,0.40,0.20
2008.03.20 07:30:39.858,1.5614,1.5616,0.40,0.20
2008.03.20 07:30:40.104,1.5614,1.5616,0.40,0.20
2008.03.20 07:30:40.388,1.5614,1.5616,0.40,0.20
2008.03.20 07:30:40.673,1.5614,1.5616,0.40,0.20
2008.03.20 07:30:40.956,1.5614,1.5616,0.40,0.20
2008.03.20 07:30:41.254,1.5614,1.5616,0.40,0.20
2008.03.20 07:30:41.552,1.5614,1.5616,0.40,0.20
2008.03.20 07:30:41.851,1.5614,1.5616,0.40,0.20
2008.03.20 07:30:42.150,1.5614,1.5616,0.40,0.20
2008.03.20 07:30:42.394,1.5614,1.5616,0.40,0.20
2008.03.20 07:30:42.638,1.5614,1.5616,0.40,0.20
2008.03.20 07:30:42.883,1.5614,1.5616,0.40,0.20
2008.03.20 07:30:43.127,1.5614,1.5616,0.40,0.20
2008.03.20 07:30:43.401,1.5614,1.5616,0.40,0.20
2008.03.20 07:30:43.691,1.56135,1.56155,0.40,0.50
2008.03.20 07:30:43.953,1.56145,1.56155,0.40,0.20
2008.03.20 07:30:44.211,1.56135,1.5616,0.40,0.50
2008.03.20 07:30:44.470,1.5614,1.5616,0.40,0.20
2008.03.20 07:30:44.731,1.56135,1.5616,0.40,0.50
2008.03.20 07:30:45.000,1.56135,1.56155,0.40,0.30
2008.03.20 07:30:45.312,1.56135,1.56155,0.40,0.30
2008.03.20 07:30:45.617,1.5614,1.5616,0.40,0.20
2008.03.20 07:30:45.925,1.56145,1.5616,0.40,0.20
2008.03.20 07:30:46.227,1.56145,1.56165,0.40,1.20
2008.03.20 07:30:46.512,1.56145,1.56165,0.40,1.20
2008.03.20 07:30:46.796,1.56145,1.56165,0.40,1.20
2008.03.20 07:30:47.090,1.56145,1.56165,0.40,1.20
2008.03.20 07:30:47.371,1.56145,1.56165,0.40,1.20
2008.03.20 07:30:47.641,1.56145,1.56165,0.40,1.20
2008.03.20 07:30:47.909,1.56145,1.56165,0.40,1.20
2008.03.20 07:30:48.180,1.56145,1.56165,0.40,0.30
2008.03.20 07:30:48.464,1.56145,1.56165,0.40,0.30
2008.03.20 07:30:48.749,1.56145,1.56165,0.40,0.30
2008.03.20 07:30:49.033,1.56145,1.56165,0.40,0.30
2008.03.20 07:30:49.279,1.56145,1.56165,0.40,0.30
2008.03.20 07:30:49.523,1.56145,1.56165,0.40,0.30
2008.03.20 07:30:49.766,1.56145,1.56165,0.40,0.30
2008.03.20 07:30:50.012,1.56145,1.56165,0.40,0.30
2008.03.20 07:30:50.256,1.56145,1.56165,0.40,0.30
2008.03.20 07:30:50.576,1.5615,1.5617,0.40,0.30
2008.03.20 07:30:50.896,1.5615,1.5617,0.40,0.30
2008.03.20 07:30:51.216,1.5615,1.5617,0.40,0.30
2008.03.20 07:30:51.494,1.5615,1.5617,0.50,0.30
2008.03.20 07:30:51.784,1.5615,1.5617,0.50,0.30
2008.03.20 07:30:52.074,1.5615,1.5617,0.50,0.30
2008.03.20 07:30:52.311,1.5615,1.5617,0.50,0.30
2008.03.20 07:30:52.560,1.5615,1.5617,0.50,0.30
2008.03.20 07:30:52.809,1.5615,1.5617,0.50,0.30
2008.03.20 07:30:53.057,1.5615,1.5617,0.50,0.30
2008.03.20 07:30:53.308,1.56155,1.5617,0.30,0.30
2008.03.20 07:30:53.597,1.56155,1.5617,1.00,0.30
2008.03.20 07:30:53.887,1.56155,1.5617,1.00,0.30
2008.03.20 07:30:54.175,1.56155,1.5617,1.00,0.30
2008.03.20 07:30:54.448,1.56155,1.5617,1.00,0.30
2008.03.20 07:30:54.722,1.56155,1.5617,1.00,0.30
2008.03.20 07:30:54.996,1.56155,1.5617,1.00,0.30
2008.03.20 07:30:55.269,1.56155,1.5617,1.00,0.30
2008.03.20 07:30:55.533,1.56155,1.5617,1.00,0.30
2008.03.20 07:30:55.797,1.56155,1.5617,1.00,0.30
2008.03.20 07:30:56.062,1.56155,1.5617,1.00,0.30
2008.03.20 07:30:56.326,1.56155,1.5617,1.00,0.30
2008.03.20 07:30:56.619,1.56155,1.5617,1.00,0.30
2008.03.20 07:30:56.914,1.56155,1.5617,1.00,0.30
2008.03.20 07:30:57.208,1.56155,1.56175,1.30,0.30
2008.03.20 07:30:57.493,1.56155,1.56175,1.30,0.30
2008.03.20 07:30:57.780,1.56155,1.56175,1.30,0.30
2008.03.20 07:30:58.063,1.56155,1.56175,1.30,0.30
2008.03.20 07:30:58.348,1.5616,1.56175,0.60,0.30
2008.03.20 07:30:58.604,1.5616,1.56175,0.60,0.30
2008.03.20 07:30:58.859,1.5616,1.56175,0.30,0.30
2008.03.20 07:30:59.113,1.5616,1.56175,0.30,0.30
2008.03.20 07:30:59.367,1.5616,1.56175,0.30,0.30
2008.03.20 07:30:59.672,1.5616,1.56175,0.30,0.30
2008.03.20 07:30:59.976,1.5616,1.56175,0.30,0.30
2008.03.20 07:31:00.281,1.5616,1.56175,0.30,0.30
2008.03.20 07:31:00.560,1.56155,1.56175,0.40,0.30
2008.03.20 07:31:00.840,1.56155,1.56175,1.30,0.30
2008.03.20 07:31:01.119,1.56155,1.56175,1.30,0.30
2008.03.20 07:31:01.398,1.56155,1.56175,1.30,0.30
2008.03.20 07:31:01.697,1.56155,1.56175,1.30,0.30
2008.03.20 07:31:01.995,1.56155,1.56175,1.30,0.30
2008.03.20 07:31:02.294,1.56155,1.56175,1.30,0.30
2008.03.20 07:31:02.533,1.56155,1.56175,1.30,0.30
2008.03.20 07:31:02.773,1.56155,1.56175,1.30,0.30
2008.03.20 07:31:03.012,1.56155,1.56175,1.30,0.30
2008.03.20 07:31:03.253,1.56155,1.56175,0.40,0.30
2008.03.20 07:31:03.491,1.56155,1.56175,0.40,0.30
2008.03.20 07:31:03.801,1.56155,1.56175,1.30,0.30
2008.03.20 07:31:04.110,1.56155,1.56175,1.30,0.30
2008.03.20 07:31:04.423,1.5616,1.56175,0.30,0.30
2008.03.20 07:31:04.667,1.5616,1.56175,0.30,0.30
2008.03.20 07:31:04.910,1.5616,1.56175,0.30,0.30
2008.03.20 07:31:05.162,1.5616,1.5618,0.80,0.60
2008.03.20 07:31:05.416,1.5616,1.5618,0.80,0.60
2008.03.20 07:31:05.721,1.5617,1.5618,0.30,0.30
2008.03.20 07:31:06.038,1.5616,1.56175,8.40,0.30
2008.03.20 07:31:06.342,1.5616,1.56175,0.30,0.30
2008.03.20 07:31:06.637,1.5616,1.56175,0.30,0.30
2008.03.20 07:31:06.921,1.5616,1.56175,0.30,0.30
2008.03.20 07:31:07.205,1.5616,1.56175,0.30,0.30
2008.03.20 07:31:07.489,1.5616,1.56175,0.30,0.30
2008.03.20 07:31:07.753,1.5616,1.56175,0.30,0.30
2008.03.20 07:31:08.017,1.5616,1.56175,0.30,0.30
2008.03.20 07:31:08.281,1.5616,1.56175,0.30,0.30
2008.03.20 07:31:08.545,1.5616,1.56175,0.30,0.30
2008.03.20 07:31:08.819,1.5616,1.56175,0.30,0.30
2008.03.20 07:31:09.094,1.5616,1.56175,0.30,0.30
2008.03.20 07:31:09.368,1.5616,1.56175,0.30,0.30
2008.03.20 07:31:09.637,1.5616,1.56175,0.30,0.30
2008.03.20 07:31:09.907,1.5616,1.56175,0.30,0.30
2008.03.20 07:31:10.176,1.5616,1.56175,0.30,0.30
2008.03.20 07:31:10.446,1.5616,1.56175,0.30,0.30
2008.03.20 07:31:10.737,1.5616,1.56175,8.20,0.30
2008.03.20 07:31:11.017,1.5616,1.56175,8.40,0.30
2008.03.20 07:31:11.296,1.5616,1.56175,0.30,0.30
2008.03.20 07:31:11.575,1.5616,1.56175,0.30,0.30
2008.03.20 07:31:11.911,1.5616,1.56175,0.30,0.30
2008.03.20 07:31:12.235,1.5616,1.56175,0.30,0.30
2008.03.20 07:31:12.559,1.5616,1.56175,0.30,0.30
2008.03.20 07:31:12.784,1.5616,1.56175,0.30,0.30
2008.03.20 07:31:13.010,1.5616,1.56175,0.30,0.30
2008.03.20 07:31:13.236,1.56165,1.5618,0.30,0.30
2008.03.20 07:31:13.460,1.56155,1.5616,8.40,0.30
2008.03.20 07:31:13.766,1.56155,1.5617,4.00,0.40
2008.03.20 07:31:14.071,1.5615,1.5617,0.50,0.60
2008.03.20 07:31:14.377,1.56155,1.56175,1.10,1.00
2008.03.20 07:31:14.682,1.56155,1.56175,0.40,0.30
2008.03.20 07:31:14.961,1.56155,1.56175,0.50,0.30
2008.03.20 07:31:15.240,1.56155,1.56175,1.30,0.30
2008.03.20 07:31:15.521,1.56155,1.56175,1.30,0.30
2008.03.20 07:31:15.790,1.56155,1.56175,1.30,0.30
2008.03.20 07:31:16.058,1.56155,1.56175,1.30,0.30
2008.03.20 07:31:16.327,1.56155,1.56175,1.30,0.30
2008.03.20 07:31:16.597,1.56155,1.56175,1.30,0.30
2008.03.20 07:31:16.897,1.56155,1.56175,1.30,0.30
2008.03.20 07:31:17.195,1.56155,1.56175,1.30,0.30
2008.03.20 07:31:17.494,1.56155,1.56175,1.30,0.30
2008.03.20 07:31:17.794,1.56155,1.56175,1.30,0.30
2008.03.20 07:31:18.050,1.56155,1.56175,1.30,0.30
2008.03.20 07:31:18.307,1.5616,1.5618,0.50,0.30
2008.03.20 07:31:18.561,1.5616,1.5618,0.50,0.30
2008.03.20 07:31:18.856,1.5616,1.5618,0.50,0.30
2008.03.20 07:31:19.164,1.5616,1.5618,0.50,0.30
2008.03.20 07:31:19.469,1.5616,1.5618,0.50,0.30
2008.03.20 07:31:19.775,1.5616,1.5618,0.50,0.30
2008.03.20 07:31:20.018,1.5616,1.5618,0.50,0.30
2008.03.20 07:31:20.267,1.5616,1.5618,0.50,0.30
2008.03.20 07:31:20.516,1.5616,1.5618,0.50,0.30
2008.03.20 07:31:20.768,1.5616,1.56165,0.30,0.30
2008.03.20 07:31:21.102,1.56155,1.5617,4.00,0.30
2008.03.20 07:31:21.449,1.56155,1.5617,12.30,0.40
2008.03.20 07:31:21.772,1.5616,1.5617,0.40,0.40
2008.03.20 07:31:22.019,1.5616,1.5618,0.50,0.60
2008.03.20 07:31:22.264,1.5616,1.5618,0.50,0.60
2008.03.20 07:31:22.512,1.5616,1.5618,0.50,0.60
2008.03.20 07:31:22.757,1.56165,1.5618,0.40,0.40
2008.03.20 07:31:23.077,1.5617,1.5618,0.30,0.40
2008.03.20 07:31:23.389,1.5617,1.5618,0.30,0.40
2008.03.20 07:31:23.716,1.5617,1.56185,0.30,1.00
2008.03.20 07:31:24.031,1.5617,1.5618,0.30,0.40
2008.03.20 07:31:24.306,1.5617,1.5618,0.30,0.40
2008.03.20 07:31:24.580,1.5617,1.56185,0.50,0.80
2008.03.20 07:31:24.850,1.5617,1.5619,0.50,0.60
2008.03.20 07:31:25.122,1.5617,1.5619,0.50,0.60
2008.03.20 07:31:25.393,1.5617,1.5619,0.50,0.60
2008.03.20 07:31:25.662,1.5617,1.5619,0.50,0.60
2008.03.20 07:31:25.948,1.5618,1.56195,0.30,1.00
2008.03.20 07:31:26.268,1.56175,1.56195,1.30,0.30
2008.03.20 07:31:26.589,1.56175,1.562,8.30,0.60
2008.03.20 07:31:26.912,1.56175,1.56195,0.40,0.30
2008.03.20 07:31:27.210,1.56175,1.56195,0.40,0.30
2008.03.20 07:31:27.494,1.56195,1.562,0.40,0.40
2008.03.20 07:31:27.781,1.562,1.56205,0.30,4.00
2008.03.20 07:31:28.068,1.562,1.56215,0.30,1.00
2008.03.20 07:31:28.322,1.5621,1.56215,0.30,0.80
2008.03.20 07:31:28.577,1.5621,1.56225,8.80,0.80
2008.03.20 07:31:28.832,1.5621,1.56225,8.80,0.80
2008.03.20 07:31:29.087,1.5621,1.56225,0.80,0.80
2008.03.20 07:31:29.402,1.5621,1.5623,0.80,0.60
2008.03.20 07:31:29.716,1.5621,1.5623,0.80,0.60
2008.03.20 07:31:30.031,1.5621,1.56225,0.30,0.30
2008.03.20 07:31:30.285,1.5621,1.56225,0.30,1.00
2008.03.20 07:31:30.542,1.5621,1.5622,0.30,0.40
2008.03.20 07:31:30.796,1.56205,1.56225,0.40,1.00
2008.03.20 07:31:31.051,1.56205,1.56215,1.00,0.30
2008.03.20 07:31:31.376,1.56205,1.56215,0.30,0.30
2008.03.20 07:31:31.714,1.56195,1.56205,0.30,0.30
2008.03.20 07:31:32.041,1.5621,1.5622,8.00,0.60
2008.03.20 07:31:32.368,1.56215,1.56225,1.30,4.00
2008.03.20 07:31:32.641,1.5622,1.56225,0.30,0.30
2008.03.20 07:31:32.901,1.5621,1.56225,1.30,0.80
2008.03.20 07:31:33.161,1.5621,1.56225,9.60,0.80
2008.03.20 07:31:33.446,1.5621,1.5623,8.50,0.70
2008.03.20 07:31:33.731,1.5621,1.56225,0.50,0.90
2008.03.20 07:31:34.017,1.562,1.5622,0.50,0.50
2008.03.20 07:31:34.303,1.56195,1.5622,4.30,0.50
2008.03.20 07:31:34.594,1.56195,1.56215,0.40,0.30
2008.03.20 07:31:34.894,1.56185,1.56205,4.30,0.30
2008.03.20 07:31:35.190,1.56195,1.56215,0.40,0.30
2008.03.20 07:31:35.479,1.5623,1.56235,0.40,24.80
2008.03.20 07:31:35.789,1.5624,1.56245,0.80,0.80
2008.03.20 07:31:36.099,1.5624,1.56245,0.30,0.80
2008.03.20 07:31:36.409,1.5624,1.5625,0.30,1.10
2008.03.20 07:31:36.669,1.5624,1.5625,0.30,1.10
2008.03.20 07:31:36.930,1.56225,1.5623,4.00,0.30
2008.03.20 07:31:37.192,1.5622,1.5623,0.30,0.30
2008.03.20 07:31:37.451,1.56215,1.5623,4.00,0.30
2008.03.20 07:31:37.753,1.5621,1.5623,0.50,0.60
2008.03.20 07:31:38.052,1.5621,1.5623,0.50,0.60
2008.03.20 07:31:38.364,1.56205,1.5622,8.00,0.30
2008.03.20 07:31:38.661,1.562,1.5622,0.50,0.30
2008.03.20 07:31:38.947,1.562,1.5622,0.50,0.30
2008.03.20 07:31:39.230,1.5622,1.56225,0.40,0.90
2008.03.20 07:31:39.514,1.56225,1.56235,0.40,10.40
2008.03.20 07:31:39.784,1.5623,1.56235,0.50,4.00
2008.03.20 07:31:40.055,1.5624,1.5625,0.30,0.80
2008.03.20 07:31:40.325,1.5624,1.56255,0.30,0.30
2008.03.20 07:31:40.596,1.5625,1.5626,0.40,0.80
2008.03.20 07:31:40.896,1.5625,1.5626,0.30,1.00
2008.03.20 07:31:41.193,1.5624,1.5625,0.30,0.30
2008.03.20 07:31:41.488,1.5623,1.56245,0.30,0.30
2008.03.20 07:31:41.763,1.5623,1.56255,0.40,5.20
2008.03.20 07:31:42.039,1.56225,1.56245,1.90,0.30
2008.03.20 07:31:42.327,1.5624,1.56255,0.40,4.00
2008.03.20 07:31:42.602,1.56235,1.56245,4.00,0.30
2008.03.20 07:31:42.890,1.56225,1.56245,0.50,0.30
2008.03.20 07:31:43.173,1.56225,1.56245,0.50,0.30
2008.03.20 07:31:43.457,1.56225,1.56245,0.50,13.00
2008.03.20 07:31:43.743,1.56225,1.5623,0.30,0.30
2008.03.20 07:31:44.048,1.5621,1.5623,0.80,0.30
2008.03.20 07:31:44.352,1.5621,1.5623,0.50,0.60
2008.03.20 07:31:44.656,1.56205,1.56225,0.40,0.30
2008.03.20 07:31:44.907,1.562,1.5622,0.80,0.30
2008.03.20 07:31:45.156,1.562,1.5622,0.50,0.30
2008.03.20 07:31:45.384,1.562,1.5622,0.50,0.60
2008.03.20 07:31:45.636,1.562,1.5622,0.80,0.30
2008.03.20 07:31:45.961,1.5621,1.5623,0.40,1.50
2008.03.20 07:31:46.274,1.5621,1.5623,0.50,0.70
2008.03.20 07:31:46.603,1.5621,1.5623,0.50,0.70
2008.03.20 07:31:46.847,1.5621,1.5623,0.50,0.50
2008.03.20 07:31:47.092,1.5621,1.56225,0.30,0.30
2008.03.20 07:31:47.336,1.5621,1.56225,0.30,0.30
2008.03.20 07:31:47.580,1.5621,1.56225,0.30,0.30
2008.03.20 07:31:47.880,1.5621,1.56225,0.30,0.30
2008.03.20 07:31:48.179,1.5621,1.56225,0.30,0.30
2008.03.20 07:31:48.477,1.5621,1.56225,0.30,0.30
2008.03.20 07:31:48.786,1.5621,1.56225,0.30,0.30
2008.03.20 07:31:49.056,1.5621,1.56225,0.30,0.30
2008.03.20 07:31:49.329,1.5621,1.5623,0.50,0.30
2008.03.20 07:31:49.577,1.5621,1.5623,0.50,0.30
2008.03.20 07:31:49.836,1.5621,1.56225,0.30,0.30
2008.03.20 07:31:50.095,1.5621,1.56225,0.30,0.30
2008.03.20 07:31:50.355,1.5621,1.56225,0.30,0.30
2008.03.20 07:31:50.614,1.56205,1.56225,0.40,0.30
2008.03.20 07:31:50.950,1.56205,1.56225,0.40,0.30
2008.03.20 07:31:51.262,1.562,1.5622,0.50,0.30
2008.03.20 07:31:51.587,1.56205,1.56225,0.40,0.30
2008.03.20 07:31:51.912,1.56205,1.56225,0.40,0.30
2008.03.20 07:31:52.141,1.56205,1.56225,0.40,0.50
2008.03.20 07:31:52.369,1.56205,1.56225,0.40,1.20
2008.03.20 07:31:52.600,1.56205,1.5622,0.40,0.80
2008.03.20 07:31:52.830,1.56195,1.56205,4.30,4.00
2008.03.20 07:31:53.164,1.5619,1.56195,0.30,0.30
2008.03.20 07:31:53.500,1.5618,1.5619,0.30,0.40
2008.03.20 07:31:53.835,1.5618,1.5619,0.30,0.40
2008.03.20 07:31:54.055,1.5618,1.5619,0.30,0.40
2008.03.20 07:31:54.275,1.5618,1.5619,0.30,0.40
2008.03.20 07:31:54.493,1.5618,1.5619,0.30,0.40
2008.03.20 07:31:54.712,1.5618,1.5619,0.30,0.40
2008.03.20 07:31:55.027,1.5618,1.56195,0.30,0.30
2008.03.20 07:31:55.343,1.5618,1.562,0.50,0.70
2008.03.20 07:31:55.656,1.5618,1.562,0.50,0.70
2008.03.20 07:31:55.970,1.5618,1.562,0.50,0.60
2008.03.20 07:31:56.259,1.5618,1.562,0.50,0.60
2008.03.20 07:31:56.549,1.5618,1.562,0.50,0.60
2008.03.20 07:31:56.839,1.5618,1.562,0.50,0.60
2008.03.20 07:31:57.077,1.5618,1.562,0.50,0.60
2008.03.20 07:31:57.317,1.5618,1.562,0.50,0.60
2008.03.20 07:31:57.556,1.5618,1.562,0.50,0.60
2008.03.20 07:31:57.795,1.5618,1.562,0.50,0.60
2008.03.20 07:31:58.090,1.5618,1.562,0.50,0.60
2008.03.20 07:31:58.385,1.5618,1.562,0.50,0.30
2008.03.20 07:31:58.679,1.5618,1.562,0.50,0.30
2008.03.20 07:31:58.975,1.5618,1.562,0.50,0.60
2008.03.20 07:31:59.245,1.5618,1.562,0.50,0.60
2008.03.20 07:31:59.516,1.5618,1.562,0.50,0.60
2008.03.20 07:31:59.785,1.5618,1.562,0.50,0.60
2008.03.20 07:32:00.049,1.5618,1.562,0.50,0.60
2008.03.20 07:32:00.313,1.5618,1.562,0.50,0.60
2008.03.20 07:32:00.578,1.5618,1.562,0.50,0.60
2008.03.20 07:32:00.842,1.5618,1.562,0.50,0.60
2008.03.20 07:32:01.157,1.5618,1.562,0.50,0.30
2008.03.20 07:32:01.471,1.5618,1.562,0.50,0.30
2008.03.20 07:32:03.079,1.5618,1.562,0.50,0.70
2008.03.20 07:32:03.178,1.5618,1.562,0.50,0.70
2008.03.20 07:32:03.277,1.5618,1.562,0.50,0.70
2008.03.20 07:32:03.391,1.5618,1.562,0.50,0.70
2008.03.20 07:32:03.498,1.5618,1.562,0.50,0.70
2008.03.20 07:32:03.597,1.5618,1.562,0.50,0.70
2008.03.20 07:32:03.696,1.5618,1.562,0.50,0.70
2008.03.20 07:32:03.797,1.5618,1.562,0.50,0.70
2008.03.20 07:32:03.906,1.5618,1.562,0.50,0.70
2008.03.20 07:32:04.004,1.5618,1.562,0.50,0.70
2008.03.20 07:32:04.102,1.5618,1.562,0.50,0.70
2008.03.20 07:32:04.436,1.5618,1.562,0.50,0.70
2008.03.20 07:32:04.771,1.5618,1.562,0.50,0.70
2008.03.20 07:32:05.105,1.5618,1.562,0.50,0.70
2008.03.20 07:32:05.334,1.5618,1.562,0.50,0.70
2008.03.20 07:32:05.576,1.5618,1.562,0.50,0.30
2008.03.20 07:32:05.811,1.5618,1.562,0.50,0.70
2008.03.20 07:32:06.052,1.5618,1.562,0.50,0.70
2008.03.20 07:32:06.283,1.5618,1.562,0.50,0.60
2008.03.20 07:32:06.619,1.5618,1.562,0.50,0.60
2008.03.20 07:32:06.953,1.56185,1.562,4.00,0.30
2008.03.20 07:32:07.288,1.5619,1.56205,0.30,0.30
2008.03.20 07:32:07.524,1.56185,1.56205,4.00,0.30
2008.03.20 07:32:07.761,1.56185,1.56205,4.00,0.30
2008.03.20 07:32:08.002,1.56185,1.56205,4.00,0.30
2008.03.20 07:32:08.237,1.56185,1.56205,4.00,0.30
2008.03.20 07:32:08.542,1.56185,1.56205,4.00,0.30
2008.03.20 07:32:08.847,1.56185,1.56205,4.00,0.30
2008.03.20 07:32:09.152,1.56185,1.56205,4.00,0.30
2008.03.20 07:32:09.459,1.5618,1.56205,0.80,0.30
2008.03.20 07:32:09.752,1.5618,1.56205,0.80,0.30
2008.03.20 07:32:10.047,1.5618,1.562,0.80,0.60
2008.03.20 07:32:10.358,1.5618,1.562,0.80,0.60
2008.03.20 07:32:10.615,1.5618,1.562,0.80,0.60
2008.03.20 07:32:10.881,1.5618,1.562,0.80,0.60
2008.03.20 07:32:11.156,1.5618,1.562,0.80,0.60
2008.03.20 07:32:11.430,1.5618,1.562,0.80,0.60
2008.03.20 07:32:11.733,1.5618,1.562,0.80,0.60
2008.03.20 07:32:12.056,1.5618,1.562,0.80,0.60
2008.03.20 07:32:12.370,1.5618,1.562,0.80,0.60
2008.03.20 07:32:12.610,1.5618,1.562,0.80,0.60
2008.03.20 07:32:12.849,1.5618,1.562,0.80,0.30
2008.03.20 07:32:13.089,1.5618,1.562,0.80,0.30
2008.03.20 07:32:13.329,1.5618,1.562,0.80,0.30
2008.03.20 07:32:13.659,1.5618,1.562,0.80,0.30
2008.03.20 07:32:13.990,1.56195,1.5621,1.60,1.00
2008.03.20 07:32:14.320,1.5619,1.5621,0.30,1.00
2008.03.20 07:32:14.649,1.56195,1.5621,1.10,0.80
2008.03.20 07:32:14.899,1.562,1.5621,0.50,0.80
2008.03.20 07:32:15.150,1.562,1.5622,0.80,1.40
2008.03.20 07:32:15.413,1.56205,1.56225,0.50,0.30
2008.03.20 07:32:15.710,1.5621,1.56225,0.30,0.30
2008.03.20 07:32:16.016,1.5621,1.56225,0.30,0.30
2008.03.20 07:32:16.310,1.5621,1.56225,0.30,0.30
2008.03.20 07:32:16.610,1.5621,1.56225,0.30,0.30
2008.03.20 07:32:16.904,1.5621,1.56225,0.30,0.30
2008.03.20 07:32:17.199,1.5621,1.56225,0.30,0.30
2008.03.20 07:32:17.494,1.5622,1.56235,0.40,4.00
2008.03.20 07:32:17.754,1.5623,1.56235,0.30,4.00
2008.03.20 07:32:18.014,1.5623,1.5624,0.30,1.00
2008.03.20 07:32:18.275,1.5623,1.5624,0.30,1.40
2008.03.20 07:32:18.534,1.5623,1.5625,0.30,1.40
2008.03.20 07:32:18.832,1.5623,1.5625,0.50,1.00
2008.03.20 07:32:19.127,1.5623,1.5625,0.50,0.30
2008.03.20 07:32:19.424,1.5623,1.5625,0.40,0.30
2008.03.20 07:32:19.720,1.5624,1.5625,0.30,0.30
2008.03.20 07:32:20.014,1.5623,1.5625,0.80,0.60
2008.03.20 07:32:20.302,1.5623,1.5625,0.80,0.60
2008.03.20 07:32:20.604,1.5623,1.5625,0.80,0.60
2008.03.20 07:32:20.864,1.5624,1.5625,0.30,0.30
2008.03.20 07:32:21.124,1.5623,1.5625,0.80,0.60
2008.03.20 07:32:21.384,1.5623,1.5625,0.80,0.60
2008.03.20 07:32:21.644,1.5623,1.5625,0.80,0.60
2008.03.20 07:32:21.960,1.5623,1.5624,0.30,0.30
2008.03.20 07:32:22.276,1.5622,1.5624,0.50,0.30
2008.03.20 07:32:22.591,1.56225,1.5624,0.30,0.30
2008.03.20 07:32:22.866,1.5623,1.5624,0.30,0.30
2008.03.20 07:32:23.141,1.5623,1.56245,0.30,0.30
2008.03.20 07:32:23.427,1.5623,1.5625,0.50,0.30
2008.03.20 07:32:23.697,1.5623,1.5625,0.50,0.30
2008.03.20 07:32:23.971,1.5623,1.5625,0.50,0.30
2008.03.20 07:32:24.246,1.5623,1.5625,0.50,0.30
2008.03.20 07:32:24.521,1.5623,1.5625,0.50,0.30
2008.03.20 07:32:24.795,1.5623,1.5625,0.50,0.30
2008.03.20 07:32:25.092,1.56235,1.56245,0.30,0.30
2008.03.20 07:32:25.388,1.5623,1.56245,0.30,0.30
2008.03.20 07:32:25.683,1.5623,1.56245,0.30,0.30
2008.03.20 07:32:25.979,1.56225,1.5624,0.30,0.30
2008.03.20 07:32:26.274,1.56225,1.56245,0.50,0.30
2008.03.20 07:32:26.581,1.5623,1.56245,0.30,0.30
2008.03.20 07:32:26.875,1.5623,1.56245,0.30,0.30
2008.03.20 07:32:27.160,1.5623,1.56245,0.30,0.30
2008.03.20 07:32:27.440,1.5623,1.56245,0.30,0.30
2008.03.20 07:32:27.719,1.5623,1.56245,0.30,0.30
2008.03.20 07:32:27.992,1.5623,1.5624,0.30,0.30
2008.03.20 07:32:28.264,1.56225,1.56245,0.50,0.30
2008.03.20 07:32:28.544,1.5623,1.56245,0.30,0.30
2008.03.20 07:32:28.825,1.5623,1.56245,0.30,0.30
2008.03.20 07:32:29.118,1.5623,1.56245,0.30,0.30
2008.03.20 07:32:29.414,1.5624,1.56255,0.30,4.20
2008.03.20 07:32:29.711,1.5624,1.56255,0.30,0.30
2008.03.20 07:32:29.984,1.5624,1.56255,0.30,4.20
2008.03.20 07:32:30.259,1.56235,1.5625,0.30,0.30
2008.03.20 07:32:30.534,1.5623,1.5625,0.80,0.30
2008.03.20 07:32:30.809,1.5623,1.5625,0.80,0.30
2008.03.20 07:32:31.114,1.5623,1.5625,0.60,0.30
2008.03.20 07:32:31.418,1.5623,1.56245,0.30,0.30
2008.03.20 07:32:31.728,1.56225,1.56245,0.50,0.30
2008.03.20 07:32:32.006,1.56225,1.5625,0.50,0.30
2008.03.20 07:32:32.269,1.56225,1.5625,0.50,0.30
2008.03.20 07:32:32.533,1.56225,1.5625,0.50,0.30
2008.03.20 07:32:32.798,1.56225,1.5625,0.50,0.30
2008.03.20 07:32:33.087,1.5624,1.56255,0.40,4.00
2008.03.20 07:32:33.379,1.5624,1.5625,0.30,0.30
2008.03.20 07:32:33.668,1.5623,1.56245,0.60,0.30
2008.03.20 07:32:33.961,1.56225,1.56235,4.00,0.30
2008.03.20 07:32:34.267,1.5622,1.56235,0.30,0.30
2008.03.20 07:32:34.574,1.5623,1.5624,0.30,0.30
2008.03.20 07:32:34.877,1.5624,1.56255,0.40,4.00
2008.03.20 07:32:35.133,1.5623,1.56245,0.30,0.30
2008.03.20 07:32:35.379,1.56225,1.56245,0.50,0.30
2008.03.20 07:32:35.622,1.56225,1.56245,0.50,0.30
2008.03.20 07:32:35.866,1.56225,1.56245,0.50,0.30
2008.03.20 07:32:36.195,1.56225,1.5625,0.50,0.60
2008.03.20 07:32:36.524,1.56235,1.5625,0.30,0.30
2008.03.20 07:32:36.855,1.5624,1.5625,0.30,0.30
2008.03.20 07:32:37.103,1.5624,1.5625,0.30,0.30
2008.03.20 07:32:37.353,1.5624,1.5625,0.30,0.60
2008.03.20 07:32:37.603,1.5624,1.5625,0.30,0.30
2008.03.20 07:32:37.853,1.5624,1.5625,0.30,0.30
2008.03.20 07:32:38.153,1.5624,1.5625,0.30,0.30
2008.03.20 07:32:38.453,1.5623,1.56245,0.60,0.30
2008.03.20 07:32:38.752,1.56225,1.56245,4.50,0.30
2008.03.20 07:32:39.052,1.5623,1.5625,0.30,0.30
2008.03.20 07:32:39.326,1.56235,1.56255,0.30,4.20
2008.03.20 07:32:39.603,1.5624,1.5626,0.50,0.80
2008.03.20 07:32:39.877,1.5624,1.5625,0.30,0.30
2008.03.20 07:32:40.150,1.5624,1.5625,0.30,0.30
2008.03.20 07:32:40.420,1.5624,1.5625,0.30,0.30
2008.03.20 07:32:40.690,1.5624,1.5625,0.30,0.30
2008.03.20 07:32:40.958,1.5624,1.5625,0.30,0.30
2008.03.20 07:32:41.228,1.5624,1.5625,0.30,0.30
2008.03.20 07:32:41.532,1.5624,1.5625,0.30,0.30
2008.03.20 07:32:41.837,1.5624,1.5625,0.50,0.40
2008.03.20 07:32:42.143,1.5624,1.5626,0.40,0.60
2008.03.20 07:32:42.447,1.5624,1.56255,0.30,0.30
2008.03.20 07:32:42.712,1.56235,1.5625,0.30,0.30
2008.03.20 07:32:42.987,1.56225,1.5625,4.50,0.30
2008.03.20 07:32:43.251,1.56225,1.5625,4.30,0.70
2008.03.20 07:32:43.515,1.56225,1.56245,4.00,0.30
2008.03.20 07:32:43.800,1.56225,1.56245,4.00,0.30
2008.03.20 07:32:44.085,1.5623,1.5625,0.40,0.70
2008.03.20 07:32:44.369,1.5623,1.5625,0.40,0.70
2008.03.20 07:32:44.660,1.56225,1.56245,4.00,0.30
2008.03.20 07:32:44.950,1.56225,1.56245,4.00,0.30
2008.03.20 07:32:45.219,1.56225,1.56245,4.00,0.30
2008.03.20 07:32:45.498,1.5623,1.5625,0.40,0.60
2008.03.20 07:32:45.762,1.5623,1.5625,0.40,0.60
2008.03.20 07:32:46.026,1.5623,1.5625,0.40,0.60
2008.03.20 07:32:46.290,1.5623,1.5625,0.40,0.60
2008.03.20 07:32:46.554,1.5623,1.5625,0.40,0.30
2008.03.20 07:32:46.853,1.5623,1.5625,0.40,0.30
2008.03.20 07:32:47.153,1.5623,1.5625,0.40,0.30
2008.03.20 07:32:47.452,1.5623,1.5625,0.40,0.30
2008.03.20 07:32:47.752,1.5623,1.5625,0.40,0.30
2008.03.20 07:32:47.992,1.5623,1.5625,0.40,0.30
2008.03.20 07:32:48.231,1.5623,1.5625,0.40,0.30
2008.03.20 07:32:48.483,1.5623,1.5625,0.40,0.60
2008.03.20 07:32:48.779,1.5623,1.5625,0.40,0.60
2008.03.20 07:32:49.074,1.56225,1.5625,4.30,0.60
2008.03.20 07:32:49.368,1.56225,1.56245,4.30,0.20
2008.03.20 07:32:49.663,1.5623,1.5625,0.40,0.50
2008.03.20 07:32:49.943,1.5623,1.5625,0.40,0.50
2008.03.20 07:32:50.222,1.5623,1.5625,0.40,0.50
2008.03.20 07:32:50.502,1.5623,1.5625,0.40,0.50
2008.03.20 07:32:50.782,1.56225,1.56245,4.00,0.50
2008.03.20 07:32:51.062,1.56215,1.5624,4.30,0.30
2008.03.20 07:32:51.342,1.56215,1.56235,4.00,0.30
2008.03.20 07:32:51.621,1.5622,1.5624,0.40,0.30
2008.03.20 07:32:51.920,1.5622,1.5624,0.40,0.30
2008.03.20 07:32:52.218,1.5622,1.5624,0.40,0.30
2008.03.20 07:32:52.518,1.56215,1.5622,4.00,0.40
2008.03.20 07:32:52.768,1.5622,1.5623,0.40,0.80
2008.03.20 07:32:53.016,1.56215,1.5623,4.30,0.80
2008.03.20 07:32:53.281,1.56215,1.56235,4.30,0.50
2008.03.20 07:32:53.515,1.56215,1.56235,0.40,0.50
2008.03.20 07:32:53.764,1.56215,1.56235,0.40,0.50
2008.03.20 07:32:54.054,1.56215,1.56235,0.40,0.50
2008.03.20 07:32:54.344,1.56215,1.56235,0.40,0.50
2008.03.20 07:32:54.632,1.56215,1.56235,0.40,0.50
2008.03.20 07:32:54.921,1.56215,1.56235,0.40,0.50
2008.03.20 07:32:55.211,1.56215,1.56235,0.40,0.50
2008.03.20 07:32:55.499,1.56215,1.56235,0.40,0.50
2008.03.20 07:32:55.787,1.56215,1.56235,0.40,0.50
2008.03.20 07:32:56.046,1.56215,1.56235,0.40,0.50
2008.03.20 07:32:56.305,1.56215,1.56235,0.40,0.50
2008.03.20 07:32:56.565,1.56215,1.56235,0.40,0.50
2008.03.20 07:32:56.825,1.56215,1.56235,0.40,0.50
2008.03.20 07:32:57.158,1.56215,1.56235,0.40,0.50
2008.03.20 07:32:57.494,1.56215,1.5623,0.40,0.60
2008.03.20 07:32:57.827,1.56215,1.5623,0.40,0.60
2008.03.20 07:32:58.047,1.56215,1.5623,0.40,0.60
2008.03.20 07:32:58.266,1.56215,1.5623,0.40,0.60
2008.03.20 07:32:58.486,1.5621,1.56225,0.40,0.20
2008.03.20 07:32:58.705,1.5621,1.56225,0.40,0.20
2008.03.20 07:32:59.029,1.5621,1.56225,0.40,0.20
2008.03.20 07:32:59.347,1.5621,1.56225,0.40,0.20
2008.03.20 07:32:59.671,1.5621,1.56225,0.40,0.20
2008.03.20 07:32:59.925,1.5621,1.56225,0.40,0.20
2008.03.20 07:33:00.191,1.5621,1.56225,0.40,0.20
2008.03.20 07:33:00.455,1.5621,1.56225,0.40,0.20
2008.03.20 07:33:00.718,1.5621,1.56225,0.40,0.20
2008.03.20 07:33:00.988,1.56205,1.56225,4.30,0.50
2008.03.20 07:33:01.257,1.56205,1.56225,0.40,0.50
2008.03.20 07:33:01.529,1.56205,1.56225,0.40,0.50
2008.03.20 07:33:01.798,1.56205,1.56225,0.40,0.50
2008.03.20 07:33:02.112,1.56205,1.56225,0.40,0.50
2008.03.20 07:33:02.427,1.56205,1.56225,0.40,0.50
2008.03.20 07:33:02.742,1.56205,1.56225,0.40,0.50
2008.03.20 07:33:02.953,1.562,1.5622,0.50,0.30
2008.03.20 07:33:03.171,1.562,1.5622,0.50,0.30
2008.03.20 07:33:03.393,1.56195,1.56215,4.30,0.30
2008.03.20 07:33:03.590,1.56195,1.56215,0.40,0.30
2008.03.20 07:33:03.798,1.56195,1.56215,0.40,0.30
2008.03.20 07:33:04.134,1.56195,1.56215,0.40,0.30
2008.03.20 07:33:04.466,1.56195,1.56215,0.40,0.30
2008.03.20 07:33:04.800,1.5619,1.5621,0.40,0.30
2008.03.20 07:33:05.025,1.5619,1.5621,0.40,0.50
2008.03.20 07:33:05.250,1.56185,1.562,4.00,0.30
2008.03.20 07:33:05.475,1.5619,1.562,0.30,0.30
2008.03.20 07:33:05.700,1.5619,1.562,0.30,0.30
2008.03.20 07:33:05.936,1.5618,1.562,0.40,0.30
2008.03.20 07:33:06.260,1.5618,1.562,0.40,0.60
2008.03.20 07:33:06.595,1.5618,1.562,0.40,0.60
2008.03.20 07:33:06.930,1.56185,1.56205,4.00,0.50
2008.03.20 07:33:07.145,1.56185,1.56205,4.00,0.50
2008.03.20 07:33:07.360,1.56185,1.562,4.00,0.60
2008.03.20 07:33:07.574,1.56185,1.562,4.00,0.60
2008.03.20 07:33:07.789,1.56185,1.562,4.00,0.60
2008.03.20 07:33:08.007,1.56185,1.562,4.00,0.60
2008.03.20 07:33:08.334,1.56185,1.562,4.00,0.60
2008.03.20 07:33:08.658,1.56185,1.562,4.00,0.60
2008.03.20 07:33:08.963,1.56185,1.562,4.00,0.60
2008.03.20 07:33:09.207,1.56185,1.562,4.00,0.60
2008.03.20 07:33:09.450,1.56185,1.562,4.00,0.60
2008.03.20 07:33:09.694,1.56185,1.562,4.00,0.60
2008.03.20 07:33:09.938,1.56185,1.562,4.00,0.60
2008.03.20 07:33:10.213,1.56185,1.562,4.00,0.60
2008.03.20 07:33:10.486,1.56185,1.562,4.00,0.60
2008.03.20 07:33:10.760,1.56185,1.562,4.00,0.60
2008.03.20 07:33:11.034,1.56185,1.562,4.00,0.60
2008.03.20 07:33:11.323,1.56185,1.562,4.00,0.60
2008.03.20 07:33:11.612,1.56185,1.562,4.00,0.60
2008.03.20 07:33:11.900,1.56185,1.562,4.00,0.60
2008.03.20 07:33:12.144,1.56185,1.562,4.00,0.60
2008.03.20 07:33:12.390,1.56185,1.562,4.00,0.60
2008.03.20 07:33:12.634,1.56185,1.562,4.00,0.60
2008.03.20 07:33:12.878,1.56185,1.562,4.00,0.60
2008.03.20 07:33:13.123,1.56185,1.562,4.00,0.60
2008.03.20 07:33:13.429,1.5619,1.56205,0.40,0.20
2008.03.20 07:33:13.734,1.56185,1.56205,4.30,0.50
2008.03.20 07:33:14.040,1.5619,1.56205,0.40,0.20
2008.03.20 07:33:14.283,1.5619,1.56205,0.40,0.20
2008.03.20 07:33:14.528,1.5619,1.56205,0.40,0.20
2008.03.20 07:33:14.784,1.5619,1.5621,0.40,0.70
2008.03.20 07:33:15.027,1.5619,1.5621,0.40,0.70
2008.03.20 07:33:15.362,1.5619,1.5621,0.50,0.30
2008.03.20 07:33:15.698,1.562,1.5622,0.40,0.30
2008.03.20 07:33:16.034,1.56205,1.56225,0.40,4.00
2008.03.20 07:33:16.305,1.56195,1.56215,4.50,0.30
2008.03.20 07:33:16.577,1.56195,1.56215,0.50,0.30
2008.03.20 07:33:16.848,1.562,1.56215,0.30,0.30
2008.03.20 07:33:17.117,1.562,1.56215,0.30,0.30
2008.03.20 07:33:17.383,1.56195,1.56215,0.50,0.30
2008.03.20 07:33:17.647,1.56195,1.56215,0.50,0.30
2008.03.20 07:33:17.911,1.56195,1.56215,0.50,0.30
2008.03.20 07:33:18.176,1.56195,1.56215,0.50,0.30
2008.03.20 07:33:18.472,1.56195,1.5621,0.30,0.30
2008.03.20 07:33:18.768,1.56205,1.56215,0.40,4.00
2008.03.20 07:33:19.063,1.56195,1.56215,0.50,4.00
2008.03.20 07:33:19.339,1.562,1.56215,0.30,4.20
2008.03.20 07:33:19.612,1.56205,1.56225,0.40,4.20
2008.03.20 07:33:19.888,1.56205,1.56225,0.50,0.30
2008.03.20 07:33:20.174,1.56205,1.5622,0.30,0.30
2008.03.20 07:33:20.454,1.56205,1.5622,0.30,0.30
2008.03.20 07:33:20.735,1.56205,1.5623,0.50,0.30
2008.03.20 07:33:21.015,1.56205,1.5623,0.50,0.30
2008.03.20 07:33:21.334,1.56215,1.5623,0.30,0.30
2008.03.20 07:33:21.654,1.56205,1.56225,0.50,0.30
2008.03.20 07:33:21.974,1.56205,1.56225,0.50,0.30
2008.03.20 07:33:22.294,1.56205,1.56225,0.50,0.30
2008.03.20 07:33:22.544,1.56205,1.56225,0.50,0.30
2008.03.20 07:33:22.793,1.56205,1.56215,0.30,0.30
2008.03.20 07:33:23.043,1.562,1.56215,0.30,0.30
2008.03.20 07:33:23.343,1.562,1.56215,0.30,0.30
2008.03.20 07:33:23.642,1.562,1.56215,0.30,0.30
2008.03.20 07:33:23.940,1.562,1.5622,0.30,0.30
2008.03.20 07:33:24.240,1.56205,1.5622,0.30,0.30
2008.03.20 07:33:24.480,1.562,1.56215,0.30,0.30
2008.03.20 07:33:24.719,1.562,1.56215,0.30,0.30
2008.03.20 07:33:24.958,1.562,1.56215,0.30,0.30
2008.03.20 07:33:25.197,1.56195,1.56215,0.50,0.30
2008.03.20 07:33:25.530,1.56195,1.56215,0.50,0.30
2008.03.20 07:33:25.864,1.56195,1.56215,0.50,0.30
2008.03.20 07:33:26.200,1.56205,1.5621,0.30,0.30
2008.03.20 07:33:26.466,1.562,1.56215,0.30,0.30
2008.03.20 07:33:26.731,1.56195,1.56215,0.50,0.30
2008.03.20 07:33:26.994,1.56195,1.56215,0.50,0.30
2008.03.20 07:33:27.258,1.56195,1.56215,0.50,0.30
2008.03.20 07:33:27.561,1.56195,1.56215,0.50,0.30
2008.03.20 07:33:27.866,1.562,1.56215,0.30,0.30
2008.03.20 07:33:28.170,1.562,1.56215,0.30,0.30
2008.03.20 07:33:28.474,1.562,1.56215,0.30,0.30
2008.03.20 07:33:28.695,1.56195,1.56215,0.50,0.30
2008.03.20 07:33:28.915,1.5623,1.56235,0.40,21.70
2008.03.20 07:33:29.140,1.56215,1.56225,20.80,4.00
2008.03.20 07:33:29.360,1.56235,1.5624,0.80,1.10
2008.03.20 07:33:29.695,1.56235,1.5625,0.30,1.00
2008.03.20 07:33:30.030,1.5623,1.5625,0.80,0.60
2008.03.20 07:33:30.365,1.5623,1.5625,0.80,0.60
2008.03.20 07:33:30.605,1.5623,1.5625,0.80,0.30
2008.03.20 07:33:30.844,1.5623,1.5625,0.80,0.30
2008.03.20 07:33:31.084,1.5623,1.5625,0.80,0.60
2008.03.20 07:33:31.324,1.5623,1.5625,0.80,0.30
2008.03.20 07:33:31.658,1.5623,1.5625,0.80,0.30
2008.03.20 07:33:31.993,1.5623,1.5625,0.80,0.30
2008.03.20 07:33:32.329,1.5624,1.56255,0.30,0.30
2008.03.20 07:33:32.560,1.5624,1.5626,0.30,1.00
2008.03.20 07:33:32.789,1.5624,1.5626,0.30,1.00
2008.03.20 07:33:33.021,1.5624,1.5626,0.30,1.00
2008.03.20 07:33:33.249,1.5624,1.5626,0.30,1.00
2008.03.20 07:33:33.564,1.56235,1.56255,0.50,8.80
2008.03.20 07:33:33.886,1.56235,1.5625,0.30,1.00
2008.03.20 07:33:34.200,1.56235,1.5625,0.30,1.00
2008.03.20 07:33:34.515,1.5623,1.56245,0.30,0.30
2008.03.20 07:33:34.755,1.5623,1.5625,0.30,1.00
2008.03.20 07:33:34.994,1.5623,1.56245,0.30,0.30
2008.03.20 07:33:35.234,1.5623,1.56245,0.30,0.30
2008.03.20 07:33:35.474,1.5623,1.5625,0.50,0.80
2008.03.20 07:33:35.763,1.5623,1.5625,0.50,0.80
2008.03.20 07:33:36.052,1.56235,1.5625,0.30,0.80
2008.03.20 07:33:36.343,1.5623,1.56245,0.30,0.30
2008.03.20 07:33:36.628,1.5623,1.56245,0.60,0.30
2008.03.20 07:33:36.912,1.5623,1.5625,0.60,1.00
2008.03.20 07:33:37.196,1.5623,1.56245,0.60,0.30
2008.03.20 07:33:37.483,1.5623,1.56245,0.30,0.30
2008.03.20 07:33:37.742,1.5623,1.5625,0.80,0.60
2008.03.20 07:33:38.002,1.5623,1.5625,0.80,0.60
2008.03.20 07:33:38.263,1.5623,1.5625,0.80,0.30
2008.03.20 07:33:38.524,1.5623,1.5625,0.80,0.30
2008.03.20 07:33:38.813,1.5623,1.5625,0.80,0.60
2008.03.20 07:33:39.105,1.5623,1.5625,0.80,0.30
2008.03.20 07:33:39.394,1.5623,1.5625,0.80,0.30
2008.03.20 07:33:39.655,1.5623,1.5625,0.80,0.30
2008.03.20 07:33:39.914,1.5623,1.5625,0.80,0.30
2008.03.20 07:33:40.174,1.5623,1.5625,0.80,0.60
2008.03.20 07:33:40.444,1.5623,1.5625,0.80,0.60
2008.03.20 07:33:40.718,1.5623,1.5625,0.80,0.60
2008.03.20 07:33:40.998,1.5623,1.5625,0.80,0.60
2008.03.20 07:33:41.280,1.5623,1.5625,0.80,0.60
2008.03.20 07:33:41.560,1.5623,1.56255,0.80,0.30
2008.03.20 07:33:41.872,1.5624,1.56255,0.30,0.30
2008.03.20 07:33:42.183,1.5623,1.5625,0.50,0.50
2008.03.20 07:33:42.497,1.5623,1.5625,0.40,0.70
2008.03.20 07:33:42.758,1.5623,1.5625,0.40,0.60
2008.03.20 07:33:43.024,1.5623,1.5625,0.40,0.60
2008.03.20 07:33:43.290,1.5623,1.5625,0.40,0.70
2008.03.20 07:33:43.544,1.5623,1.5625,0.40,0.60
2008.03.20 07:33:43.822,1.5623,1.5625,0.50,0.70
2008.03.20 07:33:44.096,1.5624,1.5625,0.30,0.30
2008.03.20 07:33:44.372,1.5624,1.56255,0.30,4.20
2008.03.20 07:33:44.648,1.5624,1.5625,0.30,0.40
2008.03.20 07:33:44.939,1.5624,1.5625,0.30,0.40
2008.03.20 07:33:45.229,1.5624,1.5625,0.30,0.40
2008.03.20 07:33:45.520,1.56235,1.5625,0.40,0.40
2008.03.20 07:33:45.810,1.56235,1.5625,0.40,0.40
2008.03.20 07:33:46.100,1.5624,1.5625,0.30,0.40
2008.03.20 07:33:46.389,1.5624,1.5625,0.30,0.40
2008.03.20 07:33:46.690,1.5624,1.5625,0.30,0.40
2008.03.20 07:33:46.977,1.5624,1.5625,0.30,0.40
2008.03.20 07:33:47.268,1.5624,1.5625,0.30,0.40
2008.03.20 07:33:47.559,1.5624,1.5625,0.30,0.40
2008.03.20 07:33:47.844,1.5624,1.5625,0.30,0.40
2008.03.20 07:33:48.128,1.56235,1.5624,4.20,0.30
2008.03.20 07:33:48.414,1.56235,1.5624,4.20,0.30
2008.03.20 07:33:48.699,1.56215,1.5624,0.40,0.70
2008.03.20 07:33:48.962,1.56215,1.5624,0.40,0.70
2008.03.20 07:33:49.228,1.5621,1.5622,0.30,0.30
2008.03.20 07:33:49.472,1.562,1.5622,0.50,0.30
2008.03.20 07:33:49.726,1.562,1.5622,0.40,0.30
2008.03.20 07:33:50.002,1.562,1.5622,0.40,0.30
2008.03.20 07:33:50.275,1.562,1.5622,0.40,0.50
2008.03.20 07:33:50.551,1.562,1.5622,0.40,0.50
2008.03.20 07:33:50.826,1.562,1.5622,0.40,0.50
2008.03.20 07:33:51.109,1.562,1.5622,0.40,0.50
2008.03.20 07:33:51.394,1.562,1.5622,0.40,0.30
2008.03.20 07:33:51.678,1.562,1.5622,0.40,0.30
2008.03.20 07:33:51.963,1.5621,1.56225,0.40,0.20
2008.03.20 07:33:52.248,1.5621,1.5623,0.40,0.50
2008.03.20 07:33:52.533,1.56205,1.5622,4.00,0.30
2008.03.20 07:33:52.818,1.562,1.5622,0.40,0.30
2008.03.20 07:33:53.072,1.562,1.5622,0.40,0.30
2008.03.20 07:33:53.327,1.562,1.5622,0.40,0.50
2008.03.20 07:33:53.582,1.562,1.5622,0.40,0.70
2008.03.20 07:33:53.836,1.56195,1.56215,0.40,0.50
2008.03.20 07:33:54.150,1.56195,1.56215,0.40,0.50
2008.03.20 07:33:54.464,1.56195,1.56215,0.40,0.50
2008.03.20 07:33:54.779,1.56195,1.56215,0.40,0.50
2008.03.20 07:33:55.028,1.56195,1.56215,0.40,0.50
2008.03.20 07:33:55.277,1.56195,1.56215,0.40,0.50
2008.03.20 07:33:55.536,1.56195,1.56215,0.40,0.50
2008.03.20 07:33:55.794,1.56195,1.56215,0.40,0.50
2008.03.20 07:33:56.098,1.56195,1.56215,0.40,0.50
2008.03.20 07:33:56.392,1.56195,1.56215,0.40,0.30
2008.03.20 07:33:56.690,1.56195,1.56215,0.40,0.30
2008.03.20 07:33:56.987,1.56195,1.56215,0.40,0.30
2008.03.20 07:33:57.282,1.56195,1.56215,0.40,0.30
2008.03.20 07:33:57.575,1.56195,1.56215,0.40,0.30
2008.03.20 07:33:57.868,1.56195,1.56215,0.40,0.30
2008.03.20 07:33:58.112,1.56195,1.56215,0.40,0.30
2008.03.20 07:33:58.356,1.56195,1.56215,0.40,0.30
2008.03.20 07:33:58.600,1.56195,1.56215,0.40,0.30
2008.03.20 07:33:58.845,1.56195,1.56215,0.40,0.30
2008.03.20 07:33:59.153,1.562,1.5622,0.40,0.30
2008.03.20 07:33:59.455,1.562,1.5622,0.40,0.30
2008.03.20 07:33:59.759,1.562,1.5622,0.40,0.30
2008.03.20 07:34:00.003,1.562,1.5622,0.40,0.30
2008.03.20 07:34:00.255,1.562,1.5622,0.40,0.30
2008.03.20 07:34:00.499,1.562,1.5622,0.40,0.30
2008.03.20 07:34:00.744,1.562,1.5622,0.40,0.30
2008.03.20 07:34:01.044,1.562,1.5622,0.40,0.50
2008.03.20 07:34:01.344,1.56195,1.56215,4.30,0.30
2008.03.20 07:34:01.645,1.562,1.5622,0.40,0.50
2008.03.20 07:34:01.944,1.562,1.5622,0.40,0.50
2008.03.20 07:34:02.239,1.562,1.5622,0.40,0.50
2008.03.20 07:34:02.534,1.562,1.5622,0.40,0.50
2008.03.20 07:34:02.828,1.562,1.5622,0.40,0.30
2008.03.20 07:34:03.064,1.56205,1.56225,0.40,0.30
2008.03.20 07:34:03.298,1.56205,1.56225,0.40,0.30
2008.03.20 07:34:03.532,1.56205,1.56225,0.40,0.50
2008.03.20 07:34:03.767,1.56205,1.56225,0.40,0.30
2008.03.20 07:34:04.002,1.56205,1.56225,0.40,0.30
2008.03.20 07:34:04.321,1.56205,1.56225,0.40,0.30
2008.03.20 07:34:04.641,1.56205,1.56225,0.40,0.30
2008.03.20 07:34:04.961,1.56205,1.56225,0.40,0.30
2008.03.20 07:34:05.199,1.56205,1.56225,0.40,0.30
2008.03.20 07:34:05.438,1.56205,1.56225,0.40,0.30
2008.03.20 07:34:05.677,1.56205,1.5622,0.40,0.20
2008.03.20 07:34:05.918,1.56205,1.5622,0.40,0.20
2008.03.20 07:34:06.227,1.56215,1.56235,0.40,0.50
2008.03.20 07:34:06.536,1.56215,1.56235,0.40,0.50
2008.03.20 07:34:06.846,1.56215,1.56235,0.40,0.50
2008.03.20 07:34:07.154,1.56215,1.56235,0.40,0.50
2008.03.20 07:34:07.398,1.56215,1.56235,0.40,0.50
2008.03.20 07:34:07.642,1.56215,1.56235,0.40,0.50
2008.03.20 07:34:07.898,1.56215,1.56235,0.40,0.50
2008.03.20 07:34:08.188,1.56215,1.56235,0.40,0.50
2008.03.20 07:34:08.477,1.56215,1.56235,0.40,0.50
2008.03.20 07:34:08.765,1.56215,1.56235,0.40,0.50
2008.03.20 07:34:09.054,1.56215,1.56235,0.40,0.50
2008.03.20 07:34:09.324,1.56215,1.56235,0.40,0.50
2008.03.20 07:34:09.593,1.56215,1.56235,0.40,0.50
2008.03.20 07:34:09.863,1.56215,1.56235,0.40,0.50
2008.03.20 07:34:10.133,1.56215,1.56235,0.40,0.50
2008.03.20 07:34:10.407,1.56215,1.56235,0.40,0.30
2008.03.20 07:34:10.685,1.5622,1.5624,0.40,0.70
2008.03.20 07:34:10.966,1.5622,1.5624,0.40,0.70
2008.03.20 07:34:11.270,1.5622,1.5624,0.40,0.70
2008.03.20 07:34:11.570,1.5622,1.5624,0.40,0.70
2008.03.20 07:34:11.878,1.5622,1.5624,0.40,0.70
2008.03.20 07:34:12.186,1.5622,1.5624,0.40,0.70
2008.03.20 07:34:12.449,1.5622,1.5624,0.40,0.70
2008.03.20 07:34:12.723,1.5622,1.5624,0.40,0.70
2008.03.20 07:34:12.998,1.5622,1.5624,0.40,0.70
2008.03.20 07:34:13.253,1.5622,1.5624,0.40,0.70
2008.03.20 07:34:13.506,1.5622,1.5624,0.40,0.70
2008.03.20 07:34:13.770,1.5622,1.5624,0.40,0.70
2008.03.20 07:34:14.024,1.5622,1.5624,0.40,0.70
2008.03.20 07:34:14.294,1.5622,1.5624,0.40,0.70
2008.03.20 07:34:14.564,1.5622,1.5624,0.40,0.70
2008.03.20 07:34:14.834,1.5622,1.5624,0.40,0.70
2008.03.20 07:34:15.106,1.56215,1.5624,4.30,0.70
2008.03.20 07:34:15.380,1.56215,1.5624,4.30,0.70
2008.03.20 07:34:15.655,1.56215,1.5624,4.30,0.70
2008.03.20 07:34:15.931,1.56215,1.5624,4.30,0.70
2008.03.20 07:34:16.205,1.56215,1.5624,4.30,0.70
2008.03.20 07:34:16.524,1.56215,1.5624,4.30,0.70
2008.03.20 07:34:16.854,1.56215,1.5624,4.30,0.70
2008.03.20 07:34:17.187,1.56215,1.5624,4.30,0.70
2008.03.20 07:34:17.401,1.56215,1.5624,4.30,0.70
2008.03.20 07:34:17.627,1.56215,1.5624,4.30,0.70
2008.03.20 07:34:17.850,1.56215,1.5624,4.30,0.70
2008.03.20 07:34:18.072,1.56215,1.5624,4.30,0.70
2008.03.20 07:34:18.402,1.56215,1.5623,4.00,0.30
2008.03.20 07:34:18.735,1.56215,1.56235,4.30,4.10
2008.03.20 07:34:19.065,1.56215,1.5624,4.30,0.70
2008.03.20 07:34:19.306,1.56215,1.5624,4.30,0.70
2008.03.20 07:34:19.544,1.56215,1.5624,4.30,0.70
2008.03.20 07:34:19.783,1.56215,1.5624,4.30,0.70
2008.03.20 07:34:20.021,1.56215,1.5624,4.30,0.70
2008.03.20 07:34:20.336,1.56215,1.5624,4.30,0.70
2008.03.20 07:34:20.651,1.5622,1.5624,0.40,0.70
2008.03.20 07:34:20.966,1.5622,1.5624,0.50,0.70
2008.03.20 07:34:21.280,1.5622,1.5624,0.50,0.70
2008.03.20 07:34:21.560,1.5622,1.5624,0.50,0.70
2008.03.20 07:34:21.843,1.5622,1.5624,0.50,0.70
2008.03.20 07:34:22.124,1.5622,1.5624,0.40,0.70
2008.03.20 07:34:22.382,1.5622,1.5624,0.40,0.70
2008.03.20 07:34:22.642,1.5622,1.5624,0.40,0.70
2008.03.20 07:34:22.900,1.5622,1.5624,0.40,0.70
2008.03.20 07:34:23.158,1.5622,1.5624,0.40,0.70
2008.03.20 07:34:23.427,1.5622,1.5624,0.40,0.70
2008.03.20 07:34:23.697,1.5622,1.5624,0.40,0.70
2008.03.20 07:34:23.965,1.5622,1.5624,0.40,0.70
2008.03.20 07:34:24.235,1.5622,1.5624,0.40,0.70
2008.03.20 07:34:24.517,1.5622,1.5624,0.40,0.70
2008.03.20 07:34:24.787,1.5622,1.5624,0.40,0.70
2008.03.20 07:34:25.056,1.5622,1.5624,0.40,0.70
2008.03.20 07:34:25.326,1.5622,1.5624,0.40,0.70
2008.03.20 07:34:25.583,1.5622,1.5624,0.40,0.70
2008.03.20 07:34:25.836,1.5622,1.5624,0.40,0.70
2008.03.20 07:34:26.090,1.5622,1.5624,0.40,0.70
2008.03.20 07:34:26.344,1.5622,1.5624,0.40,0.70
2008.03.20 07:34:26.662,1.5622,1.5624,0.40,0.70
2008.03.20 07:34:26.981,1.56215,1.56235,4.00,0.50
2008.03.20 07:34:27.302,1.56215,1.5623,4.30,0.40
2008.03.20 07:34:27.542,1.5622,1.5624,0.40,0.70
2008.03.20 07:34:27.779,1.5622,1.5624,0.40,0.70
2008.03.20 07:34:28.030,1.5622,1.5624,0.40,0.70
2008.03.20 07:34:28.268,1.5622,1.5624,0.40,0.70
2008.03.20 07:34:28.507,1.56215,1.5624,4.30,0.70
2008.03.20 07:34:28.823,1.56215,1.5624,4.30,0.70
2008.03.20 07:34:29.136,1.56215,1.5624,4.30,0.70
2008.03.20 07:34:29.450,1.56215,1.5624,4.30,0.70
2008.03.20 07:34:29.705,1.56215,1.56225,4.00,0.30
2008.03.20 07:34:29.959,1.56215,1.5622,4.00,0.40
2008.03.20 07:34:30.215,1.56205,1.5622,0.40,0.40
2008.03.20 07:34:30.469,1.56205,1.5622,0.40,0.40
2008.03.20 07:34:30.720,1.5621,1.5622,0.30,0.40
2008.03.20 07:34:30.969,1.5621,1.5622,0.30,0.40
2008.03.20 07:34:31.218,1.5621,1.5622,0.30,0.40
2008.03.20 07:34:31.468,1.5621,1.5622,0.30,0.40
2008.03.20 07:34:31.801,1.56205,1.5622,0.40,0.40
2008.03.20 07:34:32.137,1.56205,1.5622,0.40,0.40
2008.03.20 07:34:32.471,1.5621,1.5622,0.30,0.40
2008.03.20 07:34:32.712,1.5621,1.5622,0.30,0.40
2008.03.20 07:34:32.962,1.56205,1.5622,0.40,0.40
2008.03.20 07:34:33.190,1.56205,1.5622,0.40,0.40
2008.03.20 07:34:33.428,1.56205,1.5622,0.40,0.40
2008.03.20 07:34:33.762,1.56205,1.5622,0.40,0.40
2008.03.20 07:34:34.095,1.56205,1.5622,0.40,0.40
2008.03.20 07:34:34.431,1.5621,1.5622,0.30,0.40
2008.03.20 07:34:34.650,1.5621,1.5622,0.30,0.40
2008.03.20 07:34:34.877,1.5621,1.5622,0.30,0.40
2008.03.20 07:34:35.094,1.5621,1.5622,0.30,0.40
2008.03.20 07:34:35.313,1.5621,1.5622,0.30,0.40
2008.03.20 07:34:35.533,1.56205,1.5622,4.30,0.40
2008.03.20 07:34:35.816,1.56205,1.5622,0.40,0.40
2008.03.20 07:34:36.101,1.56205,1.5622,0.40,0.40
2008.03.20 07:34:36.385,1.56205,1.5622,0.40,0.40
2008.03.20 07:34:36.669,1.56205,1.5622,0.40,0.40
2008.03.20 07:34:36.983,1.56205,1.5622,0.40,0.40
2008.03.20 07:34:37.295,1.56205,1.5622,0.40,0.40
2008.03.20 07:34:37.605,1.56205,1.5622,0.40,0.40
2008.03.20 07:34:37.839,1.56205,1.5622,0.40,0.40
2008.03.20 07:34:38.073,1.56205,1.5622,0.40,0.40
2008.03.20 07:34:38.309,1.56205,1.5622,0.40,0.40
2008.03.20 07:34:38.542,1.56205,1.5622,0.40,0.40
2008.03.20 07:34:38.850,1.56205,1.5622,0.40,0.40
2008.03.20 07:34:39.170,1.56205,1.5622,0.40,0.40
2008.03.20 07:34:39.469,1.56205,1.5622,0.40,0.40
2008.03.20 07:34:39.777,1.56205,1.5622,0.40,0.40
2008.03.20 07:34:40.021,1.56205,1.5622,0.40,0.40
2008.03.20 07:34:40.266,1.56205,1.5622,0.40,0.40
2008.03.20 07:34:40.510,1.56205,1.5622,0.40,0.40
2008.03.20 07:34:40.753,1.56205,1.5622,0.40,0.40
2008.03.20 07:34:41.042,1.56205,1.5622,0.40,0.40
2008.03.20 07:34:41.341,1.56205,1.5622,0.40,0.40
2008.03.20 07:34:41.629,1.56205,1.5622,0.40,0.40
2008.03.20 07:34:41.913,1.56205,1.5622,0.40,0.40
2008.03.20 07:34:42.198,1.56205,1.5622,0.40,0.40
2008.03.20 07:34:42.481,1.56205,1.5622,0.40,0.40
2008.03.20 07:34:42.765,1.56205,1.5622,0.40,0.40
2008.03.20 07:34:43.009,1.56205,1.5622,0.40,0.40
2008.03.20 07:34:43.253,1.56205,1.5622,0.40,0.40
2008.03.20 07:34:43.497,1.56205,1.5622,0.40,0.40
2008.03.20 07:34:43.741,1.56205,1.5622,0.40,0.40
2008.03.20 07:34:44.015,1.56205,1.5622,0.40,0.40
2008.03.20 07:34:44.288,1.56205,1.5622,0.40,0.40
2008.03.20 07:34:44.564,1.56205,1.5622,0.40,0.40
2008.03.20 07:34:44.848,1.56205,1.5622,0.40,0.40
2008.03.20 07:34:45.126,1.56205,1.5622,0.40,0.40
2008.03.20 07:34:45.404,1.56205,1.5622,0.40,0.40
2008.03.20 07:34:45.682,1.56205,1.5622,0.40,0.40
2008.03.20 07:34:45.952,1.56205,1.5622,0.40,0.40
2008.03.20 07:34:46.221,1.56205,1.5622,0.40,0.40
2008.03.20 07:34:46.490,1.56205,1.5622,0.40,0.40
2008.03.20 07:34:46.759,1.56205,1.5622,0.40,0.40
2008.03.20 07:34:47.037,1.56205,1.5622,0.40,0.40
2008.03.20 07:34:47.317,1.56205,1.5622,0.40,0.40
2008.03.20 07:34:47.596,1.56205,1.5622,0.40,0.40
2008.03.20 07:34:47.874,1.56205,1.5622,0.40,0.40
2008.03.20 07:34:48.138,1.56205,1.5622,0.40,0.40
2008.03.20 07:34:48.403,1.5621,1.5622,0.30,0.40
2008.03.20 07:34:48.667,1.5621,1.56225,0.30,1.00
2008.03.20 07:34:48.948,1.5621,1.5622,0.30,0.40
2008.03.20 07:34:49.226,1.5621,1.5622,0.30,0.40
2008.03.20 07:34:49.506,1.5621,1.5622,0.30,0.40
2008.03.20 07:34:49.785,1.5621,1.5622,0.30,0.40
2008.03.20 07:34:50.076,1.5621,1.5622,0.30,0.40
2008.03.20 07:34:50.365,1.5621,1.5622,0.30,0.30
2008.03.20 07:34:50.655,1.5621,1.56225,0.30,3.60
2008.03.20 07:34:50.944,1.5621,1.5622,0.30,1.10
2008.03.20 07:34:51.223,1.5621,1.5622,0.30,0.40
2008.03.20 07:34:51.502,1.5621,1.5622,0.30,0.40
2008.03.20 07:34:51.782,1.5621,1.5622,0.30,0.40
2008.03.20 07:34:52.071,1.5621,1.5622,0.30,0.40
2008.03.20 07:34:52.360,1.5621,1.5622,0.30,0.40
2008.03.20 07:34:52.649,1.56205,1.5622,0.40,0.40
2008.03.20 07:34:52.938,1.56205,1.5622,4.30,0.40
2008.03.20 07:34:53.229,1.5621,1.5622,0.30,0.40
2008.03.20 07:34:53.517,1.5621,1.5622,0.30,0.40
2008.03.20 07:34:53.806,1.5621,1.5622,0.30,0.40
2008.03.20 07:34:54.071,1.5621,1.5622,0.30,0.40
2008.03.20 07:34:54.305,1.5621,1.5622,0.30,0.40
2008.03.20 07:34:54.566,1.56205,1.5622,4.30,0.40
2008.03.20 07:34:54.818,1.56205,1.5622,0.40,0.40
2008.03.20 07:34:55.138,1.5621,1.5622,0.30,0.40
2008.03.20 07:34:55.458,1.5621,1.56225,0.30,5.20
2008.03.20 07:34:55.779,1.5621,1.56225,0.30,1.00
2008.03.20 07:34:56.037,1.5621,1.56225,0.30,1.00
2008.03.20 07:34:56.296,1.5621,1.56225,0.30,1.00
2008.03.20 07:34:56.560,1.5621,1.56225,0.30,1.00
2008.03.20 07:34:56.832,1.5621,1.56225,0.30,1.00
2008.03.20 07:34:57.139,1.5621,1.56225,0.30,1.00
2008.03.20 07:34:57.448,1.5621,1.56225,0.30,1.00
2008.03.20 07:34:57.761,1.5621,1.56225,0.30,1.00
2008.03.20 07:34:58.071,1.5621,1.56225,0.30,1.00
2008.03.20 07:34:58.345,1.5621,1.56225,0.30,1.00
2008.03.20 07:34:58.621,1.5621,1.56225,0.30,1.00
2008.03.20 07:34:58.911,1.5621,1.56225,0.30,1.00
2008.03.20 07:34:59.189,1.5621,1.56225,0.30,1.00
2008.03.20 07:34:59.464,1.5621,1.56225,0.30,1.00
2008.03.20 07:34:59.717,1.5621,1.56225,0.30,1.00
2008.03.20 07:34:59.993,1.5621,1.56225,0.30,1.00
2008.03.20 07:35:00.293,1.5621,1.56225,0.30,1.00
2008.03.20 07:35:00.581,1.5621,1.56225,0.30,1.00
2008.03.20 07:35:00.881,1.5622,1.56225,0.30,1.00
2008.03.20 07:35:01.182,1.5622,1.56235,0.50,4.80
2008.03.20 07:35:01.456,1.5623,1.56235,0.30,0.80
2008.03.20 07:35:01.733,1.5623,1.5624,0.30,0.60
2008.03.20 07:35:02.005,1.5622,1.5624,0.50,0.70
2008.03.20 07:35:02.276,1.56215,1.56235,8.30,0.30
2008.03.20 07:35:02.545,1.56215,1.56235,0.40,0.30
2008.03.20 07:35:02.815,1.56215,1.56235,0.40,0.30
2008.03.20 07:35:03.083,1.56215,1.56235,0.40,0.30
2008.03.20 07:35:03.373,1.56215,1.56235,0.40,0.30
2008.03.20 07:35:03.661,1.56215,1.56235,0.40,0.30
2008.03.20 07:35:03.950,1.56215,1.56235,0.40,0.30
2008.03.20 07:35:04.205,1.56215,1.56235,0.40,0.30
2008.03.20 07:35:04.449,1.56215,1.56235,0.40,0.30
2008.03.20 07:35:04.693,1.56215,1.56235,0.40,0.30
2008.03.20 07:35:04.937,1.56215,1.56235,0.40,0.30
2008.03.20 07:35:05.180,1.56215,1.56235,0.40,0.30
2008.03.20 07:35:05.475,1.56215,1.56235,0.40,0.30
2008.03.20 07:35:05.768,1.56215,1.56235,0.40,0.30
2008.03.20 07:35:06.064,1.56215,1.56235,0.40,0.30
2008.03.20 07:35:06.343,1.56215,1.56235,0.40,0.30
2008.03.20 07:35:06.623,1.56215,1.56235,0.40,0.30
2008.03.20 07:35:06.903,1.56215,1.56235,0.40,0.30
2008.03.20 07:35:07.182,1.56215,1.56235,0.40,0.30
2008.03.20 07:35:07.420,1.56215,1.56235,0.40,0.30
2008.03.20 07:35:07.658,1.56215,1.56235,0.40,0.30
2008.03.20 07:35:07.896,1.56215,1.56235,0.40,0.30
2008.03.20 07:35:08.134,1.56215,1.56235,0.40,0.30
2008.03.20 07:35:08.469,1.56215,1.56235,0.40,0.30
2008.03.20 07:35:08.804,1.56215,1.56235,0.40,0.30
2008.03.20 07:35:09.138,1.56215,1.56235,0.40,0.30
2008.03.20 07:35:09.377,1.56215,1.56235,0.40,0.30
2008.03.20 07:35:09.616,1.56215,1.56235,0.40,0.30
2008.03.20 07:35:09.855,1.56215,1.56235,0.40,0.30
2008.03.20 07:35:10.093,1.56215,1.56235,0.40,0.30
2008.03.20 07:35:10.384,1.5621,1.5623,0.50,0.30
2008.03.20 07:35:10.682,1.5621,1.5623,0.50,0.30
2008.03.20 07:35:10.969,1.5621,1.5623,0.50,0.30
2008.03.20 07:35:11.254,1.5621,1.5623,0.50,0.30
2008.03.20 07:35:11.567,1.5621,1.5623,0.50,0.30
2008.03.20 07:35:11.881,1.5621,1.5623,0.50,0.30
2008.03.20 07:35:12.197,1.56215,1.56235,0.40,0.30
2008.03.20 07:35:12.426,1.56215,1.56235,0.40,0.30
2008.03.20 07:35:12.656,1.56215,1.56235,0.40,0.30
2008.03.20 07:35:12.884,1.56215,1.56235,0.40,0.30
2008.03.20 07:35:13.113,1.56215,1.56235,0.40,0.30
2008.03.20 07:35:13.411,1.56215,1.56235,0.40,0.30
2008.03.20 07:35:13.716,1.56215,1.56235,0.40,0.30
2008.03.20 07:35:14.014,1.56215,1.56235,0.40,0.30
2008.03.20 07:35:14.312,1.56215,1.56235,0.40,0.30
2008.03.20 07:35:14.567,1.56215,1.56235,0.40,0.30
2008.03.20 07:35:14.820,1.56215,1.56235,0.40,0.30
2008.03.20 07:35:15.074,1.56215,1.56235,0.40,0.30
2008.03.20 07:35:15.328,1.56215,1.56235,0.40,0.30
2008.03.20 07:35:15.602,1.56215,1.56235,0.40,0.30
2008.03.20 07:35:15.876,1.56215,1.56235,0.40,0.30
2008.03.20 07:35:16.159,1.56215,1.56235,0.40,0.30
2008.03.20 07:35:16.443,1.56215,1.56235,0.40,0.30
2008.03.20 07:35:16.736,1.56215,1.56235,0.40,0.30
2008.03.20 07:35:17.030,1.56215,1.56235,0.40,0.30
2008.03.20 07:35:17.324,1.56215,1.56235,0.40,0.30
2008.03.20 07:35:17.584,1.56215,1.56235,0.40,0.30
2008.03.20 07:35:17.843,1.56215,1.56235,0.40,0.30
2008.03.20 07:35:18.103,1.56215,1.56235,0.40,0.30
2008.03.20 07:35:18.362,1.56215,1.56235,0.40,0.30
2008.03.20 07:35:18.615,1.56215,1.56235,0.40,0.30
2008.03.20 07:35:18.869,1.56215,1.56235,0.40,0.30
2008.03.20 07:35:19.123,1.56215,1.56235,0.40,0.30
2008.03.20 07:35:19.377,1.56215,1.56235,0.40,0.30
2008.03.20 07:35:19.657,1.56215,1.56235,0.40,0.30
2008.03.20 07:35:19.916,1.5621,1.5623,0.30,0.30
2008.03.20 07:35:20.186,1.5621,1.56235,0.50,0.50
2008.03.20 07:35:20.458,1.56215,1.56235,0.40,0.50
2008.03.20 07:35:20.753,1.56215,1.56235,0.40,0.50
2008.03.20 07:35:21.046,1.56215,1.56235,0.40,0.50
2008.03.20 07:35:21.331,1.56205,1.5623,4.30,0.30
2008.03.20 07:35:21.646,1.56215,1.56235,0.40,0.50
2008.03.20 07:35:21.960,1.56215,1.56235,0.40,0.50
2008.03.20 07:35:22.274,1.5621,1.56235,0.50,0.50
2008.03.20 07:35:22.520,1.5621,1.56235,0.50,0.50
2008.03.20 07:35:22.764,1.56215,1.56235,0.40,0.50
2008.03.20 07:35:23.019,1.56215,1.56235,0.40,0.50
2008.03.20 07:35:23.277,1.56215,1.56235,0.40,0.50
2008.03.20 07:35:23.572,1.56215,1.56235,0.40,0.50
2008.03.20 07:35:23.881,1.5621,1.56235,0.50,0.50
2008.03.20 07:35:24.170,1.5621,1.56235,0.50,0.50
2008.03.20 07:35:24.468,1.5621,1.56235,0.50,0.50
2008.03.20 07:35:24.758,1.5621,1.56235,0.50,0.50
2008.03.20 07:35:25.047,1.56215,1.56235,0.40,0.50
2008.03.20 07:35:25.336,1.56215,1.56235,0.40,0.50
2008.03.20 07:35:25.594,1.56215,1.56235,0.40,0.50
2008.03.20 07:35:25.853,1.56215,1.56235,0.40,0.50
2008.03.20 07:35:26.112,1.56215,1.56235,0.40,0.50
2008.03.20 07:35:26.370,1.56215,1.56235,0.40,0.50
2008.03.20 07:35:26.683,1.56215,1.56235,0.40,0.50
2008.03.20 07:35:26.997,1.56215,1.56235,0.40,0.50
2008.03.20 07:35:27.311,1.56215,1.56235,0.40,0.50
2008.03.20 07:35:27.525,1.56215,1.56235,0.40,0.50
2008.03.20 07:35:27.739,1.56215,1.56235,0.40,0.50
2008.03.20 07:35:27.953,1.56215,1.56235,0.40,0.50
2008.03.20 07:35:28.167,1.56215,1.56235,0.40,0.50
2008.03.20 07:35:28.380,1.56215,1.56235,0.40,0.50
2008.03.20 07:35:28.725,1.56215,1.56235,0.40,0.50
2008.03.20 07:35:29.048,1.56215,1.56235,0.40,0.50
2008.03.20 07:35:29.392,1.56215,1.56235,0.40,0.50
2008.03.20 07:35:29.615,1.56215,1.56235,0.40,0.50
2008.03.20 07:35:29.850,1.56215,1.56235,0.40,0.50
2008.03.20 07:35:30.084,1.56215,1.56235,0.40,0.50
2008.03.20 07:35:30.317,1.56215,1.56235,0.40,0.50
2008.03.20 07:35:30.550,1.56215,1.56235,0.40,0.50
2008.03.20 07:35:30.855,1.56215,1.56235,0.40,0.50
2008.03.20 07:35:31.159,1.56215,1.56235,0.40,0.50
2008.03.20 07:35:31.462,1.56215,1.56235,0.40,0.50
2008.03.20 07:35:31.751,1.56215,1.56235,0.40,0.50
2008.03.20 07:35:32.040,1.56215,1.56235,0.40,0.50
2008.03.20 07:35:32.329,1.56215,1.56235,0.40,0.50
2008.03.20 07:35:32.618,1.56215,1.56235,0.40,0.50
2008.03.20 07:35:32.906,1.56215,1.56235,0.40,0.50
2008.03.20 07:35:33.194,1.56215,1.56235,0.40,0.50
2008.03.20 07:35:33.484,1.5621,1.56235,0.50,0.50
2008.03.20 07:35:33.738,1.5621,1.56235,0.50,0.50
2008.03.20 07:35:33.992,1.5621,1.56235,0.50,0.50
2008.03.20 07:35:34.247,1.5621,1.56235,0.50,0.50
2008.03.20 07:35:34.501,1.5621,1.56235,0.50,0.50
2008.03.20 07:35:34.805,1.5621,1.56235,0.50,0.50
2008.03.20 07:35:35.109,1.5621,1.56235,0.50,0.50
2008.03.20 07:35:35.415,1.56215,1.56235,0.40,0.50
2008.03.20 07:35:35.679,1.56215,1.56235,0.40,0.50
2008.03.20 07:35:35.943,1.56215,1.56235,0.40,0.50
2008.03.20 07:35:36.208,1.5621,1.56235,0.50,0.50
2008.03.20 07:35:36.484,1.56215,1.5623,0.40,0.40
2008.03.20 07:35:36.789,1.56215,1.56235,0.40,0.50
2008.03.20 07:35:37.092,1.56215,1.56235,0.40,0.50
2008.03.20 07:35:37.397,1.56215,1.56235,0.40,0.50
2008.03.20 07:35:37.701,1.56215,1.5623,0.40,0.20
2008.03.20 07:35:37.990,1.56215,1.5623,0.40,0.20
2008.03.20 07:35:38.280,1.56215,1.56235,0.40,0.50
2008.03.20 07:35:38.569,1.56215,1.56235,0.40,0.50
2008.03.20 07:35:38.824,1.56215,1.56235,0.40,0.50
2008.03.20 07:35:39.079,1.56215,1.56235,0.40,0.50
2008.03.20 07:35:39.335,1.5621,1.5623,0.50,0.60
2008.03.20 07:35:39.588,1.5621,1.5623,0.50,0.60
2008.03.20 07:35:39.889,1.56215,1.56235,0.40,0.50
2008.03.20 07:35:40.188,1.56215,1.56235,0.40,0.30
2008.03.20 07:35:40.498,1.56215,1.56235,0.40,0.30
2008.03.20 07:35:40.798,1.5621,1.5623,0.30,0.30
2008.03.20 07:35:41.097,1.56205,1.5623,4.30,0.70
2008.03.20 07:35:41.398,1.5621,1.56225,0.30,0.80
2008.03.20 07:35:41.698,1.5621,1.5623,0.50,0.60
2008.03.20 07:35:41.956,1.5621,1.56235,0.50,1.20
2008.03.20 07:35:42.215,1.5621,1.56235,0.50,0.50
2008.03.20 07:35:42.478,1.5621,1.56235,0.50,0.50
2008.03.20 07:35:42.738,1.5621,1.56235,0.50,0.50
2008.03.20 07:35:43.016,1.56215,1.56235,0.40,0.50
2008.03.20 07:35:43.295,1.56215,1.56235,0.40,0.50
2008.03.20 07:35:43.574,1.56215,1.56235,0.40,0.50
2008.03.20 07:35:43.853,1.56215,1.56235,0.40,0.50
2008.03.20 07:35:44.143,1.56215,1.56235,0.40,0.50
2008.03.20 07:35:44.443,1.56215,1.56235,0.40,0.50
2008.03.20 07:35:44.731,1.56215,1.56235,0.40,0.50
2008.03.20 07:35:44.994,1.56215,1.56235,0.40,0.50
2008.03.20 07:35:45.258,1.56215,1.56235,0.40,0.50
2008.03.20 07:35:45.521,1.56215,1.56235,0.40,0.50
2008.03.20 07:35:45.786,1.56215,1.56235,0.40,0.50
2008.03.20 07:35:46.060,1.56215,1.56235,0.40,0.50
2008.03.20 07:35:46.334,1.56215,1.56235,0.40,0.50
2008.03.20 07:35:46.614,1.56215,1.56235,0.40,0.50
2008.03.20 07:35:46.888,1.56215,1.56235,0.40,0.50
2008.03.20 07:35:47.208,1.56215,1.56235,0.40,0.50
2008.03.20 07:35:47.527,1.56215,1.56235,0.40,0.50
2008.03.20 07:35:47.844,1.56215,1.56235,0.40,0.50
2008.03.20 07:35:48.069,1.56215,1.5623,0.40,0.20
2008.03.20 07:35:48.294,1.5621,1.5623,0.30,0.50
2008.03.20 07:35:48.520,1.56205,1.5623,4.30,0.70
2008.03.20 07:35:48.747,1.56215,1.5623,0.40,0.20
2008.03.20 07:35:49.082,1.56215,1.56235,0.40,0.50
2008.03.20 07:35:49.416,1.56215,1.56225,0.40,0.20
2008.03.20 07:35:49.752,1.5621,1.56225,0.40,0.20
2008.03.20 07:35:49.991,1.5621,1.5622,0.40,0.40
2008.03.20 07:35:50.232,1.5621,1.5623,0.40,0.70
2008.03.20 07:35:50.472,1.562,1.56225,0.50,0.30
2008.03.20 07:35:50.723,1.56205,1.56225,0.40,0.30
2008.03.20 07:35:50.967,1.56205,1.5622,4.00,0.30
2008.03.20 07:35:51.292,1.56205,1.5622,4.00,0.30
2008.03.20 07:35:51.617,1.562,1.5622,0.40,0.30
2008.03.20 07:35:51.942,1.56205,1.56225,0.40,1.20
2008.03.20 07:35:52.221,1.562,1.5622,0.30,0.30
2008.03.20 07:35:52.502,1.56195,1.5622,4.30,0.70
2008.03.20 07:35:52.781,1.56205,1.5622,4.00,0.70
2008.03.20 07:35:53.076,1.56205,1.56225,4.00,0.50
2008.03.20 07:35:53.370,1.56205,1.56215,4.00,0.30
2008.03.20 07:35:53.665,1.56205,1.56225,4.30,0.20
2008.03.20 07:35:53.960,1.56205,1.56225,4.00,0.50
2008.03.20 07:35:54.225,1.56205,1.56225,4.30,0.30
2008.03.20 07:35:54.490,1.56205,1.5622,4.00,0.30
2008.03.20 07:35:54.755,1.5621,1.5623,0.40,0.50
2008.03.20 07:35:55.020,1.5621,1.5623,0.40,0.30
2008.03.20 07:35:55.290,1.5621,1.5623,0.40,0.50
2008.03.20 07:35:55.561,1.56205,1.5622,4.00,0.40
2008.03.20 07:35:55.840,1.56205,1.56225,4.30,4.10
2008.03.20 07:35:56.111,1.56205,1.5623,4.30,0.50
2008.03.20 07:35:56.427,1.5621,1.5623,0.40,0.50
2008.03.20 07:35:56.741,1.5621,1.5623,0.40,0.50
2008.03.20 07:35:57.054,1.5621,1.5623,0.40,0.50
2008.03.20 07:35:57.317,1.5621,1.5623,0.40,0.50
2008.03.20 07:35:57.582,1.5621,1.5623,0.40,0.50
2008.03.20 07:35:57.847,1.5621,1.5623,0.40,0.50
2008.03.20 07:35:58.111,1.5621,1.5623,0.40,0.50
2008.03.20 07:35:58.410,1.5621,1.5623,0.40,0.50
2008.03.20 07:35:58.718,1.5621,1.5623,0.40,0.50
2008.03.20 07:35:59.030,1.5621,1.5623,0.40,0.50
2008.03.20 07:35:59.309,1.5621,1.5623,0.40,0.50
2008.03.20 07:35:59.582,1.5621,1.5623,0.40,0.50
2008.03.20 07:35:59.847,1.5621,1.5623,0.40,0.50
2008.03.20 07:36:00.106,1.5621,1.5623,0.40,0.50
2008.03.20 07:36:00.390,1.5621,1.5623,0.40,0.50
2008.03.20 07:36:00.678,1.5621,1.5623,0.40,0.50
2008.03.20 07:36:00.975,1.5621,1.5623,0.40,0.50
2008.03.20 07:36:01.269,1.5621,1.5623,0.40,0.50
2008.03.20 07:36:01.556,1.5621,1.5623,0.40,0.50
2008.03.20 07:36:01.858,1.56205,1.56225,4.30,0.20
2008.03.20 07:36:02.158,1.5621,1.5623,0.40,0.50
2008.03.20 07:36:02.402,1.5621,1.5623,0.40,0.50
2008.03.20 07:36:02.645,1.5621,1.5623,0.40,0.50
2008.03.20 07:36:02.888,1.5621,1.5623,0.40,0.50
2008.03.20 07:36:03.131,1.5621,1.5623,0.40,0.50
2008.03.20 07:36:03.432,1.5621,1.5623,0.40,0.50
2008.03.20 07:36:03.732,1.5621,1.5623,0.40,0.50
2008.03.20 07:36:04.041,1.5621,1.5623,0.40,0.50
2008.03.20 07:36:04.330,1.5621,1.5623,0.40,0.50
2008.03.20 07:36:04.579,1.5621,1.5623,0.40,0.50
2008.03.20 07:36:04.827,1.5621,1.5623,0.40,0.50
2008.03.20 07:36:05.075,1.5621,1.5623,0.40,0.50
2008.03.20 07:36:05.325,1.5621,1.5623,0.40,0.50
2008.03.20 07:36:05.603,1.5621,1.5623,0.40,0.50
2008.03.20 07:36:05.882,1.5621,1.5623,0.40,0.50
2008.03.20 07:36:06.161,1.5621,1.5623,0.40,0.50
2008.03.20 07:36:06.459,1.5621,1.5623,0.40,0.50
2008.03.20 07:36:06.757,1.5621,1.5623,0.40,0.50
2008.03.20 07:36:07.058,1.5621,1.5623,0.40,0.50
2008.03.20 07:36:07.357,1.5621,1.5623,0.40,0.50
2008.03.20 07:36:07.610,1.5621,1.5623,0.40,0.50
2008.03.20 07:36:07.865,1.56205,1.5622,4.00,0.30
2008.03.20 07:36:08.124,1.56205,1.5622,4.00,0.70
2008.03.20 07:36:08.378,1.562,1.5622,0.50,0.70
2008.03.20 07:36:08.665,1.562,1.5622,0.50,0.70
2008.03.20 07:36:10.195,1.562,1.5622,0.50,0.70
2008.03.20 07:36:10.309,1.562,1.5622,0.50,0.70
2008.03.20 07:36:10.408,1.562,1.5622,0.50,0.70
2008.03.20 07:36:10.509,1.562,1.5622,0.50,0.70
2008.03.20 07:36:10.607,1.562,1.5622,0.50,0.70
2008.03.20 07:36:10.706,1.562,1.5622,0.50,0.70
2008.03.20 07:36:10.806,1.562,1.5622,0.50,0.70
2008.03.20 07:36:10.913,1.562,1.5622,0.50,0.70
2008.03.20 07:36:11.010,1.562,1.5622,0.50,0.70
2008.03.20 07:36:11.106,1.562,1.5622,0.50,0.70
2008.03.20 07:36:11.207,1.562,1.5622,0.50,0.70
2008.03.20 07:36:11.551,1.562,1.5622,0.50,0.70
2008.03.20 07:36:11.884,1.562,1.5622,0.50,0.70
2008.03.20 07:36:12.217,1.562,1.5622,0.50,0.70
2008.03.20 07:36:12.552,1.562,1.56205,0.30,0.30
2008.03.20 07:36:12.763,1.5619,1.56205,0.30,1.00
2008.03.20 07:36:12.972,1.5619,1.562,0.30,0.40
2008.03.20 07:36:13.181,1.5619,1.562,0.30,0.40
2008.03.20 07:36:13.390,1.5619,1.562,0.30,0.40
2008.03.20 07:36:13.724,1.5619,1.562,0.30,0.40
2008.03.20 07:36:14.059,1.5618,1.562,0.50,0.40
2008.03.20 07:36:14.394,1.5618,1.562,0.50,0.40
2008.03.20 07:36:14.608,1.56185,1.562,0.40,0.40
2008.03.20 07:36:14.822,1.56185,1.562,0.40,0.40
2008.03.20 07:36:15.036,1.56185,1.562,0.40,0.40
2008.03.20 07:36:15.251,1.56185,1.562,0.40,0.40
2008.03.20 07:36:15.465,1.56185,1.562,0.40,0.40
2008.03.20 07:36:15.804,1.56185,1.562,0.40,0.40
2008.03.20 07:36:16.144,1.56185,1.562,0.40,0.40
2008.03.20 07:36:16.484,1.56185,1.562,4.30,0.40
2008.03.20 07:36:16.730,1.5619,1.562,0.30,0.40
2008.03.20 07:36:16.974,1.5619,1.562,0.30,0.40
2008.03.20 07:36:17.216,1.5619,1.562,0.30,0.40
2008.03.20 07:36:17.460,1.5619,1.562,0.30,0.40
2008.03.20 07:36:17.744,1.56185,1.562,0.40,0.40
2008.03.20 07:36:18.028,1.56185,1.562,0.40,0.40
2008.03.20 07:36:18.311,1.56185,1.562,0.40,0.40
2008.03.20 07:36:18.595,1.56185,1.562,0.40,0.40
2008.03.20 07:36:18.862,1.5619,1.562,0.30,0.40
2008.03.20 07:36:19.127,1.5619,1.562,0.30,0.40
2008.03.20 07:36:19.392,1.56185,1.562,0.40,0.40
2008.03.20 07:36:19.676,1.56185,1.562,0.40,0.40
2008.03.20 07:36:19.961,1.5619,1.562,0.30,0.40
2008.03.20 07:36:20.246,1.5619,1.562,0.30,0.40
2008.03.20 07:36:20.530,1.5619,1.562,0.30,0.40
2008.03.20 07:36:20.780,1.5619,1.562,0.30,0.40
2008.03.20 07:36:21.029,1.5619,1.562,0.30,0.40
2008.03.20 07:36:21.289,1.5619,1.562,0.30,0.40
2008.03.20 07:36:21.539,1.5619,1.562,0.30,0.40
2008.03.20 07:36:21.868,1.5619,1.562,0.30,0.40
2008.03.20 07:36:22.198,1.5619,1.562,0.30,0.40
2008.03.20 07:36:22.526,1.56185,1.562,0.40,0.40
2008.03.20 07:36:22.769,1.56185,1.562,0.40,0.40
2008.03.20 07:36:23.015,1.56185,1.562,0.40,0.40
2008.03.20 07:36:23.238,1.56185,1.562,0.40,0.40
2008.03.20 07:36:23.473,1.56185,1.562,4.30,0.40
2008.03.20 07:36:23.814,1.5619,1.562,0.30,0.40
2008.03.20 07:36:24.153,1.5619,1.562,0.30,0.40
2008.03.20 07:36:24.493,1.5619,1.562,0.30,0.40
2008.03.20 07:36:24.733,1.5619,1.562,0.30,0.40
2008.03.20 07:36:24.974,1.5619,1.562,0.30,0.40
2008.03.20 07:36:25.214,1.5619,1.562,0.30,0.40
2008.03.20 07:36:25.453,1.5619,1.562,0.30,0.40
2008.03.20 07:36:25.693,1.5619,1.562,0.30,0.40
2008.03.20 07:36:25.998,1.5619,1.562,0.30,0.40
2008.03.20 07:36:26.303,1.56175,1.5619,4.20,0.30
2008.03.20 07:36:26.607,1.56175,1.5619,0.30,0.30
2008.03.20 07:36:26.881,1.5617,1.5619,0.40,0.30
2008.03.20 07:36:27.155,1.5617,1.5619,0.40,0.30
2008.03.20 07:36:27.430,1.56185,1.562,0.40,0.60
2008.03.20 07:36:27.705,1.5619,1.562,0.30,0.40
2008.03.20 07:36:27.979,1.5619,1.562,0.30,0.40
2008.03.20 07:36:28.253,1.5619,1.562,0.30,0.40
2008.03.20 07:36:28.527,1.5619,1.562,0.30,0.40
2008.03.20 07:36:28.801,1.5619,1.562,0.30,0.40
2008.03.20 07:36:29.075,1.5619,1.562,0.30,0.40
2008.03.20 07:36:29.349,1.5619,1.562,0.30,0.40
2008.03.20 07:36:29.623,1.5619,1.562,0.30,0.40
2008.03.20 07:36:29.881,1.5619,1.562,0.30,0.40
2008.03.20 07:36:30.130,1.5619,1.562,0.30,0.40
2008.03.20 07:36:30.379,1.5619,1.562,0.30,0.40
2008.03.20 07:36:30.629,1.5619,1.562,0.30,0.40
2008.03.20 07:36:30.907,1.5619,1.562,0.30,0.40
2008.03.20 07:36:31.185,1.5619,1.562,0.30,0.40
2008.03.20 07:36:31.473,1.5619,1.562,0.30,0.40
2008.03.20 07:36:31.752,1.5619,1.562,0.30,0.40
2008.03.20 07:36:32.031,1.5619,1.562,0.30,0.40
2008.03.20 07:36:32.310,1.5619,1.562,0.30,0.40
2008.03.20 07:36:32.590,1.5619,1.562,0.30,0.40
2008.03.20 07:36:32.870,1.5619,1.562,0.30,0.40
2008.03.20 07:36:33.136,1.5619,1.562,0.30,0.40
2008.03.20 07:36:33.402,1.56185,1.562,0.40,0.40
2008.03.20 07:36:33.670,1.56185,1.562,0.40,0.40
2008.03.20 07:36:33.929,1.56185,1.562,0.40,0.40
2008.03.20 07:36:34.189,1.56185,1.562,0.40,0.40
2008.03.20 07:36:34.447,1.56185,1.562,0.40,0.40
2008.03.20 07:36:34.706,1.56185,1.562,0.40,0.40
2008.03.20 07:36:34.975,1.56185,1.562,0.40,0.40
2008.03.20 07:36:35.245,1.56185,1.562,0.40,0.40
2008.03.20 07:36:35.513,1.56185,1.562,0.40,0.40
2008.03.20 07:36:35.782,1.56185,1.562,0.40,0.40
2008.03.20 07:36:36.041,1.56185,1.562,0.40,0.40
2008.03.20 07:36:36.301,1.5619,1.562,0.30,0.40
2008.03.20 07:36:36.560,1.5619,1.562,0.30,0.40
2008.03.20 07:36:36.819,1.5619,1.562,0.30,0.40
2008.03.20 07:36:37.134,1.5619,1.562,0.30,0.40
2008.03.20 07:36:37.449,1.5619,1.562,0.30,0.40
2008.03.20 07:36:37.775,1.5619,1.562,0.30,0.40
2008.03.20 07:36:38.019,1.5619,1.562,0.30,0.40
2008.03.20 07:36:38.263,1.5619,1.562,0.30,0.40
2008.03.20 07:36:38.508,1.56185,1.56195,4.00,0.30
2008.03.20 07:36:38.753,1.56175,1.56195,0.50,0.30
2008.03.20 07:36:39.041,1.56175,1.56195,0.50,0.30
2008.03.20 07:36:39.332,1.56175,1.5619,0.30,0.30
2008.03.20 07:36:39.601,1.56175,1.5619,0.30,0.30
2008.03.20 07:36:39.882,1.5617,1.5619,0.50,0.30
2008.03.20 07:36:40.131,1.5617,1.5619,0.50,0.30
2008.03.20 07:36:40.379,1.5617,1.5619,0.50,0.30
2008.03.20 07:36:40.640,1.5617,1.5619,0.50,0.30
2008.03.20 07:36:40.877,1.5617,1.5619,0.50,0.30
2008.03.20 07:36:41.157,1.5617,1.5619,0.50,0.30
2008.03.20 07:36:41.435,1.5617,1.5619,0.50,0.30
2008.03.20 07:36:41.715,1.5618,1.5619,0.30,0.30
2008.03.20 07:36:41.996,1.5618,1.56195,0.30,0.30
2008.03.20 07:36:42.310,1.5618,1.56195,0.30,0.30
2008.03.20 07:36:42.625,1.5618,1.562,0.50,0.60
2008.03.20 07:36:42.953,1.5618,1.562,0.50,0.60
2008.03.20 07:36:43.166,1.5618,1.562,0.50,0.60
2008.03.20 07:36:43.380,1.5618,1.562,0.80,0.60
2008.03.20 07:36:43.594,1.5618,1.562,0.80,0.60
2008.03.20 07:36:43.807,1.5618,1.562,0.80,0.60
2008.03.20 07:36:44.141,1.5618,1.562,0.80,0.60
2008.03.20 07:36:44.475,1.5618,1.562,0.80,0.60
2008.03.20 07:36:44.811,1.5618,1.562,0.80,0.60
2008.03.20 07:36:45.147,1.5618,1.562,0.80,0.60
2008.03.20 07:36:45.362,1.5618,1.562,0.80,0.60
2008.03.20 07:36:45.575,1.5618,1.562,0.80,0.60
2008.03.20 07:36:45.792,1.5618,1.562,0.80,0.60
2008.03.20 07:36:46.009,1.5618,1.562,0.80,0.60
2008.03.20 07:36:46.334,1.5618,1.562,0.80,0.60
2008.03.20 07:36:46.659,1.5618,1.562,0.80,0.60
2008.03.20 07:36:46.988,1.5618,1.562,0.80,0.60
2008.03.20 07:36:47.252,1.5618,1.562,0.80,0.60
2008.03.20 07:36:47.514,1.5618,1.562,0.80,0.60
2008.03.20 07:36:47.783,1.5618,1.562,0.80,0.60
2008.03.20 07:36:48.046,1.5618,1.562,0.80,0.60
2008.03.20 07:36:48.304,1.56185,1.562,4.50,0.40
2008.03.20 07:36:48.558,1.5619,1.56205,0.30,1.00
2008.03.20 07:36:48.827,1.5619,1.56205,0.30,1.00
2008.03.20 07:36:49.090,1.5619,1.56205,0.30,1.00
2008.03.20 07:36:49.381,1.5619,1.56205,0.30,1.00
2008.03.20 07:36:49.670,1.5619,1.56205,0.30,1.00
2008.03.20 07:36:49.961,1.5619,1.56205,0.30,1.00
2008.03.20 07:36:50.217,1.5619,1.56205,0.30,1.00
2008.03.20 07:36:50.483,1.5619,1.56205,0.30,1.00
2008.03.20 07:36:50.738,1.5619,1.56205,0.30,1.00
2008.03.20 07:36:50.993,1.5619,1.56205,0.30,1.00
2008.03.20 07:36:51.246,1.5619,1.56205,0.30,1.00
2008.03.20 07:36:51.501,1.5619,1.56205,0.30,1.00
2008.03.20 07:36:51.754,1.5619,1.56205,0.30,1.00
2008.03.20 07:36:52.018,1.5619,1.56205,0.30,1.00
2008.03.20 07:36:52.339,1.5619,1.56205,0.30,1.00
2008.03.20 07:36:52.654,1.5619,1.56205,0.50,0.80
2008.03.20 07:36:52.968,1.562,1.56215,0.30,1.00
2008.03.20 07:36:53.222,1.562,1.56215,0.30,1.00
2008.03.20 07:36:53.460,1.562,1.5621,0.30,0.30
2008.03.20 07:36:53.705,1.5619,1.5621,0.80,0.60
2008.03.20 07:36:53.950,1.5619,1.5621,0.80,0.60
2008.03.20 07:36:54.202,1.56195,1.5621,0.40,0.40
2008.03.20 07:36:54.507,1.5619,1.5621,0.80,0.30
2008.03.20 07:36:54.822,1.5619,1.5621,0.50,0.30
2008.03.20 07:36:55.127,1.5619,1.5621,0.50,0.30
2008.03.20 07:36:55.382,1.5619,1.5621,0.40,0.60
2008.03.20 07:36:55.636,1.56195,1.56215,0.40,0.30
2008.03.20 07:36:55.891,1.56195,1.56215,0.40,0.30
2008.03.20 07:36:56.147,1.56195,1.56215,0.40,0.30
2008.03.20 07:36:56.401,1.56195,1.56215,0.40,0.30
2008.03.20 07:36:56.655,1.56195,1.56215,0.40,0.30
2008.03.20 07:36:56.909,1.5619,1.5621,0.40,0.30
2008.03.20 07:36:57.173,1.5619,1.5621,0.40,0.30
2008.03.20 07:36:57.466,1.5619,1.5621,0.40,0.30
2008.03.20 07:36:57.770,1.5619,1.5621,0.40,0.30
2008.03.20 07:36:58.074,1.5619,1.5621,0.40,0.30
2008.03.20 07:36:58.319,1.56185,1.56205,4.50,0.30
2008.03.20 07:36:58.563,1.56185,1.56205,0.40,0.30
2008.03.20 07:36:58.809,1.5618,1.562,0.50,0.30
2008.03.20 07:36:59.052,1.5618,1.562,0.50,0.30
2008.03.20 07:36:59.337,1.5618,1.562,0.50,0.30
2008.03.20 07:36:59.621,1.5618,1.562,0.50,0.30
2008.03.20 07:36:59.905,1.5618,1.562,0.50,0.30
2008.03.20 07:37:00.189,1.5618,1.562,0.50,0.30
2008.03.20 07:37:00.432,1.5618,1.562,0.50,0.30
2008.03.20 07:37:00.675,1.5618,1.562,0.50,0.30
2008.03.20 07:37:00.920,1.5618,1.562,0.80,0.30
2008.03.20 07:37:01.164,1.5619,1.5621,0.40,0.60
2008.03.20 07:37:01.497,1.5619,1.5621,0.40,0.60
2008.03.20 07:37:01.834,1.5619,1.5621,0.40,0.60
2008.03.20 07:37:02.156,1.5619,1.5621,0.40,0.30
2008.03.20 07:37:02.394,1.5619,1.5621,0.40,0.30
2008.03.20 07:37:02.634,1.5619,1.5621,0.40,0.30
2008.03.20 07:37:02.872,1.5619,1.5621,0.40,0.30
2008.03.20 07:37:03.111,1.5619,1.5621,0.40,0.30
2008.03.20 07:37:03.406,1.5619,1.5621,0.40,0.30
2008.03.20 07:37:03.701,1.5619,1.5621,0.40,0.30
2008.03.20 07:37:04.001,1.5619,1.5621,0.40,0.30
2008.03.20 07:37:04.295,1.5619,1.5621,0.40,0.30
2008.03.20 07:37:04.549,1.5619,1.5621,0.40,0.30
2008.03.20 07:37:04.804,1.5619,1.5621,0.50,0.30
2008.03.20 07:37:05.059,1.5619,1.5621,0.50,0.30
2008.03.20 07:37:05.353,1.5619,1.5621,0.50,0.30
2008.03.20 07:37:05.649,1.5619,1.5621,0.50,0.30
2008.03.20 07:37:05.943,1.5619,1.5621,0.50,0.30
2008.03.20 07:37:06.237,1.5619,1.5621,0.50,0.30
2008.03.20 07:37:06.531,1.5619,1.5621,0.50,0.30
2008.03.20 07:37:06.824,1.5619,1.5621,0.50,0.30
2008.03.20 07:37:07.119,1.5619,1.5621,0.50,0.30
2008.03.20 07:37:07.367,1.5619,1.5621,0.50,0.30
2008.03.20 07:37:07.616,1.5619,1.5621,0.50,0.30
2008.03.20 07:37:07.865,1.5619,1.5621,0.50,0.30
2008.03.20 07:37:08.115,1.56195,1.5621,0.30,0.30
2008.03.20 07:37:08.425,1.5619,1.5621,0.50,0.30
2008.03.20 07:37:08.735,1.5619,1.5621,0.40,0.30
2008.03.20 07:37:09.044,1.5619,1.5621,0.40,0.30
2008.03.20 07:37:09.354,1.5619,1.5621,0.50,0.30
2008.03.20 07:37:09.592,1.5619,1.5621,0.50,0.30
2008.03.20 07:37:09.831,1.5619,1.5621,0.50,0.30
2008.03.20 07:37:10.071,1.5619,1.56205,0.30,0.30
2008.03.20 07:37:10.311,1.5619,1.56205,0.30,0.30
2008.03.20 07:37:10.629,1.5619,1.56205,0.30,0.30
2008.03.20 07:37:10.950,1.5619,1.56205,0.30,0.30
2008.03.20 07:37:11.269,1.5619,1.56205,0.30,0.30
2008.03.20 07:37:11.528,1.5619,1.56205,0.30,0.30
2008.03.20 07:37:11.788,1.5619,1.56205,0.30,0.30
2008.03.20 07:37:12.056,1.5619,1.56205,0.30,0.30
2008.03.20 07:37:12.317,1.5619,1.56205,0.30,0.30
2008.03.20 07:37:12.607,1.5619,1.56205,0.30,0.30
2008.03.20 07:37:12.898,1.5619,1.56205,0.30,0.30
2008.03.20 07:37:13.187,1.5619,1.56205,0.30,0.30
2008.03.20 07:37:13.475,1.5619,1.56205,0.30,0.30
2008.03.20 07:37:13.734,1.5619,1.56205,0.30,0.30
2008.03.20 07:37:13.992,1.5619,1.56205,0.30,0.30
2008.03.20 07:37:14.251,1.5619,1.56205,0.30,0.30
2008.03.20 07:37:14.535,1.5619,1.56205,0.30,0.30
2008.03.20 07:37:14.819,1.5619,1.56205,0.30,0.30
2008.03.20 07:37:15.105,1.5619,1.562,0.30,0.30
2008.03.20 07:37:15.391,1.5619,1.562,0.30,0.30
2008.03.20 07:37:15.681,1.5619,1.562,0.30,0.30
2008.03.20 07:37:15.980,1.56185,1.562,0.30,0.30
2008.03.20 07:37:16.272,1.56185,1.562,0.30,0.30
2008.03.20 07:37:16.568,1.56185,1.562,0.30,0.30
2008.03.20 07:37:16.861,1.56185,1.562,0.30,0.30
2008.03.20 07:37:17.155,1.56185,1.562,0.30,0.30
2008.03.20 07:37:17.450,1.56185,1.562,0.30,0.30
2008.03.20 07:37:17.723,1.56185,1.562,0.30,0.30
2008.03.20 07:37:17.986,1.56185,1.562,0.30,0.30
2008.03.20 07:37:18.253,1.56185,1.562,0.30,0.30
2008.03.20 07:37:18.519,1.56185,1.562,0.30,0.30
2008.03.20 07:37:18.791,1.56185,1.562,0.30,0.30
2008.03.20 07:37:19.060,1.56185,1.562,0.30,0.30
2008.03.20 07:37:19.329,1.56185,1.562,0.30,0.30
2008.03.20 07:37:19.598,1.56185,1.562,0.30,0.30
2008.03.20 07:37:19.868,1.56185,1.562,0.30,0.30
2008.03.20 07:37:20.136,1.56185,1.562,0.30,0.30
2008.03.20 07:37:20.417,1.56185,1.562,0.30,0.30
2008.03.20 07:37:20.691,1.56185,1.562,0.30,0.30
2008.03.20 07:37:20.965,1.56185,1.562,0.30,0.30
2008.03.20 07:37:21.247,1.56185,1.562,0.30,0.30
2008.03.20 07:37:21.533,1.5619,1.562,0.30,0.30
2008.03.20 07:37:21.847,1.56185,1.562,0.30,0.30
2008.03.20 07:37:22.163,1.56185,1.562,0.30,0.30
2008.03.20 07:37:22.478,1.56185,1.562,0.30,0.30
2008.03.20 07:37:22.708,1.56185,1.562,0.30,0.30
2008.03.20 07:37:22.936,1.56185,1.562,0.30,0.30
2008.03.20 07:37:23.165,1.56185,1.562,0.30,0.30
2008.03.20 07:37:23.395,1.56185,1.562,0.30,0.30
2008.03.20 07:37:23.686,1.56185,1.562,0.30,0.30
2008.03.20 07:37:23.974,1.56185,1.562,0.30,0.30
2008.03.20 07:37:24.265,1.56185,1.562,0.30,0.30
2008.03.20 07:37:24.553,1.56185,1.562,0.30,0.30
2008.03.20 07:37:24.801,1.56185,1.562,0.30,0.30
2008.03.20 07:37:25.049,1.56185,1.562,0.30,0.30
2008.03.20 07:37:25.299,1.56185,1.562,0.30,0.30
2008.03.20 07:37:25.549,1.56185,1.562,0.30,0.30
2008.03.20 07:37:25.843,1.56185,1.562,0.30,0.30
2008.03.20 07:37:26.137,1.56185,1.562,0.30,0.30
2008.03.20 07:37:26.430,1.56185,1.562,0.30,0.30
2008.03.20 07:37:26.730,1.56185,1.562,0.30,0.30
2008.03.20 07:37:27.031,1.5618,1.562,0.80,0.30
2008.03.20 07:37:27.332,1.5618,1.562,0.80,0.30
2008.03.20 07:37:27.633,1.5618,1.562,0.80,0.30
2008.03.20 07:37:27.877,1.5618,1.562,0.80,0.30
2008.03.20 07:37:28.123,1.5618,1.562,0.80,0.30
2008.03.20 07:37:28.376,1.5618,1.562,0.80,0.30
2008.03.20 07:37:28.616,1.5618,1.562,0.80,0.30
2008.03.20 07:37:28.940,1.5618,1.562,0.80,0.30
2008.03.20 07:37:31.007,1.5618,1.562,0.50,0.30
2008.03.20 07:37:31.031,1.5618,1.562,0.50,0.30
2008.03.20 07:37:31.118,1.5618,1.562,0.80,0.30
2008.03.20 07:37:31.207,1.5618,1.562,0.80,0.30
2008.03.20 07:37:31.298,1.5618,1.562,0.80,0.30
2008.03.20 07:37:31.381,1.5618,1.562,0.80,0.30
2008.03.20 07:37:31.464,1.5618,1.562,0.80,0.30
2008.03.20 07:37:31.548,1.5618,1.562,0.80,0.30
2008.03.20 07:37:31.632,1.5618,1.562,0.80,0.30
2008.03.20 07:37:31.716,1.5618,1.562,0.80,0.30
2008.03.20 07:37:31.800,1.5618,1.562,0.80,0.30
2008.03.20 07:37:31.895,1.5618,1.562,0.80,0.30
2008.03.20 07:37:31.978,1.5618,1.562,0.80,0.30
2008.03.20 07:37:32.062,1.5618,1.562,0.80,0.30
2008.03.20 07:37:32.397,1.5618,1.562,0.80,0.30
2008.03.20 07:37:32.741,1.5618,1.562,0.50,0.30
2008.03.20 07:37:33.075,1.5618,1.562,0.50,0.30
2008.03.20 07:37:33.299,1.5618,1.562,0.50,0.30
2008.03.20 07:37:33.523,1.5618,1.562,0.50,0.30
2008.03.20 07:37:33.750,1.5618,1.562,0.50,0.30
2008.03.20 07:37:33.975,1.5618,1.562,0.50,0.30
2008.03.20 07:37:34.200,1.5618,1.562,0.50,0.30
2008.03.20 07:37:34.534,1.5618,1.562,0.50,0.30
2008.03.20 07:37:34.869,1.5618,1.562,0.50,0.30
2008.03.20 07:37:35.203,1.5618,1.562,0.50,0.30
2008.03.20 07:37:35.437,1.5618,1.562,0.50,0.30
2008.03.20 07:37:35.671,1.5618,1.562,0.50,0.30
2008.03.20 07:37:35.905,1.5618,1.562,0.50,0.30
2008.03.20 07:37:36.139,1.5619,1.5621,0.40,0.70
2008.03.20 07:37:36.459,1.5619,1.5621,0.40,0.70
2008.03.20 07:37:36.779,1.5619,1.5621,0.40,0.70
2008.03.20 07:37:37.098,1.5619,1.5621,0.40,0.70
2008.03.20 07:37:37.348,1.5619,1.5621,0.40,0.70
2008.03.20 07:37:37.597,1.5619,1.5621,0.40,0.70
2008.03.20 07:37:37.847,1.5619,1.5621,0.40,0.30
2008.03.20 07:37:38.096,1.5619,1.5621,0.40,0.30
2008.03.20 07:37:38.381,1.5619,1.5621,0.40,0.30
2008.03.20 07:37:38.664,1.5619,1.5621,0.40,0.30
2008.03.20 07:37:38.947,1.5619,1.5621,0.40,0.30
2008.03.20 07:37:39.239,1.5619,1.5621,0.40,0.30
2008.03.20 07:37:39.543,1.5619,1.5621,0.40,0.30
2008.03.20 07:37:39.827,1.5619,1.5621,0.40,0.30
2008.03.20 07:37:40.111,1.5619,1.5621,0.40,0.30
2008.03.20 07:37:40.395,1.5619,1.5621,0.40,0.30
2008.03.20 07:37:40.655,1.5619,1.5621,0.40,0.60
2008.03.20 07:37:40.914,1.5619,1.5621,0.40,0.60
2008.03.20 07:37:41.172,1.5619,1.5621,0.40,0.60
2008.03.20 07:37:41.482,1.5619,1.5621,0.40,0.60
2008.03.20 07:37:41.791,1.5619,1.5621,0.40,0.60
2008.03.20 07:37:42.100,1.5619,1.5621,0.40,0.60
2008.03.20 07:37:42.411,1.5619,1.5621,0.40,0.60
2008.03.20 07:37:42.675,1.5619,1.5621,0.40,0.60
2008.03.20 07:37:42.939,1.5619,1.5621,0.40,0.60
2008.03.20 07:37:43.205,1.5619,1.5621,0.40,0.60
2008.03.20 07:37:43.453,1.5619,1.5621,0.40,0.60
2008.03.20 07:37:43.702,1.5619,1.5621,0.40,0.60
2008.03.20 07:37:43.952,1.5619,1.5621,0.40,0.60
2008.03.20 07:37:44.201,1.5619,1.5621,0.40,0.60
2008.03.20 07:37:44.495,1.5619,1.5621,0.40,0.60
2008.03.20 07:37:44.790,1.5619,1.5621,0.40,0.60
2008.03.20 07:37:45.087,1.5619,1.5621,0.40,0.60
2008.03.20 07:37:45.378,1.5619,1.5621,0.40,0.60
2008.03.20 07:37:45.661,1.5619,1.5621,0.40,0.60
2008.03.20 07:37:45.947,1.5619,1.5621,0.40,0.60
2008.03.20 07:37:46.231,1.5619,1.5621,0.40,0.60
2008.03.20 07:37:46.496,1.5619,1.5621,0.40,0.60
2008.03.20 07:37:46.760,1.5619,1.5621,0.40,0.60
2008.03.20 07:37:47.024,1.5619,1.5621,0.40,0.60
2008.03.20 07:37:47.289,1.5619,1.5621,0.40,0.60
2008.03.20 07:37:47.577,1.5619,1.5621,0.40,0.60
2008.03.20 07:37:47.865,1.5619,1.5621,0.40,0.60
2008.03.20 07:37:48.153,1.5619,1.5621,0.40,0.60
2008.03.20 07:37:48.441,1.5619,1.5621,0.40,0.60
2008.03.20 07:37:48.724,1.5619,1.5621,0.40,0.60
2008.03.20 07:37:49.007,1.5619,1.5621,0.40,0.60
2008.03.20 07:37:49.290,1.5619,1.5621,0.40,0.60
2008.03.20 07:37:49.504,1.56185,1.5621,4.50,0.40
2008.03.20 07:37:49.718,1.56185,1.5621,4.50,0.40
2008.03.20 07:37:49.932,1.56185,1.5621,4.50,0.40
2008.03.20 07:37:50.145,1.56185,1.5621,4.50,0.40
2008.03.20 07:37:50.360,1.56185,1.5621,4.50,0.40
2008.03.20 07:37:50.694,1.56185,1.5621,4.50,0.40
2008.03.20 07:37:51.028,1.56185,1.5621,4.50,0.40
2008.03.20 07:37:51.363,1.56185,1.56205,4.50,0.80
2008.03.20 07:37:51.596,1.56185,1.56205,4.50,0.80
2008.03.20 07:37:51.830,1.56185,1.56205,4.50,0.80
2008.03.20 07:37:52.063,1.56185,1.56205,4.50,0.80
2008.03.20 07:37:52.297,1.56185,1.56205,4.50,0.80
2008.03.20 07:37:52.531,1.5619,1.56205,0.30,0.80
2008.03.20 07:37:52.841,1.5619,1.56205,0.30,0.80
2008.03.20 07:37:53.150,1.5619,1.56205,0.30,0.80
2008.03.20 07:37:53.459,1.5619,1.56205,0.30,0.80
2008.03.20 07:37:53.718,1.5619,1.56205,0.30,0.80
2008.03.20 07:37:53.958,1.5619,1.56205,0.30,0.80
2008.03.20 07:37:54.206,1.5619,1.56205,0.30,0.80
2008.03.20 07:37:54.456,1.5619,1.56205,0.30,0.80
2008.03.20 07:37:54.730,1.5619,1.56205,0.30,0.80
2008.03.20 07:37:55.003,1.5619,1.56205,0.30,0.80
2008.03.20 07:37:55.278,1.5619,1.56205,0.30,0.80
2008.03.20 07:37:55.551,1.5619,1.56205,0.30,0.80
2008.03.20 07:37:55.837,1.5619,1.56205,0.30,0.80
2008.03.20 07:37:56.120,1.5619,1.56205,0.30,0.80
2008.03.20 07:37:56.415,1.5619,1.56205,0.30,0.80
2008.03.20 07:37:56.699,1.5619,1.56205,0.30,0.80
2008.03.20 07:37:56.977,1.5619,1.56205,0.30,0.80
2008.03.20 07:37:57.257,1.5619,1.56205,0.30,0.80
2008.03.20 07:37:57.536,1.5619,1.56205,0.30,0.80
2008.03.20 07:37:57.799,1.5619,1.56205,0.30,0.80
2008.03.20 07:37:58.063,1.5619,1.56205,0.30,0.80
2008.03.20 07:37:58.326,1.5619,1.56205,0.30,0.80
2008.03.20 07:37:58.590,1.5619,1.56205,0.30,0.80
2008.03.20 07:37:58.848,1.5619,1.56205,0.30,0.80
2008.03.20 07:37:59.107,1.5619,1.56205,0.60,0.80
2008.03.20 07:37:59.367,1.56185,1.56205,4.50,0.80
2008.03.20 07:37:59.626,1.56185,1.56205,4.50,0.80
2008.03.20 07:37:59.917,1.5619,1.56205,0.30,0.80
2008.03.20 07:38:00.207,1.5619,1.56205,0.30,0.80
2008.03.20 07:38:00.497,1.5619,1.56215,0.30,0.30
2008.03.20 07:38:00.760,1.5619,1.56215,0.30,0.30
2008.03.20 07:38:01.024,1.5619,1.56215,0.30,0.30
2008.03.20 07:38:01.287,1.5619,1.56215,0.30,0.30
2008.03.20 07:38:01.550,1.5619,1.56215,0.30,0.30
2008.03.20 07:38:01.859,1.5619,1.56215,0.30,0.30
2008.03.20 07:38:02.158,1.5619,1.56215,0.30,0.30
2008.03.20 07:38:02.457,1.5619,1.56215,0.30,0.30
2008.03.20 07:38:02.755,1.5619,1.56215,0.30,0.30
2008.03.20 07:38:03.003,1.5619,1.56215,0.30,0.30
2008.03.20 07:38:03.252,1.5619,1.56215,0.30,0.30
2008.03.20 07:38:03.501,1.5619,1.56215,0.30,0.30
2008.03.20 07:38:03.752,1.5619,1.56215,0.30,0.30
2008.03.20 07:38:04.021,1.5619,1.56215,0.30,0.30
2008.03.20 07:38:04.294,1.5619,1.56215,0.30,0.30
2008.03.20 07:38:04.563,1.5619,1.56215,0.30,0.30
2008.03.20 07:38:04.823,1.5619,1.56215,0.30,0.30
2008.03.20 07:38:05.084,1.5619,1.5621,0.30,0.30
2008.03.20 07:38:05.343,1.5619,1.5621,0.30,0.30
2008.03.20 07:38:05.600,1.5619,1.5621,0.30,0.30
2008.03.20 07:38:05.900,1.5619,1.5622,0.50,0.60
2008.03.20 07:38:06.199,1.562,1.5621,8.00,0.30
2008.03.20 07:38:06.499,1.5619,1.5622,0.50,0.30
2008.03.20 07:38:06.800,1.562,1.5622,8.00,0.30
2008.03.20 07:38:07.094,1.562,1.5622,8.00,0.30
2008.03.20 07:38:07.387,1.562,1.5622,8.00,0.30
2008.03.20 07:38:07.682,1.562,1.5622,8.00,0.30
2008.03.20 07:38:07.940,1.562,1.5622,8.00,0.30
2008.03.20 07:38:08.199,1.562,1.5622,8.00,0.30
2008.03.20 07:38:08.458,1.562,1.5622,8.00,0.30
2008.03.20 07:38:08.718,1.562,1.5622,8.00,0.30
2008.03.20 07:38:09.019,1.562,1.5622,8.00,0.30
2008.03.20 07:38:09.317,1.562,1.5622,8.00,0.30
2008.03.20 07:38:09.615,1.562,1.5622,8.00,0.30
2008.03.20 07:38:09.866,1.562,1.5622,8.00,0.30
2008.03.20 07:38:10.115,1.562,1.5622,8.00,0.30
2008.03.20 07:38:10.364,1.562,1.5622,8.00,0.30
2008.03.20 07:38:10.613,1.5619,1.5622,0.50,0.60
2008.03.20 07:38:10.888,1.5619,1.5622,0.40,0.60
2008.03.20 07:38:11.163,1.5619,1.5622,0.50,0.60
2008.03.20 07:38:11.437,1.5619,1.5622,0.50,0.60
2008.03.20 07:38:11.714,1.5619,1.5622,0.50,0.60
2008.03.20 07:38:12.008,1.5619,1.5622,0.50,0.60
2008.03.20 07:38:12.301,1.5619,1.5622,0.50,0.60
2008.03.20 07:38:12.605,1.5619,1.5622,0.50,0.60
2008.03.20 07:38:12.898,1.5619,1.5622,0.50,0.60
2008.03.20 07:38:13.151,1.5619,1.5622,0.50,0.60
2008.03.20 07:38:13.405,1.5619,1.5622,0.50,0.60
2008.03.20 07:38:13.660,1.5619,1.5622,0.50,0.60
2008.03.20 07:38:13.913,1.5619,1.56215,0.30,0.30
2008.03.20 07:38:14.198,1.5619,1.56215,0.30,0.30
2008.03.20 07:38:14.484,1.56185,1.56215,13.30,0.30
2008.03.20 07:38:14.769,1.56185,1.56215,13.10,0.30
2008.03.20 07:38:15.029,1.56185,1.56215,13.10,0.50
2008.03.20 07:38:15.289,1.56185,1.56215,13.30,0.30
2008.03.20 07:38:15.549,1.56185,1.56215,13.30,0.30
2008.03.20 07:38:15.809,1.56185,1.56215,13.30,0.30
2008.03.20 07:38:16.083,1.56185,1.56215,13.30,0.30
2008.03.20 07:38:16.356,1.56185,1.56215,13.30,0.30
2008.03.20 07:38:16.631,1.56185,1.56215,13.30,0.30
2008.03.20 07:38:16.905,1.56185,1.56215,13.30,0.30
2008.03.20 07:38:17.220,1.56185,1.56215,13.30,0.30
2008.03.20 07:38:17.512,1.56185,1.56215,13.30,0.30
2008.03.20 07:38:17.817,1.56185,1.56215,4.50,0.30
2008.03.20 07:38:18.051,1.56185,1.56215,4.50,0.30
2008.03.20 07:38:18.284,1.56185,1.56205,4.20,0.30
2008.03.20 07:38:18.518,1.56185,1.56205,0.30,0.30
2008.03.20 07:38:18.755,1.56185,1.56205,0.30,0.30
2008.03.20 07:38:18.989,1.56185,1.56205,0.30,0.30
2008.03.20 07:38:19.303,1.56185,1.56205,0.30,0.30
2008.03.20 07:38:19.617,1.56185,1.56205,0.30,0.30
2008.03.20 07:38:19.931,1.56185,1.56205,0.30,0.30
2008.03.20 07:38:20.186,1.56185,1.56205,0.30,0.30
2008.03.20 07:38:20.440,1.56185,1.56205,0.30,0.30
2008.03.20 07:38:20.694,1.56185,1.56205,0.30,0.30
2008.03.20 07:38:20.960,1.56185,1.56205,0.30,0.30
2008.03.20 07:38:21.239,1.56185,1.56205,0.30,0.30
2008.03.20 07:38:21.517,1.56185,1.56205,0.30,0.30
2008.03.20 07:38:21.796,1.56185,1.56205,0.30,0.30
2008.03.20 07:38:22.075,1.56185,1.56205,0.30,0.30
2008.03.20 07:38:22.365,1.56185,1.56215,0.50,6.80
2008.03.20 07:38:22.666,1.56185,1.56215,4.50,0.50
2008.03.20 07:38:22.956,1.5619,1.56215,0.30,0.30
2008.03.20 07:38:23.196,1.56195,1.5622,4.50,0.40
2008.03.20 07:38:23.435,1.5621,1.56225,0.30,4.20
2008.03.20 07:38:23.675,1.562,1.5622,0.60,0.40
2008.03.20 07:38:23.915,1.562,1.56215,0.30,0.30
2008.03.20 07:38:24.246,1.562,1.5622,0.60,0.60
2008.03.20 07:38:24.575,1.562,1.5622,0.60,0.60
2008.03.20 07:38:24.904,1.562,1.56215,0.30,0.30
2008.03.20 07:38:25.135,1.56195,1.56215,0.80,3.40
2008.03.20 07:38:25.367,1.5619,1.5621,0.30,0.60
2008.03.20 07:38:25.597,1.5619,1.56205,0.30,0.30
2008.03.20 07:38:25.828,1.5618,1.562,0.30,0.40
2008.03.20 07:38:26.056,1.5618,1.562,0.30,0.40
2008.03.20 07:38:26.380,1.5618,1.562,0.30,0.40
2008.03.20 07:38:26.705,1.5618,1.562,0.30,0.40
2008.03.20 07:38:27.029,1.5618,1.562,0.30,0.60
2008.03.20 07:38:27.303,1.5618,1.562,0.30,0.40
2008.03.20 07:38:27.578,1.5618,1.562,0.30,0.40
2008.03.20 07:38:27.853,1.5618,1.5619,0.30,0.30
2008.03.20 07:38:28.127,1.56175,1.5619,4.80,0.30
2008.03.20 07:38:28.402,1.5616,1.5619,0.50,0.30
2008.03.20 07:38:28.677,1.5616,1.5619,0.50,0.30
2008.03.20 07:38:28.959,1.5616,1.5619,0.50,0.30
2008.03.20 07:38:29.257,1.5616,1.5619,0.50,0.30
2008.03.20 07:38:29.558,1.5616,1.5619,0.50,0.30
2008.03.20 07:38:29.856,1.5616,1.5619,0.50,0.30
2008.03.20 07:38:30.156,1.5617,1.56195,0.40,4.10
2008.03.20 07:38:30.413,1.5619,1.56195,0.40,4.00
2008.03.20 07:38:30.667,1.56175,1.56195,10.10,4.00
2008.03.20 07:38:30.922,1.5618,1.562,0.30,0.50
2008.03.20 07:38:31.232,1.5618,1.562,0.30,0.30
2008.03.20 07:38:31.541,1.56175,1.562,0.40,0.50
2008.03.20 07:38:31.851,1.5617,1.56195,0.50,4.20
2008.03.20 07:38:32.162,1.5617,1.56195,0.50,4.00
2008.03.20 07:38:32.446,1.5617,1.5619,0.30,0.30
2008.03.20 07:38:32.731,1.56165,1.5619,0.30,0.30
2008.03.20 07:38:33.017,1.56165,1.5619,0.30,0.30
2008.03.20 07:38:33.312,1.56165,1.5619,0.30,0.30
2008.03.20 07:38:33.596,1.56165,1.5619,0.30,0.30
2008.03.20 07:38:33.880,1.56165,1.5619,0.30,0.30
2008.03.20 07:38:34.163,1.56165,1.5619,0.30,0.30
2008.03.20 07:38:34.422,1.56165,1.5619,0.30,0.30
2008.03.20 07:38:34.682,1.56165,1.5619,0.30,0.30
2008.03.20 07:38:34.941,1.56165,1.5619,0.30,0.30
2008.03.20 07:38:35.200,1.56165,1.5619,0.30,0.30
2008.03.20 07:38:35.460,1.5617,1.5619,0.30,0.60
2008.03.20 07:38:35.720,1.5617,1.56185,0.30,0.30
2008.03.20 07:38:35.979,1.5616,1.56185,0.30,0.30
2008.03.20 07:38:36.238,1.56155,1.56185,4.30,0.30
2008.03.20 07:38:36.527,1.56155,1.56185,4.50,0.30
2008.03.20 07:38:36.817,1.56155,1.56185,4.50,0.30
2008.03.20 07:38:37.106,1.5616,1.56185,0.30,0.30
2008.03.20 07:38:37.416,1.56155,1.56185,4.30,0.30
2008.03.20 07:38:37.725,1.56155,1.56185,4.30,0.30
2008.03.20 07:38:38.033,1.56155,1.56185,4.30,0.30
2008.03.20 07:38:38.342,1.56155,1.56185,4.30,0.30
2008.03.20 07:38:38.585,1.56155,1.56185,4.50,0.30
2008.03.20 07:38:38.819,1.5616,1.56185,0.30,0.30
2008.03.20 07:38:39.056,1.56155,1.56185,4.50,0.30
2008.03.20 07:38:39.382,1.5616,1.5619,0.50,0.70
2008.03.20 07:38:39.708,1.56165,1.5619,12.30,0.60
2008.03.20 07:38:40.033,1.5617,1.5619,0.30,0.60
2008.03.20 07:38:40.360,1.5618,1.5619,0.30,0.40
2008.03.20 07:38:40.609,1.5618,1.5619,0.30,0.40
2008.03.20 07:38:40.858,1.56175,1.5619,0.80,0.40
2008.03.20 07:38:41.107,1.56175,1.5619,0.80,0.40
2008.03.20 07:38:41.403,1.5617,1.5619,0.30,0.40
2008.03.20 07:38:41.697,1.5617,1.56195,0.30,0.30
2008.03.20 07:38:41.992,1.5617,1.5619,0.30,0.60
2008.03.20 07:38:42.287,1.5617,1.5619,0.30,0.40
2008.03.20 07:38:42.591,1.5617,1.5619,0.30,0.40
2008.03.20 07:38:42.895,1.5617,1.5619,0.30,0.40
2008.03.20 07:38:43.199,1.5617,1.5619,0.30,0.40
2008.03.20 07:38:43.429,1.5617,1.5619,0.30,0.40
2008.03.20 07:38:43.658,1.5617,1.5619,0.30,0.40
2008.03.20 07:38:43.890,1.5617,1.5619,0.30,0.40
2008.03.20 07:38:44.129,1.5617,1.5619,0.30,0.40
2008.03.20 07:38:44.371,1.5617,1.5619,0.30,0.40
2008.03.20 07:38:44.707,1.5617,1.5619,0.30,0.60
2008.03.20 07:38:45.040,1.5617,1.5619,0.30,0.60
2008.03.20 07:38:45.376,1.5618,1.5619,0.30,0.40
2008.03.20 07:38:45.586,1.5618,1.5619,0.30,0.40
2008.03.20 07:38:45.797,1.56175,1.5619,0.80,0.40
2008.03.20 07:38:46.007,1.56175,1.5619,0.80,0.40
2008.03.20 07:38:46.222,1.5618,1.56195,0.30,4.00
2008.03.20 07:38:46.554,1.5618,1.562,0.30,0.40
2008.03.20 07:38:46.892,1.5618,1.562,9.30,0.40
2008.03.20 07:38:47.226,1.56185,1.562,0.80,0.40
2008.03.20 07:38:47.466,1.56185,1.562,0.80,0.40
2008.03.20 07:38:47.705,1.56185,1.56215,0.40,4.40
2008.03.20 07:38:47.944,1.56185,1.56215,4.30,0.50
2008.03.20 07:38:48.184,1.56185,1.56215,4.30,0.30
2008.03.20 07:38:48.423,1.56185,1.56215,4.30,0.30
2008.03.20 07:38:48.717,1.5619,1.56215,0.30,0.30
2008.03.20 07:38:49.012,1.5619,1.5622,0.80,0.60
2008.03.20 07:38:49.309,1.5619,1.5622,0.80,0.60
2008.03.20 07:38:49.569,1.5619,1.5622,0.80,0.60
2008.03.20 07:38:49.830,1.56195,1.5622,0.30,0.60
2008.03.20 07:38:50.089,1.56195,1.5622,0.30,0.60
2008.03.20 07:38:50.350,1.56195,1.5622,0.30,0.60
2008.03.20 07:38:50.629,1.56195,1.5622,0.30,0.30
2008.03.20 07:38:50.909,1.56195,1.5622,0.30,0.30
2008.03.20 07:38:51.191,1.56195,1.5622,0.30,0.60
2008.03.20 07:38:51.484,1.56195,1.5622,0.30,0.60
2008.03.20 07:38:51.793,1.56195,1.5622,0.30,0.60
2008.03.20 07:38:52.106,1.56195,1.5622,0.30,0.30
2008.03.20 07:38:52.414,1.56195,1.5622,0.30,0.30
2008.03.20 07:38:52.650,1.56195,1.5622,0.30,0.30
2008.03.20 07:38:52.885,1.56195,1.56225,0.50,4.20
2008.03.20 07:38:53.123,1.562,1.56225,0.60,4.20
2008.03.20 07:38:53.357,1.562,1.56225,0.60,0.30
2008.03.20 07:38:53.655,1.562,1.56225,0.60,0.30
2008.03.20 07:38:53.956,1.562,1.5622,0.30,0.40
2008.03.20 07:38:54.256,1.562,1.5622,0.60,0.40
2008.03.20 07:38:54.555,1.562,1.5622,0.60,0.40
2008.03.20 07:38:54.809,1.562,1.5622,0.30,0.40
2008.03.20 07:38:55.065,1.56195,1.5622,13.00,0.60
2008.03.20 07:38:55.320,1.56195,1.56215,0.30,0.30
2008.03.20 07:38:55.578,1.562,1.56215,0.60,4.00
2008.03.20 07:38:55.883,1.562,1.56225,0.80,4.80
2008.03.20 07:38:56.190,1.5621,1.56225,0.30,4.00
2008.03.20 07:38:56.493,1.5621,1.5623,0.30,0.60
2008.03.20 07:38:56.767,1.5621,1.5623,0.30,0.60
2008.03.20 07:38:57.040,1.5621,1.5623,0.30,0.60
2008.03.20 07:38:57.315,1.5621,1.5623,0.30,0.60
2008.03.20 07:38:57.588,1.5621,1.5623,0.30,0.60
2008.03.20 07:38:57.856,1.5621,1.5623,0.30,0.60
2008.03.20 07:38:58.116,1.5621,1.5623,0.30,0.60
2008.03.20 07:38:58.374,1.5621,1.5623,0.30,0.60
2008.03.20 07:38:58.634,1.5621,1.5623,0.30,0.60
2008.03.20 07:38:58.900,1.5621,1.5622,0.30,0.40
2008.03.20 07:38:59.165,1.5621,1.5623,0.30,0.30
2008.03.20 07:38:59.430,1.5621,1.5623,0.30,0.60
2008.03.20 07:38:59.695,1.5621,1.5623,0.30,0.60
2008.03.20 07:38:59.980,1.5621,1.5623,0.30,0.60
2008.03.20 07:39:00.264,1.5621,1.5623,0.30,0.70
2008.03.20 07:39:00.550,1.5621,1.5623,0.30,0.70
2008.03.20 07:39:00.847,1.5621,1.5623,0.30,0.60
2008.03.20 07:39:01.137,1.5621,1.5623,0.30,0.60
2008.03.20 07:39:01.412,1.5621,1.5623,0.30,0.60
2008.03.20 07:39:01.701,1.5621,1.5623,0.30,0.60
2008.03.20 07:39:01.996,1.5621,1.5623,0.30,0.60
2008.03.20 07:39:02.290,1.5621,1.5623,0.30,0.60
2008.03.20 07:39:02.586,1.56205,1.56225,0.80,0.30
2008.03.20 07:39:02.850,1.56195,1.5622,8.20,0.60
2008.03.20 07:39:03.125,1.56195,1.56215,0.30,0.30
2008.03.20 07:39:03.390,1.56195,1.56215,0.30,0.30
2008.03.20 07:39:03.653,1.56195,1.56215,0.30,0.30
2008.03.20 07:39:03.947,1.56195,1.56215,0.30,0.30
2008.03.20 07:39:04.240,1.56195,1.56215,0.30,0.30
2008.03.20 07:39:04.544,1.56195,1.56215,0.30,0.30
2008.03.20 07:39:04.838,1.56195,1.56215,0.30,0.30
2008.03.20 07:39:05.108,1.56195,1.56215,0.30,0.30
2008.03.20 07:39:05.376,1.56195,1.56215,0.30,0.30
2008.03.20 07:39:05.645,1.56195,1.56215,0.30,0.30
2008.03.20 07:39:05.904,1.56195,1.56215,0.30,0.30
2008.03.20 07:39:06.164,1.56195,1.56215,0.30,0.30
2008.03.20 07:39:06.422,1.56195,1.56215,0.30,0.30
2008.03.20 07:39:06.680,1.56195,1.56215,0.30,0.30
2008.03.20 07:39:06.994,1.56195,1.56215,0.30,0.30
2008.03.20 07:39:07.308,1.56195,1.56215,0.30,0.30
2008.03.20 07:39:07.621,1.56195,1.56215,0.30,0.30
2008.03.20 07:39:07.937,1.56195,1.56215,0.30,0.30
2008.03.20 07:39:08.181,1.56195,1.56215,0.30,0.30
2008.03.20 07:39:08.404,1.56195,1.56215,0.30,0.30
2008.03.20 07:39:08.638,1.56195,1.56215,0.30,0.30
2008.03.20 07:39:08.872,1.56195,1.56215,0.30,0.30
2008.03.20 07:39:09.181,1.56195,1.56215,0.30,0.30
2008.03.20 07:39:09.490,1.56195,1.56215,0.30,0.30
2008.03.20 07:39:09.805,1.56195,1.56215,0.30,0.30
2008.03.20 07:39:10.044,1.56195,1.56215,0.30,0.30
2008.03.20 07:39:10.295,1.56195,1.56215,0.30,0.30
2008.03.20 07:39:10.546,1.562,1.5622,0.30,0.30
2008.03.20 07:39:10.800,1.562,1.56215,0.30,0.30
2008.03.20 07:39:11.129,1.56195,1.56215,0.30,0.30
2008.03.20 07:39:11.448,1.56195,1.56215,0.30,0.30
2008.03.20 07:39:11.768,1.5619,1.56205,0.30,0.30
2008.03.20 07:39:12.035,1.5619,1.56205,0.30,0.30
2008.03.20 07:39:12.302,1.5619,1.56205,0.30,0.30
2008.03.20 07:39:12.579,1.56185,1.56205,0.30,0.30
2008.03.20 07:39:12.855,1.56185,1.56205,0.30,0.30
2008.03.20 07:39:13.146,1.56185,1.5621,0.30,0.30
2008.03.20 07:39:13.414,1.56185,1.5621,0.30,0.30
2008.03.20 07:39:13.692,1.56185,1.5621,0.30,0.30
2008.03.20 07:39:13.971,1.56185,1.5621,0.30,0.30
2008.03.20 07:39:14.265,1.56185,1.5621,0.30,0.30
2008.03.20 07:39:14.561,1.56185,1.5621,0.30,0.30
2008.03.20 07:39:14.854,1.56185,1.5621,0.30,0.30
2008.03.20 07:39:15.088,1.56185,1.5621,0.30,0.30
2008.03.20 07:39:15.321,1.56185,1.5621,0.30,0.30
2008.03.20 07:39:15.555,1.56185,1.5621,0.30,0.30
2008.03.20 07:39:15.791,1.56185,1.5621,0.30,0.30
2008.03.20 07:39:16.025,1.56185,1.562,0.30,0.30
2008.03.20 07:39:16.325,1.5618,1.56205,0.60,4.20
2008.03.20 07:39:16.626,1.5618,1.562,0.60,0.40
2008.03.20 07:39:16.925,1.5618,1.562,0.60,0.40
2008.03.20 07:39:17.211,1.5618,1.562,0.60,0.40
2008.03.20 07:39:17.494,1.5618,1.562,0.60,0.40
2008.03.20 07:39:17.778,1.5618,1.562,0.60,0.40
2008.03.20 07:39:18.063,1.5618,1.562,0.60,0.40
2008.03.20 07:39:18.338,1.5618,1.562,0.60,0.40
2008.03.20 07:39:18.613,1.5618,1.5621,0.80,0.60
2008.03.20 07:39:18.888,1.5618,1.5621,0.50,0.60
2008.03.20 07:39:19.163,1.5618,1.5621,0.80,0.60
2008.03.20 07:39:19.447,1.5618,1.5621,0.80,0.60
2008.03.20 07:39:19.730,1.5618,1.5621,0.80,0.60
2008.03.20 07:39:20.019,1.5618,1.5621,0.80,0.60
2008.03.20 07:39:20.279,1.5618,1.5621,0.80,0.60
2008.03.20 07:39:20.538,1.5618,1.5621,0.80,0.60
2008.03.20 07:39:20.798,1.5618,1.5621,0.80,0.60
2008.03.20 07:39:21.056,1.5618,1.5621,0.80,0.70
2008.03.20 07:39:21.352,1.5619,1.5621,0.30,0.30
2008.03.20 07:39:21.642,1.5619,1.5621,0.30,0.30
2008.03.20 07:39:21.926,1.5619,1.5621,0.30,0.30
2008.03.20 07:39:22.213,1.56185,1.5621,4.20,0.60
2008.03.20 07:39:22.528,1.5618,1.5621,0.80,0.60
2008.03.20 07:39:22.842,1.5618,1.5621,0.80,0.60
2008.03.20 07:39:23.155,1.5618,1.5621,0.80,0.60
2008.03.20 07:39:23.393,1.5618,1.5621,0.80,0.60
2008.03.20 07:39:23.633,1.5618,1.5621,0.80,0.60
2008.03.20 07:39:23.872,1.5618,1.5621,0.80,0.60
2008.03.20 07:39:24.111,1.5618,1.5621,0.80,0.60
2008.03.20 07:39:24.395,1.5618,1.5621,0.80,0.60
2008.03.20 07:39:24.680,1.56185,1.56205,0.30,0.30
2008.03.20 07:39:24.963,1.56185,1.56205,0.30,0.30
2008.03.20 07:39:25.248,1.56175,1.56205,4.50,0.30
2008.03.20 07:39:25.527,1.56175,1.56205,4.50,0.30
2008.03.20 07:39:25.807,1.56175,1.56205,4.50,0.30
2008.03.20 07:39:26.085,1.56175,1.56205,4.50,0.30
2008.03.20 07:39:26.362,1.56175,1.56205,4.50,0.30
2008.03.20 07:39:26.624,1.56175,1.56205,4.50,0.30
2008.03.20 07:39:26.892,1.5618,1.56205,0.60,0.30
2008.03.20 07:39:27.156,1.5618,1.56205,0.60,0.30
2008.03.20 07:39:27.445,1.5618,1.56205,0.60,0.30
2008.03.20 07:39:27.734,1.5618,1.56205,0.60,0.30
2008.03.20 07:39:28.023,1.5618,1.56205,0.60,0.30
2008.03.20 07:39:28.312,1.5618,1.56205,0.60,0.30
2008.03.20 07:39:28.586,1.5618,1.56205,0.60,0.30
2008.03.20 07:39:28.859,1.5618,1.56205,0.60,0.30
2008.03.20 07:39:29.134,1.5618,1.56205,0.60,0.30
2008.03.20 07:39:29.394,1.5618,1.56205,0.60,0.30
2008.03.20 07:39:29.653,1.5618,1.56205,0.60,0.30
2008.03.20 07:39:29.912,1.5618,1.56205,0.60,0.30
2008.03.20 07:39:30.171,1.5618,1.56205,0.60,0.30
2008.03.20 07:39:30.436,1.5618,1.56205,0.60,0.30
2008.03.20 07:39:30.700,1.5618,1.56205,0.60,0.30
2008.03.20 07:39:30.962,1.5618,1.56205,0.60,0.30
2008.03.20 07:39:31.226,1.5618,1.56205,0.60,0.30
2008.03.20 07:39:31.512,1.5618,1.56205,0.30,0.30
2008.03.20 07:39:31.784,1.5618,1.56205,0.30,0.30
2008.03.20 07:39:32.069,1.5618,1.56205,0.60,0.30
2008.03.20 07:39:32.356,1.56185,1.56205,0.30,0.30
2008.03.20 07:39:32.690,1.56185,1.5621,0.30,0.60
2008.03.20 07:39:33.008,1.5618,1.5621,0.80,0.60
2008.03.20 07:39:33.339,1.5618,1.56205,0.30,0.30
2008.03.20 07:39:33.575,1.5618,1.56205,0.30,0.30
2008.03.20 07:39:33.808,1.5618,1.56205,0.30,0.30
2008.03.20 07:39:34.042,1.5618,1.56205,0.30,0.30
2008.03.20 07:39:34.275,1.5618,1.56205,0.30,0.30
2008.03.20 07:39:34.564,1.5618,1.56205,0.30,0.30
2008.03.20 07:39:34.854,1.5618,1.56205,0.30,0.30
2008.03.20 07:39:35.145,1.5618,1.56205,0.60,0.30
2008.03.20 07:39:35.434,1.5618,1.56205,0.30,0.30
2008.03.20 07:39:35.713,1.5618,1.56205,0.30,0.30
2008.03.20 07:39:35.992,1.5618,1.56205,0.30,0.30
2008.03.20 07:39:36.271,1.5618,1.56205,0.30,0.30
2008.03.20 07:39:36.535,1.5618,1.56205,0.30,0.30
2008.03.20 07:39:36.799,1.5618,1.56205,0.30,0.30
2008.03.20 07:39:37.064,1.5618,1.56205,0.60,0.30
2008.03.20 07:39:37.330,1.5618,1.56205,0.30,0.30
2008.03.20 07:39:37.661,1.5618,1.56205,0.30,0.30
2008.03.20 07:39:37.991,1.5618,1.56205,0.30,0.30
2008.03.20 07:39:38.319,1.5618,1.56205,0.30,0.30
2008.03.20 07:39:38.566,1.5618,1.56205,0.30,0.30
2008.03.20 07:39:38.809,1.5618,1.56205,0.30,0.30
2008.03.20 07:39:39.053,1.5618,1.56205,0.30,0.30
2008.03.20 07:39:39.299,1.5618,1.56205,0.30,0.30
2008.03.20 07:39:39.601,1.56185,1.56205,0.30,0.30
2008.03.20 07:39:39.905,1.5618,1.56205,0.30,0.30
2008.03.20 07:39:40.213,1.56175,1.562,0.30,0.60
2008.03.20 07:39:40.516,1.56175,1.56195,0.30,0.30
2008.03.20 07:39:40.797,1.56175,1.56195,0.30,0.30
2008.03.20 07:39:41.057,1.5618,1.562,0.60,0.30
2008.03.20 07:39:41.325,1.5618,1.562,0.30,0.60
2008.03.20 07:39:41.589,1.56175,1.56195,0.30,0.30
2008.03.20 07:39:41.855,1.56175,1.56195,0.30,0.30
2008.03.20 07:39:42.118,1.56175,1.56195,0.30,0.30
2008.03.20 07:39:42.381,1.56175,1.56195,0.30,0.30
2008.03.20 07:39:42.692,1.5618,1.562,0.40,0.40
2008.03.20 07:39:43.002,1.56175,1.56195,0.30,0.30
2008.03.20 07:39:43.311,1.56175,1.56195,0.30,0.30
2008.03.20 07:39:43.624,1.5617,1.562,0.80,0.30
2008.03.20 07:39:43.864,1.5617,1.56195,0.30,0.30
2008.03.20 07:39:44.106,1.5617,1.56195,0.30,0.30
2008.03.20 07:39:44.346,1.56165,1.5619,0.30,0.30
2008.03.20 07:39:44.647,1.56165,1.5619,0.30,0.30
2008.03.20 07:39:44.945,1.56165,1.5619,0.30,0.30
2008.03.20 07:39:45.244,1.56165,1.5619,0.30,0.30
2008.03.20 07:39:45.544,1.5617,1.56195,0.80,4.00
2008.03.20 07:39:45.813,1.5617,1.56195,0.80,4.00
2008.03.20 07:39:46.083,1.5617,1.56195,0.80,4.00
2008.03.20 07:39:46.354,1.5617,1.56195,0.80,4.00
2008.03.20 07:39:46.633,1.56165,1.56195,0.50,4.20
2008.03.20 07:39:46.913,1.56165,1.56195,0.50,4.20
2008.03.20 07:39:47.192,1.5617,1.5619,0.30,0.30
2008.03.20 07:39:47.471,1.5617,1.5619,0.30,0.30
2008.03.20 07:39:47.750,1.5617,1.5619,0.30,0.30
2008.03.20 07:39:48.031,1.5617,1.5619,0.30,0.30
2008.03.20 07:39:48.311,1.5617,1.5619,0.30,0.30
2008.03.20 07:39:48.592,1.5617,1.5619,0.30,0.30
2008.03.20 07:39:50.065,1.5617,1.5619,0.30,0.30
2008.03.20 07:39:50.120,1.56165,1.5619,0.30,0.30
2008.03.20 07:39:50.153,1.56165,1.5619,0.30,0.30
2008.03.20 07:39:50.198,1.56165,1.5619,0.30,0.30
2008.03.20 07:39:50.243,1.56165,1.5619,0.30,0.30
2008.03.20 07:39:50.287,1.56165,1.5619,0.30,0.30
2008.03.20 07:39:50.331,1.56165,1.5619,0.30,0.30
2008.03.20 07:39:50.396,1.56165,1.5619,0.30,0.30
2008.03.20 07:39:50.441,1.56165,1.5619,0.30,0.30
2008.03.20 07:39:50.498,1.56165,1.5619,0.30,0.30
2008.03.20 07:39:50.556,1.56165,1.5619,0.30,0.30
2008.03.20 07:39:51.913,1.56165,1.5619,0.30,0.30
2008.03.20 07:39:52.230,1.56185,1.56195,0.40,4.10
2008.03.20 07:39:52.555,1.56185,1.56195,0.40,4.00
2008.03.20 07:39:52.878,1.5618,1.56195,0.50,4.00
2008.03.20 07:39:53.205,1.5617,1.5619,0.30,0.60
2008.03.20 07:39:53.512,1.5617,1.5619,0.30,0.30
2008.03.20 07:39:53.822,1.5618,1.56195,0.30,4.00
2008.03.20 07:39:54.131,1.5618,1.562,0.60,1.10
2008.03.20 07:39:54.363,1.5618,1.56205,0.60,0.30
2008.03.20 07:39:54.605,1.56185,1.56205,0.30,0.30
2008.03.20 07:39:54.848,1.5619,1.5621,0.30,0.30
2008.03.20 07:39:55.076,1.5619,1.5621,0.30,0.30
2008.03.20 07:39:55.305,1.5619,1.5621,0.30,0.60
2008.03.20 07:39:55.641,1.56185,1.5621,0.30,0.60
2008.03.20 07:39:55.975,1.5618,1.5621,0.80,0.60
2008.03.20 07:39:56.315,1.56185,1.5621,0.30,0.60
2008.03.20 07:39:56.539,1.56185,1.5621,0.30,0.60
2008.03.20 07:39:56.773,1.56185,1.5621,0.30,0.60
2008.03.20 07:39:57.007,1.56185,1.5621,0.30,0.60
2008.03.20 07:39:57.222,1.56185,1.5621,0.30,0.60
2008.03.20 07:39:57.551,1.56185,1.5621,0.30,0.60
2008.03.20 07:39:57.881,1.56185,1.5621,0.30,0.60
2008.03.20 07:39:58.210,1.56185,1.5621,0.30,0.60
2008.03.20 07:39:58.431,1.56185,1.5621,0.30,0.30
2008.03.20 07:39:58.650,1.56185,1.5621,0.30,0.30
2008.03.20 07:39:58.872,1.56185,1.5621,0.30,0.30
2008.03.20 07:39:59.089,1.56185,1.5621,0.30,0.30
2008.03.20 07:39:59.309,1.56185,1.5621,0.30,0.30
2008.03.20 07:39:59.643,1.56185,1.5621,0.30,0.30
2008.03.20 07:39:59.977,1.56185,1.5621,0.30,0.30
2008.03.20 07:40:00.310,1.56185,1.5621,0.30,0.30
2008.03.20 07:40:00.514,1.56185,1.5621,0.30,0.30
2008.03.20 07:40:00.729,1.56185,1.5621,0.30,0.30
2008.03.20 07:40:00.933,1.56185,1.5621,0.30,0.30
2008.03.20 07:40:01.138,1.56185,1.5621,0.30,0.30
2008.03.20 07:40:01.341,1.56185,1.5621,0.30,0.30
2008.03.20 07:40:01.676,1.56185,1.5621,0.30,0.30
2008.03.20 07:40:02.010,1.56185,1.5621,0.30,0.30
2008.03.20 07:40:02.344,1.56185,1.5621,0.30,0.30
2008.03.20 07:40:02.605,1.56185,1.5621,0.30,0.30
2008.03.20 07:40:02.864,1.56185,1.5621,0.30,0.30
2008.03.20 07:40:03.123,1.56185,1.5621,0.30,0.30
2008.03.20 07:40:03.384,1.56185,1.5621,0.30,0.30
2008.03.20 07:40:03.678,1.56185,1.5621,0.30,0.30
2008.03.20 07:40:03.972,1.56185,1.5621,0.30,0.30
2008.03.20 07:40:04.266,1.56185,1.5621,0.30,0.30
2008.03.20 07:40:04.560,1.56185,1.5621,0.30,0.30
2008.03.20 07:40:04.835,1.56185,1.5621,0.30,0.30
2008.03.20 07:40:05.098,1.56185,1.5621,0.30,0.30
2008.03.20 07:40:05.362,1.56185,1.5621,0.30,0.30
2008.03.20 07:40:05.625,1.56185,1.5621,0.30,0.30
2008.03.20 07:40:05.917,1.56185,1.5621,0.30,0.30
2008.03.20 07:40:06.211,1.56185,1.5621,0.30,0.30
2008.03.20 07:40:06.504,1.56185,1.5621,0.30,0.30
2008.03.20 07:40:06.778,1.56185,1.5621,0.30,0.30
2008.03.20 07:40:07.052,1.56185,1.5621,0.30,0.30
2008.03.20 07:40:07.326,1.56185,1.5621,0.30,0.30
2008.03.20 07:40:07.601,1.56185,1.5621,0.30,0.30
2008.03.20 07:40:07.869,1.56185,1.5621,0.30,0.30
2008.03.20 07:40:08.138,1.56185,1.5621,0.30,0.30
2008.03.20 07:40:08.407,1.56185,1.5621,0.30,0.30
2008.03.20 07:40:08.676,1.56185,1.5621,0.30,0.30
2008.03.20 07:40:08.941,1.56185,1.5621,0.30,0.30
2008.03.20 07:40:09.206,1.56185,1.5621,0.30,0.30
2008.03.20 07:40:09.471,1.56185,1.5621,0.30,0.30
2008.03.20 07:40:09.725,1.56185,1.5621,0.30,0.30
2008.03.20 07:40:09.978,1.56185,1.5621,0.30,0.30
2008.03.20 07:40:10.232,1.56185,1.5621,0.30,0.30
2008.03.20 07:40:10.486,1.56185,1.5621,0.30,0.30
2008.03.20 07:40:10.761,1.56185,1.5621,0.30,0.30
2008.03.20 07:40:11.034,1.56185,1.5621,0.30,0.30
2008.03.20 07:40:11.319,1.56185,1.5621,0.30,0.30
2008.03.20 07:40:11.594,1.5619,1.5621,0.30,0.30
2008.03.20 07:40:11.899,1.5619,1.5621,0.60,0.30
2008.03.20 07:40:12.204,1.5619,1.5621,0.60,0.30
2008.03.20 07:40:12.507,1.5619,1.5621,0.60,0.30
2008.03.20 07:40:12.811,1.5619,1.5621,0.60,0.30
2008.03.20 07:40:13.040,1.5619,1.5621,0.60,0.30
2008.03.20 07:40:13.269,1.5619,1.5621,0.60,0.30
2008.03.20 07:40:13.498,1.5619,1.5621,0.60,0.30
2008.03.20 07:40:13.728,1.56195,1.56215,0.40,4.00
2008.03.20 07:40:14.054,1.5619,1.56215,0.60,4.20
2008.03.20 07:40:14.378,1.562,1.56215,0.50,4.00
2008.03.20 07:40:14.704,1.5621,1.5622,0.30,0.40
2008.03.20 07:40:14.934,1.5621,1.5623,0.30,0.30
2008.03.20 07:40:15.163,1.5621,1.5623,0.30,0.30
2008.03.20 07:40:15.394,1.56205,1.5622,0.80,0.40
2008.03.20 07:40:15.623,1.56205,1.5622,0.80,0.40
2008.03.20 07:40:15.933,1.56205,1.5623,0.30,0.60
2008.03.20 07:40:16.242,1.56205,1.5623,0.30,0.30
2008.03.20 07:40:16.550,1.56205,1.5623,0.30,0.30
2008.03.20 07:40:16.861,1.56205,1.56225,0.30,0.30
2008.03.20 07:40:17.162,1.56205,1.56225,0.30,0.30
2008.03.20 07:40:17.461,1.56205,1.56225,0.30,0.30
2008.03.20 07:40:17.760,1.56205,1.56225,0.30,0.30
2008.03.20 07:40:18.008,1.56205,1.56225,0.30,0.30
2008.03.20 07:40:18.261,1.56205,1.56225,0.30,0.30
2008.03.20 07:40:18.520,1.562,1.5623,0.50,0.30
2008.03.20 07:40:18.765,1.562,1.56225,0.50,4.00
2008.03.20 07:40:19.080,1.562,1.56225,0.50,4.00
2008.03.20 07:40:19.383,1.562,1.56225,0.50,4.00
2008.03.20 07:40:19.687,1.562,1.5622,0.30,0.30
2008.03.20 07:40:19.929,1.562,1.5622,0.30,0.30
2008.03.20 07:40:20.165,1.562,1.5622,0.30,0.30
2008.03.20 07:40:20.405,1.562,1.5622,0.30,0.30
2008.03.20 07:40:20.648,1.562,1.5622,0.30,0.30
2008.03.20 07:40:20.940,1.562,1.5622,0.30,0.30
2008.03.20 07:40:21.228,1.562,1.5622,0.30,0.30
2008.03.20 07:40:21.519,1.562,1.56225,0.50,4.20
2008.03.20 07:40:21.808,1.562,1.56225,0.50,4.20
2008.03.20 07:40:22.102,1.562,1.56225,0.50,4.20
2008.03.20 07:40:22.398,1.562,1.56225,0.50,4.20
2008.03.20 07:40:22.691,1.56205,1.56225,0.40,4.00
2008.03.20 07:40:22.945,1.56205,1.56225,0.40,4.00
2008.03.20 07:40:23.199,1.56205,1.56225,0.40,4.00
2008.03.20 07:40:23.453,1.56205,1.56225,0.40,4.00
2008.03.20 07:40:23.706,1.56205,1.56225,0.40,4.00
2008.03.20 07:40:23.986,1.56205,1.56225,0.40,4.00
2008.03.20 07:40:24.264,1.56205,1.56225,0.40,4.00
2008.03.20 07:40:24.543,1.56205,1.56225,0.40,4.00
2008.03.20 07:40:24.822,1.56205,1.56235,0.40,4.20
2008.03.20 07:40:25.073,1.56205,1.56235,0.40,4.20
2008.03.20 07:40:25.321,1.56205,1.56235,0.40,4.20
2008.03.20 07:40:25.569,1.56205,1.56235,0.40,4.20
2008.03.20 07:40:25.819,1.56205,1.56235,0.40,4.20
2008.03.20 07:40:26.095,1.56205,1.56235,0.50,4.20
2008.03.20 07:40:26.369,1.56205,1.56235,0.50,4.20
2008.03.20 07:40:26.644,1.56205,1.56225,0.30,0.30
2008.03.20 07:40:26.918,1.56205,1.56225,0.30,0.30
2008.03.20 07:40:27.217,1.56205,1.56225,0.30,0.30
2008.03.20 07:40:27.516,1.56205,1.56225,0.30,0.30
2008.03.20 07:40:27.816,1.5621,1.56235,0.30,4.20
2008.03.20 07:40:28.066,1.5621,1.56235,0.30,0.30
2008.03.20 07:40:28.316,1.5621,1.56235,0.30,0.30
2008.03.20 07:40:28.564,1.5621,1.56235,0.30,0.30
2008.03.20 07:40:28.812,1.5621,1.56235,0.30,0.30
2008.03.20 07:40:29.081,1.56205,1.56235,4.50,0.30
2008.03.20 07:40:29.359,1.56205,1.56235,4.50,0.30
2008.03.20 07:40:29.629,1.56205,1.56235,4.50,0.30
2008.03.20 07:40:29.897,1.56205,1.56235,4.50,0.30
2008.03.20 07:40:30.174,1.56205,1.56235,4.50,0.30
2008.03.20 07:40:30.447,1.56205,1.56235,4.50,0.30
2008.03.20 07:40:30.721,1.56205,1.56235,4.50,0.30
2008.03.20 07:40:30.996,1.56205,1.56235,4.50,0.30
2008.03.20 07:40:31.274,1.56205,1.56235,4.50,0.30
2008.03.20 07:40:31.555,1.56205,1.56235,4.50,0.30
2008.03.20 07:40:31.834,1.56205,1.56235,4.50,0.30
2008.03.20 07:40:32.117,1.56205,1.56235,4.50,0.30
2008.03.20 07:40:32.401,1.56205,1.56235,4.50,0.30
2008.03.20 07:40:32.685,1.5621,1.56235,0.30,0.30
2008.03.20 07:40:32.971,1.5621,1.56235,0.30,0.30
2008.03.20 07:40:33.233,1.5621,1.56235,0.30,0.30
2008.03.20 07:40:33.496,1.5621,1.56235,0.30,0.30
2008.03.20 07:40:33.761,1.5621,1.56235,0.60,0.30
2008.03.20 07:40:34.025,1.5621,1.56235,0.60,0.30
2008.03.20 07:40:34.309,1.5621,1.56235,0.60,0.30
2008.03.20 07:40:34.593,1.5621,1.56235,0.60,0.30
2008.03.20 07:40:34.877,1.5621,1.56235,0.60,0.30
2008.03.20 07:40:35.126,1.5621,1.56235,0.60,0.30
2008.03.20 07:40:35.375,1.5621,1.56235,0.60,0.30
2008.03.20 07:40:35.623,1.5621,1.56235,0.60,0.30
2008.03.20 07:40:35.872,1.5621,1.56235,0.60,0.30
2008.03.20 07:40:36.122,1.5621,1.56235,0.60,0.30
2008.03.20 07:40:36.421,1.5621,1.56235,0.60,0.30
2008.03.20 07:40:36.722,1.5621,1.5624,0.80,0.30
2008.03.20 07:40:37.021,1.5621,1.5624,0.80,0.30
2008.03.20 07:40:37.315,1.5621,1.5624,0.80,0.30
2008.03.20 07:40:37.610,1.5621,1.5624,0.80,0.30
2008.03.20 07:40:37.904,1.5621,1.56235,0.60,0.30
2008.03.20 07:40:38.158,1.5621,1.56235,0.60,0.30
2008.03.20 07:40:38.411,1.5621,1.56235,0.60,0.30
2008.03.20 07:40:38.666,1.5621,1.56235,0.60,0.30
2008.03.20 07:40:38.921,1.5621,1.56235,0.60,0.30
2008.03.20 07:40:39.201,1.5621,1.56235,0.60,0.30
2008.03.20 07:40:39.480,1.5621,1.56235,0.60,0.30
2008.03.20 07:40:39.762,1.5621,1.56235,0.30,0.30
2008.03.20 07:40:40.043,1.5621,1.56235,0.30,0.30
2008.03.20 07:40:40.339,1.5621,1.56235,0.30,0.30
2008.03.20 07:40:40.645,1.5621,1.56235,0.30,0.30
2008.03.20 07:40:40.939,1.5621,1.56235,0.50,0.30
2008.03.20 07:40:41.234,1.5621,1.56235,0.30,0.30
2008.03.20 07:40:41.484,1.5621,1.56235,0.50,0.30
2008.03.20 07:40:41.735,1.5621,1.56235,0.50,0.30
2008.03.20 07:40:41.983,1.5621,1.56235,0.50,0.30
2008.03.20 07:40:42.318,1.5621,1.56235,0.30,0.30
2008.03.20 07:40:42.653,1.5621,1.56235,0.50,0.30
2008.03.20 07:40:42.988,1.5621,1.56235,0.50,1.00
2008.03.20 07:40:43.227,1.562,1.5622,0.30,0.30
2008.03.20 07:40:43.467,1.56205,1.5622,0.40,0.40
2008.03.20 07:40:43.708,1.56205,1.56235,4.30,0.50
2008.03.20 07:40:43.945,1.56205,1.56235,4.30,0.50
2008.03.20 07:40:44.185,1.56205,1.56235,4.50,0.30
2008.03.20 07:40:44.518,1.56205,1.56235,4.50,0.30
2008.03.20 07:40:44.852,1.56205,1.56235,4.50,0.30
2008.03.20 07:40:45.185,1.56205,1.56235,4.50,0.30
2008.03.20 07:40:45.411,1.56205,1.56235,4.50,0.30
2008.03.20 07:40:45.635,1.56205,1.56235,4.50,0.30
2008.03.20 07:40:45.863,1.5621,1.56235,0.30,0.30
2008.03.20 07:40:46.087,1.5621,1.5624,0.50,0.60
2008.03.20 07:40:46.395,1.5622,1.5624,0.30,0.30
2008.03.20 07:40:46.713,1.56215,1.56235,20.00,0.30
2008.03.20 07:40:47.019,1.5621,1.56235,0.30,0.30
2008.03.20 07:40:47.325,1.5621,1.56235,0.30,0.30
2008.03.20 07:40:47.630,1.5621,1.56235,0.30,0.30
2008.03.20 07:40:47.943,1.5621,1.56235,0.30,0.30
2008.03.20 07:40:48.250,1.5621,1.56235,0.30,0.30
2008.03.20 07:40:48.506,1.5621,1.56235,0.30,0.30
2008.03.20 07:40:48.762,1.5621,1.56235,0.60,0.30
2008.03.20 07:40:49.016,1.5621,1.56235,0.60,0.30
2008.03.20 07:40:49.272,1.5621,1.56235,0.30,0.30
2008.03.20 07:40:49.561,1.5621,1.56235,0.30,0.30
2008.03.20 07:40:49.850,1.56235,1.5624,0.40,0.40
2008.03.20 07:40:50.142,1.56245,1.5625,0.40,0.20
2008.03.20 07:40:50.387,1.5625,1.5627,0.40,0.40
2008.03.20 07:40:50.633,1.56255,1.5628,0.30,0.60
2008.03.20 07:40:50.876,1.56255,1.5628,0.30,0.60
2008.03.20 07:40:51.120,1.56255,1.5628,0.30,0.60
2008.03.20 07:40:51.399,1.56255,1.5628,0.30,0.60
2008.03.20 07:40:51.673,1.56255,1.5628,0.30,0.60
2008.03.20 07:40:51.957,1.56255,1.5628,0.30,0.60
2008.03.20 07:40:52.243,1.56245,1.5627,4.00,0.30
2008.03.20 07:40:52.572,1.5624,1.56255,0.30,0.80
2008.03.20 07:40:52.901,1.5624,1.5625,0.30,0.40
2008.03.20 07:40:53.235,1.5622,1.56245,0.30,0.30
2008.03.20 07:40:53.465,1.5622,1.56245,0.30,0.30
2008.03.20 07:40:53.696,1.56225,1.5624,0.30,0.30
2008.03.20 07:40:53.917,1.5622,1.5624,0.60,0.30
2008.03.20 07:40:54.136,1.5622,1.5624,0.60,0.30
2008.03.20 07:40:54.456,1.5622,1.5624,0.60,0.30
2008.03.20 07:40:54.775,1.5622,1.5624,0.60,0.30
2008.03.20 07:40:55.097,1.5622,1.5624,0.30,0.30
2008.03.20 07:40:55.416,1.56225,1.56245,0.40,4.00
2008.03.20 07:40:55.658,1.5623,1.56245,0.30,4.00
2008.03.20 07:40:55.898,1.5623,1.5625,0.30,0.40
2008.03.20 07:40:56.137,1.5623,1.5625,0.60,0.40
2008.03.20 07:40:56.409,1.5623,1.5625,0.30,0.40
2008.03.20 07:40:56.678,1.5623,1.5625,0.30,0.40
2008.03.20 07:40:56.948,1.5623,1.5625,0.30,0.40
2008.03.20 07:40:57.218,1.5623,1.5625,0.30,0.40
2008.03.20 07:40:57.531,1.5623,1.5625,0.30,0.40
2008.03.20 07:40:57.846,1.5623,1.5625,0.30,0.40
2008.03.20 07:40:58.168,1.5623,1.5625,0.30,0.40
2008.03.20 07:40:58.415,1.5623,1.5625,0.30,0.40
2008.03.20 07:40:58.652,1.5623,1.5625,0.30,0.40
2008.03.20 07:40:58.880,1.5623,1.5625,0.60,0.40
2008.03.20 07:40:59.120,1.5623,1.5624,0.30,0.30
2008.03.20 07:40:59.359,1.56215,1.5624,0.30,0.30
2008.03.20 07:40:59.693,1.56215,1.5624,0.30,0.30
2008.03.20 07:41:00.028,1.56215,1.5624,0.30,0.30
2008.03.20 07:41:00.361,1.56215,1.5624,0.30,0.30
2008.03.20 07:41:00.596,1.56215,1.5624,0.30,0.30
2008.03.20 07:41:00.830,1.56215,1.5624,0.30,0.30
2008.03.20 07:41:01.063,1.56215,1.5624,0.30,0.30
2008.03.20 07:41:01.307,1.56215,1.5624,0.30,0.30
2008.03.20 07:41:01.595,1.56215,1.5624,0.30,0.30
2008.03.20 07:41:01.895,1.56215,1.5624,0.30,0.30
2008.03.20 07:41:02.193,1.56215,1.5624,0.30,0.30
2008.03.20 07:41:02.462,1.56215,1.5624,0.30,0.30
2008.03.20 07:41:02.730,1.56215,1.5624,0.30,0.30
2008.03.20 07:41:02.999,1.56215,1.5624,0.30,0.30
2008.03.20 07:41:03.267,1.56215,1.5624,0.30,0.30
2008.03.20 07:41:03.541,1.56215,1.5624,0.30,0.30
2008.03.20 07:41:03.816,1.56215,1.5624,0.30,0.30
2008.03.20 07:41:04.088,1.56215,1.5624,0.30,0.30
2008.03.20 07:41:04.363,1.56215,1.56245,0.50,4.20
2008.03.20 07:41:04.611,1.56215,1.56245,4.50,0.30
2008.03.20 07:41:04.860,1.56215,1.56245,4.50,0.30
2008.03.20 07:41:05.109,1.56215,1.56245,4.50,0.30
2008.03.20 07:41:05.358,1.56215,1.56245,4.50,0.30
2008.03.20 07:41:05.642,1.56215,1.56245,4.50,0.30
2008.03.20 07:41:05.926,1.56215,1.56245,4.50,0.30
2008.03.20 07:41:06.211,1.56215,1.56245,4.50,0.30
2008.03.20 07:41:06.494,1.56215,1.56245,4.50,0.30
2008.03.20 07:41:06.753,1.56215,1.56245,4.50,0.30
2008.03.20 07:41:07.012,1.56215,1.56245,4.50,0.30
2008.03.20 07:41:07.272,1.56215,1.56245,4.50,0.30
2008.03.20 07:41:07.533,1.5623,1.56245,0.30,0.30
2008.03.20 07:41:07.822,1.56215,1.56245,4.50,0.30
2008.03.20 07:41:08.113,1.5623,1.56245,0.30,0.30
2008.03.20 07:41:08.401,1.5623,1.56245,0.30,0.30
2008.03.20 07:41:08.655,1.5623,1.56245,0.30,0.30
2008.03.20 07:41:08.915,1.5623,1.56245,0.30,0.30
2008.03.20 07:41:09.170,1.5623,1.56245,0.30,0.30
2008.03.20 07:41:09.424,1.56225,1.56245,0.30,0.30
2008.03.20 07:41:09.710,1.56215,1.56245,4.50,0.30
2008.03.20 07:41:09.993,1.56215,1.56245,4.50,0.30
2008.03.20 07:41:10.277,1.56215,1.56245,4.50,0.30
2008.03.20 07:41:10.561,1.56215,1.56245,4.50,0.30
2008.03.20 07:41:10.839,1.56215,1.56245,4.50,0.30
2008.03.20 07:41:11.117,1.56215,1.56245,4.50,0.30
2008.03.20 07:41:11.396,1.56215,1.56245,4.50,0.30
2008.03.20 07:41:11.684,1.56215,1.56245,4.50,0.30
2008.03.20 07:41:11.918,1.56215,1.56245,4.50,0.30
2008.03.20 07:41:12.153,1.56215,1.56245,4.50,0.30
2008.03.20 07:41:12.385,1.56215,1.56245,4.50,0.30
2008.03.20 07:41:12.619,1.56215,1.56245,4.50,0.30
2008.03.20 07:41:12.923,1.56215,1.56245,4.50,0.30
2008.03.20 07:41:13.229,1.56215,1.56245,4.50,0.30
2008.03.20 07:41:13.533,1.56215,1.56245,4.50,0.30
2008.03.20 07:41:13.788,1.56215,1.56245,4.50,0.30
2008.03.20 07:41:14.042,1.56215,1.56245,4.50,0.30
2008.03.20 07:41:14.295,1.56215,1.56245,4.50,0.30
2008.03.20 07:41:14.548,1.56215,1.56245,4.50,0.30
2008.03.20 07:41:14.838,1.56215,1.56245,4.50,0.30
2008.03.20 07:41:15.126,1.56215,1.56245,4.50,0.30
2008.03.20 07:41:15.426,1.56215,1.56245,4.50,0.30
2008.03.20 07:41:15.715,1.56215,1.56245,4.50,0.30
2008.03.20 07:41:15.958,1.56215,1.56245,4.50,0.30
2008.03.20 07:41:16.212,1.56215,1.56245,4.50,0.30
2008.03.20 07:41:16.466,1.56215,1.56245,4.50,0.30
2008.03.20 07:41:16.719,1.56215,1.56245,4.50,0.30
2008.03.20 07:41:17.053,1.56215,1.56245,4.50,0.30
2008.03.20 07:41:17.386,1.56215,1.56245,4.50,0.30
2008.03.20 07:41:17.719,1.56215,1.56245,4.50,0.30
2008.03.20 07:41:17.928,1.56215,1.56245,4.50,0.30
2008.03.20 07:41:18.141,1.56215,1.56245,4.50,0.30
2008.03.20 07:41:18.361,1.56215,1.56245,4.50,0.30
2008.03.20 07:41:18.559,1.56215,1.56245,4.50,0.30
2008.03.20 07:41:18.769,1.56215,1.56245,4.50,0.30
2008.03.20 07:41:19.103,1.56215,1.56245,4.50,0.30
2008.03.20 07:41:19.436,1.56215,1.56245,4.50,0.30
2008.03.20 07:41:19.770,1.56215,1.56245,4.50,0.30
2008.03.20 07:41:20.013,1.56215,1.56245,4.50,0.30
2008.03.20 07:41:20.256,1.56215,1.56245,4.50,0.30
2008.03.20 07:41:20.502,1.56215,1.56245,4.50,0.30
2008.03.20 07:41:20.746,1.56215,1.56245,4.50,0.30
2008.03.20 07:41:21.021,1.56215,1.5624,4.20,0.60
2008.03.20 07:41:21.298,1.56215,1.5624,0.30,0.60
2008.03.20 07:41:21.572,1.56215,1.5624,0.30,0.60
2008.03.20 07:41:21.848,1.56215,1.5624,0.30,0.60
2008.03.20 07:41:22.151,1.56215,1.5624,0.30,0.60
2008.03.20 07:41:22.456,1.56215,1.5624,0.30,0.60
2008.03.20 07:41:22.759,1.56215,1.5624,0.30,0.60
2008.03.20 07:41:22.983,1.56215,1.5624,0.30,0.60
2008.03.20 07:41:23.208,1.5621,1.5624,0.80,0.60
2008.03.20 07:41:23.431,1.5621,1.5624,0.80,0.60
2008.03.20 07:41:23.656,1.5621,1.5624,0.80,0.70
2008.03.20 07:41:23.881,1.5621,1.5624,0.50,0.70
2008.03.20 07:41:24.215,1.5621,1.5624,0.50,0.70
2008.03.20 07:41:24.549,1.5621,1.5624,0.50,0.70
2008.03.20 07:41:24.897,1.5622,1.5624,0.30,0.30
2008.03.20 07:41:25.129,1.5622,1.56245,0.30,5.00
2008.03.20 07:41:25.373,1.5622,1.5624,0.30,0.30
2008.03.20 07:41:25.623,1.5622,1.5624,0.30,0.30
2008.03.20 07:41:25.852,1.5621,1.5624,0.80,0.30
2008.03.20 07:41:26.146,1.5621,1.5624,0.80,0.30
2008.03.20 07:41:26.441,1.5621,1.5624,0.80,0.30
2008.03.20 07:41:26.735,1.5621,1.5624,0.80,0.60
2008.03.20 07:41:27.029,1.5621,1.5624,0.80,0.60
2008.03.20 07:41:27.348,1.5621,1.5624,0.80,0.30
2008.03.20 07:41:27.679,1.56215,1.5624,0.30,0.30
2008.03.20 07:41:27.997,1.56215,1.5624,0.30,0.30
2008.03.20 07:41:28.233,1.5621,1.5624,0.80,0.30
2008.03.20 07:41:28.472,1.5621,1.5624,0.80,0.60
2008.03.20 07:41:28.721,1.56215,1.56245,0.40,5.20
2008.03.20 07:41:28.967,1.56215,1.56245,0.40,5.20
2008.03.20 07:41:29.259,1.56215,1.56245,0.40,5.20
2008.03.20 07:41:29.563,1.56215,1.56245,0.40,5.20
2008.03.20 07:41:29.867,1.56215,1.56245,0.40,5.20
2008.03.20 07:41:30.126,1.56215,1.56245,0.40,5.20
2008.03.20 07:41:30.384,1.56215,1.56245,0.40,5.20
2008.03.20 07:41:30.642,1.56215,1.56245,0.40,5.20
2008.03.20 07:41:32.206,1.56215,1.56245,0.40,5.20
2008.03.20 07:41:32.496,1.5621,1.5624,0.80,0.30
2008.03.20 07:41:32.598,1.5621,1.5624,0.80,0.30
2008.03.20 07:41:32.611,1.5621,1.5624,0.80,0.30
2008.03.20 07:41:32.628,1.5621,1.5624,0.80,0.30
2008.03.20 07:41:32.671,1.5621,1.5624,0.80,0.30
2008.03.20 07:41:32.697,1.5621,1.5624,0.80,0.30
2008.03.20 07:41:32.711,1.5621,1.5624,0.80,0.30
2008.03.20 07:41:32.727,1.5621,1.5624,0.80,0.30
2008.03.20 07:41:32.768,1.5621,1.5624,0.80,0.30
2008.03.20 07:41:32.776,1.5621,1.5624,0.80,0.30
2008.03.20 07:41:32.797,1.5621,1.5624,0.80,0.30
2008.03.20 07:41:32.810,1.5621,1.5624,0.80,0.30
2008.03.20 07:41:32.820,1.5621,1.5624,0.80,0.30
2008.03.20 07:41:32.836,1.5621,1.5624,0.80,0.30
2008.03.20 07:41:32.856,1.5621,1.5624,0.80,0.30
2008.03.20 07:41:32.880,1.5621,1.5624,0.80,0.30
2008.03.20 07:41:32.891,1.5621,1.5624,0.80,0.30
2008.03.20 07:41:32.914,1.5621,1.5624,0.80,0.30
2008.03.20 07:41:32.931,1.5621,1.5624,0.80,0.30
2008.03.20 07:41:32.943,1.5621,1.5624,0.80,0.30
2008.03.20 07:41:32.951,1.5621,1.5624,0.80,0.30
2008.03.20 07:41:33.003,1.5621,1.5624,0.80,0.30
2008.03.20 07:41:33.021,1.5621,1.5624,0.80,0.30
2008.03.20 07:41:33.037,1.5621,1.5624,0.80,0.30
2008.03.20 07:41:33.046,1.5621,1.5624,0.80,0.30
2008.03.20 07:41:33.064,1.5621,1.5624,0.80,0.30
2008.03.20 07:41:33.081,1.5621,1.5624,0.80,0.30
2008.03.20 07:41:33.123,1.5621,1.5624,0.80,0.30
2008.03.20 07:41:33.141,1.5621,1.5624,0.80,0.30
2008.03.20 07:41:33.149,1.5621,1.5624,0.80,0.30
2008.03.20 07:41:33.179,1.5621,1.5624,0.80,0.30
2008.03.20 07:41:33.240,1.5621,1.5624,0.80,0.30
2008.03.20 07:41:33.574,1.5621,1.5624,0.80,0.30
2008.03.20 07:41:33.909,1.5621,1.5624,0.50,0.70
2008.03.20 07:41:34.245,1.5621,1.5624,0.50,0.70
2008.03.20 07:41:34.498,1.5621,1.5624,0.50,0.70
2008.03.20 07:41:34.752,1.5621,1.5624,0.50,0.50
2008.03.20 07:41:35.009,1.5621,1.5624,0.50,0.50
2008.03.20 07:41:35.263,1.5621,1.5624,0.50,0.50
2008.03.20 07:41:35.548,1.5621,1.5624,0.50,1.20
2008.03.20 07:41:35.832,1.5621,1.56235,0.30,1.00
2008.03.20 07:41:36.116,1.5621,1.56235,0.30,1.00
2008.03.20 07:41:36.413,1.5621,1.5623,0.30,0.40
2008.03.20 07:41:36.687,1.5621,1.5623,0.30,0.40
2008.03.20 07:41:36.963,1.5621,1.5623,0.30,0.60
2008.03.20 07:41:37.238,1.5621,1.5623,0.30,0.60
2008.03.20 07:41:37.513,1.5621,1.5623,0.30,0.40
2008.03.20 07:41:37.832,1.5621,1.5623,0.30,0.40
2008.03.20 07:41:38.150,1.5621,1.5623,0.30,0.40
2008.03.20 07:41:38.469,1.5621,1.5623,0.30,0.40
2008.03.20 07:41:38.697,1.5621,1.5623,0.30,0.40
2008.03.20 07:41:38.926,1.5621,1.5623,0.30,0.40
2008.03.20 07:41:39.155,1.5621,1.5623,0.30,0.40
2008.03.20 07:41:39.384,1.5621,1.5623,0.30,0.40
2008.03.20 07:41:39.671,1.5622,1.56235,0.30,1.00
2008.03.20 07:41:39.955,1.5622,1.56235,0.30,0.80
2008.03.20 07:41:40.239,1.5622,1.56235,0.30,1.00
2008.03.20 07:41:40.523,1.5622,1.56235,0.30,1.00
2008.03.20 07:41:40.797,1.5622,1.56235,0.30,1.00
2008.03.20 07:41:41.071,1.5622,1.56235,0.30,0.80
2008.03.20 07:41:41.344,1.5622,1.56235,0.30,0.80
2008.03.20 07:41:41.618,1.5621,1.5622,1.10,0.80
2008.03.20 07:41:41.900,1.56205,1.56215,0.40,0.80
2008.03.20 07:41:42.180,1.56205,1.56215,4.30,0.80
2008.03.20 07:41:42.461,1.5621,1.5623,0.30,0.70
2008.03.20 07:41:42.743,1.562,1.5622,0.50,0.40
2008.03.20 07:41:43.018,1.562,1.5623,0.50,0.70
2008.03.20 07:41:43.295,1.562,1.56225,0.50,0.20
2008.03.20 07:41:43.570,1.562,1.56225,0.50,0.20
2008.03.20 07:41:43.855,1.562,1.56225,0.50,0.20
2008.03.20 07:41:44.139,1.562,1.56225,0.50,0.20
2008.03.20 07:41:44.440,1.562,1.5623,0.50,0.70
2008.03.20 07:41:44.738,1.562,1.56225,0.50,0.20
2008.03.20 07:41:45.019,1.562,1.56225,0.50,0.20
2008.03.20 07:41:45.274,1.562,1.5623,0.50,0.70
2008.03.20 07:41:45.543,1.562,1.5623,0.50,0.70
2008.03.20 07:41:45.812,1.562,1.5623,0.50,0.70
2008.03.20 07:41:47.386,1.562,1.56225,0.50,0.20
2008.03.20 07:41:47.442,1.562,1.56225,0.50,0.20
2008.03.20 07:41:47.495,1.562,1.56225,0.50,0.20
2008.03.20 07:41:47.547,1.562,1.56225,0.50,0.20
2008.03.20 07:41:47.605,1.562,1.56225,0.50,0.20
2008.03.20 07:41:47.660,1.562,1.56225,0.50,0.20
2008.03.20 07:41:47.717,1.562,1.56225,0.50,0.20
2008.03.20 07:41:47.768,1.562,1.56225,0.50,0.20
2008.03.20 07:41:47.823,1.562,1.5623,0.50,0.70
2008.03.20 07:41:47.878,1.562,1.5623,0.50,0.70
2008.03.20 07:41:47.932,1.562,1.5623,0.50,0.70
2008.03.20 07:41:47.988,1.562,1.5623,0.50,0.70
2008.03.20 07:41:48.042,1.562,1.5623,0.50,0.70
2008.03.20 07:41:48.099,1.562,1.5623,0.50,0.70
2008.03.20 07:41:48.153,1.562,1.5623,0.50,0.70
2008.03.20 07:41:48.207,1.562,1.5623,0.50,0.70
2008.03.20 07:41:48.278,1.562,1.56225,0.50,0.20
2008.03.20 07:41:48.327,1.562,1.56225,0.50,0.20
2008.03.20 07:41:48.380,1.562,1.56225,0.50,0.20
2008.03.20 07:41:48.730,1.56205,1.5623,4.00,0.70
2008.03.20 07:41:49.075,1.562,1.5623,0.50,0.70
2008.03.20 07:41:49.422,1.562,1.5623,0.50,0.70
2008.03.20 07:41:49.657,1.562,1.5623,0.50,0.70
2008.03.20 07:41:49.869,1.562,1.5623,0.80,0.70
2008.03.20 07:41:50.092,1.562,1.5623,0.80,0.70
2008.03.20 07:41:50.314,1.562,1.5623,0.80,0.70
2008.03.20 07:41:50.538,1.562,1.5623,0.80,0.70
2008.03.20 07:41:50.874,1.562,1.5623,0.80,0.70
2008.03.20 07:41:51.215,1.562,1.5623,0.80,0.70
2008.03.20 07:41:51.562,1.562,1.5623,0.80,0.70
2008.03.20 07:41:51.787,1.5621,1.5623,0.30,0.30
2008.03.20 07:41:52.005,1.5621,1.5623,0.30,0.30
2008.03.20 07:41:52.203,1.56205,1.5623,4.00,0.60
2008.03.20 07:41:52.413,1.562,1.5623,0.50,0.70
2008.03.20 07:41:52.622,1.562,1.5623,0.50,0.70
2008.03.20 07:41:52.956,1.562,1.56225,0.50,0.20
2008.03.20 07:41:53.292,1.562,1.56225,0.50,0.20
2008.03.20 07:41:53.638,1.562,1.56225,0.50,0.20
2008.03.20 07:41:53.872,1.562,1.5623,0.50,0.70
2008.03.20 07:41:54.106,1.562,1.5623,0.50,0.70
2008.03.20 07:41:54.340,1.562,1.5623,0.50,0.70
2008.03.20 07:41:54.574,1.562,1.5623,0.50,0.70
2008.03.20 07:41:54.809,1.562,1.5623,0.80,0.60
2008.03.20 07:41:55.114,1.56205,1.56235,4.30,6.00
2008.03.20 07:41:55.419,1.5621,1.56235,0.30,5.80
2008.03.20 07:41:55.724,1.5622,1.56235,0.30,1.80
2008.03.20 07:41:56.007,1.5622,1.56235,0.40,1.60
2008.03.20 07:41:56.282,1.5622,1.56235,0.30,1.80
2008.03.20 07:41:56.557,1.5622,1.56235,0.50,1.60
2008.03.20 07:41:56.833,1.56215,1.56235,0.50,1.60
2008.03.20 07:41:57.118,1.56215,1.56235,0.30,1.60
2008.03.20 07:41:57.402,1.56215,1.56235,0.30,1.60
2008.03.20 07:41:57.687,1.5622,1.56235,0.30,1.80
2008.03.20 07:41:57.972,1.56215,1.56235,0.30,0.80
2008.03.20 07:41:58.257,1.5622,1.56235,0.30,0.80
2008.03.20 07:41:58.542,1.5622,1.56235,0.50,0.80
2008.03.20 07:41:58.828,1.56215,1.56235,0.30,1.00
2008.03.20 07:41:59.094,1.5622,1.56235,0.30,0.80
2008.03.20 07:41:59.359,1.5622,1.56235,0.30,1.00
2008.03.20 07:41:59.625,1.5622,1.56235,0.30,1.00
2008.03.20 07:41:59.889,1.56215,1.56235,0.30,1.00
2008.03.20 07:42:00.175,1.56215,1.56235,0.30,1.00
2008.03.20 07:42:00.457,1.56215,1.56235,0.30,1.00
2008.03.20 07:42:00.742,1.5621,1.56235,0.60,1.00
2008.03.20 07:42:01.025,1.5621,1.56235,0.60,1.00
2008.03.20 07:42:01.310,1.5621,1.56235,0.60,1.00
2008.03.20 07:42:01.595,1.5621,1.56235,0.60,1.00
2008.03.20 07:42:01.879,1.5621,1.56235,0.60,1.00
2008.03.20 07:42:02.162,1.5621,1.56235,0.60,1.00
2008.03.20 07:42:02.436,1.5621,1.56235,0.60,1.00
2008.03.20 07:42:02.710,1.5621,1.56235,0.60,1.00
2008.03.20 07:42:02.983,1.5621,1.56235,0.60,1.00
2008.03.20 07:42:03.242,1.5621,1.56235,0.60,1.00
2008.03.20 07:42:03.501,1.5621,1.56235,0.60,1.00
2008.03.20 07:42:03.760,1.5621,1.56235,0.60,1.00
2008.03.20 07:42:04.021,1.5621,1.56235,0.60,1.00
2008.03.20 07:42:04.307,1.5621,1.56235,0.30,1.00
2008.03.20 07:42:04.591,1.5621,1.56235,0.30,1.00
2008.03.20 07:42:04.888,1.5621,1.56235,0.30,1.00
2008.03.20 07:42:05.168,1.5622,1.56235,0.40,0.80
2008.03.20 07:42:05.447,1.5623,1.5624,0.30,0.40
2008.03.20 07:42:05.726,1.5623,1.5624,0.30,0.60
2008.03.20 07:42:06.007,1.5623,1.56235,0.30,0.30
2008.03.20 07:42:06.263,1.5623,1.56235,0.30,1.00
2008.03.20 07:42:06.515,1.5623,1.56235,0.30,1.00
2008.03.20 07:42:06.769,1.5623,1.56235,0.30,1.00
2008.03.20 07:42:07.024,1.5621,1.56235,0.30,1.00
2008.03.20 07:42:07.324,1.5621,1.56235,0.30,1.00
2008.03.20 07:42:07.624,1.5621,1.56235,0.50,0.80
2008.03.20 07:42:07.925,1.5622,1.5624,0.30,0.40
2008.03.20 07:42:08.223,1.5622,1.5624,0.30,0.40
2008.03.20 07:42:08.497,1.5622,1.5624,0.30,0.40
2008.03.20 07:42:08.772,1.5622,1.5624,0.60,0.40
2008.03.20 07:42:09.047,1.5622,1.5624,0.30,0.40
2008.03.20 07:42:09.316,1.5622,1.5624,0.30,0.40
2008.03.20 07:42:09.585,1.5622,1.56245,0.30,1.00
2008.03.20 07:42:09.855,1.5622,1.56245,0.30,1.00
2008.03.20 07:42:10.123,1.5622,1.56245,0.30,1.00
2008.03.20 07:42:10.402,1.5622,1.56245,0.60,1.00
2008.03.20 07:42:10.682,1.5622,1.56245,0.60,1.00
2008.03.20 07:42:10.963,1.5622,1.56245,0.30,5.00
2008.03.20 07:42:11.243,1.5622,1.56245,0.30,1.00
2008.03.20 07:42:11.539,1.5622,1.56245,0.30,1.20
2008.03.20 07:42:13.125,1.5622,1.56245,0.30,1.00
2008.03.20 07:42:13.225,1.5622,1.56245,0.50,4.80
2008.03.20 07:42:13.335,1.5622,1.56245,0.50,4.80
2008.03.20 07:42:13.423,1.5622,1.56245,0.50,4.80
2008.03.20 07:42:13.521,1.5622,1.56245,0.50,4.80
2008.03.20 07:42:13.620,1.5622,1.56245,0.50,4.80
2008.03.20 07:42:13.728,1.5622,1.56245,0.50,4.80
2008.03.20 07:42:13.826,1.5622,1.56245,0.50,4.80
2008.03.20 07:42:13.925,1.5622,1.56245,0.50,4.80
2008.03.20 07:42:14.026,1.5622,1.56245,0.50,4.80
2008.03.20 07:42:14.130,1.5622,1.56245,0.50,4.80
2008.03.20 07:42:14.474,1.5622,1.56245,0.50,4.80
2008.03.20 07:42:14.810,1.5622,1.56245,0.50,4.80
2008.03.20 07:42:15.137,1.5622,1.5624,0.60,0.30
2008.03.20 07:42:15.361,1.5622,1.5624,0.60,0.30
2008.03.20 07:42:15.587,1.5622,1.5624,0.60,0.30
2008.03.20 07:42:15.813,1.5622,1.5624,0.30,0.30
2008.03.20 07:42:16.038,1.5622,1.5624,0.30,0.30
2008.03.20 07:42:16.262,1.5622,1.56245,0.40,4.80
2008.03.20 07:42:16.597,1.5622,1.56245,0.40,4.80
2008.03.20 07:42:16.930,1.56215,1.5624,0.50,0.30
2008.03.20 07:42:17.276,1.56215,1.5624,0.50,0.30
2008.03.20 07:42:17.551,1.5622,1.56245,0.40,4.80
2008.03.20 07:42:17.804,1.5622,1.56245,0.80,4.80
2008.03.20 07:42:18.068,1.5622,1.56245,0.60,1.00
2008.03.20 07:42:18.333,1.56225,1.56245,0.30,1.00
2008.03.20 07:42:18.617,1.56225,1.5624,0.30,1.00
2008.03.20 07:42:18.902,1.5622,1.56235,0.30,0.80
2008.03.20 07:42:19.186,1.5622,1.56235,0.30,0.80
2008.03.20 07:42:19.471,1.5622,1.56235,0.30,0.80
2008.03.20 07:42:19.707,1.56215,1.5623,4.20,0.30
2008.03.20 07:42:19.943,1.5621,1.5623,1.20,1.00
2008.03.20 07:42:20.178,1.5621,1.56225,1.20,0.80
2008.03.20 07:42:20.415,1.5622,1.56225,0.30,0.80
2008.03.20 07:42:20.739,1.5622,1.56235,0.30,1.00
2008.03.20 07:42:21.065,1.5622,1.56235,0.30,1.00
2008.03.20 07:42:21.390,1.5622,1.56235,0.30,0.80
2008.03.20 07:42:21.629,1.5622,1.56235,0.30,0.80
2008.03.20 07:42:21.869,1.5622,1.56235,0.30,0.80
2008.03.20 07:42:22.107,1.5622,1.56235,0.30,0.80
2008.03.20 07:42:22.347,1.5622,1.56235,0.30,0.80
2008.03.20 07:42:22.680,1.5622,1.56235,0.30,0.80
2008.03.20 07:42:23.014,1.5622,1.56235,0.30,0.80
2008.03.20 07:42:23.350,1.5622,1.56235,0.30,0.80
2008.03.20 07:42:23.585,1.5622,1.56235,0.30,0.80
2008.03.20 07:42:23.819,1.5622,1.56245,1.20,5.00
2008.03.20 07:42:24.053,1.5622,1.56245,1.20,1.80
2008.03.20 07:42:24.297,1.5622,1.56245,1.20,1.00
2008.03.20 07:42:24.612,1.5622,1.56245,0.60,1.00
2008.03.20 07:42:24.906,1.56225,1.56245,0.80,0.80
2008.03.20 07:42:25.204,1.5623,1.56245,0.30,1.00
2008.03.20 07:42:25.499,1.5623,1.56245,0.30,0.80
2008.03.20 07:42:25.794,1.5623,1.56245,0.30,0.80
2008.03.20 07:42:26.090,1.5622,1.56245,0.60,1.00
2008.03.20 07:42:26.385,1.5622,1.56245,0.60,1.00
2008.03.20 07:42:26.610,1.5622,1.56245,0.60,1.00
2008.03.20 07:42:26.834,1.5623,1.56245,0.30,1.00
2008.03.20 07:42:27.059,1.5623,1.56245,0.30,1.00
2008.03.20 07:42:27.282,1.5623,1.56245,0.30,1.00
2008.03.20 07:42:27.506,1.5623,1.56245,0.30,1.00
2008.03.20 07:42:27.843,1.5622,1.56245,0.60,1.00
2008.03.20 07:42:28.180,1.5623,1.56245,0.30,0.80
2008.03.20 07:42:28.514,1.5623,1.5624,0.30,0.40
2008.03.20 07:42:28.749,1.5623,1.56245,0.30,4.80
2008.03.20 07:42:28.984,1.5623,1.56245,0.30,0.80
2008.03.20 07:42:29.220,1.5623,1.56245,0.30,0.80
2008.03.20 07:42:29.463,1.5623,1.56245,0.30,0.80
2008.03.20 07:42:29.757,1.5623,1.5625,0.60,0.40
2008.03.20 07:42:30.050,1.56235,1.5625,0.30,0.40
2008.03.20 07:42:30.338,1.5623,1.5625,0.60,0.40
2008.03.20 07:42:30.628,1.5623,1.5625,0.60,0.40
2008.03.20 07:42:30.912,1.5623,1.56255,0.60,5.00
2008.03.20 07:42:31.201,1.5623,1.56255,0.60,1.00
2008.03.20 07:42:31.483,1.5623,1.56255,0.60,1.00
2008.03.20 07:42:31.770,1.5623,1.5625,0.60,0.40
2008.03.20 07:42:32.071,1.5623,1.5625,0.60,0.40
2008.03.20 07:42:32.373,1.5623,1.5625,0.30,0.40
2008.03.20 07:42:32.672,1.5623,1.5625,0.30,0.40
2008.03.20 07:42:32.937,1.5623,1.5625,0.60,0.40
2008.03.20 07:42:33.202,1.5623,1.5625,0.60,0.40
2008.03.20 07:42:33.466,1.5623,1.5625,0.60,0.40
2008.03.20 07:42:33.735,1.5623,1.5625,0.60,0.40
2008.03.20 07:42:34.030,1.5623,1.5625,0.80,0.40
2008.03.20 07:42:34.319,1.5624,1.56255,0.30,1.00
2008.03.20 07:42:34.611,1.5623,1.56255,0.60,1.00
2008.03.20 07:42:34.899,1.5623,1.56255,0.60,1.00
2008.03.20 07:42:35.189,1.5623,1.56255,0.60,1.00
2008.03.20 07:42:35.477,1.5623,1.56255,0.60,1.00
2008.03.20 07:42:35.786,1.5623,1.56255,0.60,1.00
2008.03.20 07:42:36.023,1.5623,1.56255,0.60,1.00
2008.03.20 07:42:36.259,1.5624,1.56255,0.30,4.80
2008.03.20 07:42:36.499,1.5624,1.56255,0.30,1.00
2008.03.20 07:42:36.727,1.5623,1.56255,0.60,1.00
2008.03.20 07:42:37.059,1.5623,1.56255,0.60,1.00
2008.03.20 07:42:37.392,1.5623,1.56255,0.60,1.00
2008.03.20 07:42:37.729,1.5623,1.56255,0.60,1.00
2008.03.20 07:42:37.958,1.5623,1.56255,0.60,1.00
2008.03.20 07:42:38.186,1.5623,1.56255,0.60,1.00
2008.03.20 07:42:38.428,1.5623,1.56255,0.60,1.00
2008.03.20 07:42:38.677,1.5623,1.56255,0.60,1.00
2008.03.20 07:42:38.923,1.5623,1.5625,0.60,0.40
2008.03.20 07:42:39.273,1.5623,1.5625,0.60,0.40
2008.03.20 07:42:39.614,1.5623,1.5625,0.60,0.40
2008.03.20 07:42:39.958,1.5623,1.5625,0.60,0.40
2008.03.20 07:42:40.162,1.56235,1.5625,0.30,0.40
2008.03.20 07:42:40.378,1.5624,1.56255,0.30,0.80
2008.03.20 07:42:40.592,1.5624,1.56255,0.30,0.80
2008.03.20 07:42:40.806,1.5624,1.56255,0.30,0.80
2008.03.20 07:42:41.141,1.5624,1.56255,0.30,0.80
2008.03.20 07:42:41.476,1.5624,1.56255,0.30,1.60
2008.03.20 07:42:41.820,1.5624,1.56255,0.30,1.60
2008.03.20 07:42:42.089,1.5624,1.56255,0.30,1.60
2008.03.20 07:42:42.358,1.5624,1.56255,0.30,1.60
2008.03.20 07:42:42.628,1.5624,1.56255,0.30,1.60
2008.03.20 07:42:42.896,1.5624,1.56255,0.30,1.60
2008.03.20 07:42:43.168,1.5624,1.5625,0.30,0.40
2008.03.20 07:42:43.438,1.5624,1.56255,0.30,1.60
2008.03.20 07:42:43.707,1.5624,1.56255,0.30,1.60
2008.03.20 07:42:43.977,1.5624,1.56255,0.30,0.80
2008.03.20 07:42:44.261,1.5624,1.56255,0.30,0.80
2008.03.20 07:42:44.546,1.5624,1.56255,0.30,0.80
2008.03.20 07:42:44.830,1.5624,1.56255,0.30,0.80
2008.03.20 07:42:45.084,1.5624,1.56255,0.30,0.80
2008.03.20 07:42:45.351,1.5624,1.56255,0.30,4.80
2008.03.20 07:42:45.608,1.5624,1.56255,0.30,4.80
2008.03.20 07:42:45.862,1.5624,1.56255,0.30,0.80
2008.03.20 07:42:46.172,1.5624,1.56255,0.30,0.80
2008.03.20 07:42:46.486,1.5624,1.56255,0.30,0.80
2008.03.20 07:42:46.790,1.5624,1.56255,0.30,0.80
2008.03.20 07:42:47.105,1.5624,1.56255,0.30,0.80
2008.03.20 07:42:47.403,1.5624,1.56255,0.30,0.80
2008.03.20 07:42:47.683,1.5624,1.56255,0.30,0.80
2008.03.20 07:42:47.967,1.5624,1.56255,0.30,0.80
2008.03.20 07:42:48.237,1.5624,1.56255,0.30,0.80
2008.03.20 07:42:48.507,1.5624,1.5625,0.30,0.40
2008.03.20 07:42:48.776,1.5624,1.56255,0.30,0.80
2008.03.20 07:42:49.045,1.5624,1.56255,0.30,0.80
2008.03.20 07:42:49.334,1.5624,1.5625,0.30,0.40
2008.03.20 07:42:49.623,1.5624,1.5625,0.30,0.40
2008.03.20 07:42:49.914,1.5624,1.56255,0.30,0.80
2008.03.20 07:42:50.165,1.5624,1.5625,0.30,0.40
2008.03.20 07:42:50.416,1.5624,1.56255,0.60,0.80
2008.03.20 07:42:50.666,1.5624,1.56255,0.30,0.30
2008.03.20 07:42:50.916,1.5623,1.56255,0.60,1.00
2008.03.20 07:42:51.166,1.5623,1.5625,0.60,0.40
2008.03.20 07:42:51.461,1.5623,1.56255,0.60,1.00
2008.03.20 07:42:51.757,1.5623,1.56245,0.60,4.00
2008.03.20 07:42:52.052,1.5623,1.5624,0.30,0.30
2008.03.20 07:42:52.366,1.56225,1.5624,0.30,0.30
2008.03.20 07:42:52.683,1.5622,1.5624,0.30,0.30
2008.03.20 07:42:52.998,1.56225,1.5624,0.30,0.30
2008.03.20 07:42:53.247,1.5622,1.5624,0.30,0.30
2008.03.20 07:42:53.496,1.56225,1.5624,0.30,0.30
2008.03.20 07:42:53.745,1.56225,1.5624,0.30,0.30
2008.03.20 07:42:53.996,1.5623,1.5624,0.30,0.30
2008.03.20 07:42:54.244,1.5623,1.5624,0.30,0.30
2008.03.20 07:42:54.545,1.5623,1.5624,0.30,0.30
2008.03.20 07:42:54.845,1.5623,1.5624,0.30,0.30
2008.03.20 07:42:55.145,1.5623,1.56245,0.30,4.00
2008.03.20 07:42:55.421,1.56225,1.56245,0.30,4.00
2008.03.20 07:42:55.696,1.56225,1.5625,0.30,0.60
2008.03.20 07:42:55.970,1.56225,1.5625,0.30,0.60
2008.03.20 07:42:56.244,1.56225,1.5625,0.30,0.60
2008.03.20 07:42:56.508,1.56225,1.5625,0.30,0.60
2008.03.20 07:42:56.773,1.56225,1.5625,0.30,0.60
2008.03.20 07:42:57.037,1.56225,1.5625,0.30,0.60
2008.03.20 07:42:57.301,1.56225,1.5625,0.30,0.60
2008.03.20 07:42:57.610,1.56225,1.5625,0.30,0.60
2008.03.20 07:42:57.919,1.56225,1.5625,0.30,0.60
2008.03.20 07:42:58.227,1.56225,1.5625,0.30,0.60
2008.03.20 07:42:58.452,1.56225,1.5625,0.30,0.60
2008.03.20 07:42:58.666,1.56225,1.5625,0.30,0.60
2008.03.20 07:42:58.880,1.56225,1.5625,0.30,0.60
2008.03.20 07:42:59.095,1.56225,1.5625,0.30,0.60
2008.03.20 07:42:59.309,1.56225,1.5625,0.30,0.60
2008.03.20 07:42:59.643,1.56225,1.5625,0.30,0.60
2008.03.20 07:42:59.976,1.56225,1.5625,0.30,0.60
2008.03.20 07:43:00.311,1.56225,1.5625,0.30,0.60
2008.03.20 07:43:00.530,1.56225,1.5625,0.30,0.60
2008.03.20 07:43:00.748,1.56225,1.5625,0.30,0.60
2008.03.20 07:43:00.966,1.56225,1.5625,0.30,0.60
2008.03.20 07:43:01.185,1.56225,1.5625,0.30,0.60
2008.03.20 07:43:01.532,1.56225,1.5625,0.30,0.60
2008.03.20 07:43:01.867,1.56225,1.5625,0.30,0.60
2008.03.20 07:43:02.200,1.56225,1.5625,0.30,0.60
2008.03.20 07:43:02.464,1.56225,1.5625,0.30,0.60
2008.03.20 07:43:02.727,1.56225,1.5625,0.30,0.60
2008.03.20 07:43:02.990,1.56225,1.5625,0.30,0.60
2008.03.20 07:43:03.254,1.56225,1.5625,0.30,0.60
2008.03.20 07:43:03.534,1.56225,1.5625,0.30,0.60
2008.03.20 07:43:03.812,1.56225,1.5625,0.30,0.60
2008.03.20 07:43:04.091,1.56225,1.5625,0.30,0.30
2008.03.20 07:43:04.371,1.56225,1.5625,0.30,0.30
2008.03.20 07:43:04.634,1.56225,1.5625,0.30,0.30
2008.03.20 07:43:04.899,1.56225,1.5625,0.30,0.30
2008.03.20 07:43:05.162,1.56225,1.5625,0.30,0.30
2008.03.20 07:43:05.428,1.56225,1.5625,0.30,0.30
2008.03.20 07:43:05.722,1.56225,1.5625,0.30,0.30
2008.03.20 07:43:06.017,1.56225,1.5625,0.30,0.30
2008.03.20 07:43:06.310,1.56225,1.5625,0.30,0.30
2008.03.20 07:43:06.564,1.56225,1.5625,0.30,0.30
2008.03.20 07:43:06.819,1.56235,1.56255,0.40,4.80
2008.03.20 07:43:07.073,1.5623,1.56255,0.50,4.80
2008.03.20 07:43:07.328,1.5623,1.5625,0.30,0.30
2008.03.20 07:43:07.662,1.5623,1.5625,0.30,0.30
2008.03.20 07:43:07.996,1.5623,1.5625,0.30,0.30
2008.03.20 07:43:08.331,1.5623,1.5625,0.30,0.30
2008.03.20 07:43:08.560,1.5623,1.5625,0.30,0.30
2008.03.20 07:43:08.789,1.5623,1.5625,0.30,0.30
2008.03.20 07:43:09.018,1.5623,1.5625,0.30,0.30
2008.03.20 07:43:09.247,1.5623,1.5625,0.30,0.30
2008.03.20 07:43:09.567,1.5623,1.5625,0.30,0.30
2008.03.20 07:43:09.886,1.5623,1.5625,0.30,0.60
2008.03.20 07:43:10.206,1.56225,1.5625,0.30,0.60
2008.03.20 07:43:10.525,1.56225,1.5625,0.30,0.60
2008.03.20 07:43:10.765,1.5622,1.5625,0.80,0.60
2008.03.20 07:43:11.004,1.5622,1.56245,0.80,0.30
2008.03.20 07:43:11.244,1.56225,1.56245,0.30,0.30
2008.03.20 07:43:11.483,1.56225,1.5625,0.30,0.60
2008.03.20 07:43:11.809,1.56225,1.5625,0.30,0.60
2008.03.20 07:43:12.132,1.56225,1.5625,0.30,0.60
2008.03.20 07:43:12.462,1.56225,1.5625,0.30,0.60
2008.03.20 07:43:12.726,1.56225,1.5625,0.30,0.60
2008.03.20 07:43:12.990,1.56225,1.5625,0.30,0.60
2008.03.20 07:43:13.256,1.56225,1.5625,0.30,0.60
2008.03.20 07:43:13.521,1.56225,1.5625,0.30,0.60
2008.03.20 07:43:13.784,1.56225,1.5625,0.30,0.60
2008.03.20 07:43:14.048,1.56225,1.5625,0.30,0.60
2008.03.20 07:43:14.312,1.5622,1.5625,0.80,0.60
2008.03.20 07:43:14.575,1.5622,1.5625,0.80,0.60
2008.03.20 07:43:14.870,1.5622,1.5625,0.80,0.60
2008.03.20 07:43:15.165,1.5622,1.5625,0.80,0.60
2008.03.20 07:43:15.460,1.5622,1.5625,0.80,0.60
2008.03.20 07:43:15.753,1.5622,1.5625,0.80,0.60
2008.03.20 07:43:16.022,1.5622,1.5625,0.80,0.60
2008.03.20 07:43:16.291,1.5622,1.5625,0.80,0.60
2008.03.20 07:43:16.562,1.5622,1.5625,0.50,0.70
2008.03.20 07:43:16.829,1.5622,1.5625,0.80,0.60
2008.03.20 07:43:17.093,1.5622,1.5625,0.80,0.60
2008.03.20 07:43:17.359,1.56225,1.5625,0.30,0.60
2008.03.20 07:43:17.622,1.56225,1.56245,0.30,0.30
2008.03.20 07:43:17.947,1.56225,1.56245,0.30,0.30
2008.03.20 07:43:18.273,1.56225,1.5625,0.30,0.60
2008.03.20 07:43:18.597,1.56225,1.5625,0.30,0.60
2008.03.20 07:43:18.845,1.56225,1.5625,0.30,0.60
2008.03.20 07:43:19.094,1.56225,1.5625,0.30,0.60
2008.03.20 07:43:19.343,1.56225,1.5625,0.30,0.60
2008.03.20 07:43:19.600,1.56225,1.5625,0.30,0.60
2008.03.20 07:43:19.893,1.56225,1.5625,0.30,0.60
2008.03.20 07:43:20.188,1.56225,1.5625,0.30,0.60
2008.03.20 07:43:20.483,1.56225,1.5625,0.30,0.60
2008.03.20 07:43:20.777,1.56225,1.5625,0.30,0.60
2008.03.20 07:43:21.040,1.56225,1.5625,0.30,0.60
2008.03.20 07:43:21.314,1.56225,1.5625,0.30,0.60
2008.03.20 07:43:21.578,1.56225,1.5625,0.30,0.60
2008.03.20 07:43:21.822,1.56225,1.5625,0.30,0.60
2008.03.20 07:43:22.065,1.56225,1.5625,0.30,0.60
2008.03.20 07:43:22.310,1.56225,1.5625,0.30,0.60
2008.03.20 07:43:22.554,1.56225,1.5625,0.30,0.60
2008.03.20 07:43:22.880,1.56225,1.5625,0.30,0.60
2008.03.20 07:43:23.206,1.56225,1.5625,0.30,0.60
2008.03.20 07:43:23.531,1.5622,1.5625,0.80,0.60
2008.03.20 07:43:23.760,1.56225,1.5625,0.30,0.60
2008.03.20 07:43:23.984,1.56225,1.5625,0.30,0.60
2008.03.20 07:43:24.207,1.56225,1.5625,0.30,0.60
2008.03.20 07:43:24.431,1.56225,1.5625,0.30,0.60
2008.03.20 07:43:24.654,1.56225,1.5625,0.30,0.60
2008.03.20 07:43:24.964,1.56225,1.5625,0.30,0.60
2008.03.20 07:43:25.273,1.56225,1.5625,0.30,0.60
2008.03.20 07:43:25.583,1.56225,1.5625,0.30,0.60
2008.03.20 07:43:25.822,1.56225,1.5625,0.30,0.60
2008.03.20 07:43:26.061,1.56225,1.5625,0.30,0.60
2008.03.20 07:43:26.300,1.56225,1.5625,0.30,0.60
2008.03.20 07:43:26.539,1.56225,1.5625,0.30,0.60
2008.03.20 07:43:26.779,1.56225,1.5625,0.30,0.60
2008.03.20 07:43:27.083,1.56225,1.5625,0.30,0.60
2008.03.20 07:43:27.386,1.56225,1.5625,0.30,0.60
2008.03.20 07:43:27.690,1.56225,1.5625,0.30,0.60
2008.03.20 07:43:27.984,1.56225,1.5625,0.30,0.60
2008.03.20 07:43:28.278,1.56225,1.5625,0.30,0.60
2008.03.20 07:43:28.573,1.56225,1.5625,0.30,0.60
2008.03.20 07:43:28.832,1.56225,1.5625,0.30,0.60
2008.03.20 07:43:29.070,1.56225,1.5625,0.30,0.60
2008.03.20 07:43:29.318,1.56225,1.5625,0.30,0.60
2008.03.20 07:43:29.567,1.56225,1.5625,0.30,0.60
2008.03.20 07:43:29.816,1.56225,1.5625,0.30,0.60
2008.03.20 07:43:30.100,1.56225,1.5625,0.30,0.60
2008.03.20 07:43:30.383,1.56225,1.5625,0.30,0.60
2008.03.20 07:43:30.668,1.56225,1.5625,0.30,0.60
2008.03.20 07:43:30.930,1.56225,1.5625,0.30,0.60
2008.03.20 07:43:31.189,1.56225,1.5625,0.30,0.60
2008.03.20 07:43:31.448,1.56225,1.5625,0.30,0.60
2008.03.20 07:43:31.708,1.56225,1.5625,0.30,0.60
2008.03.20 07:43:31.976,1.56225,1.5625,0.30,0.60
2008.03.20 07:43:32.244,1.56225,1.5625,0.30,0.60
2008.03.20 07:43:32.513,1.56225,1.5625,0.30,0.60
2008.03.20 07:43:32.783,1.56225,1.5625,0.30,0.60
2008.03.20 07:43:33.096,1.56225,1.5625,0.30,0.60
2008.03.20 07:43:33.421,1.56225,1.5625,0.30,0.60
2008.03.20 07:43:33.735,1.56225,1.5625,0.30,0.60
2008.03.20 07:43:33.988,1.56225,1.5625,0.30,0.60
2008.03.20 07:43:34.242,1.56225,1.5625,0.30,0.60
2008.03.20 07:43:34.496,1.56225,1.5625,0.30,0.60
2008.03.20 07:43:34.750,1.56225,1.5625,0.30,0.60
2008.03.20 07:43:35.004,1.56225,1.5625,0.30,0.60
2008.03.20 07:43:35.260,1.56225,1.5625,0.30,0.60
2008.03.20 07:43:35.515,1.56225,1.5625,0.30,0.60
2008.03.20 07:43:35.769,1.56225,1.5625,0.30,0.60
2008.03.20 07:43:36.054,1.56225,1.5625,0.30,0.60
2008.03.20 07:43:36.337,1.56225,1.5625,0.30,0.60
2008.03.20 07:43:36.631,1.56225,1.5625,0.30,0.60
2008.03.20 07:43:36.925,1.56225,1.5625,0.30,0.60
2008.03.20 07:43:37.198,1.56225,1.5625,0.30,0.60
2008.03.20 07:43:37.485,1.56225,1.5625,0.30,0.60
2008.03.20 07:43:37.770,1.56225,1.5625,0.30,0.60
2008.03.20 07:43:38.053,1.56225,1.5625,0.30,0.60
2008.03.20 07:43:38.324,1.56225,1.5625,0.30,0.60
2008.03.20 07:43:38.593,1.56225,1.5625,0.30,0.60
2008.03.20 07:43:38.862,1.56225,1.5625,0.30,0.60
2008.03.20 07:43:39.112,1.56225,1.5625,0.30,0.60
2008.03.20 07:43:39.375,1.5622,1.5625,0.50,0.70
2008.03.20 07:43:39.633,1.5622,1.5625,0.50,0.70
2008.03.20 07:43:39.884,1.5622,1.5625,0.50,0.70
2008.03.20 07:43:40.167,1.5622,1.56245,0.50,0.20
2008.03.20 07:43:40.451,1.5622,1.5625,0.80,0.60
2008.03.20 07:43:40.745,1.5622,1.56245,0.50,0.20
2008.03.20 07:43:41.019,1.5622,1.5625,0.80,0.60
2008.03.20 07:43:41.305,1.5622,1.5625,0.80,0.60
2008.03.20 07:43:41.589,1.5622,1.5625,0.80,0.60
2008.03.20 07:43:41.873,1.5622,1.5625,0.80,0.60
2008.03.20 07:43:42.167,1.5622,1.5625,0.80,0.60
2008.03.20 07:43:42.462,1.5622,1.5625,0.80,0.60
2008.03.20 07:43:42.757,1.5622,1.5625,0.80,0.60
2008.03.20 07:43:43.051,1.5622,1.5625,0.80,0.60
2008.03.20 07:43:43.302,1.5622,1.5625,0.50,0.70
2008.03.20 07:43:43.550,1.5622,1.5625,0.50,0.70
2008.03.20 07:43:43.799,1.5622,1.56245,0.50,0.20
2008.03.20 07:43:44.049,1.5623,1.56245,0.50,0.20
2008.03.20 07:43:44.329,1.5624,1.56245,0.30,0.20
2008.03.20 07:43:44.608,1.5624,1.56245,0.30,0.20
2008.03.20 07:43:44.888,1.5624,1.56255,0.30,0.80
2008.03.20 07:43:45.167,1.5624,1.56255,0.30,0.80
2008.03.20 07:43:45.452,1.5624,1.5626,0.60,0.30
2008.03.20 07:43:45.736,1.5624,1.5626,0.30,0.30
2008.03.20 07:43:46.020,1.5624,1.5626,0.30,0.30
2008.03.20 07:43:46.274,1.5624,1.5626,0.30,0.30
2008.03.20 07:43:46.528,1.5624,1.5626,0.30,0.30
2008.03.20 07:43:46.782,1.5624,1.5626,0.30,0.30
2008.03.20 07:43:47.039,1.5625,1.56265,0.30,5.00
2008.03.20 07:43:47.364,1.5625,1.56265,0.30,1.00
2008.03.20 07:43:47.688,1.56245,1.5626,4.80,0.40
2008.03.20 07:43:48.014,1.5624,1.5626,0.30,0.40
2008.03.20 07:43:48.255,1.5624,1.5626,0.30,0.60
2008.03.20 07:43:48.506,1.5624,1.56255,0.30,0.30
2008.03.20 07:43:48.757,1.56225,1.56255,4.30,0.50
2008.03.20 07:43:48.997,1.56225,1.56255,4.30,0.50
2008.03.20 07:43:49.236,1.56225,1.56255,4.30,0.50
2008.03.20 07:43:49.539,1.56225,1.56255,4.30,0.50
2008.03.20 07:43:49.839,1.5623,1.56255,0.30,0.30
2008.03.20 07:43:50.139,1.5623,1.56255,0.30,0.30
2008.03.20 07:43:50.422,1.5623,1.56255,0.60,0.30
2008.03.20 07:43:50.705,1.5623,1.56255,0.60,0.30
2008.03.20 07:43:50.992,1.5623,1.56255,0.30,0.30
2008.03.20 07:43:51.278,1.56225,1.56255,4.30,0.50
2008.03.20 07:43:51.526,1.56225,1.56255,4.30,0.50
2008.03.20 07:43:51.776,1.56225,1.56255,4.30,0.50
2008.03.20 07:43:52.026,1.56225,1.56255,4.30,0.50
2008.03.20 07:43:52.275,1.56225,1.56255,4.30,0.50
2008.03.20 07:43:52.594,1.56225,1.56255,4.30,0.50
2008.03.20 07:43:52.908,1.56225,1.56255,4.30,0.50
2008.03.20 07:43:53.222,1.56225,1.56255,4.30,0.50
2008.03.20 07:43:53.456,1.56225,1.56255,4.30,0.50
2008.03.20 07:43:53.690,1.56225,1.56255,4.30,0.50
2008.03.20 07:43:53.924,1.56225,1.56255,4.30,0.50
2008.03.20 07:43:54.159,1.56225,1.56255,4.30,0.50
2008.03.20 07:43:54.448,1.56225,1.5625,4.30,0.40
2008.03.20 07:43:54.737,1.5622,1.5625,1.60,0.60
2008.03.20 07:43:55.027,1.5622,1.5625,0.50,0.70
2008.03.20 07:43:55.317,1.5622,1.5625,0.50,0.70
2008.03.20 07:43:55.556,1.5622,1.5625,0.50,0.70
2008.03.20 07:43:55.796,1.5622,1.5625,0.50,0.70
2008.03.20 07:43:56.040,1.5622,1.5625,0.50,0.70
2008.03.20 07:43:56.279,1.5622,1.5625,0.50,0.70
2008.03.20 07:43:56.589,1.5622,1.5625,0.50,0.70
2008.03.20 07:43:56.897,1.5622,1.5625,0.50,0.70
2008.03.20 07:43:57.207,1.5622,1.5625,0.80,0.70
2008.03.20 07:43:57.486,1.5622,1.5625,0.80,0.70
2008.03.20 07:43:57.764,1.5622,1.5625,0.80,0.70
2008.03.20 07:43:58.044,1.5622,1.5625,0.80,0.70
2008.03.20 07:43:58.324,1.5623,1.5625,0.30,0.30
2008.03.20 07:43:58.578,1.5623,1.5625,0.30,0.30
2008.03.20 07:43:58.833,1.5622,1.5625,1.60,0.60
2008.03.20 07:43:59.087,1.5622,1.5625,1.60,0.60
2008.03.20 07:43:59.342,1.5623,1.5625,0.30,0.30
2008.03.20 07:43:59.639,1.5623,1.5625,0.30,0.30
2008.03.20 07:43:59.937,1.5623,1.56255,0.30,5.20
2008.03.20 07:44:00.245,1.5623,1.56255,0.30,1.00
2008.03.20 07:44:00.493,1.5623,1.56255,0.30,0.30
2008.03.20 07:44:00.742,1.5623,1.56255,0.30,0.30
2008.03.20 07:44:00.993,1.5624,1.5626,0.30,0.50
2008.03.20 07:44:01.242,1.56235,1.56255,4.00,0.30
2008.03.20 07:44:01.527,1.5623,1.56255,0.30,0.30
2008.03.20 07:44:01.811,1.5623,1.56255,0.30,0.30
2008.03.20 07:44:02.096,1.5623,1.56255,0.60,0.30
2008.03.20 07:44:02.381,1.5623,1.56255,0.30,0.30
2008.03.20 07:44:02.670,1.5623,1.56255,0.30,0.30
2008.03.20 07:44:02.961,1.5624,1.5626,0.30,0.30
2008.03.20 07:44:03.250,1.5624,1.5626,0.30,0.30
2008.03.20 07:44:03.539,1.5624,1.5626,0.30,0.30
2008.03.20 07:44:03.812,1.5624,1.56255,0.30,0.30
2008.03.20 07:44:04.091,1.56225,1.56255,4.50,0.30
2008.03.20 07:44:04.366,1.56225,1.56255,4.50,0.30
2008.03.20 07:44:04.630,1.56225,1.5625,0.30,0.30
2008.03.20 07:44:04.888,1.5622,1.5625,1.30,0.50
2008.03.20 07:44:05.145,1.56225,1.56255,0.50,5.00
2008.03.20 07:44:05.399,1.56225,1.56255,0.40,5.20
2008.03.20 07:44:05.694,1.56235,1.56255,0.40,4.80
2008.03.20 07:44:05.987,1.56235,1.56255,0.40,4.80
2008.03.20 07:44:06.281,1.56235,1.56255,0.40,4.80
2008.03.20 07:44:06.575,1.56235,1.56255,0.40,4.80
2008.03.20 07:44:06.866,1.5623,1.56255,0.30,5.00
2008.03.20 07:44:07.157,1.5623,1.56255,0.30,5.20
2008.03.20 07:44:07.448,1.5623,1.56255,0.30,1.20
2008.03.20 07:44:07.737,1.5623,1.56255,0.30,1.20
2008.03.20 07:44:08.027,1.5623,1.56255,0.30,1.20
2008.03.20 07:44:08.315,1.5623,1.56255,0.30,1.20
2008.03.20 07:44:08.606,1.5624,1.56255,0.30,1.00
2008.03.20 07:44:08.895,1.5624,1.56255,0.30,1.00
2008.03.20 07:44:09.183,1.5624,1.56255,0.30,1.20
2008.03.20 07:44:09.471,1.5624,1.56255,0.30,1.20
2008.03.20 07:44:09.737,1.5624,1.56255,0.30,1.20
2008.03.20 07:44:09.978,1.5624,1.56255,0.30,1.20
2008.03.20 07:44:10.243,1.5624,1.56255,0.30,1.20
2008.03.20 07:44:10.497,1.5624,1.56255,0.30,1.20
2008.03.20 07:44:10.802,1.5624,1.56255,0.30,1.20
2008.03.20 07:44:11.106,1.5624,1.56255,0.30,1.20
2008.03.20 07:44:11.410,1.5624,1.56255,0.30,1.20
2008.03.20 07:44:11.670,1.5623,1.56255,0.30,1.20
2008.03.20 07:44:11.928,1.5623,1.56255,0.30,1.20
2008.03.20 07:44:12.186,1.5623,1.56255,0.30,1.20
2008.03.20 07:44:12.454,1.5623,1.56255,0.30,1.20
2008.03.20 07:44:12.775,1.5623,1.56255,0.30,1.00
2008.03.20 07:44:13.094,1.5623,1.56255,0.30,1.00
2008.03.20 07:44:13.415,1.5623,1.56255,0.30,1.00
2008.03.20 07:44:13.666,1.5623,1.56255,0.30,1.00
2008.03.20 07:44:13.904,1.5623,1.56255,0.30,1.00
2008.03.20 07:44:14.156,1.5623,1.5625,0.30,0.40
2008.03.20 07:44:14.395,1.5623,1.5625,0.30,0.40
2008.03.20 07:44:14.634,1.5623,1.5625,0.30,0.40
2008.03.20 07:44:14.948,1.5623,1.5625,0.30,0.40
2008.03.20 07:44:15.274,1.5623,1.5625,0.30,0.40
2008.03.20 07:44:15.576,1.5623,1.5625,0.30,0.40
2008.03.20 07:44:15.829,1.5624,1.56255,0.30,1.00
2008.03.20 07:44:16.079,1.5624,1.56255,0.30,0.80
2008.03.20 07:44:16.329,1.5624,1.56255,0.30,0.80
2008.03.20 07:44:16.579,1.5624,1.56255,0.30,0.80
2008.03.20 07:44:16.904,1.5623,1.5625,0.30,0.80
2008.03.20 07:44:17.229,1.5623,1.56245,0.30,0.80
2008.03.20 07:44:17.543,1.5623,1.56245,0.30,0.80
2008.03.20 07:44:17.828,1.5623,1.56245,0.30,0.80
2008.03.20 07:44:18.098,1.56245,1.5625,0.40,0.80
2008.03.20 07:44:18.370,1.5625,1.56265,1.00,4.80
2008.03.20 07:44:18.643,1.5625,1.56265,1.00,0.80
2008.03.20 07:44:18.929,1.5625,1.56265,0.30,0.80
2008.03.20 07:44:19.214,1.5624,1.5626,0.50,0.40
2008.03.20 07:44:19.499,1.5624,1.5626,0.30,0.60
2008.03.20 07:44:19.783,1.5623,1.5626,0.80,0.30
2008.03.20 07:44:20.088,1.5623,1.5626,0.80,0.60
2008.03.20 07:44:20.392,1.56235,1.5626,0.30,0.60
2008.03.20 07:44:20.696,1.56235,1.5626,0.30,0.60
2008.03.20 07:44:20.939,1.56235,1.5626,0.30,0.60
2008.03.20 07:44:21.184,1.56235,1.5626,0.30,0.60
2008.03.20 07:44:21.429,1.56235,1.5626,0.30,0.60
2008.03.20 07:44:21.673,1.56235,1.5626,0.30,0.60
2008.03.20 07:44:21.987,1.56235,1.5626,0.30,0.60
2008.03.20 07:44:22.300,1.56235,1.5626,0.30,0.60
2008.03.20 07:44:22.614,1.56235,1.5626,0.30,0.60
2008.03.20 07:44:22.928,1.56235,1.5626,0.30,0.60
2008.03.20 07:44:23.207,1.56235,1.5626,0.30,0.60
2008.03.20 07:44:23.488,1.5623,1.5626,0.80,0.60
2008.03.20 07:44:23.768,1.5624,1.5626,0.30,0.30
2008.03.20 07:44:24.043,1.5624,1.5626,0.30,0.30
2008.03.20 07:44:24.318,1.5624,1.56265,0.60,5.00
2008.03.20 07:44:24.593,1.5624,1.56265,0.60,1.00
2008.03.20 07:44:24.868,1.56245,1.56265,0.30,1.00
2008.03.20 07:44:25.134,1.5624,1.56265,0.80,1.00
2008.03.20 07:44:25.397,1.5624,1.56265,0.80,5.00
2008.03.20 07:44:25.661,1.5624,1.56265,0.80,5.00
2008.03.20 07:44:25.926,1.5624,1.56265,0.80,5.00
2008.03.20 07:44:26.215,1.5624,1.56265,0.80,5.00
2008.03.20 07:44:26.505,1.5624,1.56265,0.80,5.00
2008.03.20 07:44:26.793,1.5624,1.56265,0.80,5.00
2008.03.20 07:44:27.071,1.5624,1.56265,0.80,5.00
2008.03.20 07:44:27.349,1.5624,1.56265,0.80,5.00
2008.03.20 07:44:27.628,1.5624,1.56265,0.80,5.00
2008.03.20 07:44:27.908,1.5624,1.56265,0.80,5.00
2008.03.20 07:44:28.177,1.5624,1.56265,0.80,5.00
2008.03.20 07:44:28.447,1.5624,1.56265,0.80,5.00
2008.03.20 07:44:28.738,1.5624,1.56265,0.80,1.00
2008.03.20 07:44:29.006,1.5624,1.56265,0.80,1.00
2008.03.20 07:44:29.275,1.5624,1.56265,0.80,1.00
2008.03.20 07:44:29.544,1.5624,1.56265,0.80,1.00
2008.03.20 07:44:29.813,1.5624,1.56265,0.80,1.00
2008.03.20 07:44:30.082,1.5624,1.56265,0.80,1.00
2008.03.20 07:44:30.347,1.5624,1.56265,0.80,1.00
2008.03.20 07:44:30.611,1.5624,1.56265,0.80,1.00
2008.03.20 07:44:30.875,1.5624,1.56265,0.80,1.00
2008.03.20 07:44:31.155,1.5624,1.56265,0.80,1.00
2008.03.20 07:44:31.433,1.5624,1.56265,0.80,1.00
2008.03.20 07:44:31.711,1.5624,1.56265,0.80,1.00
2008.03.20 07:44:31.992,1.5624,1.56265,0.80,1.00
2008.03.20 07:44:32.292,1.5624,1.5626,0.30,0.40
2008.03.20 07:44:32.591,1.5624,1.5626,0.30,0.60
2008.03.20 07:44:32.891,1.56235,1.5626,4.20,0.60
2008.03.20 07:44:33.145,1.56235,1.5626,0.30,0.60
2008.03.20 07:44:33.398,1.56235,1.5626,0.30,0.60
2008.03.20 07:44:33.651,1.56235,1.5626,0.50,0.40
2008.03.20 07:44:33.906,1.5624,1.5626,0.30,0.40
2008.03.20 07:44:34.180,1.5624,1.5626,0.30,0.40
2008.03.20 07:44:34.454,1.5624,1.5626,0.30,0.40
2008.03.20 07:44:34.728,1.5624,1.5626,0.30,0.40
2008.03.20 07:44:35.002,1.5624,1.5626,0.30,0.40
2008.03.20 07:44:35.256,1.5624,1.5626,0.30,0.40
2008.03.20 07:44:35.510,1.5624,1.5626,0.30,0.40
2008.03.20 07:44:35.764,1.5624,1.5626,0.30,0.40
2008.03.20 07:44:36.018,1.5624,1.5626,0.30,0.40
2008.03.20 07:44:36.297,1.5624,1.5626,0.30,0.40
2008.03.20 07:44:36.575,1.5624,1.5626,0.30,0.40
2008.03.20 07:44:36.867,1.5624,1.5626,0.30,0.40
2008.03.20 07:44:37.136,1.5624,1.5626,0.30,0.40
2008.03.20 07:44:37.440,1.5624,1.5626,0.30,0.40
2008.03.20 07:44:37.745,1.5624,1.5626,0.30,0.40
2008.03.20 07:44:38.050,1.5624,1.5626,0.30,0.40
2008.03.20 07:44:38.290,1.5624,1.5626,0.30,0.40
2008.03.20 07:44:38.530,1.5624,1.5626,0.30,0.40
2008.03.20 07:44:38.769,1.5624,1.5626,0.30,0.40
2008.03.20 07:44:39.009,1.5624,1.5626,0.30,0.40
2008.03.20 07:44:39.309,1.5624,1.5626,0.80,0.40
2008.03.20 07:44:39.620,1.5624,1.56265,0.80,1.00
2008.03.20 07:44:39.920,1.56245,1.56265,0.30,1.00
2008.03.20 07:44:40.191,1.5624,1.56265,0.80,1.00
2008.03.20 07:44:40.462,1.5624,1.56255,0.60,0.80
2008.03.20 07:44:40.732,1.5624,1.56255,0.60,0.80
2008.03.20 07:44:41.002,1.5624,1.56255,0.60,0.80
2008.03.20 07:44:41.281,1.5624,1.56255,0.60,0.80
2008.03.20 07:44:41.570,1.5624,1.56255,0.60,0.80
2008.03.20 07:44:41.849,1.5624,1.56255,0.30,0.80
2008.03.20 07:44:42.129,1.5624,1.56255,0.30,0.80
2008.03.20 07:44:42.428,1.5624,1.56255,0.30,0.80
2008.03.20 07:44:42.727,1.5624,1.56255,0.30,0.80
2008.03.20 07:44:43.026,1.5624,1.56255,0.30,0.80
2008.03.20 07:44:43.297,1.5624,1.56255,0.30,0.80
2008.03.20 07:44:43.565,1.5624,1.56255,0.30,0.80
2008.03.20 07:44:43.835,1.5624,1.56255,0.30,0.80
2008.03.20 07:44:44.105,1.5624,1.56255,0.30,0.80
2008.03.20 07:44:44.385,1.5624,1.56255,0.30,0.80
2008.03.20 07:44:44.664,1.5624,1.56255,0.30,0.80
2008.03.20 07:44:44.944,1.5624,1.56255,0.30,0.80
2008.03.20 07:44:45.249,1.5624,1.56255,0.30,0.80
2008.03.20 07:44:45.544,1.5624,1.56255,0.30,0.80
2008.03.20 07:44:45.839,1.5624,1.56255,0.30,0.80
2008.03.20 07:44:46.133,1.5624,1.56255,0.30,0.80
2008.03.20 07:44:46.402,1.5624,1.56255,0.30,0.80
2008.03.20 07:44:46.669,1.5624,1.56255,0.30,0.80
2008.03.20 07:44:46.944,1.5624,1.56255,0.30,0.80
2008.03.20 07:44:47.213,1.5624,1.56255,0.30,0.80
2008.03.20 07:44:47.534,1.5624,1.56255,0.30,0.80
2008.03.20 07:44:47.832,1.5624,1.56255,0.30,0.80
2008.03.20 07:44:48.142,1.5624,1.56255,0.30,0.80
2008.03.20 07:44:48.402,1.5624,1.56255,0.30,0.80
2008.03.20 07:44:48.660,1.5624,1.56255,0.30,0.80
2008.03.20 07:44:48.919,1.5624,1.56255,0.30,0.80
2008.03.20 07:44:49.177,1.5624,1.56255,0.30,0.80
2008.03.20 07:44:49.457,1.5624,1.56255,0.30,0.80
2008.03.20 07:44:49.737,1.5624,1.56255,0.30,0.80
2008.03.20 07:44:50.017,1.5624,1.56255,0.30,0.80
2008.03.20 07:44:50.296,1.5624,1.5626,0.30,0.40
2008.03.20 07:44:50.576,1.5624,1.5626,0.30,0.40
2008.03.20 07:44:50.856,1.5624,1.5626,0.30,0.60
2008.03.20 07:44:51.134,1.5624,1.5626,0.30,0.60
2008.03.20 07:44:51.389,1.5624,1.5626,0.30,0.70
2008.03.20 07:44:51.643,1.5624,1.5626,0.30,1.50
2008.03.20 07:44:51.900,1.5624,1.56255,0.30,0.80
2008.03.20 07:44:52.154,1.5624,1.56255,0.30,0.80
2008.03.20 07:44:52.469,1.5624,1.56255,0.30,0.80
2008.03.20 07:44:52.783,1.5624,1.56255,0.30,0.80
2008.03.20 07:44:53.097,1.5624,1.56255,0.30,0.80
2008.03.20 07:44:53.354,1.5624,1.56255,0.30,0.80
2008.03.20 07:44:53.603,1.5624,1.56255,0.30,0.80
2008.03.20 07:44:53.852,1.5624,1.56255,0.30,0.80
2008.03.20 07:44:54.101,1.5624,1.56255,0.30,0.80
2008.03.20 07:44:54.380,1.5624,1.56255,0.30,0.80
2008.03.20 07:44:54.658,1.5624,1.56255,0.30,0.80
2008.03.20 07:44:54.939,1.5624,1.56255,0.30,0.80
2008.03.20 07:44:55.219,1.5624,1.56255,0.30,0.80
2008.03.20 07:44:55.479,1.5624,1.56255,0.30,0.80
2008.03.20 07:44:55.744,1.5624,1.56255,0.30,0.80
2008.03.20 07:44:55.998,1.5624,1.56255,0.30,0.80
2008.03.20 07:44:56.252,1.5624,1.56255,0.30,0.80
2008.03.20 07:44:56.537,1.5624,1.56255,0.30,0.80
2008.03.20 07:44:56.822,1.5624,1.56255,0.30,0.80
2008.03.20 07:44:57.106,1.5624,1.56255,0.30,0.80
2008.03.20 07:44:57.389,1.5624,1.56255,0.30,0.80
2008.03.20 07:44:57.679,1.5624,1.56255,0.30,0.80
2008.03.20 07:44:57.968,1.5624,1.56255,0.30,0.80
2008.03.20 07:44:58.257,1.5624,1.56255,0.30,0.80
2008.03.20 07:44:58.495,1.5624,1.56255,0.30,0.80
2008.03.20 07:44:58.733,1.5624,1.56255,0.30,0.80
2008.03.20 07:44:58.971,1.5624,1.56255,0.30,0.80
2008.03.20 07:44:59.212,1.5624,1.56255,0.30,0.80
2008.03.20 07:44:59.525,1.5624,1.56255,0.30,0.80
2008.03.20 07:44:59.840,1.5624,1.56255,0.30,0.80
2008.03.20 07:45:00.154,1.5624,1.56255,0.30,0.80
2008.03.20 07:45:00.468,1.5624,1.56255,0.30,0.80
2008.03.20 07:45:00.707,1.5624,1.56255,0.30,0.80
2008.03.20 07:45:00.955,1.5624,1.56255,0.30,0.80
2008.03.20 07:45:01.207,1.5624,1.56255,0.30,0.80
2008.03.20 07:45:01.509,1.5624,1.56255,0.30,0.80
2008.03.20 07:45:01.815,1.5624,1.56255,0.30,0.90
2008.03.20 07:45:02.120,1.5624,1.5625,0.30,0.40
2008.03.20 07:45:02.426,1.5624,1.5625,0.30,0.40
2008.03.20 07:45:02.721,1.5624,1.56255,0.30,0.90
2008.03.20 07:45:03.030,1.5624,1.56255,0.30,0.80
2008.03.20 07:45:03.311,1.5624,1.56255,0.30,0.80
2008.03.20 07:45:03.535,1.5624,1.56255,0.30,0.80
2008.03.20 07:45:03.762,1.5624,1.56255,0.30,0.80
2008.03.20 07:45:03.986,1.5624,1.56255,0.30,0.80
2008.03.20 07:45:04.219,1.5624,1.56255,0.30,0.80
2008.03.20 07:45:04.434,1.5624,1.56255,0.30,0.80
2008.03.20 07:45:04.723,1.5624,1.56255,0.30,0.80
2008.03.20 07:45:05.013,1.5624,1.56255,0.30,0.80
2008.03.20 07:45:05.302,1.5624,1.56255,0.30,0.80
2008.03.20 07:45:05.562,1.5624,1.56255,0.30,0.80
2008.03.20 07:45:05.823,1.5624,1.56255,0.30,0.90
2008.03.20 07:45:06.082,1.5624,1.56255,0.30,0.90
2008.03.20 07:45:06.341,1.5624,1.56255,0.30,0.90
2008.03.20 07:45:06.625,1.5624,1.56255,0.30,0.90
2008.03.20 07:45:06.910,1.5624,1.56255,0.30,0.90
2008.03.20 07:45:07.195,1.5624,1.56255,0.30,0.90
2008.03.20 07:45:07.479,1.5624,1.56255,0.30,0.90
2008.03.20 07:45:07.762,1.5624,1.56255,0.30,0.90
2008.03.20 07:45:08.046,1.5624,1.56255,0.30,0.90
2008.03.20 07:45:08.330,1.5624,1.56255,0.30,0.90
2008.03.20 07:45:08.574,1.5624,1.56255,0.30,0.90
2008.03.20 07:45:08.829,1.5624,1.56255,0.30,0.90
2008.03.20 07:45:09.073,1.5624,1.56255,0.30,0.90
2008.03.20 07:45:09.316,1.5624,1.56255,0.30,0.90
2008.03.20 07:45:09.608,1.5624,1.56255,0.30,0.90
2008.03.20 07:45:09.897,1.5624,1.56255,0.30,0.90
2008.03.20 07:45:10.185,1.5624,1.56255,0.30,0.90
2008.03.20 07:45:10.475,1.5624,1.56255,0.30,0.90
2008.03.20 07:45:10.738,1.5624,1.56255,0.30,0.90
2008.03.20 07:45:11.002,1.5624,1.56255,0.30,0.90
2008.03.20 07:45:11.266,1.5624,1.56255,0.30,0.90
2008.03.20 07:45:11.538,1.5624,1.56255,0.30,0.90
2008.03.20 07:45:11.822,1.5624,1.56255,0.30,0.90
2008.03.20 07:45:12.105,1.5624,1.56255,0.30,0.90
2008.03.20 07:45:12.390,1.5624,1.56255,0.30,0.90
2008.03.20 07:45:12.679,1.5624,1.56255,0.30,0.90
2008.03.20 07:45:12.968,1.5624,1.56255,0.30,0.90
2008.03.20 07:45:13.257,1.5624,1.56255,0.30,0.90
2008.03.20 07:45:13.547,1.5624,1.56255,0.30,0.90
2008.03.20 07:45:13.787,1.5624,1.56255,0.30,0.90
2008.03.20 07:45:14.025,1.5624,1.56255,0.30,0.90
2008.03.20 07:45:14.265,1.5624,1.56255,0.30,0.80
2008.03.20 07:45:14.505,1.5624,1.56255,0.30,0.90
2008.03.20 07:45:14.790,1.5624,1.56255,0.30,0.80
2008.03.20 07:45:15.074,1.5624,1.5626,0.30,0.40
2008.03.20 07:45:15.358,1.5624,1.5626,0.30,0.60
2008.03.20 07:45:15.642,1.5624,1.5626,0.30,0.60
2008.03.20 07:45:15.911,1.5624,1.5626,0.30,0.60
2008.03.20 07:45:16.180,1.5624,1.5626,0.30,0.60
2008.03.20 07:45:16.448,1.5624,1.5626,0.30,0.60
2008.03.20 07:45:16.717,1.5624,1.5626,0.30,0.60
2008.03.20 07:45:17.000,1.5624,1.5626,0.30,0.60
2008.03.20 07:45:17.285,1.5624,1.5626,0.30,0.60
2008.03.20 07:45:17.569,1.5624,1.5626,0.30,0.60
2008.03.20 07:45:17.828,1.5624,1.5626,0.30,0.60
2008.03.20 07:45:18.098,1.5624,1.5626,0.30,0.60
2008.03.20 07:45:18.357,1.5624,1.5626,0.30,0.60
2008.03.20 07:45:18.618,1.5624,1.5626,0.50,0.60
2008.03.20 07:45:18.889,1.5625,1.5626,0.30,0.40
2008.03.20 07:45:19.159,1.5624,1.5626,0.30,0.60
2008.03.20 07:45:19.428,1.5624,1.5626,0.30,0.60
2008.03.20 07:45:19.696,1.5624,1.5626,0.30,0.60
2008.03.20 07:45:19.970,1.5625,1.5626,0.30,0.20
2008.03.20 07:45:20.251,1.56245,1.5626,4.00,0.40
2008.03.20 07:45:20.538,1.5624,1.5626,0.30,0.60
2008.03.20 07:45:20.818,1.5624,1.5626,0.30,0.60
2008.03.20 07:45:21.097,1.5624,1.5626,0.30,0.60
2008.03.20 07:45:21.377,1.5624,1.5626,0.30,0.60
2008.03.20 07:45:21.655,1.5624,1.5626,0.30,0.60
2008.03.20 07:45:21.884,1.5624,1.5626,0.30,0.60
2008.03.20 07:45:22.113,1.5624,1.5626,0.30,0.60
2008.03.20 07:45:22.344,1.5624,1.5626,0.30,0.60
2008.03.20 07:45:22.573,1.5624,1.5626,0.30,0.60
2008.03.20 07:45:22.802,1.5624,1.5626,0.30,0.60
2008.03.20 07:45:23.137,1.5624,1.5626,0.30,0.60
2008.03.20 07:45:23.471,1.5624,1.5626,0.30,0.60
2008.03.20 07:45:23.806,1.5624,1.5626,0.30,0.60
2008.03.20 07:45:24.009,1.5624,1.5626,0.30,0.60
2008.03.20 07:45:24.212,1.5624,1.5626,0.30,0.60
2008.03.20 07:45:24.416,1.5624,1.5626,0.30,0.40
2008.03.20 07:45:24.622,1.5625,1.56265,0.30,1.20
2008.03.20 07:45:24.827,1.5624,1.5626,0.50,0.40
2008.03.20 07:45:25.156,1.5625,1.5626,0.30,0.60
2008.03.20 07:45:25.487,1.5624,1.5626,0.30,0.70
2008.03.20 07:45:25.816,1.5624,1.5626,0.30,0.70
2008.03.20 07:45:26.025,1.5624,1.5626,0.30,0.70
2008.03.20 07:45:26.233,1.5624,1.5626,0.30,0.60
2008.03.20 07:45:26.443,1.5625,1.5626,0.30,0.20
2008.03.20 07:45:26.655,1.5625,1.56265,0.30,0.50
2008.03.20 07:45:26.869,1.5625,1.56265,0.30,0.50
2008.03.20 07:45:27.200,1.5624,1.5626,0.30,0.60
2008.03.20 07:45:27.530,1.5624,1.5626,0.30,0.60
2008.03.20 07:45:27.859,1.5624,1.5626,0.30,0.60
2008.03.20 07:45:28.108,1.5624,1.5626,0.30,0.60
2008.03.20 07:45:28.357,1.5624,1.5626,0.30,0.60
2008.03.20 07:45:28.607,1.5624,1.5626,0.30,0.60
2008.03.20 07:45:28.857,1.5624,1.5626,0.30,0.40
2008.03.20 07:45:29.151,1.5624,1.5626,0.30,0.40
2008.03.20 07:45:29.444,1.5624,1.5626,0.30,0.60
2008.03.20 07:45:29.718,1.5624,1.5626,0.30,0.60
2008.03.20 07:45:30.002,1.5624,1.5626,0.30,0.60
2008.03.20 07:45:30.257,1.5624,1.5626,0.30,0.60
2008.03.20 07:45:30.510,1.5624,1.5626,0.30,0.60
2008.03.20 07:45:30.774,1.5624,1.5626,0.30,0.60
2008.03.20 07:45:31.018,1.5624,1.5626,0.30,0.60
2008.03.20 07:45:31.287,1.5624,1.5626,0.30,0.60
2008.03.20 07:45:31.556,1.5624,1.5626,0.30,0.60
2008.03.20 07:45:31.825,1.5624,1.5626,0.30,0.60
2008.03.20 07:45:32.094,1.5624,1.5626,0.30,0.60
2008.03.20 07:45:32.401,1.5625,1.5626,0.30,0.40
2008.03.20 07:45:32.687,1.5625,1.5626,0.30,0.40
2008.03.20 07:45:32.982,1.5624,1.5626,0.30,0.70
2008.03.20 07:45:33.232,1.56235,1.56255,4.80,0.30
2008.03.20 07:45:34.704,1.56235,1.56255,4.80,0.30
2008.03.20 07:45:34.769,1.5623,1.56255,0.50,0.20
2008.03.20 07:45:34.816,1.5623,1.56255,0.50,0.20
2008.03.20 07:45:34.867,1.5623,1.56255,0.50,0.20
2008.03.20 07:45:34.915,1.5623,1.56255,0.30,0.50
2008.03.20 07:45:34.964,1.5623,1.56255,0.30,0.50
2008.03.20 07:45:35.025,1.5623,1.56255,0.30,0.50
2008.03.20 07:45:35.066,1.5623,1.56255,0.30,0.50
2008.03.20 07:45:35.114,1.5623,1.56255,0.50,0.20
2008.03.20 07:45:35.171,1.5623,1.56255,0.50,0.20
2008.03.20 07:45:35.222,1.5623,1.56255,0.50,0.20
2008.03.20 07:45:35.271,1.5623,1.56255,0.50,0.20
2008.03.20 07:45:35.323,1.5623,1.56255,0.50,0.20
2008.03.20 07:45:35.372,1.5623,1.56255,0.50,0.20
2008.03.20 07:45:35.422,1.5624,1.5626,0.30,0.50
2008.03.20 07:45:35.475,1.5624,1.5626,0.30,0.50
2008.03.20 07:45:35.522,1.5624,1.5626,0.30,0.50
2008.03.20 07:45:35.575,1.5624,1.5626,0.30,0.50
2008.03.20 07:45:35.622,1.5624,1.5626,0.30,0.50
2008.03.20 07:45:35.671,1.5624,1.5626,0.30,0.50
2008.03.20 07:45:35.731,1.5624,1.5626,0.30,0.50
2008.03.20 07:45:36.054,1.5624,1.5626,0.30,0.70
2008.03.20 07:45:36.389,1.5624,1.5626,0.30,0.20
2008.03.20 07:45:36.725,1.5624,1.5626,0.30,0.20
2008.03.20 07:45:36.953,1.5624,1.5626,0.30,0.20
2008.03.20 07:45:37.182,1.5624,1.5626,0.30,0.20
2008.03.20 07:45:37.412,1.5624,1.5626,0.30,0.20
2008.03.20 07:45:37.642,1.5624,1.5626,0.30,0.20
2008.03.20 07:45:37.870,1.5624,1.5626,0.30,0.60
2008.03.20 07:45:38.205,1.5624,1.56245,0.30,0.80
2008.03.20 07:45:38.540,1.5624,1.56245,0.30,0.80
2008.03.20 07:45:38.873,1.5624,1.56245,0.30,0.80
2008.03.20 07:45:39.112,1.5624,1.56245,0.30,0.80
2008.03.20 07:45:39.341,1.5624,1.56245,0.30,0.80
2008.03.20 07:45:39.570,1.5624,1.56245,0.30,0.80
2008.03.20 07:45:39.797,1.5624,1.56245,0.30,0.80
2008.03.20 07:45:40.101,1.5624,1.56245,0.30,0.80
2008.03.20 07:45:40.405,1.5624,1.5626,0.30,0.20
2008.03.20 07:45:40.710,1.5624,1.5626,0.30,0.60
2008.03.20 07:45:41.015,1.5624,1.5626,0.30,0.60
2008.03.20 07:45:41.274,1.5624,1.5626,0.30,0.60
2008.03.20 07:45:41.540,1.5624,1.5626,0.30,0.60
2008.03.20 07:45:41.800,1.5624,1.5626,0.30,0.60
2008.03.20 07:45:42.063,1.5624,1.5626,0.30,0.60
2008.03.20 07:45:42.327,1.5624,1.5626,0.30,0.60
2008.03.20 07:45:42.592,1.5624,1.5626,0.30,0.60
2008.03.20 07:45:42.856,1.5624,1.5626,0.30,0.60
2008.03.20 07:45:43.151,1.5624,1.5626,0.30,0.60
2008.03.20 07:45:43.457,1.5624,1.5626,0.30,0.60
2008.03.20 07:45:43.751,1.5624,1.5626,0.30,0.60
2008.03.20 07:45:44.047,1.5624,1.5626,0.30,0.60
2008.03.20 07:45:44.297,1.5624,1.5626,0.30,0.60
2008.03.20 07:45:44.545,1.5624,1.5626,0.30,0.60
2008.03.20 07:45:44.795,1.5624,1.5626,0.30,0.60
2008.03.20 07:45:45.044,1.5624,1.5626,0.30,0.60
2008.03.20 07:45:45.339,1.5624,1.56255,0.30,0.20
2008.03.20 07:45:45.632,1.5624,1.56255,0.30,0.20
2008.03.20 07:45:45.927,1.5624,1.56255,0.30,0.20
2008.03.20 07:45:46.220,1.5624,1.5626,0.30,0.60
2008.03.20 07:45:46.498,1.5624,1.5626,0.30,0.60
2008.03.20 07:45:46.778,1.5624,1.5626,0.30,0.60
2008.03.20 07:45:47.037,1.5624,1.5626,0.30,0.60
2008.03.20 07:45:47.312,1.5624,1.5626,0.30,0.60
2008.03.20 07:45:47.585,1.5624,1.5626,0.30,0.60
2008.03.20 07:45:47.858,1.5624,1.5626,0.30,0.60
2008.03.20 07:45:48.133,1.5624,1.5626,0.30,0.60
2008.03.20 07:45:48.417,1.5624,1.5626,0.30,0.60
2008.03.20 07:45:48.702,1.5624,1.5626,0.30,0.60
2008.03.20 07:45:48.986,1.5624,1.5626,0.30,0.60
2008.03.20 07:45:49.270,1.5624,1.5626,0.30,0.60
2008.03.20 07:45:49.534,1.5624,1.5626,0.30,0.60
2008.03.20 07:45:49.799,1.5624,1.5626,0.30,0.60
2008.03.20 07:45:50.064,1.5624,1.5625,0.30,0.40
2008.03.20 07:45:50.329,1.5623,1.5625,0.30,0.40
2008.03.20 07:45:50.593,1.5623,1.5625,0.30,0.40
2008.03.20 07:45:50.857,1.5623,1.5625,0.30,0.40
2008.03.20 07:45:51.137,1.5623,1.5625,0.30,0.40
2008.03.20 07:45:51.422,1.5623,1.5625,0.30,0.40
2008.03.20 07:45:51.705,1.5623,1.5625,0.30,0.40
2008.03.20 07:45:51.990,1.5623,1.5625,0.30,0.40
2008.03.20 07:45:52.274,1.5623,1.5625,0.30,0.40
2008.03.20 07:45:52.578,1.5623,1.5625,0.30,0.40
2008.03.20 07:45:52.883,1.5623,1.5625,0.30,0.40
2008.03.20 07:45:53.187,1.5623,1.5625,0.30,0.40
2008.03.20 07:45:53.408,1.5623,1.5625,0.30,0.40
2008.03.20 07:45:53.606,1.5623,1.5625,0.30,0.40
2008.03.20 07:45:53.814,1.5623,1.5625,0.30,0.40
2008.03.20 07:45:54.023,1.5623,1.5625,0.30,0.40
2008.03.20 07:45:54.232,1.5623,1.5625,0.30,0.40
2008.03.20 07:45:54.576,1.5623,1.5625,0.30,0.40
2008.03.20 07:45:54.900,1.5623,1.5625,0.30,0.40
2008.03.20 07:45:55.234,1.5623,1.5625,0.30,0.40
2008.03.20 07:45:55.442,1.5623,1.5625,0.30,0.40
2008.03.20 07:45:55.651,1.5623,1.5625,0.30,0.60
2008.03.20 07:45:55.862,1.5623,1.5625,0.30,0.60
2008.03.20 07:45:56.070,1.5623,1.5625,0.30,0.60
2008.03.20 07:45:56.280,1.5623,1.5625,0.30,0.60
2008.03.20 07:45:56.612,1.5623,1.5625,0.30,0.60
2008.03.20 07:45:56.947,1.5623,1.5625,0.30,0.60
2008.03.20 07:45:57.281,1.5623,1.5625,0.30,0.40
2008.03.20 07:45:57.541,1.5623,1.5625,0.30,0.40
2008.03.20 07:45:57.799,1.5623,1.5625,0.30,0.40
2008.03.20 07:45:58.064,1.5623,1.56255,0.30,0.50
2008.03.20 07:45:58.337,1.5623,1.5625,0.30,0.20
2008.03.20 07:45:58.628,1.5623,1.5625,0.30,0.20
2008.03.20 07:45:58.895,1.5623,1.5625,0.30,0.20
2008.03.20 07:45:59.174,1.5623,1.5625,0.30,0.60
2008.03.20 07:45:59.465,1.5623,1.5625,0.30,0.60
2008.03.20 07:45:59.759,1.5623,1.5625,0.30,0.60
2008.03.20 07:46:00.052,1.5623,1.5625,0.30,0.60
2008.03.20 07:46:00.348,1.5623,1.5625,0.30,0.20
2008.03.20 07:46:00.593,1.5623,1.5625,0.30,0.60
2008.03.20 07:46:00.837,1.5623,1.5625,0.30,0.20
2008.03.20 07:46:01.080,1.5623,1.5625,0.30,0.20
2008.03.20 07:46:01.324,1.5623,1.5625,0.30,0.20
2008.03.20 07:46:01.569,1.5623,1.5625,0.30,0.20
2008.03.20 07:46:01.878,1.5623,1.5625,0.30,0.20
2008.03.20 07:46:02.186,1.5623,1.5625,0.50,0.20
2008.03.20 07:46:02.497,1.5623,1.56255,0.30,0.50
2008.03.20 07:46:02.792,1.5623,1.56255,0.50,0.50
2008.03.20 07:46:03.086,1.5623,1.56255,0.50,0.30
2008.03.20 07:46:03.380,1.5623,1.56255,0.50,0.30
2008.03.20 07:46:03.673,1.5623,1.56255,0.50,0.30
2008.03.20 07:46:03.914,1.5623,1.56255,0.50,0.30
2008.03.20 07:46:04.153,1.5623,1.56255,0.50,0.30
2008.03.20 07:46:04.395,1.5624,1.56255,0.30,0.30
2008.03.20 07:46:04.700,1.5624,1.56255,0.30,0.30
2008.03.20 07:46:05.004,1.5624,1.56255,0.30,0.30
2008.03.20 07:46:05.309,1.5624,1.56255,0.30,0.30
2008.03.20 07:46:05.614,1.5624,1.56255,0.30,0.30
2008.03.20 07:46:05.888,1.5624,1.56255,0.30,0.30
2008.03.20 07:46:06.162,1.5624,1.56255,0.30,0.30
2008.03.20 07:46:06.435,1.5624,1.56255,0.30,0.30
2008.03.20 07:46:06.709,1.5624,1.5626,0.30,0.50
2008.03.20 07:46:06.939,1.5624,1.5626,0.30,0.50
2008.03.20 07:46:07.168,1.5624,1.5626,0.30,0.50
2008.03.20 07:46:07.406,1.5624,1.5626,0.30,0.50
2008.03.20 07:46:07.636,1.5624,1.5626,0.30,0.50
2008.03.20 07:46:07.969,1.5624,1.5626,0.30,0.50
2008.03.20 07:46:08.305,1.5624,1.5626,0.30,0.50
2008.03.20 07:46:08.642,1.5624,1.5626,0.30,0.30
2008.03.20 07:46:08.882,1.5624,1.5626,0.30,0.60
2008.03.20 07:46:09.134,1.56235,1.5625,0.80,0.40
2008.03.20 07:46:09.373,1.5623,1.56255,1.00,0.50
2008.03.20 07:46:09.613,1.5623,1.56255,1.00,0.50
2008.03.20 07:46:09.935,1.5623,1.56255,1.00,0.50
2008.03.20 07:46:10.254,1.5623,1.56245,0.30,0.80
2008.03.20 07:46:10.574,1.5623,1.56245,0.30,0.80
2008.03.20 07:46:10.825,1.5623,1.56245,0.30,0.80
2008.03.20 07:46:11.075,1.5623,1.56245,1.00,0.80
2008.03.20 07:46:11.326,1.5623,1.56245,1.20,0.80
2008.03.20 07:46:11.575,1.5623,1.56245,1.20,0.80
2008.03.20 07:46:11.890,1.5624,1.56245,0.30,0.80
2008.03.20 07:46:12.204,1.5624,1.56245,0.30,0.80
2008.03.20 07:46:12.518,1.5624,1.56245,0.30,0.80
2008.03.20 07:46:12.807,1.5624,1.56245,0.30,0.80
2008.03.20 07:46:13.097,1.5624,1.56245,0.30,0.80
2008.03.20 07:46:13.386,1.5624,1.56255,0.30,0.30
2008.03.20 07:46:13.675,1.5624,1.56255,0.30,0.30
2008.03.20 07:46:13.939,1.5624,1.56255,0.30,0.30
2008.03.20 07:46:14.203,1.5624,1.56255,0.30,0.30
2008.03.20 07:46:14.468,1.5624,1.56255,0.30,0.30
2008.03.20 07:46:14.744,1.56235,1.5624,4.20,0.30
2008.03.20 07:46:15.003,1.5623,1.5624,0.30,0.30
2008.03.20 07:46:15.261,1.5622,1.56245,0.50,4.00
2008.03.20 07:46:15.519,1.5622,1.56245,0.50,4.00
2008.03.20 07:46:15.779,1.5622,1.5625,0.50,0.70
2008.03.20 07:46:16.078,1.5622,1.5625,0.50,0.70
2008.03.20 07:46:16.378,1.5622,1.5625,0.50,0.70
2008.03.20 07:46:16.676,1.5622,1.5625,0.50,0.70
2008.03.20 07:46:16.934,1.5622,1.5625,0.50,0.70
2008.03.20 07:46:17.192,1.5622,1.5625,0.50,0.70
2008.03.20 07:46:17.451,1.5622,1.5625,0.50,0.70
2008.03.20 07:46:17.709,1.5622,1.5625,0.50,0.70
2008.03.20 07:46:18.027,1.5622,1.5625,0.50,0.70
2008.03.20 07:46:18.346,1.5622,1.5625,0.50,0.70
2008.03.20 07:46:18.665,1.5622,1.5625,0.50,0.70
2008.03.20 07:46:18.894,1.5622,1.5625,0.50,0.70
2008.03.20 07:46:19.123,1.5622,1.5625,0.80,0.70
2008.03.20 07:46:19.352,1.5622,1.5625,0.80,0.70
2008.03.20 07:46:19.581,1.5622,1.5625,0.80,0.70
2008.03.20 07:46:19.810,1.5622,1.5625,0.80,0.70
2008.03.20 07:46:20.138,1.5622,1.5625,0.80,0.70
2008.03.20 07:46:20.468,1.5622,1.5625,0.80,0.70
2008.03.20 07:46:20.796,1.5622,1.5625,0.80,0.70
2008.03.20 07:46:21.050,1.5622,1.5625,0.80,0.70
2008.03.20 07:46:21.295,1.5622,1.5625,0.80,0.70
2008.03.20 07:46:21.540,1.5622,1.5625,0.80,0.70
2008.03.20 07:46:21.784,1.5622,1.5625,0.80,0.70
2008.03.20 07:46:22.082,1.5622,1.5625,0.80,0.70
2008.03.20 07:46:22.382,1.5622,1.5625,0.80,0.70
2008.03.20 07:46:22.681,1.5622,1.5625,0.80,0.70
2008.03.20 07:46:22.961,1.5622,1.5625,0.80,0.70
2008.03.20 07:46:23.241,1.5622,1.5625,0.80,0.70
2008.03.20 07:46:23.532,1.5622,1.5625,0.80,0.70
2008.03.20 07:46:23.826,1.5623,1.5625,0.30,0.60
2008.03.20 07:46:24.074,1.5623,1.5625,0.30,0.40
2008.03.20 07:46:24.323,1.5623,1.5625,0.30,0.40
2008.03.20 07:46:24.572,1.5623,1.5625,0.30,0.40
2008.03.20 07:46:24.822,1.5623,1.5625,0.30,0.40
2008.03.20 07:46:25.120,1.5623,1.5625,0.30,0.60
2008.03.20 07:46:25.419,1.5623,1.5625,0.30,0.60
2008.03.20 07:46:25.718,1.5623,1.5625,0.30,0.60
2008.03.20 07:46:26.016,1.5623,1.5625,0.30,0.60
2008.03.20 07:46:26.306,1.5623,1.5625,0.30,0.60
2008.03.20 07:46:26.594,1.5623,1.5625,0.30,0.60
2008.03.20 07:46:26.883,1.5623,1.5625,0.30,0.60
2008.03.20 07:46:27.096,1.5623,1.5625,0.30,0.60
2008.03.20 07:46:27.309,1.5623,1.5625,0.30,0.60
2008.03.20 07:46:27.524,1.56225,1.5625,8.80,0.60
2008.03.20 07:46:27.738,1.5622,1.5625,0.80,0.60
2008.03.20 07:46:27.956,1.5622,1.5625,0.80,0.60
2008.03.20 07:46:28.301,1.5622,1.5625,0.80,0.60
2008.03.20 07:46:28.634,1.5622,1.5625,0.80,0.60
2008.03.20 07:46:28.968,1.5622,1.5625,0.80,0.60
2008.03.20 07:46:29.202,1.56225,1.5625,0.40,0.40
2008.03.20 07:46:29.437,1.5623,1.5625,0.30,0.40
2008.03.20 07:46:29.670,1.5623,1.5625,0.30,0.40
2008.03.20 07:46:29.904,1.5623,1.5625,0.30,0.40
2008.03.20 07:46:30.137,1.5623,1.5625,0.30,0.40
2008.03.20 07:46:30.470,1.5623,1.5625,0.30,0.40
2008.03.20 07:46:30.806,1.5623,1.56255,0.30,0.30
2008.03.20 07:46:31.140,1.5623,1.5625,0.30,0.40
2008.03.20 07:46:31.385,1.5623,1.5625,0.30,0.40
2008.03.20 07:46:31.606,1.5623,1.5625,0.30,0.40
2008.03.20 07:46:31.841,1.5623,1.56235,0.30,0.80
2008.03.20 07:46:32.077,1.56235,1.5625,4.00,0.40
2008.03.20 07:46:32.388,1.5624,1.56255,0.30,0.30
2008.03.20 07:46:32.698,1.5623,1.56255,0.60,0.30
2008.03.20 07:46:33.007,1.5623,1.5626,0.80,0.30
2008.03.20 07:46:33.273,1.5623,1.5626,0.80,0.30
2008.03.20 07:46:33.538,1.5623,1.5626,0.80,0.30
2008.03.20 07:46:33.802,1.5623,1.5626,0.80,0.30
2008.03.20 07:46:34.067,1.5623,1.5626,0.80,0.30
2008.03.20 07:46:34.338,1.5623,1.5626,0.80,0.30
2008.03.20 07:46:34.612,1.5623,1.5626,0.80,0.30
2008.03.20 07:46:34.882,1.5623,1.5626,0.80,0.30
2008.03.20 07:46:35.151,1.5623,1.5626,0.80,0.30
2008.03.20 07:46:35.422,1.5623,1.5626,0.80,0.30
2008.03.20 07:46:35.690,1.5623,1.5626,0.80,0.30
2008.03.20 07:46:35.960,1.5623,1.5626,0.80,0.30
2008.03.20 07:46:36.230,1.5624,1.56265,0.40,13.80
2008.03.20 07:46:36.495,1.5624,1.5626,0.30,0.60
2008.03.20 07:46:36.760,1.5624,1.5626,0.30,0.30
2008.03.20 07:46:37.030,1.5624,1.56255,0.30,0.30
2008.03.20 07:46:37.306,1.5624,1.56255,0.30,0.30
2008.03.20 07:46:37.624,1.5624,1.56255,0.30,0.30
2008.03.20 07:46:37.945,1.5624,1.56255,0.30,0.30
2008.03.20 07:46:38.266,1.5624,1.56255,0.30,0.30
2008.03.20 07:46:38.489,1.5624,1.56255,0.30,0.30
2008.03.20 07:46:38.722,1.5624,1.56255,0.30,0.30
2008.03.20 07:46:38.957,1.5624,1.56255,0.30,0.30
2008.03.20 07:46:39.191,1.5624,1.56255,0.30,0.30
2008.03.20 07:46:39.423,1.5624,1.56255,0.30,0.30
2008.03.20 07:46:39.752,1.5624,1.56255,0.30,0.30
2008.03.20 07:46:40.081,1.5624,1.56255,0.30,0.30
2008.03.20 07:46:40.409,1.5624,1.56255,0.30,0.30
2008.03.20 07:46:40.612,1.5624,1.56255,0.30,0.30
2008.03.20 07:46:40.815,1.5624,1.56255,0.30,0.30
2008.03.20 07:46:41.018,1.5624,1.56255,0.30,0.30
2008.03.20 07:46:41.223,1.56235,1.56255,4.20,0.30
2008.03.20 07:46:41.428,1.5623,1.56255,0.60,0.30
2008.03.20 07:46:41.762,1.5623,1.5626,0.80,0.60
2008.03.20 07:46:42.096,1.5623,1.5626,0.80,0.30
2008.03.20 07:46:42.429,1.5623,1.5626,0.80,0.30
2008.03.20 07:46:42.678,1.5623,1.5626,0.80,0.30
2008.03.20 07:46:42.928,1.5623,1.5626,0.80,0.30
2008.03.20 07:46:43.175,1.5623,1.5626,0.80,0.30
2008.03.20 07:46:43.425,1.56235,1.5626,4.00,0.30
2008.03.20 07:46:43.720,1.5623,1.56255,0.60,4.20
2008.03.20 07:46:44.013,1.5624,1.56255,0.30,0.30
2008.03.20 07:46:44.308,1.5624,1.56255,0.30,0.30
2008.03.20 07:46:44.603,1.5624,1.56255,0.30,0.30
2008.03.20 07:46:44.885,1.5624,1.56255,0.30,0.30
2008.03.20 07:46:45.149,1.5624,1.56255,0.30,0.30
2008.03.20 07:46:45.423,1.5624,1.56255,0.30,0.30
2008.03.20 07:46:45.657,1.5624,1.56255,0.30,0.30
2008.03.20 07:46:45.891,1.5624,1.56255,0.30,0.30
2008.03.20 07:46:46.126,1.5624,1.56255,0.30,0.30
2008.03.20 07:46:46.359,1.5624,1.56255,0.30,0.30
2008.03.20 07:46:46.594,1.5624,1.56255,0.30,0.30
2008.03.20 07:46:46.907,1.5624,1.56255,0.30,0.30
2008.03.20 07:46:47.234,1.5624,1.56255,0.30,0.30
2008.03.20 07:46:47.536,1.5624,1.56255,0.30,0.30
2008.03.20 07:46:47.850,1.5624,1.56255,0.30,0.30
2008.03.20 07:46:48.119,1.5624,1.56255,0.30,0.30
2008.03.20 07:46:48.388,1.5624,1.56255,0.30,0.30
2008.03.20 07:46:48.658,1.5623,1.56255,0.60,0.30
2008.03.20 07:46:48.963,1.5623,1.56255,0.60,0.30
2008.03.20 07:46:49.266,1.5623,1.56255,0.60,0.30
2008.03.20 07:46:49.569,1.5623,1.56255,0.60,0.30
2008.03.20 07:46:49.813,1.5623,1.56255,0.60,0.30
2008.03.20 07:46:50.059,1.5623,1.56255,0.60,0.30
2008.03.20 07:46:50.303,1.5623,1.56255,0.60,0.30
2008.03.20 07:46:50.547,1.5623,1.56255,0.60,0.30
2008.03.20 07:46:50.791,1.5623,1.56255,0.60,0.30
2008.03.20 07:46:51.096,1.5623,1.5626,0.60,0.40
2008.03.20 07:46:51.400,1.5623,1.5626,0.60,0.40
2008.03.20 07:46:51.706,1.5624,1.56265,0.30,15.20
2008.03.20 07:46:51.947,1.5624,1.56265,0.30,11.20
2008.03.20 07:46:52.186,1.5624,1.56265,0.30,11.20
2008.03.20 07:46:52.426,1.5624,1.56265,0.30,11.20
2008.03.20 07:46:52.664,1.5624,1.56265,0.30,11.20
2008.03.20 07:46:52.999,1.5624,1.56265,0.30,11.20
2008.03.20 07:46:53.333,1.5624,1.56265,0.30,11.20
2008.03.20 07:46:53.667,1.5624,1.56265,0.30,11.20
2008.03.20 07:46:53.901,1.5624,1.56265,0.30,11.20
2008.03.20 07:46:54.136,1.5624,1.56265,0.30,11.20
2008.03.20 07:46:54.368,1.5624,1.56265,0.30,11.20
2008.03.20 07:46:54.603,1.5624,1.56265,0.30,11.20
2008.03.20 07:46:54.837,1.5624,1.56265,0.30,11.20
2008.03.20 07:46:55.156,1.5624,1.56265,0.30,11.20
2008.03.20 07:46:55.476,1.5624,1.56265,0.30,11.20
2008.03.20 07:46:55.795,1.5624,1.56265,0.30,11.20
2008.03.20 07:46:56.036,1.5624,1.56265,0.30,11.20
2008.03.20 07:46:56.276,1.5624,1.56265,0.30,11.20
2008.03.20 07:46:56.514,1.5624,1.56265,0.30,11.20
2008.03.20 07:46:56.754,1.5624,1.56265,0.30,11.20
2008.03.20 07:46:57.081,1.5624,1.56265,0.30,9.60
2008.03.20 07:46:57.421,1.5624,1.56265,0.30,9.60
2008.03.20 07:46:57.738,1.5624,1.5627,0.60,0.40
2008.03.20 07:46:58.010,1.5624,1.56275,0.60,13.60
2008.03.20 07:46:58.284,1.5624,1.56275,0.60,13.70
2008.03.20 07:46:58.559,1.5624,1.56275,0.60,13.70
2008.03.20 07:46:58.835,1.5624,1.56275,0.60,13.70
2008.03.20 07:46:59.118,1.5624,1.56275,0.60,13.70
2008.03.20 07:46:59.404,1.5624,1.56275,0.60,13.70
2008.03.20 07:46:59.688,1.5625,1.56275,0.30,13.70
2008.03.20 07:46:59.939,1.5625,1.56275,0.30,13.70
2008.03.20 07:47:00.190,1.5625,1.56275,0.30,13.70
2008.03.20 07:47:00.439,1.5625,1.5627,0.30,0.20
2008.03.20 07:47:00.697,1.5625,1.5627,0.30,0.20
2008.03.20 07:47:00.998,1.5625,1.5627,0.30,0.20
2008.03.20 07:47:01.286,1.5625,1.5627,0.30,0.20
2008.03.20 07:47:01.576,1.5625,1.5627,0.30,0.20
2008.03.20 07:47:01.874,1.5625,1.5627,0.30,0.20
2008.03.20 07:47:02.140,1.5625,1.5627,0.30,0.20
2008.03.20 07:47:02.420,1.5625,1.5627,0.30,0.20
2008.03.20 07:47:02.690,1.5624,1.56265,0.30,0.20
2008.03.20 07:47:02.961,1.5624,1.5626,0.30,0.60
2008.03.20 07:47:03.290,1.5624,1.5626,0.30,0.60
2008.03.20 07:47:03.620,1.5624,1.5626,0.30,0.60
2008.03.20 07:47:03.951,1.5624,1.56255,0.30,0.20
2008.03.20 07:47:04.187,1.5623,1.5626,0.30,0.60
2008.03.20 07:47:04.421,1.5623,1.5626,0.30,0.60
2008.03.20 07:47:04.656,1.5623,1.5626,0.30,0.60
2008.03.20 07:47:04.891,1.5623,1.5626,0.30,0.60
2008.03.20 07:47:05.199,1.5623,1.5626,0.30,0.60
2008.03.20 07:47:05.510,1.5623,1.5626,0.30,0.60
2008.03.20 07:47:05.820,1.5623,1.5626,8.20,0.40
2008.03.20 07:47:06.143,1.5624,1.56265,0.30,4.10
2008.03.20 07:47:06.390,1.5624,1.56265,0.30,0.20
2008.03.20 07:47:06.634,1.5624,1.56265,0.30,0.20
2008.03.20 07:47:06.878,1.5624,1.56265,0.30,0.20
2008.03.20 07:47:07.177,1.5624,1.56265,0.30,0.20
2008.03.20 07:47:07.477,1.5624,1.56265,0.30,0.20
2008.03.20 07:47:07.776,1.5624,1.56265,0.30,0.20
2008.03.20 07:47:08.076,1.5624,1.56265,0.30,0.20
2008.03.20 07:47:08.375,1.5624,1.56265,0.30,0.20
2008.03.20 07:47:08.675,1.5624,1.56265,0.30,0.20
2008.03.20 07:47:08.973,1.5624,1.56265,0.30,0.20
2008.03.20 07:47:09.202,1.5624,1.56265,0.30,0.20
2008.03.20 07:47:09.432,1.5624,1.56265,0.30,0.20
2008.03.20 07:47:09.659,1.5624,1.56265,0.30,0.20
2008.03.20 07:47:09.900,1.5624,1.56265,0.30,0.20
2008.03.20 07:47:10.223,1.5624,1.56265,0.30,0.20
2008.03.20 07:47:10.541,1.5624,1.56265,0.30,0.20
2008.03.20 07:47:10.861,1.5624,1.56265,0.30,0.20
2008.03.20 07:47:11.158,1.5624,1.5626,0.30,0.40
2008.03.20 07:47:11.434,1.5624,1.5626,0.30,0.40
2008.03.20 07:47:11.710,1.5624,1.5626,0.30,0.40
2008.03.20 07:47:11.976,1.5624,1.56265,0.30,6.40
2008.03.20 07:47:12.230,1.5623,1.5626,1.20,0.40
2008.03.20 07:47:12.484,1.5623,1.5626,1.20,0.40
2008.03.20 07:47:12.739,1.5623,1.5626,1.20,0.60
2008.03.20 07:47:12.994,1.5623,1.5626,1.20,0.60
2008.03.20 07:47:13.325,1.5623,1.5626,1.00,0.60
2008.03.20 07:47:13.657,1.5623,1.5626,1.00,0.60
2008.03.20 07:47:13.983,1.5623,1.5626,1.00,0.60
2008.03.20 07:47:14.224,1.5623,1.5626,1.00,0.60
2008.03.20 07:47:14.465,1.5623,1.5626,1.20,0.40
2008.03.20 07:47:14.705,1.5623,1.5626,1.20,0.40
2008.03.20 07:47:14.945,1.5623,1.5626,1.20,0.40
2008.03.20 07:47:15.184,1.5623,1.5626,1.00,0.60
2008.03.20 07:47:15.508,1.5623,1.5626,1.00,0.60
2008.03.20 07:47:15.828,1.5623,1.56255,0.30,0.20
2008.03.20 07:47:16.148,1.5623,1.5625,0.30,0.40
2008.03.20 07:47:16.378,1.5623,1.5625,0.30,0.40
2008.03.20 07:47:16.609,1.5623,1.5625,0.30,0.40
2008.03.20 07:47:16.838,1.5623,1.5625,0.30,0.40
2008.03.20 07:47:17.066,1.5623,1.5625,0.30,0.40
2008.03.20 07:47:17.400,1.5623,1.5625,0.30,0.40
2008.03.20 07:47:17.734,1.5623,1.5625,0.30,0.60
2008.03.20 07:47:18.085,1.5623,1.5625,0.30,0.60
2008.03.20 07:47:18.341,1.5623,1.5625,0.30,0.60
2008.03.20 07:47:18.599,1.5623,1.5625,0.30,0.60
2008.03.20 07:47:18.858,1.5623,1.5625,0.30,0.60
2008.03.20 07:47:19.117,1.5623,1.5625,0.30,0.60
2008.03.20 07:47:19.408,1.5623,1.5625,0.30,0.60
2008.03.20 07:47:19.697,1.5623,1.5625,0.30,0.60
2008.03.20 07:47:19.986,1.5623,1.5625,0.30,0.60
2008.03.20 07:47:20.275,1.5623,1.5625,0.30,0.60
2008.03.20 07:47:20.574,1.5623,1.5625,0.30,0.40
2008.03.20 07:47:20.873,1.5623,1.5625,0.30,0.40
2008.03.20 07:47:21.172,1.5623,1.5625,0.30,0.40
2008.03.20 07:47:21.416,1.5623,1.5625,0.30,0.40
2008.03.20 07:47:21.660,1.5623,1.5625,0.30,0.40
2008.03.20 07:47:21.903,1.5623,1.5625,0.30,0.40
2008.03.20 07:47:22.148,1.5623,1.5625,0.30,0.40
2008.03.20 07:47:22.391,1.5623,1.5625,0.30,0.40
2008.03.20 07:47:22.710,1.5623,1.5625,0.30,0.40
2008.03.20 07:47:23.031,1.5623,1.56255,0.30,0.50
2008.03.20 07:47:23.349,1.5623,1.56255,0.30,0.50
2008.03.20 07:47:23.588,1.5623,1.56255,0.30,0.50
2008.03.20 07:47:23.827,1.5623,1.56255,0.30,0.50
2008.03.20 07:47:24.065,1.5623,1.56255,0.30,0.50
2008.03.20 07:47:24.304,1.5623,1.56255,0.30,0.50
2008.03.20 07:47:24.611,1.5623,1.56255,0.30,0.50
2008.03.20 07:47:24.920,1.5623,1.56255,0.30,0.50
2008.03.20 07:47:25.230,1.5623,1.56255,0.30,0.50
2008.03.20 07:47:25.490,1.5623,1.5625,0.30,0.40
2008.03.20 07:47:25.749,1.5623,1.5625,0.30,0.40
2008.03.20 07:47:26.008,1.5623,1.5625,0.30,0.40
2008.03.20 07:47:26.268,1.5623,1.5625,0.30,0.40
2008.03.20 07:47:26.579,1.5623,1.5625,0.30,0.40
2008.03.20 07:47:26.868,1.5623,1.5625,0.30,0.40
2008.03.20 07:47:27.167,1.5623,1.56255,0.30,0.50
2008.03.20 07:47:27.466,1.5623,1.56255,0.30,0.50
2008.03.20 07:47:27.760,1.5623,1.56255,0.30,0.50
2008.03.20 07:47:28.055,1.5623,1.56255,0.30,0.50
2008.03.20 07:47:28.349,1.5623,1.56255,0.30,0.50
2008.03.20 07:47:28.617,1.5623,1.56255,0.30,0.50
2008.03.20 07:47:28.884,1.5623,1.56255,0.30,0.50
2008.03.20 07:47:29.155,1.5623,1.5625,0.30,0.20
2008.03.20 07:47:29.424,1.5623,1.5625,0.30,0.60
2008.03.20 07:47:29.700,1.5623,1.5625,0.30,0.20
2008.03.20 07:47:29.952,1.5623,1.5625,0.30,0.20
2008.03.20 07:47:30.216,1.5623,1.5625,0.30,0.20
2008.03.20 07:47:30.480,1.5623,1.5625,0.30,0.20
2008.03.20 07:47:30.774,1.5623,1.5625,0.30,0.20
2008.03.20 07:47:31.067,1.5623,1.5625,0.30,0.20
2008.03.20 07:47:31.361,1.5623,1.5625,0.30,0.20
2008.03.20 07:47:31.632,1.5623,1.5625,0.30,0.20
2008.03.20 07:47:31.901,1.5623,1.5625,0.30,0.20
2008.03.20 07:47:32.168,1.5623,1.5625,0.30,0.20
2008.03.20 07:47:32.437,1.5623,1.5625,0.30,0.20
2008.03.20 07:47:32.728,1.5623,1.5625,0.30,0.20
2008.03.20 07:47:33.018,1.5623,1.56255,0.30,0.50
2008.03.20 07:47:33.308,1.5623,1.56255,0.30,0.50
2008.03.20 07:47:33.596,1.5623,1.56255,0.30,0.50
2008.03.20 07:47:33.886,1.5623,1.56255,0.30,0.50
2008.03.20 07:47:34.175,1.5623,1.56255,0.30,0.30
2008.03.20 07:47:34.464,1.5623,1.56255,0.30,0.30
2008.03.20 07:47:34.704,1.5623,1.56255,0.30,0.50
2008.03.20 07:47:35.870,1.5623,1.56255,0.30,0.50
2008.03.20 07:47:36.086,1.5623,1.56255,0.30,0.50
2008.03.20 07:47:36.213,1.5623,1.56255,0.30,0.50
2008.03.20 07:47:36.342,1.5623,1.56255,0.30,0.50
2008.03.20 07:47:36.472,1.5623,1.56255,0.30,0.50
2008.03.20 07:47:36.602,1.5623,1.56255,0.30,0.50
2008.03.20 07:47:36.745,1.5623,1.56255,0.30,0.50
2008.03.20 07:47:36.873,1.5623,1.56255,0.30,0.50
2008.03.20 07:47:37.219,1.5623,1.5626,0.50,0.70
2008.03.20 07:47:37.554,1.5624,1.5626,0.30,0.70
2008.03.20 07:47:37.888,1.5624,1.5626,0.30,0.70
2008.03.20 07:47:38.147,1.5624,1.5626,0.30,0.70
2008.03.20 07:47:38.406,1.5624,1.5626,0.30,0.70
2008.03.20 07:47:38.667,1.5624,1.5626,0.30,0.70
2008.03.20 07:47:38.926,1.5624,1.5626,0.30,0.70
2008.03.20 07:47:39.236,1.5624,1.5626,0.30,0.70
2008.03.20 07:47:39.550,1.5624,1.5626,0.30,0.70
2008.03.20 07:47:39.859,1.5624,1.5626,0.30,0.70
2008.03.20 07:47:40.170,1.5624,1.5626,0.30,0.70
2008.03.20 07:47:40.485,1.5624,1.5626,0.30,0.70
2008.03.20 07:47:40.799,1.5624,1.5626,0.30,0.70
2008.03.20 07:47:41.113,1.5624,1.5626,0.30,0.70
2008.03.20 07:47:41.355,1.5624,1.5626,0.30,0.70
2008.03.20 07:47:41.607,1.5624,1.5626,0.30,0.70
2008.03.20 07:47:41.845,1.5624,1.5626,0.30,0.70
2008.03.20 07:47:42.084,1.5624,1.5626,0.30,0.70
2008.03.20 07:47:42.359,1.5624,1.5626,0.30,0.70
2008.03.20 07:47:42.633,1.5624,1.5626,0.30,0.70
2008.03.20 07:47:42.908,1.5624,1.5626,0.30,0.70
2008.03.20 07:47:43.182,1.5624,1.5626,0.30,0.70
2008.03.20 07:47:43.511,1.5624,1.5626,0.30,0.70
2008.03.20 07:47:43.840,1.5624,1.5626,0.30,0.70
2008.03.20 07:47:44.170,1.5624,1.5626,0.30,0.70
2008.03.20 07:47:44.384,1.5624,1.5626,0.30,0.70
2008.03.20 07:47:44.599,1.5624,1.5626,0.30,0.70
2008.03.20 07:47:44.813,1.5624,1.5626,0.30,0.70
2008.03.20 07:47:45.029,1.5624,1.5626,0.30,0.70
2008.03.20 07:47:45.253,1.5624,1.5626,0.30,0.70
2008.03.20 07:47:45.594,1.5624,1.5626,0.30,0.70
2008.03.20 07:47:45.929,1.5624,1.5625,0.30,0.40
2008.03.20 07:47:46.263,1.5624,1.56265,0.30,4.20
2008.03.20 07:47:46.513,1.5624,1.56265,0.50,8.00
2008.03.20 07:47:46.766,1.5625,1.5626,0.30,0.40
2008.03.20 07:47:47.015,1.5625,1.5627,0.30,0.70
2008.03.20 07:47:47.275,1.5625,1.56265,0.30,0.20
2008.03.20 07:47:47.610,1.5625,1.5626,0.30,0.40
2008.03.20 07:47:47.944,1.5625,1.5626,0.30,0.40
2008.03.20 07:47:48.280,1.56245,1.5626,0.80,0.40
2008.03.20 07:47:48.518,1.5625,1.5626,0.30,0.40
2008.03.20 07:47:48.759,1.5625,1.56265,0.30,4.00
2008.03.20 07:47:48.998,1.5625,1.5627,0.30,0.70
2008.03.20 07:47:49.250,1.5625,1.5627,0.30,0.60
2008.03.20 07:47:49.563,1.5625,1.5627,0.30,0.60
2008.03.20 07:47:49.877,1.5625,1.5626,0.30,0.40
2008.03.20 07:47:50.193,1.5625,1.5626,0.30,0.40
2008.03.20 07:47:50.507,1.5625,1.5626,0.30,0.40
2008.03.20 07:47:50.766,1.5625,1.5626,0.30,0.40
2008.03.20 07:47:51.025,1.5625,1.5626,0.30,0.40
2008.03.20 07:47:51.286,1.5625,1.5626,0.30,0.40
2008.03.20 07:47:51.574,1.5625,1.5626,0.30,0.40
2008.03.20 07:47:51.865,1.5625,1.5626,0.30,0.40
2008.03.20 07:47:52.158,1.56245,1.5626,0.80,0.40
2008.03.20 07:47:52.449,1.5624,1.5626,0.30,0.40
2008.03.20 07:47:52.769,1.5624,1.5626,0.30,0.60
2008.03.20 07:47:53.088,1.5624,1.5626,0.30,0.60
2008.03.20 07:47:53.406,1.5624,1.5626,0.30,0.60
2008.03.20 07:47:53.630,1.5624,1.5626,0.30,0.60
2008.03.20 07:47:53.858,1.5624,1.5626,0.30,0.60
2008.03.20 07:47:54.085,1.5624,1.5626,0.30,0.60
2008.03.20 07:47:54.309,1.5624,1.5626,0.30,0.60
2008.03.20 07:47:54.535,1.5624,1.5626,0.30,0.60
2008.03.20 07:47:54.870,1.5624,1.5626,0.30,0.60
2008.03.20 07:47:55.204,1.5624,1.5626,0.30,0.60
2008.03.20 07:47:55.539,1.5624,1.5626,0.30,0.60
2008.03.20 07:47:55.764,1.5624,1.5626,0.30,0.60
2008.03.20 07:47:55.987,1.5624,1.5626,0.30,0.60
2008.03.20 07:47:56.211,1.5624,1.5626,0.30,0.60
2008.03.20 07:47:56.435,1.5624,1.5626,0.30,0.60
2008.03.20 07:47:56.743,1.5624,1.5626,0.30,0.60
2008.03.20 07:47:57.070,1.5624,1.5626,0.30,0.60
2008.03.20 07:47:57.380,1.5624,1.5626,1.30,0.40
2008.03.20 07:47:57.672,1.56245,1.5626,0.80,0.40
2008.03.20 07:47:57.961,1.56245,1.5626,4.80,0.40
2008.03.20 07:47:58.254,1.5625,1.5626,0.30,0.40
2008.03.20 07:47:58.544,1.5625,1.5626,0.30,0.40
2008.03.20 07:47:58.801,1.5625,1.56275,0.30,4.20
2008.03.20 07:47:59.057,1.5625,1.56275,0.60,4.20
2008.03.20 07:47:59.313,1.56245,1.5627,5.10,0.70
2008.03.20 07:47:59.579,1.5625,1.5627,0.30,0.60
2008.03.20 07:47:59.895,1.5625,1.5627,0.30,0.60
2008.03.20 07:48:00.210,1.5625,1.5627,0.30,0.60
2008.03.20 07:48:00.526,1.5625,1.5627,0.30,0.60
2008.03.20 07:48:00.811,1.5625,1.5627,0.30,0.70
2008.03.20 07:48:01.087,1.5625,1.5627,0.30,0.70
2008.03.20 07:48:01.362,1.5625,1.5627,0.30,0.70
2008.03.20 07:48:01.639,1.5625,1.5626,0.30,0.40
2008.03.20 07:48:01.924,1.5625,1.5626,0.30,0.40
2008.03.20 07:48:02.205,1.5625,1.5626,0.30,0.40
2008.03.20 07:48:02.503,1.5625,1.5627,0.30,0.50
2008.03.20 07:48:02.796,1.5625,1.56265,0.30,0.20
2008.03.20 07:48:03.106,1.5625,1.5627,0.30,0.40
2008.03.20 07:48:03.422,1.5625,1.5627,0.30,0.40
2008.03.20 07:48:03.717,1.5625,1.5627,0.30,0.60
2008.03.20 07:48:03.956,1.5625,1.5627,0.30,0.60
2008.03.20 07:48:04.196,1.5625,1.5627,0.30,0.60
2008.03.20 07:48:04.435,1.5625,1.5627,0.30,0.70
2008.03.20 07:48:04.675,1.5625,1.5627,0.30,0.70
2008.03.20 07:48:04.984,1.5625,1.5627,0.30,0.70
2008.03.20 07:48:05.296,1.5625,1.5627,0.30,0.70
2008.03.20 07:48:05.607,1.5625,1.5627,0.30,0.70
2008.03.20 07:48:05.845,1.5625,1.5627,0.30,0.70
2008.03.20 07:48:06.084,1.5625,1.5627,0.30,0.70
2008.03.20 07:48:06.323,1.5625,1.56265,0.30,0.20
2008.03.20 07:48:06.565,1.5625,1.5626,0.30,0.40
2008.03.20 07:48:06.806,1.5625,1.5626,0.30,0.40
2008.03.20 07:48:07.124,1.56245,1.5626,0.80,0.40
2008.03.20 07:48:07.441,1.5624,1.5626,0.30,0.60
2008.03.20 07:48:07.757,1.5624,1.5626,0.30,0.60
2008.03.20 07:48:08.030,1.5624,1.5626,0.30,0.60
2008.03.20 07:48:08.306,1.5624,1.5626,0.30,0.60
2008.03.20 07:48:08.569,1.5624,1.5626,0.30,0.60
2008.03.20 07:48:08.835,1.5624,1.5626,0.30,0.60
2008.03.20 07:48:09.115,1.5624,1.5626,0.30,0.60
2008.03.20 07:48:09.394,1.5624,1.5626,0.30,0.60
2008.03.20 07:48:09.687,1.5624,1.5626,0.30,0.60
2008.03.20 07:48:09.953,1.5624,1.5626,0.30,0.60
2008.03.20 07:48:10.238,1.5624,1.56255,0.30,0.20
2008.03.20 07:48:10.522,1.5624,1.5626,0.30,0.60
2008.03.20 07:48:10.806,1.5625,1.56265,0.30,0.20
2008.03.20 07:48:11.093,1.56245,1.5626,0.80,0.60
2008.03.20 07:48:11.394,1.56245,1.5626,0.80,0.60
2008.03.20 07:48:11.694,1.5624,1.5626,0.30,0.60
2008.03.20 07:48:11.992,1.5624,1.5626,0.30,0.60
2008.03.20 07:48:12.227,1.56235,1.56255,8.00,0.20
2008.03.20 07:48:12.461,1.56235,1.56255,4.00,0.20
2008.03.20 07:48:12.696,1.5623,1.56255,0.50,0.20
2008.03.20 07:48:12.929,1.5623,1.56255,0.50,0.20
2008.03.20 07:48:13.165,1.5623,1.56255,0.50,0.20
2008.03.20 07:48:13.499,1.5623,1.56255,0.50,0.20
2008.03.20 07:48:13.833,1.5623,1.56255,0.50,0.20
2008.03.20 07:48:14.168,1.5623,1.56255,0.50,0.20
2008.03.20 07:48:14.412,1.5623,1.56255,0.50,0.20
2008.03.20 07:48:14.657,1.5623,1.56255,0.50,0.20
2008.03.20 07:48:14.900,1.5623,1.56255,0.50,0.20
2008.03.20 07:48:15.146,1.5623,1.56255,0.30,0.50
2008.03.20 07:48:15.470,1.5623,1.56255,0.50,0.20
2008.03.20 07:48:15.804,1.5623,1.56255,0.50,0.20
2008.03.20 07:48:16.130,1.5624,1.5626,0.30,0.70
2008.03.20 07:48:16.384,1.5624,1.5626,0.30,0.70
2008.03.20 07:48:16.638,1.5624,1.5626,0.30,0.70
2008.03.20 07:48:16.892,1.5624,1.5626,0.30,0.70
2008.03.20 07:48:17.147,1.5623,1.5626,0.50,0.70
2008.03.20 07:48:17.444,1.5624,1.5626,0.30,0.70
2008.03.20 07:48:17.738,1.5624,1.5626,0.30,0.50
2008.03.20 07:48:18.032,1.5624,1.5626,0.30,0.50
2008.03.20 07:48:18.327,1.5624,1.5626,0.30,0.50
2008.03.20 07:48:18.631,1.5624,1.5626,0.30,0.50
2008.03.20 07:48:18.936,1.5624,1.56255,0.30,0.20
2008.03.20 07:48:19.240,1.5623,1.56255,0.50,0.20
2008.03.20 07:48:19.464,1.5623,1.56255,0.50,0.20
2008.03.20 07:48:19.688,1.5623,1.56255,0.50,0.20
2008.03.20 07:48:19.913,1.5623,1.56255,0.50,0.20
2008.03.20 07:48:20.138,1.5623,1.56255,0.50,0.20
2008.03.20 07:48:20.362,1.5623,1.56255,0.50,0.20
2008.03.20 07:48:20.697,1.5623,1.56255,0.50,0.20
2008.03.20 07:48:21.031,1.5623,1.56255,0.50,0.20
2008.03.20 07:48:21.366,1.5623,1.56255,0.50,0.20
2008.03.20 07:48:21.595,1.5623,1.56255,0.50,0.20
2008.03.20 07:48:21.828,1.5624,1.56265,0.50,4.00
2008.03.20 07:48:22.056,1.5624,1.5626,0.30,0.30
2008.03.20 07:48:22.287,1.5624,1.5626,0.30,0.60
2008.03.20 07:48:22.622,1.5624,1.5626,0.30,0.30
2008.03.20 07:48:22.956,1.5624,1.5626,0.30,0.30
2008.03.20 07:48:23.290,1.5624,1.5626,0.30,0.30
2008.03.20 07:48:23.524,1.5624,1.5626,0.30,0.30
2008.03.20 07:48:23.757,1.5624,1.5626,0.30,0.30
2008.03.20 07:48:23.992,1.5624,1.5626,0.30,0.30
2008.03.20 07:48:24.228,1.5624,1.5626,0.30,0.30
2008.03.20 07:48:24.461,1.5624,1.5626,0.30,0.30
2008.03.20 07:48:24.781,1.5624,1.5626,0.30,0.30
2008.03.20 07:48:25.101,1.5624,1.5626,0.30,0.30
2008.03.20 07:48:25.420,1.5624,1.5626,8.20,0.30
2008.03.20 07:48:25.660,1.5624,1.5626,8.20,0.30
2008.03.20 07:48:25.900,1.5624,1.5626,8.20,0.30
2008.03.20 07:48:26.138,1.5624,1.5626,8.20,0.30
2008.03.20 07:48:26.389,1.5624,1.5626,8.20,0.30
2008.03.20 07:48:26.692,1.5624,1.5626,8.20,0.30
2008.03.20 07:48:26.991,1.5624,1.5626,8.20,0.30
2008.03.20 07:48:27.292,1.56235,1.5626,4.00,0.50
2008.03.20 07:48:27.576,1.5623,1.56255,8.20,0.30
2008.03.20 07:48:27.861,1.5623,1.56255,8.20,0.30
2008.03.20 07:48:28.145,1.5623,1.5626,8.50,0.50
2008.03.20 07:48:28.429,1.5623,1.5626,8.50,0.50
2008.03.20 07:48:28.698,1.5623,1.5626,8.50,0.50
2008.03.20 07:48:28.969,1.5623,1.5626,8.50,0.50
2008.03.20 07:48:29.248,1.5623,1.5626,8.50,0.50
2008.03.20 07:48:29.506,1.5623,1.5626,8.50,0.50
2008.03.20 07:48:29.817,1.5624,1.5626,0.30,0.30
2008.03.20 07:48:30.111,1.5624,1.5626,8.20,0.30
2008.03.20 07:48:30.421,1.5623,1.5626,0.50,0.70
2008.03.20 07:48:30.680,1.5623,1.56255,0.30,0.30
2008.03.20 07:48:30.939,1.5623,1.56255,0.30,0.50
2008.03.20 07:48:31.198,1.5623,1.56255,0.30,0.50
2008.03.20 07:48:31.457,1.5623,1.56255,0.30,0.50
2008.03.20 07:48:31.717,1.5623,1.56255,0.30,0.50
2008.03.20 07:48:31.976,1.5623,1.56255,0.30,0.50
2008.03.20 07:48:32.239,1.5623,1.56255,0.30,0.50
2008.03.20 07:48:32.498,1.5623,1.56255,0.30,0.50
2008.03.20 07:48:32.797,1.56235,1.5626,0.40,0.60
2008.03.20 07:48:33.100,1.5623,1.5626,8.50,0.50
2008.03.20 07:48:33.401,1.5623,1.5625,8.30,0.40
2008.03.20 07:48:33.686,1.5623,1.5625,0.30,0.20
2008.03.20 07:48:33.972,1.56225,1.5625,4.30,0.20
2008.03.20 07:48:34.257,1.56225,1.5625,4.30,0.20
2008.03.20 07:48:34.542,1.56225,1.5625,4.30,0.20
2008.03.20 07:48:34.806,1.56225,1.5625,4.30,0.20
2008.03.20 07:48:35.072,1.56225,1.56255,4.30,0.50
2008.03.20 07:48:35.337,1.56225,1.56255,4.30,0.50
2008.03.20 07:48:35.601,1.56225,1.56255,4.30,0.50
2008.03.20 07:48:35.918,1.5623,1.56255,0.40,0.20
2008.03.20 07:48:36.224,1.5623,1.56255,8.20,0.30
2008.03.20 07:48:36.531,1.56225,1.56255,4.50,0.30
2008.03.20 07:48:36.791,1.5624,1.56265,0.30,20.40
2008.03.20 07:48:37.052,1.5624,1.56255,8.20,0.30
2008.03.20 07:48:37.312,1.5624,1.56255,0.30,0.30
2008.03.20 07:48:37.571,1.5624,1.5626,8.20,0.50
2008.03.20 07:48:37.918,1.5624,1.5626,8.20,0.50
2008.03.20 07:48:38.252,1.5623,1.56255,8.40,0.30
2008.03.20 07:48:38.588,1.56225,1.56255,8.30,0.50
2008.03.20 07:48:38.822,1.56225,1.56255,4.30,0.50
2008.03.20 07:48:39.057,1.5624,1.56255,0.30,0.50
2008.03.20 07:48:39.292,1.5624,1.56255,0.30,0.30
2008.03.20 07:48:39.526,1.5624,1.56255,0.30,0.30
2008.03.20 07:48:39.846,1.5624,1.56255,0.30,0.30
2008.03.20 07:48:40.167,1.5624,1.56255,0.30,0.30
2008.03.20 07:48:40.497,1.5624,1.5625,0.30,0.30
2008.03.20 07:48:40.754,1.56235,1.5625,12.00,0.30
2008.03.20 07:48:41.002,1.56225,1.5625,4.00,0.30
2008.03.20 07:48:41.249,1.56225,1.5625,4.00,0.30
2008.03.20 07:48:41.503,1.56225,1.56255,4.30,0.50
2008.03.20 07:48:41.776,1.56225,1.56255,4.30,0.50
2008.03.20 07:48:42.063,1.56225,1.56255,4.30,0.50
2008.03.20 07:48:42.359,1.56225,1.56255,4.30,0.50
2008.03.20 07:48:42.642,1.56225,1.56255,4.30,0.50
2008.03.20 07:48:42.956,1.56225,1.56255,4.30,0.50
2008.03.20 07:48:43.270,1.56245,1.5626,8.00,0.40
2008.03.20 07:48:43.585,1.5625,1.56265,0.30,4.00
2008.03.20 07:48:43.840,1.5624,1.5626,0.30,0.20
2008.03.20 07:48:44.095,1.5624,1.5626,0.30,0.50
2008.03.20 07:48:44.349,1.5624,1.5626,0.30,0.20
2008.03.20 07:48:44.605,1.5624,1.5626,0.30,0.20
2008.03.20 07:48:44.895,1.5624,1.5626,0.30,0.20
2008.03.20 07:48:45.185,1.5624,1.5626,0.30,0.20
2008.03.20 07:48:45.473,1.5624,1.5626,0.30,0.20
2008.03.20 07:48:45.764,1.5624,1.5626,0.30,0.60
2008.03.20 07:48:46.034,1.5625,1.5627,8.20,0.50
2008.03.20 07:48:46.304,1.5625,1.5626,8.00,0.60
2008.03.20 07:48:46.574,1.5624,1.5626,0.30,0.60
2008.03.20 07:48:46.854,1.5624,1.5626,0.30,0.60
2008.03.20 07:48:47.133,1.5624,1.5626,0.30,0.60
2008.03.20 07:48:47.413,1.5624,1.5626,0.30,0.60
2008.03.20 07:48:47.692,1.5624,1.5626,0.30,0.60
2008.03.20 07:48:48.006,1.5624,1.5626,0.30,0.60
2008.03.20 07:48:48.320,1.5624,1.5626,0.30,0.60
2008.03.20 07:48:48.634,1.5624,1.5626,0.30,0.60
2008.03.20 07:48:48.868,1.5624,1.5626,0.30,0.60
2008.03.20 07:48:49.102,1.5624,1.5626,0.30,0.60
2008.03.20 07:48:49.336,1.5624,1.5626,0.30,0.60
2008.03.20 07:48:49.570,1.5624,1.5626,0.30,0.60
2008.03.20 07:48:49.803,1.5624,1.5626,0.30,0.60
2008.03.20 07:48:50.118,1.5624,1.5626,0.30,0.60
2008.03.20 07:48:50.439,1.5624,1.5626,0.30,0.60
2008.03.20 07:48:50.763,1.5624,1.5626,0.30,0.60
2008.03.20 07:48:51.001,1.5624,1.5626,0.30,0.60
2008.03.20 07:48:51.239,1.5624,1.5626,0.30,0.60
2008.03.20 07:48:51.480,1.5624,1.5626,0.30,0.60
2008.03.20 07:48:51.719,1.5624,1.5626,0.30,0.60
2008.03.20 07:48:52.022,1.5624,1.5626,0.30,0.60
2008.03.20 07:48:52.326,1.5624,1.5626,0.30,0.60
2008.03.20 07:48:52.630,1.5624,1.5626,0.30,0.60
2008.03.20 07:48:52.910,1.5624,1.5626,0.30,0.60
2008.03.20 07:48:53.189,1.5624,1.5626,0.30,0.60
2008.03.20 07:48:53.470,1.5624,1.5626,0.30,0.60
2008.03.20 07:48:53.760,1.5624,1.5626,0.30,0.60
2008.03.20 07:48:54.030,1.5624,1.5626,0.30,0.60
2008.03.20 07:48:54.298,1.5624,1.5626,0.30,0.60
2008.03.20 07:48:54.571,1.5624,1.5626,0.30,0.60
2008.03.20 07:48:54.842,1.5624,1.5626,0.30,0.60
2008.03.20 07:48:55.138,1.5624,1.5626,0.30,0.60
2008.03.20 07:48:55.448,1.5624,1.5626,0.30,0.60
2008.03.20 07:48:55.741,1.5624,1.5626,0.30,0.60
2008.03.20 07:48:56.005,1.5624,1.5626,0.30,0.60
2008.03.20 07:48:56.269,1.5624,1.5626,0.30,0.60
2008.03.20 07:48:56.533,1.5624,1.5626,0.30,0.60
2008.03.20 07:48:56.797,1.5624,1.5626,0.30,0.60
2008.03.20 07:48:57.057,1.5625,1.5626,0.30,0.20
2008.03.20 07:48:57.316,1.5625,1.56265,0.30,0.50
2008.03.20 07:48:57.575,1.5625,1.56265,0.30,0.50
2008.03.20 07:48:57.836,1.5625,1.56265,0.30,0.50
2008.03.20 07:48:58.161,1.5625,1.56265,0.30,0.50
2008.03.20 07:48:58.493,1.5625,1.56265,0.30,0.50
2008.03.20 07:48:58.797,1.5625,1.56265,0.30,0.50
2008.03.20 07:48:59.030,1.5625,1.56265,0.30,0.50
2008.03.20 07:48:59.264,1.5625,1.56265,0.30,0.50
2008.03.20 07:48:59.498,1.5625,1.56265,0.30,0.50
2008.03.20 07:48:59.732,1.5625,1.56265,0.30,0.50
2008.03.20 07:49:00.051,1.5625,1.56265,0.30,0.50
2008.03.20 07:49:00.370,1.5625,1.56265,0.30,0.50
2008.03.20 07:49:00.689,1.5625,1.56265,0.30,0.50
2008.03.20 07:49:01.008,1.5625,1.56265,0.30,0.50
2008.03.20 07:49:01.259,1.5625,1.56265,0.30,0.50
2008.03.20 07:49:01.508,1.5625,1.56265,0.30,0.50
2008.03.20 07:49:01.756,1.5625,1.56265,0.30,0.50
2008.03.20 07:49:02.060,1.5625,1.56265,0.30,0.50
2008.03.20 07:49:02.365,1.5625,1.56265,0.30,0.50
2008.03.20 07:49:02.668,1.5625,1.56265,0.30,0.50
2008.03.20 07:49:02.972,1.5625,1.56265,0.30,0.50
2008.03.20 07:49:03.241,1.5625,1.56265,0.30,0.50
2008.03.20 07:49:03.509,1.5625,1.56265,0.30,0.50
2008.03.20 07:49:03.778,1.5625,1.56265,0.30,0.50
2008.03.20 07:49:04.060,1.5624,1.5626,0.30,0.20
2008.03.20 07:49:04.339,1.5624,1.5626,0.30,0.60
2008.03.20 07:49:04.618,1.5624,1.5626,0.30,0.60
2008.03.20 07:49:04.897,1.5624,1.5626,0.30,0.60
2008.03.20 07:49:05.166,1.5624,1.5626,0.30,0.60
2008.03.20 07:49:05.443,1.5625,1.56265,0.30,0.20
2008.03.20 07:49:05.719,1.5625,1.56265,0.30,0.20
2008.03.20 07:49:05.999,1.5625,1.56265,0.30,0.20
2008.03.20 07:49:06.278,1.5625,1.56265,0.30,0.20
2008.03.20 07:49:06.557,1.5625,1.56265,0.30,0.20
2008.03.20 07:49:06.839,1.5625,1.56265,0.30,0.20
2008.03.20 07:49:07.081,1.5625,1.56265,0.30,0.20
2008.03.20 07:49:07.324,1.5625,1.56265,0.30,0.20
2008.03.20 07:49:07.566,1.5625,1.56265,0.30,0.20
2008.03.20 07:49:07.809,1.5625,1.56265,0.30,0.20
2008.03.20 07:49:08.052,1.5625,1.56265,0.30,0.20
2008.03.20 07:49:08.383,1.5625,1.56265,0.30,0.20
2008.03.20 07:49:10.045,1.5625,1.5627,0.30,0.20
2008.03.20 07:49:10.359,1.5625,1.5627,0.30,0.60
2008.03.20 07:49:10.432,1.5625,1.5627,0.30,0.60
2008.03.20 07:49:10.516,1.5625,1.5627,0.30,0.60
2008.03.20 07:49:10.591,1.5625,1.5627,0.30,0.60
2008.03.20 07:49:10.665,1.5625,1.5627,0.30,0.60
2008.03.20 07:49:10.739,1.5625,1.5627,0.30,0.60
2008.03.20 07:49:10.831,1.5625,1.5627,0.30,0.60
2008.03.20 07:49:10.890,1.5625,1.5627,0.30,0.60
2008.03.20 07:49:10.965,1.5625,1.5627,0.30,0.60
2008.03.20 07:49:11.040,1.5625,1.5627,0.30,0.60
2008.03.20 07:49:11.374,1.5625,1.5627,0.30,0.60
2008.03.20 07:49:11.710,1.5625,1.5627,0.30,0.60
2008.03.20 07:49:12.044,1.5625,1.5627,0.30,0.60
2008.03.20 07:49:12.286,1.5625,1.5627,0.30,0.60
2008.03.20 07:49:14.058,1.5625,1.5627,0.30,0.60
2008.03.20 07:49:14.117,1.5625,1.5627,0.30,0.60
2008.03.20 07:49:14.195,1.5625,1.5627,0.30,0.60
2008.03.20 07:49:14.299,1.5625,1.5627,0.30,0.60
2008.03.20 07:49:14.386,1.5625,1.5627,0.30,0.60
2008.03.20 07:49:14.478,1.5625,1.5627,0.30,0.60
2008.03.20 07:49:14.562,1.5625,1.5627,0.30,0.60
2008.03.20 07:49:14.638,1.5625,1.5627,0.30,0.60
2008.03.20 07:49:14.716,1.5625,1.5627,0.30,0.60
2008.03.20 07:49:14.806,1.5625,1.5627,0.30,0.60
2008.03.20 07:49:14.893,1.5625,1.5627,0.30,0.60
2008.03.20 07:49:14.967,1.5625,1.5627,0.30,0.60
2008.03.20 07:49:15.065,1.5625,1.5627,0.30,0.60
2008.03.20 07:49:15.383,1.5626,1.56275,0.30,0.30
2008.03.20 07:49:15.735,1.56255,1.56275,4.00,0.50
2008.03.20 07:49:16.068,1.5625,1.5627,0.30,0.20
2008.03.20 07:49:16.314,1.56245,1.5626,4.80,0.40
2008.03.20 07:49:16.537,1.5625,1.56265,0.30,4.10
2008.03.20 07:49:16.773,1.5625,1.5627,0.30,0.60
2008.03.20 07:49:17.008,1.5625,1.5626,0.30,0.40
2008.03.20 07:49:17.242,1.5625,1.5626,0.30,0.40
2008.03.20 07:49:17.571,1.5625,1.5626,0.30,0.40
2008.03.20 07:49:17.901,1.5625,1.5627,0.30,0.60
2008.03.20 07:49:18.229,1.5625,1.5627,0.30,0.60
2008.03.20 07:49:18.509,1.5625,1.5627,0.30,0.60
2008.03.20 07:49:18.787,1.5625,1.5627,0.30,0.60
2008.03.20 07:49:19.067,1.5625,1.5627,0.30,0.60
2008.03.20 07:49:19.301,1.5625,1.5627,0.30,0.60
2008.03.20 07:49:19.540,1.5625,1.5627,0.30,0.60
2008.03.20 07:49:19.777,1.5625,1.5627,0.30,0.60
2008.03.20 07:49:20.023,1.5625,1.5627,0.30,0.60
2008.03.20 07:49:20.243,1.5625,1.5627,0.30,0.60
2008.03.20 07:49:20.567,1.5625,1.5627,0.30,0.60
2008.03.20 07:49:20.891,1.5625,1.5627,0.30,0.60
2008.03.20 07:49:21.216,1.5625,1.5627,0.30,0.60
2008.03.20 07:49:21.439,1.5625,1.5627,0.30,0.60
2008.03.20 07:49:21.664,1.5625,1.5627,0.30,0.60
2008.03.20 07:49:21.889,1.5625,1.5627,0.30,0.60
2008.03.20 07:49:22.112,1.5625,1.5627,0.30,0.60
2008.03.20 07:49:22.437,1.5625,1.5627,0.30,0.60
2008.03.20 07:49:22.760,1.5625,1.5627,0.30,0.60
2008.03.20 07:49:23.085,1.5625,1.5627,0.30,0.60
2008.03.20 07:49:23.351,1.5625,1.5627,0.30,0.60
2008.03.20 07:49:23.611,1.5625,1.5627,0.30,0.60
2008.03.20 07:49:23.871,1.5625,1.5627,0.30,0.60
2008.03.20 07:49:24.129,1.5625,1.5627,0.30,0.60
2008.03.20 07:49:24.387,1.5625,1.5627,0.30,0.60
2008.03.20 07:49:24.652,1.5625,1.5627,0.30,0.60
2008.03.20 07:49:24.915,1.5625,1.5627,0.30,0.60
2008.03.20 07:49:25.180,1.5625,1.5627,0.30,0.60
2008.03.20 07:49:25.454,1.5625,1.5627,0.30,0.60
2008.03.20 07:49:25.729,1.5625,1.5627,0.30,0.60
2008.03.20 07:49:26.004,1.5625,1.5627,0.30,0.60
2008.03.20 07:49:26.279,1.5625,1.5627,0.30,0.60
2008.03.20 07:49:26.538,1.5625,1.5627,0.30,0.60
2008.03.20 07:49:26.796,1.5625,1.5627,0.30,0.60
2008.03.20 07:49:27.055,1.5625,1.5627,0.30,0.60
2008.03.20 07:49:27.314,1.5625,1.5627,0.30,0.60
2008.03.20 07:49:27.588,1.5625,1.5627,0.30,0.60
2008.03.20 07:49:27.861,1.5625,1.5627,0.30,0.60
2008.03.20 07:49:28.135,1.5625,1.5627,0.30,0.20
2008.03.20 07:49:28.409,1.5625,1.5627,0.30,0.60
2008.03.20 07:49:28.713,1.5625,1.5627,0.30,0.60
2008.03.20 07:49:29.017,1.5625,1.5627,0.30,0.60
2008.03.20 07:49:29.323,1.5625,1.5627,0.30,0.60
2008.03.20 07:49:29.594,1.5625,1.5627,0.30,0.60
2008.03.20 07:49:29.869,1.5625,1.5627,0.30,0.60
2008.03.20 07:49:30.133,1.5625,1.5627,0.30,0.60
2008.03.20 07:49:30.397,1.5625,1.5627,0.30,0.60
2008.03.20 07:49:30.687,1.5625,1.5627,0.30,0.60
2008.03.20 07:49:30.989,1.5625,1.5627,0.30,0.60
2008.03.20 07:49:31.278,1.5625,1.5627,0.30,0.60
2008.03.20 07:49:31.563,1.5625,1.5627,0.30,0.60
2008.03.20 07:49:31.846,1.5625,1.5627,0.30,0.60
2008.03.20 07:49:32.131,1.5625,1.5627,0.30,0.60
2008.03.20 07:49:32.425,1.5625,1.5627,0.30,0.60
2008.03.20 07:49:32.725,1.5625,1.5627,0.30,0.60
2008.03.20 07:49:33.014,1.5625,1.5627,0.30,0.20
2008.03.20 07:49:33.304,1.5625,1.5627,0.30,0.20
2008.03.20 07:49:33.590,1.5625,1.5627,0.30,0.20
2008.03.20 07:49:33.875,1.5625,1.5627,0.30,0.20
2008.03.20 07:49:34.159,1.5625,1.5627,0.30,0.20
2008.03.20 07:49:34.444,1.5625,1.5627,0.30,0.20
2008.03.20 07:49:34.713,1.5625,1.5627,0.30,0.20
2008.03.20 07:49:34.984,1.5625,1.5627,0.30,0.20
2008.03.20 07:49:35.253,1.5625,1.5627,0.30,0.20
2008.03.20 07:49:35.522,1.5625,1.5627,0.30,0.20
2008.03.20 07:49:35.781,1.5625,1.5627,0.30,0.20
2008.03.20 07:49:36.041,1.5625,1.5627,0.30,0.20
2008.03.20 07:49:36.299,1.5625,1.5627,0.30,0.20
2008.03.20 07:49:36.559,1.5625,1.5627,8.20,0.20
2008.03.20 07:49:36.842,1.5625,1.56275,8.20,0.50
2008.03.20 07:49:37.132,1.5625,1.5627,0.30,0.20
2008.03.20 07:49:37.412,1.5625,1.5627,0.30,0.20
2008.03.20 07:49:37.713,1.5625,1.5627,0.30,0.20
2008.03.20 07:49:38.011,1.5625,1.5627,0.30,0.20
2008.03.20 07:49:38.310,1.5625,1.5627,0.30,0.20
2008.03.20 07:49:38.610,1.56245,1.5627,13.10,0.60
2008.03.20 07:49:38.850,1.56245,1.5627,13.10,0.60
2008.03.20 07:49:39.090,1.56245,1.5627,13.10,0.60
2008.03.20 07:49:39.328,1.56245,1.5627,13.10,1.30
2008.03.20 07:49:39.567,1.5625,1.5627,0.30,1.30
2008.03.20 07:49:39.876,1.5625,1.5627,0.30,1.30
2008.03.20 07:49:40.186,1.5625,1.5627,0.30,1.30
2008.03.20 07:49:40.508,1.5625,1.5627,0.30,1.30
2008.03.20 07:49:40.783,1.5625,1.5627,0.30,1.30
2008.03.20 07:49:41.046,1.5625,1.5627,0.30,1.30
2008.03.20 07:49:41.309,1.5625,1.5627,0.30,1.30
2008.03.20 07:49:41.573,1.5625,1.5627,0.30,1.30
2008.03.20 07:49:41.856,1.5625,1.5627,0.30,1.30
2008.03.20 07:49:42.141,1.5625,1.5627,0.30,1.30
2008.03.20 07:49:42.425,1.5625,1.5627,0.30,0.60
2008.03.20 07:49:42.710,1.5625,1.5627,0.30,0.60
2008.03.20 07:49:42.989,1.5625,1.5627,0.30,0.60
2008.03.20 07:49:43.268,1.5625,1.5627,0.30,0.60
2008.03.20 07:49:43.547,1.5625,1.5627,0.30,0.60
2008.03.20 07:49:43.828,1.5625,1.5627,0.30,0.60
2008.03.20 07:49:44.122,1.5625,1.5627,0.30,0.60
2008.03.20 07:49:44.417,1.5625,1.5627,0.30,0.60
2008.03.20 07:49:44.710,1.5625,1.5627,0.30,0.60
2008.03.20 07:49:44.965,1.5625,1.5627,0.30,0.60
2008.03.20 07:49:45.218,1.5625,1.5627,0.30,0.60
2008.03.20 07:49:45.473,1.5625,1.5627,0.30,0.60
2008.03.20 07:49:45.727,1.5625,1.5627,0.30,0.60
2008.03.20 07:49:46.001,1.5625,1.5627,0.30,0.60
2008.03.20 07:49:46.274,1.5625,1.5627,0.30,0.60
2008.03.20 07:49:46.549,1.5625,1.5627,0.30,0.40
2008.03.20 07:49:46.824,1.5625,1.5627,0.30,0.40
2008.03.20 07:49:47.114,1.5625,1.5627,0.30,0.40
2008.03.20 07:49:47.403,1.5625,1.5627,0.30,0.40
2008.03.20 07:49:47.692,1.5625,1.5627,0.30,0.40
2008.03.20 07:49:47.991,1.5625,1.5627,0.30,0.40
2008.03.20 07:49:48.289,1.5625,1.5627,0.30,0.60
2008.03.20 07:49:48.588,1.5625,1.5627,0.30,0.60
2008.03.20 07:49:48.889,1.5625,1.56275,8.50,4.10
2008.03.20 07:49:49.165,1.5626,1.5628,0.30,0.50
2008.03.20 07:49:49.439,1.5626,1.5628,0.30,0.70
2008.03.20 07:49:49.712,1.5626,1.5628,0.30,0.70
2008.03.20 07:49:49.981,1.5626,1.5628,0.30,0.70
2008.03.20 07:49:50.250,1.5626,1.56275,0.30,0.20
2008.03.20 07:49:50.519,1.5626,1.56275,0.30,0.20
2008.03.20 07:49:50.788,1.5626,1.56275,0.30,0.20
2008.03.20 07:49:51.089,1.56255,1.5627,0.80,0.60
2008.03.20 07:49:51.388,1.5625,1.5627,0.30,0.60
2008.03.20 07:49:51.688,1.5625,1.5627,0.30,0.60
2008.03.20 07:49:51.959,1.5625,1.5627,0.30,0.60
2008.03.20 07:49:52.237,1.5625,1.5627,0.30,0.60
2008.03.20 07:49:52.506,1.5625,1.5627,0.30,0.60
2008.03.20 07:49:52.777,1.5625,1.5627,0.30,0.60
2008.03.20 07:49:53.081,1.5625,1.5627,0.30,0.60
2008.03.20 07:49:53.383,1.5625,1.5627,0.30,0.60
2008.03.20 07:49:53.688,1.5625,1.5627,0.30,0.40
2008.03.20 07:49:53.992,1.5625,1.5627,0.30,0.40
2008.03.20 07:49:54.294,1.5625,1.56275,0.30,0.50
2008.03.20 07:49:54.593,1.5625,1.56275,0.30,0.50
2008.03.20 07:49:54.893,1.5625,1.56275,0.30,0.50
2008.03.20 07:49:55.148,1.5625,1.56275,0.30,0.50
2008.03.20 07:49:55.403,1.5625,1.56275,0.30,0.50
2008.03.20 07:49:55.656,1.5625,1.56275,0.30,0.50
2008.03.20 07:49:55.913,1.5625,1.56275,0.30,0.50
2008.03.20 07:49:56.198,1.5625,1.56275,0.30,0.50
2008.03.20 07:49:56.483,1.5625,1.56275,0.30,0.50
2008.03.20 07:49:56.767,1.5625,1.56275,0.30,0.50
2008.03.20 07:49:57.051,1.5625,1.56275,0.30,0.50
2008.03.20 07:49:57.330,1.5625,1.5627,0.30,0.40
2008.03.20 07:49:57.609,1.5625,1.5627,0.30,0.40
2008.03.20 07:49:57.889,1.5625,1.5627,0.30,0.40
2008.03.20 07:49:58.168,1.5625,1.5627,0.30,0.40
2008.03.20 07:49:58.456,1.5625,1.5627,0.30,0.40
2008.03.20 07:49:58.745,1.5625,1.5627,0.30,0.40
2008.03.20 07:49:59.035,1.5626,1.56275,0.30,4.10
2008.03.20 07:49:59.331,1.5626,1.5628,0.50,0.40
2008.03.20 07:49:59.627,1.56255,1.5628,0.40,0.60
2008.03.20 07:49:59.922,1.5626,1.56275,0.30,0.30
2008.03.20 07:50:00.217,1.5626,1.56275,0.30,0.50
2008.03.20 07:50:00.466,1.5626,1.56275,0.30,0.50
2008.03.20 07:50:00.715,1.5626,1.56275,0.30,0.30
2008.03.20 07:50:00.965,1.5626,1.5628,0.30,0.50
2008.03.20 07:50:01.275,1.5626,1.5628,0.30,0.30
2008.03.20 07:50:01.596,1.56255,1.56275,12.00,0.50
2008.03.20 07:50:01.905,1.5625,1.56275,8.20,0.50
2008.03.20 07:50:02.217,1.5625,1.56275,8.20,0.50
2008.03.20 07:50:02.501,1.5625,1.56275,8.20,0.50
2008.03.20 07:50:02.787,1.5626,1.56275,0.30,0.30
2008.03.20 07:50:03.075,1.5625,1.56275,8.20,0.50
2008.03.20 07:50:03.360,1.5625,1.56275,8.20,0.50
2008.03.20 07:50:03.645,1.5625,1.56275,8.20,0.50
2008.03.20 07:50:03.930,1.5625,1.56275,8.20,0.50
2008.03.20 07:50:04.214,1.5625,1.56275,8.20,0.50
2008.03.20 07:50:04.501,1.5626,1.56275,0.30,0.20
2008.03.20 07:50:04.785,1.5626,1.5628,0.30,0.30
2008.03.20 07:50:05.073,1.5626,1.5628,0.30,0.30
2008.03.20 07:50:05.313,1.5626,1.5628,0.30,0.30
2008.03.20 07:50:05.555,1.5625,1.56275,0.30,0.30
2008.03.20 07:50:05.794,1.5625,1.56275,0.30,0.50
2008.03.20 07:50:06.035,1.5625,1.5627,0.30,0.40
2008.03.20 07:50:06.274,1.5625,1.5627,0.30,0.40
2008.03.20 07:50:06.599,1.5625,1.5627,0.30,0.60
2008.03.20 07:50:06.923,1.5625,1.5627,8.50,0.40
2008.03.20 07:50:07.248,1.5626,1.56275,0.30,0.20
2008.03.20 07:50:07.482,1.5626,1.56275,0.30,0.20
2008.03.20 07:50:07.716,1.5626,1.56275,0.30,0.20
2008.03.20 07:50:07.950,1.5626,1.56275,0.30,0.20
2008.03.20 07:50:08.183,1.5626,1.56275,0.30,0.20
2008.03.20 07:50:08.518,1.5626,1.56275,0.30,0.20
2008.03.20 07:50:08.852,1.5626,1.56275,0.30,0.20
2008.03.20 07:50:09.188,1.5626,1.5628,0.30,0.50
2008.03.20 07:50:09.427,1.5626,1.5628,0.30,0.50
2008.03.20 07:50:09.668,1.5626,1.5628,0.30,0.50
2008.03.20 07:50:09.911,1.5626,1.5628,0.30,0.50
2008.03.20 07:50:10.150,1.5626,1.5628,0.30,0.50
2008.03.20 07:50:10.444,1.5626,1.5628,0.30,0.50
2008.03.20 07:50:10.740,1.5626,1.5628,0.30,0.50
2008.03.20 07:50:11.035,1.5626,1.56275,0.30,0.20
2008.03.20 07:50:11.331,1.5626,1.56275,0.30,0.20
2008.03.20 07:50:11.600,1.5626,1.56275,0.30,0.20
2008.03.20 07:50:11.872,1.5626,1.5628,0.30,0.60
2008.03.20 07:50:12.153,1.5626,1.56275,0.30,0.20
2008.03.20 07:50:12.424,1.5626,1.56275,0.30,0.20
2008.03.20 07:50:12.694,1.5626,1.5627,0.30,0.40
2008.03.20 07:50:12.974,1.5626,1.5627,0.30,0.40
2008.03.20 07:50:13.245,1.5626,1.56275,0.30,4.10
2008.03.20 07:50:13.562,1.5626,1.56275,0.30,1.20
2008.03.20 07:50:13.878,1.5624,1.56245,0.80,1.00
2008.03.20 07:50:14.195,1.56235,1.5624,4.00,0.40
2008.03.20 07:50:14.453,1.56225,1.5625,8.80,0.70
2008.03.20 07:50:14.709,1.5623,1.5625,0.30,0.70
2008.03.20 07:50:14.964,1.5623,1.5624,0.30,0.40
2008.03.20 07:50:15.219,1.5623,1.5624,0.30,0.40
2008.03.20 07:50:15.526,1.5623,1.5624,0.30,0.40
2008.03.20 07:50:15.822,1.5623,1.5624,0.30,0.40
2008.03.20 07:50:16.117,1.56225,1.5624,0.80,0.40
2008.03.20 07:50:16.413,1.5623,1.5624,0.30,0.40
2008.03.20 07:50:16.710,1.56235,1.5624,0.40,0.40
2008.03.20 07:50:17.010,1.5624,1.56265,0.60,0.30
2008.03.20 07:50:17.311,1.5624,1.5626,0.30,0.20
2008.03.20 07:50:17.551,1.56235,1.5626,5.10,0.20
2008.03.20 07:50:17.790,1.56235,1.5626,4.30,0.20
2008.03.20 07:50:18.029,1.56235,1.5626,4.30,0.20
2008.03.20 07:50:18.268,1.56235,1.5626,4.30,0.20
2008.03.20 07:50:18.509,1.56235,1.5626,4.30,0.20
2008.03.20 07:50:18.844,1.56235,1.5626,4.30,0.20
2008.03.20 07:50:19.179,1.56235,1.5626,4.30,0.20
2008.03.20 07:50:19.513,1.56235,1.5626,4.30,0.20
2008.03.20 07:50:19.741,1.56235,1.5626,4.30,0.20
2008.03.20 07:50:19.971,1.56235,1.5626,4.30,0.20
2008.03.20 07:50:20.200,1.56235,1.5626,4.30,0.20
2008.03.20 07:50:20.430,1.56235,1.5626,4.30,0.20
2008.03.20 07:50:20.743,1.56235,1.5626,4.30,0.20
2008.03.20 07:50:21.057,1.56235,1.5626,4.30,0.20
2008.03.20 07:50:21.370,1.56235,1.5626,4.30,0.20
2008.03.20 07:50:21.686,1.56235,1.5626,4.30,0.20
2008.03.20 07:50:21.925,1.56235,1.5626,4.30,0.20
2008.03.20 07:50:22.171,1.56235,1.5626,4.30,0.20
2008.03.20 07:50:22.404,1.56235,1.5626,4.30,0.20
2008.03.20 07:50:22.741,1.56235,1.5626,4.30,0.20
2008.03.20 07:50:23.075,1.56235,1.5626,4.30,0.20
2008.03.20 07:50:23.408,1.56235,1.5626,4.30,0.20
2008.03.20 07:50:23.642,1.56235,1.5626,4.30,0.20
2008.03.20 07:50:23.887,1.56235,1.5626,4.30,0.20
2008.03.20 07:50:24.127,1.56235,1.5626,4.30,0.20
2008.03.20 07:50:24.375,1.56235,1.56255,4.00,0.20
2008.03.20 07:50:24.613,1.5623,1.56255,0.40,0.20
2008.03.20 07:50:24.951,1.5623,1.5625,0.40,0.20
2008.03.20 07:50:25.288,1.5623,1.5626,0.40,0.50
2008.03.20 07:50:25.624,1.5623,1.56255,0.40,0.20
2008.03.20 07:50:25.864,1.5623,1.56255,0.40,0.20
2008.03.20 07:50:26.104,1.5623,1.56255,0.40,0.20
2008.03.20 07:50:26.346,1.5623,1.56255,0.40,0.20
2008.03.20 07:50:26.586,1.5623,1.56255,0.40,0.20
2008.03.20 07:50:26.910,1.5623,1.56255,0.40,0.20
2008.03.20 07:50:27.235,1.5623,1.56255,0.40,0.20
2008.03.20 07:50:27.559,1.5623,1.56255,0.40,0.20
2008.03.20 07:50:27.829,1.5623,1.56255,0.40,0.20
2008.03.20 07:50:28.099,1.5623,1.56255,0.40,0.20
2008.03.20 07:50:28.368,1.5623,1.56255,0.40,0.20
2008.03.20 07:50:28.638,1.5623,1.56255,0.40,0.20
2008.03.20 07:50:28.934,1.5623,1.56255,0.40,0.20
2008.03.20 07:50:29.229,1.5623,1.56255,0.40,0.20
2008.03.20 07:50:29.523,1.5623,1.56255,0.40,0.20
2008.03.20 07:50:29.818,1.5623,1.56255,0.40,0.20
2008.03.20 07:50:30.099,1.5623,1.56255,0.40,0.20
2008.03.20 07:50:30.378,1.5623,1.56255,0.40,0.20
2008.03.20 07:50:30.658,1.5623,1.56255,0.40,0.20
2008.03.20 07:50:30.908,1.5623,1.56255,0.40,0.20
2008.03.20 07:50:31.158,1.5623,1.56255,0.40,0.20
2008.03.20 07:50:31.408,1.5623,1.56255,0.40,0.20
2008.03.20 07:50:31.668,1.5623,1.56255,0.40,0.20
2008.03.20 07:50:31.971,1.56235,1.56255,0.40,0.20
2008.03.20 07:50:32.267,1.56235,1.56255,4.00,0.20
2008.03.20 07:50:32.562,1.56235,1.56255,4.00,0.20
2008.03.20 07:50:32.856,1.5623,1.5626,0.50,0.70
2008.03.20 07:50:33.161,1.5623,1.56255,0.30,0.50
2008.03.20 07:50:33.465,1.5623,1.56255,0.40,0.20
2008.03.20 07:50:33.771,1.5623,1.56255,0.50,0.20
2008.03.20 07:50:34.026,1.5623,1.56255,0.50,0.20
2008.03.20 07:50:34.279,1.5623,1.56255,0.50,0.20
2008.03.20 07:50:34.533,1.5623,1.56255,0.50,0.20
2008.03.20 07:50:34.788,1.5623,1.56255,0.50,0.20
2008.03.20 07:50:35.077,1.5623,1.56255,0.50,0.20
2008.03.20 07:50:35.366,1.5623,1.56255,0.50,0.20
2008.03.20 07:50:35.653,1.5623,1.56255,0.50,0.20
2008.03.20 07:50:35.943,1.5623,1.56255,0.50,0.20
2008.03.20 07:50:36.238,1.5623,1.56255,0.50,0.20
2008.03.20 07:50:36.531,1.5623,1.56255,0.50,0.20
2008.03.20 07:50:36.841,1.5623,1.56255,0.50,0.20
2008.03.20 07:50:37.070,1.5623,1.56255,0.50,0.20
2008.03.20 07:50:37.316,1.56225,1.5625,5.10,0.20
2008.03.20 07:50:37.562,1.5623,1.5625,0.40,0.20
2008.03.20 07:50:37.807,1.5623,1.56255,0.40,0.20
2008.03.20 07:50:38.120,1.5623,1.56255,0.40,0.20
2008.03.20 07:50:38.434,1.5623,1.56255,0.40,0.20
2008.03.20 07:50:38.751,1.5623,1.5626,0.40,0.50
2008.03.20 07:50:39.066,1.5623,1.5626,0.40,0.50
2008.03.20 07:50:39.312,1.5624,1.5626,0.40,0.20
2008.03.20 07:50:39.566,1.56235,1.56265,17.10,4.40
2008.03.20 07:50:39.812,1.5624,1.5626,0.30,0.40
2008.03.20 07:50:40.088,1.5624,1.5626,0.30,0.60
2008.03.20 07:50:40.363,1.5625,1.56265,0.30,0.30
2008.03.20 07:50:40.638,1.5626,1.56275,0.30,4.40
2008.03.20 07:50:40.914,1.5625,1.5627,0.30,0.60
2008.03.20 07:50:41.175,1.5625,1.5627,0.30,0.60
2008.03.20 07:50:41.434,1.5625,1.5627,0.30,0.70
2008.03.20 07:50:41.694,1.5624,1.5627,0.50,0.70
2008.03.20 07:50:41.954,1.5624,1.5627,0.50,0.70
2008.03.20 07:50:42.243,1.5624,1.56265,0.50,0.20
2008.03.20 07:50:42.532,1.5624,1.56265,0.50,0.20
2008.03.20 07:50:42.821,1.5624,1.56265,0.50,0.20
2008.03.20 07:50:43.109,1.5624,1.56265,0.50,0.20
2008.03.20 07:50:43.409,1.5624,1.56265,0.50,0.20
2008.03.20 07:50:43.708,1.5624,1.56265,0.50,0.20
2008.03.20 07:50:44.010,1.5624,1.56265,0.50,0.20
2008.03.20 07:50:44.277,1.5624,1.56265,0.50,0.20
2008.03.20 07:50:44.529,1.5624,1.56265,0.50,0.20
2008.03.20 07:50:44.782,1.5624,1.56265,0.50,0.20
2008.03.20 07:50:45.035,1.5624,1.56265,0.50,0.20
2008.03.20 07:50:45.308,1.5624,1.56265,0.50,0.20
2008.03.20 07:50:45.584,1.5624,1.5626,0.30,0.60
2008.03.20 07:50:45.859,1.5624,1.5626,0.30,0.60
2008.03.20 07:50:46.132,1.5624,1.5626,0.30,0.60
2008.03.20 07:50:46.437,1.5624,1.5626,0.50,0.40
2008.03.20 07:50:46.742,1.5624,1.56265,0.50,0.20
2008.03.20 07:50:47.047,1.5624,1.56265,0.50,0.20
2008.03.20 07:50:47.297,1.5624,1.56265,0.50,0.20
2008.03.20 07:50:47.548,1.5624,1.56265,0.50,0.20
2008.03.20 07:50:47.796,1.5624,1.56265,0.50,0.20
2008.03.20 07:50:48.045,1.5624,1.56265,0.50,0.20
2008.03.20 07:50:48.343,1.5624,1.56265,0.50,0.20
2008.03.20 07:50:48.642,1.5624,1.56265,0.50,0.20
2008.03.20 07:50:48.943,1.5625,1.56265,0.30,0.20
2008.03.20 07:50:49.243,1.5625,1.5627,0.30,0.70
2008.03.20 07:50:49.520,1.5625,1.5627,0.30,0.70
2008.03.20 07:50:49.795,1.5625,1.5627,0.30,0.70
2008.03.20 07:50:50.069,1.5625,1.5627,0.30,0.70
2008.03.20 07:50:50.337,1.5625,1.5627,0.30,0.70
2008.03.20 07:50:50.607,1.5624,1.5627,0.50,0.70
2008.03.20 07:50:50.871,1.5624,1.5627,0.50,0.70
2008.03.20 07:50:51.137,1.5624,1.56265,0.30,0.30
2008.03.20 07:50:51.422,1.5624,1.56265,0.30,0.50
2008.03.20 07:50:51.705,1.5624,1.56265,0.30,0.50
2008.03.20 07:50:51.990,1.5624,1.56265,0.50,0.20
2008.03.20 07:50:52.275,1.5624,1.56265,0.50,0.20
2008.03.20 07:50:52.556,1.5624,1.56265,0.50,0.20
2008.03.20 07:50:52.837,1.5624,1.56265,0.50,0.20
2008.03.20 07:50:54.618,1.5624,1.56265,0.50,0.20
2008.03.20 07:50:54.731,1.5624,1.5627,0.50,0.70
2008.03.20 07:50:54.846,1.5624,1.5627,8.50,0.70
2008.03.20 07:50:54.961,1.5624,1.5627,8.50,0.70
2008.03.20 07:50:55.083,1.5624,1.5627,8.50,0.70
2008.03.20 07:50:55.194,1.5624,1.5627,8.50,0.70
2008.03.20 07:50:55.310,1.5624,1.5627,8.50,0.70
2008.03.20 07:50:55.424,1.5624,1.56265,8.50,0.20
2008.03.20 07:50:55.540,1.5624,1.56265,0.50,0.20
2008.03.20 07:50:55.665,1.5624,1.56265,0.50,0.20
2008.03.20 07:50:55.999,1.5624,1.56265,0.50,0.20
2008.03.20 07:50:56.334,1.5624,1.56265,0.50,0.20
2008.03.20 07:50:56.669,1.5624,1.56265,0.50,0.20
2008.03.20 07:50:56.878,1.5624,1.56265,0.50,0.20
2008.03.20 07:50:57.086,1.5624,1.56265,0.50,0.20
2008.03.20 07:50:57.295,1.5624,1.56265,0.50,0.20
2008.03.20 07:50:57.504,1.5625,1.5627,8.00,0.60
2008.03.20 07:50:57.713,1.5625,1.56275,8.20,8.40
2008.03.20 07:50:58.048,1.5626,1.56275,0.30,0.50
2008.03.20 07:50:58.382,1.5626,1.56275,0.30,0.50
2008.03.20 07:50:58.727,1.5626,1.56275,0.30,0.50
2008.03.20 07:50:58.942,1.56255,1.5627,4.00,0.40
2008.03.20 07:50:59.157,1.56245,1.5627,17.10,0.60
2008.03.20 07:50:59.372,1.56245,1.56265,4.30,0.20
2008.03.20 07:50:59.588,1.5625,1.5627,0.30,0.60
2008.03.20 07:50:59.801,1.5625,1.5627,0.30,0.60
2008.03.20 07:51:00.135,1.5625,1.5627,0.30,0.60
2008.03.20 07:51:00.469,1.5625,1.5627,0.30,0.60
2008.03.20 07:51:01.730,1.5625,1.5627,0.30,0.60
2008.03.20 07:51:01.844,1.5625,1.5627,0.30,0.60
2008.03.20 07:51:01.970,1.5625,1.5627,0.30,0.60
2008.03.20 07:51:02.094,1.5625,1.5627,0.30,0.60
2008.03.20 07:51:02.207,1.5625,1.5627,0.30,0.60
2008.03.20 07:51:02.321,1.5625,1.5627,0.30,0.60
2008.03.20 07:51:02.435,1.5625,1.5627,0.30,0.60
2008.03.20 07:51:02.550,1.5625,1.5627,0.30,0.60
2008.03.20 07:51:02.662,1.5625,1.5627,0.30,0.60
2008.03.20 07:51:02.786,1.5625,1.5627,0.30,0.60
2008.03.20 07:51:03.132,1.5625,1.5627,0.30,0.60
2008.03.20 07:51:03.477,1.5625,1.5627,0.30,0.60
2008.03.20 07:51:03.812,1.5625,1.5627,0.30,0.60
2008.03.20 07:51:04.041,1.5625,1.5627,0.30,0.60
2008.03.20 07:51:04.268,1.5625,1.5627,0.30,0.60
2008.03.20 07:51:04.499,1.5625,1.5627,0.30,0.60
2008.03.20 07:51:04.728,1.5625,1.5627,0.30,0.60
2008.03.20 07:51:04.956,1.5625,1.5627,0.30,0.60
2008.03.20 07:51:05.292,1.5625,1.5627,0.30,0.60
2008.03.20 07:51:05.631,1.5625,1.5627,0.30,0.60
2008.03.20 07:51:05.959,1.5625,1.5627,0.30,0.60
2008.03.20 07:51:06.205,1.5625,1.5627,0.30,0.60
2008.03.20 07:51:06.453,1.5625,1.5627,0.30,0.60
2008.03.20 07:51:06.696,1.5625,1.5627,0.30,0.60
2008.03.20 07:51:06.940,1.5625,1.5627,0.30,0.60
2008.03.20 07:51:07.229,1.5625,1.5627,0.30,0.60
2008.03.20 07:51:07.518,1.5625,1.5627,0.30,0.60
2008.03.20 07:51:07.807,1.5625,1.5627,0.30,0.60
2008.03.20 07:51:08.112,1.5626,1.56275,0.30,0.50
2008.03.20 07:51:08.417,1.5626,1.56275,0.30,0.50
2008.03.20 07:51:08.722,1.5625,1.5627,0.30,0.60
2008.03.20 07:51:09.025,1.5625,1.5627,0.30,0.60
2008.03.20 07:51:09.268,1.5625,1.5627,0.30,0.60
2008.03.20 07:51:09.513,1.5625,1.5627,0.30,0.60
2008.03.20 07:51:09.758,1.5625,1.5627,0.30,0.60
2008.03.20 07:51:10.002,1.5625,1.5627,0.30,0.60
2008.03.20 07:51:10.310,1.5625,1.5627,0.30,0.60
2008.03.20 07:51:10.620,1.5625,1.5627,0.30,0.60
2008.03.20 07:51:10.930,1.5625,1.5627,0.30,0.60
2008.03.20 07:51:11.190,1.5625,1.5627,0.30,0.60
2008.03.20 07:51:11.457,1.5625,1.5627,0.30,0.60
2008.03.20 07:51:11.728,1.5625,1.5627,0.30,0.60
2008.03.20 07:51:11.995,1.5625,1.5627,0.30,0.60
2008.03.20 07:51:12.275,1.5625,1.5627,0.30,0.60
2008.03.20 07:51:12.528,1.56245,1.5627,16.30,0.60
2008.03.20 07:51:12.792,1.56245,1.5627,12.30,0.60
2008.03.20 07:51:13.056,1.56245,1.5627,13.10,0.60
2008.03.20 07:51:13.381,1.5625,1.5627,0.30,0.60
2008.03.20 07:51:13.695,1.5625,1.5627,0.30,0.60
2008.03.20 07:51:14.010,1.5625,1.5627,0.30,0.60
2008.03.20 07:51:14.259,1.5625,1.56265,0.30,0.30
2008.03.20 07:51:14.509,1.5625,1.5627,0.30,0.60
2008.03.20 07:51:14.759,1.56245,1.5627,13.10,0.60
2008.03.20 07:51:15.009,1.5625,1.5627,0.30,0.60
2008.03.20 07:51:15.309,1.5625,1.5627,0.30,0.60
2008.03.20 07:51:15.609,1.5625,1.5627,0.30,0.60
2008.03.20 07:51:15.909,1.5625,1.5627,0.30,0.60
2008.03.20 07:51:16.211,1.5625,1.5627,0.30,0.70
2008.03.20 07:51:16.506,1.56245,1.56265,8.80,0.30
2008.03.20 07:51:16.800,1.56245,1.56265,0.80,0.50
2008.03.20 07:51:17.096,1.56245,1.56265,0.80,0.50
2008.03.20 07:51:17.335,1.5624,1.56265,0.30,0.50
2008.03.20 07:51:17.574,1.5624,1.56265,0.30,0.50
2008.03.20 07:51:17.813,1.5624,1.56265,0.30,0.50
2008.03.20 07:51:18.052,1.5624,1.56265,0.30,0.50
2008.03.20 07:51:18.302,1.5624,1.56265,0.30,0.50
2008.03.20 07:51:18.648,1.5624,1.5626,0.30,0.40
2008.03.20 07:51:18.980,1.5624,1.5626,0.30,0.40
2008.03.20 07:51:19.316,1.5624,1.5626,0.30,0.60
2008.03.20 07:51:19.550,1.5624,1.5626,0.30,0.60
2008.03.20 07:51:19.784,1.5624,1.5626,0.30,0.60
2008.03.20 07:51:20.020,1.5624,1.5626,0.30,0.60
2008.03.20 07:51:20.252,1.5624,1.5626,0.30,0.60
2008.03.20 07:51:20.587,1.5624,1.5626,0.30,0.60
2008.03.20 07:51:20.919,1.5624,1.5626,0.30,0.60
2008.03.20 07:51:21.254,1.5624,1.5626,0.30,0.60
2008.03.20 07:51:21.494,1.5624,1.5626,0.30,0.60
2008.03.20 07:51:21.732,1.5624,1.5626,0.30,0.60
2008.03.20 07:51:21.973,1.5624,1.5626,0.30,0.70
2008.03.20 07:51:22.213,1.5624,1.5625,0.30,0.40
2008.03.20 07:51:22.512,1.5624,1.5625,0.30,0.40
2008.03.20 07:51:22.812,1.5624,1.5625,0.30,0.40
2008.03.20 07:51:23.111,1.5624,1.5625,0.30,0.40
2008.03.20 07:51:23.411,1.56235,1.5625,0.80,0.40
2008.03.20 07:51:23.731,1.5625,1.56255,0.40,4.00
2008.03.20 07:51:24.040,1.56255,1.56275,8.00,4.40
2008.03.20 07:51:24.358,1.5626,1.56265,0.30,4.00
2008.03.20 07:51:24.602,1.5626,1.5628,0.30,0.30
2008.03.20 07:51:24.847,1.5626,1.56285,8.50,7.20
2008.03.20 07:51:25.092,1.5626,1.56285,0.50,7.20
2008.03.20 07:51:25.337,1.5626,1.56285,0.40,7.60
2008.03.20 07:51:25.661,1.5625,1.5627,0.30,0.40
2008.03.20 07:51:25.988,1.5624,1.56265,8.20,0.30
2008.03.20 07:51:26.313,1.5625,1.5627,0.30,0.60
2008.03.20 07:51:26.558,1.5625,1.5627,0.30,0.60
2008.03.20 07:51:26.800,1.5625,1.5627,0.30,0.60
2008.03.20 07:51:27.045,1.5625,1.5627,0.30,0.60
2008.03.20 07:51:27.288,1.5625,1.5627,0.30,0.60
2008.03.20 07:51:27.599,1.5625,1.5627,0.30,0.60
2008.03.20 07:51:27.909,1.5625,1.5627,0.30,0.60
2008.03.20 07:51:28.218,1.5625,1.5627,0.30,0.60
2008.03.20 07:51:28.526,1.5625,1.5627,0.30,0.60
2008.03.20 07:51:28.820,1.5625,1.5627,0.30,0.60
2008.03.20 07:51:29.116,1.56245,1.56265,12.80,0.50
2008.03.20 07:51:29.412,1.56235,1.5626,4.00,0.30
2008.03.20 07:51:29.666,1.5624,1.56265,0.30,0.50
2008.03.20 07:51:29.921,1.5624,1.56255,0.30,0.30
2008.03.20 07:51:30.176,1.56225,1.56255,8.50,0.30
2008.03.20 07:51:30.429,1.56225,1.56255,4.50,0.30
2008.03.20 07:51:30.724,1.56225,1.5625,4.20,0.30
2008.03.20 07:51:31.029,1.56225,1.5625,0.30,0.30
2008.03.20 07:51:31.312,1.5624,1.56255,0.40,4.00
2008.03.20 07:51:31.607,1.5624,1.56265,0.30,0.50
2008.03.20 07:51:31.886,1.5624,1.56265,0.30,0.50
2008.03.20 07:51:32.166,1.5624,1.56265,0.30,0.50
2008.03.20 07:51:32.445,1.5624,1.56265,0.30,0.50
2008.03.20 07:51:32.725,1.5624,1.56265,8.50,0.30
2008.03.20 07:51:33.004,1.5624,1.5627,8.50,0.50
2008.03.20 07:51:33.284,1.5624,1.5627,8.50,0.50
2008.03.20 07:51:33.564,1.5624,1.56265,8.20,0.30
2008.03.20 07:51:33.887,1.5624,1.56265,8.20,0.30
2008.03.20 07:51:34.213,1.56245,1.5627,0.40,0.70
2008.03.20 07:51:34.537,1.5625,1.5627,8.20,0.30
2008.03.20 07:51:34.787,1.56255,1.56275,8.00,4.10
2008.03.20 07:51:35.037,1.56255,1.56275,8.00,4.00
2008.03.20 07:51:35.287,1.56255,1.56275,8.00,4.00
2008.03.20 07:51:35.537,1.5625,1.5627,0.30,0.30
2008.03.20 07:51:35.818,1.5624,1.5627,8.50,0.60
2008.03.20 07:51:36.099,1.5624,1.5627,8.50,0.70
2008.03.20 07:51:36.378,1.5624,1.5627,8.50,0.70
2008.03.20 07:51:36.659,1.56245,1.5627,0.30,0.60
2008.03.20 07:51:36.947,1.5625,1.5627,8.20,0.30
2008.03.20 07:51:37.232,1.5625,1.5627,8.20,0.30
2008.03.20 07:51:37.516,1.56245,1.5627,4.20,0.60
2008.03.20 07:51:37.771,1.5624,1.5627,0.50,0.70
2008.03.20 07:51:38.025,1.5624,1.56265,0.30,0.30
2008.03.20 07:51:38.279,1.5624,1.56265,0.30,0.30
2008.03.20 07:51:38.532,1.5624,1.56265,0.30,0.30
2008.03.20 07:51:38.856,1.5624,1.56265,0.30,0.30
2008.03.20 07:51:39.179,1.5624,1.56265,0.30,0.30
2008.03.20 07:51:39.502,1.5624,1.56265,0.30,0.30
2008.03.20 07:51:39.752,1.5624,1.56265,0.30,0.30
2008.03.20 07:51:40.002,1.5624,1.56265,0.30,0.30
2008.03.20 07:51:40.251,1.5624,1.56265,0.30,0.30
2008.03.20 07:51:40.501,1.5624,1.5627,0.50,0.70
2008.03.20 07:51:40.751,1.5624,1.5627,0.80,0.60
2008.03.20 07:51:41.052,1.5624,1.5627,0.80,0.60
2008.03.20 07:51:41.349,1.5624,1.5627,0.80,0.60
2008.03.20 07:51:41.660,1.5624,1.5627,0.80,0.60
2008.03.20 07:51:41.943,1.5624,1.5627,0.80,0.60
2008.03.20 07:51:42.237,1.5624,1.5627,0.80,0.60
2008.03.20 07:51:42.531,1.5624,1.5627,0.80,0.60
2008.03.20 07:51:42.824,1.5624,1.5627,0.80,0.60
2008.03.20 07:51:43.081,1.5624,1.5627,0.80,0.60
2008.03.20 07:51:43.339,1.5624,1.5627,0.80,0.60
2008.03.20 07:51:43.600,1.5624,1.5627,8.80,0.60
2008.03.20 07:51:43.858,1.5624,1.5627,8.80,0.60
2008.03.20 07:51:44.162,1.5624,1.5627,8.80,0.60
2008.03.20 07:51:44.467,1.5624,1.5627,8.80,0.60
2008.03.20 07:51:44.772,1.5624,1.5627,8.80,0.60
2008.03.20 07:51:45.061,1.5624,1.5627,8.80,0.60
2008.03.20 07:51:45.350,1.5624,1.5627,8.80,0.60
2008.03.20 07:51:45.639,1.5624,1.5627,8.80,0.60
2008.03.20 07:51:45.928,1.5624,1.5627,8.80,0.60
2008.03.20 07:51:46.187,1.5624,1.5627,8.80,0.60
2008.03.20 07:51:46.446,1.5624,1.5627,8.80,0.60
2008.03.20 07:51:46.705,1.5624,1.5627,8.80,0.60
2008.03.20 07:51:46.964,1.56245,1.5627,0.30,0.60
2008.03.20 07:51:47.278,1.56245,1.5627,0.30,0.60
2008.03.20 07:51:47.592,1.56245,1.5627,0.30,0.60
2008.03.20 07:51:47.905,1.56245,1.5627,0.30,0.60
2008.03.20 07:51:48.184,1.56245,1.5627,0.30,0.60
2008.03.20 07:51:48.462,1.56245,1.5627,0.30,0.60
2008.03.20 07:51:48.741,1.56245,1.5627,0.30,0.60
2008.03.20 07:51:49.035,1.56245,1.5627,0.30,0.60
2008.03.20 07:51:49.329,1.56245,1.5627,0.30,0.60
2008.03.20 07:51:49.625,1.56245,1.5627,0.30,0.60
2008.03.20 07:51:49.919,1.56245,1.5627,0.30,0.60
2008.03.20 07:51:50.158,1.56245,1.5627,0.30,0.60
2008.03.20 07:51:50.398,1.56255,1.5627,0.40,0.40
2008.03.20 07:51:50.638,1.5626,1.56275,8.00,4.20
2008.03.20 07:51:50.880,1.5625,1.5627,0.30,0.40
2008.03.20 07:51:51.213,1.56245,1.5627,16.80,0.60
2008.03.20 07:51:51.547,1.56245,1.5627,0.80,0.60
2008.03.20 07:51:51.883,1.5624,1.5627,9.60,0.60
2008.03.20 07:51:52.123,1.56245,1.5627,0.30,0.30
2008.03.20 07:51:52.365,1.5624,1.5627,8.80,0.60
2008.03.20 07:51:52.603,1.5624,1.5627,8.80,0.60
2008.03.20 07:51:52.856,1.5626,1.56275,8.00,4.00
2008.03.20 07:51:53.191,1.5626,1.5628,8.20,0.30
2008.03.20 07:51:53.526,1.5626,1.5628,0.30,0.70
2008.03.20 07:51:53.863,1.56255,1.5627,0.80,0.30
2008.03.20 07:51:54.098,1.56245,1.5627,0.30,0.30
2008.03.20 07:51:54.342,1.56245,1.5627,0.30,0.30
2008.03.20 07:51:54.587,1.56245,1.5627,0.30,0.30
2008.03.20 07:51:54.810,1.56245,1.5627,0.30,0.30
2008.03.20 07:51:55.045,1.5626,1.56275,8.00,4.00
2008.03.20 07:51:55.389,1.5625,1.5627,0.30,0.60
2008.03.20 07:51:55.719,1.5625,1.5627,0.30,0.60
2008.03.20 07:51:56.049,1.5624,1.5627,0.80,0.60
2008.03.20 07:51:56.304,1.56245,1.5627,0.30,0.60
2008.03.20 07:51:56.558,1.56245,1.5627,0.30,0.60
2008.03.20 07:51:56.813,1.56245,1.5627,0.30,0.60
2008.03.20 07:51:57.070,1.56245,1.5627,0.30,0.60
2008.03.20 07:51:57.346,1.5625,1.5627,0.40,0.40
2008.03.20 07:51:57.626,1.56255,1.56275,8.00,4.00
2008.03.20 07:51:57.913,1.5626,1.56275,0.30,4.00
2008.03.20 07:51:58.238,1.5626,1.5628,8.20,0.40
2008.03.20 07:51:58.553,1.5626,1.5628,0.30,0.60
2008.03.20 07:51:58.868,1.56255,1.5628,5.00,0.60
2008.03.20 07:51:59.184,1.56255,1.5628,0.30,0.60
2008.03.20 07:51:59.430,1.56255,1.5628,0.30,0.60
2008.03.20 07:51:59.651,1.56255,1.5628,0.30,0.60
2008.03.20 07:51:59.886,1.56255,1.5628,0.30,0.60
2008.03.20 07:52:00.121,1.56255,1.5628,0.30,0.60
2008.03.20 07:52:00.410,1.5625,1.56275,0.30,0.30
2008.03.20 07:52:00.700,1.5625,1.56275,0.30,0.30
2008.03.20 07:52:00.989,1.5625,1.56275,0.30,0.30
2008.03.20 07:52:01.239,1.5625,1.56275,0.30,0.30
2008.03.20 07:52:01.490,1.5625,1.56275,0.30,0.30
2008.03.20 07:52:01.740,1.5625,1.5628,0.50,0.60
2008.03.20 07:52:01.991,1.56255,1.56275,0.30,0.30
2008.03.20 07:52:02.295,1.5625,1.56275,0.30,0.30
2008.03.20 07:52:02.572,1.5625,1.5628,0.80,0.60
2008.03.20 07:52:02.861,1.56255,1.5628,0.30,0.60
2008.03.20 07:52:03.152,1.56255,1.5628,0.30,0.60
2008.03.20 07:52:03.462,1.56255,1.5628,0.30,0.60
2008.03.20 07:52:03.773,1.5626,1.56285,0.60,4.20
2008.03.20 07:52:04.084,1.5626,1.5628,0.30,0.30
2008.03.20 07:52:04.345,1.56255,1.5628,1.30,0.30
2008.03.20 07:52:04.604,1.5626,1.5628,0.60,0.30
2008.03.20 07:52:04.865,1.5626,1.5628,0.30,0.30
2008.03.20 07:52:05.123,1.5625,1.5628,0.80,0.30
2008.03.20 07:52:05.414,1.5625,1.5628,0.80,0.60
2008.03.20 07:52:05.702,1.5625,1.5628,0.80,0.60
2008.03.20 07:52:05.991,1.5625,1.5628,0.80,0.60
2008.03.20 07:52:06.284,1.5625,1.5628,8.80,0.60
2008.03.20 07:52:06.572,1.56255,1.5628,0.30,0.30
2008.03.20 07:52:06.879,1.56255,1.5628,0.30,0.60
2008.03.20 07:52:07.164,1.5625,1.56275,0.60,0.30
2008.03.20 07:52:07.418,1.5625,1.56275,0.60,0.30
2008.03.20 07:52:07.673,1.5625,1.56275,0.30,0.30
2008.03.20 07:52:07.928,1.5625,1.56275,0.30,0.30
2008.03.20 07:52:08.182,1.5625,1.56275,0.30,0.30
2008.03.20 07:52:08.512,1.56245,1.56275,4.50,0.30
2008.03.20 07:52:08.843,1.5625,1.56275,0.30,0.30
2008.03.20 07:52:09.174,1.56245,1.5627,0.30,0.30
2008.03.20 07:52:09.419,1.56245,1.5627,0.30,0.30
2008.03.20 07:52:09.664,1.5625,1.5627,0.30,0.30
2008.03.20 07:52:09.909,1.56245,1.5627,0.30,0.30
2008.03.20 07:52:10.153,1.56245,1.5627,0.30,0.30
2008.03.20 07:52:10.445,1.56245,1.5627,0.30,0.30
2008.03.20 07:52:10.744,1.56245,1.5627,0.30,0.30
2008.03.20 07:52:11.040,1.56245,1.5627,0.30,0.30
2008.03.20 07:52:11.332,1.56245,1.5627,0.30,0.30
2008.03.20 07:52:11.610,1.56245,1.56265,0.30,0.30
2008.03.20 07:52:11.891,1.56245,1.5627,0.30,0.60
2008.03.20 07:52:12.170,1.56245,1.5627,0.30,0.60
2008.03.20 07:52:12.434,1.56245,1.5627,0.30,0.60
2008.03.20 07:52:12.702,1.5625,1.56265,8.20,0.30
2008.03.20 07:52:12.957,1.5624,1.5627,0.50,0.70
2008.03.20 07:52:13.211,1.5624,1.56255,0.30,0.30
2008.03.20 07:52:13.547,1.5623,1.56255,0.30,0.30
2008.03.20 07:52:13.881,1.5623,1.56255,0.30,0.30
2008.03.20 07:52:14.216,1.5623,1.5626,0.50,0.30
2008.03.20 07:52:14.456,1.5623,1.5626,0.50,0.30
2008.03.20 07:52:14.694,1.5623,1.5626,0.50,0.30
2008.03.20 07:52:14.951,1.56235,1.5626,0.30,0.30
2008.03.20 07:52:15.201,1.56235,1.56265,0.50,4.40
2008.03.20 07:52:15.451,1.56235,1.56265,4.50,0.30
2008.03.20 07:52:15.740,1.56235,1.5626,4.20,0.30
2008.03.20 07:52:16.039,1.56235,1.56265,4.50,0.30
2008.03.20 07:52:16.340,1.56235,1.5626,4.20,0.30
2008.03.20 07:52:16.625,1.56235,1.5626,0.30,0.30
2008.03.20 07:52:16.909,1.5623,1.5626,0.50,0.30
2008.03.20 07:52:17.201,1.5623,1.5626,0.50,0.30
2008.03.20 07:52:17.486,1.5623,1.5626,8.80,0.30
2008.03.20 07:52:17.731,1.5623,1.5626,8.80,0.30
2008.03.20 07:52:17.981,1.5623,1.5626,8.80,0.30
2008.03.20 07:52:18.225,1.5623,1.5626,8.80,0.30
2008.03.20 07:52:18.469,1.56235,1.5626,0.30,0.30
2008.03.20 07:52:18.804,1.5623,1.5626,8.80,0.30
2008.03.20 07:52:19.141,1.5623,1.5626,8.50,0.30
2008.03.20 07:52:19.476,1.56235,1.56265,0.50,8.20
2008.03.20 07:52:19.721,1.56245,1.56265,0.30,4.20
2008.03.20 07:52:19.965,1.5625,1.56265,0.30,4.20
2008.03.20 07:52:20.209,1.5625,1.56265,0.30,4.00
2008.03.20 07:52:20.455,1.56245,1.56265,0.30,4.00
2008.03.20 07:52:20.744,1.5624,1.5627,0.80,0.60
2008.03.20 07:52:21.033,1.5624,1.5627,0.80,0.60
2008.03.20 07:52:21.323,1.5625,1.5627,0.30,0.30
2008.03.20 07:52:21.587,1.5625,1.5627,0.30,0.30
2008.03.20 07:52:21.850,1.5625,1.5627,0.30,0.30
2008.03.20 07:52:22.114,1.5625,1.5627,0.30,0.30
2008.03.20 07:52:22.378,1.5625,1.5627,0.30,0.30
2008.03.20 07:52:22.663,1.5625,1.5627,0.30,0.30
2008.03.20 07:52:22.947,1.56245,1.5627,12.00,0.60
2008.03.20 07:52:23.231,1.56245,1.5627,8.00,0.60
2008.03.20 07:52:23.516,1.5624,1.5627,0.80,0.60
2008.03.20 07:52:23.816,1.5624,1.5627,0.80,0.60
2008.03.20 07:52:24.115,1.5624,1.5627,0.80,0.60
2008.03.20 07:52:24.414,1.56245,1.5627,0.30,0.60
2008.03.20 07:52:24.658,1.5625,1.5627,0.30,0.40
2008.03.20 07:52:24.902,1.5625,1.5627,0.30,0.40
2008.03.20 07:52:25.147,1.5625,1.5627,0.30,0.40
2008.03.20 07:52:25.393,1.5625,1.5627,0.30,0.40
2008.03.20 07:52:25.636,1.5625,1.5627,0.30,0.40
2008.03.20 07:52:25.941,1.5625,1.5627,0.30,0.40
2008.03.20 07:52:26.245,1.56245,1.5627,0.30,0.60
2008.03.20 07:52:26.550,1.56245,1.5627,0.30,0.60
2008.03.20 07:52:26.834,1.56245,1.5627,0.30,0.60
2008.03.20 07:52:27.119,1.56245,1.5627,0.30,0.60
2008.03.20 07:52:27.405,1.56245,1.5627,0.30,0.60
2008.03.20 07:52:27.684,1.56245,1.5627,0.30,0.60
2008.03.20 07:52:27.964,1.56245,1.5627,0.30,0.60
2008.03.20 07:52:28.242,1.56245,1.5627,0.30,0.60
2008.03.20 07:52:28.522,1.56245,1.5627,0.30,0.60
2008.03.20 07:52:28.839,1.5625,1.5627,0.30,0.40
2008.03.20 07:52:29.152,1.5625,1.5627,0.30,0.40
2008.03.20 07:52:29.466,1.5625,1.5627,0.30,0.40
2008.03.20 07:52:29.725,1.5625,1.5627,0.30,0.40
2008.03.20 07:52:29.984,1.5625,1.56275,0.30,0.30
2008.03.20 07:52:30.244,1.5625,1.5628,0.50,0.70
2008.03.20 07:52:30.504,1.5626,1.5628,0.30,0.70
2008.03.20 07:52:30.799,1.5626,1.5627,0.30,0.40
2008.03.20 07:52:31.092,1.5626,1.5627,0.30,0.40
2008.03.20 07:52:31.401,1.5626,1.5628,9.30,0.40
2008.03.20 07:52:31.688,1.56275,1.56295,0.40,4.00
2008.03.20 07:52:31.956,1.56275,1.563,4.30,0.20
2008.03.20 07:52:32.226,1.56275,1.563,4.30,0.20
2008.03.20 07:52:32.495,1.5628,1.563,0.40,0.20
2008.03.20 07:52:32.785,1.56285,1.563,4.00,0.60
2008.03.20 07:52:33.076,1.56275,1.563,4.30,0.20
2008.03.20 07:52:33.367,1.56275,1.563,4.30,0.50
2008.03.20 07:52:33.667,1.5628,1.56295,0.40,0.20
2008.03.20 07:52:33.982,1.56285,1.56305,0.40,0.20
2008.03.20 07:52:34.297,1.56285,1.5631,4.30,0.20
2008.03.20 07:52:34.612,1.56285,1.56315,4.30,0.50
2008.03.20 07:52:34.873,1.56285,1.56315,4.50,0.30
2008.03.20 07:52:35.133,1.56285,1.56315,4.50,0.30
2008.03.20 07:52:35.392,1.56285,1.56315,4.50,0.50
2008.03.20 07:52:35.651,1.56285,1.56315,4.50,0.50
2008.03.20 07:52:35.958,1.56285,1.5631,4.00,0.60
2008.03.20 07:52:36.254,1.5628,1.5631,0.40,0.60
2008.03.20 07:52:36.557,1.56275,1.56305,4.50,0.30
2008.03.20 07:52:36.828,1.5628,1.56305,0.30,0.30
2008.03.20 07:52:37.108,1.56275,1.563,4.00,0.30
2008.03.20 07:52:37.388,1.5627,1.563,0.50,0.30
2008.03.20 07:52:37.658,1.5627,1.563,0.50,0.30
2008.03.20 07:52:37.942,1.56265,1.5628,4.20,0.30
2008.03.20 07:52:38.227,1.56265,1.5627,4.20,0.30
2008.03.20 07:52:38.513,1.56265,1.56285,4.00,0.30
2008.03.20 07:52:38.798,1.56265,1.5627,4.00,0.30
2008.03.20 07:52:39.125,1.56265,1.56285,4.20,0.30
2008.03.20 07:52:39.450,1.56265,1.56285,4.20,0.30
2008.03.20 07:52:39.776,1.5628,1.56305,0.40,4.20
2008.03.20 07:52:40.016,1.56275,1.563,0.40,0.20
2008.03.20 07:52:40.257,1.56275,1.563,4.30,0.20
2008.03.20 07:52:40.495,1.56275,1.56305,4.30,0.30
2008.03.20 07:52:40.735,1.5628,1.5631,0.40,0.50
2008.03.20 07:52:41.024,1.5628,1.5631,0.40,0.50
2008.03.20 07:52:41.314,1.5628,1.5631,0.40,0.50
2008.03.20 07:52:41.608,1.5629,1.5631,0.30,0.30
2008.03.20 07:52:41.849,1.5629,1.56315,0.60,4.20
2008.03.20 07:52:42.088,1.5629,1.56315,0.60,0.30
2008.03.20 07:52:42.338,1.5629,1.56315,0.60,0.30
2008.03.20 07:52:42.590,1.5629,1.56315,0.60,0.30
2008.03.20 07:52:42.910,1.56285,1.56315,4.30,0.50
2008.03.20 07:52:43.229,1.56285,1.56315,4.30,0.50
2008.03.20 07:52:43.549,1.56285,1.56315,4.30,0.50
2008.03.20 07:52:43.869,1.56285,1.56315,4.30,0.50
2008.03.20 07:52:44.128,1.56285,1.56315,4.30,0.50
2008.03.20 07:52:44.398,1.563,1.56315,8.20,0.50
2008.03.20 07:52:44.646,1.563,1.56315,8.20,0.50
2008.03.20 07:52:44.906,1.56285,1.56315,4.30,0.50
2008.03.20 07:52:45.176,1.5629,1.56315,0.30,0.50
2008.03.20 07:52:45.446,1.5629,1.56315,0.30,0.50
2008.03.20 07:52:45.714,1.5629,1.5631,0.30,0.20
2008.03.20 07:52:45.983,1.5629,1.5631,0.30,0.20
2008.03.20 07:52:46.241,1.5629,1.5631,0.30,0.20
2008.03.20 07:52:46.501,1.56285,1.5631,4.30,0.20
2008.03.20 07:52:46.760,1.56285,1.56315,4.30,0.50
2008.03.20 07:52:47.039,1.56285,1.56315,4.30,0.50
2008.03.20 07:52:47.318,1.56285,1.56315,4.30,0.50
2008.03.20 07:52:47.598,1.56285,1.56315,4.30,0.50
2008.03.20 07:52:47.876,1.56285,1.56315,4.30,0.50
2008.03.20 07:52:48.207,1.56285,1.56315,4.30,0.30
2008.03.20 07:52:48.536,1.56285,1.56315,4.30,0.50
2008.03.20 07:52:48.866,1.56285,1.56315,4.30,0.50
2008.03.20 07:52:49.109,1.56285,1.56315,4.30,0.50
2008.03.20 07:52:49.353,1.56285,1.56315,4.30,0.50
2008.03.20 07:52:49.598,1.5629,1.5631,0.30,0.30
2008.03.20 07:52:49.843,1.5629,1.56315,0.30,0.30
2008.03.20 07:52:50.170,1.5629,1.56315,0.30,0.30
2008.03.20 07:52:50.482,1.5629,1.56315,0.30,0.30
2008.03.20 07:52:50.796,1.5629,1.56315,0.30,0.30
2008.03.20 07:52:51.110,1.5629,1.56315,0.30,0.50
2008.03.20 07:52:51.354,1.5629,1.56315,0.30,0.50
2008.03.20 07:52:51.598,1.56285,1.56315,4.30,0.50
2008.03.20 07:52:51.842,1.56285,1.56315,4.30,0.50
2008.03.20 07:52:52.157,1.5631,1.5632,8.00,0.30
2008.03.20 07:52:52.472,1.56275,1.56285,5.60,0.30
2008.03.20 07:52:52.788,1.5626,1.5628,1.00,0.30
2008.03.20 07:52:53.104,1.56255,1.56275,8.80,0.30
2008.03.20 07:52:53.404,1.56255,1.5626,0.80,0.30
2008.03.20 07:52:53.703,1.56225,1.56255,13.30,0.30
2008.03.20 07:52:53.998,1.56225,1.56255,5.30,0.30
2008.03.20 07:52:54.257,1.56225,1.56245,4.00,0.20
2008.03.20 07:52:54.518,1.56225,1.56245,4.00,0.20
2008.03.20 07:52:54.778,1.5622,1.56245,0.40,0.20
2008.03.20 07:52:55.038,1.5622,1.5625,0.40,0.50
2008.03.20 07:52:55.334,1.5622,1.5625,0.40,0.50
2008.03.20 07:52:55.629,1.56225,1.5625,0.40,0.20
2008.03.20 07:52:55.924,1.56225,1.5625,4.30,0.20
2008.03.20 07:52:56.219,1.56225,1.5625,4.00,0.50
2008.03.20 07:52:56.504,1.56225,1.5625,4.00,0.50
2008.03.20 07:52:56.798,1.56225,1.5625,4.00,0.50
2008.03.20 07:52:57.086,1.56235,1.5625,1.60,0.50
2008.03.20 07:52:57.352,1.56245,1.5626,8.00,0.30
2008.03.20 07:52:57.613,1.56245,1.5627,4.00,1.50
2008.03.20 07:52:57.872,1.56245,1.5626,12.00,0.20
2008.03.20 07:52:58.132,1.5625,1.5627,0.30,1.30
2008.03.20 07:52:58.462,1.5625,1.5627,0.50,1.30
2008.03.20 07:52:58.792,1.5625,1.5627,8.20,1.10
2008.03.20 07:52:59.122,1.5625,1.5627,0.30,0.90
2008.03.20 07:52:59.363,1.5625,1.5627,0.30,0.90
2008.03.20 07:52:59.601,1.5625,1.5627,0.30,0.90
2008.03.20 07:52:59.842,1.5625,1.5627,0.30,0.90
2008.03.20 07:53:00.081,1.5625,1.5627,0.30,1.30
2008.03.20 07:53:00.383,1.5625,1.5627,0.30,1.30
2008.03.20 07:53:00.681,1.5625,1.5627,0.30,1.30
2008.03.20 07:53:00.982,1.5625,1.5627,0.30,1.30
2008.03.20 07:53:01.286,1.5625,1.5627,0.30,1.30
2008.03.20 07:53:01.551,1.5625,1.5627,0.30,1.30
2008.03.20 07:53:01.815,1.5625,1.5627,0.30,1.30
2008.03.20 07:53:02.079,1.5625,1.5627,0.30,1.30
2008.03.20 07:53:02.313,1.5625,1.5627,0.30,1.30
2008.03.20 07:53:02.546,1.5625,1.5627,0.30,1.30
2008.03.20 07:53:02.781,1.5625,1.5627,8.50,1.30
2008.03.20 07:53:03.016,1.5625,1.5627,0.30,1.10
2008.03.20 07:53:03.251,1.5625,1.5627,0.30,1.30
2008.03.20 07:53:03.586,1.5625,1.5627,0.30,1.30
2008.03.20 07:53:03.919,1.5625,1.5627,0.30,1.30
2008.03.20 07:53:04.254,1.5625,1.5627,0.30,1.30
2008.03.20 07:53:04.484,1.5625,1.5627,0.30,1.30
2008.03.20 07:53:04.725,1.5625,1.5627,0.30,1.30
2008.03.20 07:53:04.964,1.5625,1.5627,0.30,1.30
2008.03.20 07:53:05.206,1.5625,1.5627,0.30,1.30
2008.03.20 07:53:05.511,1.5625,1.5627,0.30,1.30
2008.03.20 07:53:05.815,1.5625,1.5627,0.30,1.30
2008.03.20 07:53:06.120,1.5625,1.5627,0.30,1.30
2008.03.20 07:53:06.385,1.5625,1.5627,0.30,1.30
2008.03.20 07:53:06.630,1.5625,1.5627,0.30,1.30
2008.03.20 07:53:06.884,1.5625,1.5627,0.30,1.30
2008.03.20 07:53:07.141,1.5626,1.5627,0.30,0.80
2008.03.20 07:53:07.421,1.5626,1.5627,0.30,0.80
2008.03.20 07:53:07.710,1.5626,1.5627,0.30,0.80
2008.03.20 07:53:07.988,1.5626,1.5627,0.30,0.80
2008.03.20 07:53:08.270,1.5626,1.5627,0.30,0.80
2008.03.20 07:53:08.580,1.5625,1.5627,8.20,0.80
2008.03.20 07:53:08.890,1.5625,1.5627,0.30,1.00
2008.03.20 07:53:09.198,1.5625,1.5627,0.30,1.00
2008.03.20 07:53:09.453,1.5625,1.5627,0.30,1.00
2008.03.20 07:53:09.707,1.5625,1.5627,0.30,1.00
2008.03.20 07:53:09.961,1.5625,1.5627,0.30,1.00
2008.03.20 07:53:10.215,1.5625,1.5627,0.30,1.00
2008.03.20 07:53:10.470,1.5624,1.5627,0.50,1.50
2008.03.20 07:53:10.770,1.5624,1.56265,0.30,0.30
2008.03.20 07:53:11.069,1.5624,1.56265,0.30,0.30
2008.03.20 07:53:11.368,1.5624,1.56265,0.30,0.30
2008.03.20 07:53:11.668,1.5624,1.56265,0.30,0.30
2008.03.20 07:53:11.968,1.5624,1.56265,0.30,0.30
2008.03.20 07:53:12.267,1.5624,1.5627,0.50,1.50
2008.03.20 07:53:12.501,1.5624,1.56265,0.30,0.30
2008.03.20 07:53:12.734,1.5624,1.56265,0.30,0.50
2008.03.20 07:53:12.970,1.5624,1.56265,8.20,0.30
2008.03.20 07:53:13.206,1.5624,1.56265,0.50,0.20
2008.03.20 07:53:13.441,1.5624,1.56265,0.50,0.20
2008.03.20 07:53:13.775,1.5624,1.56265,0.50,0.20
2008.03.20 07:53:14.109,1.5624,1.56265,0.50,0.20
2008.03.20 07:53:14.455,1.5624,1.5627,0.50,1.20
2008.03.20 07:53:14.678,1.5624,1.5627,0.50,1.50
2008.03.20 07:53:14.914,1.5624,1.56265,0.50,0.20
2008.03.20 07:53:15.149,1.5624,1.56265,0.50,0.20
2008.03.20 07:53:15.383,1.5624,1.56265,0.30,0.50
2008.03.20 07:53:15.729,1.56235,1.56265,16.30,0.50
2008.03.20 07:53:16.064,1.5626,1.5627,8.00,0.80
2008.03.20 07:53:16.398,1.5624,1.56265,0.30,0.30
2008.03.20 07:53:16.643,1.5624,1.56265,0.30,0.30
2008.03.20 07:53:16.887,1.5624,1.56265,0.30,0.30
2008.03.20 07:53:17.131,1.5624,1.56265,0.30,0.30
2008.03.20 07:53:17.376,1.5624,1.56265,0.30,0.30
2008.03.20 07:53:17.700,1.5624,1.56265,0.30,0.30
2008.03.20 07:53:18.024,1.5624,1.56265,0.30,0.30
2008.03.20 07:53:18.348,1.5624,1.56265,0.30,0.30
2008.03.20 07:53:18.608,1.5624,1.56265,0.30,0.30
2008.03.20 07:53:18.866,1.5624,1.56265,0.30,0.30
2008.03.20 07:53:19.125,1.5624,1.56265,0.30,0.30
2008.03.20 07:53:19.385,1.5624,1.56265,0.30,0.30
2008.03.20 07:53:19.668,1.5624,1.56265,0.30,0.30
2008.03.20 07:53:19.953,1.5624,1.5626,0.40,0.20
2008.03.20 07:53:20.241,1.5625,1.5626,0.30,0.30
2008.03.20 07:53:20.525,1.56235,1.5626,4.00,0.50
2008.03.20 07:53:20.825,1.5623,1.5626,0.40,0.50
2008.03.20 07:53:21.124,1.5623,1.5626,0.40,0.30
2008.03.20 07:53:21.424,1.56225,1.56255,4.50,0.30
2008.03.20 07:53:21.681,1.56235,1.5626,0.40,0.20
2008.03.20 07:53:21.936,1.5625,1.56265,8.00,6.60
2008.03.20 07:53:22.192,1.5624,1.5626,0.30,0.30
2008.03.20 07:53:22.447,1.5624,1.56265,0.30,4.20
2008.03.20 07:53:22.755,1.56235,1.56265,0.40,4.40
2008.03.20 07:53:23.066,1.5623,1.5626,8.80,0.30
2008.03.20 07:53:23.387,1.5623,1.56255,0.30,0.30
2008.03.20 07:53:23.698,1.5623,1.56255,0.30,0.30
2008.03.20 07:53:23.997,1.5623,1.56255,0.30,0.30
2008.03.20 07:53:24.296,1.5623,1.56255,0.30,0.30
2008.03.20 07:53:24.596,1.56235,1.5626,0.40,0.30
2008.03.20 07:53:24.871,1.56235,1.5626,0.40,0.30
2008.03.20 07:53:25.146,1.5623,1.56255,0.80,0.30
2008.03.20 07:53:25.419,1.5623,1.56255,0.80,0.30
2008.03.20 07:53:25.694,1.5623,1.56255,0.60,0.30
2008.03.20 07:53:25.975,1.5624,1.5626,8.00,0.30
2008.03.20 07:53:26.255,1.5624,1.56265,8.50,4.00
2008.03.20 07:53:26.534,1.5624,1.56265,8.20,0.30
2008.03.20 07:53:26.812,1.5624,1.56265,8.20,0.30
2008.03.20 07:53:27.102,1.5624,1.5627,8.50,1.50
2008.03.20 07:53:27.371,1.5625,1.5627,0.30,1.00
2008.03.20 07:53:27.664,1.5624,1.56265,0.50,0.20
2008.03.20 07:53:27.928,1.5624,1.5626,0.30,0.30
2008.03.20 07:53:28.193,1.5623,1.5626,0.80,0.30
2008.03.20 07:53:28.459,1.5623,1.5626,0.80,0.30
2008.03.20 07:53:28.723,1.5624,1.56265,0.50,4.00
2008.03.20 07:53:29.047,1.56245,1.5626,4.00,0.30
2008.03.20 07:53:29.372,1.5624,1.56265,1.20,4.20
2008.03.20 07:53:29.698,1.5625,1.56265,8.20,0.30
2008.03.20 07:53:29.937,1.5625,1.56265,8.20,0.30
2008.03.20 07:53:30.177,1.5625,1.56265,8.20,0.30
2008.03.20 07:53:30.415,1.5625,1.56265,8.20,0.30
2008.03.20 07:53:30.655,1.5625,1.56265,8.20,0.30
2008.03.20 07:53:30.983,1.5625,1.56265,8.20,0.30
2008.03.20 07:53:31.314,1.5624,1.56265,0.30,0.30
2008.03.20 07:53:31.657,1.5624,1.5627,0.50,1.50
2008.03.20 07:53:31.907,1.5624,1.5627,0.50,1.50
2008.03.20 07:53:32.156,1.5624,1.56265,0.30,0.30
2008.03.20 07:53:32.404,1.5624,1.56265,0.30,0.30
2008.03.20 07:53:32.654,1.5624,1.56265,0.30,0.30
2008.03.20 07:53:32.978,1.5625,1.56265,8.20,0.30
2008.03.20 07:53:33.304,1.5625,1.5627,8.20,1.00
2008.03.20 07:53:33.627,1.5625,1.5627,8.20,1.00
2008.03.20 07:53:33.896,1.5625,1.5627,8.20,1.00
2008.03.20 07:53:34.165,1.5625,1.5627,8.20,1.00
2008.03.20 07:53:34.434,1.5625,1.5627,8.20,1.00
2008.03.20 07:53:34.703,1.5625,1.5627,8.20,1.00
2008.03.20 07:53:34.972,1.5625,1.5627,8.20,1.00
2008.03.20 07:53:35.242,1.5625,1.5627,8.20,1.00
2008.03.20 07:53:35.513,1.5625,1.5627,8.20,1.00
2008.03.20 07:53:35.782,1.5625,1.5627,8.20,1.00
2008.03.20 07:53:36.075,1.5625,1.5627,8.20,1.00
2008.03.20 07:53:36.369,1.5625,1.5627,8.20,1.00
2008.03.20 07:53:36.663,1.5625,1.5627,8.20,1.00
2008.03.20 07:53:36.915,1.5625,1.5627,8.20,1.00
2008.03.20 07:53:37.169,1.5625,1.5627,8.20,1.00
2008.03.20 07:53:37.430,1.5625,1.5627,8.20,1.00
2008.03.20 07:53:37.697,1.5625,1.5627,8.20,1.00
2008.03.20 07:53:37.990,1.5625,1.5627,8.20,1.00
2008.03.20 07:53:38.283,1.5625,1.5627,8.20,1.00
2008.03.20 07:53:38.579,1.5625,1.5627,8.20,1.00
2008.03.20 07:53:38.874,1.5625,1.5627,0.30,1.00
2008.03.20 07:53:39.178,1.5624,1.5627,0.80,1.50
2008.03.20 07:53:39.481,1.5624,1.5627,0.80,1.50
2008.03.20 07:53:39.785,1.5624,1.5627,0.80,1.50
2008.03.20 07:53:40.055,1.5625,1.5627,8.20,1.20
2008.03.20 07:53:40.326,1.5625,1.5627,8.20,0.30
2008.03.20 07:53:40.595,1.5625,1.56275,0.30,0.50
2008.03.20 07:53:40.865,1.5625,1.56275,0.30,0.30
2008.03.20 07:53:41.139,1.5625,1.56275,0.30,0.30
2008.03.20 07:53:41.412,1.5625,1.56275,0.30,0.30
2008.03.20 07:53:41.686,1.5625,1.56275,0.30,0.30
2008.03.20 07:53:41.957,1.5625,1.56275,0.30,0.30
2008.03.20 07:53:42.204,1.5625,1.56275,0.30,0.30
2008.03.20 07:53:42.464,1.5625,1.56275,0.30,4.20
2008.03.20 07:53:42.724,1.5625,1.5627,0.30,0.40
2008.03.20 07:53:43.013,1.5625,1.5627,0.30,0.40
2008.03.20 07:53:43.315,1.5625,1.5627,0.30,0.40
2008.03.20 07:53:43.603,1.5625,1.5627,0.30,0.40
2008.03.20 07:53:43.893,1.5625,1.56275,0.30,0.50
2008.03.20 07:53:44.201,1.5625,1.56275,0.30,0.50
2008.03.20 07:53:44.512,1.5626,1.56275,0.30,4.10
2008.03.20 07:53:44.822,1.5626,1.56275,0.30,0.20
2008.03.20 07:53:45.081,1.5626,1.56275,0.30,0.20
2008.03.20 07:53:45.340,1.5626,1.5627,0.30,0.40
2008.03.20 07:53:45.600,1.5626,1.5627,0.30,0.40
2008.03.20 07:53:45.861,1.5625,1.5627,0.30,0.40
2008.03.20 07:53:46.149,1.5625,1.5627,0.30,0.40
2008.03.20 07:53:46.439,1.5625,1.5627,0.30,0.60
2008.03.20 07:53:46.727,1.5625,1.5627,0.30,0.40
2008.03.20 07:53:46.982,1.5625,1.56275,0.30,0.50
2008.03.20 07:53:47.237,1.5625,1.56275,0.30,0.50
2008.03.20 07:53:47.491,1.5625,1.56275,0.30,0.50
2008.03.20 07:53:47.745,1.5625,1.56275,0.30,0.50
2008.03.20 07:53:48.075,1.5625,1.56275,0.30,0.50
2008.03.20 07:53:48.417,1.5625,1.5627,0.30,0.40
2008.03.20 07:53:48.746,1.5625,1.56275,0.30,0.50
2008.03.20 07:53:49.075,1.5625,1.56275,0.30,0.30
2008.03.20 07:53:49.316,1.5625,1.56275,0.30,0.30
2008.03.20 07:53:49.557,1.56245,1.5626,4.80,0.40
2008.03.20 07:53:49.796,1.56245,1.5626,17.10,0.40
2008.03.20 07:53:50.131,1.5625,1.5627,0.30,0.40
2008.03.20 07:53:50.465,1.5625,1.5627,0.30,0.60
2008.03.20 07:53:50.800,1.5625,1.5627,0.30,0.40
2008.03.20 07:53:51.048,1.5625,1.56275,0.30,0.50
2008.03.20 07:53:51.298,1.5625,1.5627,0.60,0.40
2008.03.20 07:53:51.548,1.5625,1.5627,0.30,0.40
2008.03.20 07:53:51.798,1.5625,1.5627,0.30,0.40
2008.03.20 07:53:52.116,1.5625,1.5627,0.30,0.40
2008.03.20 07:53:52.436,1.5625,1.5627,0.30,0.40
2008.03.20 07:53:52.761,1.5625,1.56275,0.30,0.30
2008.03.20 07:53:53.055,1.5625,1.56275,0.30,0.30
2008.03.20 07:53:53.334,1.5625,1.56275,0.30,0.30
2008.03.20 07:53:53.612,1.5625,1.56275,0.30,0.30
2008.03.20 07:53:53.893,1.5625,1.56275,0.30,0.30
2008.03.20 07:53:54.171,1.5625,1.56275,0.30,0.30
2008.03.20 07:53:54.450,1.5625,1.56275,0.30,0.30
2008.03.20 07:53:54.730,1.5625,1.56275,0.30,0.30
2008.03.20 07:53:55.008,1.5625,1.56275,0.30,0.30
2008.03.20 07:53:55.283,1.5625,1.5627,0.30,0.40
2008.03.20 07:53:55.557,1.5625,1.56275,0.30,0.30
2008.03.20 07:53:55.832,1.5625,1.56275,0.30,0.30
2008.03.20 07:53:56.105,1.5625,1.56275,0.30,0.30
2008.03.20 07:53:56.394,1.5625,1.56275,0.30,0.30
2008.03.20 07:53:56.683,1.5625,1.56275,0.30,0.30
2008.03.20 07:53:56.971,1.5625,1.56275,0.30,0.30
2008.03.20 07:53:57.230,1.5625,1.56275,0.30,0.30
2008.03.20 07:53:57.489,1.5625,1.56275,0.30,0.30
2008.03.20 07:53:57.748,1.5625,1.56275,0.60,0.30
2008.03.20 07:53:58.010,1.5625,1.56275,0.60,0.30
2008.03.20 07:53:58.329,1.5625,1.56275,0.60,0.30
2008.03.20 07:53:58.649,1.5625,1.56275,8.80,0.30
2008.03.20 07:53:58.969,1.5625,1.56275,0.30,0.30
2008.03.20 07:53:59.223,1.5625,1.56275,0.30,0.30
2008.03.20 07:53:59.478,1.5625,1.56275,0.60,0.30
2008.03.20 07:53:59.744,1.5625,1.56275,0.60,0.30
2008.03.20 07:53:59.999,1.5625,1.56275,0.60,0.30
2008.03.20 07:54:00.273,1.5625,1.56275,0.30,0.30
2008.03.20 07:54:00.547,1.5625,1.56275,0.30,0.30
2008.03.20 07:54:00.821,1.5625,1.5627,0.30,0.40
2008.03.20 07:54:01.096,1.5625,1.56275,8.20,0.50
2008.03.20 07:54:01.397,1.5625,1.5627,0.30,0.40
2008.03.20 07:54:01.688,1.5625,1.56275,0.30,0.30
2008.03.20 07:54:01.977,1.5625,1.56275,0.30,0.30
2008.03.20 07:54:02.246,1.5625,1.56275,0.30,0.30
2008.03.20 07:54:02.515,1.5625,1.56275,0.30,0.30
2008.03.20 07:54:02.783,1.5625,1.56275,0.30,0.30
2008.03.20 07:54:03.053,1.5625,1.56275,0.30,0.30
2008.03.20 07:54:03.333,1.5625,1.56275,0.30,0.30
2008.03.20 07:54:03.612,1.5625,1.56275,0.30,0.30
2008.03.20 07:54:03.891,1.5625,1.56275,0.30,0.30
2008.03.20 07:54:04.172,1.5625,1.5628,0.50,0.70
2008.03.20 07:54:04.432,1.5626,1.5628,0.30,0.70
2008.03.20 07:54:04.706,1.5626,1.5628,0.30,0.70
2008.03.20 07:54:04.951,1.5626,1.5628,0.30,0.70
2008.03.20 07:54:05.209,1.5626,1.5628,0.30,0.70
2008.03.20 07:54:05.491,1.5626,1.5628,0.30,0.50
2008.03.20 07:54:05.772,1.5626,1.5628,0.30,0.70
2008.03.20 07:54:06.052,1.5626,1.5628,0.30,0.30
2008.03.20 07:54:06.311,1.5626,1.5628,0.30,0.30
2008.03.20 07:54:06.571,1.56275,1.56285,0.40,4.00
2008.03.20 07:54:06.831,1.56275,1.56305,4.50,0.30
2008.03.20 07:54:07.090,1.56275,1.56305,4.50,0.30
2008.03.20 07:54:07.405,1.5628,1.5631,0.50,0.30
2008.03.20 07:54:07.721,1.5628,1.5631,0.50,0.30
2008.03.20 07:54:08.034,1.5628,1.5631,0.50,0.30
2008.03.20 07:54:08.307,1.5628,1.5631,0.50,0.30
2008.03.20 07:54:08.581,1.5628,1.56305,0.30,0.30
2008.03.20 07:54:08.856,1.5628,1.56305,0.30,0.30
2008.03.20 07:54:09.131,1.5628,1.5631,0.50,0.30
2008.03.20 07:54:09.415,1.5628,1.5631,0.50,0.30
2008.03.20 07:54:09.699,1.5628,1.5631,0.50,0.30
2008.03.20 07:54:09.997,1.5628,1.5631,8.50,0.30
2008.03.20 07:54:10.296,1.5628,1.5631,8.80,0.30
2008.03.20 07:54:10.597,1.5628,1.5631,8.50,0.30
2008.03.20 07:54:10.895,1.5628,1.5631,0.50,0.30
2008.03.20 07:54:11.194,1.5628,1.5631,0.50,0.30
2008.03.20 07:54:11.444,1.5628,1.5631,0.50,0.30
2008.03.20 07:54:11.693,1.5628,1.5631,0.50,0.30
2008.03.20 07:54:11.941,1.5628,1.5631,0.50,0.30
2008.03.20 07:54:12.189,1.5628,1.5631,0.50,0.30
2008.03.20 07:54:12.495,1.5628,1.5631,0.50,0.30
2008.03.20 07:54:12.811,1.5628,1.5631,0.50,0.30
2008.03.20 07:54:13.114,1.5628,1.5631,0.50,0.30
2008.03.20 07:54:13.397,1.5628,1.5631,0.50,0.30
2008.03.20 07:54:13.682,1.56285,1.56315,0.40,4.20
2008.03.20 07:54:13.967,1.56285,1.5631,4.20,0.30
2008.03.20 07:54:14.252,1.5629,1.5631,0.30,0.30
2008.03.20 07:54:14.533,1.5629,1.56315,0.30,0.30
2008.03.20 07:54:14.812,1.5629,1.5632,0.50,0.60
2008.03.20 07:54:15.092,1.56285,1.56305,4.20,0.30
2008.03.20 07:54:15.386,1.5629,1.5631,0.30,0.60
2008.03.20 07:54:15.691,1.5629,1.5631,0.30,0.60
2008.03.20 07:54:15.985,1.5629,1.5631,0.30,0.60
2008.03.20 07:54:16.290,1.5629,1.5631,0.30,0.60
2008.03.20 07:54:16.534,1.5629,1.5631,0.30,0.60
2008.03.20 07:54:16.790,1.5629,1.5631,0.30,0.60
2008.03.20 07:54:17.055,1.5629,1.5631,0.30,0.60
2008.03.20 07:54:17.319,1.5629,1.5631,0.30,0.60
2008.03.20 07:54:17.617,1.5629,1.5631,0.30,0.60
2008.03.20 07:54:17.926,1.5629,1.5631,0.30,0.60
2008.03.20 07:54:18.236,1.5629,1.5631,0.30,0.60
2008.03.20 07:54:18.516,1.5629,1.5631,0.30,0.60
2008.03.20 07:54:18.786,1.563,1.56315,0.30,4.00
2008.03.20 07:54:19.067,1.56295,1.5632,13.10,0.60
2008.03.20 07:54:19.337,1.563,1.5633,0.80,0.70
2008.03.20 07:54:19.632,1.56305,1.56335,0.40,4.40
2008.03.20 07:54:19.926,1.56305,1.56335,4.30,0.50
2008.03.20 07:54:20.221,1.56305,1.56335,5.10,0.50
2008.03.20 07:54:20.495,1.56305,1.56335,5.10,0.50
2008.03.20 07:54:20.769,1.56305,1.5633,5.10,0.40
2008.03.20 07:54:21.043,1.56305,1.5633,5.10,0.40
2008.03.20 07:54:21.319,1.56305,1.5633,5.10,0.40
2008.03.20 07:54:21.608,1.56305,1.56325,0.80,0.30
2008.03.20 07:54:21.898,1.56305,1.5632,0.80,0.40
2008.03.20 07:54:22.186,1.56305,1.5632,0.80,0.40
2008.03.20 07:54:22.455,1.56305,1.5632,0.80,0.40
2008.03.20 07:54:22.724,1.56305,1.5632,0.80,0.40
2008.03.20 07:54:22.995,1.56305,1.5632,0.80,0.40
2008.03.20 07:54:23.264,1.56305,1.5632,0.80,0.40
2008.03.20 07:54:23.558,1.56305,1.5632,0.80,0.40
2008.03.20 07:54:23.851,1.56305,1.5632,0.80,0.40
2008.03.20 07:54:24.145,1.56305,1.5632,0.80,0.40
2008.03.20 07:54:24.421,1.56305,1.5632,5.60,0.40
2008.03.20 07:54:24.697,1.56305,1.5632,1.80,0.40
2008.03.20 07:54:24.971,1.56305,1.5632,1.60,0.40
2008.03.20 07:54:25.246,1.56305,1.5632,0.80,0.40
2008.03.20 07:54:25.514,1.56305,1.5632,0.80,0.40
2008.03.20 07:54:25.784,1.56305,1.5632,0.80,0.40
2008.03.20 07:54:26.052,1.56305,1.5632,0.80,0.40
2008.03.20 07:54:26.324,1.563,1.5631,0.30,0.40
2008.03.20 07:54:26.610,1.563,1.5631,0.30,0.40
2008.03.20 07:54:26.893,1.563,1.5631,0.30,0.40
2008.03.20 07:54:27.178,1.563,1.5631,0.30,0.40
2008.03.20 07:54:27.477,1.563,1.5631,0.30,0.40
2008.03.20 07:54:27.776,1.563,1.5631,0.30,0.40
2008.03.20 07:54:28.076,1.563,1.5631,0.30,0.40
2008.03.20 07:54:28.375,1.563,1.5631,0.30,0.40
2008.03.20 07:54:28.640,1.563,1.5632,0.30,0.60
2008.03.20 07:54:28.905,1.563,1.5632,0.30,0.60
2008.03.20 07:54:29.168,1.563,1.5632,0.30,0.60
2008.03.20 07:54:29.441,1.563,1.5632,0.30,0.60
2008.03.20 07:54:29.740,1.563,1.5632,0.30,0.60
2008.03.20 07:54:30.040,1.563,1.5632,0.30,0.60
2008.03.20 07:54:30.340,1.56295,1.5631,0.30,0.40
2008.03.20 07:54:30.614,1.56295,1.5631,0.30,0.40
2008.03.20 07:54:30.900,1.56295,1.5631,0.30,0.60
2008.03.20 07:54:31.186,1.5629,1.563,1.00,0.40
2008.03.20 07:54:31.462,1.5628,1.563,1.00,0.40
2008.03.20 07:54:31.718,1.5628,1.563,0.30,0.40
2008.03.20 07:54:31.974,1.5628,1.563,0.30,0.40
2008.03.20 07:54:32.228,1.5628,1.563,0.30,0.40
2008.03.20 07:54:32.482,1.5628,1.5629,0.30,0.30
2008.03.20 07:54:32.798,1.5627,1.56295,1.60,4.00
2008.03.20 07:54:33.114,1.5628,1.563,8.40,0.30
2008.03.20 07:54:33.428,1.5628,1.563,8.40,0.30
2008.03.20 07:54:33.718,1.5628,1.563,0.30,0.30
2008.03.20 07:54:34.008,1.5628,1.56295,0.30,0.30
2008.03.20 07:54:34.297,1.5627,1.56295,4.40,0.30
2008.03.20 07:54:34.586,1.5627,1.56295,4.40,0.30
2008.03.20 07:54:34.840,1.5627,1.56295,4.40,0.30
2008.03.20 07:54:35.096,1.5627,1.5629,4.20,0.30
2008.03.20 07:54:35.352,1.5627,1.5629,0.30,0.30
2008.03.20 07:54:35.607,1.5627,1.5629,0.30,0.30
2008.03.20 07:54:35.905,1.5627,1.5629,8.20,0.30
2008.03.20 07:54:36.200,1.56275,1.5629,4.00,0.30
2008.03.20 07:54:36.497,1.56275,1.5629,4.00,0.30
2008.03.20 07:54:36.792,1.56285,1.5629,4.00,0.30
2008.03.20 07:54:37.080,1.56275,1.5629,4.00,0.40
2008.03.20 07:54:37.368,1.56275,1.5628,4.00,0.30
2008.03.20 07:54:37.656,1.5627,1.56275,0.80,0.40
2008.03.20 07:54:37.939,1.56255,1.56275,8.00,0.40
2008.03.20 07:54:38.235,1.5626,1.56275,0.50,4.00
2008.03.20 07:54:38.530,1.5627,1.56285,0.30,0.80
2008.03.20 07:54:38.826,1.5627,1.5628,0.30,0.40
2008.03.20 07:54:39.089,1.5627,1.5628,0.30,0.40
2008.03.20 07:54:39.354,1.5627,1.5628,0.30,0.40
2008.03.20 07:54:39.629,1.5627,1.5628,0.30,0.40
2008.03.20 07:54:39.892,1.5627,1.5628,0.30,0.40
2008.03.20 07:54:40.194,1.5627,1.5628,0.30,0.40
2008.03.20 07:54:40.493,1.5627,1.5628,0.30,0.40
2008.03.20 07:54:40.793,1.5627,1.5628,0.30,0.40
2008.03.20 07:54:41.070,1.5627,1.5628,0.30,0.40
2008.03.20 07:54:41.361,1.5627,1.5628,0.30,0.40
2008.03.20 07:54:41.638,1.5627,1.5628,0.30,0.40
2008.03.20 07:54:41.916,1.5627,1.5628,0.30,0.40
2008.03.20 07:54:42.199,1.56265,1.56275,4.00,0.30
2008.03.20 07:54:42.481,1.5627,1.56275,0.30,0.30
2008.03.20 07:54:42.773,1.5626,1.5628,4.20,0.30
2008.03.20 07:54:43.081,1.5626,1.5628,4.20,0.30
2008.03.20 07:54:43.390,1.5626,1.5628,4.20,0.30
2008.03.20 07:54:43.699,1.5626,1.5628,4.20,0.30
2008.03.20 07:54:44.010,1.56265,1.5628,4.00,0.30
2008.03.20 07:54:44.271,1.5626,1.5627,0.30,0.40
2008.03.20 07:54:44.532,1.5626,1.5627,0.30,0.40
2008.03.20 07:54:44.794,1.56255,1.5627,4.80,0.40
2008.03.20 07:54:45.055,1.5626,1.5627,0.30,0.40
2008.03.20 07:54:45.355,1.5626,1.5627,0.30,0.40
2008.03.20 07:54:45.654,1.5626,1.5627,0.30,0.40
2008.03.20 07:54:45.954,1.5626,1.5627,0.30,0.40
2008.03.20 07:54:46.204,1.5626,1.5627,0.30,0.40
2008.03.20 07:54:46.454,1.5626,1.5627,0.30,0.40
2008.03.20 07:54:46.703,1.5626,1.5627,0.30,0.40
2008.03.20 07:54:46.952,1.5626,1.5627,0.30,0.40
2008.03.20 07:54:47.269,1.5626,1.5627,0.30,0.40
2008.03.20 07:54:47.582,1.5626,1.5627,0.30,0.40
2008.03.20 07:54:47.898,1.5626,1.5627,0.30,0.40
2008.03.20 07:54:48.177,1.5626,1.5628,0.30,0.70
2008.03.20 07:54:48.458,1.5626,1.5627,0.30,0.40
2008.03.20 07:54:48.737,1.5626,1.5627,0.30,0.40
2008.03.20 07:54:49.016,1.5626,1.5627,0.30,0.40
2008.03.20 07:54:49.285,1.5626,1.5627,0.30,0.40
2008.03.20 07:54:49.555,1.5626,1.5627,0.30,0.40
2008.03.20 07:54:49.830,1.5626,1.5627,0.30,0.40
2008.03.20 07:54:50.103,1.5626,1.5627,0.30,0.40
2008.03.20 07:54:50.404,1.5626,1.5627,0.30,0.40
2008.03.20 07:54:50.703,1.5626,1.5627,0.30,0.40
2008.03.20 07:54:51.003,1.5626,1.5627,0.30,0.40
2008.03.20 07:54:51.275,1.5626,1.5627,0.30,0.40
2008.03.20 07:54:51.520,1.5626,1.5627,0.30,0.40
2008.03.20 07:54:51.797,1.56255,1.5627,4.80,0.40
2008.03.20 07:54:52.054,1.5626,1.5627,0.30,0.40
2008.03.20 07:54:52.352,1.56255,1.5627,8.80,0.40
2008.03.20 07:54:52.646,1.56255,1.5627,4.80,0.40
2008.03.20 07:54:52.940,1.56255,1.5627,4.80,0.40
2008.03.20 07:54:53.234,1.5626,1.5627,0.30,0.40
2008.03.20 07:54:53.563,1.56255,1.5627,4.80,0.40
2008.03.20 07:54:53.892,1.56255,1.5627,4.80,0.40
2008.03.20 07:54:54.221,1.56255,1.5627,4.80,0.40
2008.03.20 07:54:54.440,1.56255,1.5627,4.80,0.40
2008.03.20 07:54:54.658,1.56255,1.5627,4.80,0.40
2008.03.20 07:54:54.878,1.56255,1.5627,4.80,0.40
2008.03.20 07:54:55.110,1.5626,1.5627,0.30,0.40
2008.03.20 07:54:55.417,1.56255,1.5627,4.80,0.40
2008.03.20 07:54:55.731,1.56255,1.5627,4.80,0.40
2008.03.20 07:54:56.047,1.56255,1.5627,4.80,0.40
2008.03.20 07:54:56.309,1.56255,1.5627,4.80,0.40
2008.03.20 07:54:56.569,1.56255,1.5627,4.80,0.40
2008.03.20 07:54:56.825,1.56255,1.5627,4.80,0.40
2008.03.20 07:54:57.085,1.56255,1.5627,4.80,0.40
2008.03.20 07:54:57.350,1.56255,1.5626,4.00,0.30
2008.03.20 07:54:57.617,1.56245,1.5626,0.80,0.30
2008.03.20 07:54:57.880,1.5623,1.5626,0.50,0.30
2008.03.20 07:54:58.144,1.5623,1.5626,0.50,0.30
2008.03.20 07:54:58.453,1.5623,1.5626,0.50,0.30
2008.03.20 07:54:58.761,1.5623,1.5626,0.50,0.30
2008.03.20 07:54:59.070,1.5623,1.5626,0.50,0.30
2008.03.20 07:54:59.379,1.5623,1.5626,0.50,0.30
2008.03.20 07:54:59.643,1.5623,1.5626,0.50,0.30
2008.03.20 07:54:59.907,1.5623,1.5626,0.50,0.30
2008.03.20 07:55:00.171,1.5623,1.5626,0.50,0.30
2008.03.20 07:55:00.415,1.5623,1.5626,0.50,0.30
2008.03.20 07:55:00.661,1.5623,1.5626,0.50,0.30
2008.03.20 07:55:00.904,1.5623,1.5626,0.50,0.30
2008.03.20 07:55:01.149,1.5623,1.5626,0.50,0.30
2008.03.20 07:55:01.439,1.5623,1.5626,0.50,0.30
2008.03.20 07:55:01.736,1.5623,1.56255,0.30,0.30
2008.03.20 07:55:02.026,1.5623,1.56255,0.30,0.30
2008.03.20 07:55:02.316,1.56225,1.56255,4.50,0.30
2008.03.20 07:55:02.584,1.56225,1.56255,4.50,0.30
2008.03.20 07:55:02.853,1.56225,1.56255,4.50,0.30
2008.03.20 07:55:03.123,1.56225,1.56255,4.50,0.30
2008.03.20 07:55:03.403,1.56225,1.56255,4.50,0.30
2008.03.20 07:55:03.744,1.56225,1.56255,4.50,0.30
2008.03.20 07:55:04.072,1.56225,1.56255,4.50,0.30
2008.03.20 07:55:04.401,1.5623,1.5626,0.40,0.30
2008.03.20 07:55:04.619,1.56225,1.56255,4.50,0.30
2008.03.20 07:55:04.850,1.56225,1.56255,4.50,0.30
2008.03.20 07:55:05.057,1.56225,1.56255,4.50,0.30
2008.03.20 07:55:05.277,1.56225,1.56255,4.50,0.30
2008.03.20 07:55:05.495,1.56225,1.56255,4.50,0.30
2008.03.20 07:55:05.809,1.56225,1.56255,4.50,0.30
2008.03.20 07:55:06.124,1.56225,1.5625,4.20,0.30
2008.03.20 07:55:06.437,1.56235,1.56255,0.40,4.00
2008.03.20 07:55:06.702,1.56235,1.56255,0.40,4.00
2008.03.20 07:55:06.967,1.56235,1.5626,4.30,0.20
2008.03.20 07:55:07.230,1.56235,1.5626,4.30,0.20
2008.03.20 07:55:07.497,1.56235,1.5626,4.30,0.20
2008.03.20 07:55:07.789,1.56235,1.5626,4.30,0.20
2008.03.20 07:55:08.072,1.56235,1.5626,4.30,0.20
2008.03.20 07:55:08.364,1.56235,1.5626,4.30,0.20
2008.03.20 07:55:08.700,1.56235,1.5626,4.30,0.20
2008.03.20 07:55:09.034,1.56235,1.5626,4.30,0.20
2008.03.20 07:55:09.369,1.56235,1.5626,4.30,0.20
2008.03.20 07:55:09.589,1.56235,1.5626,4.30,0.20
2008.03.20 07:55:09.808,1.56235,1.5626,4.30,0.20
2008.03.20 07:55:10.028,1.5623,1.5626,0.40,0.50
2008.03.20 07:55:10.248,1.5623,1.5626,0.40,0.50
2008.03.20 07:55:10.467,1.5623,1.5626,0.40,0.50
2008.03.20 07:55:10.801,1.5623,1.5626,0.50,0.50
2008.03.20 07:55:11.146,1.5623,1.5626,0.40,0.50
2008.03.20 07:55:11.477,1.5623,1.5626,0.40,0.50
2008.03.20 07:55:11.733,1.5623,1.5626,0.40,0.50
2008.03.20 07:55:11.955,1.5623,1.5626,0.40,0.50
2008.03.20 07:55:12.193,1.5623,1.5626,0.40,0.50
2008.03.20 07:55:12.432,1.5623,1.5626,0.40,0.50
2008.03.20 07:55:12.670,1.5623,1.5626,0.40,0.50
2008.03.20 07:55:12.998,1.5623,1.5626,0.40,0.50
2008.03.20 07:55:13.328,1.5623,1.5626,0.40,0.50
2008.03.20 07:55:13.656,1.5623,1.5626,0.40,0.50
2008.03.20 07:55:13.910,1.5623,1.5626,0.40,0.50
2008.03.20 07:55:14.164,1.56225,1.5625,4.20,0.30
2008.03.20 07:55:14.418,1.56225,1.5625,4.20,0.30
2008.03.20 07:55:14.674,1.5624,1.56255,0.40,4.00
2008.03.20 07:55:14.985,1.56245,1.5626,4.00,0.40
2008.03.20 07:55:15.294,1.56235,1.56265,5.10,2.00
2008.03.20 07:55:15.604,1.56235,1.5626,4.00,0.70
2008.03.20 07:55:15.849,1.56235,1.5626,4.00,0.50
2008.03.20 07:55:16.095,1.5623,1.5626,0.50,0.50
2008.03.20 07:55:16.339,1.5623,1.5626,0.40,0.50
2008.03.20 07:55:16.582,1.5623,1.5626,0.40,0.50
2008.03.20 07:55:16.880,1.5623,1.5626,0.40,0.50
2008.03.20 07:55:17.180,1.5624,1.5626,0.80,0.50
2008.03.20 07:55:17.479,1.5623,1.5626,0.40,0.50
2008.03.20 07:55:17.779,1.56235,1.5626,4.00,0.30
2008.03.20 07:55:18.033,1.56235,1.56265,4.30,0.50
2008.03.20 07:55:18.289,1.56235,1.56265,4.30,0.50
2008.03.20 07:55:18.544,1.56235,1.56265,4.30,0.50
2008.03.20 07:55:18.808,1.56235,1.56265,4.30,0.50
2008.03.20 07:55:19.132,1.56235,1.56265,4.30,0.50
2008.03.20 07:55:19.457,1.56235,1.56265,4.30,0.50
2008.03.20 07:55:19.782,1.56235,1.56265,4.30,0.50
2008.03.20 07:55:20.019,1.56235,1.56265,4.30,0.50
2008.03.20 07:55:20.259,1.56235,1.56265,4.30,0.50
2008.03.20 07:55:20.498,1.56235,1.56265,4.30,0.50
2008.03.20 07:55:20.738,1.56235,1.56265,4.50,0.50
2008.03.20 07:55:21.054,1.5625,1.5627,8.20,0.20
2008.03.20 07:55:21.380,1.56235,1.56265,8.50,0.30
2008.03.20 07:55:21.695,1.56235,1.56265,8.50,0.30
2008.03.20 07:55:22.008,1.56235,1.5626,4.20,0.30
2008.03.20 07:55:22.299,1.56235,1.5626,4.20,0.30
2008.03.20 07:55:22.589,1.56235,1.5626,4.20,0.30
2008.03.20 07:55:22.878,1.56235,1.56265,4.50,0.30
2008.03.20 07:55:23.138,1.56235,1.5626,4.20,0.30
2008.03.20 07:55:23.398,1.56235,1.5626,4.00,0.30
2008.03.20 07:55:23.657,1.56235,1.5626,4.00,0.30
2008.03.20 07:55:23.921,1.56235,1.5626,4.00,0.30
2008.03.20 07:55:24.246,1.56235,1.56265,4.30,0.50
2008.03.20 07:55:24.571,1.5624,1.56265,0.30,0.30
2008.03.20 07:55:24.875,1.5624,1.56265,0.30,0.30
2008.03.20 07:55:25.123,1.5624,1.56265,0.60,0.30
2008.03.20 07:55:25.357,1.5624,1.56265,0.60,0.30
2008.03.20 07:55:25.590,1.5624,1.56265,0.60,0.30
2008.03.20 07:55:25.824,1.5625,1.56265,0.30,0.30
2008.03.20 07:55:26.145,1.5625,1.56265,0.30,0.30
2008.03.20 07:55:26.465,1.5625,1.5627,0.30,0.30
2008.03.20 07:55:26.784,1.5625,1.5627,0.30,0.30
2008.03.20 07:55:27.105,1.5625,1.5627,0.30,0.30
2008.03.20 07:55:27.334,1.56245,1.5627,0.30,0.60
2008.03.20 07:55:27.564,1.56245,1.5627,0.30,0.60
2008.03.20 07:55:27.792,1.56245,1.5627,0.30,0.60
2008.03.20 07:55:28.021,1.56245,1.5627,0.30,0.60
2008.03.20 07:55:28.332,1.5626,1.56275,9.00,4.00
2008.03.20 07:55:28.642,1.5625,1.56275,0.30,4.40
2008.03.20 07:55:28.953,1.56245,1.5627,12.00,0.70
2008.03.20 07:55:29.238,1.56245,1.56265,0.80,0.30
2008.03.20 07:55:29.530,1.56245,1.56265,1.00,0.30
2008.03.20 07:55:29.815,1.5625,1.56275,8.80,8.20
2008.03.20 07:55:30.100,1.5627,1.56275,0.40,4.80
2008.03.20 07:55:30.375,1.5626,1.56275,0.30,0.80
2008.03.20 07:55:30.649,1.5625,1.56275,8.40,4.20
2008.03.20 07:55:30.925,1.5625,1.56275,8.20,0.30
2008.03.20 07:55:31.214,1.5625,1.56275,0.30,0.30
2008.03.20 07:55:31.504,1.56245,1.5627,4.20,0.30
2008.03.20 07:55:31.794,1.5624,1.5627,8.80,0.60
2008.03.20 07:55:32.084,1.5624,1.56265,0.60,0.30
2008.03.20 07:55:32.334,1.56235,1.56265,12.50,0.30
2008.03.20 07:55:32.584,1.56235,1.56265,4.50,0.50
2008.03.20 07:55:32.833,1.56235,1.5626,4.30,0.20
2008.03.20 07:55:33.084,1.56235,1.5626,4.00,0.50
2008.03.20 07:55:33.418,1.5623,1.5626,0.40,0.30
2008.03.20 07:55:33.752,1.5623,1.5626,0.40,0.30
2008.03.20 07:55:34.087,1.5623,1.56255,0.30,0.30
2008.03.20 07:55:34.322,1.56225,1.56255,4.50,0.30
2008.03.20 07:55:34.556,1.56235,1.5626,0.40,0.20
2008.03.20 07:55:34.791,1.56235,1.5626,4.30,0.20
2008.03.20 07:55:35.025,1.56235,1.5626,4.00,0.50
2008.03.20 07:55:35.346,1.56235,1.5626,4.00,0.30
2008.03.20 07:55:35.665,1.56235,1.56265,4.30,2.80
2008.03.20 07:55:35.998,1.5625,1.5626,0.30,0.20
2008.03.20 07:55:36.271,1.5625,1.56265,0.30,4.10
2008.03.20 07:55:36.531,1.5625,1.56265,0.30,4.10
2008.03.20 07:55:36.800,1.5625,1.56265,0.30,0.20
2008.03.20 07:55:37.071,1.5625,1.56265,0.30,0.20
2008.03.20 07:55:37.338,1.5625,1.56265,0.30,0.20
2008.03.20 07:55:37.608,1.5625,1.5626,0.30,0.40
2008.03.20 07:55:37.878,1.5624,1.5626,9.30,0.40
2008.03.20 07:55:38.148,1.5625,1.5626,0.30,0.40
2008.03.20 07:55:38.483,1.5625,1.5626,0.30,0.40
2008.03.20 07:55:38.820,1.5625,1.5626,0.30,0.40
2008.03.20 07:55:39.163,1.5625,1.56265,0.30,0.20
2008.03.20 07:55:39.408,1.5625,1.5626,0.30,0.40
2008.03.20 07:55:39.653,1.5625,1.5626,0.30,0.40
2008.03.20 07:55:39.897,1.5625,1.5626,0.30,0.40
2008.03.20 07:55:40.141,1.5625,1.5627,0.30,0.70
2008.03.20 07:55:40.460,1.5625,1.5627,0.30,0.70
2008.03.20 07:55:40.781,1.5625,1.5626,0.30,0.40
2008.03.20 07:55:41.101,1.5625,1.5627,0.30,0.60
2008.03.20 07:55:41.356,1.5625,1.5627,0.30,0.60
2008.03.20 07:55:41.611,1.5625,1.5627,0.30,0.60
2008.03.20 07:55:41.864,1.5625,1.5627,0.30,0.60
2008.03.20 07:55:42.119,1.5625,1.5627,0.30,0.60
2008.03.20 07:55:42.418,1.5625,1.5627,0.30,0.60
2008.03.20 07:55:42.717,1.5625,1.5627,0.30,0.60
2008.03.20 07:55:43.017,1.5625,1.5627,0.30,0.60
2008.03.20 07:55:43.316,1.5625,1.5627,0.30,0.60
2008.03.20 07:55:43.615,1.5625,1.5627,0.30,0.60
2008.03.20 07:55:43.915,1.5625,1.5627,0.30,0.60
2008.03.20 07:55:44.213,1.5625,1.5627,0.30,0.60
2008.03.20 07:55:44.477,1.5625,1.5627,0.30,0.60
2008.03.20 07:55:44.741,1.5625,1.5627,0.30,0.60
2008.03.20 07:55:45.005,1.5625,1.5627,0.30,0.60
2008.03.20 07:55:45.269,1.5625,1.5627,0.30,0.60
2008.03.20 07:55:45.543,1.5625,1.5627,0.30,0.60
2008.03.20 07:55:45.816,1.5625,1.5627,0.30,0.60
2008.03.20 07:55:46.090,1.5625,1.5627,0.30,0.60
2008.03.20 07:55:46.363,1.5625,1.5627,0.30,0.60
2008.03.20 07:55:46.606,1.5625,1.5627,0.30,0.60
2008.03.20 07:55:46.850,1.5625,1.5627,0.30,0.60
2008.03.20 07:55:47.093,1.5625,1.5627,0.30,0.60
2008.03.20 07:55:47.336,1.5625,1.5627,0.30,0.60
2008.03.20 07:55:47.640,1.5625,1.5627,0.30,0.60
2008.03.20 07:55:47.944,1.5625,1.5627,0.30,0.60
2008.03.20 07:55:48.249,1.5625,1.5627,0.30,0.60
2008.03.20 07:55:48.534,1.5625,1.5627,0.30,0.60
2008.03.20 07:55:48.818,1.5625,1.5627,0.30,0.60
2008.03.20 07:55:49.102,1.5625,1.5627,0.30,0.60
2008.03.20 07:55:49.392,1.5625,1.5627,0.30,0.60
2008.03.20 07:55:49.652,1.5625,1.5627,0.30,0.60
2008.03.20 07:55:49.912,1.5625,1.5627,0.30,0.60
2008.03.20 07:55:50.170,1.5625,1.5627,0.30,0.60
2008.03.20 07:55:50.430,1.5625,1.5627,0.30,0.60
2008.03.20 07:55:50.713,1.5625,1.5627,0.30,0.60
2008.03.20 07:55:50.997,1.5625,1.5627,0.30,0.60
2008.03.20 07:55:51.282,1.5625,1.5627,0.30,0.60
2008.03.20 07:55:51.565,1.5625,1.5627,0.30,0.60
2008.03.20 07:55:51.849,1.5625,1.5627,0.30,0.60
2008.03.20 07:55:52.133,1.5625,1.5627,0.30,0.60
2008.03.20 07:55:52.417,1.5625,1.5627,0.30,0.60
2008.03.20 07:55:52.676,1.5625,1.5627,0.30,0.60
2008.03.20 07:55:52.937,1.5625,1.5627,0.30,0.60
2008.03.20 07:55:53.186,1.5625,1.5627,0.30,0.60
2008.03.20 07:55:53.435,1.5625,1.5627,0.30,0.60
2008.03.20 07:55:53.744,1.5625,1.5627,0.30,0.60
2008.03.20 07:55:54.054,1.5625,1.5627,0.30,0.60
2008.03.20 07:55:54.363,1.5625,1.5627,0.30,0.60
2008.03.20 07:55:54.673,1.5625,1.5627,0.30,0.60
2008.03.20 07:55:54.907,1.5625,1.5627,0.30,0.60
2008.03.20 07:55:55.141,1.5625,1.5627,0.30,0.60
2008.03.20 07:55:55.375,1.5625,1.5627,0.30,0.60
2008.03.20 07:55:55.610,1.5625,1.5627,0.30,0.60
2008.03.20 07:55:55.910,1.5625,1.5627,0.30,0.60
2008.03.20 07:55:56.211,1.5625,1.56275,0.30,4.40
2008.03.20 07:55:56.511,1.5625,1.56275,0.30,0.50
2008.03.20 07:55:56.753,1.5625,1.56275,0.30,0.50
2008.03.20 07:55:56.991,1.5625,1.56275,0.30,0.50
2008.03.20 07:55:57.230,1.5625,1.5627,0.30,0.20
2008.03.20 07:55:57.472,1.5625,1.5627,0.30,0.20
2008.03.20 07:55:57.726,1.5625,1.5627,0.30,0.20
2008.03.20 07:55:58.071,1.5625,1.5627,0.30,0.20
2008.03.20 07:55:58.415,1.5625,1.5627,0.30,0.20
2008.03.20 07:55:58.759,1.5625,1.5627,0.30,0.20
2008.03.20 07:55:59.009,1.5625,1.5627,0.30,0.20
2008.03.20 07:55:59.239,1.5625,1.5627,0.30,0.20
2008.03.20 07:55:59.480,1.5625,1.5627,0.30,0.20
2008.03.20 07:55:59.720,1.5625,1.5627,0.30,0.20
2008.03.20 07:56:00.014,1.5625,1.56275,8.20,0.50
2008.03.20 07:56:00.309,1.5625,1.56275,8.20,0.50
2008.03.20 07:56:00.604,1.5625,1.56275,8.20,0.50
2008.03.20 07:56:00.852,1.5625,1.56275,8.20,0.50
2008.03.20 07:56:01.101,1.5625,1.56275,8.20,0.50
2008.03.20 07:56:01.350,1.5625,1.56275,8.20,0.50
2008.03.20 07:56:01.609,1.5625,1.56275,8.20,0.50
2008.03.20 07:56:01.857,1.5625,1.56275,8.20,0.50
2008.03.20 07:56:02.149,1.5625,1.56275,8.20,0.50
2008.03.20 07:56:02.438,1.5625,1.56275,8.20,0.50
2008.03.20 07:56:02.727,1.5625,1.56275,8.20,0.50
2008.03.20 07:56:02.996,1.5625,1.5627,8.20,0.30
2008.03.20 07:56:03.267,1.5625,1.5627,0.30,0.30
2008.03.20 07:56:03.537,1.5625,1.5627,0.30,0.30
2008.03.20 07:56:03.806,1.5625,1.56275,8.20,4.40
2008.03.20 07:56:04.105,1.5625,1.56275,8.20,0.50
2008.03.20 07:56:04.404,1.5625,1.56275,9.00,0.50
2008.03.20 07:56:04.705,1.5625,1.5627,0.30,0.40
2008.03.20 07:56:04.979,1.5625,1.5627,0.30,0.40
2008.03.20 07:56:05.253,1.5625,1.5627,0.30,0.40
2008.03.20 07:56:05.527,1.5625,1.56275,0.30,0.50
2008.03.20 07:56:05.802,1.5625,1.5627,0.30,0.40
2008.03.20 07:56:06.061,1.5625,1.5627,0.30,0.40
2008.03.20 07:56:06.320,1.5625,1.5627,0.30,0.40
2008.03.20 07:56:06.580,1.5625,1.5627,0.30,0.40
2008.03.20 07:56:06.839,1.5625,1.5627,0.30,0.60
2008.03.20 07:56:07.141,1.5625,1.5627,0.30,0.70
2008.03.20 07:56:07.439,1.5625,1.5627,0.30,0.70
2008.03.20 07:56:07.738,1.5625,1.5627,0.30,0.70
2008.03.20 07:56:07.982,1.5625,1.5627,0.30,0.70
2008.03.20 07:56:08.226,1.5625,1.5627,0.30,0.70
2008.03.20 07:56:08.471,1.5625,1.5627,0.30,0.70
2008.03.20 07:56:08.715,1.5625,1.5626,0.30,0.40
2008.03.20 07:56:09.030,1.5625,1.56265,0.30,4.00
2008.03.20 07:56:09.344,1.5625,1.5627,0.30,0.60
2008.03.20 07:56:09.658,1.5625,1.5627,0.30,0.60
2008.03.20 07:56:09.972,1.5625,1.5627,0.30,0.60
2008.03.20 07:56:10.238,1.5625,1.5627,0.30,0.60
2008.03.20 07:56:10.490,1.5625,1.5627,0.30,0.60
2008.03.20 07:56:10.745,1.5625,1.5627,0.30,0.60
2008.03.20 07:56:11.046,1.5625,1.5627,0.30,0.60
2008.03.20 07:56:11.351,1.5625,1.5627,0.30,0.60
2008.03.20 07:56:11.633,1.5625,1.5627,0.30,0.60
2008.03.20 07:56:11.929,1.5625,1.5627,0.30,0.20
2008.03.20 07:56:12.189,1.5625,1.5627,0.30,0.20
2008.03.20 07:56:12.449,1.5625,1.5627,0.30,0.60
2008.03.20 07:56:12.707,1.5625,1.5627,0.30,0.60
2008.03.20 07:56:12.965,1.5625,1.5627,0.30,0.60
2008.03.20 07:56:13.247,1.5625,1.5627,0.30,0.60
2008.03.20 07:56:13.526,1.5625,1.5627,0.30,0.60
2008.03.20 07:56:13.804,1.5625,1.5627,0.30,0.60
2008.03.20 07:56:14.104,1.5625,1.5627,0.30,0.60
2008.03.20 07:56:14.403,1.5625,1.5627,0.30,0.60
2008.03.20 07:56:14.701,1.5625,1.5627,0.30,0.60
2008.03.20 07:56:15.001,1.5625,1.5627,0.30,0.60
2008.03.20 07:56:15.260,1.5625,1.5627,0.30,0.60
2008.03.20 07:56:15.519,1.5625,1.5627,0.30,0.60
2008.03.20 07:56:15.779,1.5625,1.5627,0.30,0.60
2008.03.20 07:56:16.038,1.5625,1.5627,0.30,0.60
2008.03.20 07:56:16.321,1.5625,1.5627,0.30,0.60
2008.03.20 07:56:16.605,1.5625,1.5627,0.30,0.60
2008.03.20 07:56:16.888,1.5625,1.5627,0.30,0.60
2008.03.20 07:56:17.163,1.5625,1.5627,0.30,0.60
2008.03.20 07:56:17.437,1.5625,1.5627,0.30,0.60
2008.03.20 07:56:17.711,1.5625,1.5627,0.30,0.60
2008.03.20 07:56:17.984,1.5625,1.5627,0.30,0.60
2008.03.20 07:56:18.227,1.5625,1.5627,0.30,0.60
2008.03.20 07:56:18.473,1.5625,1.5627,0.30,0.60
2008.03.20 07:56:18.717,1.5625,1.5627,0.30,0.60
2008.03.20 07:56:18.961,1.5625,1.5627,0.30,0.60
2008.03.20 07:56:19.285,1.5625,1.5627,0.30,0.60
2008.03.20 07:56:19.609,1.5625,1.5627,0.30,0.60
2008.03.20 07:56:19.934,1.5625,1.5626,0.30,0.30
2008.03.20 07:56:20.173,1.5624,1.5626,1.00,0.30
2008.03.20 07:56:20.409,1.56235,1.56265,0.40,4.40
2008.03.20 07:56:20.643,1.56235,1.56265,4.30,0.50
2008.03.20 07:56:20.876,1.56235,1.56265,4.30,0.50
2008.03.20 07:56:21.171,1.56235,1.56265,4.30,0.50
2008.03.20 07:56:21.478,1.56235,1.56255,4.00,0.30
2008.03.20 07:56:21.777,1.5623,1.5626,0.50,0.30
2008.03.20 07:56:22.076,1.5623,1.5625,0.30,0.60
2008.03.20 07:56:22.350,1.5623,1.5625,0.30,0.60
2008.03.20 07:56:22.622,1.5623,1.5625,0.30,0.60
2008.03.20 07:56:22.892,1.5623,1.5625,0.30,0.60
2008.03.20 07:56:23.158,1.5623,1.5625,0.30,0.60
2008.03.20 07:56:23.417,1.5623,1.5625,0.30,0.60
2008.03.20 07:56:23.677,1.5623,1.5625,0.30,0.60
2008.03.20 07:56:23.936,1.5623,1.5625,0.30,0.60
2008.03.20 07:56:24.235,1.5623,1.5625,0.30,0.60
2008.03.20 07:56:24.534,1.5623,1.5625,0.30,0.60
2008.03.20 07:56:24.834,1.5623,1.5625,0.30,0.60
2008.03.20 07:56:25.134,1.5623,1.5625,0.30,0.60
2008.03.20 07:56:25.385,1.5623,1.5625,0.30,0.60
2008.03.20 07:56:25.636,1.5623,1.5625,0.30,0.60
2008.03.20 07:56:25.885,1.5623,1.5625,0.30,0.60
2008.03.20 07:56:26.144,1.5623,1.5625,0.30,0.60
2008.03.20 07:56:26.408,1.5623,1.5625,0.30,0.60
2008.03.20 07:56:26.674,1.5623,1.5625,0.30,0.60
2008.03.20 07:56:26.940,1.5623,1.5625,0.30,0.60
2008.03.20 07:56:27.199,1.5623,1.5625,0.30,0.60
2008.03.20 07:56:27.457,1.56225,1.5625,0.30,0.60
2008.03.20 07:56:27.717,1.56225,1.5625,0.30,0.60
2008.03.20 07:56:27.975,1.5623,1.5625,0.30,0.60
2008.03.20 07:56:28.255,1.5623,1.5625,0.30,0.60
2008.03.20 07:56:28.533,1.5623,1.5625,0.30,0.60
2008.03.20 07:56:28.811,1.5623,1.5625,0.30,0.60
2008.03.20 07:56:29.090,1.5623,1.5625,0.30,0.60
2008.03.20 07:56:29.403,1.5623,1.5625,0.30,0.60
2008.03.20 07:56:29.712,1.5623,1.5625,0.30,0.60
2008.03.20 07:56:30.022,1.5623,1.5625,0.30,0.60
2008.03.20 07:56:33.938,1.5623,1.56255,8.20,0.30
2008.03.20 07:56:34.025,1.5623,1.5625,0.30,0.40
2008.03.20 07:56:34.106,1.5623,1.5625,0.30,0.40
2008.03.20 07:56:34.191,1.5623,1.5625,0.30,0.40
2008.03.20 07:56:34.284,1.5623,1.5625,0.30,0.40
2008.03.20 07:56:34.367,1.5623,1.5625,0.30,0.40
2008.03.20 07:56:34.462,1.5623,1.5625,0.30,0.40
2008.03.20 07:56:34.543,1.5623,1.5625,0.30,0.40
2008.03.20 07:56:34.629,1.5623,1.5625,0.30,0.40
2008.03.20 07:56:34.714,1.5623,1.5625,0.30,0.40
2008.03.20 07:56:36.326,1.5623,1.5625,0.30,0.40
2008.03.20 07:56:36.654,1.5623,1.5625,0.30,0.40
2008.03.20 07:56:36.983,1.5623,1.5625,0.30,0.40
2008.03.20 07:56:37.291,1.5623,1.5625,0.30,0.40
2008.03.20 07:56:37.592,1.5623,1.5625,0.30,0.40
2008.03.20 07:56:37.891,1.5623,1.5625,0.30,0.40
2008.03.20 07:56:38.191,1.5623,1.5625,0.30,0.60
2008.03.20 07:56:38.492,1.5623,1.5625,0.30,0.40
2008.03.20 07:56:38.736,1.5623,1.5625,0.30,0.40
2008.03.20 07:56:38.982,1.5623,1.5625,0.30,0.40
2008.03.20 07:56:39.229,1.5623,1.5625,0.30,0.40
2008.03.20 07:56:39.472,1.5623,1.5625,0.30,0.40
2008.03.20 07:56:39.762,1.5623,1.5625,0.30,0.40
2008.03.20 07:56:40.052,1.5623,1.5625,0.30,0.40
2008.03.20 07:56:40.340,1.5623,1.5625,0.30,0.40
2008.03.20 07:56:40.629,1.5623,1.5625,0.30,0.40
2008.03.20 07:56:40.899,1.5623,1.5625,0.30,0.40
2008.03.20 07:56:41.168,1.5623,1.5625,0.60,0.40
2008.03.20 07:56:41.437,1.5623,1.5625,0.60,0.40
2008.03.20 07:56:41.710,1.56235,1.5624,4.20,0.30
2008.03.20 07:56:42.016,1.5623,1.5624,1.00,0.40
2008.03.20 07:56:42.321,1.5623,1.5625,0.30,0.60
2008.03.20 07:56:42.628,1.5622,1.5624,1.20,0.60
2008.03.20 07:56:42.881,1.56215,1.5624,4.80,0.60
2008.03.20 07:56:43.131,1.56215,1.5624,0.80,0.60
2008.03.20 07:56:43.383,1.5621,1.5624,0.80,0.60
2008.03.20 07:56:43.632,1.5622,1.5624,0.40,0.40
2008.03.20 07:56:43.962,1.5622,1.5624,8.30,0.40
2008.03.20 07:56:44.291,1.5622,1.56235,8.00,0.30
2008.03.20 07:56:44.622,1.56215,1.56235,1.60,0.30
2008.03.20 07:56:44.845,1.5622,1.56235,0.80,0.30
2008.03.20 07:56:45.071,1.5622,1.56235,0.80,0.30
2008.03.20 07:56:45.295,1.56205,1.56235,4.50,0.30
2008.03.20 07:56:45.519,1.56205,1.56235,4.50,0.30
2008.03.20 07:56:45.743,1.56205,1.56235,4.50,0.30
2008.03.20 07:56:46.073,1.56205,1.56235,4.50,0.30
2008.03.20 07:56:46.404,1.56205,1.56235,4.50,0.30
2008.03.20 07:56:46.739,1.56205,1.56235,4.50,0.30
2008.03.20 07:56:46.969,1.56205,1.56235,4.50,0.30
2008.03.20 07:56:47.177,1.5621,1.5624,0.40,0.70
2008.03.20 07:56:47.396,1.5621,1.5624,0.50,0.70
2008.03.20 07:56:47.617,1.5621,1.5624,8.80,0.70
2008.03.20 07:56:47.922,1.56215,1.5624,12.30,0.60
2008.03.20 07:56:48.226,1.5622,1.5623,0.30,0.40
2008.03.20 07:56:48.532,1.56225,1.5623,0.40,0.40
2008.03.20 07:56:48.837,1.56225,1.56245,4.00,0.30
2008.03.20 07:56:49.137,1.56215,1.56245,4.30,0.50
2008.03.20 07:56:49.438,1.56215,1.56235,4.30,0.20
2008.03.20 07:56:49.737,1.56215,1.56235,4.00,0.20
2008.03.20 07:56:49.982,1.5621,1.56235,0.40,0.20
2008.03.20 07:56:50.225,1.5621,1.56235,0.40,0.20
2008.03.20 07:56:50.482,1.5621,1.56235,0.40,0.20
2008.03.20 07:56:50.738,1.56205,1.56235,4.30,0.50
2008.03.20 07:56:51.042,1.56205,1.56235,4.30,0.50
2008.03.20 07:56:51.359,1.56205,1.56235,4.30,0.50
2008.03.20 07:56:51.675,1.56205,1.56235,4.30,0.50
2008.03.20 07:56:51.909,1.56215,1.56235,0.40,0.20
2008.03.20 07:56:52.153,1.56215,1.5624,8.30,0.70
2008.03.20 07:56:52.401,1.56215,1.5624,13.10,0.70
2008.03.20 07:56:52.647,1.56215,1.5624,12.80,0.70
2008.03.20 07:56:52.892,1.56215,1.5624,12.80,0.70
2008.03.20 07:56:53.176,1.56215,1.56235,4.80,4.00
2008.03.20 07:56:53.468,1.56215,1.5624,13.10,0.60
2008.03.20 07:56:53.753,1.5622,1.5624,0.30,0.40
2008.03.20 07:56:54.048,1.5622,1.5624,0.30,0.40
2008.03.20 07:56:54.352,1.5622,1.5624,0.30,0.40
2008.03.20 07:56:54.656,1.5622,1.56245,0.30,0.30
2008.03.20 07:56:54.951,1.5622,1.56245,0.30,0.30
2008.03.20 07:56:55.236,1.5622,1.5624,0.30,0.40
2008.03.20 07:56:55.520,1.5622,1.5624,0.30,0.40
2008.03.20 07:56:55.805,1.5622,1.5624,0.30,0.40
2008.03.20 07:56:56.065,1.5622,1.5624,0.30,0.40
2008.03.20 07:56:56.324,1.5623,1.56245,0.30,0.30
2008.03.20 07:56:56.583,1.5623,1.56245,0.30,0.30
2008.03.20 07:56:56.843,1.5623,1.56245,0.30,0.30
2008.03.20 07:56:57.136,1.5623,1.56245,0.30,0.30
2008.03.20 07:56:57.435,1.5623,1.56245,0.30,0.30
2008.03.20 07:56:57.729,1.5623,1.56245,0.30,0.30
2008.03.20 07:56:58.025,1.5623,1.56245,0.30,0.30
2008.03.20 07:56:58.299,1.5623,1.56245,0.30,0.30
2008.03.20 07:56:58.563,1.5623,1.56245,0.30,0.30
2008.03.20 07:56:58.826,1.5623,1.56245,0.30,0.30
2008.03.20 07:56:59.111,1.5622,1.5624,0.30,0.40
2008.03.20 07:56:59.395,1.5622,1.5624,0.60,0.40
2008.03.20 07:56:59.679,1.5622,1.5624,0.60,0.40
2008.03.20 07:56:59.962,1.5622,1.5624,0.60,0.40
2008.03.20 07:57:00.256,1.5622,1.5624,0.60,0.40
2008.03.20 07:57:00.550,1.5622,1.5624,0.60,0.40
2008.03.20 07:57:00.843,1.5622,1.5624,0.60,0.40
2008.03.20 07:57:01.062,1.5622,1.56245,0.60,0.30
2008.03.20 07:57:01.282,1.56215,1.56235,9.10,3.20
2008.03.20 07:57:01.502,1.56215,1.5623,4.00,0.30
2008.03.20 07:57:01.721,1.5621,1.5623,0.30,0.30
2008.03.20 07:57:01.941,1.5621,1.5623,0.30,0.30
2008.03.20 07:57:02.277,1.5621,1.56225,0.30,0.30
2008.03.20 07:57:02.611,1.5621,1.5623,0.60,0.40
2008.03.20 07:57:02.946,1.5621,1.56235,0.60,0.30
2008.03.20 07:57:03.172,1.5621,1.56235,0.30,0.30
2008.03.20 07:57:03.396,1.5621,1.56235,0.30,0.30
2008.03.20 07:57:03.622,1.5621,1.56235,0.30,0.30
2008.03.20 07:57:03.849,1.5622,1.5624,0.40,0.40
2008.03.20 07:57:04.073,1.56215,1.56245,4.50,0.30
2008.03.20 07:57:04.393,1.56215,1.56245,4.50,0.50
2008.03.20 07:57:04.712,1.56215,1.56245,4.50,0.50
2008.03.20 07:57:05.031,1.56215,1.56245,4.50,0.50
2008.03.20 07:57:05.275,1.56215,1.56245,4.50,0.50
2008.03.20 07:57:05.520,1.5622,1.56245,0.40,0.20
2008.03.20 07:57:05.763,1.5622,1.5625,0.40,0.50
2008.03.20 07:57:06.007,1.5623,1.5625,0.30,0.50
2008.03.20 07:57:06.301,1.5623,1.5625,0.30,0.50
2008.03.20 07:57:06.595,1.5623,1.5625,0.30,0.50
2008.03.20 07:57:06.889,1.5623,1.5625,0.30,0.30
2008.03.20 07:57:07.183,1.5623,1.5625,0.30,0.30
2008.03.20 07:57:07.461,1.5623,1.5625,0.30,0.30
2008.03.20 07:57:07.740,1.5623,1.5625,0.30,0.30
2008.03.20 07:57:08.021,1.5623,1.5625,0.30,0.30
2008.03.20 07:57:08.302,1.56235,1.56255,12.00,4.00
2008.03.20 07:57:08.561,1.56235,1.56255,16.30,4.00
2008.03.20 07:57:08.832,1.5625,1.56275,0.30,10.00
2008.03.20 07:57:09.103,1.56245,1.5626,0.30,0.30
2008.03.20 07:57:09.392,1.56245,1.5626,0.30,0.30
2008.03.20 07:57:09.682,1.56245,1.5626,0.30,0.30
2008.03.20 07:57:09.970,1.56245,1.5626,0.30,0.30
2008.03.20 07:57:10.254,1.56245,1.5626,0.30,0.30
2008.03.20 07:57:10.540,1.5625,1.56265,0.30,0.30
2008.03.20 07:57:10.825,1.5625,1.56265,0.30,0.30
2008.03.20 07:57:11.109,1.5625,1.56265,0.30,0.30
2008.03.20 07:57:11.353,1.5625,1.56265,0.30,0.30
2008.03.20 07:57:11.606,1.5625,1.56265,0.30,0.30
2008.03.20 07:57:11.847,1.5625,1.56265,0.30,0.30
2008.03.20 07:57:12.093,1.5625,1.56265,0.30,0.30
2008.03.20 07:57:12.388,1.56245,1.56265,4.20,0.30
2008.03.20 07:57:12.682,1.5625,1.56265,0.30,0.30
2008.03.20 07:57:12.978,1.5623,1.56255,0.60,4.20
2008.03.20 07:57:13.263,1.5624,1.56265,0.30,1.00
2008.03.20 07:57:13.547,1.5624,1.56265,0.30,1.00
2008.03.20 07:57:13.831,1.5624,1.56265,0.30,0.30
2008.03.20 07:57:14.115,1.5624,1.56265,0.30,0.30
2008.03.20 07:57:14.400,1.5624,1.56265,0.30,0.30
2008.03.20 07:57:14.684,1.5624,1.56265,0.30,0.30
2008.03.20 07:57:14.980,1.5624,1.56265,0.80,0.30
2008.03.20 07:57:15.265,1.5624,1.56265,0.30,0.30
2008.03.20 07:57:15.540,1.5624,1.56265,0.50,0.30
2008.03.20 07:57:15.815,1.5624,1.56265,0.80,0.30
2008.03.20 07:57:16.089,1.5624,1.56265,0.80,0.30
2008.03.20 07:57:16.362,1.5624,1.56265,0.80,0.30
2008.03.20 07:57:16.637,1.5624,1.56265,0.80,0.30
2008.03.20 07:57:16.911,1.5624,1.56265,0.80,0.30
2008.03.20 07:57:18.689,1.5624,1.56265,0.60,0.30
2008.03.20 07:57:18.747,1.5624,1.56265,0.60,0.30
2008.03.20 07:57:18.815,1.5624,1.5627,0.80,0.60
2008.03.20 07:57:18.851,1.5624,1.5627,0.80,0.60
2008.03.20 07:57:18.874,1.5624,1.5627,0.80,0.60
2008.03.20 07:57:20.487,1.5625,1.5627,0.40,0.40
2008.03.20 07:57:20.696,1.5625,1.56275,0.40,4.00
2008.03.20 07:57:20.945,1.5625,1.56275,0.40,4.00
2008.03.20 07:57:21.160,1.56245,1.5627,0.30,0.30
2008.03.20 07:57:21.389,1.5625,1.56275,0.40,4.00
2008.03.20 07:57:21.623,1.5625,1.56275,0.40,4.00
2008.03.20 07:57:21.957,1.5625,1.56275,0.40,4.00
2008.03.20 07:57:22.292,1.5625,1.56275,0.40,4.00
2008.03.20 07:57:22.629,1.5625,1.56265,0.30,0.30
2008.03.20 07:57:22.839,1.5625,1.5626,0.30,0.30
2008.03.20 07:57:23.050,1.56245,1.5626,0.30,0.30
2008.03.20 07:57:23.260,1.5624,1.56265,0.50,4.00
2008.03.20 07:57:23.470,1.5625,1.56265,0.40,4.00
2008.03.20 07:57:23.681,1.5625,1.56265,0.40,4.00
2008.03.20 07:57:24.017,1.56245,1.56265,0.50,4.00
2008.03.20 07:57:24.353,1.56245,1.56265,0.50,4.00
2008.03.20 07:57:24.687,1.5625,1.56265,0.40,4.00
2008.03.20 07:57:24.912,1.5625,1.56265,0.40,4.00
2008.03.20 07:57:25.140,1.56245,1.56265,0.30,4.00
2008.03.20 07:57:25.359,1.56245,1.56265,0.30,4.00
2008.03.20 07:57:25.580,1.56245,1.56265,0.30,4.20
2008.03.20 07:57:25.800,1.56245,1.56265,0.30,4.20
2008.03.20 07:57:26.135,1.56245,1.56265,0.30,4.20
2008.03.20 07:57:26.471,1.56245,1.56265,0.30,4.00
2008.03.20 07:57:26.808,1.5625,1.56265,0.30,4.20
2008.03.20 07:57:27.037,1.5625,1.56265,0.30,0.30
2008.03.20 07:57:27.261,1.5624,1.56265,0.60,0.30
2008.03.20 07:57:27.487,1.5624,1.56265,0.60,0.30
2008.03.20 07:57:27.711,1.56245,1.56265,0.30,0.30
2008.03.20 07:57:27.935,1.56245,1.56265,0.30,0.30
2008.03.20 07:57:28.269,1.56245,1.56265,0.30,0.30
2008.03.20 07:57:28.603,1.56245,1.56265,0.30,0.30
2008.03.20 07:57:28.937,1.56245,1.56265,0.30,0.30
2008.03.20 07:57:29.191,1.56245,1.56265,0.30,0.30
2008.03.20 07:57:29.446,1.56245,1.56265,0.30,0.30
2008.03.20 07:57:29.701,1.56245,1.56265,0.30,0.30
2008.03.20 07:57:29.964,1.56245,1.56265,0.30,0.30
2008.03.20 07:57:30.269,1.5624,1.5626,0.60,0.30
2008.03.20 07:57:30.554,1.5624,1.5626,0.60,0.30
2008.03.20 07:57:30.848,1.5624,1.5626,0.60,0.30
2008.03.20 07:57:31.112,1.5624,1.5626,0.60,0.30
2008.03.20 07:57:31.377,1.5624,1.5626,0.60,0.30
2008.03.20 07:57:31.640,1.5624,1.5626,0.60,0.30
2008.03.20 07:57:31.904,1.5624,1.5626,0.60,0.30
2008.03.20 07:57:32.178,1.5624,1.5626,0.60,0.30
2008.03.20 07:57:32.452,1.5624,1.5626,0.60,0.30
2008.03.20 07:57:32.727,1.5624,1.5626,0.60,0.30
2008.03.20 07:57:33.000,1.5624,1.5626,0.60,0.30
2008.03.20 07:57:33.265,1.5624,1.5626,0.60,0.30
2008.03.20 07:57:33.529,1.5624,1.5626,0.60,0.30
2008.03.20 07:57:33.792,1.5624,1.5626,0.60,0.30
2008.03.20 07:57:34.055,1.5624,1.5626,0.60,0.30
2008.03.20 07:57:34.365,1.5624,1.5626,0.60,0.30
2008.03.20 07:57:34.674,1.5624,1.5626,0.60,0.30
2008.03.20 07:57:34.996,1.5624,1.56265,1.20,4.20
2008.03.20 07:57:35.198,1.5624,1.56265,1.20,4.20
2008.03.20 07:57:35.413,1.5624,1.56265,1.20,0.30
2008.03.20 07:57:35.627,1.5624,1.56265,1.20,0.30
2008.03.20 07:57:35.840,1.5624,1.56265,1.20,0.30
2008.03.20 07:57:36.063,1.5624,1.56265,1.20,0.30
2008.03.20 07:57:36.397,1.5624,1.56265,1.20,0.30
2008.03.20 07:57:36.732,1.5624,1.56265,1.20,0.30
2008.03.20 07:57:37.065,1.5624,1.56265,1.20,0.30
2008.03.20 07:57:37.280,1.5624,1.56265,1.20,0.30
2008.03.20 07:57:37.493,1.5624,1.56265,1.20,0.30
2008.03.20 07:57:37.707,1.5624,1.56265,1.20,0.30
2008.03.20 07:57:37.921,1.5624,1.56265,1.20,0.30
2008.03.20 07:57:38.135,1.5624,1.56265,1.20,0.30
2008.03.20 07:57:38.470,1.56245,1.5627,0.30,0.60
2008.03.20 07:57:38.805,1.56245,1.5627,0.30,0.60
2008.03.20 07:57:39.138,1.56245,1.5627,0.30,0.60
2008.03.20 07:57:39.387,1.56245,1.5627,0.30,0.60
2008.03.20 07:57:39.636,1.56245,1.5627,0.30,0.60
2008.03.20 07:57:39.885,1.56245,1.5627,0.30,0.60
2008.03.20 07:57:40.134,1.56245,1.5627,0.30,0.60
2008.03.20 07:57:40.424,1.56245,1.5627,0.30,0.60
2008.03.20 07:57:40.713,1.56245,1.5627,0.30,0.60
2008.03.20 07:57:41.013,1.56245,1.5627,0.30,0.60
2008.03.20 07:57:41.290,1.56245,1.5627,0.30,0.60
2008.03.20 07:57:41.565,1.56245,1.5627,0.30,0.60
2008.03.20 07:57:41.839,1.56245,1.5627,0.30,0.60
2008.03.20 07:57:42.112,1.56245,1.5627,0.30,0.60
2008.03.20 07:57:42.347,1.56245,1.5627,0.30,0.60
2008.03.20 07:57:42.575,1.56245,1.5627,0.30,0.60
2008.03.20 07:57:42.804,1.56245,1.5627,0.30,0.60
2008.03.20 07:57:43.031,1.56245,1.5627,0.30,0.60
2008.03.20 07:57:43.260,1.56245,1.5627,0.30,0.60
2008.03.20 07:57:43.570,1.56245,1.5627,0.30,0.60
2008.03.20 07:57:43.879,1.56245,1.5627,0.30,0.60
2008.03.20 07:57:44.189,1.56245,1.5627,0.30,0.60
2008.03.20 07:57:44.459,1.5625,1.5627,0.30,0.30
2008.03.20 07:57:44.729,1.5625,1.5627,0.60,0.30
2008.03.20 07:57:45.007,1.5625,1.5627,0.60,0.30
2008.03.20 07:57:45.275,1.5625,1.5627,0.60,0.30
2008.03.20 07:57:45.534,1.5625,1.5627,0.60,0.30
2008.03.20 07:57:45.792,1.5625,1.5627,0.60,0.30
2008.03.20 07:57:46.052,1.5625,1.5627,0.30,0.30
2008.03.20 07:57:46.312,1.5625,1.5627,0.30,0.30
2008.03.20 07:57:46.581,1.5625,1.5627,0.30,0.30
2008.03.20 07:57:46.849,1.5625,1.5627,0.30,0.30
2008.03.20 07:57:47.118,1.5625,1.5627,0.30,0.30
2008.03.20 07:57:47.387,1.5625,1.5627,0.30,0.30
2008.03.20 07:57:47.651,1.5625,1.5627,0.30,0.30
2008.03.20 07:57:47.916,1.5625,1.5627,0.30,0.30
2008.03.20 07:57:48.180,1.5625,1.5627,0.30,0.30
2008.03.20 07:57:48.444,1.5625,1.5627,0.30,0.30
2008.03.20 07:57:48.743,1.5625,1.5627,0.30,0.30
2008.03.20 07:57:49.042,1.5625,1.5627,0.30,0.30
2008.03.20 07:57:49.350,1.5625,1.5627,0.30,0.30
2008.03.20 07:57:49.585,1.5625,1.5627,0.30,0.30
2008.03.20 07:57:49.830,1.5625,1.5627,0.30,0.30
2008.03.20 07:57:50.074,1.5625,1.5627,0.30,0.30
2008.03.20 07:57:50.319,1.5625,1.5627,0.30,0.30
2008.03.20 07:57:50.563,1.56245,1.5627,0.30,0.30
2008.03.20 07:57:50.855,1.5625,1.56275,0.60,4.20
2008.03.20 07:57:51.144,1.56255,1.56275,0.30,4.00
2008.03.20 07:57:51.436,1.5625,1.5628,1.60,0.60
2008.03.20 07:57:51.696,1.5625,1.5628,1.60,0.60
2008.03.20 07:57:51.960,1.5625,1.56275,1.20,0.30
2008.03.20 07:57:52.230,1.56255,1.56275,0.30,0.30
2008.03.20 07:57:52.479,1.56255,1.56275,0.30,0.30
2008.03.20 07:57:52.757,1.56255,1.56275,0.30,0.30
2008.03.20 07:57:53.038,1.56255,1.56275,0.30,0.30
2008.03.20 07:57:53.316,1.56255,1.56275,0.30,0.30
2008.03.20 07:57:53.596,1.56255,1.56275,0.30,0.30
2008.03.20 07:57:53.896,1.56255,1.56275,0.30,0.30
2008.03.20 07:57:54.195,1.5625,1.56275,1.20,0.30
2008.03.20 07:57:54.494,1.5625,1.56275,1.20,0.30
2008.03.20 07:57:54.748,1.5625,1.56275,1.20,0.30
2008.03.20 07:57:55.003,1.5625,1.56275,1.20,0.30
2008.03.20 07:57:55.258,1.5625,1.56275,1.20,0.30
2008.03.20 07:57:55.513,1.5625,1.56275,1.20,0.30
2008.03.20 07:57:55.777,1.5625,1.56275,1.20,0.30
2008.03.20 07:57:56.044,1.5625,1.56275,1.20,0.30
2008.03.20 07:57:56.315,1.5625,1.56275,1.20,0.30
2008.03.20 07:57:56.589,1.5625,1.56275,1.20,0.30
2008.03.20 07:57:56.901,1.5625,1.5627,0.60,0.40
2008.03.20 07:57:57.170,1.5625,1.5627,0.30,0.60
2008.03.20 07:57:57.460,1.56245,1.5627,0.30,0.60
2008.03.20 07:57:57.750,1.56245,1.5627,1.00,0.60
2008.03.20 07:57:58.020,1.56245,1.5627,0.30,0.60
2008.03.20 07:57:58.289,1.56245,1.5627,0.30,0.60
2008.03.20 07:57:58.560,1.56245,1.5627,0.30,0.60
2008.03.20 07:57:58.845,1.56245,1.5627,0.30,0.60
2008.03.20 07:57:59.128,1.56245,1.5627,0.30,0.60
2008.03.20 07:57:59.413,1.56245,1.5627,0.30,0.60
2008.03.20 07:57:59.697,1.56245,1.5627,0.30,0.60
2008.03.20 07:57:59.987,1.56245,1.5627,0.30,0.60
2008.03.20 07:58:00.286,1.56245,1.5627,0.30,0.60
2008.03.20 07:58:00.576,1.56245,1.5627,0.30,0.60
2008.03.20 07:58:00.807,1.56245,1.5627,0.30,0.60
2008.03.20 07:58:01.036,1.56245,1.5627,0.30,0.60
2008.03.20 07:58:01.266,1.56245,1.5627,0.30,0.60
2008.03.20 07:58:01.495,1.56245,1.5627,0.30,0.60
2008.03.20 07:58:01.723,1.56245,1.5627,0.30,0.60
2008.03.20 07:58:02.056,1.56245,1.5627,0.30,0.60
2008.03.20 07:58:02.391,1.56245,1.5627,0.30,0.60
2008.03.20 07:58:02.727,1.56245,1.5627,1.00,0.30
2008.03.20 07:58:02.945,1.56245,1.5627,1.00,0.30
2008.03.20 07:58:03.166,1.56245,1.56275,1.30,4.20
2008.03.20 07:58:03.385,1.5625,1.5627,0.30,0.60
2008.03.20 07:58:03.605,1.56245,1.5627,1.00,0.60
2008.03.20 07:58:03.940,1.56245,1.5627,1.00,0.30
2008.03.20 07:58:04.276,1.5625,1.56275,0.30,4.20
2008.03.20 07:58:04.610,1.5625,1.56275,0.30,4.20
2008.03.20 07:58:04.855,1.5625,1.56275,0.30,4.20
2008.03.20 07:58:05.099,1.5625,1.56275,0.30,4.20
2008.03.20 07:58:05.343,1.5625,1.56275,0.30,4.20
2008.03.20 07:58:05.587,1.5625,1.56275,0.30,4.20
2008.03.20 07:58:05.831,1.5625,1.56275,0.30,4.20
2008.03.20 07:58:06.141,1.5625,1.5627,0.30,0.60
2008.03.20 07:58:06.449,1.5625,1.5627,0.30,0.60
2008.03.20 07:58:06.758,1.5625,1.5627,0.30,0.60
2008.03.20 07:58:07.006,1.5625,1.5627,0.30,0.60
2008.03.20 07:58:07.256,1.5625,1.5627,0.30,0.60
2008.03.20 07:58:07.509,1.5625,1.5627,0.30,0.60
2008.03.20 07:58:07.757,1.5625,1.5627,0.30,0.60
2008.03.20 07:58:08.043,1.5625,1.5627,0.30,0.60
2008.03.20 07:58:08.327,1.5625,1.5627,0.30,0.60
2008.03.20 07:58:08.611,1.5625,1.5627,0.30,0.60
2008.03.20 07:58:08.895,1.5625,1.5627,0.30,0.60
2008.03.20 07:58:09.209,1.5625,1.5627,0.30,0.60
2008.03.20 07:58:09.524,1.5625,1.5627,0.30,0.60
2008.03.20 07:58:09.838,1.5625,1.5627,0.30,0.60
2008.03.20 07:58:10.081,1.5625,1.5627,0.30,0.60
2008.03.20 07:58:10.325,1.5625,1.5627,0.30,0.60
2008.03.20 07:58:10.578,1.5625,1.5627,0.30,0.60
2008.03.20 07:58:10.833,1.5625,1.5627,0.30,0.60
2008.03.20 07:58:11.123,1.5625,1.56275,0.80,4.00
2008.03.20 07:58:11.412,1.5625,1.56275,0.80,4.00
2008.03.20 07:58:11.701,1.5625,1.5627,0.60,0.30
2008.03.20 07:58:11.987,1.5625,1.5627,0.60,0.30
2008.03.20 07:58:12.283,1.5625,1.5627,0.60,0.30
2008.03.20 07:58:12.565,1.5625,1.5627,0.60,0.30
2008.03.20 07:58:12.850,1.5625,1.5627,0.60,0.30
2008.03.20 07:58:13.105,1.5625,1.5627,0.60,0.30
2008.03.20 07:58:13.358,1.5625,1.5627,0.60,0.30
2008.03.20 07:58:13.611,1.5625,1.5627,0.60,0.30
2008.03.20 07:58:13.867,1.5625,1.5627,0.60,0.30
2008.03.20 07:58:14.188,1.5625,1.5627,0.60,0.30
2008.03.20 07:58:14.507,1.5625,1.5627,0.60,0.30
2008.03.20 07:58:14.827,1.5625,1.5627,0.60,0.30
2008.03.20 07:58:15.062,1.5625,1.5627,0.60,0.30
2008.03.20 07:58:15.296,1.5625,1.5627,0.60,0.30
2008.03.20 07:58:15.532,1.5625,1.56275,0.80,4.00
2008.03.20 07:58:15.767,1.5625,1.56275,0.80,4.20
2008.03.20 07:58:16.092,1.5626,1.56275,0.30,4.20
2008.03.20 07:58:16.426,1.5625,1.56265,0.30,0.20
2008.03.20 07:58:16.752,1.5625,1.5627,0.30,0.70
2008.03.20 07:58:17.007,1.5625,1.5627,0.30,0.40
2008.03.20 07:58:17.261,1.5625,1.5627,0.30,0.40
2008.03.20 07:58:17.515,1.5625,1.5627,0.30,0.40
2008.03.20 07:58:17.769,1.5625,1.5627,0.30,0.40
2008.03.20 07:58:18.074,1.5625,1.5627,0.30,0.40
2008.03.20 07:58:18.379,1.5625,1.56275,0.30,0.30
2008.03.20 07:58:18.683,1.5625,1.5627,0.60,0.40
2008.03.20 07:58:18.988,1.5625,1.5627,0.30,0.40
2008.03.20 07:58:19.267,1.5625,1.5627,0.30,0.40
2008.03.20 07:58:19.548,1.5625,1.5627,0.30,0.40
2008.03.20 07:58:19.826,1.5625,1.5627,0.30,0.40
2008.03.20 07:58:20.121,1.5625,1.5627,0.30,0.40
2008.03.20 07:58:20.415,1.5625,1.5627,0.30,0.40
2008.03.20 07:58:20.709,1.5625,1.5627,0.30,0.40
2008.03.20 07:58:21.003,1.5625,1.5627,0.30,0.40
2008.03.20 07:58:21.253,1.5625,1.5627,0.30,0.40
2008.03.20 07:58:21.501,1.5625,1.5627,0.30,0.40
2008.03.20 07:58:21.749,1.5625,1.5627,0.30,0.40
2008.03.20 07:58:21.999,1.5625,1.5627,0.30,0.40
2008.03.20 07:58:22.298,1.5625,1.56275,0.60,0.30
2008.03.20 07:58:22.597,1.5625,1.5627,0.60,0.40
2008.03.20 07:58:22.896,1.5625,1.5627,0.30,0.40
2008.03.20 07:58:23.160,1.5625,1.5627,0.30,0.40
2008.03.20 07:58:23.428,1.5625,1.5627,0.30,0.40
2008.03.20 07:58:23.704,1.5625,1.5627,0.30,0.40
2008.03.20 07:58:23.978,1.5625,1.5627,0.30,0.40
2008.03.20 07:58:24.303,1.5625,1.5627,0.60,0.40
2008.03.20 07:58:24.626,1.5625,1.5627,0.60,0.40
2008.03.20 07:58:24.930,1.5625,1.5627,0.60,0.40
2008.03.20 07:58:25.175,1.5625,1.5627,0.60,0.40
2008.03.20 07:58:25.418,1.5625,1.5627,0.60,0.40
2008.03.20 07:58:25.663,1.5625,1.5627,0.60,0.40
2008.03.20 07:58:25.907,1.5625,1.5627,0.60,0.40
2008.03.20 07:58:26.207,1.5625,1.5627,0.60,0.40
2008.03.20 07:58:26.507,1.5625,1.5627,0.60,0.40
2008.03.20 07:58:26.806,1.5625,1.5627,0.60,0.40
2008.03.20 07:58:27.115,1.5625,1.5627,0.60,0.40
2008.03.20 07:58:27.371,1.5625,1.5627,0.60,0.40
2008.03.20 07:58:27.624,1.5625,1.5627,0.60,0.40
2008.03.20 07:58:27.879,1.5625,1.5627,0.60,0.40
2008.03.20 07:58:28.133,1.5625,1.5627,0.60,0.40
2008.03.20 07:58:28.412,1.5625,1.5627,0.60,0.40
2008.03.20 07:58:28.694,1.5625,1.56275,0.60,0.30
2008.03.20 07:58:28.973,1.5625,1.56275,0.60,0.30
2008.03.20 07:58:29.268,1.5625,1.56275,0.60,0.30
2008.03.20 07:58:29.564,1.5625,1.56275,0.60,0.30
2008.03.20 07:58:29.864,1.5625,1.56275,0.60,0.30
2008.03.20 07:58:30.170,1.5625,1.56275,0.60,0.30
2008.03.20 07:58:30.406,1.5625,1.56275,0.60,0.30
2008.03.20 07:58:30.656,1.5625,1.56275,0.60,0.30
2008.03.20 07:58:30.905,1.5625,1.56275,0.60,0.30
2008.03.20 07:58:31.153,1.5625,1.56275,0.60,0.30
2008.03.20 07:58:31.432,1.5625,1.56275,0.60,0.30
2008.03.20 07:58:31.711,1.5625,1.56275,0.60,0.30
2008.03.20 07:58:31.989,1.5625,1.56275,0.60,0.30
2008.03.20 07:58:32.242,1.5625,1.56275,0.60,0.30
2008.03.20 07:58:32.495,1.5625,1.56275,0.60,0.30
2008.03.20 07:58:32.748,1.5625,1.56275,0.60,0.30
2008.03.20 07:58:33.002,1.5626,1.56275,0.30,0.30
2008.03.20 07:58:33.282,1.5625,1.5627,0.30,0.40
2008.03.20 07:58:33.562,1.5625,1.56275,0.30,0.30
2008.03.20 07:58:33.842,1.5625,1.56275,0.60,0.30
2008.03.20 07:58:34.121,1.5625,1.56275,0.60,0.30
2008.03.20 07:58:34.426,1.5625,1.56275,0.60,0.30
2008.03.20 07:58:34.729,1.5625,1.56275,0.60,0.30
2008.03.20 07:58:35.032,1.5625,1.56275,0.60,0.30
2008.03.20 07:58:35.283,1.5625,1.56275,0.60,0.30
2008.03.20 07:58:35.533,1.5625,1.56275,0.60,0.30
2008.03.20 07:58:35.784,1.5625,1.56275,0.60,0.30
2008.03.20 07:58:36.037,1.5625,1.56275,0.60,0.30
2008.03.20 07:58:36.341,1.5625,1.56275,0.60,0.30
2008.03.20 07:58:36.635,1.5625,1.56275,0.60,0.30
2008.03.20 07:58:36.930,1.5625,1.56275,0.60,0.30
2008.03.20 07:58:37.225,1.5625,1.56275,0.60,0.30
2008.03.20 07:58:37.484,1.5625,1.56275,0.60,0.30
2008.03.20 07:58:37.744,1.5626,1.56275,0.30,0.30
2008.03.20 07:58:38.004,1.5625,1.56275,0.60,0.30
2008.03.20 07:58:38.264,1.5625,1.56275,0.60,0.30
2008.03.20 07:58:38.538,1.5625,1.56275,0.60,0.30
2008.03.20 07:58:38.811,1.5625,1.56275,0.60,0.30
2008.03.20 07:58:39.084,1.5625,1.56275,0.60,0.30
2008.03.20 07:58:39.394,1.5625,1.56275,0.60,0.30
2008.03.20 07:58:39.703,1.5625,1.56275,0.60,0.30
2008.03.20 07:58:40.013,1.5625,1.56275,0.60,0.30
2008.03.20 07:58:40.321,1.5625,1.56275,0.60,0.30
2008.03.20 07:58:40.544,1.5625,1.56275,0.60,0.30
2008.03.20 07:58:40.769,1.5625,1.56275,0.60,0.30
2008.03.20 07:58:40.993,1.5625,1.56275,0.60,0.30
2008.03.20 07:58:41.218,1.5625,1.56275,0.60,0.30
2008.03.20 07:58:41.533,1.5625,1.56275,0.60,0.30
2008.03.20 07:58:41.848,1.5625,1.56275,0.60,0.30
2008.03.20 07:58:42.162,1.5625,1.56275,0.60,0.30
2008.03.20 07:58:42.377,1.5625,1.56275,0.60,0.30
2008.03.20 07:58:42.591,1.5625,1.56275,0.60,0.30
2008.03.20 07:58:42.805,1.5625,1.56275,0.60,0.30
2008.03.20 07:58:43.020,1.5625,1.56275,0.60,0.30
2008.03.20 07:58:43.234,1.5625,1.56275,1.20,0.30
2008.03.20 07:58:43.569,1.5625,1.56275,0.60,4.20
2008.03.20 07:58:43.904,1.5625,1.56275,1.20,0.30
2008.03.20 07:58:44.239,1.5625,1.56275,1.20,0.30
2008.03.20 07:58:44.477,1.5625,1.56275,1.20,0.30
2008.03.20 07:58:44.716,1.5625,1.56275,1.20,0.30
2008.03.20 07:58:44.955,1.5625,1.56275,1.20,0.30
2008.03.20 07:58:45.194,1.5625,1.56275,1.20,0.30
2008.03.20 07:58:45.493,1.5625,1.56275,1.20,0.30
2008.03.20 07:58:45.791,1.5625,1.56275,1.20,0.30
2008.03.20 07:58:46.090,1.5625,1.56275,1.20,0.30
2008.03.20 07:58:46.391,1.5625,1.56275,1.20,0.30
2008.03.20 07:58:46.649,1.5625,1.56275,1.20,0.30
2008.03.20 07:58:46.907,1.5625,1.56275,1.20,0.30
2008.03.20 07:58:47.165,1.5625,1.56275,1.20,0.30
2008.03.20 07:58:47.424,1.5625,1.56275,1.20,0.30
2008.03.20 07:58:47.678,1.5625,1.56275,1.20,0.30
2008.03.20 07:58:47.932,1.5625,1.56275,1.20,0.30
2008.03.20 07:58:48.186,1.5625,1.56275,1.20,0.30
2008.03.20 07:58:48.456,1.5625,1.56275,1.20,0.30
2008.03.20 07:58:48.726,1.5625,1.56275,1.20,0.30
2008.03.20 07:58:48.995,1.5625,1.56275,1.20,0.30
2008.03.20 07:58:49.264,1.5625,1.56275,1.20,0.30
2008.03.20 07:58:49.533,1.5625,1.56275,1.20,0.30
2008.03.20 07:58:49.823,1.5625,1.56275,1.20,0.30
2008.03.20 07:58:50.111,1.5625,1.56275,1.20,0.30
2008.03.20 07:58:50.400,1.5625,1.56275,1.20,0.30
2008.03.20 07:58:50.659,1.5625,1.56275,1.20,0.30
2008.03.20 07:58:50.918,1.5625,1.56275,1.20,0.30
2008.03.20 07:58:51.176,1.5625,1.56275,1.20,0.30
2008.03.20 07:58:53.321,1.5625,1.56275,1.20,0.30
2008.03.20 07:58:53.354,1.56255,1.56275,5.00,0.30
2008.03.20 07:58:53.384,1.5626,1.56275,0.30,0.30
2008.03.20 07:58:53.455,1.5626,1.56275,0.30,0.30
2008.03.20 07:58:54.953,1.5626,1.56275,0.30,0.30
2008.03.20 07:58:55.107,1.56255,1.56275,5.00,2.60
2008.03.20 07:58:55.273,1.5625,1.5627,0.80,0.80
2008.03.20 07:58:55.437,1.5625,1.5627,0.80,1.60
2008.03.20 07:58:55.604,1.56255,1.5627,0.30,1.60
2008.03.20 07:58:55.769,1.5625,1.5627,0.50,0.80
2008.03.20 07:58:55.933,1.5625,1.5627,0.50,0.80
2008.03.20 07:58:56.267,1.5625,1.5627,0.50,0.80
2008.03.20 07:58:56.601,1.5625,1.5627,0.50,0.80
2008.03.20 07:58:56.935,1.5625,1.5627,0.50,0.80
2008.03.20 07:58:57.269,1.5625,1.5627,0.50,0.80
2008.03.20 07:58:57.497,1.5625,1.5627,0.50,0.80
2008.03.20 07:58:57.728,1.5625,1.5627,0.50,0.80
2008.03.20 07:58:57.969,1.5625,1.5627,0.50,0.80
2008.03.20 07:58:58.292,1.5625,1.5627,0.50,0.80
2008.03.20 07:58:58.605,1.5625,1.5627,0.50,0.80
2008.03.20 07:58:58.928,1.5625,1.5628,0.50,0.50
2008.03.20 07:58:59.258,1.5625,1.5627,0.30,0.80
2008.03.20 07:58:59.533,1.5625,1.5627,0.30,0.80
2008.03.20 07:58:59.811,1.5625,1.5627,0.30,1.00
2008.03.20 07:59:00.089,1.5625,1.5627,0.30,1.40
2008.03.20 07:59:00.381,1.5625,1.5627,0.60,1.00
2008.03.20 07:59:00.658,1.5625,1.5627,0.30,1.00
2008.03.20 07:59:00.937,1.5625,1.5627,0.30,1.00
2008.03.20 07:59:01.217,1.5625,1.5627,0.30,1.00
2008.03.20 07:59:01.520,1.5625,1.5627,0.30,1.00
2008.03.20 07:59:01.815,1.5625,1.5627,0.30,1.00
2008.03.20 07:59:02.109,1.5625,1.5627,0.30,1.00
2008.03.20 07:59:02.358,1.5625,1.5627,0.30,1.00
2008.03.20 07:59:02.608,1.5625,1.5627,0.30,1.00
2008.03.20 07:59:02.857,1.5625,1.5627,0.30,1.00
2008.03.20 07:59:03.107,1.5625,1.5627,0.30,1.00
2008.03.20 07:59:03.400,1.5625,1.5627,0.30,1.00
2008.03.20 07:59:03.694,1.5625,1.5627,0.30,1.00
2008.03.20 07:59:03.988,1.5625,1.5627,0.30,1.00
2008.03.20 07:59:04.282,1.5625,1.5627,0.30,1.00
2008.03.20 07:59:04.580,1.5625,1.5627,0.30,1.00
2008.03.20 07:59:04.879,1.5625,1.5627,0.30,1.00
2008.03.20 07:59:05.178,1.5625,1.5627,0.30,1.00
2008.03.20 07:59:05.433,1.5625,1.5627,0.30,1.40
2008.03.20 07:59:05.689,1.5625,1.5627,0.30,1.40
2008.03.20 07:59:05.943,1.5625,1.5627,0.30,1.40
2008.03.20 07:59:06.197,1.5625,1.5627,0.30,1.40
2008.03.20 07:59:06.492,1.5625,1.5627,0.30,1.40
2008.03.20 07:59:06.785,1.5625,1.5627,0.30,1.40
2008.03.20 07:59:07.079,1.5625,1.5627,0.30,1.40
2008.03.20 07:59:07.373,1.5625,1.5627,0.30,1.40
2008.03.20 07:59:07.622,1.5625,1.5627,0.30,1.40
2008.03.20 07:59:07.871,1.5625,1.5627,0.30,1.40
2008.03.20 07:59:08.121,1.5625,1.5627,0.30,1.40
2008.03.20 07:59:08.408,1.5625,1.5627,0.30,1.40
2008.03.20 07:59:08.693,1.5625,1.5627,0.30,1.40
2008.03.20 07:59:08.976,1.5625,1.5627,0.30,1.40
2008.03.20 07:59:09.263,1.5625,1.5627,0.30,1.40
2008.03.20 07:59:09.569,1.5625,1.5627,0.30,1.40
2008.03.20 07:59:09.888,1.5625,1.5627,0.30,1.40
2008.03.20 07:59:10.206,1.5625,1.5627,0.30,1.40
2008.03.20 07:59:10.433,1.5625,1.5627,0.30,1.40
2008.03.20 07:59:10.657,1.5625,1.5627,0.30,1.00
2008.03.20 07:59:10.882,1.5625,1.56275,0.50,4.00
2008.03.20 07:59:11.116,1.5625,1.5628,0.50,0.70
2008.03.20 07:59:11.330,1.5625,1.5628,0.50,0.70
2008.03.20 07:59:11.654,1.5625,1.56275,0.30,0.30
2008.03.20 07:59:11.978,1.5625,1.56275,0.30,0.50
2008.03.20 07:59:12.302,1.5625,1.56275,0.30,0.50
2008.03.20 07:59:12.526,1.5625,1.56275,0.30,0.50
2008.03.20 07:59:12.760,1.5625,1.56275,0.30,0.50
2008.03.20 07:59:12.973,1.5625,1.56275,0.30,0.50
2008.03.20 07:59:13.197,1.5625,1.56275,0.30,0.50
2008.03.20 07:59:13.502,1.5625,1.56275,0.30,0.50
2008.03.20 07:59:13.806,1.5625,1.56275,0.30,0.50
2008.03.20 07:59:14.110,1.5625,1.56275,0.30,0.50
2008.03.20 07:59:14.415,1.5625,1.56275,0.30,0.50
2008.03.20 07:59:14.709,1.5625,1.56275,0.30,0.50
2008.03.20 07:59:15.003,1.5625,1.56275,0.30,0.50
2008.03.20 07:59:15.296,1.5625,1.56275,0.30,0.50
2008.03.20 07:59:15.541,1.5625,1.56275,0.30,0.50
2008.03.20 07:59:15.786,1.5625,1.56275,0.30,0.30
2008.03.20 07:59:16.032,1.5625,1.5628,0.50,0.70
2008.03.20 07:59:16.288,1.5625,1.5628,0.50,0.70
2008.03.20 07:59:16.600,1.5625,1.5628,0.50,0.70
2008.03.20 07:59:16.914,1.5625,1.5628,0.50,0.70
2008.03.20 07:59:17.229,1.5625,1.5628,0.50,0.70
2008.03.20 07:59:17.521,1.5625,1.56275,0.30,0.30
2008.03.20 07:59:17.785,1.5625,1.56275,0.30,0.30
2008.03.20 07:59:18.051,1.5625,1.56275,0.30,0.30
2008.03.20 07:59:18.315,1.5625,1.56275,0.30,0.30
2008.03.20 07:59:18.599,1.5625,1.5628,0.50,0.70
2008.03.20 07:59:18.887,1.5625,1.56275,0.30,0.30
2008.03.20 07:59:19.180,1.5625,1.56275,0.30,2.60
2008.03.20 07:59:19.464,1.5625,1.56275,0.30,2.60
2008.03.20 07:59:19.748,1.5625,1.56275,0.30,2.60
2008.03.20 07:59:20.032,1.5625,1.56275,0.30,2.60
2008.03.20 07:59:20.316,1.5625,1.56275,0.30,2.60
2008.03.20 07:59:20.599,1.5625,1.56275,0.30,2.60
2008.03.20 07:59:20.903,1.5625,1.56275,0.30,2.60
2008.03.20 07:59:21.209,1.5625,1.56275,0.30,2.60
2008.03.20 07:59:21.513,1.5625,1.56275,0.30,2.60
2008.03.20 07:59:21.743,1.5625,1.56275,0.30,2.60
2008.03.20 07:59:21.982,1.5625,1.56275,0.30,2.60
2008.03.20 07:59:22.200,1.5625,1.56275,0.30,2.60
2008.03.20 07:59:22.430,1.5625,1.56275,0.30,2.60
2008.03.20 07:59:22.658,1.5625,1.56275,0.30,2.60
2008.03.20 07:59:22.988,1.5625,1.56275,0.30,2.60
2008.03.20 07:59:23.318,1.5626,1.5628,0.30,1.00
2008.03.20 07:59:23.659,1.5626,1.56275,0.30,0.30
2008.03.20 07:59:23.937,1.5626,1.56275,0.30,0.30
2008.03.20 07:59:24.206,1.5626,1.56275,0.30,0.30
2008.03.20 07:59:24.485,1.5626,1.56275,0.30,0.30
2008.03.20 07:59:24.753,1.5626,1.56275,0.30,0.30
2008.03.20 07:59:25.017,1.5626,1.56275,0.30,0.30
2008.03.20 07:59:25.282,1.5626,1.56275,0.30,0.30
2008.03.20 07:59:25.547,1.5626,1.56275,0.30,0.30
2008.03.20 07:59:25.826,1.5626,1.56275,0.30,0.30
2008.03.20 07:59:26.107,1.5626,1.56275,0.30,0.30
2008.03.20 07:59:26.387,1.5626,1.56275,0.30,0.30
2008.03.20 07:59:26.667,1.56255,1.56275,0.80,2.60
2008.03.20 07:59:26.958,1.56255,1.56275,4.80,2.60
2008.03.20 07:59:27.259,1.56255,1.56275,0.80,2.60
2008.03.20 07:59:27.536,1.56255,1.56275,0.80,2.60
2008.03.20 07:59:27.840,1.56255,1.56275,0.80,2.60
2008.03.20 07:59:28.118,1.56255,1.5627,0.80,0.40
2008.03.20 07:59:28.381,1.56255,1.56275,0.80,2.60
2008.03.20 07:59:28.648,1.5626,1.56275,0.30,0.30
2008.03.20 07:59:28.965,1.5626,1.56275,0.30,2.60
2008.03.20 07:59:29.280,1.5625,1.56275,0.60,2.60
2008.03.20 07:59:29.597,1.5625,1.5627,0.30,0.40
2008.03.20 07:59:29.846,1.5625,1.5627,0.30,0.40
2008.03.20 07:59:30.095,1.5625,1.5627,0.30,0.60
2008.03.20 07:59:30.345,1.5625,1.5627,0.30,1.40
2008.03.20 07:59:30.593,1.5625,1.5627,0.30,1.40
2008.03.20 07:59:30.898,1.5625,1.5627,0.30,1.40
2008.03.20 07:59:31.202,1.5625,1.5627,0.30,1.40
2008.03.20 07:59:31.507,1.5625,1.5627,0.30,1.40
2008.03.20 07:59:31.811,1.5625,1.5627,0.30,1.40
2008.03.20 07:59:32.069,1.5625,1.5627,0.30,1.40
2008.03.20 07:59:32.328,1.5625,1.5627,0.30,1.40
2008.03.20 07:59:32.587,1.5625,1.5627,0.30,1.40
2008.03.20 07:59:32.857,1.5625,1.5627,0.30,1.40
2008.03.20 07:59:33.111,1.5625,1.5627,0.30,1.40
2008.03.20 07:59:33.365,1.5625,1.5627,0.30,1.40
2008.03.20 07:59:33.629,1.5625,1.5627,0.30,1.10
2008.03.20 07:59:33.895,1.5625,1.5627,0.30,1.10
2008.03.20 07:59:34.203,1.5625,1.56275,0.30,0.30
2008.03.20 07:59:34.522,1.5625,1.56275,0.30,0.30
2008.03.20 07:59:34.842,1.5625,1.56275,0.60,0.30
2008.03.20 07:59:35.090,1.5625,1.56275,0.60,0.30
2008.03.20 07:59:35.339,1.5625,1.56275,0.60,0.30
2008.03.20 07:59:35.589,1.5625,1.5628,0.80,0.60
2008.03.20 07:59:35.837,1.5625,1.5628,0.80,0.60
2008.03.20 07:59:36.101,1.5625,1.5628,0.80,0.60
2008.03.20 07:59:36.365,1.56255,1.5628,0.30,0.60
2008.03.20 07:59:36.628,1.56255,1.5628,0.30,0.60
2008.03.20 07:59:36.893,1.56255,1.5628,0.30,0.60
2008.03.20 07:59:37.188,1.56255,1.5628,0.30,0.60
2008.03.20 07:59:37.482,1.56255,1.5628,0.30,0.60
2008.03.20 07:59:37.777,1.56255,1.5628,0.30,0.60
2008.03.20 07:59:38.041,1.5626,1.5628,0.30,0.30
2008.03.20 07:59:38.307,1.56255,1.5628,0.30,0.60
2008.03.20 07:59:38.572,1.56255,1.5628,0.30,0.60
2008.03.20 07:59:38.836,1.56255,1.5628,0.30,0.60
2008.03.20 07:59:39.145,1.56255,1.5628,0.30,0.60
2008.03.20 07:59:39.453,1.56255,1.5628,0.30,0.60
2008.03.20 07:59:39.761,1.5625,1.5628,0.80,0.60
2008.03.20 07:59:40.016,1.5625,1.5628,0.80,0.60
2008.03.20 07:59:40.270,1.5625,1.5628,0.80,0.60
2008.03.20 07:59:40.531,1.5625,1.5628,0.80,0.60
2008.03.20 07:59:40.787,1.5625,1.5627,0.60,0.40
2008.03.20 07:59:41.073,1.5625,1.5627,0.30,0.40
2008.03.20 07:59:41.357,1.5625,1.5627,0.30,0.40
2008.03.20 07:59:41.644,1.5625,1.5627,0.30,0.40
2008.03.20 07:59:41.930,1.5625,1.5627,0.30,0.40
2008.03.20 07:59:42.216,1.5625,1.5627,0.30,0.40
2008.03.20 07:59:42.492,1.5625,1.5627,0.30,0.40
2008.03.20 07:59:42.770,1.5625,1.5627,0.30,0.40
2008.03.20 07:59:43.062,1.5625,1.5627,0.30,0.40
2008.03.20 07:59:43.345,1.5625,1.5627,0.30,0.40
2008.03.20 07:59:43.619,1.5625,1.5627,0.30,0.40
2008.03.20 07:59:43.892,1.5625,1.5627,0.30,0.40
2008.03.20 07:59:44.197,1.5625,1.5627,0.30,0.40
2008.03.20 07:59:44.503,1.5625,1.5627,0.30,0.40
2008.03.20 07:59:44.807,1.5625,1.5627,0.30,0.40
2008.03.20 07:59:45.043,1.5625,1.5627,0.30,0.40
2008.03.20 07:59:45.277,1.5625,1.5627,0.30,0.40
2008.03.20 07:59:45.522,1.5625,1.5627,0.30,0.40
2008.03.20 07:59:45.757,1.5625,1.5627,0.30,0.40
2008.03.20 07:59:46.072,1.5625,1.5627,0.30,0.40
2008.03.20 07:59:46.386,1.5625,1.5627,0.30,0.40
2008.03.20 07:59:46.700,1.5625,1.5627,0.30,0.40
2008.03.20 07:59:47.022,1.5625,1.5627,0.30,0.40
2008.03.20 07:59:47.260,1.5625,1.5627,0.30,0.40
2008.03.20 07:59:47.500,1.5625,1.5627,0.30,0.40
2008.03.20 07:59:47.739,1.5625,1.5627,0.30,0.40
2008.03.20 07:59:48.017,1.5625,1.5627,0.30,0.40
2008.03.20 07:59:48.297,1.5625,1.5627,0.30,0.40
2008.03.20 07:59:48.576,1.5625,1.5627,0.60,0.40
2008.03.20 07:59:48.854,1.5625,1.56275,0.60,10.60
2008.03.20 07:59:49.150,1.5625,1.56275,0.80,10.40
2008.03.20 07:59:49.446,1.5625,1.5628,0.80,0.60
2008.03.20 07:59:49.741,1.5625,1.5628,0.80,0.60
2008.03.20 07:59:50.035,1.5625,1.56275,0.60,0.30
2008.03.20 07:59:50.309,1.56255,1.56275,0.30,0.30
2008.03.20 07:59:50.585,1.56255,1.56275,0.30,0.30
2008.03.20 07:59:50.858,1.56255,1.56275,0.30,0.30
2008.03.20 07:59:51.137,1.56255,1.5628,0.30,0.60
2008.03.20 07:59:51.415,1.56255,1.5628,0.30,0.60
2008.03.20 07:59:51.694,1.56255,1.56275,0.30,0.30
2008.03.20 07:59:51.974,1.5625,1.5627,0.30,8.20
2008.03.20 07:59:52.243,1.5625,1.5627,0.30,8.60
2008.03.20 07:59:52.513,1.5625,1.5627,0.30,8.60
2008.03.20 07:59:52.782,1.5625,1.5627,0.30,8.60
2008.03.20 07:59:53.052,1.5625,1.5627,0.30,8.60
2008.03.20 07:59:53.321,1.5625,1.5627,0.30,8.60
2008.03.20 07:59:53.591,1.5625,1.5627,0.30,8.60
2008.03.20 07:59:53.859,1.5625,1.5627,0.30,8.60
2008.03.20 07:59:54.172,1.5625,1.5627,0.30,8.60
2008.03.20 07:59:54.485,1.5625,1.5627,0.30,8.60
2008.03.20 07:59:54.798,1.5625,1.5627,0.30,8.60
2008.03.20 07:59:55.113,1.5625,1.5627,0.30,8.60
2008.03.20 07:59:55.343,1.5625,1.5627,0.30,8.20
2008.03.20 07:59:55.572,1.5625,1.5627,1.00,8.20
2008.03.20 07:59:55.804,1.5625,1.56275,1.60,4.00
2008.03.20 07:59:56.033,1.5625,1.5628,1.60,0.60
2008.03.20 07:59:56.368,1.5625,1.56275,1.20,8.20
2008.03.20 07:59:56.703,1.5625,1.56275,1.20,10.60
2008.03.20 07:59:57.036,1.5625,1.56275,1.20,10.60
2008.03.20 07:59:57.257,1.5625,1.56275,1.20,10.60
2008.03.20 07:59:57.476,1.5625,1.56275,1.20,10.60
2008.03.20 07:59:57.696,1.5625,1.5627,1.20,0.30
2008.03.20 07:59:57.916,1.5625,1.5627,1.00,8.20
2008.03.20 07:59:58.250,1.5625,1.5627,1.00,8.20
2008.03.20 07:59:58.585,1.5625,1.5627,1.00,8.20
2008.03.20 07:59:58.919,1.5625,1.5627,1.00,8.20
2008.03.20 07:59:59.183,1.5625,1.5627,1.00,8.20
2008.03.20 07:59:59.447,1.5625,1.5627,1.00,8.20
2008.03.20 07:59:59.712,1.5625,1.5627,1.00,8.20
2008.03.20 07:59:59.977,1.56245,1.56265,1.00,8.20
