2017.01.16 02:00:00.697,1.07304,1.0732,2.62,2.62
2017.01.16 02:00:02.804,1.07302,1.07316,1.87,1.75
2017.01.16 02:00:03.598,1.07304,1.07318,1.00,3.37
2017.01.16 02:00:04.105,1.07303,1.07318,1.50,3.37
2017.01.16 02:00:08.910,1.07302,1.07316,1.50,1.12
2017.01.16 02:00:09.422,1.07301,1.07315,1.50,1.75
2017.01.16 02:00:10.029,1.07301,1.07315,1.12,1.87
2017.01.16 02:00:11.845,1.07301,1.07315,2.25,1.75
2017.01.16 02:00:12.363,1.07302,1.07315,1.12,1.75
2017.01.16 02:00:16.329,1.07301,1.07316,2.25,1.12
2017.01.16 02:00:16.838,1.07302,1.07316,1.50,1.87
2017.01.16 02:00:17.828,1.073,1.07314,1.75,1.12
2017.01.16 02:00:22.540,1.07301,1.07315,1.75,1.75
2017.01.16 02:00:23.082,1.07301,1.07315,1.50,1.75
2017.01.16 02:00:25.143,1.07302,1.07313,1.37,1.00
2017.01.16 02:00:28.471,1.07302,1.07317,2.62,3.00
2017.01.16 02:00:29.135,1.07302,1.07315,1.75,1.00
2017.01.16 02:00:29.541,1.07303,1.07315,1.00,1.50
2017.01.16 02:00:32.136,1.07302,1.07315,1.00,1.75
2017.01.16 02:00:38.678,1.073,1.07315,1.37,3.75
2017.01.16 02:00:46.046,1.073,1.07314,1.00,1.87
2017.01.16 02:00:47.268,1.07299,1.07313,1.50,1.75
2017.01.16 02:00:47.780,1.07299,1.07313,1.50,4.12
2017.01.16 02:00:48.477,1.07299,1.07313,1.00,1.12
2017.01.16 02:00:48.983,1.07299,1.07313,1.50,1.12
2017.01.16 02:01:01.985,1.073,1.07311,1.37,1.00
2017.01.16 02:01:02.558,1.07302,1.07316,1.00,1.87
2017.01.16 02:01:03.091,1.07301,1.07312,2.25,1.00
2017.01.16 02:01:03.395,1.07302,1.07317,2.25,1.75
2017.01.16 02:01:03.905,1.07303,1.07317,1.50,1.75
2017.01.16 02:01:16.840,1.07303,1.07318,1.00,1.87
2017.01.16 02:01:21.139,1.07302,1.07316,1.50,1.75
2017.01.16 02:01:27.742,1.07302,1.07317,1.37,3.37
2017.01.16 02:01:27.894,1.07302,1.07315,1.12,1.75
2017.01.16 02:01:28.522,1.07302,1.07313,1.37,1.00
2017.01.16 02:01:29.628,1.07302,1.07314,1.50,1.00
2017.01.16 02:01:29.933,1.07302,1.07316,1.50,1.75
2017.01.16 02:01:30.508,1.07302,1.07316,1.12,1.75
2017.01.16 02:01:31.272,1.07302,1.07315,1.50,1.75
2017.01.16 02:01:37.086,1.07302,1.07316,1.75,1.75
2017.01.16 02:01:38.272,1.07303,1.07316,1.00,1.75
2017.01.16 02:01:39.662,1.07302,1.07316,1.00,1.75
2017.01.16 02:01:40.191,1.073,1.07315,1.87,1.75
2017.01.16 02:01:43.877,1.07303,1.07319,1.12,2.25
2017.01.16 02:01:43.928,1.07303,1.07319,1.12,1.87
2017.01.16 02:01:45.762,1.07302,1.07318,1.87,1.00
2017.01.16 02:01:45.985,1.07302,1.07317,1.37,1.50
2017.01.16 02:01:59.218,1.073,1.07315,1.75,1.75
2017.01.16 02:02:10.017,1.07302,1.07317,2.25,1.75
2017.01.16 02:02:10.321,1.07302,1.07317,1.50,1.75
2017.01.16 02:02:10.372,1.07302,1.07317,1.87,1.75
2017.01.16 02:02:11.038,1.07303,1.07319,1.87,1.87
2017.01.16 02:02:11.544,1.07305,1.0732,1.87,1.75
2017.01.16 02:02:12.069,1.07305,1.0732,1.87,1.75
2017.01.16 02:02:15.317,1.07306,1.0732,1.00,1.75
2017.01.16 02:02:24.472,1.07305,1.0732,1.87,1.75
2017.01.16 02:02:30.027,1.07304,1.07318,2.62,1.00
2017.01.16 02:02:30.330,1.07304,1.07319,2.62,1.75
2017.01.16 02:02:31.049,1.07305,1.07318,1.00,1.75
2017.01.16 02:02:36.669,1.07303,1.07318,1.87,1.75
2017.01.16 02:02:38.353,1.07303,1.07315,1.37,1.00
2017.01.16 02:02:38.758,1.07305,1.07317,1.87,1.00
2017.01.16 02:02:47.198,1.07304,1.0732,1.87,2.62
2017.01.16 02:02:47.705,1.07302,1.07316,1.75,1.50
2017.01.16 02:02:48.009,1.073,1.07316,2.62,1.87
2017.01.16 02:03:01.645,1.073,1.07315,1.50,2.62
2017.01.16 02:03:02.720,1.07298,1.07312,1.75,1.75
2017.01.16 02:03:06.726,1.07298,1.07311,3.22,1.00
2017.01.16 02:03:10.748,1.07298,1.07313,1.75,1.87
2017.01.16 02:03:16.750,1.07299,1.07312,1.00,1.75
2017.01.16 02:03:17.430,1.07298,1.0731,1.50,1.00
2017.01.16 02:03:34.872,1.07299,1.07312,1.00,1.75
2017.01.16 02:03:36.283,1.07299,1.07312,1.50,1.75
2017.01.16 02:03:39.947,1.07297,1.07309,1.75,1.00
2017.01.16 02:03:40.103,1.07298,1.0731,1.12,2.62
2017.01.16 02:03:40.610,1.07298,1.0731,1.50,1.69
2017.01.16 02:03:41.183,1.07298,1.0731,1.00,1.37
2017.01.16 02:03:41.689,1.07297,1.0731,2.10,1.37
2017.01.16 02:03:42.225,1.07297,1.0731,2.10,1.12
2017.01.16 02:03:42.731,1.07297,1.0731,2.10,1.37
2017.01.16 02:03:43.756,1.07297,1.0731,1.35,3.19
2017.01.16 02:03:43.857,1.07297,1.07309,1.35,1.25
2017.01.16 02:03:44.790,1.07298,1.0731,1.00,3.94
2017.01.16 02:03:49.405,1.07297,1.0731,2.10,1.37
2017.01.16 02:03:49.980,1.07298,1.0731,1.00,1.37
2017.01.16 02:03:50.486,1.07297,1.0731,2.10,2.62
2017.01.16 02:03:54.915,1.07297,1.07312,2.85,2.62
2017.01.16 02:04:02.819,1.07297,1.07309,1.35,1.00
2017.01.16 02:04:02.921,1.07297,1.07309,1.67,1.50
2017.01.16 02:04:03.429,1.07297,1.07308,1.30,1.37
2017.01.16 02:04:09.341,1.07297,1.07308,1.67,1.12
2017.01.16 02:04:09.774,1.07297,1.07303,1.67,1.00
2017.01.16 02:04:09.980,1.07296,1.07308,1.72,1.87
2017.01.16 02:04:10.235,1.07298,1.0731,1.72,1.75
2017.01.16 02:04:10.743,1.07299,1.07312,1.12,1.75
2017.01.16 02:04:10.953,1.07299,1.07312,1.75,1.50
2017.01.16 02:04:11.463,1.07298,1.07312,2.25,1.75
2017.01.16 02:04:11.981,1.073,1.07313,1.50,1.75
2017.01.16 02:04:15.135,1.07298,1.07311,1.50,1.75
2017.01.16 02:04:22.448,1.07299,1.07312,1.50,2.62
2017.01.16 02:04:26.371,1.07297,1.0731,2.10,1.50
2017.01.16 02:04:26.900,1.07297,1.0731,2.47,1.75
2017.01.16 02:04:27.008,1.07299,1.07313,2.62,2.25
2017.01.16 02:04:27.163,1.07299,1.07312,3.00,1.50
2017.01.16 02:04:28.084,1.07297,1.07311,3.00,1.75
2017.01.16 02:04:28.980,1.07299,1.07311,1.50,2.25
2017.01.16 02:04:32.191,1.07299,1.0731,1.00,2.25
2017.01.16 02:04:37.061,1.07297,1.0731,2.10,2.25
2017.01.16 02:04:37.569,1.07298,1.0731,1.50,1.50
2017.01.16 02:04:43.738,1.07297,1.0731,1.50,2.25
2017.01.16 02:04:44.450,1.07301,1.07311,1.00,1.75
2017.01.16 02:04:44.707,1.07301,1.07312,1.00,1.75
2017.01.16 02:04:48.012,1.07298,1.07312,3.00,1.75
2017.01.16 02:04:48.267,1.07301,1.07312,1.50,1.12
2017.01.16 02:04:48.573,1.07301,1.07309,1.12,1.00
2017.01.16 02:04:48.675,1.07301,1.07311,1.12,1.12
2017.01.16 02:04:48.932,1.07301,1.07312,1.00,1.75
2017.01.16 02:04:51.056,1.07301,1.07313,1.00,1.87
2017.01.16 02:04:51.563,1.07301,1.07312,1.12,2.25
2017.01.16 02:04:52.069,1.07301,1.07313,1.50,1.50
2017.01.16 02:04:52.585,1.07302,1.07315,1.50,1.87
2017.01.16 02:04:52.889,1.07301,1.07315,2.62,1.87
2017.01.16 02:04:53.994,1.07301,1.07311,1.00,1.37
2017.01.16 02:04:54.505,1.07301,1.07311,1.00,1.75
2017.01.16 02:04:55.873,1.07301,1.0731,1.00,1.00
2017.01.16 02:04:56.292,1.07301,1.07312,1.37,1.00
2017.01.16 02:05:00.697,1.07301,1.07313,1.50,2.25
2017.01.16 02:05:01.204,1.07301,1.07311,1.00,1.50
2017.01.16 02:05:14.223,1.07301,1.07311,1.12,1.00
2017.01.16 02:05:18.188,1.07304,1.07313,1.00,1.12
2017.01.16 02:05:18.340,1.07304,1.07313,1.00,1.12
2017.01.16 02:05:18.543,1.07302,1.07315,1.00,1.87
2017.01.16 02:05:18.645,1.07302,1.07315,1.37,1.87
2017.01.16 02:05:19.304,1.07302,1.07315,1.75,1.87
2017.01.16 02:05:23.852,1.07304,1.07313,1.12,1.00
2017.01.16 02:05:24.056,1.07302,1.07312,1.00,1.12
2017.01.16 02:05:24.260,1.07301,1.07314,2.25,1.12
2017.01.16 02:05:24.768,1.07301,1.07314,1.75,1.87
2017.01.16 02:05:27.838,1.07304,1.07315,1.00,2.81
2017.01.16 02:05:28.193,1.07305,1.07318,1.12,2.62
2017.01.16 02:05:28.345,1.07305,1.07317,1.50,1.00
2017.01.16 02:05:34.135,1.07306,1.07318,1.00,1.87
2017.01.16 02:05:35.359,1.07303,1.07316,1.75,1.37
2017.01.16 02:05:35.750,1.07303,1.07315,1.00,1.37
2017.01.16 02:05:36.544,1.07302,1.07314,1.50,1.50
2017.01.16 02:05:37.088,1.07301,1.07314,3.00,1.50
2017.01.16 02:05:41.882,1.07302,1.07313,1.00,1.37
2017.01.16 02:05:43.147,1.07302,1.07314,1.00,1.87
2017.01.16 02:05:43.661,1.07302,1.07313,1.87,1.00
2017.01.16 02:05:43.992,1.07304,1.07315,1.37,1.00
2017.01.16 02:05:44.523,1.07304,1.07317,1.75,1.50
2017.01.16 02:05:47.711,1.07307,1.07318,1.00,1.12
2017.01.16 02:05:47.865,1.07308,1.0732,1.00,1.50
2017.01.16 02:05:47.966,1.07307,1.07321,3.00,1.87
2017.01.16 02:05:48.491,1.07307,1.07321,3.00,1.87
2017.01.16 02:05:55.595,1.07307,1.0732,1.50,1.87
2017.01.16 02:05:56.121,1.07307,1.0732,1.50,2.62
2017.01.16 02:06:14.121,1.07307,1.0732,1.00,1.87
2017.01.16 02:06:14.627,1.07305,1.07319,1.75,1.50
2017.01.16 02:06:15.145,1.07305,1.07318,1.75,1.50
2017.01.16 02:06:24.822,1.07306,1.07319,1.00,1.87
2017.01.16 02:06:28.531,1.07306,1.0732,1.87,1.87
2017.01.16 02:06:29.049,1.07306,1.0732,2.25,1.87
2017.01.16 02:06:35.252,1.07307,1.07319,1.50,1.00
2017.01.16 02:06:37.251,1.07308,1.0732,1.00,1.50
2017.01.16 02:06:42.066,1.07307,1.07319,2.25,1.00
2017.01.16 02:06:42.594,1.07307,1.07321,2.25,1.87
2017.01.16 02:06:43.255,1.07307,1.07321,2.25,1.87
2017.01.16 02:06:48.171,1.07308,1.0732,1.00,1.50
2017.01.16 02:06:55.598,1.07307,1.0732,1.00,2.25
2017.01.16 02:06:56.108,1.07306,1.07318,1.50,1.00
2017.01.16 02:06:56.718,1.07307,1.0732,1.00,1.75
2017.01.16 02:06:57.508,1.07307,1.0732,1.37,1.75
2017.01.16 02:06:58.235,1.07307,1.0732,1.50,1.75
2017.01.16 02:06:59.600,1.07307,1.07319,1.50,1.00
2017.01.16 02:07:01.800,1.07308,1.07322,2.25,1.87
2017.01.16 02:07:02.321,1.07308,1.07322,1.75,1.87
2017.01.16 02:07:11.555,1.07306,1.07319,1.87,1.00
2017.01.16 02:07:12.092,1.07307,1.07319,1.75,1.00
2017.01.16 02:07:12.610,1.07308,1.07322,1.75,1.87
2017.01.16 02:07:13.716,1.07309,1.07323,1.75,2.62
2017.01.16 02:07:14.913,1.07306,1.0732,3.00,1.00
2017.01.16 02:07:15.117,1.07306,1.07319,1.75,1.12
2017.01.16 02:07:15.649,1.07307,1.07321,1.50,1.75
2017.01.16 02:07:16.178,1.07307,1.07321,1.75,1.75
2017.01.16 02:07:17.079,1.07305,1.07319,2.25,1.87
2017.01.16 02:07:17.130,1.07305,1.07319,2.25,1.87
2017.01.16 02:07:17.636,1.07305,1.07319,2.25,1.87
2017.01.16 02:07:18.188,1.07305,1.07319,2.25,1.87
2017.01.16 02:07:22.061,1.07305,1.07319,2.25,1.87
2017.01.16 02:07:23.128,1.07305,1.07319,2.25,1.87
2017.01.16 02:07:24.928,1.07307,1.0732,2.25,1.75
2017.01.16 02:07:25.131,1.07307,1.0732,2.25,1.00
2017.01.16 02:07:32.280,1.07307,1.07321,1.75,2.62
2017.01.16 02:07:34.047,1.07307,1.07321,1.50,2.62
2017.01.16 02:07:36.969,1.07306,1.0732,2.25,1.87
2017.01.16 02:07:40.762,1.07304,1.07318,3.37,1.00
2017.01.16 02:07:40.976,1.07304,1.07318,3.00,1.50
2017.01.16 02:07:41.179,1.07309,1.07322,1.00,1.12
2017.01.16 02:07:41.908,1.07309,1.07323,1.50,1.00
2017.01.16 02:07:42.592,1.07308,1.07321,1.12,1.00
2017.01.16 02:07:42.895,1.07307,1.07321,1.75,1.50
2017.01.16 02:07:43.300,1.07307,1.07321,1.50,1.12
2017.01.16 02:07:43.402,1.07307,1.07321,2.25,1.87
2017.01.16 02:07:45.396,1.07307,1.07321,1.75,1.87
2017.01.16 02:07:45.699,1.07307,1.07321,2.25,2.62
2017.01.16 02:07:46.229,1.07307,1.07321,1.75,2.62
2017.01.16 02:07:47.589,1.07306,1.0732,1.50,1.00
2017.01.16 02:07:49.555,1.07307,1.0732,1.00,1.00
2017.01.16 02:07:50.061,1.07306,1.0732,1.50,1.00
2017.01.16 02:07:51.769,1.07305,1.07319,1.50,1.00
2017.01.16 02:07:54.668,1.07304,1.07318,2.62,1.00
2017.01.16 02:07:54.900,1.07305,1.07319,1.87,1.75
2017.01.16 02:07:55.106,1.07306,1.0732,1.50,1.00
2017.01.16 02:07:55.409,1.07307,1.0732,1.50,1.75
2017.01.16 02:08:04.173,1.07305,1.07319,2.25,1.75
2017.01.16 02:08:05.986,1.07307,1.0732,1.50,1.75
2017.01.16 02:08:10.861,1.07306,1.07319,2.25,1.00
2017.01.16 02:08:11.479,1.07306,1.0732,2.25,1.75
2017.01.16 02:08:11.985,1.07306,1.0732,2.25,1.50
2017.01.16 02:08:15.500,1.07307,1.0732,1.50,1.75
2017.01.16 02:08:16.006,1.07307,1.07321,2.25,1.87
2017.01.16 02:08:20.134,1.07305,1.07313,1.75,1.00
2017.01.16 02:08:20.642,1.07305,1.07312,1.87,1.00
2017.01.16 02:08:21.782,1.07306,1.07312,1.75,1.00
2017.01.16 02:08:22.319,1.07307,1.07313,1.50,1.00
2017.01.16 02:08:22.838,1.07307,1.07313,1.75,1.00
2017.01.16 02:08:23.394,1.07307,1.07314,1.75,1.00
2017.01.16 02:08:23.929,1.07307,1.07313,1.75,1.00
2017.01.16 02:08:25.216,1.07307,1.07314,1.50,1.00
2017.01.16 02:08:25.521,1.07304,1.0731,1.87,1.00
2017.01.16 02:08:25.876,1.07304,1.07309,1.37,1.00
2017.01.16 02:08:26.028,1.07301,1.07307,1.12,1.00
2017.01.16 02:08:26.231,1.07301,1.07308,1.87,1.00
2017.01.16 02:08:26.486,1.073,1.07308,2.25,1.00
2017.01.16 02:08:26.537,1.07301,1.07309,1.75,1.00
2017.01.16 02:08:26.737,1.07301,1.07307,1.75,1.00
2017.01.16 02:08:26.889,1.07301,1.07309,1.75,1.00
2017.01.16 02:08:26.940,1.07301,1.07307,1.75,1.00
2017.01.16 02:08:26.991,1.07301,1.07309,1.75,1.00
2017.01.16 02:08:27.042,1.07302,1.07306,1.00,1.00
2017.01.16 02:08:27.093,1.073,1.07309,2.62,1.00
2017.01.16 02:08:27.195,1.07302,1.07306,1.00,1.00
2017.01.16 02:08:27.245,1.07301,1.07309,1.75,1.00
2017.01.16 02:08:27.296,1.07302,1.07306,1.00,1.00
2017.01.16 02:08:27.347,1.073,1.07309,2.62,1.00
2017.01.16 02:08:27.398,1.07302,1.07306,1.00,1.00
2017.01.16 02:08:27.449,1.07301,1.07308,1.75,1.00
2017.01.16 02:08:27.551,1.07302,1.07306,1.00,1.00
2017.01.16 02:08:27.602,1.073,1.07309,2.62,1.00
2017.01.16 02:08:27.653,1.07301,1.07308,1.75,1.00
2017.01.16 02:08:27.704,1.07301,1.07309,1.75,1.00
2017.01.16 02:08:27.906,1.07301,1.07307,1.75,1.00
2017.01.16 02:08:27.957,1.07301,1.07308,1.75,1.00
2017.01.16 02:08:28.160,1.07301,1.07308,1.12,1.00
2017.01.16 02:08:28.212,1.07301,1.07308,1.12,1.00
2017.01.16 02:08:28.263,1.07302,1.07306,1.00,1.00
2017.01.16 02:08:28.314,1.07301,1.07308,1.75,1.00
2017.01.16 02:08:28.364,1.07302,1.07306,1.00,1.00
2017.01.16 02:08:28.415,1.073,1.07308,2.62,1.00
2017.01.16 02:08:28.517,1.07302,1.07306,1.00,1.00
2017.01.16 02:08:28.568,1.073,1.07308,1.87,1.00
2017.01.16 02:08:28.739,1.07302,1.07306,1.00,1.00
2017.01.16 02:08:28.790,1.073,1.07308,2.62,1.00
2017.01.16 02:08:28.841,1.07302,1.07306,1.00,1.00
2017.01.16 02:08:28.993,1.073,1.07308,2.62,1.00
2017.01.16 02:08:29.095,1.07302,1.07306,1.00,1.00
2017.01.16 02:08:29.146,1.073,1.07308,1.87,1.00
2017.01.16 02:08:29.247,1.07302,1.07306,1.00,1.00
2017.01.16 02:08:29.501,1.07299,1.07305,1.12,1.00
2017.01.16 02:08:30.081,1.07299,1.07307,1.75,1.00
2017.01.16 02:08:30.669,1.07298,1.07306,1.87,1.00
2017.01.16 02:08:31.436,1.07299,1.07305,1.75,1.00
2017.01.16 02:08:31.944,1.07298,1.07306,1.75,1.00
2017.01.16 02:08:32.197,1.073,1.07308,1.12,1.00
2017.01.16 02:08:32.299,1.07301,1.07308,1.37,1.00
2017.01.16 02:08:35.543,1.073,1.07308,1.50,1.00
2017.01.16 02:08:38.227,1.073,1.07307,1.50,1.00
2017.01.16 02:08:38.530,1.07298,1.07305,1.75,1.00
2017.01.16 02:08:40.073,1.07298,1.07308,1.75,1.00
2017.01.16 02:08:40.579,1.07297,1.07309,3.22,1.00
2017.01.16 02:08:43.351,1.07297,1.07306,3.22,1.00
2017.01.16 02:08:43.503,1.07297,1.07308,1.75,1.00
2017.01.16 02:08:43.604,1.07297,1.07305,2.25,1.00
2017.01.16 02:08:44.060,1.07296,1.07303,1.30,1.00
2017.01.16 02:08:44.213,1.07294,1.07306,1.75,1.12
2017.01.16 02:08:44.264,1.07292,1.07303,3.37,1.00
2017.01.16 02:08:44.555,1.07287,1.07303,3.75,1.87
2017.01.16 02:08:48.596,1.07287,1.07301,3.00,1.00
2017.01.16 02:08:48.647,1.07289,1.07303,1.50,1.12
2017.01.16 02:08:49.062,1.07287,1.073,1.50,1.75
2017.01.16 02:08:50.967,1.07285,1.073,1.75,1.12
2017.01.16 02:08:51.287,1.07284,1.07295,1.12,1.50
2017.01.16 02:08:51.744,1.07284,1.07299,1.75,1.12
2017.01.16 02:08:52.250,1.07285,1.073,1.75,1.12
2017.01.16 02:08:52.777,1.07286,1.073,1.75,1.12
2017.01.16 02:09:00.880,1.07285,1.07298,2.25,1.50
2017.01.16 02:09:01.793,1.07285,1.07298,1.87,1.87
2017.01.16 02:09:02.369,1.07284,1.07297,1.50,1.75
2017.01.16 02:09:02.894,1.07284,1.07297,1.75,1.50
2017.01.16 02:09:03.426,1.07287,1.07298,1.87,1.37
2017.01.16 02:09:03.781,1.07287,1.073,1.75,1.87
2017.01.16 02:09:04.301,1.07286,1.07299,1.75,1.50
2017.01.16 02:09:04.908,1.07287,1.073,2.25,1.50
2017.01.16 02:09:08.319,1.07291,1.07301,1.00,1.12
2017.01.16 02:09:08.552,1.07289,1.07302,1.87,1.75
2017.01.16 02:09:08.705,1.07297,1.07302,1.50,1.37
2017.01.16 02:09:08.807,1.07299,1.07309,1.20,1.12
2017.01.16 02:09:08.858,1.07299,1.0731,1.20,1.37
2017.01.16 02:09:08.909,1.07299,1.0731,1.27,1.00
2017.01.16 02:09:09.216,1.07299,1.07313,1.75,1.37
2017.01.16 02:09:09.571,1.07295,1.07312,1.12,1.87
2017.01.16 02:09:09.622,1.07294,1.0731,1.87,1.37
2017.01.16 02:09:10.146,1.07295,1.0731,1.75,1.12
2017.01.16 02:09:11.602,1.07294,1.07309,1.75,1.12
2017.01.16 02:09:13.985,1.07291,1.07307,1.12,1.12
2017.01.16 02:09:14.036,1.07291,1.07308,1.12,2.25
2017.01.16 02:09:14.543,1.07291,1.07306,1.75,1.37
2017.01.16 02:09:17.306,1.07291,1.07306,1.75,2.62
2017.01.16 02:09:17.827,1.0729,1.07305,1.75,1.87
2017.01.16 02:09:19.605,1.0729,1.07303,2.25,1.37
2017.01.16 02:09:20.115,1.07289,1.07303,2.62,1.75
2017.01.16 02:09:30.248,1.07291,1.07303,1.50,1.12
2017.01.16 02:09:30.400,1.0729,1.07304,2.25,2.62
2017.01.16 02:09:30.911,1.07291,1.07304,1.75,2.62
2017.01.16 02:09:34.373,1.07292,1.07304,1.00,2.25
2017.01.16 02:09:35.070,1.07291,1.07303,1.00,1.50
2017.01.16 02:09:35.884,1.0729,1.07302,1.50,1.00
2017.01.16 02:09:40.248,1.07291,1.07303,1.00,1.50
2017.01.16 02:09:40.654,1.07292,1.07305,1.37,1.75
2017.01.16 02:09:41.107,1.07292,1.07305,1.00,1.50
2017.01.16 02:09:41.159,1.07292,1.07305,1.37,1.87
2017.01.16 02:09:42.988,1.07295,1.07306,1.00,1.12
2017.01.16 02:09:43.497,1.07294,1.07306,1.12,1.12
2017.01.16 02:09:44.562,1.07296,1.07306,1.00,1.12
2017.01.16 02:09:44.613,1.07294,1.07306,1.12,1.12
2017.01.16 02:09:44.967,1.07296,1.07306,1.00,1.12
2017.01.16 02:09:45.018,1.07294,1.07306,1.12,1.12
2017.01.16 02:09:45.542,1.07295,1.07306,1.00,1.12
2017.01.16 02:09:47.222,1.07293,1.07306,1.50,1.12
2017.01.16 02:09:47.374,1.07293,1.07305,1.12,1.37
2017.01.16 02:09:48.680,1.07293,1.07303,1.12,1.00
2017.01.16 02:09:53.490,1.07294,1.07305,1.00,1.12
2017.01.16 02:09:54.023,1.07293,1.07306,1.12,1.12
2017.01.16 02:09:54.580,1.07293,1.07304,1.00,1.50
2017.01.16 02:09:55.088,1.07292,1.07304,1.12,1.87
2017.01.16 02:10:03.334,1.07292,1.07304,1.00,1.12
2017.01.16 02:10:03.841,1.07293,1.07305,1.00,1.87
2017.01.16 02:10:04.382,1.07292,1.07305,1.12,1.87
2017.01.16 02:10:10.690,1.07288,1.07301,3.37,1.00
2017.01.16 02:10:10.868,1.07287,1.07299,2.25,1.37
2017.01.16 02:10:11.223,1.07289,1.073,1.37,1.50
2017.01.16 02:10:11.528,1.07291,1.07301,1.12,1.12
2017.01.16 02:10:11.860,1.07293,1.07303,1.00,1.75
2017.01.16 02:10:11.955,1.07293,1.07303,1.12,1.00
2017.01.16 02:10:12.499,1.07293,1.07305,1.50,1.50
2017.01.16 02:10:15.323,1.07292,1.07305,1.50,1.87
2017.01.16 02:10:15.828,1.07292,1.07305,1.12,1.87
2017.01.16 02:10:18.161,1.07291,1.07303,1.00,1.50
2017.01.16 02:10:18.667,1.07289,1.07302,1.50,1.75
2017.01.16 02:10:21.861,1.07289,1.07301,1.00,1.50
2017.01.16 02:10:26.589,1.07291,1.07301,1.00,1.12
2017.01.16 02:10:26.691,1.07289,1.07301,1.12,1.12
2017.01.16 02:10:30.425,1.0729,1.07301,1.00,1.12
2017.01.16 02:10:30.947,1.07289,1.07301,1.00,1.12
2017.01.16 02:10:36.080,1.07288,1.07298,1.12,1.30
2017.01.16 02:10:36.232,1.07287,1.07298,1.12,1.35
2017.01.16 02:10:36.435,1.07285,1.07296,1.12,1.37
2017.01.16 02:10:36.949,1.07284,1.07295,1.12,1.37
2017.01.16 02:10:40.881,1.07287,1.07295,1.00,1.37
2017.01.16 02:10:40.982,1.07287,1.07296,1.00,1.00
2017.01.16 02:10:41.753,1.07288,1.07297,1.00,1.37
2017.01.16 02:10:41.887,1.07288,1.07299,1.50,1.00
2017.01.16 02:10:42.393,1.0729,1.07302,1.12,1.12
2017.01.16 02:10:42.997,1.07291,1.07302,1.00,1.12
2017.01.16 02:10:43.301,1.07289,1.07302,1.12,1.12
2017.01.16 02:10:43.826,1.07289,1.07302,1.50,1.87
2017.01.16 02:10:44.646,1.07291,1.07302,1.00,1.12
2017.01.16 02:10:45.154,1.07289,1.07302,1.50,1.12
2017.01.16 02:10:51.613,1.0729,1.07304,2.10,2.25
2017.01.16 02:10:54.554,1.07296,1.07304,1.00,1.75
2017.01.16 02:10:54.655,1.07294,1.07305,1.00,1.12
2017.01.16 02:10:54.706,1.07296,1.07302,1.00,1.00
2017.01.16 02:10:55.011,1.07297,1.07304,1.00,1.00
2017.01.16 02:10:55.521,1.07298,1.07309,1.00,1.75
2017.01.16 02:10:55.771,1.07298,1.07309,1.00,1.00
2017.01.16 02:10:55.923,1.07298,1.07311,1.00,1.50
2017.01.16 02:10:56.429,1.07297,1.0731,1.00,1.00
2017.01.16 02:10:56.480,1.07299,1.07311,1.00,1.12
2017.01.16 02:10:56.783,1.07297,1.0731,1.12,1.75
2017.01.16 02:10:57.293,1.07297,1.0731,1.00,1.75
2017.01.16 02:10:58.438,1.07297,1.07311,1.12,2.62
2017.01.16 02:10:58.951,1.07299,1.07311,1.00,1.87
2017.01.16 02:10:59.204,1.07299,1.07309,1.12,1.00
2017.01.16 02:10:59.742,1.07299,1.07311,1.00,2.25
2017.01.16 02:11:03.975,1.07298,1.0731,1.12,1.75
2017.01.16 02:11:04.228,1.07296,1.07308,1.00,2.62
2017.01.16 02:11:04.634,1.07295,1.07308,1.00,2.62
2017.01.16 02:11:05.148,1.07292,1.07306,2.25,1.75
2017.01.16 02:11:10.050,1.07293,1.07306,1.00,1.75
2017.01.16 02:11:12.482,1.07293,1.07306,1.75,1.50
2017.01.16 02:11:12.989,1.07292,1.07306,2.25,1.75
2017.01.16 02:11:14.450,1.07293,1.07306,1.00,1.75
2017.01.16 02:11:19.257,1.07293,1.07304,1.37,1.00
2017.01.16 02:11:21.678,1.07293,1.07307,1.75,1.75
2017.01.16 02:11:22.187,1.07292,1.07306,2.62,1.75
2017.01.16 02:11:25.465,1.07292,1.07305,1.87,1.00
2017.01.16 02:11:25.768,1.07292,1.07306,1.50,1.75
2017.01.16 02:11:29.797,1.07292,1.07306,2.25,1.75
2017.01.16 02:11:30.593,1.07292,1.07306,1.50,1.75
2017.01.16 02:11:35.723,1.07292,1.07306,2.25,1.75
2017.01.16 02:11:37.112,1.07292,1.07306,2.25,1.75
2017.01.16 02:11:41.982,1.07294,1.07307,1.00,1.12
2017.01.16 02:11:42.336,1.07294,1.07308,1.50,1.87
2017.01.16 02:11:42.843,1.07293,1.07307,1.50,1.75
2017.01.16 02:11:47.698,1.07293,1.07304,1.00,1.37
2017.01.16 02:11:48.231,1.0729,1.07304,2.25,2.25
2017.01.16 02:11:48.853,1.0729,1.07304,2.25,2.25
2017.01.16 02:11:50.043,1.07289,1.07303,1.12,1.87
2017.01.16 02:11:50.560,1.07289,1.07303,1.50,1.87
2017.01.16 02:11:52.916,1.07288,1.07301,1.50,1.87
2017.01.16 02:11:53.220,1.07288,1.073,1.00,1.87
2017.01.16 02:11:53.725,1.07288,1.07298,1.00,1.12
2017.01.16 02:11:56.831,1.07288,1.07297,1.00,1.87
2017.01.16 02:11:59.648,1.07288,1.07297,1.00,1.87
2017.01.16 02:12:00.166,1.07288,1.07298,1.00,1.12
2017.01.16 02:12:01.023,1.07285,1.07297,1.12,1.75
2017.01.16 02:12:01.554,1.07287,1.07299,1.00,1.12
2017.01.16 02:12:01.756,1.07286,1.073,1.75,1.87
2017.01.16 02:12:02.376,1.07286,1.073,2.25,1.87
2017.01.16 02:12:02.900,1.07287,1.07301,1.50,1.87
2017.01.16 02:12:03.455,1.07284,1.07298,2.25,1.50
2017.01.16 02:12:03.996,1.07284,1.07298,1.75,1.75
2017.01.16 02:12:07.749,1.07284,1.07298,1.50,1.87
2017.01.16 02:12:09.363,1.07284,1.07297,1.12,1.12
2017.01.16 02:12:09.566,1.07285,1.07299,2.25,1.87
2017.01.16 02:12:10.086,1.07287,1.073,1.50,1.75
2017.01.16 02:12:13.443,1.07286,1.07299,1.50,1.12
2017.01.16 02:12:13.847,1.07287,1.07299,1.75,1.00
2017.01.16 02:12:29.611,1.07288,1.07302,1.75,1.87
2017.01.16 02:12:31.005,1.07287,1.07301,1.75,1.75
2017.01.16 02:12:31.511,1.07288,1.07302,1.75,1.87
2017.01.16 02:12:32.191,1.07288,1.07302,1.50,1.87
2017.01.16 02:12:34.714,1.07287,1.07301,1.50,1.87
2017.01.16 02:12:35.264,1.07286,1.073,1.50,2.62
2017.01.16 02:12:35.723,1.07284,1.07298,1.12,2.25
2017.01.16 02:12:36.028,1.07286,1.073,2.25,3.37
2017.01.16 02:12:40.495,1.07284,1.07297,1.87,1.12
2017.01.16 02:12:40.547,1.07284,1.07297,1.75,2.25
2017.01.16 02:12:41.055,1.07283,1.07296,1.75,1.50
2017.01.16 02:12:41.617,1.07282,1.07295,1.75,1.50
2017.01.16 02:12:42.225,1.07282,1.07296,3.00,1.75
2017.01.16 02:12:42.748,1.07282,1.07296,3.00,1.75
2017.01.16 02:12:43.634,1.07282,1.07296,1.50,1.75
2017.01.16 02:12:43.736,1.07281,1.07295,1.87,1.12
2017.01.16 02:12:44.278,1.07281,1.07295,3.37,2.25
2017.01.16 02:12:48.913,1.07283,1.07297,1.12,1.87
2017.01.16 02:12:49.242,1.07285,1.07299,2.25,1.75
2017.01.16 02:12:49.753,1.07286,1.073,1.50,1.75
2017.01.16 02:12:50.284,1.07284,1.07292,1.12,1.00
2017.01.16 02:12:50.335,1.07281,1.07294,3.37,1.00
2017.01.16 02:12:50.437,1.07282,1.07296,1.87,1.00
2017.01.16 02:12:50.653,1.07284,1.07298,1.00,1.75
2017.01.16 02:12:50.704,1.07286,1.07299,1.00,1.75
2017.01.16 02:12:51.220,1.07285,1.07299,2.25,1.75
2017.01.16 02:12:56.950,1.07286,1.07301,2.25,2.62
2017.01.16 02:12:57.979,1.07289,1.07302,1.00,1.75
2017.01.16 02:12:58.529,1.07288,1.07302,2.25,1.75
2017.01.16 02:13:01.577,1.0729,1.07304,1.00,1.87
2017.01.16 02:13:01.963,1.07291,1.07306,1.50,1.87
2017.01.16 02:13:02.503,1.07291,1.07306,1.75,1.87
2017.01.16 02:13:03.991,1.07293,1.07307,1.50,1.87
2017.01.16 02:13:05.303,1.07294,1.07308,2.25,1.12
2017.01.16 02:13:05.860,1.07295,1.07309,1.50,1.75
2017.01.16 02:13:06.366,1.07295,1.0731,1.75,1.87
2017.01.16 02:13:08.892,1.07296,1.07311,1.75,2.62
2017.01.16 02:13:15.791,1.07297,1.07312,2.25,1.87
2017.01.16 02:13:16.890,1.07297,1.07312,1.87,1.50
2017.01.16 02:13:17.400,1.07297,1.07312,2.62,1.75
2017.01.16 02:13:18.693,1.07299,1.07314,1.75,1.87
2017.01.16 02:13:26.224,1.07301,1.07315,1.50,1.75
2017.01.16 02:13:26.747,1.07301,1.07316,1.75,1.87
2017.01.16 02:13:29.533,1.07302,1.07317,1.75,1.87
2017.01.16 02:13:42.321,1.07302,1.07317,1.75,1.87
2017.01.16 02:13:44.935,1.07304,1.07318,2.25,1.12
2017.01.16 02:13:53.550,1.07303,1.07317,1.75,1.75
2017.01.16 02:13:55.436,1.07304,1.07318,1.75,1.87
2017.01.16 02:13:57.035,1.07301,1.07315,1.87,1.00
2017.01.16 02:13:57.338,1.07297,1.07311,1.75,1.50
2017.01.16 02:13:57.496,1.07297,1.07311,1.75,1.87
2017.01.16 02:14:07.535,1.07297,1.07308,1.00,1.37
2017.01.16 02:14:08.297,1.07298,1.07311,1.00,1.75
2017.01.16 02:14:08.399,1.07298,1.07311,1.50,1.75
2017.01.16 02:14:09.383,1.07298,1.07311,1.12,1.12
2017.01.16 02:14:09.883,1.07298,1.07312,1.75,1.87
2017.01.16 02:14:13.117,1.07299,1.07311,1.00,1.87
2017.01.16 02:14:13.624,1.07298,1.07311,1.75,1.87
2017.01.16 02:14:19.026,1.07298,1.07311,1.50,1.75
2017.01.16 02:14:20.183,1.07297,1.0731,1.50,1.87
2017.01.16 02:14:22.797,1.07294,1.07306,1.75,1.00
2017.01.16 02:14:23.051,1.07294,1.07308,1.75,1.87
2017.01.16 02:14:23.203,1.07295,1.07309,1.00,1.87
2017.01.16 02:14:23.305,1.07296,1.07309,1.12,1.75
2017.01.16 02:14:23.620,1.07296,1.07309,1.75,1.87
2017.01.16 02:14:23.925,1.07292,1.07307,2.25,1.87
2017.01.16 02:14:24.229,1.07292,1.07304,1.12,1.75
2017.01.16 02:14:24.735,1.07291,1.07304,1.12,1.75
2017.01.16 02:14:26.382,1.07292,1.07304,1.00,1.75
2017.01.16 02:14:26.840,1.07293,1.07305,1.12,1.75
2017.01.16 02:14:27.535,1.07294,1.07306,1.00,1.87
2017.01.16 02:14:27.920,1.07295,1.07308,1.12,1.87
2017.01.16 02:14:29.405,1.07296,1.07309,1.00,1.87
2017.01.16 02:14:29.557,1.07296,1.07309,1.50,1.87
2017.01.16 02:14:32.498,1.07298,1.07311,1.00,1.75
2017.01.16 02:14:32.674,1.07298,1.07311,1.75,1.37
2017.01.16 02:14:39.761,1.07297,1.07311,1.75,1.12
2017.01.16 02:14:40.266,1.07298,1.07311,1.00,1.00
2017.01.16 02:14:41.071,1.07297,1.07311,1.00,1.00
2017.01.16 02:14:41.627,1.07298,1.07311,1.00,1.12
2017.01.16 02:14:42.149,1.07297,1.07311,1.00,1.12
2017.01.16 02:14:44.045,1.07298,1.07311,1.50,1.87
2017.01.16 02:14:44.551,1.07298,1.07311,1.75,1.87
2017.01.16 02:14:52.979,1.07296,1.0731,1.75,1.50
2017.01.16 02:14:53.592,1.07296,1.0731,1.75,1.87
2017.01.16 02:14:57.173,1.07297,1.07309,1.12,1.75
2017.01.16 02:14:57.900,1.07297,1.07309,1.50,1.50
2017.01.16 02:14:58.476,1.07296,1.07309,1.50,1.75
2017.01.16 02:14:59.184,1.07297,1.0731,1.50,1.87
2017.01.16 02:15:00.713,1.07298,1.07311,1.50,1.87
2017.01.16 02:15:11.033,1.07297,1.0731,1.50,1.87
2017.01.16 02:15:11.613,1.07297,1.0731,1.12,1.87
2017.01.16 02:15:19.176,1.07298,1.0731,1.00,1.87
2017.01.16 02:15:19.692,1.07298,1.0731,1.12,1.87
2017.01.16 02:15:29.148,1.07298,1.07311,1.50,1.87
2017.01.16 02:15:32.350,1.07298,1.07311,1.12,1.87
2017.01.16 02:15:32.843,1.073,1.07312,1.00,1.87
2017.01.16 02:15:33.351,1.07299,1.07312,1.50,1.87
2017.01.16 02:15:34.060,1.07297,1.07311,1.75,1.87
2017.01.16 02:15:35.064,1.07297,1.0731,1.50,1.87
2017.01.16 02:15:36.287,1.07297,1.0731,1.12,1.87
2017.01.16 02:15:36.888,1.07298,1.07308,1.12,1.00
2017.01.16 02:15:54.795,1.07299,1.07312,1.00,2.25
2017.01.16 02:15:55.130,1.07301,1.07314,1.00,2.25
2017.01.16 02:15:55.586,1.07302,1.07315,1.12,1.87
2017.01.16 02:15:58.992,1.07301,1.07315,1.75,1.87
2017.01.16 02:15:59.498,1.07303,1.07317,1.50,1.87
2017.01.16 02:16:20.962,1.07303,1.07318,1.75,2.62
2017.01.16 02:16:28.071,1.07304,1.07318,1.75,1.75
2017.01.16 02:16:28.973,1.07305,1.07317,1.50,1.00
2017.01.16 02:16:29.748,1.07308,1.0732,1.00,1.12
2017.01.16 02:16:29.951,1.07307,1.07322,1.87,1.75
2017.01.16 02:16:38.679,1.07308,1.0732,1.87,1.00
2017.01.16 02:16:39.084,1.07303,1.07317,1.12,1.00
2017.01.16 02:16:39.390,1.07302,1.07314,2.62,1.00
2017.01.16 02:16:39.585,1.07298,1.07314,1.12,1.12
2017.01.16 02:16:40.091,1.07299,1.07315,1.50,1.12
2017.01.16 02:16:40.596,1.07301,1.07315,1.00,1.00
2017.01.16 02:16:41.213,1.07301,1.07316,1.00,1.87
2017.01.16 02:16:43.319,1.07302,1.07316,1.00,1.12
2017.01.16 02:16:43.748,1.07301,1.07316,1.75,1.87
2017.01.16 02:16:51.188,1.07302,1.07315,1.00,1.75
2017.01.16 02:16:53.597,1.07301,1.07313,1.00,1.50
2017.01.16 02:16:54.216,1.073,1.07312,1.50,1.00
2017.01.16 02:16:56.007,1.07302,1.07316,1.37,2.25
2017.01.16 02:16:56.109,1.07303,1.07315,1.50,1.00
2017.01.16 02:17:01.149,1.07305,1.07319,1.50,1.87
2017.01.16 02:17:01.554,1.07305,1.0732,1.75,1.87
2017.01.16 02:17:02.272,1.07305,1.07319,1.50,1.87
2017.01.16 02:17:02.577,1.07302,1.07316,1.50,1.75
2017.01.16 02:17:03.085,1.07302,1.07316,1.75,1.12
2017.01.16 02:17:05.634,1.073,1.07313,1.75,1.00
2017.01.16 02:17:05.786,1.07299,1.07313,1.75,1.75
2017.01.16 02:17:06.057,1.07299,1.07313,1.00,1.00
2017.01.16 02:17:06.563,1.07299,1.07313,1.12,1.87
2017.01.16 02:17:13.170,1.07294,1.07309,1.87,1.50
2017.01.16 02:17:13.694,1.07295,1.07309,1.75,1.87
2017.01.16 02:17:14.151,1.07295,1.07308,1.50,1.75
2017.01.16 02:17:14.667,1.07296,1.07309,1.00,2.25
2017.01.16 02:17:15.172,1.07296,1.07309,1.12,1.87
2017.01.16 02:17:16.356,1.07297,1.07309,1.00,1.12
2017.01.16 02:17:16.560,1.07298,1.07308,1.12,1.00
2017.01.16 02:17:17.079,1.07297,1.07312,1.75,1.87
2017.01.16 02:17:18.063,1.07298,1.07312,1.12,1.50
2017.01.16 02:17:18.114,1.07297,1.07312,1.00,1.12
2017.01.16 02:17:18.621,1.07298,1.07312,1.00,1.12
2017.01.16 02:17:19.134,1.07299,1.07313,1.00,1.87
2017.01.16 02:17:19.186,1.07299,1.07313,1.50,1.12
2017.01.16 02:17:19.492,1.07302,1.07315,1.75,1.50
2017.01.16 02:17:22.471,1.073,1.07315,1.12,1.50
2017.01.16 02:17:22.775,1.07301,1.07313,1.00,1.87
2017.01.16 02:17:23.282,1.07297,1.07311,1.75,1.50
2017.01.16 02:17:23.809,1.07298,1.07312,1.12,1.87
2017.01.16 02:17:26.590,1.07296,1.07311,1.87,1.75
2017.01.16 02:17:27.097,1.07297,1.07312,2.25,1.12
2017.01.16 02:17:27.603,1.07298,1.07313,1.50,1.87
2017.01.16 02:17:33.813,1.07298,1.07313,1.75,1.87
2017.01.16 02:17:34.323,1.07298,1.07313,1.50,1.87
2017.01.16 02:17:34.905,1.07298,1.07313,1.75,1.87
2017.01.16 02:17:35.411,1.07298,1.07313,1.50,1.87
2017.01.16 02:17:40.242,1.07296,1.07311,2.62,1.50
2017.01.16 02:17:40.886,1.073,1.07314,1.50,1.87
2017.01.16 02:17:50.573,1.07298,1.07313,2.25,1.87
2017.01.16 02:17:51.181,1.07299,1.07314,1.87,1.75
2017.01.16 02:17:55.867,1.07298,1.07312,2.25,1.75
2017.01.16 02:18:03.082,1.07297,1.07311,1.12,2.25
2017.01.16 02:18:03.285,1.07297,1.07311,1.00,1.12
2017.01.16 02:18:04.736,1.07296,1.07311,1.00,1.12
2017.01.16 02:18:05.243,1.07297,1.07311,1.00,1.12
2017.01.16 02:18:05.655,1.07295,1.07311,1.87,1.12
2017.01.16 02:18:05.757,1.07297,1.07311,1.00,1.12
2017.01.16 02:18:11.321,1.07296,1.07311,1.00,1.12
2017.01.16 02:18:13.379,1.07295,1.07311,2.62,1.12
2017.01.16 02:18:14.128,1.07296,1.07311,1.00,1.12
2017.01.16 02:18:22.220,1.07297,1.07311,1.00,1.12
2017.01.16 02:18:22.645,1.07298,1.07312,1.50,1.87
2017.01.16 02:18:25.019,1.07298,1.07312,1.75,1.12
2017.01.16 02:18:26.429,1.073,1.07315,1.12,1.75
2017.01.16 02:18:30.150,1.07301,1.07315,1.75,1.75
2017.01.16 02:19:04.473,1.07302,1.07317,1.87,1.75
2017.01.16 02:19:05.260,1.07303,1.07315,2.25,1.00
2017.01.16 02:19:05.761,1.07304,1.0732,1.12,2.62
2017.01.16 02:19:07.259,1.073,1.07316,2.62,1.50
2017.01.16 02:19:07.310,1.073,1.07316,2.62,1.87
2017.01.16 02:19:07.680,1.07299,1.07314,2.62,1.75
2017.01.16 02:19:08.187,1.07302,1.07315,1.12,1.75
2017.01.16 02:19:08.700,1.07302,1.07316,1.50,1.75
2017.01.16 02:19:14.284,1.07302,1.07317,1.75,1.87
2017.01.16 02:19:24.296,1.07303,1.07314,1.00,1.37
2017.01.16 02:19:25.917,1.07299,1.07314,1.87,1.75
2017.01.16 02:19:28.684,1.07301,1.07314,1.00,1.75
2017.01.16 02:19:50.459,1.07298,1.07312,1.75,1.87
2017.01.16 02:20:10.093,1.07301,1.07314,1.00,1.12
2017.01.16 02:20:10.245,1.07302,1.07316,1.12,1.87
2017.01.16 02:20:14.056,1.07305,1.07319,1.00,3.00
2017.01.16 02:20:14.258,1.07305,1.0732,1.75,1.87
2017.01.16 02:20:14.766,1.07305,1.0732,1.12,1.75
2017.01.16 02:20:18.754,1.07305,1.0732,1.75,1.87
2017.01.16 02:20:20.061,1.07304,1.0732,1.87,1.87
2017.01.16 02:20:45.601,1.07304,1.07319,1.75,1.87
2017.01.16 02:20:57.639,1.07305,1.07319,1.75,1.87
2017.01.16 02:20:58.249,1.07305,1.07319,1.50,1.87
2017.01.16 02:20:59.734,1.07302,1.07315,1.75,1.00
2017.01.16 02:21:00.140,1.07302,1.07317,1.50,1.87
2017.01.16 02:21:05.420,1.07301,1.07316,1.50,1.87
2017.01.16 02:21:12.962,1.07301,1.07315,1.00,1.87
2017.01.16 02:21:17.453,1.07302,1.07316,1.12,2.62
2017.01.16 02:21:31.296,1.073,1.07316,2.62,1.87
2017.01.16 02:21:31.881,1.07301,1.07316,1.50,1.87
2017.01.16 02:21:40.783,1.073,1.07315,2.62,1.75
2017.01.16 02:21:51.710,1.07301,1.07316,1.50,1.87
2017.01.16 02:21:52.219,1.07303,1.07316,1.50,1.87
2017.01.16 02:21:55.504,1.07302,1.07316,1.50,1.87
2017.01.16 02:21:58.213,1.07302,1.07316,1.50,2.62
2017.01.16 02:21:58.843,1.07302,1.07316,1.50,2.62
2017.01.16 02:22:06.921,1.07302,1.07316,1.00,2.62
2017.01.16 02:22:08.231,1.07304,1.07316,1.00,1.12
2017.01.16 02:22:08.537,1.07305,1.07319,1.50,1.87
2017.01.16 02:22:09.348,1.07302,1.07317,1.87,1.75
2017.01.16 02:22:18.971,1.07301,1.07316,1.87,2.25
2017.01.16 02:22:19.701,1.07301,1.07316,1.87,2.25
2017.01.16 02:22:25.691,1.07301,1.07315,1.50,1.75
2017.01.16 02:22:34.518,1.07301,1.07315,1.75,2.25
2017.01.16 02:22:34.769,1.07305,1.07318,1.00,2.25
2017.01.16 02:22:34.921,1.07305,1.07318,1.12,1.75
2017.01.16 02:22:35.225,1.07304,1.07318,1.75,1.50
2017.01.16 02:22:37.286,1.07303,1.07317,1.75,1.50
2017.01.16 02:22:37.337,1.07303,1.07317,1.75,1.75
2017.01.16 02:22:45.054,1.07303,1.07317,1.50,1.75
2017.01.16 02:22:49.061,1.07303,1.07317,1.75,1.75
2017.01.16 02:22:51.863,1.07301,1.07314,1.87,1.00
2017.01.16 02:22:51.965,1.073,1.07315,1.87,1.75
2017.01.16 02:22:52.170,1.07299,1.07313,1.75,1.12
2017.01.16 02:22:52.525,1.07298,1.07312,1.50,2.62
2017.01.16 02:22:52.930,1.07297,1.07311,1.12,1.75
2017.01.16 02:22:53.478,1.07298,1.07311,1.00,1.75
2017.01.16 02:22:54.088,1.07297,1.07311,1.12,1.75
2017.01.16 02:22:54.618,1.07298,1.07311,1.00,1.75
2017.01.16 02:22:55.123,1.07297,1.07311,1.12,1.75
2017.01.16 02:22:56.695,1.07297,1.07308,1.37,1.00
2017.01.16 02:22:57.014,1.07295,1.07307,1.50,1.50
2017.01.16 02:23:03.780,1.07294,1.07309,1.50,1.75
2017.01.16 02:23:04.439,1.07296,1.07308,1.00,1.75
2017.01.16 02:23:04.968,1.07295,1.07308,1.12,1.75
2017.01.16 02:23:15.596,1.07296,1.0731,1.00,2.62
2017.01.16 02:23:16.103,1.07295,1.0731,1.50,2.62
2017.01.16 02:23:41.314,1.07294,1.07307,1.50,1.75
2017.01.16 02:23:41.940,1.07291,1.07306,1.87,1.75
2017.01.16 02:23:42.461,1.07291,1.07304,1.50,1.75
2017.01.16 02:23:48.573,1.07291,1.07306,1.00,2.62
2017.01.16 02:23:49.086,1.07293,1.07307,1.00,1.75
2017.01.16 02:23:49.400,1.07296,1.07309,1.00,3.37
2017.01.16 02:23:49.603,1.07295,1.07309,1.00,1.12
2017.01.16 02:23:49.934,1.07295,1.07312,1.12,3.37
2017.01.16 02:23:50.439,1.07295,1.0731,1.87,1.00
2017.01.16 02:23:51.086,1.07295,1.07311,1.87,1.00
2017.01.16 02:23:58.583,1.07296,1.07311,1.00,1.00
2017.01.16 02:23:58.843,1.07297,1.07312,1.50,1.75
2017.01.16 02:23:59.350,1.07297,1.07312,1.87,1.75
2017.01.16 02:24:06.050,1.07295,1.0731,1.12,1.75
2017.01.16 02:24:06.598,1.07295,1.0731,1.50,1.75
2017.01.16 02:24:09.075,1.07295,1.0731,1.75,1.75
2017.01.16 02:24:16.763,1.07294,1.0731,3.37,1.75
2017.01.16 02:24:26.461,1.07295,1.0731,1.75,1.12
2017.01.16 02:24:29.262,1.07294,1.07309,1.87,1.75
2017.01.16 02:24:43.618,1.07297,1.07311,1.12,1.75
2017.01.16 02:24:53.389,1.07298,1.07312,1.00,1.12
2017.01.16 02:24:53.646,1.07297,1.07312,1.12,1.75
2017.01.16 02:24:53.799,1.07297,1.07312,1.12,2.25
2017.01.16 02:24:54.409,1.07296,1.07313,1.87,2.62
2017.01.16 02:24:56.041,1.07295,1.07309,1.12,1.50
2017.01.16 02:24:56.755,1.07297,1.07312,1.75,1.87
2017.01.16 02:25:01.135,1.07297,1.07313,1.50,1.87
2017.01.16 02:25:02.833,1.07298,1.07313,1.00,1.87
2017.01.16 02:25:04.276,1.07297,1.07313,2.25,1.87
2017.01.16 02:25:14.286,1.07298,1.07312,1.00,1.75
2017.01.16 02:25:14.798,1.07298,1.07314,1.50,2.62
2017.01.16 02:25:22.052,1.07299,1.07314,1.00,1.87
2017.01.16 02:25:22.558,1.07299,1.07314,1.00,1.75
2017.01.16 02:25:43.514,1.07298,1.07309,1.37,1.00
2017.01.16 02:25:43.818,1.07291,1.07306,1.50,1.50
2017.01.16 02:25:44.338,1.07292,1.07307,2.25,2.62
2017.01.16 02:25:51.292,1.07294,1.07309,1.00,1.87
2017.01.16 02:25:51.826,1.07293,1.07309,1.50,1.87
2017.01.16 02:25:52.453,1.07294,1.07309,1.00,1.87
2017.01.16 02:25:53.759,1.07293,1.07309,1.50,1.87
2017.01.16 02:25:54.266,1.07294,1.07309,1.00,1.87
2017.01.16 02:25:54.793,1.07293,1.07309,1.50,1.87
2017.01.16 02:25:55.967,1.07294,1.07308,1.00,1.75
2017.01.16 02:25:56.324,1.07292,1.07308,2.25,1.75
2017.01.16 02:25:56.689,1.07294,1.0731,1.87,3.00
2017.01.16 02:25:56.791,1.07295,1.0731,1.12,1.75
2017.01.16 02:25:57.321,1.07295,1.0731,1.50,1.75
2017.01.16 02:26:00.300,1.07296,1.07311,1.00,1.87
2017.01.16 02:26:00.807,1.07296,1.07312,1.50,1.75
2017.01.16 02:26:01.171,1.07296,1.07312,2.62,1.50
2017.01.16 02:26:01.678,1.07296,1.07312,2.25,1.87
2017.01.16 02:26:02.185,1.07298,1.07312,1.00,1.87
2017.01.16 02:26:02.719,1.07297,1.07312,1.50,1.75
2017.01.16 02:26:11.139,1.07297,1.07313,3.37,1.12
2017.01.16 02:26:13.119,1.073,1.07314,1.00,1.87
2017.01.16 02:26:13.423,1.07301,1.07316,1.87,1.12
2017.01.16 02:26:14.531,1.07303,1.07317,1.00,1.12
2017.01.16 02:26:14.945,1.07303,1.07318,1.00,1.75
2017.01.16 02:26:16.153,1.07303,1.07318,1.12,1.75
2017.01.16 02:26:16.356,1.07303,1.07318,1.37,1.50
2017.01.16 02:26:16.898,1.07304,1.07319,3.37,1.50
2017.01.16 02:26:17.152,1.07307,1.0732,1.00,1.12
2017.01.16 02:26:17.356,1.07309,1.07322,1.00,1.12
2017.01.16 02:26:17.483,1.07306,1.07322,1.87,1.87
2017.01.16 02:26:17.949,1.07308,1.07324,2.62,1.87
2017.01.16 02:26:19.010,1.0731,1.07324,1.00,1.12
2017.01.16 02:26:19.162,1.0731,1.07326,1.87,1.12
2017.01.16 02:26:19.264,1.0731,1.07326,1.75,1.50
2017.01.16 02:26:19.366,1.0731,1.07324,1.12,1.37
2017.01.16 02:26:19.467,1.0731,1.07323,1.00,1.12
2017.01.16 02:26:19.857,1.0731,1.07325,1.50,1.37
2017.01.16 02:26:20.862,1.07311,1.07326,1.50,1.37
2017.01.16 02:26:21.014,1.07315,1.07327,1.00,1.12
2017.01.16 02:26:21.288,1.07313,1.07329,1.12,1.12
2017.01.16 02:26:21.794,1.07312,1.07327,1.12,1.87
2017.01.16 02:26:22.339,1.07316,1.07328,1.00,1.37
2017.01.16 02:26:22.541,1.07311,1.07329,1.37,1.37
2017.01.16 02:26:22.691,1.0731,1.07326,1.00,1.37
2017.01.16 02:26:22.793,1.07308,1.07327,1.00,1.00
2017.01.16 02:26:22.844,1.07308,1.07327,1.50,1.75
2017.01.16 02:26:23.199,1.07311,1.07328,1.00,1.75
2017.01.16 02:26:23.504,1.07313,1.07329,1.00,1.87
2017.01.16 02:26:24.005,1.07314,1.07331,1.87,1.12
2017.01.16 02:26:24.240,1.07314,1.07331,1.12,1.87
2017.01.16 02:26:24.545,1.07312,1.07329,1.12,1.75
2017.01.16 02:26:24.951,1.07318,1.0733,1.00,1.12
2017.01.16 02:26:25.053,1.0732,1.07334,1.00,1.12
2017.01.16 02:26:25.155,1.0732,1.07334,1.00,1.12
2017.01.16 02:26:25.365,1.07318,1.07332,1.00,1.12
2017.01.16 02:26:25.416,1.07316,1.07332,1.00,1.75
2017.01.16 02:26:26.278,1.07318,1.07332,1.00,1.12
2017.01.16 02:26:26.824,1.07317,1.07332,1.00,1.75
2017.01.16 02:26:27.309,1.07313,1.07329,1.75,1.37
2017.01.16 02:26:27.360,1.07314,1.07328,1.12,1.37
2017.01.16 02:26:27.867,1.07315,1.0733,1.12,1.12
2017.01.16 02:26:28.408,1.07313,1.07329,1.87,1.12
2017.01.16 02:26:28.914,1.07314,1.07329,1.00,1.12
2017.01.16 02:26:29.571,1.07313,1.07329,2.25,1.12
2017.01.16 02:26:30.080,1.07314,1.0733,1.12,1.75
2017.01.16 02:26:31.174,1.07315,1.07329,1.00,1.12
2017.01.16 02:26:31.689,1.07314,1.0733,1.87,1.12
2017.01.16 02:26:32.975,1.07313,1.07329,1.50,1.12
2017.01.16 02:26:33.279,1.07315,1.0733,1.00,1.12
2017.01.16 02:26:33.482,1.07315,1.07331,1.00,1.37
2017.01.16 02:26:33.583,1.07315,1.0733,1.12,1.12
2017.01.16 02:26:34.101,1.07316,1.0733,1.12,1.37
2017.01.16 02:26:34.570,1.07311,1.07328,1.87,1.37
2017.01.16 02:26:34.875,1.07309,1.07326,1.50,1.37
2017.01.16 02:26:34.976,1.07309,1.07324,1.12,1.37
2017.01.16 02:26:35.496,1.07309,1.07324,1.50,1.75
2017.01.16 02:26:36.029,1.0731,1.07325,1.00,1.87
2017.01.16 02:26:36.790,1.07309,1.07325,2.25,1.87
2017.01.16 02:26:37.291,1.0731,1.07325,1.50,1.12
2017.01.16 02:26:37.799,1.07311,1.07326,1.00,1.87
2017.01.16 02:26:39.201,1.07312,1.07326,1.12,1.37
2017.01.16 02:26:41.269,1.07312,1.07327,1.50,1.87
2017.01.16 02:26:48.699,1.07313,1.07327,1.50,1.12
2017.01.16 02:26:49.485,1.07313,1.07327,1.00,1.37
2017.01.16 02:26:49.991,1.0731,1.07323,1.12,1.00
2017.01.16 02:26:50.093,1.07308,1.07324,1.37,1.87
2017.01.16 02:26:50.621,1.07309,1.07323,1.37,1.00
2017.01.16 02:26:50.672,1.07308,1.07321,1.87,1.00
2017.01.16 02:26:51.180,1.07309,1.07322,1.50,1.00
2017.01.16 02:26:51.585,1.07313,1.07323,1.00,1.50
2017.01.16 02:26:51.891,1.07307,1.0732,1.87,1.00
2017.01.16 02:26:52.296,1.07307,1.0732,1.00,1.00
2017.01.16 02:26:56.714,1.07306,1.07321,1.50,1.75
2017.01.16 02:26:57.623,1.07306,1.07318,1.50,1.00
2017.01.16 02:26:57.775,1.07304,1.07316,1.75,1.00
2017.01.16 02:26:57.928,1.07301,1.07315,1.87,1.00
2017.01.16 02:26:58.131,1.073,1.07314,1.87,1.12
2017.01.16 02:26:58.334,1.073,1.07314,1.12,1.75
2017.01.16 02:26:58.897,1.07301,1.07315,1.12,1.75
2017.01.16 02:26:59.201,1.07303,1.07316,1.00,1.75
2017.01.16 02:26:59.738,1.07303,1.07316,1.00,1.00
2017.01.16 02:27:00.272,1.07303,1.07317,1.00,1.12
2017.01.16 02:27:00.930,1.07304,1.07317,1.00,1.12
2017.01.16 02:27:01.436,1.07304,1.07318,1.00,1.75
2017.01.16 02:27:02.372,1.07303,1.07318,2.25,1.75
2017.01.16 02:27:02.423,1.07305,1.07318,1.00,1.75
2017.01.16 02:27:02.474,1.07303,1.07318,2.25,1.75
2017.01.16 02:27:02.981,1.07303,1.07317,1.12,1.75
2017.01.16 02:27:03.487,1.07302,1.07317,1.50,1.75
2017.01.16 02:27:03.690,1.07304,1.07317,1.00,1.75
2017.01.16 02:27:04.393,1.07303,1.07317,1.00,1.75
2017.01.16 02:27:04.899,1.07302,1.07316,1.12,1.50
2017.01.16 02:27:05.409,1.073,1.07316,3.37,1.87
2017.01.16 02:27:05.917,1.07302,1.07314,1.00,1.12
2017.01.16 02:27:06.429,1.073,1.07314,1.87,1.12
2017.01.16 02:27:06.971,1.07299,1.07315,1.87,1.00
2017.01.16 02:27:07.660,1.07301,1.07314,1.00,1.00
2017.01.16 02:27:07.964,1.073,1.07314,1.00,1.75
2017.01.16 02:27:11.614,1.07299,1.07314,1.12,1.87
2017.01.16 02:27:13.525,1.073,1.07312,1.00,1.12
2017.01.16 02:27:15.686,1.07301,1.07313,1.00,1.50
2017.01.16 02:27:16.193,1.07298,1.07313,3.00,1.12
2017.01.16 02:27:16.547,1.07298,1.07313,2.25,1.75
2017.01.16 02:27:17.090,1.07298,1.07313,1.50,1.87
2017.01.16 02:27:17.947,1.07299,1.07313,1.00,1.87
2017.01.16 02:27:18.451,1.07298,1.07313,1.50,1.87
2017.01.16 02:27:18.821,1.073,1.07315,1.00,1.87
2017.01.16 02:27:19.025,1.07301,1.07313,1.00,1.00
2017.01.16 02:27:19.574,1.073,1.07315,1.12,1.87
2017.01.16 02:27:21.457,1.07301,1.07315,1.00,1.75
2017.01.16 02:27:21.862,1.07301,1.07316,1.50,1.87
2017.01.16 02:27:25.747,1.07302,1.07316,1.87,1.12
2017.01.16 02:27:27.757,1.07302,1.07316,1.50,1.50
2017.01.16 02:27:28.303,1.07302,1.07316,1.87,1.12
2017.01.16 02:27:30.390,1.07302,1.07315,1.50,1.00
2017.01.16 02:27:30.897,1.07301,1.07315,3.00,1.50
2017.01.16 02:27:32.458,1.07302,1.07315,3.75,1.00
2017.01.16 02:27:32.560,1.07304,1.07319,1.50,1.75
2017.01.16 02:27:33.005,1.07306,1.07321,1.00,1.75
2017.01.16 02:27:33.158,1.07306,1.07319,3.00,1.00
2017.01.16 02:27:33.260,1.07307,1.07323,1.87,1.87
2017.01.16 02:27:33.768,1.07307,1.07323,1.87,1.87
2017.01.16 02:27:34.581,1.07308,1.07322,1.00,1.50
2017.01.16 02:27:35.088,1.07308,1.07322,1.37,1.12
2017.01.16 02:27:35.291,1.07307,1.07322,1.00,1.75
2017.01.16 02:27:36.452,1.07306,1.07319,1.37,1.00
2017.01.16 02:27:36.757,1.07304,1.07317,1.87,1.00
2017.01.16 02:27:37.121,1.07303,1.07319,2.25,1.75
2017.01.16 02:27:38.186,1.07301,1.07315,1.75,1.00
2017.01.16 02:27:38.705,1.073,1.07315,1.12,1.00
2017.01.16 02:27:38.807,1.073,1.07315,1.87,1.12
2017.01.16 02:27:39.443,1.073,1.07313,1.12,1.00
2017.01.16 02:27:39.900,1.073,1.07315,1.75,1.00
2017.01.16 02:27:40.448,1.073,1.07314,1.37,1.00
2017.01.16 02:27:40.601,1.07299,1.07312,1.12,1.50
2017.01.16 02:27:40.804,1.07297,1.07313,1.50,1.87
2017.01.16 02:27:41.514,1.07297,1.07313,2.62,1.87
2017.01.16 02:27:42.534,1.07296,1.0731,1.75,1.00
2017.01.16 02:27:42.787,1.07293,1.07309,3.37,1.87
2017.01.16 02:27:44.985,1.07293,1.07309,2.25,1.87
2017.01.16 02:27:45.289,1.07294,1.07309,1.00,1.75
2017.01.16 02:27:47.552,1.07296,1.0731,1.00,1.12
2017.01.16 02:27:47.921,1.07295,1.07311,2.62,1.87
2017.01.16 02:27:48.438,1.07295,1.07311,2.62,1.87
2017.01.16 02:27:48.691,1.07296,1.07306,1.00,1.00
2017.01.16 02:27:48.945,1.0729,1.07305,1.50,1.87
2017.01.16 02:27:48.996,1.0729,1.07305,1.12,1.87
2017.01.16 02:27:49.456,1.07291,1.07305,1.12,1.50
2017.01.16 02:27:49.609,1.07292,1.07306,1.50,1.87
2017.01.16 02:27:50.147,1.07291,1.07306,1.50,1.50
2017.01.16 02:27:51.285,1.07291,1.07307,2.25,1.87
2017.01.16 02:27:51.589,1.07293,1.07308,1.00,1.87
2017.01.16 02:27:52.096,1.07292,1.07307,1.87,1.50
2017.01.16 02:27:54.370,1.07293,1.07309,2.25,1.75
2017.01.16 02:27:54.904,1.07293,1.07308,1.00,1.75
2017.01.16 02:27:55.664,1.0729,1.07305,1.87,1.00
2017.01.16 02:27:56.020,1.07291,1.07307,2.25,2.62
2017.01.16 02:27:56.121,1.07293,1.07307,1.00,2.62
2017.01.16 02:27:56.637,1.07293,1.07306,1.00,1.12
2017.01.16 02:27:56.997,1.07291,1.07305,1.00,1.37
2017.01.16 02:27:57.625,1.07291,1.07305,1.50,1.12
2017.01.16 02:27:59.322,1.07291,1.07306,1.50,2.25
2017.01.16 02:28:01.354,1.07292,1.07305,1.00,1.87
2017.01.16 02:28:01.860,1.07291,1.07306,1.12,1.87
2017.01.16 02:28:02.367,1.07291,1.07305,1.37,1.12
2017.01.16 02:28:02.896,1.07291,1.07306,1.00,1.75
2017.01.16 02:28:09.628,1.07291,1.07305,1.37,1.00
2017.01.16 02:28:10.135,1.07291,1.07306,1.12,2.62
2017.01.16 02:28:11.232,1.07288,1.07303,1.50,1.00
2017.01.16 02:28:11.283,1.07288,1.07303,1.12,1.00
2017.01.16 02:28:11.900,1.07289,1.07303,1.00,1.00
2017.01.16 02:28:12.431,1.0729,1.07304,1.00,1.00
2017.01.16 02:28:12.954,1.07289,1.07304,1.00,1.00
2017.01.16 02:28:13.460,1.07288,1.07304,1.87,1.00
2017.01.16 02:28:13.512,1.0729,1.07304,1.00,1.00
2017.01.16 02:28:14.018,1.0729,1.07304,1.00,1.50
2017.01.16 02:28:15.452,1.07291,1.07305,1.00,2.62
2017.01.16 02:28:15.959,1.07291,1.07305,1.12,1.50
2017.01.16 02:28:16.576,1.07291,1.07305,1.50,1.87
2017.01.16 02:28:20.250,1.07291,1.07306,2.25,1.87
2017.01.16 02:28:21.707,1.07293,1.07306,1.00,1.87
2017.01.16 02:28:22.112,1.07294,1.07308,1.00,1.12
2017.01.16 02:28:22.365,1.07293,1.07308,2.25,1.50
2017.01.16 02:28:22.884,1.07293,1.07308,1.50,2.62
2017.01.16 02:28:23.492,1.07295,1.0731,1.12,1.87
2017.01.16 02:28:24.158,1.07295,1.07309,1.50,1.50
2017.01.16 02:28:24.665,1.07297,1.07311,1.00,1.87
2017.01.16 02:28:25.070,1.07297,1.07311,1.87,1.00
2017.01.16 02:28:26.189,1.07297,1.07313,1.87,1.87
2017.01.16 02:28:28.579,1.07298,1.07313,2.62,1.12
2017.01.16 02:28:39.024,1.07301,1.07315,1.00,1.87
2017.01.16 02:28:39.530,1.07299,1.07315,2.62,1.87
2017.01.16 02:28:40.027,1.07302,1.07317,1.00,1.75
2017.01.16 02:28:40.372,1.07301,1.07316,1.12,1.00
2017.01.16 02:28:40.423,1.073,1.07316,2.62,1.87
2017.01.16 02:28:44.529,1.07299,1.07314,1.75,1.50
2017.01.16 02:28:45.041,1.073,1.07314,1.12,1.87
2017.01.16 02:28:47.683,1.07301,1.07315,1.00,1.87
2017.01.16 02:28:48.202,1.073,1.07315,1.50,1.87
2017.01.16 02:28:48.739,1.073,1.07315,1.12,1.87
2017.01.16 02:28:50.051,1.07298,1.07314,2.62,1.87
2017.01.16 02:28:52.659,1.07297,1.07312,1.87,1.50
2017.01.16 02:28:53.165,1.07297,1.07312,1.50,1.75
2017.01.16 02:28:55.427,1.07298,1.07312,1.00,1.75
2017.01.16 02:28:59.389,1.07297,1.07312,1.50,1.75
2017.01.16 02:29:01.229,1.07298,1.07313,1.00,2.62
2017.01.16 02:29:01.741,1.07297,1.07313,2.62,2.62
2017.01.16 02:29:14.967,1.07296,1.07311,2.62,1.50
2017.01.16 02:29:21.770,1.07298,1.07312,1.00,1.87
2017.01.16 02:29:22.326,1.07297,1.07313,2.25,2.62
2017.01.16 02:29:23.094,1.07295,1.07309,1.12,1.00
2017.01.16 02:29:23.182,1.07294,1.07309,1.87,1.50
2017.01.16 02:29:23.691,1.07296,1.0731,1.00,1.87
2017.01.16 02:29:24.198,1.07297,1.0731,1.00,1.87
2017.01.16 02:29:24.921,1.07296,1.0731,1.00,1.87
2017.01.16 02:29:25.516,1.07297,1.0731,1.00,1.87
2017.01.16 02:29:26.113,1.07296,1.0731,1.00,1.87
2017.01.16 02:29:28.612,1.07295,1.0731,1.12,1.87
2017.01.16 02:29:29.117,1.07296,1.0731,1.00,1.87
2017.01.16 02:29:37.352,1.07295,1.0731,1.12,1.87
2017.01.16 02:29:37.864,1.07296,1.07311,1.12,2.25
2017.01.16 02:29:44.066,1.07297,1.07312,1.00,1.87
2017.01.16 02:29:44.577,1.07296,1.07311,1.12,2.25
2017.01.16 02:29:45.083,1.07295,1.07311,1.87,2.25
2017.01.16 02:29:46.794,1.07296,1.07311,1.12,1.75
2017.01.16 02:29:47.322,1.07296,1.07311,1.87,1.12
2017.01.16 02:29:48.846,1.07295,1.0731,1.12,1.87
2017.01.16 02:29:49.968,1.07296,1.0731,1.00,1.87
2017.01.16 02:29:50.483,1.07295,1.0731,1.12,1.87
2017.01.16 02:29:50.991,1.07296,1.07311,1.12,1.75
2017.01.16 02:29:51.143,1.07296,1.07312,1.87,1.87
2017.01.16 02:29:51.834,1.07295,1.07311,2.62,1.87
2017.01.16 02:29:53.830,1.07294,1.0731,1.50,1.87
2017.01.16 02:29:54.235,1.07296,1.07311,1.00,1.75
2017.01.16 02:29:54.539,1.07295,1.07311,1.50,3.19
2017.01.16 02:29:55.058,1.07296,1.07311,1.00,3.19
2017.01.16 02:29:55.564,1.07296,1.07311,1.00,2.62
2017.01.16 02:29:56.070,1.07295,1.07311,1.50,1.87
2017.01.16 02:29:56.578,1.07296,1.07311,1.00,1.12
2017.01.16 02:29:57.098,1.07295,1.07311,1.87,1.12
2017.01.16 02:29:57.548,1.07296,1.07312,2.62,2.62
2017.01.16 02:29:59.674,1.07297,1.07312,1.37,1.50
2017.01.16 02:30:02.054,1.07297,1.07312,1.75,1.12
2017.01.16 02:30:05.489,1.07296,1.07311,1.87,1.00
2017.01.16 02:30:06.017,1.07297,1.07312,1.75,2.25
2017.01.16 02:30:06.879,1.07297,1.07312,1.12,1.00
2017.01.16 02:30:07.510,1.07297,1.07313,1.87,1.12
2017.01.16 02:30:07.693,1.07297,1.07313,2.62,1.87
2017.01.16 02:30:08.300,1.07297,1.07313,2.62,1.50
2017.01.16 02:30:09.060,1.07297,1.07313,2.62,1.87
2017.01.16 02:30:09.873,1.07297,1.07313,2.62,1.50
2017.01.16 02:30:10.669,1.07297,1.07313,1.87,1.87
2017.01.16 02:30:12.407,1.07299,1.07314,1.87,1.50
2017.01.16 02:30:17.708,1.07299,1.07314,1.87,1.12
2017.01.16 02:30:18.292,1.07298,1.07314,1.87,1.12
2017.01.16 02:30:18.798,1.07298,1.07314,2.62,1.87
2017.01.16 02:30:19.312,1.073,1.07314,1.50,1.12
2017.01.16 02:30:19.816,1.073,1.07314,1.12,1.50
2017.01.16 02:30:20.322,1.073,1.07315,1.50,1.87
2017.01.16 02:30:20.828,1.073,1.07315,1.87,1.12
2017.01.16 02:30:25.917,1.073,1.07315,1.87,1.50
2017.01.16 02:30:26.621,1.07298,1.07314,2.62,1.87
2017.01.16 02:30:27.128,1.073,1.07315,1.50,2.62
2017.01.16 02:30:27.738,1.073,1.07315,1.75,2.25
2017.01.16 02:30:30.733,1.07299,1.07314,1.87,1.69
2017.01.16 02:30:31.038,1.07298,1.07313,1.37,1.50
2017.01.16 02:30:32.795,1.07296,1.07311,1.87,1.12
2017.01.16 02:30:32.948,1.07295,1.0731,2.25,1.00
2017.01.16 02:30:33.505,1.07298,1.07312,1.00,1.87
2017.01.16 02:30:33.933,1.07297,1.07312,1.00,1.12
2017.01.16 02:30:34.438,1.07297,1.07312,1.75,1.50
2017.01.16 02:30:35.054,1.07297,1.07312,1.50,1.87
2017.01.16 02:30:36.722,1.07297,1.07312,2.25,1.00
2017.01.16 02:30:37.229,1.07298,1.07313,1.00,1.12
2017.01.16 02:30:37.743,1.07298,1.07313,1.50,1.87
2017.01.16 02:30:39.066,1.07296,1.07312,2.25,2.25
2017.01.16 02:30:39.600,1.07296,1.07311,1.75,1.00
2017.01.16 02:30:39.905,1.07294,1.07308,1.12,1.00
2017.01.16 02:30:40.436,1.07293,1.07308,1.87,1.87
2017.01.16 02:30:40.901,1.0729,1.07305,1.87,1.12
2017.01.16 02:30:41.053,1.0729,1.07305,1.87,1.50
2017.01.16 02:30:43.945,1.0729,1.07304,1.87,1.50
2017.01.16 02:30:44.378,1.07294,1.07308,1.00,1.75
2017.01.16 02:30:44.531,1.07296,1.0731,1.00,1.12
2017.01.16 02:30:44.733,1.07296,1.0731,1.50,1.00
2017.01.16 02:30:45.240,1.07298,1.07312,1.12,1.87
2017.01.16 02:30:56.462,1.07297,1.07312,1.50,1.87
2017.01.16 02:30:56.969,1.07298,1.07313,2.62,1.50
2017.01.16 02:30:57.475,1.07298,1.07313,2.62,1.00
2017.01.16 02:31:00.894,1.07298,1.07313,1.87,1.12
2017.01.16 02:31:03.193,1.07298,1.07313,1.87,1.00
2017.01.16 02:31:03.346,1.07298,1.07313,1.87,1.50
2017.01.16 02:31:03.852,1.07297,1.07312,2.62,1.50
2017.01.16 02:31:04.452,1.07297,1.07312,2.62,1.12
2017.01.16 02:31:04.959,1.07297,1.07312,2.62,1.50
2017.01.16 02:31:05.465,1.07299,1.07312,1.12,1.12
2017.01.16 02:31:05.972,1.07299,1.07313,1.50,1.12
2017.01.16 02:31:07.293,1.07299,1.07313,1.00,1.50
2017.01.16 02:31:07.800,1.07297,1.07312,1.37,1.50
2017.01.16 02:31:09.654,1.07296,1.0731,1.12,1.00
2017.01.16 02:31:09.756,1.07295,1.07308,2.62,1.00
2017.01.16 02:31:09.857,1.07295,1.0731,1.75,1.12
2017.01.16 02:31:10.381,1.07294,1.07309,1.50,1.00
2017.01.16 02:31:10.432,1.07294,1.0731,1.87,1.00
2017.01.16 02:31:10.584,1.07297,1.07311,1.00,2.25
2017.01.16 02:31:10.889,1.07298,1.07312,1.37,1.87
2017.01.16 02:31:10.940,1.07298,1.07312,1.50,1.50
2017.01.16 02:31:12.001,1.07297,1.07311,1.75,1.00
2017.01.16 02:31:13.460,1.07296,1.07311,1.87,1.37
2017.01.16 02:31:14.199,1.07298,1.07312,1.37,1.50
2017.01.16 02:31:14.731,1.07297,1.07311,1.50,1.12
2017.01.16 02:31:15.239,1.07296,1.07311,1.87,1.50
2017.01.16 02:31:16.122,1.07298,1.07312,1.00,1.75
2017.01.16 02:31:16.426,1.07297,1.07312,1.87,1.50
2017.01.16 02:31:16.949,1.07297,1.07312,1.87,1.50
2017.01.16 02:31:17.202,1.07299,1.07313,1.37,1.50
2017.01.16 02:31:17.713,1.073,1.07315,1.87,1.50
2017.01.16 02:31:20.340,1.07301,1.07315,1.00,1.50
2017.01.16 02:31:25.826,1.073,1.07314,1.00,1.37
2017.01.16 02:31:26.534,1.073,1.07314,1.37,1.00
2017.01.16 02:31:27.158,1.07301,1.07316,1.87,1.50
2017.01.16 02:31:31.760,1.07301,1.07315,1.00,1.37
2017.01.16 02:31:32.530,1.07299,1.07313,2.25,1.00
2017.01.16 02:31:32.785,1.07299,1.07314,2.25,2.25
2017.01.16 02:31:33.403,1.07299,1.07313,2.25,1.00
2017.01.16 02:31:33.775,1.07297,1.07311,1.37,1.00
2017.01.16 02:31:33.826,1.07296,1.07311,2.62,1.12
2017.01.16 02:31:35.641,1.07298,1.07312,2.25,1.50
2017.01.16 02:31:38.736,1.073,1.07312,1.00,1.00
2017.01.16 02:31:38.944,1.073,1.07314,1.50,1.12
2017.01.16 02:31:39.442,1.07301,1.07316,1.75,1.12
2017.01.16 02:31:39.984,1.073,1.07316,3.37,1.50
2017.01.16 02:31:40.807,1.07303,1.07317,1.00,1.75
2017.01.16 02:31:41.061,1.07304,1.07317,1.12,1.00
2017.01.16 02:31:41.569,1.07302,1.07317,1.75,1.00
2017.01.16 02:31:41.931,1.07302,1.07317,1.00,1.00
2017.01.16 02:31:42.775,1.07301,1.07317,1.87,1.00
2017.01.16 02:31:43.280,1.07301,1.07317,1.00,1.87
2017.01.16 02:31:43.635,1.073,1.07314,1.75,1.00
2017.01.16 02:31:43.939,1.07301,1.07316,1.75,1.12
2017.01.16 02:31:44.447,1.07301,1.07315,1.50,1.00
2017.01.16 02:31:44.759,1.073,1.07313,1.75,1.00
2017.01.16 02:31:44.961,1.073,1.07313,1.12,1.12
2017.01.16 02:31:45.670,1.07299,1.07313,1.12,1.87
2017.01.16 02:31:46.345,1.073,1.07313,1.00,1.37
2017.01.16 02:31:46.902,1.07298,1.0731,1.75,1.00
2017.01.16 02:31:47.055,1.07297,1.0731,1.50,1.00
2017.01.16 02:31:48.112,1.07297,1.07311,1.50,1.12
2017.01.16 02:31:48.618,1.07296,1.0731,2.25,1.12
2017.01.16 02:31:54.561,1.07296,1.0731,1.12,1.50
2017.01.16 02:31:56.183,1.07298,1.0731,1.00,1.50
2017.01.16 02:31:56.589,1.07297,1.07311,1.50,1.12
2017.01.16 02:31:59.944,1.07296,1.07308,1.12,1.00
2017.01.16 02:32:00.198,1.07293,1.07307,1.87,1.87
2017.01.16 02:32:00.700,1.07293,1.07307,1.50,1.87
2017.01.16 02:32:01.314,1.07293,1.07307,1.87,1.87
2017.01.16 02:32:01.823,1.07294,1.07307,1.00,1.87
2017.01.16 02:32:02.027,1.07296,1.07309,1.00,1.12
2017.01.16 02:32:02.230,1.07297,1.07311,1.00,1.50
2017.01.16 02:32:02.281,1.07296,1.07311,1.87,1.50
2017.01.16 02:32:02.943,1.07294,1.07304,2.62,1.00
2017.01.16 02:32:03.247,1.07293,1.07301,1.50,1.00
2017.01.16 02:32:03.754,1.07293,1.073,1.12,1.00
2017.01.16 02:32:03.856,1.07292,1.07302,2.25,1.00
2017.01.16 02:32:04.009,1.07293,1.073,1.00,1.00
2017.01.16 02:32:04.269,1.07291,1.07302,1.50,1.50
2017.01.16 02:32:04.371,1.07292,1.07298,1.12,1.00
2017.01.16 02:32:04.422,1.07292,1.07302,1.12,1.00
2017.01.16 02:32:04.473,1.07292,1.07298,1.12,1.00
2017.01.16 02:32:04.524,1.07292,1.07301,1.12,1.00
2017.01.16 02:32:04.575,1.07292,1.07299,1.12,1.00
2017.01.16 02:32:05.080,1.07292,1.07299,1.50,1.00
2017.01.16 02:32:05.717,1.07292,1.073,1.50,1.00
2017.01.16 02:32:06.249,1.07292,1.073,1.12,1.00
2017.01.16 02:32:07.217,1.07291,1.07299,1.50,1.00
2017.01.16 02:32:07.521,1.07291,1.07301,2.25,1.00
2017.01.16 02:32:07.572,1.07292,1.07299,1.12,1.00
2017.01.16 02:32:07.623,1.07292,1.07302,1.50,1.00
2017.01.16 02:32:07.725,1.07293,1.073,1.00,1.00
2017.01.16 02:32:08.271,1.07293,1.07304,1.00,1.00
2017.01.16 02:32:08.323,1.07292,1.07302,1.12,1.00
2017.01.16 02:32:08.628,1.07292,1.07298,1.00,1.00
2017.01.16 02:32:08.679,1.07291,1.07301,1.00,1.00
2017.01.16 02:32:08.832,1.07292,1.07299,1.12,1.00
2017.01.16 02:32:09.339,1.0729,1.07299,1.50,1.00
2017.01.16 02:32:10.057,1.07291,1.07302,1.12,1.00
2017.01.16 02:32:11.285,1.07291,1.07303,1.12,1.00
2017.01.16 02:32:11.730,1.07292,1.07305,1.00,1.12
2017.01.16 02:32:12.239,1.07292,1.07306,1.00,1.75
2017.01.16 02:32:12.341,1.07293,1.07307,1.12,1.50
2017.01.16 02:32:12.392,1.07295,1.07307,1.00,1.50
2017.01.16 02:32:12.545,1.07294,1.07308,1.00,1.00
2017.01.16 02:32:13.067,1.07293,1.07309,1.87,1.00
2017.01.16 02:32:13.575,1.07293,1.0731,1.87,1.12
2017.01.16 02:32:13.777,1.07296,1.0731,1.12,1.00
2017.01.16 02:32:14.367,1.07295,1.0731,1.87,1.12
2017.01.16 02:32:14.672,1.07295,1.07307,1.12,1.00
2017.01.16 02:32:15.181,1.07296,1.07309,1.00,1.75
2017.01.16 02:32:15.438,1.07297,1.0731,1.00,1.50
2017.01.16 02:32:15.947,1.07297,1.0731,1.00,1.00
2017.01.16 02:32:16.480,1.07296,1.0731,1.00,1.00
2017.01.16 02:32:16.531,1.07295,1.07308,1.00,1.00
2017.01.16 02:32:17.290,1.07297,1.0731,1.00,1.87
2017.01.16 02:32:17.594,1.07301,1.07315,1.00,2.62
2017.01.16 02:32:17.746,1.07302,1.07318,1.12,2.25
2017.01.16 02:32:17.852,1.07304,1.07318,1.00,1.00
2017.01.16 02:32:18.030,1.07305,1.07321,1.12,3.00
2017.01.16 02:32:18.081,1.07307,1.07321,1.00,2.25
2017.01.16 02:32:18.234,1.07305,1.0732,1.00,1.12
2017.01.16 02:32:18.436,1.07305,1.07318,1.00,1.00
2017.01.16 02:32:18.894,1.07305,1.07316,1.00,1.00
2017.01.16 02:32:19.402,1.073,1.07315,1.87,1.00
2017.01.16 02:32:19.555,1.073,1.07315,1.50,1.87
2017.01.16 02:32:20.061,1.073,1.07315,1.12,1.87
2017.01.16 02:32:20.437,1.07299,1.07315,1.12,2.62
2017.01.16 02:32:21.457,1.07298,1.07313,1.00,1.75
2017.01.16 02:32:22.159,1.07295,1.07311,3.00,1.00
2017.01.16 02:32:22.703,1.07297,1.07312,1.00,1.12
2017.01.16 02:32:24.399,1.07297,1.07311,1.00,1.00
2017.01.16 02:32:25.575,1.07297,1.07312,1.00,1.12
2017.01.16 02:32:25.983,1.07297,1.07313,1.12,2.25
2017.01.16 02:32:26.186,1.07297,1.07312,1.50,2.25
2017.01.16 02:32:26.389,1.07295,1.07311,3.37,1.75
2017.01.16 02:32:26.896,1.07294,1.0731,1.50,2.62
2017.01.16 02:32:27.847,1.07292,1.07308,1.75,3.00
2017.01.16 02:32:27.999,1.07292,1.07307,1.50,1.37
2017.01.16 02:32:28.507,1.07293,1.07308,1.12,1.87
2017.01.16 02:32:28.821,1.07294,1.07309,1.12,3.00
2017.01.16 02:32:29.684,1.07292,1.07308,2.25,1.87
2017.01.16 02:32:30.378,1.07293,1.07307,1.00,1.00
2017.01.16 02:32:30.927,1.07292,1.07307,2.62,2.25
2017.01.16 02:32:32.347,1.0729,1.07304,1.50,1.12
2017.01.16 02:32:32.704,1.07293,1.07308,1.37,1.50
2017.01.16 02:32:33.773,1.07293,1.07308,1.87,1.50
2017.01.16 02:32:34.689,1.07294,1.07308,1.00,1.75
2017.01.16 02:32:35.229,1.07293,1.07309,2.62,1.87
2017.01.16 02:32:35.827,1.07295,1.0731,1.00,1.87
2017.01.16 02:32:36.333,1.07294,1.07309,1.12,2.25
2017.01.16 02:32:37.909,1.07292,1.07308,1.87,1.87
2017.01.16 02:32:38.458,1.07292,1.07308,2.25,1.87
2017.01.16 02:32:40.129,1.07293,1.07307,1.00,1.12
2017.01.16 02:32:42.063,1.07292,1.07307,1.87,1.12
2017.01.16 02:32:44.243,1.07292,1.07307,1.00,1.87
2017.01.16 02:32:44.789,1.07292,1.07307,1.12,1.87
2017.01.16 02:32:47.426,1.07292,1.07304,1.00,1.00
2017.01.16 02:32:47.932,1.07292,1.07305,1.00,1.12
2017.01.16 02:32:50.133,1.07292,1.07303,1.00,1.00
2017.01.16 02:32:50.184,1.07291,1.07305,2.62,1.12
2017.01.16 02:32:50.947,1.07293,1.07307,1.00,1.87
2017.01.16 02:32:51.454,1.07292,1.07307,1.87,1.50
2017.01.16 02:32:51.758,1.0729,1.07305,1.50,1.50
2017.01.16 02:32:53.750,1.0729,1.07305,1.12,1.75
2017.01.16 02:32:54.268,1.0729,1.07306,2.25,1.75
2017.01.16 02:32:54.775,1.07292,1.07307,1.50,2.25
2017.01.16 02:32:55.079,1.07294,1.07309,1.00,3.75
2017.01.16 02:32:55.282,1.07295,1.07309,1.12,1.50
2017.01.16 02:32:57.408,1.07293,1.07307,1.75,1.00
2017.01.16 02:32:57.459,1.07292,1.07307,1.37,1.50
2017.01.16 02:32:57.960,1.07291,1.07307,3.37,1.87
2017.01.16 02:32:58.467,1.07291,1.07304,1.37,1.00
2017.01.16 02:32:58.670,1.0729,1.07304,1.50,1.50
2017.01.16 02:32:58.975,1.07292,1.07306,1.00,2.62
2017.01.16 02:32:59.357,1.07292,1.07306,1.12,1.87
2017.01.16 02:32:59.840,1.0729,1.07305,1.12,1.50
2017.01.16 02:33:00.959,1.07289,1.07305,2.25,2.62
2017.01.16 02:33:01.275,1.07294,1.07306,1.00,1.75
2017.01.16 02:33:01.377,1.07293,1.07308,1.50,1.75
2017.01.16 02:33:01.883,1.07291,1.07307,2.62,2.25
2017.01.16 02:33:02.599,1.07292,1.07306,1.00,1.75
2017.01.16 02:33:03.106,1.07292,1.07307,1.87,1.75
2017.01.16 02:33:03.644,1.07294,1.07308,1.00,1.75
2017.01.16 02:33:03.898,1.07294,1.07309,1.50,1.87
2017.01.16 02:33:05.982,1.07293,1.07308,1.87,1.00
2017.01.16 02:33:06.084,1.07295,1.07309,1.00,1.87
2017.01.16 02:33:06.287,1.07293,1.07308,1.12,1.00
2017.01.16 02:33:07.001,1.07292,1.07307,1.12,1.00
2017.01.16 02:33:07.509,1.07294,1.07308,1.00,1.00
2017.01.16 02:33:07.888,1.07292,1.07306,1.12,1.50
2017.01.16 02:33:08.394,1.07293,1.07307,1.12,1.50
2017.01.16 02:33:09.094,1.07293,1.07308,1.50,1.50
2017.01.16 02:33:09.845,1.07293,1.07307,1.00,2.25
2017.01.16 02:33:10.099,1.07293,1.07307,1.87,1.12
2017.01.16 02:33:10.201,1.07293,1.07307,1.12,1.75
2017.01.16 02:33:10.561,1.07295,1.07308,1.00,1.87
2017.01.16 02:33:10.866,1.07297,1.07311,1.00,1.87
2017.01.16 02:33:11.409,1.07296,1.07311,1.00,1.87
2017.01.16 02:33:12.880,1.07295,1.0731,1.00,1.75
2017.01.16 02:33:13.187,1.07297,1.07311,1.00,1.87
2017.01.16 02:33:13.667,1.07298,1.07312,1.50,1.50
2017.01.16 02:33:13.718,1.073,1.07315,1.00,3.00
2017.01.16 02:33:14.297,1.07301,1.07316,1.87,1.75
2017.01.16 02:33:14.912,1.073,1.07316,2.25,1.75
2017.01.16 02:33:15.418,1.07301,1.07316,1.00,1.75
2017.01.16 02:33:16.099,1.07301,1.07316,1.12,1.75
2017.01.16 02:33:16.438,1.07303,1.07317,1.00,1.75
2017.01.16 02:33:16.795,1.07301,1.07314,1.00,1.12
2017.01.16 02:33:16.921,1.073,1.07314,1.00,1.75
2017.01.16 02:33:17.454,1.07298,1.07313,1.50,1.50
2017.01.16 02:33:18.112,1.073,1.07315,1.00,2.62
2017.01.16 02:33:18.619,1.07299,1.07314,1.12,2.25
2017.01.16 02:33:19.133,1.073,1.07314,1.00,1.75
2017.01.16 02:33:19.539,1.073,1.07314,1.00,1.00
2017.01.16 02:33:19.792,1.07298,1.07314,1.12,1.00
2017.01.16 02:33:20.301,1.07299,1.07312,1.00,1.12
2017.01.16 02:33:20.403,1.07297,1.07313,1.87,1.12
2017.01.16 02:33:20.913,1.07296,1.07312,1.12,1.12
2017.01.16 02:33:21.420,1.07298,1.07312,1.00,1.12
2017.01.16 02:33:22.660,1.07297,1.07312,1.00,1.00
2017.01.16 02:33:23.193,1.07298,1.07313,1.00,1.12
2017.01.16 02:33:23.523,1.07299,1.07313,1.00,1.75
2017.01.16 02:33:24.030,1.07297,1.07313,2.62,1.75
2017.01.16 02:33:24.538,1.07299,1.07313,1.00,1.75
2017.01.16 02:33:25.041,1.07298,1.07313,1.50,1.75
2017.01.16 02:33:25.648,1.07299,1.07313,1.00,1.75
2017.01.16 02:33:26.662,1.073,1.07313,1.00,1.75
2017.01.16 02:33:27.322,1.07299,1.07313,1.00,1.75
2017.01.16 02:33:27.626,1.07301,1.07314,1.00,1.75
2017.01.16 02:33:27.728,1.073,1.07314,1.12,1.50
2017.01.16 02:33:28.158,1.07298,1.07313,1.00,1.12
2017.01.16 02:33:28.209,1.07298,1.07312,1.12,1.37
2017.01.16 02:33:28.751,1.07298,1.07312,1.00,1.75
2017.01.16 02:33:29.258,1.07297,1.07312,1.00,1.87
2017.01.16 02:33:29.632,1.07294,1.07308,1.00,1.75
2017.01.16 02:33:29.987,1.07297,1.07309,1.00,1.87
2017.01.16 02:33:30.342,1.07298,1.07311,1.00,2.62
2017.01.16 02:33:30.848,1.07297,1.07311,1.00,2.62
2017.01.16 02:33:31.498,1.07298,1.07311,1.00,2.62
2017.01.16 02:33:31.802,1.07296,1.0731,1.12,2.25
2017.01.16 02:33:32.328,1.07298,1.07311,1.00,1.87
2017.01.16 02:33:32.846,1.07297,1.07311,1.00,1.87
2017.01.16 02:33:33.568,1.07296,1.07311,1.50,2.62
2017.01.16 02:33:34.127,1.07297,1.07311,1.00,2.62
2017.01.16 02:33:34.634,1.07296,1.07311,1.00,1.87
2017.01.16 02:33:35.017,1.07298,1.07312,1.00,1.87
2017.01.16 02:33:35.474,1.07298,1.07312,1.00,1.12
2017.01.16 02:33:36.267,1.07297,1.07312,1.00,1.12
2017.01.16 02:33:36.621,1.07297,1.07312,1.00,1.50
2017.01.16 02:33:37.151,1.07295,1.07308,1.12,1.12
2017.01.16 02:33:37.354,1.07295,1.07307,1.00,1.75
2017.01.16 02:33:37.405,1.07293,1.07307,1.12,1.75
2017.01.16 02:33:37.507,1.07295,1.07305,1.00,1.12
2017.01.16 02:33:37.558,1.07293,1.07305,1.12,1.00
2017.01.16 02:33:37.761,1.07295,1.07308,1.00,1.87
2017.01.16 02:33:38.451,1.07294,1.07308,1.00,1.75
2017.01.16 02:33:39.093,1.07295,1.07308,1.00,1.75
2017.01.16 02:33:39.777,1.07294,1.07307,1.00,1.75
2017.01.16 02:33:40.345,1.07294,1.07307,1.00,1.50
2017.01.16 02:33:41.526,1.07295,1.07307,1.00,1.50
2017.01.16 02:33:42.034,1.07294,1.07308,1.00,1.75
2017.01.16 02:33:42.734,1.07295,1.07308,1.00,1.75
2017.01.16 02:33:43.277,1.07294,1.07308,1.00,1.75
2017.01.16 02:33:43.823,1.07295,1.07308,1.00,1.75
2017.01.16 02:33:44.374,1.07293,1.07307,1.50,1.50
2017.01.16 02:33:44.918,1.07294,1.07307,1.00,1.75
2017.01.16 02:33:47.927,1.07295,1.07308,1.00,1.75
2017.01.16 02:33:48.181,1.07295,1.07309,1.00,1.75
2017.01.16 02:33:48.537,1.07293,1.07306,1.00,1.12
2017.01.16 02:33:49.266,1.07294,1.07307,1.00,1.75
2017.01.16 02:33:49.774,1.07292,1.07305,1.50,1.00
2017.01.16 02:33:50.318,1.07292,1.07306,1.50,1.12
2017.01.16 02:33:50.470,1.07292,1.07306,1.00,1.75
2017.01.16 02:33:51.336,1.07293,1.07306,1.00,1.75
2017.01.16 02:33:51.850,1.07293,1.07305,1.00,1.00
2017.01.16 02:33:52.622,1.07294,1.07307,1.00,1.75
2017.01.16 02:33:53.137,1.07293,1.07307,1.00,1.75
2017.01.16 02:33:54.012,1.07294,1.07307,1.00,1.75
2017.01.16 02:33:54.520,1.07293,1.07306,1.12,1.12
2017.01.16 02:33:55.027,1.07294,1.07307,1.00,1.75
2017.01.16 02:33:55.567,1.07293,1.07306,1.00,1.50
2017.01.16 02:33:56.073,1.07293,1.07307,1.00,2.62
2017.01.16 02:33:56.586,1.07293,1.07307,1.00,2.62
2017.01.16 02:34:00.206,1.07292,1.07306,1.50,1.50
2017.01.16 02:34:00.560,1.07292,1.07306,1.00,1.75
2017.01.16 02:34:01.075,1.07292,1.07305,1.00,1.50
2017.01.16 02:34:01.584,1.07291,1.07305,1.50,1.75
2017.01.16 02:34:02.192,1.07292,1.07304,1.00,1.75
2017.01.16 02:34:02.294,1.07293,1.07305,1.00,1.75
2017.01.16 02:34:02.396,1.07295,1.07307,1.00,1.75
2017.01.16 02:34:02.599,1.07295,1.07307,1.00,1.50
2017.01.16 02:34:03.103,1.07294,1.07308,1.00,1.75
2017.01.16 02:34:03.609,1.07293,1.07307,1.50,1.50
2017.01.16 02:34:03.863,1.07295,1.07308,1.00,1.75
2017.01.16 02:34:04.500,1.07295,1.07309,1.00,1.00
2017.01.16 02:34:05.032,1.07296,1.07309,1.00,1.50
2017.01.16 02:34:05.629,1.07297,1.07309,1.00,1.50
2017.01.16 02:34:06.157,1.07298,1.07312,1.12,1.75
2017.01.16 02:34:06.309,1.07299,1.07312,1.00,1.50
2017.01.16 02:34:06.815,1.07298,1.07312,1.12,1.75
2017.01.16 02:34:07.327,1.07299,1.07314,1.12,2.25
2017.01.16 02:34:08.643,1.073,1.07313,1.00,1.75
2017.01.16 02:34:09.250,1.07299,1.07313,1.12,1.75
2017.01.16 02:34:09.814,1.073,1.07314,1.00,2.25
2017.01.16 02:34:09.918,1.07299,1.07314,1.00,2.25
2017.01.16 02:34:10.526,1.07298,1.07311,1.37,1.00
2017.01.16 02:34:10.679,1.07297,1.07311,1.50,1.37
2017.01.16 02:34:10.984,1.07299,1.07311,1.00,1.75
2017.01.16 02:34:11.348,1.07296,1.07311,2.25,1.75
2017.01.16 02:34:11.551,1.07295,1.0731,1.00,1.00
2017.01.16 02:34:11.754,1.07296,1.07308,1.00,1.00
2017.01.16 02:34:11.957,1.07295,1.0731,1.00,1.00
2017.01.16 02:34:12.008,1.07296,1.0731,1.00,1.75
2017.01.16 02:34:12.515,1.07297,1.07311,1.00,2.62
2017.01.16 02:34:13.051,1.07297,1.07311,1.00,2.25
2017.01.16 02:34:13.901,1.07296,1.0731,1.50,1.50
2017.01.16 02:34:14.408,1.07298,1.0731,1.00,1.50
2017.01.16 02:34:14.921,1.07298,1.0731,1.00,1.12
2017.01.16 02:34:16.445,1.07296,1.0731,1.50,1.12
2017.01.16 02:34:16.965,1.07296,1.07309,1.12,1.12
2017.01.16 02:34:17.494,1.07297,1.07309,1.00,1.12
2017.01.16 02:34:17.901,1.07295,1.07307,1.50,1.00
2017.01.16 02:34:18.206,1.07294,1.07306,1.00,1.12
2017.01.16 02:34:18.852,1.07295,1.07307,1.00,1.50
2017.01.16 02:34:19.365,1.07294,1.07307,1.00,1.50
2017.01.16 02:34:19.876,1.07295,1.07307,1.00,1.50
2017.01.16 02:34:23.012,1.07294,1.07307,1.00,1.50
2017.01.16 02:34:23.553,1.07295,1.07307,1.00,1.50
2017.01.16 02:34:25.302,1.07296,1.07308,1.00,1.75
2017.01.16 02:34:25.555,1.07297,1.07308,1.00,1.12
2017.01.16 02:34:26.246,1.07297,1.07308,1.50,1.00
2017.01.16 02:34:26.786,1.07297,1.07309,1.00,1.12
2017.01.16 02:34:27.826,1.07298,1.07309,1.00,1.12
2017.01.16 02:34:28.234,1.07296,1.07309,1.50,1.12
2017.01.16 02:34:28.735,1.07297,1.07309,1.00,1.12
2017.01.16 02:34:29.763,1.07296,1.07309,1.12,1.12
2017.01.16 02:34:29.993,1.07295,1.07307,1.50,1.00
2017.01.16 02:34:30.520,1.07297,1.07307,1.00,1.00
2017.01.16 02:34:30.977,1.07295,1.07307,1.12,1.00
2017.01.16 02:34:31.079,1.07297,1.07306,1.00,1.00
2017.01.16 02:34:31.383,1.07297,1.07308,1.00,1.12
2017.01.16 02:34:31.645,1.07299,1.0731,1.00,1.12
2017.01.16 02:34:32.153,1.07297,1.07309,1.12,1.00
2017.01.16 02:34:32.306,1.07296,1.07306,1.87,1.00
2017.01.16 02:34:32.459,1.07295,1.07306,2.25,1.00
2017.01.16 02:34:36.538,1.07296,1.07308,1.00,1.12
2017.01.16 02:34:37.050,1.07297,1.07308,1.00,1.00
2017.01.16 02:34:38.793,1.07296,1.07308,1.12,1.00
2017.01.16 02:34:39.356,1.07295,1.07308,1.50,1.12
2017.01.16 02:34:39.901,1.07296,1.07307,1.00,1.00
2017.01.16 02:34:40.054,1.07294,1.07306,1.12,1.00
2017.01.16 02:34:40.561,1.07295,1.07306,1.00,1.00
2017.01.16 02:34:41.069,1.07294,1.07306,1.00,1.50
2017.01.16 02:34:41.597,1.07295,1.07306,1.00,1.50
2017.01.16 02:34:42.123,1.07295,1.07306,1.12,1.00
2017.01.16 02:34:45.898,1.07293,1.07305,1.87,1.00
2017.01.16 02:34:46.423,1.07293,1.07305,1.50,1.00
2017.01.16 02:34:46.930,1.07294,1.07305,1.00,1.00
2017.01.16 02:34:48.662,1.07293,1.07305,1.50,1.00
2017.01.16 02:34:48.865,1.07297,1.07306,1.00,1.12
2017.01.16 02:34:48.917,1.07295,1.07307,1.00,1.50
2017.01.16 02:34:49.120,1.07296,1.07308,1.00,1.12
2017.01.16 02:34:49.641,1.07296,1.07308,1.00,1.50
2017.01.16 02:34:50.046,1.07296,1.07309,1.50,1.12
2017.01.16 02:34:50.585,1.07297,1.07307,1.12,1.00
2017.01.16 02:34:50.687,1.07298,1.0731,1.00,1.87
2017.01.16 02:34:51.256,1.07297,1.0731,1.12,1.12
2017.01.16 02:34:51.819,1.07298,1.0731,1.00,1.12
2017.01.16 02:34:52.342,1.07299,1.07311,1.00,1.50
2017.01.16 02:34:52.858,1.07298,1.07311,1.00,1.50
2017.01.16 02:34:53.572,1.07299,1.07311,1.00,1.50
2017.01.16 02:34:54.215,1.07298,1.07311,1.00,1.50
2017.01.16 02:34:54.721,1.07299,1.07311,1.00,1.50
2017.01.16 02:34:55.083,1.07299,1.07312,1.12,1.12
2017.01.16 02:34:55.640,1.073,1.07312,1.00,1.12
2017.01.16 02:34:55.893,1.07302,1.07312,1.00,1.12
2017.01.16 02:34:56.097,1.07303,1.07318,1.50,1.87
2017.01.16 02:34:56.350,1.07301,1.07317,1.50,2.62
2017.01.16 02:34:56.866,1.073,1.07315,1.87,1.37
2017.01.16 02:34:57.322,1.07299,1.07313,1.12,1.50
2017.01.16 02:34:57.828,1.073,1.07313,1.00,1.75
2017.01.16 02:34:59.089,1.07299,1.07313,1.12,1.75
2017.01.16 02:34:59.393,1.07305,1.07315,1.00,1.12
2017.01.16 02:34:59.445,1.07303,1.07318,1.50,1.87
2017.01.16 02:34:59.597,1.07303,1.07317,1.00,1.75
2017.01.16 02:34:59.900,1.07301,1.07315,1.50,1.50
2017.01.16 02:35:00.409,1.07302,1.07315,1.00,1.50
2017.01.16 02:35:00.814,1.073,1.07314,1.50,1.50
2017.01.16 02:35:01.536,1.073,1.07314,1.12,1.75
2017.01.16 02:35:02.050,1.07301,1.07315,1.00,2.25
2017.01.16 02:35:02.860,1.073,1.07315,2.25,2.25
2017.01.16 02:35:03.215,1.07302,1.07315,1.00,1.75
2017.01.16 02:35:03.735,1.073,1.07315,1.87,1.75
2017.01.16 02:35:04.273,1.07301,1.07315,1.00,1.75
2017.01.16 02:35:06.192,1.073,1.07315,1.12,1.75
2017.01.16 02:35:06.699,1.07301,1.07315,1.00,1.75
2017.01.16 02:35:07.212,1.07299,1.07313,1.50,1.50
2017.01.16 02:35:07.415,1.07298,1.07313,1.87,1.87
2017.01.16 02:35:07.923,1.07297,1.07311,1.00,1.87
2017.01.16 02:35:08.532,1.07298,1.07311,1.00,1.87
2017.01.16 02:35:08.939,1.07299,1.07313,1.00,1.87
2017.01.16 02:35:09.142,1.07301,1.07314,1.00,2.25
2017.01.16 02:35:09.446,1.07301,1.07314,1.00,1.50
2017.01.16 02:35:09.976,1.073,1.07314,1.12,1.50
2017.01.16 02:35:10.501,1.07299,1.07314,1.12,2.25
2017.01.16 02:35:10.907,1.073,1.07314,1.00,1.50
2017.01.16 02:35:11.722,1.07299,1.07314,1.00,1.50
2017.01.16 02:35:11.823,1.07298,1.07312,1.00,1.00
2017.01.16 02:35:12.132,1.07296,1.0731,1.00,1.75
2017.01.16 02:35:12.952,1.07297,1.0731,1.00,1.75
2017.01.16 02:35:13.056,1.07295,1.0731,1.12,1.87
2017.01.16 02:35:13.335,1.07297,1.07308,1.00,1.50
2017.01.16 02:35:14.036,1.07296,1.07309,1.00,1.75
2017.01.16 02:35:14.574,1.07297,1.07309,1.00,1.75
2017.01.16 02:35:15.079,1.07296,1.0731,1.00,1.87
2017.01.16 02:35:16.488,1.07297,1.0731,1.00,1.87
2017.01.16 02:35:17.013,1.07296,1.0731,1.00,1.87
2017.01.16 02:35:17.571,1.07297,1.0731,1.00,1.87
2017.01.16 02:35:18.119,1.07296,1.0731,1.00,1.87
2017.01.16 02:35:19.827,1.07297,1.0731,1.00,1.87
2017.01.16 02:35:20.333,1.07296,1.0731,1.00,1.87
2017.01.16 02:35:20.841,1.07295,1.0731,1.50,1.87
2017.01.16 02:35:22.019,1.07297,1.0731,1.00,1.87
2017.01.16 02:35:22.555,1.07296,1.0731,1.12,1.87
2017.01.16 02:35:23.060,1.07296,1.0731,1.00,1.87
2017.01.16 02:35:23.263,1.07294,1.07309,2.25,1.75
2017.01.16 02:35:23.746,1.07296,1.07309,1.00,1.87
2017.01.16 02:35:24.050,1.07299,1.07312,1.00,1.75
2017.01.16 02:35:24.101,1.07299,1.07312,1.00,1.75
2017.01.16 02:35:24.405,1.07295,1.0731,3.00,1.12
2017.01.16 02:35:24.861,1.07294,1.07309,1.12,1.00
2017.01.16 02:35:25.013,1.07296,1.07309,1.00,1.00
2017.01.16 02:35:25.291,1.07297,1.07311,1.00,1.12
2017.01.16 02:35:25.393,1.07297,1.07311,1.00,1.75
2017.01.16 02:35:25.897,1.07297,1.07311,1.12,1.50
2017.01.16 02:35:26.480,1.07297,1.0731,1.00,1.50
2017.01.16 02:35:27.386,1.07296,1.07311,1.50,1.75
2017.01.16 02:35:27.691,1.07298,1.07311,1.00,1.75
2017.01.16 02:35:28.198,1.07295,1.07308,1.00,1.50
2017.01.16 02:35:28.789,1.07295,1.07309,1.12,1.50
2017.01.16 02:35:29.932,1.07294,1.07307,1.87,1.00
2017.01.16 02:35:30.085,1.07293,1.07306,1.50,1.12
2017.01.16 02:35:30.649,1.07294,1.07306,1.00,1.12
2017.01.16 02:35:31.184,1.07296,1.07306,1.00,1.00
2017.01.16 02:35:31.716,1.07295,1.07306,1.12,1.00
2017.01.16 02:35:32.244,1.07296,1.07306,1.00,1.00
2017.01.16 02:35:32.750,1.07295,1.07306,1.00,1.00
2017.01.16 02:35:33.258,1.07296,1.07306,1.00,1.00
2017.01.16 02:35:33.768,1.07296,1.07307,1.12,1.00
2017.01.16 02:35:34.085,1.07295,1.07305,1.50,1.00
2017.01.16 02:35:34.885,1.07294,1.07304,1.87,1.00
2017.01.16 02:35:35.480,1.07295,1.07305,1.12,1.00
2017.01.16 02:35:36.693,1.07294,1.07303,1.50,1.00
2017.01.16 02:35:36.998,1.0729,1.07299,2.25,1.00
2017.01.16 02:35:37.100,1.07289,1.07299,2.62,1.00
2017.01.16 02:35:37.425,1.07291,1.073,1.00,1.00
2017.01.16 02:35:37.713,1.07293,1.07303,1.00,1.12
2017.01.16 02:35:37.917,1.07294,1.07305,1.00,1.12
2017.01.16 02:35:39.451,1.07293,1.07303,1.50,1.00
2017.01.16 02:35:39.966,1.07292,1.07302,2.25,1.00
2017.01.16 02:35:40.017,1.07293,1.07304,1.00,1.00
2017.01.16 02:35:40.068,1.07295,1.07304,1.00,1.00
2017.01.16 02:35:40.606,1.07294,1.07305,1.50,1.00
2017.01.16 02:35:40.657,1.07295,1.07307,1.00,1.50
2017.01.16 02:35:40.709,1.07295,1.07305,1.00,1.00
2017.01.16 02:35:41.220,1.07294,1.07305,1.50,1.00
2017.01.16 02:35:41.422,1.07295,1.07307,1.00,1.12
2017.01.16 02:35:41.827,1.07296,1.07309,1.50,1.12
2017.01.16 02:35:42.344,1.07298,1.0731,1.00,1.50
2017.01.16 02:35:43.033,1.07298,1.0731,1.12,1.00
2017.01.16 02:35:44.828,1.07297,1.07309,1.87,1.00
2017.01.16 02:35:45.173,1.07295,1.07306,1.87,1.00
2017.01.16 02:35:45.224,1.07295,1.07308,1.87,1.00
2017.01.16 02:35:45.766,1.07296,1.07307,1.00,1.00
2017.01.16 02:35:45.920,1.07295,1.07305,1.12,1.00
2017.01.16 02:35:46.022,1.07293,1.07308,2.62,1.87
2017.01.16 02:35:46.554,1.07294,1.07308,1.00,1.00
2017.01.16 02:35:47.074,1.07294,1.07309,1.50,1.12
2017.01.16 02:35:47.600,1.07295,1.07309,1.00,1.12
2017.01.16 02:35:48.128,1.07294,1.07309,1.50,1.12
2017.01.16 02:35:48.482,1.07296,1.07309,1.00,1.12
2017.01.16 02:35:48.787,1.07295,1.07309,1.00,1.87
2017.01.16 02:35:49.295,1.07294,1.07309,1.87,1.87
2017.01.16 02:35:49.599,1.07296,1.07309,1.00,1.37
2017.01.16 02:35:50.135,1.07296,1.07309,1.00,1.37
2017.01.16 02:35:50.644,1.07294,1.07309,2.25,1.87
2017.01.16 02:35:51.318,1.07294,1.07309,1.50,1.87
2017.01.16 02:35:52.275,1.07295,1.07309,1.00,1.87
2017.01.16 02:35:52.781,1.07294,1.07308,1.12,1.87
2017.01.16 02:35:53.092,1.07294,1.07308,1.00,1.87
2017.01.16 02:35:53.599,1.07293,1.07307,1.00,1.75
2017.01.16 02:35:54.102,1.07292,1.07307,1.12,1.75
2017.01.16 02:35:54.603,1.07293,1.07307,1.00,1.75
2017.01.16 02:35:55.265,1.07294,1.07308,1.00,2.62
2017.01.16 02:35:55.570,1.07295,1.0731,2.25,1.75
2017.01.16 02:35:56.973,1.07294,1.07309,3.00,1.75
2017.01.16 02:35:57.508,1.07295,1.07309,1.00,1.50
2017.01.16 02:36:00.437,1.07296,1.0731,1.00,1.75
2017.01.16 02:36:00.945,1.07295,1.0731,1.50,2.25
2017.01.16 02:36:03.533,1.07296,1.07311,1.00,2.62
2017.01.16 02:36:03.891,1.07297,1.07311,1.00,1.75
2017.01.16 02:36:04.399,1.07296,1.07311,1.12,1.87
2017.01.16 02:36:04.613,1.07298,1.07312,1.00,1.12
2017.01.16 02:36:04.917,1.07297,1.07312,1.12,1.00
2017.01.16 02:36:05.422,1.07298,1.07312,1.12,1.12
2017.01.16 02:36:05.937,1.07298,1.07312,1.50,1.50
2017.01.16 02:36:06.510,1.07297,1.07311,1.12,1.50
2017.01.16 02:36:07.246,1.07298,1.07312,1.00,1.87
2017.01.16 02:36:08.191,1.07299,1.07312,1.00,1.75
2017.01.16 02:36:08.300,1.07297,1.07312,1.50,1.75
2017.01.16 02:36:09.110,1.07298,1.07312,1.00,1.75
2017.01.16 02:36:09.942,1.07298,1.07312,1.12,1.50
2017.01.16 02:36:11.896,1.07299,1.07312,1.00,1.50
2017.01.16 02:36:12.624,1.07299,1.07312,1.12,1.12
2017.01.16 02:36:13.520,1.07298,1.07312,1.50,1.50
2017.01.16 02:36:14.919,1.07298,1.07312,1.00,1.12
2017.01.16 02:36:14.970,1.07298,1.07312,1.00,1.50
2017.01.16 02:36:15.550,1.07298,1.07312,1.00,1.75
2017.01.16 02:36:16.738,1.07298,1.07312,1.00,1.75
2017.01.16 02:36:17.274,1.07298,1.07312,1.12,1.50
2017.01.16 02:36:18.596,1.07299,1.07311,1.00,1.00
2017.01.16 02:36:19.173,1.07298,1.07312,1.12,1.50
2017.01.16 02:36:20.840,1.07299,1.07312,1.00,1.50
2017.01.16 02:36:21.360,1.07298,1.07313,2.25,1.75
2017.01.16 02:36:21.853,1.07298,1.07313,1.87,1.00
2017.01.16 02:36:22.913,1.07299,1.07313,1.00,1.00
2017.01.16 02:36:23.419,1.07298,1.07313,1.12,1.00
2017.01.16 02:36:24.441,1.07299,1.07313,1.00,1.00
2017.01.16 02:36:25.297,1.07298,1.07313,1.12,1.00
2017.01.16 02:36:25.828,1.07299,1.07313,1.00,1.00
2017.01.16 02:36:26.081,1.073,1.07315,1.50,1.12
2017.01.16 02:36:26.132,1.07302,1.07316,1.00,1.87
2017.01.16 02:36:26.639,1.07303,1.07316,1.00,1.75
2017.01.16 02:36:26.740,1.07303,1.07316,1.00,1.00
2017.01.16 02:36:28.257,1.07302,1.07317,1.00,1.12
2017.01.16 02:36:28.762,1.07302,1.07316,1.00,1.00
2017.01.16 02:36:29.269,1.07303,1.07317,1.12,1.00
2017.01.16 02:36:29.774,1.07304,1.07318,1.12,1.87
2017.01.16 02:36:31.597,1.07303,1.07317,1.75,1.00
2017.01.16 02:36:32.766,1.07304,1.07317,1.12,1.12
2017.01.16 02:36:34.890,1.07304,1.07317,1.50,1.00
2017.01.16 02:36:35.444,1.07305,1.07317,1.50,1.00
2017.01.16 02:36:36.701,1.07304,1.07317,1.50,1.00
2017.01.16 02:36:37.207,1.07304,1.07318,1.75,1.00
2017.01.16 02:36:37.487,1.07308,1.07321,1.00,1.87
2017.01.16 02:36:38.005,1.07307,1.07321,1.12,1.75
2017.01.16 02:36:38.125,1.07307,1.07321,1.12,1.00
2017.01.16 02:36:38.936,1.07307,1.0732,1.12,1.00
2017.01.16 02:36:39.605,1.07305,1.0732,1.87,1.50
2017.01.16 02:36:56.003,1.07306,1.07317,1.00,1.00
2017.01.16 02:36:56.324,1.07303,1.07314,1.00,1.00
2017.01.16 02:37:03.329,1.07303,1.07313,1.00,1.00
2017.01.16 02:37:05.157,1.07302,1.07312,1.50,1.00
2017.01.16 02:37:05.702,1.07302,1.07312,1.12,1.00
2017.01.16 02:37:06.519,1.07303,1.07312,1.00,1.00
2017.01.16 02:37:07.032,1.07301,1.07312,1.37,1.00
2017.01.16 02:37:07.354,1.07302,1.0731,1.50,1.00
2017.01.16 02:37:07.860,1.07302,1.07309,1.12,1.00
2017.01.16 02:37:15.554,1.07301,1.07308,1.87,1.00
2017.01.16 02:37:15.858,1.07298,1.07305,1.12,1.00
2017.01.16 02:37:16.364,1.07298,1.07305,1.87,1.00
2017.01.16 02:37:18.570,1.07298,1.07305,1.50,1.00
2017.01.16 02:37:19.072,1.07296,1.07304,2.62,1.00
2017.01.16 02:37:19.680,1.07296,1.07304,1.50,1.00
2017.01.16 02:37:20.799,1.07297,1.07304,1.00,1.00
2017.01.16 02:37:21.335,1.07296,1.07304,1.50,1.00
2017.01.16 02:37:21.875,1.07297,1.07304,1.00,1.00
2017.01.16 02:37:22.253,1.07298,1.07306,1.00,1.00
2017.01.16 02:37:22.354,1.07297,1.07304,1.50,1.00
2017.01.16 02:37:22.506,1.07298,1.07307,1.00,1.00
2017.01.16 02:37:22.557,1.07298,1.07303,1.00,1.00
2017.01.16 02:37:22.659,1.07297,1.07306,1.50,1.00
2017.01.16 02:37:22.710,1.07298,1.07304,1.00,1.00
2017.01.16 02:37:22.862,1.07297,1.07306,1.50,1.00
2017.01.16 02:37:22.913,1.07297,1.07304,1.50,1.00
2017.01.16 02:37:23.166,1.07298,1.07306,1.00,1.00
2017.01.16 02:37:23.217,1.07298,1.07304,1.00,1.00
2017.01.16 02:37:23.268,1.07297,1.0731,1.50,1.12
2017.01.16 02:37:23.319,1.07297,1.07307,1.50,1.00
2017.01.16 02:37:23.435,1.07298,1.0731,1.00,1.12
2017.01.16 02:37:23.959,1.07297,1.0731,1.50,1.12
2017.01.16 02:37:24.263,1.07298,1.07306,1.00,1.00
2017.01.16 02:37:25.277,1.07299,1.07306,1.00,1.00
2017.01.16 02:37:25.792,1.07298,1.07306,1.12,1.00
2017.01.16 02:37:26.349,1.07299,1.07306,1.00,1.00
2017.01.16 02:37:26.865,1.07298,1.07306,1.12,1.00
2017.01.16 02:37:30.252,1.07299,1.07306,1.00,1.00
2017.01.16 02:37:30.838,1.07298,1.07306,1.12,1.00
2017.01.16 02:37:31.354,1.07299,1.07306,1.00,1.00
2017.01.16 02:37:31.860,1.07298,1.07306,1.12,1.00
2017.01.16 02:37:32.644,1.07299,1.07306,1.00,1.00
2017.01.16 02:37:33.224,1.07298,1.07306,1.12,1.00
2017.01.16 02:37:33.748,1.07299,1.07306,1.00,1.00
2017.01.16 02:37:34.203,1.07298,1.07304,1.12,1.00
2017.01.16 02:37:34.254,1.07299,1.07306,1.00,1.00
2017.01.16 02:37:34.457,1.07298,1.07303,1.37,1.00
2017.01.16 02:37:34.611,1.07298,1.07306,1.50,1.00
2017.01.16 02:37:34.763,1.07298,1.07304,1.50,1.00
2017.01.16 02:37:34.865,1.07298,1.07308,1.50,1.00
2017.01.16 02:37:34.967,1.07301,1.07309,1.00,1.50
2017.01.16 02:37:35.271,1.07299,1.07306,1.87,1.00
2017.01.16 02:37:35.423,1.073,1.07308,1.12,1.00
2017.01.16 02:37:36.673,1.07299,1.07306,2.62,1.00
2017.01.16 02:37:37.268,1.073,1.07307,1.12,1.00
2017.01.16 02:37:37.624,1.07298,1.07303,1.37,1.00
2017.01.16 02:37:37.726,1.07297,1.07307,1.87,1.50
2017.01.16 02:37:37.828,1.07296,1.07305,1.37,1.00
2017.01.16 02:37:37.980,1.07296,1.07307,1.37,1.50
2017.01.16 02:37:38.031,1.07296,1.07303,1.37,1.00
2017.01.16 02:37:38.183,1.07296,1.07306,1.37,1.00
2017.01.16 02:37:38.436,1.07296,1.07304,1.37,1.00
2017.01.16 02:37:38.693,1.07297,1.07306,1.12,1.00
2017.01.16 02:37:38.877,1.07297,1.07303,1.12,1.00
2017.01.16 02:37:38.928,1.07298,1.07306,1.00,1.00
2017.01.16 02:37:39.080,1.07297,1.07304,1.12,1.00
2017.01.16 02:37:39.232,1.07298,1.07306,1.00,1.00
2017.01.16 02:37:39.283,1.07296,1.07304,1.87,1.00
2017.01.16 02:37:39.536,1.07298,1.07307,1.00,1.00
2017.01.16 02:37:39.637,1.07298,1.07305,1.50,1.00
2017.01.16 02:37:39.840,1.07298,1.07307,1.50,1.50
2017.01.16 02:37:39.891,1.07298,1.07302,1.12,1.00
2017.01.16 02:37:40.367,1.07299,1.07304,1.00,1.00
2017.01.16 02:37:40.876,1.07299,1.07303,1.50,1.00
2017.01.16 02:37:41.489,1.07298,1.07302,2.62,1.00
2017.01.16 02:37:41.996,1.07297,1.07301,2.62,1.00
2017.01.16 02:37:42.503,1.07297,1.07301,1.12,1.00
2017.01.16 02:37:43.458,1.07298,1.07302,1.00,1.00
2017.01.16 02:37:43.964,1.07295,1.07301,1.87,1.00
2017.01.16 02:37:44.015,1.07295,1.07299,1.50,1.00
2017.01.16 02:37:44.536,1.07297,1.07301,1.00,1.00
2017.01.16 02:37:47.603,1.07295,1.07299,1.50,1.00
2017.01.16 02:37:48.159,1.07295,1.07299,1.50,1.00
2017.01.16 02:37:48.666,1.07295,1.07299,1.12,1.00
2017.01.16 02:37:49.177,1.07294,1.07298,1.87,1.00
2017.01.16 02:37:49.843,1.07296,1.073,1.00,1.00
2017.01.16 02:37:50.444,1.07295,1.07299,1.00,1.00
2017.01.16 02:37:50.971,1.07295,1.07299,1.00,1.00
2017.01.16 02:37:51.478,1.07296,1.073,1.00,1.00
2017.01.16 02:37:51.993,1.07297,1.07301,1.00,1.00
2017.01.16 02:37:54.259,1.07296,1.073,1.50,1.00
2017.01.16 02:37:54.564,1.07294,1.07298,1.50,1.00
2017.01.16 02:37:55.071,1.07294,1.07298,1.00,1.00
2017.01.16 02:37:55.426,1.07295,1.073,1.50,1.00
2017.01.16 02:37:55.742,1.07294,1.07298,1.00,1.00
2017.01.16 02:37:56.099,1.07296,1.073,1.00,1.00
2017.01.16 02:37:56.604,1.07294,1.07299,1.87,1.00
2017.01.16 02:37:57.452,1.07294,1.07298,1.12,1.00
2017.01.16 02:37:57.981,1.07295,1.07299,1.00,1.00
2017.01.16 02:37:58.438,1.07296,1.07301,1.00,1.00
2017.01.16 02:37:58.641,1.07298,1.07302,1.00,1.00
2017.01.16 02:37:58.743,1.07298,1.07304,1.12,1.00
2017.01.16 02:37:58.899,1.073,1.07304,1.00,1.00
2017.01.16 02:37:59.231,1.07301,1.07306,1.00,1.00
2017.01.16 02:37:59.435,1.073,1.07304,1.00,1.00
2017.01.16 02:37:59.947,1.07299,1.07305,1.87,1.00
2017.01.16 02:38:00.453,1.073,1.07304,1.00,1.00
2017.01.16 02:38:01.045,1.07299,1.07306,1.50,1.00
2017.01.16 02:38:01.096,1.07299,1.07304,1.50,1.00
2017.01.16 02:38:01.350,1.07298,1.07306,1.50,1.00
2017.01.16 02:38:01.451,1.07298,1.07304,1.12,1.00
2017.01.16 02:38:01.502,1.07299,1.07306,1.00,1.00
2017.01.16 02:38:01.553,1.07299,1.07303,1.00,1.00
2017.01.16 02:38:01.604,1.07299,1.07306,1.00,1.00
2017.01.16 02:38:01.655,1.07298,1.07304,1.12,1.00
2017.01.16 02:38:01.757,1.07298,1.07306,1.50,1.00
2017.01.16 02:38:01.808,1.07298,1.07303,1.50,1.00
2017.01.16 02:38:01.935,1.07299,1.07306,1.00,1.00
2017.01.16 02:38:02.038,1.07299,1.07303,1.00,1.00
2017.01.16 02:38:02.219,1.07298,1.07306,1.12,1.00
2017.01.16 02:38:02.270,1.07299,1.07303,1.00,1.00
2017.01.16 02:38:02.321,1.07299,1.07306,1.00,1.00
2017.01.16 02:38:02.422,1.07298,1.07304,1.12,1.00
2017.01.16 02:38:02.473,1.07298,1.07306,1.12,1.00
2017.01.16 02:38:02.524,1.07298,1.07303,1.50,1.00
2017.01.16 02:38:02.575,1.07299,1.07306,1.00,1.00
2017.01.16 02:38:02.626,1.07299,1.07304,1.00,1.00
2017.01.16 02:38:02.677,1.07298,1.07306,1.12,1.00
2017.01.16 02:38:02.778,1.07298,1.07304,1.50,1.00
2017.01.16 02:38:02.880,1.07299,1.07307,1.00,1.00
2017.01.16 02:38:02.931,1.07299,1.07305,1.00,1.00
2017.01.16 02:38:03.286,1.07298,1.07303,1.50,1.00
2017.01.16 02:38:03.337,1.07298,1.07305,1.12,1.00
2017.01.16 02:38:03.388,1.07299,1.07307,1.00,1.50
2017.01.16 02:38:03.439,1.07299,1.07305,1.00,1.00
2017.01.16 02:38:03.792,1.07299,1.07307,1.00,1.00
2017.01.16 02:38:03.843,1.07298,1.07305,1.12,1.00
2017.01.16 02:38:03.944,1.07299,1.07307,1.00,1.00
2017.01.16 02:38:03.996,1.07299,1.07305,1.00,1.00
2017.01.16 02:38:04.148,1.07298,1.07307,1.50,1.00
2017.01.16 02:38:04.199,1.07298,1.07305,1.50,1.00
2017.01.16 02:38:04.300,1.07298,1.07307,1.12,1.00
2017.01.16 02:38:04.402,1.07299,1.07305,1.00,1.00
2017.01.16 02:38:04.503,1.07298,1.07307,1.50,1.00
2017.01.16 02:38:04.605,1.07298,1.07304,1.12,1.00
2017.01.16 02:38:04.655,1.07298,1.07306,1.50,1.00
2017.01.16 02:38:04.808,1.07298,1.07304,1.12,1.00
2017.01.16 02:38:04.960,1.07298,1.07306,1.12,1.00
2017.01.16 02:38:05.186,1.07298,1.07304,1.00,1.00
2017.01.16 02:38:05.288,1.07298,1.07306,1.50,1.00
2017.01.16 02:38:05.339,1.07298,1.07304,1.37,1.00
2017.01.16 02:38:05.442,1.07301,1.07307,1.00,1.00
2017.01.16 02:38:05.696,1.07302,1.07309,1.00,1.00
2017.01.16 02:38:05.747,1.073,1.07307,1.50,1.00
2017.01.16 02:38:06.051,1.07302,1.07309,1.00,1.00
2017.01.16 02:38:06.356,1.073,1.07306,1.00,1.00
2017.01.16 02:38:06.407,1.073,1.07308,1.00,1.00
2017.01.16 02:38:06.762,1.07301,1.07305,1.00,1.00
2017.01.16 02:38:06.813,1.073,1.07307,1.12,1.00
2017.01.16 02:38:07.139,1.07299,1.07305,1.50,1.00
2017.01.16 02:38:07.241,1.07298,1.07307,1.87,1.00
2017.01.16 02:38:07.342,1.07299,1.07305,1.00,1.00
2017.01.16 02:38:07.493,1.07298,1.07307,1.50,1.00
2017.01.16 02:38:07.544,1.07298,1.07305,1.50,1.00
2017.01.16 02:38:07.797,1.07299,1.07307,1.00,1.00
2017.01.16 02:38:07.848,1.07299,1.07305,1.00,1.00
2017.01.16 02:38:08.354,1.07298,1.07304,1.12,1.00
2017.01.16 02:38:08.455,1.07299,1.07306,1.00,1.00
2017.01.16 02:38:08.545,1.07298,1.07302,1.00,1.00
2017.01.16 02:38:08.596,1.07298,1.07305,1.12,1.00
2017.01.16 02:38:08.748,1.07299,1.07303,1.00,1.00
2017.01.16 02:38:08.900,1.073,1.07306,1.00,1.00
2017.01.16 02:38:08.951,1.07298,1.07303,1.00,1.00
2017.01.16 02:38:09.053,1.07299,1.07306,1.00,1.00
2017.01.16 02:38:09.104,1.07299,1.07303,1.00,1.00
2017.01.16 02:38:09.482,1.07298,1.07305,1.00,1.00
2017.01.16 02:38:09.685,1.073,1.07307,1.00,1.00
2017.01.16 02:38:09.990,1.07298,1.07305,1.50,1.00
2017.01.16 02:38:10.041,1.07298,1.07307,1.12,1.00
2017.01.16 02:38:10.142,1.07299,1.07305,1.00,1.00
2017.01.16 02:38:10.193,1.07298,1.07308,1.12,1.00
2017.01.16 02:38:10.699,1.07298,1.07309,1.12,1.00
2017.01.16 02:38:11.283,1.07297,1.07304,1.12,1.00
2017.01.16 02:38:11.980,1.07298,1.07304,1.00,1.00
2017.01.16 02:38:12.837,1.07297,1.07304,1.50,1.00
2017.01.16 02:38:13.397,1.07298,1.07304,1.00,1.00
2017.01.16 02:38:14.004,1.07297,1.07304,1.12,1.00
2017.01.16 02:38:14.610,1.07298,1.07304,1.00,1.00
2017.01.16 02:38:15.140,1.07297,1.07304,1.12,1.00
2017.01.16 02:38:15.664,1.07298,1.07304,1.00,1.00
2017.01.16 02:38:16.170,1.07297,1.07304,1.12,1.00
2017.01.16 02:38:16.755,1.07298,1.07304,1.00,1.00
2017.01.16 02:38:16.908,1.07296,1.07304,1.00,1.00
2017.01.16 02:38:16.959,1.07295,1.07302,2.25,1.00
2017.01.16 02:38:17.163,1.07294,1.07301,1.12,1.00
2017.01.16 02:38:17.770,1.07295,1.07301,1.00,1.00
2017.01.16 02:38:18.308,1.07294,1.07301,1.00,1.00
2017.01.16 02:38:18.815,1.07293,1.07301,1.50,1.00
2017.01.16 02:38:18.916,1.07295,1.07301,1.00,1.00
2017.01.16 02:38:18.967,1.07293,1.07301,1.50,1.00
2017.01.16 02:38:19.119,1.07295,1.07301,1.00,1.00
2017.01.16 02:38:19.170,1.07293,1.07301,1.50,1.00
2017.01.16 02:38:19.677,1.07294,1.07301,1.00,1.00
2017.01.16 02:38:20.233,1.07295,1.07301,1.00,1.00
2017.01.16 02:38:20.903,1.07294,1.07301,1.00,1.00
2017.01.16 02:38:21.409,1.07295,1.07301,1.00,1.00
2017.01.16 02:38:21.929,1.07294,1.07302,1.00,1.00
2017.01.16 02:38:22.796,1.07295,1.07302,1.00,1.00
2017.01.16 02:38:23.353,1.07296,1.07302,1.00,1.00
2017.01.16 02:38:23.556,1.07294,1.07302,1.00,1.00
2017.01.16 02:38:24.112,1.07295,1.07302,1.00,1.00
2017.01.16 02:38:24.668,1.07294,1.07302,1.12,1.00
2017.01.16 02:38:25.235,1.07295,1.07303,1.00,1.00
2017.01.16 02:38:25.642,1.07297,1.07304,1.00,1.00
2017.01.16 02:38:26.097,1.07298,1.07306,1.00,1.00
2017.01.16 02:38:26.864,1.07297,1.07306,1.12,1.00
2017.01.16 02:38:27.164,1.07299,1.07307,1.00,1.00
2017.01.16 02:38:27.266,1.07299,1.07309,1.00,1.00
2017.01.16 02:38:27.809,1.07298,1.07309,1.12,1.00
2017.01.16 02:38:28.317,1.07298,1.07308,1.12,1.00
2017.01.16 02:38:28.873,1.07298,1.07309,1.00,1.00
2017.01.16 02:38:29.177,1.073,1.07311,1.00,1.50
2017.01.16 02:38:29.279,1.07298,1.07309,2.25,1.00
2017.01.16 02:38:29.330,1.073,1.07311,1.00,1.00
2017.01.16 02:38:29.689,1.07302,1.07313,1.00,1.00
2017.01.16 02:38:30.196,1.07301,1.07312,1.50,1.00
2017.01.16 02:38:31.313,1.07302,1.07312,1.00,1.00
2017.01.16 02:38:31.854,1.07301,1.07313,1.50,1.00
2017.01.16 02:38:32.394,1.07302,1.07313,1.12,1.00
2017.01.16 02:38:33.488,1.07301,1.07312,1.50,1.00
2017.01.16 02:38:34.046,1.07302,1.07313,1.12,1.00
2017.01.16 02:38:34.553,1.07304,1.07315,1.00,1.87
2017.01.16 02:38:34.876,1.07301,1.07312,1.87,1.00
2017.01.16 02:38:35.442,1.07302,1.07313,1.12,1.00
2017.01.16 02:38:39.849,1.07302,1.07312,1.12,1.00
2017.01.16 02:38:40.944,1.07301,1.07312,1.50,1.00
2017.01.16 02:38:41.248,1.07301,1.0731,1.12,1.00
2017.01.16 02:38:41.299,1.07301,1.07313,1.12,1.00
2017.01.16 02:38:41.350,1.07301,1.07311,1.12,1.00
2017.01.16 02:38:41.665,1.07301,1.07313,1.12,1.00
2017.01.16 02:38:41.716,1.07301,1.07311,1.12,1.00
2017.01.16 02:38:41.767,1.07301,1.07313,1.12,1.00
2017.01.16 02:38:42.175,1.07301,1.07311,1.12,1.00
2017.01.16 02:38:42.682,1.073,1.07312,1.00,1.12
2017.01.16 02:38:42.987,1.07299,1.0731,1.87,1.00
2017.01.16 02:38:43.038,1.07299,1.07312,1.87,1.00
2017.01.16 02:38:43.336,1.07303,1.07313,1.00,1.12
2017.01.16 02:38:43.438,1.07301,1.07313,1.12,1.12
2017.01.16 02:38:43.490,1.07301,1.07311,1.12,1.00
2017.01.16 02:38:43.616,1.07301,1.07313,1.50,1.00
2017.01.16 02:38:44.648,1.07301,1.07311,1.50,1.00
2017.01.16 02:38:44.699,1.07301,1.07313,1.50,1.00
2017.01.16 02:38:51.093,1.07301,1.0731,1.12,1.00
2017.01.16 02:38:51.245,1.07301,1.07312,1.12,1.00
2017.01.16 02:38:52.532,1.07301,1.0731,1.12,1.00
2017.01.16 02:38:52.583,1.07301,1.07312,1.12,1.00
2017.01.16 02:38:54.803,1.07303,1.07314,1.12,1.12
2017.01.16 02:38:55.108,1.07302,1.07312,1.87,1.00
2017.01.16 02:38:55.362,1.073,1.07313,1.50,1.12
2017.01.16 02:38:55.904,1.07301,1.07313,1.00,1.12
2017.01.16 02:38:56.432,1.07301,1.07312,1.00,1.00
2017.01.16 02:38:56.949,1.07302,1.07313,1.00,1.00
2017.01.16 02:38:57.525,1.07301,1.07313,1.12,1.00
2017.01.16 02:38:58.117,1.07301,1.07314,1.12,1.12
2017.01.16 02:38:58.624,1.07301,1.07313,1.12,1.00
2017.01.16 02:38:59.089,1.07303,1.07315,1.00,1.50
2017.01.16 02:38:59.607,1.07302,1.07315,1.00,1.50
2017.01.16 02:39:00.122,1.07303,1.07315,1.00,1.00
2017.01.16 02:39:00.669,1.07302,1.07315,1.00,1.00
2017.01.16 02:39:01.248,1.07303,1.07315,1.00,1.00
2017.01.16 02:39:01.754,1.07302,1.07315,1.00,1.00
2017.01.16 02:39:03.620,1.07303,1.07315,1.00,1.00
2017.01.16 02:39:04.161,1.07302,1.07315,1.00,1.00
2017.01.16 02:39:08.742,1.07301,1.07313,1.50,1.00
2017.01.16 02:39:09.299,1.07301,1.07314,1.12,1.12
2017.01.16 02:39:10.097,1.07302,1.07314,1.00,1.12
2017.01.16 02:39:10.630,1.07301,1.07314,1.12,1.12
2017.01.16 02:39:11.319,1.07304,1.07315,1.00,1.50
2017.01.16 02:39:11.471,1.07305,1.07317,1.00,1.12
2017.01.16 02:39:11.673,1.07302,1.07317,3.00,1.75
2017.01.16 02:39:13.801,1.07301,1.07315,3.75,1.50
2017.01.16 02:39:14.329,1.073,1.07313,1.12,1.00
2017.01.16 02:39:14.482,1.073,1.07314,1.00,1.50
2017.01.16 02:39:14.584,1.07301,1.07313,1.37,1.00
2017.01.16 02:39:15.409,1.07301,1.07313,1.00,1.12
2017.01.16 02:39:15.727,1.073,1.07311,1.87,1.00
2017.01.16 02:39:15.982,1.07302,1.07313,1.00,1.00
2017.01.16 02:39:16.117,1.073,1.07313,1.50,1.12
2017.01.16 02:39:16.168,1.07302,1.07313,1.00,1.12
2017.01.16 02:39:16.704,1.07301,1.07313,1.12,1.00
2017.01.16 02:39:17.212,1.07303,1.07314,1.00,1.12
2017.01.16 02:39:17.746,1.07302,1.07314,1.00,1.12
2017.01.16 02:39:18.254,1.07304,1.07316,1.00,1.50
2017.01.16 02:39:18.762,1.07303,1.07317,1.87,1.50
2017.01.16 02:39:19.310,1.07304,1.07317,1.00,1.50
2017.01.16 02:39:19.817,1.07303,1.07317,2.25,1.50
2017.01.16 02:39:20.431,1.07304,1.07317,1.00,1.50
2017.01.16 02:39:20.944,1.07303,1.07317,2.25,1.50
2017.01.16 02:39:23.179,1.07304,1.07318,1.50,1.75
2017.01.16 02:39:23.440,1.07305,1.0732,1.50,1.75
2017.01.16 02:39:28.931,1.07303,1.07317,2.25,1.12
2017.01.16 02:39:29.131,1.07301,1.07316,2.62,1.50
2017.01.16 02:39:31.055,1.07301,1.07315,1.50,1.37
2017.01.16 02:39:31.561,1.073,1.07312,1.37,1.00
2017.01.16 02:39:31.613,1.073,1.07315,1.50,1.50
2017.01.16 02:39:32.121,1.073,1.07314,1.12,1.50
2017.01.16 02:39:32.468,1.07302,1.07315,1.12,1.12
2017.01.16 02:39:32.975,1.07303,1.07316,1.12,1.50
2017.01.16 02:39:33.482,1.07303,1.07316,2.25,1.00
2017.01.16 02:39:34.681,1.07303,1.07317,1.50,1.12
2017.01.16 02:39:34.985,1.07301,1.07315,2.25,1.50
2017.01.16 02:39:35.495,1.07301,1.07315,1.87,1.87
2017.01.16 02:39:46.116,1.07302,1.07315,1.00,1.50
2017.01.16 02:39:46.700,1.07301,1.07316,2.25,1.00
2017.01.16 02:39:47.212,1.07302,1.07317,1.87,1.75
2017.01.16 02:39:47.718,1.07303,1.07318,1.50,1.00
2017.01.16 02:39:48.595,1.07304,1.07318,1.00,1.00
2017.01.16 02:39:49.152,1.07303,1.07318,1.87,1.00
2017.01.16 02:39:52.892,1.07302,1.07314,1.00,1.00
2017.01.16 02:39:52.995,1.07299,1.07313,1.50,1.50
2017.01.16 02:39:53.046,1.07298,1.07313,2.25,1.00
2017.01.16 02:39:53.148,1.073,1.07313,1.00,1.00
2017.01.16 02:39:53.683,1.073,1.07313,1.50,1.00
2017.01.16 02:39:53.857,1.07299,1.07313,1.00,1.00
2017.01.16 02:39:54.363,1.073,1.07313,1.00,1.00
2017.01.16 02:39:54.970,1.07299,1.07313,1.50,1.00
2017.01.16 02:39:55.483,1.073,1.07313,1.00,1.00
2017.01.16 02:39:58.416,1.07299,1.07313,1.50,1.00
2017.01.16 02:39:59.057,1.073,1.07313,1.00,1.00
2017.01.16 02:39:59.767,1.07299,1.07313,1.00,1.00
2017.01.16 02:40:00.274,1.07299,1.07313,1.12,1.50
2017.01.16 02:40:02.544,1.073,1.07313,1.00,1.50
2017.01.16 02:40:03.126,1.07299,1.07313,1.12,1.50
2017.01.16 02:40:03.177,1.07301,1.07314,1.00,1.87
2017.01.16 02:40:03.448,1.07299,1.07313,1.50,1.50
2017.01.16 02:40:03.955,1.073,1.07313,1.12,1.12
2017.01.16 02:40:04.481,1.073,1.07313,1.00,1.50
2017.01.16 02:40:06.064,1.07299,1.07314,2.25,1.75
2017.01.16 02:40:06.609,1.073,1.07312,1.12,1.00
2017.01.16 02:40:11.319,1.073,1.07314,1.12,1.50
2017.01.16 02:40:11.882,1.07299,1.07312,1.87,1.00
2017.01.16 02:40:12.428,1.073,1.07313,1.12,1.12
2017.01.16 02:40:12.934,1.07299,1.07312,1.50,1.00
2017.01.16 02:40:13.481,1.07299,1.07312,1.12,1.12
2017.01.16 02:40:13.987,1.07299,1.07311,1.12,1.00
2017.01.16 02:40:15.659,1.07298,1.07311,1.00,1.00
2017.01.16 02:40:16.215,1.07299,1.07311,1.00,1.00
2017.01.16 02:40:16.720,1.07299,1.07311,1.00,1.50
2017.01.16 02:40:17.483,1.07298,1.07312,1.00,2.25
2017.01.16 02:40:17.534,1.07298,1.07312,1.87,1.12
2017.01.16 02:40:19.887,1.073,1.07313,1.00,1.50
2017.01.16 02:40:21.720,1.07299,1.07313,1.87,1.50
2017.01.16 02:40:22.228,1.07301,1.07314,1.00,2.25
2017.01.16 02:40:22.742,1.073,1.07313,1.00,1.50
2017.01.16 02:40:26.719,1.07299,1.07313,1.12,1.50
2017.01.16 02:40:27.225,1.073,1.07313,1.00,1.50
2017.01.16 02:40:28.030,1.07299,1.07313,1.12,1.50
2017.01.16 02:40:28.596,1.073,1.07313,1.00,1.50
2017.01.16 02:40:29.540,1.07299,1.07313,1.12,1.50
2017.01.16 02:40:30.125,1.073,1.07313,1.00,1.50
2017.01.16 02:40:30.642,1.07299,1.07313,1.12,1.50
2017.01.16 02:40:31.227,1.073,1.07313,1.00,1.50
2017.01.16 02:40:31.787,1.073,1.07313,1.12,1.12
2017.01.16 02:40:32.331,1.07301,1.07313,1.00,1.12
2017.01.16 02:40:32.868,1.073,1.07313,1.12,1.12
2017.01.16 02:40:33.424,1.07301,1.07313,1.00,1.12
2017.01.16 02:40:33.981,1.073,1.07313,1.12,1.12
2017.01.16 02:40:34.555,1.07301,1.07314,1.00,2.25
2017.01.16 02:40:48.578,1.073,1.07313,1.50,1.12
2017.01.16 02:40:50.373,1.07301,1.07314,1.00,1.50
2017.01.16 02:40:50.928,1.073,1.07314,1.50,1.50
2017.01.16 02:40:51.561,1.07301,1.07314,1.00,1.50
2017.01.16 02:40:52.083,1.073,1.07314,1.50,1.50
2017.01.16 02:40:58.423,1.07301,1.07314,1.00,1.50
2017.01.16 02:40:58.974,1.073,1.07314,1.50,1.50
2017.01.16 02:41:00.945,1.07301,1.07315,1.50,1.75
2017.01.16 02:41:01.249,1.07304,1.07318,1.00,1.75
2017.01.16 02:41:01.335,1.07304,1.07318,1.12,1.50
2017.01.16 02:41:01.840,1.07305,1.07319,1.00,2.62
2017.01.16 02:41:02.452,1.07305,1.07319,1.12,2.25
2017.01.16 02:41:04.202,1.07305,1.0732,2.62,1.50
2017.01.16 02:41:05.117,1.07304,1.07318,2.62,1.00
2017.01.16 02:41:05.320,1.07303,1.07316,1.50,1.00
2017.01.16 02:41:05.826,1.07302,1.07316,2.62,1.12
2017.01.16 02:41:07.351,1.07303,1.07314,1.12,1.00
2017.01.16 02:41:07.605,1.073,1.07312,1.00,1.00
2017.01.16 02:41:14.425,1.07301,1.07314,1.00,1.75
2017.01.16 02:41:14.578,1.07299,1.07312,1.50,1.12
2017.01.16 02:41:17.992,1.073,1.07312,1.00,1.12
2017.01.16 02:41:18.543,1.07299,1.07312,1.50,1.12
2017.01.16 02:41:19.119,1.073,1.07312,1.00,1.12
2017.01.16 02:41:19.751,1.07299,1.07312,1.50,1.12
2017.01.16 02:41:20.308,1.073,1.07312,1.00,1.12
2017.01.16 02:41:20.823,1.07299,1.07312,1.50,1.12
2017.01.16 02:41:21.346,1.073,1.07312,1.00,1.12
2017.01.16 02:41:21.897,1.07299,1.07312,1.50,1.12
2017.01.16 02:41:22.442,1.073,1.07312,1.00,1.12
2017.01.16 02:41:23.061,1.07299,1.07312,1.50,1.12
2017.01.16 02:41:23.778,1.073,1.07312,1.00,1.12
2017.01.16 02:41:24.301,1.07301,1.07315,1.00,2.25
2017.01.16 02:41:24.556,1.07303,1.07316,1.00,2.25
2017.01.16 02:41:24.859,1.07303,1.07317,1.12,1.50
2017.01.16 02:41:25.567,1.07303,1.07317,2.62,1.12
2017.01.16 02:41:31.950,1.07303,1.07318,2.62,1.50
2017.01.16 02:41:32.474,1.07303,1.07318,2.62,1.50
2017.01.16 02:41:34.186,1.07305,1.07318,1.00,1.50
2017.01.16 02:41:34.699,1.07304,1.07317,1.12,1.12
2017.01.16 02:41:36.288,1.07305,1.07319,1.00,1.87
2017.01.16 02:41:36.804,1.07305,1.0732,2.25,2.25
2017.01.16 02:41:37.378,1.07306,1.0732,1.00,1.75
2017.01.16 02:41:37.720,1.07303,1.07317,1.50,1.12
2017.01.16 02:41:38.278,1.07304,1.07318,1.00,1.75
2017.01.16 02:41:41.232,1.07303,1.07318,2.25,1.75
2017.01.16 02:41:41.435,1.07306,1.07319,1.00,1.87
2017.01.16 02:41:41.587,1.07306,1.07319,1.12,1.12
2017.01.16 02:41:42.108,1.07307,1.0732,1.00,1.50
2017.01.16 02:41:42.651,1.07306,1.0732,2.25,1.50
2017.01.16 02:42:04.504,1.07305,1.07318,2.25,1.00
2017.01.16 02:42:04.708,1.07302,1.07316,1.75,1.00
2017.01.16 02:42:04.861,1.07301,1.07316,2.25,1.12
2017.01.16 02:42:05.119,1.07301,1.07313,1.75,1.00
2017.01.16 02:42:05.170,1.07304,1.07315,1.12,1.87
2017.01.16 02:42:05.474,1.073,1.07315,1.75,1.50
2017.01.16 02:42:05.829,1.073,1.07315,1.87,1.75
2017.01.16 02:42:09.853,1.073,1.07314,2.25,1.12
2017.01.16 02:42:19.602,1.07301,1.07315,1.50,1.12
2017.01.16 02:42:20.140,1.073,1.07314,2.25,1.00
2017.01.16 02:42:20.503,1.073,1.07313,1.50,1.12
2017.01.16 02:42:20.757,1.07302,1.07315,1.00,1.87
2017.01.16 02:42:21.263,1.07301,1.07315,1.12,1.87
2017.01.16 02:42:21.799,1.07301,1.07316,2.25,2.62
2017.01.16 02:42:22.343,1.073,1.07314,3.37,1.00
2017.01.16 02:42:22.851,1.07301,1.07315,1.12,1.50
2017.01.16 02:42:23.356,1.073,1.07315,2.62,1.12
2017.01.16 02:42:24.168,1.07301,1.07314,1.37,1.00
2017.01.16 02:42:25.119,1.07301,1.07314,1.12,1.12
2017.01.16 02:42:27.893,1.07302,1.07316,1.50,1.12
2017.01.16 02:42:28.298,1.07302,1.07317,2.25,1.87
2017.01.16 02:42:31.962,1.07301,1.07315,1.75,1.00
2017.01.16 02:42:32.507,1.07301,1.07315,1.50,1.50
2017.01.16 02:42:33.267,1.07303,1.07316,1.00,1.50
2017.01.16 02:42:33.775,1.07302,1.07316,1.87,1.50
2017.01.16 02:42:34.282,1.07303,1.07317,1.00,1.87
2017.01.16 02:42:34.788,1.07303,1.07317,1.12,1.50
2017.01.16 02:42:37.095,1.07303,1.07317,1.00,1.75
2017.01.16 02:42:37.596,1.07302,1.07317,2.25,1.50
2017.01.16 02:42:38.147,1.07304,1.07317,1.00,1.37
2017.01.16 02:42:38.675,1.07303,1.07318,1.87,1.75
2017.01.16 02:42:41.436,1.07301,1.07316,2.62,1.00
2017.01.16 02:42:41.538,1.07301,1.07316,2.62,1.50
2017.01.16 02:42:42.045,1.073,1.07315,2.25,1.50
2017.01.16 02:42:42.551,1.07301,1.07315,1.87,1.12
2017.01.16 02:42:48.442,1.07301,1.07314,1.50,1.00
2017.01.16 02:42:48.803,1.073,1.07313,1.50,1.37
2017.01.16 02:42:48.855,1.073,1.07314,1.50,1.12
2017.01.16 02:42:57.506,1.07302,1.07316,1.00,1.75
2017.01.16 02:42:58.020,1.07302,1.07316,1.12,1.50
2017.01.16 02:43:02.008,1.07303,1.07316,1.00,1.50
2017.01.16 02:43:02.160,1.07304,1.07317,1.12,1.00
2017.01.16 02:43:02.668,1.07302,1.07317,2.62,1.50
2017.01.16 02:43:02.871,1.07302,1.07314,1.37,1.00
2017.01.16 02:43:03.382,1.073,1.07314,1.75,1.00
2017.01.16 02:43:03.585,1.073,1.07314,1.00,1.00
2017.01.16 02:43:04.089,1.073,1.07315,1.50,1.00
2017.01.16 02:43:05.080,1.073,1.07314,1.00,1.00
2017.01.16 02:43:07.479,1.07301,1.07315,1.00,1.00
2017.01.16 02:43:07.744,1.07301,1.07312,1.00,1.00
2017.01.16 02:43:07.794,1.07298,1.07313,1.87,1.00
2017.01.16 02:43:08.322,1.07299,1.07313,1.00,1.87
2017.01.16 02:43:08.843,1.073,1.07313,1.00,1.87
2017.01.16 02:43:09.349,1.07299,1.07312,1.00,1.00
2017.01.16 02:43:09.858,1.07301,1.07313,1.00,1.00
2017.01.16 02:43:10.415,1.073,1.07314,1.12,1.50
2017.01.16 02:43:11.645,1.07301,1.07314,1.00,1.50
2017.01.16 02:43:12.172,1.07301,1.07315,1.12,2.25
2017.01.16 02:43:16.378,1.073,1.07313,1.37,1.00
2017.01.16 02:43:16.631,1.07299,1.07313,1.50,1.50
2017.01.16 02:43:17.168,1.073,1.07313,1.12,1.50
2017.01.16 02:43:26.810,1.07301,1.07313,1.00,1.12
2017.01.16 02:43:27.337,1.073,1.07313,1.12,1.12
2017.01.16 02:43:28.883,1.07301,1.07314,1.00,1.87
2017.01.16 02:43:29.507,1.073,1.07313,1.12,1.12
2017.01.16 02:43:31.723,1.07301,1.07313,1.00,1.12
2017.01.16 02:43:32.282,1.073,1.07312,1.12,1.00
2017.01.16 02:43:33.466,1.073,1.07313,1.12,1.12
2017.01.16 02:43:34.360,1.07301,1.07314,1.00,1.87
2017.01.16 02:43:34.867,1.07299,1.07313,1.50,1.12
2017.01.16 02:43:36.622,1.07301,1.07313,1.00,1.12
2017.01.16 02:43:37.143,1.07301,1.07314,1.00,2.62
2017.01.16 02:43:37.661,1.073,1.07314,1.00,2.62
2017.01.16 02:43:38.171,1.07301,1.07314,1.00,1.87
2017.01.16 02:43:39.662,1.07302,1.07315,1.00,2.62
2017.01.16 02:43:40.237,1.07301,1.07314,1.00,1.50
2017.01.16 02:43:41.269,1.07302,1.07314,1.00,1.50
2017.01.16 02:43:43.728,1.07302,1.07315,1.00,1.50
2017.01.16 02:43:44.547,1.07301,1.07315,1.12,1.50
2017.01.16 02:43:45.071,1.073,1.07313,1.37,1.00
2017.01.16 02:43:45.425,1.07299,1.07312,1.12,1.12
2017.01.16 02:43:45.779,1.07301,1.07313,1.00,1.87
2017.01.16 02:43:46.287,1.07301,1.07314,1.00,1.87
2017.01.16 02:43:47.172,1.073,1.07314,1.12,1.87
2017.01.16 02:43:47.678,1.073,1.07313,1.00,1.50
2017.01.16 02:43:50.973,1.07299,1.07313,1.12,1.87
2017.01.16 02:43:51.501,1.073,1.07312,1.00,1.50
2017.01.16 02:43:52.051,1.073,1.07312,1.00,1.87
2017.01.16 02:43:52.576,1.07301,1.07312,1.00,1.12
2017.01.16 02:43:52.880,1.07299,1.07311,1.12,1.00
2017.01.16 02:43:57.814,1.07298,1.07311,1.12,1.12
2017.01.16 02:43:58.319,1.07299,1.07311,1.00,1.12
2017.01.16 02:44:00.232,1.07298,1.07311,1.12,1.12
2017.01.16 02:44:01.271,1.07299,1.07311,1.00,1.12
2017.01.16 02:44:11.631,1.07298,1.07311,1.12,1.12
2017.01.16 02:44:12.170,1.07299,1.07311,1.00,1.12
2017.01.16 02:44:12.693,1.07298,1.07311,1.12,1.12
2017.01.16 02:44:13.582,1.07298,1.0731,1.12,1.00
2017.01.16 02:44:14.117,1.07299,1.07311,1.00,1.12
2017.01.16 02:44:14.692,1.073,1.07312,1.00,1.50
2017.01.16 02:44:14.852,1.073,1.07313,1.00,1.87
2017.01.16 02:44:15.514,1.07299,1.07313,1.00,1.87
2017.01.16 02:44:16.020,1.073,1.07313,1.00,1.87
2017.01.16 02:44:16.295,1.07299,1.07311,1.00,1.50
2017.01.16 02:44:16.700,1.07301,1.07312,1.00,1.00
2017.01.16 02:44:16.751,1.07299,1.07313,1.00,1.87
2017.01.16 02:44:17.004,1.07301,1.07313,1.00,2.25
2017.01.16 02:44:17.512,1.073,1.07312,1.12,1.00
2017.01.16 02:44:18.095,1.07299,1.07312,1.00,1.00
2017.01.16 02:44:18.601,1.073,1.07313,1.12,1.12
2017.01.16 02:44:22.576,1.07299,1.07312,1.50,1.00
2017.01.16 02:44:23.391,1.07299,1.07313,1.12,1.50
2017.01.16 02:44:23.942,1.073,1.07313,1.00,1.50
2017.01.16 02:44:29.641,1.07301,1.07314,1.00,3.37
2017.01.16 02:44:30.272,1.073,1.07314,1.00,2.62
2017.01.16 02:44:32.528,1.07301,1.07314,1.00,2.62
2017.01.16 02:44:33.153,1.073,1.07314,1.00,2.62
2017.01.16 02:44:33.670,1.07301,1.07314,1.00,2.62
2017.01.16 02:44:34.176,1.073,1.07314,1.00,4.12
2017.01.16 02:44:34.550,1.07298,1.07312,1.87,1.50
2017.01.16 02:44:35.056,1.07299,1.07311,1.00,1.12
2017.01.16 02:44:35.561,1.073,1.07311,1.00,1.00
2017.01.16 02:44:36.227,1.07299,1.07311,1.12,1.00
2017.01.16 02:44:41.653,1.073,1.07311,1.00,1.00
2017.01.16 02:44:42.215,1.07299,1.07311,1.12,1.00
2017.01.16 02:44:44.742,1.073,1.07311,1.00,1.00
2017.01.16 02:44:45.249,1.07299,1.07311,1.12,1.00
2017.01.16 02:44:45.818,1.073,1.07311,1.00,1.00
2017.01.16 02:44:46.367,1.07299,1.07311,1.12,1.00
2017.01.16 02:44:47.664,1.07298,1.07312,1.87,2.25
2017.01.16 02:44:48.171,1.07299,1.07312,1.00,2.25
2017.01.16 02:44:48.672,1.07298,1.07312,1.87,2.25
2017.01.16 02:44:49.218,1.07299,1.07312,1.00,2.25
2017.01.16 02:44:51.399,1.07298,1.07312,1.87,2.25
2017.01.16 02:44:52.641,1.07299,1.07312,1.00,3.00
2017.01.16 02:44:53.225,1.07298,1.07312,1.87,3.00
2017.01.16 02:44:53.751,1.07299,1.07312,1.00,3.00
2017.01.16 02:44:54.311,1.07298,1.07312,1.87,3.00
2017.01.16 02:44:54.959,1.07299,1.07311,1.00,1.12
2017.01.16 02:44:55.480,1.07298,1.07311,1.12,1.12
2017.01.16 02:44:55.998,1.07299,1.07311,1.00,1.12
2017.01.16 02:44:56.505,1.07299,1.07312,1.12,1.87
2017.01.16 02:45:00.097,1.073,1.07312,1.00,1.87
2017.01.16 02:45:00.738,1.07299,1.07312,1.12,1.12
2017.01.16 02:45:01.134,1.07299,1.0731,1.12,1.00
2017.01.16 02:45:02.132,1.07299,1.07311,1.12,1.00
2017.01.16 02:45:02.725,1.073,1.07311,1.00,1.00
2017.01.16 02:45:03.457,1.07299,1.07311,1.12,1.00
2017.01.16 02:45:03.963,1.073,1.07311,1.00,1.00
2017.01.16 02:45:04.681,1.07299,1.07311,1.12,1.00
2017.01.16 02:45:05.240,1.073,1.07311,1.00,1.00
2017.01.16 02:45:05.928,1.07299,1.07311,1.12,1.00
2017.01.16 02:45:06.437,1.073,1.07311,1.00,1.00
2017.01.16 02:45:06.994,1.07299,1.07311,1.12,1.00
2017.01.16 02:45:07.508,1.073,1.07311,1.00,1.00
2017.01.16 02:45:08.267,1.07299,1.07311,1.12,1.00
2017.01.16 02:45:08.813,1.073,1.07311,1.00,1.00
2017.01.16 02:45:11.725,1.07299,1.07311,1.12,1.00
2017.01.16 02:45:12.283,1.073,1.07311,1.00,1.00
2017.01.16 02:45:12.839,1.07299,1.07311,1.12,1.00
2017.01.16 02:45:14.363,1.07298,1.07311,1.12,1.12
2017.01.16 02:45:14.967,1.07299,1.07311,1.00,1.12
2017.01.16 02:45:15.484,1.073,1.07313,1.00,1.87
2017.01.16 02:45:16.021,1.07299,1.07313,1.12,1.87
2017.01.16 02:45:16.527,1.073,1.07313,1.00,1.87
2017.01.16 02:45:17.083,1.07299,1.07313,1.12,1.87
2017.01.16 02:45:17.905,1.073,1.07312,1.00,1.12
2017.01.16 02:45:18.474,1.07299,1.07313,1.12,1.50
2017.01.16 02:45:19.005,1.073,1.07313,1.00,1.50
2017.01.16 02:45:19.713,1.07299,1.07313,1.12,1.87
2017.01.16 02:45:20.480,1.073,1.07314,1.00,1.87
2017.01.16 02:45:20.986,1.07301,1.07313,1.00,1.00
2017.01.16 02:45:21.492,1.07301,1.07314,1.00,1.00
2017.01.16 02:45:22.086,1.073,1.07314,1.00,1.50
2017.01.16 02:45:22.605,1.07301,1.07314,1.00,1.00
2017.01.16 02:45:23.141,1.073,1.07314,1.00,1.00
2017.01.16 02:45:23.646,1.07301,1.07314,1.00,1.00
2017.01.16 02:45:24.155,1.073,1.07314,1.00,1.00
2017.01.16 02:45:24.766,1.07301,1.07314,1.00,1.00
2017.01.16 02:45:25.317,1.073,1.07314,1.00,1.00
2017.01.16 02:45:25.832,1.07301,1.07314,1.00,1.00
2017.01.16 02:45:26.419,1.073,1.07314,1.00,1.00
2017.01.16 02:45:26.960,1.07301,1.07314,1.00,1.00
2017.01.16 02:45:27.466,1.073,1.07314,1.00,1.00
2017.01.16 02:45:28.021,1.07301,1.07314,1.00,1.00
2017.01.16 02:45:28.530,1.073,1.07314,1.00,1.00
2017.01.16 02:45:28.833,1.07302,1.07314,1.00,1.00
2017.01.16 02:45:29.136,1.073,1.07314,1.00,1.00
2017.01.16 02:45:30.876,1.07299,1.07313,1.00,1.00
2017.01.16 02:45:31.382,1.07299,1.07312,1.00,1.00
2017.01.16 02:45:31.635,1.07301,1.07313,1.00,1.00
2017.01.16 02:45:32.142,1.073,1.07313,1.12,1.12
2017.01.16 02:45:35.250,1.07301,1.07314,1.00,2.62
2017.01.16 02:45:35.761,1.073,1.07314,1.87,1.50
2017.01.16 02:45:36.700,1.07301,1.07314,1.00,1.50
2017.01.16 02:45:37.248,1.073,1.07312,1.12,1.00
2017.01.16 02:45:37.855,1.07301,1.07312,1.00,1.00
2017.01.16 02:45:38.475,1.073,1.07312,1.12,1.00
2017.01.16 02:45:41.560,1.073,1.07313,1.12,1.12
2017.01.16 02:45:41.865,1.07302,1.07315,1.00,1.75
2017.01.16 02:45:41.917,1.07302,1.07315,1.12,1.12
2017.01.16 02:45:42.323,1.07301,1.07313,1.12,1.00
2017.01.16 02:45:43.670,1.073,1.07312,1.87,1.00
2017.01.16 02:45:44.199,1.073,1.07313,1.12,1.12
2017.01.16 02:45:44.744,1.07301,1.07313,1.00,1.12
2017.01.16 02:45:45.519,1.073,1.07312,1.12,1.00
2017.01.16 02:45:47.258,1.07301,1.07312,1.00,1.00
2017.01.16 02:45:47.829,1.073,1.07312,1.12,1.00
2017.01.16 02:45:48.344,1.07301,1.07312,1.00,1.00
2017.01.16 02:45:48.918,1.073,1.07312,1.12,1.00
2017.01.16 02:45:52.063,1.07301,1.07312,1.00,1.00
2017.01.16 02:45:52.653,1.073,1.07312,1.12,1.00
2017.01.16 02:45:53.161,1.07299,1.07311,2.06,1.00
2017.01.16 02:46:00.574,1.07299,1.07311,1.50,1.00
2017.01.16 02:46:01.086,1.073,1.07311,1.00,1.00
2017.01.16 02:46:01.642,1.07299,1.07311,1.50,1.00
2017.01.16 02:46:02.517,1.07301,1.07313,1.00,1.50
2017.01.16 02:46:03.024,1.07301,1.07314,1.12,1.50
2017.01.16 02:46:03.329,1.07302,1.07315,1.12,1.12
2017.01.16 02:46:04.595,1.07303,1.07315,1.00,1.12
2017.01.16 02:46:05.254,1.07302,1.07315,1.00,1.12
2017.01.16 02:46:05.764,1.07302,1.07314,1.00,1.00
2017.01.16 02:46:08.041,1.07301,1.07315,1.87,1.12
2017.01.16 02:46:10.088,1.07302,1.07316,1.00,1.75
2017.01.16 02:46:10.605,1.07303,1.07316,1.00,1.50
2017.01.16 02:46:11.140,1.07302,1.07316,1.12,1.50
2017.01.16 02:46:11.783,1.07303,1.07316,1.00,1.50
2017.01.16 02:46:12.214,1.07304,1.07313,1.00,1.00
2017.01.16 02:46:12.316,1.07302,1.07313,1.12,1.00
2017.01.16 02:46:12.773,1.07303,1.07314,1.50,1.00
2017.01.16 02:46:13.414,1.07303,1.07315,1.12,1.00
2017.01.16 02:46:16.494,1.07302,1.07312,1.50,1.00
2017.01.16 02:46:16.907,1.07301,1.0731,1.50,1.00
2017.01.16 02:46:16.958,1.07301,1.07312,1.50,1.00
2017.01.16 02:46:17.111,1.073,1.0731,1.87,1.00
2017.01.16 02:46:17.188,1.07301,1.07313,1.12,1.00
2017.01.16 02:46:18.392,1.07302,1.07313,1.00,1.00
2017.01.16 02:46:18.858,1.07301,1.07311,1.37,1.00
2017.01.16 02:46:18.909,1.07301,1.07313,1.12,1.00
2017.01.16 02:46:19.216,1.07301,1.07311,1.12,1.00
2017.01.16 02:46:19.723,1.07301,1.07312,1.12,1.00
2017.01.16 02:46:20.648,1.073,1.07309,1.12,1.00
2017.01.16 02:46:20.750,1.07301,1.07311,1.00,1.00
2017.01.16 02:46:21.471,1.073,1.07311,1.12,1.00
2017.01.16 02:46:21.574,1.07301,1.07309,1.00,1.00
2017.01.16 02:46:21.626,1.07301,1.07311,1.00,1.00
2017.01.16 02:46:21.779,1.07302,1.07313,1.00,1.00
2017.01.16 02:46:23.624,1.07301,1.07312,1.12,1.00
2017.01.16 02:46:23.725,1.07301,1.0731,1.12,1.00
2017.01.16 02:46:24.080,1.07301,1.07312,1.00,1.00
2017.01.16 02:46:26.159,1.073,1.0731,1.50,1.00
2017.01.16 02:46:26.683,1.07301,1.07311,1.00,1.00
2017.01.16 02:46:29.255,1.07302,1.07311,1.00,1.00
2017.01.16 02:46:29.761,1.07301,1.07312,1.12,1.00
2017.01.16 02:46:30.311,1.07301,1.07311,1.12,1.00
2017.01.16 02:46:30.716,1.07301,1.07309,1.12,1.00
2017.01.16 02:46:30.868,1.07301,1.07311,1.12,1.00
2017.01.16 02:46:31.273,1.07302,1.07313,1.00,1.00
2017.01.16 02:46:32.402,1.07301,1.07313,1.12,1.00
2017.01.16 02:46:32.453,1.07301,1.0731,1.12,1.00
2017.01.16 02:46:32.960,1.073,1.0731,1.12,1.00
2017.01.16 02:46:33.467,1.07301,1.07311,1.00,1.00
2017.01.16 02:46:34.030,1.07302,1.07312,1.00,1.00
2017.01.16 02:46:36.239,1.07302,1.07311,1.00,1.00
2017.01.16 02:46:36.746,1.07301,1.07312,1.12,1.00
2017.01.16 02:46:37.247,1.07302,1.07312,1.00,1.00
2017.01.16 02:46:37.741,1.073,1.07311,1.12,1.00
2017.01.16 02:46:38.248,1.07301,1.07311,1.00,1.00
2017.01.16 02:46:38.794,1.07301,1.07312,1.00,1.00
2017.01.16 02:46:39.343,1.07302,1.07312,1.00,1.00
2017.01.16 02:46:45.880,1.07301,1.07312,1.00,1.00
2017.01.16 02:46:52.120,1.07301,1.0731,1.12,1.00
2017.01.16 02:46:52.526,1.073,1.07308,1.37,1.00
2017.01.16 02:46:54.805,1.07298,1.07306,1.75,1.00
2017.01.16 02:46:55.261,1.07296,1.07304,1.12,1.00
2017.01.16 02:46:55.312,1.07296,1.07305,1.12,1.00
2017.01.16 02:46:55.363,1.07294,1.07308,1.67,1.50
2017.01.16 02:46:55.414,1.07295,1.07308,1.72,1.50
2017.01.16 02:46:55.692,1.07298,1.07312,1.00,2.25
2017.01.16 02:46:56.211,1.07299,1.07312,1.00,1.75
2017.01.16 02:46:56.742,1.07298,1.07312,1.12,1.50
2017.01.16 02:46:57.277,1.07299,1.07312,1.00,1.50
2017.01.16 02:46:57.805,1.07298,1.07312,1.12,1.50
2017.01.16 02:46:58.393,1.07299,1.07312,1.00,1.50
2017.01.16 02:46:58.928,1.07298,1.07312,1.12,1.50
2017.01.16 02:46:59.351,1.07297,1.0731,1.37,1.37
2017.01.16 02:46:59.838,1.07302,1.0731,1.00,1.12
2017.01.16 02:46:59.889,1.07299,1.0731,1.00,1.12
2017.01.16 02:46:59.940,1.07297,1.0731,1.12,1.12
2017.01.16 02:47:00.042,1.07299,1.07312,1.00,2.25
2017.01.16 02:47:00.295,1.07298,1.07312,1.50,1.87
2017.01.16 02:47:03.229,1.07296,1.07307,1.87,1.00
2017.01.16 02:47:03.281,1.07295,1.07309,4.35,1.00
2017.01.16 02:47:03.384,1.07295,1.07309,3.37,1.12
2017.01.16 02:47:03.536,1.07298,1.07311,1.00,1.75
2017.01.16 02:47:03.688,1.07298,1.07312,1.12,1.50
2017.01.16 02:47:04.224,1.07299,1.07313,1.87,2.25
2017.01.16 02:47:04.782,1.073,1.07314,1.00,3.00
2017.01.16 02:47:05.288,1.07299,1.07314,1.87,3.00
2017.01.16 02:47:05.907,1.073,1.07314,1.00,3.00
2017.01.16 02:47:06.428,1.07299,1.07314,1.87,3.00
2017.01.16 02:47:08.794,1.073,1.07313,1.00,2.25
2017.01.16 02:47:09.303,1.07299,1.07313,1.12,2.25
2017.01.16 02:47:10.410,1.073,1.07313,1.00,2.25
2017.01.16 02:47:10.931,1.07299,1.07313,1.87,1.50
2017.01.16 02:47:11.639,1.073,1.07313,1.00,2.25
2017.01.16 02:47:12.217,1.07299,1.07313,1.87,2.25
2017.01.16 02:47:12.740,1.073,1.07313,1.00,2.25
2017.01.16 02:47:13.265,1.07299,1.07313,1.87,2.25
2017.01.16 02:47:13.776,1.073,1.07313,1.00,2.25
2017.01.16 02:47:14.356,1.07299,1.07313,1.87,2.25
2017.01.16 02:47:14.861,1.073,1.07313,1.00,2.25
2017.01.16 02:47:15.600,1.07299,1.07313,1.12,3.00
2017.01.16 02:47:16.460,1.073,1.07313,1.00,3.00
2017.01.16 02:47:17.039,1.07299,1.07313,1.12,3.00
2017.01.16 02:47:18.001,1.073,1.07313,1.00,1.50
2017.01.16 02:47:18.406,1.07301,1.07314,1.87,1.00
2017.01.16 02:47:19.766,1.07302,1.07316,1.00,1.75
2017.01.16 02:47:20.271,1.07302,1.07316,1.00,1.50
2017.01.16 02:47:29.268,1.07301,1.07316,3.00,1.75
2017.01.16 02:47:29.420,1.073,1.07315,1.87,1.50
2017.01.16 02:47:30.290,1.073,1.07315,2.62,1.50
2017.01.16 02:47:31.026,1.073,1.07313,1.87,1.00
2017.01.16 02:47:31.230,1.07299,1.0731,1.50,1.00
2017.01.16 02:47:31.382,1.07299,1.07312,1.30,1.87
2017.01.16 02:47:31.889,1.07298,1.07311,1.12,1.12
2017.01.16 02:47:32.396,1.07297,1.07309,1.75,1.00
2017.01.16 02:47:32.700,1.07301,1.0731,1.00,1.12
2017.01.16 02:47:32.953,1.07301,1.07313,1.12,1.00
2017.01.16 02:47:33.459,1.07301,1.07314,1.12,1.87
2017.01.16 02:47:36.085,1.07299,1.07312,1.75,1.00
2017.01.16 02:47:36.239,1.07301,1.07314,1.12,1.12
2017.01.16 02:47:38.630,1.07299,1.07312,2.62,1.00
2017.01.16 02:47:38.885,1.073,1.07314,1.87,2.62
2017.01.16 02:47:39.392,1.073,1.07314,1.12,2.25
2017.01.16 02:47:39.493,1.07299,1.07311,1.37,1.00
2017.01.16 02:47:40.001,1.07298,1.07312,2.25,1.12
2017.01.16 02:47:41.037,1.073,1.07313,1.00,2.25
2017.01.16 02:47:42.119,1.07299,1.07314,1.87,2.25
2017.01.16 02:47:42.444,1.07301,1.07314,1.00,2.25
2017.01.16 02:47:43.254,1.073,1.07314,1.12,1.50
2017.01.16 02:47:44.162,1.07301,1.07314,1.00,1.50
2017.01.16 02:47:44.803,1.073,1.07314,1.12,1.50
2017.01.16 02:47:45.699,1.07301,1.07314,1.00,1.50
2017.01.16 02:47:46.334,1.073,1.07314,1.12,1.50
2017.01.16 02:47:53.723,1.07301,1.07313,1.00,1.12
2017.01.16 02:47:54.231,1.073,1.07314,1.87,1.37
2017.01.16 02:47:54.785,1.07301,1.07314,1.00,1.50
2017.01.16 02:47:55.672,1.07302,1.07315,1.00,2.25
2017.01.16 02:47:56.179,1.07301,1.07315,1.00,2.25
2017.01.16 02:47:56.691,1.07301,1.07315,1.12,2.25
2017.01.16 02:47:57.370,1.07302,1.07315,1.00,2.25
2017.01.16 02:47:58.000,1.07301,1.07315,1.50,2.25
2017.01.16 02:47:58.608,1.07302,1.07315,1.00,2.25
2017.01.16 02:47:59.133,1.07301,1.07315,1.50,2.25
2017.01.16 02:47:59.665,1.07302,1.07315,1.00,2.25
2017.01.16 02:48:00.204,1.07301,1.07315,1.50,2.25
2017.01.16 02:48:01.053,1.07302,1.07315,1.00,2.25
2017.01.16 02:48:01.577,1.07301,1.07315,1.50,3.00
2017.01.16 02:48:01.968,1.07301,1.07311,1.00,1.00
2017.01.16 02:48:02.121,1.07299,1.07313,2.25,1.50
2017.01.16 02:48:02.638,1.073,1.07314,1.00,3.00
2017.01.16 02:48:02.739,1.07302,1.07315,1.00,2.25
2017.01.16 02:48:02.891,1.07302,1.07316,1.00,1.75
2017.01.16 02:48:08.607,1.07301,1.07315,1.50,2.25
2017.01.16 02:48:08.911,1.07304,1.07315,1.00,1.12
2017.01.16 02:48:08.962,1.07302,1.07315,1.12,1.12
2017.01.16 02:48:09.469,1.07302,1.07316,1.00,2.25
2017.01.16 02:48:12.790,1.07301,1.07316,1.87,2.25
2017.01.16 02:48:13.360,1.07299,1.07311,1.87,1.50
2017.01.16 02:48:13.511,1.07298,1.07313,2.62,1.75
2017.01.16 02:48:13.562,1.073,1.07314,1.00,3.00
2017.01.16 02:48:13.984,1.073,1.07313,3.00,1.12
2017.01.16 02:48:14.059,1.07302,1.07315,1.12,1.12
2017.01.16 02:48:18.680,1.07302,1.07312,1.00,1.00
2017.01.16 02:48:18.782,1.07301,1.07315,1.37,2.25
2017.01.16 02:48:18.934,1.07301,1.07315,1.00,3.00
2017.01.16 02:48:19.036,1.07301,1.07315,1.50,2.62
2017.01.16 02:48:19.590,1.07301,1.07315,1.12,3.00
2017.01.16 02:48:25.884,1.073,1.07313,1.50,1.00
2017.01.16 02:48:26.036,1.07299,1.07313,1.12,1.50
2017.01.16 02:48:26.557,1.073,1.07313,1.00,1.50
2017.01.16 02:48:27.070,1.07299,1.07313,1.12,1.50
2017.01.16 02:48:29.222,1.073,1.07313,1.00,1.50
2017.01.16 02:48:29.745,1.07299,1.07313,1.12,1.50
2017.01.16 02:48:31.336,1.073,1.07313,1.00,1.50
2017.01.16 02:48:31.741,1.07301,1.07315,1.12,2.25
2017.01.16 02:48:32.552,1.07301,1.07315,2.25,1.12
2017.01.16 02:48:32.745,1.07304,1.07317,1.00,2.25
2017.01.16 02:48:33.271,1.07302,1.07317,2.25,1.50
2017.01.16 02:48:35.117,1.07302,1.07315,1.50,1.00
2017.01.16 02:48:35.522,1.073,1.07313,1.87,1.00
2017.01.16 02:48:35.674,1.073,1.07313,1.87,1.12
2017.01.16 02:48:36.180,1.07301,1.07313,1.12,1.00
2017.01.16 02:48:36.712,1.073,1.07312,1.87,1.00
2017.01.16 02:48:37.067,1.07302,1.07315,1.00,3.00
2017.01.16 02:48:37.815,1.07301,1.07315,1.12,1.50
2017.01.16 02:48:39.242,1.07302,1.07314,1.00,1.00
2017.01.16 02:48:39.786,1.07302,1.07316,1.87,2.25
2017.01.16 02:48:40.321,1.07301,1.07314,1.50,1.00
2017.01.16 02:48:40.373,1.073,1.07314,1.50,2.25
2017.01.16 02:48:41.102,1.07301,1.07314,1.00,1.50
2017.01.16 02:48:41.640,1.073,1.07314,1.50,1.12
2017.01.16 02:48:44.299,1.073,1.07315,1.87,2.25
2017.01.16 02:48:45.169,1.07301,1.07315,1.00,1.75
2017.01.16 02:48:45.675,1.073,1.07313,1.12,1.12
2017.01.16 02:48:48.613,1.07301,1.07314,1.00,1.50
2017.01.16 02:48:48.765,1.07299,1.0731,2.25,1.00
2017.01.16 02:48:49.019,1.07299,1.07312,1.12,1.87
2017.01.16 02:48:49.591,1.073,1.07312,1.00,1.12
2017.01.16 02:48:51.619,1.07299,1.07314,1.87,3.00
2017.01.16 02:48:52.127,1.07299,1.07313,2.62,1.87
2017.01.16 02:48:55.147,1.07299,1.07312,1.87,1.50
2017.01.16 02:48:55.703,1.07299,1.07313,1.12,3.00
2017.01.16 02:49:10.478,1.07298,1.07311,1.87,1.50
2017.01.16 02:49:11.851,1.07298,1.07312,3.00,2.62
2017.01.16 02:49:12.362,1.073,1.07312,1.00,2.62
2017.01.16 02:49:16.361,1.073,1.0731,1.00,1.50
2017.01.16 02:49:26.862,1.073,1.07311,1.00,1.50
2017.01.16 02:49:27.177,1.073,1.07308,1.00,1.00
2017.01.16 02:49:27.320,1.073,1.07311,1.00,1.00
2017.01.16 02:49:27.825,1.073,1.07312,1.00,1.12
2017.01.16 02:49:32.282,1.073,1.07313,1.12,1.87
2017.01.16 02:49:41.211,1.073,1.07313,1.00,2.25
2017.01.16 02:49:41.853,1.073,1.07311,1.00,1.00
2017.01.16 02:49:42.360,1.07301,1.07314,1.00,1.75
2017.01.16 02:49:42.869,1.073,1.07314,3.00,1.50
2017.01.16 02:49:47.774,1.07301,1.07314,1.00,1.50
2017.01.16 02:49:48.280,1.07302,1.07316,1.00,2.25
2017.01.16 02:49:50.093,1.07301,1.07316,1.87,2.25
2017.01.16 02:49:50.424,1.07304,1.07314,1.00,1.87
2017.01.16 02:49:50.475,1.07302,1.07314,1.00,1.12
2017.01.16 02:49:53.612,1.07301,1.07314,1.12,1.12
2017.01.16 02:49:54.100,1.07303,1.07316,1.00,1.75
2017.01.16 02:49:54.634,1.07303,1.07317,1.87,1.75
2017.01.16 02:49:55.160,1.07302,1.07315,1.00,1.12
2017.01.16 02:49:55.919,1.07303,1.07317,1.00,2.62
2017.01.16 02:49:56.681,1.07302,1.07316,1.87,1.00
2017.01.16 02:49:57.338,1.07304,1.07318,1.50,1.75
2017.01.16 02:49:57.870,1.07303,1.07317,2.25,1.50
2017.01.16 02:50:00.585,1.07304,1.07316,1.00,1.12
2017.01.16 02:50:00.686,1.07302,1.07317,1.87,1.87
2017.01.16 02:50:01.192,1.07302,1.07315,1.50,1.00
2017.01.16 02:50:01.344,1.07302,1.07313,1.50,1.00
2017.01.16 02:50:01.558,1.07304,1.07315,1.00,1.87
2017.01.16 02:50:01.865,1.07304,1.07313,1.00,1.00
2017.01.16 02:50:01.917,1.07304,1.07315,1.00,3.56
2017.01.16 02:50:02.454,1.07301,1.07315,2.25,1.00
2017.01.16 02:50:02.758,1.073,1.07313,1.87,1.00
2017.01.16 02:50:03.265,1.07299,1.07312,1.75,1.00
2017.01.16 02:50:03.596,1.07299,1.07312,1.00,1.00
2017.01.16 02:50:06.273,1.073,1.07313,1.00,1.00
2017.01.16 02:50:06.810,1.07299,1.07312,1.00,1.00
2017.01.16 02:50:09.330,1.073,1.07311,1.00,1.00
2017.01.16 02:50:09.431,1.07299,1.07313,1.50,3.00
2017.01.16 02:50:09.937,1.073,1.07313,1.00,1.00
2017.01.16 02:50:10.586,1.07299,1.07313,2.62,1.00
2017.01.16 02:50:11.154,1.073,1.07313,1.00,1.00
2017.01.16 02:50:11.862,1.07299,1.07313,2.62,1.00
2017.01.16 02:50:12.367,1.073,1.07313,1.00,1.00
2017.01.16 02:50:12.880,1.07299,1.07313,2.62,1.00
2017.01.16 02:50:13.418,1.073,1.07313,1.00,1.00
2017.01.16 02:50:13.946,1.07299,1.07313,2.62,1.00
2017.01.16 02:50:14.459,1.073,1.07313,1.00,1.00
2017.01.16 02:50:14.974,1.07299,1.07313,2.62,1.00
2017.01.16 02:50:16.248,1.073,1.07314,2.25,1.00
2017.01.16 02:50:16.753,1.07301,1.07314,1.87,1.12
2017.01.16 02:50:31.026,1.073,1.07313,1.37,1.00
2017.01.16 02:50:31.581,1.073,1.07314,1.50,1.50
2017.01.16 02:50:36.392,1.07301,1.07315,1.00,1.75
2017.01.16 02:50:36.949,1.07301,1.07315,1.87,1.50
2017.01.16 02:50:38.112,1.073,1.07314,1.50,1.50
2017.01.16 02:50:39.225,1.07301,1.07314,1.00,1.50
2017.01.16 02:50:39.847,1.073,1.07314,2.25,1.50
2017.01.16 02:50:44.652,1.07301,1.07314,1.00,1.50
2017.01.16 02:50:45.177,1.073,1.07314,2.62,1.12
2017.01.16 02:50:46.214,1.073,1.07313,1.87,1.00
2017.01.16 02:50:47.775,1.073,1.07314,2.62,1.12
2017.01.16 02:50:55.565,1.07302,1.07315,1.12,1.12
2017.01.16 02:50:57.447,1.073,1.07314,1.87,1.00
2017.01.16 02:50:57.650,1.073,1.07314,2.25,1.50
2017.01.16 02:50:58.159,1.073,1.07314,2.62,1.12
2017.01.16 02:51:19.781,1.07302,1.07315,1.00,1.50
2017.01.16 02:51:19.883,1.07302,1.07316,1.50,2.62
2017.01.16 02:51:26.756,1.07302,1.07315,1.87,1.00
2017.01.16 02:51:27.165,1.07301,1.07313,1.87,1.00
2017.01.16 02:51:27.688,1.07301,1.07313,1.12,1.00
2017.01.16 02:51:28.195,1.07301,1.07314,1.12,1.87
2017.01.16 02:51:29.120,1.07302,1.07314,1.00,1.12
2017.01.16 02:51:29.626,1.07301,1.07314,1.12,1.12
2017.01.16 02:51:35.400,1.07301,1.07314,1.00,1.50
2017.01.16 02:51:38.810,1.07301,1.07315,1.87,1.50
2017.01.16 02:51:39.389,1.07302,1.07316,1.12,1.87
2017.01.16 02:51:41.057,1.07301,1.07314,1.87,1.00
2017.01.16 02:51:41.715,1.07303,1.07316,1.00,1.75
2017.01.16 02:51:42.239,1.07303,1.07317,1.00,1.75
2017.01.16 02:51:42.838,1.07303,1.07318,1.87,1.75
2017.01.16 02:51:45.562,1.07303,1.07315,1.12,1.00
2017.01.16 02:51:48.475,1.07304,1.07315,1.00,1.00
2017.01.16 02:51:48.797,1.07301,1.07313,1.87,1.00
2017.01.16 02:51:49.050,1.073,1.07313,1.87,1.00
2017.01.16 02:51:49.691,1.073,1.07312,1.12,1.00
2017.01.16 02:51:49.844,1.07299,1.07312,1.37,1.00
2017.01.16 02:51:50.377,1.07299,1.07311,1.50,1.00
2017.01.16 02:51:50.950,1.07299,1.07311,1.75,1.00
2017.01.16 02:51:56.619,1.073,1.07311,1.00,1.00
2017.01.16 02:51:59.107,1.07298,1.07312,1.87,1.00
2017.01.16 02:52:05.809,1.07298,1.07311,1.87,1.00
2017.01.16 02:52:06.342,1.07299,1.07311,1.12,1.00
2017.01.16 02:52:06.698,1.07302,1.07314,1.00,1.75
2017.01.16 02:52:07.276,1.07301,1.07314,1.12,1.75
2017.01.16 02:52:07.784,1.07302,1.07314,1.00,1.75
2017.01.16 02:52:07.885,1.07302,1.07314,1.00,1.00
2017.01.16 02:52:10.374,1.07301,1.0731,1.37,1.00
2017.01.16 02:52:10.476,1.073,1.07312,1.75,1.00
2017.01.16 02:52:10.881,1.073,1.07313,1.12,1.12
2017.01.16 02:52:11.420,1.073,1.07313,1.50,1.00
2017.01.16 02:52:14.984,1.07299,1.07312,1.87,1.00
2017.01.16 02:52:17.629,1.07302,1.07313,1.00,1.00
2017.01.16 02:52:18.169,1.07302,1.07314,1.12,1.00
2017.01.16 02:52:18.701,1.07302,1.07315,1.12,1.12
2017.01.16 02:52:24.630,1.07301,1.07314,1.87,1.00
2017.01.16 02:52:24.985,1.073,1.07314,1.00,1.50
2017.01.16 02:52:25.553,1.073,1.07312,1.12,1.00
2017.01.16 02:52:31.321,1.07299,1.07311,1.87,1.00
2017.01.16 02:52:31.727,1.073,1.07313,1.12,1.12
2017.01.16 02:52:32.626,1.073,1.07312,1.12,1.00
2017.01.16 02:52:33.419,1.07299,1.07312,1.00,1.00
2017.01.16 02:52:33.946,1.07299,1.07311,1.00,1.00
2017.01.16 02:52:37.331,1.07298,1.0731,1.00,1.00
2017.01.16 02:52:37.877,1.07298,1.0731,1.50,1.00
2017.01.16 02:52:45.718,1.07298,1.07312,1.50,1.12
2017.01.16 02:52:46.552,1.073,1.07313,1.00,1.50
2017.01.16 02:52:47.066,1.07299,1.07313,1.12,1.50
2017.01.16 02:52:47.597,1.07299,1.07313,1.50,1.12
2017.01.16 02:52:48.581,1.07299,1.07312,1.50,1.00
2017.01.16 02:53:07.365,1.07299,1.07313,1.50,1.12
2017.01.16 02:53:07.942,1.07299,1.07312,1.50,1.00
2017.01.16 02:53:08.479,1.073,1.07313,1.12,1.87
2017.01.16 02:53:11.145,1.07301,1.07314,1.00,2.25
2017.01.16 02:53:12.328,1.073,1.07314,1.12,1.50
2017.01.16 02:53:16.564,1.07301,1.07314,1.00,1.50
2017.01.16 02:53:17.281,1.073,1.07314,1.12,1.50
2017.01.16 02:53:23.254,1.073,1.07311,1.12,1.00
2017.01.16 02:53:26.630,1.073,1.07312,1.12,1.00
2017.01.16 02:53:27.970,1.07301,1.0731,1.00,1.00
2017.01.16 02:53:28.512,1.073,1.0731,1.12,1.00
2017.01.16 02:53:29.053,1.07302,1.0731,1.00,1.00
2017.01.16 02:53:29.646,1.07303,1.0731,1.00,1.00
2017.01.16 02:53:30.153,1.07302,1.0731,1.87,1.00
2017.01.16 02:53:32.070,1.07303,1.0731,1.00,1.00
2017.01.16 02:53:32.250,1.07304,1.07312,1.12,1.00
2017.01.16 02:53:33.211,1.07301,1.07311,1.87,1.00
2017.01.16 02:53:33.364,1.073,1.07309,2.62,1.00
2017.01.16 02:53:33.497,1.073,1.07309,2.62,1.00
2017.01.16 02:53:39.331,1.073,1.07308,1.87,1.00
2017.01.16 02:53:40.045,1.073,1.07308,1.50,1.00
2017.01.16 02:53:40.941,1.07301,1.07308,1.00,1.00
2017.01.16 02:53:41.447,1.073,1.07308,2.25,1.00
2017.01.16 02:53:42.058,1.07301,1.07308,1.00,1.00
2017.01.16 02:53:42.597,1.073,1.07308,2.25,1.00
2017.01.16 02:53:43.254,1.07301,1.07308,1.00,1.00
2017.01.16 02:53:43.809,1.073,1.07308,2.25,1.00
2017.01.16 02:53:44.335,1.07301,1.07308,1.00,1.00
2017.01.16 02:53:44.840,1.073,1.07308,2.25,1.00
2017.01.16 02:53:45.571,1.07301,1.07308,1.00,1.00
2017.01.16 02:53:46.177,1.073,1.07308,1.50,1.00
2017.01.16 02:53:46.886,1.07301,1.07308,1.00,1.00
2017.01.16 02:53:47.111,1.07302,1.0731,1.00,1.00
2017.01.16 02:53:47.214,1.07302,1.07312,1.12,1.00
2017.01.16 02:53:47.315,1.07301,1.07309,2.25,1.00
2017.01.16 02:53:58.613,1.07302,1.07311,1.12,1.00
2017.01.16 02:53:59.276,1.07302,1.07311,1.87,1.00
2017.01.16 02:54:07.134,1.07302,1.07309,1.37,1.00
2017.01.16 02:54:07.358,1.07301,1.07309,1.00,1.00
2017.01.16 02:54:08.370,1.07302,1.07309,1.00,1.00
2017.01.16 02:54:08.875,1.07301,1.07309,1.00,1.00
2017.01.16 02:54:09.772,1.07302,1.07309,1.00,1.00
2017.01.16 02:54:10.277,1.07301,1.07309,1.00,1.00
2017.01.16 02:54:12.303,1.07302,1.0731,1.00,1.00
2017.01.16 02:54:12.354,1.07303,1.07312,1.00,1.00
2017.01.16 02:54:12.861,1.07303,1.07312,1.37,1.00
2017.01.16 02:54:33.795,1.07303,1.07312,1.00,1.00
2017.01.16 02:54:34.300,1.07302,1.07312,1.00,1.00
2017.01.16 02:54:34.812,1.07302,1.07311,1.50,1.00
2017.01.16 02:54:41.742,1.073,1.07311,1.87,1.00
2017.01.16 02:54:43.531,1.07301,1.0731,1.12,1.00
2017.01.16 02:54:43.683,1.073,1.07308,1.87,1.00
2017.01.16 02:54:44.191,1.07301,1.07309,1.12,1.00
2017.01.16 02:54:55.568,1.073,1.07306,2.62,1.00
2017.01.16 02:54:55.619,1.073,1.07309,2.62,1.00
2017.01.16 02:54:55.670,1.07301,1.07307,1.12,1.00
2017.01.16 02:54:55.821,1.073,1.07309,1.87,1.00
2017.01.16 02:54:55.872,1.073,1.07307,1.87,1.00
2017.01.16 02:54:55.974,1.07301,1.0731,1.87,1.50
2017.01.16 02:54:56.075,1.07302,1.07308,1.00,1.00
2017.01.16 02:54:56.177,1.07303,1.07311,1.00,1.50
2017.01.16 02:54:56.229,1.07303,1.07309,1.12,1.00
2017.01.16 02:54:56.382,1.07303,1.07312,1.12,1.00
2017.01.16 02:54:56.433,1.07303,1.0731,1.12,1.00
2017.01.16 02:54:56.945,1.07301,1.07309,1.87,1.00
2017.01.16 02:55:03.650,1.07303,1.07309,1.00,1.00
2017.01.16 02:55:04.193,1.07302,1.07309,1.12,1.00
2017.01.16 02:55:05.053,1.07303,1.07309,1.00,1.00
2017.01.16 02:55:05.610,1.07302,1.07309,1.12,1.00
2017.01.16 02:55:22.271,1.07301,1.07308,1.87,1.00
2017.01.16 02:55:22.575,1.07301,1.07311,1.87,1.00
2017.01.16 02:55:22.627,1.07301,1.07309,1.87,1.00
2017.01.16 02:55:22.931,1.07301,1.07307,1.37,1.00
2017.01.16 02:55:22.982,1.07301,1.07311,1.87,1.50
2017.01.16 02:55:23.184,1.07302,1.07307,1.12,1.00
2017.01.16 02:55:23.740,1.07302,1.07311,1.12,1.50
2017.01.16 02:55:23.791,1.07301,1.07308,1.37,1.00
2017.01.16 02:55:24.247,1.07301,1.07311,1.87,1.50
2017.01.16 02:55:24.399,1.07301,1.07309,1.87,1.00
2017.01.16 02:55:48.998,1.07302,1.07307,1.12,1.00
2017.01.16 02:55:49.150,1.07303,1.07309,1.00,1.00
2017.01.16 02:55:49.201,1.07302,1.07311,1.87,1.00
2017.01.16 02:55:49.252,1.07302,1.07309,1.87,1.00
2017.01.16 02:55:51.246,1.07302,1.07309,1.50,1.00
2017.01.16 02:55:51.550,1.07302,1.07307,1.12,1.00
2017.01.16 02:55:51.702,1.07303,1.07311,1.00,1.00
2017.01.16 02:55:51.855,1.07302,1.07309,1.12,1.00
2017.01.16 02:55:52.209,1.07302,1.07307,1.12,1.00
2017.01.16 02:55:52.260,1.07303,1.07311,1.00,1.50
2017.01.16 02:55:52.361,1.07302,1.07308,1.12,1.00
2017.01.16 02:55:52.513,1.07303,1.07311,1.00,1.00
2017.01.16 02:55:52.564,1.07303,1.07309,1.00,1.00
2017.01.16 02:55:53.092,1.07302,1.07307,1.12,1.00
2017.01.16 02:55:53.143,1.07302,1.07309,1.12,1.00
2017.01.16 02:55:53.194,1.07303,1.07311,1.00,1.00
2017.01.16 02:55:53.245,1.07303,1.07309,1.00,1.00
2017.01.16 02:55:53.599,1.07303,1.07311,1.00,1.00
2017.01.16 02:55:53.650,1.07302,1.07309,1.12,1.00
2017.01.16 02:55:54.004,1.07302,1.07307,1.12,1.00
2017.01.16 02:55:54.055,1.07303,1.07311,1.00,1.00
2017.01.16 02:55:54.156,1.07302,1.07308,1.12,1.00
2017.01.16 02:55:54.308,1.07303,1.07311,1.00,1.00
2017.01.16 02:55:54.359,1.07303,1.07308,1.00,1.00
2017.01.16 02:55:54.561,1.07303,1.07311,1.00,1.50
2017.01.16 02:55:54.663,1.07302,1.07309,1.12,1.00
2017.01.16 02:55:54.967,1.07303,1.07311,1.00,1.50
2017.01.16 02:55:55.018,1.07302,1.07309,1.12,1.00
2017.01.16 02:55:55.220,1.07303,1.07311,1.00,1.00
2017.01.16 02:55:55.272,1.07303,1.07309,1.00,1.00
2017.01.16 02:55:55.474,1.07303,1.07311,1.00,1.00
2017.01.16 02:55:55.528,1.07302,1.07309,1.87,1.00
2017.01.16 02:55:55.804,1.07302,1.07311,1.87,1.50
2017.01.16 02:55:55.855,1.07302,1.07309,1.87,1.00
2017.01.16 02:55:56.058,1.07303,1.07311,1.00,1.50
2017.01.16 02:55:56.108,1.07303,1.07308,1.00,1.00
2017.01.16 02:55:56.260,1.07303,1.07311,1.00,1.00
2017.01.16 02:55:56.311,1.07303,1.07308,1.00,1.00
2017.01.16 02:55:56.412,1.07302,1.07311,1.12,1.00
2017.01.16 02:55:56.463,1.07302,1.07308,1.12,1.00
2017.01.16 02:55:56.684,1.07302,1.07311,1.12,1.50
2017.01.16 02:55:56.735,1.07302,1.07307,1.12,1.00
2017.01.16 02:55:56.786,1.07302,1.07309,1.12,1.00
2017.01.16 02:55:56.938,1.07302,1.07307,1.12,1.00
2017.01.16 02:55:57.040,1.07303,1.07311,1.00,1.50
2017.01.16 02:55:57.203,1.07302,1.07309,1.12,1.00
2017.01.16 02:55:57.608,1.07301,1.07307,1.87,1.00
2017.01.16 02:55:57.811,1.07302,1.0731,1.12,1.00
2017.01.16 02:55:57.862,1.07302,1.07308,1.12,1.00
2017.01.16 02:55:58.064,1.07303,1.0731,1.00,1.00
2017.01.16 02:55:58.115,1.07302,1.07308,1.12,1.00
2017.01.16 02:55:58.470,1.07301,1.07306,1.87,1.00
2017.01.16 02:55:58.738,1.07301,1.07309,1.87,1.00
2017.01.16 02:55:58.890,1.07302,1.07307,1.12,1.00
2017.01.16 02:55:58.991,1.07302,1.07309,1.12,1.00
2017.01.16 02:55:59.093,1.07301,1.07307,1.87,1.00
2017.01.16 02:55:59.245,1.07302,1.0731,1.12,1.00
2017.01.16 02:55:59.346,1.07301,1.07307,1.87,1.00
2017.01.16 02:55:59.599,1.07303,1.0731,1.00,1.50
2017.01.16 02:55:59.650,1.07303,1.07308,1.00,1.00
2017.01.16 02:55:59.903,1.07303,1.07311,1.00,1.00
2017.01.16 02:56:00.005,1.07302,1.07308,1.12,1.00
2017.01.16 02:56:00.156,1.07303,1.07311,1.00,1.00
2017.01.16 02:56:00.207,1.07303,1.07308,1.00,1.00
2017.01.16 02:56:00.258,1.07303,1.07311,1.00,1.50
2017.01.16 02:56:00.309,1.07302,1.07309,1.12,1.00
2017.01.16 02:56:00.612,1.07302,1.07307,1.12,1.00
2017.01.16 02:56:00.675,1.07302,1.07309,1.12,1.00
2017.01.16 02:56:00.826,1.07302,1.07307,1.12,1.00
2017.01.16 02:56:00.928,1.07303,1.07311,1.00,1.50
2017.01.16 02:56:00.979,1.07303,1.07309,1.00,1.00
2017.01.16 02:56:01.354,1.07302,1.07307,1.12,1.00
2017.01.16 02:56:01.405,1.07303,1.07311,1.00,1.00
2017.01.16 02:56:01.456,1.07303,1.07309,1.00,1.00
2017.01.16 02:56:01.507,1.07302,1.07311,1.12,1.50
2017.01.16 02:56:01.558,1.07302,1.07309,1.12,1.00
2017.01.16 02:56:01.761,1.07303,1.07311,1.00,1.00
2017.01.16 02:56:01.913,1.07302,1.07309,1.12,1.00
2017.01.16 02:56:02.119,1.07303,1.07311,1.00,1.50
2017.01.16 02:56:02.170,1.07303,1.07308,1.00,1.00
2017.01.16 02:56:02.381,1.07302,1.0731,1.12,1.00
2017.01.16 02:56:02.432,1.07302,1.07308,1.12,1.00
2017.01.16 02:56:02.634,1.07302,1.0731,1.12,1.00
2017.01.16 02:56:02.685,1.07302,1.07308,1.12,1.00
2017.01.16 02:56:02.888,1.07302,1.07311,1.12,1.00
2017.01.16 02:56:02.939,1.07302,1.07309,1.12,1.00
2017.01.16 02:56:03.293,1.07302,1.07307,1.12,1.00
2017.01.16 02:56:03.445,1.07301,1.07311,1.87,1.00
2017.01.16 02:56:03.625,1.07301,1.07306,1.87,1.00
2017.01.16 02:56:03.727,1.07302,1.0731,1.12,1.00
2017.01.16 02:56:03.778,1.07302,1.07308,1.12,1.00
2017.01.16 02:56:03.879,1.07302,1.07311,1.12,1.00
2017.01.16 02:56:03.932,1.07302,1.07309,1.12,1.00
2017.01.16 02:56:04.134,1.07303,1.07311,1.00,1.50
2017.01.16 02:56:04.185,1.07303,1.07309,1.00,1.00
2017.01.16 02:56:04.489,1.07302,1.07306,1.12,1.00
2017.01.16 02:56:04.541,1.07302,1.07308,1.12,1.00
2017.01.16 02:56:04.643,1.07302,1.07306,1.12,1.00
2017.01.16 02:56:04.694,1.07302,1.07308,1.12,1.00
2017.01.16 02:56:04.745,1.07303,1.0731,1.00,1.50
2017.01.16 02:56:04.796,1.07303,1.07308,1.00,1.00
2017.01.16 02:56:05.340,1.07302,1.07308,1.12,1.00
2017.01.16 02:56:05.800,1.07303,1.0731,1.12,1.00
2017.01.16 02:56:05.851,1.07303,1.07308,1.12,1.00
2017.01.16 02:56:06.357,1.07303,1.0731,1.12,1.00
2017.01.16 02:56:06.459,1.07302,1.07308,1.50,1.00
2017.01.16 02:56:06.763,1.07301,1.07306,1.87,1.00
2017.01.16 02:56:10.376,1.073,1.07306,1.87,1.00
2017.01.16 02:56:10.890,1.073,1.07305,1.12,1.00
2017.01.16 02:56:11.346,1.07301,1.07307,1.00,1.00
2017.01.16 02:56:11.904,1.07301,1.07306,1.00,1.00
2017.01.16 02:56:19.256,1.073,1.07306,1.12,1.00
2017.01.16 02:56:19.776,1.07301,1.07306,1.00,1.00
2017.01.16 02:56:20.437,1.07301,1.07305,1.00,1.00
2017.01.16 02:56:20.539,1.073,1.07307,1.12,1.00
2017.01.16 02:56:20.590,1.07302,1.07308,1.00,1.00
2017.01.16 02:56:21.119,1.07302,1.07307,1.00,1.00
2017.01.16 02:56:21.629,1.07302,1.07309,1.00,1.00
2017.01.16 02:56:21.731,1.07301,1.07307,1.12,1.00
2017.01.16 02:56:21.840,1.07302,1.07309,1.00,1.00
2017.01.16 02:56:22.161,1.07302,1.07307,1.00,1.00
2017.01.16 02:56:22.262,1.07302,1.07309,1.00,1.00
2017.01.16 02:56:22.313,1.07302,1.07307,1.00,1.00
2017.01.16 02:56:22.415,1.07302,1.07309,1.00,1.00
2017.01.16 02:56:22.516,1.07301,1.07307,1.12,1.00
2017.01.16 02:56:23.073,1.07301,1.07306,1.12,1.00
2017.01.16 02:56:40.673,1.073,1.07306,1.12,1.00
2017.01.16 02:56:41.243,1.07301,1.07306,1.00,1.00
2017.01.16 02:57:00.854,1.07301,1.07308,1.00,1.00
2017.01.16 02:57:01.394,1.07302,1.07308,1.00,1.00
2017.01.16 02:57:02.030,1.07302,1.07309,1.00,1.00
2017.01.16 02:57:11.234,1.07301,1.07309,1.12,1.00
2017.01.16 02:57:22.901,1.073,1.07308,1.50,1.00
2017.01.16 02:57:23.140,1.073,1.07306,1.12,1.00
2017.01.16 02:57:43.576,1.07301,1.07306,1.00,1.00
2017.01.16 02:57:49.740,1.073,1.07306,1.12,1.00
2017.01.16 02:57:50.823,1.07299,1.07306,1.50,1.00
2017.01.16 02:57:51.351,1.073,1.07306,1.00,1.00
2017.01.16 02:57:52.093,1.07299,1.07306,1.50,1.00
2017.01.16 02:57:52.827,1.073,1.07306,1.00,1.00
2017.01.16 02:57:53.357,1.07299,1.07306,1.50,1.00
2017.01.16 02:57:55.137,1.073,1.07306,1.00,1.00
2017.01.16 02:57:55.673,1.07299,1.07306,1.12,1.00
2017.01.16 02:57:56.684,1.07299,1.07307,1.12,1.00
2017.01.16 02:57:58.410,1.073,1.07307,1.00,1.00
2017.01.16 02:57:58.988,1.073,1.07308,1.00,1.00
2017.01.16 02:57:59.532,1.07299,1.07308,1.12,1.00
2017.01.16 02:58:00.056,1.073,1.07308,1.00,1.00
2017.01.16 02:58:01.707,1.07299,1.0731,1.50,1.00
2017.01.16 02:58:01.759,1.073,1.07308,1.12,1.00
2017.01.16 02:58:01.810,1.073,1.0731,1.12,1.00
2017.01.16 02:58:04.717,1.073,1.07311,1.12,1.00
2017.01.16 02:58:05.516,1.07301,1.07311,1.00,1.00
2017.01.16 02:58:06.314,1.073,1.07311,1.12,1.00
2017.01.16 02:58:06.829,1.07301,1.07311,1.00,1.00
2017.01.16 02:58:07.916,1.073,1.07311,1.12,1.00
2017.01.16 02:58:08.435,1.07301,1.07311,1.00,1.00
2017.01.16 02:58:09.758,1.07302,1.07311,1.00,1.00
2017.01.16 02:58:10.164,1.07303,1.07313,1.00,1.00
2017.01.16 02:58:10.425,1.07302,1.07311,1.37,1.00
2017.01.16 02:58:10.477,1.07301,1.07311,2.25,1.00
2017.01.16 02:58:10.984,1.07302,1.07312,1.12,1.00
2017.01.16 02:58:12.567,1.07301,1.07311,1.87,1.00
2017.01.16 02:58:13.132,1.07301,1.07311,1.12,1.00
2017.01.16 02:58:13.652,1.07302,1.07311,1.00,1.00
2017.01.16 02:58:14.007,1.073,1.07311,1.50,1.00
2017.01.16 02:58:14.508,1.07301,1.07311,1.00,1.00
2017.01.16 02:58:16.362,1.073,1.0731,1.50,1.00
2017.01.16 02:58:16.874,1.07302,1.0731,1.00,1.00
2017.01.16 02:58:17.384,1.07301,1.0731,1.00,1.00
2017.01.16 02:58:19.010,1.073,1.07309,1.87,1.00
2017.01.16 02:58:19.416,1.07302,1.07312,1.00,1.00
2017.01.16 02:58:19.984,1.07302,1.07313,1.12,1.00
2017.01.16 02:58:23.031,1.07301,1.07312,2.62,1.00
2017.01.16 02:58:23.082,1.07301,1.0731,1.87,1.00
2017.01.16 02:58:23.133,1.07301,1.07312,1.87,1.00
2017.01.16 02:58:23.639,1.07301,1.07311,1.50,1.00
2017.01.16 02:58:25.238,1.07301,1.07311,1.12,1.00
2017.01.16 02:58:40.832,1.07301,1.0731,1.12,1.00
2017.01.16 02:58:40.883,1.07302,1.07312,1.00,1.00
2017.01.16 02:58:41.778,1.07301,1.0731,1.50,1.00
2017.01.16 02:58:42.648,1.073,1.07308,1.87,1.00
2017.01.16 02:58:42.699,1.073,1.07311,1.87,1.00
2017.01.16 02:58:43.213,1.073,1.0731,1.87,1.00
2017.01.16 02:58:43.719,1.07301,1.0731,1.00,1.00
2017.01.16 02:58:45.186,1.073,1.0731,1.12,1.00
2017.01.16 02:58:45.753,1.07301,1.0731,1.00,1.00
2017.01.16 02:58:45.804,1.07301,1.07312,1.00,1.00
2017.01.16 02:58:46.310,1.07302,1.07312,1.12,1.00
2017.01.16 02:58:48.205,1.073,1.07309,1.87,1.00
2017.01.16 02:58:48.257,1.07301,1.07312,1.12,1.00
2017.01.16 02:58:48.763,1.073,1.0731,1.87,1.00
2017.01.16 02:59:21.329,1.07301,1.07311,1.37,1.00
2017.01.16 02:59:21.684,1.07302,1.07313,1.12,1.00
2017.01.16 02:59:22.206,1.07302,1.07313,1.50,1.00
2017.01.16 02:59:23.504,1.07301,1.07311,1.87,1.00
2017.01.16 02:59:24.020,1.07301,1.07311,1.87,1.00
2017.01.16 02:59:25.743,1.07301,1.0731,1.37,1.00
2017.01.16 02:59:26.249,1.07302,1.0731,1.00,1.00
2017.01.16 02:59:26.780,1.07301,1.0731,1.50,1.00
2017.01.16 02:59:28.111,1.07302,1.07311,1.00,1.00
2017.01.16 02:59:28.616,1.07302,1.07312,1.50,1.00
2017.01.16 02:59:29.117,1.07302,1.07313,1.50,1.00
2017.01.16 02:59:30.160,1.07301,1.07312,1.87,1.00
2017.01.16 02:59:30.672,1.07301,1.07312,1.87,1.00
2017.01.16 02:59:32.572,1.07302,1.07311,1.12,1.00
2017.01.16 02:59:33.119,1.073,1.07311,1.87,1.00
2017.01.16 02:59:33.473,1.073,1.07308,1.37,1.00
2017.01.16 02:59:33.524,1.073,1.0731,1.37,1.00
2017.01.16 02:59:34.077,1.073,1.0731,1.50,1.00
2017.01.16 02:59:41.306,1.073,1.07308,1.12,1.00
2017.01.16 02:59:42.066,1.07299,1.07309,1.50,1.00
2017.01.16 02:59:42.607,1.073,1.0731,1.12,1.00
2017.01.16 02:59:43.613,1.073,1.07311,1.87,1.00
2017.01.16 02:59:44.136,1.07301,1.07311,1.00,1.00
2017.01.16 02:59:44.639,1.07301,1.0731,1.00,1.00
2017.01.16 02:59:48.598,1.073,1.0731,1.50,1.00
2017.01.16 02:59:48.902,1.073,1.07308,1.12,1.00
2017.01.16 02:59:55.992,1.073,1.07309,1.12,1.00
2017.01.16 02:59:56.297,1.073,1.07307,1.12,1.00
2017.01.16 02:59:56.349,1.073,1.07309,1.12,1.00
2017.01.16 02:59:56.937,1.073,1.0731,1.12,1.00
2017.01.16 02:59:57.448,1.07301,1.0731,1.00,1.00
2017.01.16 02:59:58.795,1.073,1.0731,1.12,1.00
