2017.01.20 01:00:00.081,1.07259,1.07271,1.00,1.50
2017.01.20 01:00:00.182,1.07257,1.0727,2.62,1.00
2017.01.20 01:00:00.375,1.0726,1.07271,1.00,1.37
2017.01.20 01:00:00.679,1.07268,1.07272,1.00,1.12
2017.01.20 01:00:00.781,1.07268,1.07275,1.00,1.00
2017.01.20 01:00:01.309,1.07267,1.07278,1.00,1.75
2017.01.20 01:00:01.662,1.07262,1.07275,2.25,1.00
2017.01.20 01:00:01.747,1.0726,1.07272,1.75,1.00
2017.01.20 01:00:01.798,1.07259,1.07271,1.00,1.00
2017.01.20 01:00:02.341,1.07258,1.07272,1.37,1.12
2017.01.20 01:00:02.649,1.07261,1.07275,1.00,1.12
2017.01.20 01:00:02.969,1.07256,1.0727,1.12,1.75
2017.01.20 01:00:03.073,1.07256,1.07269,1.87,3.00
2017.01.20 01:00:03.586,1.07257,1.07271,1.00,1.75
2017.01.20 01:00:03.788,1.07263,1.07273,1.00,1.87
2017.01.20 01:00:03.839,1.07261,1.07273,1.00,1.12
2017.01.20 01:00:03.890,1.07259,1.07272,1.87,1.00
2017.01.20 01:00:04.562,1.0726,1.07273,1.12,1.50
2017.01.20 01:00:05.078,1.0726,1.07272,1.12,1.00
2017.01.20 01:00:05.291,1.07261,1.07275,1.37,2.62
2017.01.20 01:00:06.246,1.07263,1.07275,1.00,1.87
2017.01.20 01:00:06.542,1.07261,1.0727,1.87,1.00
2017.01.20 01:00:06.720,1.07261,1.07274,1.12,1.87
2017.01.20 01:00:06.822,1.07261,1.07265,1.12,1.00
2017.01.20 01:00:06.873,1.07259,1.07268,1.50,1.00
2017.01.20 01:00:06.924,1.07259,1.07265,1.50,1.00
2017.01.20 01:00:07.229,1.07253,1.07257,1.12,1.00
2017.01.20 01:00:07.482,1.07251,1.07257,1.87,1.00
2017.01.20 01:00:07.533,1.07253,1.07258,1.37,2.25
2017.01.20 01:00:07.584,1.07253,1.07267,1.37,2.62
2017.01.20 01:00:07.635,1.07255,1.0726,1.37,1.00
2017.01.20 01:00:07.685,1.07255,1.07267,1.37,1.12
2017.01.20 01:00:07.736,1.07254,1.07264,1.50,1.00
2017.01.20 01:00:08.039,1.07256,1.07265,1.12,1.00
2017.01.20 01:00:08.554,1.07256,1.07265,1.12,1.00
2017.01.20 01:00:09.057,1.07256,1.07266,1.12,1.00
2017.01.20 01:00:09.823,1.07256,1.07267,1.12,1.00
2017.01.20 01:00:10.348,1.07256,1.07266,1.12,1.00
2017.01.20 01:00:10.450,1.07256,1.07269,1.12,1.50
2017.01.20 01:00:10.962,1.07256,1.07268,1.12,1.00
2017.01.20 01:00:11.115,1.07256,1.07265,1.12,1.00
2017.01.20 01:00:11.165,1.07256,1.07268,1.12,1.00
2017.01.20 01:00:11.706,1.07257,1.07269,1.12,1.50
2017.01.20 01:00:12.018,1.07257,1.07267,1.12,1.00
2017.01.20 01:00:12.327,1.07256,1.07267,1.37,1.00
2017.01.20 01:00:12.880,1.07256,1.07268,1.37,1.00
2017.01.20 01:00:13.032,1.07255,1.0726,1.37,1.00
2017.01.20 01:00:13.134,1.07255,1.07265,1.37,1.00
2017.01.20 01:00:13.289,1.07255,1.07269,1.37,1.00
2017.01.20 01:00:13.890,1.07255,1.07265,1.37,1.50
2017.01.20 01:00:14.211,1.07254,1.07258,1.00,1.00
2017.01.20 01:00:14.337,1.07253,1.07258,1.12,1.00
2017.01.20 01:00:14.980,1.07252,1.07257,1.37,1.00
2017.01.20 01:00:15.134,1.07252,1.0726,1.37,1.00
2017.01.20 01:00:15.641,1.07251,1.07259,1.00,1.00
2017.01.20 01:00:15.801,1.07252,1.07259,1.87,1.00
2017.01.20 01:00:15.852,1.07253,1.07261,1.37,1.00
2017.01.20 01:00:16.379,1.07252,1.07259,1.87,1.00
2017.01.20 01:00:16.897,1.07253,1.07262,1.50,1.00
2017.01.20 01:00:16.948,1.07253,1.07262,2.62,1.00
2017.01.20 01:00:17.100,1.07255,1.07264,1.37,1.00
2017.01.20 01:00:17.505,1.07254,1.0726,1.87,1.00
2017.01.20 01:00:17.556,1.07254,1.07263,1.37,1.00
2017.01.20 01:00:17.658,1.07253,1.0726,1.12,1.00
2017.01.20 01:00:17.810,1.07253,1.07261,1.87,1.00
2017.01.20 01:00:18.076,1.07249,1.07259,3.75,1.00
2017.01.20 01:00:18.202,1.07246,1.07258,1.87,1.00
2017.01.20 01:00:18.732,1.07246,1.07257,1.87,1.00
2017.01.20 01:00:18.937,1.07247,1.07257,2.25,1.00
2017.01.20 01:00:19.448,1.07248,1.07258,1.37,1.00
2017.01.20 01:00:19.992,1.07247,1.07258,1.87,1.00
2017.01.20 01:00:20.144,1.07249,1.07261,1.00,1.00
2017.01.20 01:00:20.675,1.07249,1.07262,1.87,1.00
2017.01.20 01:00:20.928,1.07249,1.07263,2.62,1.00
2017.01.20 01:00:21.434,1.07253,1.07263,1.00,1.00
2017.01.20 01:00:21.841,1.07256,1.07263,1.00,1.00
2017.01.20 01:00:21.892,1.07254,1.07263,1.00,1.00
2017.01.20 01:00:23.153,1.07254,1.07264,1.00,1.00
2017.01.20 01:00:23.677,1.07257,1.07264,1.00,1.00
2017.01.20 01:00:24.027,1.07259,1.07267,1.50,1.50
2017.01.20 01:00:24.179,1.07261,1.07268,1.50,1.00
2017.01.20 01:00:24.230,1.07262,1.07273,1.00,1.00
2017.01.20 01:00:24.332,1.07262,1.07269,1.12,1.00
2017.01.20 01:00:24.737,1.07263,1.07267,1.12,1.00
2017.01.20 01:00:24.839,1.07264,1.07275,1.50,1.50
2017.01.20 01:00:24.890,1.07265,1.07269,1.00,1.00
2017.01.20 01:00:25.092,1.07265,1.0727,1.00,1.00
2017.01.20 01:00:25.143,1.07263,1.07267,1.12,1.00
2017.01.20 01:00:25.498,1.07265,1.0727,1.00,1.00
2017.01.20 01:00:25.549,1.07265,1.07275,1.00,1.00
2017.01.20 01:00:25.797,1.07264,1.07269,1.00,1.00
2017.01.20 01:00:25.848,1.07263,1.07274,1.00,1.50
2017.01.20 01:00:26.228,1.07264,1.0727,1.00,1.00
2017.01.20 01:00:26.330,1.07267,1.07281,1.00,1.87
2017.01.20 01:00:26.432,1.07268,1.07278,1.00,1.00
2017.01.20 01:00:26.483,1.07267,1.07283,1.00,1.37
2017.01.20 01:00:26.584,1.07266,1.07279,1.00,1.00
2017.01.20 01:00:26.635,1.07268,1.07282,1.00,1.50
2017.01.20 01:00:26.738,1.0727,1.07284,1.00,1.87
2017.01.20 01:00:27.058,1.07271,1.07281,1.00,1.00
2017.01.20 01:00:27.187,1.07268,1.07282,1.00,1.00
2017.01.20 01:00:27.289,1.07263,1.07278,1.87,1.00
2017.01.20 01:00:27.340,1.07263,1.07278,1.12,1.00
2017.01.20 01:00:27.442,1.07262,1.07276,1.37,1.00
2017.01.20 01:00:27.543,1.07261,1.07277,1.87,1.12
2017.01.20 01:00:27.744,1.07261,1.07272,1.87,1.00
2017.01.20 01:00:27.795,1.07261,1.07274,1.87,1.00
2017.01.20 01:00:27.896,1.07263,1.07277,1.00,1.12
2017.01.20 01:00:28.048,1.07262,1.07266,1.00,1.00
2017.01.20 01:00:28.100,1.07263,1.07275,1.00,2.25
2017.01.20 01:00:28.202,1.07265,1.07279,1.00,1.37
2017.01.20 01:00:28.304,1.07267,1.07279,1.00,1.00
2017.01.20 01:00:28.607,1.07267,1.07271,1.00,1.00
2017.01.20 01:00:28.658,1.07267,1.0728,1.00,1.50
2017.01.20 01:00:29.163,1.07268,1.07279,1.00,1.00
2017.01.20 01:00:29.214,1.07268,1.07283,1.00,3.37
2017.01.20 01:00:29.265,1.07268,1.07275,1.00,1.00
2017.01.20 01:00:29.316,1.07269,1.07279,1.00,1.00
2017.01.20 01:00:29.418,1.07269,1.07281,1.00,1.00
2017.01.20 01:00:29.469,1.07269,1.07273,1.00,1.00
2017.01.20 01:00:29.521,1.07269,1.07279,1.00,1.00
2017.01.20 01:00:30.071,1.07268,1.07279,1.00,1.00
2017.01.20 01:00:30.273,1.07268,1.07272,1.00,1.00
2017.01.20 01:00:30.578,1.07268,1.07274,1.00,1.00
2017.01.20 01:00:30.851,1.07268,1.07277,1.00,1.00
2017.01.20 01:00:31.104,1.07269,1.07279,1.00,1.00
2017.01.20 01:00:31.370,1.07267,1.0728,1.12,1.00
2017.01.20 01:00:31.450,1.07267,1.07273,1.12,1.00
2017.01.20 01:00:31.501,1.07266,1.07275,1.87,1.00
2017.01.20 01:00:32.212,1.07266,1.07274,1.87,1.00
2017.01.20 01:00:32.476,1.07266,1.07276,1.87,1.00
2017.01.20 01:00:32.527,1.07268,1.0728,1.00,1.00
2017.01.20 01:00:32.934,1.07266,1.07274,1.75,1.00
2017.01.20 01:00:33.035,1.07266,1.07274,1.00,1.00
2017.01.20 01:00:33.557,1.07265,1.07273,1.87,1.00
2017.01.20 01:00:33.884,1.07263,1.07273,1.12,1.00
2017.01.20 01:00:34.404,1.07261,1.07273,1.87,1.00
2017.01.20 01:00:34.986,1.07261,1.07274,1.87,1.00
2017.01.20 01:00:36.225,1.07261,1.07274,1.50,1.00
2017.01.20 01:00:36.382,1.07266,1.07276,1.00,1.00
2017.01.20 01:00:36.433,1.07266,1.07279,1.87,1.00
2017.01.20 01:00:36.686,1.07268,1.07279,1.00,1.00
2017.01.20 01:00:36.812,1.0727,1.07283,1.12,1.00
2017.01.20 01:00:36.863,1.0727,1.0728,1.12,1.00
2017.01.20 01:00:37.430,1.07269,1.0728,1.12,1.00
2017.01.20 01:00:37.734,1.07268,1.07276,1.12,1.00
2017.01.20 01:00:38.267,1.07268,1.07277,1.00,1.00
2017.01.20 01:00:38.419,1.07265,1.07277,1.50,1.00
2017.01.20 01:00:38.470,1.07265,1.07275,1.50,1.00
2017.01.20 01:00:38.673,1.07262,1.07274,1.50,1.00
2017.01.20 01:00:38.774,1.07262,1.07276,1.00,1.00
2017.01.20 01:00:39.289,1.07263,1.07277,1.00,1.12
2017.01.20 01:00:40.318,1.07263,1.07276,1.00,1.00
2017.01.20 01:00:40.521,1.07263,1.07278,1.87,1.00
2017.01.20 01:00:41.692,1.07264,1.07278,1.00,1.00
2017.01.20 01:00:41.794,1.07265,1.0728,1.50,1.12
2017.01.20 01:00:42.300,1.07266,1.0728,1.00,1.12
2017.01.20 01:00:43.281,1.07266,1.0728,1.00,1.87
2017.01.20 01:00:44.931,1.07266,1.0728,1.00,1.12
2017.01.20 01:00:45.664,1.07266,1.07281,1.50,1.50
2017.01.20 01:00:45.817,1.07266,1.0728,1.00,1.87
2017.01.20 01:00:46.330,1.07266,1.0728,1.00,1.12
2017.01.20 01:00:47.217,1.07266,1.07281,1.50,1.12
2017.01.20 01:00:47.810,1.07266,1.0728,1.00,1.12
2017.01.20 01:00:48.592,1.07266,1.07279,1.00,1.00
2017.01.20 01:00:49.098,1.07266,1.0728,1.00,1.12
2017.01.20 01:00:49.611,1.07266,1.07281,1.50,1.12
2017.01.20 01:00:49.914,1.07268,1.07282,1.00,1.87
2017.01.20 01:00:50.426,1.07269,1.07282,1.00,1.00
2017.01.20 01:00:50.934,1.07269,1.07283,1.00,1.12
2017.01.20 01:00:52.310,1.07269,1.07282,1.00,1.00
2017.01.20 01:00:52.824,1.07268,1.07281,1.50,1.12
2017.01.20 01:00:53.632,1.07268,1.07282,1.50,1.12
2017.01.20 01:00:54.138,1.07269,1.07284,3.00,1.50
2017.01.20 01:00:54.644,1.07269,1.07283,1.50,1.00
2017.01.20 01:00:55.174,1.07269,1.07284,3.00,1.12
2017.01.20 01:00:55.745,1.07269,1.07283,1.50,1.00
2017.01.20 01:00:56.251,1.0727,1.07284,1.00,1.12
2017.01.20 01:00:56.874,1.07271,1.07285,1.00,1.12
2017.01.20 01:00:57.797,1.07271,1.07286,1.50,1.00
2017.01.20 01:00:58.305,1.07271,1.07284,1.00,1.00
2017.01.20 01:00:58.481,1.07269,1.07284,2.25,1.00
2017.01.20 01:00:58.963,1.07271,1.07285,1.00,1.12
2017.01.20 01:00:59.271,1.07274,1.07287,1.00,1.00
2017.01.20 01:01:01.405,1.07272,1.07286,1.00,1.00
2017.01.20 01:01:01.472,1.0727,1.07285,1.50,1.00
2017.01.20 01:01:01.987,1.07271,1.07286,1.50,1.00
2017.01.20 01:01:02.493,1.07272,1.07286,1.00,1.00
2017.01.20 01:01:03.341,1.07271,1.07286,1.50,1.00
2017.01.20 01:01:03.880,1.07271,1.07285,1.00,1.00
2017.01.20 01:01:04.206,1.07273,1.07287,1.00,1.37
2017.01.20 01:01:04.257,1.07271,1.07286,2.25,1.00
2017.01.20 01:01:04.822,1.07272,1.07287,1.00,1.00
2017.01.20 01:01:05.026,1.07271,1.07285,1.00,1.00
2017.01.20 01:01:05.077,1.07268,1.07284,2.62,1.00
2017.01.20 01:01:05.247,1.07267,1.07282,2.25,1.00
2017.01.20 01:01:05.860,1.07267,1.07281,1.00,1.00
2017.01.20 01:01:06.375,1.07266,1.07281,1.87,1.00
2017.01.20 01:01:06.679,1.07268,1.07284,1.87,1.50
2017.01.20 01:01:07.186,1.07269,1.07285,1.50,1.12
2017.01.20 01:01:07.795,1.07269,1.07284,1.50,1.00
2017.01.20 01:01:09.859,1.0727,1.07284,1.00,1.00
2017.01.20 01:01:10.509,1.07269,1.07284,1.50,1.00
2017.01.20 01:01:10.560,1.07272,1.07286,1.00,1.12
2017.01.20 01:01:11.106,1.07271,1.07286,1.00,1.00
2017.01.20 01:01:11.657,1.0727,1.07286,1.50,1.00
2017.01.20 01:01:12.205,1.07271,1.07286,1.00,1.00
2017.01.20 01:01:15.061,1.07271,1.07287,1.00,1.00
2017.01.20 01:01:15.366,1.0727,1.07285,1.50,1.12
2017.01.20 01:01:15.871,1.07271,1.07285,1.00,1.12
2017.01.20 01:01:16.384,1.07271,1.07286,1.50,1.00
2017.01.20 01:01:18.070,1.0727,1.07286,1.50,1.00
2017.01.20 01:01:20.185,1.07271,1.07286,1.00,1.12
2017.01.20 01:01:20.806,1.0727,1.07286,1.50,1.12
2017.01.20 01:01:22.227,1.07271,1.07286,1.00,1.87
2017.01.20 01:01:24.616,1.07271,1.07287,1.00,3.75
2017.01.20 01:01:25.122,1.07271,1.07286,1.00,1.50
2017.01.20 01:01:25.846,1.07271,1.07286,1.00,1.87
2017.01.20 01:01:26.388,1.07271,1.07286,1.00,1.50
2017.01.20 01:01:26.941,1.07271,1.07285,1.00,1.12
2017.01.20 01:01:27.482,1.07271,1.07286,1.00,1.87
2017.01.20 01:01:28.038,1.07272,1.07286,1.00,1.12
2017.01.20 01:01:28.319,1.07272,1.07288,1.00,1.87
2017.01.20 01:01:28.861,1.07271,1.07287,1.50,1.00
2017.01.20 01:01:29.461,1.07271,1.07285,1.00,1.00
2017.01.20 01:01:29.987,1.07271,1.07286,1.00,1.12
2017.01.20 01:01:30.538,1.0727,1.07286,1.00,1.12
2017.01.20 01:01:31.470,1.07269,1.07285,1.00,1.00
2017.01.20 01:01:31.976,1.07268,1.07284,1.12,1.00
2017.01.20 01:01:32.512,1.07269,1.07285,1.00,3.37
2017.01.20 01:01:33.030,1.0727,1.07285,1.00,1.50
2017.01.20 01:01:33.921,1.0727,1.07286,1.00,1.12
2017.01.20 01:01:34.429,1.0727,1.07285,1.00,1.00
2017.01.20 01:01:34.949,1.0727,1.07286,1.00,1.00
2017.01.20 01:01:36.549,1.07269,1.07286,1.50,1.50
2017.01.20 01:01:37.131,1.07269,1.07285,1.50,1.87
2017.01.20 01:01:39.087,1.0727,1.07286,1.00,1.87
2017.01.20 01:01:39.609,1.0727,1.07286,1.00,1.00
2017.01.20 01:01:41.103,1.07271,1.07286,1.00,1.00
2017.01.20 01:01:41.609,1.0727,1.07286,1.00,1.00
2017.01.20 01:01:42.121,1.0727,1.07285,1.00,1.00
2017.01.20 01:01:42.672,1.0727,1.07286,1.00,1.87
2017.01.20 01:01:43.186,1.07271,1.07286,1.00,1.00
2017.01.20 01:01:43.734,1.0727,1.07286,1.00,1.00
2017.01.20 01:01:45.201,1.07269,1.07285,1.50,1.00
2017.01.20 01:01:45.741,1.0727,1.07286,1.00,1.87
2017.01.20 01:01:46.246,1.07269,1.07285,1.50,1.50
2017.01.20 01:01:48.152,1.07272,1.07287,1.00,1.00
2017.01.20 01:01:48.557,1.0727,1.07286,1.50,1.50
2017.01.20 01:01:52.080,1.07271,1.07287,1.00,3.37
2017.01.20 01:01:52.684,1.0727,1.07286,1.50,1.00
2017.01.20 01:01:55.536,1.0727,1.07285,1.00,1.12
2017.01.20 01:01:56.979,1.0727,1.07286,1.50,3.00
2017.01.20 01:01:57.519,1.07272,1.07286,1.00,2.62
2017.01.20 01:01:57.671,1.07272,1.07288,1.00,3.37
2017.01.20 01:01:57.823,1.07271,1.07285,1.50,1.12
2017.01.20 01:01:58.330,1.07272,1.07286,1.00,1.12
2017.01.20 01:01:59.594,1.07272,1.07286,1.00,1.75
2017.01.20 01:02:00.189,1.07272,1.07286,1.00,1.87
2017.01.20 01:02:02.026,1.07272,1.07286,1.00,1.00
2017.01.20 01:02:02.559,1.07271,1.07286,1.00,1.00
2017.01.20 01:02:04.983,1.07271,1.07284,1.00,1.00
2017.01.20 01:02:06.255,1.07274,1.07284,1.00,1.00
2017.01.20 01:02:06.345,1.07275,1.07286,1.00,1.00
2017.01.20 01:02:06.700,1.07273,1.07287,1.50,1.12
2017.01.20 01:02:06.751,1.07275,1.07285,1.00,1.00
2017.01.20 01:02:06.802,1.07273,1.07285,1.50,1.00
2017.01.20 01:02:07.005,1.07273,1.07287,1.00,1.12
2017.01.20 01:02:08.045,1.07273,1.07287,1.00,1.50
2017.01.20 01:02:08.571,1.07272,1.07287,1.50,1.12
2017.01.20 01:02:09.079,1.07273,1.07287,1.00,1.12
2017.01.20 01:02:11.024,1.07272,1.07286,1.50,1.00
2017.01.20 01:02:11.675,1.07273,1.07288,1.00,1.37
2017.01.20 01:02:15.086,1.07273,1.07289,1.00,1.87
2017.01.20 01:02:15.840,1.07276,1.0729,1.00,1.00
2017.01.20 01:02:16.043,1.07274,1.07289,1.50,1.00
2017.01.20 01:02:20.073,1.07275,1.07291,1.00,1.50
2017.01.20 01:02:20.680,1.07274,1.0729,1.00,1.00
2017.01.20 01:02:21.185,1.07273,1.07289,1.50,1.50
2017.01.20 01:02:21.734,1.07273,1.0729,1.50,1.87
2017.01.20 01:02:22.228,1.07275,1.07291,1.50,1.50
2017.01.20 01:02:22.751,1.07275,1.0729,1.50,1.00
2017.01.20 01:02:24.542,1.07276,1.07291,1.00,1.00
2017.01.20 01:02:24.886,1.07279,1.07294,1.00,1.12
2017.01.20 01:02:25.142,1.07277,1.07293,1.00,1.50
2017.01.20 01:02:25.243,1.07276,1.07291,1.50,1.00
2017.01.20 01:02:25.294,1.07276,1.07293,1.50,1.50
2017.01.20 01:02:25.819,1.07275,1.07292,1.00,1.50
2017.01.20 01:02:26.345,1.07275,1.07289,1.00,1.00
2017.01.20 01:02:27.139,1.07274,1.07289,1.50,1.00
2017.01.20 01:02:28.080,1.07274,1.07288,1.00,1.00
2017.01.20 01:02:28.631,1.07273,1.07288,1.00,1.00
2017.01.20 01:02:29.252,1.07273,1.07289,1.00,1.00
2017.01.20 01:02:30.974,1.07272,1.07288,1.00,1.00
2017.01.20 01:02:31.894,1.07273,1.07289,1.00,2.62
2017.01.20 01:02:32.472,1.07273,1.07289,1.00,1.87
2017.01.20 01:02:33.250,1.07272,1.07288,1.00,1.00
2017.01.20 01:02:33.950,1.07273,1.07289,1.00,2.25
2017.01.20 01:02:34.640,1.07273,1.07289,1.00,1.50
2017.01.20 01:02:38.297,1.07273,1.07288,1.00,1.00
2017.01.20 01:02:43.714,1.07273,1.07289,1.00,1.50
2017.01.20 01:02:49.680,1.07273,1.07288,1.00,1.00
2017.01.20 01:02:50.619,1.07273,1.07289,1.00,1.87
2017.01.20 01:02:51.073,1.07272,1.07288,1.00,1.87
2017.01.20 01:02:51.648,1.07273,1.07288,1.00,1.37
2017.01.20 01:02:52.199,1.07274,1.07289,1.00,1.00
2017.01.20 01:02:53.272,1.07274,1.0729,1.00,1.87
2017.01.20 01:02:53.374,1.07272,1.07289,1.50,1.00
2017.01.20 01:02:53.923,1.07272,1.07289,1.50,2.62
2017.01.20 01:02:54.848,1.07273,1.07289,1.00,2.25
2017.01.20 01:02:55.363,1.07274,1.07289,1.00,1.00
2017.01.20 01:02:56.273,1.07274,1.0729,1.00,2.62
2017.01.20 01:02:56.779,1.07274,1.07289,1.00,1.00
2017.01.20 01:02:57.391,1.07273,1.07289,1.00,1.50
2017.01.20 01:02:58.027,1.07273,1.07289,1.00,1.87
2017.01.20 01:03:00.686,1.07272,1.07288,1.00,1.12
2017.01.20 01:03:00.787,1.07272,1.07287,1.00,1.37
2017.01.20 01:03:04.616,1.0727,1.07286,1.00,2.62
2017.01.20 01:03:05.200,1.0727,1.07287,1.87,1.87
2017.01.20 01:03:05.746,1.07271,1.07287,1.12,1.12
2017.01.20 01:03:09.517,1.07272,1.07287,1.00,1.12
2017.01.20 01:03:09.568,1.07272,1.07286,1.00,1.37
2017.01.20 01:03:09.909,1.07274,1.07289,1.00,2.62
2017.01.20 01:03:11.103,1.07273,1.07288,1.00,1.12
2017.01.20 01:03:12.279,1.07273,1.07286,1.00,1.00
2017.01.20 01:03:12.431,1.07271,1.07286,1.00,1.12
2017.01.20 01:03:19.728,1.07272,1.07287,1.00,1.87
2017.01.20 01:03:19.929,1.07273,1.07288,1.00,1.87
2017.01.20 01:03:29.226,1.07274,1.07289,1.00,2.25
2017.01.20 01:03:29.820,1.07274,1.07289,1.00,1.12
2017.01.20 01:03:30.860,1.07274,1.07288,1.00,1.00
2017.01.20 01:03:31.764,1.07274,1.07289,1.00,1.12
2017.01.20 01:03:32.740,1.07274,1.07288,1.00,1.00
2017.01.20 01:03:35.695,1.07274,1.07289,1.00,1.12
2017.01.20 01:03:46.317,1.07273,1.07288,1.50,1.00
2017.01.20 01:03:48.520,1.07274,1.07289,1.00,1.87
2017.01.20 01:03:49.060,1.07273,1.07288,1.87,1.12
2017.01.20 01:03:49.716,1.07274,1.0729,1.00,1.87
2017.01.20 01:03:51.051,1.07273,1.07287,2.25,1.00
2017.01.20 01:03:51.478,1.07273,1.0729,1.50,4.12
2017.01.20 01:03:53.023,1.07274,1.0729,1.00,2.62
2017.01.20 01:03:53.532,1.07274,1.0729,1.00,1.12
2017.01.20 01:03:54.091,1.07274,1.07289,1.00,1.00
2017.01.20 01:03:54.594,1.07273,1.07288,1.12,1.12
2017.01.20 01:03:57.418,1.07274,1.07289,1.00,1.87
2017.01.20 01:03:57.571,1.07274,1.0729,1.00,1.00
2017.01.20 01:03:58.150,1.07274,1.07289,1.50,1.00
2017.01.20 01:04:00.358,1.07274,1.0729,1.50,1.00
2017.01.20 01:04:00.669,1.07274,1.07288,1.50,1.00
2017.01.20 01:04:01.057,1.07274,1.0729,1.50,1.00
2017.01.20 01:04:01.564,1.07274,1.07289,1.12,1.12
2017.01.20 01:04:01.716,1.07276,1.0729,1.50,1.87
2017.01.20 01:04:01.818,1.07276,1.07291,1.50,1.50
2017.01.20 01:04:01.985,1.07279,1.07289,1.00,1.00
2017.01.20 01:04:02.036,1.07279,1.07293,1.00,1.00
2017.01.20 01:04:02.137,1.07277,1.07292,1.12,1.87
2017.01.20 01:04:02.239,1.07274,1.0729,2.25,1.00
2017.01.20 01:04:02.342,1.07273,1.0729,2.25,1.87
2017.01.20 01:04:02.874,1.07274,1.0729,1.00,1.37
2017.01.20 01:04:03.824,1.07274,1.0729,1.00,1.12
2017.01.20 01:04:04.337,1.07273,1.0729,2.25,1.87
2017.01.20 01:04:04.886,1.07274,1.0729,1.00,1.12
2017.01.20 01:04:05.396,1.07274,1.07289,1.00,1.00
2017.01.20 01:04:05.720,1.07276,1.0729,1.00,1.12
2017.01.20 01:04:06.042,1.07275,1.07289,1.00,1.37
2017.01.20 01:04:06.553,1.07275,1.0729,1.00,1.87
2017.01.20 01:04:06.878,1.07273,1.07288,1.12,1.87
2017.01.20 01:04:07.334,1.07272,1.07285,1.00,1.00
2017.01.20 01:04:07.640,1.07274,1.07287,1.00,1.00
2017.01.20 01:04:07.974,1.07272,1.07288,1.00,1.87
2017.01.20 01:04:08.856,1.07271,1.07287,1.12,1.37
2017.01.20 01:04:13.581,1.07272,1.07287,1.00,1.87
2017.01.20 01:04:14.126,1.07271,1.07287,1.12,1.87
2017.01.20 01:04:14.627,1.07274,1.0729,1.00,1.87
2017.01.20 01:04:14.728,1.07276,1.0729,1.00,1.00
2017.01.20 01:04:14.890,1.07274,1.0729,1.50,1.12
2017.01.20 01:04:15.707,1.07275,1.0729,1.00,1.12
2017.01.20 01:04:16.241,1.07276,1.07291,1.00,1.50
2017.01.20 01:04:16.788,1.07275,1.07291,1.00,1.12
2017.01.20 01:04:17.751,1.07276,1.07291,1.00,1.12
2017.01.20 01:04:18.275,1.07275,1.07291,1.50,1.12
2017.01.20 01:04:18.854,1.07275,1.0729,1.00,1.12
2017.01.20 01:04:19.356,1.07274,1.0729,1.87,1.87
2017.01.20 01:04:19.701,1.07272,1.07287,1.37,1.00
2017.01.20 01:04:19.840,1.07271,1.07287,2.25,1.12
2017.01.20 01:04:20.512,1.07271,1.07286,1.12,1.00
2017.01.20 01:04:22.524,1.0727,1.07285,2.25,1.00
2017.01.20 01:04:23.108,1.07269,1.07286,1.50,3.75
2017.01.20 01:04:23.444,1.07271,1.07286,1.00,1.00
2017.01.20 01:04:23.596,1.07272,1.07288,1.12,1.00
2017.01.20 01:04:24.798,1.07273,1.07288,1.00,1.00
2017.01.20 01:04:25.308,1.07272,1.07287,1.00,1.12
2017.01.20 01:04:25.713,1.07271,1.07286,1.00,1.87
2017.01.20 01:04:25.815,1.07271,1.07287,1.12,1.12
2017.01.20 01:04:27.949,1.07271,1.07286,1.12,1.00
2017.01.20 01:04:28.101,1.07272,1.07288,1.12,3.37
2017.01.20 01:04:28.519,1.07274,1.07288,1.00,1.00
2017.01.20 01:04:28.697,1.07274,1.0729,1.87,1.50
2017.01.20 01:04:29.216,1.07275,1.0729,1.00,2.62
2017.01.20 01:04:29.368,1.07272,1.07287,2.62,1.00
2017.01.20 01:04:29.824,1.07271,1.07288,2.62,3.00
2017.01.20 01:04:29.875,1.07272,1.07288,1.12,1.12
2017.01.20 01:04:30.128,1.07271,1.07285,2.25,1.00
2017.01.20 01:04:30.440,1.07278,1.07288,1.00,2.62
2017.01.20 01:04:30.593,1.0728,1.07295,1.00,1.12
2017.01.20 01:04:31.127,1.07281,1.07296,1.00,1.12
2017.01.20 01:04:31.628,1.07282,1.07296,1.00,1.12
2017.01.20 01:04:32.316,1.07283,1.07297,1.00,2.25
2017.01.20 01:04:32.520,1.07285,1.07298,1.00,1.37
2017.01.20 01:04:32.722,1.07285,1.073,1.00,1.00
2017.01.20 01:04:33.533,1.07286,1.073,1.00,1.00
2017.01.20 01:04:33.750,1.07288,1.07301,1.00,1.00
2017.01.20 01:04:34.207,1.07287,1.07299,1.00,1.00
2017.01.20 01:04:34.511,1.0728,1.07294,1.75,1.00
2017.01.20 01:04:34.613,1.0728,1.07293,1.00,1.00
2017.01.20 01:04:35.116,1.0728,1.07294,1.00,1.87
2017.01.20 01:04:36.917,1.07279,1.07294,1.00,1.12
2017.01.20 01:04:37.478,1.07278,1.07294,1.87,1.12
2017.01.20 01:04:37.694,1.0728,1.07293,1.00,1.00
2017.01.20 01:04:38.222,1.07279,1.07294,1.00,3.00
2017.01.20 01:04:38.808,1.0728,1.07294,1.00,3.00
2017.01.20 01:04:40.001,1.07279,1.07294,1.00,3.00
2017.01.20 01:04:40.183,1.07277,1.07293,1.00,1.12
2017.01.20 01:04:41.652,1.07278,1.07293,1.00,1.12
2017.01.20 01:04:42.234,1.07277,1.07293,1.12,1.12
2017.01.20 01:04:42.834,1.07276,1.07292,2.25,1.00
2017.01.20 01:04:43.705,1.07278,1.07292,1.00,1.00
2017.01.20 01:04:44.008,1.07276,1.07292,1.50,1.00
2017.01.20 01:04:44.602,1.07277,1.07292,1.00,1.00
2017.01.20 01:04:45.113,1.07276,1.07293,1.50,2.25
2017.01.20 01:04:45.672,1.07277,1.07292,1.00,1.00
2017.01.20 01:04:46.180,1.07277,1.07291,1.00,1.00
2017.01.20 01:04:46.686,1.07276,1.07291,1.50,1.00
2017.01.20 01:04:47.596,1.07277,1.07291,1.00,1.00
2017.01.20 01:04:48.191,1.07276,1.07292,1.50,2.62
2017.01.20 01:04:50.658,1.07277,1.07292,1.00,1.87
2017.01.20 01:04:51.160,1.07276,1.07292,1.50,2.62
2017.01.20 01:04:51.868,1.07276,1.07292,1.50,2.25
2017.01.20 01:04:53.188,1.07276,1.07291,1.50,1.00
2017.01.20 01:04:53.694,1.07277,1.07291,1.00,1.12
2017.01.20 01:04:54.998,1.07276,1.07291,1.50,1.00
2017.01.20 01:04:56.161,1.07277,1.07291,1.00,1.00
2017.01.20 01:04:56.695,1.07277,1.07292,1.50,1.87
2017.01.20 01:04:58.917,1.07276,1.07292,1.00,1.87
2017.01.20 01:04:59.430,1.07277,1.07292,1.00,1.12
2017.01.20 01:05:00.600,1.07278,1.07292,1.00,1.87
2017.01.20 01:05:00.770,1.07278,1.07293,1.00,2.25
2017.01.20 01:05:01.288,1.07278,1.07292,1.00,1.00
2017.01.20 01:05:01.442,1.07275,1.07291,2.62,1.12
2017.01.20 01:05:01.983,1.07276,1.07291,1.00,1.87
2017.01.20 01:05:03.891,1.07275,1.07291,1.12,1.87
2017.01.20 01:05:03.992,1.07277,1.07292,1.00,1.37
2017.01.20 01:05:04.306,1.07279,1.07292,1.00,1.37
2017.01.20 01:05:04.763,1.07283,1.07293,1.50,1.12
2017.01.20 01:05:04.966,1.07284,1.07298,1.00,1.50
2017.01.20 01:05:05.691,1.07284,1.07297,1.00,1.87
2017.01.20 01:05:06.194,1.07283,1.07297,1.00,1.37
2017.01.20 01:05:06.526,1.07284,1.07298,1.50,1.00
2017.01.20 01:05:06.628,1.07286,1.07299,1.00,1.12
2017.01.20 01:05:07.253,1.07285,1.073,1.00,1.12
2017.01.20 01:05:07.769,1.07285,1.07299,1.00,1.00
2017.01.20 01:05:08.300,1.07285,1.073,1.00,1.12
2017.01.20 01:05:09.190,1.07286,1.07301,1.00,1.87
2017.01.20 01:05:09.751,1.07285,1.07301,1.50,1.87
2017.01.20 01:05:10.254,1.07286,1.07301,1.00,1.87
2017.01.20 01:05:10.760,1.07285,1.07301,1.50,1.87
2017.01.20 01:05:11.288,1.07286,1.07301,1.50,1.12
2017.01.20 01:05:12.851,1.07285,1.07301,1.87,1.12
2017.01.20 01:05:13.381,1.07286,1.07301,1.00,1.87
2017.01.20 01:05:13.886,1.07286,1.073,1.00,1.12
2017.01.20 01:05:16.301,1.0729,1.073,1.00,1.12
2017.01.20 01:05:16.412,1.07291,1.07302,1.00,1.00
2017.01.20 01:05:16.564,1.07291,1.07304,1.00,1.50
2017.01.20 01:05:16.767,1.07289,1.07303,1.50,1.00
2017.01.20 01:05:17.121,1.07291,1.07303,1.00,1.00
2017.01.20 01:05:17.223,1.07289,1.07303,1.00,1.00
2017.01.20 01:05:17.274,1.07291,1.07303,1.00,1.00
2017.01.20 01:05:17.426,1.07289,1.07303,1.50,1.00
2017.01.20 01:05:17.754,1.07291,1.07303,1.00,1.00
2017.01.20 01:05:18.360,1.0729,1.07303,1.00,1.00
2017.01.20 01:05:18.614,1.07288,1.07303,2.25,1.00
2017.01.20 01:05:18.869,1.0729,1.07303,1.00,1.00
2017.01.20 01:05:19.476,1.07291,1.07302,1.00,1.00
2017.01.20 01:05:19.542,1.07289,1.07302,1.31,1.00
2017.01.20 01:05:19.769,1.07291,1.07302,1.00,1.00
2017.01.20 01:05:20.074,1.0729,1.07302,1.00,1.00
2017.01.20 01:05:20.125,1.0729,1.07303,1.00,1.00
2017.01.20 01:05:20.176,1.07288,1.07303,1.12,1.00
2017.01.20 01:05:21.048,1.07287,1.07302,1.50,1.00
2017.01.20 01:05:21.099,1.07287,1.073,1.00,1.00
2017.01.20 01:05:21.252,1.07285,1.07301,2.25,1.12
2017.01.20 01:05:21.768,1.07286,1.07301,1.00,1.12
2017.01.20 01:05:22.305,1.07285,1.07301,2.25,1.12
2017.01.20 01:05:22.810,1.07285,1.073,1.87,1.12
2017.01.20 01:05:24.567,1.07286,1.073,1.00,1.37
2017.01.20 01:05:24.618,1.07289,1.073,1.00,1.37
2017.01.20 01:05:24.770,1.07287,1.07299,1.00,1.50
2017.01.20 01:05:24.923,1.07285,1.07298,1.12,1.50
2017.01.20 01:05:26.059,1.07286,1.07298,1.00,1.37
2017.01.20 01:05:26.110,1.07288,1.07298,1.00,1.37
2017.01.20 01:05:26.313,1.07288,1.07299,1.00,1.00
2017.01.20 01:05:26.452,1.07286,1.07298,1.00,1.00
2017.01.20 01:05:26.736,1.07288,1.07299,1.00,1.50
2017.01.20 01:05:27.316,1.07287,1.07299,1.00,1.00
2017.01.20 01:05:30.239,1.07288,1.07299,1.00,1.50
2017.01.20 01:05:30.787,1.07288,1.07301,1.00,3.00
2017.01.20 01:05:30.888,1.07286,1.073,1.00,1.12
2017.01.20 01:05:31.495,1.07287,1.073,1.00,1.12
2017.01.20 01:05:32.063,1.07286,1.073,1.00,1.12
2017.01.20 01:05:32.617,1.07286,1.07299,1.00,1.00
2017.01.20 01:05:33.850,1.07285,1.07299,1.00,1.12
2017.01.20 01:05:34.002,1.07283,1.07298,1.12,1.75
2017.01.20 01:05:34.154,1.07283,1.07299,1.50,3.00
2017.01.20 01:05:35.244,1.07282,1.07296,1.00,1.00
2017.01.20 01:05:35.446,1.07282,1.07298,1.50,1.87
2017.01.20 01:05:36.260,1.07283,1.07299,1.00,3.00
2017.01.20 01:05:38.214,1.07282,1.07298,1.50,1.12
2017.01.20 01:05:38.786,1.07283,1.07298,1.00,1.12
2017.01.20 01:05:39.718,1.07281,1.07297,3.00,1.50
2017.01.20 01:05:40.178,1.07283,1.07298,1.00,1.87
2017.01.20 01:05:41.432,1.07282,1.07298,1.50,1.12
2017.01.20 01:05:41.786,1.07284,1.07299,1.00,2.25
2017.01.20 01:05:42.367,1.07284,1.07298,1.00,1.37
2017.01.20 01:05:42.912,1.07283,1.07298,1.50,1.87
2017.01.20 01:05:43.608,1.07283,1.07298,1.50,1.12
2017.01.20 01:05:44.499,1.07282,1.07297,1.87,1.00
2017.01.20 01:05:45.543,1.07282,1.07296,1.00,1.00
2017.01.20 01:05:46.050,1.07282,1.07297,1.00,1.12
2017.01.20 01:05:46.576,1.07283,1.07298,1.50,2.62
2017.01.20 01:05:46.981,1.07281,1.07297,1.87,1.50
2017.01.20 01:05:47.509,1.07282,1.07297,1.00,2.25
2017.01.20 01:05:48.031,1.07281,1.07297,1.00,2.62
2017.01.20 01:05:48.543,1.07282,1.07297,1.00,1.50
2017.01.20 01:05:49.109,1.07283,1.07297,1.00,1.00
2017.01.20 01:05:49.615,1.07282,1.07297,1.12,1.00
2017.01.20 01:05:50.148,1.07281,1.07296,2.25,1.00
2017.01.20 01:05:50.199,1.07282,1.07298,1.12,4.12
2017.01.20 01:05:50.581,1.07281,1.07296,3.00,1.00
2017.01.20 01:05:50.861,1.07283,1.07299,1.00,2.25
2017.01.20 01:05:51.166,1.07283,1.07297,1.50,1.00
2017.01.20 01:05:51.694,1.07282,1.07297,1.00,2.62
2017.01.20 01:05:52.208,1.07281,1.07297,2.25,2.62
2017.01.20 01:05:52.719,1.07282,1.07297,1.00,2.62
2017.01.20 01:05:53.993,1.07281,1.07297,2.25,1.87
2017.01.20 01:05:57.398,1.07282,1.07297,1.00,1.12
2017.01.20 01:05:57.908,1.07281,1.07297,3.75,1.12
2017.01.20 01:06:06.287,1.07281,1.07295,1.12,1.00
2017.01.20 01:06:06.815,1.07281,1.07296,1.00,1.87
2017.01.20 01:06:12.371,1.07282,1.07297,1.37,3.37
2017.01.20 01:06:12.473,1.07283,1.07298,1.87,1.00
2017.01.20 01:06:13.009,1.07283,1.07299,2.62,2.25
2017.01.20 01:06:13.212,1.07283,1.07297,1.50,1.00
2017.01.20 01:06:13.465,1.07284,1.07299,1.50,2.62
2017.01.20 01:06:13.557,1.07286,1.07299,1.00,1.12
2017.01.20 01:06:14.151,1.07286,1.073,1.00,1.50
2017.01.20 01:06:15.055,1.07285,1.073,1.87,1.00
2017.01.20 01:06:15.653,1.07286,1.073,1.00,1.00
2017.01.20 01:06:15.983,1.0729,1.07303,1.12,1.37
2017.01.20 01:06:16.084,1.0729,1.07305,1.69,1.50
2017.01.20 01:06:16.588,1.07291,1.07305,1.00,1.00
2017.01.20 01:06:17.093,1.0729,1.07304,2.44,1.00
2017.01.20 01:06:17.296,1.0729,1.07302,1.69,1.00
2017.01.20 01:06:17.498,1.07286,1.073,1.37,1.00
2017.01.20 01:06:17.998,1.07285,1.07301,1.12,1.50
2017.01.20 01:06:18.151,1.07287,1.07301,1.00,1.00
2017.01.20 01:06:18.455,1.07283,1.07299,1.37,1.87
2017.01.20 01:06:18.506,1.07283,1.07298,1.12,1.00
2017.01.20 01:06:19.012,1.07281,1.07297,2.62,1.50
2017.01.20 01:06:20.101,1.07286,1.07297,1.00,1.12
2017.01.20 01:06:20.455,1.07288,1.07299,1.50,1.12
2017.01.20 01:06:20.740,1.07289,1.07301,1.00,1.87
2017.01.20 01:06:20.888,1.07289,1.073,1.00,2.25
2017.01.20 01:06:22.527,1.07288,1.07299,1.00,1.37
2017.01.20 01:06:22.629,1.07288,1.073,1.00,1.87
2017.01.20 01:06:23.484,1.07288,1.07299,1.00,1.00
2017.01.20 01:06:24.074,1.07288,1.07299,1.00,1.37
2017.01.20 01:06:25.632,1.07288,1.073,1.00,1.87
2017.01.20 01:06:26.142,1.07288,1.073,1.00,1.12
2017.01.20 01:06:27.649,1.07288,1.07299,1.00,1.00
2017.01.20 01:06:28.172,1.07288,1.07299,1.00,1.37
2017.01.20 01:06:30.916,1.07288,1.073,1.50,1.87
2017.01.20 01:06:51.869,1.07288,1.073,1.50,2.81
2017.01.20 01:06:51.970,1.07288,1.07299,1.50,1.25
2017.01.20 01:07:04.535,1.07288,1.07299,1.50,1.87
2017.01.20 01:07:06.763,1.07288,1.07299,1.50,2.62
2017.01.20 01:07:17.252,1.07293,1.07298,1.00,1.50
2017.01.20 01:07:17.348,1.0729,1.07303,1.50,1.37
2017.01.20 01:07:17.400,1.07291,1.07304,1.00,1.50
2017.01.20 01:07:17.451,1.07293,1.07301,1.00,1.00
2017.01.20 01:07:17.502,1.07291,1.07301,1.00,1.00
2017.01.20 01:07:17.553,1.0729,1.07303,1.00,1.12
2017.01.20 01:07:17.818,1.07291,1.07303,1.00,1.75
2017.01.20 01:07:18.020,1.07292,1.07307,1.00,1.75
2017.01.20 01:07:18.187,1.0729,1.07308,1.00,1.75
2017.01.20 01:07:18.288,1.07291,1.07308,1.00,1.75
2017.01.20 01:07:18.390,1.07291,1.07308,1.00,1.75
2017.01.20 01:07:18.491,1.07291,1.07308,1.00,1.75
2017.01.20 01:07:18.738,1.07293,1.07307,1.00,1.50
2017.01.20 01:07:19.314,1.07293,1.07305,1.00,1.00
2017.01.20 01:07:19.815,1.07293,1.07306,1.00,1.12
2017.01.20 01:07:20.172,1.07293,1.07304,1.00,1.00
2017.01.20 01:07:20.683,1.07292,1.07303,1.00,1.00
2017.01.20 01:07:21.234,1.07292,1.07304,1.00,1.00
2017.01.20 01:07:21.909,1.07292,1.07303,1.00,1.00
2017.01.20 01:07:22.162,1.07292,1.07305,1.00,1.00
2017.01.20 01:07:22.676,1.07292,1.07307,1.00,1.50
2017.01.20 01:07:22.828,1.07292,1.07304,1.00,1.00
2017.01.20 01:07:23.456,1.07292,1.07305,1.00,1.00
2017.01.20 01:07:24.374,1.07292,1.07306,1.00,1.12
2017.01.20 01:07:24.729,1.07293,1.07309,1.00,1.50
2017.01.20 01:07:26.003,1.07293,1.07307,1.50,1.00
2017.01.20 01:07:27.271,1.07293,1.07306,1.50,1.00
2017.01.20 01:07:27.811,1.07293,1.07307,1.50,1.50
2017.01.20 01:07:29.443,1.07293,1.07306,1.50,1.00
2017.01.20 01:07:29.545,1.07293,1.07308,2.25,1.87
2017.01.20 01:07:29.596,1.07295,1.07308,1.00,1.12
2017.01.20 01:07:29.901,1.07291,1.07304,1.37,1.00
2017.01.20 01:07:30.440,1.07291,1.07303,1.00,1.50
2017.01.20 01:07:31.088,1.0729,1.07302,1.50,1.00
2017.01.20 01:07:31.746,1.0729,1.07303,1.50,1.00
2017.01.20 01:07:32.050,1.07292,1.07303,1.00,1.00
2017.01.20 01:07:32.668,1.07291,1.07302,1.00,1.00
2017.01.20 01:07:33.178,1.07291,1.07303,1.00,1.00
2017.01.20 01:07:33.709,1.07291,1.07302,1.00,1.00
2017.01.20 01:07:34.247,1.07291,1.07303,1.00,1.50
2017.01.20 01:07:34.779,1.07291,1.07302,1.00,1.00
2017.01.20 01:07:36.152,1.07291,1.07301,1.00,1.00
2017.01.20 01:07:38.866,1.0729,1.07301,1.00,1.00
2017.01.20 01:07:39.400,1.07292,1.073,1.00,1.00
2017.01.20 01:07:39.945,1.07292,1.07301,1.00,1.00
2017.01.20 01:07:40.513,1.07292,1.073,1.00,1.00
2017.01.20 01:07:40.817,1.07292,1.07303,1.00,1.00
2017.01.20 01:07:43.226,1.07292,1.07305,1.00,1.87
2017.01.20 01:07:44.662,1.07293,1.07304,1.00,1.00
2017.01.20 01:07:45.037,1.07295,1.07305,1.00,1.00
2017.01.20 01:07:45.347,1.07299,1.0731,1.00,0.85
2017.01.20 01:07:45.449,1.07299,1.0731,1.00,0.10
2017.01.20 01:07:45.791,1.07299,1.07308,1.00,1.50
2017.01.20 01:07:45.841,1.07296,1.07306,1.00,1.00
2017.01.20 01:07:46.366,1.07296,1.07307,1.00,1.50
2017.01.20 01:07:46.755,1.07296,1.07305,1.00,1.00
2017.01.20 01:07:47.625,1.07296,1.07304,1.00,1.00
2017.01.20 01:07:47.828,1.07297,1.07307,1.00,1.00
2017.01.20 01:07:47.930,1.07296,1.07305,1.00,1.00
2017.01.20 01:07:48.473,1.07296,1.07304,1.00,1.00
2017.01.20 01:07:49.520,1.07296,1.07304,1.56,1.00
2017.01.20 01:07:49.825,1.07294,1.07306,2.06,1.00
2017.01.20 01:07:49.993,1.07294,1.07308,1.00,1.50
2017.01.20 01:07:50.974,1.07294,1.07307,1.31,1.00
2017.01.20 01:07:52.062,1.07296,1.07308,1.00,1.00
2017.01.20 01:07:52.517,1.07298,1.07309,1.00,1.00
2017.01.20 01:07:52.821,1.07301,1.0731,1.00,0.10
2017.01.20 01:07:53.242,1.073,1.07308,1.00,1.00
2017.01.20 01:07:53.294,1.07298,1.07308,1.50,1.00
2017.01.20 01:07:53.345,1.07298,1.07306,1.00,1.00
2017.01.20 01:07:53.920,1.07298,1.07305,1.00,1.00
2017.01.20 01:07:54.962,1.07299,1.07305,1.00,1.00
2017.01.20 01:07:55.524,1.07297,1.07305,1.00,1.00
2017.01.20 01:07:55.575,1.07295,1.07304,1.00,1.00
2017.01.20 01:07:58.743,1.07295,1.07305,1.00,1.00
2017.01.20 01:07:59.271,1.07295,1.07305,2.06,1.00
2017.01.20 01:07:59.372,1.07295,1.07305,1.50,1.00
2017.01.20 01:07:59.676,1.07295,1.07308,1.50,1.12
2017.01.20 01:08:00.097,1.07295,1.07306,1.00,1.00
2017.01.20 01:08:00.262,1.07293,1.07306,1.50,1.00
2017.01.20 01:08:01.675,1.07293,1.07307,2.06,3.00
2017.01.20 01:08:01.883,1.07293,1.07307,1.50,3.00
2017.01.20 01:08:03.486,1.07294,1.07306,1.00,1.00
2017.01.20 01:08:04.664,1.07294,1.07307,1.00,1.12
2017.01.20 01:08:04.790,1.07295,1.07307,1.56,2.25
2017.01.20 01:08:04.841,1.07295,1.07307,1.00,1.87
2017.01.20 01:08:04.998,1.07293,1.07305,1.00,1.00
2017.01.20 01:08:05.805,1.07294,1.07306,1.00,1.87
2017.01.20 01:08:06.327,1.07295,1.07306,1.00,1.37
2017.01.20 01:08:06.782,1.07295,1.07307,1.00,1.12
2017.01.20 01:08:07.296,1.07295,1.07308,1.00,1.12
2017.01.20 01:08:07.812,1.07295,1.07307,1.00,1.87
2017.01.20 01:08:14.159,1.07295,1.07309,3.00,1.12
2017.01.20 01:08:14.210,1.07298,1.07309,1.00,1.12
2017.01.20 01:08:14.788,1.07298,1.0731,1.87,0.10
2017.01.20 01:08:15.980,1.073,1.0731,1.00,0.10
2017.01.20 01:08:16.318,1.07302,1.0731,1.87,0.10
2017.01.20 01:08:17.613,1.07301,1.0731,1.12,0.10
2017.01.20 01:08:19.731,1.07306,1.0731,1.00,0.10
2017.01.20 01:08:19.874,1.07303,1.0731,1.50,0.10
2017.01.20 01:08:19.975,1.07301,1.0731,1.50,0.10
2017.01.20 01:08:20.026,1.07305,1.0731,1.00,0.10
2017.01.20 01:08:20.128,1.07302,1.0731,1.00,0.10
2017.01.20 01:08:20.259,1.07297,1.0731,3.37,0.10
2017.01.20 01:08:20.361,1.07301,1.07309,1.00,1.00
2017.01.20 01:08:20.717,1.07296,1.07309,1.50,1.00
2017.01.20 01:08:21.257,1.07295,1.07309,2.62,1.00
2017.01.20 01:08:21.771,1.07297,1.07309,1.00,1.00
2017.01.20 01:08:22.387,1.07296,1.07309,1.12,1.00
2017.01.20 01:08:24.178,1.07295,1.07309,2.25,1.00
2017.01.20 01:08:24.722,1.07296,1.07309,1.00,1.00
2017.01.20 01:08:25.275,1.07295,1.07309,1.12,1.00
2017.01.20 01:08:25.808,1.07296,1.07309,1.00,1.00
2017.01.20 01:08:26.345,1.07295,1.07308,1.00,1.00
2017.01.20 01:08:27.820,1.07295,1.07309,1.00,1.00
2017.01.20 01:08:28.454,1.07294,1.07309,1.87,1.00
2017.01.20 01:08:29.002,1.07295,1.07309,1.00,1.00
2017.01.20 01:08:29.647,1.07294,1.07309,1.87,1.00
2017.01.20 01:08:30.200,1.07295,1.07309,1.00,1.00
2017.01.20 01:08:30.908,1.07294,1.07309,1.87,1.00
2017.01.20 01:08:31.449,1.07295,1.07309,1.00,1.00
2017.01.20 01:08:32.135,1.07294,1.07309,1.87,1.50
2017.01.20 01:08:32.644,1.07294,1.07308,1.00,1.00
2017.01.20 01:08:33.307,1.07293,1.07308,2.62,1.00
2017.01.20 01:08:33.864,1.07294,1.07308,1.00,1.00
2017.01.20 01:08:35.260,1.07293,1.07308,2.62,1.00
2017.01.20 01:08:35.579,1.07295,1.07308,1.00,1.00
2017.01.20 01:08:36.448,1.07294,1.07308,1.00,1.00
2017.01.20 01:08:39.159,1.07295,1.07309,1.00,1.12
2017.01.20 01:08:39.769,1.07294,1.07309,1.87,1.00
2017.01.20 01:08:41.699,1.07295,1.07309,1.00,1.00
2017.01.20 01:08:42.210,1.07294,1.07309,1.87,1.00
2017.01.20 01:08:43.066,1.07295,1.07309,1.00,1.00
2017.01.20 01:08:43.615,1.07294,1.07309,1.87,1.00
2017.01.20 01:08:44.152,1.07295,1.07309,1.00,1.00
2017.01.20 01:08:44.859,1.07294,1.07309,1.87,1.00
2017.01.20 01:08:45.394,1.07295,1.07309,1.00,1.00
2017.01.20 01:08:46.003,1.07294,1.07309,1.87,1.00
2017.01.20 01:08:46.515,1.07293,1.07308,1.87,1.50
2017.01.20 01:08:47.123,1.07294,1.07308,1.00,1.00
2017.01.20 01:08:47.723,1.07292,1.07307,1.87,1.00
2017.01.20 01:08:48.441,1.07293,1.07307,1.00,1.00
2017.01.20 01:08:48.595,1.07292,1.07304,1.00,1.00
2017.01.20 01:08:48.798,1.0729,1.07303,1.00,1.00
2017.01.20 01:08:49.102,1.07288,1.07302,1.50,1.00
2017.01.20 01:08:50.405,1.07287,1.073,1.37,1.00
2017.01.20 01:08:50.609,1.07285,1.07299,1.50,1.00
2017.01.20 01:08:50.726,1.07288,1.07299,1.00,1.00
2017.01.20 01:08:50.928,1.07286,1.07299,1.12,1.00
2017.01.20 01:08:51.617,1.07287,1.07299,1.00,1.00
2017.01.20 01:08:52.152,1.07286,1.07299,1.12,1.00
2017.01.20 01:08:52.787,1.07285,1.07299,2.25,1.00
2017.01.20 01:08:53.942,1.07285,1.07298,1.00,1.00
2017.01.20 01:08:54.044,1.07283,1.07297,2.25,1.00
2017.01.20 01:08:54.095,1.07285,1.07297,1.00,1.00
2017.01.20 01:08:54.653,1.07284,1.07297,1.00,1.00
2017.01.20 01:08:54.967,1.07281,1.07296,2.25,1.00
2017.01.20 01:08:55.057,1.07283,1.07296,1.00,1.00
2017.01.20 01:08:55.754,1.07284,1.07296,1.00,1.00
2017.01.20 01:08:56.376,1.07285,1.07296,1.00,1.00
2017.01.20 01:08:58.097,1.07284,1.07296,1.00,1.00
2017.01.20 01:08:58.309,1.07285,1.07298,1.00,1.00
2017.01.20 01:08:59.133,1.07286,1.07298,1.00,1.00
2017.01.20 01:08:59.676,1.07285,1.07298,1.00,1.00
2017.01.20 01:09:00.056,1.07283,1.07297,2.25,1.00
2017.01.20 01:09:00.624,1.07284,1.07297,1.00,1.00
2017.01.20 01:09:01.127,1.07283,1.07297,1.87,1.00
2017.01.20 01:09:01.666,1.07283,1.07296,1.12,1.00
2017.01.20 01:09:02.235,1.07282,1.07296,2.62,1.00
2017.01.20 01:09:02.894,1.07281,1.07296,1.87,1.00
2017.01.20 01:09:03.422,1.07282,1.07295,1.00,1.00
2017.01.20 01:09:04.397,1.07281,1.07295,1.87,1.00
2017.01.20 01:09:04.925,1.0728,1.07295,1.87,1.00
2017.01.20 01:09:06.300,1.0728,1.07294,1.12,1.00
2017.01.20 01:09:06.711,1.07283,1.07296,1.00,1.50
2017.01.20 01:09:07.227,1.07283,1.07296,1.00,1.00
2017.01.20 01:09:08.171,1.07283,1.07297,1.37,1.12
2017.01.20 01:09:08.745,1.07283,1.07296,1.37,1.00
2017.01.20 01:09:09.048,1.07283,1.07297,2.25,1.00
2017.01.20 01:09:09.149,1.07283,1.07296,1.12,1.00
2017.01.20 01:09:09.762,1.07283,1.07297,1.00,1.00
2017.01.20 01:09:11.402,1.07282,1.07294,1.12,1.00
2017.01.20 01:09:11.655,1.07282,1.07296,2.25,1.12
2017.01.20 01:09:11.757,1.07284,1.07296,1.00,1.12
2017.01.20 01:09:12.276,1.07283,1.07296,1.00,1.00
2017.01.20 01:09:12.780,1.07283,1.07297,1.00,1.00
2017.01.20 01:09:13.302,1.07284,1.07296,1.00,1.00
2017.01.20 01:09:13.813,1.07283,1.07296,1.00,1.00
2017.01.20 01:09:14.423,1.07284,1.07296,1.00,1.00
2017.01.20 01:09:14.626,1.07285,1.07298,1.50,1.00
2017.01.20 01:09:14.879,1.07283,1.07295,1.31,1.00
2017.01.20 01:09:15.215,1.07279,1.07293,2.25,1.00
2017.01.20 01:09:15.266,1.07279,1.07293,1.50,1.00
2017.01.20 01:09:15.418,1.07277,1.07291,1.50,1.00
2017.01.20 01:09:15.469,1.07277,1.07291,1.12,1.00
2017.01.20 01:09:18.226,1.07279,1.07292,1.00,1.87
2017.01.20 01:09:18.750,1.07279,1.07292,1.00,1.00
2017.01.20 01:09:19.384,1.0728,1.07293,1.00,1.00
2017.01.20 01:09:19.901,1.07279,1.07293,2.25,1.00
2017.01.20 01:09:20.445,1.0728,1.07293,1.00,1.00
2017.01.20 01:09:21.005,1.07279,1.07293,1.50,1.00
2017.01.20 01:09:21.361,1.07278,1.07291,1.37,1.00
2017.01.20 01:09:21.463,1.07277,1.07291,1.00,1.00
2017.01.20 01:09:21.615,1.07279,1.07293,1.50,1.00
2017.01.20 01:09:22.070,1.07279,1.07291,1.00,1.00
2017.01.20 01:09:22.471,1.07278,1.07293,4.12,1.00
2017.01.20 01:09:23.918,1.07278,1.07292,1.87,1.00
2017.01.20 01:09:24.020,1.07277,1.0729,1.00,1.50
2017.01.20 01:09:24.172,1.07274,1.07289,3.37,1.00
2017.01.20 01:09:24.804,1.07274,1.07288,1.50,1.00
2017.01.20 01:09:25.317,1.07275,1.07291,1.12,1.75
2017.01.20 01:09:25.368,1.07275,1.07291,1.00,1.87
2017.01.20 01:09:25.993,1.07275,1.0729,2.25,1.00
2017.01.20 01:09:26.196,1.07273,1.07287,1.00,1.00
2017.01.20 01:09:26.528,1.07275,1.0729,1.00,1.87
2017.01.20 01:09:27.106,1.07274,1.0729,1.12,1.12
2017.01.20 01:09:28.768,1.07273,1.0729,1.50,1.12
2017.01.20 01:09:34.026,1.07274,1.0729,1.00,1.12
2017.01.20 01:09:34.656,1.07275,1.0729,1.00,1.12
2017.01.20 01:09:35.202,1.07275,1.07289,1.00,1.00
2017.01.20 01:09:36.938,1.07277,1.07291,1.00,1.50
2017.01.20 01:09:37.242,1.07283,1.07296,1.00,1.50
2017.01.20 01:09:37.343,1.07283,1.07298,1.87,1.50
2017.01.20 01:09:37.863,1.07283,1.07298,2.25,1.00
2017.01.20 01:09:40.039,1.07283,1.07296,1.00,1.00
2017.01.20 01:09:40.287,1.07281,1.07296,2.25,1.00
2017.01.20 01:09:40.388,1.07283,1.07297,1.00,1.00
2017.01.20 01:09:40.540,1.07284,1.07299,1.87,1.12
2017.01.20 01:09:41.070,1.07285,1.073,1.12,1.00
2017.01.20 01:09:41.616,1.07286,1.07301,1.12,1.50
2017.01.20 01:09:42.167,1.07286,1.073,1.00,1.00
2017.01.20 01:09:42.673,1.07285,1.073,1.00,1.00
2017.01.20 01:09:43.383,1.07285,1.073,1.87,1.00
2017.01.20 01:09:43.915,1.07286,1.07301,1.87,1.00
2017.01.20 01:09:44.453,1.07286,1.07301,1.12,1.00
2017.01.20 01:09:47.372,1.07285,1.07297,1.37,1.00
2017.01.20 01:09:47.474,1.07284,1.07296,1.00,1.50
2017.01.20 01:09:47.677,1.07281,1.07295,1.12,1.00
2017.01.20 01:09:48.215,1.07282,1.07296,1.87,1.00
2017.01.20 01:09:48.468,1.0728,1.07294,2.25,1.00
2017.01.20 01:09:48.772,1.07278,1.07292,1.12,1.00
2017.01.20 01:09:49.303,1.07278,1.07292,1.87,1.00
2017.01.20 01:09:50.014,1.07278,1.07291,1.37,1.00
2017.01.20 01:09:50.523,1.07278,1.07292,1.12,1.00
2017.01.20 01:09:51.079,1.07277,1.07292,1.12,1.00
2017.01.20 01:09:51.697,1.07276,1.07291,1.50,1.00
2017.01.20 01:09:52.102,1.07278,1.07292,1.00,1.00
2017.01.20 01:09:53.073,1.07277,1.07291,3.37,1.00
2017.01.20 01:09:53.124,1.07278,1.07293,1.87,1.00
2017.01.20 01:09:53.226,1.07277,1.07291,1.12,1.00
2017.01.20 01:09:53.465,1.07277,1.07291,2.25,1.00
2017.01.20 01:09:54.000,1.07277,1.07291,2.62,1.00
2017.01.20 01:09:54.335,1.07276,1.07289,2.25,1.00
2017.01.20 01:09:54.538,1.07276,1.07291,2.25,1.00
2017.01.20 01:09:54.740,1.07276,1.07289,1.12,1.00
2017.01.20 01:09:55.055,1.07272,1.07286,1.50,1.00
2017.01.20 01:09:55.560,1.07271,1.07286,2.62,1.00
2017.01.20 01:09:55.915,1.07273,1.07287,2.62,1.00
2017.01.20 01:09:57.501,1.07273,1.07286,1.37,1.00
2017.01.20 01:09:57.754,1.07272,1.07286,1.87,1.00
2017.01.20 01:09:58.298,1.07272,1.07286,2.25,1.00
2017.01.20 01:09:58.820,1.07273,1.07286,1.37,1.00
2017.01.20 01:09:59.361,1.07272,1.07286,2.25,1.00
2017.01.20 01:10:01.195,1.07272,1.07285,1.00,1.00
2017.01.20 01:10:01.705,1.07271,1.07284,1.00,1.00
2017.01.20 01:10:01.865,1.07273,1.07286,1.00,1.00
2017.01.20 01:10:02.371,1.07271,1.07285,3.00,1.00
2017.01.20 01:10:03.187,1.07271,1.07286,3.75,1.00
2017.01.20 01:10:03.522,1.07276,1.07291,1.50,1.50
2017.01.20 01:10:03.871,1.07281,1.07296,2.62,1.00
2017.01.20 01:10:04.176,1.07283,1.07297,1.37,1.00
2017.01.20 01:10:04.382,1.07282,1.07297,1.12,1.00
2017.01.20 01:10:04.978,1.07283,1.07298,1.50,1.00
2017.01.20 01:10:05.181,1.07285,1.073,1.12,1.00
2017.01.20 01:10:05.282,1.07286,1.073,1.50,1.00
2017.01.20 01:10:05.875,1.07286,1.07301,1.87,1.50
2017.01.20 01:10:06.670,1.07286,1.073,1.87,1.00
2017.01.20 01:10:06.930,1.07285,1.07299,1.12,1.50
2017.01.20 01:10:07.082,1.07284,1.07297,1.37,1.00
2017.01.20 01:10:07.284,1.07283,1.07297,1.00,1.50
2017.01.20 01:10:19.278,1.07282,1.07296,1.37,1.00
2017.01.20 01:10:19.787,1.07281,1.07296,2.25,1.00
2017.01.20 01:10:22.116,1.07281,1.07294,1.12,1.50
2017.01.20 01:10:22.268,1.07278,1.07293,2.81,1.00
2017.01.20 01:10:22.831,1.07278,1.07292,1.00,1.00
2017.01.20 01:10:23.084,1.07276,1.0729,1.12,1.00
2017.01.20 01:10:23.693,1.07276,1.07289,1.00,1.00
2017.01.20 01:10:23.998,1.07273,1.07287,1.12,1.00
2017.01.20 01:10:24.049,1.07273,1.07285,1.00,1.00
2017.01.20 01:10:24.873,1.07271,1.07285,1.50,1.00
2017.01.20 01:10:29.617,1.07272,1.07284,1.12,1.00
2017.01.20 01:10:31.647,1.07273,1.07285,1.00,1.00
2017.01.20 01:10:32.154,1.07272,1.07285,1.12,1.00
2017.01.20 01:10:32.470,1.07273,1.07285,2.44,1.00
2017.01.20 01:10:32.725,1.07274,1.07285,1.31,1.00
2017.01.20 01:10:33.262,1.07273,1.07285,1.50,1.00
2017.01.20 01:10:35.810,1.07272,1.07285,1.50,1.00
2017.01.20 01:10:36.353,1.07271,1.07284,1.50,1.00
2017.01.20 01:10:36.885,1.07271,1.07284,1.00,1.00
2017.01.20 01:10:37.394,1.07271,1.07284,1.50,1.00
2017.01.20 01:10:37.931,1.07271,1.07284,1.00,1.00
2017.01.20 01:10:42.074,1.0727,1.07285,4.31,1.00
2017.01.20 01:10:42.603,1.07271,1.07285,1.87,1.00
2017.01.20 01:10:45.678,1.07272,1.07286,1.87,1.00
2017.01.20 01:10:45.740,1.07276,1.07289,1.00,1.50
2017.01.20 01:10:46.044,1.07281,1.07293,1.87,1.00
2017.01.20 01:10:46.297,1.07279,1.07293,1.50,1.50
2017.01.20 01:10:46.416,1.07277,1.07292,3.00,1.00
2017.01.20 01:10:46.934,1.07278,1.07293,1.87,1.50
2017.01.20 01:10:48.387,1.07279,1.07293,1.50,1.00
2017.01.20 01:10:50.343,1.07284,1.07296,1.00,1.37
2017.01.20 01:10:50.496,1.07284,1.07297,1.37,1.00
2017.01.20 01:10:50.597,1.07283,1.07295,1.00,1.00
2017.01.20 01:10:50.733,1.07281,1.07295,1.87,1.50
2017.01.20 01:10:51.273,1.07281,1.07295,3.00,1.00
2017.01.20 01:10:52.471,1.07281,1.07296,3.00,1.00
2017.01.20 01:10:52.980,1.07281,1.07295,1.50,1.00
2017.01.20 01:10:55.225,1.07281,1.07295,1.12,1.50
2017.01.20 01:10:55.744,1.07281,1.07294,1.00,1.00
2017.01.20 01:10:58.000,1.07281,1.07295,1.00,1.00
2017.01.20 01:10:58.542,1.07281,1.07295,1.50,1.00
2017.01.20 01:10:59.379,1.07281,1.07295,1.00,1.00
2017.01.20 01:11:01.282,1.07281,1.07296,1.69,1.00
2017.01.20 01:11:01.369,1.07281,1.07296,2.44,1.00
2017.01.20 01:11:01.727,1.07281,1.07295,1.00,1.00
2017.01.20 01:11:04.156,1.0728,1.07294,1.50,1.00
2017.01.20 01:11:06.326,1.0728,1.0729,1.12,1.00
2017.01.20 01:11:06.630,1.07274,1.07287,1.12,1.00
2017.01.20 01:11:06.731,1.07274,1.07286,1.00,1.00
2017.01.20 01:11:10.423,1.07272,1.07286,2.25,1.00
2017.01.20 01:11:12.177,1.07272,1.07285,3.00,1.00
2017.01.20 01:11:12.762,1.07272,1.07284,3.00,1.00
2017.01.20 01:11:13.015,1.07272,1.07284,1.00,1.00
2017.01.20 01:11:13.689,1.07272,1.07284,1.37,1.00
2017.01.20 01:11:15.253,1.07272,1.07284,1.12,1.00
2017.01.20 01:11:15.905,1.07272,1.07284,1.37,1.00
2017.01.20 01:11:16.439,1.07272,1.07284,1.31,1.00
2017.01.20 01:11:18.882,1.07272,1.07284,1.37,1.00
2017.01.20 01:11:19.458,1.07271,1.07284,2.44,1.00
2017.01.20 01:11:20.183,1.07273,1.07284,1.00,1.00
2017.01.20 01:11:20.315,1.07271,1.07284,2.44,1.00
2017.01.20 01:11:20.368,1.07272,1.07284,1.50,1.00
2017.01.20 01:11:23.174,1.07272,1.07284,1.00,1.00
2017.01.20 01:11:23.680,1.07273,1.07284,1.00,1.00
2017.01.20 01:11:25.577,1.07272,1.07284,1.12,1.00
2017.01.20 01:11:26.128,1.07272,1.07284,1.50,1.00
2017.01.20 01:11:33.076,1.07273,1.07286,1.87,1.00
2017.01.20 01:11:33.593,1.07274,1.07286,1.12,1.00
2017.01.20 01:11:34.149,1.07275,1.07286,1.00,1.00
2017.01.20 01:11:34.251,1.07276,1.07287,1.87,1.00
2017.01.20 01:11:34.790,1.07277,1.0729,2.44,1.00
2017.01.20 01:11:34.841,1.07277,1.0729,1.50,1.00
2017.01.20 01:11:34.942,1.07277,1.0729,1.87,1.00
2017.01.20 01:11:34.993,1.07278,1.07293,1.87,1.12
2017.01.20 01:11:35.297,1.07278,1.07293,1.12,1.00
2017.01.20 01:11:35.566,1.07281,1.07295,1.00,1.37
2017.01.20 01:11:35.780,1.07281,1.07296,1.87,1.00
2017.01.20 01:11:36.441,1.0728,1.07295,2.62,1.00
2017.01.20 01:11:37.000,1.0728,1.07295,2.62,1.00
2017.01.20 01:11:38.088,1.07281,1.07296,2.25,1.00
2017.01.20 01:11:42.447,1.07282,1.07297,1.00,1.50
2017.01.20 01:11:43.977,1.07283,1.07298,1.00,1.87
2017.01.20 01:11:44.481,1.07283,1.07298,2.25,1.00
2017.01.20 01:11:48.001,1.07283,1.07298,1.50,1.50
2017.01.20 01:11:48.456,1.07285,1.073,1.12,1.50
2017.01.20 01:11:48.859,1.07284,1.07298,1.50,1.00
2017.01.20 01:11:49.093,1.07285,1.073,1.00,1.87
2017.01.20 01:11:49.709,1.07285,1.07299,1.12,1.00
2017.01.20 01:11:50.875,1.07285,1.073,1.50,1.50
2017.01.20 01:11:51.408,1.07285,1.07299,1.50,1.00
2017.01.20 01:11:52.954,1.07285,1.073,1.50,1.50
2017.01.20 01:11:53.670,1.07285,1.07299,1.50,1.00
2017.01.20 01:11:57.603,1.07285,1.07298,1.50,1.00
2017.01.20 01:11:57.753,1.07285,1.073,1.50,1.00
2017.01.20 01:11:58.213,1.07285,1.07298,1.50,1.00
2017.01.20 01:11:58.810,1.07285,1.07299,1.50,1.00
2017.01.20 01:12:00.303,1.07285,1.07298,1.50,1.00
2017.01.20 01:12:00.420,1.07285,1.073,1.50,1.00
2017.01.20 01:12:00.929,1.07285,1.07299,1.00,1.00
2017.01.20 01:12:02.107,1.07285,1.07298,1.00,1.00
2017.01.20 01:12:02.461,1.07285,1.073,1.00,1.12
2017.01.20 01:12:02.512,1.07285,1.07298,1.00,1.00
2017.01.20 01:12:03.000,1.07282,1.07295,1.12,1.00
2017.01.20 01:12:03.101,1.07279,1.07294,2.25,1.00
2017.01.20 01:12:03.651,1.07278,1.07293,2.25,1.00
2017.01.20 01:12:04.021,1.07277,1.07291,1.87,1.00
2017.01.20 01:12:05.053,1.07276,1.07291,3.00,1.00
2017.01.20 01:12:06.827,1.07276,1.0729,2.25,1.00
2017.01.20 01:12:07.368,1.07276,1.0729,1.12,1.00
2017.01.20 01:12:07.874,1.07276,1.07291,1.12,1.50
2017.01.20 01:12:10.340,1.07276,1.0729,1.00,1.00
2017.01.20 01:12:10.850,1.07275,1.07289,1.00,1.00
2017.01.20 01:12:11.579,1.07275,1.0729,1.00,1.87
2017.01.20 01:12:12.136,1.07274,1.07289,2.25,1.50
2017.01.20 01:12:14.357,1.07274,1.07288,1.50,1.00
2017.01.20 01:12:16.446,1.07273,1.07288,1.50,1.87
2017.01.20 01:12:23.063,1.07274,1.07288,1.00,1.12
2017.01.20 01:12:25.210,1.07273,1.07288,2.62,1.12
2017.01.20 01:12:41.195,1.07273,1.07287,1.00,1.00
2017.01.20 01:12:41.246,1.07274,1.07289,1.00,1.00
2017.01.20 01:12:41.297,1.07277,1.07291,1.00,1.87
2017.01.20 01:12:41.550,1.07283,1.07298,1.50,1.87
2017.01.20 01:12:41.802,1.07283,1.07296,1.00,1.00
2017.01.20 01:12:42.403,1.07282,1.07295,1.12,1.00
2017.01.20 01:12:49.064,1.07282,1.07296,1.12,1.00
2017.01.20 01:12:49.392,1.07282,1.07294,1.00,1.00
2017.01.20 01:12:50.049,1.07282,1.07295,1.00,1.00
2017.01.20 01:12:50.673,1.07282,1.07296,1.00,1.00
2017.01.20 01:12:50.982,1.07281,1.07294,1.50,1.00
2017.01.20 01:12:54.925,1.07281,1.07295,1.50,1.00
2017.01.20 01:12:55.229,1.07279,1.07294,1.50,1.00
2017.01.20 01:12:55.787,1.07279,1.07293,1.50,1.00
2017.01.20 01:12:56.341,1.07279,1.07294,1.50,1.00
2017.01.20 01:12:57.439,1.07279,1.07293,1.50,1.00
2017.01.20 01:12:58.141,1.07277,1.0729,1.12,1.00
2017.01.20 01:12:58.546,1.07275,1.07289,1.87,1.00
2017.01.20 01:12:59.072,1.07275,1.0729,1.50,1.00
2017.01.20 01:12:59.932,1.07275,1.07289,1.50,1.00
2017.01.20 01:13:03.972,1.07275,1.0729,2.25,1.00
2017.01.20 01:13:07.917,1.07275,1.07289,1.50,1.00
2017.01.20 01:13:07.969,1.07275,1.07289,2.06,1.00
2017.01.20 01:13:08.072,1.07275,1.07288,1.00,1.00
2017.01.20 01:13:08.530,1.07275,1.0729,1.87,1.50
2017.01.20 01:13:08.682,1.07273,1.07288,2.25,1.50
2017.01.20 01:13:09.199,1.07271,1.07287,3.00,1.00
2017.01.20 01:13:10.355,1.07271,1.07286,4.50,1.00
2017.01.20 01:13:10.997,1.07271,1.07287,4.50,1.50
2017.01.20 01:13:11.558,1.07271,1.07286,4.50,1.00
2017.01.20 01:13:14.240,1.07272,1.07287,1.12,1.00
2017.01.20 01:13:14.797,1.07273,1.07287,1.00,1.00
2017.01.20 01:13:15.928,1.07274,1.07287,1.00,1.00
2017.01.20 01:13:17.835,1.07274,1.07288,1.00,1.00
2017.01.20 01:13:18.372,1.07275,1.07288,1.00,1.00
2017.01.20 01:13:19.853,1.07274,1.07288,1.12,1.00
2017.01.20 01:13:21.330,1.07275,1.07287,1.00,1.00
2017.01.20 01:13:21.837,1.07275,1.07288,1.00,1.00
2017.01.20 01:13:23.046,1.07274,1.07287,1.12,1.00
2017.01.20 01:13:23.563,1.07275,1.07289,1.00,2.25
2017.01.20 01:13:23.992,1.07274,1.07287,1.00,1.00
2017.01.20 01:13:24.512,1.07273,1.07286,1.00,1.00
2017.01.20 01:13:25.598,1.07274,1.07287,1.00,1.12
2017.01.20 01:13:25.931,1.07279,1.07294,1.00,1.87
2017.01.20 01:13:25.982,1.07279,1.07294,1.00,1.50
2017.01.20 01:13:26.235,1.07279,1.07292,1.00,1.00
2017.01.20 01:13:26.589,1.07279,1.07294,1.00,1.50
2017.01.20 01:13:26.791,1.07287,1.07296,1.00,1.37
2017.01.20 01:13:26.868,1.07283,1.07297,1.00,1.75
2017.01.20 01:13:27.035,1.07285,1.073,1.00,2.25
2017.01.20 01:13:27.086,1.07284,1.07299,1.12,1.87
2017.01.20 01:13:27.290,1.07282,1.07297,1.87,1.00
2017.01.20 01:13:27.493,1.07282,1.07297,1.50,1.00
2017.01.20 01:13:27.836,1.07285,1.07298,1.00,1.00
2017.01.20 01:13:27.887,1.07283,1.07298,1.00,1.00
2017.01.20 01:13:28.415,1.07284,1.07299,1.00,1.87
2017.01.20 01:13:28.996,1.07284,1.07298,1.00,1.00
2017.01.20 01:13:29.610,1.07283,1.07299,1.87,1.87
2017.01.20 01:13:29.712,1.07284,1.07297,1.00,1.00
2017.01.20 01:13:30.231,1.07283,1.07297,1.00,1.00
2017.01.20 01:13:31.884,1.07283,1.07296,1.00,1.00
2017.01.20 01:13:34.960,1.07283,1.07297,1.00,1.00
2017.01.20 01:13:35.517,1.07283,1.07298,1.00,1.87
2017.01.20 01:13:36.019,1.07282,1.07297,1.50,1.00
2017.01.20 01:13:36.525,1.07283,1.07298,1.00,1.12
2017.01.20 01:13:37.032,1.07283,1.07299,1.12,1.12
2017.01.20 01:13:38.374,1.07284,1.073,1.00,3.00
2017.01.20 01:13:38.677,1.07287,1.07301,1.12,1.00
2017.01.20 01:13:39.216,1.07287,1.07302,1.12,1.50
2017.01.20 01:13:41.758,1.07288,1.07301,1.00,1.00
2017.01.20 01:13:42.062,1.07287,1.07299,1.00,1.00
2017.01.20 01:13:42.746,1.07287,1.073,1.00,1.00
2017.01.20 01:13:44.253,1.07286,1.073,1.50,1.00
2017.01.20 01:13:45.918,1.07287,1.073,1.00,1.00
2017.01.20 01:13:47.144,1.07287,1.07299,1.00,1.00
2017.01.20 01:13:47.834,1.07286,1.07299,1.50,1.00
2017.01.20 01:13:49.154,1.07286,1.073,1.12,1.00
2017.01.20 01:13:49.726,1.07286,1.07299,1.12,1.00
2017.01.20 01:13:51.015,1.07286,1.073,1.12,1.00
2017.01.20 01:13:56.416,1.07286,1.07299,1.12,1.00
2017.01.20 01:13:57.203,1.07285,1.07298,1.37,1.00
2017.01.20 01:13:57.355,1.07284,1.07297,1.00,1.00
2017.01.20 01:13:57.507,1.07282,1.07297,1.87,1.00
2017.01.20 01:13:57.558,1.07282,1.07295,1.12,1.00
2017.01.20 01:14:00.544,1.07282,1.07296,1.12,1.00
2017.01.20 01:14:01.064,1.07282,1.07297,1.12,1.50
2017.01.20 01:14:03.440,1.07281,1.07296,1.87,1.00
2017.01.20 01:14:03.948,1.07281,1.07296,1.12,1.50
2017.01.20 01:14:05.127,1.07281,1.07295,1.12,1.00
2017.01.20 01:14:05.654,1.07281,1.07296,1.00,1.87
2017.01.20 01:14:07.347,1.07281,1.07295,1.00,1.00
2017.01.20 01:14:07.890,1.0728,1.07295,1.50,1.50
2017.01.20 01:14:08.639,1.0728,1.07294,1.00,1.00
2017.01.20 01:14:09.219,1.0728,1.07295,3.00,1.00
2017.01.20 01:14:13.802,1.0728,1.07294,1.00,1.00
2017.01.20 01:14:14.596,1.0728,1.07293,1.00,1.00
2017.01.20 01:14:15.111,1.0728,1.07294,1.25,1.50
2017.01.20 01:14:15.415,1.07278,1.07293,1.00,1.50
2017.01.20 01:14:16.269,1.07279,1.07295,1.50,2.25
2017.01.20 01:14:17.286,1.07279,1.07294,3.00,1.50
2017.01.20 01:14:17.942,1.0728,1.07295,1.87,1.50
2017.01.20 01:14:18.448,1.0728,1.07294,1.12,1.50
2017.01.20 01:14:21.056,1.07279,1.07294,1.50,1.00
2017.01.20 01:14:21.586,1.07279,1.07293,1.50,1.00
2017.01.20 01:14:22.860,1.07279,1.07294,1.50,1.50
2017.01.20 01:14:23.399,1.0728,1.07295,1.87,1.00
2017.01.20 01:14:24.842,1.07281,1.07297,1.00,2.25
2017.01.20 01:14:25.347,1.07282,1.07297,1.00,1.50
2017.01.20 01:14:28.063,1.07282,1.07296,1.00,1.00
2017.01.20 01:14:28.569,1.07282,1.07297,1.12,1.50
2017.01.20 01:14:29.764,1.07282,1.07296,1.12,1.00
2017.01.20 01:14:32.489,1.07281,1.07296,3.00,1.00
2017.01.20 01:14:32.669,1.07279,1.07293,1.75,1.00
2017.01.20 01:14:32.821,1.07278,1.07293,2.25,1.50
2017.01.20 01:14:34.293,1.07281,1.07294,1.00,1.00
2017.01.20 01:14:34.395,1.07279,1.07294,1.12,1.00
2017.01.20 01:14:34.547,1.07281,1.07295,1.00,1.00
2017.01.20 01:14:34.598,1.07279,1.07295,1.87,1.50
2017.01.20 01:14:34.958,1.07279,1.07291,1.12,1.00
2017.01.20 01:14:35.009,1.07278,1.07293,1.50,1.50
2017.01.20 01:14:35.162,1.07277,1.07291,1.75,1.00
2017.01.20 01:14:35.214,1.07275,1.07291,3.00,1.00
2017.01.20 01:14:38.175,1.07276,1.07291,1.00,1.50
2017.01.20 01:14:38.276,1.07275,1.07288,1.12,1.00
2017.01.20 01:14:38.856,1.07274,1.07289,1.50,1.00
2017.01.20 01:14:40.560,1.07274,1.07288,1.00,1.00
2017.01.20 01:14:41.075,1.07273,1.07287,1.12,1.00
2017.01.20 01:14:42.945,1.07274,1.07289,1.00,1.00
2017.01.20 01:14:43.133,1.07275,1.07291,1.50,1.87
2017.01.20 01:14:43.484,1.07275,1.07289,1.87,1.00
2017.01.20 01:14:43.996,1.07276,1.07288,1.00,1.00
2017.01.20 01:14:44.520,1.07276,1.07288,1.50,1.00
2017.01.20 01:14:46.147,1.07275,1.07288,1.12,1.00
2017.01.20 01:14:47.626,1.07274,1.07289,1.50,1.00
2017.01.20 01:14:48.219,1.07273,1.07288,2.25,1.00
2017.01.20 01:14:48.464,1.07273,1.07288,1.50,1.50
2017.01.20 01:14:56.936,1.07273,1.07289,2.25,1.50
2017.01.20 01:14:56.987,1.07276,1.07289,1.00,1.00
2017.01.20 01:14:57.523,1.07275,1.07289,1.50,1.00
2017.01.20 01:14:59.471,1.07276,1.07289,1.00,1.00
2017.01.20 01:15:00.012,1.07275,1.07289,1.50,1.00
2017.01.20 01:15:01.030,1.07276,1.07289,1.00,1.00
2017.01.20 01:15:01.422,1.07274,1.07288,1.00,1.00
2017.01.20 01:15:01.589,1.0727,1.07284,3.37,1.00
2017.01.20 01:15:02.112,1.07269,1.07284,1.00,1.50
2017.01.20 01:15:03.742,1.0727,1.07284,1.00,1.00
2017.01.20 01:15:04.298,1.07269,1.07284,1.50,1.50
2017.01.20 01:15:04.818,1.07268,1.07284,2.25,1.50
2017.01.20 01:15:05.903,1.07268,1.07282,1.00,1.00
2017.01.20 01:15:06.571,1.07267,1.07282,1.00,1.50
2017.01.20 01:15:06.875,1.07263,1.07279,1.50,1.50
2017.01.20 01:15:07.395,1.07263,1.07278,1.00,1.50
2017.01.20 01:15:08.070,1.07262,1.07278,1.00,1.50
2017.01.20 01:15:08.618,1.07262,1.07277,1.00,1.00
2017.01.20 01:15:09.200,1.07261,1.07278,1.50,1.50
2017.01.20 01:15:09.719,1.07262,1.07278,1.00,1.50
2017.01.20 01:15:10.327,1.07263,1.07279,1.00,1.50
2017.01.20 01:15:11.844,1.07264,1.07279,1.00,1.00
2017.01.20 01:15:12.692,1.07263,1.07279,2.25,1.00
2017.01.20 01:15:13.366,1.07264,1.07279,1.00,1.50
2017.01.20 01:15:13.899,1.07264,1.0728,1.50,1.00
2017.01.20 01:15:13.950,1.07266,1.07282,1.00,1.00
2017.01.20 01:15:14.478,1.07267,1.07283,1.00,1.50
2017.01.20 01:15:15.008,1.07265,1.0728,1.50,1.00
2017.01.20 01:15:15.356,1.07274,1.07285,1.00,1.00
2017.01.20 01:15:15.407,1.07274,1.07289,1.50,1.00
2017.01.20 01:15:15.584,1.07275,1.07291,1.00,1.00
2017.01.20 01:15:15.736,1.07272,1.07288,1.00,1.00
2017.01.20 01:15:16.039,1.0727,1.07286,1.00,1.00
2017.01.20 01:15:16.350,1.07268,1.07284,1.50,1.00
2017.01.20 01:15:17.433,1.07268,1.07283,1.00,1.00
2017.01.20 01:15:17.484,1.07266,1.07282,1.12,1.00
2017.01.20 01:15:20.249,1.07266,1.07281,1.00,1.00
2017.01.20 01:15:20.784,1.07266,1.07282,1.00,1.00
2017.01.20 01:15:27.567,1.07267,1.07282,1.00,1.00
2017.01.20 01:15:27.770,1.07269,1.07283,1.00,1.00
2017.01.20 01:15:27.821,1.07267,1.07283,3.00,1.00
2017.01.20 01:15:27.873,1.07269,1.07283,1.00,1.00
2017.01.20 01:15:28.388,1.0727,1.07283,1.00,1.00
2017.01.20 01:15:28.915,1.07269,1.07283,1.00,1.00
2017.01.20 01:15:38.775,1.0727,1.07283,1.00,1.00
2017.01.20 01:15:40.273,1.07267,1.07283,2.25,1.00
2017.01.20 01:15:40.422,1.07269,1.07283,1.50,1.00
2017.01.20 01:15:41.495,1.07269,1.07284,1.00,1.00
2017.01.20 01:15:41.951,1.07267,1.07282,1.00,1.00
2017.01.20 01:15:42.509,1.07267,1.07283,1.50,1.00
2017.01.20 01:15:42.880,1.07269,1.07281,1.00,1.00
2017.01.20 01:15:42.932,1.07272,1.07287,1.50,1.00
2017.01.20 01:15:44.901,1.07272,1.07285,1.00,1.00
2017.01.20 01:15:47.651,1.07271,1.07285,1.00,1.00
2017.01.20 01:15:50.118,1.0727,1.07285,3.00,1.00
2017.01.20 01:15:50.726,1.07271,1.07285,1.00,1.00
2017.01.20 01:15:52.963,1.0727,1.07284,1.50,1.00
2017.01.20 01:15:53.115,1.07268,1.07283,1.00,1.00
2017.01.20 01:15:56.808,1.07268,1.07284,1.50,1.50
2017.01.20 01:16:04.776,1.07269,1.07284,1.00,1.00
2017.01.20 01:16:05.302,1.0727,1.07284,1.00,1.00
2017.01.20 01:16:05.423,1.07268,1.07285,1.50,1.50
2017.01.20 01:16:05.960,1.07268,1.07284,2.25,1.00
2017.01.20 01:16:06.835,1.07268,1.07285,2.25,1.00
2017.01.20 01:16:08.507,1.07269,1.07285,1.00,1.00
2017.01.20 01:16:08.608,1.07269,1.07287,1.87,1.50
2017.01.20 01:16:08.659,1.07269,1.07284,1.50,1.00
2017.01.20 01:16:09.200,1.07269,1.07285,1.00,1.00
2017.01.20 01:16:09.821,1.07269,1.07284,1.50,1.00
2017.01.20 01:16:12.482,1.07269,1.07279,1.00,1.00
2017.01.20 01:16:12.533,1.07266,1.0728,1.50,1.00
2017.01.20 01:16:12.635,1.07263,1.07279,1.00,1.00
2017.01.20 01:16:13.140,1.07263,1.07278,1.00,1.00
2017.01.20 01:16:13.646,1.07263,1.07278,1.50,1.00
2017.01.20 01:16:13.909,1.07263,1.0728,2.25,1.00
2017.01.20 01:16:14.061,1.07266,1.07283,1.00,2.25
2017.01.20 01:16:14.314,1.07268,1.07285,1.12,2.25
2017.01.20 01:16:17.053,1.07268,1.07283,1.12,1.00
2017.01.20 01:16:22.204,1.07268,1.07284,1.12,1.00
2017.01.20 01:16:22.610,1.07269,1.07286,1.50,2.25
2017.01.20 01:16:23.252,1.07269,1.07285,1.50,1.00
2017.01.20 01:16:25.633,1.07268,1.07283,1.75,1.00
2017.01.20 01:16:25.835,1.07268,1.07283,1.12,1.00
2017.01.20 01:16:28.492,1.07268,1.07284,1.12,1.50
2017.01.20 01:16:28.632,1.07266,1.0728,1.75,1.00
2017.01.20 01:16:28.734,1.07266,1.0728,1.12,1.00
2017.01.20 01:16:31.870,1.07265,1.07281,2.25,1.00
2017.01.20 01:16:32.413,1.07265,1.07282,2.25,1.00
2017.01.20 01:16:34.366,1.07265,1.07281,2.25,1.00
2017.01.20 01:16:34.417,1.07266,1.07283,1.12,2.25
2017.01.20 01:16:35.087,1.07266,1.07282,1.12,1.00
2017.01.20 01:16:35.704,1.07265,1.07281,2.25,1.00
2017.01.20 01:16:37.208,1.07265,1.07282,2.25,1.50
2017.01.20 01:16:37.733,1.07265,1.07283,3.00,2.25
2017.01.20 01:16:38.345,1.07265,1.07282,1.50,1.50
2017.01.20 01:16:39.443,1.07265,1.0728,2.25,1.00
2017.01.20 01:16:40.933,1.07265,1.0728,2.25,1.00
2017.01.20 01:16:47.241,1.07265,1.07281,1.12,1.50
2017.01.20 01:16:47.602,1.07265,1.07279,1.12,1.00
2017.01.20 01:16:48.105,1.07265,1.0728,1.12,1.00
2017.01.20 01:16:48.928,1.07265,1.07279,1.12,1.00
2017.01.20 01:16:50.455,1.07265,1.07278,1.12,1.00
2017.01.20 01:16:51.230,1.07265,1.07279,1.12,1.00
2017.01.20 01:16:52.319,1.07263,1.07277,1.75,1.50
2017.01.20 01:16:52.471,1.07261,1.07276,1.75,1.00
2017.01.20 01:16:52.875,1.07261,1.07276,1.12,1.50
2017.01.20 01:16:53.384,1.07261,1.07275,1.12,1.00
2017.01.20 01:16:53.924,1.07261,1.07276,1.12,1.50
2017.01.20 01:16:57.352,1.07261,1.07275,1.12,1.00
2017.01.20 01:16:58.377,1.07261,1.07276,1.12,1.50
2017.01.20 01:16:58.880,1.07261,1.07275,1.12,1.00
2017.01.20 01:16:59.413,1.07261,1.07276,1.12,1.50
2017.01.20 01:17:00.794,1.07261,1.07275,1.12,1.00
2017.01.20 01:17:01.733,1.07259,1.07274,1.75,1.00
2017.01.20 01:17:01.834,1.07259,1.07274,1.12,1.00
2017.01.20 01:17:01.885,1.07259,1.07275,1.37,1.50
2017.01.20 01:17:04.315,1.07259,1.07276,2.25,1.50
2017.01.20 01:17:04.848,1.07259,1.07275,2.25,1.00
2017.01.20 01:17:05.700,1.07259,1.07274,1.75,1.00
2017.01.20 01:17:06.129,1.07258,1.07274,1.12,1.00
2017.01.20 01:17:06.497,1.07257,1.07271,1.50,1.00
2017.01.20 01:17:06.600,1.07258,1.07274,1.12,1.00
2017.01.20 01:17:06.738,1.0726,1.07275,1.00,2.25
2017.01.20 01:17:07.043,1.0726,1.07277,3.75,1.00
2017.01.20 01:17:08.993,1.07263,1.07277,1.37,1.00
2017.01.20 01:17:09.045,1.07263,1.0728,2.62,1.87
2017.01.20 01:17:09.235,1.07264,1.07281,3.00,1.87
2017.01.20 01:17:09.356,1.07264,1.07279,2.25,1.00
2017.01.20 01:17:09.833,1.07266,1.07282,1.00,2.25
2017.01.20 01:17:09.934,1.07268,1.07284,1.12,2.62
2017.01.20 01:17:10.036,1.07268,1.07284,2.25,1.50
2017.01.20 01:17:10.189,1.07268,1.07281,1.00,1.00
2017.01.20 01:17:11.035,1.07266,1.07281,1.87,1.00
2017.01.20 01:17:11.591,1.07266,1.07282,1.50,1.87
2017.01.20 01:17:12.180,1.07266,1.07281,1.50,1.00
2017.01.20 01:17:15.649,1.07266,1.0728,1.50,1.00
2017.01.20 01:17:15.870,1.07266,1.07282,1.50,1.12
2017.01.20 01:17:16.477,1.07266,1.07281,1.50,1.00
2017.01.20 01:17:16.962,1.07266,1.07283,2.25,1.87
2017.01.20 01:17:17.493,1.07266,1.07282,3.00,1.00
2017.01.20 01:17:17.831,1.07268,1.07284,2.62,1.12
2017.01.20 01:17:18.489,1.07268,1.07283,3.00,1.00
2017.01.20 01:17:19.067,1.07268,1.07284,3.00,1.00
2017.01.20 01:17:19.581,1.07268,1.07283,3.00,1.00
2017.01.20 01:17:20.739,1.07268,1.07284,3.00,1.00
2017.01.20 01:17:21.220,1.07269,1.07282,1.50,1.00
2017.01.20 01:17:21.422,1.07268,1.07284,2.62,1.12
2017.01.20 01:17:22.001,1.07269,1.07284,1.50,1.00
2017.01.20 01:17:22.551,1.07269,1.07283,1.50,1.00
2017.01.20 01:17:24.900,1.07269,1.07284,2.25,1.00
2017.01.20 01:17:25.442,1.07269,1.07283,1.00,1.00
2017.01.20 01:17:26.905,1.07269,1.07284,1.00,1.00
2017.01.20 01:17:27.057,1.07269,1.07284,3.00,1.00
2017.01.20 01:17:27.573,1.0727,1.07284,1.25,1.00
2017.01.20 01:17:27.625,1.0727,1.07286,2.44,1.00
2017.01.20 01:17:28.132,1.07271,1.07285,2.25,1.00
2017.01.20 01:17:28.633,1.07271,1.07284,1.00,1.00
2017.01.20 01:17:29.141,1.07269,1.07283,1.12,1.00
2017.01.20 01:17:29.670,1.07269,1.07282,1.12,1.00
2017.01.20 01:17:30.357,1.07269,1.07282,1.37,1.00
2017.01.20 01:17:30.859,1.07269,1.07282,1.00,1.00
2017.01.20 01:17:36.177,1.07268,1.07283,1.87,1.00
2017.01.20 01:17:36.721,1.07268,1.07284,1.87,1.87
2017.01.20 01:17:37.291,1.07268,1.07283,1.87,1.00
2017.01.20 01:17:40.102,1.07268,1.07284,1.87,1.87
2017.01.20 01:17:40.644,1.07268,1.07282,1.37,1.00
2017.01.20 01:17:41.272,1.07268,1.07283,1.37,1.50
2017.01.20 01:17:42.136,1.07268,1.07284,1.37,1.50
2017.01.20 01:17:42.659,1.07269,1.07283,1.00,1.00
2017.01.20 01:17:43.282,1.07268,1.07284,1.37,1.87
2017.01.20 01:17:43.792,1.07268,1.07283,1.37,1.00
2017.01.20 01:17:47.777,1.07268,1.07282,1.37,1.00
2017.01.20 01:17:48.373,1.07268,1.07283,1.37,1.00
2017.01.20 01:17:49.307,1.07268,1.07282,1.37,1.00
2017.01.20 01:17:49.560,1.07268,1.07284,1.37,1.87
2017.01.20 01:17:50.068,1.07268,1.07283,1.37,1.00
2017.01.20 01:17:52.714,1.07268,1.07282,1.37,1.00
2017.01.20 01:17:55.905,1.07267,1.07283,2.62,1.87
2017.01.20 01:17:56.548,1.07267,1.07282,2.62,1.00
2017.01.20 01:17:57.107,1.07267,1.07283,2.62,1.87
2017.01.20 01:17:58.666,1.07267,1.07282,2.62,1.00
2017.01.20 01:17:58.868,1.07269,1.07285,1.50,1.87
2017.01.20 01:17:59.418,1.07269,1.07284,1.50,1.00
2017.01.20 01:18:02.573,1.07269,1.07285,1.50,1.87
2017.01.20 01:18:08.119,1.07269,1.07284,1.50,1.00
2017.01.20 01:18:08.644,1.07267,1.07283,2.25,1.12
2017.01.20 01:18:18.768,1.07268,1.07284,1.37,1.12
2017.01.20 01:18:21.747,1.07269,1.07285,1.00,2.62
2017.01.20 01:18:22.170,1.07271,1.07286,1.00,1.50
2017.01.20 01:18:22.704,1.0727,1.07285,1.00,1.00
2017.01.20 01:18:23.287,1.0727,1.07286,1.00,1.50
2017.01.20 01:18:24.252,1.07271,1.07286,1.00,1.00
2017.01.20 01:18:24.548,1.07274,1.0729,1.87,1.00
2017.01.20 01:18:25.058,1.07274,1.07289,1.87,1.00
2017.01.20 01:18:30.272,1.07274,1.07288,1.37,1.00
2017.01.20 01:18:33.644,1.07274,1.07289,1.87,1.00
2017.01.20 01:18:35.743,1.07274,1.07288,1.37,1.00
2017.01.20 01:18:40.909,1.07274,1.07288,1.00,1.00
2017.01.20 01:18:54.530,1.07273,1.07287,1.50,1.00
2017.01.20 01:18:54.833,1.07274,1.07289,1.12,1.50
2017.01.20 01:18:57.464,1.07274,1.0729,2.25,1.12
2017.01.20 01:18:58.023,1.07274,1.07291,3.00,1.87
2017.01.20 01:18:58.553,1.07274,1.0729,3.00,1.00
2017.01.20 01:18:59.247,1.07274,1.07289,2.25,1.00
2017.01.20 01:19:00.895,1.07274,1.07289,2.25,1.00
2017.01.20 01:19:03.714,1.07274,1.07288,1.87,1.00
2017.01.20 01:19:04.257,1.07274,1.07289,1.50,1.87
2017.01.20 01:19:04.350,1.07273,1.07287,1.00,1.00
2017.01.20 01:19:04.956,1.07272,1.07286,1.50,1.00
2017.01.20 01:19:05.058,1.07271,1.07286,2.25,1.00
2017.01.20 01:19:15.414,1.07271,1.07287,2.25,1.12
2017.01.20 01:19:21.546,1.07271,1.07286,2.25,1.00
2017.01.20 01:19:21.697,1.07273,1.07289,1.00,2.25
2017.01.20 01:19:21.849,1.07275,1.07291,1.12,1.50
2017.01.20 01:19:22.254,1.07276,1.07293,2.62,2.62
2017.01.20 01:19:23.381,1.07276,1.07291,1.87,1.00
2017.01.20 01:19:24.492,1.07276,1.07292,1.87,1.87
2017.01.20 01:19:25.040,1.07276,1.07291,1.87,1.00
2017.01.20 01:19:29.048,1.07275,1.0729,1.75,1.00
2017.01.20 01:19:29.351,1.07274,1.07288,2.62,1.00
2017.01.20 01:19:31.591,1.07274,1.0729,2.62,1.87
2017.01.20 01:19:37.816,1.07274,1.07289,2.62,1.00
2017.01.20 01:19:38.416,1.07274,1.0729,2.62,1.87
2017.01.20 01:19:38.871,1.07273,1.07287,1.12,1.00
2017.01.20 01:19:38.972,1.07272,1.07287,2.62,1.00
2017.01.20 01:19:40.061,1.07272,1.07288,2.62,1.87
2017.01.20 01:19:40.917,1.07272,1.07287,2.62,1.00
2017.01.20 01:19:41.452,1.07273,1.07288,1.12,1.12
2017.01.20 01:19:41.706,1.07275,1.0729,1.50,1.00
2017.01.20 01:19:42.219,1.07275,1.0729,2.25,1.00
2017.01.20 01:19:42.731,1.07275,1.07291,1.50,1.50
2017.01.20 01:19:43.293,1.07275,1.07291,1.00,1.87
2017.01.20 01:19:44.348,1.07275,1.0729,1.00,1.00
2017.01.20 01:19:45.889,1.07274,1.07289,1.87,1.00
2017.01.20 01:19:48.003,1.07274,1.0729,1.87,1.87
2017.01.20 01:19:48.510,1.07275,1.07291,1.12,1.12
2017.01.20 01:19:49.042,1.07275,1.0729,1.00,1.50
2017.01.20 01:19:49.580,1.07275,1.07289,1.00,1.00
2017.01.20 01:19:50.419,1.07275,1.0729,1.12,1.87
2017.01.20 01:19:50.621,1.07275,1.07292,2.25,3.37
2017.01.20 01:19:50.788,1.07275,1.0729,1.50,1.00
2017.01.20 01:19:51.339,1.07274,1.07289,1.87,1.00
2017.01.20 01:19:51.592,1.07275,1.07291,1.00,1.12
2017.01.20 01:19:52.056,1.07274,1.07289,3.37,1.00
2017.01.20 01:19:53.371,1.07273,1.07288,2.62,1.00
2017.01.20 01:20:01.113,1.07275,1.07289,1.00,1.12
2017.01.20 01:20:01.215,1.07275,1.07291,1.50,1.87
2017.01.20 01:20:01.433,1.07277,1.07291,1.00,1.00
2017.01.20 01:20:01.941,1.07275,1.07291,2.25,1.50
2017.01.20 01:20:03.312,1.07275,1.07289,2.25,1.00
2017.01.20 01:20:05.266,1.07275,1.0729,2.25,1.00
2017.01.20 01:20:05.570,1.07273,1.07283,1.50,1.00
2017.01.20 01:20:05.672,1.07272,1.07283,2.25,1.00
2017.01.20 01:20:06.513,1.07272,1.07282,1.50,1.00
2017.01.20 01:20:10.214,1.07272,1.07283,1.00,1.00
2017.01.20 01:20:10.720,1.07271,1.07284,2.25,1.00
2017.01.20 01:20:11.235,1.07271,1.07284,1.50,1.00
2017.01.20 01:20:13.504,1.07272,1.07284,1.00,1.00
2017.01.20 01:20:14.032,1.07273,1.07285,1.00,1.00
2017.01.20 01:20:15.631,1.07273,1.07286,2.25,1.00
2017.01.20 01:20:15.788,1.07273,1.07286,2.62,1.00
2017.01.20 01:20:16.294,1.07273,1.07286,3.00,1.00
2017.01.20 01:20:16.640,1.07272,1.07284,1.37,1.00
2017.01.20 01:20:16.909,1.07271,1.07283,2.25,1.00
2017.01.20 01:20:18.166,1.07271,1.07283,1.87,1.00
2017.01.20 01:20:20.123,1.07272,1.07284,1.87,1.00
2017.01.20 01:20:20.427,1.07273,1.0728,1.12,1.00
2017.01.20 01:20:20.478,1.07272,1.07279,1.12,1.00
2017.01.20 01:20:20.529,1.07272,1.07281,1.75,1.00
2017.01.20 01:20:20.630,1.07273,1.07283,1.50,1.00
2017.01.20 01:20:20.868,1.07272,1.07283,2.25,1.00
2017.01.20 01:20:21.174,1.07274,1.07281,1.50,1.00
2017.01.20 01:20:21.275,1.07275,1.07283,1.00,1.00
2017.01.20 01:20:21.367,1.07275,1.07281,1.12,1.00
2017.01.20 01:20:21.419,1.07274,1.07283,1.12,1.00
2017.01.20 01:20:21.470,1.07274,1.07282,1.50,1.00
2017.01.20 01:20:21.521,1.07275,1.0728,1.00,1.00
2017.01.20 01:20:21.623,1.07276,1.07283,1.00,1.00
2017.01.20 01:20:22.168,1.07276,1.07283,1.37,1.00
2017.01.20 01:20:22.631,1.07275,1.0728,1.37,1.00
2017.01.20 01:20:22.732,1.07275,1.07282,1.37,1.00
2017.01.20 01:20:23.036,1.07276,1.0728,1.00,1.00
2017.01.20 01:20:23.087,1.07275,1.07283,1.37,1.50
2017.01.20 01:20:23.239,1.07276,1.0728,1.00,1.00
2017.01.20 01:20:23.290,1.07275,1.07282,1.00,1.00
2017.01.20 01:20:23.498,1.07275,1.07282,1.12,1.00
2017.01.20 01:20:23.766,1.07274,1.07282,1.37,1.00
2017.01.20 01:20:23.918,1.07274,1.07284,2.62,1.00
2017.01.20 01:20:24.166,1.07276,1.07281,1.37,1.00
2017.01.20 01:20:24.677,1.07275,1.07282,1.37,1.00
2017.01.20 01:20:29.421,1.07274,1.0728,1.87,1.00
2017.01.20 01:20:29.944,1.07274,1.07278,1.12,1.00
2017.01.20 01:20:30.147,1.07274,1.0728,1.37,1.00
2017.01.20 01:20:30.653,1.07275,1.07281,1.12,1.00
2017.01.20 01:20:30.785,1.07274,1.07279,1.87,1.00
2017.01.20 01:20:31.392,1.07273,1.0728,1.75,1.00
2017.01.20 01:20:32.199,1.07273,1.0728,1.50,1.00
2017.01.20 01:20:34.618,1.07271,1.07278,2.25,1.00
2017.01.20 01:20:34.823,1.07271,1.07277,1.87,1.00
2017.01.20 01:20:34.975,1.07273,1.07279,1.12,1.00
2017.01.20 01:20:35.078,1.07274,1.07281,1.12,1.00
2017.01.20 01:20:35.382,1.07273,1.07281,1.87,1.00
2017.01.20 01:20:36.063,1.07274,1.07282,1.87,1.00
2017.01.20 01:20:36.652,1.07274,1.07281,1.12,1.00
2017.01.20 01:20:37.541,1.07273,1.0728,1.12,1.00
2017.01.20 01:20:37.642,1.07273,1.0728,1.87,1.00
2017.01.20 01:20:37.794,1.07273,1.0728,1.50,1.00
2017.01.20 01:20:38.371,1.07273,1.0728,1.87,1.00
2017.01.20 01:20:39.895,1.07272,1.07279,1.87,1.00
2017.01.20 01:20:40.561,1.07272,1.07278,1.87,1.00
2017.01.20 01:20:41.104,1.07272,1.07278,1.87,1.00
2017.01.20 01:20:41.946,1.07271,1.07277,1.87,1.00
2017.01.20 01:20:42.495,1.07271,1.07277,1.75,1.00
2017.01.20 01:20:43.036,1.07271,1.07277,1.50,1.00
2017.01.20 01:20:43.749,1.07271,1.07278,1.37,1.00
2017.01.20 01:20:43.902,1.07271,1.07275,1.50,1.00
2017.01.20 01:20:44.004,1.07272,1.07279,1.00,1.00
2017.01.20 01:20:44.541,1.07273,1.07279,1.12,1.00
2017.01.20 01:20:45.092,1.07274,1.0728,1.00,1.00
2017.01.20 01:20:45.194,1.07276,1.07281,1.00,1.00
2017.01.20 01:20:45.346,1.07277,1.07283,1.00,1.00
2017.01.20 01:20:45.448,1.07276,1.07286,2.25,1.00
2017.01.20 01:20:45.499,1.07278,1.07284,1.12,1.00
2017.01.20 01:20:45.549,1.07278,1.07286,1.12,1.00
2017.01.20 01:20:46.061,1.07277,1.07286,1.12,1.00
2017.01.20 01:20:46.515,1.07276,1.07286,1.87,1.00
2017.01.20 01:20:48.815,1.07275,1.07283,1.75,1.00
2017.01.20 01:20:49.324,1.07275,1.07284,1.50,1.00
2017.01.20 01:20:49.670,1.07275,1.07279,1.00,1.00
2017.01.20 01:20:50.186,1.07274,1.07279,1.87,1.00
2017.01.20 01:20:50.288,1.07275,1.07281,1.12,1.00
2017.01.20 01:20:50.541,1.07275,1.07282,1.87,1.00
2017.01.20 01:20:50.845,1.07273,1.07279,2.62,1.00
2017.01.20 01:20:51.368,1.07273,1.07278,1.50,1.00
2017.01.20 01:20:52.629,1.07273,1.07279,1.50,1.00
2017.01.20 01:20:53.860,1.07273,1.07277,1.50,1.00
2017.01.20 01:20:54.012,1.07272,1.07279,2.25,1.00
2017.01.20 01:20:54.400,1.07273,1.07277,1.00,1.00
2017.01.20 01:20:54.920,1.07272,1.07277,1.87,1.00
2017.01.20 01:20:57.088,1.07272,1.07278,1.87,1.00
2017.01.20 01:20:57.706,1.07272,1.07276,1.50,1.00
2017.01.20 01:20:57.757,1.07272,1.07278,1.00,1.00
2017.01.20 01:20:57.910,1.07272,1.07276,1.12,1.00
2017.01.20 01:20:58.062,1.07271,1.07278,1.12,1.00
2017.01.20 01:20:58.114,1.07272,1.07276,1.12,1.00
2017.01.20 01:20:58.165,1.07272,1.07278,1.12,1.00
2017.01.20 01:20:58.368,1.07273,1.07278,1.87,1.00
2017.01.20 01:20:58.419,1.07275,1.0728,1.00,1.00
2017.01.20 01:20:58.520,1.07273,1.07279,1.87,1.00
2017.01.20 01:20:58.667,1.07274,1.07279,1.00,1.00
2017.01.20 01:20:59.193,1.07273,1.07279,1.12,1.00
2017.01.20 01:20:59.669,1.07272,1.07278,1.50,1.00
2017.01.20 01:21:04.324,1.07272,1.07277,1.50,1.00
2017.01.20 01:21:04.425,1.07271,1.07279,1.75,1.00
2017.01.20 01:21:04.527,1.07272,1.07277,1.50,1.00
2017.01.20 01:21:04.623,1.07272,1.07279,1.50,1.00
2017.01.20 01:21:04.937,1.07273,1.07277,1.00,1.00
2017.01.20 01:21:04.988,1.07271,1.0728,1.75,1.00
2017.01.20 01:21:05.039,1.07273,1.07277,1.00,1.00
2017.01.20 01:21:05.140,1.07271,1.0728,2.25,1.00
2017.01.20 01:21:05.191,1.07273,1.07277,1.00,1.00
2017.01.20 01:21:05.242,1.07272,1.0728,1.75,1.00
2017.01.20 01:21:05.344,1.0727,1.07277,3.37,1.00
2017.01.20 01:21:05.445,1.07271,1.0728,1.50,1.00
2017.01.20 01:21:05.598,1.07272,1.07276,1.00,1.00
2017.01.20 01:21:05.672,1.07272,1.07278,1.12,1.00
2017.01.20 01:21:06.194,1.0727,1.07279,1.87,1.00
2017.01.20 01:21:06.448,1.0727,1.07277,2.62,1.00
2017.01.20 01:21:06.549,1.07271,1.0728,1.75,1.00
2017.01.20 01:21:06.680,1.07271,1.07277,1.50,1.00
2017.01.20 01:21:06.933,1.07271,1.0728,1.50,1.50
2017.01.20 01:21:07.034,1.0727,1.07278,1.87,1.00
2017.01.20 01:21:07.136,1.07271,1.07278,1.12,1.00
2017.01.20 01:21:07.187,1.07271,1.07276,1.12,1.00
2017.01.20 01:21:07.238,1.07271,1.0728,1.50,1.50
2017.01.20 01:21:07.288,1.07271,1.07277,1.50,1.00
2017.01.20 01:21:07.794,1.07271,1.07278,1.50,1.00
2017.01.20 01:21:07.896,1.07271,1.0728,1.50,1.00
2017.01.20 01:21:08.017,1.0727,1.0728,1.87,1.50
2017.01.20 01:21:08.271,1.07271,1.07279,1.50,1.00
2017.01.20 01:21:08.421,1.07271,1.07277,1.50,1.00
2017.01.20 01:21:08.635,1.07272,1.07279,1.50,1.00
2017.01.20 01:21:08.738,1.07271,1.07279,1.12,1.00
2017.01.20 01:21:08.839,1.07272,1.07279,1.75,1.00
2017.01.20 01:21:09.193,1.0727,1.07277,2.62,1.00
2017.01.20 01:21:09.244,1.0727,1.0728,2.62,1.00
2017.01.20 01:21:09.346,1.0727,1.07278,1.87,1.00
2017.01.20 01:21:09.396,1.07272,1.0728,1.75,1.00
2017.01.20 01:21:09.548,1.07272,1.07276,1.00,1.00
2017.01.20 01:21:09.714,1.07271,1.07278,1.75,1.00
2017.01.20 01:21:09.805,1.0727,1.07276,1.87,1.00
2017.01.20 01:21:09.907,1.07271,1.07279,1.75,1.00
2017.01.20 01:21:09.958,1.07271,1.07279,1.50,1.00
2017.01.20 01:21:10.061,1.0727,1.07277,1.87,1.00
2017.01.20 01:21:10.298,1.07272,1.0728,1.12,1.00
2017.01.20 01:21:10.655,1.07272,1.07278,1.12,1.00
2017.01.20 01:21:10.736,1.0727,1.0728,2.62,1.00
2017.01.20 01:21:10.787,1.0727,1.07278,2.62,1.00
2017.01.20 01:21:10.838,1.0727,1.07278,2.62,1.00
2017.01.20 01:21:10.889,1.0727,1.07278,2.62,1.00
2017.01.20 01:21:11.142,1.07272,1.07276,1.00,1.00
2017.01.20 01:21:11.345,1.0727,1.07278,1.12,1.00
2017.01.20 01:21:11.395,1.07272,1.07276,1.00,1.00
2017.01.20 01:21:11.481,1.0727,1.07278,1.12,1.00
2017.01.20 01:21:11.532,1.07272,1.07276,1.00,1.00
2017.01.20 01:21:11.583,1.0727,1.07279,1.87,1.00
2017.01.20 01:21:11.634,1.07272,1.07277,1.00,1.00
2017.01.20 01:21:11.685,1.0727,1.07279,1.12,1.00
2017.01.20 01:21:11.735,1.07272,1.07276,1.00,1.00
2017.01.20 01:21:11.887,1.0727,1.07279,1.12,1.00
2017.01.20 01:21:12.045,1.07272,1.07276,1.00,1.00
2017.01.20 01:21:12.249,1.0727,1.07278,2.62,1.00
2017.01.20 01:21:12.300,1.0727,1.07276,2.62,1.00
2017.01.20 01:21:12.351,1.07271,1.07281,1.50,1.50
2017.01.20 01:21:12.402,1.07271,1.07276,1.50,1.00
2017.01.20 01:21:12.453,1.07271,1.07281,1.75,1.00
2017.01.20 01:21:12.504,1.07272,1.07276,1.00,1.00
2017.01.20 01:21:12.555,1.0727,1.07279,2.62,1.00
2017.01.20 01:21:12.707,1.07271,1.07277,1.75,1.00
2017.01.20 01:21:12.758,1.0727,1.0728,1.87,1.00
2017.01.20 01:21:12.809,1.0727,1.07276,2.62,1.00
2017.01.20 01:21:12.860,1.07271,1.07279,1.50,1.00
2017.01.20 01:21:13.164,1.07271,1.0728,1.75,1.50
2017.01.20 01:21:13.468,1.07271,1.07276,1.50,1.00
2017.01.20 01:21:13.519,1.07272,1.07278,1.12,1.00
2017.01.20 01:21:13.628,1.07273,1.07277,1.00,1.00
2017.01.20 01:21:13.777,1.0727,1.07277,1.87,1.00
2017.01.20 01:21:13.980,1.0727,1.07279,1.37,1.00
2017.01.20 01:21:14.031,1.0727,1.07276,1.37,1.00
2017.01.20 01:21:14.082,1.07272,1.07281,1.00,1.00
2017.01.20 01:21:14.191,1.07271,1.07278,1.50,1.00
2017.01.20 01:21:14.495,1.07272,1.07281,1.12,1.00
2017.01.20 01:21:14.547,1.07272,1.07278,1.50,1.00
2017.01.20 01:21:14.769,1.0727,1.0728,2.62,1.00
2017.01.20 01:21:14.870,1.07271,1.07276,1.50,1.00
2017.01.20 01:21:14.972,1.0727,1.07281,2.62,1.50
2017.01.20 01:21:15.022,1.0727,1.07276,2.62,1.00
2017.01.20 01:21:15.074,1.07271,1.07281,1.50,1.00
2017.01.20 01:21:15.126,1.07271,1.07278,1.50,1.00
2017.01.20 01:21:15.328,1.07271,1.07281,1.50,1.00
2017.01.20 01:21:15.542,1.0727,1.07277,1.87,1.00
2017.01.20 01:21:15.594,1.0727,1.07278,1.87,1.00
2017.01.20 01:21:15.746,1.07271,1.07281,1.50,1.00
2017.01.20 01:21:15.847,1.0727,1.07276,1.87,1.00
2017.01.20 01:21:15.898,1.0727,1.07278,1.87,1.00
2017.01.20 01:21:16.050,1.07271,1.07278,1.75,1.00
2017.01.20 01:21:16.152,1.0727,1.07276,1.00,1.00
2017.01.20 01:21:16.203,1.07269,1.07278,1.87,1.00
2017.01.20 01:21:16.254,1.07269,1.07276,1.87,1.00
2017.01.20 01:21:16.813,1.07269,1.07277,1.87,1.00
2017.01.20 01:21:18.919,1.07271,1.07275,1.00,1.00
2017.01.20 01:21:18.970,1.07267,1.07275,1.75,1.00
2017.01.20 01:21:19.021,1.07269,1.07273,1.00,1.00
2017.01.20 01:21:19.122,1.07269,1.07279,1.50,1.00
2017.01.20 01:21:19.223,1.07269,1.07277,1.50,1.00
2017.01.20 01:21:19.620,1.0727,1.07275,1.00,1.00
2017.01.20 01:21:19.695,1.0727,1.07277,1.00,1.00
2017.01.20 01:21:19.801,1.0727,1.07279,1.12,1.00
2017.01.20 01:21:20.003,1.0727,1.07279,1.00,1.00
2017.01.20 01:21:20.055,1.0727,1.07275,1.00,1.00
2017.01.20 01:21:20.105,1.0727,1.07279,1.00,1.00
2017.01.20 01:21:20.207,1.07269,1.07275,3.37,1.00
2017.01.20 01:21:20.258,1.0727,1.07279,1.12,1.50
2017.01.20 01:21:20.383,1.07271,1.07276,1.00,1.00
2017.01.20 01:21:20.638,1.07269,1.07275,1.00,1.00
2017.01.20 01:21:20.823,1.0727,1.07278,1.50,1.50
2017.01.20 01:21:20.874,1.0727,1.07276,1.37,1.00
2017.01.20 01:21:20.926,1.0727,1.0728,1.37,1.00
2017.01.20 01:21:20.977,1.0727,1.07277,1.87,1.00
2017.01.20 01:21:21.180,1.07269,1.07279,2.62,1.00
2017.01.20 01:21:21.231,1.07269,1.07277,2.62,1.00
2017.01.20 01:21:21.536,1.0727,1.0728,1.50,1.00
2017.01.20 01:21:21.637,1.07272,1.07276,1.00,1.00
2017.01.20 01:21:21.790,1.0727,1.07279,1.12,1.50
2017.01.20 01:21:21.841,1.07269,1.07276,1.50,1.00
2017.01.20 01:21:21.892,1.07269,1.0728,1.50,1.50
2017.01.20 01:21:21.943,1.0727,1.07277,1.37,1.00
2017.01.20 01:21:22.146,1.0727,1.07276,1.12,1.00
2017.01.20 01:21:22.355,1.07269,1.07278,1.50,1.00
2017.01.20 01:21:22.406,1.07268,1.07275,2.62,1.00
2017.01.20 01:21:22.457,1.07268,1.07278,1.87,1.00
2017.01.20 01:21:22.508,1.07269,1.07274,1.50,1.00
2017.01.20 01:21:22.559,1.07269,1.07277,1.87,1.00
2017.01.20 01:21:22.661,1.0727,1.07279,1.12,1.00
2017.01.20 01:21:22.712,1.0727,1.07276,1.12,1.00
2017.01.20 01:21:22.915,1.0727,1.0728,1.50,1.00
2017.01.20 01:21:22.966,1.07269,1.07277,2.62,1.00
2017.01.20 01:21:23.017,1.07269,1.07277,2.62,1.00
2017.01.20 01:21:23.068,1.07269,1.07276,1.12,1.00
2017.01.20 01:21:23.119,1.0727,1.07281,1.75,1.50
2017.01.20 01:21:23.170,1.0727,1.07278,1.12,1.00
2017.01.20 01:21:23.474,1.07268,1.07275,1.12,1.00
2017.01.20 01:21:23.677,1.07268,1.07277,1.12,1.00
2017.01.20 01:21:23.779,1.07268,1.07275,1.87,1.00
2017.01.20 01:21:24.149,1.07267,1.07275,1.87,1.00
2017.01.20 01:21:24.200,1.07267,1.07277,1.87,1.50
2017.01.20 01:21:24.251,1.07268,1.07274,1.75,1.00
2017.01.20 01:21:24.302,1.07268,1.07277,1.75,1.00
2017.01.20 01:21:24.353,1.07267,1.07274,1.87,1.00
2017.01.20 01:21:24.404,1.07267,1.07277,1.87,1.00
2017.01.20 01:21:24.455,1.07267,1.07274,1.12,1.00
2017.01.20 01:21:24.506,1.07267,1.07279,1.12,1.00
2017.01.20 01:21:24.557,1.07268,1.07277,1.75,1.00
2017.01.20 01:21:24.711,1.07267,1.07278,1.87,1.00
2017.01.20 01:21:25.010,1.07267,1.07279,1.87,1.00
2017.01.20 01:21:25.516,1.07268,1.07279,1.50,1.00
2017.01.20 01:21:26.022,1.07268,1.07279,1.87,1.00
2017.01.20 01:21:26.540,1.07268,1.07279,1.87,1.00
2017.01.20 01:21:28.722,1.07269,1.07279,1.87,1.00
2017.01.20 01:21:29.026,1.0727,1.07279,1.12,1.00
2017.01.20 01:21:29.329,1.0727,1.07281,1.37,1.00
2017.01.20 01:21:29.481,1.07271,1.07283,1.50,1.00
2017.01.20 01:21:29.749,1.07272,1.07283,1.87,1.00
2017.01.20 01:21:31.326,1.07272,1.07283,1.37,1.00
2017.01.20 01:21:31.577,1.07272,1.07286,1.87,1.12
2017.01.20 01:21:31.808,1.07273,1.07287,1.75,1.00
2017.01.20 01:21:32.762,1.07274,1.07286,1.87,1.00
2017.01.20 01:21:33.537,1.07274,1.07288,1.75,1.00
2017.01.20 01:21:34.071,1.07274,1.07289,1.75,1.00
2017.01.20 01:21:37.744,1.07276,1.0729,1.50,1.12
2017.01.20 01:21:38.229,1.07276,1.0729,1.75,1.00
2017.01.20 01:21:38.839,1.07276,1.0729,1.75,1.00
2017.01.20 01:21:41.729,1.07276,1.07291,2.25,1.12
2017.01.20 01:21:42.114,1.07275,1.07289,1.75,1.00
2017.01.20 01:21:42.634,1.07275,1.07289,1.87,1.00
2017.01.20 01:21:43.835,1.07275,1.07289,1.87,1.00
2017.01.20 01:21:46.068,1.07275,1.07288,1.12,1.00
2017.01.20 01:21:46.619,1.07275,1.07288,1.12,1.00
2017.01.20 01:21:50.555,1.07275,1.07289,1.87,1.00
2017.01.20 01:21:51.061,1.07274,1.07288,1.75,1.00
2017.01.20 01:21:51.214,1.07274,1.07288,1.12,1.00
2017.01.20 01:21:51.952,1.07274,1.07288,1.12,1.00
2017.01.20 01:21:52.504,1.07275,1.07289,1.87,1.12
2017.01.20 01:21:54.725,1.07274,1.07289,1.87,1.00
2017.01.20 01:21:57.201,1.07276,1.0729,1.87,1.12
2017.01.20 01:21:57.709,1.07276,1.07291,1.87,1.12
2017.01.20 01:21:59.231,1.07277,1.07291,1.87,1.00
2017.01.20 01:21:59.736,1.07278,1.07291,1.12,1.00
2017.01.20 01:22:04.180,1.07278,1.07292,1.12,1.00
2017.01.20 01:22:04.783,1.07278,1.07291,1.12,1.00
2017.01.20 01:22:05.236,1.07276,1.07289,1.75,1.00
2017.01.20 01:22:05.743,1.07277,1.0729,1.50,1.00
2017.01.20 01:22:06.199,1.07277,1.07292,1.75,1.50
2017.01.20 01:22:08.342,1.07277,1.07292,1.75,1.12
2017.01.20 01:22:10.241,1.07278,1.07293,1.87,1.12
2017.01.20 01:22:10.494,1.07279,1.07295,3.00,1.00
2017.01.20 01:22:12.943,1.07279,1.07296,2.25,2.62
2017.01.20 01:22:13.247,1.07279,1.07293,1.87,1.00
2017.01.20 01:22:13.759,1.0728,1.07293,1.50,1.00
2017.01.20 01:22:14.368,1.0728,1.07294,1.75,1.00
2017.01.20 01:22:14.894,1.07281,1.07297,1.75,2.25
2017.01.20 01:22:15.423,1.07282,1.07298,1.87,3.37
2017.01.20 01:22:17.315,1.07281,1.07296,1.12,1.50
2017.01.20 01:22:17.821,1.0728,1.07296,2.62,2.25
2017.01.20 01:22:18.230,1.07279,1.07294,2.62,1.00
2017.01.20 01:22:18.772,1.07279,1.07295,3.37,2.25
2017.01.20 01:22:19.603,1.0728,1.07296,1.87,1.50
2017.01.20 01:22:22.004,1.07281,1.07297,2.62,2.25
2017.01.20 01:22:35.222,1.07281,1.07296,1.87,1.00
2017.01.20 01:22:36.627,1.07281,1.07296,1.75,2.25
2017.01.20 01:22:39.985,1.0728,1.07295,1.12,1.00
2017.01.20 01:22:40.488,1.07278,1.07294,2.25,3.00
2017.01.20 01:22:40.992,1.07278,1.07293,1.75,1.50
2017.01.20 01:22:43.657,1.07276,1.07292,3.75,1.87
2017.01.20 01:22:43.910,1.07278,1.07291,1.00,1.50
2017.01.20 01:22:44.908,1.07277,1.07291,1.00,2.25
2017.01.20 01:22:45.286,1.07274,1.07288,3.00,1.00
2017.01.20 01:22:45.741,1.07275,1.07291,1.87,1.50
2017.01.20 01:22:46.436,1.07277,1.07292,1.50,1.87
2017.01.20 01:22:48.882,1.07276,1.07291,2.62,1.00
2017.01.20 01:22:49.451,1.07276,1.07291,1.12,1.12
2017.01.20 01:22:50.024,1.07277,1.0729,1.00,1.12
2017.01.20 01:22:50.608,1.07275,1.07289,1.75,1.00
2017.01.20 01:22:58.874,1.07275,1.0729,1.75,1.50
2017.01.20 01:23:05.299,1.07275,1.0729,1.50,1.37
2017.01.20 01:23:08.316,1.07275,1.0729,1.50,1.50
2017.01.20 01:23:08.879,1.07275,1.07291,1.50,3.00
2017.01.20 01:23:09.972,1.07276,1.07291,1.50,1.50
2017.01.20 01:23:12.579,1.07274,1.07289,2.62,1.00
2017.01.20 01:23:13.087,1.07274,1.0729,3.37,1.50
2017.01.20 01:23:13.805,1.07275,1.0729,2.62,1.00
2017.01.20 01:23:21.421,1.07279,1.07291,1.00,1.00
2017.01.20 01:23:21.948,1.07278,1.07291,1.00,1.87
2017.01.20 01:23:23.005,1.07278,1.07291,1.12,1.00
2017.01.20 01:23:23.511,1.07278,1.07291,1.50,1.00
2017.01.20 01:23:24.050,1.07278,1.07292,1.50,1.12
2017.01.20 01:23:26.139,1.0728,1.07294,1.00,2.62
2017.01.20 01:23:26.645,1.0728,1.07294,1.12,1.50
2017.01.20 01:23:35.816,1.07279,1.07292,1.87,1.00
2017.01.20 01:23:36.341,1.07279,1.07292,1.50,1.12
2017.01.20 01:23:36.865,1.0728,1.07295,1.00,2.62
2017.01.20 01:23:37.261,1.07278,1.07292,1.12,1.37
2017.01.20 01:23:37.767,1.07279,1.07293,1.00,1.87
2017.01.20 01:23:37.919,1.07281,1.07295,1.00,1.12
2017.01.20 01:23:38.222,1.07282,1.07297,1.75,1.50
2017.01.20 01:23:38.980,1.07284,1.07298,1.37,1.50
2017.01.20 01:23:40.594,1.07284,1.07297,1.50,1.00
2017.01.20 01:23:41.906,1.07284,1.07298,1.50,1.12
2017.01.20 01:23:42.494,1.07285,1.07299,1.50,1.50
2017.01.20 01:23:43.685,1.07284,1.07298,1.50,1.12
2017.01.20 01:23:43.787,1.07283,1.07296,1.12,1.00
2017.01.20 01:23:44.090,1.07278,1.07292,1.87,1.00
2017.01.20 01:23:44.377,1.07276,1.07292,2.25,1.87
2017.01.20 01:23:44.910,1.07276,1.07291,1.87,1.50
2017.01.20 01:23:46.786,1.07275,1.07289,1.75,1.00
2017.01.20 01:23:46.888,1.07274,1.07287,1.50,1.00
2017.01.20 01:23:47.181,1.07272,1.07287,1.87,1.12
2017.01.20 01:23:47.683,1.07272,1.07287,2.25,1.50
2017.01.20 01:23:47.989,1.07271,1.07287,1.00,4.12
2017.01.20 01:23:48.292,1.07268,1.07283,1.00,1.75
2017.01.20 01:23:49.101,1.07268,1.07284,2.62,2.25
2017.01.20 01:23:49.612,1.07269,1.07284,1.50,2.25
2017.01.20 01:23:50.139,1.07269,1.07283,1.00,1.50
2017.01.20 01:23:51.072,1.07269,1.07284,1.37,2.25
2017.01.20 01:23:51.707,1.07269,1.07283,1.00,1.50
2017.01.20 01:23:52.218,1.07271,1.07283,1.00,1.87
2017.01.20 01:23:52.523,1.07273,1.07284,1.00,2.62
2017.01.20 01:23:53.424,1.07271,1.07283,1.00,1.50
2017.01.20 01:23:53.945,1.0727,1.07284,1.00,3.00
2017.01.20 01:23:54.492,1.07271,1.07284,1.00,2.62
2017.01.20 01:23:54.998,1.0727,1.07282,1.00,1.75
2017.01.20 01:23:57.394,1.0727,1.07283,1.00,1.75
2017.01.20 01:23:58.796,1.07271,1.07284,1.00,2.25
2017.01.20 01:23:59.302,1.07272,1.07283,1.00,1.50
2017.01.20 01:24:00.283,1.07274,1.07284,1.00,1.75
2017.01.20 01:24:00.537,1.07271,1.07286,1.00,1.12
2017.01.20 01:24:00.588,1.07273,1.07286,1.00,1.75
2017.01.20 01:24:00.691,1.07273,1.07287,1.00,1.75
2017.01.20 01:24:00.793,1.07274,1.07288,1.00,1.75
2017.01.20 01:24:01.300,1.07274,1.07287,1.50,1.12
2017.01.20 01:24:01.824,1.07275,1.07287,1.00,1.12
2017.01.20 01:24:02.361,1.07274,1.07286,1.50,1.00
2017.01.20 01:24:02.462,1.07273,1.07287,1.12,1.50
2017.01.20 01:24:03.003,1.07273,1.07287,1.50,1.12
2017.01.20 01:24:03.880,1.07273,1.07286,1.50,1.00
2017.01.20 01:24:04.134,1.07272,1.07287,1.50,2.25
2017.01.20 01:24:04.639,1.07273,1.07288,1.12,1.87
2017.01.20 01:24:05.535,1.07273,1.07288,1.50,1.87
2017.01.20 01:24:06.986,1.07272,1.07285,1.87,1.00
2017.01.20 01:24:07.146,1.07272,1.07285,1.12,1.12
2017.01.20 01:24:07.687,1.07272,1.07285,1.50,1.00
2017.01.20 01:24:08.326,1.07272,1.07285,1.50,1.12
2017.01.20 01:24:10.863,1.07272,1.07283,1.00,1.00
2017.01.20 01:24:11.330,1.07271,1.07285,1.87,1.12
2017.01.20 01:24:16.393,1.07273,1.07288,1.00,3.00
2017.01.20 01:24:16.646,1.07274,1.07287,1.87,1.00
2017.01.20 01:24:17.286,1.07275,1.0729,1.12,1.87
2017.01.20 01:24:17.590,1.07276,1.0729,1.50,1.12
2017.01.20 01:24:18.519,1.07277,1.07289,1.00,1.00
2017.01.20 01:24:19.042,1.07277,1.0729,1.00,1.12
2017.01.20 01:24:22.374,1.07276,1.07292,1.75,1.50
2017.01.20 01:24:22.904,1.07276,1.07289,1.87,1.00
2017.01.20 01:24:23.410,1.07276,1.07291,1.87,1.50
2017.01.20 01:24:23.916,1.07275,1.07289,1.87,1.00
2017.01.20 01:24:24.400,1.07274,1.07287,1.87,1.00
2017.01.20 01:24:24.915,1.07274,1.07287,1.87,1.00
2017.01.20 01:24:25.274,1.07275,1.07289,1.87,1.12
2017.01.20 01:24:29.589,1.07276,1.0729,1.87,1.12
2017.01.20 01:24:30.110,1.07275,1.07289,1.87,1.00
2017.01.20 01:24:30.622,1.07275,1.0729,1.87,1.12
2017.01.20 01:24:31.139,1.07275,1.07289,1.87,1.12
2017.01.20 01:24:31.686,1.07277,1.07293,3.37,2.62
2017.01.20 01:24:31.890,1.07278,1.07292,1.37,1.12
2017.01.20 01:24:32.486,1.07279,1.07292,1.50,1.12
2017.01.20 01:24:33.199,1.0728,1.07293,1.00,1.12
2017.01.20 01:24:33.758,1.07279,1.07292,2.25,1.12
2017.01.20 01:24:34.264,1.0728,1.07293,1.00,1.12
2017.01.20 01:24:35.393,1.07281,1.07296,1.50,1.12
2017.01.20 01:24:35.546,1.07282,1.07296,1.87,1.75
2017.01.20 01:24:35.597,1.07282,1.07298,3.00,1.75
2017.01.20 01:24:35.772,1.07283,1.07297,1.87,1.12
2017.01.20 01:24:36.344,1.07284,1.07297,1.37,1.00
2017.01.20 01:24:36.850,1.07283,1.07296,1.37,1.00
2017.01.20 01:24:37.190,1.07286,1.073,1.50,1.50
2017.01.20 01:24:37.709,1.07286,1.07299,1.87,1.00
2017.01.20 01:24:38.335,1.07286,1.073,1.87,1.12
2017.01.20 01:24:38.386,1.07287,1.07298,1.37,1.00
2017.01.20 01:24:38.588,1.07286,1.07297,1.00,1.00
2017.01.20 01:24:39.123,1.07286,1.07298,1.00,1.00
2017.01.20 01:24:39.684,1.07286,1.07299,1.00,1.12
2017.01.20 01:24:41.060,1.07286,1.07298,1.00,1.00
2017.01.20 01:24:43.683,1.07285,1.07299,1.37,1.12
2017.01.20 01:24:44.191,1.07285,1.07298,1.37,1.00
2017.01.20 01:24:44.811,1.07286,1.07299,1.00,1.12
2017.01.20 01:24:46.292,1.07285,1.07299,1.37,1.12
2017.01.20 01:24:47.282,1.07285,1.07298,1.37,1.00
2017.01.20 01:24:48.380,1.07285,1.07299,1.37,1.12
2017.01.20 01:24:48.835,1.07287,1.073,1.37,1.00
2017.01.20 01:24:49.414,1.07285,1.07299,1.87,1.00
2017.01.20 01:24:52.830,1.07285,1.07299,1.37,1.12
2017.01.20 01:25:00.181,1.07286,1.07301,2.62,1.37
2017.01.20 01:25:00.688,1.07286,1.07299,1.12,1.00
2017.01.20 01:25:01.205,1.07285,1.07299,1.12,1.00
2017.01.20 01:25:02.519,1.07285,1.07298,1.12,1.00
2017.01.20 01:25:02.772,1.07284,1.07297,1.37,1.00
2017.01.20 01:25:02.925,1.07283,1.07295,1.12,1.00
2017.01.20 01:25:03.078,1.07279,1.07294,2.62,1.00
2017.01.20 01:25:03.289,1.07278,1.07293,1.87,1.12
2017.01.20 01:25:03.674,1.07282,1.07295,1.00,1.12
2017.01.20 01:25:03.978,1.07282,1.07296,2.25,1.50
2017.01.20 01:25:04.382,1.0728,1.07294,1.00,1.50
2017.01.20 01:25:04.919,1.07282,1.07295,1.00,2.62
2017.01.20 01:25:05.172,1.07279,1.07292,1.00,1.12
2017.01.20 01:25:05.576,1.07279,1.07293,1.12,1.50
2017.01.20 01:25:05.881,1.0728,1.07296,1.12,3.75
2017.01.20 01:25:05.983,1.0728,1.07296,1.87,2.62
2017.01.20 01:25:06.568,1.0728,1.07295,1.50,1.50
2017.01.20 01:25:07.125,1.07282,1.07295,1.00,1.12
2017.01.20 01:25:07.653,1.07279,1.07294,3.00,1.00
2017.01.20 01:25:07.906,1.07279,1.07295,2.62,2.62
2017.01.20 01:25:11.877,1.07278,1.07292,1.12,1.00
2017.01.20 01:25:12.499,1.07278,1.07293,1.12,1.12
2017.01.20 01:25:13.801,1.07278,1.07292,1.12,1.00
2017.01.20 01:25:14.003,1.07279,1.07293,1.00,2.25
2017.01.20 01:25:14.547,1.07279,1.07293,1.00,1.75
2017.01.20 01:25:19.918,1.07278,1.07293,1.87,1.50
2017.01.20 01:25:20.524,1.07279,1.07292,1.00,1.50
2017.01.20 01:25:21.076,1.07278,1.07292,1.00,2.25
2017.01.20 01:25:24.809,1.07278,1.07293,1.87,3.00
2017.01.20 01:25:26.111,1.07279,1.07293,1.00,1.50
2017.01.20 01:25:26.594,1.07279,1.07295,3.37,1.37
2017.01.20 01:25:26.644,1.0728,1.07295,1.12,1.12
2017.01.20 01:25:27.697,1.07282,1.07298,1.50,1.75
2017.01.20 01:25:27.848,1.07283,1.07298,1.37,1.50
2017.01.20 01:25:29.151,1.07284,1.07299,1.37,2.25
2017.01.20 01:25:33.688,1.07284,1.07297,1.37,1.00
2017.01.20 01:25:33.799,1.07279,1.07294,1.87,1.87
2017.01.20 01:25:33.850,1.07278,1.07293,1.75,1.50
2017.01.20 01:25:34.156,1.07277,1.07291,1.50,1.00
2017.01.20 01:25:34.669,1.07275,1.07291,2.62,1.87
2017.01.20 01:25:34.987,1.07276,1.07286,1.50,1.00
2017.01.20 01:25:35.038,1.07276,1.07289,1.50,1.00
2017.01.20 01:25:35.089,1.07274,1.07287,1.87,1.00
2017.01.20 01:25:35.241,1.07273,1.07287,1.75,1.00
2017.01.20 01:25:35.476,1.07273,1.07288,1.12,2.25
2017.01.20 01:25:35.527,1.07274,1.07288,1.12,2.25
2017.01.20 01:25:35.830,1.07272,1.07287,1.00,2.25
2017.01.20 01:25:38.351,1.0727,1.07286,1.50,1.75
2017.01.20 01:25:38.452,1.07271,1.07286,1.37,1.50
2017.01.20 01:25:39.234,1.07271,1.07287,1.50,1.75
2017.01.20 01:25:39.791,1.07272,1.07287,1.00,1.75
2017.01.20 01:25:40.300,1.07272,1.07288,1.37,1.75
2017.01.20 01:25:40.676,1.07274,1.07289,1.87,1.75
2017.01.20 01:25:40.768,1.07274,1.07289,1.87,1.75
2017.01.20 01:25:42.529,1.07273,1.07289,1.50,2.62
2017.01.20 01:25:45.686,1.07273,1.07289,1.50,2.62
2017.01.20 01:25:46.207,1.07273,1.07289,1.00,2.62
2017.01.20 01:25:46.359,1.07274,1.0729,1.37,2.25
2017.01.20 01:25:49.265,1.07275,1.0729,1.37,2.25
2017.01.20 01:25:50.688,1.07274,1.07288,1.37,1.75
2017.01.20 01:25:51.132,1.07278,1.07291,1.00,2.05
2017.01.20 01:25:51.284,1.07279,1.07294,1.12,1.75
2017.01.20 01:25:51.386,1.07279,1.07294,1.50,1.75
2017.01.20 01:25:55.489,1.07277,1.07291,1.87,1.00
2017.01.20 01:25:56.004,1.07277,1.07291,1.87,1.12
2017.01.20 01:25:56.508,1.07277,1.07291,1.50,1.50
2017.01.20 01:25:56.829,1.07278,1.07294,2.25,1.12
2017.01.20 01:25:56.982,1.0728,1.07295,1.00,1.75
2017.01.20 01:25:57.072,1.0728,1.07295,1.50,2.25
2017.01.20 01:25:59.623,1.0728,1.07292,1.37,1.00
2017.01.20 01:25:59.826,1.07277,1.07291,2.62,1.00
2017.01.20 01:26:00.385,1.07277,1.07293,3.00,2.25
2017.01.20 01:26:00.784,1.07279,1.07294,2.25,1.75
2017.01.20 01:26:01.337,1.07279,1.07294,1.12,1.87
2017.01.20 01:26:03.331,1.07281,1.07296,1.00,3.00
2017.01.20 01:26:03.584,1.0728,1.07295,1.37,1.50
2017.01.20 01:26:04.466,1.0728,1.07293,1.37,1.00
2017.01.20 01:26:07.125,1.0728,1.07294,1.37,1.12
2017.01.20 01:26:14.916,1.07279,1.07294,2.62,1.50
2017.01.20 01:26:25.171,1.07279,1.07292,1.37,1.00
2017.01.20 01:26:25.682,1.07279,1.07293,1.50,1.50
2017.01.20 01:26:26.215,1.0728,1.07295,2.25,1.75
2017.01.20 01:26:26.371,1.0728,1.07295,2.62,1.12
2017.01.20 01:26:26.505,1.07279,1.07293,3.37,1.00
2017.01.20 01:26:26.555,1.0728,1.07293,1.00,1.12
2017.01.20 01:26:42.157,1.07279,1.07294,1.50,1.75
2017.01.20 01:26:43.580,1.07278,1.07291,1.37,1.00
2017.01.20 01:26:44.117,1.07279,1.07294,1.50,1.75
2017.01.20 01:26:46.211,1.07279,1.07295,1.37,3.00
2017.01.20 01:26:46.723,1.07279,1.07293,1.37,1.12
2017.01.20 01:26:46.975,1.07278,1.07292,1.87,1.50
2017.01.20 01:26:47.512,1.07278,1.07294,1.87,2.25
2017.01.20 01:26:50.842,1.07277,1.07293,3.75,1.75
2017.01.20 01:26:51.366,1.07278,1.07294,1.37,2.62
2017.01.20 01:26:51.708,1.0728,1.07296,1.37,1.87
2017.01.20 01:26:53.270,1.0728,1.07293,1.37,1.00
2017.01.20 01:26:53.819,1.0728,1.07295,1.37,1.50
2017.01.20 01:26:54.997,1.0728,1.07293,1.37,1.00
2017.01.20 01:26:56.728,1.0728,1.07294,1.37,1.12
2017.01.20 01:26:58.877,1.0728,1.07293,1.37,1.00
2017.01.20 01:27:03.678,1.07279,1.07294,1.87,1.12
2017.01.20 01:27:04.284,1.0728,1.07293,1.37,1.00
2017.01.20 01:27:09.286,1.0728,1.07294,1.37,1.12
2017.01.20 01:27:09.896,1.07279,1.07293,1.87,1.00
2017.01.20 01:27:11.743,1.0728,1.07296,1.87,1.87
2017.01.20 01:27:12.249,1.07282,1.07296,1.00,1.50
2017.01.20 01:27:16.126,1.07281,1.07294,1.87,1.00
2017.01.20 01:27:17.692,1.07281,1.07295,1.87,1.12
2017.01.20 01:27:22.465,1.0728,1.07293,1.87,1.00
2017.01.20 01:27:22.618,1.07279,1.07293,1.87,1.12
2017.01.20 01:27:23.163,1.07279,1.07294,1.50,1.75
2017.01.20 01:27:24.290,1.07279,1.07293,1.37,1.50
2017.01.20 01:27:24.493,1.07277,1.07292,1.50,2.62
2017.01.20 01:27:25.543,1.07276,1.07291,2.62,1.50
2017.01.20 01:27:27.258,1.07279,1.07293,1.00,1.75
2017.01.20 01:27:27.410,1.0728,1.07295,1.00,1.87
2017.01.20 01:27:27.512,1.07281,1.07297,1.87,1.87
2017.01.20 01:27:27.613,1.07282,1.07296,1.50,1.50
2017.01.20 01:27:28.142,1.07281,1.07296,1.87,1.12
2017.01.20 01:27:34.549,1.07283,1.07295,1.00,1.00
2017.01.20 01:27:34.701,1.07281,1.07293,1.37,1.00
2017.01.20 01:27:34.836,1.0728,1.07295,1.75,1.50
2017.01.20 01:27:34.887,1.07279,1.07293,1.12,1.00
2017.01.20 01:27:35.091,1.0728,1.07295,1.00,3.37
2017.01.20 01:27:41.195,1.07279,1.07292,1.37,1.00
2017.01.20 01:27:41.399,1.07278,1.07292,1.12,1.37
2017.01.20 01:27:48.723,1.07278,1.07294,2.62,2.25
2017.01.20 01:27:49.473,1.07278,1.07292,1.00,1.87
2017.01.20 01:27:49.625,1.07276,1.07291,1.50,1.75
2017.01.20 01:27:50.133,1.07276,1.07291,1.37,1.50
2017.01.20 01:27:50.690,1.07278,1.07292,1.00,2.62
2017.01.20 01:27:51.250,1.07278,1.07292,1.12,1.50
2017.01.20 01:27:51.851,1.07279,1.07293,1.00,1.87
2017.01.20 01:27:52.416,1.07278,1.07293,1.50,2.62
2017.01.20 01:27:55.535,1.07278,1.07291,1.37,1.00
2017.01.20 01:27:56.041,1.07278,1.07292,1.37,1.12
2017.01.20 01:28:00.425,1.07277,1.0729,1.12,1.00
2017.01.20 01:28:00.567,1.07275,1.07291,1.87,2.62
2017.01.20 01:28:03.165,1.07277,1.07292,1.87,1.50
2017.01.20 01:28:04.168,1.07276,1.0729,1.12,1.00
2017.01.20 01:28:04.689,1.07277,1.07292,1.12,1.12
2017.01.20 01:28:11.362,1.07277,1.07288,1.50,1.00
2017.01.20 01:28:11.665,1.07277,1.07286,1.00,1.00
2017.01.20 01:28:13.963,1.07275,1.07285,1.12,1.00
2017.01.20 01:28:14.115,1.07275,1.07284,1.00,1.00
2017.01.20 01:28:15.805,1.07275,1.07279,1.00,1.00
2017.01.20 01:28:16.058,1.07269,1.07279,1.75,1.00
2017.01.20 01:28:16.109,1.07269,1.07279,1.50,1.00
2017.01.20 01:28:16.632,1.07269,1.07277,1.12,1.00
2017.01.20 01:28:16.885,1.07267,1.07277,1.50,1.00
2017.01.20 01:28:17.378,1.07268,1.07277,1.37,1.00
2017.01.20 01:28:17.908,1.07268,1.07277,1.50,1.00
2017.01.20 01:28:18.576,1.07269,1.07278,1.00,1.00
2017.01.20 01:28:19.081,1.07269,1.07279,1.37,1.00
2017.01.20 01:28:21.350,1.0727,1.07282,1.50,1.00
2017.01.20 01:28:22.144,1.0727,1.07283,1.87,1.00
2017.01.20 01:28:22.670,1.07271,1.07284,1.12,1.12
2017.01.20 01:28:24.614,1.07272,1.07284,1.00,1.12
2017.01.20 01:28:25.703,1.07273,1.07287,1.00,1.50
2017.01.20 01:28:27.498,1.07273,1.07287,1.87,1.12
2017.01.20 01:28:30.063,1.07273,1.07286,1.87,1.00
2017.01.20 01:28:38.914,1.07272,1.07285,1.12,1.00
2017.01.20 01:28:39.117,1.07272,1.07285,1.50,1.12
2017.01.20 01:28:39.710,1.07272,1.07282,1.50,1.00
2017.01.20 01:28:39.842,1.07272,1.07284,1.00,1.00
2017.01.20 01:28:40.348,1.07272,1.07284,1.87,1.00
2017.01.20 01:28:42.309,1.07273,1.07283,1.12,1.00
2017.01.20 01:28:42.505,1.07272,1.07286,1.50,1.50
2017.01.20 01:28:43.023,1.07272,1.07286,1.50,1.50
2017.01.20 01:28:43.277,1.07272,1.07283,1.00,1.00
2017.01.20 01:28:43.530,1.07272,1.07285,1.12,1.12
2017.01.20 01:28:44.056,1.07272,1.07285,1.87,1.00
2017.01.20 01:28:44.805,1.07272,1.07284,1.87,1.00
2017.01.20 01:28:45.014,1.07272,1.07282,1.50,1.00
2017.01.20 01:28:45.592,1.07272,1.07282,1.50,1.00
2017.01.20 01:28:45.915,1.07273,1.07284,1.00,1.00
2017.01.20 01:28:46.119,1.07275,1.07285,1.12,1.00
2017.01.20 01:28:46.170,1.07275,1.07287,1.12,1.12
2017.01.20 01:28:46.474,1.07275,1.07284,1.00,1.00
2017.01.20 01:28:46.631,1.07274,1.07286,1.12,1.12
2017.01.20 01:28:47.771,1.07275,1.07286,1.00,1.12
2017.01.20 01:28:48.316,1.07274,1.07286,1.50,1.00
2017.01.20 01:28:48.569,1.07274,1.07282,1.00,1.00
2017.01.20 01:28:48.660,1.07273,1.07285,1.50,1.00
2017.01.20 01:28:48.881,1.07272,1.07285,1.87,1.12
2017.01.20 01:28:50.068,1.07271,1.07284,1.87,1.00
2017.01.20 01:28:50.119,1.07272,1.07282,1.12,1.00
2017.01.20 01:28:50.423,1.07271,1.07284,1.50,1.00
2017.01.20 01:28:53.830,1.07271,1.07283,1.87,1.00
2017.01.20 01:28:53.881,1.07271,1.0728,1.37,1.00
2017.01.20 01:28:54.532,1.07271,1.07281,1.37,1.00
2017.01.20 01:28:55.466,1.07271,1.07282,1.37,1.00
2017.01.20 01:28:55.990,1.0727,1.07282,1.37,1.00
2017.01.20 01:28:58.223,1.0727,1.07277,1.37,1.00
2017.01.20 01:28:58.273,1.0727,1.0728,1.87,1.00
2017.01.20 01:28:58.375,1.0727,1.07277,1.00,1.00
2017.01.20 01:28:58.881,1.07269,1.0728,1.00,1.50
2017.01.20 01:28:58.932,1.07269,1.07278,1.87,1.00
2017.01.20 01:28:59.235,1.0727,1.0728,1.50,1.00
2017.01.20 01:28:59.740,1.0727,1.07279,1.00,1.00
2017.01.20 01:29:00.459,1.0727,1.07278,1.00,1.00
2017.01.20 01:29:00.864,1.07269,1.0728,2.25,1.00
2017.01.20 01:29:00.965,1.07269,1.07276,2.25,1.00
2017.01.20 01:29:01.016,1.07269,1.07281,2.25,1.00
2017.01.20 01:29:02.002,1.0727,1.0728,1.00,1.00
2017.01.20 01:29:02.053,1.0727,1.07277,1.00,1.00
2017.01.20 01:29:02.759,1.0727,1.07275,1.00,1.00
2017.01.20 01:29:02.810,1.0727,1.07277,1.00,1.00
2017.01.20 01:29:03.827,1.0727,1.07275,1.00,1.00
2017.01.20 01:29:03.903,1.07269,1.07277,3.00,1.00
2017.01.20 01:29:03.954,1.0727,1.07275,1.00,1.00
2017.01.20 01:29:04.005,1.0727,1.07277,1.00,1.00
2017.01.20 01:29:04.056,1.07269,1.07275,1.00,1.00
2017.01.20 01:29:04.576,1.07269,1.07276,1.37,1.00
2017.01.20 01:29:06.317,1.0727,1.07277,1.12,1.00
2017.01.20 01:29:06.627,1.07271,1.07278,1.87,1.00
2017.01.20 01:29:07.139,1.07272,1.07278,1.37,1.00
2017.01.20 01:29:07.651,1.07272,1.07279,1.37,1.00
2017.01.20 01:29:08.165,1.07271,1.07279,1.50,1.00
2017.01.20 01:29:10.537,1.07271,1.07277,1.50,1.00
2017.01.20 01:29:11.059,1.07272,1.07277,1.00,1.00
2017.01.20 01:29:12.194,1.07272,1.07278,1.00,1.00
2017.01.20 01:29:12.956,1.07271,1.07279,2.25,1.00
2017.01.20 01:29:13.259,1.07273,1.07278,1.50,1.00
2017.01.20 01:29:15.118,1.07272,1.07277,1.37,1.00
2017.01.20 01:29:15.868,1.07271,1.07277,1.37,1.00
2017.01.20 01:29:16.382,1.07271,1.07277,1.00,1.00
2017.01.20 01:29:17.696,1.07271,1.07277,1.37,1.00
2017.01.20 01:29:18.413,1.07271,1.07277,1.00,1.00
2017.01.20 01:29:20.141,1.07271,1.07276,1.00,1.00
2017.01.20 01:29:31.503,1.0727,1.07275,1.37,1.00
2017.01.20 01:29:32.009,1.07268,1.07275,1.50,1.00
2017.01.20 01:29:32.143,1.07268,1.07273,1.50,1.00
2017.01.20 01:29:32.245,1.07268,1.07275,2.25,1.00
2017.01.20 01:29:32.397,1.07268,1.07273,1.50,1.00
2017.01.20 01:29:32.913,1.07268,1.07274,1.50,1.00
2017.01.20 01:29:33.449,1.07267,1.07273,1.50,1.00
2017.01.20 01:29:40.864,1.07268,1.07274,1.00,1.00
2017.01.20 01:29:41.200,1.07269,1.07274,1.37,1.00
2017.01.20 01:29:41.743,1.07268,1.07274,1.50,1.00
2017.01.20 01:29:45.500,1.07268,1.07273,1.50,1.00
2017.01.20 01:29:51.016,1.07268,1.07273,1.00,1.00
2017.01.20 01:29:51.522,1.07266,1.07273,1.50,1.00
2017.01.20 01:29:54.442,1.07267,1.07274,1.00,1.00
2017.01.20 01:29:57.269,1.07267,1.07273,1.00,1.00
2017.01.20 01:30:00.459,1.07267,1.07273,1.37,1.00
2017.01.20 01:30:01.052,1.07269,1.07274,1.00,1.00
2017.01.20 01:30:01.800,1.07269,1.07273,1.00,1.00
2017.01.20 01:30:02.221,1.07267,1.07273,1.12,1.00
2017.01.20 01:30:05.081,1.07267,1.07273,1.50,1.00
2017.01.20 01:30:15.210,1.07266,1.07273,1.87,1.00
2017.01.20 01:30:35.835,1.07267,1.07272,1.00,1.00
2017.01.20 01:30:36.355,1.07266,1.07271,1.50,1.00
2017.01.20 01:30:40.257,1.07274,1.07283,1.35,1.87
2017.01.20 01:30:40.361,1.07274,1.07281,1.12,1.00
2017.01.20 01:30:40.463,1.07273,1.07278,2.85,1.00
2017.01.20 01:30:40.514,1.07273,1.0728,2.10,1.00
2017.01.20 01:30:40.565,1.07275,1.07283,1.60,1.00
2017.01.20 01:30:40.616,1.07273,1.07283,2.25,1.00
2017.01.20 01:30:40.667,1.07274,1.07283,1.12,1.00
2017.01.20 01:30:45.496,1.07274,1.0728,1.75,1.00
2017.01.20 01:30:45.598,1.07274,1.07278,1.50,1.50
2017.01.20 01:30:45.699,1.07274,1.0728,2.10,1.00
2017.01.20 01:30:45.761,1.07276,1.07283,1.00,1.00
2017.01.20 01:31:00.199,1.07276,1.07286,1.12,1.00
2017.01.20 01:31:00.300,1.07277,1.07283,1.00,1.00
2017.01.20 01:31:03.686,1.07277,1.07283,1.37,1.00
2017.01.20 01:31:04.193,1.07276,1.07283,1.50,1.00
2017.01.20 01:31:23.176,1.07276,1.07285,1.50,1.00
2017.01.20 01:31:23.687,1.07276,1.07284,1.50,1.00
2017.01.20 01:31:24.238,1.07276,1.07285,1.50,1.00
2017.01.20 01:31:24.750,1.07276,1.07284,1.50,1.00
2017.01.20 01:31:30.250,1.07276,1.07284,1.75,1.00
2017.01.20 01:31:30.755,1.07276,1.07284,1.87,1.00
2017.01.20 01:31:33.280,1.07276,1.07284,1.87,1.00
2017.01.20 01:31:33.821,1.07276,1.07284,1.87,1.00
2017.01.20 01:31:39.562,1.07276,1.07283,1.50,1.00
2017.01.20 01:31:40.067,1.07275,1.07284,1.75,1.00
2017.01.20 01:31:47.320,1.07274,1.07283,1.87,1.00
2017.01.20 01:31:47.423,1.07275,1.07279,1.00,1.00
2017.01.20 01:31:47.574,1.07274,1.07282,1.50,1.00
2017.01.20 01:31:48.121,1.07274,1.07283,1.87,1.00
2017.01.20 01:32:00.918,1.07274,1.07283,2.25,1.00
2017.01.20 01:32:01.933,1.07274,1.07283,1.50,1.00
2017.01.20 01:32:02.436,1.07274,1.07283,2.25,1.00
2017.01.20 01:32:05.282,1.07274,1.07287,3.00,1.12
2017.01.20 01:32:08.426,1.07277,1.07289,1.00,1.37
2017.01.20 01:32:08.577,1.07277,1.0729,1.50,1.12
2017.01.20 01:32:09.102,1.07277,1.0729,1.12,1.12
2017.01.20 01:32:11.971,1.07278,1.07291,1.12,1.87
2017.01.20 01:32:12.536,1.07278,1.07291,1.50,1.12
2017.01.20 01:32:17.790,1.0728,1.07292,1.00,1.50
2017.01.20 01:32:17.992,1.07281,1.07293,1.00,1.12
2017.01.20 01:32:19.524,1.0728,1.07293,1.50,1.12
2017.01.20 01:32:20.434,1.07279,1.07292,1.50,1.00
2017.01.20 01:32:20.960,1.0728,1.07293,1.12,1.12
2017.01.20 01:32:22.270,1.0728,1.07292,1.12,1.00
2017.01.20 01:32:22.853,1.0728,1.07293,1.12,1.12
2017.01.20 01:32:24.154,1.07282,1.07294,1.00,1.50
2017.01.20 01:32:24.672,1.07282,1.07294,1.00,1.12
2017.01.20 01:32:27.928,1.07281,1.07294,1.12,1.12
2017.01.20 01:32:29.654,1.07281,1.07293,1.12,1.00
2017.01.20 01:32:32.878,1.07281,1.07294,1.12,1.12
2017.01.20 01:32:39.323,1.0728,1.07293,1.50,1.12
2017.01.20 01:32:42.238,1.07279,1.07292,1.87,1.00
2017.01.20 01:32:42.750,1.07279,1.07293,1.50,1.87
2017.01.20 01:32:43.284,1.07279,1.07292,1.12,1.12
2017.01.20 01:32:48.551,1.07278,1.07292,1.12,1.50
2017.01.20 01:32:49.759,1.07279,1.07293,1.00,2.62
2017.01.20 01:32:50.272,1.07279,1.07293,1.12,1.50
2017.01.20 01:32:57.462,1.0728,1.07294,1.00,2.25
2017.01.20 01:32:57.969,1.07281,1.07294,1.00,1.12
2017.01.20 01:32:58.321,1.07281,1.07295,1.50,1.50
2017.01.20 01:32:59.957,1.07281,1.07294,1.50,1.00
2017.01.20 01:33:00.703,1.07282,1.07295,1.00,1.50
2017.01.20 01:33:01.209,1.07282,1.07296,1.50,2.25
2017.01.20 01:33:01.776,1.07282,1.07295,1.12,1.50
2017.01.20 01:33:02.981,1.07281,1.07295,1.50,1.50
2017.01.20 01:33:03.501,1.0728,1.07294,2.25,1.50
2017.01.20 01:33:04.019,1.07281,1.07296,1.87,1.50
2017.01.20 01:33:04.829,1.0728,1.07294,1.75,1.50
2017.01.20 01:33:04.993,1.0728,1.07294,1.12,2.25
2017.01.20 01:33:07.373,1.07281,1.07296,1.00,4.12
2017.01.20 01:33:07.896,1.07281,1.07294,1.12,1.12
2017.01.20 01:33:09.526,1.0728,1.07294,1.50,1.50
2017.01.20 01:33:12.219,1.0728,1.07293,1.00,1.50
2017.01.20 01:33:12.733,1.0728,1.07293,1.12,1.12
2017.01.20 01:33:20.288,1.07281,1.07295,1.00,1.75
2017.01.20 01:33:20.830,1.07281,1.07295,1.12,1.37
2017.01.20 01:33:24.330,1.07279,1.07294,1.87,2.25
2017.01.20 01:33:24.922,1.07279,1.07294,1.50,2.25
2017.01.20 01:33:26.139,1.07278,1.07291,1.37,1.50
2017.01.20 01:33:26.342,1.07276,1.0729,1.37,1.87
2017.01.20 01:33:26.869,1.07276,1.0729,1.00,2.25
2017.01.20 01:33:38.686,1.07278,1.0729,1.00,1.50
2017.01.20 01:33:38.888,1.07279,1.07294,1.12,4.12
2017.01.20 01:33:39.652,1.0728,1.07293,1.12,1.00
2017.01.20 01:33:45.657,1.0728,1.07294,1.50,1.12
2017.01.20 01:33:47.131,1.07282,1.07296,1.00,1.75
2017.01.20 01:33:47.688,1.07282,1.07296,1.12,1.50
2017.01.20 01:33:49.780,1.0728,1.07294,1.87,1.00
2017.01.20 01:33:50.334,1.0728,1.07294,1.50,1.12
2017.01.20 01:34:01.090,1.07282,1.07297,1.00,3.75
2017.01.20 01:34:01.639,1.07282,1.07296,1.12,1.50
2017.01.20 01:34:11.726,1.07281,1.07295,1.87,1.00
2017.01.20 01:34:12.257,1.07281,1.07295,1.87,1.12
2017.01.20 01:34:17.233,1.0728,1.07295,1.87,2.25
2017.01.20 01:34:32.357,1.0728,1.07293,1.50,1.00
2017.01.20 01:34:32.762,1.07281,1.07295,1.50,1.69
2017.01.20 01:34:33.066,1.0728,1.07295,1.50,2.62
2017.01.20 01:34:33.577,1.0728,1.07295,1.50,2.62
2017.01.20 01:34:40.559,1.07281,1.07295,1.50,1.12
2017.01.20 01:34:41.186,1.07281,1.07295,1.12,1.50
2017.01.20 01:35:11.340,1.07279,1.07293,1.87,1.00
2017.01.20 01:35:11.846,1.07279,1.07293,1.87,1.12
2017.01.20 01:35:17.943,1.07279,1.07295,1.87,1.87
2017.01.20 01:35:20.120,1.07282,1.07297,1.00,3.37
2017.01.20 01:35:20.629,1.07282,1.07296,1.12,1.50
2017.01.20 01:35:21.225,1.07282,1.07296,1.87,1.12
2017.01.20 01:35:32.516,1.07282,1.07295,1.87,1.00
2017.01.20 01:35:33.245,1.0728,1.07294,1.87,1.00
2017.01.20 01:35:33.346,1.0728,1.07295,1.37,2.25
2017.01.20 01:35:33.550,1.07282,1.07297,1.50,1.87
2017.01.20 01:35:36.737,1.07282,1.07295,1.50,1.00
2017.01.20 01:35:37.183,1.07281,1.07296,1.12,2.62
2017.01.20 01:35:38.550,1.07281,1.07294,1.50,1.00
2017.01.20 01:35:38.882,1.0728,1.07295,2.25,1.75
2017.01.20 01:35:39.845,1.07281,1.07295,1.00,1.75
2017.01.20 01:35:40.350,1.07279,1.07294,1.87,1.12
2017.01.20 01:35:40.867,1.07282,1.07297,1.00,2.62
2017.01.20 01:35:41.070,1.07282,1.07297,1.87,2.25
2017.01.20 01:35:47.604,1.07281,1.07296,2.62,1.12
2017.01.20 01:35:47.706,1.07282,1.07296,1.00,1.50
2017.01.20 01:35:48.439,1.07283,1.07298,1.00,1.75
2017.01.20 01:35:48.711,1.07282,1.07297,1.87,1.12
2017.01.20 01:35:49.484,1.07282,1.07296,1.87,1.00
2017.01.20 01:35:50.011,1.07283,1.07297,1.50,1.12
2017.01.20 01:35:50.939,1.07283,1.07296,1.50,1.00
2017.01.20 01:35:51.481,1.07283,1.07297,1.50,1.12
2017.01.20 01:35:52.342,1.07282,1.07296,2.62,1.00
2017.01.20 01:35:53.875,1.07282,1.07297,1.87,2.25
2017.01.20 01:35:54.866,1.07282,1.07295,1.37,1.50
2017.01.20 01:35:55.119,1.0728,1.07294,1.37,1.12
2017.01.20 01:35:55.423,1.07281,1.07295,1.12,1.00
2017.01.20 01:35:57.277,1.0728,1.07295,1.12,1.87
2017.01.20 01:35:58.725,1.0728,1.07294,1.12,1.00
2017.01.20 01:35:59.234,1.0728,1.07295,1.87,1.50
2017.01.20 01:36:03.438,1.07279,1.07293,1.87,1.00
2017.01.20 01:36:03.638,1.07279,1.07294,1.50,1.75
2017.01.20 01:36:04.845,1.07279,1.07291,1.00,1.00
2017.01.20 01:36:05.149,1.07278,1.07293,1.12,1.12
2017.01.20 01:36:17.836,1.07279,1.07292,1.37,1.00
2017.01.20 01:36:18.355,1.07278,1.07291,1.37,1.00
2017.01.20 01:36:36.331,1.07278,1.07293,1.37,1.50
2017.01.20 01:36:36.633,1.0728,1.07294,1.37,1.12
2017.01.20 01:36:37.170,1.0728,1.07294,1.00,2.25
2017.01.20 01:36:43.480,1.07279,1.07294,1.12,1.12
2017.01.20 01:36:44.342,1.07279,1.07292,1.12,1.00
2017.01.20 01:36:44.898,1.07279,1.07293,1.37,1.87
2017.01.20 01:37:00.327,1.07279,1.07294,1.12,1.12
2017.01.20 01:37:02.850,1.07279,1.07293,1.12,1.00
2017.01.20 01:37:03.366,1.07279,1.07294,1.87,1.50
2017.01.20 01:37:19.326,1.07279,1.07291,1.37,1.00
2017.01.20 01:37:19.838,1.07278,1.07291,1.37,1.00
2017.01.20 01:37:23.362,1.07278,1.07292,1.37,1.12
2017.01.20 01:37:25.235,1.07278,1.07293,1.37,1.12
2017.01.20 01:37:25.986,1.07278,1.07294,1.12,1.87
2017.01.20 01:37:30.066,1.07278,1.07293,1.12,1.50
2017.01.20 01:37:30.582,1.07278,1.07293,1.12,1.87
2017.01.20 01:37:44.118,1.07278,1.07292,1.12,1.00
2017.01.20 01:37:44.422,1.07277,1.0729,1.12,1.00
2017.01.20 01:37:45.061,1.07277,1.0729,1.12,1.00
2017.01.20 01:38:17.295,1.07279,1.0729,1.87,1.00
2017.01.20 01:38:17.801,1.0728,1.07292,1.00,1.00
2017.01.20 01:38:21.835,1.07279,1.07292,1.12,1.00
2017.01.20 01:38:22.365,1.07279,1.07292,1.37,1.00
2017.01.20 01:38:22.885,1.07278,1.07291,1.87,1.00
2017.01.20 01:38:23.441,1.07278,1.07291,1.87,1.00
2017.01.20 01:38:25.344,1.07278,1.0729,1.37,1.00
2017.01.20 01:38:25.851,1.07277,1.07291,1.87,1.00
2017.01.20 01:38:26.868,1.07277,1.0729,1.87,1.00
2017.01.20 01:38:31.443,1.07277,1.07289,1.12,1.00
2017.01.20 01:38:34.996,1.07278,1.07291,1.37,1.00
2017.01.20 01:38:35.451,1.07279,1.07291,1.12,1.00
2017.01.20 01:38:36.000,1.07278,1.07291,1.12,1.00
2017.01.20 01:38:44.101,1.07278,1.0729,1.12,1.00
2017.01.20 01:38:44.628,1.07276,1.0729,2.62,1.00
2017.01.20 01:38:47.719,1.07276,1.0729,2.62,1.00
2017.01.20 01:38:48.984,1.07277,1.07289,1.75,1.00
2017.01.20 01:38:50.318,1.07279,1.0729,1.12,1.00
2017.01.20 01:38:55.316,1.07278,1.0729,1.12,1.00
2017.01.20 01:38:55.912,1.07278,1.0729,1.12,1.00
2017.01.20 01:39:00.914,1.07278,1.0729,1.12,1.12
2017.01.20 01:39:02.013,1.07278,1.07289,1.12,1.00
2017.01.20 01:39:02.541,1.07278,1.07288,1.12,1.00
2017.01.20 01:39:04.124,1.07277,1.07288,1.12,1.00
2017.01.20 01:39:04.629,1.07277,1.07288,1.12,1.00
2017.01.20 01:39:05.539,1.07277,1.07288,1.12,1.00
2017.01.20 01:39:05.796,1.07277,1.0729,1.12,1.12
2017.01.20 01:39:13.759,1.07278,1.0729,1.12,1.00
2017.01.20 01:39:17.430,1.07277,1.0729,1.87,1.00
2017.01.20 01:39:17.968,1.07277,1.0729,1.87,1.00
2017.01.20 01:39:18.680,1.07277,1.0729,1.12,1.00
2017.01.20 01:39:19.187,1.07277,1.0729,1.87,1.00
2017.01.20 01:39:25.294,1.07277,1.0729,1.12,1.00
2017.01.20 01:39:25.849,1.07277,1.0729,1.12,1.00
2017.01.20 01:39:30.570,1.07277,1.07289,1.12,1.00
2017.01.20 01:39:31.076,1.07278,1.0729,1.12,1.00
2017.01.20 01:39:40.914,1.07278,1.0729,1.12,1.00
2017.01.20 01:39:44.608,1.07277,1.07293,1.87,2.62
2017.01.20 01:39:50.288,1.07277,1.07292,1.87,1.50
2017.01.20 01:39:51.423,1.07281,1.07295,1.37,2.25
2017.01.20 01:39:52.134,1.07281,1.07294,1.12,1.50
2017.01.20 01:39:57.314,1.07281,1.07294,1.37,1.75
2017.01.20 01:39:58.399,1.07281,1.07294,1.12,1.50
2017.01.20 01:39:59.817,1.07281,1.07294,1.37,1.75
2017.01.20 01:40:03.838,1.0728,1.07293,1.37,1.75
2017.01.20 01:40:07.545,1.0728,1.07294,1.87,1.75
2017.01.20 01:40:17.950,1.07281,1.07296,1.12,1.75
2017.01.20 01:40:18.504,1.0728,1.07295,1.87,1.75
2017.01.20 01:40:19.940,1.0728,1.07295,1.87,1.75
2017.01.20 01:40:40.878,1.07282,1.07295,1.00,2.25
2017.01.20 01:41:02.819,1.07281,1.07295,1.00,1.75
2017.01.20 01:41:30.164,1.0728,1.07294,1.00,2.62
2017.01.20 01:41:30.974,1.07277,1.07292,1.75,1.87
2017.01.20 01:41:32.349,1.07278,1.07291,1.00,1.75
2017.01.20 01:41:32.896,1.07276,1.07291,2.62,1.75
2017.01.20 01:41:33.559,1.07278,1.07291,1.00,1.75
2017.01.20 01:41:34.129,1.07276,1.07291,2.62,1.75
2017.01.20 01:41:34.980,1.07276,1.07291,3.37,1.75
2017.01.20 01:41:36.298,1.07277,1.07292,1.75,1.87
2017.01.20 01:41:49.101,1.07279,1.07291,1.37,1.00
2017.01.20 01:41:49.626,1.07278,1.07293,1.12,1.75
2017.01.20 01:41:57.343,1.07279,1.07294,1.12,2.25
2017.01.20 01:42:02.530,1.0728,1.07294,1.00,2.25
2017.01.20 01:42:04.760,1.0728,1.07294,1.37,2.25
2017.01.20 01:42:05.311,1.07279,1.07292,1.37,1.75
2017.01.20 01:42:05.716,1.07278,1.0729,1.00,1.50
2017.01.20 01:42:06.274,1.07276,1.0729,1.75,1.50
2017.01.20 01:42:07.282,1.07276,1.07287,1.75,1.00
2017.01.20 01:42:07.832,1.07276,1.07288,1.75,1.12
2017.01.20 01:42:08.962,1.07276,1.0729,1.75,1.50
2017.01.20 01:42:09.991,1.07277,1.07288,1.12,1.00
2017.01.20 01:42:10.514,1.07276,1.07288,1.75,1.12
2017.01.20 01:42:11.160,1.07276,1.07288,1.75,1.00
2017.01.20 01:42:11.676,1.07276,1.07288,1.75,1.12
2017.01.20 01:42:12.517,1.07276,1.07287,1.75,1.00
2017.01.20 01:42:12.770,1.07276,1.07289,1.75,1.12
2017.01.20 01:42:13.454,1.07276,1.07289,1.75,1.50
2017.01.20 01:42:17.380,1.07276,1.07291,2.25,1.87
2017.01.20 01:42:17.955,1.07277,1.07291,1.12,1.50
2017.01.20 01:42:18.780,1.07278,1.07289,1.12,1.00
2017.01.20 01:42:18.962,1.07277,1.07291,1.37,1.75
2017.01.20 01:42:19.064,1.07277,1.07291,1.12,2.25
2017.01.20 01:42:19.854,1.07277,1.07291,1.12,2.25
2017.01.20 01:42:20.397,1.07277,1.0729,1.12,1.12
2017.01.20 01:42:20.973,1.07277,1.07289,1.12,1.12
2017.01.20 01:42:26.697,1.07277,1.07291,1.12,1.50
2017.01.20 01:42:27.269,1.07277,1.07291,1.12,2.25
2017.01.20 01:42:29.581,1.07277,1.07289,1.37,1.50
2017.01.20 01:42:30.156,1.07277,1.07291,1.12,1.75
2017.01.20 01:42:39.594,1.07277,1.07291,1.12,2.25
2017.01.20 01:42:40.120,1.07277,1.0729,1.37,1.75
2017.01.20 01:42:40.643,1.07277,1.0729,1.12,1.50
2017.01.20 01:42:41.191,1.07277,1.0729,1.37,1.75
2017.01.20 01:42:56.695,1.07276,1.07289,1.87,1.75
2017.01.20 01:42:57.653,1.07276,1.07288,1.87,1.12
2017.01.20 01:42:58.245,1.07276,1.07289,1.87,1.75
2017.01.20 01:43:03.291,1.07278,1.07294,1.12,2.62
2017.01.20 01:43:03.342,1.07278,1.07293,2.25,1.75
2017.01.20 01:43:03.967,1.07279,1.07291,1.00,1.75
2017.01.20 01:43:04.480,1.07278,1.07292,1.00,2.25
2017.01.20 01:43:04.991,1.07278,1.07291,1.37,2.25
2017.01.20 01:43:05.583,1.07277,1.07291,1.37,2.25
2017.01.20 01:43:11.433,1.07278,1.07292,1.12,1.75
2017.01.20 01:43:11.553,1.0728,1.07292,1.00,1.75
2017.01.20 01:43:14.890,1.07278,1.0729,1.37,2.25
2017.01.20 01:43:15.393,1.07278,1.07292,1.12,1.75
2017.01.20 01:43:23.001,1.07278,1.07291,1.37,1.75
2017.01.20 01:43:24.225,1.07276,1.07289,2.62,1.50
2017.01.20 01:43:24.788,1.07277,1.07291,1.87,1.75
2017.01.20 01:43:25.610,1.07278,1.07292,1.12,1.75
2017.01.20 01:43:30.632,1.07276,1.0729,3.37,1.75
2017.01.20 01:43:31.150,1.07276,1.0729,2.62,1.75
2017.01.20 01:43:37.141,1.07277,1.07292,1.12,3.00
2017.01.20 01:43:37.947,1.07276,1.0729,2.62,1.75
2017.01.20 01:43:41.440,1.07277,1.07292,1.12,2.25
2017.01.20 01:43:50.637,1.07277,1.07291,1.87,1.50
2017.01.20 01:43:53.448,1.07277,1.07291,1.87,1.75
2017.01.20 01:43:57.732,1.07278,1.07291,1.87,1.00
2017.01.20 01:43:58.281,1.07279,1.07293,1.37,1.75
2017.01.20 01:43:59.454,1.07279,1.07292,1.00,1.12
2017.01.20 01:43:59.587,1.0728,1.07293,1.00,1.75
2017.01.20 01:44:00.092,1.0728,1.07293,1.37,1.75
2017.01.20 01:44:06.108,1.0728,1.07292,1.87,1.00
2017.01.20 01:44:06.788,1.07282,1.07297,1.75,2.62
2017.01.20 01:44:12.119,1.07282,1.07296,1.37,2.25
2017.01.20 01:44:12.437,1.07286,1.07301,3.37,1.87
2017.01.20 01:44:12.777,1.07288,1.07299,1.12,1.00
2017.01.20 01:44:12.930,1.07284,1.07298,1.12,2.25
2017.01.20 01:44:13.127,1.07285,1.07299,1.00,1.75
2017.01.20 01:44:13.434,1.07285,1.07296,1.00,1.75
2017.01.20 01:44:13.955,1.07286,1.07298,1.00,1.75
2017.01.20 01:44:14.479,1.07285,1.07297,1.00,1.75
2017.01.20 01:44:14.990,1.07282,1.07294,4.87,1.00
2017.01.20 01:44:15.436,1.07282,1.07291,1.50,1.00
2017.01.20 01:44:15.740,1.0728,1.07286,1.00,1.00
2017.01.20 01:44:16.454,1.07279,1.07286,1.50,1.00
2017.01.20 01:44:16.961,1.07279,1.07287,1.12,1.00
2017.01.20 01:44:17.418,1.07278,1.07285,1.50,1.00
2017.01.20 01:44:17.969,1.07279,1.07286,1.00,1.00
2017.01.20 01:44:18.479,1.07278,1.07285,1.00,1.00
2017.01.20 01:44:20.221,1.07278,1.07285,1.37,1.00
2017.01.20 01:44:21.187,1.0728,1.07287,1.00,1.00
2017.01.20 01:44:21.696,1.07278,1.07287,1.87,1.00
2017.01.20 01:44:22.210,1.07278,1.07286,1.37,1.00
2017.01.20 01:44:25.168,1.07278,1.07286,1.12,1.00
2017.01.20 01:44:25.673,1.07278,1.07288,1.50,1.50
2017.01.20 01:44:25.774,1.07278,1.07286,1.50,1.00
2017.01.20 01:44:26.396,1.07277,1.07285,1.12,1.00
2017.01.20 01:44:26.650,1.07276,1.07284,2.62,1.00
2017.01.20 01:44:27.206,1.07278,1.07286,1.12,1.00
2017.01.20 01:44:27.710,1.07277,1.07286,1.75,1.00
2017.01.20 01:44:28.203,1.07276,1.07287,2.62,1.12
2017.01.20 01:44:28.253,1.07276,1.07287,2.62,1.00
2017.01.20 01:44:30.166,1.07277,1.07284,1.12,1.00
2017.01.20 01:44:30.694,1.07276,1.07283,1.75,1.00
2017.01.20 01:44:31.136,1.07275,1.07282,1.87,1.00
2017.01.20 01:44:32.133,1.07274,1.07284,1.87,1.00
2017.01.20 01:44:36.356,1.07275,1.07283,1.87,1.00
2017.01.20 01:44:37.252,1.07275,1.07282,1.37,1.00
2017.01.20 01:44:37.911,1.07275,1.07285,1.87,1.00
2017.01.20 01:44:38.063,1.07276,1.07283,1.12,1.00
2017.01.20 01:44:40.745,1.07275,1.07284,1.87,1.00
2017.01.20 01:44:41.304,1.07277,1.07285,1.00,1.00
2017.01.20 01:44:41.690,1.07281,1.07291,1.00,2.25
2017.01.20 01:44:41.743,1.07281,1.07291,1.87,1.12
2017.01.20 01:44:41.794,1.07281,1.07291,1.87,1.00
2017.01.20 01:44:42.462,1.07281,1.07292,2.25,1.00
2017.01.20 01:44:43.005,1.07281,1.07291,2.62,1.00
2017.01.20 01:44:43.530,1.07282,1.07292,1.75,1.00
2017.01.20 01:44:44.067,1.07282,1.07292,1.37,1.00
2017.01.20 01:44:44.658,1.07282,1.07291,1.37,1.00
2017.01.20 01:44:44.811,1.07282,1.07293,1.37,1.00
2017.01.20 01:44:45.323,1.07281,1.07292,1.87,1.00
2017.01.20 01:44:47.103,1.07283,1.07292,1.00,1.00
2017.01.20 01:44:47.508,1.07281,1.07288,1.12,1.00
2017.01.20 01:44:47.595,1.07282,1.0729,1.00,1.00
2017.01.20 01:44:48.144,1.0728,1.0729,1.87,1.00
2017.01.20 01:44:49.899,1.0728,1.07289,1.87,1.00
2017.01.20 01:44:50.406,1.0728,1.0729,1.37,1.00
2017.01.20 01:44:50.570,1.0728,1.07288,1.37,1.00
2017.01.20 01:44:50.621,1.07279,1.07291,1.12,1.12
2017.01.20 01:44:51.163,1.07279,1.0729,1.87,1.00
2017.01.20 01:44:51.685,1.07279,1.07289,1.12,1.00
2017.01.20 01:44:51.888,1.07279,1.07289,1.00,1.12
2017.01.20 01:44:52.394,1.07282,1.07291,1.00,1.50
2017.01.20 01:44:52.714,1.07284,1.07293,1.37,1.00
2017.01.20 01:44:53.018,1.07283,1.0729,1.00,1.00
2017.01.20 01:44:53.069,1.07281,1.07292,1.75,1.00
2017.01.20 01:44:53.697,1.07281,1.07292,1.87,1.12
2017.01.20 01:44:54.614,1.07281,1.0729,1.37,1.00
2017.01.20 01:44:54.716,1.07281,1.07292,1.37,1.12
2017.01.20 01:44:54.918,1.07281,1.07289,1.37,1.00
2017.01.20 01:44:54.969,1.07281,1.07292,1.37,1.12
2017.01.20 01:44:55.020,1.07281,1.0729,1.12,1.00
2017.01.20 01:44:56.893,1.0728,1.07289,1.37,1.00
2017.01.20 01:44:57.095,1.07279,1.0729,1.87,1.37
2017.01.20 01:44:57.600,1.07279,1.0729,1.37,1.12
2017.01.20 01:44:58.407,1.07279,1.07289,1.87,1.00
2017.01.20 01:44:59.006,1.0728,1.0729,1.12,1.12
2017.01.20 01:44:59.521,1.0728,1.0729,1.37,1.00
2017.01.20 01:44:59.622,1.0728,1.07288,1.87,1.00
2017.01.20 01:45:00.137,1.0728,1.07289,1.50,1.00
2017.01.20 01:45:00.688,1.0728,1.07288,1.00,1.00
2017.01.20 01:45:01.433,1.07279,1.07287,1.50,1.00
2017.01.20 01:45:01.484,1.07279,1.0729,1.37,1.12
2017.01.20 01:45:02.016,1.07279,1.07289,1.12,1.00
2017.01.20 01:45:02.118,1.0728,1.07287,1.00,1.00
2017.01.20 01:45:02.725,1.07279,1.07287,1.00,1.00
2017.01.20 01:45:04.112,1.07278,1.07287,1.87,1.00
2017.01.20 01:45:04.657,1.07278,1.07287,1.87,1.00
2017.01.20 01:45:05.820,1.07284,1.07291,1.00,1.75
2017.01.20 01:45:06.038,1.07284,1.07291,1.00,1.00
2017.01.20 01:45:06.140,1.07286,1.07294,1.00,1.12
2017.01.20 01:45:06.241,1.07284,1.07294,1.00,1.75
2017.01.20 01:45:06.393,1.07284,1.07294,1.00,1.75
2017.01.20 01:45:06.911,1.07284,1.07294,1.00,1.75
2017.01.20 01:45:07.459,1.07283,1.07294,1.00,1.87
2017.01.20 01:45:08.156,1.0728,1.07294,1.50,1.87
2017.01.20 01:45:08.677,1.0728,1.07294,1.12,1.87
2017.01.20 01:45:09.465,1.07281,1.07294,1.00,1.75
2017.01.20 01:45:09.718,1.07281,1.07292,1.37,1.00
2017.01.20 01:45:10.229,1.07281,1.07294,1.12,1.75
2017.01.20 01:45:10.749,1.0728,1.07293,1.00,1.75
2017.01.20 01:45:13.714,1.07278,1.07291,1.87,1.00
2017.01.20 01:45:16.353,1.07281,1.07292,1.37,1.00
2017.01.20 01:45:16.860,1.07281,1.07293,1.00,1.50
2017.01.20 01:45:19.363,1.07282,1.07295,1.50,1.75
2017.01.20 01:45:19.537,1.07282,1.07295,1.00,1.75
2017.01.20 01:45:19.840,1.07282,1.07294,2.62,1.00
2017.01.20 01:45:23.655,1.07283,1.07296,1.00,3.00
2017.01.20 01:45:24.193,1.07282,1.07296,1.75,2.25
2017.01.20 01:45:25.939,1.07283,1.07296,1.87,1.50
2017.01.20 01:45:29.431,1.07279,1.07292,1.87,1.12
2017.01.20 01:45:29.535,1.07279,1.07292,1.75,1.50
2017.01.20 01:45:30.194,1.07282,1.07294,1.00,1.75
2017.01.20 01:45:30.733,1.07281,1.07294,1.87,1.50
2017.01.20 01:45:38.104,1.07281,1.07294,1.87,1.12
2017.01.20 01:45:38.306,1.07281,1.07294,1.50,1.75
2017.01.20 01:45:38.899,1.07283,1.07295,1.12,2.25
2017.01.20 01:45:40.985,1.07282,1.07295,1.75,2.25
2017.01.20 01:45:42.338,1.07284,1.07298,1.50,1.87
2017.01.20 01:45:42.388,1.07284,1.07298,1.75,1.87
2017.01.20 01:45:42.591,1.07283,1.07298,2.62,1.12
2017.01.20 01:45:56.639,1.07287,1.07299,1.00,1.50
2017.01.20 01:45:59.045,1.07283,1.07297,1.75,1.37
2017.01.20 01:45:59.537,1.07283,1.07297,2.25,1.00
2017.01.20 01:46:02.822,1.07286,1.07298,1.00,1.87
2017.01.20 01:46:03.832,1.07285,1.07297,1.00,1.50
2017.01.20 01:46:05.857,1.07282,1.07296,2.25,1.00
2017.01.20 01:46:06.377,1.07283,1.07297,1.75,1.87
2017.01.20 01:46:08.526,1.07283,1.07296,1.75,1.00
2017.01.20 01:46:24.967,1.07284,1.07297,2.25,1.00
2017.01.20 01:46:25.488,1.07284,1.07299,2.25,1.37
2017.01.20 01:46:27.606,1.07284,1.07299,2.25,1.12
2017.01.20 01:46:29.195,1.07283,1.07298,2.25,1.87
2017.01.20 01:46:29.542,1.07282,1.07296,1.00,1.75
2017.01.20 01:46:33.439,1.07281,1.07295,1.12,1.75
2017.01.20 01:46:33.947,1.07281,1.07295,1.12,1.75
2017.01.20 01:46:39.494,1.07281,1.07295,1.00,1.87
2017.01.20 01:46:40.987,1.07281,1.07295,1.00,1.87
2017.01.20 01:46:48.471,1.07282,1.07295,1.00,1.87
2017.01.20 01:46:48.522,1.0728,1.07295,1.50,1.87
2017.01.20 01:46:49.028,1.0728,1.07291,1.00,1.75
2017.01.20 01:46:49.545,1.07279,1.07291,1.00,1.87
2017.01.20 01:46:53.576,1.07278,1.07291,1.12,1.87
2017.01.20 01:46:53.690,1.07277,1.07291,1.00,1.87
2017.01.20 01:46:54.326,1.07278,1.07291,1.00,1.87
2017.01.20 01:46:54.715,1.07276,1.07291,1.87,1.87
2017.01.20 01:46:56.485,1.07277,1.07291,1.00,1.12
2017.01.20 01:47:10.820,1.07278,1.0729,1.00,1.87
2017.01.20 01:47:11.124,1.07276,1.07291,1.87,1.87
2017.01.20 01:47:11.225,1.07278,1.0729,1.00,1.75
2017.01.20 01:47:11.427,1.07276,1.0729,1.12,1.75
2017.01.20 01:47:11.985,1.07277,1.0729,1.00,1.75
2017.01.20 01:47:12.521,1.07276,1.0729,1.12,1.75
2017.01.20 01:47:14.611,1.07277,1.07291,1.00,1.87
2017.01.20 01:47:15.140,1.07276,1.0729,1.72,1.75
2017.01.20 01:47:15.870,1.07277,1.07291,1.00,1.87
2017.01.20 01:47:16.326,1.0728,1.07291,1.00,1.12
2017.01.20 01:47:16.434,1.07278,1.07287,1.00,1.00
2017.01.20 01:47:16.617,1.07279,1.07292,1.12,1.75
2017.01.20 01:47:19.729,1.07279,1.07292,1.12,1.75
2017.01.20 01:47:20.375,1.07279,1.07292,1.50,1.75
2017.01.20 01:47:21.670,1.07279,1.07292,1.12,1.75
2017.01.20 01:47:23.872,1.07278,1.07292,1.87,1.75
2017.01.20 01:47:25.058,1.07279,1.07291,1.00,1.75
2017.01.20 01:47:25.610,1.07278,1.07291,1.12,1.75
2017.01.20 01:47:28.283,1.07279,1.07292,1.00,1.87
2017.01.20 01:47:28.788,1.07278,1.07291,1.12,1.75
2017.01.20 01:47:32.482,1.07276,1.07291,3.37,1.75
2017.01.20 01:47:33.033,1.07278,1.0729,1.00,1.75
2017.01.20 01:47:35.289,1.07277,1.07292,1.87,1.87
2017.01.20 01:47:35.593,1.0728,1.07289,1.00,1.00
2017.01.20 01:47:35.745,1.0728,1.07294,1.37,1.75
2017.01.20 01:47:35.949,1.07283,1.07296,1.00,1.87
2017.01.20 01:47:36.152,1.07284,1.07298,1.12,1.75
2017.01.20 01:47:36.708,1.07283,1.07298,1.87,1.75
2017.01.20 01:47:38.305,1.07284,1.07298,2.25,1.75
2017.01.20 01:47:38.406,1.07285,1.07298,1.37,1.75
2017.01.20 01:47:38.457,1.07285,1.07298,1.75,1.50
2017.01.20 01:47:48.406,1.07285,1.07299,1.87,1.75
2017.01.20 01:47:49.019,1.07286,1.07299,1.50,1.75
2017.01.20 01:47:49.625,1.07286,1.07299,1.50,1.75
2017.01.20 01:47:49.838,1.07288,1.07301,1.00,1.75
2017.01.20 01:47:50.418,1.07286,1.07301,2.25,1.75
2017.01.20 01:47:51.122,1.07287,1.07301,1.00,1.75
2017.01.20 01:47:51.730,1.07286,1.07301,2.25,1.75
2017.01.20 01:47:52.333,1.07286,1.07301,2.25,1.75
2017.01.20 01:48:00.304,1.07286,1.07298,2.25,1.00
2017.01.20 01:48:02.196,1.07285,1.073,2.62,1.75
2017.01.20 01:48:02.700,1.07285,1.073,1.50,1.75
2017.01.20 01:48:03.558,1.07286,1.07301,2.25,2.62
2017.01.20 01:48:06.033,1.07287,1.07298,1.37,1.00
2017.01.20 01:48:11.572,1.07285,1.07301,2.62,1.75
2017.01.20 01:48:12.073,1.07286,1.07301,2.25,1.75
2017.01.20 01:48:12.579,1.07287,1.07302,1.87,2.25
2017.01.20 01:48:14.863,1.07288,1.07302,1.00,2.25
2017.01.20 01:48:20.948,1.07287,1.07302,1.75,2.25
2017.01.20 01:48:34.909,1.07286,1.07299,1.50,1.50
2017.01.20 01:48:35.010,1.07286,1.07299,1.50,1.75
2017.01.20 01:48:38.574,1.07284,1.07296,1.87,1.00
2017.01.20 01:48:38.832,1.07284,1.07297,1.50,1.75
2017.01.20 01:48:45.531,1.07283,1.07297,2.25,1.50
2017.01.20 01:48:53.539,1.07285,1.07299,1.12,1.50
2017.01.20 01:48:53.640,1.07285,1.07299,1.12,1.50
2017.01.20 01:48:57.212,1.07285,1.07299,1.87,1.75
2017.01.20 01:48:57.314,1.07285,1.07299,1.87,1.12
2017.01.20 01:48:57.834,1.07285,1.07298,1.87,1.12
2017.01.20 01:48:58.365,1.07284,1.07298,1.75,1.50
2017.01.20 01:49:01.157,1.07283,1.07296,1.75,1.00
2017.01.20 01:49:01.564,1.07285,1.07297,1.00,1.50
2017.01.20 01:49:02.069,1.07283,1.07297,1.75,1.50
2017.01.20 01:49:05.567,1.07289,1.073,2.10,1.87
2017.01.20 01:49:05.871,1.07295,1.07305,1.72,1.10
2017.01.20 01:49:06.176,1.07294,1.07305,2.25,0.10
2017.01.20 01:49:07.780,1.07296,1.07305,1.75,0.10
2017.01.20 01:49:08.287,1.07296,1.07305,1.50,0.10
2017.01.20 01:49:09.259,1.07296,1.07305,1.75,0.10
2017.01.20 01:49:09.822,1.07296,1.07305,1.50,0.10
2017.01.20 01:49:12.357,1.07296,1.07305,1.75,0.10
2017.01.20 01:49:12.858,1.07296,1.07305,1.50,0.10
2017.01.20 01:49:14.275,1.07296,1.07305,1.75,0.10
2017.01.20 01:49:14.784,1.07297,1.07305,1.00,0.10
2017.01.20 01:49:15.478,1.07296,1.07305,1.75,0.10
2017.01.20 01:49:16.623,1.07294,1.07304,1.75,1.00
2017.01.20 01:49:16.876,1.07295,1.07305,1.50,0.60
2017.01.20 01:49:17.392,1.07295,1.07305,1.50,0.10
2017.01.20 01:49:37.484,1.07295,1.07305,1.12,0.60
2017.01.20 01:49:50.936,1.07295,1.07304,1.00,1.00
2017.01.20 01:49:51.098,1.07293,1.07302,1.35,1.00
2017.01.20 01:49:51.200,1.07295,1.07305,1.35,0.97
2017.01.20 01:49:51.724,1.07296,1.07305,1.12,0.10
2017.01.20 01:50:11.078,1.07295,1.07305,2.05,0.10
2017.01.20 01:50:11.382,1.07294,1.07301,2.10,1.00
2017.01.20 01:50:11.599,1.07288,1.07299,1.72,1.94
2017.01.20 01:50:11.650,1.0729,1.07299,1.35,1.31
2017.01.20 01:50:11.700,1.07285,1.07296,1.75,1.56
2017.01.20 01:50:11.751,1.07282,1.07296,1.87,1.00
2017.01.20 01:50:11.802,1.07282,1.07296,1.75,1.75
2017.01.20 01:50:12.073,1.07281,1.07295,1.75,2.06
2017.01.20 01:50:12.276,1.07285,1.07296,1.75,1.00
2017.01.20 01:50:12.378,1.07281,1.07295,1.75,1.00
2017.01.20 01:50:12.479,1.07281,1.07295,1.75,1.50
2017.01.20 01:50:13.207,1.07282,1.07297,1.50,1.50
2017.01.20 01:50:13.451,1.07285,1.07298,1.00,1.75
2017.01.20 01:50:13.755,1.07287,1.07299,1.00,1.87
2017.01.20 01:50:13.807,1.07288,1.07299,1.00,1.87
2017.01.20 01:50:13.977,1.0729,1.07299,1.00,1.37
2017.01.20 01:50:14.243,1.07287,1.07296,1.12,1.00
2017.01.20 01:50:14.407,1.07287,1.073,1.00,2.25
2017.01.20 01:50:14.614,1.07287,1.07302,1.50,1.87
2017.01.20 01:50:15.536,1.0729,1.07303,1.00,2.62
2017.01.20 01:50:15.799,1.07289,1.07304,1.50,1.75
2017.01.20 01:50:15.852,1.0729,1.07305,1.87,1.85
2017.01.20 01:50:15.953,1.07288,1.07302,2.25,1.00
2017.01.20 01:50:16.156,1.07295,1.07303,1.00,1.37
2017.01.20 01:50:16.484,1.073,1.07305,1.50,0.97
2017.01.20 01:50:16.537,1.07302,1.07305,1.00,0.60
2017.01.20 01:50:16.691,1.07304,1.07305,1.00,0.10
2017.01.20 01:50:16.843,1.07297,1.07305,1.75,0.10
2017.01.20 01:50:16.981,1.07297,1.07305,1.75,0.10
2017.01.20 01:50:17.104,1.07302,1.07305,1.00,0.10
2017.01.20 01:50:17.156,1.07299,1.07305,1.00,0.10
2017.01.20 01:50:17.447,1.07296,1.07305,1.50,0.10
2017.01.20 01:50:17.701,1.07293,1.07305,1.87,0.10
2017.01.20 01:50:18.037,1.07295,1.07305,1.69,0.10
2017.01.20 01:50:18.340,1.07297,1.07305,2.25,0.10
2017.01.20 01:50:18.650,1.07295,1.07305,1.50,0.10
2017.01.20 01:50:19.001,1.07294,1.07305,1.12,0.10
2017.01.20 01:50:19.723,1.07295,1.07305,1.00,0.10
2017.01.20 01:50:19.774,1.07303,1.07305,1.00,0.10
2017.01.20 01:50:20.152,1.07301,1.07305,1.00,0.10
2017.01.20 01:50:20.305,1.07297,1.07305,1.00,0.10
2017.01.20 01:50:20.948,1.07296,1.07305,1.12,0.10
2017.01.20 01:50:21.615,1.07295,1.07305,1.50,0.10
2017.01.20 01:50:22.466,1.07296,1.07305,1.00,0.10
2017.01.20 01:50:23.094,1.07297,1.07305,1.50,0.10
2017.01.20 01:50:23.145,1.07297,1.07305,2.06,0.10
2017.01.20 01:50:23.283,1.07297,1.07305,1.00,0.10
2017.01.20 01:50:24.025,1.07298,1.07305,1.00,0.10
2017.01.20 01:50:24.531,1.07296,1.07305,1.50,0.10
2017.01.20 01:50:25.066,1.07295,1.07305,1.50,0.10
2017.01.20 01:50:25.422,1.07294,1.07305,1.00,0.10
2017.01.20 01:50:27.510,1.07294,1.07305,2.25,0.10
2017.01.20 01:50:28.016,1.07294,1.07305,1.50,0.10
2017.01.20 01:50:28.997,1.07295,1.07305,1.00,0.10
2017.01.20 01:50:29.551,1.07294,1.07305,1.69,0.10
2017.01.20 01:50:29.826,1.07295,1.07305,1.69,0.10
2017.01.20 01:50:29.933,1.07295,1.07305,1.69,0.10
2017.01.20 01:50:30.237,1.07294,1.07305,1.50,0.10
2017.01.20 01:50:30.768,1.07295,1.07305,1.12,0.10
2017.01.20 01:50:31.415,1.07296,1.07305,1.00,0.10
2017.01.20 01:50:32.013,1.07297,1.07305,1.50,0.10
2017.01.20 01:50:32.562,1.07295,1.07305,1.50,0.10
2017.01.20 01:50:33.574,1.07295,1.07305,2.06,0.10
2017.01.20 01:50:37.181,1.07297,1.07305,1.00,0.10
2017.01.20 01:50:37.586,1.07296,1.07305,1.87,0.10
2017.01.20 01:50:37.687,1.07296,1.07305,1.87,0.10
2017.01.20 01:50:42.493,1.07295,1.07305,1.50,0.10
2017.01.20 01:50:44.491,1.07295,1.07305,1.12,0.10
2017.01.20 01:51:02.212,1.07296,1.07305,1.12,0.10
2017.01.20 01:51:03.988,1.07295,1.07305,1.00,0.10
2017.01.20 01:51:04.827,1.07294,1.07305,1.12,0.10
2017.01.20 01:51:05.490,1.07294,1.07305,1.50,0.10
2017.01.20 01:51:05.794,1.07295,1.07305,1.31,0.10
2017.01.20 01:51:05.896,1.07294,1.07305,1.50,0.10
2017.01.20 01:51:08.132,1.07295,1.07305,1.87,0.10
2017.01.20 01:51:14.924,1.07295,1.07305,1.31,0.10
2017.01.20 01:51:16.583,1.07296,1.07305,1.00,0.10
2017.01.20 01:51:16.684,1.07299,1.07305,1.00,0.10
2017.01.20 01:51:16.989,1.073,1.07305,1.87,0.10
2017.01.20 01:51:26.232,1.073,1.07305,1.87,0.10
2017.01.20 01:51:26.636,1.07297,1.07305,1.37,0.10
2017.01.20 01:51:27.147,1.07296,1.07305,1.87,0.10
2017.01.20 01:51:35.162,1.07295,1.07305,1.87,0.10
2017.01.20 01:51:38.160,1.07296,1.07305,1.87,0.10
2017.01.20 01:51:38.667,1.07295,1.07305,1.37,0.10
2017.01.20 01:51:43.166,1.07293,1.07305,2.25,0.10
2017.01.20 01:51:43.895,1.07293,1.07305,1.50,0.10
2017.01.20 01:51:44.401,1.07293,1.07305,1.75,0.10
2017.01.20 01:51:46.469,1.07294,1.07305,1.50,0.10
2017.01.20 01:51:48.294,1.07292,1.07305,1.75,0.10
2017.01.20 01:51:48.520,1.07292,1.07305,1.50,0.10
2017.01.20 01:51:49.023,1.07292,1.07305,1.75,0.10
2017.01.20 01:51:56.032,1.07294,1.07305,1.50,0.10
2017.01.20 01:51:56.535,1.07293,1.07305,2.25,0.10
2017.01.20 01:51:56.636,1.07293,1.07305,2.25,0.10
2017.01.20 01:52:01.779,1.07291,1.07304,1.75,1.00
2017.01.20 01:52:02.052,1.07289,1.07304,2.25,1.12
2017.01.20 01:52:02.832,1.07289,1.07304,2.25,1.00
2017.01.20 01:52:04.235,1.07293,1.07305,1.00,0.97
2017.01.20 01:52:04.741,1.07291,1.07305,1.12,0.10
2017.01.20 01:52:05.502,1.07292,1.07305,1.00,1.60
2017.01.20 01:52:06.105,1.07289,1.07304,3.00,1.00
2017.01.20 01:52:06.852,1.07289,1.07305,2.62,2.10
2017.01.20 01:52:12.701,1.07289,1.07304,2.62,1.00
2017.01.20 01:52:15.989,1.0729,1.07305,1.75,1.60
2017.01.20 01:52:16.535,1.0729,1.07305,1.50,3.47
2017.01.20 01:52:18.045,1.0729,1.07305,1.75,3.10
2017.01.20 01:52:18.451,1.07289,1.07303,1.12,1.00
2017.01.20 01:52:18.670,1.07287,1.07303,2.62,1.50
2017.01.20 01:52:19.212,1.0729,1.07304,1.37,1.12
2017.01.20 01:52:19.585,1.07287,1.07302,2.62,1.00
2017.01.20 01:52:21.317,1.07287,1.07301,1.87,1.00
2017.01.20 01:52:21.470,1.07287,1.07299,1.00,1.00
2017.01.20 01:52:21.521,1.07284,1.07295,1.75,1.00
2017.01.20 01:52:21.674,1.07283,1.07293,1.00,1.00
2017.01.20 01:52:21.978,1.0728,1.07292,1.50,1.00
2017.01.20 01:52:22.511,1.0728,1.07293,1.50,1.00
2017.01.20 01:52:23.018,1.0728,1.07293,1.75,1.00
2017.01.20 01:52:23.526,1.0728,1.07294,1.12,1.00
2017.01.20 01:52:23.577,1.0728,1.07294,1.87,1.12
2017.01.20 01:52:23.883,1.0728,1.07294,1.87,1.00
2017.01.20 01:52:24.394,1.07281,1.07295,1.75,1.00
2017.01.20 01:52:25.251,1.07283,1.07297,1.00,1.50
2017.01.20 01:52:25.759,1.07283,1.07297,1.37,1.12
2017.01.20 01:52:29.173,1.07283,1.07296,1.37,1.00
2017.01.20 01:52:29.711,1.07282,1.07297,1.12,1.12
2017.01.20 01:52:30.534,1.07282,1.07295,1.12,1.00
2017.01.20 01:52:31.075,1.07282,1.07296,1.12,1.00
2017.01.20 01:52:32.863,1.07282,1.07295,1.12,1.00
2017.01.20 01:52:33.319,1.0728,1.07293,2.25,1.00
2017.01.20 01:52:33.370,1.07279,1.07293,1.12,1.00
2017.01.20 01:52:33.897,1.07279,1.07293,1.37,1.12
2017.01.20 01:52:34.875,1.07279,1.07292,1.37,1.00
2017.01.20 01:52:35.709,1.07278,1.07291,1.12,1.00
2017.01.20 01:52:35.974,1.07277,1.07293,1.50,1.75
2017.01.20 01:52:36.278,1.07278,1.07293,1.12,1.12
2017.01.20 01:52:36.583,1.07278,1.07291,1.12,1.00
2017.01.20 01:52:36.937,1.07277,1.07293,2.62,1.12
2017.01.20 01:52:36.988,1.07277,1.07292,1.87,1.50
2017.01.20 01:52:37.292,1.07278,1.07292,1.75,1.00
2017.01.20 01:52:39.114,1.07278,1.07294,2.62,1.87
2017.01.20 01:52:39.672,1.07278,1.07293,1.87,1.00
2017.01.20 01:52:40.913,1.07279,1.07293,1.50,1.12
2017.01.20 01:52:41.703,1.07279,1.07293,1.12,1.00
2017.01.20 01:52:42.361,1.07279,1.07294,1.87,1.50
2017.01.20 01:52:47.923,1.07279,1.07295,1.75,1.50
2017.01.20 01:52:48.355,1.07283,1.07298,1.50,1.75
2017.01.20 01:52:48.406,1.07283,1.07298,2.25,1.37
2017.01.20 01:52:48.660,1.07281,1.07295,1.87,1.00
2017.01.20 01:52:48.853,1.07283,1.07299,1.50,1.75
2017.01.20 01:52:49.482,1.07282,1.07296,1.87,1.00
2017.01.20 01:52:49.685,1.0728,1.07294,2.25,1.00
2017.01.20 01:52:49.837,1.0728,1.07294,1.12,1.00
2017.01.20 01:52:51.300,1.0728,1.07294,1.50,1.12
2017.01.20 01:52:51.842,1.0728,1.07296,2.25,1.50
2017.01.20 01:52:52.366,1.07279,1.07294,2.62,1.00
2017.01.20 01:52:52.569,1.07279,1.07294,2.25,1.50
2017.01.20 01:52:53.134,1.07279,1.07293,2.25,1.00
2017.01.20 01:52:53.708,1.07279,1.07294,1.75,1.50
2017.01.20 01:52:59.205,1.07279,1.07294,1.87,1.75
2017.01.20 01:52:59.514,1.07281,1.07297,1.50,1.75
2017.01.20 01:53:02.255,1.07282,1.07298,2.25,1.75
2017.01.20 01:53:04.009,1.07282,1.07295,1.50,1.00
2017.01.20 01:53:04.323,1.07279,1.07293,2.25,1.00
2017.01.20 01:53:04.424,1.07279,1.07293,1.50,1.12
2017.01.20 01:53:06.800,1.07279,1.07292,1.50,1.00
2017.01.20 01:53:06.952,1.07281,1.07296,1.12,1.75
2017.01.20 01:53:07.459,1.07281,1.07296,1.75,1.12
2017.01.20 01:53:07.957,1.07281,1.07294,1.75,1.00
2017.01.20 01:53:08.472,1.07281,1.07295,1.50,1.12
2017.01.20 01:53:09.194,1.07281,1.07294,1.50,1.00
2017.01.20 01:53:11.571,1.07281,1.07295,1.50,1.12
2017.01.20 01:53:12.853,1.07281,1.07296,2.25,1.12
2017.01.20 01:53:16.867,1.07283,1.07297,2.25,1.12
2017.01.20 01:53:22.610,1.07286,1.07301,1.00,1.87
2017.01.20 01:53:22.762,1.07286,1.07302,1.87,1.75
2017.01.20 01:53:22.965,1.07288,1.07304,1.00,1.75
2017.01.20 01:53:23.067,1.07289,1.07304,1.12,1.75
2017.01.20 01:53:23.573,1.07287,1.07301,1.75,1.00
2017.01.20 01:53:24.281,1.07287,1.07301,1.50,1.12
2017.01.20 01:53:26.565,1.07286,1.073,1.75,1.00
2017.01.20 01:53:27.075,1.07285,1.07299,1.75,1.00
2017.01.20 01:53:27.178,1.07285,1.073,1.75,1.50
2017.01.20 01:53:27.483,1.07283,1.07298,1.12,1.00
2017.01.20 01:53:27.684,1.0728,1.07297,2.62,1.87
2017.01.20 01:53:28.192,1.07282,1.07297,2.25,1.50
2017.01.20 01:53:28.729,1.07281,1.07297,2.62,1.12
2017.01.20 01:53:40.921,1.07281,1.07298,3.37,2.25
2017.01.20 01:54:00.522,1.07283,1.07299,1.12,1.87
2017.01.20 01:54:14.179,1.07284,1.073,1.75,1.50
2017.01.20 01:54:19.079,1.07284,1.073,1.12,1.50
2017.01.20 01:54:19.598,1.07284,1.07301,1.87,2.25
2017.01.20 01:54:20.858,1.07282,1.07299,2.62,2.25
2017.01.20 01:54:21.393,1.07284,1.073,1.75,2.25
2017.01.20 01:54:24.923,1.07284,1.073,2.62,1.00
2017.01.20 01:54:25.494,1.07285,1.07301,1.87,1.00
2017.01.20 01:54:32.905,1.07288,1.07304,1.12,2.62
2017.01.20 01:54:34.019,1.07289,1.07305,1.12,2.47
2017.01.20 01:54:35.633,1.07289,1.07305,1.12,2.10
2017.01.20 01:54:36.510,1.07291,1.07305,1.87,0.10
2017.01.20 01:54:38.035,1.07293,1.07305,1.87,0.10
2017.01.20 01:54:40.913,1.07293,1.07305,1.12,0.10
2017.01.20 01:54:41.858,1.07292,1.07305,1.12,0.10
2017.01.20 01:54:45.755,1.07292,1.07305,1.87,0.10
2017.01.20 01:54:48.169,1.07292,1.07305,1.12,0.10
2017.01.20 01:54:49.660,1.07289,1.07304,1.12,1.12
2017.01.20 01:54:49.863,1.07287,1.07303,1.12,1.50
2017.01.20 01:54:50.375,1.07287,1.07303,1.12,1.87
2017.01.20 01:54:51.449,1.07286,1.07302,1.12,1.50
2017.01.20 01:54:56.044,1.07287,1.07304,2.62,1.75
2017.01.20 01:54:56.764,1.0729,1.07305,1.00,1.85
2017.01.20 01:54:56.865,1.07292,1.07305,1.00,0.85
2017.01.20 01:54:56.967,1.07292,1.07305,1.50,0.10
2017.01.20 01:54:57.573,1.07291,1.07305,1.37,0.60
2017.01.20 01:54:59.649,1.07289,1.07305,1.37,2.47
2017.01.20 01:54:59.700,1.07289,1.07305,1.37,2.35
2017.01.20 01:55:17.970,1.07288,1.07302,1.12,1.00
2017.01.20 01:55:18.548,1.07287,1.07302,1.87,1.12
2017.01.20 01:55:19.709,1.07287,1.07294,1.12,1.00
2017.01.20 01:55:19.945,1.07277,1.07293,1.75,1.00
2017.01.20 01:55:20.024,1.07277,1.07293,1.75,1.12
2017.01.20 01:55:21.685,1.07277,1.07292,1.12,1.00
2017.01.20 01:55:22.235,1.07275,1.07291,1.87,1.00
2017.01.20 01:55:25.257,1.07277,1.07294,1.75,1.75
2017.01.20 01:55:27.554,1.07278,1.07295,2.62,1.50
2017.01.20 01:55:29.777,1.07278,1.07294,1.12,1.12
2017.01.20 01:55:30.045,1.0728,1.07293,1.00,1.00
2017.01.20 01:55:30.877,1.07279,1.07294,1.87,1.00
2017.01.20 01:55:31.387,1.0728,1.07295,1.12,1.12
2017.01.20 01:55:31.926,1.07279,1.07294,1.12,1.00
2017.01.20 01:55:32.440,1.07279,1.07295,1.12,1.50
2017.01.20 01:55:32.964,1.07279,1.07294,1.87,1.00
2017.01.20 01:55:34.720,1.07279,1.07295,1.12,1.50
2017.01.20 01:55:37.108,1.07279,1.07294,1.12,1.00
2017.01.20 01:55:37.473,1.0728,1.07293,1.12,1.00
2017.01.20 01:55:37.998,1.07281,1.07295,1.12,1.87
2017.01.20 01:55:39.620,1.07281,1.07297,3.00,1.12
2017.01.20 01:55:39.721,1.07282,1.07297,1.87,1.00
2017.01.20 01:55:42.238,1.07284,1.07299,1.37,1.75
2017.01.20 01:55:42.391,1.07284,1.07299,1.37,1.50
2017.01.20 01:55:43.084,1.07285,1.07299,1.00,1.37
2017.01.20 01:55:43.936,1.07284,1.07297,1.37,1.00
2017.01.20 01:55:44.088,1.0728,1.07295,2.25,1.00
2017.01.20 01:55:44.312,1.07282,1.07299,1.12,1.75
2017.01.20 01:55:44.413,1.07282,1.07299,1.50,1.75
2017.01.20 01:55:44.464,1.07282,1.07299,1.87,1.50
2017.01.20 01:55:48.949,1.07282,1.07299,2.62,1.75
2017.01.20 01:55:49.202,1.07285,1.073,1.37,1.12
2017.01.20 01:55:49.354,1.07285,1.07301,2.62,1.00
2017.01.20 01:55:50.097,1.07285,1.073,1.87,1.00
2017.01.20 01:55:50.198,1.07285,1.073,1.50,1.87
2017.01.20 01:55:51.109,1.07285,1.07299,1.00,1.50
2017.01.20 01:55:52.072,1.07286,1.07299,1.50,1.37
2017.01.20 01:55:52.123,1.07291,1.07304,1.50,1.12
2017.01.20 01:55:52.276,1.07291,1.07305,2.25,0.85
2017.01.20 01:55:52.377,1.07293,1.07305,1.37,0.97
2017.01.20 01:55:52.982,1.07293,1.07305,1.50,0.10
2017.01.20 01:55:55.355,1.07296,1.07305,1.00,0.10
2017.01.20 01:55:55.456,1.07294,1.07305,1.00,0.10
2017.01.20 01:55:55.730,1.0729,1.07305,1.75,0.47
2017.01.20 01:55:55.832,1.0729,1.07305,1.50,0.97
2017.01.20 01:55:56.372,1.0729,1.07305,2.25,0.85
2017.01.20 01:55:57.105,1.07291,1.07305,1.00,0.97
2017.01.20 01:55:58.033,1.07291,1.07305,1.69,0.97
2017.01.20 01:55:58.568,1.07289,1.07305,1.50,0.85
2017.01.20 01:55:59.713,1.07289,1.07298,1.87,1.00
2017.01.20 01:56:00.029,1.07284,1.07292,1.87,1.00
2017.01.20 01:56:00.080,1.07284,1.07292,1.00,1.00
2017.01.20 01:56:06.217,1.07284,1.07291,1.00,1.00
2017.01.20 01:56:06.470,1.07283,1.07294,2.25,1.00
2017.01.20 01:56:06.520,1.07284,1.07292,1.37,1.00
2017.01.20 01:56:06.571,1.07284,1.07295,1.50,1.00
2017.01.20 01:56:06.623,1.07285,1.07293,1.12,1.00
2017.01.20 01:56:06.927,1.07283,1.0729,1.00,1.00
2017.01.20 01:56:23.484,1.07282,1.0729,1.12,1.00
2017.01.20 01:56:23.788,1.07282,1.07288,1.50,1.00
2017.01.20 01:56:33.927,1.07281,1.07288,1.12,1.00
2017.01.20 01:56:35.320,1.07282,1.07288,1.00,1.00
2017.01.20 01:56:40.358,1.07283,1.07288,1.00,1.00
2017.01.20 01:56:41.120,1.07283,1.07289,1.00,1.00
2017.01.20 01:56:41.222,1.07282,1.07292,1.00,1.00
2017.01.20 01:56:41.274,1.07282,1.0729,1.00,1.00
2017.01.20 01:56:41.527,1.07283,1.07292,1.00,1.00
2017.01.20 01:56:41.816,1.07281,1.07293,1.50,1.00
2017.01.20 01:56:41.866,1.07283,1.07289,1.00,1.00
2017.01.20 01:56:41.917,1.07283,1.07291,1.00,1.00
2017.01.20 01:56:42.069,1.07285,1.07293,1.00,1.50
2017.01.20 01:56:42.423,1.07285,1.07294,1.12,1.00
2017.01.20 01:56:42.525,1.07285,1.07292,1.12,1.00
2017.01.20 01:56:42.576,1.07285,1.07294,1.12,1.00
2017.01.20 01:56:42.627,1.07285,1.07292,1.12,1.00
2017.01.20 01:56:42.728,1.07285,1.07294,1.12,1.00
2017.01.20 01:56:43.033,1.07285,1.07296,1.12,1.12
2017.01.20 01:56:43.084,1.07285,1.07293,1.12,1.00
2017.01.20 01:56:45.416,1.07284,1.07297,1.87,1.50
2017.01.20 01:56:45.467,1.07286,1.07297,2.25,1.50
2017.01.20 01:56:45.772,1.07288,1.07296,1.50,1.00
2017.01.20 01:56:45.924,1.07288,1.07298,1.00,1.00
2017.01.20 01:56:46.514,1.07288,1.07297,1.00,1.00
2017.01.20 01:56:48.605,1.07287,1.07295,2.62,1.00
2017.01.20 01:56:49.126,1.07287,1.07295,1.37,1.00
2017.01.20 01:56:49.430,1.07287,1.07293,1.37,1.00
2017.01.20 01:56:49.684,1.07285,1.07294,1.50,1.00
2017.01.20 01:56:49.937,1.07285,1.07292,1.37,1.00
2017.01.20 01:56:50.443,1.07284,1.07291,1.50,1.00
2017.01.20 01:57:03.344,1.07284,1.07289,1.37,1.00
2017.01.20 01:57:03.641,1.07281,1.07288,1.50,1.00
2017.01.20 01:57:03.922,1.07282,1.0729,1.50,1.00
2017.01.20 01:57:03.973,1.07284,1.0729,1.37,1.00
2017.01.20 01:57:04.080,1.07282,1.0729,1.00,1.00
2017.01.20 01:57:04.131,1.07282,1.07288,1.00,1.00
2017.01.20 01:57:08.145,1.07289,1.07293,1.00,1.00
2017.01.20 01:57:08.197,1.07287,1.07296,1.00,1.75
2017.01.20 01:57:08.349,1.07288,1.07297,1.37,1.37
2017.01.20 01:57:08.400,1.07288,1.07297,1.37,1.00
2017.01.20 01:57:08.451,1.07287,1.07295,1.37,1.00
2017.01.20 01:57:08.603,1.07286,1.07297,1.37,1.50
2017.01.20 01:57:08.805,1.07288,1.07298,2.25,1.12
2017.01.20 01:57:09.324,1.07289,1.07298,1.87,1.00
2017.01.20 01:57:10.899,1.07289,1.07297,1.37,1.00
2017.01.20 01:57:11.202,1.07285,1.07293,1.00,1.00
2017.01.20 01:57:11.896,1.07284,1.07291,1.50,1.00
2017.01.20 01:57:12.200,1.07283,1.0729,1.00,1.00
2017.01.20 01:57:12.402,1.07281,1.07289,1.87,1.00
2017.01.20 01:57:14.207,1.07283,1.07289,1.00,1.00
2017.01.20 01:57:14.279,1.07286,1.07293,1.12,1.12
2017.01.20 01:57:14.330,1.07288,1.07296,1.87,1.75
2017.01.20 01:57:14.482,1.07288,1.07301,1.37,1.50
2017.01.20 01:57:14.533,1.07286,1.073,1.87,1.12
2017.01.20 01:57:14.584,1.07286,1.073,1.12,1.00
2017.01.20 01:57:15.089,1.07287,1.07302,2.25,1.12
2017.01.20 01:57:16.799,1.07287,1.073,1.37,1.00
2017.01.20 01:57:17.384,1.07287,1.07302,1.87,1.50
2017.01.20 01:57:24.731,1.07286,1.07302,2.25,1.75
2017.01.20 01:57:36.212,1.07284,1.07299,1.12,1.00
2017.01.20 01:57:36.467,1.07283,1.07298,1.87,1.12
2017.01.20 01:57:36.518,1.07282,1.07296,1.12,1.00
2017.01.20 01:57:36.671,1.0728,1.07296,2.62,1.12
2017.01.20 01:57:41.060,1.07287,1.07297,1.00,1.37
2017.01.20 01:57:41.377,1.07291,1.07298,1.00,1.37
2017.01.20 01:57:41.462,1.07293,1.07305,1.00,1.35
2017.01.20 01:57:41.621,1.07291,1.07305,1.00,0.85
2017.01.20 01:57:41.773,1.07288,1.07304,1.50,1.75
2017.01.20 01:57:42.276,1.07288,1.07304,1.12,1.75
2017.01.20 01:57:43.522,1.07289,1.07302,1.12,1.00
2017.01.20 01:57:45.029,1.0729,1.07305,1.00,1.35
2017.01.20 01:57:48.425,1.07289,1.07305,1.50,1.85
2017.01.20 01:57:51.840,1.0729,1.07305,1.00,0.85
2017.01.20 01:57:52.144,1.07292,1.07305,1.00,0.85
2017.01.20 01:57:52.296,1.07292,1.07305,1.00,0.97
2017.01.20 01:57:52.801,1.07292,1.07305,1.50,0.60
2017.01.20 01:57:58.398,1.07293,1.07305,1.00,0.60
2017.01.20 01:58:07.961,1.07293,1.07305,1.50,0.60
2017.01.20 01:58:08.012,1.07293,1.07305,2.44,0.60
2017.01.20 01:58:08.518,1.07295,1.07305,2.44,0.10
2017.01.20 01:58:09.189,1.07299,1.07305,1.25,0.10
2017.01.20 01:58:10.947,1.07297,1.07305,1.69,0.10
2017.01.20 01:58:11.453,1.07299,1.07305,1.25,0.10
2017.01.20 01:58:17.112,1.07297,1.07305,1.69,0.10
2017.01.20 01:58:17.640,1.07297,1.07305,1.94,0.10
2017.01.20 01:58:18.146,1.07297,1.07305,2.44,0.10
2017.01.20 01:58:19.307,1.07297,1.07305,2.44,0.10
2017.01.20 01:58:20.182,1.07297,1.07305,1.94,0.10
2017.01.20 01:58:20.584,1.07297,1.07305,1.94,0.10
2017.01.20 01:58:23.620,1.07297,1.07305,1.25,0.10
2017.01.20 01:58:26.618,1.07295,1.07305,1.94,0.10
2017.01.20 01:58:27.295,1.07295,1.07305,3.19,0.10
2017.01.20 01:58:27.397,1.07295,1.07305,3.19,0.10
2017.01.20 01:58:34.637,1.07295,1.07305,2.44,0.10
2017.01.20 01:58:38.345,1.07295,1.07305,1.94,0.10
2017.01.20 01:58:46.140,1.07295,1.07305,2.44,0.10
2017.01.20 01:58:49.732,1.07296,1.07305,1.25,0.10
2017.01.20 01:58:50.357,1.07294,1.07305,1.25,0.10
2017.01.20 01:58:52.412,1.07293,1.07305,4.31,0.10
2017.01.20 01:58:52.518,1.07294,1.07305,1.25,0.10
2017.01.20 01:58:57.319,1.07293,1.07305,3.49,0.10
2017.01.20 01:59:00.119,1.07294,1.07305,1.16,0.10
2017.01.20 01:59:00.562,1.07293,1.07305,3.49,0.10
2017.01.20 01:59:03.170,1.07294,1.07305,1.49,0.10
2017.01.20 01:59:03.737,1.07294,1.07305,1.62,0.60
2017.01.20 01:59:07.132,1.07294,1.07305,1.99,0.10
2017.01.20 01:59:09.634,1.07294,1.07305,1.99,0.10
2017.01.20 01:59:11.040,1.07294,1.07305,2.74,0.10
2017.01.20 01:59:12.565,1.07294,1.07305,2.74,0.10
2017.01.20 01:59:14.863,1.07294,1.07305,1.87,0.10
2017.01.20 01:59:17.538,1.07294,1.07305,1.62,0.60
2017.01.20 01:59:20.378,1.07295,1.07305,1.62,0.10
2017.01.20 01:59:29.264,1.07294,1.07305,1.69,0.10
2017.01.20 01:59:30.258,1.07294,1.07305,3.19,0.10
2017.01.20 01:59:30.764,1.07296,1.07305,1.25,0.60
2017.01.20 01:59:31.960,1.07294,1.07305,2.44,0.60
2017.01.20 01:59:33.356,1.07293,1.07305,1.12,0.10
2017.01.20 01:59:33.899,1.07292,1.07305,1.12,0.97
2017.01.20 01:59:34.561,1.07293,1.07305,1.00,0.97
2017.01.20 01:59:35.233,1.07292,1.07305,1.87,0.97
2017.01.20 01:59:36.150,1.07293,1.07305,1.00,0.97
2017.01.20 01:59:36.689,1.07292,1.07305,2.44,0.97
2017.01.20 01:59:36.947,1.07298,1.07305,1.00,0.97
2017.01.20 01:59:37.150,1.07292,1.07305,2.81,0.60
2017.01.20 01:59:37.252,1.07292,1.07305,2.44,0.10
2017.01.20 01:59:37.690,1.07294,1.07305,1.56,0.60
2017.01.20 01:59:39.519,1.07294,1.07305,1.69,0.10
2017.01.20 01:59:41.662,1.07297,1.07305,1.31,0.10
2017.01.20 01:59:43.692,1.07296,1.07305,1.56,0.60
2017.01.20 01:59:43.894,1.07296,1.07305,1.31,0.60
2017.01.20 01:59:47.702,1.07296,1.07305,1.56,0.60
2017.01.20 01:59:50.600,1.07295,1.07305,1.56,0.60
2017.01.20 01:59:55.705,1.07295,1.07305,1.31,0.60
2017.01.20 01:59:56.818,1.07292,1.07305,3.56,0.60
2017.01.20 01:59:58.472,1.07292,1.07305,3.56,0.60
2017.01.20 01:59:59.819,1.07292,1.07305,3.56,0.60
