2018.03.20 21:00:00.116,1.17077,1.17105,0.37,0.37
2018.03.20 21:00:00.217,1.17068,1.17115,1.50,1.10
2018.03.20 21:00:00.488,1.17072,1.171,0.75,0.75
2018.03.20 21:00:00.621,1.17069,1.17111,0.75,0.75
2018.03.20 21:00:01.167,1.17068,1.17115,1.50,0.10
2018.03.20 21:00:01.550,1.17055,1.17115,0.75,0.10
2018.03.20 21:00:06.452,1.17053,1.17115,0.37,0.10
2018.03.20 21:00:06.505,1.17043,1.17115,0.75,0.10
2018.03.20 21:00:14.398,1.17051,1.17115,0.52,0.10
2018.03.20 21:00:15.850,1.1705,1.17115,0.75,0.10
2018.03.20 21:00:22.945,1.17049,1.17115,0.75,0.10
2018.03.20 21:00:39.534,1.17048,1.17115,0.75,0.10
2018.03.20 21:00:51.205,1.17056,1.17115,0.75,0.10
2018.03.20 21:00:51.851,1.17057,1.17115,0.75,0.10
2018.03.20 21:00:54.329,1.17058,1.17115,0.75,0.10
2018.03.20 21:00:56.548,1.17057,1.17115,0.75,0.10
2018.03.20 21:01:01.929,1.17064,1.17115,0.75,0.10
2018.03.20 21:01:02.454,1.17071,1.17115,0.75,0.10
2018.03.20 21:01:29.876,1.1707,1.17115,0.75,0.10
2018.03.20 21:01:29.930,1.17052,1.17115,0.75,0.10
2018.03.20 21:01:29.981,1.17049,1.17115,0.60,0.10
2018.03.20 21:01:35.175,1.17065,1.17115,0.75,0.10
2018.03.20 21:01:36.054,1.17064,1.17115,0.75,0.10
2018.03.20 21:01:36.594,1.17061,1.17115,0.75,0.10
2018.03.20 21:01:52.283,1.1706,1.17115,0.75,0.10
2018.03.20 21:02:00.071,1.17063,1.17115,0.75,0.10
2018.03.20 21:02:26.985,1.17058,1.17115,0.75,0.10
2018.03.20 21:02:33.828,1.17059,1.17115,0.75,0.10
2018.03.20 21:02:33.930,1.17057,1.17115,0.75,0.10
2018.03.20 21:02:39.819,1.17057,1.17114,0.75,0.75
2018.03.20 21:02:41.726,1.1706,1.17114,0.75,0.75
2018.03.20 21:02:50.644,1.17061,1.17114,0.75,0.75
2018.03.20 21:02:56.531,1.17062,1.17114,0.75,0.75
2018.03.20 21:03:05.138,1.17063,1.17114,0.75,0.75
2018.03.20 21:03:25.121,1.17059,1.17114,0.75,0.75
2018.03.20 21:03:25.765,1.17058,1.17114,0.75,0.75
2018.03.20 21:03:28.125,1.17057,1.17114,0.75,0.75
2018.03.20 21:03:28.845,1.17058,1.17114,0.75,0.75
2018.03.20 21:03:29.122,1.17053,1.17115,0.75,0.10
2018.03.20 21:03:57.362,1.1706,1.17115,0.75,0.10
2018.03.20 21:04:03.752,1.17075,1.17115,1.00,0.10
2018.03.20 21:04:08.095,1.17074,1.17115,1.50,0.10
2018.03.20 21:04:09.612,1.1706,1.17115,1.00,0.10
2018.03.20 21:04:10.220,1.17061,1.17115,1.00,0.10
2018.03.20 21:04:20.803,1.1706,1.17115,1.00,0.10
2018.03.20 21:04:37.143,1.17059,1.17115,1.00,0.10
2018.03.20 21:04:38.172,1.17054,1.17107,1.00,1.00
2018.03.20 21:04:38.691,1.17056,1.17107,1.00,1.00
2018.03.20 21:04:39.547,1.17054,1.17107,1.00,1.00
2018.03.20 21:04:42.075,1.17054,1.17092,1.00,1.00
2018.03.20 21:04:42.263,1.1705,1.17092,1.00,1.00
2018.03.20 21:04:42.931,1.17051,1.17092,1.00,1.00
2018.03.20 21:04:45.876,1.17048,1.1708,1.00,1.00
2018.03.20 21:04:52.555,1.17054,1.17113,1.00,1.00
2018.03.20 21:04:52.709,1.17057,1.17113,1.00,1.00
2018.03.20 21:04:52.886,1.17054,1.17113,1.00,1.00
2018.03.20 21:04:53.659,1.17054,1.17115,1.00,0.10
2018.03.20 21:05:00.055,1.17058,1.17115,1.00,0.10
2018.03.20 21:05:03.804,1.17057,1.17115,1.00,0.10
2018.03.20 21:05:04.843,1.17058,1.17094,1.00,1.00
2018.03.20 21:05:07.842,1.17059,1.17094,1.00,1.00
2018.03.20 21:05:09.747,1.1706,1.17094,1.00,1.00
2018.03.20 21:05:17.010,1.1706,1.1709,1.00,1.00
2018.03.20 21:05:17.556,1.17059,1.1709,1.00,1.00
2018.03.20 21:05:18.726,1.17056,1.1709,1.00,1.00
2018.03.20 21:05:22.080,1.17056,1.17091,1.50,1.00
2018.03.20 21:05:31.840,1.17056,1.1709,1.00,1.00
2018.03.20 21:05:31.979,1.17054,1.1709,1.50,1.00
2018.03.20 21:05:33.594,1.17053,1.17088,1.50,1.00
2018.03.20 21:05:36.698,1.17052,1.17086,1.19,1.00
2018.03.20 21:05:38.312,1.17053,1.17084,1.19,1.00
2018.03.20 21:05:39.222,1.17053,1.17085,1.19,1.00
2018.03.20 21:05:39.556,1.17053,1.17087,1.19,1.00
2018.03.20 21:05:40.392,1.17052,1.17086,1.19,1.00
2018.03.20 21:05:42.214,1.17053,1.17088,1.19,1.00
2018.03.20 21:05:43.871,1.17052,1.17086,1.19,1.00
2018.03.20 21:05:45.209,1.17053,1.17088,1.19,1.00
2018.03.20 21:05:46.447,1.17052,1.17086,1.19,1.00
2018.03.20 21:05:52.911,1.17053,1.17088,1.69,1.00
2018.03.20 21:05:53.673,1.17053,1.17088,1.69,1.00
2018.03.20 21:05:54.208,1.17053,1.17086,1.19,1.00
2018.03.20 21:06:00.168,1.17054,1.17087,1.19,1.00
2018.03.20 21:06:00.698,1.17055,1.17088,1.69,1.00
2018.03.20 21:06:01.114,1.17056,1.1709,1.19,1.00
2018.03.20 21:06:02.251,1.17056,1.1709,1.19,1.00
2018.03.20 21:06:02.797,1.17058,1.17091,1.25,1.00
2018.03.20 21:06:03.007,1.17055,1.17089,1.19,1.00
2018.03.20 21:06:03.298,1.17058,1.17091,1.25,1.00
2018.03.20 21:06:03.836,1.17056,1.17089,1.19,1.00
2018.03.20 21:06:04.159,1.17058,1.17091,1.00,1.00
2018.03.20 21:06:09.449,1.17055,1.17088,1.19,1.00
2018.03.20 21:06:10.615,1.17058,1.17091,1.00,1.00
2018.03.20 21:06:10.976,1.17059,1.17093,1.00,1.00
2018.03.20 21:06:17.185,1.17065,1.17099,1.00,1.00
2018.03.20 21:06:18.951,1.17067,1.17101,1.00,1.00
2018.03.20 21:06:19.256,1.17065,1.17099,1.00,1.00
2018.03.20 21:06:21.950,1.17068,1.17104,1.00,1.00
2018.03.20 21:06:22.258,1.17065,1.171,1.00,1.00
2018.03.20 21:06:22.604,1.17073,1.17108,1.00,1.00
2018.03.20 21:06:23.253,1.17075,1.17112,1.00,1.00
2018.03.20 21:06:23.678,1.17072,1.17108,1.00,1.00
2018.03.20 21:06:25.057,1.17076,1.17112,1.00,1.00
2018.03.20 21:06:25.438,1.17083,1.17115,1.00,0.10
2018.03.20 21:06:37.253,1.17081,1.17115,1.00,0.10
2018.03.20 21:06:38.400,1.17085,1.17115,1.00,0.10
2018.03.20 21:06:41.403,1.17086,1.17115,1.00,0.10
2018.03.20 21:06:44.448,1.17085,1.17115,1.00,0.10
2018.03.20 21:06:45.029,1.17084,1.17115,1.00,0.10
2018.03.20 21:06:45.524,1.17086,1.17115,1.00,0.10
2018.03.20 21:06:47.446,1.17084,1.17115,1.00,0.10
2018.03.20 21:06:49.256,1.17085,1.17115,1.00,0.10
2018.03.20 21:06:50.916,1.17084,1.17115,1.00,0.10
2018.03.20 21:06:51.247,1.17086,1.17115,1.00,0.10
2018.03.20 21:06:52.237,1.17084,1.17115,1.00,0.10
2018.03.20 21:06:53.252,1.17085,1.17115,1.00,0.10
2018.03.20 21:06:54.115,1.17087,1.17115,1.00,0.10
2018.03.20 21:06:54.408,1.17085,1.17115,1.00,0.10
2018.03.20 21:06:58.390,1.17086,1.17115,1.00,0.10
2018.03.20 21:06:59.029,1.17088,1.17115,1.00,0.10
2018.03.20 21:07:00.079,1.17086,1.17115,1.00,0.10
2018.03.20 21:07:00.447,1.17089,1.17115,1.00,0.10
2018.03.20 21:07:01.260,1.17086,1.17115,1.00,0.10
2018.03.20 21:07:01.595,1.17083,1.17115,1.00,0.10
2018.03.20 21:07:02.219,1.17085,1.17115,1.00,0.10
2018.03.20 21:07:03.551,1.17082,1.17115,1.00,0.10
2018.03.20 21:07:04.209,1.17084,1.17115,1.00,0.10
2018.03.20 21:07:12.229,1.17086,1.17115,1.00,0.10
2018.03.20 21:07:16.935,1.17088,1.17115,1.00,0.10
2018.03.20 21:07:17.497,1.17085,1.17115,1.00,0.10
2018.03.20 21:07:30.083,1.17086,1.17115,1.00,0.10
2018.03.20 21:07:35.484,1.17083,1.17115,1.00,0.10
2018.03.20 21:07:47.042,1.17087,1.17115,1.00,0.10
2018.03.20 21:08:02.029,1.17088,1.17115,1.00,0.10
2018.03.20 21:08:11.046,1.17092,1.17115,1.00,0.10
2018.03.20 21:08:16.315,1.17094,1.17115,1.00,0.10
2018.03.20 21:08:18.380,1.17096,1.17115,1.00,0.10
2018.03.20 21:08:20.705,1.17098,1.17115,1.00,0.10
2018.03.20 21:08:22.038,1.17096,1.17115,1.00,0.10
2018.03.20 21:08:29.906,1.17091,1.17115,1.00,0.10
2018.03.20 21:08:32.393,1.17087,1.17115,1.00,0.10
2018.03.20 21:08:35.020,1.17088,1.17115,1.00,0.10
2018.03.20 21:08:38.342,1.17086,1.17115,1.00,0.10
2018.03.20 21:08:50.071,1.17087,1.17115,1.00,0.10
2018.03.20 21:08:55.043,1.17085,1.17115,1.00,0.10
2018.03.20 21:08:58.341,1.17083,1.17115,1.00,0.10
2018.03.20 21:09:02.888,1.17084,1.17115,1.00,0.10
2018.03.20 21:09:08.059,1.17086,1.17115,1.00,0.10
2018.03.20 21:09:11.254,1.17084,1.17115,1.00,0.10
2018.03.20 21:09:11.509,1.17086,1.17115,1.00,0.10
2018.03.20 21:09:16.337,1.17085,1.17115,1.00,0.10
2018.03.20 21:09:23.925,1.17086,1.17115,1.00,0.10
2018.03.20 21:09:28.088,1.17084,1.17115,1.00,0.10
2018.03.20 21:09:36.606,1.17087,1.17115,1.00,0.10
2018.03.20 21:09:38.358,1.17085,1.17115,1.00,0.10
2018.03.20 21:09:44.429,1.17089,1.17115,1.00,0.10
2018.03.20 21:09:48.420,1.17084,1.17115,1.00,0.10
2018.03.20 21:09:56.023,1.17087,1.17115,1.00,0.10
2018.03.20 21:09:57.945,1.17085,1.17115,1.00,0.10
2018.03.20 21:09:58.339,1.17083,1.17115,1.00,0.10
2018.03.20 21:10:10.042,1.17084,1.17115,1.00,0.10
2018.03.20 21:10:12.143,1.17085,1.17115,1.00,0.10
2018.03.20 21:10:12.987,1.17084,1.17115,1.00,0.10
2018.03.20 21:10:13.845,1.17086,1.17115,1.00,0.10
2018.03.20 21:10:14.044,1.17083,1.17115,1.00,0.10
2018.03.20 21:10:15.139,1.17086,1.17115,1.00,0.10
2018.03.20 21:10:15.392,1.17084,1.17115,1.00,0.10
2018.03.20 21:10:15.706,1.17086,1.17115,1.00,0.10
2018.03.20 21:10:15.948,1.17083,1.17115,1.00,0.10
2018.03.20 21:10:16.452,1.17082,1.17115,1.00,0.10
2018.03.20 21:10:17.448,1.17083,1.17115,1.00,0.10
2018.03.20 21:10:30.018,1.17086,1.17115,1.00,0.10
2018.03.20 21:10:34.707,1.17083,1.17115,1.00,0.10
2018.03.20 21:10:38.050,1.17081,1.17115,1.00,0.10
2018.03.20 21:10:38.383,1.17083,1.17115,1.00,0.10
2018.03.20 21:10:40.512,1.17081,1.17115,1.00,0.10
2018.03.20 21:10:45.021,1.17083,1.17115,1.00,0.10
2018.03.20 21:11:01.937,1.17087,1.17115,1.00,0.10
2018.03.20 21:11:02.706,1.17088,1.17115,1.00,0.10
2018.03.20 21:11:03.538,1.1709,1.17115,1.00,0.10
2018.03.20 21:11:15.077,1.17089,1.17115,1.00,0.10
2018.03.20 21:11:18.082,1.17083,1.17115,1.00,0.10
2018.03.20 21:11:18.342,1.17077,1.17115,1.00,1.10
2018.03.20 21:11:18.495,1.17083,1.17115,1.00,0.10
2018.03.20 21:11:22.041,1.1709,1.17115,1.00,0.10
2018.03.20 21:11:26.885,1.17083,1.17115,1.00,0.10
2018.03.20 21:11:29.390,1.17091,1.17115,1.00,0.10
2018.03.20 21:11:29.737,1.17098,1.17115,1.00,0.10
2018.03.20 21:11:30.401,1.17093,1.17115,1.00,0.10
2018.03.20 21:11:30.454,1.17098,1.17115,1.00,0.10
2018.03.20 21:11:30.558,1.17084,1.17115,1.00,0.10
2018.03.20 21:11:30.663,1.17093,1.17115,1.00,0.10
2018.03.20 21:11:30.920,1.17087,1.17115,1.00,0.10
2018.03.20 21:11:31.074,1.17092,1.17115,1.00,0.10
2018.03.20 21:11:31.952,1.17083,1.17115,1.00,0.10
2018.03.20 21:11:32.004,1.17096,1.17115,1.00,0.10
2018.03.20 21:11:32.210,1.17094,1.17115,1.00,0.10
2018.03.20 21:11:32.475,1.17101,1.17115,1.00,0.10
2018.03.20 21:11:33.397,1.17096,1.17115,1.00,0.10
2018.03.20 21:11:33.654,1.17092,1.17115,1.00,0.10
2018.03.20 21:11:33.707,1.17099,1.17115,1.00,0.10
2018.03.20 21:11:33.783,1.17095,1.17115,1.00,0.10
2018.03.20 21:11:33.834,1.17093,1.17115,1.00,0.10
2018.03.20 21:11:33.888,1.17098,1.17115,1.00,0.10
2018.03.20 21:11:34.093,1.17091,1.17115,1.00,0.10
2018.03.20 21:11:34.196,1.17088,1.17115,1.00,0.10
2018.03.20 21:11:36.473,1.17086,1.17115,1.00,0.10
2018.03.20 21:11:38.340,1.17085,1.17115,1.00,0.10
2018.03.20 21:11:38.444,1.17092,1.17115,1.00,0.10
2018.03.20 21:11:38.917,1.17086,1.17115,1.00,0.10
2018.03.20 21:11:38.969,1.17093,1.17115,1.00,0.10
2018.03.20 21:11:39.417,1.17086,1.17115,1.00,0.10
2018.03.20 21:11:39.916,1.17088,1.17115,1.00,0.10
2018.03.20 21:11:40.070,1.17084,1.17115,1.00,0.10
2018.03.20 21:11:40.580,1.1709,1.17115,1.00,0.10
2018.03.20 21:11:41.264,1.17087,1.17115,1.00,0.10
2018.03.20 21:11:41.419,1.17089,1.17115,1.00,0.10
2018.03.20 21:11:41.521,1.17085,1.17115,1.00,0.10
2018.03.20 21:11:41.748,1.1709,1.17115,1.00,0.10
2018.03.20 21:11:41.850,1.17084,1.17115,1.00,0.10
2018.03.20 21:11:41.901,1.17092,1.17115,1.00,0.10
2018.03.20 21:11:42.054,1.17088,1.17115,1.00,0.10
2018.03.20 21:11:42.257,1.17084,1.17115,1.00,0.10
2018.03.20 21:11:42.896,1.17082,1.17115,1.00,0.10
2018.03.20 21:11:43.114,1.17085,1.17115,1.00,0.10
2018.03.20 21:11:43.853,1.17081,1.17115,1.00,0.10
2018.03.20 21:11:44.200,1.17087,1.17115,1.00,0.10
2018.03.20 21:11:44.435,1.17084,1.17115,1.00,0.10
2018.03.20 21:11:44.693,1.1709,1.17115,1.00,0.10
2018.03.20 21:11:44.914,1.17086,1.17115,1.00,0.10
2018.03.20 21:11:45.068,1.17091,1.17115,1.00,0.10
2018.03.20 21:11:45.120,1.17083,1.17115,1.00,0.10
2018.03.20 21:11:45.224,1.17086,1.17115,1.00,0.10
2018.03.20 21:11:45.378,1.17081,1.17115,1.00,0.10
2018.03.20 21:11:45.679,1.17088,1.17115,1.00,0.10
2018.03.20 21:11:45.833,1.17084,1.17115,1.00,0.10
2018.03.20 21:11:45.936,1.17089,1.17115,1.00,0.10
2018.03.20 21:11:46.898,1.17092,1.17115,1.00,0.10
2018.03.20 21:11:47.001,1.17086,1.17115,1.00,0.10
2018.03.20 21:11:47.053,1.17093,1.17115,1.00,0.10
2018.03.20 21:11:47.258,1.17087,1.17115,1.00,0.10
2018.03.20 21:11:47.361,1.17082,1.17115,1.00,0.10
2018.03.20 21:11:47.515,1.17088,1.17115,1.00,0.10
2018.03.20 21:11:47.735,1.17086,1.17115,1.00,0.10
2018.03.20 21:11:47.998,1.17093,1.17115,1.00,0.10
2018.03.20 21:11:48.050,1.17085,1.17115,1.00,0.10
2018.03.20 21:11:48.153,1.17083,1.17115,1.00,0.10
2018.03.20 21:11:48.206,1.17089,1.17115,1.00,0.10
2018.03.20 21:11:48.309,1.17085,1.17115,1.00,0.10
2018.03.20 21:11:48.413,1.17089,1.17115,1.00,0.10
2018.03.20 21:11:48.640,1.17086,1.17115,1.00,0.10
2018.03.20 21:11:48.794,1.17089,1.17115,1.00,0.10
2018.03.20 21:11:48.897,1.17087,1.17115,1.00,0.10
2018.03.20 21:11:49.911,1.17089,1.17115,1.00,0.10
2018.03.20 21:11:50.015,1.17087,1.17115,1.00,0.10
2018.03.20 21:11:50.169,1.17091,1.17115,1.00,0.10
2018.03.20 21:11:50.272,1.17085,1.17115,1.00,0.10
2018.03.20 21:11:50.376,1.1709,1.17115,1.00,0.10
2018.03.20 21:11:50.580,1.17086,1.17115,1.00,0.10
2018.03.20 21:11:50.913,1.17088,1.17115,1.00,0.10
2018.03.20 21:11:51.067,1.17086,1.17115,1.00,0.10
2018.03.20 21:11:51.357,1.17091,1.17115,1.00,0.10
2018.03.20 21:11:51.511,1.17086,1.17115,1.00,0.10
2018.03.20 21:11:51.614,1.17092,1.17115,1.00,0.10
2018.03.20 21:11:51.819,1.17085,1.17115,1.00,0.10
2018.03.20 21:11:51.922,1.17091,1.17115,1.00,0.10
2018.03.20 21:11:51.973,1.17083,1.17115,1.00,0.10
2018.03.20 21:11:52.076,1.1709,1.17115,1.00,0.10
2018.03.20 21:11:52.428,1.17086,1.17115,1.00,0.10
2018.03.20 21:11:52.531,1.17081,1.17115,1.00,0.10
2018.03.20 21:11:52.634,1.17087,1.17115,1.00,0.10
2018.03.20 21:11:53.299,1.17084,1.17115,1.00,0.10
2018.03.20 21:11:53.401,1.17088,1.17115,1.00,0.10
2018.03.20 21:11:53.738,1.1709,1.17115,1.00,0.10
2018.03.20 21:11:54.333,1.17085,1.17115,1.00,0.10
2018.03.20 21:11:54.800,1.1709,1.17115,1.00,0.10
2018.03.20 21:11:55.985,1.17092,1.17115,1.00,0.10
2018.03.20 21:11:56.416,1.17089,1.17115,1.00,0.10
2018.03.20 21:11:56.620,1.17091,1.17115,1.00,0.10
2018.03.20 21:11:56.823,1.17088,1.17115,1.00,0.10
2018.03.20 21:11:57.107,1.17092,1.17115,1.00,0.10
2018.03.20 21:11:58.349,1.17085,1.17115,1.00,0.10
2018.03.20 21:11:58.588,1.17091,1.17115,1.00,0.10
2018.03.20 21:11:58.639,1.17088,1.17115,1.00,0.10
2018.03.20 21:11:58.691,1.17084,1.17115,1.00,0.10
2018.03.20 21:11:58.743,1.17091,1.17115,1.00,0.10
2018.03.20 21:11:58.846,1.17084,1.17115,1.00,0.10
2018.03.20 21:11:58.949,1.17093,1.17115,1.00,0.10
2018.03.20 21:11:59.052,1.17091,1.17115,1.00,0.10
2018.03.20 21:11:59.362,1.17089,1.17115,1.00,0.10
2018.03.20 21:11:59.586,1.17094,1.17115,1.00,0.10
2018.03.20 21:11:59.868,1.17089,1.17115,1.00,0.10
2018.03.20 21:12:00.125,1.17093,1.17115,1.00,0.10
2018.03.20 21:12:00.407,1.17087,1.17115,1.00,0.10
2018.03.20 21:12:00.613,1.17094,1.17115,1.00,0.10
2018.03.20 21:12:00.854,1.17089,1.17115,1.00,0.10
2018.03.20 21:12:01.116,1.17093,1.17115,1.00,0.10
2018.03.20 21:12:01.218,1.17087,1.17115,1.00,0.10
2018.03.20 21:12:01.374,1.17092,1.17115,1.00,0.10
2018.03.20 21:12:02.704,1.17085,1.17115,1.00,0.10
2018.03.20 21:12:03.295,1.17093,1.17115,1.00,0.10
2018.03.20 21:12:03.347,1.17088,1.17115,1.00,0.10
2018.03.20 21:12:03.399,1.17085,1.17115,1.00,0.10
2018.03.20 21:12:03.689,1.1709,1.17115,1.00,0.10
2018.03.20 21:12:03.741,1.17081,1.17115,1.00,0.10
2018.03.20 21:12:03.946,1.17087,1.17115,1.00,0.10
2018.03.20 21:12:04.306,1.17091,1.17115,1.00,0.10
2018.03.20 21:12:04.357,1.17088,1.17115,1.00,0.10
2018.03.20 21:12:04.409,1.17081,1.17115,1.00,0.10
2018.03.20 21:12:04.485,1.17088,1.17115,1.00,0.10
2018.03.20 21:12:04.588,1.17083,1.17115,1.00,0.10
2018.03.20 21:12:04.841,1.17087,1.17115,1.00,0.10
2018.03.20 21:12:05.163,1.17091,1.17115,1.00,0.10
2018.03.20 21:12:05.215,1.17088,1.17115,1.00,0.10
2018.03.20 21:12:05.317,1.17091,1.17115,1.00,0.10
2018.03.20 21:12:05.688,1.17088,1.17115,1.00,0.10
2018.03.20 21:12:06.186,1.17086,1.17115,1.00,0.10
2018.03.20 21:12:06.237,1.17093,1.17115,1.00,0.10
2018.03.20 21:12:06.340,1.17088,1.17115,1.00,0.10
2018.03.20 21:12:06.648,1.17085,1.17115,1.00,0.10
2018.03.20 21:12:06.700,1.17093,1.17115,1.00,0.10
2018.03.20 21:12:06.846,1.17085,1.17115,1.00,0.10
2018.03.20 21:12:07.052,1.17089,1.17115,1.00,0.10
2018.03.20 21:12:07.104,1.17086,1.17115,1.00,0.10
2018.03.20 21:12:07.408,1.17091,1.17115,1.00,0.10
2018.03.20 21:12:07.561,1.17086,1.17115,1.00,0.10
2018.03.20 21:12:07.815,1.1709,1.17115,1.00,0.10
2018.03.20 21:12:07.917,1.17083,1.17115,1.00,0.10
2018.03.20 21:12:08.072,1.1709,1.17115,1.00,0.10
2018.03.20 21:12:08.336,1.17085,1.17115,1.00,0.10
2018.03.20 21:12:08.440,1.17092,1.17115,1.00,0.10
2018.03.20 21:12:08.492,1.17086,1.17115,1.00,0.10
2018.03.20 21:12:08.748,1.1709,1.17115,1.00,0.10
2018.03.20 21:12:08.902,1.17087,1.17115,1.00,0.10
2018.03.20 21:12:08.954,1.17092,1.17115,1.00,0.10
2018.03.20 21:12:09.436,1.17086,1.17115,1.00,0.10
2018.03.20 21:12:09.655,1.17083,1.17115,1.00,0.10
2018.03.20 21:12:09.860,1.17088,1.17115,1.00,0.10
2018.03.20 21:12:10.409,1.17092,1.17115,1.00,0.10
2018.03.20 21:12:10.564,1.17088,1.17115,1.00,0.10
2018.03.20 21:12:10.668,1.17093,1.17115,1.00,0.10
2018.03.20 21:12:10.874,1.1709,1.17115,1.00,0.10
2018.03.20 21:12:11.140,1.17093,1.17115,1.00,0.10
2018.03.20 21:12:11.395,1.17089,1.17115,1.00,0.10
2018.03.20 21:12:11.649,1.17094,1.17115,1.00,0.10
2018.03.20 21:12:11.702,1.17087,1.17115,1.00,0.10
2018.03.20 21:12:11.807,1.1709,1.17115,1.00,0.10
2018.03.20 21:12:12.064,1.17088,1.17115,1.00,0.10
2018.03.20 21:12:12.219,1.17093,1.17115,1.00,0.10
2018.03.20 21:12:12.832,1.17089,1.17115,1.00,0.10
2018.03.20 21:12:13.091,1.17094,1.17115,1.00,0.10
2018.03.20 21:12:13.299,1.17088,1.17115,1.00,0.10
2018.03.20 21:12:13.404,1.1709,1.17115,1.00,0.10
2018.03.20 21:12:13.823,1.17085,1.17115,1.00,0.10
2018.03.20 21:12:13.926,1.1709,1.17115,1.00,0.10
2018.03.20 21:12:14.236,1.17088,1.17115,1.00,0.10
2018.03.20 21:12:14.340,1.17094,1.17115,1.00,0.10
2018.03.20 21:12:14.392,1.17087,1.17115,1.00,0.10
2018.03.20 21:12:14.650,1.17094,1.17115,1.00,0.10
2018.03.20 21:12:14.702,1.17087,1.17115,1.00,0.10
2018.03.20 21:12:14.860,1.17092,1.17115,1.00,0.10
2018.03.20 21:12:15.070,1.17088,1.17115,1.00,0.10
2018.03.20 21:12:15.172,1.17093,1.17115,1.00,0.10
2018.03.20 21:12:15.999,1.17087,1.17115,1.00,0.10
2018.03.20 21:12:16.051,1.17092,1.17115,1.00,0.10
2018.03.20 21:12:16.104,1.17082,1.17115,1.00,0.10
2018.03.20 21:12:16.208,1.17088,1.17115,1.00,0.10
2018.03.20 21:12:17.234,1.17084,1.17115,1.00,0.10
2018.03.20 21:12:19.260,1.17089,1.17115,1.00,0.10
2018.03.20 21:12:21.253,1.17085,1.17115,1.00,0.10
2018.03.20 21:12:22.700,1.17091,1.17115,1.00,0.10
2018.03.20 21:12:25.109,1.17086,1.17115,1.00,0.10
2018.03.20 21:12:25.213,1.1709,1.17115,1.00,0.10
2018.03.20 21:12:25.266,1.17087,1.17115,1.00,0.10
2018.03.20 21:12:25.318,1.17084,1.17115,1.00,0.10
2018.03.20 21:12:26.000,1.1709,1.17115,1.00,0.10
2018.03.20 21:12:27.190,1.17083,1.17115,1.00,0.10
2018.03.20 21:12:27.243,1.17089,1.17115,1.00,0.10
2018.03.20 21:12:29.107,1.17083,1.17115,1.00,0.10
2018.03.20 21:12:29.348,1.17088,1.17115,1.00,0.10
2018.03.20 21:12:32.273,1.17091,1.17115,1.00,0.10
2018.03.20 21:12:33.319,1.17088,1.17115,1.00,0.10
2018.03.20 21:12:33.546,1.17091,1.17115,1.00,0.10
2018.03.20 21:12:37.904,1.17088,1.17115,1.00,0.10
2018.03.20 21:12:38.154,1.17091,1.17115,1.00,0.10
2018.03.20 21:12:39.358,1.17088,1.17115,1.00,0.10
2018.03.20 21:12:39.611,1.17091,1.17115,1.00,0.10
2018.03.20 21:12:39.880,1.17088,1.17115,1.00,0.10
2018.03.20 21:12:41.497,1.1709,1.17115,1.00,0.10
2018.03.20 21:12:41.864,1.17087,1.17115,1.00,0.10
2018.03.20 21:12:42.017,1.17092,1.17115,1.00,0.10
2018.03.20 21:12:56.112,1.17087,1.17115,1.00,0.10
2018.03.20 21:12:56.287,1.17091,1.17115,1.00,0.10
2018.03.20 21:13:00.700,1.17088,1.17115,1.00,0.10
2018.03.20 21:13:01.940,1.17092,1.17115,1.00,0.10
2018.03.20 21:13:02.347,1.17088,1.17115,1.00,0.10
2018.03.20 21:13:02.688,1.17093,1.17115,1.00,0.10
2018.03.20 21:13:02.741,1.17091,1.17115,1.00,0.10
2018.03.20 21:13:03.253,1.17093,1.17115,1.00,0.10
2018.03.20 21:13:08.446,1.17091,1.17115,1.00,0.10
2018.03.20 21:13:16.118,1.17094,1.17115,1.00,0.10
2018.03.20 21:13:16.963,1.1709,1.17115,1.00,0.10
2018.03.20 21:13:18.434,1.17092,1.17115,1.00,0.10
2018.03.20 21:13:19.023,1.17089,1.17115,1.00,0.10
2018.03.20 21:13:19.247,1.17091,1.17115,1.00,0.10
2018.03.20 21:13:19.503,1.17089,1.17115,1.00,0.10
2018.03.20 21:13:20.071,1.17084,1.17115,1.00,0.10
2018.03.20 21:13:20.328,1.17087,1.17115,1.00,0.10
2018.03.20 21:13:20.585,1.17085,1.17115,1.00,0.10
2018.03.20 21:13:20.845,1.17087,1.17115,1.00,0.10
2018.03.20 21:13:22.363,1.17089,1.17115,1.00,0.10
2018.03.20 21:13:35.066,1.17088,1.17115,1.00,0.10
2018.03.20 21:13:37.576,1.17084,1.17115,1.00,0.10
2018.03.20 21:13:38.365,1.17081,1.17115,1.00,0.10
2018.03.20 21:13:52.058,1.17083,1.17115,1.00,0.10
2018.03.20 21:13:52.317,1.1708,1.17115,1.00,0.10
2018.03.20 21:13:53.997,1.17083,1.17115,1.00,0.10
2018.03.20 21:13:54.768,1.1708,1.17115,1.00,0.10
2018.03.20 21:13:55.065,1.17083,1.17115,1.00,0.10
2018.03.20 21:13:56.746,1.1708,1.17115,1.00,0.10
2018.03.20 21:14:20.047,1.17079,1.17115,1.00,0.10
2018.03.20 21:15:02.560,1.17084,1.17115,1.00,0.10
2018.03.20 21:15:04.719,1.17081,1.17115,1.00,0.10
2018.03.20 21:15:16.178,1.17077,1.17115,1.00,0.10
2018.03.20 21:15:16.281,1.17083,1.17115,1.00,0.10
2018.03.20 21:15:26.083,1.17081,1.17115,1.00,0.10
2018.03.20 21:15:28.561,1.17081,1.17112,1.00,1.00
2018.03.20 21:15:30.034,1.17081,1.17115,1.00,0.10
2018.03.20 21:15:30.716,1.17084,1.17115,1.00,0.10
2018.03.20 21:15:34.271,1.17087,1.17115,1.00,0.10
2018.03.20 21:15:34.529,1.17084,1.17115,1.00,0.10
2018.03.20 21:15:34.784,1.17087,1.17115,1.00,0.10
2018.03.20 21:15:37.133,1.1709,1.17115,1.00,0.10
2018.03.20 21:15:37.185,1.17084,1.17115,1.00,0.10
2018.03.20 21:15:37.494,1.17081,1.17115,1.00,0.10
2018.03.20 21:15:37.547,1.17078,1.17113,1.00,1.00
2018.03.20 21:15:38.022,1.17078,1.17104,1.50,1.00
2018.03.20 21:15:38.643,1.17078,1.17099,1.50,1.00
2018.03.20 21:15:38.799,1.17074,1.17104,1.00,1.00
2018.03.20 21:15:38.850,1.17078,1.17104,1.00,1.00
2018.03.20 21:15:39.463,1.17077,1.17104,1.00,1.00
2018.03.20 21:15:39.800,1.17077,1.17102,1.00,1.00
2018.03.20 21:15:40.108,1.17077,1.17099,1.00,1.00
2018.03.20 21:15:40.700,1.17077,1.17104,1.00,1.00
2018.03.20 21:15:41.364,1.17077,1.17106,1.00,1.00
2018.03.20 21:15:42.049,1.17078,1.17103,1.00,1.00
2018.03.20 21:15:42.477,1.17078,1.17108,1.00,1.00
2018.03.20 21:15:44.568,1.17078,1.1711,1.00,1.00
2018.03.20 21:15:45.427,1.17077,1.1711,1.00,1.00
2018.03.20 21:15:46.657,1.17078,1.1711,1.00,1.00
2018.03.20 21:15:46.760,1.17076,1.1711,1.00,1.00
2018.03.20 21:15:46.911,1.17069,1.17106,1.37,1.00
2018.03.20 21:15:46.963,1.17069,1.17106,1.00,1.00
2018.03.20 21:15:48.698,1.17077,1.17106,1.00,1.00
2018.03.20 21:15:58.080,1.17077,1.17111,1.00,1.00
2018.03.20 21:15:58.386,1.17077,1.17105,1.00,1.00
2018.03.20 21:15:58.907,1.17077,1.1711,1.00,1.00
2018.03.20 21:16:02.035,1.17077,1.17107,1.00,1.00
2018.03.20 21:16:02.087,1.17075,1.17107,1.00,1.00
2018.03.20 21:16:03.253,1.17077,1.17093,1.00,1.00
2018.03.20 21:16:08.642,1.17077,1.17103,1.00,1.00
2018.03.20 21:16:10.082,1.17077,1.17105,1.00,1.00
2018.03.20 21:16:14.081,1.17077,1.17102,1.00,1.00
2018.03.20 21:16:32.460,1.17075,1.17102,1.00,1.00
2018.03.20 21:16:32.615,1.17067,1.17099,1.00,1.00
2018.03.20 21:16:38.388,1.17067,1.17091,1.00,1.00
2018.03.20 21:16:38.733,1.17067,1.17099,1.00,1.00
2018.03.20 21:16:50.048,1.17067,1.17098,1.00,1.00
2018.03.20 21:16:58.386,1.17067,1.17091,1.00,1.00
2018.03.20 21:16:59.085,1.17067,1.17099,1.00,1.00
2018.03.20 21:17:12.405,1.17067,1.17096,1.00,1.00
2018.03.20 21:17:13.023,1.17065,1.17096,1.00,1.00
2018.03.20 21:17:13.662,1.17064,1.17096,1.00,1.00
2018.03.20 21:17:15.693,1.17064,1.17093,1.00,1.00
2018.03.20 21:17:17.676,1.17064,1.17095,1.00,1.00
2018.03.20 21:17:20.369,1.17064,1.171,1.00,1.00
2018.03.20 21:17:20.695,1.17064,1.17096,1.00,1.00
2018.03.20 21:17:22.055,1.17064,1.17098,1.00,1.00
2018.03.20 21:17:34.659,1.17064,1.17096,1.00,1.00
2018.03.20 21:17:42.705,1.17061,1.17096,1.00,1.00
2018.03.20 21:17:43.964,1.17061,1.171,1.00,1.00
2018.03.20 21:17:58.191,1.17061,1.17103,1.00,1.00
2018.03.20 21:18:00.578,1.17061,1.171,1.00,1.00
2018.03.20 21:18:03.654,1.17061,1.17103,1.00,1.00
2018.03.20 21:18:04.261,1.17062,1.17103,1.00,1.00
2018.03.20 21:18:04.735,1.17062,1.17098,1.00,1.00
2018.03.20 21:18:06.375,1.17062,1.17102,1.00,1.00
2018.03.20 21:18:07.076,1.17063,1.17098,1.00,1.00
2018.03.20 21:18:10.156,1.17064,1.17098,1.00,1.00
2018.03.20 21:18:10.208,1.17059,1.17098,1.87,1.00
2018.03.20 21:18:11.077,1.1706,1.17098,1.00,1.00
2018.03.20 21:18:13.604,1.1706,1.171,1.00,1.00
2018.03.20 21:18:15.308,1.1706,1.17107,1.00,1.00
2018.03.20 21:18:18.340,1.1706,1.171,1.00,1.00
2018.03.20 21:18:18.597,1.1706,1.17106,1.50,1.00
2018.03.20 21:18:19.567,1.1706,1.171,1.50,1.00
2018.03.20 21:18:20.103,1.17061,1.171,1.00,1.00
2018.03.20 21:18:20.522,1.17071,1.17107,1.00,1.00
2018.03.20 21:18:20.625,1.17067,1.17106,1.50,1.00
2018.03.20 21:18:25.033,1.17067,1.17102,1.50,1.00
2018.03.20 21:18:27.704,1.17071,1.17108,1.50,1.00
2018.03.20 21:18:28.717,1.17071,1.17102,1.50,1.00
2018.03.20 21:18:29.043,1.17073,1.17102,1.00,1.00
2018.03.20 21:18:30.661,1.17075,1.17102,1.00,1.00
2018.03.20 21:18:30.714,1.17075,1.17109,1.00,1.00
2018.03.20 21:18:30.820,1.17071,1.17101,1.12,1.00
2018.03.20 21:18:32.645,1.17069,1.17101,1.00,1.00
2018.03.20 21:18:33.032,1.17061,1.17101,1.37,1.00
2018.03.20 21:18:33.188,1.17061,1.171,1.00,1.00
2018.03.20 21:18:34.653,1.17058,1.171,1.00,1.00
2018.03.20 21:18:38.347,1.17058,1.17099,1.00,1.00
2018.03.20 21:18:38.562,1.17063,1.17099,1.00,1.00
2018.03.20 21:18:38.614,1.17059,1.17102,1.00,1.00
2018.03.20 21:18:38.718,1.17059,1.171,1.00,1.00
2018.03.20 21:18:38.926,1.1706,1.17103,1.00,1.00
2018.03.20 21:18:39.069,1.17059,1.171,1.00,1.00
2018.03.20 21:18:40.657,1.17061,1.171,1.00,1.00
2018.03.20 21:18:41.022,1.17071,1.17101,1.00,1.00
2018.03.20 21:18:41.660,1.17072,1.17101,1.00,1.00
2018.03.20 21:18:42.701,1.17072,1.17108,1.00,1.00
2018.03.20 21:18:44.293,1.17073,1.17108,1.00,1.00
2018.03.20 21:18:53.017,1.17073,1.17103,1.00,1.00
2018.03.20 21:18:56.765,1.17073,1.17101,1.00,1.00
2018.03.20 21:18:56.869,1.17067,1.17101,1.37,1.00
2018.03.20 21:18:56.921,1.17061,1.17103,1.37,1.00
2018.03.20 21:18:57.024,1.17069,1.17099,1.00,1.00
2018.03.20 21:18:58.711,1.17071,1.17099,1.00,1.00
2018.03.20 21:19:20.063,1.17071,1.17098,1.00,1.00
2018.03.20 21:19:22.884,1.17071,1.17102,1.00,1.00
2018.03.20 21:19:23.897,1.17069,1.17102,1.00,1.00
2018.03.20 21:19:25.101,1.17069,1.17097,1.00,1.00
2018.03.20 21:19:26.703,1.17068,1.17097,1.00,1.00
2018.03.20 21:19:26.997,1.17068,1.17101,1.00,1.00
2018.03.20 21:19:27.100,1.17068,1.17097,1.00,1.00
2018.03.20 21:19:31.036,1.17069,1.17097,1.00,1.00
2018.03.20 21:19:32.706,1.17068,1.17102,1.00,1.00
2018.03.20 21:19:33.131,1.17068,1.17097,1.00,1.00
2018.03.20 21:19:36.136,1.17069,1.17097,1.00,1.00
2018.03.20 21:19:37.752,1.17071,1.17097,1.00,1.00
2018.03.20 21:19:37.920,1.17067,1.17097,1.50,1.00
2018.03.20 21:19:39.504,1.17069,1.17097,1.00,1.00
2018.03.20 21:19:43.141,1.17071,1.17097,1.00,1.00
2018.03.20 21:19:47.133,1.17071,1.171,1.00,1.00
2018.03.20 21:19:48.009,1.17071,1.17097,1.00,1.00
2018.03.20 21:19:49.683,1.17071,1.17101,1.00,1.00
2018.03.20 21:19:50.131,1.17071,1.17096,1.00,1.00
2018.03.20 21:19:50.456,1.17073,1.17096,1.00,1.00
2018.03.20 21:19:51.037,1.17069,1.17096,1.12,1.00
2018.03.20 21:19:51.288,1.17069,1.17101,1.00,1.00
2018.03.20 21:19:51.594,1.17069,1.17097,1.00,1.00
2018.03.20 21:19:53.701,1.17071,1.17097,1.00,1.00
2018.03.20 21:19:55.100,1.17069,1.17097,1.00,1.00
2018.03.20 21:20:05.309,1.17069,1.17094,1.00,1.00
2018.03.20 21:20:05.361,1.1706,1.17102,1.87,1.00
2018.03.20 21:20:05.465,1.1706,1.17102,1.00,1.00
2018.03.20 21:20:05.517,1.1706,1.17098,1.00,1.00
2018.03.20 21:20:06.075,1.17057,1.17098,1.50,1.00
2018.03.20 21:20:06.658,1.17057,1.17099,1.00,1.00
2018.03.20 21:20:07.174,1.17057,1.171,1.00,1.00
2018.03.20 21:20:07.437,1.17057,1.17102,1.00,1.00
2018.03.20 21:20:08.393,1.17057,1.17106,1.12,1.00
2018.03.20 21:20:09.353,1.17057,1.17108,1.12,1.00
2018.03.20 21:20:10.066,1.17057,1.17108,1.31,1.00
2018.03.20 21:20:10.232,1.17057,1.17111,1.31,1.50
2018.03.20 21:20:18.102,1.17057,1.17111,1.87,1.00
2018.03.20 21:20:18.255,1.17057,1.17109,2.06,1.00
2018.03.20 21:20:18.756,1.17054,1.17109,2.06,1.00
2018.03.20 21:20:19.818,1.17052,1.17111,2.06,1.00
2018.03.20 21:20:20.379,1.17052,1.17111,2.06,1.00
2018.03.20 21:20:32.235,1.17052,1.17111,1.87,1.00
2018.03.20 21:20:43.446,1.17052,1.17097,1.56,1.00
2018.03.20 21:20:43.792,1.17048,1.17092,2.44,1.00
2018.03.20 21:20:52.117,1.17048,1.17092,1.00,1.00
2018.03.20 21:21:51.418,1.17055,1.17092,1.12,1.00
2018.03.20 21:21:52.514,1.17048,1.1709,1.56,1.00
2018.03.20 21:21:52.617,1.17048,1.1709,1.19,1.00
2018.03.20 21:21:54.000,1.1705,1.17089,1.19,1.00
2018.03.20 21:22:00.172,1.1705,1.17089,1.69,1.00
2018.03.20 21:22:00.845,1.17051,1.17088,1.19,1.00
2018.03.20 21:22:01.504,1.17055,1.17094,1.25,1.12
2018.03.20 21:22:01.556,1.17054,1.17094,1.19,1.12
2018.03.20 21:22:01.607,1.17051,1.17115,1.56,0.47
2018.03.20 21:22:01.709,1.17051,1.17115,1.56,0.10
2018.03.20 21:22:02.151,1.17051,1.17113,1.56,1.00
2018.03.20 21:22:02.677,1.17051,1.17114,1.56,1.00
2018.03.20 21:22:15.108,1.17051,1.17114,1.37,1.00
2018.03.20 21:23:02.872,1.17051,1.17114,1.00,1.00
2018.03.20 21:23:27.511,1.17051,1.17115,1.19,0.10
2018.03.20 21:23:32.590,1.17051,1.17115,1.56,0.10
2018.03.20 21:23:58.685,1.17052,1.17115,1.37,0.10
2018.03.20 21:24:32.917,1.17052,1.17115,1.00,0.10
2018.03.20 21:24:38.424,1.1706,1.17115,1.00,0.10
2018.03.20 21:24:38.736,1.17067,1.17115,1.19,0.10
2018.03.20 21:24:40.713,1.17067,1.17115,2.06,0.10
2018.03.20 21:24:41.147,1.17077,1.17115,1.69,0.10
2018.03.20 21:24:42.458,1.17077,1.17115,1.69,0.10
2018.03.20 21:24:51.333,1.17072,1.17115,1.56,0.10
2018.03.20 21:24:51.385,1.17066,1.17115,1.69,0.10
2018.03.20 21:24:52.074,1.17066,1.17115,1.69,0.10
2018.03.20 21:24:53.446,1.17062,1.17115,1.56,0.10
2018.03.20 21:24:53.498,1.17062,1.17115,1.31,0.10
2018.03.20 21:24:53.654,1.17057,1.17115,1.69,0.10
2018.03.20 21:24:55.711,1.17052,1.17115,1.56,0.10
2018.03.20 21:25:18.684,1.17052,1.17115,1.37,0.10
2018.03.20 21:25:55.965,1.17051,1.17115,1.00,0.10
2018.03.20 21:26:56.410,1.17066,1.17115,1.00,0.10
2018.03.20 21:26:56.720,1.17077,1.17115,1.19,0.10
2018.03.20 21:26:58.710,1.17079,1.17115,1.19,0.10
2018.03.20 21:27:01.118,1.17079,1.17115,1.31,0.10
2018.03.20 21:27:05.032,1.1707,1.17115,1.56,0.10
2018.03.20 21:27:05.085,1.17062,1.17115,1.37,0.10
2018.03.20 21:27:05.189,1.17055,1.17115,1.56,0.10
2018.03.20 21:27:07.653,1.17052,1.17115,1.56,0.10
2018.03.20 21:27:30.911,1.17054,1.17115,1.37,0.10
2018.03.20 21:28:07.866,1.17051,1.17115,1.00,0.10
2018.03.20 21:28:18.684,1.17051,1.17115,1.37,0.10
2018.03.20 21:28:29.754,1.17054,1.17115,1.56,0.10
2018.03.20 21:28:46.554,1.17054,1.17115,1.37,0.10
2018.03.20 21:29:29.963,1.17052,1.17115,1.00,0.10
2018.03.20 21:29:44.612,1.17052,1.17115,1.37,0.10
2018.03.20 21:30:18.494,1.17052,1.17115,1.56,0.10
2018.03.20 21:30:42.041,1.17056,1.17115,1.19,0.10
2018.03.20 21:30:42.563,1.17066,1.17113,1.00,1.00
2018.03.20 21:30:43.828,1.17067,1.17113,1.00,1.00
2018.03.20 21:30:44.379,1.17066,1.17113,1.25,1.00
2018.03.20 21:30:45.126,1.17068,1.17109,1.00,1.00
2018.03.20 21:30:46.499,1.1707,1.17107,1.00,1.00
2018.03.20 21:30:48.733,1.17072,1.17104,1.00,1.00
2018.03.20 21:30:52.093,1.17073,1.17103,1.00,1.00
2018.03.20 21:30:53.704,1.17075,1.17101,1.00,1.00
2018.03.20 21:30:56.703,1.17076,1.171,1.00,1.00
2018.03.20 21:30:57.216,1.17073,1.17096,1.00,1.00
2018.03.20 21:30:59.869,1.17071,1.17094,1.00,1.00
2018.03.20 21:31:03.184,1.17067,1.1709,1.00,1.00
2018.03.20 21:31:03.823,1.17066,1.17089,1.00,1.00
2018.03.20 21:31:04.907,1.17061,1.17091,1.69,1.00
2018.03.20 21:31:06.087,1.17059,1.17091,1.19,1.00
2018.03.20 21:31:07.227,1.17072,1.17097,1.00,1.87
2018.03.20 21:31:07.786,1.17071,1.17098,1.00,1.00
2018.03.20 21:31:07.946,1.17061,1.17098,1.19,1.00
2018.03.20 21:31:10.101,1.1707,1.17098,1.00,1.00
2018.03.20 21:31:10.684,1.17061,1.17098,1.19,1.00
2018.03.20 21:31:10.890,1.17066,1.17098,1.00,1.00
2018.03.20 21:31:10.942,1.17061,1.17098,1.19,1.00
2018.03.20 21:31:12.518,1.1706,1.17099,1.69,1.00
2018.03.20 21:31:15.285,1.1706,1.17099,1.19,1.00
2018.03.20 21:31:16.096,1.17061,1.171,1.19,1.50
2018.03.20 21:31:18.393,1.17071,1.171,1.00,1.50
2018.03.20 21:31:19.077,1.17061,1.171,1.19,1.50
2018.03.20 21:31:30.798,1.17071,1.171,1.00,1.50
2018.03.20 21:31:31.462,1.17072,1.171,1.00,1.50
2018.03.20 21:31:31.514,1.17061,1.171,1.00,1.50
2018.03.20 21:31:37.474,1.17062,1.171,1.00,1.50
2018.03.20 21:31:37.526,1.17066,1.171,1.00,1.50
2018.03.20 21:31:38.085,1.17068,1.171,1.00,1.50
2018.03.20 21:31:38.194,1.17061,1.171,1.00,1.50
2018.03.20 21:31:38.347,1.17061,1.17104,1.00,1.50
2018.03.20 21:31:38.398,1.17064,1.17101,1.69,1.00
2018.03.20 21:31:38.786,1.17068,1.17102,1.19,1.00
2018.03.20 21:31:40.644,1.17068,1.17097,1.19,1.00
2018.03.20 21:31:41.184,1.17068,1.17097,1.19,1.00
2018.03.20 21:31:44.598,1.17068,1.17098,1.19,1.00
2018.03.20 21:31:45.059,1.1707,1.17093,1.25,1.00
2018.03.20 21:31:48.361,1.17071,1.17093,1.00,1.00
2018.03.20 21:31:59.736,1.1707,1.17093,1.00,1.00
2018.03.20 21:32:19.505,1.1707,1.17093,1.19,1.00
2018.03.20 21:32:33.749,1.1707,1.17093,1.00,1.00
2018.03.20 21:32:44.770,1.17069,1.17101,1.00,1.00
2018.03.20 21:34:14.183,1.17069,1.17101,1.19,1.00
2018.03.20 21:34:20.876,1.17068,1.17103,1.19,1.00
2018.03.20 21:34:26.036,1.17068,1.17102,1.19,1.00
2018.03.20 21:34:38.685,1.17068,1.17102,1.00,1.00
2018.03.20 21:35:34.271,1.17072,1.17095,1.50,1.00
2018.03.20 21:35:36.688,1.17073,1.17095,1.00,1.00
2018.03.20 21:35:42.096,1.17074,1.17095,1.00,1.00
2018.03.20 21:35:47.469,1.17073,1.17095,1.00,1.00
2018.03.20 21:35:47.988,1.17074,1.17095,1.00,1.00
2018.03.20 21:35:52.756,1.17073,1.17095,1.00,1.00
2018.03.20 21:35:55.506,1.17072,1.17095,1.00,1.00
2018.03.20 21:35:58.579,1.17073,1.17095,1.00,1.00
2018.03.20 21:36:00.058,1.17074,1.17095,1.00,1.00
2018.03.20 21:36:00.735,1.17075,1.17095,1.00,1.00
2018.03.20 21:36:02.087,1.17072,1.17095,1.00,1.00
2018.03.20 21:36:34.316,1.17068,1.17105,1.19,1.00
2018.03.20 21:36:36.049,1.17068,1.17105,1.19,1.00
2018.03.20 21:36:36.102,1.1707,1.17102,1.25,1.00
2018.03.20 21:36:37.821,1.17069,1.17102,1.25,1.00
2018.03.20 21:36:41.578,1.1707,1.17102,1.00,1.00
2018.03.20 21:38:39.680,1.17068,1.17103,1.25,1.00
2018.03.20 21:38:40.945,1.17069,1.17102,1.00,1.00
2018.03.20 21:38:42.695,1.1707,1.17102,1.00,1.00
2018.03.20 21:39:42.875,1.17066,1.17107,1.00,2.25
2018.03.20 21:39:43.462,1.17066,1.17107,1.19,2.25
2018.03.20 21:39:58.374,1.1707,1.17102,1.00,1.00
2018.03.20 21:41:02.388,1.17068,1.171,1.00,1.00
2018.03.20 21:41:02.817,1.17068,1.17088,1.00,1.00
2018.03.20 21:41:03.853,1.17067,1.17088,1.00,1.00
2018.03.20 21:41:06.707,1.17066,1.17088,1.50,1.00
2018.03.20 21:41:12.651,1.17066,1.17086,1.00,1.00
2018.03.20 21:41:13.054,1.17066,1.17083,1.00,1.00
2018.03.20 21:41:13.641,1.17066,1.17085,1.00,1.00
2018.03.20 21:41:18.054,1.17064,1.17085,1.00,1.00
2018.03.20 21:41:18.583,1.17063,1.17085,1.00,1.00
2018.03.20 21:41:18.759,1.17064,1.17087,1.00,1.00
2018.03.20 21:41:23.688,1.17067,1.1709,2.25,1.00
2018.03.20 21:41:23.997,1.17071,1.17093,1.00,1.00
2018.03.20 21:41:24.719,1.17073,1.17093,1.00,1.00
2018.03.20 21:41:25.615,1.17073,1.17095,1.00,1.00
2018.03.20 21:41:37.835,1.17073,1.17096,1.50,1.00
2018.03.20 21:41:43.358,1.17074,1.17096,1.00,1.00
2018.03.20 21:41:58.210,1.17073,1.17096,1.00,1.00
2018.03.20 21:41:59.300,1.17074,1.17096,1.00,1.00
2018.03.20 21:42:05.693,1.17075,1.17098,1.00,1.00
2018.03.20 21:42:52.142,1.1709,1.17111,1.00,1.00
2018.03.20 21:42:52.194,1.17088,1.17111,2.25,1.00
2018.03.20 21:42:52.503,1.17093,1.17112,1.00,1.00
2018.03.20 21:42:53.435,1.17092,1.17114,1.00,1.00
2018.03.20 21:42:54.015,1.17092,1.17115,1.00,0.10
2018.03.20 21:42:58.480,1.17091,1.17115,1.00,0.10
2018.03.20 21:43:01.021,1.1709,1.17115,1.69,0.10
2018.03.20 21:43:12.377,1.17091,1.17115,1.00,0.10
2018.03.20 21:43:18.088,1.17092,1.17115,1.00,0.10
2018.03.20 21:43:32.702,1.17089,1.17115,1.00,0.10
2018.03.20 21:43:32.961,1.17092,1.17115,1.00,0.10
2018.03.20 21:43:45.519,1.17088,1.17115,1.00,0.10
2018.03.20 21:44:46.723,1.17084,1.17112,1.00,1.00
2018.03.20 21:44:48.421,1.17082,1.17111,1.00,1.00
2018.03.20 21:44:50.711,1.17083,1.1711,1.00,1.00
2018.03.20 21:45:06.715,1.17082,1.17111,1.00,1.00
2018.03.20 21:45:07.841,1.17081,1.17111,1.00,1.00
2018.03.20 21:45:08.965,1.1708,1.17111,1.00,1.00
2018.03.20 21:45:11.594,1.1708,1.17109,1.00,1.00
2018.03.20 21:45:20.682,1.17079,1.17109,1.00,1.00
2018.03.20 21:45:22.433,1.17083,1.17115,1.00,0.10
2018.03.20 21:45:24.639,1.17079,1.17115,1.00,0.10
2018.03.20 21:45:25.246,1.17078,1.17115,1.50,0.10
2018.03.20 21:45:26.675,1.17079,1.17114,1.00,1.00
2018.03.20 21:45:28.599,1.17078,1.17112,1.50,1.00
2018.03.20 21:45:30.597,1.17078,1.1711,1.50,1.00
2018.03.20 21:45:34.610,1.17077,1.17105,1.00,1.00
2018.03.20 21:45:36.597,1.17077,1.17103,1.00,1.00
2018.03.20 21:45:37.122,1.17076,1.17103,1.00,1.00
2018.03.20 21:45:39.088,1.17075,1.17103,1.19,1.00
2018.03.20 21:45:40.589,1.17075,1.17101,1.19,1.00
2018.03.20 21:45:41.093,1.17075,1.17102,1.19,1.00
2018.03.20 21:45:58.181,1.17075,1.17102,1.00,1.00
2018.03.20 21:46:17.355,1.17081,1.17107,1.00,1.00
2018.03.20 21:46:18.453,1.17081,1.17105,1.00,1.00
2018.03.20 21:46:19.591,1.1708,1.17104,1.00,1.00
2018.03.20 21:46:21.592,1.17079,1.17102,1.00,1.00
2018.03.20 21:46:27.547,1.17077,1.171,1.19,1.00
2018.03.20 21:46:45.905,1.17077,1.171,1.50,1.00
2018.03.20 21:47:12.898,1.17075,1.17098,1.00,1.00
2018.03.20 21:47:13.600,1.17073,1.17096,1.00,1.00
2018.03.20 21:47:15.640,1.17071,1.17094,1.00,1.00
2018.03.20 21:47:17.604,1.17069,1.17092,1.00,1.00
2018.03.20 21:47:23.271,1.17066,1.17089,2.44,1.00
2018.03.20 21:47:32.910,1.1707,1.17093,1.00,1.00
2018.03.20 21:47:36.512,1.17067,1.1709,1.25,1.00
2018.03.20 21:47:40.917,1.17066,1.17087,1.00,1.00
2018.03.20 21:47:41.185,1.17064,1.17087,1.50,1.00
2018.03.20 21:47:43.184,1.17064,1.17086,1.00,1.00
2018.03.20 21:47:44.694,1.17063,1.17086,1.00,1.00
2018.03.20 21:47:45.600,1.17062,1.17084,1.00,1.00
2018.03.20 21:47:46.595,1.17062,1.17086,1.50,1.00
2018.03.20 21:47:53.239,1.17062,1.17086,1.19,1.00
2018.03.20 21:47:56.467,1.17064,1.17086,1.00,1.00
2018.03.20 21:47:57.043,1.17062,1.17086,1.19,1.00
2018.03.20 21:47:59.144,1.17062,1.17086,1.19,1.00
2018.03.20 21:47:59.935,1.17064,1.17087,1.69,1.00
2018.03.20 21:48:00.903,1.17062,1.17085,1.19,1.00
2018.03.20 21:48:01.013,1.17062,1.17085,1.00,1.00
2018.03.20 21:48:03.878,1.17064,1.17085,1.00,1.00
2018.03.20 21:48:04.380,1.17065,1.17085,1.00,1.00
2018.03.20 21:48:04.544,1.17062,1.17085,1.25,1.00
2018.03.20 21:48:05.655,1.17061,1.17085,1.69,1.00
2018.03.20 21:48:07.129,1.17071,1.17094,1.00,1.00
2018.03.20 21:48:07.180,1.17072,1.17096,1.00,1.00
2018.03.20 21:48:07.585,1.17068,1.17104,1.69,1.00
2018.03.20 21:48:07.637,1.17068,1.17108,1.19,1.00
2018.03.20 21:48:09.189,1.17066,1.17109,1.19,1.00
2018.03.20 21:48:10.951,1.17067,1.1711,1.19,1.00
2018.03.20 21:48:12.084,1.17066,1.17111,1.19,1.00
2018.03.20 21:48:14.135,1.17066,1.17111,1.19,1.00
2018.03.20 21:48:14.737,1.17067,1.17112,1.19,1.00
2018.03.20 21:48:16.045,1.17065,1.17114,1.31,1.00
2018.03.20 21:48:17.186,1.17067,1.17114,1.19,1.00
2018.03.20 21:48:19.185,1.17065,1.17115,1.56,1.10
2018.03.20 21:48:21.099,1.17055,1.17115,1.56,0.10
2018.03.20 21:48:21.151,1.17055,1.17115,1.56,0.10
2018.03.20 21:48:22.977,1.17055,1.17115,1.56,0.10
2018.03.20 21:48:24.715,1.17057,1.17115,1.56,0.10
2018.03.20 21:48:27.067,1.17053,1.17115,1.56,0.10
2018.03.20 21:48:27.400,1.17054,1.17115,1.56,0.10
2018.03.20 21:48:30.902,1.17064,1.17115,1.19,0.10
2018.03.20 21:48:31.443,1.17065,1.17115,1.19,0.10
2018.03.20 21:48:32.125,1.17057,1.17115,1.56,0.10
2018.03.20 21:48:36.913,1.1706,1.17115,1.56,0.10
2018.03.20 21:48:36.965,1.17064,1.17115,1.19,0.10
2018.03.20 21:48:37.017,1.17065,1.17115,1.19,0.10
2018.03.20 21:48:41.728,1.17057,1.17115,1.56,0.10
2018.03.20 21:48:42.411,1.17057,1.17115,1.56,0.10
2018.03.20 21:48:48.952,1.17057,1.17115,1.56,0.10
2018.03.20 21:48:49.004,1.17064,1.17115,1.56,0.10
2018.03.20 21:48:49.672,1.17064,1.17115,1.56,0.10
2018.03.20 21:48:51.766,1.17057,1.17115,1.56,0.10
2018.03.20 21:48:52.093,1.17064,1.17115,1.19,0.10
2018.03.20 21:48:52.144,1.17064,1.17115,1.56,0.10
2018.03.20 21:48:52.673,1.17065,1.17115,1.19,0.10
2018.03.20 21:48:57.257,1.17063,1.17115,1.56,0.10
2018.03.20 21:49:00.802,1.17067,1.17115,1.19,0.10
2018.03.20 21:49:02.133,1.17068,1.17115,1.19,0.10
2018.03.20 21:49:05.122,1.17072,1.17115,1.19,0.10
2018.03.20 21:49:05.637,1.17077,1.17115,1.00,0.10
2018.03.20 21:49:09.877,1.17079,1.17113,1.00,1.00
2018.03.20 21:49:11.880,1.17081,1.17112,1.00,1.00
2018.03.20 21:49:14.816,1.17082,1.1711,1.00,1.00
2018.03.20 21:49:15.128,1.17085,1.17109,1.00,1.00
2018.03.20 21:49:18.598,1.17084,1.17107,1.00,1.00
2018.03.20 21:50:18.634,1.17078,1.17114,1.00,1.00
2018.03.20 21:51:33.957,1.17079,1.17114,1.19,1.00
2018.03.20 21:51:34.570,1.17079,1.17114,1.31,1.00
2018.03.20 21:51:36.399,1.17086,1.17109,1.00,1.00
2018.03.20 21:51:56.069,1.17084,1.17107,1.00,1.50
2018.03.20 21:51:57.994,1.17082,1.17105,1.00,1.00
2018.03.20 21:52:00.273,1.17089,1.1711,1.25,1.00
2018.03.20 21:52:01.025,1.17089,1.17111,1.25,1.50
2018.03.20 21:52:01.536,1.17088,1.17111,1.50,1.00
2018.03.20 21:53:00.270,1.17086,1.17113,1.00,1.00
2018.03.20 21:53:00.899,1.17085,1.17113,2.44,1.00
2018.03.20 21:53:07.105,1.17086,1.17112,1.00,1.00
2018.03.20 21:53:08.243,1.17085,1.17113,1.25,1.00
2018.03.20 21:53:10.052,1.17086,1.17109,1.00,1.00
2018.03.20 21:53:12.602,1.17084,1.17107,1.50,1.00
2018.03.20 21:53:13.149,1.17083,1.17106,1.00,1.00
2018.03.20 21:53:16.354,1.17083,1.17106,1.45,1.00
2018.03.20 21:53:16.776,1.17095,1.17114,1.00,1.00
2018.03.20 21:53:17.709,1.17095,1.17115,1.00,0.10
2018.03.20 21:53:19.504,1.17096,1.17115,1.00,0.10
2018.03.20 21:53:40.299,1.17095,1.17115,1.69,0.10
2018.03.20 21:53:40.976,1.17096,1.17115,1.00,0.10
2018.03.20 21:53:42.592,1.17095,1.17115,1.00,0.10
2018.03.20 21:53:48.625,1.17093,1.17115,1.00,0.10
2018.03.20 21:53:55.627,1.17094,1.17115,1.00,0.10
2018.03.20 21:54:10.345,1.17093,1.17115,1.00,0.10
2018.03.20 21:54:11.107,1.17093,1.17114,1.00,1.00
2018.03.20 21:54:12.314,1.17093,1.17115,1.00,1.10
2018.03.20 21:54:14.536,1.17093,1.17115,1.69,0.10
2018.03.20 21:54:15.079,1.17093,1.17115,3.19,0.10
2018.03.20 21:54:16.002,1.17095,1.17115,1.19,0.10
2018.03.20 21:54:16.585,1.17095,1.17115,1.69,0.10
2018.03.20 21:54:17.128,1.17098,1.17115,1.19,0.10
2018.03.20 21:54:17.919,1.17101,1.17115,1.69,0.10
2018.03.20 21:54:18.022,1.17102,1.1712,1.25,0.10
2018.03.20 21:54:18.539,1.17103,1.1712,1.00,0.10
2018.03.20 21:54:19.085,1.17103,1.1712,2.44,0.10
2018.03.20 21:54:19.614,1.17105,1.1712,1.25,0.10
2018.03.20 21:54:20.141,1.17106,1.1712,1.25,0.10
2018.03.20 21:54:20.296,1.17106,1.17131,1.25,1.00
2018.03.20 21:54:20.348,1.17108,1.17133,1.00,1.50
2018.03.20 21:54:24.103,1.17108,1.17135,1.00,1.00
2018.03.20 21:54:28.656,1.17106,1.1713,1.00,1.00
2018.03.20 21:54:28.980,1.17105,1.17126,1.00,1.00
2018.03.20 21:54:31.076,1.17103,1.17126,1.00,1.00
2018.03.20 21:54:32.138,1.17101,1.17123,1.00,1.00
2018.03.20 21:54:33.698,1.17099,1.17122,1.00,1.00
2018.03.20 21:54:34.933,1.17098,1.17121,1.00,1.00
2018.03.20 21:54:37.110,1.17096,1.17119,1.50,1.00
2018.03.20 21:54:38.219,1.17096,1.17118,1.00,1.00
2018.03.20 21:54:38.271,1.17094,1.17117,1.50,1.00
2018.03.20 21:54:39.005,1.17094,1.17115,1.00,1.00
2018.03.20 21:54:39.420,1.17092,1.17115,2.44,1.50
2018.03.20 21:54:40.557,1.17092,1.17113,1.25,1.00
2018.03.20 21:54:42.443,1.17092,1.17112,1.00,1.00
2018.03.20 21:54:43.624,1.17092,1.17111,1.00,1.00
2018.03.20 21:54:44.869,1.17091,1.17111,1.25,1.00
2018.03.20 21:54:48.138,1.17093,1.17111,1.00,1.00
2018.03.20 21:54:54.020,1.17093,1.17113,1.00,1.00
2018.03.20 21:54:55.555,1.17092,1.17113,1.25,1.00
2018.03.20 21:54:55.608,1.17092,1.17115,1.25,1.00
2018.03.20 21:54:58.044,1.17093,1.17117,1.00,1.00
2018.03.20 21:54:58.652,1.17093,1.17114,1.25,1.00
2018.03.20 21:55:00.005,1.17093,1.17116,1.50,1.00
2018.03.20 21:55:12.929,1.17093,1.17115,1.50,1.00
2018.03.20 21:55:14.568,1.17093,1.17113,1.00,1.00
2018.03.20 21:55:15.082,1.17092,1.17113,1.69,1.00
2018.03.20 21:55:16.507,1.17092,1.17112,1.69,1.00
2018.03.20 21:55:17.644,1.17092,1.17111,1.50,1.00
2018.03.20 21:55:19.718,1.17092,1.17112,1.00,1.00
2018.03.20 21:55:20.296,1.17092,1.17111,1.00,1.00
2018.03.20 21:55:30.806,1.17092,1.17113,1.25,1.00
2018.03.20 21:55:30.910,1.17101,1.17118,1.50,1.00
2018.03.20 21:55:30.962,1.17101,1.17122,2.06,1.50
2018.03.20 21:55:32.951,1.17102,1.17124,1.25,1.00
2018.03.20 21:55:34.715,1.17103,1.17125,1.00,1.00
2018.03.20 21:55:36.698,1.17101,1.17127,1.00,1.00
2018.03.20 21:55:36.750,1.17098,1.17129,1.69,1.50
2018.03.20 21:55:37.336,1.17098,1.17129,1.19,1.50
2018.03.20 21:55:37.732,1.17098,1.17121,1.00,1.00
2018.03.20 21:55:39.874,1.17097,1.17119,1.00,1.00
2018.03.20 21:55:40.495,1.17095,1.17116,1.50,1.00
2018.03.20 21:55:41.779,1.17094,1.17116,1.00,1.00
2018.03.20 21:55:42.619,1.17093,1.17115,1.25,1.00
2018.03.20 21:55:42.927,1.17095,1.17114,1.00,1.00
2018.03.20 21:55:43.246,1.17097,1.17115,1.00,1.00
2018.03.20 21:55:43.298,1.17097,1.17117,1.00,3.00
2018.03.20 21:55:43.349,1.17095,1.17117,1.69,3.00
2018.03.20 21:55:43.502,1.17095,1.17114,1.00,1.00
2018.03.20 21:55:48.429,1.17095,1.17113,1.00,1.00
2018.03.20 21:55:50.538,1.17095,1.17112,1.00,1.00
2018.03.20 21:55:53.623,1.17094,1.17112,1.00,1.00
2018.03.20 21:56:07.634,1.17094,1.17113,1.00,1.00
2018.03.20 21:56:09.667,1.17094,1.17115,1.00,1.50
2018.03.20 21:56:11.067,1.17094,1.17114,1.00,1.00
2018.03.20 21:56:12.482,1.17094,1.17112,1.00,1.00
2018.03.20 21:56:13.379,1.17093,1.17112,1.25,1.00
2018.03.20 21:56:16.247,1.17094,1.17112,1.00,1.00
2018.03.20 21:56:18.988,1.17094,1.17113,1.25,1.50
2018.03.20 21:56:20.731,1.17093,1.17113,1.25,1.50
2018.03.20 21:56:22.085,1.17093,1.17112,1.25,1.00
2018.03.20 21:56:25.847,1.17091,1.17112,1.69,1.00
2018.03.20 21:56:26.530,1.17093,1.17112,1.25,1.00
2018.03.20 21:56:30.713,1.17093,1.17112,1.19,1.00
2018.03.20 21:56:34.387,1.17094,1.17113,1.25,1.00
2018.03.20 21:56:34.996,1.17094,1.17112,1.25,1.00
2018.03.20 21:56:36.674,1.17094,1.17114,1.25,1.50
2018.03.20 21:56:37.119,1.17102,1.17123,1.12,1.12
2018.03.20 21:56:38.377,1.17103,1.17125,1.25,1.50
2018.03.20 21:56:40.708,1.17101,1.17127,1.00,1.00
2018.03.20 21:56:42.692,1.171,1.17127,1.00,1.00
2018.03.20 21:56:43.103,1.17098,1.17124,2.44,1.00
2018.03.20 21:56:43.855,1.17096,1.17121,1.19,1.00
2018.03.20 21:56:44.401,1.17096,1.17121,1.25,1.00
2018.03.20 21:56:44.815,1.17094,1.17118,1.50,1.00
2018.03.20 21:56:46.190,1.17092,1.17115,2.44,1.50
2018.03.20 21:56:47.543,1.17092,1.17113,1.69,1.00
2018.03.20 21:56:48.097,1.17092,1.17113,1.50,1.00
2018.03.20 21:56:48.650,1.17092,1.17113,1.69,1.00
2018.03.20 21:56:50.957,1.17092,1.17112,1.69,1.00
2018.03.20 21:56:51.686,1.17092,1.17112,1.25,1.00
2018.03.20 21:56:53.114,1.17091,1.17111,2.44,1.00
2018.03.20 21:56:53.647,1.17091,1.17111,2.44,1.00
2018.03.20 21:56:54.858,1.17092,1.17115,1.69,1.50
2018.03.20 21:56:55.650,1.17093,1.17115,1.00,1.00
2018.03.20 21:57:29.649,1.17094,1.17117,1.00,1.00
2018.03.20 21:57:46.556,1.17096,1.17117,1.00,1.00
2018.03.20 21:57:46.764,1.17098,1.1712,1.00,1.00
2018.03.20 21:57:46.939,1.171,1.17123,1.00,1.00
2018.03.20 21:58:00.309,1.17098,1.17121,1.50,1.00
2018.03.20 21:58:05.596,1.17099,1.17121,1.00,1.00
2018.03.20 21:58:08.560,1.17098,1.17121,1.50,1.00
2018.03.20 21:58:32.332,1.17096,1.17119,1.00,1.00
2018.03.20 21:58:58.040,1.17097,1.1712,1.00,1.00
2018.03.20 21:59:00.085,1.1709,1.1713,1.00,1.00
2018.03.20 21:59:00.620,1.1709,1.17133,1.25,1.00
2018.03.20 21:59:00.673,1.17095,1.17133,1.00,1.00
2018.03.20 21:59:00.726,1.17098,1.17147,1.00,1.00
2018.03.20 21:59:00.880,1.17098,1.1715,1.00,1.00
2018.03.20 21:59:02.482,1.17095,1.1715,0.19,0.75
2018.03.20 21:59:02.534,1.17096,1.17139,0.75,0.75
2018.03.20 21:59:03.430,1.17094,1.17139,0.75,0.75
2018.03.20 21:59:03.619,1.17098,1.17139,0.75,0.75
2018.03.20 21:59:04.534,1.17094,1.17139,0.75,0.75
2018.03.20 21:59:04.638,1.17098,1.17139,0.75,0.75
2018.03.20 21:59:05.418,1.17097,1.17139,0.75,0.75
2018.03.20 21:59:05.580,1.17094,1.17139,0.94,0.75
2018.03.20 21:59:05.683,1.17097,1.17139,0.75,0.75
2018.03.20 21:59:06.573,1.17098,1.17139,0.75,0.75
2018.03.20 21:59:07.645,1.17094,1.17139,0.75,0.75
2018.03.20 21:59:07.748,1.17098,1.17139,0.75,0.75
2018.03.20 21:59:08.744,1.17094,1.17139,0.75,0.75
2018.03.20 21:59:08.879,1.17098,1.17139,0.75,0.75
2018.03.20 21:59:15.882,1.17099,1.17139,0.75,0.75
2018.03.20 21:59:16.537,1.171,1.17139,0.75,0.75
2018.03.20 21:59:21.599,1.17094,1.17139,0.75,0.75
2018.03.20 21:59:21.753,1.171,1.17139,0.75,0.75
2018.03.20 21:59:22.947,1.17098,1.17139,0.75,0.75
2018.03.20 21:59:23.103,1.171,1.17139,0.75,0.75
2018.03.20 21:59:24.049,1.17094,1.17139,0.94,0.75
2018.03.20 21:59:24.101,1.171,1.17139,0.75,0.75
2018.03.20 21:59:41.357,1.17102,1.1714,0.75,0.75
2018.03.20 21:59:41.633,1.17098,1.1714,0.75,0.75
2018.03.20 21:59:41.737,1.17094,1.1714,0.75,0.75
2018.03.20 21:59:41.842,1.17094,1.17131,0.75,0.75
2018.03.20 21:59:41.895,1.17094,1.1714,0.75,0.75
2018.03.20 21:59:42.175,1.17094,1.17134,0.75,0.75
2018.03.20 21:59:43.708,1.17093,1.17143,1.50,0.75
2018.03.20 21:59:43.846,1.17095,1.1714,0.75,0.75
2018.03.20 21:59:44.763,1.17093,1.1714,1.50,0.75
2018.03.20 21:59:44.865,1.17095,1.1714,0.75,0.75
2018.03.20 21:59:57.260,1.17093,1.1714,2.25,0.75
2018.03.20 21:59:57.955,1.17094,1.1714,0.75,0.75
2018.03.20 21:59:58.006,1.17098,1.1714,0.75,0.75
2018.03.20 21:59:58.652,1.17099,1.1714,0.75,0.75
2018.03.20 21:59:59.363,1.17098,1.1714,0.75,0.75
