2013.12.05 11:00:02.885,1.22631,1.22643,2.33,1.88
2013.12.05 11:00:03.353,1.22629,1.22641,2.33,1.00
2013.12.05 11:00:03.555,1.22631,1.22644,2.33,1.10
2013.12.05 11:00:03.872,1.22633,1.22644,2.33,1.32
2013.12.05 11:00:04.125,1.22631,1.22645,2.33,2.03
2013.12.05 11:00:06.509,1.22631,1.22644,2.33,1.20
2013.12.05 11:00:06.763,1.22631,1.22645,2.33,1.18
2013.12.05 11:00:06.864,1.22631,1.22644,2.33,1.20
2013.12.05 11:00:07.066,1.22629,1.22644,2.33,1.28
2013.12.05 11:00:07.826,1.22629,1.22642,2.33,1.20
2013.12.05 11:00:08.540,1.22629,1.22639,2.33,1.00
2013.12.05 11:00:08.889,1.22629,1.22644,2.33,2.40
2013.12.05 11:00:12.169,1.22629,1.2264,4.58,1.00
2013.12.05 11:00:12.706,1.22631,1.2264,2.33,1.00
2013.12.05 11:00:13.810,1.22631,1.22638,2.33,1.13
2013.12.05 11:00:13.912,1.22631,1.22641,2.33,1.00
2013.12.05 11:00:13.963,1.22631,1.22638,2.33,1.00
2013.12.05 11:00:14.266,1.22629,1.22639,2.33,1.00
2013.12.05 11:00:22.870,1.22629,1.22639,2.33,1.88
2013.12.05 11:00:23.842,1.22629,1.22641,2.33,2.07
2013.12.05 11:00:24.644,1.22627,1.22642,2.33,1.72
2013.12.05 11:00:35.266,1.22628,1.22638,2.33,1.00
2013.12.05 11:00:35.696,1.22628,1.2264,2.89,1.00
2013.12.05 11:00:36.051,1.2263,1.22639,3.45,1.00
2013.12.05 11:00:39.105,1.22629,1.22639,2.33,1.00
2013.12.05 11:00:39.257,1.22628,1.22642,3.08,1.18
2013.12.05 11:00:39.762,1.2263,1.22643,5.33,1.10
2013.12.05 11:00:40.480,1.22632,1.22641,1.47,1.00
2013.12.05 11:00:44.336,1.22631,1.22641,2.89,1.00
2013.12.05 11:00:44.866,1.22632,1.22641,2.89,1.00
2013.12.05 11:00:45.200,1.2263,1.2264,4.77,1.00
2013.12.05 11:00:48.898,1.22633,1.2264,1.15,1.00
2013.12.05 11:00:49.150,1.2263,1.2264,2.33,1.00
2013.12.05 11:00:49.638,1.22633,1.2264,1.39,1.00
2013.12.05 11:00:50.151,1.22633,1.22639,1.47,1.00
2013.12.05 11:00:53.595,1.22632,1.22641,2.89,1.00
2013.12.05 11:00:53.746,1.22631,1.22641,1.28,1.00
2013.12.05 11:00:54.478,1.2263,1.2264,3.08,1.00
2013.12.05 11:00:54.672,1.2263,1.22643,3.08,1.10
2013.12.05 11:00:55.076,1.22629,1.22643,2.33,1.64
2013.12.05 11:00:55.799,1.22628,1.22642,3.64,1.18
2013.12.05 11:01:07.007,1.22628,1.22642,2.33,1.15
2013.12.05 11:01:07.058,1.22626,1.22642,4.02,3.08
2013.12.05 11:01:14.668,1.22628,1.22642,2.33,1.18
2013.12.05 11:01:16.678,1.22628,1.2264,2.33,1.00
2013.12.05 11:01:24.202,1.22628,1.22641,3.08,1.10
2013.12.05 11:01:24.505,1.22626,1.22641,3.45,2.03
2013.12.05 11:01:25.579,1.22626,1.2264,1.74,2.33
2013.12.05 11:01:26.135,1.22627,1.2264,1.28,1.18
2013.12.05 11:01:26.442,1.22628,1.22642,2.89,1.18
2013.12.05 11:01:30.107,1.22633,1.22641,1.13,1.10
2013.12.05 11:01:30.208,1.22631,1.22641,1.28,1.00
2013.12.05 11:01:32.283,1.22631,1.22642,1.28,1.00
2013.12.05 11:01:34.132,1.22631,1.22641,1.28,1.00
2013.12.05 11:01:34.637,1.22632,1.22641,1.28,1.00
2013.12.05 11:01:40.706,1.22634,1.22641,1.13,1.10
2013.12.05 11:01:41.326,1.22634,1.22642,1.13,1.00
2013.12.05 11:01:45.970,1.22632,1.22642,1.28,1.00
2013.12.05 11:01:49.191,1.22635,1.22641,1.13,1.00
2013.12.05 11:01:49.250,1.22634,1.22641,1.00,1.00
2013.12.05 11:01:49.351,1.22634,1.22643,1.00,1.10
2013.12.05 11:01:49.870,1.22631,1.22643,1.28,1.10
2013.12.05 11:01:50.374,1.2263,1.22642,3.45,1.00
2013.12.05 11:01:51.907,1.22634,1.22642,1.00,1.00
2013.12.05 11:01:52.362,1.2263,1.22642,1.28,1.18
2013.12.05 11:02:05.777,1.22629,1.22642,2.03,1.18
2013.12.05 11:02:10.170,1.22629,1.22638,1.28,1.00
2013.12.05 11:02:11.915,1.2263,1.22638,1.28,1.00
2013.12.05 11:02:26.637,1.2263,1.22638,1.28,1.00
2013.12.05 11:02:33.760,1.2263,1.22638,1.28,1.00
2013.12.05 11:02:35.919,1.2263,1.2264,1.28,1.00
2013.12.05 11:03:01.204,1.2263,1.22642,1.13,1.00
2013.12.05 11:03:07.273,1.2263,1.22642,1.13,1.00
2013.12.05 11:03:09.696,1.2263,1.22642,2.89,1.00
2013.12.05 11:03:14.528,1.2263,1.2264,2.33,1.00
2013.12.05 11:03:14.630,1.22628,1.2264,4.20,1.00
2013.12.05 11:03:15.452,1.22626,1.22641,2.33,1.15
2013.12.05 11:03:18.559,1.22626,1.22639,2.33,1.67
2013.12.05 11:03:18.610,1.22625,1.22639,3.08,3.57
2013.12.05 11:03:18.660,1.22625,1.22639,1.18,3.64
2013.12.05 11:03:20.849,1.22625,1.2264,3.83,3.08
2013.12.05 11:03:21.429,1.22625,1.2264,3.83,1.15
2013.12.05 11:03:29.048,1.22627,1.22639,2.33,1.00
2013.12.05 11:03:32.820,1.22627,1.22638,2.33,1.00
2013.12.05 11:03:32.972,1.22625,1.22638,3.08,1.10
2013.12.05 11:03:33.501,1.22625,1.22637,3.08,1.00
2013.12.05 11:03:34.210,1.22625,1.22639,3.08,1.47
2013.12.05 11:03:36.074,1.22627,1.22639,2.33,1.00
2013.12.05 11:03:36.176,1.22625,1.22639,3.08,1.18
2013.12.05 11:03:36.940,1.22627,1.22642,2.33,2.22
2013.12.05 11:03:37.256,1.22625,1.2264,3.45,1.15
2013.12.05 11:03:39.783,1.22627,1.2264,2.33,1.47
2013.12.05 11:03:39.935,1.22625,1.2264,3.08,1.47
2013.12.05 11:03:40.704,1.22627,1.22641,1.15,3.08
2013.12.05 11:03:40.755,1.22627,1.22641,3.08,1.18
2013.12.05 11:03:46.730,1.22627,1.22641,3.08,2.03
2013.12.05 11:03:47.261,1.22627,1.22641,4.95,1.18
2013.12.05 11:04:01.091,1.22626,1.22641,5.82,1.18
2013.12.05 11:04:22.370,1.22626,1.2264,1.18,2.89
2013.12.05 11:04:31.464,1.22624,1.22638,3.08,1.28
2013.12.05 11:04:31.969,1.22624,1.22637,5.14,1.10
2013.12.05 11:04:43.086,1.22623,1.22639,2.70,2.33
2013.12.05 11:04:48.696,1.22623,1.22637,2.33,1.15
2013.12.05 11:04:48.747,1.22622,1.22637,2.59,3.08
2013.12.05 11:04:51.582,1.22622,1.22635,1.65,3.45
2013.12.05 11:04:51.736,1.22619,1.22633,1.18,2.33
2013.12.05 11:04:51.838,1.22617,1.22631,1.55,3.08
2013.12.05 11:04:52.142,1.22614,1.22624,3.08,1.00
2013.12.05 11:04:52.294,1.22614,1.22629,3.45,1.28
2013.12.05 11:05:02.106,1.22614,1.22626,3.08,1.00
2013.12.05 11:05:02.611,1.22615,1.22629,2.40,1.15
2013.12.05 11:05:07.313,1.22615,1.2263,5.70,2.33
2013.12.05 11:05:07.477,1.22616,1.22632,2.89,3.08
2013.12.05 11:05:19.154,1.22617,1.22625,1.15,1.13
2013.12.05 11:05:19.306,1.22614,1.22627,1.58,2.33
2013.12.05 11:05:24.961,1.22614,1.22627,1.20,2.33
2013.12.05 11:05:25.163,1.22614,1.22629,2.03,3.08
2013.12.05 11:05:40.871,1.22615,1.22629,1.93,2.33
2013.12.05 11:05:40.988,1.22614,1.22627,1.15,1.28
2013.12.05 11:05:41.310,1.22612,1.22626,2.25,1.15
2013.12.05 11:05:52.790,1.22612,1.22627,2.33,2.33
2013.12.05 11:05:52.841,1.22613,1.22628,2.33,2.22
2013.12.05 11:05:56.060,1.22612,1.22627,2.33,2.33
2013.12.05 11:05:56.674,1.22611,1.22627,4.58,2.33
2013.12.05 11:06:00.377,1.22616,1.22628,2.44,2.25
2013.12.05 11:06:00.428,1.22616,1.22631,2.52,2.40
2013.12.05 11:06:02.827,1.22616,1.22627,2.52,1.00
2013.12.05 11:06:15.038,1.22616,1.22631,3.45,1.32
2013.12.05 11:06:15.293,1.22618,1.2263,1.28,1.18
2013.12.05 11:06:15.394,1.22621,1.22631,1.65,1.00
2013.12.05 11:06:15.445,1.22621,1.22635,1.65,1.28
2013.12.05 11:06:16.783,1.22622,1.22635,2.52,1.18
2013.12.05 11:06:17.438,1.22622,1.22635,2.52,1.10
2013.12.05 11:06:32.388,1.22624,1.22635,1.00,1.15
2013.12.05 11:06:34.311,1.22624,1.22635,1.08,1.18
2013.12.05 11:06:34.824,1.22624,1.22635,1.18,1.10
2013.12.05 11:06:35.637,1.22624,1.22634,1.18,1.00
2013.12.05 11:06:43.096,1.22622,1.22636,2.33,1.18
2013.12.05 11:06:43.401,1.22622,1.22633,2.89,1.00
2013.12.05 11:06:44.668,1.22622,1.22634,2.33,1.00
2013.12.05 11:06:51.598,1.22622,1.22635,3.27,1.10
2013.12.05 11:06:55.145,1.22622,1.22635,1.40,1.18
2013.12.05 11:07:00.542,1.22623,1.22635,3.64,1.10
2013.12.05 11:07:21.099,1.22624,1.22635,2.89,1.00
2013.12.05 11:07:22.507,1.22624,1.22637,2.33,1.10
2013.12.05 11:07:22.611,1.22626,1.22635,2.33,1.00
2013.12.05 11:07:22.763,1.22626,1.22641,2.33,3.83
2013.12.05 11:07:23.268,1.22626,1.22639,2.33,1.10
2013.12.05 11:07:26.024,1.22628,1.22639,2.33,1.00
2013.12.05 11:07:26.327,1.22634,1.22645,1.20,1.28
2013.12.05 11:07:26.378,1.22634,1.22644,3.45,1.00
2013.12.05 11:07:26.580,1.22634,1.22642,3.08,1.00
2013.12.05 11:07:26.851,1.22634,1.22644,2.33,1.00
2013.12.05 11:07:26.953,1.22631,1.22644,2.33,1.10
2013.12.05 11:07:27.155,1.2263,1.22643,1.15,1.18
2013.12.05 11:07:30.468,1.22629,1.22643,2.33,1.28
2013.12.05 11:07:37.095,1.22629,1.22638,3.08,1.13
2013.12.05 11:07:37.197,1.22628,1.2264,1.15,1.17
2013.12.05 11:07:37.299,1.22628,1.2264,1.00,2.89
2013.12.05 11:07:37.501,1.22628,1.22641,1.18,1.28
2013.12.05 11:07:39.824,1.22626,1.2264,1.65,2.33
2013.12.05 11:07:46.097,1.22628,1.2264,1.13,2.33
2013.12.05 11:07:46.249,1.22628,1.22642,1.28,2.33
2013.12.05 11:07:47.924,1.22628,1.22642,1.93,2.33
2013.12.05 11:07:48.631,1.22627,1.22642,1.28,2.33
2013.12.05 11:07:49.227,1.22627,1.2264,1.15,1.28
2013.12.05 11:07:49.329,1.22624,1.2264,4.20,3.45
2013.12.05 11:07:50.626,1.22624,1.22637,1.15,1.20
2013.12.05 11:07:50.828,1.22624,1.2264,3.08,4.20
2013.12.05 11:07:52.717,1.22624,1.22637,3.08,1.20
2013.12.05 11:07:53.020,1.22624,1.22637,1.18,1.28
2013.12.05 11:07:54.694,1.22624,1.22638,1.15,2.89
2013.12.05 11:07:54.745,1.22624,1.2264,3.08,3.45
2013.12.05 11:07:55.251,1.22624,1.22638,3.08,1.28
2013.12.05 11:07:57.673,1.22624,1.22638,1.15,3.45
2013.12.05 11:07:58.232,1.22623,1.22638,2.63,3.45
2013.12.05 11:07:58.383,1.22624,1.22632,1.18,1.13
2013.12.05 11:07:58.485,1.22624,1.22634,1.18,1.13
2013.12.05 11:07:59.002,1.22624,1.22635,1.00,1.28
2013.12.05 11:07:59.154,1.22625,1.22632,1.00,1.13
2013.12.05 11:08:00.114,1.22623,1.2263,1.00,1.13
2013.12.05 11:08:00.165,1.22623,1.2263,1.50,1.13
2013.12.05 11:08:00.266,1.22623,1.22634,1.50,3.45
2013.12.05 11:08:00.932,1.22623,1.22633,1.58,1.28
2013.12.05 11:08:02.075,1.22623,1.22631,1.58,1.13
2013.12.05 11:08:02.227,1.22625,1.22634,1.00,1.28
2013.12.05 11:08:02.770,1.22625,1.22636,1.00,3.45
2013.12.05 11:08:03.602,1.22625,1.22638,1.10,3.08
2013.12.05 11:08:04.374,1.22625,1.22633,1.10,1.13
2013.12.05 11:08:05.025,1.22625,1.22635,1.00,1.80
2013.12.05 11:08:07.333,1.22625,1.22633,1.00,1.20
2013.12.05 11:08:07.646,1.22625,1.22635,1.00,1.24
2013.12.05 11:08:08.918,1.22625,1.22632,1.00,1.13
2013.12.05 11:08:09.452,1.22623,1.22635,3.08,2.25
2013.12.05 11:08:09.764,1.22623,1.22635,3.08,1.10
2013.12.05 11:08:11.466,1.22625,1.22638,1.18,1.15
2013.12.05 11:08:15.697,1.22623,1.22636,3.83,1.67
2013.12.05 11:08:16.202,1.22623,1.22636,3.83,1.10
2013.12.05 11:08:45.576,1.22624,1.22637,1.15,1.55
2013.12.05 11:08:48.815,1.22624,1.22637,1.15,1.55
2013.12.05 11:08:54.570,1.22623,1.22636,3.83,1.48
2013.12.05 11:08:58.093,1.22623,1.22636,3.08,1.10
2013.12.05 11:08:59.814,1.22625,1.22641,3.45,3.20
2013.12.05 11:09:00.168,1.22625,1.22634,3.08,1.00
2013.12.05 11:09:00.270,1.22625,1.2264,3.08,1.53
2013.12.05 11:09:05.360,1.22625,1.22637,3.08,1.00
2013.12.05 11:09:05.886,1.22624,1.22639,2.33,2.70
2013.12.05 11:09:06.412,1.22623,1.22639,3.45,2.70
2013.12.05 11:09:08.482,1.22623,1.22639,3.45,3.08
2013.12.05 11:09:10.180,1.22622,1.22637,1.15,2.33
2013.12.05 11:09:13.535,1.22625,1.22637,1.00,2.33
2013.12.05 11:09:13.586,1.22625,1.22637,1.00,3.08
2013.12.05 11:09:13.765,1.22622,1.22635,1.15,1.18
2013.12.05 11:09:17.211,1.22622,1.22634,1.00,2.33
2013.12.05 11:09:17.832,1.2262,1.22634,1.18,2.33
2013.12.05 11:09:18.367,1.2262,1.22635,3.08,2.33
2013.12.05 11:09:18.824,1.22624,1.22638,1.18,2.33
2013.12.05 11:09:19.280,1.22624,1.22636,1.00,2.33
2013.12.05 11:09:19.482,1.22622,1.22637,3.08,1.15
2013.12.05 11:09:19.583,1.22624,1.22636,1.00,3.08
2013.12.05 11:09:20.142,1.22622,1.22636,1.18,2.33
2013.12.05 11:09:20.446,1.22623,1.22637,1.95,2.33
2013.12.05 11:09:20.598,1.22624,1.22638,3.64,1.18
2013.12.05 11:09:22.336,1.22624,1.22639,3.08,3.83
2013.12.05 11:09:22.387,1.22624,1.22638,1.18,2.33
2013.12.05 11:09:29.514,1.22622,1.22636,1.28,2.33
2013.12.05 11:09:29.817,1.22622,1.22636,3.08,1.18
2013.12.05 11:09:36.442,1.22622,1.22636,2.33,1.15
2013.12.05 11:09:36.492,1.2262,1.22636,3.08,3.08
2013.12.05 11:09:42.363,1.22622,1.22636,2.03,2.33
2013.12.05 11:09:42.415,1.22623,1.22636,2.89,2.25
2013.12.05 11:09:42.466,1.22624,1.22637,3.08,1.10
2013.12.05 11:09:43.989,1.22624,1.22636,3.08,1.00
2013.12.05 11:09:44.580,1.22626,1.2264,1.18,2.33
2013.12.05 11:10:03.204,1.22625,1.22639,1.18,4.20
2013.12.05 11:10:10.553,1.22623,1.22637,3.08,2.03
2013.12.05 11:10:12.216,1.22623,1.22639,3.83,4.20
2013.12.05 11:10:12.520,1.22623,1.22636,3.83,1.95
2013.12.05 11:10:12.570,1.22623,1.22636,1.58,4.20
2013.12.05 11:10:13.088,1.22621,1.22636,2.03,4.20
2013.12.05 11:10:15.704,1.22621,1.22631,2.03,1.13
2013.12.05 11:10:15.907,1.22621,1.22631,1.95,1.20
2013.12.05 11:10:18.957,1.22621,1.22633,1.95,1.73
2013.12.05 11:10:20.633,1.22621,1.22631,1.20,1.20
2013.12.05 11:10:21.795,1.2262,1.22633,1.55,1.17
2013.12.05 11:10:21.898,1.2262,1.22635,3.45,4.43
2013.12.05 11:10:22.201,1.22624,1.22638,1.28,2.89
2013.12.05 11:10:22.252,1.22624,1.22635,1.28,1.20
2013.12.05 11:10:22.790,1.22622,1.22635,1.95,3.45
2013.12.05 11:10:26.293,1.22622,1.22633,1.20,1.28
2013.12.05 11:10:26.597,1.22622,1.22637,1.15,3.45
2013.12.05 11:10:30.331,1.22621,1.22636,3.45,2.33
2013.12.05 11:10:30.382,1.22621,1.22635,1.18,2.33
2013.12.05 11:10:32.019,1.22621,1.22633,1.10,2.33
2013.12.05 11:10:38.670,1.2262,1.22633,1.10,2.33
2013.12.05 11:10:39.195,1.22619,1.22633,1.50,2.33
2013.12.05 11:11:12.015,1.22621,1.22634,1.20,2.89
2013.12.05 11:11:12.714,1.22621,1.22635,1.28,4.20
2013.12.05 11:11:19.035,1.22621,1.22632,1.28,1.20
2013.12.05 11:11:24.072,1.22621,1.22635,1.28,5.22
2013.12.05 11:11:38.388,1.22621,1.22632,1.28,1.20
2013.12.05 11:11:38.902,1.22621,1.22632,1.28,1.20
2013.12.05 11:11:40.920,1.22621,1.22634,1.28,1.73
2013.12.05 11:11:41.035,1.22621,1.2263,1.28,1.13
2013.12.05 11:11:41.542,1.22619,1.2263,1.88,1.20
2013.12.05 11:11:44.982,1.22619,1.2263,1.88,1.54
2013.12.05 11:11:49.561,1.2262,1.22631,1.48,1.28
2013.12.05 11:12:06.009,1.22619,1.22633,1.13,3.34
2013.12.05 11:12:06.531,1.22619,1.22631,1.88,1.28
2013.12.05 11:12:11.743,1.22619,1.22629,1.55,1.13
2013.12.05 11:12:12.047,1.22622,1.22627,1.08,1.00
2013.12.05 11:12:12.503,1.22624,1.22632,1.10,1.13
2013.12.05 11:12:12.970,1.22623,1.22632,1.88,1.13
2013.12.05 11:12:13.071,1.22623,1.22632,1.88,1.13
2013.12.05 11:12:14.498,1.22623,1.22632,1.55,1.13
2013.12.05 11:12:18.980,1.22623,1.22634,1.38,2.48
2013.12.05 11:12:22.533,1.22622,1.22631,1.43,1.20
2013.12.05 11:12:42.280,1.22621,1.22633,2.08,1.24
2013.12.05 11:12:42.482,1.22621,1.22631,2.25,1.13
2013.12.05 11:12:48.431,1.22621,1.22628,1.70,1.13
2013.12.05 11:12:48.684,1.22621,1.22629,2.70,1.13
2013.12.05 11:12:49.942,1.22621,1.22631,2.70,1.13
2013.12.05 11:12:54.586,1.2262,1.22632,2.25,1.39
2013.12.05 11:13:51.262,1.22623,1.22634,6.08,1.28
2013.12.05 11:13:51.414,1.22623,1.22634,6.15,1.13
2013.12.05 11:13:51.963,1.22623,1.2263,6.08,1.00
2013.12.05 11:13:52.267,1.22612,1.22621,2.40,1.00
2013.12.05 11:13:52.838,1.22612,1.2262,1.15,1.00
2013.12.05 11:14:01.314,1.2261,1.2262,2.25,1.00
2013.12.05 11:14:01.687,1.22611,1.2262,3.83,1.00
2013.12.05 11:14:01.788,1.22611,1.2262,1.18,1.00
2013.12.05 11:14:12.741,1.22611,1.2262,4.39,1.00
2013.12.05 11:14:28.801,1.22611,1.2262,1.18,1.57
2013.12.05 11:14:28.902,1.22609,1.2262,1.88,1.67
2013.12.05 11:14:49.059,1.22609,1.22621,1.13,2.03
2013.12.05 11:14:58.967,1.22609,1.22621,1.13,1.39
2013.12.05 11:14:59.068,1.22609,1.22621,1.45,1.39
2013.12.05 11:15:00.588,1.2261,1.22621,2.33,1.00
2013.12.05 11:15:00.911,1.2261,1.22621,2.33,1.88
2013.12.05 11:15:01.214,1.2261,1.22622,1.00,4.13
2013.12.05 11:15:01.315,1.2261,1.22622,1.15,1.10
2013.12.05 11:15:01.517,1.2261,1.22622,2.40,1.95
2013.12.05 11:15:01.823,1.22609,1.22618,3.30,1.13
2013.12.05 11:15:01.873,1.22609,1.22618,1.13,1.13
2013.12.05 11:15:03.905,1.22608,1.22619,2.63,1.13
2013.12.05 11:15:09.198,1.22608,1.22621,2.63,2.48
2013.12.05 11:15:09.765,1.22609,1.2262,1.28,1.20
2013.12.05 11:15:12.399,1.2261,1.22621,1.58,2.03
2013.12.05 11:15:15.609,1.2261,1.22619,1.58,1.13
2013.12.05 11:15:19.261,1.2261,1.22618,1.58,1.13
2013.12.05 11:15:22.633,1.22608,1.22618,2.63,1.13
2013.12.05 11:15:23.302,1.22608,1.22618,2.55,1.20
2013.12.05 11:15:25.280,1.22608,1.22619,2.55,1.20
2013.12.05 11:15:33.722,1.22608,1.22615,2.63,1.13
2013.12.05 11:15:34.489,1.22606,1.22614,4.88,1.13
2013.12.05 11:15:34.692,1.22609,1.22616,1.13,1.09
2013.12.05 11:15:39.228,1.22608,1.22618,1.73,1.28
2013.12.05 11:15:45.523,1.2261,1.2262,1.00,1.73
2013.12.05 11:15:45.625,1.2261,1.22616,1.00,1.13
2013.12.05 11:15:45.929,1.22608,1.22614,1.43,1.13
2013.12.05 11:15:48.030,1.22608,1.22614,1.80,1.13
2013.12.05 11:15:48.282,1.22608,1.22617,1.80,1.13
2013.12.05 11:15:52.404,1.22608,1.22617,1.88,1.13
2013.12.05 11:15:53.926,1.22608,1.22617,1.88,1.13
2013.12.05 11:15:54.179,1.22608,1.22615,1.80,1.13
2013.12.05 11:15:55.237,1.22608,1.22618,1.80,1.28
2013.12.05 11:16:08.333,1.22608,1.2262,1.05,1.82
2013.12.05 11:16:08.837,1.22608,1.2262,1.13,1.67
2013.12.05 11:16:09.607,1.22608,1.22619,1.13,1.13
2013.12.05 11:16:09.708,1.22608,1.2262,1.88,1.05
2013.12.05 11:16:10.214,1.22609,1.22621,2.70,1.10
2013.12.05 11:16:10.736,1.22609,1.2262,2.70,1.00
2013.12.05 11:16:22.900,1.22609,1.2262,2.70,1.88
2013.12.05 11:16:29.061,1.22609,1.22616,3.45,1.13
2013.12.05 11:16:29.163,1.22609,1.22619,3.45,1.28
2013.12.05 11:16:29.264,1.22609,1.22619,1.28,1.13
2013.12.05 11:16:30.362,1.22609,1.22614,1.20,1.13
2013.12.05 11:16:30.615,1.22609,1.22617,1.20,1.13
2013.12.05 11:16:39.327,1.22609,1.22618,1.13,1.20
2013.12.05 11:16:39.885,1.22609,1.22618,1.28,1.13
2013.12.05 11:16:41.029,1.22613,1.22622,3.08,1.43
2013.12.05 11:16:41.080,1.22613,1.22624,3.08,2.07
2013.12.05 11:16:41.131,1.22612,1.22621,1.00,3.23
2013.12.05 11:16:41.232,1.22611,1.22621,3.08,1.00
2013.12.05 11:16:41.283,1.22611,1.22619,3.08,1.13
2013.12.05 11:16:41.334,1.22611,1.22618,1.00,1.20
2013.12.05 11:16:42.093,1.22608,1.22618,1.48,1.20
2013.12.05 11:16:43.745,1.22611,1.22618,1.00,1.20
2013.12.05 11:16:44.050,1.22612,1.2262,2.18,1.20
2013.12.05 11:16:44.353,1.22609,1.22616,1.13,1.20
2013.12.05 11:16:44.668,1.22606,1.22616,4.05,1.20
2013.12.05 11:16:46.335,1.22606,1.22614,3.68,1.13
2013.12.05 11:16:46.437,1.22607,1.22614,1.35,1.13
2013.12.05 11:16:46.690,1.22607,1.22617,1.80,1.35
2013.12.05 11:16:46.791,1.22607,1.22614,1.80,1.13
2013.12.05 11:16:47.044,1.22607,1.22616,1.80,1.13
2013.12.05 11:16:47.570,1.22607,1.22616,1.73,1.20
2013.12.05 11:16:56.058,1.22607,1.22614,1.73,1.13
2013.12.05 11:16:56.724,1.22608,1.22614,1.10,1.13
2013.12.05 11:17:01.120,1.22608,1.22615,1.00,1.13
2013.12.05 11:17:01.439,1.22607,1.22618,1.80,1.28
2013.12.05 11:17:02.828,1.22608,1.22618,1.00,1.28
2013.12.05 11:17:02.879,1.2261,1.22618,2.85,1.28
2013.12.05 11:17:03.962,1.22607,1.22618,1.55,1.20
2013.12.05 11:17:08.927,1.22607,1.22615,1.55,1.13
2013.12.05 11:17:09.382,1.22612,1.22617,1.00,1.09
2013.12.05 11:17:09.483,1.22613,1.2262,5.33,1.17
2013.12.05 11:17:09.989,1.22613,1.22619,5.25,1.13
2013.12.05 11:17:14.334,1.22613,1.22622,5.33,1.13
2013.12.05 11:17:19.858,1.22609,1.22618,3.38,1.13
2013.12.05 11:17:20.161,1.22609,1.22615,1.35,1.13
2013.12.05 11:17:21.442,1.22609,1.22615,1.30,1.13
2013.12.05 11:17:26.755,1.22608,1.22616,1.53,1.13
2013.12.05 11:17:27.310,1.22608,1.22621,1.53,2.37
2013.12.05 11:17:27.462,1.22609,1.2262,1.28,1.20
2013.12.05 11:17:27.765,1.2261,1.22616,1.10,1.13
2013.12.05 11:17:29.176,1.22607,1.22615,2.25,1.13
2013.12.05 11:17:29.328,1.22607,1.22615,2.25,1.13
2013.12.05 11:17:31.268,1.2261,1.22616,1.00,1.13
2013.12.05 11:17:37.271,1.22608,1.22614,1.10,1.13
2013.12.05 11:17:37.372,1.22608,1.22616,1.48,1.13
2013.12.05 11:17:37.473,1.22608,1.22619,1.48,1.28
2013.12.05 11:17:39.689,1.22607,1.22617,2.63,1.13
2013.12.05 11:17:54.733,1.22607,1.22617,2.25,1.13
2013.12.05 11:17:54.936,1.22614,1.22621,1.10,1.09
2013.12.05 11:17:55.088,1.2261,1.22621,1.85,1.47
2013.12.05 11:17:55.240,1.2261,1.22617,1.48,1.13
2013.12.05 11:17:55.741,1.22608,1.22617,1.48,1.13
2013.12.05 11:17:57.366,1.22608,1.22619,1.38,3.45
2013.12.05 11:17:59.602,1.22607,1.22619,2.63,1.20
2013.12.05 11:18:00.109,1.22607,1.2262,2.63,1.47
2013.12.05 11:18:00.640,1.22608,1.22619,1.55,1.20
2013.12.05 11:18:01.163,1.22611,1.22619,2.25,1.13
2013.12.05 11:18:01.466,1.22608,1.22619,1.55,1.20
2013.12.05 11:18:01.991,1.22608,1.22615,1.55,1.13
2013.12.05 11:18:02.344,1.22607,1.22615,1.20,1.13
2013.12.05 11:18:09.045,1.22607,1.22618,1.20,1.28
2013.12.05 11:18:09.147,1.22607,1.22616,1.20,1.13
2013.12.05 11:18:22.087,1.22607,1.22614,1.20,1.13
2013.12.05 11:18:22.189,1.22607,1.22616,1.20,1.13
2013.12.05 11:18:22.291,1.22607,1.22612,1.20,1.13
2013.12.05 11:18:22.544,1.22607,1.22615,1.20,1.13
2013.12.05 11:18:23.860,1.22607,1.22617,1.20,1.20
2013.12.05 11:18:33.060,1.22606,1.22615,1.55,1.13
2013.12.05 11:18:33.366,1.22606,1.22613,1.55,1.13
2013.12.05 11:18:35.907,1.22606,1.22616,1.55,1.13
2013.12.05 11:18:39.441,1.22606,1.22614,1.18,1.13
2013.12.05 11:18:40.612,1.22605,1.22612,1.43,1.13
2013.12.05 11:18:40.916,1.22604,1.2261,1.58,1.13
2013.12.05 11:18:41.068,1.22605,1.22614,1.43,1.13
2013.12.05 11:18:41.169,1.22605,1.2261,1.43,1.13
2013.12.05 11:18:41.484,1.22605,1.2261,1.43,1.13
2013.12.05 11:18:41.536,1.22608,1.22614,1.00,1.13
2013.12.05 11:18:42.613,1.22608,1.22617,1.00,1.09
2013.12.05 11:18:42.714,1.22607,1.22615,1.00,1.20
2013.12.05 11:18:58.563,1.22605,1.22613,1.13,1.13
2013.12.05 11:18:59.206,1.22605,1.22614,1.88,1.13
2013.12.05 11:19:03.652,1.22606,1.22617,1.35,1.20
2013.12.05 11:19:03.753,1.22607,1.22619,1.05,2.22
2013.12.05 11:19:04.525,1.22607,1.22619,1.43,1.47
2013.12.05 11:19:06.450,1.22607,1.22619,1.43,1.47
2013.12.05 11:19:07.178,1.22607,1.22619,1.50,1.39
2013.12.05 11:19:07.983,1.22607,1.22619,1.43,1.47
2013.12.05 11:19:08.311,1.22607,1.22619,1.80,1.47
2013.12.05 11:19:08.462,1.22607,1.22619,1.88,1.39
2013.12.05 11:19:08.513,1.22607,1.22618,1.88,1.13
2013.12.05 11:19:09.169,1.22607,1.22616,1.88,1.13
2013.12.05 11:19:09.270,1.22607,1.22618,1.88,1.32
2013.12.05 11:19:15.414,1.22609,1.22617,1.20,1.13
2013.12.05 11:19:15.667,1.22609,1.22621,1.20,2.03
2013.12.05 11:19:20.498,1.22609,1.22617,1.20,1.13
2013.12.05 11:19:20.851,1.22607,1.22619,2.63,1.10
2013.12.05 11:19:21.766,1.22607,1.22617,3.38,1.13
2013.12.05 11:19:21.944,1.22607,1.2262,2.63,2.18
2013.12.05 11:19:23.843,1.22607,1.22618,3.00,1.13
2013.12.05 11:19:24.959,1.22607,1.22614,2.18,1.13
2013.12.05 11:19:25.161,1.22607,1.22618,2.03,1.13
2013.12.05 11:19:26.026,1.2261,1.2262,1.00,1.09
2013.12.05 11:19:27.507,1.2261,1.22618,1.00,1.13
2013.12.05 11:19:27.831,1.2261,1.22621,1.00,1.28
2013.12.05 11:19:27.932,1.2261,1.22617,1.00,1.13
2013.12.05 11:19:28.937,1.2261,1.22616,1.00,1.13
2013.12.05 11:19:31.008,1.22607,1.22614,2.08,1.13
2013.12.05 11:19:35.434,1.22607,1.22616,1.48,1.13
2013.12.05 11:19:35.536,1.22605,1.22612,2.55,1.13
2013.12.05 11:19:37.010,1.22607,1.22617,1.48,1.20
2013.12.05 11:19:37.525,1.22607,1.22617,1.48,1.20
2013.12.05 11:19:44.489,1.22607,1.22613,1.48,1.13
2013.12.05 11:19:44.590,1.22607,1.22618,1.48,1.28
2013.12.05 11:19:45.095,1.22607,1.22617,1.88,1.13
2013.12.05 11:19:47.745,1.22607,1.22616,1.88,1.13
2013.12.05 11:19:51.653,1.22607,1.22616,1.88,1.13
2013.12.05 11:19:57.613,1.22607,1.2262,2.55,4.20
2013.12.05 11:19:58.151,1.22607,1.2262,5.48,2.03
2013.12.05 11:20:00.137,1.22607,1.22616,5.55,1.13
2013.12.05 11:20:00.643,1.22607,1.22616,1.55,1.13
2013.12.05 11:20:03.285,1.22607,1.22616,1.55,1.13
2013.12.05 11:20:04.530,1.22605,1.22618,6.68,1.67
2013.12.05 11:20:04.632,1.22605,1.22615,6.68,1.13
2013.12.05 11:20:06.375,1.22605,1.22614,6.68,1.13
2013.12.05 11:20:06.577,1.22607,1.22614,1.20,1.13
2013.12.05 11:20:06.729,1.22608,1.22616,1.00,1.20
2013.12.05 11:20:07.279,1.22608,1.22616,1.38,1.20
2013.12.05 11:20:08.147,1.22608,1.22619,1.38,3.45
2013.12.05 11:20:08.664,1.22608,1.22619,1.48,1.28
2013.12.05 11:20:09.878,1.22608,1.22616,1.48,1.13
2013.12.05 11:20:26.021,1.22608,1.22614,1.10,1.13
2013.12.05 11:20:27.229,1.22607,1.22613,1.50,1.13
2013.12.05 11:20:27.331,1.22606,1.22617,1.88,1.13
2013.12.05 11:20:28.409,1.22607,1.22615,1.88,1.13
2013.12.05 11:20:28.510,1.22607,1.2262,1.88,1.72
2013.12.05 11:20:29.168,1.22609,1.22618,1.10,1.88
2013.12.05 11:20:29.435,1.22608,1.2262,1.55,1.09
2013.12.05 11:20:29.712,1.22608,1.22617,1.55,1.13
2013.12.05 11:20:38.694,1.22608,1.22619,1.55,1.20
2013.12.05 11:20:38.997,1.22608,1.22617,1.55,1.13
2013.12.05 11:20:46.606,1.22608,1.22614,1.10,1.13
2013.12.05 11:20:46.707,1.22609,1.2262,1.20,1.09
2013.12.05 11:20:49.041,1.22609,1.22621,1.20,2.03
2013.12.05 11:20:53.769,1.2261,1.2262,1.10,1.20
2013.12.05 11:20:53.871,1.2261,1.22617,1.00,1.13
2013.12.05 11:20:56.124,1.22607,1.22617,2.63,1.13
2013.12.05 11:20:56.633,1.22607,1.22618,1.88,1.20
2013.12.05 11:20:58.162,1.22607,1.22619,1.13,1.74
2013.12.05 11:20:58.263,1.22607,1.22617,1.13,1.13
2013.12.05 11:21:02.366,1.22608,1.22616,1.48,1.13
2013.12.05 11:21:02.467,1.22607,1.22619,1.55,2.03
2013.12.05 11:21:02.982,1.22608,1.22619,1.88,1.13
2013.12.05 11:21:03.134,1.22608,1.22616,1.13,1.13
2013.12.05 11:21:04.934,1.22606,1.22616,1.65,1.13
2013.12.05 11:21:05.136,1.22603,1.22612,1.58,1.13
2013.12.05 11:21:05.750,1.22603,1.22612,1.58,1.13
2013.12.05 11:21:09.516,1.22603,1.22613,1.10,1.10
2013.12.05 11:21:09.617,1.22603,1.22613,1.10,1.95
2013.12.05 11:21:12.736,1.22602,1.22613,1.28,1.67
2013.12.05 11:21:13.727,1.22602,1.22613,1.28,1.10
2013.12.05 11:21:14.030,1.22602,1.22613,1.28,1.95
2013.12.05 11:21:21.352,1.22602,1.22614,1.88,1.28
2013.12.05 11:21:21.504,1.22604,1.22617,4.13,2.33
2013.12.05 11:21:21.555,1.22604,1.22619,4.20,1.72
2013.12.05 11:21:22.009,1.22608,1.22619,1.88,1.15
2013.12.05 11:21:22.110,1.22608,1.22619,2.03,1.10
2013.12.05 11:21:22.161,1.22608,1.22618,3.83,1.13
2013.12.05 11:21:22.291,1.22607,1.22622,1.75,5.10
2013.12.05 11:21:22.393,1.22609,1.22622,3.08,2.10
2013.12.05 11:21:22.645,1.2261,1.22623,1.10,2.89
2013.12.05 11:21:26.013,1.2261,1.22624,1.08,3.08
2013.12.05 11:21:26.216,1.2261,1.22623,1.10,2.33
2013.12.05 11:21:31.662,1.2261,1.22624,3.00,2.33
2013.12.05 11:21:31.764,1.2261,1.22626,3.08,2.89
2013.12.05 11:21:34.423,1.2261,1.22625,3.45,1.09
2013.12.05 11:21:41.860,1.2261,1.22625,3.45,1.09
2013.12.05 11:21:42.011,1.2261,1.22623,1.28,1.09
2013.12.05 11:21:42.062,1.2261,1.22625,3.45,4.20
2013.12.05 11:21:42.458,1.22612,1.22626,1.18,3.27
2013.12.05 11:21:51.506,1.22612,1.22626,1.18,3.27
2013.12.05 11:21:51.809,1.22609,1.2262,1.08,1.02
2013.12.05 11:21:51.860,1.22609,1.22622,1.10,4.20
2013.12.05 11:21:52.113,1.22607,1.22619,2.03,1.20
2013.12.05 11:21:52.315,1.22607,1.22619,1.20,1.28
2013.12.05 11:21:57.473,1.22607,1.22622,2.33,1.09
2013.12.05 11:22:01.931,1.22607,1.2262,3.08,1.20
2013.12.05 11:22:02.517,1.22607,1.22621,2.33,1.28
2013.12.05 11:22:03.255,1.22606,1.22621,1.15,3.45
2013.12.05 11:22:03.669,1.22607,1.22621,3.08,1.28
2013.12.05 11:22:08.855,1.22606,1.22621,1.15,3.45
2013.12.05 11:22:13.284,1.22607,1.22621,2.33,1.47
2013.12.05 11:22:13.839,1.22607,1.22621,2.33,1.47
2013.12.05 11:22:21.653,1.22608,1.2262,1.15,1.95
2013.12.05 11:22:25.328,1.22608,1.2262,1.15,1.95
2013.12.05 11:22:26.268,1.22608,1.22618,1.15,1.13
2013.12.05 11:22:27.434,1.22608,1.22619,1.15,1.13
2013.12.05 11:22:31.928,1.22608,1.2262,1.15,2.14
2013.12.05 11:22:39.101,1.22608,1.22618,1.65,1.13
2013.12.05 11:22:39.202,1.22608,1.22619,1.15,1.32
2013.12.05 11:22:39.303,1.22608,1.22616,1.15,1.00
2013.12.05 11:22:39.556,1.22607,1.22616,1.18,1.00
2013.12.05 11:22:39.864,1.22607,1.22618,1.18,1.20
2013.12.05 11:22:42.338,1.22607,1.22618,1.18,1.77
2013.12.05 11:22:43.589,1.22607,1.22618,1.18,1.77
2013.12.05 11:22:48.521,1.22607,1.22618,1.18,1.58
2013.12.05 11:22:50.122,1.22607,1.22616,1.18,1.13
2013.12.05 11:22:50.426,1.22607,1.22618,1.18,1.20
2013.12.05 11:22:50.643,1.22607,1.22618,1.18,2.33
2013.12.05 11:22:55.241,1.22607,1.22616,1.18,1.13
2013.12.05 11:22:59.530,1.22607,1.22616,1.28,1.13
2013.12.05 11:22:59.845,1.22607,1.22615,1.28,1.13
2013.12.05 11:23:01.765,1.22607,1.22617,1.28,1.13
2013.12.05 11:23:01.866,1.22607,1.22615,1.28,1.13
2013.12.05 11:23:03.522,1.22607,1.22613,1.28,1.13
2013.12.05 11:23:14.970,1.22605,1.22614,3.83,1.13
2013.12.05 11:23:15.890,1.22605,1.22611,3.68,1.13
2013.12.05 11:23:16.093,1.22606,1.22614,1.15,1.13
2013.12.05 11:23:21.121,1.22607,1.22614,1.10,1.13
2013.12.05 11:23:22.780,1.22607,1.22615,1.10,1.13
2013.12.05 11:23:22.882,1.22606,1.22612,1.58,1.13
2013.12.05 11:23:23.085,1.22605,1.22615,1.15,1.13
2013.12.05 11:23:23.187,1.22605,1.22615,1.10,1.20
2013.12.05 11:23:23.338,1.22605,1.22612,1.10,1.13
2013.12.05 11:23:32.048,1.22603,1.22612,4.28,1.13
2013.12.05 11:23:32.638,1.22603,1.22614,1.48,1.47
2013.12.05 11:23:33.173,1.22603,1.22614,1.10,1.47
2013.12.05 11:23:35.198,1.22603,1.22614,1.80,1.47
2013.12.05 11:23:35.249,1.22603,1.22616,2.25,4.20
2013.12.05 11:23:35.929,1.22607,1.22615,1.00,1.02
2013.12.05 11:23:37.887,1.22603,1.22615,5.25,1.02
2013.12.05 11:23:39.079,1.22606,1.22615,1.00,1.02
2013.12.05 11:23:39.587,1.22607,1.22615,1.58,1.25
2013.12.05 11:23:39.992,1.22607,1.22612,1.00,1.13
2013.12.05 11:23:40.093,1.22604,1.22612,1.18,1.13
2013.12.05 11:23:46.478,1.22607,1.22615,1.00,1.02
2013.12.05 11:23:46.630,1.22604,1.22617,1.28,2.03
2013.12.05 11:23:46.782,1.22604,1.22614,1.28,1.13
2013.12.05 11:23:47.136,1.22604,1.22617,1.28,2.55
2013.12.05 11:23:59.240,1.22604,1.22611,1.28,1.13
2013.12.05 11:23:59.363,1.22603,1.22615,2.40,2.10
2013.12.05 11:23:59.516,1.22603,1.22616,1.10,4.02
2013.12.05 11:24:00.546,1.22602,1.22612,2.40,1.13
2013.12.05 11:24:00.850,1.22602,1.22608,1.88,1.13
2013.12.05 11:24:08.880,1.22598,1.22606,8.63,1.13
2013.12.05 11:24:08.982,1.22598,1.2261,6.75,1.67
2013.12.05 11:24:09.033,1.22598,1.2261,6.38,1.67
2013.12.05 11:24:09.084,1.22598,1.22608,6.30,1.20
2013.12.05 11:24:09.387,1.22598,1.22606,6.38,1.13
2013.12.05 11:24:09.690,1.22602,1.22608,1.43,1.13
2013.12.05 11:24:10.696,1.22602,1.22608,1.73,1.13
2013.12.05 11:24:11.211,1.22602,1.22609,1.73,1.13
2013.12.05 11:24:11.724,1.22602,1.22608,1.30,1.13
2013.12.05 11:24:12.400,1.22599,1.2261,2.40,1.02
2013.12.05 11:24:12.946,1.22599,1.22607,1.50,1.13
2013.12.05 11:24:26.795,1.22602,1.2261,1.00,2.14
2013.12.05 11:24:47.940,1.22602,1.2261,1.00,2.07
2013.12.05 11:24:50.907,1.22599,1.22611,1.73,2.89
2013.12.05 11:24:50.958,1.22599,1.22608,1.73,1.20
2013.12.05 11:24:52.560,1.22599,1.2261,1.73,1.17
2013.12.05 11:24:56.790,1.22599,1.22606,1.20,1.13
2013.12.05 11:24:57.302,1.22598,1.22605,1.48,1.13
2013.12.05 11:24:58.674,1.22598,1.22607,1.48,1.58
2013.12.05 11:25:01.925,1.22598,1.22605,1.48,1.13
2013.12.05 11:25:04.227,1.22598,1.22607,1.48,1.58
2013.12.05 11:25:05.694,1.22598,1.22608,1.48,1.20
2013.12.05 11:25:08.342,1.22598,1.22608,1.10,1.20
2013.12.05 11:25:08.545,1.22597,1.22604,1.18,1.13
2013.12.05 11:25:09.053,1.22597,1.22604,1.00,1.13
2013.12.05 11:25:09.764,1.22596,1.22602,1.43,1.13
2013.12.05 11:25:10.269,1.22595,1.22602,1.78,1.13
2013.12.05 11:25:10.845,1.22597,1.22603,1.00,1.13
2013.12.05 11:25:11.966,1.22595,1.22601,1.10,1.13
2013.12.05 11:25:12.223,1.22595,1.22601,1.00,1.13
2013.12.05 11:25:12.325,1.22595,1.22606,1.18,1.20
2013.12.05 11:25:12.830,1.22594,1.22606,3.45,1.58
2013.12.05 11:25:12.881,1.22594,1.22605,1.28,1.02
2013.12.05 11:25:12.982,1.22594,1.22607,3.45,2.04
2013.12.05 11:25:13.133,1.22594,1.22607,4.20,1.67
2013.12.05 11:25:13.286,1.22594,1.22602,4.20,1.13
2013.12.05 11:25:13.842,1.22593,1.22599,1.00,1.13
2013.12.05 11:25:13.944,1.22594,1.22602,2.18,1.13
2013.12.05 11:25:14.045,1.22593,1.22602,1.08,1.13
2013.12.05 11:25:14.146,1.22593,1.22602,1.10,1.13
2013.12.05 11:25:14.934,1.22593,1.22602,1.10,1.13
2013.12.05 11:25:16.994,1.22591,1.22599,1.28,1.13
2013.12.05 11:25:19.736,1.2259,1.22598,4.05,1.13
2013.12.05 11:25:19.989,1.2259,1.22599,1.88,1.88
2013.12.05 11:25:23.776,1.2259,1.22596,1.88,1.13
2013.12.05 11:25:23.878,1.2259,1.22597,1.13,1.13
2013.12.05 11:25:23.979,1.2259,1.226,1.13,1.82
2013.12.05 11:25:24.081,1.22591,1.22597,1.20,1.13
2013.12.05 11:25:24.434,1.22592,1.226,1.00,1.82
2013.12.05 11:25:24.766,1.22592,1.22603,1.00,1.97
2013.12.05 11:25:27.355,1.22591,1.22603,1.95,1.97
2013.12.05 11:25:27.507,1.22591,1.22601,1.15,1.13
2013.12.05 11:25:27.608,1.2259,1.22603,5.18,1.95
2013.12.05 11:25:28.042,1.2259,1.22601,5.18,1.13
2013.12.05 11:25:32.732,1.22592,1.22605,1.18,3.15
2013.12.05 11:25:32.834,1.22593,1.22602,1.10,1.13
2013.12.05 11:25:36.887,1.22593,1.226,1.10,1.13
2013.12.05 11:25:37.447,1.22593,1.22602,1.10,1.57
2013.12.05 11:25:40.503,1.22593,1.22601,1.10,1.13
2013.12.05 11:25:54.999,1.22592,1.22604,1.65,1.74
2013.12.05 11:25:55.211,1.22592,1.22601,1.65,1.13
2013.12.05 11:25:55.312,1.22593,1.22603,1.10,1.20
2013.12.05 11:25:55.943,1.22592,1.22603,1.18,1.02
2013.12.05 11:25:56.209,1.22592,1.22603,1.18,2.33
2013.12.05 11:25:56.517,1.22592,1.226,1.18,1.13
2013.12.05 11:25:57.842,1.22592,1.22603,1.18,2.33
2013.12.05 11:25:59.263,1.22592,1.22598,1.10,1.13
2013.12.05 11:25:59.364,1.22592,1.22601,1.18,1.57
2013.12.05 11:26:03.185,1.22592,1.22599,1.18,1.13
2013.12.05 11:26:08.939,1.22591,1.22598,1.13,1.13
2013.12.05 11:26:09.142,1.22589,1.22596,1.53,1.13
2013.12.05 11:26:09.848,1.2259,1.22599,2.03,1.13
2013.12.05 11:26:11.160,1.2259,1.22597,2.03,1.13
2013.12.05 11:26:11.463,1.22592,1.22599,1.00,1.13
2013.12.05 11:26:11.816,1.22592,1.22602,1.00,2.03
2013.12.05 11:26:11.898,1.22592,1.22599,1.00,1.13
2013.12.05 11:26:12.002,1.22592,1.22602,1.00,1.28
2013.12.05 11:26:12.261,1.22592,1.22599,1.00,1.13
2013.12.05 11:26:16.215,1.22591,1.22599,1.20,1.13
2013.12.05 11:26:19.102,1.22591,1.22599,1.28,1.13
2013.12.05 11:26:19.610,1.22591,1.22599,1.28,1.13
2013.12.05 11:26:20.520,1.22591,1.22603,1.28,1.02
2013.12.05 11:26:22.063,1.22592,1.22601,1.18,1.13
2013.12.05 11:26:22.215,1.22591,1.22603,1.28,1.58
2013.12.05 11:26:22.630,1.22591,1.226,1.28,1.13
2013.12.05 11:26:22.681,1.22589,1.226,2.40,1.13
2013.12.05 11:26:29.344,1.22592,1.226,1.00,1.13
2013.12.05 11:26:34.877,1.22592,1.22601,1.00,1.39
2013.12.05 11:26:35.080,1.22592,1.22604,1.18,2.59
2013.12.05 11:26:44.872,1.22591,1.22599,1.28,1.13
2013.12.05 11:26:44.973,1.22591,1.22603,1.28,1.58
2013.12.05 11:26:46.623,1.22591,1.22602,1.18,1.02
2013.12.05 11:26:47.253,1.22591,1.22603,1.18,2.22
2013.12.05 11:26:47.506,1.22589,1.22598,3.08,1.13
2013.12.05 11:26:55.970,1.22589,1.22599,2.33,1.13
2013.12.05 11:27:06.115,1.22589,1.22601,3.08,1.57
2013.12.05 11:27:09.177,1.22589,1.226,3.83,1.13
2013.12.05 11:27:09.430,1.22592,1.22602,1.58,1.67
2013.12.05 11:27:09.733,1.22593,1.22601,1.00,1.13
2013.12.05 11:27:09.944,1.22593,1.22602,1.00,1.39
2013.12.05 11:27:10.199,1.22593,1.22602,1.00,1.95
2013.12.05 11:27:12.544,1.22593,1.226,1.00,1.13
2013.12.05 11:27:12.879,1.22593,1.22602,1.00,1.67
2013.12.05 11:27:13.392,1.22592,1.226,1.10,1.00
2013.12.05 11:27:20.466,1.22592,1.22602,1.10,1.10
2013.12.05 11:27:21.187,1.22592,1.22602,1.08,1.00
2013.12.05 11:27:26.739,1.22592,1.22603,1.10,2.03
2013.12.05 11:27:27.183,1.22592,1.22601,1.10,1.13
2013.12.05 11:27:33.392,1.22591,1.22601,1.73,1.28
2013.12.05 11:27:33.897,1.22592,1.22603,1.00,4.20
2013.12.05 11:27:39.012,1.22592,1.22603,1.10,2.03
2013.12.05 11:27:39.498,1.22592,1.226,1.10,1.13
2013.12.05 11:27:44.496,1.22591,1.22603,1.28,1.28
2013.12.05 11:27:46.232,1.22592,1.22603,1.08,1.20
2013.12.05 11:27:58.512,1.22592,1.22604,1.15,1.67
2013.12.05 11:27:58.614,1.22592,1.22602,1.15,1.13
2013.12.05 11:28:01.617,1.22592,1.22597,1.00,1.13
2013.12.05 11:28:01.718,1.22592,1.22602,1.15,1.13
2013.12.05 11:28:01.820,1.22591,1.22601,1.28,1.13
2013.12.05 11:28:02.275,1.22592,1.22603,1.10,1.09
2013.12.05 11:28:02.588,1.22592,1.22599,1.00,1.13
2013.12.05 11:28:03.105,1.2259,1.22599,2.70,1.13
2013.12.05 11:28:05.789,1.22592,1.22602,1.18,1.88
2013.12.05 11:28:06.889,1.22592,1.22602,1.18,1.57
2013.12.05 11:28:09.860,1.22592,1.22602,1.18,1.32
2013.12.05 11:28:12.038,1.22592,1.22602,1.10,1.08
2013.12.05 11:28:14.037,1.22589,1.22602,3.38,2.22
2013.12.05 11:28:14.089,1.22589,1.22599,1.28,1.13
2013.12.05 11:28:14.190,1.22588,1.226,3.15,1.32
2013.12.05 11:28:14.292,1.22588,1.226,1.18,1.47
2013.12.05 11:28:15.020,1.22588,1.22597,1.50,1.13
2013.12.05 11:28:15.378,1.22587,1.22597,1.10,1.20
2013.12.05 11:28:15.429,1.22587,1.22598,1.10,1.09
2013.12.05 11:28:16.207,1.22587,1.22599,1.65,1.08
2013.12.05 11:28:16.257,1.22587,1.22599,3.83,1.00
2013.12.05 11:28:26.303,1.22587,1.22599,3.08,1.88
2013.12.05 11:28:26.707,1.22587,1.22599,3.83,1.00
2013.12.05 11:28:27.369,1.22588,1.22598,1.15,1.00
2013.12.05 11:28:28.268,1.22588,1.22599,1.18,1.08
2013.12.05 11:28:28.369,1.22587,1.22597,1.18,1.13
2013.12.05 11:28:28.470,1.22587,1.22599,1.18,1.47
2013.12.05 11:28:28.572,1.22587,1.22598,1.18,1.95
2013.12.05 11:28:29.426,1.22587,1.22598,1.18,1.67
2013.12.05 11:28:34.308,1.22587,1.226,1.65,1.72
2013.12.05 11:28:40.900,1.22588,1.226,2.25,1.39
2013.12.05 11:28:41.573,1.22588,1.226,2.33,1.32
2013.12.05 11:28:47.983,1.22587,1.226,1.65,1.47
2013.12.05 11:28:59.220,1.22587,1.22598,1.15,1.13
2013.12.05 11:28:59.321,1.22587,1.22599,1.15,1.39
2013.12.05 11:28:59.523,1.22588,1.22599,1.00,1.09
2013.12.05 11:29:00.063,1.22587,1.22599,1.10,1.53
2013.12.05 11:29:00.366,1.22587,1.22599,1.15,1.10
2013.12.05 11:29:07.369,1.22587,1.22599,1.15,1.67
2013.12.05 11:29:07.521,1.22587,1.22598,1.10,1.09
2013.12.05 11:29:07.975,1.22587,1.22598,1.15,1.00
2013.12.05 11:29:08.480,1.22587,1.22597,2.22,1.00
2013.12.05 11:29:14.487,1.22587,1.226,2.40,1.18
2013.12.05 11:29:35.965,1.22586,1.22597,2.33,1.00
2013.12.05 11:29:37.004,1.22586,1.22597,1.18,1.10
2013.12.05 11:30:05.424,1.22585,1.22598,2.33,3.64
2013.12.05 11:30:10.599,1.22586,1.22598,1.08,1.47
2013.12.05 11:30:11.113,1.22586,1.22598,1.18,1.47
2013.12.05 11:30:44.129,1.22586,1.22599,2.40,1.08
2013.12.05 11:30:44.180,1.22586,1.22599,4.58,1.10
2013.12.05 11:30:50.495,1.22587,1.22599,1.15,1.95
2013.12.05 11:30:52.800,1.22586,1.22595,3.83,1.13
2013.12.05 11:30:52.851,1.22586,1.22595,1.18,1.13
2013.12.05 11:30:53.003,1.22585,1.22596,1.65,1.00
2013.12.05 11:30:53.104,1.22585,1.22596,1.10,1.18
2013.12.05 11:30:53.205,1.22586,1.22598,1.18,1.47
2013.12.05 11:30:56.772,1.22586,1.22598,3.08,1.00
2013.12.05 11:30:57.562,1.22586,1.22597,3.08,1.88
2013.12.05 11:30:58.118,1.22586,1.22596,2.33,1.00
2013.12.05 11:30:58.271,1.22585,1.22596,1.65,1.00
2013.12.05 11:30:58.776,1.22584,1.22597,4.58,1.10
2013.12.05 11:30:59.790,1.22586,1.22597,2.33,1.00
2013.12.05 11:31:00.295,1.22586,1.22596,3.08,1.00
2013.12.05 11:31:02.276,1.22586,1.22599,3.83,1.67
2013.12.05 11:31:02.478,1.22588,1.22602,2.85,1.15
2013.12.05 11:31:02.984,1.22589,1.22604,1.15,2.89
2013.12.05 11:31:09.692,1.22591,1.22606,2.33,1.28
2013.12.05 11:31:10.150,1.22589,1.22605,3.08,2.89
2013.12.05 11:31:12.294,1.22591,1.22606,2.33,2.89
2013.12.05 11:31:12.800,1.22591,1.22607,2.33,5.33
2013.12.05 11:31:27.803,1.22591,1.22604,2.33,1.20
2013.12.05 11:31:28.056,1.22589,1.22603,2.33,1.74
2013.12.05 11:31:28.157,1.22589,1.22601,2.33,1.13
2013.12.05 11:31:28.460,1.22587,1.22599,2.33,1.13
2013.12.05 11:31:28.511,1.22587,1.226,2.33,1.10
2013.12.05 11:31:31.177,1.22587,1.22601,3.08,1.28
2013.12.05 11:31:37.229,1.22587,1.22602,3.08,1.47
2013.12.05 11:31:37.280,1.22587,1.22601,1.18,2.33
2013.12.05 11:31:38.668,1.22587,1.22597,2.33,1.13
2013.12.05 11:31:38.769,1.22587,1.22602,2.33,2.40
2013.12.05 11:31:38.820,1.22586,1.226,1.15,1.40
2013.12.05 11:31:39.126,1.22583,1.22598,3.08,2.59
2013.12.05 11:31:45.263,1.22585,1.22598,3.83,1.08
2013.12.05 11:31:45.314,1.22586,1.22598,2.33,1.00
2013.12.05 11:31:47.025,1.22586,1.22597,2.33,1.00
2013.12.05 11:31:48.963,1.22586,1.22595,2.33,1.00
2013.12.05 11:31:49.039,1.22586,1.22597,2.33,1.00
2013.12.05 11:31:50.673,1.22585,1.22597,3.83,1.10
2013.12.05 11:31:51.184,1.22585,1.22597,1.15,1.10
2013.12.05 11:31:54.774,1.22585,1.22596,1.41,1.00
2013.12.05 11:31:55.279,1.22583,1.22596,1.15,1.18
2013.12.05 11:31:59.287,1.22583,1.22596,1.15,1.28
2013.12.05 11:31:59.995,1.22583,1.22598,1.15,3.83
2013.12.05 11:32:04.277,1.22583,1.22594,1.15,1.00
2013.12.05 11:32:04.329,1.22583,1.22592,1.15,1.32
2013.12.05 11:32:04.532,1.22581,1.22592,1.50,1.32
2013.12.05 11:32:08.500,1.22581,1.22596,1.76,2.33
2013.12.05 11:32:10.400,1.22581,1.22593,1.50,1.20
2013.12.05 11:32:11.943,1.22581,1.22596,1.50,2.89
2013.12.05 11:32:12.246,1.22582,1.22597,2.33,1.15
2013.12.05 11:32:33.062,1.22583,1.22597,2.33,1.18
2013.12.05 11:32:38.082,1.22583,1.22597,3.08,2.03
2013.12.05 11:32:38.234,1.22583,1.22595,1.18,1.47
2013.12.05 11:32:59.135,1.22583,1.22595,1.15,1.39
2013.12.05 11:32:59.594,1.22582,1.22591,2.33,1.00
2013.12.05 11:32:59.796,1.22581,1.22591,1.15,1.00
2013.12.05 11:32:59.847,1.22581,1.22595,1.15,1.47
2013.12.05 11:33:02.913,1.22582,1.22596,2.33,4.13
2013.12.05 11:33:03.424,1.22581,1.22596,3.08,2.03
2013.12.05 11:33:05.618,1.22581,1.22593,3.08,1.13
2013.12.05 11:33:05.873,1.22581,1.22595,3.08,1.24
2013.12.05 11:33:06.771,1.22581,1.22592,3.08,1.13
2013.12.05 11:33:06.873,1.22581,1.22594,3.08,1.39
2013.12.05 11:33:06.975,1.22581,1.22595,1.65,5.44
2013.12.05 11:33:07.228,1.22581,1.22595,1.65,4.24
2013.12.05 11:33:07.888,1.22581,1.22595,1.18,2.18
2013.12.05 11:33:07.989,1.22581,1.22596,3.08,1.32
2013.12.05 11:33:14.344,1.22581,1.22596,3.83,1.88
2013.12.05 11:33:21.000,1.22584,1.22597,3.08,1.10
2013.12.05 11:33:28.224,1.22586,1.22598,2.33,1.10
2013.12.05 11:33:28.730,1.22586,1.22598,2.33,1.26
2013.12.05 11:33:46.474,1.22585,1.22597,1.15,1.10
2013.12.05 11:33:46.576,1.22585,1.22595,1.15,1.00
2013.12.05 11:33:46.881,1.22585,1.22595,1.15,1.82
2013.12.05 11:33:46.983,1.22584,1.22595,3.08,1.00
2013.12.05 11:33:49.858,1.22584,1.22597,4.99,1.10
2013.12.05 11:33:49.909,1.22586,1.22597,2.33,1.00
2013.12.05 11:33:58.630,1.22586,1.22595,3.08,1.00
2013.12.05 11:34:00.522,1.22586,1.22594,2.33,1.00
2013.12.05 11:34:07.447,1.22586,1.22595,2.33,1.01
2013.12.05 11:34:07.750,1.22583,1.22594,2.93,1.82
2013.12.05 11:34:07.902,1.22586,1.22594,2.18,2.40
2013.12.05 11:34:07.953,1.22584,1.22594,2.85,2.40
2013.12.05 11:34:08.004,1.22584,1.22594,2.85,1.10
2013.12.05 11:34:08.105,1.22581,1.22593,3.00,1.09
2013.12.05 11:34:08.358,1.22584,1.22597,1.32,1.15
2013.12.05 11:34:08.509,1.22585,1.22597,2.25,1.08
2013.12.05 11:34:29.195,1.22584,1.22596,3.68,1.32
2013.12.05 11:34:32.570,1.22583,1.22596,2.93,1.39
2013.12.05 11:34:33.233,1.22582,1.22596,5.18,1.47
2013.12.05 11:34:34.230,1.22582,1.22596,3.00,3.64
2013.12.05 11:34:41.742,1.22582,1.22596,4.43,1.15
2013.12.05 11:34:42.429,1.22582,1.22596,4.43,1.18
2013.12.05 11:34:46.389,1.22583,1.22595,2.33,1.10
2013.12.05 11:34:46.894,1.22584,1.22595,2.33,1.00
2013.12.05 11:34:52.931,1.22584,1.22591,2.33,1.00
2013.12.05 11:34:58.891,1.22584,1.22592,2.33,1.00
2013.12.05 11:35:04.805,1.22583,1.22592,1.15,1.00
2013.12.05 11:35:04.856,1.22582,1.22594,2.33,1.00
2013.12.05 11:35:07.562,1.22582,1.22595,3.64,1.10
2013.12.05 11:35:13.311,1.22584,1.22596,3.64,1.10
2013.12.05 11:35:27.548,1.22584,1.22595,2.33,1.00
2013.12.05 11:35:29.541,1.22584,1.22593,2.33,1.00
2013.12.05 11:35:29.743,1.22582,1.22593,4.43,1.00
2013.12.05 11:35:29.794,1.22584,1.22593,3.45,1.00
2013.12.05 11:35:30.314,1.22586,1.22594,1.09,1.00
2013.12.05 11:35:32.041,1.22587,1.22594,1.20,1.00
2013.12.05 11:35:32.092,1.22587,1.22598,1.20,1.18
2013.12.05 11:35:32.496,1.22586,1.22595,3.27,1.00
2013.12.05 11:35:42.921,1.22585,1.22595,3.45,1.00
2013.12.05 11:35:43.325,1.22586,1.22592,1.09,1.00
2013.12.05 11:35:43.376,1.22586,1.22592,1.09,1.00
2013.12.05 11:35:43.578,1.22587,1.22593,1.20,1.00
2013.12.05 11:35:43.730,1.22587,1.22595,1.20,1.00
2013.12.05 11:35:50.360,1.22587,1.22596,1.20,1.00
2013.12.05 11:35:50.461,1.22585,1.22596,2.59,1.00
2013.12.05 11:35:54.330,1.22584,1.22597,4.99,1.10
2013.12.05 11:35:54.538,1.22583,1.22593,2.33,1.00
2013.12.05 11:35:55.048,1.22582,1.22593,3.08,1.00
2013.12.05 11:35:55.769,1.22583,1.22591,1.28,1.00
2013.12.05 11:35:55.870,1.22582,1.22596,3.08,1.18
2013.12.05 11:35:56.072,1.22582,1.22596,1.18,4.20
2013.12.05 11:35:57.374,1.22582,1.22595,2.89,1.10
2013.12.05 11:35:57.679,1.22584,1.22595,2.33,1.00
2013.12.05 11:36:00.498,1.22584,1.22596,2.33,1.00
2013.12.05 11:36:16.108,1.22584,1.22597,3.83,1.10
2013.12.05 11:36:16.915,1.22585,1.22596,2.22,1.00
2013.12.05 11:36:18.137,1.22586,1.22596,1.28,1.00
2013.12.05 11:36:18.339,1.22586,1.226,2.33,1.18
2013.12.05 11:36:21.821,1.22585,1.22599,1.18,3.83
2013.12.05 11:36:22.124,1.22583,1.22595,1.18,1.74
2013.12.05 11:36:30.835,1.22583,1.22597,1.74,1.15
2013.12.05 11:36:31.147,1.22586,1.22597,2.89,1.00
2013.12.05 11:36:31.753,1.22587,1.22599,1.15,1.10
2013.12.05 11:36:31.855,1.22587,1.22594,1.72,1.00
2013.12.05 11:36:32.209,1.22582,1.22595,3.08,1.39
2013.12.05 11:36:34.016,1.22583,1.22596,2.33,1.08
2013.12.05 11:36:34.729,1.22584,1.22596,2.33,1.00
2013.12.05 11:36:35.936,1.22585,1.22597,1.15,1.10
2013.12.05 11:36:36.241,1.22586,1.22601,2.33,3.08
2013.12.05 11:36:36.776,1.22586,1.22601,2.33,1.15
2013.12.05 11:36:44.141,1.22586,1.22599,2.33,1.95
2013.12.05 11:36:44.444,1.22584,1.22595,2.33,1.57
2013.12.05 11:36:44.494,1.22583,1.22595,1.15,1.67
2013.12.05 11:36:52.098,1.22583,1.22592,1.15,1.32
2013.12.05 11:36:52.199,1.22583,1.22595,1.15,1.67
2013.12.05 11:36:52.250,1.22583,1.22595,1.10,1.99
2013.12.05 11:36:57.592,1.22583,1.22596,3.08,1.10
2013.12.05 11:37:18.086,1.22583,1.22596,1.15,1.18
2013.12.05 11:37:38.079,1.22583,1.22593,1.15,1.00
2013.12.05 11:37:39.071,1.22583,1.22593,1.18,1.00
2013.12.05 11:37:46.788,1.22581,1.22593,1.13,1.18
2013.12.05 11:37:53.785,1.22581,1.22593,1.28,1.08
2013.12.05 11:37:54.309,1.22581,1.22593,3.45,1.00
2013.12.05 11:37:56.013,1.22581,1.22596,4.77,1.15
2013.12.05 11:37:58.348,1.22583,1.22597,1.72,3.08
2013.12.05 11:37:58.712,1.22583,1.22597,3.64,1.18
2013.12.05 11:38:18.904,1.22586,1.22597,1.20,1.18
2013.12.05 11:38:19.006,1.22583,1.22597,4.20,1.65
2013.12.05 11:38:19.316,1.22586,1.22597,1.39,1.10
2013.12.05 11:38:19.824,1.22586,1.226,1.15,1.15
2013.12.05 11:38:20.987,1.22586,1.22599,1.08,1.15
2013.12.05 11:38:21.155,1.22586,1.22599,1.10,3.08
2013.12.05 11:38:21.305,1.22586,1.22599,1.15,1.18
2013.12.05 11:38:28.998,1.22586,1.22596,1.15,1.00
2013.12.05 11:38:29.251,1.22586,1.22596,1.10,1.10
2013.12.05 11:38:29.791,1.22585,1.22595,1.18,1.00
2013.12.05 11:38:33.820,1.22585,1.22595,1.10,1.08
2013.12.05 11:38:33.922,1.22583,1.22592,1.18,1.32
2013.12.05 11:38:34.377,1.22583,1.22597,1.18,4.39
2013.12.05 11:38:36.097,1.22585,1.22597,1.57,3.08
2013.12.05 11:38:36.250,1.22585,1.22597,1.18,1.18
2013.12.05 11:38:36.452,1.22585,1.22594,1.18,1.00
2013.12.05 11:38:36.959,1.22583,1.22595,4.39,1.00
2013.12.05 11:38:39.765,1.22583,1.22596,3.64,1.10
2013.12.05 11:38:50.288,1.22583,1.22593,3.08,1.00
2013.12.05 11:38:50.693,1.22584,1.22597,1.15,1.65
2013.12.05 11:38:56.026,1.22584,1.22595,1.15,1.00
2013.12.05 11:38:56.531,1.22584,1.22597,1.15,2.97
2013.12.05 11:39:04.260,1.22585,1.22597,2.33,1.58
2013.12.05 11:39:04.800,1.22589,1.22599,1.00,1.18
2013.12.05 11:39:05.053,1.22589,1.22602,1.15,1.18
2013.12.05 11:39:13.656,1.22591,1.22602,1.00,3.08
2013.12.05 11:39:13.706,1.22588,1.22602,1.18,3.08
2013.12.05 11:39:14.919,1.22587,1.22598,1.10,1.09
2013.12.05 11:39:15.425,1.22587,1.22596,1.10,1.32
2013.12.05 11:39:30.670,1.22587,1.22598,1.10,1.18
2013.12.05 11:39:30.974,1.22589,1.22598,1.10,1.00
2013.12.05 11:39:31.479,1.22589,1.22601,1.10,2.22
2013.12.05 11:39:39.576,1.22589,1.22602,1.08,1.15
2013.12.05 11:39:40.089,1.22589,1.22603,1.15,1.65
2013.12.05 11:39:48.723,1.22589,1.22602,1.18,2.33
2013.12.05 11:39:49.230,1.22589,1.22602,1.10,2.33
2013.12.05 11:40:09.088,1.22589,1.22602,1.18,1.15
2013.12.05 11:40:12.355,1.22587,1.22599,3.08,1.32
2013.12.05 11:40:12.456,1.22587,1.22599,1.18,1.47
2013.12.05 11:40:17.242,1.22589,1.226,1.10,1.08
2013.12.05 11:40:17.293,1.22589,1.226,1.47,1.10
2013.12.05 11:40:18.770,1.22589,1.22602,2.22,1.08
2013.12.05 11:40:18.821,1.22589,1.22602,4.39,1.10
2013.12.05 11:40:19.531,1.22589,1.22601,4.39,1.00
2013.12.05 11:40:22.023,1.2259,1.226,1.28,1.00
2013.12.05 11:40:22.532,1.22591,1.226,1.72,1.00
2013.12.05 11:40:22.583,1.22591,1.22605,3.64,1.18
2013.12.05 11:40:42.986,1.22593,1.22606,2.78,1.15
2013.12.05 11:40:52.792,1.22594,1.22607,3.08,1.18
2013.12.05 11:40:53.307,1.22597,1.22609,1.10,1.65
2013.12.05 11:40:55.035,1.22599,1.2261,1.50,3.27
2013.12.05 11:40:55.289,1.22595,1.22607,1.28,1.08
2013.12.05 11:40:55.797,1.22593,1.22606,3.23,1.10
2013.12.05 11:41:00.485,1.22593,1.22606,3.23,1.67
2013.12.05 11:41:00.939,1.22593,1.22606,1.38,1.15
2013.12.05 11:41:12.012,1.22593,1.22603,1.18,1.00
2013.12.05 11:41:12.517,1.22591,1.22606,3.83,2.03
2013.12.05 11:41:13.927,1.22591,1.22605,3.08,1.72
2013.12.05 11:41:14.029,1.22591,1.22605,1.18,3.64
2013.12.05 11:41:26.143,1.22593,1.22602,1.08,1.00
2013.12.05 11:41:26.193,1.22593,1.22606,1.18,1.15
2013.12.05 11:41:26.245,1.22593,1.22606,3.08,1.18
2013.12.05 11:41:26.548,1.22594,1.22605,1.10,1.99
2013.12.05 11:41:26.701,1.22593,1.22608,3.08,2.89
2013.12.05 11:41:27.227,1.22593,1.22609,3.08,3.64
2013.12.05 11:41:30.226,1.22595,1.22606,1.18,1.20
2013.12.05 11:41:30.479,1.22593,1.22606,1.18,1.28
2013.12.05 11:41:30.530,1.22593,1.22605,1.10,2.89
2013.12.05 11:41:34.650,1.22593,1.22607,1.18,4.20
2013.12.05 11:41:38.857,1.22593,1.22608,3.83,2.33
2013.12.05 11:41:39.485,1.22595,1.22609,1.18,2.33
2013.12.05 11:41:50.500,1.22595,1.22608,1.08,2.33
2013.12.05 11:41:51.005,1.22595,1.22609,1.18,2.89
2013.12.05 11:41:52.368,1.22595,1.22609,1.15,3.64
2013.12.05 11:41:52.419,1.22595,1.22609,3.08,1.47
2013.12.05 11:41:56.210,1.22595,1.22609,1.15,3.64
2013.12.05 11:41:57.000,1.22595,1.22609,1.18,3.64
2013.12.05 11:41:58.253,1.22595,1.22609,3.08,1.72
2013.12.05 11:41:58.456,1.22595,1.22609,1.18,3.08
2013.12.05 11:42:01.060,1.22597,1.22609,1.08,1.47
2013.12.05 11:42:01.413,1.22599,1.22612,1.18,1.47
2013.12.05 11:42:04.077,1.22599,1.22611,1.18,1.28
2013.12.05 11:42:04.180,1.22596,1.22608,2.33,1.08
2013.12.05 11:42:04.231,1.22594,1.22608,3.08,1.18
2013.12.05 11:42:05.056,1.22596,1.22608,2.33,1.10
2013.12.05 11:42:06.802,1.22594,1.22608,3.08,1.18
2013.12.05 11:42:07.006,1.22596,1.22608,2.33,1.10
2013.12.05 11:42:08.984,1.22595,1.22608,2.33,1.39
2013.12.05 11:42:09.288,1.22596,1.22609,3.45,1.10
2013.12.05 11:42:12.144,1.22598,1.22609,2.33,1.00
2013.12.05 11:42:12.194,1.22598,1.22611,2.33,1.10
2013.12.05 11:42:13.207,1.22597,1.22612,1.65,2.33
2013.12.05 11:42:13.982,1.22598,1.22614,2.33,4.20
2013.12.05 11:42:26.040,1.226,1.22612,2.33,1.00
2013.12.05 11:42:26.394,1.22603,1.22611,1.20,1.00
2013.12.05 11:42:26.546,1.22603,1.22615,1.20,1.15
2013.12.05 11:42:26.698,1.22604,1.22615,3.08,1.00
2013.12.05 11:42:27.203,1.22604,1.22613,3.08,1.00
2013.12.05 11:42:27.358,1.22602,1.22613,3.64,1.00
2013.12.05 11:42:27.410,1.22602,1.22615,3.64,1.58
2013.12.05 11:42:29.623,1.22604,1.22617,2.33,1.10
2013.12.05 11:42:36.173,1.22606,1.22617,1.28,1.58
2013.12.05 11:42:36.678,1.22604,1.22617,2.89,1.58
2013.12.05 11:42:46.440,1.22607,1.22618,1.20,1.74
2013.12.05 11:42:46.957,1.22606,1.22618,3.08,1.50
2013.12.05 11:42:47.569,1.22609,1.22618,1.20,1.50
2013.12.05 11:42:48.394,1.2261,1.22617,1.18,1.00
2013.12.05 11:42:48.899,1.22608,1.22618,1.18,1.00
2013.12.05 11:42:52.264,1.22606,1.22617,3.08,1.00
2013.12.05 11:42:52.920,1.22606,1.22616,2.33,1.00
2013.12.05 11:42:53.022,1.22604,1.22616,3.79,1.00
2013.12.05 11:42:53.573,1.22604,1.22617,3.79,1.10
2013.12.05 11:42:53.625,1.22606,1.22617,2.33,1.00
2013.12.05 11:42:56.756,1.22606,1.22615,2.33,1.00
2013.12.05 11:42:56.857,1.22604,1.22615,3.23,1.00
2013.12.05 11:42:57.109,1.22605,1.22617,1.15,1.10
2013.12.05 11:42:57.211,1.22606,1.22617,2.33,1.00
2013.12.05 11:42:58.878,1.2261,1.22616,1.13,1.00
2013.12.05 11:42:58.979,1.22609,1.22616,1.18,1.00
2013.12.05 11:42:59.498,1.22608,1.22616,2.89,1.00
2013.12.05 11:43:00.725,1.22608,1.22616,1.28,1.00
2013.12.05 11:43:03.547,1.22608,1.22616,3.45,1.00
2013.12.05 11:43:03.699,1.22606,1.22615,2.70,1.00
2013.12.05 11:43:08.450,1.22606,1.22616,2.33,1.00
2013.12.05 11:43:18.107,1.22606,1.22616,1.28,1.00
2013.12.05 11:43:20.437,1.22606,1.22615,1.28,1.00
2013.12.05 11:43:28.254,1.22608,1.22615,1.13,1.00
2013.12.05 11:43:28.360,1.22605,1.22616,2.29,1.00
2013.12.05 11:43:28.411,1.22606,1.22616,2.89,1.00
2013.12.05 11:43:28.620,1.22604,1.22616,2.48,1.00
2013.12.05 11:43:29.395,1.22604,1.22615,2.67,1.00
2013.12.05 11:43:33.108,1.22604,1.22616,2.48,1.00
2013.12.05 11:43:40.497,1.22604,1.22616,3.23,1.00
2013.12.05 11:43:40.800,1.22602,1.22614,1.55,1.10
2013.12.05 11:43:41.207,1.22603,1.22616,2.48,1.10
2013.12.05 11:43:53.774,1.22605,1.22614,1.80,1.00
2013.12.05 11:43:54.078,1.22603,1.22614,3.64,1.00
2013.12.05 11:43:54.220,1.22603,1.22618,4.39,1.15
2013.12.05 11:43:59.102,1.22605,1.22618,1.28,1.15
2013.12.05 11:44:01.398,1.22603,1.22618,3.83,1.47
2013.12.05 11:44:01.470,1.22607,1.22618,2.25,1.39
2013.12.05 11:44:01.522,1.22608,1.22618,2.33,1.32
2013.12.05 11:44:01.574,1.22604,1.22618,2.33,1.32
2013.12.05 11:44:02.436,1.22607,1.22618,2.33,1.32
2013.12.05 11:44:03.771,1.22605,1.22618,2.33,2.07
2013.12.05 11:44:04.276,1.22605,1.22617,2.33,1.25
2013.12.05 11:44:09.794,1.22604,1.22618,2.33,1.67
2013.12.05 11:44:10.320,1.22603,1.22618,2.33,1.67
2013.12.05 11:44:10.830,1.22603,1.22618,2.33,1.72
2013.12.05 11:44:11.919,1.22603,1.22616,2.33,1.18
2013.12.05 11:44:12.171,1.22605,1.22616,2.33,1.00
2013.12.05 11:44:12.678,1.22605,1.22617,2.33,1.00
2013.12.05 11:44:16.422,1.22605,1.22619,2.33,1.65
2013.12.05 11:44:17.751,1.22606,1.22619,2.33,1.08
2013.12.05 11:44:18.258,1.22607,1.22619,2.33,1.00
2013.12.05 11:44:20.991,1.22608,1.22619,2.33,1.00
2013.12.05 11:44:21.042,1.22609,1.22622,2.33,1.10
2013.12.05 11:44:27.490,1.22608,1.22622,3.08,1.08
2013.12.05 11:44:27.995,1.22607,1.22622,3.83,1.15
2013.12.05 11:44:40.494,1.22607,1.22619,2.33,1.00
2013.12.05 11:44:42.861,1.22606,1.22619,2.33,1.08
2013.12.05 11:44:43.414,1.22605,1.22619,3.08,1.18
2013.12.05 11:44:45.096,1.22605,1.22617,3.08,1.00
2013.12.05 11:44:45.147,1.22605,1.22617,1.18,1.18
2013.12.05 11:44:45.703,1.22606,1.2262,2.25,2.85
2013.12.05 11:44:45.804,1.22606,1.22621,2.33,1.15
2013.12.05 11:44:55.238,1.22607,1.22622,4.95,3.08
2013.12.05 11:44:55.339,1.22608,1.22622,2.33,1.18
2013.12.05 11:44:55.592,1.2261,1.22624,2.33,1.18
2013.12.05 11:45:08.892,1.2261,1.22624,2.33,1.28
2013.12.05 11:45:09.044,1.22609,1.22622,1.10,2.89
2013.12.05 11:45:14.472,1.22607,1.22622,3.45,2.33
2013.12.05 11:45:14.524,1.22608,1.22623,2.33,1.15
2013.12.05 11:45:16.789,1.2261,1.22624,2.33,2.25
2013.12.05 11:45:16.898,1.22611,1.22625,2.33,1.18
2013.12.05 11:45:16.999,1.22611,1.22618,2.25,1.00
2013.12.05 11:45:17.050,1.22609,1.22618,1.15,1.00
2013.12.05 11:45:20.922,1.2261,1.22618,1.13,1.00
2013.12.05 11:45:22.244,1.22607,1.22618,2.03,1.00
2013.12.05 11:45:24.162,1.22609,1.22617,1.20,1.00
2013.12.05 11:45:24.364,1.22607,1.22617,2.03,1.00
2013.12.05 11:45:24.566,1.22609,1.22618,1.20,1.00
2013.12.05 11:45:28.997,1.22607,1.22618,2.03,1.00
2013.12.05 11:45:43.199,1.22607,1.22618,4.39,1.00
2013.12.05 11:45:43.724,1.22608,1.22618,2.89,1.00
2013.12.05 11:45:49.529,1.22608,1.22617,2.89,1.00
2013.12.05 11:45:55.477,1.22608,1.22619,2.33,1.00
2013.12.05 11:45:55.629,1.22606,1.22619,2.89,1.10
2013.12.05 11:45:59.352,1.22605,1.22619,3.08,1.39
2013.12.05 11:45:59.909,1.22607,1.22618,2.82,1.10
2013.12.05 11:46:02.262,1.22607,1.22617,2.89,1.00
2013.12.05 11:46:11.373,1.2261,1.22617,1.20,1.00
2013.12.05 11:46:12.382,1.2261,1.22618,1.28,1.00
2013.12.05 11:46:12.887,1.22609,1.22617,2.89,1.00
2013.12.05 11:46:21.730,1.22608,1.22617,3.45,1.00
2013.12.05 11:46:22.468,1.22608,1.22617,1.28,1.00
2013.12.05 11:46:23.307,1.22608,1.22619,1.28,1.00
2013.12.05 11:46:26.283,1.2261,1.22619,1.20,1.00
2013.12.05 11:46:40.436,1.2261,1.22618,1.28,1.00
2013.12.05 11:46:46.481,1.22608,1.22618,4.58,1.00
2013.12.05 11:46:46.991,1.22608,1.22619,4.20,1.00
2013.12.05 11:46:58.302,1.2261,1.22619,1.28,1.00
2013.12.05 11:46:58.814,1.2261,1.2262,1.28,1.00
2013.12.05 11:47:16.447,1.2261,1.22619,1.28,1.00
2013.12.05 11:47:16.884,1.22613,1.22621,1.13,1.10
2013.12.05 11:47:17.087,1.22611,1.22621,1.20,1.10
2013.12.05 11:47:17.239,1.22613,1.2262,1.13,1.00
2013.12.05 11:47:17.441,1.22611,1.2262,1.72,1.00
2013.12.05 11:47:17.644,1.2261,1.2262,1.13,1.00
2013.12.05 11:47:17.846,1.22607,1.2262,2.22,1.18
2013.12.05 11:47:20.121,1.22605,1.2262,2.89,2.33
2013.12.05 11:47:20.627,1.22604,1.2262,3.45,3.45
2013.12.05 11:47:21.136,1.22606,1.2262,1.28,3.45
2013.12.05 11:47:24.541,1.22604,1.2262,3.12,3.45
2013.12.05 11:47:26.488,1.22603,1.22618,3.08,2.33
2013.12.05 11:47:27.027,1.22603,1.22618,1.15,2.33
2013.12.05 11:47:28.874,1.22603,1.22612,1.15,1.00
2013.12.05 11:47:29.128,1.22603,1.22612,1.10,1.00
2013.12.05 11:47:49.040,1.22601,1.22612,3.64,1.00
2013.12.05 11:47:51.814,1.22603,1.22612,1.28,1.00
2013.12.05 11:47:55.135,1.22601,1.22612,4.09,1.00
2013.12.05 11:48:07.874,1.22601,1.22608,2.89,1.00
2013.12.05 11:48:08.026,1.226,1.22608,1.72,1.00
2013.12.05 11:48:08.127,1.22599,1.2261,3.45,1.00
2013.12.05 11:48:08.409,1.22603,1.2261,1.13,1.00
2013.12.05 11:48:08.713,1.22599,1.2261,2.33,1.00
2013.12.05 11:48:08.763,1.22597,1.22606,2.33,1.00
2013.12.05 11:48:09.127,1.22596,1.22607,1.47,1.00
2013.12.05 11:48:09.481,1.22596,1.22605,1.65,1.00
2013.12.05 11:48:09.785,1.22594,1.22605,1.74,1.10
2013.12.05 11:48:09.886,1.22594,1.22605,3.64,1.00
2013.12.05 11:48:11.465,1.22598,1.22605,1.13,1.00
2013.12.05 11:48:15.537,1.22596,1.22605,2.89,1.00
2013.12.05 11:48:15.740,1.22595,1.22605,1.28,1.00
2013.12.05 11:48:21.731,1.22597,1.22605,1.20,1.00
2013.12.05 11:48:23.631,1.226,1.22606,1.13,1.00
2013.12.05 11:48:24.278,1.226,1.22607,1.13,1.00
2013.12.05 11:48:24.525,1.22597,1.22607,1.28,1.00
2013.12.05 11:48:28.077,1.22598,1.22608,1.74,1.50
2013.12.05 11:48:36.094,1.22598,1.22606,1.74,1.00
2013.12.05 11:48:37.382,1.22596,1.22606,1.18,1.00
2013.12.05 11:48:37.483,1.22594,1.22603,2.89,1.00
2013.12.05 11:48:37.787,1.22597,1.22603,1.20,1.00
2013.12.05 11:48:41.618,1.22594,1.22603,3.08,1.00
2013.12.05 11:48:41.720,1.22592,1.22603,5.70,1.00
2013.12.05 11:48:42.175,1.22592,1.22601,3.83,1.00
2013.12.05 11:48:42.277,1.22591,1.22601,1.18,1.00
2013.12.05 11:48:43.473,1.22589,1.22602,4.39,1.10
2013.12.05 11:48:43.676,1.22591,1.22603,2.33,1.00
2013.12.05 11:48:43.993,1.22591,1.22601,2.33,1.00
2013.12.05 11:48:44.398,1.22591,1.22603,3.64,1.00
2013.12.05 11:48:44.600,1.22591,1.22601,3.64,1.00
2013.12.05 11:48:44.803,1.22591,1.22603,3.64,1.00
2013.12.05 11:48:46.925,1.22591,1.22601,3.08,1.00
2013.12.05 11:48:47.078,1.22591,1.22601,1.47,1.00
2013.12.05 11:48:47.179,1.22591,1.22603,3.64,1.00
2013.12.05 11:48:54.451,1.22591,1.22601,3.64,1.00
2013.12.05 11:48:55.941,1.2259,1.22603,1.72,1.18
2013.12.05 11:48:56.043,1.22591,1.22603,2.89,1.00
2013.12.05 11:48:58.609,1.22594,1.22603,1.20,1.00
2013.12.05 11:48:58.711,1.22593,1.22603,1.18,1.00
2013.12.05 11:48:58.916,1.22594,1.22603,1.20,1.00
2013.12.05 11:49:03.693,1.22596,1.22603,1.20,1.00
2013.12.05 11:49:03.795,1.22595,1.22603,1.99,1.00
2013.12.05 11:49:21.340,1.22596,1.22603,1.20,1.00
2013.12.05 11:49:21.543,1.22594,1.22603,1.68,1.00
2013.12.05 11:49:22.834,1.22592,1.22603,2.03,1.00
2013.12.05 11:49:23.087,1.22592,1.22601,1.15,1.00
2013.12.05 11:49:24.217,1.22591,1.22603,2.89,1.00
2013.12.05 11:49:30.467,1.22591,1.22601,3.64,1.00
2013.12.05 11:49:43.012,1.2259,1.22601,5.25,1.00
2013.12.05 11:49:51.096,1.22591,1.22602,1.97,1.00
2013.12.05 11:49:51.404,1.22594,1.22603,3.38,1.00
2013.12.05 11:49:52.372,1.22596,1.22603,1.28,1.00
2013.12.05 11:49:52.896,1.22594,1.22603,3.45,1.00
2013.12.05 11:49:58.591,1.22592,1.22603,4.39,1.00
2013.12.05 11:49:59.020,1.22592,1.22601,3.64,1.00
2013.12.05 11:50:00.735,1.22594,1.22601,1.28,1.00
2013.12.05 11:50:05.397,1.22592,1.22601,3.08,1.00
2013.12.05 11:50:05.701,1.2259,1.22598,4.39,1.00
2013.12.05 11:50:06.461,1.22589,1.22598,2.33,1.00
2013.12.05 11:50:06.973,1.22588,1.22598,4.39,1.00
2013.12.05 11:50:16.568,1.22592,1.22598,1.13,1.00
2013.12.05 11:50:16.669,1.22591,1.22601,1.39,1.58
2013.12.05 11:50:16.720,1.22591,1.22601,2.89,1.50
2013.12.05 11:50:26.813,1.22592,1.22598,1.15,1.00
2013.12.05 11:50:26.914,1.22592,1.22598,1.00,1.00
2013.12.05 11:50:27.435,1.2259,1.22598,1.18,1.00
2013.12.05 11:50:40.770,1.2259,1.22598,2.78,1.00
2013.12.05 11:50:40.972,1.2259,1.22601,2.40,1.58
2013.12.05 11:50:41.124,1.2259,1.22601,4.58,1.50
2013.12.05 11:50:41.427,1.2259,1.22598,1.18,1.00
2013.12.05 11:50:42.295,1.2259,1.22601,1.65,1.10
2013.12.05 11:50:42.396,1.2259,1.22601,4.58,1.00
2013.12.05 11:50:52.457,1.22592,1.22601,4.20,1.00
2013.12.05 11:50:52.962,1.22592,1.226,3.08,1.00
2013.12.05 11:50:58.932,1.22592,1.22597,3.00,1.00
2013.12.05 11:50:59.724,1.2259,1.22597,2.78,1.00
2013.12.05 11:51:00.146,1.22592,1.22603,1.10,1.18
2013.12.05 11:51:00.248,1.22593,1.22603,1.08,1.08
2013.12.05 11:51:00.780,1.22593,1.22603,3.08,1.00
2013.12.05 11:51:07.648,1.22593,1.22604,3.08,1.50
2013.12.05 11:51:20.084,1.22593,1.22604,3.08,1.88
2013.12.05 11:51:20.185,1.22593,1.22604,2.33,1.00
2013.12.05 11:51:20.287,1.22591,1.22604,3.45,1.10
2013.12.05 11:51:20.388,1.22593,1.22604,2.33,1.00
2013.12.05 11:51:20.843,1.22595,1.22604,2.33,1.00
2013.12.05 11:51:22.776,1.22594,1.22604,1.15,1.00
2013.12.05 11:51:32.124,1.22593,1.22605,3.64,1.00
2013.12.05 11:51:32.640,1.22594,1.22606,2.89,1.10
2013.12.05 11:51:33.160,1.22595,1.22606,2.33,1.00
2013.12.05 11:51:33.261,1.22595,1.22608,2.89,1.10
2013.12.05 11:51:33.894,1.22595,1.22607,2.33,1.00
2013.12.05 11:51:52.865,1.22595,1.22608,2.33,1.85
2013.12.05 11:51:52.968,1.22595,1.22606,2.33,1.00
2013.12.05 11:51:53.425,1.22593,1.22608,2.33,1.40
2013.12.05 11:51:54.726,1.22596,1.22607,2.33,1.00
2013.12.05 11:52:04.784,1.22596,1.2261,2.33,1.65
2013.12.05 11:52:04.986,1.22594,1.2261,3.08,3.83
2013.12.05 11:52:05.189,1.22596,1.22608,2.33,1.00
2013.12.05 11:52:05.341,1.22594,1.22608,2.33,1.18
2013.12.05 11:52:06.681,1.22594,1.22608,2.33,2.40
2013.12.05 11:52:06.833,1.22593,1.22608,1.15,4.58
2013.12.05 11:52:14.947,1.22592,1.22606,2.33,2.40
2013.12.05 11:52:15.098,1.22591,1.22606,1.28,3.27
2013.12.05 11:52:25.261,1.22592,1.22606,2.33,1.37
2013.12.05 11:52:29.239,1.22593,1.22607,3.08,1.08
2013.12.05 11:52:29.757,1.22594,1.22607,2.33,1.67
2013.12.05 11:52:31.331,1.22593,1.22607,1.15,1.47
2013.12.05 11:52:34.465,1.22593,1.22606,1.08,1.47
2013.12.05 11:52:34.516,1.22593,1.22606,1.10,3.64
2013.12.05 11:52:34.617,1.22593,1.22606,1.15,1.47
2013.12.05 11:52:37.180,1.22594,1.22607,2.33,1.10
2013.12.05 11:52:42.087,1.22594,1.22606,2.33,1.00
2013.12.05 11:52:42.289,1.22593,1.22606,1.74,1.15
2013.12.05 11:52:42.340,1.22593,1.22599,1.84,1.00
2013.12.05 11:52:42.541,1.22593,1.22606,2.89,1.58
2013.12.05 11:52:43.334,1.22595,1.22606,2.89,1.00
2013.12.05 11:52:43.840,1.22595,1.22607,2.33,1.00
2013.12.05 11:52:46.157,1.22595,1.22605,2.89,1.00
2013.12.05 11:52:50.690,1.22595,1.22606,3.08,1.00
2013.12.05 11:52:52.532,1.22593,1.22609,3.64,3.08
2013.12.05 11:52:52.633,1.22595,1.22609,2.33,1.18
2013.12.05 11:52:52.952,1.22593,1.22609,3.64,3.08
2013.12.05 11:52:53.279,1.22595,1.22608,2.89,1.10
2013.12.05 11:52:58.905,1.22593,1.22608,3.64,1.15
2013.12.05 11:53:04.637,1.22593,1.22605,3.08,1.10
2013.12.05 11:53:04.702,1.22591,1.22605,3.83,1.18
2013.12.05 11:53:20.291,1.22593,1.22605,2.33,1.10
2013.12.05 11:53:20.594,1.22595,1.22605,2.33,1.00
2013.12.05 11:53:27.389,1.22595,1.22604,3.08,1.00
2013.12.05 11:53:41.119,1.22596,1.22604,2.33,1.00
2013.12.05 11:53:46.814,1.22595,1.22604,1.15,1.00
2013.12.05 11:53:48.346,1.22595,1.22604,1.18,1.00
2013.12.05 11:53:48.852,1.22592,1.22607,3.64,1.15
2013.12.05 11:53:53.043,1.22592,1.22602,3.08,1.00
2013.12.05 11:53:53.262,1.22592,1.22602,1.18,1.00
2013.12.05 11:53:54.388,1.22592,1.22602,2.03,1.00
2013.12.05 11:53:54.918,1.22592,1.22602,4.20,1.00
2013.12.05 11:53:57.045,1.22594,1.22602,2.89,1.00
2013.12.05 11:54:00.576,1.22595,1.22605,1.28,1.00
2013.12.05 11:54:02.223,1.22594,1.22606,2.33,1.00
2013.12.05 11:54:04.863,1.22594,1.22605,2.33,1.00
2013.12.05 11:54:12.209,1.22594,1.22604,2.89,1.00
2013.12.05 11:54:17.134,1.22593,1.22604,2.89,1.00
2013.12.05 11:54:19.881,1.22595,1.22604,1.28,1.00
2013.12.05 11:54:20.033,1.22595,1.22606,2.33,1.00
2013.12.05 11:54:20.539,1.22595,1.22605,2.33,1.00
2013.12.05 11:54:20.842,1.22593,1.22604,2.33,1.00
2013.12.05 11:54:21.371,1.22593,1.22605,3.08,1.00
2013.12.05 11:54:21.877,1.22593,1.22606,2.33,1.10
2013.12.05 11:54:26.542,1.22591,1.22606,3.83,1.15
2013.12.05 11:54:31.425,1.22591,1.22604,3.83,1.20
2013.12.05 11:54:31.526,1.22591,1.22604,1.18,1.28
2013.12.05 11:54:33.272,1.22591,1.22605,1.65,3.79
2013.12.05 11:54:33.323,1.22591,1.22606,4.58,1.28
2013.12.05 11:54:34.761,1.22591,1.226,4.58,1.13
2013.12.05 11:54:34.811,1.22591,1.226,2.33,1.13
2013.12.05 11:54:39.001,1.2259,1.22602,1.13,1.65
2013.12.05 11:54:40.508,1.2259,1.226,1.13,1.13
2013.12.05 11:54:44.235,1.2259,1.22602,1.13,1.28
2013.12.05 11:54:44.387,1.22591,1.22602,2.70,1.13
2013.12.05 11:54:44.488,1.22589,1.22602,5.18,1.20
2013.12.05 11:54:57.803,1.2259,1.22605,2.03,3.98
2013.12.05 11:54:57.904,1.2259,1.22602,2.78,1.20
2013.12.05 11:55:02.743,1.2259,1.22605,3.90,2.33
2013.12.05 11:55:02.844,1.22592,1.22605,3.08,2.25
2013.12.05 11:55:02.945,1.22593,1.22607,2.33,1.47
2013.12.05 11:55:03.462,1.22593,1.22605,2.33,1.32
2013.12.05 11:55:05.289,1.22593,1.22605,2.33,1.88
2013.12.05 11:55:05.492,1.22592,1.22605,1.15,1.74
2013.12.05 11:55:05.822,1.22593,1.22605,2.33,1.00
2013.12.05 11:55:07.014,1.22593,1.22605,2.33,1.19
2013.12.05 11:55:11.449,1.22593,1.22605,2.33,1.00
2013.12.05 11:55:12.161,1.22593,1.22606,2.33,1.10
2013.12.05 11:55:12.465,1.22595,1.22606,2.33,1.00
2013.12.05 11:55:12.970,1.22594,1.22606,2.33,1.10
2013.12.05 11:55:13.274,1.22591,1.22607,2.70,4.58
2013.12.05 11:55:13.577,1.22591,1.22606,2.70,3.08
2013.12.05 11:55:13.628,1.22591,1.22606,2.70,3.08
2013.12.05 11:55:14.149,1.22591,1.22607,2.70,3.83
2013.12.05 11:55:14.817,1.22591,1.22607,2.70,3.83
2013.12.05 11:55:15.071,1.22592,1.22607,2.33,1.65
2013.12.05 11:55:18.943,1.22592,1.22607,3.83,1.90
2013.12.05 11:55:19.147,1.22592,1.22607,1.15,3.08
2013.12.05 11:55:19.209,1.22593,1.22607,2.33,1.15
2013.12.05 11:55:19.731,1.22593,1.22607,2.33,1.18
2013.12.05 11:55:20.058,1.22593,1.22607,2.33,1.93
2013.12.05 11:55:21.262,1.22593,1.22606,2.33,1.10
2013.12.05 11:55:21.364,1.22593,1.22605,2.33,1.75
2013.12.05 11:55:21.472,1.22593,1.22609,2.33,3.83
2013.12.05 11:55:21.523,1.22591,1.22604,1.20,2.33
2013.12.05 11:55:21.624,1.22592,1.22605,1.15,1.13
2013.12.05 11:55:22.079,1.22593,1.22607,2.33,1.18
2013.12.05 11:55:22.585,1.22593,1.22607,2.33,1.65
2013.12.05 11:55:23.094,1.22593,1.22607,2.33,1.18
2013.12.05 11:55:23.618,1.22593,1.22607,2.33,1.65
2013.12.05 11:55:26.811,1.22593,1.22607,2.33,1.18
2013.12.05 11:55:27.114,1.22592,1.22607,3.08,3.08
2013.12.05 11:55:27.619,1.22592,1.22607,1.15,3.08
2013.12.05 11:55:29.869,1.22592,1.22607,1.15,3.08
2013.12.05 11:55:31.095,1.22592,1.22606,1.15,1.90
2013.12.05 11:55:31.620,1.22591,1.22606,2.70,1.15
2013.12.05 11:55:34.333,1.22593,1.22606,2.33,1.10
2013.12.05 11:55:40.321,1.22593,1.22607,2.33,2.40
2013.12.05 11:55:40.523,1.22591,1.22606,2.70,1.15
2013.12.05 11:55:45.271,1.22593,1.22607,2.33,1.18
2013.12.05 11:56:12.867,1.22593,1.22605,2.33,1.00
2013.12.05 11:56:23.106,1.22593,1.22608,2.33,1.15
2013.12.05 11:56:26.588,1.22592,1.22607,3.08,3.64
2013.12.05 11:56:26.841,1.22591,1.22604,1.28,1.72
2013.12.05 11:56:26.942,1.22591,1.22604,3.45,1.10
2013.12.05 11:56:27.458,1.22591,1.22603,3.45,1.00
2013.12.05 11:56:28.319,1.22591,1.22605,3.45,1.18
2013.12.05 11:56:29.567,1.22592,1.22606,3.08,1.08
2013.12.05 11:56:29.618,1.22593,1.22606,2.33,1.10
2013.12.05 11:56:31.706,1.22593,1.22607,2.33,2.03
2013.12.05 11:56:39.391,1.22593,1.22605,2.33,1.88
2013.12.05 11:56:39.896,1.22591,1.22604,2.70,1.10
2013.12.05 11:56:42.171,1.22591,1.22601,2.70,1.13
2013.12.05 11:56:42.374,1.2259,1.22603,2.63,1.24
2013.12.05 11:56:42.526,1.22591,1.22605,2.63,4.17
2013.12.05 11:56:42.627,1.22591,1.22605,2.70,1.99
2013.12.05 11:56:53.416,1.22593,1.22606,2.33,1.20
2013.12.05 11:56:53.719,1.22591,1.22604,3.45,1.95
2013.12.05 11:56:53.770,1.22591,1.22604,3.45,1.10
2013.12.05 11:56:53.871,1.22593,1.22604,2.33,1.57
2013.12.05 11:56:54.224,1.22593,1.22605,3.08,1.00
2013.12.05 11:56:55.800,1.22594,1.22605,2.33,1.00
2013.12.05 11:56:55.901,1.22596,1.22607,2.33,1.00
2013.12.05 11:56:56.407,1.22597,1.22607,3.08,1.00
2013.12.05 11:56:59.091,1.22595,1.22607,3.08,1.00
2013.12.05 11:57:03.647,1.22598,1.22607,2.25,1.32
2013.12.05 11:57:05.274,1.22597,1.22607,2.33,1.32
2013.12.05 11:57:05.589,1.22596,1.22604,2.33,1.00
2013.12.05 11:57:09.897,1.22596,1.22603,2.33,1.00
2013.12.05 11:57:09.998,1.2259,1.22598,4.20,1.00
2013.12.05 11:57:15.102,1.22592,1.22604,2.33,1.13
2013.12.05 11:57:15.153,1.22592,1.22605,2.33,1.39
2013.12.05 11:57:15.456,1.22594,1.22605,2.33,1.32
2013.12.05 11:57:20.437,1.22594,1.22603,2.33,1.00
2013.12.05 11:57:20.948,1.22594,1.22603,2.33,1.88
2013.12.05 11:57:21.151,1.22592,1.22603,3.08,1.88
2013.12.05 11:57:25.916,1.22592,1.22601,3.08,1.13
2013.12.05 11:57:34.197,1.22592,1.22603,3.00,1.39
2013.12.05 11:57:34.248,1.22592,1.22603,1.10,1.47
2013.12.05 11:57:34.299,1.22592,1.22602,3.08,1.20
2013.12.05 11:57:34.552,1.22593,1.22603,2.33,1.32
2013.12.05 11:57:40.593,1.22593,1.22602,2.33,1.13
2013.12.05 11:57:41.303,1.22591,1.22602,1.28,1.13
2013.12.05 11:57:41.354,1.22591,1.22603,1.28,1.39
2013.12.05 11:57:41.556,1.22592,1.22603,2.33,1.32
2013.12.05 11:57:42.069,1.22592,1.22604,3.08,1.00
2013.12.05 11:57:42.372,1.22594,1.22603,2.33,1.00
2013.12.05 11:57:42.676,1.22594,1.22601,2.33,1.00
2013.12.05 11:57:44.288,1.22593,1.22601,1.15,1.32
2013.12.05 11:57:45.280,1.22592,1.22601,3.08,1.88
2013.12.05 11:57:45.381,1.22591,1.22601,1.28,1.88
2013.12.05 11:57:45.483,1.22591,1.22601,3.45,1.32
2013.12.05 11:57:46.000,1.22592,1.22601,2.33,1.13
2013.12.05 11:57:47.651,1.22592,1.22603,2.33,1.13
2013.12.05 11:57:48.541,1.22592,1.22601,3.08,1.13
2013.12.05 11:57:48.643,1.22592,1.22601,1.10,1.13
2013.12.05 11:57:51.507,1.22592,1.22602,1.10,1.20
2013.12.05 11:57:54.315,1.22591,1.22604,1.28,1.99
2013.12.05 11:57:54.418,1.22592,1.22604,1.08,1.47
2013.12.05 11:57:55.061,1.22592,1.22603,1.65,1.57
2013.12.05 11:57:58.293,1.22591,1.22603,2.70,1.00
2013.12.05 11:58:01.785,1.22592,1.22603,1.15,1.88
2013.12.05 11:58:01.886,1.22592,1.22603,1.10,2.03
2013.12.05 11:58:04.098,1.2259,1.22603,4.13,1.74
2013.12.05 11:58:04.200,1.2259,1.22601,3.38,1.13
2013.12.05 11:58:07.491,1.2259,1.22603,1.83,1.28
2013.12.05 11:58:09.703,1.2259,1.22604,1.83,1.72
2013.12.05 11:58:15.639,1.2259,1.226,1.83,1.13
2013.12.05 11:58:16.205,1.2259,1.226,1.43,1.20
2013.12.05 11:58:19.016,1.2259,1.226,1.13,1.13
2013.12.05 11:58:39.262,1.2259,1.226,1.13,1.13
2013.12.05 11:58:41.118,1.2259,1.22602,1.13,1.74
2013.12.05 11:58:41.169,1.2259,1.22603,3.30,1.95
2013.12.05 11:58:41.675,1.2259,1.22603,4.80,1.67
2013.12.05 11:58:52.087,1.2259,1.22602,5.55,1.13
2013.12.05 11:58:59.434,1.2259,1.22603,5.55,1.95
2013.12.05 11:58:59.783,1.2259,1.226,1.88,1.13
2013.12.05 11:59:01.675,1.2259,1.22599,1.13,1.13
2013.12.05 11:59:02.440,1.2259,1.22596,1.13,1.13
2013.12.05 11:59:06.776,1.22588,1.22595,1.58,1.13
2013.12.05 11:59:06.878,1.22589,1.22597,1.05,1.13
2013.12.05 11:59:06.979,1.22589,1.22598,1.05,1.57
2013.12.05 11:59:10.988,1.2259,1.22602,1.13,1.28
2013.12.05 11:59:11.190,1.22591,1.22602,2.63,1.20
2013.12.05 11:59:11.772,1.22591,1.22599,2.70,1.13
2013.12.05 11:59:11.873,1.2259,1.22598,2.63,1.13
2013.12.05 11:59:16.503,1.2259,1.22602,1.88,1.28
2013.12.05 11:59:16.654,1.2259,1.22597,2.63,1.13
2013.12.05 11:59:18.288,1.2259,1.22596,2.63,1.13
2013.12.05 11:59:18.493,1.2259,1.22598,1.13,1.13
2013.12.05 11:59:18.752,1.2259,1.22599,2.63,1.13
2013.12.05 11:59:18.954,1.2259,1.22601,2.63,1.39
2013.12.05 11:59:19.156,1.2259,1.22601,4.80,1.32
2013.12.05 11:59:19.723,1.22592,1.22605,1.18,1.28
2013.12.05 11:59:19.825,1.22592,1.22602,2.33,1.13
2013.12.05 11:59:19.955,1.2259,1.22602,4.80,1.13
2013.12.05 11:59:20.058,1.2259,1.22604,4.80,1.28
2013.12.05 11:59:21.716,1.2259,1.22605,4.80,1.15
2013.12.05 11:59:21.817,1.22592,1.22605,2.33,1.10
2013.12.05 11:59:24.171,1.22592,1.22605,2.33,1.95
2013.12.05 11:59:24.383,1.22592,1.22605,2.33,1.10
2013.12.05 11:59:25.398,1.22595,1.22608,1.39,1.15
2013.12.05 11:59:25.701,1.22597,1.22608,1.55,1.95
2013.12.05 11:59:25.903,1.22597,1.22608,1.45,1.10
2013.12.05 11:59:26.120,1.22597,1.22608,1.15,1.00
2013.12.05 11:59:26.344,1.22597,1.22607,1.15,1.88
2013.12.05 11:59:27.147,1.22597,1.22607,1.10,1.95
2013.12.05 11:59:27.349,1.22597,1.22607,1.10,1.10
2013.12.05 11:59:27.451,1.22597,1.22607,1.15,1.00
2013.12.05 11:59:28.493,1.226,1.22607,1.38,1.00
2013.12.05 11:59:28.544,1.22607,1.22612,1.00,1.00
2013.12.05 11:59:28.595,1.22602,1.22613,4.35,2.25
2013.12.05 11:59:28.646,1.22602,1.22615,1.65,1.08
2013.12.05 11:59:28.848,1.22602,1.22615,3.08,1.10
2013.12.05 11:59:29.203,1.22602,1.2261,2.33,1.00
2013.12.05 11:59:30.248,1.226,1.2261,2.33,1.00
2013.12.05 11:59:30.400,1.22598,1.22612,2.33,1.47
2013.12.05 11:59:31.060,1.22599,1.22614,3.08,2.33
2013.12.05 11:59:31.422,1.226,1.22615,2.33,1.15
2013.12.05 11:59:38.231,1.22601,1.22616,2.33,3.08
2013.12.05 11:59:38.282,1.22602,1.22616,2.33,1.18
2013.12.05 11:59:38.686,1.22602,1.22612,2.33,1.00
2013.12.05 11:59:38.993,1.226,1.2261,2.33,1.00
2013.12.05 11:59:39.246,1.226,1.22613,2.33,1.10
2013.12.05 11:59:39.600,1.22602,1.22618,2.70,2.33
2013.12.05 11:59:39.903,1.22604,1.22617,2.33,1.10
2013.12.05 11:59:41.088,1.22604,1.22611,2.33,1.00
2013.12.05 11:59:41.139,1.22601,1.22611,2.33,1.00
2013.12.05 11:59:42.939,1.22601,1.22608,2.33,1.00
2013.12.05 11:59:43.092,1.22599,1.22608,3.08,1.00
2013.12.05 11:59:43.193,1.22599,1.22606,3.08,1.00
2013.12.05 11:59:43.345,1.22597,1.22606,3.08,1.00
2013.12.05 11:59:44.230,1.22597,1.22606,1.18,1.00
2013.12.05 11:59:51.506,1.22597,1.22609,1.18,1.18
2013.12.05 11:59:52.009,1.22595,1.22607,3.08,1.00
2013.12.05 11:59:53.448,1.22595,1.22609,3.08,1.65
2013.12.05 11:59:54.732,1.22595,1.22607,3.08,1.00
2013.12.05 11:59:56.015,1.22595,1.22607,1.18,1.18
2013.12.05 11:59:56.594,1.22595,1.22605,1.18,1.00
2013.12.05 11:59:57.128,1.22593,1.22607,3.08,1.65
