2013.12.27 14:00:00.582,1.22446,1.22461,1.18,2.33
2013.12.27 14:00:01.085,1.22444,1.2246,1.65,5.26
2013.12.27 14:00:01.387,1.22444,1.22458,1.58,4.51
2013.12.27 14:00:04.889,1.22442,1.22456,1.58,4.51
2013.12.27 14:00:05.578,1.22444,1.22456,1.00,4.51
2013.12.27 14:00:07.335,1.22442,1.22456,1.58,4.51
2013.12.27 14:00:07.869,1.22443,1.22456,1.00,5.07
2013.12.27 14:00:10.194,1.22444,1.22456,1.00,4.51
2013.12.27 14:00:13.536,1.22444,1.22456,1.50,2.33
2013.12.27 14:00:14.042,1.22444,1.22457,1.50,2.33
2013.12.27 14:00:15.476,1.22444,1.22457,1.50,2.33
2013.12.27 14:00:15.780,1.22441,1.22453,1.38,3.98
2013.12.27 14:00:16.083,1.22445,1.22453,1.00,3.98
2013.12.27 14:00:17.059,1.22443,1.22453,1.13,3.98
2013.12.27 14:00:19.078,1.22443,1.22453,1.13,3.45
2013.12.27 14:00:22.783,1.22444,1.22452,1.00,5.63
2013.12.27 14:00:22.885,1.22441,1.2245,1.38,5.63
2013.12.27 14:00:22.936,1.22442,1.2245,1.13,5.07
2013.12.27 14:00:23.633,1.22438,1.22448,1.00,4.51
2013.12.27 14:00:23.684,1.22438,1.22448,1.38,4.51
2013.12.27 14:00:26.576,1.22437,1.22448,1.38,2.33
2013.12.27 14:00:27.091,1.22437,1.22449,1.38,2.33
2013.12.27 14:00:28.285,1.22437,1.22449,1.38,2.33
2013.12.27 14:00:32.884,1.22437,1.2245,1.38,4.50
2013.12.27 14:00:35.737,1.22437,1.22449,1.38,5.07
2013.12.27 14:00:41.502,1.22437,1.2245,1.95,3.64
2013.12.27 14:00:42.051,1.22439,1.2245,1.38,4.51
2013.12.27 14:00:42.563,1.22437,1.2245,3.38,5.07
2013.12.27 14:00:43.278,1.22437,1.22449,1.88,3.46
2013.12.27 14:00:47.621,1.22437,1.22449,1.38,3.45
2013.12.27 14:00:48.143,1.22437,1.22448,1.38,3.45
2013.12.27 14:00:51.607,1.22436,1.22448,1.50,3.83
2013.12.27 14:00:51.759,1.22436,1.22448,1.88,4.73
2013.12.27 14:00:52.573,1.22437,1.22448,1.38,4.73
2013.12.27 14:00:52.624,1.22437,1.22448,1.38,4.36
2013.12.27 14:00:55.906,1.22437,1.22447,1.38,5.07
2013.12.27 14:00:57.098,1.22437,1.22448,1.38,2.33
2013.12.27 14:00:59.326,1.22435,1.22448,1.48,2.33
2013.12.27 14:01:03.015,1.22432,1.22448,2.70,5.26
2013.12.27 14:01:03.117,1.22431,1.22446,1.45,5.07
2013.12.27 14:01:03.654,1.22429,1.22445,2.03,4.51
2013.12.27 14:01:03.806,1.22429,1.22445,3.83,2.33
2013.12.27 14:01:03.857,1.2243,1.22446,2.33,2.89
2013.12.27 14:01:04.237,1.2243,1.22445,2.25,4.96
2013.12.27 14:01:04.288,1.22429,1.22444,1.65,5.07
2013.12.27 14:01:04.794,1.22428,1.22443,1.15,3.45
2013.12.27 14:01:09.673,1.22427,1.22443,3.83,4.40
2013.12.27 14:01:09.926,1.22427,1.22442,1.65,5.07
2013.12.27 14:01:10.230,1.22432,1.22442,1.00,1.13
2013.12.27 14:01:10.331,1.22429,1.22442,1.18,1.13
2013.12.27 14:01:10.857,1.22429,1.22442,1.00,5.44
2013.12.27 14:01:10.958,1.22429,1.2244,1.00,6.38
2013.12.27 14:01:11.009,1.22427,1.2244,1.00,6.38
2013.12.27 14:01:11.465,1.22425,1.22439,1.18,4.58
2013.12.27 14:01:11.616,1.22423,1.22436,1.10,3.46
2013.12.27 14:01:12.580,1.22422,1.22436,1.18,4.21
2013.12.27 14:01:13.473,1.22422,1.22435,1.00,6.75
2013.12.27 14:01:14.553,1.22421,1.22434,1.10,4.20
2013.12.27 14:01:15.083,1.22421,1.22434,1.10,3.58
2013.12.27 14:01:17.299,1.22422,1.22434,1.00,3.27
2013.12.27 14:01:17.654,1.22422,1.22436,1.28,2.85
2013.12.27 14:01:18.160,1.22422,1.22436,2.97,2.33
2013.12.27 14:01:20.231,1.22422,1.22437,5.14,2.33
2013.12.27 14:01:20.755,1.22422,1.22438,5.14,3.83
2013.12.27 14:01:23.733,1.22422,1.22438,5.14,6.01
2013.12.27 14:01:23.784,1.22422,1.22437,2.97,4.51
2013.12.27 14:01:24.291,1.22422,1.22437,2.78,4.51
2013.12.27 14:01:24.545,1.22425,1.22437,1.38,4.51
2013.12.27 14:01:24.646,1.22425,1.22439,2.03,2.33
2013.12.27 14:01:25.449,1.22425,1.22439,2.03,3.46
2013.12.27 14:01:25.500,1.22429,1.22439,1.00,3.46
2013.12.27 14:01:26.202,1.22429,1.22439,1.00,2.33
2013.12.27 14:01:26.619,1.22426,1.22439,2.03,2.33
2013.12.27 14:01:27.125,1.22426,1.22439,1.20,2.33
2013.12.27 14:01:28.019,1.22427,1.22439,1.13,2.33
2013.12.27 14:01:28.372,1.22426,1.22441,4.02,1.53
2013.12.27 14:01:32.520,1.22428,1.22441,1.18,1.65
2013.12.27 14:01:32.671,1.22426,1.22441,2.78,5.45
2013.12.27 14:01:33.227,1.22427,1.22439,1.00,5.63
2013.12.27 14:01:33.660,1.22426,1.2244,1.28,3.83
2013.12.27 14:01:33.762,1.22426,1.2244,1.28,3.83
2013.12.27 14:01:34.081,1.22426,1.22438,1.13,3.83
2013.12.27 14:01:34.586,1.22427,1.22438,1.10,2.56
2013.12.27 14:01:39.037,1.22426,1.22436,1.20,1.13
2013.12.27 14:01:39.289,1.22426,1.22437,1.20,1.28
2013.12.27 14:01:41.725,1.22426,1.22437,1.20,2.56
2013.12.27 14:01:42.061,1.22429,1.22437,1.00,2.56
2013.12.27 14:01:43.699,1.22429,1.22437,1.00,1.20
2013.12.27 14:01:43.901,1.22429,1.22437,1.00,2.18
2013.12.27 14:01:43.952,1.22425,1.22437,2.03,2.18
2013.12.27 14:01:44.487,1.22426,1.2244,3.53,1.97
2013.12.27 14:01:44.790,1.22426,1.2244,2.70,5.45
2013.12.27 14:01:45.294,1.22427,1.2244,1.00,5.45
2013.12.27 14:01:46.488,1.22427,1.2244,1.18,1.40
2013.12.27 14:02:00.242,1.22426,1.2244,1.28,2.89
2013.12.27 14:02:00.869,1.22426,1.2244,1.95,5.07
2013.12.27 14:02:03.799,1.22427,1.22439,1.00,3.98
2013.12.27 14:02:04.103,1.22429,1.22437,1.00,3.45
2013.12.27 14:02:04.765,1.22428,1.22437,1.00,3.98
2013.12.27 14:02:05.812,1.22428,1.22437,1.00,3.98
2013.12.27 14:02:05.863,1.22426,1.22437,1.88,3.98
2013.12.27 14:02:06.487,1.22426,1.22437,1.88,3.45
2013.12.27 14:02:08.496,1.22425,1.22436,1.38,6.16
2013.12.27 14:02:08.700,1.22424,1.22436,2.33,1.24
2013.12.27 14:02:09.652,1.22424,1.22436,3.75,2.89
2013.12.27 14:02:11.738,1.22425,1.22437,1.38,2.33
2013.12.27 14:02:12.460,1.22428,1.22437,1.00,3.98
2013.12.27 14:02:12.718,1.22426,1.22437,1.13,5.63
2013.12.27 14:02:12.769,1.22426,1.22436,1.13,2.71
2013.12.27 14:02:12.884,1.22424,1.22436,1.58,1.20
2013.12.27 14:02:12.935,1.22423,1.22436,2.85,5.55
2013.12.27 14:02:13.406,1.22423,1.22435,2.25,3.46
2013.12.27 14:02:13.513,1.22423,1.22435,2.25,3.45
2013.12.27 14:02:14.061,1.22427,1.22435,1.00,3.38
2013.12.27 14:02:14.163,1.22427,1.22436,1.00,1.24
2013.12.27 14:02:14.788,1.22426,1.22436,1.13,1.28
2013.12.27 14:02:24.647,1.22426,1.22438,1.20,1.28
2013.12.27 14:02:24.749,1.22426,1.22438,1.13,5.63
2013.12.27 14:02:25.052,1.22428,1.22437,1.00,4.73
2013.12.27 14:02:25.456,1.22425,1.22435,1.00,3.83
2013.12.27 14:02:25.507,1.22425,1.22435,1.00,3.83
2013.12.27 14:02:25.608,1.22423,1.22435,1.13,3.46
2013.12.27 14:02:25.659,1.22423,1.22435,1.00,2.33
2013.12.27 14:02:25.861,1.22421,1.22435,1.65,2.33
2013.12.27 14:02:26.013,1.2242,1.22435,1.18,4.73
2013.12.27 14:02:26.615,1.2242,1.22434,1.10,5.63
2013.12.27 14:02:29.625,1.2242,1.22433,1.10,3.46
2013.12.27 14:02:29.959,1.22422,1.22433,1.00,3.46
2013.12.27 14:02:31.522,1.2242,1.22433,1.10,3.46
2013.12.27 14:02:32.032,1.2242,1.22433,1.10,3.83
2013.12.27 14:02:32.156,1.2242,1.22433,1.10,4.89
2013.12.27 14:02:32.817,1.2242,1.22433,1.10,3.46
2013.12.27 14:02:32.869,1.22422,1.22433,1.00,3.46
2013.12.27 14:02:33.374,1.22421,1.22433,1.00,3.46
2013.12.27 14:02:34.396,1.2242,1.22433,1.10,2.33
2013.12.27 14:02:34.703,1.22422,1.22432,1.00,3.46
2013.12.27 14:02:35.809,1.22422,1.22434,1.00,3.45
2013.12.27 14:02:36.316,1.22422,1.22434,1.00,3.46
2013.12.27 14:02:38.801,1.22424,1.22434,1.00,3.83
2013.12.27 14:02:39.115,1.22424,1.22432,1.00,4.51
2013.12.27 14:02:39.368,1.22422,1.22432,1.00,2.33
2013.12.27 14:02:39.419,1.22422,1.22433,1.00,1.47
2013.12.27 14:02:40.230,1.22421,1.22434,2.70,2.33
2013.12.27 14:02:40.382,1.22421,1.22437,4.95,2.89
2013.12.27 14:02:40.799,1.22421,1.22437,2.78,4.66
2013.12.27 14:02:41.381,1.22422,1.22435,1.10,3.91
2013.12.27 14:02:50.982,1.22421,1.22435,4.20,1.28
2013.12.27 14:02:51.553,1.22421,1.22436,4.20,1.28
2013.12.27 14:02:53.613,1.22423,1.22439,3.27,3.83
2013.12.27 14:02:54.282,1.22425,1.22439,1.55,4.58
2013.12.27 14:02:54.434,1.22425,1.22439,1.55,3.08
2013.12.27 14:02:55.091,1.22423,1.22439,2.33,4.96
2013.12.27 14:02:55.243,1.22422,1.22438,1.65,6.38
2013.12.27 14:02:55.698,1.22423,1.22438,3.08,1.28
2013.12.27 14:02:55.799,1.22422,1.22438,1.65,5.07
2013.12.27 14:02:56.103,1.22422,1.22437,1.65,4.58
2013.12.27 14:02:56.154,1.22422,1.22435,1.58,3.45
2013.12.27 14:02:56.665,1.22423,1.22435,1.00,2.33
2013.12.27 14:02:56.716,1.22423,1.22438,1.15,3.45
2013.12.27 14:02:58.299,1.22424,1.2244,2.33,3.64
2013.12.27 14:03:01.550,1.22424,1.2244,3.08,3.46
2013.12.27 14:03:03.137,1.22426,1.2244,2.03,3.90
2013.12.27 14:03:03.541,1.22426,1.2244,2.03,3.90
2013.12.27 14:03:04.316,1.22426,1.2244,2.03,3.91
2013.12.27 14:03:05.844,1.22426,1.2244,1.28,3.45
2013.12.27 14:03:12.053,1.22426,1.2244,1.28,3.91
2013.12.27 14:03:12.455,1.22426,1.2244,1.28,3.45
2013.12.27 14:03:12.607,1.22426,1.2244,1.65,3.45
2013.12.27 14:03:14.790,1.22425,1.2244,1.15,3.45
2013.12.27 14:03:18.936,1.22425,1.22439,1.18,3.46
2013.12.27 14:03:19.444,1.22426,1.22439,1.10,3.45
2013.12.27 14:03:19.949,1.22426,1.22439,1.10,3.83
2013.12.27 14:03:20.253,1.22423,1.22435,1.00,3.90
2013.12.27 14:03:20.781,1.22422,1.22435,1.10,3.90
2013.12.27 14:03:21.291,1.22421,1.22435,1.65,3.91
2013.12.27 14:03:21.493,1.22421,1.22433,1.50,3.83
2013.12.27 14:03:22.086,1.22421,1.22431,1.00,3.91
2013.12.27 14:03:22.189,1.22421,1.22431,1.10,1.09
2013.12.27 14:03:22.391,1.22419,1.22431,1.15,3.19
2013.12.27 14:03:22.441,1.22418,1.2243,1.58,3.35
2013.12.27 14:03:22.593,1.22419,1.2243,1.00,2.70
2013.12.27 14:03:22.644,1.22419,1.22431,1.10,1.09
2013.12.27 14:03:22.745,1.22419,1.22431,1.10,1.20
2013.12.27 14:03:22.950,1.22419,1.22432,1.10,3.45
2013.12.27 14:03:23.051,1.22419,1.2243,1.10,2.68
2013.12.27 14:03:23.922,1.22419,1.22432,1.10,3.45
2013.12.27 14:03:26.095,1.22419,1.22432,1.08,1.28
2013.12.27 14:03:26.611,1.22418,1.22432,4.58,1.28
2013.12.27 14:03:30.562,1.22421,1.22435,3.00,2.70
2013.12.27 14:03:30.612,1.22421,1.22437,3.08,4.54
2013.12.27 14:03:32.985,1.22419,1.22436,4.02,4.51
2013.12.27 14:03:35.682,1.22419,1.22435,3.08,3.45
2013.12.27 14:03:35.733,1.22419,1.22433,1.18,3.46
2013.12.27 14:03:42.586,1.2242,1.22431,1.00,5.07
2013.12.27 14:03:47.736,1.22418,1.22431,1.50,4.51
2013.12.27 14:03:52.235,1.22418,1.2243,1.00,5.63
2013.12.27 14:03:52.784,1.22418,1.2243,1.00,3.94
2013.12.27 14:03:55.930,1.22417,1.2243,1.10,3.98
2013.12.27 14:03:56.450,1.22417,1.2243,1.10,3.90
2013.12.27 14:03:56.602,1.22419,1.2243,1.00,2.85
2013.12.27 14:03:56.703,1.22416,1.2243,3.08,6.83
2013.12.27 14:03:57.207,1.22416,1.2243,2.33,5.26
2013.12.27 14:03:59.074,1.22416,1.22428,1.00,5.07
2013.12.27 14:03:59.876,1.22415,1.22428,1.50,5.07
2013.12.27 14:04:03.682,1.22415,1.22428,1.88,5.07
2013.12.27 14:04:03.985,1.22415,1.22429,1.15,3.45
2013.12.27 14:04:04.086,1.22415,1.22429,1.10,3.46
2013.12.27 14:04:05.207,1.22415,1.22427,1.00,3.46
2013.12.27 14:04:05.510,1.22413,1.22425,1.50,5.07
2013.12.27 14:04:05.943,1.22413,1.22426,1.65,1.80
2013.12.27 14:04:06.247,1.22413,1.22426,3.83,1.73
2013.12.27 14:04:07.746,1.22413,1.22426,3.08,1.13
2013.12.27 14:04:07.898,1.22413,1.22426,1.10,3.98
2013.12.27 14:04:08.878,1.22411,1.22421,1.13,1.13
2013.12.27 14:04:09.601,1.22411,1.22421,1.20,2.48
2013.12.27 14:04:10.958,1.22413,1.22421,1.00,1.13
2013.12.27 14:04:11.059,1.22413,1.22423,1.00,1.28
2013.12.27 14:04:11.464,1.22411,1.22423,1.95,1.28
2013.12.27 14:04:12.930,1.22412,1.22424,1.00,2.89
2013.12.27 14:04:13.451,1.22412,1.22424,1.00,3.46
2013.12.27 14:04:15.107,1.22409,1.2242,1.58,1.13
2013.12.27 14:04:15.259,1.22413,1.22422,1.00,1.28
2013.12.27 14:04:20.191,1.22411,1.22422,1.95,1.28
2013.12.27 14:04:25.701,1.22411,1.22424,1.95,2.33
2013.12.27 14:04:25.751,1.22413,1.22424,1.00,2.33
2013.12.27 14:04:25.903,1.22414,1.22427,1.10,2.89
2013.12.27 14:04:26.055,1.22415,1.22427,1.38,2.89
2013.12.27 14:04:26.106,1.22415,1.22428,1.55,1.28
2013.12.27 14:04:26.471,1.22415,1.22428,1.55,1.13
2013.12.27 14:04:26.572,1.22413,1.22429,4.39,4.50
2013.12.27 14:04:27.115,1.22415,1.22428,1.10,3.46
2013.12.27 14:04:27.719,1.22415,1.22428,1.18,2.33
2013.12.27 14:04:27.820,1.22415,1.2243,1.15,2.33
2013.12.27 14:04:28.412,1.22417,1.2243,1.18,4.20
2013.12.27 14:04:28.463,1.22417,1.2243,1.15,2.03
2013.12.27 14:04:33.514,1.22417,1.2243,1.18,2.70
2013.12.27 14:04:33.665,1.22414,1.22429,1.47,4.51
2013.12.27 14:04:34.315,1.22416,1.22429,1.13,4.51
2013.12.27 14:04:35.736,1.22416,1.22428,1.13,4.21
2013.12.27 14:04:35.888,1.22412,1.22427,1.18,5.26
2013.12.27 14:04:35.939,1.2241,1.22427,2.22,6.01
2013.12.27 14:04:36.091,1.2241,1.22427,3.08,6.38
2013.12.27 14:04:36.344,1.22413,1.22426,1.10,3.83
2013.12.27 14:04:36.857,1.22413,1.22422,1.58,3.46
2013.12.27 14:04:37.602,1.22413,1.22423,1.00,3.45
2013.12.27 14:04:37.991,1.22413,1.22423,1.00,1.13
2013.12.27 14:04:38.493,1.22412,1.22423,1.00,1.13
2013.12.27 14:04:40.850,1.22417,1.22424,1.13,3.08
2013.12.27 14:04:40.901,1.22418,1.22428,1.13,3.45
2013.12.27 14:04:41.053,1.22415,1.22428,1.05,4.11
2013.12.27 14:04:41.104,1.22416,1.22428,3.30,3.05
2013.12.27 14:04:41.356,1.22417,1.22431,1.28,1.28
2013.12.27 14:04:41.559,1.22418,1.22432,2.33,2.03
2013.12.27 14:04:43.476,1.22418,1.22433,2.33,1.47
2013.12.27 14:04:46.304,1.22424,1.22434,1.57,2.33
2013.12.27 14:04:46.355,1.22424,1.22436,1.57,3.83
2013.12.27 14:04:46.406,1.22424,1.22436,1.00,4.58
2013.12.27 14:04:46.557,1.22424,1.22436,1.18,1.13
2013.12.27 14:04:47.170,1.22423,1.22438,1.28,5.33
2013.12.27 14:04:47.676,1.22422,1.22438,1.15,5.52
2013.12.27 14:04:48.247,1.22422,1.22437,1.18,5.45
2013.12.27 14:04:48.906,1.22424,1.22437,1.13,5.45
2013.12.27 14:04:49.211,1.22431,1.22438,3.83,1.00
2013.12.27 14:04:49.565,1.22431,1.22442,4.20,2.25
2013.12.27 14:04:49.980,1.22431,1.22442,4.58,3.38
2013.12.27 14:04:51.611,1.22433,1.22442,1.47,2.25
2013.12.27 14:04:51.662,1.22433,1.22442,3.64,2.25
2013.12.27 14:04:51.979,1.22433,1.22447,4.39,2.40
2013.12.27 14:04:52.333,1.22436,1.22447,3.08,2.25
2013.12.27 14:04:53.601,1.22439,1.22447,1.10,3.25
2013.12.27 14:04:53.921,1.22439,1.22447,1.28,3.25
2013.12.27 14:04:54.438,1.2244,1.22448,1.18,1.00
2013.12.27 14:04:55.817,1.22436,1.22448,4.95,1.00
2013.12.27 14:04:56.319,1.22436,1.22449,4.95,1.20
2013.12.27 14:04:56.472,1.22436,1.22449,4.95,1.13
2013.12.27 14:04:57.301,1.22437,1.22452,2.89,3.08
2013.12.27 14:04:57.352,1.22441,1.22452,1.10,1.18
2013.12.27 14:04:57.453,1.22441,1.22452,1.28,1.50
2013.12.27 14:04:57.757,1.22447,1.22455,2.33,1.50
2013.12.27 14:04:57.908,1.22445,1.22459,4.73,1.18
2013.12.27 14:04:58.621,1.22446,1.22461,2.33,2.33
2013.12.27 14:04:58.672,1.22447,1.22462,2.33,1.47
2013.12.27 14:04:59.092,1.2245,1.22462,3.38,1.08
2013.12.27 14:04:59.607,1.2245,1.22462,2.33,1.00
2013.12.27 14:04:59.911,1.22452,1.22464,2.33,1.00
2013.12.27 14:05:00.214,1.22449,1.22464,2.33,4.28
2013.12.27 14:05:00.316,1.22446,1.22462,2.33,4.20
2013.12.27 14:05:00.737,1.22446,1.22461,2.33,2.41
2013.12.27 14:05:00.951,1.22444,1.2246,3.83,3.45
2013.12.27 14:05:01.479,1.22444,1.2246,2.33,4.58
2013.12.27 14:05:01.530,1.22444,1.22458,2.33,3.91
2013.12.27 14:05:01.986,1.22439,1.22453,1.18,3.33
2013.12.27 14:05:02.190,1.22439,1.22453,2.33,1.10
2013.12.27 14:05:02.494,1.22437,1.22453,3.83,3.45
2013.12.27 14:05:03.503,1.22437,1.22452,1.18,6.38
2013.12.27 14:05:03.806,1.22437,1.22449,1.00,3.46
2013.12.27 14:05:04.536,1.22437,1.22449,1.00,3.83
2013.12.27 14:05:04.968,1.22435,1.22449,1.65,3.46
2013.12.27 14:05:05.896,1.22435,1.22448,1.50,5.63
2013.12.27 14:05:06.204,1.22435,1.22445,1.50,1.13
2013.12.27 14:05:06.716,1.22433,1.22444,1.18,1.13
2013.12.27 14:05:09.004,1.22435,1.22447,1.00,4.95
2013.12.27 14:05:09.701,1.22433,1.22447,1.18,4.95
2013.12.27 14:05:10.217,1.22431,1.22447,4.20,3.46
2013.12.27 14:05:10.776,1.22432,1.22447,2.33,3.45
2013.12.27 14:05:11.366,1.22433,1.22447,2.33,1.20
2013.12.27 14:05:12.969,1.22433,1.22447,2.33,1.13
2013.12.27 14:05:13.276,1.22432,1.22444,1.15,1.13
2013.12.27 14:05:13.529,1.22432,1.22444,1.10,1.13
2013.12.27 14:05:16.511,1.22432,1.22444,1.10,1.28
2013.12.27 14:05:20.826,1.22431,1.22444,1.18,1.13
2013.12.27 14:05:26.512,1.22429,1.22444,3.08,1.20
2013.12.27 14:05:26.664,1.22429,1.22444,3.08,1.13
2013.12.27 14:05:27.606,1.22429,1.22443,1.18,3.46
2013.12.27 14:05:28.407,1.22429,1.22443,1.18,4.20
2013.12.27 14:05:28.711,1.22427,1.22438,2.18,1.13
2013.12.27 14:05:29.030,1.22426,1.22438,2.78,1.13
2013.12.27 14:05:29.720,1.22426,1.22438,1.28,1.13
2013.12.27 14:05:32.199,1.22428,1.22438,1.00,1.13
2013.12.27 14:05:32.251,1.22428,1.22439,1.00,1.97
2013.12.27 14:05:32.313,1.22425,1.22439,1.18,2.89
2013.12.27 14:05:32.468,1.2242,1.22437,3.83,7.51
2013.12.27 14:05:33.036,1.2242,1.22437,1.15,6.76
2013.12.27 14:05:33.596,1.2242,1.22435,1.18,5.82
2013.12.27 14:05:35.260,1.2242,1.22433,1.00,4.51
2013.12.27 14:05:37.298,1.2242,1.22432,1.00,3.46
2013.12.27 14:05:38.312,1.22416,1.22426,3.68,1.13
2013.12.27 14:05:38.414,1.22419,1.22426,1.10,1.13
2013.12.27 14:05:38.768,1.22416,1.22427,1.00,5.33
2013.12.27 14:05:38.870,1.22416,1.22426,1.00,4.88
2013.12.27 14:05:38.921,1.22413,1.22426,1.00,4.88
2013.12.27 14:05:43.193,1.2241,1.22426,1.15,5.26
2013.12.27 14:05:43.706,1.2241,1.22425,1.08,5.26
2013.12.27 14:05:44.379,1.22411,1.22424,1.00,4.51
2013.12.27 14:05:47.079,1.22411,1.22425,1.18,2.33
2013.12.27 14:06:00.535,1.22411,1.22425,1.15,2.33
2013.12.27 14:06:00.619,1.22411,1.22427,3.08,2.70
2013.12.27 14:06:00.836,1.22411,1.22426,1.18,4.51
2013.12.27 14:06:01.139,1.22411,1.22427,3.83,2.33
2013.12.27 14:06:01.891,1.22413,1.22427,1.15,2.70
2013.12.27 14:06:02.014,1.22413,1.22429,3.08,2.70
2013.12.27 14:06:02.245,1.22413,1.22429,1.15,2.70
2013.12.27 14:06:02.753,1.22411,1.22428,4.20,5.63
2013.12.27 14:06:03.225,1.22411,1.22428,4.20,6.01
2013.12.27 14:06:03.328,1.22411,1.22428,4.95,6.76
2013.12.27 14:06:06.878,1.22411,1.22427,4.20,4.88
2013.12.27 14:06:06.979,1.22411,1.22426,2.03,5.41
2013.12.27 14:06:10.219,1.22412,1.22425,1.10,5.93
2013.12.27 14:06:10.472,1.22411,1.22425,1.65,1.20
2013.12.27 14:06:10.574,1.22412,1.22427,2.33,1.65
2013.12.27 14:06:10.878,1.22415,1.22427,3.08,1.00
2013.12.27 14:06:11.444,1.22415,1.22431,3.45,2.33
2013.12.27 14:06:13.074,1.22417,1.22431,2.33,1.18
2013.12.27 14:06:13.702,1.22417,1.22431,2.33,1.15
2013.12.27 14:06:13.753,1.22415,1.22431,3.83,3.08
2013.12.27 14:06:21.683,1.22416,1.2243,1.20,4.51
2013.12.27 14:06:21.986,1.22418,1.22428,1.00,5.63
2013.12.27 14:06:22.442,1.22415,1.22429,1.18,2.33
2013.12.27 14:06:23.318,1.22417,1.22429,1.00,3.08
2013.12.27 14:06:23.886,1.22416,1.22429,1.20,3.08
2013.12.27 14:06:27.617,1.22412,1.22429,2.70,3.08
2013.12.27 14:06:28.129,1.22411,1.22428,2.33,6.01
2013.12.27 14:06:39.230,1.22413,1.22428,2.33,1.18
2013.12.27 14:06:39.534,1.22412,1.22428,1.15,5.63
2013.12.27 14:06:43.948,1.22413,1.22428,2.33,1.18
2013.12.27 14:06:46.148,1.22414,1.22428,1.08,3.33
2013.12.27 14:06:46.199,1.22414,1.22428,1.10,5.82
2013.12.27 14:06:49.546,1.22414,1.22427,1.00,4.96
2013.12.27 14:06:51.149,1.22409,1.22426,4.95,5.82
2013.12.27 14:07:00.040,1.2241,1.22423,1.00,4.51
2013.12.27 14:07:00.849,1.22407,1.22421,1.10,5.63
2013.12.27 14:07:01.618,1.22408,1.22421,1.00,4.51
2013.12.27 14:07:05.499,1.22408,1.22422,1.18,3.08
2013.12.27 14:07:25.904,1.22406,1.22421,1.28,3.70
2013.12.27 14:07:38.028,1.22403,1.22419,5.33,3.65
2013.12.27 14:07:38.725,1.22403,1.22418,4.58,2.78
2013.12.27 14:07:38.928,1.22402,1.22415,1.10,4.51
2013.12.27 14:07:39.477,1.22402,1.22414,1.00,5.63
2013.12.27 14:07:41.796,1.22402,1.22414,1.10,1.13
2013.12.27 14:07:42.766,1.22402,1.22413,1.00,3.46
2013.12.27 14:07:42.918,1.22399,1.22413,1.55,3.98
2013.12.27 14:07:43.120,1.22399,1.22413,1.55,3.46
2013.12.27 14:07:44.181,1.22399,1.22411,1.38,3.98
2013.12.27 14:07:45.213,1.22399,1.22411,1.53,1.17
2013.12.27 14:07:45.724,1.22399,1.22413,1.53,2.03
2013.12.27 14:07:48.843,1.22399,1.22413,1.53,1.28
2013.12.27 14:07:48.995,1.22399,1.22413,1.53,1.13
2013.12.27 14:07:49.299,1.22403,1.22413,1.00,1.28
2013.12.27 14:07:50.195,1.22403,1.22413,1.00,1.28
2013.12.27 14:07:51.833,1.22402,1.22415,1.08,5.85
2013.12.27 14:07:52.355,1.22402,1.22414,1.00,3.46
2013.12.27 14:07:55.450,1.22398,1.22414,4.58,3.45
2013.12.27 14:07:55.753,1.224,1.22414,2.70,1.18
2013.12.27 14:07:56.064,1.224,1.22414,2.70,1.13
2013.12.27 14:07:56.166,1.224,1.22415,2.70,2.22
2013.12.27 14:07:56.217,1.22399,1.22415,2.03,6.57
2013.12.27 14:07:56.553,1.224,1.22415,2.70,1.15
2013.12.27 14:07:56.981,1.22403,1.22415,2.89,1.00
2013.12.27 14:07:57.082,1.22401,1.22415,2.70,1.18
2013.12.27 14:08:00.590,1.22403,1.22415,2.33,1.30
2013.12.27 14:08:00.696,1.22403,1.22415,1.18,1.38
2013.12.27 14:08:00.848,1.22403,1.22417,2.89,1.33
2013.12.27 14:08:01.252,1.22405,1.22419,2.33,1.80
2013.12.27 14:08:01.303,1.22405,1.22419,2.33,1.18
2013.12.27 14:08:05.569,1.22406,1.22418,1.00,3.46
2013.12.27 14:08:06.075,1.22403,1.22418,1.28,2.33
2013.12.27 14:08:06.389,1.22404,1.22419,2.33,2.22
2013.12.27 14:08:10.729,1.22404,1.22418,3.30,4.88
2013.12.27 14:08:12.449,1.22404,1.22417,1.05,4.58
2013.12.27 14:08:12.550,1.22404,1.22417,1.05,3.45
2013.12.27 14:08:12.803,1.22404,1.22417,1.38,1.28
2013.12.27 14:08:13.308,1.22404,1.22417,1.88,1.18
2013.12.27 14:08:15.056,1.22407,1.22419,1.00,4.20
2013.12.27 14:08:15.626,1.22404,1.22419,3.00,4.08
2013.12.27 14:08:15.964,1.22406,1.22419,1.45,1.00
2013.12.27 14:08:16.167,1.22404,1.22419,3.38,4.11
2013.12.27 14:08:18.842,1.22405,1.22419,2.93,2.49
2013.12.27 14:08:19.353,1.22405,1.22419,2.93,1.65
2013.12.27 14:08:20.228,1.22405,1.22419,2.93,1.00
2013.12.27 14:08:21.280,1.22404,1.22419,3.38,4.11
2013.12.27 14:08:26.164,1.22405,1.22419,4.62,1.15
2013.12.27 14:08:26.466,1.2241,1.22421,1.00,2.33
2013.12.27 14:08:26.846,1.22405,1.22421,3.45,4.96
2013.12.27 14:08:26.998,1.22406,1.22421,1.15,4.96
2013.12.27 14:08:27.099,1.22406,1.22421,1.15,5.71
2013.12.27 14:08:27.150,1.22406,1.2242,1.18,4.21
2013.12.27 14:08:27.680,1.22406,1.2242,1.10,4.88
2013.12.27 14:08:32.153,1.22406,1.22418,1.00,4.51
2013.12.27 14:08:42.353,1.22405,1.22419,1.74,2.33
2013.12.27 14:08:44.847,1.22405,1.22421,3.64,3.45
2013.12.27 14:08:49.929,1.22408,1.22421,1.20,2.33
2013.12.27 14:08:49.980,1.2241,1.22422,1.39,1.15
2013.12.27 14:08:50.542,1.22406,1.22422,3.08,3.08
2013.12.27 14:08:51.047,1.2241,1.22422,1.00,6.57
2013.12.27 14:08:53.897,1.22409,1.22421,1.00,4.21
2013.12.27 14:08:54.399,1.22408,1.22421,1.10,3.08
2013.12.27 14:09:19.374,1.22405,1.22421,3.83,4.08
2013.12.27 14:09:21.685,1.22405,1.22421,3.83,3.35
2013.12.27 14:09:21.989,1.22404,1.22419,1.65,5.39
2013.12.27 14:09:22.091,1.22404,1.22419,1.28,5.42
2013.12.27 14:09:22.293,1.22405,1.22419,2.33,2.47
2013.12.27 14:09:29.385,1.22411,1.22419,1.00,1.00
2013.12.27 14:09:29.637,1.22412,1.22422,1.13,1.00
2013.12.27 14:09:29.693,1.22412,1.22422,1.13,1.00
2013.12.27 14:09:30.050,1.2241,1.22422,1.55,1.00
2013.12.27 14:09:32.832,1.22411,1.22422,1.18,1.00
2013.12.27 14:09:33.135,1.22411,1.22422,3.45,1.00
2013.12.27 14:09:35.683,1.2241,1.22422,2.70,1.10
2013.12.27 14:09:36.206,1.22409,1.22422,4.20,1.10
2013.12.27 14:09:40.190,1.22419,1.22423,1.00,1.00
2013.12.27 14:09:40.291,1.22414,1.22423,1.13,1.00
2013.12.27 14:09:40.444,1.22412,1.22423,1.15,1.00
2013.12.27 14:09:40.748,1.22418,1.22423,1.00,1.10
2013.12.27 14:09:40.799,1.22418,1.22425,1.00,1.10
2013.12.27 14:09:41.104,1.22413,1.22425,2.70,1.10
2013.12.27 14:09:41.155,1.22412,1.22425,2.33,1.00
2013.12.27 14:09:42.270,1.22416,1.22425,1.00,1.10
2013.12.27 14:09:42.574,1.22417,1.22425,1.00,1.00
2013.12.27 14:09:42.625,1.22413,1.22425,1.28,1.00
2013.12.27 14:09:43.146,1.22412,1.22425,3.08,1.00
2013.12.27 14:09:44.058,1.22412,1.22423,1.10,3.40
2013.12.27 14:09:44.383,1.2241,1.22423,1.53,1.10
2013.12.27 14:09:44.485,1.2241,1.22423,1.53,1.00
2013.12.27 14:09:46.502,1.2241,1.22425,4.20,3.83
2013.12.27 14:09:46.553,1.22411,1.22425,2.70,1.65
2013.12.27 14:09:46.795,1.22411,1.22425,2.70,1.00
2013.12.27 14:09:48.339,1.22415,1.22425,1.00,1.00
2013.12.27 14:09:48.491,1.22415,1.22425,1.18,1.00
2013.12.27 14:09:49.704,1.22415,1.22427,1.55,1.18
2013.12.27 14:09:52.907,1.22415,1.2243,3.83,2.33
2013.12.27 14:09:53.210,1.22421,1.2243,1.13,1.08
2013.12.27 14:09:53.473,1.22421,1.2243,1.20,1.00
2013.12.27 14:09:55.707,1.22419,1.22434,2.03,3.08
2013.12.27 14:09:55.808,1.22421,1.22434,1.28,3.00
2013.12.27 14:09:55.859,1.22421,1.22434,4.20,1.10
2013.12.27 14:09:57.117,1.22422,1.22434,1.15,1.00
2013.12.27 14:10:02.883,1.22419,1.22434,4.95,2.49
2013.12.27 14:10:08.826,1.22419,1.22432,3.83,3.46
2013.12.27 14:10:09.337,1.22419,1.22432,3.45,1.00
2013.12.27 14:10:12.229,1.22421,1.22431,1.28,2.63
2013.12.27 14:10:12.330,1.22419,1.22431,3.45,1.00
2013.12.27 14:10:12.839,1.22423,1.22431,1.00,1.00
2013.12.27 14:10:13.375,1.2242,1.22431,1.53,1.00
2013.12.27 14:10:13.426,1.2242,1.22431,1.53,1.00
2013.12.27 14:10:13.628,1.2242,1.22431,1.55,1.10
2013.12.27 14:10:14.688,1.22417,1.22431,4.95,1.10
2013.12.27 14:10:14.739,1.22417,1.22431,4.58,1.00
2013.12.27 14:10:15.366,1.22417,1.22431,3.83,2.28
2013.12.27 14:10:17.475,1.22417,1.22428,3.83,2.63
2013.12.27 14:10:17.576,1.22418,1.22428,1.00,2.78
2013.12.27 14:10:17.627,1.22415,1.22426,1.28,2.13
2013.12.27 14:10:17.678,1.22414,1.22424,1.00,2.47
2013.12.27 14:10:18.032,1.22413,1.22422,7.50,4.96
2013.12.27 14:10:18.651,1.22413,1.22422,7.50,4.11
2013.12.27 14:10:19.157,1.22413,1.22422,4.50,1.00
2013.12.27 14:10:20.087,1.22408,1.22422,3.83,1.00
2013.12.27 14:10:20.660,1.22409,1.22421,1.15,2.96
2013.12.27 14:10:20.863,1.22412,1.22421,1.13,1.00
2013.12.27 14:10:20.964,1.22411,1.22421,1.67,1.00
2013.12.27 14:10:21.167,1.22411,1.22422,1.95,1.10
2013.12.27 14:10:21.319,1.22412,1.22422,2.33,1.00
2013.12.27 14:10:23.150,1.22411,1.22422,4.95,1.00
2013.12.27 14:10:23.504,1.22411,1.22424,1.20,2.33
2013.12.27 14:10:23.605,1.22411,1.22424,1.28,1.00
2013.12.27 14:10:23.656,1.22411,1.22424,1.28,1.00
2013.12.27 14:10:25.758,1.22413,1.22424,1.08,1.00
2013.12.27 14:10:26.199,1.22416,1.22425,1.00,1.39
2013.12.27 14:10:26.250,1.22416,1.22425,1.00,1.13
2013.12.27 14:10:26.401,1.22411,1.22421,1.50,2.47
2013.12.27 14:10:26.510,1.22411,1.22421,1.00,2.49
2013.12.27 14:10:27.070,1.2241,1.22421,1.10,2.49
2013.12.27 14:10:27.516,1.22409,1.22421,3.08,1.00
2013.12.27 14:10:29.697,1.22412,1.22421,1.10,1.00
2013.12.27 14:10:30.009,1.22411,1.22422,3.45,1.00
2013.12.27 14:10:34.984,1.22413,1.22422,1.28,1.00
2013.12.27 14:10:35.136,1.22413,1.22425,1.65,1.18
2013.12.27 14:10:35.287,1.22414,1.22425,2.89,1.00
2013.12.27 14:10:35.489,1.22413,1.22425,1.28,1.00
2013.12.27 14:10:35.708,1.22415,1.22425,1.20,1.00
2013.12.27 14:10:35.961,1.22412,1.22425,4.20,1.00
2013.12.27 14:10:40.664,1.22417,1.22425,1.00,1.00
2013.12.27 14:10:40.766,1.22417,1.22425,1.00,1.10
2013.12.27 14:10:42.713,1.22417,1.22425,1.10,1.00
2013.12.27 14:10:42.865,1.22413,1.22425,1.15,1.00
2013.12.27 14:10:43.874,1.22417,1.22425,1.00,1.00
2013.12.27 14:10:44.077,1.22413,1.22425,2.78,1.00
2013.12.27 14:10:46.158,1.22416,1.22425,1.00,1.00
2013.12.27 14:10:46.361,1.22417,1.22425,1.00,1.10
2013.12.27 14:10:48.294,1.22419,1.22425,1.00,1.00
2013.12.27 14:10:50.236,1.22417,1.22425,1.10,1.00
2013.12.27 14:10:51.291,1.22413,1.22425,1.15,1.00
2013.12.27 14:10:51.393,1.22413,1.22425,1.10,1.00
2013.12.27 14:10:52.543,1.22413,1.22425,1.39,1.00
2013.12.27 14:10:52.645,1.22417,1.22425,2.33,1.00
2013.12.27 14:10:52.797,1.22417,1.22429,2.85,1.00
2013.12.27 14:10:52.949,1.22419,1.2243,3.45,1.00
2013.12.27 14:10:53.606,1.22419,1.2243,1.18,1.10
2013.12.27 14:10:54.625,1.22419,1.2243,2.03,1.10
2013.12.27 14:10:55.156,1.22421,1.2243,1.13,1.10
2013.12.27 14:10:55.459,1.22424,1.22431,1.20,1.00
2013.12.27 14:10:55.733,1.22419,1.22431,2.78,1.10
2013.12.27 14:10:55.834,1.22421,1.22431,1.13,1.10
2013.12.27 14:10:56.137,1.22422,1.22432,1.57,3.08
2013.12.27 14:10:56.943,1.22423,1.22432,1.57,4.11
2013.12.27 14:10:57.637,1.22423,1.22432,1.00,3.08
2013.12.27 14:10:57.738,1.22423,1.22432,1.80,3.00
2013.12.27 14:10:57.789,1.22423,1.22432,1.28,1.10
2013.12.27 14:10:58.322,1.22424,1.22432,1.00,1.10
2013.12.27 14:10:58.618,1.22424,1.22432,1.88,1.10
2013.12.27 14:10:58.720,1.22421,1.22432,1.88,1.10
2013.12.27 14:10:58.822,1.22421,1.22432,3.00,1.10
2013.12.27 14:10:59.126,1.22421,1.22432,1.50,1.15
2013.12.27 14:11:00.488,1.22421,1.22432,1.57,1.15
2013.12.27 14:11:01.057,1.22421,1.22432,1.57,1.18
2013.12.27 14:11:03.284,1.22422,1.22432,1.13,1.18
2013.12.27 14:11:03.655,1.2242,1.22432,1.24,1.00
2013.12.27 14:11:03.807,1.22416,1.22432,2.89,4.08
2013.12.27 14:11:03.959,1.22418,1.22432,1.18,4.11
2013.12.27 14:11:06.134,1.22419,1.22432,1.20,4.86
2013.12.27 14:11:06.539,1.2242,1.22432,1.74,2.65
2013.12.27 14:11:06.640,1.22423,1.22432,1.10,1.00
2013.12.27 14:11:07.104,1.2242,1.22432,1.47,1.00
2013.12.27 14:11:07.265,1.22419,1.22432,1.72,1.00
2013.12.27 14:11:07.854,1.22419,1.22432,1.72,1.00
2013.12.27 14:11:08.678,1.22419,1.22432,1.72,1.00
2013.12.27 14:11:09.549,1.2242,1.22432,1.18,1.00
2013.12.27 14:11:13.992,1.22419,1.22429,1.18,2.58
2013.12.27 14:11:14.145,1.22416,1.22429,1.18,2.65
2013.12.27 14:11:15.429,1.22415,1.22428,1.18,4.08
2013.12.27 14:11:15.976,1.22415,1.22428,1.10,4.08
2013.12.27 14:11:19.177,1.22415,1.22428,1.18,4.08
2013.12.27 14:11:19.278,1.22415,1.22428,2.78,1.10
2013.12.27 14:11:19.430,1.22417,1.22428,2.25,1.00
2013.12.27 14:11:19.582,1.22417,1.22429,2.33,1.00
2013.12.27 14:11:19.784,1.22416,1.22426,2.25,1.00
2013.12.27 14:11:19.886,1.22416,1.22426,2.33,1.00
2013.12.27 14:11:20.189,1.22413,1.22426,2.89,1.00
2013.12.27 14:11:22.702,1.22411,1.22426,3.08,2.65
2013.12.27 14:11:23.672,1.22411,1.22424,2.33,2.65
2013.12.27 14:11:23.875,1.22409,1.22422,2.33,2.58
2013.12.27 14:11:25.259,1.22411,1.22422,1.10,2.58
2013.12.27 14:11:25.827,1.22409,1.22422,3.08,2.58
2013.12.27 14:11:37.582,1.22411,1.22422,1.72,2.58
2013.12.27 14:11:37.633,1.22413,1.22422,1.20,1.00
2013.12.27 14:11:38.139,1.22413,1.22424,1.28,1.58
2013.12.27 14:11:38.681,1.22413,1.22424,4.20,1.00
2013.12.27 14:11:38.883,1.22415,1.22424,3.45,1.00
2013.12.27 14:11:39.394,1.22417,1.22424,1.28,1.00
2013.12.27 14:11:39.546,1.22417,1.22428,1.20,1.28
2013.12.27 14:11:39.650,1.22419,1.22428,1.00,6.83
2013.12.27 14:11:39.959,1.22407,1.22422,1.65,3.35
2013.12.27 14:11:41.722,1.22414,1.22422,1.13,4.78
2013.12.27 14:11:42.025,1.22422,1.22427,1.00,1.10
2013.12.27 14:11:42.127,1.22418,1.22427,1.28,1.00
2013.12.27 14:11:43.123,1.22424,1.22428,1.00,1.00
2013.12.27 14:11:43.926,1.22425,1.22432,1.13,1.08
2013.12.27 14:11:44.028,1.22422,1.22432,1.67,2.58
2013.12.27 14:11:44.563,1.22421,1.22434,3.83,1.10
2013.12.27 14:11:44.725,1.22421,1.22434,3.83,1.58
2013.12.27 14:11:57.548,1.22422,1.22434,2.89,1.10
2013.12.27 14:11:58.059,1.22423,1.22434,2.33,1.00
2013.12.27 14:12:09.116,1.22429,1.22434,1.13,1.00
2013.12.27 14:12:09.268,1.22425,1.22434,3.64,1.00
2013.12.27 14:12:09.522,1.22423,1.22434,2.70,1.00
2013.12.27 14:12:09.572,1.22422,1.22434,1.28,1.95
2013.12.27 14:12:09.673,1.22422,1.22434,1.00,4.20
2013.12.27 14:12:22.925,1.22419,1.22434,1.84,4.48
2013.12.27 14:12:22.976,1.22417,1.22433,2.40,6.01
2013.12.27 14:12:23.279,1.22416,1.22429,5.89,1.00
2013.12.27 14:12:23.330,1.22416,1.22429,3.72,1.00
2013.12.27 14:12:23.381,1.22417,1.2243,2.33,2.25
2013.12.27 14:12:23.432,1.22418,1.22431,2.33,1.10
2013.12.27 14:12:23.965,1.22417,1.22431,2.25,1.00
2013.12.27 14:12:37.929,1.22421,1.22431,1.00,1.00
2013.12.27 14:12:38.243,1.22422,1.22434,1.15,1.10
2013.12.27 14:12:44.303,1.22422,1.22434,1.15,1.13
2013.12.27 14:12:44.456,1.22421,1.22434,2.70,3.64
2013.12.27 14:12:44.752,1.22421,1.22434,2.70,1.15
2013.12.27 14:12:45.339,1.22421,1.22434,2.78,1.18
2013.12.27 14:12:54.299,1.22422,1.22437,3.08,1.21
2013.12.27 14:12:55.312,1.22425,1.22438,1.20,2.38
2013.12.27 14:12:58.386,1.22425,1.2244,1.84,3.45
2013.12.27 14:13:00.672,1.22426,1.22441,4.02,3.45
2013.12.27 14:13:00.937,1.22425,1.22441,2.03,6.38
2013.12.27 14:13:04.526,1.22423,1.22436,2.33,3.26
2013.12.27 14:13:04.577,1.22421,1.22436,2.70,3.33
2013.12.27 14:13:04.628,1.22422,1.22436,2.33,1.10
2013.12.27 14:13:06.642,1.22422,1.22436,2.25,3.92
2013.12.27 14:13:06.693,1.2242,1.22436,1.15,5.82
2013.12.27 14:13:10.528,1.22421,1.22436,2.33,3.46
2013.12.27 14:13:11.183,1.22421,1.22436,2.33,1.18
2013.12.27 14:13:12.413,1.22421,1.22436,2.33,4.02
2013.12.27 14:13:12.514,1.22419,1.22436,3.08,6.57
2013.12.27 14:13:53.875,1.2242,1.22436,2.89,7.38
2013.12.27 14:14:00.041,1.22421,1.22436,3.45,3.08
2013.12.27 14:14:00.092,1.22422,1.22436,2.89,1.18
2013.12.27 14:14:13.672,1.22423,1.22438,3.42,2.33
2013.12.27 14:14:13.773,1.22425,1.22439,1.80,2.03
2013.12.27 14:14:13.933,1.22427,1.22439,1.20,2.03
2013.12.27 14:14:14.034,1.22425,1.22439,1.28,2.03
2013.12.27 14:14:18.062,1.22424,1.22439,2.89,3.83
2013.12.27 14:14:18.113,1.22422,1.22439,2.89,6.75
2013.12.27 14:14:21.648,1.22421,1.22439,3.64,7.51
2013.12.27 14:14:22.175,1.22421,1.22437,1.72,4.51
2013.12.27 14:14:23.670,1.22423,1.22438,1.15,2.33
2013.12.27 14:14:26.002,1.22425,1.22438,1.20,2.33
2013.12.27 14:14:26.305,1.22428,1.2244,1.13,2.70
2013.12.27 14:14:26.356,1.22424,1.2244,3.42,2.70
2013.12.27 14:14:26.508,1.22425,1.2244,1.95,6.45
2013.12.27 14:14:27.162,1.22425,1.22436,1.00,4.51
2013.12.27 14:14:27.213,1.22423,1.22436,1.88,4.51
2013.12.27 14:14:29.054,1.22423,1.22435,1.00,4.51
2013.12.27 14:14:29.581,1.22423,1.22434,1.00,4.51
2013.12.27 14:14:37.636,1.22421,1.22434,2.63,4.51
2013.12.27 14:14:38.074,1.22421,1.22435,1.88,2.33
2013.12.27 14:14:43.446,1.22421,1.22435,1.88,4.51
2013.12.27 14:14:43.868,1.22421,1.22434,2.63,5.26
2013.12.27 14:14:48.104,1.22421,1.22434,2.63,5.82
2013.12.27 14:14:49.383,1.22421,1.22433,2.63,4.51
2013.12.27 14:15:04.831,1.22419,1.22433,1.88,5.26
2013.12.27 14:15:09.547,1.2242,1.22433,1.00,5.07
2013.12.27 14:15:09.851,1.2242,1.22432,1.00,4.21
2013.12.27 14:15:10.362,1.22421,1.22431,1.00,5.07
2013.12.27 14:15:11.933,1.22421,1.2243,1.00,5.07
2013.12.27 14:15:12.488,1.22419,1.22428,1.00,4.51
2013.12.27 14:15:13.080,1.2242,1.22428,1.00,4.51
2013.12.27 14:15:13.384,1.22421,1.22428,1.00,1.15
2013.12.27 14:15:13.434,1.22417,1.22428,1.35,2.33
2013.12.27 14:15:16.535,1.22419,1.22428,1.00,2.33
2013.12.27 14:15:16.586,1.22419,1.22429,1.00,2.33
2013.12.27 14:15:23.863,1.22419,1.2243,1.00,4.50
2013.12.27 14:15:27.086,1.2242,1.2243,1.00,2.33
2013.12.27 14:15:27.621,1.22421,1.22431,1.00,2.33
2013.12.27 14:15:28.714,1.22422,1.22431,1.00,2.33
2013.12.27 14:15:28.816,1.22422,1.2243,1.00,4.51
2013.12.27 14:15:30.260,1.22421,1.2243,1.00,4.51
2013.12.27 14:15:31.625,1.22419,1.22431,2.25,2.33
2013.12.27 14:15:31.827,1.2242,1.22431,1.00,3.83
2013.12.27 14:15:31.929,1.2242,1.22431,1.00,6.38
2013.12.27 14:15:31.980,1.22416,1.22431,2.25,5.63
2013.12.27 14:15:32.485,1.22418,1.22431,1.00,2.33
2013.12.27 14:15:36.895,1.22415,1.22431,1.15,3.98
2013.12.27 14:15:37.199,1.22415,1.2243,1.18,5.63
2013.12.27 14:15:38.934,1.22416,1.2243,1.58,2.89
2013.12.27 14:15:39.445,1.22416,1.22431,2.40,2.89
2013.12.27 14:15:40.706,1.22417,1.2243,1.00,5.63
2013.12.27 14:15:41.819,1.22416,1.22429,1.10,5.07
2013.12.27 14:15:42.081,1.22414,1.22428,1.10,5.07
2013.12.27 14:15:47.748,1.22414,1.22427,1.10,4.51
2013.12.27 14:15:48.356,1.22414,1.22427,1.10,2.33
2013.12.27 14:15:48.551,1.22414,1.22426,1.00,4.51
2013.12.27 14:15:49.099,1.22413,1.22426,1.50,4.51
2013.12.27 14:15:49.622,1.22412,1.22425,1.50,6.38
2013.12.27 14:15:49.926,1.22417,1.22426,1.00,2.33
2013.12.27 14:15:50.028,1.22417,1.22429,1.38,1.18
2013.12.27 14:15:50.230,1.22418,1.22433,1.65,2.40
2013.12.27 14:15:50.585,1.2242,1.22433,1.17,1.15
2013.12.27 14:15:50.887,1.2242,1.22433,3.98,1.10
2013.12.27 14:15:51.481,1.2242,1.22433,4.35,1.95
2013.12.27 14:15:51.989,1.22421,1.22433,1.28,1.08
2013.12.27 14:15:52.553,1.22421,1.22433,1.20,1.10
2013.12.27 14:15:56.849,1.22421,1.22433,1.20,1.20
2013.12.27 14:15:57.363,1.22421,1.22434,1.20,2.33
2013.12.27 14:15:59.242,1.22421,1.22435,1.13,2.33
2013.12.27 14:16:13.329,1.22421,1.22434,1.88,5.63
2013.12.27 14:16:13.633,1.22421,1.22431,1.00,3.83
2013.12.27 14:16:13.684,1.22421,1.22431,1.00,3.46
2013.12.27 14:16:14.142,1.22424,1.22431,1.00,3.46
2013.12.27 14:16:18.797,1.22422,1.22431,1.00,2.89
2013.12.27 14:16:19.354,1.22421,1.22431,1.00,1.20
2013.12.27 14:16:20.599,1.22421,1.22432,1.00,1.28
2013.12.27 14:16:20.649,1.22419,1.22432,1.10,2.89
2013.12.27 14:16:20.953,1.22416,1.22431,1.28,3.45
2013.12.27 14:16:21.004,1.22416,1.2243,1.95,5.07
2013.12.27 14:16:21.105,1.22416,1.22431,2.78,3.45
2013.12.27 14:16:27.940,1.22416,1.22431,2.78,3.45
2013.12.27 14:16:28.486,1.22417,1.2243,1.00,5.07
2013.12.27 14:16:30.325,1.22416,1.2243,1.95,4.51
2013.12.27 14:16:30.652,1.22416,1.22431,2.03,3.08
2013.12.27 14:16:34.141,1.22417,1.22431,1.18,3.46
2013.12.27 14:16:34.664,1.22416,1.22431,2.78,2.89
2013.12.27 14:16:36.519,1.22416,1.22431,2.78,3.46
2013.12.27 14:16:37.072,1.22416,1.22429,2.78,1.13
2013.12.27 14:16:37.259,1.22417,1.2243,1.18,1.28
2013.12.27 14:16:37.311,1.22418,1.2243,1.10,1.20
2013.12.27 14:16:38.520,1.22418,1.22431,1.10,2.33
2013.12.27 14:16:38.672,1.22422,1.22431,1.00,2.33
2013.12.27 14:16:38.823,1.22422,1.22433,1.00,2.89
2013.12.27 14:16:38.925,1.22418,1.22433,2.03,2.89
2013.12.27 14:16:53.105,1.22416,1.22433,4.58,2.33
2013.12.27 14:16:53.639,1.22416,1.22432,2.40,4.88
2013.12.27 14:17:03.113,1.22417,1.22433,2.33,3.08
2013.12.27 14:17:03.419,1.22416,1.22431,2.03,3.23
2013.12.27 14:17:03.722,1.22417,1.2243,1.00,4.88
2013.12.27 14:17:05.765,1.22416,1.2243,1.95,4.51
2013.12.27 14:17:06.101,1.22416,1.22431,2.03,2.70
2013.12.27 14:17:07.454,1.22416,1.22431,1.95,5.63
2013.12.27 14:17:07.505,1.22416,1.2243,1.95,5.25
2013.12.27 14:17:18.176,1.22416,1.22431,2.03,3.08
2013.12.27 14:17:24.064,1.22416,1.22429,1.88,5.78
2013.12.27 14:17:24.368,1.22418,1.22428,1.00,3.53
2013.12.27 14:17:24.571,1.22415,1.22428,2.70,2.33
2013.12.27 14:17:24.874,1.22415,1.2243,2.03,3.45
2013.12.27 14:17:26.802,1.22416,1.2243,1.28,3.08
2013.12.27 14:17:26.903,1.22418,1.2243,1.00,3.23
2013.12.27 14:17:27.972,1.22417,1.2243,1.10,2.70
2013.12.27 14:17:29.394,1.22417,1.22429,1.00,4.88
2013.12.27 14:17:30.048,1.22418,1.22429,1.00,5.26
2013.12.27 14:17:30.273,1.22418,1.2243,1.00,3.45
2013.12.27 14:17:30.768,1.22419,1.2243,1.00,3.83
2013.12.27 14:17:30.870,1.22419,1.2243,1.00,3.08
2013.12.27 14:17:31.224,1.22419,1.2243,1.00,4.21
2013.12.27 14:17:32.451,1.2242,1.22429,1.00,4.88
2013.12.27 14:17:33.785,1.22419,1.22429,1.00,5.26
2013.12.27 14:17:33.887,1.22419,1.2243,1.00,2.70
2013.12.27 14:17:34.089,1.22419,1.22431,1.10,1.65
2013.12.27 14:17:34.644,1.22416,1.22431,4.20,2.33
2013.12.27 14:17:34.715,1.22416,1.22431,2.03,4.51
2013.12.27 14:17:35.258,1.22418,1.22431,1.00,4.88
2013.12.27 14:17:35.789,1.22417,1.22431,1.08,2.70
2013.12.27 14:17:35.890,1.22417,1.22431,1.10,4.88
2013.12.27 14:17:37.657,1.22418,1.22431,1.00,4.51
2013.12.27 14:17:39.928,1.22417,1.22431,1.10,4.88
2013.12.27 14:17:40.294,1.22417,1.22429,1.00,4.88
2013.12.27 14:17:40.941,1.22418,1.22429,1.00,4.51
2013.12.27 14:17:41.263,1.22418,1.2243,1.00,2.33
2013.12.27 14:17:43.904,1.22416,1.2243,2.03,3.23
2013.12.27 14:17:46.653,1.22417,1.2243,1.00,3.98
2013.12.27 14:17:47.059,1.22416,1.22431,2.03,3.08
2013.12.27 14:17:47.973,1.22418,1.22431,1.10,5.26
2013.12.27 14:17:48.436,1.22416,1.2243,1.95,4.51
2013.12.27 14:17:51.806,1.22416,1.2243,1.95,2.33
2013.12.27 14:17:52.545,1.22416,1.22431,2.03,3.08
2013.12.27 14:17:57.810,1.22419,1.22431,1.00,2.33
2013.12.27 14:17:58.470,1.22417,1.22431,1.18,2.33
2013.12.27 14:17:58.788,1.2242,1.22431,1.00,3.45
2013.12.27 14:17:59.570,1.22418,1.22431,1.10,2.33
2013.12.27 14:18:00.406,1.2242,1.22431,1.00,3.45
2013.12.27 14:18:03.659,1.2242,1.22431,1.00,4.51
2013.12.27 14:18:04.226,1.2242,1.2243,1.00,6.68
2013.12.27 14:18:05.912,1.22417,1.2243,1.00,6.12
2013.12.27 14:18:18.369,1.22419,1.2243,1.00,6.15
2013.12.27 14:18:24.168,1.22418,1.2243,1.00,6.68
2013.12.27 14:18:24.718,1.22417,1.2243,1.00,4.51
2013.12.27 14:18:25.481,1.22417,1.2243,1.08,2.33
2013.12.27 14:18:25.789,1.2242,1.2243,1.00,1.28
2013.12.27 14:18:26.325,1.22419,1.2243,1.00,1.28
2013.12.27 14:18:27.050,1.22419,1.22429,1.00,5.63
2013.12.27 14:18:37.672,1.22419,1.22429,1.00,3.45
2013.12.27 14:18:37.925,1.22416,1.22429,2.03,1.70
2013.12.27 14:18:38.232,1.22416,1.22429,1.13,2.33
2013.12.27 14:18:39.489,1.22418,1.22428,1.00,5.41
2013.12.27 14:18:39.944,1.22419,1.22428,1.00,1.35
2013.12.27 14:18:41.675,1.22419,1.22428,1.00,2.33
2013.12.27 14:18:43.540,1.22419,1.22428,1.00,3.23
2013.12.27 14:18:43.628,1.22417,1.22428,1.00,1.35
2013.12.27 14:18:43.786,1.22417,1.22428,1.00,5.03
2013.12.27 14:18:44.372,1.22417,1.22427,1.00,4.51
2013.12.27 14:18:44.675,1.22415,1.22427,1.00,4.51
2013.12.27 14:18:44.877,1.22413,1.22427,2.33,5.56
2013.12.27 14:18:44.978,1.22413,1.22425,1.50,5.03
2013.12.27 14:18:47.856,1.22411,1.22425,1.95,5.03
2013.12.27 14:18:48.969,1.22414,1.22425,1.00,2.33
2013.12.27 14:18:49.020,1.22414,1.22426,1.00,4.13
2013.12.27 14:18:49.424,1.22416,1.22427,1.00,2.85
2013.12.27 14:18:49.732,1.22418,1.22427,1.00,2.85
2013.12.27 14:18:49.840,1.22414,1.22428,1.08,2.85
2013.12.27 14:18:49.891,1.22414,1.22428,1.10,5.03
2013.12.27 14:18:50.195,1.22418,1.22428,1.00,2.33
2013.12.27 14:18:50.296,1.22418,1.2243,1.00,2.33
2013.12.27 14:18:50.549,1.22418,1.22432,1.18,3.08
2013.12.27 14:18:50.994,1.22418,1.22431,1.00,4.51
2013.12.27 14:18:51.197,1.22418,1.22432,1.18,3.08
2013.12.27 14:18:51.298,1.22418,1.22431,1.00,4.51
2013.12.27 14:18:52.039,1.22416,1.22431,2.03,6.01
2013.12.27 14:18:52.387,1.22416,1.22432,4.20,3.60
2013.12.27 14:18:52.692,1.22418,1.22433,2.33,1.68
2013.12.27 14:18:53.297,1.22421,1.22432,1.00,3.33
2013.12.27 14:18:55.579,1.22421,1.22432,1.00,5.18
2013.12.27 14:18:56.033,1.22425,1.22432,1.00,2.33
2013.12.27 14:18:56.397,1.22425,1.22432,1.95,2.18
2013.12.27 14:18:56.449,1.22425,1.22437,1.95,1.58
2013.12.27 14:18:57.489,1.22425,1.22438,1.38,1.15
2013.12.27 14:18:57.590,1.22425,1.22437,1.38,4.73
2013.12.27 14:18:58.095,1.22427,1.22437,1.00,4.58
2013.12.27 14:18:58.348,1.22427,1.22437,1.00,4.83
2013.12.27 14:18:58.899,1.22428,1.22437,1.00,2.33
2013.12.27 14:18:59.101,1.22426,1.22437,1.13,2.33
2013.12.27 14:19:00.528,1.22428,1.22437,1.00,2.33
2013.12.27 14:19:00.796,1.22424,1.22437,1.10,3.90
2013.12.27 14:19:01.100,1.22426,1.22436,1.00,5.06
2013.12.27 14:19:01.869,1.22423,1.22436,1.85,2.33
2013.12.27 14:19:01.970,1.22423,1.22436,1.90,1.20
2013.12.27 14:19:02.072,1.22423,1.22436,1.85,3.38
2013.12.27 14:19:02.526,1.22424,1.22436,1.55,1.20
2013.12.27 14:19:02.829,1.22426,1.22436,1.00,2.85
2013.12.27 14:19:02.931,1.22426,1.22437,1.00,1.35
2013.12.27 14:19:03.183,1.22428,1.22437,1.00,1.48
2013.12.27 14:19:03.487,1.22425,1.22436,1.00,5.33
2013.12.27 14:19:03.638,1.22425,1.22437,1.10,2.40
2013.12.27 14:19:03.891,1.22424,1.22437,1.55,1.20
2013.12.27 14:19:04.900,1.22424,1.22435,1.00,2.68
2013.12.27 14:19:05.051,1.22424,1.22435,1.00,3.00
2013.12.27 14:19:05.354,1.22424,1.22435,1.00,6.01
2013.12.27 14:19:05.809,1.22421,1.22432,1.13,3.33
2013.12.27 14:19:06.314,1.22422,1.22432,1.00,1.53
2013.12.27 14:19:06.829,1.22421,1.22432,1.00,3.08
2013.12.27 14:19:06.930,1.22421,1.22434,1.10,3.08
2013.12.27 14:19:07.650,1.2242,1.22434,1.18,3.90
2013.12.27 14:19:07.903,1.2242,1.22431,1.00,5.23
2013.12.27 14:19:08.295,1.22415,1.2243,1.80,5.70
2013.12.27 14:19:08.503,1.22421,1.2243,1.00,1.65
2013.12.27 14:19:09.128,1.22422,1.2243,1.00,1.58
2013.12.27 14:19:09.951,1.22419,1.2243,1.00,2.70
2013.12.27 14:19:10.616,1.22418,1.2243,1.10,1.28
2013.12.27 14:19:13.257,1.2242,1.22431,1.00,3.08
2013.12.27 14:19:13.561,1.22415,1.22428,1.70,3.45
2013.12.27 14:19:13.763,1.22422,1.2243,1.00,2.70
2013.12.27 14:19:13.878,1.22423,1.22431,1.00,1.15
2013.12.27 14:19:13.929,1.22423,1.22434,1.00,2.33
2013.12.27 14:19:15.330,1.22423,1.22434,1.00,3.08
2013.12.27 14:19:15.784,1.22423,1.22431,1.00,4.88
2013.12.27 14:19:15.886,1.2242,1.22431,1.00,4.88
2013.12.27 14:19:15.937,1.2242,1.22431,1.38,4.88
2013.12.27 14:19:15.988,1.22424,1.22432,1.10,1.38
2013.12.27 14:19:16.501,1.22424,1.22432,1.00,3.45
2013.12.27 14:19:17.768,1.22425,1.22432,1.00,3.45
2013.12.27 14:19:17.889,1.2242,1.22431,1.38,4.88
2013.12.27 14:19:18.394,1.22425,1.22432,1.00,2.70
2013.12.27 14:19:19.747,1.22423,1.22432,1.00,2.70
2013.12.27 14:19:21.858,1.22416,1.22432,2.33,7.13
2013.12.27 14:19:21.909,1.22415,1.22431,1.15,5.63
2013.12.27 14:19:23.752,1.22414,1.2243,3.08,4.88
2013.12.27 14:19:24.260,1.22416,1.22432,2.70,2.33
2013.12.27 14:19:29.485,1.22418,1.22433,2.33,3.83
2013.12.27 14:19:30.028,1.22418,1.22433,3.08,1.15
2013.12.27 14:19:34.300,1.2242,1.22436,2.33,6.45
2013.12.27 14:19:34.611,1.22421,1.22432,1.00,5.58
2013.12.27 14:19:34.762,1.22418,1.2243,1.18,2.65
2013.12.27 14:19:34.864,1.22415,1.2243,2.33,3.00
2013.12.27 14:19:34.965,1.22415,1.2243,2.33,2.70
2013.12.27 14:19:35.510,1.22414,1.2243,3.08,3.73
2013.12.27 14:19:36.221,1.22414,1.2243,3.00,6.38
2013.12.27 14:19:36.272,1.22414,1.22428,1.10,5.26
2013.12.27 14:19:36.649,1.22414,1.22428,3.08,2.25
2013.12.27 14:19:36.700,1.22415,1.22428,3.08,1.10
2013.12.27 14:19:37.055,1.2242,1.22429,1.00,1.15
2013.12.27 14:19:37.359,1.22414,1.22427,2.25,4.48
2013.12.27 14:19:37.612,1.2241,1.22427,3.83,4.88
2013.12.27 14:19:38.944,1.2241,1.22427,3.83,5.63
2013.12.27 14:19:39.284,1.2241,1.22426,3.83,3.46
2013.12.27 14:19:39.385,1.2241,1.22426,3.83,3.08
2013.12.27 14:19:40.010,1.2241,1.22426,3.83,2.52
2013.12.27 14:19:40.213,1.22412,1.22427,2.33,1.65
2013.12.27 14:19:41.016,1.22414,1.22428,1.18,4.20
2013.12.27 14:19:41.577,1.22414,1.22427,1.08,4.21
2013.12.27 14:19:41.931,1.22416,1.22427,1.00,5.26
2013.12.27 14:19:42.133,1.22416,1.22428,1.00,3.83
2013.12.27 14:19:42.234,1.22417,1.22428,1.00,4.20
2013.12.27 14:19:42.336,1.22417,1.22428,1.00,4.58
2013.12.27 14:19:43.998,1.22416,1.22428,1.00,2.52
2013.12.27 14:19:44.533,1.22415,1.22428,1.10,2.52
2013.12.27 14:20:00.799,1.22415,1.22428,2.89,2.25
2013.12.27 14:20:00.850,1.22418,1.2243,1.18,1.65
2013.12.27 14:20:02.863,1.22418,1.2243,1.18,1.20
2013.12.27 14:20:03.065,1.22414,1.22429,2.33,3.06
2013.12.27 14:20:03.116,1.22413,1.22429,1.65,7.13
2013.12.27 14:20:05.061,1.22414,1.22428,1.28,3.33
2013.12.27 14:20:05.586,1.22414,1.22428,1.18,3.33
2013.12.27 14:20:06.708,1.22414,1.22429,2.33,3.64
2013.12.27 14:20:07.258,1.22417,1.22429,1.10,1.15
2013.12.27 14:20:17.444,1.22417,1.22429,1.10,2.89
2013.12.27 14:20:17.494,1.22415,1.22428,1.00,5.07
2013.12.27 14:20:17.596,1.22414,1.2243,3.08,2.33
2013.12.27 14:20:17.849,1.22414,1.2243,3.08,3.83
2013.12.27 14:20:17.909,1.22414,1.2243,3.08,3.46
2013.12.27 14:20:19.877,1.22416,1.22431,2.33,2.33
2013.12.27 14:20:20.382,1.22416,1.22432,2.33,2.33
2013.12.27 14:20:24.632,1.22416,1.22432,2.33,3.45
2013.12.27 14:20:24.937,1.22417,1.22429,1.00,5.63
2013.12.27 14:20:26.618,1.22415,1.22425,1.00,4.51
2013.12.27 14:20:27.335,1.22414,1.22425,1.00,3.98
2013.12.27 14:20:30.058,1.22414,1.22425,1.00,3.98
2013.12.27 14:20:30.576,1.22414,1.22424,1.00,3.98
2013.12.27 14:20:30.930,1.22414,1.22425,1.18,1.13
2013.12.27 14:20:31.466,1.22414,1.22425,1.00,1.24
2013.12.27 14:20:33.671,1.22414,1.22425,1.00,1.28
2013.12.27 14:20:34.194,1.22413,1.22425,1.00,4.50
2013.12.27 14:20:35.211,1.22413,1.22425,1.08,2.33
2013.12.27 14:20:35.263,1.22413,1.22427,1.18,2.89
2013.12.27 14:20:35.794,1.22413,1.22428,1.15,3.45
2013.12.27 14:20:37.103,1.22413,1.22428,1.65,3.46
2013.12.27 14:20:37.269,1.22413,1.22427,1.58,4.21
2013.12.27 14:20:37.797,1.22413,1.22426,1.50,6.16
2013.12.27 14:20:37.848,1.22413,1.22428,2.22,2.33
2013.12.27 14:20:37.949,1.22414,1.22429,3.64,2.85
2013.12.27 14:20:38.202,1.22416,1.22432,2.70,4.95
2013.12.27 14:20:39.064,1.22416,1.22432,2.70,6.23
2013.12.27 14:20:39.165,1.22415,1.2243,1.53,3.98
2013.12.27 14:20:40.747,1.22415,1.22428,1.15,2.60
2013.12.27 14:20:40.798,1.22415,1.22426,1.00,3.27
2013.12.27 14:20:40.849,1.22415,1.22426,1.00,2.33
2013.12.27 14:20:40.900,1.22413,1.22428,3.53,2.33
2013.12.27 14:20:41.355,1.22413,1.22426,1.58,3.98
2013.12.27 14:20:41.696,1.22413,1.22428,1.15,2.89
2013.12.27 14:20:43.934,1.22412,1.22426,1.15,3.83
2013.12.27 14:20:44.086,1.22411,1.22424,1.58,4.36
2013.12.27 14:20:51.043,1.22409,1.2242,1.00,2.33
2013.12.27 14:20:52.218,1.22407,1.2242,1.28,1.20
2013.12.27 14:20:52.320,1.22407,1.2242,3.45,4.58
2013.12.27 14:20:52.422,1.22408,1.2242,2.33,1.65
2013.12.27 14:20:52.473,1.22407,1.2242,2.25,4.66
2013.12.27 14:20:52.777,1.22407,1.22419,2.25,3.90
2013.12.27 14:20:52.928,1.22408,1.22419,1.00,3.98
2013.12.27 14:20:55.908,1.22408,1.22419,1.00,4.36
2013.12.27 14:20:55.959,1.22405,1.22419,1.50,4.36
2013.12.27 14:20:56.162,1.22405,1.22418,1.00,6.16
2013.12.27 14:20:56.549,1.22405,1.22418,1.88,6.16
2013.12.27 14:20:56.852,1.2241,1.22421,2.70,1.73
2013.12.27 14:20:57.156,1.22413,1.22421,3.45,1.20
2013.12.27 14:20:57.459,1.22415,1.22422,2.33,1.00
2013.12.27 14:20:58.003,1.22415,1.22426,2.33,1.00
2013.12.27 14:20:58.104,1.22415,1.22426,2.33,1.00
2013.12.27 14:20:58.206,1.22415,1.2243,2.33,1.80
2013.12.27 14:20:58.733,1.22415,1.2243,2.33,2.85
2013.12.27 14:20:59.238,1.22415,1.22431,3.83,2.89
2013.12.27 14:21:01.329,1.22415,1.22431,3.83,3.45
2013.12.27 14:21:02.647,1.22415,1.22431,3.08,5.03
2013.12.27 14:21:08.955,1.22416,1.22431,2.70,4.51
2013.12.27 14:21:09.548,1.22417,1.22431,2.70,1.73
2013.12.27 14:21:13.239,1.22417,1.22431,3.45,1.20
2013.12.27 14:21:13.401,1.2242,1.22432,2.25,1.17
2013.12.27 14:21:13.553,1.22418,1.22433,2.70,1.28
2013.12.27 14:21:13.764,1.22418,1.22433,3.45,1.13
2013.12.27 14:21:14.016,1.2242,1.22435,2.33,2.03
2013.12.27 14:21:14.118,1.2242,1.22435,3.08,2.78
2013.12.27 14:21:14.322,1.2242,1.22435,2.33,2.03
2013.12.27 14:21:14.373,1.22422,1.22435,2.33,1.95
2013.12.27 14:21:14.676,1.22419,1.22435,3.83,5.26
2013.12.27 14:21:14.953,1.22422,1.22435,2.33,3.82
2013.12.27 14:21:15.260,1.22419,1.22431,2.93,1.13
2013.12.27 14:21:15.614,1.22418,1.22432,2.33,1.20
2013.12.27 14:21:15.918,1.22418,1.22432,3.08,1.13
2013.12.27 14:21:16.258,1.22417,1.22432,3.08,3.98
2013.12.27 14:21:16.863,1.22417,1.22432,1.15,3.98
2013.12.27 14:21:17.368,1.22417,1.22429,1.15,2.63
2013.12.27 14:21:17.419,1.22417,1.22429,1.00,4.88
2013.12.27 14:21:17.929,1.22417,1.22429,1.00,3.98
2013.12.27 14:21:20.359,1.22415,1.22429,1.55,3.98
2013.12.27 14:21:23.167,1.22415,1.22429,1.55,4.36
2013.12.27 14:21:23.428,1.22415,1.22429,2.03,3.98
2013.12.27 14:21:23.630,1.22415,1.22429,4.20,1.24
2013.12.27 14:21:24.279,1.22417,1.22431,2.33,1.24
2013.12.27 14:21:24.957,1.22417,1.22432,2.33,1.28
2013.12.27 14:21:30.775,1.22417,1.22432,3.08,1.13
2013.12.27 14:21:31.082,1.22416,1.22429,1.65,1.13
2013.12.27 14:21:31.638,1.2241,1.22426,1.28,5.59
2013.12.27 14:21:31.689,1.2241,1.22425,1.28,3.45
2013.12.27 14:21:31.790,1.22411,1.22426,2.33,1.28
2013.12.27 14:21:31.841,1.2241,1.22426,1.65,7.96
2013.12.27 14:21:32.372,1.2241,1.22426,5.33,2.89
2013.12.27 14:21:32.423,1.22411,1.22426,2.70,1.28
2013.12.27 14:21:32.825,1.2241,1.22426,4.95,2.89
2013.12.27 14:21:33.340,1.2241,1.22425,2.03,5.03
2013.12.27 14:21:37.568,1.2241,1.22425,1.53,4.73
2013.12.27 14:21:45.422,1.22412,1.22425,1.10,3.83
2013.12.27 14:21:45.946,1.22411,1.22423,1.13,3.83
2013.12.27 14:21:51.803,1.2241,1.22423,1.10,4.21
2013.12.27 14:21:51.956,1.22408,1.22421,1.10,4.15
2013.12.27 14:21:52.901,1.22404,1.22421,3.08,2.89
2013.12.27 14:21:53.425,1.22404,1.2242,1.15,6.01
2013.12.27 14:22:05.386,1.22404,1.22419,1.08,5.07
2013.12.27 14:22:05.488,1.22404,1.22417,1.00,5.63
2013.12.27 14:22:07.734,1.22402,1.22417,2.40,6.38
2013.12.27 14:22:16.561,1.22402,1.22418,3.83,2.33
2013.12.27 14:22:16.866,1.22402,1.22416,1.58,6.01
2013.12.27 14:22:18.201,1.22404,1.22415,1.00,3.46
2013.12.27 14:22:18.727,1.22402,1.22415,3.08,1.13
2013.12.27 14:22:19.014,1.22402,1.22417,2.33,2.18
2013.12.27 14:22:19.065,1.22401,1.22417,1.28,6.53
2013.12.27 14:22:22.108,1.22403,1.22417,4.13,2.33
2013.12.27 14:22:22.158,1.22403,1.22418,5.70,1.15
2013.12.27 14:22:22.260,1.22405,1.22418,3.08,1.10
2013.12.27 14:22:22.624,1.22412,1.22421,1.00,2.48
2013.12.27 14:22:22.675,1.22412,1.22423,1.00,3.45
2013.12.27 14:22:23.201,1.22411,1.22423,1.39,1.15
2013.12.27 14:22:23.251,1.22411,1.22423,1.47,1.10
2013.12.27 14:22:23.557,1.22406,1.22423,3.45,8.63
2013.12.27 14:22:26.040,1.22406,1.22422,3.45,4.21
2013.12.27 14:22:27.234,1.22406,1.22422,2.70,4.35
2013.12.27 14:22:28.857,1.22408,1.22423,2.33,3.45
2013.12.27 14:22:29.564,1.22408,1.22424,2.33,3.64
2013.12.27 14:22:30.957,1.22414,1.22424,1.00,3.64
2013.12.27 14:22:31.109,1.22414,1.22425,1.10,2.33
2013.12.27 14:22:31.362,1.22412,1.22425,1.10,3.60
2013.12.27 14:22:33.177,1.22411,1.22425,4.58,1.28
2013.12.27 14:22:33.723,1.22411,1.22427,5.70,3.45
2013.12.27 14:22:36.134,1.22411,1.22427,5.70,3.46
2013.12.27 14:22:36.499,1.22411,1.22425,2.03,3.53
2013.12.27 14:22:36.802,1.2241,1.22425,1.53,5.33
2013.12.27 14:22:37.313,1.2241,1.22425,1.53,3.53
2013.12.27 14:22:40.505,1.22411,1.22426,3.45,2.40
2013.12.27 14:22:41.045,1.22411,1.22425,1.28,4.20
2013.12.27 14:22:41.767,1.22411,1.22425,1.28,4.24
2013.12.27 14:22:42.070,1.22411,1.22427,3.45,3.64
2013.12.27 14:22:46.557,1.22418,1.22429,1.00,2.40
2013.12.27 14:22:46.659,1.22418,1.2243,2.03,3.08
2013.12.27 14:22:46.760,1.22419,1.2243,2.89,1.58
2013.12.27 14:22:48.228,1.22419,1.2243,2.33,1.50
2013.12.27 14:22:48.330,1.22419,1.22435,2.33,5.14
2013.12.27 14:22:49.355,1.22419,1.22435,2.33,7.32
2013.12.27 14:22:49.406,1.22418,1.22434,1.72,5.26
2013.12.27 14:22:50.784,1.2242,1.22434,1.18,2.33
2013.12.27 14:22:50.835,1.2242,1.22435,1.15,2.89
2013.12.27 14:22:53.681,1.2242,1.22435,1.15,4.21
2013.12.27 14:22:54.226,1.2242,1.22435,1.15,4.39
2013.12.27 14:22:55.445,1.2242,1.22434,1.10,5.63
2013.12.27 14:22:55.767,1.22419,1.22435,2.33,3.72
2013.12.27 14:22:56.076,1.22418,1.22435,3.00,7.09
2013.12.27 14:22:56.127,1.22418,1.22435,3.08,5.60
2013.12.27 14:22:56.668,1.22418,1.22434,1.15,5.07
2013.12.27 14:22:56.985,1.22419,1.22434,2.33,2.89
2013.12.27 14:22:57.346,1.22418,1.22433,2.33,3.72
2013.12.27 14:22:57.397,1.22418,1.22433,1.18,4.51
2013.12.27 14:22:57.448,1.22418,1.22433,3.08,2.33
2013.12.27 14:22:57.870,1.2242,1.22434,2.33,1.65
2013.12.27 14:22:58.375,1.2242,1.22435,3.08,1.65
2013.12.27 14:23:03.347,1.22422,1.22437,2.89,1.25
2013.12.27 14:23:06.859,1.22424,1.22439,2.33,1.23
2013.12.27 14:23:08.806,1.22422,1.22439,3.08,5.89
2013.12.27 14:23:10.993,1.22422,1.22437,1.18,5.71
2013.12.27 14:23:15.360,1.22421,1.22436,1.28,3.46
2013.12.27 14:23:15.765,1.22419,1.22435,2.70,4.28
2013.12.27 14:23:15.866,1.22419,1.22435,2.33,4.96
2013.12.27 14:23:16.373,1.22418,1.22435,3.08,6.57
2013.12.27 14:23:16.877,1.22418,1.22432,1.15,3.53
2013.12.27 14:23:17.383,1.22417,1.22432,1.15,2.89
2013.12.27 14:23:24.219,1.22418,1.22433,3.08,4.20
2013.12.27 14:23:24.750,1.22418,1.22433,3.08,2.03
2013.12.27 14:23:25.644,1.22418,1.22433,1.15,4.21
2013.12.27 14:23:26.427,1.22418,1.22433,1.18,7.88
2013.12.27 14:23:42.085,1.22418,1.22433,2.33,3.33
2013.12.27 14:23:42.590,1.22418,1.22433,2.33,1.72
2013.12.27 14:23:44.320,1.22416,1.22433,4.58,5.82
2013.12.27 14:23:58.697,1.22418,1.22433,2.33,1.47
2013.12.27 14:24:04.112,1.22417,1.22433,3.64,4.58
2013.12.27 14:24:04.665,1.22417,1.22433,1.47,6.76
2013.12.27 14:24:05.635,1.22418,1.22433,2.33,4.58
2013.12.27 14:24:06.154,1.22418,1.22433,2.33,2.40
2013.12.27 14:24:07.837,1.22418,1.22433,2.33,4.58
2013.12.27 14:24:07.938,1.22417,1.22433,1.15,6.76
2013.12.27 14:24:22.087,1.22418,1.22433,2.33,3.22
2013.12.27 14:24:25.512,1.22417,1.22432,1.15,3.35
2013.12.27 14:24:27.304,1.22418,1.22432,1.18,4.49
2013.12.27 14:24:27.519,1.22415,1.2243,1.15,4.34
2013.12.27 14:24:27.570,1.22413,1.2243,4.95,3.65
2013.12.27 14:24:27.824,1.22417,1.2243,1.15,3.05
2013.12.27 14:24:30.529,1.22417,1.2243,1.15,1.67
2013.12.27 14:24:30.637,1.22417,1.2243,1.15,1.13
2013.12.27 14:24:30.793,1.22417,1.2243,1.10,4.10
2013.12.27 14:24:30.843,1.22417,1.2243,1.08,1.18
2013.12.27 14:24:31.353,1.22416,1.2243,3.45,1.10
2013.12.27 14:24:33.207,1.2242,1.2243,1.00,1.10
2013.12.27 14:24:33.511,1.22422,1.2243,1.00,1.18
2013.12.27 14:24:33.613,1.2242,1.2243,1.10,1.08
2013.12.27 14:24:33.866,1.22422,1.2243,1.00,1.08
2013.12.27 14:24:34.373,1.22419,1.2243,1.08,1.08
2013.12.27 14:24:34.992,1.22419,1.2243,1.18,1.00
2013.12.27 14:24:43.714,1.22419,1.2243,3.08,1.00
2013.12.27 14:24:45.663,1.2242,1.2243,1.18,1.00
2013.12.27 14:24:46.167,1.2242,1.2243,1.10,1.00
2013.12.27 14:24:46.471,1.22414,1.2243,2.33,6.45
2013.12.27 14:24:47.027,1.22415,1.2243,2.33,2.40
2013.12.27 14:24:49.492,1.22418,1.2243,1.10,3.53
2013.12.27 14:24:49.593,1.22418,1.2243,1.10,3.81
2013.12.27 14:24:49.745,1.22418,1.2243,1.00,5.71
2013.12.27 14:24:50.149,1.22416,1.2243,1.15,3.81
2013.12.27 14:24:50.482,1.22416,1.22428,1.15,1.13
2013.12.27 14:24:50.583,1.22415,1.22429,3.08,2.03
2013.12.27 14:24:50.634,1.22415,1.22429,3.08,2.41
2013.12.27 14:24:50.735,1.22417,1.22429,1.20,2.03
2013.12.27 14:24:52.263,1.22416,1.22429,1.28,2.78
2013.12.27 14:24:52.364,1.22417,1.22429,2.82,2.70
2013.12.27 14:24:52.465,1.22417,1.22429,2.89,1.13
2013.12.27 14:24:53.019,1.22419,1.22429,1.55,1.00
2013.12.27 14:24:53.900,1.22422,1.22429,1.00,1.00
2013.12.27 14:24:54.254,1.22418,1.22429,1.15,1.00
2013.12.27 14:24:54.659,1.22418,1.22429,1.10,1.18
2013.12.27 14:25:05.124,1.22416,1.22429,4.02,1.08
2013.12.27 14:25:05.670,1.22417,1.22429,2.89,1.00
2013.12.27 14:25:06.330,1.22422,1.22431,1.00,1.18
2013.12.27 14:25:06.533,1.22418,1.22431,1.28,1.18
2013.12.27 14:25:06.685,1.22417,1.22431,2.97,3.08
2013.12.27 14:25:06.988,1.22417,1.22431,4.39,1.18
2013.12.27 14:25:11.317,1.22423,1.22431,1.00,1.18
2013.12.27 14:25:18.711,1.22422,1.22433,1.00,3.08
2013.12.27 14:25:22.282,1.22423,1.22433,1.00,2.33
2013.12.27 14:25:22.623,1.22425,1.22434,1.00,1.40
2013.12.27 14:25:24.115,1.22425,1.22434,1.00,4.58
2013.12.27 14:25:24.166,1.22422,1.22434,1.00,8.63
2013.12.27 14:25:26.055,1.22422,1.22433,1.00,5.70
2013.12.27 14:25:26.164,1.22422,1.22433,1.00,6.46
2013.12.27 14:25:28.897,1.22422,1.22434,1.10,4.58
2013.12.27 14:25:29.425,1.22419,1.22434,2.33,2.40
2013.12.27 14:25:29.576,1.22421,1.22434,2.33,2.33
2013.12.27 14:25:30.099,1.22421,1.22434,2.33,2.25
2013.12.27 14:25:30.772,1.22421,1.22434,2.33,2.82
2013.12.27 14:25:31.582,1.22421,1.22434,2.33,2.25
2013.12.27 14:25:35.207,1.22422,1.22434,1.18,2.33
2013.12.27 14:25:35.753,1.22422,1.22434,1.10,2.40
2013.12.27 14:25:36.463,1.22422,1.22434,1.18,2.33
2013.12.27 14:25:36.514,1.22422,1.22434,1.15,2.25
2013.12.27 14:25:37.024,1.22422,1.22434,1.18,2.33
2013.12.27 14:25:38.028,1.22422,1.22434,1.18,1.00
2013.12.27 14:25:39.862,1.22422,1.22434,1.15,1.10
2013.12.27 14:25:47.961,1.22422,1.22434,4.20,2.25
2013.12.27 14:25:48.264,1.22424,1.22434,3.45,1.50
2013.12.27 14:25:48.804,1.22424,1.22439,2.89,2.33
2013.12.27 14:25:49.158,1.22424,1.22439,2.89,2.03
2013.12.27 14:25:49.449,1.22424,1.22439,2.89,1.95
2013.12.27 14:25:49.985,1.22424,1.2244,2.89,1.65
2013.12.27 14:25:50.490,1.22426,1.22441,2.33,3.90
2013.12.27 14:25:53.991,1.22426,1.22441,2.33,6.83
2013.12.27 14:25:54.042,1.22424,1.22441,3.45,9.01
2013.12.27 14:25:58.352,1.22422,1.22439,4.95,4.51
2013.12.27 14:26:01.938,1.22424,1.2244,2.89,5.33
2013.12.27 14:26:17.290,1.22426,1.2244,1.28,3.45
2013.12.27 14:26:17.798,1.22422,1.22438,3.08,4.46
2013.12.27 14:26:18.320,1.22423,1.22438,1.08,9.38
2013.12.27 14:26:18.472,1.22423,1.22437,1.10,6.38
2013.12.27 14:26:20.225,1.22424,1.22436,1.00,4.58
2013.12.27 14:26:20.731,1.22422,1.22437,3.08,2.40
2013.12.27 14:26:27.610,1.22422,1.22437,1.47,4.51
2013.12.27 14:26:30.167,1.22422,1.22437,2.03,4.51
2013.12.27 14:26:30.268,1.22422,1.22438,3.64,3.83
2013.12.27 14:26:30.675,1.22425,1.22439,1.08,3.08
2013.12.27 14:26:31.196,1.22426,1.22439,1.28,1.15
2013.12.27 14:26:31.783,1.22423,1.22439,3.45,2.33
2013.12.27 14:26:31.935,1.22424,1.22439,2.89,1.15
2013.12.27 14:26:32.511,1.22426,1.2244,1.28,3.45
2013.12.27 14:26:33.987,1.22426,1.2244,1.20,6.83
2013.12.27 14:26:34.038,1.22422,1.22439,4.20,6.76
2013.12.27 14:26:34.089,1.22422,1.22438,2.03,5.33
2013.12.27 14:26:36.193,1.22428,1.22437,1.00,4.51
2013.12.27 14:26:36.295,1.22426,1.22437,1.32,2.33
2013.12.27 14:26:36.347,1.22428,1.22437,1.13,2.25
2013.12.27 14:26:36.448,1.22426,1.22437,1.00,2.33
2013.12.27 14:26:36.751,1.22426,1.22438,1.00,3.08
2013.12.27 14:26:37.294,1.22422,1.22437,1.18,10.13
2013.12.27 14:26:38.006,1.22422,1.22437,2.03,10.88
2013.12.27 14:26:38.647,1.22422,1.22437,1.18,10.88
2013.12.27 14:26:40.252,1.22424,1.22436,1.00,6.66
2013.12.27 14:26:41.390,1.22425,1.22436,1.13,6.08
2013.12.27 14:26:41.542,1.22423,1.22436,1.10,3.83
2013.12.27 14:26:41.895,1.22425,1.22436,1.00,3.83
2013.12.27 14:26:42.447,1.22426,1.22436,1.00,2.33
2013.12.27 14:26:42.963,1.22426,1.22436,1.57,2.33
2013.12.27 14:26:43.115,1.22426,1.22438,1.00,2.33
2013.12.27 14:26:44.742,1.22426,1.2244,1.18,6.45
2013.12.27 14:26:49.033,1.22426,1.22439,1.00,5.26
2013.12.27 14:26:50.254,1.22426,1.22439,1.18,1.18
2013.12.27 14:26:51.433,1.22426,1.22439,1.08,3.33
2013.12.27 14:26:51.864,1.22424,1.22439,1.18,5.26
2013.12.27 14:26:55.307,1.22425,1.22439,1.20,5.26
2013.12.27 14:26:55.408,1.22425,1.22439,1.28,1.18
2013.12.27 14:26:55.931,1.2243,1.2244,1.13,3.45
2013.12.27 14:26:56.033,1.22427,1.2244,2.03,1.28
2013.12.27 14:26:56.386,1.22431,1.2244,1.10,1.10
2013.12.27 14:26:56.892,1.2243,1.2244,1.28,1.13
2013.12.27 14:26:57.771,1.22429,1.22441,2.22,1.58
2013.12.27 14:26:58.095,1.22427,1.22442,1.15,6.08
2013.12.27 14:27:00.664,1.22429,1.22442,1.20,6.08
2013.12.27 14:27:02.166,1.22429,1.22442,4.95,1.10
2013.12.27 14:27:07.123,1.22433,1.22443,1.13,1.18
2013.12.27 14:27:07.275,1.22436,1.22447,1.20,3.15
2013.12.27 14:27:07.794,1.22436,1.22447,1.28,1.50
2013.12.27 14:27:11.025,1.22436,1.22451,1.28,3.08
2013.12.27 14:27:16.169,1.22437,1.22451,1.28,3.33
2013.12.27 14:27:16.920,1.22437,1.22451,3.45,1.15
2013.12.27 14:27:17.426,1.22437,1.22451,3.45,1.18
2013.12.27 14:27:17.965,1.2244,1.22451,1.20,1.18
2013.12.27 14:27:18.167,1.22437,1.22451,4.20,1.18
2013.12.27 14:27:18.270,1.22439,1.22453,2.89,1.65
2013.12.27 14:27:18.865,1.22439,1.22453,2.89,1.65
2013.12.27 14:27:24.686,1.2244,1.22454,2.33,1.00
2013.12.27 14:27:25.870,1.22442,1.22455,1.28,2.78
2013.12.27 14:27:26.434,1.22442,1.22455,3.45,2.70
2013.12.27 14:27:30.939,1.22441,1.22455,1.28,1.28
2013.12.27 14:27:31.292,1.22442,1.22455,2.33,1.20
2013.12.27 14:27:31.596,1.22441,1.22455,1.72,1.28
2013.12.27 14:27:32.858,1.22444,1.22455,1.13,1.28
2013.12.27 14:27:32.910,1.22444,1.22455,1.28,1.20
2013.12.27 14:27:33.062,1.22441,1.22455,1.15,1.28
2013.12.27 14:27:33.366,1.22443,1.22455,2.33,1.13
2013.12.27 14:27:33.720,1.22445,1.22456,2.33,1.00
2013.12.27 14:27:33.923,1.22447,1.22461,2.33,1.00
2013.12.27 14:27:35.550,1.22445,1.22461,3.08,1.10
2013.12.27 14:27:37.324,1.22445,1.22461,3.08,1.67
2013.12.27 14:27:37.847,1.22446,1.22461,1.18,1.10
2013.12.27 14:27:38.864,1.22446,1.2246,1.20,3.90
2013.12.27 14:27:49.414,1.22447,1.2246,1.38,6.14
2013.12.27 14:27:49.516,1.22451,1.2246,1.13,2.22
2013.12.27 14:27:50.050,1.22451,1.2246,1.28,1.50
2013.12.27 14:27:50.151,1.22451,1.22463,1.28,1.65
2013.12.27 14:27:50.455,1.22455,1.22464,1.13,1.25
2013.12.27 14:27:50.657,1.22452,1.22464,3.45,1.08
2013.12.27 14:27:51.547,1.22452,1.22464,3.45,1.00
2013.12.27 14:27:51.648,1.22456,1.22464,1.13,1.00
2013.12.27 14:27:51.966,1.22452,1.22464,2.18,1.38
2013.12.27 14:27:52.117,1.22449,1.22462,2.33,5.93
2013.12.27 14:27:52.168,1.22447,1.22457,2.18,1.00
2013.12.27 14:27:52.269,1.22438,1.2246,7.51,2.03
2013.12.27 14:27:52.320,1.22439,1.22459,7.51,9.00
2013.12.27 14:27:52.431,1.22427,1.22444,2.23,4.50
2013.12.27 14:27:52.540,1.22427,1.22442,2.23,7.13
2013.12.27 14:27:54.093,1.22431,1.2244,6.57,5.63
2013.12.27 14:27:55.319,1.22425,1.2244,5.52,7.13
2013.12.27 14:27:55.633,1.22425,1.22455,5.37,1.98
2013.12.27 14:27:55.950,1.22434,1.22455,3.25,2.10
2013.12.27 14:27:56.000,1.22426,1.22443,5.37,4.88
2013.12.27 14:27:56.051,1.2242,1.2244,2.63,5.03
2013.12.27 14:27:56.152,1.2242,1.22438,4.20,7.70
2013.12.27 14:27:56.657,1.22424,1.22436,1.00,7.13
2013.12.27 14:27:57.193,1.22423,1.22436,1.00,7.51
2013.12.27 14:27:59.624,1.22423,1.22434,1.00,5.07
2013.12.27 14:27:59.725,1.22418,1.22434,2.78,5.07
2013.12.27 14:28:00.411,1.22423,1.22434,1.00,1.18
2013.12.27 14:28:00.919,1.22422,1.22434,1.10,1.18
2013.12.27 14:28:03.338,1.22416,1.22433,4.39,5.26
2013.12.27 14:28:05.665,1.22421,1.22433,1.88,5.26
2013.12.27 14:28:05.855,1.22422,1.22433,1.00,1.15
2013.12.27 14:28:06.390,1.22421,1.22433,1.20,1.15
2013.12.27 14:28:07.952,1.22419,1.22433,2.40,1.15
2013.12.27 14:28:08.053,1.2242,1.22433,2.89,1.08
2013.12.27 14:28:08.104,1.22421,1.22433,2.89,1.00
2013.12.27 14:28:08.205,1.22419,1.22433,4.20,1.18
2013.12.27 14:28:08.307,1.22421,1.22433,1.13,3.08
2013.12.27 14:28:10.190,1.22419,1.22433,1.18,3.08
2013.12.27 14:28:10.291,1.22421,1.22433,1.13,3.08
2013.12.27 14:28:10.544,1.22421,1.22433,1.28,1.18
2013.12.27 14:28:12.708,1.22423,1.22433,1.13,1.18
2013.12.27 14:28:12.810,1.2242,1.22435,1.24,4.20
2013.12.27 14:28:13.013,1.22419,1.22434,1.18,5.63
2013.12.27 14:28:13.316,1.22419,1.22434,1.10,6.20
2013.12.27 14:28:13.619,1.22415,1.2243,1.28,3.03
2013.12.27 14:28:13.721,1.22415,1.2243,1.20,2.95
2013.12.27 14:28:14.330,1.22417,1.2243,1.20,2.20
2013.12.27 14:28:14.431,1.22412,1.2243,2.70,2.88
2013.12.27 14:28:16.111,1.22412,1.22429,2.14,2.88
2013.12.27 14:28:21.283,1.22413,1.22429,1.13,2.88
2013.12.27 14:28:21.385,1.22413,1.22429,1.13,2.63
2013.12.27 14:28:23.562,1.22413,1.22429,1.20,2.70
2013.12.27 14:28:24.081,1.22413,1.22429,3.45,4.95
2013.12.27 14:28:24.870,1.22412,1.22427,2.33,3.33
2013.12.27 14:28:25.123,1.22413,1.22427,2.33,1.18
2013.12.27 14:28:25.174,1.22416,1.22427,1.20,1.18
2013.12.27 14:28:25.275,1.22413,1.22427,2.89,1.18
2013.12.27 14:28:35.970,1.22411,1.22427,2.33,3.08
2013.12.27 14:28:37.298,1.2241,1.22426,1.50,4.51
2013.12.27 14:28:37.846,1.2241,1.22426,1.65,4.51
2013.12.27 14:28:51.206,1.22411,1.22426,1.18,2.33
2013.12.27 14:28:51.374,1.22411,1.22427,1.15,3.45
2013.12.27 14:28:55.857,1.22411,1.22427,1.28,7.13
2013.12.27 14:28:56.070,1.22411,1.22425,1.28,3.46
2013.12.27 14:28:56.373,1.2241,1.22423,1.48,4.36
2013.12.27 14:28:57.017,1.2241,1.22421,1.10,2.33
2013.12.27 14:28:57.447,1.2241,1.22421,1.10,2.34
2013.12.27 14:28:58.149,1.2241,1.22421,1.00,3.99
2013.12.27 14:28:58.826,1.2241,1.22421,1.00,3.46
2013.12.27 14:28:59.308,1.22411,1.22422,1.00,2.33
2013.12.27 14:28:59.409,1.22412,1.22424,1.10,2.85
2013.12.27 14:28:59.460,1.22415,1.22425,1.00,4.88
2013.12.27 14:28:59.561,1.22415,1.22427,1.00,4.17
2013.12.27 14:29:00.917,1.22411,1.22427,3.08,3.08
2013.12.27 14:29:01.373,1.22413,1.22428,3.08,2.33
2013.12.27 14:29:01.876,1.22413,1.22428,3.08,1.18
2013.12.27 14:29:02.187,1.22412,1.22428,2.22,4.51
2013.12.27 14:29:02.591,1.22414,1.22428,1.39,2.33
2013.12.27 14:29:02.964,1.22415,1.2243,2.33,2.89
2013.12.27 14:29:03.490,1.22415,1.22431,2.33,3.64
2013.12.27 14:29:04.116,1.22414,1.22431,3.08,4.96
2013.12.27 14:29:04.617,1.22414,1.2243,1.15,4.77
2013.12.27 14:29:11.650,1.22413,1.22429,2.33,7.13
2013.12.27 14:29:11.700,1.22412,1.22428,1.65,5.63
2013.12.27 14:29:26.045,1.22414,1.22428,3.64,2.25
2013.12.27 14:29:26.096,1.22415,1.22431,2.33,3.34
2013.12.27 14:29:27.430,1.22416,1.22431,4.20,2.33
2013.12.27 14:29:27.532,1.22417,1.22433,2.89,4.20
2013.12.27 14:29:38.042,1.22417,1.22433,3.08,4.96
2013.12.27 14:29:38.244,1.22417,1.22432,1.18,4.51
2013.12.27 14:29:38.655,1.22417,1.22433,3.08,3.64
2013.12.27 14:29:39.249,1.22418,1.22433,3.08,2.33
2013.12.27 14:29:39.301,1.22419,1.22435,2.33,4.20
2013.12.27 14:29:39.453,1.22418,1.22434,1.15,5.63
2013.12.27 14:29:51.741,1.2242,1.22434,2.25,4.21
2013.12.27 14:29:51.842,1.22418,1.22434,1.65,5.26
2013.12.27 14:29:51.944,1.22418,1.22434,1.18,5.26
2013.12.27 14:29:52.469,1.22418,1.22432,1.10,4.51
2013.12.27 14:29:52.779,1.22418,1.22433,1.15,3.08
2013.12.27 14:29:54.022,1.22418,1.22432,1.10,4.51
2013.12.27 14:29:54.824,1.2242,1.22432,1.00,5.07
2013.12.27 14:29:55.337,1.2242,1.22431,1.00,3.98
2013.12.27 14:29:55.748,1.2242,1.22431,1.00,4.73
2013.12.27 14:29:55.950,1.22419,1.22431,1.00,6.01
2013.12.27 14:29:56.001,1.22419,1.2243,1.00,5.82
2013.12.27 14:29:56.254,1.22415,1.2243,1.18,5.82
2013.12.27 14:29:56.305,1.22415,1.22428,1.00,4.51
2013.12.27 14:30:00.323,1.22415,1.22428,1.00,5.26
2013.12.27 14:30:00.686,1.22415,1.22428,1.00,6.01
2013.12.27 14:30:00.788,1.22416,1.22426,1.00,4.51
2013.12.27 14:30:00.890,1.22416,1.22427,1.00,2.33
2013.12.27 14:30:01.638,1.22415,1.22427,1.00,2.33
2013.12.27 14:30:01.792,1.22415,1.22428,1.18,1.15
2013.12.27 14:30:02.342,1.22417,1.22427,1.00,2.65
2013.12.27 14:30:02.444,1.22417,1.22426,1.00,5.63
2013.12.27 14:30:02.899,1.22414,1.22426,1.10,2.89
2013.12.27 14:30:03.410,1.22414,1.22426,1.00,5.07
2013.12.27 14:30:03.872,1.22412,1.22426,1.10,5.26
2013.12.27 14:30:04.176,1.22412,1.22426,1.15,1.18
2013.12.27 14:30:06.077,1.22417,1.22427,1.00,3.08
2013.12.27 14:30:06.280,1.22412,1.22427,1.15,3.64
2013.12.27 14:30:06.828,1.22411,1.22427,3.45,6.38
2013.12.27 14:30:06.933,1.22411,1.22426,1.28,5.63
2013.12.27 14:30:08.079,1.22411,1.22425,1.28,3.46
2013.12.27 14:30:08.433,1.22411,1.22425,1.28,3.46
2013.12.27 14:30:08.594,1.22411,1.22425,3.45,1.20
2013.12.27 14:30:08.751,1.22411,1.22426,3.45,1.28
2013.12.27 14:30:10.731,1.22412,1.22426,1.15,1.28
2013.12.27 14:30:10.986,1.22413,1.22428,2.33,2.89
2013.12.27 14:30:11.188,1.22412,1.22427,1.15,4.21
2013.12.27 14:30:11.649,1.22411,1.22426,4.20,1.13
2013.12.27 14:30:11.750,1.22411,1.22426,2.03,3.75
2013.12.27 14:30:12.317,1.22411,1.22426,2.03,5.07
2013.12.27 14:30:13.293,1.22411,1.22426,4.20,2.89
2013.12.27 14:30:13.834,1.22412,1.22426,1.15,1.28
2013.12.27 14:30:21.758,1.22412,1.22426,1.15,1.13
2013.12.27 14:30:22.266,1.22412,1.22425,1.18,4.50
2013.12.27 14:30:22.768,1.22412,1.22425,1.10,4.51
2013.12.27 14:30:24.402,1.22412,1.22425,1.10,4.50
2013.12.27 14:30:26.584,1.22412,1.22425,1.10,4.58
2013.12.27 14:30:29.487,1.22412,1.22423,1.00,4.51
2013.12.27 14:30:29.588,1.22412,1.22423,1.00,4.13
2013.12.27 14:30:29.690,1.22408,1.22422,2.12,2.60
2013.12.27 14:30:29.993,1.22408,1.22421,1.95,4.13
2013.12.27 14:30:30.767,1.22408,1.22421,1.95,3.76
2013.12.27 14:30:30.818,1.22412,1.22421,1.00,3.76
2013.12.27 14:30:31.957,1.22413,1.22422,1.00,2.89
2013.12.27 14:30:34.213,1.22413,1.22422,1.00,1.13
2013.12.27 14:30:34.758,1.22412,1.22422,1.00,1.13
2013.12.27 14:30:34.960,1.22411,1.22422,1.00,1.28
2013.12.27 14:30:35.379,1.22411,1.22422,1.00,1.13
2013.12.27 14:30:36.651,1.22413,1.22422,1.00,1.13
2013.12.27 14:30:36.753,1.22413,1.22423,1.00,2.89
2013.12.27 14:30:37.258,1.22412,1.22425,1.18,1.72
2013.12.27 14:30:38.065,1.22412,1.22425,1.18,1.28
2013.12.27 14:30:38.578,1.22412,1.22425,1.00,6.38
2013.12.27 14:30:40.986,1.22412,1.22426,1.18,2.89
2013.12.27 14:30:48.511,1.22413,1.22426,1.10,5.26
2013.12.27 14:30:48.764,1.22413,1.22423,1.00,4.51
2013.12.27 14:30:50.117,1.22411,1.22423,1.00,6.76
2013.12.27 14:30:50.319,1.22411,1.22421,1.00,5.82
2013.12.27 14:30:53.705,1.22407,1.22421,1.10,7.32
2013.12.27 14:30:53.806,1.22406,1.22418,1.10,3.33
2013.12.27 14:30:54.386,1.22404,1.22418,2.03,3.08
2013.12.27 14:30:55.442,1.22405,1.22418,1.20,3.08
2013.12.27 14:30:55.543,1.22407,1.22418,1.39,1.18
2013.12.27 14:30:55.594,1.2241,1.22418,1.13,1.18
2013.12.27 14:30:55.696,1.22406,1.22418,1.28,1.18
2013.12.27 14:30:56.201,1.22404,1.22418,3.45,1.65
2013.12.27 14:30:56.775,1.22407,1.22418,1.20,2.68
2013.12.27 14:30:57.000,1.22406,1.22418,1.09,1.10
2013.12.27 14:31:01.224,1.22407,1.22418,1.20,2.78
2013.12.27 14:31:01.326,1.22405,1.22418,2.03,2.78
2013.12.27 14:31:02.283,1.22406,1.22418,1.65,1.10
2013.12.27 14:31:15.859,1.22406,1.22418,1.65,1.08
2013.12.27 14:31:32.067,1.22406,1.22418,1.58,1.18
2013.12.27 14:31:35.127,1.22405,1.22418,1.96,1.18
2013.12.27 14:31:36.763,1.22405,1.22418,1.96,1.20
2013.12.27 14:31:40.061,1.22409,1.22418,1.00,2.49
2013.12.27 14:31:40.576,1.22409,1.22418,3.19,1.00
2013.12.27 14:31:40.930,1.22409,1.22423,3.19,1.65
2013.12.27 14:31:42.815,1.22409,1.22423,3.19,1.28
2013.12.27 14:31:43.564,1.22411,1.22425,1.28,3.08
2013.12.27 14:31:43.665,1.22414,1.22425,1.13,2.33
2013.12.27 14:31:43.867,1.22414,1.22427,1.20,3.83
2013.12.27 14:31:44.379,1.22414,1.22427,1.20,3.38
2013.12.27 14:31:45.551,1.22413,1.22427,1.29,2.33
2013.12.27 14:31:46.158,1.22409,1.22426,7.81,5.63
2013.12.27 14:31:46.715,1.22412,1.22426,1.10,5.63
2013.12.27 14:31:47.019,1.22412,1.22426,1.15,1.28
2013.12.27 14:31:47.383,1.22412,1.22426,1.10,5.63
2013.12.27 14:31:50.595,1.22412,1.22426,1.95,4.51
2013.12.27 14:31:51.061,1.22411,1.22427,4.69,3.08
2013.12.27 14:31:51.648,1.22413,1.22427,1.28,3.08
2013.12.27 14:31:52.167,1.22411,1.22427,3.57,3.64
2013.12.27 14:31:52.474,1.22416,1.22427,1.13,3.08
2013.12.27 14:31:56.548,1.22415,1.22427,1.16,3.08
2013.12.27 14:31:57.675,1.22414,1.22427,1.20,3.08
2013.12.27 14:31:58.201,1.22413,1.22427,1.08,3.08
2013.12.27 14:31:59.488,1.22412,1.22427,3.57,3.08
2013.12.27 14:31:59.559,1.22413,1.22427,2.89,1.18
2013.12.27 14:31:59.846,1.22416,1.22427,1.20,1.18
2013.12.27 14:32:00.204,1.22413,1.22428,4.88,1.15
2013.12.27 14:32:00.567,1.22414,1.22428,1.29,3.08
2013.12.27 14:32:00.821,1.22409,1.22425,2.56,4.96
2013.12.27 14:32:01.074,1.22409,1.22422,2.37,4.39
2013.12.27 14:32:01.594,1.22409,1.22422,2.37,2.82
2013.12.27 14:32:01.898,1.22408,1.22421,2.37,3.83
2013.12.27 14:32:01.949,1.22408,1.22423,2.44,2.03
2013.12.27 14:32:02.353,1.22415,1.22423,1.13,1.00
2013.12.27 14:32:02.454,1.22412,1.22424,1.24,3.08
2013.12.27 14:32:02.649,1.2241,1.22424,1.21,3.08
2013.12.27 14:32:03.005,1.22408,1.22423,3.94,3.16
2013.12.27 14:32:03.208,1.2241,1.22421,2.44,3.01
2013.12.27 14:32:03.461,1.22409,1.2242,1.18,2.48
2013.12.27 14:32:03.567,1.22409,1.2242,1.12,1.20
2013.12.27 14:32:03.770,1.22409,1.22422,1.22,2.89
2013.12.27 14:32:04.023,1.22409,1.22419,1.16,1.13
2013.12.27 14:32:04.124,1.22412,1.22419,1.16,1.13
2013.12.27 14:32:04.226,1.22412,1.22419,1.16,3.45
2013.12.27 14:32:04.782,1.22412,1.2242,1.16,1.20
2013.12.27 14:32:05.208,1.22412,1.2242,1.00,1.13
2013.12.27 14:32:05.360,1.22412,1.2242,1.00,1.20
2013.12.27 14:32:05.750,1.22412,1.22423,1.00,1.15
2013.12.27 14:32:06.474,1.22412,1.22423,1.00,4.96
2013.12.27 14:32:06.576,1.22412,1.22422,1.00,3.83
2013.12.27 14:32:06.677,1.22412,1.22422,1.00,2.33
2013.12.27 14:32:07.184,1.22412,1.22423,1.00,1.15
2013.12.27 14:32:07.842,1.22412,1.22423,1.12,1.47
2013.12.27 14:32:08.660,1.22412,1.22423,1.16,1.15
2013.12.27 14:32:09.056,1.22412,1.22423,1.00,5.82
2013.12.27 14:32:09.806,1.22411,1.22421,1.00,2.33
2013.12.27 14:32:09.908,1.2241,1.2242,1.00,2.41
2013.12.27 14:32:10.010,1.2241,1.2242,1.00,3.76
2013.12.27 14:32:10.111,1.22407,1.2242,1.39,3.33
2013.12.27 14:32:10.162,1.22411,1.2242,1.00,3.33
2013.12.27 14:32:10.567,1.22417,1.22421,1.10,1.25
2013.12.27 14:32:10.670,1.22417,1.22422,1.00,1.13
2013.12.27 14:32:11.187,1.22416,1.22422,1.00,1.13
2013.12.27 14:32:11.238,1.22416,1.22424,1.00,1.28
2013.12.27 14:32:11.440,1.22416,1.22424,1.00,2.33
2013.12.27 14:32:11.693,1.22411,1.22422,1.10,3.45
2013.12.27 14:32:11.794,1.22414,1.22421,1.00,3.46
2013.12.27 14:32:12.249,1.22414,1.22423,1.00,1.20
2013.12.27 14:32:12.686,1.22414,1.22424,1.00,1.47
2013.12.27 14:32:13.371,1.22413,1.22423,1.10,1.13
2013.12.27 14:32:13.480,1.22414,1.22423,1.00,1.13
2013.12.27 14:32:14.015,1.22414,1.22423,1.00,1.20
2013.12.27 14:32:16.145,1.22414,1.22424,1.00,1.18
2013.12.27 14:32:16.246,1.22414,1.22424,1.00,1.13
2013.12.27 14:32:16.449,1.22414,1.22426,1.00,3.38
2013.12.27 14:32:16.650,1.22416,1.22426,1.00,1.15
2013.12.27 14:32:17.155,1.22416,1.22426,1.00,1.18
2013.12.27 14:32:17.649,1.22416,1.22426,1.00,1.20
2013.12.27 14:32:17.953,1.22416,1.22424,1.00,3.38
2013.12.27 14:32:18.257,1.22414,1.22424,1.00,2.41
2013.12.27 14:32:18.661,1.22414,1.22424,1.00,4.96
2013.12.27 14:32:18.762,1.22414,1.22424,1.00,5.33
2013.12.27 14:32:18.864,1.22414,1.22424,1.00,4.21
2013.12.27 14:32:22.133,1.22414,1.22424,1.00,4.95
2013.12.27 14:32:22.235,1.22413,1.22424,1.00,4.58
2013.12.27 14:32:25.959,1.22414,1.22424,1.00,4.21
2013.12.27 14:32:27.158,1.22413,1.22424,1.00,5.33
2013.12.27 14:32:27.512,1.22414,1.22424,1.00,6.45
2013.12.27 14:32:27.917,1.22414,1.22424,1.00,3.72
2013.12.27 14:32:27.967,1.22414,1.22424,1.00,3.53
2013.12.27 14:32:28.079,1.22414,1.22424,1.00,3.53
2013.12.27 14:32:30.843,1.22414,1.22424,1.88,1.18
2013.12.27 14:32:30.908,1.22414,1.22424,1.00,1.47
2013.12.27 14:32:31.133,1.22414,1.22424,1.00,3.64
2013.12.27 14:32:31.285,1.22414,1.22424,1.00,1.18
2013.12.27 14:32:31.808,1.22414,1.22424,2.03,1.00
2013.12.27 14:32:32.146,1.22414,1.22424,1.58,1.08
2013.12.27 14:32:32.360,1.22414,1.22424,2.70,1.08
2013.12.27 14:32:32.664,1.22419,1.22428,1.13,1.65
2013.12.27 14:32:33.170,1.22419,1.22428,1.10,1.50
2013.12.27 14:32:33.700,1.22419,1.22428,1.00,1.18
2013.12.27 14:32:37.408,1.22424,1.2243,1.13,2.52
2013.12.27 14:32:37.460,1.22424,1.22431,1.13,2.40
2013.12.27 14:32:37.561,1.2242,1.22432,2.33,1.25
2013.12.27 14:32:37.662,1.22419,1.22432,1.23,1.09
2013.12.27 14:32:38.016,1.22421,1.22433,1.15,2.14
2013.12.27 14:32:38.607,1.22421,1.22433,1.15,1.58
2013.12.27 14:32:39.326,1.22421,1.22433,1.15,1.13
2013.12.27 14:32:39.733,1.22421,1.22434,1.15,1.18
2013.12.27 14:32:42.926,1.22423,1.22435,1.20,2.03
2013.12.27 14:32:43.130,1.22422,1.22435,2.33,1.20
2013.12.27 14:32:43.451,1.22421,1.22435,1.47,1.20
2013.12.27 14:32:46.321,1.22421,1.22435,1.39,3.45
2013.12.27 14:32:46.372,1.22421,1.22435,1.39,5.63
2013.12.27 14:32:51.082,1.22421,1.22435,1.95,6.38
2013.12.27 14:32:51.293,1.22421,1.22435,2.03,2.31
2013.12.27 14:32:52.725,1.22421,1.22435,1.15,2.78
2013.12.27 14:32:53.030,1.2242,1.22429,1.18,2.26
2013.12.27 14:32:53.131,1.22419,1.22429,1.08,1.13
2013.12.27 14:32:53.183,1.22419,1.22429,1.08,1.13
2013.12.27 14:32:53.284,1.22419,1.2243,1.08,3.45
2013.12.27 14:32:53.748,1.22419,1.2243,1.13,3.08
2013.12.27 14:32:54.365,1.22419,1.2243,1.00,3.68
2013.12.27 14:32:54.467,1.22424,1.22431,1.00,1.63
2013.12.27 14:32:54.954,1.22424,1.22433,1.00,1.65
2013.12.27 14:32:58.326,1.22424,1.22433,1.00,1.02
2013.12.27 14:32:58.724,1.2242,1.22435,3.08,2.03
2013.12.27 14:32:59.753,1.2242,1.22435,2.33,1.34
2013.12.27 14:33:00.012,1.22422,1.22436,2.33,3.15
2013.12.27 14:33:00.315,1.22422,1.22436,2.33,3.80
2013.12.27 14:33:00.417,1.2242,1.22436,2.33,5.95
2013.12.27 14:33:00.720,1.2242,1.22435,2.25,6.46
2013.12.27 14:33:00.770,1.22418,1.22434,2.39,3.45
2013.12.27 14:33:01.418,1.22416,1.22432,2.39,3.46
2013.12.27 14:33:03.393,1.22416,1.22431,3.14,3.91
2013.12.27 14:33:05.585,1.22416,1.22431,3.14,3.34
2013.12.27 14:33:05.686,1.22418,1.22431,1.24,3.53
2013.12.27 14:33:06.196,1.22416,1.22431,3.14,4.56
2013.12.27 14:33:06.550,1.22416,1.22431,1.34,7.51
2013.12.27 14:33:06.972,1.22416,1.22429,1.20,2.78
2013.12.27 14:33:07.124,1.22415,1.22429,1.59,1.40
2013.12.27 14:33:07.428,1.22417,1.2243,1.21,2.97
2013.12.27 14:33:07.950,1.22417,1.2243,1.21,1.50
2013.12.27 14:33:08.492,1.22417,1.22431,1.21,2.40
2013.12.27 14:33:12.873,1.22417,1.22431,1.14,4.95
2013.12.27 14:33:13.378,1.22418,1.22431,1.06,7.88
2013.12.27 14:33:14.773,1.22416,1.22429,1.19,4.70
2013.12.27 14:33:15.299,1.22416,1.22428,1.13,3.46
2013.12.27 14:33:15.605,1.22419,1.22428,1.08,3.46
2013.12.27 14:33:19.437,1.22418,1.22428,1.06,3.46
2013.12.27 14:33:20.076,1.22418,1.22428,1.06,3.45
2013.12.27 14:33:20.581,1.22416,1.22429,2.09,1.65
2013.12.27 14:33:20.901,1.22416,1.22429,1.94,6.01
2013.12.27 14:33:21.257,1.22416,1.22429,2.84,1.65
2013.12.27 14:33:27.450,1.22419,1.22429,1.08,1.13
2013.12.27 14:33:27.603,1.22419,1.22429,1.08,5.63
2013.12.27 14:33:27.705,1.22419,1.22429,1.08,1.28
2013.12.27 14:33:31.111,1.22418,1.22429,1.06,1.50
2013.12.27 14:33:31.313,1.22419,1.22428,1.08,3.45
2013.12.27 14:33:31.843,1.22419,1.22428,1.00,3.45
2013.12.27 14:33:35.243,1.22418,1.22428,1.00,3.45
2013.12.27 14:33:37.366,1.22418,1.22428,1.88,2.33
2013.12.27 14:33:37.518,1.22415,1.22428,3.08,2.33
2013.12.27 14:33:38.066,1.22415,1.22428,1.95,2.33
2013.12.27 14:33:41.273,1.22417,1.22428,1.00,3.83
2013.12.27 14:33:41.374,1.22413,1.22427,1.39,4.48
2013.12.27 14:33:41.425,1.22413,1.22427,2.14,4.21
2013.12.27 14:33:41.728,1.2242,1.22429,1.00,1.18
2013.12.27 14:33:42.317,1.2242,1.22431,1.57,2.33
2013.12.27 14:33:42.520,1.2242,1.22434,1.74,2.70
2013.12.27 14:33:42.570,1.2242,1.22433,1.67,3.45
2013.12.27 14:33:43.102,1.2242,1.22432,1.00,4.51
2013.12.27 14:33:43.363,1.22418,1.22432,1.28,1.65
2013.12.27 14:33:43.853,1.22417,1.22432,3.83,2.78
2013.12.27 14:33:43.954,1.22418,1.22431,1.00,5.07
2013.12.27 14:33:48.432,1.22418,1.22431,1.88,5.63
2013.12.27 14:33:48.697,1.22418,1.22431,2.03,1.28
2013.12.27 14:33:49.354,1.22417,1.22431,1.35,1.13
2013.12.27 14:33:49.455,1.22417,1.22431,1.15,1.28
2013.12.27 14:33:49.994,1.22417,1.22432,1.15,2.89
2013.12.27 14:33:50.504,1.22418,1.22432,2.03,2.33
2013.12.27 14:33:51.019,1.22417,1.22432,2.22,2.33
2013.12.27 14:33:51.717,1.22418,1.22432,2.33,1.28
2013.12.27 14:33:52.259,1.22418,1.22434,3.64,2.70
2013.12.27 14:33:56.515,1.22418,1.22434,3.08,3.83
2013.12.27 14:33:57.063,1.22419,1.22434,1.15,3.27
2013.12.27 14:33:58.179,1.22419,1.22433,1.15,2.78
2013.12.27 14:33:58.281,1.22418,1.22431,1.18,1.13
2013.12.27 14:33:58.382,1.22419,1.22432,1.67,2.70
2013.12.27 14:33:59.052,1.22419,1.22433,1.72,1.28
2013.12.27 14:33:59.937,1.2242,1.22433,1.28,1.28
2013.12.27 14:34:00.039,1.22422,1.22434,1.13,2.70
2013.12.27 14:34:00.253,1.22422,1.22436,1.28,5.33
2013.12.27 14:34:00.582,1.22426,1.22436,1.13,4.95
2013.12.27 14:34:00.904,1.22423,1.22436,1.74,3.83
2013.12.27 14:34:01.006,1.22423,1.22436,1.72,1.65
2013.12.27 14:34:02.540,1.22423,1.22436,1.67,3.83
2013.12.27 14:34:03.405,1.22423,1.22436,1.58,2.89
2013.12.27 14:34:03.708,1.22425,1.22436,1.00,2.33
2013.12.27 14:34:04.013,1.22427,1.22436,1.00,2.33
2013.12.27 14:34:04.266,1.22425,1.22436,1.00,2.33
2013.12.27 14:34:04.317,1.22425,1.22435,1.00,6.75
2013.12.27 14:34:04.482,1.22423,1.22435,1.00,6.75
2013.12.27 14:34:06.265,1.22419,1.22435,1.28,8.25
2013.12.27 14:34:14.319,1.22423,1.22434,1.13,4.95
2013.12.27 14:34:14.521,1.22423,1.22434,1.28,2.70
2013.12.27 14:34:14.828,1.22421,1.22434,1.95,3.83
2013.12.27 14:34:14.936,1.22421,1.22434,2.03,1.65
2013.12.27 14:34:18.913,1.22423,1.22434,1.00,3.83
2013.12.27 14:34:22.436,1.22425,1.22434,1.13,5.70
2013.12.27 14:34:22.587,1.2242,1.22433,1.88,3.53
2013.12.27 14:34:22.638,1.2242,1.22433,3.30,3.46
2013.12.27 14:34:22.689,1.2242,1.22433,2.33,2.89
2013.12.27 14:34:22.841,1.22418,1.22432,1.10,4.51
2013.12.27 14:34:24.080,1.22419,1.22432,1.00,5.26
2013.12.27 14:34:24.586,1.2242,1.22432,1.00,5.26
2013.12.27 14:34:25.192,1.22419,1.22432,1.00,5.26
2013.12.27 14:34:25.697,1.22418,1.22432,1.10,8.26
2013.12.27 14:34:32.184,1.22418,1.2243,1.00,7.32
2013.12.27 14:34:40.905,1.22416,1.2243,1.10,8.45
2013.12.27 14:34:41.057,1.22416,1.22428,1.00,4.51
2013.12.27 14:34:47.703,1.22414,1.22428,1.10,6.01
2013.12.27 14:34:47.754,1.22416,1.22428,1.00,6.01
2013.12.27 14:34:47.972,1.22413,1.22428,1.65,7.70
2013.12.27 14:34:49.608,1.22413,1.22426,1.00,5.26
2013.12.27 14:34:51.199,1.22414,1.22426,1.13,4.51
2013.12.27 14:34:51.352,1.22412,1.22426,1.67,4.51
2013.12.27 14:34:51.425,1.22415,1.22426,1.13,4.51
2013.12.27 14:34:51.527,1.22412,1.22426,1.67,4.51
2013.12.27 14:34:51.781,1.22412,1.22427,1.72,3.83
2013.12.27 14:34:53.741,1.22412,1.22426,1.15,2.78
2013.12.27 14:34:54.045,1.22413,1.22426,1.08,7.21
2013.12.27 14:34:54.096,1.22413,1.22426,1.08,6.27
2013.12.27 14:34:54.298,1.22414,1.22426,1.95,5.70
2013.12.27 14:34:54.551,1.22414,1.22426,2.03,1.58
2013.12.27 14:34:54.805,1.22419,1.22428,1.00,1.65
2013.12.27 14:34:56.215,1.22416,1.22428,1.67,2.03
2013.12.27 14:34:56.360,1.22418,1.22429,1.13,2.33
2013.12.27 14:34:56.411,1.22418,1.2243,1.20,1.65
2013.12.27 14:34:56.512,1.2242,1.2243,1.13,1.65
2013.12.27 14:34:56.613,1.22415,1.2243,4.65,1.65
2013.12.27 14:34:56.815,1.22418,1.22429,1.00,3.64
2013.12.27 14:34:59.290,1.22416,1.22429,1.10,3.33
2013.12.27 14:34:59.442,1.22413,1.22427,2.78,3.36
2013.12.27 14:34:59.798,1.22413,1.22425,1.65,2.41
2013.12.27 14:34:59.901,1.22411,1.22423,1.10,3.16
2013.12.27 14:35:00.409,1.22411,1.22423,1.20,1.15
2013.12.27 14:35:01.837,1.22412,1.22423,1.00,1.15
2013.12.27 14:35:03.163,1.22412,1.22422,1.50,5.47
2013.12.27 14:35:03.466,1.22408,1.22418,2.18,5.63
2013.12.27 14:35:03.719,1.22403,1.22415,6.45,2.78
2013.12.27 14:35:03.820,1.22403,1.22415,3.90,2.85
2013.12.27 14:35:03.925,1.22403,1.22415,3.75,7.20
2013.12.27 14:35:04.430,1.22403,1.22413,3.75,3.98
2013.12.27 14:35:04.954,1.22404,1.22413,1.00,6.66
2013.12.27 14:35:06.753,1.22404,1.22413,1.00,2.31
2013.12.27 14:35:07.264,1.22403,1.22413,2.25,2.31
2013.12.27 14:35:07.792,1.22403,1.22413,2.25,2.31
2013.12.27 14:35:08.303,1.22404,1.22414,1.00,1.28
2013.12.27 14:35:08.606,1.22406,1.22415,1.13,1.65
2013.12.27 14:35:08.758,1.22406,1.22419,1.20,3.83
2013.12.27 14:35:09.063,1.22406,1.22418,1.13,5.63
2013.12.27 14:35:10.190,1.22408,1.22418,1.32,4.51
2013.12.27 14:35:10.241,1.22408,1.22419,1.32,3.45
2013.12.27 14:35:10.393,1.22408,1.22419,1.00,4.96
2013.12.27 14:35:10.645,1.22406,1.22419,1.20,6.00
2013.12.27 14:35:13.512,1.22406,1.22419,1.13,4.02
2013.12.27 14:35:16.408,1.22408,1.22418,1.00,6.01
2013.12.27 14:35:17.648,1.22406,1.22417,2.63,3.46
2013.12.27 14:35:18.158,1.22407,1.22417,1.00,3.98
2013.12.27 14:35:18.587,1.22408,1.22417,1.00,4.73
2013.12.27 14:35:19.243,1.22404,1.22417,1.20,4.36
2013.12.27 14:35:19.760,1.22405,1.22417,1.00,2.89
2013.12.27 14:35:20.453,1.22406,1.22417,1.00,2.33
2013.12.27 14:35:21.118,1.22407,1.22417,1.00,3.45
2013.12.27 14:35:21.625,1.22406,1.22417,1.13,2.33
2013.12.27 14:35:23.948,1.22405,1.22419,1.55,5.70
2013.12.27 14:35:28.877,1.22405,1.22419,1.39,5.71
2013.12.27 14:35:29.180,1.22405,1.22417,1.00,3.83
2013.12.27 14:35:29.230,1.22405,1.22417,1.00,3.45
2013.12.27 14:35:29.433,1.22408,1.22416,1.00,2.18
2013.12.27 14:35:29.484,1.22408,1.22416,1.00,2.10
2013.12.27 14:35:29.585,1.22408,1.22416,1.00,1.13
2013.12.27 14:35:29.896,1.22405,1.22415,1.00,1.13
2013.12.27 14:35:30.108,1.22408,1.22415,1.00,1.28
2013.12.27 14:35:30.225,1.22405,1.22415,1.38,1.13
2013.12.27 14:35:30.781,1.22404,1.22415,1.53,2.18
2013.12.27 14:35:31.314,1.22404,1.22415,1.53,1.13
2013.12.27 14:35:31.543,1.22406,1.22415,1.20,1.13
2013.12.27 14:35:31.594,1.22406,1.22415,1.20,1.13
2013.12.27 14:35:31.696,1.22406,1.22416,1.13,2.63
2013.12.27 14:35:34.435,1.22406,1.22416,1.00,1.13
2013.12.27 14:35:34.738,1.22403,1.22416,2.40,1.13
2013.12.27 14:35:34.839,1.22404,1.22416,1.10,1.13
2013.12.27 14:35:37.857,1.22404,1.22413,1.00,3.83
2013.12.27 14:35:38.393,1.22403,1.22413,1.00,4.58
2013.12.27 14:35:38.697,1.22398,1.22408,1.13,1.13
2013.12.27 14:35:38.902,1.22402,1.22408,1.00,1.18
2013.12.27 14:35:43.368,1.224,1.22408,1.38,1.13
2013.12.27 14:35:44.138,1.22398,1.22408,1.58,1.13
2013.12.27 14:35:44.392,1.224,1.22408,1.38,1.10
2013.12.27 14:35:44.494,1.224,1.22408,1.48,1.13
2013.12.27 14:35:44.595,1.224,1.2241,1.48,1.20
2013.12.27 14:35:44.808,1.224,1.2241,1.48,1.13
2013.12.27 14:35:44.909,1.22403,1.2241,1.00,1.20
2013.12.27 14:35:45.172,1.22399,1.2241,1.18,1.13
2013.12.27 14:35:45.274,1.22403,1.2241,1.00,1.20
2013.12.27 14:35:45.476,1.22399,1.2241,1.18,1.13
2013.12.27 14:35:45.577,1.22403,1.2241,1.00,1.58
2013.12.27 14:35:46.066,1.22401,1.22412,1.00,1.28
2013.12.27 14:35:46.766,1.22401,1.22412,1.00,1.20
2013.12.27 14:35:47.031,1.22403,1.22411,1.00,3.45
2013.12.27 14:35:47.209,1.22403,1.22411,1.00,4.90
2013.12.27 14:35:47.361,1.22399,1.22411,1.00,4.58
2013.12.27 14:35:48.002,1.22403,1.22411,1.00,4.02
2013.12.27 14:35:49.791,1.22402,1.22411,1.00,3.46
2013.12.27 14:35:51.078,1.22402,1.22411,1.00,3.45
2013.12.27 14:35:51.331,1.22403,1.22411,1.00,3.46
2013.12.27 14:35:51.432,1.224,1.2241,1.00,1.13
2013.12.27 14:35:51.736,1.22396,1.22406,1.13,1.13
2013.12.27 14:35:51.787,1.22402,1.22407,1.00,1.13
2013.12.27 14:35:52.243,1.22397,1.22407,1.43,1.13
2013.12.27 14:35:52.344,1.224,1.22408,1.38,2.89
2013.12.27 14:35:52.396,1.22404,1.22409,1.00,1.28
2013.12.27 14:35:52.649,1.224,1.22409,1.38,1.13
2013.12.27 14:35:55.854,1.22403,1.22409,1.00,1.28
2013.12.27 14:35:58.033,1.22403,1.22409,1.00,1.28
2013.12.27 14:36:02.485,1.22403,1.2241,1.00,1.20
2013.12.27 14:36:02.665,1.22403,1.2241,1.00,1.13
2013.12.27 14:36:04.739,1.22403,1.2241,1.00,1.28
2013.12.27 14:36:05.094,1.22399,1.2241,1.20,1.13
2013.12.27 14:36:06.864,1.22399,1.2241,1.20,2.71
2013.12.27 14:36:07.084,1.22399,1.2241,1.13,2.40
2013.12.27 14:36:07.641,1.22403,1.2241,1.00,1.97
2013.12.27 14:36:07.843,1.22403,1.22412,1.00,1.28
2013.12.27 14:36:09.622,1.22403,1.22412,2.85,1.28
2013.12.27 14:36:09.724,1.22407,1.22412,1.00,1.20
2013.12.27 14:36:10.027,1.22408,1.22413,1.13,2.07
2013.12.27 14:36:12.987,1.22408,1.22413,1.13,1.13
2013.12.27 14:36:14.313,1.22408,1.22413,1.00,1.13
2013.12.27 14:36:14.667,1.22402,1.22413,2.18,1.13
2013.12.27 14:36:14.719,1.22408,1.22415,1.00,2.52
2013.12.27 14:36:14.820,1.22409,1.22415,1.00,2.44
2013.12.27 14:36:15.022,1.22408,1.22415,1.00,3.08
2013.12.27 14:36:15.124,1.22404,1.22415,1.13,1.13
2013.12.27 14:36:15.175,1.22408,1.22415,1.00,1.13
2013.12.27 14:36:15.428,1.22408,1.22415,1.00,1.13
2013.12.27 14:36:18.362,1.22404,1.22414,2.55,1.13
2013.12.27 14:36:18.514,1.22403,1.22414,3.15,1.13
2013.12.27 14:36:18.615,1.22403,1.22413,1.58,1.13
2013.12.27 14:36:21.680,1.22406,1.22413,1.00,1.13
2013.12.27 14:36:21.731,1.22408,1.22413,1.00,1.13
2013.12.27 14:36:21.832,1.22401,1.22411,2.93,1.13
2013.12.27 14:36:21.934,1.22403,1.22411,1.00,1.13
2013.12.27 14:36:22.485,1.22402,1.22411,1.95,1.13
2013.12.27 14:36:25.114,1.224,1.2241,1.00,1.13
2013.12.27 14:36:25.477,1.22403,1.22409,1.00,3.38
2013.12.27 14:36:25.578,1.22404,1.2241,1.00,2.82
2013.12.27 14:36:26.243,1.224,1.22409,1.00,3.76
2013.12.27 14:36:26.446,1.22403,1.22409,1.00,1.13
2013.12.27 14:36:27.361,1.224,1.22409,1.50,1.13
2013.12.27 14:36:28.415,1.22399,1.22409,1.00,1.13
2013.12.27 14:36:28.768,1.22396,1.22407,2.55,1.13
2013.12.27 14:36:28.819,1.22399,1.22407,2.25,1.13
2013.12.27 14:36:29.360,1.22396,1.22406,4.73,1.06
2013.12.27 14:36:29.512,1.22399,1.22406,1.13,1.06
2013.12.27 14:36:29.764,1.224,1.22408,1.13,1.21
2013.12.27 14:36:30.271,1.22398,1.22408,3.75,1.14
2013.12.27 14:36:30.322,1.22398,1.22408,3.38,1.06
2013.12.27 14:36:30.625,1.22398,1.22407,1.95,2.94
2013.12.27 14:36:30.676,1.22398,1.22407,1.65,2.44
2013.12.27 14:36:30.954,1.22397,1.22407,3.00,1.06
2013.12.27 14:36:38.154,1.22399,1.2241,1.20,1.18
2013.12.27 14:36:38.204,1.224,1.22412,2.33,1.13
2013.12.27 14:36:38.255,1.224,1.22413,2.33,1.20
2013.12.27 14:36:38.804,1.22402,1.22414,1.18,1.28
2013.12.27 14:36:40.521,1.22402,1.22414,1.18,1.13
2013.12.27 14:36:41.051,1.22402,1.22413,1.00,2.18
2013.12.27 14:36:44.065,1.22399,1.22412,1.28,1.13
2013.12.27 14:36:44.217,1.224,1.22412,1.00,3.83
2013.12.27 14:36:44.781,1.22399,1.22412,1.20,3.83
2013.12.27 14:36:44.831,1.22399,1.22409,1.20,1.13
2013.12.27 14:36:44.933,1.22399,1.22411,1.20,1.28
2013.12.27 14:36:44.984,1.22399,1.22411,1.65,1.20
2013.12.27 14:36:45.490,1.22398,1.22411,5.33,1.13
2013.12.27 14:36:47.139,1.22398,1.22411,3.15,3.76
2013.12.27 14:36:48.445,1.22398,1.22411,3.08,3.83
2013.12.27 14:36:50.548,1.22398,1.22409,2.70,1.13
2013.12.27 14:36:50.599,1.22398,1.22409,3.08,1.13
2013.12.27 14:36:52.092,1.22398,1.22409,2.40,1.20
2013.12.27 14:36:52.548,1.22398,1.22412,2.40,4.95
2013.12.27 14:37:04.076,1.22399,1.22412,1.20,5.33
2013.12.27 14:37:04.379,1.22399,1.22411,1.20,1.13
2013.12.27 14:37:04.730,1.22399,1.22411,1.20,1.28
2013.12.27 14:37:08.204,1.22398,1.22411,3.25,1.13
2013.12.27 14:37:08.407,1.22398,1.22411,3.15,1.28
2013.12.27 14:37:08.880,1.22399,1.22411,1.22,1.20
2013.12.27 14:37:09.133,1.22399,1.22411,1.85,1.20
2013.12.27 14:37:11.521,1.22398,1.22411,3.25,1.20
2013.12.27 14:37:11.572,1.22398,1.22411,3.25,1.13
2013.12.27 14:37:12.608,1.22398,1.22411,3.25,1.20
2013.12.27 14:37:13.049,1.22398,1.22412,2.50,2.18
2013.12.27 14:37:13.151,1.22398,1.22411,2.50,3.45
2013.12.27 14:37:13.892,1.22398,1.22411,3.17,3.83
2013.12.27 14:37:14.043,1.22398,1.22411,3.17,3.45
2013.12.27 14:37:16.068,1.22399,1.22412,1.28,1.28
2013.12.27 14:37:16.992,1.22399,1.22412,1.28,1.13
2013.12.27 14:37:18.550,1.22398,1.22412,2.40,1.28
2013.12.27 14:37:20.338,1.22398,1.22412,2.40,1.13
2013.12.27 14:37:21.000,1.22398,1.22411,2.33,3.45
2013.12.27 14:37:21.304,1.224,1.22411,1.38,5.33
2013.12.27 14:37:21.658,1.22398,1.22409,1.95,1.13
2013.12.27 14:37:22.794,1.22397,1.22409,1.13,4.21
2013.12.27 14:37:22.997,1.22396,1.22405,1.00,6.75
2013.12.27 14:37:23.149,1.22394,1.22403,1.00,3.46
2013.12.27 14:37:23.801,1.22394,1.22402,1.00,3.46
2013.12.27 14:37:24.420,1.22393,1.22402,6.75,3.46
2013.12.27 14:37:27.216,1.22393,1.22402,6.75,3.83
2013.12.27 14:37:27.523,1.22386,1.22401,1.65,7.88
2013.12.27 14:37:27.980,1.22384,1.224,3.08,6.33
2013.12.27 14:37:28.559,1.22385,1.224,1.53,9.06
2013.12.27 14:37:30.605,1.22385,1.22398,1.55,4.13
2013.12.27 14:37:31.112,1.22382,1.22396,1.15,5.70
2013.12.27 14:37:31.620,1.22382,1.22396,1.18,5.70
2013.12.27 14:37:34.693,1.22382,1.22396,1.18,4.95
2013.12.27 14:37:37.007,1.22382,1.22396,1.18,5.33
2013.12.27 14:37:38.355,1.22382,1.22396,1.47,3.83
2013.12.27 14:37:39.003,1.22382,1.22396,2.03,3.83
2013.12.27 14:37:39.273,1.22382,1.22396,4.39,1.58
2013.12.27 14:37:39.374,1.22382,1.22396,1.65,4.96
2013.12.27 14:37:39.895,1.22382,1.22396,1.18,3.45
2013.12.27 14:37:43.112,1.22382,1.22396,1.47,2.33
2013.12.27 14:37:43.164,1.22384,1.22397,1.28,1.65
2013.12.27 14:37:43.468,1.22384,1.22397,3.83,1.58
2013.12.27 14:37:44.914,1.22385,1.22397,1.15,2.71
2013.12.27 14:37:45.167,1.22385,1.22397,1.15,2.70
2013.12.27 14:37:45.319,1.22385,1.22398,1.10,4.39
2013.12.27 14:37:46.524,1.22385,1.22398,1.15,1.65
2013.12.27 14:37:57.319,1.22383,1.22398,5.22,2.33
2013.12.27 14:37:57.987,1.22386,1.22398,1.00,4.95
2013.12.27 14:37:59.497,1.22386,1.22398,1.18,2.78
2013.12.27 14:37:59.598,1.22386,1.22398,1.18,1.65
2013.12.27 14:38:08.005,1.22386,1.224,3.08,2.03
2013.12.27 14:38:08.585,1.22386,1.22401,3.08,4.47
2013.12.27 14:38:11.684,1.22386,1.22401,2.33,3.15
2013.12.27 14:38:12.158,1.22386,1.22401,2.33,4.28
2013.12.27 14:38:12.808,1.22386,1.22401,2.33,4.66
2013.12.27 14:38:14.119,1.22386,1.22401,2.33,4.28
2013.12.27 14:38:14.278,1.22384,1.224,3.45,4.58
2013.12.27 14:38:18.179,1.22385,1.224,1.53,4.95
2013.12.27 14:38:18.432,1.22385,1.224,1.53,4.58
2013.12.27 14:38:19.397,1.22386,1.224,1.65,3.83
2013.12.27 14:38:19.607,1.22386,1.224,3.83,1.58
2013.12.27 14:38:20.964,1.22388,1.22401,2.03,1.15
2013.12.27 14:38:21.369,1.22387,1.22401,1.58,4.88
2013.12.27 14:38:22.539,1.22388,1.22401,1.00,5.26
2013.12.27 14:38:23.115,1.22384,1.22401,5.14,5.26
2013.12.27 14:38:24.693,1.22384,1.22401,1.65,6.00
2013.12.27 14:38:25.149,1.22385,1.224,1.53,4.21
2013.12.27 14:38:26.384,1.22386,1.224,1.65,4.20
2013.12.27 14:38:27.019,1.22385,1.224,2.33,2.70
2013.12.27 14:38:27.738,1.22384,1.224,3.08,6.38
2013.12.27 14:38:28.306,1.22383,1.22399,3.90,4.88
2013.12.27 14:38:45.697,1.22385,1.22399,1.09,1.65
2013.12.27 14:38:47.698,1.22383,1.22399,2.52,10.13
2013.12.27 14:38:48.089,1.22386,1.22399,3.19,2.33
2013.12.27 14:38:48.243,1.22386,1.22402,3.27,3.08
2013.12.27 14:38:49.080,1.22389,1.22402,1.20,3.08
2013.12.27 14:38:49.231,1.22389,1.22402,1.28,1.18
2013.12.27 14:38:51.922,1.22391,1.22404,1.20,2.33
2013.12.27 14:38:52.225,1.22391,1.22405,1.97,1.15
2013.12.27 14:38:52.428,1.2239,1.22405,3.27,1.00
2013.12.27 14:38:52.853,1.2239,1.22406,2.70,2.70
2013.12.27 14:38:53.612,1.2239,1.22406,2.70,5.70
2013.12.27 14:38:53.715,1.2239,1.22405,2.70,3.40
2013.12.27 14:38:54.170,1.22394,1.22407,1.10,2.70
2013.12.27 14:38:55.321,1.22392,1.22407,1.18,2.70
2013.12.27 14:38:55.855,1.2239,1.22407,2.70,6.38
2013.12.27 14:39:00.694,1.2239,1.22406,3.08,3.73
2013.12.27 14:39:01.438,1.22396,1.22406,1.00,3.73
2013.12.27 14:39:02.198,1.22396,1.22406,1.00,4.11
2013.12.27 14:39:02.702,1.22396,1.22404,1.00,3.70
2013.12.27 14:39:06.535,1.22396,1.22404,1.00,1.00
2013.12.27 14:39:07.072,1.22394,1.22405,1.88,1.15
2013.12.27 14:39:07.613,1.22394,1.22405,1.88,3.45
2013.12.27 14:39:08.152,1.22394,1.22404,1.88,4.51
2013.12.27 14:39:08.724,1.22394,1.22405,1.88,3.45
2013.12.27 14:39:12.621,1.22394,1.22405,1.88,3.46
2013.12.27 14:39:14.534,1.22394,1.22404,1.50,5.26
2013.12.27 14:39:15.003,1.22392,1.22402,1.00,6.38
2013.12.27 14:39:15.274,1.22391,1.22402,1.13,1.65
2013.12.27 14:39:15.741,1.22391,1.22403,1.00,4.95
2013.12.27 14:39:16.378,1.22391,1.22402,1.00,5.63
2013.12.27 14:39:17.663,1.22391,1.22401,1.38,3.46
2013.12.27 14:39:18.633,1.22391,1.22402,1.48,1.65
2013.12.27 14:39:24.246,1.22391,1.22402,1.20,2.65
2013.12.27 14:39:24.297,1.22391,1.22399,1.13,3.75
2013.12.27 14:39:24.804,1.22389,1.22398,1.00,4.21
2013.12.27 14:39:25.259,1.22384,1.22398,1.95,6.20
2013.12.27 14:39:25.367,1.22387,1.22398,1.13,8.07
2013.12.27 14:39:26.831,1.22387,1.22396,1.13,2.40
2013.12.27 14:39:27.336,1.22387,1.22396,1.13,6.20
2013.12.27 14:39:28.506,1.22387,1.22396,1.38,6.95
2013.12.27 14:39:30.634,1.22385,1.22395,1.88,5.27
2013.12.27 14:39:30.735,1.22384,1.22395,1.00,8.26
2013.12.27 14:39:30.786,1.2238,1.22394,2.70,6.76
2013.12.27 14:39:31.633,1.2238,1.22393,2.70,3.46
2013.12.27 14:39:37.265,1.2238,1.22393,1.00,6.83
2013.12.27 14:39:44.615,1.22378,1.22393,1.58,6.20
2013.12.27 14:39:45.164,1.22378,1.22393,1.65,4.02
2013.12.27 14:39:47.075,1.22379,1.22394,3.45,4.09
2013.12.27 14:39:49.401,1.22379,1.22393,3.45,3.15
2013.12.27 14:39:49.577,1.22379,1.22393,3.45,2.03
2013.12.27 14:39:56.339,1.22382,1.22393,1.53,1.00
2013.12.27 14:39:56.657,1.22384,1.22393,1.00,1.13
2013.12.27 14:39:56.887,1.22384,1.22393,1.38,1.28
2013.12.27 14:39:57.506,1.22384,1.22394,1.38,3.15
2013.12.27 14:39:58.360,1.22384,1.22394,1.38,5.12
2013.12.27 14:39:58.513,1.22384,1.22394,1.38,7.02
2013.12.27 14:40:03.065,1.22383,1.22393,1.38,3.80
2013.12.27 14:40:03.777,1.22383,1.22393,1.38,2.65
2013.12.27 14:40:04.080,1.22383,1.22392,1.00,2.41
2013.12.27 14:40:04.182,1.22383,1.22392,1.00,1.10
2013.12.27 14:40:04.283,1.22383,1.22392,1.38,2.87
2013.12.27 14:40:05.061,1.22383,1.22392,1.38,1.20
2013.12.27 14:40:05.112,1.22383,1.22392,1.38,1.28
2013.12.27 14:40:08.001,1.22382,1.22393,1.38,3.83
2013.12.27 14:40:11.857,1.2238,1.22393,1.47,1.10
2013.12.27 14:40:17.245,1.22379,1.22393,4.39,1.10
2013.12.27 14:40:19.230,1.22381,1.22394,3.08,3.08
2013.12.27 14:40:19.332,1.2238,1.22394,1.47,3.08
2013.12.27 14:40:20.498,1.22379,1.22394,3.08,2.03
2013.12.27 14:40:20.549,1.22379,1.22394,3.08,2.03
2013.12.27 14:40:20.705,1.22383,1.22393,1.88,2.41
2013.12.27 14:40:22.461,1.22385,1.22393,1.88,4.20
2013.12.27 14:40:22.667,1.22385,1.22393,1.50,1.18
2013.12.27 14:40:23.656,1.22387,1.22393,1.00,1.18
2013.12.27 14:40:23.850,1.22385,1.22393,1.88,1.10
2013.12.27 14:40:29.310,1.22387,1.22393,1.00,1.74
2013.12.27 14:40:29.361,1.22387,1.22393,1.00,1.74
2013.12.27 14:40:29.411,1.22384,1.22393,1.00,1.13
2013.12.27 14:40:29.664,1.22387,1.22393,1.00,1.00
2013.12.27 14:40:29.905,1.22384,1.22393,1.38,1.00
2013.12.27 14:40:31.521,1.22383,1.22393,1.88,2.09
2013.12.27 14:40:32.718,1.22383,1.22392,1.88,2.59
2013.12.27 14:40:33.067,1.22383,1.22392,1.88,1.20
2013.12.27 14:40:33.370,1.22383,1.22392,1.50,1.72
2013.12.27 14:40:33.522,1.22378,1.22392,1.65,1.72
2013.12.27 14:40:34.709,1.2238,1.22392,1.95,3.16
2013.12.27 14:40:34.932,1.2238,1.22392,1.95,2.78
2013.12.27 14:40:36.196,1.2238,1.22391,1.88,3.46
2013.12.27 14:40:36.867,1.2238,1.22391,1.88,3.45
2013.12.27 14:40:37.039,1.2238,1.22391,1.88,3.45
2013.12.27 14:40:37.578,1.22378,1.22391,1.95,2.33
2013.12.27 14:40:40.097,1.22378,1.22391,1.95,2.33
2013.12.27 14:40:47.274,1.2238,1.22391,1.88,4.95
2013.12.27 14:40:50.329,1.22378,1.22391,1.55,4.83
2013.12.27 14:40:50.835,1.22382,1.22391,1.88,1.20
2013.12.27 14:40:51.346,1.22382,1.22392,1.88,3.34
2013.12.27 14:40:52.104,1.22382,1.22392,1.88,6.38
2013.12.27 14:40:52.537,1.22382,1.22392,1.88,1.15
2013.12.27 14:40:53.039,1.22382,1.22392,1.88,4.28
2013.12.27 14:40:54.210,1.22382,1.22392,1.88,4.28
2013.12.27 14:40:55.360,1.22382,1.22392,1.88,7.88
2013.12.27 14:40:56.392,1.22378,1.22391,1.95,3.83
2013.12.27 14:40:56.544,1.22382,1.22391,1.88,3.45
2013.12.27 14:40:56.848,1.22382,1.22391,1.50,3.98
2013.12.27 14:40:56.999,1.22382,1.22391,1.88,2.25
2013.12.27 14:40:57.050,1.22382,1.22392,1.95,1.58
2013.12.27 14:41:00.033,1.22381,1.22393,1.55,1.28
2013.12.27 14:41:00.236,1.2238,1.22394,2.25,2.40
2013.12.27 14:41:00.591,1.22384,1.22394,1.38,2.87
2013.12.27 14:41:00.895,1.22384,1.22394,1.02,1.20
2013.12.27 14:41:01.407,1.22384,1.22394,1.02,1.20
2013.12.27 14:41:02.171,1.22385,1.22394,1.38,1.20
2013.12.27 14:41:02.710,1.22383,1.22394,2.59,1.20
2013.12.27 14:41:03.317,1.22384,1.22397,1.58,3.08
2013.12.27 14:41:03.570,1.22384,1.22397,1.58,3.08
2013.12.27 14:41:07.451,1.22381,1.22396,2.70,3.91
2013.12.27 14:41:07.553,1.22381,1.22396,2.70,3.54
2013.12.27 14:41:07.603,1.2238,1.22395,3.08,3.95
2013.12.27 14:41:08.238,1.22384,1.22395,1.02,1.65
2013.12.27 14:41:08.762,1.22386,1.22395,1.00,3.08
2013.12.27 14:41:09.066,1.22386,1.22395,1.00,1.65
2013.12.27 14:41:09.571,1.22386,1.22395,1.00,3.83
2013.12.27 14:41:11.452,1.22386,1.22395,1.00,2.40
2013.12.27 14:41:13.480,1.22386,1.22395,1.00,2.22
2013.12.27 14:41:13.992,1.22386,1.22395,1.00,4.02
2013.12.27 14:41:15.007,1.22386,1.22395,1.00,1.55
2013.12.27 14:41:17.293,1.22386,1.22395,1.00,1.53
2013.12.27 14:41:17.826,1.22386,1.22395,1.00,3.45
2013.12.27 14:41:22.499,1.22386,1.22395,1.00,1.55
2013.12.27 14:41:23.656,1.22386,1.22397,1.57,3.08
2013.12.27 14:41:24.197,1.22386,1.22397,1.10,1.95
2013.12.27 14:41:26.520,1.22385,1.22397,1.00,7.58
2013.12.27 14:41:27.067,1.22386,1.22396,1.13,3.16
2013.12.27 14:41:29.570,1.22386,1.22396,1.13,2.31
2013.12.27 14:41:30.160,1.22386,1.22396,1.13,4.28
2013.12.27 14:41:31.377,1.22386,1.22395,1.00,5.59
2013.12.27 14:41:31.885,1.22385,1.22395,1.00,5.59
2013.12.27 14:41:35.228,1.22383,1.22394,1.88,2.78
2013.12.27 14:41:35.431,1.22382,1.22392,1.50,3.54
2013.12.27 14:41:35.669,1.2238,1.22392,1.48,1.09
2013.12.27 14:41:35.821,1.2238,1.22392,1.48,1.20
2013.12.27 14:41:36.631,1.22382,1.22391,1.88,3.83
2013.12.27 14:41:37.424,1.22382,1.22391,1.88,1.20
2013.12.27 14:41:38.066,1.22382,1.22391,1.88,2.40
2013.12.27 14:41:39.622,1.22379,1.22391,1.18,2.78
2013.12.27 14:41:39.724,1.22382,1.22391,1.88,2.40
2013.12.27 14:41:39.827,1.22379,1.22391,1.55,2.40
2013.12.27 14:41:40.337,1.2238,1.22391,1.95,2.40
2013.12.27 14:41:41.502,1.2238,1.22391,1.95,2.40
2013.12.27 14:41:44.243,1.2238,1.22391,1.95,3.16
2013.12.27 14:41:45.154,1.22379,1.22391,2.03,2.84
2013.12.27 14:41:45.679,1.2238,1.22391,1.95,2.59
2013.12.27 14:41:46.914,1.22378,1.22391,2.40,1.84
2013.12.27 14:41:47.839,1.22378,1.22391,1.15,2.68
2013.12.27 14:41:47.891,1.22382,1.22391,1.88,2.68
2013.12.27 14:41:48.440,1.22382,1.22391,1.88,1.20
2013.12.27 14:41:53.506,1.22382,1.22391,1.88,1.20
2013.12.27 14:41:55.045,1.22382,1.22391,1.88,2.03
2013.12.27 14:41:57.771,1.22382,1.22391,1.88,1.28
2013.12.27 14:42:00.338,1.22382,1.22391,1.88,1.13
2013.12.27 14:42:00.793,1.22382,1.22391,1.88,1.40
2013.12.27 14:42:01.096,1.22382,1.22391,1.50,2.41
2013.12.27 14:42:01.198,1.2238,1.22391,2.63,2.41
2013.12.27 14:42:01.249,1.2238,1.22391,1.88,1.84
2013.12.27 14:42:01.574,1.2238,1.22391,1.88,2.41
2013.12.27 14:42:02.238,1.2238,1.22391,1.88,3.16
2013.12.27 14:42:04.636,1.2238,1.2239,1.50,4.77
2013.12.27 14:42:04.939,1.22375,1.2239,1.15,5.52
2013.12.27 14:42:08.890,1.22375,1.22388,1.10,4.77
2013.12.27 14:42:12.266,1.22375,1.22388,1.20,5.71
2013.12.27 14:42:12.570,1.22373,1.22386,1.65,4.20
2013.12.27 14:42:13.088,1.22373,1.22385,1.58,3.54
2013.12.27 14:42:15.020,1.22373,1.22385,2.22,1.58
2013.12.27 14:42:15.350,1.22373,1.22385,2.22,1.58
2013.12.27 14:42:15.452,1.22373,1.22385,1.65,3.46
2013.12.27 14:42:15.611,1.22373,1.22385,1.58,4.06
2013.12.27 14:42:16.310,1.22373,1.22385,1.58,4.06
2013.12.27 14:42:17.552,1.22373,1.22385,1.58,3.31
2013.12.27 14:42:18.757,1.22373,1.22385,1.58,4.43
2013.12.27 14:42:19.060,1.22374,1.22385,1.18,3.61
2013.12.27 14:42:19.111,1.22374,1.22385,1.18,2.10
2013.12.27 14:42:29.184,1.22375,1.22388,1.67,2.33
2013.12.27 14:42:29.689,1.22375,1.22388,1.10,3.33
2013.12.27 14:42:37.955,1.22376,1.22388,1.13,5.95
2013.12.27 14:42:38.324,1.22378,1.22388,1.50,1.10
2013.12.27 14:42:39.492,1.22378,1.22389,1.88,1.15
2013.12.27 14:42:48.338,1.22379,1.22389,1.10,1.10
2013.12.27 14:42:52.368,1.22379,1.22389,1.10,1.20
2013.12.27 14:42:52.914,1.22379,1.22391,1.10,1.15
2013.12.27 14:42:53.695,1.22379,1.2239,1.10,2.33
2013.12.27 14:42:53.849,1.22379,1.22391,1.10,3.15
2013.12.27 14:42:54.358,1.22379,1.22391,1.00,4.58
2013.12.27 14:42:55.223,1.22381,1.22391,2.10,4.58
2013.12.27 14:42:55.479,1.22383,1.22393,1.10,1.39
2013.12.27 14:42:55.993,1.22384,1.22393,1.00,1.18
2013.12.27 14:42:57.784,1.22384,1.22393,1.00,2.78
2013.12.27 14:42:57.936,1.22382,1.22393,1.20,2.78
2013.12.27 14:42:58.240,1.22382,1.22393,1.20,2.03
2013.12.27 14:42:58.566,1.22382,1.22393,1.20,1.13
2013.12.27 14:42:59.098,1.22382,1.22393,1.20,1.20
2013.12.27 14:42:59.974,1.22382,1.22393,1.20,1.65
2013.12.27 14:43:00.428,1.22383,1.22395,1.09,2.18
2013.12.27 14:43:01.094,1.22385,1.22397,1.00,3.83
2013.12.27 14:43:05.418,1.22384,1.22397,1.20,3.08
2013.12.27 14:43:08.447,1.22384,1.22397,1.95,4.11
2013.12.27 14:43:10.235,1.22384,1.22397,1.10,3.36
2013.12.27 14:43:10.968,1.22384,1.22396,1.10,2.39
2013.12.27 14:43:11.273,1.22384,1.22393,1.00,2.78
2013.12.27 14:43:11.324,1.22384,1.22393,1.00,1.47
2013.12.27 14:43:11.829,1.22382,1.22393,1.20,1.47
2013.12.27 14:43:12.757,1.22382,1.22393,1.20,1.13
2013.12.27 14:43:12.859,1.22382,1.22393,1.20,1.74
2013.12.27 14:43:15.709,1.2238,1.22393,2.03,2.70
2013.12.27 14:43:15.861,1.2238,1.22393,2.03,4.28
2013.12.27 14:43:15.962,1.22378,1.22391,3.83,3.38
2013.12.27 14:43:16.568,1.2238,1.22392,1.95,1.47
2013.12.27 14:43:30.562,1.22384,1.22393,1.13,3.08
2013.12.27 14:43:30.666,1.2238,1.22393,2.33,3.36
2013.12.27 14:43:31.022,1.2238,1.22393,1.95,3.36
2013.12.27 14:43:31.866,1.2238,1.22393,2.52,3.33
2013.12.27 14:43:32.385,1.2238,1.22393,1.95,4.95
2013.12.27 14:43:32.923,1.2238,1.22391,1.88,4.21
2013.12.27 14:43:38.130,1.2238,1.22391,1.50,3.83
2013.12.27 14:43:38.231,1.2238,1.22391,1.50,2.33
2013.12.27 14:43:38.817,1.22379,1.22391,1.00,2.89
2013.12.27 14:43:39.326,1.2238,1.22391,1.00,2.33
2013.12.27 14:43:39.530,1.2238,1.22393,1.10,2.33
2013.12.27 14:43:39.632,1.22378,1.22393,2.78,2.33
2013.12.27 14:43:40.182,1.22379,1.22391,1.20,3.33
2013.12.27 14:43:40.471,1.22379,1.22391,1.28,1.10
2013.12.27 14:43:41.339,1.22378,1.22391,2.78,2.03
2013.12.27 14:43:41.491,1.22378,1.22391,3.27,3.08
2013.12.27 14:43:43.156,1.22378,1.22391,2.78,2.33
2013.12.27 14:43:43.207,1.22378,1.22392,2.78,1.47
2013.12.27 14:43:45.385,1.22378,1.22392,5.52,1.08
2013.12.27 14:43:45.486,1.22379,1.22392,2.33,1.10
2013.12.27 14:43:47.985,1.22379,1.22392,2.33,1.47
2013.12.27 14:43:48.036,1.22378,1.22392,2.78,1.47
2013.12.27 14:43:57.597,1.22378,1.22392,2.40,2.40
2013.12.27 14:43:57.772,1.22378,1.22391,2.33,3.46
2013.12.27 14:43:59.016,1.22378,1.22391,2.33,1.28
2013.12.27 14:43:59.579,1.22378,1.22392,2.40,1.84
2013.12.27 14:44:00.160,1.22378,1.22392,2.40,2.40
2013.12.27 14:44:00.463,1.22378,1.2239,2.33,2.33
2013.12.27 14:44:00.985,1.22378,1.2239,3.08,1.28
2013.12.27 14:44:03.285,1.22379,1.2239,1.00,1.28
2013.12.27 14:44:03.865,1.22379,1.22389,1.00,5.07
2013.12.27 14:44:04.016,1.22377,1.2239,1.18,1.28
2013.12.27 14:44:04.269,1.22376,1.2239,1.28,3.60
2013.12.27 14:44:04.673,1.22375,1.22389,1.65,5.48
2013.12.27 14:44:05.313,1.22375,1.22387,1.50,5.63
2013.12.27 14:44:07.201,1.22375,1.22387,1.58,4.58
2013.12.27 14:44:07.634,1.22373,1.22387,3.83,4.95
2013.12.27 14:44:08.292,1.22373,1.22387,3.90,1.28
2013.12.27 14:44:09.323,1.22373,1.22387,3.90,1.13
2013.12.27 14:44:23.605,1.22373,1.22385,3.15,2.63
2013.12.27 14:44:23.811,1.22373,1.22385,2.33,1.13
2013.12.27 14:44:23.862,1.22373,1.22386,2.33,3.42
2013.12.27 14:44:24.064,1.22373,1.22386,1.65,1.28
2013.12.27 14:44:24.492,1.22373,1.22386,1.58,3.45
2013.12.27 14:44:25.026,1.22373,1.22387,1.65,3.15
2013.12.27 14:44:28.261,1.22374,1.22387,1.28,1.28
2013.12.27 14:44:28.565,1.22373,1.22387,1.65,2.93
2013.12.27 14:44:28.890,1.22372,1.22385,2.25,4.08
2013.12.27 14:44:29.042,1.2237,1.22385,2.33,1.00
2013.12.27 14:44:29.143,1.22368,1.22384,3.27,4.08
2013.12.27 14:44:29.295,1.22366,1.22382,4.20,3.33
2013.12.27 14:44:31.157,1.22366,1.22382,1.28,4.21
2013.12.27 14:44:31.663,1.22366,1.22381,1.28,5.07
2013.12.27 14:44:31.976,1.22366,1.22382,2.70,3.08
2013.12.27 14:44:39.547,1.22366,1.22382,2.33,4.45
2013.12.27 14:44:39.701,1.22364,1.22378,4.95,2.30
2013.12.27 14:44:42.335,1.22364,1.22377,2.33,2.20
2013.12.27 14:44:42.812,1.22363,1.22377,2.03,1.00
2013.12.27 14:44:43.092,1.22363,1.22376,2.03,2.84
2013.12.27 14:44:43.294,1.22361,1.22374,2.78,2.65
2013.12.27 14:44:45.168,1.22361,1.22374,1.28,1.10
2013.12.27 14:44:45.484,1.22363,1.22374,1.20,1.10
2013.12.27 14:44:45.585,1.22361,1.22374,1.84,1.10
2013.12.27 14:44:45.838,1.22362,1.22374,2.33,1.00
2013.12.27 14:44:47.216,1.22362,1.22377,2.33,1.09
2013.12.27 14:44:48.206,1.22366,1.22378,1.00,3.45
2013.12.27 14:44:48.459,1.22366,1.2238,1.28,5.14
2013.12.27 14:44:50.305,1.22366,1.2238,1.28,5.10
2013.12.27 14:44:50.659,1.22368,1.2238,1.39,2.78
2013.12.27 14:44:50.710,1.22368,1.2238,4.02,1.20
2013.12.27 14:44:51.215,1.22368,1.22384,3.64,3.45
2013.12.27 14:44:52.382,1.22369,1.22384,2.33,2.70
2013.12.27 14:44:52.490,1.2237,1.22385,2.33,2.59
2013.12.27 14:44:53.099,1.2237,1.22385,3.08,2.40
2013.12.27 14:44:53.252,1.22372,1.22385,3.83,1.48
2013.12.27 14:44:53.404,1.22372,1.22385,3.83,1.77
2013.12.27 14:44:53.556,1.2237,1.22385,1.15,4.02
2013.12.27 14:44:54.419,1.2237,1.22385,2.33,2.60
2013.12.27 14:44:54.774,1.2237,1.22385,3.08,2.09
2013.12.27 14:44:55.422,1.2237,1.22385,2.89,2.28
2013.12.27 14:44:55.726,1.2237,1.22385,4.20,1.28
2013.12.27 14:44:55.778,1.22372,1.22385,2.33,1.20
2013.12.27 14:44:56.111,1.2237,1.22385,3.83,2.33
2013.12.27 14:44:56.460,1.2237,1.22385,2.33,3.91
2013.12.27 14:44:56.632,1.2237,1.22385,2.33,3.09
2013.12.27 14:44:57.059,1.2237,1.22383,2.33,2.33
2013.12.27 14:44:58.381,1.22368,1.22383,3.83,2.40
2013.12.27 14:45:00.029,1.22369,1.22383,1.15,1.20
2013.12.27 14:45:00.284,1.2237,1.22383,3.45,1.00
2013.12.27 14:45:00.486,1.22372,1.22386,3.08,3.30
2013.12.27 14:45:00.587,1.22374,1.22386,3.08,3.23
2013.12.27 14:45:01.670,1.22376,1.22391,3.08,2.70
2013.12.27 14:45:05.887,1.22377,1.22391,2.33,1.02
2013.12.27 14:45:06.393,1.22376,1.22391,1.15,2.70
2013.12.27 14:45:06.948,1.22376,1.22391,1.18,5.44
2013.12.27 14:45:07.357,1.22376,1.2239,1.18,3.83
2013.12.27 14:45:07.875,1.22376,1.2239,1.15,2.70
2013.12.27 14:45:08.427,1.22376,1.22392,3.08,3.45
2013.12.27 14:45:15.298,1.22376,1.2239,1.65,5.21
2013.12.27 14:45:15.805,1.22376,1.2239,1.18,4.46
2013.12.27 14:45:17.384,1.22376,1.2239,1.18,4.46
2013.12.27 14:45:17.435,1.22375,1.2239,1.28,4.46
2013.12.27 14:45:17.937,1.22376,1.2239,3.83,1.48
2013.12.27 14:45:18.381,1.22376,1.2239,3.83,1.48
2013.12.27 14:45:18.533,1.22375,1.2239,1.58,4.46
2013.12.27 14:45:18.735,1.22373,1.22389,3.75,4.96
2013.12.27 14:45:18.968,1.22374,1.22388,1.48,4.88
2013.12.27 14:45:19.963,1.22375,1.22388,2.70,3.03
2013.12.27 14:45:21.801,1.22374,1.22388,1.65,2.87
2013.12.27 14:45:24.155,1.22375,1.22388,1.53,1.20
2013.12.27 14:45:24.663,1.22376,1.22389,1.28,1.55
2013.12.27 14:45:25.179,1.22376,1.22389,1.20,4.59
2013.12.27 14:45:25.433,1.22376,1.22389,1.15,1.55
2013.12.27 14:45:25.771,1.22376,1.22389,1.28,2.41
2013.12.27 14:45:25.822,1.22376,1.22389,1.28,1.55
2013.12.27 14:45:25.975,1.22376,1.22389,1.28,1.55
2013.12.27 14:45:40.776,1.22376,1.22389,1.28,1.55
2013.12.27 14:45:42.682,1.22376,1.22389,1.28,1.18
2013.12.27 14:45:45.068,1.22377,1.22389,2.33,1.10
2013.12.27 14:45:45.370,1.22376,1.22389,1.28,1.20
2013.12.27 14:45:47.543,1.22374,1.22389,3.83,4.20
2013.12.27 14:45:48.065,1.22374,1.22389,1.65,4.21
2013.12.27 14:45:51.935,1.22374,1.22389,1.65,4.95
2013.12.27 14:45:52.036,1.22374,1.22387,1.58,3.46
2013.12.27 14:45:52.265,1.22374,1.22387,3.08,1.13
2013.12.27 14:45:52.316,1.22374,1.22389,3.08,1.47
2013.12.27 14:45:52.619,1.22374,1.22389,1.18,5.07
2013.12.27 14:45:54.003,1.22374,1.22389,3.08,1.00
2013.12.27 14:45:55.205,1.22374,1.22388,1.18,3.36
2013.12.27 14:46:00.857,1.22374,1.22388,1.18,4.58
2013.12.27 14:46:00.958,1.22371,1.22386,1.15,5.10
2013.12.27 14:46:01.110,1.22371,1.22385,1.10,6.16
2013.12.27 14:46:01.567,1.22373,1.22385,1.00,6.16
2013.12.27 14:46:02.078,1.22374,1.22385,1.00,6.16
2013.12.27 14:46:02.179,1.22373,1.22385,1.10,1.80
2013.12.27 14:46:02.280,1.22371,1.22385,1.10,6.16
2013.12.27 14:46:02.591,1.22368,1.22382,2.33,3.68
2013.12.27 14:46:02.642,1.22367,1.2238,1.15,2.79
2013.12.27 14:46:02.743,1.22366,1.2238,2.18,3.89
2013.12.27 14:46:03.048,1.22366,1.22378,2.93,2.41
2013.12.27 14:46:03.639,1.22366,1.22376,1.43,3.01
2013.12.27 14:46:03.740,1.22365,1.22376,1.68,2.49
2013.12.27 14:46:04.256,1.22365,1.22376,1.48,3.06
2013.12.27 14:46:08.276,1.22365,1.22376,1.48,1.10
2013.12.27 14:46:08.428,1.2237,1.22378,1.00,1.18
2013.12.27 14:46:08.529,1.2237,1.2238,1.00,1.95
2013.12.27 14:46:09.055,1.2237,1.2238,1.55,1.80
2013.12.27 14:46:09.517,1.22371,1.2238,1.28,1.05
2013.12.27 14:46:09.721,1.22373,1.22383,1.47,1.00
2013.12.27 14:46:15.764,1.22372,1.22384,2.33,1.00
2013.12.27 14:46:16.314,1.22372,1.22386,2.33,1.18
2013.12.27 14:46:17.584,1.22374,1.22386,2.33,1.00
2013.12.27 14:46:27.564,1.22376,1.22386,3.45,1.00
2013.12.27 14:46:31.274,1.22375,1.22386,1.24,1.00
2013.12.27 14:46:41.211,1.22376,1.22386,2.33,1.00
2013.12.27 14:46:41.625,1.22374,1.22386,3.64,1.00
2013.12.27 14:46:41.726,1.22376,1.22386,2.33,1.00
2013.12.27 14:46:42.266,1.22378,1.22386,1.28,1.00
2013.12.27 14:46:44.681,1.2238,1.22386,1.13,1.00
2013.12.27 14:46:44.934,1.22377,1.22386,1.24,1.00
2013.12.27 14:46:45.241,1.22374,1.22386,2.33,1.00
2013.12.27 14:46:46.556,1.22374,1.22387,3.45,1.58
2013.12.27 14:46:46.657,1.22374,1.22387,1.28,1.15
2013.12.27 14:46:46.759,1.22374,1.2239,3.45,3.08
2013.12.27 14:46:47.305,1.22376,1.2239,1.28,3.08
2013.12.27 14:46:47.408,1.22375,1.22389,1.73,4.51
2013.12.27 14:46:47.611,1.22372,1.22388,2.33,4.21
2013.12.27 14:46:57.860,1.22375,1.22388,1.28,3.08
2013.12.27 14:46:58.167,1.22379,1.22388,1.20,1.00
2013.12.27 14:46:58.924,1.22378,1.22388,1.28,1.00
2013.12.27 14:47:04.229,1.22383,1.22388,1.13,1.00
2013.12.27 14:47:04.334,1.22384,1.2239,1.13,1.00
2013.12.27 14:47:04.385,1.2238,1.2239,1.90,1.00
2013.12.27 14:47:04.436,1.22378,1.2239,2.33,1.00
2013.12.27 14:47:05.562,1.22378,1.2239,2.33,1.00
2013.12.27 14:47:05.766,1.22376,1.2239,2.33,1.00
2013.12.27 14:47:06.283,1.22376,1.2239,2.33,1.65
2013.12.27 14:47:06.636,1.22374,1.2239,2.33,4.95
2013.12.27 14:47:11.560,1.22376,1.2239,2.33,1.18
2013.12.27 14:47:11.905,1.22376,1.2239,2.25,5.33
2013.12.27 14:47:12.041,1.22374,1.2239,2.33,7.50
2013.12.27 14:47:12.171,1.22373,1.22389,1.15,6.38
2013.12.27 14:47:13.173,1.22374,1.22389,2.33,2.33
2013.12.27 14:47:13.714,1.22374,1.2239,2.33,3.83
2013.12.27 14:47:15.794,1.22373,1.2239,3.83,4.77
2013.12.27 14:47:16.331,1.22373,1.22389,1.15,6.38
2013.12.27 14:47:18.050,1.22371,1.22388,3.98,4.58
2013.12.27 14:47:18.868,1.22371,1.22387,1.80,5.26
2013.12.27 14:47:21.321,1.2237,1.22385,3.45,1.00
2013.12.27 14:47:21.473,1.22368,1.22384,5.85,4.45
2013.12.27 14:47:22.020,1.22369,1.22384,1.05,3.33
2013.12.27 14:47:23.642,1.22368,1.22382,3.60,2.41
2013.12.27 14:47:25.301,1.22368,1.22382,3.00,4.08
2013.12.27 14:47:25.704,1.22368,1.22382,5.18,1.18
2013.12.27 14:47:32.088,1.22368,1.22382,5.33,1.00
2013.12.27 14:47:32.596,1.22368,1.22382,5.33,1.10
2013.12.27 14:47:37.930,1.22368,1.22382,6.45,1.13
2013.12.27 14:47:38.587,1.22368,1.22381,4.58,2.47
2013.12.27 14:47:38.914,1.22368,1.2238,4.58,2.88
2013.12.27 14:47:39.217,1.22368,1.2238,1.88,5.33
2013.12.27 14:47:39.369,1.22368,1.22379,1.38,2.30
2013.12.27 14:47:39.911,1.22368,1.22379,1.55,2.20
2013.12.27 14:47:41.124,1.22368,1.22379,1.55,1.57
2013.12.27 14:47:41.645,1.22367,1.22379,2.33,1.95
2013.12.27 14:47:41.805,1.22367,1.22379,2.33,2.30
2013.12.27 14:47:42.108,1.22368,1.22379,2.78,1.88
2013.12.27 14:47:44.852,1.22368,1.22379,2.40,1.00
2013.12.27 14:47:44.903,1.22368,1.22379,2.03,1.00
2013.12.27 14:47:44.954,1.22368,1.22379,2.03,1.00
2013.12.27 14:47:45.261,1.22368,1.22379,1.55,1.00
2013.12.27 14:47:45.363,1.22366,1.22379,3.08,1.00
2013.12.27 14:47:45.817,1.22366,1.22379,3.08,1.00
2013.12.27 14:47:52.671,1.22366,1.22379,3.08,2.20
2013.12.27 14:47:52.722,1.22366,1.22379,3.08,2.20
2013.12.27 14:47:52.874,1.22366,1.22379,3.08,1.20
2013.12.27 14:47:53.227,1.22366,1.22379,3.08,1.10
2013.12.27 14:47:53.770,1.22366,1.22379,3.08,1.10
2013.12.27 14:47:54.027,1.22366,1.22379,3.08,1.95
2013.12.27 14:47:55.642,1.22366,1.22379,3.08,1.39
2013.12.27 14:47:58.490,1.22366,1.2238,3.08,1.18
2013.12.27 14:48:00.752,1.22366,1.22381,3.08,1.15
2013.12.27 14:48:00.904,1.2237,1.22381,2.70,1.00
2013.12.27 14:48:03.688,1.2237,1.22381,3.08,1.00
2013.12.27 14:48:04.143,1.2237,1.22381,2.70,1.00
2013.12.27 14:48:05.538,1.22368,1.22382,2.70,1.18
2013.12.27 14:48:06.747,1.22368,1.22382,2.70,1.65
2013.12.27 14:48:11.704,1.22368,1.22382,2.70,1.00
2013.12.27 14:48:12.213,1.22366,1.22381,3.08,2.49
2013.12.27 14:48:12.519,1.22369,1.22382,1.53,1.18
2013.12.27 14:48:20.291,1.22369,1.22382,1.53,1.13
2013.12.27 14:48:20.343,1.22369,1.22382,1.53,1.13
2013.12.27 14:48:20.445,1.22369,1.22382,1.53,1.74
2013.12.27 14:48:23.519,1.22369,1.22382,1.53,1.18
2013.12.27 14:48:26.478,1.22369,1.22382,1.90,2.03
2013.12.27 14:48:26.999,1.22368,1.22382,4.95,1.88
2013.12.27 14:48:27.557,1.22368,1.22382,4.20,1.88
2013.12.27 14:48:31.669,1.22369,1.22382,1.53,2.40
2013.12.27 14:48:32.833,1.22369,1.22382,2.70,1.65
2013.12.27 14:48:33.457,1.22369,1.22382,2.70,1.58
2013.12.27 14:48:38.205,1.22369,1.22382,3.45,1.10
2013.12.27 14:48:42.571,1.22368,1.22382,3.45,1.58
2013.12.27 14:48:52.409,1.22369,1.22382,1.84,1.15
2013.12.27 14:48:54.258,1.2237,1.22382,1.58,1.10
2013.12.27 14:48:54.461,1.22371,1.22385,1.65,2.70
2013.12.27 14:48:54.915,1.22371,1.22385,1.28,2.33
2013.12.27 14:48:55.218,1.22374,1.22385,1.13,2.33
2013.12.27 14:48:55.370,1.22374,1.22388,1.28,3.08
2013.12.27 14:48:55.624,1.22374,1.22388,2.33,1.15
2013.12.27 14:48:55.776,1.22372,1.22388,2.33,4.21
2013.12.27 14:48:56.277,1.22372,1.22388,2.89,3.33
2013.12.27 14:48:56.801,1.22372,1.22388,2.89,3.36
2013.12.27 14:48:59.175,1.22374,1.22388,1.28,3.36
2013.12.27 14:49:04.614,1.22373,1.22388,1.28,3.08
2013.12.27 14:49:04.716,1.22376,1.22388,1.20,3.08
2013.12.27 14:49:04.968,1.22372,1.22388,3.45,3.08
2013.12.27 14:49:05.047,1.22374,1.22388,2.89,1.15
2013.12.27 14:49:05.159,1.22372,1.22388,3.45,3.08
2013.12.27 14:49:18.564,1.2237,1.22385,1.55,5.26
2013.12.27 14:49:18.868,1.22371,1.22386,1.09,3.08
2013.12.27 14:49:20.383,1.2237,1.22385,3.45,4.21
2013.12.27 14:49:20.434,1.2237,1.22385,1.55,6.38
2013.12.27 14:49:26.741,1.2237,1.22384,1.93,4.67
2013.12.27 14:49:26.994,1.2237,1.22384,4.02,1.15
2013.12.27 14:49:27.112,1.22369,1.22384,2.40,4.96
2013.12.27 14:49:27.315,1.22369,1.22384,1.90,5.81
2013.12.27 14:49:29.684,1.22371,1.22383,1.00,6.57
2013.12.27 14:49:31.973,1.22368,1.22382,3.38,4.21
2013.12.27 14:49:35.507,1.22368,1.22382,5.52,1.30
2013.12.27 14:49:36.034,1.22368,1.22382,4.77,1.13
2013.12.27 14:49:36.357,1.22368,1.22382,2.59,3.30
2013.12.27 14:49:40.309,1.22371,1.22383,1.39,2.33
2013.12.27 14:49:40.561,1.22373,1.22386,1.10,3.19
2013.12.27 14:50:01.169,1.22376,1.22386,2.44,3.08
2013.12.27 14:50:01.270,1.22376,1.22386,1.75,3.08
2013.12.27 14:50:01.322,1.22378,1.22391,2.33,3.32
2013.12.27 14:50:01.831,1.22378,1.22392,3.15,1.28
2013.12.27 14:50:02.288,1.22378,1.22391,1.50,4.51
2013.12.27 14:50:04.566,1.22374,1.22389,2.33,4.64
2013.12.27 14:50:04.617,1.22373,1.22389,6.15,6.57
2013.12.27 14:50:05.682,1.22379,1.22389,1.13,6.01
2013.12.27 14:50:05.788,1.22376,1.22389,1.25,5.26
2013.12.27 14:50:08.102,1.22375,1.22389,1.10,5.38
2013.12.27 14:50:08.880,1.22376,1.22389,1.00,5.38
2013.12.27 14:50:11.081,1.22374,1.22389,1.47,6.01
2013.12.27 14:50:12.731,1.22375,1.22388,1.20,4.08
2013.12.27 14:50:13.265,1.22375,1.22388,1.10,3.08
2013.12.27 14:50:16.404,1.22375,1.22387,1.00,4.51
2013.12.27 14:50:17.242,1.22376,1.22387,1.00,5.63
2013.12.27 14:50:17.344,1.22374,1.22387,1.00,5.07
2013.12.27 14:50:17.851,1.22372,1.22387,1.18,5.63
2013.12.27 14:50:18.427,1.22372,1.22387,1.15,2.89
2013.12.27 14:50:18.478,1.22372,1.22388,3.08,2.89
2013.12.27 14:50:18.681,1.22374,1.2239,2.33,5.94
2013.12.27 14:50:19.010,1.22372,1.22389,3.45,5.07
2013.12.27 14:50:21.648,1.22372,1.22388,1.28,4.21
2013.12.27 14:50:22.473,1.22372,1.22387,1.28,5.63
2013.12.27 14:50:29.674,1.22372,1.22387,4.77,2.33
2013.12.27 14:50:30.379,1.22372,1.22388,5.33,3.18
2013.12.27 14:50:33.051,1.22375,1.22388,1.00,5.05
2013.12.27 14:50:33.102,1.2237,1.22387,4.58,5.63
2013.12.27 14:50:33.304,1.22372,1.22387,2.70,1.28
2013.12.27 14:50:34.823,1.22371,1.22387,3.45,2.33
2013.12.27 14:50:35.459,1.22373,1.22387,1.20,2.33
2013.12.27 14:50:36.007,1.22373,1.22388,1.28,2.33
2013.12.27 14:50:36.854,1.22375,1.22388,1.20,2.33
2013.12.27 14:50:37.360,1.22374,1.22388,1.28,3.08
2013.12.27 14:50:37.947,1.22375,1.22388,1.20,4.08
2013.12.27 14:50:38.459,1.22372,1.22388,2.85,3.83
2013.12.27 14:50:38.762,1.2237,1.22387,3.83,4.96
2013.12.27 14:50:39.267,1.22372,1.22386,1.20,4.51
2013.12.27 14:50:40.199,1.22369,1.22386,4.77,5.07
2013.12.27 14:50:40.401,1.22372,1.22386,1.20,4.51
2013.12.27 14:50:40.503,1.22371,1.22386,1.17,4.51
2013.12.27 14:50:40.553,1.22371,1.22386,3.34,2.33
2013.12.27 14:50:40.857,1.22375,1.22387,1.13,3.08
2013.12.27 14:50:41.801,1.22371,1.22386,4.88,3.36
2013.12.27 14:50:42.558,1.2237,1.22385,1.47,3.33
2013.12.27 14:50:45.125,1.22371,1.22385,3.08,1.39
2013.12.27 14:50:45.227,1.2237,1.22382,1.32,3.38
2013.12.27 14:50:45.539,1.22371,1.22384,1.58,3.83
2013.12.27 14:50:45.742,1.22371,1.22384,1.65,1.65
2013.12.27 14:50:45.983,1.22371,1.22384,1.65,1.20
2013.12.27 14:50:46.292,1.22369,1.22383,1.85,6.17
2013.12.27 14:50:46.647,1.22369,1.22383,2.03,4.06
2013.12.27 14:50:46.698,1.22369,1.22383,2.03,2.33
2013.12.27 14:50:47.221,1.2237,1.22383,1.48,3.57
2013.12.27 14:50:47.751,1.22371,1.22383,1.25,2.56
2013.12.27 14:50:47.903,1.22369,1.22385,3.08,5.90
2013.12.27 14:50:48.004,1.22369,1.2238,2.33,2.26
2013.12.27 14:50:48.105,1.22366,1.2238,3.83,3.46
2013.12.27 14:50:48.257,1.22366,1.22378,1.50,5.24
2013.12.27 14:50:48.800,1.2236,1.22376,4.58,4.58
2013.12.27 14:50:49.334,1.22362,1.22376,1.09,2.45
2013.12.27 14:50:50.070,1.22368,1.22376,1.13,2.45
2013.12.27 14:50:50.222,1.22369,1.22378,1.25,1.70
2013.12.27 14:50:50.375,1.22369,1.22378,1.02,1.12
2013.12.27 14:50:50.832,1.2237,1.2238,1.58,1.10
2013.12.27 14:50:51.035,1.2237,1.22383,1.02,4.70
2013.12.27 14:50:51.085,1.22373,1.22383,1.13,4.70
2013.12.27 14:50:51.490,1.2237,1.22383,1.50,3.20
2013.12.27 14:50:53.229,1.22369,1.22384,3.26,1.77
2013.12.27 14:50:54.210,1.22367,1.22384,2.96,6.69
2013.12.27 14:50:54.604,1.22367,1.22384,2.96,6.69
2013.12.27 14:50:54.705,1.22367,1.22382,2.70,2.41
2013.12.27 14:50:54.857,1.22368,1.22381,1.48,4.59
2013.12.27 14:50:55.111,1.22364,1.2238,4.09,4.40
2013.12.27 14:50:55.212,1.22365,1.22381,2.70,3.83
2013.12.27 14:50:56.291,1.22365,1.22381,2.63,6.76
2013.12.27 14:50:56.594,1.2236,1.22371,1.10,1.13
2013.12.27 14:50:56.696,1.2236,1.22372,1.83,3.45
2013.12.27 14:50:56.899,1.22362,1.22372,1.38,3.98
2013.12.27 14:50:57.083,1.22362,1.22372,1.88,3.98
2013.12.27 14:50:57.185,1.22362,1.22372,1.88,1.17
2013.12.27 14:50:57.692,1.22362,1.22372,1.38,1.28
2013.12.27 14:50:58.198,1.22362,1.22372,1.13,1.28
2013.12.27 14:51:01.670,1.2236,1.22372,1.55,1.28
2013.12.27 14:51:02.075,1.22361,1.22374,1.20,1.28
2013.12.27 14:51:02.378,1.2236,1.22374,2.21,2.33
2013.12.27 14:51:02.682,1.22362,1.22375,3.15,1.10
2013.12.27 14:51:02.985,1.22361,1.22374,1.13,3.46
2013.12.27 14:51:03.293,1.22361,1.22375,3.45,1.28
2013.12.27 14:51:03.496,1.22363,1.22379,3.08,3.45
2013.12.27 14:51:03.799,1.22362,1.22378,3.08,4.40
2013.12.27 14:51:04.345,1.22361,1.22378,2.70,7.88
2013.12.27 14:51:04.649,1.22361,1.22375,2.70,3.68
2013.12.27 14:51:05.183,1.2236,1.22375,4.20,5.18
2013.12.27 14:51:05.727,1.22361,1.22375,1.28,3.12
2013.12.27 14:51:07.650,1.22361,1.22375,1.28,3.15
2013.12.27 14:51:07.802,1.22362,1.22375,1.16,2.31
2013.12.27 14:51:08.208,1.22362,1.22375,1.18,3.16
2013.12.27 14:51:08.736,1.22362,1.22374,1.00,4.21
2013.12.27 14:51:09.278,1.22361,1.22374,1.20,4.58
2013.12.27 14:51:09.582,1.22358,1.22369,1.50,1.13
2013.12.27 14:51:09.634,1.2236,1.22369,1.00,1.28
2013.12.27 14:51:09.950,1.22358,1.22369,1.50,1.13
2013.12.27 14:51:10.805,1.22357,1.22369,1.10,1.13
2013.12.27 14:51:11.473,1.22353,1.22366,1.10,4.28
2013.12.27 14:51:11.574,1.22353,1.22366,1.15,1.20
2013.12.27 14:51:11.732,1.22353,1.22366,1.15,1.13
2013.12.27 14:51:11.783,1.22353,1.22366,1.10,4.28
2013.12.27 14:51:17.293,1.22348,1.22365,4.58,5.93
2013.12.27 14:51:19.293,1.2235,1.22365,1.65,2.89
2013.12.27 14:51:19.344,1.2235,1.22365,3.83,1.09
2013.12.27 14:51:20.426,1.22355,1.22366,1.00,2.33
2013.12.27 14:51:20.577,1.22352,1.22368,3.08,4.20
2013.12.27 14:51:21.469,1.22352,1.22368,3.08,6.76
2013.12.27 14:51:21.520,1.22352,1.22367,1.18,5.07
2013.12.27 14:51:23.780,1.22352,1.22367,3.15,2.25
2013.12.27 14:51:23.831,1.22353,1.22368,3.15,2.40
2013.12.27 14:51:23.933,1.22351,1.22368,3.34,6.57
2013.12.27 14:51:24.236,1.22353,1.22368,2.33,3.45
2013.12.27 14:51:24.287,1.22352,1.22368,1.15,6.38
2013.12.27 14:51:25.646,1.22352,1.22367,1.15,4.58
2013.12.27 14:51:25.798,1.2235,1.22366,1.15,5.63
2013.12.27 14:51:29.389,1.22351,1.22366,2.33,4.20
2013.12.27 14:51:29.893,1.22351,1.22366,3.15,1.15
2013.12.27 14:51:30.602,1.22351,1.22364,2.25,2.78
2013.12.27 14:51:30.703,1.22351,1.22364,1.10,4.21
2013.12.27 14:51:32.988,1.22348,1.22363,2.33,2.78
2013.12.27 14:51:33.191,1.22346,1.22362,3.90,3.36
2013.12.27 14:51:33.292,1.22348,1.22362,2.59,1.00
2013.12.27 14:51:35.795,1.2235,1.22362,2.59,1.00
2013.12.27 14:51:35.846,1.2235,1.22364,2.59,1.77
2013.12.27 14:51:36.360,1.2235,1.22364,2.59,1.18
2013.12.27 14:51:36.961,1.2235,1.22365,3.15,2.40
2013.12.27 14:51:37.062,1.22352,1.22365,3.15,2.33
2013.12.27 14:51:37.574,1.22354,1.22365,2.33,1.00
2013.12.27 14:51:38.528,1.22353,1.22365,2.59,1.10
2013.12.27 14:51:39.080,1.22352,1.22365,3.15,1.10
2013.12.27 14:51:39.453,1.22352,1.22365,2.33,1.00
2013.12.27 14:51:39.605,1.2235,1.22364,1.27,5.26
2013.12.27 14:51:39.707,1.2235,1.22365,3.52,1.15
2013.12.27 14:51:39.910,1.2235,1.22365,1.00,1.13
2013.12.27 14:51:39.961,1.2235,1.22365,1.09,1.08
2013.12.27 14:51:40.315,1.22351,1.22365,3.15,1.08
2013.12.27 14:51:40.466,1.22355,1.22367,1.41,1.10
2013.12.27 14:51:46.051,1.22352,1.22367,3.90,1.15
2013.12.27 14:51:46.354,1.22354,1.2237,2.33,3.79
2013.12.27 14:51:48.909,1.22354,1.22369,3.08,4.11
2013.12.27 14:51:48.960,1.22354,1.22368,1.18,5.71
2013.12.27 14:51:49.061,1.22354,1.22367,1.00,6.76
2013.12.27 14:51:49.163,1.22353,1.22366,1.15,2.87
2013.12.27 14:51:49.213,1.22352,1.22366,2.33,3.16
2013.12.27 14:51:49.264,1.2235,1.22365,2.33,2.40
2013.12.27 14:51:49.776,1.2235,1.22364,2.33,2.41
2013.12.27 14:51:50.089,1.22348,1.22363,3.83,2.41
2013.12.27 14:51:50.871,1.22348,1.22361,2.33,1.13
2013.12.27 14:51:51.023,1.22347,1.22361,1.15,1.13
2013.12.27 14:51:51.779,1.22346,1.22361,3.83,2.33
2013.12.27 14:51:52.097,1.22346,1.22361,3.08,2.41
2013.12.27 14:51:52.611,1.22346,1.22361,3.08,2.71
2013.12.27 14:51:54.280,1.22344,1.2236,3.08,3.75
2013.12.27 14:51:54.795,1.22346,1.2236,1.18,3.46
2013.12.27 14:51:56.768,1.22346,1.22361,4.95,3.45
2013.12.27 14:51:57.624,1.22346,1.22361,2.33,4.29
2013.12.27 14:52:00.250,1.22346,1.22361,3.83,1.13
2013.12.27 14:52:00.301,1.22346,1.2236,1.65,3.46
2013.12.27 14:52:00.353,1.22346,1.2236,1.65,4.13
2013.12.27 14:52:00.858,1.22346,1.22357,1.50,4.20
2013.12.27 14:52:01.239,1.22346,1.22357,1.50,4.21
2013.12.27 14:52:01.342,1.22346,1.22357,1.50,3.83
2013.12.27 14:52:01.493,1.22343,1.22357,1.18,3.83
2013.12.27 14:52:01.544,1.22343,1.22357,1.18,4.21
2013.12.27 14:52:02.061,1.22343,1.22357,1.18,3.83
2013.12.27 14:52:03.286,1.22341,1.22356,2.33,3.01
2013.12.27 14:52:03.541,1.22335,1.2235,1.15,6.75
2013.12.27 14:52:03.642,1.22335,1.22347,1.15,2.33
2013.12.27 14:52:03.693,1.22335,1.22347,1.10,2.41
2013.12.27 14:52:03.845,1.22334,1.22347,1.18,1.20
2013.12.27 14:52:04.047,1.22333,1.22346,1.28,2.41
2013.12.27 14:52:04.199,1.22332,1.22346,3.08,1.20
2013.12.27 14:52:04.300,1.22332,1.22346,3.08,1.13
2013.12.27 14:52:04.455,1.22333,1.22346,1.10,3.45
2013.12.27 14:52:04.825,1.22333,1.22346,1.58,3.45
2013.12.27 14:52:06.982,1.22335,1.22347,1.65,1.02
2013.12.27 14:52:07.184,1.22336,1.22348,2.70,1.10
2013.12.27 14:52:07.767,1.22336,1.2235,2.70,2.22
2013.12.27 14:52:08.084,1.22335,1.2235,1.65,6.75
2013.12.27 14:52:08.338,1.22335,1.22349,1.58,5.26
2013.12.27 14:52:08.599,1.22335,1.22349,2.22,1.15
2013.12.27 14:52:08.903,1.22336,1.22348,1.20,2.65
2013.12.27 14:52:08.954,1.22336,1.22347,1.00,4.48
2013.12.27 14:52:09.005,1.22336,1.22347,1.00,4.48
2013.12.27 14:52:09.106,1.22335,1.22346,1.00,4.64
2013.12.27 14:52:09.612,1.22336,1.22346,2.33,1.00
2013.12.27 14:52:09.714,1.22335,1.22346,1.47,1.00
2013.12.27 14:52:09.815,1.22337,1.22346,1.13,1.00
2013.12.27 14:52:09.968,1.22335,1.22346,1.18,1.00
2013.12.27 14:52:10.505,1.22335,1.22346,1.00,1.00
2013.12.27 14:52:10.804,1.22332,1.22345,2.78,1.00
2013.12.27 14:52:11.007,1.22332,1.22345,3.53,1.00
2013.12.27 14:52:11.541,1.22332,1.22347,2.78,2.33
2013.12.27 14:52:13.195,1.22334,1.22347,1.00,4.21
2013.12.27 14:52:13.398,1.22333,1.22347,1.65,3.45
2013.12.27 14:52:15.772,1.22334,1.22347,1.10,4.20
2013.12.27 14:52:16.859,1.22334,1.22347,1.39,3.08
2013.12.27 14:52:16.910,1.22334,1.22347,1.39,1.15
2013.12.27 14:52:17.423,1.22333,1.22349,2.33,3.64
2013.12.27 14:52:18.119,1.22333,1.22349,2.70,4.95
2013.12.27 14:52:18.223,1.22333,1.22349,2.70,4.96
2013.12.27 14:52:18.325,1.22333,1.22349,2.70,4.95
2013.12.27 14:52:18.527,1.22333,1.22349,3.27,4.39
2013.12.27 14:52:19.746,1.22337,1.22349,1.13,3.08
2013.12.27 14:52:19.949,1.22337,1.22349,1.28,1.10
2013.12.27 14:52:24.245,1.22336,1.22349,2.33,1.18
2013.12.27 14:52:24.296,1.22334,1.22349,3.64,1.15
2013.12.27 14:52:25.509,1.22337,1.22349,1.20,1.15
2013.12.27 14:52:26.040,1.22334,1.22349,2.89,1.15
2013.12.27 14:52:26.907,1.22336,1.22349,1.28,1.15
2013.12.27 14:52:27.160,1.22336,1.22349,2.33,1.10
2013.12.27 14:52:27.261,1.22336,1.22349,2.33,1.95
2013.12.27 14:52:27.565,1.22334,1.22349,2.33,2.03
2013.12.27 14:52:28.681,1.22336,1.22349,1.28,1.08
2013.12.27 14:52:28.782,1.22336,1.22351,3.45,1.15
2013.12.27 14:52:30.460,1.22336,1.22351,2.33,1.95
2013.12.27 14:52:30.562,1.22335,1.22351,1.47,5.82
2013.12.27 14:52:30.663,1.22338,1.22351,1.28,1.15
2013.12.27 14:52:31.119,1.22334,1.22351,4.58,6.38
2013.12.27 14:52:36.931,1.22337,1.22351,1.95,5.26
2013.12.27 14:52:38.800,1.2234,1.22351,1.13,5.26
2013.12.27 14:52:39.154,1.22342,1.22352,1.32,2.33
2013.12.27 14:52:42.430,1.22342,1.22352,1.88,2.33
2013.12.27 14:52:42.543,1.22342,1.22352,1.00,3.45
2013.12.27 14:52:43.048,1.22341,1.22352,1.13,2.89
2013.12.27 14:52:44.233,1.22338,1.22352,1.74,2.33
2013.12.27 14:52:44.536,1.22335,1.2235,1.15,3.46
2013.12.27 14:52:46.462,1.22338,1.2235,1.00,3.46
2013.12.27 14:52:46.890,1.22337,1.22351,1.47,1.15
2013.12.27 14:52:47.425,1.22339,1.22352,1.20,3.08
2013.12.27 14:52:50.878,1.22341,1.22352,1.13,2.33
2013.12.27 14:52:51.088,1.22338,1.22352,1.28,2.33
2013.12.27 14:52:51.655,1.22341,1.22352,1.00,4.21
2013.12.27 14:52:51.807,1.22341,1.22354,1.10,4.58
2013.12.27 14:52:52.061,1.22337,1.22352,1.28,3.33
2013.12.27 14:52:52.365,1.22341,1.22352,1.13,3.33
2013.12.27 14:52:52.998,1.22342,1.22352,1.13,1.18
2013.12.27 14:52:53.455,1.2234,1.22353,1.20,3.08
2013.12.27 14:52:53.657,1.22342,1.22353,1.13,3.08
2013.12.27 14:52:53.859,1.22342,1.22353,1.20,1.18
2013.12.27 14:52:58.734,1.22341,1.22355,1.04,4.20
2013.12.27 14:52:58.953,1.2234,1.22355,1.67,4.20
2013.12.27 14:53:01.881,1.22339,1.22355,1.15,2.89
2013.12.27 14:53:02.394,1.22342,1.22354,1.00,6.38
2013.12.27 14:53:02.496,1.22339,1.22354,2.33,1.18
2013.12.27 14:53:02.547,1.22338,1.22354,2.33,3.08
2013.12.27 14:53:03.050,1.22337,1.22354,2.33,5.82
2013.12.27 14:53:05.708,1.22338,1.22352,1.15,1.13
2013.12.27 14:53:05.809,1.22337,1.22352,2.33,4.58
2013.12.27 14:53:05.860,1.22336,1.22352,1.65,6.01
2013.12.27 14:53:06.578,1.22338,1.22352,3.22,6.01
2013.12.27 14:53:06.629,1.2234,1.22352,1.34,1.15
2013.12.27 14:53:06.680,1.22341,1.22352,1.00,1.15
2013.12.27 14:53:06.731,1.22341,1.22352,1.15,1.00
2013.12.27 14:53:06.984,1.2234,1.22352,1.36,1.18
2013.12.27 14:53:07.889,1.22338,1.22352,2.33,1.20
2013.12.27 14:53:08.192,1.22338,1.22352,1.28,2.89
2013.12.27 14:53:08.293,1.22348,1.22354,1.13,1.58
2013.12.27 14:53:08.344,1.22348,1.22354,1.00,1.58
2013.12.27 14:53:08.800,1.22344,1.2236,2.84,5.22
2013.12.27 14:53:08.953,1.22342,1.22358,2.84,3.33
2013.12.27 14:53:09.461,1.22342,1.22358,3.22,3.33
2013.12.27 14:53:09.966,1.22343,1.22358,1.04,3.33
2013.12.27 14:53:10.334,1.22344,1.22358,1.04,3.33
2013.12.27 14:53:10.385,1.22346,1.2236,1.04,4.84
2013.12.27 14:53:10.436,1.22344,1.2236,3.59,4.84
2013.12.27 14:53:11.678,1.22346,1.2236,1.69,4.09
2013.12.27 14:53:11.779,1.22346,1.22359,1.52,4.51
2013.12.27 14:53:11.880,1.22346,1.2236,1.69,4.09
2013.12.27 14:53:12.387,1.22344,1.2236,3.59,4.10
2013.12.27 14:53:15.427,1.22343,1.22359,1.67,5.26
2013.12.27 14:53:17.376,1.22343,1.22359,1.04,5.26
2013.12.27 14:53:18.249,1.22342,1.22359,3.97,5.26
2013.12.27 14:53:20.566,1.22342,1.22359,5.84,5.26
2013.12.27 14:53:21.158,1.22344,1.22359,1.04,5.26
2013.12.27 14:53:21.267,1.22342,1.22359,5.47,5.26
2013.12.27 14:53:21.319,1.22344,1.22359,2.84,1.15
2013.12.27 14:53:22.902,1.22344,1.22359,3.83,1.13
2013.12.27 14:53:23.206,1.22353,1.22359,1.00,1.13
2013.12.27 14:53:23.257,1.22353,1.2236,1.00,1.28
2013.12.27 14:53:23.358,1.22353,1.2236,1.00,3.72
2013.12.27 14:53:23.662,1.22347,1.22357,1.00,3.83
2013.12.27 14:53:23.813,1.22347,1.22357,1.00,4.58
2013.12.27 14:53:23.864,1.2234,1.22355,3.08,3.45
2013.12.27 14:53:24.217,1.22343,1.22356,1.18,1.28
2013.12.27 14:53:30.725,1.22343,1.22357,1.69,2.33
2013.12.27 14:53:30.827,1.22347,1.22358,1.00,1.47
2013.12.27 14:53:31.843,1.22344,1.22358,1.15,1.28
2013.12.27 14:53:32.258,1.22344,1.22358,1.10,5.63
2013.12.27 14:53:32.833,1.22344,1.22359,1.15,2.89
2013.12.27 14:53:33.607,1.22344,1.22358,1.15,1.13
2013.12.27 14:53:33.708,1.22346,1.22358,1.10,1.28
2013.12.27 14:53:33.809,1.22346,1.22358,1.00,5.63
2013.12.27 14:53:36.116,1.22346,1.22357,1.00,3.83
2013.12.27 14:53:36.218,1.22343,1.22357,1.18,3.46
2013.12.27 14:53:36.571,1.22343,1.22357,3.08,1.20
2013.12.27 14:53:40.864,1.22343,1.22357,3.08,1.13
2013.12.27 14:53:40.915,1.22343,1.22357,1.18,3.83
2013.12.27 14:53:40.966,1.22343,1.22357,1.18,3.46
2013.12.27 14:53:44.489,1.22343,1.22359,3.08,2.89
2013.12.27 14:53:50.548,1.22346,1.2236,2.77,2.70
2013.12.27 14:53:50.599,1.22346,1.22361,3.59,3.15
2013.12.27 14:53:51.763,1.22348,1.22361,2.33,1.00
2013.12.27 14:53:52.580,1.22348,1.22361,2.33,1.58
2013.12.27 14:53:52.681,1.22346,1.22361,1.65,3.83
2013.12.27 14:54:02.123,1.22343,1.2236,5.09,4.88
2013.12.27 14:54:02.426,1.22345,1.2236,2.84,1.28
2013.12.27 14:54:03.497,1.22345,1.2236,2.33,4.21
2013.12.27 14:54:03.548,1.22344,1.2236,1.15,6.38
2013.12.27 14:54:07.995,1.22345,1.22359,1.28,4.11
2013.12.27 14:54:08.840,1.22347,1.22359,1.13,3.33
2013.12.27 14:54:09.447,1.22347,1.22359,1.13,3.33
2013.12.27 14:54:09.750,1.22343,1.22359,3.45,2.33
2013.12.27 14:54:09.864,1.22345,1.2236,2.89,3.45
2013.12.27 14:54:10.318,1.22343,1.2236,2.33,6.75
2013.12.27 14:54:10.877,1.22346,1.2236,1.20,5.63
2013.12.27 14:54:11.636,1.22343,1.2236,2.33,6.75
2013.12.27 14:54:11.838,1.22343,1.22358,2.33,2.66
2013.12.27 14:54:12.299,1.22341,1.22358,3.45,5.63
2013.12.27 14:54:13.170,1.22345,1.22358,1.13,4.51
2013.12.27 14:54:13.699,1.22344,1.22358,1.20,4.51
2013.12.27 14:54:14.095,1.22343,1.22358,1.47,4.51
2013.12.27 14:54:14.145,1.22343,1.22359,3.64,3.45
2013.12.27 14:54:20.033,1.22343,1.22359,2.89,3.89
2013.12.27 14:54:20.134,1.22341,1.22357,3.08,3.83
2013.12.27 14:54:20.643,1.22342,1.22358,3.08,2.52
2013.12.27 14:54:21.607,1.22342,1.22358,3.08,3.45
2013.12.27 14:54:21.708,1.22342,1.22358,2.33,3.45
2013.12.27 14:54:22.233,1.22342,1.22357,2.33,5.57
2013.12.27 14:54:22.696,1.2234,1.22356,2.33,6.75
2013.12.27 14:54:22.798,1.22338,1.22355,2.33,6.31
2013.12.27 14:54:29.606,1.22342,1.22355,1.13,6.01
2013.12.27 14:54:29.758,1.22342,1.22355,1.28,1.28
2013.12.27 14:54:31.600,1.22342,1.22356,3.45,2.40
2013.12.27 14:54:36.766,1.22344,1.22356,1.28,1.00
2013.12.27 14:54:37.982,1.22342,1.22356,3.45,1.00
2013.12.27 14:54:39.295,1.22342,1.22357,2.33,2.78
2013.12.27 14:54:40.065,1.22341,1.22357,2.33,4.96
2013.12.27 14:54:40.407,1.22345,1.22357,1.20,2.03
2013.12.27 14:54:41.283,1.22345,1.22357,1.20,1.18
2013.12.27 14:54:41.485,1.22347,1.22362,2.89,2.03
2013.12.27 14:54:41.909,1.22352,1.22362,1.13,2.40
2013.12.27 14:54:42.011,1.22348,1.22362,1.28,2.40
2013.12.27 14:54:43.898,1.22345,1.22362,2.89,6.95
2013.12.27 14:54:47.332,1.22345,1.22359,2.33,4.66
2013.12.27 14:54:47.434,1.22341,1.22356,2.33,3.30
2013.12.27 14:54:47.535,1.2234,1.22355,2.33,5.33
2013.12.27 14:54:47.738,1.22341,1.22356,2.33,1.15
2013.12.27 14:54:48.885,1.22342,1.22356,2.89,1.58
2013.12.27 14:54:48.936,1.22343,1.22356,2.89,1.58
2013.12.27 14:54:50.332,1.22343,1.22356,2.33,1.65
2013.12.27 14:54:50.753,1.22341,1.22356,2.89,1.65
2013.12.27 14:54:51.078,1.22339,1.22355,2.89,3.33
2013.12.27 14:54:51.945,1.22341,1.22355,2.33,1.20
2013.12.27 14:54:52.097,1.2234,1.22355,1.28,2.33
2013.12.27 14:54:52.148,1.22341,1.22356,2.89,3.08
2013.12.27 14:54:52.451,1.2234,1.22356,1.15,5.26
2013.12.27 14:54:52.805,1.22341,1.22356,2.33,1.58
2013.12.27 14:54:52.957,1.22339,1.22355,2.33,3.33
2013.12.27 14:54:53.059,1.22346,1.22355,1.13,2.33
2013.12.27 14:54:53.160,1.22342,1.22355,1.20,2.33
2013.12.27 14:54:53.312,1.22341,1.22355,1.95,2.33
2013.12.27 14:54:53.363,1.22342,1.22356,2.25,2.33
2013.12.27 14:54:53.515,1.22341,1.22356,1.20,4.50
2013.12.27 14:54:53.631,1.22339,1.22356,1.15,6.38
2013.12.27 14:54:54.139,1.2234,1.22356,2.33,5.23
2013.12.27 14:54:54.933,1.2234,1.22356,2.33,5.26
2013.12.27 14:54:54.984,1.22338,1.22355,4.95,4.51
2013.12.27 14:54:55.630,1.22335,1.2235,3.15,3.36
2013.12.27 14:54:55.933,1.22335,1.22349,1.95,4.51
2013.12.27 14:54:58.923,1.22336,1.22349,1.00,6.01
2013.12.27 14:54:59.867,1.22336,1.22349,1.39,3.36
2013.12.27 14:55:00.171,1.22336,1.22348,1.00,6.01
2013.12.27 14:55:00.841,1.22336,1.22346,1.00,4.11
2013.12.27 14:55:01.412,1.22336,1.22345,1.00,4.08
2013.12.27 14:55:02.004,1.22333,1.22345,1.50,4.08
2013.12.27 14:55:02.233,1.22335,1.22345,1.00,5.58
2013.12.27 14:55:02.321,1.22329,1.22345,2.33,5.58
2013.12.27 14:55:07.325,1.22331,1.22345,2.33,1.65
2013.12.27 14:55:07.843,1.2233,1.22345,2.33,1.35
2013.12.27 14:55:08.314,1.22332,1.22347,2.33,1.75
2013.12.27 14:55:12.075,1.22333,1.22348,2.33,3.83
2013.12.27 14:55:12.126,1.22334,1.22348,2.33,1.65
2013.12.27 14:55:15.052,1.22333,1.22348,2.33,3.08
2013.12.27 14:55:15.613,1.22332,1.22348,3.08,3.08
2013.12.27 14:55:15.961,1.22334,1.22348,3.45,1.65
2013.12.27 14:55:16.480,1.22334,1.22348,1.28,3.83
2013.12.27 14:55:18.215,1.22336,1.22348,1.13,3.83
2013.12.27 14:55:18.316,1.22332,1.22348,3.08,2.33
2013.12.27 14:55:18.771,1.22334,1.22348,2.33,1.65
2013.12.27 14:55:18.923,1.22332,1.22348,2.33,3.83
2013.12.27 14:55:26.787,1.22332,1.22348,2.33,4.08
2013.12.27 14:55:27.404,1.22332,1.22348,2.33,3.08
2013.12.27 14:55:28.467,1.22334,1.22348,1.28,3.08
2013.12.27 14:55:28.972,1.22332,1.22348,3.45,3.08
2013.12.27 14:55:31.875,1.22334,1.22348,1.28,2.33
2013.12.27 14:55:32.330,1.22335,1.2235,1.28,4.69
2013.12.27 14:55:35.657,1.22332,1.22349,4.20,5.26
2013.12.27 14:55:35.960,1.22331,1.22347,1.28,4.51
2013.12.27 14:55:39.925,1.22332,1.22348,2.33,2.33
2013.12.27 14:55:41.245,1.22334,1.22349,2.33,1.32
2013.12.27 14:55:43.976,1.22333,1.22348,2.33,3.45
2013.12.27 14:55:44.026,1.22331,1.22348,2.70,5.63
2013.12.27 14:55:50.355,1.22334,1.22348,1.08,2.49
2013.12.27 14:55:50.904,1.22333,1.22349,3.08,2.33
2013.12.27 14:55:52.905,1.22331,1.22348,4.95,4.51
2013.12.27 14:55:58.733,1.22333,1.22348,2.33,1.15
2013.12.27 14:55:59.616,1.22333,1.22347,3.08,1.00
2013.12.27 14:56:00.796,1.22331,1.22345,4.20,2.65
2013.12.27 14:56:00.897,1.22331,1.22345,1.28,4.85
2013.12.27 14:56:00.998,1.22331,1.22345,3.45,2.65
2013.12.27 14:56:02.986,1.22332,1.22345,1.53,2.82
2013.12.27 14:56:04.231,1.22332,1.22345,1.18,5.02
2013.12.27 14:56:04.794,1.22331,1.22345,2.70,3.89
2013.12.27 14:56:06.049,1.22333,1.22345,2.33,1.00
2013.12.27 14:56:06.150,1.22335,1.22347,2.33,1.43
2013.12.27 14:56:07.155,1.22337,1.22351,2.33,1.82
2013.12.27 14:56:07.730,1.22337,1.22352,2.33,1.32
2013.12.27 14:56:08.631,1.22339,1.22352,2.33,1.34
2013.12.27 14:56:10.494,1.22339,1.22352,2.33,1.27
2013.12.27 14:56:10.597,1.22339,1.22352,2.33,1.10
2013.12.27 14:56:10.850,1.22339,1.22352,1.18,1.47
2013.12.27 14:56:11.153,1.22332,1.22348,1.65,5.26
2013.12.27 14:56:13.239,1.22333,1.22349,3.08,3.08
2013.12.27 14:56:19.067,1.22333,1.22349,1.15,2.33
2013.12.27 14:56:19.617,1.22333,1.22348,1.18,4.51
2013.12.27 14:56:19.943,1.22333,1.22348,2.33,3.08
2013.12.27 14:56:20.466,1.22333,1.22349,2.33,3.08
2013.12.27 14:56:20.770,1.22336,1.22351,2.33,1.82
2013.12.27 14:56:21.075,1.22334,1.22351,2.33,6.92
2013.12.27 14:56:21.923,1.22336,1.22351,2.33,6.25
2013.12.27 14:56:22.434,1.22336,1.2235,2.33,2.30
2013.12.27 14:56:23.237,1.22335,1.2235,2.33,3.45
2013.12.27 14:56:23.753,1.22334,1.2235,2.33,3.45
2013.12.27 14:56:25.237,1.22336,1.2235,2.85,2.31
2013.12.27 14:56:25.774,1.22336,1.2235,2.33,2.30
2013.12.27 14:56:27.179,1.22338,1.2235,2.33,1.10
2013.12.27 14:56:27.280,1.22335,1.2235,2.85,1.18
2013.12.27 14:56:28.768,1.22334,1.2235,2.33,3.08
2013.12.27 14:56:29.272,1.22335,1.2235,2.85,1.18
2013.12.27 14:56:32.554,1.22336,1.2235,2.33,1.08
2013.12.27 14:56:32.907,1.22333,1.22349,2.85,3.36
2013.12.27 14:56:34.271,1.22333,1.22349,2.33,1.00
2013.12.27 14:56:34.373,1.22334,1.2235,2.33,4.11
2013.12.27 14:56:34.920,1.22334,1.2235,2.33,2.83
2013.12.27 14:56:35.545,1.22334,1.2235,2.33,2.67
2013.12.27 14:56:36.146,1.22335,1.2235,2.33,2.10
2013.12.27 14:56:36.349,1.22338,1.22351,2.33,1.00
2013.12.27 14:56:36.450,1.22336,1.22351,2.33,1.00
2013.12.27 14:56:36.958,1.22337,1.22351,2.33,1.00
2013.12.27 14:56:37.166,1.22338,1.22353,2.33,1.20
2013.12.27 14:56:37.722,1.22338,1.22355,3.45,2.19
2013.12.27 14:56:37.823,1.22346,1.22355,2.33,1.00
2013.12.27 14:56:37.975,1.22343,1.22355,2.33,1.00
2013.12.27 14:56:38.481,1.22344,1.22356,1.18,1.17
2013.12.27 14:56:38.582,1.22345,1.22357,2.25,1.17
2013.12.27 14:56:42.058,1.22344,1.22357,4.50,1.17
2013.12.27 14:56:42.312,1.2235,1.22362,2.33,4.32
2013.12.27 14:56:42.363,1.2235,1.22362,2.33,6.29
2013.12.27 14:56:42.414,1.22349,1.22362,1.15,5.54
2013.12.27 14:56:42.515,1.2235,1.22361,2.33,2.29
2013.12.27 14:56:42.667,1.22348,1.22361,2.33,2.29
2013.12.27 14:56:43.234,1.22348,1.2236,2.33,1.00
2013.12.27 14:56:43.285,1.22346,1.2236,3.08,1.00
2013.12.27 14:56:46.639,1.22346,1.2236,2.33,1.00
2013.12.27 14:56:48.042,1.22348,1.2236,2.33,1.00
2013.12.27 14:56:52.368,1.22348,1.2236,2.33,1.00
2013.12.27 14:56:53.325,1.22348,1.2236,2.25,1.10
2013.12.27 14:56:53.377,1.22346,1.2236,1.15,2.31
2013.12.27 14:57:10.051,1.22343,1.2236,2.33,8.40
2013.12.27 14:57:11.776,1.22347,1.2236,2.25,3.33
2013.12.27 14:57:11.826,1.22347,1.2236,2.33,1.00
2013.12.27 14:57:12.337,1.22347,1.22361,2.33,1.18
2013.12.27 14:57:24.361,1.22349,1.22362,2.33,1.10
2013.12.27 14:57:24.664,1.22358,1.22363,1.00,1.65
2013.12.27 14:57:24.855,1.22358,1.22365,1.00,1.82
2013.12.27 14:57:25.106,1.2236,1.22365,1.00,1.25
2013.12.27 14:57:25.309,1.22361,1.22367,1.48,3.00
2013.12.27 14:57:25.460,1.22361,1.22367,1.20,3.00
2013.12.27 14:57:27.854,1.22361,1.2237,1.20,1.00
2013.12.27 14:57:28.347,1.22361,1.22373,1.20,2.63
2013.12.27 14:57:28.956,1.22361,1.22373,1.28,4.43
2013.12.27 14:57:32.182,1.2236,1.22373,3.27,4.43
2013.12.27 14:57:32.707,1.2236,1.22373,2.70,3.55
2013.12.27 14:57:33.736,1.2236,1.22373,2.70,4.81
2013.12.27 14:57:33.938,1.2236,1.22373,2.70,4.81
2013.12.27 14:57:39.725,1.2236,1.22373,2.70,2.55
2013.12.27 14:57:39.826,1.22362,1.22373,3.45,2.48
2013.12.27 14:57:39.978,1.2236,1.22373,2.70,2.80
2013.12.27 14:57:40.029,1.2236,1.22373,3.45,3.68
2013.12.27 14:57:40.398,1.2236,1.22373,2.70,4.06
2013.12.27 14:57:40.500,1.2236,1.22373,2.70,3.64
2013.12.27 14:57:40.702,1.2236,1.22373,2.70,3.68
2013.12.27 14:58:06.059,1.22361,1.22373,2.70,2.34
2013.12.27 14:58:07.295,1.22362,1.22373,2.70,2.34
2013.12.27 14:58:07.838,1.22363,1.22373,2.70,1.13
2013.12.27 14:58:07.889,1.22361,1.22373,2.70,1.13
2013.12.27 14:58:07.990,1.22361,1.22373,2.70,1.88
2013.12.27 14:58:08.511,1.22363,1.22374,1.28,1.00
2013.12.27 14:58:08.562,1.22366,1.22376,2.25,1.58
2013.12.27 14:58:08.866,1.22365,1.22376,2.33,1.13
2013.12.27 14:58:09.324,1.22363,1.22376,5.63,1.13
2013.12.27 14:58:09.689,1.22363,1.22378,3.45,1.92
2013.12.27 14:58:10.116,1.22363,1.22378,3.45,2.48
2013.12.27 14:58:11.536,1.22363,1.22378,3.45,2.18
2013.12.27 14:58:12.075,1.22363,1.22378,3.45,1.10
2013.12.27 14:58:14.513,1.22365,1.22378,1.15,1.08
2013.12.27 14:58:14.571,1.22365,1.22378,3.08,1.10
2013.12.27 14:58:15.141,1.22365,1.22378,3.08,1.67
2013.12.27 14:58:15.242,1.22365,1.22378,1.18,1.72
2013.12.27 14:58:16.368,1.22365,1.22378,1.18,1.13
2013.12.27 14:58:16.469,1.22363,1.22377,2.78,3.45
2013.12.27 14:58:16.728,1.22362,1.22376,1.53,2.45
2013.12.27 14:58:16.880,1.22363,1.22376,2.70,2.69
2013.12.27 14:58:17.845,1.22363,1.22376,2.70,1.39
2013.12.27 14:58:23.622,1.22363,1.22376,2.70,1.47
2013.12.27 14:58:23.774,1.22364,1.22376,1.10,1.69
2013.12.27 14:58:24.077,1.22363,1.22376,3.45,1.28
2013.12.27 14:58:25.068,1.22363,1.22376,1.28,1.28
2013.12.27 14:58:26.721,1.22363,1.22374,1.28,2.39
2013.12.27 14:58:27.024,1.2236,1.22373,2.63,8.33
2013.12.27 14:58:29.422,1.22363,1.22371,1.00,5.52
2013.12.27 14:58:29.854,1.22362,1.22372,1.00,3.08
2013.12.27 14:58:32.494,1.22361,1.22372,1.13,3.08
2013.12.27 14:58:36.239,1.2236,1.22372,1.38,4.21
2013.12.27 14:58:36.549,1.22357,1.22372,1.65,3.83
2013.12.27 14:58:36.651,1.22357,1.22371,1.45,5.33
2013.12.27 14:58:39.615,1.22355,1.2237,1.65,7.13
2013.12.27 14:58:39.767,1.22355,1.22367,1.28,1.00
2013.12.27 14:58:39.919,1.22353,1.22364,1.58,2.78
2013.12.27 14:58:40.071,1.22353,1.2236,1.50,5.71
2013.12.27 14:58:41.738,1.22346,1.22359,1.00,5.26
2013.12.27 14:58:44.858,1.22345,1.22358,1.10,4.11
2013.12.27 14:58:45.366,1.22344,1.22357,1.65,2.65
2013.12.27 14:58:45.670,1.22343,1.22354,5.93,4.21
2013.12.27 14:58:45.973,1.22343,1.22353,5.93,7.13
2013.12.27 14:58:47.382,1.22344,1.22357,1.50,1.50
2013.12.27 14:58:47.483,1.22346,1.22357,1.00,2.50
2013.12.27 14:58:47.638,1.2234,1.22357,1.00,6.00
2013.12.27 14:58:48.426,1.22339,1.22357,1.10,6.00
2013.12.27 14:58:49.528,1.22339,1.22356,1.10,2.26
2013.12.27 14:58:49.986,1.22341,1.22353,1.00,2.63
2013.12.27 14:59:03.524,1.22343,1.22353,1.00,1.50
2013.12.27 14:59:03.828,1.22343,1.22352,1.00,2.63
2013.12.27 14:59:04.333,1.22342,1.22352,1.00,2.89
2013.12.27 14:59:10.234,1.22347,1.22352,1.00,2.18
2013.12.27 14:59:10.285,1.22348,1.22355,1.00,2.22
2013.12.27 14:59:10.487,1.22348,1.22358,1.13,2.33
2013.12.27 14:59:10.538,1.22348,1.22358,1.38,2.33
2013.12.27 14:59:10.589,1.2235,1.2236,1.38,4.20
2013.12.27 14:59:14.420,1.22352,1.2236,1.00,4.20
2013.12.27 14:59:18.085,1.22352,1.22361,1.00,1.15
2013.12.27 14:59:18.966,1.22352,1.22361,1.00,2.48
2013.12.27 14:59:19.273,1.2235,1.22361,1.38,1.84
2013.12.27 14:59:19.379,1.2235,1.22361,1.38,6.19
2013.12.27 14:59:19.834,1.22348,1.22361,1.55,1.23
2013.12.27 14:59:20.419,1.22348,1.22361,1.55,1.13
2013.12.27 14:59:20.953,1.22351,1.22361,1.13,2.10
2013.12.27 14:59:21.404,1.22351,1.22361,1.13,1.13
2013.12.27 14:59:21.865,1.22351,1.22361,1.13,1.72
2013.12.27 14:59:23.533,1.22352,1.22361,1.00,1.15
2013.12.27 14:59:23.852,1.22352,1.22361,1.00,1.13
2013.12.27 14:59:23.955,1.22352,1.22361,1.00,1.18
2013.12.27 14:59:24.056,1.22352,1.22361,1.00,1.13
2013.12.27 14:59:24.162,1.22352,1.22361,1.00,1.74
2013.12.27 14:59:25.908,1.22352,1.22361,1.00,1.10
2013.12.27 14:59:26.017,1.22352,1.22361,1.00,1.95
2013.12.27 14:59:26.169,1.22352,1.22361,1.00,1.10
2013.12.27 14:59:26.710,1.22353,1.22361,1.00,1.10
2013.12.27 14:59:26.812,1.22353,1.22361,1.00,1.95
2013.12.27 14:59:27.019,1.22353,1.22361,1.00,1.10
2013.12.27 14:59:27.712,1.22349,1.22361,1.53,2.33
2013.12.27 14:59:27.764,1.22349,1.22361,1.45,2.41
2013.12.27 14:59:27.815,1.22349,1.22361,1.48,2.03
2013.12.27 14:59:28.250,1.2235,1.22361,1.55,1.10
2013.12.27 14:59:30.537,1.22351,1.22361,1.20,1.13
2013.12.27 14:59:30.984,1.22351,1.22361,1.28,1.00
2013.12.27 14:59:31.136,1.22352,1.22364,1.18,1.18
2013.12.27 14:59:31.553,1.22351,1.22364,4.65,1.13
2013.12.27 14:59:32.769,1.22351,1.22364,4.65,1.47
2013.12.27 14:59:34.960,1.22357,1.22364,1.13,1.18
2013.12.27 14:59:35.112,1.22357,1.22365,1.13,1.00
2013.12.27 14:59:36.043,1.22357,1.22367,1.28,1.00
2013.12.27 14:59:36.548,1.22355,1.22369,2.89,1.18
2013.12.27 14:59:38.470,1.22357,1.22369,1.10,3.64
2013.12.27 14:59:38.775,1.22354,1.22367,1.20,3.33
2013.12.27 14:59:39.434,1.22354,1.22368,1.28,1.15
2013.12.27 14:59:39.792,1.22355,1.22368,3.64,1.08
2013.12.27 14:59:39.893,1.22356,1.2237,2.89,2.78
2013.12.27 14:59:40.465,1.22357,1.2237,1.08,4.20
2013.12.27 14:59:40.566,1.22355,1.22369,1.18,4.48
2013.12.27 14:59:40.769,1.22351,1.22368,5.25,6.38
2013.12.27 14:59:41.426,1.22353,1.22368,2.33,2.89
2013.12.27 14:59:41.730,1.22363,1.22369,1.13,3.00
2013.12.27 14:59:41.780,1.22363,1.2237,1.13,1.65
2013.12.27 14:59:41.882,1.22363,1.2237,1.13,1.20
2013.12.27 14:59:41.985,1.22366,1.2237,1.00,1.10
2013.12.27 14:59:42.086,1.2236,1.2237,1.15,1.00
2013.12.27 14:59:42.188,1.22361,1.2237,2.33,1.00
2013.12.27 14:59:42.289,1.22361,1.22372,2.33,1.11
2013.12.27 14:59:42.492,1.22361,1.22375,2.33,1.65
2013.12.27 14:59:42.646,1.22361,1.22375,2.33,1.00
2013.12.27 14:59:42.899,1.22361,1.22375,2.33,1.18
2013.12.27 14:59:43.765,1.22361,1.22375,3.08,1.20
2013.12.27 14:59:43.867,1.2236,1.22375,1.28,4.96
2013.12.27 14:59:44.373,1.22359,1.22375,3.83,4.20
2013.12.27 14:59:44.575,1.22361,1.22375,2.33,1.72
2013.12.27 14:59:45.077,1.22361,1.22375,1.18,3.98
2013.12.27 14:59:45.544,1.22361,1.22375,1.18,4.35
2013.12.27 14:59:46.942,1.22364,1.22375,1.00,4.35
2013.12.27 14:59:47.093,1.22364,1.22377,1.10,3.08
2013.12.27 14:59:47.194,1.22363,1.22378,3.83,2.33
2013.12.27 14:59:47.761,1.22363,1.22379,3.83,3.08
2013.12.27 14:59:48.820,1.22365,1.22379,2.33,1.15
2013.12.27 14:59:49.178,1.22367,1.2238,2.33,1.18
2013.12.27 14:59:49.682,1.22367,1.22381,2.33,1.18
2013.12.27 14:59:50.187,1.22367,1.22382,2.89,1.53
2013.12.27 14:59:51.440,1.22367,1.22382,4.58,1.15
2013.12.27 14:59:51.744,1.22377,1.22385,2.70,1.50
2013.12.27 14:59:51.846,1.22376,1.22385,1.53,1.50
2013.12.27 14:59:51.948,1.22378,1.22387,1.65,6.00
2013.12.27 14:59:52.353,1.22378,1.22389,3.53,1.50
2013.12.27 14:59:53.213,1.22379,1.22393,1.65,2.33
2013.12.27 14:59:53.264,1.2238,1.22393,1.20,2.33
2013.12.27 14:59:53.365,1.22379,1.22393,2.78,2.33
2013.12.27 14:59:53.517,1.22383,1.22393,1.10,2.25
2013.12.27 14:59:53.721,1.22383,1.22395,1.18,1.65
2013.12.27 14:59:55.341,1.22384,1.22395,1.95,1.28
2013.12.27 14:59:55.442,1.22388,1.22397,1.00,2.33
2013.12.27 14:59:55.898,1.22389,1.22402,1.50,1.13
2013.12.27 14:59:56.051,1.22393,1.22402,1.00,1.13
2013.12.27 14:59:57.471,1.22395,1.22403,1.00,1.50
2013.12.27 14:59:59.320,1.22398,1.22403,1.00,1.50
2013.12.27 14:59:59.777,1.22393,1.22403,1.32,1.50
2013.12.27 14:59:59.828,1.22396,1.22403,1.13,1.50
2013.12.27 14:59:59.879,1.22396,1.22408,1.13,2.25
