2018.05.02 01:00:00.176,1.19513,1.19528,1.20,3.00
2018.05.02 01:00:01.080,1.19513,1.19528,2.70,1.87
2018.05.02 01:00:02.190,1.19514,1.19529,4.12,1.10
2018.05.02 01:00:03.098,1.19518,1.19531,1.12,1.57
2018.05.02 01:00:03.252,1.19519,1.19534,1.95,3.37
2018.05.02 01:00:03.304,1.19519,1.19531,1.95,1.00
2018.05.02 01:00:04.342,1.1952,1.19531,1.95,1.00
2018.05.02 01:00:04.860,1.19523,1.19538,1.12,4.20
2018.05.02 01:00:05.100,1.19524,1.19533,1.12,1.25
2018.05.02 01:00:05.924,1.19524,1.19534,1.12,1.00
2018.05.02 01:00:24.474,1.19525,1.19534,1.00,1.00
2018.05.02 01:00:25.696,1.19524,1.19535,1.87,1.25
2018.05.02 01:00:36.971,1.19524,1.19539,3.07,1.37
2018.05.02 01:00:37.024,1.19526,1.1954,2.25,1.47
2018.05.02 01:00:37.317,1.19527,1.19541,1.87,1.12
2018.05.02 01:00:40.185,1.19527,1.19541,2.62,1.00
2018.05.02 01:00:42.467,1.19534,1.19547,1.50,1.12
2018.05.02 01:00:42.988,1.19533,1.19548,2.32,2.62
2018.05.02 01:00:43.299,1.19535,1.19548,1.00,1.12
2018.05.02 01:00:46.329,1.19535,1.19546,1.00,1.00
2018.05.02 01:00:48.388,1.19535,1.19548,1.00,1.95
2018.05.02 01:00:48.577,1.19535,1.19546,1.00,1.00
2018.05.02 01:00:51.269,1.19534,1.19546,1.50,1.12
2018.05.02 01:01:09.985,1.19535,1.19547,1.00,1.37
2018.05.02 01:01:10.703,1.19534,1.19547,2.25,1.37
2018.05.02 01:01:13.565,1.19534,1.19545,1.50,1.00
2018.05.02 01:01:13.722,1.19528,1.19541,3.45,1.12
2018.05.02 01:01:14.162,1.19527,1.19539,1.87,1.00
2018.05.02 01:01:14.665,1.19526,1.19538,1.50,1.00
2018.05.02 01:01:17.358,1.19526,1.19539,2.25,1.12
2018.05.02 01:01:18.077,1.19527,1.1954,2.25,1.37
2018.05.02 01:01:22.414,1.19527,1.19541,2.25,4.39
2018.05.02 01:01:26.525,1.19527,1.19539,2.25,1.00
2018.05.02 01:01:30.938,1.19527,1.1954,2.25,1.12
2018.05.02 01:01:31.494,1.19528,1.1954,1.00,1.00
2018.05.02 01:01:32.040,1.19527,1.19539,2.25,1.00
2018.05.02 01:01:38.365,1.19527,1.1954,1.50,1.31
2018.05.02 01:01:38.982,1.19527,1.1954,1.50,2.81
2018.05.02 01:01:50.715,1.19527,1.1954,1.50,1.87
2018.05.02 01:01:57.281,1.19527,1.1954,3.37,1.00
2018.05.02 01:02:00.197,1.19528,1.19539,1.00,1.00
2018.05.02 01:02:00.968,1.19528,1.1954,1.00,1.50
2018.05.02 01:02:05.870,1.19527,1.1954,2.62,1.50
2018.05.02 01:02:07.018,1.19527,1.1954,2.25,3.37
2018.05.02 01:02:22.380,1.19527,1.1954,2.62,1.00
2018.05.02 01:02:23.094,1.19528,1.1954,1.12,1.00
2018.05.02 01:02:23.623,1.19528,1.19541,1.87,1.69
2018.05.02 01:02:24.159,1.19529,1.19541,1.00,1.69
2018.05.02 01:02:27.546,1.19529,1.1954,1.00,1.00
2018.05.02 01:02:28.049,1.19528,1.1954,1.87,1.00
2018.05.02 01:02:32.587,1.19528,1.1954,1.12,1.20
2018.05.02 01:02:33.145,1.19528,1.1954,1.12,1.10
2018.05.02 01:02:35.438,1.19528,1.1954,1.00,1.20
2018.05.02 01:02:35.961,1.19527,1.1954,1.87,1.20
2018.05.02 01:02:37.556,1.19527,1.1954,1.87,1.20
2018.05.02 01:02:38.062,1.19528,1.1954,1.00,1.20
2018.05.02 01:02:50.502,1.19528,1.1954,1.00,1.20
2018.05.02 01:02:51.059,1.19528,1.1954,1.00,1.20
2018.05.02 01:02:52.969,1.19528,1.1954,1.00,1.20
2018.05.02 01:02:53.501,1.19528,1.1954,1.00,1.20
2018.05.02 01:03:11.633,1.19528,1.19541,1.12,1.95
2018.05.02 01:03:12.167,1.19528,1.1954,1.12,1.10
2018.05.02 01:03:14.583,1.19528,1.1954,1.00,1.20
2018.05.02 01:03:15.216,1.19527,1.1954,1.00,2.81
2018.05.02 01:03:31.623,1.19527,1.1954,1.20,1.69
2018.05.02 01:03:38.189,1.19527,1.19539,1.12,1.00
2018.05.02 01:03:39.863,1.19526,1.19539,1.87,1.12
2018.05.02 01:03:55.838,1.19529,1.19539,1.50,1.12
2018.05.02 01:03:56.821,1.19527,1.1954,1.00,3.37
2018.05.02 01:03:59.717,1.19527,1.19539,1.00,1.87
2018.05.02 01:04:07.243,1.19526,1.19537,1.50,1.00
2018.05.02 01:04:07.760,1.19526,1.19539,1.50,4.20
2018.05.02 01:04:17.083,1.19526,1.19538,1.50,1.37
2018.05.02 01:04:17.706,1.19526,1.19539,1.50,3.37
2018.05.02 01:04:32.408,1.19527,1.19539,1.00,1.12
2018.05.02 01:04:33.017,1.19528,1.19539,1.00,1.12
2018.05.02 01:04:36.520,1.19527,1.19539,1.50,1.12
2018.05.02 01:04:37.642,1.19528,1.19539,1.37,1.12
2018.05.02 01:04:39.119,1.19527,1.19539,1.50,1.12
2018.05.02 01:04:41.354,1.19528,1.19539,1.00,1.12
2018.05.02 01:04:46.589,1.19527,1.19539,1.87,1.87
2018.05.02 01:04:47.586,1.19527,1.19537,1.50,1.00
2018.05.02 01:04:51.151,1.19527,1.19539,1.50,1.87
2018.05.02 01:04:51.669,1.19528,1.19539,1.00,1.12
2018.05.02 01:05:05.332,1.19527,1.19539,1.87,1.87
2018.05.02 01:05:05.867,1.19527,1.19539,1.87,1.87
2018.05.02 01:05:06.463,1.19528,1.19539,1.00,1.87
2018.05.02 01:05:12.252,1.19528,1.19539,1.00,1.12
2018.05.02 01:05:19.221,1.19528,1.19538,1.00,1.00
2018.05.02 01:05:19.743,1.19527,1.19537,1.00,1.00
2018.05.02 01:05:22.179,1.19527,1.19539,1.00,1.87
2018.05.02 01:05:24.144,1.19527,1.19537,1.00,1.00
2018.05.02 01:05:24.664,1.19526,1.19538,1.87,1.87
2018.05.02 01:05:25.025,1.19528,1.19539,1.00,1.00
2018.05.02 01:05:45.090,1.19528,1.19538,1.00,1.00
2018.05.02 01:05:45.613,1.19528,1.19539,1.00,1.00
2018.05.02 01:05:48.068,1.19528,1.1954,1.00,1.12
2018.05.02 01:05:57.752,1.19528,1.19541,1.00,3.37
2018.05.02 01:06:12.217,1.19528,1.1954,1.00,1.00
2018.05.02 01:06:12.950,1.19528,1.19541,1.00,3.37
2018.05.02 01:06:16.307,1.19529,1.1954,1.00,1.00
2018.05.02 01:06:49.605,1.19529,1.1954,1.87,1.00
2018.05.02 01:06:49.716,1.19531,1.19542,1.00,1.00
2018.05.02 01:06:50.279,1.19532,1.19542,1.00,1.00
2018.05.02 01:06:59.099,1.19531,1.19542,1.00,1.25
2018.05.02 01:07:09.877,1.1953,1.19542,1.00,1.31
2018.05.02 01:07:10.465,1.1953,1.19541,1.00,1.00
2018.05.02 01:07:12.626,1.19529,1.19541,1.00,2.81
2018.05.02 01:07:14.005,1.19529,1.1954,1.00,1.12
2018.05.02 01:07:14.801,1.19528,1.19541,1.50,5.06
2018.05.02 01:07:32.378,1.19527,1.1954,1.50,1.87
2018.05.02 01:07:32.926,1.19528,1.1954,1.00,1.12
2018.05.02 01:07:37.536,1.19528,1.19539,1.00,1.00
2018.05.02 01:07:46.743,1.19527,1.19539,1.50,1.50
2018.05.02 01:07:48.565,1.19526,1.19537,1.00,1.50
2018.05.02 01:07:50.160,1.19525,1.19537,2.62,1.00
2018.05.02 01:08:10.680,1.19526,1.19537,1.00,1.00
2018.05.02 01:08:11.263,1.19526,1.19539,1.00,2.62
2018.05.02 01:08:11.847,1.19527,1.19539,1.00,1.12
2018.05.02 01:08:17.595,1.19527,1.1954,1.00,1.87
2018.05.02 01:08:18.140,1.19528,1.1954,1.00,1.00
2018.05.02 01:08:18.687,1.19529,1.1954,1.00,1.00
2018.05.02 01:08:30.309,1.19528,1.1954,1.00,1.12
2018.05.02 01:08:38.445,1.19528,1.19541,1.00,1.87
2018.05.02 01:08:39.048,1.19529,1.19541,1.00,1.12
2018.05.02 01:08:40.441,1.19529,1.19542,1.00,2.81
2018.05.02 01:08:41.016,1.19529,1.19541,1.00,1.12
2018.05.02 01:08:46.286,1.1953,1.19541,1.00,1.12
2018.05.02 01:08:46.795,1.19529,1.19541,1.00,2.06
2018.05.02 01:08:50.465,1.19528,1.19541,1.50,2.06
2018.05.02 01:09:04.590,1.19528,1.1954,1.95,1.00
2018.05.02 01:09:06.223,1.19528,1.19541,1.95,1.69
2018.05.02 01:09:11.684,1.1953,1.19541,1.00,1.00
2018.05.02 01:09:15.210,1.1953,1.1954,1.00,1.00
2018.05.02 01:09:15.860,1.1953,1.19541,1.00,1.00
2018.05.02 01:09:23.816,1.19529,1.19541,1.00,1.50
2018.05.02 01:09:26.534,1.1953,1.19541,1.00,1.25
2018.05.02 01:10:06.672,1.19531,1.19541,1.00,1.00
2018.05.02 01:10:07.189,1.19531,1.19542,1.50,1.25
2018.05.02 01:10:11.212,1.19531,1.19541,2.10,1.00
2018.05.02 01:10:11.752,1.1953,1.19541,2.10,1.00
2018.05.02 01:10:21.580,1.19532,1.19542,1.00,1.00
2018.05.02 01:10:22.244,1.19531,1.19542,1.12,1.25
2018.05.02 01:11:00.140,1.1953,1.19542,1.87,1.00
2018.05.02 01:11:08.086,1.19531,1.19542,1.12,1.00
2018.05.02 01:11:19.362,1.19531,1.19543,1.12,1.00
2018.05.02 01:11:20.019,1.19532,1.19543,1.12,1.00
2018.05.02 01:11:21.820,1.19533,1.19544,1.00,1.25
2018.05.02 01:11:22.025,1.1953,1.19542,1.87,1.00
2018.05.02 01:11:49.145,1.19529,1.19541,1.12,1.50
2018.05.02 01:11:49.794,1.19528,1.1954,1.12,2.25
2018.05.02 01:11:50.307,1.19527,1.19539,1.50,1.00
2018.05.02 01:11:55.051,1.19526,1.19539,3.07,1.00
2018.05.02 01:11:55.555,1.19526,1.19538,1.87,1.00
2018.05.02 01:11:57.567,1.19526,1.19537,1.00,1.00
2018.05.02 01:12:00.006,1.19526,1.19539,1.50,1.12
2018.05.02 01:12:00.526,1.19527,1.1954,1.00,3.37
2018.05.02 01:12:00.802,1.19526,1.19538,1.00,1.00
2018.05.02 01:12:05.094,1.19526,1.19539,1.50,1.87
2018.05.02 01:12:05.628,1.19527,1.1954,1.87,1.00
2018.05.02 01:12:15.458,1.19527,1.19539,1.87,1.00
2018.05.02 01:12:24.166,1.19527,1.19538,1.12,1.00
2018.05.02 01:12:25.497,1.19526,1.19538,1.12,1.00
2018.05.02 01:12:33.668,1.19526,1.19537,1.00,1.00
2018.05.02 01:12:34.201,1.19525,1.19538,2.25,1.00
2018.05.02 01:12:34.921,1.19526,1.19539,1.00,2.62
2018.05.02 01:12:40.108,1.19527,1.19539,1.00,1.50
2018.05.02 01:12:59.064,1.19528,1.1954,1.00,1.87
2018.05.02 01:13:00.023,1.19528,1.19541,1.00,1.87
2018.05.02 01:13:03.197,1.19528,1.1954,1.00,1.00
2018.05.02 01:13:22.391,1.19528,1.19541,1.00,1.87
2018.05.02 01:13:23.330,1.19527,1.1954,1.12,2.06
2018.05.02 01:13:23.926,1.19527,1.19539,1.00,1.00
2018.05.02 01:13:25.412,1.19527,1.1954,1.00,2.06
2018.05.02 01:13:25.720,1.19526,1.19537,1.12,1.00
2018.05.02 01:13:26.096,1.19524,1.19534,3.45,1.00
2018.05.02 01:13:26.646,1.19524,1.19535,3.37,1.00
2018.05.02 01:13:31.289,1.19524,1.19536,3.45,1.50
2018.05.02 01:13:31.826,1.19525,1.19537,1.00,1.00
2018.05.02 01:13:53.594,1.19524,1.19537,3.00,1.00
2018.05.02 01:13:54.566,1.19524,1.19537,4.50,1.00
2018.05.02 01:14:00.948,1.19524,1.19536,4.50,1.00
2018.05.02 01:14:01.626,1.19526,1.19538,1.00,1.50
2018.05.02 01:14:08.192,1.19525,1.19536,1.00,1.00
2018.05.02 01:14:08.507,1.19524,1.19534,1.87,1.00
2018.05.02 01:14:08.806,1.19525,1.19537,1.00,1.20
2018.05.02 01:14:09.976,1.19526,1.19538,1.00,1.12
2018.05.02 01:14:10.495,1.19525,1.19537,3.00,1.00
2018.05.02 01:14:32.678,1.19526,1.19537,1.37,1.00
2018.05.02 01:14:34.008,1.19526,1.19538,1.87,1.00
2018.05.02 01:14:34.525,1.19527,1.19539,1.12,1.00
2018.05.02 01:14:42.725,1.19526,1.19538,3.45,1.00
2018.05.02 01:15:06.903,1.19526,1.19537,1.87,1.00
2018.05.02 01:15:09.653,1.19526,1.19536,1.37,1.00
2018.05.02 01:15:09.877,1.19524,1.19534,1.95,1.00
2018.05.02 01:15:09.982,1.19526,1.19536,1.37,1.00
2018.05.02 01:15:13.060,1.19526,1.19537,1.37,1.00
2018.05.02 01:15:13.894,1.19526,1.19538,1.87,1.00
2018.05.02 01:15:18.163,1.19526,1.19537,1.37,1.00
2018.05.02 01:15:21.466,1.19526,1.19536,1.37,1.00
2018.05.02 01:15:22.461,1.19526,1.19537,1.37,1.00
2018.05.02 01:15:37.626,1.19526,1.19538,1.87,1.00
2018.05.02 01:15:38.694,1.19526,1.19537,1.87,1.00
2018.05.02 01:15:39.239,1.19526,1.19538,1.87,1.00
2018.05.02 01:15:40.085,1.19526,1.19534,1.37,1.00
2018.05.02 01:15:40.141,1.19526,1.19537,1.37,1.50
2018.05.02 01:15:43.717,1.19524,1.19536,1.50,1.87
2018.05.02 01:15:45.845,1.19524,1.19535,1.87,1.00
2018.05.02 01:15:46.769,1.19524,1.19534,1.12,1.00
2018.05.02 01:15:46.874,1.19522,1.19534,1.00,1.00
2018.05.02 01:15:46.926,1.19524,1.19536,1.12,1.95
2018.05.02 01:15:47.232,1.19526,1.19538,1.00,3.37
2018.05.02 01:15:49.140,1.19525,1.19537,1.00,1.12
2018.05.02 01:15:51.860,1.19524,1.19536,2.62,1.50
2018.05.02 01:15:55.219,1.19525,1.19537,1.00,1.12
2018.05.02 01:16:00.107,1.19526,1.19537,1.00,1.12
2018.05.02 01:16:01.370,1.19526,1.19538,1.00,1.87
2018.05.02 01:16:01.897,1.19527,1.19539,1.00,1.87
2018.05.02 01:16:07.758,1.19526,1.19538,1.00,1.00
2018.05.02 01:16:12.050,1.19525,1.19537,1.50,1.00
2018.05.02 01:16:13.486,1.19524,1.19534,1.87,1.00
2018.05.02 01:16:13.989,1.19524,1.19536,2.25,1.00
2018.05.02 01:16:14.468,1.19524,1.19534,1.12,1.00
2018.05.02 01:16:15.294,1.19523,1.19534,3.37,1.00
2018.05.02 01:16:20.282,1.19523,1.19534,3.37,1.00
2018.05.02 01:16:21.873,1.19523,1.19534,1.87,1.00
2018.05.02 01:16:22.470,1.19523,1.19534,3.37,1.00
2018.05.02 01:16:22.990,1.19523,1.19533,3.00,1.00
2018.05.02 01:16:23.746,1.19523,1.19532,3.00,1.00
2018.05.02 01:16:24.247,1.19523,1.19532,3.00,1.00
2018.05.02 01:16:24.299,1.19523,1.19534,3.00,1.00
2018.05.02 01:16:25.544,1.19523,1.19535,3.75,1.00
2018.05.02 01:16:25.597,1.19523,1.19533,3.00,1.00
2018.05.02 01:16:25.909,1.19523,1.19531,1.87,1.50
2018.05.02 01:16:26.377,1.19524,1.19536,1.12,1.20
2018.05.02 01:16:26.903,1.19524,1.19535,1.87,1.00
2018.05.02 01:16:27.974,1.19524,1.19534,1.12,1.00
2018.05.02 01:16:30.272,1.19525,1.19536,1.00,1.50
2018.05.02 01:16:40.417,1.19525,1.19537,1.00,1.20
2018.05.02 01:16:41.030,1.19526,1.19538,1.00,3.45
2018.05.02 01:16:42.509,1.19525,1.19537,1.00,1.12
2018.05.02 01:16:43.116,1.19525,1.19536,1.00,1.00
2018.05.02 01:16:44.827,1.19524,1.19535,2.25,1.00
2018.05.02 01:16:46.380,1.19525,1.19536,1.00,1.50
2018.05.02 01:16:53.844,1.19524,1.19535,1.87,1.00
2018.05.02 01:16:55.947,1.19523,1.19533,1.00,1.00
2018.05.02 01:16:56.104,1.19524,1.19536,1.00,1.95
2018.05.02 01:16:56.660,1.19525,1.19536,1.00,1.87
2018.05.02 01:17:02.866,1.19526,1.19536,1.00,1.00
2018.05.02 01:17:07.336,1.19527,1.19536,1.00,1.00
2018.05.02 01:17:08.673,1.19525,1.19536,1.00,1.00
2018.05.02 01:17:10.638,1.19527,1.19538,1.00,1.87
2018.05.02 01:17:22.255,1.19527,1.19539,1.00,2.81
2018.05.02 01:17:50.719,1.19529,1.19539,1.37,1.50
2018.05.02 01:17:56.466,1.19531,1.19541,1.37,2.44
2018.05.02 01:17:56.972,1.19531,1.19541,1.37,2.44
2018.05.02 01:17:58.618,1.19531,1.1954,1.37,1.00
2018.05.02 01:18:14.505,1.19529,1.19539,1.37,1.00
2018.05.02 01:18:15.052,1.19529,1.1954,1.37,2.44
2018.05.02 01:18:25.560,1.1953,1.1954,1.37,1.00
2018.05.02 01:18:28.853,1.19529,1.1954,1.37,1.50
2018.05.02 01:18:34.038,1.1953,1.1954,1.37,1.69
2018.05.02 01:18:42.579,1.19529,1.1954,1.37,1.25
2018.05.02 01:18:43.190,1.19531,1.1954,1.37,1.25
2018.05.02 01:18:51.540,1.19531,1.1954,1.37,1.19
2018.05.02 01:18:51.593,1.19529,1.1954,1.37,1.19
2018.05.02 01:18:54.060,1.19528,1.19539,1.37,1.25
2018.05.02 01:19:01.490,1.19528,1.1954,1.37,2.25
2018.05.02 01:19:03.664,1.19529,1.1954,1.87,1.69
2018.05.02 01:19:23.104,1.1953,1.1954,1.87,1.00
2018.05.02 01:19:27.438,1.19531,1.1954,1.37,1.00
2018.05.02 01:19:33.908,1.19531,1.19541,1.37,1.25
2018.05.02 01:19:34.274,1.19532,1.19545,1.87,1.50
2018.05.02 01:19:34.481,1.19532,1.19541,1.87,1.25
2018.05.02 01:19:36.419,1.19532,1.1954,1.87,1.00
2018.05.02 01:19:44.149,1.19532,1.19541,1.87,1.00
2018.05.02 01:19:44.714,1.19531,1.19544,1.37,1.50
2018.05.02 01:19:44.870,1.19531,1.19541,1.37,1.25
2018.05.02 01:19:44.923,1.1953,1.19543,1.37,1.00
2018.05.02 01:19:45.028,1.1953,1.1954,1.37,1.00
2018.05.02 01:19:58.802,1.19529,1.1954,1.37,1.25
2018.05.02 01:20:01.515,1.1953,1.1954,1.37,1.25
2018.05.02 01:20:14.537,1.19529,1.1954,1.87,1.00
2018.05.02 01:20:15.653,1.1953,1.19543,1.37,1.50
2018.05.02 01:20:15.874,1.1953,1.19541,1.37,1.00
2018.05.02 01:20:16.445,1.1953,1.1954,1.87,1.00
2018.05.02 01:20:17.023,1.1953,1.19541,1.87,1.00
2018.05.02 01:20:19.549,1.19531,1.19541,1.87,1.25
2018.05.02 01:20:21.176,1.19531,1.1954,1.37,1.00
2018.05.02 01:20:21.352,1.19529,1.1954,1.87,1.25
2018.05.02 01:20:24.832,1.1953,1.19541,2.25,1.19
2018.05.02 01:20:25.353,1.19531,1.19541,1.37,1.00
2018.05.02 01:20:26.552,1.1953,1.19541,1.87,1.25
2018.05.02 01:20:27.201,1.1953,1.1954,1.87,1.00
2018.05.02 01:20:27.708,1.1953,1.19541,2.25,1.25
2018.05.02 01:20:29.820,1.1953,1.1954,1.87,1.00
2018.05.02 01:20:29.994,1.19532,1.19541,1.37,1.00
2018.05.02 01:20:45.955,1.19532,1.1954,1.37,1.00
2018.05.02 01:20:46.060,1.1953,1.1954,2.62,1.00
2018.05.02 01:20:48.260,1.1953,1.19541,1.87,1.25
2018.05.02 01:20:48.871,1.19532,1.19541,1.37,1.25
2018.05.02 01:20:51.239,1.19532,1.1954,1.37,1.00
2018.05.02 01:20:51.895,1.19532,1.19541,1.37,1.00
2018.05.02 01:20:55.632,1.19531,1.19541,1.00,1.00
2018.05.02 01:20:56.197,1.1953,1.1954,2.25,1.00
2018.05.02 01:21:04.477,1.1953,1.19541,2.25,1.25
2018.05.02 01:21:05.763,1.19531,1.1954,1.00,1.00
2018.05.02 01:21:15.202,1.19531,1.19541,1.50,1.00
2018.05.02 01:21:18.589,1.19531,1.1954,1.50,1.00
2018.05.02 01:21:19.403,1.19532,1.19541,1.37,1.00
2018.05.02 01:21:22.214,1.19532,1.1954,1.50,1.00
2018.05.02 01:21:22.758,1.19532,1.19541,2.62,1.25
2018.05.02 01:21:25.829,1.19533,1.19542,1.37,1.25
2018.05.02 01:21:26.380,1.19533,1.19541,1.00,1.00
2018.05.02 01:21:31.138,1.19532,1.19541,1.20,1.00
2018.05.02 01:21:31.504,1.19531,1.19544,1.12,1.00
2018.05.02 01:21:31.788,1.1953,1.1954,1.37,1.00
2018.05.02 01:21:34.166,1.19531,1.19541,1.50,1.00
2018.05.02 01:21:34.688,1.19533,1.19542,1.00,1.00
2018.05.02 01:21:36.519,1.19533,1.19542,1.87,1.00
2018.05.02 01:21:36.971,1.19534,1.19548,1.50,2.70
2018.05.02 01:21:37.024,1.19535,1.19548,1.37,2.32
2018.05.02 01:21:37.370,1.19535,1.19543,1.87,1.00
2018.05.02 01:21:37.886,1.19536,1.19543,1.37,1.00
2018.05.02 01:21:37.990,1.19536,1.19548,1.37,1.00
2018.05.02 01:21:38.409,1.19536,1.1955,1.37,1.57
2018.05.02 01:21:40.945,1.19536,1.19542,1.37,1.00
2018.05.02 01:21:42.279,1.19536,1.19543,1.37,1.00
2018.05.02 01:21:42.736,1.19536,1.1955,1.87,1.00
2018.05.02 01:21:42.788,1.19535,1.19548,2.32,1.00
2018.05.02 01:21:43.100,1.19535,1.19542,2.62,1.00
2018.05.02 01:21:44.048,1.19535,1.19542,1.87,1.00
2018.05.02 01:21:45.160,1.19535,1.19543,1.50,1.00
2018.05.02 01:21:45.662,1.19535,1.19542,1.50,1.00
2018.05.02 01:21:53.196,1.19532,1.19541,2.25,1.00
2018.05.02 01:21:55.734,1.19533,1.19542,1.00,1.25
2018.05.02 01:21:56.159,1.1953,1.1954,2.25,1.25
2018.05.02 01:22:00.188,1.1953,1.1954,1.00,1.00
2018.05.02 01:22:06.020,1.19531,1.19541,1.00,1.00
2018.05.02 01:22:06.360,1.19533,1.19542,1.37,1.00
2018.05.02 01:22:20.313,1.19533,1.19542,1.12,1.00
2018.05.02 01:22:22.470,1.19533,1.19543,1.00,1.25
2018.05.02 01:22:22.782,1.19531,1.19541,2.70,1.00
2018.05.02 01:22:50.330,1.19532,1.19542,1.00,1.25
2018.05.02 01:22:50.877,1.19532,1.19542,1.50,1.00
2018.05.02 01:22:50.982,1.19535,1.19548,1.37,1.57
2018.05.02 01:22:51.088,1.19535,1.19549,1.37,1.29
2018.05.02 01:22:51.637,1.19535,1.19543,1.37,1.00
2018.05.02 01:22:52.596,1.19535,1.19549,1.50,1.00
2018.05.02 01:22:53.849,1.19535,1.1955,2.62,1.20
2018.05.02 01:22:59.186,1.19535,1.19549,1.50,1.00
2018.05.02 01:22:59.454,1.19535,1.19542,1.00,1.00
2018.05.02 01:23:00.112,1.19533,1.19542,3.37,1.00
2018.05.02 01:23:08.553,1.19534,1.19541,1.00,1.00
2018.05.02 01:23:08.988,1.19532,1.19541,1.12,1.00
2018.05.02 01:23:14.177,1.19532,1.19545,1.50,1.00
2018.05.02 01:23:14.389,1.19532,1.19541,1.50,1.00
2018.05.02 01:23:14.544,1.19532,1.19543,1.00,1.00
2018.05.02 01:23:14.597,1.19532,1.19545,1.00,2.25
2018.05.02 01:23:14.650,1.19532,1.1954,1.00,1.00
2018.05.02 01:23:15.190,1.19531,1.19541,1.50,1.25
2018.05.02 01:23:22.219,1.19531,1.1954,1.37,1.00
2018.05.02 01:23:38.247,1.1953,1.1954,1.00,1.00
2018.05.02 01:23:38.805,1.19528,1.1954,1.37,1.19
2018.05.02 01:23:39.339,1.19527,1.1954,1.37,1.19
2018.05.02 01:23:49.890,1.19527,1.1954,1.50,1.00
2018.05.02 01:23:51.166,1.19527,1.19539,1.37,1.00
2018.05.02 01:23:51.717,1.19526,1.19539,1.37,1.19
2018.05.02 01:23:53.019,1.19526,1.19539,1.37,1.25
2018.05.02 01:24:04.995,1.19526,1.19538,1.37,1.25
2018.05.02 01:24:05.129,1.19524,1.19539,1.47,1.87
2018.05.02 01:24:05.488,1.19525,1.19539,1.00,2.06
2018.05.02 01:24:05.539,1.19525,1.19539,1.00,1.12
2018.05.02 01:24:05.642,1.19525,1.19539,1.00,2.06
2018.05.02 01:24:06.199,1.19525,1.19539,1.00,2.06
2018.05.02 01:24:06.667,1.19526,1.1954,1.87,2.51
2018.05.02 01:24:07.197,1.19527,1.1954,1.37,1.19
2018.05.02 01:24:07.707,1.19527,1.1954,1.95,1.00
2018.05.02 01:24:08.014,1.19528,1.19542,1.37,1.00
2018.05.02 01:24:08.259,1.19528,1.1954,1.37,1.00
2018.05.02 01:24:13.784,1.19528,1.1954,1.37,1.19
2018.05.02 01:24:14.324,1.19527,1.1954,1.37,1.19
2018.05.02 01:24:16.354,1.19527,1.1954,1.37,1.25
2018.05.02 01:24:16.565,1.1953,1.19545,2.25,1.95
2018.05.02 01:24:16.669,1.1953,1.19541,2.25,1.00
2018.05.02 01:24:17.192,1.19529,1.1954,1.87,1.25
2018.05.02 01:24:22.204,1.1953,1.19541,1.37,1.25
2018.05.02 01:24:27.402,1.1953,1.1954,1.37,1.00
2018.05.02 01:24:27.995,1.19529,1.1954,1.87,1.25
2018.05.02 01:24:28.533,1.19528,1.1954,2.62,1.25
2018.05.02 01:24:31.217,1.19529,1.19543,1.37,1.50
2018.05.02 01:24:31.325,1.19531,1.19541,1.37,1.00
2018.05.02 01:24:31.851,1.19532,1.19542,1.00,1.25
2018.05.02 01:24:33.744,1.19531,1.19543,3.45,1.25
2018.05.02 01:24:33.901,1.19532,1.19547,1.87,1.95
2018.05.02 01:24:34.060,1.19533,1.19542,1.00,1.00
2018.05.02 01:24:34.570,1.19533,1.19543,1.00,1.00
2018.05.02 01:24:35.561,1.19533,1.19542,1.00,1.00
2018.05.02 01:24:36.216,1.19533,1.19543,1.00,1.25
2018.05.02 01:24:37.048,1.19533,1.19542,1.00,1.00
2018.05.02 01:24:42.133,1.19534,1.19543,1.00,1.25
2018.05.02 01:24:42.237,1.19535,1.19548,1.50,1.10
2018.05.02 01:24:42.343,1.19535,1.19542,1.50,1.00
2018.05.02 01:24:42.502,1.19533,1.19541,1.50,1.00
2018.05.02 01:24:42.681,1.19532,1.19542,1.12,1.19
2018.05.02 01:24:42.840,1.19533,1.19548,2.62,1.57
2018.05.02 01:24:42.950,1.19533,1.19542,1.87,1.00
2018.05.02 01:24:43.209,1.19533,1.19548,1.95,1.87
2018.05.02 01:24:43.633,1.19533,1.19548,1.20,1.87
2018.05.02 01:24:43.685,1.19533,1.19542,1.12,1.00
2018.05.02 01:24:44.201,1.19533,1.19543,1.12,1.25
2018.05.02 01:24:47.741,1.19533,1.19547,1.00,1.31
2018.05.02 01:24:47.793,1.19533,1.19544,1.00,1.25
2018.05.02 01:24:50.920,1.19533,1.19548,1.10,1.87
2018.05.02 01:24:50.973,1.19533,1.19544,1.12,1.25
2018.05.02 01:24:59.220,1.19533,1.19547,1.00,1.31
2018.05.02 01:24:59.272,1.19533,1.19548,1.00,2.70
2018.05.02 01:24:59.910,1.19533,1.19543,1.50,1.00
2018.05.02 01:25:00.456,1.19532,1.19542,1.00,1.00
2018.05.02 01:25:05.766,1.19532,1.19543,1.12,1.25
2018.05.02 01:25:06.271,1.19532,1.19542,1.12,1.00
2018.05.02 01:25:07.381,1.19531,1.19542,1.00,1.25
2018.05.02 01:25:07.697,1.19533,1.19546,1.00,1.10
2018.05.02 01:25:08.144,1.19532,1.19544,1.87,1.00
2018.05.02 01:25:08.664,1.19534,1.19544,1.00,1.25
2018.05.02 01:25:09.186,1.19533,1.19545,1.50,1.25
2018.05.02 01:25:09.662,1.19533,1.19548,1.00,2.70
2018.05.02 01:25:09.766,1.19533,1.19544,1.00,1.25
2018.05.02 01:25:10.282,1.19532,1.19543,2.25,1.25
2018.05.02 01:25:10.809,1.19532,1.19544,2.25,1.25
2018.05.02 01:25:13.425,1.19532,1.19543,3.00,1.25
2018.05.02 01:25:14.024,1.19532,1.19544,2.32,1.25
2018.05.02 01:25:19.892,1.19532,1.19543,2.32,1.00
2018.05.02 01:25:20.882,1.19532,1.19544,3.75,1.25
2018.05.02 01:25:22.915,1.19533,1.19544,1.50,1.25
2018.05.02 01:25:28.060,1.19533,1.19544,1.50,1.19
2018.05.02 01:25:28.866,1.19533,1.19544,1.50,1.25
2018.05.02 01:25:30.022,1.19533,1.19547,2.25,1.25
2018.05.02 01:25:30.080,1.19533,1.19547,2.25,1.19
2018.05.02 01:25:30.613,1.19532,1.19546,1.87,1.69
2018.05.02 01:25:31.417,1.19532,1.19546,1.37,1.25
2018.05.02 01:25:33.360,1.19532,1.19546,1.87,1.76
2018.05.02 01:25:34.227,1.19532,1.19546,1.37,1.76
2018.05.02 01:25:36.800,1.19536,1.19548,1.00,1.00
2018.05.02 01:25:37.056,1.19536,1.1955,1.50,1.39
2018.05.02 01:25:37.530,1.19536,1.19549,1.50,1.69
2018.05.02 01:25:38.199,1.19536,1.19549,1.50,1.69
2018.05.02 01:25:39.325,1.19536,1.19549,1.12,1.69
2018.05.02 01:25:40.014,1.19536,1.19549,1.00,2.06
2018.05.02 01:25:49.127,1.19536,1.19548,1.00,1.25
2018.05.02 01:25:49.641,1.19534,1.19548,2.25,1.25
2018.05.02 01:25:50.152,1.19533,1.19548,1.50,2.14
2018.05.02 01:25:51.401,1.19533,1.19548,1.50,2.89
2018.05.02 01:25:51.813,1.19531,1.19546,2.70,1.31
2018.05.02 01:25:52.434,1.19531,1.19546,1.50,2.14
2018.05.02 01:25:53.095,1.19531,1.19544,1.00,1.50
2018.05.02 01:25:54.820,1.1953,1.19544,1.00,1.12
2018.05.02 01:26:01.653,1.19529,1.19543,1.95,1.00
2018.05.02 01:26:01.860,1.19527,1.19542,3.45,1.87
2018.05.02 01:26:02.514,1.19527,1.19541,2.62,1.00
2018.05.02 01:26:03.386,1.19527,1.19542,1.57,1.12
2018.05.02 01:26:03.929,1.19529,1.19544,1.50,1.95
2018.05.02 01:26:16.714,1.19531,1.19545,1.87,1.12
2018.05.02 01:26:17.049,1.19535,1.19549,1.87,2.62
2018.05.02 01:26:46.517,1.19535,1.19547,1.00,1.12
2018.05.02 01:26:46.932,1.19532,1.19546,1.95,1.87
2018.05.02 01:26:47.794,1.19531,1.19545,2.70,1.00
2018.05.02 01:26:48.918,1.19531,1.19545,1.87,1.87
2018.05.02 01:26:49.505,1.19531,1.19544,1.00,1.00
2018.05.02 01:26:52.217,1.19531,1.19545,1.00,1.12
2018.05.02 01:26:53.264,1.19531,1.19545,1.87,1.12
2018.05.02 01:26:58.957,1.19531,1.19545,1.12,1.12
2018.05.02 01:26:59.009,1.1953,1.19543,1.57,1.00
2018.05.02 01:26:59.636,1.1953,1.19544,1.00,1.87
2018.05.02 01:27:00.144,1.1953,1.19544,1.37,1.87
2018.05.02 01:27:08.227,1.1953,1.19544,1.00,2.62
2018.05.02 01:27:14.956,1.1953,1.19544,1.87,1.50
2018.05.02 01:27:15.470,1.19532,1.19545,1.12,1.00
2018.05.02 01:27:15.978,1.19533,1.19548,2.32,1.31
2018.05.02 01:27:21.759,1.19533,1.19546,1.00,2.06
2018.05.02 01:27:22.006,1.19529,1.19542,1.20,1.00
2018.05.02 01:27:23.090,1.19528,1.19542,1.00,1.12
2018.05.02 01:27:24.665,1.19527,1.19541,1.50,1.00
2018.05.02 01:27:25.800,1.19527,1.1954,1.37,1.00
2018.05.02 01:27:26.307,1.19527,1.19541,1.57,1.00
2018.05.02 01:27:26.837,1.19526,1.1954,1.47,1.00
2018.05.02 01:27:28.951,1.19526,1.19541,1.57,1.12
2018.05.02 01:27:29.055,1.19525,1.19538,1.57,1.00
2018.05.02 01:27:31.577,1.19524,1.19538,1.10,1.12
2018.05.02 01:27:40.923,1.19523,1.19538,1.10,1.87
2018.05.02 01:27:41.458,1.19523,1.19536,1.00,1.00
2018.05.02 01:27:46.654,1.19521,1.19536,3.45,1.12
2018.05.02 01:27:48.930,1.19521,1.19535,1.57,1.00
2018.05.02 01:27:50.161,1.19521,1.19536,2.70,1.12
2018.05.02 01:27:51.167,1.19521,1.19535,2.32,1.00
2018.05.02 01:27:51.787,1.19521,1.19534,1.50,1.00
2018.05.02 01:27:52.103,1.19522,1.19536,1.12,1.12
2018.05.02 01:27:52.579,1.19522,1.19534,1.00,1.00
2018.05.02 01:27:52.987,1.1952,1.19534,1.00,1.12
2018.05.02 01:27:53.174,1.1952,1.19532,1.00,1.00
2018.05.02 01:27:59.168,1.19519,1.1953,1.37,1.00
2018.05.02 01:28:01.071,1.19519,1.19532,1.37,1.00
2018.05.02 01:28:01.595,1.19519,1.19533,1.37,1.12
2018.05.02 01:28:02.178,1.19519,1.19532,1.37,1.00
2018.05.02 01:28:03.533,1.19519,1.19533,3.30,1.12
2018.05.02 01:28:03.587,1.19522,1.19535,1.12,1.10
2018.05.02 01:28:03.904,1.19525,1.19538,1.47,1.50
2018.05.02 01:28:05.766,1.19526,1.19538,1.37,1.50
2018.05.02 01:28:06.291,1.19526,1.19539,1.37,1.50
2018.05.02 01:28:06.875,1.19527,1.19539,1.37,1.50
2018.05.02 01:28:07.377,1.19528,1.19539,1.37,1.50
2018.05.02 01:28:07.937,1.19527,1.19539,1.47,1.50
2018.05.02 01:28:11.021,1.19527,1.19542,1.95,2.25
2018.05.02 01:28:11.593,1.19528,1.19542,1.37,2.25
2018.05.02 01:28:12.499,1.19527,1.19542,1.47,1.50
2018.05.02 01:28:14.593,1.19529,1.19542,1.37,1.50
2018.05.02 01:28:15.109,1.1953,1.19543,1.37,2.25
2018.05.02 01:28:15.321,1.1953,1.19543,1.37,1.00
2018.05.02 01:28:19.239,1.1953,1.19544,1.37,1.00
2018.05.02 01:28:20.262,1.19531,1.19545,3.00,1.00
2018.05.02 01:28:20.573,1.19533,1.19547,1.00,1.31
2018.05.02 01:28:21.108,1.19533,1.19546,1.00,1.25
2018.05.02 01:28:22.515,1.19532,1.19547,1.57,1.12
2018.05.02 01:28:23.052,1.19532,1.19546,1.50,1.25
2018.05.02 01:28:23.522,1.19533,1.19548,1.37,1.20
2018.05.02 01:28:24.277,1.19533,1.19548,1.57,1.31
2018.05.02 01:28:24.434,1.19535,1.19548,1.37,1.00
2018.05.02 01:28:24.590,1.19533,1.19548,2.32,1.31
2018.05.02 01:28:25.092,1.19533,1.19548,2.32,1.31
2018.05.02 01:28:25.753,1.19534,1.19548,1.00,1.31
2018.05.02 01:28:26.368,1.19534,1.19548,1.00,1.31
2018.05.02 01:28:30.235,1.19533,1.19546,1.37,1.25
2018.05.02 01:28:30.495,1.19532,1.19545,1.00,1.00
2018.05.02 01:28:30.766,1.1953,1.19543,1.57,1.00
2018.05.02 01:28:36.146,1.1953,1.19544,1.37,1.00
2018.05.02 01:28:40.564,1.1953,1.19543,1.50,1.00
2018.05.02 01:28:42.604,1.19529,1.19543,1.50,1.00
2018.05.02 01:28:43.308,1.19529,1.19544,1.50,1.95
2018.05.02 01:28:52.246,1.1953,1.19544,2.25,1.00
2018.05.02 01:28:52.768,1.19531,1.19544,1.37,1.00
2018.05.02 01:28:53.340,1.19531,1.19545,1.37,1.10
2018.05.02 01:28:53.871,1.19533,1.19546,1.00,1.00
2018.05.02 01:28:57.686,1.19533,1.19547,1.37,1.25
2018.05.02 01:29:06.576,1.19534,1.19548,1.00,2.06
2018.05.02 01:29:07.115,1.19534,1.19548,1.50,1.69
2018.05.02 01:29:07.651,1.19536,1.19548,1.87,1.00
2018.05.02 01:29:08.010,1.19535,1.19548,1.12,1.00
2018.05.02 01:29:09.205,1.19534,1.19547,1.50,1.00
2018.05.02 01:29:11.058,1.19533,1.19547,2.32,1.50
2018.05.02 01:29:12.943,1.19533,1.19546,2.25,1.00
2018.05.02 01:29:13.046,1.19533,1.19544,1.12,1.00
2018.05.02 01:29:13.561,1.19531,1.19545,1.50,1.00
2018.05.02 01:29:14.090,1.19531,1.19544,1.37,1.00
2018.05.02 01:29:14.844,1.1953,1.19544,1.95,1.00
2018.05.02 01:29:16.416,1.1953,1.19542,1.87,1.00
2018.05.02 01:29:16.632,1.19529,1.19542,1.12,1.00
2018.05.02 01:29:18.446,1.19528,1.19542,1.57,1.12
2018.05.02 01:29:21.039,1.19528,1.1954,1.00,1.00
2018.05.02 01:29:21.575,1.19528,1.19541,1.00,1.12
2018.05.02 01:29:37.620,1.19526,1.19541,2.32,1.12
2018.05.02 01:29:37.939,1.19524,1.19539,2.25,1.20
2018.05.02 01:29:38.585,1.19524,1.19538,1.50,1.00
2018.05.02 01:29:50.781,1.19525,1.19538,1.37,1.00
2018.05.02 01:29:50.834,1.19525,1.1954,1.37,2.70
2018.05.02 01:30:00.374,1.19526,1.19541,2.25,1.20
2018.05.02 01:30:00.888,1.19527,1.19542,1.47,1.87
2018.05.02 01:30:03.211,1.19528,1.19543,2.70,1.12
2018.05.02 01:30:05.414,1.19528,1.19542,2.32,1.50
2018.05.02 01:30:06.009,1.19528,1.19542,1.50,1.87
2018.05.02 01:30:06.813,1.19528,1.19542,1.00,2.62
2018.05.02 01:30:09.112,1.19527,1.19541,1.57,1.12
2018.05.02 01:30:09.649,1.19525,1.1954,3.07,1.87
2018.05.02 01:30:09.804,1.19525,1.19538,2.70,1.00
2018.05.02 01:30:10.308,1.19525,1.19538,1.12,1.00
2018.05.02 01:30:10.822,1.19524,1.19538,1.00,1.12
2018.05.02 01:30:27.370,1.19525,1.19539,1.00,1.12
2018.05.02 01:30:30.137,1.19526,1.1954,1.50,1.87
2018.05.02 01:30:30.277,1.19527,1.19542,3.00,1.20
2018.05.02 01:30:32.921,1.19529,1.19542,1.00,1.12
2018.05.02 01:30:33.786,1.19529,1.19543,1.12,2.70
2018.05.02 01:30:43.118,1.19529,1.19544,2.32,2.62
2018.05.02 01:30:43.650,1.19529,1.19544,2.32,2.62
2018.05.02 01:30:43.847,1.19532,1.19545,1.37,2.32
2018.05.02 01:30:43.899,1.19531,1.19545,2.25,1.10
2018.05.02 01:30:43.952,1.19533,1.19547,1.00,1.95
2018.05.02 01:30:44.474,1.19533,1.19547,1.37,1.31
2018.05.02 01:30:44.761,1.1953,1.19545,1.95,1.12
2018.05.02 01:30:46.229,1.19529,1.19544,1.57,1.12
2018.05.02 01:30:47.097,1.19529,1.19543,1.57,1.00
2018.05.02 01:30:51.125,1.19528,1.19542,2.32,1.00
2018.05.02 01:30:51.279,1.19526,1.19541,1.95,1.12
2018.05.02 01:30:53.371,1.19527,1.19541,2.32,1.00
2018.05.02 01:30:54.945,1.19527,1.19542,1.95,1.12
2018.05.02 01:30:55.456,1.19527,1.19541,1.95,1.00
2018.05.02 01:30:55.983,1.19527,1.19541,1.20,1.12
2018.05.02 01:31:02.669,1.19528,1.19542,1.00,1.37
2018.05.02 01:31:09.729,1.19528,1.19543,1.12,3.45
2018.05.02 01:31:18.413,1.19528,1.19544,1.95,3.45
2018.05.02 01:31:18.816,1.1953,1.19544,1.50,1.00
2018.05.02 01:31:18.923,1.19531,1.19546,1.37,2.70
2018.05.02 01:31:19.452,1.19531,1.19545,1.37,1.00
2018.05.02 01:31:21.493,1.1953,1.19544,2.32,1.00
2018.05.02 01:31:22.563,1.1953,1.19543,1.12,1.00
2018.05.02 01:31:23.140,1.19529,1.19542,1.37,1.00
2018.05.02 01:31:29.702,1.19529,1.19543,1.37,1.00
2018.05.02 01:31:30.345,1.19529,1.19544,1.37,1.95
2018.05.02 01:31:34.370,1.1953,1.19545,1.87,1.95
2018.05.02 01:31:34.474,1.19532,1.19546,1.95,1.12
2018.05.02 01:31:37.200,1.19532,1.19546,1.12,1.87
2018.05.02 01:31:37.252,1.1953,1.19542,1.12,1.00
2018.05.02 01:31:37.770,1.19528,1.19541,1.87,1.00
2018.05.02 01:31:39.613,1.19528,1.1954,1.12,1.00
2018.05.02 01:31:40.153,1.19528,1.19541,1.12,1.00
2018.05.02 01:31:40.465,1.19526,1.19537,1.00,1.00
2018.05.02 01:31:44.763,1.19524,1.19537,2.32,1.00
2018.05.02 01:31:45.131,1.19521,1.19533,1.37,1.00
2018.05.02 01:31:52.259,1.19518,1.19531,1.95,1.00
2018.05.02 01:31:52.829,1.19518,1.19531,1.57,1.00
2018.05.02 01:31:54.077,1.19518,1.1953,1.57,1.00
2018.05.02 01:31:59.795,1.19517,1.19529,1.95,1.00
2018.05.02 01:32:01.298,1.19517,1.19529,1.00,1.00
2018.05.02 01:32:01.818,1.19517,1.1953,1.10,1.00
2018.05.02 01:32:06.239,1.19517,1.19529,1.00,1.00
2018.05.02 01:32:20.950,1.19516,1.19527,1.72,1.00
2018.05.02 01:32:21.054,1.19516,1.19529,1.72,1.00
2018.05.02 01:32:21.523,1.19518,1.1953,1.00,1.00
2018.05.02 01:32:22.053,1.19518,1.19532,1.72,1.95
2018.05.02 01:32:22.581,1.1952,1.19533,1.35,1.12
2018.05.02 01:32:24.713,1.19519,1.19534,1.95,1.12
2018.05.02 01:32:27.324,1.19522,1.19537,2.25,1.20
2018.05.02 01:32:31.722,1.19522,1.19535,2.25,1.00
2018.05.02 01:32:38.104,1.19522,1.19534,1.87,1.00
2018.05.02 01:32:39.832,1.19522,1.19536,1.87,1.87
2018.05.02 01:32:48.985,1.19522,1.19534,1.87,1.00
2018.05.02 01:32:52.799,1.1952,1.19531,1.95,1.00
2018.05.02 01:32:53.007,1.19518,1.19531,1.47,1.00
2018.05.02 01:33:01.471,1.19517,1.1953,1.95,1.00
2018.05.02 01:33:12.365,1.19516,1.19528,2.32,1.00
2018.05.02 01:33:12.650,1.19513,1.19526,1.37,1.00
2018.05.02 01:33:17.411,1.19512,1.19525,1.57,1.00
2018.05.02 01:33:17.940,1.19512,1.19524,1.10,1.00
2018.05.02 01:33:24.319,1.19511,1.19525,3.45,1.00
2018.05.02 01:33:24.530,1.19513,1.19528,1.25,1.95
2018.05.02 01:33:25.652,1.19514,1.19528,1.87,1.00
2018.05.02 01:33:26.171,1.19515,1.19529,1.57,1.00
2018.05.02 01:33:29.796,1.19515,1.1953,2.32,1.12
2018.05.02 01:33:30.151,1.19519,1.19534,1.00,3.45
2018.05.02 01:33:30.901,1.1952,1.19534,1.20,1.12
2018.05.02 01:33:39.538,1.19521,1.19535,1.00,1.50
2018.05.02 01:33:44.711,1.1952,1.19534,1.20,1.50
2018.05.02 01:33:46.531,1.19522,1.19536,1.12,3.64
2018.05.02 01:33:46.686,1.19524,1.19538,1.00,1.20
2018.05.02 01:33:51.353,1.19525,1.19539,1.12,1.37
2018.05.02 01:33:51.405,1.19525,1.1954,2.25,1.57
2018.05.02 01:33:55.717,1.19527,1.1954,1.00,1.00
2018.05.02 01:33:56.236,1.19528,1.19542,1.00,2.32
2018.05.02 01:33:58.222,1.19527,1.19541,1.00,1.12
2018.05.02 01:34:04.354,1.19526,1.19538,1.50,1.00
2018.05.02 01:34:04.870,1.19525,1.19539,1.87,1.12
2018.05.02 01:34:05.760,1.19525,1.19539,1.50,1.12
2018.05.02 01:34:15.526,1.19525,1.19538,1.00,1.00
2018.05.02 01:34:16.052,1.19525,1.19539,1.00,1.12
2018.05.02 01:34:17.670,1.19525,1.19538,1.00,1.00
2018.05.02 01:34:17.983,1.19522,1.19535,1.95,1.00
2018.05.02 01:34:18.509,1.19521,1.19534,1.57,1.00
2018.05.02 01:34:27.531,1.19521,1.19535,1.37,1.20
2018.05.02 01:34:28.054,1.19522,1.19536,1.20,1.12
2018.05.02 01:34:28.678,1.19524,1.19537,1.00,1.87
2018.05.02 01:34:29.242,1.19524,1.19538,1.12,1.12
2018.05.02 01:34:30.264,1.19524,1.19538,1.95,1.00
2018.05.02 01:34:31.006,1.19524,1.19537,1.95,1.00
2018.05.02 01:34:32.940,1.19524,1.19538,1.95,1.00
2018.05.02 01:34:38.578,1.19525,1.19539,1.47,1.00
2018.05.02 01:34:49.021,1.19525,1.19537,1.87,1.00
2018.05.02 01:34:49.557,1.19524,1.19538,1.37,1.12
2018.05.02 01:34:55.561,1.19523,1.19537,2.25,1.00
2018.05.02 01:34:56.283,1.19523,1.19536,2.25,1.00
2018.05.02 01:34:56.778,1.19522,1.19534,1.57,1.00
2018.05.02 01:34:57.304,1.19522,1.19535,2.32,1.00
2018.05.02 01:34:57.672,1.1952,1.19532,1.20,1.00
2018.05.02 01:34:58.014,1.19518,1.19529,1.10,1.00
2018.05.02 01:34:58.325,1.19515,1.19527,1.57,1.00
2018.05.02 01:34:59.302,1.19514,1.19527,1.50,1.00
2018.05.02 01:34:59.828,1.19514,1.19526,1.37,1.00
2018.05.02 01:35:00.370,1.19514,1.19527,1.57,1.00
2018.05.02 01:35:03.189,1.19513,1.19527,1.47,1.12
2018.05.02 01:35:05.947,1.19513,1.19526,1.37,1.00
2018.05.02 01:35:06.854,1.19513,1.19525,1.37,1.00
2018.05.02 01:35:15.353,1.19513,1.19526,1.37,1.00
2018.05.02 01:35:30.712,1.1951,1.19525,3.82,1.50
2018.05.02 01:35:30.925,1.1951,1.19523,1.95,1.00
2018.05.02 01:35:31.032,1.1951,1.19525,2.32,1.50
2018.05.02 01:35:32.011,1.1951,1.19524,1.57,1.00
2018.05.02 01:35:38.031,1.1951,1.19523,1.47,1.00
2018.05.02 01:35:49.529,1.19509,1.19523,2.25,1.00
2018.05.02 01:35:50.329,1.19509,1.19522,1.95,1.00
2018.05.02 01:35:50.910,1.19509,1.19521,1.12,1.00
2018.05.02 01:35:54.854,1.19509,1.19519,1.00,1.00
2018.05.02 01:35:55.459,1.19509,1.1952,1.00,1.00
2018.05.02 01:35:56.329,1.19509,1.19519,1.00,1.00
2018.05.02 01:35:57.881,1.19509,1.19521,1.00,2.62
2018.05.02 01:36:01.676,1.19509,1.19519,1.00,1.00
2018.05.02 01:36:02.281,1.19509,1.1952,1.00,1.50
2018.05.02 01:36:12.492,1.19509,1.19522,1.00,2.70
2018.05.02 01:36:13.806,1.19509,1.19524,1.87,2.70
2018.05.02 01:36:27.853,1.1951,1.19524,1.37,1.00
2018.05.02 01:36:28.022,1.19512,1.19524,1.37,1.00
2018.05.02 01:36:28.075,1.19512,1.19527,2.70,1.87
2018.05.02 01:36:28.438,1.19514,1.19529,1.87,1.95
2018.05.02 01:36:29.070,1.19514,1.19528,1.37,1.10
2018.05.02 01:36:29.673,1.19514,1.19529,1.12,2.70
2018.05.02 01:36:42.780,1.19513,1.19528,1.12,2.32
2018.05.02 01:36:43.109,1.19515,1.1953,1.95,1.87
2018.05.02 01:36:48.754,1.19516,1.1953,1.00,1.37
2018.05.02 01:36:49.297,1.19517,1.19531,1.00,2.62
2018.05.02 01:36:49.831,1.19515,1.1953,1.95,1.87
2018.05.02 01:36:52.190,1.19515,1.1953,1.95,1.87
2018.05.02 01:36:52.500,1.19517,1.1953,1.00,1.12
2018.05.02 01:36:54.664,1.19516,1.1953,1.87,1.00
2018.05.02 01:36:55.187,1.19515,1.1953,1.20,2.25
2018.05.02 01:37:06.233,1.19514,1.19529,1.20,2.25
2018.05.02 01:37:07.306,1.19515,1.1953,3.00,1.20
2018.05.02 01:37:09.171,1.19516,1.19531,1.47,3.37
2018.05.02 01:37:23.401,1.19515,1.1953,4.20,1.00
2018.05.02 01:37:23.947,1.19515,1.19529,1.37,1.10
2018.05.02 01:37:24.509,1.19514,1.19529,1.57,1.87
2018.05.02 01:37:26.655,1.19514,1.19529,1.12,2.70
2018.05.02 01:37:26.707,1.19513,1.19525,1.12,1.00
2018.05.02 01:37:27.234,1.19511,1.19525,1.37,1.00
2018.05.02 01:37:27.742,1.1951,1.19524,1.47,1.00
2018.05.02 01:37:28.248,1.19509,1.19523,1.95,1.12
2018.05.02 01:37:29.156,1.19509,1.19521,1.20,1.12
2018.05.02 01:37:30.538,1.19509,1.19522,1.00,1.00
2018.05.02 01:37:30.696,1.19509,1.19524,2.32,2.25
2018.05.02 01:37:32.003,1.19509,1.19524,1.95,1.87
2018.05.02 01:37:33.459,1.19509,1.19524,2.32,1.00
2018.05.02 01:37:34.570,1.19512,1.19527,1.00,2.70
2018.05.02 01:37:35.536,1.19512,1.19527,3.07,1.00
2018.05.02 01:37:38.234,1.19512,1.19526,1.12,1.12
2018.05.02 01:37:39.338,1.19511,1.19526,1.87,2.70
2018.05.02 01:37:49.053,1.1951,1.19525,2.70,1.50
2018.05.02 01:37:49.740,1.1951,1.19524,2.70,1.50
2018.05.02 01:37:50.783,1.19509,1.19524,1.50,4.20
2018.05.02 01:37:54.561,1.19509,1.19522,1.00,1.50
2018.05.02 01:38:17.830,1.19509,1.19522,1.00,1.95
2018.05.02 01:38:17.941,1.19509,1.19519,1.00,1.00
2018.05.02 01:38:18.523,1.19509,1.19521,1.00,2.62
2018.05.02 01:38:19.263,1.19509,1.19521,1.00,1.50
2018.05.02 01:38:29.573,1.19509,1.1952,1.00,1.12
2018.05.02 01:38:31.489,1.19509,1.19521,1.00,2.25
2018.05.02 01:38:32.074,1.19509,1.19522,1.00,1.00
2018.05.02 01:38:36.073,1.19509,1.19523,1.20,1.50
2018.05.02 01:38:37.727,1.19508,1.19519,1.20,1.00
2018.05.02 01:38:37.871,1.1951,1.19523,1.00,1.57
2018.05.02 01:38:38.412,1.19509,1.19523,1.95,1.50
2018.05.02 01:38:39.348,1.1951,1.19523,1.00,1.50
2018.05.02 01:38:40.020,1.19509,1.19523,2.32,1.50
2018.05.02 01:38:44.543,1.1951,1.19523,1.57,1.00
2018.05.02 01:38:45.057,1.19511,1.19525,1.00,2.25
2018.05.02 01:38:45.582,1.1951,1.19525,1.57,2.25
2018.05.02 01:38:52.434,1.19511,1.19524,1.00,1.00
2018.05.02 01:38:53.182,1.1951,1.19524,1.95,1.00
2018.05.02 01:39:07.850,1.19509,1.19523,1.57,1.12
2018.05.02 01:39:08.402,1.19509,1.19523,2.32,1.87
2018.05.02 01:39:10.881,1.19509,1.19523,1.87,1.50
2018.05.02 01:39:12.502,1.19509,1.19523,1.95,1.87
2018.05.02 01:39:14.424,1.1951,1.19523,1.50,1.87
2018.05.02 01:39:14.477,1.19511,1.19524,1.00,1.00
2018.05.02 01:39:26.207,1.19512,1.19525,1.12,1.50
2018.05.02 01:39:27.337,1.19512,1.19526,1.12,2.62
2018.05.02 01:39:27.945,1.19512,1.19526,1.12,2.62
2018.05.02 01:39:28.073,1.19514,1.19526,1.87,1.00
2018.05.02 01:39:28.594,1.19515,1.19527,1.00,1.00
2018.05.02 01:39:36.869,1.19514,1.19527,1.87,1.00
2018.05.02 01:39:37.376,1.19513,1.19526,1.12,1.12
2018.05.02 01:39:41.717,1.19513,1.19527,1.12,1.50
2018.05.02 01:39:43.451,1.19512,1.19526,2.62,1.00
2018.05.02 01:39:46.525,1.19512,1.19526,1.00,2.62
2018.05.02 01:39:47.235,1.1951,1.19526,3.82,3.37
2018.05.02 01:39:49.728,1.1951,1.19524,1.95,1.00
2018.05.02 01:39:50.432,1.19511,1.19525,1.10,2.62
2018.05.02 01:39:59.308,1.19511,1.19525,1.20,1.50
2018.05.02 01:40:02.565,1.19512,1.19526,1.00,3.37
2018.05.02 01:40:02.673,1.19515,1.19529,1.12,1.12
2018.05.02 01:40:03.227,1.19515,1.19529,1.12,1.87
2018.05.02 01:40:04.114,1.19514,1.19529,2.70,2.62
2018.05.02 01:40:23.148,1.19516,1.19529,1.12,1.00
2018.05.02 01:40:23.915,1.19517,1.19529,1.00,1.00
2018.05.02 01:40:24.574,1.19517,1.1953,1.00,1.00
2018.05.02 01:40:25.522,1.19516,1.1953,1.12,1.00
2018.05.02 01:40:33.633,1.19514,1.1953,3.82,3.37
2018.05.02 01:40:34.164,1.19516,1.19529,1.00,1.12
2018.05.02 01:40:34.824,1.19516,1.1953,1.12,1.50
2018.05.02 01:40:54.393,1.19515,1.19529,1.95,1.00
2018.05.02 01:40:54.652,1.19514,1.19528,1.12,1.50
2018.05.02 01:40:55.685,1.19514,1.19528,1.12,2.62
2018.05.02 01:40:57.064,1.19514,1.19527,1.12,1.50
2018.05.02 01:41:05.223,1.19512,1.19527,3.30,2.62
2018.05.02 01:41:05.947,1.19511,1.19526,4.42,1.50
2018.05.02 01:41:06.601,1.19511,1.19526,4.05,1.87
2018.05.02 01:41:22.275,1.19512,1.19525,1.00,3.37
2018.05.02 01:41:22.483,1.19517,1.19528,1.00,1.20
2018.05.02 01:41:22.588,1.1952,1.19532,1.00,1.00
2018.05.02 01:41:23.093,1.19519,1.19533,1.00,2.25
2018.05.02 01:41:24.137,1.19519,1.19532,1.00,1.87
2018.05.02 01:41:24.744,1.19517,1.19532,1.95,1.87
2018.05.02 01:41:25.275,1.19517,1.19532,1.12,2.70
2018.05.02 01:41:25.754,1.19519,1.19532,1.00,1.95
2018.05.02 01:41:26.730,1.1952,1.19533,1.00,2.25
2018.05.02 01:41:27.244,1.19519,1.19535,3.07,3.07
2018.05.02 01:41:33.541,1.19521,1.19535,1.00,3.07
2018.05.02 01:41:41.251,1.19521,1.19534,1.00,1.37
2018.05.02 01:41:41.766,1.1952,1.19534,1.12,1.37
2018.05.02 01:41:43.682,1.1952,1.19533,1.87,1.00
2018.05.02 01:41:47.940,1.19521,1.19534,1.50,2.70
2018.05.02 01:41:52.968,1.1952,1.19534,1.87,1.87
2018.05.02 01:42:17.177,1.19521,1.19534,1.00,1.47
2018.05.02 01:42:20.990,1.1952,1.19534,1.87,1.37
2018.05.02 01:42:27.641,1.19519,1.19532,1.87,1.00
2018.05.02 01:42:53.151,1.19519,1.19533,1.12,1.00
2018.05.02 01:42:56.468,1.1952,1.19534,1.00,1.37
2018.05.02 01:42:57.113,1.1952,1.19535,1.12,4.20
2018.05.02 01:42:59.011,1.19521,1.19535,1.00,3.45
2018.05.02 01:43:00.128,1.19519,1.19535,4.57,4.20
2018.05.02 01:43:00.465,1.19519,1.19534,4.12,1.85
2018.05.02 01:43:03.249,1.19519,1.19533,1.12,1.37
2018.05.02 01:43:05.936,1.1952,1.19533,1.00,1.50
2018.05.02 01:43:09.972,1.19519,1.19534,2.62,3.07
2018.05.02 01:43:33.405,1.1952,1.19534,1.00,1.95
2018.05.02 01:43:37.180,1.19519,1.19534,2.62,1.95
2018.05.02 01:43:44.320,1.19519,1.19534,2.62,2.70
2018.05.02 01:43:44.849,1.19519,1.19534,1.87,3.07
2018.05.02 01:43:47.732,1.1952,1.19533,1.00,2.25
2018.05.02 01:43:47.837,1.19518,1.19532,1.87,1.00
2018.05.02 01:43:53.955,1.19518,1.19531,1.12,1.00
2018.05.02 01:43:55.222,1.19517,1.19532,2.62,3.07
2018.05.02 01:44:06.122,1.1952,1.19533,1.00,1.00
2018.05.02 01:44:06.431,1.19522,1.19537,1.87,2.51
2018.05.02 01:44:07.491,1.19522,1.19537,3.45,1.50
2018.05.02 01:44:07.711,1.19523,1.19538,2.62,2.32
2018.05.02 01:44:08.046,1.19525,1.19539,1.47,1.56
2018.05.02 01:44:08.098,1.19525,1.19541,3.75,2.89
2018.05.02 01:44:08.150,1.19525,1.1954,3.00,1.01
2018.05.02 01:44:08.354,1.19525,1.19541,3.82,2.14
2018.05.02 01:44:17.269,1.19527,1.19541,1.87,2.06
2018.05.02 01:44:22.061,1.19527,1.19542,2.70,1.56
2018.05.02 01:44:30.046,1.19527,1.1954,1.50,1.25
2018.05.02 01:44:30.098,1.19527,1.1954,1.00,1.12
2018.05.02 01:44:30.202,1.19527,1.19541,1.10,1.56
2018.05.02 01:44:30.254,1.19527,1.19542,1.95,1.00
2018.05.02 01:44:30.682,1.19527,1.19542,2.70,1.37
2018.05.02 01:44:36.285,1.19527,1.19542,1.87,2.51
2018.05.02 01:44:38.177,1.19527,1.19542,2.62,1.66
2018.05.02 01:44:38.385,1.19525,1.1954,1.87,1.66
2018.05.02 01:44:38.896,1.19524,1.1954,2.70,2.14
2018.05.02 01:44:45.057,1.19525,1.1954,2.32,1.37
2018.05.02 01:44:52.201,1.19524,1.19539,1.87,1.95
2018.05.02 01:44:53.096,1.19523,1.19538,1.37,3.45
2018.05.02 01:44:53.204,1.19523,1.19535,1.12,1.00
2018.05.02 01:44:53.359,1.19521,1.19535,1.20,1.12
2018.05.02 01:44:53.878,1.1952,1.19535,1.95,2.62
2018.05.02 01:44:54.548,1.1952,1.19535,1.95,2.62
2018.05.02 01:44:55.434,1.1952,1.19534,1.37,1.00
2018.05.02 01:44:55.964,1.19519,1.19534,1.07,1.87
2018.05.02 01:44:56.518,1.19518,1.19534,3.45,2.25
2018.05.02 01:45:00.300,1.1952,1.19534,1.37,1.50
2018.05.02 01:45:01.522,1.1952,1.19535,1.37,3.45
2018.05.02 01:45:05.608,1.19519,1.19534,1.57,1.00
2018.05.02 01:45:07.783,1.19519,1.19533,1.00,1.87
2018.05.02 01:45:08.493,1.1952,1.19533,1.12,1.50
2018.05.02 01:45:09.024,1.1952,1.19534,1.12,1.50
2018.05.02 01:45:15.472,1.1952,1.19535,3.07,1.12
2018.05.02 01:45:16.021,1.19521,1.19535,1.00,1.87
2018.05.02 01:45:19.333,1.19519,1.19534,2.32,1.87
2018.05.02 01:45:19.867,1.19519,1.19534,1.95,1.87
2018.05.02 01:45:20.412,1.19519,1.19534,1.87,1.95
2018.05.02 01:45:23.194,1.19521,1.19535,1.12,1.20
2018.05.02 01:45:23.756,1.19519,1.19534,2.70,1.00
2018.05.02 01:45:26.073,1.19519,1.19534,1.87,1.57
2018.05.02 01:45:28.048,1.19522,1.19535,1.00,1.95
2018.05.02 01:45:28.562,1.19521,1.19536,1.87,2.51
2018.05.02 01:45:30.083,1.19522,1.19536,1.00,2.14
2018.05.02 01:45:30.643,1.19522,1.19537,1.87,2.14
2018.05.02 01:45:30.958,1.19525,1.19537,1.00,1.00
2018.05.02 01:45:32.319,1.19525,1.19537,1.00,1.70
2018.05.02 01:45:33.404,1.19525,1.19537,1.00,1.70
2018.05.02 01:45:37.067,1.19525,1.19537,1.00,1.70
2018.05.02 01:45:41.017,1.19527,1.19537,1.00,1.20
2018.05.02 01:45:41.576,1.19527,1.19538,1.00,1.39
2018.05.02 01:45:49.067,1.19528,1.1954,1.00,1.45
2018.05.02 01:45:49.603,1.19528,1.19539,1.00,1.01
2018.05.02 01:45:50.109,1.19526,1.19538,4.12,1.01
2018.05.02 01:45:55.883,1.1953,1.19539,1.12,1.01
2018.05.02 01:45:55.987,1.19533,1.19545,1.00,1.95
2018.05.02 01:45:56.039,1.19534,1.19541,1.00,1.00
2018.05.02 01:45:56.094,1.19535,1.19544,1.00,1.20
2018.05.02 01:45:56.146,1.19535,1.19546,1.00,1.45
2018.05.02 01:45:56.296,1.19535,1.19542,1.00,1.25
2018.05.02 01:45:56.451,1.19535,1.19546,1.00,1.45
2018.05.02 01:45:56.604,1.19535,1.19542,1.00,1.25
2018.05.02 01:45:57.369,1.19535,1.19541,1.00,1.00
2018.05.02 01:45:57.874,1.19535,1.19542,1.00,1.25
2018.05.02 01:45:58.861,1.19535,1.19541,1.00,1.00
2018.05.02 01:45:59.016,1.19533,1.19541,1.12,1.00
2018.05.02 01:45:59.538,1.19532,1.19541,1.12,1.25
2018.05.02 01:46:00.047,1.19531,1.19542,2.62,1.39
2018.05.02 01:46:00.563,1.19531,1.19541,1.87,1.01
2018.05.02 01:46:03.060,1.1953,1.1954,1.37,1.25
2018.05.02 01:46:03.650,1.19529,1.1954,2.62,1.25
2018.05.02 01:46:03.883,1.19532,1.19541,1.00,1.25
2018.05.02 01:46:04.094,1.19535,1.19545,1.00,1.10
2018.05.02 01:46:04.355,1.19537,1.19547,1.00,1.45
2018.05.02 01:46:04.408,1.19537,1.19548,1.00,2.51
2018.05.02 01:46:07.397,1.19536,1.19547,1.00,1.39
2018.05.02 01:46:07.966,1.19537,1.19547,1.00,1.39
2018.05.02 01:46:08.978,1.19536,1.19547,1.00,1.39
2018.05.02 01:46:17.502,1.19536,1.19547,1.00,2.14
2018.05.02 01:46:18.021,1.19536,1.19547,1.00,1.39
2018.05.02 01:46:20.789,1.19534,1.19546,1.50,1.25
2018.05.02 01:46:20.843,1.19536,1.19546,1.00,1.01
2018.05.02 01:46:21.054,1.19534,1.19547,1.00,2.89
2018.05.02 01:46:25.666,1.19532,1.19546,1.50,2.14
2018.05.02 01:46:25.719,1.1953,1.19545,1.37,2.14
2018.05.02 01:46:26.031,1.19532,1.19546,1.12,4.01
2018.05.02 01:46:26.190,1.19535,1.19545,1.00,1.45
2018.05.02 01:46:26.241,1.19535,1.19547,1.50,2.51
2018.05.02 01:46:26.936,1.19536,1.19547,1.00,1.39
2018.05.02 01:46:38.079,1.19537,1.19547,1.00,1.01
2018.05.02 01:46:38.692,1.19536,1.19548,1.00,2.89
2018.05.02 01:46:39.069,1.19534,1.19547,1.00,1.12
2018.05.02 01:46:39.227,1.19533,1.19547,1.87,2.51
2018.05.02 01:46:40.226,1.19532,1.19546,2.62,1.76
2018.05.02 01:46:40.785,1.19533,1.19546,1.00,1.76
2018.05.02 01:46:41.303,1.19533,1.19546,1.50,1.39
2018.05.02 01:46:42.340,1.19533,1.19546,1.87,1.76
2018.05.02 01:46:43.393,1.19533,1.19546,1.50,1.76
2018.05.02 01:46:45.180,1.19534,1.19546,1.00,1.29
2018.05.02 01:46:45.419,1.19535,1.19547,1.00,1.39
2018.05.02 01:46:49.798,1.19536,1.19547,1.00,1.76
2018.05.02 01:46:50.480,1.19536,1.19547,1.00,1.39
2018.05.02 01:46:59.235,1.19536,1.19547,1.00,1.39
2018.05.02 01:47:00.468,1.19535,1.19546,1.00,1.19
2018.05.02 01:47:01.036,1.19535,1.19547,1.00,1.76
2018.05.02 01:47:02.702,1.19533,1.19546,1.87,1.39
2018.05.02 01:47:02.912,1.19531,1.19545,3.37,1.39
2018.05.02 01:47:03.120,1.19531,1.19543,1.00,1.57
2018.05.02 01:47:05.839,1.19531,1.19543,1.00,1.95
2018.05.02 01:47:05.992,1.19531,1.19543,1.00,1.20
2018.05.02 01:47:06.788,1.19531,1.19543,1.00,1.07
2018.05.02 01:47:07.851,1.19531,1.19543,1.00,1.10
2018.05.02 01:47:15.740,1.19531,1.19543,1.00,1.07
2018.05.02 01:47:15.843,1.19533,1.19544,1.00,1.57
2018.05.02 01:47:15.997,1.19531,1.19545,2.62,1.76
2018.05.02 01:47:16.151,1.19533,1.19545,1.50,1.10
2018.05.02 01:47:17.287,1.19533,1.19546,1.00,2.51
2018.05.02 01:47:20.796,1.19533,1.19546,1.00,3.64
2018.05.02 01:47:22.091,1.19533,1.19546,1.00,3.64
2018.05.02 01:47:24.728,1.19533,1.19546,1.50,2.14
2018.05.02 01:47:25.812,1.19533,1.19546,2.62,1.01
2018.05.02 01:47:27.308,1.19532,1.19546,2.62,2.14
2018.05.02 01:47:29.682,1.19532,1.19546,1.00,2.51
2018.05.02 01:47:30.318,1.19532,1.19546,1.00,2.51
2018.05.02 01:47:30.865,1.19531,1.19545,1.50,1.26
2018.05.02 01:47:31.400,1.1953,1.19544,1.12,2.14
2018.05.02 01:47:32.535,1.19529,1.19544,3.37,2.14
2018.05.02 01:47:33.128,1.19529,1.19543,1.87,1.57
2018.05.02 01:47:34.437,1.19529,1.19543,1.50,1.76
2018.05.02 01:47:34.946,1.19527,1.19542,2.62,3.45
2018.05.02 01:47:35.599,1.19527,1.19542,2.62,3.45
2018.05.02 01:47:35.935,1.19526,1.19541,1.50,3.07
2018.05.02 01:47:46.208,1.19528,1.19541,1.12,1.95
2018.05.02 01:47:46.468,1.1953,1.19544,1.37,1.95
2018.05.02 01:47:47.619,1.19529,1.19544,2.25,3.26
2018.05.02 01:47:56.690,1.19531,1.19544,1.00,1.95
2018.05.02 01:47:56.982,1.19534,1.19546,1.00,2.89
2018.05.02 01:47:57.502,1.19533,1.19547,1.87,1.39
2018.05.02 01:47:58.515,1.19533,1.19547,1.87,1.39
2018.05.02 01:47:58.672,1.19531,1.19546,2.62,2.89
2018.05.02 01:47:59.182,1.19531,1.19545,1.12,3.26
2018.05.02 01:48:00.443,1.1953,1.19544,1.00,1.07
2018.05.02 01:48:01.800,1.19529,1.19544,2.62,2.14
2018.05.02 01:48:04.426,1.19529,1.19543,1.87,1.57
2018.05.02 01:48:05.231,1.19528,1.19542,1.50,1.07
2018.05.02 01:48:05.991,1.19528,1.19543,1.50,2.70
2018.05.02 01:48:11.602,1.19528,1.19542,1.12,1.87
2018.05.02 01:48:18.955,1.19529,1.19542,1.00,1.12
2018.05.02 01:48:19.535,1.19529,1.19544,2.70,2.06
2018.05.02 01:48:20.481,1.19529,1.19544,2.32,2.81
2018.05.02 01:48:26.773,1.19529,1.19543,1.00,2.06
2018.05.02 01:48:27.329,1.19528,1.19543,1.00,2.89
2018.05.02 01:48:29.383,1.19529,1.19542,1.00,1.00
2018.05.02 01:48:29.852,1.19527,1.19541,1.50,1.50
2018.05.02 01:48:30.337,1.19525,1.1954,4.95,1.50
2018.05.02 01:48:46.746,1.19525,1.1954,1.50,1.95
2018.05.02 01:48:53.688,1.19525,1.19539,1.12,3.45
2018.05.02 01:49:06.873,1.19524,1.19538,1.12,1.00
2018.05.02 01:49:23.510,1.19525,1.19538,1.00,1.00
2018.05.02 01:49:23.742,1.19525,1.1954,3.82,1.12
2018.05.02 01:49:24.305,1.19527,1.1954,1.00,1.12
2018.05.02 01:49:30.414,1.19525,1.1954,2.32,1.12
2018.05.02 01:49:47.584,1.19525,1.1954,2.70,1.50
2018.05.02 01:49:50.902,1.19527,1.19539,1.00,1.00
2018.05.02 01:49:51.277,1.19527,1.19541,1.87,1.00
2018.05.02 01:49:55.030,1.19527,1.19542,2.32,1.87
2018.05.02 01:49:55.390,1.1953,1.19544,1.00,1.76
2018.05.02 01:49:56.130,1.1953,1.19544,1.12,1.25
2018.05.02 01:49:59.827,1.19531,1.19546,2.62,2.14
2018.05.02 01:50:01.142,1.19531,1.19546,1.57,2.81
2018.05.02 01:50:05.222,1.19532,1.19546,1.00,2.81
2018.05.02 01:50:05.772,1.19533,1.19547,1.20,2.06
2018.05.02 01:50:08.379,1.19534,1.19547,1.00,1.31
2018.05.02 01:50:09.021,1.19533,1.19547,1.95,1.31
2018.05.02 01:50:09.704,1.19533,1.19547,1.47,1.31
2018.05.02 01:50:13.500,1.19533,1.19546,1.47,1.25
2018.05.02 01:50:14.202,1.19533,1.19546,1.20,1.25
2018.05.02 01:50:21.282,1.19532,1.19546,1.57,2.06
2018.05.02 01:50:21.831,1.19531,1.19546,2.70,3.19
2018.05.02 01:50:22.343,1.19531,1.19546,1.95,3.94
2018.05.02 01:50:22.887,1.19531,1.19546,1.10,4.31
2018.05.02 01:50:23.711,1.19532,1.19546,1.00,3.56
2018.05.02 01:50:24.447,1.19531,1.19546,3.45,3.19
2018.05.02 01:50:26.568,1.19531,1.19545,3.45,1.31
2018.05.02 01:50:27.080,1.19531,1.19546,3.45,2.44
2018.05.02 01:50:27.737,1.19533,1.19547,1.00,2.89
2018.05.02 01:50:28.507,1.19533,1.19547,1.00,2.81
2018.05.02 01:50:29.282,1.19532,1.19546,1.95,1.31
2018.05.02 01:50:29.905,1.1953,1.19545,2.70,2.44
2018.05.02 01:50:35.695,1.1953,1.19544,1.00,1.69
2018.05.02 01:50:36.265,1.19529,1.19544,1.12,4.76
2018.05.02 01:50:36.702,1.19528,1.19541,1.00,1.12
2018.05.02 01:50:37.215,1.19527,1.19541,1.12,3.37
2018.05.02 01:50:37.755,1.19526,1.1954,1.12,1.00
2018.05.02 01:50:38.195,1.19526,1.19539,1.00,1.50
2018.05.02 01:50:38.300,1.19524,1.19539,1.20,3.00
2018.05.02 01:50:40.438,1.19525,1.19539,1.00,1.50
2018.05.02 01:50:40.490,1.19527,1.19541,1.37,1.10
2018.05.02 01:50:40.595,1.19525,1.19541,3.07,1.87
2018.05.02 01:50:41.204,1.19527,1.19541,1.12,1.12
2018.05.02 01:50:57.362,1.19528,1.19542,1.00,2.62
2018.05.02 01:50:57.517,1.19529,1.19544,1.87,3.45
2018.05.02 01:50:58.056,1.1953,1.19544,2.70,1.00
2018.05.02 01:50:58.606,1.19531,1.19544,1.00,1.00
2018.05.02 01:51:15.674,1.1953,1.19545,2.70,1.69
2018.05.02 01:51:16.734,1.1953,1.19544,1.00,2.89
2018.05.02 01:51:32.745,1.19528,1.19543,2.62,1.01
2018.05.02 01:51:42.212,1.19528,1.19543,1.50,1.39
2018.05.02 01:51:55.421,1.19529,1.19543,1.00,2.14
2018.05.02 01:51:55.972,1.1953,1.19544,1.00,2.14
2018.05.02 01:51:56.492,1.1953,1.19544,1.12,1.39
2018.05.02 01:52:04.306,1.19531,1.19545,1.00,1.76
2018.05.02 01:52:04.836,1.19532,1.19545,1.00,1.76
2018.05.02 01:52:05.374,1.19532,1.19546,1.50,1.95
2018.05.02 01:52:07.758,1.19534,1.19546,1.00,1.25
2018.05.02 01:52:08.442,1.19537,1.19548,1.00,1.20
2018.05.02 01:52:08.836,1.1954,1.1955,1.00,2.14
2018.05.02 01:52:10.081,1.19542,1.1955,1.00,1.12
2018.05.02 01:52:13.461,1.19538,1.19548,1.00,1.00
2018.05.02 01:52:13.774,1.19535,1.19548,1.00,1.39
2018.05.02 01:52:14.071,1.19534,1.19548,1.00,2.89
2018.05.02 01:52:14.602,1.19533,1.19548,1.50,3.26
2018.05.02 01:52:28.079,1.19533,1.19548,1.00,4.57
2018.05.02 01:52:29.596,1.19533,1.19548,1.00,4.39
2018.05.02 01:52:38.417,1.19533,1.19548,1.00,5.70
2018.05.02 01:52:40.035,1.19534,1.19548,1.00,4.39
2018.05.02 01:52:40.620,1.19533,1.19548,2.25,3.64
2018.05.02 01:52:51.909,1.19533,1.19547,1.12,1.76
2018.05.02 01:52:52.427,1.19532,1.19546,1.00,1.39
2018.05.02 01:52:53.091,1.19531,1.19546,1.50,2.89
2018.05.02 01:52:57.063,1.19531,1.19545,1.12,1.37
2018.05.02 01:52:57.581,1.1953,1.19545,1.87,2.32
2018.05.02 01:53:00.841,1.1953,1.19542,1.50,1.37
2018.05.02 01:53:00.995,1.1953,1.19544,1.87,1.07
2018.05.02 01:53:01.474,1.1953,1.19542,1.50,1.57
2018.05.02 01:53:01.582,1.19528,1.19542,1.87,1.82
2018.05.02 01:53:02.063,1.19526,1.1954,1.12,1.45
2018.05.02 01:53:04.555,1.19524,1.19536,2.62,1.47
2018.05.02 01:53:05.067,1.19522,1.19538,1.87,3.45
2018.05.02 01:53:05.610,1.19522,1.19538,2.62,3.45
2018.05.02 01:53:06.215,1.19522,1.19537,1.37,1.45
2018.05.02 01:53:11.335,1.19522,1.19537,1.37,1.45
2018.05.02 01:53:11.854,1.19523,1.19537,1.37,1.07
2018.05.02 01:53:12.968,1.19523,1.19539,3.00,3.07
2018.05.02 01:53:13.561,1.19523,1.19537,3.00,1.20
2018.05.02 01:53:20.018,1.19524,1.19538,1.37,1.45
2018.05.02 01:53:20.531,1.19524,1.19537,1.37,1.20
2018.05.02 01:53:21.344,1.19523,1.19536,2.62,1.20
2018.05.02 01:53:21.975,1.19523,1.19537,2.62,1.20
2018.05.02 01:53:30.536,1.19522,1.19537,1.37,1.95
2018.05.02 01:53:30.868,1.19521,1.19535,2.62,1.20
2018.05.02 01:53:31.544,1.19521,1.19533,1.37,1.20
2018.05.02 01:53:31.883,1.19526,1.19539,1.37,1.45
2018.05.02 01:53:32.422,1.19527,1.19541,1.50,1.45
2018.05.02 01:53:33.051,1.19527,1.19541,3.00,1.45
2018.05.02 01:53:35.583,1.19527,1.19542,3.00,2.32
2018.05.02 01:53:41.028,1.19528,1.19541,1.00,1.95
2018.05.02 01:53:41.309,1.19526,1.1954,1.87,1.45
2018.05.02 01:53:41.871,1.19526,1.1954,1.87,1.45
2018.05.02 01:53:42.326,1.19529,1.1954,1.12,1.20
2018.05.02 01:53:42.495,1.19529,1.19543,1.87,1.45
2018.05.02 01:53:43.014,1.19529,1.19544,1.37,3.07
2018.05.02 01:53:46.382,1.1953,1.19544,1.87,1.57
2018.05.02 01:53:48.011,1.1953,1.19544,1.87,1.45
2018.05.02 01:53:48.169,1.19532,1.19545,1.37,1.45
2018.05.02 01:53:53.084,1.19532,1.19545,1.37,1.45
2018.05.02 01:53:53.599,1.19532,1.19545,1.37,1.45
2018.05.02 01:53:54.137,1.19532,1.19545,1.37,1.45
2018.05.02 01:53:57.201,1.19532,1.19546,1.37,1.45
2018.05.02 01:54:05.394,1.19532,1.19546,1.37,1.45
2018.05.02 01:54:06.055,1.19532,1.19547,1.37,3.64
2018.05.02 01:54:06.422,1.19533,1.19548,1.57,2.06
2018.05.02 01:54:08.749,1.19535,1.19548,1.00,1.31
2018.05.02 01:54:09.102,1.19536,1.1955,1.12,2.81
2018.05.02 01:54:11.356,1.19537,1.19549,1.00,1.25
2018.05.02 01:54:11.904,1.19534,1.19549,1.95,3.19
2018.05.02 01:54:11.956,1.19534,1.19549,1.95,3.94
2018.05.02 01:54:12.112,1.19532,1.19547,2.70,1.19
2018.05.02 01:54:12.866,1.19532,1.19547,2.70,2.25
2018.05.02 01:54:19.464,1.19533,1.19548,1.00,4.39
2018.05.02 01:54:19.981,1.19533,1.19548,1.12,2.51
2018.05.02 01:54:21.244,1.19533,1.19548,1.00,3.64
2018.05.02 01:54:26.843,1.19534,1.19548,1.00,2.89
2018.05.02 01:54:26.997,1.19536,1.19549,1.12,1.12
2018.05.02 01:54:27.609,1.19535,1.19549,3.45,2.81
2018.05.02 01:54:28.129,1.19535,1.19549,1.95,2.81
2018.05.02 01:54:28.389,1.19532,1.19547,1.95,1.69
2018.05.02 01:54:29.338,1.19532,1.19546,1.50,1.62
2018.05.02 01:54:29.986,1.19531,1.19546,1.95,2.44
2018.05.02 01:54:31.416,1.1953,1.19545,1.95,1.87
2018.05.02 01:54:31.725,1.19529,1.19543,1.00,1.87
2018.05.02 01:54:32.278,1.19531,1.19544,1.00,1.87
2018.05.02 01:54:32.901,1.19529,1.19544,1.20,1.50
2018.05.02 01:54:33.976,1.19529,1.19544,1.20,2.62
2018.05.02 01:54:34.840,1.19529,1.19538,1.20,1.00
2018.05.02 01:54:34.893,1.19528,1.19542,1.12,1.57
2018.05.02 01:54:35.271,1.19529,1.19544,3.00,3.45
2018.05.02 01:54:35.611,1.19532,1.19547,1.12,2.89
2018.05.02 01:54:39.242,1.19532,1.19545,1.00,1.12
2018.05.02 01:54:39.751,1.19532,1.19547,3.45,1.62
2018.05.02 01:54:40.260,1.19534,1.19548,1.00,2.81
2018.05.02 01:54:40.519,1.19535,1.19549,1.12,3.56
2018.05.02 01:54:42.408,1.19535,1.19548,1.00,1.31
2018.05.02 01:54:42.919,1.19534,1.19548,1.87,1.31
2018.05.02 01:54:43.720,1.19534,1.19548,1.95,1.31
2018.05.02 01:54:44.875,1.19534,1.19548,1.95,1.31
2018.05.02 01:54:45.386,1.19534,1.19549,4.20,3.94
2018.05.02 01:54:45.994,1.19534,1.19549,3.45,3.56
2018.05.02 01:54:51.530,1.19537,1.19549,1.50,1.25
2018.05.02 01:54:51.942,1.19538,1.19549,2.25,1.00
2018.05.02 01:54:51.996,1.19537,1.19549,1.57,1.00
2018.05.02 01:54:52.497,1.19538,1.19549,1.50,1.00
2018.05.02 01:54:53.106,1.19538,1.1955,1.50,2.06
2018.05.02 01:54:53.646,1.19536,1.19549,3.07,1.87
2018.05.02 01:54:54.175,1.19536,1.19549,1.00,2.44
2018.05.02 01:54:55.312,1.19535,1.19549,1.20,3.56
2018.05.02 01:54:55.824,1.19533,1.19548,1.57,2.44
2018.05.02 01:54:59.270,1.19533,1.19547,1.20,1.19
2018.05.02 01:54:59.793,1.19534,1.19547,1.00,1.25
2018.05.02 01:55:00.528,1.19533,1.19547,1.12,1.25
2018.05.02 01:55:01.075,1.19532,1.19546,1.95,1.25
2018.05.02 01:55:02.075,1.19532,1.19545,1.00,1.87
2018.05.02 01:55:02.592,1.19532,1.19544,1.00,1.87
2018.05.02 01:55:03.644,1.19532,1.19544,1.00,1.00
2018.05.02 01:55:04.856,1.19532,1.19546,1.10,1.37
2018.05.02 01:55:05.222,1.1953,1.19545,3.07,1.37
2018.05.02 01:55:06.455,1.1953,1.19545,4.57,1.37
2018.05.02 01:55:07.525,1.19532,1.19545,1.00,1.37
2018.05.02 01:55:08.175,1.19532,1.19546,1.10,1.69
2018.05.02 01:55:09.223,1.19531,1.19545,1.20,1.37
2018.05.02 01:55:09.741,1.19531,1.19543,1.00,1.00
2018.05.02 01:55:12.113,1.19531,1.19544,1.00,1.00
2018.05.02 01:55:12.334,1.19532,1.19546,1.12,1.50
2018.05.02 01:55:12.842,1.19533,1.19546,1.00,1.00
2018.05.02 01:55:13.344,1.19531,1.19546,3.45,1.00
2018.05.02 01:55:13.883,1.19533,1.19547,1.00,3.26
2018.05.02 01:55:15.099,1.19531,1.19546,3.45,1.37
2018.05.02 01:55:15.701,1.19532,1.19547,1.00,3.07
2018.05.02 01:55:16.298,1.19531,1.19546,2.70,1.37
2018.05.02 01:55:17.024,1.19531,1.19546,3.07,1.00
2018.05.02 01:55:17.628,1.19533,1.19546,1.00,1.00
2018.05.02 01:55:21.024,1.19532,1.19547,1.10,3.94
2018.05.02 01:55:21.554,1.19531,1.19546,2.70,1.62
2018.05.02 01:55:22.491,1.19531,1.19546,3.07,1.25
2018.05.02 01:55:26.123,1.19532,1.19547,1.47,3.56
2018.05.02 01:55:26.691,1.19533,1.19547,1.20,1.00
2018.05.02 01:55:34.282,1.19532,1.19547,1.57,1.69
2018.05.02 01:55:36.649,1.19533,1.19548,3.75,2.14
2018.05.02 01:55:37.362,1.19534,1.19548,1.12,2.06
2018.05.02 01:55:42.951,1.19534,1.19548,1.12,2.06
2018.05.02 01:55:43.499,1.19533,1.19548,1.47,2.44
2018.05.02 01:55:44.854,1.19533,1.19548,1.47,3.19
2018.05.02 01:55:45.375,1.19533,1.19548,3.07,2.44
2018.05.02 01:55:46.532,1.19534,1.19548,1.20,2.44
2018.05.02 01:55:47.080,1.19535,1.19548,1.00,2.44
2018.05.02 01:55:47.700,1.19534,1.19548,3.07,1.12
2018.05.02 01:55:50.182,1.19536,1.19548,1.00,1.31
2018.05.02 01:55:50.235,1.19534,1.19548,1.57,1.31
2018.05.02 01:55:50.525,1.1954,1.1955,1.00,2.81
2018.05.02 01:55:51.071,1.1954,1.19549,1.00,1.00
2018.05.02 01:55:51.826,1.1954,1.19551,1.00,3.75
2018.05.02 01:55:52.325,1.1954,1.19549,1.00,1.00
2018.05.02 01:55:52.512,1.1954,1.19551,1.00,2.62
2018.05.02 01:55:52.616,1.19538,1.1955,1.10,1.00
2018.05.02 01:55:52.719,1.1954,1.19551,1.00,2.62
2018.05.02 01:55:53.246,1.19539,1.19551,1.00,2.62
2018.05.02 01:55:53.352,1.19537,1.1955,3.07,1.00
2018.05.02 01:55:53.930,1.19537,1.19551,2.32,2.62
2018.05.02 01:55:54.801,1.19538,1.19551,1.00,3.56
2018.05.02 01:55:54.960,1.19539,1.1955,1.95,1.00
2018.05.02 01:55:55.497,1.19539,1.19551,1.12,2.25
2018.05.02 01:55:56.022,1.1954,1.19551,1.00,2.25
2018.05.02 01:55:58.155,1.19539,1.19551,2.25,1.50
2018.05.02 01:55:58.671,1.1954,1.19551,1.00,2.25
2018.05.02 01:55:59.351,1.19541,1.19551,1.00,1.00
2018.05.02 01:55:59.701,1.19538,1.19549,1.57,1.00
2018.05.02 01:55:59.908,1.19536,1.19549,1.00,1.69
2018.05.02 01:56:02.431,1.19534,1.19549,4.20,2.44
2018.05.02 01:56:11.858,1.19536,1.19549,1.00,2.44
2018.05.02 01:56:13.426,1.19535,1.19548,1.00,1.25
2018.05.02 01:56:13.631,1.19533,1.19547,1.00,1.31
2018.05.02 01:56:14.153,1.19532,1.19547,3.45,2.06
2018.05.02 01:56:14.696,1.19532,1.19546,1.20,1.00
2018.05.02 01:56:16.553,1.19531,1.19545,1.57,1.50
2018.05.02 01:56:20.687,1.19532,1.19546,1.12,1.12
2018.05.02 01:56:21.205,1.19532,1.19547,3.45,2.06
2018.05.02 01:56:26.110,1.19533,1.19547,1.12,2.06
2018.05.02 01:56:34.157,1.19533,1.19548,2.44,4.39
2018.05.02 01:56:34.211,1.19536,1.19547,1.12,1.00
2018.05.02 01:56:34.527,1.19538,1.19549,1.00,1.00
2018.05.02 01:56:34.770,1.19536,1.19549,2.70,1.00
2018.05.02 01:56:37.134,1.19539,1.1955,1.00,3.07
2018.05.02 01:56:37.245,1.19537,1.1955,1.00,1.95
2018.05.02 01:56:37.777,1.19538,1.1955,1.00,1.57
2018.05.02 01:56:38.299,1.19537,1.19549,1.12,1.20
2018.05.02 01:56:38.666,1.19536,1.19548,1.00,1.57
2018.05.02 01:56:39.180,1.19536,1.19549,1.00,3.26
2018.05.02 01:56:40.008,1.19534,1.19549,3.37,2.51
2018.05.02 01:56:40.474,1.19538,1.1955,1.00,1.95
2018.05.02 01:56:40.937,1.19535,1.19549,2.25,2.14
2018.05.02 01:56:41.153,1.19534,1.19547,1.00,1.32
2018.05.02 01:56:41.361,1.19532,1.19546,2.62,1.07
2018.05.02 01:56:41.877,1.19533,1.19546,1.00,1.07
2018.05.02 01:56:43.887,1.19533,1.19547,1.00,3.64
2018.05.02 01:56:46.343,1.19532,1.19546,1.00,2.06
2018.05.02 01:56:47.190,1.19534,1.19547,1.00,3.64
2018.05.02 01:56:49.253,1.19534,1.19545,1.00,1.00
2018.05.02 01:56:49.951,1.19534,1.19546,1.00,1.12
2018.05.02 01:56:51.040,1.19535,1.19548,1.00,2.32
2018.05.02 01:56:51.350,1.19537,1.19549,1.00,3.56
2018.05.02 01:56:52.073,1.19538,1.19549,1.00,3.56
2018.05.02 01:56:52.605,1.19538,1.19549,1.00,1.31
2018.05.02 01:56:52.914,1.1954,1.19549,1.00,1.12
2018.05.02 01:56:55.760,1.19539,1.1955,1.00,2.81
2018.05.02 01:56:55.862,1.19537,1.19549,1.00,1.31
2018.05.02 01:56:56.492,1.19535,1.19549,2.62,2.81
2018.05.02 01:56:57.031,1.19535,1.19549,1.12,3.64
2018.05.02 01:56:58.362,1.19534,1.19549,1.87,4.39
2018.05.02 01:57:00.976,1.19535,1.19549,1.37,4.31
2018.05.02 01:57:01.134,1.19534,1.19549,1.20,3.37
2018.05.02 01:57:02.963,1.19534,1.19548,1.12,1.31
2018.05.02 01:57:03.480,1.19534,1.19548,1.87,1.31
2018.05.02 01:57:04.020,1.19533,1.19547,1.95,2.06
2018.05.02 01:57:04.615,1.19533,1.19547,1.20,2.06
2018.05.02 01:57:05.139,1.19531,1.19545,3.82,1.00
2018.05.02 01:57:05.661,1.19531,1.19545,2.32,1.12
2018.05.02 01:57:07.612,1.19528,1.19542,3.37,1.00
2018.05.02 01:57:08.178,1.19528,1.19542,1.50,2.62
2018.05.02 01:57:08.735,1.19527,1.19542,1.87,3.07
2018.05.02 01:57:10.213,1.19528,1.19542,3.82,1.37
2018.05.02 01:57:10.319,1.1953,1.19544,1.37,1.87
2018.05.02 01:57:10.373,1.19529,1.19543,2.32,1.37
2018.05.02 01:57:12.111,1.19528,1.19542,2.32,1.87
2018.05.02 01:57:12.166,1.1953,1.19544,1.50,1.12
2018.05.02 01:57:12.220,1.19532,1.19545,1.87,1.20
2018.05.02 01:57:12.536,1.19533,1.19547,3.07,1.37
2018.05.02 01:57:14.590,1.19533,1.19547,1.57,1.87
2018.05.02 01:57:21.660,1.19533,1.19547,1.87,1.50
2018.05.02 01:57:22.442,1.19533,1.19546,2.62,1.00
2018.05.02 01:57:22.775,1.19535,1.19547,4.20,1.00
2018.05.02 01:57:23.053,1.19537,1.19549,1.00,1.00
2018.05.02 01:57:23.609,1.19536,1.19549,2.25,1.50
2018.05.02 01:57:24.702,1.19535,1.19548,3.45,1.00
2018.05.02 01:57:26.757,1.19535,1.19548,2.70,1.00
2018.05.02 01:57:27.302,1.19533,1.19547,3.45,1.12
2018.05.02 01:57:27.845,1.19533,1.19547,2.62,1.50
2018.05.02 01:57:28.221,1.19535,1.19548,1.95,1.12
2018.05.02 01:57:32.130,1.19535,1.19547,1.87,1.00
2018.05.02 01:57:32.642,1.19535,1.19548,1.87,1.12
2018.05.02 01:57:33.951,1.19538,1.19548,1.00,1.31
2018.05.02 01:57:34.767,1.19536,1.19548,1.00,1.31
2018.05.02 01:57:39.993,1.19535,1.19547,1.12,1.00
2018.05.02 01:57:40.573,1.19534,1.19547,1.50,1.00
2018.05.02 01:57:43.844,1.19534,1.19547,1.87,1.00
2018.05.02 01:57:44.551,1.19534,1.19547,1.12,1.31
2018.05.02 01:57:45.164,1.19534,1.19548,1.87,1.31
2018.05.02 01:57:47.417,1.19532,1.19544,1.07,1.00
2018.05.02 01:57:47.934,1.19532,1.19545,2.25,1.12
2018.05.02 01:57:48.504,1.19532,1.19545,1.12,1.12
2018.05.02 01:57:55.868,1.19531,1.19546,4.20,1.87
2018.05.02 01:57:56.394,1.19532,1.19547,2.62,2.70
2018.05.02 01:57:57.371,1.19533,1.19547,1.57,2.62
2018.05.02 01:57:57.906,1.19534,1.19547,1.50,2.62
2018.05.02 01:57:58.423,1.19534,1.19548,1.50,1.87
2018.05.02 01:57:59.077,1.19535,1.19548,1.50,1.87
2018.05.02 01:58:00.677,1.19535,1.19548,1.50,1.87
2018.05.02 01:58:08.355,1.19534,1.19547,1.00,2.44
2018.05.02 01:58:08.614,1.19531,1.19545,2.89,1.12
2018.05.02 01:58:08.770,1.19534,1.19547,1.00,1.87
2018.05.02 01:58:09.302,1.19535,1.19548,1.12,1.25
2018.05.02 01:58:10.271,1.19534,1.19548,2.70,1.69
2018.05.02 01:58:10.683,1.19534,1.19548,3.45,1.12
2018.05.02 01:58:12.486,1.19537,1.19549,1.50,1.12
2018.05.02 01:58:17.681,1.19538,1.19549,1.00,1.87
2018.05.02 01:58:18.409,1.19538,1.1955,1.00,2.25
2018.05.02 01:58:19.070,1.19537,1.1955,3.45,1.87
2018.05.02 01:58:20.787,1.19537,1.19549,1.87,1.50
2018.05.02 01:58:28.142,1.19537,1.19548,1.00,1.00
2018.05.02 01:58:28.959,1.19537,1.19549,1.00,2.06
2018.05.02 01:58:36.723,1.19538,1.19549,1.00,1.12
2018.05.02 01:58:37.672,1.19537,1.19549,2.62,1.12
2018.05.02 01:58:40.536,1.19538,1.19551,1.00,3.94
2018.05.02 01:58:41.100,1.19538,1.19548,1.00,1.00
2018.05.02 01:58:41.618,1.19537,1.19548,1.12,1.00
2018.05.02 01:58:42.921,1.19536,1.19548,1.50,1.00
2018.05.02 01:58:46.988,1.19538,1.1955,1.00,1.12
2018.05.02 01:58:47.517,1.19537,1.19549,1.12,1.00
2018.05.02 01:58:49.072,1.19537,1.1955,1.12,1.87
2018.05.02 01:58:49.597,1.19538,1.1955,1.50,1.00
2018.05.02 01:58:50.952,1.19539,1.1955,1.50,1.00
2018.05.02 01:58:51.524,1.19539,1.19551,1.00,1.87
2018.05.02 01:58:52.054,1.19538,1.1955,1.00,2.25
2018.05.02 01:58:52.976,1.19537,1.1955,3.75,1.50
2018.05.02 01:58:53.758,1.19539,1.19551,1.50,1.87
2018.05.02 01:58:54.304,1.19539,1.1955,1.00,1.00
2018.05.02 01:58:55.175,1.19538,1.19551,2.25,2.44
2018.05.02 01:58:56.116,1.19539,1.19551,1.00,3.37
2018.05.02 01:58:56.660,1.19539,1.19551,1.00,2.62
2018.05.02 01:58:57.565,1.19538,1.19551,1.12,2.81
2018.05.02 01:58:57.880,1.19538,1.19547,1.00,1.50
2018.05.02 01:58:58.037,1.19535,1.19545,1.00,1.00
2018.05.02 01:58:58.406,1.19537,1.19546,1.00,1.00
2018.05.02 01:58:58.612,1.19535,1.19546,1.25,1.00
2018.05.02 01:58:59.198,1.19535,1.19547,1.25,1.87
2018.05.02 01:59:01.296,1.19536,1.19547,1.00,1.50
2018.05.02 01:59:01.816,1.19535,1.19547,2.81,1.50
2018.05.02 01:59:06.066,1.19535,1.19546,1.00,1.50
2018.05.02 01:59:06.662,1.19536,1.19546,1.00,1.00
2018.05.02 01:59:07.213,1.19535,1.19546,1.00,1.00
2018.05.02 01:59:07.794,1.19535,1.19544,1.00,1.00
2018.05.02 01:59:07.846,1.19533,1.19543,1.87,1.00
2018.05.02 01:59:08.055,1.1953,1.19542,1.20,1.00
2018.05.02 01:59:18.812,1.19529,1.19542,1.87,1.87
2018.05.02 01:59:19.569,1.19529,1.19541,1.12,1.00
2018.05.02 01:59:21.700,1.19528,1.19541,1.12,1.50
2018.05.02 01:59:22.340,1.19528,1.1954,1.12,1.00
2018.05.02 01:59:24.443,1.19527,1.1954,1.00,1.20
2018.05.02 01:59:25.691,1.19526,1.19539,3.00,1.12
2018.05.02 01:59:26.489,1.19527,1.19538,1.12,1.00
2018.05.02 01:59:33.310,1.19526,1.19538,1.87,1.00
2018.05.02 01:59:33.920,1.19526,1.1954,2.62,2.62
2018.05.02 01:59:34.939,1.19526,1.1954,2.62,2.62
2018.05.02 01:59:38.375,1.19526,1.19539,2.62,1.00
2018.05.02 01:59:38.536,1.19525,1.19538,1.00,2.25
2018.05.02 01:59:39.915,1.19527,1.1954,3.75,2.32
2018.05.02 01:59:40.250,1.19531,1.19543,1.00,1.00
2018.05.02 01:59:40.904,1.19531,1.19544,1.00,3.00
2018.05.02 01:59:41.213,1.19531,1.19542,1.00,1.12
2018.05.02 01:59:41.768,1.19531,1.19543,1.00,1.00
2018.05.02 01:59:55.357,1.19532,1.19543,1.00,1.00
2018.05.02 01:59:58.295,1.19532,1.19544,2.62,1.00
2018.05.02 01:59:59.424,1.19533,1.19544,1.12,1.00
2018.05.02 01:59:59.631,1.19534,1.19546,3.00,1.00
2018.05.02 01:59:59.736,1.19536,1.19547,1.12,1.00
2018.05.02 01:59:59.891,1.19536,1.19549,2.25,2.32
