2011.09.09 10:00:00.102,1.21518,1.21551,1.50,4.50
2011.09.09 10:00:00.235,1.21516,1.21548,1.88,1.50
2011.09.09 10:00:00.362,1.21512,1.21546,1.50,1.50
2011.09.09 10:00:01.045,1.21506,1.21541,1.50,2.25
2011.09.09 10:00:01.171,1.21505,1.21541,1.50,1.50
2011.09.09 10:00:01.323,1.21505,1.2154,1.50,1.50
2011.09.09 10:00:01.673,1.21497,1.21537,1.50,1.50
2011.09.09 10:00:02.041,1.21508,1.21545,1.50,1.18
2011.09.09 10:00:02.816,1.21514,1.21551,1.50,1.93
2011.09.09 10:00:03.410,1.21514,1.21551,1.50,1.50
2011.09.09 10:00:05.362,1.21514,1.21548,1.50,1.50
2011.09.09 10:00:05.492,1.21515,1.21552,1.50,1.50
2011.09.09 10:00:06.460,1.21513,1.21552,1.50,1.50
2011.09.09 10:00:06.817,1.21512,1.21552,2.25,1.50
2011.09.09 10:00:07.652,1.21512,1.21552,2.25,2.25
2011.09.09 10:00:08.042,1.21508,1.2154,1.50,1.50
2011.09.09 10:00:08.411,1.21502,1.21537,1.50,1.50
2011.09.09 10:00:08.773,1.21502,1.21541,1.43,1.50
2011.09.09 10:00:09.661,1.21505,1.21544,2.18,1.18
2011.09.09 10:00:09.783,1.21507,1.21543,1.43,1.18
2011.09.09 10:00:10.034,1.2151,1.21547,1.50,2.68
2011.09.09 10:00:10.400,1.21517,1.21551,1.43,1.18
2011.09.09 10:00:10.762,1.21523,1.21556,1.13,1.50
2011.09.09 10:00:11.647,1.21512,1.21537,2.25,1.50
2011.09.09 10:00:11.797,1.21512,1.21537,1.50,1.50
2011.09.09 10:00:12.042,1.21517,1.21543,1.50,1.50
2011.09.09 10:00:12.173,1.21517,1.21543,1.50,1.50
2011.09.09 10:00:12.301,1.21517,1.21541,1.50,1.50
2011.09.09 10:00:12.545,1.21509,1.2154,3.31,1.50
2011.09.09 10:00:12.788,1.21512,1.2154,1.43,1.50
2011.09.09 10:00:13.724,1.21509,1.2154,2.56,2.25
2011.09.09 10:00:14.812,1.21509,1.21539,1.43,1.50
2011.09.09 10:00:14.942,1.21509,1.21539,1.88,1.50
2011.09.09 10:00:15.074,1.21509,1.21539,2.93,1.50
2011.09.09 10:00:15.981,1.21514,1.21542,1.50,1.50
2011.09.09 10:00:16.102,1.21515,1.21532,1.50,1.50
2011.09.09 10:00:16.231,1.21516,1.21545,1.50,1.50
2011.09.09 10:00:16.360,1.21516,1.21548,1.43,1.50
2011.09.09 10:00:17.202,1.21516,1.2155,1.43,1.50
2011.09.09 10:00:17.801,1.21516,1.2155,2.18,2.25
2011.09.09 10:00:18.645,1.21517,1.21554,1.43,1.50
2011.09.09 10:00:19.012,1.21516,1.21554,1.43,1.50
2011.09.09 10:00:19.267,1.21514,1.21552,2.18,1.50
2011.09.09 10:00:19.515,1.21514,1.21547,1.43,1.50
2011.09.09 10:00:19.760,1.21514,1.21549,2.18,1.50
2011.09.09 10:00:19.878,1.21514,1.21549,1.43,1.50
2011.09.09 10:00:20.120,1.21517,1.21555,2.18,3.00
2011.09.09 10:00:20.797,1.21517,1.21557,2.18,1.18
2011.09.09 10:00:21.401,1.21518,1.21559,1.43,2.68
2011.09.09 10:00:21.990,1.21518,1.21559,2.18,1.18
2011.09.09 10:00:22.353,1.21523,1.2156,1.43,1.18
2011.09.09 10:00:23.037,1.21525,1.21559,1.50,1.50
2011.09.09 10:00:23.418,1.21533,1.21551,1.50,1.50
2011.09.09 10:00:23.785,1.21538,1.21551,1.50,1.50
2011.09.09 10:00:24.158,1.21543,1.21574,1.43,1.50
2011.09.09 10:00:24.283,1.21542,1.21574,1.43,1.50
2011.09.09 10:00:25.185,1.21544,1.21574,1.43,2.25
2011.09.09 10:00:25.436,1.2154,1.21567,2.93,1.50
2011.09.09 10:00:25.568,1.21528,1.21556,2.25,1.50
2011.09.09 10:00:25.696,1.21528,1.21554,1.50,1.50
2011.09.09 10:00:25.940,1.21519,1.21551,3.00,1.50
2011.09.09 10:00:26.062,1.2152,1.21559,1.50,1.50
2011.09.09 10:00:26.196,1.21522,1.2156,5.25,1.50
2011.09.09 10:00:27.164,1.21523,1.2156,1.50,2.25
2011.09.09 10:00:27.530,1.21505,1.21535,2.25,1.50
2011.09.09 10:00:28.015,1.21505,1.21535,1.50,1.50
2011.09.09 10:00:28.379,1.21512,1.2154,1.50,2.25
2011.09.09 10:00:28.743,1.21511,1.2154,2.25,2.25
2011.09.09 10:00:29.393,1.21515,1.21557,1.43,1.50
2011.09.09 10:00:29.640,1.21517,1.21561,1.43,4.30
2011.09.09 10:00:30.221,1.21515,1.21544,1.50,2.25
2011.09.09 10:00:30.363,1.2151,1.21541,1.50,1.50
2011.09.09 10:00:30.613,1.21505,1.21541,1.50,2.25
2011.09.09 10:00:30.741,1.215,1.21535,1.50,1.50
2011.09.09 10:00:30.860,1.215,1.21535,1.50,1.50
2011.09.09 10:00:30.983,1.21506,1.21535,2.25,1.50
2011.09.09 10:00:31.699,1.21518,1.21542,1.50,2.25
2011.09.09 10:00:32.070,1.21519,1.21544,1.50,1.50
2011.09.09 10:00:32.193,1.21521,1.21547,1.43,1.50
2011.09.09 10:00:32.327,1.21525,1.21553,1.50,1.18
2011.09.09 10:00:32.458,1.21523,1.21555,1.50,1.88
2011.09.09 10:00:33.043,1.21521,1.2156,2.18,1.13
2011.09.09 10:00:33.292,1.21522,1.21557,1.43,1.13
2011.09.09 10:00:34.198,1.21524,1.2155,1.50,2.25
2011.09.09 10:00:34.338,1.21526,1.21552,1.50,1.50
2011.09.09 10:00:34.584,1.21525,1.21551,1.50,2.25
2011.09.09 10:00:35.178,1.21525,1.2155,1.50,1.50
2011.09.09 10:00:35.774,1.21527,1.21551,3.00,2.25
2011.09.09 10:00:36.689,1.21526,1.21551,1.50,2.25
2011.09.09 10:00:37.171,1.21521,1.21542,2.25,2.25
2011.09.09 10:00:37.303,1.2152,1.21534,1.50,1.50
2011.09.09 10:00:37.436,1.21523,1.21534,1.50,1.50
2011.09.09 10:00:37.800,1.21526,1.21534,1.50,1.50
2011.09.09 10:00:38.400,1.21526,1.21536,1.50,1.50
2011.09.09 10:00:39.167,1.21522,1.21537,1.50,1.50
2011.09.09 10:00:39.314,1.21519,1.21537,1.50,1.50
2011.09.09 10:00:39.914,1.21517,1.21537,2.25,1.50
2011.09.09 10:00:40.164,1.21517,1.21537,1.50,1.50
2011.09.09 10:00:40.534,1.21523,1.21537,2.25,1.50
2011.09.09 10:00:41.143,1.21526,1.2155,1.50,1.50
2011.09.09 10:00:41.274,1.21528,1.21536,1.50,1.50
2011.09.09 10:00:41.401,1.21528,1.21536,1.50,1.50
2011.09.09 10:00:41.641,1.21529,1.21537,1.50,1.50
2011.09.09 10:00:42.008,1.21529,1.21549,3.00,2.25
2011.09.09 10:00:42.135,1.21534,1.21551,2.25,1.50
2011.09.09 10:00:42.507,1.21536,1.21557,2.25,1.50
2011.09.09 10:00:43.284,1.21544,1.21564,1.50,1.50
2011.09.09 10:00:43.426,1.21537,1.21555,1.50,1.50
2011.09.09 10:00:43.551,1.21537,1.21555,1.50,1.50
2011.09.09 10:00:43.921,1.21541,1.21555,2.25,1.50
2011.09.09 10:00:44.522,1.21545,1.21555,1.50,1.50
2011.09.09 10:00:44.656,1.21537,1.21554,1.50,1.50
2011.09.09 10:00:44.781,1.21535,1.21554,1.50,1.50
2011.09.09 10:00:45.463,1.21534,1.21554,1.50,1.50
2011.09.09 10:00:45.602,1.21531,1.21537,1.50,1.50
2011.09.09 10:00:45.732,1.21527,1.21536,1.50,1.50
2011.09.09 10:00:45.861,1.21529,1.21537,1.50,1.50
2011.09.09 10:00:46.353,1.21532,1.21541,1.50,1.50
2011.09.09 10:00:46.603,1.21533,1.21541,1.50,1.50
2011.09.09 10:00:46.731,1.21527,1.21541,1.50,1.50
2011.09.09 10:00:46.850,1.21529,1.21541,1.50,1.50
2011.09.09 10:00:47.210,1.21527,1.21536,1.50,1.50
2011.09.09 10:00:47.785,1.21528,1.21538,1.50,1.50
2011.09.09 10:00:48.155,1.2153,1.21537,1.50,1.50
2011.09.09 10:00:48.518,1.21532,1.21539,1.50,1.50
2011.09.09 10:00:49.240,1.21532,1.21539,1.50,1.50
2011.09.09 10:00:50.346,1.21533,1.21542,1.50,1.50
2011.09.09 10:00:52.529,1.21529,1.21541,1.50,1.50
2011.09.09 10:00:52.656,1.21528,1.21536,1.50,1.50
2011.09.09 10:00:52.900,1.21528,1.21539,1.50,1.50
2011.09.09 10:00:53.024,1.21526,1.21539,1.50,1.50
2011.09.09 10:00:53.633,1.21528,1.21539,1.50,1.50
2011.09.09 10:00:53.761,1.21524,1.21539,1.50,1.50
2011.09.09 10:00:54.235,1.21527,1.21551,1.43,1.50
2011.09.09 10:00:54.866,1.21525,1.21554,1.43,1.50
2011.09.09 10:00:55.003,1.21541,1.21553,1.50,1.50
2011.09.09 10:00:55.248,1.21539,1.21554,1.50,1.50
2011.09.09 10:00:55.850,1.21542,1.21554,1.50,1.50
2011.09.09 10:00:55.968,1.21542,1.2157,1.50,1.50
2011.09.09 10:00:56.691,1.21535,1.21568,1.50,1.50
2011.09.09 10:00:56.819,1.21538,1.2157,1.50,1.50
2011.09.09 10:00:57.692,1.21539,1.21569,1.50,1.50
2011.09.09 10:00:57.833,1.21534,1.2157,1.50,3.00
2011.09.09 10:00:58.206,1.21535,1.21569,2.25,1.50
2011.09.09 10:00:58.817,1.2154,1.21569,1.50,1.50
2011.09.09 10:00:59.183,1.21548,1.21573,1.50,2.25
2011.09.09 10:01:00.173,1.21546,1.21573,1.50,1.50
2011.09.09 10:01:00.423,1.21546,1.21573,3.00,1.50
2011.09.09 10:01:00.918,1.21551,1.21575,1.50,1.50
2011.09.09 10:01:01.522,1.21549,1.21573,1.50,1.50
2011.09.09 10:01:01.651,1.21547,1.21573,1.50,1.50
2011.09.09 10:01:02.438,1.21546,1.2157,1.50,1.50
2011.09.09 10:01:02.685,1.21543,1.21569,1.50,1.50
2011.09.09 10:01:03.051,1.21544,1.2157,1.50,1.50
2011.09.09 10:01:03.412,1.21547,1.21573,2.25,1.50
2011.09.09 10:01:03.784,1.21552,1.21576,1.50,1.50
2011.09.09 10:01:04.358,1.21549,1.21558,1.50,1.50
2011.09.09 10:01:04.485,1.21551,1.21576,1.50,1.50
2011.09.09 10:01:04.610,1.2155,1.21574,1.50,1.50
2011.09.09 10:01:05.090,1.2155,1.21576,1.50,1.50
2011.09.09 10:01:05.454,1.21553,1.21578,1.50,2.25
2011.09.09 10:01:05.822,1.21553,1.21578,1.50,2.25
2011.09.09 10:01:06.548,1.21553,1.21578,1.50,1.50
2011.09.09 10:01:07.151,1.21557,1.21582,1.50,1.50
2011.09.09 10:01:07.632,1.21555,1.21581,1.50,1.50
2011.09.09 10:01:07.881,1.21559,1.21584,1.50,2.10
2011.09.09 10:01:08.881,1.21559,1.21584,1.50,2.10
2011.09.09 10:01:09.021,1.21559,1.21591,2.18,1.50
2011.09.09 10:01:09.264,1.21565,1.21591,1.50,1.50
2011.09.09 10:01:09.394,1.21565,1.21591,1.50,1.50
2011.09.09 10:01:09.524,1.21568,1.21593,1.50,1.50
2011.09.09 10:01:09.772,1.21565,1.21595,1.50,1.50
2011.09.09 10:01:09.902,1.21565,1.21595,1.50,1.50
2011.09.09 10:01:10.271,1.21555,1.21587,1.21,1.50
2011.09.09 10:01:10.397,1.2155,1.21582,1.43,1.50
2011.09.09 10:01:10.523,1.21553,1.21582,1.43,1.50
2011.09.09 10:01:11.350,1.21557,1.21582,1.43,1.50
2011.09.09 10:01:11.713,1.21559,1.21591,1.43,1.50
2011.09.09 10:01:12.080,1.2156,1.21591,1.43,1.50
2011.09.09 10:01:12.555,1.21562,1.21594,1.50,1.50
2011.09.09 10:01:12.689,1.21562,1.21595,1.50,1.50
2011.09.09 10:01:13.613,1.21558,1.21595,1.43,1.50
2011.09.09 10:01:13.754,1.21559,1.21595,1.43,1.50
2011.09.09 10:01:14.232,1.21562,1.21589,4.50,1.50
2011.09.09 10:01:14.606,1.2158,1.21603,1.50,1.50
2011.09.09 10:01:14.739,1.2158,1.21604,1.50,1.50
2011.09.09 10:01:15.710,1.21585,1.21608,1.50,1.13
2011.09.09 10:01:16.166,1.21581,1.21608,1.50,1.88
2011.09.09 10:01:16.304,1.21573,1.216,1.50,1.50
2011.09.09 10:01:16.435,1.21568,1.21598,1.50,1.50
2011.09.09 10:01:16.565,1.21566,1.21598,1.50,1.50
2011.09.09 10:01:17.159,1.21566,1.21599,1.50,1.50
2011.09.09 10:01:17.399,1.21568,1.21599,1.50,1.50
2011.09.09 10:01:18.223,1.21568,1.21597,1.50,1.50
2011.09.09 10:01:18.336,1.21567,1.216,1.50,1.50
2011.09.09 10:01:18.567,1.21568,1.216,1.50,1.50
2011.09.09 10:01:18.931,1.21571,1.216,1.50,1.50
2011.09.09 10:01:19.296,1.2157,1.216,1.50,1.50
2011.09.09 10:01:19.664,1.21554,1.21574,3.75,1.50
2011.09.09 10:01:20.468,1.21542,1.21566,1.50,1.50
2011.09.09 10:01:20.606,1.21526,1.21558,1.35,1.50
2011.09.09 10:01:20.850,1.21523,1.21556,1.50,1.50
2011.09.09 10:01:21.092,1.21521,1.21556,1.50,2.25
2011.09.09 10:01:21.463,1.21519,1.21552,1.50,1.50
2011.09.09 10:01:22.069,1.21519,1.21554,2.25,1.50
2011.09.09 10:01:22.986,1.2155,1.21574,1.50,1.13
2011.09.09 10:01:23.114,1.21546,1.2157,1.50,1.50
2011.09.09 10:01:23.241,1.2155,1.21574,1.50,1.88
2011.09.09 10:01:23.362,1.21548,1.21573,1.50,1.50
2011.09.09 10:01:23.490,1.21548,1.21573,1.50,1.50
2011.09.09 10:01:25.702,1.21544,1.21568,1.50,1.50
2011.09.09 10:01:26.071,1.21541,1.21565,1.50,1.50
2011.09.09 10:01:26.650,1.21542,1.21565,1.50,1.50
2011.09.09 10:01:26.770,1.21542,1.21565,1.50,1.50
2011.09.09 10:01:27.007,1.21543,1.21565,1.50,1.50
2011.09.09 10:01:27.374,1.21545,1.21569,1.50,2.25
2011.09.09 10:01:27.500,1.21545,1.21569,1.50,2.25
2011.09.09 10:01:28.366,1.21549,1.21569,1.50,1.50
2011.09.09 10:01:28.500,1.21566,1.21594,1.50,1.50
2011.09.09 10:01:28.620,1.21565,1.21594,1.50,1.50
2011.09.09 10:01:28.865,1.21562,1.21598,1.43,1.50
2011.09.09 10:01:29.469,1.21561,1.21594,2.18,1.50
2011.09.09 10:01:29.838,1.21562,1.21595,1.43,1.50
2011.09.09 10:01:30.213,1.21559,1.21588,1.50,1.13
2011.09.09 10:01:30.346,1.21561,1.2159,1.43,1.50
2011.09.09 10:01:30.947,1.21561,1.21585,1.43,1.50
2011.09.09 10:01:31.084,1.21537,1.21561,1.50,1.50
2011.09.09 10:01:31.213,1.21536,1.2156,1.50,1.50
2011.09.09 10:01:31.459,1.21529,1.21558,1.50,1.50
2011.09.09 10:01:31.702,1.21531,1.21559,1.50,1.50
2011.09.09 10:01:31.829,1.21531,1.21558,1.50,1.50
2011.09.09 10:01:31.953,1.21525,1.21556,3.00,1.50
2011.09.09 10:01:32.078,1.2152,1.2155,1.50,1.50
2011.09.09 10:01:32.201,1.21515,1.21546,2.25,2.25
2011.09.09 10:01:32.441,1.21512,1.21545,2.25,1.50
2011.09.09 10:01:33.296,1.21514,1.21547,1.50,1.50
2011.09.09 10:01:33.443,1.21515,1.21553,1.50,1.50
2011.09.09 10:01:34.420,1.21515,1.21552,1.50,2.25
2011.09.09 10:01:34.543,1.21513,1.21552,2.25,1.50
2011.09.09 10:01:34.672,1.21513,1.21552,1.50,3.00
2011.09.09 10:01:35.031,1.21513,1.21553,2.25,2.25
2011.09.09 10:01:35.155,1.21531,1.21554,1.50,1.50
2011.09.09 10:01:35.520,1.21535,1.21557,2.18,2.25
2011.09.09 10:01:36.271,1.21535,1.21561,2.18,1.50
2011.09.09 10:01:36.395,1.21536,1.21564,2.18,1.50
2011.09.09 10:01:36.520,1.21536,1.21566,2.18,1.13
2011.09.09 10:01:36.760,1.21536,1.21563,2.18,1.50
2011.09.09 10:01:36.880,1.21536,1.21563,1.43,1.50
2011.09.09 10:01:37.349,1.21536,1.21559,1.43,1.35
2011.09.09 10:01:37.475,1.2153,1.21558,1.50,1.50
2011.09.09 10:01:37.721,1.21528,1.2155,1.50,1.50
2011.09.09 10:01:37.842,1.2152,1.2155,1.43,2.25
2011.09.09 10:01:37.971,1.21517,1.2155,1.43,1.50
2011.09.09 10:01:38.100,1.21518,1.21551,1.13,1.50
2011.09.09 10:01:38.223,1.2152,1.21552,1.13,1.50
2011.09.09 10:01:38.352,1.21522,1.21555,1.50,1.50
2011.09.09 10:01:39.261,1.21518,1.21552,1.88,1.50
2011.09.09 10:01:39.499,1.21519,1.21553,1.50,1.50
2011.09.09 10:01:39.618,1.21518,1.21552,1.88,1.50
2011.09.09 10:01:40.198,1.2152,1.21553,1.50,1.50
2011.09.09 10:01:41.229,1.21518,1.21552,1.88,2.25
2011.09.09 10:01:42.279,1.21518,1.2155,1.13,1.50
2011.09.09 10:01:42.970,1.21519,1.2155,1.50,1.50
2011.09.09 10:01:43.096,1.21513,1.21546,1.50,1.50
2011.09.09 10:01:43.346,1.21513,1.21546,1.50,1.50
2011.09.09 10:01:44.341,1.21516,1.21548,1.50,1.50
2011.09.09 10:01:44.701,1.21514,1.21545,1.50,1.50
2011.09.09 10:01:44.937,1.21512,1.21545,1.50,1.50
2011.09.09 10:01:45.182,1.21515,1.21543,1.38,1.50
2011.09.09 10:01:45.555,1.21524,1.21548,1.50,1.50
2011.09.09 10:01:46.044,1.21526,1.21547,1.43,1.50
2011.09.09 10:01:46.832,1.21531,1.21547,1.50,4.50
2011.09.09 10:01:46.957,1.21521,1.21545,2.85,2.25
2011.09.09 10:01:47.559,1.21521,1.21545,2.10,1.50
2011.09.09 10:01:48.160,1.21521,1.21545,3.60,1.50
2011.09.09 10:01:48.282,1.21522,1.21545,1.50,1.50
2011.09.09 10:01:49.144,1.21522,1.21545,2.18,1.50
2011.09.09 10:01:49.498,1.21522,1.21547,2.18,1.50
2011.09.09 10:01:49.970,1.21522,1.21547,2.93,1.50
2011.09.09 10:01:51.782,1.21526,1.21551,1.50,1.50
2011.09.09 10:01:52.150,1.21523,1.21548,1.50,1.50
2011.09.09 10:01:52.487,1.21526,1.21551,1.50,1.50
2011.09.09 10:01:52.971,1.21526,1.21552,1.50,1.50
2011.09.09 10:01:54.773,1.21526,1.21552,1.50,1.50
2011.09.09 10:01:54.905,1.2153,1.21554,1.50,1.50
2011.09.09 10:01:55.034,1.21531,1.21557,3.00,3.00
2011.09.09 10:01:55.524,1.21537,1.21557,1.50,1.18
2011.09.09 10:01:55.652,1.21533,1.21557,1.50,1.18
2011.09.09 10:01:55.782,1.21536,1.21558,1.50,1.18
2011.09.09 10:01:56.022,1.21531,1.21556,2.25,1.13
2011.09.09 10:01:56.152,1.2153,1.21556,1.50,2.25
2011.09.09 10:01:57.151,1.21533,1.21557,1.50,1.18
2011.09.09 10:01:57.519,1.21528,1.21555,3.00,1.50
2011.09.09 10:01:57.875,1.21532,1.21557,1.50,1.18
2011.09.09 10:01:58.119,1.21532,1.21558,1.50,1.93
2011.09.09 10:01:58.240,1.21532,1.21558,1.50,1.93
2011.09.09 10:01:58.602,1.21538,1.21558,1.50,1.18
2011.09.09 10:01:59.376,1.21545,1.21576,1.50,1.50
2011.09.09 10:01:59.869,1.21546,1.21576,1.50,2.25
2011.09.09 10:02:00.221,1.21546,1.21574,1.50,1.50
2011.09.09 10:02:00.341,1.21546,1.21574,1.50,1.50
2011.09.09 10:02:00.458,1.21548,1.21576,1.50,1.50
2011.09.09 10:02:01.847,1.21546,1.21574,1.50,1.50
2011.09.09 10:02:02.091,1.21539,1.21567,1.50,1.50
2011.09.09 10:02:02.692,1.21548,1.21572,1.50,1.50
2011.09.09 10:02:03.060,1.21547,1.21571,1.50,1.50
2011.09.09 10:02:03.301,1.21547,1.21572,1.50,1.50
2011.09.09 10:02:04.575,1.21541,1.21572,1.50,1.50
2011.09.09 10:02:05.179,1.21542,1.21573,1.50,1.50
2011.09.09 10:02:05.419,1.21544,1.21572,1.50,1.50
2011.09.09 10:02:05.781,1.21547,1.21572,1.50,1.50
2011.09.09 10:02:06.260,1.21545,1.2157,1.50,1.50
2011.09.09 10:02:07.232,1.21547,1.21573,1.50,1.50
2011.09.09 10:02:07.839,1.21546,1.2157,1.50,1.50
2011.09.09 10:02:08.561,1.21548,1.21572,1.50,1.50
2011.09.09 10:02:10.341,1.21553,1.21578,1.50,1.50
2011.09.09 10:02:10.941,1.21557,1.21583,1.50,1.50
2011.09.09 10:02:11.181,1.2156,1.21584,1.50,1.50
2011.09.09 10:02:11.545,1.21564,1.21588,1.43,1.50
2011.09.09 10:02:11.670,1.21566,1.21594,1.50,2.25
2011.09.09 10:02:11.796,1.21573,1.21598,1.50,1.50
2011.09.09 10:02:11.919,1.21574,1.21601,1.50,1.50
2011.09.09 10:02:12.159,1.21569,1.21598,3.00,1.50
2011.09.09 10:02:13.010,1.21566,1.21594,1.50,1.50
2011.09.09 10:02:13.251,1.21567,1.21595,1.50,1.50
2011.09.09 10:02:13.837,1.21565,1.21596,2.18,2.25
2011.09.09 10:02:14.667,1.21568,1.21597,1.50,1.50
2011.09.09 10:02:14.914,1.21568,1.21596,1.50,1.50
2011.09.09 10:02:16.105,1.21565,1.21592,1.43,1.50
2011.09.09 10:02:16.349,1.21567,1.21594,1.50,1.50
2011.09.09 10:02:16.468,1.21567,1.21594,3.75,1.50
2011.09.09 10:02:17.291,1.21568,1.21596,1.50,1.50
2011.09.09 10:02:18.359,1.21569,1.21597,1.50,1.50
2011.09.09 10:02:18.723,1.21568,1.21595,2.18,1.50
2011.09.09 10:02:19.669,1.21568,1.21585,2.18,1.50
2011.09.09 10:02:20.033,1.2157,1.21585,1.50,1.50
2011.09.09 10:02:20.740,1.21569,1.21585,1.50,1.50
2011.09.09 10:02:21.116,1.21576,1.21584,1.50,1.50
2011.09.09 10:02:21.364,1.21574,1.21584,1.50,1.50
2011.09.09 10:02:21.611,1.21571,1.21584,1.50,1.50
2011.09.09 10:02:22.571,1.21571,1.21584,1.50,1.50
2011.09.09 10:02:23.311,1.2157,1.21584,1.50,1.50
2011.09.09 10:02:23.562,1.21567,1.21584,1.50,1.50
2011.09.09 10:02:24.397,1.21565,1.21584,1.43,1.50
2011.09.09 10:02:25.292,1.21567,1.21584,1.43,1.50
2011.09.09 10:02:25.425,1.2157,1.21584,1.50,1.50
2011.09.09 10:02:25.673,1.21569,1.21584,1.50,1.50
2011.09.09 10:02:25.918,1.21567,1.21584,1.43,1.50
2011.09.09 10:02:26.379,1.21568,1.21584,1.50,1.50
2011.09.09 10:02:26.858,1.21569,1.21584,1.50,1.50
2011.09.09 10:02:27.223,1.21571,1.21584,1.50,1.50
2011.09.09 10:02:27.349,1.21568,1.21584,1.50,1.50
2011.09.09 10:02:27.929,1.21566,1.21584,1.43,1.50
2011.09.09 10:02:28.543,1.21567,1.21584,1.43,1.50
2011.09.09 10:02:28.676,1.21566,1.21584,2.18,1.50
2011.09.09 10:02:29.165,1.21571,1.21584,1.50,1.50
2011.09.09 10:02:30.295,1.21573,1.21584,1.50,1.50
2011.09.09 10:02:30.420,1.21571,1.21584,1.50,1.50
2011.09.09 10:02:31.004,1.2157,1.21584,2.93,1.50
2011.09.09 10:02:31.130,1.21574,1.21584,1.50,1.50
2011.09.09 10:02:32.594,1.21569,1.21584,1.43,1.50
2011.09.09 10:02:32.732,1.21567,1.21584,2.18,1.50
2011.09.09 10:02:35.522,1.21572,1.21591,1.50,2.25
2011.09.09 10:02:35.645,1.21568,1.21584,2.18,1.50
2011.09.09 10:02:36.248,1.21567,1.21584,2.18,1.50
2011.09.09 10:02:36.853,1.21565,1.21584,1.43,1.50
2011.09.09 10:02:37.461,1.21567,1.21584,2.25,1.50
2011.09.09 10:02:38.025,1.21569,1.21584,1.43,1.50
2011.09.09 10:02:38.292,1.21566,1.21584,1.43,1.50
2011.09.09 10:02:38.663,1.21566,1.21584,1.43,1.50
2011.09.09 10:02:39.273,1.21568,1.21584,1.50,1.50
2011.09.09 10:02:39.730,1.21566,1.21584,2.18,1.50
2011.09.09 10:02:42.660,1.21568,1.21584,2.18,1.50
2011.09.09 10:02:42.779,1.21569,1.21584,2.18,1.50
2011.09.09 10:02:43.139,1.21571,1.21584,1.50,1.50
2011.09.09 10:02:43.261,1.21571,1.21584,1.50,1.50
2011.09.09 10:02:44.422,1.21573,1.21584,1.50,1.50
2011.09.09 10:02:45.229,1.21572,1.21584,1.50,1.50
2011.09.09 10:02:45.719,1.21559,1.21565,1.50,1.50
2011.09.09 10:02:45.848,1.21557,1.21571,1.43,2.25
2011.09.09 10:02:45.974,1.21559,1.21582,1.50,1.50
2011.09.09 10:02:46.732,1.21558,1.21567,1.43,1.50
2011.09.09 10:02:46.863,1.21556,1.21567,1.50,1.50
2011.09.09 10:02:47.115,1.21553,1.21567,1.50,1.50
2011.09.09 10:02:47.478,1.21548,1.21567,1.50,1.50
2011.09.09 10:02:48.086,1.21549,1.21567,1.50,1.50
2011.09.09 10:02:48.901,1.21555,1.21578,1.50,1.50
2011.09.09 10:02:49.289,1.21545,1.21569,1.35,1.50
2011.09.09 10:02:49.640,1.21548,1.21574,1.50,1.50
2011.09.09 10:02:49.760,1.21549,1.21575,1.50,1.50
2011.09.09 10:02:50.127,1.21551,1.21577,1.50,1.50
2011.09.09 10:02:50.253,1.21547,1.21573,1.50,1.50
2011.09.09 10:02:50.505,1.21545,1.21562,1.50,1.50
2011.09.09 10:02:50.749,1.21542,1.21562,1.50,1.50
2011.09.09 10:02:51.681,1.21543,1.21562,1.50,1.50
2011.09.09 10:02:52.282,1.21542,1.21562,2.25,1.50
2011.09.09 10:02:54.894,1.2154,1.21562,1.50,1.50
2011.09.09 10:02:55.862,1.21539,1.2156,4.50,1.50
2011.09.09 10:02:56.607,1.21539,1.21553,1.50,1.50
2011.09.09 10:02:56.749,1.21549,1.21555,1.50,1.50
2011.09.09 10:02:56.871,1.21554,1.21574,1.50,1.18
2011.09.09 10:02:56.991,1.21554,1.2157,1.50,2.10
2011.09.09 10:02:57.356,1.21547,1.21573,1.50,1.50
2011.09.09 10:02:57.484,1.21553,1.21573,1.50,1.50
2011.09.09 10:02:57.614,1.2156,1.21584,1.50,1.50
2011.09.09 10:02:57.741,1.21561,1.2159,1.50,2.63
2011.09.09 10:02:57.980,1.2156,1.2159,1.50,2.78
2011.09.09 10:02:58.223,1.2156,1.21589,1.50,1.50
2011.09.09 10:02:58.847,1.21556,1.21583,1.50,1.50
2011.09.09 10:02:58.980,1.21553,1.21583,1.50,1.50
2011.09.09 10:02:59.104,1.21552,1.21582,1.50,1.50
2011.09.09 10:02:59.471,1.21548,1.21574,1.50,1.50
2011.09.09 10:02:59.603,1.21544,1.21573,1.50,1.50
2011.09.09 10:02:59.852,1.21542,1.21574,1.50,1.50
2011.09.09 10:03:00.107,1.21535,1.21574,2.18,1.50
2011.09.09 10:03:00.234,1.21535,1.21574,1.50,1.50
2011.09.09 10:03:01.375,1.21542,1.21577,1.50,1.50
2011.09.09 10:03:02.208,1.21541,1.21579,1.43,1.50
2011.09.09 10:03:02.453,1.21542,1.21583,1.43,1.50
2011.09.09 10:03:03.554,1.21552,1.21583,1.50,2.25
2011.09.09 10:03:03.910,1.21554,1.21586,3.00,1.50
2011.09.09 10:03:04.028,1.21554,1.21584,1.50,1.50
2011.09.09 10:03:04.148,1.21553,1.21585,1.50,1.50
2011.09.09 10:03:04.738,1.21553,1.21587,1.50,1.50
2011.09.09 10:03:05.680,1.21555,1.21586,1.13,1.50
2011.09.09 10:03:06.407,1.21558,1.21588,1.50,1.50
2011.09.09 10:03:06.783,1.21542,1.21566,2.25,1.50
2011.09.09 10:03:07.156,1.21551,1.21573,4.88,1.50
2011.09.09 10:03:07.281,1.21552,1.21579,2.25,1.50
2011.09.09 10:03:07.400,1.21554,1.21581,1.50,1.50
2011.09.09 10:03:07.762,1.21557,1.21581,1.50,2.25
2011.09.09 10:03:08.565,1.21557,1.21581,1.50,1.50
2011.09.09 10:03:08.934,1.21555,1.2158,1.50,1.50
2011.09.09 10:03:09.661,1.2156,1.21582,1.50,1.50
2011.09.09 10:03:09.787,1.21555,1.2158,1.50,1.50
2011.09.09 10:03:10.024,1.21555,1.2158,1.50,2.25
2011.09.09 10:03:10.945,1.21552,1.21577,1.50,1.50
2011.09.09 10:03:11.076,1.21552,1.21575,1.50,1.50
2011.09.09 10:03:11.325,1.21551,1.21575,1.50,1.50
2011.09.09 10:03:11.573,1.21546,1.21572,1.50,1.50
2011.09.09 10:03:12.283,1.21545,1.21572,1.50,3.75
2011.09.09 10:03:12.416,1.21546,1.21572,1.50,2.25
2011.09.09 10:03:13.091,1.21545,1.2157,1.50,1.50
2011.09.09 10:03:13.465,1.21545,1.2157,1.50,1.50
2011.09.09 10:03:14.069,1.21545,1.2157,1.50,2.25
2011.09.09 10:03:14.553,1.21546,1.21572,1.50,2.25
2011.09.09 10:03:15.020,1.21544,1.21568,1.50,1.50
2011.09.09 10:03:15.639,1.21543,1.21569,1.50,1.50
2011.09.09 10:03:16.010,1.21542,1.21559,1.50,1.50
2011.09.09 10:03:16.371,1.21538,1.21551,1.50,1.50
2011.09.09 10:03:16.752,1.21519,1.21547,1.50,1.50
2011.09.09 10:03:16.879,1.21519,1.21546,1.50,1.50
2011.09.09 10:03:17.124,1.21527,1.21552,1.50,1.50
2011.09.09 10:03:17.252,1.21527,1.21554,1.50,1.50
2011.09.09 10:03:17.380,1.21521,1.21556,1.35,2.68
2011.09.09 10:03:18.151,1.21522,1.21557,1.50,1.50
2011.09.09 10:03:18.278,1.21522,1.21558,1.50,1.50
2011.09.09 10:03:18.523,1.21525,1.2156,1.50,1.13
2011.09.09 10:03:18.772,1.21523,1.21559,1.43,2.25
2011.09.09 10:03:18.901,1.21523,1.21559,2.18,2.25
2011.09.09 10:03:19.262,1.21526,1.21559,1.50,2.25
2011.09.09 10:03:19.394,1.21523,1.21559,1.43,1.50
2011.09.09 10:03:20.001,1.21523,1.21558,1.43,1.50
2011.09.09 10:03:21.002,1.21539,1.21562,3.75,1.50
2011.09.09 10:03:21.372,1.21543,1.21567,2.93,1.50
2011.09.09 10:03:21.504,1.21541,1.21565,1.50,1.50
2011.09.09 10:03:21.752,1.21538,1.21565,1.50,1.50
2011.09.09 10:03:21.884,1.21538,1.21567,1.50,1.50
2011.09.09 10:03:22.016,1.2154,1.21567,2.18,1.50
2011.09.09 10:03:22.396,1.21536,1.21563,2.25,1.50
2011.09.09 10:03:23.079,1.21533,1.21563,2.18,1.50
2011.09.09 10:03:23.226,1.21542,1.21575,1.50,2.00
2011.09.09 10:03:23.607,1.21533,1.21557,1.50,1.50
2011.09.09 10:03:23.738,1.2153,1.21556,1.50,1.50
2011.09.09 10:03:24.092,1.21532,1.21558,1.50,1.50
2011.09.09 10:03:24.460,1.21528,1.21553,1.50,1.50
2011.09.09 10:03:25.193,1.21528,1.2155,1.50,1.50
2011.09.09 10:03:25.458,1.21528,1.21552,1.50,1.50
2011.09.09 10:03:25.822,1.21528,1.21553,1.50,1.50
2011.09.09 10:03:25.952,1.21529,1.21554,1.50,1.50
2011.09.09 10:03:26.204,1.21525,1.2155,2.25,1.50
2011.09.09 10:03:26.332,1.21524,1.21548,1.50,1.50
2011.09.09 10:03:26.460,1.21527,1.21553,1.50,1.50
2011.09.09 10:03:26.823,1.21527,1.21553,1.50,1.50
2011.09.09 10:03:27.703,1.21531,1.21555,1.50,1.50
2011.09.09 10:03:27.967,1.2154,1.21571,1.43,1.50
2011.09.09 10:03:28.093,1.2154,1.2157,1.43,1.50
2011.09.09 10:03:28.341,1.21539,1.21571,1.50,1.50
2011.09.09 10:03:28.461,1.21537,1.21568,1.43,1.50
2011.09.09 10:03:28.711,1.21537,1.2157,1.43,1.50
2011.09.09 10:03:28.831,1.21537,1.21568,1.43,1.50
2011.09.09 10:03:29.197,1.21539,1.21571,1.43,1.50
2011.09.09 10:03:29.324,1.21544,1.21574,1.43,1.50
2011.09.09 10:03:29.452,1.21542,1.21564,2.18,1.50
2011.09.09 10:03:29.585,1.21542,1.21574,1.50,1.50
2011.09.09 10:03:29.835,1.21538,1.21571,1.43,1.50
2011.09.09 10:03:30.588,1.21541,1.21571,1.43,1.50
2011.09.09 10:03:30.951,1.21538,1.21568,1.43,1.50
2011.09.09 10:03:31.313,1.21533,1.21559,2.18,1.50
2011.09.09 10:03:31.690,1.21537,1.21559,1.43,1.50
2011.09.09 10:03:31.939,1.21533,1.21562,1.50,1.50
2011.09.09 10:03:32.064,1.21531,1.21555,1.50,1.50
2011.09.09 10:03:32.315,1.21531,1.21553,1.50,1.50
2011.09.09 10:03:33.019,1.2153,1.21554,1.50,1.50
2011.09.09 10:03:33.142,1.2153,1.21553,1.50,1.50
2011.09.09 10:03:33.510,1.21526,1.21551,1.50,1.50
2011.09.09 10:03:33.748,1.21526,1.21551,1.50,1.50
2011.09.09 10:03:34.098,1.21528,1.21553,1.50,1.50
2011.09.09 10:03:34.224,1.21526,1.21551,1.50,1.50
2011.09.09 10:03:34.475,1.21529,1.21555,1.50,1.50
2011.09.09 10:03:35.265,1.21528,1.21554,1.50,1.50
2011.09.09 10:03:35.413,1.21524,1.21549,1.50,1.50
2011.09.09 10:03:35.543,1.21524,1.21548,1.50,1.50
2011.09.09 10:03:35.676,1.21523,1.21546,1.50,2.25
2011.09.09 10:03:35.804,1.21519,1.21544,1.50,1.50
2011.09.09 10:03:35.931,1.21519,1.21544,1.50,1.50
2011.09.09 10:03:36.293,1.21522,1.21548,1.50,2.25
2011.09.09 10:03:36.423,1.21523,1.21549,2.25,2.25
2011.09.09 10:03:36.553,1.21522,1.21547,1.50,1.50
2011.09.09 10:03:36.924,1.21529,1.21551,3.00,1.50
2011.09.09 10:03:37.565,1.21527,1.21548,1.50,1.13
2011.09.09 10:03:37.691,1.21524,1.21548,1.50,1.88
2011.09.09 10:03:37.809,1.21524,1.21548,2.25,1.13
2011.09.09 10:03:38.280,1.21524,1.21548,1.50,1.88
2011.09.09 10:03:38.880,1.21524,1.21548,1.50,1.88
2011.09.09 10:03:39.125,1.21522,1.21547,1.50,1.50
2011.09.09 10:03:39.250,1.2152,1.21546,1.50,1.50
2011.09.09 10:03:40.127,1.21518,1.21546,2.25,2.25
2011.09.09 10:03:40.502,1.21514,1.21537,2.18,1.13
2011.09.09 10:03:40.638,1.21514,1.21538,1.43,1.88
2011.09.09 10:03:40.766,1.21512,1.21537,2.25,1.13
2011.09.09 10:03:41.141,1.21513,1.21537,1.50,1.50
2011.09.09 10:03:41.260,1.21512,1.21536,1.50,1.50
2011.09.09 10:03:42.165,1.2151,1.21534,2.25,1.50
2011.09.09 10:03:42.306,1.21515,1.21538,1.50,1.13
2011.09.09 10:03:42.677,1.21512,1.21537,1.50,1.50
2011.09.09 10:03:42.933,1.21515,1.21538,1.50,1.13
2011.09.09 10:03:43.064,1.21515,1.21539,2.25,2.68
2011.09.09 10:03:43.194,1.21515,1.21537,1.50,1.13
2011.09.09 10:03:43.738,1.21512,1.21537,1.50,1.50
2011.09.09 10:03:43.874,1.21516,1.21541,1.43,3.00
2011.09.09 10:03:44.008,1.21521,1.21544,2.93,1.50
2011.09.09 10:03:45.041,1.21522,1.21553,2.18,1.50
2011.09.09 10:03:45.629,1.21522,1.21553,1.43,1.50
2011.09.09 10:03:46.213,1.21522,1.21553,1.43,1.50
2011.09.09 10:03:46.702,1.2152,1.21548,1.43,1.50
2011.09.09 10:03:47.624,1.2152,1.21549,1.43,1.50
2011.09.09 10:03:47.757,1.2152,1.21549,1.43,1.50
2011.09.09 10:03:48.122,1.21524,1.2155,1.50,1.13
2011.09.09 10:03:48.244,1.21521,1.2155,1.43,1.50
2011.09.09 10:03:48.720,1.21521,1.21551,1.43,1.13
2011.09.09 10:03:49.736,1.21522,1.21553,1.50,2.25
2011.09.09 10:03:50.110,1.21521,1.21548,2.25,3.38
2011.09.09 10:03:50.231,1.2152,1.21546,1.50,1.50
2011.09.09 10:03:50.589,1.21523,1.21547,1.50,1.13
2011.09.09 10:03:50.952,1.2152,1.21546,1.50,1.50
2011.09.09 10:03:51.201,1.21519,1.21544,1.50,1.50
2011.09.09 10:03:51.899,1.21515,1.2154,2.25,1.50
2011.09.09 10:03:52.588,1.21517,1.21539,1.50,1.50
2011.09.09 10:03:52.956,1.21517,1.21541,1.50,1.50
2011.09.09 10:03:53.322,1.21518,1.21543,1.50,1.50
2011.09.09 10:03:53.697,1.21515,1.21541,2.25,1.50
2011.09.09 10:03:53.949,1.21512,1.21537,1.50,1.50
2011.09.09 10:03:54.076,1.21516,1.21541,1.50,1.50
2011.09.09 10:03:54.867,1.21518,1.21543,1.50,1.50
2011.09.09 10:03:55.594,1.21515,1.21541,2.25,1.50
2011.09.09 10:03:55.840,1.21515,1.21539,1.50,1.50
2011.09.09 10:03:55.973,1.21515,1.21541,2.25,1.50
2011.09.09 10:03:56.346,1.21521,1.21545,1.50,1.50
2011.09.09 10:03:57.146,1.21514,1.21539,1.50,2.25
2011.09.09 10:03:57.391,1.21515,1.21539,2.25,1.50
2011.09.09 10:03:57.869,1.21516,1.21541,1.50,1.50
2011.09.09 10:03:59.918,1.21522,1.21546,1.50,1.18
2011.09.09 10:04:00.524,1.2152,1.21544,1.50,1.50
2011.09.09 10:04:01.253,1.21523,1.21547,1.50,1.50
2011.09.09 10:04:02.159,1.2152,1.21544,1.50,1.50
2011.09.09 10:04:02.292,1.21518,1.21541,1.50,1.50
2011.09.09 10:04:02.770,1.21516,1.2154,1.50,1.50
2011.09.09 10:04:03.135,1.21515,1.21539,1.50,1.50
2011.09.09 10:04:03.510,1.21513,1.21537,1.50,2.25
2011.09.09 10:04:03.637,1.21508,1.21532,2.25,1.50
2011.09.09 10:04:03.769,1.2151,1.21536,1.50,1.50
2011.09.09 10:04:04.389,1.21507,1.21531,1.50,1.50
2011.09.09 10:04:04.631,1.21513,1.21538,1.50,1.50
2011.09.09 10:04:04.869,1.21513,1.21538,1.50,1.50
2011.09.09 10:04:05.832,1.21515,1.21539,1.50,1.13
2011.09.09 10:04:06.914,1.21515,1.21539,1.50,1.88
2011.09.09 10:04:07.164,1.21515,1.2154,2.25,1.13
2011.09.09 10:04:07.775,1.21515,1.21538,1.50,1.50
2011.09.09 10:04:08.027,1.21513,1.21538,1.50,1.13
2011.09.09 10:04:08.155,1.21514,1.21538,2.25,1.13
2011.09.09 10:04:08.518,1.21519,1.2154,2.25,1.13
2011.09.09 10:04:09.156,1.21514,1.2154,1.50,2.63
2011.09.09 10:04:09.290,1.21515,1.21538,2.25,1.13
2011.09.09 10:04:09.407,1.21516,1.2154,1.50,1.88
2011.09.09 10:04:09.989,1.21516,1.2154,1.50,1.88
2011.09.09 10:04:10.820,1.21516,1.2154,1.50,1.88
2011.09.09 10:04:10.939,1.21514,1.21539,1.50,1.88
2011.09.09 10:04:11.168,1.21516,1.21539,1.50,1.13
2011.09.09 10:04:11.896,1.21516,1.21539,1.50,1.13
2011.09.09 10:04:12.644,1.21521,1.21545,1.50,1.50
2011.09.09 10:04:12.773,1.21525,1.21543,4.50,1.50
2011.09.09 10:04:13.024,1.21519,1.21543,5.25,1.50
2011.09.09 10:04:13.156,1.21525,1.21542,1.50,1.50
2011.09.09 10:04:13.405,1.21533,1.21558,1.50,1.93
2011.09.09 10:04:13.531,1.21537,1.21559,1.50,2.10
2011.09.09 10:04:14.269,1.21533,1.21559,2.25,2.85
2011.09.09 10:04:14.409,1.21539,1.21559,1.50,1.63
2011.09.09 10:04:14.772,1.21537,1.21558,1.50,2.09
2011.09.09 10:04:15.369,1.21538,1.21558,1.50,1.77
2011.09.09 10:04:15.708,1.21537,1.21558,1.50,1.77
2011.09.09 10:04:16.482,1.21536,1.21558,1.50,1.77
2011.09.09 10:04:16.738,1.21536,1.21558,1.50,1.77
2011.09.09 10:04:17.980,1.21535,1.21557,1.50,1.03
2011.09.09 10:04:18.343,1.21529,1.21553,1.50,1.03
2011.09.09 10:04:18.473,1.21527,1.21552,2.25,1.03
2011.09.09 10:04:19.080,1.21527,1.21551,1.50,1.65
2011.09.09 10:04:19.805,1.21519,1.21544,1.43,1.50
2011.09.09 10:04:20.174,1.21519,1.21544,2.25,1.50
2011.09.09 10:04:20.543,1.21516,1.21539,1.43,1.50
2011.09.09 10:04:21.152,1.21518,1.21542,1.50,1.50
2011.09.09 10:04:22.127,1.21516,1.21542,1.50,1.50
2011.09.09 10:04:22.282,1.21517,1.21545,1.50,1.50
2011.09.09 10:04:22.896,1.21517,1.21548,1.50,2.40
2011.09.09 10:04:23.263,1.2152,1.2155,1.50,2.03
2011.09.09 10:04:23.628,1.2152,1.21552,2.93,1.03
2011.09.09 10:04:23.991,1.21526,1.21553,1.50,1.03
2011.09.09 10:04:24.549,1.21524,1.21553,1.50,1.03
2011.09.09 10:04:24.690,1.21519,1.21548,1.43,1.65
2011.09.09 10:04:24.820,1.21522,1.21551,2.25,1.03
2011.09.09 10:04:25.186,1.21527,1.21557,1.50,1.78
2011.09.09 10:04:25.310,1.21525,1.21555,1.50,1.03
2011.09.09 10:04:25.556,1.2153,1.21557,1.50,1.78
2011.09.09 10:04:25.926,1.21526,1.21553,1.50,1.03
2011.09.09 10:04:26.176,1.2154,1.21561,3.00,1.13
2011.09.09 10:04:26.304,1.21544,1.21565,1.50,2.10
2011.09.09 10:04:26.937,1.21544,1.21565,1.50,1.35
2011.09.09 10:04:27.182,1.2154,1.21565,1.50,2.10
2011.09.09 10:04:27.431,1.21535,1.21559,1.50,1.50
2011.09.09 10:04:27.670,1.21543,1.21563,1.50,1.13
2011.09.09 10:04:27.912,1.21544,1.21565,1.50,1.73
2011.09.09 10:04:28.034,1.21544,1.21565,1.50,1.35
2011.09.09 10:04:29.141,1.21541,1.21566,1.50,1.50
2011.09.09 10:04:29.646,1.21544,1.21567,1.50,1.50
2011.09.09 10:04:30.249,1.21544,1.21568,1.50,1.55
2011.09.09 10:04:30.498,1.21545,1.21569,1.50,1.93
2011.09.09 10:04:31.362,1.21548,1.21569,1.50,1.18
2011.09.09 10:04:31.874,1.21547,1.21568,1.50,1.55
2011.09.09 10:04:32.241,1.21547,1.21568,1.50,1.55
2011.09.09 10:04:32.845,1.21546,1.21568,2.25,2.30
2011.09.09 10:04:33.696,1.21547,1.21568,1.50,1.55
2011.09.09 10:04:34.308,1.21545,1.21568,1.50,1.55
2011.09.09 10:04:34.550,1.21545,1.21568,1.50,1.55
2011.09.09 10:04:34.791,1.21543,1.21567,1.50,1.50
2011.09.09 10:04:34.912,1.21542,1.21566,1.50,1.13
2011.09.09 10:04:35.029,1.21542,1.21566,1.50,1.88
2011.09.09 10:04:35.153,1.2154,1.21566,1.50,2.63
2011.09.09 10:04:35.907,1.21542,1.21565,1.50,1.50
2011.09.09 10:04:36.043,1.21542,1.21566,1.43,2.25
2011.09.09 10:04:36.167,1.21543,1.21566,1.50,1.13
2011.09.09 10:04:36.299,1.21538,1.21563,1.50,1.50
2011.09.09 10:04:36.662,1.21537,1.21561,1.50,1.50
2011.09.09 10:04:37.037,1.2153,1.21555,1.50,1.50
2011.09.09 10:04:38.191,1.21532,1.21558,2.25,1.50
2011.09.09 10:04:38.791,1.21533,1.21558,1.50,1.50
2011.09.09 10:04:38.913,1.21532,1.21558,2.93,1.50
2011.09.09 10:04:39.275,1.2153,1.21554,1.50,1.50
2011.09.09 10:04:39.405,1.21531,1.21555,1.50,1.50
2011.09.09 10:04:40.133,1.21535,1.21559,1.50,1.88
2011.09.09 10:04:40.503,1.21535,1.21559,2.25,1.13
2011.09.09 10:04:40.870,1.21537,1.21561,2.25,1.50
2011.09.09 10:04:41.235,1.21536,1.21561,1.50,2.25
2011.09.09 10:04:41.359,1.21535,1.21559,1.50,1.13
2011.09.09 10:04:42.490,1.21532,1.21558,1.50,2.25
2011.09.09 10:04:42.862,1.2153,1.21554,1.50,1.13
2011.09.09 10:04:42.992,1.21528,1.21554,1.50,1.88
2011.09.09 10:04:43.123,1.21527,1.21554,1.50,2.25
2011.09.09 10:04:43.478,1.21527,1.21554,2.25,1.50
2011.09.09 10:04:44.079,1.21526,1.21554,1.50,1.13
2011.09.09 10:04:45.008,1.21527,1.21551,1.50,1.50
2011.09.09 10:04:45.387,1.21529,1.21554,1.50,1.18
2011.09.09 10:04:45.629,1.21526,1.21554,1.50,1.50
2011.09.09 10:04:45.872,1.21528,1.21554,1.50,1.13
2011.09.09 10:04:46.005,1.21534,1.21555,1.50,1.13
2011.09.09 10:04:46.496,1.2153,1.21554,1.50,1.50
2011.09.09 10:04:46.622,1.21528,1.21554,2.25,1.88
2011.09.09 10:04:47.746,1.21533,1.21558,2.25,1.50
2011.09.09 10:04:48.116,1.21535,1.21559,3.00,1.13
2011.09.09 10:04:48.244,1.21538,1.21562,1.50,1.50
2011.09.09 10:04:48.837,1.21538,1.21562,1.50,1.50
2011.09.09 10:04:48.959,1.21536,1.21561,1.50,1.50
2011.09.09 10:04:50.343,1.21537,1.21561,1.50,1.50
2011.09.09 10:04:50.474,1.21538,1.21562,1.50,1.50
2011.09.09 10:04:50.841,1.21538,1.21561,1.50,1.50
2011.09.09 10:04:51.656,1.21538,1.21561,1.50,1.13
2011.09.09 10:04:52.770,1.21539,1.21562,1.50,1.50
2011.09.09 10:04:52.896,1.21539,1.21562,1.50,1.50
2011.09.09 10:04:53.467,1.21539,1.21562,1.50,1.50
2011.09.09 10:04:54.099,1.21539,1.21562,1.50,1.50
2011.09.09 10:04:54.796,1.21539,1.21562,1.50,1.50
2011.09.09 10:04:56.074,1.21543,1.21562,1.50,1.50
2011.09.09 10:04:56.559,1.21543,1.21566,1.50,1.13
2011.09.09 10:04:56.798,1.21543,1.21566,1.50,1.13
2011.09.09 10:04:57.383,1.21544,1.21566,1.50,1.50
2011.09.09 10:04:57.516,1.21542,1.21566,1.50,1.13
2011.09.09 10:04:57.764,1.21542,1.21566,1.50,1.50
2011.09.09 10:04:58.015,1.2154,1.21565,1.50,1.50
2011.09.09 10:04:58.584,1.21542,1.21566,1.50,1.88
2011.09.09 10:04:58.942,1.21542,1.21566,1.50,2.25
2011.09.09 10:04:59.062,1.21539,1.21564,1.50,1.50
2011.09.09 10:04:59.542,1.2154,1.21566,1.50,2.25
2011.09.09 10:04:59.661,1.21535,1.21559,1.50,1.50
2011.09.09 10:05:00.262,1.21536,1.21561,1.50,2.10
2011.09.09 10:05:00.620,1.21541,1.21562,1.50,1.78
2011.09.09 10:05:01.264,1.2154,1.21563,1.50,1.18
2011.09.09 10:05:01.418,1.21547,1.21565,4.50,1.18
2011.09.09 10:05:01.549,1.21542,1.21565,1.50,1.18
2011.09.09 10:05:01.678,1.21542,1.21566,1.50,1.50
2011.09.09 10:05:02.047,1.21529,1.21552,2.25,1.50
2011.09.09 10:05:02.174,1.21524,1.2155,1.50,1.50
2011.09.09 10:05:02.307,1.21518,1.21546,1.50,1.50
2011.09.09 10:05:02.435,1.21514,1.21537,1.35,2.25
2011.09.09 10:05:02.564,1.21516,1.2154,1.50,1.50
2011.09.09 10:05:03.138,1.21516,1.21541,1.50,1.50
2011.09.09 10:05:03.273,1.21515,1.21546,2.25,1.50
2011.09.09 10:05:03.526,1.21515,1.21541,1.50,1.50
2011.09.09 10:05:03.655,1.21512,1.21537,1.50,1.50
2011.09.09 10:05:03.907,1.21514,1.2154,1.50,2.25
2011.09.09 10:05:04.275,1.21512,1.21538,1.50,1.50
2011.09.09 10:05:04.405,1.21511,1.21535,2.25,1.50
2011.09.09 10:05:05.784,1.21513,1.21539,2.25,1.50
2011.09.09 10:05:05.915,1.21513,1.21541,2.25,2.25
2011.09.09 10:05:06.046,1.21513,1.2154,1.50,1.50
2011.09.09 10:05:06.294,1.21511,1.21537,3.00,1.50
2011.09.09 10:05:06.783,1.21511,1.21533,1.50,1.50
2011.09.09 10:05:07.034,1.2151,1.21537,2.25,1.50
2011.09.09 10:05:07.284,1.2151,1.21536,1.50,1.50
2011.09.09 10:05:08.016,1.21513,1.21539,1.50,2.25
2011.09.09 10:05:09.218,1.21514,1.2154,1.50,1.50
2011.09.09 10:05:09.571,1.21521,1.21541,1.50,1.13
2011.09.09 10:05:09.934,1.21526,1.21545,1.50,1.55
2011.09.09 10:05:10.597,1.21528,1.21549,1.50,1.93
2011.09.09 10:05:10.964,1.21524,1.21546,1.50,1.55
2011.09.09 10:05:11.091,1.21522,1.21546,2.25,1.55
2011.09.09 10:05:11.571,1.21528,1.21548,1.50,1.55
2011.09.09 10:05:11.691,1.21523,1.21548,1.50,1.55
2011.09.09 10:05:11.929,1.21527,1.21545,1.50,1.55
2011.09.09 10:05:12.173,1.21517,1.21541,1.50,1.50
2011.09.09 10:05:12.993,1.21511,1.21537,3.00,2.25
2011.09.09 10:05:13.241,1.21511,1.21535,1.50,1.50
2011.09.09 10:05:13.723,1.2151,1.21536,3.00,1.50
2011.09.09 10:05:14.719,1.21511,1.21534,1.50,2.25
2011.09.09 10:05:15.078,1.21508,1.21529,1.50,1.50
2011.09.09 10:05:15.538,1.21511,1.21537,1.50,2.25
2011.09.09 10:05:16.276,1.21512,1.21537,1.50,1.50
2011.09.09 10:05:16.402,1.21514,1.21539,1.50,1.88
2011.09.09 10:05:16.538,1.21516,1.21539,1.50,1.13
2011.09.09 10:05:16.905,1.21518,1.21542,1.50,1.18
2011.09.09 10:05:17.273,1.21519,1.21544,1.50,1.55
2011.09.09 10:05:17.401,1.21519,1.21544,1.50,1.55
2011.09.09 10:05:18.542,1.21516,1.21543,1.50,1.18
2011.09.09 10:05:18.665,1.21513,1.21542,2.25,1.93
2011.09.09 10:05:19.150,1.21513,1.2154,1.50,1.50
2011.09.09 10:05:19.519,1.21512,1.21538,2.25,1.50
2011.09.09 10:05:20.110,1.21512,1.21537,2.25,1.50
2011.09.09 10:05:20.919,1.21512,1.21536,1.50,1.50
2011.09.09 10:05:21.322,1.2151,1.21536,1.50,1.50
2011.09.09 10:05:21.455,1.21511,1.21536,1.50,1.50
2011.09.09 10:05:21.582,1.21511,1.21536,1.50,1.50
2011.09.09 10:05:22.192,1.21511,1.21536,2.25,1.50
2011.09.09 10:05:22.326,1.21512,1.21536,1.50,1.50
2011.09.09 10:05:23.210,1.21509,1.21534,1.50,1.50
2011.09.09 10:05:23.574,1.21512,1.21538,1.50,1.50
2011.09.09 10:05:23.700,1.21513,1.21539,1.50,1.18
2011.09.09 10:05:24.187,1.2151,1.21537,1.50,1.50
2011.09.09 10:05:24.435,1.21511,1.21537,1.50,2.25
2011.09.09 10:05:24.566,1.21513,1.21537,1.50,1.50
2011.09.09 10:05:25.396,1.21521,1.21543,1.50,1.50
2011.09.09 10:05:25.761,1.21516,1.21543,1.50,2.25
2011.09.09 10:05:26.359,1.21516,1.21543,1.50,1.50
2011.09.09 10:05:26.843,1.21519,1.21544,1.50,1.50
2011.09.09 10:05:28.252,1.21517,1.21541,1.50,1.13
2011.09.09 10:05:28.757,1.21517,1.21541,1.50,1.50
2011.09.09 10:05:29.233,1.21518,1.21544,3.00,1.50
2011.09.09 10:05:29.722,1.21517,1.21542,1.50,1.50
2011.09.09 10:05:29.977,1.21518,1.21544,1.50,2.25
2011.09.09 10:05:30.717,1.21518,1.21543,1.50,1.50
2011.09.09 10:05:31.919,1.21519,1.21543,1.50,1.50
2011.09.09 10:05:32.631,1.21519,1.21543,1.50,1.50
2011.09.09 10:05:32.749,1.2152,1.21545,1.50,1.50
2011.09.09 10:05:32.992,1.21518,1.21544,1.50,1.88
2011.09.09 10:05:34.059,1.21516,1.21541,1.50,1.50
2011.09.09 10:05:34.662,1.21515,1.21539,2.25,1.50
2011.09.09 10:05:35.012,1.21514,1.21539,1.50,1.50
2011.09.09 10:05:35.731,1.21517,1.21541,1.50,1.50
2011.09.09 10:05:36.582,1.21515,1.21539,1.50,1.13
2011.09.09 10:05:36.719,1.21512,1.21538,2.25,1.18
2011.09.09 10:05:36.840,1.2151,1.21535,1.50,1.50
2011.09.09 10:05:37.326,1.21515,1.21539,1.50,1.55
2011.09.09 10:05:37.934,1.21513,1.21536,1.50,1.13
2011.09.09 10:05:38.423,1.2151,1.21536,1.50,1.13
2011.09.09 10:05:39.432,1.21514,1.21536,1.50,1.50
2011.09.09 10:05:41.014,1.21513,1.21536,1.50,1.13
2011.09.09 10:05:42.258,1.21511,1.21535,1.50,1.50
2011.09.09 10:05:42.859,1.21512,1.21536,1.50,1.13
2011.09.09 10:05:43.459,1.21516,1.2154,1.50,1.50
2011.09.09 10:05:44.715,1.2152,1.21544,1.50,1.55
2011.09.09 10:05:45.196,1.21521,1.21542,3.00,1.50
2011.09.09 10:05:45.324,1.21518,1.2154,1.50,1.50
2011.09.09 10:05:45.574,1.2151,1.21536,1.50,1.50
2011.09.09 10:05:46.296,1.21517,1.21539,1.50,1.50
2011.09.09 10:05:47.255,1.21516,1.2154,1.50,1.50
2011.09.09 10:05:47.871,1.21514,1.21538,1.50,1.50
2011.09.09 10:05:48.473,1.21518,1.21539,1.50,1.50
2011.09.09 10:05:49.774,1.21518,1.21542,1.50,1.50
2011.09.09 10:05:50.383,1.21515,1.21537,1.50,1.50
2011.09.09 10:05:50.513,1.21509,1.21535,1.50,1.50
2011.09.09 10:05:50.759,1.21519,1.2154,1.50,1.55
2011.09.09 10:05:50.879,1.21516,1.2154,1.50,2.30
2011.09.09 10:05:52.234,1.21513,1.21536,1.50,1.13
2011.09.09 10:05:52.364,1.21516,1.21537,1.50,1.50
2011.09.09 10:05:52.733,1.21522,1.21539,1.50,1.50
2011.09.09 10:05:52.986,1.21526,1.21551,1.50,1.50
2011.09.09 10:05:53.341,1.21527,1.21547,1.50,1.18
2011.09.09 10:05:53.463,1.21527,1.21549,1.50,2.25
2011.09.09 10:05:53.596,1.21525,1.2155,2.25,1.50
2011.09.09 10:05:54.297,1.21528,1.21554,1.50,1.50
2011.09.09 10:05:54.405,1.21538,1.21563,1.50,1.93
2011.09.09 10:05:54.536,1.21543,1.21568,1.50,1.50
2011.09.09 10:05:54.783,1.21541,1.21567,1.50,1.50
2011.09.09 10:05:54.914,1.21541,1.21566,1.50,1.50
2011.09.09 10:05:55.039,1.21539,1.21564,1.50,1.50
2011.09.09 10:05:55.405,1.21536,1.21562,1.43,1.50
2011.09.09 10:05:55.999,1.21535,1.21559,1.43,2.25
2011.09.09 10:05:56.841,1.21532,1.21556,1.43,1.50
2011.09.09 10:05:58.034,1.21536,1.21558,4.50,1.50
2011.09.09 10:05:58.282,1.21543,1.21567,5.25,1.18
2011.09.09 10:05:58.413,1.21544,1.21567,1.50,1.18
2011.09.09 10:05:58.545,1.21549,1.21573,1.43,1.50
2011.09.09 10:05:58.673,1.21547,1.21573,1.50,1.50
2011.09.09 10:05:59.349,1.21546,1.21575,2.25,1.50
2011.09.09 10:05:59.952,1.21545,1.21574,1.43,2.25
2011.09.09 10:06:00.087,1.21545,1.21574,1.43,2.25
2011.09.09 10:06:00.693,1.21544,1.21574,1.43,2.68
2011.09.09 10:06:00.825,1.21544,1.21574,1.43,3.43
2011.09.09 10:06:01.410,1.21544,1.21574,2.18,1.93
2011.09.09 10:06:02.068,1.21545,1.21574,4.50,1.93
2011.09.09 10:06:02.432,1.21551,1.21575,1.43,1.18
2011.09.09 10:06:02.550,1.21551,1.21578,1.43,3.17
2011.09.09 10:06:02.911,1.2155,1.21576,2.18,1.18
2011.09.09 10:06:03.148,1.21551,1.21576,1.43,1.18
2011.09.09 10:06:03.505,1.21548,1.21571,1.50,1.50
2011.09.09 10:06:03.631,1.21546,1.2157,1.50,2.25
2011.09.09 10:06:04.111,1.21544,1.21574,2.18,2.25
2011.09.09 10:06:04.672,1.21547,1.21574,1.50,1.50
2011.09.09 10:06:04.808,1.21542,1.21571,2.18,1.50
2011.09.09 10:06:05.059,1.21545,1.21573,4.50,1.50
2011.09.09 10:06:05.303,1.21549,1.21575,2.25,1.93
2011.09.09 10:06:05.673,1.21551,1.21578,2.18,1.50
2011.09.09 10:06:05.800,1.21551,1.21578,1.43,2.25
2011.09.09 10:06:06.043,1.21552,1.21578,1.50,2.25
2011.09.09 10:06:06.928,1.21548,1.21574,1.50,1.50
2011.09.09 10:06:07.063,1.21549,1.21576,1.50,1.50
2011.09.09 10:06:07.438,1.21548,1.21574,1.43,1.13
2011.09.09 10:06:07.566,1.21547,1.21575,1.50,1.13
2011.09.09 10:06:07.809,1.21547,1.21574,1.50,1.88
2011.09.09 10:06:08.176,1.21547,1.21575,2.25,1.13
2011.09.09 10:06:08.424,1.21545,1.21571,1.50,1.50
2011.09.09 10:06:08.792,1.21544,1.21571,1.50,1.50
2011.09.09 10:06:09.482,1.21541,1.21567,1.50,1.50
2011.09.09 10:06:09.728,1.21542,1.2157,1.50,2.25
2011.09.09 10:06:10.334,1.2154,1.21567,2.18,1.50
2011.09.09 10:06:10.941,1.2154,1.21567,4.50,1.50
2011.09.09 10:06:12.121,1.2154,1.21569,4.50,1.50
2011.09.09 10:06:12.241,1.21543,1.2157,1.50,1.50
2011.09.09 10:06:12.842,1.21542,1.2157,5.25,1.50
2011.09.09 10:06:13.442,1.21542,1.21565,4.50,1.50
2011.09.09 10:06:13.572,1.21541,1.21567,1.50,2.25
2011.09.09 10:06:13.693,1.21541,1.21567,1.50,1.63
2011.09.09 10:06:14.639,1.21545,1.21569,5.25,1.93
2011.09.09 10:06:15.016,1.21529,1.21547,1.43,5.25
2011.09.09 10:06:15.146,1.21524,1.21548,1.43,3.00
2011.09.09 10:06:15.271,1.21524,1.21543,1.43,1.50
2011.09.09 10:06:15.392,1.21517,1.21543,1.50,1.50
2011.09.09 10:06:15.528,1.21517,1.21541,1.50,1.50
2011.09.09 10:06:15.776,1.21516,1.21541,1.50,1.50
2011.09.09 10:06:15.908,1.21515,1.21542,2.93,1.50
2011.09.09 10:06:16.034,1.21515,1.21542,1.43,1.50
2011.09.09 10:06:16.162,1.21515,1.21539,1.43,1.50
2011.09.09 10:06:16.800,1.21514,1.21539,2.25,1.50
2011.09.09 10:06:17.172,1.21519,1.21546,1.50,1.50
2011.09.09 10:06:17.292,1.21526,1.21552,3.75,2.68
2011.09.09 10:06:17.905,1.21528,1.2155,1.50,1.50
2011.09.09 10:06:18.035,1.21516,1.21542,2.18,1.50
2011.09.09 10:06:18.162,1.21516,1.21542,2.25,1.50
2011.09.09 10:06:18.294,1.21516,1.21542,2.25,2.25
2011.09.09 10:06:18.540,1.21515,1.21542,2.18,1.50
2011.09.09 10:06:18.770,1.21516,1.21542,1.50,1.50
2011.09.09 10:06:19.316,1.21516,1.21532,1.50,4.50
2011.09.09 10:06:19.475,1.21511,1.21536,1.50,1.50
2011.09.09 10:06:20.535,1.21512,1.21537,1.50,1.50
2011.09.09 10:06:20.669,1.21514,1.21539,1.50,1.50
2011.09.09 10:06:21.028,1.21514,1.21541,2.25,2.25
2011.09.09 10:06:21.621,1.21517,1.21541,1.50,3.80
2011.09.09 10:06:22.520,1.21511,1.21522,2.18,4.50
2011.09.09 10:06:22.646,1.21511,1.21522,1.50,4.50
2011.09.09 10:06:22.773,1.21506,1.21528,1.50,1.50
2011.09.09 10:06:23.263,1.21509,1.21533,1.50,5.25
2011.09.09 10:06:24.239,1.21508,1.21532,2.25,1.50
2011.09.09 10:06:24.983,1.21506,1.2153,1.78,1.50
2011.09.09 10:06:25.121,1.21508,1.2153,1.50,1.50
2011.09.09 10:06:25.727,1.21506,1.21529,1.78,1.50
2011.09.09 10:06:26.091,1.21509,1.21532,1.50,1.13
2011.09.09 10:06:28.090,1.21507,1.21532,2.25,1.50
2011.09.09 10:06:28.321,1.21507,1.21531,2.25,1.50
2011.09.09 10:06:28.919,1.21507,1.21531,1.50,1.50
2011.09.09 10:06:29.676,1.21506,1.21531,2.53,1.50
2011.09.09 10:06:29.804,1.21508,1.21532,1.50,1.50
2011.09.09 10:06:30.170,1.21506,1.2153,1.03,1.50
2011.09.09 10:06:30.295,1.21506,1.21529,1.03,1.50
2011.09.09 10:06:30.663,1.21507,1.2153,1.03,1.50
2011.09.09 10:06:30.796,1.21507,1.21532,1.78,2.25
2011.09.09 10:06:31.399,1.21507,1.21531,1.78,1.50
2011.09.09 10:06:31.519,1.21507,1.21531,1.03,1.50
2011.09.09 10:06:32.736,1.21507,1.2153,1.03,1.50
2011.09.09 10:06:34.608,1.21507,1.21531,1.78,1.50
2011.09.09 10:06:35.159,1.21507,1.21532,1.78,2.25
2011.09.09 10:06:36.390,1.21507,1.21527,1.03,4.50
2011.09.09 10:06:36.758,1.21507,1.21523,1.03,4.50
2011.09.09 10:06:36.887,1.21507,1.21527,1.03,1.50
2011.09.09 10:06:37.363,1.21507,1.21526,1.03,4.50
2011.09.09 10:06:37.853,1.21507,1.21526,1.03,4.50
2011.09.09 10:06:39.299,1.21506,1.21526,1.03,4.50
2011.09.09 10:06:39.550,1.21506,1.21526,1.03,1.50
2011.09.09 10:06:40.149,1.21506,1.21525,1.03,1.50
2011.09.09 10:06:41.179,1.21507,1.21526,1.03,1.50
2011.09.09 10:06:42.254,1.21507,1.21526,1.03,1.50
2011.09.09 10:06:43.477,1.21507,1.21526,1.03,1.50
2011.09.09 10:06:44.289,1.21507,1.21528,1.03,2.25
2011.09.09 10:06:44.407,1.21507,1.21528,1.03,2.25
2011.09.09 10:06:44.988,1.21507,1.21528,1.03,1.50
2011.09.09 10:06:48.961,1.21507,1.21527,1.03,4.50
2011.09.09 10:06:50.026,1.21506,1.21525,1.03,1.50
2011.09.09 10:06:51.715,1.21507,1.21523,1.03,2.25
2011.09.09 10:06:53.561,1.21507,1.21524,1.03,1.50
2011.09.09 10:06:54.155,1.21507,1.21524,1.03,1.50
2011.09.09 10:06:54.522,1.21506,1.21523,1.03,4.50
2011.09.09 10:06:55.702,1.21504,1.2152,1.03,4.50
2011.09.09 10:06:56.550,1.21503,1.21517,1.03,4.50
2011.09.09 10:06:56.677,1.21502,1.21516,1.50,1.50
2011.09.09 10:06:58.068,1.21502,1.2152,1.50,1.50
2011.09.09 10:06:58.322,1.21494,1.21518,1.50,1.50
2011.09.09 10:06:58.446,1.21495,1.2152,1.50,1.50
2011.09.09 10:06:58.572,1.21497,1.21523,1.50,1.50
2011.09.09 10:06:59.061,1.21502,1.21526,1.50,1.50
2011.09.09 10:07:00.374,1.21502,1.21528,2.25,1.50
2011.09.09 10:07:00.973,1.21502,1.21526,1.50,1.50
2011.09.09 10:07:01.587,1.21502,1.21525,1.50,1.50
2011.09.09 10:07:02.221,1.21502,1.21526,1.50,2.25
2011.09.09 10:07:02.807,1.21502,1.21527,1.50,1.50
2011.09.09 10:07:03.532,1.21509,1.21526,4.50,1.50
2011.09.09 10:07:03.663,1.21504,1.2153,2.25,1.50
2011.09.09 10:07:03.911,1.21508,1.21535,1.50,1.50
2011.09.09 10:07:04.616,1.21506,1.21535,2.93,3.00
2011.09.09 10:07:04.753,1.21508,1.21536,1.50,1.50
2011.09.09 10:07:04.885,1.21506,1.21536,2.18,1.50
2011.09.09 10:07:05.013,1.21506,1.21533,1.43,1.50
2011.09.09 10:07:05.728,1.21506,1.2153,1.43,1.50
2011.09.09 10:07:06.796,1.21506,1.21528,1.43,1.50
2011.09.09 10:07:07.515,1.21503,1.21528,1.50,1.50
2011.09.09 10:07:07.663,1.21502,1.21527,1.50,1.50
2011.09.09 10:07:07.917,1.21502,1.21531,2.25,1.50
2011.09.09 10:07:08.163,1.21503,1.21531,1.50,1.50
2011.09.09 10:07:08.520,1.21502,1.21529,1.50,1.50
2011.09.09 10:07:08.640,1.21503,1.21529,1.50,1.50
2011.09.09 10:07:08.888,1.215,1.21525,1.50,2.25
2011.09.09 10:07:09.251,1.21498,1.21523,1.50,1.50
2011.09.09 10:07:09.369,1.215,1.21524,1.50,1.50
2011.09.09 10:07:10.098,1.21502,1.21526,1.50,1.50
2011.09.09 10:07:10.227,1.21503,1.21529,1.50,2.25
2011.09.09 10:07:10.717,1.21502,1.21527,1.50,1.50
2011.09.09 10:07:11.200,1.21503,1.21527,1.50,1.50
2011.09.09 10:07:11.801,1.21499,1.21524,1.50,1.50
2011.09.09 10:07:12.673,1.21501,1.21527,1.50,2.25
2011.09.09 10:07:12.834,1.21497,1.21519,1.43,1.50
2011.09.09 10:07:12.968,1.21497,1.21522,2.18,1.50
2011.09.09 10:07:13.097,1.21502,1.21527,1.50,1.50
2011.09.09 10:07:13.346,1.21505,1.2153,1.43,1.50
2011.09.09 10:07:13.471,1.21505,1.21532,1.43,1.50
2011.09.09 10:07:15.069,1.21504,1.21528,2.93,1.50
2011.09.09 10:07:15.540,1.21506,1.21532,1.43,1.50
2011.09.09 10:07:16.564,1.21506,1.21531,1.43,2.25
2011.09.09 10:07:17.843,1.21502,1.21523,2.18,5.25
2011.09.09 10:07:17.977,1.21496,1.21522,1.50,1.50
2011.09.09 10:07:18.819,1.21496,1.21522,2.18,1.50
2011.09.09 10:07:19.062,1.21498,1.21523,1.50,1.50
2011.09.09 10:07:19.430,1.21503,1.21527,1.50,1.50
2011.09.09 10:07:20.227,1.21504,1.2152,1.43,5.25
2011.09.09 10:07:20.339,1.21494,1.2152,2.78,1.50
2011.09.09 10:07:20.681,1.21496,1.2152,1.43,1.50
2011.09.09 10:07:20.798,1.21496,1.21522,2.18,1.50
2011.09.09 10:07:21.165,1.21494,1.21518,2.10,1.50
2011.09.09 10:07:21.760,1.21496,1.2152,1.50,1.50
2011.09.09 10:07:22.114,1.21494,1.21519,2.10,1.50
2011.09.09 10:07:22.981,1.21494,1.21519,2.10,2.25
2011.09.09 10:07:23.356,1.21495,1.21521,2.25,1.50
2011.09.09 10:07:23.604,1.21495,1.21521,1.50,1.50
2011.09.09 10:07:23.853,1.21495,1.21521,2.25,1.50
2011.09.09 10:07:23.987,1.21494,1.21519,1.50,2.25
2011.09.09 10:07:24.114,1.21493,1.21517,2.25,1.50
2011.09.09 10:07:24.365,1.21495,1.21519,1.50,1.50
2011.09.09 10:07:24.493,1.21494,1.21519,1.50,2.25
2011.09.09 10:07:25.309,1.21496,1.21521,1.50,3.00
2011.09.09 10:07:25.441,1.21499,1.21523,2.25,1.50
2011.09.09 10:07:25.566,1.21498,1.21522,1.50,1.50
2011.09.09 10:07:25.938,1.21503,1.21527,2.25,1.50
2011.09.09 10:07:26.062,1.21505,1.21532,2.25,1.50
2011.09.09 10:07:26.660,1.21506,1.21532,2.18,2.25
2011.09.09 10:07:26.888,1.21506,1.21531,1.43,1.50
2011.09.09 10:07:27.971,1.21499,1.21522,1.50,1.50
2011.09.09 10:07:28.573,1.21496,1.2152,1.50,1.50
2011.09.09 10:07:29.063,1.21495,1.21519,1.50,1.50
2011.09.09 10:07:29.310,1.21494,1.21519,2.10,1.50
2011.09.09 10:07:30.008,1.21493,1.21517,2.85,1.50
2011.09.09 10:07:30.600,1.21493,1.21518,2.25,1.50
2011.09.09 10:07:30.964,1.21499,1.21523,1.43,1.50
2011.09.09 10:07:31.097,1.21499,1.21525,2.93,1.50
2011.09.09 10:07:31.219,1.215,1.21525,1.50,1.50
2011.09.09 10:07:31.568,1.21499,1.21523,2.93,1.50
2011.09.09 10:07:32.470,1.21499,1.21523,2.18,1.50
2011.09.09 10:07:32.845,1.21493,1.21517,3.00,2.25
2011.09.09 10:07:33.449,1.21493,1.21516,1.50,2.25
2011.09.09 10:07:34.056,1.21493,1.21516,2.25,1.50
2011.09.09 10:07:34.711,1.21494,1.21516,1.50,1.50
2011.09.09 10:07:35.401,1.21492,1.21515,2.25,1.50
2011.09.09 10:07:35.880,1.21494,1.21518,1.43,2.25
2011.09.09 10:07:36.123,1.21493,1.21519,3.00,1.50
2011.09.09 10:07:36.985,1.21497,1.21517,1.50,1.50
2011.09.09 10:07:37.106,1.21492,1.21514,2.25,1.50
2011.09.09 10:07:37.709,1.21493,1.21514,1.50,1.50
2011.09.09 10:07:38.423,1.21493,1.21511,1.50,1.50
2011.09.09 10:07:39.488,1.21492,1.21512,1.50,1.50
2011.09.09 10:07:40.106,1.21492,1.21512,1.50,1.50
2011.09.09 10:07:40.931,1.21492,1.21513,1.50,1.50
2011.09.09 10:07:41.172,1.21492,1.21513,1.50,2.25
2011.09.09 10:07:41.425,1.21492,1.21513,1.50,2.25
2011.09.09 10:07:42.103,1.21492,1.21515,2.25,1.50
2011.09.09 10:07:42.233,1.21493,1.21515,1.50,1.50
2011.09.09 10:07:42.481,1.21492,1.21516,3.00,1.50
2011.09.09 10:07:43.079,1.21495,1.2152,1.50,2.25
2011.09.09 10:07:43.683,1.21494,1.21517,1.50,1.50
2011.09.09 10:07:44.973,1.21494,1.21519,2.25,2.25
2011.09.09 10:07:45.465,1.21493,1.21518,3.00,1.50
2011.09.09 10:07:45.593,1.21494,1.21517,2.25,1.50
2011.09.09 10:07:46.204,1.21493,1.21517,3.00,1.50
2011.09.09 10:07:46.338,1.21493,1.21515,3.00,1.50
2011.09.09 10:07:46.948,1.21493,1.21512,2.25,1.50
2011.09.09 10:07:47.732,1.21494,1.21512,1.50,1.50
2011.09.09 10:07:48.098,1.21494,1.21518,2.93,1.50
2011.09.09 10:07:48.222,1.21494,1.21518,3.68,1.50
2011.09.09 10:07:48.703,1.21498,1.21523,1.50,1.50
2011.09.09 10:07:48.951,1.21501,1.21525,1.35,1.50
2011.09.09 10:07:49.531,1.21501,1.21525,1.35,1.50
2011.09.09 10:07:50.129,1.21498,1.21522,2.18,2.25
2011.09.09 10:07:50.892,1.21498,1.2152,1.43,1.50
2011.09.09 10:07:51.156,1.21499,1.21523,2.93,1.50
2011.09.09 10:07:51.287,1.21506,1.21529,1.50,1.50
2011.09.09 10:07:51.419,1.21503,1.21529,2.25,1.50
2011.09.09 10:07:51.545,1.21501,1.21526,1.50,1.50
2011.09.09 10:07:52.564,1.215,1.21525,2.18,1.50
2011.09.09 10:07:53.687,1.21499,1.21519,1.43,2.25
2011.09.09 10:07:53.820,1.21499,1.21523,1.50,1.50
2011.09.09 10:07:53.946,1.21504,1.21528,2.85,1.50
2011.09.09 10:07:54.076,1.21513,1.21535,1.35,1.50
2011.09.09 10:07:54.567,1.21514,1.21537,2.85,1.50
2011.09.09 10:07:54.813,1.21518,1.21543,1.50,1.50
2011.09.09 10:07:55.457,1.2152,1.21544,1.50,1.50
2011.09.09 10:07:55.588,1.21516,1.21542,1.50,1.50
2011.09.09 10:07:56.069,1.21519,1.21541,1.50,1.50
2011.09.09 10:07:56.198,1.21515,1.21539,1.43,1.50
2011.09.09 10:07:56.327,1.21513,1.21539,1.50,1.50
2011.09.09 10:07:56.456,1.21515,1.21539,1.43,1.50
2011.09.09 10:07:56.585,1.21516,1.21542,3.68,1.50
2011.09.09 10:07:57.312,1.21517,1.21542,1.50,1.50
2011.09.09 10:07:59.076,1.21512,1.21536,2.18,1.50
2011.09.09 10:07:59.203,1.21511,1.21535,1.43,1.50
2011.09.09 10:07:59.574,1.21511,1.21534,1.43,1.50
2011.09.09 10:08:00.181,1.21511,1.21537,2.18,1.50
2011.09.09 10:08:00.781,1.21511,1.21534,1.43,1.50
2011.09.09 10:08:01.527,1.21512,1.21534,1.50,1.50
2011.09.09 10:08:02.140,1.21511,1.21535,2.18,1.13
2011.09.09 10:08:02.842,1.21511,1.21536,2.18,1.50
2011.09.09 10:08:03.229,1.2151,1.21532,1.43,1.50
2011.09.09 10:08:03.871,1.21507,1.21529,1.50,1.50
2011.09.09 10:08:03.999,1.21513,1.21538,1.50,1.50
2011.09.09 10:08:04.724,1.2151,1.21535,1.50,1.50
2011.09.09 10:08:05.200,1.21508,1.21535,2.93,1.50
2011.09.09 10:08:05.319,1.21508,1.21533,1.43,1.50
2011.09.09 10:08:05.560,1.21509,1.21535,2.25,1.50
2011.09.09 10:08:05.681,1.21514,1.21538,1.50,1.50
2011.09.09 10:08:06.542,1.21515,1.21538,1.50,1.50
2011.09.09 10:08:06.646,1.21516,1.2154,1.50,1.93
2011.09.09 10:08:07.119,1.21516,1.21545,1.50,2.25
2011.09.09 10:08:07.471,1.21513,1.21537,2.25,1.50
2011.09.09 10:08:07.592,1.21509,1.21536,1.50,1.50
2011.09.09 10:08:07.711,1.21518,1.21543,1.50,1.88
2011.09.09 10:08:08.073,1.21519,1.21545,1.50,1.50
2011.09.09 10:08:09.047,1.2151,1.21536,1.50,1.50
2011.09.09 10:08:09.883,1.21508,1.21536,2.25,2.25
2011.09.09 10:08:10.015,1.21507,1.21534,1.50,1.50
2011.09.09 10:08:10.141,1.21503,1.21533,1.50,1.50
2011.09.09 10:08:10.504,1.21501,1.2153,2.25,1.50
2011.09.09 10:08:10.631,1.215,1.21528,1.50,1.50
2011.09.09 10:08:11.365,1.21501,1.2153,1.50,1.50
2011.09.09 10:08:11.502,1.21501,1.21528,1.50,1.50
2011.09.09 10:08:12.107,1.21499,1.21525,1.50,1.50
2011.09.09 10:08:12.470,1.21497,1.21521,2.10,1.50
2011.09.09 10:08:12.594,1.21499,1.21525,1.50,2.25
2011.09.09 10:08:12.720,1.21499,1.21525,1.50,1.50
2011.09.09 10:08:13.084,1.21501,1.21527,1.50,1.50
2011.09.09 10:08:13.657,1.215,1.21526,1.50,1.50
2011.09.09 10:08:14.141,1.215,1.21525,1.50,1.50
2011.09.09 10:08:14.501,1.21503,1.21531,1.50,1.50
2011.09.09 10:08:14.863,1.21506,1.21532,1.50,1.13
2011.09.09 10:08:14.994,1.21511,1.21538,3.00,1.50
2011.09.09 10:08:15.600,1.21516,1.21544,1.50,2.68
2011.09.09 10:08:16.201,1.21512,1.21537,2.25,1.50
2011.09.09 10:08:16.327,1.21507,1.21535,1.43,1.50
2011.09.09 10:08:16.450,1.21512,1.21538,1.50,1.13
2011.09.09 10:08:17.166,1.21515,1.21538,1.50,1.25
2011.09.09 10:08:17.536,1.2151,1.21531,2.25,1.13
2011.09.09 10:08:17.785,1.21499,1.21524,1.50,1.50
2011.09.09 10:08:18.495,1.21497,1.21523,2.10,1.50
2011.09.09 10:08:18.638,1.21497,1.2152,1.35,1.50
2011.09.09 10:08:18.763,1.21497,1.2152,1.35,1.50
2011.09.09 10:08:19.495,1.21497,1.21521,2.10,1.93
2011.09.09 10:08:20.101,1.21497,1.2152,2.10,1.18
2011.09.09 10:08:21.002,1.21497,1.21521,2.10,1.93
2011.09.09 10:08:21.252,1.21498,1.2152,1.50,1.18
2011.09.09 10:08:22.190,1.21497,1.21523,2.10,1.13
2011.09.09 10:08:22.310,1.21499,1.21524,1.50,2.25
2011.09.09 10:08:24.290,1.21499,1.21523,1.50,1.50
2011.09.09 10:08:25.013,1.21497,1.21522,1.35,1.50
2011.09.09 10:08:26.187,1.21495,1.21519,1.50,1.50
2011.09.09 10:08:27.505,1.21493,1.21517,2.25,1.50
2011.09.09 10:08:29.076,1.21494,1.21518,1.50,1.18
2011.09.09 10:08:29.672,1.21496,1.21521,1.50,2.25
2011.09.09 10:08:29.800,1.21496,1.21521,1.50,2.25
2011.09.09 10:08:30.397,1.21496,1.21522,1.50,1.93
2011.09.09 10:08:31.372,1.215,1.21525,1.50,1.18
2011.09.09 10:08:31.508,1.21501,1.21526,1.50,1.88
2011.09.09 10:08:32.110,1.21501,1.21526,1.50,1.88
2011.09.09 10:08:32.476,1.215,1.21525,1.50,1.50
2011.09.09 10:08:32.601,1.21503,1.21526,1.50,1.13
2011.09.09 10:08:34.074,1.21505,1.21529,1.50,1.35
2011.09.09 10:08:34.662,1.21505,1.21529,1.50,1.35
2011.09.09 10:08:35.022,1.21505,1.21529,1.50,1.35
2011.09.09 10:08:35.604,1.21508,1.21531,2.25,1.03
2011.09.09 10:08:36.946,1.21508,1.21533,2.25,2.10
2011.09.09 10:08:37.315,1.21511,1.21533,1.88,2.10
2011.09.09 10:08:37.687,1.21517,1.21538,1.50,2.08
2011.09.09 10:08:37.812,1.21517,1.21538,1.50,2.08
2011.09.09 10:08:38.903,1.21519,1.21538,1.50,1.35
2011.09.09 10:08:40.455,1.21523,1.21542,1.50,1.75
2011.09.09 10:08:41.294,1.21519,1.21539,1.50,1.35
2011.09.09 10:08:43.690,1.21517,1.2154,2.25,1.95
2011.09.09 10:08:44.693,1.21519,1.2154,1.50,1.35
2011.09.09 10:08:45.990,1.2152,1.2154,2.25,1.95
2011.09.09 10:08:46.889,1.21511,1.2153,1.50,1.35
2011.09.09 10:08:47.020,1.21506,1.2153,1.50,1.35
2011.09.09 10:08:47.148,1.21505,1.21529,1.50,1.35
2011.09.09 10:08:47.632,1.21507,1.21532,2.25,1.35
2011.09.09 10:08:48.324,1.21506,1.2153,1.50,2.10
2011.09.09 10:08:49.246,1.21505,1.21528,1.50,1.35
2011.09.09 10:08:51.585,1.21498,1.21522,1.50,1.50
2011.09.09 10:08:52.180,1.215,1.21525,1.50,1.50
2011.09.09 10:08:52.305,1.215,1.21523,1.50,1.50
2011.09.09 10:08:52.433,1.21498,1.21523,1.50,1.50
2011.09.09 10:08:52.568,1.21494,1.21519,1.50,1.50
2011.09.09 10:08:52.814,1.21493,1.21517,1.43,1.50
2011.09.09 10:08:53.752,1.21492,1.21515,1.50,1.50
2011.09.09 10:08:54.484,1.21492,1.21515,1.50,1.50
2011.09.09 10:08:55.090,1.21492,1.21517,2.63,1.18
2011.09.09 10:08:55.213,1.21492,1.21516,1.50,1.50
2011.09.09 10:08:56.852,1.21492,1.21518,2.18,3.00
2011.09.09 10:08:56.985,1.21497,1.21521,1.50,1.50
2011.09.09 10:08:57.113,1.21497,1.21522,1.50,1.50
2011.09.09 10:08:58.665,1.21494,1.21519,1.50,1.88
2011.09.09 10:08:58.798,1.2149,1.21514,3.75,1.50
2011.09.09 10:08:59.406,1.21492,1.21515,1.88,2.10
2011.09.09 10:09:00.312,1.21493,1.21515,1.50,1.35
2011.09.09 10:09:00.692,1.21492,1.21506,1.50,1.50
2011.09.09 10:09:01.074,1.21476,1.21497,1.50,1.35
2011.09.09 10:09:01.204,1.21482,1.21497,1.01,1.35
2011.09.09 10:09:01.576,1.21509,1.21528,1.88,1.35
2011.09.09 10:09:02.265,1.21514,1.21526,1.50,1.63
2011.09.09 10:09:02.427,1.21517,1.21531,3.00,1.35
2011.09.09 10:09:03.275,1.21507,1.21531,1.50,1.35
2011.09.09 10:09:04.111,1.21506,1.2153,1.50,1.35
2011.09.09 10:09:04.482,1.21505,1.21528,2.25,1.35
2011.09.09 10:09:05.084,1.21504,1.2153,1.50,1.50
2011.09.09 10:09:05.215,1.21504,1.2153,1.50,1.50
2011.09.09 10:09:05.345,1.21508,1.21533,2.25,2.10
2011.09.09 10:09:06.249,1.21509,1.21533,1.50,2.85
2011.09.09 10:09:06.508,1.21509,1.21534,1.50,1.35
2011.09.09 10:09:06.759,1.21511,1.21535,1.50,1.35
2011.09.09 10:09:07.244,1.2151,1.21533,1.50,1.35
2011.09.09 10:09:07.375,1.21513,1.21533,1.50,1.35
2011.09.09 10:09:08.248,1.21516,1.21538,1.50,2.83
2011.09.09 10:09:09.092,1.21515,1.21538,1.50,2.85
2011.09.09 10:09:09.451,1.21518,1.21538,2.18,2.70
2011.09.09 10:09:10.218,1.21518,1.21542,1.50,1.50
2011.09.09 10:09:10.347,1.21526,1.21547,1.50,1.63
2011.09.09 10:09:10.715,1.21526,1.21544,1.50,1.20
2011.09.09 10:09:10.841,1.21523,1.21544,1.50,1.20
2011.09.09 10:09:11.081,1.21525,1.21547,1.50,1.35
2011.09.09 10:09:11.204,1.21527,1.21547,1.50,1.35
2011.09.09 10:09:11.332,1.21525,1.2155,2.18,1.63
2011.09.09 10:09:11.572,1.21526,1.2155,1.43,1.50
2011.09.09 10:09:12.171,1.21526,1.21548,1.43,1.35
2011.09.09 10:09:12.310,1.21518,1.21542,1.43,1.50
2011.09.09 10:09:12.437,1.21523,1.21548,1.50,1.35
2011.09.09 10:09:12.569,1.21523,1.21545,1.50,4.50
2011.09.09 10:09:12.696,1.21522,1.21544,1.50,1.50
2011.09.09 10:09:12.825,1.21516,1.2154,1.50,1.50
2011.09.09 10:09:12.955,1.21516,1.2154,1.50,1.50
2011.09.09 10:09:13.445,1.21515,1.21539,1.43,1.50
2011.09.09 10:09:14.078,1.21515,1.21539,1.43,1.50
2011.09.09 10:09:14.235,1.21516,1.21536,1.43,1.50
2011.09.09 10:09:14.368,1.21516,1.21538,1.43,1.50
2011.09.09 10:09:14.495,1.21518,1.21538,1.43,1.50
2011.09.09 10:09:14.632,1.21518,1.21541,1.43,1.50
2011.09.09 10:09:14.756,1.21516,1.21541,1.50,1.50
2011.09.09 10:09:15.004,1.2152,1.21541,1.43,1.50
2011.09.09 10:09:15.375,1.21516,1.21541,1.50,1.50
2011.09.09 10:09:16.093,1.21523,1.21546,1.43,1.50
2011.09.09 10:09:16.211,1.21525,1.2155,1.43,2.25
2011.09.09 10:09:16.438,1.21526,1.2155,2.18,1.50
2011.09.09 10:09:16.561,1.21526,1.2155,1.43,1.50
2011.09.09 10:09:16.922,1.21524,1.21546,2.18,1.50
2011.09.09 10:09:17.518,1.2152,1.21546,2.18,1.50
2011.09.09 10:09:17.638,1.21524,1.21549,2.25,1.50
2011.09.09 10:09:17.758,1.21522,1.21547,1.50,1.50
2011.09.09 10:09:18.478,1.21523,1.21548,1.50,1.50
2011.09.09 10:09:18.614,1.21521,1.21547,1.50,1.50
2011.09.09 10:09:18.985,1.21517,1.21543,2.18,1.50
2011.09.09 10:09:19.354,1.2152,1.21545,1.50,1.50
2011.09.09 10:09:19.489,1.21522,1.21548,1.50,2.25
2011.09.09 10:09:19.615,1.21524,1.21548,1.50,1.50
2011.09.09 10:09:20.104,1.21517,1.21542,1.50,1.50
2011.09.09 10:09:21.357,1.21516,1.21542,1.50,2.25
2011.09.09 10:09:21.487,1.21511,1.21535,1.88,2.85
2011.09.09 10:09:21.619,1.21506,1.21532,1.50,1.50
2011.09.09 10:09:21.979,1.21506,1.21534,1.50,1.35
2011.09.09 10:09:22.224,1.21506,1.21535,2.25,2.10
2011.09.09 10:09:22.985,1.21511,1.21535,1.50,2.85
2011.09.09 10:09:23.831,1.21508,1.21536,1.50,1.35
2011.09.09 10:09:25.003,1.21507,1.21534,1.50,1.35
2011.09.09 10:09:25.990,1.21513,1.21538,1.50,1.35
2011.09.09 10:09:26.112,1.21513,1.21537,1.50,1.35
2011.09.09 10:09:26.713,1.21512,1.21538,1.50,1.35
2011.09.09 10:09:26.968,1.21512,1.21534,1.43,2.10
2011.09.09 10:09:27.100,1.21505,1.2153,2.18,1.50
2011.09.09 10:09:27.226,1.21505,1.2153,2.18,1.50
2011.09.09 10:09:27.355,1.21505,1.21534,2.18,2.10
2011.09.09 10:09:27.995,1.21505,1.21534,1.50,2.10
2011.09.09 10:09:28.488,1.21505,1.21534,1.50,2.10
2011.09.09 10:09:28.855,1.21506,1.21534,2.25,1.35
2011.09.09 10:09:29.906,1.21507,1.21534,1.50,2.10
2011.09.09 10:09:30.517,1.21511,1.21535,1.50,1.35
2011.09.09 10:09:31.121,1.21513,1.21537,1.50,2.10
2011.09.09 10:09:31.721,1.21515,1.21538,1.50,1.35
2011.09.09 10:09:32.082,1.21519,1.21536,4.50,1.35
2011.09.09 10:09:33.073,1.21522,1.21543,1.43,2.98
2011.09.09 10:09:33.812,1.21518,1.2154,1.50,1.35
2011.09.09 10:09:34.540,1.21518,1.2154,1.50,1.35
2011.09.09 10:09:35.686,1.21519,1.21541,2.25,1.35
2011.09.09 10:09:36.171,1.21519,1.21542,1.50,1.35
2011.09.09 10:09:36.770,1.2152,1.21543,3.00,2.10
2011.09.09 10:09:37.010,1.2152,1.21543,3.00,2.10
2011.09.09 10:09:38.416,1.21518,1.21541,1.50,1.35
2011.09.09 10:09:38.907,1.2151,1.21535,2.25,1.35
2011.09.09 10:09:39.036,1.21505,1.21534,2.25,1.35
2011.09.09 10:09:39.283,1.21505,1.21534,1.50,1.35
2011.09.09 10:09:39.537,1.21504,1.21534,2.25,2.10
2011.09.09 10:09:40.025,1.2151,1.21536,1.50,1.35
2011.09.09 10:09:40.636,1.21514,1.21536,1.50,1.35
2011.09.09 10:09:40.778,1.21509,1.21536,2.25,1.35
2011.09.09 10:09:41.379,1.2151,1.21539,1.50,1.35
2011.09.09 10:09:42.070,1.21513,1.21541,1.50,1.35
2011.09.09 10:09:42.553,1.21514,1.21541,2.25,1.35
2011.09.09 10:09:42.920,1.21509,1.21534,1.43,1.35
2011.09.09 10:09:43.550,1.21509,1.21534,4.50,1.35
2011.09.09 10:09:43.802,1.21512,1.21537,3.00,1.35
2011.09.09 10:09:44.407,1.21514,1.21538,1.50,1.35
2011.09.09 10:09:44.656,1.21512,1.21536,1.50,1.35
2011.09.09 10:09:45.260,1.21512,1.21534,1.50,2.10
2011.09.09 10:09:46.701,1.21513,1.21537,1.50,1.35
2011.09.09 10:09:47.529,1.21512,1.21535,1.50,1.35
2011.09.09 10:09:48.796,1.21512,1.21536,1.50,1.35
2011.09.09 10:09:49.167,1.21512,1.21537,1.50,1.35
2011.09.09 10:09:49.768,1.21512,1.21535,1.50,1.35
2011.09.09 10:09:50.700,1.21512,1.21534,1.50,2.10
2011.09.09 10:09:51.712,1.21509,1.21532,1.50,1.50
2011.09.09 10:09:51.864,1.21504,1.2153,2.25,1.50
2011.09.09 10:09:52.352,1.21504,1.2153,1.50,1.50
2011.09.09 10:09:52.961,1.21501,1.2153,1.13,1.50
2011.09.09 10:09:53.325,1.21502,1.21531,1.50,1.50
2011.09.09 10:09:53.981,1.215,1.2153,1.88,2.25
2011.09.09 10:09:54.229,1.21498,1.21523,1.13,2.25
2011.09.09 10:09:54.818,1.21498,1.21522,1.50,1.50
2011.09.09 10:09:55.059,1.21499,1.21523,1.50,1.50
2011.09.09 10:09:55.408,1.21505,1.21529,1.50,1.50
2011.09.09 10:09:55.530,1.215,1.21523,2.25,1.50
2011.09.09 10:09:55.655,1.21497,1.21517,1.50,1.50
2011.09.09 10:09:55.787,1.21497,1.21522,2.25,1.50
2011.09.09 10:09:55.912,1.2149,1.21518,2.93,1.50
2011.09.09 10:09:56.797,1.21496,1.21522,1.50,1.50
2011.09.09 10:09:57.279,1.21495,1.21521,1.50,1.50
2011.09.09 10:09:57.995,1.215,1.21528,1.50,1.50
2011.09.09 10:09:58.244,1.21497,1.21523,1.50,1.50
2011.09.09 10:09:58.861,1.21499,1.21524,1.50,1.50
2011.09.09 10:09:59.468,1.21502,1.21528,1.50,1.50
2011.09.09 10:09:59.831,1.21503,1.21529,2.25,1.50
2011.09.09 10:09:59.952,1.21502,1.21528,1.50,1.50
2011.09.09 10:10:00.670,1.21502,1.21525,1.50,1.50
2011.09.09 10:10:00.910,1.21502,1.21527,3.00,1.50
2011.09.09 10:10:01.152,1.21498,1.21525,1.50,1.50
2011.09.09 10:10:01.770,1.21505,1.21531,1.50,2.10
2011.09.09 10:10:02.023,1.21499,1.21525,1.73,1.50
2011.09.09 10:10:02.270,1.21497,1.21525,1.73,1.50
2011.09.09 10:10:02.677,1.21495,1.21526,2.93,2.25
2011.09.09 10:10:02.804,1.21495,1.21526,1.50,1.50
2011.09.09 10:10:02.931,1.21494,1.21526,2.25,2.25
2011.09.09 10:10:03.294,1.21495,1.21526,1.50,1.50
2011.09.09 10:10:03.783,1.21497,1.21529,1.50,2.25
2011.09.09 10:10:04.149,1.21504,1.21531,1.50,1.35
2011.09.09 10:10:04.273,1.215,1.2153,1.50,1.50
2011.09.09 10:10:04.840,1.21494,1.21526,3.68,1.50
2011.09.09 10:10:05.213,1.21502,1.21531,2.18,2.10
2011.09.09 10:10:05.583,1.21504,1.21531,1.50,2.10
2011.09.09 10:10:06.199,1.215,1.21527,2.25,1.50
2011.09.09 10:10:06.325,1.215,1.21526,1.50,1.50
2011.09.09 10:10:06.456,1.21497,1.21527,1.13,1.50
2011.09.09 10:10:07.285,1.21506,1.21531,1.50,1.35
2011.09.09 10:10:07.536,1.21495,1.21528,2.56,3.00
2011.09.09 10:10:07.660,1.21496,1.21528,1.13,1.50
2011.09.09 10:10:07.902,1.21497,1.21529,1.50,1.50
2011.09.09 10:10:08.259,1.21498,1.21531,1.50,2.10
2011.09.09 10:10:10.640,1.21499,1.21528,1.50,1.50
2011.09.09 10:10:11.819,1.21495,1.21528,1.13,2.25
2011.09.09 10:10:12.560,1.21496,1.21527,1.13,1.50
2011.09.09 10:10:12.687,1.21496,1.21529,1.13,1.50
2011.09.09 10:10:13.033,1.21497,1.21531,1.13,2.10
2011.09.09 10:10:13.280,1.21495,1.21528,2.63,1.50
2011.09.09 10:10:13.635,1.21497,1.21529,1.13,1.50
2011.09.09 10:10:14.000,1.21502,1.21531,1.50,1.35
2011.09.09 10:10:14.243,1.21498,1.21528,2.25,1.50
2011.09.09 10:10:14.377,1.215,1.21529,1.50,1.50
2011.09.09 10:10:14.623,1.21503,1.21531,1.50,2.10
2011.09.09 10:10:15.178,1.21503,1.21531,1.50,1.35
2011.09.09 10:10:15.312,1.21502,1.21532,1.50,2.10
2011.09.09 10:10:15.441,1.21503,1.21531,1.50,1.35
2011.09.09 10:10:15.926,1.21498,1.21525,1.50,1.50
2011.09.09 10:10:16.060,1.21493,1.21518,1.50,2.25
2011.09.09 10:10:16.184,1.21489,1.21513,1.50,1.50
2011.09.09 10:10:16.318,1.21484,1.2151,2.25,1.50
2011.09.09 10:10:16.683,1.21482,1.21507,1.43,1.50
2011.09.09 10:10:17.348,1.21483,1.21507,1.50,1.50
2011.09.09 10:10:17.471,1.21487,1.21516,1.50,1.35
2011.09.09 10:10:17.952,1.21489,1.21516,2.18,1.35
2011.09.09 10:10:18.315,1.21496,1.21516,1.50,1.35
2011.09.09 10:10:18.799,1.21493,1.21518,1.50,1.35
2011.09.09 10:10:18.920,1.21495,1.21517,1.50,1.35
2011.09.09 10:10:19.745,1.21495,1.21517,1.50,1.35
2011.09.09 10:10:20.328,1.21492,1.21516,1.43,1.35
2011.09.09 10:10:20.839,1.21492,1.21516,1.43,1.35
2011.09.09 10:10:21.202,1.21491,1.21516,1.43,1.35
2011.09.09 10:10:22.261,1.21491,1.21516,1.43,2.85
2011.09.09 10:10:22.386,1.21488,1.21515,1.50,1.50
2011.09.09 10:10:22.979,1.21486,1.21504,1.13,1.35
2011.09.09 10:10:23.102,1.21482,1.21504,1.50,1.35
2011.09.09 10:10:23.571,1.21482,1.21504,1.50,1.35
2011.09.09 10:10:24.175,1.21485,1.21506,1.50,2.10
2011.09.09 10:10:24.541,1.21486,1.21505,1.50,1.35
2011.09.09 10:10:24.779,1.21484,1.21504,1.50,1.35
2011.09.09 10:10:25.719,1.21484,1.21501,1.50,4.50
2011.09.09 10:10:26.417,1.21476,1.21484,2.25,4.50
2011.09.09 10:10:26.554,1.21453,1.21477,3.00,2.25
2011.09.09 10:10:26.687,1.21455,1.2148,1.50,1.50
2011.09.09 10:10:26.936,1.21452,1.21474,1.50,1.50
2011.09.09 10:10:27.067,1.2145,1.21472,2.63,1.50
2011.09.09 10:10:27.194,1.21451,1.21472,1.13,1.50
2011.09.09 10:10:27.441,1.21454,1.21479,1.50,1.50
2011.09.09 10:10:27.564,1.21457,1.21482,1.50,2.25
2011.09.09 10:10:27.932,1.21459,1.21483,1.50,2.85
2011.09.09 10:10:28.492,1.2146,1.21483,1.50,2.85
2011.09.09 10:10:28.855,1.21459,1.21483,1.50,2.85
2011.09.09 10:10:29.228,1.21455,1.21482,2.25,1.50
2011.09.09 10:10:29.358,1.21455,1.21482,2.25,1.50
2011.09.09 10:10:29.608,1.21457,1.21481,1.50,1.50
2011.09.09 10:10:29.974,1.21455,1.2148,1.50,1.50
2011.09.09 10:10:30.103,1.21455,1.2148,1.50,1.50
2011.09.09 10:10:30.856,1.21454,1.2148,1.50,1.50
2011.09.09 10:10:34.479,1.21456,1.21481,1.50,1.50
2011.09.09 10:10:34.939,1.21455,1.21479,1.50,1.50
2011.09.09 10:10:36.280,1.21453,1.21477,1.50,1.50
2011.09.09 10:10:36.402,1.21452,1.21476,1.50,1.50
2011.09.09 10:10:36.522,1.21453,1.21478,1.50,1.50
2011.09.09 10:10:37.212,1.21453,1.21481,2.25,2.25
2011.09.09 10:10:37.940,1.21454,1.21479,1.50,1.50
2011.09.09 10:10:38.184,1.21451,1.21475,2.25,1.50
2011.09.09 10:10:38.436,1.21451,1.21475,1.50,1.50
2011.09.09 10:10:38.682,1.21446,1.21467,1.50,1.35
2011.09.09 10:10:38.805,1.21432,1.21455,2.25,1.50
2011.09.09 10:10:39.629,1.21433,1.21453,1.50,1.50
2011.09.09 10:10:39.760,1.21427,1.21453,1.50,1.50
2011.09.09 10:10:40.004,1.21428,1.21454,1.50,1.50
2011.09.09 10:10:40.373,1.21428,1.21454,1.50,1.50
2011.09.09 10:10:40.742,1.21433,1.21458,1.50,1.50
2011.09.09 10:10:40.860,1.21436,1.21458,1.50,1.50
2011.09.09 10:10:41.232,1.21437,1.21465,1.50,1.50
2011.09.09 10:10:41.713,1.21431,1.2146,1.50,1.50
2011.09.09 10:10:42.704,1.21436,1.21466,1.50,1.50
2011.09.09 10:10:43.061,1.21434,1.21465,1.50,1.50
2011.09.09 10:10:43.304,1.21433,1.21464,1.50,1.50
2011.09.09 10:10:43.790,1.21431,1.21457,1.50,1.35
2011.09.09 10:10:44.151,1.21426,1.2145,1.50,1.50
2011.09.09 10:10:44.618,1.21428,1.21451,1.50,1.50
2011.09.09 10:10:44.978,1.21428,1.21447,1.50,1.35
2011.09.09 10:10:45.840,1.21425,1.21447,1.50,1.35
2011.09.09 10:10:45.966,1.2143,1.21451,1.50,1.50
2011.09.09 10:10:46.210,1.21427,1.21451,1.50,1.50
2011.09.09 10:10:46.881,1.2143,1.21451,1.50,1.50
2011.09.09 10:10:47.122,1.21423,1.2144,2.25,1.50
2011.09.09 10:10:47.248,1.21412,1.21437,3.20,1.50
2011.09.09 10:10:47.854,1.21416,1.2144,1.60,1.50
2011.09.09 10:10:47.984,1.21417,1.21442,1.60,2.25
2011.09.09 10:10:48.110,1.21415,1.2144,1.60,1.50
2011.09.09 10:10:48.921,1.21416,1.21441,1.60,1.50
2011.09.09 10:10:49.041,1.21416,1.21441,1.60,1.50
2011.09.09 10:10:50.483,1.21415,1.21443,1.60,1.50
2011.09.09 10:10:50.963,1.21417,1.21443,2.35,1.50
2011.09.09 10:10:51.694,1.21421,1.21444,1.50,1.13
2011.09.09 10:10:53.142,1.21419,1.21444,1.50,1.50
2011.09.09 10:10:53.512,1.21423,1.21449,1.50,1.50
2011.09.09 10:10:54.395,1.21435,1.21451,1.60,2.10
2011.09.09 10:10:54.545,1.21442,1.21463,1.50,1.50
2011.09.09 10:10:54.677,1.21452,1.21468,2.25,2.25
2011.09.09 10:10:54.810,1.21454,1.21477,1.50,1.18
2011.09.09 10:10:54.936,1.21452,1.2148,1.50,2.63
2011.09.09 10:10:55.064,1.21452,1.21475,1.50,1.50
2011.09.09 10:10:55.436,1.21442,1.21471,3.20,2.25
2011.09.09 10:10:56.235,1.2144,1.21472,1.70,2.25
2011.09.09 10:10:56.611,1.21432,1.21463,1.03,2.25
2011.09.09 10:10:56.734,1.21429,1.21463,1.50,2.25
2011.09.09 10:10:57.103,1.21434,1.21462,1.50,1.50
2011.09.09 10:10:57.479,1.21435,1.21462,1.50,2.25
2011.09.09 10:10:57.606,1.21434,1.21462,2.25,1.50
2011.09.09 10:10:57.737,1.21437,1.21466,2.25,2.25
2011.09.09 10:10:58.346,1.21444,1.2147,1.50,2.25
2011.09.09 10:10:58.478,1.21444,1.21474,1.50,1.20
2011.09.09 10:10:58.600,1.21444,1.21476,1.50,1.50
2011.09.09 10:10:58.722,1.21442,1.21475,1.50,1.50
2011.09.09 10:10:58.970,1.21439,1.21469,1.50,2.25
2011.09.09 10:10:59.095,1.21437,1.21468,1.50,1.50
2011.09.09 10:10:59.341,1.21432,1.21469,1.50,2.25
2011.09.09 10:10:59.569,1.21431,1.21468,2.88,1.50
2011.09.09 10:11:00.174,1.21431,1.21467,1.88,1.50
2011.09.09 10:11:01.650,1.21434,1.21467,1.50,2.25
2011.09.09 10:11:02.011,1.21436,1.21469,1.50,1.50
2011.09.09 10:11:02.593,1.21439,1.2147,1.13,1.50
2011.09.09 10:11:02.967,1.2145,1.2148,1.50,1.50
2011.09.09 10:11:03.668,1.21448,1.21482,1.50,2.25
2011.09.09 10:11:04.259,1.21448,1.21482,1.50,1.50
2011.09.09 10:11:04.743,1.21448,1.21483,3.00,1.50
2011.09.09 10:11:05.332,1.2145,1.21485,1.50,1.50
2011.09.09 10:11:05.449,1.2145,1.21485,1.50,1.50
2011.09.09 10:11:06.032,1.21448,1.21483,1.50,2.25
2011.09.09 10:11:06.680,1.2145,1.21482,1.50,1.50
2011.09.09 10:11:06.814,1.2145,1.21484,2.25,2.25
2011.09.09 10:11:06.948,1.21455,1.21484,2.25,1.50
2011.09.09 10:11:07.194,1.21462,1.2149,1.50,2.63
2011.09.09 10:11:07.443,1.21465,1.2149,1.50,1.88
2011.09.09 10:11:07.570,1.21463,1.2149,1.50,1.88
2011.09.09 10:11:07.810,1.2146,1.21489,1.50,1.13
2011.09.09 10:11:08.174,1.21454,1.21487,1.50,1.50
2011.09.09 10:11:09.133,1.21452,1.21484,2.25,1.50
2011.09.09 10:11:09.269,1.21448,1.21483,2.25,1.50
2011.09.09 10:11:09.861,1.21449,1.21484,1.50,1.50
2011.09.09 10:11:10.102,1.21448,1.21481,1.50,1.50
2011.09.09 10:11:10.464,1.21444,1.21477,1.50,2.25
2011.09.09 10:11:10.828,1.21443,1.21472,1.50,1.50
2011.09.09 10:11:11.194,1.21448,1.21478,1.50,1.50
2011.09.09 10:11:11.947,1.2145,1.21481,1.50,3.00
2011.09.09 10:11:12.301,1.21452,1.2148,1.50,1.50
2011.09.09 10:11:12.540,1.21452,1.21482,1.50,2.25
2011.09.09 10:11:13.332,1.21452,1.21478,1.50,1.50
2011.09.09 10:11:13.691,1.21453,1.21481,1.50,1.50
2011.09.09 10:11:13.810,1.21452,1.21482,2.25,1.50
2011.09.09 10:11:13.932,1.21451,1.21479,1.50,1.50
2011.09.09 10:11:14.050,1.21454,1.21486,1.50,1.88
2011.09.09 10:11:15.019,1.21454,1.21484,2.25,1.50
2011.09.09 10:11:15.149,1.21444,1.21477,2.25,1.50
2011.09.09 10:11:15.274,1.21444,1.21476,2.25,1.50
2011.09.09 10:11:15.888,1.2145,1.21475,1.50,1.50
2011.09.09 10:11:16.132,1.21451,1.21478,1.50,1.50
2011.09.09 10:11:16.609,1.21447,1.21478,1.50,1.50
2011.09.09 10:11:16.732,1.21446,1.21477,1.50,1.50
2011.09.09 10:11:17.092,1.21443,1.21476,1.50,1.50
2011.09.09 10:11:17.210,1.21442,1.21476,1.88,1.50
2011.09.09 10:11:17.799,1.21443,1.21476,1.50,1.50
2011.09.09 10:11:18.164,1.21442,1.21471,1.13,1.50
2011.09.09 10:11:18.533,1.21439,1.21467,1.50,2.25
2011.09.09 10:11:19.143,1.21437,1.21466,1.50,1.50
2011.09.09 10:11:19.394,1.21438,1.21464,1.50,1.50
2011.09.09 10:11:20.147,1.2144,1.21466,1.50,1.50
2011.09.09 10:11:21.214,1.21442,1.2147,2.25,2.25
2011.09.09 10:11:21.583,1.21445,1.21473,1.50,1.50
2011.09.09 10:11:21.952,1.21451,1.21475,1.50,1.50
2011.09.09 10:11:22.607,1.21451,1.21477,1.50,1.88
2011.09.09 10:11:22.857,1.21451,1.21477,1.50,1.88
2011.09.09 10:11:23.347,1.21455,1.21479,1.50,1.88
2011.09.09 10:11:23.477,1.21456,1.21481,1.50,1.50
2011.09.09 10:11:23.607,1.2146,1.21481,1.50,1.50
2011.09.09 10:11:23.856,1.21459,1.21485,1.50,1.50
2011.09.09 10:11:24.229,1.21462,1.21496,2.13,1.50
2011.09.09 10:11:24.355,1.21464,1.21496,1.01,1.50
2011.09.09 10:11:25.442,1.21467,1.21493,1.13,1.50
2011.09.09 10:11:25.804,1.21467,1.21488,1.13,1.50
2011.09.09 10:11:26.050,1.21466,1.2149,1.13,1.50
2011.09.09 10:11:26.410,1.21464,1.2149,2.88,1.50
2011.09.09 10:11:26.537,1.21464,1.21483,2.25,2.25
2011.09.09 10:11:26.903,1.21461,1.21484,1.13,1.50
2011.09.09 10:11:27.031,1.21462,1.21489,1.50,1.50
2011.09.09 10:11:27.614,1.21462,1.21487,1.50,1.50
2011.09.09 10:11:27.739,1.21461,1.21485,1.13,1.50
2011.09.09 10:11:28.323,1.21462,1.21488,2.63,1.50
2011.09.09 10:11:28.456,1.21462,1.2149,1.88,1.50
2011.09.09 10:11:29.061,1.21461,1.2149,2.63,1.50
2011.09.09 10:11:30.472,1.21461,1.21491,1.13,1.50
2011.09.09 10:11:31.309,1.21462,1.2149,1.50,1.50
2011.09.09 10:11:31.440,1.21459,1.21487,2.25,1.50
2011.09.09 10:11:32.043,1.21459,1.21488,1.76,1.50
2011.09.09 10:11:32.859,1.21458,1.21489,2.51,2.25
2011.09.09 10:11:32.981,1.21458,1.21485,1.76,1.50
2011.09.09 10:11:33.967,1.21459,1.21485,1.38,1.50
2011.09.09 10:11:34.215,1.21458,1.21483,1.13,1.50
2011.09.09 10:11:34.825,1.21458,1.21485,1.13,3.00
2011.09.09 10:11:34.950,1.21459,1.21485,1.50,1.50
2011.09.09 10:11:35.191,1.21459,1.21489,1.88,1.50
2011.09.09 10:11:35.786,1.21461,1.21488,1.88,1.50
2011.09.09 10:11:36.669,1.21462,1.21488,1.13,1.50
2011.09.09 10:11:37.284,1.21463,1.21488,1.88,1.50
2011.09.09 10:11:37.532,1.21465,1.21489,1.88,1.50
2011.09.09 10:11:37.895,1.21466,1.21491,1.50,1.50
2011.09.09 10:11:38.145,1.21469,1.21497,2.18,1.50
2011.09.09 10:11:38.272,1.21471,1.21497,1.50,1.50
2011.09.09 10:11:38.871,1.21473,1.215,2.25,2.25
2011.09.09 10:11:39.421,1.21473,1.215,2.25,1.50
2011.09.09 10:11:40.020,1.21475,1.21501,2.25,1.50
2011.09.09 10:11:40.622,1.21475,1.21503,1.13,1.50
2011.09.09 10:11:41.201,1.21475,1.21503,1.13,1.50
2011.09.09 10:11:41.553,1.21475,1.21502,1.13,1.50
2011.09.09 10:11:42.369,1.21476,1.21502,1.50,2.25
2011.09.09 10:11:42.507,1.21475,1.21499,1.13,2.25
2011.09.09 10:11:42.876,1.21474,1.21499,1.13,2.25
2011.09.09 10:11:43.004,1.21474,1.215,1.13,2.25
2011.09.09 10:11:43.495,1.21473,1.21499,1.13,2.25
2011.09.09 10:11:44.101,1.21473,1.21498,1.13,1.50
2011.09.09 10:11:44.839,1.21473,1.21499,1.13,1.50
2011.09.09 10:11:44.964,1.21469,1.21494,1.50,1.50
2011.09.09 10:11:45.559,1.21469,1.21495,1.50,1.50
2011.09.09 10:11:45.790,1.21469,1.21494,1.13,1.50
2011.09.09 10:11:46.395,1.21469,1.21493,1.50,1.50
2011.09.09 10:11:47.180,1.2147,1.21493,1.13,1.50
2011.09.09 10:11:47.552,1.21469,1.21488,1.13,1.50
2011.09.09 10:11:47.793,1.21468,1.21491,1.13,1.50
2011.09.09 10:11:48.394,1.21463,1.21493,1.50,1.50
2011.09.09 10:11:48.641,1.21461,1.21495,1.50,1.50
2011.09.09 10:11:48.999,1.21462,1.21494,2.25,1.50
2011.09.09 10:11:49.240,1.21463,1.21494,1.43,1.50
2011.09.09 10:11:50.017,1.21461,1.21492,1.43,1.50
2011.09.09 10:11:50.147,1.21462,1.21497,1.43,1.50
2011.09.09 10:11:50.499,1.21461,1.21495,1.43,2.25
2011.09.09 10:11:50.850,1.21461,1.21495,1.43,1.50
2011.09.09 10:11:50.973,1.2146,1.21495,2.18,1.50
2011.09.09 10:11:52.013,1.21461,1.21497,1.50,1.50
2011.09.09 10:11:53.028,1.21464,1.21498,1.50,1.50
2011.09.09 10:11:53.160,1.21466,1.21498,1.50,1.50
2011.09.09 10:11:53.288,1.21462,1.21498,1.50,1.50
2011.09.09 10:11:53.663,1.2146,1.21498,1.50,3.00
2011.09.09 10:11:53.911,1.2146,1.21498,2.25,2.25
2011.09.09 10:11:54.155,1.2146,1.21497,1.50,1.50
2011.09.09 10:11:54.756,1.21466,1.21497,1.50,1.50
2011.09.09 10:11:55.426,1.21463,1.21498,1.58,1.50
2011.09.09 10:11:55.780,1.21459,1.21495,2.41,1.50
2011.09.09 10:11:56.382,1.21462,1.21495,1.58,1.50
2011.09.09 10:11:56.743,1.21467,1.21498,1.50,1.50
2011.09.09 10:11:56.871,1.21462,1.21495,1.58,1.50
2011.09.09 10:11:56.994,1.2146,1.21492,1.66,1.50
2011.09.09 10:11:57.921,1.2146,1.21491,1.66,1.50
2011.09.09 10:11:58.644,1.21464,1.21496,1.58,1.50
2011.09.09 10:11:59.021,1.21464,1.21498,2.33,1.50
2011.09.09 10:11:59.382,1.21474,1.21499,1.50,2.25
2011.09.09 10:12:00.415,1.21474,1.21499,1.50,2.25
2011.09.09 10:12:01.010,1.21475,1.21499,1.50,2.25
2011.09.09 10:12:01.599,1.21474,1.21499,1.50,2.25
2011.09.09 10:12:01.840,1.21473,1.21499,1.50,2.25
2011.09.09 10:12:02.314,1.21475,1.21499,1.50,2.25
2011.09.09 10:12:03.228,1.21485,1.2151,1.50,1.50
2011.09.09 10:12:03.360,1.21485,1.21509,1.50,1.50
2011.09.09 10:12:03.720,1.21485,1.21511,2.25,1.50
2011.09.09 10:12:04.201,1.21485,1.21509,1.50,1.50
2011.09.09 10:12:04.683,1.21486,1.21511,1.50,1.50
2011.09.09 10:12:06.076,1.21486,1.2151,1.50,1.50
2011.09.09 10:12:06.564,1.21486,1.21511,1.50,1.50
2011.09.09 10:12:07.159,1.21488,1.21512,1.50,1.50
2011.09.09 10:12:07.515,1.21489,1.21514,1.50,1.50
2011.09.09 10:12:08.221,1.21488,1.21513,1.50,1.50
2011.09.09 10:12:09.182,1.21486,1.2151,1.50,1.50
2011.09.09 10:12:09.305,1.21474,1.21499,1.69,1.50
2011.09.09 10:12:09.433,1.21474,1.21499,1.50,1.50
2011.09.09 10:12:09.685,1.21473,1.21498,1.50,2.25
2011.09.09 10:12:09.812,1.21469,1.21497,1.50,1.50
2011.09.09 10:12:09.931,1.21462,1.21498,2.63,1.50
2011.09.09 10:12:10.634,1.21469,1.21501,1.50,1.50
2011.09.09 10:12:10.771,1.21471,1.21504,1.50,1.50
2011.09.09 10:12:10.893,1.21473,1.21504,1.50,1.50
2011.09.09 10:12:11.147,1.21471,1.21503,1.50,1.50
2011.09.09 10:12:11.276,1.21468,1.21502,1.50,1.50
2011.09.09 10:12:11.640,1.21466,1.21501,1.50,2.25
2011.09.09 10:12:11.884,1.21462,1.21501,1.81,2.25
2011.09.09 10:12:12.491,1.21465,1.21501,2.25,1.50
2011.09.09 10:12:13.239,1.21465,1.21501,1.50,1.50
2011.09.09 10:12:13.601,1.21468,1.21503,1.50,3.00
2011.09.09 10:12:14.203,1.21469,1.21501,1.50,1.50
2011.09.09 10:12:14.931,1.21471,1.21503,1.50,2.25
2011.09.09 10:12:16.424,1.21469,1.215,2.18,1.50
2011.09.09 10:12:16.554,1.21469,1.21496,1.50,1.50
2011.09.09 10:12:16.799,1.21468,1.21496,1.50,1.50
2011.09.09 10:12:17.401,1.21468,1.21495,1.50,1.50
2011.09.09 10:12:17.762,1.21465,1.2149,1.43,1.50
2011.09.09 10:12:18.355,1.21463,1.2149,2.63,2.25
2011.09.09 10:12:19.163,1.21463,1.21486,1.50,2.25
2011.09.09 10:12:19.300,1.21457,1.21481,1.50,1.50
2011.09.09 10:12:19.668,1.21455,1.21479,1.50,1.50
2011.09.09 10:12:20.032,1.21452,1.21475,2.63,1.50
2011.09.09 10:12:21.117,1.21463,1.21486,2.25,1.88
2011.09.09 10:12:21.263,1.21467,1.21495,2.18,1.50
2011.09.09 10:12:21.981,1.21469,1.21497,1.50,1.50
2011.09.09 10:12:22.108,1.21467,1.21499,1.43,1.50
2011.09.09 10:12:22.590,1.21466,1.21496,2.25,1.50
2011.09.09 10:12:23.419,1.21466,1.21493,1.50,1.50
2011.09.09 10:12:23.556,1.21465,1.21498,3.00,1.50
2011.09.09 10:12:23.802,1.21466,1.21502,2.25,3.00
2011.09.09 10:12:23.920,1.21468,1.21502,1.50,3.00
2011.09.09 10:12:24.880,1.21467,1.215,1.43,1.50
2011.09.09 10:12:25.000,1.21466,1.21499,2.25,1.18
2011.09.09 10:12:25.471,1.21462,1.21497,1.88,2.25
2011.09.09 10:12:25.589,1.2147,1.21497,1.50,2.25
2011.09.09 10:12:26.216,1.21462,1.21486,2.63,1.50
2011.09.09 10:12:26.351,1.21459,1.21483,2.25,1.50
2011.09.09 10:12:26.476,1.21463,1.21487,1.50,1.50
2011.09.09 10:12:26.601,1.21464,1.21488,1.50,1.50
2011.09.09 10:12:26.967,1.21459,1.21479,1.13,1.50
2011.09.09 10:12:27.093,1.21459,1.21483,1.50,1.50
2011.09.09 10:12:27.344,1.21459,1.21479,1.50,1.50
2011.09.09 10:12:27.958,1.21463,1.21479,1.50,1.50
2011.09.09 10:12:28.544,1.21468,1.21487,2.25,1.50
2011.09.09 10:12:28.679,1.21461,1.21485,1.50,2.25
2011.09.09 10:12:28.804,1.21461,1.21486,1.50,1.50
2011.09.09 10:12:29.400,1.21462,1.21486,2.25,1.50
2011.09.09 10:12:29.519,1.21462,1.21484,1.50,2.25
2011.09.09 10:12:29.870,1.21462,1.21487,1.50,2.25
2011.09.09 10:12:31.823,1.21459,1.21482,1.50,1.50
2011.09.09 10:12:32.190,1.2145,1.21472,1.88,1.50
2011.09.09 10:12:32.314,1.21447,1.21478,2.25,2.85
2011.09.09 10:12:32.919,1.21447,1.21481,1.50,2.25
2011.09.09 10:12:33.651,1.21448,1.21478,1.50,1.50
2011.09.09 10:12:34.825,1.21448,1.21478,1.50,1.50
2011.09.09 10:12:34.953,1.21449,1.21481,1.88,1.50
2011.09.09 10:12:35.678,1.21449,1.21481,1.13,1.50
2011.09.09 10:12:36.273,1.21449,1.21481,1.13,1.50
2011.09.09 10:12:37.014,1.21446,1.21478,1.50,1.50
2011.09.09 10:12:37.628,1.21445,1.21474,1.50,1.50
2011.09.09 10:12:38.233,1.21444,1.21474,1.50,1.50
2011.09.09 10:12:38.832,1.21444,1.21474,1.50,1.50
2011.09.09 10:12:39.688,1.21443,1.21471,1.50,1.50
2011.09.09 10:12:39.835,1.21436,1.21465,1.50,1.50
2011.09.09 10:12:39.965,1.21435,1.21465,1.50,1.50
2011.09.09 10:12:40.094,1.21435,1.21465,1.50,1.50
2011.09.09 10:12:40.820,1.21437,1.21465,1.50,1.50
2011.09.09 10:12:41.059,1.21437,1.21469,2.25,2.68
2011.09.09 10:12:41.650,1.21437,1.21466,1.50,1.50
2011.09.09 10:12:42.204,1.21437,1.21466,1.50,1.50
2011.09.09 10:12:42.452,1.2144,1.21468,1.50,2.68
2011.09.09 10:12:42.694,1.21441,1.21471,1.50,2.25
2011.09.09 10:12:43.068,1.21443,1.2147,2.25,1.50
2011.09.09 10:12:43.312,1.21453,1.21478,1.50,1.50
2011.09.09 10:12:43.435,1.21453,1.21478,1.50,2.25
2011.09.09 10:12:43.564,1.21453,1.21478,1.50,2.25
2011.09.09 10:12:43.816,1.21452,1.2148,1.50,2.25
2011.09.09 10:12:44.556,1.21451,1.21479,1.50,1.50
2011.09.09 10:12:44.699,1.2145,1.21476,1.50,1.50
2011.09.09 10:12:44.820,1.21449,1.21475,2.63,1.50
2011.09.09 10:12:45.301,1.21451,1.21478,1.50,1.50
2011.09.09 10:12:45.658,1.2145,1.21477,2.63,1.50
2011.09.09 10:12:46.025,1.2145,1.21472,2.03,1.50
2011.09.09 10:12:46.152,1.21454,1.21476,1.50,1.50
2011.09.09 10:12:47.159,1.21452,1.21482,1.50,2.25
2011.09.09 10:12:47.523,1.21451,1.21482,1.13,1.50
2011.09.09 10:12:47.650,1.21452,1.21482,1.13,1.50
2011.09.09 10:12:48.239,1.21453,1.21481,2.25,1.50
2011.09.09 10:12:48.482,1.21455,1.21484,1.50,1.50
2011.09.09 10:12:48.599,1.21455,1.21485,1.50,1.88
2011.09.09 10:12:49.688,1.21455,1.21483,1.50,1.50
2011.09.09 10:12:50.576,1.21452,1.2148,1.13,1.50
2011.09.09 10:12:50.704,1.21449,1.2148,1.88,1.50
2011.09.09 10:12:50.839,1.21448,1.21481,1.50,2.25
2011.09.09 10:12:50.969,1.21449,1.21481,1.50,1.88
2011.09.09 10:12:51.331,1.21451,1.2148,2.25,1.50
2011.09.09 10:12:52.073,1.21453,1.21481,1.50,1.13
2011.09.09 10:12:52.201,1.21456,1.21484,1.50,2.25
2011.09.09 10:12:52.751,1.21456,1.21484,1.50,1.50
2011.09.09 10:12:53.112,1.21454,1.21483,1.50,1.50
2011.09.09 10:12:53.723,1.21459,1.21481,1.50,1.13
2011.09.09 10:12:54.505,1.2146,1.21483,1.50,1.13
2011.09.09 10:12:54.882,1.21454,1.21482,3.00,2.63
2011.09.09 10:12:55.114,1.21452,1.21482,2.25,2.25
2011.09.09 10:12:55.363,1.21452,1.21482,2.25,2.25
2011.09.09 10:12:55.482,1.21452,1.21482,2.25,2.25
2011.09.09 10:12:56.071,1.21455,1.21483,1.50,1.88
2011.09.09 10:12:56.424,1.21455,1.21479,1.50,1.50
2011.09.09 10:12:57.037,1.2145,1.2148,1.50,1.50
2011.09.09 10:12:57.169,1.2145,1.21483,2.25,2.63
2011.09.09 10:12:58.129,1.21449,1.21481,2.25,1.50
2011.09.09 10:12:59.428,1.21457,1.21487,1.50,1.50
2011.09.09 10:12:59.561,1.21456,1.21486,1.50,1.50
2011.09.09 10:12:59.807,1.21456,1.21491,1.50,1.50
2011.09.09 10:12:59.939,1.21456,1.21491,2.25,1.13
2011.09.09 10:13:00.545,1.21457,1.21492,1.50,1.50
2011.09.09 10:13:01.277,1.21456,1.21491,2.25,1.93
2011.09.09 10:13:01.774,1.21454,1.21489,1.50,1.88
2011.09.09 10:13:02.368,1.21457,1.21489,1.50,1.13
2011.09.09 10:13:02.971,1.21458,1.21488,1.50,1.13
2011.09.09 10:13:03.210,1.21456,1.21488,1.50,1.93
2011.09.09 10:13:04.792,1.21456,1.21486,1.50,1.13
2011.09.09 10:13:04.911,1.21452,1.21486,1.50,2.25
2011.09.09 10:13:05.740,1.21452,1.21486,1.50,1.88
2011.09.09 10:13:06.736,1.21454,1.21486,1.50,1.50
2011.09.09 10:13:07.453,1.21456,1.21486,1.50,1.13
2011.09.09 10:13:08.042,1.21454,1.21486,1.50,1.13
2011.09.09 10:13:08.414,1.21454,1.21484,1.50,1.50
2011.09.09 10:13:08.783,1.21451,1.21473,1.50,1.50
2011.09.09 10:13:09.660,1.2145,1.21476,1.50,1.50
2011.09.09 10:13:10.152,1.21456,1.2148,1.50,1.50
2011.09.09 10:13:10.511,1.21458,1.21483,1.50,1.50
2011.09.09 10:13:10.756,1.21456,1.21481,1.50,1.50
2011.09.09 10:13:11.244,1.21458,1.21484,1.50,1.50
2011.09.09 10:13:12.094,1.21458,1.21482,1.50,1.50
2011.09.09 10:13:12.345,1.21456,1.21482,1.50,1.50
2011.09.09 10:13:12.594,1.21453,1.21479,2.25,1.50
2011.09.09 10:13:12.842,1.21441,1.21468,1.50,1.50
2011.09.09 10:13:12.966,1.21441,1.2147,1.50,1.50
2011.09.09 10:13:13.096,1.21439,1.21468,3.00,1.50
2011.09.09 10:13:13.346,1.21438,1.2147,1.50,3.00
2011.09.09 10:13:13.480,1.21442,1.21467,1.50,1.50
2011.09.09 10:13:13.721,1.21442,1.21471,1.50,2.25
2011.09.09 10:13:14.508,1.21441,1.21471,1.50,2.25
2011.09.09 10:13:15.209,1.2144,1.21471,2.25,2.25
2011.09.09 10:13:16.029,1.21442,1.21471,1.50,1.50
2011.09.09 10:13:16.390,1.21441,1.2147,1.50,1.50
2011.09.09 10:13:17.270,1.21433,1.21463,1.50,2.25
2011.09.09 10:13:17.405,1.21433,1.21463,1.50,2.25
2011.09.09 10:13:17.530,1.21431,1.2146,1.50,1.50
2011.09.09 10:13:17.774,1.21428,1.21457,1.50,1.50
2011.09.09 10:13:18.023,1.21429,1.21458,1.50,1.50
2011.09.09 10:13:18.270,1.21432,1.21462,1.50,1.50
2011.09.09 10:13:18.739,1.21432,1.21465,1.50,1.13
2011.09.09 10:13:18.984,1.21432,1.21465,1.50,2.25
2011.09.09 10:13:20.264,1.21426,1.21456,1.50,1.50
2011.09.09 10:13:20.858,1.21421,1.21447,1.50,4.50
2011.09.09 10:13:20.991,1.21417,1.21443,2.25,1.50
2011.09.09 10:13:21.109,1.21418,1.21444,2.25,3.00
2011.09.09 10:13:21.831,1.21418,1.21442,1.50,1.50
2011.09.09 10:13:24.258,1.21418,1.21443,1.50,1.50
2011.09.09 10:13:26.333,1.21418,1.21443,1.50,1.50
2011.09.09 10:13:27.008,1.21445,1.21457,1.50,3.75
2011.09.09 10:13:27.126,1.21449,1.21478,3.00,1.50
2011.09.09 10:13:27.248,1.21453,1.21478,1.50,1.50
2011.09.09 10:13:27.482,1.21454,1.21478,1.50,1.50
2011.09.09 10:13:27.602,1.21455,1.21481,1.50,1.50
2011.09.09 10:13:27.840,1.21452,1.21478,1.50,1.13
2011.09.09 10:13:28.533,1.21456,1.2148,1.50,1.13
2011.09.09 10:13:28.659,1.21453,1.21479,1.50,1.13
2011.09.09 10:13:30.214,1.21451,1.21479,2.25,1.50
2011.09.09 10:13:33.044,1.21451,1.21476,1.50,1.50
2011.09.09 10:13:34.611,1.21451,1.21479,2.25,1.50
2011.09.09 10:13:35.202,1.21454,1.21479,2.25,1.50
2011.09.09 10:13:35.326,1.21458,1.21482,1.50,1.50
2011.09.09 10:13:36.245,1.21458,1.21482,1.50,1.50
2011.09.09 10:13:36.844,1.21458,1.21483,1.50,2.25
2011.09.09 10:13:37.090,1.21454,1.21482,2.25,1.50
2011.09.09 10:13:37.450,1.21451,1.21478,1.50,1.50
2011.09.09 10:13:38.149,1.21452,1.2148,1.50,1.50
2011.09.09 10:13:39.585,1.2145,1.21478,1.50,1.50
2011.09.09 10:13:40.180,1.21452,1.21477,1.50,1.50
2011.09.09 10:13:40.765,1.21456,1.21481,1.50,2.25
2011.09.09 10:13:40.895,1.21458,1.21482,1.50,1.50
2011.09.09 10:13:41.023,1.21459,1.21483,1.50,1.50
2011.09.09 10:13:41.261,1.21459,1.21483,1.50,1.50
2011.09.09 10:13:42.356,1.21459,1.21484,1.50,1.50
2011.09.09 10:13:44.018,1.21455,1.21479,3.00,1.50
2011.09.09 10:13:44.150,1.2145,1.21474,1.50,1.50
2011.09.09 10:13:44.394,1.21447,1.21473,1.50,1.50
2011.09.09 10:13:45.121,1.21449,1.21475,1.50,1.50
2011.09.09 10:13:45.794,1.21451,1.21475,1.50,1.50
2011.09.09 10:13:46.283,1.21447,1.21475,1.50,2.25
2011.09.09 10:13:47.483,1.21449,1.21475,1.50,2.25
2011.09.09 10:13:47.856,1.21477,1.21491,5.25,2.25
2011.09.09 10:13:48.225,1.21504,1.21512,1.50,1.93
2011.09.09 10:13:48.869,1.21515,1.21529,1.43,1.50
2011.09.09 10:13:49.009,1.21527,1.21545,1.43,1.50
2011.09.09 10:13:49.133,1.21527,1.21551,2.18,1.13
2011.09.09 10:13:49.265,1.21529,1.21551,1.43,1.50
2011.09.09 10:13:49.511,1.21527,1.21551,3.68,1.50
2011.09.09 10:13:49.871,1.21527,1.2155,2.06,1.50
2011.09.09 10:13:49.991,1.21527,1.21551,1.43,1.50
2011.09.09 10:13:50.111,1.21525,1.21547,1.43,1.50
2011.09.09 10:13:51.212,1.21523,1.21547,1.43,1.50
2011.09.09 10:13:52.043,1.21522,1.21546,1.43,1.50
2011.09.09 10:13:54.319,1.21522,1.21547,1.43,2.25
2011.09.09 10:13:54.443,1.21523,1.21547,1.50,1.50
2011.09.09 10:13:55.088,1.21527,1.21551,1.13,1.50
2011.09.09 10:13:55.462,1.21524,1.21544,1.38,2.25
2011.09.09 10:13:56.063,1.21526,1.21548,1.50,1.50
2011.09.09 10:13:56.312,1.21521,1.21543,1.50,1.50
2011.09.09 10:13:56.433,1.21519,1.21543,1.35,1.50
2011.09.09 10:13:56.923,1.21522,1.21546,1.50,2.25
2011.09.09 10:13:57.282,1.21524,1.21547,1.43,1.50
2011.09.09 10:13:57.404,1.21524,1.21547,1.43,1.50
2011.09.09 10:13:57.965,1.21522,1.21547,1.50,1.50
2011.09.09 10:13:58.091,1.21521,1.21546,1.50,1.50
2011.09.09 10:13:59.603,1.21521,1.21547,2.25,2.25
2011.09.09 10:13:59.732,1.21524,1.2155,1.50,1.50
2011.09.09 10:14:00.330,1.21522,1.21547,1.50,1.50
2011.09.09 10:14:00.931,1.21522,1.21547,1.50,1.50
2011.09.09 10:14:01.485,1.21521,1.21546,1.50,1.50
2011.09.09 10:14:03.162,1.2152,1.21546,2.93,1.50
2011.09.09 10:14:03.283,1.21523,1.21546,1.50,1.50
2011.09.09 10:14:03.882,1.21523,1.21548,1.50,1.50
2011.09.09 10:14:04.772,1.21523,1.21547,1.50,1.50
2011.09.09 10:14:05.395,1.21521,1.21545,1.50,1.50
2011.09.09 10:14:05.880,1.21521,1.21545,1.50,1.50
2011.09.09 10:14:06.604,1.21519,1.21544,1.50,1.50
2011.09.09 10:14:06.972,1.21521,1.21546,2.25,1.50
2011.09.09 10:14:07.544,1.21523,1.21549,1.50,1.50
2011.09.09 10:14:07.675,1.21521,1.21546,1.50,1.50
2011.09.09 10:14:07.928,1.21518,1.21545,2.25,1.50
2011.09.09 10:14:08.053,1.21518,1.21542,1.50,1.50
2011.09.09 10:14:08.192,1.21516,1.21539,1.50,1.50
2011.09.09 10:14:08.431,1.21515,1.21541,2.25,1.50
2011.09.09 10:14:08.553,1.21517,1.21546,1.50,1.50
2011.09.09 10:14:08.671,1.21518,1.21545,1.50,1.50
2011.09.09 10:14:09.861,1.21521,1.21545,1.50,1.50
2011.09.09 10:14:10.729,1.2152,1.21543,1.50,1.50
2011.09.09 10:14:11.090,1.2152,1.21545,1.50,1.93
2011.09.09 10:14:11.571,1.21517,1.21541,1.50,1.50
2011.09.09 10:14:11.811,1.21514,1.21536,1.20,1.50
2011.09.09 10:14:12.053,1.21508,1.21534,1.43,1.50
2011.09.09 10:14:12.300,1.2151,1.21536,1.43,2.25
2011.09.09 10:14:13.696,1.2151,1.21536,1.50,2.25
2011.09.09 10:14:14.064,1.21508,1.21531,1.50,1.18
2011.09.09 10:14:14.434,1.21496,1.2152,1.50,1.50
2011.09.09 10:14:14.567,1.21491,1.21516,1.13,1.50
2011.09.09 10:14:14.809,1.21485,1.21516,1.88,1.50
2011.09.09 10:14:15.411,1.21488,1.21519,1.50,1.50
2011.09.09 10:14:16.086,1.21487,1.21519,1.13,1.50
2011.09.09 10:14:16.204,1.21486,1.2151,1.13,1.50
2011.09.09 10:14:16.336,1.21486,1.2151,1.13,1.50
2011.09.09 10:14:16.580,1.21488,1.21512,1.13,1.50
2011.09.09 10:14:17.181,1.21489,1.21513,1.50,2.25
2011.09.09 10:14:19.101,1.21487,1.21512,2.63,1.50
2011.09.09 10:14:21.154,1.2149,1.21513,1.13,1.50
2011.09.09 10:14:21.404,1.21501,1.21522,1.50,1.18
2011.09.09 10:14:21.976,1.21501,1.21522,2.25,1.18
2011.09.09 10:14:22.152,1.21488,1.2151,1.50,1.50
2011.09.09 10:14:22.745,1.2149,1.2151,1.50,1.50
2011.09.09 10:14:23.119,1.21496,1.21514,1.50,1.50
2011.09.09 10:14:23.365,1.21493,1.21515,1.50,1.50
2011.09.09 10:14:23.492,1.21492,1.21517,2.25,3.00
2011.09.09 10:14:24.232,1.21491,1.21515,1.50,1.50
2011.09.09 10:14:24.729,1.21492,1.21517,1.50,3.00
2011.09.09 10:14:25.218,1.21495,1.21518,1.50,1.50
2011.09.09 10:14:25.464,1.21498,1.21522,1.50,2.25
2011.09.09 10:14:25.592,1.21498,1.21523,2.25,1.50
2011.09.09 10:14:25.836,1.21498,1.21523,1.50,1.50
2011.09.09 10:14:26.441,1.21497,1.21521,1.50,1.50
2011.09.09 10:14:27.029,1.21499,1.21523,1.50,1.50
2011.09.09 10:14:27.400,1.21494,1.21511,2.25,2.25
2011.09.09 10:14:27.646,1.21496,1.21522,2.25,3.00
2011.09.09 10:14:27.775,1.21498,1.2152,1.50,1.50
2011.09.09 10:14:28.383,1.21495,1.21519,2.25,1.50
2011.09.09 10:14:29.417,1.21497,1.21521,1.50,2.25
2011.09.09 10:14:30.025,1.21497,1.2152,1.50,1.50
2011.09.09 10:14:30.740,1.21497,1.2152,1.50,1.50
2011.09.09 10:14:32.087,1.21496,1.21519,1.50,1.50
2011.09.09 10:14:32.219,1.21491,1.21513,5.25,1.50
2011.09.09 10:14:32.466,1.21492,1.21515,4.50,1.18
2011.09.09 10:14:32.952,1.21496,1.21518,1.50,2.30
2011.09.09 10:14:33.316,1.21494,1.21518,1.50,3.00
2011.09.09 10:14:33.442,1.21492,1.21517,1.50,1.50
2011.09.09 10:14:33.925,1.21493,1.21518,1.50,3.05
2011.09.09 10:14:34.529,1.21479,1.21504,1.13,1.50
2011.09.09 10:14:34.659,1.21477,1.21501,1.50,1.50
2011.09.09 10:14:35.026,1.21475,1.215,1.50,1.50
2011.09.09 10:14:35.154,1.21476,1.21502,1.50,2.25
2011.09.09 10:14:35.524,1.21477,1.21502,1.50,2.68
2011.09.09 10:14:35.897,1.21476,1.215,1.50,1.50
2011.09.09 10:14:36.020,1.21474,1.21499,1.50,2.25
2011.09.09 10:14:36.619,1.21476,1.215,1.50,1.50
2011.09.09 10:14:37.349,1.21476,1.21501,3.00,1.50
2011.09.09 10:14:37.482,1.21476,1.21501,1.50,1.50
2011.09.09 10:14:37.724,1.21479,1.21501,1.50,1.50
2011.09.09 10:14:38.090,1.21485,1.21504,1.50,1.50
2011.09.09 10:14:38.212,1.21487,1.21504,1.50,1.50
2011.09.09 10:14:39.533,1.21483,1.21509,1.50,3.00
2011.09.09 10:14:40.645,1.21485,1.21508,1.50,1.50
2011.09.09 10:14:40.778,1.21476,1.21504,3.75,1.50
2011.09.09 10:14:40.904,1.21479,1.21503,1.50,1.50
2011.09.09 10:14:41.039,1.21476,1.21502,1.50,1.50
2011.09.09 10:14:41.168,1.21475,1.21501,2.25,1.50
2011.09.09 10:14:41.533,1.21474,1.21498,1.50,1.50
2011.09.09 10:14:42.143,1.21472,1.21497,1.50,1.50
2011.09.09 10:14:42.271,1.21474,1.21498,1.50,1.50
2011.09.09 10:14:43.526,1.21473,1.21497,1.88,1.50
2011.09.09 10:14:44.014,1.21481,1.215,1.50,1.50
2011.09.09 10:14:44.385,1.2148,1.21505,1.50,2.25
2011.09.09 10:14:44.515,1.21478,1.21503,1.50,2.25
2011.09.09 10:14:44.762,1.21477,1.21501,1.50,2.25
2011.09.09 10:14:45.124,1.21475,1.21499,1.13,1.50
2011.09.09 10:14:45.252,1.21476,1.215,1.88,1.50
2011.09.09 10:14:45.373,1.21476,1.215,1.13,1.50
2011.09.09 10:14:46.082,1.21478,1.21503,1.50,1.50
2011.09.09 10:14:46.320,1.21476,1.21501,1.88,2.25
2011.09.09 10:14:46.681,1.21475,1.21501,2.63,2.25
2011.09.09 10:14:46.921,1.21475,1.215,1.88,1.50
2011.09.09 10:14:47.042,1.21477,1.21502,1.50,2.25
2011.09.09 10:14:47.513,1.21477,1.21503,2.25,1.50
2011.09.09 10:14:47.763,1.21477,1.21503,1.50,2.25
2011.09.09 10:14:47.880,1.21476,1.21501,1.50,1.50
2011.09.09 10:14:48.242,1.21477,1.21501,1.50,1.50
2011.09.09 10:14:49.133,1.21475,1.21503,1.88,3.00
2011.09.09 10:14:49.384,1.21475,1.21498,1.88,1.50
2011.09.09 10:14:49.995,1.21475,1.215,1.88,1.50
2011.09.09 10:14:50.120,1.21476,1.215,1.13,1.50
2011.09.09 10:14:50.244,1.21474,1.215,2.25,2.25
2011.09.09 10:14:50.617,1.21471,1.21492,1.50,1.50
2011.09.09 10:14:50.746,1.21463,1.21487,1.88,1.50
2011.09.09 10:14:50.878,1.21461,1.21487,2.70,1.50
2011.09.09 10:14:51.528,1.2146,1.21489,1.13,1.50
2011.09.09 10:14:51.894,1.21457,1.21494,1.88,1.50
2011.09.09 10:14:52.385,1.21465,1.21496,1.50,2.25
2011.09.09 10:14:52.514,1.21465,1.21496,1.50,2.25
2011.09.09 10:14:52.886,1.21471,1.21495,1.50,1.50
2011.09.09 10:14:53.620,1.21472,1.21499,1.50,1.50
2011.09.09 10:14:53.986,1.21473,1.21498,1.50,1.50
2011.09.09 10:14:54.354,1.21472,1.21496,1.75,1.50
2011.09.09 10:14:54.721,1.21474,1.21498,1.50,1.50
2011.09.09 10:14:54.962,1.21474,1.21498,1.50,1.50
2011.09.09 10:14:55.086,1.21475,1.21502,1.50,2.25
2011.09.09 10:14:55.334,1.21474,1.21496,1.50,1.50
2011.09.09 10:14:55.462,1.21477,1.21503,2.25,1.50
2011.09.09 10:14:56.251,1.21475,1.21501,1.50,1.50
2011.09.09 10:14:56.611,1.21474,1.21496,1.50,1.50
2011.09.09 10:14:56.737,1.21477,1.21503,1.50,1.50
2011.09.09 10:14:56.980,1.21477,1.21506,1.50,2.25
2011.09.09 10:14:57.224,1.21476,1.21506,2.25,1.13
2011.09.09 10:14:57.354,1.21478,1.2151,1.50,2.25
2011.09.09 10:14:57.726,1.21477,1.21504,1.75,1.50
2011.09.09 10:14:57.854,1.21476,1.21503,1.75,1.50
2011.09.09 10:14:57.981,1.21475,1.21501,1.75,1.50
2011.09.09 10:14:58.341,1.21475,1.21499,1.75,1.50
2011.09.09 10:14:58.700,1.21474,1.21495,1.99,1.50
2011.09.09 10:14:59.285,1.21476,1.21503,1.75,1.50
2011.09.09 10:14:59.419,1.21476,1.21501,1.75,1.50
2011.09.09 10:14:59.782,1.21479,1.21504,1.50,1.50
2011.09.09 10:15:00.142,1.21478,1.21503,1.75,1.50
2011.09.09 10:15:00.748,1.21478,1.21501,1.75,1.50
2011.09.09 10:15:01.493,1.21478,1.21505,1.50,1.50
2011.09.09 10:15:02.226,1.21474,1.21495,1.24,1.50
2011.09.09 10:15:02.478,1.21466,1.21491,1.50,1.50
2011.09.09 10:15:02.607,1.21461,1.21493,1.50,1.50
2011.09.09 10:15:02.972,1.21461,1.21491,1.50,1.50
2011.09.09 10:15:03.105,1.21461,1.21489,1.50,1.50
2011.09.09 10:15:03.881,1.21457,1.21488,1.50,1.50
2011.09.09 10:15:05.441,1.2146,1.21487,1.50,2.63
2011.09.09 10:15:06.672,1.2146,1.21485,1.50,1.50
2011.09.09 10:15:07.925,1.21463,1.21485,1.50,1.50
2011.09.09 10:15:08.297,1.21465,1.21487,3.00,1.55
2011.09.09 10:15:08.429,1.21465,1.21487,2.25,1.18
2011.09.09 10:15:09.415,1.21463,1.21485,1.50,1.50
2011.09.09 10:15:09.664,1.21463,1.21485,1.50,1.50
2011.09.09 10:15:09.795,1.21463,1.21487,2.25,1.55
2011.09.09 10:15:10.408,1.21464,1.21491,1.50,2.30
2011.09.09 10:15:10.540,1.21465,1.21489,1.50,1.55
2011.09.09 10:15:10.903,1.21468,1.21494,2.25,1.35
2011.09.09 10:15:11.036,1.21468,1.21494,2.25,1.78
2011.09.09 10:15:11.819,1.21475,1.21501,1.50,2.30
2011.09.09 10:15:11.943,1.21475,1.21501,1.50,1.93
2011.09.09 10:15:12.302,1.21482,1.21506,1.50,1.50
2011.09.09 10:15:12.661,1.21486,1.2151,1.50,1.78
2011.09.09 10:15:13.023,1.2149,1.21512,1.50,1.40
2011.09.09 10:15:13.503,1.21486,1.2151,2.25,1.35
2011.09.09 10:15:14.159,1.21483,1.21499,1.50,2.25
2011.09.09 10:15:14.292,1.21476,1.21499,1.50,1.50
2011.09.09 10:15:14.415,1.21478,1.21501,1.50,2.25
2011.09.09 10:15:14.669,1.2148,1.21506,1.50,2.25
2011.09.09 10:15:15.039,1.21483,1.21508,1.50,1.50
2011.09.09 10:15:15.165,1.21493,1.21515,1.50,1.18
2011.09.09 10:15:15.532,1.21496,1.21518,1.50,1.18
2011.09.09 10:15:16.430,1.21495,1.21518,1.50,1.18
2011.09.09 10:15:16.784,1.2149,1.21514,1.50,1.50
2011.09.09 10:15:16.918,1.21486,1.21511,1.50,1.50
2011.09.09 10:15:17.047,1.21483,1.2151,2.25,3.00
2011.09.09 10:15:17.173,1.21481,1.21506,1.50,1.50
2011.09.09 10:15:17.771,1.21478,1.21503,2.25,1.50
2011.09.09 10:15:17.890,1.21483,1.21507,1.50,1.50
2011.09.09 10:15:18.629,1.21479,1.21504,1.50,1.50
2011.09.09 10:15:18.759,1.21484,1.21508,1.50,1.50
2011.09.09 10:15:19.113,1.21486,1.2151,1.50,1.50
2011.09.09 10:15:19.363,1.21484,1.2151,2.25,1.50
2011.09.09 10:15:19.733,1.21493,1.21517,1.50,1.18
2011.09.09 10:15:19.863,1.21497,1.21519,1.50,1.13
2011.09.09 10:15:20.117,1.21498,1.21522,1.50,1.18
2011.09.09 10:15:20.488,1.21501,1.21523,1.50,1.18
2011.09.09 10:15:21.369,1.21497,1.21521,1.50,1.18
2011.09.09 10:15:22.200,1.215,1.21524,2.25,1.18
2011.09.09 10:15:22.320,1.21502,1.21525,1.50,1.93
2011.09.09 10:15:22.681,1.215,1.21524,2.25,1.50
2011.09.09 10:15:23.382,1.21502,1.21524,1.50,1.13
2011.09.09 10:15:23.500,1.21502,1.21524,1.50,1.13
2011.09.09 10:15:23.864,1.21496,1.21525,2.25,3.00
2011.09.09 10:15:24.458,1.21489,1.21514,2.25,1.50
2011.09.09 10:15:24.595,1.21473,1.21501,1.50,1.50
2011.09.09 10:15:24.724,1.21469,1.21497,2.25,1.50
2011.09.09 10:15:24.852,1.2147,1.21497,1.50,1.50
2011.09.09 10:15:24.973,1.21469,1.21502,1.50,1.50
2011.09.09 10:15:25.343,1.21475,1.21499,1.50,1.50
2011.09.09 10:15:25.598,1.21474,1.21502,1.50,1.50
2011.09.09 10:15:26.201,1.21474,1.21501,1.50,1.50
2011.09.09 10:15:27.381,1.21467,1.21493,1.50,1.50
2011.09.09 10:15:27.626,1.21473,1.215,1.50,1.50
2011.09.09 10:15:28.000,1.21475,1.215,1.50,1.50
2011.09.09 10:15:28.368,1.21481,1.21503,1.50,1.50
2011.09.09 10:15:28.491,1.21481,1.21503,1.50,1.50
2011.09.09 10:15:28.854,1.21481,1.21505,1.50,1.50
2011.09.09 10:15:29.418,1.21478,1.21504,1.50,1.50
2011.09.09 10:15:30.024,1.21479,1.21503,1.50,1.50
2011.09.09 10:15:30.271,1.21479,1.21503,1.50,1.50
2011.09.09 10:15:31.700,1.2148,1.21505,1.50,1.50
2011.09.09 10:15:32.062,1.2148,1.21505,1.50,1.50
2011.09.09 10:15:32.783,1.21474,1.215,1.50,1.50
2011.09.09 10:15:32.906,1.21472,1.21508,1.13,1.50
2011.09.09 10:15:33.035,1.21473,1.21508,1.13,1.50
2011.09.09 10:15:33.283,1.21479,1.21509,1.50,1.50
2011.09.09 10:15:33.402,1.21478,1.21506,1.50,1.50
2011.09.09 10:15:33.763,1.21482,1.21508,1.50,1.50
2011.09.09 10:15:34.006,1.21485,1.2151,1.50,1.88
2011.09.09 10:15:34.621,1.21482,1.21505,1.13,1.50
2011.09.09 10:15:35.268,1.2148,1.21504,1.13,1.50
2011.09.09 10:15:35.389,1.21465,1.21502,3.68,1.50
2011.09.09 10:15:35.511,1.21466,1.21505,2.18,1.50
2011.09.09 10:15:35.629,1.21466,1.21503,2.18,1.50
2011.09.09 10:15:36.201,1.2147,1.21505,1.50,1.50
2011.09.09 10:15:36.565,1.2147,1.21503,1.50,1.50
2011.09.09 10:15:36.939,1.2147,1.215,2.18,1.50
2011.09.09 10:15:37.062,1.2147,1.21506,3.68,1.50
2011.09.09 10:15:37.660,1.2147,1.21508,5.18,1.50
2011.09.09 10:15:37.742,1.21472,1.21506,3.00,1.50
2011.09.09 10:15:37.882,1.21476,1.21513,2.18,1.50
2011.09.09 10:15:38.003,1.21476,1.21515,2.18,2.25
2011.09.09 10:15:38.607,1.21476,1.21513,2.18,1.50
2011.09.09 10:15:38.973,1.21477,1.21511,1.43,1.50
2011.09.09 10:15:39.572,1.21475,1.21511,1.43,1.50
2011.09.09 10:15:40.477,1.21475,1.2151,1.43,1.50
2011.09.09 10:15:40.609,1.21475,1.21503,4.50,1.50
2011.09.09 10:15:40.975,1.2148,1.21513,1.50,1.50
2011.09.09 10:15:41.109,1.21485,1.21514,1.50,1.50
2011.09.09 10:15:41.238,1.21488,1.21521,2.18,1.93
2011.09.09 10:15:41.840,1.21486,1.21521,2.18,1.50
2011.09.09 10:15:42.085,1.21488,1.21521,1.50,1.50
2011.09.09 10:15:42.648,1.21484,1.21518,2.18,1.50
2011.09.09 10:15:42.894,1.21486,1.21519,1.43,1.50
2011.09.09 10:15:43.025,1.21481,1.21516,1.50,1.50
2011.09.09 10:15:43.274,1.2148,1.21515,2.18,1.50
2011.09.09 10:15:43.404,1.21482,1.21515,4.50,1.50
2011.09.09 10:15:43.774,1.21488,1.21514,1.50,1.50
2011.09.09 10:15:44.385,1.21486,1.21513,1.50,1.50
2011.09.09 10:15:45.158,1.21487,1.21515,1.50,1.50
2011.09.09 10:15:45.295,1.2149,1.21516,2.25,1.50
2011.09.09 10:15:45.428,1.21492,1.21518,1.50,1.50
2011.09.09 10:15:45.553,1.21493,1.2152,1.50,1.88
2011.09.09 10:15:45.804,1.21493,1.2152,1.50,2.25
2011.09.09 10:15:45.933,1.21482,1.21515,2.18,1.50
2011.09.09 10:15:46.064,1.2148,1.21511,2.18,1.50
2011.09.09 10:15:46.191,1.21477,1.21507,1.50,1.50
2011.09.09 10:15:46.556,1.21472,1.21502,1.43,1.50
2011.09.09 10:15:46.800,1.2147,1.21502,1.81,1.50
2011.09.09 10:15:46.921,1.21471,1.21503,1.13,2.25
2011.09.09 10:15:47.525,1.21471,1.21505,1.13,1.50
2011.09.09 10:15:47.899,1.2147,1.21502,1.13,1.50
2011.09.09 10:15:48.503,1.2147,1.21502,1.13,1.50
2011.09.09 10:15:49.071,1.2147,1.21501,1.13,1.50
2011.09.09 10:15:49.924,1.2147,1.21501,1.13,1.50
2011.09.09 10:15:50.175,1.21466,1.21501,1.50,2.25
2011.09.09 10:15:51.184,1.21451,1.21489,2.18,2.25
2011.09.09 10:15:51.553,1.21453,1.21486,1.50,1.50
2011.09.09 10:15:51.791,1.21453,1.21488,1.50,1.50
2011.09.09 10:15:52.392,1.21451,1.21488,1.50,1.50
2011.09.09 10:15:53.139,1.21449,1.21489,2.25,1.50
2011.09.09 10:15:54.574,1.21454,1.21492,1.50,1.50
2011.09.09 10:15:55.702,1.21456,1.21495,1.43,1.50
2011.09.09 10:15:56.065,1.21451,1.21489,1.50,2.25
2011.09.09 10:15:56.675,1.21449,1.21486,4.43,1.50
2011.09.09 10:15:56.800,1.21449,1.21487,4.43,1.50
2011.09.09 10:15:57.282,1.21451,1.21487,1.50,1.50
2011.09.09 10:15:58.328,1.21452,1.21487,1.50,1.50
2011.09.09 10:16:00.083,1.21453,1.2149,1.50,1.50
2011.09.09 10:16:00.872,1.21451,1.21488,1.50,1.50
2011.09.09 10:16:01.850,1.21453,1.21488,1.50,1.50
2011.09.09 10:16:02.454,1.21452,1.21484,1.50,1.50
2011.09.09 10:16:02.702,1.21452,1.21489,1.50,2.25
2011.09.09 10:16:03.175,1.21452,1.21488,1.50,1.50
2011.09.09 10:16:04.337,1.21454,1.21487,1.50,1.50
2011.09.09 10:16:04.700,1.21454,1.21487,1.50,1.50
2011.09.09 10:16:06.533,1.21454,1.21487,1.50,1.50
2011.09.09 10:16:07.035,1.2145,1.21481,1.13,1.50
2011.09.09 10:16:07.735,1.21451,1.21483,1.50,2.25
2011.09.09 10:16:07.976,1.21456,1.21487,2.25,1.50
2011.09.09 10:16:08.103,1.21456,1.21489,1.50,1.50
2011.09.09 10:16:10.375,1.21454,1.21487,1.50,1.50
2011.09.09 10:16:13.932,1.21453,1.21486,1.50,1.50
2011.09.09 10:16:14.818,1.21449,1.21484,1.88,1.50
2011.09.09 10:16:17.252,1.21451,1.21484,1.50,1.50
2011.09.09 10:16:22.613,1.2145,1.21487,1.88,1.88
2011.09.09 10:16:23.510,1.21451,1.21486,1.50,1.50
2011.09.09 10:16:25.353,1.21449,1.21486,2.25,1.50
2011.09.09 10:16:26.360,1.21449,1.21485,1.13,1.50
2011.09.09 10:16:27.236,1.2145,1.21484,1.88,1.50
2011.09.09 10:16:28.029,1.21445,1.21453,1.06,1.50
2011.09.09 10:16:28.154,1.21441,1.21452,1.38,4.50
2011.09.09 10:16:28.286,1.21434,1.2146,1.50,1.50
2011.09.09 10:16:28.532,1.21433,1.21457,1.50,1.50
2011.09.09 10:16:28.774,1.21427,1.21455,1.50,1.50
2011.09.09 10:16:28.900,1.21426,1.21454,1.50,1.50
2011.09.09 10:16:29.142,1.21429,1.21456,1.50,1.50
2011.09.09 10:16:29.384,1.21427,1.21455,1.50,1.50
2011.09.09 10:16:30.544,1.21429,1.21455,1.50,1.50
2011.09.09 10:16:31.488,1.21429,1.21456,1.50,1.50
2011.09.09 10:16:32.069,1.21428,1.21456,1.50,1.50
2011.09.09 10:16:32.434,1.21434,1.21457,1.50,1.50
2011.09.09 10:16:32.563,1.21431,1.21458,1.50,1.50
2011.09.09 10:16:33.159,1.21425,1.21457,1.50,1.50
2011.09.09 10:16:33.772,1.21425,1.21451,1.50,1.50
2011.09.09 10:16:33.909,1.21422,1.2145,1.50,1.50
2011.09.09 10:16:34.035,1.21425,1.21451,1.50,2.25
2011.09.09 10:16:34.407,1.21417,1.21438,1.20,5.25
2011.09.09 10:16:34.535,1.21415,1.21437,1.20,1.50
2011.09.09 10:16:34.662,1.21415,1.21437,1.20,2.25
2011.09.09 10:16:34.786,1.21411,1.21434,2.25,1.50
2011.09.09 10:16:35.394,1.21414,1.21438,1.50,1.50
2011.09.09 10:16:36.328,1.21416,1.21437,1.50,4.50
2011.09.09 10:16:36.813,1.21415,1.21439,1.50,1.50
2011.09.09 10:16:37.640,1.21416,1.2144,1.50,3.00
2011.09.09 10:16:38.114,1.21419,1.2144,1.50,1.50
2011.09.09 10:16:38.361,1.21421,1.2144,1.50,1.50
2011.09.09 10:16:39.078,1.21422,1.21441,1.50,1.50
2011.09.09 10:16:39.211,1.21422,1.21444,1.50,2.63
2011.09.09 10:16:39.816,1.21421,1.21443,1.50,1.13
2011.09.09 10:16:40.424,1.21421,1.21443,1.50,1.88
2011.09.09 10:16:40.673,1.21418,1.2144,1.50,1.50
2011.09.09 10:16:40.794,1.21414,1.2144,1.50,2.25
2011.09.09 10:16:40.925,1.21414,1.21438,1.50,1.88
2011.09.09 10:16:41.170,1.214,1.21427,2.13,1.13
2011.09.09 10:16:41.291,1.21397,1.21425,1.50,1.18
2011.09.09 10:16:41.998,1.21396,1.21425,1.50,1.18
2011.09.09 10:16:42.134,1.21398,1.21425,1.50,1.18
2011.09.09 10:16:42.492,1.21399,1.21427,1.50,1.18
2011.09.09 10:16:43.323,1.21398,1.21427,1.50,1.50
2011.09.09 10:16:43.691,1.21397,1.21428,1.50,1.55
2011.09.09 10:16:44.747,1.21403,1.21428,1.50,1.18
2011.09.09 10:16:44.884,1.21407,1.21439,1.50,1.18
2011.09.09 10:16:45.011,1.2141,1.21441,1.50,2.25
2011.09.09 10:16:45.610,1.21403,1.21436,1.50,1.50
2011.09.09 10:16:46.197,1.21437,1.21445,4.50,2.10
2011.09.09 10:16:46.448,1.21447,1.21466,1.50,1.50
2011.09.09 10:16:46.577,1.21472,1.21489,1.50,2.38
2011.09.09 10:16:46.945,1.21475,1.21496,1.50,1.18
2011.09.09 10:16:47.513,1.21475,1.21497,1.50,1.18
2011.09.09 10:16:47.644,1.21477,1.215,1.50,1.30
2011.09.09 10:16:47.773,1.21476,1.21497,1.50,1.55
2011.09.09 10:16:48.132,1.21475,1.21496,1.50,1.18
2011.09.09 10:16:48.254,1.21475,1.215,1.50,1.30
2011.09.09 10:16:48.387,1.21475,1.21496,1.50,1.18
2011.09.09 10:16:48.638,1.21473,1.21497,1.50,1.93
2011.09.09 10:16:49.125,1.21471,1.21496,1.50,1.18
2011.09.09 10:16:49.491,1.21469,1.21496,1.50,1.18
2011.09.09 10:16:50.410,1.21471,1.21497,1.50,2.30
2011.09.09 10:16:50.759,1.21471,1.21497,1.50,2.45
2011.09.09 10:16:51.239,1.21478,1.21497,1.50,1.70
2011.09.09 10:16:51.364,1.21477,1.21496,1.50,1.33
2011.09.09 10:16:51.495,1.21477,1.21496,1.50,2.08
2011.09.09 10:16:51.625,1.21472,1.21495,2.25,1.18
2011.09.09 10:16:51.870,1.21472,1.21494,1.50,1.18
2011.09.09 10:16:52.451,1.21472,1.21494,1.50,1.18
2011.09.09 10:16:53.159,1.21462,1.21489,1.50,2.25
2011.09.09 10:16:53.313,1.2146,1.21492,1.50,2.63
2011.09.09 10:16:53.440,1.2146,1.21492,1.50,1.13
2011.09.09 10:16:54.407,1.21462,1.21495,1.50,1.93
2011.09.09 10:16:54.775,1.21473,1.21496,1.50,1.33
2011.09.09 10:16:55.662,1.21478,1.21497,1.50,1.33
2011.09.09 10:16:56.150,1.2148,1.21496,1.50,1.33
2011.09.09 10:16:56.752,1.21482,1.21496,1.50,1.18
2011.09.09 10:16:56.992,1.21482,1.21504,1.50,1.69
2011.09.09 10:16:57.116,1.21481,1.21504,1.50,1.67
2011.09.09 10:16:57.365,1.21479,1.21503,1.50,1.61
2011.09.09 10:16:58.512,1.21478,1.21504,1.50,1.55
2011.09.09 10:16:58.630,1.21478,1.21504,1.50,1.18
2011.09.09 10:16:58.871,1.21478,1.21505,3.00,1.18
2011.09.09 10:16:59.448,1.2148,1.21505,1.50,1.18
2011.09.09 10:17:00.361,1.2148,1.21505,1.50,1.55
2011.09.09 10:17:00.602,1.2148,1.21503,1.50,1.18
2011.09.09 10:17:01.568,1.21481,1.21507,1.50,2.68
2011.09.09 10:17:02.371,1.21483,1.21507,1.50,1.30
2011.09.09 10:17:02.843,1.21483,1.21506,1.50,2.05
2011.09.09 10:17:03.084,1.21482,1.21506,1.50,1.13
2011.09.09 10:17:03.451,1.21484,1.21508,1.50,1.50
2011.09.09 10:17:03.680,1.21483,1.21509,1.50,1.50
2011.09.09 10:17:05.036,1.21481,1.21506,1.50,1.50
2011.09.09 10:17:05.522,1.21483,1.21509,2.25,1.50
2011.09.09 10:17:06.344,1.2148,1.21507,2.25,1.50
2011.09.09 10:17:06.932,1.21482,1.21508,1.50,1.50
2011.09.09 10:17:07.289,1.21487,1.21509,1.50,1.50
2011.09.09 10:17:07.409,1.21485,1.21509,1.50,1.50
2011.09.09 10:17:08.274,1.21482,1.21507,1.50,2.25
2011.09.09 10:17:08.523,1.21483,1.21508,1.50,1.50
2011.09.09 10:17:08.990,1.21481,1.21506,1.50,1.50
2011.09.09 10:17:09.921,1.21481,1.21507,2.25,1.50
2011.09.09 10:17:10.046,1.21484,1.21509,1.50,1.50
2011.09.09 10:17:10.403,1.21486,1.2151,1.50,1.50
2011.09.09 10:17:10.775,1.21484,1.21509,1.50,1.50
2011.09.09 10:17:11.395,1.21484,1.21509,1.50,3.00
2011.09.09 10:17:11.525,1.21486,1.21511,1.50,1.56
2011.09.09 10:17:12.137,1.21486,1.21511,1.50,1.56
2011.09.09 10:17:12.383,1.21487,1.21512,1.50,2.31
2011.09.09 10:17:12.631,1.21487,1.21511,1.50,1.56
2011.09.09 10:17:13.223,1.21488,1.21513,1.50,1.56
2011.09.09 10:17:14.218,1.21486,1.21512,1.50,2.31
2011.09.09 10:17:14.349,1.21488,1.21514,2.25,1.50
2011.09.09 10:17:14.922,1.21488,1.21512,1.50,1.50
2011.09.09 10:17:15.644,1.21489,1.21513,2.25,1.50
2011.09.09 10:17:16.251,1.21491,1.21513,1.50,1.50
2011.09.09 10:17:17.321,1.21482,1.21506,1.50,1.50
2011.09.09 10:17:17.924,1.21488,1.21512,1.50,1.50
2011.09.09 10:17:19.341,1.2149,1.21515,1.50,1.13
2011.09.09 10:17:20.226,1.21489,1.21513,1.50,1.50
2011.09.09 10:17:21.551,1.21494,1.21516,1.50,1.88
2011.09.09 10:17:21.682,1.21495,1.2152,1.50,1.56
2011.09.09 10:17:21.811,1.21498,1.21523,1.50,1.62
2011.09.09 10:17:22.839,1.215,1.21525,1.50,1.56
2011.09.09 10:17:23.205,1.21503,1.21529,1.50,1.62
2011.09.09 10:17:23.576,1.21506,1.21532,2.25,1.62
2011.09.09 10:17:23.946,1.21507,1.21534,2.25,1.62
2011.09.09 10:17:24.958,1.21509,1.21535,1.88,1.68
2011.09.09 10:17:25.212,1.21509,1.21533,2.25,1.62
2011.09.09 10:17:25.574,1.21509,1.21535,1.50,2.43
2011.09.09 10:17:25.942,1.21512,1.21534,1.50,1.01
2011.09.09 10:17:26.290,1.21512,1.21536,1.50,1.01
2011.09.09 10:17:26.409,1.21512,1.21537,1.50,1.50
2011.09.09 10:17:26.531,1.21513,1.21538,1.50,1.50
2011.09.09 10:17:28.251,1.21518,1.21538,1.50,1.13
2011.09.09 10:17:28.611,1.2151,1.21534,1.13,1.50
2011.09.09 10:17:28.728,1.21514,1.21538,1.50,1.50
2011.09.09 10:17:29.091,1.21514,1.21538,2.25,1.50
2011.09.09 10:17:29.212,1.21512,1.21538,1.50,1.50
2011.09.09 10:17:29.577,1.21516,1.21538,1.50,1.93
2011.09.09 10:17:29.944,1.21512,1.21537,1.81,2.25
2011.09.09 10:17:30.074,1.21511,1.21535,1.13,1.50
2011.09.09 10:17:30.445,1.21507,1.21532,1.50,1.50
2011.09.09 10:17:31.067,1.21507,1.21533,1.50,1.50
2011.09.09 10:17:31.198,1.21507,1.21532,1.50,1.50
2011.09.09 10:17:31.325,1.21506,1.21532,1.50,1.50
2011.09.09 10:17:32.259,1.21506,1.21532,1.50,2.25
2011.09.09 10:17:32.865,1.21504,1.21532,2.25,2.25
2011.09.09 10:17:33.221,1.21507,1.21531,1.50,1.50
2011.09.09 10:17:33.824,1.21509,1.21533,1.50,1.50
2011.09.09 10:17:34.950,1.21511,1.21536,1.50,1.56
2011.09.09 10:17:35.880,1.21509,1.21534,1.50,1.50
2011.09.09 10:17:36.002,1.21509,1.21533,1.50,1.50
2011.09.09 10:17:36.364,1.21512,1.21537,2.25,1.94
2011.09.09 10:17:36.971,1.21512,1.21538,2.25,3.00
2011.09.09 10:17:37.202,1.21512,1.21537,1.50,1.50
2011.09.09 10:17:37.562,1.21512,1.21535,1.50,4.50
2011.09.09 10:17:38.195,1.21513,1.21537,1.50,2.63
2011.09.09 10:17:38.326,1.21509,1.21534,1.50,1.50
2011.09.09 10:17:38.696,1.21512,1.21536,1.50,1.50
2011.09.09 10:17:38.949,1.21511,1.21537,2.25,2.25
2011.09.09 10:17:39.193,1.21512,1.21537,2.25,1.50
2011.09.09 10:17:39.552,1.21503,1.21525,1.43,1.50
2011.09.09 10:17:39.678,1.21498,1.21524,2.25,1.50
2011.09.09 10:17:39.809,1.21495,1.21522,1.50,2.25
2011.09.09 10:17:40.511,1.21491,1.21512,1.50,1.50
2011.09.09 10:17:40.639,1.21489,1.21516,1.50,1.50
2011.09.09 10:17:40.766,1.21487,1.21513,1.50,1.50
2011.09.09 10:17:41.016,1.21487,1.21516,1.50,1.50
2011.09.09 10:17:41.383,1.21488,1.21519,1.50,2.25
2011.09.09 10:17:42.469,1.21488,1.2152,1.50,1.50
2011.09.09 10:17:42.712,1.21482,1.21516,1.50,1.50
2011.09.09 10:17:42.834,1.21483,1.2152,1.50,2.25
2011.09.09 10:17:43.758,1.21481,1.21509,1.50,1.50
2011.09.09 10:17:44.350,1.21481,1.21511,1.50,1.50
2011.09.09 10:17:44.714,1.21479,1.21511,1.50,1.50
2011.09.09 10:17:45.322,1.21479,1.2151,1.50,1.50
2011.09.09 10:17:46.545,1.2148,1.21506,2.25,4.50
2011.09.09 10:17:46.683,1.21478,1.21506,1.50,1.50
2011.09.09 10:17:46.807,1.21479,1.21503,1.50,1.50
2011.09.09 10:17:46.941,1.21483,1.21507,1.88,1.50
2011.09.09 10:17:47.065,1.21485,1.21518,1.43,1.56
2011.09.09 10:17:47.195,1.21486,1.21523,1.43,1.62
2011.09.09 10:17:47.326,1.21488,1.21524,1.43,2.37
2011.09.09 10:17:47.455,1.21488,1.21527,1.43,2.37
2011.09.09 10:17:47.940,1.2149,1.21525,1.50,1.62
2011.09.09 10:17:48.290,1.21492,1.21527,1.50,2.57
2011.09.09 10:17:48.530,1.21492,1.21527,1.50,1.56
2011.09.09 10:17:48.651,1.21492,1.21527,1.50,1.50
2011.09.09 10:17:48.772,1.21494,1.21528,1.13,1.50
2011.09.09 10:17:49.352,1.21495,1.21527,1.50,1.50
2011.09.09 10:17:49.718,1.21491,1.21507,2.93,1.50
2011.09.09 10:17:49.850,1.21489,1.21502,1.06,1.50
2011.09.09 10:17:49.979,1.21483,1.21503,1.13,1.50
2011.09.09 10:17:50.101,1.2148,1.21503,4.50,1.50
2011.09.09 10:17:50.223,1.21481,1.21505,4.50,1.50
2011.09.09 10:17:50.344,1.21485,1.21505,4.88,1.50
2011.09.09 10:17:51.010,1.21491,1.2152,4.50,1.50
2011.09.09 10:17:51.134,1.21491,1.2152,4.50,1.50
2011.09.09 10:17:51.264,1.21501,1.21523,4.50,1.50
2011.09.09 10:17:51.973,1.21501,1.21523,4.50,1.50
2011.09.09 10:17:52.330,1.21501,1.21523,4.50,1.50
2011.09.09 10:17:52.570,1.21494,1.21523,2.25,1.50
2011.09.09 10:17:52.691,1.21492,1.21522,1.50,2.25
2011.09.09 10:17:53.290,1.21492,1.21521,4.50,1.50
2011.09.09 10:17:53.879,1.21492,1.21522,4.50,1.50
2011.09.09 10:17:54.469,1.21492,1.21522,4.50,1.50
2011.09.09 10:17:55.481,1.21492,1.21522,4.50,1.50
2011.09.09 10:17:56.449,1.21492,1.21522,4.50,1.50
2011.09.09 10:17:58.010,1.21491,1.21522,5.25,1.50
2011.09.09 10:17:58.591,1.2149,1.21522,4.50,1.50
2011.09.09 10:17:59.162,1.21493,1.21522,4.50,1.50
2011.09.09 10:18:00.204,1.21495,1.21527,1.50,1.50
2011.09.09 10:18:00.596,1.21495,1.21523,3.68,1.50
2011.09.09 10:18:01.200,1.21495,1.21524,2.18,1.50
2011.09.09 10:18:02.144,1.215,1.21523,1.50,1.50
2011.09.09 10:18:02.750,1.21496,1.21525,1.50,2.25
2011.09.09 10:18:03.320,1.21495,1.21525,1.43,1.50
2011.09.09 10:18:03.450,1.21495,1.21526,1.43,1.50
2011.09.09 10:18:06.071,1.21495,1.21525,1.43,1.50
2011.09.09 10:18:07.619,1.21495,1.21526,1.43,1.50
2011.09.09 10:18:10.516,1.21495,1.21524,1.43,1.50
2011.09.09 10:18:11.232,1.21495,1.21527,2.18,1.50
2011.09.09 10:18:14.523,1.21494,1.21525,2.18,1.50
2011.09.09 10:18:16.322,1.21493,1.21524,1.50,1.50
2011.09.09 10:18:16.685,1.21498,1.21522,4.50,1.50
2011.09.09 10:18:16.937,1.21499,1.21525,4.50,1.50
2011.09.09 10:18:18.764,1.215,1.21525,4.50,1.50
2011.09.09 10:18:19.576,1.215,1.21526,4.50,3.00
2011.09.09 10:18:20.590,1.21503,1.21528,1.50,1.50
2011.09.09 10:18:20.713,1.21504,1.21529,1.50,1.56
2011.09.09 10:18:21.316,1.21502,1.21527,1.50,1.50
2011.09.09 10:18:21.879,1.21502,1.21529,1.50,3.00
2011.09.09 10:18:22.010,1.21502,1.21529,2.25,1.56
2011.09.09 10:18:22.130,1.21499,1.21527,3.00,1.50
2011.09.09 10:18:22.615,1.215,1.21521,4.50,1.50
2011.09.09 10:18:22.860,1.215,1.21523,4.50,1.50
2011.09.09 10:18:23.090,1.21503,1.21528,1.50,1.50
2011.09.09 10:18:23.433,1.215,1.21523,5.25,1.50
2011.09.09 10:18:23.802,1.215,1.21521,4.50,1.50
2011.09.09 10:18:23.922,1.21501,1.21526,1.50,1.50
2011.09.09 10:18:24.042,1.21501,1.21528,1.50,1.50
2011.09.09 10:18:24.282,1.21504,1.21529,2.25,1.50
2011.09.09 10:18:24.511,1.21503,1.21529,1.50,1.50
2011.09.09 10:18:25.331,1.21503,1.21529,1.50,2.25
2011.09.09 10:18:25.932,1.21504,1.21528,1.50,2.25
2011.09.09 10:18:26.290,1.21504,1.21529,1.50,3.00
2011.09.09 10:18:26.533,1.21504,1.21527,1.50,1.50
2011.09.09 10:18:26.662,1.21507,1.21527,4.50,1.50
2011.09.09 10:18:26.904,1.21509,1.21531,1.50,2.31
2011.09.09 10:18:27.599,1.21507,1.21531,1.50,1.56
2011.09.09 10:18:27.719,1.21506,1.21531,1.50,2.31
2011.09.09 10:18:27.842,1.21502,1.21528,2.25,1.50
2011.09.09 10:18:29.067,1.21504,1.21529,1.50,2.25
2011.09.09 10:18:29.204,1.21502,1.21523,1.50,1.50
2011.09.09 10:18:29.684,1.21503,1.21528,1.50,1.50
2011.09.09 10:18:30.053,1.21502,1.21527,1.50,1.50
2011.09.09 10:18:30.291,1.21503,1.21529,1.50,2.25
2011.09.09 10:18:30.853,1.21503,1.21529,1.50,2.25
2011.09.09 10:18:31.464,1.21503,1.21527,1.50,1.50
2011.09.09 10:18:32.689,1.21505,1.21529,1.50,1.50
2011.09.09 10:18:32.814,1.215,1.21525,5.25,1.50
2011.09.09 10:18:33.279,1.21506,1.2153,1.50,1.56
2011.09.09 10:18:33.731,1.21501,1.21526,1.50,1.50
2011.09.09 10:18:35.121,1.21501,1.21525,1.50,1.50
2011.09.09 10:18:35.480,1.215,1.21521,4.50,1.50
2011.09.09 10:18:36.206,1.21501,1.21527,1.50,1.50
2011.09.09 10:18:36.334,1.21506,1.21531,1.50,1.56
2011.09.09 10:18:36.693,1.21503,1.21528,1.50,2.25
2011.09.09 10:18:37.980,1.2151,1.21528,4.50,1.50
2011.09.09 10:18:38.100,1.2151,1.21531,4.50,1.50
2011.09.09 10:18:38.219,1.2151,1.21532,4.50,1.50
2011.09.09 10:18:38.344,1.21512,1.21531,4.50,1.50
2011.09.09 10:18:38.590,1.21512,1.21532,4.50,1.50
2011.09.09 10:18:38.713,1.21512,1.21532,4.50,2.25
2011.09.09 10:18:38.951,1.21507,1.21531,1.50,1.50
2011.09.09 10:18:39.192,1.21503,1.21528,1.50,1.50
2011.09.09 10:18:39.779,1.21502,1.21527,1.50,1.50
2011.09.09 10:18:40.435,1.21502,1.21528,1.50,1.50
2011.09.09 10:18:40.801,1.21502,1.2153,1.50,2.25
2011.09.09 10:18:41.281,1.21502,1.21527,1.50,1.50
2011.09.09 10:18:41.630,1.21501,1.21527,1.50,1.50
2011.09.09 10:18:42.235,1.21498,1.21526,1.50,1.50
2011.09.09 10:18:42.363,1.21501,1.21526,4.50,1.50
2011.09.09 10:18:42.830,1.21496,1.21525,2.18,1.50
2011.09.09 10:18:42.951,1.21496,1.21522,1.43,1.50
2011.09.09 10:18:43.192,1.21498,1.21525,1.50,1.50
2011.09.09 10:18:43.843,1.215,1.21525,4.50,1.50
2011.09.09 10:18:44.792,1.21499,1.21524,5.25,2.25
2011.09.09 10:18:45.275,1.215,1.21517,4.50,1.50
2011.09.09 10:18:45.403,1.215,1.21525,5.25,1.50
2011.09.09 10:18:45.520,1.21503,1.21529,1.50,1.50
2011.09.09 10:18:47.282,1.21501,1.21527,1.50,1.50
2011.09.09 10:18:48.892,1.21501,1.21527,1.50,1.50
2011.09.09 10:18:49.263,1.21505,1.21527,4.50,1.50
2011.09.09 10:18:49.390,1.21506,1.2153,1.50,2.25
2011.09.09 10:18:49.510,1.21507,1.2153,1.50,1.50
2011.09.09 10:18:49.634,1.21507,1.2153,1.50,1.50
2011.09.09 10:18:49.991,1.21505,1.21528,1.50,1.50
2011.09.09 10:18:50.713,1.21505,1.21529,2.25,2.25
2011.09.09 10:18:50.831,1.21511,1.21529,4.50,1.50
2011.09.09 10:18:51.312,1.21512,1.21534,1.50,1.56
2011.09.09 10:18:51.938,1.21525,1.21535,4.50,1.56
2011.09.09 10:18:52.073,1.21531,1.21547,4.50,1.18
2011.09.09 10:18:52.194,1.21528,1.21547,1.43,1.18
2011.09.09 10:18:52.324,1.21526,1.21547,2.25,1.55
2011.09.09 10:18:52.575,1.21523,1.21546,1.50,1.55
2011.09.09 10:18:52.705,1.21524,1.21547,1.50,1.55
2011.09.09 10:18:52.835,1.21522,1.21546,1.50,1.18
2011.09.09 10:18:52.965,1.21517,1.21545,1.50,1.88
2011.09.09 10:18:53.451,1.21515,1.21545,1.43,1.50
2011.09.09 10:18:53.575,1.21513,1.21542,2.18,1.50
2011.09.09 10:18:53.699,1.21515,1.21546,1.43,1.88
2011.09.09 10:18:54.552,1.21513,1.21545,2.18,1.13
2011.09.09 10:18:54.678,1.21512,1.21545,1.43,1.88
2011.09.09 10:18:54.926,1.21511,1.21544,1.43,1.50
2011.09.09 10:18:55.531,1.21512,1.21544,1.43,1.50
2011.09.09 10:18:55.893,1.2152,1.21543,4.50,1.50
2011.09.09 10:18:56.142,1.2152,1.21543,4.50,1.50
2011.09.09 10:18:56.383,1.2152,1.21546,4.50,2.25
2011.09.09 10:18:57.870,1.2152,1.21547,6.68,1.55
2011.09.09 10:18:58.619,1.2152,1.21546,6.68,1.55
2011.09.09 10:18:59.338,1.21519,1.21545,4.50,1.13
2011.09.09 10:18:59.466,1.21518,1.21545,2.93,1.13
2011.09.09 10:19:00.671,1.21519,1.21547,1.50,2.30
2011.09.09 10:19:01.269,1.21518,1.21546,1.43,1.13
2011.09.09 10:19:01.631,1.21518,1.21547,2.93,2.30
2011.09.09 10:19:02.329,1.21519,1.21547,1.50,2.30
2011.09.09 10:19:03.436,1.21516,1.21543,1.43,1.50
2011.09.09 10:19:03.795,1.2153,1.21547,4.50,1.18
2011.09.09 10:19:04.400,1.2153,1.21547,1.50,1.18
2011.09.09 10:19:04.762,1.21529,1.21547,4.50,1.55
2011.09.09 10:19:05.330,1.2153,1.21546,1.50,1.50
2011.09.09 10:19:06.356,1.21529,1.21547,4.50,1.18
2011.09.09 10:19:06.964,1.21531,1.21547,1.50,1.18
2011.09.09 10:19:07.575,1.21532,1.21547,1.50,1.18
2011.09.09 10:19:08.161,1.2153,1.21547,4.50,1.18
2011.09.09 10:19:08.403,1.21529,1.21546,1.50,1.18
2011.09.09 10:19:09.098,1.21526,1.21546,1.50,1.13
2011.09.09 10:19:09.223,1.21524,1.21545,1.43,1.13
2011.09.09 10:19:09.344,1.21515,1.21544,1.50,3.00
2011.09.09 10:19:09.475,1.21514,1.21542,1.50,1.50
2011.09.09 10:19:10.060,1.21512,1.21544,1.50,1.50
2011.09.09 10:19:11.114,1.21512,1.21544,1.43,2.25
2011.09.09 10:19:11.247,1.21512,1.21545,1.50,1.50
2011.09.09 10:19:11.375,1.21518,1.21546,1.50,2.25
2011.09.09 10:19:12.175,1.21519,1.21546,2.25,1.55
2011.09.09 10:19:13.253,1.21519,1.21547,1.50,1.55
2011.09.09 10:19:13.374,1.21519,1.21547,1.50,2.30
2011.09.09 10:19:14.300,1.21519,1.21547,2.25,1.55
2011.09.09 10:19:14.643,1.21527,1.21547,4.50,1.55
2011.09.09 10:19:15.471,1.21522,1.21546,1.43,2.25
2011.09.09 10:19:15.603,1.21512,1.21544,1.43,1.50
2011.09.09 10:19:15.852,1.21513,1.21542,1.43,1.50
2011.09.09 10:19:16.454,1.2151,1.21539,1.43,1.50
2011.09.09 10:19:16.944,1.21511,1.21541,1.43,1.50
2011.09.09 10:19:18.748,1.21511,1.2153,1.43,2.25
2011.09.09 10:19:19.007,1.21509,1.21536,5.18,1.50
2011.09.09 10:19:19.133,1.21509,1.21541,1.43,3.00
2011.09.09 10:19:19.253,1.2151,1.21541,2.18,1.50
2011.09.09 10:19:19.372,1.2151,1.21544,2.18,1.50
2011.09.09 10:19:19.855,1.21513,1.21545,1.43,1.88
2011.09.09 10:19:20.331,1.21513,1.21545,1.43,1.50
2011.09.09 10:19:20.452,1.21513,1.21546,1.43,2.63
2011.09.09 10:19:20.574,1.21515,1.21546,1.50,3.00
2011.09.09 10:19:21.183,1.21514,1.21545,1.43,1.13
2011.09.09 10:19:21.928,1.21509,1.21544,1.43,2.25
2011.09.09 10:19:22.169,1.2151,1.21544,1.43,2.25
2011.09.09 10:19:22.774,1.2151,1.21545,2.18,2.25
2011.09.09 10:19:23.129,1.21513,1.21545,1.50,2.63
2011.09.09 10:19:23.498,1.21515,1.21545,1.50,1.50
2011.09.09 10:19:23.864,1.21514,1.21543,1.50,1.50
2011.09.09 10:19:24.462,1.21517,1.21545,1.50,1.13
2011.09.09 10:19:24.582,1.21514,1.21547,2.25,2.68
2011.09.09 10:19:25.389,1.21514,1.21546,2.25,1.50
2011.09.09 10:19:25.749,1.21514,1.21546,1.50,1.13
2011.09.09 10:19:26.350,1.21514,1.21545,1.50,1.13
2011.09.09 10:19:26.715,1.21523,1.21545,4.50,1.13
2011.09.09 10:19:27.080,1.21528,1.21547,4.50,1.93
2011.09.09 10:19:27.930,1.21527,1.21546,4.50,1.18
2011.09.09 10:19:28.742,1.21527,1.21547,4.50,1.93
2011.09.09 10:19:29.334,1.21527,1.21546,4.50,1.55
2011.09.09 10:19:30.500,1.21526,1.21546,4.50,1.55
2011.09.09 10:19:31.093,1.21524,1.21546,1.50,1.88
2011.09.09 10:19:31.211,1.21524,1.21546,1.50,1.88
2011.09.09 10:19:31.752,1.21522,1.21546,4.50,2.63
2011.09.09 10:19:32.232,1.21525,1.21545,4.50,1.88
2011.09.09 10:19:32.590,1.21525,1.21546,4.50,2.25
2011.09.09 10:19:33.170,1.21525,1.21546,4.50,3.00
2011.09.09 10:19:33.849,1.21525,1.21546,4.50,2.25
2011.09.09 10:19:35.995,1.21523,1.21545,5.93,1.50
2011.09.09 10:19:36.122,1.21523,1.21545,5.18,1.50
2011.09.09 10:19:37.213,1.21523,1.21545,1.43,1.13
2011.09.09 10:19:43.478,1.21525,1.21546,1.50,1.13
2011.09.09 10:19:43.721,1.21527,1.21547,1.50,1.55
2011.09.09 10:19:44.780,1.21526,1.21546,1.50,1.50
2011.09.09 10:19:45.023,1.21524,1.21546,1.43,3.75
2011.09.09 10:19:45.397,1.21521,1.21544,4.50,1.50
2011.09.09 10:19:45.769,1.21514,1.21538,2.93,1.50
2011.09.09 10:19:46.491,1.21518,1.21542,1.50,2.25
2011.09.09 10:19:46.996,1.21518,1.21544,2.18,1.50
2011.09.09 10:19:47.368,1.21518,1.21544,4.50,1.50
2011.09.09 10:19:47.736,1.21518,1.2154,4.50,1.50
2011.09.09 10:19:47.862,1.21513,1.2154,1.50,1.50
2011.09.09 10:19:48.618,1.21514,1.21543,1.50,1.50
2011.09.09 10:19:48.756,1.21516,1.21539,4.50,1.50
2011.09.09 10:19:49.000,1.21516,1.21539,4.50,1.50
2011.09.09 10:19:49.242,1.21512,1.2154,1.50,1.50
2011.09.09 10:19:50.199,1.21512,1.21539,4.50,1.50
2011.09.09 10:19:50.447,1.21511,1.21539,4.50,1.50
2011.09.09 10:19:51.159,1.2151,1.2154,4.50,2.05
2011.09.09 10:19:51.296,1.21509,1.21536,5.25,3.43
2011.09.09 10:19:51.900,1.21508,1.21536,4.50,2.68
2011.09.09 10:19:52.385,1.21522,1.21536,4.50,2.68
2011.09.09 10:19:52.517,1.21518,1.21537,1.50,1.93
2011.09.09 10:19:52.648,1.21514,1.21536,1.50,1.93
2011.09.09 10:19:52.777,1.2151,1.21538,1.50,1.93
2011.09.09 10:19:52.905,1.21506,1.21536,1.43,1.50
2011.09.09 10:19:53.034,1.21505,1.21532,6.38,1.50
2011.09.09 10:19:53.772,1.21502,1.21531,2.25,2.25
2011.09.09 10:19:54.730,1.21503,1.21531,2.25,1.50
2011.09.09 10:19:55.312,1.21503,1.21532,2.25,2.68
2011.09.09 10:19:55.431,1.21504,1.21531,1.50,2.25
2011.09.09 10:19:56.312,1.21502,1.21529,1.50,1.18
2011.09.09 10:19:56.448,1.21505,1.21531,2.63,1.50
2011.09.09 10:19:56.810,1.21505,1.21535,1.88,1.93
2011.09.09 10:19:57.534,1.21505,1.21534,4.50,1.50
2011.09.09 10:19:57.782,1.21504,1.21534,1.88,1.50
2011.09.09 10:19:57.900,1.21505,1.21534,4.50,1.50
2011.09.09 10:19:58.142,1.21505,1.21536,4.50,1.93
2011.09.09 10:19:58.490,1.21505,1.21536,1.50,2.68
2011.09.09 10:19:58.612,1.21505,1.21535,5.25,1.18
2011.09.09 10:19:59.725,1.21504,1.21537,2.63,1.18
2011.09.09 10:19:59.855,1.21504,1.21537,6.38,1.18
2011.09.09 10:20:00.588,1.21507,1.21539,1.88,1.55
2011.09.09 10:20:00.950,1.21512,1.21535,1.50,1.18
2011.09.09 10:20:01.073,1.2151,1.21536,1.50,1.93
2011.09.09 10:20:01.845,1.21504,1.21535,1.50,1.18
2011.09.09 10:20:02.710,1.21512,1.21541,1.13,2.68
2011.09.09 10:20:03.314,1.21512,1.21535,1.13,1.50
2011.09.09 10:20:03.563,1.21516,1.21545,1.50,1.67
2011.09.09 10:20:03.801,1.21512,1.2154,1.13,1.18
2011.09.09 10:20:04.374,1.21512,1.2154,1.13,1.18
2011.09.09 10:20:04.750,1.21519,1.21544,1.50,1.18
2011.09.09 10:20:04.874,1.21517,1.21544,1.50,1.18
2011.09.09 10:20:05.008,1.21513,1.21543,1.50,1.93
2011.09.09 10:20:05.131,1.21511,1.21542,1.50,1.50
2011.09.09 10:20:05.618,1.21513,1.21543,2.25,1.93
2011.09.09 10:20:06.454,1.21508,1.2154,1.50,2.25
2011.09.09 10:20:06.590,1.21505,1.21537,1.13,1.50
2011.09.09 10:20:06.713,1.21505,1.21535,1.13,1.50
2011.09.09 10:20:06.952,1.21505,1.21538,1.88,1.50
2011.09.09 10:20:07.435,1.21505,1.21537,1.13,1.50
2011.09.09 10:20:07.565,1.21505,1.21537,1.13,1.50
2011.09.09 10:20:07.817,1.21507,1.21539,1.13,1.50
2011.09.09 10:20:08.844,1.21503,1.2154,2.93,1.93
2011.09.09 10:20:09.090,1.21505,1.21541,1.50,2.68
2011.09.09 10:20:10.159,1.21505,1.2154,1.50,1.50
2011.09.09 10:20:10.520,1.2151,1.21545,1.50,1.93
2011.09.09 10:20:10.882,1.21513,1.21544,1.50,1.18
2011.09.09 10:20:11.737,1.21505,1.21538,2.25,1.50
2011.09.09 10:20:13.653,1.21506,1.21539,1.50,1.50
2011.09.09 10:20:13.893,1.21509,1.21539,1.50,1.18
2011.09.09 10:20:14.253,1.21512,1.21528,4.50,1.50
2011.09.09 10:20:14.875,1.21518,1.2153,1.50,1.50
2011.09.09 10:20:15.017,1.21519,1.21546,1.50,3.80
2011.09.09 10:20:15.145,1.21516,1.21545,1.50,1.93
2011.09.09 10:20:15.277,1.21514,1.21544,2.25,1.50
2011.09.09 10:20:15.631,1.21514,1.21542,1.50,1.50
2011.09.09 10:20:15.993,1.21519,1.21545,1.50,1.50
2011.09.09 10:20:16.361,1.21521,1.21545,1.50,1.18
2011.09.09 10:20:16.836,1.2152,1.21546,1.50,3.05
2011.09.09 10:20:17.460,1.21517,1.21543,3.00,1.50
2011.09.09 10:20:17.604,1.21509,1.2154,1.50,1.50
2011.09.09 10:20:17.975,1.21514,1.21542,1.50,1.50
2011.09.09 10:20:18.222,1.21523,1.21546,1.50,1.88
2011.09.09 10:20:18.462,1.21518,1.21546,1.50,1.88
2011.09.09 10:20:18.825,1.21516,1.21543,1.50,1.50
2011.09.09 10:20:20.641,1.21515,1.21534,4.50,2.25
2011.09.09 10:20:20.882,1.21506,1.21531,3.68,1.50
2011.09.09 10:20:21.119,1.21508,1.21531,1.43,1.50
2011.09.09 10:20:21.240,1.21512,1.21541,1.50,1.50
2011.09.09 10:20:21.361,1.21514,1.21543,1.50,2.25
2011.09.09 10:20:21.709,1.21519,1.21546,1.50,2.25
2011.09.09 10:20:21.951,1.21514,1.21543,1.50,1.50
2011.09.09 10:20:22.180,1.21512,1.21542,1.50,1.50
2011.09.09 10:20:23.583,1.21512,1.21531,1.50,1.35
2011.09.09 10:20:23.716,1.21506,1.21531,1.50,1.35
2011.09.09 10:20:24.207,1.21501,1.21524,1.43,1.48
2011.09.09 10:20:24.574,1.215,1.21525,2.25,2.83
2011.09.09 10:20:25.181,1.21503,1.21524,1.50,1.95
2011.09.09 10:20:26.574,1.21503,1.21523,1.50,1.35
2011.09.09 10:20:26.828,1.21501,1.21523,1.50,1.35
2011.09.09 10:20:27.433,1.215,1.21523,1.50,2.10
2011.09.09 10:20:27.912,1.21497,1.21521,2.25,1.35
2011.09.09 10:20:30.568,1.21496,1.2152,3.00,1.50
2011.09.09 10:20:31.174,1.21496,1.2152,1.50,1.50
2011.09.09 10:20:31.772,1.21497,1.21519,1.50,1.50
2011.09.09 10:20:33.443,1.21496,1.21522,1.50,2.85
2011.09.09 10:20:34.047,1.21498,1.21523,1.50,1.50
2011.09.09 10:20:35.799,1.21497,1.21523,2.25,1.50
2011.09.09 10:20:36.749,1.21497,1.21521,2.25,1.50
2011.09.09 10:20:37.725,1.21497,1.21523,1.50,1.50
2011.09.09 10:20:37.854,1.21496,1.21522,2.25,1.50
2011.09.09 10:20:37.983,1.21496,1.21523,3.75,1.50
2011.09.09 10:20:38.341,1.21496,1.21521,1.50,1.50
2011.09.09 10:20:38.921,1.21496,1.21523,2.25,1.50
2011.09.09 10:20:39.258,1.21496,1.21521,1.50,1.50
2011.09.09 10:20:39.843,1.21496,1.21523,2.25,1.50
2011.09.09 10:20:40.213,1.21497,1.21521,1.50,1.50
2011.09.09 10:20:40.333,1.21497,1.21523,1.50,1.50
2011.09.09 10:20:41.014,1.21498,1.21523,1.50,1.50
2011.09.09 10:20:42.028,1.21499,1.21524,2.25,1.50
2011.09.09 10:20:42.148,1.21499,1.21523,1.50,1.50
2011.09.09 10:20:42.722,1.21498,1.21522,1.50,1.50
2011.09.09 10:20:42.843,1.21498,1.21519,1.50,1.50
2011.09.09 10:20:43.300,1.21498,1.21522,2.25,1.50
2011.09.09 10:20:45.238,1.21498,1.21523,2.25,2.25
2011.09.09 10:20:45.721,1.21498,1.21522,1.50,2.25
2011.09.09 10:20:46.070,1.21498,1.21522,3.00,1.50
2011.09.09 10:20:46.424,1.215,1.21526,1.50,1.50
2011.09.09 10:20:46.556,1.21493,1.21517,2.25,1.50
2011.09.09 10:20:46.804,1.21487,1.21512,1.50,1.50
2011.09.09 10:20:47.170,1.21483,1.21507,1.50,1.50
2011.09.09 10:20:47.293,1.21483,1.21509,3.00,1.50
2011.09.09 10:20:47.771,1.21483,1.21509,1.50,1.50
2011.09.09 10:20:48.442,1.21483,1.21513,1.50,3.75
2011.09.09 10:20:48.571,1.21482,1.21511,2.25,1.50
2011.09.09 10:20:49.499,1.21482,1.21509,1.50,1.50
2011.09.09 10:20:49.841,1.21481,1.21507,2.25,1.50
2011.09.09 10:20:50.290,1.21481,1.2151,3.00,1.50
2011.09.09 10:20:51.219,1.21482,1.21507,1.50,1.50
2011.09.09 10:20:51.812,1.21482,1.21509,1.50,1.50
2011.09.09 10:20:53.100,1.21479,1.21509,2.25,1.50
2011.09.09 10:20:53.732,1.21479,1.21509,1.50,1.50
2011.09.09 10:20:54.300,1.21478,1.2151,1.50,2.25
2011.09.09 10:20:56.496,1.21481,1.21511,3.00,2.25
2011.09.09 10:20:56.949,1.21481,1.2151,2.25,1.50
2011.09.09 10:20:57.672,1.21473,1.21491,1.50,1.50
2011.09.09 10:20:57.796,1.21469,1.2149,1.50,1.50
2011.09.09 10:20:58.282,1.21458,1.21483,2.25,1.50
2011.09.09 10:20:58.641,1.21454,1.21481,2.25,1.50
2011.09.09 10:20:58.762,1.21455,1.21483,1.50,1.50
2011.09.09 10:20:58.886,1.21453,1.21484,1.50,2.25
2011.09.09 10:20:59.256,1.21453,1.21484,2.25,1.50
2011.09.09 10:20:59.380,1.21454,1.21487,1.50,1.50
2011.09.09 10:20:59.622,1.21455,1.21487,1.50,2.25
2011.09.09 10:20:59.860,1.21454,1.21486,2.25,1.50
2011.09.09 10:21:01.170,1.21454,1.21486,2.25,1.50
2011.09.09 10:21:01.529,1.21459,1.21489,1.50,2.25
2011.09.09 10:21:01.771,1.21454,1.21488,3.00,2.25
2011.09.09 10:21:03.418,1.21454,1.21486,3.00,1.50
2011.09.09 10:21:03.880,1.21454,1.21483,1.50,1.50
2011.09.09 10:21:04.359,1.21455,1.21483,1.50,1.50
2011.09.09 10:21:04.480,1.21454,1.21483,3.00,1.50
2011.09.09 10:21:04.725,1.21458,1.21483,1.50,1.50
2011.09.09 10:21:05.311,1.21458,1.21486,1.50,1.50
2011.09.09 10:21:05.456,1.21462,1.21487,1.50,1.35
2011.09.09 10:21:06.294,1.21462,1.21487,1.50,1.35
2011.09.09 10:21:06.423,1.21465,1.21487,1.50,1.35
2011.09.09 10:21:07.022,1.21466,1.21487,1.50,1.35
2011.09.09 10:21:07.620,1.21467,1.21487,1.50,1.35
2011.09.09 10:21:08.384,1.21467,1.21492,1.50,1.50
2011.09.09 10:21:08.517,1.21464,1.21492,1.50,1.50
2011.09.09 10:21:09.104,1.21466,1.21493,1.50,1.50
2011.09.09 10:21:09.692,1.21463,1.21493,1.50,1.50
2011.09.09 10:21:10.884,1.2147,1.21493,1.50,1.50
2011.09.09 10:21:11.253,1.21478,1.21502,3.00,1.35
2011.09.09 10:21:11.378,1.21479,1.21505,1.50,2.10
2011.09.09 10:21:12.231,1.21476,1.21505,2.25,2.25
2011.09.09 10:21:12.353,1.2148,1.21505,4.50,2.25
2011.09.09 10:21:12.710,1.21487,1.21505,1.50,1.50
2011.09.09 10:21:13.294,1.21481,1.21503,1.50,1.50
2011.09.09 10:21:13.421,1.21476,1.21502,1.50,2.25
2011.09.09 10:21:13.546,1.21471,1.21495,1.50,1.50
2011.09.09 10:21:13.902,1.21471,1.21497,1.50,1.50
2011.09.09 10:21:14.021,1.21477,1.21499,1.50,1.50
2011.09.09 10:21:14.384,1.21478,1.21494,1.50,1.50
2011.09.09 10:21:14.754,1.21483,1.21495,1.50,1.50
2011.09.09 10:21:14.884,1.21482,1.21504,1.50,2.25
2011.09.09 10:21:15.631,1.2148,1.21504,1.50,1.50
2011.09.09 10:21:15.763,1.2148,1.21504,2.25,1.50
2011.09.09 10:21:16.121,1.21466,1.21491,1.50,1.50
2011.09.09 10:21:16.247,1.21463,1.21486,1.50,1.50
2011.09.09 10:21:16.381,1.21456,1.21487,1.50,1.50
2011.09.09 10:21:16.508,1.21457,1.21483,2.25,1.50
2011.09.09 10:21:17.113,1.21453,1.2148,1.50,1.50
2011.09.09 10:21:17.710,1.21453,1.2148,1.50,1.50
2011.09.09 10:21:17.949,1.21453,1.21483,2.25,2.25
2011.09.09 10:21:18.865,1.21453,1.21483,2.25,1.50
2011.09.09 10:21:19.238,1.21457,1.21483,1.50,1.50
2011.09.09 10:21:19.725,1.21457,1.21488,1.50,1.50
2011.09.09 10:21:19.857,1.21459,1.21489,1.50,1.50
2011.09.09 10:21:20.109,1.21457,1.21488,2.25,1.50
2011.09.09 10:21:20.351,1.21458,1.21489,1.50,2.25
2011.09.09 10:21:20.940,1.21461,1.21489,1.50,2.25
2011.09.09 10:21:21.617,1.21457,1.21488,1.50,1.50
2011.09.09 10:21:21.745,1.21457,1.21484,1.50,1.50
2011.09.09 10:21:22.355,1.21457,1.21483,2.25,1.50
2011.09.09 10:21:22.721,1.21462,1.21487,1.50,1.35
2011.09.09 10:21:23.085,1.2146,1.21484,1.50,1.50
2011.09.09 10:21:23.216,1.21463,1.21484,1.50,1.50
2011.09.09 10:21:23.862,1.21464,1.21489,2.25,1.35
2011.09.09 10:21:23.987,1.21468,1.21489,1.50,2.10
2011.09.09 10:21:24.354,1.2147,1.21489,1.50,1.35
2011.09.09 10:21:25.545,1.21473,1.21489,1.50,2.10
2011.09.09 10:21:25.798,1.21469,1.21491,1.50,2.10
2011.09.09 10:21:25.928,1.21474,1.21499,1.50,1.50
2011.09.09 10:21:26.057,1.21476,1.21502,1.50,1.35
2011.09.09 10:21:26.646,1.21472,1.21501,1.50,1.35
2011.09.09 10:21:26.776,1.21472,1.215,1.50,1.50
2011.09.09 10:21:27.380,1.21472,1.215,1.50,1.50
2011.09.09 10:21:27.750,1.21464,1.21483,1.50,1.50
2011.09.09 10:21:27.879,1.21456,1.21479,2.88,1.50
2011.09.09 10:21:28.008,1.21455,1.21478,1.50,1.50
2011.09.09 10:21:28.132,1.21448,1.21472,1.50,1.50
2011.09.09 10:21:28.255,1.21447,1.21471,1.50,1.50
2011.09.09 10:21:28.621,1.21445,1.21469,1.50,1.50
2011.09.09 10:21:29.483,1.21445,1.21469,1.50,1.50
2011.09.09 10:21:30.085,1.21444,1.21469,1.50,1.50
2011.09.09 10:21:31.022,1.21444,1.2147,2.25,1.50
2011.09.09 10:21:31.480,1.21452,1.2147,4.50,1.50
2011.09.09 10:21:31.603,1.21448,1.21474,1.50,1.50
2011.09.09 10:21:31.726,1.21456,1.21474,1.50,1.50
2011.09.09 10:21:32.294,1.21461,1.21483,2.93,1.35
2011.09.09 10:21:32.430,1.21474,1.215,1.50,2.23
2011.09.09 10:21:32.912,1.21474,1.215,1.50,2.10
2011.09.09 10:21:33.033,1.21474,1.215,1.50,2.10
2011.09.09 10:21:33.394,1.21476,1.215,2.25,2.10
2011.09.09 10:21:33.765,1.21482,1.215,1.50,2.10
2011.09.09 10:21:34.134,1.21481,1.21493,1.50,1.03
2011.09.09 10:21:34.262,1.21479,1.21487,1.50,1.18
2011.09.09 10:21:34.382,1.21477,1.21486,1.50,1.18
2011.09.09 10:21:34.502,1.21474,1.21487,1.50,1.18
2011.09.09 10:21:35.096,1.21468,1.21486,3.00,1.13
2011.09.09 10:21:35.226,1.21464,1.21487,2.25,1.18
2011.09.09 10:21:35.932,1.21465,1.21487,1.50,1.18
2011.09.09 10:21:36.052,1.21467,1.21487,2.25,1.18
2011.09.09 10:21:36.413,1.21472,1.21486,1.50,1.18
2011.09.09 10:21:37.013,1.21472,1.21487,1.50,1.18
2011.09.09 10:21:37.717,1.21478,1.215,1.50,2.85
2011.09.09 10:21:37.846,1.21467,1.21496,1.50,1.35
2011.09.09 10:21:37.976,1.21457,1.21495,1.50,1.35
2011.09.09 10:21:38.594,1.21456,1.21495,2.18,1.35
2011.09.09 10:21:38.724,1.2146,1.21495,1.43,1.35
2011.09.09 10:21:39.333,1.21458,1.21496,1.50,1.35
2011.09.09 10:21:39.934,1.21457,1.21494,1.50,1.35
2011.09.09 10:21:40.861,1.21457,1.21494,1.50,2.10
2011.09.09 10:21:42.933,1.2146,1.21494,1.50,2.10
2011.09.09 10:21:43.053,1.21459,1.21494,1.50,3.60
2011.09.09 10:21:43.294,1.2146,1.21494,1.50,2.10
2011.09.09 10:21:43.652,1.21457,1.21493,1.50,1.50
2011.09.09 10:21:44.740,1.21459,1.21495,1.50,2.10
2011.09.09 10:21:47.542,1.21461,1.21494,1.50,1.35
2011.09.09 10:21:48.289,1.21463,1.21497,1.50,2.10
2011.09.09 10:21:48.880,1.21464,1.21497,2.18,1.35
2011.09.09 10:21:49.242,1.21463,1.21497,1.43,2.10
2011.09.09 10:21:49.604,1.21462,1.21494,1.50,1.35
2011.09.09 10:21:49.961,1.21464,1.21495,1.50,1.35
2011.09.09 10:21:50.566,1.2146,1.21495,1.50,1.35
2011.09.09 10:21:50.807,1.2147,1.21495,1.50,1.35
2011.09.09 10:21:51.561,1.21479,1.21503,1.50,1.13
2011.09.09 10:21:51.685,1.21483,1.21505,1.50,1.13
2011.09.09 10:21:52.049,1.2148,1.21504,1.50,1.13
2011.09.09 10:21:52.410,1.21474,1.215,1.50,1.50
2011.09.09 10:21:52.759,1.21481,1.21505,1.50,2.48
2011.09.09 10:21:53.355,1.21481,1.21505,1.50,2.10
2011.09.09 10:21:53.485,1.2148,1.21505,2.25,1.35
2011.09.09 10:21:53.613,1.2148,1.21505,2.25,2.10
2011.09.09 10:21:54.608,1.21479,1.21502,2.25,1.50
2011.09.09 10:21:54.757,1.21484,1.2151,2.25,2.10
2011.09.09 10:21:54.882,1.21488,1.21513,1.50,2.83
2011.09.09 10:21:55.242,1.21492,1.21513,1.50,1.48
2011.09.09 10:21:55.364,1.21491,1.21515,1.43,2.23
2011.09.09 10:21:55.491,1.21493,1.21515,1.50,1.48
2011.09.09 10:21:55.971,1.21491,1.21515,2.18,1.48
2011.09.09 10:21:56.216,1.21487,1.21511,1.50,1.50
2011.09.09 10:21:56.346,1.21482,1.21507,1.50,1.50
2011.09.09 10:21:56.473,1.21482,1.21507,1.50,2.25
2011.09.09 10:21:56.594,1.21479,1.21503,2.13,1.50
2011.09.09 10:21:57.156,1.21485,1.21503,1.50,1.50
2011.09.09 10:21:57.294,1.21487,1.21511,2.25,1.50
2011.09.09 10:21:57.424,1.2149,1.21514,1.50,1.48
2011.09.09 10:21:57.550,1.21492,1.21514,1.43,1.48
2011.09.09 10:21:57.783,1.21493,1.21517,1.50,1.50
2011.09.09 10:21:57.905,1.21498,1.21522,1.50,2.10
2011.09.09 10:21:58.271,1.21497,1.2152,1.50,1.35
2011.09.09 10:21:58.839,1.21496,1.21518,1.50,1.35
2011.09.09 10:21:59.412,1.21496,1.21518,1.50,1.35
2011.09.09 10:22:00.098,1.21497,1.21518,1.43,1.35
2011.09.09 10:22:01.064,1.21495,1.21518,1.50,2.10
2011.09.09 10:22:01.194,1.21494,1.21518,1.50,2.10
2011.09.09 10:22:01.561,1.21489,1.21512,1.50,1.50
2011.09.09 10:22:01.925,1.21487,1.21511,1.50,1.50
2011.09.09 10:22:02.172,1.21489,1.21513,1.50,1.50
2011.09.09 10:22:02.844,1.21489,1.21513,1.50,1.50
2011.09.09 10:22:03.222,1.21486,1.21508,1.43,1.50
2011.09.09 10:22:03.584,1.21499,1.2152,1.50,1.75
2011.09.09 10:22:03.955,1.21515,1.21528,4.50,3.00
2011.09.09 10:22:04.082,1.21507,1.2152,1.50,1.20
2011.09.09 10:22:04.204,1.21514,1.21528,5.25,1.50
2011.09.09 10:22:04.332,1.21514,1.21532,5.25,1.03
2011.09.09 10:22:05.288,1.21511,1.21532,2.18,2.50
2011.09.09 10:22:05.958,1.2151,1.2153,1.43,1.63
2011.09.09 10:22:06.087,1.21502,1.21528,2.93,1.50
2011.09.09 10:22:06.333,1.21502,1.21528,2.25,1.50
2011.09.09 10:22:06.697,1.215,1.21521,1.43,1.48
2011.09.09 10:22:07.053,1.21502,1.21524,1.50,3.58
2011.09.09 10:22:07.642,1.21503,1.21523,1.50,1.20
2011.09.09 10:22:08.231,1.21499,1.21524,1.50,4.20
2011.09.09 10:22:08.845,1.21503,1.21524,1.50,1.48
2011.09.09 10:22:08.969,1.21504,1.21524,1.50,1.48
2011.09.09 10:22:09.451,1.21505,1.21526,1.50,1.33
2011.09.09 10:22:10.099,1.21505,1.21526,1.50,1.33
2011.09.09 10:22:11.136,1.21505,1.21527,1.50,1.35
2011.09.09 10:22:11.726,1.21509,1.21531,1.50,1.73
2011.09.09 10:22:12.210,1.21507,1.21531,2.18,1.50
2011.09.09 10:22:13.131,1.21507,1.21531,2.18,1.50
2011.09.09 10:22:13.372,1.21507,1.2153,1.43,1.50
2011.09.09 10:22:14.752,1.21508,1.2153,1.50,1.50
2011.09.09 10:22:15.114,1.2151,1.21533,1.50,1.18
2011.09.09 10:22:15.365,1.21507,1.21533,2.93,1.93
2011.09.09 10:22:15.494,1.21507,1.21533,2.93,2.68
2011.09.09 10:22:15.850,1.21509,1.21534,1.50,1.93
2011.09.09 10:22:16.439,1.21509,1.21534,1.50,1.93
2011.09.09 10:22:17.740,1.21509,1.21533,2.18,1.18
2011.09.09 10:22:18.102,1.21506,1.21531,2.18,1.50
2011.09.09 10:22:18.340,1.21506,1.21533,3.68,2.68
2011.09.09 10:22:19.040,1.21508,1.21532,1.50,1.93
2011.09.09 10:22:19.164,1.21506,1.2153,2.18,1.50
2011.09.09 10:22:19.525,1.21507,1.21531,1.50,1.50
2011.09.09 10:22:20.224,1.21508,1.21532,1.50,1.50
2011.09.09 10:22:21.923,1.21507,1.21531,1.50,1.50
2011.09.09 10:22:22.514,1.21507,1.21532,2.25,1.18
2011.09.09 10:22:23.702,1.21507,1.21533,2.25,1.93
2011.09.09 10:22:24.277,1.21507,1.21533,2.25,1.93
2011.09.09 10:22:24.840,1.21507,1.21533,2.25,1.93
2011.09.09 10:22:25.418,1.21507,1.21533,2.25,1.93
2011.09.09 10:22:26.003,1.21507,1.21533,2.25,2.68
2011.09.09 10:22:26.803,1.21506,1.2153,1.50,1.50
2011.09.09 10:22:27.284,1.21505,1.21531,1.50,1.88
2011.09.09 10:22:27.519,1.21505,1.21531,1.50,2.25
2011.09.09 10:22:27.880,1.21501,1.21525,1.50,1.50
2011.09.09 10:22:28.002,1.21498,1.21523,1.50,1.50
2011.09.09 10:22:28.244,1.215,1.21525,1.50,1.50
2011.09.09 10:22:28.820,1.21503,1.21528,1.50,1.88
2011.09.09 10:22:28.943,1.21505,1.21528,1.50,1.13
2011.09.09 10:22:29.064,1.21505,1.21528,1.50,1.13
2011.09.09 10:22:29.549,1.21501,1.21525,1.50,1.50
2011.09.09 10:22:30.391,1.215,1.21526,2.25,1.50
2011.09.09 10:22:32.066,1.21503,1.21527,1.50,1.88
2011.09.09 10:22:32.197,1.21499,1.21524,1.50,1.50
2011.09.09 10:22:32.443,1.21501,1.21525,1.50,1.50
2011.09.09 10:22:33.566,1.21497,1.21521,1.50,1.50
2011.09.09 10:22:33.678,1.21495,1.2152,2.25,1.50
2011.09.09 10:22:33.802,1.21496,1.2152,2.25,1.50
2011.09.09 10:22:35.345,1.21496,1.21522,2.25,1.50
2011.09.09 10:22:35.590,1.21497,1.21523,1.50,1.50
2011.09.09 10:22:36.589,1.21496,1.21522,2.25,1.50
2011.09.09 10:22:37.400,1.21497,1.21522,1.50,1.50
2011.09.09 10:22:39.095,1.21496,1.21522,1.50,2.25
2011.09.09 10:22:40.069,1.21501,1.21523,1.50,1.13
2011.09.09 10:22:40.311,1.21497,1.21521,1.50,1.50
2011.09.09 10:22:40.675,1.21499,1.21523,1.50,1.13
2011.09.09 10:22:41.150,1.21499,1.21524,1.50,1.88
2011.09.09 10:22:41.644,1.21499,1.21523,1.50,1.13
2011.09.09 10:22:44.003,1.21497,1.21523,1.50,1.88
2011.09.09 10:22:44.122,1.21497,1.21523,2.25,1.50
2011.09.09 10:22:44.483,1.21501,1.21524,1.50,1.13
2011.09.09 10:22:45.180,1.21499,1.21523,1.50,1.13
2011.09.09 10:22:45.889,1.21502,1.21524,1.50,1.13
2011.09.09 10:22:46.478,1.21502,1.21524,1.50,1.13
2011.09.09 10:22:48.564,1.21502,1.21524,1.50,1.13
2011.09.09 10:22:49.128,1.21502,1.21524,1.50,1.13
2011.09.09 10:22:49.654,1.21502,1.21524,1.50,1.13
2011.09.09 10:22:52.933,1.215,1.21524,1.50,1.13
2011.09.09 10:22:53.620,1.215,1.21524,1.50,1.13
2011.09.09 10:22:54.468,1.215,1.21524,1.50,1.13
2011.09.09 10:22:55.028,1.215,1.21524,1.50,1.13
2011.09.09 10:22:55.375,1.21502,1.21524,1.50,1.13
2011.09.09 10:22:56.000,1.21502,1.21524,1.50,1.13
2011.09.09 10:22:56.980,1.21502,1.21524,1.50,1.13
2011.09.09 10:23:00.493,1.21502,1.21526,1.50,1.50
2011.09.09 10:23:05.456,1.21506,1.21532,2.25,2.25
2011.09.09 10:23:06.226,1.21506,1.21532,1.50,1.50
2011.09.09 10:23:06.362,1.21505,1.21531,2.25,1.88
2011.09.09 10:23:06.605,1.21505,1.21531,1.50,1.50
2011.09.09 10:23:07.212,1.21506,1.2153,1.50,1.50
2011.09.09 10:23:07.810,1.21507,1.21532,1.50,1.18
2011.09.09 10:23:08.343,1.21505,1.21531,1.50,1.50
2011.09.09 10:23:09.130,1.21508,1.2153,1.50,1.50
2011.09.09 10:23:09.371,1.21508,1.21532,1.50,2.30
2011.09.09 10:23:09.611,1.21506,1.21531,1.50,1.50
2011.09.09 10:23:10.453,1.21504,1.21529,1.50,1.50
2011.09.09 10:23:10.816,1.215,1.21524,1.50,1.50
2011.09.09 10:23:11.182,1.21505,1.21527,1.50,1.13
2011.09.09 10:23:11.424,1.21504,1.21528,1.50,1.88
2011.09.09 10:23:12.052,1.21506,1.21531,1.50,1.50
2011.09.09 10:23:12.644,1.21504,1.21529,1.50,1.50
2011.09.09 10:23:12.771,1.21504,1.21529,1.50,1.50
2011.09.09 10:23:13.338,1.21504,1.21529,1.50,1.50
2011.09.09 10:23:13.914,1.21505,1.21531,1.50,1.50
2011.09.09 10:23:14.271,1.21503,1.21529,2.25,1.50
2011.09.09 10:23:15.316,1.21505,1.21529,1.50,1.50
2011.09.09 10:23:15.448,1.21506,1.2153,1.50,1.50
2011.09.09 10:23:19.121,1.21506,1.2153,1.50,1.50
2011.09.09 10:23:19.472,1.21508,1.21532,1.50,1.50
2011.09.09 10:23:19.591,1.2151,1.21534,2.25,1.03
2011.09.09 10:23:19.710,1.21509,1.21533,1.50,1.88
2011.09.09 10:23:20.064,1.21506,1.21531,1.50,1.50
2011.09.09 10:23:20.313,1.21508,1.21532,1.50,1.50
2011.09.09 10:23:20.431,1.21506,1.21531,1.50,1.50
2011.09.09 10:23:20.672,1.21505,1.21529,1.50,1.50
2011.09.09 10:23:21.022,1.21505,1.2153,3.00,1.50
2011.09.09 10:23:21.264,1.21508,1.21532,1.50,1.50
2011.09.09 10:23:21.872,1.2151,1.21534,1.50,3.28
2011.09.09 10:23:22.001,1.21508,1.21533,1.50,1.50
2011.09.09 10:23:22.350,1.21508,1.21532,1.50,5.25
2011.09.09 10:23:22.472,1.21505,1.21529,1.50,1.50
2011.09.09 10:23:22.703,1.21504,1.21529,1.50,2.25
2011.09.09 10:23:23.259,1.21504,1.21529,1.50,3.00
2011.09.09 10:23:23.492,1.21505,1.21529,1.50,2.25
2011.09.09 10:23:23.854,1.21502,1.21528,2.25,3.00
2011.09.09 10:23:24.222,1.21501,1.21525,1.50,1.50
2011.09.09 10:23:25.136,1.21501,1.21523,1.50,1.50
2011.09.09 10:23:25.266,1.21495,1.21519,2.25,1.50
2011.09.09 10:23:25.396,1.21494,1.21519,1.50,1.50
2011.09.09 10:23:25.644,1.21491,1.21517,1.50,2.25
2011.09.09 10:23:25.891,1.21489,1.21515,2.25,1.50
2011.09.09 10:23:26.015,1.21498,1.21517,5.25,1.50
2011.09.09 10:23:26.145,1.21498,1.2152,6.00,1.50
2011.09.09 10:23:26.277,1.21493,1.21515,1.50,1.50
2011.09.09 10:23:26.523,1.21494,1.21518,1.50,1.13
2011.09.09 10:23:26.643,1.21492,1.21518,1.50,2.63
2011.09.09 10:23:26.767,1.21494,1.21518,1.50,1.88
2011.09.09 10:23:27.340,1.21493,1.21517,2.25,1.13
2011.09.09 10:23:28.496,1.21491,1.21517,2.25,1.88
2011.09.09 10:23:28.625,1.21491,1.21517,2.25,1.88
2011.09.09 10:23:28.994,1.21487,1.21513,2.25,2.25
2011.09.09 10:23:29.115,1.21487,1.21512,1.50,1.50
2011.09.09 10:23:29.488,1.21486,1.21511,1.50,1.50
2011.09.09 10:23:29.734,1.21489,1.21513,1.50,1.50
2011.09.09 10:23:30.731,1.21487,1.21513,1.50,2.25
2011.09.09 10:23:32.790,1.21487,1.21513,1.50,2.25
2011.09.09 10:23:33.480,1.21487,1.21513,1.50,2.25
2011.09.09 10:23:34.196,1.21489,1.21514,3.00,1.13
2011.09.09 10:23:34.316,1.21488,1.21513,1.50,1.50
2011.09.09 10:23:34.440,1.21489,1.21513,1.50,1.50
2011.09.09 10:23:36.094,1.21489,1.21515,1.50,1.88
2011.09.09 10:23:36.920,1.21489,1.21513,1.50,1.50
2011.09.09 10:23:37.977,1.2149,1.21514,1.50,1.88
2011.09.09 10:23:38.583,1.21489,1.21513,1.50,2.25
2011.09.09 10:23:43.598,1.21489,1.21513,1.50,1.88
2011.09.09 10:23:44.303,1.21489,1.21513,1.50,1.13
2011.09.09 10:23:45.011,1.21488,1.21513,1.50,1.88
2011.09.09 10:23:45.363,1.21487,1.21512,1.50,3.38
2011.09.09 10:23:45.486,1.21485,1.21509,1.50,1.50
2011.09.09 10:23:45.735,1.21482,1.21508,3.00,1.50
2011.09.09 10:23:45.866,1.21482,1.21508,2.25,1.50
2011.09.09 10:23:46.806,1.21506,1.21526,1.50,3.43
2011.09.09 10:23:46.939,1.21506,1.2153,1.50,1.50
2011.09.09 10:23:47.546,1.21503,1.21528,1.50,2.25
2011.09.09 10:23:47.672,1.21503,1.21528,1.50,2.25
2011.09.09 10:23:48.396,1.21503,1.21528,1.50,2.25
2011.09.09 10:23:48.528,1.21502,1.21527,2.25,1.50
2011.09.09 10:23:48.897,1.21503,1.21528,1.50,1.50
2011.09.09 10:23:49.266,1.21502,1.21528,2.25,6.00
2011.09.09 10:23:49.863,1.21502,1.21526,2.25,1.50
2011.09.09 10:23:50.444,1.21502,1.21526,2.25,1.50
2011.09.09 10:23:51.317,1.21503,1.21527,1.50,5.25
2011.09.09 10:23:53.772,1.21503,1.21527,2.25,1.50
2011.09.09 10:23:54.598,1.21509,1.21527,1.50,1.50
2011.09.09 10:23:54.724,1.21504,1.21527,1.50,1.50
2011.09.09 10:23:55.169,1.21503,1.21527,1.50,2.25
2011.09.09 10:23:55.774,1.21505,1.2153,1.50,1.50
2011.09.09 10:23:56.129,1.21508,1.2153,1.50,2.25
2011.09.09 10:23:56.592,1.21506,1.2153,1.50,1.50
2011.09.09 10:23:56.710,1.21504,1.21528,1.50,1.50
2011.09.09 10:23:57.140,1.21504,1.2153,1.50,2.25
2011.09.09 10:23:58.442,1.21505,1.21528,1.50,5.25
2011.09.09 10:23:59.009,1.21504,1.21528,1.50,6.00
2011.09.09 10:23:59.360,1.21504,1.21526,1.50,4.50
2011.09.09 10:24:00.090,1.21503,1.21525,1.50,4.50
2011.09.09 10:24:00.221,1.21501,1.21526,1.50,1.18
2011.09.09 10:24:00.345,1.21502,1.21525,1.50,1.13
2011.09.09 10:24:00.949,1.21512,1.21526,1.50,1.13
2011.09.09 10:24:01.089,1.21517,1.21539,1.50,1.50
2011.09.09 10:24:01.212,1.21516,1.21539,1.50,1.13
2011.09.09 10:24:01.694,1.21516,1.21539,1.50,1.13
2011.09.09 10:24:02.055,1.21527,1.21542,1.50,1.18
2011.09.09 10:24:02.424,1.2153,1.21541,1.50,1.18
2011.09.09 10:24:03.826,1.2153,1.21541,1.50,1.18
2011.09.09 10:24:04.316,1.21528,1.21547,1.50,1.93
2011.09.09 10:24:04.448,1.21532,1.21547,1.50,1.18
2011.09.09 10:24:04.818,1.21536,1.21547,1.50,1.18
2011.09.09 10:24:04.948,1.21532,1.21547,1.50,1.18
2011.09.09 10:24:05.554,1.21532,1.21546,1.50,1.18
2011.09.09 10:24:06.209,1.21532,1.21547,1.50,1.18
2011.09.09 10:24:06.809,1.21532,1.21547,1.50,1.18
2011.09.09 10:24:07.400,1.21532,1.21547,1.50,1.18
2011.09.09 10:24:07.904,1.21535,1.21557,1.50,1.88
2011.09.09 10:24:08.264,1.21531,1.21555,1.50,1.50
2011.09.09 10:24:08.394,1.21531,1.21556,1.50,1.50
2011.09.09 10:24:08.521,1.21531,1.21555,1.50,1.50
2011.09.09 10:24:09.308,1.21533,1.21557,1.50,1.88
2011.09.09 10:24:09.674,1.21531,1.21557,1.50,1.50
2011.09.09 10:24:09.803,1.21534,1.21557,4.50,1.88
2011.09.09 10:24:10.042,1.21538,1.21564,2.25,2.25
2011.09.09 10:24:10.166,1.21539,1.21564,1.43,1.50
2011.09.09 10:24:10.410,1.2154,1.21566,1.50,1.50
2011.09.09 10:24:10.653,1.21539,1.21565,2.93,1.50
2011.09.09 10:24:10.770,1.21539,1.21565,2.18,2.25
2011.09.09 10:24:11.132,1.21537,1.21563,1.50,1.50
2011.09.09 10:24:11.362,1.21539,1.21564,2.18,1.50
2011.09.09 10:24:11.605,1.2154,1.21565,1.50,1.50
2011.09.09 10:24:12.188,1.2154,1.21566,1.50,1.50
2011.09.09 10:24:13.205,1.2154,1.21553,1.50,4.50
2011.09.09 10:24:13.578,1.21524,1.21534,1.50,1.50
2011.09.09 10:24:13.706,1.21508,1.21534,1.50,3.75
2011.09.09 10:24:13.832,1.21505,1.21532,1.50,1.50
2011.09.09 10:24:13.952,1.21504,1.21533,2.25,1.50
2011.09.09 10:24:14.543,1.21501,1.21538,1.50,1.50
2011.09.09 10:24:15.123,1.21501,1.21538,2.63,1.50
2011.09.09 10:24:16.209,1.21504,1.2154,2.25,1.50
2011.09.09 10:24:16.453,1.215,1.21539,1.50,1.50
2011.09.09 10:24:17.756,1.21501,1.21537,1.50,1.50
2011.09.09 10:24:18.005,1.21499,1.21538,2.63,1.50
2011.09.09 10:24:18.490,1.21499,1.21538,2.63,2.25
2011.09.09 10:24:21.147,1.215,1.21536,1.50,1.50
2011.09.09 10:24:21.278,1.21496,1.21534,1.50,2.25
2011.09.09 10:24:21.404,1.21495,1.21531,2.63,1.50
2011.09.09 10:24:22.464,1.21495,1.21532,1.50,1.50
2011.09.09 10:24:22.582,1.21495,1.21533,1.50,1.50
2011.09.09 10:24:23.544,1.21497,1.21532,1.50,1.50
2011.09.09 10:24:23.921,1.21492,1.2153,1.50,1.50
2011.09.09 10:24:24.407,1.21495,1.21526,1.50,1.50
2011.09.09 10:24:25.002,1.2149,1.21527,1.50,1.50
2011.09.09 10:24:25.244,1.21489,1.21527,2.25,1.50
2011.09.09 10:24:26.086,1.2149,1.21526,1.50,2.25
2011.09.09 10:24:26.222,1.21489,1.21525,1.50,1.50
2011.09.09 10:24:26.821,1.21489,1.21525,1.50,1.50
2011.09.09 10:24:28.451,1.21485,1.21522,1.50,1.50
2011.09.09 10:24:29.711,1.21487,1.21521,1.50,1.50
2011.09.09 10:24:29.835,1.21488,1.21521,1.50,1.50
2011.09.09 10:24:29.970,1.21488,1.21521,1.50,1.50
2011.09.09 10:24:30.217,1.21488,1.2152,1.50,2.25
2011.09.09 10:24:30.584,1.21492,1.21524,3.00,2.25
2011.09.09 10:24:30.705,1.21494,1.21525,1.50,1.50
2011.09.09 10:24:31.067,1.2149,1.21524,1.43,1.50
2011.09.09 10:24:31.701,1.21487,1.21522,1.50,1.50
2011.09.09 10:24:31.814,1.21486,1.21521,1.50,1.50
2011.09.09 10:24:32.405,1.21484,1.21521,1.50,1.50
2011.09.09 10:24:33.241,1.21489,1.21521,1.50,1.50
2011.09.09 10:24:33.483,1.21486,1.2152,1.50,1.50
2011.09.09 10:24:33.602,1.21482,1.21516,1.50,1.50
2011.09.09 10:24:33.847,1.21486,1.21518,1.50,1.50
2011.09.09 10:24:34.459,1.2149,1.21521,1.50,1.50
2011.09.09 10:24:34.591,1.21494,1.21527,2.25,1.50
2011.09.09 10:24:34.716,1.21489,1.21525,1.50,1.50
2011.09.09 10:24:34.846,1.21486,1.21523,1.43,1.50
2011.09.09 10:24:35.314,1.21489,1.21525,1.50,1.50
2011.09.09 10:24:36.362,1.21485,1.21523,1.43,1.50
2011.09.09 10:24:36.481,1.21487,1.21526,1.50,1.50
2011.09.09 10:24:37.061,1.21489,1.21529,1.50,1.50
2011.09.09 10:24:37.975,1.21489,1.21528,2.18,1.50
2011.09.09 10:24:38.702,1.21492,1.21527,1.43,1.50
2011.09.09 10:24:38.827,1.21492,1.21529,1.43,1.50
2011.09.09 10:24:38.954,1.21492,1.21531,1.43,1.93
2011.09.09 10:24:39.204,1.2149,1.21528,1.43,1.50
2011.09.09 10:24:39.561,1.21488,1.21526,1.43,1.50
2011.09.09 10:24:39.681,1.21488,1.21526,1.43,1.50
2011.09.09 10:24:42.316,1.21496,1.2153,1.50,1.50
2011.09.09 10:24:42.688,1.21506,1.21537,2.25,1.18
2011.09.09 10:24:42.934,1.21508,1.21541,1.50,2.25
2011.09.09 10:24:43.063,1.21506,1.2154,1.50,1.50
2011.09.09 10:24:43.935,1.21504,1.21539,2.25,1.88
2011.09.09 10:24:44.547,1.21505,1.21539,1.50,1.13
2011.09.09 10:24:44.678,1.21508,1.21539,1.50,1.13
2011.09.09 10:24:45.285,1.21508,1.2154,1.50,1.88
2011.09.09 10:24:45.872,1.21509,1.21539,1.43,1.13
2011.09.09 10:24:46.797,1.21507,1.21539,1.43,1.13
2011.09.09 10:24:46.934,1.21507,1.21539,2.18,1.13
2011.09.09 10:24:47.303,1.21507,1.21537,1.43,1.50
2011.09.09 10:24:47.772,1.21507,1.21539,1.50,1.88
2011.09.09 10:24:47.893,1.21509,1.2154,1.50,1.88
2011.09.09 10:24:48.492,1.21508,1.21537,1.50,1.50
2011.09.09 10:24:49.315,1.21505,1.21529,2.18,1.50
2011.09.09 10:24:49.959,1.21509,1.21536,1.50,1.50
2011.09.09 10:24:50.531,1.2151,1.21537,1.50,1.50
2011.09.09 10:24:52.074,1.21509,1.21539,2.25,1.13
2011.09.09 10:24:52.673,1.2151,1.21539,1.43,1.88
2011.09.09 10:24:53.207,1.2151,1.21539,1.43,1.88
2011.09.09 10:24:53.801,1.21509,1.21537,2.18,1.50
2011.09.09 10:24:54.504,1.21508,1.21537,2.18,1.50
2011.09.09 10:24:56.919,1.21509,1.21538,2.25,1.50
2011.09.09 10:24:57.285,1.21511,1.21539,1.50,1.13
2011.09.09 10:24:57.537,1.21516,1.2154,1.50,1.13
2011.09.09 10:24:57.786,1.21502,1.21533,1.50,1.50
2011.09.09 10:24:57.914,1.21501,1.21533,1.50,1.50
2011.09.09 10:24:58.270,1.21501,1.21535,1.50,2.25
2011.09.09 10:24:59.081,1.21502,1.21532,1.50,1.50
2011.09.09 10:25:00.427,1.21502,1.21534,1.50,1.50
2011.09.09 10:25:01.030,1.215,1.21534,1.50,1.50
2011.09.09 10:25:01.974,1.21502,1.21537,1.50,1.50
2011.09.09 10:25:02.551,1.21501,1.21537,2.25,1.50
2011.09.09 10:25:03.132,1.21504,1.21539,1.50,1.13
2011.09.09 10:25:03.716,1.21506,1.21539,1.50,1.13
2011.09.09 10:25:07.252,1.21507,1.21539,1.50,1.13
2011.09.09 10:25:07.993,1.21509,1.21539,1.50,1.13
2011.09.09 10:25:08.726,1.21514,1.21549,1.50,1.50
2011.09.09 10:25:08.854,1.21514,1.21551,1.50,2.30
2011.09.09 10:25:09.216,1.21513,1.21544,1.43,1.50
2011.09.09 10:25:09.825,1.21512,1.21545,1.50,1.50
2011.09.09 10:25:10.192,1.21508,1.21546,2.18,1.50
2011.09.09 10:25:10.944,1.21514,1.21546,1.50,1.50
2011.09.09 10:25:11.435,1.21514,1.21546,1.43,1.50
2011.09.09 10:25:11.687,1.21512,1.21546,1.43,1.50
2011.09.09 10:25:12.054,1.21515,1.21551,1.50,1.50
2011.09.09 10:25:12.182,1.21511,1.21547,1.43,1.50
2011.09.09 10:25:12.643,1.21516,1.21549,1.50,1.50
2011.09.09 10:25:12.872,1.21512,1.21546,1.43,1.50
2011.09.09 10:25:13.990,1.21512,1.21546,1.43,1.50
2011.09.09 10:25:14.853,1.21514,1.21552,1.43,2.30
2011.09.09 10:25:15.212,1.21517,1.21551,1.50,2.30
2011.09.09 10:25:15.331,1.21514,1.21551,1.43,2.30
2011.09.09 10:25:15.565,1.21517,1.21553,1.50,1.55
2011.09.09 10:25:15.801,1.21514,1.21552,1.43,1.55
2011.09.09 10:25:16.150,1.21511,1.21548,1.43,1.50
2011.09.09 10:25:16.275,1.21511,1.21549,1.43,1.50
2011.09.09 10:25:16.850,1.21511,1.2155,1.43,1.13
2011.09.09 10:25:17.627,1.21513,1.21551,1.43,1.50
2011.09.09 10:25:18.237,1.21513,1.21551,1.43,1.50
2011.09.09 10:25:18.367,1.2152,1.21554,1.50,1.55
2011.09.09 10:25:18.620,1.21521,1.21554,1.50,1.18
2011.09.09 10:25:18.743,1.21522,1.21556,3.00,1.50
2011.09.09 10:25:18.868,1.21526,1.21559,1.50,1.13
2011.09.09 10:25:18.994,1.21528,1.21559,1.50,1.13
2011.09.09 10:25:19.125,1.21528,1.21564,1.50,1.50
2011.09.09 10:25:20.470,1.21525,1.21562,1.43,1.50
2011.09.09 10:25:21.071,1.21525,1.21563,2.18,1.50
2011.09.09 10:25:22.221,1.21525,1.21563,2.18,1.55
2011.09.09 10:25:23.779,1.21538,1.21563,1.50,1.55
2011.09.09 10:25:23.927,1.21544,1.2157,1.50,1.88
2011.09.09 10:25:24.057,1.21548,1.21571,1.50,1.13
2011.09.09 10:25:24.184,1.2155,1.21574,2.25,2.25
2011.09.09 10:25:24.441,1.21547,1.21571,1.50,1.88
2011.09.09 10:25:24.563,1.21545,1.2157,2.25,1.13
2011.09.09 10:25:24.921,1.21545,1.2157,1.50,1.13
2011.09.09 10:25:25.283,1.21549,1.21573,1.50,1.50
2011.09.09 10:25:25.644,1.21552,1.21573,1.50,1.50
2011.09.09 10:25:26.227,1.21554,1.21572,1.50,1.13
2011.09.09 10:25:26.709,1.21552,1.21577,1.50,1.50
2011.09.09 10:25:27.080,1.21554,1.21578,1.50,2.25
2011.09.09 10:25:27.206,1.21554,1.21578,1.50,1.88
2011.09.09 10:25:27.338,1.21556,1.21578,1.50,1.13
2011.09.09 10:25:28.062,1.21556,1.21578,1.50,1.13
2011.09.09 10:25:28.676,1.21556,1.21577,1.50,1.13
2011.09.09 10:25:29.284,1.21562,1.21581,1.50,1.50
2011.09.09 10:25:29.421,1.21566,1.21586,1.50,1.50
2011.09.09 10:25:29.543,1.21566,1.2159,1.50,1.50
2011.09.09 10:25:29.904,1.21568,1.21592,1.50,1.50
2011.09.09 10:25:30.265,1.21566,1.2159,1.50,2.25
2011.09.09 10:25:30.394,1.21562,1.21588,1.50,1.50
2011.09.09 10:25:30.511,1.21552,1.21576,2.66,1.50
2011.09.09 10:25:30.632,1.21552,1.21576,1.96,1.50
2011.09.09 10:25:30.873,1.2155,1.21579,1.43,1.50
2011.09.09 10:25:31.619,1.21554,1.21587,2.18,2.25
2011.09.09 10:25:31.755,1.21556,1.21587,1.43,1.50
2011.09.09 10:25:32.366,1.21557,1.21588,1.43,1.50
2011.09.09 10:25:32.843,1.21556,1.21589,1.43,1.50
2011.09.09 10:25:33.082,1.21555,1.21588,2.18,1.50
2011.09.09 10:25:33.683,1.21554,1.2159,1.43,1.50
2011.09.09 10:25:34.150,1.21553,1.21587,1.43,2.25
2011.09.09 10:25:34.922,1.21553,1.21589,1.43,1.50
2011.09.09 10:25:35.041,1.21553,1.21586,1.43,2.25
2011.09.09 10:25:35.610,1.21553,1.21582,1.43,1.50
2011.09.09 10:25:35.975,1.21545,1.21571,1.43,1.50
2011.09.09 10:25:36.343,1.21542,1.21567,1.50,1.50
2011.09.09 10:25:36.461,1.21538,1.21567,1.88,1.50
2011.09.09 10:25:36.580,1.21537,1.21568,2.18,1.50
2011.09.09 10:25:37.180,1.21537,1.21567,1.43,1.50
2011.09.09 10:25:38.016,1.21537,1.21567,1.43,1.50
2011.09.09 10:25:38.150,1.21539,1.21568,1.50,1.50
2011.09.09 10:25:38.394,1.21538,1.21567,2.18,1.50
2011.09.09 10:25:39.476,1.21537,1.21566,2.18,1.50
2011.09.09 10:25:39.725,1.21539,1.21569,2.18,2.25
2011.09.09 10:25:39.973,1.21539,1.21581,2.18,1.50
2011.09.09 10:25:41.026,1.21538,1.21577,1.43,1.50
2011.09.09 10:25:41.157,1.21535,1.21573,1.43,1.50
2011.09.09 10:25:41.880,1.21539,1.21577,1.43,1.50
2011.09.09 10:25:42.449,1.21539,1.21577,1.43,1.50
2011.09.09 10:25:43.990,1.21539,1.21578,1.43,2.25
2011.09.09 10:25:44.894,1.21539,1.21579,1.43,3.00
2011.09.09 10:25:45.496,1.21539,1.21579,1.43,1.50
2011.09.09 10:25:45.626,1.21539,1.21579,1.43,1.50
2011.09.09 10:25:46.477,1.21538,1.21576,1.50,1.50
2011.09.09 10:25:47.081,1.21539,1.21575,1.43,1.50
2011.09.09 10:25:47.919,1.21539,1.21578,1.43,1.50
2011.09.09 10:25:48.402,1.21539,1.21575,1.43,1.50
2011.09.09 10:25:48.768,1.2155,1.21576,1.50,1.50
2011.09.09 10:25:49.432,1.21556,1.21586,1.43,1.50
2011.09.09 10:25:49.797,1.21559,1.21589,2.18,1.50
2011.09.09 10:25:50.043,1.21559,1.21588,2.18,1.50
2011.09.09 10:25:50.633,1.21559,1.21588,6.31,1.50
2011.09.09 10:25:51.434,1.21568,1.21595,2.25,1.50
2011.09.09 10:25:52.153,1.21569,1.21593,1.50,1.50
2011.09.09 10:25:52.394,1.21567,1.21591,1.43,1.50
2011.09.09 10:25:52.516,1.21568,1.21593,1.50,1.50
2011.09.09 10:25:52.644,1.21569,1.21594,1.50,2.25
2011.09.09 10:25:53.251,1.21568,1.21593,1.50,1.50
2011.09.09 10:25:53.614,1.21568,1.21592,1.50,1.50
2011.09.09 10:25:53.733,1.21565,1.2159,1.50,1.50
2011.09.09 10:25:53.853,1.21564,1.21588,1.50,1.50
2011.09.09 10:25:54.095,1.21564,1.2159,1.50,1.50
2011.09.09 10:25:54.727,1.21564,1.2159,1.50,1.50
2011.09.09 10:25:55.099,1.21565,1.21593,1.50,1.50
2011.09.09 10:25:55.228,1.21565,1.21593,1.50,1.50
2011.09.09 10:25:55.595,1.21569,1.21594,1.50,1.50
2011.09.09 10:25:55.953,1.21573,1.21599,1.50,1.50
2011.09.09 10:25:56.529,1.21571,1.21596,1.50,1.50
2011.09.09 10:25:57.111,1.21571,1.21596,1.50,1.50
2011.09.09 10:25:58.075,1.21571,1.21596,1.50,1.50
2011.09.09 10:25:58.214,1.21567,1.2159,1.43,1.50
2011.09.09 10:25:58.452,1.21565,1.21591,1.50,1.50
2011.09.09 10:25:58.577,1.2156,1.21582,1.43,1.50
2011.09.09 10:25:58.703,1.21557,1.21582,1.50,1.50
2011.09.09 10:25:58.947,1.21556,1.21582,1.50,1.50
2011.09.09 10:25:59.320,1.21554,1.2158,1.50,1.50
2011.09.09 10:25:59.447,1.2155,1.21576,1.50,1.50
2011.09.09 10:25:59.574,1.21549,1.21573,1.50,1.50
2011.09.09 10:26:00.185,1.21549,1.21574,2.25,1.50
2011.09.09 10:26:00.895,1.21554,1.21578,1.50,1.50
2011.09.09 10:26:01.028,1.21554,1.21578,1.50,1.50
2011.09.09 10:26:02.091,1.21551,1.21576,1.50,1.50
2011.09.09 10:26:02.453,1.21554,1.21583,1.50,2.25
2011.09.09 10:26:02.571,1.21557,1.21583,1.50,1.50
2011.09.09 10:26:03.281,1.21553,1.21582,1.50,1.50
2011.09.09 10:26:04.208,1.21556,1.21582,1.50,1.50
2011.09.09 10:26:04.339,1.21556,1.21582,1.50,1.50
2011.09.09 10:26:05.810,1.21555,1.21583,1.50,1.50
2011.09.09 10:26:06.270,1.21555,1.21581,1.50,1.50
2011.09.09 10:26:06.512,1.21555,1.2158,1.50,1.50
2011.09.09 10:26:07.343,1.21557,1.21581,1.50,1.50
2011.09.09 10:26:10.873,1.21555,1.21582,1.50,1.50
2011.09.09 10:26:13.353,1.21554,1.2158,2.18,1.50
2011.09.09 10:26:13.701,1.21554,1.2158,2.18,1.50
2011.09.09 10:26:14.062,1.21555,1.21577,1.43,1.50
2011.09.09 10:26:15.779,1.21551,1.21574,1.43,1.50
2011.09.09 10:26:16.263,1.21551,1.21576,2.18,1.50
2011.09.09 10:26:16.381,1.21553,1.21577,1.50,1.50
2011.09.09 10:26:17.015,1.21555,1.2158,1.50,1.50
2011.09.09 10:26:17.385,1.21553,1.21578,1.50,1.50
2011.09.09 10:26:19.370,1.21554,1.21578,1.50,1.50
2011.09.09 10:26:19.491,1.21554,1.2158,1.50,1.50
2011.09.09 10:26:20.640,1.21552,1.21577,1.50,1.50
2011.09.09 10:26:21.814,1.21554,1.21579,1.50,1.50
2011.09.09 10:26:22.840,1.21558,1.21583,1.50,1.50
2011.09.09 10:26:23.289,1.21561,1.21584,1.50,1.13
2011.09.09 10:26:23.520,1.21559,1.21584,1.50,1.88
2011.09.09 10:26:24.599,1.21554,1.21581,3.00,1.50
2011.09.09 10:26:24.728,1.21554,1.2158,1.50,1.50
2011.09.09 10:26:26.234,1.21554,1.2158,1.50,1.50
2011.09.09 10:26:26.351,1.21551,1.21576,2.18,1.50
2011.09.09 10:26:26.473,1.21554,1.21579,1.50,1.50
2011.09.09 10:26:26.834,1.21555,1.21581,1.50,1.50
2011.09.09 10:26:27.203,1.21548,1.21571,2.18,1.50
2011.09.09 10:26:27.322,1.21545,1.2157,1.50,1.50
2011.09.09 10:26:27.956,1.21545,1.2157,1.50,1.50
2011.09.09 10:26:28.098,1.21547,1.21572,2.25,1.50
2011.09.09 10:26:28.707,1.21548,1.21571,1.43,1.50
2011.09.09 10:26:28.836,1.21545,1.21569,2.18,2.25
2011.09.09 10:26:29.301,1.21545,1.21569,1.50,1.50
2011.09.09 10:26:30.864,1.21547,1.21573,2.25,1.50
2011.09.09 10:26:31.107,1.21547,1.21571,1.50,1.50
2011.09.09 10:26:31.596,1.21545,1.21569,1.43,1.50
2011.09.09 10:26:31.848,1.21546,1.21569,1.43,1.50
2011.09.09 10:26:32.213,1.21549,1.21574,1.43,1.50
2011.09.09 10:26:32.576,1.21552,1.21576,1.50,1.13
2011.09.09 10:26:33.294,1.21554,1.21576,1.50,1.13
2011.09.09 10:26:33.420,1.21555,1.21581,1.50,1.50
2011.09.09 10:26:34.502,1.21557,1.21583,1.50,2.10
2011.09.09 10:26:34.851,1.21559,1.21581,1.50,1.50
2011.09.09 10:26:35.195,1.21552,1.21578,1.50,1.50
2011.09.09 10:26:35.329,1.21561,1.21585,1.50,1.50
2011.09.09 10:26:35.948,1.21562,1.21592,2.18,1.88
2011.09.09 10:26:36.076,1.21562,1.2159,1.43,1.50
2011.09.09 10:26:36.201,1.21563,1.21591,1.50,1.50
2011.09.09 10:26:37.288,1.21567,1.21593,1.50,1.50
2011.09.09 10:26:37.654,1.21568,1.21594,1.50,1.50
2011.09.09 10:26:38.521,1.21569,1.21594,1.50,1.50
2011.09.09 10:26:39.363,1.21572,1.21597,1.50,1.13
2011.09.09 10:26:40.412,1.2157,1.21595,1.50,1.50
2011.09.09 10:26:41.492,1.21563,1.21593,1.43,1.50
2011.09.09 10:26:41.746,1.21563,1.21592,2.18,1.50
2011.09.09 10:26:42.582,1.21566,1.21595,1.50,1.50
2011.09.09 10:26:42.825,1.21564,1.21595,1.50,1.50
2011.09.09 10:26:43.072,1.21568,1.21596,2.25,1.50
2011.09.09 10:26:43.671,1.21568,1.21594,1.50,1.50
2011.09.09 10:26:44.720,1.21564,1.21593,2.18,1.50
2011.09.09 10:26:45.464,1.21567,1.21591,1.50,1.50
2011.09.09 10:26:45.597,1.21563,1.21591,1.43,1.50
2011.09.09 10:26:45.846,1.21564,1.21592,2.18,1.50
2011.09.09 10:26:46.215,1.21561,1.21588,2.18,1.50
2011.09.09 10:26:46.968,1.21566,1.2159,1.50,1.50
2011.09.09 10:26:47.771,1.21563,1.21588,1.50,1.50
2011.09.09 10:26:48.793,1.21559,1.21588,2.18,1.50
2011.09.09 10:26:49.604,1.21561,1.21588,1.43,1.50
2011.09.09 10:26:49.970,1.21564,1.21589,1.50,1.50
2011.09.09 10:26:50.688,1.21561,1.21588,1.43,1.50
2011.09.09 10:26:50.813,1.21559,1.21588,1.43,1.50
2011.09.09 10:26:51.293,1.21563,1.2159,1.50,1.50
2011.09.09 10:26:51.778,1.21565,1.21591,1.50,2.25
2011.09.09 10:26:52.263,1.21561,1.21594,1.43,1.50
2011.09.09 10:26:52.508,1.21566,1.21594,1.50,1.13
2011.09.09 10:26:52.875,1.21563,1.21594,1.50,1.50
2011.09.09 10:26:53.667,1.21557,1.2159,2.18,2.25
2011.09.09 10:26:54.273,1.21559,1.21595,1.43,1.13
2011.09.09 10:26:54.392,1.21565,1.21594,1.50,1.13
2011.09.09 10:26:54.746,1.21559,1.21595,2.18,1.88
2011.09.09 10:26:55.173,1.21559,1.21593,2.18,1.50
2011.09.09 10:26:55.519,1.21563,1.21594,1.50,1.13
2011.09.09 10:26:55.979,1.21561,1.21594,1.50,1.88
2011.09.09 10:26:56.929,1.2156,1.21593,2.18,1.50
2011.09.09 10:26:57.065,1.21557,1.21592,1.50,1.50
2011.09.09 10:26:57.423,1.21553,1.21592,1.50,2.25
2011.09.09 10:26:58.471,1.21563,1.21595,1.50,1.88
2011.09.09 10:26:59.050,1.21558,1.21595,1.50,1.88
2011.09.09 10:26:59.514,1.2156,1.21594,1.50,1.50
2011.09.09 10:27:00.125,1.2156,1.21593,1.50,1.50
2011.09.09 10:27:00.500,1.21557,1.21591,1.50,1.50
2011.09.09 10:27:00.747,1.21555,1.21591,2.93,1.50
2011.09.09 10:27:00.873,1.21555,1.21589,1.43,1.50
2011.09.09 10:27:01.106,1.21557,1.21593,1.50,1.50
2011.09.09 10:27:01.711,1.21555,1.21593,2.18,2.25
2011.09.09 10:27:02.177,1.21558,1.21593,1.50,2.25
2011.09.09 10:27:02.857,1.21558,1.21593,1.50,2.25
2011.09.09 10:27:02.986,1.21554,1.21588,1.43,1.50
2011.09.09 10:27:03.464,1.21556,1.21591,1.13,2.25
2011.09.09 10:27:03.825,1.21572,1.21595,1.50,1.13
2011.09.09 10:27:03.952,1.21569,1.21594,1.50,1.50
2011.09.09 10:27:04.076,1.21561,1.21587,1.50,1.50
2011.09.09 10:27:04.206,1.21562,1.21588,1.50,1.50
2011.09.09 10:27:05.053,1.2156,1.21593,1.43,1.50
2011.09.09 10:27:05.191,1.21556,1.21591,2.93,1.50
2011.09.09 10:27:05.555,1.21555,1.21591,2.93,1.50
2011.09.09 10:27:05.921,1.21556,1.21591,1.50,1.50
2011.09.09 10:27:07.653,1.21557,1.21572,1.50,4.50
2011.09.09 10:27:08.410,1.21552,1.21567,1.50,1.50
2011.09.09 10:27:08.541,1.21549,1.21576,1.50,1.50
2011.09.09 10:27:08.661,1.21546,1.21574,1.50,1.50
2011.09.09 10:27:09.144,1.21549,1.21575,1.50,2.25
2011.09.09 10:27:09.506,1.21551,1.21579,1.50,1.50
2011.09.09 10:27:10.003,1.21561,1.21583,2.25,1.50
2011.09.09 10:27:10.125,1.21555,1.21583,1.50,1.50
2011.09.09 10:27:10.847,1.21553,1.21583,1.50,1.50
2011.09.09 10:27:10.990,1.21553,1.21588,1.50,1.50
2011.09.09 10:27:11.122,1.21554,1.21589,1.50,2.25
2011.09.09 10:27:11.244,1.2155,1.21583,1.50,1.50
2011.09.09 10:27:11.602,1.2155,1.21579,1.50,1.50
2011.09.09 10:27:11.964,1.2155,1.21578,1.50,1.50
2011.09.09 10:27:12.560,1.2155,1.21575,1.50,1.50
2011.09.09 10:27:13.293,1.21549,1.21575,1.50,1.50
2011.09.09 10:27:13.811,1.21551,1.21578,1.50,1.50
2011.09.09 10:27:14.171,1.21554,1.21581,1.50,1.50
2011.09.09 10:27:14.638,1.21556,1.21581,1.50,1.13
2011.09.09 10:27:15.005,1.2156,1.21584,1.50,1.50
2011.09.09 10:27:15.582,1.21558,1.21584,1.50,1.50
2011.09.09 10:27:16.689,1.21558,1.21584,1.50,2.25
2011.09.09 10:27:17.056,1.21558,1.21584,1.50,2.25
2011.09.09 10:27:17.184,1.2156,1.21584,1.50,1.50
2011.09.09 10:27:17.304,1.2156,1.21585,1.50,1.50
2011.09.09 10:27:19.273,1.21561,1.21587,1.50,1.50
2011.09.09 10:27:20.592,1.21557,1.21587,1.50,1.50
2011.09.09 10:27:20.712,1.21551,1.21585,2.25,1.50
2011.09.09 10:27:21.063,1.21551,1.21582,1.50,1.50
2011.09.09 10:27:21.181,1.21552,1.21581,1.50,1.50
2011.09.09 10:27:21.664,1.21562,1.21582,1.50,1.50
2011.09.09 10:27:21.904,1.21562,1.21585,2.25,2.25
2011.09.09 10:27:22.031,1.21564,1.21587,1.50,1.50
2011.09.09 10:27:22.679,1.21564,1.21588,1.50,1.50
2011.09.09 10:27:22.801,1.21564,1.21588,1.50,1.50
2011.09.09 10:27:23.381,1.21565,1.21589,1.50,1.50
2011.09.09 10:27:23.623,1.21565,1.21589,1.50,1.50
2011.09.09 10:27:24.223,1.21565,1.21589,1.50,1.50
2011.09.09 10:27:25.317,1.21565,1.21587,1.50,1.50
2011.09.09 10:27:25.805,1.21566,1.21591,1.50,1.50
2011.09.09 10:27:26.712,1.21565,1.2159,1.50,1.50
2011.09.09 10:27:27.173,1.21565,1.2159,1.50,1.50
2011.09.09 10:27:27.294,1.21567,1.21592,1.50,1.50
2011.09.09 10:27:27.894,1.21579,1.21592,1.50,1.50
2011.09.09 10:27:28.481,1.21579,1.21601,2.25,1.50
2011.09.09 10:27:29.106,1.21579,1.21604,1.50,1.50
2011.09.09 10:27:29.462,1.21579,1.21604,1.50,1.50
2011.09.09 10:27:29.812,1.21578,1.21602,3.00,1.50
2011.09.09 10:27:32.549,1.21579,1.21602,1.50,1.50
2011.09.09 10:27:33.562,1.21579,1.21604,1.50,1.50
2011.09.09 10:27:35.843,1.21578,1.21598,3.00,4.50
2011.09.09 10:27:36.473,1.21579,1.21598,1.50,4.50
2011.09.09 10:27:39.323,1.21579,1.21598,1.50,4.50
2011.09.09 10:27:39.681,1.21579,1.21598,1.50,4.50
2011.09.09 10:27:39.911,1.21579,1.21599,1.50,4.50
2011.09.09 10:27:41.146,1.21579,1.216,2.25,4.50
2011.09.09 10:27:41.613,1.21579,1.21602,1.50,1.50
2011.09.09 10:27:41.972,1.2158,1.21603,1.50,1.50
2011.09.09 10:27:42.339,1.21579,1.21601,1.50,1.50
2011.09.09 10:27:42.583,1.21579,1.21603,1.50,2.25
2011.09.09 10:27:42.820,1.21577,1.21602,1.50,1.50
2011.09.09 10:27:43.750,1.21577,1.21602,1.50,1.50
2011.09.09 10:27:44.671,1.21579,1.21603,1.50,2.25
2011.09.09 10:27:45.038,1.21583,1.21603,1.50,1.50
2011.09.09 10:27:45.644,1.21581,1.21603,2.25,1.50
2011.09.09 10:27:46.252,1.21581,1.21603,1.50,1.50
2011.09.09 10:27:46.495,1.21581,1.21603,1.50,1.50
2011.09.09 10:27:46.626,1.21581,1.21603,2.25,1.50
2011.09.09 10:27:48.801,1.21581,1.21604,1.50,1.50
2011.09.09 10:27:49.369,1.21582,1.21604,1.50,1.50
2011.09.09 10:27:50.452,1.21581,1.21596,1.50,1.50
2011.09.09 10:27:50.696,1.21578,1.21595,1.50,1.50
2011.09.09 10:27:50.823,1.21568,1.21596,1.50,2.25
2011.09.09 10:27:51.370,1.21563,1.21588,3.68,1.50
2011.09.09 10:27:51.494,1.21561,1.21588,1.50,1.50
2011.09.09 10:27:51.736,1.21558,1.21584,1.50,1.50
2011.09.09 10:27:52.106,1.21558,1.21586,2.25,2.25
2011.09.09 10:27:52.352,1.21558,1.21584,1.50,1.50
2011.09.09 10:27:53.192,1.21559,1.21585,1.50,1.50
2011.09.09 10:27:54.549,1.21558,1.21583,1.50,1.50
2011.09.09 10:27:54.920,1.21554,1.2158,1.50,1.50
2011.09.09 10:27:55.524,1.21556,1.21581,1.50,1.50
2011.09.09 10:27:56.122,1.21554,1.2158,1.50,2.25
2011.09.09 10:27:56.892,1.21556,1.2158,1.50,1.50
2011.09.09 10:27:57.261,1.21553,1.21578,1.50,1.50
2011.09.09 10:27:57.731,1.21555,1.21578,1.50,1.50
2011.09.09 10:27:58.093,1.21555,1.21579,1.50,1.88
2011.09.09 10:27:58.456,1.21555,1.21579,1.50,1.50
2011.09.09 10:27:58.705,1.21559,1.21583,1.50,1.50
2011.09.09 10:27:58.833,1.21559,1.21583,1.50,1.13
2011.09.09 10:27:59.513,1.21561,1.21585,1.50,1.55
2011.09.09 10:27:59.762,1.21555,1.21581,1.50,1.50
2011.09.09 10:28:00.122,1.21555,1.21581,1.50,1.50
2011.09.09 10:28:00.481,1.2156,1.21584,1.50,1.50
2011.09.09 10:28:02.184,1.21559,1.21581,1.50,1.13
2011.09.09 10:28:02.312,1.21559,1.21581,1.50,1.13
2011.09.09 10:28:03.334,1.21564,1.21588,1.50,1.50
2011.09.09 10:28:03.577,1.21569,1.21593,1.50,1.50
2011.09.09 10:28:03.710,1.2157,1.21594,1.50,1.13
2011.09.09 10:28:04.074,1.21571,1.21596,1.50,1.88
2011.09.09 10:28:04.433,1.21572,1.21596,1.50,2.25
2011.09.09 10:28:05.616,1.21567,1.21592,1.50,2.25
2011.09.09 10:28:05.746,1.21567,1.21592,1.50,2.25
2011.09.09 10:28:05.876,1.21566,1.21591,1.50,1.50
2011.09.09 10:28:06.125,1.21567,1.21592,1.50,3.00
2011.09.09 10:28:06.724,1.2157,1.21592,1.50,1.88
2011.09.09 10:28:06.843,1.21568,1.21592,1.50,1.88
2011.09.09 10:28:08.208,1.21565,1.2159,1.50,1.13
2011.09.09 10:28:08.588,1.21563,1.21587,1.50,2.63
2011.09.09 10:28:09.311,1.21563,1.21587,1.50,2.63
2011.09.09 10:28:09.552,1.21563,1.21585,1.50,1.13
2011.09.09 10:28:10.139,1.21563,1.21585,1.50,1.13
2011.09.09 10:28:10.711,1.21561,1.21573,1.50,4.50
2011.09.09 10:28:10.843,1.21557,1.21582,1.50,1.50
2011.09.09 10:28:11.083,1.21565,1.21587,1.50,2.25
2011.09.09 10:28:11.913,1.21564,1.21586,1.50,2.25
2011.09.09 10:28:12.274,1.21559,1.21584,1.50,1.50
2011.09.09 10:28:12.409,1.21561,1.21585,1.50,2.63
2011.09.09 10:28:12.884,1.21562,1.21585,1.50,2.25
2011.09.09 10:28:13.603,1.21557,1.21581,1.50,1.50
2011.09.09 10:28:13.963,1.21557,1.21581,1.50,1.50
2011.09.09 10:28:14.448,1.21554,1.21579,1.50,1.50
2011.09.09 10:28:14.696,1.21556,1.21581,1.50,2.63
2011.09.09 10:28:15.425,1.21556,1.21581,1.50,2.63
2011.09.09 10:28:15.790,1.21562,1.21581,1.50,1.13
2011.09.09 10:28:15.913,1.21557,1.21581,1.50,2.25
2011.09.09 10:28:17.204,1.21554,1.21579,1.50,2.25
2011.09.09 10:28:17.324,1.21555,1.2158,1.50,1.88
2011.09.09 10:28:17.926,1.21552,1.21576,1.50,1.50
2011.09.09 10:28:18.172,1.21558,1.21581,1.50,1.13
2011.09.09 10:28:18.774,1.21559,1.21581,1.50,1.13
2011.09.09 10:28:19.120,1.21554,1.21579,1.50,1.13
2011.09.09 10:28:19.808,1.21558,1.2158,1.50,1.13
2011.09.09 10:28:20.068,1.21564,1.21587,1.50,1.50
2011.09.09 10:28:20.555,1.2156,1.21583,1.50,4.50
2011.09.09 10:28:20.923,1.21561,1.21584,1.50,1.50
2011.09.09 10:28:21.514,1.21563,1.21585,1.50,1.50
2011.09.09 10:28:24.982,1.21563,1.21585,1.50,1.50
2011.09.09 10:28:25.227,1.21563,1.21585,1.50,1.93
2011.09.09 10:28:25.355,1.21563,1.21584,1.50,1.13
2011.09.09 10:28:26.460,1.21558,1.21582,1.50,1.50
2011.09.09 10:28:26.704,1.21558,1.2158,1.50,1.50
2011.09.09 10:28:27.641,1.21558,1.2158,1.50,1.50
2011.09.09 10:28:28.243,1.21553,1.21579,1.50,1.50
2011.09.09 10:28:29.670,1.21557,1.2158,1.50,1.13
2011.09.09 10:28:30.144,1.21557,1.2158,1.50,1.13
2011.09.09 10:28:30.942,1.21555,1.21579,1.50,2.25
2011.09.09 10:28:33.323,1.21553,1.21579,1.50,3.38
2011.09.09 10:28:33.564,1.21552,1.21578,1.50,1.50
2011.09.09 10:28:33.910,1.21557,1.21579,1.50,1.13
2011.09.09 10:28:34.513,1.21555,1.21579,1.50,1.13
2011.09.09 10:28:38.148,1.21553,1.21578,2.25,1.88
2011.09.09 10:28:38.754,1.21556,1.21578,1.50,1.13
2011.09.09 10:28:42.224,1.21556,1.21578,1.50,1.13
2011.09.09 10:28:42.702,1.21556,1.21578,1.50,1.13
2011.09.09 10:28:42.944,1.21558,1.2158,1.50,1.93
2011.09.09 10:28:43.511,1.21555,1.21579,1.50,1.18
2011.09.09 10:28:44.183,1.21555,1.21578,1.50,1.18
2011.09.09 10:28:44.892,1.21555,1.21579,1.50,1.50
2011.09.09 10:28:45.013,1.21555,1.21579,1.50,1.93
2011.09.09 10:28:45.694,1.21569,1.21583,1.50,1.50
2011.09.09 10:28:45.814,1.21562,1.21584,1.50,1.50
2011.09.09 10:28:46.425,1.21554,1.2158,1.50,1.50
2011.09.09 10:28:46.563,1.21554,1.21578,1.50,1.50
2011.09.09 10:28:46.922,1.21552,1.21578,1.50,2.25
2011.09.09 10:28:47.544,1.21552,1.21578,1.50,2.25
2011.09.09 10:28:48.131,1.21552,1.21578,1.50,2.25
2011.09.09 10:28:48.492,1.21554,1.21578,1.50,1.50
2011.09.09 10:28:48.840,1.21554,1.21578,1.50,1.50
2011.09.09 10:28:54.009,1.21548,1.21572,1.50,1.50
2011.09.09 10:28:54.138,1.21551,1.21575,1.50,2.25
2011.09.09 10:28:54.390,1.21551,1.21577,1.50,1.18
2011.09.09 10:28:54.515,1.21554,1.21577,1.50,1.18
2011.09.09 10:28:54.633,1.21556,1.21578,1.50,1.18
2011.09.09 10:28:56.955,1.21558,1.2158,1.50,2.30
2011.09.09 10:28:57.442,1.21555,1.21579,1.50,2.30
2011.09.09 10:28:58.031,1.21557,1.21579,1.50,1.55
2011.09.09 10:28:58.619,1.21556,1.21578,1.50,1.18
2011.09.09 10:28:59.829,1.21556,1.21578,1.50,1.18
2011.09.09 10:29:00.433,1.21556,1.21578,1.50,1.13
2011.09.09 10:29:01.773,1.21557,1.21581,1.50,1.13
2011.09.09 10:29:02.014,1.21556,1.2158,1.50,1.50
2011.09.09 10:29:02.151,1.21558,1.21581,1.50,1.13
2011.09.09 10:29:02.821,1.21562,1.21584,1.50,1.55
2011.09.09 10:29:02.956,1.21556,1.21579,1.50,1.13
2011.09.09 10:29:03.445,1.21556,1.21579,1.50,1.13
2011.09.09 10:29:04.054,1.21558,1.2158,1.50,1.88
2011.09.09 10:29:04.631,1.21556,1.21579,2.25,1.13
2011.09.09 10:29:04.996,1.21556,1.21578,1.50,2.30
2011.09.09 10:29:05.126,1.21556,1.21576,1.50,2.30
2011.09.09 10:29:05.865,1.21556,1.21576,1.50,1.18
2011.09.09 10:29:06.462,1.21553,1.21576,1.50,1.18
2011.09.09 10:29:07.062,1.21553,1.21577,1.50,3.80
2011.09.09 10:29:07.426,1.21558,1.21578,1.50,1.55
2011.09.09 10:29:09.215,1.21552,1.21576,1.50,1.88
2011.09.09 10:29:09.346,1.21558,1.2158,1.50,2.30
2011.09.09 10:29:09.940,1.21556,1.21577,1.50,1.50
2011.09.09 10:29:11.041,1.21556,1.2158,1.50,3.05
2011.09.09 10:29:11.947,1.21556,1.21577,1.50,1.55
2011.09.09 10:29:12.072,1.21554,1.21577,1.50,3.00
2011.09.09 10:29:12.191,1.21553,1.21574,1.50,1.13
2011.09.09 10:29:13.218,1.21555,1.21576,1.50,3.05
2011.09.09 10:29:13.754,1.21555,1.21576,1.50,1.18
2011.09.09 10:29:14.330,1.21554,1.21575,1.50,1.13
2011.09.09 10:29:15.234,1.21554,1.21575,1.50,1.18
2011.09.09 10:29:15.461,1.21554,1.21575,1.50,1.18
2011.09.09 10:29:16.811,1.21554,1.21575,1.50,1.18
2011.09.09 10:29:17.851,1.21554,1.21576,1.50,1.93
2011.09.09 10:29:18.348,1.2155,1.21574,1.50,1.50
2011.09.09 10:29:18.477,1.21552,1.21574,1.50,1.50
2011.09.09 10:29:19.086,1.21552,1.21575,1.50,1.50
2011.09.09 10:29:19.216,1.21557,1.21581,1.50,4.13
2011.09.09 10:29:19.341,1.21557,1.21581,1.50,1.50
2011.09.09 10:29:19.903,1.21557,1.21581,1.50,1.50
2011.09.09 10:29:20.141,1.21557,1.21581,1.50,1.50
2011.09.09 10:29:20.862,1.21556,1.21582,2.25,2.25
2011.09.09 10:29:21.113,1.21558,1.21581,1.50,1.13
2011.09.09 10:29:21.466,1.21558,1.21581,1.50,1.13
2011.09.09 10:29:21.830,1.21558,1.21581,1.50,1.13
2011.09.09 10:29:24.524,1.21556,1.21578,1.50,1.50
2011.09.09 10:29:24.578,1.21553,1.21577,1.50,2.25
2011.09.09 10:29:27.248,1.21557,1.21579,1.50,1.50
2011.09.09 10:29:27.493,1.21557,1.21579,1.50,1.50
2011.09.09 10:29:28.458,1.21556,1.2158,1.50,1.50
2011.09.09 10:29:29.164,1.21556,1.2158,1.50,1.50
2011.09.09 10:29:32.670,1.21558,1.21579,1.50,1.13
2011.09.09 10:29:33.145,1.21556,1.2158,1.50,1.88
2011.09.09 10:29:33.732,1.21556,1.2158,1.50,1.93
2011.09.09 10:29:34.331,1.21556,1.21578,1.50,1.18
2011.09.09 10:29:34.794,1.21556,1.21578,1.50,1.13
2011.09.09 10:29:35.664,1.21554,1.21576,1.50,5.25
2011.09.09 10:29:35.794,1.21551,1.21575,1.50,1.50
2011.09.09 10:29:36.035,1.21556,1.21578,1.50,5.25
2011.09.09 10:29:36.282,1.21552,1.21576,1.50,1.50
2011.09.09 10:29:37.782,1.21552,1.21576,1.50,1.50
2011.09.09 10:29:39.743,1.21552,1.21576,1.50,1.50
2011.09.09 10:29:39.985,1.21552,1.21576,1.50,5.25
2011.09.09 10:29:40.461,1.21552,1.21576,1.50,5.25
2011.09.09 10:29:42.703,1.21552,1.21573,1.50,4.50
2011.09.09 10:29:42.826,1.2155,1.21575,1.50,1.50
2011.09.09 10:29:43.472,1.21551,1.21575,1.50,1.50
2011.09.09 10:29:43.599,1.21553,1.21576,1.50,1.50
2011.09.09 10:29:44.086,1.21555,1.21581,2.25,2.25
2011.09.09 10:29:44.214,1.21559,1.21583,1.50,2.25
2011.09.09 10:29:44.572,1.21559,1.21581,1.50,1.50
2011.09.09 10:29:44.936,1.21553,1.21577,1.50,2.25
2011.09.09 10:29:45.541,1.21558,1.21576,1.50,1.50
2011.09.09 10:29:46.238,1.21558,1.21579,1.50,5.25
2011.09.09 10:29:46.366,1.21555,1.21577,1.50,1.50
2011.09.09 10:29:47.094,1.21553,1.21577,1.50,3.00
2011.09.09 10:29:48.051,1.21555,1.21578,1.50,2.25
2011.09.09 10:29:48.640,1.21555,1.21577,1.50,4.50
2011.09.09 10:29:49.537,1.21555,1.21577,1.50,1.50
2011.09.09 10:29:49.791,1.2156,1.21582,2.25,3.05
2011.09.09 10:29:50.033,1.21554,1.21577,1.50,1.13
2011.09.09 10:29:50.971,1.21551,1.21576,1.50,1.50
2011.09.09 10:29:51.322,1.21551,1.21576,1.50,1.50
2011.09.09 10:29:51.551,1.21557,1.21576,1.50,3.05
2011.09.09 10:29:51.919,1.21551,1.21571,1.50,4.50
2011.09.09 10:29:52.549,1.21548,1.21572,1.50,1.50
2011.09.09 10:29:52.674,1.21552,1.21578,1.50,2.63
2011.09.09 10:29:53.032,1.21551,1.21576,1.50,1.50
2011.09.09 10:29:53.155,1.21552,1.21576,1.50,1.13
2011.09.09 10:29:53.281,1.21551,1.21576,1.50,2.25
2011.09.09 10:29:53.403,1.21552,1.21576,1.50,1.50
2011.09.09 10:29:53.887,1.21551,1.21575,1.50,1.13
2011.09.09 10:29:55.144,1.21554,1.21576,2.10,1.50
2011.09.09 10:29:55.744,1.21554,1.21576,1.50,1.50
2011.09.09 10:29:56.103,1.2155,1.21574,1.50,1.88
2011.09.09 10:29:56.911,1.21551,1.21574,1.50,1.88
2011.09.09 10:29:58.253,1.2155,1.21574,1.50,1.88
2011.09.09 10:29:58.852,1.2155,1.21574,1.50,1.88
2011.09.09 10:29:59.211,1.21549,1.21573,1.50,1.50
2011.09.09 10:29:59.453,1.2155,1.21574,1.50,1.88
2011.09.09 10:30:00.580,1.2155,1.21574,1.50,1.50
2011.09.09 10:30:00.873,1.2155,1.21574,1.50,1.88
2011.09.09 10:30:01.434,1.21553,1.21575,1.50,1.50
2011.09.09 10:30:02.043,1.21551,1.21575,1.50,1.50
2011.09.09 10:30:02.284,1.21556,1.21576,1.50,1.25
2011.09.09 10:30:02.403,1.21553,1.21577,1.50,1.25
2011.09.09 10:30:02.984,1.21551,1.21576,1.50,1.25
2011.09.09 10:30:03.346,1.21553,1.21576,1.50,1.25
2011.09.09 10:30:04.078,1.21553,1.21577,1.50,1.55
2011.09.09 10:30:04.207,1.21552,1.21576,1.50,2.30
2011.09.09 10:30:05.590,1.21552,1.21575,1.50,1.50
2011.09.09 10:30:05.944,1.21552,1.21575,1.50,1.50
2011.09.09 10:30:06.631,1.21552,1.21575,1.50,1.50
2011.09.09 10:30:09.014,1.21552,1.21575,1.50,1.50
2011.09.09 10:30:09.611,1.21553,1.21576,1.50,1.50
2011.09.09 10:30:09.729,1.21553,1.21576,1.50,1.50
2011.09.09 10:30:10.327,1.21553,1.21577,1.50,2.30
2011.09.09 10:30:10.911,1.21553,1.21577,1.50,1.55
2011.09.09 10:30:12.234,1.21553,1.21577,2.25,2.30
2011.09.09 10:30:12.595,1.2155,1.21574,1.50,1.50
2011.09.09 10:30:12.840,1.2155,1.21574,1.50,1.50
2011.09.09 10:30:13.193,1.21549,1.21573,1.50,1.50
2011.09.09 10:30:13.676,1.21551,1.21574,1.50,1.50
2011.09.09 10:30:14.993,1.21549,1.21573,1.50,1.50
2011.09.09 10:30:15.231,1.21549,1.21574,1.50,2.25
2011.09.09 10:30:16.777,1.2155,1.21576,2.25,1.55
2011.09.09 10:30:17.677,1.21551,1.21574,1.50,1.50
2011.09.09 10:30:18.284,1.21551,1.21576,2.25,1.92
2011.09.09 10:30:18.849,1.21552,1.21576,1.50,1.92
2011.09.09 10:30:19.790,1.21552,1.21576,1.50,1.92
2011.09.09 10:30:20.152,1.21552,1.21576,1.50,1.55
2011.09.09 10:30:20.271,1.21552,1.21576,1.50,1.55
2011.09.09 10:30:21.010,1.21552,1.21576,1.50,1.55
2011.09.09 10:30:21.137,1.21552,1.21576,1.50,2.30
2011.09.09 10:30:21.720,1.21552,1.21576,1.50,1.92
2011.09.09 10:30:22.513,1.21552,1.21576,1.50,1.55
2011.09.09 10:30:23.190,1.21552,1.21576,1.50,5.67
2011.09.09 10:30:23.309,1.21552,1.21576,1.50,6.05
2011.09.09 10:30:23.890,1.2155,1.21573,1.50,1.50
2011.09.09 10:30:24.576,1.21551,1.21575,2.25,1.50
2011.09.09 10:30:24.706,1.2155,1.21574,1.50,1.50
2011.09.09 10:30:25.073,1.21551,1.21575,1.50,1.50
2011.09.09 10:30:29.143,1.21552,1.21577,2.25,1.55
2011.09.09 10:30:29.743,1.21554,1.2158,2.25,2.30
2011.09.09 10:30:30.211,1.21557,1.21581,1.50,1.21
2011.09.09 10:30:31.801,1.21558,1.21583,1.50,1.59
2011.09.09 10:30:33.923,1.21558,1.21582,2.25,1.59
2011.09.09 10:30:34.762,1.21557,1.21582,2.25,1.96
2011.09.09 10:30:35.221,1.21557,1.21583,2.25,1.96
2011.09.09 10:30:37.293,1.21557,1.21582,1.50,1.96
2011.09.09 10:30:37.411,1.21558,1.21582,1.50,1.21
2011.09.09 10:30:39.740,1.21557,1.21582,1.50,1.96
2011.09.09 10:30:41.425,1.21558,1.21582,1.50,1.59
2011.09.09 10:30:42.071,1.21559,1.21583,1.50,1.21
2011.09.09 10:30:45.101,1.21558,1.21582,1.50,1.59
2011.09.09 10:30:45.671,1.21558,1.21583,1.50,2.01
2011.09.09 10:30:46.469,1.21558,1.21583,1.50,1.59
2011.09.09 10:30:46.838,1.21561,1.21585,1.50,1.21
2011.09.09 10:30:47.762,1.2156,1.21584,1.50,1.96
2011.09.09 10:30:48.115,1.2156,1.21585,2.25,1.21
2011.09.09 10:30:48.701,1.21559,1.21584,1.50,1.96
2011.09.09 10:30:49.302,1.21559,1.21583,2.25,1.59
2011.09.09 10:30:50.854,1.21561,1.21585,1.50,2.39
2011.09.09 10:30:50.981,1.21561,1.21583,1.50,1.59
2011.09.09 10:30:51.942,1.21561,1.21584,1.50,1.64
2011.09.09 10:30:52.652,1.21561,1.21582,1.50,1.59
2011.09.09 10:30:53.242,1.21561,1.21583,1.50,1.59
2011.09.09 10:30:54.879,1.21561,1.21586,2.25,2.34
2011.09.09 10:30:55.995,1.21562,1.21585,1.50,1.64
2011.09.09 10:30:59.233,1.21563,1.21585,1.50,2.34
2011.09.09 10:30:59.823,1.21561,1.21585,1.50,1.59
2011.09.09 10:31:00.062,1.21559,1.21583,1.50,1.59
2011.09.09 10:31:01.172,1.21561,1.21583,1.50,1.59
2011.09.09 10:31:03.023,1.21555,1.21576,1.50,1.50
2011.09.09 10:31:03.143,1.21551,1.21576,1.50,1.50
2011.09.09 10:31:03.265,1.21552,1.21577,1.50,1.55
2011.09.09 10:31:03.383,1.21552,1.21577,1.50,1.55
2011.09.09 10:31:03.623,1.21553,1.21579,1.50,1.55
2011.09.09 10:31:03.742,1.21553,1.21579,1.50,1.55
2011.09.09 10:31:04.496,1.21553,1.21579,1.50,2.30
2011.09.09 10:31:05.325,1.21553,1.21579,1.50,2.30
2011.09.09 10:31:05.580,1.21551,1.21576,1.50,1.50
2011.09.09 10:31:05.945,1.21548,1.21573,1.50,1.50
2011.09.09 10:31:06.828,1.21549,1.21574,1.50,1.50
2011.09.09 10:31:06.951,1.21551,1.21575,1.50,1.50
2011.09.09 10:31:07.071,1.21552,1.21576,1.50,1.50
2011.09.09 10:31:07.432,1.21552,1.21576,1.50,1.50
2011.09.09 10:31:09.072,1.21552,1.21576,1.50,1.50
2011.09.09 10:31:09.191,1.21554,1.21578,1.50,1.55
2011.09.09 10:31:09.921,1.21549,1.21575,1.50,1.50
2011.09.09 10:31:10.164,1.21551,1.21576,1.50,2.25
2011.09.09 10:31:11.107,1.2155,1.21575,1.50,1.50
2011.09.09 10:31:11.233,1.21549,1.21575,1.50,2.25
2011.09.09 10:31:11.820,1.2155,1.21575,1.50,2.25
2011.09.09 10:31:13.130,1.21548,1.21573,2.25,1.50
2011.09.09 10:31:14.370,1.2155,1.21573,1.50,1.50
2011.09.09 10:31:15.426,1.2155,1.21574,1.50,1.50
2011.09.09 10:31:16.157,1.2155,1.21574,1.50,1.50
2011.09.09 10:31:18.630,1.21548,1.21573,2.25,1.50
2011.09.09 10:31:18.870,1.2155,1.21574,1.50,1.50
2011.09.09 10:31:21.391,1.21548,1.21572,2.25,1.50
2011.09.09 10:31:22.190,1.21549,1.21574,1.50,1.50
2011.09.09 10:31:22.921,1.21548,1.21572,2.25,1.50
2011.09.09 10:31:23.161,1.21549,1.21574,1.50,1.50
2011.09.09 10:31:25.400,1.21547,1.21571,3.75,1.50
2011.09.09 10:31:25.527,1.21547,1.21571,3.00,1.50
2011.09.09 10:31:26.481,1.21547,1.21569,2.25,1.50
2011.09.09 10:31:26.722,1.21547,1.21572,3.00,1.50
2011.09.09 10:31:27.530,1.21547,1.21572,3.00,1.50
2011.09.09 10:31:28.122,1.21547,1.21572,3.00,1.50
2011.09.09 10:31:29.850,1.21548,1.21572,1.50,1.50
2011.09.09 10:31:30.079,1.21548,1.21572,1.50,1.50
2011.09.09 10:31:30.478,1.21548,1.2157,1.50,1.50
2011.09.09 10:31:30.601,1.21548,1.2157,1.50,2.25
2011.09.09 10:31:31.264,1.21547,1.21569,1.50,1.50
2011.09.09 10:31:31.929,1.21547,1.21569,1.50,1.50
2011.09.09 10:31:32.476,1.21547,1.21569,1.50,1.50
2011.09.09 10:31:33.084,1.21547,1.2157,1.50,1.50
2011.09.09 10:31:34.905,1.21547,1.21566,1.50,1.50
2011.09.09 10:31:35.276,1.21543,1.21563,1.35,1.50
2011.09.09 10:31:35.771,1.21543,1.21567,1.35,1.50
2011.09.09 10:31:38.762,1.21542,1.21564,1.35,1.50
2011.09.09 10:31:39.493,1.21541,1.21561,1.50,1.50
2011.09.09 10:31:39.869,1.21538,1.21558,2.25,1.50
2011.09.09 10:31:40.837,1.21538,1.21558,2.25,1.50
2011.09.09 10:31:42.575,1.21538,1.21562,2.25,2.30
2011.09.09 10:31:42.827,1.21539,1.21564,1.50,1.59
2011.09.09 10:31:44.983,1.21547,1.21568,1.50,1.21
2011.09.09 10:31:45.103,1.21544,1.21566,1.50,1.59
2011.09.09 10:31:45.226,1.21539,1.21564,1.50,1.59
2011.09.09 10:31:45.476,1.21538,1.2156,2.25,1.55
2011.09.09 10:31:45.946,1.21539,1.21565,1.50,2.34
2011.09.09 10:31:46.543,1.21537,1.2156,2.25,1.55
2011.09.09 10:31:47.121,1.21537,1.2156,2.25,1.55
2011.09.09 10:31:48.362,1.21538,1.2156,2.25,1.55
2011.09.09 10:31:48.952,1.21537,1.2156,2.25,1.55
2011.09.09 10:31:49.541,1.21537,1.2156,2.25,1.55
2011.09.09 10:31:50.099,1.21538,1.21562,1.50,2.30
2011.09.09 10:31:50.981,1.21538,1.2156,1.50,1.55
2011.09.09 10:31:51.660,1.21538,1.21563,1.50,1.59
2011.09.09 10:31:52.470,1.21537,1.21557,1.50,1.50
2011.09.09 10:31:53.080,1.21536,1.21558,1.50,1.55
2011.09.09 10:31:53.673,1.21536,1.21558,2.25,1.55
2011.09.09 10:31:54.502,1.21536,1.21558,1.50,1.55
2011.09.09 10:31:55.523,1.21536,1.21558,2.25,1.55
2011.09.09 10:31:57.022,1.21538,1.21556,1.50,2.30
2011.09.09 10:31:57.722,1.21537,1.21556,1.50,1.55
2011.09.09 10:31:58.084,1.21534,1.21556,1.50,2.30
2011.09.09 10:31:58.206,1.21534,1.21551,1.50,1.50
2011.09.09 10:31:58.331,1.21528,1.2155,2.85,1.50
2011.09.09 10:31:59.021,1.21528,1.21549,2.85,1.50
2011.09.09 10:31:59.158,1.21528,1.21548,1.50,5.25
2011.09.09 10:31:59.530,1.21528,1.21545,1.50,1.18
2011.09.09 10:32:01.247,1.21528,1.21546,1.50,1.13
2011.09.09 10:32:01.619,1.21528,1.21546,1.50,4.88
2011.09.09 10:32:03.442,1.21527,1.21544,1.50,1.13
2011.09.09 10:32:04.223,1.21527,1.21544,1.50,1.13
2011.09.09 10:32:04.356,1.21516,1.21537,1.95,1.50
2011.09.09 10:32:04.727,1.21513,1.21539,1.50,1.50
2011.09.09 10:32:04.854,1.21511,1.21537,1.50,1.50
2011.09.09 10:32:05.451,1.21511,1.21536,1.50,1.50
2011.09.09 10:32:05.693,1.21512,1.21536,2.25,1.50
2011.09.09 10:32:06.051,1.21509,1.21535,1.50,1.50
2011.09.09 10:32:06.402,1.21511,1.21536,1.50,1.50
2011.09.09 10:32:07.186,1.21515,1.21543,1.50,1.71
2011.09.09 10:32:07.318,1.2151,1.21544,1.50,3.21
2011.09.09 10:32:07.447,1.21508,1.21542,1.50,1.71
2011.09.09 10:32:08.055,1.21508,1.21543,1.50,2.38
2011.09.09 10:32:08.532,1.2151,1.21543,1.50,1.63
2011.09.09 10:32:08.895,1.21517,1.21546,1.50,2.38
2011.09.09 10:32:09.261,1.21521,1.21546,1.50,1.67
2011.09.09 10:32:09.940,1.21525,1.21547,1.50,1.67
2011.09.09 10:32:10.183,1.21521,1.21546,1.50,1.67
2011.09.09 10:32:10.785,1.21519,1.21545,1.50,2.83
2011.09.09 10:32:10.905,1.21519,1.21544,1.50,2.41
2011.09.09 10:32:11.037,1.21516,1.21542,1.50,1.66
2011.09.09 10:32:11.522,1.21519,1.21543,1.50,1.66
2011.09.09 10:32:12.111,1.21516,1.21541,1.50,1.66
2011.09.09 10:32:13.973,1.21516,1.21541,1.50,1.66
2011.09.09 10:32:14.785,1.21517,1.21542,1.50,1.66
2011.09.09 10:32:15.653,1.21516,1.21542,1.50,3.17
2011.09.09 10:32:15.786,1.21515,1.21541,1.50,1.67
2011.09.09 10:32:15.910,1.21516,1.21541,1.50,1.67
2011.09.09 10:32:16.390,1.21518,1.21542,1.50,1.71
2011.09.09 10:32:17.469,1.21514,1.21538,1.50,1.59
2011.09.09 10:32:17.597,1.21512,1.21538,1.50,1.59
2011.09.09 10:32:18.222,1.21511,1.21538,1.50,1.59
2011.09.09 10:32:19.766,1.21511,1.2154,1.50,3.58
2011.09.09 10:32:20.826,1.21509,1.21537,1.50,2.34
2011.09.09 10:32:21.429,1.21507,1.21534,1.50,1.59
2011.09.09 10:32:22.043,1.21514,1.21539,1.50,1.29
2011.09.09 10:32:22.642,1.21514,1.2154,1.50,2.04
2011.09.09 10:32:24.012,1.21514,1.21539,1.50,1.27
2011.09.09 10:32:24.258,1.21511,1.21539,2.25,2.46
2011.09.09 10:32:25.826,1.21507,1.21537,2.25,1.59
2011.09.09 10:32:26.921,1.21507,1.21537,2.25,2.01
2011.09.09 10:32:26.988,1.21505,1.21535,1.50,1.59
2011.09.09 10:32:27.823,1.21515,1.21535,1.50,3.42
2011.09.09 10:32:28.063,1.21519,1.21545,2.25,2.68
2011.09.09 10:32:28.190,1.2152,1.21547,3.00,4.88
2011.09.09 10:32:28.436,1.21519,1.21544,1.50,1.50
2011.09.09 10:32:29.040,1.21519,1.21543,1.50,1.50
2011.09.09 10:32:29.700,1.21519,1.21545,2.25,1.50
2011.09.09 10:32:30.060,1.21519,1.21543,1.50,1.50
2011.09.09 10:32:30.291,1.2152,1.21546,2.25,2.25
2011.09.09 10:32:30.415,1.21522,1.21547,1.50,1.13
2011.09.09 10:32:30.788,1.21522,1.21548,1.50,1.88
2011.09.09 10:32:31.156,1.21527,1.21549,1.50,1.13
2011.09.09 10:32:31.527,1.21521,1.21545,3.75,1.50
2011.09.09 10:32:32.291,1.21514,1.21538,2.18,1.50
2011.09.09 10:32:32.656,1.21503,1.2153,1.50,1.50
2011.09.09 10:32:33.265,1.21502,1.21531,1.50,1.50
2011.09.09 10:32:33.398,1.21501,1.21528,2.25,1.50
2011.09.09 10:32:34.003,1.21501,1.21527,1.50,1.50
2011.09.09 10:32:35.501,1.21499,1.21525,2.25,1.50
2011.09.09 10:32:35.687,1.21495,1.2152,1.35,1.50
2011.09.09 10:32:36.053,1.21496,1.21515,1.35,1.50
2011.09.09 10:32:36.784,1.21506,1.2153,1.50,2.25
2011.09.09 10:32:36.911,1.21506,1.2153,1.50,1.50
2011.09.09 10:32:37.569,1.2151,1.21535,1.50,1.50
2011.09.09 10:32:37.704,1.2151,1.2154,1.50,2.25
2011.09.09 10:32:37.947,1.21509,1.21538,1.50,1.50
2011.09.09 10:32:38.317,1.21509,1.21538,1.73,1.50
2011.09.09 10:32:38.684,1.21512,1.2154,1.73,1.88
2011.09.09 10:32:39.404,1.21511,1.21538,2.48,1.50
2011.09.09 10:32:40.007,1.21511,1.21537,2.25,1.50
2011.09.09 10:32:40.605,1.21509,1.21537,1.50,1.50
2011.09.09 10:32:40.738,1.2151,1.2154,1.50,1.93
2011.09.09 10:32:41.108,1.21512,1.21541,1.50,2.25
2011.09.09 10:32:41.357,1.21511,1.2154,1.50,1.50
2011.09.09 10:32:41.611,1.21512,1.21541,1.50,1.50
2011.09.09 10:32:42.501,1.21515,1.21541,1.50,2.25
2011.09.09 10:32:42.986,1.21518,1.21544,2.25,2.25
2011.09.09 10:32:43.353,1.2152,1.21544,1.50,1.50
2011.09.09 10:32:43.593,1.21517,1.21543,2.25,1.50
2011.09.09 10:32:43.717,1.21517,1.21542,1.50,1.50
2011.09.09 10:32:44.209,1.21514,1.21541,1.50,1.50
2011.09.09 10:32:45.412,1.21505,1.2153,1.50,1.50
2011.09.09 10:32:45.536,1.21504,1.21529,1.50,1.50
2011.09.09 10:32:46.132,1.21504,1.21531,1.50,1.50
2011.09.09 10:32:46.725,1.21503,1.21529,1.50,1.50
2011.09.09 10:32:47.337,1.21501,1.21529,2.25,1.50
2011.09.09 10:32:48.287,1.21498,1.21525,1.50,1.50
2011.09.09 10:32:48.774,1.215,1.21527,1.50,1.50
2011.09.09 10:32:49.376,1.215,1.21527,1.50,1.50
2011.09.09 10:32:49.625,1.21499,1.21525,1.50,1.50
2011.09.09 10:32:49.754,1.21503,1.21527,1.50,1.50
2011.09.09 10:32:50.473,1.21503,1.21529,2.25,1.50
2011.09.09 10:32:51.165,1.21503,1.2153,2.25,1.13
2011.09.09 10:32:51.884,1.21505,1.21531,1.50,1.50
2011.09.09 10:32:52.007,1.21503,1.2153,1.50,1.13
2011.09.09 10:32:52.374,1.215,1.21529,1.50,1.50
2011.09.09 10:32:52.712,1.21503,1.21531,2.25,1.50
2011.09.09 10:32:53.195,1.21504,1.21531,1.13,1.50
2011.09.09 10:32:53.571,1.21521,1.21545,1.50,1.18
2011.09.09 10:32:54.186,1.21532,1.21554,1.50,1.18
2011.09.09 10:32:54.322,1.21538,1.21562,1.50,2.10
2011.09.09 10:32:54.574,1.2154,1.21565,1.50,1.50
2011.09.09 10:32:54.699,1.21543,1.21568,1.50,1.50
2011.09.09 10:32:54.957,1.21546,1.21575,1.50,1.50
2011.09.09 10:32:55.551,1.21544,1.21577,1.50,1.50
2011.09.09 10:32:56.392,1.21543,1.21573,1.50,1.50
2011.09.09 10:32:56.990,1.21543,1.21573,1.50,1.50
2011.09.09 10:32:57.594,1.21541,1.21574,1.50,1.50
2011.09.09 10:32:57.711,1.21541,1.21574,1.50,1.50
2011.09.09 10:32:58.198,1.21544,1.21577,1.50,1.50
2011.09.09 10:32:58.566,1.21548,1.21578,2.25,1.50
2011.09.09 10:32:58.934,1.21552,1.21583,1.43,1.50
2011.09.09 10:32:59.595,1.21552,1.21589,1.43,1.50
2011.09.09 10:33:00.328,1.21553,1.21591,2.18,3.75
2011.09.09 10:33:00.454,1.21554,1.2159,1.43,1.13
2011.09.09 10:33:01.175,1.21558,1.21574,1.50,4.50
2011.09.09 10:33:01.308,1.21548,1.21568,1.50,1.50
2011.09.09 10:33:01.434,1.21543,1.21563,2.25,1.50
2011.09.09 10:33:01.557,1.21541,1.21561,1.43,1.50
2011.09.09 10:33:01.683,1.21541,1.21561,1.43,1.50
2011.09.09 10:33:02.485,1.21541,1.21562,1.43,3.00
2011.09.09 10:33:02.612,1.21541,1.21569,1.50,1.50
2011.09.09 10:33:02.976,1.21529,1.21563,3.68,1.50
2011.09.09 10:33:03.225,1.21526,1.21562,1.50,3.75
2011.09.09 10:33:03.812,1.21523,1.21562,1.43,2.25
2011.09.09 10:33:04.041,1.21523,1.21563,2.18,1.50
2011.09.09 10:33:05.726,1.21523,1.21562,2.18,1.18
2011.09.09 10:33:06.382,1.21527,1.21561,1.50,1.13
2011.09.09 10:33:06.511,1.21534,1.21563,1.50,1.50
2011.09.09 10:33:06.633,1.21534,1.21562,1.50,1.50
2011.09.09 10:33:06.876,1.21531,1.21562,2.25,1.50
2011.09.09 10:33:07.007,1.21531,1.21561,1.50,1.50
2011.09.09 10:33:07.135,1.21531,1.21561,2.18,1.50
2011.09.09 10:33:07.254,1.21533,1.21563,1.43,1.50
2011.09.09 10:33:07.841,1.21533,1.21564,1.43,1.13
2011.09.09 10:33:08.423,1.21534,1.21563,1.50,2.25
2011.09.09 10:33:08.785,1.2153,1.21556,1.50,2.25
2011.09.09 10:33:09.329,1.21529,1.2156,1.50,1.50
2011.09.09 10:33:09.461,1.2153,1.21561,1.50,1.13
2011.09.09 10:33:09.582,1.21531,1.21561,2.25,1.13
2011.09.09 10:33:09.827,1.2153,1.21561,2.25,1.13
2011.09.09 10:33:10.076,1.2153,1.21561,1.50,1.13
2011.09.09 10:33:10.685,1.21529,1.21559,1.50,1.18
2011.09.09 10:33:11.057,1.21529,1.21558,1.50,1.18
2011.09.09 10:33:11.875,1.21527,1.21554,1.50,1.50
2011.09.09 10:33:12.256,1.21543,1.2157,1.43,1.50
2011.09.09 10:33:12.631,1.21542,1.21566,1.43,4.50
2011.09.09 10:33:12.763,1.21541,1.21563,1.50,2.25
2011.09.09 10:33:12.890,1.21534,1.21558,1.50,1.50
2011.09.09 10:33:13.017,1.21532,1.21556,2.25,1.50
2011.09.09 10:33:13.148,1.21532,1.21556,2.25,1.50
2011.09.09 10:33:13.277,1.21532,1.2156,1.50,1.50
2011.09.09 10:33:13.955,1.21539,1.21571,1.50,1.50
2011.09.09 10:33:14.324,1.21538,1.21569,1.50,1.50
2011.09.09 10:33:14.803,1.21541,1.21572,1.50,1.50
2011.09.09 10:33:15.632,1.21539,1.2157,1.50,1.50
2011.09.09 10:33:15.754,1.21538,1.2157,1.50,1.50
2011.09.09 10:33:15.873,1.21533,1.21566,2.25,1.50
2011.09.09 10:33:15.993,1.21533,1.21566,1.50,1.50
2011.09.09 10:33:16.584,1.21533,1.21564,1.50,1.50
2011.09.09 10:33:17.323,1.21519,1.21553,3.00,1.50
2011.09.09 10:33:17.455,1.21514,1.2155,2.10,1.50
2011.09.09 10:33:17.587,1.21514,1.21549,1.50,1.50
2011.09.09 10:33:17.955,1.21506,1.21536,1.50,1.50
2011.09.09 10:33:18.204,1.21507,1.21539,1.50,1.50
2011.09.09 10:33:18.323,1.21506,1.21539,1.50,1.50
2011.09.09 10:33:18.565,1.21508,1.21541,1.50,1.50
2011.09.09 10:33:18.820,1.21508,1.21547,1.50,1.50
2011.09.09 10:33:19.602,1.21505,1.21545,2.25,3.00
2011.09.09 10:33:20.093,1.21509,1.21544,1.50,1.93
2011.09.09 10:33:20.696,1.21509,1.21543,1.50,1.18
2011.09.09 10:33:21.202,1.21507,1.21543,1.50,1.18
2011.09.09 10:33:21.804,1.21509,1.21544,1.50,1.18
2011.09.09 10:33:22.656,1.21509,1.21543,1.50,1.13
2011.09.09 10:33:23.286,1.21509,1.21543,1.50,1.13
2011.09.09 10:33:23.946,1.21509,1.21543,1.50,1.13
2011.09.09 10:33:24.074,1.2151,1.21545,1.50,1.88
2011.09.09 10:33:24.315,1.21509,1.21544,1.50,1.13
2011.09.09 10:33:25.045,1.21507,1.21544,1.50,1.93
2011.09.09 10:33:26.183,1.21507,1.21542,1.50,3.05
2011.09.09 10:33:26.781,1.21506,1.2154,2.25,1.18
2011.09.09 10:33:27.495,1.21507,1.2154,1.50,1.18
2011.09.09 10:33:27.862,1.21506,1.21538,1.50,1.13
2011.09.09 10:33:27.985,1.21507,1.21539,1.50,1.13
2011.09.09 10:33:28.237,1.2151,1.21541,1.50,3.05
2011.09.09 10:33:28.976,1.21508,1.21541,1.50,3.05
2011.09.09 10:33:29.583,1.21508,1.21541,1.50,1.13
2011.09.09 10:33:30.413,1.21508,1.21541,1.50,1.93
2011.09.09 10:33:30.532,1.21504,1.21539,1.50,1.13
2011.09.09 10:33:30.772,1.21504,1.21538,1.50,1.13
2011.09.09 10:33:31.362,1.21505,1.2154,2.25,1.13
2011.09.09 10:33:32.335,1.21505,1.2154,2.25,1.13
2011.09.09 10:33:32.945,1.21509,1.21539,1.50,1.18
2011.09.09 10:33:33.302,1.21505,1.21538,2.25,1.93
2011.09.09 10:33:33.542,1.21508,1.21539,1.50,1.18
2011.09.09 10:33:33.784,1.21504,1.21537,1.50,1.50
2011.09.09 10:33:34.384,1.21505,1.21538,1.50,1.18
2011.09.09 10:33:35.502,1.21508,1.21539,1.50,1.93
2011.09.09 10:33:35.865,1.21512,1.21539,1.50,2.68
2011.09.09 10:33:36.227,1.21514,1.2154,1.50,1.13
2011.09.09 10:33:36.847,1.21511,1.21537,1.50,1.50
2011.09.09 10:33:37.576,1.21512,1.2154,1.50,1.88
2011.09.09 10:33:38.304,1.21513,1.21541,1.50,1.50
2011.09.09 10:33:38.542,1.21511,1.2154,1.50,1.13
2011.09.09 10:33:38.789,1.21507,1.21541,1.50,2.25
2011.09.09 10:33:39.156,1.21504,1.21541,2.25,1.50
2011.09.09 10:33:39.525,1.21507,1.2154,1.50,1.50
2011.09.09 10:33:39.893,1.21505,1.21538,1.50,1.50
2011.09.09 10:33:40.340,1.21507,1.2154,1.50,1.88
2011.09.09 10:33:41.707,1.21506,1.21542,1.50,2.25
2011.09.09 10:33:42.422,1.21506,1.21542,1.50,1.50
2011.09.09 10:33:42.870,1.21507,1.21545,1.50,1.50
2011.09.09 10:33:44.332,1.21506,1.21541,1.43,1.50
2011.09.09 10:33:45.174,1.21511,1.21545,1.50,1.50
2011.09.09 10:33:45.295,1.2151,1.2155,1.13,1.18
2011.09.09 10:33:45.651,1.21516,1.21551,1.50,1.50
2011.09.09 10:33:46.066,1.21515,1.2155,2.25,1.50
2011.09.09 10:33:46.191,1.21509,1.21546,1.06,1.50
2011.09.09 10:33:46.421,1.21511,1.21551,1.13,2.25
2011.09.09 10:33:46.545,1.21517,1.21551,1.50,1.50
2011.09.09 10:33:47.023,1.21511,1.21551,1.88,2.25
2011.09.09 10:33:47.783,1.21511,1.21546,1.88,1.50
2011.09.09 10:33:48.151,1.21518,1.21552,1.50,1.50
2011.09.09 10:33:48.394,1.21518,1.21552,1.50,1.50
2011.09.09 10:33:48.991,1.21517,1.21554,2.18,1.88
2011.09.09 10:33:49.116,1.21521,1.21554,1.50,1.13
2011.09.09 10:33:49.244,1.21516,1.21553,2.18,1.13
2011.09.09 10:33:49.366,1.21515,1.2155,2.18,1.50
2011.09.09 10:33:49.494,1.21515,1.21552,1.50,1.50
2011.09.09 10:33:49.612,1.21516,1.21553,1.50,1.13
2011.09.09 10:33:49.843,1.21516,1.21554,1.50,2.63
2011.09.09 10:33:50.082,1.21515,1.21552,1.50,2.25
2011.09.09 10:33:50.782,1.21515,1.21552,1.13,1.50
2011.09.09 10:33:51.496,1.21515,1.21553,1.50,2.63
2011.09.09 10:33:51.860,1.21516,1.21552,1.50,1.50
2011.09.09 10:33:52.091,1.21517,1.21553,1.50,2.63
2011.09.09 10:33:52.211,1.21516,1.21552,1.50,1.50
2011.09.09 10:33:53.065,1.21515,1.21552,1.50,1.50
2011.09.09 10:33:53.431,1.21512,1.21549,1.50,2.25
2011.09.09 10:33:53.553,1.21512,1.21549,1.50,1.50
2011.09.09 10:33:53.917,1.2151,1.21548,1.50,1.50
2011.09.09 10:33:54.284,1.2151,1.21549,1.50,1.50
2011.09.09 10:33:54.401,1.21508,1.21549,1.43,1.50
2011.09.09 10:33:55.141,1.2151,1.21549,1.50,1.50
2011.09.09 10:33:55.273,1.21508,1.21549,1.81,2.25
2011.09.09 10:33:55.516,1.21514,1.21549,1.50,1.50
2011.09.09 10:33:56.004,1.21509,1.21545,1.43,1.50
2011.09.09 10:33:56.126,1.2151,1.21548,1.43,2.25
2011.09.09 10:33:56.254,1.21509,1.21547,2.18,2.25
2011.09.09 10:33:56.854,1.21515,1.21545,1.50,1.50
2011.09.09 10:33:57.213,1.21512,1.2155,1.50,1.13
2011.09.09 10:33:57.974,1.21515,1.21551,1.50,3.75
2011.09.09 10:33:58.332,1.21516,1.2155,1.50,1.88
2011.09.09 10:33:58.691,1.21518,1.2155,1.50,1.88
2011.09.09 10:33:58.814,1.21514,1.21548,1.50,1.13
2011.09.09 10:33:59.292,1.21511,1.21543,1.43,1.50
2011.09.09 10:33:59.531,1.21512,1.21547,1.50,1.13
2011.09.09 10:34:00.716,1.21514,1.21543,1.50,1.35
2011.09.09 10:34:00.844,1.21511,1.21545,1.50,1.35
2011.09.09 10:34:01.431,1.2152,1.21544,1.13,1.35
2011.09.09 10:34:01.801,1.21526,1.21551,1.50,1.50
2011.09.09 10:34:03.086,1.21531,1.21555,1.50,2.70
2011.09.09 10:34:03.455,1.21531,1.21555,1.50,2.10
2011.09.09 10:34:03.583,1.21531,1.21555,1.50,2.10
2011.09.09 10:34:03.942,1.2153,1.21554,1.50,1.50
2011.09.09 10:34:04.547,1.21529,1.21554,1.50,1.50
2011.09.09 10:34:04.789,1.21533,1.21555,1.50,2.10
2011.09.09 10:34:05.575,1.21532,1.21556,1.50,1.35
2011.09.09 10:34:05.694,1.2153,1.21555,2.25,2.10
2011.09.09 10:34:06.053,1.2153,1.21555,1.50,2.10
2011.09.09 10:34:06.292,1.2152,1.21551,2.18,1.50
2011.09.09 10:34:06.413,1.21518,1.21551,2.25,2.25
2011.09.09 10:34:06.773,1.21518,1.21551,2.25,3.75
2011.09.09 10:34:07.123,1.21519,1.21551,1.50,1.50
2011.09.09 10:34:07.712,1.21521,1.21551,1.50,2.25
2011.09.09 10:34:08.281,1.2152,1.21551,1.50,2.25
2011.09.09 10:34:09.174,1.2153,1.21555,1.83,1.73
2011.09.09 10:34:09.316,1.21525,1.2156,1.50,2.10
2011.09.09 10:34:09.561,1.21524,1.21558,2.18,1.35
2011.09.09 10:34:09.913,1.21524,1.21558,1.50,1.35
2011.09.09 10:34:10.031,1.21526,1.21559,1.50,1.35
2011.09.09 10:34:10.155,1.21526,1.21559,1.50,2.10
2011.09.09 10:34:10.402,1.21522,1.21555,2.25,1.35
2011.09.09 10:34:11.001,1.21521,1.21555,1.50,2.10
2011.09.09 10:34:11.365,1.21521,1.21556,1.50,2.10
2011.09.09 10:34:11.736,1.21533,1.21557,1.50,1.35
2011.09.09 10:34:12.519,1.21532,1.21556,1.50,1.73
2011.09.09 10:34:15.512,1.21533,1.21557,1.50,2.10
2011.09.09 10:34:16.513,1.21553,1.21572,2.25,1.93
2011.09.09 10:34:16.755,1.21559,1.2158,1.13,1.35
2011.09.09 10:34:16.883,1.21562,1.2158,1.43,1.35
2011.09.09 10:34:17.604,1.21561,1.21585,2.25,1.35
2011.09.09 10:34:17.723,1.21556,1.2158,1.50,1.35
2011.09.09 10:34:17.961,1.21552,1.21576,2.18,2.10
2011.09.09 10:34:18.192,1.21551,1.21576,1.43,2.10
2011.09.09 10:34:18.791,1.21551,1.21577,1.43,1.35
2011.09.09 10:34:18.911,1.21548,1.21578,1.43,1.35
2011.09.09 10:34:19.727,1.21549,1.21578,1.43,1.35
2011.09.09 10:34:19.973,1.21554,1.21579,1.43,1.35
2011.09.09 10:34:20.443,1.21552,1.21579,1.43,1.35
2011.09.09 10:34:21.045,1.21554,1.21579,1.88,1.35
2011.09.09 10:34:21.404,1.21559,1.21585,2.93,2.10
2011.09.09 10:34:22.362,1.21559,1.21582,1.50,1.35
2011.09.09 10:34:23.817,1.21561,1.21584,1.43,2.10
2011.09.09 10:34:24.183,1.21564,1.21585,2.18,1.35
2011.09.09 10:34:24.423,1.21561,1.21584,1.43,1.35
2011.09.09 10:34:25.004,1.21565,1.21585,1.50,1.35
2011.09.09 10:34:25.363,1.21566,1.21586,2.18,2.10
2011.09.09 10:34:25.963,1.21558,1.21581,1.43,1.35
2011.09.09 10:34:26.735,1.21549,1.21576,1.50,1.35
2011.09.09 10:34:27.531,1.21548,1.21575,1.50,1.50
2011.09.09 10:34:27.652,1.21548,1.21573,1.50,1.50
2011.09.09 10:34:27.775,1.21544,1.21569,1.50,2.25
2011.09.09 10:34:28.470,1.21544,1.21568,1.50,1.50
2011.09.09 10:34:28.717,1.21543,1.21568,1.50,2.25
2011.09.09 10:34:29.453,1.21534,1.21557,1.50,1.35
2011.09.09 10:34:29.583,1.21516,1.21552,1.50,1.50
2011.09.09 10:34:29.823,1.21515,1.21555,2.25,1.50
2011.09.09 10:34:29.943,1.21515,1.21552,1.50,1.50
2011.09.09 10:34:30.306,1.21547,1.21557,4.50,1.35
2011.09.09 10:34:30.438,1.21545,1.21566,1.43,2.68
2011.09.09 10:34:30.570,1.21546,1.21566,1.50,1.93
2011.09.09 10:34:30.702,1.21539,1.21567,1.50,1.50
2011.09.09 10:34:30.829,1.21536,1.21571,1.50,1.50
2011.09.09 10:34:30.953,1.21536,1.21574,1.50,1.50
2011.09.09 10:34:31.073,1.21536,1.21573,1.50,1.50
2011.09.09 10:34:31.560,1.21538,1.21574,1.50,2.25
2011.09.09 10:34:32.310,1.21539,1.21575,1.43,2.10
2011.09.09 10:34:32.914,1.21539,1.21575,2.18,2.10
2011.09.09 10:34:33.735,1.21548,1.21575,1.50,2.10
2011.09.09 10:34:33.865,1.21548,1.21576,1.50,1.73
2011.09.09 10:34:33.993,1.21552,1.21576,1.50,2.10
2011.09.09 10:34:34.354,1.21554,1.21578,1.50,2.10
2011.09.09 10:34:34.471,1.21552,1.21577,1.50,2.10
2011.09.09 10:34:35.343,1.2155,1.21575,2.25,1.35
2011.09.09 10:34:35.808,1.21552,1.21576,1.50,1.35
2011.09.09 10:34:35.935,1.21549,1.21575,1.50,2.10
2011.09.09 10:34:36.292,1.21547,1.21575,2.25,2.85
2011.09.09 10:34:37.161,1.21552,1.21575,1.50,2.10
2011.09.09 10:34:37.648,1.21558,1.2158,4.50,2.10
2011.09.09 10:34:38.391,1.21561,1.2158,1.50,1.35
2011.09.09 10:34:39.453,1.21559,1.21582,5.25,1.35
2011.09.09 10:34:39.815,1.21561,1.21585,4.50,1.35
2011.09.09 10:34:40.186,1.21567,1.21591,5.25,3.23
2011.09.09 10:34:40.317,1.21568,1.21591,1.50,2.10
2011.09.09 10:34:41.169,1.2157,1.21591,1.50,1.35
2011.09.09 10:34:41.308,1.21575,1.21591,4.50,1.35
2011.09.09 10:34:41.438,1.2157,1.21592,1.50,1.35
2011.09.09 10:34:41.569,1.21568,1.2159,4.50,1.50
2011.09.09 10:34:41.694,1.21567,1.2159,1.50,1.50
2011.09.09 10:34:41.935,1.21563,1.21587,1.50,1.50
2011.09.09 10:34:42.296,1.21565,1.21587,4.50,1.50
2011.09.09 10:34:42.742,1.21567,1.21589,1.50,1.88
2011.09.09 10:34:43.585,1.21564,1.21587,5.25,1.50
2011.09.09 10:34:44.182,1.21563,1.21587,5.25,1.88
2011.09.09 10:34:44.541,1.21563,1.21585,4.50,1.50
2011.09.09 10:34:45.735,1.2156,1.21583,1.50,1.50
2011.09.09 10:34:45.856,1.21559,1.21581,1.50,1.50
2011.09.09 10:34:46.229,1.21555,1.21581,5.25,2.25
2011.09.09 10:34:46.356,1.21556,1.2158,4.50,2.25
2011.09.09 10:34:47.019,1.21557,1.21584,1.50,1.50
2011.09.09 10:34:47.262,1.21555,1.21584,5.25,2.25
2011.09.09 10:34:47.623,1.21555,1.2158,4.50,1.50
2011.09.09 10:34:48.217,1.21556,1.21582,1.50,1.50
2011.09.09 10:34:48.587,1.21557,1.21582,4.50,1.50
2011.09.09 10:34:49.171,1.21557,1.21583,5.25,2.25
2011.09.09 10:34:50.105,1.21559,1.21583,4.50,2.25
2011.09.09 10:34:50.237,1.21559,1.21583,4.50,1.50
2011.09.09 10:34:50.893,1.21566,1.21586,1.50,2.25
2011.09.09 10:34:51.021,1.21562,1.21586,1.50,1.88
2011.09.09 10:34:51.149,1.21565,1.21586,4.50,2.25
2011.09.09 10:34:51.516,1.21564,1.21583,5.25,1.50
2011.09.09 10:34:51.645,1.21558,1.21582,1.50,1.50
2011.09.09 10:34:51.903,1.2156,1.2158,4.50,1.50
2011.09.09 10:34:52.147,1.21561,1.21583,5.25,1.50
2011.09.09 10:34:52.399,1.21562,1.21586,1.50,2.25
2011.09.09 10:34:52.531,1.21571,1.21587,1.50,1.35
2011.09.09 10:34:53.904,1.21581,1.21589,4.50,1.50
2011.09.09 10:34:54.049,1.21572,1.21594,1.43,2.10
2011.09.09 10:34:54.177,1.21563,1.21583,1.43,1.50
2011.09.09 10:34:54.423,1.2156,1.21583,1.43,1.50
2011.09.09 10:34:54.787,1.2156,1.21585,2.18,1.50
2011.09.09 10:34:55.157,1.21562,1.21586,1.43,1.50
2011.09.09 10:34:55.527,1.21564,1.21589,2.18,1.50
2011.09.09 10:34:55.779,1.21564,1.21589,2.18,1.50
2011.09.09 10:34:56.424,1.21561,1.21583,1.43,2.25
2011.09.09 10:34:56.568,1.21557,1.2158,1.43,1.35
2011.09.09 10:34:57.176,1.21559,1.21581,1.50,1.35
2011.09.09 10:34:57.773,1.21558,1.21581,1.43,1.35
2011.09.09 10:34:58.140,1.21559,1.21579,1.43,1.50
2011.09.09 10:34:58.264,1.21559,1.21583,1.43,3.00
2011.09.09 10:34:58.383,1.21559,1.21583,2.18,1.50
2011.09.09 10:34:58.743,1.21561,1.21586,1.50,1.50
2011.09.09 10:34:58.861,1.21559,1.21584,2.18,2.25
2011.09.09 10:35:00.317,1.21558,1.21583,1.43,2.25
2011.09.09 10:35:00.570,1.21556,1.21581,1.43,1.50
2011.09.09 10:35:01.296,1.21556,1.21581,1.43,1.50
2011.09.09 10:35:01.428,1.21554,1.21581,1.50,1.50
2011.09.09 10:35:01.557,1.2155,1.21578,1.43,1.50
2011.09.09 10:35:02.156,1.2155,1.21576,1.43,1.50
2011.09.09 10:35:02.939,1.2155,1.21577,1.43,1.50
2011.09.09 10:35:03.547,1.2155,1.21578,1.43,1.50
2011.09.09 10:35:04.160,1.21551,1.2158,2.18,1.50
2011.09.09 10:35:04.287,1.21553,1.21581,4.50,1.88
2011.09.09 10:35:04.415,1.21555,1.21586,1.50,2.25
2011.09.09 10:35:04.895,1.21555,1.21583,1.43,1.50
2011.09.09 10:35:06.406,1.21555,1.21582,1.43,1.50
2011.09.09 10:35:06.773,1.21556,1.21584,2.25,1.50
2011.09.09 10:35:07.131,1.21555,1.21585,1.43,2.25
2011.09.09 10:35:07.714,1.21554,1.21585,1.43,2.25
2011.09.09 10:35:07.954,1.21556,1.21584,1.50,1.50
2011.09.09 10:35:08.434,1.21554,1.21582,1.43,1.50
2011.09.09 10:35:09.117,1.2155,1.21581,2.18,1.50
2011.09.09 10:35:09.238,1.21556,1.21584,1.50,1.50
2011.09.09 10:35:09.595,1.21556,1.21584,1.50,1.50
2011.09.09 10:35:10.235,1.21554,1.21581,2.18,1.50
2011.09.09 10:35:10.471,1.21555,1.21584,1.43,2.25
2011.09.09 10:35:12.314,1.21555,1.21584,1.43,1.50
2011.09.09 10:35:12.799,1.21564,1.21586,4.50,1.50
2011.09.09 10:35:13.048,1.21569,1.2159,1.50,1.35
2011.09.09 10:35:13.833,1.21569,1.2159,2.25,1.35
2011.09.09 10:35:14.092,1.21574,1.21601,1.50,2.00
2011.09.09 10:35:14.336,1.21575,1.21601,1.50,2.38
2011.09.09 10:35:14.464,1.21572,1.216,1.50,2.25
2011.09.09 10:35:14.584,1.21572,1.21598,1.50,1.50
2011.09.09 10:35:14.822,1.21575,1.216,1.50,1.50
2011.09.09 10:35:15.182,1.21575,1.21601,1.50,2.25
2011.09.09 10:35:15.783,1.21573,1.21601,2.25,1.88
2011.09.09 10:35:16.024,1.2157,1.21597,6.00,1.50
2011.09.09 10:35:16.142,1.2157,1.21597,2.25,1.50
2011.09.09 10:35:16.792,1.21576,1.21602,1.50,2.25
2011.09.09 10:35:17.215,1.21587,1.21607,4.50,1.50
2011.09.09 10:35:17.943,1.21587,1.21608,4.50,1.13
2011.09.09 10:35:18.768,1.21585,1.21607,1.50,1.13
2011.09.09 10:35:18.895,1.21582,1.21606,1.50,1.50
2011.09.09 10:35:20.431,1.21582,1.21607,1.50,2.25
2011.09.09 10:35:21.001,1.21582,1.21607,1.50,1.13
2011.09.09 10:35:21.122,1.21583,1.21608,1.50,1.88
2011.09.09 10:35:21.701,1.21583,1.21607,1.50,1.50
2011.09.09 10:35:22.714,1.21583,1.21608,2.25,1.13
2011.09.09 10:35:22.955,1.21583,1.21608,2.25,1.13
2011.09.09 10:35:23.425,1.21583,1.21609,2.25,3.00
2011.09.09 10:35:23.793,1.21587,1.21611,2.18,1.50
2011.09.09 10:35:24.035,1.21588,1.21612,1.50,1.50
2011.09.09 10:35:24.154,1.21587,1.21611,1.50,1.50
2011.09.09 10:35:24.515,1.21585,1.21609,1.50,1.50
2011.09.09 10:35:25.836,1.21579,1.21601,1.35,1.50
2011.09.09 10:35:26.313,1.21579,1.21603,1.35,1.50
2011.09.09 10:35:27.482,1.21579,1.21602,1.28,1.50
2011.09.09 10:35:27.604,1.21579,1.21599,1.28,1.50
2011.09.09 10:35:28.474,1.21573,1.21594,1.65,1.50
2011.09.09 10:35:28.604,1.21565,1.21589,1.50,1.50
2011.09.09 10:35:28.726,1.21565,1.21592,1.50,1.50
2011.09.09 10:35:29.330,1.21567,1.21594,1.50,1.50
2011.09.09 10:35:29.790,1.21565,1.21593,2.25,1.50
2011.09.09 10:35:30.614,1.21565,1.21592,1.50,1.50
2011.09.09 10:35:30.973,1.21561,1.21588,1.50,1.13
2011.09.09 10:35:31.093,1.21561,1.21587,1.50,2.25
2011.09.09 10:35:31.332,1.21556,1.21586,1.50,3.00
2011.09.09 10:35:31.453,1.21555,1.21584,1.50,1.50
2011.09.09 10:35:32.262,1.21555,1.21584,1.50,1.50
2011.09.09 10:35:32.835,1.21555,1.21584,1.50,1.50
2011.09.09 10:35:33.083,1.21553,1.21584,2.25,3.00
2011.09.09 10:35:33.444,1.21557,1.21584,1.50,2.63
2011.09.09 10:35:33.803,1.21557,1.21582,2.25,2.25
2011.09.09 10:35:34.381,1.21557,1.21581,2.25,1.50
2011.09.09 10:35:35.083,1.21557,1.21584,2.25,3.43
2011.09.09 10:35:42.400,1.21559,1.21584,2.25,1.13
2011.09.09 10:35:44.899,1.21559,1.21584,1.50,1.88
2011.09.09 10:35:45.384,1.21562,1.21586,1.50,1.88
2011.09.09 10:35:46.094,1.21562,1.21586,1.50,1.88
2011.09.09 10:35:46.665,1.21562,1.21586,1.50,2.25
2011.09.09 10:35:47.633,1.21562,1.21586,1.50,2.25
2011.09.09 10:35:48.117,1.21562,1.21586,1.50,1.50
2011.09.09 10:35:48.486,1.21562,1.21586,1.50,1.13
2011.09.09 10:35:48.740,1.21558,1.21583,1.50,1.50
2011.09.09 10:35:48.869,1.21558,1.21582,1.50,1.13
2011.09.09 10:35:49.000,1.21554,1.21579,1.50,1.50
2011.09.09 10:35:49.130,1.21553,1.21578,1.50,1.50
2011.09.09 10:35:49.259,1.21548,1.21573,1.50,1.50
2011.09.09 10:35:50.164,1.21554,1.21576,1.50,1.13
2011.09.09 10:35:51.234,1.21552,1.21576,1.50,2.25
2011.09.09 10:35:51.474,1.21552,1.21577,2.25,2.25
2011.09.09 10:35:52.541,1.21554,1.21578,2.25,1.50
2011.09.09 10:35:53.144,1.21554,1.21578,2.25,1.50
2011.09.09 10:35:53.503,1.21556,1.2158,1.50,2.25
2011.09.09 10:35:53.623,1.21556,1.2158,1.50,2.25
2011.09.09 10:35:53.986,1.21556,1.2158,1.50,1.50
2011.09.09 10:35:54.591,1.21556,1.2158,1.50,1.50
2011.09.09 10:35:55.270,1.21556,1.2158,1.50,1.50
2011.09.09 10:35:56.298,1.21558,1.21582,1.50,1.13
2011.09.09 10:35:56.428,1.21558,1.21583,1.50,1.50
2011.09.09 10:35:57.005,1.21557,1.21583,1.50,1.50
2011.09.09 10:35:57.850,1.21558,1.21583,1.50,1.50
2011.09.09 10:35:58.441,1.21558,1.21583,1.50,1.50
2011.09.09 10:35:59.757,1.21556,1.21581,1.50,1.50
2011.09.09 10:36:00.462,1.21554,1.2158,1.50,1.50
2011.09.09 10:36:00.586,1.21554,1.2158,1.50,1.50
2011.09.09 10:36:01.843,1.21557,1.21581,2.25,2.25
2011.09.09 10:36:02.085,1.21559,1.21583,1.50,1.88
2011.09.09 10:36:02.333,1.21559,1.21583,1.50,1.13
2011.09.09 10:36:02.577,1.21561,1.21583,1.50,1.13
2011.09.09 10:36:02.822,1.21561,1.21583,1.50,1.13
2011.09.09 10:36:04.641,1.21558,1.21582,1.50,1.13
2011.09.09 10:36:04.762,1.21556,1.21582,1.50,1.50
2011.09.09 10:36:04.882,1.21556,1.21582,1.50,1.88
2011.09.09 10:36:05.123,1.21557,1.21582,2.25,1.50
2011.09.09 10:36:05.691,1.21557,1.21582,2.25,1.50
2011.09.09 10:36:06.291,1.21557,1.21582,2.25,1.50
2011.09.09 10:36:06.520,1.21557,1.21582,2.25,1.88
2011.09.09 10:36:10.471,1.21557,1.21578,1.50,1.50
2011.09.09 10:36:10.722,1.21544,1.21569,1.50,1.50
2011.09.09 10:36:10.852,1.21543,1.21569,1.50,1.50
2011.09.09 10:36:11.796,1.21537,1.21562,1.50,1.50
2011.09.09 10:36:12.046,1.21536,1.2156,1.50,1.50
2011.09.09 10:36:12.412,1.21536,1.21561,1.50,2.25
2011.09.09 10:36:13.015,1.21537,1.21561,1.50,1.13
2011.09.09 10:36:13.375,1.2154,1.21564,1.50,1.50
2011.09.09 10:36:13.496,1.2154,1.21564,1.50,1.50
2011.09.09 10:36:14.276,1.2154,1.21565,1.50,1.88
2011.09.09 10:36:16.274,1.21538,1.21563,1.50,1.88
2011.09.09 10:36:17.098,1.21537,1.21561,1.50,1.50
2011.09.09 10:36:17.704,1.21537,1.21561,1.50,1.50
2011.09.09 10:36:18.183,1.21535,1.21559,1.50,1.50
2011.09.09 10:36:18.542,1.21536,1.21561,1.50,1.50
2011.09.09 10:36:18.901,1.21536,1.21561,1.50,1.50
2011.09.09 10:36:19.481,1.21536,1.21561,1.50,1.50
2011.09.09 10:36:21.140,1.21535,1.2156,1.50,1.88
2011.09.09 10:36:21.270,1.21535,1.2156,1.50,1.50
2011.09.09 10:36:21.873,1.21537,1.2156,1.50,1.13
2011.09.09 10:36:22.115,1.21534,1.21559,1.50,1.50
2011.09.09 10:36:22.238,1.21533,1.21557,1.50,1.50
2011.09.09 10:36:22.482,1.21534,1.2156,1.50,1.88
2011.09.09 10:36:22.725,1.21538,1.21561,1.50,1.73
2011.09.09 10:36:23.310,1.21538,1.2156,1.50,1.13
2011.09.09 10:36:23.548,1.21534,1.21559,1.50,1.50
2011.09.09 10:36:24.140,1.21537,1.21561,1.50,2.10
2011.09.09 10:36:24.503,1.21535,1.21561,1.50,2.48
2011.09.09 10:36:25.093,1.21536,1.21561,1.50,1.73
2011.09.09 10:36:25.443,1.21537,1.21561,1.50,1.73
2011.09.09 10:36:25.911,1.21537,1.2156,1.50,1.13
2011.09.09 10:36:26.268,1.21537,1.21561,2.25,1.13
2011.09.09 10:36:27.256,1.21541,1.2156,1.50,1.13
2011.09.09 10:36:27.389,1.21541,1.21563,1.50,1.13
2011.09.09 10:36:27.511,1.21541,1.21564,1.50,1.50
2011.09.09 10:36:28.102,1.21541,1.21563,1.50,1.50
2011.09.09 10:36:28.467,1.21536,1.21561,1.50,1.88
2011.09.09 10:36:28.839,1.21521,1.21546,1.50,1.50
2011.09.09 10:36:28.970,1.21521,1.21546,1.50,1.50
2011.09.09 10:36:29.748,1.21519,1.21545,2.25,2.25
2011.09.09 10:36:29.887,1.21515,1.21538,1.50,3.38
2011.09.09 10:36:30.018,1.21509,1.21534,1.50,1.50
2011.09.09 10:36:30.272,1.21507,1.21533,1.50,1.50
2011.09.09 10:36:30.398,1.2151,1.21533,1.50,1.50
2011.09.09 10:36:31.126,1.21511,1.21534,1.50,1.50
2011.09.09 10:36:32.034,1.21515,1.21537,1.50,2.25
2011.09.09 10:36:32.393,1.21532,1.21557,2.25,2.25
2011.09.09 10:36:32.758,1.21532,1.21556,2.25,2.25
2011.09.09 10:36:33.003,1.21532,1.21556,2.25,1.50
2011.09.09 10:36:33.480,1.21537,1.21562,1.50,1.88
2011.09.09 10:36:34.379,1.21541,1.21563,1.35,2.25
2011.09.09 10:36:34.516,1.21547,1.21573,1.50,3.75
2011.09.09 10:36:34.646,1.21556,1.21578,1.43,1.50
2011.09.09 10:36:35.019,1.21558,1.21591,1.43,1.18
2011.09.09 10:36:35.148,1.21559,1.21593,1.43,1.50
2011.09.09 10:36:35.273,1.21563,1.21596,1.43,1.93
2011.09.09 10:36:35.520,1.21562,1.21579,1.43,1.50
2011.09.09 10:36:36.454,1.21547,1.21573,1.50,1.50
2011.09.09 10:36:36.584,1.21539,1.21564,1.50,1.50
2011.09.09 10:36:36.944,1.21541,1.21566,1.50,1.88
2011.09.09 10:36:37.794,1.21539,1.21564,1.43,1.63
2011.09.09 10:36:37.913,1.2154,1.21565,1.50,1.85
2011.09.09 10:36:38.152,1.21539,1.21564,1.50,1.63
2011.09.09 10:36:38.832,1.21541,1.21565,1.50,1.13
2011.09.09 10:36:39.294,1.21541,1.21566,1.50,1.50
2011.09.09 10:36:40.345,1.21554,1.21577,1.50,2.00
2011.09.09 10:36:40.585,1.21554,1.21577,1.50,2.00
2011.09.09 10:36:40.823,1.21553,1.21577,1.50,1.63
2011.09.09 10:36:41.526,1.21556,1.21578,1.50,1.88
2011.09.09 10:36:41.897,1.21554,1.21577,1.50,2.00
2011.09.09 10:36:42.032,1.21558,1.2158,1.50,1.50
2011.09.09 10:36:42.153,1.21563,1.21583,1.50,1.20
2011.09.09 10:36:42.734,1.21567,1.21586,1.50,1.18
2011.09.09 10:36:43.452,1.21567,1.21589,1.50,1.33
2011.09.09 10:36:43.932,1.21567,1.21591,1.50,1.50
2011.09.09 10:36:44.287,1.21565,1.21587,1.50,1.50
2011.09.09 10:36:44.883,1.21565,1.21589,1.50,1.50
2011.09.09 10:36:45.001,1.21566,1.21591,1.50,1.50
2011.09.09 10:36:45.122,1.21565,1.2159,1.50,1.50
2011.09.09 10:36:46.158,1.21567,1.2159,1.50,1.50
2011.09.09 10:36:46.290,1.21565,1.21588,1.50,1.50
2011.09.09 10:36:46.640,1.21563,1.2159,1.50,3.00
2011.09.09 10:36:46.762,1.21564,1.2159,1.50,1.50
2011.09.09 10:36:47.431,1.21564,1.2159,1.50,1.50
2011.09.09 10:36:47.677,1.21569,1.21591,1.50,1.35
2011.09.09 10:36:47.804,1.2157,1.21591,1.50,1.15
2011.09.09 10:36:48.891,1.21574,1.21595,1.50,1.10
2011.09.09 10:36:49.254,1.21576,1.21597,1.50,1.52
2011.09.09 10:36:49.842,1.21574,1.21597,1.50,1.48
2011.09.09 10:36:51.772,1.21574,1.21597,1.50,1.48
2011.09.09 10:36:53.251,1.2157,1.21595,1.50,1.63
2011.09.09 10:36:53.377,1.21568,1.21593,1.50,2.25
2011.09.09 10:36:53.507,1.21566,1.21593,1.50,2.38
2011.09.09 10:36:53.635,1.21564,1.21592,1.50,1.50
2011.09.09 10:36:53.754,1.21563,1.21588,1.50,1.50
2011.09.09 10:36:54.113,1.21559,1.2158,3.00,1.88
2011.09.09 10:36:54.234,1.21559,1.21579,1.50,1.13
2011.09.09 10:36:54.597,1.21561,1.21579,1.50,1.85
2011.09.09 10:36:55.319,1.21561,1.21579,1.50,1.48
2011.09.09 10:36:55.596,1.21556,1.21574,1.50,1.35
2011.09.09 10:36:55.726,1.21557,1.21577,1.50,1.10
2011.09.09 10:36:56.813,1.2156,1.21578,1.50,1.10
2011.09.09 10:36:57.413,1.21556,1.21578,2.25,1.75
2011.09.09 10:36:58.162,1.21553,1.21569,1.50,1.50
2011.09.09 10:36:58.752,1.2155,1.21568,1.50,1.20
2011.09.09 10:36:59.357,1.21548,1.21567,2.25,1.50
2011.09.09 10:36:59.966,1.21549,1.21566,1.50,1.50
2011.09.09 10:37:00.217,1.21547,1.21563,1.50,1.50
2011.09.09 10:37:01.016,1.21546,1.21563,1.50,1.50
2011.09.09 10:37:01.604,1.21546,1.21565,1.50,1.50
2011.09.09 10:37:03.516,1.21528,1.2155,1.38,1.18
2011.09.09 10:37:03.646,1.21528,1.21542,1.38,3.75
2011.09.09 10:37:04.197,1.21527,1.21542,1.38,4.50
2011.09.09 10:37:04.338,1.21512,1.21536,1.50,2.25
2011.09.09 10:37:04.471,1.21515,1.21536,1.50,2.25
2011.09.09 10:37:04.593,1.21514,1.21533,1.50,1.50
2011.09.09 10:37:04.839,1.2151,1.21533,2.25,1.50
2011.09.09 10:37:04.966,1.2151,1.21531,1.50,1.50
2011.09.09 10:37:05.092,1.21508,1.21531,1.50,1.50
2011.09.09 10:37:05.333,1.21503,1.21531,1.50,1.50
2011.09.09 10:37:05.452,1.21503,1.21535,2.25,1.50
2011.09.09 10:37:05.573,1.21507,1.21535,1.50,1.50
2011.09.09 10:37:05.693,1.21506,1.21535,1.50,1.50
2011.09.09 10:37:05.934,1.21507,1.21535,1.50,2.25
2011.09.09 10:37:06.177,1.21505,1.21535,1.50,2.25
2011.09.09 10:37:06.991,1.21509,1.21532,1.50,1.50
2011.09.09 10:37:07.112,1.21506,1.21532,1.50,1.50
2011.09.09 10:37:08.623,1.21505,1.21536,3.00,2.25
2011.09.09 10:37:08.744,1.21515,1.21537,1.50,1.50
2011.09.09 10:37:08.988,1.21517,1.21544,1.50,2.25
2011.09.09 10:37:09.115,1.21519,1.21544,1.50,1.50
2011.09.09 10:37:09.711,1.21519,1.21545,1.50,2.25
2011.09.09 10:37:11.226,1.21518,1.21544,1.50,1.50
2011.09.09 10:37:11.593,1.21517,1.21541,1.50,1.50
2011.09.09 10:37:11.716,1.21515,1.21544,1.50,2.25
2011.09.09 10:37:11.968,1.21536,1.21546,4.50,3.00
2011.09.09 10:37:12.099,1.2153,1.21549,1.50,2.25
2011.09.09 10:37:12.229,1.21538,1.21551,1.50,1.18
2011.09.09 10:37:12.873,1.21536,1.21552,1.50,1.50
2011.09.09 10:37:13.000,1.21535,1.21558,1.50,1.50
2011.09.09 10:37:13.472,1.21537,1.21557,1.50,1.50
2011.09.09 10:37:13.827,1.21534,1.21554,1.50,1.50
2011.09.09 10:37:13.954,1.21534,1.21558,1.50,1.50
2011.09.09 10:37:14.316,1.21529,1.21554,1.50,1.50
2011.09.09 10:37:14.444,1.21528,1.21553,1.50,5.25
2011.09.09 10:37:14.564,1.21525,1.21551,1.50,4.50
2011.09.09 10:37:14.806,1.21522,1.21548,2.25,1.50
2011.09.09 10:37:15.587,1.21515,1.21547,1.50,1.50
2011.09.09 10:37:15.958,1.21517,1.21547,1.50,1.50
2011.09.09 10:37:16.324,1.21525,1.21549,1.50,1.50
2011.09.09 10:37:16.691,1.21522,1.21538,1.50,1.50
2011.09.09 10:37:16.818,1.21514,1.21538,2.25,1.88
2011.09.09 10:37:16.949,1.21514,1.21534,2.25,1.50
2011.09.09 10:37:17.084,1.21503,1.21535,1.50,4.50
2011.09.09 10:37:17.211,1.21521,1.21542,1.50,4.50
2011.09.09 10:37:17.982,1.21507,1.21536,1.50,1.50
2011.09.09 10:37:18.342,1.21513,1.21539,1.50,2.25
2011.09.09 10:37:18.470,1.21513,1.21539,1.50,2.25
2011.09.09 10:37:19.082,1.21517,1.21539,1.50,1.50
2011.09.09 10:37:19.322,1.21512,1.21539,1.50,1.50
2011.09.09 10:37:20.555,1.21512,1.21539,1.50,1.50
2011.09.09 10:37:20.793,1.21513,1.2154,1.50,2.25
2011.09.09 10:37:21.758,1.21515,1.21541,1.50,1.88
2011.09.09 10:37:22.121,1.2152,1.21546,1.50,2.25
2011.09.09 10:37:22.242,1.2152,1.21546,1.50,2.25
2011.09.09 10:37:22.843,1.21518,1.21545,1.50,2.25
2011.09.09 10:37:23.495,1.21518,1.21544,1.50,1.50
2011.09.09 10:37:23.852,1.21514,1.21543,1.50,1.50
2011.09.09 10:37:24.451,1.21514,1.21542,1.50,2.25
2011.09.09 10:37:27.211,1.21514,1.21541,1.50,4.55
2011.09.09 10:37:28.119,1.21515,1.21542,1.50,4.13
2011.09.09 10:37:28.246,1.21519,1.21543,2.25,1.50
2011.09.09 10:37:28.619,1.21524,1.21553,1.50,1.13
2011.09.09 10:37:28.746,1.21522,1.21557,1.50,1.73
2011.09.09 10:37:28.876,1.21522,1.21558,1.50,1.35
2011.09.09 10:37:29.006,1.21525,1.21557,1.50,1.35
2011.09.09 10:37:29.255,1.21522,1.21556,1.50,1.50
2011.09.09 10:37:29.371,1.21521,1.21558,1.50,1.50
2011.09.09 10:37:29.972,1.21521,1.21557,1.50,1.50
2011.09.09 10:37:30.577,1.21521,1.21557,1.50,1.50
2011.09.09 10:37:31.363,1.21521,1.21557,1.50,1.50
2011.09.09 10:37:32.316,1.21521,1.21561,1.50,2.25
2011.09.09 10:37:32.925,1.21522,1.21561,1.13,1.50
2011.09.09 10:37:33.045,1.21523,1.21562,1.50,2.25
2011.09.09 10:37:33.858,1.2153,1.21566,1.50,2.25
2011.09.09 10:37:34.228,1.21528,1.21559,1.50,1.50
2011.09.09 10:37:34.354,1.21527,1.21561,1.50,1.50
2011.09.09 10:37:34.473,1.21527,1.21561,1.50,1.50
2011.09.09 10:37:35.057,1.21525,1.21561,1.50,1.50
2011.09.09 10:37:35.185,1.21525,1.2156,1.50,1.50
2011.09.09 10:37:35.316,1.21523,1.21559,1.50,1.50
2011.09.09 10:37:35.684,1.21522,1.21559,1.50,1.50
2011.09.09 10:37:36.339,1.21522,1.2156,1.50,1.50
2011.09.09 10:37:37.412,1.21524,1.21562,1.50,2.25
2011.09.09 10:37:37.534,1.21524,1.21562,1.50,2.25
2011.09.09 10:37:39.002,1.21523,1.21562,1.50,3.00
2011.09.09 10:37:39.122,1.21523,1.21562,1.50,2.25
2011.09.09 10:37:40.010,1.21521,1.2156,1.50,1.50
2011.09.09 10:37:40.378,1.21529,1.2156,1.88,1.18
2011.09.09 10:37:40.746,1.21539,1.21561,1.50,1.18
2011.09.09 10:37:41.118,1.21541,1.21563,1.50,1.18
2011.09.09 10:37:41.248,1.21536,1.2156,1.50,2.25
2011.09.09 10:37:41.499,1.21531,1.2156,1.50,2.25
2011.09.09 10:37:41.866,1.21526,1.21559,1.50,1.50
2011.09.09 10:37:42.445,1.21527,1.21561,1.50,3.00
2011.09.09 10:37:42.815,1.2153,1.21561,1.50,1.13
2011.09.09 10:37:43.425,1.2153,1.21562,1.50,1.50
2011.09.09 10:37:43.545,1.21531,1.21564,1.50,2.25
2011.09.09 10:37:43.905,1.21539,1.21565,1.50,1.88
2011.09.09 10:37:44.269,1.21531,1.21559,1.50,1.50
2011.09.09 10:37:44.843,1.21532,1.21563,1.50,1.50
2011.09.09 10:37:45.095,1.21534,1.21565,1.50,1.50
2011.09.09 10:37:45.225,1.21534,1.21566,3.00,1.88
2011.09.09 10:37:45.597,1.21537,1.21563,1.50,1.50
2011.09.09 10:37:45.723,1.21534,1.21563,1.50,1.50
2011.09.09 10:37:46.203,1.21531,1.21562,1.50,1.50
2011.09.09 10:37:46.322,1.2153,1.21562,1.50,1.50
2011.09.09 10:37:46.442,1.21526,1.21557,1.50,1.50
2011.09.09 10:37:46.905,1.21525,1.21554,2.25,1.50
2011.09.09 10:37:47.275,1.21521,1.21553,1.50,2.25
2011.09.09 10:37:47.512,1.21522,1.21553,1.13,2.25
2011.09.09 10:37:48.150,1.21524,1.21554,1.13,1.50
2011.09.09 10:37:48.516,1.21537,1.21563,1.50,2.48
2011.09.09 10:37:49.114,1.21535,1.2156,1.50,1.50
2011.09.09 10:37:49.714,1.21529,1.21556,2.25,1.50
2011.09.09 10:37:49.835,1.2153,1.21556,1.50,1.50
2011.09.09 10:37:50.181,1.21531,1.21559,1.50,1.50
2011.09.09 10:37:51.126,1.21531,1.21559,1.50,1.50
2011.09.09 10:37:51.265,1.21529,1.21557,1.50,1.50
2011.09.09 10:37:51.864,1.21533,1.21559,1.50,2.25
2011.09.09 10:37:52.450,1.21532,1.2156,1.50,2.25
2011.09.09 10:37:52.573,1.21532,1.2156,1.50,1.50
2011.09.09 10:37:53.161,1.21533,1.2156,1.50,1.50
2011.09.09 10:37:54.129,1.21532,1.21559,1.50,1.50
2011.09.09 10:37:54.783,1.21524,1.21554,1.50,1.18
2011.09.09 10:37:55.269,1.21526,1.21552,1.50,1.50
2011.09.09 10:37:55.632,1.21526,1.21549,1.50,1.13
2011.09.09 10:37:55.984,1.21528,1.2155,1.50,1.13
2011.09.09 10:37:57.620,1.21525,1.21549,1.50,1.25
2011.09.09 10:37:57.749,1.21523,1.21549,1.50,1.63
2011.09.09 10:37:58.093,1.21525,1.21549,1.50,1.25
2011.09.09 10:37:58.691,1.21525,1.21548,1.50,1.50
2011.09.09 10:38:00.946,1.21518,1.21542,1.50,1.50
2011.09.09 10:38:01.197,1.21517,1.21542,1.50,1.63
2011.09.09 10:38:01.922,1.21518,1.21543,1.50,1.48
2011.09.09 10:38:02.044,1.21518,1.21543,1.50,1.48
2011.09.09 10:38:02.164,1.2152,1.21543,1.50,1.35
2011.09.09 10:38:03.326,1.21519,1.21543,1.50,1.78
2011.09.09 10:38:03.691,1.21519,1.21543,1.50,1.78
2011.09.09 10:38:04.262,1.21519,1.21543,1.50,1.35
2011.09.09 10:38:04.613,1.21522,1.21543,1.50,1.78
2011.09.09 10:38:04.852,1.21519,1.21543,1.50,1.78
2011.09.09 10:38:05.311,1.21518,1.21542,1.50,1.50
2011.09.09 10:38:05.829,1.21518,1.21542,1.50,1.50
2011.09.09 10:38:06.631,1.21517,1.2154,1.50,1.50
2011.09.09 10:38:06.758,1.21517,1.21543,1.50,1.18
2011.09.09 10:38:07.320,1.21517,1.21543,1.50,1.93
2011.09.09 10:38:07.441,1.21515,1.21541,1.50,2.25
2011.09.09 10:38:07.803,1.21516,1.21541,1.50,1.50
2011.09.09 10:38:08.163,1.21519,1.2154,2.25,1.18
2011.09.09 10:38:08.284,1.21514,1.21539,1.50,1.50
2011.09.09 10:38:08.620,1.21515,1.21541,1.50,2.68
2011.09.09 10:38:09.343,1.21516,1.21541,1.50,1.93
2011.09.09 10:38:10.014,1.2152,1.21545,2.25,1.50
2011.09.09 10:38:10.137,1.21523,1.21546,1.50,1.63
2011.09.09 10:38:10.384,1.21524,1.21548,1.50,1.90
2011.09.09 10:38:10.625,1.21524,1.21548,1.50,1.90
2011.09.09 10:38:10.742,1.21519,1.21544,3.00,2.25
2011.09.09 10:38:10.867,1.21516,1.2154,1.50,1.50
2011.09.09 10:38:10.995,1.21517,1.21541,1.50,1.50
2011.09.09 10:38:11.120,1.21516,1.2154,1.50,1.50
2011.09.09 10:38:11.250,1.21514,1.2154,1.50,3.75
2011.09.09 10:38:11.373,1.2151,1.21535,1.50,1.50
2011.09.09 10:38:11.499,1.21514,1.21539,1.50,1.50
2011.09.09 10:38:11.865,1.21518,1.21542,1.50,1.50
2011.09.09 10:38:12.697,1.21518,1.21545,3.00,2.25
2011.09.09 10:38:12.838,1.21518,1.21542,1.50,1.50
2011.09.09 10:38:13.434,1.21518,1.21542,1.50,2.25
2011.09.09 10:38:14.026,1.21517,1.21542,3.75,1.50
2011.09.09 10:38:14.153,1.21517,1.21542,2.25,2.25
2011.09.09 10:38:14.514,1.2152,1.21542,1.50,1.50
2011.09.09 10:38:15.611,1.21517,1.21542,1.50,1.50
2011.09.09 10:38:17.475,1.21519,1.21543,1.50,1.50
2011.09.09 10:38:18.072,1.2152,1.21544,1.50,2.25
2011.09.09 10:38:19.000,1.21517,1.21543,2.25,3.00
2011.09.09 10:38:19.128,1.21516,1.2154,2.25,1.50
2011.09.09 10:38:19.494,1.21516,1.21541,2.25,1.50
2011.09.09 10:38:20.081,1.21518,1.21542,1.50,1.50
2011.09.09 10:38:21.265,1.21518,1.21543,2.25,2.25
2011.09.09 10:38:22.297,1.21518,1.21542,1.50,2.25
2011.09.09 10:38:22.906,1.21518,1.21542,1.50,1.50
2011.09.09 10:38:23.279,1.21517,1.21542,1.50,2.25
2011.09.09 10:38:23.526,1.21515,1.21539,2.25,1.50
2011.09.09 10:38:23.660,1.21511,1.21537,1.50,1.50
2011.09.09 10:38:23.787,1.21512,1.21538,1.50,1.50
2011.09.09 10:38:24.154,1.21515,1.2154,1.50,1.50
2011.09.09 10:38:24.274,1.21517,1.21543,1.50,1.88
2011.09.09 10:38:24.890,1.21517,1.21543,1.50,1.88
2011.09.09 10:38:25.018,1.21514,1.2154,1.50,1.50
2011.09.09 10:38:25.265,1.21517,1.21541,1.50,2.25
2011.09.09 10:38:25.510,1.21517,1.21541,1.50,2.25
2011.09.09 10:38:25.758,1.21519,1.21543,1.50,1.50
2011.09.09 10:38:26.245,1.21518,1.21542,1.50,1.50
2011.09.09 10:38:26.363,1.21518,1.21542,1.50,3.00
2011.09.09 10:38:26.592,1.21518,1.21542,1.50,1.50
2011.09.09 10:38:26.833,1.21516,1.21542,1.50,2.25
2011.09.09 10:38:26.956,1.21517,1.21542,1.50,1.50
2011.09.09 10:38:28.035,1.21517,1.21538,1.50,1.13
2011.09.09 10:38:28.160,1.2151,1.21537,1.50,1.50
2011.09.09 10:38:28.406,1.21518,1.21542,1.50,1.50
2011.09.09 10:38:28.670,1.21522,1.21546,2.25,1.50
2011.09.09 10:38:28.799,1.21522,1.21546,1.50,1.50
2011.09.09 10:38:29.164,1.21525,1.21548,1.50,1.50
2011.09.09 10:38:29.644,1.21523,1.21547,1.50,1.50
2011.09.09 10:38:30.763,1.21517,1.21541,1.50,1.50
2011.09.09 10:38:31.127,1.21512,1.21539,1.50,1.50
2011.09.09 10:38:31.373,1.21514,1.2154,1.50,2.25
2011.09.09 10:38:31.852,1.21516,1.2154,2.25,1.50
2011.09.09 10:38:31.972,1.21515,1.2154,1.50,2.25
2011.09.09 10:38:32.203,1.21511,1.21539,2.25,1.50
2011.09.09 10:38:32.678,1.21511,1.21537,1.50,1.50
2011.09.09 10:38:33.472,1.21513,1.2154,1.50,1.50
2011.09.09 10:38:33.611,1.21511,1.21537,1.50,1.50
2011.09.09 10:38:33.738,1.21512,1.21538,2.25,2.25
2011.09.09 10:38:34.105,1.21515,1.21541,2.25,3.00
2011.09.09 10:38:34.586,1.21515,1.21537,1.50,1.50
2011.09.09 10:38:34.953,1.21512,1.21537,1.50,1.50
2011.09.09 10:38:35.310,1.2151,1.21536,1.50,1.50
2011.09.09 10:38:35.775,1.21504,1.21529,1.50,1.50
2011.09.09 10:38:36.549,1.21505,1.21534,1.50,1.50
2011.09.09 10:38:37.266,1.21505,1.21535,1.50,1.88
2011.09.09 10:38:37.634,1.21508,1.21536,1.50,1.13
2011.09.09 10:38:38.232,1.21507,1.21535,1.50,1.13
2011.09.09 10:38:38.584,1.21507,1.21535,1.50,1.13
2011.09.09 10:38:39.305,1.21504,1.21533,2.25,1.50
2011.09.09 10:38:39.440,1.21504,1.21531,1.50,1.50
2011.09.09 10:38:39.812,1.21512,1.21535,1.50,2.25
2011.09.09 10:38:39.937,1.21513,1.21537,1.50,1.50
2011.09.09 10:38:40.066,1.21513,1.21537,1.50,1.50
2011.09.09 10:38:40.438,1.21504,1.21532,1.50,1.50
2011.09.09 10:38:40.804,1.21504,1.21531,1.50,1.50
2011.09.09 10:38:41.577,1.21504,1.21531,1.50,1.50
2011.09.09 10:38:43.335,1.21503,1.21531,1.50,1.50
2011.09.09 10:38:44.221,1.21506,1.21533,1.50,1.50
2011.09.09 10:38:45.472,1.21505,1.21533,1.50,1.50
2011.09.09 10:38:46.962,1.21505,1.21533,1.50,1.50
2011.09.09 10:38:48.443,1.21509,1.21537,1.50,1.13
2011.09.09 10:38:48.573,1.2151,1.21538,1.50,1.13
2011.09.09 10:38:48.938,1.21513,1.21537,1.50,1.13
2011.09.09 10:38:49.311,1.21508,1.21533,1.50,6.38
2011.09.09 10:38:49.443,1.2151,1.21533,1.50,1.13
2011.09.09 10:38:50.352,1.21508,1.21533,1.50,1.50
2011.09.09 10:38:50.477,1.21509,1.21534,1.50,1.50
2011.09.09 10:38:51.083,1.21509,1.21535,1.50,2.63
2011.09.09 10:38:51.329,1.21511,1.21535,1.50,2.63
2011.09.09 10:38:51.936,1.21511,1.21536,1.50,1.50
2011.09.09 10:38:52.510,1.21512,1.21536,1.50,1.50
2011.09.09 10:38:53.251,1.21513,1.21537,1.50,1.50
2011.09.09 10:38:53.372,1.21513,1.21537,1.50,1.50
2011.09.09 10:38:53.613,1.21513,1.21536,1.50,1.13
2011.09.09 10:38:53.973,1.21508,1.21536,1.50,3.00
2011.09.09 10:38:54.792,1.21508,1.21526,1.50,1.50
2011.09.09 10:38:54.913,1.21499,1.21524,2.10,1.50
2011.09.09 10:38:55.156,1.21503,1.21528,1.50,1.50
2011.09.09 10:38:55.290,1.21504,1.21529,1.50,1.50
2011.09.09 10:38:55.419,1.21508,1.21534,1.50,2.25
2011.09.09 10:38:56.090,1.21508,1.21534,1.50,2.25
2011.09.09 10:38:56.226,1.21505,1.21532,2.25,1.50
2011.09.09 10:38:56.592,1.215,1.21528,2.10,1.50
2011.09.09 10:38:56.718,1.21505,1.21533,1.50,1.50
2011.09.09 10:38:57.402,1.21507,1.21534,2.25,2.25
2011.09.09 10:38:57.526,1.21505,1.21533,2.25,1.50
2011.09.09 10:38:57.883,1.21507,1.21533,1.50,1.50
2011.09.09 10:38:58.126,1.21505,1.21532,2.25,1.88
2011.09.09 10:38:58.260,1.21503,1.21532,2.25,3.38
2011.09.09 10:38:58.908,1.21502,1.2153,1.50,1.50
2011.09.09 10:38:59.273,1.21505,1.21532,1.50,1.88
2011.09.09 10:38:59.519,1.21505,1.21532,1.50,1.93
2011.09.09 10:38:59.649,1.21505,1.21532,2.25,1.88
2011.09.09 10:38:59.777,1.21506,1.21532,1.50,1.50
2011.09.09 10:39:00.268,1.21505,1.21531,1.50,1.50
2011.09.09 10:39:00.637,1.21503,1.21531,1.50,1.50
2011.09.09 10:39:01.275,1.21503,1.21531,1.50,1.50
2011.09.09 10:39:04.562,1.21504,1.2153,1.50,1.50
2011.09.09 10:39:04.698,1.21503,1.21529,1.50,1.50
2011.09.09 10:39:06.791,1.21501,1.21527,2.25,1.50
2011.09.09 10:39:07.783,1.21503,1.21529,1.50,1.50
2011.09.09 10:39:08.385,1.21506,1.2153,1.50,1.13
2011.09.09 10:39:08.866,1.21516,1.21531,1.50,1.50
2011.09.09 10:39:09.113,1.21518,1.2154,3.00,4.50
2011.09.09 10:39:09.595,1.21518,1.2154,3.00,1.50
2011.09.09 10:39:09.837,1.21519,1.21543,2.25,1.88
2011.09.09 10:39:10.583,1.2153,1.21556,3.00,1.50
2011.09.09 10:39:10.712,1.21535,1.2156,1.50,2.10
2011.09.09 10:39:10.838,1.21532,1.21564,1.50,1.50
2011.09.09 10:39:11.433,1.21532,1.21564,1.50,1.50
2011.09.09 10:39:11.554,1.21537,1.21566,1.50,1.50
2011.09.09 10:39:11.793,1.21535,1.21563,1.50,1.50
2011.09.09 10:39:12.032,1.21535,1.21563,1.50,1.50
2011.09.09 10:39:12.276,1.21535,1.21568,1.50,1.13
2011.09.09 10:39:12.764,1.21535,1.2157,1.43,1.13
2011.09.09 10:39:13.417,1.21538,1.21577,1.43,1.50
2011.09.09 10:39:13.559,1.21537,1.21578,1.43,1.50
2011.09.09 10:39:13.685,1.21536,1.21578,2.18,1.50
2011.09.09 10:39:13.926,1.21532,1.21575,1.43,1.50
2011.09.09 10:39:14.055,1.21532,1.21575,2.93,1.50
2011.09.09 10:39:14.416,1.21532,1.21573,1.50,1.50
2011.09.09 10:39:14.547,1.21529,1.21572,1.43,1.50
2011.09.09 10:39:15.153,1.21528,1.21571,2.18,1.50
2011.09.09 10:39:15.703,1.21529,1.21572,1.43,1.50
2011.09.09 10:39:16.512,1.2153,1.21559,1.50,1.50
2011.09.09 10:39:16.640,1.21527,1.21558,1.81,1.50
2011.09.09 10:39:17.244,1.21527,1.21557,1.43,1.50
2011.09.09 10:39:17.825,1.21526,1.2156,3.19,1.50
2011.09.09 10:39:17.954,1.21527,1.21559,1.81,1.50
2011.09.09 10:39:18.973,1.21526,1.21558,2.44,1.50
2011.09.09 10:39:19.676,1.21526,1.21559,1.06,1.50
2011.09.09 10:39:20.202,1.21528,1.21557,1.43,1.50
2011.09.09 10:39:20.653,1.21528,1.21556,1.43,2.25
2011.09.09 10:39:21.258,1.21527,1.21554,1.06,1.50
2011.09.09 10:39:21.505,1.21526,1.21554,1.06,1.50
2011.09.09 10:39:21.744,1.21527,1.21554,1.13,1.50
2011.09.09 10:39:22.084,1.21528,1.21556,1.50,1.50
2011.09.09 10:39:22.671,1.21526,1.21555,1.06,1.50
2011.09.09 10:39:23.155,1.21526,1.21553,1.06,1.50
2011.09.09 10:39:23.517,1.2152,1.21545,1.43,1.50
2011.09.09 10:39:23.894,1.21519,1.21545,1.50,1.50
2011.09.09 10:39:24.018,1.21517,1.21546,1.06,1.50
2011.09.09 10:39:24.147,1.21514,1.21546,1.50,1.50
2011.09.09 10:39:24.280,1.21516,1.21547,1.50,1.50
2011.09.09 10:39:25.134,1.21513,1.21547,2.25,3.00
2011.09.09 10:39:25.272,1.21509,1.21541,2.25,1.50
2011.09.09 10:39:25.876,1.21507,1.21538,2.25,1.50
2011.09.09 10:39:26.366,1.21507,1.21539,1.50,1.50
2011.09.09 10:39:26.742,1.21518,1.21546,1.13,1.50
2011.09.09 10:39:27.619,1.21526,1.21556,1.50,2.25
2011.09.09 10:39:27.749,1.21526,1.21559,1.50,1.50
2011.09.09 10:39:28.236,1.21524,1.21562,1.43,1.50
2011.09.09 10:39:28.367,1.21525,1.21562,1.43,1.50
2011.09.09 10:39:28.734,1.21524,1.21559,1.43,1.50
2011.09.09 10:39:28.858,1.21524,1.21553,1.43,3.00
2011.09.09 10:39:29.226,1.21515,1.2154,1.50,1.50
2011.09.09 10:39:30.001,1.21508,1.21533,1.50,1.50
2011.09.09 10:39:30.138,1.21506,1.21532,1.50,1.50
2011.09.09 10:39:30.628,1.21507,1.21534,1.50,1.50
2011.09.09 10:39:30.755,1.21508,1.21537,1.50,1.50
2011.09.09 10:39:31.112,1.21509,1.21537,2.25,1.50
2011.09.09 10:39:31.238,1.21506,1.21535,1.50,1.50
2011.09.09 10:39:33.713,1.21504,1.21534,1.50,1.50
2011.09.09 10:39:33.834,1.21503,1.21534,1.50,1.50
2011.09.09 10:39:34.191,1.21506,1.21535,1.50,1.50
2011.09.09 10:39:34.761,1.21506,1.21533,1.50,1.50
2011.09.09 10:39:34.885,1.21503,1.21533,1.50,2.25
2011.09.09 10:39:35.124,1.21505,1.21533,1.50,2.25
2011.09.09 10:39:35.484,1.21509,1.21533,1.50,1.50
2011.09.09 10:39:35.843,1.21512,1.21537,1.50,1.50
2011.09.09 10:39:36.072,1.2151,1.21536,1.50,1.50
2011.09.09 10:39:37.319,1.21505,1.21534,1.50,1.50
2011.09.09 10:39:37.445,1.21507,1.21534,1.50,1.50
2011.09.09 10:39:37.816,1.2151,1.21536,1.50,1.50
2011.09.09 10:39:39.988,1.21512,1.2154,1.50,1.50
2011.09.09 10:39:40.234,1.21514,1.2154,1.50,1.50
2011.09.09 10:39:41.167,1.21518,1.21542,2.25,2.25
2011.09.09 10:39:41.547,1.21525,1.21549,1.50,1.50
2011.09.09 10:39:41.680,1.2152,1.21545,1.50,1.50
2011.09.09 10:39:42.163,1.21518,1.21546,1.50,1.50
2011.09.09 10:39:42.403,1.2152,1.21547,1.50,1.50
2011.09.09 10:39:43.435,1.2152,1.21544,1.50,1.50
2011.09.09 10:39:44.165,1.21523,1.21544,1.50,1.50
2011.09.09 10:39:44.962,1.21523,1.21544,1.50,1.50
2011.09.09 10:39:45.451,1.21525,1.21544,1.50,1.50
2011.09.09 10:39:45.579,1.21527,1.21544,1.50,1.50
2011.09.09 10:39:45.708,1.21528,1.21551,1.50,1.50
2011.09.09 10:39:46.195,1.21527,1.21551,1.50,1.50
2011.09.09 10:39:47.026,1.21527,1.21551,1.50,1.13
2011.09.09 10:39:47.628,1.21526,1.21555,1.50,2.25
2011.09.09 10:39:47.878,1.21522,1.21551,1.50,1.50
2011.09.09 10:39:48.252,1.21525,1.21551,1.13,1.50
2011.09.09 10:39:48.614,1.21532,1.21557,1.50,1.88
2011.09.09 10:39:48.974,1.21529,1.21554,1.50,2.25
2011.09.09 10:39:49.703,1.21529,1.21553,1.50,1.50
2011.09.09 10:39:50.521,1.2153,1.21553,1.50,1.50
2011.09.09 10:39:52.332,1.2153,1.21557,1.50,1.88
2011.09.09 10:39:52.577,1.21533,1.21558,1.50,1.50
2011.09.09 10:39:53.242,1.21534,1.21559,1.50,2.25
2011.09.09 10:39:53.490,1.21534,1.2156,1.50,1.50
2011.09.09 10:39:53.620,1.21534,1.21562,1.50,2.25
2011.09.09 10:39:53.749,1.21538,1.21568,1.50,1.50
2011.09.09 10:39:54.353,1.21537,1.21567,1.50,2.25
2011.09.09 10:39:54.944,1.21537,1.21567,1.50,2.25
2011.09.09 10:39:55.649,1.21535,1.21566,1.50,1.50
2011.09.09 10:39:55.780,1.21534,1.21563,1.50,1.50
2011.09.09 10:39:56.457,1.21527,1.21554,1.50,1.50
2011.09.09 10:39:56.585,1.21525,1.21554,1.50,1.50
2011.09.09 10:39:57.181,1.21524,1.21555,1.50,2.25
2011.09.09 10:39:58.764,1.21525,1.21555,1.50,2.25
2011.09.09 10:40:00.355,1.21532,1.21555,1.13,1.50
2011.09.09 10:40:00.479,1.21533,1.21558,1.88,1.50
2011.09.09 10:40:00.605,1.21537,1.21562,1.50,1.50
2011.09.09 10:40:00.846,1.21535,1.2156,1.50,1.50
2011.09.09 10:40:01.082,1.21526,1.21553,2.63,1.50
2011.09.09 10:40:01.312,1.21527,1.21559,1.88,1.50
2011.09.09 10:40:01.431,1.2153,1.2156,1.50,2.25
2011.09.09 10:40:04.308,1.21529,1.2156,1.50,2.25
2011.09.09 10:40:04.435,1.21529,1.2156,2.25,1.50
2011.09.09 10:40:04.913,1.21531,1.21562,1.50,1.88
2011.09.09 10:40:05.381,1.21529,1.2156,2.25,1.50
2011.09.09 10:40:05.631,1.21531,1.21559,1.50,1.50
2011.09.09 10:40:05.876,1.21536,1.2156,1.50,1.50
2011.09.09 10:40:06.242,1.21537,1.21562,1.50,3.00
2011.09.09 10:40:07.374,1.21531,1.21557,1.50,1.50
2011.09.09 10:40:07.503,1.21534,1.21559,1.50,2.25
2011.09.09 10:40:07.747,1.21534,1.21561,1.50,1.50
2011.09.09 10:40:08.421,1.21534,1.2156,1.50,1.50
2011.09.09 10:40:08.547,1.21536,1.21562,1.50,2.63
2011.09.09 10:40:08.918,1.21538,1.21564,1.50,1.13
2011.09.09 10:40:09.047,1.21538,1.21564,1.50,1.13
2011.09.09 10:40:10.022,1.2154,1.21564,1.50,1.13
2011.09.09 10:40:10.404,1.21545,1.21567,1.50,1.50
2011.09.09 10:40:10.526,1.21543,1.21565,1.50,1.13
2011.09.09 10:40:11.027,1.21541,1.21565,2.25,1.13
2011.09.09 10:40:12.273,1.21543,1.21567,1.50,1.50
2011.09.09 10:40:12.758,1.21548,1.21569,1.50,2.25
2011.09.09 10:40:13.250,1.2155,1.21571,1.50,1.20
2011.09.09 10:40:13.499,1.21544,1.21568,1.50,1.20
2011.09.09 10:40:13.629,1.21538,1.21564,1.50,1.73
2011.09.09 10:40:13.882,1.21524,1.21559,2.25,2.25
2011.09.09 10:40:14.496,1.21524,1.2156,1.50,2.25
2011.09.09 10:40:14.736,1.21522,1.21557,1.50,1.50
2011.09.09 10:40:14.865,1.21522,1.21559,2.25,2.25
2011.09.09 10:40:14.987,1.21522,1.21559,1.50,1.50
2011.09.09 10:40:15.922,1.21522,1.21558,1.50,1.50
2011.09.09 10:40:16.449,1.21523,1.21558,1.50,1.50
2011.09.09 10:40:17.307,1.21523,1.21559,1.50,1.50
2011.09.09 10:40:17.677,1.21526,1.21559,1.13,1.50
2011.09.09 10:40:17.807,1.21526,1.2156,1.50,1.50
2011.09.09 10:40:17.938,1.21529,1.21566,1.50,1.73
2011.09.09 10:40:18.071,1.2153,1.21566,1.50,1.73
2011.09.09 10:40:18.439,1.21536,1.21567,1.50,1.20
2011.09.09 10:40:19.464,1.21538,1.21566,2.25,1.20
2011.09.09 10:40:19.970,1.21536,1.21567,1.13,1.95
2011.09.09 10:40:20.339,1.21543,1.21566,1.88,1.20
2011.09.09 10:40:20.709,1.21553,1.2158,1.50,1.50
2011.09.09 10:40:21.496,1.2155,1.21578,1.50,2.25
2011.09.09 10:40:21.627,1.21545,1.21574,1.13,1.50
2011.09.09 10:40:21.879,1.21542,1.21578,1.88,1.50
2011.09.09 10:40:22.244,1.21543,1.21577,1.50,1.50
2011.09.09 10:40:22.491,1.21546,1.21579,1.50,1.50
2011.09.09 10:40:23.386,1.2155,1.21579,1.50,1.50
2011.09.09 10:40:23.743,1.21551,1.21578,1.50,1.50
2011.09.09 10:40:24.343,1.21549,1.21572,1.50,1.50
2011.09.09 10:40:24.697,1.21552,1.21573,1.50,1.50
2011.09.09 10:40:25.305,1.21548,1.21573,3.00,1.50
2011.09.09 10:40:25.427,1.21546,1.21573,1.50,2.25
2011.09.09 10:40:25.556,1.21543,1.21569,1.50,4.50
2011.09.09 10:40:26.153,1.21543,1.21566,1.50,1.13
2011.09.09 10:40:26.289,1.2152,1.21547,1.50,1.50
2011.09.09 10:40:26.419,1.2152,1.21545,1.50,1.50
2011.09.09 10:40:26.548,1.21517,1.21545,1.50,1.50
2011.09.09 10:40:26.921,1.21514,1.21544,1.50,1.50
2011.09.09 10:40:27.049,1.21514,1.21544,1.50,1.50
2011.09.09 10:40:27.654,1.21511,1.21544,1.50,1.50
2011.09.09 10:40:28.128,1.2151,1.21544,1.50,1.50
2011.09.09 10:40:28.863,1.2151,1.21534,1.50,2.25
2011.09.09 10:40:28.998,1.21504,1.21531,1.50,1.50
2011.09.09 10:40:29.129,1.21501,1.21528,1.50,1.50
2011.09.09 10:40:29.624,1.21504,1.21531,1.50,2.25
2011.09.09 10:40:29.746,1.21505,1.21531,1.50,1.50
2011.09.09 10:40:29.878,1.21504,1.21536,1.50,1.50
2011.09.09 10:40:30.483,1.21504,1.21534,1.50,1.50
2011.09.09 10:40:31.208,1.21504,1.21535,1.50,1.50
2011.09.09 10:40:31.816,1.21507,1.21536,1.50,1.50
2011.09.09 10:40:32.182,1.21508,1.21537,1.50,1.50
2011.09.09 10:40:32.418,1.21507,1.21535,1.50,1.50
2011.09.09 10:40:33.013,1.21507,1.21534,1.50,2.25
2011.09.09 10:40:33.614,1.21507,1.21535,1.50,1.50
2011.09.09 10:40:34.308,1.21507,1.21534,1.50,1.50
2011.09.09 10:40:34.446,1.21506,1.21532,1.50,2.25
2011.09.09 10:40:34.827,1.21501,1.21526,1.50,1.50
2011.09.09 10:40:35.077,1.21503,1.21527,1.50,1.50
2011.09.09 10:40:35.449,1.21504,1.21526,1.50,1.50
2011.09.09 10:40:35.814,1.21498,1.21522,1.50,1.50
2011.09.09 10:40:35.933,1.21498,1.21522,1.50,1.50
2011.09.09 10:40:36.612,1.21497,1.21522,1.50,1.50
2011.09.09 10:40:36.856,1.21497,1.21522,1.50,1.50
2011.09.09 10:40:37.465,1.215,1.21524,1.50,3.00
2011.09.09 10:40:38.070,1.21497,1.21522,1.50,1.50
2011.09.09 10:40:38.439,1.215,1.21525,1.50,1.50
2011.09.09 10:40:38.569,1.21504,1.21529,1.50,1.50
2011.09.09 10:40:39.344,1.21504,1.2153,1.50,3.38
2011.09.09 10:40:39.475,1.21504,1.21528,1.50,1.50
2011.09.09 10:40:39.604,1.215,1.21529,2.25,1.50
2011.09.09 10:40:39.729,1.21501,1.21529,1.50,1.50
2011.09.09 10:40:40.097,1.21503,1.21534,2.25,1.50
2011.09.09 10:40:40.231,1.21505,1.21537,1.50,2.25
2011.09.09 10:40:40.358,1.21506,1.21538,1.50,1.88
2011.09.09 10:40:40.727,1.21525,1.21545,1.50,1.50
2011.09.09 10:40:40.856,1.21514,1.21543,1.50,1.50
2011.09.09 10:40:41.640,1.21514,1.21544,1.50,1.50
2011.09.09 10:40:41.771,1.21514,1.21546,1.50,2.25
2011.09.09 10:40:42.261,1.21508,1.21543,2.25,1.50
2011.09.09 10:40:42.388,1.21508,1.21542,1.50,1.50
2011.09.09 10:40:42.516,1.21504,1.21534,1.50,1.50
2011.09.09 10:40:42.873,1.21503,1.21533,1.50,1.50
2011.09.09 10:40:43.237,1.21512,1.21538,1.50,1.50
2011.09.09 10:40:44.186,1.21501,1.2153,1.50,1.50
2011.09.09 10:40:44.680,1.21504,1.21536,1.50,1.13
2011.09.09 10:40:44.807,1.21507,1.21542,1.50,2.25
2011.09.09 10:40:44.937,1.21507,1.21542,1.50,1.50
2011.09.09 10:40:45.549,1.21506,1.21544,1.50,2.25
2011.09.09 10:40:46.190,1.21505,1.21544,1.50,1.50
2011.09.09 10:40:46.437,1.21508,1.21548,1.50,1.13
2011.09.09 10:40:46.805,1.21509,1.21548,1.50,2.63
2011.09.09 10:40:46.924,1.21509,1.21547,2.25,2.25
2011.09.09 10:40:47.524,1.21509,1.21547,1.50,1.50
2011.09.09 10:40:47.770,1.21512,1.21548,2.18,1.13
2011.09.09 10:40:48.491,1.21514,1.21551,1.50,1.50
2011.09.09 10:40:48.625,1.21511,1.2155,1.50,1.13
2011.09.09 10:40:48.743,1.2151,1.21551,1.43,2.25
2011.09.09 10:40:49.343,1.2151,1.21551,1.43,3.00
2011.09.09 10:40:49.696,1.21516,1.2155,1.50,1.13
2011.09.09 10:40:50.054,1.21523,1.21553,1.50,1.50
2011.09.09 10:40:50.653,1.21521,1.21551,1.50,1.13
2011.09.09 10:40:51.355,1.2152,1.21549,2.25,1.13
2011.09.09 10:40:51.489,1.21526,1.21551,1.50,1.50
2011.09.09 10:40:51.619,1.21523,1.21552,2.25,1.50
2011.09.09 10:40:51.973,1.21523,1.2155,1.50,1.13
2011.09.09 10:40:52.216,1.21517,1.21548,1.50,1.13
2011.09.09 10:40:52.346,1.21517,1.2155,1.50,1.13
2011.09.09 10:40:53.500,1.21518,1.2155,1.50,1.13
2011.09.09 10:40:54.574,1.21518,1.2155,1.50,1.13
2011.09.09 10:40:54.709,1.21521,1.21551,1.50,1.50
2011.09.09 10:40:54.835,1.21519,1.21549,1.50,1.13
2011.09.09 10:40:55.427,1.21519,1.21548,1.50,1.13
2011.09.09 10:40:55.674,1.21518,1.21548,1.50,1.50
2011.09.09 10:40:56.503,1.21522,1.21548,1.50,1.13
2011.09.09 10:40:57.594,1.21522,1.21548,1.50,2.63
2011.09.09 10:40:58.205,1.21521,1.21549,1.50,1.88
2011.09.09 10:40:58.674,1.2152,1.21548,1.50,2.63
2011.09.09 10:40:59.263,1.2152,1.21546,1.50,1.50
2011.09.09 10:40:59.973,1.21521,1.21546,1.50,1.50
2011.09.09 10:41:00.091,1.2152,1.21545,1.50,1.50
2011.09.09 10:41:00.731,1.21525,1.21549,1.50,1.13
2011.09.09 10:41:00.978,1.21522,1.21549,2.25,1.88
2011.09.09 10:41:01.109,1.21522,1.21548,1.50,2.63
2011.09.09 10:41:01.360,1.21527,1.21553,1.50,1.50
2011.09.09 10:41:01.491,1.21527,1.21559,1.50,1.50
2011.09.09 10:41:01.621,1.21529,1.2156,1.50,1.13
2011.09.09 10:41:01.751,1.2153,1.21562,1.50,3.00
2011.09.09 10:41:02.747,1.2153,1.21565,1.50,1.55
2011.09.09 10:41:02.878,1.21536,1.21571,1.50,2.25
2011.09.09 10:41:03.482,1.21535,1.21567,1.43,1.50
2011.09.09 10:41:03.725,1.21537,1.2157,1.43,1.50
2011.09.09 10:41:04.084,1.21539,1.21573,3.00,2.25
2011.09.09 10:41:04.560,1.21537,1.21573,1.43,1.50
2011.09.09 10:41:05.543,1.21537,1.21568,1.43,1.50
2011.09.09 10:41:05.913,1.21533,1.21567,1.43,1.50
2011.09.09 10:41:06.036,1.21532,1.21567,2.18,1.50
2011.09.09 10:41:06.408,1.21534,1.21569,1.43,1.50
2011.09.09 10:41:06.535,1.21535,1.2157,1.43,1.13
2011.09.09 10:41:06.898,1.21534,1.21571,1.50,3.00
2011.09.09 10:41:07.680,1.21532,1.21567,2.25,1.50
2011.09.09 10:41:08.055,1.21534,1.21569,2.18,2.25
2011.09.09 10:41:08.179,1.21534,1.21568,1.43,1.50
2011.09.09 10:41:08.545,1.2153,1.21566,1.43,1.93
2011.09.09 10:41:08.668,1.2153,1.21566,1.50,4.13
2011.09.09 10:41:09.039,1.21526,1.21557,1.50,1.50
2011.09.09 10:41:09.956,1.21521,1.2155,1.50,1.50
2011.09.09 10:41:10.078,1.21521,1.2155,2.18,1.50
2011.09.09 10:41:10.450,1.21522,1.21549,1.50,1.50
2011.09.09 10:41:10.577,1.21523,1.21554,1.50,1.13
2011.09.09 10:41:10.830,1.21517,1.21555,1.50,1.88
2011.09.09 10:41:11.074,1.21518,1.21555,1.50,1.13
2011.09.09 10:41:11.198,1.2152,1.21555,1.43,1.13
2011.09.09 10:41:11.850,1.21522,1.21561,2.18,2.25
2011.09.09 10:41:12.334,1.21525,1.21559,1.50,1.50
2011.09.09 10:41:12.579,1.21521,1.2156,1.50,1.50
2011.09.09 10:41:12.825,1.21523,1.21562,1.43,3.80
2011.09.09 10:41:13.185,1.21526,1.21564,1.43,2.30
2011.09.09 10:41:13.785,1.21527,1.21567,1.50,3.80
2011.09.09 10:41:13.904,1.21524,1.21567,2.93,3.05
2011.09.09 10:41:14.564,1.21529,1.21567,1.50,1.18
2011.09.09 10:41:14.705,1.21531,1.21568,1.50,2.63
2011.09.09 10:41:14.826,1.21532,1.21568,1.50,2.63
2011.09.09 10:41:15.302,1.21531,1.21567,1.50,1.13
2011.09.09 10:41:15.789,1.21528,1.21567,2.18,1.50
2011.09.09 10:41:16.462,1.21531,1.21568,1.50,1.93
2011.09.09 10:41:16.812,1.21535,1.21567,1.50,1.18
2011.09.09 10:41:17.851,1.21536,1.21564,1.50,2.25
2011.09.09 10:41:19.276,1.21535,1.21562,1.50,1.50
2011.09.09 10:41:19.404,1.21535,1.21561,1.50,1.50
2011.09.09 10:41:20.355,1.21532,1.2156,1.50,1.50
2011.09.09 10:41:20.977,1.21532,1.21556,1.50,1.50
2011.09.09 10:41:21.113,1.21518,1.21555,1.50,1.88
2011.09.09 10:41:21.706,1.21521,1.21555,1.50,1.88
2011.09.09 10:41:22.062,1.21524,1.21555,1.50,1.88
2011.09.09 10:41:22.414,1.21524,1.21555,1.50,1.50
2011.09.09 10:41:22.773,1.21524,1.21554,1.50,1.18
2011.09.09 10:41:23.980,1.2152,1.21555,1.50,1.13
2011.09.09 10:41:24.693,1.21519,1.21554,2.25,1.18
2011.09.09 10:41:25.276,1.21521,1.21552,2.25,1.50
2011.09.09 10:41:25.884,1.21519,1.2155,1.50,1.13
2011.09.09 10:41:26.379,1.21521,1.2155,1.50,1.13
2011.09.09 10:41:28.202,1.21519,1.21551,1.50,1.88
2011.09.09 10:41:29.177,1.21521,1.21551,1.50,1.13
2011.09.09 10:41:29.894,1.21518,1.2155,1.50,1.88
2011.09.09 10:41:30.015,1.21519,1.21551,2.25,1.50
2011.09.09 10:41:30.138,1.2152,1.21552,1.50,1.50
2011.09.09 10:41:30.508,1.21525,1.21554,1.50,1.50
2011.09.09 10:41:30.639,1.21523,1.21553,2.25,1.50
2011.09.09 10:41:31.010,1.21523,1.21553,1.50,3.00
2011.09.09 10:41:31.138,1.21522,1.21553,1.50,1.50
2011.09.09 10:41:31.267,1.21519,1.21552,2.25,1.13
2011.09.09 10:41:31.836,1.2152,1.21552,1.50,1.55
2011.09.09 10:41:32.093,1.21518,1.21551,1.50,2.25
2011.09.09 10:41:32.946,1.21519,1.21551,1.50,1.50
2011.09.09 10:41:33.074,1.21518,1.21551,2.25,2.63
2011.09.09 10:41:33.542,1.21519,1.21549,2.25,1.50
2011.09.09 10:41:34.144,1.21522,1.21551,1.50,1.88
2011.09.09 10:41:34.621,1.21523,1.21549,1.50,1.50
2011.09.09 10:41:34.863,1.21521,1.21547,1.50,1.50
2011.09.09 10:41:35.538,1.21521,1.21547,1.50,1.50
2011.09.09 10:41:36.467,1.21521,1.21549,3.75,1.50
2011.09.09 10:41:37.193,1.21525,1.21551,2.25,1.88
2011.09.09 10:41:37.542,1.21525,1.21551,1.50,1.88
2011.09.09 10:41:38.890,1.21523,1.2155,2.25,1.50
2011.09.09 10:41:39.249,1.21518,1.21543,1.50,2.10
2011.09.09 10:41:39.374,1.21515,1.21543,1.50,2.10
2011.09.09 10:41:39.494,1.21513,1.21541,1.13,1.50
2011.09.09 10:41:39.860,1.21514,1.21538,1.50,1.50
2011.09.09 10:41:40.223,1.21514,1.2154,2.25,1.50
2011.09.09 10:41:40.922,1.21515,1.21542,2.25,1.35
2011.09.09 10:41:41.615,1.21515,1.21543,2.25,2.10
2011.09.09 10:41:42.223,1.21522,1.21546,1.50,1.35
2011.09.09 10:41:42.825,1.2152,1.21545,2.25,1.35
2011.09.09 10:41:42.945,1.2152,1.21543,1.50,1.35
2011.09.09 10:41:43.423,1.21517,1.21542,1.50,2.10
2011.09.09 10:41:43.786,1.2152,1.21543,1.50,1.35
2011.09.09 10:41:47.244,1.21517,1.21542,1.50,1.35
2011.09.09 10:41:50.253,1.21519,1.21544,1.50,1.35
2011.09.09 10:41:51.192,1.2152,1.21546,2.25,2.10
2011.09.09 10:41:52.413,1.21521,1.21543,1.50,1.35
2011.09.09 10:41:58.432,1.21515,1.21542,2.25,1.35
2011.09.09 10:41:59.469,1.21515,1.21542,2.25,1.35
2011.09.09 10:41:59.833,1.21512,1.21538,1.50,1.50
2011.09.09 10:42:00.531,1.21509,1.21536,1.50,1.50
2011.09.09 10:42:00.917,1.21504,1.21528,1.50,1.50
2011.09.09 10:42:01.642,1.21504,1.21528,1.50,1.50
2011.09.09 10:42:02.245,1.21506,1.21531,1.50,1.50
2011.09.09 10:42:03.673,1.21507,1.21532,1.50,1.50
2011.09.09 10:42:07.658,1.21507,1.21532,1.50,1.50
2011.09.09 10:42:08.029,1.21515,1.21537,1.50,2.25
2011.09.09 10:42:08.161,1.21515,1.21542,1.50,2.10
2011.09.09 10:42:08.527,1.21515,1.21539,1.50,1.50
2011.09.09 10:42:08.896,1.21516,1.21541,1.50,1.50
2011.09.09 10:42:09.694,1.21515,1.21541,1.50,1.50
2011.09.09 10:42:10.077,1.21512,1.21538,1.50,1.50
2011.09.09 10:42:10.324,1.21512,1.21538,1.50,1.50
2011.09.09 10:42:10.569,1.21512,1.21537,1.50,1.13
2011.09.09 10:42:10.934,1.21512,1.21536,1.50,2.25
2011.09.09 10:42:11.293,1.21507,1.21532,1.50,1.50
2011.09.09 10:42:11.779,1.21509,1.21534,1.50,1.50
2011.09.09 10:42:12.453,1.21508,1.21533,1.50,1.50
2011.09.09 10:42:12.575,1.21508,1.21533,1.50,1.50
2011.09.09 10:42:12.818,1.21506,1.21531,1.50,1.50
2011.09.09 10:42:13.177,1.21506,1.21531,1.50,1.50
2011.09.09 10:42:13.304,1.21509,1.21534,1.50,1.50
2011.09.09 10:42:13.783,1.21508,1.21532,1.50,1.50
2011.09.09 10:42:14.503,1.21508,1.21532,1.50,1.50
2011.09.09 10:42:14.625,1.21508,1.21532,1.50,1.50
2011.09.09 10:42:15.232,1.21506,1.21532,2.25,1.50
2011.09.09 10:42:15.861,1.21505,1.2153,1.50,1.50
2011.09.09 10:42:18.048,1.21503,1.21527,1.50,1.50
2011.09.09 10:42:18.416,1.21502,1.21527,2.25,1.50
2011.09.09 10:42:19.724,1.21503,1.21529,1.50,1.50
2011.09.09 10:42:20.203,1.21503,1.21529,1.50,1.50
2011.09.09 10:42:20.323,1.21507,1.21531,1.50,1.50
2011.09.09 10:42:20.906,1.21511,1.21532,1.50,1.50
2011.09.09 10:42:21.512,1.21506,1.21532,1.50,2.25
2011.09.09 10:42:21.752,1.21505,1.21531,2.25,1.50
2011.09.09 10:42:22.342,1.21507,1.21531,1.50,1.13
2011.09.09 10:42:23.952,1.21508,1.21532,1.50,2.25
2011.09.09 10:42:24.079,1.21507,1.21531,1.50,1.50
2011.09.09 10:42:24.206,1.21509,1.21531,1.50,1.50
2011.09.09 10:42:24.338,1.21508,1.21531,1.50,1.13
2011.09.09 10:42:24.584,1.21504,1.21528,1.50,1.50
2011.09.09 10:42:25.162,1.21506,1.21529,1.50,1.50
2011.09.09 10:42:25.283,1.21504,1.21529,1.50,1.50
2011.09.09 10:42:25.511,1.21506,1.2153,1.50,1.50
2011.09.09 10:42:27.824,1.21506,1.21531,1.50,1.50
2011.09.09 10:42:28.186,1.21502,1.21527,3.00,1.50
2011.09.09 10:42:29.955,1.21501,1.21524,2.85,1.50
2011.09.09 10:42:30.319,1.21509,1.21534,1.50,1.50
2011.09.09 10:42:30.444,1.21511,1.21535,2.25,1.50
2011.09.09 10:42:30.564,1.21511,1.21535,1.50,1.50
2011.09.09 10:42:30.684,1.21506,1.2153,1.50,1.50
2011.09.09 10:42:30.804,1.21504,1.2153,1.50,1.50
2011.09.09 10:42:31.261,1.21506,1.21532,1.50,1.50
2011.09.09 10:42:31.385,1.21507,1.21531,1.50,1.50
2011.09.09 10:42:31.622,1.21506,1.21531,2.25,1.50
2011.09.09 10:42:32.094,1.21506,1.21531,2.25,1.50
2011.09.09 10:42:32.906,1.21506,1.2153,1.50,1.50
2011.09.09 10:42:33.041,1.21502,1.21521,1.13,1.50
2011.09.09 10:42:33.162,1.21502,1.21521,1.13,1.50
2011.09.09 10:42:33.512,1.21501,1.21523,3.23,1.50
2011.09.09 10:42:34.592,1.21501,1.21521,2.10,1.50
2011.09.09 10:42:35.076,1.21501,1.21521,2.10,1.50
2011.09.09 10:42:35.433,1.21501,1.21521,2.10,1.50
2011.09.09 10:42:36.247,1.21498,1.21515,1.50,1.50
2011.09.09 10:42:36.388,1.21488,1.21518,1.35,1.50
2011.09.09 10:42:37.004,1.21482,1.21515,1.50,1.50
2011.09.09 10:42:37.248,1.21484,1.21517,2.25,1.50
2011.09.09 10:42:37.735,1.21486,1.21514,1.50,1.50
2011.09.09 10:42:37.982,1.21484,1.2151,1.50,1.50
2011.09.09 10:42:38.649,1.21493,1.21522,2.25,1.50
2011.09.09 10:42:39.017,1.21486,1.21522,1.50,1.50
2011.09.09 10:42:39.151,1.21487,1.21518,1.50,1.50
2011.09.09 10:42:39.514,1.21484,1.21514,1.50,1.50
2011.09.09 10:42:39.756,1.21485,1.21516,1.50,1.50
2011.09.09 10:42:40.128,1.21492,1.2152,1.50,1.50
2011.09.09 10:42:40.258,1.21492,1.21525,1.50,1.50
2011.09.09 10:42:40.383,1.21492,1.21524,1.50,1.50
2011.09.09 10:42:41.182,1.21485,1.21515,3.00,1.50
2011.09.09 10:42:41.306,1.2149,1.21518,1.50,1.50
2011.09.09 10:42:41.434,1.21491,1.21521,1.50,1.50
2011.09.09 10:42:41.556,1.21491,1.21521,1.50,1.50
2011.09.09 10:42:42.034,1.21493,1.21524,1.50,1.50
2011.09.09 10:42:42.515,1.21495,1.21524,1.50,1.50
2011.09.09 10:42:42.863,1.21493,1.21523,1.50,1.50
2011.09.09 10:42:43.104,1.21493,1.21526,1.50,2.25
2011.09.09 10:42:43.972,1.21499,1.2153,1.50,2.25
2011.09.09 10:42:44.214,1.21499,1.2153,3.00,2.25
2011.09.09 10:42:44.700,1.21497,1.21527,1.50,1.50
2011.09.09 10:42:44.943,1.21495,1.21527,1.50,1.50
2011.09.09 10:42:45.311,1.215,1.2153,1.88,2.25
2011.09.09 10:42:46.173,1.2151,1.21542,2.18,1.50
2011.09.09 10:42:46.416,1.21509,1.21545,1.43,1.50
2011.09.09 10:42:46.911,1.21506,1.21541,1.50,1.63
2011.09.09 10:42:47.038,1.21499,1.21535,1.50,1.50
2011.09.09 10:42:47.166,1.21498,1.2153,1.50,1.50
2011.09.09 10:42:47.300,1.21494,1.21528,1.50,1.50
2011.09.09 10:42:48.152,1.21494,1.21526,1.50,1.50
2011.09.09 10:42:48.244,1.21486,1.21517,1.76,1.50
2011.09.09 10:42:48.372,1.21487,1.21522,1.50,2.25
2011.09.09 10:42:48.621,1.21489,1.21522,1.50,1.50
2011.09.09 10:42:48.989,1.21489,1.21522,1.50,1.50
2011.09.09 10:42:49.239,1.21486,1.21519,1.50,1.50
2011.09.09 10:42:49.370,1.21485,1.21519,1.88,1.50
2011.09.09 10:42:49.499,1.21488,1.21519,1.50,1.50
2011.09.09 10:42:50.332,1.21493,1.21524,1.50,1.50
2011.09.09 10:42:50.468,1.21487,1.21522,1.43,1.50
2011.09.09 10:42:50.597,1.21486,1.21521,1.88,1.50
2011.09.09 10:42:50.969,1.21485,1.21518,1.88,1.50
2011.09.09 10:42:51.337,1.21492,1.21524,1.13,1.50
2011.09.09 10:42:51.584,1.21493,1.21528,1.50,1.13
2011.09.09 10:42:51.704,1.21493,1.21528,1.50,1.13
2011.09.09 10:42:51.824,1.21492,1.21529,1.50,1.13
2011.09.09 10:42:52.890,1.21491,1.21529,1.50,1.13
2011.09.09 10:42:53.136,1.21493,1.21534,2.25,2.25
2011.09.09 10:42:53.846,1.21491,1.21528,1.50,1.50
2011.09.09 10:42:53.978,1.2149,1.21528,1.50,1.50
2011.09.09 10:42:54.573,1.21491,1.21528,1.50,1.13
2011.09.09 10:42:55.042,1.21489,1.21528,1.50,2.63
2011.09.09 10:42:55.802,1.21488,1.21528,2.18,1.50
2011.09.09 10:42:56.283,1.21488,1.21528,4.06,1.13
2011.09.09 10:42:56.884,1.2149,1.21529,1.50,1.13
2011.09.09 10:42:57.508,1.21492,1.21529,1.88,1.13
2011.09.09 10:42:58.125,1.21492,1.21529,3.31,1.13
2011.09.09 10:42:59.095,1.21495,1.21529,1.50,1.13
2011.09.09 10:42:59.241,1.21494,1.21528,1.50,1.13
2011.09.09 10:42:59.726,1.21498,1.21528,1.50,1.13
2011.09.09 10:43:00.191,1.21497,1.21528,1.50,1.13
2011.09.09 10:43:00.729,1.21495,1.21528,2.25,1.13
2011.09.09 10:43:00.977,1.21495,1.21531,2.93,1.13
2011.09.09 10:43:01.347,1.21498,1.21531,1.50,1.13
2011.09.09 10:43:02.157,1.21498,1.21533,1.50,1.50
2011.09.09 10:43:02.524,1.215,1.21533,1.50,1.50
2011.09.09 10:43:02.702,1.21498,1.21533,1.50,1.50
2011.09.09 10:43:03.446,1.21498,1.21533,1.50,1.50
2011.09.09 10:43:04.351,1.21498,1.21533,1.50,1.50
2011.09.09 10:43:05.353,1.21503,1.21533,1.50,1.50
2011.09.09 10:43:05.991,1.21498,1.21533,1.50,1.50
2011.09.09 10:43:06.655,1.215,1.21533,1.50,1.50
2011.09.09 10:43:07.019,1.21506,1.21536,1.50,1.50
2011.09.09 10:43:07.142,1.21505,1.21537,1.50,1.50
2011.09.09 10:43:07.264,1.21505,1.21538,1.50,1.50
2011.09.09 10:43:07.744,1.21503,1.21536,1.50,1.50
2011.09.09 10:43:07.866,1.21499,1.21536,2.25,1.50
2011.09.09 10:43:08.233,1.21502,1.21536,1.43,1.50
2011.09.09 10:43:08.354,1.215,1.21536,1.50,1.50
2011.09.09 10:43:10.157,1.21498,1.21535,1.50,1.88
2011.09.09 10:43:10.522,1.21496,1.21531,1.50,1.50
2011.09.09 10:43:12.115,1.21496,1.21529,1.50,1.50
2011.09.09 10:43:12.457,1.21499,1.21528,1.50,1.50
2011.09.09 10:43:13.520,1.215,1.21535,1.50,1.93
2011.09.09 10:43:13.752,1.215,1.21535,1.50,1.18
2011.09.09 10:43:14.105,1.21498,1.21534,2.25,1.50
2011.09.09 10:43:14.227,1.21497,1.21533,1.50,1.50
2011.09.09 10:43:15.247,1.21497,1.21532,1.50,1.50
2011.09.09 10:43:15.373,1.21497,1.21529,1.50,1.50
2011.09.09 10:43:16.830,1.21495,1.21526,1.50,1.50
2011.09.09 10:43:17.342,1.21496,1.21528,1.50,1.50
2011.09.09 10:43:18.174,1.21497,1.2153,1.50,1.50
2011.09.09 10:43:20.439,1.21495,1.2153,1.50,1.50
2011.09.09 10:43:20.981,1.21495,1.21531,1.50,1.50
2011.09.09 10:43:22.423,1.21494,1.21529,1.50,1.50
2011.09.09 10:43:22.775,1.21496,1.21529,1.50,1.50
2011.09.09 10:43:23.123,1.21498,1.2153,1.50,1.50
2011.09.09 10:43:24.283,1.21496,1.21528,2.25,1.50
2011.09.09 10:43:24.764,1.21492,1.21526,3.00,1.13
2011.09.09 10:43:24.884,1.21491,1.21524,1.50,1.50
2011.09.09 10:43:25.007,1.21488,1.21522,2.25,1.50
2011.09.09 10:43:25.135,1.21489,1.21525,1.50,2.25
2011.09.09 10:43:25.592,1.21488,1.2152,1.50,1.50
2011.09.09 10:43:25.716,1.21491,1.21525,1.50,1.88
2011.09.09 10:43:26.603,1.21491,1.21524,1.50,1.13
2011.09.09 10:43:26.965,1.2149,1.21525,1.50,1.88
2011.09.09 10:43:27.444,1.21489,1.21524,1.50,2.25
2011.09.09 10:43:27.683,1.2149,1.21524,1.50,1.50
2011.09.09 10:43:28.262,1.21491,1.21526,2.25,1.13
2011.09.09 10:43:28.863,1.21493,1.21529,1.50,1.50
2011.09.09 10:43:29.701,1.2149,1.21529,2.25,2.25
2011.09.09 10:43:30.426,1.21491,1.21526,1.50,1.50
2011.09.09 10:43:31.011,1.21491,1.21527,1.50,1.50
2011.09.09 10:43:31.368,1.21494,1.21527,1.50,1.50
2011.09.09 10:43:31.737,1.2149,1.2153,1.50,1.50
2011.09.09 10:43:31.864,1.2149,1.2153,1.50,3.00
2011.09.09 10:43:32.901,1.21488,1.21526,2.25,1.88
2011.09.09 10:43:33.483,1.21488,1.21526,1.50,1.88
2011.09.09 10:43:33.845,1.21496,1.21525,1.50,1.13
2011.09.09 10:43:34.432,1.21494,1.21526,1.50,1.50
2011.09.09 10:43:34.662,1.21493,1.21526,1.50,2.25
2011.09.09 10:43:34.893,1.21491,1.21526,1.50,2.25
2011.09.09 10:43:35.571,1.21489,1.21526,1.50,1.88
2011.09.09 10:43:35.925,1.21491,1.21526,1.50,2.25
2011.09.09 10:43:36.669,1.21497,1.21529,1.50,1.50
2011.09.09 10:43:37.138,1.21496,1.21528,1.50,1.50
2011.09.09 10:43:37.393,1.21491,1.21525,5.25,1.88
2011.09.09 10:43:37.516,1.21494,1.21525,1.50,1.88
2011.09.09 10:43:38.116,1.21493,1.21526,1.50,1.50
2011.09.09 10:43:38.462,1.21493,1.21526,1.50,1.50
2011.09.09 10:43:39.515,1.21493,1.21527,1.50,1.50
2011.09.09 10:43:40.106,1.21492,1.21523,1.50,2.25
2011.09.09 10:43:40.723,1.21487,1.21514,1.50,1.50
2011.09.09 10:43:40.855,1.21485,1.21511,1.50,2.25
2011.09.09 10:43:40.983,1.21482,1.21508,1.50,1.50
2011.09.09 10:43:41.109,1.2148,1.21508,3.00,1.50
2011.09.09 10:43:41.366,1.21479,1.21507,1.50,1.50
2011.09.09 10:43:41.928,1.21479,1.21507,1.50,1.50
2011.09.09 10:43:42.207,1.21485,1.21513,1.50,1.50
2011.09.09 10:43:42.576,1.21487,1.21516,1.50,2.25
2011.09.09 10:43:42.825,1.21487,1.21514,1.50,1.50
2011.09.09 10:43:43.184,1.21488,1.21513,1.50,1.50
2011.09.09 10:43:43.775,1.21485,1.21512,1.50,1.50
2011.09.09 10:43:43.897,1.21485,1.21511,1.50,1.50
2011.09.09 10:43:44.523,1.21483,1.21509,1.50,1.50
2011.09.09 10:43:45.607,1.21481,1.21506,1.50,1.50
2011.09.09 10:43:45.976,1.21481,1.21505,1.50,1.50
2011.09.09 10:43:46.706,1.21477,1.21504,1.50,1.50
2011.09.09 10:43:47.236,1.2148,1.21506,1.50,1.50
2011.09.09 10:43:47.875,1.21483,1.21508,1.50,1.50
2011.09.09 10:43:48.242,1.21478,1.21507,1.50,1.50
2011.09.09 10:43:48.370,1.21478,1.21507,1.50,2.25
2011.09.09 10:43:48.498,1.21475,1.21502,1.50,1.50
2011.09.09 10:43:49.106,1.21478,1.21503,1.50,1.50
2011.09.09 10:43:49.472,1.21475,1.21501,1.50,1.50
2011.09.09 10:43:49.834,1.21478,1.21506,1.50,1.50
2011.09.09 10:43:49.957,1.21477,1.21507,1.50,1.50
2011.09.09 10:43:50.088,1.21477,1.21506,1.50,1.50
2011.09.09 10:43:50.702,1.21474,1.21501,1.50,1.50
2011.09.09 10:43:50.824,1.21471,1.215,1.50,1.50
2011.09.09 10:43:50.944,1.21479,1.21503,1.50,1.50
2011.09.09 10:43:51.175,1.21479,1.21503,1.50,1.50
2011.09.09 10:43:51.414,1.21477,1.21502,1.50,1.50
2011.09.09 10:43:52.397,1.21474,1.21502,1.50,1.50
2011.09.09 10:43:53.438,1.21477,1.21503,1.50,1.88
2011.09.09 10:43:54.309,1.21476,1.215,1.50,1.50
2011.09.09 10:43:54.912,1.21477,1.21502,1.50,1.50
2011.09.09 10:43:56.285,1.21475,1.215,1.50,1.50
2011.09.09 10:43:56.998,1.21475,1.215,1.50,1.50
2011.09.09 10:43:57.709,1.21475,1.215,1.50,1.50
2011.09.09 10:43:59.146,1.21472,1.21498,2.25,1.50
2011.09.09 10:43:59.976,1.21474,1.215,1.50,1.50
2011.09.09 10:44:00.801,1.21474,1.215,1.50,1.50
2011.09.09 10:44:00.922,1.21473,1.21498,1.50,1.50
2011.09.09 10:44:01.975,1.21474,1.21502,1.50,1.50
2011.09.09 10:44:02.109,1.2148,1.21505,1.50,1.50
2011.09.09 10:44:02.593,1.2148,1.21503,1.50,1.50
2011.09.09 10:44:03.076,1.21482,1.21506,1.50,1.50
2011.09.09 10:44:03.653,1.2148,1.21504,1.50,1.50
2011.09.09 10:44:05.475,1.21475,1.21502,1.50,1.50
2011.09.09 10:44:05.827,1.21475,1.215,1.50,1.50
2011.09.09 10:44:06.183,1.21474,1.21498,1.50,1.50
2011.09.09 10:44:06.303,1.21472,1.21497,1.13,1.50
2011.09.09 10:44:06.881,1.21472,1.21497,1.13,1.50
2011.09.09 10:44:07.222,1.21474,1.21499,1.50,1.50
2011.09.09 10:44:08.552,1.21475,1.21499,2.25,1.50
2011.09.09 10:44:09.366,1.21482,1.21503,1.50,1.50
2011.09.09 10:44:09.619,1.21484,1.2151,2.25,1.50
2011.09.09 10:44:09.743,1.21484,1.21508,1.50,1.50
2011.09.09 10:44:09.862,1.21483,1.21508,1.43,1.50
2011.09.09 10:44:12.265,1.21482,1.21506,2.56,1.50
2011.09.09 10:44:12.387,1.21484,1.2151,2.18,1.50
2011.09.09 10:44:12.915,1.21484,1.21507,1.43,1.50
2011.09.09 10:44:13.373,1.21486,1.2151,1.50,1.50
2011.09.09 10:44:13.833,1.21486,1.2151,1.50,1.50
2011.09.09 10:44:13.955,1.21488,1.21513,1.50,1.50
2011.09.09 10:44:15.823,1.21488,1.21513,1.50,1.50
2011.09.09 10:44:16.391,1.21488,1.21513,1.50,1.50
2011.09.09 10:44:16.733,1.2149,1.21515,1.50,1.50
2011.09.09 10:44:17.337,1.21488,1.21512,1.50,1.50
2011.09.09 10:44:17.703,1.2149,1.21514,1.50,1.50
2011.09.09 10:44:18.943,1.2149,1.21514,1.50,1.50
2011.09.09 10:44:19.064,1.21487,1.21511,1.88,1.50
2011.09.09 10:44:19.643,1.21487,1.21511,1.88,1.50
2011.09.09 10:44:19.875,1.2149,1.21515,1.50,1.50
2011.09.09 10:44:20.222,1.2149,1.21513,1.50,1.50
2011.09.09 10:44:21.713,1.21488,1.21513,2.18,1.50
2011.09.09 10:44:21.834,1.21488,1.21512,2.18,1.50
2011.09.09 10:44:21.954,1.21488,1.21512,1.43,1.50
2011.09.09 10:44:22.313,1.2149,1.21514,1.50,1.50
2011.09.09 10:44:22.435,1.2149,1.21514,1.50,1.50
2011.09.09 10:44:23.121,1.21487,1.21513,1.88,1.50
2011.09.09 10:44:32.264,1.21489,1.21513,2.25,1.50
2011.09.09 10:44:32.513,1.21487,1.21512,1.50,1.50
2011.09.09 10:44:33.000,1.21487,1.21511,1.43,1.50
2011.09.09 10:44:33.699,1.21486,1.21511,2.93,1.50
2011.09.09 10:44:33.831,1.21488,1.21513,1.50,1.50
2011.09.09 10:44:34.556,1.21492,1.21518,1.50,1.50
2011.09.09 10:44:34.675,1.21492,1.21518,1.50,1.50
2011.09.09 10:44:35.254,1.21492,1.21515,1.43,1.50
2011.09.09 10:44:35.481,1.21492,1.21515,1.43,1.50
2011.09.09 10:44:36.075,1.2149,1.21514,1.43,1.50
2011.09.09 10:44:38.446,1.21492,1.21516,1.43,1.50
2011.09.09 10:44:39.152,1.2149,1.21514,2.18,1.50
2011.09.09 10:44:40.688,1.21495,1.2152,1.50,1.50
2011.09.09 10:44:40.817,1.21495,1.21521,1.50,1.50
2011.09.09 10:44:41.066,1.21497,1.21523,1.50,1.50
2011.09.09 10:44:41.318,1.21496,1.21522,2.18,1.50
2011.09.09 10:44:41.449,1.21498,1.21524,1.50,1.50
2011.09.09 10:44:42.042,1.21496,1.21521,2.18,1.50
2011.09.09 10:44:43.700,1.21499,1.21523,1.50,1.50
2011.09.09 10:44:44.652,1.21496,1.21521,2.93,1.50
2011.09.09 10:44:45.705,1.21499,1.21524,2.25,1.50
2011.09.09 10:44:46.053,1.21496,1.21521,1.43,1.50
2011.09.09 10:44:47.005,1.21497,1.21522,1.50,1.50
2011.09.09 10:44:48.049,1.21497,1.21522,2.18,1.50
2011.09.09 10:44:48.178,1.21497,1.21522,2.18,1.50
2011.09.09 10:44:48.307,1.21495,1.2152,1.50,1.50
2011.09.09 10:44:49.244,1.21494,1.21519,1.50,1.50
2011.09.09 10:44:49.812,1.21496,1.21521,1.50,1.50
2011.09.09 10:44:50.266,1.21495,1.21519,1.13,1.50
2011.09.09 10:44:50.615,1.21496,1.2152,1.50,1.50
2011.09.09 10:44:51.617,1.21494,1.21518,1.81,1.50
2011.09.09 10:44:51.984,1.21494,1.21515,1.43,1.50
2011.09.09 10:44:52.227,1.21494,1.21517,2.93,1.50
2011.09.09 10:44:53.023,1.21495,1.21518,1.81,1.50
2011.09.09 10:44:53.622,1.21494,1.21516,3.68,1.50
2011.09.09 10:44:53.984,1.21496,1.21521,1.13,1.50
2011.09.09 10:44:54.762,1.21495,1.21515,1.06,1.50
2011.09.09 10:44:55.285,1.21495,1.21515,1.06,1.50
2011.09.09 10:44:55.512,1.21495,1.21519,1.43,1.50
2011.09.09 10:44:55.854,1.21495,1.2152,2.18,1.50
2011.09.09 10:44:56.093,1.21495,1.21519,1.43,1.50
2011.09.09 10:44:58.062,1.21492,1.21516,1.13,1.50
2011.09.09 10:44:58.190,1.21496,1.21522,1.50,1.50
2011.09.09 10:44:58.435,1.21496,1.21518,1.50,1.50
2011.09.09 10:44:58.667,1.21492,1.21516,1.13,1.50
2011.09.09 10:44:59.513,1.21494,1.21516,1.50,1.50
2011.09.09 10:44:59.881,1.21496,1.21521,2.18,1.50
2011.09.09 10:45:00.007,1.21499,1.21523,1.50,1.50
2011.09.09 10:45:00.135,1.21503,1.21529,1.50,2.10
2011.09.09 10:45:00.852,1.21499,1.21521,1.13,1.50
2011.09.09 10:45:01.445,1.21499,1.21523,1.13,2.25
2011.09.09 10:45:02.542,1.21498,1.21522,1.50,1.50
2011.09.09 10:45:02.773,1.21499,1.21523,1.13,1.50
2011.09.09 10:45:04.124,1.21501,1.21525,2.18,1.50
2011.09.09 10:45:04.725,1.215,1.21524,1.43,1.50
2011.09.09 10:45:05.084,1.21499,1.21521,2.18,1.50
2011.09.09 10:45:05.323,1.21499,1.21524,2.18,1.50
2011.09.09 10:45:05.885,1.21499,1.21524,2.18,1.50
2011.09.09 10:45:06.483,1.21497,1.2152,1.43,1.50
2011.09.09 10:45:06.603,1.21497,1.2152,1.43,1.50
2011.09.09 10:45:06.846,1.21499,1.21521,1.50,1.50
2011.09.09 10:45:06.966,1.21501,1.21527,1.50,1.88
2011.09.09 10:45:07.094,1.21498,1.21524,1.50,1.50
2011.09.09 10:45:07.692,1.21498,1.21524,1.50,1.50
2011.09.09 10:45:07.834,1.21497,1.21522,2.93,1.50
2011.09.09 10:45:07.957,1.21497,1.21521,3.31,1.50
2011.09.09 10:45:08.209,1.21495,1.21519,2.56,1.50
2011.09.09 10:45:08.806,1.21495,1.21521,2.56,1.50
2011.09.09 10:45:09.524,1.21497,1.21523,1.50,1.50
2011.09.09 10:45:10.155,1.21497,1.21523,1.50,1.50
2011.09.09 10:45:10.400,1.21495,1.21519,2.18,1.50
2011.09.09 10:45:10.528,1.21494,1.21516,1.43,1.50
2011.09.09 10:45:10.781,1.21487,1.21509,2.10,1.50
2011.09.09 10:45:10.910,1.21485,1.21508,1.13,1.50
2011.09.09 10:45:11.275,1.21486,1.2151,1.13,1.50
2011.09.09 10:45:11.755,1.21488,1.21509,1.06,1.50
2011.09.09 10:45:11.877,1.21488,1.21509,1.06,1.50
2011.09.09 10:45:12.008,1.21488,1.21509,1.81,2.25
2011.09.09 10:45:12.753,1.21489,1.21512,1.81,1.50
2011.09.09 10:45:12.999,1.2149,1.21514,1.50,1.50
2011.09.09 10:45:13.366,1.215,1.21518,4.50,1.50
2011.09.09 10:45:13.497,1.215,1.21525,1.50,1.50
2011.09.09 10:45:14.103,1.215,1.21525,1.50,1.50
2011.09.09 10:45:14.335,1.21495,1.21519,1.50,1.50
2011.09.09 10:45:14.459,1.21493,1.21515,1.13,1.50
2011.09.09 10:45:14.585,1.21491,1.21515,2.18,1.50
2011.09.09 10:45:15.753,1.21488,1.21512,1.50,1.50
2011.09.09 10:45:16.114,1.21488,1.21512,1.50,1.50
2011.09.09 10:45:16.465,1.21493,1.21515,1.50,1.50
2011.09.09 10:45:16.823,1.21494,1.21517,1.50,1.13
2011.09.09 10:45:16.948,1.21494,1.21517,1.50,1.13
2011.09.09 10:45:17.998,1.21494,1.21518,1.50,1.50
2011.09.09 10:45:18.128,1.21498,1.21522,3.31,1.50
2011.09.09 10:45:18.256,1.21503,1.21524,1.43,1.50
2011.09.09 10:45:19.097,1.215,1.21522,2.18,1.50
2011.09.09 10:45:19.703,1.21502,1.21524,2.18,1.50
2011.09.09 10:45:20.071,1.21498,1.2152,2.18,1.50
2011.09.09 10:45:20.737,1.21501,1.21525,2.56,1.50
2011.09.09 10:45:21.109,1.215,1.21522,2.56,1.50
2011.09.09 10:45:21.475,1.21502,1.2152,1.43,1.50
2011.09.09 10:45:21.833,1.21497,1.21514,1.06,2.25
2011.09.09 10:45:21.952,1.21496,1.21514,2.18,1.50
2011.09.09 10:45:22.524,1.21496,1.21515,1.43,1.50
2011.09.09 10:45:23.116,1.21495,1.21516,2.18,1.50
2011.09.09 10:45:23.861,1.21501,1.2152,1.13,1.50
2011.09.09 10:45:24.109,1.21498,1.21519,2.56,1.50
2011.09.09 10:45:24.237,1.21495,1.21519,2.93,1.50
2011.09.09 10:45:24.365,1.21495,1.21516,1.43,1.50
2011.09.09 10:45:24.486,1.21493,1.21516,1.43,1.50
2011.09.09 10:45:24.605,1.21503,1.21516,1.50,1.50
2011.09.09 10:45:24.849,1.21499,1.21521,2.25,1.13
2011.09.09 10:45:25.326,1.21497,1.21521,3.00,1.50
2011.09.09 10:45:25.573,1.21493,1.21517,2.18,2.25
2011.09.09 10:45:26.610,1.21493,1.21517,2.18,1.50
2011.09.09 10:45:27.082,1.21493,1.21518,1.43,1.50
2011.09.09 10:45:27.663,1.21493,1.21518,2.18,1.50
2011.09.09 10:45:28.242,1.21493,1.21518,2.18,2.25
2011.09.09 10:45:29.386,1.21502,1.21516,4.50,1.50
2011.09.09 10:45:29.631,1.21504,1.21523,4.88,1.50
2011.09.09 10:45:29.755,1.21496,1.2152,1.73,1.50
2011.09.09 10:45:29.876,1.21496,1.2152,1.13,1.50
2011.09.09 10:45:30.536,1.21495,1.21517,1.13,1.50
2011.09.09 10:45:30.906,1.21491,1.21513,1.50,1.50
2011.09.09 10:45:31.025,1.21489,1.21513,1.88,1.50
2011.09.09 10:45:31.144,1.21489,1.21513,1.13,2.25
2011.09.09 10:45:31.268,1.21489,1.21513,1.13,2.25
2011.09.09 10:45:31.397,1.21483,1.21509,3.68,1.50
2011.09.09 10:45:31.529,1.21483,1.21506,1.06,1.50
2011.09.09 10:45:31.656,1.21483,1.21508,1.06,1.50
2011.09.09 10:45:31.894,1.21484,1.21511,1.43,1.50
2011.09.09 10:45:32.377,1.21483,1.21511,1.81,1.50
2011.09.09 10:45:32.512,1.2149,1.21511,4.50,1.50
2011.09.09 10:45:32.636,1.2149,1.21512,4.50,1.50
2011.09.09 10:45:33.293,1.21509,1.21514,1.50,1.50
2011.09.09 10:45:33.419,1.21509,1.21527,2.25,1.30
2011.09.09 10:45:33.552,1.21503,1.21528,1.13,1.50
2011.09.09 10:45:33.681,1.21508,1.21528,1.50,1.50
2011.09.09 10:45:34.033,1.21512,1.21529,1.50,1.50
2011.09.09 10:45:36.289,1.21511,1.21529,1.50,1.50
2011.09.09 10:45:37.126,1.21512,1.21529,1.13,1.50
2011.09.09 10:45:37.374,1.21511,1.21532,1.13,1.35
2011.09.09 10:45:37.495,1.21512,1.2153,1.13,1.50
2011.09.09 10:45:37.832,1.2151,1.2153,1.50,1.50
2011.09.09 10:45:38.072,1.2151,1.21529,1.50,1.50
2011.09.09 10:45:38.423,1.21513,1.21531,1.88,1.10
2011.09.09 10:45:39.288,1.21515,1.21532,1.50,1.20
2011.09.09 10:45:39.424,1.21512,1.21531,1.13,1.54
2011.09.09 10:45:39.774,1.2151,1.21531,1.50,1.92
2011.09.09 10:45:40.017,1.2151,1.21532,1.50,1.20
2011.09.09 10:45:40.267,1.21509,1.21531,2.25,1.54
2011.09.09 10:45:40.521,1.21507,1.2153,2.25,1.13
2011.09.09 10:45:40.644,1.21507,1.2153,1.50,1.50
2011.09.09 10:45:40.888,1.2151,1.21532,1.50,2.70
2011.09.09 10:45:41.494,1.2151,1.21531,1.50,1.54
2011.09.09 10:45:42.336,1.2151,1.2153,1.50,1.13
2011.09.09 10:45:42.936,1.2151,1.21531,5.63,2.29
2011.09.09 10:45:43.187,1.21509,1.21532,1.50,1.58
2011.09.09 10:45:43.322,1.21507,1.21531,2.56,1.54
2011.09.09 10:45:43.686,1.21506,1.21525,1.88,1.50
2011.09.09 10:45:44.409,1.21505,1.21527,1.43,1.50
2011.09.09 10:45:45.121,1.21509,1.21528,1.50,1.50
2011.09.09 10:45:45.284,1.21506,1.21533,2.18,3.08
2011.09.09 10:45:45.412,1.21506,1.21531,2.18,1.54
2011.09.09 10:45:45.540,1.21507,1.21531,1.50,2.29
2011.09.09 10:45:45.905,1.21506,1.21526,1.43,1.50
2011.09.09 10:45:46.746,1.21505,1.21529,1.43,1.50
2011.09.09 10:45:48.185,1.21505,1.21527,1.43,1.50
2011.09.09 10:45:48.304,1.21503,1.21524,2.18,1.50
2011.09.09 10:45:48.547,1.21502,1.21522,1.43,1.50
2011.09.09 10:45:48.914,1.215,1.21522,1.43,1.50
2011.09.09 10:45:49.277,1.215,1.21522,1.43,1.50
2011.09.09 10:45:49.407,1.215,1.21522,1.43,1.50
2011.09.09 10:45:50.365,1.21498,1.21523,1.43,1.50
2011.09.09 10:45:50.628,1.21497,1.21522,1.43,1.50
2011.09.09 10:45:50.755,1.21498,1.21524,1.50,2.25
2011.09.09 10:45:50.878,1.21501,1.21526,1.43,1.50
2011.09.09 10:45:51.004,1.21503,1.21531,1.43,3.79
2011.09.09 10:45:51.125,1.21502,1.2153,1.43,1.13
2011.09.09 10:45:51.727,1.215,1.21529,1.43,1.50
2011.09.09 10:45:53.398,1.21501,1.21531,1.43,1.50
2011.09.09 10:45:55.305,1.21499,1.21529,2.18,1.50
2011.09.09 10:45:56.112,1.21499,1.21529,1.43,1.50
2011.09.09 10:45:56.477,1.21499,1.21529,1.43,1.50
2011.09.09 10:45:56.609,1.21498,1.2153,1.50,1.50
2011.09.09 10:45:57.216,1.21495,1.21531,1.43,1.88
2011.09.09 10:45:57.337,1.21495,1.21531,1.43,3.79
2011.09.09 10:45:59.603,1.21495,1.21528,1.43,1.50
2011.09.09 10:46:01.125,1.21496,1.2153,1.43,1.13
2011.09.09 10:46:01.596,1.21496,1.21528,1.43,1.50
2011.09.09 10:46:02.469,1.21484,1.21519,1.43,1.50
2011.09.09 10:46:02.722,1.21485,1.21519,1.50,2.25
2011.09.09 10:46:02.851,1.21485,1.21522,2.93,1.50
2011.09.09 10:46:03.110,1.21485,1.21522,2.18,1.50
2011.09.09 10:46:03.238,1.21484,1.21518,1.50,1.50
2011.09.09 10:46:03.610,1.21482,1.21515,1.43,1.50
2011.09.09 10:46:04.272,1.21482,1.21513,1.43,1.50
2011.09.09 10:46:04.655,1.2148,1.2151,1.50,1.50
2011.09.09 10:46:05.258,1.21481,1.21516,1.43,1.50
2011.09.09 10:46:05.387,1.21481,1.21519,1.43,1.50
2011.09.09 10:46:05.634,1.21481,1.21519,2.18,1.50
2011.09.09 10:46:06.368,1.21484,1.21521,1.43,1.50
2011.09.09 10:46:06.973,1.21481,1.21521,1.43,1.50
2011.09.09 10:46:07.204,1.21481,1.21522,1.43,1.50
2011.09.09 10:46:07.570,1.215,1.21522,1.50,1.50
2011.09.09 10:46:07.941,1.21502,1.21523,1.50,1.50
2011.09.09 10:46:08.760,1.21502,1.21523,1.50,1.50
2011.09.09 10:46:09.148,1.21503,1.21524,1.13,1.50
2011.09.09 10:46:09.637,1.21509,1.2153,2.25,1.88
2011.09.09 10:46:09.772,1.21512,1.2153,2.25,1.50
2011.09.09 10:46:09.894,1.21512,1.21533,1.50,1.95
2011.09.09 10:46:10.739,1.2151,1.21532,1.50,1.20
2011.09.09 10:46:11.508,1.215,1.21526,1.81,1.50
2011.09.09 10:46:11.907,1.215,1.2152,1.06,1.50
2011.09.09 10:46:12.157,1.215,1.21524,1.06,1.50
2011.09.09 10:46:12.410,1.215,1.2153,2.18,1.50
2011.09.09 10:46:12.538,1.21512,1.21532,1.50,1.22
2011.09.09 10:46:12.666,1.21512,1.21534,1.50,1.95
2011.09.09 10:46:12.790,1.21505,1.21529,1.50,1.50
2011.09.09 10:46:12.920,1.215,1.21523,1.50,1.50
2011.09.09 10:46:13.049,1.21499,1.21523,1.43,1.50
2011.09.09 10:46:13.296,1.21499,1.21526,1.43,2.25
2011.09.09 10:46:13.917,1.21499,1.21526,1.43,2.25
2011.09.09 10:46:14.286,1.21502,1.21524,1.43,1.50
2011.09.09 10:46:14.775,1.21504,1.21524,1.81,1.50
2011.09.09 10:46:14.894,1.21506,1.21532,2.18,1.58
2011.09.09 10:46:15.135,1.21509,1.21531,1.13,1.58
2011.09.09 10:46:15.858,1.21506,1.21526,1.06,1.50
2011.09.09 10:46:16.585,1.21506,1.21526,1.06,1.50
2011.09.09 10:46:16.715,1.21506,1.21528,1.81,1.50
2011.09.09 10:46:18.828,1.21506,1.21527,1.06,1.50
2011.09.09 10:46:19.588,1.21504,1.21526,1.43,1.50
2011.09.09 10:46:20.067,1.21507,1.21532,1.50,1.58
2011.09.09 10:46:20.542,1.21507,1.21532,1.50,1.58
2011.09.09 10:46:20.663,1.21504,1.21529,2.18,1.50
2011.09.09 10:46:21.004,1.21504,1.21529,1.43,1.50
2011.09.09 10:46:21.246,1.21503,1.21525,1.81,2.25
2011.09.09 10:46:21.981,1.21503,1.21524,1.43,1.50
2011.09.09 10:46:22.111,1.21508,1.21525,1.06,1.50
2011.09.09 10:46:22.358,1.21509,1.21533,1.13,1.58
2011.09.09 10:46:22.724,1.21511,1.21535,1.13,1.58
2011.09.09 10:46:23.326,1.21511,1.21536,2.18,1.58
2011.09.09 10:46:24.230,1.21515,1.21539,1.13,1.58
2011.09.09 10:46:24.367,1.21511,1.21533,2.56,1.58
2011.09.09 10:46:26.013,1.21514,1.21537,1.81,1.58
2011.09.09 10:46:26.136,1.21514,1.21537,1.81,1.58
2011.09.09 10:46:26.262,1.21515,1.21539,1.50,1.58
2011.09.09 10:46:26.381,1.21514,1.21533,1.06,1.58
2011.09.09 10:46:26.740,1.21512,1.21529,1.43,1.50
2011.09.09 10:46:27.334,1.21503,1.21525,2.10,1.50
2011.09.09 10:46:27.479,1.2151,1.21524,4.50,1.50
2011.09.09 10:46:27.607,1.2151,1.21526,4.50,1.50
2011.09.09 10:46:27.858,1.21506,1.21526,1.13,1.50
2011.09.09 10:46:27.993,1.21521,1.21529,4.50,1.50
2011.09.09 10:46:28.120,1.21525,1.21532,3.75,2.33
2011.09.09 10:46:28.247,1.21525,1.21535,3.75,3.08
2011.09.09 10:46:28.377,1.21519,1.21535,4.50,3.08
2011.09.09 10:46:28.631,1.21523,1.2154,1.35,1.58
2011.09.09 10:46:29.483,1.21527,1.21552,1.35,1.97
2011.09.09 10:46:29.973,1.21526,1.21552,1.43,1.58
2011.09.09 10:46:30.573,1.21526,1.21552,1.50,1.58
2011.09.09 10:46:30.938,1.21525,1.21548,2.18,1.58
2011.09.09 10:46:31.532,1.21524,1.2155,1.43,1.58
2011.09.09 10:46:32.707,1.21531,1.21557,1.88,1.58
2011.09.09 10:46:33.316,1.21534,1.21557,1.81,1.50
2011.09.09 10:46:33.567,1.21532,1.21557,1.43,1.50
2011.09.09 10:46:33.946,1.21533,1.21559,1.43,1.50
2011.09.09 10:46:34.077,1.21533,1.21558,1.43,2.25
2011.09.09 10:46:34.812,1.21532,1.2156,1.50,1.50
2011.09.09 10:46:34.984,1.2153,1.21558,1.50,1.50
2011.09.09 10:46:36.163,1.21531,1.21558,1.13,1.50
2011.09.09 10:46:36.286,1.21532,1.21558,1.13,1.50
2011.09.09 10:46:36.534,1.21532,1.21559,1.81,2.25
2011.09.09 10:46:36.655,1.21531,1.21556,1.13,1.50
2011.09.09 10:46:37.713,1.21522,1.21543,1.43,1.50
2011.09.09 10:46:37.956,1.21518,1.21534,1.50,1.50
2011.09.09 10:46:38.084,1.21512,1.21534,4.50,1.50
2011.09.09 10:46:38.204,1.21512,1.21531,4.50,1.50
2011.09.09 10:46:38.926,1.21509,1.21534,1.50,1.50
2011.09.09 10:46:39.061,1.21504,1.21529,2.25,1.50
2011.09.09 10:46:39.429,1.21499,1.21522,3.38,2.25
2011.09.09 10:46:40.255,1.21499,1.21518,1.50,1.50
2011.09.09 10:46:40.390,1.21498,1.2152,1.50,1.50
2011.09.09 10:46:40.516,1.21498,1.21524,2.25,1.50
2011.09.09 10:46:40.757,1.21497,1.21519,2.25,1.50
2011.09.09 10:46:41.008,1.21497,1.21519,2.25,1.50
2011.09.09 10:46:41.140,1.21498,1.21521,1.50,1.50
2011.09.09 10:46:41.512,1.21493,1.21512,1.50,1.50
2011.09.09 10:46:41.639,1.21493,1.21512,1.50,1.50
2011.09.09 10:46:41.770,1.21492,1.21512,1.50,1.50
2011.09.09 10:46:42.671,1.21492,1.21512,2.25,1.50
2011.09.09 10:46:42.928,1.2148,1.21496,1.13,1.50
2011.09.09 10:46:43.057,1.21471,1.21493,2.25,1.50
2011.09.09 10:46:43.307,1.21471,1.21494,6.38,1.50
2011.09.09 10:46:43.795,1.21472,1.21494,2.56,2.38
2011.09.09 10:46:43.916,1.21468,1.21494,2.56,2.38
2011.09.09 10:46:44.039,1.21467,1.21491,2.18,1.50
2011.09.09 10:46:44.663,1.21468,1.21493,1.50,1.50
2011.09.09 10:46:44.802,1.21467,1.2149,1.43,1.50
2011.09.09 10:46:44.929,1.21467,1.21488,1.43,1.50
2011.09.09 10:46:45.175,1.21463,1.21488,1.43,1.50
2011.09.09 10:46:45.420,1.21466,1.21489,4.50,1.50
2011.09.09 10:46:45.679,1.21474,1.21493,4.50,1.50
2011.09.09 10:46:45.809,1.21479,1.21503,1.50,1.93
2011.09.09 10:46:46.178,1.21474,1.215,1.50,1.50
2011.09.09 10:46:46.812,1.21471,1.21493,2.18,1.50
2011.09.09 10:46:46.943,1.21471,1.21493,1.13,1.50
2011.09.09 10:46:47.305,1.2147,1.21493,1.13,1.50
2011.09.09 10:46:47.431,1.21469,1.21493,1.50,1.50
2011.09.09 10:46:47.675,1.21467,1.21491,1.50,1.50
2011.09.09 10:46:47.795,1.21466,1.2149,1.50,1.50
2011.09.09 10:46:48.757,1.21466,1.2149,2.25,1.50
2011.09.09 10:46:49.554,1.21467,1.21492,1.50,1.50
2011.09.09 10:46:50.564,1.21467,1.21492,2.25,1.50
2011.09.09 10:46:50.686,1.21466,1.21489,1.50,1.50
2011.09.09 10:46:50.912,1.21466,1.21489,1.50,1.50
2011.09.09 10:46:51.154,1.21468,1.21493,1.50,1.50
2011.09.09 10:46:51.635,1.2147,1.21495,1.50,1.50
2011.09.09 10:46:51.998,1.21474,1.21498,1.50,1.50
2011.09.09 10:46:52.671,1.21471,1.21493,1.88,1.50
2011.09.09 10:46:53.165,1.21469,1.21494,1.81,1.50
2011.09.09 10:46:53.659,1.21471,1.21493,1.13,1.50
2011.09.09 10:46:54.029,1.21478,1.21502,1.50,1.50
2011.09.09 10:46:54.835,1.2148,1.21503,1.50,1.50
2011.09.09 10:46:55.438,1.21478,1.215,3.75,1.50
2011.09.09 10:46:55.572,1.21475,1.215,1.81,1.50
2011.09.09 10:46:55.816,1.21474,1.215,4.06,1.50
2011.09.09 10:46:56.308,1.21479,1.21497,1.88,1.50
2011.09.09 10:46:56.557,1.21483,1.21501,3.75,1.50
2011.09.09 10:46:57.226,1.21482,1.21503,1.13,1.50
2011.09.09 10:46:57.357,1.21493,1.21514,1.43,1.50
2011.09.09 10:46:57.489,1.21493,1.21514,1.88,1.50
2011.09.09 10:46:58.097,1.2149,1.21511,1.69,1.50
2011.09.09 10:46:58.464,1.21496,1.21511,1.13,1.50
2011.09.09 10:46:59.706,1.21493,1.21511,1.13,1.50
2011.09.09 10:47:00.316,1.21496,1.21516,1.13,1.50
2011.09.09 10:47:00.926,1.21494,1.21516,3.26,1.50
2011.09.09 10:47:01.170,1.21488,1.21512,2.18,1.50
2011.09.09 10:47:02.066,1.2149,1.21509,1.43,1.50
2011.09.09 10:47:02.185,1.21494,1.21515,1.43,1.50
2011.09.09 10:47:02.546,1.21496,1.21517,1.43,1.50
2011.09.09 10:47:03.142,1.21496,1.21516,1.43,1.50
2011.09.09 10:47:03.632,1.21502,1.2152,1.43,1.50
2011.09.09 10:47:03.761,1.21502,1.21526,1.43,1.50
2011.09.09 10:47:04.418,1.21504,1.21528,1.43,1.50
2011.09.09 10:47:05.395,1.21507,1.21522,1.50,1.35
2011.09.09 10:47:05.770,1.21502,1.21522,2.93,1.35
2011.09.09 10:47:06.640,1.21503,1.21522,1.06,2.10
2011.09.09 10:47:07.134,1.21503,1.21522,1.81,1.35
2011.09.09 10:47:08.282,1.21503,1.21522,1.06,1.35
2011.09.09 10:47:08.649,1.21503,1.21522,1.06,1.35
2011.09.09 10:47:09.018,1.21503,1.21522,1.13,1.35
2011.09.09 10:47:09.693,1.21503,1.21523,4.43,1.35
2011.09.09 10:47:10.987,1.21503,1.21521,1.43,1.50
2011.09.09 10:47:11.597,1.21503,1.21522,1.50,1.35
2011.09.09 10:47:11.845,1.21503,1.21522,3.75,2.10
2011.09.09 10:47:12.675,1.21499,1.21522,1.43,1.35
2011.09.09 10:47:13.154,1.21501,1.21522,2.56,1.35
2011.09.09 10:47:13.752,1.21502,1.21522,1.43,2.10
2011.09.09 10:47:14.425,1.21501,1.21522,1.81,2.10
2011.09.09 10:47:15.025,1.21501,1.21522,1.43,2.10
2011.09.09 10:47:15.616,1.215,1.21522,1.50,1.35
2011.09.09 10:47:16.384,1.21502,1.21522,1.43,1.35
2011.09.09 10:47:16.624,1.21501,1.21521,1.43,1.50
2011.09.09 10:47:16.870,1.21499,1.21519,1.43,1.50
2011.09.09 10:47:17.001,1.21495,1.21514,1.43,1.50
2011.09.09 10:47:17.128,1.21494,1.21516,1.50,1.50
2011.09.09 10:47:17.257,1.21496,1.21517,1.43,1.50
2011.09.09 10:47:17.630,1.21493,1.21513,1.43,1.50
2011.09.09 10:47:18.237,1.21493,1.2151,1.43,1.50
2011.09.09 10:47:19.071,1.21493,1.2151,1.43,1.50
2011.09.09 10:47:19.663,1.21493,1.21514,1.43,1.50
2011.09.09 10:47:20.256,1.21488,1.2151,2.18,1.50
2011.09.09 10:47:20.374,1.21488,1.21506,1.43,1.50
2011.09.09 10:47:20.500,1.21488,1.21506,1.43,1.50
2011.09.09 10:47:21.105,1.21488,1.21509,1.43,1.50
2011.09.09 10:47:21.695,1.21487,1.21508,1.43,1.50
2011.09.09 10:47:22.642,1.21487,1.21511,2.18,1.50
2011.09.09 10:47:23.244,1.21488,1.21513,1.43,1.50
2011.09.09 10:47:23.841,1.21488,1.21514,1.43,1.50
2011.09.09 10:47:25.645,1.21488,1.21514,2.93,2.10
2011.09.09 10:47:26.142,1.21492,1.21514,1.43,2.10
2011.09.09 10:47:26.716,1.21491,1.21514,1.43,1.35
2011.09.09 10:47:27.090,1.21496,1.21514,1.43,1.35
2011.09.09 10:47:27.455,1.21495,1.21514,1.43,1.35
2011.09.09 10:47:28.393,1.21494,1.21514,2.18,1.35
2011.09.09 10:47:28.522,1.21494,1.21514,2.18,1.35
2011.09.09 10:47:29.128,1.21492,1.21514,1.43,1.35
2011.09.09 10:47:29.495,1.2149,1.21514,1.43,2.10
2011.09.09 10:47:29.733,1.21487,1.21514,2.18,2.10
2011.09.09 10:47:29.859,1.21487,1.21509,1.43,1.50
2011.09.09 10:47:29.991,1.21483,1.21509,3.31,1.50
2011.09.09 10:47:30.238,1.21486,1.21514,1.50,2.10
2011.09.09 10:47:30.608,1.21488,1.21514,1.43,2.10
2011.09.09 10:47:31.269,1.2149,1.21512,1.43,1.50
2011.09.09 10:47:31.756,1.2149,1.21514,1.50,1.35
2011.09.09 10:47:31.877,1.2149,1.21514,1.43,1.35
2011.09.09 10:47:32.391,1.2149,1.21514,1.43,1.35
2011.09.09 10:47:32.524,1.21487,1.2151,1.43,1.50
2011.09.09 10:47:32.646,1.21485,1.21512,2.93,1.50
2011.09.09 10:47:32.894,1.21483,1.21513,2.18,1.50
2011.09.09 10:47:33.495,1.21484,1.21512,1.43,1.50
2011.09.09 10:47:35.105,1.21488,1.21512,1.50,1.50
2011.09.09 10:47:35.464,1.21491,1.21514,1.50,1.35
2011.09.09 10:47:35.704,1.21488,1.21509,1.43,1.50
2011.09.09 10:47:36.052,1.21491,1.21514,1.50,1.35
2011.09.09 10:47:36.420,1.21489,1.21512,5.25,1.50
2011.09.09 10:47:36.665,1.21494,1.21513,1.43,1.50
2011.09.09 10:47:37.544,1.21493,1.21514,2.18,1.35
2011.09.09 10:47:39.005,1.21493,1.21514,1.43,2.10
2011.09.09 10:47:39.482,1.21493,1.21514,2.18,1.35
2011.09.09 10:47:41.947,1.21493,1.21514,1.43,2.10
2011.09.09 10:47:42.317,1.21493,1.21514,1.43,1.35
2011.09.09 10:47:42.683,1.21492,1.21514,1.43,1.35
2011.09.09 10:47:43.534,1.2149,1.21514,2.18,1.35
2011.09.09 10:47:43.656,1.2149,1.21514,1.50,1.35
2011.09.09 10:47:43.782,1.21488,1.21514,1.50,1.35
2011.09.09 10:47:44.023,1.2148,1.21506,1.50,1.50
2011.09.09 10:47:44.912,1.21487,1.21506,4.50,1.50
2011.09.09 10:47:45.154,1.21489,1.21514,1.50,1.35
2011.09.09 10:47:45.757,1.21492,1.21514,1.43,1.35
2011.09.09 10:47:46.214,1.21491,1.21514,2.18,1.35
2011.09.09 10:47:46.905,1.2149,1.21514,2.18,1.35
2011.09.09 10:47:47.956,1.2149,1.21514,2.18,1.35
2011.09.09 10:47:48.434,1.21491,1.21513,2.18,1.50
2011.09.09 10:47:48.681,1.21477,1.21496,1.13,1.50
2011.09.09 10:47:48.810,1.21471,1.2149,1.13,1.50
2011.09.09 10:47:48.939,1.21466,1.2149,1.50,2.25
2011.09.09 10:47:49.066,1.21465,1.21489,1.50,1.50
2011.09.09 10:47:49.184,1.21463,1.21485,1.13,1.50
2011.09.09 10:47:50.071,1.21463,1.21487,1.13,1.50
2011.09.09 10:47:51.606,1.21462,1.21487,2.63,1.50
2011.09.09 10:47:51.724,1.21464,1.21491,3.00,1.50
2011.09.09 10:47:51.853,1.21468,1.21494,1.50,2.25
2011.09.09 10:47:51.980,1.21468,1.21494,1.50,2.25
2011.09.09 10:47:52.226,1.2147,1.21495,1.50,1.50
2011.09.09 10:47:53.593,1.21467,1.21493,2.25,2.25
2011.09.09 10:47:53.826,1.21466,1.21493,1.50,3.75
2011.09.09 10:47:54.426,1.21465,1.21491,3.75,1.50
2011.09.09 10:47:54.784,1.21464,1.21488,2.25,1.50
2011.09.09 10:47:55.025,1.21465,1.21489,1.50,1.50
2011.09.09 10:47:55.270,1.21465,1.2149,1.50,1.50
2011.09.09 10:47:55.395,1.21465,1.21489,1.50,1.50
2011.09.09 10:47:56.016,1.21466,1.2149,1.50,2.25
2011.09.09 10:47:56.146,1.21467,1.2149,1.50,1.50
2011.09.09 10:47:56.267,1.21468,1.21492,1.50,1.50
2011.09.09 10:47:56.395,1.21468,1.21494,2.25,2.25
2011.09.09 10:47:57.009,1.21468,1.21492,1.50,1.50
2011.09.09 10:47:57.617,1.21466,1.2149,1.50,1.50
2011.09.09 10:47:58.465,1.21467,1.2149,1.50,1.50
2011.09.09 10:47:59.186,1.21466,1.21489,1.50,1.50
2011.09.09 10:48:00.763,1.21467,1.2149,1.50,1.50
2011.09.09 10:48:01.802,1.21465,1.2149,1.50,2.25
2011.09.09 10:48:01.934,1.21463,1.21487,3.00,1.50
2011.09.09 10:48:02.535,1.21464,1.21488,1.50,1.50
2011.09.09 10:48:02.660,1.21464,1.21489,1.50,2.25
2011.09.09 10:48:03.137,1.21464,1.21488,2.25,1.50
2011.09.09 10:48:03.748,1.21468,1.21493,1.50,1.50
2011.09.09 10:48:04.351,1.21468,1.2149,1.50,1.50
2011.09.09 10:48:04.733,1.21464,1.21488,1.50,1.50
2011.09.09 10:48:05.097,1.21463,1.21487,1.13,1.50
2011.09.09 10:48:05.576,1.21464,1.2149,3.00,1.50
2011.09.09 10:48:05.922,1.21465,1.21489,1.50,1.50
2011.09.09 10:48:06.886,1.21463,1.21489,1.50,1.50
2011.09.09 10:48:07.706,1.21463,1.21487,1.13,1.50
2011.09.09 10:48:07.825,1.21463,1.21485,1.13,1.50
2011.09.09 10:48:08.297,1.21462,1.21484,1.13,1.50
2011.09.09 10:48:09.333,1.21462,1.21486,1.88,1.50
2011.09.09 10:48:09.563,1.21462,1.21486,1.88,1.50
2011.09.09 10:48:10.337,1.21462,1.21482,1.13,1.50
2011.09.09 10:48:10.587,1.21461,1.21485,3.38,1.50
2011.09.09 10:48:10.835,1.21463,1.21486,1.13,1.50
2011.09.09 10:48:11.423,1.21463,1.21485,1.13,1.50
2011.09.09 10:48:11.788,1.21463,1.21487,2.25,1.50
2011.09.09 10:48:11.920,1.21465,1.2149,1.50,1.50
2011.09.09 10:48:12.044,1.21463,1.21488,3.00,1.50
2011.09.09 10:48:12.167,1.21464,1.21488,1.50,1.50
2011.09.09 10:48:12.299,1.21462,1.21486,1.13,1.50
2011.09.09 10:48:13.239,1.21462,1.21486,2.63,1.50
2011.09.09 10:48:13.488,1.21462,1.21484,1.88,1.50
2011.09.09 10:48:14.084,1.21461,1.21481,2.25,1.50
2011.09.09 10:48:14.568,1.21461,1.2148,1.50,1.50
2011.09.09 10:48:14.939,1.21462,1.21481,1.50,1.50
2011.09.09 10:48:15.067,1.21462,1.21484,1.50,1.50
2011.09.09 10:48:15.842,1.21462,1.21482,1.13,1.50
2011.09.09 10:48:16.444,1.21461,1.2148,1.88,1.50
2011.09.09 10:48:16.913,1.21463,1.21485,1.13,1.50
2011.09.09 10:48:17.505,1.21463,1.21485,1.13,1.50
2011.09.09 10:48:18.504,1.21461,1.21484,1.88,1.50
2011.09.09 10:48:18.630,1.21461,1.21482,1.88,1.50
2011.09.09 10:48:19.116,1.21461,1.21481,1.88,1.50
2011.09.09 10:48:19.716,1.21462,1.21483,1.13,1.50
2011.09.09 10:48:20.519,1.21461,1.2147,1.50,1.50
2011.09.09 10:48:20.647,1.21459,1.21468,1.50,2.25
2011.09.09 10:48:21.294,1.21452,1.21458,1.46,1.50
2011.09.09 10:48:21.422,1.21436,1.21453,1.13,1.50
2011.09.09 10:48:21.547,1.21435,1.2145,1.88,1.50
2011.09.09 10:48:21.917,1.21431,1.21452,2.25,1.50
2011.09.09 10:48:22.048,1.21431,1.21452,2.25,1.50
2011.09.09 10:48:22.176,1.21431,1.21452,2.25,1.50
2011.09.09 10:48:22.415,1.21432,1.2145,1.50,1.50
2011.09.09 10:48:22.643,1.21431,1.2145,1.88,1.50
2011.09.09 10:48:23.849,1.21431,1.21449,1.88,1.50
2011.09.09 10:48:23.976,1.21431,1.21449,1.88,1.50
2011.09.09 10:48:24.335,1.21431,1.21449,1.88,1.50
2011.09.09 10:48:24.932,1.21431,1.21454,1.88,1.50
2011.09.09 10:48:26.061,1.21432,1.21452,1.13,1.50
2011.09.09 10:48:26.423,1.21432,1.21453,1.13,1.50
2011.09.09 10:48:27.224,1.21431,1.21453,2.63,1.50
2011.09.09 10:48:27.344,1.21431,1.21453,2.63,1.50
2011.09.09 10:48:27.913,1.21432,1.21453,1.13,1.50
2011.09.09 10:48:28.633,1.21431,1.21453,2.63,1.50
2011.09.09 10:48:29.713,1.21432,1.21453,1.13,1.50
2011.09.09 10:48:30.761,1.21431,1.21453,2.63,1.50
2011.09.09 10:48:31.981,1.21431,1.21453,2.63,1.50
2011.09.09 10:48:32.231,1.21431,1.21449,1.50,1.50
2011.09.09 10:48:32.824,1.21432,1.21449,1.50,1.50
2011.09.09 10:48:33.834,1.21432,1.21453,1.88,1.50
2011.09.09 10:48:33.956,1.21434,1.21458,1.50,1.50
2011.09.09 10:48:35.576,1.21434,1.21456,5.25,1.50
2011.09.09 10:48:35.706,1.21438,1.21462,1.50,1.50
2011.09.09 10:48:36.064,1.2144,1.21465,1.38,1.50
2011.09.09 10:48:36.184,1.21442,1.21465,1.50,1.50
2011.09.09 10:48:36.305,1.21442,1.21466,1.50,1.50
2011.09.09 10:48:36.551,1.2144,1.21458,1.38,1.50
2011.09.09 10:48:37.258,1.21439,1.21463,1.50,1.50
2011.09.09 10:48:37.383,1.21438,1.21459,1.50,1.50
2011.09.09 10:48:37.503,1.2144,1.21462,1.50,1.50
2011.09.09 10:48:38.097,1.2144,1.21462,1.50,1.50
2011.09.09 10:48:38.612,1.21441,1.21462,1.50,1.50
2011.09.09 10:48:39.202,1.21438,1.21462,1.50,1.50
2011.09.09 10:48:39.669,1.21442,1.21466,1.50,1.50
2011.09.09 10:48:40.407,1.21441,1.21464,1.50,1.50
2011.09.09 10:48:40.443,1.21441,1.21464,1.50,1.50
2011.09.09 10:48:40.577,1.21437,1.2146,2.44,1.50
2011.09.09 10:48:40.922,1.21437,1.2146,2.44,1.50
2011.09.09 10:48:41.481,1.21437,1.2146,1.81,1.50
2011.09.09 10:48:42.062,1.2144,1.21464,1.50,1.50
2011.09.09 10:48:42.648,1.21441,1.21463,1.50,1.50
2011.09.09 10:48:43.242,1.2144,1.21458,1.50,1.50
2011.09.09 10:48:43.763,1.2144,1.21458,1.50,1.50
2011.09.09 10:48:44.136,1.21437,1.21459,2.18,1.50
2011.09.09 10:48:44.505,1.21437,1.21459,2.81,1.50
2011.09.09 10:48:44.976,1.21437,1.21453,1.43,1.50
2011.09.09 10:48:45.095,1.21437,1.21456,2.06,1.50
2011.09.09 10:48:45.453,1.21436,1.21457,2.81,1.50
2011.09.09 10:48:46.071,1.21437,1.21457,1.76,1.50
2011.09.09 10:48:46.523,1.21437,1.21457,2.13,1.50
2011.09.09 10:48:47.679,1.21436,1.21457,1.13,1.50
2011.09.09 10:48:47.804,1.21437,1.21457,1.13,1.50
2011.09.09 10:48:48.393,1.21436,1.21457,1.13,1.50
2011.09.09 10:48:49.078,1.21439,1.21457,2.25,1.50
2011.09.09 10:48:49.214,1.21442,1.21465,1.43,1.50
2011.09.09 10:48:49.338,1.21442,1.21466,1.50,1.50
2011.09.09 10:48:49.585,1.21441,1.21463,2.18,1.50
2011.09.09 10:48:49.947,1.21437,1.21461,1.43,1.50
2011.09.09 10:48:50.192,1.21436,1.21461,1.81,1.50
2011.09.09 10:48:51.273,1.21436,1.21461,1.81,1.50
2011.09.09 10:48:51.871,1.21437,1.21461,1.13,1.50
2011.09.09 10:48:52.473,1.21436,1.21461,1.81,1.50
2011.09.09 10:48:52.980,1.21437,1.21461,1.13,1.50
2011.09.09 10:48:53.345,1.21437,1.21461,1.43,1.50
2011.09.09 10:48:53.927,1.21439,1.21464,1.43,1.50
2011.09.09 10:48:54.283,1.21438,1.21464,2.18,1.50
2011.09.09 10:48:55.142,1.21439,1.21461,1.43,1.50
2011.09.09 10:48:55.506,1.21441,1.21463,1.43,1.50
2011.09.09 10:48:56.206,1.21438,1.21461,1.43,1.50
2011.09.09 10:48:56.447,1.21438,1.21461,1.43,1.50
2011.09.09 10:48:56.701,1.21436,1.21459,2.56,1.50
2011.09.09 10:48:56.952,1.21435,1.21458,2.63,1.50
2011.09.09 10:48:57.687,1.21433,1.21458,1.13,1.50
2011.09.09 10:48:57.827,1.21431,1.21449,1.88,1.50
2011.09.09 10:48:58.434,1.21432,1.21449,1.88,1.50
2011.09.09 10:48:58.680,1.21434,1.21457,1.50,3.00
2011.09.09 10:48:58.809,1.21439,1.21461,1.43,1.50
2011.09.09 10:48:59.303,1.21438,1.21463,2.18,1.50
2011.09.09 10:48:59.424,1.21438,1.21462,1.43,1.50
2011.09.09 10:48:59.980,1.21438,1.21462,1.43,1.50
2011.09.09 10:49:00.119,1.21437,1.21459,1.43,1.50
2011.09.09 10:49:00.723,1.21437,1.21457,1.43,2.25
2011.09.09 10:49:01.074,1.21437,1.21459,1.43,2.25
2011.09.09 10:49:01.672,1.21437,1.21459,2.18,1.50
2011.09.09 10:49:01.919,1.21435,1.21458,1.43,1.50
2011.09.09 10:49:02.532,1.21435,1.21458,1.43,1.50
2011.09.09 10:49:02.675,1.21439,1.21462,1.43,1.50
2011.09.09 10:49:03.288,1.21438,1.21462,1.43,1.50
2011.09.09 10:49:03.897,1.2144,1.21463,1.43,1.50
2011.09.09 10:49:04.270,1.2144,1.21464,2.18,2.10
2011.09.09 10:49:04.818,1.21442,1.21464,1.43,2.10
2011.09.09 10:49:05.192,1.21444,1.21471,1.43,1.50
2011.09.09 10:49:05.319,1.21446,1.21471,1.43,1.50
2011.09.09 10:49:05.923,1.21446,1.2147,1.43,1.50
2011.09.09 10:49:06.164,1.21447,1.21471,1.43,1.50
2011.09.09 10:49:06.515,1.21446,1.2147,2.18,1.50
2011.09.09 10:49:07.172,1.21446,1.2147,2.18,2.25
2011.09.09 10:49:09.273,1.21446,1.21468,1.43,1.50
2011.09.09 10:49:09.393,1.21445,1.21469,1.43,1.50
2011.09.09 10:49:09.640,1.21445,1.2147,1.43,1.50
2011.09.09 10:49:09.770,1.21445,1.21473,1.43,2.25
2011.09.09 10:49:10.496,1.2145,1.21477,1.43,1.50
2011.09.09 10:49:10.976,1.21448,1.2147,1.43,1.50
2011.09.09 10:49:11.527,1.21448,1.21473,1.43,1.50
2011.09.09 10:49:11.906,1.21448,1.21474,1.43,2.25
2011.09.09 10:49:12.039,1.21448,1.21474,1.43,1.50
2011.09.09 10:49:12.164,1.21448,1.21474,1.43,1.50
2011.09.09 10:49:12.651,1.21448,1.21477,2.18,1.50
2011.09.09 10:49:13.017,1.21451,1.21479,1.43,1.50
2011.09.09 10:49:14.017,1.21451,1.21479,2.18,1.50
2011.09.09 10:49:14.208,1.21451,1.21473,1.43,1.50
2011.09.09 10:49:14.341,1.2145,1.21475,1.43,1.50
2011.09.09 10:49:14.710,1.21445,1.21473,1.43,1.50
2011.09.09 10:49:14.834,1.21445,1.21473,1.43,1.50
2011.09.09 10:49:15.197,1.21446,1.21475,1.50,1.50
2011.09.09 10:49:15.445,1.21448,1.21477,1.50,1.50
2011.09.09 10:49:15.565,1.21444,1.21475,1.43,2.25
2011.09.09 10:49:15.687,1.21444,1.21475,2.93,1.50
2011.09.09 10:49:16.232,1.21444,1.21473,1.43,1.50
2011.09.09 10:49:16.598,1.21443,1.21473,2.18,1.50
2011.09.09 10:49:17.209,1.21441,1.2147,2.18,1.50
2011.09.09 10:49:17.693,1.21441,1.21469,1.43,1.50
2011.09.09 10:49:18.177,1.21441,1.21471,2.18,1.50
2011.09.09 10:49:21.845,1.21442,1.21472,2.18,2.25
2011.09.09 10:49:22.204,1.21441,1.21472,2.18,3.75
2011.09.09 10:49:22.567,1.2144,1.21466,1.50,1.50
2011.09.09 10:49:23.225,1.21441,1.21472,1.50,1.50
2011.09.09 10:49:23.345,1.21441,1.2147,1.50,1.50
2011.09.09 10:49:24.308,1.21441,1.21468,1.43,1.50
2011.09.09 10:49:24.674,1.2144,1.21465,2.93,1.50
2011.09.09 10:49:24.914,1.21441,1.21472,1.43,2.25
2011.09.09 10:49:25.263,1.21441,1.21469,1.50,1.50
2011.09.09 10:49:26.029,1.21441,1.21467,1.43,1.50
2011.09.09 10:49:26.167,1.21443,1.21471,1.50,1.50
2011.09.09 10:49:26.295,1.21442,1.21469,1.50,1.50
2011.09.09 10:49:26.421,1.21441,1.21466,2.18,1.50
2011.09.09 10:49:26.549,1.21442,1.2147,1.43,1.50
2011.09.09 10:49:26.678,1.21442,1.21471,1.43,1.50
2011.09.09 10:49:26.808,1.21442,1.21471,2.18,1.50
2011.09.09 10:49:26.941,1.2144,1.2147,2.18,1.50
2011.09.09 10:49:27.072,1.2144,1.21469,1.43,1.50
2011.09.09 10:49:27.204,1.21439,1.21467,1.43,3.00
2011.09.09 10:49:27.566,1.21439,1.21472,2.25,1.50
2011.09.09 10:49:28.303,1.21437,1.21463,3.38,1.50
2011.09.09 10:49:28.426,1.21436,1.21462,1.88,1.50
2011.09.09 10:49:28.783,1.21436,1.21465,1.88,1.50
2011.09.09 10:49:28.902,1.21436,1.21461,1.88,1.50
2011.09.09 10:49:29.259,1.21436,1.21464,1.88,1.50
2011.09.09 10:49:29.624,1.21433,1.2146,2.25,1.50
2011.09.09 10:49:31.126,1.21434,1.21462,2.25,1.50
2011.09.09 10:49:32.048,1.21434,1.21459,2.63,1.50
2011.09.09 10:49:32.633,1.21434,1.2146,1.50,1.50
2011.09.09 10:49:34.143,1.21434,1.2146,2.25,1.50
2011.09.09 10:49:37.396,1.21435,1.21462,1.50,1.50
2011.09.09 10:49:37.634,1.21435,1.21461,1.50,1.50
2011.09.09 10:49:38.460,1.21433,1.21456,1.50,1.50
2011.09.09 10:49:38.592,1.21434,1.21459,1.50,1.50
2011.09.09 10:49:39.295,1.21433,1.21455,1.50,1.50
2011.09.09 10:49:39.782,1.21434,1.21457,1.50,1.50
2011.09.09 10:49:39.909,1.21438,1.21463,1.50,2.25
2011.09.09 10:49:40.156,1.21441,1.21463,1.50,1.50
2011.09.09 10:49:40.280,1.21441,1.21465,3.00,1.50
2011.09.09 10:49:41.350,1.21442,1.21466,1.13,1.50
2011.09.09 10:49:41.845,1.21442,1.21466,1.88,1.50
2011.09.09 10:49:42.208,1.21442,1.21466,1.88,1.50
2011.09.09 10:49:42.444,1.21443,1.21467,1.88,1.50
2011.09.09 10:49:43.398,1.21442,1.21465,1.88,1.50
2011.09.09 10:49:44.408,1.21442,1.21466,1.13,1.50
2011.09.09 10:49:45.136,1.21443,1.21467,1.50,1.50
2011.09.09 10:49:45.364,1.21442,1.21468,2.63,1.50
2011.09.09 10:49:45.724,1.21444,1.21465,1.43,1.50
2011.09.09 10:49:45.842,1.21444,1.21467,1.43,1.50
2011.09.09 10:49:45.963,1.21443,1.21468,1.50,1.50
2011.09.09 10:49:46.084,1.21442,1.21468,3.38,1.50
2011.09.09 10:49:46.432,1.21442,1.21466,1.88,1.50
2011.09.09 10:49:46.663,1.21442,1.21467,1.88,1.50
2011.09.09 10:49:46.905,1.21442,1.21465,2.63,1.50
2011.09.09 10:49:47.458,1.21443,1.21465,1.06,1.50
2011.09.09 10:49:47.593,1.21442,1.21466,2.56,1.50
2011.09.09 10:49:48.077,1.21442,1.21465,3.31,1.50
2011.09.09 10:49:48.925,1.21442,1.21466,3.38,2.25
2011.09.09 10:49:49.522,1.21443,1.21466,1.13,1.50
2011.09.09 10:49:49.752,1.21444,1.21468,1.50,2.25
2011.09.09 10:49:49.987,1.21444,1.21467,1.43,1.50
2011.09.09 10:49:50.570,1.21442,1.21465,3.31,1.50
2011.09.09 10:49:51.173,1.21442,1.21468,4.81,2.25
2011.09.09 10:49:51.420,1.21443,1.21466,1.13,1.50
2011.09.09 10:49:52.024,1.21443,1.21465,1.13,1.50
2011.09.09 10:49:52.382,1.21444,1.21467,1.43,1.50
2011.09.09 10:49:52.962,1.21443,1.21467,2.56,2.25
2011.09.09 10:49:53.904,1.21448,1.21469,1.43,1.50
2011.09.09 10:49:54.266,1.21448,1.21466,1.43,1.50
2011.09.09 10:49:54.618,1.21445,1.21465,1.43,1.50
2011.09.09 10:49:54.973,1.21445,1.21467,1.43,1.50
2011.09.09 10:49:55.096,1.21445,1.21469,2.18,1.50
2011.09.09 10:49:55.213,1.21448,1.21468,1.43,1.50
2011.09.09 10:49:55.666,1.21448,1.2147,1.43,3.75
2011.09.09 10:49:55.782,1.21448,1.2147,1.43,2.25
2011.09.09 10:49:55.904,1.21448,1.2147,1.43,1.50
2011.09.09 10:49:56.965,1.21448,1.21469,1.43,1.50
2011.09.09 10:49:57.335,1.21446,1.21468,1.43,1.50
2011.09.09 10:49:58.023,1.21446,1.21467,1.43,1.50
2011.09.09 10:49:58.861,1.21446,1.21468,1.43,1.50
2011.09.09 10:49:59.105,1.21446,1.21466,1.43,1.50
2011.09.09 10:49:59.673,1.21446,1.21468,1.43,1.50
2011.09.09 10:50:00.566,1.21444,1.21466,1.43,1.50
2011.09.09 10:50:00.692,1.21444,1.21468,2.18,2.25
2011.09.09 10:50:00.936,1.21446,1.2147,1.43,1.50
2011.09.09 10:50:01.283,1.21447,1.21471,2.18,2.25
2011.09.09 10:50:02.458,1.21447,1.21468,2.18,1.50
2011.09.09 10:50:02.825,1.21444,1.21468,2.18,1.50
2011.09.09 10:50:03.526,1.21443,1.21467,2.56,1.50
2011.09.09 10:50:04.689,1.21443,1.21467,1.43,2.25
2011.09.09 10:50:04.815,1.21444,1.21469,1.50,1.50
2011.09.09 10:50:05.163,1.21442,1.21468,2.25,1.50
2011.09.09 10:50:05.763,1.21445,1.2147,1.50,1.50
2011.09.09 10:50:06.243,1.21445,1.21469,1.50,1.50
2011.09.09 10:50:07.080,1.21446,1.21471,1.50,1.50
2011.09.09 10:50:07.207,1.21445,1.21469,1.50,1.50
2011.09.09 10:50:08.542,1.21446,1.21471,1.50,1.50
2011.09.09 10:50:08.903,1.21444,1.2147,2.18,2.25
2011.09.09 10:50:09.493,1.21444,1.21469,2.18,1.50
2011.09.09 10:50:10.534,1.21443,1.21465,1.81,1.50
2011.09.09 10:50:10.776,1.21443,1.21468,1.43,2.25
2011.09.09 10:50:11.013,1.21443,1.21466,1.06,1.50
2011.09.09 10:50:11.593,1.21443,1.21468,1.43,2.25
2011.09.09 10:50:12.404,1.21443,1.21468,2.56,2.25
2011.09.09 10:50:12.644,1.21444,1.2147,2.25,2.25
2011.09.09 10:50:13.220,1.21446,1.2147,1.50,1.50
2011.09.09 10:50:13.585,1.21445,1.2147,1.50,1.50
2011.09.09 10:50:14.911,1.21445,1.21469,2.25,1.50
2011.09.09 10:50:15.033,1.21446,1.2147,2.25,1.50
2011.09.09 10:50:15.383,1.21444,1.21469,2.18,1.50
2011.09.09 10:50:15.504,1.21444,1.21468,1.43,1.50
2011.09.09 10:50:17.853,1.21444,1.21468,1.50,1.50
2011.09.09 10:50:18.103,1.21449,1.21474,1.50,1.50
2011.09.09 10:50:18.702,1.2145,1.21476,1.50,1.50
2011.09.09 10:50:18.856,1.21446,1.21473,2.25,2.25
2011.09.09 10:50:18.980,1.21445,1.2147,1.50,1.50
2011.09.09 10:50:19.352,1.21444,1.21469,2.25,1.50
2011.09.09 10:50:19.959,1.21444,1.21469,1.50,1.50
2011.09.09 10:50:21.057,1.21442,1.21465,3.31,1.50
2011.09.09 10:50:21.424,1.21445,1.21471,1.50,1.50
2011.09.09 10:50:21.786,1.21444,1.2147,1.50,1.50
2011.09.09 10:50:22.744,1.21444,1.21467,1.43,1.50
2011.09.09 10:50:23.738,1.21444,1.2147,2.18,1.50
2011.09.09 10:50:24.194,1.21444,1.21468,1.43,1.50
2011.09.09 10:50:24.425,1.21446,1.21472,1.50,2.25
2011.09.09 10:50:25.393,1.21447,1.21472,1.50,1.50
2011.09.09 10:50:25.518,1.21447,1.21471,1.50,1.50
2011.09.09 10:50:26.003,1.21447,1.21472,1.43,1.50
2011.09.09 10:50:27.231,1.21446,1.21471,1.50,1.50
2011.09.09 10:50:27.599,1.21444,1.2147,1.50,1.50
2011.09.09 10:50:27.972,1.21442,1.21467,2.63,1.50
2011.09.09 10:50:29.098,1.21439,1.21463,2.25,1.50
2011.09.09 10:50:29.231,1.21436,1.21461,1.50,1.50
2011.09.09 10:50:29.597,1.21434,1.21459,1.50,1.50
2011.09.09 10:50:30.207,1.21434,1.21459,1.50,1.50
2011.09.09 10:50:30.457,1.21435,1.21459,1.50,1.50
2011.09.09 10:50:30.831,1.2144,1.21465,1.50,1.50
2011.09.09 10:50:31.631,1.2144,1.21465,2.18,1.50
2011.09.09 10:50:32.238,1.21444,1.21468,2.25,2.10
2011.09.09 10:50:32.604,1.2145,1.21468,1.50,1.35
2011.09.09 10:50:32.838,1.21443,1.21468,2.18,1.50
2011.09.09 10:50:33.083,1.21443,1.21469,2.18,1.50
2011.09.09 10:50:33.324,1.21443,1.21469,2.18,1.50
2011.09.09 10:50:33.449,1.21443,1.21469,1.43,1.50
2011.09.09 10:50:34.402,1.21439,1.21464,2.18,1.50
2011.09.09 10:50:34.653,1.21441,1.21468,1.43,2.25
2011.09.09 10:50:36.315,1.21444,1.2147,1.50,1.50
2011.09.09 10:50:36.894,1.21441,1.21468,2.18,1.50
2011.09.09 10:50:37.021,1.21464,1.2148,1.50,1.13
2011.09.09 10:50:37.746,1.21457,1.21474,1.43,1.50
2011.09.09 10:50:37.874,1.21454,1.21474,1.43,1.50
2011.09.09 10:50:37.998,1.21452,1.21471,1.50,1.50
2011.09.09 10:50:38.127,1.21446,1.2147,2.18,1.50
2011.09.09 10:50:38.376,1.21452,1.21476,1.50,1.50
2011.09.09 10:50:38.847,1.21447,1.21468,1.43,1.50
2011.09.09 10:50:39.444,1.21452,1.21477,1.50,1.50
2011.09.09 10:50:39.688,1.21452,1.21477,1.50,1.50
2011.09.09 10:50:40.787,1.21458,1.2148,2.70,1.50
2011.09.09 10:50:41.159,1.21449,1.21473,2.18,1.50
2011.09.09 10:50:41.406,1.21448,1.21472,1.50,1.50
2011.09.09 10:50:41.648,1.2145,1.21474,1.50,1.50
2011.09.09 10:50:42.135,1.2145,1.21483,1.43,1.50
2011.09.09 10:50:42.375,1.21449,1.21486,1.50,2.25
2011.09.09 10:50:43.144,1.2147,1.21493,3.00,1.50
2011.09.09 10:50:43.267,1.21471,1.21494,1.13,1.50
2011.09.09 10:50:43.514,1.2147,1.21493,2.63,1.50
2011.09.09 10:50:44.116,1.21471,1.21493,1.50,1.50
2011.09.09 10:50:44.464,1.21472,1.21495,1.50,1.50
2011.09.09 10:50:44.588,1.21473,1.215,1.50,1.50
2011.09.09 10:50:44.717,1.21474,1.21499,3.00,1.50
2011.09.09 10:50:44.834,1.21474,1.21499,3.68,1.50
2011.09.09 10:50:45.921,1.21474,1.21495,1.43,1.50
2011.09.09 10:50:46.535,1.21471,1.21489,1.88,2.10
2011.09.09 10:50:46.901,1.21455,1.21485,1.43,1.50
2011.09.09 10:50:47.028,1.21454,1.21487,1.43,2.25
2011.09.09 10:50:47.398,1.21453,1.21484,1.43,1.50
2011.09.09 10:50:48.071,1.21453,1.21483,1.43,1.50
2011.09.09 10:50:48.454,1.21446,1.21479,1.50,1.50
2011.09.09 10:50:48.817,1.21444,1.21479,1.50,1.50
2011.09.09 10:50:49.191,1.21443,1.21472,1.50,1.50
2011.09.09 10:50:49.571,1.21443,1.21475,1.50,2.25
2011.09.09 10:50:49.815,1.21443,1.21473,2.25,1.50
2011.09.09 10:50:50.595,1.21442,1.21472,1.50,1.50
2011.09.09 10:50:50.958,1.2144,1.21473,1.50,1.50
2011.09.09 10:50:51.926,1.21441,1.21469,2.18,1.50
2011.09.09 10:50:52.043,1.21441,1.21469,2.18,1.50
2011.09.09 10:50:52.526,1.21441,1.21465,1.43,1.50
2011.09.09 10:50:52.646,1.21438,1.21465,1.43,1.50
2011.09.09 10:50:53.008,1.2144,1.21467,1.50,1.50
2011.09.09 10:50:53.622,1.2144,1.21465,1.50,1.50
2011.09.09 10:50:54.003,1.21443,1.21469,1.88,1.50
2011.09.09 10:50:54.245,1.21445,1.2147,1.50,1.50
2011.09.09 10:50:54.608,1.21444,1.21468,2.25,1.50
2011.09.09 10:50:54.964,1.21443,1.21467,2.25,2.25
2011.09.09 10:50:55.323,1.21443,1.21467,2.93,1.50
2011.09.09 10:50:55.995,1.21453,1.21468,1.50,1.50
2011.09.09 10:50:56.240,1.21469,1.21486,1.50,1.35
2011.09.09 10:50:56.867,1.21469,1.2148,1.50,1.50
2011.09.09 10:50:56.997,1.21449,1.21473,1.50,1.50
2011.09.09 10:50:57.128,1.21445,1.2147,1.50,1.50
2011.09.09 10:50:57.855,1.21452,1.21475,1.50,1.50
2011.09.09 10:50:57.978,1.21446,1.21471,1.50,1.50
2011.09.09 10:50:58.334,1.21444,1.21469,1.50,1.50
2011.09.09 10:50:58.573,1.21447,1.21472,1.50,1.50
2011.09.09 10:50:58.803,1.21445,1.21469,1.50,1.50
2011.09.09 10:50:59.411,1.21445,1.21471,1.50,1.50
2011.09.09 10:51:00.236,1.21445,1.21471,1.50,1.50
2011.09.09 10:51:00.583,1.21445,1.21469,1.50,1.50
2011.09.09 10:51:00.824,1.21446,1.21471,1.50,1.50
2011.09.09 10:51:00.947,1.21444,1.21469,1.50,1.50
2011.09.09 10:51:03.775,1.21469,1.21485,2.25,1.73
2011.09.09 10:51:03.920,1.21471,1.21492,1.13,1.50
2011.09.09 10:51:04.168,1.21472,1.21495,1.50,1.50
2011.09.09 10:51:04.296,1.21474,1.21495,1.50,1.50
2011.09.09 10:51:04.535,1.21475,1.215,1.50,1.50
2011.09.09 10:51:04.655,1.21477,1.21503,1.50,2.38
2011.09.09 10:51:04.779,1.21482,1.21505,1.50,1.50
2011.09.09 10:51:05.141,1.21476,1.21502,3.00,1.50
2011.09.09 10:51:05.882,1.21475,1.21502,1.50,1.50
2011.09.09 10:51:06.012,1.21474,1.21499,1.13,2.25
2011.09.09 10:51:06.137,1.21473,1.21499,2.25,2.25
2011.09.09 10:51:06.510,1.21474,1.21497,1.50,1.50
2011.09.09 10:51:08.055,1.21468,1.21488,2.25,1.50
2011.09.09 10:51:08.175,1.21453,1.21488,1.50,1.50
2011.09.09 10:51:08.297,1.21449,1.21488,1.50,2.25
2011.09.09 10:51:08.428,1.21447,1.21483,1.50,2.25
2011.09.09 10:51:09.876,1.21447,1.2148,1.50,3.00
2011.09.09 10:51:10.641,1.21448,1.21476,1.50,1.50
2011.09.09 10:51:10.761,1.21449,1.2148,1.50,1.50
2011.09.09 10:51:10.884,1.21448,1.21477,1.50,1.50
2011.09.09 10:51:11.115,1.21448,1.21478,2.25,1.50
2011.09.09 10:51:11.237,1.21448,1.21477,2.25,1.50
2011.09.09 10:51:12.447,1.21448,1.21477,2.25,1.50
2011.09.09 10:51:12.569,1.21449,1.21478,1.50,1.50
2011.09.09 10:51:12.703,1.21449,1.21479,1.50,1.50
2011.09.09 10:51:12.831,1.2145,1.21481,2.25,1.50
2011.09.09 10:51:12.958,1.21451,1.21481,1.50,1.50
2011.09.09 10:51:13.615,1.21451,1.21476,1.50,1.13
2011.09.09 10:51:13.988,1.21448,1.2147,1.50,1.50
2011.09.09 10:51:14.595,1.21445,1.2147,1.50,1.50
2011.09.09 10:51:15.873,1.21447,1.21472,1.50,1.50
2011.09.09 10:51:16.583,1.21445,1.2147,1.50,1.50
2011.09.09 10:51:17.071,1.21447,1.21471,1.50,1.50
2011.09.09 10:51:17.200,1.21447,1.21473,1.50,3.00
2011.09.09 10:51:17.336,1.21448,1.21472,1.50,1.50
2011.09.09 10:51:17.459,1.21447,1.21472,1.50,1.50
2011.09.09 10:51:17.826,1.21449,1.21473,2.18,1.50
2011.09.09 10:51:17.947,1.21449,1.21471,2.18,1.50
2011.09.09 10:51:18.316,1.21447,1.21471,1.50,1.50
2011.09.09 10:51:18.992,1.21447,1.2147,1.50,1.50
2011.09.09 10:51:19.354,1.21445,1.21469,1.50,1.50
2011.09.09 10:51:21.217,1.21445,1.21469,1.50,1.50
2011.09.09 10:51:21.944,1.21445,1.21469,1.50,1.50
2011.09.09 10:51:22.174,1.21443,1.21468,2.56,1.50
2011.09.09 10:51:22.814,1.21443,1.21468,1.88,1.50
2011.09.09 10:51:22.933,1.21446,1.2147,1.50,1.50
2011.09.09 10:51:23.529,1.21446,1.2147,1.50,1.50
2011.09.09 10:51:23.657,1.21447,1.21471,1.50,1.50
2011.09.09 10:51:24.137,1.21445,1.2147,1.50,1.50
2011.09.09 10:51:24.505,1.21448,1.21473,1.50,1.50
2011.09.09 10:51:25.681,1.21446,1.2147,1.50,1.50
2011.09.09 10:51:25.806,1.21448,1.21473,1.50,1.50
2011.09.09 10:51:26.179,1.21445,1.21472,1.50,2.25
2011.09.09 10:51:26.777,1.21446,1.2147,1.50,1.50
2011.09.09 10:51:27.149,1.21462,1.21482,1.50,1.13
2011.09.09 10:51:27.276,1.21461,1.21484,1.50,1.50
2011.09.09 10:51:27.637,1.21461,1.21485,2.63,1.50
2011.09.09 10:51:28.462,1.21461,1.21485,1.50,1.50
2011.09.09 10:51:28.707,1.21461,1.21485,1.50,1.50
2011.09.09 10:51:29.305,1.21462,1.21485,1.50,1.50
2011.09.09 10:51:29.663,1.21461,1.21485,1.50,1.50
2011.09.09 10:51:30.029,1.21462,1.21483,1.50,1.50
2011.09.09 10:51:30.634,1.21461,1.21486,2.63,1.50
2011.09.09 10:51:31.646,1.21461,1.21483,1.50,1.50
2011.09.09 10:51:31.769,1.21461,1.21483,1.50,1.50
2011.09.09 10:51:33.185,1.21462,1.21483,1.50,1.50
2011.09.09 10:51:33.422,1.21462,1.21483,1.50,1.50
2011.09.09 10:51:34.018,1.21461,1.21483,1.50,1.50
2011.09.09 10:51:34.143,1.21461,1.21483,1.88,1.50
2011.09.09 10:51:35.466,1.21462,1.21486,1.50,1.50
2011.09.09 10:51:35.828,1.21463,1.21488,1.50,1.50
2011.09.09 10:51:36.437,1.21461,1.21486,2.63,1.50
2011.09.09 10:51:41.337,1.21461,1.21486,3.68,1.50
2011.09.09 10:51:41.457,1.2147,1.21494,1.50,1.50
2011.09.09 10:51:41.584,1.21466,1.21491,1.50,1.50
2011.09.09 10:51:41.824,1.21467,1.21493,1.50,1.50
2011.09.09 10:51:42.054,1.21465,1.2149,1.50,1.50
2011.09.09 10:51:42.177,1.21466,1.21492,1.50,1.50
2011.09.09 10:51:42.305,1.21469,1.21494,1.50,1.50
2011.09.09 10:51:43.576,1.21465,1.21488,1.43,1.50
2011.09.09 10:51:44.060,1.21466,1.21489,1.50,1.50
2011.09.09 10:51:44.190,1.21466,1.21491,2.25,1.50
2011.09.09 10:51:45.159,1.21466,1.21491,1.50,1.50
2011.09.09 10:51:45.873,1.21466,1.21491,1.50,1.50
2011.09.09 10:51:48.731,1.21467,1.21492,1.50,1.50
2011.09.09 10:51:48.863,1.21464,1.21489,1.88,1.50
2011.09.09 10:51:48.990,1.21466,1.21492,1.50,1.50
2011.09.09 10:51:49.357,1.21465,1.21489,1.50,1.50
2011.09.09 10:51:49.608,1.21465,1.2149,1.50,1.50
2011.09.09 10:51:50.220,1.21463,1.21487,2.25,1.50
2011.09.09 10:51:51.929,1.21462,1.21486,1.50,1.50
2011.09.09 10:51:52.297,1.21463,1.21486,1.50,1.50
2011.09.09 10:51:52.427,1.21463,1.21486,1.50,1.50
2011.09.09 10:51:52.795,1.21463,1.21487,1.50,1.50
2011.09.09 10:51:53.854,1.21464,1.21485,1.13,1.50
2011.09.09 10:51:53.982,1.21462,1.21485,2.25,1.50
2011.09.09 10:51:57.620,1.21462,1.21485,2.25,1.50
2011.09.09 10:52:01.266,1.21462,1.21485,2.25,2.10
2011.09.09 10:52:01.507,1.21463,1.21483,1.50,1.50
2011.09.09 10:52:01.874,1.21463,1.21479,1.50,1.50
2011.09.09 10:52:01.993,1.21463,1.21481,1.50,1.50
2011.09.09 10:52:02.563,1.21462,1.21481,1.50,1.50
2011.09.09 10:52:03.167,1.21462,1.21484,2.25,3.00
2011.09.09 10:52:03.282,1.21462,1.21484,2.25,1.50
2011.09.09 10:52:03.850,1.21462,1.21484,2.25,1.50
2011.09.09 10:52:03.980,1.21462,1.21482,1.50,1.50
2011.09.09 10:52:04.916,1.21463,1.21483,1.50,1.50
2011.09.09 10:52:07.710,1.21464,1.21488,1.50,1.50
2011.09.09 10:52:07.841,1.21468,1.21492,1.50,1.35
2011.09.09 10:52:07.971,1.21468,1.21492,1.50,1.50
2011.09.09 10:52:08.815,1.21466,1.21491,1.50,1.50
2011.09.09 10:52:09.179,1.21463,1.21488,1.50,1.50
2011.09.09 10:52:09.747,1.21463,1.21487,1.50,1.50
2011.09.09 10:52:09.883,1.21463,1.21487,1.50,1.50
2011.09.09 10:52:10.609,1.21463,1.21485,1.50,1.50
2011.09.09 10:52:11.102,1.21465,1.2149,1.50,2.63
2011.09.09 10:52:11.233,1.21463,1.21485,1.50,1.50
2011.09.09 10:52:11.587,1.21465,1.2149,1.50,1.50
2011.09.09 10:52:12.111,1.21466,1.2149,1.50,1.50
2011.09.09 10:52:12.246,1.2147,1.21495,1.50,2.10
2011.09.09 10:52:12.724,1.21468,1.21494,1.50,1.50
2011.09.09 10:52:15.650,1.21466,1.2149,1.50,1.50
2011.09.09 10:52:15.782,1.21468,1.21492,1.50,1.50
2011.09.09 10:52:15.910,1.21465,1.21489,1.50,1.50
2011.09.09 10:52:16.274,1.21463,1.21488,1.50,1.50
2011.09.09 10:52:16.994,1.21463,1.21488,1.50,1.50
2011.09.09 10:52:17.594,1.21462,1.21486,2.25,1.50
2011.09.09 10:52:17.715,1.21463,1.21488,1.50,1.50
2011.09.09 10:52:17.946,1.21463,1.21487,2.25,1.50
2011.09.09 10:52:18.067,1.21467,1.21492,1.50,2.10
2011.09.09 10:52:21.345,1.21463,1.2149,2.25,3.00
2011.09.09 10:52:22.488,1.21467,1.21492,1.50,1.73
2011.09.09 10:52:22.615,1.21467,1.21492,2.25,1.35
2011.09.09 10:52:22.856,1.21466,1.2149,1.50,1.50
2011.09.09 10:52:23.340,1.21463,1.21489,3.00,2.25
2011.09.09 10:52:23.711,1.21464,1.21489,1.50,1.50
2011.09.09 10:52:24.078,1.21462,1.21487,2.25,1.50
2011.09.09 10:52:25.017,1.21462,1.21487,1.50,1.50
2011.09.09 10:52:25.626,1.21464,1.21488,1.50,1.50
2011.09.09 10:52:28.068,1.21463,1.21486,1.50,1.50
2011.09.09 10:52:28.436,1.21462,1.21484,1.50,1.50
2011.09.09 10:52:29.505,1.21462,1.21484,2.25,1.50
2011.09.09 10:52:30.511,1.21463,1.21486,1.43,1.50
2011.09.09 10:52:30.962,1.21468,1.2149,1.43,1.50
2011.09.09 10:52:31.111,1.21473,1.21495,1.43,1.35
2011.09.09 10:52:32.320,1.21473,1.21495,1.43,1.35
2011.09.09 10:52:34.917,1.21471,1.21495,2.18,2.10
2011.09.09 10:52:35.504,1.21472,1.21493,1.43,1.35
2011.09.09 10:52:38.714,1.21471,1.21492,2.18,2.10
2011.09.09 10:52:38.957,1.21471,1.21493,2.18,1.35
2011.09.09 10:52:40.040,1.21471,1.21492,1.43,2.10
2011.09.09 10:52:40.654,1.2147,1.21492,1.43,2.10
2011.09.09 10:52:41.248,1.2147,1.21493,1.43,1.35
2011.09.09 10:52:41.855,1.21469,1.21493,1.50,1.35
2011.09.09 10:52:42.584,1.21467,1.21492,1.50,1.35
2011.09.09 10:52:43.513,1.21467,1.21492,1.50,1.35
2011.09.09 10:52:43.872,1.21468,1.21492,2.18,1.35
2011.09.09 10:52:44.116,1.21468,1.21492,2.18,2.10
2011.09.09 10:52:45.645,1.21466,1.21491,1.50,1.50
2011.09.09 10:52:46.003,1.21466,1.21491,1.50,1.50
2011.09.09 10:52:47.831,1.21466,1.21491,1.50,1.50
2011.09.09 10:52:50.052,1.21466,1.21491,1.50,1.50
2011.09.09 10:52:50.723,1.21466,1.21491,1.50,1.50
2011.09.09 10:52:51.737,1.21466,1.21491,1.50,1.50
2011.09.09 10:52:52.212,1.21464,1.21488,2.18,1.50
2011.09.09 10:52:56.591,1.21462,1.21487,2.25,1.50
2011.09.09 10:52:57.042,1.21462,1.21487,2.25,1.50
2011.09.09 10:52:57.512,1.21462,1.21486,3.00,1.50
2011.09.09 10:52:58.422,1.21462,1.21486,3.00,1.50
2011.09.09 10:52:58.653,1.21464,1.21488,1.50,1.50
2011.09.09 10:52:58.993,1.21462,1.21486,3.00,1.50
2011.09.09 10:53:00.021,1.21463,1.21486,1.50,1.50
2011.09.09 10:53:00.167,1.21463,1.21486,1.50,1.50
2011.09.09 10:53:00.534,1.21463,1.21486,1.50,1.50
2011.09.09 10:53:00.652,1.21463,1.21486,1.50,1.50
2011.09.09 10:53:01.022,1.21463,1.21486,1.50,1.50
2011.09.09 10:53:01.508,1.21462,1.21486,2.25,1.50
2011.09.09 10:53:05.007,1.21463,1.21488,2.25,1.50
2011.09.09 10:53:05.779,1.21462,1.21486,2.25,1.50
2011.09.09 10:53:06.146,1.21462,1.21484,1.50,1.50
2011.09.09 10:53:06.727,1.21463,1.21484,1.50,1.50
2011.09.09 10:53:07.443,1.21462,1.21484,1.50,1.50
2011.09.09 10:53:08.409,1.21462,1.21484,1.50,1.50
2011.09.09 10:53:08.540,1.21463,1.21484,1.50,1.50
2011.09.09 10:53:09.267,1.21462,1.21484,1.50,1.50
2011.09.09 10:53:09.733,1.21463,1.21486,1.50,1.50
2011.09.09 10:53:10.315,1.21463,1.21484,1.50,1.50
2011.09.09 10:53:11.567,1.21462,1.21484,1.50,1.50
2011.09.09 10:53:12.219,1.21459,1.21481,1.50,1.50
2011.09.09 10:53:12.350,1.21448,1.21474,1.50,1.50
2011.09.09 10:53:12.479,1.21444,1.21469,1.50,1.50
2011.09.09 10:53:12.852,1.21451,1.21476,1.50,3.00
2011.09.09 10:53:13.097,1.2145,1.21474,1.50,2.25
2011.09.09 10:53:14.026,1.21451,1.21476,1.50,1.50
2011.09.09 10:53:14.269,1.21446,1.21471,1.50,1.50
2011.09.09 10:53:14.875,1.21445,1.21471,1.50,1.50
2011.09.09 10:53:15.589,1.21443,1.21468,1.50,1.50
2011.09.09 10:53:16.304,1.21442,1.21467,1.50,1.50
2011.09.09 10:53:16.668,1.21441,1.21467,2.25,2.25
2011.09.09 10:53:16.799,1.21441,1.21467,2.25,2.25
2011.09.09 10:53:17.171,1.21441,1.21467,2.25,2.25
2011.09.09 10:53:17.420,1.21441,1.21465,1.50,1.50
2011.09.09 10:53:18.422,1.21441,1.21466,1.50,1.50
2011.09.09 10:53:18.945,1.21441,1.21465,1.50,1.50
2011.09.09 10:53:19.547,1.21441,1.21465,1.50,1.50
2011.09.09 10:53:20.148,1.21441,1.21465,1.50,2.25
2011.09.09 10:53:20.789,1.2144,1.21463,1.50,1.50
2011.09.09 10:53:21.520,1.2144,1.21461,1.50,1.50
2011.09.09 10:53:22.090,1.21439,1.21461,3.00,1.50
2011.09.09 10:53:22.693,1.2144,1.21461,1.50,1.50
2011.09.09 10:53:23.468,1.21439,1.21461,4.50,1.50
2011.09.09 10:53:23.832,1.21439,1.21458,3.00,1.50
2011.09.09 10:53:24.081,1.2144,1.2146,2.25,1.50
2011.09.09 10:53:24.443,1.21441,1.21464,1.50,1.50
2011.09.09 10:53:24.683,1.2144,1.21464,2.25,1.50
2011.09.09 10:53:25.270,1.21439,1.21463,6.00,2.25
2011.09.09 10:53:26.115,1.21441,1.21463,1.50,1.50
2011.09.09 10:53:26.252,1.2144,1.21461,1.50,2.25
2011.09.09 10:53:26.377,1.2144,1.21461,1.50,1.50
2011.09.09 10:53:26.988,1.21439,1.21461,1.50,2.25
2011.09.09 10:53:27.596,1.21439,1.21461,3.00,2.25
2011.09.09 10:53:28.733,1.2144,1.21461,1.50,1.50
2011.09.09 10:53:29.594,1.21439,1.21463,3.00,2.25
2011.09.09 10:53:29.722,1.21445,1.2147,1.50,1.50
2011.09.09 10:53:29.854,1.21445,1.2147,1.50,1.50
2011.09.09 10:53:29.982,1.21448,1.21472,1.50,1.50
2011.09.09 10:53:30.109,1.21445,1.21471,1.50,1.50
2011.09.09 10:53:30.976,1.21449,1.21476,4.43,3.00
2011.09.09 10:53:31.237,1.21451,1.21475,1.50,1.50
2011.09.09 10:53:31.845,1.21451,1.21475,1.50,1.50
2011.09.09 10:53:31.966,1.21451,1.21475,1.50,1.50
2011.09.09 10:53:32.084,1.21451,1.21475,1.50,1.50
2011.09.09 10:53:32.670,1.21451,1.21476,1.50,1.50
2011.09.09 10:53:32.794,1.21451,1.21479,2.25,2.25
2011.09.09 10:53:32.915,1.21451,1.21479,2.25,2.25
2011.09.09 10:53:33.155,1.2145,1.21478,1.50,1.50
2011.09.09 10:53:33.814,1.21449,1.21478,1.50,1.50
2011.09.09 10:53:34.415,1.2145,1.21477,1.43,1.50
2011.09.09 10:53:34.774,1.21452,1.21477,1.50,1.50
2011.09.09 10:53:35.375,1.21451,1.21475,4.50,2.25
2011.09.09 10:53:35.724,1.21451,1.21472,4.50,1.50
2011.09.09 10:53:36.399,1.21454,1.21473,1.43,1.50
2011.09.09 10:53:36.647,1.21453,1.21476,1.43,1.50
2011.09.09 10:53:37.606,1.21454,1.21477,1.43,1.50
2011.09.09 10:53:37.847,1.21457,1.21478,1.43,1.50
2011.09.09 10:53:37.975,1.21457,1.21482,1.43,1.50
2011.09.09 10:53:38.214,1.21457,1.21482,1.43,1.50
2011.09.09 10:53:38.457,1.21456,1.2148,1.43,1.50
2011.09.09 10:53:39.046,1.21455,1.21472,1.43,1.50
2011.09.09 10:53:40.076,1.21455,1.21479,1.43,1.50
2011.09.09 10:53:40.775,1.21455,1.21478,1.43,1.50
2011.09.09 10:53:41.923,1.21455,1.21478,1.43,1.50
2011.09.09 10:53:42.529,1.21451,1.21478,1.50,1.50
2011.09.09 10:53:43.172,1.21449,1.21477,1.43,1.50
2011.09.09 10:53:43.307,1.21449,1.21478,1.43,1.50
2011.09.09 10:53:43.437,1.21448,1.21475,2.18,1.50
2011.09.09 10:53:43.809,1.21446,1.21472,1.43,1.50
2011.09.09 10:53:44.538,1.21447,1.21473,1.50,1.50
2011.09.09 10:53:45.437,1.21446,1.21472,1.43,1.50
2011.09.09 10:53:46.057,1.21446,1.21471,1.43,1.50
2011.09.09 10:53:46.195,1.21446,1.21471,1.43,1.50
2011.09.09 10:53:46.321,1.21447,1.21473,1.43,1.50
2011.09.09 10:53:46.683,1.21446,1.21473,2.18,3.00
2011.09.09 10:53:47.159,1.21448,1.21471,1.43,1.50
2011.09.09 10:53:47.410,1.21446,1.21471,2.18,1.50
2011.09.09 10:53:47.776,1.21448,1.21471,1.43,1.50
2011.09.09 10:53:48.521,1.2145,1.21472,1.43,1.50
2011.09.09 10:53:48.642,1.21443,1.21466,1.50,1.50
2011.09.09 10:53:49.244,1.21443,1.21467,1.50,1.50
2011.09.09 10:53:49.368,1.21443,1.21468,1.50,1.50
2011.09.09 10:53:49.498,1.21442,1.21466,1.50,1.50
2011.09.09 10:53:50.214,1.21441,1.21466,2.25,1.50
2011.09.09 10:53:50.340,1.21442,1.21468,1.50,2.25
2011.09.09 10:53:50.470,1.21442,1.21464,1.50,1.50
2011.09.09 10:53:51.301,1.21442,1.21467,2.25,1.50
2011.09.09 10:53:51.439,1.21443,1.21469,1.50,1.50
2011.09.09 10:53:51.694,1.21442,1.21467,1.50,1.50
2011.09.09 10:53:52.061,1.21443,1.21469,1.50,2.25
2011.09.09 10:53:52.430,1.21445,1.21469,1.50,1.50
2011.09.09 10:53:52.798,1.21444,1.21468,1.50,1.50
2011.09.09 10:53:53.399,1.21442,1.21467,2.25,1.50
2011.09.09 10:53:53.530,1.21443,1.21468,1.50,1.50
2011.09.09 10:53:54.646,1.21445,1.2147,1.50,1.50
2011.09.09 10:53:55.008,1.21446,1.21471,1.50,1.50
2011.09.09 10:53:55.140,1.21445,1.21471,1.50,2.25
2011.09.09 10:53:55.267,1.21443,1.21468,1.50,1.50
2011.09.09 10:53:55.385,1.21442,1.21467,3.00,1.50
2011.09.09 10:53:55.961,1.21444,1.21468,1.50,2.25
2011.09.09 10:53:56.211,1.21446,1.21471,1.50,1.50
2011.09.09 10:53:56.814,1.21444,1.21469,2.25,1.50
2011.09.09 10:53:57.173,1.21442,1.21466,3.00,1.50
2011.09.09 10:53:57.530,1.21445,1.2147,2.25,1.50
2011.09.09 10:53:57.784,1.21444,1.21468,2.25,1.50
2011.09.09 10:53:58.436,1.21444,1.21468,1.50,1.50
2011.09.09 10:53:58.578,1.21442,1.21466,2.25,2.25
2011.09.09 10:53:59.186,1.21442,1.21466,3.00,1.50
2011.09.09 10:53:59.788,1.21442,1.21467,1.50,1.50
2011.09.09 10:54:00.506,1.21441,1.21463,1.50,1.50
2011.09.09 10:54:00.879,1.21443,1.21467,1.50,1.50
2011.09.09 10:54:01.257,1.21447,1.21472,1.50,1.35
2011.09.09 10:54:01.378,1.21447,1.21472,1.50,1.35
2011.09.09 10:54:01.513,1.21447,1.21472,1.50,1.35
2011.09.09 10:54:01.638,1.2145,1.21472,1.50,1.35
2011.09.09 10:54:02.492,1.21447,1.21467,1.43,1.50
2011.09.09 10:54:02.572,1.21447,1.21471,2.18,1.50
2011.09.09 10:54:02.710,1.21449,1.21472,1.50,1.35
2011.09.09 10:54:02.843,1.21445,1.21471,2.25,1.50
2011.09.09 10:54:03.088,1.21444,1.21468,1.50,1.50
2011.09.09 10:54:03.218,1.21444,1.21469,2.25,1.50
2011.09.09 10:54:03.344,1.21444,1.21468,2.25,1.50
2011.09.09 10:54:03.711,1.21444,1.21468,2.25,1.50
2011.09.09 10:54:04.065,1.21444,1.2147,2.25,2.25
2011.09.09 10:54:04.306,1.21444,1.21468,2.25,1.50
2011.09.09 10:54:04.946,1.21446,1.21472,3.00,1.35
2011.09.09 10:54:05.211,1.21445,1.21471,1.50,1.50
2011.09.09 10:54:05.455,1.21444,1.2147,1.50,1.50
2011.09.09 10:54:05.820,1.21444,1.21468,1.50,1.50
2011.09.09 10:54:06.439,1.21448,1.21472,1.50,1.35
2011.09.09 10:54:07.243,1.21442,1.21466,1.50,1.50
2011.09.09 10:54:07.609,1.21429,1.21436,1.50,1.50
2011.09.09 10:54:07.742,1.21418,1.21432,1.50,1.50
2011.09.09 10:54:07.867,1.21411,1.21432,1.50,6.00
2011.09.09 10:54:08.000,1.21408,1.21427,2.25,1.50
2011.09.09 10:54:08.127,1.21408,1.21426,1.50,1.13
2011.09.09 10:54:09.525,1.21401,1.21424,1.50,1.50
2011.09.09 10:54:10.012,1.21401,1.21427,1.50,6.00
2011.09.09 10:54:10.259,1.21401,1.21425,1.50,3.75
2011.09.09 10:54:10.962,1.21401,1.21428,1.50,6.00
2011.09.09 10:54:11.452,1.21401,1.21423,1.50,1.50
2011.09.09 10:54:11.698,1.21401,1.21424,1.50,1.50
2011.09.09 10:54:11.829,1.21406,1.21425,1.50,1.13
2011.09.09 10:54:12.211,1.21401,1.21426,1.50,1.50
2011.09.09 10:54:12.975,1.21402,1.21429,1.50,5.25
2011.09.09 10:54:13.102,1.21403,1.21428,1.50,1.13
2011.09.09 10:54:13.223,1.21401,1.21425,3.00,1.50
2011.09.09 10:54:14.053,1.21402,1.21426,1.50,1.13
2011.09.09 10:54:14.418,1.21405,1.21425,1.50,1.13
2011.09.09 10:54:14.787,1.214,1.21422,1.50,1.18
2011.09.09 10:54:15.385,1.214,1.21417,1.50,3.75
2011.09.09 10:54:15.537,1.21399,1.21422,1.35,1.50
2011.09.09 10:54:15.794,1.21398,1.21423,1.50,1.50
2011.09.09 10:54:15.915,1.214,1.21425,1.50,1.88
2011.09.09 10:54:16.040,1.21399,1.21426,1.50,2.25
2011.09.09 10:54:16.285,1.21399,1.21426,1.50,1.50
2011.09.09 10:54:16.405,1.21399,1.21426,1.50,1.50
2011.09.09 10:54:16.525,1.21397,1.21426,1.50,1.13
2011.09.09 10:54:17.229,1.21399,1.21425,1.50,1.13
2011.09.09 10:54:17.985,1.21394,1.21422,1.50,1.50
2011.09.09 10:54:18.224,1.21394,1.21421,1.50,1.55
2011.09.09 10:54:18.465,1.21393,1.21415,1.50,1.13
2011.09.09 10:54:19.167,1.21392,1.21415,2.25,1.50
2011.09.09 10:54:19.289,1.21393,1.21415,1.50,1.50
2011.09.09 10:54:19.417,1.21392,1.21415,1.50,2.25
2011.09.09 10:54:19.659,1.21395,1.2142,1.50,1.50
2011.09.09 10:54:19.789,1.21396,1.21421,1.50,1.50
2011.09.09 10:54:21.216,1.21398,1.21424,1.50,2.25
2011.09.09 10:54:21.576,1.214,1.21425,1.50,1.50
2011.09.09 10:54:21.697,1.21398,1.21428,1.50,5.10
2011.09.09 10:54:25.068,1.21396,1.2142,1.50,3.00
2011.09.09 10:54:25.331,1.21394,1.21414,1.50,4.50
2011.09.09 10:54:25.458,1.2139,1.2141,2.04,2.25
2011.09.09 10:54:25.592,1.21383,1.21408,1.61,3.75
2011.09.09 10:54:25.719,1.21381,1.21406,1.50,1.88
2011.09.09 10:54:25.848,1.21376,1.21405,1.50,1.13
2011.09.09 10:54:26.097,1.21379,1.21405,2.25,1.50
2011.09.09 10:54:26.229,1.21382,1.21409,1.50,1.50
2011.09.09 10:54:26.477,1.21382,1.21409,1.50,2.25
2011.09.09 10:54:27.453,1.21381,1.21411,1.50,1.50
2011.09.09 10:54:27.588,1.21378,1.21398,1.50,1.50
2011.09.09 10:54:27.836,1.21376,1.21399,1.50,1.50
2011.09.09 10:54:28.200,1.21379,1.21399,1.50,1.50
2011.09.09 10:54:28.571,1.2139,1.21413,2.25,1.50
2011.09.09 10:54:28.703,1.21392,1.21417,1.50,1.88
2011.09.09 10:54:28.826,1.21397,1.21421,1.50,1.50
2011.09.09 10:54:28.946,1.21395,1.21421,1.50,1.50
2011.09.09 10:54:29.065,1.21396,1.21421,1.50,1.50
2011.09.09 10:54:29.187,1.21402,1.21424,1.50,2.10
2011.09.09 10:54:29.315,1.21402,1.21424,1.50,2.10
2011.09.09 10:54:29.917,1.21402,1.21424,1.50,3.23
2011.09.09 10:54:30.769,1.21401,1.21423,1.50,1.18
2011.09.09 10:54:31.124,1.21402,1.21424,1.50,1.18
2011.09.09 10:54:31.463,1.21402,1.21424,1.50,1.13
2011.09.09 10:54:31.925,1.214,1.21424,1.50,2.05
2011.09.09 10:54:32.776,1.21399,1.21423,1.50,1.13
2011.09.09 10:54:33.016,1.21399,1.21422,1.50,1.18
2011.09.09 10:54:33.259,1.21401,1.21423,1.50,1.18
2011.09.09 10:54:33.504,1.21401,1.21422,1.50,1.18
2011.09.09 10:54:34.350,1.21395,1.21421,1.50,4.50
2011.09.09 10:54:34.838,1.21396,1.21424,1.50,1.50
2011.09.09 10:54:35.501,1.21395,1.21421,1.50,1.50
2011.09.09 10:54:35.626,1.21396,1.21423,1.50,1.93
2011.09.09 10:54:36.314,1.21394,1.21423,1.50,3.38
2011.09.09 10:54:36.443,1.21395,1.21423,1.50,3.00
2011.09.09 10:54:36.565,1.214,1.21423,1.50,1.50
2011.09.09 10:54:36.808,1.21403,1.21426,1.50,3.73
2011.09.09 10:54:37.043,1.21401,1.21425,1.50,1.85
2011.09.09 10:54:37.911,1.21398,1.21423,1.50,1.50
2011.09.09 10:54:38.516,1.21394,1.2142,2.13,1.50
2011.09.09 10:54:39.214,1.21397,1.21422,1.50,1.50
2011.09.09 10:54:39.339,1.21394,1.2142,2.13,1.50
2011.09.09 10:54:39.467,1.21391,1.21414,1.88,1.50
2011.09.09 10:54:39.585,1.21393,1.21422,1.50,2.25
2011.09.09 10:54:39.944,1.21394,1.2142,1.38,1.50
2011.09.09 10:54:40.066,1.21401,1.21424,1.50,1.50
2011.09.09 10:54:40.191,1.21402,1.21426,1.50,1.50
2011.09.09 10:54:40.757,1.21402,1.21432,1.50,1.35
2011.09.09 10:54:40.885,1.21407,1.21431,1.50,1.50
2011.09.09 10:54:41.005,1.214,1.2143,1.50,1.50
2011.09.09 10:54:41.584,1.21405,1.21431,1.38,1.50
2011.09.09 10:54:41.705,1.21408,1.21432,1.50,1.35
2011.09.09 10:54:41.827,1.21412,1.21434,1.50,1.35
2011.09.09 10:54:42.403,1.21409,1.21432,1.50,1.35
2011.09.09 10:54:42.754,1.21406,1.21431,1.50,1.50
2011.09.09 10:54:43.099,1.21407,1.21434,1.50,3.38
2011.09.09 10:54:43.739,1.21406,1.21431,1.38,2.25
2011.09.09 10:54:44.685,1.21408,1.21433,1.50,1.50
2011.09.09 10:54:44.925,1.21408,1.21432,1.50,1.35
2011.09.09 10:54:45.048,1.21405,1.21429,1.38,1.50
2011.09.09 10:54:45.180,1.21406,1.21432,1.50,2.10
2011.09.09 10:54:45.784,1.21406,1.21431,1.50,1.50
2011.09.09 10:54:46.992,1.21443,1.21457,0.75,1.13
2011.09.09 10:54:47.358,1.2142,1.21457,1.83,1.50
2011.09.09 10:54:47.487,1.2142,1.2146,1.13,1.25
2011.09.09 10:54:47.858,1.21423,1.21464,1.76,1.50
2011.09.09 10:54:47.990,1.21423,1.21466,1.76,1.50
2011.09.09 10:54:48.121,1.21436,1.21456,1.50,2.25
2011.09.09 10:54:48.810,1.21429,1.21451,1.50,1.48
2011.09.09 10:54:48.965,1.21423,1.21449,1.50,1.50
2011.09.09 10:54:49.211,1.21431,1.21452,1.50,1.15
2011.09.09 10:54:49.577,1.21433,1.21455,1.50,1.03
2011.09.09 10:54:49.944,1.21421,1.21445,1.50,1.50
2011.09.09 10:54:50.064,1.21419,1.21445,2.25,1.50
2011.09.09 10:54:50.305,1.2142,1.21445,1.50,1.50
2011.09.09 10:54:51.723,1.21425,1.2145,1.50,1.50
2011.09.09 10:54:51.853,1.21425,1.2145,1.50,1.93
2011.09.09 10:54:52.098,1.21423,1.21449,1.50,1.50
2011.09.09 10:54:52.468,1.21421,1.21446,1.50,1.50
2011.09.09 10:54:52.957,1.2142,1.21444,1.65,1.50
2011.09.09 10:54:53.206,1.21423,1.21448,1.50,1.50
2011.09.09 10:54:53.956,1.21427,1.21451,1.50,1.50
2011.09.09 10:54:54.318,1.21424,1.21448,1.13,1.50
2011.09.09 10:54:54.448,1.21429,1.21451,1.50,1.20
2011.09.09 10:54:55.299,1.2144,1.21468,1.13,2.63
2011.09.09 10:54:55.549,1.21442,1.21472,1.13,1.95
2011.09.09 10:54:56.138,1.21453,1.21481,1.50,3.00
2011.09.09 10:54:56.404,1.21456,1.21481,1.50,1.50
2011.09.09 10:54:56.995,1.21451,1.21478,1.50,1.50
2011.09.09 10:54:57.118,1.21449,1.21475,4.91,1.50
2011.09.09 10:54:57.368,1.2145,1.21475,1.65,1.50
2011.09.09 10:54:57.615,1.21462,1.21479,1.50,1.48
2011.09.09 10:54:58.202,1.21455,1.21479,1.50,1.50
2011.09.09 10:54:58.322,1.21454,1.21479,1.50,1.50
2011.09.09 10:54:59.205,1.21454,1.21479,1.50,1.50
2011.09.09 10:54:59.679,1.21454,1.21479,1.50,1.50
2011.09.09 10:55:00.046,1.2145,1.21474,1.28,1.50
2011.09.09 10:55:00.166,1.2145,1.21472,1.65,1.50
2011.09.09 10:55:01.127,1.2145,1.21475,1.65,2.25
2011.09.09 10:55:02.494,1.21452,1.21475,1.50,2.25
2011.09.09 10:55:02.620,1.21451,1.21473,1.50,2.25
2011.09.09 10:55:02.988,1.21449,1.2147,1.65,1.50
2011.09.09 10:55:03.715,1.21446,1.21469,2.03,1.50
2011.09.09 10:55:04.338,1.21446,1.21467,1.28,1.50
2011.09.09 10:55:04.720,1.21446,1.2147,1.65,1.50
2011.09.09 10:55:04.970,1.21445,1.21466,1.65,1.50
2011.09.09 10:55:05.574,1.21447,1.2147,1.50,1.50
2011.09.09 10:55:06.174,1.21446,1.21469,1.65,1.50
2011.09.09 10:55:07.254,1.21446,1.21468,1.77,2.25
2011.09.09 10:55:07.983,1.21434,1.2146,2.25,1.50
2011.09.09 10:55:08.229,1.21433,1.21455,2.25,1.50
2011.09.09 10:55:08.481,1.2143,1.21454,1.88,1.50
2011.09.09 10:55:08.606,1.2143,1.21454,1.88,1.50
2011.09.09 10:55:09.212,1.21428,1.2145,2.25,1.50
2011.09.09 10:55:09.992,1.21425,1.21449,2.25,1.50
2011.09.09 10:55:10.355,1.21425,1.21449,2.25,1.50
2011.09.09 10:55:10.475,1.21425,1.21449,3.00,1.50
2011.09.09 10:55:11.283,1.21426,1.2145,1.50,1.50
2011.09.09 10:55:11.634,1.21426,1.2145,1.50,1.50
2011.09.09 10:55:11.879,1.21429,1.21451,1.50,1.50
2011.09.09 10:55:12.010,1.21427,1.21451,1.88,1.50
2011.09.09 10:55:12.137,1.2143,1.21454,1.50,3.00
2011.09.09 10:55:12.256,1.2143,1.21454,1.50,1.50
2011.09.09 10:55:12.982,1.21429,1.21451,1.50,1.50
2011.09.09 10:55:13.132,1.21427,1.21455,1.50,1.50
2011.09.09 10:55:13.369,1.21426,1.21455,1.50,1.50
2011.09.09 10:55:13.987,1.21426,1.21454,1.50,1.50
2011.09.09 10:55:14.108,1.21427,1.21455,1.50,1.50
2011.09.09 10:55:14.576,1.21424,1.21453,2.63,1.50
2011.09.09 10:55:15.414,1.21429,1.21457,1.50,1.50
2011.09.09 10:55:15.768,1.21429,1.21459,1.50,2.25
2011.09.09 10:55:15.893,1.21428,1.21457,2.25,1.50
2011.09.09 10:55:16.017,1.21427,1.21454,2.25,1.50
2011.09.09 10:55:16.619,1.21428,1.21454,1.50,1.50
2011.09.09 10:55:16.988,1.21429,1.21458,1.50,1.50
2011.09.09 10:55:17.241,1.21427,1.21452,1.50,2.63
2011.09.09 10:55:18.001,1.21435,1.21463,1.50,1.50
2011.09.09 10:55:18.136,1.21436,1.21462,1.50,1.50
2011.09.09 10:55:19.215,1.21436,1.21462,1.50,1.50
2011.09.09 10:55:19.580,1.21441,1.21467,1.50,1.50
2011.09.09 10:55:20.313,1.21455,1.2148,1.50,1.50
2011.09.09 10:55:20.427,1.21458,1.21483,1.50,1.50
2011.09.09 10:55:20.782,1.21457,1.21482,1.50,1.50
2011.09.09 10:55:21.368,1.21463,1.21488,1.13,1.50
2011.09.09 10:55:21.497,1.21462,1.21488,1.13,1.50
2011.09.09 10:55:21.745,1.21461,1.21487,3.26,1.50
2011.09.09 10:55:21.867,1.21462,1.21488,1.13,1.50
2011.09.09 10:55:22.619,1.21462,1.21487,1.13,2.25
2011.09.09 10:55:22.738,1.21457,1.21481,2.25,1.50
2011.09.09 10:55:23.105,1.21454,1.21477,3.00,1.50
2011.09.09 10:55:23.344,1.21453,1.21475,2.25,1.50
2011.09.09 10:55:23.707,1.21449,1.21473,4.28,1.50
2011.09.09 10:55:24.057,1.21451,1.21476,1.50,1.50
2011.09.09 10:55:24.417,1.21451,1.21476,1.50,1.50
2011.09.09 10:55:25.457,1.21461,1.21488,1.76,2.25
2011.09.09 10:55:26.057,1.21463,1.2149,1.13,1.50
2011.09.09 10:55:26.777,1.21472,1.21493,1.50,1.50
2011.09.09 10:55:27.016,1.21472,1.21495,1.50,1.13
2011.09.09 10:55:27.840,1.21471,1.21496,1.50,2.63
2011.09.09 10:55:27.966,1.21471,1.21492,1.50,1.50
2011.09.09 10:55:28.556,1.2147,1.21492,1.50,1.50
2011.09.09 10:55:28.797,1.21472,1.21495,1.50,1.50
2011.09.09 10:55:29.284,1.2147,1.21491,1.50,1.50
2011.09.09 10:55:29.408,1.21468,1.2149,2.25,1.50
2011.09.09 10:55:29.656,1.21462,1.21485,1.13,1.50
2011.09.09 10:55:31.498,1.21467,1.21491,1.50,1.50
2011.09.09 10:55:32.347,1.21467,1.21491,1.50,1.50
2011.09.09 10:55:32.713,1.21469,1.21494,1.50,1.50
2011.09.09 10:55:33.359,1.21475,1.21497,1.50,1.85
2011.09.09 10:55:33.493,1.21475,1.21501,1.50,1.50
2011.09.09 10:55:33.615,1.21473,1.21502,4.50,1.50
2011.09.09 10:55:33.737,1.2148,1.21505,3.75,1.10
2011.09.09 10:55:33.854,1.21479,1.21501,1.50,1.50
2011.09.09 10:55:34.448,1.21476,1.215,1.50,1.88
2011.09.09 10:55:34.816,1.21475,1.21495,1.50,3.00
2011.09.09 10:55:35.060,1.21465,1.21491,1.88,1.50
2011.09.09 10:55:35.188,1.21463,1.21493,3.23,1.50
2011.09.09 10:55:35.315,1.21463,1.21493,1.35,3.00
2011.09.09 10:55:35.674,1.21463,1.21488,1.35,1.50
2011.09.09 10:55:35.794,1.21463,1.2149,3.60,1.50
2011.09.09 10:55:35.914,1.21463,1.21492,4.35,1.50
2011.09.09 10:55:36.682,1.21463,1.21485,2.10,1.50
2011.09.09 10:55:37.282,1.21463,1.21485,2.10,1.50
2011.09.09 10:55:37.865,1.21463,1.21483,2.10,4.50
2011.09.09 10:55:37.988,1.21463,1.21483,1.50,4.50
2011.09.09 10:55:38.226,1.21461,1.21479,2.25,4.50
2011.09.09 10:55:38.818,1.21461,1.2148,2.25,4.50
2011.09.09 10:55:40.923,1.21462,1.2148,1.50,4.50
2011.09.09 10:55:41.047,1.21461,1.21484,2.25,1.50
2011.09.09 10:55:41.177,1.21464,1.21487,1.50,1.13
2011.09.09 10:55:41.545,1.21464,1.21489,1.50,2.25
2011.09.09 10:55:42.398,1.21462,1.21487,2.25,1.50
2011.09.09 10:55:43.164,1.21462,1.21488,2.25,1.50
2011.09.09 10:55:43.634,1.21462,1.21487,2.25,2.25
2011.09.09 10:55:44.448,1.21462,1.21486,2.25,1.50
2011.09.09 10:55:45.680,1.21466,1.21492,1.50,1.50
2011.09.09 10:55:46.909,1.21466,1.21492,1.50,1.50
2011.09.09 10:55:47.039,1.21467,1.21493,1.50,1.50
2011.09.09 10:55:47.168,1.21471,1.21495,1.50,1.50
2011.09.09 10:55:47.655,1.21471,1.21493,2.25,1.50
2011.09.09 10:55:48.730,1.2147,1.21495,1.50,1.50
2011.09.09 10:55:49.096,1.21468,1.21492,1.50,1.50
2011.09.09 10:55:49.686,1.21467,1.21491,1.50,1.50
2011.09.09 10:55:50.285,1.21466,1.21492,1.50,1.50
2011.09.09 10:55:51.651,1.2147,1.21495,1.50,1.50
2011.09.09 10:55:52.139,1.21469,1.21495,1.50,1.50
2011.09.09 10:55:52.626,1.21472,1.21497,1.50,1.50
2011.09.09 10:55:53.640,1.21478,1.21501,1.50,3.43
2011.09.09 10:55:53.769,1.21478,1.21504,3.00,2.25
2011.09.09 10:55:54.443,1.2148,1.21504,2.21,1.50
2011.09.09 10:55:54.578,1.21482,1.21507,1.13,1.25
2011.09.09 10:55:54.828,1.21482,1.21508,1.13,1.25
2011.09.09 10:55:55.075,1.21489,1.21512,1.35,2.40
2011.09.09 10:55:55.197,1.2149,1.21514,1.38,1.50
2011.09.09 10:55:55.438,1.21489,1.21514,1.38,1.58
2011.09.09 10:55:55.806,1.21489,1.21511,1.88,1.65
2011.09.09 10:55:56.392,1.21489,1.21508,1.50,1.58
2011.09.09 10:55:56.515,1.21486,1.21508,1.43,3.08
2011.09.09 10:55:56.635,1.21483,1.21505,1.88,1.50
2011.09.09 10:55:57.310,1.21482,1.21505,2.63,1.50
2011.09.09 10:55:57.461,1.21475,1.21501,1.50,2.25
2011.09.09 10:55:57.592,1.2147,1.21497,1.50,1.50
2011.09.09 10:55:57.716,1.21469,1.21497,1.50,2.25
2011.09.09 10:55:57.840,1.21465,1.21495,1.50,1.50
2011.09.09 10:55:57.970,1.21464,1.21494,1.50,3.00
2011.09.09 10:55:58.456,1.21464,1.21492,1.50,2.25
2011.09.09 10:55:58.578,1.21463,1.21494,1.50,1.50
2011.09.09 10:55:58.946,1.21463,1.215,3.68,2.25
2011.09.09 10:55:59.592,1.21484,1.215,1.50,1.50
2011.09.09 10:55:59.730,1.21475,1.21505,1.50,3.00
2011.09.09 10:55:59.858,1.21475,1.21503,1.43,1.50
2011.09.09 10:55:59.989,1.21475,1.21503,1.43,1.50
2011.09.09 10:56:00.115,1.21474,1.21503,2.93,1.50
2011.09.09 10:56:00.241,1.21474,1.21504,1.43,1.50
2011.09.09 10:56:00.373,1.21473,1.215,1.50,2.25
2011.09.09 10:56:00.503,1.21466,1.21498,1.50,1.50
2011.09.09 10:56:00.625,1.21464,1.21496,1.50,1.50
2011.09.09 10:56:00.868,1.21461,1.21496,2.25,1.50
2011.09.09 10:56:00.998,1.21461,1.21496,3.00,1.50
2011.09.09 10:56:01.886,1.21459,1.21494,3.00,2.25
2011.09.09 10:56:02.259,1.21468,1.21505,1.50,1.50
2011.09.09 10:56:02.389,1.21468,1.21504,1.50,1.50
2011.09.09 10:56:02.638,1.21465,1.21504,1.50,2.25
2011.09.09 10:56:02.765,1.21463,1.21499,1.50,1.50
2011.09.09 10:56:03.008,1.21462,1.21494,1.50,2.25
2011.09.09 10:56:03.596,1.21462,1.21494,1.50,1.50
2011.09.09 10:56:03.996,1.21462,1.21493,1.50,2.25
2011.09.09 10:56:04.929,1.21459,1.21488,1.50,1.50
2011.09.09 10:56:05.297,1.21459,1.21488,1.50,1.50
2011.09.09 10:56:05.765,1.21458,1.21487,1.50,1.50
2011.09.09 10:56:06.385,1.21458,1.21485,1.50,1.50
2011.09.09 10:56:08.856,1.21458,1.21488,1.50,1.50
2011.09.09 10:56:08.974,1.21458,1.2149,1.50,2.25
2011.09.09 10:56:09.336,1.21456,1.21488,1.50,1.13
2011.09.09 10:56:09.706,1.21459,1.21489,1.50,1.50
2011.09.09 10:56:09.824,1.21459,1.21489,1.50,1.50
2011.09.09 10:56:09.946,1.21459,1.21489,1.50,1.50
2011.09.09 10:56:10.515,1.21458,1.21489,1.50,2.25
2011.09.09 10:56:10.636,1.21458,1.21487,2.25,1.50
2011.09.09 10:56:11.510,1.21457,1.21485,2.25,1.50
2011.09.09 10:56:12.005,1.21457,1.21488,1.50,1.50
2011.09.09 10:56:12.479,1.21457,1.21488,1.50,1.50
2011.09.09 10:56:12.850,1.21457,1.21483,1.50,1.50
2011.09.09 10:56:14.213,1.21456,1.21484,1.50,2.25
2011.09.09 10:56:14.345,1.21456,1.21485,1.50,1.50
2011.09.09 10:56:15.166,1.21456,1.21484,1.50,2.25
2011.09.09 10:56:15.647,1.21456,1.21481,1.50,1.50
2011.09.09 10:56:15.769,1.21456,1.21484,1.50,2.25
2011.09.09 10:56:17.514,1.21457,1.21485,1.50,1.50
2011.09.09 10:56:18.104,1.21456,1.21485,2.25,1.50
2011.09.09 10:56:18.580,1.21456,1.21485,2.25,2.25
2011.09.09 10:56:18.949,1.21453,1.21478,1.50,1.50
2011.09.09 10:56:19.802,1.21455,1.21479,1.50,1.50
2011.09.09 10:56:20.176,1.21457,1.21482,1.50,1.50
2011.09.09 10:56:20.298,1.21455,1.21479,1.50,1.50
2011.09.09 10:56:20.644,1.21453,1.21479,2.25,1.50
2011.09.09 10:56:21.004,1.21452,1.21478,2.25,1.50
2011.09.09 10:56:21.233,1.21453,1.21478,1.50,1.50
2011.09.09 10:56:21.712,1.21452,1.21479,3.00,1.50
2011.09.09 10:56:22.497,1.21454,1.21478,1.50,1.50
2011.09.09 10:56:22.624,1.21454,1.21483,1.50,1.50
2011.09.09 10:56:22.867,1.21452,1.21479,1.50,1.50
2011.09.09 10:56:23.467,1.21453,1.21479,1.50,1.50
2011.09.09 10:56:23.832,1.21454,1.21483,1.50,2.25
2011.09.09 10:56:23.958,1.21456,1.2148,1.50,1.13
2011.09.09 10:56:24.799,1.21445,1.2147,1.50,1.50
2011.09.09 10:56:25.046,1.21448,1.21472,1.50,1.50
2011.09.09 10:56:25.407,1.21444,1.21471,3.00,2.25
2011.09.09 10:56:25.526,1.21447,1.21472,1.50,1.50
2011.09.09 10:56:25.644,1.21449,1.21473,1.50,1.50
2011.09.09 10:56:27.489,1.2145,1.21475,1.50,1.50
2011.09.09 10:56:27.736,1.21449,1.21474,1.50,1.50
2011.09.09 10:56:27.974,1.21451,1.21476,1.50,2.25
2011.09.09 10:56:28.315,1.21448,1.21476,2.25,2.25
2011.09.09 10:56:28.670,1.21468,1.21486,1.50,1.35
2011.09.09 10:56:28.801,1.2147,1.21492,1.88,1.18
2011.09.09 10:56:28.926,1.21474,1.21494,1.35,1.18
2011.09.09 10:56:29.044,1.21474,1.21496,1.35,1.50
2011.09.09 10:56:29.169,1.21474,1.21496,1.35,1.50
2011.09.09 10:56:29.296,1.21478,1.21503,1.50,1.50
2011.09.09 10:56:29.877,1.21479,1.21506,3.00,1.50
2011.09.09 10:56:30.118,1.21484,1.21512,2.25,1.13
2011.09.09 10:56:30.365,1.21483,1.21507,2.18,1.50
2011.09.09 10:56:30.725,1.21483,1.21507,2.18,1.50
2011.09.09 10:56:31.325,1.21483,1.21507,2.18,1.50
2011.09.09 10:56:31.686,1.21483,1.21508,1.43,2.25
2011.09.09 10:56:31.805,1.21482,1.21513,2.18,2.25
2011.09.09 10:56:32.619,1.21483,1.2151,2.18,1.50
2011.09.09 10:56:33.213,1.21482,1.21508,2.25,1.50
2011.09.09 10:56:33.691,1.21483,1.21513,1.50,1.50
2011.09.09 10:56:35.088,1.21483,1.21514,2.18,1.50
2011.09.09 10:56:35.220,1.21483,1.21515,2.93,1.50
2011.09.09 10:56:35.793,1.21482,1.21515,1.50,1.50
2011.09.09 10:56:35.921,1.21481,1.21515,1.50,1.50
2011.09.09 10:56:36.167,1.21481,1.2151,1.50,1.50
2011.09.09 10:56:36.294,1.21481,1.2151,2.25,1.50
2011.09.09 10:56:39.009,1.21483,1.21513,1.50,1.50
2011.09.09 10:56:39.136,1.21482,1.21516,2.25,1.50
2011.09.09 10:56:39.255,1.21485,1.21517,1.50,2.25
2011.09.09 10:56:40.312,1.21483,1.21516,1.50,1.50
2011.09.09 10:56:42.410,1.21482,1.21517,2.63,1.50
2011.09.09 10:56:43.103,1.21482,1.21515,1.88,1.50
2011.09.09 10:56:44.784,1.21485,1.21517,1.50,2.25
2011.09.09 10:56:46.156,1.21483,1.21513,1.13,1.50
2011.09.09 10:56:46.513,1.21479,1.21512,3.00,1.50
2011.09.09 10:56:46.882,1.21474,1.215,1.50,1.50
2011.09.09 10:56:47.010,1.21465,1.215,1.13,2.25
2011.09.09 10:56:47.144,1.21464,1.21499,1.13,1.50
2011.09.09 10:56:47.513,1.21464,1.21494,2.25,1.50
2011.09.09 10:56:47.639,1.21464,1.2149,2.25,1.50
2011.09.09 10:56:48.283,1.21464,1.21489,2.25,1.50
2011.09.09 10:56:48.408,1.21455,1.21478,1.50,3.00
2011.09.09 10:56:48.536,1.2145,1.21478,1.50,1.50
2011.09.09 10:56:48.895,1.2145,1.21477,1.50,1.50
2011.09.09 10:56:49.497,1.2145,1.21477,2.25,1.50
2011.09.09 10:56:49.867,1.21452,1.21479,1.50,1.50
2011.09.09 10:56:51.691,1.21453,1.21483,1.13,1.50
2011.09.09 10:56:51.817,1.21452,1.21485,1.88,1.50
2011.09.09 10:56:51.941,1.21454,1.21485,1.50,1.50
2011.09.09 10:56:52.429,1.21454,1.21488,1.50,1.50
2011.09.09 10:56:53.040,1.21454,1.21488,1.50,1.50
2011.09.09 10:56:53.783,1.21454,1.21488,2.25,1.50
2011.09.09 10:56:54.496,1.21454,1.21487,2.25,1.50
2011.09.09 10:56:54.857,1.21453,1.21481,1.50,1.50
2011.09.09 10:56:55.457,1.21453,1.2148,1.88,1.50
2011.09.09 10:56:55.696,1.21453,1.21481,2.25,1.50
2011.09.09 10:56:56.273,1.21454,1.21483,1.50,1.50
2011.09.09 10:56:57.081,1.21454,1.21483,1.50,1.50
2011.09.09 10:56:57.213,1.21453,1.21484,2.63,1.50
2011.09.09 10:56:57.336,1.21453,1.21484,2.63,1.50
2011.09.09 10:56:57.688,1.21453,1.21482,1.50,3.00
2011.09.09 10:56:58.057,1.2145,1.21475,1.50,1.50
2011.09.09 10:56:58.297,1.21447,1.21472,1.50,1.50
2011.09.09 10:56:58.427,1.21447,1.21471,1.50,1.50
2011.09.09 10:56:58.557,1.21448,1.21475,1.50,1.50
2011.09.09 10:56:58.679,1.21448,1.21474,1.50,1.50
2011.09.09 10:56:59.717,1.21452,1.21478,1.50,1.50
2011.09.09 10:57:00.442,1.21454,1.21481,1.50,1.50
2011.09.09 10:57:00.925,1.21452,1.21475,1.50,2.25
2011.09.09 10:57:01.291,1.21447,1.21475,2.25,1.50
2011.09.09 10:57:01.919,1.21446,1.21471,1.13,1.50
2011.09.09 10:57:02.055,1.21441,1.21471,1.50,1.50
2011.09.09 10:57:02.657,1.21441,1.2147,1.50,1.50
2011.09.09 10:57:03.907,1.21441,1.2147,1.50,1.50
2011.09.09 10:57:04.636,1.21446,1.2147,1.13,1.50
2011.09.09 10:57:05.354,1.21445,1.2147,1.13,1.50
2011.09.09 10:57:06.066,1.21445,1.2147,1.88,1.50
2011.09.09 10:57:06.665,1.21447,1.2147,1.13,1.50
2011.09.09 10:57:07.456,1.21447,1.2147,2.63,1.50
2011.09.09 10:57:07.838,1.21459,1.21483,1.50,1.50
2011.09.09 10:57:08.330,1.21461,1.21485,1.50,1.50
2011.09.09 10:57:08.461,1.21461,1.21485,1.50,1.50
2011.09.09 10:57:08.709,1.21458,1.21482,1.50,1.13
2011.09.09 10:57:09.080,1.21453,1.21471,1.50,1.50
2011.09.09 10:57:09.838,1.21447,1.2147,1.13,1.50
2011.09.09 10:57:09.960,1.21452,1.21478,1.50,1.50
2011.09.09 10:57:10.569,1.21459,1.21481,1.50,2.25
2011.09.09 10:57:10.698,1.21459,1.21482,1.50,1.50
2011.09.09 10:57:11.071,1.21459,1.21482,1.50,1.50
2011.09.09 10:57:11.957,1.21456,1.21482,2.25,1.50
2011.09.09 10:57:12.321,1.21462,1.21486,1.50,1.50
2011.09.09 10:57:12.448,1.21464,1.21488,1.50,1.50
2011.09.09 10:57:13.052,1.21462,1.21486,1.50,1.50
2011.09.09 10:57:13.662,1.21463,1.21487,1.50,2.25
2011.09.09 10:57:14.333,1.21462,1.21487,1.50,3.00
2011.09.09 10:57:14.475,1.21473,1.21495,1.50,1.50
2011.09.09 10:57:14.718,1.21475,1.21499,1.50,3.00
2011.09.09 10:57:14.845,1.21474,1.21499,1.50,2.25
2011.09.09 10:57:15.205,1.21469,1.21495,2.10,1.50
2011.09.09 10:57:15.334,1.2147,1.21496,1.50,1.50
2011.09.09 10:57:15.702,1.21471,1.21502,1.50,1.50
2011.09.09 10:57:15.831,1.21471,1.21495,1.50,1.50
2011.09.09 10:57:16.431,1.21471,1.21497,1.50,1.50
2011.09.09 10:57:16.716,1.2146,1.2149,1.50,1.88
2011.09.09 10:57:16.972,1.21454,1.21486,1.50,1.50
2011.09.09 10:57:17.219,1.21453,1.21483,2.25,1.50
2011.09.09 10:57:17.590,1.21452,1.21484,2.25,1.50
2011.09.09 10:57:17.957,1.2145,1.21483,4.50,2.25
2011.09.09 10:57:18.085,1.2145,1.21478,1.50,1.50
2011.09.09 10:57:18.651,1.21449,1.21478,1.50,2.25
2011.09.09 10:57:18.791,1.21446,1.21483,1.50,1.50
2011.09.09 10:57:18.923,1.21445,1.21477,1.50,1.50
2011.09.09 10:57:19.172,1.21443,1.21474,1.50,1.50
2011.09.09 10:57:19.545,1.21444,1.21471,1.50,1.50
2011.09.09 10:57:19.671,1.2144,1.21472,1.50,1.50
2011.09.09 10:57:19.799,1.2144,1.21469,1.50,1.50
2011.09.09 10:57:20.413,1.21443,1.21472,1.50,1.50
2011.09.09 10:57:21.005,1.21444,1.21474,1.50,1.50
2011.09.09 10:57:21.136,1.21444,1.21478,1.88,1.50
2011.09.09 10:57:21.379,1.21444,1.2148,1.88,1.50
2011.09.09 10:57:21.748,1.21444,1.21478,1.50,2.25
2011.09.09 10:57:22.235,1.21443,1.21479,1.50,2.25
2011.09.09 10:57:22.595,1.21453,1.21481,1.50,1.50
2011.09.09 10:57:22.717,1.21454,1.21482,1.50,1.50
2011.09.09 10:57:22.840,1.21456,1.21487,1.50,1.50
2011.09.09 10:57:22.972,1.21457,1.21488,1.50,1.50
2011.09.09 10:57:23.097,1.21457,1.21491,1.50,1.50
2011.09.09 10:57:23.858,1.2146,1.21495,1.43,3.38
2011.09.09 10:57:24.235,1.21464,1.21498,1.50,1.50
2011.09.09 10:57:24.487,1.21464,1.21497,1.50,1.50
2011.09.09 10:57:24.616,1.21466,1.21494,1.50,1.50
2011.09.09 10:57:24.740,1.21466,1.21496,1.50,1.50
2011.09.09 10:57:25.932,1.21466,1.21498,1.50,1.50
2011.09.09 10:57:26.431,1.21467,1.21498,1.50,1.50
2011.09.09 10:57:27.040,1.21466,1.21497,1.50,1.50
2011.09.09 10:57:27.408,1.21472,1.21497,1.50,1.50
2011.09.09 10:57:27.543,1.21475,1.215,1.50,1.50
2011.09.09 10:57:28.316,1.21475,1.21503,2.25,1.50
2011.09.09 10:57:28.443,1.21475,1.21505,3.75,1.50
2011.09.09 10:57:28.807,1.21474,1.21503,1.50,1.50
2011.09.09 10:57:29.048,1.21471,1.21499,1.50,1.50
2011.09.09 10:57:29.407,1.2147,1.21499,1.50,3.00
2011.09.09 10:57:29.769,1.21473,1.215,1.50,1.50
2011.09.09 10:57:30.139,1.21473,1.21496,1.50,1.50
2011.09.09 10:57:30.918,1.21473,1.21494,1.13,1.50
2011.09.09 10:57:31.170,1.21463,1.21493,1.50,1.50
2011.09.09 10:57:31.297,1.2146,1.21491,1.50,1.50
2011.09.09 10:57:31.660,1.21459,1.21485,2.25,1.50
2011.09.09 10:57:31.789,1.21446,1.21486,1.38,3.00
2011.09.09 10:57:32.394,1.21451,1.21488,1.50,2.25
2011.09.09 10:57:33.445,1.21451,1.21485,1.50,1.50
2011.09.09 10:57:35.236,1.21451,1.21485,2.25,1.50
2011.09.09 10:57:36.031,1.21454,1.21486,3.00,1.50
2011.09.09 10:57:37.019,1.2145,1.21482,2.25,1.50
2011.09.09 10:57:38.440,1.2145,1.21482,1.50,2.25
2011.09.09 10:57:38.811,1.21455,1.21485,1.50,1.50
2011.09.09 10:57:39.965,1.21456,1.21485,1.13,1.50
2011.09.09 10:57:40.329,1.21454,1.21482,2.25,2.25
2011.09.09 10:57:40.461,1.21455,1.21482,1.50,1.50
2011.09.09 10:57:41.073,1.21455,1.21483,1.88,1.50
2011.09.09 10:57:41.198,1.21456,1.21484,1.13,1.50
2011.09.09 10:57:42.094,1.21456,1.21484,2.63,1.50
2011.09.09 10:57:42.454,1.21457,1.21483,1.88,1.50
2011.09.09 10:57:43.057,1.21457,1.21482,1.50,1.50
2011.09.09 10:57:43.661,1.21456,1.21483,1.50,1.50
2011.09.09 10:57:44.431,1.21456,1.21483,1.50,1.50
2011.09.09 10:57:44.573,1.21453,1.21478,4.50,1.50
2011.09.09 10:57:46.305,1.21453,1.21477,1.88,1.50
2011.09.09 10:57:46.959,1.21453,1.21477,1.88,1.50
2011.09.09 10:57:47.208,1.21453,1.21478,1.50,1.50
2011.09.09 10:57:47.585,1.21453,1.21478,1.50,1.50
2011.09.09 10:57:47.951,1.21455,1.21481,1.50,1.50
2011.09.09 10:57:48.320,1.21454,1.21479,1.50,1.50
2011.09.09 10:57:48.684,1.21454,1.21479,1.50,1.50
2011.09.09 10:57:49.382,1.21454,1.21479,2.25,1.50
2011.09.09 10:57:49.868,1.21452,1.21477,1.50,2.25
2011.09.09 10:57:50.482,1.21452,1.21479,1.50,1.50
2011.09.09 10:57:50.730,1.21451,1.21477,1.50,1.50
2011.09.09 10:57:51.098,1.21451,1.21476,1.50,2.25
2011.09.09 10:57:52.025,1.21452,1.21477,1.50,1.50
2011.09.09 10:57:52.389,1.21451,1.21474,1.50,1.50
2011.09.09 10:57:52.763,1.21454,1.21474,1.50,1.50
2011.09.09 10:57:52.893,1.2145,1.21473,1.13,1.50
2011.09.09 10:57:53.136,1.2145,1.2147,1.13,3.00
2011.09.09 10:57:53.378,1.2145,1.21469,1.13,1.50
2011.09.09 10:57:53.626,1.21448,1.21471,2.25,1.50
2011.09.09 10:57:54.586,1.21448,1.21472,2.25,1.88
2011.09.09 10:57:55.468,1.21447,1.21471,1.13,1.50
2011.09.09 10:57:56.403,1.21446,1.21471,2.63,1.50
2011.09.09 10:57:56.980,1.21444,1.2147,2.25,1.50
2011.09.09 10:57:57.694,1.21462,1.21478,1.50,4.50
2011.09.09 10:57:57.818,1.21461,1.21484,1.88,1.50
2011.09.09 10:57:58.070,1.21462,1.21488,2.25,3.00
2011.09.09 10:57:58.195,1.21464,1.21488,1.50,1.50
2011.09.09 10:57:58.319,1.21464,1.21488,1.50,1.50
2011.09.09 10:57:58.446,1.21465,1.2149,1.50,1.50
2011.09.09 10:57:58.807,1.21464,1.21489,1.13,1.50
2011.09.09 10:57:59.052,1.21461,1.21481,1.06,1.18
2011.09.09 10:57:59.182,1.2146,1.21478,1.13,2.25
2011.09.09 10:57:59.308,1.21454,1.21475,1.50,1.50
2011.09.09 10:57:59.440,1.21447,1.21473,1.50,1.50
2011.09.09 10:57:59.570,1.21446,1.21472,2.25,1.50
2011.09.09 10:58:00.165,1.21448,1.21473,1.50,1.50
2011.09.09 10:58:00.298,1.21447,1.21474,2.25,2.25
2011.09.09 10:58:00.429,1.21447,1.21471,1.50,1.50
2011.09.09 10:58:00.797,1.21445,1.21469,1.50,5.25
2011.09.09 10:58:01.640,1.21445,1.21467,1.50,1.50
2011.09.09 10:58:02.513,1.21453,1.21481,1.50,2.25
2011.09.09 10:58:03.122,1.21455,1.21481,3.00,1.50
2011.09.09 10:58:03.258,1.21455,1.21485,1.50,2.25
2011.09.09 10:58:03.396,1.21461,1.21487,1.50,1.50
2011.09.09 10:58:03.758,1.21458,1.21488,1.50,1.50
2011.09.09 10:58:04.737,1.21457,1.21487,1.50,1.50
2011.09.09 10:58:05.098,1.21459,1.21484,1.50,1.13
2011.09.09 10:58:05.349,1.21455,1.21482,1.50,1.50
2011.09.09 10:58:05.593,1.21452,1.21476,2.25,1.50
2011.09.09 10:58:05.955,1.21454,1.21477,1.50,1.50
2011.09.09 10:58:06.077,1.21451,1.21477,2.25,2.25
2011.09.09 10:58:06.196,1.21451,1.21477,2.25,2.25
2011.09.09 10:58:06.442,1.2145,1.21475,1.50,3.00
2011.09.09 10:58:07.099,1.21448,1.21473,1.50,1.88
2011.09.09 10:58:07.469,1.21445,1.21467,1.50,1.13
2011.09.09 10:58:07.599,1.21446,1.2147,1.50,1.13
2011.09.09 10:58:07.726,1.21446,1.2147,1.50,1.88
2011.09.09 10:58:08.325,1.21447,1.21471,1.50,1.88
2011.09.09 10:58:08.927,1.21447,1.21469,1.50,1.13
2011.09.09 10:58:09.562,1.21444,1.21467,1.50,1.13
2011.09.09 10:58:10.170,1.21444,1.21466,1.50,1.50
2011.09.09 10:58:10.778,1.21447,1.21469,1.50,1.13
2011.09.09 10:58:11.255,1.21444,1.21469,1.50,1.88
2011.09.09 10:58:11.483,1.21446,1.21469,1.50,1.88
2011.09.09 10:58:12.445,1.21446,1.21469,1.50,1.88
2011.09.09 10:58:12.808,1.21443,1.21468,1.50,1.50
2011.09.09 10:58:13.419,1.21441,1.21466,2.09,1.50
2011.09.09 10:58:13.669,1.21443,1.21467,1.50,1.25
2011.09.09 10:58:13.801,1.21442,1.21462,1.50,1.18
2011.09.09 10:58:13.929,1.21433,1.21458,1.65,1.50
2011.09.09 10:58:14.178,1.21433,1.21457,1.65,1.50
2011.09.09 10:58:14.872,1.21432,1.21457,1.65,2.25
2011.09.09 10:58:15.249,1.21439,1.21463,1.50,1.88
2011.09.09 10:58:15.855,1.2144,1.21462,1.50,1.50
2011.09.09 10:58:16.339,1.21441,1.21468,3.75,2.63
2011.09.09 10:58:17.280,1.21447,1.21468,1.50,1.13
2011.09.09 10:58:17.418,1.21443,1.21468,1.50,2.63
2011.09.09 10:58:17.790,1.21443,1.21466,1.50,3.00
2011.09.09 10:58:17.920,1.21437,1.21459,1.50,1.13
2011.09.09 10:58:18.519,1.21434,1.21459,1.50,1.88
2011.09.09 10:58:19.128,1.21436,1.21458,1.50,1.50
2011.09.09 10:58:19.763,1.21436,1.21449,1.50,1.13
2011.09.09 10:58:19.900,1.21424,1.21448,1.50,1.13
2011.09.09 10:58:20.508,1.2142,1.21447,1.50,2.25
2011.09.09 10:58:20.639,1.2142,1.21448,2.25,1.88
2011.09.09 10:58:21.246,1.21422,1.21447,1.50,1.50
2011.09.09 10:58:22.403,1.21421,1.21446,1.50,1.50
2011.09.09 10:58:22.533,1.21419,1.21444,1.50,1.50
2011.09.09 10:58:22.783,1.21424,1.21442,1.38,1.50
2011.09.09 10:58:23.029,1.21429,1.21442,1.50,4.50
2011.09.09 10:58:23.280,1.21426,1.2144,1.50,1.50
2011.09.09 10:58:23.887,1.21419,1.2144,1.50,4.50
2011.09.09 10:58:24.701,1.21418,1.2144,1.50,2.25
2011.09.09 10:58:25.079,1.21418,1.21438,1.50,4.50
2011.09.09 10:58:25.214,1.21414,1.21438,1.50,1.50
2011.09.09 10:58:25.816,1.21413,1.21439,2.25,1.50
2011.09.09 10:58:28.427,1.21413,1.21439,3.00,2.25
2011.09.09 10:58:28.546,1.21413,1.21435,1.50,1.50
2011.09.09 10:58:28.908,1.21413,1.21438,1.50,1.50
2011.09.09 10:58:29.922,1.21415,1.21437,1.50,1.50
2011.09.09 10:58:30.055,1.21413,1.21435,2.25,1.50
2011.09.09 10:58:32.245,1.21413,1.21437,2.25,2.25
2011.09.09 10:58:33.034,1.21413,1.21436,1.50,1.50
2011.09.09 10:58:33.157,1.21413,1.21437,1.50,1.50
2011.09.09 10:58:33.276,1.21413,1.21437,1.50,1.50
2011.09.09 10:58:33.635,1.21413,1.21435,2.25,1.50
2011.09.09 10:58:33.758,1.21413,1.21437,3.00,2.25
2011.09.09 10:58:33.890,1.21413,1.21437,3.00,1.50
2011.09.09 10:58:34.375,1.21413,1.21437,3.00,1.50
2011.09.09 10:58:36.398,1.21414,1.21439,1.50,1.50
2011.09.09 10:58:36.988,1.21414,1.21439,1.50,1.50
2011.09.09 10:58:37.477,1.21413,1.21438,1.50,1.50
2011.09.09 10:58:38.489,1.21413,1.21438,2.25,1.50
2011.09.09 10:58:39.098,1.21412,1.21433,1.50,1.50
2011.09.09 10:58:39.350,1.21412,1.21433,1.50,1.50
2011.09.09 10:58:39.954,1.21412,1.21433,1.50,1.50
2011.09.09 10:58:40.075,1.21412,1.21433,1.50,1.50
2011.09.09 10:58:40.435,1.21412,1.21433,1.50,1.50
2011.09.09 10:58:41.649,1.21413,1.21433,1.50,1.50
2011.09.09 10:58:42.449,1.21412,1.21433,1.50,1.50
2011.09.09 10:58:43.040,1.21413,1.21436,1.50,3.00
2011.09.09 10:58:43.164,1.21413,1.21436,1.50,1.50
2011.09.09 10:58:43.286,1.21413,1.21436,1.50,1.50
2011.09.09 10:58:43.528,1.21413,1.21437,1.50,1.50
2011.09.09 10:58:43.663,1.21421,1.21443,1.50,1.63
2011.09.09 10:58:44.268,1.21421,1.21445,1.50,1.50
2011.09.09 10:58:44.411,1.21442,1.21459,1.50,1.93
2011.09.09 10:58:44.990,1.21455,1.21477,1.50,1.50
2011.09.09 10:58:45.123,1.21464,1.21486,1.50,1.50
2011.09.09 10:58:45.605,1.21463,1.21487,1.50,1.63
2011.09.09 10:58:46.205,1.21463,1.21485,1.50,1.50
2011.09.09 10:58:46.554,1.21463,1.21485,1.50,1.50
2011.09.09 10:58:47.625,1.21471,1.21493,2.25,1.63
2011.09.09 10:58:47.872,1.21472,1.21496,1.50,1.63
2011.09.09 10:58:48.116,1.21471,1.21493,1.50,1.50
2011.09.09 10:58:48.236,1.21469,1.21491,1.50,1.50
2011.09.09 10:58:49.603,1.21472,1.21496,1.50,1.50
2011.09.09 10:58:50.101,1.21472,1.21494,1.50,1.50
2011.09.09 10:58:50.349,1.21468,1.2149,1.50,1.50
2011.09.09 10:58:50.958,1.21469,1.21493,1.50,1.50
2011.09.09 10:58:51.209,1.21469,1.21493,1.50,1.50
2011.09.09 10:58:51.903,1.21466,1.21488,1.50,1.50
2011.09.09 10:58:52.267,1.21461,1.21485,1.50,1.50
2011.09.09 10:58:52.638,1.21464,1.21486,1.50,1.50
2011.09.09 10:58:52.774,1.21471,1.21488,5.25,1.50
2011.09.09 10:58:53.135,1.21473,1.21491,1.50,2.98
2011.09.09 10:58:53.262,1.21473,1.21497,1.50,1.63
2011.09.09 10:58:53.395,1.21483,1.21502,1.50,1.18
2011.09.09 10:58:54.055,1.21482,1.21506,1.50,1.63
2011.09.09 10:58:54.181,1.21482,1.21506,1.50,2.68
2011.09.09 10:58:54.303,1.21482,1.21504,1.50,1.63
2011.09.09 10:58:54.903,1.21482,1.21503,2.25,1.48
2011.09.09 10:58:55.494,1.21483,1.21503,1.50,1.48
2011.09.09 10:58:56.601,1.21486,1.21503,1.50,1.35
2011.09.09 10:58:57.351,1.21486,1.21504,1.50,1.48
2011.09.09 10:58:57.475,1.21485,1.21493,1.50,4.50
2011.09.09 10:58:57.840,1.21469,1.21488,1.50,4.50
2011.09.09 10:58:57.971,1.21468,1.21488,1.50,3.75
2011.09.09 10:58:58.607,1.21446,1.2147,1.50,1.50
2011.09.09 10:58:58.730,1.21444,1.21466,1.50,2.25
2011.09.09 10:58:59.208,1.21442,1.21467,2.25,1.50
2011.09.09 10:58:59.697,1.21444,1.21469,1.50,1.50
2011.09.09 10:58:59.816,1.21444,1.21467,1.50,1.50
2011.09.09 10:59:00.275,1.21441,1.21469,2.25,1.50
2011.09.09 10:59:00.523,1.21441,1.21466,1.50,1.50
2011.09.09 10:59:01.128,1.2144,1.21466,1.50,1.50
2011.09.09 10:59:01.258,1.21437,1.21464,1.50,1.50
2011.09.09 10:59:01.747,1.21439,1.21465,2.25,1.50
2011.09.09 10:59:02.334,1.2144,1.21465,1.50,1.50
2011.09.09 10:59:02.698,1.21444,1.2147,1.50,2.25
2011.09.09 10:59:02.836,1.21446,1.21472,1.50,3.00
2011.09.09 10:59:03.446,1.21444,1.21472,3.75,3.00
2011.09.09 10:59:03.745,1.21437,1.21459,1.50,3.00
2011.09.09 10:59:04.106,1.21433,1.21458,1.50,2.25
2011.09.09 10:59:04.706,1.21432,1.21455,1.50,1.50
2011.09.09 10:59:05.186,1.21433,1.21457,1.50,2.25
2011.09.09 10:59:05.951,1.21433,1.21457,1.50,1.50
2011.09.09 10:59:06.436,1.21424,1.21449,1.50,1.50
2011.09.09 10:59:06.663,1.21428,1.21452,1.50,1.50
2011.09.09 10:59:07.261,1.21426,1.2145,1.50,2.25
2011.09.09 10:59:07.387,1.21426,1.2145,1.50,2.25
2011.09.09 10:59:07.507,1.21422,1.21446,1.50,1.50
2011.09.09 10:59:07.864,1.21423,1.21447,1.50,1.50
2011.09.09 10:59:09.402,1.21423,1.21447,1.50,1.50
2011.09.09 10:59:10.132,1.21422,1.21446,1.50,2.25
2011.09.09 10:59:10.380,1.21417,1.21442,1.50,1.50
2011.09.09 10:59:10.988,1.21418,1.21444,1.50,1.50
2011.09.09 10:59:11.768,1.21423,1.21445,1.50,2.25
2011.09.09 10:59:11.905,1.21422,1.21448,1.50,2.25
2011.09.09 10:59:12.390,1.21423,1.21447,1.50,1.50
2011.09.09 10:59:13.335,1.21424,1.21447,1.50,1.50
2011.09.09 10:59:13.925,1.21424,1.21447,1.50,1.50
2011.09.09 10:59:14.940,1.21421,1.21447,1.50,2.25
2011.09.09 10:59:15.199,1.21421,1.21447,1.50,1.50
2011.09.09 10:59:17.181,1.21423,1.21447,1.50,1.50
2011.09.09 10:59:17.895,1.21427,1.2145,1.50,2.25
2011.09.09 10:59:18.030,1.21428,1.21453,1.50,1.50
2011.09.09 10:59:18.163,1.21428,1.21453,1.50,1.50
2011.09.09 10:59:18.529,1.21426,1.2145,1.50,1.50
2011.09.09 10:59:18.657,1.21427,1.21453,1.50,2.25
2011.09.09 10:59:19.141,1.21428,1.21453,2.25,1.50
2011.09.09 10:59:19.395,1.2143,1.21454,1.50,1.50
2011.09.09 10:59:20.094,1.21427,1.21452,1.50,1.50
2011.09.09 10:59:21.385,1.21425,1.2145,1.50,1.50
2011.09.09 10:59:22.426,1.21429,1.21453,1.50,1.50
2011.09.09 10:59:23.273,1.21427,1.21452,1.50,3.00
2011.09.09 10:59:23.397,1.21429,1.21452,1.50,1.50
2011.09.09 10:59:24.736,1.21427,1.21452,1.50,1.50
2011.09.09 10:59:25.268,1.21427,1.21452,1.50,1.50
2011.09.09 10:59:26.152,1.21427,1.21451,1.50,1.50
2011.09.09 10:59:26.283,1.21427,1.21451,1.50,1.50
2011.09.09 10:59:27.470,1.21426,1.2145,1.50,1.50
2011.09.09 10:59:27.843,1.21424,1.21449,1.50,2.25
2011.09.09 10:59:28.860,1.21424,1.21446,1.50,1.13
2011.09.09 10:59:28.999,1.21415,1.2144,1.50,1.50
2011.09.09 10:59:29.126,1.21413,1.2144,1.50,3.00
2011.09.09 10:59:29.369,1.21415,1.21437,1.50,1.50
2011.09.09 10:59:29.974,1.21414,1.21439,1.50,1.50
2011.09.09 10:59:30.696,1.21414,1.21439,1.50,1.50
2011.09.09 10:59:30.933,1.21416,1.21441,1.50,2.25
2011.09.09 10:59:31.965,1.21415,1.21439,1.50,1.50
2011.09.09 10:59:32.098,1.21418,1.21442,1.50,1.50
2011.09.09 10:59:32.233,1.21421,1.21444,1.50,1.50
2011.09.09 10:59:32.357,1.21421,1.21445,1.50,1.50
2011.09.09 10:59:32.839,1.21422,1.21443,1.50,1.50
2011.09.09 10:59:33.804,1.21421,1.21444,2.25,1.50
2011.09.09 10:59:38.816,1.21422,1.21444,1.50,1.50
2011.09.09 10:59:39.421,1.21421,1.21445,2.25,2.25
2011.09.09 10:59:39.787,1.21424,1.21448,1.50,1.50
2011.09.09 10:59:40.143,1.21422,1.21446,1.50,1.50
2011.09.09 10:59:41.055,1.21423,1.21448,1.50,1.18
2011.09.09 10:59:41.189,1.21427,1.2145,1.50,1.18
2011.09.09 10:59:41.789,1.21427,1.21449,1.50,1.18
2011.09.09 10:59:42.042,1.21427,1.21449,1.50,1.18
2011.09.09 10:59:42.286,1.21426,1.21449,1.50,2.68
2011.09.09 10:59:42.645,1.21427,1.21449,1.50,1.18
2011.09.09 10:59:43.266,1.21427,1.21447,1.50,1.50
2011.09.09 10:59:43.403,1.21427,1.21449,1.50,1.18
2011.09.09 10:59:43.529,1.21427,1.2145,1.50,1.93
2011.09.09 10:59:43.662,1.21425,1.21449,1.50,1.18
2011.09.09 10:59:43.910,1.21424,1.21448,1.50,2.25
2011.09.09 10:59:45.394,1.21424,1.21448,1.50,1.50
2011.09.09 10:59:45.879,1.21425,1.21448,1.50,1.93
2011.09.09 10:59:46.947,1.21427,1.21449,1.50,1.18
2011.09.09 10:59:48.216,1.21427,1.21449,1.50,1.93
2011.09.09 10:59:48.342,1.21427,1.21449,1.50,1.93
2011.09.09 10:59:48.578,1.21428,1.21451,1.50,2.25
2011.09.09 10:59:48.710,1.21428,1.21451,1.50,1.18
2011.09.09 10:59:48.945,1.21428,1.21452,1.50,6.00
2011.09.09 10:59:49.185,1.21427,1.21451,1.50,3.00
2011.09.09 10:59:49.889,1.21427,1.21449,1.50,1.50
2011.09.09 10:59:50.710,1.21426,1.21443,1.50,1.13
2011.09.09 10:59:51.074,1.21426,1.21443,1.50,1.88
2011.09.09 10:59:53.180,1.21419,1.21443,1.50,2.25
2011.09.09 10:59:53.670,1.21416,1.21441,1.50,1.18
2011.09.09 10:59:54.037,1.21412,1.21437,1.50,1.50
2011.09.09 10:59:54.398,1.21415,1.2144,1.50,1.88
2011.09.09 10:59:54.753,1.21415,1.21439,2.25,1.88
2011.09.09 10:59:54.876,1.21418,1.21439,1.50,1.13
2011.09.09 10:59:55.585,1.21414,1.21438,1.50,1.50
2011.09.09 10:59:56.189,1.21418,1.21439,1.50,1.50
2011.09.09 10:59:56.798,1.21418,1.21441,1.50,1.50
2011.09.09 10:59:58.595,1.21416,1.21441,1.50,1.50
2011.09.09 10:59:58.716,1.21419,1.21444,1.50,2.25
2011.09.09 10:59:59.078,1.21417,1.21444,1.50,3.75
2011.09.09 10:59:59.674,1.21414,1.2144,1.50,1.50
