2015.08.26 22:00:00.083,1.07934,1.07973,0.75,0.75
2015.08.26 22:00:00.591,1.07935,1.07974,0.75,0.75
2015.08.26 22:00:01.117,1.07934,1.07973,0.75,0.75
2015.08.26 22:00:01.631,1.07935,1.07974,0.75,0.75
2015.08.26 22:00:02.847,1.07936,1.07975,0.75,0.75
2015.08.26 22:00:03.386,1.07935,1.07974,0.75,0.75
2015.08.26 22:00:04.797,1.07934,1.07973,0.75,0.75
2015.08.26 22:00:05.807,1.07931,1.0797,0.75,0.75
2015.08.26 22:00:06.264,1.07933,1.07972,0.75,0.75
2015.08.26 22:00:06.772,1.07932,1.07971,0.75,0.75
2015.08.26 22:00:07.427,1.07931,1.0797,0.75,0.75
2015.08.26 22:00:07.734,1.07937,1.07972,0.37,0.75
2015.08.26 22:00:07.785,1.07937,1.07975,0.37,0.75
2015.08.26 22:00:07.887,1.07939,1.07978,0.75,0.75
2015.08.26 22:00:08.090,1.07941,1.0798,0.75,0.75
2015.08.26 22:00:08.407,1.07939,1.07978,0.75,0.75
2015.08.26 22:00:10.185,1.07938,1.07977,0.75,0.75
2015.08.26 22:00:11.106,1.07939,1.07978,0.75,0.75
2015.08.26 22:00:11.614,1.07938,1.07977,0.75,0.75
2015.08.26 22:00:13.148,1.07939,1.07978,0.75,0.75
2015.08.26 22:00:14.189,1.07943,1.07982,0.75,0.75
2015.08.26 22:00:15.140,1.07939,1.07978,0.75,0.75
2015.08.26 22:00:15.688,1.07938,1.07977,0.75,0.75
2015.08.26 22:00:16.230,1.07937,1.07976,0.75,0.75
2015.08.26 22:00:16.803,1.07936,1.07975,0.75,0.75
2015.08.26 22:00:18.585,1.07938,1.07977,0.75,0.75
2015.08.26 22:00:19.092,1.07939,1.07978,0.75,0.75
2015.08.26 22:00:19.396,1.07932,1.07971,0.75,0.75
2015.08.26 22:00:19.764,1.0793,1.07969,0.75,0.75
2015.08.26 22:00:20.293,1.07931,1.0797,0.75,0.75
2015.08.26 22:00:20.825,1.0793,1.07969,0.75,0.75
2015.08.26 22:00:21.374,1.07929,1.07968,2.25,0.75
2015.08.26 22:00:22.077,1.07931,1.0797,0.75,0.75
2015.08.26 22:00:22.383,1.0793,1.07968,0.75,0.75
2015.08.26 22:00:22.688,1.07949,1.07987,0.75,0.75
2015.08.26 22:00:22.739,1.0795,1.07989,0.75,0.75
2015.08.26 22:00:22.964,1.07946,1.07985,0.75,0.75
2015.08.26 22:00:23.270,1.07944,1.07983,0.75,0.75
2015.08.26 22:00:23.727,1.07941,1.0798,0.75,0.75
2015.08.26 22:00:24.032,1.07935,1.07974,1.50,0.75
2015.08.26 22:00:24.547,1.07935,1.07973,0.75,0.75
2015.08.26 22:00:25.057,1.07935,1.07971,0.75,0.75
2015.08.26 22:00:25.274,1.07935,1.07973,0.75,0.75
2015.08.26 22:00:27.228,1.07935,1.07971,0.75,0.75
2015.08.26 22:00:28.175,1.07932,1.07971,0.75,0.75
2015.08.26 22:00:28.703,1.07935,1.07974,0.75,0.75
2015.08.26 22:00:29.236,1.07934,1.07973,0.75,0.75
2015.08.26 22:00:30.245,1.07935,1.07974,0.75,0.75
2015.08.26 22:00:30.886,1.07934,1.07973,0.75,0.75
2015.08.26 22:00:32.112,1.07933,1.07972,0.75,0.75
2015.08.26 22:00:32.623,1.07934,1.07973,0.75,0.75
2015.08.26 22:00:33.450,1.07933,1.07972,0.75,0.75
2015.08.26 22:00:33.972,1.07932,1.07971,0.75,0.75
2015.08.26 22:00:34.744,1.07934,1.07973,0.75,0.75
2015.08.26 22:00:37.724,1.07935,1.07974,0.75,0.75
2015.08.26 22:00:39.588,1.07937,1.07974,0.75,0.75
2015.08.26 22:00:39.691,1.07938,1.07977,0.75,0.75
2015.08.26 22:00:39.792,1.07941,1.0798,0.75,1.12
2015.08.26 22:00:40.302,1.0794,1.07979,0.75,0.75
2015.08.26 22:00:40.919,1.07937,1.07976,1.50,0.75
2015.08.26 22:00:41.437,1.07938,1.07977,0.75,0.75
2015.08.26 22:00:42.458,1.07939,1.07978,0.75,0.75
2015.08.26 22:00:43.875,1.0794,1.07979,0.75,0.75
2015.08.26 22:00:44.281,1.07942,1.07981,0.75,0.75
2015.08.26 22:00:44.812,1.07943,1.07982,0.75,0.75
2015.08.26 22:00:45.358,1.07942,1.07981,0.75,0.75
2015.08.26 22:00:45.865,1.07944,1.07983,0.75,0.75
2015.08.26 22:00:46.613,1.07943,1.07982,0.75,0.75
2015.08.26 22:00:47.360,1.07944,1.07983,0.75,0.75
2015.08.26 22:00:48.720,1.07943,1.07982,0.75,0.75
2015.08.26 22:00:49.024,1.07946,1.07985,0.75,0.75
2015.08.26 22:00:49.380,1.07949,1.07988,0.75,0.75
2015.08.26 22:00:49.687,1.07951,1.0799,0.75,0.75
2015.08.26 22:00:50.195,1.07952,1.07991,0.75,0.75
2015.08.26 22:00:51.329,1.07954,1.07993,0.75,0.75
2015.08.26 22:00:51.888,1.0795,1.07989,0.75,0.75
2015.08.26 22:00:52.244,1.07947,1.07986,1.12,0.75
2015.08.26 22:00:52.768,1.07948,1.07987,0.75,0.75
2015.08.26 22:00:53.297,1.07949,1.07988,0.75,0.75
2015.08.26 22:00:53.818,1.07948,1.07987,0.75,0.75
2015.08.26 22:00:54.344,1.07947,1.07986,0.75,0.75
2015.08.26 22:00:55.292,1.07949,1.07988,0.75,0.75
2015.08.26 22:00:55.619,1.07951,1.0799,0.75,0.75
2015.08.26 22:00:56.191,1.07952,1.07991,0.75,0.75
2015.08.26 22:00:56.773,1.07951,1.0799,0.75,0.75
2015.08.26 22:00:57.282,1.0795,1.07989,0.75,0.75
2015.08.26 22:00:57.586,1.07955,1.07994,0.75,0.75
2015.08.26 22:00:58.116,1.07956,1.07995,0.75,0.75
2015.08.26 22:00:58.626,1.07957,1.07996,0.75,0.75
2015.08.26 22:00:59.134,1.07956,1.07995,0.75,0.75
2015.08.26 22:01:00.775,1.07955,1.07994,0.75,0.75
2015.08.26 22:01:01.101,1.07953,1.07992,0.75,0.75
2015.08.26 22:01:01.456,1.07951,1.0799,0.75,0.75
2015.08.26 22:01:01.762,1.07947,1.07974,1.12,0.37
2015.08.26 22:01:01.914,1.07941,1.0798,0.75,0.75
2015.08.26 22:01:02.215,1.07939,1.07978,0.75,0.75
2015.08.26 22:01:02.676,1.07941,1.0798,0.75,0.75
2015.08.26 22:01:02.987,1.07946,1.07972,0.37,0.37
2015.08.26 22:01:03.529,1.07945,1.07971,0.37,0.37
2015.08.26 22:01:03.942,1.07943,1.0797,0.37,0.37
2015.08.26 22:01:04.145,1.07942,1.07967,0.37,0.37
2015.08.26 22:01:04.247,1.0794,1.07966,1.12,0.37
2015.08.26 22:01:04.723,1.07942,1.07967,0.37,0.37
2015.08.26 22:01:05.139,1.0794,1.07966,0.37,0.37
2015.08.26 22:01:05.241,1.07938,1.0796,0.75,0.37
2015.08.26 22:01:05.292,1.07935,1.0796,0.37,0.37
2015.08.26 22:01:05.445,1.07933,1.07959,0.37,0.37
2015.08.26 22:01:06.040,1.07932,1.07958,0.37,0.37
2015.08.26 22:01:06.548,1.07931,1.07957,0.37,0.37
2015.08.26 22:01:06.650,1.07933,1.07959,0.37,0.37
2015.08.26 22:01:07.188,1.07934,1.07959,0.37,0.37
2015.08.26 22:01:07.412,1.07937,1.07963,0.37,0.37
2015.08.26 22:01:08.788,1.07936,1.07961,0.37,0.37
2015.08.26 22:01:08.941,1.07936,1.07964,0.37,0.37
2015.08.26 22:01:09.550,1.07937,1.07963,0.37,0.37
2015.08.26 22:01:10.051,1.07937,1.07962,0.37,0.37
2015.08.26 22:01:10.559,1.07938,1.07963,0.37,0.37
2015.08.26 22:01:11.339,1.07936,1.07962,0.37,0.37
2015.08.26 22:01:12.186,1.07935,1.07961,0.37,0.37
2015.08.26 22:01:12.693,1.07933,1.07959,0.37,0.37
2015.08.26 22:01:13.194,1.07934,1.0796,0.37,0.37
2015.08.26 22:01:13.600,1.07936,1.07961,0.37,0.37
2015.08.26 22:01:14.134,1.07937,1.07962,0.37,0.37
2015.08.26 22:01:14.185,1.07935,1.07961,0.37,0.37
2015.08.26 22:01:14.998,1.07937,1.07963,0.37,0.37
2015.08.26 22:01:15.989,1.07938,1.07964,0.37,0.37
2015.08.26 22:01:16.294,1.07937,1.07962,0.37,0.37
2015.08.26 22:01:17.015,1.07937,1.07964,0.37,0.37
2015.08.26 22:01:17.539,1.07938,1.07964,0.37,0.37
2015.08.26 22:01:18.221,1.07937,1.07963,0.37,0.37
2015.08.26 22:01:18.713,1.07936,1.07961,0.37,0.37
2015.08.26 22:01:19.220,1.07937,1.07962,0.37,0.37
2015.08.26 22:01:19.525,1.07938,1.07964,0.37,0.37
2015.08.26 22:01:20.062,1.07939,1.07965,0.37,0.37
2015.08.26 22:01:20.113,1.07938,1.07963,0.37,0.37
2015.08.26 22:01:20.621,1.07939,1.07965,0.37,0.37
2015.08.26 22:01:21.412,1.07938,1.07963,0.37,0.37
2015.08.26 22:01:21.725,1.07936,1.07962,0.37,0.37
2015.08.26 22:01:21.827,1.07935,1.07965,0.37,0.37
2015.08.26 22:01:22.031,1.07938,1.07968,0.37,0.37
2015.08.26 22:01:22.539,1.0794,1.0797,0.37,0.37
2015.08.26 22:01:23.347,1.07941,1.07971,0.37,0.37
2015.08.26 22:01:23.753,1.07943,1.07973,0.37,0.37
2015.08.26 22:01:24.058,1.07939,1.07966,0.75,0.37
2015.08.26 22:01:24.187,1.07936,1.07966,1.12,0.37
2015.08.26 22:01:24.238,1.07936,1.07963,0.75,0.37
2015.08.26 22:01:24.340,1.07936,1.07966,0.37,0.37
2015.08.26 22:01:24.848,1.07936,1.07965,1.12,0.37
2015.08.26 22:01:25.355,1.07937,1.07967,0.37,0.37
2015.08.26 22:01:25.863,1.07936,1.07965,0.37,0.37
2015.08.26 22:01:25.966,1.07938,1.07968,0.37,0.37
2015.08.26 22:01:26.643,1.0794,1.0797,0.37,0.37
2015.08.26 22:01:27.157,1.0794,1.07969,1.12,0.37
2015.08.26 22:01:27.665,1.07941,1.0797,0.37,0.37
2015.08.26 22:01:28.172,1.07946,1.07975,0.37,0.37
2015.08.26 22:01:29.162,1.07944,1.07975,0.37,0.37
2015.08.26 22:01:29.264,1.07942,1.07973,0.37,0.37
2015.08.26 22:01:29.670,1.07943,1.07975,0.37,0.37
2015.08.26 22:01:29.849,1.07943,1.0797,0.37,0.37
2015.08.26 22:01:30.155,1.07947,1.07974,0.37,0.37
2015.08.26 22:01:30.258,1.07946,1.07978,0.37,0.37
2015.08.26 22:01:30.766,1.07948,1.0798,0.37,0.37
2015.08.26 22:01:31.095,1.07951,1.07983,0.37,0.37
2015.08.26 22:01:31.400,1.0795,1.07981,0.37,0.37
2015.08.26 22:01:31.912,1.07951,1.07982,0.37,0.37
2015.08.26 22:01:32.245,1.07953,1.07984,0.37,0.37
2015.08.26 22:01:32.810,1.07952,1.07983,0.37,0.37
2015.08.26 22:01:36.485,1.07953,1.07984,0.37,0.37
2015.08.26 22:01:37.787,1.07955,1.07986,0.37,0.37
2015.08.26 22:01:38.587,1.07951,1.07981,0.75,0.37
2015.08.26 22:01:38.994,1.07952,1.07983,0.37,0.37
2015.08.26 22:01:39.538,1.07953,1.07984,0.37,0.37
2015.08.26 22:01:41.303,1.07955,1.07986,0.37,0.37
2015.08.26 22:01:41.813,1.07957,1.07986,0.37,0.37
2015.08.26 22:01:43.514,1.07957,1.07985,0.37,0.37
2015.08.26 22:01:43.616,1.07955,1.07984,0.37,0.37
2015.08.26 22:01:45.602,1.07956,1.07985,0.37,0.37
2015.08.26 22:01:51.318,1.07958,1.07988,0.37,0.37
2015.08.26 22:01:52.628,1.07957,1.07987,0.37,0.37
2015.08.26 22:01:53.326,1.07958,1.07988,0.37,0.37
2015.08.26 22:01:53.428,1.07957,1.07986,0.37,0.37
2015.08.26 22:01:53.959,1.07956,1.07985,0.37,0.37
2015.08.26 22:01:59.463,1.07954,1.07983,0.37,0.37
2015.08.26 22:01:59.667,1.07951,1.0799,0.75,0.75
2015.08.26 22:01:59.994,1.07948,1.07987,0.75,0.75
2015.08.26 22:02:00.298,1.07937,1.07976,0.75,0.75
2015.08.26 22:02:00.603,1.07936,1.07973,0.37,0.75
2015.08.26 22:02:00.958,1.07933,1.07972,1.50,0.75
2015.08.26 22:02:01.481,1.07933,1.07971,0.75,0.75
2015.08.26 22:02:01.992,1.07934,1.07971,0.75,0.75
2015.08.26 22:02:02.501,1.07935,1.0797,0.75,0.75
2015.08.26 22:02:03.218,1.07934,1.0797,0.75,0.37
2015.08.26 22:02:07.614,1.07935,1.0797,0.75,0.37
2015.08.26 22:02:08.370,1.07935,1.07969,0.75,0.37
2015.08.26 22:02:09.083,1.07936,1.07969,0.75,0.37
2015.08.26 22:02:10.900,1.07936,1.07968,0.75,0.37
2015.08.26 22:02:11.457,1.07935,1.07968,0.75,0.37
2015.08.26 22:02:13.271,1.07938,1.07968,0.75,0.37
2015.08.26 22:02:13.781,1.07937,1.07968,0.75,0.37
2015.08.26 22:02:18.305,1.07937,1.07966,0.75,0.37
2015.08.26 22:02:18.865,1.07936,1.07966,0.75,0.37
2015.08.26 22:02:18.967,1.07934,1.07965,0.75,0.37
2015.08.26 22:02:19.018,1.07934,1.07967,0.75,0.37
2015.08.26 22:02:19.120,1.07936,1.07966,0.75,0.37
2015.08.26 22:02:19.674,1.07934,1.07966,0.75,0.37
2015.08.26 22:02:19.777,1.07936,1.07966,0.75,0.37
2015.08.26 22:02:19.879,1.07934,1.07966,0.75,0.37
2015.08.26 22:02:19.980,1.07936,1.07966,0.75,0.37
2015.08.26 22:02:20.336,1.07934,1.07966,0.75,0.37
2015.08.26 22:02:20.980,1.07935,1.07966,0.75,0.37
2015.08.26 22:02:21.292,1.07937,1.07965,0.75,0.37
2015.08.26 22:02:21.828,1.07936,1.07965,0.75,0.37
2015.08.26 22:02:21.981,1.07934,1.07965,0.75,0.37
2015.08.26 22:02:22.184,1.07936,1.07966,0.75,0.37
2015.08.26 22:02:22.713,1.07937,1.07965,0.75,0.37
2015.08.26 22:02:22.967,1.07934,1.07965,0.75,0.37
2015.08.26 22:02:23.627,1.07933,1.07965,0.75,0.37
2015.08.26 22:02:23.729,1.07935,1.07965,0.75,0.37
2015.08.26 22:02:23.921,1.07933,1.07966,0.75,0.75
2015.08.26 22:02:24.074,1.07935,1.07966,0.75,0.75
2015.08.26 22:02:24.276,1.07933,1.07967,0.75,0.75
2015.08.26 22:02:24.378,1.07935,1.07967,0.75,0.75
2015.08.26 22:02:24.921,1.07933,1.07966,0.75,0.37
2015.08.26 22:02:25.024,1.07935,1.07966,0.75,0.37
2015.08.26 22:02:25.548,1.07935,1.07967,0.75,1.12
2015.08.26 22:02:27.610,1.07935,1.07968,0.75,0.75
2015.08.26 22:02:28.122,1.07935,1.07969,0.75,0.75
2015.08.26 22:02:31.087,1.07936,1.07969,0.75,0.75
2015.08.26 22:02:34.345,1.07936,1.07963,0.75,0.37
2015.08.26 22:02:34.447,1.07936,1.07971,0.75,0.37
2015.08.26 22:02:34.650,1.07935,1.07969,0.75,0.75
2015.08.26 22:02:34.956,1.07935,1.07966,0.75,0.75
2015.08.26 22:02:35.260,1.07926,1.07965,0.75,0.75
2015.08.26 22:02:35.412,1.07923,1.07962,0.75,0.75
2015.08.26 22:02:35.766,1.07921,1.0796,0.75,0.75
2015.08.26 22:02:36.272,1.0792,1.07959,0.75,0.75
2015.08.26 22:02:36.932,1.0792,1.07958,0.75,0.37
2015.08.26 22:02:37.279,1.0792,1.07946,0.75,0.37
2015.08.26 22:02:37.890,1.0792,1.07945,0.75,0.37
2015.08.26 22:02:38.092,1.07911,1.07945,0.75,0.37
2015.08.26 22:02:38.144,1.07912,1.07936,0.75,0.75
2015.08.26 22:02:38.246,1.07897,1.07929,0.22,1.12
2015.08.26 22:02:38.347,1.07897,1.07925,0.22,0.75
2015.08.26 22:02:38.544,1.07895,1.07929,0.75,0.37
2015.08.26 22:02:38.596,1.07898,1.07937,0.75,0.75
2015.08.26 22:02:39.054,1.07901,1.0794,0.75,0.75
2015.08.26 22:02:39.359,1.07903,1.07942,0.75,0.75
2015.08.26 22:02:39.867,1.07904,1.07943,0.75,0.75
2015.08.26 22:02:40.171,1.07906,1.07945,0.75,0.75
2015.08.26 22:02:41.002,1.07906,1.07943,0.75,0.37
2015.08.26 22:02:41.478,1.07906,1.0794,0.75,0.37
2015.08.26 22:02:41.885,1.07906,1.07945,0.75,0.75
2015.08.26 22:02:41.986,1.07906,1.07941,0.75,0.37
2015.08.26 22:02:46.312,1.07905,1.07941,0.75,0.37
2015.08.26 22:02:46.635,1.07907,1.07941,0.75,0.37
2015.08.26 22:02:55.407,1.07906,1.07941,0.75,0.37
2015.08.26 22:02:55.829,1.07907,1.07938,0.75,0.37
2015.08.26 22:02:56.344,1.07908,1.07938,0.75,0.37
2015.08.26 22:02:57.394,1.07905,1.07938,0.75,0.37
2015.08.26 22:02:57.914,1.07905,1.07937,0.75,0.37
2015.08.26 22:03:02.253,1.07906,1.07937,0.75,0.37
2015.08.26 22:03:02.887,1.07907,1.07937,0.75,0.37
2015.08.26 22:03:03.445,1.07909,1.07937,0.75,0.37
2015.08.26 22:03:03.650,1.07908,1.07941,0.75,0.37
2015.08.26 22:03:03.752,1.07908,1.07936,0.75,0.37
2015.08.26 22:03:04.056,1.0791,1.07936,0.75,0.37
2015.08.26 22:03:04.580,1.07909,1.07936,0.75,0.37
2015.08.26 22:03:05.087,1.0791,1.07936,0.75,0.37
2015.08.26 22:03:05.594,1.07911,1.07936,0.75,0.37
2015.08.26 22:03:06.121,1.07912,1.07936,0.75,0.37
2015.08.26 22:03:06.849,1.07913,1.07936,0.75,0.37
2015.08.26 22:03:07.407,1.07914,1.07936,0.75,0.37
2015.08.26 22:03:07.864,1.07912,1.07936,0.75,0.37
2015.08.26 22:03:08.371,1.07913,1.0794,0.75,0.37
2015.08.26 22:03:08.675,1.07913,1.07942,0.75,0.37
2015.08.26 22:03:09.254,1.07914,1.07942,0.75,0.37
2015.08.26 22:03:09.785,1.07915,1.07942,0.75,0.37
2015.08.26 22:03:10.475,1.07914,1.07942,0.75,0.37
2015.08.26 22:03:14.872,1.07915,1.07942,0.75,0.37
2015.08.26 22:03:14.974,1.07913,1.07942,0.75,0.37
2015.08.26 22:03:15.335,1.07915,1.07942,0.75,0.37
2015.08.26 22:03:15.793,1.07913,1.07942,0.75,0.37
2015.08.26 22:03:16.196,1.07913,1.07944,0.75,0.37
2015.08.26 22:03:16.705,1.07913,1.07943,0.75,0.37
2015.08.26 22:03:17.112,1.07911,1.07941,0.75,0.37
2015.08.26 22:03:17.215,1.07911,1.07943,0.75,0.37
2015.08.26 22:03:17.633,1.07914,1.07944,0.75,0.37
2015.08.26 22:03:17.734,1.07909,1.07944,0.75,0.37
2015.08.26 22:03:18.039,1.07909,1.07946,0.75,0.37
2015.08.26 22:03:18.091,1.07915,1.07948,0.75,0.37
2015.08.26 22:03:18.193,1.07911,1.07945,0.75,0.37
2015.08.26 22:03:18.295,1.07916,1.07955,0.75,0.75
2015.08.26 22:03:18.346,1.07916,1.07951,0.75,0.75
2015.08.26 22:03:18.606,1.07914,1.07951,0.75,0.75
2015.08.26 22:03:18.759,1.07911,1.0795,0.75,0.75
2015.08.26 22:03:18.963,1.07917,1.07951,0.75,0.75
2015.08.26 22:03:19.167,1.07914,1.07951,0.75,0.75
2015.08.26 22:03:19.319,1.07914,1.07948,0.75,0.75
2015.08.26 22:03:19.421,1.07914,1.0795,0.75,0.37
2015.08.26 22:03:19.523,1.07917,1.07952,0.75,0.75
2015.08.26 22:03:19.574,1.07917,1.07954,0.75,0.37
2015.08.26 22:03:19.725,1.07916,1.07946,0.75,0.75
2015.08.26 22:03:19.827,1.07911,1.07946,0.75,0.75
2015.08.26 22:03:20.284,1.07908,1.07946,0.75,0.75
2015.08.26 22:03:20.841,1.07909,1.07946,0.75,0.75
2015.08.26 22:03:21.021,1.07907,1.07946,0.75,1.50
2015.08.26 22:03:21.581,1.07908,1.07946,0.75,0.75
2015.08.26 22:03:21.632,1.07908,1.07939,0.75,0.37
2015.08.26 22:03:22.502,1.07909,1.07939,0.75,0.37
2015.08.26 22:03:23.037,1.0791,1.07939,0.75,0.37
2015.08.26 22:03:24.150,1.07911,1.07939,0.75,0.37
2015.08.26 22:03:24.252,1.07909,1.07939,0.75,0.37
2015.08.26 22:03:24.762,1.07908,1.07939,0.75,0.37
2015.08.26 22:03:25.017,1.0791,1.07939,0.75,0.37
2015.08.26 22:03:25.682,1.07911,1.07939,0.75,0.37
2015.08.26 22:03:26.097,1.07913,1.07939,0.75,0.37
2015.08.26 22:03:26.199,1.07911,1.07939,0.75,0.37
2015.08.26 22:03:26.663,1.07913,1.07939,0.75,0.37
2015.08.26 22:03:27.642,1.07913,1.07941,0.75,0.37
2015.08.26 22:03:28.169,1.07912,1.07941,0.75,0.37
2015.08.26 22:03:28.676,1.07913,1.07941,0.75,0.37
2015.08.26 22:03:28.727,1.07911,1.07941,0.75,0.37
2015.08.26 22:03:33.264,1.0791,1.07941,0.75,0.37
2015.08.26 22:03:33.467,1.07912,1.07941,0.75,0.37
2015.08.26 22:03:34.000,1.07913,1.07941,0.75,0.37
2015.08.26 22:03:34.566,1.07913,1.07942,0.75,0.37
2015.08.26 22:03:37.566,1.07913,1.07941,0.75,0.37
2015.08.26 22:03:37.668,1.07911,1.07945,0.75,0.37
2015.08.26 22:03:37.872,1.07916,1.0795,0.75,0.37
2015.08.26 22:03:38.177,1.07917,1.07945,0.75,0.37
2015.08.26 22:03:38.228,1.07911,1.07945,0.75,0.37
2015.08.26 22:03:38.279,1.07911,1.07941,0.75,0.37
2015.08.26 22:03:38.381,1.07911,1.07943,0.75,0.37
2015.08.26 22:03:38.483,1.07911,1.0795,0.75,0.75
2015.08.26 22:03:38.608,1.07915,1.07954,0.75,0.75
2015.08.26 22:03:38.965,1.07917,1.07956,0.75,0.75
2015.08.26 22:03:39.270,1.0791,1.07949,0.75,0.75
2015.08.26 22:03:39.575,1.07915,1.07954,0.75,0.75
2015.08.26 22:03:40.082,1.07916,1.07955,0.75,0.75
2015.08.26 22:03:40.590,1.07916,1.07954,0.75,0.37
2015.08.26 22:03:40.743,1.07919,1.07958,0.75,0.75
2015.08.26 22:03:40.825,1.07919,1.07955,0.75,0.37
2015.08.26 22:03:40.877,1.07915,1.07954,0.75,0.75
2015.08.26 22:03:41.182,1.07918,1.07957,0.75,0.75
2015.08.26 22:03:41.486,1.07905,1.07944,0.75,0.75
2015.08.26 22:03:41.791,1.07908,1.07947,0.75,0.75
2015.08.26 22:03:42.173,1.07906,1.07945,0.75,0.75
2015.08.26 22:03:42.680,1.07907,1.07946,0.75,0.75
2015.08.26 22:03:43.189,1.07907,1.07945,0.75,0.37
2015.08.26 22:03:43.529,1.0791,1.07945,0.75,0.37
2015.08.26 22:03:43.935,1.07912,1.07946,0.75,0.37
2015.08.26 22:03:44.139,1.07915,1.07954,0.75,0.75
2015.08.26 22:03:44.240,1.07918,1.07952,0.75,0.37
2015.08.26 22:03:44.546,1.07916,1.07947,0.75,0.37
2015.08.26 22:03:45.073,1.07916,1.07946,0.75,0.37
2015.08.26 22:03:45.586,1.07914,1.07946,0.75,0.37
2015.08.26 22:03:46.093,1.07915,1.07946,0.75,0.37
2015.08.26 22:03:46.666,1.07916,1.07946,0.75,0.37
2015.08.26 22:03:47.328,1.07913,1.07946,0.75,0.37
2015.08.26 22:03:47.879,1.07914,1.07946,0.75,0.37
2015.08.26 22:03:48.388,1.07913,1.07946,0.75,0.37
2015.08.26 22:03:49.005,1.07914,1.07946,0.75,0.37
2015.08.26 22:03:49.515,1.07915,1.07946,0.75,0.37
2015.08.26 22:03:50.324,1.07914,1.07946,0.75,0.37
2015.08.26 22:03:50.628,1.07916,1.07946,0.75,0.37
2015.08.26 22:03:51.510,1.07915,1.07946,0.75,0.37
2015.08.26 22:03:52.196,1.07917,1.07946,0.75,0.37
2015.08.26 22:03:52.703,1.07916,1.07946,0.75,0.37
2015.08.26 22:03:53.264,1.07915,1.07946,0.75,0.37
2015.08.26 22:03:53.619,1.07913,1.07946,0.75,0.37
2015.08.26 22:03:54.015,1.07915,1.07946,0.75,0.37
2015.08.26 22:03:54.521,1.07916,1.07946,0.75,0.37
2015.08.26 22:03:55.344,1.07917,1.07946,0.75,0.37
2015.08.26 22:03:55.496,1.07915,1.07946,0.75,0.37
2015.08.26 22:03:55.699,1.07913,1.07946,0.75,0.37
2015.08.26 22:03:56.223,1.07916,1.07946,0.75,0.37
2015.08.26 22:04:00.123,1.07916,1.07947,0.75,0.37
2015.08.26 22:04:00.225,1.0792,1.07955,0.75,0.37
2015.08.26 22:04:00.631,1.07918,1.07954,0.75,0.37
2015.08.26 22:04:01.055,1.07918,1.0795,0.75,0.37
2015.08.26 22:04:01.410,1.0792,1.0795,0.75,0.37
2015.08.26 22:04:01.613,1.07917,1.07948,0.75,0.37
2015.08.26 22:04:01.909,1.07919,1.07948,0.75,0.37
2015.08.26 22:04:02.062,1.07916,1.07948,0.75,0.37
2015.08.26 22:04:02.569,1.07917,1.07956,1.00,1.75
2015.08.26 22:04:03.088,1.07919,1.07958,1.00,1.75
2015.08.26 22:04:03.611,1.07918,1.07957,1.00,1.75
2015.08.26 22:04:03.713,1.07916,1.07955,1.00,1.75
2015.08.26 22:04:04.220,1.07917,1.07956,1.00,1.87
2015.08.26 22:04:04.677,1.07917,1.07955,1.00,1.12
2015.08.26 22:04:04.728,1.07915,1.07954,1.00,1.75
2015.08.26 22:04:05.479,1.07916,1.07955,1.00,1.87
2015.08.26 22:04:05.834,1.07914,1.07953,1.00,1.75
2015.08.26 22:04:06.138,1.07916,1.07955,1.00,1.75
2015.08.26 22:04:09.058,1.07916,1.07955,1.00,1.75
2015.08.26 22:04:09.693,1.07916,1.07955,1.00,1.75
2015.08.26 22:04:10.757,1.07915,1.07953,1.00,1.75
2015.08.26 22:04:11.267,1.07916,1.07955,1.00,1.75
2015.08.26 22:04:11.781,1.07917,1.07956,1.00,2.62
2015.08.26 22:04:13.402,1.07914,1.07953,1.00,1.75
2015.08.26 22:04:13.743,1.07912,1.07951,1.00,1.75
2015.08.26 22:04:13.898,1.07912,1.07951,1.00,1.75
2015.08.26 22:04:14.410,1.0791,1.07949,1.00,1.75
2015.08.26 22:04:14.716,1.07909,1.07948,1.00,1.75
2015.08.26 22:04:15.244,1.0791,1.07949,1.00,1.75
2015.08.26 22:04:15.572,1.0791,1.07948,1.00,1.12
2015.08.26 22:04:15.631,1.07907,1.07946,1.00,1.75
2015.08.26 22:04:16.181,1.07906,1.07945,1.00,1.75
2015.08.26 22:04:16.827,1.07905,1.07944,1.00,1.75
2015.08.26 22:04:17.132,1.07898,1.07926,1.00,1.87
2015.08.26 22:04:17.346,1.07888,1.07927,1.00,2.25
2015.08.26 22:04:17.854,1.07885,1.07924,1.60,1.75
2015.08.26 22:04:18.160,1.07889,1.07926,1.00,1.37
2015.08.26 22:04:18.262,1.07891,1.07927,1.00,1.12
2015.08.26 22:04:18.430,1.07891,1.0793,1.00,2.25
2015.08.26 22:04:18.608,1.07895,1.07934,1.00,1.75
2015.08.26 22:04:19.117,1.07894,1.07933,1.00,1.75
2015.08.26 22:04:19.525,1.07894,1.07928,1.00,1.75
2015.08.26 22:04:19.835,1.07893,1.07926,1.00,1.75
2015.08.26 22:04:19.996,1.07891,1.07925,1.00,1.87
2015.08.26 22:04:20.251,1.07889,1.07925,1.00,1.75
2015.08.26 22:04:20.913,1.07889,1.07922,1.00,1.75
2015.08.26 22:04:21.014,1.07889,1.07922,1.00,1.37
2015.08.26 22:04:21.254,1.07889,1.07922,1.00,1.75
2015.08.26 22:04:21.356,1.07892,1.07926,1.00,1.37
2015.08.26 22:04:21.662,1.0789,1.07927,1.00,1.75
2015.08.26 22:04:22.170,1.07891,1.07927,1.00,1.75
2015.08.26 22:04:22.695,1.0789,1.07926,1.00,1.12
2015.08.26 22:04:24.508,1.07891,1.07926,1.00,1.12
2015.08.26 22:04:24.559,1.07891,1.0793,1.00,2.25
2015.08.26 22:04:24.611,1.07894,1.0793,1.00,1.75
2015.08.26 22:04:25.067,1.07894,1.07931,1.00,1.12
2015.08.26 22:04:25.594,1.07893,1.0793,1.00,1.37
2015.08.26 22:04:26.381,1.07894,1.0793,1.00,1.37
2015.08.26 22:04:26.890,1.07893,1.0793,1.00,1.37
2015.08.26 22:04:27.418,1.07894,1.0793,1.00,1.37
2015.08.26 22:04:27.954,1.07893,1.0793,1.00,1.37
2015.08.26 22:04:30.191,1.07893,1.0793,1.00,1.12
2015.08.26 22:04:30.800,1.07893,1.0793,1.00,1.12
2015.08.26 22:04:32.705,1.07893,1.07929,1.00,1.12
2015.08.26 22:04:35.925,1.07893,1.07927,1.00,1.12
2015.08.26 22:04:35.976,1.0789,1.07924,1.00,1.75
2015.08.26 22:04:36.027,1.0789,1.07923,1.00,1.12
2015.08.26 22:04:36.202,1.07894,1.07931,1.00,1.00
2015.08.26 22:04:36.612,1.07895,1.07933,1.00,1.00
2015.08.26 22:04:36.713,1.07895,1.07931,1.00,1.00
2015.08.26 22:04:37.340,1.07894,1.07933,1.00,1.37
2015.08.26 22:04:37.657,1.07894,1.07929,1.00,1.37
2015.08.26 22:04:40.228,1.07894,1.07931,1.00,1.12
2015.08.26 22:04:40.842,1.07894,1.07931,1.00,1.12
2015.08.26 22:04:44.362,1.07894,1.07932,1.00,1.12
2015.08.26 22:04:44.464,1.07896,1.07933,1.00,1.12
2015.08.26 22:04:44.567,1.07896,1.07934,1.00,1.12
2015.08.26 22:04:44.771,1.07893,1.07932,1.00,2.25
2015.08.26 22:04:44.822,1.07893,1.07932,1.00,2.25
2015.08.26 22:04:45.280,1.07896,1.0793,1.00,1.75
2015.08.26 22:04:45.331,1.07896,1.0793,1.00,1.12
2015.08.26 22:04:45.458,1.07895,1.07932,1.00,1.75
2015.08.26 22:04:45.561,1.07895,1.07932,1.00,1.50
2015.08.26 22:04:45.612,1.07895,1.07932,1.00,1.75
2015.08.26 22:04:46.073,1.07895,1.07933,1.00,1.75
2015.08.26 22:04:46.175,1.07896,1.07934,1.00,2.25
2015.08.26 22:04:46.277,1.07896,1.07934,1.00,2.25
2015.08.26 22:04:46.795,1.07895,1.07932,1.00,1.37
2015.08.26 22:04:46.847,1.07895,1.07932,1.00,1.75
2015.08.26 22:04:47.746,1.07895,1.07931,1.00,1.75
2015.08.26 22:04:48.910,1.07894,1.07931,1.00,1.75
2015.08.26 22:04:49.443,1.07895,1.07931,1.00,1.75
2015.08.26 22:04:50.076,1.07895,1.07933,1.00,1.12
2015.08.26 22:04:50.380,1.07893,1.07925,1.00,1.00
2015.08.26 22:04:50.584,1.07893,1.07927,1.00,1.75
2015.08.26 22:04:50.889,1.07895,1.07929,1.00,1.75
2015.08.26 22:04:51.201,1.07895,1.0793,1.00,1.75
2015.08.26 22:04:51.603,1.07895,1.07928,1.00,1.12
2015.08.26 22:04:53.198,1.07895,1.07929,1.00,1.87
2015.08.26 22:04:53.249,1.07892,1.07928,1.00,1.12
2015.08.26 22:04:53.300,1.07892,1.07925,1.00,1.12
2015.08.26 22:04:53.555,1.0789,1.07925,1.00,1.12
2015.08.26 22:04:53.911,1.07892,1.07925,1.00,1.12
2015.08.26 22:04:54.444,1.07893,1.07926,1.00,1.12
2015.08.26 22:04:58.179,1.07893,1.07928,1.00,1.75
2015.08.26 22:05:00.139,1.07895,1.0793,1.00,1.12
2015.08.26 22:05:00.901,1.07896,1.07933,1.00,2.77
2015.08.26 22:05:01.402,1.07895,1.07932,1.00,1.12
2015.08.26 22:05:02.594,1.07895,1.07932,1.00,1.12
2015.08.26 22:05:03.763,1.07894,1.07931,1.00,1.12
2015.08.26 22:05:04.311,1.07893,1.07927,1.00,1.75
2015.08.26 22:05:04.883,1.07894,1.07927,1.00,1.37
2015.08.26 22:05:14.681,1.07893,1.07927,1.00,1.37
2015.08.26 22:05:15.190,1.07894,1.07927,1.00,1.37
2015.08.26 22:05:15.566,1.07893,1.07927,1.00,1.12
2015.08.26 22:05:16.853,1.07894,1.07927,1.00,1.12
2015.08.26 22:05:17.045,1.0789,1.07927,1.00,1.87
2015.08.26 22:05:17.096,1.07888,1.07926,1.00,1.75
2015.08.26 22:05:17.619,1.07887,1.07924,1.20,1.12
2015.08.26 22:05:17.773,1.07889,1.07924,1.00,1.12
2015.08.26 22:05:19.198,1.07888,1.07924,1.00,1.12
2015.08.26 22:05:24.706,1.07888,1.07923,1.00,1.12
2015.08.26 22:05:24.808,1.07887,1.07923,1.95,1.75
2015.08.26 22:05:24.910,1.0789,1.07922,1.00,1.12
2015.08.26 22:05:25.430,1.07891,1.07925,1.00,1.12
2015.08.26 22:05:25.973,1.0789,1.07925,1.00,1.12
2015.08.26 22:05:26.784,1.0789,1.07925,1.00,1.12
2015.08.26 22:05:26.886,1.07887,1.07927,1.42,2.77
2015.08.26 22:05:28.970,1.07887,1.07925,1.42,1.12
2015.08.26 22:05:29.174,1.07887,1.07925,1.42,1.12
2015.08.26 22:05:35.493,1.07887,1.07925,1.42,1.12
2015.08.26 22:05:36.889,1.07887,1.07926,1.42,1.12
2015.08.26 22:05:37.386,1.07887,1.07928,2.17,1.75
2015.08.26 22:05:38.816,1.07887,1.07926,2.17,1.37
2015.08.26 22:05:48.800,1.07892,1.07926,1.00,1.37
2015.08.26 22:05:51.387,1.07894,1.07926,1.00,1.37
2015.08.26 22:05:51.710,1.07901,1.07935,1.00,1.75
2015.08.26 22:05:51.965,1.079,1.07936,1.00,1.12
2015.08.26 22:05:52.473,1.07899,1.07936,1.00,1.12
2015.08.26 22:05:53.191,1.079,1.07936,1.00,1.00
2015.08.26 22:05:53.698,1.07899,1.07936,1.00,1.00
2015.08.26 22:05:53.952,1.079,1.07938,1.00,1.12
2015.08.26 22:05:54.576,1.07901,1.07938,1.00,1.12
2015.08.26 22:06:00.636,1.07897,1.07936,1.00,1.75
2015.08.26 22:06:00.966,1.07899,1.07936,1.00,1.12
2015.08.26 22:06:01.515,1.079,1.07936,1.00,1.12
2015.08.26 22:06:02.413,1.07898,1.07935,1.00,1.12
2015.08.26 22:06:02.939,1.07899,1.07935,1.00,1.12
2015.08.26 22:06:03.861,1.079,1.07936,1.00,1.87
2015.08.26 22:06:05.626,1.07897,1.07936,1.00,1.87
2015.08.26 22:06:06.167,1.07898,1.07936,1.00,1.12
2015.08.26 22:06:06.268,1.079,1.07936,1.00,1.12
2015.08.26 22:06:06.792,1.07901,1.07937,1.00,1.87
2015.08.26 22:06:07.314,1.079,1.07936,1.00,1.12
2015.08.26 22:06:08.820,1.07901,1.07937,1.00,2.25
2015.08.26 22:06:09.322,1.07899,1.07937,1.00,1.87
2015.08.26 22:06:09.474,1.07899,1.07937,1.00,1.75
2015.08.26 22:06:09.778,1.07901,1.07937,1.00,1.75
2015.08.26 22:06:10.449,1.07902,1.07937,1.00,1.75
2015.08.26 22:06:13.207,1.07902,1.07938,1.00,1.75
2015.08.26 22:06:13.715,1.07902,1.07939,1.00,2.25
2015.08.26 22:06:14.009,1.07902,1.07939,1.00,1.75
2015.08.26 22:06:14.111,1.07901,1.07939,1.00,1.75
2015.08.26 22:06:14.654,1.07902,1.07939,1.00,1.75
2015.08.26 22:06:16.502,1.07901,1.07939,1.00,1.75
2015.08.26 22:06:17.009,1.07902,1.07939,1.00,1.75
2015.08.26 22:06:17.581,1.07903,1.07939,1.00,1.75
2015.08.26 22:06:19.255,1.07903,1.07939,1.00,1.75
2015.08.26 22:06:19.482,1.07901,1.07939,1.00,1.75
2015.08.26 22:06:19.686,1.07903,1.07939,1.00,1.75
2015.08.26 22:06:23.104,1.07905,1.07933,1.00,1.00
2015.08.26 22:06:23.206,1.07905,1.07935,1.00,1.00
2015.08.26 22:06:23.313,1.07907,1.07935,1.00,1.00
2015.08.26 22:06:23.637,1.07907,1.07935,1.00,1.37
2015.08.26 22:06:23.790,1.07907,1.07935,1.00,1.12
2015.08.26 22:06:23.892,1.07906,1.07935,1.00,1.37
2015.08.26 22:06:24.300,1.07908,1.07936,1.00,1.37
2015.08.26 22:06:24.710,1.07908,1.07936,1.00,1.37
2015.08.26 22:06:25.241,1.07909,1.07936,1.00,1.37
2015.08.26 22:06:25.953,1.0791,1.07937,1.00,1.37
2015.08.26 22:06:28.316,1.0791,1.07936,1.00,1.37
2015.08.26 22:06:28.469,1.07908,1.07934,1.00,1.00
2015.08.26 22:06:28.582,1.0791,1.07934,1.00,1.00
2015.08.26 22:06:28.686,1.07909,1.07941,1.00,1.00
2015.08.26 22:06:28.890,1.07909,1.07932,1.00,1.00
2015.08.26 22:06:28.941,1.07906,1.07932,1.00,1.00
2015.08.26 22:06:29.250,1.07904,1.07932,1.00,1.00
2015.08.26 22:06:29.916,1.07903,1.07932,1.00,1.00
2015.08.26 22:06:30.221,1.07901,1.07932,1.00,1.00
2015.08.26 22:06:30.628,1.07901,1.07932,1.00,1.75
2015.08.26 22:06:31.146,1.079,1.0793,1.00,1.50
2015.08.26 22:06:31.518,1.079,1.0793,1.00,1.37
2015.08.26 22:06:31.873,1.07902,1.07931,1.00,1.37
2015.08.26 22:06:35.077,1.079,1.07931,1.00,1.37
2015.08.26 22:06:35.632,1.079,1.07931,1.00,1.37
2015.08.26 22:06:36.846,1.079,1.07931,1.00,1.50
2015.08.26 22:06:38.327,1.079,1.07931,1.00,1.37
2015.08.26 22:06:40.351,1.079,1.07931,1.00,1.37
2015.08.26 22:06:47.840,1.07897,1.07934,1.00,1.75
2015.08.26 22:06:48.043,1.07898,1.07932,1.00,1.37
2015.08.26 22:06:48.196,1.07901,1.07932,1.00,1.37
2015.08.26 22:06:48.500,1.07898,1.0793,1.00,1.37
2015.08.26 22:06:48.857,1.07899,1.0793,1.00,1.00
2015.08.26 22:06:49.010,1.079,1.07932,1.00,1.00
2015.08.26 22:06:49.061,1.07902,1.07932,1.00,1.00
2015.08.26 22:06:49.266,1.07902,1.07934,1.00,1.00
2015.08.26 22:06:49.800,1.07903,1.07934,1.00,1.00
2015.08.26 22:06:50.335,1.07904,1.07934,1.00,1.00
2015.08.26 22:06:50.487,1.07904,1.07934,1.00,1.37
2015.08.26 22:06:51.014,1.07904,1.07933,1.00,1.37
2015.08.26 22:06:51.190,1.07902,1.07933,1.00,1.37
2015.08.26 22:06:51.713,1.07903,1.07932,1.00,1.37
2015.08.26 22:06:52.221,1.07903,1.07932,1.00,1.37
2015.08.26 22:06:52.735,1.07903,1.07932,1.00,1.37
2015.08.26 22:06:53.395,1.07903,1.07932,1.00,1.00
2015.08.26 22:06:53.447,1.079,1.07929,1.00,1.00
2015.08.26 22:06:53.751,1.07896,1.07923,1.00,1.75
2015.08.26 22:06:53.802,1.07893,1.07923,1.00,1.75
2015.08.26 22:06:54.311,1.07895,1.0792,1.00,1.00
2015.08.26 22:06:54.463,1.07893,1.0792,1.00,1.00
2015.08.26 22:06:54.514,1.07893,1.07918,1.00,1.00
2015.08.26 22:06:54.871,1.07895,1.0792,1.00,1.00
2015.08.26 22:07:00.052,1.07892,1.0792,1.00,1.37
2015.08.26 22:07:00.612,1.07893,1.07921,1.00,1.50
2015.08.26 22:07:00.667,1.07893,1.07921,1.00,1.00
2015.08.26 22:07:00.718,1.07892,1.07919,1.00,1.00
2015.08.26 22:07:01.023,1.07892,1.0792,1.00,1.75
2015.08.26 22:07:01.345,1.07891,1.0792,1.00,1.00
2015.08.26 22:07:01.396,1.07893,1.0792,1.00,1.00
2015.08.26 22:07:01.904,1.07892,1.07919,1.00,1.12
2015.08.26 22:07:02.946,1.07892,1.07919,1.00,1.37
2015.08.26 22:07:03.277,1.07892,1.07919,1.00,1.75
2015.08.26 22:07:03.531,1.07892,1.07919,1.00,1.00
2015.08.26 22:07:03.582,1.07894,1.07919,1.00,1.00
2015.08.26 22:07:03.785,1.07892,1.07918,1.00,1.00
2015.08.26 22:07:03.924,1.07892,1.07918,1.00,1.37
2015.08.26 22:07:04.025,1.07892,1.07918,1.00,1.00
2015.08.26 22:07:04.128,1.07892,1.07914,1.00,1.00
2015.08.26 22:07:04.789,1.07891,1.07914,1.00,1.00
2015.08.26 22:07:05.321,1.07891,1.07915,1.00,1.00
2015.08.26 22:07:11.164,1.07891,1.07917,1.00,1.00
2015.08.26 22:07:11.266,1.07893,1.07917,1.00,1.00
2015.08.26 22:07:11.368,1.07896,1.07924,1.00,1.00
2015.08.26 22:07:11.470,1.07896,1.07926,1.00,1.00
2015.08.26 22:07:11.592,1.07894,1.07916,1.00,1.00
2015.08.26 22:07:11.899,1.07893,1.07913,1.00,1.00
2015.08.26 22:07:11.950,1.07891,1.07913,1.00,1.00
2015.08.26 22:07:12.492,1.07891,1.07914,1.00,1.00
2015.08.26 22:07:13.367,1.07892,1.07916,1.00,1.00
2015.08.26 22:07:13.469,1.07893,1.07919,1.00,1.00
2015.08.26 22:07:13.571,1.07894,1.07928,1.00,1.12
2015.08.26 22:07:13.774,1.07893,1.07914,1.00,1.00
2015.08.26 22:07:13.927,1.0789,1.07914,1.00,1.00
2015.08.26 22:07:14.473,1.07891,1.07914,1.00,1.00
2015.08.26 22:07:14.676,1.0789,1.07916,1.00,1.00
2015.08.26 22:07:14.778,1.07891,1.07912,1.00,1.00
2015.08.26 22:07:14.880,1.07889,1.07912,1.00,1.00
2015.08.26 22:07:15.083,1.0789,1.07914,1.00,1.00
2015.08.26 22:07:15.614,1.0789,1.07915,1.00,1.00
2015.08.26 22:07:16.567,1.07891,1.07915,1.00,1.00
2015.08.26 22:07:17.301,1.07889,1.07914,1.00,1.00
2015.08.26 22:07:17.657,1.07893,1.07915,1.00,1.00
2015.08.26 22:07:17.760,1.07893,1.07921,1.00,1.00
2015.08.26 22:07:18.193,1.07893,1.07923,1.00,1.00
2015.08.26 22:07:18.703,1.07894,1.07924,1.00,1.00
2015.08.26 22:07:19.059,1.07894,1.07922,1.00,1.00
2015.08.26 22:07:19.856,1.07894,1.07924,1.00,1.00
2015.08.26 22:07:20.379,1.07894,1.07925,1.00,1.00
2015.08.26 22:07:20.630,1.07887,1.07911,1.42,1.00
2015.08.26 22:07:20.938,1.07899,1.07938,1.43,1.37
2015.08.26 22:07:21.040,1.07905,1.07944,1.00,5.15
2015.08.26 22:07:21.146,1.07905,1.07944,1.00,2.25
2015.08.26 22:07:21.199,1.07903,1.07942,1.00,1.00
2015.08.26 22:07:21.720,1.07899,1.07929,1.00,1.00
2015.08.26 22:07:22.024,1.07897,1.07921,1.00,1.00
2015.08.26 22:07:22.177,1.07895,1.07921,1.00,1.00
2015.08.26 22:07:22.380,1.07895,1.07923,1.00,1.00
2015.08.26 22:07:22.559,1.07896,1.07921,1.00,1.00
2015.08.26 22:07:23.077,1.07896,1.07922,1.00,1.00
2015.08.26 22:07:23.590,1.07895,1.07922,1.00,1.00
2015.08.26 22:07:24.675,1.07895,1.07923,1.00,1.00
2015.08.26 22:07:29.736,1.07895,1.07922,1.00,1.00
2015.08.26 22:07:32.505,1.07895,1.07923,1.00,1.00
2015.08.26 22:07:32.810,1.07895,1.07934,1.00,1.37
2015.08.26 22:07:33.470,1.07894,1.07919,1.00,1.00
2015.08.26 22:07:33.711,1.07893,1.07921,1.00,1.00
2015.08.26 22:07:34.219,1.07894,1.07921,1.00,1.00
2015.08.26 22:07:34.910,1.07895,1.07921,1.00,1.00
2015.08.26 22:07:34.999,1.07895,1.07924,1.00,1.00
2015.08.26 22:07:35.507,1.07896,1.07924,1.00,1.00
2015.08.26 22:07:35.609,1.07894,1.07924,1.00,1.00
2015.08.26 22:07:35.660,1.07894,1.0792,1.00,1.00
2015.08.26 22:07:36.219,1.07894,1.07921,1.00,1.00
2015.08.26 22:07:37.664,1.07895,1.07921,1.00,1.00
2015.08.26 22:07:38.885,1.07894,1.0792,1.00,1.00
2015.08.26 22:07:39.410,1.07894,1.07921,1.00,1.00
2015.08.26 22:07:39.623,1.07894,1.07928,1.00,1.00
2015.08.26 22:07:39.674,1.07896,1.07928,1.00,1.00
2015.08.26 22:07:40.153,1.07896,1.07925,1.00,1.00
2015.08.26 22:07:40.458,1.07896,1.07923,1.00,1.00
2015.08.26 22:07:40.987,1.07895,1.07922,1.00,1.00
2015.08.26 22:07:41.541,1.07894,1.07922,1.00,1.00
2015.08.26 22:07:42.051,1.07895,1.07922,1.00,1.00
2015.08.26 22:07:42.934,1.07894,1.07922,1.00,1.00
2015.08.26 22:07:43.713,1.07894,1.07924,1.00,1.00
2015.08.26 22:07:44.261,1.07894,1.07923,1.00,1.00
2015.08.26 22:07:45.115,1.07894,1.07925,1.00,1.00
2015.08.26 22:07:45.573,1.07889,1.07921,1.00,1.50
2015.08.26 22:07:45.675,1.07889,1.07924,1.00,1.37
2015.08.26 22:07:45.777,1.07889,1.07918,1.00,1.00
2015.08.26 22:07:46.030,1.07889,1.07921,1.00,1.00
2015.08.26 22:07:46.268,1.07892,1.07921,1.00,1.00
2015.08.26 22:07:46.674,1.07893,1.07932,1.00,1.00
2015.08.26 22:07:47.182,1.07893,1.07932,1.00,1.37
2015.08.26 22:07:47.805,1.07895,1.07934,1.00,1.37
2015.08.26 22:07:52.854,1.07896,1.07935,1.00,1.37
2015.08.26 22:07:52.905,1.07896,1.07935,1.00,1.00
2015.08.26 22:07:53.448,1.07896,1.07935,1.00,1.37
2015.08.26 22:07:54.064,1.07895,1.07934,1.00,1.37
2015.08.26 22:07:54.610,1.07894,1.07933,1.00,1.37
2015.08.26 22:07:55.114,1.07895,1.07934,1.00,1.37
2015.08.26 22:07:55.621,1.07895,1.07934,1.00,1.37
2015.08.26 22:07:55.926,1.07891,1.0793,1.00,1.75
2015.08.26 22:07:56.270,1.07891,1.0793,1.00,1.37
2015.08.26 22:08:00.233,1.07891,1.0793,1.00,1.75
2015.08.26 22:08:00.573,1.07894,1.07932,1.00,1.50
2015.08.26 22:08:01.441,1.07895,1.07934,1.00,1.75
2015.08.26 22:08:01.663,1.07895,1.07934,1.00,1.00
2015.08.26 22:08:02.172,1.07896,1.07935,1.00,1.00
2015.08.26 22:08:02.650,1.07896,1.07935,1.00,1.37
2015.08.26 22:08:03.617,1.07896,1.07935,1.00,1.50
2015.08.26 22:08:03.821,1.07896,1.07935,1.00,1.87
2015.08.26 22:08:04.129,1.07896,1.07935,1.00,1.87
2015.08.26 22:08:04.282,1.07894,1.07912,1.00,1.00
2015.08.26 22:08:04.384,1.07891,1.07912,1.00,1.00
2015.08.26 22:08:04.835,1.07889,1.07911,1.00,1.00
2015.08.26 22:08:04.887,1.07889,1.07909,1.00,1.00
2015.08.26 22:08:05.394,1.07889,1.07911,1.00,1.00
2015.08.26 22:08:05.902,1.0789,1.07911,1.00,1.00
2015.08.26 22:08:06.414,1.07889,1.07911,1.00,1.00
2015.08.26 22:08:10.578,1.07881,1.07911,1.45,1.00
2015.08.26 22:08:10.630,1.07881,1.07895,1.00,1.00
2015.08.26 22:08:10.934,1.07877,1.07897,1.37,1.00
2015.08.26 22:08:10.986,1.07881,1.07919,1.75,1.12
2015.08.26 22:08:11.161,1.07886,1.07925,1.00,1.00
2015.08.26 22:08:11.315,1.07889,1.07928,1.00,1.37
2015.08.26 22:08:11.673,1.07892,1.07931,1.00,1.00
2015.08.26 22:08:11.775,1.07896,1.07935,1.00,1.00
2015.08.26 22:08:12.302,1.07895,1.07934,1.00,1.00
2015.08.26 22:08:12.609,1.07896,1.0792,1.00,1.00
2015.08.26 22:08:12.914,1.07898,1.0792,1.00,1.00
2015.08.26 22:08:13.423,1.07895,1.07919,1.00,1.00
2015.08.26 22:08:13.932,1.07895,1.07918,1.00,1.00
2015.08.26 22:08:14.441,1.07894,1.07918,1.00,1.00
2015.08.26 22:08:14.968,1.07895,1.07918,1.00,1.00
2015.08.26 22:08:15.506,1.07894,1.07919,1.00,1.00
2015.08.26 22:08:16.036,1.07895,1.07919,1.00,1.00
2015.08.26 22:08:16.368,1.07893,1.07918,1.00,1.00
2015.08.26 22:08:17.584,1.07893,1.07916,1.00,1.00
2015.08.26 22:08:18.091,1.07893,1.07917,1.00,1.00
2015.08.26 22:08:18.622,1.07893,1.07916,1.00,1.00
2015.08.26 22:08:22.329,1.07892,1.07916,1.00,1.00
2015.08.26 22:08:22.880,1.07892,1.07915,1.00,1.00
2015.08.26 22:08:23.639,1.07895,1.07916,1.00,1.00
2015.08.26 22:08:23.741,1.07896,1.0792,1.00,1.00
2015.08.26 22:08:23.886,1.07898,1.0792,1.00,1.00
2015.08.26 22:08:23.937,1.07898,1.07937,1.00,1.00
2015.08.26 22:08:24.191,1.07898,1.07937,1.00,1.37
2015.08.26 22:08:24.598,1.07898,1.07937,1.00,1.00
2015.08.26 22:08:25.085,1.07898,1.07937,1.00,1.37
2015.08.26 22:08:25.187,1.07898,1.07937,1.00,1.12
2015.08.26 22:08:25.697,1.07899,1.07938,1.00,1.00
2015.08.26 22:08:25.748,1.07897,1.07936,1.00,1.00
2015.08.26 22:08:26.102,1.07899,1.07938,1.00,1.00
2015.08.26 22:08:29.056,1.079,1.07939,1.00,1.00
2015.08.26 22:08:29.361,1.07902,1.07941,1.00,1.00
2015.08.26 22:08:29.806,1.07904,1.07943,1.00,1.00
2015.08.26 22:08:30.316,1.07905,1.07944,1.00,1.00
2015.08.26 22:08:35.526,1.07905,1.07932,1.00,1.00
2015.08.26 22:08:35.832,1.07885,1.07924,1.00,1.00
2015.08.26 22:08:35.883,1.07887,1.07926,1.00,1.00
2015.08.26 22:08:36.233,1.07889,1.07928,1.00,1.00
2015.08.26 22:08:36.639,1.07894,1.07933,1.00,1.00
2015.08.26 22:08:37.609,1.07895,1.07918,1.00,1.00
2015.08.26 22:08:37.964,1.07893,1.07917,1.00,1.00
2015.08.26 22:08:38.702,1.07893,1.07916,1.00,1.00
2015.08.26 22:08:41.790,1.07893,1.07917,1.00,1.00
2015.08.26 22:08:43.062,1.07893,1.07916,1.00,1.00
2015.08.26 22:08:45.652,1.07892,1.07921,1.00,1.00
2015.08.26 22:08:45.754,1.07892,1.07916,1.00,1.00
2015.08.26 22:08:45.957,1.07897,1.07936,1.00,1.00
2015.08.26 22:08:46.059,1.07897,1.07936,1.00,1.37
2015.08.26 22:08:46.173,1.07897,1.07936,1.00,1.00
2015.08.26 22:08:46.478,1.07897,1.07936,1.00,1.37
2015.08.26 22:08:47.057,1.07897,1.07935,1.00,1.37
2015.08.26 22:08:47.310,1.07897,1.07935,1.00,1.12
2015.08.26 22:08:47.970,1.07894,1.07931,1.00,1.00
2015.08.26 22:08:48.073,1.0789,1.07929,1.00,1.00
2015.08.26 22:08:48.176,1.0789,1.07929,1.00,1.37
2015.08.26 22:08:48.278,1.07886,1.07925,1.00,1.00
2015.08.26 22:08:48.786,1.07885,1.07921,1.30,1.00
2015.08.26 22:08:49.320,1.07884,1.07923,1.22,1.00
2015.08.26 22:08:49.371,1.07892,1.0793,1.00,1.12
2015.08.26 22:08:49.922,1.07893,1.0793,1.00,1.12
2015.08.26 22:08:50.430,1.07892,1.0793,1.00,1.12
2015.08.26 22:08:50.972,1.07893,1.0793,1.00,1.12
2015.08.26 22:08:51.478,1.07892,1.0793,1.00,1.12
2015.08.26 22:08:52.892,1.07893,1.0793,1.00,1.12
2015.08.26 22:08:54.886,1.07893,1.07931,1.00,1.75
2015.08.26 22:08:54.988,1.07893,1.07931,1.00,1.37
2015.08.26 22:08:55.495,1.07892,1.07931,1.00,1.87
2015.08.26 22:08:56.002,1.07891,1.0793,1.00,1.37
2015.08.26 22:08:56.894,1.07892,1.07931,1.00,1.87
2015.08.26 22:09:00.504,1.07892,1.07905,1.00,1.00
2015.08.26 22:09:00.555,1.07892,1.0793,1.00,1.87
2015.08.26 22:09:00.704,1.07875,1.07913,1.37,1.00
2015.08.26 22:09:00.856,1.07878,1.07917,1.37,1.00
2015.08.26 22:09:01.162,1.0788,1.07919,1.75,1.00
2015.08.26 22:09:01.263,1.07883,1.07923,1.37,1.00
2015.08.26 22:09:01.467,1.07881,1.0792,1.37,1.00
2015.08.26 22:09:01.619,1.07888,1.07927,1.00,1.00
2015.08.26 22:09:01.804,1.07891,1.0793,1.00,1.37
2015.08.26 22:09:01.906,1.07888,1.07927,1.00,1.00
2015.08.26 22:09:02.415,1.07889,1.07928,1.00,1.50
2015.08.26 22:09:02.925,1.0789,1.07929,1.00,1.75
2015.08.26 22:09:03.259,1.0789,1.07929,1.00,1.75
2015.08.26 22:09:04.352,1.07892,1.07931,1.00,1.75
2015.08.26 22:09:04.813,1.0789,1.07929,1.00,1.75
2015.08.26 22:09:04.915,1.0789,1.07929,1.00,1.37
2015.08.26 22:09:05.118,1.0789,1.07929,1.00,1.37
2015.08.26 22:09:05.423,1.07894,1.0793,1.00,1.00
2015.08.26 22:09:05.474,1.07897,1.0793,1.00,1.00
2015.08.26 22:09:06.010,1.07896,1.0793,1.00,1.12
2015.08.26 22:09:06.418,1.07894,1.0793,1.00,1.12
2015.08.26 22:09:07.120,1.07894,1.0793,1.00,1.37
2015.08.26 22:09:07.426,1.07893,1.0793,1.00,1.75
2015.08.26 22:09:07.528,1.07894,1.07933,1.00,1.12
2015.08.26 22:09:07.630,1.07896,1.07935,1.00,1.00
2015.08.26 22:09:07.936,1.07894,1.07933,1.00,1.37
2015.08.26 22:09:08.440,1.07894,1.07933,1.00,1.37
2015.08.26 22:09:09.727,1.07894,1.07933,1.00,1.50
2015.08.26 22:09:10.928,1.07894,1.07932,1.00,1.50
2015.08.26 22:09:11.233,1.07894,1.07932,1.00,1.37
2015.08.26 22:09:13.052,1.07894,1.07932,1.00,1.50
2015.08.26 22:09:13.459,1.07893,1.07932,1.00,1.87
2015.08.26 22:09:13.725,1.07893,1.07932,1.00,2.25
2015.08.26 22:09:13.852,1.07893,1.07932,1.00,1.87
2015.08.26 22:09:14.156,1.07893,1.07932,1.00,2.25
2015.08.26 22:09:14.259,1.07893,1.07932,1.00,1.87
2015.08.26 22:09:14.548,1.07893,1.07932,1.00,2.25
2015.08.26 22:09:14.650,1.07893,1.07932,1.00,1.87
2015.08.26 22:09:14.828,1.07893,1.07932,1.00,2.25
2015.08.26 22:09:18.542,1.07894,1.07933,1.00,1.75
2015.08.26 22:09:19.348,1.07894,1.07933,1.00,1.37
2015.08.26 22:09:19.755,1.07894,1.07933,1.00,1.12
2015.08.26 22:09:20.184,1.07894,1.07933,1.00,1.37
2015.08.26 22:09:20.691,1.07894,1.07933,1.00,1.37
2015.08.26 22:09:24.041,1.07892,1.07931,1.00,1.37
2015.08.26 22:09:24.572,1.07893,1.07932,1.00,1.37
2015.08.26 22:09:25.009,1.07893,1.07932,1.00,1.75
2015.08.26 22:09:25.492,1.07893,1.07923,1.00,1.00
2015.08.26 22:09:25.543,1.07893,1.07932,1.00,1.75
2015.08.26 22:09:25.594,1.07883,1.07915,1.22,1.12
2015.08.26 22:09:26.101,1.07874,1.07908,1.14,1.00
2015.08.26 22:09:26.249,1.07881,1.0792,1.37,1.00
2015.08.26 22:09:26.912,1.07883,1.07922,1.37,1.00
2015.08.26 22:09:27.013,1.07885,1.07924,1.00,3.00
2015.08.26 22:09:27.823,1.07885,1.07924,1.00,1.75
2015.08.26 22:09:28.128,1.07887,1.07903,1.00,1.00
2015.08.26 22:09:28.433,1.07887,1.07905,1.00,1.00
2015.08.26 22:09:28.535,1.07883,1.07905,1.37,1.00
2015.08.26 22:09:28.993,1.07885,1.07907,1.30,1.00
2015.08.26 22:09:29.187,1.07885,1.07905,1.30,1.00
2015.08.26 22:09:29.493,1.07887,1.07907,1.00,1.00
2015.08.26 22:09:29.545,1.07891,1.07914,1.00,1.00
2015.08.26 22:09:29.749,1.07892,1.07912,1.00,1.00
2015.08.26 22:09:29.851,1.07893,1.07922,1.00,1.00
2015.08.26 22:09:30.074,1.07895,1.07929,1.00,1.00
2015.08.26 22:09:30.328,1.07897,1.07929,1.00,1.00
2015.08.26 22:09:30.634,1.07897,1.07927,1.00,1.00
2015.08.26 22:09:31.174,1.07897,1.07928,1.00,1.00
2015.08.26 22:09:31.631,1.07897,1.07926,1.00,1.00
2015.08.26 22:09:32.392,1.07897,1.07928,1.00,1.00
2015.08.26 22:09:33.255,1.07896,1.07928,1.00,1.00
2015.08.26 22:09:33.357,1.07896,1.07932,1.00,1.00
2015.08.26 22:09:33.510,1.07898,1.07932,1.00,1.00
2015.08.26 22:09:33.879,1.07898,1.07927,1.00,1.00
2015.08.26 22:09:33.931,1.07896,1.07927,1.00,1.00
2015.08.26 22:09:34.338,1.07897,1.07925,1.00,1.00
2015.08.26 22:09:35.118,1.07897,1.07924,1.00,1.00
2015.08.26 22:09:35.523,1.07895,1.07924,1.00,1.00
2015.08.26 22:09:37.176,1.07896,1.07924,1.00,1.00
2015.08.26 22:09:37.227,1.07896,1.07926,1.00,1.00
2015.08.26 22:09:37.736,1.07897,1.07926,1.00,1.00
2015.08.26 22:09:39.259,1.07894,1.07926,1.00,1.00
2015.08.26 22:09:39.310,1.07894,1.0792,1.00,1.00
2015.08.26 22:09:39.659,1.07894,1.07918,1.00,1.00
2015.08.26 22:09:39.761,1.07893,1.07922,1.00,1.00
2015.08.26 22:09:39.965,1.07893,1.07919,1.00,1.00
2015.08.26 22:09:40.067,1.07894,1.07921,1.00,1.00
2015.08.26 22:09:40.321,1.07893,1.07919,1.00,1.00
2015.08.26 22:09:40.836,1.07892,1.0792,1.00,1.00
2015.08.26 22:09:41.344,1.07893,1.0792,1.00,1.00
2015.08.26 22:09:42.385,1.07893,1.07921,1.00,1.00
2015.08.26 22:09:42.437,1.0789,1.07921,1.00,1.00
2015.08.26 22:09:42.539,1.07893,1.07921,1.00,1.00
2015.08.26 22:09:42.590,1.07893,1.07924,1.00,1.00
2015.08.26 22:09:42.742,1.07893,1.07921,1.00,1.00
2015.08.26 22:09:43.323,1.07892,1.0792,1.00,1.00
2015.08.26 22:09:43.831,1.07892,1.07922,1.00,1.00
2015.08.26 22:09:44.339,1.07893,1.07922,1.00,1.00
2015.08.26 22:09:44.592,1.07893,1.0792,1.00,1.00
2015.08.26 22:09:44.935,1.07893,1.07918,1.00,1.00
2015.08.26 22:09:45.088,1.0789,1.07918,1.00,1.00
2015.08.26 22:09:45.597,1.07891,1.07918,1.00,1.00
2015.08.26 22:09:46.941,1.07892,1.07918,1.00,1.00
2015.08.26 22:09:46.993,1.07892,1.0792,1.00,1.00
2015.08.26 22:09:47.094,1.07892,1.07922,1.00,1.00
2015.08.26 22:09:47.624,1.07893,1.07922,1.00,1.00
2015.08.26 22:09:50.540,1.07893,1.07922,1.00,1.75
2015.08.26 22:09:50.591,1.07885,1.07922,1.00,1.75
2015.08.26 22:09:50.643,1.07885,1.0791,1.00,1.00
2015.08.26 22:09:50.744,1.07885,1.0792,1.00,1.00
2015.08.26 22:09:50.948,1.07885,1.07922,1.00,1.00
2015.08.26 22:09:51.534,1.07885,1.07924,1.00,1.00
2015.08.26 22:09:51.585,1.07889,1.07927,1.00,1.00
2015.08.26 22:09:51.888,1.07892,1.07924,1.00,1.00
2015.08.26 22:09:52.193,1.07889,1.07918,1.00,1.00
2015.08.26 22:09:52.702,1.07889,1.07919,1.00,1.00
2015.08.26 22:09:53.230,1.0789,1.07919,1.00,1.00
2015.08.26 22:09:53.752,1.0789,1.0792,1.00,1.00
2015.08.26 22:09:57.568,1.07892,1.07931,1.00,1.37
2015.08.26 22:09:58.180,1.07892,1.07931,1.00,1.87
2015.08.26 22:09:59.008,1.07892,1.07931,1.00,1.87
2015.08.26 22:09:59.059,1.0789,1.07929,1.00,1.50
2015.08.26 22:09:59.161,1.0789,1.07929,1.00,1.12
2015.08.26 22:09:59.267,1.0789,1.07928,1.00,1.75
2015.08.26 22:09:59.370,1.07888,1.07927,1.00,1.87
2015.08.26 22:09:59.421,1.07888,1.07922,1.00,1.00
2015.08.26 22:09:59.575,1.07888,1.07927,1.00,1.37
2015.08.26 22:09:59.678,1.07889,1.07928,1.00,1.00
2015.08.26 22:09:59.953,1.07888,1.07924,1.00,1.00
2015.08.26 22:10:00.004,1.07888,1.07927,1.00,1.00
2015.08.26 22:10:00.208,1.07887,1.07921,1.00,1.00
2015.08.26 22:10:00.615,1.07885,1.07922,1.30,1.00
2015.08.26 22:10:00.666,1.07885,1.07924,1.30,1.00
2015.08.26 22:10:00.717,1.07887,1.07926,1.00,1.50
2015.08.26 22:10:01.042,1.07889,1.07924,1.00,1.00
2015.08.26 22:10:01.195,1.07889,1.07926,1.00,1.00
2015.08.26 22:10:01.398,1.07888,1.07922,1.00,1.00
2015.08.26 22:10:01.551,1.07887,1.07925,1.00,1.00
2015.08.26 22:10:01.957,1.07888,1.0792,1.00,1.00
2015.08.26 22:10:02.099,1.07887,1.07922,1.00,1.00
2015.08.26 22:10:02.200,1.07887,1.07926,1.00,1.50
2015.08.26 22:10:02.306,1.07888,1.07921,1.00,1.00
2015.08.26 22:10:02.613,1.07888,1.07925,1.00,1.00
2015.08.26 22:10:02.766,1.07888,1.07923,1.00,1.00
2015.08.26 22:10:03.020,1.07886,1.07923,1.00,1.00
2015.08.26 22:10:03.071,1.07886,1.07919,1.00,1.00
2015.08.26 22:10:03.584,1.07885,1.07919,1.30,1.00
2015.08.26 22:10:04.980,1.07885,1.07919,1.30,1.37
2015.08.26 22:10:05.285,1.07886,1.0792,1.00,1.75
2015.08.26 22:10:05.807,1.07885,1.0792,1.30,1.37
2015.08.26 22:10:06.319,1.07886,1.0792,1.00,1.37
2015.08.26 22:10:08.943,1.07886,1.0792,1.00,1.37
2015.08.26 22:10:13.117,1.07885,1.07919,1.30,1.37
2015.08.26 22:10:13.219,1.07885,1.07918,1.30,1.50
2015.08.26 22:10:13.548,1.07885,1.0792,1.30,1.37
2015.08.26 22:10:13.650,1.07885,1.07924,1.30,1.37
2015.08.26 22:10:13.702,1.07888,1.07925,1.00,1.75
2015.08.26 22:10:13.805,1.07884,1.07923,1.22,1.37
2015.08.26 22:10:13.908,1.07885,1.07924,1.30,1.00
2015.08.26 22:10:13.959,1.07885,1.07902,1.30,1.00
2015.08.26 22:10:14.468,1.0788,1.07902,1.75,1.00
2015.08.26 22:10:14.520,1.0788,1.07906,1.75,1.00
2015.08.26 22:10:14.743,1.07885,1.07909,1.30,1.00
2015.08.26 22:10:15.048,1.07884,1.07904,1.22,1.00
2015.08.26 22:10:15.556,1.07876,1.07903,1.37,1.00
2015.08.26 22:10:15.709,1.07872,1.07905,1.11,1.00
2015.08.26 22:10:15.834,1.07874,1.07907,1.75,1.00
2015.08.26 22:10:16.341,1.07876,1.07908,1.37,1.00
2015.08.26 22:10:23.397,1.07881,1.07909,1.75,1.00
2015.08.26 22:10:26.704,1.07881,1.07908,1.75,1.00
2015.08.26 22:10:26.858,1.0788,1.07905,1.75,1.00
2015.08.26 22:10:27.484,1.0788,1.07906,1.75,1.00
2015.08.26 22:10:35.735,1.07876,1.07907,1.37,1.00
2015.08.26 22:10:36.261,1.07876,1.07906,1.37,1.00
2015.08.26 22:10:36.517,1.07877,1.07912,1.37,1.00
2015.08.26 22:10:36.974,1.07884,1.0791,1.35,1.00
2015.08.26 22:10:37.304,1.07882,1.07908,1.72,1.00
2015.08.26 22:10:37.828,1.07883,1.07909,1.22,1.00
2015.08.26 22:10:38.335,1.07882,1.07908,1.50,1.00
2015.08.26 22:10:39.334,1.07882,1.07908,1.35,1.00
2015.08.26 22:10:40.562,1.07875,1.07907,1.95,1.00
2015.08.26 22:10:41.073,1.07876,1.07907,1.37,1.00
2015.08.26 22:10:42.539,1.07876,1.07913,1.37,1.00
2015.08.26 22:10:43.062,1.07885,1.07914,1.30,1.00
2015.08.26 22:10:44.334,1.07885,1.07915,1.30,1.00
2015.08.26 22:10:44.385,1.07887,1.07915,1.00,1.00
2015.08.26 22:10:44.436,1.07887,1.07918,1.00,1.00
2015.08.26 22:10:44.792,1.07889,1.07918,1.00,1.00
2015.08.26 22:10:45.309,1.07888,1.07919,1.00,1.00
2015.08.26 22:10:45.817,1.07889,1.0792,1.00,1.00
2015.08.26 22:10:46.329,1.07889,1.07921,1.00,1.00
2015.08.26 22:10:48.190,1.07889,1.0792,1.00,1.00
2015.08.26 22:10:49.027,1.07889,1.07922,1.00,1.00
2015.08.26 22:10:51.953,1.07884,1.07922,1.22,1.00
2015.08.26 22:10:52.460,1.07884,1.07923,1.22,1.00
2015.08.26 22:10:52.683,1.07884,1.0792,1.22,1.00
2015.08.26 22:10:52.988,1.07882,1.07917,1.35,1.00
2015.08.26 22:10:53.495,1.0788,1.07916,1.60,1.00
2015.08.26 22:10:54.134,1.07882,1.07918,1.35,1.00
2015.08.26 22:10:54.681,1.07882,1.07917,1.35,1.00
2015.08.26 22:10:58.526,1.07881,1.0792,1.60,1.00
2015.08.26 22:10:58.578,1.07883,1.07922,1.22,1.00
2015.08.26 22:11:04.596,1.07884,1.07923,1.22,1.00
2015.08.26 22:11:06.488,1.07881,1.07914,1.60,1.00
2015.08.26 22:11:06.795,1.07874,1.07902,1.02,1.00
2015.08.26 22:11:07.049,1.07865,1.07904,1.72,1.00
2015.08.26 22:11:07.814,1.07867,1.07906,1.72,1.00
2015.08.26 22:11:08.558,1.07876,1.07915,1.37,1.20
2015.08.26 22:11:09.066,1.0788,1.07917,1.60,1.37
2015.08.26 22:11:09.377,1.0788,1.07917,1.60,1.00
2015.08.26 22:11:17.012,1.07879,1.07916,1.60,1.00
2015.08.26 22:11:19.194,1.0788,1.07917,1.60,1.00
2015.08.26 22:11:19.296,1.0788,1.07919,1.60,1.87
2015.08.26 22:11:19.643,1.0788,1.07916,1.60,1.00
2015.08.26 22:11:20.638,1.07882,1.0792,1.35,1.00
2015.08.26 22:11:20.862,1.07886,1.07923,1.00,1.00
2015.08.26 22:11:21.168,1.07886,1.0792,1.00,1.00
2015.08.26 22:11:21.476,1.07884,1.07917,1.22,1.00
2015.08.26 22:11:21.960,1.07883,1.07919,1.22,1.00
2015.08.26 22:11:22.380,1.07884,1.07917,1.22,1.00
2015.08.26 22:11:22.912,1.07884,1.07918,1.22,1.00
2015.08.26 22:11:24.565,1.07884,1.07917,1.22,1.00
2015.08.26 22:11:25.699,1.07884,1.07918,1.22,1.00
2015.08.26 22:11:27.754,1.07884,1.07917,1.22,1.00
2015.08.26 22:11:29.964,1.07883,1.0792,1.22,1.00
2015.08.26 22:11:30.472,1.07884,1.07919,1.22,1.00
2015.08.26 22:11:30.958,1.07883,1.07917,1.22,1.00
2015.08.26 22:11:31.313,1.07883,1.07919,1.22,1.00
2015.08.26 22:11:31.516,1.07883,1.07908,1.37,1.00
2015.08.26 22:11:31.618,1.0788,1.07919,1.75,1.50
2015.08.26 22:11:32.138,1.07882,1.07918,1.50,1.00
2015.08.26 22:11:32.189,1.07882,1.07916,1.50,1.00
2015.08.26 22:11:32.717,1.07883,1.07918,1.37,1.00
2015.08.26 22:11:32.920,1.07883,1.0792,1.37,1.00
2015.08.26 22:11:33.072,1.07883,1.07918,1.37,1.00
2015.08.26 22:11:33.378,1.07882,1.0792,1.50,1.00
2015.08.26 22:11:33.616,1.07883,1.07918,1.37,1.00
2015.08.26 22:11:34.989,1.07882,1.07917,1.50,1.00
2015.08.26 22:11:40.226,1.07882,1.07921,1.50,1.00
2015.08.26 22:11:40.871,1.07883,1.0792,1.37,1.00
2015.08.26 22:11:41.104,1.07883,1.07918,1.37,1.00
2015.08.26 22:11:41.409,1.0788,1.07913,1.75,1.00
2015.08.26 22:11:41.927,1.07879,1.07914,1.75,1.00
2015.08.26 22:11:42.283,1.07879,1.07912,1.75,1.00
2015.08.26 22:11:42.625,1.07881,1.0792,1.75,1.00
2015.08.26 22:11:42.676,1.07883,1.07922,1.37,1.00
2015.08.26 22:11:43.184,1.07882,1.0792,1.50,1.00
2015.08.26 22:11:43.509,1.07882,1.07918,1.50,1.00
2015.08.26 22:11:44.055,1.07881,1.07919,1.75,1.00
2015.08.26 22:11:44.370,1.07881,1.07916,1.75,1.00
2015.08.26 22:11:44.911,1.07882,1.07915,1.50,1.00
2015.08.26 22:11:45.373,1.07881,1.07917,1.75,1.00
2015.08.26 22:11:46.378,1.07881,1.07916,1.75,1.00
2015.08.26 22:11:46.886,1.07881,1.07917,1.75,1.00
2015.08.26 22:11:48.880,1.07881,1.07916,1.75,1.00
2015.08.26 22:11:49.134,1.07881,1.07918,1.75,1.00
2015.08.26 22:11:50.102,1.07881,1.07917,1.75,1.00
2015.08.26 22:11:51.420,1.07881,1.07918,1.75,1.00
2015.08.26 22:11:51.522,1.07881,1.0792,1.75,1.87
2015.08.26 22:11:51.964,1.07881,1.07917,1.75,1.00
2015.08.26 22:11:52.415,1.07881,1.07919,1.75,1.00
2015.08.26 22:11:52.956,1.07881,1.07918,1.75,1.00
2015.08.26 22:11:53.825,1.0788,1.07917,1.75,1.00
2015.08.26 22:11:54.282,1.07881,1.07919,1.75,1.00
2015.08.26 22:11:54.451,1.07881,1.07916,1.75,1.00
2015.08.26 22:11:54.719,1.07881,1.07919,1.75,1.00
2015.08.26 22:11:55.178,1.07881,1.07917,1.75,1.00
2015.08.26 22:11:55.726,1.07881,1.07918,1.75,1.00
2015.08.26 22:11:56.583,1.07881,1.07914,1.75,1.00
2015.08.26 22:11:56.685,1.07881,1.07917,1.75,1.00
2015.08.26 22:11:57.588,1.07881,1.07919,1.75,1.00
2015.08.26 22:11:57.791,1.07881,1.07917,1.75,1.00
2015.08.26 22:11:58.327,1.0788,1.07916,1.75,1.00
2015.08.26 22:11:58.848,1.0788,1.07917,1.75,1.00
2015.08.26 22:11:59.396,1.0788,1.07918,1.75,1.00
2015.08.26 22:12:00.432,1.0788,1.07919,1.75,1.00
2015.08.26 22:12:10.024,1.07881,1.0792,1.75,1.12
2015.08.26 22:12:10.329,1.0788,1.07919,1.75,1.37
2015.08.26 22:12:16.754,1.0788,1.07919,1.75,1.37
2015.08.26 22:12:17.261,1.0788,1.07919,1.75,1.37
2015.08.26 22:12:21.432,1.07879,1.07918,1.75,1.75
2015.08.26 22:12:21.737,1.07864,1.07903,2.55,1.00
2015.08.26 22:12:22.255,1.07874,1.07904,1.52,1.00
2015.08.26 22:12:22.510,1.07874,1.07907,1.52,1.00
2015.08.26 22:12:23.024,1.07874,1.07907,1.52,1.37
2015.08.26 22:12:23.490,1.07874,1.07904,1.52,1.00
2015.08.26 22:12:23.588,1.07874,1.07907,1.52,1.00
2015.08.26 22:12:23.690,1.07872,1.07906,1.00,1.00
2015.08.26 22:12:23.792,1.07865,1.07903,1.50,1.00
2015.08.26 22:12:23.900,1.07859,1.07897,1.00,1.00
2015.08.26 22:12:24.205,1.07856,1.07895,1.37,1.00
2015.08.26 22:12:31.351,1.07856,1.07895,1.12,1.00
2015.08.26 22:12:32.599,1.07856,1.07895,1.37,1.00
2015.08.26 22:12:33.126,1.07858,1.07896,1.00,1.00
2015.08.26 22:12:33.228,1.07856,1.07895,1.00,1.00
2015.08.26 22:12:33.279,1.07855,1.07893,1.00,1.00
2015.08.26 22:12:33.601,1.07855,1.07889,1.00,1.00
2015.08.26 22:12:33.907,1.07854,1.07889,1.37,1.00
2015.08.26 22:12:34.162,1.07854,1.07891,1.37,1.00
2015.08.26 22:12:35.664,1.07856,1.07895,1.37,1.00
2015.08.26 22:12:36.202,1.07858,1.07897,1.12,1.00
2015.08.26 22:12:36.693,1.0786,1.07899,1.00,1.00
2015.08.26 22:12:37.351,1.07861,1.079,1.00,1.00
2015.08.26 22:12:37.861,1.07862,1.07901,1.00,1.00
2015.08.26 22:12:38.547,1.07865,1.07904,1.00,1.00
2015.08.26 22:12:44.059,1.07864,1.07903,1.00,1.00
2015.08.26 22:12:44.405,1.07862,1.07901,1.00,1.00
2015.08.26 22:12:45.472,1.07863,1.07902,1.00,1.00
2015.08.26 22:12:46.463,1.0786,1.07897,1.00,1.00
2015.08.26 22:12:46.514,1.07858,1.07897,1.00,1.00
2015.08.26 22:12:46.565,1.07855,1.07894,1.00,1.00
2015.08.26 22:12:46.900,1.07861,1.079,1.00,1.00
2015.08.26 22:12:47.207,1.07865,1.07904,1.00,1.00
2015.08.26 22:12:47.512,1.0787,1.07909,1.00,1.00
2015.08.26 22:12:47.847,1.07876,1.07913,1.00,1.00
2015.08.26 22:12:48.153,1.07876,1.07915,1.00,2.25
2015.08.26 22:12:49.234,1.07876,1.07914,1.00,1.00
2015.08.26 22:12:49.539,1.07874,1.07913,1.00,1.00
2015.08.26 22:12:49.996,1.07876,1.07915,1.00,2.62
2015.08.26 22:12:50.517,1.07873,1.07912,1.00,1.00
2015.08.26 22:12:51.028,1.07874,1.07913,1.00,1.12
2015.08.26 22:12:51.554,1.07874,1.07913,1.00,1.37
2015.08.26 22:12:51.958,1.07876,1.07915,1.00,1.87
2015.08.26 22:12:53.966,1.07875,1.07914,1.00,1.37
2015.08.26 22:12:54.271,1.07875,1.07909,1.00,1.00
2015.08.26 22:12:54.323,1.07875,1.07914,1.00,1.00
2015.08.26 22:12:54.590,1.07879,1.07914,1.00,1.00
2015.08.26 22:12:54.641,1.07879,1.07916,1.00,1.00
2015.08.26 22:12:54.998,1.0788,1.07914,1.00,1.00
2015.08.26 22:12:55.881,1.0788,1.07915,1.00,1.50
2015.08.26 22:12:57.142,1.07879,1.07915,1.00,2.25
2015.08.26 22:12:59.356,1.07875,1.07914,1.00,1.00
2015.08.26 22:13:00.644,1.07873,1.07912,1.00,1.00
2015.08.26 22:13:01.230,1.07874,1.07913,1.00,1.00
2015.08.26 22:13:01.890,1.07873,1.07912,1.00,1.00
2015.08.26 22:13:06.788,1.07875,1.07914,1.00,1.12
2015.08.26 22:13:07.400,1.07874,1.07913,1.00,1.00
2015.08.26 22:13:09.658,1.07874,1.07913,1.00,1.37
2015.08.26 22:13:10.065,1.07874,1.07911,1.00,1.37
2015.08.26 22:13:10.117,1.07872,1.07911,1.00,1.87
2015.08.26 22:13:10.168,1.07872,1.07911,1.00,1.50
2015.08.26 22:13:10.391,1.07871,1.07908,1.00,1.00
2015.08.26 22:13:10.920,1.0787,1.07908,1.00,1.00
2015.08.26 22:13:11.248,1.07871,1.07906,1.00,1.00
2015.08.26 22:13:11.452,1.07869,1.07905,1.00,1.00
2015.08.26 22:13:11.626,1.07868,1.07907,1.00,1.50
2015.08.26 22:13:11.779,1.0787,1.07907,1.00,1.00
2015.08.26 22:13:12.301,1.0787,1.07908,1.00,1.00
2015.08.26 22:13:12.404,1.07867,1.07906,1.00,1.00
2015.08.26 22:13:12.608,1.07867,1.07904,1.00,1.37
2015.08.26 22:13:12.796,1.07867,1.07903,1.00,1.00
2015.08.26 22:13:12.898,1.07867,1.07903,1.00,1.37
2015.08.26 22:13:13.103,1.07867,1.07902,1.00,1.00
2015.08.26 22:13:13.870,1.07866,1.07902,1.00,1.00
2015.08.26 22:13:13.922,1.07866,1.07902,1.00,1.37
2015.08.26 22:13:14.198,1.07867,1.07902,1.00,1.00
2015.08.26 22:13:14.555,1.07867,1.07899,1.00,1.00
2015.08.26 22:13:14.811,1.07866,1.07901,1.00,1.00
2015.08.26 22:13:15.015,1.07867,1.07899,1.00,1.00
2015.08.26 22:13:15.913,1.07867,1.07903,1.00,1.00
2015.08.26 22:13:16.218,1.07867,1.079,1.00,1.00
2015.08.26 22:13:16.321,1.07866,1.07903,1.00,1.00
2015.08.26 22:13:16.559,1.07867,1.07906,1.00,1.00
2015.08.26 22:13:17.069,1.07868,1.07906,1.00,1.00
2015.08.26 22:13:17.577,1.07867,1.07906,1.00,1.87
2015.08.26 22:13:18.123,1.07867,1.07906,1.00,1.00
2015.08.26 22:13:18.930,1.07866,1.07905,1.00,1.00
2015.08.26 22:13:23.109,1.07867,1.07906,1.00,1.12
2015.08.26 22:13:24.746,1.07866,1.07905,1.00,1.00
2015.08.26 22:13:25.276,1.07867,1.07906,1.00,1.12
2015.08.26 22:13:25.777,1.07868,1.07907,1.00,1.37
2015.08.26 22:13:25.930,1.07868,1.07907,1.00,2.25
2015.08.26 22:13:26.526,1.07867,1.07905,1.00,1.37
2015.08.26 22:13:26.826,1.07867,1.07906,1.00,1.87
2015.08.26 22:13:27.945,1.07867,1.07906,1.00,1.87
2015.08.26 22:13:28.161,1.0787,1.07906,1.00,1.37
2015.08.26 22:13:28.273,1.0787,1.07909,1.00,1.37
2015.08.26 22:13:30.853,1.0787,1.07909,1.00,1.37
2015.08.26 22:13:31.518,1.0787,1.07909,1.00,1.00
2015.08.26 22:13:32.027,1.07869,1.07908,1.00,1.00
2015.08.26 22:13:32.776,1.0787,1.07909,1.00,1.00
2015.08.26 22:13:33.350,1.07869,1.07908,1.00,1.00
2015.08.26 22:13:34.341,1.0787,1.07909,1.00,1.00
2015.08.26 22:13:34.866,1.07869,1.07908,1.00,1.00
2015.08.26 22:13:35.424,1.07864,1.07903,1.00,1.00
2015.08.26 22:13:35.730,1.0786,1.07896,1.00,1.12
2015.08.26 22:13:35.782,1.0786,1.07898,1.00,1.00
2015.08.26 22:13:35.833,1.07865,1.07898,1.00,1.00
2015.08.26 22:13:35.935,1.07865,1.07903,1.00,1.00
2015.08.26 22:13:36.468,1.07865,1.07902,1.00,1.00
2015.08.26 22:13:36.621,1.07867,1.07903,1.00,1.00
2015.08.26 22:13:37.130,1.07866,1.07902,1.00,1.00
2015.08.26 22:13:37.479,1.07868,1.07903,1.00,1.00
2015.08.26 22:13:38.019,1.07867,1.07903,1.00,1.00
2015.08.26 22:13:38.574,1.07868,1.07903,1.00,1.00
2015.08.26 22:13:39.684,1.07866,1.07903,1.00,1.00
2015.08.26 22:13:40.194,1.07867,1.07904,1.00,1.00
2015.08.26 22:13:40.883,1.07867,1.07903,1.00,1.00
2015.08.26 22:13:41.881,1.07868,1.07903,1.00,1.00
2015.08.26 22:13:42.513,1.07868,1.07904,1.00,1.12
2015.08.26 22:13:43.111,1.07867,1.07904,1.00,1.00
2015.08.26 22:13:44.126,1.07868,1.07904,1.00,1.00
2015.08.26 22:13:44.582,1.07867,1.07906,1.00,1.50
2015.08.26 22:13:45.102,1.07868,1.07905,1.00,1.00
2015.08.26 22:13:45.463,1.07868,1.07901,1.00,1.00
2015.08.26 22:13:45.971,1.07867,1.07901,1.00,1.00
2015.08.26 22:13:46.348,1.07868,1.07903,1.00,1.00
2015.08.26 22:13:46.858,1.07868,1.07904,1.00,1.00
2015.08.26 22:13:47.371,1.07869,1.07903,1.00,1.00
2015.08.26 22:13:47.898,1.07868,1.07903,1.00,1.00
2015.08.26 22:13:49.574,1.07868,1.07904,1.00,1.00
2015.08.26 22:13:50.096,1.07868,1.07905,1.00,1.00
2015.08.26 22:13:50.627,1.07869,1.07904,1.00,1.00
2015.08.26 22:13:52.459,1.0787,1.07904,1.00,1.00
2015.08.26 22:13:53.018,1.07869,1.07904,1.00,1.00
2015.08.26 22:13:53.526,1.07869,1.07903,1.00,1.00
2015.08.26 22:13:53.941,1.0787,1.07905,1.00,1.00
2015.08.26 22:13:54.297,1.0787,1.07903,1.00,1.00
2015.08.26 22:13:54.654,1.07867,1.07903,1.00,1.00
2015.08.26 22:13:54.981,1.07869,1.07904,1.00,1.00
2015.08.26 22:13:55.491,1.0787,1.07905,1.00,1.00
2015.08.26 22:13:55.848,1.07869,1.07901,1.00,1.00
2015.08.26 22:13:56.053,1.07868,1.07903,1.00,1.00
2015.08.26 22:13:56.155,1.07868,1.07901,1.00,1.00
2015.08.26 22:13:56.483,1.07869,1.07903,1.00,1.00
2015.08.26 22:13:56.990,1.07868,1.07903,1.00,1.00
2015.08.26 22:13:58.507,1.07869,1.07903,1.00,1.00
2015.08.26 22:13:59.028,1.07869,1.07902,1.00,1.00
2015.08.26 22:14:00.921,1.07868,1.07902,1.00,1.00
2015.08.26 22:14:01.124,1.07869,1.07904,1.00,1.00
2015.08.26 22:14:01.429,1.07868,1.07903,1.00,1.37
2015.08.26 22:14:01.651,1.07863,1.07896,1.00,1.00
2015.08.26 22:14:01.754,1.07863,1.07902,1.00,1.00
2015.08.26 22:14:01.805,1.07866,1.07905,1.00,1.00
2015.08.26 22:14:02.112,1.07866,1.07903,1.00,1.00
2015.08.26 22:14:02.950,1.07867,1.07903,1.00,1.00
2015.08.26 22:14:04.149,1.07867,1.07902,1.00,1.00
2015.08.26 22:14:04.657,1.07868,1.07903,1.00,1.00
2015.08.26 22:14:05.401,1.07868,1.07902,1.00,1.00
2015.08.26 22:14:05.903,1.07868,1.07903,1.00,1.00
2015.08.26 22:14:06.399,1.07868,1.07907,1.00,1.12
2015.08.26 22:14:06.917,1.07869,1.07906,1.00,1.00
2015.08.26 22:14:07.172,1.07869,1.07904,1.00,1.00
2015.08.26 22:14:07.679,1.07868,1.07905,1.00,1.00
2015.08.26 22:14:07.985,1.07868,1.07903,1.00,1.00
2015.08.26 22:14:08.518,1.07867,1.07903,1.00,1.12
2015.08.26 22:14:08.823,1.0787,1.07909,1.00,1.75
2015.08.26 22:14:08.874,1.07867,1.07906,1.00,1.00
2015.08.26 22:14:08.976,1.07869,1.07908,1.00,1.50
2015.08.26 22:14:09.494,1.07868,1.07907,1.00,1.00
2015.08.26 22:14:10.002,1.07869,1.07908,1.00,1.00
2015.08.26 22:14:10.415,1.07871,1.0791,1.00,1.00
2015.08.26 22:14:10.925,1.0787,1.07909,1.00,1.50
2015.08.26 22:14:11.717,1.07874,1.07912,1.00,1.00
2015.08.26 22:14:12.228,1.07873,1.07912,1.00,1.50
2015.08.26 22:14:12.558,1.07872,1.07909,1.00,1.00
2015.08.26 22:14:14.258,1.07871,1.07909,1.00,1.00
2015.08.26 22:14:15.768,1.0787,1.07909,1.00,1.50
2015.08.26 22:14:18.883,1.07871,1.07909,1.00,1.00
2015.08.26 22:14:19.514,1.07872,1.07909,1.00,1.00
2015.08.26 22:14:20.021,1.07872,1.07901,1.00,1.00
2015.08.26 22:14:20.072,1.0787,1.07901,1.00,1.00
2015.08.26 22:14:20.377,1.0787,1.07909,1.00,1.37
2015.08.26 22:14:20.428,1.07871,1.0791,1.00,1.00
2015.08.26 22:14:20.479,1.07871,1.07901,1.00,1.00
2015.08.26 22:14:20.839,1.07869,1.079,1.00,1.00
2015.08.26 22:14:21.347,1.07869,1.07901,1.00,1.00
2015.08.26 22:14:21.449,1.07869,1.07903,1.00,1.00
2015.08.26 22:14:21.654,1.0787,1.07901,1.00,1.00
2015.08.26 22:14:22.941,1.07869,1.07901,1.00,1.00
2015.08.26 22:14:22.993,1.07869,1.07905,1.00,1.00
2015.08.26 22:14:23.094,1.07869,1.07907,1.00,1.00
2015.08.26 22:14:23.146,1.07871,1.07907,1.00,1.00
2015.08.26 22:14:23.900,1.07871,1.0791,1.00,1.12
2015.08.26 22:14:24.154,1.07874,1.0791,1.00,1.00
2015.08.26 22:14:24.502,1.07873,1.07905,1.00,1.00
2015.08.26 22:14:24.705,1.07871,1.07905,1.00,1.00
2015.08.26 22:14:25.214,1.07871,1.07904,1.00,1.00
2015.08.26 22:14:25.316,1.07871,1.07906,1.00,1.00
2015.08.26 22:14:25.851,1.07871,1.07905,1.00,1.00
2015.08.26 22:14:26.418,1.07871,1.07906,1.00,2.25
2015.08.26 22:14:26.469,1.07865,1.07904,1.00,1.37
2015.08.26 22:14:26.622,1.07865,1.07895,1.00,1.00
2015.08.26 22:14:26.778,1.07862,1.07895,1.00,1.00
2015.08.26 22:14:26.931,1.07862,1.07901,1.00,1.00
2015.08.26 22:14:27.139,1.07864,1.07902,1.00,1.00
2015.08.26 22:14:27.647,1.07863,1.07902,1.00,1.50
2015.08.26 22:14:28.054,1.07865,1.07902,1.00,1.00
2015.08.26 22:14:28.359,1.07867,1.07902,1.00,1.00
2015.08.26 22:14:28.867,1.07867,1.07901,1.00,1.00
2015.08.26 22:14:29.071,1.07868,1.07903,1.00,1.00
2015.08.26 22:14:32.014,1.07868,1.07904,1.00,1.00
2015.08.26 22:14:32.546,1.07869,1.07904,1.00,1.00
2015.08.26 22:14:32.800,1.07869,1.07906,1.00,1.00
2015.08.26 22:14:33.105,1.0787,1.07904,1.00,1.00
2015.08.26 22:14:33.411,1.07869,1.07902,1.00,1.00
2015.08.26 22:14:33.916,1.0787,1.07902,1.00,1.00
2015.08.26 22:14:34.262,1.07868,1.07902,1.00,1.00
2015.08.26 22:14:34.314,1.07868,1.079,1.00,1.00
2015.08.26 22:14:34.850,1.07868,1.07901,1.00,1.00
2015.08.26 22:14:35.308,1.07868,1.07903,1.00,1.00
2015.08.26 22:14:36.070,1.07868,1.07904,1.00,1.00
2015.08.26 22:14:36.574,1.07869,1.07904,1.00,1.00
2015.08.26 22:14:37.425,1.07869,1.07903,1.00,1.00
2015.08.26 22:14:38.057,1.07869,1.07902,1.00,1.00
2015.08.26 22:14:38.641,1.07869,1.07903,1.00,1.00
2015.08.26 22:14:39.608,1.07869,1.07904,1.00,1.00
2015.08.26 22:14:40.116,1.07869,1.07903,1.00,1.00
2015.08.26 22:14:40.319,1.07867,1.07903,1.00,1.00
2015.08.26 22:14:40.987,1.07868,1.07903,1.00,1.00
2015.08.26 22:14:41.526,1.07869,1.07904,1.00,1.00
2015.08.26 22:14:41.983,1.07867,1.07904,1.00,1.00
2015.08.26 22:14:42.034,1.07867,1.079,1.00,1.00
2015.08.26 22:14:42.085,1.07865,1.079,1.00,1.00
2015.08.26 22:14:42.416,1.07867,1.07901,1.00,1.00
2015.08.26 22:14:42.933,1.07867,1.07902,1.00,1.00
2015.08.26 22:14:43.390,1.07869,1.07902,1.00,1.00
2015.08.26 22:14:43.919,1.07869,1.07903,1.00,1.00
2015.08.26 22:14:45.546,1.07869,1.07904,1.00,1.00
2015.08.26 22:14:46.135,1.0787,1.07905,1.00,1.00
2015.08.26 22:14:46.645,1.0787,1.07904,1.00,1.00
2015.08.26 22:14:46.861,1.0787,1.07906,1.00,1.00
2015.08.26 22:14:47.399,1.07869,1.07906,1.00,1.00
2015.08.26 22:14:47.908,1.0787,1.07906,1.00,1.00
2015.08.26 22:14:48.411,1.07868,1.07902,1.00,1.00
2015.08.26 22:14:48.914,1.07867,1.07902,1.00,1.00
2015.08.26 22:14:49.465,1.07868,1.07901,1.00,1.00
2015.08.26 22:14:50.409,1.07866,1.07901,1.00,1.00
2015.08.26 22:14:51.348,1.07864,1.07901,1.00,1.00
2015.08.26 22:14:51.399,1.07864,1.07897,1.00,1.00
2015.08.26 22:14:51.659,1.07862,1.07896,1.00,1.12
2015.08.26 22:14:52.909,1.07862,1.07897,1.00,1.37
2015.08.26 22:14:53.024,1.07862,1.07897,1.00,1.12
2015.08.26 22:14:53.126,1.07862,1.07897,1.00,1.37
2015.08.26 22:14:53.531,1.07861,1.07898,1.00,1.37
2015.08.26 22:14:53.633,1.07861,1.079,1.00,1.50
2015.08.26 22:14:53.914,1.07864,1.07899,1.00,1.00
2015.08.26 22:14:54.431,1.07864,1.079,1.00,1.00
2015.08.26 22:14:54.736,1.07863,1.07899,1.00,1.37
2015.08.26 22:14:55.021,1.07863,1.079,1.00,1.00
2015.08.26 22:14:55.312,1.07864,1.07902,1.00,1.50
2015.08.26 22:14:55.836,1.07863,1.079,1.00,1.37
2015.08.26 22:14:56.712,1.07863,1.079,1.00,1.37
2015.08.26 22:14:56.920,1.07862,1.079,1.00,1.12
2015.08.26 22:14:57.124,1.07864,1.07903,1.00,1.50
2015.08.26 22:14:57.226,1.07864,1.07899,1.00,1.00
2015.08.26 22:14:57.733,1.07863,1.07898,1.00,1.00
2015.08.26 22:14:58.334,1.07864,1.07898,1.00,1.00
2015.08.26 22:14:58.537,1.07864,1.07902,1.00,1.00
2015.08.26 22:14:58.741,1.07863,1.07898,1.00,1.00
2015.08.26 22:14:58.944,1.07863,1.079,1.00,1.00
2015.08.26 22:14:59.172,1.07864,1.07898,1.00,1.00
2015.08.26 22:14:59.274,1.07864,1.079,1.00,1.00
2015.08.26 22:14:59.802,1.07863,1.079,1.00,1.00
2015.08.26 22:14:59.853,1.07863,1.079,1.00,1.50
2015.08.26 22:15:00.547,1.07862,1.079,1.00,1.37
2015.08.26 22:15:00.853,1.07862,1.07899,1.00,1.75
2015.08.26 22:15:01.158,1.07861,1.07897,1.00,1.00
2015.08.26 22:15:01.210,1.07863,1.07897,1.00,1.00
2015.08.26 22:15:01.414,1.07861,1.07897,1.00,1.37
2015.08.26 22:15:01.608,1.07861,1.07894,1.00,1.00
2015.08.26 22:15:01.668,1.07859,1.07894,1.00,1.00
2015.08.26 22:15:02.211,1.07859,1.07895,1.00,1.12
2015.08.26 22:15:02.313,1.07856,1.07895,1.00,1.12
2015.08.26 22:15:02.415,1.07858,1.07895,1.00,1.12
2015.08.26 22:15:03.079,1.07859,1.07895,1.00,1.00
2015.08.26 22:15:03.640,1.0786,1.07895,1.00,1.00
2015.08.26 22:15:04.171,1.07861,1.07896,1.00,1.00
2015.08.26 22:15:04.721,1.07861,1.07895,1.00,1.00
2015.08.26 22:15:05.872,1.07861,1.07896,1.00,1.00
2015.08.26 22:15:06.785,1.07861,1.07895,1.00,1.00
2015.08.26 22:15:07.431,1.07861,1.07896,1.00,1.00
2015.08.26 22:15:07.981,1.07862,1.07897,1.00,1.00
2015.08.26 22:15:08.489,1.07861,1.07896,1.00,1.00
2015.08.26 22:15:08.996,1.07861,1.07897,1.00,1.12
2015.08.26 22:15:13.010,1.07861,1.07897,1.00,1.37
2015.08.26 22:15:13.521,1.0786,1.07899,1.00,1.37
2015.08.26 22:15:15.322,1.07861,1.07899,1.00,1.37
2015.08.26 22:15:20.797,1.07862,1.07898,1.00,1.37
2015.08.26 22:15:21.237,1.07865,1.07898,1.00,1.37
2015.08.26 22:15:21.340,1.07865,1.07898,1.00,1.12
2015.08.26 22:15:21.539,1.07863,1.07902,1.00,1.75
2015.08.26 22:15:21.844,1.07866,1.07898,1.00,1.75
2015.08.26 22:15:21.895,1.07864,1.07898,1.00,1.75
2015.08.26 22:15:22.048,1.07863,1.07896,1.00,1.00
2015.08.26 22:15:22.150,1.07862,1.07896,1.00,1.37
2015.08.26 22:15:22.533,1.07867,1.07895,1.00,1.37
2015.08.26 22:15:22.584,1.07865,1.07895,1.00,1.37
2015.08.26 22:15:23.145,1.07865,1.07895,1.00,1.37
2015.08.26 22:15:23.349,1.07863,1.07895,1.00,1.00
2015.08.26 22:15:23.503,1.07863,1.07901,1.00,1.00
2015.08.26 22:15:23.555,1.07864,1.07901,1.00,1.75
2015.08.26 22:15:23.679,1.07864,1.07901,1.00,1.00
2015.08.26 22:15:23.781,1.07866,1.079,1.00,1.00
2015.08.26 22:15:24.086,1.07865,1.07897,1.00,1.00
2015.08.26 22:15:24.593,1.07864,1.07897,1.00,1.00
2015.08.26 22:15:24.745,1.07862,1.07896,1.00,1.00
2015.08.26 22:15:24.871,1.07864,1.07896,1.00,1.00
2015.08.26 22:15:25.330,1.07866,1.07897,1.00,1.00
2015.08.26 22:15:25.838,1.07865,1.07897,1.00,1.00
2015.08.26 22:15:26.371,1.07866,1.07894,1.00,1.75
2015.08.26 22:15:26.423,1.07858,1.07894,1.00,1.75
2015.08.26 22:15:26.728,1.07855,1.07888,1.00,1.75
2015.08.26 22:15:26.779,1.07855,1.07895,1.00,1.75
2015.08.26 22:15:27.186,1.07857,1.07895,1.00,1.75
2015.08.26 22:15:27.607,1.07859,1.07895,1.00,1.75
2015.08.26 22:15:28.388,1.07861,1.07894,1.00,1.75
2015.08.26 22:15:29.055,1.07862,1.07894,1.00,1.75
2015.08.26 22:15:29.564,1.07863,1.07894,1.00,1.75
2015.08.26 22:15:31.214,1.07863,1.07894,1.00,1.75
2015.08.26 22:15:31.805,1.07863,1.07894,1.00,1.50
2015.08.26 22:15:31.907,1.07861,1.07894,1.00,1.50
2015.08.26 22:15:32.314,1.07861,1.07896,1.00,1.75
2015.08.26 22:15:33.010,1.07861,1.07896,1.00,1.75
2015.08.26 22:15:35.524,1.07863,1.07894,1.00,1.75
2015.08.26 22:15:36.707,1.07863,1.07894,1.00,1.37
2015.08.26 22:15:37.411,1.07861,1.07896,1.00,1.75
2015.08.26 22:15:37.920,1.0786,1.07896,1.00,1.75
2015.08.26 22:15:38.481,1.07861,1.07896,1.00,1.75
2015.08.26 22:15:39.293,1.07859,1.07896,1.00,1.75
2015.08.26 22:15:39.802,1.07861,1.07896,1.00,1.75
2015.08.26 22:15:40.144,1.07859,1.07896,1.00,1.75
2015.08.26 22:15:40.350,1.07859,1.07895,1.00,1.75
2015.08.26 22:15:40.452,1.07861,1.07895,1.00,1.37
2015.08.26 22:15:40.555,1.07861,1.07901,1.00,2.25
2015.08.26 22:15:41.287,1.07863,1.079,1.00,1.75
2015.08.26 22:15:41.806,1.07864,1.079,1.00,1.75
2015.08.26 22:15:42.746,1.07864,1.079,1.00,1.75
2015.08.26 22:15:43.052,1.0786,1.07896,1.00,1.75
2015.08.26 22:15:43.156,1.07859,1.07896,1.00,1.37
2015.08.26 22:15:43.260,1.07861,1.07897,1.00,1.00
2015.08.26 22:15:43.413,1.07864,1.07905,1.00,1.50
2015.08.26 22:15:43.731,1.07865,1.07907,1.00,1.00
2015.08.26 22:15:43.986,1.07869,1.07908,1.00,1.00
2015.08.26 22:15:44.290,1.07867,1.07904,1.00,1.00
2015.08.26 22:15:44.647,1.07869,1.07903,1.00,1.00
2015.08.26 22:15:44.778,1.07869,1.07908,1.00,1.00
2015.08.26 22:15:44.880,1.07872,1.07911,1.00,2.25
2015.08.26 22:15:45.186,1.07872,1.07901,1.00,1.00
2015.08.26 22:15:45.237,1.07869,1.07901,1.00,1.00
2015.08.26 22:15:45.698,1.07868,1.07905,1.00,1.00
2015.08.26 22:15:45.749,1.0787,1.07905,1.00,1.00
2015.08.26 22:15:46.079,1.07869,1.07905,1.00,1.37
2015.08.26 22:15:46.385,1.07871,1.07904,1.00,1.37
2015.08.26 22:15:49.493,1.07872,1.07903,1.00,1.37
2015.08.26 22:15:50.036,1.07874,1.07903,1.00,1.37
2015.08.26 22:15:50.917,1.07872,1.07903,1.00,1.37
2015.08.26 22:15:51.145,1.07874,1.07903,1.00,1.37
2015.08.26 22:15:51.349,1.07874,1.07904,1.00,1.00
2015.08.26 22:15:51.451,1.07874,1.07909,1.00,1.12
2015.08.26 22:15:51.951,1.07877,1.07909,1.00,1.37
2015.08.26 22:15:52.459,1.07876,1.07908,1.00,1.12
2015.08.26 22:15:53.006,1.07877,1.07908,1.00,1.12
2015.08.26 22:15:53.817,1.07878,1.07908,1.00,1.12
2015.08.26 22:15:54.122,1.07876,1.07908,1.00,1.12
2015.08.26 22:15:54.647,1.07877,1.07908,1.00,1.12
2015.08.26 22:15:55.773,1.07878,1.07908,1.00,1.12
2015.08.26 22:15:56.324,1.07876,1.07908,1.00,1.12
2015.08.26 22:15:56.529,1.07874,1.07908,1.00,1.12
2015.08.26 22:15:57.039,1.07874,1.07907,1.00,1.00
2015.08.26 22:15:57.578,1.07874,1.07906,1.00,1.00
2015.08.26 22:15:58.086,1.07874,1.07905,1.00,1.00
2015.08.26 22:15:58.834,1.07875,1.07905,1.00,1.00
2015.08.26 22:15:59.342,1.07876,1.07905,1.00,1.00
2015.08.26 22:15:59.850,1.07874,1.07905,1.00,1.00
2015.08.26 22:16:00.371,1.07875,1.07905,1.00,1.00
2015.08.26 22:16:00.882,1.07874,1.07905,1.00,1.00
2015.08.26 22:16:01.035,1.07876,1.07905,1.00,1.00
2015.08.26 22:16:01.137,1.07876,1.07908,1.00,1.00
2015.08.26 22:16:01.766,1.07876,1.07907,1.00,1.00
2015.08.26 22:16:02.276,1.07875,1.07908,1.00,1.00
2015.08.26 22:16:02.867,1.07875,1.07907,1.00,1.00
2015.08.26 22:16:03.971,1.07875,1.07908,1.00,1.00
2015.08.26 22:16:04.124,1.07873,1.07908,1.00,1.37
2015.08.26 22:16:04.175,1.07873,1.07905,1.00,1.00
2015.08.26 22:16:05.410,1.07873,1.07906,1.00,1.00
2015.08.26 22:16:05.512,1.07873,1.07909,1.00,1.00
2015.08.26 22:16:05.766,1.07876,1.07909,1.00,1.00
2015.08.26 22:16:06.497,1.07876,1.07911,1.00,1.00
2015.08.26 22:16:06.600,1.07876,1.07908,1.00,1.00
2015.08.26 22:16:06.651,1.07874,1.07908,1.00,1.00
2015.08.26 22:16:07.198,1.07875,1.07908,1.00,1.00
2015.08.26 22:16:07.435,1.07875,1.07913,1.00,1.00
2015.08.26 22:16:07.487,1.07874,1.07915,1.00,1.12
2015.08.26 22:16:07.641,1.07876,1.07915,1.00,1.00
2015.08.26 22:16:07.947,1.07876,1.07913,1.00,1.00
2015.08.26 22:16:08.049,1.07876,1.07915,1.00,1.00
2015.08.26 22:16:08.485,1.07876,1.07913,1.00,1.00
2015.08.26 22:16:09.273,1.07876,1.07912,1.00,1.00
2015.08.26 22:16:09.861,1.07876,1.07913,1.00,1.00
2015.08.26 22:16:11.129,1.07876,1.07912,1.00,1.00
2015.08.26 22:16:11.457,1.07879,1.07914,1.00,1.00
2015.08.26 22:16:11.916,1.0788,1.07918,1.00,1.00
2015.08.26 22:16:12.018,1.0788,1.07916,1.00,1.00
2015.08.26 22:16:12.321,1.07878,1.07913,1.00,1.00
2015.08.26 22:16:12.579,1.07878,1.07918,1.00,1.00
2015.08.26 22:16:12.681,1.07876,1.07911,1.00,1.00
2015.08.26 22:16:12.987,1.07873,1.07907,1.00,1.00
2015.08.26 22:16:13.416,1.07873,1.07909,1.00,1.00
2015.08.26 22:16:13.570,1.07872,1.07906,1.00,1.00
2015.08.26 22:16:13.877,1.07874,1.07905,1.00,1.00
2015.08.26 22:16:14.081,1.07872,1.07904,1.00,1.00
2015.08.26 22:16:14.207,1.0787,1.07904,1.00,1.00
2015.08.26 22:16:14.309,1.07868,1.07899,1.00,1.00
2015.08.26 22:16:14.411,1.0787,1.07903,1.00,1.00
2015.08.26 22:16:14.666,1.07872,1.07905,1.00,1.00
2015.08.26 22:16:14.971,1.0787,1.079,1.00,1.00
2015.08.26 22:16:15.073,1.07871,1.07903,1.00,1.00
2015.08.26 22:16:15.206,1.07869,1.07899,1.00,1.00
2015.08.26 22:16:15.511,1.07872,1.07899,1.00,1.00
2015.08.26 22:16:16.500,1.07856,1.07886,1.22,1.00
2015.08.26 22:16:16.551,1.07856,1.07886,1.00,1.00
2015.08.26 22:16:16.856,1.07857,1.07898,1.00,1.00
2015.08.26 22:16:17.364,1.07858,1.07898,1.00,1.00
2015.08.26 22:16:17.856,1.07856,1.079,1.00,1.50
2015.08.26 22:16:18.162,1.07858,1.079,1.00,1.00
2015.08.26 22:16:18.846,1.07858,1.07901,1.00,1.50
2015.08.26 22:16:19.152,1.0786,1.07901,1.00,1.50
2015.08.26 22:16:19.661,1.07861,1.07901,1.00,1.00
2015.08.26 22:16:22.473,1.07857,1.07901,1.00,1.50
2015.08.26 22:16:22.982,1.07858,1.079,1.00,1.00
2015.08.26 22:16:23.192,1.07861,1.07901,1.00,1.00
2015.08.26 22:16:23.509,1.07862,1.07899,1.00,1.00
2015.08.26 22:16:24.324,1.07862,1.07898,1.00,1.00
2015.08.26 22:16:24.840,1.07862,1.07897,1.00,1.00
2015.08.26 22:16:27.972,1.07861,1.079,1.00,1.00
2015.08.26 22:16:28.074,1.07861,1.07897,1.00,1.00
2015.08.26 22:16:28.585,1.07862,1.07896,1.00,1.00
2015.08.26 22:16:29.487,1.07862,1.079,1.00,1.00
2015.08.26 22:16:29.691,1.07862,1.07897,1.00,1.00
2015.08.26 22:16:30.065,1.07861,1.079,1.00,1.00
2015.08.26 22:16:30.580,1.07861,1.07899,1.00,1.00
2015.08.26 22:16:31.088,1.07862,1.07899,1.00,1.00
2015.08.26 22:16:34.587,1.07857,1.07898,1.00,1.00
2015.08.26 22:16:34.689,1.07857,1.07895,1.00,1.00
2015.08.26 22:16:35.010,1.07857,1.07893,1.00,1.00
2015.08.26 22:16:35.565,1.07857,1.07894,1.00,1.00
2015.08.26 22:16:37.429,1.07858,1.07895,1.00,1.00
2015.08.26 22:16:37.937,1.07859,1.07895,1.00,1.00
2015.08.26 22:16:38.496,1.07858,1.07895,1.00,1.00
2015.08.26 22:16:38.650,1.07859,1.07899,1.00,1.00
2015.08.26 22:16:39.197,1.07859,1.07898,1.00,1.00
2015.08.26 22:16:39.705,1.07858,1.07899,1.00,1.00
2015.08.26 22:16:40.449,1.07857,1.07898,1.00,1.00
2015.08.26 22:16:40.602,1.0786,1.07896,1.00,1.00
2015.08.26 22:16:40.705,1.0786,1.07898,1.00,1.00
2015.08.26 22:16:41.218,1.07861,1.07898,1.00,1.00
2015.08.26 22:16:41.737,1.07862,1.07898,1.00,1.00
2015.08.26 22:16:42.245,1.07863,1.07898,1.00,1.00
2015.08.26 22:16:42.754,1.07862,1.07898,1.00,1.00
2015.08.26 22:16:42.806,1.07859,1.07898,1.00,1.00
2015.08.26 22:16:42.994,1.07857,1.07895,1.00,1.00
2015.08.26 22:16:43.299,1.07856,1.07891,1.00,1.00
2015.08.26 22:16:43.555,1.07857,1.07894,1.00,1.00
2015.08.26 22:16:43.811,1.07852,1.07891,1.00,1.00
2015.08.26 22:16:43.913,1.07852,1.07893,1.00,1.00
2015.08.26 22:16:44.142,1.07852,1.07891,1.00,1.00
2015.08.26 22:16:44.447,1.07851,1.07894,1.00,1.00
2015.08.26 22:16:44.650,1.07852,1.07896,1.00,1.87
2015.08.26 22:16:44.905,1.07853,1.07894,1.00,1.00
2015.08.26 22:16:45.576,1.07853,1.07896,1.00,1.00
2015.08.26 22:16:46.085,1.07854,1.07896,1.00,1.00
2015.08.26 22:16:46.617,1.07855,1.07897,1.00,1.00
2015.08.26 22:16:47.847,1.07856,1.07898,1.00,1.50
2015.08.26 22:16:48.310,1.07856,1.07896,1.00,1.00
2015.08.26 22:16:51.392,1.07857,1.079,1.00,1.00
2015.08.26 22:16:51.494,1.07861,1.07901,1.00,1.00
2015.08.26 22:16:52.030,1.0786,1.07902,1.00,1.00
2015.08.26 22:16:52.696,1.07861,1.07901,1.00,1.00
2015.08.26 22:16:53.277,1.07861,1.07902,1.00,1.00
2015.08.26 22:17:02.065,1.07861,1.07901,1.00,1.00
2015.08.26 22:17:02.575,1.0786,1.07902,1.00,1.00
2015.08.26 22:17:02.880,1.07862,1.07903,1.00,1.50
2015.08.26 22:17:03.414,1.07861,1.07903,1.00,1.50
2015.08.26 22:17:05.482,1.07862,1.07903,1.00,2.25
2015.08.26 22:17:06.142,1.07861,1.07903,1.00,2.25
2015.08.26 22:17:06.193,1.07861,1.07903,1.00,1.87
2015.08.26 22:17:06.246,1.07864,1.07905,1.00,1.37
2015.08.26 22:17:06.419,1.07861,1.07905,1.00,1.37
2015.08.26 22:17:06.475,1.07861,1.07905,1.00,1.50
2015.08.26 22:17:06.983,1.0786,1.07903,1.00,1.87
2015.08.26 22:17:07.500,1.07861,1.07903,1.00,1.87
2015.08.26 22:17:08.215,1.07862,1.07903,1.00,1.37
2015.08.26 22:17:08.744,1.07861,1.07903,1.00,1.37
2015.08.26 22:17:11.090,1.07861,1.07903,1.00,1.37
2015.08.26 22:17:11.395,1.07864,1.07904,1.00,1.37
2015.08.26 22:17:11.737,1.07862,1.07904,1.00,1.37
2015.08.26 22:17:12.246,1.07863,1.07904,1.00,1.37
2015.08.26 22:17:12.473,1.07863,1.07904,1.00,1.37
2015.08.26 22:17:13.307,1.07863,1.07902,1.00,1.12
2015.08.26 22:17:13.432,1.07866,1.07904,1.00,1.00
2015.08.26 22:17:13.536,1.07867,1.0791,1.37,1.12
2015.08.26 22:17:13.588,1.07873,1.07911,1.00,1.37
2015.08.26 22:17:13.692,1.07868,1.07912,1.00,1.37
2015.08.26 22:17:14.101,1.07868,1.07914,1.00,1.75
2015.08.26 22:17:14.406,1.0787,1.07913,1.00,2.25
2015.08.26 22:17:14.932,1.07871,1.07913,1.00,2.25
2015.08.26 22:17:15.236,1.07871,1.0791,1.00,1.75
2015.08.26 22:17:16.237,1.0787,1.0791,1.00,1.75
2015.08.26 22:17:16.850,1.07871,1.0791,1.00,1.75
2015.08.26 22:17:20.416,1.07873,1.07912,1.00,1.75
2015.08.26 22:17:20.519,1.07873,1.07912,1.00,1.50
2015.08.26 22:17:20.776,1.07875,1.07913,1.00,1.75
2015.08.26 22:17:21.328,1.07876,1.07913,1.00,1.75
2015.08.26 22:17:22.534,1.07876,1.07913,1.00,1.50
2015.08.26 22:17:22.910,1.07875,1.07914,1.00,1.37
2015.08.26 22:17:23.115,1.07875,1.07916,1.00,1.87
2015.08.26 22:17:23.522,1.07879,1.07917,1.00,1.37
2015.08.26 22:17:27.901,1.07877,1.07919,1.00,1.50
2015.08.26 22:17:28.054,1.07877,1.07917,1.00,1.37
2015.08.26 22:17:28.222,1.07879,1.07916,1.00,1.12
2015.08.26 22:17:28.530,1.07879,1.07916,1.00,1.37
2015.08.26 22:17:34.390,1.07878,1.07916,1.00,1.37
2015.08.26 22:17:36.356,1.07878,1.07919,1.12,1.87
2015.08.26 22:17:36.566,1.07878,1.07919,1.00,2.25
2015.08.26 22:17:36.668,1.07878,1.07919,1.00,1.37
2015.08.26 22:17:36.796,1.07883,1.07921,1.00,1.50
2015.08.26 22:17:37.305,1.07884,1.07921,1.00,2.25
2015.08.26 22:17:42.206,1.07884,1.07921,1.00,2.25
2015.08.26 22:17:42.308,1.07882,1.0792,1.00,2.25
2015.08.26 22:17:42.411,1.07872,1.07915,1.00,1.50
2015.08.26 22:17:42.513,1.0787,1.07915,1.00,2.25
2015.08.26 22:17:43.033,1.0787,1.07911,1.00,1.37
2015.08.26 22:17:43.559,1.07869,1.07911,1.00,1.37
2015.08.26 22:17:44.223,1.0787,1.07911,1.00,1.37
2015.08.26 22:17:44.856,1.07872,1.07912,1.00,1.37
2015.08.26 22:17:45.387,1.07871,1.07912,1.00,1.37
2015.08.26 22:17:45.931,1.07872,1.07912,1.00,1.37
2015.08.26 22:17:46.798,1.07871,1.07912,1.00,1.37
2015.08.26 22:17:47.308,1.07872,1.07912,1.00,1.37
2015.08.26 22:17:47.701,1.0787,1.07913,1.00,1.87
2015.08.26 22:17:48.209,1.07871,1.07912,1.00,1.87
2015.08.26 22:17:48.362,1.07874,1.07914,1.00,1.37
2015.08.26 22:17:48.680,1.07879,1.07916,1.00,1.37
2015.08.26 22:17:49.189,1.0788,1.07917,1.37,1.37
2015.08.26 22:17:50.869,1.07882,1.07919,1.00,1.87
2015.08.26 22:17:51.551,1.07883,1.07919,1.00,1.37
2015.08.26 22:17:52.074,1.07882,1.07919,1.00,1.87
2015.08.26 22:17:52.582,1.07882,1.07919,1.50,2.25
2015.08.26 22:17:53.150,1.07883,1.07919,1.00,2.25
2015.08.26 22:17:55.699,1.07884,1.07919,1.00,1.50
2015.08.26 22:17:57.592,1.07884,1.07919,1.00,1.75
2015.08.26 22:17:57.694,1.07882,1.07917,1.20,1.75
2015.08.26 22:17:57.797,1.07881,1.07917,1.20,1.37
2015.08.26 22:17:57.900,1.07877,1.07913,1.00,1.12
2015.08.26 22:17:58.001,1.07876,1.07913,1.00,1.87
2015.08.26 22:17:58.357,1.07878,1.07915,1.00,1.00
2015.08.26 22:17:58.620,1.0788,1.07917,1.00,1.50
2015.08.26 22:17:59.396,1.0788,1.07917,1.37,1.00
2015.08.26 22:17:59.938,1.07881,1.07918,1.37,1.00
2015.08.26 22:18:00.252,1.0788,1.07917,1.00,1.37
2015.08.26 22:18:00.557,1.07883,1.07921,1.87,1.37
2015.08.26 22:18:00.889,1.07882,1.07919,1.12,1.37
2015.08.26 22:18:01.143,1.07883,1.0792,1.12,1.37
2015.08.26 22:18:01.607,1.07883,1.0792,1.50,1.37
2015.08.26 22:18:02.133,1.07884,1.0792,1.00,1.37
2015.08.26 22:18:02.791,1.07885,1.07921,1.00,1.37
2015.08.26 22:18:03.283,1.07887,1.07921,1.00,1.37
2015.08.26 22:18:05.026,1.07886,1.07917,1.20,1.37
2015.08.26 22:18:05.196,1.07881,1.07913,1.00,1.00
2015.08.26 22:18:05.298,1.07878,1.07913,1.00,1.00
2015.08.26 22:18:05.450,1.07879,1.07913,1.37,1.00
2015.08.26 22:18:05.502,1.07879,1.07915,1.37,1.00
2015.08.26 22:18:05.654,1.07882,1.07919,1.00,1.37
2015.08.26 22:18:06.170,1.07882,1.07919,1.00,1.37
2015.08.26 22:18:07.601,1.07881,1.07917,1.00,1.37
2015.08.26 22:18:11.068,1.07881,1.07918,1.87,1.12
2015.08.26 22:18:13.425,1.07881,1.07917,1.37,1.00
2015.08.26 22:18:14.041,1.07881,1.07917,1.00,1.75
2015.08.26 22:18:14.143,1.0788,1.07917,1.50,1.37
2015.08.26 22:18:14.245,1.0788,1.0792,1.00,1.37
2015.08.26 22:18:14.764,1.07879,1.07916,1.00,1.00
2015.08.26 22:18:23.660,1.07883,1.0792,1.00,1.37
2015.08.26 22:18:27.192,1.07883,1.0792,1.00,1.50
2015.08.26 22:18:39.817,1.0788,1.07917,1.00,1.37
2015.08.26 22:18:40.318,1.07879,1.07916,1.00,1.37
2015.08.26 22:18:51.634,1.07883,1.07919,1.00,1.37
2015.08.26 22:18:52.005,1.07883,1.0792,1.00,1.75
2015.08.26 22:18:52.056,1.07879,1.07916,1.00,1.37
2015.08.26 22:18:52.580,1.07878,1.07915,1.00,1.37
2015.08.26 22:19:07.054,1.07878,1.07915,1.00,1.37
2015.08.26 22:19:08.056,1.07878,1.07915,1.00,1.37
2015.08.26 22:19:08.107,1.07876,1.07913,1.00,1.37
2015.08.26 22:19:08.423,1.07874,1.07911,1.00,1.00
2015.08.26 22:19:08.932,1.07875,1.07912,1.00,1.37
2015.08.26 22:19:09.630,1.07874,1.07911,1.00,1.12
2015.08.26 22:19:12.060,1.07875,1.07912,1.00,1.37
2015.08.26 22:19:22.473,1.07875,1.07912,1.37,1.00
2015.08.26 22:19:23.022,1.07878,1.07915,1.00,1.37
2015.08.26 22:19:23.377,1.07874,1.07911,1.00,1.00
2015.08.26 22:19:30.397,1.07874,1.07911,1.00,1.37
2015.08.26 22:19:30.705,1.07874,1.07911,1.00,1.37
2015.08.26 22:19:35.698,1.07877,1.07914,1.00,1.50
2015.08.26 22:19:36.205,1.07878,1.07915,1.00,1.37
2015.08.26 22:19:37.691,1.07879,1.07916,1.00,1.37
2015.08.26 22:19:38.269,1.07878,1.07915,1.00,1.37
2015.08.26 22:19:38.808,1.07878,1.07915,1.12,1.37
2015.08.26 22:19:39.458,1.07879,1.07916,1.00,1.37
2015.08.26 22:19:42.431,1.0788,1.07917,1.00,1.37
2015.08.26 22:19:43.821,1.0788,1.07917,1.00,1.37
2015.08.26 22:19:44.176,1.07878,1.07915,1.00,1.37
2015.08.26 22:19:45.148,1.07878,1.07915,1.00,1.37
2015.08.26 22:19:45.200,1.07876,1.07913,1.00,1.37
2015.08.26 22:19:45.404,1.07874,1.07911,1.00,1.00
2015.08.26 22:20:00.493,1.07882,1.07917,1.00,1.50
2015.08.26 22:20:00.544,1.07882,1.07918,1.00,1.12
2015.08.26 22:20:00.595,1.07885,1.07919,1.00,1.75
2015.08.26 22:20:00.698,1.0788,1.07917,1.00,1.00
2015.08.26 22:20:00.749,1.0788,1.07917,1.00,1.87
2015.08.26 22:20:00.801,1.07876,1.07914,1.00,1.12
2015.08.26 22:20:01.004,1.07874,1.07911,1.00,1.00
2015.08.26 22:20:13.540,1.07873,1.0791,1.00,1.00
2015.08.26 22:20:16.305,1.07873,1.0791,1.00,1.37
2015.08.26 22:20:23.312,1.07873,1.0791,1.00,1.37
2015.08.26 22:20:31.065,1.07873,1.0791,1.00,1.37
2015.08.26 22:20:31.628,1.07873,1.0791,1.00,1.37
2015.08.26 22:20:31.831,1.07873,1.0791,1.37,1.00
2015.08.26 22:20:32.239,1.07878,1.07915,1.00,1.37
2015.08.26 22:20:32.822,1.07879,1.07916,1.00,2.25
2015.08.26 22:20:33.477,1.07876,1.07913,1.00,1.75
2015.08.26 22:20:33.990,1.07875,1.07912,1.00,1.75
2015.08.26 22:20:37.009,1.07887,1.07912,1.12,1.75
2015.08.26 22:20:37.060,1.07887,1.07912,1.12,1.12
2015.08.26 22:20:37.213,1.07887,1.07921,1.12,2.25
2015.08.26 22:20:37.315,1.07889,1.07921,1.00,1.75
2015.08.26 22:20:37.823,1.07889,1.07921,1.00,1.75
2015.08.26 22:20:37.875,1.07889,1.07921,1.00,1.75
2015.08.26 22:20:38.406,1.0789,1.07921,1.00,1.75
2015.08.26 22:20:38.867,1.0789,1.07921,1.00,1.37
2015.08.26 22:20:39.071,1.07892,1.07923,1.00,1.50
2015.08.26 22:20:39.578,1.07891,1.07923,1.00,1.50
2015.08.26 22:20:40.274,1.07891,1.07923,1.00,1.75
2015.08.26 22:20:40.580,1.07888,1.07921,1.00,1.75
2015.08.26 22:20:41.089,1.07889,1.0792,1.00,1.75
2015.08.26 22:20:47.977,1.07888,1.0792,1.00,1.75
2015.08.26 22:20:48.485,1.07889,1.0792,1.00,1.75
2015.08.26 22:20:49.042,1.0789,1.0792,1.00,1.75
2015.08.26 22:20:49.547,1.07889,1.0792,1.00,1.75
2015.08.26 22:20:50.068,1.07889,1.0792,1.00,1.75
2015.08.26 22:20:50.381,1.07888,1.0792,1.00,1.75
2015.08.26 22:20:50.911,1.07887,1.0792,1.87,1.75
2015.08.26 22:20:52.249,1.07887,1.0792,1.87,1.75
2015.08.26 22:20:52.504,1.07889,1.07919,1.00,1.75
2015.08.26 22:21:01.088,1.07889,1.0792,1.00,1.75
2015.08.26 22:21:03.082,1.07888,1.07919,1.00,1.75
2015.08.26 22:21:07.978,1.07888,1.07919,1.00,1.75
2015.08.26 22:21:08.093,1.07884,1.07919,1.00,1.75
2015.08.26 22:21:08.194,1.07883,1.07918,1.00,1.75
2015.08.26 22:21:08.729,1.07882,1.07919,1.00,2.25
2015.08.26 22:21:12.411,1.07882,1.07918,1.00,1.75
2015.08.26 22:21:12.746,1.07887,1.07919,1.87,1.75
2015.08.26 22:21:25.958,1.07884,1.07919,1.00,1.75
2015.08.26 22:21:26.468,1.07883,1.07917,1.00,1.75
2015.08.26 22:21:34.511,1.07884,1.07918,1.00,1.75
2015.08.26 22:21:35.285,1.07883,1.07917,1.00,1.75
2015.08.26 22:21:37.261,1.07882,1.07917,1.00,1.75
2015.08.26 22:21:42.703,1.07882,1.07917,1.00,1.75
2015.08.26 22:21:43.247,1.07883,1.07918,1.00,1.75
2015.08.26 22:21:44.823,1.07887,1.0792,1.12,2.25
2015.08.26 22:21:45.424,1.07888,1.0792,1.00,1.75
2015.08.26 22:21:45.883,1.07888,1.0792,1.00,1.37
2015.08.26 22:21:48.890,1.07888,1.0792,1.00,1.75
2015.08.26 22:21:48.992,1.07888,1.0792,1.00,1.37
2015.08.26 22:21:56.307,1.07889,1.0792,1.00,1.37
2015.08.26 22:21:56.409,1.0789,1.0792,1.00,1.00
2015.08.26 22:21:56.562,1.07891,1.07924,1.00,1.00
2015.08.26 22:21:56.715,1.07891,1.07924,1.37,1.00
2015.08.26 22:21:57.233,1.07897,1.07924,1.87,1.00
2015.08.26 22:21:57.774,1.07898,1.07924,1.00,1.00
2015.08.26 22:21:58.657,1.07897,1.07924,1.87,1.00
2015.08.26 22:22:00.435,1.07894,1.07924,1.00,1.00
2015.08.26 22:22:01.015,1.07893,1.07925,1.00,1.12
2015.08.26 22:22:06.947,1.07897,1.07925,1.00,1.00
2015.08.26 22:22:16.626,1.07898,1.07925,1.00,1.00
2015.08.26 22:22:16.981,1.07898,1.07926,1.00,1.50
2015.08.26 22:22:17.159,1.0789,1.07925,1.00,1.37
2015.08.26 22:22:17.516,1.07889,1.07924,1.00,1.37
2015.08.26 22:22:17.729,1.07891,1.07924,1.00,1.37
2015.08.26 22:22:20.106,1.07891,1.07924,1.00,1.37
2015.08.26 22:22:20.310,1.0789,1.07923,1.00,1.12
2015.08.26 22:22:20.818,1.07891,1.07924,1.00,1.37
2015.08.26 22:22:23.525,1.07891,1.07924,1.00,1.12
2015.08.26 22:22:23.729,1.07891,1.07925,1.00,1.50
2015.08.26 22:22:24.250,1.07891,1.07923,1.00,1.50
2015.08.26 22:22:25.062,1.07891,1.07924,1.00,1.50
2015.08.26 22:22:26.232,1.07891,1.07924,1.00,1.37
2015.08.26 22:22:28.465,1.07891,1.07924,1.00,1.75
2015.08.26 22:22:28.517,1.07885,1.07922,1.00,1.87
2015.08.26 22:22:28.568,1.07885,1.07921,1.00,1.87
2015.08.26 22:22:28.620,1.07877,1.07914,1.12,1.00
2015.08.26 22:22:28.778,1.07875,1.07912,1.00,1.00
2015.08.26 22:22:29.186,1.07873,1.0791,1.00,1.00
2015.08.26 22:22:29.733,1.07872,1.07909,1.00,1.00
2015.08.26 22:22:31.354,1.07872,1.07909,1.00,1.37
2015.08.26 22:22:31.697,1.07871,1.07908,1.00,1.37
2015.08.26 22:22:32.250,1.0787,1.07907,1.00,1.37
2015.08.26 22:22:33.003,1.0787,1.07907,1.00,1.37
2015.08.26 22:22:33.176,1.0787,1.07907,1.00,1.75
2015.08.26 22:22:36.214,1.0787,1.07907,1.00,1.75
2015.08.26 22:22:38.322,1.07869,1.07906,1.00,1.75
2015.08.26 22:22:39.177,1.0787,1.07907,1.00,1.75
2015.08.26 22:22:40.525,1.07867,1.07904,1.00,1.75
2015.08.26 22:22:41.035,1.07868,1.07905,1.00,1.75
2015.08.26 22:22:44.698,1.07868,1.07905,1.00,1.37
2015.08.26 22:22:45.105,1.07868,1.07905,1.75,1.00
2015.08.26 22:22:45.156,1.07873,1.0791,1.37,1.37
2015.08.26 22:22:45.207,1.07873,1.0791,1.00,1.37
2015.08.26 22:22:45.259,1.07868,1.07905,1.37,1.00
2015.08.26 22:22:45.310,1.07868,1.07905,1.00,1.00
2015.08.26 22:22:45.818,1.07863,1.079,1.00,1.00
2015.08.26 22:22:47.447,1.07864,1.07901,1.00,1.12
2015.08.26 22:22:47.752,1.0786,1.07897,1.00,1.75
2015.08.26 22:22:47.926,1.0786,1.07897,1.00,1.37
2015.08.26 22:22:48.130,1.0786,1.07897,1.00,1.37
2015.08.26 22:22:48.306,1.0786,1.07897,1.00,1.12
2015.08.26 22:22:48.977,1.07861,1.07898,1.00,1.37
2015.08.26 22:22:49.721,1.07861,1.07898,1.00,1.37
2015.08.26 22:22:50.613,1.0786,1.07897,1.00,1.37
2015.08.26 22:22:52.066,1.07861,1.07898,1.00,1.37
2015.08.26 22:22:53.825,1.07861,1.07898,1.00,1.37
2015.08.26 22:22:54.335,1.07861,1.07898,1.00,1.87
2015.08.26 22:22:54.851,1.07862,1.07898,1.00,1.37
2015.08.26 22:22:55.519,1.07861,1.07898,1.00,1.87
2015.08.26 22:22:56.663,1.0786,1.07897,1.00,1.37
2015.08.26 22:23:02.654,1.0786,1.07897,1.00,1.37
2015.08.26 22:23:09.019,1.07858,1.07895,1.00,1.37
2015.08.26 22:23:09.769,1.07858,1.07895,1.00,1.37
2015.08.26 22:23:10.023,1.07853,1.07892,1.00,1.37
2015.08.26 22:23:10.531,1.07854,1.07891,1.00,1.37
2015.08.26 22:23:11.969,1.07853,1.07892,1.00,1.87
2015.08.26 22:23:15.732,1.07854,1.07891,1.00,1.37
2015.08.26 22:23:16.283,1.07853,1.0789,1.00,1.12
2015.08.26 22:23:16.496,1.07853,1.07891,1.00,2.25
2015.08.26 22:23:16.597,1.07851,1.07888,1.00,1.37
2015.08.26 22:23:16.903,1.07849,1.07886,1.00,1.37
2015.08.26 22:23:17.436,1.0785,1.07887,1.00,1.37
2015.08.26 22:23:18.299,1.07849,1.07886,1.00,1.37
2015.08.26 22:23:19.405,1.0785,1.07887,1.00,1.37
2015.08.26 22:23:20.222,1.07849,1.07886,1.00,1.37
2015.08.26 22:23:20.775,1.0785,1.07887,1.00,1.37
2015.08.26 22:23:21.537,1.07851,1.07888,1.00,1.37
2015.08.26 22:23:21.639,1.07849,1.07886,1.00,1.37
2015.08.26 22:23:22.147,1.0785,1.07887,1.12,1.37
2015.08.26 22:23:22.299,1.0785,1.07887,1.00,1.37
2015.08.26 22:23:22.830,1.07849,1.07886,1.12,1.37
2015.08.26 22:23:42.681,1.07851,1.07888,1.00,1.37
2015.08.26 22:24:06.304,1.07851,1.07888,1.37,1.00
2015.08.26 22:24:29.734,1.07851,1.07886,1.37,1.00
2015.08.26 22:24:34.237,1.07847,1.07881,1.87,1.00
2015.08.26 22:24:34.340,1.07847,1.07881,1.50,1.00
2015.08.26 22:24:34.850,1.07845,1.0788,1.37,1.00
2015.08.26 22:24:40.832,1.07845,1.07879,1.37,1.00
2015.08.26 22:24:52.219,1.07845,1.0788,1.37,1.00
2015.08.26 22:25:02.139,1.07847,1.0788,1.37,1.00
2015.08.26 22:25:02.292,1.07851,1.07883,1.37,1.00
2015.08.26 22:25:02.344,1.07851,1.07883,1.37,1.00
2015.08.26 22:25:02.396,1.07853,1.07886,1.37,1.00
2015.08.26 22:25:02.902,1.07853,1.07887,1.37,1.00
2015.08.26 22:25:03.208,1.07853,1.07888,1.37,1.00
2015.08.26 22:25:04.942,1.07853,1.07887,1.37,1.00
2015.08.26 22:25:05.957,1.07853,1.07888,1.37,1.00
2015.08.26 22:25:06.465,1.07853,1.07887,1.37,1.00
2015.08.26 22:25:06.972,1.07853,1.07887,1.37,1.00
2015.08.26 22:25:07.407,1.07853,1.07887,1.37,1.00
2015.08.26 22:25:07.915,1.07853,1.07886,1.37,1.00
2015.08.26 22:25:08.447,1.07853,1.07887,1.37,1.00
2015.08.26 22:25:10.532,1.07853,1.07887,1.37,1.00
2015.08.26 22:25:18.676,1.07859,1.07888,1.37,1.00
2015.08.26 22:25:18.830,1.07859,1.07892,1.37,1.00
2015.08.26 22:25:18.882,1.07859,1.07892,1.50,1.00
2015.08.26 22:25:18.934,1.07859,1.07895,1.75,1.00
2015.08.26 22:25:19.449,1.07862,1.07896,1.37,1.00
2015.08.26 22:25:19.961,1.07862,1.07895,1.37,1.00
2015.08.26 22:25:20.487,1.07862,1.07896,1.37,1.00
2015.08.26 22:25:21.257,1.07863,1.07896,1.37,1.00
2015.08.26 22:25:21.674,1.07868,1.07894,1.75,1.00
2015.08.26 22:25:21.776,1.07869,1.079,1.75,1.00
2015.08.26 22:25:21.827,1.07869,1.07902,1.75,1.50
2015.08.26 22:25:22.816,1.07871,1.07903,1.37,1.00
2015.08.26 22:25:22.872,1.07871,1.07903,1.12,1.00
2015.08.26 22:25:22.984,1.07871,1.07904,1.50,1.50
2015.08.26 22:25:29.366,1.07872,1.07903,1.37,1.00
2015.08.26 22:25:29.518,1.07872,1.07903,1.37,1.00
2015.08.26 22:25:38.959,1.07872,1.07903,1.37,1.00
2015.08.26 22:25:40.867,1.07871,1.07903,1.37,1.00
2015.08.26 22:25:40.918,1.07871,1.07899,1.37,1.00
2015.08.26 22:25:41.121,1.07869,1.07898,1.12,1.00
2015.08.26 22:25:41.274,1.0787,1.07899,1.37,1.00
2015.08.26 22:25:41.477,1.0787,1.07902,1.37,1.00
2015.08.26 22:25:41.985,1.07871,1.07902,1.37,1.00
2015.08.26 22:25:42.036,1.07871,1.07897,1.37,1.00
2015.08.26 22:25:42.341,1.0787,1.07895,1.37,1.00
2015.08.26 22:25:42.874,1.0787,1.07896,1.37,1.00
2015.08.26 22:25:44.178,1.0787,1.07896,1.12,1.00
2015.08.26 22:25:44.330,1.0787,1.07894,1.12,1.00
2015.08.26 22:25:44.927,1.07869,1.07894,1.12,1.00
2015.08.26 22:25:45.436,1.07866,1.07893,1.37,1.00
2015.08.26 22:25:46.286,1.07865,1.07892,1.37,1.00
2015.08.26 22:25:46.885,1.07865,1.07892,1.37,1.00
2015.08.26 22:25:53.254,1.07865,1.07893,1.37,1.00
2015.08.26 22:25:53.514,1.07865,1.07893,1.37,1.00
2015.08.26 22:25:53.858,1.07876,1.07901,2.10,1.00
2015.08.26 22:25:54.011,1.07882,1.07907,1.37,1.00
2015.08.26 22:25:54.518,1.07882,1.07908,1.37,1.00
2015.08.26 22:25:55.027,1.07881,1.07908,1.37,1.00
2015.08.26 22:25:55.573,1.07881,1.07909,1.37,1.00
2015.08.26 22:25:56.333,1.07883,1.0791,1.12,1.00
2015.08.26 22:25:59.302,1.0788,1.07909,1.37,1.00
2015.08.26 22:26:01.589,1.0788,1.0791,1.37,1.00
2015.08.26 22:26:02.122,1.0788,1.0791,1.37,1.00
2015.08.26 22:26:04.232,1.07877,1.0791,2.25,1.00
2015.08.26 22:26:04.334,1.07877,1.07908,1.37,1.00
2015.08.26 22:26:04.413,1.07877,1.07908,1.37,1.00
2015.08.26 22:26:04.465,1.07877,1.07906,1.37,1.00
2015.08.26 22:26:15.519,1.07876,1.07905,1.75,1.00
2015.08.26 22:26:15.570,1.0788,1.07911,1.50,1.00
2015.08.26 22:26:15.673,1.0788,1.07911,1.37,1.00
2015.08.26 22:26:15.775,1.0788,1.07908,1.75,1.00
2015.08.26 22:26:15.877,1.0788,1.07912,1.00,1.00
2015.08.26 22:26:15.980,1.07883,1.07912,1.00,1.00
2015.08.26 22:26:16.133,1.07883,1.07914,1.00,1.00
2015.08.26 22:26:16.763,1.07883,1.07914,1.50,1.00
2015.08.26 22:26:17.741,1.07883,1.07913,1.50,1.00
2015.08.26 22:26:21.165,1.07883,1.07912,1.50,1.00
2015.08.26 22:26:22.362,1.07881,1.07913,1.75,1.00
2015.08.26 22:26:23.167,1.07882,1.07913,1.50,1.00
2015.08.26 22:26:31.082,1.07882,1.07913,1.75,1.00
2015.08.26 22:26:37.026,1.07884,1.07912,1.00,1.00
2015.08.26 22:26:37.129,1.07881,1.07912,1.12,1.00
2015.08.26 22:26:37.231,1.0788,1.07907,1.75,1.00
2015.08.26 22:26:37.333,1.07881,1.07909,1.75,1.00
2015.08.26 22:26:37.607,1.07881,1.07909,1.37,1.00
2015.08.26 22:26:38.115,1.07881,1.07909,1.37,1.00
2015.08.26 22:26:38.574,1.07881,1.07914,1.37,1.00
2015.08.26 22:26:40.527,1.07882,1.07914,1.75,1.00
2015.08.26 22:26:40.781,1.07882,1.07916,1.75,1.00
2015.08.26 22:26:41.973,1.07882,1.07914,1.75,1.50
2015.08.26 22:26:42.667,1.07882,1.07913,1.75,1.00
2015.08.26 22:26:43.649,1.07882,1.07911,1.75,1.00
2015.08.26 22:27:00.152,1.07882,1.07911,1.75,1.00
2015.08.26 22:27:00.467,1.07887,1.07916,2.62,1.00
2015.08.26 22:27:01.000,1.07888,1.07916,1.37,1.00
2015.08.26 22:27:03.094,1.07888,1.07917,1.37,1.00
2015.08.26 22:27:03.297,1.07889,1.07923,1.37,1.00
2015.08.26 22:27:19.118,1.0789,1.07923,1.00,1.00
2015.08.26 22:27:19.170,1.0789,1.07921,1.00,1.00
2015.08.26 22:27:22.819,1.0789,1.07921,1.37,1.00
2015.08.26 22:27:23.324,1.0789,1.07922,1.37,1.00
2015.08.26 22:27:47.515,1.0789,1.07923,1.37,1.00
2015.08.26 22:28:02.800,1.0789,1.07922,1.37,1.00
2015.08.26 22:28:03.307,1.07889,1.07921,1.37,1.00
2015.08.26 22:28:04.098,1.07889,1.07921,1.37,1.00
2015.08.26 22:28:04.301,1.07888,1.07921,1.00,1.87
2015.08.26 22:28:04.352,1.07888,1.07916,1.00,1.00
2015.08.26 22:28:04.606,1.07881,1.07911,1.00,1.00
2015.08.26 22:28:04.708,1.0788,1.07913,1.12,1.00
2015.08.26 22:28:05.114,1.07881,1.07912,1.37,1.00
2015.08.26 22:28:05.660,1.07881,1.07912,1.37,1.00
2015.08.26 22:28:06.191,1.07881,1.07913,1.37,1.00
2015.08.26 22:28:06.902,1.07881,1.07914,1.37,1.00
2015.08.26 22:28:09.106,1.07881,1.07913,1.37,1.00
2015.08.26 22:28:14.888,1.07881,1.07914,1.37,1.00
2015.08.26 22:28:16.913,1.07881,1.07912,1.12,1.12
2015.08.26 22:28:17.116,1.07879,1.0791,1.37,1.00
2015.08.26 22:28:23.643,1.07879,1.0791,1.37,1.00
2015.08.26 22:28:26.658,1.07879,1.07909,1.37,1.00
2015.08.26 22:28:27.166,1.07879,1.07909,1.00,1.00
2015.08.26 22:28:29.135,1.07879,1.07909,1.37,1.00
2015.08.26 22:28:29.237,1.0788,1.07911,1.12,1.00
2015.08.26 22:28:29.339,1.0788,1.07913,1.12,1.00
2015.08.26 22:28:29.390,1.07882,1.07913,1.00,1.00
2015.08.26 22:28:31.028,1.07881,1.07913,1.00,1.00
2015.08.26 22:28:31.333,1.07879,1.07909,1.00,1.00
2015.08.26 22:28:31.656,1.07874,1.07897,1.37,1.00
2015.08.26 22:28:31.758,1.07874,1.07897,1.12,1.00
2015.08.26 22:28:31.860,1.07871,1.07895,1.87,1.00
2015.08.26 22:28:31.962,1.07871,1.07907,1.37,1.37
2015.08.26 22:28:32.282,1.07871,1.07903,1.37,1.00
2015.08.26 22:28:32.384,1.07871,1.07905,1.37,1.12
2015.08.26 22:28:32.894,1.07871,1.07904,1.37,1.00
2015.08.26 22:28:37.146,1.07872,1.07905,1.37,1.12
2015.08.26 22:28:38.350,1.07871,1.07904,2.62,1.12
2015.08.26 22:28:38.655,1.0787,1.07902,1.37,1.00
2015.08.26 22:28:45.387,1.0787,1.07901,1.00,1.00
2015.08.26 22:28:45.888,1.0787,1.079,1.00,1.00
2015.08.26 22:28:59.026,1.0787,1.07901,1.50,1.00
2015.08.26 22:28:59.534,1.07871,1.07902,1.00,1.00
2015.08.26 22:29:00.029,1.07871,1.07904,1.00,1.00
2015.08.26 22:29:00.412,1.07869,1.07904,1.00,1.87
2015.08.26 22:29:00.717,1.07865,1.07899,1.50,1.37
2015.08.26 22:29:00.971,1.07861,1.07893,2.25,1.00
2015.08.26 22:29:01.499,1.07861,1.07895,2.40,1.00
2015.08.26 22:29:02.117,1.07861,1.07894,2.40,1.00
2015.08.26 22:29:02.422,1.07862,1.07897,1.20,1.37
2015.08.26 22:29:02.626,1.07864,1.07897,1.00,1.00
2015.08.26 22:29:03.148,1.07865,1.07897,1.00,1.00
2015.08.26 22:29:09.201,1.07864,1.07897,1.87,1.00
2015.08.26 22:29:09.777,1.07865,1.07897,1.00,1.00
2015.08.26 22:29:10.061,1.07863,1.07897,1.87,1.00
2015.08.26 22:29:10.113,1.07863,1.07894,1.12,1.00
2015.08.26 22:29:10.631,1.07863,1.07895,1.00,1.00
2015.08.26 22:29:12.340,1.07863,1.07894,1.00,1.00
2015.08.26 22:29:12.867,1.07862,1.07894,1.00,1.00
2015.08.26 22:29:17.049,1.07863,1.07895,1.00,1.00
2015.08.26 22:29:32.986,1.07863,1.07897,1.00,1.12
2015.08.26 22:29:33.088,1.07868,1.07897,1.00,1.00
2015.08.26 22:29:33.240,1.0787,1.07907,1.87,1.12
2015.08.26 22:29:33.291,1.07872,1.07909,1.37,1.00
2015.08.26 22:29:33.596,1.07874,1.07911,1.87,1.00
2015.08.26 22:29:33.955,1.07876,1.07913,1.37,1.12
2015.08.26 22:29:38.954,1.07876,1.07913,1.50,1.00
2015.08.26 22:29:39.056,1.07881,1.07916,1.00,1.12
2015.08.26 22:29:39.158,1.07878,1.07913,1.12,1.00
2015.08.26 22:29:40.886,1.07876,1.07913,1.12,1.37
2015.08.26 22:29:50.606,1.07876,1.07913,1.00,1.75
2015.08.26 22:29:50.709,1.07874,1.07909,1.00,1.37
2015.08.26 22:29:50.964,1.07871,1.07908,1.12,1.37
2015.08.26 22:29:51.490,1.07871,1.07907,1.00,1.37
2015.08.26 22:29:57.001,1.07871,1.07907,1.37,1.12
2015.08.26 22:30:01.303,1.07871,1.07908,1.00,1.87
2015.08.26 22:30:05.887,1.07872,1.07909,1.00,1.37
2015.08.26 22:30:06.141,1.07872,1.07908,1.00,1.50
2015.08.26 22:30:06.414,1.07868,1.07905,1.00,1.37
2015.08.26 22:30:07.026,1.07868,1.07903,1.37,1.00
2015.08.26 22:30:07.403,1.07877,1.07908,1.00,1.37
2015.08.26 22:30:07.557,1.07877,1.07911,1.87,1.12
2015.08.26 22:30:07.964,1.07879,1.07913,1.37,1.00
2015.08.26 22:30:08.016,1.07879,1.07916,1.37,1.12
2015.08.26 22:30:08.067,1.07879,1.07916,1.12,1.37
2015.08.26 22:30:08.170,1.07881,1.07918,1.00,1.12
2015.08.26 22:30:08.446,1.07886,1.07918,1.12,1.00
2015.08.26 22:30:08.649,1.07887,1.0792,1.12,1.00
2015.08.26 22:30:08.700,1.07885,1.0792,1.00,1.00
2015.08.26 22:30:09.057,1.07885,1.07922,1.00,1.00
2015.08.26 22:30:11.159,1.07886,1.07923,1.00,1.50
2015.08.26 22:30:11.695,1.07885,1.07922,1.00,1.50
2015.08.26 22:30:23.715,1.07886,1.07922,1.00,1.00
2015.08.26 22:30:24.297,1.07885,1.07922,1.00,1.00
2015.08.26 22:30:24.900,1.07884,1.07921,1.00,1.00
2015.08.26 22:30:25.457,1.07885,1.07922,1.00,1.50
2015.08.26 22:30:25.966,1.07884,1.07921,1.00,1.00
2015.08.26 22:30:27.452,1.07885,1.07922,1.00,1.50
2015.08.26 22:30:28.176,1.07884,1.07921,1.00,1.00
2015.08.26 22:30:28.970,1.07883,1.0792,1.00,1.00
2015.08.26 22:30:30.630,1.07881,1.07918,1.00,1.00
2015.08.26 22:30:30.935,1.07879,1.07915,1.37,1.00
2015.08.26 22:30:31.442,1.07879,1.07914,1.37,1.00
2015.08.26 22:30:33.521,1.07879,1.07913,1.37,1.00
2015.08.26 22:30:33.826,1.07879,1.07915,1.12,1.00
2015.08.26 22:30:33.978,1.07879,1.07915,1.37,1.00
2015.08.26 22:30:34.520,1.07879,1.07916,1.37,1.00
2015.08.26 22:30:41.203,1.0788,1.07917,1.37,1.00
2015.08.26 22:30:54.800,1.07882,1.07919,1.00,1.50
2015.08.26 22:30:55.344,1.07882,1.07919,1.37,1.00
2015.08.26 22:31:03.198,1.0788,1.07917,1.37,1.00
2015.08.26 22:31:03.326,1.0788,1.07917,1.37,1.00
2015.08.26 22:31:09.748,1.0788,1.07917,1.87,1.00
2015.08.26 22:31:09.852,1.07882,1.07919,1.37,1.00
2015.08.26 22:31:10.339,1.07882,1.07919,1.37,1.00
2015.08.26 22:31:13.424,1.07881,1.07918,1.87,1.00
2015.08.26 22:31:13.576,1.0788,1.07917,1.87,1.12
2015.08.26 22:31:13.728,1.0788,1.07916,1.12,1.00
2015.08.26 22:31:13.830,1.07879,1.07916,1.75,1.00
2015.08.26 22:31:14.410,1.0788,1.07917,1.75,1.00
2015.08.26 22:31:17.683,1.0788,1.07917,2.25,1.00
2015.08.26 22:31:18.187,1.07879,1.07916,1.37,1.00
2015.08.26 22:31:20.445,1.07879,1.07916,1.37,1.00
2015.08.26 22:31:24.811,1.07879,1.07916,1.00,1.37
2015.08.26 22:31:28.873,1.07879,1.07912,1.00,1.00
2015.08.26 22:31:29.181,1.07877,1.07911,1.12,1.37
2015.08.26 22:31:29.234,1.07873,1.07911,1.37,1.37
2015.08.26 22:31:29.286,1.07871,1.0791,1.37,1.37
2015.08.26 22:31:29.694,1.07869,1.07906,1.37,1.00
2015.08.26 22:31:30.234,1.0787,1.07907,1.87,1.12
2015.08.26 22:31:31.503,1.0787,1.07907,1.12,1.37
2015.08.26 22:31:31.808,1.0787,1.07907,1.12,1.12
2015.08.26 22:31:32.335,1.07869,1.07906,1.87,1.00
2015.08.26 22:31:32.857,1.07869,1.07906,1.87,1.37
2015.08.26 22:31:42.831,1.0787,1.07907,1.12,1.12
2015.08.26 22:31:43.673,1.07871,1.07907,1.00,1.12
2015.08.26 22:31:43.876,1.07872,1.0791,1.00,1.37
2015.08.26 22:31:44.131,1.07874,1.0791,1.00,1.12
2015.08.26 22:31:44.643,1.07875,1.0791,1.00,1.12
2015.08.26 22:31:45.919,1.07874,1.0791,1.00,1.12
2015.08.26 22:31:46.423,1.07875,1.0791,1.00,1.12
2015.08.26 22:31:52.496,1.07874,1.0791,1.00,1.87
2015.08.26 22:31:53.373,1.07874,1.07909,1.00,1.50
2015.08.26 22:31:53.713,1.07874,1.07909,1.37,1.50
2015.08.26 22:31:54.370,1.07874,1.07908,1.37,1.00
2015.08.26 22:32:01.363,1.07874,1.07907,1.37,1.00
2015.08.26 22:32:02.688,1.07874,1.07907,1.37,1.00
2015.08.26 22:32:03.212,1.07874,1.07908,1.37,1.00
2015.08.26 22:32:04.478,1.07874,1.07907,1.37,1.00
2015.08.26 22:32:06.071,1.07874,1.07908,1.37,1.00
2015.08.26 22:32:06.891,1.07873,1.07907,1.37,1.00
2015.08.26 22:32:08.434,1.07873,1.07907,1.37,1.50
2015.08.26 22:32:09.349,1.07872,1.07907,1.37,1.50
2015.08.26 22:32:09.552,1.0787,1.07907,1.37,1.37
2015.08.26 22:32:09.655,1.07868,1.07899,1.37,1.00
2015.08.26 22:32:09.758,1.07867,1.07899,1.12,1.50
2015.08.26 22:32:09.860,1.07861,1.07894,1.37,1.00
2015.08.26 22:32:10.153,1.0786,1.07893,1.37,1.00
2015.08.26 22:32:10.693,1.07859,1.07892,1.37,1.00
2015.08.26 22:32:11.962,1.07859,1.07892,1.37,1.00
2015.08.26 22:32:21.188,1.07856,1.0789,1.37,1.00
2015.08.26 22:32:21.393,1.07854,1.0789,1.37,1.12
2015.08.26 22:32:21.444,1.07854,1.07888,1.37,1.00
2015.08.26 22:32:21.952,1.0785,1.07887,1.75,1.50
2015.08.26 22:32:23.391,1.0785,1.07885,1.75,1.00
2015.08.26 22:32:23.941,1.07851,1.07886,1.75,1.00
2015.08.26 22:32:24.399,1.07851,1.07886,1.75,1.00
2015.08.26 22:32:24.938,1.07853,1.07887,1.75,1.00
2015.08.26 22:32:25.040,1.07858,1.07889,1.37,1.00
2015.08.26 22:32:25.549,1.07858,1.07888,1.37,1.00
2015.08.26 22:32:26.098,1.07859,1.07888,1.37,1.00
2015.08.26 22:32:26.149,1.07859,1.07892,1.37,1.00
2015.08.26 22:32:27.032,1.07859,1.07893,1.37,1.00
2015.08.26 22:32:37.127,1.07859,1.07892,1.37,1.00
2015.08.26 22:32:38.694,1.07859,1.07891,1.37,1.00
2015.08.26 22:32:42.848,1.07859,1.0789,1.37,1.00
2015.08.26 22:32:42.950,1.07859,1.0789,1.37,1.00
2015.08.26 22:32:43.561,1.07859,1.07889,1.37,1.00
2015.08.26 22:32:56.277,1.07859,1.0789,1.37,1.00
2015.08.26 22:32:57.230,1.07859,1.0789,1.00,1.12
2015.08.26 22:32:57.486,1.07853,1.07885,1.50,1.00
2015.08.26 22:33:00.969,1.07854,1.07885,1.75,1.00
2015.08.26 22:33:01.123,1.07854,1.07887,1.75,1.00
2015.08.26 22:33:01.690,1.07854,1.07888,1.75,1.00
2015.08.26 22:33:05.379,1.07854,1.07888,1.37,1.00
2015.08.26 22:33:09.592,1.07854,1.07887,1.37,1.00
2015.08.26 22:33:11.592,1.07854,1.07887,1.37,1.00
2015.08.26 22:33:11.795,1.07853,1.07885,1.37,1.00
2015.08.26 22:33:14.582,1.07853,1.07885,1.50,1.00
2015.08.26 22:33:14.888,1.07861,1.07894,1.37,1.00
2015.08.26 22:33:15.419,1.07862,1.07895,1.37,1.00
2015.08.26 22:33:30.612,1.07862,1.07895,1.37,1.00
2015.08.26 22:33:30.663,1.07862,1.07895,1.75,1.00
2015.08.26 22:33:30.816,1.07867,1.07897,1.12,1.12
2015.08.26 22:33:30.918,1.07866,1.07896,1.50,1.00
2015.08.26 22:33:31.057,1.07866,1.079,1.37,1.00
2015.08.26 22:33:31.265,1.07865,1.079,1.37,1.00
2015.08.26 22:33:31.774,1.07865,1.07899,1.37,1.00
2015.08.26 22:33:32.356,1.07865,1.079,1.37,1.50
2015.08.26 22:33:32.888,1.07864,1.07899,1.37,1.50
2015.08.26 22:33:33.500,1.07864,1.07898,1.37,1.00
2015.08.26 22:33:37.843,1.07865,1.07897,1.37,1.00
2015.08.26 22:33:48.479,1.07864,1.07897,1.37,1.00
2015.08.26 22:33:48.989,1.07863,1.07897,1.37,1.00
2015.08.26 22:33:49.575,1.07863,1.07897,1.00,1.12
2015.08.26 22:33:49.626,1.07862,1.07894,1.12,1.00
2015.08.26 22:33:54.709,1.0786,1.0789,1.00,1.00
2015.08.26 22:33:54.760,1.07857,1.0789,1.87,1.00
2015.08.26 22:33:54.811,1.07857,1.0789,1.87,1.37
2015.08.26 22:33:55.401,1.07857,1.07885,1.12,1.00
2015.08.26 22:33:55.711,1.07849,1.07881,1.00,1.00
2015.08.26 22:33:56.219,1.0785,1.07882,1.00,1.00
2015.08.26 22:34:05.361,1.0785,1.07882,1.75,1.00
2015.08.26 22:34:05.463,1.07852,1.07884,1.37,1.00
2015.08.26 22:34:05.515,1.07852,1.07884,1.75,1.00
2015.08.26 22:34:05.617,1.07853,1.07884,1.37,1.00
2015.08.26 22:34:05.668,1.07857,1.07884,1.00,1.00
2015.08.26 22:34:05.720,1.07857,1.07888,1.37,1.00
2015.08.26 22:34:05.924,1.07857,1.0789,2.25,1.00
2015.08.26 22:34:09.746,1.07859,1.07896,1.12,1.87
2015.08.26 22:34:10.499,1.0786,1.07896,1.00,1.37
2015.08.26 22:34:13.253,1.0786,1.07896,1.00,1.37
2015.08.26 22:34:13.761,1.07859,1.07895,1.00,1.37
2015.08.26 22:34:14.796,1.0786,1.07895,1.00,1.37
2015.08.26 22:34:19.068,1.0786,1.07895,1.00,1.37
2015.08.26 22:34:19.578,1.0786,1.07897,1.00,1.87
2015.08.26 22:34:22.751,1.0786,1.07889,1.00,1.00
2015.08.26 22:34:23.058,1.07859,1.07887,1.00,1.00
2015.08.26 22:34:23.608,1.0786,1.07895,1.00,1.37
2015.08.26 22:34:23.987,1.0786,1.07895,1.00,1.37
2015.08.26 22:34:24.440,1.0786,1.07894,1.12,1.00
2015.08.26 22:34:24.978,1.0786,1.07895,1.12,1.12
2015.08.26 22:34:29.085,1.07856,1.07893,1.37,1.00
2015.08.26 22:35:14.772,1.07857,1.07894,1.37,1.00
2015.08.26 22:35:27.972,1.07861,1.07897,1.37,1.12
2015.08.26 22:35:28.483,1.07862,1.07898,1.00,1.50
2015.08.26 22:35:31.671,1.07862,1.07898,1.00,1.87
2015.08.26 22:35:32.059,1.07862,1.07895,1.00,1.00
2015.08.26 22:35:32.161,1.07862,1.07897,1.00,1.12
2015.08.26 22:35:32.685,1.07861,1.07896,1.00,1.00
2015.08.26 22:35:40.164,1.07861,1.07896,1.00,1.37
2015.08.26 22:35:43.405,1.07861,1.07897,1.37,1.37
2015.08.26 22:35:53.910,1.07862,1.07898,1.00,1.00
2015.08.26 22:35:59.536,1.07863,1.07898,1.00,1.00
2015.08.26 22:36:00.856,1.07863,1.07898,1.37,1.00
2015.08.26 22:36:01.009,1.07865,1.079,1.00,1.00
2015.08.26 22:36:01.314,1.07866,1.07903,1.00,3.37
2015.08.26 22:36:04.674,1.07866,1.07903,1.12,2.25
2015.08.26 22:36:09.007,1.07863,1.079,1.00,1.37
2015.08.26 22:36:09.527,1.07863,1.079,1.37,1.87
2015.08.26 22:36:09.578,1.07863,1.079,1.37,1.87
2015.08.26 22:36:09.686,1.07863,1.07898,1.37,1.00
2015.08.26 22:36:10.635,1.07863,1.07898,1.12,1.37
2015.08.26 22:36:10.686,1.07863,1.079,1.37,1.87
2015.08.26 22:36:11.295,1.07863,1.079,1.37,1.50
2015.08.26 22:36:11.346,1.07863,1.07898,1.37,1.00
2015.08.26 22:36:11.723,1.07863,1.07897,1.00,1.37
2015.08.26 22:36:12.336,1.07862,1.07896,1.00,1.37
2015.08.26 22:36:15.517,1.07862,1.07897,1.50,1.00
2015.08.26 22:36:15.722,1.07863,1.07899,1.37,1.00
2015.08.26 22:36:15.825,1.07863,1.07899,1.50,1.00
2015.08.26 22:36:15.927,1.07866,1.07903,1.00,1.37
2015.08.26 22:36:16.051,1.07867,1.07904,1.00,2.25
2015.08.26 22:36:16.103,1.07867,1.07904,1.37,1.87
2015.08.26 22:36:16.611,1.07869,1.07906,1.37,1.87
2015.08.26 22:36:31.633,1.07867,1.07904,1.37,1.00
2015.08.26 22:36:31.937,1.07864,1.07901,1.37,1.00
2015.08.26 22:36:32.647,1.07866,1.07903,1.37,1.87
2015.08.26 22:36:32.954,1.07872,1.07905,1.37,1.00
2015.08.26 22:36:33.005,1.07872,1.07909,1.37,1.37
2015.08.26 22:36:34.661,1.07873,1.0791,1.37,1.12
2015.08.26 22:36:57.877,1.07873,1.0791,1.00,1.37
2015.08.26 22:37:00.975,1.07873,1.0791,1.00,2.25
2015.08.26 22:37:01.174,1.07873,1.07909,1.12,1.37
2015.08.26 22:37:01.326,1.07872,1.07908,1.75,1.00
2015.08.26 22:37:01.428,1.07872,1.07908,1.37,1.00
2015.08.26 22:37:01.683,1.07873,1.0791,1.37,1.00
2015.08.26 22:37:01.735,1.07873,1.0791,1.00,2.25
2015.08.26 22:37:02.403,1.07873,1.07909,1.00,1.37
2015.08.26 22:37:02.505,1.07873,1.07909,1.00,1.12
2015.08.26 22:37:02.814,1.07873,1.07908,1.00,1.37
2015.08.26 22:37:05.524,1.07877,1.07906,1.12,1.00
2015.08.26 22:37:05.576,1.07877,1.07908,1.12,1.00
2015.08.26 22:37:05.627,1.07879,1.07908,1.00,1.00
2015.08.26 22:37:05.780,1.07879,1.07911,1.00,1.12
2015.08.26 22:37:05.937,1.07881,1.07912,1.00,1.37
2015.08.26 22:37:06.039,1.07881,1.07913,1.00,1.87
2015.08.26 22:37:14.668,1.07881,1.07913,1.00,1.87
2015.08.26 22:37:14.846,1.07881,1.07913,1.00,1.87
2015.08.26 22:37:19.700,1.0788,1.07913,1.00,1.87
2015.08.26 22:37:20.234,1.07881,1.07912,1.00,1.00
2015.08.26 22:37:21.731,1.07881,1.07913,1.00,1.12
2015.08.26 22:37:54.860,1.07877,1.07909,1.12,1.75
2015.08.26 22:37:54.912,1.07872,1.07909,1.00,1.75
2015.08.26 22:37:54.963,1.07872,1.07909,1.00,1.37
2015.08.26 22:37:55.066,1.07871,1.07907,1.00,1.75
2015.08.26 22:37:55.117,1.07868,1.07905,1.00,1.50
2015.08.26 22:37:55.396,1.07867,1.07899,1.00,1.37
2015.08.26 22:37:55.447,1.07865,1.07899,1.00,1.37
2015.08.26 22:38:05.186,1.07865,1.07899,1.00,1.75
2015.08.26 22:38:05.237,1.07862,1.07899,1.00,2.25
2015.08.26 22:38:05.339,1.0786,1.07897,1.00,1.50
2015.08.26 22:38:05.390,1.0786,1.07897,1.00,2.25
2015.08.26 22:38:05.441,1.07857,1.07894,1.50,1.75
2015.08.26 22:38:05.570,1.07857,1.07891,1.12,1.00
2015.08.26 22:38:06.079,1.07857,1.07894,1.12,1.37
2015.08.26 22:38:06.598,1.07858,1.07895,1.00,1.87
2015.08.26 22:38:08.409,1.0786,1.07895,1.00,1.37
2015.08.26 22:38:19.177,1.07861,1.07895,1.50,1.37
2015.08.26 22:38:23.739,1.07859,1.07895,1.50,1.37
2015.08.26 22:38:24.796,1.0786,1.07895,1.00,1.37
2015.08.26 22:38:31.881,1.07859,1.07893,1.00,1.87
2015.08.26 22:38:32.084,1.07859,1.07893,1.12,1.00
2015.08.26 22:38:32.592,1.07859,1.07895,1.12,1.87
2015.08.26 22:38:33.451,1.0786,1.07895,1.00,1.87
2015.08.26 22:38:33.678,1.0786,1.07894,1.00,1.50
2015.08.26 22:38:33.780,1.0786,1.07893,1.00,1.00
2015.08.26 22:38:34.289,1.07859,1.07896,1.87,1.87
2015.08.26 22:38:34.837,1.0786,1.07896,1.00,1.87
2015.08.26 22:38:39.364,1.0786,1.07893,1.00,1.00
2015.08.26 22:38:39.416,1.0786,1.07893,1.00,1.87
2015.08.26 22:38:39.468,1.07856,1.07893,2.40,1.87
2015.08.26 22:38:39.621,1.07855,1.07892,1.00,1.50
2015.08.26 22:38:39.672,1.07853,1.0789,1.00,1.37
2015.08.26 22:38:42.324,1.07853,1.0789,1.00,1.50
2015.08.26 22:38:48.462,1.07852,1.07889,1.00,1.00
2015.08.26 22:38:53.405,1.07851,1.07888,1.50,1.00
2015.08.26 22:38:53.457,1.07851,1.07888,1.00,1.37
2015.08.26 22:38:54.003,1.0785,1.07887,1.00,1.87
2015.08.26 22:39:01.207,1.07851,1.07887,1.20,1.37
2015.08.26 22:39:02.254,1.07852,1.07887,1.00,1.37
2015.08.26 22:39:03.361,1.07853,1.07887,1.00,1.37
2015.08.26 22:39:07.672,1.07853,1.07887,1.00,1.50
2015.08.26 22:39:08.182,1.07851,1.07885,1.65,1.12
2015.08.26 22:39:08.693,1.07852,1.07885,1.00,1.12
2015.08.26 22:39:09.909,1.07853,1.07885,1.00,1.12
2015.08.26 22:39:15.858,1.07852,1.07885,1.00,1.12
2015.08.26 22:39:18.535,1.07852,1.07888,1.00,2.62
2015.08.26 22:39:18.840,1.07852,1.07886,1.00,1.87
2015.08.26 22:39:19.297,1.07851,1.07884,1.50,2.62
2015.08.26 22:39:19.704,1.07851,1.07882,1.00,1.37
2015.08.26 22:39:20.237,1.0785,1.07882,1.00,1.37
2015.08.26 22:39:22.100,1.0785,1.07882,1.00,1.12
2015.08.26 22:39:22.976,1.0785,1.07881,1.00,1.00
2015.08.26 22:39:23.027,1.0785,1.07881,1.00,1.37
2015.08.26 22:39:23.078,1.07847,1.07883,1.00,1.37
2015.08.26 22:39:23.477,1.07846,1.07881,1.00,1.00
2015.08.26 22:39:23.782,1.07851,1.07882,1.00,1.12
2015.08.26 22:39:24.978,1.07852,1.07883,1.00,1.37
2015.08.26 22:39:31.766,1.07852,1.07881,1.00,1.37
2015.08.26 22:39:31.818,1.07848,1.07881,1.00,1.37
2015.08.26 22:39:32.022,1.07846,1.07879,1.50,1.37
2015.08.26 22:39:32.733,1.07846,1.07879,1.00,1.37
2015.08.26 22:39:32.929,1.07844,1.07878,1.00,1.37
2015.08.26 22:39:33.336,1.07843,1.0788,1.12,1.87
2015.08.26 22:39:33.439,1.07843,1.0788,1.37,1.87
2015.08.26 22:39:33.845,1.07843,1.0788,1.37,1.00
2015.08.26 22:39:44.891,1.07847,1.07884,1.37,2.25
2015.08.26 22:39:48.202,1.07848,1.07885,1.00,1.37
2015.08.26 22:39:48.732,1.07847,1.07884,1.12,1.37
2015.08.26 22:39:57.959,1.07844,1.07881,1.87,1.00
2015.08.26 22:39:58.113,1.07844,1.0788,1.37,1.12
2015.08.26 22:40:00.810,1.07844,1.07881,1.37,1.00
2015.08.26 22:40:01.115,1.07844,1.07881,2.25,1.00
2015.08.26 22:40:04.896,1.07847,1.07882,1.37,1.00
2015.08.26 22:40:06.996,1.07848,1.07884,1.37,1.00
2015.08.26 22:40:14.950,1.07849,1.07886,1.37,1.87
2015.08.26 22:40:15.381,1.07849,1.07883,1.37,1.00
2015.08.26 22:40:15.686,1.07848,1.07885,1.87,1.00
2015.08.26 22:40:16.224,1.07849,1.07886,1.37,1.12
2015.08.26 22:40:21.713,1.07848,1.07885,1.87,1.00
2015.08.26 22:40:21.863,1.07852,1.07889,1.37,1.37
2015.08.26 22:40:21.965,1.07852,1.07889,1.37,1.00
2015.08.26 22:40:22.067,1.07852,1.07889,1.37,1.37
2015.08.26 22:40:32.708,1.07852,1.07889,1.00,1.87
2015.08.26 22:40:47.132,1.07849,1.07886,1.00,1.37
2015.08.26 22:40:47.670,1.07848,1.07885,1.12,1.37
2015.08.26 22:40:58.926,1.0785,1.07886,1.12,1.37
2015.08.26 22:41:07.187,1.07851,1.07888,1.00,1.37
2015.08.26 22:41:08.919,1.07851,1.07888,1.00,2.25
2015.08.26 22:41:09.025,1.07847,1.07883,1.37,1.12
2015.08.26 22:41:09.076,1.07846,1.07881,1.00,1.75
2015.08.26 22:41:09.128,1.07843,1.0788,1.00,1.50
2015.08.26 22:41:09.179,1.07843,1.07876,1.00,1.87
2015.08.26 22:41:09.485,1.07836,1.0787,1.00,1.37
2015.08.26 22:41:09.842,1.07835,1.0787,1.00,1.37
2015.08.26 22:41:10.777,1.07836,1.0787,1.00,1.37
2015.08.26 22:41:11.327,1.07837,1.0787,1.00,1.37
2015.08.26 22:41:22.261,1.07837,1.0787,1.00,1.12
2015.08.26 22:41:35.630,1.07837,1.07871,1.00,1.00
2015.08.26 22:41:35.732,1.07837,1.07873,1.00,1.00
2015.08.26 22:41:35.784,1.0784,1.07873,1.00,1.00
2015.08.26 22:41:35.835,1.0784,1.07875,1.00,1.00
2015.08.26 22:41:36.038,1.0784,1.07877,1.00,2.62
2015.08.26 22:41:36.394,1.0784,1.07875,1.00,1.00
2015.08.26 22:41:37.103,1.0784,1.07876,1.00,1.00
2015.08.26 22:41:46.282,1.0784,1.07877,1.00,1.50
2015.08.26 22:41:57.396,1.0784,1.07873,1.00,1.00
2015.08.26 22:41:59.526,1.0784,1.0787,1.00,1.00
2015.08.26 22:42:00.034,1.07839,1.0787,1.00,1.00
2015.08.26 22:42:00.542,1.07839,1.07869,1.00,1.00
2015.08.26 22:42:02.866,1.07839,1.0787,1.00,1.00
2015.08.26 22:42:11.698,1.07839,1.07869,1.00,1.00
2015.08.26 22:42:22.918,1.07839,1.07871,1.00,1.12
2015.08.26 22:42:23.070,1.07842,1.07871,1.00,1.00
2015.08.26 22:42:25.888,1.07842,1.07872,1.00,1.00
2015.08.26 22:42:26.092,1.07844,1.07875,1.00,1.00
2015.08.26 22:42:26.295,1.07845,1.07877,1.00,1.00
2015.08.26 22:42:26.797,1.07845,1.07876,1.00,1.00
2015.08.26 22:42:30.843,1.07845,1.07875,1.00,1.00
2015.08.26 22:42:31.349,1.07845,1.07876,1.00,1.00
2015.08.26 22:42:41.052,1.07845,1.07874,1.00,1.00
2015.08.26 22:42:41.204,1.07843,1.07874,1.00,1.12
2015.08.26 22:42:41.255,1.07843,1.07872,1.00,1.00
2015.08.26 22:42:41.357,1.07843,1.07874,1.00,1.00
2015.08.26 22:42:41.763,1.0784,1.07874,1.00,1.37
2015.08.26 22:42:41.961,1.07842,1.07873,1.00,1.12
2015.08.26 22:42:42.469,1.07841,1.07874,1.00,1.37
2015.08.26 22:42:47.192,1.07841,1.07874,1.00,1.75
2015.08.26 22:42:47.243,1.07834,1.07871,1.00,1.50
2015.08.26 22:42:47.396,1.07834,1.07871,1.00,1.37
2015.08.26 22:42:47.701,1.07833,1.0787,1.37,1.50
2015.08.26 22:42:47.919,1.07834,1.0787,1.37,1.00
2015.08.26 22:42:48.123,1.07838,1.07875,1.12,2.25
2015.08.26 22:42:48.631,1.07839,1.07875,1.00,1.37
2015.08.26 22:42:49.873,1.0784,1.07875,1.00,1.37
2015.08.26 22:42:50.026,1.07838,1.07875,1.12,1.87
2015.08.26 22:42:50.528,1.07839,1.07875,1.00,1.37
2015.08.26 22:42:55.484,1.0784,1.07874,1.00,1.37
2015.08.26 22:42:55.637,1.07838,1.07874,1.12,1.37
2015.08.26 22:42:55.832,1.0784,1.07874,1.00,1.37
2015.08.26 22:42:56.065,1.07836,1.07873,1.12,1.37
2015.08.26 22:42:56.523,1.07834,1.0787,1.37,1.00
2015.08.26 22:42:56.940,1.07833,1.0787,1.87,1.12
2015.08.26 22:43:04.955,1.07836,1.07872,1.00,1.00
2015.08.26 22:43:05.259,1.07851,1.07884,1.00,1.37
2015.08.26 22:43:05.863,1.07852,1.07882,1.00,1.37
2015.08.26 22:43:07.059,1.07852,1.07883,1.00,1.12
2015.08.26 22:43:24.655,1.0785,1.07883,1.00,1.12
2015.08.26 22:43:25.168,1.07851,1.07884,1.00,1.37
2015.08.26 22:43:25.670,1.0785,1.07884,1.00,1.37
2015.08.26 22:43:26.208,1.07851,1.07884,1.00,1.37
2015.08.26 22:43:42.527,1.07851,1.07885,1.12,1.00
2015.08.26 22:43:43.117,1.07851,1.07885,1.00,1.37
2015.08.26 22:43:43.656,1.07852,1.07883,1.00,1.12
2015.08.26 22:43:54.282,1.07852,1.07882,1.00,1.00
2015.08.26 22:43:55.379,1.07852,1.07882,1.00,1.37
2015.08.26 22:44:04.673,1.07851,1.07882,1.00,1.37
2015.08.26 22:44:20.220,1.0785,1.07883,1.00,1.37
2015.08.26 22:44:20.475,1.07843,1.07879,1.12,1.37
2015.08.26 22:44:20.606,1.07843,1.07876,1.12,1.00
2015.08.26 22:44:21.397,1.07842,1.07876,1.37,1.00
2015.08.26 22:44:21.992,1.07842,1.07877,1.37,1.00
2015.08.26 22:44:26.403,1.07842,1.07878,1.37,1.12
2015.08.26 22:44:26.937,1.07842,1.07878,1.50,1.12
2015.08.26 22:44:32.274,1.07844,1.0788,1.37,1.37
2015.08.26 22:44:32.377,1.07843,1.0788,1.75,1.50
2015.08.26 22:44:32.581,1.07849,1.07881,1.00,1.00
2015.08.26 22:44:32.835,1.07852,1.07882,1.00,1.00
2015.08.26 22:44:32.938,1.07852,1.07884,1.00,1.50
2015.08.26 22:44:33.344,1.07851,1.07887,1.00,1.00
2015.08.26 22:44:33.483,1.07851,1.07887,1.37,1.00
2015.08.26 22:44:34.251,1.07851,1.07884,1.37,1.50
2015.08.26 22:44:35.138,1.0785,1.07883,1.50,1.00
2015.08.26 22:44:36.171,1.07851,1.07882,1.37,1.00
2015.08.26 22:44:36.775,1.07851,1.07883,1.37,1.00
2015.08.26 22:44:37.346,1.0785,1.07883,1.75,1.00
2015.08.26 22:44:37.686,1.0785,1.07883,1.50,1.00
2015.08.26 22:44:38.196,1.0785,1.07883,1.75,1.00
2015.08.26 22:44:44.005,1.07852,1.07884,1.50,1.50
2015.08.26 22:44:46.094,1.07851,1.07884,1.50,1.50
2015.08.26 22:44:50.924,1.07852,1.07883,1.37,1.00
2015.08.26 22:45:02.635,1.07851,1.07883,1.37,1.00
2015.08.26 22:45:02.940,1.07851,1.07883,1.12,1.12
2015.08.26 22:45:03.177,1.07849,1.07883,1.37,1.00
2015.08.26 22:45:03.279,1.07849,1.07883,1.37,1.00
2015.08.26 22:45:03.331,1.07851,1.07885,1.12,1.12
2015.08.26 22:45:09.690,1.07851,1.07886,1.37,1.37
2015.08.26 22:45:25.813,1.07851,1.07885,1.12,1.37
2015.08.26 22:45:28.501,1.07851,1.07885,1.37,1.12
2015.08.26 22:45:31.643,1.07851,1.07883,1.37,1.00
2015.08.26 22:45:31.949,1.07851,1.07883,1.00,1.37
2015.08.26 22:45:32.537,1.07849,1.07882,1.37,1.37
2015.08.26 22:45:33.599,1.0785,1.07883,1.00,1.37
2015.08.26 22:45:34.922,1.07849,1.07883,1.00,1.37
2015.08.26 22:45:41.715,1.07847,1.07882,1.50,1.37
2015.08.26 22:45:42.535,1.07845,1.07882,1.37,1.00
2015.08.26 22:45:54.713,1.07844,1.07881,1.50,1.00
2015.08.26 22:46:01.482,1.07844,1.07881,1.12,1.37
2015.08.26 22:46:03.740,1.07845,1.07879,1.00,1.12
2015.08.26 22:46:03.913,1.07845,1.07879,1.37,1.00
2015.08.26 22:46:04.117,1.07848,1.07881,1.00,1.00
2015.08.26 22:46:04.625,1.07848,1.0788,1.00,1.12
2015.08.26 22:46:05.149,1.07847,1.0788,1.00,1.87
2015.08.26 22:46:05.753,1.07847,1.07879,1.00,1.00
2015.08.26 22:46:06.794,1.07848,1.07879,1.00,1.50
2015.08.26 22:46:08.510,1.07848,1.07878,1.00,1.00
2015.08.26 22:46:24.551,1.07848,1.07878,1.37,1.00
2015.08.26 22:46:25.469,1.07848,1.07878,1.37,1.00
2015.08.26 22:46:25.674,1.0785,1.07881,1.37,1.50
2015.08.26 22:46:27.274,1.07848,1.0788,1.37,1.00
2015.08.26 22:46:27.796,1.07848,1.0788,1.37,1.00
2015.08.26 22:46:30.512,1.07848,1.07879,1.37,1.00
2015.08.26 22:46:31.068,1.07848,1.0788,1.37,1.00
2015.08.26 22:46:36.284,1.07848,1.07881,1.37,1.87
2015.08.26 22:46:36.833,1.07849,1.0788,1.37,1.00
2015.08.26 22:46:37.385,1.07849,1.07881,1.37,1.12
2015.08.26 22:46:39.389,1.07849,1.0788,1.37,1.00
2015.08.26 22:46:39.893,1.07848,1.07881,1.37,1.12
2015.08.26 22:46:46.742,1.07849,1.07881,1.37,1.00
2015.08.26 22:46:58.197,1.07849,1.07883,1.37,1.50
2015.08.26 22:46:58.908,1.07849,1.07882,1.37,1.00
2015.08.26 22:46:59.416,1.07849,1.07883,1.37,1.87
2015.08.26 22:47:02.795,1.07848,1.07881,1.37,1.00
2015.08.26 22:47:03.397,1.07848,1.07881,1.37,1.12
2015.08.26 22:47:05.375,1.0785,1.07882,1.37,1.00
2015.08.26 22:47:23.999,1.07848,1.07882,1.00,1.12
2015.08.26 22:47:24.538,1.07849,1.07882,1.00,1.87
2015.08.26 22:47:30.151,1.07848,1.07882,1.00,1.87
2015.08.26 22:47:33.690,1.07848,1.07882,1.37,1.50
2015.08.26 22:47:39.485,1.07849,1.07882,1.37,1.00
2015.08.26 22:47:39.990,1.07848,1.07881,1.37,1.00
2015.08.26 22:47:42.961,1.07847,1.0788,1.37,1.00
2015.08.26 22:47:43.566,1.07847,1.07881,1.37,1.00
2015.08.26 22:47:45.209,1.07848,1.07881,1.75,1.00
2015.08.26 22:47:45.531,1.07851,1.07884,1.75,1.00
2015.08.26 22:47:47.963,1.07852,1.07885,1.75,1.00
2015.08.26 22:47:51.971,1.07853,1.07885,1.12,1.00
2015.08.26 22:48:07.964,1.07854,1.07886,1.00,1.00
2015.08.26 22:48:08.473,1.07853,1.07887,1.12,1.00
2015.08.26 22:48:09.002,1.07852,1.07886,1.37,1.00
2015.08.26 22:48:18.862,1.07852,1.07887,1.37,1.00
2015.08.26 22:48:26.386,1.07851,1.07886,1.37,1.00
2015.08.26 22:48:26.858,1.07851,1.07887,1.00,1.37
2015.08.26 22:48:27.204,1.0785,1.07883,1.00,1.00
2015.08.26 22:48:27.509,1.07848,1.07881,1.00,1.12
2015.08.26 22:48:36.361,1.07848,1.07881,1.37,1.00
2015.08.26 22:48:36.566,1.0785,1.07884,1.37,2.25
2015.08.26 22:48:37.231,1.0785,1.07885,1.37,1.00
2015.08.26 22:48:38.842,1.0785,1.07884,1.37,1.00
2015.08.26 22:48:40.851,1.0785,1.07885,1.37,1.00
2015.08.26 22:49:03.429,1.0785,1.07885,1.75,1.50
2015.08.26 22:49:03.762,1.07852,1.07887,1.37,1.50
2015.08.26 22:49:05.156,1.07853,1.07886,1.12,1.00
2015.08.26 22:49:05.744,1.07854,1.07887,1.00,1.50
2015.08.26 22:49:06.270,1.07853,1.07887,1.12,1.50
2015.08.26 22:49:18.986,1.07853,1.07888,1.37,1.00
2015.08.26 22:49:19.090,1.07856,1.0789,1.00,1.00
2015.08.26 22:49:19.254,1.07858,1.0789,1.00,1.00
2015.08.26 22:49:19.357,1.07858,1.07894,1.00,1.00
2015.08.26 22:49:19.662,1.07858,1.07891,1.00,1.00
2015.08.26 22:49:20.516,1.07858,1.07891,1.00,1.37
2015.08.26 22:49:20.784,1.07855,1.0789,1.00,1.37
2015.08.26 22:49:21.702,1.07858,1.07891,1.37,1.00
2015.08.26 22:49:21.887,1.07859,1.07895,1.87,1.00
2015.08.26 22:49:22.194,1.07859,1.0789,1.87,1.00
2015.08.26 22:49:24.106,1.07859,1.0789,2.25,1.00
2015.08.26 22:49:24.536,1.07859,1.0789,1.87,1.00
2015.08.26 22:49:24.638,1.07859,1.0789,2.25,1.00
2015.08.26 22:49:26.296,1.07859,1.0789,1.87,1.00
2015.08.26 22:49:26.401,1.07856,1.0789,1.00,1.00
2015.08.26 22:49:26.503,1.0785,1.07881,1.00,1.00
2015.08.26 22:49:26.813,1.0785,1.07879,1.00,1.00
2015.08.26 22:49:26.864,1.07848,1.07879,1.00,1.00
2015.08.26 22:49:27.325,1.07849,1.07877,1.00,1.00
2015.08.26 22:49:27.378,1.07845,1.07877,1.00,1.00
2015.08.26 22:49:27.430,1.07847,1.07877,1.00,1.00
2015.08.26 22:49:27.737,1.0785,1.07877,1.00,1.00
2015.08.26 22:49:27.941,1.07848,1.07877,1.00,1.00
2015.08.26 22:49:28.419,1.07847,1.07874,1.20,1.00
2015.08.26 22:49:28.927,1.07845,1.07875,1.00,1.00
2015.08.26 22:49:29.233,1.07845,1.07875,1.37,1.00
2015.08.26 22:49:29.952,1.07845,1.07875,1.00,1.00
2015.08.26 22:49:30.003,1.07845,1.07873,1.00,1.00
2015.08.26 22:49:30.308,1.07845,1.07875,1.37,1.00
2015.08.26 22:49:40.578,1.07845,1.0788,1.37,1.00
2015.08.26 22:49:40.680,1.07845,1.07881,1.75,1.00
2015.08.26 22:49:41.497,1.07845,1.07882,2.25,2.25
2015.08.26 22:49:42.005,1.07846,1.07881,2.40,1.00
2015.08.26 22:49:42.533,1.07846,1.07882,2.40,2.25
2015.08.26 22:49:46.272,1.07846,1.07881,2.40,1.00
2015.08.26 22:49:46.775,1.07846,1.07882,1.75,1.00
2015.08.26 22:49:47.316,1.07846,1.07883,2.25,1.00
2015.08.26 22:49:50.207,1.07845,1.07881,1.75,1.00
2015.08.26 22:49:50.259,1.07844,1.07879,1.12,1.37
2015.08.26 22:49:50.464,1.07841,1.07877,1.37,1.12
2015.08.26 22:49:50.718,1.0784,1.07875,1.37,1.00
2015.08.26 22:49:51.033,1.07839,1.07873,1.00,2.25
2015.08.26 22:49:51.332,1.07831,1.07867,1.37,1.37
2015.08.26 22:49:53.980,1.07833,1.07868,1.75,1.00
2015.08.26 22:49:54.157,1.07833,1.0787,3.00,1.00
2015.08.26 22:49:54.209,1.07833,1.0787,3.00,1.00
2015.08.26 22:49:54.619,1.07835,1.07869,1.75,1.00
2015.08.26 22:50:01.331,1.07836,1.07873,2.25,1.12
2015.08.26 22:50:01.833,1.07837,1.07874,1.75,1.00
2015.08.26 22:50:08.506,1.07837,1.07874,1.37,1.37
2015.08.26 22:50:08.608,1.07836,1.0787,1.37,1.00
2015.08.26 22:50:09.142,1.07834,1.07869,1.37,1.00
2015.08.26 22:50:10.357,1.07832,1.07869,1.75,1.50
2015.08.26 22:50:10.651,1.0783,1.07867,1.37,1.00
2015.08.26 22:50:11.163,1.07831,1.07868,1.37,1.87
2015.08.26 22:50:23.134,1.07833,1.07868,1.50,1.50
2015.08.26 22:50:23.397,1.0784,1.07874,1.37,1.00
2015.08.26 22:50:23.449,1.0784,1.07874,1.75,1.00
2015.08.26 22:50:23.602,1.07842,1.07877,1.75,1.00
2015.08.26 22:50:23.705,1.07842,1.07879,1.75,1.50
2015.08.26 22:50:24.061,1.07844,1.07881,1.75,1.50
2015.08.26 22:50:29.168,1.07849,1.07884,1.37,1.50
2015.08.26 22:50:29.371,1.07849,1.07884,1.50,1.00
2015.08.26 22:50:29.502,1.07849,1.07886,1.50,2.25
2015.08.26 22:50:30.023,1.0785,1.07887,1.50,1.00
2015.08.26 22:50:30.530,1.0785,1.07887,1.75,1.00
2015.08.26 22:50:39.420,1.0785,1.07887,1.37,1.00
2015.08.26 22:50:39.686,1.0785,1.07887,1.75,1.00
2015.08.26 22:50:39.992,1.07854,1.07891,2.25,1.00
2015.08.26 22:50:40.195,1.07855,1.0789,1.75,1.00
2015.08.26 22:50:40.297,1.07856,1.0789,1.00,1.00
2015.08.26 22:50:40.348,1.07856,1.07893,1.00,1.00
2015.08.26 22:50:40.450,1.07856,1.07891,1.00,1.00
2015.08.26 22:50:40.552,1.0785,1.07887,1.00,1.00
2015.08.26 22:50:40.937,1.07848,1.07885,1.12,1.00
2015.08.26 22:50:41.242,1.07844,1.07878,1.37,1.00
2015.08.26 22:50:41.699,1.07842,1.07878,2.25,1.00
2015.08.26 22:50:42.202,1.07841,1.07878,1.00,1.00
2015.08.26 22:50:43.438,1.07841,1.07878,1.37,1.00
2015.08.26 22:50:46.940,1.07841,1.07878,2.25,1.00
2015.08.26 22:50:47.254,1.07843,1.07878,1.75,1.00
2015.08.26 22:50:51.518,1.07844,1.07881,1.75,1.00
2015.08.26 22:50:52.032,1.07845,1.07882,1.50,1.50
2015.08.26 22:50:52.678,1.07843,1.07876,1.75,1.00
2015.08.26 22:50:52.733,1.07841,1.07876,1.37,1.37
2015.08.26 22:50:52.836,1.07839,1.07875,1.37,1.37
2015.08.26 22:50:52.938,1.07839,1.07875,1.00,1.37
2015.08.26 22:50:53.142,1.07837,1.07873,1.12,1.12
2015.08.26 22:50:53.725,1.07836,1.07873,1.00,1.50
2015.08.26 22:50:54.247,1.07836,1.07873,1.75,1.50
2015.08.26 22:50:54.349,1.07842,1.07872,1.00,1.00
2015.08.26 22:50:54.400,1.07842,1.07879,1.00,1.00
2015.08.26 22:50:54.553,1.07846,1.07882,1.00,1.00
2015.08.26 22:50:54.904,1.0785,1.07884,1.00,1.00
2015.08.26 22:50:55.261,1.0785,1.07886,1.00,1.00
2015.08.26 22:50:55.566,1.0785,1.07886,1.75,1.00
2015.08.26 22:50:57.376,1.0785,1.07884,1.37,1.00
2015.08.26 22:50:57.478,1.0785,1.07884,1.75,1.00
2015.08.26 22:50:57.783,1.0785,1.07885,1.37,1.00
2015.08.26 22:50:57.885,1.0785,1.07885,1.75,1.00
2015.08.26 22:50:57.987,1.0785,1.07884,1.50,1.00
2015.08.26 22:50:58.818,1.0785,1.07885,1.50,1.00
2015.08.26 22:50:59.707,1.0785,1.07884,1.50,1.00
2015.08.26 22:51:25.113,1.0785,1.07884,1.37,1.00
2015.08.26 22:51:25.847,1.0785,1.07883,1.37,1.00
2015.08.26 22:51:35.762,1.0785,1.07883,1.00,1.00
2015.08.26 22:51:37.277,1.0785,1.07887,1.00,1.00
2015.08.26 22:51:58.784,1.0785,1.07887,1.75,1.00
2015.08.26 22:51:58.836,1.0786,1.07891,1.75,1.00
2015.08.26 22:51:58.991,1.07862,1.07897,1.00,1.00
2015.08.26 22:51:59.094,1.07867,1.07896,1.00,1.00
2015.08.26 22:51:59.145,1.07867,1.07899,1.00,1.00
2015.08.26 22:51:59.400,1.07863,1.07899,1.00,1.00
2015.08.26 22:51:59.451,1.07863,1.07901,1.50,1.00
2015.08.26 22:51:59.858,1.07866,1.07901,1.00,1.00
2015.08.26 22:51:59.909,1.07866,1.07904,1.00,1.00
2015.08.26 22:51:59.961,1.07868,1.07904,1.00,1.00
2015.08.26 22:52:00.290,1.07868,1.07902,1.00,1.00
2015.08.26 22:52:01.068,1.07868,1.07902,1.37,1.00
2015.08.26 22:52:01.575,1.07868,1.07901,1.37,1.00
2015.08.26 22:52:01.677,1.07868,1.07903,1.37,1.00
2015.08.26 22:52:02.226,1.07868,1.07901,1.37,1.00
2015.08.26 22:52:02.761,1.07868,1.07902,1.37,1.00
2015.08.26 22:52:03.934,1.07868,1.07901,1.37,1.00
2015.08.26 22:52:04.465,1.07868,1.07902,1.37,1.00
2015.08.26 22:52:06.634,1.07868,1.07901,1.37,1.00
2015.08.26 22:52:06.946,1.07868,1.07901,1.37,1.00
2015.08.26 22:52:08.967,1.07871,1.07901,1.50,1.00
2015.08.26 22:52:09.019,1.07871,1.07904,1.50,1.00
2015.08.26 22:52:09.274,1.07875,1.07907,1.37,1.00
2015.08.26 22:52:09.782,1.07875,1.07908,1.37,1.00
2015.08.26 22:52:10.562,1.07875,1.07907,1.37,1.00
2015.08.26 22:52:13.122,1.07875,1.07907,1.00,1.00
2015.08.26 22:52:13.224,1.07875,1.0791,1.00,1.12
2015.08.26 22:52:13.733,1.07872,1.07909,1.87,1.00
2015.08.26 22:52:14.432,1.07872,1.07909,1.87,1.00
2015.08.26 22:52:14.483,1.07874,1.07909,1.00,1.00
2015.08.26 22:52:14.788,1.07876,1.0791,1.37,1.00
2015.08.26 22:52:15.295,1.07876,1.07911,1.37,1.00
2015.08.26 22:52:15.819,1.07876,1.0791,1.37,1.00
2015.08.26 22:52:16.329,1.07876,1.07911,1.37,1.00
2015.08.26 22:52:16.939,1.07876,1.0791,1.37,1.00
2015.08.26 22:52:22.619,1.07876,1.0791,1.75,1.00
2015.08.26 22:52:22.804,1.07881,1.07912,1.37,1.00
2015.08.26 22:52:23.159,1.07883,1.07914,1.12,2.25
2015.08.26 22:52:23.667,1.07884,1.07913,1.00,1.00
2015.08.26 22:52:24.185,1.07884,1.07914,1.00,1.50
2015.08.26 22:52:24.752,1.07884,1.07913,1.00,1.00
2015.08.26 22:52:25.767,1.07884,1.07914,1.00,2.25
2015.08.26 22:52:26.775,1.07884,1.07913,1.00,1.00
2015.08.26 22:52:30.213,1.07878,1.07913,1.50,1.00
2015.08.26 22:52:30.736,1.07878,1.07912,1.50,1.00
2015.08.26 22:52:33.568,1.07878,1.07913,1.50,1.50
2015.08.26 22:52:41.401,1.07884,1.07913,1.00,1.00
2015.08.26 22:52:41.724,1.07885,1.07915,1.12,1.50
2015.08.26 22:52:42.249,1.07885,1.07916,1.12,1.50
2015.08.26 22:52:44.101,1.07885,1.07915,1.12,1.00
2015.08.26 22:52:45.221,1.07885,1.07914,1.00,1.00
2015.08.26 22:52:45.945,1.07885,1.07915,1.00,1.50
2015.08.26 22:52:47.582,1.07884,1.07915,1.00,1.50
2015.08.26 22:52:52.212,1.07883,1.07915,1.12,1.50
2015.08.26 22:52:55.640,1.07885,1.07915,1.37,1.50
2015.08.26 22:52:55.895,1.0789,1.07922,1.37,1.00
2015.08.26 22:52:56.406,1.07892,1.07923,1.37,1.00
2015.08.26 22:52:57.423,1.07893,1.07924,1.12,2.25
2015.08.26 22:52:58.808,1.07894,1.07924,1.00,2.25
2015.08.26 22:53:00.768,1.07895,1.07924,1.12,1.50
2015.08.26 22:53:00.870,1.07895,1.07924,1.37,1.50
2015.08.26 22:53:01.176,1.07891,1.07926,1.75,1.50
2015.08.26 22:53:01.736,1.07891,1.07927,1.75,1.00
2015.08.26 22:53:06.191,1.07894,1.07927,1.37,1.00
2015.08.26 22:53:10.867,1.07891,1.07928,3.00,1.00
2015.08.26 22:53:27.957,1.07891,1.07928,1.50,1.00
2015.08.26 22:53:28.059,1.07891,1.07927,1.75,1.00
2015.08.26 22:53:28.781,1.07891,1.07928,2.25,1.00
2015.08.26 22:53:33.344,1.07893,1.07928,1.75,1.00
2015.08.26 22:53:33.751,1.07895,1.07929,2.25,1.50
2015.08.26 22:53:34.038,1.07902,1.07933,1.00,1.00
2015.08.26 22:53:34.090,1.07896,1.07932,1.50,1.00
2015.08.26 22:53:34.399,1.07893,1.0793,1.00,1.50
2015.08.26 22:53:34.705,1.07892,1.07928,1.00,1.50
2015.08.26 22:53:35.302,1.07892,1.07928,1.37,1.12
2015.08.26 22:53:35.607,1.07891,1.07927,1.00,1.00
2015.08.26 22:53:35.861,1.07891,1.07925,1.00,1.00
2015.08.26 22:53:36.387,1.07888,1.07925,1.37,1.00
2015.08.26 22:53:36.590,1.07888,1.07923,1.37,1.50
2015.08.26 22:53:37.115,1.07888,1.07922,1.37,1.00
2015.08.26 22:53:37.575,1.07887,1.07921,1.00,1.75
2015.08.26 22:53:37.678,1.0788,1.07917,2.25,1.00
2015.08.26 22:53:38.088,1.07882,1.07919,1.50,1.50
2015.08.26 22:53:39.972,1.07884,1.07918,1.37,1.00
2015.08.26 22:53:40.988,1.07884,1.07916,1.37,1.00
2015.08.26 22:53:42.490,1.07884,1.07916,1.37,1.00
2015.08.26 22:53:44.729,1.0789,1.07916,1.12,1.00
2015.08.26 22:53:44.831,1.0789,1.07921,1.37,1.00
2015.08.26 22:53:44.883,1.0789,1.07926,1.37,1.00
2015.08.26 22:53:45.037,1.0789,1.07926,2.25,1.50
2015.08.26 22:53:45.140,1.07893,1.07928,1.50,1.00
2015.08.26 22:53:45.244,1.07893,1.0793,1.50,1.12
2015.08.26 22:53:45.347,1.07893,1.0793,1.75,1.00
2015.08.26 22:53:45.449,1.07895,1.07929,1.00,1.00
2015.08.26 22:53:45.769,1.07896,1.07927,1.00,1.00
2015.08.26 22:53:46.288,1.07895,1.07927,1.00,1.00
2015.08.26 22:53:49.733,1.07895,1.07929,1.37,1.00
2015.08.26 22:53:50.046,1.07905,1.07937,1.12,1.00
2015.08.26 22:53:50.877,1.07905,1.07938,1.00,1.12
2015.08.26 22:53:51.184,1.07905,1.07936,1.37,1.00
2015.08.26 22:53:51.439,1.07911,1.07945,1.00,2.62
2015.08.26 22:53:52.005,1.07912,1.07945,1.00,1.87
2015.08.26 22:53:52.520,1.07911,1.07945,1.00,1.37
2015.08.26 22:53:54.087,1.07912,1.07945,1.00,1.37
2015.08.26 22:53:56.923,1.07913,1.07945,1.00,1.37
2015.08.26 22:53:57.280,1.07909,1.07944,1.00,2.25
2015.08.26 22:53:57.382,1.07906,1.07942,1.00,1.50
2015.08.26 22:53:59.136,1.07904,1.07939,1.00,1.87
2015.08.26 22:53:59.653,1.07905,1.07938,1.00,1.12
2015.08.26 22:54:00.579,1.07906,1.0794,1.00,1.37
2015.08.26 22:54:01.084,1.07905,1.0794,1.00,1.37
2015.08.26 22:54:01.291,1.07905,1.0794,1.00,1.87
2015.08.26 22:54:01.873,1.07906,1.0794,1.00,1.12
2015.08.26 22:54:02.253,1.07907,1.07941,1.00,1.37
2015.08.26 22:54:02.763,1.07906,1.0794,1.00,1.37
2015.08.26 22:54:07.384,1.07906,1.07939,1.00,1.00
2015.08.26 22:54:07.885,1.07907,1.07939,1.00,1.37
2015.08.26 22:54:11.538,1.07913,1.07939,1.50,1.37
2015.08.26 22:54:11.742,1.07917,1.07952,1.37,1.00
2015.08.26 22:54:11.793,1.07917,1.07951,1.37,1.00
2015.08.26 22:54:11.895,1.07914,1.07951,1.00,1.50
2015.08.26 22:54:12.304,1.07913,1.07949,1.00,1.00
2015.08.26 22:54:12.610,1.07913,1.07949,1.37,1.50
2015.08.26 22:54:13.119,1.07915,1.07948,1.12,1.00
2015.08.26 22:54:13.623,1.07914,1.07947,1.37,1.00
2015.08.26 22:54:14.387,1.07913,1.07947,1.12,1.00
2015.08.26 22:54:14.897,1.07913,1.07946,1.12,1.00
2015.08.26 22:54:15.767,1.07914,1.07946,1.00,1.00
2015.08.26 22:54:15.819,1.07921,1.07948,1.00,1.00
2015.08.26 22:54:16.025,1.07923,1.0796,1.50,1.50
2015.08.26 22:54:16.127,1.07925,1.07962,1.37,1.00
2015.08.26 22:54:16.687,1.07925,1.07962,1.50,1.00
2015.08.26 22:54:17.210,1.07926,1.07961,1.37,1.00
2015.08.26 22:54:18.422,1.07927,1.0796,1.37,1.00
2015.08.26 22:54:19.422,1.07928,1.07959,1.37,1.50
2015.08.26 22:54:22.460,1.07928,1.07958,1.37,1.00
2015.08.26 22:54:25.771,1.07929,1.07959,1.37,1.50
2015.08.26 22:54:27.723,1.07929,1.07959,1.37,1.50
2015.08.26 22:54:35.753,1.07929,1.07959,1.00,1.50
2015.08.26 22:54:36.309,1.07928,1.07959,1.12,1.50
2015.08.26 22:54:40.447,1.07931,1.07959,1.00,1.50
2015.08.26 22:54:40.755,1.07933,1.07959,1.00,1.50
2015.08.26 22:54:43.612,1.07933,1.0796,1.00,1.00
2015.08.26 22:54:45.949,1.07932,1.0796,1.00,1.00
2015.08.26 22:54:46.469,1.07931,1.0796,1.00,1.00
2015.08.26 22:55:12.013,1.07931,1.07959,1.00,1.50
2015.08.26 22:55:13.828,1.07931,1.0796,1.00,1.00
2015.08.26 22:55:14.729,1.07931,1.07959,1.00,1.50
2015.08.26 22:55:18.177,1.07931,1.07959,1.37,1.50
2015.08.26 22:55:18.432,1.07932,1.07967,1.37,1.00
2015.08.26 22:55:18.484,1.07933,1.07969,1.50,1.00
2015.08.26 22:55:18.761,1.07939,1.07972,1.00,1.00
2015.08.26 22:55:19.067,1.07936,1.07971,1.12,1.00
2015.08.26 22:55:19.322,1.07934,1.0797,1.00,1.87
2015.08.26 22:55:19.525,1.07932,1.07969,1.37,1.50
2015.08.26 22:55:20.060,1.07931,1.07968,1.00,1.50
2015.08.26 22:55:20.162,1.07931,1.07968,1.00,1.50
2015.08.26 22:55:20.669,1.0793,1.07967,1.00,1.37
2015.08.26 22:55:21.194,1.07931,1.07968,1.00,2.25
2015.08.26 22:55:21.924,1.07929,1.07966,1.12,1.12
2015.08.26 22:55:21.976,1.07929,1.07966,1.00,1.37
2015.08.26 22:55:22.079,1.07928,1.07965,1.00,1.12
2015.08.26 22:55:22.627,1.07927,1.07964,1.12,1.00
2015.08.26 22:55:23.716,1.07927,1.07964,1.00,1.37
2015.08.26 22:55:23.921,1.07927,1.07964,1.37,1.00
2015.08.26 22:55:23.972,1.07927,1.07964,1.37,1.00
2015.08.26 22:55:25.773,1.07928,1.07965,1.12,1.50
2015.08.26 22:55:26.302,1.07927,1.07964,1.37,1.00
2015.08.26 22:55:28.904,1.07927,1.07964,1.00,1.87
2015.08.26 22:55:29.057,1.07924,1.0796,1.50,1.00
2015.08.26 22:55:29.193,1.07928,1.07964,1.00,1.12
2015.08.26 22:55:29.346,1.07928,1.07965,1.37,1.50
2015.08.26 22:55:29.854,1.07931,1.07968,1.00,3.37
2015.08.26 22:55:41.732,1.07931,1.07968,1.37,1.75
2015.08.26 22:55:45.963,1.07931,1.07967,1.00,1.37
2015.08.26 22:55:50.978,1.07927,1.07964,1.00,1.50
2015.08.26 22:55:51.283,1.07926,1.07958,1.00,1.37
2015.08.26 22:55:51.334,1.07923,1.07958,1.37,1.37
2015.08.26 22:55:51.708,1.07922,1.07956,1.00,1.00
2015.08.26 22:55:52.242,1.07923,1.07957,1.00,1.12
2015.08.26 22:55:52.824,1.07923,1.07956,1.00,1.00
2015.08.26 22:55:53.365,1.07923,1.07957,1.00,1.12
2015.08.26 22:55:53.888,1.07923,1.07956,1.00,1.00
2015.08.26 22:55:57.248,1.07922,1.07956,1.00,1.00
2015.08.26 22:55:57.782,1.07922,1.07955,1.00,1.00
2015.08.26 22:55:58.341,1.07922,1.07956,1.00,1.00
2015.08.26 22:55:58.611,1.07922,1.07956,1.37,1.00
2015.08.26 22:55:58.866,1.07923,1.0796,1.37,1.12
2015.08.26 22:55:59.379,1.07924,1.07961,1.37,1.50
2015.08.26 22:55:59.991,1.07926,1.07963,1.12,1.87
2015.08.26 22:56:00.605,1.07927,1.07963,1.00,1.37
2015.08.26 22:56:04.054,1.07927,1.07963,1.00,1.00
2015.08.26 22:56:09.392,1.07931,1.07963,1.37,1.00
2015.08.26 22:56:09.661,1.07926,1.07959,1.50,1.00
2015.08.26 22:56:09.763,1.07926,1.07956,1.00,1.00
2015.08.26 22:56:09.815,1.0792,1.07956,1.12,1.00
2015.08.26 22:56:10.324,1.07919,1.07956,1.00,1.50
2015.08.26 22:56:10.778,1.07917,1.07954,1.00,1.00
2015.08.26 22:56:11.440,1.07918,1.07954,1.00,1.00
2015.08.26 22:56:12.296,1.07918,1.07954,1.37,1.00
2015.08.26 22:56:12.499,1.07918,1.07954,1.12,1.00
2015.08.26 22:56:16.613,1.07919,1.07956,1.37,1.12
2015.08.26 22:56:16.918,1.07929,1.07966,1.37,1.00
2015.08.26 22:56:18.586,1.0793,1.07965,1.00,1.00
2015.08.26 22:56:19.884,1.0793,1.07964,1.00,1.00
2015.08.26 22:56:21.989,1.0793,1.07965,1.00,1.12
2015.08.26 22:56:27.455,1.0793,1.07967,1.12,1.87
2015.08.26 22:56:31.117,1.0793,1.07967,1.00,1.87
2015.08.26 22:56:35.810,1.0793,1.07964,1.00,1.37
2015.08.26 22:56:36.317,1.0793,1.07964,1.00,1.00
2015.08.26 22:56:37.480,1.0793,1.07965,1.00,1.00
2015.08.26 22:56:38.785,1.0793,1.07964,1.00,1.00
2015.08.26 22:56:40.212,1.0793,1.07965,1.00,1.12
2015.08.26 22:56:41.529,1.0793,1.07967,1.87,1.87
2015.08.26 22:56:41.835,1.07937,1.07968,1.00,1.00
2015.08.26 22:56:42.344,1.07938,1.07969,1.00,1.12
2015.08.26 22:56:42.916,1.07937,1.07969,1.00,1.12
2015.08.26 22:56:45.787,1.07932,1.07969,1.87,1.87
2015.08.26 22:56:45.889,1.07932,1.07969,1.87,1.87
2015.08.26 22:56:47.291,1.07933,1.07968,1.00,1.00
2015.08.26 22:56:47.822,1.07933,1.07968,1.00,1.37
2015.08.26 22:56:48.323,1.07932,1.07968,1.00,1.37
2015.08.26 22:56:53.578,1.07931,1.07967,1.12,1.12
2015.08.26 22:56:53.804,1.07931,1.07967,1.50,1.00
2015.08.26 22:56:54.346,1.07931,1.07968,1.50,1.00
2015.08.26 22:56:57.089,1.07936,1.07971,1.37,1.12
2015.08.26 22:56:57.191,1.07936,1.07971,1.12,1.00
2015.08.26 22:56:57.496,1.07934,1.07971,1.00,1.50
2015.08.26 22:56:57.999,1.07933,1.0797,1.12,1.50
2015.08.26 22:56:58.278,1.07933,1.0797,1.50,1.50
2015.08.26 22:56:58.380,1.07933,1.0797,1.50,1.50
2015.08.26 22:56:58.925,1.07933,1.07969,1.50,1.00
2015.08.26 22:57:00.322,1.07932,1.07969,1.37,1.50
2015.08.26 22:57:00.424,1.07932,1.07969,1.37,1.50
2015.08.26 22:57:01.476,1.07932,1.07968,1.37,1.00
2015.08.26 22:57:01.527,1.07932,1.07968,1.37,1.00
2015.08.26 22:57:01.789,1.07932,1.07968,1.37,1.00
2015.08.26 22:57:01.992,1.07932,1.07967,1.37,1.00
2015.08.26 22:57:02.822,1.07932,1.07967,1.37,1.00
2015.08.26 22:57:03.782,1.07931,1.07968,1.50,1.50
2015.08.26 22:57:04.289,1.07931,1.07967,1.37,1.00
2015.08.26 22:57:05.035,1.07931,1.07967,1.12,1.00
2015.08.26 22:57:06.938,1.07931,1.07968,1.12,1.50
2015.08.26 22:57:07.040,1.07931,1.07968,1.37,1.50
2015.08.26 22:57:09.030,1.07934,1.07969,1.00,1.00
2015.08.26 22:57:09.539,1.07933,1.07968,1.37,1.00
2015.08.26 22:57:10.238,1.07934,1.07969,1.37,1.00
2015.08.26 22:57:11.953,1.07934,1.0797,1.37,1.00
2015.08.26 22:57:12.516,1.07934,1.07969,1.37,1.00
2015.08.26 22:57:12.821,1.07937,1.0797,1.00,1.00
2015.08.26 22:57:13.024,1.07935,1.0797,1.00,1.00
2015.08.26 22:57:14.319,1.07933,1.0797,1.37,2.25
2015.08.26 22:57:14.877,1.07932,1.07969,1.12,1.12
2015.08.26 22:57:14.928,1.07934,1.0797,1.00,2.25
2015.08.26 22:57:15.265,1.07938,1.07973,1.37,1.00
2015.08.26 22:57:15.774,1.0794,1.07974,1.00,1.00
2015.08.26 22:57:16.987,1.0794,1.07973,1.00,1.00
2015.08.26 22:57:17.556,1.07938,1.07973,1.00,1.00
2015.08.26 22:57:17.985,1.0794,1.07973,1.00,1.00
2015.08.26 22:57:18.495,1.0794,1.07974,1.00,1.00
2015.08.26 22:57:19.003,1.0794,1.07973,1.00,1.00
2015.08.26 22:57:19.296,1.07933,1.0797,1.50,1.00
2015.08.26 22:57:19.348,1.07933,1.0797,1.50,1.00
2015.08.26 22:57:19.399,1.07936,1.07969,1.00,1.00
2015.08.26 22:57:19.704,1.07939,1.07968,1.00,1.00
2015.08.26 22:57:19.755,1.07934,1.07968,1.12,1.00
2015.08.26 22:57:20.191,1.07938,1.07967,1.00,1.00
2015.08.26 22:57:20.764,1.07939,1.07967,1.00,1.00
2015.08.26 22:57:21.280,1.07939,1.07968,1.00,1.00
2015.08.26 22:57:28.555,1.07933,1.07967,1.12,1.00
2015.08.26 22:57:28.606,1.0793,1.07967,1.00,1.12
2015.08.26 22:57:28.657,1.07928,1.07965,1.50,1.00
2015.08.26 22:57:29.238,1.07927,1.07964,1.00,1.50
2015.08.26 22:57:29.784,1.07928,1.07964,1.00,1.00
2015.08.26 22:57:32.903,1.07928,1.07963,1.00,1.00
2015.08.26 22:57:35.567,1.07927,1.07963,1.00,1.00
2015.08.26 22:57:36.071,1.07927,1.07964,1.00,1.50
2015.08.26 22:57:38.670,1.07928,1.07964,1.00,1.00
2015.08.26 22:57:40.241,1.07927,1.07964,1.00,1.50
2015.08.26 22:57:43.646,1.07928,1.07964,1.50,1.12
2015.08.26 22:57:43.951,1.07929,1.07966,1.37,1.12
2015.08.26 22:57:44.468,1.07929,1.07966,1.87,1.12
2015.08.26 22:57:44.519,1.07929,1.07962,1.12,1.00
2015.08.26 22:57:44.570,1.07925,1.07962,1.00,1.12
2015.08.26 22:57:45.080,1.07926,1.07963,1.00,2.25
2015.08.26 22:57:45.587,1.07927,1.07963,1.00,1.50
2015.08.26 22:57:51.116,1.07927,1.07963,1.00,1.00
2015.08.26 22:57:51.167,1.07927,1.0796,1.00,1.00
2015.08.26 22:57:51.218,1.07924,1.0796,1.50,1.00
2015.08.26 22:57:51.739,1.07923,1.07958,1.12,1.00
2015.08.26 22:57:52.046,1.07925,1.07962,1.00,2.25
2015.08.26 22:57:52.147,1.07925,1.07962,1.00,1.87
2015.08.26 22:58:02.753,1.07926,1.07962,1.00,1.00
2015.08.26 22:58:03.494,1.07926,1.07963,1.00,1.50
2015.08.26 22:58:03.978,1.07928,1.07964,1.00,1.00
2015.08.26 22:58:04.538,1.0793,1.07964,1.00,1.00
2015.08.26 22:58:05.058,1.07929,1.07964,1.00,1.00
2015.08.26 22:58:05.568,1.0793,1.07963,1.00,1.00
2015.08.26 22:58:08.319,1.07937,1.07967,1.00,1.00
2015.08.26 22:58:08.445,1.07944,1.07976,1.00,1.00
2015.08.26 22:58:08.497,1.07946,1.07979,1.00,1.37
2015.08.26 22:58:08.548,1.07946,1.07983,1.00,1.00
2015.08.26 22:58:08.651,1.07949,1.07983,1.00,1.00
2015.08.26 22:58:08.805,1.07949,1.07985,1.00,1.00
2015.08.26 22:58:08.907,1.07954,1.0799,1.00,1.00
2015.08.26 22:58:09.059,1.07957,1.07994,1.00,1.00
2015.08.26 22:58:09.212,1.07957,1.07989,1.00,1.00
2015.08.26 22:58:09.751,1.07956,1.07988,1.00,1.00
2015.08.26 22:58:10.259,1.07956,1.07988,1.37,1.00
2015.08.26 22:58:12.631,1.07956,1.07989,1.37,1.00
2015.08.26 22:58:13.567,1.07955,1.07989,1.00,1.00
2015.08.26 22:58:13.619,1.07955,1.07986,1.00,1.00
2015.08.26 22:58:13.671,1.07953,1.07986,1.12,1.00
2015.08.26 22:58:14.177,1.07954,1.07985,1.00,1.00
2015.08.26 22:58:19.791,1.07953,1.07985,1.12,1.00
2015.08.26 22:58:23.970,1.07953,1.07984,1.00,1.00
2015.08.26 22:58:24.072,1.07953,1.07986,1.37,1.00
2015.08.26 22:58:24.123,1.07953,1.07986,1.37,1.00
2015.08.26 22:58:24.275,1.07953,1.0799,1.37,1.50
2015.08.26 22:58:24.326,1.07955,1.0799,1.37,1.00
2015.08.26 22:58:24.874,1.07958,1.07991,1.12,1.00
2015.08.26 22:58:25.635,1.07958,1.07991,1.37,1.00
2015.08.26 22:58:26.260,1.07958,1.07992,1.37,1.00
2015.08.26 22:58:28.238,1.07957,1.07991,1.00,1.00
2015.08.26 22:58:28.340,1.07954,1.07989,1.37,1.00
2015.08.26 22:58:28.644,1.07955,1.07989,1.37,1.00
2015.08.26 22:58:32.956,1.07955,1.07992,1.37,1.00
2015.08.26 22:58:41.676,1.07956,1.07993,1.37,1.00
2015.08.26 22:58:53.670,1.07955,1.07992,1.37,1.00
2015.08.26 22:58:54.182,1.07954,1.07991,1.37,1.00
2015.08.26 22:59:00.560,1.07954,1.07991,1.37,1.00
2015.08.26 22:59:01.301,1.07953,1.0799,1.37,1.00
2015.08.26 22:59:02.667,1.07953,1.0799,1.37,1.12
2015.08.26 22:59:02.770,1.07953,1.0799,1.37,1.00
2015.08.26 22:59:11.387,1.07958,1.07992,1.00,1.12
2015.08.26 22:59:11.900,1.07959,1.07994,1.00,1.37
2015.08.26 22:59:13.085,1.07959,1.07994,1.00,1.37
2015.08.26 22:59:22.515,1.07958,1.07993,1.00,1.12
2015.08.26 22:59:23.023,1.07959,1.07992,1.00,1.00
2015.08.26 22:59:23.408,1.07959,1.07992,1.00,1.87
2015.08.26 22:59:24.321,1.07959,1.07992,1.00,1.87
2015.08.26 22:59:24.959,1.07958,1.07992,1.00,1.87
2015.08.26 22:59:25.010,1.07958,1.07991,1.00,1.37
2015.08.26 22:59:26.414,1.07958,1.07991,1.00,1.50
2015.08.26 22:59:26.466,1.07952,1.07989,1.00,1.87
2015.08.26 22:59:28.365,1.07952,1.07985,1.00,1.00
2015.08.26 22:59:30.329,1.07952,1.07984,1.00,1.37
2015.08.26 22:59:30.669,1.07949,1.07978,1.00,1.00
2015.08.26 22:59:31.185,1.07948,1.07978,1.00,1.00
2015.08.26 22:59:32.164,1.07949,1.07978,1.00,1.00
2015.08.26 22:59:32.698,1.07948,1.07978,1.00,1.00
2015.08.26 22:59:40.874,1.07948,1.07982,1.00,1.37
2015.08.26 22:59:48.851,1.07948,1.07983,1.00,1.37
2015.08.26 22:59:49.252,1.07948,1.07983,1.00,1.37
2015.08.26 22:59:49.980,1.07948,1.07983,1.00,1.00
2015.08.26 22:59:50.200,1.07949,1.07984,1.00,1.37
2015.08.26 22:59:50.504,1.07949,1.07984,1.00,1.75
2015.08.26 22:59:52.406,1.07949,1.07984,1.00,1.37
2015.08.26 22:59:55.716,1.07948,1.07984,1.00,1.37
