2008.06.06 19:00:04.118,1.6082,1.6084,0.60,0.60
2008.06.06 19:00:04.899,1.60825,1.6084,0.60,0.60
2008.06.06 19:00:10.635,1.6083,1.6085,0.60,0.60
2008.06.06 19:00:10.987,1.60835,1.6085,0.60,0.60
2008.06.06 19:00:11.166,1.60835,1.6086,0.60,0.60
2008.06.06 19:00:11.355,1.60845,1.6086,0.60,0.60
2008.06.06 19:00:11.703,1.6084,1.6086,0.60,0.60
2008.06.06 19:00:19.104,1.60845,1.6086,0.60,0.60
2008.06.06 19:00:28.058,1.60845,1.6088,0.60,0.80
2008.06.06 19:00:28.878,1.6085,1.6088,0.60,0.60
2008.06.06 19:00:29.289,1.60855,1.6088,0.60,0.60
2008.06.06 19:00:33.045,1.60855,1.6088,1.40,0.60
2008.06.06 19:00:34.593,1.60855,1.6088,0.60,0.60
2008.06.06 19:00:35.798,1.60855,1.6088,1.40,0.60
2008.06.06 19:00:36.316,1.6086,1.6088,0.80,0.60
2008.06.06 19:00:39.608,1.6086,1.6089,0.80,1.60
2008.06.06 19:00:41.067,1.60855,1.6089,0.60,1.60
2008.06.06 19:00:46.542,1.60855,1.6089,1.40,1.60
2008.06.06 19:00:53.904,1.60855,1.6089,0.60,1.60
2008.06.06 19:00:56.004,1.60855,1.6089,1.40,1.60
2008.06.06 19:00:56.355,1.60855,1.6089,0.60,1.60
2008.06.06 19:01:00.771,1.6085,1.60885,0.90,0.20
2008.06.06 19:01:00.902,1.6085,1.6088,0.60,0.60
2008.06.06 19:01:04.779,1.60845,1.6088,1.40,0.80
2008.06.06 19:01:05.493,1.6085,1.6088,0.60,0.60
2008.06.06 19:01:05.670,1.60845,1.60875,0.80,0.20
2008.06.06 19:01:05.788,1.6084,1.6087,0.70,0.60
2008.06.06 19:01:06.050,1.6084,1.6087,0.60,0.60
2008.06.06 19:01:06.098,1.60835,1.6087,0.70,0.80
2008.06.06 19:01:06.481,1.60835,1.6087,0.60,0.80
2008.06.06 19:01:07.024,1.60835,1.6087,1.40,0.80
2008.06.06 19:01:07.281,1.6084,1.6087,0.60,0.60
2008.06.06 19:01:13.928,1.60835,1.6087,0.60,0.80
2008.06.06 19:01:14.621,1.6083,1.60865,0.90,0.20
2008.06.06 19:01:14.766,1.60825,1.6086,0.60,0.80
2008.06.06 19:01:18.298,1.60825,1.6086,0.60,0.80
2008.06.06 19:01:27.254,1.6082,1.60855,0.90,0.20
2008.06.06 19:01:27.928,1.6082,1.6085,0.60,0.60
2008.06.06 19:01:34.404,1.60825,1.6085,0.60,0.60
2008.06.06 19:01:35.528,1.60825,1.6086,0.60,0.80
2008.06.06 19:01:47.939,1.6082,1.6085,0.60,0.60
2008.06.06 19:02:12.140,1.60825,1.6085,0.60,0.60
2008.06.06 19:02:13.213,1.60825,1.6086,0.60,0.80
2008.06.06 19:02:20.891,1.60825,1.6085,0.60,0.60
2008.06.06 19:02:21.252,1.6082,1.6085,0.60,0.60
2008.06.06 19:02:37.689,1.60815,1.6085,0.60,0.80
2008.06.06 19:02:38.231,1.6082,1.6085,0.60,0.60
2008.06.06 19:03:16.939,1.6082,1.6085,0.60,0.80
2008.06.06 19:03:19.943,1.6082,1.6085,0.60,0.60
2008.06.06 19:03:21.005,1.6082,1.60855,0.60,0.20
2008.06.06 19:03:32.514,1.6082,1.60855,1.40,0.20
2008.06.06 19:03:33.764,1.6082,1.60855,0.60,0.20
2008.06.06 19:03:34.184,1.6082,1.60855,1.40,0.20
2008.06.06 19:03:34.476,1.6082,1.60855,1.70,0.20
2008.06.06 19:03:34.536,1.6083,1.6086,0.60,0.60
2008.06.06 19:03:36.466,1.6082,1.6085,0.40,0.20
2008.06.06 19:03:36.623,1.6082,1.60855,1.00,0.20
2008.06.06 19:03:36.675,1.6082,1.6085,0.70,0.60
2008.06.06 19:03:36.724,1.6082,1.6085,0.60,0.60
2008.06.06 19:03:48.604,1.60835,1.6085,0.60,0.60
2008.06.06 19:03:48.866,1.60835,1.60865,0.60,0.10
2008.06.06 19:03:48.940,1.6084,1.60865,0.60,0.10
2008.06.06 19:03:49.041,1.6084,1.6087,0.60,1.60
2008.06.06 19:03:49.492,1.60835,1.6087,0.60,1.80
2008.06.06 19:03:49.982,1.6083,1.60865,0.90,0.20
2008.06.06 19:03:50.571,1.6083,1.6085,0.60,0.60
2008.06.06 19:03:50.815,1.6082,1.6085,0.60,0.60
2008.06.06 19:03:58.302,1.6083,1.6085,0.80,0.60
2008.06.06 19:03:58.500,1.60825,1.6085,1.40,0.60
2008.06.06 19:03:58.889,1.60825,1.6085,0.80,0.60
2008.06.06 19:03:58.969,1.60825,1.60855,0.80,0.20
2008.06.06 19:04:00.308,1.6083,1.60855,0.80,0.20
2008.06.06 19:04:00.489,1.6083,1.6086,0.80,0.80
2008.06.06 19:04:01.290,1.60835,1.6086,0.80,0.80
2008.06.06 19:04:01.772,1.6084,1.6086,0.80,0.60
2008.06.06 19:04:02.348,1.6083,1.6086,0.60,0.60
2008.06.06 19:04:02.519,1.60835,1.6086,0.80,0.80
2008.06.06 19:04:03.515,1.6083,1.6086,0.80,0.80
2008.06.06 19:04:03.940,1.6083,1.60855,0.80,0.20
2008.06.06 19:04:04.121,1.6082,1.6085,1.40,0.60
2008.06.06 19:04:05.779,1.60825,1.6085,0.80,0.60
2008.06.06 19:04:06.729,1.60825,1.60855,0.80,0.20
2008.06.06 19:04:06.897,1.60825,1.6086,1.40,0.80
2008.06.06 19:04:13.355,1.60825,1.6086,1.80,0.80
2008.06.06 19:04:14.246,1.6084,1.6086,1.40,0.60
2008.06.06 19:04:14.401,1.6084,1.60875,1.70,0.20
2008.06.06 19:04:14.527,1.6085,1.6088,0.60,0.60
2008.06.06 19:04:32.379,1.60855,1.6088,0.60,0.60
2008.06.06 19:04:32.670,1.6085,1.6088,1.80,0.60
2008.06.06 19:04:32.841,1.6085,1.6088,0.60,0.60
2008.06.06 19:04:32.960,1.60845,1.6088,0.60,0.80
2008.06.06 19:04:33.151,1.6084,1.60875,0.90,0.20
2008.06.06 19:04:36.253,1.6084,1.60875,2.10,0.20
2008.06.06 19:04:36.409,1.60845,1.6088,0.60,0.80
2008.06.06 19:04:37.188,1.6084,1.60875,2.10,0.20
2008.06.06 19:04:37.260,1.6084,1.60875,0.90,0.20
2008.06.06 19:04:56.156,1.60845,1.6088,0.60,0.80
2008.06.06 19:04:56.673,1.6084,1.60875,0.90,0.20
2008.06.06 19:05:07.221,1.60845,1.60875,0.80,0.20
2008.06.06 19:05:07.422,1.60845,1.6088,1.40,0.80
2008.06.06 19:05:10.429,1.60845,1.60875,0.80,0.20
2008.06.06 19:05:10.579,1.6084,1.60875,0.90,0.20
2008.06.06 19:05:14.658,1.6084,1.60875,0.60,0.20
2008.06.06 19:05:16.141,1.60835,1.6087,0.60,0.20
2008.06.06 19:05:26.469,1.6083,1.60855,0.60,0.20
2008.06.06 19:05:26.571,1.6083,1.60855,0.80,0.20
2008.06.06 19:05:28.328,1.6083,1.6085,0.80,0.60
2008.06.06 19:05:28.707,1.6083,1.6085,0.60,0.60
2008.06.06 19:06:14.576,1.6083,1.6086,0.60,1.30
2008.06.06 19:06:28.790,1.6083,1.6086,0.60,0.60
2008.06.06 19:06:54.025,1.6083,1.6086,1.20,0.60
2008.06.06 19:06:56.554,1.6083,1.6086,2.00,0.60
2008.06.06 19:07:02.290,1.6083,1.6086,1.20,0.60
2008.06.06 19:07:22.013,1.6083,1.60855,1.20,0.80
2008.06.06 19:07:22.252,1.6083,1.6086,1.20,0.60
2008.06.06 19:07:24.008,1.6083,1.6086,1.20,1.20
2008.06.06 19:07:24.271,1.6083,1.6086,1.20,0.60
2008.06.06 19:07:27.057,1.6083,1.6086,1.20,1.20
2008.06.06 19:07:28.278,1.6083,1.60855,1.20,0.80
2008.06.06 19:07:28.971,1.6083,1.6086,1.20,0.60
2008.06.06 19:07:30.647,1.6083,1.6086,1.20,1.20
2008.06.06 19:07:35.428,1.6083,1.6086,1.20,0.60
2008.06.06 19:07:54.069,1.6083,1.6086,0.60,0.60
2008.06.06 19:08:03.769,1.6083,1.6086,0.60,1.20
2008.06.06 19:08:03.968,1.6083,1.6086,0.60,0.60
2008.06.06 19:08:06.009,1.6083,1.6086,0.60,1.20
2008.06.06 19:08:06.218,1.6083,1.6086,0.60,0.60
2008.06.06 19:08:10.597,1.6083,1.60855,0.60,0.80
2008.06.06 19:08:10.986,1.6083,1.60855,0.60,1.20
2008.06.06 19:08:11.355,1.6083,1.60855,0.60,0.80
2008.06.06 19:08:12.504,1.6083,1.60855,0.60,1.20
2008.06.06 19:08:12.789,1.6083,1.60855,0.60,0.80
2008.06.06 19:08:13.059,1.6083,1.6086,0.60,1.40
2008.06.06 19:08:13.236,1.6083,1.6086,0.60,0.60
2008.06.06 19:08:13.369,1.6083,1.6086,1.20,0.60
2008.06.06 19:08:30.593,1.60835,1.6086,0.60,0.60
2008.06.06 19:08:34.551,1.60835,1.6086,1.40,0.60
2008.06.06 19:08:36.469,1.60845,1.6086,0.80,0.60
2008.06.06 19:08:41.493,1.60845,1.60875,0.80,0.20
2008.06.06 19:08:41.631,1.60855,1.6088,0.60,1.60
2008.06.06 19:08:44.979,1.60855,1.6088,0.60,1.00
2008.06.06 19:08:45.509,1.6086,1.6088,0.60,1.00
2008.06.06 19:09:00.557,1.60865,1.6088,0.60,1.00
2008.06.06 19:09:01.028,1.6087,1.6088,0.60,1.00
2008.06.06 19:09:01.196,1.60875,1.6088,0.60,1.00
2008.06.06 19:09:01.367,1.60875,1.6091,0.60,0.20
2008.06.06 19:09:23.611,1.60865,1.609,0.60,0.20
2008.06.06 19:09:23.830,1.6086,1.60895,0.90,0.20
2008.06.06 19:09:23.938,1.6086,1.60895,0.60,0.20
2008.06.06 19:09:26.659,1.6086,1.60895,1.70,0.20
2008.06.06 19:09:26.731,1.6088,1.6091,0.60,0.60
2008.06.06 19:09:26.899,1.6089,1.6091,0.60,0.60
2008.06.06 19:09:26.959,1.6089,1.60915,0.60,0.10
2008.06.06 19:09:27.269,1.6089,1.6092,0.60,0.60
2008.06.06 19:09:27.671,1.6088,1.609,0.30,0.20
2008.06.06 19:09:27.820,1.6088,1.609,0.10,0.20
2008.06.06 19:09:28.069,1.60865,1.609,0.60,0.20
2008.06.06 19:09:28.750,1.6087,1.60905,0.60,0.20
2008.06.06 19:09:39.488,1.60865,1.609,0.60,0.20
2008.06.06 19:09:43.116,1.6087,1.60905,0.60,0.20
2008.06.06 19:09:44.481,1.60875,1.6091,0.60,0.80
2008.06.06 19:09:47.576,1.6086,1.60895,2.20,0.20
2008.06.06 19:09:47.859,1.6086,1.60885,0.80,0.20
2008.06.06 19:09:47.937,1.60875,1.60895,0.60,0.10
2008.06.06 19:09:47.986,1.60875,1.609,0.60,1.30
2008.06.06 19:09:48.295,1.60875,1.609,0.60,0.60
2008.06.06 19:09:50.474,1.60855,1.6088,0.80,0.80
2008.06.06 19:09:50.865,1.60855,1.60875,0.80,0.20
2008.06.06 19:09:50.971,1.60855,1.6088,1.40,0.60
2008.06.06 19:09:51.241,1.60855,1.60885,1.40,0.10
2008.06.06 19:09:51.283,1.60855,1.6089,0.60,0.80
2008.06.06 19:09:51.332,1.6085,1.60885,1.40,0.20
2008.06.06 19:09:51.765,1.6085,1.60885,2.20,0.20
2008.06.06 19:09:51.942,1.60855,1.6089,0.60,0.80
2008.06.06 19:09:52.033,1.60855,1.6089,1.40,0.80
2008.06.06 19:09:53.683,1.60855,1.6088,0.80,0.20
2008.06.06 19:09:54.444,1.60855,1.60875,0.80,0.20
2008.06.06 19:09:54.503,1.6085,1.60875,0.80,0.20
2008.06.06 19:09:54.547,1.6085,1.60875,0.60,0.20
2008.06.06 19:09:56.967,1.6085,1.6087,0.60,0.20
2008.06.06 19:10:02.765,1.6085,1.60875,0.60,0.20
2008.06.06 19:10:03.282,1.6085,1.6087,0.60,0.80
2008.06.06 19:10:08.150,1.60835,1.60865,0.80,0.20
2008.06.06 19:10:12.029,1.60835,1.60865,1.20,0.20
2008.06.06 19:10:12.237,1.60835,1.6087,1.80,0.80
2008.06.06 19:10:12.447,1.60835,1.6087,1.40,0.80
2008.06.06 19:10:12.788,1.6084,1.60865,0.80,0.20
2008.06.06 19:10:13.104,1.60835,1.60865,0.80,0.20
2008.06.06 19:10:13.247,1.60835,1.6086,0.80,0.20
2008.06.06 19:10:13.532,1.60835,1.6086,0.80,0.80
2008.06.06 19:10:16.236,1.60835,1.6086,1.20,0.80
2008.06.06 19:10:16.430,1.60835,1.6086,1.20,0.60
2008.06.06 19:10:16.628,1.6084,1.6086,0.80,0.60
2008.06.06 19:10:19.009,1.6084,1.6086,1.20,0.60
2008.06.06 19:10:19.763,1.6084,1.6086,0.80,0.60
2008.06.06 19:10:19.901,1.6084,1.6086,0.80,0.80
2008.06.06 19:10:19.990,1.60825,1.6086,1.90,0.80
2008.06.06 19:10:20.256,1.60825,1.6086,1.80,0.80
2008.06.06 19:10:21.723,1.6083,1.6086,0.80,0.80
2008.06.06 19:10:23.695,1.6083,1.6086,1.40,0.60
2008.06.06 19:10:23.761,1.6084,1.6086,0.80,0.60
2008.06.06 19:10:23.976,1.6084,1.6086,1.20,0.60
2008.06.06 19:10:25.138,1.6084,1.60865,1.20,0.30
2008.06.06 19:10:25.383,1.6084,1.60865,1.20,0.10
2008.06.06 19:10:25.473,1.6084,1.6087,1.20,0.80
2008.06.06 19:10:25.984,1.6084,1.6087,1.80,0.60
2008.06.06 19:10:29.866,1.6084,1.60875,2.10,0.20
2008.06.06 19:10:29.974,1.60845,1.6088,0.60,0.80
2008.06.06 19:10:30.182,1.6085,1.6088,0.60,0.60
2008.06.06 19:10:30.293,1.6085,1.60885,0.60,0.20
2008.06.06 19:10:32.643,1.6085,1.6088,0.60,0.60
2008.06.06 19:10:32.931,1.6084,1.6087,1.40,0.20
2008.06.06 19:10:33.447,1.6084,1.60865,1.40,0.20
2008.06.06 19:10:33.493,1.6084,1.60865,0.30,0.20
2008.06.06 19:10:33.634,1.6083,1.60865,1.70,0.20
2008.06.06 19:10:37.273,1.6084,1.60865,0.80,0.20
2008.06.06 19:10:37.471,1.6084,1.6087,0.80,0.80
2008.06.06 19:10:37.572,1.6084,1.6087,1.20,0.80
2008.06.06 19:10:40.274,1.60845,1.6087,0.80,0.80
2008.06.06 19:10:44.252,1.6085,1.60875,0.60,0.10
2008.06.06 19:10:44.487,1.60845,1.60875,1.40,0.10
2008.06.06 19:10:44.611,1.60845,1.6088,1.40,1.20
2008.06.06 19:10:45.241,1.6085,1.6088,0.60,1.00
2008.06.06 19:10:47.200,1.6086,1.6088,0.60,1.00
2008.06.06 19:10:48.869,1.6085,1.6088,0.90,1.00
2008.06.06 19:10:55.970,1.6086,1.6088,0.60,1.00
2008.06.06 19:11:08.934,1.6084,1.6088,2.80,1.00
2008.06.06 19:11:09.082,1.6086,1.6088,2.40,1.00
2008.06.06 19:11:09.223,1.60885,1.6092,0.60,1.60
2008.06.06 19:11:09.322,1.60885,1.6091,0.60,1.00
2008.06.06 19:11:09.470,1.6089,1.6091,0.60,1.00
2008.06.06 19:11:13.664,1.6088,1.6091,0.60,1.00
2008.06.06 19:11:14.176,1.60875,1.6091,0.60,1.20
2008.06.06 19:11:15.292,1.60875,1.6091,0.60,1.80
2008.06.06 19:11:16.442,1.6088,1.6091,0.60,1.60
2008.06.06 19:11:19.101,1.60875,1.6091,0.60,1.80
2008.06.06 19:11:20.674,1.6089,1.6091,0.60,1.00
2008.06.06 19:11:21.832,1.60895,1.6091,0.60,1.00
2008.06.06 19:11:22.160,1.6089,1.6091,0.90,1.00
2008.06.06 19:11:24.450,1.6089,1.60925,0.90,0.20
2008.06.06 19:11:24.495,1.60895,1.6093,0.60,0.90
2008.06.06 19:11:24.621,1.60895,1.6093,0.60,2.00
2008.06.06 19:11:24.743,1.60895,1.6092,0.60,0.60
2008.06.06 19:11:24.825,1.60885,1.6092,0.70,0.80
2008.06.06 19:11:24.968,1.60885,1.6092,0.60,0.80
2008.06.06 19:11:25.160,1.6088,1.6091,0.30,0.20
2008.06.06 19:11:25.283,1.60875,1.6091,1.20,0.80
2008.06.06 19:11:34.377,1.60875,1.60905,0.60,0.20
2008.06.06 19:11:34.959,1.60875,1.60905,0.60,0.30
2008.06.06 19:11:35.685,1.60875,1.60895,0.60,0.20
2008.06.06 19:11:35.866,1.6086,1.60895,0.90,0.20
2008.06.06 19:12:35.929,1.6084,1.609,2.10,0.10
2008.06.06 19:12:36.918,1.6084,1.609,1.30,0.10
2008.06.06 19:12:43.955,1.6084,1.609,1.30,0.80
2008.06.06 19:12:44.283,1.6084,1.609,1.30,1.60
2008.06.06 19:12:44.456,1.6084,1.60895,1.30,0.10
2008.06.06 19:12:44.531,1.6084,1.60895,0.80,0.10
2008.06.06 19:12:45.020,1.6084,1.60895,1.60,0.10
2008.06.06 19:12:45.097,1.6084,1.60895,1.30,0.10
2008.06.06 19:12:45.228,1.6084,1.60895,2.10,0.10
2008.06.06 19:12:47.430,1.6085,1.6089,0.30,0.60
2008.06.06 19:12:47.710,1.6085,1.6088,0.30,0.20
2008.06.06 19:12:47.810,1.60845,1.6088,0.60,0.20
2008.06.06 19:12:47.927,1.6085,1.60885,0.60,0.20
2008.06.06 19:12:48.482,1.60845,1.6088,0.60,0.20
2008.06.06 19:12:48.798,1.60835,1.6087,0.60,0.20
2008.06.06 19:12:49.932,1.60835,1.6087,0.60,0.80
2008.06.06 19:12:50.661,1.60845,1.6087,0.60,0.60
2008.06.06 19:12:51.929,1.60845,1.6088,0.60,0.80
2008.06.06 19:13:08.594,1.6084,1.6087,0.30,0.20
2008.06.06 19:13:08.694,1.60835,1.6087,0.70,0.80
2008.06.06 19:13:08.969,1.60835,1.6087,0.60,0.80
2008.06.06 19:13:09.333,1.6084,1.6087,0.60,0.60
2008.06.06 19:13:12.616,1.6084,1.6087,1.00,0.60
2008.06.06 19:13:14.726,1.6084,1.60865,0.50,0.20
2008.06.06 19:13:14.746,1.6084,1.6086,0.50,0.60
2008.06.06 19:13:14.885,1.6084,1.60855,0.50,0.20
2008.06.06 19:13:14.980,1.60825,1.60855,0.10,0.20
2008.06.06 19:13:15.073,1.6082,1.60855,1.00,0.20
2008.06.06 19:13:15.292,1.6082,1.60855,1.00,0.30
2008.06.06 19:13:17.583,1.6082,1.60855,1.80,0.30
2008.06.06 19:13:17.720,1.6082,1.60855,1.00,0.30
2008.06.06 19:13:18.821,1.6082,1.60855,1.80,0.30
2008.06.06 19:13:18.959,1.6082,1.60855,2.60,0.30
2008.06.06 19:13:19.792,1.6082,1.60855,1.80,0.30
2008.06.06 19:13:19.943,1.6082,1.60855,1.00,0.30
2008.06.06 19:13:29.640,1.60835,1.60855,0.60,0.10
2008.06.06 19:13:30.031,1.60835,1.6086,0.60,0.60
2008.06.06 19:13:47.521,1.6083,1.6086,0.60,0.60
2008.06.06 19:13:50.744,1.60835,1.6086,0.60,0.60
2008.06.06 19:13:51.355,1.6084,1.6086,0.60,0.60
2008.06.06 19:13:51.850,1.6084,1.60875,0.60,0.20
2008.06.06 19:13:51.991,1.6084,1.6087,0.60,0.60
2008.06.06 19:13:52.646,1.60845,1.6087,0.60,0.60
2008.06.06 19:13:52.975,1.60855,1.6087,0.60,0.60
2008.06.06 19:13:53.064,1.60855,1.60885,0.60,1.00
2008.06.06 19:13:53.162,1.6085,1.6088,0.30,0.20
2008.06.06 19:13:53.340,1.60845,1.6088,0.60,0.80
2008.06.06 19:13:56.137,1.60835,1.6087,0.60,0.20
2008.06.06 19:13:56.324,1.60835,1.6087,0.60,0.80
2008.06.06 19:13:56.771,1.60835,1.6087,0.60,0.80
2008.06.06 19:13:57.232,1.60835,1.6086,0.60,0.60
2008.06.06 19:13:59.429,1.6083,1.6086,0.60,0.80
2008.06.06 19:14:01.652,1.6083,1.60855,0.60,0.20
2008.06.06 19:14:01.895,1.60825,1.60855,0.10,0.20
2008.06.06 19:14:02.043,1.60835,1.6086,0.60,0.60
2008.06.06 19:14:03.959,1.60825,1.6086,0.70,0.80
2008.06.06 19:14:04.527,1.60835,1.6086,0.60,0.60
2008.06.06 19:14:06.891,1.6083,1.6086,0.60,0.60
2008.06.06 19:14:09.935,1.60835,1.6086,0.60,0.60
2008.06.06 19:14:14.760,1.6083,1.6086,0.60,0.60
2008.06.06 19:14:15.178,1.60825,1.6086,0.60,0.80
2008.06.06 19:14:15.850,1.6082,1.60855,0.90,0.20
2008.06.06 19:14:16.038,1.60835,1.6086,0.60,0.60
2008.06.06 19:14:37.155,1.6084,1.6086,0.60,0.60
2008.06.06 19:14:37.234,1.6084,1.60875,0.90,0.20
2008.06.06 19:14:37.618,1.60845,1.6088,0.60,1.90
2008.06.06 19:14:37.698,1.60845,1.6088,0.60,1.80
2008.06.06 19:15:27.351,1.60845,1.6088,0.60,2.60
2008.06.06 19:15:27.590,1.60845,1.6088,0.60,1.80
2008.06.06 19:15:33.199,1.60845,1.6088,0.60,2.40
2008.06.06 19:15:35.884,1.60845,1.60875,0.60,1.00
2008.06.06 19:15:37.595,1.6083,1.60875,0.30,1.00
2008.06.06 19:15:37.765,1.6082,1.60875,2.30,1.00
2008.06.06 19:15:42.005,1.6082,1.60875,1.10,1.00
2008.06.06 19:15:42.061,1.6082,1.6088,2.10,1.60
2008.06.06 19:15:42.114,1.6082,1.6089,0.70,0.80
2008.06.06 19:15:42.179,1.6082,1.6089,1.40,7.90
2008.06.06 19:15:42.767,1.6082,1.6089,0.70,1.40
2008.06.06 19:15:42.975,1.6082,1.6089,2.30,7.10
2008.06.06 19:15:43.956,1.6082,1.6089,2.20,1.70
2008.06.06 19:15:44.025,1.6082,1.6089,2.30,1.50
2008.06.06 19:15:44.059,1.6082,1.6089,0.60,2.10
2008.06.06 19:15:44.173,1.6082,1.6089,2.60,1.40
2008.06.06 19:15:44.233,1.60835,1.6087,0.60,0.20
2008.06.06 19:15:44.421,1.60835,1.6087,0.60,1.60
2008.06.06 19:15:44.588,1.60835,1.6087,0.60,1.00
2008.06.06 19:15:44.831,1.60835,1.6087,0.60,0.80
2008.06.06 19:15:54.361,1.60835,1.6087,0.60,1.60
2008.06.06 19:15:54.799,1.60835,1.6087,0.60,0.80
2008.06.06 19:15:57.415,1.60835,1.6087,0.60,1.60
2008.06.06 19:15:57.644,1.60835,1.6087,0.60,0.80
2008.06.06 19:15:58.155,1.60835,1.6087,0.60,1.00
2008.06.06 19:15:58.416,1.60835,1.6087,0.60,0.80
2008.06.06 19:15:59.194,1.60835,1.6087,0.60,2.10
2008.06.06 19:15:59.423,1.60835,1.6087,0.60,0.80
2008.06.06 19:15:59.926,1.60835,1.6087,0.60,0.60
2008.06.06 19:16:00.038,1.6083,1.60865,0.90,0.20
2008.06.06 19:16:00.329,1.60835,1.6087,0.60,1.00
2008.06.06 19:16:00.530,1.60835,1.6087,0.60,0.80
2008.06.06 19:16:06.854,1.6083,1.60865,0.90,0.20
2008.06.06 19:16:06.964,1.6083,1.6086,0.60,0.60
2008.06.06 19:16:07.723,1.6083,1.6086,0.60,1.30
2008.06.06 19:16:07.867,1.6083,1.6086,0.60,0.60
2008.06.06 19:16:09.652,1.6083,1.6086,0.60,2.70
2008.06.06 19:16:09.872,1.6083,1.6086,0.60,0.60
2008.06.06 19:16:10.408,1.6083,1.6086,0.60,1.20
2008.06.06 19:16:10.519,1.6083,1.6086,0.60,3.10
2008.06.06 19:16:12.011,1.60825,1.6086,0.60,2.10
2008.06.06 19:16:12.506,1.60825,1.6086,0.60,1.10
2008.06.06 19:16:12.583,1.60825,1.6086,0.60,0.80
2008.06.06 19:16:15.040,1.60825,1.6086,0.60,0.90
2008.06.06 19:16:15.089,1.60825,1.6086,0.60,1.30
2008.06.06 19:16:15.451,1.60825,1.6086,0.60,1.20
2008.06.06 19:16:15.638,1.60825,1.6086,0.60,0.80
2008.06.06 19:16:23.681,1.60825,1.6086,0.60,0.80
2008.06.06 19:16:27.417,1.60825,1.6086,0.60,0.80
2008.06.06 19:16:31.136,1.6082,1.6085,0.30,0.20
2008.06.06 19:16:31.348,1.60825,1.6086,0.60,0.80
2008.06.06 19:16:31.596,1.6082,1.60855,0.90,0.20
2008.06.06 19:16:32.406,1.60825,1.6086,0.60,0.80
2008.06.06 19:16:49.160,1.60825,1.6086,0.60,2.00
2008.06.06 19:16:49.864,1.60825,1.6086,0.60,0.80
2008.06.06 19:17:06.985,1.60825,1.6086,0.60,0.20
2008.06.06 19:17:23.041,1.60825,1.6086,0.60,1.00
2008.06.06 19:17:23.146,1.60825,1.6086,0.60,1.80
2008.06.06 19:17:23.242,1.60825,1.6085,0.60,1.00
2008.06.06 19:17:23.357,1.60815,1.60835,0.10,0.20
2008.06.06 19:17:23.455,1.60815,1.6083,0.70,0.60
2008.06.06 19:17:23.554,1.60815,1.6085,0.70,1.80
2008.06.06 19:17:26.444,1.60815,1.6083,0.10,0.20
2008.06.06 19:17:26.852,1.608,1.6083,0.80,0.20
2008.06.06 19:17:27.422,1.608,1.6083,0.60,0.80
2008.06.06 19:17:55.216,1.608,1.60825,0.60,0.20
2008.06.06 19:17:55.478,1.608,1.6082,0.60,0.20
2008.06.06 19:17:57.846,1.608,1.6082,0.60,0.20
2008.06.06 19:17:58.353,1.608,1.60825,0.60,0.20
2008.06.06 19:17:59.013,1.608,1.6082,0.60,0.20
2008.06.06 19:18:38.715,1.608,1.60815,0.60,0.20
2008.06.06 19:18:39.036,1.6078,1.60815,0.90,0.20
2008.06.06 19:18:50.413,1.6078,1.6081,0.30,0.20
2008.06.06 19:18:51.221,1.60775,1.6081,0.60,0.80
2008.06.06 19:19:11.904,1.6078,1.6081,0.60,0.60
2008.06.06 19:19:12.337,1.60775,1.6081,0.60,0.80
2008.06.06 19:19:12.428,1.6078,1.6081,0.30,0.20
2008.06.06 19:19:12.956,1.6079,1.6082,0.60,0.60
2008.06.06 19:19:13.105,1.60785,1.6082,0.60,0.80
2008.06.06 19:19:13.323,1.60795,1.6082,0.60,0.60
2008.06.06 19:19:13.645,1.60785,1.6082,0.60,0.80
2008.06.06 19:19:13.863,1.60795,1.6082,0.60,0.60
2008.06.06 19:19:14.097,1.60785,1.6082,0.60,0.80
2008.06.06 19:19:14.426,1.60795,1.6082,0.60,0.60
2008.06.06 19:19:14.750,1.60785,1.6082,0.60,0.80
2008.06.06 19:19:14.935,1.60795,1.6082,0.60,0.60
2008.06.06 19:19:15.216,1.60785,1.6082,0.60,0.80
2008.06.06 19:19:42.380,1.6079,1.6082,0.60,0.60
2008.06.06 19:19:47.570,1.60785,1.6082,0.60,0.80
2008.06.06 19:19:59.017,1.60785,1.6082,1.20,0.80
2008.06.06 19:20:12.481,1.60785,1.6082,0.60,0.20
2008.06.06 19:20:15.847,1.60795,1.6083,0.60,0.20
2008.06.06 19:20:42.890,1.6079,1.60825,0.60,0.20
2008.06.06 19:20:42.996,1.6079,1.60825,0.90,0.20
2008.06.06 19:20:43.110,1.6079,1.6082,0.30,0.20
2008.06.06 19:20:49.838,1.60795,1.6083,0.60,2.50
2008.06.06 19:20:49.999,1.60795,1.6083,0.60,1.70
2008.06.06 19:20:50.248,1.60795,1.6083,0.60,0.80
2008.06.06 19:21:36.164,1.6081,1.6083,0.60,0.60
2008.06.06 19:21:36.219,1.6081,1.60835,0.60,0.10
2008.06.06 19:21:36.450,1.6081,1.60845,0.60,0.20
2008.06.06 19:21:40.910,1.60815,1.6085,0.60,1.20
2008.06.06 19:21:41.140,1.60815,1.6085,0.60,1.80
2008.06.06 19:21:41.191,1.60805,1.6084,0.60,0.20
2008.06.06 19:21:41.326,1.60815,1.6085,0.60,1.80
2008.06.06 19:21:41.412,1.60815,1.6085,0.60,1.20
2008.06.06 19:21:41.670,1.60805,1.6084,0.60,0.20
2008.06.06 19:21:41.878,1.60815,1.6085,0.60,1.80
2008.06.06 19:21:41.910,1.60815,1.6085,0.60,1.20
2008.06.06 19:21:42.201,1.60805,1.6084,0.60,0.20
2008.06.06 19:21:42.351,1.60815,1.6085,0.60,1.80
2008.06.06 19:21:42.501,1.60815,1.6085,0.60,1.20
2008.06.06 19:21:42.651,1.60805,1.6084,0.60,0.20
2008.06.06 19:21:42.943,1.60815,1.6085,0.60,1.20
2008.06.06 19:21:43.091,1.60805,1.6084,0.60,0.20
2008.06.06 19:21:43.419,1.60815,1.6085,0.60,1.80
2008.06.06 19:21:43.461,1.60815,1.6085,0.60,1.20
2008.06.06 19:21:43.626,1.60805,1.6084,0.60,0.20
2008.06.06 19:21:43.869,1.60815,1.6085,0.60,1.80
2008.06.06 19:21:43.910,1.60815,1.6085,0.60,1.20
2008.06.06 19:21:44.088,1.60805,1.6084,0.60,0.20
2008.06.06 19:21:44.619,1.60815,1.6085,0.60,1.80
2008.06.06 19:21:44.675,1.60815,1.6085,0.60,1.20
2008.06.06 19:21:44.840,1.60805,1.6084,0.60,0.20
2008.06.06 19:21:45.166,1.60815,1.6085,0.60,1.80
2008.06.06 19:21:45.220,1.60815,1.6085,0.60,1.20
2008.06.06 19:21:45.385,1.6081,1.60845,0.60,0.20
2008.06.06 19:21:48.619,1.6081,1.6084,0.60,0.60
2008.06.06 19:21:48.708,1.608,1.60835,0.90,0.20
2008.06.06 19:22:43.951,1.608,1.6083,0.90,0.20
2008.06.06 19:22:48.707,1.608,1.6083,0.60,0.20
2008.06.06 19:22:53.567,1.608,1.6083,0.60,1.00
2008.06.06 19:22:53.756,1.608,1.6083,0.60,1.80
2008.06.06 19:22:53.985,1.608,1.6083,0.60,1.80
2008.06.06 19:22:54.349,1.608,1.6083,0.60,1.00
2008.06.06 19:22:54.540,1.608,1.6083,0.60,0.20
2008.06.06 19:22:55.024,1.608,1.6083,0.60,0.80
2008.06.06 19:22:55.193,1.6079,1.6082,0.60,0.20
2008.06.06 19:22:55.508,1.6078,1.6081,1.40,0.20
2008.06.06 19:23:14.364,1.60785,1.60815,0.60,0.20
2008.06.06 19:23:14.828,1.6081,1.6083,0.60,1.60
2008.06.06 19:23:14.959,1.6079,1.60815,0.30,0.20
2008.06.06 19:23:22.647,1.6079,1.6081,0.30,0.20
2008.06.06 19:23:44.296,1.60775,1.60805,0.60,0.20
2008.06.06 19:23:44.688,1.6078,1.6081,0.60,0.80
2008.06.06 19:24:06.275,1.6078,1.6081,0.90,0.20
2008.06.06 19:24:08.285,1.6078,1.60805,0.30,0.20
2008.06.06 19:24:14.455,1.6078,1.6081,0.90,0.20
2008.06.06 19:24:59.392,1.6078,1.60805,0.30,0.20
2008.06.06 19:24:59.601,1.60775,1.60805,0.60,0.20
2008.06.06 19:25:28.672,1.6078,1.6081,0.60,0.80
2008.06.06 19:25:29.349,1.60775,1.60805,0.60,0.20
2008.06.06 19:25:29.695,1.6077,1.608,0.90,0.20
2008.06.06 19:25:37.327,1.6078,1.6081,0.60,0.80
2008.06.06 19:25:37.584,1.6079,1.6081,0.60,0.60
2008.06.06 19:25:37.835,1.60785,1.6081,0.60,0.60
2008.06.06 19:25:38.118,1.6079,1.6081,0.60,0.60
2008.06.06 19:25:38.364,1.6078,1.6081,0.60,0.80
2008.06.06 19:25:38.783,1.60775,1.60805,0.60,0.20
2008.06.06 19:25:39.583,1.6077,1.608,0.90,0.20
2008.06.06 19:25:39.816,1.60775,1.60805,0.60,0.20
2008.06.06 19:25:40.832,1.6078,1.60805,0.60,0.20
2008.06.06 19:25:40.931,1.6077,1.608,0.90,0.20
2008.06.06 19:25:44.029,1.60775,1.60805,0.60,0.20
2008.06.06 19:25:49.339,1.60785,1.6081,0.60,0.80
2008.06.06 19:25:50.799,1.60785,1.6081,0.60,0.20
2008.06.06 19:25:55.095,1.6078,1.60805,0.30,0.20
2008.06.06 19:25:56.891,1.6078,1.60805,0.90,0.20
2008.06.06 19:26:05.158,1.6078,1.608,0.30,0.20
2008.06.06 19:26:10.603,1.6078,1.60805,0.90,0.20
2008.06.06 19:26:33.994,1.6078,1.608,0.30,0.20
2008.06.06 19:26:34.500,1.6078,1.60805,0.30,0.20
2008.06.06 19:26:40.432,1.6078,1.608,0.30,0.20
2008.06.06 19:26:45.667,1.6078,1.60805,0.30,0.20
2008.06.06 19:26:47.997,1.60785,1.6081,0.60,0.20
2008.06.06 19:26:51.186,1.60775,1.60805,0.60,0.20
2008.06.06 19:26:51.457,1.60775,1.60805,0.80,0.20
2008.06.06 19:26:54.435,1.6079,1.60815,0.60,0.20
2008.06.06 19:26:54.645,1.6078,1.6081,0.60,0.20
2008.06.06 19:26:54.934,1.6078,1.6081,0.70,0.20
2008.06.06 19:26:54.994,1.6078,1.60805,0.50,0.20
2008.06.06 19:26:55.103,1.60775,1.60805,0.80,0.20
2008.06.06 19:26:55.475,1.60775,1.608,0.80,0.20
2008.06.06 19:27:21.139,1.6078,1.6081,0.60,0.20
2008.06.06 19:27:21.274,1.6078,1.6081,0.70,0.20
2008.06.06 19:27:21.702,1.6078,1.608,1.60,0.20
2008.06.06 19:27:21.911,1.60775,1.608,0.80,0.20
2008.06.06 19:27:32.480,1.60775,1.60805,0.80,0.20
2008.06.06 19:27:36.038,1.60775,1.60805,1.30,0.20
2008.06.06 19:27:38.972,1.6078,1.6081,0.60,0.20
2008.06.06 19:27:41.345,1.6079,1.6082,0.60,0.20
2008.06.06 19:27:42.565,1.60805,1.6083,0.60,1.20
2008.06.06 19:27:42.845,1.60805,1.6083,0.60,0.20
2008.06.06 19:27:43.865,1.6081,1.60835,0.60,0.20
2008.06.06 19:27:43.989,1.60815,1.6084,0.60,0.60
2008.06.06 19:27:44.330,1.60815,1.6084,0.60,0.50
2008.06.06 19:27:45.088,1.60845,1.6085,0.60,0.60
2008.06.06 19:27:46.236,1.6082,1.60845,1.00,0.20
2008.06.06 19:27:46.361,1.60815,1.60845,0.60,0.20
2008.06.06 19:27:46.482,1.60805,1.60835,0.60,0.20
2008.06.06 19:27:46.978,1.60835,1.6085,0.60,1.60
2008.06.06 19:27:47.052,1.60835,1.6085,0.60,1.50
2008.06.06 19:27:48.335,1.6081,1.60835,0.30,0.20
2008.06.06 19:27:48.705,1.6081,1.6083,0.30,0.20
2008.06.06 19:27:49.792,1.6081,1.60825,0.30,0.20
2008.06.06 19:27:50.282,1.608,1.60815,0.30,0.20
2008.06.06 19:27:50.383,1.60815,1.6084,0.60,1.00
2008.06.06 19:27:50.643,1.608,1.60815,0.30,0.20
2008.06.06 19:27:52.694,1.6081,1.6083,0.60,1.40
2008.06.06 19:27:52.921,1.6081,1.6083,0.60,0.60
2008.06.06 19:27:53.759,1.6081,1.6083,0.60,1.40
2008.06.06 19:27:53.970,1.60805,1.6083,0.60,1.40
2008.06.06 19:27:56.571,1.6079,1.6082,1.40,0.20
2008.06.06 19:27:56.900,1.6079,1.60815,0.80,0.20
2008.06.06 19:27:57.342,1.6081,1.6083,0.60,1.60
2008.06.06 19:27:57.398,1.6081,1.6083,0.60,0.60
2008.06.06 19:27:57.452,1.6081,1.6084,0.60,1.80
2008.06.06 19:27:57.508,1.6081,1.6084,0.60,0.80
2008.06.06 19:28:04.411,1.608,1.6083,0.90,0.20
2008.06.06 19:28:04.668,1.608,1.60825,0.30,0.20
2008.06.06 19:28:04.837,1.608,1.6082,0.30,0.20
2008.06.06 19:28:05.221,1.6081,1.6084,0.60,1.00
2008.06.06 19:28:05.314,1.6081,1.6084,0.60,2.80
2008.06.06 19:28:05.347,1.6081,1.6084,0.60,0.80
2008.06.06 19:28:05.593,1.608,1.6082,0.30,0.20
2008.06.06 19:28:05.845,1.6079,1.6082,1.30,0.20
2008.06.06 19:28:06.024,1.60795,1.6082,0.60,0.20
2008.06.06 19:28:06.380,1.6079,1.6081,0.60,0.20
2008.06.06 19:28:06.947,1.6079,1.60805,0.60,0.20
2008.06.06 19:28:07.098,1.6078,1.60805,0.60,0.20
2008.06.06 19:28:08.567,1.60765,1.6079,0.10,0.20
2008.06.06 19:28:08.698,1.60765,1.60785,0.10,0.20
2008.06.06 19:28:08.748,1.60765,1.60785,0.30,0.20
2008.06.06 19:28:08.876,1.60765,1.6079,0.30,0.20
2008.06.06 19:28:08.967,1.6076,1.6079,1.20,0.20
2008.06.06 19:28:09.099,1.6076,1.6078,0.60,0.10
2008.06.06 19:28:09.236,1.6075,1.6078,0.30,0.10
2008.06.06 19:28:09.426,1.60755,1.60785,0.60,0.20
2008.06.06 19:28:14.440,1.6075,1.60775,0.30,0.20
2008.06.06 19:28:15.784,1.60745,1.60775,0.70,0.20
2008.06.06 19:28:16.694,1.6075,1.60775,0.30,0.20
2008.06.06 19:28:21.415,1.60755,1.60785,0.60,0.20
2008.06.06 19:28:21.697,1.6076,1.6079,0.60,0.80
2008.06.06 19:28:21.753,1.6076,1.6079,0.60,0.20
2008.06.06 19:28:22.353,1.6076,1.6079,0.60,0.20
2008.06.06 19:28:42.980,1.6077,1.60795,0.60,0.20
2008.06.06 19:28:43.251,1.6078,1.60795,0.30,0.20
2008.06.06 19:28:43.771,1.6078,1.60805,0.30,1.00
2008.06.06 19:28:43.891,1.6078,1.6082,2.20,1.60
2008.06.06 19:28:44.018,1.6079,1.6082,0.30,1.00
2008.06.06 19:28:46.871,1.608,1.6082,0.60,1.00
2008.06.06 19:28:57.868,1.608,1.6082,0.60,1.00
2008.06.06 19:29:00.524,1.60805,1.6082,0.60,1.00
2008.06.06 19:29:02.197,1.60805,1.6083,0.60,0.60
2008.06.06 19:29:02.346,1.608,1.6083,0.60,0.20
2008.06.06 19:29:04.623,1.608,1.6081,0.60,0.60
2008.06.06 19:29:04.978,1.6079,1.6081,0.60,0.60
2008.06.06 19:29:05.135,1.608,1.6081,0.60,0.60
2008.06.06 19:29:05.295,1.608,1.6083,0.60,1.80
2008.06.06 19:29:06.432,1.60805,1.6083,0.60,1.80
2008.06.06 19:29:07.064,1.60805,1.6083,0.60,1.00
2008.06.06 19:29:08.372,1.608,1.6083,0.60,1.20
2008.06.06 19:29:14.744,1.6081,1.6083,0.60,1.00
2008.06.06 19:29:15.050,1.60815,1.6083,0.60,1.00
2008.06.06 19:29:15.597,1.60795,1.6083,0.60,1.00
2008.06.06 19:29:18.887,1.608,1.6083,0.60,1.00
2008.06.06 19:29:20.097,1.6079,1.6083,0.30,1.00
2008.06.06 19:29:20.248,1.608,1.6086,2.00,0.20
2008.06.06 19:29:21.437,1.608,1.6086,2.00,0.80
2008.06.06 19:29:24.210,1.60825,1.60855,0.60,0.20
2008.06.06 19:29:28.381,1.6083,1.6086,0.60,0.80
2008.06.06 19:29:28.750,1.6081,1.6084,0.90,0.20
2008.06.06 19:29:28.879,1.6081,1.6083,0.30,0.20
2008.06.06 19:29:28.919,1.60805,1.6083,0.20,0.20
2008.06.06 19:29:28.962,1.608,1.6083,1.20,0.20
2008.06.06 19:29:30.316,1.608,1.6083,1.30,0.20
2008.06.06 19:29:33.278,1.6081,1.6083,0.30,0.20
2008.06.06 19:29:33.378,1.60815,1.60845,0.60,0.20
2008.06.06 19:29:33.558,1.6082,1.60845,2.00,0.20
2008.06.06 19:29:33.656,1.60845,1.6086,0.60,0.60
2008.06.06 19:29:33.825,1.6085,1.6086,0.60,0.60
2008.06.06 19:29:33.996,1.6085,1.6088,0.60,1.00
2008.06.06 19:29:34.086,1.6085,1.6088,0.60,0.20
2008.06.06 19:29:34.497,1.60845,1.6087,0.60,0.20
2008.06.06 19:29:34.806,1.60835,1.60865,0.60,0.20
2008.06.06 19:29:35.116,1.60825,1.60855,0.60,0.20
2008.06.06 19:29:37.686,1.6082,1.6085,0.60,0.20
2008.06.06 19:29:37.965,1.60825,1.60855,0.60,0.20
2008.06.06 19:29:38.500,1.6082,1.6085,0.60,0.20
2008.06.06 19:29:45.877,1.60815,1.60845,0.60,0.20
2008.06.06 19:29:46.171,1.6081,1.6084,0.90,0.20
2008.06.06 19:29:46.292,1.6081,1.6084,0.60,0.20
2008.06.06 19:29:49.031,1.6081,1.6084,0.70,0.20
2008.06.06 19:29:49.452,1.60815,1.60845,0.60,0.20
2008.06.06 19:29:49.583,1.6082,1.60845,0.30,0.20
2008.06.06 19:29:50.927,1.6082,1.60845,0.40,0.20
2008.06.06 19:29:51.500,1.6082,1.60845,0.30,0.20
2008.06.06 19:30:01.217,1.6082,1.6084,0.30,0.20
2008.06.06 19:30:01.304,1.6081,1.6084,0.60,0.20
2008.06.06 19:30:01.878,1.6081,1.6084,0.60,0.80
2008.06.06 19:30:01.910,1.608,1.6083,0.90,0.20
2008.06.06 19:30:02.108,1.608,1.60825,0.30,0.20
2008.06.06 19:30:02.482,1.608,1.6082,0.30,0.20
2008.06.06 19:30:08.229,1.60785,1.60805,0.60,0.20
2008.06.06 19:30:08.447,1.60785,1.6082,0.60,0.60
2008.06.06 19:30:08.484,1.60785,1.60805,0.60,0.60
2008.06.06 19:30:08.516,1.60765,1.60805,0.60,0.60
2008.06.06 19:30:08.545,1.60775,1.60805,0.10,0.60
2008.06.06 19:30:08.600,1.60775,1.6079,0.10,0.20
2008.06.06 19:30:08.963,1.60765,1.6079,0.60,0.20
2008.06.06 19:30:09.350,1.6077,1.60795,0.60,0.20
2008.06.06 19:30:10.028,1.60765,1.6079,0.60,0.20
2008.06.06 19:30:24.425,1.60765,1.60795,1.20,0.20
2008.06.06 19:30:25.017,1.60765,1.60795,1.30,0.20
2008.06.06 19:30:25.514,1.60775,1.60805,0.60,0.20
2008.06.06 19:30:25.643,1.6078,1.6081,0.60,0.80
2008.06.06 19:30:25.775,1.6078,1.6081,0.60,0.20
2008.06.06 19:30:34.200,1.6079,1.6082,0.60,1.80
2008.06.06 19:30:34.581,1.6079,1.6082,0.90,1.20
2008.06.06 19:30:34.772,1.608,1.6082,0.60,1.00
2008.06.06 19:30:34.962,1.608,1.6082,2.00,1.00
2008.06.06 19:30:35.061,1.608,1.6082,2.20,1.00
2008.06.06 19:30:35.161,1.608,1.6082,0.30,1.00
2008.06.06 19:30:35.440,1.6081,1.6086,2.20,0.60
2008.06.06 19:30:35.540,1.6081,1.6086,2.20,1.60
2008.06.06 19:30:35.992,1.6081,1.6086,2.20,1.00
2008.06.06 19:30:36.219,1.6081,1.6086,2.20,1.60
2008.06.06 19:30:36.449,1.6081,1.6086,2.20,1.00
2008.06.06 19:30:37.198,1.6081,1.6086,2.20,1.60
2008.06.06 19:30:37.409,1.6081,1.6085,2.20,0.60
2008.06.06 19:30:37.561,1.6082,1.6085,0.60,0.80
2008.06.06 19:30:52.168,1.60815,1.60845,0.60,0.20
2008.06.06 19:30:52.390,1.6081,1.6084,1.00,0.20
2008.06.06 19:30:52.510,1.6081,1.6084,0.90,0.20
2008.06.06 19:30:52.569,1.6081,1.6084,0.60,0.20
2008.06.06 19:30:54.408,1.60805,1.60835,0.60,0.20
2008.06.06 19:30:54.808,1.608,1.6083,1.40,0.20
2008.06.06 19:30:55.291,1.608,1.6083,1.50,0.20
2008.06.06 19:30:55.605,1.60805,1.6083,0.10,0.20
2008.06.06 19:30:57.470,1.60805,1.6082,0.10,0.20
2008.06.06 19:30:57.540,1.608,1.6082,0.60,0.20
2008.06.06 19:30:57.714,1.6081,1.6083,0.60,0.60
2008.06.06 19:30:58.159,1.6081,1.6083,2.60,0.60
2008.06.06 19:30:58.411,1.6083,1.60835,0.60,0.60
2008.06.06 19:30:58.684,1.6081,1.6083,2.00,0.60
2008.06.06 19:30:58.945,1.6081,1.6083,0.60,0.60
2008.06.06 19:30:59.566,1.6082,1.6083,0.60,0.60
2008.06.06 19:31:00.620,1.60805,1.6083,0.60,0.80
2008.06.06 19:31:02.292,1.60825,1.6083,0.60,0.60
2008.06.06 19:31:02.709,1.6079,1.6083,0.80,0.60
2008.06.06 19:31:02.980,1.6084,1.6085,0.60,5.60
2008.06.06 19:31:04.450,1.6083,1.60835,0.60,0.60
2008.06.06 19:31:04.683,1.60825,1.6083,0.60,0.60
2008.06.06 19:31:05.044,1.6083,1.60835,0.60,0.60
2008.06.06 19:31:06.920,1.60825,1.6083,0.60,0.60
2008.06.06 19:31:07.509,1.6083,1.60835,0.60,0.60
2008.06.06 19:31:09.216,1.60825,1.6083,0.60,0.60
2008.06.06 19:31:09.506,1.6083,1.60835,0.60,0.60
2008.06.06 19:31:09.707,1.60815,1.6083,0.60,0.60
2008.06.06 19:31:10.061,1.6081,1.6083,0.60,0.60
2008.06.06 19:31:10.254,1.6082,1.6083,0.60,0.60
2008.06.06 19:31:11.172,1.60815,1.6083,0.60,0.60
2008.06.06 19:31:12.926,1.6082,1.6083,0.60,0.60
2008.06.06 19:31:13.454,1.6079,1.6083,2.20,0.60
2008.06.06 19:31:14.502,1.60815,1.6083,0.60,0.60
2008.06.06 19:31:18.570,1.6079,1.6082,0.90,0.20
2008.06.06 19:31:18.681,1.6079,1.60805,0.30,0.20
2008.06.06 19:31:18.792,1.60785,1.60805,0.10,0.20
2008.06.06 19:31:19.263,1.60785,1.60815,0.70,0.20
2008.06.06 19:31:19.397,1.6078,1.6082,0.60,0.60
2008.06.06 19:31:20.527,1.60785,1.60815,0.60,0.20
2008.06.06 19:31:21.272,1.6078,1.6081,1.20,0.20
2008.06.06 19:31:30.785,1.6078,1.6081,1.30,0.20
2008.06.06 19:31:31.871,1.6079,1.6081,0.10,0.20
2008.06.06 19:31:31.999,1.6078,1.6081,1.20,0.20
2008.06.06 19:31:32.678,1.60785,1.6081,0.10,0.20
2008.06.06 19:32:21.364,1.60785,1.6081,0.10,0.70
2008.06.06 19:32:24.182,1.60785,1.60805,0.10,0.20
2008.06.06 19:32:24.314,1.6078,1.60805,0.60,0.20
2008.06.06 19:32:33.185,1.6078,1.60795,0.60,0.20
2008.06.06 19:32:35.691,1.6078,1.6081,0.60,0.60
2008.06.06 19:32:35.800,1.6077,1.6081,0.30,0.60
2008.06.06 19:32:35.872,1.6077,1.60795,0.30,0.20
2008.06.06 19:32:36.021,1.6077,1.60795,0.40,0.20
2008.06.06 19:32:36.421,1.6077,1.608,1.00,0.20
2008.06.06 19:32:36.632,1.6077,1.60795,0.40,0.20
2008.06.06 19:32:39.217,1.6077,1.608,1.00,0.20
2008.06.06 19:32:53.978,1.6077,1.608,0.90,0.20
2008.06.06 19:33:03.866,1.6077,1.608,1.00,0.20
2008.06.06 19:33:13.322,1.60775,1.608,0.60,0.20
2008.06.06 19:33:13.495,1.60775,1.60805,0.60,0.20
2008.06.06 19:33:13.644,1.6078,1.60805,0.30,0.20
2008.06.06 19:33:13.792,1.6078,1.60805,0.40,0.20
2008.06.06 19:33:14.383,1.6078,1.608,0.40,0.20
2008.06.06 19:33:20.502,1.6078,1.608,0.30,0.20
2008.06.06 19:33:27.030,1.6078,1.60795,0.30,0.20
2008.06.06 19:33:27.170,1.60765,1.60795,0.60,0.20
2008.06.06 19:33:28.678,1.6076,1.6079,1.50,0.20
2008.06.06 19:33:39.210,1.6076,1.6079,1.30,0.80
2008.06.06 19:33:44.961,1.60765,1.6079,0.60,0.60
2008.06.06 19:33:45.153,1.60765,1.60795,0.60,0.20
2008.06.06 19:33:45.465,1.60765,1.60795,0.70,0.20
2008.06.06 19:33:45.881,1.60765,1.60795,0.80,0.20
2008.06.06 19:33:45.993,1.6077,1.60795,0.10,0.20
2008.06.06 19:33:47.689,1.6077,1.608,0.70,0.80
2008.06.06 19:33:47.798,1.6077,1.6079,0.70,0.60
2008.06.06 19:33:47.904,1.6077,1.6079,0.10,0.60
2008.06.06 19:33:59.482,1.60765,1.6079,0.70,0.60
2008.06.06 19:34:00.815,1.60765,1.6079,0.90,0.60
2008.06.06 19:34:01.031,1.60765,1.6079,0.70,0.60
2008.06.06 19:34:08.558,1.60765,1.6079,0.60,0.60
2008.06.06 19:34:08.828,1.6077,1.6079,0.10,0.60
2008.06.06 19:34:13.588,1.60775,1.6079,0.10,0.60
2008.06.06 19:34:37.673,1.60775,1.6079,0.10,0.80
2008.06.06 19:34:37.803,1.6076,1.6079,0.60,0.80
2008.06.06 19:34:37.933,1.6076,1.6078,0.60,0.60
2008.06.06 19:34:38.676,1.60755,1.6078,0.60,0.60
2008.06.06 19:34:38.851,1.60755,1.6077,0.60,0.60
2008.06.06 19:34:45.323,1.6078,1.6079,0.60,1.00
2008.06.06 19:34:45.417,1.6076,1.6077,2.00,0.60
2008.06.06 19:34:45.521,1.6076,1.60785,0.60,0.20
2008.06.06 19:34:45.571,1.60755,1.60785,0.60,0.20
2008.06.06 19:34:45.702,1.6075,1.608,0.50,0.50
2008.06.06 19:34:51.680,1.6075,1.60765,0.50,0.20
2008.06.06 19:34:51.721,1.6075,1.6077,0.50,0.10
2008.06.06 19:34:52.771,1.6075,1.6077,0.50,0.20
2008.06.06 19:34:54.085,1.6078,1.6079,0.60,0.60
2008.06.06 19:34:54.468,1.6078,1.60815,0.60,0.20
2008.06.06 19:34:54.568,1.6078,1.6081,0.60,1.00
2008.06.06 19:34:54.938,1.6079,1.6081,0.60,1.00
2008.06.06 19:34:59.603,1.60775,1.608,0.30,0.20
2008.06.06 19:34:59.727,1.60775,1.6079,0.30,0.20
2008.06.06 19:34:59.870,1.60775,1.6079,0.10,0.20
2008.06.06 19:35:00.038,1.60755,1.60785,0.60,0.20
2008.06.06 19:35:00.205,1.6075,1.60775,0.60,0.20
2008.06.06 19:35:00.458,1.6075,1.60775,0.60,0.20
2008.06.06 19:35:01.006,1.6075,1.60775,0.60,0.20
2008.06.06 19:35:02.106,1.6075,1.6077,0.60,0.20
2008.06.06 19:35:02.418,1.60755,1.60785,0.60,0.20
2008.06.06 19:35:03.852,1.60755,1.60785,0.60,0.20
2008.06.06 19:35:05.681,1.6076,1.6079,0.60,0.80
2008.06.06 19:35:21.382,1.60755,1.60785,0.60,0.20
2008.06.06 19:35:24.510,1.6076,1.6079,0.60,0.80
2008.06.06 19:35:24.620,1.6076,1.6079,0.60,0.20
2008.06.06 19:35:25.504,1.60755,1.60785,0.60,0.20
2008.06.06 19:35:28.733,1.6076,1.6079,0.60,0.20
2008.06.06 19:35:54.427,1.6075,1.60775,1.20,0.20
2008.06.06 19:35:54.485,1.6075,1.6077,1.20,0.60
2008.06.06 19:35:54.985,1.60755,1.6077,0.60,0.60
2008.06.06 19:36:00.432,1.6076,1.6077,0.60,0.60
2008.06.06 19:36:00.483,1.6076,1.6079,0.60,0.20
2008.06.06 19:36:05.040,1.6076,1.6079,0.60,0.80
2008.06.06 19:36:06.733,1.60755,1.60785,0.60,0.20
2008.06.06 19:36:06.771,1.60755,1.6078,0.60,0.60
2008.06.06 19:36:09.007,1.6076,1.6078,0.60,0.60
2008.06.06 19:36:09.085,1.6076,1.6079,0.60,0.20
2008.06.06 19:36:10.419,1.6075,1.6077,0.60,0.10
2008.06.06 19:36:10.589,1.60745,1.6077,0.10,0.10
2008.06.06 19:36:10.772,1.60745,1.6077,0.10,0.20
2008.06.06 19:36:11.038,1.6074,1.6077,1.20,0.20
2008.06.06 19:36:11.296,1.6074,1.6076,1.20,0.60
2008.06.06 19:36:12.031,1.6075,1.6076,0.60,0.60
2008.06.06 19:36:12.304,1.60745,1.60775,0.60,0.20
2008.06.06 19:36:14.261,1.6075,1.6078,0.60,0.80
2008.06.06 19:36:14.399,1.6075,1.6078,0.60,0.20
2008.06.06 19:36:15.829,1.60745,1.60775,0.60,0.20
2008.06.06 19:36:16.085,1.6075,1.6078,0.60,0.20
2008.06.06 19:36:19.886,1.6074,1.6077,1.30,0.20
2008.06.06 19:36:20.037,1.6074,1.6077,1.20,0.20
2008.06.06 19:36:20.059,1.6074,1.6076,1.20,0.60
2008.06.06 19:36:20.368,1.6074,1.6076,0.60,0.80
2008.06.06 19:36:20.757,1.6074,1.6076,1.20,0.60
2008.06.06 19:36:33.464,1.6074,1.6077,1.20,0.20
2008.06.06 19:36:37.723,1.6074,1.60765,0.60,0.20
2008.06.06 19:36:38.037,1.6074,1.6077,1.20,0.20
2008.06.06 19:36:42.935,1.6074,1.60765,0.60,0.20
2008.06.06 19:36:43.763,1.6074,1.6077,1.20,0.20
2008.06.06 19:36:46.194,1.60745,1.60775,0.60,0.20
2008.06.06 19:36:48.132,1.6076,1.6079,0.60,0.80
2008.06.06 19:36:48.193,1.6076,1.6079,0.60,0.20
2008.06.06 19:36:49.557,1.60755,1.60785,0.60,0.20
2008.06.06 19:36:49.672,1.60775,1.608,0.60,1.20
2008.06.06 19:36:50.012,1.60765,1.60795,0.60,0.20
2008.06.06 19:36:50.474,1.60775,1.608,0.60,0.60
2008.06.06 19:36:51.521,1.60755,1.60785,0.60,0.20
2008.06.06 19:36:52.093,1.6076,1.6079,0.60,0.20
2008.06.06 19:36:53.073,1.60755,1.60785,0.60,0.20
2008.06.06 19:36:53.206,1.60745,1.60775,0.70,0.20
2008.06.06 19:36:53.337,1.60745,1.60755,0.10,0.20
2008.06.06 19:36:53.625,1.60735,1.60755,0.10,0.20
2008.06.06 19:36:54.041,1.6073,1.6078,0.60,1.00
2008.06.06 19:36:54.191,1.6073,1.6079,0.60,0.60
2008.06.06 19:36:54.499,1.6073,1.60795,0.60,0.20
2008.06.06 19:36:54.831,1.6073,1.608,0.60,0.80
2008.06.06 19:36:55.001,1.6073,1.60795,0.60,0.20
2008.06.06 19:36:55.340,1.6073,1.608,0.60,0.80
2008.06.06 19:36:55.683,1.6073,1.60795,0.60,0.20
2008.06.06 19:36:57.231,1.6073,1.608,0.60,0.80
2008.06.06 19:37:00.211,1.6073,1.6079,0.60,0.50
2008.06.06 19:37:14.239,1.6073,1.608,0.60,0.80
2008.06.06 19:37:14.613,1.6073,1.6079,0.60,0.50
2008.06.06 19:37:16.036,1.6073,1.6079,0.60,1.00
2008.06.06 19:37:16.909,1.6073,1.6078,0.60,0.60
2008.06.06 19:37:23.783,1.60735,1.6076,0.60,0.20
2008.06.06 19:37:24.941,1.60735,1.6076,0.70,0.20
2008.06.06 19:37:30.423,1.60735,1.6075,0.10,0.20
2008.06.06 19:37:30.946,1.60735,1.60755,0.10,0.20
2008.06.06 19:37:35.952,1.60735,1.6076,0.10,0.20
2008.06.06 19:37:36.089,1.6074,1.6077,0.60,0.20
2008.06.06 19:37:36.463,1.60745,1.60775,0.60,0.20
2008.06.06 19:37:58.092,1.6075,1.6078,0.60,1.20
2008.06.06 19:37:58.123,1.6075,1.6078,0.60,0.60
2008.06.06 19:37:58.323,1.60735,1.6078,0.10,0.50
2008.06.06 19:37:58.483,1.60735,1.6078,0.30,0.50
2008.06.06 19:37:58.685,1.60735,1.6078,0.20,0.50
2008.06.06 19:37:59.083,1.6074,1.6078,0.10,0.50
2008.06.06 19:37:59.864,1.60745,1.60775,0.60,0.20
2008.06.06 19:38:57.191,1.60745,1.6077,0.60,0.60
2008.06.06 19:38:57.438,1.6073,1.6076,2.40,0.20
2008.06.06 19:38:57.535,1.6073,1.6076,1.90,0.20
2008.06.06 19:39:13.188,1.6075,1.6077,0.60,0.60
2008.06.06 19:39:13.324,1.6075,1.60775,0.60,1.00
2008.06.06 19:39:13.360,1.6075,1.6078,0.60,1.80
2008.06.06 19:39:13.411,1.6074,1.6078,0.30,1.60
2008.06.06 19:39:13.440,1.6074,1.6078,2.70,1.60
2008.06.06 19:39:13.502,1.6074,1.6078,2.80,2.40
2008.06.06 19:39:13.536,1.6074,1.6078,0.50,2.40
2008.06.06 19:39:13.602,1.6077,1.6078,0.30,0.80
2008.06.06 19:39:13.858,1.6079,1.6081,0.60,0.60
2008.06.06 19:39:14.119,1.60775,1.6079,0.10,0.10
2008.06.06 19:39:14.392,1.6077,1.6079,0.60,0.10
2008.06.06 19:39:14.794,1.6077,1.6082,0.60,2.40
2008.06.06 19:39:14.982,1.6077,1.6079,0.60,0.10
2008.06.06 19:39:17.030,1.60755,1.6079,0.60,0.10
2008.06.06 19:39:18.427,1.60755,1.60785,0.60,0.20
2008.06.06 19:39:18.694,1.60755,1.60785,0.70,0.20
2008.06.06 19:39:19.564,1.6075,1.6078,0.60,0.20
2008.06.06 19:39:25.154,1.60755,1.60785,0.60,0.20
2008.06.06 19:39:25.893,1.6075,1.6078,0.60,0.20
2008.06.06 19:39:34.150,1.60745,1.60775,0.70,0.20
2008.06.06 19:39:34.229,1.60745,1.60775,0.70,0.20
2008.06.06 19:39:45.490,1.60745,1.60775,0.60,0.20
2008.06.06 19:40:05.162,1.60735,1.60765,0.60,0.20
2008.06.06 19:40:57.457,1.6073,1.6076,0.90,0.20
2008.06.06 19:40:57.492,1.6073,1.6076,0.60,0.80
2008.06.06 19:41:46.141,1.60735,1.6076,0.60,0.60
2008.06.06 19:41:48.835,1.6073,1.6076,0.60,0.80
2008.06.06 19:41:57.541,1.6073,1.6076,0.60,0.20
2008.06.06 19:42:08.869,1.60687,1.60697,1.60,1.80
2008.06.06 19:42:08.956,1.6069,1.607,2.40,1.10
2008.06.06 19:42:09.203,1.60694,1.60704,2.40,2.40
2008.06.06 19:42:09.335,1.60696,1.60706,1.60,5.00
2008.06.06 19:42:16.880,1.60698,1.60708,2.40,0.60
2008.06.06 19:42:17.057,1.60701,1.60711,1.30,0.60
2008.06.06 19:42:20.408,1.60705,1.60715,1.20,0.60
2008.06.06 19:42:20.793,1.60715,1.6072,1.60,0.80
2008.06.06 19:42:21.505,1.60721,1.60731,2.40,2.10
2008.06.06 19:42:21.881,1.60731,1.60741,1.60,0.70
2008.06.06 19:42:28.861,1.60735,1.60745,2.40,2.30
2008.06.06 19:42:29.295,1.60725,1.60745,1.30,0.60
2008.06.06 19:42:31.439,1.60723,1.60733,1.60,3.30
2008.06.06 19:42:31.775,1.60714,1.60724,1.60,3.30
2008.06.06 19:42:31.987,1.60706,1.60716,1.60,0.80
2008.06.06 19:42:32.334,1.60696,1.60706,2.40,2.30
2008.06.06 19:42:43.022,1.60684,1.60699,2.40,2.30
2008.06.06 19:42:45.236,1.60681,1.60697,2.40,2.60
2008.06.06 19:42:46.479,1.60686,1.60701,1.60,0.70
2008.06.06 19:42:48.939,1.60698,1.60703,2.40,1.90
2008.06.06 19:42:49.189,1.60704,1.60709,2.40,1.10
2008.06.06 19:42:49.431,1.60703,1.60718,2.40,2.10
2008.06.06 19:42:51.421,1.60705,1.6072,1.20,0.60
2008.06.06 19:42:53.475,1.6071,1.60715,1.10,0.60
2008.06.06 19:42:53.692,1.60708,1.60713,1.60,0.90
2008.06.06 19:42:54.188,1.60702,1.60717,1.20,0.60
2008.06.06 19:42:54.735,1.60697,1.60712,1.30,0.60
2008.06.06 19:42:55.411,1.60695,1.60711,1.60,2.10
2008.06.06 19:43:02.126,1.6074,1.6078,0.60,0.70
2008.06.06 19:43:03.628,1.6073,1.6077,0.30,0.60
2008.06.06 19:43:03.792,1.60745,1.6077,0.60,0.60
2008.06.06 19:43:04.918,1.6073,1.6076,1.70,0.20
2008.06.06 19:43:05.041,1.6073,1.6076,0.60,0.80
2008.06.06 19:43:12.917,1.60735,1.6076,0.60,0.60
2008.06.06 19:43:13.207,1.60735,1.6075,0.60,0.60
2008.06.06 19:43:13.499,1.6074,1.6075,0.60,0.60
2008.06.06 19:43:17.172,1.6073,1.6075,0.60,0.60
2008.06.06 19:43:17.237,1.6073,1.6076,0.60,0.80
2008.06.06 19:43:49.888,1.6073,1.6076,0.60,0.20
2008.06.06 19:43:50.146,1.60735,1.60765,0.60,0.20
2008.06.06 19:43:50.479,1.6074,1.6077,0.60,0.20
2008.06.06 19:44:09.388,1.60735,1.60765,0.60,0.20
2008.06.06 19:44:13.847,1.6074,1.6077,0.60,0.80
2008.06.06 19:44:13.941,1.6074,1.6077,0.60,0.20
2008.06.06 19:44:33.675,1.6075,1.6078,0.60,0.80
2008.06.06 19:44:33.839,1.6075,1.6078,0.60,0.20
2008.06.06 19:44:58.182,1.60755,1.60785,0.60,0.20
2008.06.06 19:44:59.804,1.6075,1.6078,0.60,0.20
2008.06.06 19:45:00.182,1.60745,1.60775,0.60,0.20
2008.06.06 19:45:00.517,1.6075,1.6078,0.60,0.20
2008.06.06 19:45:00.712,1.60745,1.60775,0.60,0.20
2008.06.06 19:45:01.057,1.6075,1.6078,0.60,0.20
2008.06.06 19:45:02.949,1.60745,1.60775,0.60,0.20
2008.06.06 19:45:05.941,1.6074,1.6077,0.60,0.20
2008.06.06 19:45:06.911,1.60735,1.60765,0.60,0.20
2008.06.06 19:45:10.075,1.60735,1.60765,0.60,0.20
2008.06.06 19:45:10.235,1.60745,1.60775,0.60,0.20
2008.06.06 19:45:14.947,1.60735,1.60765,0.60,0.20
2008.06.06 19:45:23.146,1.6073,1.60755,0.90,0.20
2008.06.06 19:45:28.967,1.60735,1.60765,0.60,0.20
2008.06.06 19:45:30.694,1.60745,1.60775,0.60,0.20
2008.06.06 19:46:17.892,1.6074,1.6077,0.60,0.20
2008.06.06 19:46:19.172,1.6074,1.6077,0.60,0.80
2008.06.06 19:46:22.292,1.60745,1.6077,0.60,0.60
2008.06.06 19:46:22.462,1.6075,1.6077,0.60,0.60
2008.06.06 19:46:52.644,1.60745,1.6077,0.60,0.60
2008.06.06 19:46:52.955,1.60745,1.60775,0.60,0.20
2008.06.06 19:46:53.194,1.6075,1.6078,0.60,0.80
2008.06.06 19:47:19.857,1.60745,1.60775,0.60,0.20
2008.06.06 19:47:20.009,1.6074,1.6077,0.90,0.20
2008.06.06 19:47:20.238,1.6074,1.6077,0.60,0.20
2008.06.06 19:47:40.452,1.60735,1.60765,0.60,0.20
2008.06.06 19:48:16.420,1.6073,1.6076,1.40,0.20
2008.06.06 19:48:31.037,1.60735,1.60765,0.60,0.20
2008.06.06 19:48:45.117,1.6073,1.6076,1.20,0.20
2008.06.06 19:48:45.546,1.6073,1.6076,1.20,0.80
2008.06.06 19:48:47.931,1.60735,1.6076,0.60,0.60
2008.06.06 19:49:15.472,1.6073,1.60755,0.60,0.20
2008.06.06 19:49:15.921,1.60735,1.6076,0.60,0.60
2008.06.06 19:49:32.077,1.6073,1.6076,1.20,0.80
2008.06.06 19:49:32.158,1.6073,1.6076,1.20,0.20
2008.06.06 19:49:48.665,1.60735,1.60765,0.60,0.20
2008.06.06 19:49:55.879,1.6074,1.6077,0.60,0.80
2008.06.06 19:49:56.030,1.6074,1.6077,0.60,0.20
2008.06.06 19:50:26.294,1.60735,1.60765,0.60,0.20
2008.06.06 19:50:27.207,1.60735,1.6076,0.60,0.60
2008.06.06 19:50:28.372,1.6074,1.6076,0.60,0.60
2008.06.06 19:50:28.451,1.6074,1.6077,0.60,0.20
2008.06.06 19:51:08.354,1.60735,1.60765,0.60,0.20
2008.06.06 19:51:08.382,1.60735,1.6076,0.60,0.60
2008.06.06 19:51:14.212,1.6073,1.60755,0.60,0.20
2008.06.06 19:51:22.172,1.6073,1.6076,1.20,0.80
2008.06.06 19:51:22.379,1.60735,1.6076,0.60,0.60
2008.06.06 19:51:36.617,1.6074,1.6076,0.60,0.60
2008.06.06 19:51:36.696,1.6074,1.6077,0.60,0.80
2008.06.06 19:51:42.673,1.60735,1.60765,0.60,0.20
2008.06.06 19:51:42.744,1.60735,1.6076,0.60,0.60
2008.06.06 19:51:58.470,1.6073,1.60755,1.40,0.20
2008.06.06 19:52:00.359,1.6073,1.6076,1.40,0.20
2008.06.06 19:52:00.489,1.6073,1.6077,0.80,1.60
2008.06.06 19:52:00.615,1.6073,1.6075,0.30,2.00
2008.06.06 19:52:00.775,1.6073,1.6074,0.30,1.20
2008.06.06 19:52:00.933,1.6072,1.6074,0.30,1.20
2008.06.06 19:52:01.125,1.6072,1.6074,0.30,0.20
2008.06.06 19:52:01.283,1.6073,1.6075,0.60,0.50
2008.06.06 19:52:01.590,1.6073,1.6075,0.90,0.50
2008.06.06 19:52:05.471,1.6073,1.6075,0.30,0.60
2008.06.06 19:52:05.705,1.6073,1.6075,0.90,0.50
2008.06.06 19:52:06.305,1.6073,1.6075,0.30,0.50
2008.06.06 19:52:07.509,1.6074,1.6075,0.60,0.50
2008.06.06 19:52:07.609,1.6074,1.6077,0.60,0.80
2008.06.06 19:52:07.817,1.60735,1.6078,0.60,0.50
2008.06.06 19:52:10.730,1.6074,1.6077,0.60,0.20
2008.06.06 19:52:11.039,1.60735,1.60765,0.60,0.20
2008.06.06 19:52:11.346,1.6074,1.6077,0.60,0.20
2008.06.06 19:52:14.866,1.6074,1.6076,0.60,2.00
2008.06.06 19:52:15.063,1.6074,1.6076,0.60,2.60
2008.06.06 19:52:15.281,1.6072,1.6074,1.40,0.10
2008.06.06 19:52:15.399,1.6072,1.6074,0.80,0.10
2008.06.06 19:52:15.518,1.6072,1.6074,0.30,0.10
2008.06.06 19:52:15.638,1.6072,1.6074,2.20,0.20
2008.06.06 19:52:15.768,1.6075,1.6076,0.60,0.60
2008.06.06 19:52:15.988,1.60735,1.6076,0.60,0.60
2008.06.06 19:52:17.084,1.6072,1.6075,0.90,0.20
2008.06.06 19:52:19.024,1.6072,1.6074,0.30,0.20
2008.06.06 19:52:21.737,1.6072,1.60735,0.30,0.20
2008.06.06 19:52:21.924,1.6072,1.6074,0.30,0.20
2008.06.06 19:52:22.117,1.6072,1.60745,0.90,0.20
2008.06.06 19:52:22.484,1.6072,1.6074,0.30,0.20
2008.06.06 19:52:23.505,1.60725,1.60755,0.60,0.20
2008.06.06 19:52:23.733,1.6073,1.60755,0.30,0.20
2008.06.06 19:52:25.124,1.60745,1.6077,0.60,0.10
2008.06.06 19:52:25.303,1.60745,1.60775,0.60,0.20
2008.06.06 19:52:25.433,1.6073,1.60755,0.80,0.20
2008.06.06 19:52:25.565,1.6073,1.6076,0.90,0.20
2008.06.06 19:52:27.629,1.6073,1.60745,0.30,0.20
2008.06.06 19:52:27.987,1.6074,1.6077,0.60,2.20
2008.06.06 19:52:28.027,1.6074,1.6076,0.60,1.00
2008.06.06 19:52:28.295,1.6074,1.6077,0.60,0.60
2008.06.06 19:52:28.873,1.60735,1.60765,0.60,0.20
2008.06.06 19:52:40.992,1.6073,1.6076,0.60,0.80
2008.06.06 19:52:42.649,1.60735,1.6076,0.60,0.60
2008.06.06 19:53:04.271,1.60735,1.60765,0.60,0.20
2008.06.06 19:53:04.353,1.60725,1.60755,0.60,0.20
2008.06.06 19:53:04.811,1.6072,1.6075,0.60,0.20
2008.06.06 19:53:10.252,1.6071,1.6074,0.90,0.20
2008.06.06 19:53:10.403,1.6071,1.60735,0.30,0.20
2008.06.06 19:53:10.694,1.60705,1.60735,0.60,0.20
2008.06.06 19:53:17.061,1.60715,1.6074,0.60,0.60
2008.06.06 19:53:17.203,1.60715,1.60745,0.60,0.20
2008.06.06 19:53:17.453,1.6071,1.6074,0.60,0.20
2008.06.06 19:53:17.692,1.60715,1.60745,0.60,0.20
2008.06.06 19:53:17.745,1.6071,1.60735,0.60,0.20
2008.06.06 19:53:18.231,1.60715,1.6074,0.60,0.60
2008.06.06 19:53:19.780,1.60715,1.60745,0.60,0.20
2008.06.06 19:53:20.012,1.6071,1.60735,0.30,0.20
2008.06.06 19:53:20.131,1.60705,1.60735,0.60,0.20
2008.06.06 19:53:21.899,1.607,1.6073,1.40,0.20
2008.06.06 19:53:23.241,1.607,1.6073,1.20,0.80
2008.06.06 19:53:47.339,1.60705,1.6073,0.60,0.60
2008.06.06 19:53:50.673,1.607,1.6073,1.20,0.80
2008.06.06 19:53:50.824,1.607,1.6073,1.20,0.20
2008.06.06 19:53:51.121,1.6072,1.6073,0.60,9.10
2008.06.06 19:53:51.343,1.6072,1.6073,0.60,8.20
2008.06.06 19:53:51.453,1.607,1.6073,1.20,0.20
2008.06.06 19:53:53.951,1.607,1.6072,1.20,0.60
2008.06.06 19:54:03.244,1.607,1.6072,0.60,0.60
2008.06.06 19:54:03.283,1.607,1.60725,0.60,0.20
2008.06.06 19:54:14.346,1.607,1.6073,1.20,0.20
2008.06.06 19:54:14.459,1.607,1.6073,1.20,0.80
2008.06.06 19:54:15.011,1.607,1.6072,1.20,0.60
2008.06.06 19:54:15.167,1.607,1.6072,0.60,0.60
2008.06.06 19:54:40.771,1.60695,1.607,0.60,0.60
2008.06.06 19:54:40.921,1.60685,1.607,0.60,0.60
2008.06.06 19:55:21.758,1.6068,1.607,0.60,0.60
2008.06.06 19:55:22.042,1.6068,1.6069,0.60,0.60
2008.06.06 19:55:23.551,1.60675,1.6068,0.60,0.60
2008.06.06 19:55:23.664,1.6067,1.6068,0.60,0.60
2008.06.06 19:55:24.499,1.6066,1.6068,0.60,0.60
2008.06.06 19:55:31.299,1.6066,1.607,0.80,1.60
2008.06.06 19:55:32.689,1.6066,1.607,1.60,1.60
2008.06.06 19:55:33.428,1.6066,1.607,0.80,1.60
2008.06.06 19:55:33.657,1.6066,1.607,1.60,1.60
2008.06.06 19:55:33.784,1.6066,1.607,1.00,1.60
2008.06.06 19:55:33.912,1.6066,1.607,1.60,1.60
2008.06.06 19:55:34.576,1.6066,1.607,0.30,1.60
2008.06.06 19:55:37.716,1.6065,1.6068,0.60,0.60
2008.06.06 19:55:42.500,1.6065,1.6069,0.60,0.60
2008.06.06 19:55:42.661,1.6065,1.6069,1.20,0.60
2008.06.06 19:55:44.787,1.6065,1.6069,0.60,0.60
2008.06.06 19:55:45.639,1.6065,1.6069,1.90,0.60
2008.06.06 19:55:45.807,1.6066,1.6069,1.40,0.60
2008.06.06 19:55:45.986,1.6067,1.6069,1.00,0.60
2008.06.06 19:55:47.664,1.6067,1.6071,1.70,0.60
2008.06.06 19:55:48.450,1.6067,1.6071,7.80,0.60
2008.06.06 19:55:50.407,1.60675,1.6071,0.60,0.60
2008.06.06 19:55:50.682,1.6069,1.6072,0.30,0.80
2008.06.06 19:55:51.667,1.6068,1.6072,0.80,1.40
2008.06.06 19:55:52.586,1.6067,1.6071,2.30,0.60
2008.06.06 19:55:52.710,1.6066,1.6071,0.80,0.60
2008.06.06 19:55:57.045,1.6066,1.6072,0.80,1.40
2008.06.06 19:55:58.413,1.6066,1.6071,0.80,0.60
2008.06.06 19:55:59.549,1.6066,1.607,0.80,0.60
2008.06.06 19:56:01.524,1.6066,1.607,1.90,0.60
2008.06.06 19:56:02.023,1.6066,1.607,0.90,0.60
2008.06.06 19:56:03.017,1.60665,1.607,0.60,0.60
2008.06.06 19:56:04.347,1.6066,1.607,0.80,0.60
2008.06.06 19:56:05.021,1.6066,1.607,0.30,0.60
2008.06.06 19:56:12.292,1.6069,1.6073,0.30,2.20
2008.06.06 19:56:12.390,1.6069,1.6073,0.30,0.80
2008.06.06 19:56:32.444,1.607,1.6073,0.30,0.30
2008.06.06 19:57:30.652,1.6071,1.6073,0.30,0.30
2008.06.06 19:57:31.200,1.6071,1.6074,0.30,0.80
2008.06.06 19:57:31.498,1.6071,1.6074,0.30,0.80
2008.06.06 19:57:36.783,1.6071,1.6075,0.30,0.60
2008.06.06 19:57:37.148,1.6073,1.6077,0.30,0.60
2008.06.06 19:57:37.253,1.6073,1.6077,0.30,1.60
2008.06.06 19:57:42.001,1.6073,1.6077,0.30,1.00
2008.06.06 19:58:01.983,1.6074,1.6077,0.30,1.00
2008.06.06 19:58:09.897,1.6073,1.6077,0.30,1.60
2008.06.06 19:58:10.241,1.6072,1.6076,0.60,0.60
2008.06.06 19:58:44.752,1.6072,1.6076,0.80,0.60
2008.06.06 19:59:01.649,1.6073,1.6076,0.60,0.60
2008.06.06 19:59:01.744,1.6074,1.6077,0.30,1.00
2008.06.06 19:59:03.159,1.6073,1.6077,2.20,1.60
2008.06.06 19:59:03.292,1.6073,1.6077,0.30,1.60
2008.06.06 19:59:05.466,1.6073,1.6077,0.30,1.00
2008.06.06 19:59:53.917,1.6073,1.6077,0.30,1.60
