2015.11.02 12:00:00.223,1.08697,1.08713,1.87,1.12
2015.11.02 12:00:00.734,1.08699,1.08714,1.50,1.12
2015.11.02 12:00:01.090,1.08699,1.08715,2.25,1.75
2015.11.02 12:00:01.730,1.08699,1.08715,1.87,1.75
2015.11.02 12:00:02.665,1.08699,1.08714,1.12,1.75
2015.11.02 12:00:02.716,1.08697,1.08714,1.87,1.75
2015.11.02 12:00:02.819,1.08697,1.08713,1.75,1.12
2015.11.02 12:00:03.340,1.08695,1.08711,1.75,1.75
2015.11.02 12:00:05.654,1.08705,1.08709,1.00,1.00
2015.11.02 12:00:05.756,1.087,1.08713,1.00,1.87
2015.11.02 12:00:06.132,1.08702,1.08715,1.00,1.75
2015.11.02 12:00:06.386,1.08698,1.08713,1.37,1.75
2015.11.02 12:00:06.438,1.08696,1.08712,1.75,1.75
2015.11.02 12:00:07.704,1.08695,1.08711,3.00,1.87
2015.11.02 12:00:09.769,1.08694,1.08708,3.37,1.00
2015.11.02 12:00:10.076,1.08694,1.0871,1.75,1.87
2015.11.02 12:00:10.578,1.08693,1.08709,1.75,1.12
2015.11.02 12:00:11.089,1.08693,1.08709,1.75,1.75
2015.11.02 12:00:17.679,1.08693,1.08707,1.87,1.00
2015.11.02 12:00:17.985,1.08692,1.08709,1.87,1.87
2015.11.02 12:00:18.512,1.08692,1.08709,1.75,1.87
2015.11.02 12:00:23.624,1.08693,1.08709,1.87,1.75
2015.11.02 12:00:24.508,1.08693,1.08709,1.75,1.75
2015.11.02 12:00:25.068,1.08691,1.08708,2.62,1.75
2015.11.02 12:00:26.813,1.08692,1.08707,1.50,1.87
2015.11.02 12:00:27.393,1.08692,1.08706,1.50,1.12
2015.11.02 12:00:28.142,1.08692,1.08707,1.50,1.87
2015.11.02 12:00:30.129,1.0869,1.08707,1.87,1.75
2015.11.02 12:00:30.690,1.08691,1.08708,1.87,2.25
2015.11.02 12:00:31.398,1.0869,1.08707,1.87,1.75
2015.11.02 12:00:41.162,1.08691,1.08708,1.87,2.25
2015.11.02 12:00:41.526,1.08693,1.0871,1.87,3.37
2015.11.02 12:00:42.033,1.08694,1.0871,1.75,1.75
2015.11.02 12:00:42.536,1.08694,1.08711,1.87,2.25
2015.11.02 12:00:49.942,1.08695,1.08709,1.75,2.10
2015.11.02 12:00:50.044,1.08691,1.08707,2.25,1.75
2015.11.02 12:00:50.247,1.08691,1.08706,1.50,1.12
2015.11.02 12:00:50.720,1.08694,1.08709,1.50,2.62
2015.11.02 12:00:51.237,1.08694,1.0871,1.75,1.87
2015.11.02 12:00:52.298,1.08695,1.0871,1.75,1.75
2015.11.02 12:00:52.962,1.08694,1.0871,2.25,1.87
2015.11.02 12:00:54.300,1.08695,1.08709,1.12,1.12
2015.11.02 12:00:55.524,1.08694,1.0871,2.25,1.87
2015.11.02 12:00:56.148,1.08695,1.08709,1.12,1.12
2015.11.02 12:00:58.820,1.08695,1.0871,1.50,1.87
2015.11.02 12:01:00.775,1.08695,1.0871,1.75,1.75
2015.11.02 12:01:01.900,1.08696,1.0871,1.12,1.87
2015.11.02 12:01:02.807,1.08695,1.0871,1.75,1.75
2015.11.02 12:01:03.314,1.08694,1.0871,1.75,1.87
2015.11.02 12:01:03.826,1.08695,1.08709,1.12,1.12
2015.11.02 12:01:04.419,1.08696,1.0871,1.12,1.87
2015.11.02 12:01:19.516,1.08695,1.08709,1.12,1.12
2015.11.02 12:01:20.350,1.08694,1.08708,1.12,1.12
2015.11.02 12:01:29.326,1.08694,1.08709,1.50,1.87
2015.11.02 12:01:29.866,1.08693,1.08708,2.25,1.12
2015.11.02 12:01:35.065,1.08691,1.08706,2.25,1.12
2015.11.02 12:01:36.020,1.08691,1.08704,1.00,1.12
2015.11.02 12:01:36.610,1.08689,1.08704,1.50,1.12
2015.11.02 12:01:37.784,1.08689,1.08703,1.12,1.12
2015.11.02 12:01:38.333,1.08689,1.08704,1.50,1.12
2015.11.02 12:01:41.857,1.08688,1.08703,1.50,1.87
2015.11.02 12:01:48.375,1.08687,1.08701,1.12,1.12
2015.11.02 12:01:52.405,1.08685,1.08701,2.25,2.25
2015.11.02 12:01:59.984,1.08687,1.087,1.00,1.12
2015.11.02 12:02:00.529,1.08686,1.08701,2.25,1.12
2015.11.02 12:02:04.198,1.08685,1.087,2.25,1.12
2015.11.02 12:02:04.706,1.08685,1.08701,2.25,1.12
2015.11.02 12:02:06.913,1.08687,1.08702,1.50,1.12
2015.11.02 12:02:07.422,1.08688,1.08703,1.50,1.87
2015.11.02 12:02:08.160,1.08689,1.08704,1.50,1.87
2015.11.02 12:02:08.519,1.08688,1.08702,1.12,1.12
2015.11.02 12:02:15.014,1.08687,1.08701,1.37,1.12
2015.11.02 12:02:15.523,1.08687,1.087,1.00,1.12
2015.11.02 12:02:17.644,1.08687,1.08701,1.87,1.12
2015.11.02 12:02:18.519,1.08687,1.087,1.50,1.12
2015.11.02 12:02:19.032,1.08687,1.08699,1.00,1.12
2015.11.02 12:02:19.542,1.08686,1.08699,1.00,1.12
2015.11.02 12:02:20.187,1.08686,1.08696,1.12,1.00
2015.11.02 12:02:25.989,1.08685,1.08699,1.87,1.12
2015.11.02 12:02:26.700,1.08686,1.08699,1.00,1.12
2015.11.02 12:02:27.006,1.08688,1.087,1.00,1.12
2015.11.02 12:02:27.376,1.08686,1.087,1.87,1.12
2015.11.02 12:02:43.106,1.08687,1.087,1.00,1.12
2015.11.02 12:02:43.645,1.08686,1.08699,1.00,1.12
2015.11.02 12:02:47.820,1.08686,1.087,1.12,1.12
2015.11.02 12:02:48.710,1.08685,1.08699,2.62,1.12
2015.11.02 12:02:51.459,1.08687,1.08699,1.00,1.12
2015.11.02 12:02:52.199,1.08688,1.087,1.00,1.12
2015.11.02 12:02:54.337,1.08689,1.08701,1.00,1.87
2015.11.02 12:02:55.612,1.08688,1.08701,1.50,1.87
2015.11.02 12:02:56.121,1.08688,1.087,1.00,1.12
2015.11.02 12:02:57.434,1.08688,1.08701,1.00,1.87
2015.11.02 12:02:57.703,1.08685,1.087,3.75,1.12
2015.11.02 12:02:59.249,1.08685,1.08699,1.87,1.12
2015.11.02 12:02:59.862,1.08685,1.087,2.25,1.87
2015.11.02 12:03:02.048,1.08685,1.08699,1.00,1.12
2015.11.02 12:03:02.562,1.08683,1.08698,2.25,1.12
2015.11.02 12:03:06.802,1.08685,1.08698,1.00,1.12
2015.11.02 12:03:07.521,1.08688,1.08698,1.00,1.12
2015.11.02 12:03:07.572,1.08689,1.08702,1.50,1.12
2015.11.02 12:03:08.900,1.08688,1.08702,1.12,1.87
2015.11.02 12:03:09.156,1.08686,1.08697,1.00,1.87
2015.11.02 12:03:09.462,1.08683,1.08697,1.50,2.25
2015.11.02 12:03:09.768,1.08682,1.08695,1.50,1.50
2015.11.02 12:03:10.361,1.08682,1.08696,1.12,1.87
2015.11.02 12:03:10.870,1.08682,1.08695,1.00,1.12
2015.11.02 12:03:11.410,1.08681,1.08695,1.12,1.12
2015.11.02 12:03:14.882,1.0868,1.08696,1.50,1.87
2015.11.02 12:03:15.386,1.0868,1.08696,1.75,1.75
2015.11.02 12:03:18.561,1.08682,1.08696,1.00,2.62
2015.11.02 12:03:19.229,1.08679,1.08693,1.50,1.75
2015.11.02 12:03:19.537,1.08675,1.0869,1.75,1.75
2015.11.02 12:03:19.842,1.08674,1.0869,1.75,1.87
2015.11.02 12:03:27.493,1.08674,1.08687,1.75,1.00
2015.11.02 12:03:28.134,1.08678,1.08693,1.75,1.75
2015.11.02 12:03:28.904,1.08677,1.08692,1.75,1.12
2015.11.02 12:03:29.618,1.08676,1.08692,1.75,1.12
2015.11.02 12:03:30.728,1.08677,1.08693,1.75,1.87
2015.11.02 12:03:42.523,1.08678,1.08692,1.00,1.12
2015.11.02 12:03:49.744,1.08676,1.08689,1.12,1.12
2015.11.02 12:03:50.051,1.08674,1.08688,1.00,1.87
2015.11.02 12:03:50.357,1.08672,1.08686,1.50,1.12
2015.11.02 12:03:50.561,1.08671,1.08685,1.50,1.12
2015.11.02 12:03:51.115,1.0867,1.08684,1.87,1.12
2015.11.02 12:04:02.016,1.08669,1.08685,2.25,1.87
2015.11.02 12:04:25.053,1.08671,1.08682,1.37,1.00
2015.11.02 12:04:25.357,1.08671,1.08683,1.12,1.75
2015.11.02 12:04:25.865,1.08671,1.08683,1.00,1.87
2015.11.02 12:04:26.597,1.08667,1.08683,2.25,1.87
2015.11.02 12:04:40.341,1.08667,1.08682,1.50,1.12
2015.11.02 12:04:45.615,1.08668,1.08683,2.25,1.75
2015.11.02 12:04:46.618,1.08668,1.08682,1.12,1.12
2015.11.02 12:04:52.960,1.08666,1.08683,1.75,2.62
2015.11.02 12:04:59.059,1.08668,1.08682,1.00,3.37
2015.11.02 12:05:02.159,1.08666,1.08679,1.75,1.00
2015.11.02 12:05:03.409,1.08666,1.08682,2.25,1.12
2015.11.02 12:05:05.387,1.08666,1.0868,1.12,1.12
2015.11.02 12:05:05.976,1.08666,1.08677,1.37,1.00
2015.11.02 12:05:06.586,1.08663,1.08679,1.75,1.12
2015.11.02 12:05:08.438,1.08664,1.0868,1.75,1.87
2015.11.02 12:05:08.946,1.08664,1.08679,1.50,1.12
2015.11.02 12:05:10.793,1.08664,1.0868,1.75,1.87
2015.11.02 12:05:11.302,1.08664,1.08679,1.50,1.12
2015.11.02 12:05:12.901,1.08664,1.0868,1.75,1.12
2015.11.02 12:05:14.101,1.08663,1.08679,3.00,1.12
2015.11.02 12:05:14.610,1.08664,1.0868,1.75,1.12
2015.11.02 12:05:15.464,1.08665,1.08679,1.00,1.12
2015.11.02 12:05:15.972,1.08663,1.0868,3.00,1.87
2015.11.02 12:05:17.365,1.08665,1.08679,1.00,1.12
2015.11.02 12:05:17.906,1.08663,1.0868,1.75,1.87
2015.11.02 12:05:19.681,1.08665,1.08679,1.00,1.12
2015.11.02 12:05:20.088,1.08663,1.0868,1.87,1.87
2015.11.02 12:05:20.591,1.08663,1.0868,1.75,2.62
2015.11.02 12:05:21.303,1.08665,1.08679,1.00,1.12
2015.11.02 12:05:21.811,1.08664,1.0868,1.75,1.12
2015.11.02 12:05:22.372,1.08665,1.08677,1.50,1.00
2015.11.02 12:05:23.286,1.08666,1.0868,1.00,1.12
2015.11.02 12:05:28.414,1.08666,1.08681,1.37,1.87
2015.11.02 12:05:28.922,1.08666,1.08682,2.25,1.87
2015.11.02 12:05:29.631,1.08665,1.08682,1.87,2.25
2015.11.02 12:05:52.875,1.08668,1.08684,1.75,1.12
2015.11.02 12:05:54.408,1.08668,1.08683,1.50,1.12
2015.11.02 12:05:56.655,1.08673,1.08688,1.50,1.12
2015.11.02 12:05:56.960,1.08676,1.08691,1.75,1.75
2015.11.02 12:05:57.266,1.08677,1.08693,1.75,1.75
2015.11.02 12:05:57.967,1.08678,1.08693,1.50,1.12
2015.11.02 12:05:58.375,1.08678,1.08694,1.75,1.75
2015.11.02 12:05:59.130,1.08676,1.08693,2.62,1.75
2015.11.02 12:06:01.075,1.08678,1.08694,1.12,2.25
2015.11.02 12:06:02.459,1.08678,1.08695,1.75,3.37
2015.11.02 12:06:14.681,1.08677,1.08694,1.75,2.62
2015.11.02 12:06:21.899,1.08676,1.08693,1.75,3.37
2015.11.02 12:06:24.544,1.08675,1.08692,1.87,4.12
2015.11.02 12:06:24.902,1.08674,1.08691,1.75,1.87
2015.11.02 12:06:55.029,1.08676,1.0869,1.50,1.12
2015.11.02 12:06:55.539,1.08673,1.08689,1.75,1.87
2015.11.02 12:06:57.743,1.08676,1.08689,1.00,1.87
2015.11.02 12:06:58.251,1.08675,1.08689,1.12,1.87
2015.11.02 12:06:59.912,1.08676,1.08689,1.00,1.87
2015.11.02 12:07:01.252,1.08675,1.08686,1.37,1.00
2015.11.02 12:07:01.764,1.08676,1.08689,1.00,4.12
2015.11.02 12:07:02.284,1.08675,1.08689,1.50,3.75
2015.11.02 12:07:07.569,1.08675,1.08688,1.50,3.00
2015.11.02 12:07:18.055,1.08676,1.08689,1.00,1.87
2015.11.02 12:07:18.412,1.08676,1.08687,1.37,1.00
2015.11.02 12:07:18.514,1.08678,1.08692,1.37,1.87
2015.11.02 12:07:19.486,1.08678,1.08692,1.50,1.75
2015.11.02 12:07:20.301,1.08678,1.0869,1.00,1.50
2015.11.02 12:07:20.809,1.08676,1.0869,1.50,2.25
2015.11.02 12:07:41.525,1.08675,1.08689,1.50,2.25
2015.11.02 12:07:42.514,1.08673,1.08688,1.75,1.75
2015.11.02 12:07:46.128,1.08674,1.08687,1.00,1.75
2015.11.02 12:07:46.640,1.08673,1.08687,1.75,1.75
2015.11.02 12:07:47.403,1.08674,1.08686,1.00,1.50
2015.11.02 12:07:47.712,1.08671,1.08684,1.50,1.75
2015.11.02 12:07:48.359,1.08671,1.08683,1.50,1.00
2015.11.02 12:07:49.120,1.0867,1.08682,1.75,1.00
2015.11.02 12:07:49.323,1.08669,1.08681,1.75,1.12
2015.11.02 12:07:49.832,1.08669,1.08683,1.50,1.75
2015.11.02 12:07:50.459,1.08669,1.08682,1.00,1.75
2015.11.02 12:07:50.968,1.08666,1.08679,1.75,1.50
2015.11.02 12:07:51.956,1.08667,1.08679,1.50,1.00
2015.11.02 12:07:52.470,1.08667,1.08681,1.50,1.75
2015.11.02 12:07:53.079,1.08667,1.08681,1.00,1.87
2015.11.02 12:07:53.866,1.08665,1.08678,1.75,1.00
2015.11.02 12:07:54.579,1.08667,1.08681,1.00,1.12
2015.11.02 12:08:12.436,1.08666,1.08681,1.50,1.75
2015.11.02 12:08:12.943,1.08666,1.08681,1.75,1.75
2015.11.02 12:08:21.993,1.08665,1.08678,1.87,1.00
2015.11.02 12:08:22.515,1.08665,1.0868,1.75,1.75
2015.11.02 12:08:23.074,1.08665,1.08679,1.75,1.75
2015.11.02 12:08:23.968,1.08666,1.08679,1.75,1.50
2015.11.02 12:08:24.489,1.08667,1.0868,1.75,1.50
2015.11.02 12:08:25.000,1.08668,1.08682,1.75,1.75
2015.11.02 12:08:25.538,1.08667,1.08681,1.75,1.75
2015.11.02 12:08:26.047,1.08666,1.08681,1.75,1.75
2015.11.02 12:08:28.953,1.08666,1.08681,1.75,1.75
2015.11.02 12:08:29.461,1.08665,1.0868,2.25,1.75
2015.11.02 12:08:29.765,1.08667,1.08681,1.12,1.12
2015.11.02 12:08:37.917,1.08666,1.08682,1.12,2.25
2015.11.02 12:08:41.288,1.08667,1.08681,1.12,1.00
2015.11.02 12:08:41.805,1.08667,1.0868,1.12,1.00
2015.11.02 12:08:42.473,1.08667,1.08682,1.12,1.50
2015.11.02 12:08:43.302,1.08668,1.08683,1.12,1.50
2015.11.02 12:08:48.342,1.08669,1.08686,1.87,1.75
2015.11.02 12:08:49.626,1.0867,1.08683,1.12,1.00
2015.11.02 12:08:50.172,1.0867,1.08685,1.12,2.25
2015.11.02 12:08:52.947,1.08672,1.08688,1.12,3.00
2015.11.02 12:08:53.456,1.08673,1.08689,1.12,1.75
2015.11.02 12:08:54.082,1.08674,1.0869,1.87,2.25
2015.11.02 12:08:54.591,1.08675,1.0869,1.12,1.50
2015.11.02 12:08:56.020,1.08678,1.08692,1.12,1.12
2015.11.02 12:08:57.288,1.08678,1.08691,1.12,1.00
2015.11.02 12:08:57.799,1.08678,1.0869,1.12,1.00
2015.11.02 12:08:57.850,1.08678,1.08692,1.12,1.87
2015.11.02 12:08:58.004,1.08678,1.0869,1.12,1.00
2015.11.02 12:08:58.651,1.08677,1.0869,1.87,1.00
2015.11.02 12:08:59.161,1.08677,1.08691,1.87,1.12
2015.11.02 12:09:01.979,1.08678,1.08691,1.12,1.00
2015.11.02 12:09:03.279,1.08677,1.08691,1.12,1.12
2015.11.02 12:09:06.765,1.08678,1.08691,1.12,1.00
2015.11.02 12:09:09.538,1.08678,1.08692,1.87,1.12
2015.11.02 12:09:13.389,1.0868,1.08693,1.12,1.12
2015.11.02 12:09:14.282,1.08681,1.08695,1.12,1.00
2015.11.02 12:09:15.020,1.0868,1.08697,2.62,1.75
2015.11.02 12:09:16.698,1.08681,1.08697,1.12,1.75
2015.11.02 12:09:46.182,1.08683,1.08696,2.25,1.00
2015.11.02 12:09:46.284,1.08684,1.087,1.12,2.25
2015.11.02 12:09:46.905,1.08686,1.08698,1.12,1.00
2015.11.02 12:09:47.109,1.08684,1.08697,1.12,1.00
2015.11.02 12:09:57.485,1.08684,1.08696,1.12,1.00
2015.11.02 12:10:00.228,1.08683,1.08696,1.12,1.00
2015.11.02 12:10:10.840,1.08688,1.08698,1.00,1.12
2015.11.02 12:10:11.352,1.08685,1.08698,1.12,1.00
2015.11.02 12:10:11.505,1.08683,1.08698,1.87,1.50
2015.11.02 12:10:17.565,1.08685,1.08698,1.12,1.12
2015.11.02 12:10:17.871,1.08687,1.08698,1.00,1.87
2015.11.02 12:10:21.971,1.08684,1.08698,1.87,1.50
2015.11.02 12:10:24.859,1.08686,1.08698,1.87,1.00
2015.11.02 12:10:25.569,1.08685,1.08698,1.12,1.12
2015.11.02 12:10:26.079,1.08684,1.08698,1.12,1.87
2015.11.02 12:10:28.265,1.08683,1.08697,1.87,1.37
2015.11.02 12:10:28.801,1.08682,1.08695,1.12,1.00
2015.11.02 12:10:29.615,1.08682,1.08694,1.12,1.00
2015.11.02 12:10:30.395,1.08682,1.08693,1.12,1.00
2015.11.02 12:10:30.447,1.08682,1.08695,1.12,1.50
2015.11.02 12:10:37.999,1.08685,1.08695,1.00,1.87
2015.11.02 12:10:38.778,1.08681,1.08694,1.12,1.00
2015.11.02 12:10:41.077,1.08681,1.08695,1.87,1.12
2015.11.02 12:10:41.828,1.08682,1.08697,1.12,2.25
2015.11.02 12:10:51.705,1.08683,1.08698,1.75,1.75
2015.11.02 12:10:52.215,1.08682,1.08698,1.75,1.87
2015.11.02 12:10:56.631,1.08682,1.08698,1.75,1.75
2015.11.02 12:10:58.195,1.08687,1.08701,1.00,1.12
2015.11.02 12:10:58.702,1.08686,1.08702,1.75,3.37
2015.11.02 12:11:01.867,1.08689,1.08702,1.37,1.37
2015.11.02 12:11:01.919,1.08689,1.08703,1.75,1.75
2015.11.02 12:11:05.641,1.08687,1.08703,1.75,1.75
2015.11.02 12:11:19.760,1.08685,1.08698,1.12,1.12
2015.11.02 12:11:20.279,1.08684,1.087,1.75,2.62
2015.11.02 12:11:24.181,1.08685,1.087,1.50,2.25
2015.11.02 12:11:24.284,1.08686,1.08699,2.25,1.00
2015.11.02 12:11:25.031,1.08688,1.08701,1.75,1.50
2015.11.02 12:11:25.657,1.08688,1.08701,1.75,1.50
2015.11.02 12:11:28.335,1.08688,1.087,1.75,1.00
2015.11.02 12:11:36.019,1.08687,1.087,1.75,1.50
2015.11.02 12:11:41.831,1.08687,1.08701,1.75,2.25
2015.11.02 12:11:47.643,1.08687,1.08701,1.50,2.25
2015.11.02 12:11:56.246,1.08686,1.08698,1.87,1.00
2015.11.02 12:11:56.350,1.08685,1.08696,1.12,1.50
2015.11.02 12:11:56.401,1.08683,1.08693,1.75,1.00
2015.11.02 12:11:57.040,1.08681,1.08696,3.00,3.00
2015.11.02 12:12:02.455,1.08681,1.08695,1.75,1.75
2015.11.02 12:12:10.946,1.08681,1.08688,1.75,1.00
2015.11.02 12:12:11.583,1.08679,1.08689,2.62,1.00
2015.11.02 12:12:11.634,1.08679,1.08696,3.37,3.00
2015.11.02 12:12:12.261,1.0868,1.08694,1.87,1.00
2015.11.02 12:12:15.998,1.0868,1.08694,1.75,1.75
2015.11.02 12:12:17.232,1.0868,1.08694,1.50,1.75
2015.11.02 12:12:21.302,1.08679,1.08694,2.25,1.75
2015.11.02 12:12:30.151,1.08681,1.08694,1.00,1.75
2015.11.02 12:12:31.067,1.08677,1.0869,2.62,1.00
2015.11.02 12:12:31.696,1.08677,1.08692,3.37,2.25
2015.11.02 12:12:32.307,1.08677,1.08689,2.62,1.00
2015.11.02 12:12:32.816,1.08677,1.0869,1.87,1.50
2015.11.02 12:12:38.410,1.08678,1.08691,1.75,1.12
2015.11.02 12:12:53.310,1.08679,1.08692,1.87,1.12
2015.11.02 12:13:01.788,1.08682,1.08692,1.00,1.12
2015.11.02 12:13:11.730,1.0868,1.0869,1.75,1.00
2015.11.02 12:13:11.883,1.08677,1.0869,1.75,1.12
2015.11.02 12:13:12.606,1.08677,1.0869,1.87,1.00
2015.11.02 12:13:41.799,1.08678,1.0869,1.12,1.00
2015.11.02 12:13:46.773,1.08678,1.08689,1.87,1.00
2015.11.02 12:13:47.348,1.08678,1.0869,1.87,1.50
2015.11.02 12:13:57.055,1.08678,1.0869,1.75,1.50
2015.11.02 12:14:01.907,1.08678,1.0869,1.87,1.00
2015.11.02 12:14:22.042,1.08678,1.08687,1.87,1.35
2015.11.02 12:14:22.146,1.08678,1.08687,1.87,1.00
2015.11.02 12:14:22.249,1.08679,1.08689,1.12,1.87
2015.11.02 12:14:22.351,1.08679,1.08689,1.75,1.50
2015.11.02 12:14:28.564,1.0868,1.08689,1.00,1.00
2015.11.02 12:14:44.433,1.08677,1.0869,1.75,1.87
2015.11.02 12:14:56.715,1.08677,1.08689,1.75,1.00
2015.11.02 12:14:57.175,1.08676,1.08687,1.87,1.00
2015.11.02 12:14:58.286,1.08676,1.08688,1.87,1.50
2015.11.02 12:15:01.506,1.08676,1.08687,1.87,1.00
2015.11.02 12:15:01.659,1.08676,1.08687,1.75,1.00
2015.11.02 12:15:02.169,1.08677,1.08688,1.50,1.12
2015.11.02 12:15:13.055,1.08676,1.08688,1.87,1.50
2015.11.02 12:15:15.021,1.08676,1.08688,2.25,1.12
2015.11.02 12:15:24.735,1.08676,1.08688,2.62,1.50
2015.11.02 12:15:25.236,1.08678,1.08687,1.75,1.00
2015.11.02 12:15:33.436,1.08678,1.08687,1.50,1.00
2015.11.02 12:15:34.040,1.08678,1.08687,1.12,1.00
2015.11.02 12:15:34.906,1.08678,1.08688,1.12,1.87
2015.11.02 12:15:41.787,1.08677,1.08688,1.50,1.87
2015.11.02 12:15:44.383,1.08677,1.08684,1.12,1.00
2015.11.02 12:15:46.897,1.08677,1.08685,1.12,1.00
2015.11.02 12:15:57.936,1.08677,1.08688,1.12,2.25
2015.11.02 12:15:59.895,1.08678,1.08688,1.00,2.25
2015.11.02 12:16:01.931,1.08678,1.08688,1.00,2.25
2015.11.02 12:16:05.453,1.08678,1.08688,1.12,1.87
2015.11.02 12:16:10.121,1.08677,1.08688,1.00,2.25
2015.11.02 12:16:10.467,1.08677,1.08684,1.00,1.00
2015.11.02 12:16:10.571,1.08674,1.08684,1.00,1.50
2015.11.02 12:16:10.725,1.08676,1.08688,1.00,2.62
2015.11.02 12:16:11.234,1.08676,1.08688,1.00,2.25
2015.11.02 12:16:12.314,1.08674,1.08686,3.00,1.50
2015.11.02 12:16:13.137,1.08674,1.08686,2.25,1.12
2015.11.02 12:16:14.036,1.08678,1.08687,1.00,1.50
2015.11.02 12:16:14.667,1.08677,1.08688,1.00,1.75
2015.11.02 12:16:15.206,1.08676,1.08687,1.12,1.50
2015.11.02 12:16:23.174,1.08677,1.08689,1.00,1.75
2015.11.02 12:16:23.479,1.08676,1.08688,2.25,1.00
2015.11.02 12:16:27.091,1.08677,1.08689,2.25,1.12
2015.11.02 12:16:27.595,1.08677,1.08688,2.25,1.00
2015.11.02 12:16:31.485,1.08677,1.08688,1.12,1.50
2015.11.02 12:16:35.366,1.08678,1.0869,1.00,2.25
2015.11.02 12:16:36.686,1.08679,1.0869,1.00,2.25
2015.11.02 12:16:38.408,1.08678,1.0869,1.00,2.25
2015.11.02 12:16:40.370,1.08676,1.08685,1.50,1.00
2015.11.02 12:16:55.083,1.08677,1.08686,1.12,1.00
2015.11.02 12:16:58.226,1.08676,1.08687,2.25,1.12
2015.11.02 12:17:04.393,1.08678,1.08688,1.00,1.50
2015.11.02 12:17:04.798,1.08679,1.08689,1.12,1.12
2015.11.02 12:17:05.325,1.08678,1.08688,1.50,1.00
2015.11.02 12:17:05.834,1.08678,1.08689,1.50,1.12
2015.11.02 12:17:06.340,1.08678,1.08689,1.12,1.50
2015.11.02 12:17:06.441,1.08678,1.08685,1.12,1.00
2015.11.02 12:17:06.943,1.08678,1.08687,1.12,1.00
2015.11.02 12:17:07.502,1.08679,1.08687,1.00,1.12
2015.11.02 12:17:08.041,1.0868,1.08688,1.00,1.50
2015.11.02 12:17:08.930,1.08679,1.08688,1.00,1.50
2015.11.02 12:17:12.806,1.0868,1.08688,1.00,1.00
2015.11.02 12:17:13.314,1.0868,1.08691,1.00,1.75
2015.11.02 12:17:14.756,1.08679,1.08691,2.62,1.75
2015.11.02 12:17:15.419,1.0868,1.08691,1.00,1.75
2015.11.02 12:17:15.521,1.0868,1.08691,2.25,1.00
2015.11.02 12:17:15.623,1.0868,1.08691,1.87,1.50
2015.11.02 12:17:18.970,1.08681,1.08693,1.00,1.75
2015.11.02 12:17:19.021,1.08684,1.08694,1.00,2.47
2015.11.02 12:17:19.518,1.08685,1.0869,1.00,1.50
2015.11.02 12:17:19.574,1.08679,1.0869,1.12,1.50
2015.11.02 12:17:20.494,1.08678,1.08689,1.00,1.75
2015.11.02 12:17:21.355,1.08677,1.08689,1.87,1.75
2015.11.02 12:17:21.829,1.08679,1.08692,1.12,1.75
2015.11.02 12:17:24.009,1.08679,1.08692,1.75,1.12
2015.11.02 12:17:29.148,1.0868,1.08692,1.12,1.75
2015.11.02 12:17:35.221,1.08682,1.08693,1.00,1.75
2015.11.02 12:17:35.730,1.08683,1.08693,1.00,1.75
2015.11.02 12:17:36.770,1.08681,1.08693,1.00,1.75
2015.11.02 12:17:37.306,1.08682,1.08693,1.00,1.75
2015.11.02 12:17:37.371,1.0868,1.08693,1.12,1.75
2015.11.02 12:17:38.038,1.08681,1.08693,1.00,1.75
2015.11.02 12:17:38.945,1.08679,1.08693,3.00,1.75
2015.11.02 12:17:39.455,1.08681,1.08695,1.12,1.87
2015.11.02 12:17:39.851,1.08682,1.08696,1.37,2.62
2015.11.02 12:17:40.059,1.08682,1.08696,1.75,1.75
2015.11.02 12:17:44.771,1.08683,1.08698,2.25,2.25
2015.11.02 12:17:45.280,1.08683,1.08698,1.50,1.87
2015.11.02 12:17:50.069,1.08682,1.08698,2.25,2.25
2015.11.02 12:18:01.817,1.08685,1.08699,1.50,2.25
2015.11.02 12:18:05.431,1.08683,1.08698,1.75,1.75
2015.11.02 12:18:09.999,1.08682,1.08697,1.75,1.75
2015.11.02 12:18:13.623,1.08685,1.08698,1.00,1.12
2015.11.02 12:18:13.727,1.08685,1.087,1.50,2.62
2015.11.02 12:18:15.226,1.08686,1.087,1.50,2.25
2015.11.02 12:18:16.331,1.08686,1.087,1.75,2.25
2015.11.02 12:18:22.237,1.08688,1.08702,2.25,2.10
2015.11.02 12:18:22.615,1.08687,1.08699,2.62,1.00
2015.11.02 12:18:23.130,1.08687,1.08699,1.75,1.00
2015.11.02 12:18:29.551,1.08686,1.08699,2.25,1.12
2015.11.02 12:18:32.474,1.08689,1.087,1.50,1.12
2015.11.02 12:18:32.982,1.08689,1.08699,1.00,1.50
2015.11.02 12:18:33.287,1.08686,1.08699,1.50,1.75
2015.11.02 12:18:41.806,1.08686,1.08698,1.12,1.75
2015.11.02 12:18:42.789,1.08685,1.08698,2.25,1.50
2015.11.02 12:18:44.092,1.08686,1.08698,1.00,1.50
2015.11.02 12:18:56.534,1.08683,1.08699,2.25,1.87
2015.11.02 12:18:57.111,1.08685,1.08697,1.50,1.50
2015.11.02 12:18:57.266,1.0869,1.087,1.00,1.87
2015.11.02 12:18:57.369,1.08688,1.087,1.00,1.87
2015.11.02 12:18:57.695,1.08688,1.087,1.12,1.75
2015.11.02 12:19:01.737,1.08687,1.08699,1.75,1.12
2015.11.02 12:19:02.246,1.08686,1.08698,1.75,1.00
2015.11.02 12:19:02.966,1.08686,1.08698,1.75,1.37
2015.11.02 12:19:03.485,1.08685,1.08698,2.25,1.50
2015.11.02 12:19:06.305,1.08687,1.08699,1.50,1.50
2015.11.02 12:19:10.755,1.08685,1.08699,2.25,1.75
2015.11.02 12:19:12.852,1.08684,1.08698,3.75,1.75
2015.11.02 12:19:13.575,1.08686,1.08699,1.75,1.50
2015.11.02 12:19:13.883,1.08687,1.08699,1.75,1.00
2015.11.02 12:19:15.127,1.08685,1.08698,1.75,1.12
2015.11.02 12:19:19.986,1.08684,1.08697,1.12,1.00
2015.11.02 12:19:21.894,1.08685,1.08697,1.87,1.00
2015.11.02 12:19:23.011,1.08685,1.08699,1.12,1.87
2015.11.02 12:19:28.331,1.08687,1.08701,1.87,1.50
2015.11.02 12:19:28.638,1.08687,1.08698,1.12,1.00
2015.11.02 12:19:29.387,1.08687,1.08699,1.12,1.00
2015.11.02 12:19:31.616,1.08688,1.087,1.75,1.00
2015.11.02 12:19:31.923,1.0869,1.08702,1.75,1.00
2015.11.02 12:19:32.396,1.08691,1.08702,1.12,1.60
2015.11.02 12:19:32.908,1.08691,1.08702,1.12,1.35
2015.11.02 12:19:34.096,1.0869,1.08702,1.75,1.35
2015.11.02 12:19:36.120,1.0869,1.087,1.75,1.00
2015.11.02 12:19:37.629,1.08687,1.087,1.12,1.50
2015.11.02 12:19:41.837,1.08686,1.087,2.62,1.12
2015.11.02 12:19:42.345,1.08686,1.087,2.25,1.50
2015.11.02 12:19:47.322,1.08686,1.087,1.75,1.75
2015.11.02 12:19:51.747,1.08686,1.087,1.75,1.50
2015.11.02 12:19:52.787,1.08686,1.087,1.87,1.37
2015.11.02 12:19:53.295,1.08687,1.087,1.12,1.00
2015.11.02 12:20:03.961,1.08687,1.08701,1.87,1.12
2015.11.02 12:20:04.168,1.08686,1.08699,1.87,1.00
2015.11.02 12:20:05.839,1.08687,1.087,1.75,1.12
2015.11.02 12:20:09.257,1.08687,1.087,1.12,1.00
2015.11.02 12:20:10.309,1.08685,1.087,1.87,1.50
2015.11.02 12:20:14.502,1.08686,1.08699,1.12,1.00
2015.11.02 12:20:15.034,1.08686,1.087,1.12,1.12
2015.11.02 12:20:15.542,1.08687,1.087,1.12,1.00
2015.11.02 12:20:16.051,1.08686,1.087,1.87,1.12
2015.11.02 12:20:21.925,1.08687,1.08701,1.12,1.12
2015.11.02 12:20:22.464,1.08687,1.08699,1.12,1.00
2015.11.02 12:20:22.718,1.08685,1.08699,1.87,1.12
2015.11.02 12:20:23.608,1.08686,1.08699,1.12,1.00
2015.11.02 12:20:24.143,1.08686,1.087,1.12,1.12
2015.11.02 12:20:25.106,1.08685,1.087,1.87,1.50
2015.11.02 12:20:30.250,1.08687,1.08701,1.75,1.50
2015.11.02 12:20:32.624,1.08688,1.08701,1.75,1.50
2015.11.02 12:20:33.505,1.08688,1.08702,1.87,2.47
2015.11.02 12:20:35.771,1.08688,1.08701,1.12,1.00
2015.11.02 12:20:36.282,1.08688,1.087,1.12,1.00
2015.11.02 12:20:41.741,1.08691,1.087,1.00,1.00
2015.11.02 12:20:43.698,1.08687,1.08701,1.12,1.12
2015.11.02 12:20:49.569,1.08691,1.08704,1.37,1.35
2015.11.02 12:20:49.620,1.08691,1.08704,2.25,1.30
2015.11.02 12:20:50.163,1.08695,1.08704,1.00,1.30
2015.11.02 12:20:50.671,1.08693,1.08704,2.25,1.30
2015.11.02 12:20:53.209,1.08692,1.08705,1.75,2.10
2015.11.02 12:20:53.514,1.08689,1.08702,2.25,1.12
2015.11.02 12:20:53.566,1.08689,1.08699,1.75,1.00
2015.11.02 12:20:53.922,1.08685,1.087,2.62,2.25
2015.11.02 12:20:54.915,1.08685,1.087,1.75,2.25
2015.11.02 12:20:55.378,1.0869,1.087,1.00,1.75
2015.11.02 12:20:55.684,1.08696,1.08704,1.12,2.85
2015.11.02 12:20:56.436,1.08696,1.08704,1.12,1.35
2015.11.02 12:20:56.949,1.08698,1.08703,1.00,1.00
2015.11.02 12:20:57.804,1.08699,1.08705,1.50,1.00
2015.11.02 12:20:57.855,1.08701,1.08706,1.12,1.00
2015.11.02 12:20:57.907,1.08703,1.08709,1.75,1.50
2015.11.02 12:20:58.214,1.08708,1.08714,1.00,4.35
2015.11.02 12:20:58.368,1.08706,1.08714,1.12,2.85
2015.11.02 12:20:59.131,1.08705,1.08709,1.50,1.00
2015.11.02 12:20:59.672,1.08706,1.0871,1.12,1.00
2015.11.02 12:21:00.449,1.08709,1.08715,3.37,1.35
2015.11.02 12:21:00.504,1.08714,1.08722,1.12,1.50
2015.11.02 12:21:00.606,1.08716,1.08724,1.12,4.35
2015.11.02 12:21:00.860,1.08713,1.08721,1.12,1.50
2015.11.02 12:21:04.219,1.08714,1.08718,1.00,1.00
2015.11.02 12:21:04.372,1.08711,1.08719,1.12,1.00
2015.11.02 12:21:04.475,1.08709,1.08717,1.12,1.00
2015.11.02 12:21:05.467,1.08709,1.08718,1.12,1.00
2015.11.02 12:21:05.671,1.08712,1.08716,1.00,1.00
2015.11.02 12:21:06.467,1.0871,1.08718,1.12,1.00
2015.11.02 12:21:08.095,1.08713,1.08717,1.00,1.00
2015.11.02 12:21:08.605,1.0871,1.08718,1.12,1.00
2015.11.02 12:21:10.721,1.0871,1.08719,1.12,1.00
2015.11.02 12:21:11.636,1.0871,1.0872,1.12,1.00
2015.11.02 12:21:12.420,1.08712,1.0872,1.12,1.00
2015.11.02 12:21:14.697,1.08715,1.08719,1.00,1.00
2015.11.02 12:21:16.661,1.08712,1.0872,1.12,1.50
2015.11.02 12:21:19.005,1.08715,1.08719,1.00,1.00
2015.11.02 12:21:22.240,1.08714,1.08722,1.12,2.10
2015.11.02 12:21:27.913,1.08716,1.08721,1.00,1.50
2015.11.02 12:21:29.794,1.08712,1.08721,1.12,1.50
2015.11.02 12:21:33.866,1.08712,1.08722,1.12,2.10
2015.11.02 12:21:37.215,1.08712,1.08721,1.12,1.00
2015.11.02 12:21:37.723,1.08712,1.08722,1.12,1.35
2015.11.02 12:21:38.240,1.08711,1.08721,1.12,1.00
2015.11.02 12:21:39.104,1.08711,1.08722,1.12,2.10
2015.11.02 12:21:40.043,1.08711,1.08721,1.12,1.00
2015.11.02 12:21:40.552,1.08714,1.08722,1.00,1.35
2015.11.02 12:21:41.190,1.08711,1.08722,1.87,1.35
2015.11.02 12:21:53.061,1.08711,1.08722,1.12,2.10
2015.11.02 12:21:58.335,1.08711,1.08722,1.12,1.00
2015.11.02 12:21:58.541,1.08714,1.0872,1.00,1.00
2015.11.02 12:21:59.100,1.0871,1.08721,1.75,1.35
2015.11.02 12:22:02.749,1.08709,1.0872,1.12,1.00
2015.11.02 12:22:03.392,1.08709,1.08721,1.12,1.00
2015.11.02 12:22:04.862,1.08711,1.08721,1.12,1.00
2015.11.02 12:22:07.274,1.08711,1.08722,1.12,2.10
2015.11.02 12:22:17.621,1.08711,1.08723,1.12,1.00
2015.11.02 12:22:18.382,1.08711,1.08722,1.12,1.00
2015.11.02 12:22:20.386,1.08711,1.08723,1.12,1.50
2015.11.02 12:22:21.300,1.0871,1.08723,1.12,1.87
2015.11.02 12:22:21.704,1.08709,1.08721,1.87,1.00
2015.11.02 12:22:24.991,1.08709,1.08722,1.12,1.00
2015.11.02 12:22:31.654,1.0871,1.08724,1.75,3.00
2015.11.02 12:22:42.228,1.0871,1.08723,1.12,1.50
2015.11.02 12:22:44.156,1.08709,1.08723,1.75,2.25
2015.11.02 12:22:46.087,1.08709,1.08723,2.62,1.87
2015.11.02 12:22:46.595,1.0871,1.08723,1.87,1.50
2015.11.02 12:22:49.632,1.0871,1.08724,1.12,2.62
2015.11.02 12:22:49.936,1.08711,1.08722,1.12,1.00
2015.11.02 12:22:57.189,1.08711,1.08723,1.12,1.50
2015.11.02 12:23:00.384,1.08711,1.08722,1.12,1.00
2015.11.02 12:23:13.688,1.08711,1.08723,1.12,1.50
2015.11.02 12:23:15.157,1.0871,1.08723,1.12,2.62
2015.11.02 12:23:15.917,1.08709,1.08722,1.87,1.00
2015.11.02 12:23:16.776,1.08709,1.08723,1.87,1.87
2015.11.02 12:23:23.506,1.08709,1.08722,1.87,1.00
2015.11.02 12:23:24.660,1.08709,1.0872,1.12,1.00
2015.11.02 12:23:25.780,1.08709,1.08721,1.12,1.00
2015.11.02 12:23:31.307,1.08711,1.08719,1.75,1.00
2015.11.02 12:23:31.841,1.08711,1.08721,1.75,1.00
2015.11.02 12:23:32.757,1.0871,1.08722,1.75,1.00
2015.11.02 12:23:33.752,1.0871,1.08721,1.75,1.00
2015.11.02 12:23:41.580,1.08712,1.08721,1.00,1.35
2015.11.02 12:23:41.632,1.08712,1.08719,1.00,1.00
2015.11.02 12:23:42.833,1.08706,1.08718,1.12,1.00
2015.11.02 12:23:51.135,1.08709,1.0872,1.00,1.87
2015.11.02 12:23:51.338,1.08707,1.08721,1.87,1.50
2015.11.02 12:23:52.105,1.08706,1.0872,1.12,2.62
2015.11.02 12:23:52.416,1.08706,1.08717,1.12,1.00
2015.11.02 12:24:02.013,1.08705,1.08717,1.12,1.00
2015.11.02 12:24:06.490,1.08705,1.08715,1.12,1.00
2015.11.02 12:24:06.846,1.08711,1.0872,1.00,1.50
2015.11.02 12:24:10.368,1.08714,1.08721,1.00,1.50
2015.11.02 12:24:10.871,1.08713,1.0872,1.00,1.00
2015.11.02 12:24:11.379,1.08712,1.08719,1.00,1.00
2015.11.02 12:24:12.676,1.08713,1.08719,1.00,1.00
2015.11.02 12:24:13.539,1.08713,1.08718,1.00,1.00
2015.11.02 12:24:15.835,1.08713,1.08719,1.00,1.00
2015.11.02 12:24:18.274,1.08713,1.0872,1.00,1.00
2015.11.02 12:24:18.478,1.08707,1.08718,1.75,2.10
2015.11.02 12:24:18.632,1.08707,1.08717,1.37,1.60
2015.11.02 12:24:18.683,1.08707,1.08717,1.12,1.72
2015.11.02 12:24:19.193,1.08707,1.08716,1.12,1.35
2015.11.02 12:24:20.858,1.08703,1.08716,1.87,3.60
2015.11.02 12:24:20.960,1.08703,1.08712,1.50,1.35
2015.11.02 12:24:21.112,1.08702,1.08712,1.12,2.25
2015.11.02 12:24:21.620,1.08701,1.08711,1.12,1.12
2015.11.02 12:24:23.625,1.08701,1.0871,1.12,1.00
2015.11.02 12:24:24.538,1.08701,1.08711,1.12,1.12
2015.11.02 12:24:26.410,1.08703,1.08711,1.00,1.12
2015.11.02 12:24:26.858,1.08709,1.08715,1.00,1.35
2015.11.02 12:24:27.165,1.08712,1.08717,1.00,1.00
2015.11.02 12:24:27.429,1.08712,1.08719,1.00,1.00
2015.11.02 12:24:30.142,1.08711,1.08719,1.12,1.00
2015.11.02 12:24:32.612,1.08711,1.08718,1.12,1.00
2015.11.02 12:24:32.969,1.08713,1.08718,1.00,1.00
2015.11.02 12:24:33.021,1.08712,1.0872,1.00,1.00
2015.11.02 12:24:33.780,1.08712,1.08719,1.00,1.00
2015.11.02 12:24:33.832,1.08712,1.08722,1.00,2.10
2015.11.02 12:24:34.190,1.08714,1.08721,1.00,1.12
2015.11.02 12:24:34.241,1.08712,1.08721,1.00,1.12
2015.11.02 12:24:34.345,1.08712,1.08723,1.37,1.37
2015.11.02 12:24:34.396,1.08712,1.08723,1.75,1.00
2015.11.02 12:24:35.117,1.08712,1.08722,1.75,1.00
2015.11.02 12:24:35.629,1.08711,1.08719,1.12,1.00
2015.11.02 12:24:35.886,1.08703,1.08715,1.87,1.00
2015.11.02 12:24:36.383,1.08703,1.08718,1.87,3.00
2015.11.02 12:24:36.895,1.08705,1.08718,1.75,1.12
2015.11.02 12:24:38.682,1.08705,1.08719,1.87,1.87
2015.11.02 12:24:41.779,1.08706,1.08719,1.12,1.00
2015.11.02 12:24:45.040,1.0871,1.08723,1.12,3.00
2015.11.02 12:24:45.091,1.08709,1.08723,1.50,3.00
2015.11.02 12:24:45.535,1.0871,1.08721,1.12,1.00
2015.11.02 12:24:45.868,1.08708,1.08716,1.12,1.00
2015.11.02 12:24:45.920,1.08708,1.08718,1.12,1.00
2015.11.02 12:24:46.474,1.08708,1.08719,1.12,1.00
2015.11.02 12:24:47.023,1.08708,1.08721,1.12,1.00
2015.11.02 12:24:48.752,1.08708,1.08722,1.12,2.62
2015.11.02 12:24:49.246,1.08709,1.0872,1.12,1.00
2015.11.02 12:24:49.399,1.08707,1.0872,1.12,1.00
2015.11.02 12:24:49.806,1.0871,1.08722,1.50,1.12
2015.11.02 12:24:50.629,1.08709,1.08719,1.12,1.00
2015.11.02 12:24:51.701,1.08708,1.08719,1.12,1.00
2015.11.02 12:24:53.576,1.08708,1.08718,1.12,1.00
2015.11.02 12:24:53.884,1.08706,1.08716,1.12,1.00
2015.11.02 12:24:53.936,1.08706,1.08718,1.12,1.50
2015.11.02 12:24:54.814,1.08706,1.08716,1.12,1.00
2015.11.02 12:24:56.369,1.08706,1.08717,1.12,1.00
2015.11.02 12:24:56.878,1.08705,1.08716,1.12,1.50
2015.11.02 12:24:57.484,1.08704,1.08716,1.12,1.50
2015.11.02 12:24:57.695,1.08705,1.08718,1.12,1.50
2015.11.02 12:24:58.629,1.08705,1.08716,1.12,1.00
2015.11.02 12:24:59.083,1.08708,1.08714,1.00,1.00
2015.11.02 12:25:02.664,1.08705,1.08715,1.12,1.00
2015.11.02 12:25:09.751,1.08705,1.08717,1.12,1.00
2015.11.02 12:25:12.398,1.08705,1.08714,1.12,1.00
2015.11.02 12:25:12.653,1.08706,1.08716,1.12,1.00
2015.11.02 12:25:13.082,1.08706,1.08718,1.12,1.00
2015.11.02 12:25:14.906,1.08707,1.08718,1.12,1.00
2015.11.02 12:25:15.538,1.08707,1.08719,1.12,1.00
2015.11.02 12:25:16.083,1.08707,1.08718,1.12,1.00
2015.11.02 12:25:16.793,1.08706,1.08718,1.12,1.00
2015.11.02 12:25:17.313,1.08707,1.08718,1.12,1.00
2015.11.02 12:25:21.382,1.08707,1.08719,1.12,1.50
2015.11.02 12:25:24.610,1.08706,1.08719,1.87,1.00
2015.11.02 12:25:26.488,1.08706,1.0872,1.12,1.12
2015.11.02 12:25:29.054,1.08709,1.08723,1.75,1.37
2015.11.02 12:25:29.106,1.08709,1.08723,1.12,1.87
2015.11.02 12:25:29.964,1.08709,1.08722,1.12,1.50
2015.11.02 12:25:30.679,1.08709,1.08723,1.12,2.62
2015.11.02 12:25:35.542,1.0871,1.08723,1.12,1.50
2015.11.02 12:25:41.863,1.08709,1.08723,1.12,2.62
2015.11.02 12:25:45.649,1.08708,1.08723,1.87,2.62
2015.11.02 12:25:46.372,1.08708,1.0872,1.75,1.00
2015.11.02 12:25:46.880,1.08708,1.08722,1.75,2.25
2015.11.02 12:25:47.945,1.08708,1.08722,1.87,1.50
2015.11.02 12:25:49.582,1.08708,1.08722,1.75,1.50
2015.11.02 12:25:51.584,1.08707,1.08721,1.75,1.50
2015.11.02 12:25:51.992,1.08704,1.08719,2.62,1.50
2015.11.02 12:25:53.377,1.08707,1.08717,1.00,1.12
2015.11.02 12:25:56.027,1.08703,1.08711,1.12,1.00
2015.11.02 12:25:56.179,1.08703,1.08715,1.12,1.50
2015.11.02 12:25:56.687,1.08703,1.08717,1.12,2.62
2015.11.02 12:26:00.165,1.08703,1.08716,1.12,1.00
2015.11.02 12:26:00.498,1.08703,1.08714,1.12,1.00
2015.11.02 12:26:00.550,1.08703,1.08716,1.12,2.25
2015.11.02 12:26:01.061,1.08703,1.08717,1.12,1.12
2015.11.02 12:26:01.790,1.08703,1.08714,1.12,1.00
2015.11.02 12:26:01.994,1.087,1.08712,1.87,1.00
2015.11.02 12:26:02.499,1.08699,1.08712,2.05,1.00
2015.11.02 12:26:03.008,1.08701,1.08712,1.00,1.37
2015.11.02 12:26:03.512,1.08698,1.08712,1.87,1.50
2015.11.02 12:26:05.489,1.087,1.08713,1.35,1.00
2015.11.02 12:26:06.298,1.08703,1.08718,1.75,2.25
2015.11.02 12:26:06.654,1.08702,1.08714,1.87,1.00
2015.11.02 12:26:06.908,1.087,1.08714,2.47,1.37
2015.11.02 12:26:07.739,1.087,1.08716,2.47,2.25
2015.11.02 12:26:11.279,1.087,1.08713,1.87,1.00
2015.11.02 12:26:11.813,1.08699,1.08715,1.87,1.75
2015.11.02 12:26:13.764,1.087,1.08712,1.75,1.00
2015.11.02 12:26:13.815,1.087,1.0871,1.75,1.00
2015.11.02 12:26:13.867,1.087,1.08712,1.75,1.00
2015.11.02 12:26:14.477,1.08698,1.08712,1.12,1.00
2015.11.02 12:26:14.983,1.08699,1.08714,1.87,1.50
2015.11.02 12:26:15.541,1.08702,1.08714,1.00,1.50
2015.11.02 12:26:16.203,1.08699,1.08714,1.87,1.50
2015.11.02 12:26:18.042,1.08698,1.08713,1.87,1.50
2015.11.02 12:26:19.698,1.08698,1.08711,1.87,1.00
2015.11.02 12:26:24.849,1.08698,1.0871,1.87,1.00
2015.11.02 12:26:25.358,1.08698,1.08709,1.87,1.00
2015.11.02 12:26:30.841,1.08698,1.08711,1.12,1.00
2015.11.02 12:26:31.445,1.08703,1.08712,1.12,1.00
2015.11.02 12:26:31.497,1.08703,1.08715,1.75,1.12
2015.11.02 12:26:32.011,1.08703,1.08717,2.25,1.50
2015.11.02 12:26:33.862,1.08705,1.08719,1.50,1.75
2015.11.02 12:26:34.479,1.08705,1.08719,2.25,1.50
2015.11.02 12:27:06.354,1.08706,1.0872,2.25,1.50
2015.11.02 12:27:10.536,1.08707,1.0872,1.75,1.50
2015.11.02 12:27:12.198,1.0871,1.08719,1.12,1.00
2015.11.02 12:27:16.567,1.08708,1.0872,1.75,1.12
2015.11.02 12:27:21.786,1.08706,1.0872,3.00,1.50
2015.11.02 12:27:41.501,1.08705,1.08718,1.87,1.00
2015.11.02 12:27:44.445,1.08705,1.0872,1.12,1.50
2015.11.02 12:27:54.633,1.08708,1.08719,1.00,1.37
2015.11.02 12:27:55.309,1.08705,1.08718,1.75,1.50
2015.11.02 12:28:00.142,1.08705,1.08718,1.75,1.00
2015.11.02 12:28:05.658,1.08704,1.08716,2.62,1.00
2015.11.02 12:28:06.526,1.08705,1.08717,1.75,1.00
2015.11.02 12:28:07.033,1.08705,1.08717,1.75,1.12
2015.11.02 12:28:08.422,1.08705,1.08716,1.75,1.00
2015.11.02 12:28:11.283,1.08704,1.08717,2.25,1.12
2015.11.02 12:28:14.252,1.08703,1.08716,3.37,1.00
2015.11.02 12:28:15.663,1.08703,1.08717,3.37,1.12
2015.11.02 12:28:16.326,1.08703,1.08716,2.62,1.00
2015.11.02 12:28:16.835,1.08703,1.08716,1.75,1.12
2015.11.02 12:28:17.344,1.08703,1.08715,1.75,1.00
2015.11.02 12:28:20.511,1.08701,1.08715,3.00,1.50
2015.11.02 12:28:24.539,1.08702,1.08716,1.87,1.12
2015.11.02 12:28:25.116,1.08702,1.08717,1.75,1.75
2015.11.02 12:28:25.542,1.08704,1.08718,1.75,1.50
2015.11.02 12:28:30.030,1.08706,1.08719,1.75,1.37
2015.11.02 12:28:30.132,1.08706,1.08719,1.75,1.12
2015.11.02 12:28:30.335,1.08711,1.08719,1.00,1.12
2015.11.02 12:28:31.345,1.08714,1.08723,1.00,1.50
2015.11.02 12:28:31.397,1.08714,1.08724,1.00,1.67
2015.11.02 12:28:31.906,1.08713,1.08724,1.12,1.67
2015.11.02 12:28:33.831,1.08712,1.08723,1.12,2.10
2015.11.02 12:28:34.363,1.08709,1.08723,2.25,2.10
2015.11.02 12:28:37.836,1.08709,1.08723,1.87,1.75
2015.11.02 12:28:37.887,1.08709,1.08723,1.87,1.87
2015.11.02 12:28:38.403,1.08712,1.08723,1.00,1.87
2015.11.02 12:28:38.978,1.08711,1.08723,1.00,1.87
2015.11.02 12:28:41.084,1.08711,1.08722,1.12,1.50
2015.11.02 12:28:41.788,1.08711,1.08722,1.37,1.50
2015.11.02 12:28:42.297,1.08713,1.08724,1.00,2.85
2015.11.02 12:28:47.289,1.08712,1.08724,1.12,2.85
2015.11.02 12:28:51.176,1.08713,1.08723,1.00,1.50
2015.11.02 12:28:53.688,1.08711,1.08723,1.50,2.10
2015.11.02 12:28:57.109,1.08709,1.08722,2.25,1.75
2015.11.02 12:28:58.553,1.08711,1.08722,1.00,1.75
2015.11.02 12:29:04.409,1.08709,1.08722,2.25,1.75
2015.11.02 12:29:06.080,1.0871,1.08721,1.37,1.00
2015.11.02 12:29:13.623,1.08709,1.08721,1.50,1.50
2015.11.02 12:29:21.752,1.08707,1.0872,1.87,1.00
2015.11.02 12:29:22.771,1.0871,1.08719,1.00,1.00
2015.11.02 12:29:27.064,1.08709,1.0872,1.50,1.12
2015.11.02 12:29:27.582,1.08715,1.08722,1.00,1.37
2015.11.02 12:29:27.635,1.08716,1.08723,1.00,1.12
2015.11.02 12:29:27.687,1.08718,1.08723,1.00,1.00
2015.11.02 12:29:27.738,1.08718,1.08726,1.00,1.50
2015.11.02 12:29:28.152,1.08714,1.08723,1.50,1.00
2015.11.02 12:29:28.660,1.08714,1.08724,1.50,1.00
2015.11.02 12:29:29.429,1.08713,1.08723,1.12,1.12
2015.11.02 12:29:29.939,1.0871,1.08722,2.25,1.12
2015.11.02 12:29:31.100,1.0871,1.08723,1.87,1.12
2015.11.02 12:29:32.101,1.08713,1.08724,1.00,1.37
2015.11.02 12:29:32.699,1.08711,1.08724,3.37,1.00
2015.11.02 12:29:33.213,1.08713,1.08725,3.00,1.12
2015.11.02 12:29:38.027,1.08712,1.08725,1.12,1.00
2015.11.02 12:29:38.535,1.08712,1.08726,1.12,1.12
2015.11.02 12:29:42.498,1.08715,1.08727,1.00,2.25
2015.11.02 12:29:43.287,1.08711,1.08724,1.12,1.00
2015.11.02 12:29:43.797,1.0871,1.08724,1.12,1.87
2015.11.02 12:29:44.307,1.08709,1.08722,1.12,1.50
2015.11.02 12:29:44.755,1.08708,1.08722,1.75,2.25
2015.11.02 12:29:45.319,1.08709,1.08723,1.12,1.50
2015.11.02 12:29:45.828,1.08709,1.08723,1.12,1.12
2015.11.02 12:29:47.235,1.0871,1.08724,1.12,1.00
2015.11.02 12:29:52.930,1.08712,1.08726,1.12,1.50
2015.11.02 12:29:53.134,1.08713,1.08727,1.87,1.00
2015.11.02 12:29:55.160,1.08714,1.08728,1.12,1.00
2015.11.02 12:30:04.764,1.08715,1.08729,1.12,1.00
2015.11.02 12:30:07.402,1.08715,1.08728,1.12,1.00
2015.11.02 12:30:13.186,1.08715,1.08729,1.12,1.12
2015.11.02 12:30:13.696,1.08715,1.08728,1.12,1.00
2015.11.02 12:30:15.367,1.08715,1.08729,1.12,1.12
2015.11.02 12:30:15.876,1.08715,1.08728,1.12,1.00
2015.11.02 12:30:21.974,1.08713,1.08728,1.87,1.50
2015.11.02 12:30:26.686,1.08712,1.08728,1.87,2.25
2015.11.02 12:30:28.322,1.08712,1.08728,1.75,2.25
2015.11.02 12:30:28.854,1.08713,1.08728,1.75,2.25
2015.11.02 12:30:29.412,1.08711,1.08728,2.62,2.25
2015.11.02 12:30:40.297,1.08712,1.08728,2.62,1.75
2015.11.02 12:30:40.399,1.08714,1.08728,1.12,1.12
2015.11.02 12:30:41.894,1.08713,1.08729,1.75,2.25
2015.11.02 12:30:45.976,1.08715,1.0873,1.75,2.62
2015.11.02 12:30:46.028,1.08715,1.0873,1.75,2.25
2015.11.02 12:30:51.482,1.08713,1.08727,3.37,1.00
2015.11.02 12:30:51.989,1.08715,1.08729,1.50,1.75
2015.11.02 12:30:52.888,1.08715,1.08729,1.75,1.75
2015.11.02 12:30:55.287,1.08715,1.08725,1.75,1.00
2015.11.02 12:30:56.860,1.08713,1.08725,2.25,1.12
2015.11.02 12:30:58.847,1.08714,1.08724,1.50,1.00
2015.11.02 12:30:59.401,1.08712,1.08725,3.00,1.50
2015.11.02 12:31:00.977,1.08712,1.08725,1.75,1.12
2015.11.02 12:31:06.253,1.08714,1.08725,1.75,1.00
2015.11.02 12:31:06.762,1.08714,1.08725,1.75,1.00
2015.11.02 12:31:09.300,1.08718,1.08725,1.00,1.00
2015.11.02 12:31:09.403,1.0872,1.08727,1.00,1.12
2015.11.02 12:31:09.708,1.08719,1.08729,1.50,1.00
2015.11.02 12:31:09.759,1.08719,1.08729,1.50,1.00
2015.11.02 12:31:10.066,1.08721,1.08735,1.50,1.75
2015.11.02 12:31:10.169,1.08722,1.08735,1.75,1.50
2015.11.02 12:31:10.475,1.08722,1.08735,1.87,1.00
2015.11.02 12:31:11.014,1.08723,1.08735,1.75,1.12
2015.11.02 12:31:14.622,1.08724,1.08735,1.00,1.37
2015.11.02 12:31:14.930,1.08732,1.08743,1.12,1.00
2015.11.02 12:31:14.981,1.08732,1.08745,1.12,1.00
2015.11.02 12:31:15.288,1.08734,1.08746,1.12,1.00
2015.11.02 12:31:15.995,1.08735,1.08746,1.12,1.00
2015.11.02 12:31:17.572,1.08733,1.08746,1.12,1.00
2015.11.02 12:31:19.482,1.08733,1.08748,1.87,1.50
2015.11.02 12:31:19.992,1.08734,1.08746,1.75,1.00
2015.11.02 12:31:20.502,1.08734,1.08748,1.75,1.50
2015.11.02 12:31:21.350,1.08737,1.08751,1.50,1.87
2015.11.02 12:31:21.401,1.08737,1.08751,1.75,1.75
2015.11.02 12:31:24.499,1.08736,1.08749,1.87,1.00
2015.11.02 12:31:25.009,1.08736,1.08751,1.87,1.50
2015.11.02 12:31:25.061,1.08736,1.08748,1.87,1.00
2015.11.02 12:31:25.163,1.08736,1.0875,1.87,1.12
2015.11.02 12:31:25.418,1.08735,1.0875,1.75,1.75
2015.11.02 12:31:31.641,1.08735,1.08747,1.75,1.00
2015.11.02 12:31:31.844,1.08734,1.08747,1.75,1.50
2015.11.02 12:31:32.352,1.08732,1.08744,1.87,1.00
2015.11.02 12:31:32.454,1.08731,1.08744,1.75,1.12
2015.11.02 12:31:32.885,1.0873,1.08744,1.75,1.75
2015.11.02 12:31:34.019,1.0873,1.08744,1.75,1.50
2015.11.02 12:31:35.041,1.08731,1.08745,1.87,1.12
2015.11.02 12:31:35.349,1.0873,1.08744,1.75,1.75
2015.11.02 12:31:35.657,1.08732,1.08746,1.75,1.75
2015.11.02 12:31:41.771,1.08732,1.08746,1.75,1.50
2015.11.02 12:31:42.307,1.08731,1.08746,1.75,1.75
2015.11.02 12:31:44.938,1.08733,1.08745,1.00,1.50
2015.11.02 12:31:45.243,1.08729,1.08745,1.75,1.87
2015.11.02 12:31:46.171,1.08729,1.08745,1.75,1.75
2015.11.02 12:31:47.127,1.08728,1.08738,1.87,1.00
2015.11.02 12:31:47.179,1.08728,1.0874,1.87,1.00
2015.11.02 12:31:47.230,1.08728,1.08743,1.87,2.25
2015.11.02 12:31:47.778,1.0873,1.08743,1.75,1.12
2015.11.02 12:31:52.512,1.08734,1.08746,1.00,2.25
2015.11.02 12:31:52.571,1.08733,1.08747,1.75,1.75
2015.11.02 12:31:57.165,1.08731,1.08746,1.75,1.75
2015.11.02 12:31:57.814,1.08731,1.08746,1.87,1.50
2015.11.02 12:32:01.510,1.08731,1.08742,1.12,1.50
2015.11.02 12:32:01.564,1.08728,1.08742,2.25,2.25
2015.11.02 12:32:02.075,1.08727,1.08741,1.75,1.50
2015.11.02 12:32:16.539,1.08726,1.08739,1.12,1.00
2015.11.02 12:32:27.938,1.08726,1.08741,1.12,3.75
2015.11.02 12:32:30.171,1.08726,1.08738,1.12,1.00
2015.11.02 12:32:30.223,1.08723,1.08739,1.87,1.75
2015.11.02 12:32:30.325,1.08725,1.08739,1.12,1.12
2015.11.02 12:32:30.734,1.08724,1.08737,1.12,1.00
2015.11.02 12:32:31.146,1.08722,1.08736,1.75,1.50
2015.11.02 12:32:50.581,1.08723,1.08739,1.75,1.12
2015.11.02 12:32:50.683,1.08723,1.0874,2.62,3.00
2015.11.02 12:32:51.142,1.08725,1.08738,1.12,1.00
2015.11.02 12:32:51.748,1.08726,1.08738,1.12,1.00
2015.11.02 12:32:51.800,1.08726,1.0874,1.12,1.12
2015.11.02 12:32:53.400,1.08727,1.08742,1.12,1.50
2015.11.02 12:32:54.059,1.08727,1.08736,1.87,1.00
2015.11.02 12:32:54.415,1.08723,1.08736,1.75,1.87
2015.11.02 12:32:55.680,1.08723,1.08739,1.87,1.50
2015.11.02 12:32:55.782,1.08728,1.08742,1.00,1.87
2015.11.02 12:32:55.884,1.08727,1.08742,1.75,1.50
2015.11.02 12:32:55.986,1.08727,1.08742,2.62,1.50
2015.11.02 12:32:56.716,1.08728,1.08742,1.12,1.12
2015.11.02 12:33:12.936,1.0873,1.0874,1.75,1.00
2015.11.02 12:33:13.508,1.08729,1.0874,1.75,1.00
2015.11.02 12:33:15.027,1.08729,1.08739,1.75,1.00
2015.11.02 12:33:20.361,1.0873,1.08739,1.75,1.00
2015.11.02 12:33:22.501,1.08729,1.08741,1.75,1.00
2015.11.02 12:33:22.716,1.0873,1.08741,1.12,1.00
2015.11.02 12:33:31.422,1.0873,1.08742,1.87,1.00
2015.11.02 12:33:31.474,1.08731,1.08744,1.75,1.12
2015.11.02 12:33:31.981,1.08731,1.08744,1.87,1.00
2015.11.02 12:33:32.975,1.08731,1.08743,1.12,1.00
2015.11.02 12:33:34.426,1.08732,1.08744,1.87,1.00
2015.11.02 12:33:39.344,1.08732,1.08744,1.75,1.00
2015.11.02 12:33:39.774,1.0873,1.08744,1.75,1.50
2015.11.02 12:33:39.826,1.08728,1.0874,1.75,1.00
2015.11.02 12:33:40.032,1.08725,1.0874,1.75,1.75
2015.11.02 12:33:40.337,1.08725,1.08736,1.75,1.00
2015.11.02 12:33:40.925,1.08724,1.08739,1.87,1.75
2015.11.02 12:33:41.456,1.08724,1.08739,1.87,1.50
2015.11.02 12:33:42.549,1.08724,1.08739,1.75,1.75
2015.11.02 12:33:45.966,1.08724,1.08736,1.75,1.00
2015.11.02 12:33:46.346,1.0872,1.08734,1.75,1.50
2015.11.02 12:33:46.500,1.08719,1.0873,2.25,1.00
2015.11.02 12:33:46.654,1.08717,1.08729,1.75,1.00
2015.11.02 12:33:46.858,1.08715,1.08731,1.75,2.25
2015.11.02 12:33:47.438,1.08716,1.08731,1.75,3.00
2015.11.02 12:33:47.743,1.08714,1.08729,1.75,1.75
2015.11.02 12:33:48.329,1.08714,1.08729,1.75,1.75
2015.11.02 12:33:49.354,1.08713,1.08728,1.75,1.75
2015.11.02 12:33:51.258,1.08714,1.08728,1.75,1.75
2015.11.02 12:33:54.471,1.08712,1.08726,1.75,2.25
2015.11.02 12:33:55.126,1.08711,1.08726,1.75,2.25
2015.11.02 12:33:59.991,1.08711,1.08726,1.50,1.87
2015.11.02 12:34:03.874,1.08712,1.08726,1.50,1.75
2015.11.02 12:34:04.595,1.08712,1.08727,2.25,1.75
2015.11.02 12:34:05.614,1.08713,1.08727,1.75,1.75
2015.11.02 12:34:06.484,1.08714,1.08729,1.75,1.75
2015.11.02 12:34:07.620,1.08714,1.08729,1.75,1.75
2015.11.02 12:34:08.281,1.08714,1.08729,1.75,1.75
2015.11.02 12:34:09.907,1.08714,1.08729,1.50,1.87
2015.11.02 12:34:10.446,1.08715,1.08729,1.50,1.75
2015.11.02 12:34:12.904,1.08714,1.08731,2.25,2.62
2015.11.02 12:34:13.559,1.08716,1.08732,1.75,1.87
2015.11.02 12:34:13.866,1.08719,1.08734,1.50,1.12
2015.11.02 12:34:21.838,1.08719,1.08735,1.75,1.87
2015.11.02 12:34:22.704,1.08719,1.08734,1.50,1.87
2015.11.02 12:34:23.158,1.08721,1.08737,1.75,2.62
2015.11.02 12:34:24.847,1.0872,1.08736,1.50,1.12
2015.11.02 12:34:24.949,1.0872,1.08735,1.50,1.12
2015.11.02 12:34:25.459,1.0872,1.08736,1.75,1.12
2015.11.02 12:34:25.964,1.08719,1.08735,3.00,1.12
2015.11.02 12:34:26.821,1.0872,1.08736,1.75,1.12
2015.11.02 12:34:27.329,1.0872,1.08735,1.50,1.12
2015.11.02 12:34:28.327,1.0872,1.08736,1.75,1.87
2015.11.02 12:34:38.474,1.08722,1.08738,1.75,1.87
2015.11.02 12:34:38.982,1.08723,1.08739,1.75,2.62
2015.11.02 12:34:41.400,1.08723,1.08738,1.50,1.87
2015.11.02 12:34:41.960,1.08724,1.08739,1.50,1.87
2015.11.02 12:34:42.490,1.08723,1.08738,1.50,1.12
2015.11.02 12:34:45.252,1.08722,1.08738,1.75,1.75
2015.11.02 12:34:46.497,1.08721,1.08738,1.75,2.62
2015.11.02 12:34:48.964,1.08719,1.08735,1.75,1.75
2015.11.02 12:34:52.878,1.0872,1.08736,1.75,1.75
2015.11.02 12:35:03.517,1.08719,1.08735,1.75,1.87
2015.11.02 12:35:05.333,1.08719,1.08736,1.75,1.87
2015.11.02 12:35:05.718,1.0872,1.08737,1.87,1.75
2015.11.02 12:35:08.719,1.08722,1.08739,2.62,1.75
2015.11.02 12:35:09.831,1.08721,1.08738,1.87,1.75
2015.11.02 12:35:10.342,1.08721,1.08738,1.75,1.87
2015.11.02 12:35:11.810,1.08719,1.08736,1.75,2.62
2015.11.02 12:35:12.320,1.0872,1.08736,1.75,1.75
2015.11.02 12:35:13.131,1.08719,1.08735,1.75,1.12
2015.11.02 12:35:16.140,1.08719,1.08733,1.75,1.50
2015.11.02 12:35:18.154,1.08718,1.08733,1.75,1.75
2015.11.02 12:35:26.060,1.08718,1.08731,1.12,1.12
2015.11.02 12:35:26.164,1.08716,1.08729,1.50,1.75
2015.11.02 12:35:26.368,1.08712,1.08727,1.75,1.12
2015.11.02 12:35:26.673,1.08712,1.08726,1.00,1.12
2015.11.02 12:35:32.801,1.08713,1.08723,1.12,1.00
2015.11.02 12:35:33.368,1.08719,1.08728,1.00,1.12
2015.11.02 12:35:33.471,1.08718,1.0873,1.00,1.12
2015.11.02 12:35:33.895,1.08718,1.08734,1.75,2.62
2015.11.02 12:35:34.404,1.08717,1.08733,1.75,1.12
2015.11.02 12:35:35.373,1.08717,1.08734,1.75,2.62
2015.11.02 12:35:36.287,1.08718,1.08731,1.75,1.00
2015.11.02 12:35:40.211,1.08718,1.08732,1.87,1.00
2015.11.02 12:35:41.841,1.08719,1.08734,1.75,1.75
2015.11.02 12:35:44.310,1.08719,1.08735,1.87,1.75
2015.11.02 12:35:44.821,1.0872,1.08736,2.25,2.10
2015.11.02 12:35:45.348,1.08722,1.08736,1.75,2.10
2015.11.02 12:35:50.841,1.08722,1.08735,1.75,1.00
2015.11.02 12:35:54.278,1.08724,1.08738,1.75,1.50
2015.11.02 12:35:54.786,1.08725,1.08739,2.25,1.50
2015.11.02 12:35:57.868,1.08727,1.08742,1.75,2.25
2015.11.02 12:36:00.177,1.08726,1.08741,1.75,1.75
2015.11.02 12:36:04.649,1.08726,1.08737,1.75,1.00
2015.11.02 12:36:04.905,1.08724,1.08738,1.12,1.87
2015.11.02 12:36:05.823,1.08724,1.08739,1.75,2.25
2015.11.02 12:36:06.333,1.08727,1.08741,1.12,2.62
2015.11.02 12:36:06.841,1.08727,1.08741,1.50,2.25
2015.11.02 12:36:07.400,1.08727,1.08741,1.75,2.25
2015.11.02 12:36:09.737,1.08727,1.08741,1.50,1.75
2015.11.02 12:36:10.389,1.08725,1.0874,2.25,1.75
2015.11.02 12:36:26.604,1.08728,1.08741,1.12,1.75
2015.11.02 12:36:27.139,1.08728,1.08741,1.50,1.75
2015.11.02 12:36:41.926,1.08727,1.08741,1.50,1.75
2015.11.02 12:36:52.549,1.08727,1.0874,1.12,1.75
2015.11.02 12:36:57.007,1.08726,1.08736,1.50,1.00
2015.11.02 12:36:57.262,1.08723,1.08736,1.50,1.75
2015.11.02 12:36:57.364,1.08723,1.08732,1.75,1.00
2015.11.02 12:36:57.684,1.08719,1.08732,1.00,2.62
2015.11.02 12:36:58.098,1.08716,1.08729,1.12,1.87
2015.11.02 12:36:58.607,1.08714,1.08727,1.12,1.75
2015.11.02 12:36:59.134,1.08713,1.08726,1.12,1.75
2015.11.02 12:37:01.290,1.08712,1.08726,1.12,1.87
2015.11.02 12:37:03.887,1.08712,1.08725,1.00,1.12
2015.11.02 12:37:06.610,1.0871,1.08725,2.25,2.62
2015.11.02 12:37:07.369,1.0871,1.08724,1.12,1.87
2015.11.02 12:37:07.826,1.0871,1.08722,1.00,1.12
2015.11.02 12:37:12.719,1.0871,1.08723,1.00,1.87
2015.11.02 12:37:13.036,1.08712,1.08723,1.60,1.87
2015.11.02 12:37:13.138,1.0871,1.08723,1.50,2.62
2015.11.02 12:37:13.189,1.0871,1.08723,1.50,2.25
2015.11.02 12:37:13.700,1.08709,1.08721,1.00,1.75
2015.11.02 12:37:14.426,1.08708,1.08722,1.12,1.87
2015.11.02 12:37:14.935,1.08709,1.08722,1.00,1.12
2015.11.02 12:37:15.439,1.08709,1.08723,1.87,1.87
2015.11.02 12:37:15.951,1.08709,1.08724,3.00,2.62
2015.11.02 12:37:16.458,1.08709,1.08723,2.62,1.12
2015.11.02 12:37:16.968,1.0871,1.08724,1.12,1.87
2015.11.02 12:37:21.026,1.0871,1.08725,1.50,2.62
2015.11.02 12:37:29.303,1.08712,1.08725,1.00,1.87
2015.11.02 12:37:32.346,1.08716,1.08726,1.75,1.00
2015.11.02 12:37:32.865,1.08718,1.08727,1.50,1.00
2015.11.02 12:37:33.389,1.08718,1.08728,1.75,1.50
2015.11.02 12:37:36.680,1.08718,1.08727,1.75,1.00
2015.11.02 12:37:37.187,1.0872,1.08728,1.50,1.00
2015.11.02 12:37:37.895,1.0872,1.08729,1.50,1.00
2015.11.02 12:37:38.657,1.0872,1.08728,1.50,1.00
2015.11.02 12:37:39.063,1.08724,1.08728,1.00,1.00
2015.11.02 12:37:39.678,1.08728,1.08735,1.75,2.25
2015.11.02 12:37:39.730,1.08729,1.08738,1.75,1.00
2015.11.02 12:37:39.883,1.08732,1.08739,1.50,1.00
2015.11.02 12:37:40.139,1.08734,1.08741,1.12,1.00
2015.11.02 12:37:40.242,1.08735,1.08743,1.12,1.00
2015.11.02 12:37:40.446,1.08738,1.08745,1.12,1.00
2015.11.02 12:37:40.498,1.08739,1.08748,1.00,1.87
2015.11.02 12:37:40.651,1.08739,1.08749,1.75,1.00
2015.11.02 12:37:41.173,1.08739,1.08748,1.75,1.00
2015.11.02 12:37:41.682,1.08738,1.08747,1.75,1.00
2015.11.02 12:37:41.988,1.08737,1.08745,1.75,1.00
2015.11.02 12:37:42.039,1.08737,1.08745,1.50,1.00
2015.11.02 12:37:42.542,1.08735,1.08746,1.75,2.25
2015.11.02 12:37:43.054,1.08737,1.08746,1.75,1.00
2015.11.02 12:37:43.594,1.08737,1.08747,1.75,1.00
2015.11.02 12:37:46.607,1.08737,1.08748,1.75,2.25
2015.11.02 12:37:47.267,1.08737,1.08747,1.50,2.25
2015.11.02 12:37:47.623,1.08735,1.08745,1.75,1.00
2015.11.02 12:37:48.130,1.08737,1.08745,1.00,1.00
2015.11.02 12:37:48.868,1.08732,1.08745,1.12,1.00
2015.11.02 12:37:49.380,1.08734,1.08745,1.75,1.00
2015.11.02 12:37:49.891,1.08734,1.08746,1.75,1.00
2015.11.02 12:37:51.245,1.08734,1.08745,1.75,1.00
2015.11.02 12:37:51.895,1.08734,1.08746,1.87,1.50
2015.11.02 12:37:53.623,1.08734,1.08745,1.87,1.50
2015.11.02 12:37:54.081,1.08733,1.08744,1.75,1.00
2015.11.02 12:37:54.868,1.08733,1.08743,1.75,1.50
2015.11.02 12:37:56.539,1.08733,1.08744,1.75,2.25
2015.11.02 12:37:57.199,1.08733,1.08743,1.75,1.00
2015.11.02 12:37:57.707,1.08733,1.08742,1.75,1.00
2015.11.02 12:37:58.826,1.08733,1.08743,1.75,1.50
2015.11.02 12:37:59.336,1.08732,1.08743,1.75,1.50
2015.11.02 12:37:59.845,1.08732,1.08744,1.75,2.25
2015.11.02 12:38:00.386,1.08732,1.08743,1.75,1.00
2015.11.02 12:38:00.693,1.08732,1.08743,1.87,1.00
2015.11.02 12:38:03.258,1.08732,1.08742,1.87,1.00
2015.11.02 12:38:03.767,1.08732,1.08742,1.75,1.50
2015.11.02 12:38:04.479,1.08732,1.08743,1.75,1.50
2015.11.02 12:38:08.211,1.08732,1.08742,1.75,1.00
2015.11.02 12:38:09.233,1.08731,1.08742,1.87,1.50
2015.11.02 12:38:09.638,1.08731,1.0874,1.12,1.00
2015.11.02 12:38:10.302,1.08731,1.08741,1.87,1.50
2015.11.02 12:38:11.594,1.08732,1.08743,1.75,1.50
2015.11.02 12:38:17.866,1.08732,1.08742,1.75,1.00
2015.11.02 12:38:19.400,1.08734,1.08742,1.00,1.00
2015.11.02 12:38:19.911,1.08732,1.08743,1.75,1.50
2015.11.02 12:38:20.810,1.08732,1.08743,1.75,1.00
2015.11.02 12:38:28.818,1.08732,1.08742,1.75,1.00
2015.11.02 12:38:29.708,1.08732,1.08741,1.75,1.00
2015.11.02 12:38:30.473,1.08732,1.0874,1.75,1.00
2015.11.02 12:38:31.002,1.08732,1.08743,1.75,1.00
2015.11.02 12:38:31.104,1.08732,1.08741,1.75,1.00
2015.11.02 12:38:31.206,1.08732,1.08743,1.75,1.50
2015.11.02 12:38:31.717,1.08731,1.08742,1.75,1.00
2015.11.02 12:38:32.303,1.08731,1.0874,1.50,1.00
2015.11.02 12:38:32.356,1.08731,1.0874,1.50,1.00
2015.11.02 12:38:32.408,1.08731,1.08742,1.50,1.87
2015.11.02 12:38:32.918,1.08731,1.08742,1.75,1.50
2015.11.02 12:38:33.122,1.0873,1.08739,1.75,1.00
2015.11.02 12:38:33.225,1.0873,1.08741,1.75,1.00
2015.11.02 12:38:33.954,1.08731,1.08743,1.75,1.12
2015.11.02 12:38:34.057,1.08733,1.08743,1.75,1.00
2015.11.02 12:38:34.159,1.08733,1.08745,1.75,1.12
2015.11.02 12:38:34.719,1.08733,1.08744,1.75,1.00
2015.11.02 12:38:35.246,1.08733,1.08743,1.75,1.00
2015.11.02 12:38:37.452,1.08733,1.08744,1.75,1.00
2015.11.02 12:38:37.999,1.08733,1.08743,1.75,1.00
2015.11.02 12:38:38.363,1.08731,1.0874,1.75,1.00
2015.11.02 12:38:39.132,1.0873,1.08741,1.75,1.00
2015.11.02 12:38:39.690,1.0873,1.0874,1.75,1.00
2015.11.02 12:38:40.411,1.0873,1.08741,1.75,1.00
2015.11.02 12:38:40.875,1.0873,1.08741,1.12,3.00
2015.11.02 12:38:41.283,1.0873,1.08742,1.75,1.12
2015.11.02 12:38:41.798,1.0873,1.08741,1.75,1.00
2015.11.02 12:38:45.015,1.08731,1.08743,1.50,2.25
2015.11.02 12:38:45.321,1.08731,1.08745,2.25,2.25
2015.11.02 12:38:45.830,1.08731,1.08743,2.62,1.00
2015.11.02 12:38:46.340,1.08731,1.08742,1.87,1.00
2015.11.02 12:38:46.898,1.08731,1.08743,1.87,1.00
2015.11.02 12:38:47.356,1.08731,1.08743,1.75,1.87
2015.11.02 12:38:47.892,1.08729,1.08742,2.62,1.50
2015.11.02 12:38:49.087,1.08732,1.08741,1.50,1.00
2015.11.02 12:38:49.738,1.08732,1.08741,1.50,1.00
2015.11.02 12:38:52.638,1.08732,1.08743,1.12,1.50
2015.11.02 12:38:53.197,1.08731,1.08741,1.50,1.00
2015.11.02 12:38:53.744,1.08731,1.08742,1.75,1.00
2015.11.02 12:39:01.194,1.08733,1.08744,1.12,1.50
2015.11.02 12:39:01.499,1.08733,1.08744,1.75,1.00
2015.11.02 12:39:02.018,1.08735,1.08744,1.50,1.50
2015.11.02 12:39:02.535,1.08735,1.08745,1.50,1.50
2015.11.02 12:39:02.690,1.08737,1.08747,1.12,1.87
2015.11.02 12:39:02.792,1.08738,1.08747,1.50,1.50
2015.11.02 12:39:03.304,1.0874,1.08751,1.75,1.00
2015.11.02 12:39:03.509,1.08742,1.08752,1.75,1.00
2015.11.02 12:39:03.969,1.08742,1.08754,1.75,1.00
2015.11.02 12:39:04.619,1.08746,1.08756,1.00,1.87
2015.11.02 12:39:05.127,1.08743,1.08756,1.87,1.00
2015.11.02 12:39:05.735,1.08743,1.08755,1.87,1.00
2015.11.02 12:39:05.837,1.08742,1.08753,2.62,1.00
2015.11.02 12:39:06.177,1.08742,1.08751,1.87,1.00
2015.11.02 12:39:06.229,1.08742,1.08751,1.75,1.00
2015.11.02 12:39:07.196,1.08743,1.08751,1.00,1.00
2015.11.02 12:39:07.247,1.0874,1.08754,2.25,1.50
2015.11.02 12:39:07.765,1.08742,1.08755,1.75,1.50
2015.11.02 12:39:10.429,1.08742,1.08756,1.75,1.50
2015.11.02 12:39:11.210,1.08742,1.08755,2.25,1.50
2015.11.02 12:39:12.329,1.08742,1.08756,1.75,1.50
2015.11.02 12:39:12.864,1.08742,1.08755,1.75,1.50
2015.11.02 12:39:13.763,1.08742,1.08753,1.75,1.00
2015.11.02 12:39:14.269,1.08742,1.08755,1.75,1.50
2015.11.02 12:39:15.034,1.08742,1.08754,1.50,1.50
2015.11.02 12:39:15.643,1.0874,1.08752,1.75,1.12
2015.11.02 12:39:19.672,1.08741,1.08751,1.50,1.00
2015.11.02 12:39:20.181,1.08741,1.08752,1.12,1.50
2015.11.02 12:39:20.695,1.08741,1.08752,1.50,1.12
2015.11.02 12:39:21.407,1.08743,1.08753,1.12,1.12
2015.11.02 12:39:22.248,1.08743,1.08755,1.50,2.17
2015.11.02 12:39:29.142,1.08741,1.08754,1.75,1.50
2015.11.02 12:39:30.012,1.08741,1.08754,1.75,1.12
2015.11.02 12:39:37.859,1.08744,1.08755,1.75,1.00
2015.11.02 12:39:38.520,1.08744,1.08754,1.75,1.00
2015.11.02 12:39:40.742,1.08744,1.08753,1.75,1.00
2015.11.02 12:39:41.288,1.08742,1.08754,1.87,1.00
2015.11.02 12:39:41.811,1.08745,1.08754,1.00,1.00
2015.11.02 12:39:42.634,1.08742,1.08754,1.87,1.00
2015.11.02 12:39:43.047,1.08744,1.08756,1.75,1.00
2015.11.02 12:39:43.574,1.08745,1.08756,1.75,1.00
2015.11.02 12:39:44.081,1.08745,1.08757,1.87,1.00
2015.11.02 12:39:44.630,1.08745,1.08758,1.87,1.00
2015.11.02 12:39:45.037,1.08745,1.08756,1.87,1.00
2015.11.02 12:39:45.582,1.08744,1.08756,1.12,1.50
2015.11.02 12:39:46.091,1.08743,1.08755,1.87,1.50
2015.11.02 12:39:46.967,1.08743,1.08756,1.87,1.00
2015.11.02 12:39:53.609,1.08743,1.08755,1.87,1.00
2015.11.02 12:39:54.294,1.08743,1.08755,1.75,1.50
2015.11.02 12:39:55.512,1.08743,1.08754,1.75,1.00
2015.11.02 12:39:56.026,1.08742,1.08753,1.12,1.00
2015.11.02 12:39:56.229,1.08742,1.08755,1.12,1.50
2015.11.02 12:39:56.736,1.08745,1.08756,1.75,1.00
2015.11.02 12:39:57.091,1.08745,1.08757,1.87,1.50
2015.11.02 12:39:57.618,1.08745,1.08758,1.87,1.50
2015.11.02 12:39:58.432,1.08745,1.08757,1.75,1.12
2015.11.02 12:39:58.943,1.08745,1.08757,1.75,1.12
2015.11.02 12:40:00.738,1.08743,1.08756,1.87,1.00
2015.11.02 12:40:00.942,1.08742,1.08756,1.75,3.00
2015.11.02 12:40:01.513,1.08743,1.08756,2.25,1.00
2015.11.02 12:40:02.025,1.08745,1.08756,1.00,1.37
2015.11.02 12:40:03.096,1.0874,1.08755,3.37,1.37
2015.11.02 12:40:03.604,1.08742,1.08755,2.25,1.50
2015.11.02 12:40:04.094,1.08742,1.08755,2.62,1.12
2015.11.02 12:40:04.400,1.08746,1.08759,1.37,1.75
2015.11.02 12:40:04.553,1.08746,1.08761,3.37,1.50
2015.11.02 12:40:07.433,1.0875,1.08764,1.12,1.50
2015.11.02 12:40:18.774,1.0875,1.08764,1.75,2.25
2015.11.02 12:40:19.234,1.08751,1.08762,1.00,1.37
2015.11.02 12:40:19.980,1.08747,1.0876,1.75,1.37
2015.11.02 12:40:20.490,1.08747,1.0876,1.75,1.50
2015.11.02 12:40:22.167,1.08748,1.0876,1.00,2.25
2015.11.02 12:40:23.357,1.08749,1.08761,1.00,1.75
2015.11.02 12:40:23.664,1.08747,1.0876,2.25,1.00
2015.11.02 12:40:24.347,1.08748,1.08761,1.75,1.00
2015.11.02 12:40:27.045,1.08747,1.08761,1.75,1.50
2015.11.02 12:40:30.206,1.08747,1.08759,1.75,1.00
2015.11.02 12:40:30.657,1.08745,1.08758,1.75,1.12
2015.11.02 12:40:31.674,1.08746,1.08759,1.12,1.12
2015.11.02 12:40:31.980,1.08748,1.08761,1.75,1.12
2015.11.02 12:40:32.387,1.08749,1.08762,1.12,1.12
2015.11.02 12:40:33.013,1.08749,1.08763,1.12,1.12
2015.11.02 12:40:34.306,1.0875,1.08763,1.87,1.00
2015.11.02 12:40:34.813,1.0875,1.08764,1.87,1.12
2015.11.02 12:40:35.360,1.0875,1.08763,1.87,1.00
2015.11.02 12:40:35.988,1.08755,1.08767,1.50,1.37
2015.11.02 12:40:36.039,1.08755,1.08768,1.87,1.00
2015.11.02 12:40:36.547,1.08756,1.08768,1.12,1.00
2015.11.02 12:40:37.236,1.08756,1.08769,1.12,1.00
2015.11.02 12:40:37.751,1.08756,1.08768,1.12,1.00
2015.11.02 12:40:39.194,1.08756,1.08769,1.12,1.00
2015.11.02 12:40:39.727,1.08755,1.08768,1.87,1.00
2015.11.02 12:40:40.544,1.08758,1.08768,1.00,1.12
2015.11.02 12:40:47.335,1.08756,1.08769,1.12,1.00
2015.11.02 12:40:50.220,1.08759,1.0877,1.00,1.37
2015.11.02 12:40:57.708,1.08754,1.08768,1.87,1.12
2015.11.02 12:40:58.217,1.08754,1.08768,1.75,1.50
2015.11.02 12:40:59.933,1.08756,1.08768,1.00,1.50
2015.11.02 12:41:01.221,1.08755,1.08767,1.00,1.50
2015.11.02 12:41:01.733,1.08752,1.08767,2.62,1.50
2015.11.02 12:41:02.752,1.08754,1.08768,1.75,1.50
2015.11.02 12:41:03.323,1.08754,1.08769,2.62,1.50
2015.11.02 12:41:06.769,1.08755,1.0877,2.62,1.50
2015.11.02 12:41:23.265,1.08756,1.08771,1.87,1.50
2015.11.02 12:41:23.815,1.08755,1.0877,2.62,1.50
2015.11.02 12:41:24.379,1.08756,1.08771,1.87,1.50
2015.11.02 12:41:34.625,1.08755,1.08767,1.87,1.00
2015.11.02 12:41:34.983,1.08753,1.08767,2.62,1.12
2015.11.02 12:41:40.005,1.08754,1.08768,1.87,1.87
2015.11.02 12:41:46.078,1.08754,1.08768,1.75,2.25
2015.11.02 12:41:47.361,1.08754,1.08766,1.75,1.00
2015.11.02 12:41:50.139,1.08753,1.08767,2.62,1.12
2015.11.02 12:41:53.013,1.08754,1.08767,1.87,1.00
2015.11.02 12:41:57.799,1.08754,1.08766,2.62,1.00
2015.11.02 12:41:58.307,1.08756,1.08767,1.75,1.00
2015.11.02 12:42:08.373,1.08758,1.08762,1.00,1.00
2015.11.02 12:42:08.577,1.0875,1.08761,1.12,1.50
2015.11.02 12:42:08.629,1.08749,1.08761,1.75,2.25
2015.11.02 12:42:09.138,1.08749,1.0876,1.75,1.00
2015.11.02 12:42:09.646,1.08746,1.0876,1.12,1.87
2015.11.02 12:42:13.763,1.08746,1.08759,1.12,1.00
2015.11.02 12:42:13.967,1.08747,1.08759,1.00,2.25
2015.11.02 12:42:14.703,1.08745,1.0876,2.25,1.75
2015.11.02 12:42:15.210,1.08745,1.0876,2.62,1.50
2015.11.02 12:42:31.434,1.08745,1.08756,1.87,1.00
2015.11.02 12:42:31.485,1.08744,1.08756,1.75,1.00
2015.11.02 12:42:32.382,1.08744,1.08756,2.62,1.00
2015.11.02 12:42:36.723,1.08744,1.08758,1.87,1.12
2015.11.02 12:42:40.720,1.08745,1.08759,1.12,1.37
2015.11.02 12:42:40.824,1.08746,1.0876,1.12,1.12
2015.11.02 12:42:41.916,1.08745,1.0876,1.87,1.50
2015.11.02 12:42:48.766,1.08744,1.08759,1.87,1.50
2015.11.02 12:42:49.325,1.08745,1.08759,1.87,1.50
2015.11.02 12:42:49.833,1.08744,1.08759,1.87,2.25
2015.11.02 12:42:51.719,1.08746,1.08759,1.12,1.12
2015.11.02 12:42:52.403,1.08747,1.0876,1.12,1.50
2015.11.02 12:42:52.925,1.08746,1.0876,1.87,1.12
2015.11.02 12:42:54.144,1.08749,1.08761,1.12,1.00
2015.11.02 12:42:54.655,1.08749,1.08762,1.12,1.00
2015.11.02 12:43:00.733,1.08749,1.08763,1.87,1.12
2015.11.02 12:43:03.397,1.08751,1.08763,1.12,1.00
2015.11.02 12:43:03.918,1.08751,1.08762,1.12,1.00
2015.11.02 12:43:04.428,1.0875,1.08763,1.12,1.50
2015.11.02 12:43:07.213,1.08749,1.08763,1.87,1.87
2015.11.02 12:43:07.367,1.08747,1.08762,1.87,3.00
2015.11.02 12:43:07.881,1.08748,1.08762,1.87,1.87
2015.11.02 12:43:08.391,1.08749,1.08763,1.87,1.12
2015.11.02 12:43:09.102,1.0875,1.08764,1.12,2.62
2015.11.02 12:43:09.913,1.08752,1.08764,1.87,1.00
2015.11.02 12:43:12.850,1.08752,1.08765,1.87,2.25
2015.11.02 12:43:13.870,1.0875,1.08762,1.12,1.75
2015.11.02 12:43:17.787,1.08745,1.0876,1.75,2.25
2015.11.02 12:43:18.288,1.08745,1.08759,1.87,1.00
2015.11.02 12:43:19.715,1.08745,1.0876,1.75,1.75
2015.11.02 12:43:21.966,1.08745,1.0876,1.87,1.50
2015.11.02 12:43:23.166,1.08745,1.08758,1.87,1.00
2015.11.02 12:43:23.793,1.08745,1.08756,1.87,1.00
2015.11.02 12:43:23.850,1.08743,1.08758,1.75,2.25
2015.11.02 12:43:24.359,1.08744,1.08758,1.75,2.25
2015.11.02 12:43:24.885,1.08743,1.08758,2.25,3.00
2015.11.02 12:43:25.444,1.08744,1.08758,1.75,2.25
2015.11.02 12:43:38.694,1.08743,1.08755,1.12,1.00
2015.11.02 12:43:38.846,1.08742,1.08755,2.25,1.12
2015.11.02 12:43:41.069,1.08744,1.08755,1.75,1.00
2015.11.02 12:43:41.625,1.08745,1.08759,2.25,1.50
2015.11.02 12:43:42.183,1.08747,1.08761,1.75,1.75
2015.11.02 12:43:43.263,1.08748,1.08763,1.75,3.00
2015.11.02 12:43:43.773,1.08749,1.08763,1.75,2.25
2015.11.02 12:43:45.139,1.08748,1.08763,2.25,1.75
2015.11.02 12:43:46.579,1.08749,1.08764,1.75,2.25
2015.11.02 12:43:47.194,1.08748,1.08763,2.25,1.75
2015.11.02 12:43:47.748,1.08749,1.08764,1.75,2.25
2015.11.02 12:43:48.557,1.08748,1.08763,2.25,2.25
2015.11.02 12:43:50.582,1.08749,1.08763,1.75,2.25
2015.11.02 12:43:51.089,1.08749,1.08762,1.75,1.00
2015.11.02 12:43:51.597,1.08749,1.08763,1.75,2.25
2015.11.02 12:43:54.023,1.08749,1.08764,1.75,2.25
2015.11.02 12:43:54.685,1.08748,1.08762,1.12,1.50
2015.11.02 12:43:54.768,1.08747,1.08762,3.00,1.75
2015.11.02 12:43:55.283,1.08747,1.08762,2.62,1.50
2015.11.02 12:43:55.817,1.08746,1.08761,3.37,1.50
2015.11.02 12:44:02.878,1.08746,1.08753,1.75,1.00
2015.11.02 12:44:03.191,1.08742,1.0875,1.87,1.00
2015.11.02 12:44:03.242,1.08742,1.08749,1.50,1.00
2015.11.02 12:44:03.294,1.08742,1.08749,1.12,1.00
2015.11.02 12:44:03.548,1.08738,1.08747,2.25,1.00
2015.11.02 12:44:04.497,1.08737,1.08747,2.25,1.00
2015.11.02 12:44:06.210,1.08738,1.08747,1.75,1.00
2015.11.02 12:44:06.720,1.08737,1.08747,2.25,1.00
2015.11.02 12:44:07.228,1.08737,1.08747,1.75,1.00
2015.11.02 12:44:08.611,1.08737,1.08747,2.85,1.00
2015.11.02 12:44:09.118,1.08737,1.08747,3.97,1.00
2015.11.02 12:44:09.712,1.08738,1.08745,1.35,1.00
2015.11.02 12:44:09.915,1.08737,1.08747,2.62,1.00
2015.11.02 12:44:11.786,1.08738,1.08746,3.60,1.00
2015.11.02 12:44:12.143,1.08738,1.08745,2.25,1.00
2015.11.02 12:44:12.556,1.08732,1.08738,1.75,1.00
2015.11.02 12:44:12.658,1.08732,1.08738,1.75,1.00
2015.11.02 12:44:13.166,1.08731,1.08737,1.75,1.00
2015.11.02 12:44:13.674,1.0873,1.08736,1.75,1.00
2015.11.02 12:44:14.777,1.0873,1.08737,1.75,1.00
2015.11.02 12:44:15.541,1.0873,1.08739,1.75,1.00
2015.11.02 12:44:16.846,1.0873,1.08737,1.75,1.00
2015.11.02 12:44:17.101,1.0873,1.08739,1.75,1.00
2015.11.02 12:44:17.857,1.0873,1.08737,1.75,1.00
2015.11.02 12:44:18.392,1.08729,1.08736,2.25,1.00
2015.11.02 12:44:19.327,1.08729,1.08736,2.25,1.00
2015.11.02 12:44:19.836,1.08729,1.08735,1.75,1.00
2015.11.02 12:44:21.834,1.08729,1.08736,1.75,1.00
2015.11.02 12:44:26.782,1.08729,1.08736,2.10,1.00
2015.11.02 12:44:27.089,1.08729,1.08736,2.85,1.00
2015.11.02 12:44:27.631,1.08729,1.08736,2.10,1.00
2015.11.02 12:44:29.348,1.0873,1.08737,2.25,1.00
2015.11.02 12:44:29.399,1.0873,1.08739,2.25,1.00
2015.11.02 12:44:32.031,1.08729,1.08737,1.87,1.00
2015.11.02 12:44:32.539,1.0873,1.08738,3.00,1.00
2015.11.02 12:44:36.903,1.0873,1.08737,1.75,1.00
2015.11.02 12:44:37.412,1.08732,1.08736,1.00,1.00
2015.11.02 12:44:37.515,1.08728,1.08736,4.35,1.00
2015.11.02 12:44:39.858,1.08729,1.08739,1.75,1.00
2015.11.02 12:44:40.370,1.08731,1.08739,1.50,1.00
2015.11.02 12:44:40.928,1.08731,1.08741,1.50,1.00
2015.11.02 12:44:41.843,1.08731,1.08741,1.75,1.00
2015.11.02 12:44:43.280,1.08731,1.08742,1.75,1.00
2015.11.02 12:44:43.805,1.08731,1.08743,1.75,1.12
2015.11.02 12:44:43.959,1.08735,1.08745,1.50,1.00
2015.11.02 12:44:44.266,1.08736,1.08744,1.75,1.00
2015.11.02 12:44:46.568,1.08737,1.08744,1.75,1.00
2015.11.02 12:44:48.824,1.08737,1.08745,1.75,1.00
2015.11.02 12:44:49.336,1.08737,1.08746,1.75,1.00
2015.11.02 12:44:49.540,1.08737,1.08748,1.75,1.00
2015.11.02 12:44:49.971,1.08737,1.08745,1.75,1.00
2015.11.02 12:44:50.945,1.08737,1.08746,1.75,1.00
2015.11.02 12:44:52.526,1.08737,1.08747,1.75,1.00
2015.11.02 12:44:52.730,1.08737,1.08749,1.75,1.00
2015.11.02 12:44:53.812,1.08738,1.08748,1.75,1.00
2015.11.02 12:44:57.169,1.08737,1.08748,1.87,1.00
2015.11.02 12:44:57.220,1.08737,1.08745,1.87,1.00
2015.11.02 12:44:57.857,1.08738,1.08748,1.75,1.00
2015.11.02 12:44:58.369,1.08738,1.08747,1.75,1.00
2015.11.02 12:44:59.085,1.08738,1.08747,1.87,1.00
2015.11.02 12:45:00.224,1.08738,1.08748,1.87,1.00
2015.11.02 12:45:00.327,1.08738,1.08746,1.87,1.00
2015.11.02 12:45:00.987,1.08738,1.08746,1.87,1.00
2015.11.02 12:45:01.422,1.08741,1.08745,1.00,1.00
2015.11.02 12:45:02.494,1.08739,1.08746,1.75,1.00
2015.11.02 12:45:03.004,1.08741,1.08745,1.00,1.00
2015.11.02 12:45:03.715,1.08739,1.08745,1.75,1.00
2015.11.02 12:45:04.731,1.0874,1.08744,1.00,1.00
2015.11.02 12:45:05.151,1.08738,1.08746,1.75,1.00
2015.11.02 12:45:05.355,1.0874,1.08744,1.00,1.00
2015.11.02 12:45:05.813,1.08738,1.08746,1.75,1.00
2015.11.02 12:45:06.017,1.0874,1.08744,1.00,1.00
2015.11.02 12:45:06.821,1.08738,1.08745,1.75,1.00
2015.11.02 12:45:10.082,1.08739,1.08747,1.75,1.00
2015.11.02 12:45:12.093,1.08739,1.08746,1.75,1.00
2015.11.02 12:45:14.854,1.08738,1.08746,1.87,1.00
2015.11.02 12:45:15.472,1.08741,1.08745,1.00,1.00
2015.11.02 12:45:15.523,1.08737,1.08745,1.75,1.00
2015.11.02 12:45:15.931,1.08736,1.08744,1.12,1.00
2015.11.02 12:45:16.470,1.08739,1.08743,1.00,1.00
2015.11.02 12:45:17.525,1.08736,1.08743,1.75,1.00
2015.11.02 12:45:17.921,1.08738,1.08747,1.75,1.00
2015.11.02 12:45:18.023,1.08738,1.08748,1.87,1.00
2015.11.02 12:45:18.533,1.08739,1.08749,2.05,1.00
2015.11.02 12:45:19.106,1.08739,1.08748,2.47,1.00
2015.11.02 12:45:19.612,1.08742,1.08746,1.00,1.00
2015.11.02 12:45:19.918,1.08739,1.08747,1.12,1.00
2015.11.02 12:45:20.435,1.08739,1.08747,1.12,1.00
2015.11.02 12:45:21.189,1.08738,1.08746,1.87,1.00
2015.11.02 12:45:24.252,1.08737,1.08745,2.62,1.00
2015.11.02 12:45:24.999,1.08738,1.08746,1.75,1.00
2015.11.02 12:45:27.175,1.0874,1.08744,1.00,1.00
2015.11.02 12:45:29.049,1.08737,1.08744,1.75,1.00
2015.11.02 12:45:29.563,1.08737,1.08745,1.75,1.00
2015.11.02 12:45:32.092,1.08739,1.08743,1.00,1.00
2015.11.02 12:45:32.406,1.08736,1.08744,1.12,1.00
2015.11.02 12:45:32.457,1.08733,1.0874,1.75,1.00
2015.11.02 12:45:32.962,1.08735,1.08739,1.00,1.00
2015.11.02 12:45:33.622,1.08732,1.0874,1.12,1.00
2015.11.02 12:45:34.270,1.0873,1.08738,2.62,1.00
2015.11.02 12:45:36.254,1.0873,1.08737,1.75,1.00
2015.11.02 12:45:36.786,1.08728,1.08736,2.85,1.00
2015.11.02 12:45:38.723,1.08729,1.08737,1.75,1.00
2015.11.02 12:45:38.825,1.0873,1.08734,1.00,1.00
2015.11.02 12:45:39.398,1.08728,1.08735,1.35,1.00
2015.11.02 12:45:39.703,1.08727,1.08735,1.87,1.00
2015.11.02 12:45:40.008,1.08727,1.08733,1.75,1.00
2015.11.02 12:45:40.894,1.08728,1.08732,1.00,1.00
2015.11.02 12:45:41.354,1.08727,1.08734,1.67,1.00
2015.11.02 12:45:42.398,1.08727,1.08735,2.10,1.00
2015.11.02 12:45:43.001,1.08727,1.08734,1.75,1.00
2015.11.02 12:45:43.511,1.08727,1.08735,2.10,1.00
2015.11.02 12:45:45.692,1.08728,1.08735,1.00,1.00
2015.11.02 12:45:45.744,1.08726,1.08731,1.35,1.00
2015.11.02 12:45:45.850,1.08726,1.08732,1.35,1.00
2015.11.02 12:45:46.282,1.08725,1.08732,1.75,1.00
2015.11.02 12:45:46.487,1.08725,1.08729,1.00,1.00
2015.11.02 12:45:46.539,1.08725,1.0873,1.00,1.00
2015.11.02 12:45:47.120,1.08726,1.08731,1.12,1.00
2015.11.02 12:45:47.374,1.08724,1.08733,2.10,1.00
2015.11.02 12:45:47.831,1.08724,1.08731,2.85,1.00
2015.11.02 12:45:48.034,1.08726,1.08732,1.00,1.00
2015.11.02 12:45:48.912,1.08724,1.08734,2.10,1.00
2015.11.02 12:45:49.267,1.08724,1.08732,1.75,1.00
2015.11.02 12:45:49.369,1.08721,1.08732,1.75,1.00
2015.11.02 12:45:49.471,1.08722,1.08732,1.12,1.12
2015.11.02 12:45:49.979,1.08722,1.08732,1.50,1.00
2015.11.02 12:45:50.503,1.08721,1.08732,1.50,1.12
2015.11.02 12:45:51.112,1.08721,1.08732,1.75,1.00
2015.11.02 12:45:51.671,1.08721,1.08731,2.25,1.00
2015.11.02 12:45:52.337,1.08721,1.08731,1.50,1.00
2015.11.02 12:45:55.603,1.08722,1.08731,1.50,1.00
2015.11.02 12:45:56.238,1.08723,1.08731,2.10,1.00
2015.11.02 12:46:01.643,1.08723,1.08731,1.75,1.00
2015.11.02 12:46:04.460,1.08723,1.08732,1.75,1.00
2015.11.02 12:46:05.410,1.08724,1.08734,1.75,1.00
2015.11.02 12:46:05.513,1.08724,1.08734,1.87,1.00
2015.11.02 12:46:06.095,1.08725,1.08735,1.12,1.00
2015.11.02 12:46:06.572,1.0873,1.08737,1.75,1.00
2015.11.02 12:46:06.623,1.08734,1.08746,1.37,2.62
2015.11.02 12:46:06.675,1.08734,1.08746,1.75,1.12
2015.11.02 12:46:06.878,1.08735,1.08748,1.75,1.87
2015.11.02 12:46:07.287,1.08737,1.0875,1.75,1.87
2015.11.02 12:46:07.645,1.08738,1.08748,2.10,1.00
2015.11.02 12:46:08.154,1.08738,1.08748,2.85,1.00
2015.11.02 12:46:08.474,1.08738,1.08745,2.10,1.00
2015.11.02 12:46:08.525,1.08738,1.08747,2.10,1.00
2015.11.02 12:46:09.085,1.08738,1.08748,2.85,1.00
2015.11.02 12:46:13.005,1.08739,1.0875,1.75,1.00
2015.11.02 12:46:15.765,1.0874,1.0875,1.50,1.00
2015.11.02 12:46:16.420,1.0874,1.08751,1.75,1.00
2015.11.02 12:46:16.889,1.08741,1.08753,1.75,1.12
2015.11.02 12:46:17.043,1.08745,1.08753,1.00,1.12
2015.11.02 12:46:17.197,1.08745,1.08757,1.75,1.00
2015.11.02 12:46:17.672,1.08746,1.08759,1.75,1.12
2015.11.02 12:46:18.282,1.08746,1.0876,2.62,2.25
2015.11.02 12:46:21.814,1.08749,1.0876,1.00,1.37
2015.11.02 12:46:22.590,1.08747,1.0876,1.75,1.00
2015.11.02 12:46:22.896,1.08749,1.08762,1.35,1.00
2015.11.02 12:46:23.306,1.0875,1.08764,1.12,1.87
2015.11.02 12:46:25.611,1.08752,1.08767,2.62,1.75
2015.11.02 12:46:26.120,1.08754,1.08766,1.75,1.00
2015.11.02 12:46:29.539,1.08754,1.08768,1.75,1.50
2015.11.02 12:46:30.528,1.08754,1.08769,2.62,1.50
2015.11.02 12:46:31.069,1.08754,1.08768,2.25,1.50
2015.11.02 12:46:35.368,1.08753,1.08764,1.12,1.00
2015.11.02 12:46:35.470,1.08752,1.08764,1.75,1.00
2015.11.02 12:46:35.996,1.08752,1.08763,1.75,1.00
2015.11.02 12:46:39.967,1.08749,1.08762,1.87,1.00
2015.11.02 12:46:40.477,1.08748,1.08761,2.47,1.00
2015.11.02 12:46:41.874,1.08748,1.08761,2.10,1.12
2015.11.02 12:46:45.373,1.08748,1.0876,2.10,1.00
2015.11.02 12:46:45.679,1.08748,1.08761,1.67,1.75
2015.11.02 12:46:50.336,1.08748,1.0876,1.30,1.75
2015.11.02 12:46:55.700,1.08743,1.08755,1.12,1.00
2015.11.02 12:46:55.802,1.08743,1.08755,1.75,1.12
2015.11.02 12:46:56.315,1.08742,1.08755,1.75,1.50
2015.11.02 12:46:56.844,1.08742,1.08755,1.50,1.75
2015.11.02 12:46:58.549,1.08744,1.08755,1.00,1.75
2015.11.02 12:46:59.056,1.08744,1.08756,1.72,1.75
2015.11.02 12:46:59.834,1.08744,1.08757,2.10,1.75
2015.11.02 12:47:00.801,1.08743,1.08756,1.67,1.75
2015.11.02 12:47:01.105,1.08739,1.08753,2.25,1.50
2015.11.02 12:47:01.426,1.08739,1.08752,1.50,1.75
2015.11.02 12:47:01.985,1.08739,1.08751,1.50,1.50
2015.11.02 12:47:05.482,1.08739,1.08751,1.00,1.75
2015.11.02 12:47:05.991,1.08739,1.0875,1.12,1.50
2015.11.02 12:47:07.297,1.08737,1.08749,1.35,1.37
2015.11.02 12:47:07.602,1.08733,1.08742,1.12,1.00
2015.11.02 12:47:07.653,1.08731,1.08742,1.87,1.00
2015.11.02 12:47:08.003,1.08732,1.08743,1.30,1.50
2015.11.02 12:47:10.145,1.08733,1.08745,1.00,1.75
2015.11.02 12:47:14.431,1.08738,1.08745,1.00,1.50
2015.11.02 12:47:14.535,1.08738,1.0875,2.10,1.75
2015.11.02 12:47:14.943,1.08739,1.08751,1.72,1.75
2015.11.02 12:47:15.581,1.0874,1.08753,1.87,1.75
2015.11.02 12:47:16.090,1.08742,1.08753,1.00,1.75
2015.11.02 12:47:16.141,1.08742,1.08754,1.50,1.50
2015.11.02 12:47:21.829,1.08742,1.08755,1.00,1.75
2015.11.02 12:47:23.453,1.08739,1.08754,3.00,1.75
2015.11.02 12:47:24.743,1.08738,1.08751,1.12,1.50
2015.11.02 12:47:24.949,1.08736,1.0875,1.12,1.12
2015.11.02 12:47:25.152,1.08734,1.08748,2.62,1.12
2015.11.02 12:47:26.935,1.0874,1.0875,1.87,1.37
2015.11.02 12:47:26.986,1.08742,1.08755,1.50,1.75
2015.11.02 12:47:27.140,1.08742,1.08755,1.12,1.12
2015.11.02 12:47:27.395,1.08741,1.08756,3.00,2.25
2015.11.02 12:47:28.289,1.08743,1.08755,1.00,1.50
2015.11.02 12:47:28.906,1.08744,1.08755,1.00,1.75
2015.11.02 12:47:31.257,1.08746,1.08755,1.00,1.75
2015.11.02 12:47:31.767,1.08744,1.08756,1.00,1.12
2015.11.02 12:47:31.921,1.08743,1.08757,2.25,1.75
2015.11.02 12:47:32.677,1.08743,1.08756,1.12,1.75
2015.11.02 12:47:34.839,1.08746,1.08756,1.60,1.75
2015.11.02 12:47:35.093,1.08747,1.0876,2.47,1.75
2015.11.02 12:47:36.123,1.08747,1.08758,1.72,1.50
2015.11.02 12:47:38.155,1.08747,1.08756,1.72,1.00
2015.11.02 12:47:40.264,1.08748,1.08757,1.30,1.00
2015.11.02 12:47:42.830,1.08747,1.0876,2.85,1.50
2015.11.02 12:47:42.881,1.08748,1.0876,2.10,1.50
2015.11.02 12:47:43.389,1.08749,1.08762,2.10,1.75
2015.11.02 12:47:44.221,1.08751,1.08762,1.00,1.75
2015.11.02 12:47:44.969,1.0875,1.08762,1.12,1.75
2015.11.02 12:47:45.224,1.08751,1.08763,1.50,1.50
2015.11.02 12:47:49.832,1.08752,1.08763,1.60,1.37
2015.11.02 12:47:50.036,1.08754,1.08765,1.30,1.50
2015.11.02 12:47:50.797,1.08751,1.08765,2.25,1.75
2015.11.02 12:47:51.592,1.08751,1.08763,2.25,1.50
2015.11.02 12:48:06.848,1.0875,1.08763,1.75,1.00
2015.11.02 12:48:07.355,1.08754,1.08764,1.00,1.50
2015.11.02 12:48:08.076,1.08755,1.08764,1.00,1.50
2015.11.02 12:48:08.384,1.08755,1.08766,1.12,1.50
2015.11.02 12:48:08.436,1.08757,1.08766,1.00,1.50
2015.11.02 12:48:09.147,1.08757,1.08767,1.00,1.50
2015.11.02 12:48:09.655,1.08755,1.08767,1.50,2.25
2015.11.02 12:48:10.815,1.08755,1.08764,1.50,1.00
2015.11.02 12:48:11.324,1.08754,1.08764,2.10,1.00
2015.11.02 12:48:12.060,1.08754,1.08765,2.10,1.87
2015.11.02 12:48:19.668,1.08754,1.08766,2.10,1.87
2015.11.02 12:48:27.962,1.08754,1.08767,1.35,1.12
2015.11.02 12:48:28.537,1.08754,1.08767,2.05,1.00
2015.11.02 12:48:29.189,1.08754,1.08768,2.05,1.87
2015.11.02 12:48:30.311,1.08756,1.08768,1.12,2.25
2015.11.02 12:48:30.627,1.08755,1.08766,1.12,1.00
2015.11.02 12:48:31.187,1.08755,1.08767,1.12,2.25
2015.11.02 12:48:31.697,1.08754,1.08767,1.12,2.25
2015.11.02 12:48:32.358,1.08755,1.08767,1.12,2.25
2015.11.02 12:48:32.904,1.08755,1.08766,1.12,1.00
2015.11.02 12:48:33.425,1.08755,1.08764,1.12,1.00
2015.11.02 12:48:33.947,1.08754,1.08765,1.35,1.00
2015.11.02 12:48:34.811,1.08754,1.08765,2.47,1.00
2015.11.02 12:48:35.275,1.08754,1.08768,2.47,1.12
2015.11.02 12:48:35.530,1.08756,1.08768,1.12,1.00
2015.11.02 12:48:36.881,1.08756,1.08766,1.87,1.00
2015.11.02 12:48:36.932,1.08756,1.08768,1.87,1.00
2015.11.02 12:48:41.511,1.08754,1.08767,2.62,1.00
2015.11.02 12:48:42.744,1.08754,1.08765,1.87,1.00
2015.11.02 12:48:42.948,1.08752,1.08765,1.75,1.12
2015.11.02 12:48:43.358,1.08754,1.08767,3.22,1.00
2015.11.02 12:48:44.069,1.08754,1.08767,2.10,1.12
2015.11.02 12:48:46.539,1.08756,1.08767,1.00,1.37
2015.11.02 12:48:47.529,1.08754,1.08767,2.85,1.50
2015.11.02 12:48:48.392,1.08754,1.08762,2.85,1.00
2015.11.02 12:48:48.443,1.08754,1.08764,2.25,1.00
2015.11.02 12:48:48.648,1.08754,1.08766,1.35,1.12
2015.11.02 12:48:49.531,1.08751,1.08762,1.12,1.00
2015.11.02 12:48:49.582,1.0875,1.08762,2.25,1.00
2015.11.02 12:48:50.092,1.0875,1.08762,1.75,1.12
2015.11.02 12:48:53.139,1.08751,1.08762,1.00,1.37
2015.11.02 12:48:55.476,1.08749,1.08763,1.72,1.75
2015.11.02 12:49:01.986,1.08749,1.08764,2.47,1.75
2015.11.02 12:49:04.184,1.0875,1.08764,1.87,1.12
2015.11.02 12:49:04.489,1.08752,1.08766,1.12,1.12
2015.11.02 12:49:05.373,1.08754,1.08767,2.10,1.50
2015.11.02 12:49:05.886,1.08754,1.08768,2.47,1.12
2015.11.02 12:49:07.471,1.08756,1.08769,1.75,1.12
2015.11.02 12:49:08.022,1.08756,1.0877,1.87,1.12
2015.11.02 12:49:14.796,1.08757,1.08771,1.12,1.12
2015.11.02 12:49:17.446,1.08757,1.0877,1.12,1.00
2015.11.02 12:49:17.600,1.08756,1.08771,1.75,1.75
2015.11.02 12:49:30.244,1.08758,1.08773,1.75,2.25
2015.11.02 12:49:30.947,1.08756,1.08771,1.75,1.75
2015.11.02 12:49:31.747,1.08758,1.08773,1.75,2.25
2015.11.02 12:49:32.484,1.08761,1.08775,1.00,1.87
2015.11.02 12:49:32.994,1.0876,1.08775,1.75,1.75
2015.11.02 12:49:33.250,1.08763,1.08777,1.50,1.87
2015.11.02 12:49:33.356,1.08765,1.08779,1.50,1.12
2015.11.02 12:49:35.836,1.08763,1.08778,1.50,2.62
2015.11.02 12:49:35.939,1.08761,1.08776,1.50,2.62
2015.11.02 12:49:38.569,1.08762,1.08776,1.50,1.12
2015.11.02 12:49:38.621,1.08762,1.08777,1.75,1.75
2015.11.02 12:49:44.669,1.08764,1.08778,1.50,1.75
2015.11.02 12:49:51.489,1.08764,1.08776,1.12,1.75
2015.11.02 12:49:51.997,1.08762,1.08776,1.50,1.75
2015.11.02 12:49:52.745,1.08761,1.08773,1.50,1.50
2015.11.02 12:49:54.671,1.08761,1.08773,1.12,1.75
2015.11.02 12:49:55.131,1.08759,1.08772,1.37,1.75
2015.11.02 12:49:55.182,1.08758,1.08772,1.12,1.87
2015.11.02 12:49:55.687,1.08758,1.08771,1.75,1.12
2015.11.02 12:49:56.208,1.08756,1.08771,1.87,3.00
2015.11.02 12:49:57.703,1.08761,1.08774,1.00,1.12
2015.11.02 12:49:57.856,1.08761,1.08775,1.75,1.75
2015.11.02 12:49:58.597,1.08763,1.08776,1.50,1.75
2015.11.02 12:49:59.566,1.08761,1.08775,1.75,1.75
2015.11.02 12:49:59.999,1.08763,1.08775,1.37,1.50
2015.11.02 12:50:00.361,1.08764,1.08778,1.75,1.75
2015.11.02 12:50:01.890,1.08764,1.08778,1.50,1.75
2015.11.02 12:50:02.400,1.08763,1.08778,1.75,2.25
2015.11.02 12:50:03.001,1.08766,1.08781,1.50,1.87
2015.11.02 12:50:03.510,1.08766,1.08781,1.75,1.75
2015.11.02 12:50:03.865,1.08766,1.0878,1.12,1.12
2015.11.02 12:50:05.607,1.08765,1.0878,1.75,1.75
2015.11.02 12:50:06.060,1.08769,1.08783,1.00,2.62
2015.11.02 12:50:06.622,1.08766,1.08781,1.75,1.50
2015.11.02 12:50:06.725,1.08766,1.08781,1.87,1.50
2015.11.02 12:50:07.589,1.08765,1.0878,1.87,1.50
2015.11.02 12:50:09.306,1.08766,1.08781,3.37,1.50
2015.11.02 12:50:10.691,1.08768,1.08783,1.75,1.75
2015.11.02 12:50:11.632,1.08769,1.08784,1.75,1.75
2015.11.02 12:50:13.211,1.08771,1.08782,1.00,1.37
2015.11.02 12:50:13.313,1.08767,1.08782,1.75,1.50
2015.11.02 12:50:13.862,1.08766,1.08781,2.25,1.75
2015.11.02 12:50:14.406,1.08766,1.08781,1.75,1.75
2015.11.02 12:50:17.433,1.08766,1.08779,1.75,1.00
2015.11.02 12:50:18.184,1.08767,1.08782,1.75,1.75
2015.11.02 12:50:19.002,1.08769,1.08782,1.00,1.75
2015.11.02 12:50:23.238,1.08768,1.08783,1.75,1.75
2015.11.02 12:50:24.225,1.08769,1.08781,1.50,1.00
2015.11.02 12:50:29.042,1.0877,1.08782,1.00,1.50
2015.11.02 12:50:30.923,1.08768,1.08782,1.50,1.87
2015.11.02 12:50:31.493,1.08767,1.08778,1.37,1.00
2015.11.02 12:50:32.003,1.08767,1.0878,1.12,1.75
2015.11.02 12:50:32.308,1.08772,1.08782,1.00,1.75
2015.11.02 12:50:32.410,1.08774,1.08785,1.00,1.75
2015.11.02 12:50:32.562,1.08775,1.08786,1.37,1.50
2015.11.02 12:50:32.664,1.08777,1.08787,1.12,2.25
2015.11.02 12:50:32.817,1.08779,1.08791,1.00,2.25
2015.11.02 12:50:33.160,1.08783,1.08791,1.00,1.00
2015.11.02 12:50:33.669,1.08783,1.08792,1.37,1.00
2015.11.02 12:50:35.449,1.08784,1.08792,1.37,1.00
2015.11.02 12:50:39.864,1.08781,1.08793,1.75,1.87
2015.11.02 12:50:40.399,1.08783,1.08792,1.37,1.00
2015.11.02 12:50:41.078,1.08783,1.08791,1.50,1.00
2015.11.02 12:50:41.752,1.08783,1.0879,1.37,1.00
2015.11.02 12:50:42.166,1.08781,1.08792,1.75,1.00
2015.11.02 12:50:42.372,1.08782,1.08793,1.50,1.00
2015.11.02 12:50:43.030,1.08783,1.08795,1.75,1.12
2015.11.02 12:50:46.437,1.08785,1.08797,1.50,1.87
2015.11.02 12:50:46.488,1.08785,1.08797,1.75,1.87
2015.11.02 12:50:46.998,1.08785,1.08797,1.75,1.50
2015.11.02 12:50:49.330,1.08785,1.08796,1.75,1.00
2015.11.02 12:50:49.850,1.08786,1.08797,1.50,1.87
2015.11.02 12:50:50.316,1.08785,1.08796,1.00,1.37
2015.11.02 12:50:50.825,1.08786,1.08796,1.12,1.12
2015.11.02 12:50:51.432,1.08786,1.08798,1.50,1.50
2015.11.02 12:50:54.357,1.08786,1.08796,1.50,1.00
2015.11.02 12:50:54.868,1.08785,1.08796,1.50,1.12
2015.11.02 12:50:55.376,1.08784,1.08795,1.50,1.12
2015.11.02 12:50:56.502,1.08783,1.08795,1.50,1.37
2015.11.02 12:50:57.015,1.08783,1.08795,1.50,3.00
2015.11.02 12:50:57.524,1.08783,1.08795,1.12,3.00
2015.11.02 12:50:58.319,1.08783,1.08791,1.00,1.00
2015.11.02 12:50:58.828,1.08782,1.08791,1.00,1.12
2015.11.02 12:50:59.375,1.08782,1.08792,1.50,1.00
2015.11.02 12:50:59.630,1.08784,1.08794,1.12,1.50
2015.11.02 12:51:00.197,1.08784,1.08793,1.12,1.00
2015.11.02 12:51:00.820,1.08783,1.08795,1.50,1.50
2015.11.02 12:51:02.196,1.08784,1.08797,1.50,1.75
2015.11.02 12:51:06.215,1.08785,1.08797,1.50,1.50
2015.11.02 12:51:06.876,1.08784,1.08795,1.75,1.00
2015.11.02 12:51:06.978,1.08784,1.08792,1.75,1.00
2015.11.02 12:51:07.182,1.08781,1.08789,1.50,1.00
2015.11.02 12:51:07.876,1.0878,1.08789,1.50,1.00
2015.11.02 12:51:08.414,1.08779,1.08789,1.50,1.00
2015.11.02 12:51:08.927,1.08778,1.08788,1.75,1.00
2015.11.02 12:51:09.132,1.08777,1.08786,1.75,1.00
2015.11.02 12:51:09.493,1.08777,1.08786,1.12,1.50
2015.11.02 12:51:10.007,1.08775,1.08785,1.50,1.00
2015.11.02 12:51:10.927,1.08775,1.08784,1.50,1.00
2015.11.02 12:51:11.440,1.08774,1.08785,1.50,1.12
2015.11.02 12:51:12.353,1.08775,1.08786,1.37,1.00
2015.11.02 12:51:12.973,1.08776,1.08787,1.50,1.12
2015.11.02 12:51:16.789,1.0878,1.08792,1.50,1.50
2015.11.02 12:51:17.299,1.08781,1.08794,1.50,2.25
2015.11.02 12:51:18.384,1.08782,1.08793,1.37,1.00
2015.11.02 12:51:18.902,1.08782,1.08791,1.50,1.00
2015.11.02 12:51:19.411,1.08781,1.08791,1.50,1.00
2015.11.02 12:51:20.677,1.08781,1.08789,1.50,1.00
2015.11.02 12:51:21.497,1.08781,1.0879,1.50,1.00
2015.11.02 12:51:21.806,1.08782,1.08792,1.75,1.00
2015.11.02 12:51:26.260,1.08783,1.08792,1.50,1.00
2015.11.02 12:51:27.233,1.08783,1.08793,1.12,1.12
2015.11.02 12:51:27.540,1.08784,1.08795,1.50,1.12
2015.11.02 12:51:28.313,1.08785,1.08796,1.50,1.12
2015.11.02 12:51:28.670,1.08786,1.08798,1.50,1.00
2015.11.02 12:51:30.378,1.08788,1.08799,1.37,1.00
2015.11.02 12:51:38.647,1.08786,1.08799,1.75,1.50
2015.11.02 12:51:39.163,1.08787,1.08799,1.75,1.12
2015.11.02 12:51:41.946,1.08789,1.08801,1.50,1.50
2015.11.02 12:51:52.881,1.08789,1.08799,1.50,1.00
2015.11.02 12:51:56.757,1.0879,1.08802,1.12,1.75
2015.11.02 12:52:02.692,1.08789,1.08798,1.87,1.00
2015.11.02 12:52:03.321,1.08788,1.088,2.25,1.50
2015.11.02 12:52:16.630,1.0879,1.08803,1.12,1.12
2015.11.02 12:52:16.734,1.0879,1.08804,1.50,2.25
2015.11.02 12:52:17.414,1.0879,1.08804,1.75,2.25
2015.11.02 12:52:17.802,1.0879,1.08804,1.75,2.25
2015.11.02 12:52:18.412,1.08792,1.08805,3.60,1.37
2015.11.02 12:52:18.464,1.08794,1.08809,2.85,4.12
2015.11.02 12:52:18.830,1.08794,1.08809,3.97,3.00
2015.11.02 12:52:18.890,1.08796,1.08809,2.25,1.12
2015.11.02 12:52:19.200,1.08797,1.08812,2.62,1.50
2015.11.02 12:52:19.936,1.08798,1.08812,1.12,1.50
2015.11.02 12:52:21.883,1.08801,1.08812,1.00,1.37
2015.11.02 12:52:24.964,1.08797,1.0881,1.87,1.00
2015.11.02 12:52:26.083,1.08799,1.08814,1.75,1.75
2015.11.02 12:52:26.390,1.088,1.08814,1.87,1.50
2015.11.02 12:52:26.645,1.08804,1.08818,1.75,1.75
2015.11.02 12:52:27.290,1.08804,1.08818,1.75,1.50
2015.11.02 12:52:29.122,1.08803,1.08816,1.12,1.00
2015.11.02 12:52:29.224,1.08801,1.08815,1.12,1.12
2015.11.02 12:52:29.856,1.08803,1.08813,1.00,1.12
2015.11.02 12:52:31.217,1.088,1.08814,1.87,1.50
2015.11.02 12:52:31.831,1.08802,1.08816,1.87,1.50
2015.11.02 12:52:32.087,1.08802,1.08816,1.75,1.75
2015.11.02 12:52:32.436,1.08803,1.08817,1.37,2.25
2015.11.02 12:52:32.490,1.08803,1.08817,1.12,1.12
2015.11.02 12:52:32.998,1.08804,1.08818,1.12,1.12
2015.11.02 12:52:33.628,1.08805,1.08819,1.12,1.50
2015.11.02 12:52:37.279,1.08805,1.08818,1.12,1.00
2015.11.02 12:52:37.534,1.08803,1.08818,1.75,2.25
2015.11.02 12:52:37.840,1.08801,1.08816,1.75,1.75
2015.11.02 12:52:38.348,1.088,1.08814,1.75,1.50
2015.11.02 12:52:40.382,1.088,1.08813,1.12,1.12
2015.11.02 12:52:40.912,1.08799,1.08813,1.12,1.12
2015.11.02 12:52:41.439,1.08799,1.08812,1.12,1.00
2015.11.02 12:52:42.049,1.08799,1.08811,1.12,1.00
2015.11.02 12:52:42.969,1.08798,1.08811,1.87,1.50
2015.11.02 12:52:47.410,1.08798,1.08812,1.87,1.12
2015.11.02 12:52:47.716,1.088,1.08814,1.87,1.12
2015.11.02 12:52:48.289,1.088,1.08813,1.87,1.00
2015.11.02 12:52:50.413,1.088,1.08812,1.12,1.00
2015.11.02 12:52:50.617,1.088,1.08814,1.12,1.87
2015.11.02 12:52:50.994,1.08802,1.08815,1.12,1.12
2015.11.02 12:52:53.092,1.08802,1.08816,1.12,1.12
2015.11.02 12:52:53.396,1.08801,1.08814,1.12,1.00
2015.11.02 12:52:54.751,1.08801,1.08815,1.12,1.12
2015.11.02 12:52:55.281,1.08801,1.08814,1.12,1.00
2015.11.02 12:52:55.829,1.08801,1.08815,1.12,1.12
2015.11.02 12:52:56.334,1.08801,1.08814,1.12,1.00
2015.11.02 12:53:00.513,1.088,1.08814,1.75,1.50
2015.11.02 12:53:01.921,1.088,1.08814,1.75,1.75
2015.11.02 12:53:04.660,1.08798,1.08812,1.75,2.25
2015.11.02 12:53:08.232,1.088,1.08811,1.00,1.87
2015.11.02 12:53:19.866,1.08799,1.08811,1.00,1.50
2015.11.02 12:53:41.889,1.08796,1.08811,2.62,2.25
2015.11.02 12:53:51.032,1.08798,1.08811,1.75,1.00
2015.11.02 12:53:51.236,1.08799,1.08814,1.87,2.25
2015.11.02 12:53:51.541,1.088,1.08814,1.87,1.50
2015.11.02 12:53:55.619,1.08803,1.08816,1.00,2.25
2015.11.02 12:54:04.047,1.08801,1.08814,1.75,1.00
2015.11.02 12:54:04.456,1.08801,1.08815,1.75,1.50
2015.11.02 12:54:04.966,1.088,1.08815,1.75,2.25
2015.11.02 12:54:05.882,1.088,1.08813,1.75,1.00
2015.11.02 12:54:10.078,1.08802,1.08813,1.00,1.37
2015.11.02 12:54:10.573,1.08797,1.08805,2.10,1.00
2015.11.02 12:54:10.624,1.08797,1.08805,1.00,1.00
2015.11.02 12:54:10.778,1.08795,1.08807,1.50,1.50
2015.11.02 12:54:11.692,1.08797,1.08807,1.00,1.75
2015.11.02 12:54:12.204,1.08796,1.08807,1.00,1.75
2015.11.02 12:54:14.447,1.08796,1.08801,1.00,1.00
2015.11.02 12:54:14.550,1.08793,1.08805,2.25,1.37
2015.11.02 12:54:14.655,1.0879,1.08805,1.75,2.62
2015.11.02 12:54:14.963,1.08787,1.08798,1.12,1.50
2015.11.02 12:54:15.339,1.08785,1.08795,1.37,1.12
2015.11.02 12:54:15.645,1.08782,1.08793,1.12,1.50
2015.11.02 12:54:15.798,1.0878,1.08793,1.50,1.75
2015.11.02 12:54:19.020,1.08781,1.08794,1.00,1.12
2015.11.02 12:54:19.327,1.08792,1.08801,1.00,1.12
2015.11.02 12:54:19.380,1.08792,1.08803,1.00,1.87
2015.11.02 12:54:19.482,1.08792,1.08803,1.00,1.75
2015.11.02 12:54:20.301,1.08793,1.08803,1.00,1.50
2015.11.02 12:54:31.206,1.0879,1.08805,2.25,2.62
2015.11.02 12:54:31.818,1.08791,1.08804,1.00,1.12
2015.11.02 12:54:32.346,1.0879,1.08804,1.87,1.12
2015.11.02 12:54:33.140,1.08791,1.08804,1.00,1.12
2015.11.02 12:54:34.111,1.08792,1.08804,1.00,1.87
2015.11.02 12:54:37.833,1.08791,1.08802,1.00,1.75
2015.11.02 12:54:38.139,1.08788,1.08802,1.50,1.75
2015.11.02 12:54:38.718,1.08787,1.088,1.50,1.75
2015.11.02 12:54:39.226,1.08786,1.088,1.50,1.75
2015.11.02 12:54:39.738,1.08785,1.088,1.50,2.62
2015.11.02 12:54:43.528,1.08784,1.08799,2.10,2.62
2015.11.02 12:54:45.247,1.08786,1.08799,1.00,2.62
2015.11.02 12:54:46.494,1.08787,1.08799,2.25,1.12
2015.11.02 12:54:46.546,1.08787,1.08802,3.00,2.25
2015.11.02 12:54:47.054,1.08789,1.08804,1.50,2.62
2015.11.02 12:54:50.451,1.08788,1.08802,1.50,1.75
2015.11.02 12:55:04.238,1.08786,1.08801,1.50,2.25
2015.11.02 12:55:04.289,1.08786,1.08801,1.50,2.62
2015.11.02 12:55:08.882,1.08785,1.088,2.25,1.87
2015.11.02 12:55:09.037,1.08788,1.08799,1.00,1.75
2015.11.02 12:55:09.091,1.08786,1.08799,1.12,1.75
2015.11.02 12:55:09.194,1.08789,1.08801,1.00,1.12
2015.11.02 12:55:09.297,1.0879,1.08804,1.12,3.37
2015.11.02 12:55:09.983,1.0879,1.08804,1.75,2.25
2015.11.02 12:55:10.391,1.08789,1.08804,2.10,2.62
2015.11.02 12:55:10.899,1.08791,1.08806,2.25,1.87
2015.11.02 12:55:11.711,1.08792,1.08807,1.50,2.62
2015.11.02 12:55:12.273,1.08795,1.08807,1.00,1.12
2015.11.02 12:55:12.426,1.08795,1.08808,1.12,1.75
2015.11.02 12:55:13.012,1.08795,1.08809,2.25,1.75
2015.11.02 12:55:14.256,1.08797,1.0881,1.00,1.12
2015.11.02 12:55:14.596,1.088,1.08813,1.50,1.75
2015.11.02 12:55:15.673,1.08801,1.08816,1.50,2.62
2015.11.02 12:55:16.177,1.08799,1.08814,1.75,1.75
2015.11.02 12:55:16.686,1.08803,1.08815,1.00,1.12
2015.11.02 12:55:16.839,1.08804,1.08817,1.00,1.12
2015.11.02 12:55:17.261,1.08805,1.0882,1.50,3.37
2015.11.02 12:55:17.820,1.08805,1.08819,1.75,1.75
2015.11.02 12:55:21.718,1.08811,1.0882,1.00,1.50
2015.11.02 12:55:21.923,1.08811,1.08824,1.87,3.00
2015.11.02 12:55:23.858,1.08812,1.08824,1.00,1.75
2015.11.02 12:55:24.093,1.08815,1.08824,1.00,1.75
2015.11.02 12:55:24.151,1.08813,1.08825,1.00,1.12
2015.11.02 12:55:24.501,1.08814,1.0882,1.50,1.00
2015.11.02 12:55:24.606,1.08814,1.08823,1.37,1.00
2015.11.02 12:55:24.766,1.08811,1.08823,1.75,1.12
2015.11.02 12:55:24.869,1.08809,1.0882,1.75,1.00
2015.11.02 12:55:25.073,1.08809,1.0882,1.50,1.12
2015.11.02 12:55:25.708,1.08809,1.0882,1.50,1.37
2015.11.02 12:55:26.217,1.0881,1.08822,1.12,1.75
2015.11.02 12:55:26.967,1.08805,1.0882,1.75,1.75
2015.11.02 12:55:27.475,1.08806,1.0882,1.12,1.12
2015.11.02 12:55:27.781,1.08808,1.08822,1.50,1.75
2015.11.02 12:55:28.508,1.0881,1.08823,1.00,1.87
2015.11.02 12:55:28.568,1.0881,1.08825,1.75,2.25
2015.11.02 12:55:29.081,1.08812,1.08826,1.50,1.75
2015.11.02 12:55:29.594,1.08811,1.08825,1.50,1.75
2015.11.02 12:55:30.105,1.0881,1.08825,1.50,2.62
2015.11.02 12:55:30.880,1.08809,1.08823,1.50,1.75
2015.11.02 12:55:32.413,1.08808,1.08823,1.50,2.62
2015.11.02 12:55:33.640,1.08807,1.0882,1.37,1.75
2015.11.02 12:55:33.691,1.08807,1.0882,1.12,1.75
2015.11.02 12:55:34.234,1.08806,1.0882,1.87,1.87
2015.11.02 12:55:35.353,1.08807,1.0882,1.50,1.87
2015.11.02 12:55:35.965,1.08807,1.0882,1.12,1.75
2015.11.02 12:55:39.129,1.08808,1.0882,1.00,1.75
2015.11.02 12:55:39.649,1.08807,1.0882,1.12,1.75
2015.11.02 12:55:41.183,1.08807,1.0882,1.00,1.87
2015.11.02 12:55:41.387,1.08805,1.08819,3.00,1.12
2015.11.02 12:55:41.930,1.08806,1.0882,1.12,1.87
2015.11.02 12:55:42.639,1.08806,1.0882,2.25,1.75
2015.11.02 12:55:44.861,1.08806,1.08819,1.00,1.12
2015.11.02 12:55:45.851,1.08808,1.08819,1.00,1.12
2015.11.02 12:55:46.316,1.08808,1.08821,1.00,1.12
2015.11.02 12:55:47.914,1.08809,1.08821,1.00,1.12
2015.11.02 12:55:48.437,1.08809,1.08822,1.00,1.87
2015.11.02 12:55:49.494,1.08812,1.08822,1.00,1.87
2015.11.02 12:55:49.647,1.08812,1.08822,1.00,1.75
2015.11.02 12:55:49.699,1.0881,1.08822,1.12,1.75
2015.11.02 12:55:50.211,1.0881,1.08822,1.00,1.75
2015.11.02 12:55:50.787,1.08809,1.08822,1.12,1.75
2015.11.02 12:55:53.431,1.0881,1.08823,1.00,1.87
2015.11.02 12:55:53.943,1.0881,1.08823,1.12,1.75
2015.11.02 12:55:56.652,1.08806,1.0882,1.50,1.75
2015.11.02 12:55:57.330,1.08808,1.0882,1.50,1.75
2015.11.02 12:55:58.961,1.08808,1.0882,1.12,1.75
2015.11.02 12:55:59.471,1.08807,1.08821,1.12,1.12
2015.11.02 12:56:02.108,1.08807,1.08822,1.50,2.62
2015.11.02 12:56:14.695,1.08808,1.08823,3.00,2.62
2015.11.02 12:56:16.212,1.08806,1.08821,3.00,1.87
2015.11.02 12:56:16.742,1.08808,1.08821,1.00,1.87
2015.11.02 12:56:17.406,1.08809,1.0882,1.00,1.75
2015.11.02 12:56:17.813,1.08808,1.08819,1.00,2.62
2015.11.02 12:56:17.865,1.08805,1.08818,1.12,1.75
2015.11.02 12:56:19.420,1.08805,1.08817,1.00,1.87
2015.11.02 12:56:19.931,1.08805,1.08818,1.50,1.12
2015.11.02 12:56:20.493,1.08806,1.08819,1.50,1.12
2015.11.02 12:56:21.244,1.08806,1.0882,1.12,1.87
2015.11.02 12:56:21.808,1.08805,1.08819,1.12,1.87
2015.11.02 12:56:22.623,1.08803,1.08816,1.00,1.12
2015.11.02 12:56:22.920,1.08804,1.08817,1.12,1.75
2015.11.02 12:56:25.409,1.08804,1.08817,1.00,1.87
2015.11.02 12:56:29.068,1.08802,1.08817,3.00,2.62
2015.11.02 12:56:29.880,1.08802,1.08816,1.87,1.12
2015.11.02 12:56:30.290,1.08804,1.08816,1.00,1.12
2015.11.02 12:56:30.801,1.08803,1.08816,1.00,1.12
2015.11.02 12:56:31.331,1.08802,1.08815,1.50,1.12
2015.11.02 12:56:31.638,1.088,1.08812,1.87,1.75
2015.11.02 12:56:32.188,1.08801,1.08813,1.00,1.87
2015.11.02 12:56:32.239,1.08799,1.08813,1.12,1.87
2015.11.02 12:56:32.830,1.08798,1.08812,1.87,1.12
2015.11.02 12:56:33.718,1.08805,1.08809,1.00,1.00
2015.11.02 12:56:33.769,1.08799,1.08812,1.00,1.12
2015.11.02 12:56:34.292,1.088,1.08813,1.00,1.12
2015.11.02 12:56:34.648,1.08798,1.08812,1.12,1.87
2015.11.02 12:56:35.055,1.088,1.08812,1.00,1.12
2015.11.02 12:56:35.574,1.08801,1.08813,1.00,1.12
2015.11.02 12:56:36.108,1.08805,1.08813,1.00,1.87
2015.11.02 12:56:36.210,1.08804,1.08813,1.00,1.87
2015.11.02 12:56:36.261,1.08805,1.08813,1.00,1.12
2015.11.02 12:56:36.363,1.08808,1.08816,1.00,1.12
2015.11.02 12:56:36.465,1.08808,1.08818,1.00,1.87
2015.11.02 12:56:36.516,1.0881,1.08818,1.00,1.87
2015.11.02 12:56:37.129,1.0881,1.0882,1.00,1.50
2015.11.02 12:56:37.231,1.08808,1.08822,1.87,1.87
2015.11.02 12:56:37.845,1.08808,1.08823,2.25,2.62
2015.11.02 12:56:38.490,1.0881,1.08823,1.00,1.12
2015.11.02 12:56:39.010,1.08808,1.08821,1.50,1.75
2015.11.02 12:56:39.522,1.08807,1.08821,3.00,1.75
2015.11.02 12:56:41.050,1.08809,1.08822,1.00,1.87
2015.11.02 12:56:41.270,1.08811,1.08823,1.00,1.87
2015.11.02 12:56:41.626,1.08809,1.08823,1.87,1.12
2015.11.02 12:56:42.339,1.08808,1.08822,1.87,2.62
2015.11.02 12:56:43.039,1.08808,1.0882,1.00,1.87
2015.11.02 12:56:43.090,1.08806,1.0882,1.12,1.87
2015.11.02 12:56:43.599,1.08804,1.08819,1.50,2.62
2015.11.02 12:56:44.398,1.08809,1.08819,1.00,1.12
2015.11.02 12:56:44.449,1.08809,1.0882,1.00,1.75
2015.11.02 12:56:44.989,1.08807,1.0882,1.87,1.75
2015.11.02 12:56:45.984,1.08809,1.08823,1.12,1.87
2015.11.02 12:56:46.498,1.08809,1.08824,2.25,2.62
2015.11.02 12:56:47.671,1.08809,1.08823,1.12,1.87
2015.11.02 12:56:50.147,1.08808,1.08822,1.50,1.12
2015.11.02 12:56:51.768,1.08806,1.08821,2.25,2.62
2015.11.02 12:56:52.278,1.08806,1.0882,1.12,1.87
2015.11.02 12:56:52.786,1.08806,1.0882,1.50,1.75
2015.11.02 12:56:53.667,1.08808,1.08819,1.12,1.50
2015.11.02 12:56:54.128,1.0881,1.0882,1.00,1.75
2015.11.02 12:56:54.179,1.08808,1.0882,1.00,1.75
2015.11.02 12:56:55.244,1.08808,1.08821,1.12,1.75
2015.11.02 12:56:55.805,1.08807,1.08819,1.12,1.75
2015.11.02 12:56:57.162,1.08807,1.08818,1.87,1.00
2015.11.02 12:56:58.178,1.08809,1.08819,1.12,1.00
2015.11.02 12:56:58.692,1.08808,1.08821,1.12,1.75
2015.11.02 12:57:01.775,1.08808,1.08819,1.37,1.00
2015.11.02 12:57:12.766,1.08811,1.08822,1.00,1.75
2015.11.02 12:57:13.074,1.08814,1.08824,1.00,1.87
2015.11.02 12:57:13.278,1.08812,1.08824,1.00,1.87
2015.11.02 12:57:13.434,1.08815,1.08825,1.00,1.87
2015.11.02 12:57:13.536,1.08811,1.08825,2.25,2.25
2015.11.02 12:57:13.742,1.08809,1.08823,1.87,2.62
2015.11.02 12:57:14.367,1.08808,1.08822,3.00,1.12
2015.11.02 12:57:14.675,1.08807,1.0882,1.50,2.62
2015.11.02 12:57:15.185,1.08808,1.08819,1.00,1.75
2015.11.02 12:57:15.851,1.08809,1.0882,1.12,1.50
2015.11.02 12:57:16.362,1.0881,1.0882,1.00,1.50
2015.11.02 12:57:18.366,1.08809,1.08822,1.12,1.75
2015.11.02 12:57:18.417,1.08808,1.0882,1.50,1.12
2015.11.02 12:57:18.772,1.0881,1.0882,1.50,1.12
2015.11.02 12:57:19.398,1.08812,1.08821,1.00,1.12
2015.11.02 12:57:19.550,1.0881,1.08821,1.50,1.12
2015.11.02 12:57:20.056,1.0881,1.08822,1.50,1.12
2015.11.02 12:57:21.156,1.08809,1.08821,1.00,1.87
2015.11.02 12:57:21.670,1.08809,1.0882,1.00,1.87
2015.11.02 12:57:22.775,1.0881,1.0882,1.00,1.87
2015.11.02 12:57:23.169,1.08808,1.0882,1.00,1.87
2015.11.02 12:57:23.678,1.08809,1.08819,1.00,1.75
2015.11.02 12:57:24.377,1.08808,1.08819,2.25,1.75
2015.11.02 12:57:24.888,1.08808,1.0882,2.25,1.12
2015.11.02 12:57:25.854,1.08809,1.08821,1.00,1.12
2015.11.02 12:57:26.363,1.08807,1.0882,1.12,1.75
2015.11.02 12:57:27.131,1.08805,1.08819,1.50,2.25
2015.11.02 12:57:27.233,1.08804,1.08818,1.12,2.62
2015.11.02 12:57:28.069,1.08804,1.08816,1.00,1.75
2015.11.02 12:57:29.059,1.08805,1.08816,1.00,1.75
2015.11.02 12:57:29.366,1.08809,1.08818,1.00,1.12
2015.11.02 12:57:29.468,1.08808,1.0882,1.00,1.12
2015.11.02 12:57:30.040,1.08807,1.08819,1.00,1.87
2015.11.02 12:57:30.091,1.08809,1.08819,1.00,1.87
2015.11.02 12:57:30.143,1.08806,1.08819,1.50,1.87
2015.11.02 12:57:30.855,1.0881,1.0882,1.00,1.87
2015.11.02 12:57:31.425,1.08809,1.08822,1.00,1.87
2015.11.02 12:57:31.477,1.08807,1.08819,1.00,1.75
2015.11.02 12:57:31.987,1.08808,1.0882,1.00,1.87
2015.11.02 12:57:33.512,1.08806,1.08819,1.12,1.75
2015.11.02 12:57:34.023,1.08806,1.08818,1.50,1.75
2015.11.02 12:57:35.576,1.08806,1.08818,1.12,1.75
2015.11.02 12:57:37.384,1.08808,1.08818,1.00,1.75
2015.11.02 12:57:37.892,1.08807,1.08819,1.50,1.75
2015.11.02 12:57:38.427,1.08808,1.0882,1.00,1.87
2015.11.02 12:57:38.479,1.08808,1.08821,1.12,1.75
2015.11.02 12:57:38.987,1.08808,1.08821,1.00,1.87
2015.11.02 12:57:39.139,1.08806,1.08815,1.50,1.00
2015.11.02 12:57:39.292,1.088,1.08813,1.75,1.12
2015.11.02 12:57:39.671,1.08801,1.08812,1.50,1.75
2015.11.02 12:57:40.179,1.088,1.08812,1.00,1.75
2015.11.02 12:57:40.702,1.08799,1.08812,1.12,1.75
2015.11.02 12:57:41.252,1.08798,1.08811,1.12,1.75
2015.11.02 12:57:41.785,1.08798,1.0881,1.00,1.75
2015.11.02 12:57:47.238,1.08799,1.08811,1.00,1.12
2015.11.02 12:57:47.492,1.08799,1.08813,1.12,2.62
2015.11.02 12:57:49.046,1.088,1.08813,1.00,1.12
2015.11.02 12:57:50.206,1.088,1.08814,1.12,2.62
2015.11.02 12:57:51.660,1.08802,1.08814,1.00,1.12
2015.11.02 12:57:51.816,1.08802,1.08815,1.12,1.75
2015.11.02 12:57:52.325,1.08803,1.08816,1.00,1.87
2015.11.02 12:57:52.426,1.08805,1.08817,1.00,2.62
2015.11.02 12:57:53.381,1.08803,1.08816,1.12,2.25
2015.11.02 12:57:56.179,1.08805,1.08817,1.50,1.75
2015.11.02 12:57:56.487,1.08807,1.08817,1.00,1.75
2015.11.02 12:57:56.794,1.08809,1.08817,1.50,1.12
2015.11.02 12:57:57.285,1.08815,1.08819,1.00,2.62
2015.11.02 12:57:57.594,1.08817,1.08824,1.00,1.12
2015.11.02 12:57:57.647,1.08815,1.08824,1.00,1.12
2015.11.02 12:57:59.059,1.0882,1.08824,1.00,1.12
2015.11.02 12:57:59.162,1.08817,1.08828,1.00,1.12
2015.11.02 12:57:59.519,1.08817,1.0883,1.00,1.12
2015.11.02 12:57:59.621,1.08819,1.0883,1.00,1.12
2015.11.02 12:57:59.672,1.08817,1.0883,1.50,1.12
2015.11.02 12:58:00.293,1.08818,1.08829,1.87,1.50
2015.11.02 12:58:00.395,1.0882,1.08829,1.00,1.50
2015.11.02 12:58:00.904,1.0882,1.08829,1.00,1.12
2015.11.02 12:58:01.867,1.08819,1.08829,1.12,1.12
2015.11.02 12:58:02.377,1.08818,1.08829,1.87,1.50
2015.11.02 12:58:03.158,1.08819,1.0883,1.50,1.75
2015.11.02 12:58:03.670,1.08818,1.0883,1.00,1.75
2015.11.02 12:58:04.214,1.08819,1.0883,1.00,1.75
2015.11.02 12:58:04.825,1.08818,1.0883,1.12,1.75
2015.11.02 12:58:05.738,1.08817,1.0883,1.87,2.25
2015.11.02 12:58:06.346,1.08815,1.08829,3.00,2.25
2015.11.02 12:58:06.673,1.08815,1.08829,3.00,1.75
2015.11.02 12:58:08.393,1.08814,1.08825,2.25,1.00
2015.11.02 12:58:08.731,1.08814,1.08825,1.87,1.50
2015.11.02 12:58:09.294,1.08816,1.08827,1.00,1.75
2015.11.02 12:58:09.551,1.08816,1.08829,2.25,1.75
2015.11.02 12:58:10.061,1.08816,1.08829,1.12,1.75
2015.11.02 12:58:13.049,1.08814,1.08827,1.87,1.75
2015.11.02 12:58:13.764,1.08815,1.08827,1.00,1.75
2015.11.02 12:58:14.353,1.08816,1.08827,1.00,1.75
2015.11.02 12:58:16.511,1.08815,1.08828,1.50,1.12
2015.11.02 12:58:18.313,1.08816,1.08828,1.00,1.87
2015.11.02 12:58:19.928,1.08815,1.08828,1.00,1.87
2015.11.02 12:58:20.437,1.08816,1.08827,1.00,2.25
2015.11.02 12:58:21.142,1.08816,1.08827,1.00,1.87
2015.11.02 12:58:21.193,1.08816,1.0883,2.62,1.87
2015.11.02 12:58:21.652,1.08822,1.0883,1.00,1.12
2015.11.02 12:58:22.419,1.08822,1.08829,1.00,1.75
2015.11.02 12:58:24.584,1.08821,1.08829,1.00,1.87
2015.11.02 12:58:24.737,1.08821,1.08828,1.00,1.75
2015.11.02 12:58:24.789,1.08818,1.08826,1.00,1.12
2015.11.02 12:58:25.311,1.08818,1.08827,1.00,1.75
2015.11.02 12:58:25.708,1.08818,1.08826,1.00,1.12
2015.11.02 12:58:25.810,1.08819,1.08828,1.00,1.87
2015.11.02 12:58:26.166,1.08817,1.08827,1.00,1.12
2015.11.02 12:58:26.420,1.08819,1.08827,1.00,1.12
2015.11.02 12:58:27.094,1.08819,1.08827,1.00,1.75
2015.11.02 12:58:27.603,1.08818,1.08828,1.00,1.87
2015.11.02 12:58:28.357,1.08817,1.08825,1.00,1.00
2015.11.02 12:58:28.866,1.08817,1.08828,1.00,1.87
2015.11.02 12:58:29.374,1.08817,1.08829,1.00,3.37
2015.11.02 12:58:30.223,1.08817,1.08828,1.00,3.37
2015.11.02 12:58:32.836,1.08817,1.08828,1.00,3.00
2015.11.02 12:58:34.700,1.08817,1.08825,1.00,1.50
2015.11.02 12:58:35.164,1.08814,1.08825,3.00,1.12
2015.11.02 12:58:35.216,1.08814,1.08824,1.00,1.75
2015.11.02 12:58:35.978,1.08813,1.08822,1.00,1.50
2015.11.02 12:58:38.021,1.08811,1.0882,1.00,1.75
2015.11.02 12:58:38.073,1.08809,1.08819,1.00,1.75
2015.11.02 12:58:38.278,1.08811,1.08821,1.00,2.62
2015.11.02 12:58:41.833,1.08811,1.08822,1.50,2.62
2015.11.02 12:58:42.359,1.08812,1.08822,1.50,1.12
2015.11.02 12:58:43.502,1.08811,1.08823,1.50,2.62
2015.11.02 12:58:43.808,1.08814,1.08824,1.00,1.12
2015.11.02 12:58:44.062,1.08815,1.08827,1.00,2.25
2015.11.02 12:58:44.613,1.08816,1.08827,1.00,1.75
2015.11.02 12:58:45.375,1.08815,1.08827,2.25,1.75
2015.11.02 12:58:45.478,1.08817,1.08829,1.00,2.25
2015.11.02 12:58:46.083,1.08816,1.08828,1.00,2.25
2015.11.02 12:58:46.592,1.08815,1.08828,1.12,2.25
2015.11.02 12:58:47.102,1.08816,1.08828,1.00,1.75
2015.11.02 12:58:47.676,1.08817,1.08828,1.00,1.75
2015.11.02 12:58:48.286,1.08816,1.08829,1.00,2.62
2015.11.02 12:58:49.356,1.08816,1.08826,1.12,1.00
2015.11.02 12:58:50.172,1.08815,1.08827,1.12,1.75
2015.11.02 12:58:50.697,1.08814,1.08826,1.12,1.50
2015.11.02 12:58:51.215,1.08812,1.08825,3.00,1.75
2015.11.02 12:58:51.977,1.08812,1.08824,1.00,1.12
2015.11.02 12:58:52.492,1.08811,1.08824,1.50,1.87
2015.11.02 12:58:56.910,1.08814,1.08824,1.00,1.87
2015.11.02 12:58:57.214,1.08817,1.08825,1.00,1.12
2015.11.02 12:58:57.520,1.08818,1.08828,1.00,1.75
2015.11.02 12:58:58.461,1.08819,1.08828,1.00,1.75
2015.11.02 12:58:58.513,1.08821,1.08828,1.00,1.75
2015.11.02 12:58:58.823,1.08823,1.08827,1.00,1.00
2015.11.02 12:58:59.130,1.0882,1.08831,1.00,1.12
2015.11.02 12:58:59.233,1.08817,1.0883,3.00,1.12
2015.11.02 12:58:59.608,1.08816,1.08828,1.00,1.87
2015.11.02 12:58:59.711,1.08813,1.08826,2.25,1.75
2015.11.02 12:59:00.220,1.08813,1.08825,1.12,1.50
2015.11.02 12:59:00.926,1.08814,1.08826,1.00,2.62
2015.11.02 12:59:01.231,1.08816,1.08826,1.00,1.12
2015.11.02 12:59:01.740,1.08816,1.08827,1.00,1.12
2015.11.02 12:59:02.276,1.08815,1.08827,1.00,1.12
2015.11.02 12:59:02.718,1.08819,1.08827,1.00,1.12
2015.11.02 12:59:02.922,1.08819,1.08829,1.00,1.12
2015.11.02 12:59:03.433,1.08818,1.08829,1.00,1.12
2015.11.02 12:59:03.777,1.0882,1.08829,1.00,1.12
2015.11.02 12:59:04.459,1.08821,1.08829,1.00,1.12
2015.11.02 12:59:04.764,1.08819,1.08831,1.00,1.12
2015.11.02 12:59:06.121,1.0882,1.08831,1.00,1.12
2015.11.02 12:59:06.832,1.08819,1.08831,1.00,1.12
2015.11.02 12:59:07.436,1.08819,1.08828,1.00,1.00
2015.11.02 12:59:08.291,1.08821,1.08832,1.00,2.05
2015.11.02 12:59:08.837,1.0882,1.08832,1.00,2.47
2015.11.02 12:59:09.541,1.08819,1.08832,1.00,2.47
2015.11.02 12:59:11.148,1.0882,1.08829,1.00,1.00
2015.11.02 12:59:11.551,1.08817,1.08828,2.25,1.12
2015.11.02 12:59:13.881,1.08819,1.08831,1.00,2.25
2015.11.02 12:59:14.187,1.08821,1.08832,1.00,1.75
2015.11.02 12:59:14.703,1.0882,1.08832,1.12,1.75
2015.11.02 12:59:15.807,1.0882,1.08832,2.25,2.10
2015.11.02 12:59:16.376,1.0882,1.08833,1.50,2.85
2015.11.02 12:59:21.819,1.08818,1.08831,2.25,1.75
2015.11.02 12:59:24.192,1.0882,1.08832,1.00,1.75
2015.11.02 12:59:24.627,1.08818,1.08829,1.12,1.50
2015.11.02 12:59:28.593,1.08817,1.08829,1.50,1.50
2015.11.02 12:59:29.326,1.08815,1.08828,1.12,1.75
2015.11.02 12:59:30.333,1.08816,1.08828,1.00,1.75
2015.11.02 12:59:31.244,1.08816,1.08829,2.25,1.75
2015.11.02 12:59:31.826,1.08816,1.08828,1.37,2.25
2015.11.02 12:59:31.878,1.08814,1.08828,2.25,2.25
2015.11.02 12:59:32.395,1.08814,1.08826,1.12,1.75
2015.11.02 12:59:33.355,1.08814,1.08823,1.12,1.00
2015.11.02 12:59:33.509,1.08813,1.08821,1.00,1.00
2015.11.02 12:59:33.663,1.08807,1.08821,1.50,2.25
2015.11.02 12:59:34.219,1.08808,1.08822,1.50,1.75
2015.11.02 12:59:36.112,1.08806,1.0882,1.75,1.50
2015.11.02 12:59:36.621,1.08805,1.08819,1.75,1.75
2015.11.02 12:59:37.228,1.0881,1.08821,1.00,1.75
2015.11.02 12:59:37.335,1.0881,1.08824,2.25,1.75
2015.11.02 12:59:37.386,1.08813,1.08824,1.00,1.75
2015.11.02 12:59:37.641,1.08811,1.08824,1.12,1.75
2015.11.02 12:59:38.928,1.08812,1.08825,1.00,1.87
2015.11.02 12:59:39.133,1.08812,1.08823,2.62,1.00
2015.11.02 12:59:39.338,1.08815,1.08827,1.00,2.25
2015.11.02 12:59:40.300,1.08813,1.08827,1.50,2.25
2015.11.02 12:59:40.607,1.08813,1.08824,1.00,1.75
2015.11.02 12:59:42.760,1.08811,1.08824,2.25,1.75
2015.11.02 12:59:43.517,1.08809,1.08823,3.00,1.75
2015.11.02 12:59:45.503,1.08812,1.08823,1.00,1.75
2015.11.02 12:59:45.960,1.0881,1.08823,1.12,1.75
2015.11.02 12:59:47.363,1.08812,1.08823,1.00,1.75
2015.11.02 12:59:47.516,1.08809,1.08822,1.50,1.75
2015.11.02 12:59:48.546,1.08809,1.08821,1.12,1.75
2015.11.02 12:59:54.620,1.08814,1.08822,1.00,1.75
2015.11.02 12:59:54.671,1.08811,1.08822,1.00,1.75
2015.11.02 12:59:54.723,1.08815,1.08822,1.00,1.75
2015.11.02 12:59:55.059,1.08811,1.08824,1.87,1.87
2015.11.02 12:59:55.586,1.08811,1.08824,1.87,1.75
2015.11.02 12:59:56.145,1.0881,1.08822,1.87,2.25
2015.11.02 12:59:56.665,1.0881,1.08822,1.12,1.75
2015.11.02 12:59:57.174,1.08808,1.08821,1.50,1.75
2015.11.02 12:59:58.706,1.08812,1.08821,1.00,1.75
2015.11.02 12:59:58.810,1.08808,1.08821,3.00,1.75
2015.11.02 12:59:59.168,1.08811,1.08819,1.00,1.00
2015.11.02 12:59:59.672,1.08811,1.08821,1.00,1.75
