2014.03.26 20:00:00.117,1.21989,1.21996,1.50,1.57
2014.03.26 20:00:00.626,1.21989,1.21996,1.50,1.57
2014.03.26 20:00:02.358,1.21989,1.21995,1.50,1.57
2014.03.26 20:00:02.968,1.21989,1.21996,1.50,1.19
2014.03.26 20:00:03.374,1.21989,1.21998,2.25,2.07
2014.03.26 20:00:05.704,1.21989,1.21998,2.25,2.07
2014.03.26 20:00:06.211,1.21989,1.21998,2.25,2.89
2014.03.26 20:00:06.515,1.2199,1.21999,1.69,1.38
2014.03.26 20:00:07.049,1.2199,1.21998,1.00,1.57
2014.03.26 20:00:07.564,1.21989,1.21998,2.44,2.07
2014.03.26 20:00:09.475,1.21989,1.21998,2.44,3.57
2014.03.26 20:00:10.235,1.21989,1.21996,1.69,1.32
2014.03.26 20:00:10.740,1.21989,1.21996,1.69,1.63
2014.03.26 20:00:12.979,1.21989,1.21997,1.69,2.07
2014.03.26 20:00:16.923,1.21989,1.21995,1.69,1.00
2014.03.26 20:00:19.376,1.21988,1.21995,1.50,1.25
2014.03.26 20:00:19.881,1.21988,1.21994,1.50,1.69
2014.03.26 20:00:20.396,1.21988,1.21994,1.50,2.44
2014.03.26 20:00:21.431,1.21988,1.21994,1.50,2.82
2014.03.26 20:00:23.419,1.21985,1.21993,1.50,1.69
2014.03.26 20:00:26.051,1.21988,1.21993,1.50,1.25
2014.03.26 20:00:28.031,1.21985,1.21993,1.19,1.32
2014.03.26 20:00:28.269,1.21981,1.21991,2.82,1.25
2014.03.26 20:00:28.575,1.21979,1.2199,1.57,1.00
2014.03.26 20:00:30.685,1.2198,1.2199,1.69,1.32
2014.03.26 20:00:31.719,1.2198,1.2199,1.69,1.63
2014.03.26 20:00:33.019,1.2198,1.21989,1.50,1.32
2014.03.26 20:00:33.120,1.2198,1.21988,1.50,1.19
2014.03.26 20:00:34.576,1.21978,1.21988,1.00,1.32
2014.03.26 20:00:35.111,1.21978,1.21987,1.00,1.19
2014.03.26 20:00:37.371,1.21977,1.21986,1.50,1.19
2014.03.26 20:00:38.022,1.21977,1.21985,1.50,1.19
2014.03.26 20:00:40.475,1.21977,1.21985,1.50,1.19
2014.03.26 20:00:40.803,1.21975,1.21982,2.25,1.00
2014.03.26 20:00:41.341,1.21975,1.21982,1.50,1.69
2014.03.26 20:00:42.492,1.21975,1.21982,1.50,1.69
2014.03.26 20:00:43.103,1.21972,1.21976,1.25,1.30
2014.03.26 20:00:43.154,1.2197,1.21975,1.00,1.38
2014.03.26 20:00:43.205,1.21968,1.21972,1.25,1.00
2014.03.26 20:00:43.306,1.21963,1.21972,1.59,1.13
2014.03.26 20:00:43.357,1.21963,1.21969,1.25,1.00
2014.03.26 20:00:43.660,1.21968,1.21974,1.50,1.00
2014.03.26 20:00:48.042,1.2197,1.21977,2.50,1.88
2014.03.26 20:00:48.143,1.21969,1.21978,1.00,1.57
2014.03.26 20:00:48.345,1.21968,1.21974,1.50,1.00
2014.03.26 20:00:49.796,1.21963,1.21972,1.19,1.00
2014.03.26 20:00:49.897,1.21963,1.21967,1.00,1.00
2014.03.26 20:00:49.948,1.21959,1.21967,2.07,1.00
2014.03.26 20:00:50.642,1.21958,1.21966,1.19,1.13
2014.03.26 20:00:50.912,1.2196,1.21968,1.00,1.50
2014.03.26 20:00:51.429,1.2196,1.21968,1.25,1.19
2014.03.26 20:01:00.714,1.2196,1.21968,1.19,1.25
2014.03.26 20:01:06.761,1.2196,1.21968,1.00,1.69
2014.03.26 20:01:15.981,1.2196,1.21967,1.00,1.19
2014.03.26 20:01:28.090,1.2196,1.21968,1.25,2.44
2014.03.26 20:01:40.770,1.2196,1.21968,1.00,1.69
2014.03.26 20:01:42.783,1.2196,1.21968,1.25,1.25
2014.03.26 20:01:44.592,1.2196,1.21968,1.00,1.19
2014.03.26 20:02:07.269,1.21959,1.21968,1.88,1.19
2014.03.26 20:02:15.135,1.21958,1.21967,1.00,2.44
2014.03.26 20:02:15.186,1.21958,1.21967,1.00,3.19
2014.03.26 20:02:19.629,1.21957,1.21965,1.00,1.25
2014.03.26 20:02:20.733,1.21957,1.21962,1.00,1.00
2014.03.26 20:02:24.059,1.21958,1.21962,1.00,1.00
2014.03.26 20:02:24.363,1.21958,1.21963,1.00,1.00
2014.03.26 20:02:24.515,1.21957,1.21963,2.25,1.00
2014.03.26 20:02:25.037,1.21958,1.21963,1.00,1.50
2014.03.26 20:02:25.751,1.21958,1.21963,1.00,1.19
2014.03.26 20:02:26.590,1.21957,1.21963,1.50,1.69
2014.03.26 20:02:27.097,1.21958,1.21963,1.00,1.19
2014.03.26 20:02:28.085,1.21958,1.21965,1.00,1.69
2014.03.26 20:02:29.268,1.21958,1.21964,1.00,1.19
2014.03.26 20:02:37.205,1.21957,1.21963,1.50,1.19
2014.03.26 20:02:38.669,1.21956,1.2196,1.00,1.50
2014.03.26 20:02:38.720,1.21952,1.21957,1.13,1.00
2014.03.26 20:02:38.872,1.2195,1.21957,1.19,1.50
2014.03.26 20:02:38.974,1.21948,1.21957,3.57,2.25
2014.03.26 20:02:39.277,1.21953,1.21958,1.50,1.25
2014.03.26 20:02:44.563,1.21953,1.21958,2.25,1.19
2014.03.26 20:02:45.068,1.21953,1.2196,2.25,1.69
2014.03.26 20:02:55.243,1.21953,1.21959,2.25,1.19
2014.03.26 20:02:56.209,1.21953,1.2196,2.25,1.69
2014.03.26 20:02:59.775,1.21953,1.21961,2.25,1.69
2014.03.26 20:03:01.276,1.21953,1.2196,2.25,1.19
2014.03.26 20:03:02.760,1.21953,1.21961,2.25,1.69
2014.03.26 20:03:10.838,1.21953,1.21962,2.44,2.82
2014.03.26 20:03:13.089,1.21953,1.21961,2.25,1.19
2014.03.26 20:03:14.539,1.21953,1.21962,2.25,2.82
2014.03.26 20:03:17.956,1.21953,1.21961,2.25,1.19
2014.03.26 20:03:23.131,1.21953,1.2196,2.25,1.19
2014.03.26 20:03:23.774,1.21953,1.21961,2.25,1.19
2014.03.26 20:03:27.569,1.21953,1.21962,2.44,3.19
2014.03.26 20:03:28.727,1.21953,1.21961,2.25,1.19
2014.03.26 20:03:29.907,1.21953,1.21962,2.25,2.25
2014.03.26 20:03:39.358,1.21953,1.21959,1.50,1.00
2014.03.26 20:03:39.511,1.2195,1.21959,3.38,1.00
2014.03.26 20:03:44.255,1.2195,1.21959,3.19,1.69
2014.03.26 20:03:46.907,1.2195,1.21958,2.25,1.19
2014.03.26 20:03:48.025,1.2195,1.21959,3.19,1.69
2014.03.26 20:03:53.721,1.2195,1.21959,3.00,1.19
2014.03.26 20:04:10.419,1.21953,1.2196,1.00,1.19
2014.03.26 20:04:21.658,1.21953,1.21959,2.25,1.19
2014.03.26 20:04:23.983,1.21953,1.21959,2.25,1.19
2014.03.26 20:04:25.975,1.21953,1.2196,2.25,1.19
2014.03.26 20:04:32.867,1.21953,1.21961,2.25,1.69
2014.03.26 20:04:33.919,1.21953,1.2196,2.25,1.19
2014.03.26 20:04:39.220,1.21953,1.21958,2.25,1.19
2014.03.26 20:04:41.002,1.21953,1.2196,2.25,1.19
2014.03.26 20:04:47.014,1.21953,1.21959,2.25,1.19
2014.03.26 20:04:48.241,1.2195,1.21958,1.38,1.19
2014.03.26 20:04:56.058,1.21953,1.21959,2.25,1.19
2014.03.26 20:05:02.861,1.2195,1.21958,1.38,1.19
2014.03.26 20:05:05.808,1.21953,1.21959,2.25,1.19
2014.03.26 20:05:19.256,1.2195,1.21957,1.00,1.19
2014.03.26 20:05:26.681,1.2195,1.21956,1.00,1.19
2014.03.26 20:05:37.693,1.21953,1.21958,1.50,1.00
2014.03.26 20:05:41.710,1.21953,1.21958,1.50,1.19
2014.03.26 20:05:47.382,1.21953,1.21962,1.50,2.14
2014.03.26 20:05:47.585,1.21956,1.21964,1.50,1.69
2014.03.26 20:05:48.787,1.21956,1.21965,1.50,1.69
2014.03.26 20:05:56.832,1.21956,1.21966,1.50,2.82
2014.03.26 20:06:00.840,1.21956,1.21965,1.50,1.19
2014.03.26 20:06:04.531,1.21956,1.21961,1.50,1.00
2014.03.26 20:06:54.583,1.21956,1.21961,1.50,1.19
2014.03.26 20:06:55.786,1.2195,1.21959,2.07,1.00
2014.03.26 20:06:55.887,1.21953,1.2196,2.25,1.25
2014.03.26 20:06:56.090,1.21956,1.21961,1.50,1.69
2014.03.26 20:06:56.915,1.21953,1.21961,2.25,1.69
2014.03.26 20:06:57.119,1.21956,1.21961,1.50,1.69
2014.03.26 20:07:03.909,1.21956,1.21961,1.50,1.00
2014.03.26 20:07:14.273,1.21956,1.21961,1.50,1.19
2014.03.26 20:07:16.205,1.21956,1.21961,1.50,1.00
2014.03.26 20:07:21.723,1.21956,1.21961,1.50,1.69
2014.03.26 20:07:23.289,1.21951,1.21961,1.88,1.69
2014.03.26 20:07:26.799,1.21956,1.21961,1.50,1.00
2014.03.26 20:08:00.690,1.21956,1.21961,1.50,1.19
2014.03.26 20:08:01.778,1.21956,1.21961,1.50,1.00
2014.03.26 20:08:02.006,1.21953,1.21961,2.25,1.00
2014.03.26 20:08:03.371,1.21953,1.21961,2.25,1.69
2014.03.26 20:08:03.422,1.21956,1.21961,1.50,1.69
2014.03.26 20:08:03.959,1.21956,1.21961,1.50,1.00
2014.03.26 20:08:14.623,1.21957,1.21961,1.00,1.00
2014.03.26 20:08:17.728,1.21958,1.21964,1.50,1.32
2014.03.26 20:08:18.266,1.21959,1.21964,1.00,1.32
2014.03.26 20:08:20.413,1.21958,1.21966,2.25,2.07
2014.03.26 20:08:20.954,1.21959,1.21966,1.00,2.44
2014.03.26 20:08:27.294,1.21958,1.21966,1.50,2.44
2014.03.26 20:08:29.484,1.21959,1.21965,1.00,1.38
2014.03.26 20:08:30.163,1.21958,1.21965,1.50,1.38
2014.03.26 20:08:31.270,1.21957,1.21961,1.00,1.00
2014.03.26 20:08:32.092,1.21956,1.21961,2.25,1.00
2014.03.26 20:09:28.812,1.21958,1.21965,1.00,1.38
2014.03.26 20:10:18.421,1.21957,1.21961,2.63,1.00
2014.03.26 20:10:18.927,1.21958,1.21965,1.00,1.38
2014.03.26 20:10:44.415,1.21956,1.21961,2.25,1.00
2014.03.26 20:10:53.251,1.21952,1.21961,1.00,1.13
2014.03.26 20:10:53.773,1.21956,1.21961,1.50,1.13
2014.03.26 20:11:08.064,1.21958,1.21964,1.00,1.13
2014.03.26 20:11:08.571,1.21959,1.21966,1.00,1.13
2014.03.26 20:11:09.844,1.2196,1.21966,1.00,1.00
2014.03.26 20:11:10.951,1.21961,1.21966,1.00,1.00
2014.03.26 20:11:14.352,1.2196,1.21966,1.00,1.00
2014.03.26 20:11:14.912,1.21959,1.21967,1.00,1.00
2014.03.26 20:11:15.759,1.2196,1.21967,1.00,1.00
2014.03.26 20:11:16.383,1.21961,1.21967,1.00,1.00
2014.03.26 20:11:16.484,1.21958,1.21967,1.84,1.00
2014.03.26 20:11:16.858,1.2196,1.21967,1.00,1.00
2014.03.26 20:11:17.263,1.21958,1.21967,1.84,1.00
2014.03.26 20:11:23.509,1.21961,1.21967,1.00,1.00
2014.03.26 20:11:30.502,1.2196,1.21965,1.00,1.38
2014.03.26 20:11:30.604,1.21958,1.21965,2.25,1.38
2014.03.26 20:11:32.692,1.21959,1.21965,1.00,1.38
2014.03.26 20:11:47.523,1.21958,1.21965,1.50,1.38
2014.03.26 20:11:48.622,1.2196,1.21965,1.00,1.38
2014.03.26 20:11:48.723,1.21958,1.21965,1.50,1.38
2014.03.26 20:11:56.848,1.21959,1.21965,1.00,1.38
2014.03.26 20:12:03.513,1.21958,1.21965,2.25,1.38
2014.03.26 20:12:03.715,1.2196,1.21965,1.00,1.38
2014.03.26 20:12:03.867,1.21958,1.21965,1.50,1.38
2014.03.26 20:12:07.541,1.21959,1.21965,1.00,1.38
2014.03.26 20:12:08.049,1.2196,1.21965,1.00,1.38
2014.03.26 20:12:08.573,1.21959,1.21965,1.00,1.38
2014.03.26 20:12:10.448,1.2196,1.21965,1.00,1.38
2014.03.26 20:12:11.944,1.21957,1.21961,1.50,1.00
2014.03.26 20:12:30.596,1.21957,1.21961,1.50,1.00
2014.03.26 20:12:33.872,1.21953,1.21961,1.50,1.00
2014.03.26 20:12:59.500,1.21953,1.2196,1.50,1.00
2014.03.26 20:12:59.602,1.21953,1.21957,1.50,1.00
2014.03.26 20:12:59.654,1.21948,1.21957,2.25,1.00
2014.03.26 20:12:59.959,1.21948,1.21959,1.50,1.13
2014.03.26 20:13:00.060,1.2195,1.21959,1.50,1.38
2014.03.26 20:13:00.604,1.2195,1.21958,1.50,1.00
2014.03.26 20:13:01.110,1.2195,1.21957,1.50,1.00
2014.03.26 20:13:01.415,1.2195,1.21959,1.50,1.13
2014.03.26 20:13:05.152,1.2195,1.21955,1.50,1.00
2014.03.26 20:13:05.253,1.2195,1.21959,1.50,1.13
2014.03.26 20:13:08.451,1.2195,1.21961,1.50,1.88
2014.03.26 20:13:08.872,1.21953,1.21961,1.50,1.50
2014.03.26 20:13:13.629,1.21953,1.21961,1.50,2.63
2014.03.26 20:13:13.781,1.21949,1.21957,1.00,1.00
2014.03.26 20:13:18.462,1.21948,1.21957,2.25,1.00
2014.03.26 20:13:18.765,1.21948,1.21955,1.50,1.00
2014.03.26 20:13:21.883,1.21946,1.21955,2.25,1.88
2014.03.26 20:13:22.092,1.21948,1.21955,1.50,2.63
2014.03.26 20:13:22.950,1.21948,1.21955,1.50,1.88
2014.03.26 20:13:23.052,1.21948,1.21955,1.50,1.50
2014.03.26 20:13:25.691,1.21948,1.21957,2.25,2.63
2014.03.26 20:13:29.469,1.21948,1.21957,2.25,1.50
2014.03.26 20:13:29.571,1.21949,1.21955,1.50,1.00
2014.03.26 20:13:31.869,1.21949,1.21957,1.50,1.00
2014.03.26 20:13:34.590,1.21949,1.21956,1.50,1.00
2014.03.26 20:13:34.691,1.21949,1.21954,1.50,1.00
2014.03.26 20:13:34.793,1.21949,1.21956,1.50,1.50
2014.03.26 20:13:49.405,1.21949,1.21955,1.50,1.00
2014.03.26 20:13:49.507,1.21947,1.21955,1.13,1.00
2014.03.26 20:13:49.609,1.21953,1.21961,1.50,2.44
2014.03.26 20:13:50.115,1.21953,1.21961,1.50,2.25
2014.03.26 20:13:51.450,1.21953,1.21961,1.50,1.50
2014.03.26 20:13:52.243,1.21953,1.21961,1.50,1.88
2014.03.26 20:13:52.760,1.21953,1.21961,1.88,1.00
2014.03.26 20:13:52.862,1.21957,1.21961,1.50,1.00
2014.03.26 20:13:53.368,1.21957,1.21963,1.50,1.00
2014.03.26 20:13:53.925,1.21958,1.21968,1.00,1.88
2014.03.26 20:13:53.976,1.21958,1.2197,1.13,3.83
2014.03.26 20:13:54.489,1.21958,1.2197,1.00,3.38
2014.03.26 20:13:54.642,1.21958,1.2197,1.00,3.38
2014.03.26 20:13:55.156,1.21958,1.2197,1.00,2.63
2014.03.26 20:13:55.257,1.21958,1.2197,1.38,2.25
2014.03.26 20:13:55.762,1.21958,1.2197,1.13,3.38
2014.03.26 20:14:02.841,1.21958,1.2197,1.00,3.38
2014.03.26 20:14:04.056,1.21958,1.2197,1.00,3.38
2014.03.26 20:14:05.658,1.21958,1.21968,1.00,1.00
2014.03.26 20:14:09.450,1.21958,1.21968,1.00,1.38
2014.03.26 20:14:15.400,1.21958,1.21965,1.00,1.00
2014.03.26 20:14:18.442,1.21958,1.21967,1.00,1.13
2014.03.26 20:14:26.818,1.21959,1.21969,1.00,2.25
2014.03.26 20:14:27.323,1.2196,1.21969,1.00,1.88
2014.03.26 20:14:28.473,1.21959,1.21969,1.00,2.07
2014.03.26 20:14:28.984,1.21958,1.21969,1.00,2.07
2014.03.26 20:14:30.546,1.21958,1.21966,1.00,1.00
2014.03.26 20:14:37.548,1.21958,1.21968,1.00,1.63
2014.03.26 20:14:38.054,1.21958,1.21966,1.00,1.00
2014.03.26 20:14:48.835,1.21957,1.21966,1.50,1.00
2014.03.26 20:14:49.266,1.21957,1.21968,2.25,1.00
2014.03.26 20:14:49.773,1.21958,1.21968,1.00,1.13
2014.03.26 20:15:02.416,1.21958,1.21969,1.00,1.13
2014.03.26 20:15:05.902,1.21958,1.21969,1.38,1.00
2014.03.26 20:15:06.415,1.21958,1.21969,1.13,1.00
2014.03.26 20:15:09.339,1.21959,1.21969,1.00,1.00
2014.03.26 20:15:10.073,1.21959,1.2197,1.00,1.13
2014.03.26 20:15:11.379,1.21959,1.2197,1.00,1.38
2014.03.26 20:15:11.912,1.21959,1.2197,1.00,1.63
2014.03.26 20:15:13.428,1.21958,1.21969,1.00,1.13
2014.03.26 20:15:13.948,1.21957,1.21969,2.25,1.13
2014.03.26 20:15:18.172,1.21957,1.21968,2.25,1.00
2014.03.26 20:15:30.471,1.21957,1.21968,1.50,1.38
2014.03.26 20:15:49.821,1.21957,1.21966,1.50,1.00
2014.03.26 20:15:50.074,1.21957,1.21968,1.50,1.88
2014.03.26 20:15:52.847,1.21958,1.21967,1.00,1.00
2014.03.26 20:16:14.277,1.21958,1.21969,1.13,1.00
2014.03.26 20:16:16.426,1.21958,1.21969,1.00,1.38
2014.03.26 20:16:18.214,1.21958,1.21969,1.00,1.00
2014.03.26 20:16:24.482,1.21958,1.21969,1.00,1.38
2014.03.26 20:16:26.836,1.21958,1.21969,1.00,1.00
2014.03.26 20:16:28.556,1.21958,1.21969,1.00,1.38
2014.03.26 20:16:29.326,1.21958,1.21969,1.00,1.00
2014.03.26 20:16:30.290,1.21958,1.21969,1.00,1.38
2014.03.26 20:16:30.875,1.21958,1.21969,1.00,1.00
2014.03.26 20:16:31.410,1.21958,1.21969,1.00,1.38
2014.03.26 20:16:31.915,1.21957,1.21968,1.50,1.00
2014.03.26 20:16:34.021,1.21958,1.21968,1.00,1.00
2014.03.26 20:16:34.123,1.21962,1.21969,1.50,1.00
2014.03.26 20:16:34.325,1.21963,1.21972,1.50,1.00
2014.03.26 20:16:34.628,1.21962,1.21974,2.25,1.00
2014.03.26 20:16:39.541,1.21965,1.21974,1.50,1.00
2014.03.26 20:16:39.592,1.21965,1.21976,1.50,1.00
2014.03.26 20:16:46.391,1.21965,1.21975,1.50,1.00
2014.03.26 20:17:00.063,1.21965,1.21974,1.50,1.38
2014.03.26 20:17:04.307,1.21963,1.21974,1.00,1.38
2014.03.26 20:17:06.107,1.21962,1.21973,1.50,1.38
2014.03.26 20:17:06.208,1.21965,1.21973,1.50,1.00
2014.03.26 20:17:06.715,1.21965,1.21974,1.50,1.50
2014.03.26 20:17:13.286,1.21965,1.21975,1.50,1.50
2014.03.26 20:17:13.337,1.21963,1.21975,1.00,1.50
2014.03.26 20:17:16.687,1.21963,1.21975,1.00,1.50
2014.03.26 20:17:21.148,1.21961,1.21972,1.50,1.00
2014.03.26 20:17:24.148,1.21961,1.21972,1.50,1.38
2014.03.26 20:17:24.536,1.21961,1.21972,1.50,1.38
2014.03.26 20:17:24.689,1.21959,1.21963,1.00,1.00
2014.03.26 20:17:24.942,1.21961,1.21967,1.50,1.38
2014.03.26 20:17:25.043,1.21959,1.21963,1.00,1.00
2014.03.26 20:17:25.353,1.21961,1.21967,1.50,1.38
2014.03.26 20:17:25.455,1.21959,1.21963,1.00,1.00
2014.03.26 20:17:28.113,1.21958,1.21963,1.00,1.00
2014.03.26 20:17:28.417,1.21961,1.21967,1.50,1.38
2014.03.26 20:17:28.619,1.21959,1.21963,1.00,1.00
2014.03.26 20:17:28.878,1.21957,1.21963,1.50,1.00
2014.03.26 20:17:29.427,1.21958,1.21963,1.00,1.00
2014.03.26 20:17:34.681,1.21961,1.21967,1.50,1.38
2014.03.26 20:17:58.007,1.21962,1.21968,1.50,1.38
2014.03.26 20:18:04.039,1.21961,1.21969,1.50,1.73
2014.03.26 20:18:06.042,1.21961,1.2197,1.50,1.00
2014.03.26 20:18:26.076,1.21961,1.21971,1.50,1.88
2014.03.26 20:18:32.274,1.21961,1.21972,3.00,1.00
2014.03.26 20:18:32.779,1.21961,1.21973,2.25,1.00
2014.03.26 20:18:37.489,1.21962,1.21973,1.00,1.00
2014.03.26 20:18:37.540,1.21963,1.21975,1.00,2.25
2014.03.26 20:19:19.141,1.21964,1.21975,1.00,1.13
2014.03.26 20:19:30.185,1.21964,1.21975,1.00,1.88
2014.03.26 20:19:30.236,1.21962,1.21974,1.00,1.38
2014.03.26 20:19:33.233,1.21962,1.21973,1.00,1.38
2014.03.26 20:19:33.882,1.21961,1.21971,1.50,1.13
2014.03.26 20:19:34.416,1.21961,1.2197,1.50,1.00
2014.03.26 20:19:40.533,1.21959,1.2197,1.00,1.13
2014.03.26 20:19:41.051,1.21961,1.21972,1.00,2.63
2014.03.26 20:19:41.581,1.21961,1.21972,1.00,1.88
2014.03.26 20:19:42.230,1.21961,1.21972,1.13,1.50
2014.03.26 20:19:42.793,1.21961,1.21972,1.38,1.00
2014.03.26 20:19:43.787,1.21963,1.21972,1.00,1.00
2014.03.26 20:19:44.090,1.21965,1.21973,1.00,1.00
2014.03.26 20:19:45.261,1.21965,1.21973,1.38,1.00
2014.03.26 20:19:47.739,1.21965,1.21975,1.38,1.00
2014.03.26 20:19:54.532,1.21965,1.21975,1.13,1.00
2014.03.26 20:19:59.673,1.21965,1.21977,1.00,1.88
2014.03.26 20:20:00.523,1.21967,1.21977,1.00,1.00
2014.03.26 20:20:06.824,1.21967,1.21978,1.13,1.00
2014.03.26 20:20:07.129,1.21969,1.2198,1.00,1.00
2014.03.26 20:20:13.566,1.21971,1.2198,1.00,1.00
2014.03.26 20:20:13.617,1.21971,1.21982,1.00,2.25
2014.03.26 20:20:13.768,1.21973,1.21983,1.13,1.00
2014.03.26 20:20:13.971,1.21974,1.21986,1.00,1.13
2014.03.26 20:20:16.597,1.21974,1.21986,1.00,1.38
2014.03.26 20:20:16.648,1.21974,1.21983,1.00,1.00
2014.03.26 20:20:16.749,1.21975,1.21987,1.00,1.50
2014.03.26 20:20:17.254,1.21975,1.21987,1.00,1.88
2014.03.26 20:20:18.633,1.21975,1.21987,1.00,1.88
2014.03.26 20:20:19.881,1.21975,1.21987,1.00,2.63
2014.03.26 20:20:20.886,1.21974,1.21985,1.00,1.50
2014.03.26 20:20:21.392,1.21973,1.21985,1.00,1.50
2014.03.26 20:20:21.696,1.21973,1.21985,1.00,1.88
2014.03.26 20:20:23.548,1.21973,1.21981,1.00,1.00
2014.03.26 20:20:23.599,1.2197,1.21981,2.25,1.00
2014.03.26 20:20:24.104,1.2197,1.21982,2.25,1.50
2014.03.26 20:20:24.748,1.2197,1.21982,2.25,1.50
2014.03.26 20:20:26.490,1.2197,1.21982,2.25,1.13
2014.03.26 20:20:35.687,1.2197,1.21982,2.25,1.38
2014.03.26 20:20:36.188,1.2197,1.21982,2.25,1.38
2014.03.26 20:20:36.515,1.2197,1.21982,2.25,1.38
2014.03.26 20:20:36.768,1.2197,1.21982,2.25,1.38
2014.03.26 20:20:37.377,1.2197,1.21982,2.25,1.13
2014.03.26 20:20:38.831,1.2197,1.21982,2.25,1.38
2014.03.26 20:20:39.134,1.2197,1.2198,1.50,1.38
2014.03.26 20:20:39.662,1.2197,1.2198,1.50,1.00
2014.03.26 20:20:40.363,1.2197,1.2198,1.50,1.38
2014.03.26 20:20:40.905,1.2197,1.2198,1.50,1.13
2014.03.26 20:20:48.318,1.2197,1.2198,1.50,1.88
2014.03.26 20:20:48.571,1.21968,1.21978,1.50,2.63
2014.03.26 20:20:49.726,1.21968,1.21976,1.50,1.38
2014.03.26 20:20:49.878,1.21966,1.21976,2.25,1.38
2014.03.26 20:20:50.538,1.2197,1.21978,1.50,1.88
2014.03.26 20:21:05.451,1.2197,1.2198,1.50,1.00
2014.03.26 20:21:05.957,1.2197,1.21979,1.50,1.00
2014.03.26 20:21:10.140,1.21968,1.21979,1.00,1.00
2014.03.26 20:21:10.569,1.2197,1.21979,1.50,1.00
2014.03.26 20:21:12.677,1.2197,1.2198,1.50,1.00
2014.03.26 20:21:16.643,1.2197,1.21979,1.50,1.00
2014.03.26 20:21:16.946,1.2197,1.21978,1.50,1.38
2014.03.26 20:21:17.923,1.2197,1.21978,1.50,1.88
2014.03.26 20:21:18.075,1.21968,1.21978,1.50,2.63
2014.03.26 20:21:18.334,1.21968,1.21978,1.50,2.63
2014.03.26 20:21:24.410,1.21968,1.21978,1.50,2.63
2014.03.26 20:21:24.613,1.21966,1.21978,2.63,1.13
2014.03.26 20:21:24.859,1.21966,1.21978,2.25,1.38
2014.03.26 20:21:25.368,1.21966,1.21976,1.50,1.38
2014.03.26 20:21:28.674,1.21966,1.21976,1.50,1.38
2014.03.26 20:21:29.184,1.21966,1.21976,1.50,1.38
2014.03.26 20:21:29.562,1.21968,1.21976,1.50,1.38
2014.03.26 20:21:30.072,1.21968,1.21977,1.50,1.38
2014.03.26 20:21:33.875,1.21968,1.21977,1.50,1.00
2014.03.26 20:21:34.179,1.21967,1.21972,1.50,1.00
2014.03.26 20:21:34.230,1.21966,1.21972,1.50,1.00
2014.03.26 20:21:34.636,1.21966,1.21976,1.50,2.44
2014.03.26 20:21:35.243,1.21966,1.21976,1.50,2.07
2014.03.26 20:21:35.862,1.21966,1.21974,1.50,1.00
2014.03.26 20:21:40.652,1.21966,1.21976,1.50,1.88
2014.03.26 20:21:46.181,1.21966,1.21975,1.50,1.00
2014.03.26 20:21:49.632,1.21968,1.21975,1.50,1.13
2014.03.26 20:22:10.541,1.21967,1.21975,1.00,1.00
2014.03.26 20:22:16.767,1.21967,1.21976,1.00,1.00
2014.03.26 20:22:17.070,1.21967,1.21974,1.00,1.00
2014.03.26 20:22:18.970,1.21967,1.21975,1.00,1.00
2014.03.26 20:22:19.476,1.21966,1.21975,1.50,1.00
2014.03.26 20:22:20.375,1.21966,1.21977,1.50,1.50
2014.03.26 20:22:20.728,1.21966,1.21975,1.50,1.00
2014.03.26 20:22:21.240,1.21967,1.21975,1.00,1.00
2014.03.26 20:22:24.641,1.21967,1.21978,1.00,1.13
2014.03.26 20:22:27.720,1.21967,1.21975,1.00,1.00
2014.03.26 20:22:58.091,1.21968,1.21978,1.00,1.13
2014.03.26 20:22:58.142,1.21971,1.21978,1.00,1.00
2014.03.26 20:23:01.499,1.21971,1.21982,1.00,1.50
2014.03.26 20:23:01.550,1.21971,1.21982,1.38,1.50
2014.03.26 20:23:02.571,1.21974,1.21981,1.00,1.00
2014.03.26 20:23:02.875,1.21977,1.21981,1.00,1.00
2014.03.26 20:23:03.681,1.21977,1.21986,1.00,1.00
2014.03.26 20:23:06.641,1.21976,1.21986,1.00,1.00
2014.03.26 20:23:07.261,1.21975,1.21986,2.25,1.00
2014.03.26 20:23:11.537,1.21977,1.21986,1.00,1.00
2014.03.26 20:23:20.753,1.21975,1.21986,2.25,1.38
2014.03.26 20:23:35.607,1.21975,1.21986,2.25,1.00
2014.03.26 20:23:44.578,1.21975,1.21987,2.25,2.25
2014.03.26 20:23:50.315,1.21976,1.21987,1.00,2.44
2014.03.26 20:23:50.821,1.21977,1.21987,1.00,1.00
2014.03.26 20:23:51.592,1.21977,1.21986,1.00,1.00
2014.03.26 20:24:02.605,1.21977,1.21987,1.00,1.00
2014.03.26 20:24:09.676,1.21977,1.21986,1.00,1.00
2014.03.26 20:24:11.156,1.21976,1.21986,1.00,1.00
2014.03.26 20:24:12.034,1.21975,1.21984,2.25,1.00
2014.03.26 20:24:21.092,1.21975,1.21986,1.50,1.50
2014.03.26 20:24:21.394,1.21977,1.21986,1.50,1.00
2014.03.26 20:24:21.973,1.21977,1.21988,1.50,1.38
2014.03.26 20:24:33.672,1.21978,1.21988,1.00,1.38
2014.03.26 20:24:36.953,1.21978,1.21988,1.00,1.00
2014.03.26 20:24:38.167,1.21977,1.21988,2.25,1.00
2014.03.26 20:24:41.126,1.21977,1.21984,1.50,1.00
2014.03.26 20:24:41.281,1.21975,1.21984,1.50,1.38
2014.03.26 20:24:41.484,1.21973,1.21984,1.50,2.63
2014.03.26 20:24:42.685,1.21973,1.21984,1.50,2.82
2014.03.26 20:24:46.692,1.21973,1.21984,1.50,2.07
2014.03.26 20:24:46.907,1.21973,1.21982,1.50,2.07
2014.03.26 20:24:47.154,1.21973,1.21982,1.50,1.25
2014.03.26 20:24:47.306,1.21973,1.21985,2.25,2.82
2014.03.26 20:24:49.309,1.21975,1.21984,1.00,1.00
2014.03.26 20:24:53.567,1.21975,1.21983,1.00,1.00
2014.03.26 20:24:54.558,1.21975,1.21984,1.00,1.00
2014.03.26 20:24:59.588,1.21975,1.21983,1.00,1.00
2014.03.26 20:25:10.157,1.21974,1.21983,1.00,1.00
2014.03.26 20:25:12.571,1.21974,1.21984,1.00,1.00
2014.03.26 20:25:13.560,1.21974,1.21983,1.00,1.00
2014.03.26 20:25:22.582,1.21974,1.21984,1.00,1.00
2014.03.26 20:25:37.540,1.21974,1.21983,1.00,1.00
2014.03.26 20:25:38.528,1.21974,1.21984,1.00,1.00
2014.03.26 20:25:46.493,1.21973,1.21984,1.50,1.88
2014.03.26 20:25:47.034,1.21973,1.21983,1.50,1.13
2014.03.26 20:26:04.273,1.21972,1.21983,1.00,1.32
2014.03.26 20:26:06.554,1.21972,1.21983,1.00,1.32
2014.03.26 20:26:08.664,1.21972,1.21983,1.00,1.32
2014.03.26 20:26:11.465,1.21972,1.21983,1.00,1.32
2014.03.26 20:26:16.594,1.21972,1.21982,1.00,1.19
2014.03.26 20:26:20.270,1.2197,1.2198,1.00,1.25
2014.03.26 20:26:34.920,1.2197,1.21981,1.00,1.25
2014.03.26 20:26:35.469,1.2197,1.21981,1.00,1.19
2014.03.26 20:26:39.880,1.2197,1.21981,1.00,1.25
2014.03.26 20:26:41.155,1.21971,1.21981,1.00,1.25
2014.03.26 20:26:48.554,1.21971,1.21982,1.00,1.88
2014.03.26 20:27:01.103,1.21972,1.21982,1.00,2.07
2014.03.26 20:27:11.644,1.21972,1.21982,1.00,1.88
2014.03.26 20:27:11.896,1.21969,1.21978,1.00,1.00
2014.03.26 20:27:12.409,1.2197,1.21981,1.00,1.32
2014.03.26 20:27:16.541,1.2197,1.21981,1.00,1.32
2014.03.26 20:27:30.866,1.2197,1.21982,1.00,3.57
2014.03.26 20:27:31.344,1.21972,1.21982,1.00,2.82
2014.03.26 20:27:38.561,1.21972,1.21982,1.00,2.07
2014.03.26 20:27:47.382,1.21971,1.2198,1.00,1.00
2014.03.26 20:27:47.484,1.21969,1.2198,1.50,1.00
2014.03.26 20:27:47.687,1.2197,1.21982,1.00,2.63
2014.03.26 20:27:56.265,1.2197,1.21982,1.00,2.07
2014.03.26 20:27:58.679,1.2197,1.21982,1.00,2.07
2014.03.26 20:28:01.022,1.2197,1.21982,1.00,2.07
2014.03.26 20:28:01.527,1.2197,1.21982,1.00,2.07
2014.03.26 20:28:29.062,1.21971,1.21983,1.00,2.63
2014.03.26 20:28:33.165,1.21971,1.21983,1.00,1.88
2014.03.26 20:28:35.656,1.21971,1.21983,1.00,1.88
2014.03.26 20:28:44.041,1.21971,1.21983,1.00,1.88
2014.03.26 20:28:46.833,1.21971,1.21976,1.00,1.00
2014.03.26 20:28:49.679,1.2197,1.21976,1.00,1.00
2014.03.26 20:29:06.694,1.21973,1.21982,1.50,2.82
2014.03.26 20:29:06.744,1.21973,1.21978,1.50,1.00
2014.03.26 20:29:46.325,1.21975,1.21984,1.50,1.88
2014.03.26 20:29:46.477,1.21975,1.21981,2.25,1.00
2014.03.26 20:29:46.682,1.21977,1.21981,1.88,1.00
2014.03.26 20:29:46.784,1.21977,1.21989,2.63,1.88
2014.03.26 20:29:47.649,1.21977,1.21989,2.25,1.88
2014.03.26 20:29:53.682,1.21977,1.21989,2.25,1.88
2014.03.26 20:29:54.211,1.21977,1.21989,2.25,1.88
2014.03.26 20:29:58.394,1.21978,1.21989,1.00,1.38
2014.03.26 20:30:00.576,1.21979,1.21992,1.00,4.88
2014.03.26 20:30:00.627,1.21979,1.21992,1.00,4.88
2014.03.26 20:30:00.678,1.21981,1.21992,1.00,2.63
2014.03.26 20:30:00.880,1.21982,1.21994,1.00,1.00
2014.03.26 20:30:01.739,1.21982,1.21988,1.00,1.50
2014.03.26 20:30:01.841,1.2198,1.21988,1.50,1.50
2014.03.26 20:31:01.473,1.2198,1.21992,2.25,1.00
2014.03.26 20:31:02.473,1.2198,1.21989,2.25,1.00
2014.03.26 20:31:02.795,1.2198,1.21987,2.25,1.44
2014.03.26 20:32:01.086,1.2198,1.21994,2.25,2.82
2014.03.26 20:32:04.462,1.2198,1.21994,2.63,1.88
2014.03.26 20:32:16.896,1.2198,1.21994,2.63,1.88
2014.03.26 20:32:20.580,1.2198,1.21994,2.25,1.88
2014.03.26 20:32:20.682,1.21983,1.21994,1.50,1.88
2014.03.26 20:32:28.436,1.21983,1.21997,2.63,4.88
2014.03.26 20:32:41.130,1.21984,1.21996,1.00,1.38
2014.03.26 20:32:42.756,1.21984,1.21996,1.13,1.13
2014.03.26 20:32:49.655,1.21984,1.21995,1.13,1.00
2014.03.26 20:32:49.909,1.21986,1.21998,1.13,1.00
2014.03.26 20:32:53.574,1.21986,1.21993,1.00,1.00
2014.03.26 20:32:53.726,1.21981,1.21988,1.00,1.00
2014.03.26 20:32:54.251,1.2198,1.21988,3.00,1.00
2014.03.26 20:32:58.184,1.21981,1.2199,1.00,1.00
2014.03.26 20:33:02.330,1.21982,1.2199,1.00,1.00
2014.03.26 20:33:02.380,1.21982,1.21988,1.00,1.00
2014.03.26 20:33:05.999,1.21982,1.21989,1.00,1.00
2014.03.26 20:33:19.968,1.21981,1.2199,1.00,1.38
2014.03.26 20:33:20.494,1.2198,1.21989,3.00,1.00
2014.03.26 20:33:27.201,1.21981,1.2199,1.00,1.00
2014.03.26 20:33:30.579,1.2198,1.21989,3.00,1.00
2014.03.26 20:33:39.144,1.21982,1.21991,1.00,1.13
2014.03.26 20:33:46.954,1.21981,1.2199,1.50,1.13
2014.03.26 20:33:58.441,1.21981,1.2199,1.50,1.38
2014.03.26 20:34:08.320,1.21981,1.2199,1.50,1.13
2014.03.26 20:34:14.027,1.21981,1.21989,1.00,1.00
2014.03.26 20:34:15.027,1.21981,1.21988,1.00,1.00
2014.03.26 20:34:21.838,1.21981,1.21989,1.00,1.00
2014.03.26 20:34:29.632,1.21981,1.21988,1.13,1.00
2014.03.26 20:34:45.379,1.2198,1.21988,1.50,1.00
2014.03.26 20:34:53.601,1.2198,1.21988,1.88,1.00
2014.03.26 20:34:55.862,1.2198,1.21989,2.63,1.00
2014.03.26 20:34:56.424,1.2198,1.21989,2.25,1.00
2014.03.26 20:34:56.929,1.2198,1.21988,1.50,1.00
2014.03.26 20:35:07.439,1.2198,1.21987,1.50,1.00
2014.03.26 20:35:07.953,1.2198,1.21987,1.88,1.00
2014.03.26 20:35:09.606,1.2198,1.21987,1.50,1.00
2014.03.26 20:35:11.323,1.2198,1.21987,1.88,1.00
2014.03.26 20:35:13.143,1.2198,1.21988,1.88,1.00
2014.03.26 20:35:15.824,1.2198,1.21988,1.50,1.00
2014.03.26 20:35:16.127,1.21982,1.21987,1.00,1.00
2014.03.26 20:35:16.278,1.2198,1.21987,2.25,1.00
2014.03.26 20:35:16.812,1.2198,1.21987,2.63,1.00
2014.03.26 20:35:25.014,1.2198,1.21988,2.25,1.00
2014.03.26 20:36:00.197,1.2198,1.21988,1.88,1.00
2014.03.26 20:36:02.753,1.2198,1.21988,1.50,1.00
2014.03.26 20:36:09.291,1.2198,1.21988,1.88,1.00
2014.03.26 20:36:12.959,1.2198,1.21987,1.88,1.00
2014.03.26 20:36:13.481,1.2198,1.21987,1.88,1.00
2014.03.26 20:36:19.250,1.2198,1.21988,1.50,1.00
2014.03.26 20:36:19.617,1.21978,1.2199,1.00,1.88
2014.03.26 20:36:19.820,1.2198,1.2199,1.50,1.00
2014.03.26 20:36:20.124,1.2198,1.21987,1.50,1.00
2014.03.26 20:37:19.945,1.2198,1.21993,2.25,1.38
2014.03.26 20:37:31.440,1.2198,1.21986,1.50,1.00
2014.03.26 20:37:57.066,1.2198,1.21987,1.50,1.00
2014.03.26 20:38:03.519,1.21983,1.21987,1.50,1.00
2014.03.26 20:38:03.671,1.21983,1.2199,1.50,1.00
2014.03.26 20:38:20.536,1.21982,1.2199,1.00,1.00
2014.03.26 20:38:20.586,1.21982,1.21988,1.00,1.60
2014.03.26 20:38:20.688,1.21975,1.21986,2.07,1.00
2014.03.26 20:38:20.789,1.21975,1.21986,2.63,1.00
2014.03.26 20:38:21.083,1.21977,1.21986,1.00,1.00
2014.03.26 20:38:27.633,1.21977,1.21985,1.13,1.00
2014.03.26 20:38:27.735,1.21977,1.21987,1.00,1.00
2014.03.26 20:38:41.152,1.21976,1.21987,1.00,1.00
2014.03.26 20:38:44.122,1.21978,1.21987,1.50,1.00
2014.03.26 20:38:44.425,1.2198,1.21987,1.50,1.00
2014.03.26 20:38:56.988,1.21983,1.21992,1.00,3.38
2014.03.26 20:38:57.039,1.21983,1.21992,1.00,1.50
2014.03.26 20:38:57.545,1.21984,1.21992,1.50,1.00
2014.03.26 20:39:10.310,1.21983,1.21992,1.00,1.00
2014.03.26 20:39:10.992,1.21984,1.21992,1.50,1.00
2014.03.26 20:39:20.827,1.21983,1.21991,1.50,1.00
2014.03.26 20:39:20.928,1.2198,1.21986,1.00,1.00
2014.03.26 20:39:21.030,1.21978,1.21986,1.00,1.00
2014.03.26 20:39:48.067,1.21978,1.21987,1.50,1.00
2014.03.26 20:40:46.919,1.21979,1.21988,1.00,1.00
2014.03.26 20:41:09.832,1.2198,1.21988,1.50,1.00
2014.03.26 20:41:14.488,1.2198,1.21987,1.50,1.00
2014.03.26 20:41:27.489,1.2198,1.21988,1.50,1.00
2014.03.26 20:41:32.502,1.21979,1.21988,1.00,1.00
2014.03.26 20:41:36.487,1.21978,1.21987,1.50,1.00
2014.03.26 20:41:59.878,1.2198,1.21987,1.50,1.00
2014.03.26 20:42:13.446,1.2198,1.21986,1.50,1.00
2014.03.26 20:42:20.530,1.2198,1.21987,1.50,1.00
2014.03.26 20:42:26.205,1.2198,1.21986,1.50,1.00
2014.03.26 20:42:28.119,1.2198,1.21987,1.50,1.00
2014.03.26 20:42:41.519,1.2198,1.21986,1.50,1.00
2014.03.26 20:43:11.046,1.2198,1.21986,1.88,1.00
2014.03.26 20:43:13.498,1.2198,1.21986,1.88,1.00
2014.03.26 20:43:14.541,1.2198,1.21985,1.50,1.00
2014.03.26 20:43:15.061,1.2198,1.21986,1.50,1.00
2014.03.26 20:43:20.386,1.2198,1.21985,1.50,1.00
2014.03.26 20:43:22.557,1.2198,1.21987,1.50,1.00
2014.03.26 20:43:32.375,1.2198,1.21988,1.50,1.00
2014.03.26 20:43:56.345,1.2198,1.21987,1.50,1.00
2014.03.26 20:44:09.003,1.2198,1.21985,1.88,1.00
2014.03.26 20:44:09.532,1.2198,1.21986,1.50,1.00
2014.03.26 20:44:18.339,1.21984,1.21991,1.50,2.25
2014.03.26 20:44:28.698,1.21987,1.21993,1.00,1.00
2014.03.26 20:44:28.849,1.21989,1.21996,1.50,1.00
2014.03.26 20:44:37.401,1.21989,1.21995,1.50,1.00
2014.03.26 20:44:37.918,1.21989,1.21996,1.50,1.00
2014.03.26 20:44:40.657,1.21989,1.21997,1.50,1.00
2014.03.26 20:44:44.729,1.21989,1.21997,1.50,1.38
2014.03.26 20:44:45.708,1.21989,1.21997,1.50,1.00
2014.03.26 20:45:03.307,1.21989,1.21998,2.25,1.13
2014.03.26 20:45:03.837,1.21989,1.21998,2.25,1.38
2014.03.26 20:45:04.369,1.21989,1.21998,2.25,1.38
2014.03.26 20:45:05.337,1.21989,1.21997,2.25,1.13
2014.03.26 20:45:05.573,1.21989,1.21997,1.50,1.88
2014.03.26 20:45:05.777,1.21989,1.21997,1.50,1.88
2014.03.26 20:45:16.093,1.21989,1.21996,1.50,1.00
2014.03.26 20:45:41.335,1.21989,1.21996,2.25,1.19
2014.03.26 20:45:41.386,1.21989,1.21996,2.25,1.19
2014.03.26 20:45:41.488,1.21989,1.21995,1.50,1.00
2014.03.26 20:45:41.993,1.21989,1.21994,1.50,1.00
2014.03.26 20:45:42.699,1.21988,1.21995,1.50,1.88
2014.03.26 20:45:43.912,1.21986,1.21995,2.25,1.88
2014.03.26 20:45:44.013,1.21986,1.21995,2.25,1.88
2014.03.26 20:45:44.496,1.21988,1.21995,1.00,1.38
2014.03.26 20:45:47.495,1.21986,1.21995,1.50,1.38
2014.03.26 20:45:47.546,1.21986,1.21995,2.25,1.88
2014.03.26 20:45:47.597,1.21986,1.21995,2.25,1.88
2014.03.26 20:45:47.699,1.21986,1.21995,2.25,1.38
2014.03.26 20:45:48.047,1.21988,1.21994,1.50,1.38
2014.03.26 20:45:55.512,1.21988,1.21994,2.25,1.00
2014.03.26 20:45:55.563,1.21988,1.21997,2.25,1.13
2014.03.26 20:45:56.468,1.21988,1.21997,2.25,1.50
2014.03.26 20:45:56.620,1.21986,1.21995,2.25,1.38
2014.03.26 20:45:57.315,1.21986,1.21995,2.25,1.13
2014.03.26 20:46:06.933,1.21986,1.21995,2.25,1.38
2014.03.26 20:46:07.034,1.21983,1.21992,3.00,1.00
2014.03.26 20:46:08.665,1.21985,1.21992,1.00,1.00
2014.03.26 20:46:08.716,1.21987,1.21996,1.00,1.88
2014.03.26 20:46:11.244,1.21986,1.21995,2.25,1.13
2014.03.26 20:46:15.984,1.21987,1.21996,1.00,1.38
2014.03.26 20:46:19.068,1.21987,1.21996,1.00,1.00
2014.03.26 20:46:19.169,1.21989,1.21998,1.00,1.38
2014.03.26 20:46:19.967,1.21989,1.21998,1.00,1.00
2014.03.26 20:46:21.342,1.21988,1.21997,3.00,1.00
2014.03.26 20:46:39.852,1.21989,1.21998,1.00,1.38
2014.03.26 20:46:41.784,1.21989,1.21998,1.00,1.00
2014.03.26 20:46:49.202,1.2199,1.21999,1.00,1.00
2014.03.26 20:46:49.746,1.21989,1.21998,1.00,1.13
2014.03.26 20:46:56.603,1.21988,1.21997,3.00,1.00
2014.03.26 20:46:59.942,1.21989,1.21997,1.50,1.00
2014.03.26 20:47:00.478,1.2199,1.21997,1.00,1.00
2014.03.26 20:47:01.000,1.21989,1.21997,1.50,1.00
2014.03.26 20:47:02.851,1.21988,1.21997,3.00,1.00
2014.03.26 20:47:03.382,1.21989,1.21998,1.00,1.00
2014.03.26 20:47:09.978,1.2199,1.21998,1.00,1.00
2014.03.26 20:47:14.071,1.2199,1.21997,1.00,1.00
2014.03.26 20:47:14.527,1.21993,1.22004,1.50,2.07
2014.03.26 20:47:14.881,1.21993,1.22004,1.50,1.13
2014.03.26 20:47:28.346,1.21993,1.22004,1.50,1.38
2014.03.26 20:47:28.863,1.21993,1.22004,1.50,1.88
2014.03.26 20:47:30.245,1.21993,1.22004,1.50,1.88
2014.03.26 20:47:30.295,1.21993,1.22,1.50,1.00
2014.03.26 20:47:30.650,1.21993,1.22002,1.50,1.00
2014.03.26 20:47:30.751,1.21993,1.22004,1.50,1.50
2014.03.26 20:47:31.650,1.21993,1.22003,1.50,1.00
2014.03.26 20:47:31.702,1.21993,1.22003,1.50,1.38
2014.03.26 20:47:32.036,1.21993,1.22003,1.50,1.50
2014.03.26 20:47:32.572,1.21993,1.22002,1.50,1.00
2014.03.26 20:47:37.507,1.21993,1.22003,1.50,1.69
2014.03.26 20:47:39.874,1.21993,1.22002,1.50,1.57
2014.03.26 20:47:48.136,1.21993,1.22001,1.50,1.69
2014.03.26 20:47:48.188,1.21993,1.21998,1.50,1.00
2014.03.26 20:47:48.390,1.21989,1.21996,1.50,1.13
2014.03.26 20:47:48.801,1.21989,1.21994,1.00,1.00
2014.03.26 20:47:49.713,1.21988,1.21994,1.50,1.13
2014.03.26 20:47:50.471,1.21989,1.21994,2.25,1.13
2014.03.26 20:47:50.572,1.21989,1.21996,2.25,1.13
2014.03.26 20:48:02.951,1.21988,1.21996,1.00,1.38
2014.03.26 20:48:03.105,1.21988,1.21994,1.00,1.13
2014.03.26 20:48:03.156,1.21986,1.21992,1.50,1.00
2014.03.26 20:48:03.207,1.21984,1.21992,1.00,1.00
2014.03.26 20:48:03.308,1.21986,1.21992,1.50,1.00
2014.03.26 20:48:03.561,1.21987,1.21996,1.00,1.38
2014.03.26 20:48:05.916,1.21989,1.21998,1.00,2.07
2014.03.26 20:48:06.420,1.21989,1.21998,1.00,1.32
2014.03.26 20:48:09.840,1.21988,1.21997,2.25,1.00
2014.03.26 20:48:10.355,1.21989,1.21998,1.00,1.32
2014.03.26 20:48:10.926,1.21989,1.21998,1.00,1.38
2014.03.26 20:48:11.431,1.21988,1.21997,2.25,1.13
2014.03.26 20:48:17.092,1.21988,1.21995,1.50,1.00
2014.03.26 20:48:53.457,1.21988,1.21997,1.50,1.00
2014.03.26 20:48:53.508,1.21986,1.21997,1.50,1.25
2014.03.26 20:48:58.903,1.21986,1.21997,1.50,1.69
2014.03.26 20:49:00.837,1.21986,1.21998,1.50,2.07
2014.03.26 20:49:06.347,1.21986,1.21997,1.50,1.19
2014.03.26 20:49:06.879,1.21986,1.21998,1.50,2.82
2014.03.26 20:49:09.148,1.21986,1.21998,1.50,2.07
2014.03.26 20:49:10.498,1.21986,1.21998,1.50,2.07
2014.03.26 20:49:12.854,1.21986,1.21998,1.50,2.07
2014.03.26 20:49:14.289,1.21986,1.21998,1.50,2.07
2014.03.26 20:49:23.799,1.21988,1.21998,1.50,1.00
2014.03.26 20:49:24.339,1.21988,1.22,1.50,1.63
2014.03.26 20:49:25.002,1.21988,1.22,1.50,1.25
2014.03.26 20:49:44.079,1.21988,1.22001,1.50,2.25
2014.03.26 20:49:45.362,1.21988,1.21998,1.50,1.00
2014.03.26 20:49:45.464,1.21986,1.21998,1.50,1.00
2014.03.26 20:49:51.280,1.21986,1.21999,1.50,1.00
2014.03.26 20:49:52.939,1.21986,1.21995,2.25,1.00
2014.03.26 20:49:53.395,1.21986,1.21997,1.50,1.00
2014.03.26 20:49:55.511,1.21986,1.21998,1.50,1.13
2014.03.26 20:49:56.130,1.21986,1.21994,1.50,1.00
2014.03.26 20:49:56.385,1.21986,1.21997,1.50,1.00
2014.03.26 20:49:58.680,1.21986,1.21998,1.50,1.13
2014.03.26 20:50:08.814,1.21983,1.2199,1.50,1.00
2014.03.26 20:50:09.470,1.21983,1.21991,1.50,1.00
2014.03.26 20:50:12.409,1.21983,1.21992,2.25,1.13
2014.03.26 20:50:19.648,1.21983,1.21992,2.25,1.63
2014.03.26 20:50:21.991,1.21983,1.21992,2.25,1.13
2014.03.26 20:50:26.543,1.21983,1.21992,2.25,1.38
2014.03.26 20:50:28.817,1.21983,1.21992,2.25,1.00
2014.03.26 20:50:35.742,1.21983,1.21991,1.50,1.00
2014.03.26 20:50:41.238,1.21983,1.21992,2.25,1.00
2014.03.26 20:50:56.576,1.21986,1.21992,1.50,1.00
2014.03.26 20:50:56.778,1.21986,1.21997,1.50,2.07
2014.03.26 20:50:57.434,1.21986,1.21997,1.50,2.07
2014.03.26 20:50:58.525,1.21986,1.21997,1.50,2.07
2014.03.26 20:51:01.973,1.21986,1.21997,1.50,1.57
2014.03.26 20:51:02.399,1.21986,1.21998,1.50,2.07
2014.03.26 20:51:04.681,1.21986,1.21998,1.50,1.13
2014.03.26 20:51:05.232,1.21986,1.21997,1.50,1.00
2014.03.26 20:51:37.712,1.21986,1.21998,1.50,1.88
2014.03.26 20:51:49.238,1.21986,1.21998,1.50,1.32
2014.03.26 20:51:50.898,1.21986,1.21998,1.50,1.32
2014.03.26 20:51:53.116,1.21986,1.21997,1.50,1.00
2014.03.26 20:51:57.785,1.21986,1.21997,1.50,1.38
2014.03.26 20:52:15.311,1.21986,1.21997,1.50,1.13
2014.03.26 20:52:24.343,1.21986,1.21996,1.50,1.00
2014.03.26 20:52:24.394,1.21979,1.21989,1.00,1.00
2014.03.26 20:52:24.445,1.21981,1.21986,1.50,1.00
2014.03.26 20:52:24.951,1.21978,1.21987,1.00,1.00
2014.03.26 20:52:25.103,1.21973,1.21985,1.50,1.00
2014.03.26 20:52:25.656,1.21973,1.21985,1.50,1.38
2014.03.26 20:52:28.381,1.21973,1.21985,1.50,1.13
2014.03.26 20:52:31.155,1.2197,1.21985,1.69,1.38
2014.03.26 20:52:34.509,1.2197,1.21984,1.69,1.38
2014.03.26 20:52:35.014,1.2197,1.21983,1.50,1.13
2014.03.26 20:52:49.747,1.21973,1.21983,1.50,1.00
2014.03.26 20:52:55.112,1.21973,1.21984,1.50,1.13
2014.03.26 20:53:12.463,1.21973,1.21984,1.50,1.38
2014.03.26 20:53:14.152,1.21973,1.21984,1.50,1.00
2014.03.26 20:53:23.355,1.21973,1.21984,1.50,1.38
2014.03.26 20:53:24.657,1.21973,1.21984,1.50,1.13
2014.03.26 20:53:34.418,1.21973,1.21984,1.69,1.38
2014.03.26 20:53:34.954,1.21973,1.21984,1.50,1.00
2014.03.26 20:53:55.311,1.21973,1.21986,1.50,1.38
2014.03.26 20:54:00.242,1.21973,1.21986,1.50,1.00
2014.03.26 20:54:00.762,1.21973,1.21987,1.50,1.38
2014.03.26 20:54:01.575,1.21973,1.21986,1.50,1.00
2014.03.26 20:54:01.878,1.21976,1.21986,1.50,1.00
2014.03.26 20:54:03.827,1.21976,1.21988,1.50,1.00
2014.03.26 20:54:24.105,1.21976,1.21989,1.69,1.00
2014.03.26 20:54:24.156,1.21976,1.21991,1.69,1.00
2014.03.26 20:54:28.499,1.21976,1.21991,1.69,1.00
2014.03.26 20:54:29.534,1.21976,1.21991,1.69,1.00
2014.03.26 20:54:33.009,1.21976,1.21991,1.69,1.00
2014.03.26 20:54:41.975,1.21976,1.21991,1.69,1.00
2014.03.26 20:54:43.484,1.21976,1.21991,1.69,1.00
2014.03.26 20:54:49.279,1.21976,1.21991,1.69,1.00
2014.03.26 20:54:52.993,1.21976,1.21991,1.69,1.00
2014.03.26 20:55:01.659,1.21976,1.2199,1.50,1.00
2014.03.26 20:55:02.168,1.21976,1.21989,1.50,1.00
2014.03.26 20:55:24.966,1.21976,1.21993,1.50,1.88
2014.03.26 20:55:25.472,1.21976,1.21993,1.50,1.88
2014.03.26 20:55:40.189,1.21976,1.21994,1.50,1.88
2014.03.26 20:55:45.584,1.21976,1.21994,1.50,1.38
2014.03.26 20:55:46.692,1.21976,1.21994,1.50,1.00
2014.03.26 20:55:52.950,1.21976,1.21994,1.69,1.00
2014.03.26 20:55:57.207,1.21976,1.21994,1.69,1.00
2014.03.26 20:56:07.340,1.21976,1.21994,2.44,1.00
2014.03.26 20:56:09.326,1.21976,1.21994,2.44,1.00
2014.03.26 20:56:10.231,1.21976,1.21994,1.69,1.00
2014.03.26 20:56:14.964,1.21976,1.21994,1.69,1.00
2014.03.26 20:56:16.366,1.21976,1.21994,1.69,1.00
2014.03.26 20:56:22.632,1.21976,1.21995,1.50,1.00
2014.03.26 20:56:29.857,1.21976,1.21995,1.69,1.00
2014.03.26 20:56:31.327,1.21976,1.21995,2.44,1.00
2014.03.26 20:56:32.329,1.21976,1.21995,2.44,1.00
2014.03.26 20:56:32.582,1.21976,1.21995,1.69,1.00
2014.03.26 20:56:34.683,1.21976,1.21995,1.69,1.00
2014.03.26 20:56:35.760,1.21976,1.21995,1.69,1.00
2014.03.26 20:56:40.504,1.21976,1.21997,1.69,1.32
2014.03.26 20:56:41.978,1.21976,1.21997,1.69,1.13
2014.03.26 20:56:44.001,1.21977,1.21997,1.19,1.13
2014.03.26 20:56:44.417,1.21977,1.21997,1.19,1.13
2014.03.26 20:56:44.883,1.21976,1.21997,1.69,1.13
2014.03.26 20:56:48.143,1.21976,1.21997,1.69,1.13
2014.03.26 20:56:51.706,1.21976,1.21999,1.69,1.57
2014.03.26 20:56:52.256,1.21976,1.21999,1.50,2.07
2014.03.26 20:56:53.323,1.21976,1.21999,1.50,2.07
2014.03.26 20:56:57.041,1.21976,1.21999,1.69,1.57
2014.03.26 20:56:57.243,1.21976,1.21999,1.69,1.63
2014.03.26 20:56:58.154,1.21976,1.21999,2.07,1.32
2014.03.26 20:56:58.509,1.21976,1.21996,2.07,1.00
2014.03.26 20:56:59.030,1.21976,1.21996,2.07,1.00
2014.03.26 20:57:00.072,1.21976,1.21995,2.07,1.00
2014.03.26 20:57:00.681,1.21976,1.21996,2.07,1.00
2014.03.26 20:57:01.866,1.21977,1.21996,1.57,1.00
2014.03.26 20:57:05.282,1.21976,1.21996,2.07,1.00
2014.03.26 20:57:05.886,1.21976,1.21995,2.07,1.00
2014.03.26 20:57:06.434,1.21976,1.21995,2.82,1.00
2014.03.26 20:57:10.713,1.21978,1.21995,1.32,1.00
2014.03.26 20:57:15.046,1.21976,1.21995,2.07,1.00
2014.03.26 20:57:15.708,1.21976,1.21993,2.07,1.00
2014.03.26 20:57:16.233,1.21976,1.21993,2.07,1.00
2014.03.26 20:57:17.870,1.21976,1.21995,2.07,1.00
2014.03.26 20:57:19.890,1.21976,1.21995,2.82,1.00
2014.03.26 20:57:19.991,1.21976,1.21995,2.07,1.00
2014.03.26 20:57:20.102,1.21976,1.21993,2.07,1.00
2014.03.26 20:57:25.624,1.21976,1.21993,2.07,1.00
2014.03.26 20:57:27.001,1.21976,1.21994,2.07,1.00
2014.03.26 20:57:27.878,1.21976,1.21993,1.69,1.00
2014.03.26 20:57:30.666,1.21976,1.21994,1.69,1.00
2014.03.26 20:57:31.205,1.21976,1.21994,1.69,1.00
2014.03.26 20:57:32.350,1.21977,1.21994,1.32,1.00
2014.03.26 20:57:32.451,1.21976,1.21994,2.07,1.00
2014.03.26 20:57:34.275,1.21976,1.21995,2.07,1.00
2014.03.26 20:57:36.265,1.21976,1.21995,2.07,1.00
2014.03.26 20:57:39.049,1.21976,1.21995,2.07,1.00
2014.03.26 20:57:39.878,1.21976,1.21996,2.07,1.00
2014.03.26 20:57:40.641,1.21976,1.21996,2.07,1.00
2014.03.26 20:57:42.953,1.21976,1.21995,2.07,1.00
2014.03.26 20:57:43.055,1.21976,1.21995,2.07,1.00
2014.03.26 20:57:43.177,1.21976,1.21995,2.07,1.00
2014.03.26 20:57:44.995,1.21976,1.21995,2.07,1.00
2014.03.26 20:57:45.382,1.21976,1.21995,2.07,1.00
2014.03.26 20:57:48.250,1.21976,1.21996,1.69,1.00
2014.03.26 20:57:48.776,1.21976,1.21996,2.07,1.00
2014.03.26 20:57:56.722,1.21976,1.21995,1.88,1.00
2014.03.26 20:57:58.037,1.21976,1.21995,1.88,1.19
2014.03.26 20:57:58.551,1.21976,1.21995,2.07,1.00
2014.03.26 20:58:00.525,1.21976,1.21995,2.07,1.00
2014.03.26 20:58:00.975,1.21976,1.21997,2.07,1.00
2014.03.26 20:58:01.567,1.21976,1.21997,2.82,1.00
2014.03.26 20:58:02.328,1.21976,1.21999,2.07,1.63
2014.03.26 20:58:02.836,1.21976,1.21999,2.07,1.32
2014.03.26 20:58:04.348,1.21976,1.21999,2.07,1.32
2014.03.26 20:58:04.867,1.21976,1.21999,2.07,1.32
2014.03.26 20:58:05.579,1.21976,1.21999,2.07,1.13
2014.03.26 20:58:06.130,1.21976,1.21999,2.07,1.32
2014.03.26 20:58:06.796,1.21976,1.21999,2.82,1.13
2014.03.26 20:58:07.654,1.21976,1.21999,2.07,1.32
2014.03.26 20:58:08.879,1.21976,1.21999,2.07,1.32
2014.03.26 20:58:11.086,1.21976,1.21999,2.82,1.13
2014.03.26 20:58:13.718,1.21976,1.21999,2.07,1.32
2014.03.26 20:58:16.332,1.21977,1.21999,1.57,1.13
2014.03.26 20:58:16.544,1.21976,1.21999,2.07,1.13
2014.03.26 20:58:22.539,1.21977,1.21999,1.57,1.13
2014.03.26 20:58:23.976,1.21977,1.21999,1.57,1.00
2014.03.26 20:58:29.497,1.21977,1.21993,1.57,1.00
2014.03.26 20:58:29.599,1.21976,1.21993,1.69,1.00
2014.03.26 20:58:29.651,1.21976,1.21993,1.50,1.00
2014.03.26 20:58:29.803,1.21972,1.2199,1.57,1.00
2014.03.26 20:58:30.448,1.21971,1.21991,2.07,1.00
2014.03.26 20:58:34.325,1.21973,1.21993,1.19,1.00
2014.03.26 20:58:34.885,1.21973,1.21993,1.19,1.00
2014.03.26 20:58:38.832,1.21973,1.21993,1.32,1.00
2014.03.26 20:58:42.411,1.21973,1.21993,1.32,1.00
2014.03.26 20:58:43.026,1.21974,1.21994,1.19,1.13
2014.03.26 20:58:43.587,1.21976,1.21995,1.00,1.38
2014.03.26 20:58:45.189,1.21975,1.21995,1.25,1.88
2014.03.26 20:58:49.351,1.21975,1.21995,1.19,1.88
2014.03.26 20:58:50.139,1.21975,1.21995,1.19,1.88
2014.03.26 20:58:51.878,1.21975,1.21995,1.19,1.88
2014.03.26 20:58:58.399,1.21975,1.21995,1.00,2.07
2014.03.26 20:59:00.186,1.21975,1.21995,1.19,1.88
2014.03.26 20:59:00.812,1.21975,1.21995,1.00,2.07
2014.03.26 20:59:01.347,1.21975,1.21995,1.00,2.07
2014.03.26 20:59:02.555,1.21975,1.21995,0.75,1.88
2014.03.26 20:59:10.312,1.21975,1.21994,0.75,0.75
2014.03.26 20:59:10.421,1.21973,1.2199,0.38,0.75
2014.03.26 20:59:11.012,1.21972,1.2199,0.38,0.75
2014.03.26 20:59:13.797,1.21973,1.21992,0.75,1.13
2014.03.26 20:59:14.165,1.21978,1.21994,0.75,2.25
2014.03.26 20:59:14.468,1.21982,1.21997,0.75,0.38
2014.03.26 20:59:14.694,1.21982,1.21999,0.75,0.38
2014.03.26 20:59:15.608,1.21981,1.21999,0.75,0.38
2014.03.26 20:59:17.667,1.21981,1.22,0.75,0.75
2014.03.26 20:59:19.014,1.21976,1.22,2.25,0.75
2014.03.26 20:59:19.267,1.21976,1.21998,0.75,0.75
2014.03.26 20:59:19.469,1.21974,1.21997,0.75,0.75
2014.03.26 20:59:21.510,1.21973,1.21997,0.75,0.75
2014.03.26 20:59:29.458,1.21973,1.21993,0.75,0.75
2014.03.26 20:59:29.509,1.21971,1.21993,0.75,0.75
2014.03.26 20:59:50.118,1.2197,1.21993,3.00,0.75
2014.03.26 20:59:50.369,1.2197,1.21991,1.50,1.50
2014.03.26 20:59:50.797,1.21969,1.21982,1.50,0.75
2014.03.26 20:59:54.760,1.21969,1.21983,1.50,0.75
2014.03.26 20:59:55.160,1.21969,1.21976,1.50,0.75
2014.03.26 20:59:56.318,1.21969,1.21977,1.50,0.75
2014.03.26 20:59:56.521,1.21971,1.21983,0.75,0.53
2014.03.26 20:59:57.165,1.21971,1.21984,0.75,0.75
2014.03.26 20:59:57.948,1.2197,1.21984,0.75,0.75
2014.03.26 20:59:58.578,1.21969,1.21984,1.50,0.75
2014.03.26 20:59:59.928,1.21969,1.21976,1.50,0.75
