2011.10.18 18:00:00.377,1.23624,1.23646,1.13,1.50
2011.10.18 18:00:01.097,1.23623,1.23646,1.50,1.50
2011.10.18 18:00:01.575,1.23624,1.23647,1.50,1.50
2011.10.18 18:00:01.934,1.23623,1.23646,3.00,1.50
2011.10.18 18:00:06.058,1.23624,1.23646,1.13,1.50
2011.10.18 18:00:06.822,1.23626,1.23649,1.50,6.00
2011.10.18 18:00:07.188,1.23623,1.23646,3.75,1.50
2011.10.18 18:00:07.557,1.23622,1.23644,1.50,1.50
2011.10.18 18:00:08.364,1.23623,1.23646,2.25,1.50
2011.10.18 18:00:11.774,1.23625,1.23648,1.50,1.88
2011.10.18 18:00:12.374,1.23625,1.23648,1.50,1.88
2011.10.18 18:00:12.965,1.23625,1.23647,1.50,1.13
2011.10.18 18:00:13.428,1.23625,1.23645,1.50,1.13
2011.10.18 18:00:14.270,1.23625,1.23645,1.50,1.13
2011.10.18 18:00:14.965,1.23625,1.23645,1.50,1.13
2011.10.18 18:00:18.845,1.23625,1.23648,1.50,1.88
2011.10.18 18:00:25.573,1.23625,1.23647,1.50,1.13
2011.10.18 18:00:26.614,1.23625,1.23647,1.50,1.13
2011.10.18 18:00:29.115,1.23625,1.23647,1.50,1.13
2011.10.18 18:00:29.686,1.23625,1.23644,1.50,1.13
2011.10.18 18:00:30.614,1.23625,1.23644,1.50,1.13
2011.10.18 18:00:31.191,1.23625,1.23644,1.50,1.13
2011.10.18 18:00:32.013,1.23625,1.23644,1.50,1.13
2011.10.18 18:00:32.660,1.23625,1.23646,1.50,1.13
2011.10.18 18:00:33.242,1.23623,1.23645,1.50,1.50
2011.10.18 18:00:33.966,1.23624,1.23645,1.50,1.50
2011.10.18 18:00:35.313,1.23623,1.23645,1.50,1.50
2011.10.18 18:00:37.378,1.23623,1.23646,1.50,1.88
2011.10.18 18:00:45.793,1.23622,1.23645,4.13,1.50
2011.10.18 18:00:47.161,1.23622,1.23645,3.38,1.50
2011.10.18 18:00:54.793,1.23623,1.23645,1.13,1.50
2011.10.18 18:00:55.924,1.23622,1.23645,3.38,1.50
2011.10.18 18:00:56.555,1.23624,1.23647,3.00,1.50
2011.10.18 18:00:56.784,1.23625,1.23647,3.00,1.50
2011.10.18 18:00:57.363,1.23625,1.23647,3.00,1.50
2011.10.18 18:00:57.944,1.23623,1.23646,1.50,1.50
2011.10.18 18:00:58.522,1.23623,1.23646,1.50,1.50
2011.10.18 18:00:58.975,1.23623,1.23643,1.50,2.25
2011.10.18 18:00:59.534,1.23622,1.23643,3.00,3.00
2011.10.18 18:01:01.728,1.2362,1.2364,3.00,1.50
2011.10.18 18:01:01.855,1.2362,1.2364,1.50,1.50
2011.10.18 18:01:02.095,1.23619,1.23636,1.50,1.50
2011.10.18 18:01:03.263,1.23619,1.23634,1.50,1.50
2011.10.18 18:01:03.865,1.23619,1.23634,1.50,1.50
2011.10.18 18:01:04.348,1.23612,1.23632,1.34,1.50
2011.10.18 18:01:04.871,1.23612,1.23632,1.34,2.25
2011.10.18 18:01:05.118,1.2361,1.23631,3.89,1.50
2011.10.18 18:01:09.426,1.2361,1.23631,4.27,1.50
2011.10.18 18:01:10.810,1.2361,1.23631,4.27,1.50
2011.10.18 18:01:11.777,1.2361,1.2363,3.75,1.50
2011.10.18 18:01:12.736,1.2361,1.2363,3.75,1.50
2011.10.18 18:01:13.663,1.2361,1.23631,4.50,1.50
2011.10.18 18:01:14.233,1.23612,1.23631,3.00,1.50
2011.10.18 18:01:14.828,1.2361,1.23631,3.75,1.50
2011.10.18 18:01:16.077,1.23612,1.23635,5.25,2.25
2011.10.18 18:01:16.674,1.23612,1.23634,5.25,1.50
2011.10.18 18:01:20.538,1.23615,1.23637,1.50,1.50
2011.10.18 18:01:20.665,1.23615,1.23637,1.50,1.50
2011.10.18 18:01:22.210,1.23616,1.23637,1.88,1.50
2011.10.18 18:01:22.462,1.23615,1.23637,1.88,1.50
2011.10.18 18:01:22.818,1.23616,1.23637,1.13,1.50
2011.10.18 18:01:27.073,1.23616,1.23638,1.50,1.50
2011.10.18 18:01:27.817,1.23616,1.23637,1.50,1.50
2011.10.18 18:01:29.184,1.23615,1.23638,3.00,1.50
2011.10.18 18:01:30.891,1.23618,1.23638,1.50,1.50
2011.10.18 18:01:31.550,1.23618,1.23638,1.50,1.50
2011.10.18 18:01:31.798,1.23616,1.23638,1.50,1.50
2011.10.18 18:01:37.294,1.23615,1.23638,1.50,2.25
2011.10.18 18:01:37.972,1.23616,1.23638,2.25,1.50
2011.10.18 18:01:38.396,1.23616,1.23637,1.50,1.50
2011.10.18 18:01:38.796,1.23617,1.23638,1.50,1.50
2011.10.18 18:01:39.375,1.23617,1.23641,1.50,1.88
2011.10.18 18:01:41.144,1.23617,1.23638,1.50,1.13
2011.10.18 18:01:41.506,1.23615,1.23637,1.50,1.13
2011.10.18 18:01:43.081,1.23612,1.2363,3.75,1.13
2011.10.18 18:01:43.209,1.23612,1.23629,1.50,1.13
2011.10.18 18:01:43.344,1.23612,1.23632,1.50,2.25
2011.10.18 18:01:43.472,1.23612,1.23632,1.88,3.00
2011.10.18 18:01:43.597,1.23615,1.23636,1.13,1.50
2011.10.18 18:01:43.719,1.23615,1.23637,1.13,2.25
2011.10.18 18:01:43.853,1.23619,1.23641,2.25,1.50
2011.10.18 18:01:43.976,1.23618,1.23641,1.50,2.25
2011.10.18 18:01:44.566,1.23618,1.2364,1.13,1.50
2011.10.18 18:01:45.753,1.2362,1.23642,1.50,1.13
2011.10.18 18:01:46.406,1.23618,1.2364,1.50,1.50
2011.10.18 18:01:47.204,1.2362,1.23642,1.50,1.13
2011.10.18 18:01:47.690,1.23621,1.23645,1.50,1.50
2011.10.18 18:01:50.117,1.23621,1.23645,1.50,1.13
2011.10.18 18:01:50.473,1.2362,1.23644,1.50,1.50
2011.10.18 18:01:53.754,1.23624,1.23646,1.50,1.50
2011.10.18 18:01:53.882,1.23624,1.23647,1.50,1.50
2011.10.18 18:01:54.014,1.23623,1.23646,2.25,1.50
2011.10.18 18:01:54.617,1.23623,1.23645,1.13,1.50
2011.10.18 18:01:54.975,1.23624,1.23646,1.13,1.50
2011.10.18 18:01:55.097,1.23624,1.23645,1.13,1.50
2011.10.18 18:01:55.336,1.23624,1.23646,1.13,1.50
2011.10.18 18:01:55.453,1.23624,1.23645,1.13,1.50
2011.10.18 18:01:56.638,1.23624,1.23647,1.50,1.50
2011.10.18 18:01:57.286,1.23622,1.23644,1.13,1.50
2011.10.18 18:02:01.945,1.23621,1.23645,1.50,2.25
2011.10.18 18:02:02.295,1.23621,1.23645,2.25,2.63
2011.10.18 18:02:02.655,1.2362,1.23644,1.50,1.50
2011.10.18 18:02:02.775,1.23621,1.23645,1.50,1.13
2011.10.18 18:02:03.018,1.23621,1.23644,1.13,1.50
2011.10.18 18:02:03.375,1.23622,1.23646,1.50,3.00
2011.10.18 18:02:04.007,1.2362,1.23644,1.50,1.50
2011.10.18 18:02:04.669,1.23622,1.23645,1.50,1.88
2011.10.18 18:02:05.516,1.2362,1.23644,1.50,1.50
2011.10.18 18:02:06.086,1.2362,1.23644,1.50,1.50
2011.10.18 18:02:06.411,1.23622,1.23645,1.50,1.13
2011.10.18 18:02:08.015,1.2362,1.23644,1.50,1.50
2011.10.18 18:02:09.424,1.2362,1.23644,1.50,1.50
2011.10.18 18:02:11.582,1.23621,1.23643,1.50,1.13
2011.10.18 18:02:11.946,1.23621,1.23645,1.50,1.13
2011.10.18 18:02:12.072,1.23621,1.23643,1.50,1.13
2011.10.18 18:02:12.543,1.23622,1.23644,1.50,1.13
2011.10.18 18:02:12.705,1.23622,1.23644,1.50,1.13
2011.10.18 18:02:13.522,1.23621,1.23643,1.50,1.88
2011.10.18 18:02:13.647,1.23621,1.23643,3.00,1.13
2011.10.18 18:02:13.995,1.23619,1.23643,3.00,1.50
2011.10.18 18:02:17.277,1.23621,1.23643,1.50,1.13
2011.10.18 18:02:17.639,1.23621,1.23645,1.50,1.88
2011.10.18 18:02:18.392,1.23621,1.23645,1.50,1.88
2011.10.18 18:02:19.363,1.23621,1.23645,2.25,2.63
2011.10.18 18:02:20.195,1.2362,1.23644,1.50,1.50
2011.10.18 18:02:20.977,1.23621,1.23645,3.00,1.88
2011.10.18 18:02:22.012,1.2362,1.23644,1.50,1.50
2011.10.18 18:02:22.354,1.2362,1.23644,3.00,1.13
2011.10.18 18:02:22.475,1.2362,1.23643,1.50,1.13
2011.10.18 18:02:27.243,1.23621,1.23645,1.50,1.88
2011.10.18 18:02:27.472,1.23619,1.23643,2.25,1.13
2011.10.18 18:02:32.387,1.23619,1.23644,2.25,1.13
2011.10.18 18:02:32.855,1.23621,1.23644,3.00,1.13
2011.10.18 18:02:33.087,1.23619,1.23644,2.25,1.13
2011.10.18 18:02:33.456,1.23622,1.23644,1.50,1.13
2011.10.18 18:02:35.735,1.23622,1.23644,1.50,1.13
2011.10.18 18:02:35.974,1.23621,1.23643,1.50,1.13
2011.10.18 18:02:36.323,1.23621,1.23644,2.25,1.13
2011.10.18 18:02:36.444,1.23621,1.23643,1.50,1.13
2011.10.18 18:02:37.022,1.23621,1.23643,1.50,1.13
2011.10.18 18:02:40.025,1.23619,1.23643,2.25,1.13
2011.10.18 18:02:40.703,1.23619,1.23643,2.25,1.13
2011.10.18 18:02:42.775,1.23621,1.23645,3.00,1.88
2011.10.18 18:02:43.122,1.2362,1.23644,1.50,1.50
2011.10.18 18:02:43.532,1.23622,1.23645,1.50,1.88
2011.10.18 18:02:44.113,1.23622,1.23645,1.50,1.88
2011.10.18 18:02:45.017,1.2362,1.23644,1.50,1.88
2011.10.18 18:02:49.953,1.2362,1.23642,1.50,1.13
2011.10.18 18:02:50.555,1.2362,1.23641,1.50,1.13
2011.10.18 18:02:51.255,1.2362,1.23642,1.50,1.50
2011.10.18 18:02:51.616,1.23617,1.23641,3.00,1.50
2011.10.18 18:02:53.374,1.23617,1.2364,3.00,1.13
2011.10.18 18:02:59.524,1.23617,1.23637,3.00,1.13
2011.10.18 18:02:59.890,1.2362,1.23639,1.50,1.13
2011.10.18 18:03:03.758,1.2362,1.23639,1.50,1.13
2011.10.18 18:03:03.997,1.23618,1.23639,1.50,1.13
2011.10.18 18:03:04.238,1.23618,1.23634,1.50,4.50
2011.10.18 18:03:04.363,1.23618,1.23633,1.50,1.13
2011.10.18 18:03:04.488,1.23615,1.23631,3.00,1.50
2011.10.18 18:03:04.608,1.23612,1.23631,2.25,1.50
2011.10.18 18:03:05.194,1.23612,1.23633,2.25,1.13
2011.10.18 18:03:05.545,1.23612,1.23635,4.50,1.88
2011.10.18 18:03:06.127,1.23613,1.23636,2.25,1.13
2011.10.18 18:03:07.365,1.23613,1.23636,2.25,1.13
2011.10.18 18:03:07.485,1.23613,1.23636,2.25,1.13
2011.10.18 18:03:09.585,1.23613,1.23638,2.25,1.88
2011.10.18 18:03:10.048,1.23613,1.23638,3.00,1.88
2011.10.18 18:03:10.288,1.23616,1.2364,1.50,1.88
2011.10.18 18:03:10.637,1.23616,1.23637,1.50,1.13
2011.10.18 18:03:18.670,1.23616,1.23636,1.50,1.13
2011.10.18 18:03:19.367,1.23616,1.23636,1.50,1.13
2011.10.18 18:03:21.118,1.23616,1.23636,1.50,1.13
2011.10.18 18:03:21.479,1.23615,1.23635,1.50,1.13
2011.10.18 18:03:27.868,1.23615,1.23637,1.50,1.50
2011.10.18 18:03:27.991,1.23615,1.23637,1.50,1.50
2011.10.18 18:03:28.696,1.23612,1.23635,3.00,1.50
2011.10.18 18:03:28.935,1.23612,1.23635,3.00,1.88
2011.10.18 18:03:32.417,1.23612,1.23635,3.00,1.50
2011.10.18 18:03:33.103,1.23612,1.23635,3.75,1.50
2011.10.18 18:03:33.623,1.23612,1.23635,3.00,1.50
2011.10.18 18:03:43.333,1.23612,1.23634,3.00,1.13
2011.10.18 18:03:43.898,1.23612,1.23634,3.00,1.13
2011.10.18 18:03:44.664,1.23612,1.23634,3.00,1.13
2011.10.18 18:03:45.583,1.23612,1.23635,5.25,1.50
2011.10.18 18:04:08.273,1.23615,1.23635,1.50,3.00
2011.10.18 18:04:08.829,1.23615,1.2364,2.25,1.88
2011.10.18 18:04:08.965,1.23617,1.2364,1.50,2.63
2011.10.18 18:04:09.314,1.23617,1.2364,1.50,1.13
2011.10.18 18:04:10.366,1.23615,1.23639,1.50,1.50
2011.10.18 18:04:10.726,1.23617,1.2364,1.50,1.50
2011.10.18 18:04:10.846,1.23617,1.2364,1.50,1.88
2011.10.18 18:04:11.307,1.23615,1.23637,1.50,1.88
2011.10.18 18:04:15.714,1.23615,1.23637,1.50,1.50
2011.10.18 18:04:16.405,1.23615,1.23637,1.50,1.88
2011.10.18 18:04:16.771,1.23613,1.23634,1.50,1.13
2011.10.18 18:04:17.139,1.23613,1.23634,1.50,1.13
2011.10.18 18:04:17.734,1.23613,1.23631,1.50,1.13
2011.10.18 18:04:18.326,1.23613,1.23634,1.50,1.13
2011.10.18 18:04:18.893,1.23613,1.23634,1.50,1.13
2011.10.18 18:04:19.609,1.23613,1.23635,1.50,1.50
2011.10.18 18:04:20.097,1.23615,1.23637,1.50,1.88
2011.10.18 18:04:23.648,1.23615,1.23636,1.50,1.13
2011.10.18 18:04:24.227,1.23615,1.23636,1.50,1.13
2011.10.18 18:04:26.385,1.23615,1.23636,1.50,1.13
2011.10.18 18:04:28.485,1.23615,1.23635,1.50,1.13
2011.10.18 18:04:30.304,1.23613,1.23635,1.50,1.88
2011.10.18 18:04:31.073,1.23613,1.23635,1.50,1.50
2011.10.18 18:04:31.534,1.23613,1.23636,2.25,1.50
2011.10.18 18:04:31.774,1.23615,1.23638,1.50,1.88
2011.10.18 18:04:32.876,1.23615,1.23638,1.50,1.13
2011.10.18 18:04:33.236,1.23615,1.23636,3.00,1.13
2011.10.18 18:04:33.944,1.23615,1.23637,3.00,1.13
2011.10.18 18:04:34.515,1.23615,1.23637,3.00,1.13
2011.10.18 18:04:34.756,1.23615,1.2364,3.00,3.38
2011.10.18 18:04:35.653,1.23617,1.23641,1.50,1.13
2011.10.18 18:04:36.377,1.23617,1.23641,1.50,1.88
2011.10.18 18:04:37.520,1.23617,1.23641,1.50,1.88
2011.10.18 18:04:42.136,1.23617,1.23641,1.50,1.88
2011.10.18 18:04:42.498,1.23615,1.23639,1.50,1.13
2011.10.18 18:04:42.963,1.23615,1.23639,1.50,1.13
2011.10.18 18:04:43.088,1.23615,1.23639,1.50,1.13
2011.10.18 18:04:43.640,1.23615,1.23639,1.50,1.88
2011.10.18 18:04:43.766,1.23615,1.23639,1.50,1.88
2011.10.18 18:04:44.245,1.23614,1.23637,1.50,1.50
2011.10.18 18:04:44.595,1.23616,1.23639,1.50,1.88
2011.10.18 18:04:45.364,1.23615,1.23639,2.25,1.88
2011.10.18 18:04:48.549,1.23615,1.23639,2.25,1.88
2011.10.18 18:04:49.535,1.23615,1.23639,2.25,1.88
2011.10.18 18:04:50.132,1.23615,1.23639,2.25,1.88
2011.10.18 18:04:50.585,1.23615,1.23639,2.25,1.88
2011.10.18 18:04:50.707,1.23613,1.23635,3.75,1.13
2011.10.18 18:04:51.431,1.23613,1.23635,1.50,1.13
2011.10.18 18:04:52.674,1.23613,1.23635,1.50,1.13
2011.10.18 18:04:53.234,1.23616,1.23635,1.50,1.13
2011.10.18 18:04:53.695,1.23613,1.23634,1.50,1.13
2011.10.18 18:04:54.223,1.23614,1.2363,3.00,1.13
2011.10.18 18:04:54.470,1.23612,1.2363,1.50,1.13
2011.10.18 18:05:01.595,1.23612,1.23633,1.50,1.13
2011.10.18 18:05:02.548,1.23612,1.23635,1.50,3.38
2011.10.18 18:05:03.543,1.23614,1.23636,3.00,1.13
2011.10.18 18:05:03.790,1.23614,1.23636,3.00,1.13
2011.10.18 18:05:03.919,1.23614,1.23636,3.00,1.13
2011.10.18 18:05:04.174,1.23614,1.23637,3.00,3.75
2011.10.18 18:05:04.431,1.23617,1.23641,1.50,5.20
2011.10.18 18:05:04.561,1.23618,1.23641,1.50,4.45
2011.10.18 18:05:05.174,1.2362,1.23644,3.00,1.50
2011.10.18 18:05:05.624,1.23619,1.23643,1.50,1.50
2011.10.18 18:05:05.755,1.23619,1.23641,1.50,1.13
2011.10.18 18:05:05.879,1.23617,1.2364,1.50,1.13
2011.10.18 18:05:06.127,1.23617,1.23641,1.50,1.50
2011.10.18 18:05:06.727,1.23617,1.2364,1.50,1.13
2011.10.18 18:05:07.448,1.23617,1.2364,1.50,1.50
2011.10.18 18:05:07.686,1.23617,1.23637,1.50,1.13
2011.10.18 18:05:08.207,1.23617,1.23637,1.50,1.50
2011.10.18 18:05:08.903,1.23614,1.23637,3.00,1.88
2011.10.18 18:05:11.776,1.23614,1.23637,3.00,1.50
2011.10.18 18:05:12.286,1.23612,1.23634,1.50,3.38
2011.10.18 18:05:12.649,1.23612,1.2363,1.50,1.13
2011.10.18 18:05:13.734,1.23612,1.2363,1.50,1.13
2011.10.18 18:05:15.777,1.23612,1.2363,1.50,1.13
2011.10.18 18:05:22.107,1.23612,1.23628,1.50,1.88
2011.10.18 18:05:22.827,1.23612,1.23628,1.50,1.13
2011.10.18 18:05:23.186,1.23616,1.23635,1.50,1.37
2011.10.18 18:05:23.307,1.23617,1.23639,1.50,1.88
2011.10.18 18:05:24.843,1.23618,1.23639,1.50,1.13
2011.10.18 18:05:25.076,1.23618,1.2364,1.50,1.13
2011.10.18 18:05:26.421,1.23618,1.2364,2.25,1.13
2011.10.18 18:05:27.029,1.23618,1.23639,2.25,1.13
2011.10.18 18:05:33.845,1.23618,1.23638,1.50,1.13
2011.10.18 18:05:34.419,1.23618,1.23638,1.50,1.13
2011.10.18 18:05:35.192,1.23618,1.23639,1.50,1.13
2011.10.18 18:05:38.164,1.23618,1.23638,1.50,1.13
2011.10.18 18:05:42.483,1.23618,1.23638,1.50,1.13
2011.10.18 18:05:43.206,1.23618,1.23639,2.25,1.13
2011.10.18 18:05:58.427,1.23618,1.23641,2.25,1.13
2011.10.18 18:05:58.665,1.2362,1.23641,1.50,1.13
2011.10.18 18:05:58.894,1.2362,1.23641,2.25,1.13
2011.10.18 18:05:59.015,1.2362,1.23641,1.50,1.13
2011.10.18 18:05:59.254,1.2362,1.23641,3.00,1.13
2011.10.18 18:06:00.074,1.2362,1.23642,3.00,1.13
2011.10.18 18:06:00.603,1.2362,1.23643,3.75,1.88
2011.10.18 18:06:00.739,1.23621,1.23643,1.13,1.50
2011.10.18 18:06:00.987,1.23622,1.23645,2.25,1.50
2011.10.18 18:06:01.466,1.23621,1.23646,1.13,3.75
2011.10.18 18:06:01.585,1.23622,1.23646,3.00,1.50
2011.10.18 18:06:01.944,1.23621,1.23646,1.13,3.75
2011.10.18 18:06:03.973,1.2362,1.23643,3.38,1.13
2011.10.18 18:06:04.515,1.23622,1.23645,1.50,1.13
2011.10.18 18:06:04.638,1.23622,1.23644,1.50,1.13
2011.10.18 18:06:06.036,1.2362,1.23644,1.50,1.50
2011.10.18 18:06:08.428,1.23619,1.23643,1.50,1.88
2011.10.18 18:06:10.551,1.2362,1.23643,2.25,1.88
2011.10.18 18:06:10.915,1.2362,1.23643,1.50,1.88
2011.10.18 18:06:11.575,1.23619,1.23643,2.25,2.63
2011.10.18 18:06:13.779,1.23619,1.23642,2.25,1.50
2011.10.18 18:06:13.911,1.23616,1.23638,1.50,1.88
2011.10.18 18:06:14.274,1.23619,1.23638,1.50,1.13
2011.10.18 18:06:17.089,1.23618,1.23636,1.50,1.13
2011.10.18 18:06:17.697,1.23616,1.23636,1.50,3.38
2011.10.18 18:06:18.241,1.23612,1.23636,4.50,3.75
2011.10.18 18:06:18.964,1.23612,1.23636,3.75,3.75
2011.10.18 18:06:19.316,1.23612,1.2363,2.25,1.50
2011.10.18 18:06:19.433,1.23612,1.2363,2.25,1.50
2011.10.18 18:06:20.374,1.23612,1.2363,2.25,1.50
2011.10.18 18:06:21.377,1.23612,1.2363,2.25,1.50
2011.10.18 18:06:23.217,1.23612,1.23635,5.25,1.88
2011.10.18 18:06:23.580,1.23612,1.23634,3.00,1.13
2011.10.18 18:06:25.012,1.23612,1.23628,3.00,1.50
2011.10.18 18:06:25.144,1.23612,1.23628,3.00,1.50
2011.10.18 18:06:25.745,1.23612,1.23628,3.00,1.50
2011.10.18 18:06:29.350,1.23612,1.23628,2.25,4.13
2011.10.18 18:06:29.483,1.23609,1.23628,1.50,4.50
2011.10.18 18:06:29.852,1.23609,1.23627,1.50,3.00
2011.10.18 18:06:30.325,1.23609,1.23627,1.50,2.25
2011.10.18 18:06:30.866,1.23609,1.23628,1.50,1.50
2011.10.18 18:06:31.113,1.23613,1.23634,2.25,2.12
2011.10.18 18:06:31.238,1.23611,1.23634,3.00,3.62
2011.10.18 18:06:32.657,1.23612,1.23628,2.25,1.50
2011.10.18 18:06:33.006,1.23613,1.23631,1.50,1.50
2011.10.18 18:06:33.406,1.23615,1.23636,1.50,1.88
2011.10.18 18:06:36.379,1.23614,1.23636,1.50,1.13
2011.10.18 18:06:36.751,1.23614,1.23634,1.50,1.13
2011.10.18 18:06:37.357,1.23614,1.23634,1.50,1.13
2011.10.18 18:06:37.596,1.23614,1.23634,1.50,1.13
2011.10.18 18:06:37.957,1.23614,1.23633,1.50,1.13
2011.10.18 18:06:38.519,1.23612,1.23633,1.13,3.38
2011.10.18 18:06:39.126,1.23611,1.23633,1.50,3.38
2011.10.18 18:06:39.475,1.2361,1.23632,1.13,1.50
2011.10.18 18:06:39.717,1.2361,1.23633,1.88,3.38
2011.10.18 18:06:39.945,1.23609,1.23632,1.88,1.50
2011.10.18 18:06:42.330,1.2361,1.23632,1.64,1.50
2011.10.18 18:06:42.470,1.23613,1.23636,1.50,1.50
2011.10.18 18:06:42.892,1.23617,1.23637,1.50,1.50
2011.10.18 18:06:43.025,1.23617,1.2364,1.50,1.88
2011.10.18 18:06:44.105,1.23617,1.2364,1.50,1.88
2011.10.18 18:06:46.191,1.23617,1.2364,1.50,1.88
2011.10.18 18:06:46.796,1.23617,1.2364,1.50,1.13
2011.10.18 18:06:52.155,1.23618,1.23641,3.00,2.63
2011.10.18 18:06:55.011,1.23622,1.23641,1.50,1.13
2011.10.18 18:06:55.622,1.23622,1.23641,1.50,1.13
2011.10.18 18:06:56.144,1.2362,1.23641,1.50,1.13
2011.10.18 18:06:56.725,1.23619,1.23641,3.75,1.13
2011.10.18 18:07:00.257,1.23619,1.23641,3.00,1.88
2011.10.18 18:07:02.595,1.2362,1.23641,1.50,1.13
2011.10.18 18:07:08.137,1.2362,1.23641,1.50,1.13
2011.10.18 18:07:14.174,1.2362,1.23641,1.50,1.13
2011.10.18 18:07:16.645,1.2362,1.23641,1.50,1.13
2011.10.18 18:07:19.761,1.23619,1.23638,3.00,1.13
2011.10.18 18:07:24.943,1.23619,1.23639,3.00,1.13
2011.10.18 18:07:31.523,1.23619,1.23637,3.00,1.13
2011.10.18 18:07:33.501,1.23619,1.23639,3.00,3.00
2011.10.18 18:07:33.868,1.23622,1.23642,1.50,1.13
2011.10.18 18:07:34.540,1.23622,1.23643,1.50,1.13
2011.10.18 18:07:35.137,1.23622,1.23644,1.50,1.13
2011.10.18 18:07:35.624,1.23622,1.23643,2.25,1.13
2011.10.18 18:07:36.109,1.2362,1.23641,2.25,1.13
2011.10.18 18:07:36.361,1.2362,1.23642,3.75,1.13
2011.10.18 18:07:36.879,1.23621,1.23639,1.50,1.13
2011.10.18 18:07:37.489,1.2362,1.23642,1.50,3.33
2011.10.18 18:07:38.326,1.2362,1.2364,1.50,2.58
2011.10.18 18:07:39.388,1.2362,1.23641,2.25,3.33
2011.10.18 18:07:40.179,1.23621,1.23641,3.00,2.58
2011.10.18 18:07:40.306,1.23621,1.23641,1.50,2.58
2011.10.18 18:07:40.875,1.23622,1.23642,1.50,1.13
2011.10.18 18:07:41.444,1.2362,1.23642,2.25,1.13
2011.10.18 18:07:41.786,1.23621,1.23641,3.00,1.13
2011.10.18 18:07:42.508,1.23621,1.23644,3.75,1.88
2011.10.18 18:07:42.748,1.23621,1.23644,3.00,1.50
2011.10.18 18:07:43.233,1.23621,1.23644,3.75,1.50
2011.10.18 18:07:43.357,1.23621,1.23644,3.75,1.50
2011.10.18 18:07:45.006,1.23621,1.23644,3.00,1.50
2011.10.18 18:07:45.798,1.23621,1.23644,3.00,1.50
2011.10.18 18:07:46.034,1.2362,1.23642,1.50,1.50
2011.10.18 18:07:47.141,1.23621,1.23641,3.00,1.13
2011.10.18 18:07:47.981,1.23622,1.23641,1.50,1.88
2011.10.18 18:07:49.036,1.23622,1.23641,1.50,1.88
2011.10.18 18:07:52.095,1.2362,1.23641,2.25,1.13
2011.10.18 18:07:52.216,1.23622,1.23642,1.50,1.13
2011.10.18 18:07:52.718,1.23622,1.2364,1.50,1.13
2011.10.18 18:07:52.838,1.23617,1.23638,3.00,1.13
2011.10.18 18:07:55.495,1.23617,1.23636,3.00,2.95
2011.10.18 18:07:56.428,1.23614,1.23634,1.50,3.38
2011.10.18 18:07:57.138,1.23614,1.23634,1.50,3.38
2011.10.18 18:07:57.256,1.23613,1.23633,1.50,1.88
2011.10.18 18:07:58.837,1.23613,1.23633,1.50,1.88
2011.10.18 18:07:59.064,1.2361,1.23633,5.39,3.38
2011.10.18 18:08:02.878,1.23612,1.23633,1.50,3.33
2011.10.18 18:08:03.711,1.23611,1.23633,3.00,1.88
2011.10.18 18:08:04.156,1.23611,1.23629,3.00,1.13
2011.10.18 18:08:04.756,1.2361,1.23626,3.00,1.13
2011.10.18 18:08:04.878,1.23608,1.23626,3.00,1.13
2011.10.18 18:08:04.995,1.23608,1.23625,3.00,1.13
2011.10.18 18:08:05.357,1.23605,1.23621,1.50,1.50
2011.10.18 18:08:06.063,1.23605,1.23621,1.50,1.50
2011.10.18 18:08:06.313,1.23605,1.2362,1.50,1.50
2011.10.18 18:08:06.447,1.23605,1.23617,1.50,1.50
2011.10.18 18:08:07.168,1.23603,1.23622,1.50,1.13
2011.10.18 18:08:07.287,1.23603,1.23622,1.50,1.13
2011.10.18 18:08:08.465,1.23604,1.23623,3.00,1.13
2011.10.18 18:08:09.055,1.23604,1.23625,3.00,1.13
2011.10.18 18:08:11.604,1.23607,1.23626,1.50,1.13
2011.10.18 18:08:11.735,1.23608,1.23631,3.75,2.25
2011.10.18 18:08:11.867,1.2361,1.23631,3.00,2.95
2011.10.18 18:08:12.226,1.23614,1.23636,2.25,1.88
2011.10.18 18:08:12.347,1.23613,1.23635,2.25,1.50
2011.10.18 18:08:12.929,1.23613,1.23636,1.50,1.50
2011.10.18 18:08:13.424,1.23615,1.2364,1.88,3.15
2011.10.18 18:08:14.026,1.23616,1.2364,1.50,3.00
2011.10.18 18:08:16.663,1.23615,1.23637,1.88,1.50
2011.10.18 18:08:16.893,1.23615,1.23637,1.88,1.50
2011.10.18 18:08:18.863,1.23615,1.23637,1.88,1.50
2011.10.18 18:08:19.389,1.23617,1.2364,1.50,1.50
2011.10.18 18:08:19.755,1.2362,1.23642,1.50,1.50
2011.10.18 18:08:20.814,1.23622,1.23643,1.50,1.13
2011.10.18 18:08:21.416,1.23622,1.23643,1.50,1.13
2011.10.18 18:08:21.921,1.23622,1.23643,1.50,1.13
2011.10.18 18:08:22.754,1.23622,1.23644,1.50,1.88
2011.10.18 18:08:24.405,1.23622,1.23644,1.50,1.28
2011.10.18 18:08:24.538,1.23622,1.23645,1.50,2.03
2011.10.18 18:08:25.073,1.23625,1.23646,1.50,1.13
2011.10.18 18:08:25.197,1.23621,1.23645,1.50,1.13
2011.10.18 18:08:25.438,1.2362,1.23643,1.50,3.00
2011.10.18 18:08:26.844,1.23622,1.23643,1.50,1.13
2011.10.18 18:08:28.859,1.2362,1.23641,1.50,1.13
2011.10.18 18:08:29.348,1.2362,1.23643,1.50,1.13
2011.10.18 18:08:29.937,1.23622,1.23644,1.50,1.13
2011.10.18 18:08:30.177,1.23622,1.23644,1.50,1.13
2011.10.18 18:08:30.774,1.23622,1.23645,1.50,1.88
2011.10.18 18:08:31.325,1.23622,1.23644,1.50,1.88
2011.10.18 18:08:31.452,1.2362,1.2364,1.50,1.50
2011.10.18 18:08:36.770,1.2362,1.23643,1.88,3.00
2011.10.18 18:08:37.019,1.23619,1.23642,1.50,1.50
2011.10.18 18:08:40.237,1.23621,1.23644,1.50,1.50
2011.10.18 18:08:40.355,1.23623,1.23646,2.25,1.88
2011.10.18 18:08:40.936,1.23623,1.23645,2.25,1.13
2011.10.18 18:08:41.526,1.23623,1.23645,1.50,2.63
2011.10.18 18:08:42.136,1.23623,1.23644,1.50,1.50
2011.10.18 18:08:42.987,1.23623,1.23645,1.50,2.25
2011.10.18 18:08:43.576,1.23622,1.23645,1.50,2.25
2011.10.18 18:08:56.840,1.23621,1.23642,1.50,1.13
2011.10.18 18:08:57.685,1.23621,1.23642,1.50,1.13
2011.10.18 18:08:59.572,1.23618,1.23637,3.00,1.13
2011.10.18 18:09:01.965,1.23618,1.23639,3.00,1.13
2011.10.18 18:09:02.090,1.23618,1.23636,3.00,5.63
2011.10.18 18:09:02.222,1.23618,1.23635,3.00,2.25
2011.10.18 18:09:02.350,1.23617,1.23635,1.50,2.25
2011.10.18 18:09:02.482,1.2362,1.2364,1.50,1.13
2011.10.18 18:09:03.086,1.23621,1.23644,2.25,2.03
2011.10.18 18:09:04.253,1.23621,1.23644,2.25,2.03
2011.10.18 18:09:07.525,1.23622,1.23643,1.50,1.28
2011.10.18 18:09:12.414,1.23622,1.23644,1.50,1.88
2011.10.18 18:09:19.765,1.23623,1.23646,1.50,4.08
2011.10.18 18:09:24.522,1.23624,1.23646,1.50,1.88
2011.10.18 18:09:27.873,1.23624,1.23646,1.50,3.33
2011.10.18 18:09:28.489,1.23623,1.23646,1.50,4.08
2011.10.18 18:09:32.124,1.23622,1.23644,2.25,1.13
2011.10.18 18:09:32.703,1.23622,1.23644,1.50,1.28
2011.10.18 18:09:35.476,1.23622,1.23643,1.50,1.13
2011.10.18 18:09:35.720,1.23622,1.23646,2.25,1.50
2011.10.18 18:09:35.851,1.23624,1.23646,1.50,1.50
2011.10.18 18:09:36.576,1.23624,1.23647,1.50,1.88
2011.10.18 18:09:38.866,1.23624,1.23648,1.50,2.63
2011.10.18 18:09:39.469,1.23622,1.23645,1.50,1.50
2011.10.18 18:09:40.320,1.23621,1.23644,2.63,1.50
2011.10.18 18:09:44.286,1.23623,1.23646,1.50,1.50
2011.10.18 18:09:44.513,1.23621,1.23644,2.63,1.50
2011.10.18 18:09:46.873,1.23622,1.23644,1.50,1.50
2011.10.18 18:09:50.766,1.23623,1.23645,2.25,1.50
2011.10.18 18:09:51.015,1.23622,1.23646,1.88,2.25
2011.10.18 18:09:51.149,1.23623,1.23646,1.50,2.25
2011.10.18 18:09:53.357,1.23623,1.23645,1.50,1.13
2011.10.18 18:09:53.718,1.23622,1.23645,3.00,1.50
2011.10.18 18:09:54.315,1.23622,1.23645,3.75,1.50
2011.10.18 18:09:57.257,1.23622,1.23645,1.50,2.25
2011.10.18 18:09:58.417,1.23622,1.23645,3.00,1.50
2011.10.18 18:10:00.345,1.23621,1.23644,1.50,1.50
2011.10.18 18:10:02.208,1.23623,1.23645,1.50,1.50
2011.10.18 18:10:02.637,1.23622,1.23643,1.50,1.50
2011.10.18 18:10:03.656,1.23622,1.23645,3.75,1.50
2011.10.18 18:10:04.309,1.23623,1.23645,1.50,1.50
2011.10.18 18:10:13.595,1.23622,1.23643,1.50,1.50
2011.10.18 18:10:13.825,1.23624,1.23647,3.00,1.50
2011.10.18 18:10:18.228,1.23624,1.23647,3.00,1.50
2011.10.18 18:10:18.567,1.23624,1.23647,3.00,1.50
2011.10.18 18:10:20.799,1.23624,1.23647,3.00,1.88
2011.10.18 18:10:21.396,1.23624,1.23647,3.75,1.88
2011.10.18 18:10:22.229,1.23624,1.23646,3.00,1.13
2011.10.18 18:10:22.597,1.23624,1.23646,1.50,1.88
2011.10.18 18:10:24.787,1.23623,1.23646,1.50,1.88
2011.10.18 18:10:25.142,1.23625,1.23646,2.25,1.13
2011.10.18 18:10:25.740,1.23625,1.23648,2.25,1.88
2011.10.18 18:10:28.765,1.23625,1.23648,1.50,1.88
2011.10.18 18:10:29.223,1.23625,1.23648,2.25,1.88
2011.10.18 18:10:36.072,1.23626,1.23648,1.50,1.88
2011.10.18 18:10:36.310,1.23625,1.23648,1.50,1.88
2011.10.18 18:10:36.681,1.23626,1.23648,1.50,1.88
2011.10.18 18:10:37.287,1.23625,1.23647,1.50,1.13
2011.10.18 18:10:38.905,1.23625,1.23648,1.50,1.88
2011.10.18 18:10:40.647,1.23625,1.23648,1.88,1.50
2011.10.18 18:10:41.248,1.23625,1.23646,2.25,1.50
2011.10.18 18:10:44.660,1.23625,1.23648,1.50,1.88
2011.10.18 18:10:45.007,1.23625,1.23648,1.50,1.88
2011.10.18 18:10:45.124,1.23625,1.23648,1.50,1.50
2011.10.18 18:10:45.726,1.23625,1.23648,1.50,1.50
2011.10.18 18:10:45.957,1.23625,1.23648,1.50,1.50
2011.10.18 18:10:49.685,1.23625,1.23648,1.50,1.50
2011.10.18 18:10:52.730,1.23625,1.23648,1.50,1.50
2011.10.18 18:10:52.966,1.23623,1.23646,2.25,1.50
2011.10.18 18:10:53.439,1.23623,1.23645,1.50,1.13
2011.10.18 18:10:54.577,1.23624,1.23646,1.50,1.88
2011.10.18 18:10:59.433,1.23623,1.23645,1.50,1.13
2011.10.18 18:11:01.326,1.23623,1.23643,1.50,1.13
2011.10.18 18:11:01.811,1.23623,1.23643,1.50,1.13
2011.10.18 18:11:02.176,1.23623,1.23645,1.50,1.13
2011.10.18 18:11:05.564,1.23623,1.23644,1.50,1.13
2011.10.18 18:11:05.806,1.23617,1.2364,1.50,1.88
2011.10.18 18:11:06.963,1.23616,1.2364,1.50,1.88
2011.10.18 18:11:07.573,1.23616,1.23637,3.00,1.13
2011.10.18 18:11:08.294,1.23617,1.23638,1.50,1.13
2011.10.18 18:11:09.264,1.23617,1.23637,1.50,1.13
2011.10.18 18:11:10.224,1.23617,1.23637,1.50,1.13
2011.10.18 18:11:10.572,1.2362,1.23642,1.50,1.88
2011.10.18 18:11:10.692,1.23619,1.2364,1.50,1.88
2011.10.18 18:11:11.382,1.2362,1.23641,1.50,1.13
2011.10.18 18:11:11.983,1.2362,1.23641,1.50,1.13
2011.10.18 18:11:13.059,1.23617,1.23641,2.25,1.50
2011.10.18 18:11:14.627,1.23617,1.23641,1.50,1.50
2011.10.18 18:11:15.414,1.23618,1.23641,1.13,1.50
2011.10.18 18:11:15.775,1.23619,1.2364,1.50,1.50
2011.10.18 18:11:16.124,1.23619,1.23637,1.50,1.50
2011.10.18 18:11:16.477,1.23619,1.23637,3.00,1.50
2011.10.18 18:11:18.851,1.23619,1.23637,1.50,1.50
2011.10.18 18:11:19.113,1.23615,1.23633,1.50,1.50
2011.10.18 18:11:19.248,1.23616,1.23633,3.00,1.50
2011.10.18 18:11:19.492,1.23619,1.23636,1.50,1.50
2011.10.18 18:11:31.005,1.23619,1.23635,1.50,1.88
2011.10.18 18:11:31.128,1.23614,1.23633,2.25,1.50
2011.10.18 18:11:32.316,1.23616,1.23633,1.50,1.50
2011.10.18 18:11:32.439,1.23616,1.23634,1.50,1.50
2011.10.18 18:11:32.555,1.23617,1.23634,2.25,1.50
2011.10.18 18:11:38.832,1.2362,1.23637,1.50,1.50
2011.10.18 18:11:39.197,1.23621,1.23639,1.88,1.50
2011.10.18 18:11:39.796,1.23623,1.23638,1.88,1.50
2011.10.18 18:11:40.374,1.23623,1.23638,1.13,1.50
2011.10.18 18:11:40.736,1.23623,1.23638,1.88,1.50
2011.10.18 18:11:41.333,1.23624,1.23638,1.13,1.50
2011.10.18 18:11:43.361,1.23626,1.23638,1.50,1.50
2011.10.18 18:11:43.965,1.23623,1.23638,2.25,1.50
2011.10.18 18:11:45.374,1.23626,1.23638,1.50,1.50
2011.10.18 18:11:45.607,1.23625,1.23638,1.50,1.50
2011.10.18 18:11:45.967,1.23626,1.23638,1.50,1.50
2011.10.18 18:11:46.560,1.23626,1.23638,1.50,1.50
2011.10.18 18:11:46.686,1.23626,1.23638,2.25,1.50
2011.10.18 18:11:47.247,1.23624,1.23638,3.75,1.50
2011.10.18 18:11:48.525,1.23626,1.23638,3.00,1.50
2011.10.18 18:11:49.031,1.23626,1.23638,1.50,1.50
2011.10.18 18:11:49.635,1.23627,1.23638,1.50,1.50
2011.10.18 18:11:50.425,1.23624,1.23638,3.00,1.50
2011.10.18 18:11:50.547,1.23619,1.23638,1.50,1.50
2011.10.18 18:11:51.124,1.23618,1.23638,3.38,1.50
2011.10.18 18:11:52.986,1.23621,1.23638,1.13,1.50
2011.10.18 18:11:53.857,1.23623,1.23638,1.50,1.50
2011.10.18 18:11:54.457,1.23624,1.2364,1.13,1.50
2011.10.18 18:11:55.056,1.23625,1.2364,1.88,1.50
2011.10.18 18:11:56.709,1.23625,1.23641,1.88,1.50
2011.10.18 18:11:56.849,1.23621,1.23639,1.50,1.50
2011.10.18 18:11:57.461,1.23623,1.23639,2.25,1.50
2011.10.18 18:11:58.308,1.23624,1.23639,1.50,1.50
2011.10.18 18:11:59.390,1.23623,1.23639,1.50,1.50
2011.10.18 18:11:59.917,1.23624,1.23639,1.50,1.50
2011.10.18 18:12:00.521,1.23623,1.23639,1.50,1.50
2011.10.18 18:12:02.878,1.23622,1.23639,1.88,1.50
2011.10.18 18:12:03.457,1.23622,1.23639,1.13,1.50
2011.10.18 18:12:05.628,1.2362,1.23638,1.50,1.50
2011.10.18 18:12:05.750,1.23619,1.23638,2.25,1.50
2011.10.18 18:12:07.824,1.2362,1.23638,1.50,1.50
2011.10.18 18:12:08.547,1.23619,1.23638,2.25,1.50
2011.10.18 18:12:09.438,1.23623,1.23638,1.50,1.50
2011.10.18 18:12:11.636,1.23622,1.23638,1.50,1.50
2011.10.18 18:12:13.986,1.23622,1.23638,1.50,1.50
2011.10.18 18:12:14.868,1.23618,1.23638,1.50,1.50
2011.10.18 18:12:15.230,1.23616,1.23636,1.50,1.50
2011.10.18 18:12:15.825,1.23616,1.23636,1.50,1.50
2011.10.18 18:12:18.070,1.23615,1.23634,2.25,2.25
2011.10.18 18:12:18.205,1.23611,1.23632,2.63,1.50
2011.10.18 18:12:20.014,1.23611,1.23632,2.77,1.50
2011.10.18 18:12:20.147,1.23611,1.23628,2.39,1.50
2011.10.18 18:12:20.272,1.2361,1.23631,4.50,1.50
2011.10.18 18:12:20.641,1.2361,1.2363,3.75,1.50
2011.10.18 18:12:21.012,1.23607,1.23629,3.75,1.13
2011.10.18 18:12:21.136,1.23607,1.23629,3.75,1.13
2011.10.18 18:12:21.780,1.23607,1.23629,3.75,1.13
2011.10.18 18:12:22.386,1.23609,1.2363,2.25,2.63
2011.10.18 18:12:22.975,1.23608,1.23628,3.00,1.50
2011.10.18 18:12:26.499,1.23608,1.23629,3.00,2.25
2011.10.18 18:12:27.537,1.23609,1.23629,2.25,2.25
2011.10.18 18:12:27.776,1.23612,1.23632,2.25,1.50
2011.10.18 18:12:28.016,1.23613,1.23636,1.50,1.13
2011.10.18 18:12:29.678,1.23612,1.23635,3.00,1.50
2011.10.18 18:12:30.202,1.23612,1.23632,3.00,1.50
2011.10.18 18:12:30.687,1.23611,1.23632,3.75,1.50
2011.10.18 18:12:32.000,1.23612,1.23632,3.00,1.50
2011.10.18 18:12:32.731,1.23612,1.23632,3.38,1.50
2011.10.18 18:12:33.175,1.23613,1.23635,1.50,1.50
2011.10.18 18:12:33.777,1.23612,1.23634,1.13,1.50
2011.10.18 18:12:34.018,1.23612,1.23634,1.88,1.50
2011.10.18 18:12:34.138,1.23613,1.23635,2.25,1.50
2011.10.18 18:12:35.892,1.23616,1.23638,1.13,1.50
2011.10.18 18:12:36.021,1.23616,1.2364,1.88,2.25
2011.10.18 18:12:36.392,1.23614,1.23638,1.88,2.25
2011.10.18 18:12:36.758,1.23614,1.23636,1.13,1.50
2011.10.18 18:12:39.521,1.23613,1.23636,1.50,1.50
2011.10.18 18:12:39.657,1.23612,1.23634,3.00,1.50
2011.10.18 18:12:41.570,1.23612,1.23634,3.00,2.64
2011.10.18 18:12:42.845,1.23612,1.23634,3.00,1.50
2011.10.18 18:12:43.448,1.23612,1.23634,3.00,1.88
2011.10.18 18:12:44.050,1.23612,1.23634,3.00,2.12
2011.10.18 18:12:45.119,1.23611,1.23632,3.75,1.13
2011.10.18 18:12:45.361,1.23609,1.23629,2.25,1.50
2011.10.18 18:12:49.935,1.23609,1.23627,2.25,1.13
2011.10.18 18:12:50.486,1.23605,1.23628,3.75,1.88
2011.10.18 18:12:50.750,1.23605,1.23627,3.00,1.88
2011.10.18 18:12:50.876,1.23608,1.23627,2.25,1.88
2011.10.18 18:12:51.990,1.23606,1.23627,2.25,1.88
2011.10.18 18:12:52.117,1.23606,1.23627,2.25,1.88
2011.10.18 18:12:52.454,1.23606,1.23627,2.25,1.88
2011.10.18 18:12:53.155,1.23606,1.23626,2.25,1.13
2011.10.18 18:12:53.812,1.2361,1.23628,1.50,1.45
2011.10.18 18:12:53.938,1.23612,1.23631,1.50,2.20
2011.10.18 18:12:54.525,1.23612,1.23633,1.50,1.50
2011.10.18 18:12:58.300,1.23612,1.23632,1.50,1.50
2011.10.18 18:12:58.645,1.23612,1.23629,1.50,1.50
2011.10.18 18:13:00.364,1.23612,1.23629,1.88,1.50
2011.10.18 18:13:00.492,1.23613,1.23632,1.27,1.50
2011.10.18 18:13:00.630,1.2362,1.23634,2.25,1.50
2011.10.18 18:13:00.765,1.23617,1.23635,2.25,1.50
2011.10.18 18:13:01.133,1.23617,1.23637,1.50,1.50
2011.10.18 18:13:02.018,1.23618,1.23637,1.50,1.50
2011.10.18 18:13:10.493,1.23619,1.23637,1.64,1.50
2011.10.18 18:13:10.875,1.23624,1.23639,2.25,1.50
2011.10.18 18:13:11.007,1.23622,1.23639,1.50,1.50
2011.10.18 18:13:11.134,1.23622,1.23639,1.50,1.50
2011.10.18 18:13:12.957,1.23624,1.23639,1.50,1.50
2011.10.18 18:13:13.436,1.23624,1.23638,1.50,1.50
2011.10.18 18:13:14.750,1.23623,1.23638,1.50,1.50
2011.10.18 18:13:15.000,1.23622,1.23634,1.50,1.50
2011.10.18 18:13:15.249,1.2362,1.23635,1.50,1.50
2011.10.18 18:13:15.692,1.23617,1.23634,2.25,2.25
2011.10.18 18:13:15.829,1.23619,1.23634,2.25,1.50
2011.10.18 18:13:24.620,1.23619,1.23633,1.50,1.50
2011.10.18 18:13:24.870,1.23616,1.23633,1.50,2.25
2011.10.18 18:13:25.118,1.23617,1.23632,3.00,2.20
2011.10.18 18:13:25.478,1.23615,1.23631,1.50,1.50
2011.10.18 18:13:25.597,1.23615,1.23631,1.50,4.13
2011.10.18 18:13:25.962,1.23615,1.23629,1.50,1.88
2011.10.18 18:13:26.620,1.23614,1.23628,1.50,1.88
2011.10.18 18:13:27.227,1.23613,1.23628,2.25,1.50
2011.10.18 18:13:29.268,1.23606,1.23628,1.50,2.63
2011.10.18 18:13:30.186,1.23608,1.23627,1.50,1.13
2011.10.18 18:13:30.687,1.23602,1.23626,4.64,2.25
2011.10.18 18:13:31.745,1.23602,1.23622,4.50,1.13
2011.10.18 18:13:32.128,1.23565,1.23586,2.63,2.25
2011.10.18 18:13:32.254,1.23549,1.23583,1.88,2.25
2011.10.18 18:13:32.383,1.23549,1.23579,1.50,1.35
2011.10.18 18:13:32.516,1.23548,1.23572,3.06,1.13
2011.10.18 18:13:32.760,1.23546,1.23576,1.50,4.83
2011.10.18 18:13:32.886,1.23547,1.23576,2.25,4.08
2011.10.18 18:13:33.453,1.2355,1.23576,3.00,4.83
2011.10.18 18:13:34.059,1.23551,1.23576,1.50,3.00
2011.10.18 18:13:34.416,1.23554,1.23577,1.50,3.38
2011.10.18 18:13:34.779,1.2357,1.23585,2.25,1.45
2011.10.18 18:13:34.901,1.23574,1.23591,1.50,1.37
2011.10.18 18:13:35.032,1.23579,1.23591,1.34,1.37
2011.10.18 18:13:35.401,1.23583,1.23595,1.50,1.45
2011.10.18 18:13:35.529,1.23583,1.23602,1.50,2.25
2011.10.18 18:13:35.658,1.23584,1.23602,2.25,2.25
2011.10.18 18:13:36.018,1.23592,1.23604,1.02,1.50
2011.10.18 18:13:36.139,1.23594,1.23605,1.77,3.00
2011.10.18 18:13:36.474,1.23594,1.23607,2.52,2.25
2011.10.18 18:13:36.848,1.23604,1.23618,1.50,1.50
2011.10.18 18:13:36.969,1.23602,1.23618,1.50,1.50
2011.10.18 18:13:37.458,1.23595,1.23617,2.25,1.50
2011.10.18 18:13:37.820,1.23591,1.23613,1.50,1.50
2011.10.18 18:13:38.189,1.23591,1.23613,1.50,1.50
2011.10.18 18:13:40.095,1.2359,1.23613,1.50,1.50
2011.10.18 18:13:40.221,1.23589,1.23612,1.50,2.25
2011.10.18 18:13:42.181,1.23589,1.23609,1.50,1.50
2011.10.18 18:13:42.553,1.2358,1.23602,1.50,1.50
2011.10.18 18:13:42.799,1.23576,1.23602,2.25,1.50
2011.10.18 18:13:42.916,1.23577,1.23602,2.25,1.50
2011.10.18 18:13:43.513,1.23577,1.23602,1.50,2.25
2011.10.18 18:13:44.000,1.23573,1.23599,2.25,1.50
2011.10.18 18:13:44.249,1.23575,1.23599,1.50,1.50
2011.10.18 18:13:44.616,1.2358,1.236,3.00,1.50
2011.10.18 18:13:46.284,1.2358,1.23603,3.75,3.00
2011.10.18 18:13:46.406,1.23585,1.23604,1.50,1.50
2011.10.18 18:13:46.526,1.23585,1.23608,1.50,1.50
2011.10.18 18:13:47.163,1.23585,1.23609,1.50,1.50
2011.10.18 18:13:47.407,1.23585,1.23607,1.50,1.50
2011.10.18 18:13:48.245,1.23586,1.23608,1.50,2.63
2011.10.18 18:13:49.315,1.23586,1.23608,1.50,1.50
2011.10.18 18:13:52.193,1.23584,1.23607,1.50,1.50
2011.10.18 18:13:53.088,1.23585,1.23607,1.50,1.50
2011.10.18 18:13:53.210,1.23586,1.23609,1.50,1.50
2011.10.18 18:14:01.247,1.23587,1.23611,2.25,2.25
2011.10.18 18:14:06.645,1.23586,1.2361,1.50,1.50
2011.10.18 18:14:06.764,1.23586,1.2361,1.50,1.50
2011.10.18 18:14:08.298,1.23586,1.2361,1.50,1.50
2011.10.18 18:14:09.266,1.23585,1.2361,1.50,1.50
2011.10.18 18:14:13.227,1.23586,1.23609,1.50,1.13
2011.10.18 18:14:13.984,1.23588,1.23611,3.00,1.13
2011.10.18 18:14:14.117,1.23591,1.23611,1.50,1.13
2011.10.18 18:14:14.843,1.23591,1.23611,1.50,1.13
2011.10.18 18:14:15.448,1.23591,1.23611,1.50,1.50
2011.10.18 18:14:26.965,1.23591,1.23611,1.50,2.25
2011.10.18 18:14:27.083,1.23591,1.23611,1.50,2.25
2011.10.18 18:14:30.501,1.23591,1.23611,1.50,1.50
2011.10.18 18:14:31.476,1.23591,1.23611,1.50,1.13
2011.10.18 18:14:32.035,1.23591,1.23611,1.50,1.13
2011.10.18 18:14:36.490,1.23591,1.23613,1.50,1.13
2011.10.18 18:14:36.965,1.23591,1.23613,1.50,1.13
2011.10.18 18:14:37.556,1.23591,1.23611,1.50,1.50
2011.10.18 18:14:38.136,1.23591,1.23612,1.50,1.13
2011.10.18 18:14:40.381,1.23592,1.23615,1.50,4.13
2011.10.18 18:14:40.511,1.23592,1.23615,1.50,3.75
2011.10.18 18:14:41.121,1.23592,1.23613,1.50,1.13
2011.10.18 18:14:41.726,1.23592,1.23611,1.50,1.13
2011.10.18 18:14:42.311,1.23592,1.23612,1.50,1.88
2011.10.18 18:14:42.934,1.23592,1.23613,1.50,1.88
2011.10.18 18:14:43.538,1.23592,1.23613,1.50,1.88
2011.10.18 18:14:45.867,1.23591,1.23612,1.50,2.25
2011.10.18 18:14:48.310,1.23591,1.23612,1.50,2.25
2011.10.18 18:14:48.944,1.23591,1.23611,1.50,1.50
2011.10.18 18:14:49.972,1.23591,1.23612,1.50,1.88
2011.10.18 18:14:50.224,1.23591,1.23611,1.50,1.88
2011.10.18 18:14:51.246,1.2359,1.23611,1.50,1.88
2011.10.18 18:14:56.349,1.23587,1.23609,1.50,1.50
2011.10.18 18:14:56.945,1.23587,1.23609,1.50,1.13
2011.10.18 18:14:59.175,1.23587,1.23609,2.25,1.13
2011.10.18 18:14:59.294,1.23589,1.23609,1.50,1.13
2011.10.18 18:14:59.816,1.23587,1.23609,2.25,1.13
2011.10.18 18:15:01.025,1.23587,1.23609,2.25,1.13
2011.10.18 18:15:02.686,1.23587,1.23607,1.50,1.13
2011.10.18 18:15:03.279,1.23587,1.23607,1.50,1.13
2011.10.18 18:15:03.876,1.23587,1.23607,1.50,1.13
2011.10.18 18:15:04.459,1.23586,1.23607,1.50,2.25
2011.10.18 18:15:06.036,1.23585,1.23607,1.50,2.25
2011.10.18 18:15:06.634,1.23587,1.23609,1.50,1.13
2011.10.18 18:15:07.905,1.23587,1.23609,2.25,1.88
2011.10.18 18:15:08.609,1.23589,1.23611,2.25,2.63
2011.10.18 18:15:10.915,1.2359,1.23609,1.50,1.13
2011.10.18 18:15:15.495,1.2359,1.2361,1.50,1.13
2011.10.18 18:15:17.540,1.2359,1.23612,2.25,1.13
2011.10.18 18:15:20.594,1.2359,1.23612,2.25,1.88
2011.10.18 18:15:21.153,1.23591,1.23612,1.50,1.88
2011.10.18 18:15:21.785,1.2359,1.23612,2.25,1.88
2011.10.18 18:15:22.368,1.2359,1.23612,1.50,1.88
2011.10.18 18:15:23.075,1.2359,1.23612,1.50,1.88
2011.10.18 18:15:23.644,1.23588,1.23611,1.50,1.50
2011.10.18 18:15:25.367,1.23588,1.23611,1.50,1.88
2011.10.18 18:15:25.948,1.23589,1.2361,1.50,1.13
2011.10.18 18:15:26.656,1.23589,1.2361,1.50,1.13
2011.10.18 18:15:27.819,1.23589,1.23609,1.50,1.13
2011.10.18 18:15:28.189,1.23587,1.23608,1.50,1.88
2011.10.18 18:15:34.990,1.23593,1.23611,2.25,1.13
2011.10.18 18:15:35.597,1.23593,1.2361,1.50,1.13
2011.10.18 18:15:35.962,1.23594,1.23613,1.50,1.50
2011.10.18 18:15:36.638,1.23593,1.23613,1.50,1.50
2011.10.18 18:15:37.696,1.23593,1.23611,1.50,1.50
2011.10.18 18:15:40.758,1.23594,1.23613,1.50,1.50
2011.10.18 18:15:40.887,1.23599,1.23619,1.50,2.25
2011.10.18 18:15:41.010,1.23601,1.23622,1.50,1.88
2011.10.18 18:15:41.258,1.23601,1.23621,1.50,1.13
2011.10.18 18:15:41.378,1.23602,1.23621,1.50,1.50
2011.10.18 18:15:41.498,1.23606,1.23621,2.25,1.13
2011.10.18 18:15:41.619,1.23606,1.23623,2.25,2.58
2011.10.18 18:15:42.216,1.23605,1.23625,2.25,1.50
2011.10.18 18:15:42.818,1.23605,1.23624,2.25,1.37
2011.10.18 18:15:43.820,1.23605,1.23625,2.25,1.50
2011.10.18 18:15:47.935,1.23605,1.23625,1.50,2.25
2011.10.18 18:15:48.057,1.23605,1.23621,1.50,3.38
2011.10.18 18:15:48.417,1.23604,1.23618,1.50,3.38
2011.10.18 18:15:49.528,1.23601,1.23618,1.64,5.25
2011.10.18 18:15:50.247,1.23605,1.23622,1.50,3.00
2011.10.18 18:15:50.370,1.23605,1.23623,1.50,1.50
2011.10.18 18:15:50.500,1.23607,1.23624,1.50,4.50
2011.10.18 18:15:50.752,1.2361,1.23631,2.25,3.00
2011.10.18 18:15:51.357,1.23611,1.23631,1.50,2.25
2011.10.18 18:15:52.068,1.23603,1.23625,1.88,1.50
2011.10.18 18:15:52.190,1.23603,1.23625,1.88,1.50
2011.10.18 18:15:53.183,1.23605,1.23627,1.50,1.50
2011.10.18 18:15:54.536,1.23605,1.23627,1.50,1.50
2011.10.18 18:15:55.088,1.23605,1.23627,1.50,1.50
2011.10.18 18:15:55.616,1.23603,1.23625,2.63,1.50
2011.10.18 18:15:58.162,1.23606,1.23627,1.50,1.50
2011.10.18 18:15:58.292,1.23606,1.2363,2.25,1.88
2011.10.18 18:15:58.831,1.23605,1.23627,1.50,1.50
2011.10.18 18:15:59.332,1.23605,1.23627,1.50,1.88
2011.10.18 18:15:59.464,1.23604,1.23626,1.50,1.88
2011.10.18 18:15:59.708,1.23602,1.23625,2.25,1.50
2011.10.18 18:16:01.034,1.23603,1.23625,1.50,1.88
2011.10.18 18:16:02.501,1.23603,1.23625,1.50,1.88
2011.10.18 18:16:03.925,1.23603,1.23625,1.50,1.88
2011.10.18 18:16:04.405,1.23602,1.23625,2.25,2.25
2011.10.18 18:16:08.674,1.23602,1.23625,2.25,1.88
2011.10.18 18:16:08.797,1.23604,1.23625,1.50,1.13
2011.10.18 18:16:09.594,1.23604,1.23625,1.50,1.13
2011.10.18 18:16:11.354,1.23604,1.23625,1.50,1.13
2011.10.18 18:16:11.897,1.23604,1.23625,1.50,1.13
2011.10.18 18:16:12.406,1.23604,1.23625,1.50,1.13
2011.10.18 18:16:18.277,1.23604,1.23625,1.50,1.88
2011.10.18 18:16:18.400,1.23605,1.23625,1.50,1.13
2011.10.18 18:16:19.004,1.23606,1.23627,1.50,1.13
2011.10.18 18:16:19.357,1.23605,1.23627,2.25,1.13
2011.10.18 18:16:20.735,1.23605,1.23626,2.25,1.74
2011.10.18 18:16:20.976,1.23604,1.23623,1.50,1.37
2011.10.18 18:16:21.817,1.23603,1.2362,1.50,2.63
2011.10.18 18:16:22.311,1.23601,1.23622,1.13,1.50
2011.10.18 18:16:22.442,1.23602,1.23623,1.50,1.88
2011.10.18 18:16:22.576,1.23602,1.23622,1.50,1.50
2011.10.18 18:16:23.166,1.236,1.23624,1.50,2.63
2011.10.18 18:16:23.407,1.23597,1.23623,2.25,2.25
2011.10.18 18:16:24.117,1.23603,1.23623,1.50,1.50
2011.10.18 18:16:25.507,1.23603,1.23623,1.50,1.13
2011.10.18 18:16:26.111,1.23603,1.23623,1.50,1.13
2011.10.18 18:16:26.484,1.23602,1.23624,2.25,1.13
2011.10.18 18:16:26.968,1.23601,1.23624,1.50,2.87
2011.10.18 18:16:27.216,1.23596,1.23619,3.75,1.88
2011.10.18 18:16:27.723,1.23597,1.23619,1.50,3.38
2011.10.18 18:16:27.861,1.23596,1.23618,1.50,3.38
2011.10.18 18:16:28.465,1.23595,1.23617,1.50,1.13
2011.10.18 18:16:29.887,1.23596,1.23618,2.25,3.00
2011.10.18 18:16:30.245,1.23598,1.23621,1.50,1.50
2011.10.18 18:16:30.611,1.23598,1.2362,1.50,1.13
2011.10.18 18:16:31.148,1.23598,1.2362,1.50,4.13
2011.10.18 18:16:31.632,1.23595,1.23616,2.25,2.63
2011.10.18 18:16:34.380,1.23596,1.23618,1.50,1.88
2011.10.18 18:16:35.105,1.23596,1.23616,1.50,1.13
2011.10.18 18:16:35.706,1.23596,1.23616,1.50,1.13
2011.10.18 18:16:36.282,1.23596,1.23612,1.50,2.63
2011.10.18 18:16:36.647,1.23593,1.23612,1.50,3.38
2011.10.18 18:16:37.505,1.23593,1.23614,1.50,1.13
2011.10.18 18:16:37.640,1.23594,1.23617,1.50,1.88
2011.10.18 18:16:38.234,1.23594,1.23617,1.50,2.63
2011.10.18 18:16:39.189,1.23594,1.23616,1.50,1.74
2011.10.18 18:16:39.308,1.23594,1.23616,1.50,2.87
2011.10.18 18:16:39.672,1.23593,1.23614,2.25,1.13
2011.10.18 18:16:40.769,1.23594,1.23614,1.50,1.13
2011.10.18 18:16:41.235,1.23593,1.23616,2.25,2.95
2011.10.18 18:16:41.361,1.23595,1.23616,3.00,2.58
2011.10.18 18:16:41.609,1.23594,1.23615,1.50,1.45
2011.10.18 18:16:42.187,1.23594,1.23616,1.50,1.13
2011.10.18 18:16:43.676,1.23596,1.23616,1.50,1.13
2011.10.18 18:16:44.199,1.23596,1.23616,1.50,2.25
2011.10.18 18:16:44.449,1.23594,1.23613,1.50,2.63
2011.10.18 18:16:44.801,1.23593,1.23613,1.50,3.38
2011.10.18 18:16:44.929,1.23591,1.23608,1.50,1.37
2011.10.18 18:16:45.048,1.23587,1.23606,1.50,3.00
2011.10.18 18:16:45.294,1.23586,1.23608,1.50,3.00
2011.10.18 18:16:45.423,1.2359,1.23608,1.50,2.25
2011.10.18 18:16:45.672,1.23592,1.23613,1.50,2.20
2011.10.18 18:16:46.157,1.23592,1.23614,1.50,1.13
2011.10.18 18:16:46.534,1.23587,1.2361,3.00,1.50
2011.10.18 18:16:47.128,1.23587,1.2361,3.00,1.50
2011.10.18 18:16:47.599,1.23585,1.23605,1.50,1.50
2011.10.18 18:16:47.717,1.23582,1.23605,1.88,2.25
2011.10.18 18:16:48.306,1.23583,1.23605,1.13,2.25
2011.10.18 18:16:50.536,1.23585,1.23608,1.50,3.00
2011.10.18 18:16:50.655,1.23585,1.23609,2.25,1.50
2011.10.18 18:16:52.979,1.23587,1.23609,1.50,1.50
2011.10.18 18:16:53.338,1.23588,1.23611,3.00,3.00
2011.10.18 18:16:54.159,1.23588,1.2361,3.00,1.13
2011.10.18 18:16:56.306,1.23586,1.23608,1.50,1.88
2011.10.18 18:16:56.885,1.23587,1.23606,1.50,2.87
2011.10.18 18:16:57.466,1.23585,1.23606,1.50,3.62
2011.10.18 18:16:58.924,1.23584,1.23601,3.00,1.88
2011.10.18 18:16:59.055,1.23578,1.23599,1.50,1.13
2011.10.18 18:16:59.297,1.23576,1.23598,2.25,1.88
2011.10.18 18:17:00.621,1.23576,1.23597,2.25,1.50
2011.10.18 18:17:00.867,1.23574,1.23596,1.50,2.25
2011.10.18 18:17:01.350,1.23572,1.23594,1.65,1.13
2011.10.18 18:17:01.600,1.2357,1.23592,1.50,1.13
2011.10.18 18:17:01.971,1.23571,1.23593,1.50,1.83
2011.10.18 18:17:02.467,1.23566,1.23587,1.50,1.13
2011.10.18 18:17:03.069,1.23566,1.23587,1.50,1.13
2011.10.18 18:17:03.614,1.23567,1.23589,1.50,1.13
2011.10.18 18:17:03.986,1.23587,1.23595,3.00,1.13
2011.10.18 18:17:04.112,1.23592,1.23608,1.50,1.37
2011.10.18 18:17:04.241,1.23593,1.23615,1.27,2.95
2011.10.18 18:17:04.372,1.23601,1.23616,1.50,2.20
2011.10.18 18:17:04.499,1.23605,1.23616,1.50,1.45
2011.10.18 18:17:04.620,1.23609,1.23626,2.25,2.25
2011.10.18 18:17:05.226,1.23611,1.23633,1.50,1.50
2011.10.18 18:17:05.592,1.23609,1.23631,2.25,1.50
2011.10.18 18:17:07.269,1.23606,1.23629,3.00,1.50
2011.10.18 18:17:07.871,1.23604,1.23627,3.00,1.50
2011.10.18 18:17:07.999,1.23601,1.23627,1.50,2.25
2011.10.18 18:17:08.724,1.23601,1.23625,1.50,1.50
2011.10.18 18:17:09.327,1.23601,1.23622,3.00,1.50
2011.10.18 18:17:09.814,1.23603,1.23626,1.50,2.63
2011.10.18 18:17:09.946,1.23603,1.23626,2.25,1.88
2011.10.18 18:17:10.073,1.23609,1.23627,2.25,2.25
2011.10.18 18:17:12.151,1.23608,1.23631,1.50,1.50
2011.10.18 18:17:14.107,1.2361,1.23633,3.00,2.25
2011.10.18 18:17:15.926,1.2361,1.2363,1.50,1.50
2011.10.18 18:17:16.833,1.2361,1.2363,1.50,1.50
2011.10.18 18:17:17.324,1.23608,1.23628,1.50,1.50
2011.10.18 18:17:17.690,1.23604,1.23627,3.06,1.50
2011.10.18 18:17:17.820,1.23606,1.23627,1.50,1.50
2011.10.18 18:17:18.072,1.23604,1.23627,1.50,1.50
2011.10.18 18:17:20.063,1.23602,1.23626,1.50,2.25
2011.10.18 18:17:20.667,1.23603,1.23625,1.13,1.50
2011.10.18 18:17:21.476,1.23604,1.23626,1.13,1.50
2011.10.18 18:17:21.614,1.23604,1.23626,1.13,1.50
2011.10.18 18:17:22.220,1.23603,1.23625,1.13,1.50
2011.10.18 18:17:22.595,1.23604,1.23626,1.13,1.50
2011.10.18 18:17:23.101,1.23604,1.23627,1.13,1.50
2011.10.18 18:17:23.472,1.23601,1.23625,1.88,1.50
2011.10.18 18:17:24.889,1.23601,1.23623,1.88,1.50
2011.10.18 18:17:25.372,1.23601,1.23622,1.50,1.50
2011.10.18 18:17:25.765,1.23599,1.23621,1.88,1.50
2011.10.18 18:17:25.902,1.23599,1.23624,2.63,2.25
2011.10.18 18:17:26.033,1.23599,1.23625,2.63,2.25
2011.10.18 18:17:26.996,1.23599,1.23626,2.63,2.25
2011.10.18 18:17:27.116,1.23599,1.23622,1.88,2.25
2011.10.18 18:17:27.587,1.23599,1.23624,1.13,2.25
2011.10.18 18:17:28.378,1.23599,1.23624,1.13,2.25
2011.10.18 18:17:31.605,1.236,1.23621,1.13,1.50
2011.10.18 18:17:31.728,1.23598,1.23621,3.00,1.50
2011.10.18 18:17:32.090,1.23598,1.23619,1.50,1.50
2011.10.18 18:17:32.457,1.23598,1.23619,1.50,1.50
2011.10.18 18:17:33.558,1.23599,1.23623,1.50,1.88
2011.10.18 18:17:33.916,1.23599,1.23623,1.50,1.88
2011.10.18 18:17:34.739,1.23598,1.2362,1.50,1.13
2011.10.18 18:17:38.126,1.23598,1.23621,1.50,1.13
2011.10.18 18:17:39.435,1.23596,1.2362,1.50,1.50
2011.10.18 18:17:41.544,1.23594,1.23617,1.50,1.50
2011.10.18 18:17:42.030,1.23592,1.23617,2.25,3.00
2011.10.18 18:17:42.150,1.2359,1.23614,1.50,1.50
2011.10.18 18:17:42.586,1.23591,1.23616,1.88,2.25
2011.10.18 18:17:42.950,1.23594,1.23617,1.13,1.50
2011.10.18 18:17:43.199,1.23597,1.23622,1.50,1.13
2011.10.18 18:17:44.809,1.23597,1.23621,1.50,1.13
2011.10.18 18:17:45.606,1.23597,1.23621,1.50,1.13
2011.10.18 18:17:46.955,1.23597,1.23621,1.50,1.13
2011.10.18 18:17:47.876,1.23598,1.23623,2.25,1.88
2011.10.18 18:17:48.471,1.23597,1.2362,3.00,1.13
2011.10.18 18:17:49.223,1.23597,1.23619,2.25,1.13
2011.10.18 18:17:49.604,1.23595,1.23618,3.00,1.50
2011.10.18 18:17:51.009,1.23595,1.23618,3.00,1.50
2011.10.18 18:17:51.607,1.23595,1.23618,3.00,1.88
2011.10.18 18:17:52.547,1.23595,1.23618,3.00,1.88
2011.10.18 18:17:53.027,1.23595,1.23618,3.00,1.50
2011.10.18 18:17:53.376,1.23594,1.23616,1.50,1.50
2011.10.18 18:17:54.095,1.23594,1.23616,2.25,1.50
2011.10.18 18:17:54.698,1.23596,1.23619,1.50,1.88
2011.10.18 18:17:56.487,1.23596,1.23619,1.50,1.50
2011.10.18 18:17:59.734,1.23596,1.23619,1.50,1.88
2011.10.18 18:18:05.739,1.23593,1.23616,3.75,1.50
2011.10.18 18:18:06.295,1.23593,1.23616,3.00,1.50
2011.10.18 18:18:08.434,1.23595,1.23618,1.50,1.50
2011.10.18 18:18:09.161,1.23595,1.23621,2.25,1.88
2011.10.18 18:18:09.534,1.23598,1.23622,1.50,1.50
2011.10.18 18:18:13.416,1.23599,1.23625,1.50,2.63
2011.10.18 18:18:14.097,1.23599,1.23623,1.50,1.13
2011.10.18 18:18:14.457,1.23598,1.2362,1.50,1.13
2011.10.18 18:18:15.166,1.23598,1.23622,1.50,1.50
2011.10.18 18:18:16.482,1.23598,1.23619,1.50,1.13
2011.10.18 18:18:16.613,1.23595,1.23619,2.25,1.88
2011.10.18 18:18:16.745,1.23595,1.23619,2.25,1.88
2011.10.18 18:18:17.707,1.23595,1.2362,2.25,1.88
2011.10.18 18:18:20.042,1.23597,1.23619,1.50,1.50
2011.10.18 18:18:20.531,1.23598,1.2362,1.50,1.13
2011.10.18 18:18:20.663,1.23598,1.2362,1.50,1.13
2011.10.18 18:18:21.804,1.23598,1.23618,1.50,1.13
2011.10.18 18:18:22.410,1.23598,1.23621,1.50,1.88
2011.10.18 18:18:23.032,1.23598,1.23621,1.50,1.50
2011.10.18 18:18:23.606,1.23598,1.23622,1.50,2.25
2011.10.18 18:18:28.022,1.23599,1.23622,2.25,2.25
2011.10.18 18:18:30.382,1.23601,1.23627,3.00,3.75
2011.10.18 18:18:30.748,1.23605,1.23631,1.50,1.50
2011.10.18 18:18:30.990,1.23605,1.23629,1.50,2.25
2011.10.18 18:18:31.358,1.23606,1.2363,1.50,1.50
2011.10.18 18:18:34.770,1.23608,1.23632,1.50,1.50
2011.10.18 18:18:35.454,1.23608,1.23631,1.50,2.25
2011.10.18 18:18:36.788,1.23605,1.23628,1.50,2.25
2011.10.18 18:18:37.161,1.23607,1.23633,3.00,3.00
2011.10.18 18:18:37.407,1.23606,1.2363,1.50,1.50
2011.10.18 18:18:45.923,1.23602,1.23628,1.88,1.50
2011.10.18 18:18:46.502,1.23601,1.23625,1.50,1.50
2011.10.18 18:18:47.108,1.23599,1.23624,3.00,1.50
2011.10.18 18:18:47.706,1.23601,1.23625,1.50,1.50
2011.10.18 18:18:48.419,1.23602,1.23626,3.00,2.25
2011.10.18 18:18:49.204,1.23605,1.23627,1.50,2.63
2011.10.18 18:18:49.565,1.23602,1.23625,1.50,1.88
2011.10.18 18:18:49.927,1.23601,1.23622,1.50,1.88
2011.10.18 18:18:50.990,1.23601,1.23621,1.50,1.13
2011.10.18 18:18:53.128,1.23598,1.2362,1.50,1.13
2011.10.18 18:18:54.799,1.23595,1.2362,3.75,1.13
2011.10.18 18:18:55.942,1.23599,1.23621,1.50,1.88
2011.10.18 18:18:56.066,1.23599,1.23621,1.50,1.88
2011.10.18 18:18:56.426,1.23598,1.23621,2.25,2.63
2011.10.18 18:18:57.005,1.23599,1.23621,1.50,1.13
2011.10.18 18:18:57.247,1.23599,1.23622,2.25,1.88
2011.10.18 18:18:57.836,1.23599,1.2362,2.25,1.13
2011.10.18 18:18:58.430,1.23598,1.2362,1.50,1.88
2011.10.18 18:19:16.627,1.23598,1.2362,1.50,1.50
2011.10.18 18:19:17.230,1.23599,1.23622,2.25,1.13
2011.10.18 18:19:17.481,1.236,1.23623,1.50,1.50
2011.10.18 18:19:17.610,1.236,1.23621,1.50,1.13
2011.10.18 18:19:23.120,1.23599,1.23624,2.25,1.88
2011.10.18 18:19:23.824,1.23601,1.23623,1.50,1.13
2011.10.18 18:19:24.680,1.23601,1.23624,3.00,1.13
2011.10.18 18:19:25.877,1.23601,1.23624,3.00,1.13
2011.10.18 18:19:26.867,1.236,1.23622,2.25,1.13
2011.10.18 18:19:26.999,1.23601,1.23623,3.00,1.13
2011.10.18 18:19:28.488,1.23601,1.23624,3.75,1.88
2011.10.18 18:19:31.951,1.23601,1.23622,3.75,1.13
2011.10.18 18:19:32.548,1.23602,1.23624,1.50,1.13
2011.10.18 18:19:33.268,1.23602,1.23624,1.50,1.13
2011.10.18 18:19:34.557,1.23602,1.23624,1.50,1.13
2011.10.18 18:19:36.797,1.236,1.23622,2.25,1.13
2011.10.18 18:19:38.307,1.23601,1.23622,1.50,1.13
2011.10.18 18:19:39.259,1.23603,1.23625,1.50,1.13
2011.10.18 18:19:42.598,1.23603,1.23626,3.00,1.88
2011.10.18 18:19:43.215,1.23602,1.23626,1.50,2.63
2011.10.18 18:19:43.505,1.23604,1.23626,1.50,1.88
2011.10.18 18:19:44.476,1.23605,1.23628,2.25,2.63
2011.10.18 18:19:44.838,1.23605,1.23627,2.25,1.50
2011.10.18 18:19:44.963,1.23603,1.23627,1.50,3.00
2011.10.18 18:19:46.575,1.23603,1.23626,1.50,1.50
2011.10.18 18:19:47.358,1.23602,1.23625,1.50,1.50
2011.10.18 18:19:48.297,1.23603,1.23625,1.50,1.50
2011.10.18 18:19:48.865,1.23601,1.23622,1.50,1.50
2011.10.18 18:19:49.434,1.236,1.23622,2.25,1.50
2011.10.18 18:19:54.654,1.236,1.23622,1.50,2.25
2011.10.18 18:19:56.311,1.236,1.23622,1.50,1.50
2011.10.18 18:19:59.677,1.236,1.23622,1.50,1.50
2011.10.18 18:20:00.000,1.23601,1.23622,1.50,1.50
2011.10.18 18:20:02.326,1.23602,1.23624,2.25,1.50
2011.10.18 18:20:05.981,1.23604,1.23626,1.50,1.50
2011.10.18 18:20:06.112,1.23606,1.23626,1.50,1.50
2011.10.18 18:20:06.238,1.23608,1.23626,3.00,1.50
2011.10.18 18:20:06.695,1.23609,1.23629,1.50,1.13
2011.10.18 18:20:07.060,1.23606,1.23629,1.50,1.50
2011.10.18 18:20:07.908,1.23606,1.23629,2.25,1.50
2011.10.18 18:20:08.351,1.23606,1.23629,1.50,1.88
2011.10.18 18:20:08.948,1.23606,1.23629,1.50,1.88
2011.10.18 18:20:09.289,1.23607,1.23629,3.00,1.13
2011.10.18 18:20:09.736,1.23605,1.23628,3.75,1.50
2011.10.18 18:20:12.706,1.23607,1.23629,2.25,1.13
2011.10.18 18:20:13.858,1.23609,1.2363,3.00,1.88
2011.10.18 18:20:20.279,1.2361,1.23632,1.50,1.50
2011.10.18 18:20:20.875,1.2361,1.23631,1.50,1.50
2011.10.18 18:20:24.016,1.2361,1.23634,4.50,4.13
2011.10.18 18:20:26.515,1.2361,1.23631,2.25,1.50
2011.10.18 18:20:28.858,1.23613,1.23634,1.13,4.13
2011.10.18 18:20:29.224,1.23623,1.23643,1.50,3.99
2011.10.18 18:20:29.357,1.2362,1.23643,2.25,3.38
2011.10.18 18:20:29.487,1.23624,1.23645,1.13,1.50
2011.10.18 18:20:29.738,1.23623,1.23648,4.13,3.38
2011.10.18 18:20:29.861,1.2362,1.23643,1.50,1.50
2011.10.18 18:20:30.431,1.23617,1.23641,1.50,1.50
2011.10.18 18:20:31.159,1.23618,1.23641,1.13,1.50
2011.10.18 18:20:31.879,1.23618,1.2364,1.13,2.25
2011.10.18 18:20:32.446,1.23617,1.23639,1.13,1.50
2011.10.18 18:20:35.797,1.23617,1.23639,1.13,1.50
2011.10.18 18:20:36.264,1.23617,1.23639,1.13,1.50
2011.10.18 18:20:36.851,1.2362,1.23641,1.13,1.50
2011.10.18 18:20:37.257,1.2362,1.23641,1.13,1.50
2011.10.18 18:20:37.380,1.2362,1.23642,1.13,1.50
2011.10.18 18:20:37.995,1.23617,1.23639,2.25,1.13
2011.10.18 18:20:38.603,1.23617,1.2364,1.50,1.50
2011.10.18 18:20:39.308,1.23616,1.23639,1.50,3.00
2011.10.18 18:20:39.666,1.23618,1.2364,1.50,3.00
2011.10.18 18:20:39.914,1.2362,1.2364,1.13,1.88
2011.10.18 18:20:40.528,1.23618,1.2364,1.88,1.50
2011.10.18 18:20:41.907,1.23618,1.2364,1.88,1.50
2011.10.18 18:20:42.386,1.23618,1.2364,1.88,1.50
2011.10.18 18:20:42.616,1.23616,1.23639,1.50,2.25
2011.10.18 18:20:42.738,1.23614,1.23636,1.88,1.50
2011.10.18 18:20:43.339,1.23614,1.23636,1.13,1.50
2011.10.18 18:20:45.509,1.23613,1.23636,1.13,1.50
2011.10.18 18:20:45.872,1.23611,1.23634,1.13,3.00
2011.10.18 18:20:46.604,1.2361,1.23634,1.13,1.50
2011.10.18 18:20:46.967,1.23611,1.23635,1.88,1.50
2011.10.18 18:20:48.879,1.23609,1.23633,2.25,1.88
2011.10.18 18:20:50.944,1.2361,1.23633,2.63,1.50
2011.10.18 18:20:51.561,1.23611,1.23635,1.50,1.88
2011.10.18 18:20:56.666,1.23612,1.23635,1.13,1.50
2011.10.18 18:20:58.609,1.23612,1.23635,1.13,1.50
2011.10.18 18:21:02.456,1.23609,1.23633,2.63,1.50
2011.10.18 18:21:09.811,1.2361,1.23633,1.13,1.50
2011.10.18 18:21:10.170,1.23611,1.23633,1.13,1.50
2011.10.18 18:21:10.768,1.2361,1.23633,2.25,1.50
2011.10.18 18:21:10.888,1.23609,1.23632,1.13,1.50
2011.10.18 18:21:11.368,1.23612,1.23637,3.00,1.13
2011.10.18 18:21:11.954,1.23615,1.23639,1.50,1.13
2011.10.18 18:21:15.948,1.23616,1.2364,1.50,1.13
2011.10.18 18:21:16.065,1.23617,1.2364,2.25,1.13
2011.10.18 18:21:16.644,1.23619,1.2364,1.50,1.13
2011.10.18 18:21:16.996,1.23619,1.2364,1.50,1.13
2011.10.18 18:21:20.795,1.23617,1.2364,1.50,1.13
2011.10.18 18:21:21.029,1.23613,1.23637,1.13,1.50
2011.10.18 18:21:21.618,1.23612,1.23637,1.13,1.50
2011.10.18 18:21:26.994,1.23613,1.23637,1.13,1.50
2011.10.18 18:21:27.600,1.23618,1.23639,1.13,3.00
2011.10.18 18:21:28.667,1.23616,1.23639,1.13,3.00
2011.10.18 18:21:28.812,1.23616,1.2364,1.88,1.50
2011.10.18 18:21:29.417,1.23617,1.2364,1.50,1.50
2011.10.18 18:21:31.217,1.23617,1.2364,1.50,1.88
2011.10.18 18:21:32.023,1.23617,1.23639,1.50,1.13
2011.10.18 18:21:32.575,1.23617,1.2364,1.50,1.88
2011.10.18 18:21:41.224,1.23617,1.23639,1.50,1.13
2011.10.18 18:21:41.596,1.23616,1.23638,1.50,1.50
2011.10.18 18:21:41.840,1.23616,1.23639,2.25,1.13
2011.10.18 18:21:43.918,1.23616,1.23639,1.50,1.50
2011.10.18 18:21:44.468,1.23615,1.23636,1.50,1.88
2011.10.18 18:21:44.829,1.23614,1.23636,2.25,3.33
2011.10.18 18:21:45.426,1.23614,1.23635,2.25,1.45
2011.10.18 18:21:45.778,1.23614,1.23635,1.50,1.50
2011.10.18 18:21:46.020,1.23613,1.23635,1.50,1.13
2011.10.18 18:21:46.270,1.23613,1.23635,1.50,1.13
2011.10.18 18:21:46.399,1.23613,1.23635,1.50,1.50
2011.10.18 18:21:46.520,1.23613,1.23635,1.50,1.88
2011.10.18 18:21:47.105,1.23609,1.2363,1.50,1.13
2011.10.18 18:21:47.708,1.23609,1.2363,1.50,1.13
2011.10.18 18:21:48.997,1.23606,1.23627,1.50,1.50
2011.10.18 18:21:49.118,1.23605,1.23627,1.50,1.50
2011.10.18 18:21:49.237,1.23603,1.23626,2.70,1.50
2011.10.18 18:21:50.188,1.23602,1.23623,1.28,1.50
2011.10.18 18:21:50.788,1.23599,1.23623,1.50,1.50
2011.10.18 18:21:51.154,1.23599,1.23624,3.38,2.25
2011.10.18 18:21:51.280,1.23602,1.23626,3.00,1.50
2011.10.18 18:21:52.796,1.23605,1.23627,3.00,1.13
2011.10.18 18:21:53.788,1.23605,1.23625,3.00,1.13
2011.10.18 18:21:54.387,1.23605,1.23625,3.00,1.13
2011.10.18 18:21:54.971,1.23605,1.23623,3.00,1.13
2011.10.18 18:21:55.099,1.23604,1.23623,1.50,1.13
2011.10.18 18:21:55.704,1.23603,1.23626,1.50,2.25
2011.10.18 18:21:55.827,1.23603,1.23626,2.25,1.50
2011.10.18 18:21:56.354,1.23601,1.23621,1.50,1.50
2011.10.18 18:21:57.057,1.23601,1.23622,1.50,1.50
2011.10.18 18:21:57.658,1.23601,1.23623,1.50,1.50
2011.10.18 18:21:57.902,1.23601,1.23623,1.50,1.50
2011.10.18 18:21:58.510,1.23602,1.23623,1.50,2.25
2011.10.18 18:21:59.348,1.23602,1.23623,1.50,1.13
2011.10.18 18:22:00.001,1.23602,1.23623,1.50,1.13
2011.10.18 18:22:00.585,1.23602,1.23623,1.50,1.13
2011.10.18 18:22:01.778,1.23601,1.23623,3.00,1.13
2011.10.18 18:22:03.779,1.23601,1.23623,3.00,1.13
2011.10.18 18:22:13.554,1.23601,1.23623,3.00,1.13
2011.10.18 18:22:14.155,1.23601,1.23621,3.00,1.13
2011.10.18 18:22:24.995,1.23601,1.23624,3.75,1.88
2011.10.18 18:22:25.350,1.23601,1.23623,3.75,2.63
2011.10.18 18:22:25.888,1.23601,1.23622,2.25,1.88
2011.10.18 18:22:26.258,1.23599,1.2362,3.00,1.13
2011.10.18 18:22:26.503,1.23599,1.23619,1.50,2.63
2011.10.18 18:22:26.991,1.23599,1.23617,1.50,1.13
2011.10.18 18:22:28.176,1.23597,1.23616,3.00,1.13
2011.10.18 18:22:28.708,1.23596,1.23611,1.50,1.13
2011.10.18 18:22:28.842,1.23587,1.2361,2.25,3.00
2011.10.18 18:22:28.973,1.2359,1.23611,1.13,1.50
2011.10.18 18:22:29.344,1.23593,1.23616,1.13,3.00
2011.10.18 18:22:29.721,1.23598,1.23621,1.50,1.50
2011.10.18 18:22:29.850,1.23597,1.23623,1.88,1.50
2011.10.18 18:22:31.121,1.23603,1.23627,1.50,3.00
2011.10.18 18:22:55.307,1.23604,1.23627,2.25,1.50
2011.10.18 18:22:56.620,1.23602,1.23628,1.50,2.63
2011.10.18 18:22:58.596,1.23604,1.23626,1.50,1.50
2011.10.18 18:22:58.719,1.23605,1.23627,1.50,1.88
2011.10.18 18:22:59.436,1.23606,1.23627,1.50,1.88
2011.10.18 18:23:04.358,1.23607,1.23629,1.50,1.88
2011.10.18 18:23:04.946,1.23607,1.2363,1.50,1.50
2011.10.18 18:23:07.401,1.23609,1.23631,2.25,2.25
2011.10.18 18:23:08.064,1.2361,1.23632,3.00,1.13
2011.10.18 18:23:09.476,1.23612,1.23632,3.00,1.13
2011.10.18 18:23:10.067,1.23612,1.23632,3.00,1.13
2011.10.18 18:23:10.945,1.23612,1.23633,3.00,1.13
2011.10.18 18:23:12.282,1.23613,1.23636,1.50,2.25
2011.10.18 18:23:12.532,1.23616,1.23638,3.00,1.88
2011.10.18 18:23:12.868,1.23616,1.23639,3.00,1.50
2011.10.18 18:23:14.258,1.23615,1.23638,1.50,1.50
2011.10.18 18:23:15.444,1.23615,1.23636,1.50,1.50
2011.10.18 18:23:16.801,1.23615,1.23636,1.50,1.50
2011.10.18 18:23:17.037,1.23615,1.23638,1.50,1.50
2011.10.18 18:23:19.481,1.23614,1.23637,1.50,3.00
2011.10.18 18:23:20.471,1.23614,1.23637,1.50,1.50
2011.10.18 18:23:21.133,1.23614,1.23637,1.50,1.50
2011.10.18 18:23:21.736,1.23614,1.23637,2.25,1.50
2011.10.18 18:23:23.753,1.23609,1.23631,1.88,1.50
2011.10.18 18:23:23.997,1.23609,1.23631,1.13,1.50
2011.10.18 18:23:26.465,1.23609,1.23631,1.13,1.50
2011.10.18 18:23:27.446,1.23608,1.23631,1.88,1.50
2011.10.18 18:23:28.355,1.23609,1.23631,1.13,1.50
2011.10.18 18:23:28.476,1.2361,1.23632,1.50,1.50
2011.10.18 18:23:53.990,1.23609,1.23632,3.00,1.50
2011.10.18 18:23:54.546,1.23608,1.23631,1.50,1.50
2011.10.18 18:23:55.146,1.23608,1.23631,1.50,1.50
2011.10.18 18:24:02.417,1.23608,1.23631,1.50,1.50
2011.10.18 18:24:02.878,1.23606,1.23628,1.50,1.50
2011.10.18 18:24:03.374,1.23604,1.23626,1.50,1.13
2011.10.18 18:24:03.737,1.23604,1.23625,1.50,1.13
2011.10.18 18:24:04.337,1.23604,1.23625,1.50,1.13
2011.10.18 18:24:09.209,1.23604,1.23627,1.50,1.50
2011.10.18 18:24:09.814,1.23607,1.23628,1.50,1.13
2011.10.18 18:24:10.059,1.23607,1.23631,1.50,2.25
2011.10.18 18:24:12.671,1.23607,1.23628,1.50,1.13
2011.10.18 18:24:16.415,1.23607,1.23628,1.50,1.50
2011.10.18 18:24:18.426,1.23605,1.23628,2.25,2.25
2011.10.18 18:24:18.548,1.23604,1.23627,2.25,1.50
2011.10.18 18:24:22.086,1.23604,1.23627,1.50,1.50
2011.10.18 18:24:27.908,1.23605,1.23627,1.13,1.50
2011.10.18 18:24:28.509,1.23605,1.23629,1.50,1.50
2011.10.18 18:24:29.228,1.23605,1.23626,1.50,1.50
2011.10.18 18:24:29.823,1.23603,1.23626,3.38,1.50
2011.10.18 18:24:30.307,1.23605,1.23628,2.25,1.88
2011.10.18 18:24:32.589,1.23605,1.23627,1.50,1.50
2011.10.18 18:24:33.366,1.23604,1.23627,1.50,1.50
2011.10.18 18:24:38.688,1.23605,1.23628,1.50,2.58
2011.10.18 18:24:38.919,1.23605,1.23627,1.50,1.50
2011.10.18 18:24:39.524,1.23606,1.23629,1.50,1.88
2011.10.18 18:24:39.770,1.23606,1.23629,1.50,1.88
2011.10.18 18:24:40.336,1.23604,1.23627,1.50,1.50
2011.10.18 18:24:54.958,1.23605,1.23629,2.63,1.50
2011.10.18 18:24:55.729,1.23605,1.23627,1.50,1.50
2011.10.18 18:24:57.448,1.23605,1.23627,1.88,1.50
2011.10.18 18:24:58.036,1.23605,1.23627,1.88,1.50
2011.10.18 18:25:04.242,1.23605,1.23627,1.88,1.50
2011.10.18 18:25:04.369,1.23606,1.23628,1.88,1.50
2011.10.18 18:25:05.176,1.23606,1.23628,1.88,1.50
2011.10.18 18:25:05.976,1.23606,1.23628,1.88,1.50
2011.10.18 18:25:06.218,1.23606,1.23628,1.88,1.50
2011.10.18 18:25:09.645,1.23608,1.23628,1.13,1.50
2011.10.18 18:25:09.889,1.23611,1.23628,2.25,1.50
2011.10.18 18:25:10.486,1.23612,1.2363,2.25,1.50
2011.10.18 18:25:12.708,1.23613,1.23634,3.00,3.00
2011.10.18 18:25:12.936,1.23613,1.23635,3.75,1.50
2011.10.18 18:25:14.321,1.23613,1.23636,3.75,3.00
2011.10.18 18:25:14.447,1.23616,1.23637,1.50,1.13
2011.10.18 18:25:15.036,1.23615,1.23636,1.50,1.50
2011.10.18 18:25:16.008,1.23615,1.23636,2.25,1.50
2011.10.18 18:25:16.128,1.23614,1.23636,3.00,1.50
2011.10.18 18:25:16.607,1.23614,1.23636,1.50,3.75
2011.10.18 18:25:17.158,1.23616,1.23637,1.50,1.50
2011.10.18 18:25:17.749,1.23615,1.23637,3.00,1.50
2011.10.18 18:25:18.375,1.23615,1.23638,3.75,2.63
2011.10.18 18:25:19.656,1.23615,1.23637,3.00,1.50
2011.10.18 18:25:19.899,1.23612,1.23635,1.50,3.00
2011.10.18 18:25:21.186,1.23615,1.23637,1.50,1.50
2011.10.18 18:25:21.775,1.23614,1.23636,1.50,1.50
2011.10.18 18:25:23.858,1.23614,1.23637,1.50,2.63
2011.10.18 18:25:24.976,1.23614,1.23637,1.50,2.63
2011.10.18 18:25:27.567,1.23614,1.23636,1.50,1.50
2011.10.18 18:25:27.929,1.23617,1.23638,1.50,2.20
2011.10.18 18:25:28.290,1.23615,1.23638,1.50,1.50
2011.10.18 18:25:28.420,1.23616,1.2364,1.50,2.25
2011.10.18 18:25:28.539,1.23616,1.23639,1.50,1.50
2011.10.18 18:25:29.366,1.23616,1.23638,1.50,1.13
2011.10.18 18:25:29.849,1.23613,1.23635,1.50,1.50
2011.10.18 18:25:30.570,1.23613,1.23635,1.50,1.13
2011.10.18 18:25:31.145,1.23613,1.23636,2.25,1.13
2011.10.18 18:25:31.509,1.23613,1.23635,1.50,1.13
2011.10.18 18:25:31.746,1.23613,1.23637,2.25,1.88
2011.10.18 18:25:34.988,1.23613,1.23635,2.25,1.13
2011.10.18 18:25:36.029,1.23613,1.23634,1.50,1.13
2011.10.18 18:25:37.326,1.23612,1.23635,1.50,1.88
2011.10.18 18:25:39.187,1.23612,1.23635,1.50,1.88
2011.10.18 18:25:39.968,1.23612,1.23635,1.50,1.88
2011.10.18 18:25:40.661,1.23614,1.23636,1.50,2.25
2011.10.18 18:25:41.387,1.23614,1.23633,1.50,1.13
2011.10.18 18:25:41.750,1.23612,1.23633,1.50,1.13
2011.10.18 18:25:41.882,1.23612,1.23633,1.50,1.13
2011.10.18 18:25:42.457,1.23611,1.2363,1.50,1.83
2011.10.18 18:25:43.049,1.2361,1.2363,2.25,1.83
2011.10.18 18:25:43.531,1.23609,1.23627,1.50,2.25
2011.10.18 18:25:43.904,1.23608,1.23629,2.25,3.00
2011.10.18 18:25:44.508,1.23609,1.23631,1.50,2.25
2011.10.18 18:25:45.133,1.23611,1.23632,2.25,1.13
2011.10.18 18:25:45.511,1.23611,1.23631,1.50,1.13
2011.10.18 18:25:46.479,1.23611,1.23631,1.50,1.13
2011.10.18 18:25:46.840,1.23606,1.23627,1.80,2.25
2011.10.18 18:25:47.206,1.23611,1.23628,3.00,1.13
2011.10.18 18:25:47.821,1.23611,1.2363,3.00,2.20
2011.10.18 18:25:48.189,1.23611,1.23631,3.00,1.45
2011.10.18 18:25:48.312,1.23611,1.23634,3.00,1.88
2011.10.18 18:25:48.562,1.23611,1.23631,3.00,2.25
2011.10.18 18:25:49.172,1.23611,1.23629,3.00,2.25
2011.10.18 18:25:49.419,1.23605,1.23626,1.65,1.13
2011.10.18 18:25:50.122,1.23605,1.23627,2.25,1.50
2011.10.18 18:25:50.252,1.23608,1.23628,1.50,3.00
2011.10.18 18:25:50.857,1.23607,1.23628,2.25,3.00
2011.10.18 18:25:52.970,1.23608,1.23629,1.50,1.45
2011.10.18 18:25:53.088,1.23608,1.23631,1.50,3.00
2011.10.18 18:25:53.447,1.23611,1.23632,1.50,1.50
2011.10.18 18:25:56.126,1.23611,1.23631,1.50,2.25
2011.10.18 18:25:56.726,1.23611,1.2363,1.50,2.58
2011.10.18 18:25:56.958,1.23606,1.23626,1.65,1.50
2011.10.18 18:25:57.546,1.23606,1.23626,2.25,1.50
2011.10.18 18:25:58.204,1.23606,1.23626,1.50,2.25
2011.10.18 18:25:58.690,1.23603,1.23625,2.25,1.50
2011.10.18 18:25:58.938,1.23601,1.23622,3.75,1.50
2011.10.18 18:25:59.750,1.23601,1.23622,3.00,1.50
2011.10.18 18:26:00.232,1.23601,1.23623,3.00,1.50
2011.10.18 18:26:01.328,1.23601,1.23624,5.25,1.13
2011.10.18 18:26:02.276,1.23603,1.23625,1.50,1.50
2011.10.18 18:26:02.400,1.23606,1.23626,1.50,1.50
2011.10.18 18:26:02.761,1.23604,1.23626,2.25,1.88
2011.10.18 18:26:03.635,1.23605,1.23626,1.50,1.13
2011.10.18 18:26:04.243,1.23605,1.23624,2.25,3.00
2011.10.18 18:26:05.212,1.23605,1.23622,1.50,1.13
2011.10.18 18:26:05.459,1.23601,1.23622,2.25,1.13
2011.10.18 18:26:18.917,1.23602,1.23624,1.50,3.75
2011.10.18 18:26:19.278,1.23606,1.23627,1.50,1.50
2011.10.18 18:26:19.879,1.23606,1.23624,1.50,3.00
2011.10.18 18:26:20.476,1.23606,1.23624,1.50,3.00
2011.10.18 18:26:22.273,1.23604,1.23621,1.50,1.13
2011.10.18 18:26:22.639,1.236,1.23621,1.50,1.13
2011.10.18 18:26:22.758,1.236,1.23621,1.50,1.13
2011.10.18 18:26:23.346,1.236,1.23621,1.65,1.88
2011.10.18 18:26:23.947,1.236,1.23621,1.50,1.88
2011.10.18 18:26:24.188,1.236,1.23621,3.15,1.88
2011.10.18 18:26:25.037,1.23599,1.23618,1.05,1.13
2011.10.18 18:26:25.640,1.23598,1.23617,3.15,1.13
2011.10.18 18:26:26.577,1.23598,1.23616,3.00,1.13
2011.10.18 18:26:30.449,1.23598,1.23617,3.00,1.13
2011.10.18 18:26:40.049,1.23597,1.23619,1.05,4.13
2011.10.18 18:26:40.290,1.23597,1.23619,3.15,1.88
2011.10.18 18:26:41.120,1.23597,1.23619,3.15,1.50
2011.10.18 18:26:41.842,1.23599,1.23618,3.00,1.13
2011.10.18 18:26:47.938,1.23598,1.23618,3.15,1.88
2011.10.18 18:26:48.182,1.23598,1.23619,3.15,1.88
2011.10.18 18:26:50.058,1.23598,1.23619,3.00,1.88
2011.10.18 18:26:50.526,1.23601,1.23619,3.00,1.13
2011.10.18 18:26:51.441,1.23601,1.2362,2.25,1.50
2011.10.18 18:26:59.346,1.23601,1.23619,2.25,1.13
2011.10.18 18:26:59.946,1.23601,1.23619,2.25,1.50
2011.10.18 18:27:01.196,1.23601,1.23619,2.25,1.88
2011.10.18 18:27:01.796,1.23601,1.23619,2.25,1.88
2011.10.18 18:27:03.038,1.23601,1.23619,2.25,1.88
2011.10.18 18:27:03.605,1.23601,1.23619,2.25,1.50
2011.10.18 18:27:10.048,1.23598,1.23619,3.15,1.50
2011.10.18 18:27:11.195,1.23598,1.23619,3.15,1.50
2011.10.18 18:27:14.060,1.23598,1.23619,3.00,1.88
2011.10.18 18:27:15.159,1.23599,1.23619,3.00,1.50
2011.10.18 18:27:16.090,1.23597,1.23616,1.28,1.13
2011.10.18 18:27:16.710,1.23596,1.23616,3.30,1.13
2011.10.18 18:27:17.777,1.23596,1.23615,3.30,1.13
2011.10.18 18:27:19.548,1.23596,1.23615,3.30,1.13
2011.10.18 18:27:20.364,1.23596,1.23615,3.30,1.13
2011.10.18 18:27:21.767,1.23597,1.23615,1.05,1.13
2011.10.18 18:27:22.691,1.23596,1.23616,3.30,1.13
2011.10.18 18:27:23.248,1.23596,1.23616,3.30,1.13
2011.10.18 18:27:23.606,1.23597,1.23613,1.05,1.88
2011.10.18 18:27:24.197,1.23596,1.23613,1.05,1.88
2011.10.18 18:27:25.618,1.23596,1.23613,1.05,1.50
2011.10.18 18:27:26.159,1.23597,1.23617,1.05,3.75
2011.10.18 18:27:26.643,1.23597,1.23616,1.05,1.13
2011.10.18 18:27:27.485,1.23596,1.23616,3.30,1.13
2011.10.18 18:27:28.048,1.23597,1.23616,1.05,1.13
2011.10.18 18:27:28.169,1.23596,1.23615,3.00,1.88
2011.10.18 18:27:28.413,1.23594,1.23615,3.14,3.38
2011.10.18 18:27:28.888,1.23594,1.23616,2.02,1.50
2011.10.18 18:27:29.637,1.23595,1.23616,2.39,1.88
2011.10.18 18:27:29.767,1.23595,1.23616,3.75,1.13
2011.10.18 18:27:29.892,1.23595,1.23616,3.75,1.13
2011.10.18 18:27:30.246,1.23595,1.23616,3.89,1.13
2011.10.18 18:27:32.140,1.23596,1.23614,1.05,1.13
2011.10.18 18:27:32.497,1.23594,1.23612,1.35,1.13
2011.10.18 18:27:32.847,1.23592,1.2361,1.50,2.20
2011.10.18 18:27:32.965,1.2359,1.2361,1.50,2.20
2011.10.18 18:27:33.470,1.23591,1.23611,1.50,2.20
2011.10.18 18:27:34.168,1.23589,1.23609,1.50,1.50
2011.10.18 18:27:34.580,1.23588,1.23609,3.00,1.50
2011.10.18 18:27:35.330,1.23588,1.23607,3.00,1.13
2011.10.18 18:27:36.576,1.23586,1.23607,3.30,1.13
2011.10.18 18:27:36.979,1.23586,1.23602,3.30,1.50
2011.10.18 18:27:37.343,1.23587,1.23602,1.50,1.13
2011.10.18 18:27:37.477,1.23583,1.23598,1.05,2.25
2011.10.18 18:27:38.024,1.23583,1.23598,1.05,2.63
2011.10.18 18:27:38.508,1.23583,1.23597,1.05,2.25
2011.10.18 18:27:38.857,1.23583,1.23592,1.05,1.50
2011.10.18 18:27:41.580,1.23583,1.23589,1.05,1.50
2011.10.18 18:27:41.724,1.23583,1.23593,1.05,1.50
2011.10.18 18:27:42.438,1.23583,1.23593,1.05,1.50
2011.10.18 18:27:42.871,1.2357,1.23593,3.38,1.50
2011.10.18 18:27:43.122,1.23573,1.23597,1.88,1.50
2011.10.18 18:27:43.369,1.23582,1.23599,2.25,1.88
2011.10.18 18:27:44.006,1.23582,1.23603,3.75,1.13
2011.10.18 18:27:44.134,1.23586,1.23606,3.00,2.25
2011.10.18 18:27:44.381,1.23587,1.23609,2.25,1.13
2011.10.18 18:27:44.632,1.23588,1.2361,2.25,1.50
2011.10.18 18:27:46.007,1.23588,1.23611,3.75,1.50
2011.10.18 18:27:47.266,1.23588,1.23611,3.00,1.50
2011.10.18 18:27:47.496,1.23588,1.23611,3.00,1.50
2011.10.18 18:27:48.495,1.23588,1.23611,3.00,1.50
2011.10.18 18:27:49.318,1.2359,1.23613,2.25,1.50
2011.10.18 18:27:49.870,1.23591,1.23615,1.50,1.50
2011.10.18 18:27:50.097,1.23586,1.23611,3.00,1.50
2011.10.18 18:27:50.216,1.23586,1.2361,1.50,1.50
2011.10.18 18:27:51.589,1.2358,1.23606,3.00,3.00
2011.10.18 18:27:53.004,1.23579,1.23605,1.50,1.50
2011.10.18 18:27:53.488,1.23579,1.23605,1.50,1.13
2011.10.18 18:27:54.197,1.23575,1.23601,1.13,1.50
2011.10.18 18:27:54.777,1.23575,1.23601,1.13,2.25
2011.10.18 18:27:56.249,1.23577,1.23603,2.25,3.38
2011.10.18 18:27:58.542,1.2358,1.23603,1.50,1.13
2011.10.18 18:27:58.674,1.23584,1.23604,1.50,2.20
2011.10.18 18:27:59.556,1.23585,1.23604,1.50,1.45
2011.10.18 18:27:59.906,1.2359,1.23608,1.50,3.19
2011.10.18 18:28:00.379,1.2359,1.23609,1.50,1.74
2011.10.18 18:28:00.846,1.2359,1.23611,1.50,2.58
2011.10.18 18:28:00.968,1.2359,1.23612,1.50,3.94
2011.10.18 18:28:01.087,1.2359,1.23607,1.50,1.45
2011.10.18 18:28:01.316,1.2359,1.23607,1.50,2.20
2011.10.18 18:28:01.555,1.2359,1.23607,1.50,1.45
2011.10.18 18:28:02.008,1.2359,1.23607,1.50,1.50
2011.10.18 18:28:02.609,1.2359,1.2361,1.50,1.13
2011.10.18 18:28:02.845,1.2359,1.2361,1.50,2.58
2011.10.18 18:28:03.197,1.23588,1.2361,1.50,2.96
2011.10.18 18:28:04.569,1.23588,1.23605,1.50,2.20
2011.10.18 18:28:05.096,1.23589,1.23606,1.50,1.13
2011.10.18 18:28:06.896,1.23591,1.2361,3.00,1.13
2011.10.18 18:28:07.456,1.23591,1.23612,3.00,1.13
2011.10.18 18:28:09.748,1.23594,1.23614,3.00,1.50
2011.10.18 18:28:10.106,1.23599,1.23616,1.50,1.50
2011.10.18 18:28:13.778,1.23599,1.23616,1.50,1.88
2011.10.18 18:28:14.648,1.23599,1.23615,1.50,1.13
2011.10.18 18:28:15.806,1.23599,1.23617,1.50,1.13
2011.10.18 18:28:16.042,1.23599,1.23618,1.50,1.13
2011.10.18 18:28:16.173,1.236,1.2362,1.50,3.00
2011.10.18 18:28:16.659,1.23604,1.23623,1.50,2.20
2011.10.18 18:28:16.784,1.23604,1.23626,1.50,3.70
2011.10.18 18:28:17.346,1.23602,1.23623,1.50,2.20
2011.10.18 18:28:18.826,1.23602,1.23623,1.50,1.13
2011.10.18 18:28:19.191,1.23603,1.23621,2.25,1.13
2011.10.18 18:28:19.321,1.23599,1.23619,1.50,1.13
2011.10.18 18:28:19.689,1.23599,1.23619,1.50,1.13
2011.10.18 18:28:20.194,1.23599,1.2362,1.50,1.13
2011.10.18 18:28:20.325,1.23602,1.2362,1.50,1.13
2011.10.18 18:28:20.453,1.23602,1.23622,1.50,1.83
2011.10.18 18:28:21.057,1.23602,1.23624,1.50,1.13
2011.10.18 18:28:21.798,1.236,1.2362,1.50,1.13
2011.10.18 18:28:23.277,1.236,1.2362,1.50,1.13
2011.10.18 18:28:24.976,1.23601,1.23622,3.75,1.13
2011.10.18 18:28:26.046,1.23601,1.23621,3.00,1.13
2011.10.18 18:28:26.719,1.23601,1.23621,3.00,1.13
2011.10.18 18:28:27.299,1.23601,1.23624,3.75,1.88
2011.10.18 18:28:28.208,1.23601,1.23624,3.75,1.88
2011.10.18 18:28:30.965,1.23601,1.23622,3.75,1.13
2011.10.18 18:28:31.328,1.23601,1.23622,3.75,1.13
2011.10.18 18:28:32.247,1.23602,1.23623,1.50,1.13
2011.10.18 18:28:33.026,1.23607,1.23623,1.50,1.13
2011.10.18 18:28:35.245,1.23607,1.23621,1.50,1.13
2011.10.18 18:28:36.355,1.23604,1.23621,3.00,1.13
2011.10.18 18:28:41.040,1.23604,1.23622,3.00,1.13
2011.10.18 18:28:41.646,1.23607,1.23626,1.50,1.88
2011.10.18 18:28:45.779,1.23607,1.23622,1.50,1.13
2011.10.18 18:28:46.754,1.23607,1.23621,1.50,1.13
2011.10.18 18:28:49.416,1.23607,1.23622,1.50,1.13
2011.10.18 18:28:49.996,1.23607,1.23627,1.50,1.13
2011.10.18 18:28:50.119,1.2361,1.23627,1.50,1.13
2011.10.18 18:28:50.238,1.2361,1.23627,1.50,3.00
2011.10.18 18:28:51.865,1.2361,1.23627,1.50,1.20
2011.10.18 18:28:52.106,1.23604,1.23618,1.50,1.20
2011.10.18 18:28:54.226,1.23606,1.23626,1.50,1.65
2011.10.18 18:28:54.576,1.23611,1.23629,1.50,1.13
2011.10.18 18:28:55.269,1.23611,1.23629,1.50,1.13
2011.10.18 18:28:55.842,1.23608,1.23627,3.00,1.13
2011.10.18 18:28:55.965,1.23608,1.23627,3.00,1.13
2011.10.18 18:28:56.196,1.23608,1.23627,3.00,1.13
2011.10.18 18:28:56.316,1.23601,1.23619,1.50,1.50
2011.10.18 18:28:57.126,1.23602,1.23621,1.50,2.25
2011.10.18 18:28:58.037,1.23603,1.2362,1.50,1.50
2011.10.18 18:28:58.268,1.23608,1.23628,3.00,1.13
2011.10.18 18:28:58.500,1.23608,1.23626,3.00,1.13
2011.10.18 18:28:59.041,1.23608,1.23627,3.00,1.13
2011.10.18 18:28:59.413,1.23608,1.23627,1.50,1.13
2011.10.18 18:29:00.011,1.23607,1.23626,1.50,1.13
2011.10.18 18:29:00.598,1.2361,1.23628,1.50,1.13
2011.10.18 18:29:00.839,1.2361,1.23631,1.50,2.58
2011.10.18 18:29:01.639,1.2361,1.23629,1.50,1.13
2011.10.18 18:29:02.227,1.23607,1.23628,1.50,1.13
2011.10.18 18:29:02.747,1.23607,1.23627,1.50,1.13
2011.10.18 18:29:04.658,1.23607,1.23628,1.50,1.13
2011.10.18 18:29:05.247,1.23609,1.23628,1.50,1.13
2011.10.18 18:29:06.680,1.23605,1.23629,1.50,1.50
2011.10.18 18:29:07.021,1.23606,1.23629,1.50,1.50
2011.10.18 18:29:07.499,1.23607,1.2363,3.75,1.88
2011.10.18 18:29:07.847,1.23609,1.2363,2.25,1.13
2011.10.18 18:29:08.876,1.23606,1.23629,1.50,1.50
2011.10.18 18:29:09.369,1.23607,1.23629,1.50,1.50
2011.10.18 18:29:09.499,1.23609,1.23632,2.25,1.13
2011.10.18 18:29:10.065,1.23609,1.23631,2.25,1.13
2011.10.18 18:29:13.051,1.23607,1.23629,1.50,1.50
2011.10.18 18:29:13.177,1.23606,1.23629,1.50,1.50
2011.10.18 18:29:13.925,1.23606,1.23629,2.25,1.50
2011.10.18 18:29:14.485,1.23606,1.23629,1.50,1.50
2011.10.18 18:29:17.038,1.23606,1.23629,2.25,1.88
2011.10.18 18:29:17.848,1.23606,1.23629,2.25,1.88
2011.10.18 18:29:18.211,1.23607,1.2363,1.50,1.50
2011.10.18 18:29:18.452,1.23611,1.23632,1.50,1.50
2011.10.18 18:29:19.047,1.2361,1.23632,1.50,1.50
2011.10.18 18:29:20.743,1.2361,1.23632,1.50,1.50
2011.10.18 18:29:20.876,1.2361,1.23632,1.50,1.88
2011.10.18 18:29:21.240,1.2361,1.23627,1.50,1.88
2011.10.18 18:29:21.837,1.2361,1.23626,1.50,1.50
2011.10.18 18:29:23.907,1.23608,1.23626,1.50,1.13
2011.10.18 18:29:24.035,1.23607,1.23626,1.50,1.88
2011.10.18 18:29:24.618,1.23606,1.23625,1.50,2.58
2011.10.18 18:29:24.980,1.23606,1.23623,1.50,2.20
2011.10.18 18:29:25.580,1.23606,1.23624,1.50,1.45
2011.10.18 18:29:25.707,1.23606,1.23627,1.50,1.50
2011.10.18 18:29:26.308,1.23606,1.23627,1.50,1.13
2011.10.18 18:29:27.429,1.23606,1.23628,1.50,1.13
2011.10.18 18:29:28.946,1.23606,1.23629,1.50,1.88
2011.10.18 18:29:30.099,1.23607,1.2363,1.50,3.00
2011.10.18 18:29:30.343,1.23607,1.2363,2.25,1.13
2011.10.18 18:29:30.708,1.23607,1.2363,1.50,1.13
2011.10.18 18:29:32.548,1.23607,1.23627,1.50,1.50
2011.10.18 18:29:33.718,1.23607,1.23629,2.25,1.50
2011.10.18 18:29:34.602,1.23605,1.23628,3.75,2.25
2011.10.18 18:29:34.734,1.23605,1.23626,3.75,1.50
2011.10.18 18:29:34.865,1.23605,1.23621,1.50,1.13
2011.10.18 18:29:35.109,1.23605,1.23625,1.50,3.00
2011.10.18 18:29:35.352,1.23605,1.23626,1.50,1.13
2011.10.18 18:29:35.766,1.23605,1.23626,3.00,1.50
2011.10.18 18:29:36.032,1.23607,1.23628,1.50,1.13
2011.10.18 18:29:38.809,1.23607,1.23626,1.50,1.13
2011.10.18 18:29:38.930,1.23606,1.23625,1.50,1.13
2011.10.18 18:29:39.414,1.23606,1.23627,1.50,1.50
2011.10.18 18:29:39.994,1.23608,1.23629,1.50,1.13
2011.10.18 18:29:40.587,1.23608,1.23628,1.50,1.13
2011.10.18 18:29:40.711,1.23602,1.23625,1.88,1.50
2011.10.18 18:29:42.637,1.23606,1.23627,1.50,1.88
2011.10.18 18:29:47.627,1.23604,1.23628,2.25,1.50
2011.10.18 18:29:48.469,1.23604,1.23625,1.50,1.50
2011.10.18 18:29:49.988,1.23604,1.23624,1.50,1.13
2011.10.18 18:29:50.425,1.23601,1.23623,5.25,1.13
2011.10.18 18:29:50.564,1.23604,1.23626,1.50,1.88
2011.10.18 18:29:50.695,1.23607,1.23627,1.50,1.13
2011.10.18 18:29:51.064,1.23608,1.2363,1.50,1.13
2011.10.18 18:29:51.198,1.23608,1.23631,1.50,1.50
2011.10.18 18:29:51.442,1.2361,1.23632,1.50,1.50
2011.10.18 18:29:52.796,1.23609,1.23631,1.50,1.13
2011.10.18 18:29:53.038,1.23608,1.23633,3.75,1.88
2011.10.18 18:29:53.735,1.23611,1.23633,1.50,1.13
2011.10.18 18:29:53.976,1.23612,1.23634,1.50,1.88
2011.10.18 18:29:54.567,1.23612,1.23634,1.50,1.88
2011.10.18 18:29:55.218,1.23612,1.23634,1.50,1.13
2011.10.18 18:29:57.447,1.23612,1.23634,1.50,1.13
2011.10.18 18:29:58.740,1.23608,1.23634,3.75,3.38
2011.10.18 18:29:59.096,1.23607,1.23632,1.50,3.00
2011.10.18 18:30:00.220,1.2361,1.23633,1.50,1.50
2011.10.18 18:30:00.462,1.23612,1.23634,1.50,1.88
2011.10.18 18:30:00.831,1.23612,1.23634,1.50,1.88
2011.10.18 18:30:01.519,1.23612,1.23634,1.50,1.88
2011.10.18 18:30:01.641,1.23612,1.23634,1.50,1.88
2011.10.18 18:30:04.891,1.23613,1.23634,1.50,1.50
2011.10.18 18:30:05.372,1.23613,1.23636,1.88,1.50
2011.10.18 18:30:05.623,1.23618,1.2364,1.50,1.50
2011.10.18 18:30:06.159,1.23615,1.23638,1.50,1.50
2011.10.18 18:30:06.659,1.23615,1.23639,2.25,1.50
2011.10.18 18:30:07.031,1.23615,1.23637,2.25,1.13
2011.10.18 18:30:07.163,1.23615,1.23637,1.50,1.13
2011.10.18 18:30:07.417,1.23614,1.23636,1.50,1.13
2011.10.18 18:30:08.134,1.23613,1.23634,2.25,1.13
2011.10.18 18:30:08.727,1.23613,1.23635,1.50,1.88
2011.10.18 18:30:09.562,1.23614,1.23635,1.50,1.50
2011.10.18 18:30:10.166,1.23614,1.23635,1.50,1.88
2011.10.18 18:30:10.746,1.23614,1.23635,1.50,1.88
2011.10.18 18:30:12.809,1.23613,1.23633,1.50,1.13
2011.10.18 18:30:12.931,1.23611,1.23634,1.50,1.50
2011.10.18 18:30:13.064,1.23612,1.23634,1.50,1.50
2011.10.18 18:30:13.669,1.23612,1.23635,1.50,2.25
2011.10.18 18:30:13.788,1.23612,1.23635,3.75,1.50
2011.10.18 18:30:18.465,1.23613,1.23635,1.50,1.88
2011.10.18 18:30:19.347,1.23613,1.23636,1.50,1.88
2011.10.18 18:30:20.205,1.23612,1.23635,3.00,1.50
2011.10.18 18:30:20.547,1.23614,1.23636,3.00,1.13
2011.10.18 18:30:20.790,1.23612,1.23635,1.50,1.13
2011.10.18 18:30:21.623,1.23611,1.23632,1.50,1.88
2011.10.18 18:30:21.756,1.23612,1.23634,3.00,1.50
2011.10.18 18:30:22.117,1.23612,1.23633,3.00,1.13
2011.10.18 18:30:22.639,1.23612,1.23633,3.75,1.13
2011.10.18 18:30:23.368,1.23612,1.23635,3.00,1.50
2011.10.18 18:30:23.493,1.23611,1.23634,1.50,1.50
2011.10.18 18:30:23.623,1.23611,1.23634,1.50,1.88
2011.10.18 18:30:23.990,1.2361,1.23631,1.50,1.50
2011.10.18 18:30:24.110,1.23612,1.23633,2.25,1.88
2011.10.18 18:30:24.230,1.23612,1.23633,2.25,1.13
2011.10.18 18:30:25.004,1.23612,1.23632,2.25,1.13
2011.10.18 18:30:25.607,1.23612,1.23632,1.50,1.88
2011.10.18 18:30:26.717,1.2361,1.23632,2.25,1.13
2011.10.18 18:30:28.590,1.2361,1.23633,2.25,1.88
2011.10.18 18:30:29.548,1.23614,1.23635,1.50,1.50
2011.10.18 18:30:29.912,1.23609,1.23632,3.38,1.50
2011.10.18 18:30:30.161,1.2361,1.23635,1.13,3.00
2011.10.18 18:30:31.237,1.23614,1.23636,1.50,1.50
2011.10.18 18:30:31.598,1.23613,1.23636,2.25,1.50
2011.10.18 18:30:33.988,1.23613,1.23636,2.25,1.50
2011.10.18 18:30:34.231,1.23612,1.23634,1.50,1.50
2011.10.18 18:30:34.597,1.23613,1.23635,1.50,2.25
2011.10.18 18:30:34.963,1.2361,1.23634,2.25,1.88
2011.10.18 18:30:35.447,1.2361,1.23634,2.25,2.25
2011.10.18 18:30:40.286,1.23607,1.2363,3.00,1.50
2011.10.18 18:30:40.410,1.2361,1.23632,1.50,1.50
2011.10.18 18:30:40.526,1.23611,1.23634,1.50,1.13
2011.10.18 18:30:43.282,1.23611,1.23635,1.50,1.88
2011.10.18 18:30:43.531,1.23615,1.23636,1.50,2.25
2011.10.18 18:30:44.371,1.23616,1.23636,1.50,1.13
2011.10.18 18:30:44.507,1.23611,1.23633,1.50,1.13
2011.10.18 18:30:44.853,1.23612,1.23633,1.50,1.13
2011.10.18 18:30:45.582,1.23613,1.23634,1.50,1.13
2011.10.18 18:30:46.291,1.23612,1.23634,1.50,1.13
2011.10.18 18:30:46.545,1.23613,1.23633,1.50,1.88
2011.10.18 18:30:46.676,1.23613,1.23633,1.50,1.13
2011.10.18 18:30:48.054,1.23614,1.23635,1.50,1.13
2011.10.18 18:30:48.784,1.23614,1.23635,1.50,1.13
2011.10.18 18:30:49.636,1.23617,1.23637,1.50,1.13
2011.10.18 18:30:50.196,1.23617,1.23639,1.50,2.58
2011.10.18 18:30:50.328,1.23619,1.2364,1.50,3.00
2011.10.18 18:30:50.927,1.23619,1.2364,1.50,2.25
2011.10.18 18:30:54.261,1.23619,1.2364,1.50,1.13
2011.10.18 18:30:54.849,1.23621,1.23641,1.50,1.88
2011.10.18 18:30:56.494,1.23619,1.23641,1.50,1.88
2011.10.18 18:30:57.067,1.23619,1.23641,1.50,1.88
2011.10.18 18:30:58.031,1.23619,1.23642,1.50,2.25
2011.10.18 18:30:58.640,1.23619,1.23642,1.50,2.25
2011.10.18 18:30:59.012,1.23623,1.23645,1.50,1.50
2011.10.18 18:30:59.695,1.23623,1.23645,1.50,1.50
2011.10.18 18:31:00.177,1.2362,1.23643,1.50,3.00
2011.10.18 18:31:02.172,1.23621,1.23643,1.88,1.50
2011.10.18 18:31:03.592,1.23621,1.23645,1.50,1.50
2011.10.18 18:31:04.079,1.23621,1.23643,1.50,1.50
2011.10.18 18:31:04.204,1.23616,1.23631,2.25,3.70
2011.10.18 18:31:04.335,1.23614,1.23633,1.50,1.50
2011.10.18 18:31:04.460,1.23615,1.23636,1.50,2.25
2011.10.18 18:31:04.581,1.23615,1.23638,2.25,1.50
2011.10.18 18:31:04.710,1.23617,1.23639,1.50,1.13
2011.10.18 18:31:05.178,1.23619,1.23641,1.50,1.13
2011.10.18 18:31:05.419,1.23619,1.23641,1.50,1.13
2011.10.18 18:31:05.779,1.23617,1.23639,1.50,1.50
2011.10.18 18:31:06.126,1.23617,1.2364,1.50,1.50
2011.10.18 18:31:07.358,1.2362,1.2364,1.50,3.00
2011.10.18 18:31:07.835,1.23613,1.23637,1.50,1.50
2011.10.18 18:31:07.966,1.23612,1.23634,1.13,1.50
2011.10.18 18:31:08.689,1.23611,1.23634,1.88,1.50
2011.10.18 18:31:08.931,1.23611,1.23634,1.88,1.50
2011.10.18 18:31:09.338,1.23617,1.23638,1.50,1.88
2011.10.18 18:31:10.181,1.23617,1.23639,1.50,1.50
2011.10.18 18:31:10.302,1.23619,1.23639,1.50,1.50
2011.10.18 18:31:10.978,1.23619,1.2364,1.50,1.13
2011.10.18 18:31:15.680,1.23616,1.23639,1.50,3.00
2011.10.18 18:31:16.158,1.23617,1.23639,1.50,1.50
2011.10.18 18:31:16.757,1.23617,1.23641,1.50,1.50
2011.10.18 18:31:21.048,1.23617,1.2364,1.50,1.88
2011.10.18 18:31:22.671,1.23617,1.23641,1.50,1.88
2011.10.18 18:31:23.195,1.23615,1.23637,1.13,1.50
2011.10.18 18:31:27.993,1.23615,1.23637,1.13,1.50
2011.10.18 18:31:28.578,1.23615,1.23637,1.13,1.50
2011.10.18 18:31:32.402,1.23615,1.23637,1.13,1.50
2011.10.18 18:31:33.303,1.23615,1.23637,1.13,1.50
2011.10.18 18:31:35.478,1.23619,1.23639,1.50,1.50
2011.10.18 18:31:35.853,1.23619,1.23641,1.50,1.50
2011.10.18 18:31:35.990,1.23614,1.23637,1.88,1.50
2011.10.18 18:31:36.484,1.23614,1.23636,1.50,1.50
2011.10.18 18:31:36.733,1.23611,1.23633,1.50,1.13
2011.10.18 18:31:36.862,1.23611,1.23633,1.50,1.50
2011.10.18 18:31:36.988,1.2361,1.23633,1.50,1.50
2011.10.18 18:31:37.459,1.23609,1.2363,1.62,2.25
2011.10.18 18:31:37.704,1.23607,1.23628,1.50,1.50
2011.10.18 18:31:37.833,1.23606,1.23625,1.50,1.13
2011.10.18 18:31:37.965,1.23603,1.23624,1.50,1.88
2011.10.18 18:31:38.090,1.236,1.23622,3.00,1.13
2011.10.18 18:31:39.158,1.23599,1.23621,3.00,1.50
2011.10.18 18:31:42.590,1.236,1.23621,2.25,1.88
2011.10.18 18:31:42.894,1.236,1.23621,2.25,2.10
2011.10.18 18:31:43.468,1.236,1.23621,2.25,2.10
2011.10.18 18:31:43.709,1.23595,1.23618,1.50,1.13
2011.10.18 18:31:43.829,1.23595,1.23618,1.50,1.88
2011.10.18 18:31:44.540,1.23595,1.2361,1.50,1.13
2011.10.18 18:31:44.662,1.23589,1.23607,3.00,3.00
2011.10.18 18:31:44.914,1.23584,1.23606,1.50,1.88
2011.10.18 18:31:45.161,1.23584,1.236,1.50,1.13
2011.10.18 18:31:45.281,1.23583,1.236,2.25,1.13
2011.10.18 18:31:45.796,1.23581,1.236,3.00,1.88
2011.10.18 18:31:46.166,1.23575,1.23599,1.50,1.50
2011.10.18 18:31:46.295,1.23578,1.236,1.50,2.63
2011.10.18 18:31:46.418,1.23578,1.236,1.50,2.63
2011.10.18 18:31:46.541,1.23585,1.236,3.00,1.13
2011.10.18 18:31:47.029,1.23584,1.23601,1.50,1.50
2011.10.18 18:31:47.501,1.23587,1.23601,1.50,1.50
2011.10.18 18:31:47.871,1.23585,1.23603,1.50,1.13
2011.10.18 18:31:48.238,1.23585,1.23604,3.00,2.63
2011.10.18 18:31:48.815,1.23585,1.23604,3.00,2.63
2011.10.18 18:31:49.180,1.23585,1.23604,1.50,2.63
2011.10.18 18:31:49.422,1.23581,1.23602,1.50,1.13
2011.10.18 18:31:49.553,1.23576,1.23596,1.56,1.88
2011.10.18 18:31:49.681,1.23574,1.23596,1.50,1.88
2011.10.18 18:31:50.287,1.23573,1.23596,3.00,1.88
2011.10.18 18:31:50.769,1.23572,1.23597,1.50,2.25
2011.10.18 18:31:51.542,1.23581,1.23599,2.25,2.25
2011.10.18 18:31:51.910,1.23578,1.23599,1.50,1.88
2011.10.18 18:31:52.028,1.23583,1.23601,1.50,1.88
2011.10.18 18:31:53.958,1.23574,1.236,1.50,1.50
2011.10.18 18:31:54.078,1.23574,1.23596,1.50,1.50
2011.10.18 18:31:55.668,1.23573,1.23596,1.50,1.88
2011.10.18 18:31:55.908,1.23567,1.2359,1.13,2.25
2011.10.18 18:31:57.578,1.2357,1.2359,1.13,1.50
2011.10.18 18:31:57.807,1.2357,1.23593,1.88,1.50
2011.10.18 18:31:57.930,1.23571,1.23595,1.50,1.50
2011.10.18 18:31:58.608,1.23572,1.23595,1.27,1.50
2011.10.18 18:31:58.967,1.23582,1.23602,1.50,1.50
2011.10.18 18:31:59.599,1.23581,1.236,1.50,2.25
2011.10.18 18:31:59.722,1.23581,1.23601,3.00,2.25
2011.10.18 18:31:59.970,1.23584,1.23602,1.50,1.50
2011.10.18 18:32:00.571,1.23584,1.23602,1.50,1.13
2011.10.18 18:32:02.008,1.23585,1.23604,2.25,3.38
2011.10.18 18:32:02.614,1.23586,1.23605,1.50,1.88
2011.10.18 18:32:03.198,1.23586,1.23605,1.50,1.13
2011.10.18 18:32:04.800,1.23587,1.23606,1.50,2.25
2011.10.18 18:32:05.387,1.23588,1.23607,1.50,3.00
2011.10.18 18:32:05.850,1.23588,1.23607,1.50,3.00
2011.10.18 18:32:05.966,1.23588,1.23607,1.50,3.00
2011.10.18 18:32:07.921,1.23582,1.23605,1.88,1.50
2011.10.18 18:32:08.982,1.2358,1.23603,5.25,1.13
2011.10.18 18:32:09.111,1.2358,1.23603,3.75,1.88
2011.10.18 18:32:09.720,1.2358,1.23597,3.00,2.25
2011.10.18 18:32:10.083,1.23572,1.23594,1.50,1.50
2011.10.18 18:32:10.209,1.23571,1.23593,1.93,1.50
2011.10.18 18:32:10.680,1.23569,1.23592,1.88,1.50
2011.10.18 18:32:11.040,1.2357,1.2359,1.13,1.50
2011.10.18 18:32:11.748,1.23568,1.23592,1.88,2.25
2011.10.18 18:32:12.375,1.23577,1.23597,1.64,1.13
2011.10.18 18:32:12.738,1.23572,1.23593,1.50,1.50
2011.10.18 18:32:13.098,1.23568,1.23592,1.88,2.25
2011.10.18 18:32:13.327,1.23568,1.23591,1.88,2.25
2011.10.18 18:32:13.688,1.23579,1.2359,1.50,1.50
2011.10.18 18:32:13.810,1.23582,1.23597,1.50,1.13
2011.10.18 18:32:13.930,1.23582,1.236,1.50,1.83
2011.10.18 18:32:14.289,1.23581,1.23601,1.50,4.45
2011.10.18 18:32:15.118,1.23583,1.23601,3.06,3.00
2011.10.18 18:32:15.720,1.23586,1.23601,1.50,3.00
2011.10.18 18:32:16.187,1.23586,1.23601,1.50,3.00
2011.10.18 18:32:16.418,1.23588,1.23604,1.50,3.38
2011.10.18 18:32:16.539,1.23588,1.23604,2.25,3.00
2011.10.18 18:32:16.661,1.23588,1.23606,2.25,3.38
2011.10.18 18:32:16.778,1.23588,1.23606,2.25,1.13
2011.10.18 18:32:17.242,1.23589,1.2361,1.50,1.13
2011.10.18 18:32:17.377,1.23592,1.2361,1.50,2.25
2011.10.18 18:32:17.863,1.23593,1.23614,2.25,1.13
2011.10.18 18:32:18.378,1.23595,1.23616,1.50,1.88
2011.10.18 18:32:18.501,1.23595,1.23616,1.50,1.50
2011.10.18 18:32:18.631,1.23599,1.23617,4.50,1.50
2011.10.18 18:32:18.762,1.23597,1.23617,1.50,1.50
2011.10.18 18:32:18.895,1.23597,1.23619,2.25,1.13
2011.10.18 18:32:19.487,1.23597,1.23619,1.50,1.88
2011.10.18 18:32:20.091,1.23597,1.23619,1.50,2.63
2011.10.18 18:32:20.442,1.23598,1.23619,1.50,1.13
2011.10.18 18:32:23.064,1.23598,1.2362,1.50,3.00
2011.10.18 18:32:23.535,1.23597,1.2362,1.50,1.88
2011.10.18 18:32:24.858,1.23592,1.23617,1.50,3.75
2011.10.18 18:32:25.220,1.23591,1.23615,1.13,3.00
2011.10.18 18:32:25.581,1.23589,1.23613,1.50,3.00
2011.10.18 18:32:26.828,1.23586,1.23608,1.13,2.25
2011.10.18 18:32:28.240,1.23584,1.23603,3.00,1.50
2011.10.18 18:32:28.366,1.23576,1.236,2.63,1.50
2011.10.18 18:32:29.081,1.23576,1.23599,1.88,3.00
2011.10.18 18:32:30.887,1.23576,1.23601,1.88,1.50
2011.10.18 18:32:31.865,1.23578,1.23601,1.13,1.50
2011.10.18 18:32:31.997,1.23581,1.23604,1.13,1.50
2011.10.18 18:32:32.241,1.23578,1.23602,1.88,1.50
2011.10.18 18:32:32.372,1.23577,1.23599,1.13,1.50
2011.10.18 18:32:33.540,1.23576,1.23599,1.50,1.50
2011.10.18 18:32:33.898,1.23575,1.23597,1.13,1.50
2011.10.18 18:32:34.649,1.23575,1.23598,1.50,2.25
2011.10.18 18:32:34.769,1.23576,1.236,1.50,1.50
2011.10.18 18:32:40.828,1.23575,1.23597,2.25,1.50
2011.10.18 18:32:40.947,1.23573,1.23596,1.50,1.50
2011.10.18 18:32:42.447,1.23574,1.23597,3.00,1.50
2011.10.18 18:32:44.797,1.23577,1.23599,1.50,1.50
2011.10.18 18:32:45.160,1.23592,1.23605,1.50,1.83
2011.10.18 18:32:45.278,1.23592,1.23605,1.50,1.45
2011.10.18 18:32:45.399,1.23592,1.23608,1.50,1.75
2011.10.18 18:32:47.681,1.23594,1.23614,1.50,1.50
2011.10.18 18:32:47.798,1.23595,1.23615,1.50,1.13
2011.10.18 18:32:47.923,1.23595,1.23611,1.50,1.13
2011.10.18 18:32:48.173,1.23593,1.23615,1.50,1.88
2011.10.18 18:32:48.301,1.23594,1.23615,3.00,1.13
2011.10.18 18:32:48.549,1.23594,1.23615,3.00,1.13
2011.10.18 18:32:48.788,1.23597,1.23615,1.50,1.13
2011.10.18 18:32:49.388,1.23599,1.23615,1.50,1.13
2011.10.18 18:32:50.906,1.23599,1.23613,1.50,1.13
2011.10.18 18:32:51.257,1.23599,1.23617,1.50,3.38
2011.10.18 18:32:52.100,1.23601,1.23616,1.50,1.13
2011.10.18 18:32:52.221,1.23598,1.23616,1.50,1.13
2011.10.18 18:32:52.690,1.23598,1.23617,1.50,3.38
2011.10.18 18:32:54.558,1.236,1.23617,1.50,2.25
2011.10.18 18:32:54.681,1.23601,1.23617,1.50,2.25
2011.10.18 18:32:56.916,1.23601,1.23617,1.50,3.00
2011.10.18 18:32:57.327,1.23598,1.23618,1.50,3.00
2011.10.18 18:32:57.960,1.23598,1.23618,1.88,2.25
2011.10.18 18:32:58.199,1.236,1.23618,1.50,2.25
2011.10.18 18:32:58.326,1.23604,1.23624,1.13,1.50
2011.10.18 18:32:58.454,1.23602,1.23625,1.13,1.50
2011.10.18 18:32:58.587,1.23604,1.23628,3.00,1.45
2011.10.18 18:32:58.950,1.23609,1.2363,3.00,1.13
2011.10.18 18:32:59.313,1.23609,1.23629,3.00,1.13
2011.10.18 18:32:59.441,1.23609,1.2363,3.75,1.13
2011.10.18 18:33:00.386,1.23609,1.23629,3.00,1.13
2011.10.18 18:33:00.510,1.23607,1.23629,1.50,1.13
2011.10.18 18:33:07.278,1.23608,1.23631,1.50,1.13
2011.10.18 18:33:08.461,1.23608,1.23632,1.50,1.13
2011.10.18 18:33:09.972,1.23608,1.23631,1.50,1.13
2011.10.18 18:33:12.179,1.23605,1.2363,1.50,1.13
2011.10.18 18:33:13.002,1.23605,1.23628,1.50,1.50
2011.10.18 18:33:13.392,1.23605,1.23628,1.50,1.50
2011.10.18 18:33:16.497,1.23605,1.23628,1.50,1.50
2011.10.18 18:33:17.097,1.23604,1.23627,1.50,2.25
2011.10.18 18:33:17.971,1.23605,1.23628,1.50,2.63
2011.10.18 18:33:19.977,1.23605,1.23628,1.50,1.50
2011.10.18 18:33:22.666,1.23605,1.23627,1.50,2.25
2011.10.18 18:33:23.268,1.23605,1.23626,1.50,2.25
2011.10.18 18:33:23.861,1.23605,1.23626,1.50,2.25
2011.10.18 18:33:24.456,1.23605,1.23626,1.50,2.25
2011.10.18 18:33:24.699,1.23607,1.23626,1.13,2.25
2011.10.18 18:33:24.825,1.23614,1.23633,3.00,1.88
2011.10.18 18:33:25.385,1.23614,1.23633,1.50,1.13
2011.10.18 18:33:25.759,1.23611,1.23634,2.25,1.88
2011.10.18 18:33:26.482,1.23611,1.23633,2.25,1.13
2011.10.18 18:33:27.081,1.23611,1.23632,1.50,1.13
2011.10.18 18:33:27.317,1.23611,1.23632,1.50,1.13
2011.10.18 18:33:30.080,1.2361,1.23621,1.50,1.50
2011.10.18 18:33:30.438,1.23605,1.23619,2.25,1.50
2011.10.18 18:33:30.678,1.236,1.23619,3.38,1.50
2011.10.18 18:33:32.008,1.23602,1.23621,2.25,1.37
2011.10.18 18:33:32.127,1.23607,1.23629,1.50,1.13
2011.10.18 18:33:32.836,1.23607,1.23629,1.50,1.13
2011.10.18 18:33:33.869,1.23607,1.23629,1.50,1.88
2011.10.18 18:33:37.407,1.23607,1.23629,1.50,1.88
2011.10.18 18:33:39.943,1.23607,1.23629,1.50,1.50
2011.10.18 18:33:40.914,1.23607,1.2363,1.50,1.13
2011.10.18 18:33:42.839,1.23609,1.23631,1.50,2.25
2011.10.18 18:33:43.412,1.23609,1.23631,1.50,2.25
2011.10.18 18:33:45.070,1.23609,1.23631,1.50,3.00
2011.10.18 18:33:46.221,1.23609,1.2363,1.50,1.13
2011.10.18 18:33:51.500,1.23606,1.23629,2.25,2.63
2011.10.18 18:33:52.217,1.23607,1.2363,1.50,1.50
2011.10.18 18:33:52.702,1.23607,1.23631,1.50,2.63
2011.10.18 18:33:54.009,1.2361,1.23631,1.50,1.88
2011.10.18 18:33:55.777,1.23606,1.2363,1.50,1.50
2011.10.18 18:33:57.689,1.23606,1.2363,1.50,1.50
2011.10.18 18:33:58.889,1.23608,1.2363,1.50,1.50
2011.10.18 18:34:00.403,1.23608,1.23631,1.50,1.88
2011.10.18 18:34:00.771,1.23608,1.23631,1.50,1.88
2011.10.18 18:34:01.348,1.23608,1.23631,1.50,1.50
2011.10.18 18:34:03.712,1.23608,1.2363,1.50,1.13
2011.10.18 18:34:04.324,1.23607,1.2363,1.50,1.88
2011.10.18 18:34:04.573,1.23608,1.2363,1.50,1.88
2011.10.18 18:34:05.267,1.23608,1.2363,1.50,1.88
2011.10.18 18:34:05.754,1.23607,1.23628,1.50,1.50
2011.10.18 18:34:06.443,1.23606,1.23628,1.50,1.88
2011.10.18 18:34:06.691,1.23604,1.23624,1.50,1.13
2011.10.18 18:34:07.629,1.23604,1.23624,1.50,1.13
2011.10.18 18:34:08.748,1.23604,1.23625,1.50,1.50
2011.10.18 18:34:09.108,1.23606,1.23627,1.50,1.13
2011.10.18 18:34:10.248,1.23606,1.23627,1.50,1.88
2011.10.18 18:34:13.867,1.23604,1.23625,2.25,1.13
2011.10.18 18:34:14.467,1.23604,1.23625,1.50,1.13
2011.10.18 18:34:18.613,1.23605,1.23626,2.25,1.13
2011.10.18 18:34:20.482,1.23605,1.23626,2.25,1.13
2011.10.18 18:34:21.987,1.23604,1.23626,1.50,1.88
2011.10.18 18:34:23.008,1.23604,1.23625,1.50,1.13
2011.10.18 18:34:23.608,1.23604,1.23626,1.50,1.88
2011.10.18 18:34:27.318,1.23604,1.23626,1.50,1.88
2011.10.18 18:34:33.012,1.23604,1.23628,1.50,2.25
2011.10.18 18:34:33.622,1.23604,1.23626,1.50,1.13
2011.10.18 18:34:34.231,1.23604,1.23626,1.50,1.13
2011.10.18 18:34:34.773,1.23604,1.23628,1.50,2.25
2011.10.18 18:34:47.779,1.23604,1.23627,1.50,1.50
2011.10.18 18:34:50.900,1.23604,1.23626,1.50,1.13
2011.10.18 18:34:51.259,1.23603,1.23623,3.75,1.13
2011.10.18 18:34:51.498,1.23603,1.23624,1.50,1.13
2011.10.18 18:34:54.499,1.23602,1.23623,1.50,1.13
2011.10.18 18:34:57.898,1.23601,1.23622,3.00,1.50
2011.10.18 18:34:59.012,1.236,1.23622,1.50,1.88
2011.10.18 18:35:00.208,1.23599,1.23621,3.00,1.50
2011.10.18 18:35:00.761,1.236,1.23621,2.25,1.50
2011.10.18 18:35:01.368,1.236,1.23621,3.00,1.50
2011.10.18 18:35:10.461,1.236,1.23621,2.25,1.50
2011.10.18 18:35:10.707,1.23598,1.2362,1.50,1.13
2011.10.18 18:35:11.769,1.23599,1.23621,1.50,1.50
2011.10.18 18:35:12.354,1.236,1.23623,3.00,1.88
2011.10.18 18:35:13.578,1.23599,1.23622,2.25,1.13
2011.10.18 18:35:14.180,1.23599,1.23619,1.50,1.13
2011.10.18 18:35:16.869,1.23601,1.23623,1.50,1.88
2011.10.18 18:35:18.357,1.23601,1.23623,1.50,1.88
2011.10.18 18:35:19.689,1.23601,1.23618,1.50,1.13
2011.10.18 18:35:19.814,1.236,1.23618,1.50,1.13
2011.10.18 18:35:19.945,1.23598,1.23616,1.50,2.25
2011.10.18 18:35:20.074,1.23599,1.23619,1.13,3.00
2011.10.18 18:35:20.530,1.23603,1.23619,1.50,2.25
2011.10.18 18:35:20.769,1.23603,1.23626,1.50,2.63
2011.10.18 18:35:21.367,1.23603,1.23625,1.50,1.50
2011.10.18 18:35:21.947,1.23603,1.23625,1.50,1.88
2011.10.18 18:35:23.301,1.23602,1.23625,2.25,1.88
2011.10.18 18:35:23.889,1.23602,1.23622,1.50,3.00
2011.10.18 18:35:24.128,1.23599,1.2362,1.50,1.13
2011.10.18 18:35:26.340,1.23599,1.23621,1.50,1.50
2011.10.18 18:35:26.580,1.23601,1.23623,2.25,1.13
2011.10.18 18:35:27.391,1.23601,1.23621,1.50,1.88
2011.10.18 18:35:27.629,1.23598,1.23619,1.50,1.13
2011.10.18 18:35:28.232,1.23599,1.2362,1.50,1.13
2011.10.18 18:35:30.320,1.236,1.2362,1.50,1.13
2011.10.18 18:35:30.916,1.23599,1.2362,1.50,1.13
2011.10.18 18:35:34.459,1.23599,1.2362,1.50,1.13
2011.10.18 18:35:36.083,1.23598,1.23619,1.50,1.13
2011.10.18 18:35:36.682,1.23598,1.23618,1.50,3.38
2011.10.18 18:35:36.820,1.23598,1.23618,1.50,1.13
2011.10.18 18:35:38.175,1.23598,1.23618,1.50,1.13
2011.10.18 18:35:38.782,1.236,1.23619,1.50,1.13
2011.10.18 18:35:38.915,1.23597,1.23613,1.50,2.63
2011.10.18 18:35:39.163,1.2359,1.23612,1.50,1.88
2011.10.18 18:35:39.526,1.23589,1.23612,2.31,1.88
2011.10.18 18:35:39.661,1.2359,1.23612,1.50,1.13
2011.10.18 18:35:40.258,1.2359,1.23609,1.50,1.50
2011.10.18 18:35:41.557,1.2359,1.23609,1.50,1.50
2011.10.18 18:35:42.160,1.2359,1.2361,1.50,1.50
2011.10.18 18:35:43.368,1.2359,1.23611,1.50,1.13
2011.10.18 18:35:43.973,1.23593,1.23614,1.50,1.50
2011.10.18 18:35:44.105,1.23593,1.23614,1.50,1.13
2011.10.18 18:35:44.591,1.23589,1.23612,4.50,2.25
2011.10.18 18:35:44.828,1.23589,1.23612,4.50,1.50
2011.10.18 18:35:45.514,1.23592,1.23614,2.25,1.13
2011.10.18 18:35:45.879,1.2359,1.23613,1.50,1.88
2011.10.18 18:35:47.531,1.2359,1.23611,1.50,1.13
2011.10.18 18:35:47.651,1.23589,1.23609,4.50,1.13
2011.10.18 18:35:47.904,1.23589,1.23609,1.50,1.13
2011.10.18 18:35:48.032,1.23589,1.23607,1.50,1.88
2011.10.18 18:35:49.743,1.23591,1.23607,1.50,1.13
2011.10.18 18:35:51.008,1.23589,1.23606,3.00,1.13
2011.10.18 18:35:51.937,1.23589,1.23607,3.00,1.13
2011.10.18 18:35:52.593,1.23589,1.23609,3.00,1.13
2011.10.18 18:35:56.850,1.23589,1.23609,2.25,1.88
2011.10.18 18:35:57.453,1.23589,1.23609,3.00,1.50
2011.10.18 18:35:58.244,1.23589,1.23609,3.00,1.13
2011.10.18 18:35:58.608,1.23589,1.23609,3.00,1.50
2011.10.18 18:35:59.187,1.23589,1.23608,3.00,1.13
2011.10.18 18:35:59.909,1.23589,1.23609,3.00,1.50
2011.10.18 18:36:00.475,1.23589,1.23609,3.00,1.50
2011.10.18 18:36:01.336,1.23589,1.23608,3.00,1.13
2011.10.18 18:36:01.951,1.23589,1.23609,3.00,1.50
2011.10.18 18:36:02.202,1.23589,1.23606,3.00,1.50
2011.10.18 18:36:02.736,1.23585,1.23605,1.35,1.88
2011.10.18 18:36:03.445,1.23588,1.23607,1.50,2.63
2011.10.18 18:36:03.569,1.23588,1.23607,1.50,3.38
2011.10.18 18:36:04.402,1.23588,1.23607,1.50,3.38
2011.10.18 18:36:05.107,1.23588,1.23607,1.50,1.13
2011.10.18 18:36:05.689,1.23587,1.23607,1.50,1.88
2011.10.18 18:36:06.847,1.23587,1.23607,1.50,1.88
2011.10.18 18:36:07.430,1.23587,1.23607,1.50,1.88
2011.10.18 18:36:08.132,1.23589,1.23607,1.50,1.13
2011.10.18 18:36:08.788,1.23587,1.23607,3.75,1.13
2011.10.18 18:36:08.912,1.23587,1.23607,3.75,1.13
2011.10.18 18:36:10.280,1.23587,1.23607,1.50,1.50
2011.10.18 18:36:10.517,1.23587,1.23607,1.50,2.25
2011.10.18 18:36:10.978,1.23586,1.23607,4.50,1.50
2011.10.18 18:36:11.098,1.23586,1.23607,3.00,1.50
2011.10.18 18:36:11.676,1.23585,1.23607,1.35,1.88
2011.10.18 18:36:14.993,1.23585,1.23607,1.35,1.13
2011.10.18 18:36:15.129,1.23584,1.23603,1.35,1.13
2011.10.18 18:36:15.733,1.23585,1.23601,1.35,1.50
2011.10.18 18:36:16.339,1.23586,1.236,1.50,1.13
2011.10.18 18:36:17.004,1.23586,1.23601,1.50,1.50
2011.10.18 18:36:17.597,1.23586,1.23601,2.10,1.50
2011.10.18 18:36:18.418,1.23586,1.23601,2.10,1.50
2011.10.18 18:36:19.008,1.23586,1.23601,2.10,1.50
2011.10.18 18:36:19.370,1.23586,1.23601,2.10,1.50
2011.10.18 18:36:19.850,1.23579,1.23599,1.28,1.50
2011.10.18 18:36:20.092,1.23571,1.23593,1.50,1.50
2011.10.18 18:36:20.494,1.2357,1.23593,1.50,2.25
2011.10.18 18:36:20.625,1.23567,1.23589,1.88,2.25
2011.10.18 18:36:23.428,1.23567,1.2359,1.50,2.25
2011.10.18 18:36:24.524,1.23565,1.23586,2.25,1.13
2011.10.18 18:36:25.152,1.23555,1.2358,1.50,1.50
2011.10.18 18:36:25.650,1.23553,1.23577,1.50,1.50
2011.10.18 18:36:27.287,1.23555,1.23577,1.50,1.50
2011.10.18 18:36:27.927,1.23564,1.23581,1.50,1.13
2011.10.18 18:36:29.212,1.23562,1.23581,1.50,1.88
2011.10.18 18:36:29.825,1.23564,1.23581,1.50,1.13
2011.10.18 18:36:29.947,1.23561,1.23582,3.00,1.13
2011.10.18 18:36:30.178,1.23563,1.23583,3.00,1.50
2011.10.18 18:36:32.486,1.23563,1.23581,3.00,1.88
2011.10.18 18:36:33.044,1.23563,1.23583,3.00,1.13
2011.10.18 18:36:33.292,1.23565,1.23586,1.50,1.45
2011.10.18 18:36:33.889,1.23565,1.23588,1.50,1.73
2011.10.18 18:36:34.340,1.23568,1.23588,1.50,1.35
2011.10.18 18:36:34.464,1.23566,1.23588,1.50,2.10
2011.10.18 18:36:36.100,1.23566,1.23588,1.50,1.73
2011.10.18 18:36:36.230,1.23571,1.2359,1.50,3.09
2011.10.18 18:36:36.951,1.23571,1.2359,1.50,3.09
2011.10.18 18:36:37.188,1.23569,1.2359,1.50,1.97
2011.10.18 18:36:37.430,1.23568,1.23589,1.50,1.97
2011.10.18 18:36:38.524,1.23569,1.23589,1.50,1.35
2011.10.18 18:36:38.664,1.23567,1.23587,1.50,1.73
2011.10.18 18:36:39.508,1.23565,1.23586,3.00,1.73
2011.10.18 18:36:39.870,1.23573,1.23585,1.88,1.28
2011.10.18 18:36:40.562,1.23573,1.23587,1.88,1.35
2011.10.18 18:36:40.691,1.23577,1.23587,2.25,1.13
2011.10.18 18:36:45.190,1.23572,1.23587,3.38,1.50
2011.10.18 18:36:45.311,1.23569,1.23586,1.50,1.13
2011.10.18 18:36:45.429,1.23569,1.23588,1.50,2.20
2011.10.18 18:36:45.549,1.23569,1.23586,1.50,1.83
2011.10.18 18:36:46.447,1.23569,1.23586,1.50,1.50
2011.10.18 18:36:46.687,1.23567,1.23586,1.50,1.13
2011.10.18 18:36:47.256,1.23566,1.23587,1.50,2.20
2011.10.18 18:36:48.038,1.23566,1.23586,1.50,1.13
2011.10.18 18:36:48.371,1.23569,1.23587,1.50,1.13
2011.10.18 18:36:48.734,1.23568,1.23588,1.50,2.58
2011.10.18 18:36:48.978,1.23565,1.23582,3.00,2.20
2011.10.18 18:36:49.571,1.23566,1.23584,1.50,1.45
2011.10.18 18:36:49.688,1.23568,1.23584,1.50,1.45
2011.10.18 18:36:50.040,1.23566,1.23586,3.00,2.20
2011.10.18 18:36:50.627,1.23567,1.23585,1.50,2.20
2011.10.18 18:36:51.302,1.23567,1.23585,1.50,2.20
2011.10.18 18:36:51.550,1.23565,1.23584,1.50,2.20
2011.10.18 18:36:52.201,1.23565,1.23583,1.50,2.20
2011.10.18 18:36:52.428,1.23565,1.23581,1.50,1.45
2011.10.18 18:36:52.551,1.23561,1.23581,3.00,1.45
2011.10.18 18:36:53.127,1.23563,1.23583,1.50,2.20
2011.10.18 18:36:53.357,1.23563,1.23582,1.50,2.20
2011.10.18 18:36:53.937,1.23561,1.23581,1.50,2.20
2011.10.18 18:36:54.299,1.23563,1.23582,1.50,1.45
2011.10.18 18:36:54.636,1.23563,1.23587,1.50,1.50
2011.10.18 18:36:55.157,1.23563,1.23587,1.50,1.50
2011.10.18 18:36:57.355,1.23563,1.23587,1.50,1.50
2011.10.18 18:37:00.686,1.23563,1.23587,1.50,1.50
2011.10.18 18:37:01.276,1.23563,1.23587,1.50,1.50
2011.10.18 18:37:01.798,1.23578,1.23587,2.25,1.50
2011.10.18 18:37:02.162,1.23581,1.23588,1.50,1.45
2011.10.18 18:37:02.288,1.23579,1.23592,2.25,1.37
2011.10.18 18:37:02.408,1.23576,1.23594,1.50,1.13
2011.10.18 18:37:02.638,1.23574,1.23597,1.50,2.95
2011.10.18 18:37:03.002,1.23575,1.23596,1.50,1.50
2011.10.18 18:37:05.284,1.23575,1.23598,1.50,2.58
2011.10.18 18:37:05.860,1.23575,1.23597,1.50,1.13
2011.10.18 18:37:06.220,1.23585,1.23596,1.50,1.50
2011.10.18 18:37:10.369,1.23585,1.23596,1.50,1.13
2011.10.18 18:37:10.826,1.23586,1.23599,2.25,1.45
2011.10.18 18:37:10.961,1.23586,1.23602,3.00,1.13
2011.10.18 18:37:11.203,1.23586,1.23602,3.00,2.58
2011.10.18 18:37:13.400,1.23586,1.23602,3.00,1.13
2011.10.18 18:37:13.761,1.23586,1.23601,3.00,1.13
2011.10.18 18:37:14.366,1.23588,1.23604,1.50,1.13
2011.10.18 18:37:14.488,1.23586,1.23604,1.50,1.13
2011.10.18 18:37:15.270,1.23586,1.23603,1.50,1.13
2011.10.18 18:37:16.219,1.23589,1.23605,1.50,1.13
2011.10.18 18:37:17.250,1.23589,1.23605,1.50,1.50
2011.10.18 18:37:17.828,1.23586,1.23604,3.00,1.13
2011.10.18 18:37:18.292,1.23586,1.23604,3.00,1.50
2011.10.18 18:37:18.434,1.23583,1.23596,1.50,1.13
2011.10.18 18:37:18.570,1.2358,1.23596,2.25,3.00
2011.10.18 18:37:18.986,1.23582,1.23596,3.00,3.38
2011.10.18 18:37:19.128,1.23581,1.23595,1.50,1.13
2011.10.18 18:37:19.375,1.23581,1.236,1.50,1.45
2011.10.18 18:37:19.625,1.23583,1.23603,1.50,2.20
2011.10.18 18:37:20.236,1.23583,1.23601,1.50,1.50
2011.10.18 18:37:21.051,1.2358,1.236,1.50,1.13
2011.10.18 18:37:22.030,1.2358,1.23601,1.50,1.13
2011.10.18 18:37:22.628,1.23582,1.23604,1.50,1.50
2011.10.18 18:37:25.011,1.23581,1.23601,1.50,1.50
2011.10.18 18:37:25.379,1.23582,1.23601,1.50,1.50
2011.10.18 18:37:25.947,1.23582,1.23602,1.50,1.50
2011.10.18 18:37:28.236,1.23582,1.23601,1.50,1.50
2011.10.18 18:37:28.827,1.23582,1.23603,1.50,1.13
2011.10.18 18:37:28.954,1.23583,1.23605,1.50,3.38
2011.10.18 18:37:29.080,1.23585,1.23605,1.13,2.25
2011.10.18 18:37:29.633,1.23587,1.23612,3.00,1.13
2011.10.18 18:37:30.128,1.23587,1.23608,1.50,1.50
2011.10.18 18:37:30.977,1.23589,1.2361,1.50,1.13
2011.10.18 18:37:31.341,1.23589,1.23607,1.50,1.13
2011.10.18 18:37:32.908,1.2359,1.23606,1.50,1.13
2011.10.18 18:37:34.105,1.23589,1.23609,1.50,1.50
2011.10.18 18:37:34.485,1.23589,1.23606,1.50,1.13
2011.10.18 18:37:35.225,1.23589,1.23607,2.25,2.58
2011.10.18 18:37:35.353,1.23587,1.23606,1.50,1.13
2011.10.18 18:37:35.603,1.23591,1.2361,1.50,1.83
2011.10.18 18:37:36.212,1.23591,1.23611,1.50,1.88
2011.10.18 18:37:36.938,1.2359,1.23607,1.50,2.63
2011.10.18 18:37:37.058,1.23588,1.23607,1.50,2.63
2011.10.18 18:37:37.661,1.23587,1.23607,1.50,2.63
2011.10.18 18:37:38.058,1.23585,1.23605,1.50,1.13
2011.10.18 18:37:38.198,1.23576,1.23599,1.50,2.25
2011.10.18 18:37:38.326,1.23575,1.23598,1.50,1.13
2011.10.18 18:37:39.041,1.23575,1.23598,1.50,1.13
2011.10.18 18:37:39.168,1.23573,1.23597,1.50,1.13
2011.10.18 18:37:39.288,1.23571,1.23597,1.88,2.25
2011.10.18 18:37:39.752,1.23574,1.23598,1.50,1.50
2011.10.18 18:37:41.771,1.23572,1.23596,1.50,1.50
2011.10.18 18:37:44.169,1.23573,1.23596,1.50,1.88
2011.10.18 18:37:44.411,1.23573,1.23597,2.63,1.50
2011.10.18 18:37:44.648,1.23574,1.23599,2.25,2.63
2011.10.18 18:37:45.010,1.23577,1.23599,1.50,1.13
2011.10.18 18:37:46.479,1.23577,1.23599,1.50,1.13
2011.10.18 18:37:47.792,1.23577,1.23598,1.50,1.13
2011.10.18 18:37:51.441,1.23576,1.23597,1.50,1.13
2011.10.18 18:37:52.739,1.23576,1.23597,1.50,1.13
2011.10.18 18:37:55.917,1.23576,1.23597,1.50,1.13
2011.10.18 18:37:56.488,1.23571,1.23595,1.88,1.50
2011.10.18 18:37:57.042,1.23571,1.23595,2.63,1.50
2011.10.18 18:37:58.621,1.23572,1.23595,1.13,1.50
2011.10.18 18:37:59.196,1.23572,1.23597,3.38,1.50
2011.10.18 18:38:00.260,1.23574,1.23597,1.50,1.50
2011.10.18 18:38:00.971,1.23577,1.23595,2.25,1.13
2011.10.18 18:38:01.340,1.23576,1.23595,1.50,1.13
2011.10.18 18:38:01.939,1.23576,1.23597,1.50,1.13
2011.10.18 18:38:03.099,1.23577,1.23597,1.50,1.13
2011.10.18 18:38:03.672,1.23577,1.23597,1.50,1.13
2011.10.18 18:38:04.267,1.23577,1.23597,1.50,1.13
2011.10.18 18:38:05.677,1.23577,1.23598,1.50,1.13
2011.10.18 18:38:07.509,1.23577,1.23598,1.50,1.13
2011.10.18 18:38:07.991,1.23577,1.23601,1.50,2.63
2011.10.18 18:38:08.658,1.23577,1.23603,1.88,1.50
2011.10.18 18:38:08.798,1.23583,1.23607,1.50,2.25
2011.10.18 18:38:09.281,1.23583,1.23605,1.50,1.13
2011.10.18 18:38:09.660,1.2358,1.23602,1.50,1.13
2011.10.18 18:38:10.262,1.23579,1.236,1.50,1.13
2011.10.18 18:38:11.761,1.23579,1.23601,1.50,1.88
2011.10.18 18:38:12.238,1.23583,1.23601,3.00,1.13
2011.10.18 18:38:15.172,1.23583,1.23601,3.00,1.13
2011.10.18 18:38:15.711,1.23583,1.23601,3.00,1.13
2011.10.18 18:38:16.269,1.23583,1.23601,3.00,1.13
2011.10.18 18:38:18.432,1.23582,1.23599,1.50,1.13
2011.10.18 18:38:18.918,1.23581,1.23599,1.50,1.13
2011.10.18 18:38:21.088,1.23581,1.23599,1.50,1.13
2011.10.18 18:38:21.890,1.23581,1.23602,1.50,1.13
2011.10.18 18:38:22.131,1.23583,1.23603,1.50,1.13
2011.10.18 18:38:23.147,1.23583,1.23602,1.50,1.13
2011.10.18 18:38:23.806,1.2358,1.23602,3.00,1.13
2011.10.18 18:38:24.290,1.23583,1.23604,1.50,1.13
2011.10.18 18:38:25.721,1.2358,1.236,3.00,1.13
2011.10.18 18:38:26.296,1.2358,1.236,3.00,1.13
2011.10.18 18:38:28.410,1.23577,1.23596,1.50,1.13
2011.10.18 18:38:28.770,1.23578,1.23597,1.50,3.38
2011.10.18 18:38:30.299,1.23578,1.23597,1.50,1.88
2011.10.18 18:38:30.770,1.2358,1.23597,3.00,1.88
2011.10.18 18:38:31.372,1.2358,1.23597,3.00,1.88
2011.10.18 18:38:33.390,1.2358,1.23597,3.00,2.63
2011.10.18 18:38:33.514,1.23576,1.23597,1.50,2.63
2011.10.18 18:38:33.643,1.23576,1.23593,1.50,1.13
2011.10.18 18:38:34.014,1.23576,1.2359,1.50,2.25
2011.10.18 18:38:34.648,1.2358,1.23596,1.50,1.13
2011.10.18 18:38:36.500,1.2358,1.23596,1.50,1.13
2011.10.18 18:38:39.287,1.2358,1.23596,1.50,1.13
2011.10.18 18:38:39.406,1.2358,1.23597,1.50,1.13
2011.10.18 18:38:41.077,1.2358,1.23597,1.50,1.13
2011.10.18 18:38:41.989,1.2358,1.23597,1.50,1.13
2011.10.18 18:38:44.870,1.2358,1.23597,1.50,1.13
2011.10.18 18:38:46.790,1.2358,1.23598,1.50,3.38
2011.10.18 18:38:48.020,1.2358,1.236,1.50,1.13
2011.10.18 18:38:51.297,1.2358,1.236,1.50,1.13
2011.10.18 18:38:52.899,1.2358,1.23596,1.50,1.13
2011.10.18 18:38:53.248,1.2358,1.23595,1.50,1.13
2011.10.18 18:38:53.785,1.23578,1.23592,1.50,2.25
2011.10.18 18:38:55.160,1.23578,1.23597,1.50,3.33
2011.10.18 18:38:55.643,1.2358,1.23598,1.50,1.13
2011.10.18 18:38:56.246,1.2358,1.23597,1.50,1.13
2011.10.18 18:38:57.460,1.2358,1.23596,1.50,1.13
2011.10.18 18:38:57.583,1.23575,1.23596,2.25,1.13
2011.10.18 18:38:57.712,1.23572,1.23594,3.75,1.50
2011.10.18 18:38:57.828,1.23572,1.23592,1.50,1.50
2011.10.18 18:38:58.541,1.23572,1.23595,2.25,4.13
2011.10.18 18:38:59.139,1.23572,1.23595,2.25,3.38
2011.10.18 18:39:02.549,1.23572,1.23594,1.50,1.50
2011.10.18 18:39:02.898,1.23569,1.23592,1.50,1.88
2011.10.18 18:39:03.020,1.23567,1.23589,1.50,1.13
2011.10.18 18:39:03.382,1.23561,1.23585,1.50,1.88
2011.10.18 18:39:03.980,1.23561,1.23584,1.50,1.50
2011.10.18 18:39:04.102,1.23561,1.23581,1.50,1.13
2011.10.18 18:39:04.589,1.23557,1.2358,1.50,1.13
2011.10.18 18:39:04.831,1.23554,1.23576,3.00,1.50
2011.10.18 18:39:04.948,1.23553,1.23576,1.50,1.50
2011.10.18 18:39:05.525,1.23553,1.23573,1.50,1.50
2011.10.18 18:39:05.890,1.2355,1.23573,3.00,1.50
2011.10.18 18:39:08.627,1.2355,1.23573,3.75,1.50
2011.10.18 18:39:08.752,1.23553,1.23576,2.25,1.13
2011.10.18 18:39:08.880,1.23555,1.23576,1.50,1.13
2011.10.18 18:39:09.781,1.23557,1.23579,1.50,1.13
2011.10.18 18:39:11.537,1.23555,1.23577,1.50,1.13
2011.10.18 18:39:11.888,1.23552,1.23576,1.50,1.13
2011.10.18 18:39:12.120,1.23554,1.23577,3.00,1.88
2011.10.18 18:39:13.048,1.23555,1.23577,3.00,1.13
2011.10.18 18:39:19.361,1.23558,1.23581,1.50,1.50
2011.10.18 18:39:20.699,1.2356,1.23581,1.50,1.13
2011.10.18 18:39:21.302,1.2356,1.23583,1.50,1.13
2011.10.18 18:39:22.734,1.2356,1.23583,1.50,1.13
2011.10.18 18:39:23.104,1.2356,1.23584,1.50,1.50
2011.10.18 18:39:23.235,1.23562,1.23584,3.00,1.13
2011.10.18 18:39:23.482,1.23564,1.23587,1.50,1.13
2011.10.18 18:39:23.612,1.23565,1.23588,2.25,1.88
2011.10.18 18:39:23.983,1.23565,1.23586,1.50,1.13
2011.10.18 18:39:24.115,1.23566,1.23589,2.25,1.50
2011.10.18 18:39:24.662,1.23566,1.23589,2.25,1.88
2011.10.18 18:39:25.042,1.23564,1.23588,1.50,1.50
2011.10.18 18:39:25.175,1.23565,1.23589,2.25,1.50
2011.10.18 18:39:25.546,1.23563,1.23586,3.00,1.13
2011.10.18 18:39:25.674,1.23566,1.2359,3.00,2.25
2011.10.18 18:39:26.278,1.23565,1.2359,3.00,1.13
2011.10.18 18:39:26.520,1.23566,1.23591,2.25,1.88
2011.10.18 18:39:27.026,1.23565,1.23587,1.50,1.13
2011.10.18 18:39:27.394,1.23566,1.23588,1.50,1.13
2011.10.18 18:39:27.519,1.23566,1.23589,3.00,1.13
2011.10.18 18:39:27.877,1.23566,1.23588,1.50,1.13
2011.10.18 18:39:28.361,1.23567,1.23589,1.50,1.13
2011.10.18 18:39:28.710,1.23576,1.23592,1.50,2.63
2011.10.18 18:39:28.947,1.23576,1.23592,1.50,2.25
2011.10.18 18:39:29.313,1.23578,1.23598,1.50,2.95
2011.10.18 18:39:29.438,1.23578,1.23599,1.50,2.20
2011.10.18 18:39:29.560,1.2358,1.23598,1.50,1.45
2011.10.18 18:39:29.678,1.2358,1.23602,1.50,1.50
2011.10.18 18:39:30.666,1.23581,1.23602,3.00,1.50
2011.10.18 18:39:31.273,1.23581,1.23602,3.00,1.50
2011.10.18 18:39:31.864,1.23579,1.23602,1.50,1.50
2011.10.18 18:39:31.991,1.23577,1.23601,1.50,2.25
2011.10.18 18:39:32.353,1.23579,1.23602,3.00,2.95
2011.10.18 18:39:32.608,1.23585,1.23603,1.50,1.45
2011.10.18 18:39:32.736,1.23587,1.23607,1.50,1.45
2011.10.18 18:39:33.406,1.23587,1.23611,2.25,1.13
2011.10.18 18:39:33.563,1.23587,1.23611,1.50,2.25
2011.10.18 18:39:37.166,1.23587,1.23611,1.50,1.88
2011.10.18 18:39:37.542,1.23596,1.23609,1.50,1.83
2011.10.18 18:39:37.909,1.23597,1.23613,1.50,1.13
2011.10.18 18:39:38.612,1.23599,1.23615,1.50,1.88
2011.10.18 18:39:38.741,1.23599,1.23615,1.50,1.83
2011.10.18 18:39:38.865,1.23601,1.23615,1.50,1.83
2011.10.18 18:39:40.119,1.236,1.23617,1.50,1.13
2011.10.18 18:39:40.722,1.236,1.23617,1.50,1.13
2011.10.18 18:39:41.452,1.23598,1.23617,1.50,1.13
2011.10.18 18:39:41.582,1.23596,1.23608,1.50,1.13
2011.10.18 18:39:41.830,1.23595,1.23613,1.50,1.13
2011.10.18 18:39:42.070,1.23595,1.23616,1.50,1.13
2011.10.18 18:39:42.429,1.23596,1.23616,1.50,1.88
2011.10.18 18:39:44.357,1.23594,1.23616,1.50,1.13
2011.10.18 18:39:45.548,1.23594,1.23613,1.50,1.13
2011.10.18 18:39:45.669,1.23592,1.23613,1.50,1.13
2011.10.18 18:39:46.237,1.23592,1.23613,1.50,1.13
2011.10.18 18:39:53.010,1.23592,1.23613,2.25,1.13
2011.10.18 18:40:00.617,1.23593,1.23615,1.50,1.13
2011.10.18 18:40:01.085,1.23592,1.23613,1.50,1.13
2011.10.18 18:40:02.812,1.23592,1.23615,3.00,2.25
2011.10.18 18:40:02.943,1.23596,1.23617,1.50,4.13
2011.10.18 18:40:03.435,1.23599,1.2362,1.50,1.88
2011.10.18 18:40:03.560,1.23599,1.2362,1.50,1.13
2011.10.18 18:40:04.273,1.23599,1.2362,1.50,1.13
2011.10.18 18:40:04.402,1.23596,1.2362,1.50,1.88
2011.10.18 18:40:05.113,1.23599,1.2362,2.25,1.50
2011.10.18 18:40:05.363,1.23607,1.23628,1.13,4.45
2011.10.18 18:40:05.496,1.23608,1.23631,1.13,2.49
2011.10.18 18:40:05.747,1.23608,1.23632,1.50,1.13
2011.10.18 18:40:05.875,1.23606,1.23632,3.38,3.38
2011.10.18 18:40:06.722,1.23605,1.23629,2.25,1.50
2011.10.18 18:40:06.850,1.23605,1.23627,1.50,1.50
2011.10.18 18:40:07.449,1.23601,1.23625,1.50,1.50
2011.10.18 18:40:07.570,1.23601,1.23624,1.50,2.25
2011.10.18 18:40:08.623,1.23601,1.23625,1.88,1.50
2011.10.18 18:40:09.252,1.236,1.23624,1.13,1.50
2011.10.18 18:40:09.651,1.23601,1.23626,1.13,1.50
2011.10.18 18:40:12.692,1.23602,1.23627,3.00,1.50
2011.10.18 18:40:13.061,1.23602,1.23623,1.50,1.50
2011.10.18 18:40:16.104,1.23603,1.23627,1.50,1.13
2011.10.18 18:40:16.974,1.23605,1.23627,1.50,1.13
2011.10.18 18:40:17.328,1.23606,1.23628,1.50,1.88
2011.10.18 18:40:17.683,1.23606,1.23626,1.50,1.88
2011.10.18 18:40:18.978,1.23604,1.23625,1.50,3.38
2011.10.18 18:40:21.962,1.23603,1.23624,1.50,2.63
2011.10.18 18:40:22.095,1.23597,1.23621,2.63,1.50
2011.10.18 18:40:22.656,1.23597,1.23619,1.50,1.13
2011.10.18 18:40:22.786,1.23593,1.23616,1.50,1.50
2011.10.18 18:40:22.911,1.23591,1.23615,1.50,1.50
2011.10.18 18:40:23.030,1.2359,1.23611,1.56,2.25
2011.10.18 18:40:23.153,1.23586,1.23609,1.88,1.50
2011.10.18 18:40:23.281,1.2359,1.23614,1.50,1.50
2011.10.18 18:40:23.400,1.23592,1.23615,2.25,1.50
2011.10.18 18:40:23.994,1.23593,1.23617,1.50,1.50
2011.10.18 18:40:24.603,1.23595,1.23618,2.25,1.50
2011.10.18 18:40:24.969,1.23599,1.23621,2.25,1.13
2011.10.18 18:40:29.008,1.236,1.23622,1.50,1.13
2011.10.18 18:40:32.364,1.23599,1.23615,1.50,4.50
2011.10.18 18:40:32.490,1.23596,1.23611,1.50,2.25
2011.10.18 18:40:32.609,1.23594,1.23611,1.50,2.25
2011.10.18 18:40:38.393,1.23588,1.23611,2.25,4.50
2011.10.18 18:40:38.518,1.23585,1.23609,1.88,1.50
2011.10.18 18:40:38.870,1.23585,1.23608,1.13,1.50
2011.10.18 18:40:39.688,1.23585,1.23609,1.88,1.50
2011.10.18 18:40:39.808,1.23588,1.2361,1.50,1.50
2011.10.18 18:40:40.050,1.23588,1.23611,1.50,3.38
2011.10.18 18:40:46.101,1.23588,1.2361,1.50,1.13
2011.10.18 18:40:47.177,1.23588,1.23611,1.88,3.00
2011.10.18 18:40:47.533,1.23588,1.23599,1.13,2.25
2011.10.18 18:40:47.661,1.23588,1.23619,1.13,2.58
2011.10.18 18:40:48.258,1.23589,1.2362,1.50,1.13
2011.10.18 18:40:52.960,1.2359,1.2362,1.13,1.13
2011.10.18 18:41:00.979,1.2359,1.2362,1.13,1.13
2011.10.18 18:41:01.209,1.2359,1.2362,1.13,1.13
2011.10.18 18:41:01.677,1.23591,1.2362,1.13,1.13
2011.10.18 18:41:01.918,1.23591,1.23622,1.13,1.13
2011.10.18 18:41:02.507,1.23591,1.23621,1.56,1.13
2011.10.18 18:41:03.571,1.23589,1.23619,1.56,1.13
2011.10.18 18:41:03.813,1.2359,1.23619,1.56,1.50
2011.10.18 18:41:04.184,1.23587,1.23619,1.50,1.13
2011.10.18 18:41:04.553,1.23587,1.23619,1.50,1.13
2011.10.18 18:41:04.679,1.23587,1.23617,1.50,1.13
2011.10.18 18:41:05.950,1.2359,1.23616,1.50,1.13
2011.10.18 18:41:06.075,1.2359,1.23616,1.50,1.88
2011.10.18 18:41:06.203,1.23588,1.23616,1.50,1.13
2011.10.18 18:41:06.667,1.23588,1.23617,1.50,1.13
2011.10.18 18:41:07.390,1.23589,1.23616,1.50,1.13
2011.10.18 18:41:07.869,1.2359,1.23616,1.13,1.13
2011.10.18 18:41:08.701,1.23589,1.23619,2.63,1.13
2011.10.18 18:41:09.860,1.23586,1.23619,2.25,1.13
2011.10.18 18:41:10.220,1.23589,1.2362,1.13,1.13
2011.10.18 18:41:10.342,1.23588,1.2362,1.56,1.88
2011.10.18 18:41:10.713,1.23588,1.23616,1.93,1.88
2011.10.18 18:41:11.085,1.23589,1.2362,1.13,1.88
2011.10.18 18:41:11.690,1.23586,1.23616,1.88,1.13
2011.10.18 18:41:12.287,1.23588,1.2361,1.13,3.00
2011.10.18 18:41:12.413,1.2359,1.23612,1.13,1.50
2011.10.18 18:41:12.543,1.2359,1.23612,1.88,1.50
2011.10.18 18:41:12.913,1.23593,1.23615,1.50,2.25
2011.10.18 18:41:13.161,1.23593,1.23614,1.50,1.13
2011.10.18 18:41:13.281,1.23593,1.23615,2.25,1.13
2011.10.18 18:41:14.450,1.23591,1.23616,1.50,1.50
2011.10.18 18:41:15.650,1.23591,1.23615,2.25,1.13
2011.10.18 18:41:16.248,1.2359,1.23612,1.50,1.13
2011.10.18 18:41:22.636,1.23591,1.23615,3.00,1.13
2011.10.18 18:41:24.957,1.23591,1.23614,3.00,1.13
2011.10.18 18:41:25.815,1.23591,1.23614,3.00,1.13
2011.10.18 18:41:26.067,1.2359,1.23613,1.50,1.13
2011.10.18 18:41:26.302,1.2359,1.23613,1.50,1.13
2011.10.18 18:41:27.312,1.2359,1.23613,1.50,1.50
2011.10.18 18:41:30.414,1.2359,1.23606,1.50,1.13
2011.10.18 18:41:30.672,1.23589,1.2361,1.50,4.13
2011.10.18 18:41:31.079,1.23589,1.2361,3.00,1.13
2011.10.18 18:41:31.802,1.23589,1.23612,3.75,1.13
2011.10.18 18:41:32.412,1.23591,1.23609,2.25,1.13
2011.10.18 18:41:39.762,1.23592,1.23612,1.50,1.13
2011.10.18 18:41:40.362,1.23592,1.2361,1.50,1.13
2011.10.18 18:41:40.481,1.23592,1.23612,1.50,1.13
2011.10.18 18:41:40.602,1.23593,1.23614,3.00,1.13
2011.10.18 18:41:40.971,1.23593,1.23616,3.00,1.50
2011.10.18 18:41:44.562,1.23594,1.23619,3.00,4.50
2011.10.18 18:41:45.176,1.23594,1.23616,1.50,1.50
2011.10.18 18:41:45.315,1.2359,1.23613,1.88,1.50
2011.10.18 18:41:45.696,1.23592,1.23613,1.50,1.88
2011.10.18 18:41:45.945,1.23592,1.23613,3.38,1.13
2011.10.18 18:41:46.074,1.23592,1.23613,1.13,2.25
2011.10.18 18:41:46.442,1.23593,1.23614,1.50,1.13
2011.10.18 18:41:46.572,1.23592,1.23614,1.50,1.88
2011.10.18 18:41:47.189,1.23594,1.23615,1.50,1.13
2011.10.18 18:41:49.338,1.23594,1.23614,1.50,1.13
2011.10.18 18:41:50.009,1.23594,1.23614,1.50,1.13
2011.10.18 18:41:51.159,1.23594,1.23615,1.50,1.13
2011.10.18 18:41:52.922,1.23594,1.23617,1.50,1.88
2011.10.18 18:41:53.502,1.23594,1.23617,1.50,1.88
2011.10.18 18:41:54.057,1.23594,1.23617,1.50,1.50
2011.10.18 18:41:54.838,1.23594,1.23617,2.25,1.50
2011.10.18 18:41:55.447,1.23594,1.23617,1.50,1.50
2011.10.18 18:41:56.052,1.23594,1.23616,1.50,1.13
2011.10.18 18:41:57.289,1.23594,1.23617,1.50,1.50
2011.10.18 18:41:57.419,1.23594,1.23617,1.50,1.50
2011.10.18 18:41:58.018,1.23594,1.23617,2.25,1.50
2011.10.18 18:41:58.380,1.23594,1.23611,1.50,1.13
2011.10.18 18:41:58.974,1.23591,1.23611,1.50,1.13
2011.10.18 18:41:59.568,1.23591,1.2361,1.50,1.13
2011.10.18 18:42:01.552,1.23589,1.23609,1.50,1.13
2011.10.18 18:42:02.151,1.23589,1.23609,1.50,1.13
2011.10.18 18:42:02.747,1.23589,1.23604,1.50,2.25
2011.10.18 18:42:04.901,1.23589,1.23604,1.50,3.75
2011.10.18 18:42:05.025,1.23582,1.23602,1.50,3.00
2011.10.18 18:42:06.233,1.23582,1.23602,1.50,3.00
2011.10.18 18:42:06.484,1.23582,1.23602,1.50,3.00
2011.10.18 18:42:06.971,1.23578,1.23602,1.88,3.75
2011.10.18 18:42:07.347,1.23578,1.23602,1.88,3.75
2011.10.18 18:42:09.010,1.23577,1.23597,2.25,1.50
2011.10.18 18:42:09.129,1.23576,1.23596,2.25,1.50
2011.10.18 18:42:09.970,1.23576,1.23595,2.25,1.50
2011.10.18 18:42:10.570,1.23576,1.23595,2.25,1.50
2011.10.18 18:42:11.354,1.23572,1.23591,2.25,1.13
2011.10.18 18:42:11.721,1.23565,1.23588,1.50,1.50
2011.10.18 18:42:11.839,1.23565,1.23589,1.50,1.88
2011.10.18 18:42:12.201,1.23562,1.23587,1.13,3.00
2011.10.18 18:42:12.563,1.23559,1.23581,1.88,2.25
2011.10.18 18:42:12.809,1.23559,1.23581,1.88,1.50
2011.10.18 18:42:13.378,1.23559,1.23581,1.88,1.50
2011.10.18 18:42:14.930,1.23561,1.23583,1.13,1.50
2011.10.18 18:42:15.174,1.23561,1.23583,1.13,1.50
2011.10.18 18:42:15.306,1.23561,1.23583,1.13,1.50
2011.10.18 18:42:15.901,1.23561,1.23583,1.13,1.50
2011.10.18 18:42:17.204,1.23564,1.23586,1.13,1.50
2011.10.18 18:42:17.335,1.23568,1.23591,1.88,1.50
2011.10.18 18:42:17.588,1.23573,1.23595,1.50,1.50
2011.10.18 18:42:18.015,1.2358,1.236,2.25,2.25
2011.10.18 18:42:18.140,1.23581,1.23605,1.50,1.50
2011.10.18 18:42:19.419,1.23589,1.23609,1.50,1.13
2011.10.18 18:42:20.000,1.23591,1.23608,1.50,1.13
2011.10.18 18:42:20.601,1.23591,1.23609,1.50,1.13
2011.10.18 18:42:21.198,1.2359,1.23609,3.00,1.13
2011.10.18 18:42:21.998,1.23588,1.23609,1.50,1.13
2011.10.18 18:42:22.593,1.23588,1.23608,1.50,1.13
2011.10.18 18:42:23.529,1.23588,1.23605,1.50,1.13
2011.10.18 18:42:23.650,1.23581,1.23599,3.00,3.00
2011.10.18 18:42:24.239,1.23584,1.23599,1.50,3.00
2011.10.18 18:42:33.887,1.23581,1.23599,1.50,3.00
2011.10.18 18:42:39.104,1.23581,1.23598,1.50,1.13
2011.10.18 18:42:41.567,1.23581,1.23599,1.50,3.38
2011.10.18 18:42:42.630,1.23581,1.23599,1.50,3.38
2011.10.18 18:42:49.008,1.23583,1.23599,3.00,3.00
2011.10.18 18:42:50.672,1.23583,1.23599,3.00,3.00
2011.10.18 18:42:50.909,1.23582,1.23599,1.50,3.00
2011.10.18 18:42:56.758,1.23582,1.23598,1.50,1.13
2011.10.18 18:42:56.885,1.23582,1.23599,1.50,3.38
2011.10.18 18:42:57.130,1.23582,1.23599,1.50,3.38
2011.10.18 18:42:58.488,1.23582,1.23599,1.50,3.38
2011.10.18 18:42:59.083,1.23582,1.23599,1.50,3.38
2011.10.18 18:43:12.692,1.23582,1.23599,1.50,2.63
2011.10.18 18:43:13.970,1.23579,1.23599,1.50,2.25
2011.10.18 18:43:14.732,1.23579,1.23599,1.50,3.38
2011.10.18 18:43:14.864,1.23582,1.23599,1.50,3.38
2011.10.18 18:43:15.523,1.23584,1.23602,1.50,1.13
2011.10.18 18:43:16.608,1.23585,1.23601,2.25,1.13
2011.10.18 18:43:17.318,1.23585,1.23601,3.00,1.13
2011.10.18 18:43:17.659,1.23582,1.23596,2.25,1.13
2011.10.18 18:43:17.779,1.2358,1.23596,1.50,1.88
2011.10.18 18:43:18.369,1.2358,1.23597,1.50,1.13
2011.10.18 18:43:19.357,1.2358,1.23598,1.50,1.13
2011.10.18 18:43:22.731,1.2358,1.23599,1.50,3.00
2011.10.18 18:43:23.357,1.23586,1.23599,3.00,2.25
2011.10.18 18:43:23.485,1.23586,1.23605,3.00,1.13
2011.10.18 18:43:23.730,1.23586,1.23607,3.00,1.13
2011.10.18 18:43:27.669,1.23586,1.23605,3.00,1.13
2011.10.18 18:43:27.898,1.23586,1.23605,1.50,1.13
2011.10.18 18:43:28.501,1.23585,1.23603,1.50,1.13
2011.10.18 18:43:29.100,1.23585,1.23603,1.50,1.13
2011.10.18 18:43:33.916,1.23585,1.23601,1.50,1.13
2011.10.18 18:43:36.298,1.23585,1.23603,1.50,1.13
2011.10.18 18:43:37.576,1.23585,1.23604,1.50,1.13
2011.10.18 18:43:47.561,1.23586,1.23606,1.50,1.88
2011.10.18 18:43:47.688,1.23586,1.23606,3.00,1.13
2011.10.18 18:43:47.930,1.23585,1.23606,1.50,1.13
2011.10.18 18:43:48.532,1.23585,1.23606,1.50,1.13
2011.10.18 18:43:48.892,1.23585,1.23603,1.50,1.13
2011.10.18 18:43:49.260,1.23585,1.23598,1.50,1.13
2011.10.18 18:43:50.396,1.23587,1.23597,1.50,1.45
2011.10.18 18:43:50.515,1.23587,1.23603,1.50,1.45
2011.10.18 18:43:50.881,1.23587,1.23608,1.50,1.13
2011.10.18 18:43:51.004,1.23589,1.23608,1.50,1.13
2011.10.18 18:43:51.131,1.23587,1.23608,1.50,1.13
2011.10.18 18:43:55.329,1.23587,1.23608,1.50,1.13
2011.10.18 18:43:56.397,1.23587,1.23607,1.50,1.13
2011.10.18 18:43:58.365,1.23589,1.23611,1.13,2.25
2011.10.18 18:43:58.491,1.23589,1.23611,1.13,1.50
2011.10.18 18:43:58.970,1.2359,1.23614,2.25,3.75
2011.10.18 18:43:59.548,1.2359,1.23611,1.50,1.13
2011.10.18 18:43:59.791,1.23588,1.23609,1.88,3.00
2011.10.18 18:44:00.149,1.23586,1.23609,3.00,3.75
2011.10.18 18:44:00.860,1.23586,1.23609,3.00,3.75
2011.10.18 18:44:02.355,1.23588,1.23609,1.50,3.75
2011.10.18 18:44:02.495,1.23588,1.23609,3.75,3.00
2011.10.18 18:44:02.865,1.23588,1.23611,4.13,1.50
2011.10.18 18:44:04.929,1.23592,1.23612,1.13,3.00
2011.10.18 18:44:06.030,1.23593,1.23614,1.56,1.50
2011.10.18 18:44:06.514,1.23591,1.23609,1.50,2.25
2011.10.18 18:44:07.122,1.23589,1.23611,2.25,3.00
2011.10.18 18:44:07.727,1.2359,1.23611,1.50,2.25
2011.10.18 18:44:08.861,1.23591,1.23611,1.13,2.25
2011.10.18 18:44:09.480,1.23592,1.23611,1.88,2.25
2011.10.18 18:44:09.848,1.23595,1.23611,1.64,2.25
2011.10.18 18:44:10.095,1.23606,1.23622,1.50,1.45
2011.10.18 18:44:10.339,1.23606,1.2363,1.50,1.50
2011.10.18 18:44:11.061,1.23604,1.23628,1.50,1.50
2011.10.18 18:44:11.542,1.23604,1.23627,1.50,2.25
2011.10.18 18:44:14.952,1.23607,1.23631,2.25,2.25
2011.10.18 18:44:17.179,1.23604,1.23628,2.25,1.50
2011.10.18 18:44:19.511,1.23604,1.23627,2.25,1.13
2011.10.18 18:44:19.869,1.23602,1.23621,1.50,2.25
2011.10.18 18:44:21.668,1.23603,1.23626,1.50,1.50
2011.10.18 18:44:21.797,1.23604,1.23626,1.50,1.50
2011.10.18 18:44:22.161,1.23606,1.23626,1.50,1.13
2011.10.18 18:44:24.111,1.23606,1.23625,1.50,1.13
2011.10.18 18:44:24.475,1.23603,1.23623,1.50,2.63
2011.10.18 18:44:29.294,1.23603,1.23624,1.50,3.00
2011.10.18 18:44:30.494,1.23603,1.23622,1.50,2.25
2011.10.18 18:44:31.289,1.23603,1.23622,1.50,3.00
2011.10.18 18:44:33.932,1.23603,1.23622,1.50,3.00
2011.10.18 18:44:34.700,1.23604,1.23626,1.50,2.25
2011.10.18 18:44:34.821,1.23606,1.23629,1.50,1.50
2011.10.18 18:44:35.462,1.23606,1.23628,1.50,1.50
2011.10.18 18:44:37.690,1.23606,1.23628,1.50,1.13
2011.10.18 18:44:38.900,1.23607,1.23629,3.75,1.13
2011.10.18 18:44:40.050,1.23609,1.23633,2.25,1.13
2011.10.18 18:44:41.699,1.23611,1.23633,1.50,1.88
2011.10.18 18:44:41.940,1.23613,1.23635,1.50,1.13
2011.10.18 18:44:42.299,1.23613,1.23635,1.50,1.13
2011.10.18 18:44:42.422,1.23613,1.23635,1.50,1.13
2011.10.18 18:44:43.019,1.23606,1.23621,2.63,1.50
2011.10.18 18:44:43.140,1.23604,1.2362,1.50,1.20
2011.10.18 18:44:43.623,1.23605,1.23624,1.13,1.65
2011.10.18 18:44:45.282,1.23605,1.23624,1.13,1.20
2011.10.18 18:44:45.589,1.23605,1.23627,1.13,3.00
2011.10.18 18:44:45.720,1.23613,1.23633,1.50,1.13
2011.10.18 18:44:52.067,1.23609,1.23631,1.50,1.13
2011.10.18 18:44:53.791,1.23609,1.23632,1.50,1.50
2011.10.18 18:44:56.706,1.23609,1.23632,1.50,1.50
2011.10.18 18:45:00.468,1.23609,1.23632,1.50,1.50
2011.10.18 18:45:04.377,1.23609,1.23631,1.50,1.13
2011.10.18 18:45:12.589,1.23608,1.23631,1.50,1.13
2011.10.18 18:45:12.967,1.23604,1.23627,1.50,1.50
2011.10.18 18:45:13.333,1.23604,1.23625,1.13,1.50
2011.10.18 18:45:13.829,1.23608,1.23627,1.13,2.25
2011.10.18 18:45:13.950,1.23608,1.23628,1.13,1.50
2011.10.18 18:45:14.431,1.23609,1.23633,1.88,1.50
2011.10.18 18:45:15.028,1.23609,1.23633,1.88,2.25
2011.10.18 18:45:16.632,1.23609,1.23633,1.50,1.50
2011.10.18 18:45:17.581,1.23611,1.23635,1.50,1.50
2011.10.18 18:45:18.772,1.23608,1.23617,3.38,1.50
2011.10.18 18:45:19.184,1.23608,1.23617,1.13,1.50
2011.10.18 18:45:19.323,1.23601,1.23619,1.56,1.50
2011.10.18 18:45:19.450,1.236,1.23619,1.93,1.50
2011.10.18 18:45:20.531,1.23603,1.23619,1.50,2.25
2011.10.18 18:45:20.771,1.23604,1.23626,3.00,1.13
2011.10.18 18:45:20.893,1.23605,1.23626,1.50,1.88
2011.10.18 18:45:21.477,1.23604,1.23626,3.75,1.88
2011.10.18 18:45:25.758,1.23605,1.23626,1.50,1.88
2011.10.18 18:45:26.362,1.23605,1.23626,1.50,1.88
2011.10.18 18:45:28.528,1.23604,1.23625,3.00,1.13
2011.10.18 18:45:28.651,1.23599,1.23623,3.00,1.13
2011.10.18 18:45:29.130,1.23596,1.23621,1.88,3.00
2011.10.18 18:45:29.613,1.23598,1.23622,1.50,1.88
2011.10.18 18:45:29.979,1.23601,1.23622,1.50,1.13
2011.10.18 18:45:31.476,1.23601,1.23622,1.50,1.13
2011.10.18 18:45:31.841,1.23599,1.23621,1.50,1.13
2011.10.18 18:45:38.925,1.23599,1.23621,2.25,2.20
2011.10.18 18:45:39.536,1.236,1.23622,2.25,1.13
2011.10.18 18:45:40.230,1.236,1.23622,1.50,2.58
2011.10.18 18:45:40.355,1.23599,1.23622,1.50,1.88
2011.10.18 18:45:42.001,1.236,1.23621,1.50,1.13
2011.10.18 18:45:42.599,1.23593,1.23617,1.95,1.50
2011.10.18 18:45:42.720,1.23593,1.23617,1.05,1.50
2011.10.18 18:45:43.519,1.23593,1.23617,1.58,1.50
2011.10.18 18:45:44.240,1.23593,1.23617,1.05,1.50
2011.10.18 18:45:44.591,1.23592,1.23611,3.15,2.25
2011.10.18 18:45:44.830,1.23588,1.2361,1.50,1.50
2011.10.18 18:45:45.188,1.23586,1.23608,1.50,1.50
2011.10.18 18:45:45.782,1.23583,1.23606,3.00,3.75
2011.10.18 18:45:46.035,1.23583,1.23603,1.50,1.50
2011.10.18 18:45:46.167,1.23582,1.23603,1.28,1.50
2011.10.18 18:45:46.417,1.23575,1.23601,3.81,3.75
2011.10.18 18:45:46.798,1.23574,1.23597,1.93,1.50
2011.10.18 18:45:46.932,1.23572,1.23593,1.13,1.50
2011.10.18 18:45:47.294,1.23569,1.23591,1.05,1.50
2011.10.18 18:45:47.665,1.23568,1.23591,2.48,3.75
2011.10.18 18:45:47.797,1.23566,1.23588,1.64,1.50
2011.10.18 18:45:47.922,1.23565,1.23588,2.25,2.25
2011.10.18 18:45:48.053,1.23565,1.23587,1.50,1.50
2011.10.18 18:45:48.180,1.23563,1.23587,1.50,1.50
2011.10.18 18:45:48.302,1.23565,1.23588,1.50,1.50
2011.10.18 18:45:48.909,1.23565,1.23589,2.25,1.50
2011.10.18 18:45:49.149,1.23568,1.2359,1.50,1.50
2011.10.18 18:45:51.580,1.23572,1.23593,1.50,1.50
2011.10.18 18:45:51.823,1.23577,1.23601,1.50,1.50
2011.10.18 18:45:52.302,1.23579,1.23603,1.50,1.50
2011.10.18 18:45:53.461,1.23583,1.23605,2.25,2.25
2011.10.18 18:45:53.579,1.23586,1.23606,1.50,1.50
2011.10.18 18:45:54.420,1.23587,1.23607,1.50,1.13
2011.10.18 18:45:54.781,1.23588,1.23605,3.00,1.13
2011.10.18 18:45:56.039,1.23588,1.23607,3.00,1.13
2011.10.18 18:45:56.870,1.23588,1.23606,3.00,1.13
2011.10.18 18:45:57.788,1.23591,1.23606,1.50,1.13
2011.10.18 18:45:58.368,1.23591,1.23609,1.50,1.50
2011.10.18 18:46:01.291,1.23585,1.23605,1.50,1.13
2011.10.18 18:46:02.031,1.23582,1.23605,3.00,1.13
2011.10.18 18:46:09.558,1.23582,1.23605,3.00,1.13
2011.10.18 18:46:11.857,1.23586,1.23605,1.50,1.13
2011.10.18 18:46:18.821,1.23586,1.23605,1.50,1.13
2011.10.18 18:46:19.182,1.23586,1.23609,1.50,1.13
2011.10.18 18:46:20.193,1.23588,1.23612,1.13,1.50
2011.10.18 18:46:20.844,1.23596,1.23619,1.50,2.25
2011.10.18 18:46:20.982,1.23601,1.23626,1.50,2.63
2011.10.18 18:46:21.220,1.23598,1.23625,3.00,3.00
2011.10.18 18:46:21.704,1.23605,1.23628,1.50,1.50
2011.10.18 18:46:22.591,1.23609,1.23628,1.50,1.13
2011.10.18 18:46:22.834,1.23609,1.23629,1.50,1.13
2011.10.18 18:46:23.439,1.23609,1.23629,1.50,1.13
2011.10.18 18:46:24.441,1.23608,1.23629,1.50,1.13
2011.10.18 18:46:25.055,1.23606,1.23629,2.25,1.13
2011.10.18 18:46:26.960,1.23606,1.23629,1.50,1.13
2011.10.18 18:46:29.584,1.23608,1.2363,1.50,1.50
2011.10.18 18:46:31.090,1.23608,1.23632,1.50,2.25
2011.10.18 18:46:31.329,1.23609,1.23632,1.50,1.50
2011.10.18 18:46:34.939,1.23609,1.23632,2.25,1.88
2011.10.18 18:46:35.888,1.2361,1.23632,1.50,1.88
2011.10.18 18:46:36.010,1.2361,1.23631,1.50,1.13
2011.10.18 18:46:36.609,1.23609,1.23631,1.50,1.13
2011.10.18 18:46:37.633,1.23609,1.2363,1.50,1.13
2011.10.18 18:46:38.281,1.23606,1.23629,3.75,1.50
2011.10.18 18:46:38.836,1.23606,1.23629,3.75,1.88
2011.10.18 18:46:39.202,1.23606,1.23629,3.75,1.50
2011.10.18 18:46:39.768,1.23606,1.23629,3.00,1.88
2011.10.18 18:46:39.889,1.23604,1.23627,1.50,1.50
2011.10.18 18:46:41.375,1.23605,1.23628,3.00,1.50
2011.10.18 18:46:45.250,1.23605,1.23627,3.00,1.13
2011.10.18 18:46:45.375,1.23603,1.23625,2.25,1.13
2011.10.18 18:46:45.628,1.23602,1.23623,1.50,1.50
2011.10.18 18:46:46.213,1.23603,1.23626,3.00,1.88
2011.10.18 18:46:46.813,1.23604,1.23628,1.50,1.88
2011.10.18 18:46:48.013,1.23605,1.23626,1.50,1.13
2011.10.18 18:46:48.895,1.23603,1.23625,1.50,1.88
2011.10.18 18:46:49.499,1.23603,1.23625,2.25,1.13
2011.10.18 18:46:49.901,1.23603,1.23625,1.50,1.50
2011.10.18 18:46:50.981,1.23601,1.23626,1.13,2.25
2011.10.18 18:46:51.598,1.23603,1.23627,1.50,2.63
2011.10.18 18:46:52.462,1.23605,1.23627,1.50,1.13
2011.10.18 18:46:52.701,1.23604,1.23627,3.00,1.88
2011.10.18 18:46:54.941,1.23604,1.23626,3.00,1.88
2011.10.18 18:46:55.419,1.23606,1.23626,3.00,1.13
2011.10.18 18:46:55.988,1.23606,1.23626,3.00,1.50
2011.10.18 18:47:10.678,1.23608,1.2363,1.13,1.50
2011.10.18 18:47:10.930,1.23608,1.23631,3.38,1.50
2011.10.18 18:47:11.532,1.23609,1.23631,1.50,1.50
2011.10.18 18:47:12.429,1.23608,1.23631,3.75,1.88
2011.10.18 18:47:12.791,1.23607,1.23629,1.50,1.50
2011.10.18 18:47:14.210,1.23607,1.2363,1.50,1.50
2011.10.18 18:47:15.264,1.23608,1.23631,3.00,1.50
2011.10.18 18:47:16.592,1.23608,1.23631,3.00,3.00
2011.10.18 18:47:17.072,1.23606,1.2363,1.50,1.50
2011.10.18 18:47:17.687,1.23606,1.23628,1.88,1.50
2011.10.18 18:47:17.936,1.23606,1.23628,1.13,1.50
2011.10.18 18:47:18.303,1.23604,1.23628,1.50,1.50
2011.10.18 18:47:18.798,1.23602,1.23623,1.50,1.13
2011.10.18 18:47:18.927,1.236,1.2362,1.50,1.50
2011.10.18 18:47:19.712,1.23599,1.2362,3.00,1.50
2011.10.18 18:47:20.317,1.23599,1.23621,3.00,1.50
2011.10.18 18:47:20.922,1.23599,1.23621,3.00,1.50
2011.10.18 18:47:21.523,1.23599,1.23621,3.00,2.63
2011.10.18 18:47:21.772,1.23599,1.23618,2.25,1.50
2011.10.18 18:47:22.665,1.23595,1.23615,3.00,1.74
2011.10.18 18:47:22.789,1.23592,1.23604,2.25,1.50
2011.10.18 18:47:22.915,1.23582,1.23604,3.38,1.50
2011.10.18 18:47:23.521,1.2358,1.23604,1.50,1.50
2011.10.18 18:47:24.471,1.2358,1.23604,1.50,1.50
2011.10.18 18:47:25.306,1.23585,1.23605,3.14,1.13
2011.10.18 18:47:25.670,1.2359,1.23607,2.25,2.63
2011.10.18 18:47:26.289,1.2359,1.23607,2.25,2.25
2011.10.18 18:47:26.649,1.23591,1.23608,2.25,1.45
2011.10.18 18:47:26.998,1.23591,1.23611,2.25,1.13
2011.10.18 18:47:28.190,1.23591,1.23612,2.25,1.13
2011.10.18 18:47:28.778,1.23592,1.23613,1.50,1.13
2011.10.18 18:47:29.352,1.23592,1.23609,1.50,1.88
2011.10.18 18:47:29.883,1.23582,1.23604,1.13,1.50
2011.10.18 18:47:30.132,1.23582,1.23604,1.13,1.50
2011.10.18 18:47:30.649,1.23581,1.23604,1.13,1.50
2011.10.18 18:47:31.339,1.23582,1.23605,3.00,1.50
2011.10.18 18:47:31.458,1.23582,1.23605,3.00,1.50
2011.10.18 18:47:31.699,1.23582,1.23605,3.00,1.50
2011.10.18 18:47:32.110,1.23585,1.23605,1.13,1.50
2011.10.18 18:47:40.112,1.23585,1.23608,1.50,3.00
2011.10.18 18:47:40.678,1.23584,1.23608,1.88,3.00
2011.10.18 18:47:40.908,1.23584,1.2361,4.13,3.75
2011.10.18 18:47:42.831,1.23583,1.23607,1.88,1.50
2011.10.18 18:47:43.432,1.23579,1.23602,3.00,1.13
2011.10.18 18:47:43.796,1.23573,1.23596,1.13,1.50
2011.10.18 18:47:44.249,1.23574,1.236,3.38,3.00
2011.10.18 18:47:47.610,1.23574,1.23597,3.00,1.50
2011.10.18 18:47:47.851,1.2357,1.23592,1.13,1.50
2011.10.18 18:47:48.407,1.2357,1.23592,1.13,1.50
2011.10.18 18:47:48.546,1.2357,1.23588,1.13,1.50
2011.10.18 18:47:49.890,1.23569,1.23589,1.13,1.50
2011.10.18 18:47:50.628,1.23569,1.23589,1.13,1.50
2011.10.18 18:47:52.745,1.23569,1.23592,1.88,1.50
2011.10.18 18:47:52.879,1.23575,1.23599,1.88,1.50
2011.10.18 18:47:54.830,1.23577,1.236,3.00,2.25
2011.10.18 18:47:54.949,1.2358,1.23604,1.50,2.25
2011.10.18 18:47:55.411,1.2358,1.23603,1.50,1.13
2011.10.18 18:47:56.429,1.2358,1.23602,1.50,1.50
2011.10.18 18:48:03.404,1.2358,1.23601,1.64,1.13
2011.10.18 18:48:03.765,1.23591,1.23604,1.50,1.13
2011.10.18 18:48:03.893,1.2359,1.23606,3.00,2.58
2011.10.18 18:48:04.141,1.2359,1.23609,3.75,1.83
2011.10.18 18:48:04.728,1.23592,1.23611,1.50,1.13
2011.10.18 18:48:08.252,1.23591,1.23606,1.50,1.13
2011.10.18 18:48:09.441,1.23591,1.23608,1.50,1.45
2011.10.18 18:48:09.681,1.23592,1.23611,1.50,1.13
2011.10.18 18:48:10.520,1.23592,1.23611,2.25,1.13
2011.10.18 18:48:12.774,1.23589,1.2361,10.50,2.63
2011.10.18 18:48:12.899,1.23586,1.23608,1.50,1.50
2011.10.18 18:48:14.180,1.23588,1.23609,3.00,1.13
2011.10.18 18:48:14.638,1.23588,1.23609,3.00,1.13
2011.10.18 18:48:15.518,1.23588,1.23609,3.00,1.13
2011.10.18 18:48:16.795,1.23588,1.23606,3.00,3.38
2011.10.18 18:48:16.921,1.23589,1.23606,1.50,2.25
2011.10.18 18:48:17.280,1.23591,1.23612,2.25,1.13
2011.10.18 18:48:20.639,1.23591,1.23612,1.50,1.13
2011.10.18 18:48:21.571,1.23591,1.23612,1.50,1.88
2011.10.18 18:48:23.028,1.23591,1.23611,1.50,1.13
2011.10.18 18:48:23.613,1.23591,1.23612,1.50,1.13
2011.10.18 18:48:26.802,1.23591,1.23614,1.50,1.13
2011.10.18 18:48:26.925,1.23591,1.23613,1.50,1.13
2011.10.18 18:48:27.293,1.23593,1.23613,1.50,1.13
2011.10.18 18:48:28.764,1.23593,1.23613,1.50,1.13
2011.10.18 18:48:29.732,1.23593,1.23615,1.50,1.13
2011.10.18 18:48:30.092,1.23596,1.23612,1.50,1.13
2011.10.18 18:48:31.378,1.23596,1.23612,1.50,1.13
2011.10.18 18:48:31.611,1.23596,1.23615,1.50,2.58
2011.10.18 18:48:31.852,1.23596,1.23615,1.50,2.58
2011.10.18 18:48:32.096,1.23598,1.23619,1.50,1.13
2011.10.18 18:48:32.474,1.236,1.23619,3.00,1.83
2011.10.18 18:48:32.965,1.236,1.23621,3.00,2.58
2011.10.18 18:48:33.342,1.236,1.23621,1.50,1.13
2011.10.18 18:48:36.230,1.23599,1.23621,1.50,1.13
2011.10.18 18:48:36.351,1.23599,1.23622,1.50,1.13
2011.10.18 18:48:36.961,1.236,1.23622,1.50,1.13
2011.10.18 18:48:37.560,1.236,1.23622,1.50,1.13
2011.10.18 18:48:38.150,1.236,1.23622,1.50,1.13
2011.10.18 18:48:40.390,1.236,1.23622,1.50,1.88
2011.10.18 18:48:40.512,1.236,1.23621,1.50,1.13
2011.10.18 18:48:44.287,1.23596,1.23616,3.00,1.13
2011.10.18 18:48:44.409,1.23593,1.23616,3.00,1.13
2011.10.18 18:48:44.999,1.23593,1.23616,3.00,1.13
2011.10.18 18:48:45.579,1.23597,1.23619,1.50,1.13
2011.10.18 18:48:46.109,1.23597,1.23621,1.50,1.50
2011.10.18 18:48:50.914,1.23597,1.23619,1.50,1.50
2011.10.18 18:48:51.510,1.23597,1.23618,1.50,1.13
2011.10.18 18:48:53.432,1.23594,1.23617,3.00,1.13
2011.10.18 18:48:55.831,1.23594,1.23616,3.00,1.13
2011.10.18 18:48:56.068,1.23594,1.23616,3.75,1.13
2011.10.18 18:48:56.773,1.23594,1.23616,3.00,1.13
2011.10.18 18:48:57.379,1.23594,1.23616,3.00,1.13
2011.10.18 18:48:57.929,1.23594,1.23616,3.00,1.13
2011.10.18 18:49:08.814,1.23594,1.23615,3.00,1.13
2011.10.18 18:49:08.946,1.23593,1.23612,1.50,1.13
2011.10.18 18:49:09.553,1.23593,1.23614,1.50,1.13
2011.10.18 18:49:10.160,1.23593,1.23612,1.50,1.13
2011.10.18 18:49:11.087,1.23593,1.23613,1.50,2.58
2011.10.18 18:49:11.573,1.23593,1.23615,2.25,1.13
2011.10.18 18:49:16.005,1.23593,1.23614,1.50,1.13
2011.10.18 18:49:18.999,1.23593,1.23615,1.50,1.50
2011.10.18 18:49:19.688,1.23595,1.23617,1.50,1.13
2011.10.18 18:49:21.249,1.23595,1.23617,1.50,1.13
2011.10.18 18:49:21.369,1.23597,1.23617,2.25,1.13
2011.10.18 18:49:21.728,1.23596,1.23617,1.50,1.13
2011.10.18 18:49:23.755,1.23597,1.2362,3.00,1.88
2011.10.18 18:49:23.883,1.23597,1.2362,3.00,1.88
2011.10.18 18:49:24.903,1.23597,1.2362,3.00,1.88
2011.10.18 18:49:25.271,1.23599,1.2362,2.25,1.13
2011.10.18 18:49:25.869,1.23599,1.2362,1.50,1.88
2011.10.18 18:49:32.369,1.23597,1.2362,3.00,1.50
2011.10.18 18:49:43.717,1.23598,1.2362,1.50,1.88
2011.10.18 18:49:44.298,1.236,1.23621,1.50,1.13
2011.10.18 18:49:44.878,1.236,1.23623,1.50,1.50
2011.10.18 18:49:45.239,1.23602,1.23624,1.50,1.13
2011.10.18 18:49:47.364,1.23603,1.23625,1.50,1.88
2011.10.18 18:49:47.758,1.23604,1.23625,1.50,1.13
2011.10.18 18:49:49.964,1.23602,1.23625,1.50,1.50
2011.10.18 18:49:50.668,1.23604,1.23628,1.50,1.50
2011.10.18 18:49:51.032,1.23607,1.2363,2.25,2.25
2011.10.18 18:49:51.510,1.23607,1.2363,1.50,1.50
2011.10.18 18:49:54.560,1.23607,1.2363,1.50,1.50
2011.10.18 18:49:55.038,1.23608,1.23631,1.50,1.50
2011.10.18 18:49:56.019,1.23609,1.23632,3.00,1.50
2011.10.18 18:49:57.628,1.23607,1.23631,3.00,1.50
2011.10.18 18:50:08.735,1.23609,1.2363,1.50,1.50
2011.10.18 18:50:09.336,1.23608,1.23631,1.50,4.50
2011.10.18 18:50:10.403,1.23605,1.23629,1.50,1.88
2011.10.18 18:50:13.088,1.23605,1.23628,1.50,1.13
2011.10.18 18:50:13.210,1.23599,1.23623,2.25,1.50
2011.10.18 18:50:13.787,1.23598,1.23621,1.13,1.50
2011.10.18 18:50:17.413,1.23595,1.23618,1.50,1.50
2011.10.18 18:50:17.542,1.23592,1.23616,1.13,1.50
2011.10.18 18:50:18.012,1.23593,1.23617,1.50,1.50
2011.10.18 18:50:18.479,1.23594,1.23617,1.88,1.50
2011.10.18 18:50:18.604,1.23598,1.23622,1.50,1.50
2011.10.18 18:50:19.293,1.23596,1.2362,1.50,1.50
2011.10.18 18:50:19.660,1.23596,1.2362,1.50,1.50
2011.10.18 18:50:20.024,1.23593,1.23617,1.50,1.50
2011.10.18 18:50:20.635,1.23593,1.23617,1.50,1.50
2011.10.18 18:50:21.007,1.23592,1.23613,2.25,3.38
2011.10.18 18:50:21.440,1.23591,1.23613,3.00,2.58
2011.10.18 18:50:22.029,1.23591,1.23613,3.00,1.13
2011.10.18 18:50:23.340,1.23591,1.23607,3.00,1.13
2011.10.18 18:50:23.465,1.23589,1.23606,2.25,3.00
2011.10.18 18:50:23.718,1.23586,1.23603,2.25,2.63
2011.10.18 18:50:23.962,1.23573,1.23595,1.13,1.50
2011.10.18 18:50:24.322,1.23573,1.23595,1.50,1.50
2011.10.18 18:50:24.923,1.23572,1.23595,1.88,1.50
2011.10.18 18:50:25.050,1.23572,1.23595,1.88,3.00
2011.10.18 18:50:26.272,1.2357,1.23592,1.50,1.50
2011.10.18 18:50:26.754,1.23565,1.23587,4.56,1.50
2011.10.18 18:50:27.822,1.23565,1.23587,2.63,2.25
2011.10.18 18:50:27.942,1.23564,1.23584,1.13,2.25
2011.10.18 18:50:28.541,1.23563,1.23586,2.18,1.50
2011.10.18 18:50:28.658,1.23564,1.23588,1.05,2.25
2011.10.18 18:50:29.699,1.23565,1.23588,1.50,1.50
2011.10.18 18:50:31.810,1.23565,1.23585,1.50,3.00
2011.10.18 18:50:31.930,1.23564,1.23585,1.05,3.75
2011.10.18 18:50:32.544,1.23564,1.23585,1.05,3.75
2011.10.18 18:50:32.671,1.23565,1.23585,1.88,3.00
2011.10.18 18:50:32.794,1.23567,1.23585,1.88,2.25
2011.10.18 18:50:33.046,1.23567,1.23591,1.50,1.50
2011.10.18 18:50:34.095,1.23567,1.23588,1.50,3.00
2011.10.18 18:50:34.343,1.23564,1.23588,1.88,3.75
2011.10.18 18:50:34.472,1.23564,1.2359,1.88,2.25
2011.10.18 18:50:35.774,1.23566,1.2359,1.13,2.25
2011.10.18 18:50:36.027,1.23567,1.23591,1.13,1.50
2011.10.18 18:50:36.872,1.23567,1.2359,1.13,1.50
2011.10.18 18:50:37.399,1.23573,1.23595,1.50,1.50
2011.10.18 18:50:37.522,1.23573,1.23596,2.25,1.13
2011.10.18 18:50:38.488,1.23573,1.2359,1.50,1.13
2011.10.18 18:50:38.852,1.2357,1.23588,2.25,1.88
2011.10.18 18:50:38.979,1.23567,1.23588,1.50,1.88
2011.10.18 18:50:39.340,1.23565,1.23587,1.50,1.50
2011.10.18 18:50:39.464,1.23562,1.23584,1.50,3.75
2011.10.18 18:50:39.597,1.2356,1.23583,1.50,1.50
2011.10.18 18:50:39.726,1.2356,1.23583,1.50,1.50
2011.10.18 18:50:39.975,1.2356,1.23583,1.50,1.50
2011.10.18 18:50:40.343,1.23562,1.23585,1.50,1.88
2011.10.18 18:50:40.772,1.23562,1.23583,1.50,1.13
2011.10.18 18:50:41.011,1.23561,1.23583,1.50,1.88
2011.10.18 18:50:41.743,1.23559,1.23583,1.50,1.88
2011.10.18 18:50:43.070,1.23559,1.23583,1.50,1.88
2011.10.18 18:50:43.308,1.23559,1.23583,1.50,1.88
2011.10.18 18:50:43.908,1.23559,1.23583,1.50,1.88
2011.10.18 18:50:44.488,1.23559,1.23583,1.50,1.88
2011.10.18 18:50:45.669,1.23557,1.23578,1.50,3.00
2011.10.18 18:50:45.797,1.23557,1.2358,1.50,1.13
2011.10.18 18:50:46.045,1.23557,1.23581,1.50,1.50
2011.10.18 18:50:46.415,1.23556,1.23574,1.50,1.88
2011.10.18 18:50:46.663,1.23553,1.23573,1.50,3.00
2011.10.18 18:50:46.781,1.23553,1.23574,1.50,3.38
2011.10.18 18:50:47.379,1.23553,1.23574,1.50,3.38
2011.10.18 18:50:47.950,1.23553,1.23574,1.50,3.38
2011.10.18 18:50:48.075,1.2355,1.23572,1.05,1.88
2011.10.18 18:50:48.212,1.23549,1.23572,1.05,1.88
2011.10.18 18:50:49.413,1.23549,1.23572,1.05,1.50
2011.10.18 18:50:49.899,1.2355,1.23573,3.30,3.75
2011.10.18 18:50:50.555,1.23552,1.23574,1.64,1.13
2011.10.18 18:50:50.686,1.23559,1.23574,1.50,1.83
2011.10.18 18:50:51.053,1.23565,1.23582,1.50,2.95
2011.10.18 18:50:51.184,1.23565,1.23582,3.00,1.50
2011.10.18 18:50:51.554,1.23565,1.23585,3.75,4.08
2011.10.18 18:50:52.163,1.23568,1.23584,1.50,1.83
2011.10.18 18:50:53.246,1.23567,1.23586,2.25,1.13
2011.10.18 18:50:53.848,1.23566,1.23589,2.25,2.25
2011.10.18 18:50:54.562,1.23566,1.23586,2.25,1.13
2011.10.18 18:50:55.077,1.23566,1.23583,1.50,3.38
2011.10.18 18:50:55.461,1.23563,1.23572,1.50,2.25
2011.10.18 18:50:55.708,1.2356,1.23576,3.75,2.25
2011.10.18 18:50:55.956,1.2356,1.23581,3.75,1.83
2011.10.18 18:50:56.083,1.23563,1.23582,1.50,1.13
2011.10.18 18:50:56.216,1.23564,1.23582,1.50,1.13
2011.10.18 18:50:56.949,1.23564,1.23583,1.50,1.13
2011.10.18 18:50:57.084,1.23564,1.23587,2.25,1.13
2011.10.18 18:50:57.691,1.23564,1.23587,4.50,1.13
2011.10.18 18:50:58.290,1.23565,1.23589,2.25,2.63
2011.10.18 18:51:00.242,1.23567,1.2359,1.50,4.13
2011.10.18 18:51:01.302,1.23567,1.2359,1.50,4.13
2011.10.18 18:51:01.422,1.23567,1.23583,1.50,2.25
2011.10.18 18:51:01.660,1.23567,1.2359,1.50,4.13
2011.10.18 18:51:02.022,1.23569,1.2359,3.00,1.13
2011.10.18 18:51:02.787,1.23568,1.2359,1.50,1.13
2011.10.18 18:51:04.361,1.23568,1.2359,1.50,1.13
2011.10.18 18:51:04.482,1.23568,1.2359,1.50,3.38
2011.10.18 18:51:05.471,1.23568,1.23589,1.50,1.13
2011.10.18 18:51:08.109,1.23568,1.23589,1.50,3.38
2011.10.18 18:51:08.709,1.23568,1.2359,1.50,1.13
2011.10.18 18:51:13.020,1.23568,1.2359,1.50,1.88
2011.10.18 18:51:13.268,1.23568,1.23591,1.50,3.75
2011.10.18 18:51:13.875,1.2357,1.23591,1.50,1.50
2011.10.18 18:51:14.694,1.23569,1.23591,1.50,1.13
2011.10.18 18:51:15.063,1.23568,1.2359,1.50,1.50
2011.10.18 18:51:15.670,1.23567,1.23586,2.25,1.50
2011.10.18 18:51:16.036,1.23567,1.23586,1.50,1.13
2011.10.18 18:51:16.164,1.23566,1.23586,2.25,1.13
2011.10.18 18:51:16.292,1.23566,1.23587,2.25,1.88
2011.10.18 18:51:16.930,1.23568,1.23587,1.50,1.13
2011.10.18 18:51:20.300,1.23561,1.23586,2.25,2.63
2011.10.18 18:51:20.542,1.23558,1.23584,3.00,3.38
2011.10.18 18:51:21.602,1.23557,1.23582,1.50,1.50
2011.10.18 18:51:26.525,1.23558,1.23582,1.13,1.50
2011.10.18 18:51:27.168,1.2356,1.23582,1.13,1.50
2011.10.18 18:51:27.771,1.2356,1.23586,3.00,3.00
2011.10.18 18:51:28.362,1.2356,1.23583,2.25,2.25
2011.10.18 18:51:28.480,1.23557,1.23581,1.88,1.50
2011.10.18 18:51:29.204,1.23557,1.23581,1.50,1.50
2011.10.18 18:51:29.679,1.23555,1.23579,1.50,1.50
2011.10.18 18:51:30.250,1.23555,1.23578,1.50,1.50
2011.10.18 18:51:30.838,1.23555,1.23578,1.88,1.50
2011.10.18 18:51:31.426,1.23556,1.23578,1.13,1.50
2011.10.18 18:51:32.030,1.23556,1.23577,1.13,1.50
2011.10.18 18:51:32.969,1.23556,1.23578,1.13,1.50
2011.10.18 18:51:33.548,1.23557,1.2358,1.50,2.25
2011.10.18 18:51:33.670,1.23558,1.23582,1.88,1.50
2011.10.18 18:51:34.021,1.2356,1.23583,1.50,1.13
2011.10.18 18:51:36.823,1.2356,1.23583,1.50,1.13
2011.10.18 18:51:37.550,1.23557,1.23581,1.50,1.50
2011.10.18 18:51:38.251,1.23559,1.23581,1.50,1.88
2011.10.18 18:51:38.372,1.23561,1.23583,1.50,1.50
2011.10.18 18:51:39.152,1.23559,1.23583,2.25,1.50
2011.10.18 18:51:39.960,1.23559,1.23583,2.25,1.50
2011.10.18 18:51:40.538,1.23559,1.23583,2.25,1.50
2011.10.18 18:51:41.087,1.23559,1.23583,2.25,1.50
2011.10.18 18:51:41.685,1.23558,1.23579,2.25,1.45
2011.10.18 18:51:42.054,1.2356,1.23583,1.50,1.50
2011.10.18 18:51:43.145,1.2356,1.23583,1.50,1.50
2011.10.18 18:51:43.395,1.23561,1.23584,2.25,1.88
2011.10.18 18:51:44.373,1.23562,1.23584,1.50,1.50
2011.10.18 18:51:46.291,1.23562,1.23584,1.50,1.13
2011.10.18 18:51:46.648,1.2356,1.23584,2.25,1.88
2011.10.18 18:51:48.162,1.23561,1.23585,1.50,1.50
2011.10.18 18:51:48.668,1.2356,1.23584,2.25,1.88
2011.10.18 18:51:50.315,1.2356,1.23584,1.50,3.38
2011.10.18 18:51:51.033,1.2356,1.23584,1.50,1.13
2011.10.18 18:51:51.630,1.2356,1.23583,1.50,1.88
2011.10.18 18:51:54.883,1.2356,1.23582,1.50,1.13
2011.10.18 18:51:55.011,1.23559,1.23581,1.50,1.13
2011.10.18 18:51:56.910,1.23558,1.23581,1.50,1.50
2011.10.18 18:51:57.272,1.23558,1.23581,1.50,1.50
2011.10.18 18:51:57.520,1.23558,1.23582,1.50,1.50
2011.10.18 18:51:57.649,1.23559,1.23585,3.38,3.00
2011.10.18 18:52:03.952,1.23559,1.23582,2.25,1.50
2011.10.18 18:52:04.367,1.23559,1.23585,2.25,3.00
2011.10.18 18:52:06.512,1.23562,1.23586,1.88,1.50
2011.10.18 18:52:07.284,1.23559,1.23583,1.50,1.50
2011.10.18 18:52:08.010,1.23559,1.23581,1.50,1.50
2011.10.18 18:52:08.373,1.23556,1.2358,2.40,1.50
2011.10.18 18:52:08.990,1.23558,1.2358,1.50,1.50
2011.10.18 18:52:09.108,1.23559,1.23581,1.50,1.50
2011.10.18 18:52:10.530,1.23559,1.23581,1.50,1.13
2011.10.18 18:52:14.069,1.23559,1.23581,1.50,2.25
2011.10.18 18:52:14.661,1.23557,1.23581,1.50,2.25
2011.10.18 18:52:17.964,1.23557,1.2358,1.50,1.50
2011.10.18 18:52:18.319,1.23558,1.2358,1.50,1.13
2011.10.18 18:52:20.782,1.23557,1.2358,1.50,1.50
2011.10.18 18:52:28.288,1.23558,1.23582,1.50,1.88
2011.10.18 18:52:29.970,1.23557,1.23579,1.65,1.50
2011.10.18 18:52:30.550,1.23558,1.23581,1.50,2.63
2011.10.18 18:52:36.546,1.23558,1.23581,3.00,3.00
2011.10.18 18:52:37.340,1.23557,1.2358,2.40,1.88
2011.10.18 18:52:38.640,1.23557,1.2358,1.50,1.88
2011.10.18 18:52:39.339,1.23557,1.23575,1.50,1.13
2011.10.18 18:52:39.718,1.23554,1.23573,2.25,1.50
2011.10.18 18:52:39.849,1.23552,1.23573,1.65,1.50
2011.10.18 18:52:40.095,1.23554,1.23576,1.50,2.25
2011.10.18 18:52:40.343,1.23556,1.23577,1.50,1.13
2011.10.18 18:52:41.105,1.23555,1.23577,1.50,1.50
2011.10.18 18:52:41.713,1.23555,1.23578,1.50,1.13
2011.10.18 18:52:42.326,1.23555,1.23579,1.50,2.25
2011.10.18 18:52:42.697,1.23558,1.23578,1.50,1.13
2011.10.18 18:52:43.304,1.23556,1.23577,2.25,1.50
2011.10.18 18:52:43.430,1.23554,1.23576,1.50,1.13
2011.10.18 18:52:43.994,1.23555,1.23577,1.50,1.50
2011.10.18 18:52:44.130,1.23554,1.23577,2.25,2.25
2011.10.18 18:52:45.995,1.23565,1.2358,1.50,1.13
2011.10.18 18:52:47.449,1.2356,1.2358,1.16,2.25
2011.10.18 18:52:48.801,1.2356,1.23577,1.16,1.13
2011.10.18 18:52:49.367,1.23559,1.23578,1.16,1.13
2011.10.18 18:52:49.951,1.23556,1.23576,1.16,1.88
2011.10.18 18:52:50.072,1.2356,1.23578,1.16,1.13
2011.10.18 18:52:50.299,1.2356,1.23576,1.16,1.13
2011.10.18 18:52:50.659,1.23558,1.23577,1.16,1.13
2011.10.18 18:52:51.700,1.23557,1.2358,2.39,1.50
2011.10.18 18:52:51.819,1.23559,1.2358,1.16,1.50
2011.10.18 18:52:53.080,1.23556,1.23576,1.64,1.50
2011.10.18 18:52:53.214,1.23557,1.23578,1.50,2.25
2011.10.18 18:52:53.461,1.23558,1.23578,1.16,1.13
2011.10.18 18:52:53.580,1.23558,1.2358,1.16,2.25
2011.10.18 18:52:54.179,1.23558,1.2358,1.16,2.25
2011.10.18 18:52:55.430,1.23561,1.2358,1.16,1.50
2011.10.18 18:52:55.798,1.23561,1.2358,1.16,3.75
2011.10.18 18:52:56.404,1.2356,1.23579,1.16,2.58
2011.10.18 18:52:57.282,1.2356,1.23579,1.16,1.13
2011.10.18 18:52:58.738,1.23561,1.2358,1.16,1.13
2011.10.18 18:52:58.866,1.23558,1.2358,3.00,1.13
2011.10.18 18:52:58.998,1.23559,1.23578,1.16,1.13
2011.10.18 18:53:04.142,1.2356,1.2358,1.64,1.50
2011.10.18 18:53:04.379,1.23559,1.2358,1.16,2.25
2011.10.18 18:53:07.870,1.23557,1.23579,1.50,1.50
2011.10.18 18:53:09.173,1.23557,1.2358,1.50,1.13
2011.10.18 18:53:21.052,1.23558,1.23579,1.50,1.13
2011.10.18 18:53:21.410,1.23556,1.23579,3.75,2.25
2011.10.18 18:53:22.162,1.23556,1.23577,1.50,1.13
2011.10.18 18:53:22.765,1.23553,1.23576,1.65,1.88
2011.10.18 18:53:23.361,1.23553,1.23576,1.50,1.13
2011.10.18 18:53:25.787,1.23553,1.23575,1.50,1.50
2011.10.18 18:53:26.041,1.23555,1.23577,1.50,1.13
2011.10.18 18:53:27.571,1.23556,1.23578,1.50,2.25
2011.10.18 18:53:28.171,1.23556,1.23577,1.50,1.13
2011.10.18 18:53:28.772,1.23556,1.23576,1.50,1.13
2011.10.18 18:53:29.360,1.23556,1.23578,1.50,1.88
2011.10.18 18:53:30.781,1.23555,1.23576,1.50,1.13
2011.10.18 18:53:31.366,1.23556,1.23576,1.50,1.13
2011.10.18 18:53:37.119,1.23556,1.23576,1.50,1.13
2011.10.18 18:53:37.363,1.23554,1.23575,2.25,1.13
2011.10.18 18:53:37.938,1.23554,1.23575,2.25,1.50
2011.10.18 18:53:38.301,1.23552,1.23572,1.50,1.13
2011.10.18 18:53:40.795,1.23551,1.2357,1.80,1.83
2011.10.18 18:53:42.040,1.2355,1.23571,2.55,2.58
2011.10.18 18:53:45.543,1.23551,1.2357,1.05,1.83
2011.10.18 18:53:50.738,1.2355,1.23572,1.80,2.63
2011.10.18 18:53:50.866,1.23549,1.23569,2.10,1.83
2011.10.18 18:53:51.471,1.23551,1.23569,1.05,1.83
2011.10.18 18:53:52.069,1.2355,1.2357,1.80,1.13
2011.10.18 18:53:52.578,1.23551,1.2357,1.05,1.13
2011.10.18 18:53:53.169,1.2355,1.2357,1.80,1.13
2011.10.18 18:53:54.979,1.23551,1.2357,1.05,1.13
2011.10.18 18:53:55.217,1.2355,1.23573,1.80,1.50
2011.10.18 18:53:55.467,1.23554,1.23574,1.35,3.00
2011.10.18 18:53:55.836,1.23558,1.23581,3.00,2.49
2011.10.18 18:53:55.967,1.23558,1.2358,1.50,1.13
2011.10.18 18:53:56.097,1.23558,1.2358,1.50,1.13
2011.10.18 18:53:59.696,1.23555,1.23577,2.25,1.13
2011.10.18 18:54:01.879,1.23555,1.23577,2.25,1.13
2011.10.18 18:54:05.249,1.23555,1.23577,2.25,1.13
2011.10.18 18:54:08.274,1.23555,1.23577,2.25,1.13
2011.10.18 18:54:09.818,1.23556,1.23577,1.50,1.13
2011.10.18 18:54:10.305,1.23555,1.23576,2.25,1.13
2011.10.18 18:54:10.982,1.23555,1.23576,2.25,1.13
2011.10.18 18:54:11.116,1.23551,1.23574,4.80,1.88
2011.10.18 18:54:11.244,1.23553,1.23575,2.25,4.13
2011.10.18 18:54:11.614,1.23553,1.23574,3.00,1.13
2011.10.18 18:54:11.863,1.23553,1.23574,3.75,1.13
2011.10.18 18:54:12.103,1.23554,1.23574,1.50,1.13
2011.10.18 18:54:12.342,1.23551,1.23574,3.75,1.13
2011.10.18 18:54:12.930,1.23554,1.23574,1.50,1.13
2011.10.18 18:54:14.558,1.23554,1.23574,1.50,1.13
2011.10.18 18:54:15.635,1.23551,1.23572,3.00,1.13
2011.10.18 18:54:15.761,1.2355,1.23572,1.50,1.88
2011.10.18 18:54:18.216,1.23548,1.2357,3.75,1.13
2011.10.18 18:54:18.863,1.2355,1.23572,1.50,1.13
2011.10.18 18:54:21.791,1.2355,1.23572,1.50,1.13
2011.10.18 18:54:23.839,1.2355,1.23572,1.50,1.13
2011.10.18 18:54:24.542,1.2355,1.23572,1.50,1.88
2011.10.18 18:54:25.138,1.2355,1.23571,1.50,1.13
2011.10.18 18:54:25.699,1.2355,1.23571,1.50,1.13
2011.10.18 18:54:27.638,1.2355,1.23571,1.50,2.58
2011.10.18 18:54:33.550,1.2355,1.23572,2.25,2.58
2011.10.18 18:54:33.985,1.23556,1.23572,1.50,1.13
2011.10.18 18:54:34.580,1.23556,1.23572,1.50,1.13
2011.10.18 18:54:35.672,1.23556,1.23573,1.50,1.50
2011.10.18 18:54:35.796,1.23553,1.23573,1.13,1.50
2011.10.18 18:54:36.047,1.23556,1.23577,1.88,1.50
2011.10.18 18:54:36.415,1.2356,1.2358,1.50,1.50
2011.10.18 18:54:36.546,1.2356,1.2358,1.50,1.50
2011.10.18 18:54:37.076,1.23561,1.23582,1.88,1.50
2011.10.18 18:54:37.203,1.23562,1.23586,2.25,1.50
2011.10.18 18:54:39.969,1.23559,1.23583,1.88,1.50
2011.10.18 18:54:40.318,1.2356,1.23586,3.00,3.00
2011.10.18 18:54:40.803,1.23558,1.23584,3.38,3.00
2011.10.18 18:54:51.888,1.23558,1.23581,3.00,1.13
2011.10.18 18:54:52.022,1.23553,1.23574,3.00,1.13
2011.10.18 18:54:52.536,1.23553,1.23574,3.75,1.13
2011.10.18 18:54:52.906,1.23555,1.23578,2.25,2.25
2011.10.18 18:54:53.151,1.23557,1.2358,1.50,1.13
2011.10.18 18:55:06.702,1.23559,1.23581,1.13,2.25
2011.10.18 18:55:06.828,1.23561,1.23583,1.13,1.50
2011.10.18 18:55:09.169,1.23562,1.23585,1.13,1.50
2011.10.18 18:55:09.534,1.23563,1.23589,3.75,3.00
2011.10.18 18:55:09.905,1.2357,1.23592,2.25,2.25
2011.10.18 18:55:10.158,1.23569,1.23594,1.50,1.50
2011.10.18 18:55:15.281,1.23566,1.2359,1.50,1.50
2011.10.18 18:55:15.757,1.23568,1.23594,3.00,3.38
2011.10.18 18:55:16.144,1.23566,1.23592,3.00,3.00
2011.10.18 18:55:18.290,1.23565,1.23589,1.88,1.50
2011.10.18 18:55:30.158,1.23566,1.23591,3.00,1.13
2011.10.18 18:55:32.533,1.23566,1.2359,1.50,2.25
2011.10.18 18:55:34.822,1.23567,1.23589,1.50,1.13
2011.10.18 18:55:35.077,1.23568,1.23592,1.50,1.50
2011.10.18 18:55:38.070,1.2357,1.23592,1.50,1.50
2011.10.18 18:55:40.109,1.23569,1.23592,1.50,1.88
2011.10.18 18:55:45.652,1.23568,1.23588,1.50,1.13
2011.10.18 18:55:46.250,1.23565,1.23587,1.50,1.13
2011.10.18 18:55:47.351,1.23565,1.23587,1.50,1.13
2011.10.18 18:55:47.705,1.23565,1.23587,1.50,1.13
2011.10.18 18:55:48.080,1.23566,1.23586,1.50,1.88
2011.10.18 18:55:48.208,1.23566,1.23586,1.50,1.88
2011.10.18 18:55:50.603,1.23566,1.23588,1.50,1.88
2011.10.18 18:55:58.780,1.23564,1.23585,1.50,1.13
2011.10.18 18:55:58.906,1.23563,1.23585,1.50,3.38
2011.10.18 18:55:59.039,1.23563,1.23585,1.50,3.38
2011.10.18 18:55:59.170,1.23563,1.23585,1.50,3.38
2011.10.18 18:55:59.295,1.23563,1.23585,1.50,1.13
2011.10.18 18:56:01.491,1.23563,1.23585,1.50,1.13
2011.10.18 18:56:01.609,1.23563,1.23585,1.50,1.13
2011.10.18 18:56:02.049,1.23563,1.23583,1.50,2.25
2011.10.18 18:56:02.177,1.23563,1.23583,1.50,2.25
2011.10.18 18:56:02.780,1.23563,1.23585,1.50,1.13
2011.10.18 18:56:12.039,1.23563,1.23585,1.50,1.13
2011.10.18 18:56:13.082,1.23563,1.23587,1.50,1.88
2011.10.18 18:56:13.324,1.23565,1.23587,1.50,1.13
2011.10.18 18:56:13.931,1.23567,1.23589,1.50,1.13
2011.10.18 18:56:15.706,1.23564,1.23588,1.88,2.25
2011.10.18 18:56:17.491,1.23564,1.23587,1.88,1.50
2011.10.18 18:56:18.097,1.23564,1.23587,1.50,1.50
2011.10.18 18:56:20.679,1.23564,1.23587,1.50,1.50
2011.10.18 18:56:31.660,1.23562,1.23584,1.50,1.50
2011.10.18 18:56:37.626,1.23562,1.23584,1.50,1.50
2011.10.18 18:56:38.221,1.23562,1.23584,1.50,1.50
2011.10.18 18:56:41.142,1.2356,1.23583,2.63,2.25
2011.10.18 18:56:43.430,1.23564,1.23582,1.50,1.50
2011.10.18 18:56:43.942,1.23564,1.23582,1.50,1.50
2011.10.18 18:56:44.830,1.23564,1.23584,1.50,1.50
2011.10.18 18:56:46.668,1.23563,1.23584,1.50,1.50
2011.10.18 18:56:47.584,1.23563,1.23583,1.50,1.50
2011.10.18 18:56:48.120,1.23561,1.23583,2.31,3.00
2011.10.18 18:56:48.470,1.23559,1.2358,1.50,1.50
2011.10.18 18:56:48.699,1.23559,1.2358,1.50,1.50
2011.10.18 18:56:49.049,1.23558,1.2358,2.63,1.50
2011.10.18 18:56:49.391,1.23559,1.2358,1.50,1.50
2011.10.18 18:56:57.730,1.23561,1.2358,1.13,1.50
2011.10.18 18:57:06.841,1.23567,1.2358,1.13,1.50
2011.10.18 18:57:06.961,1.23567,1.23583,3.38,3.00
2011.10.18 18:57:07.080,1.23567,1.23584,3.38,1.50
2011.10.18 18:57:11.667,1.2357,1.23584,1.50,1.50
2011.10.18 18:57:12.185,1.23578,1.23597,1.88,1.50
2011.10.18 18:57:12.550,1.23578,1.23597,1.50,1.50
2011.10.18 18:57:12.909,1.23578,1.23597,1.50,1.50
2011.10.18 18:57:14.929,1.23578,1.23596,1.50,3.00
2011.10.18 18:57:18.643,1.23579,1.23596,1.50,3.00
2011.10.18 18:57:19.002,1.23579,1.23592,1.50,2.25
2011.10.18 18:57:19.835,1.23574,1.23591,1.50,1.50
2011.10.18 18:57:20.429,1.23571,1.2359,1.13,1.50
2011.10.18 18:57:21.154,1.2357,1.2359,1.93,1.50
2011.10.18 18:57:24.864,1.23574,1.23592,1.50,1.50
2011.10.18 18:57:24.995,1.23575,1.23596,1.50,1.50
2011.10.18 18:57:25.359,1.23575,1.23596,1.13,1.50
2011.10.18 18:57:25.720,1.23574,1.23597,1.50,1.50
2011.10.18 18:57:25.963,1.23584,1.23604,1.50,1.50
2011.10.18 18:57:26.082,1.23584,1.23607,2.25,3.00
2011.10.18 18:57:26.672,1.23583,1.23605,1.13,3.00
2011.10.18 18:57:27.031,1.23582,1.23605,1.88,3.00
2011.10.18 18:57:30.148,1.2358,1.23603,1.50,3.00
2011.10.18 18:57:30.397,1.2358,1.23603,1.50,3.00
2011.10.18 18:57:30.524,1.23578,1.23603,1.50,3.00
2011.10.18 18:57:30.654,1.23578,1.236,1.50,1.50
2011.10.18 18:57:31.021,1.2358,1.23604,1.50,1.50
2011.10.18 18:57:31.143,1.2358,1.23604,1.50,1.50
2011.10.18 18:57:31.802,1.2358,1.23602,1.50,1.50
2011.10.18 18:57:31.923,1.23578,1.236,1.50,1.50
2011.10.18 18:57:32.489,1.23577,1.23599,1.13,1.50
2011.10.18 18:57:35.038,1.23576,1.23599,1.50,1.50
2011.10.18 18:57:40.965,1.23576,1.23598,1.13,3.00
2011.10.18 18:57:45.521,1.23576,1.23598,1.13,3.00
2011.10.18 18:57:45.639,1.23581,1.23604,1.50,3.00
2011.10.18 18:57:46.331,1.23583,1.23605,1.50,1.88
2011.10.18 18:57:46.938,1.23583,1.23605,1.50,1.88
2011.10.18 18:57:49.196,1.23583,1.23605,1.50,1.88
2011.10.18 18:57:50.283,1.23586,1.23609,1.50,3.38
2011.10.18 18:57:50.405,1.23586,1.23609,1.50,3.38
2011.10.18 18:57:52.050,1.23586,1.23609,1.50,3.00
2011.10.18 18:57:53.182,1.23586,1.23609,1.50,3.00
2011.10.18 18:57:55.115,1.23586,1.23609,1.50,3.00
2011.10.18 18:57:55.786,1.23586,1.23609,1.50,3.00
2011.10.18 18:57:55.919,1.23587,1.2361,1.50,1.13
2011.10.18 18:57:57.433,1.23586,1.23609,1.50,3.75
2011.10.18 18:57:58.030,1.23586,1.23608,1.50,1.50
2011.10.18 18:57:58.150,1.23587,1.23609,1.50,2.63
2011.10.18 18:57:58.379,1.23587,1.23609,1.50,1.88
2011.10.18 18:57:59.139,1.23587,1.23609,1.50,2.49
2011.10.18 18:57:59.263,1.23585,1.23602,3.75,2.25
2011.10.18 18:57:59.624,1.23587,1.23606,1.50,1.50
2011.10.18 18:58:00.137,1.23585,1.23604,3.00,3.00
2011.10.18 18:58:00.261,1.23585,1.23602,3.00,1.50
2011.10.18 18:58:00.850,1.23585,1.23604,3.00,3.00
2011.10.18 18:58:01.209,1.23585,1.23601,3.00,1.50
2011.10.18 18:58:02.556,1.23587,1.23607,1.50,1.13
2011.10.18 18:58:03.365,1.23587,1.23609,1.50,1.13
2011.10.18 18:58:04.660,1.23587,1.23607,1.50,1.13
2011.10.18 18:58:04.780,1.23583,1.236,2.25,1.50
2011.10.18 18:58:04.904,1.23587,1.23606,1.50,1.28
2011.10.18 18:58:05.319,1.23584,1.23601,1.50,1.20
2011.10.18 18:58:05.681,1.23584,1.23601,1.50,1.20
2011.10.18 18:58:06.859,1.23587,1.23607,1.50,1.13
2011.10.18 18:58:09.619,1.23587,1.23609,1.50,1.13
2011.10.18 18:58:10.469,1.23587,1.23609,1.50,1.13
2011.10.18 18:58:10.702,1.23583,1.23604,1.50,1.50
2011.10.18 18:58:10.821,1.23583,1.23604,1.50,1.50
2011.10.18 18:58:10.942,1.23581,1.23602,1.56,1.50
2011.10.18 18:58:11.061,1.2358,1.23602,1.13,1.50
2011.10.18 18:58:11.880,1.2358,1.23601,1.13,3.00
2011.10.18 18:58:12.233,1.23582,1.23605,1.50,1.50
2011.10.18 18:58:12.591,1.23582,1.23605,1.50,1.50
2011.10.18 18:58:13.385,1.23582,1.23605,1.50,1.50
2011.10.18 18:58:14.349,1.23582,1.23605,1.50,1.50
2011.10.18 18:58:14.955,1.23582,1.23605,1.50,1.88
2011.10.18 18:58:15.639,1.23582,1.23604,1.50,1.13
2011.10.18 18:58:16.361,1.2358,1.23604,1.50,3.38
2011.10.18 18:58:16.481,1.23579,1.23601,2.25,3.00
2011.10.18 18:58:16.842,1.23579,1.23599,1.88,3.00
2011.10.18 18:58:17.456,1.23576,1.23594,1.56,3.00
2011.10.18 18:58:17.821,1.23574,1.23595,1.50,3.00
2011.10.18 18:58:18.990,1.23573,1.23595,2.25,3.00
2011.10.18 18:58:19.219,1.23573,1.23595,2.25,3.00
2011.10.18 18:58:19.800,1.23574,1.23595,1.50,3.00
2011.10.18 18:58:21.021,1.23573,1.23595,1.50,3.00
2011.10.18 18:58:21.621,1.23572,1.23595,1.88,3.00
2011.10.18 18:58:22.189,1.23571,1.23593,1.13,1.50
2011.10.18 18:58:22.729,1.23569,1.23593,1.88,1.50
2011.10.18 18:58:23.322,1.2357,1.23593,1.13,1.50
2011.10.18 18:58:23.561,1.23574,1.23596,1.50,1.13
2011.10.18 18:58:24.369,1.23574,1.23596,1.50,1.13
2011.10.18 18:58:24.961,1.23574,1.23596,1.50,1.13
2011.10.18 18:58:26.282,1.2357,1.23593,1.50,3.00
2011.10.18 18:58:26.628,1.23568,1.2359,3.00,1.50
2011.10.18 18:58:26.991,1.23574,1.23592,1.50,1.50
2011.10.18 18:58:28.066,1.23574,1.23592,1.50,1.50
2011.10.18 18:58:28.671,1.2357,1.2359,1.13,1.50
2011.10.18 18:58:29.034,1.23571,1.23593,1.13,1.50
2011.10.18 18:58:32.730,1.23569,1.23593,1.88,1.50
2011.10.18 18:58:33.419,1.23569,1.23591,1.13,2.25
2011.10.18 18:58:39.524,1.23568,1.23585,1.13,1.50
2011.10.18 18:58:39.777,1.23566,1.23581,1.56,1.50
2011.10.18 18:58:40.144,1.23558,1.23581,2.68,1.50
2011.10.18 18:58:40.855,1.2356,1.23581,1.13,1.50
2011.10.18 18:58:41.966,1.23562,1.23581,1.13,1.50
2011.10.18 18:58:42.632,1.23562,1.23583,1.13,1.50
2011.10.18 18:58:43.232,1.23562,1.23581,1.13,1.50
2011.10.18 18:58:43.595,1.23559,1.23576,1.50,1.50
2011.10.18 18:58:43.847,1.23559,1.23579,1.13,1.50
2011.10.18 18:58:44.731,1.2356,1.23579,1.13,1.50
2011.10.18 18:58:44.854,1.23563,1.2358,1.13,1.50
2011.10.18 18:58:44.983,1.23563,1.2358,1.13,1.50
2011.10.18 18:58:45.940,1.23561,1.23581,1.13,1.50
2011.10.18 18:58:46.442,1.23561,1.23579,1.13,1.50
2011.10.18 18:58:47.560,1.23561,1.23579,1.13,1.50
2011.10.18 18:58:48.089,1.23558,1.23577,1.13,1.50
2011.10.18 18:58:48.690,1.23559,1.23579,1.13,1.50
2011.10.18 18:58:50.202,1.23559,1.23581,1.13,1.50
2011.10.18 18:58:50.321,1.23559,1.23581,1.13,1.50
2011.10.18 18:58:51.432,1.23563,1.23581,1.13,1.50
2011.10.18 18:58:51.554,1.23564,1.23584,1.13,1.50
2011.10.18 18:58:52.064,1.23564,1.23584,1.13,1.50
2011.10.18 18:58:52.781,1.23564,1.23584,1.13,1.50
2011.10.18 18:58:53.253,1.23564,1.23584,1.13,1.50
2011.10.18 18:58:54.209,1.23562,1.23584,1.13,1.50
2011.10.18 18:58:54.789,1.23562,1.23584,1.13,1.50
2011.10.18 18:58:55.573,1.23564,1.23584,1.13,1.50
2011.10.18 18:58:55.824,1.23559,1.23582,2.31,1.50
2011.10.18 18:58:56.072,1.23561,1.23582,1.13,1.50
2011.10.18 18:58:56.906,1.23565,1.23582,1.13,1.50
2011.10.18 18:58:57.275,1.23564,1.23586,1.50,1.50
2011.10.18 18:58:57.402,1.23564,1.23586,1.50,1.50
2011.10.18 18:58:58.158,1.23564,1.23586,1.50,1.50
2011.10.18 18:58:58.401,1.23562,1.23584,1.88,1.50
2011.10.18 18:59:01.354,1.23562,1.23584,1.50,1.50
2011.10.18 18:59:02.292,1.2356,1.23582,1.50,1.50
2011.10.18 18:59:02.903,1.23562,1.23585,1.50,3.00
2011.10.18 18:59:04.182,1.23559,1.23582,1.50,1.50
2011.10.18 18:59:05.284,1.23559,1.23582,1.88,1.50
2011.10.18 18:59:09.659,1.23559,1.23582,1.50,1.50
2011.10.18 18:59:09.905,1.23558,1.23581,1.50,3.00
2011.10.18 18:59:17.451,1.23559,1.23581,1.13,3.00
2011.10.18 18:59:17.813,1.23559,1.23582,1.88,1.50
2011.10.18 18:59:22.822,1.23559,1.23582,1.88,1.50
2011.10.18 18:59:23.171,1.23564,1.23582,1.13,1.50
2011.10.18 18:59:23.538,1.23582,1.23593,1.50,1.45
2011.10.18 18:59:24.188,1.23574,1.23596,4.13,2.25
2011.10.18 18:59:24.328,1.23583,1.23602,2.25,1.45
2011.10.18 18:59:24.581,1.23589,1.23602,1.13,1.45
2011.10.18 18:59:24.952,1.23593,1.23616,1.88,3.75
2011.10.18 18:59:25.074,1.23597,1.23619,1.50,1.50
2011.10.18 18:59:25.201,1.23597,1.23621,1.50,1.50
2011.10.18 18:59:25.977,1.23601,1.23624,1.50,1.50
2011.10.18 18:59:26.582,1.236,1.23622,1.50,1.50
2011.10.18 18:59:26.943,1.23598,1.23621,2.25,2.25
2011.10.18 18:59:27.307,1.23598,1.2362,1.50,1.50
2011.10.18 18:59:27.442,1.23596,1.23617,2.31,2.25
2011.10.18 18:59:27.804,1.23594,1.23614,1.56,1.50
2011.10.18 18:59:27.921,1.2359,1.23614,2.25,1.50
2011.10.18 18:59:28.349,1.23589,1.23613,1.50,3.00
2011.10.18 18:59:28.725,1.2359,1.23615,1.50,1.50
2011.10.18 18:59:29.693,1.23589,1.23613,2.25,1.50
2011.10.18 18:59:30.297,1.23587,1.2361,1.69,1.50
2011.10.18 18:59:30.842,1.23587,1.23609,2.07,1.50
2011.10.18 18:59:30.967,1.23587,1.23609,1.13,1.50
2011.10.18 18:59:31.095,1.23587,1.23611,1.50,2.25
2011.10.18 18:59:31.228,1.23589,1.23612,1.50,1.13
2011.10.18 18:59:31.354,1.23587,1.23612,3.00,3.38
2011.10.18 18:59:31.726,1.23586,1.23609,2.25,1.50
2011.10.18 18:59:31.854,1.23589,1.23609,1.13,1.50
2011.10.18 18:59:31.984,1.23593,1.23615,1.50,2.25
2011.10.18 18:59:32.116,1.23596,1.23618,1.50,1.13
2011.10.18 18:59:32.481,1.23596,1.23619,1.50,1.88
2011.10.18 18:59:32.602,1.23599,1.23619,1.50,1.13
2011.10.18 18:59:33.079,1.23599,1.23621,1.50,1.88
2011.10.18 18:59:33.961,1.23599,1.23619,1.50,1.13
2011.10.18 18:59:34.323,1.23599,1.23619,1.50,1.13
2011.10.18 18:59:35.164,1.23597,1.23618,1.50,1.13
2011.10.18 18:59:35.294,1.23595,1.23617,1.50,1.50
2011.10.18 18:59:35.540,1.23595,1.23617,1.50,1.50
2011.10.18 18:59:36.405,1.23595,1.23617,1.50,1.50
2011.10.18 18:59:36.957,1.23595,1.23617,1.50,1.50
2011.10.18 18:59:38.513,1.23595,1.23618,1.88,2.25
2011.10.18 18:59:38.754,1.23593,1.23613,1.13,2.25
2011.10.18 18:59:38.881,1.23589,1.2361,1.18,1.50
2011.10.18 18:59:39.329,1.23588,1.2361,1.13,1.50
2011.10.18 18:59:39.582,1.23587,1.23603,1.18,1.50
2011.10.18 18:59:39.823,1.23583,1.23605,3.00,1.50
2011.10.18 18:59:40.061,1.23588,1.23608,1.13,1.50
2011.10.18 18:59:40.305,1.23588,1.23611,1.88,1.50
2011.10.18 18:59:41.385,1.23589,1.23611,1.13,1.50
2011.10.18 18:59:42.881,1.2359,1.23612,1.50,1.50
2011.10.18 18:59:43.241,1.2359,1.23612,1.50,1.50
2011.10.18 18:59:43.839,1.2359,1.23614,1.50,1.50
2011.10.18 18:59:44.201,1.23588,1.23612,1.50,1.50
2011.10.18 18:59:45.358,1.23593,1.23612,1.13,1.50
2011.10.18 18:59:45.490,1.23594,1.23614,1.50,1.50
2011.10.18 18:59:46.572,1.23594,1.23614,2.25,1.50
2011.10.18 18:59:46.694,1.23595,1.23614,1.13,1.50
2011.10.18 18:59:46.825,1.23597,1.23617,1.13,1.50
2011.10.18 18:59:46.957,1.23595,1.23617,1.50,1.50
2011.10.18 18:59:47.083,1.23598,1.23617,1.13,1.50
2011.10.18 18:59:47.552,1.23599,1.23617,1.50,1.50
2011.10.18 18:59:47.916,1.23601,1.2362,1.13,1.50
2011.10.18 18:59:48.425,1.23615,1.23628,1.64,3.00
2011.10.18 18:59:48.797,1.23623,1.2363,1.13,2.25
2011.10.18 18:59:48.929,1.2362,1.23637,4.50,2.20
2011.10.18 18:59:49.056,1.23623,1.23644,3.00,3.75
2011.10.18 18:59:49.188,1.23621,1.23637,1.18,2.12
2011.10.18 18:59:49.676,1.23613,1.23632,1.18,1.50
2011.10.18 18:59:50.149,1.23612,1.23625,3.00,1.50
2011.10.18 18:59:50.397,1.23601,1.23617,1.18,1.50
2011.10.18 18:59:50.766,1.23595,1.23617,1.50,1.50
2011.10.18 18:59:51.015,1.23594,1.23617,1.18,1.50
2011.10.18 18:59:51.625,1.23593,1.23617,1.50,1.50
2011.10.18 18:59:52.077,1.23596,1.2362,1.50,1.50
2011.10.18 18:59:52.211,1.23596,1.23622,1.88,1.50
2011.10.18 18:59:52.592,1.23594,1.23615,1.50,3.00
2011.10.18 18:59:52.963,1.23594,1.23616,1.88,1.50
2011.10.18 18:59:53.099,1.23594,1.23617,1.13,2.20
2011.10.18 18:59:53.702,1.23598,1.23621,1.50,1.50
2011.10.18 18:59:54.348,1.236,1.23623,1.50,1.50
2011.10.18 18:59:54.713,1.236,1.23623,1.50,1.50
2011.10.18 18:59:55.181,1.236,1.23623,1.50,1.50
2011.10.18 18:59:55.548,1.236,1.23621,1.50,1.13
2011.10.18 18:59:56.144,1.236,1.23616,1.50,3.00
2011.10.18 18:59:56.864,1.236,1.23624,1.50,1.13
2011.10.18 18:59:59.653,1.23599,1.23623,1.50,1.50
