2007.12.20 11:00:00.150,1.65845,1.6586,0.40,0.30
2007.12.20 11:00:00.260,1.6584,1.6586,35.60,0.30
2007.12.20 11:00:00.552,1.6584,1.6586,31.60,4.20
2007.12.20 11:00:01.084,1.65845,1.6586,0.40,4.20
2007.12.20 11:00:01.366,1.65855,1.6586,0.40,4.00
2007.12.20 11:00:01.574,1.65855,1.6586,0.40,4.00
2007.12.20 11:00:01.782,1.6584,1.65865,49.90,0.30
2007.12.20 11:00:01.991,1.6584,1.65865,60.30,0.30
2007.12.20 11:00:02.199,1.6585,1.65865,8.90,0.30
2007.12.20 11:00:02.407,1.6584,1.65865,60.30,0.30
2007.12.20 11:00:02.716,1.6585,1.65865,3.40,0.30
2007.12.20 11:00:03.148,1.6584,1.65865,60.30,0.30
2007.12.20 11:00:03.363,1.65845,1.65865,22.70,0.30
2007.12.20 11:00:03.652,1.6585,1.65865,6.00,0.30
2007.12.20 11:00:03.794,1.65845,1.65865,18.70,0.30
2007.12.20 11:00:03.936,1.65845,1.65865,18.70,0.30
2007.12.20 11:00:04.177,1.6585,1.65865,9.30,0.30
2007.12.20 11:00:04.319,1.65845,1.65865,22.70,0.30
2007.12.20 11:00:04.517,1.6585,1.65865,5.60,0.30
2007.12.20 11:00:04.792,1.65845,1.65865,18.70,0.30
2007.12.20 11:00:04.985,1.65845,1.65865,18.70,0.30
2007.12.20 11:00:05.179,1.6585,1.65865,6.70,0.30
2007.12.20 11:00:05.412,1.65845,1.65865,18.70,0.30
2007.12.20 11:00:05.635,1.6585,1.65865,5.50,0.30
2007.12.20 11:00:05.859,1.65845,1.65865,8.30,0.30
2007.12.20 11:00:06.082,1.65845,1.65865,8.30,0.30
2007.12.20 11:00:06.305,1.65845,1.65865,8.30,0.30
2007.12.20 11:00:06.633,1.65845,1.65865,12.30,0.30
2007.12.20 11:00:06.746,1.6585,1.65865,1.80,0.30
2007.12.20 11:00:06.871,1.65845,1.65865,12.30,0.30
2007.12.20 11:00:07.022,1.65845,1.65865,15.50,0.30
2007.12.20 11:00:07.136,1.65855,1.6587,0.40,14.60
2007.12.20 11:00:07.249,1.65855,1.6587,0.40,4.20
2007.12.20 11:00:07.363,1.6585,1.6587,34.00,0.30
2007.12.20 11:00:07.581,1.6585,1.6587,34.00,0.30
2007.12.20 11:00:07.799,1.6585,1.6587,35.60,0.30
2007.12.20 11:00:08.017,1.6585,1.6587,35.60,0.30
2007.12.20 11:00:08.235,1.65855,1.6587,0.40,0.30
2007.12.20 11:00:08.453,1.65855,1.6587,0.40,0.30
2007.12.20 11:00:08.737,1.6585,1.6587,35.60,0.30
2007.12.20 11:00:08.939,1.65855,1.6587,0.40,0.30
2007.12.20 11:00:09.144,1.6585,1.6587,35.60,0.30
2007.12.20 11:00:09.322,1.6585,1.6587,39.60,0.30
2007.12.20 11:00:09.501,1.6585,1.6587,39.60,0.30
2007.12.20 11:00:09.834,1.65855,1.6587,0.40,0.30
2007.12.20 11:00:10.180,1.65855,1.6587,0.40,0.30
2007.12.20 11:00:10.752,1.65855,1.6587,0.40,4.20
2007.12.20 11:00:10.910,1.65855,1.6587,0.40,4.20
2007.12.20 11:00:11.116,1.65855,1.6587,0.40,4.20
2007.12.20 11:00:12.195,1.65855,1.6587,0.40,4.20
2007.12.20 11:00:12.380,1.65855,1.6587,0.40,0.30
2007.12.20 11:00:13.085,1.65855,1.6587,0.40,0.30
2007.12.20 11:00:14.240,1.65855,1.6587,0.40,4.20
2007.12.20 11:00:14.423,1.65855,1.6587,0.40,4.20
2007.12.20 11:00:14.652,1.65855,1.6587,0.40,0.30
2007.12.20 11:00:15.157,1.65855,1.6587,0.40,0.30
2007.12.20 11:00:15.350,1.65855,1.6587,0.40,0.30
2007.12.20 11:00:15.875,1.65855,1.6587,0.40,0.30
2007.12.20 11:00:16.063,1.65855,1.6587,0.40,0.30
2007.12.20 11:00:16.251,1.65855,1.6587,0.40,0.30
2007.12.20 11:00:17.119,1.65855,1.6587,0.40,0.30
2007.12.20 11:00:17.282,1.65855,1.6587,0.40,4.20
2007.12.20 11:00:17.456,1.65855,1.6587,0.40,4.20
2007.12.20 11:00:17.748,1.65855,1.6587,0.40,0.30
2007.12.20 11:00:17.971,1.65855,1.6587,0.40,0.30
2007.12.20 11:00:18.195,1.65855,1.6587,0.40,0.30
2007.12.20 11:00:19.091,1.65855,1.6587,0.40,0.30
2007.12.20 11:00:19.605,1.65855,1.6587,0.40,0.30
2007.12.20 11:00:20.303,1.65855,1.6587,0.40,4.20
2007.12.20 11:00:20.447,1.65855,1.6587,0.40,4.20
2007.12.20 11:00:20.643,1.65855,1.6587,0.40,4.20
2007.12.20 11:00:20.994,1.65855,1.6587,0.40,4.20
2007.12.20 11:00:21.253,1.65855,1.6587,0.40,4.20
2007.12.20 11:00:21.603,1.65855,1.6587,0.40,4.20
2007.12.20 11:00:22.697,1.65855,1.6587,0.40,12.20
2007.12.20 11:00:22.885,1.65855,1.6587,0.40,18.60
2007.12.20 11:00:23.074,1.65855,1.6587,0.40,18.60
2007.12.20 11:00:23.227,1.65855,1.6587,0.40,12.20
2007.12.20 11:00:23.381,1.6585,1.6587,35.60,0.30
2007.12.20 11:00:23.768,1.65855,1.6587,0.40,4.20
2007.12.20 11:00:23.921,1.65855,1.6587,0.40,4.20
2007.12.20 11:00:24.168,1.6585,1.6587,27.60,4.20
2007.12.20 11:00:24.417,1.65855,1.6587,0.40,0.30
2007.12.20 11:00:24.666,1.6585,1.6587,35.60,0.30
2007.12.20 11:00:25.102,1.6585,1.6587,35.60,0.30
2007.12.20 11:00:25.319,1.6585,1.6587,31.60,4.20
2007.12.20 11:00:25.538,1.65855,1.6587,0.40,4.20
2007.12.20 11:00:25.827,1.6585,1.6587,31.60,4.20
2007.12.20 11:00:26.150,1.6585,1.6587,31.60,4.20
2007.12.20 11:00:32.843,1.65855,1.6587,0.40,4.20
2007.12.20 11:00:33.160,1.65855,1.6587,0.40,4.20
2007.12.20 11:00:34.075,1.6585,1.6587,31.60,4.20
2007.12.20 11:00:34.280,1.6585,1.6587,31.60,4.20
2007.12.20 11:00:34.484,1.6585,1.6587,35.60,0.30
2007.12.20 11:00:34.923,1.6585,1.6587,35.60,0.30
2007.12.20 11:00:35.119,1.6585,1.6587,35.60,0.30
2007.12.20 11:00:35.338,1.6585,1.6587,35.60,0.30
2007.12.20 11:00:36.161,1.65855,1.6587,0.40,0.30
2007.12.20 11:00:36.465,1.65855,1.6587,0.40,0.30
2007.12.20 11:00:37.781,1.65845,1.6588,43.20,37.60
2007.12.20 11:00:40.093,1.65845,1.6588,43.20,37.60
2007.12.20 11:00:40.366,1.65845,1.6587,39.20,4.00
2007.12.20 11:00:40.579,1.6585,1.6587,13.60,4.00
2007.12.20 11:00:40.837,1.65845,1.6587,39.20,4.00
2007.12.20 11:00:41.108,1.65845,1.6587,39.20,4.00
2007.12.20 11:00:41.366,1.65845,1.6587,39.20,4.00
2007.12.20 11:00:43.147,1.6585,1.6587,8.70,6.40
2007.12.20 11:00:43.279,1.65845,1.6587,28.80,14.40
2007.12.20 11:00:43.412,1.6584,1.6587,48.80,18.40
2007.12.20 11:00:43.649,1.6584,1.6587,48.80,18.40
2007.12.20 11:00:43.995,1.65845,1.6588,42.40,38.40
2007.12.20 11:00:44.327,1.6585,1.6588,11.70,39.20
2007.12.20 11:00:45.439,1.6585,1.6588,8.40,39.20
2007.12.20 11:00:45.851,1.65845,1.6588,42.40,39.20
2007.12.20 11:00:46.122,1.6585,1.6588,7.90,38.40
2007.12.20 11:00:46.381,1.65845,1.6587,38.40,4.00
2007.12.20 11:00:47.176,1.6585,1.6587,3.60,4.00
2007.12.20 11:00:48.093,1.65845,1.6587,38.40,4.00
2007.12.20 11:00:49.190,1.6585,1.6587,10.70,6.40
2007.12.20 11:00:49.389,1.65845,1.65865,25.90,0.30
2007.12.20 11:00:49.587,1.6585,1.65865,3.90,0.30
2007.12.20 11:00:49.828,1.6584,1.65865,49.10,0.30
2007.12.20 11:00:50.023,1.6585,1.65865,3.90,0.30
2007.12.20 11:00:50.216,1.65845,1.6586,8.40,0.30
2007.12.20 11:00:50.409,1.65845,1.6586,1.90,0.30
2007.12.20 11:00:50.603,1.6584,1.6586,39.50,0.30
2007.12.20 11:00:50.795,1.65845,1.6586,4.30,0.30
2007.12.20 11:00:51.043,1.65845,1.6586,4.30,0.30
2007.12.20 11:00:51.292,1.65845,1.6586,0.40,0.30
2007.12.20 11:00:51.958,1.65845,1.6586,0.40,0.30
2007.12.20 11:00:52.337,1.65845,1.6586,4.30,0.30
2007.12.20 11:00:53.029,1.65845,1.6586,4.30,0.30
2007.12.20 11:00:53.257,1.6585,1.65865,0.40,0.30
2007.12.20 11:00:53.486,1.6585,1.65865,4.30,0.30
2007.12.20 11:00:53.714,1.6585,1.65865,4.30,0.30
2007.12.20 11:00:55.251,1.6585,1.65865,4.30,0.30
2007.12.20 11:00:55.376,1.6585,1.65865,4.30,0.30
2007.12.20 11:00:55.657,1.6585,1.65865,4.30,0.30
2007.12.20 11:00:55.779,1.6585,1.65865,4.30,0.30
2007.12.20 11:00:56.042,1.6585,1.65865,4.30,0.30
2007.12.20 11:00:56.305,1.6585,1.65865,4.30,0.30
2007.12.20 11:00:56.569,1.6585,1.65865,4.30,0.30
2007.12.20 11:00:57.101,1.6585,1.65865,4.30,0.30
2007.12.20 11:00:57.408,1.6585,1.65865,4.30,0.30
2007.12.20 11:00:57.930,1.6585,1.65865,4.30,0.30
2007.12.20 11:00:58.141,1.6585,1.65865,4.30,0.30
2007.12.20 11:00:59.165,1.6585,1.65865,4.30,0.30
2007.12.20 11:01:01.354,1.6585,1.65865,4.30,0.30
2007.12.20 11:01:01.672,1.6585,1.65865,4.30,0.30
2007.12.20 11:01:01.854,1.6585,1.65865,0.40,0.30
2007.12.20 11:01:02.078,1.6585,1.65865,0.40,0.30
2007.12.20 11:01:02.301,1.6585,1.65865,0.40,0.30
2007.12.20 11:01:02.524,1.6585,1.65865,4.30,0.30
2007.12.20 11:01:02.747,1.6585,1.65865,4.30,0.30
2007.12.20 11:01:02.971,1.6585,1.65865,4.30,0.30
2007.12.20 11:01:03.235,1.6585,1.65865,4.30,0.30
2007.12.20 11:01:03.509,1.6585,1.65865,4.30,0.30
2007.12.20 11:01:04.140,1.6585,1.65865,4.30,0.30
2007.12.20 11:01:05.178,1.6585,1.65865,4.30,0.30
2007.12.20 11:01:05.392,1.6585,1.65865,4.30,0.30
2007.12.20 11:01:06.112,1.6585,1.65865,4.30,0.30
2007.12.20 11:01:07.458,1.6585,1.65865,4.30,0.30
2007.12.20 11:01:07.870,1.6585,1.65865,4.30,0.30
2007.12.20 11:01:08.186,1.6585,1.65865,4.30,0.30
2007.12.20 11:01:10.144,1.6585,1.65865,4.30,0.30
2007.12.20 11:01:10.356,1.6585,1.65865,4.30,0.30
2007.12.20 11:01:11.172,1.6585,1.65865,4.30,0.30
2007.12.20 11:01:12.285,1.6585,1.65865,0.40,0.30
2007.12.20 11:01:12.464,1.6585,1.6586,0.40,4.00
2007.12.20 11:01:12.643,1.6585,1.6586,0.40,4.00
2007.12.20 11:01:12.821,1.6585,1.65865,0.40,0.30
2007.12.20 11:01:13.000,1.6585,1.65865,0.40,0.30
2007.12.20 11:01:13.178,1.6585,1.65865,0.40,0.30
2007.12.20 11:01:13.876,1.6585,1.6586,0.40,4.00
2007.12.20 11:01:14.124,1.6585,1.6586,0.40,4.00
2007.12.20 11:01:14.372,1.6585,1.65865,4.30,0.30
2007.12.20 11:01:14.545,1.6585,1.65865,8.30,0.30
2007.12.20 11:01:14.718,1.6585,1.65865,8.30,0.30
2007.12.20 11:01:14.891,1.6585,1.65865,4.30,0.30
2007.12.20 11:01:15.139,1.6585,1.65865,4.30,0.30
2007.12.20 11:01:15.351,1.6585,1.65865,4.30,0.30
2007.12.20 11:01:15.809,1.6585,1.65865,0.40,0.30
2007.12.20 11:01:16.047,1.6585,1.65865,0.40,0.30
2007.12.20 11:01:16.285,1.6585,1.65865,0.40,0.30
2007.12.20 11:01:16.523,1.6585,1.65865,0.40,0.30
2007.12.20 11:01:17.091,1.6585,1.65865,0.40,0.30
2007.12.20 11:01:18.109,1.6585,1.65865,0.40,0.30
2007.12.20 11:01:18.424,1.6585,1.65865,0.40,0.30
2007.12.20 11:01:19.135,1.6585,1.65865,0.40,0.30
2007.12.20 11:01:19.350,1.6585,1.65865,0.40,0.30
2007.12.20 11:01:19.740,1.6585,1.65865,4.30,0.30
2007.12.20 11:01:19.923,1.6585,1.65865,4.30,0.30
2007.12.20 11:01:20.106,1.6585,1.65865,4.30,0.30
2007.12.20 11:01:21.331,1.6585,1.65865,0.40,0.30
2007.12.20 11:01:21.494,1.6585,1.65865,0.40,0.30
2007.12.20 11:01:21.658,1.6585,1.65865,0.40,0.30
2007.12.20 11:01:21.837,1.6585,1.65865,0.40,0.30
2007.12.20 11:01:22.142,1.6585,1.65865,0.40,0.30
2007.12.20 11:01:22.719,1.65845,1.65865,4.40,0.30
2007.12.20 11:01:23.061,1.6585,1.65865,0.40,0.30
2007.12.20 11:01:23.244,1.6585,1.65865,0.40,0.30
2007.12.20 11:01:23.905,1.65845,1.65865,4.40,0.30
2007.12.20 11:01:26.431,1.6585,1.65865,0.40,0.30
2007.12.20 11:01:28.681,1.65845,1.65865,4.40,0.30
2007.12.20 11:01:28.840,1.6585,1.65865,1.40,0.30
2007.12.20 11:01:29.085,1.65845,1.65865,8.30,0.30
2007.12.20 11:01:29.316,1.65845,1.65865,8.30,0.30
2007.12.20 11:01:31.155,1.6585,1.65865,1.20,0.30
2007.12.20 11:01:33.241,1.65845,1.65865,8.30,0.30
2007.12.20 11:01:34.365,1.65845,1.65865,8.30,0.30
2007.12.20 11:01:34.673,1.6585,1.65865,2.20,0.30
2007.12.20 11:01:36.930,1.65845,1.65865,8.30,0.30
2007.12.20 11:01:37.073,1.6585,1.6586,1.60,0.30
2007.12.20 11:01:37.227,1.65845,1.6586,8.30,0.30
2007.12.20 11:01:37.380,1.65845,1.6586,1.80,0.30
2007.12.20 11:01:37.534,1.65845,1.6586,1.80,0.30
2007.12.20 11:01:38.431,1.6584,1.6586,39.50,0.30
2007.12.20 11:01:38.837,1.65845,1.6586,1.30,0.30
2007.12.20 11:01:39.238,1.65845,1.6586,0.70,4.20
2007.12.20 11:01:39.441,1.6584,1.6586,35.50,4.20
2007.12.20 11:01:39.657,1.65845,1.6586,1.50,4.20
2007.12.20 11:01:39.861,1.65845,1.6586,1.00,0.30
2007.12.20 11:01:40.065,1.65845,1.6586,0.50,0.30
2007.12.20 11:01:40.324,1.65845,1.6586,2.20,0.30
2007.12.20 11:01:40.572,1.6584,1.6586,39.50,0.30
2007.12.20 11:01:40.820,1.65845,1.6586,1.80,4.20
2007.12.20 11:01:41.069,1.6584,1.6586,35.50,4.20
2007.12.20 11:01:41.293,1.6584,1.6586,31.50,4.20
2007.12.20 11:01:41.516,1.65845,1.6586,2.50,4.20
2007.12.20 11:01:41.738,1.65845,1.6586,2.30,4.20
2007.12.20 11:01:41.962,1.65845,1.6586,1.10,4.20
2007.12.20 11:01:42.185,1.6584,1.6586,31.50,4.20
2007.12.20 11:01:42.394,1.6584,1.6586,31.50,4.20
2007.12.20 11:01:42.658,1.6584,1.6586,29.10,6.60
2007.12.20 11:01:42.867,1.65845,1.6586,1.70,18.60
2007.12.20 11:01:43.075,1.6584,1.6586,13.20,19.40
2007.12.20 11:01:43.284,1.6584,1.65855,21.20,0.80
2007.12.20 11:01:43.552,1.6584,1.6586,21.20,15.40
2007.12.20 11:01:43.820,1.65835,1.6585,6.00,0.30
2007.12.20 11:01:44.097,1.65835,1.6585,6.00,0.30
2007.12.20 11:01:44.366,1.65835,1.6585,9.90,0.30
2007.12.20 11:01:44.594,1.6584,1.6585,1.20,0.30
2007.12.20 11:01:44.821,1.65835,1.6585,10.70,0.30
2007.12.20 11:01:45.049,1.65835,1.6585,9.10,0.30
2007.12.20 11:01:45.278,1.6584,1.6585,1.80,0.30
2007.12.20 11:01:46.943,1.65835,1.6585,9.10,0.30
2007.12.20 11:01:47.126,1.6584,1.6585,1.30,0.30
2007.12.20 11:01:47.303,1.6583,1.6585,39.50,0.30
2007.12.20 11:01:47.477,1.65835,1.6585,2.30,0.30
2007.12.20 11:01:47.650,1.6583,1.6585,39.50,0.30
2007.12.20 11:01:47.830,1.65845,1.6586,0.40,14.60
2007.12.20 11:01:48.003,1.65845,1.6586,0.40,14.60
2007.12.20 11:01:48.177,1.65845,1.6586,0.40,14.60
2007.12.20 11:01:48.350,1.65845,1.6586,0.40,18.60
2007.12.20 11:01:48.608,1.6584,1.6586,6.00,18.60
2007.12.20 11:01:48.868,1.65845,1.6586,0.40,0.30
2007.12.20 11:01:49.125,1.65845,1.6586,0.40,0.30
2007.12.20 11:01:49.416,1.6584,1.6586,33.20,0.30
2007.12.20 11:01:49.633,1.6584,1.6586,33.20,0.30
2007.12.20 11:01:49.851,1.65845,1.6586,0.40,4.20
2007.12.20 11:01:50.069,1.65845,1.6586,0.40,4.20
2007.12.20 11:01:50.288,1.65845,1.6586,0.40,4.20
2007.12.20 11:01:50.506,1.65845,1.6586,0.40,4.20
2007.12.20 11:01:52.190,1.65845,1.6586,0.40,4.20
2007.12.20 11:01:52.372,1.65845,1.6586,0.40,0.30
2007.12.20 11:01:52.545,1.65845,1.6586,0.40,0.30
2007.12.20 11:01:52.907,1.65845,1.6586,0.40,0.30
2007.12.20 11:01:53.111,1.65845,1.6586,0.40,0.30
2007.12.20 11:01:54.150,1.65845,1.6586,0.40,0.30
2007.12.20 11:01:54.875,1.65845,1.6586,0.40,0.30
2007.12.20 11:01:55.191,1.65845,1.6586,0.40,0.30
2007.12.20 11:01:55.379,1.65845,1.6586,0.40,4.20
2007.12.20 11:01:55.568,1.65845,1.6586,0.40,4.20
2007.12.20 11:01:55.922,1.65845,1.6586,0.40,4.20
2007.12.20 11:01:56.684,1.6584,1.65855,29.10,0.30
2007.12.20 11:01:56.895,1.6584,1.65855,9.90,0.30
2007.12.20 11:01:57.099,1.65845,1.6586,0.40,8.20
2007.12.20 11:01:57.302,1.65845,1.6586,0.40,4.20
2007.12.20 11:01:57.505,1.65845,1.6586,0.40,4.20
2007.12.20 11:01:57.915,1.65845,1.6586,0.40,4.20
2007.12.20 11:01:58.153,1.65845,1.6586,0.40,4.20
2007.12.20 11:01:58.390,1.65845,1.6586,0.40,8.20
2007.12.20 11:01:58.628,1.65845,1.6586,0.40,16.20
2007.12.20 11:01:58.867,1.6584,1.6585,1.60,0.30
2007.12.20 11:01:59.146,1.6584,1.6585,1.60,0.30
2007.12.20 11:01:59.425,1.6584,1.6585,1.60,0.30
2007.12.20 11:01:59.702,1.6584,1.6585,1.60,0.30
2007.12.20 11:01:59.980,1.65835,1.6585,4.30,0.30
2007.12.20 11:02:00.218,1.65835,1.6585,4.30,0.30
2007.12.20 11:02:00.456,1.65835,1.6585,4.30,0.30
2007.12.20 11:02:00.750,1.65835,1.6585,4.30,4.20
2007.12.20 11:02:00.983,1.65835,1.6585,4.30,4.20
2007.12.20 11:02:01.220,1.65835,1.6585,4.30,4.20
2007.12.20 11:02:01.454,1.65835,1.6585,4.30,4.20
2007.12.20 11:02:01.955,1.6584,1.6585,0.80,4.20
2007.12.20 11:02:02.203,1.65845,1.6586,0.40,26.60
2007.12.20 11:02:02.452,1.65845,1.6586,0.40,18.60
2007.12.20 11:02:02.699,1.65845,1.6586,0.40,10.60
2007.12.20 11:02:02.948,1.65845,1.6586,0.40,0.30
2007.12.20 11:02:03.185,1.65845,1.6586,0.40,0.30
2007.12.20 11:02:03.378,1.6585,1.65865,0.40,0.30
2007.12.20 11:02:03.582,1.6585,1.65865,0.40,0.30
2007.12.20 11:02:03.776,1.6585,1.65865,0.40,0.30
2007.12.20 11:02:04.045,1.6585,1.65865,4.30,0.30
2007.12.20 11:02:04.313,1.6585,1.65865,4.30,0.30
2007.12.20 11:02:04.582,1.6585,1.65865,4.30,0.30
2007.12.20 11:02:04.806,1.6585,1.6587,4.30,18.70
2007.12.20 11:02:04.851,1.6585,1.65865,0.40,0.30
2007.12.20 11:02:05.029,1.6585,1.65865,0.40,0.30
2007.12.20 11:02:05.207,1.6585,1.6587,0.40,26.70
2007.12.20 11:02:05.385,1.6585,1.65865,4.30,0.30
2007.12.20 11:02:05.563,1.6585,1.6587,4.30,18.70
2007.12.20 11:02:05.851,1.6585,1.6587,0.40,26.70
2007.12.20 11:02:06.090,1.6585,1.6587,0.40,26.70
2007.12.20 11:02:06.329,1.6585,1.6587,0.40,26.70
2007.12.20 11:02:06.807,1.6585,1.65865,4.30,0.30
2007.12.20 11:02:07.045,1.6585,1.65865,4.30,0.30
2007.12.20 11:02:07.260,1.6585,1.6587,8.30,14.70
2007.12.20 11:02:07.482,1.6585,1.6587,8.30,14.70
2007.12.20 11:02:08.133,1.6585,1.6587,8.30,14.70
2007.12.20 11:02:14.124,1.6585,1.65865,8.30,0.30
2007.12.20 11:02:15.196,1.6585,1.6587,8.30,14.70
2007.12.20 11:02:15.828,1.6585,1.65865,4.30,0.30
2007.12.20 11:02:16.030,1.6585,1.65865,4.30,0.30
2007.12.20 11:02:16.232,1.6585,1.6587,4.30,22.70
2007.12.20 11:02:16.401,1.6585,1.65865,0.40,0.30
2007.12.20 11:02:16.570,1.6585,1.6587,0.40,26.70
2007.12.20 11:02:16.737,1.65845,1.6586,0.40,0.30
2007.12.20 11:02:16.906,1.65845,1.6587,0.40,26.70
2007.12.20 11:02:17.073,1.65845,1.6586,0.40,0.30
2007.12.20 11:02:17.242,1.65845,1.6587,0.40,29.90
2007.12.20 11:02:17.500,1.65845,1.6587,0.40,29.90
2007.12.20 11:02:18.185,1.65845,1.6587,0.40,29.90
2007.12.20 11:02:18.408,1.65845,1.6587,0.40,29.90
2007.12.20 11:02:19.110,1.65845,1.6586,0.40,0.30
2007.12.20 11:02:19.427,1.65845,1.6586,0.40,0.30
2007.12.20 11:02:19.986,1.65845,1.6587,0.40,29.90
2007.12.20 11:02:20.225,1.65845,1.6587,0.40,29.90
2007.12.20 11:02:20.698,1.65845,1.6586,0.40,0.30
2007.12.20 11:02:20.917,1.65845,1.6586,0.40,0.70
2007.12.20 11:02:21.136,1.65845,1.65865,0.40,19.40
2007.12.20 11:02:21.355,1.65845,1.6586,0.40,0.50
2007.12.20 11:02:21.622,1.65845,1.6587,0.40,50.60
2007.12.20 11:02:21.937,1.65845,1.6587,0.40,54.60
2007.12.20 11:02:22.205,1.65845,1.6586,0.40,0.70
2007.12.20 11:02:22.473,1.65845,1.65865,0.40,19.40
2007.12.20 11:02:22.974,1.65845,1.65865,0.40,19.40
2007.12.20 11:02:23.360,1.65845,1.6586,0.40,0.50
2007.12.20 11:02:23.685,1.65845,1.6586,0.40,0.50
2007.12.20 11:02:23.889,1.65845,1.65865,0.40,18.60
2007.12.20 11:02:24.092,1.65845,1.65865,0.40,15.40
2007.12.20 11:02:24.280,1.6584,1.6586,5.60,18.70
2007.12.20 11:02:24.469,1.6584,1.6586,1.60,26.70
2007.12.20 11:02:24.927,1.6584,1.6585,1.60,0.30
2007.12.20 11:02:25.166,1.6584,1.6586,1.60,26.70
2007.12.20 11:02:25.404,1.6584,1.6586,1.90,26.70
2007.12.20 11:02:25.632,1.6584,1.6586,0.40,26.70
2007.12.20 11:02:26.184,1.6584,1.65855,0.40,0.30
2007.12.20 11:02:26.413,1.6584,1.65855,4.30,0.30
2007.12.20 11:02:26.651,1.6584,1.6586,6.70,16.30
2007.12.20 11:02:26.810,1.65845,1.6586,0.40,0.70
2007.12.20 11:02:26.969,1.65845,1.6586,0.40,0.30
2007.12.20 11:02:27.127,1.65845,1.6586,0.40,0.30
2007.12.20 11:02:27.419,1.65845,1.6587,0.40,32.30
2007.12.20 11:02:27.676,1.65845,1.6586,0.40,0.30
2007.12.20 11:02:27.935,1.65845,1.6587,0.40,34.60
2007.12.20 11:02:28.194,1.65845,1.6586,0.40,0.90
2007.12.20 11:02:28.456,1.65845,1.65865,0.40,17.00
2007.12.20 11:02:28.717,1.65845,1.6586,0.40,0.60
2007.12.20 11:02:28.952,1.65845,1.6586,0.40,0.30
2007.12.20 11:02:29.184,1.65845,1.6587,0.40,30.70
2007.12.20 11:02:29.417,1.65845,1.6587,0.40,30.70
2007.12.20 11:02:29.661,1.65845,1.6587,0.40,26.70
2007.12.20 11:02:29.904,1.65845,1.6586,0.40,0.30
2007.12.20 11:02:30.146,1.65845,1.6586,0.40,0.30
2007.12.20 11:02:30.390,1.65845,1.6587,0.40,26.70
2007.12.20 11:02:30.636,1.65845,1.6586,0.40,0.30
2007.12.20 11:02:30.904,1.65845,1.6587,0.40,30.70
2007.12.20 11:02:31.172,1.6584,1.6587,20.30,30.70
2007.12.20 11:02:31.440,1.6584,1.6586,20.30,4.30
2007.12.20 11:02:31.685,1.6584,1.65855,17.90,0.30
2007.12.20 11:02:31.908,1.6584,1.6586,0.40,16.30
2007.12.20 11:02:32.132,1.6584,1.6586,0.40,26.70
2007.12.20 11:02:32.354,1.65835,1.6586,4.30,26.70
2007.12.20 11:02:32.579,1.65835,1.6586,4.30,27.50
2007.12.20 11:02:32.862,1.65835,1.6586,4.30,32.20
2007.12.20 11:02:33.146,1.65835,1.6585,0.40,0.50
2007.12.20 11:02:33.430,1.65835,1.65855,0.40,12.20
2007.12.20 11:02:33.713,1.65835,1.6585,0.40,0.30
2007.12.20 11:02:33.996,1.65835,1.6585,0.40,0.30
2007.12.20 11:02:34.280,1.6584,1.65855,0.40,1.80
2007.12.20 11:02:34.563,1.6584,1.65855,8.30,1.00
2007.12.20 11:02:34.807,1.6584,1.65855,8.30,0.30
2007.12.20 11:02:35.050,1.6584,1.65855,8.30,0.30
2007.12.20 11:02:35.292,1.6584,1.65855,8.30,0.30
2007.12.20 11:02:35.536,1.6584,1.65855,8.30,0.30
2007.12.20 11:02:35.845,1.6584,1.65855,8.30,0.30
2007.12.20 11:02:36.153,1.6584,1.65855,8.30,0.30
2007.12.20 11:02:36.461,1.6584,1.65855,8.30,0.30
2007.12.20 11:02:36.770,1.6584,1.65855,8.30,0.30
2007.12.20 11:02:37.038,1.6584,1.65855,8.30,0.30
2007.12.20 11:02:37.307,1.6584,1.65855,8.30,0.30
2007.12.20 11:02:37.575,1.6584,1.65855,8.30,0.30
2007.12.20 11:02:37.864,1.6584,1.65855,8.30,0.30
2007.12.20 11:02:38.153,1.6584,1.65855,8.30,0.30
2007.12.20 11:02:38.441,1.6584,1.65855,8.30,0.30
2007.12.20 11:02:38.874,1.6584,1.6586,8.30,17.10
2007.12.20 11:02:38.906,1.6584,1.65855,8.30,0.30
2007.12.20 11:02:39.169,1.6584,1.65855,8.30,0.30
2007.12.20 11:02:39.446,1.6584,1.6586,8.30,17.10
2007.12.20 11:02:39.708,1.6584,1.6586,8.30,17.10
2007.12.20 11:02:39.977,1.6584,1.6586,8.30,17.10
2007.12.20 11:02:40.244,1.6584,1.65855,8.30,0.30
2007.12.20 11:02:40.512,1.6584,1.65855,8.30,0.30
2007.12.20 11:02:40.790,1.6584,1.65855,8.30,0.30
2007.12.20 11:02:41.072,1.6584,1.6586,8.30,17.10
2007.12.20 11:02:41.356,1.6584,1.6586,8.30,15.50
2007.12.20 11:02:41.638,1.6584,1.6586,8.30,14.70
2007.12.20 11:02:42.301,1.6584,1.65855,8.30,0.30
2007.12.20 11:02:42.555,1.6584,1.6586,8.30,17.10
2007.12.20 11:02:42.809,1.6584,1.65855,8.30,0.30
2007.12.20 11:02:43.113,1.6584,1.65855,8.30,0.30
2007.12.20 11:02:46.176,1.6584,1.6585,8.00,0.30
2007.12.20 11:02:46.379,1.6584,1.6585,4.00,0.30
2007.12.20 11:02:46.582,1.6584,1.6585,4.00,0.30
2007.12.20 11:02:46.786,1.6584,1.65855,4.00,1.90
2007.12.20 11:02:47.079,1.6584,1.65855,4.00,1.90
2007.12.20 11:02:47.372,1.6584,1.65855,4.00,1.90
2007.12.20 11:02:47.665,1.6584,1.65855,4.00,1.90
2007.12.20 11:02:47.958,1.65835,1.65855,0.40,1.90
2007.12.20 11:02:48.127,1.65835,1.65855,0.40,1.90
2007.12.20 11:02:48.347,1.65835,1.6585,0.40,0.30
2007.12.20 11:02:48.871,1.65835,1.65855,0.40,5.90
2007.12.20 11:02:49.180,1.65835,1.6585,0.40,0.30
2007.12.20 11:02:49.468,1.6584,1.65855,4.00,5.90
2007.12.20 11:02:49.895,1.6584,1.6585,4.00,0.30
2007.12.20 11:02:50.124,1.6584,1.6585,4.00,0.30
2007.12.20 11:02:50.397,1.6584,1.6585,4.00,0.30
2007.12.20 11:02:50.626,1.6584,1.65855,4.00,4.30
2007.12.20 11:02:50.940,1.6584,1.65855,4.00,4.30
2007.12.20 11:02:51.158,1.6584,1.6585,4.00,0.30
2007.12.20 11:02:51.686,1.6584,1.6585,4.00,0.30
2007.12.20 11:02:52.003,1.6584,1.6585,4.00,0.30
2007.12.20 11:02:52.401,1.6584,1.6585,4.00,0.30
2007.12.20 11:02:52.946,1.6584,1.6586,4.00,35.50
2007.12.20 11:02:53.175,1.6584,1.6585,4.00,0.30
2007.12.20 11:02:53.403,1.65835,1.6585,0.40,0.30
2007.12.20 11:02:53.680,1.65835,1.6585,0.40,0.30
2007.12.20 11:02:53.899,1.65835,1.6585,0.40,0.30
2007.12.20 11:02:54.126,1.65835,1.6585,0.40,0.30
2007.12.20 11:02:54.424,1.65835,1.65855,0.40,1.90
2007.12.20 11:02:54.722,1.65835,1.65855,0.40,1.90
2007.12.20 11:02:55.021,1.65835,1.65855,0.40,1.90
2007.12.20 11:02:55.184,1.65835,1.65855,0.40,1.90
2007.12.20 11:02:55.420,1.65835,1.6585,0.40,0.30
2007.12.20 11:02:56.160,1.65835,1.65855,0.40,1.90
2007.12.20 11:02:57.068,1.65835,1.65855,0.40,1.90
2007.12.20 11:02:57.385,1.65835,1.6585,0.40,0.30
2007.12.20 11:02:57.908,1.65835,1.6585,0.40,0.30
2007.12.20 11:02:58.116,1.65835,1.65855,0.40,1.90
2007.12.20 11:02:58.432,1.65835,1.65855,0.40,1.90
2007.12.20 11:02:58.877,1.65835,1.65855,0.40,1.90
2007.12.20 11:02:59.168,1.65835,1.6585,0.40,0.30
2007.12.20 11:02:59.395,1.65835,1.6585,0.40,0.30
2007.12.20 11:03:00.111,1.65835,1.6585,0.40,0.30
2007.12.20 11:03:00.418,1.65835,1.6585,0.40,0.30
2007.12.20 11:03:00.940,1.65835,1.6585,0.40,0.30
2007.12.20 11:03:01.139,1.65835,1.6585,0.40,0.30
2007.12.20 11:03:01.363,1.65835,1.65855,0.40,1.90
2007.12.20 11:03:01.673,1.65835,1.6585,0.40,0.30
2007.12.20 11:03:02.221,1.65835,1.6585,0.40,0.60
2007.12.20 11:03:02.479,1.65835,1.65855,0.40,5.80
2007.12.20 11:03:02.737,1.65835,1.65855,0.40,1.90
2007.12.20 11:03:02.996,1.65835,1.6585,0.40,0.30
2007.12.20 11:03:03.253,1.65835,1.6585,0.40,0.30
2007.12.20 11:03:03.481,1.65835,1.6585,0.40,0.80
2007.12.20 11:03:03.709,1.65835,1.6585,0.40,0.60
2007.12.20 11:03:04.155,1.65835,1.65855,0.40,5.80
2007.12.20 11:03:04.393,1.65835,1.65855,0.40,5.80
2007.12.20 11:03:04.689,1.65835,1.6585,0.40,0.80
2007.12.20 11:03:05.411,1.65835,1.6585,0.40,0.90
2007.12.20 11:03:06.450,1.65835,1.6585,0.40,4.20
2007.12.20 11:03:06.710,1.6583,1.65845,21.10,0.30
2007.12.20 11:03:06.924,1.6583,1.65845,16.30,0.30
2007.12.20 11:03:07.169,1.6583,1.65845,16.30,0.30
2007.12.20 11:03:07.382,1.6583,1.65845,16.30,0.30
2007.12.20 11:03:07.929,1.6583,1.65845,14.70,0.30
2007.12.20 11:03:09.127,1.6583,1.65845,14.70,0.30
2007.12.20 11:03:09.360,1.6581,1.6582,22.70,0.30
2007.12.20 11:03:09.523,1.6582,1.6583,5.60,6.40
2007.12.20 11:03:09.687,1.6582,1.6583,5.60,6.40
2007.12.20 11:03:09.850,1.6581,1.6582,18.70,0.30
2007.12.20 11:03:10.014,1.6581,1.6582,18.70,0.30
2007.12.20 11:03:10.177,1.6581,1.6582,18.70,0.30
2007.12.20 11:03:10.340,1.6581,1.6582,18.70,0.30
2007.12.20 11:03:10.643,1.6581,1.6582,18.70,0.30
2007.12.20 11:03:10.946,1.6581,1.6582,18.70,0.30
2007.12.20 11:03:11.249,1.6581,1.6582,18.70,0.30
2007.12.20 11:03:11.553,1.6581,1.6582,18.70,0.30
2007.12.20 11:03:11.889,1.6581,1.6582,18.70,0.30
2007.12.20 11:03:12.581,1.6581,1.6582,18.70,0.30
2007.12.20 11:03:12.780,1.6581,1.6582,18.70,0.30
2007.12.20 11:03:12.978,1.6581,1.6582,18.70,0.30
2007.12.20 11:03:13.177,1.6581,1.6582,18.70,0.30
2007.12.20 11:03:13.438,1.6581,1.6582,18.70,0.30
2007.12.20 11:03:13.671,1.6581,1.6582,18.70,0.30
2007.12.20 11:03:13.916,1.6581,1.6582,18.70,0.30
2007.12.20 11:03:14.167,1.6581,1.6582,18.70,0.30
2007.12.20 11:03:14.400,1.6581,1.6582,14.70,0.30
2007.12.20 11:03:15.100,1.6581,1.6582,14.70,0.30
2007.12.20 11:03:17.387,1.6581,1.6582,14.70,0.30
2007.12.20 11:03:19.042,1.6581,1.6582,14.70,0.30
2007.12.20 11:03:19.185,1.6581,1.6582,14.70,0.30
2007.12.20 11:03:20.805,1.6581,1.6582,18.70,0.30
2007.12.20 11:03:20.928,1.6581,1.6582,18.70,0.30
2007.12.20 11:03:21.420,1.6581,1.6582,18.70,0.30
2007.12.20 11:03:21.828,1.6581,1.6582,18.70,0.30
2007.12.20 11:03:22.358,1.6581,1.6582,18.70,0.30
2007.12.20 11:03:22.753,1.6581,1.6582,14.70,0.30
2007.12.20 11:03:22.932,1.6581,1.6582,14.70,0.30
2007.12.20 11:03:23.179,1.6581,1.6582,14.70,0.30
2007.12.20 11:03:23.510,1.6581,1.6582,14.70,0.30
2007.12.20 11:03:24.129,1.6581,1.6582,14.70,0.30
2007.12.20 11:03:24.369,1.6581,1.6582,10.70,0.30
2007.12.20 11:03:24.606,1.6581,1.6582,10.70,0.30
2007.12.20 11:03:24.845,1.6581,1.6582,10.70,0.30
2007.12.20 11:03:25.164,1.6581,1.6582,10.70,0.30
2007.12.20 11:03:25.365,1.6581,1.6582,14.70,0.30
2007.12.20 11:03:25.558,1.6581,1.6582,14.70,0.30
2007.12.20 11:03:25.751,1.6581,1.6582,14.70,0.30
2007.12.20 11:03:26.110,1.6581,1.6582,14.70,0.30
2007.12.20 11:03:26.412,1.6581,1.6582,14.70,0.30
2007.12.20 11:03:26.624,1.6581,1.6582,14.70,0.30
2007.12.20 11:03:27.323,1.6581,1.6582,14.70,4.20
2007.12.20 11:03:27.522,1.6581,1.6582,10.70,4.20
2007.12.20 11:03:27.720,1.6581,1.6582,10.70,4.20
2007.12.20 11:03:27.968,1.6581,1.6582,10.70,0.30
2007.12.20 11:03:28.216,1.6581,1.6582,10.70,0.30
2007.12.20 11:03:28.464,1.6581,1.6582,18.70,0.30
2007.12.20 11:03:28.713,1.6581,1.6582,18.70,0.30
2007.12.20 11:03:28.963,1.6581,1.6582,18.70,0.30
2007.12.20 11:03:29.186,1.6581,1.6582,18.70,0.30
2007.12.20 11:03:29.518,1.6581,1.6582,18.70,0.30
2007.12.20 11:03:29.928,1.6581,1.6582,18.70,0.30
2007.12.20 11:03:30.140,1.6581,1.6582,18.70,0.30
2007.12.20 11:03:30.354,1.6581,1.6582,18.70,0.30
2007.12.20 11:03:30.683,1.65815,1.65825,0.40,0.30
2007.12.20 11:03:30.892,1.65815,1.65825,0.40,0.30
2007.12.20 11:03:31.090,1.65815,1.65825,0.40,0.30
2007.12.20 11:03:31.288,1.65815,1.65825,0.40,0.30
2007.12.20 11:03:31.485,1.65815,1.65825,0.40,0.30
2007.12.20 11:03:31.684,1.65815,1.65825,0.40,0.30
2007.12.20 11:03:31.882,1.65815,1.65825,0.40,0.30
2007.12.20 11:03:32.423,1.65815,1.65825,0.40,0.30
2007.12.20 11:03:32.684,1.6582,1.65825,4.00,0.30
2007.12.20 11:03:32.838,1.65815,1.65825,0.40,0.30
2007.12.20 11:03:33.131,1.65815,1.65825,0.40,0.30
2007.12.20 11:03:33.424,1.65815,1.65825,0.40,0.30
2007.12.20 11:03:33.717,1.65815,1.65825,0.40,0.30
2007.12.20 11:03:34.010,1.65815,1.65825,0.40,0.30
2007.12.20 11:03:34.222,1.65815,1.65825,0.40,0.30
2007.12.20 11:03:34.640,1.6582,1.65825,4.00,0.30
2007.12.20 11:03:35.103,1.6582,1.65825,4.00,0.30
2007.12.20 11:03:35.301,1.65815,1.65825,0.40,0.30
2007.12.20 11:03:36.684,1.6582,1.6583,0.40,0.30
2007.12.20 11:03:36.888,1.6582,1.6583,8.30,0.30
2007.12.20 11:03:37.091,1.6582,1.6583,8.30,0.30
2007.12.20 11:03:37.380,1.6582,1.6583,8.30,0.30
2007.12.20 11:03:37.890,1.6582,1.6583,8.30,0.30
2007.12.20 11:03:38.101,1.6582,1.6583,8.30,0.30
2007.12.20 11:03:38.413,1.6582,1.6583,8.30,0.30
2007.12.20 11:03:39.131,1.6582,1.6583,8.30,0.30
2007.12.20 11:03:39.440,1.6582,1.6583,8.30,0.30
2007.12.20 11:03:41.941,1.6582,1.6583,8.30,0.30
2007.12.20 11:03:42.156,1.6582,1.6583,8.30,0.30
2007.12.20 11:03:42.404,1.6582,1.6583,8.30,0.30
2007.12.20 11:03:42.674,1.6582,1.6583,8.30,0.30
2007.12.20 11:03:42.922,1.65815,1.65825,0.40,0.30
2007.12.20 11:03:43.171,1.6582,1.6583,0.40,0.30
2007.12.20 11:03:43.365,1.6582,1.6583,0.40,0.30
2007.12.20 11:03:43.559,1.6582,1.6583,0.40,0.30
2007.12.20 11:03:43.751,1.6582,1.6583,0.40,0.30
2007.12.20 11:03:44.018,1.6581,1.6583,32.40,0.30
2007.12.20 11:03:44.122,1.6582,1.6583,0.40,0.30
2007.12.20 11:03:45.353,1.6581,1.6583,32.40,0.30
2007.12.20 11:03:45.661,1.6581,1.6583,32.40,0.30
2007.12.20 11:03:45.862,1.6581,1.6583,32.40,0.30
2007.12.20 11:03:46.175,1.6581,1.6583,32.40,0.30
2007.12.20 11:03:46.598,1.6581,1.6583,32.40,0.30
2007.12.20 11:03:46.909,1.6581,1.6583,32.40,0.30
2007.12.20 11:03:47.425,1.6581,1.6583,32.40,0.30
2007.12.20 11:03:48.170,1.6581,1.6583,32.40,0.30
2007.12.20 11:03:48.403,1.6582,1.6583,0.40,0.30
2007.12.20 11:03:48.637,1.6582,1.6583,0.40,0.30
2007.12.20 11:03:49.096,1.6582,1.6583,0.40,0.30
2007.12.20 11:03:49.407,1.6581,1.6583,32.40,0.30
2007.12.20 11:03:49.630,1.6582,1.6583,0.40,0.30
2007.12.20 11:03:50.646,1.6582,1.6583,0.40,0.30
2007.12.20 11:03:50.871,1.65815,1.6583,4.40,0.30
2007.12.20 11:03:51.178,1.65815,1.6583,4.40,0.30
2007.12.20 11:03:51.895,1.65815,1.6583,4.40,0.30
2007.12.20 11:03:52.175,1.6582,1.6583,0.40,0.30
2007.12.20 11:03:52.453,1.6582,1.6583,0.40,0.30
2007.12.20 11:03:53.366,1.6581,1.6583,32.40,0.30
2007.12.20 11:03:53.964,1.6582,1.6583,0.40,0.30
2007.12.20 11:03:54.213,1.6582,1.6583,0.40,0.30
2007.12.20 11:03:54.462,1.6582,1.6583,0.40,0.30
2007.12.20 11:03:54.711,1.65815,1.6583,4.40,0.30
2007.12.20 11:03:54.914,1.6583,1.6585,0.60,21.60
2007.12.20 11:03:55.117,1.6583,1.6584,1.00,0.30
2007.12.20 11:03:55.321,1.6583,1.6584,1.60,0.30
2007.12.20 11:03:55.524,1.6583,1.6584,8.30,0.30
2007.12.20 11:03:55.783,1.6583,1.6584,1.30,0.30
2007.12.20 11:03:56.042,1.6583,1.6585,3.00,1.60
2007.12.20 11:03:56.301,1.6583,1.6585,4.90,3.20
2007.12.20 11:03:56.558,1.6583,1.6585,6.40,3.20
2007.12.20 11:03:56.747,1.6583,1.6585,4.20,3.20
2007.12.20 11:03:56.930,1.6583,1.6585,7.00,3.20
2007.12.20 11:03:57.165,1.6583,1.6585,4.70,5.60
2007.12.20 11:03:57.350,1.6582,1.6584,4.40,0.30
2007.12.20 11:03:57.532,1.6581,1.6584,34.00,0.30
2007.12.20 11:03:57.898,1.6581,1.6584,34.00,0.30
2007.12.20 11:03:58.112,1.65825,1.6584,0.40,0.30
2007.12.20 11:03:58.325,1.65825,1.6584,0.40,0.30
2007.12.20 11:03:58.647,1.6581,1.6584,34.00,0.30
2007.12.20 11:03:59.155,1.6581,1.6584,34.00,0.30
2007.12.20 11:03:59.693,1.6581,1.6584,34.00,0.30
2007.12.20 11:03:59.890,1.6582,1.65845,16.40,0.30
2007.12.20 11:04:00.108,1.6583,1.65845,0.40,0.30
2007.12.20 11:04:00.316,1.6583,1.65845,0.40,0.30
2007.12.20 11:04:00.619,1.6583,1.65845,0.40,0.30
2007.12.20 11:04:00.855,1.6583,1.65845,0.40,0.30
2007.12.20 11:04:01.119,1.6583,1.65845,0.40,0.30
2007.12.20 11:04:02.360,1.6582,1.65845,28.40,0.30
2007.12.20 11:04:02.663,1.6582,1.65845,28.40,0.30
2007.12.20 11:04:02.941,1.6582,1.65845,28.40,0.30
2007.12.20 11:04:03.220,1.6583,1.65845,0.40,0.30
2007.12.20 11:04:03.498,1.6582,1.65845,32.30,0.30
2007.12.20 11:04:03.777,1.6582,1.65845,28.40,0.30
2007.12.20 11:04:04.020,1.6583,1.65845,0.40,0.30
2007.12.20 11:04:04.263,1.6582,1.65845,28.40,0.30
2007.12.20 11:04:04.506,1.6582,1.65845,44.30,0.30
2007.12.20 11:04:04.837,1.6582,1.65845,44.30,0.30
2007.12.20 11:04:05.045,1.6583,1.65845,2.40,0.30
2007.12.20 11:04:05.253,1.6582,1.65845,44.30,0.30
2007.12.20 11:04:05.461,1.6582,1.65845,44.30,0.30
2007.12.20 11:04:05.717,1.6582,1.65845,40.30,0.30
2007.12.20 11:04:05.925,1.6582,1.65845,32.40,0.30
2007.12.20 11:04:06.199,1.6583,1.65845,0.40,0.30
2007.12.20 11:04:06.347,1.6582,1.65845,28.40,0.30
2007.12.20 11:04:06.496,1.6582,1.65845,28.40,0.30
2007.12.20 11:04:06.934,1.6582,1.65845,28.40,0.30
2007.12.20 11:04:07.268,1.6582,1.65845,28.40,0.30
2007.12.20 11:04:07.600,1.6583,1.65845,0.40,0.30
2007.12.20 11:04:07.933,1.6582,1.65845,40.30,0.30
2007.12.20 11:04:08.177,1.6582,1.65845,40.30,0.30
2007.12.20 11:04:08.410,1.6583,1.65845,1.80,0.30
2007.12.20 11:04:08.578,1.6582,1.65845,44.30,0.30
2007.12.20 11:04:08.745,1.6583,1.65845,1.90,0.30
2007.12.20 11:04:09.113,1.6582,1.65845,44.30,0.30
2007.12.20 11:04:09.619,1.6582,1.65845,44.30,0.30
2007.12.20 11:04:10.139,1.6582,1.65845,44.30,0.30
2007.12.20 11:04:10.331,1.6582,1.65845,40.30,0.30
2007.12.20 11:04:10.524,1.6583,1.65845,1.10,0.30
2007.12.20 11:04:10.717,1.6583,1.65845,2.50,0.30
2007.12.20 11:04:11.399,1.6583,1.65845,2.10,0.30
2007.12.20 11:04:11.798,1.6582,1.65845,40.30,0.30
2007.12.20 11:04:12.006,1.6583,1.65845,1.90,0.30
2007.12.20 11:04:12.165,1.6582,1.65845,40.30,0.30
2007.12.20 11:04:12.323,1.65835,1.65845,20.00,0.30
2007.12.20 11:04:12.481,1.65835,1.65845,20.00,0.30
2007.12.20 11:04:12.640,1.65835,1.65845,20.00,0.30
2007.12.20 11:04:12.799,1.6584,1.65845,2.50,0.30
2007.12.20 11:04:12.966,1.65835,1.65845,21.60,0.30
2007.12.20 11:04:13.149,1.6584,1.65845,24.00,0.30
2007.12.20 11:04:13.332,1.6584,1.65845,26.40,0.30
2007.12.20 11:04:13.927,1.6584,1.65845,26.40,0.30
2007.12.20 11:04:14.156,1.6584,1.65845,30.40,0.30
2007.12.20 11:04:14.968,1.6584,1.65845,30.40,0.30
2007.12.20 11:04:15.156,1.6584,1.65845,30.40,0.30
2007.12.20 11:04:15.700,1.6586,1.65865,0.40,1.60
2007.12.20 11:04:15.875,1.6586,1.65865,0.40,0.80
2007.12.20 11:04:16.048,1.6586,1.6587,0.40,16.00
2007.12.20 11:04:16.288,1.6586,1.6587,0.40,16.00
2007.12.20 11:04:16.515,1.6586,1.6587,0.40,12.00
2007.12.20 11:04:16.744,1.6586,1.6587,0.40,12.00
2007.12.20 11:04:16.972,1.6586,1.6587,0.40,12.00
2007.12.20 11:04:17.201,1.6586,1.6587,0.40,12.00
2007.12.20 11:04:17.424,1.6586,1.6587,0.40,12.00
2007.12.20 11:04:17.687,1.6586,1.65875,0.40,5.80
2007.12.20 11:04:17.910,1.6586,1.65875,0.40,9.80
2007.12.20 11:04:18.177,1.6586,1.65875,0.40,9.80
2007.12.20 11:04:19.148,1.6586,1.65875,0.40,9.80
2007.12.20 11:04:19.204,1.6586,1.65875,0.40,9.80
2007.12.20 11:04:19.356,1.6586,1.65875,0.40,9.80
2007.12.20 11:04:19.664,1.6586,1.65875,0.40,9.80
2007.12.20 11:04:19.871,1.6586,1.65875,0.40,9.80
2007.12.20 11:04:20.179,1.6585,1.65875,30.80,9.80
2007.12.20 11:04:20.444,1.6586,1.65875,0.40,9.80
2007.12.20 11:04:20.707,1.6586,1.6587,0.40,10.40
2007.12.20 11:04:20.971,1.6586,1.6587,0.40,32.80
2007.12.20 11:04:21.234,1.6585,1.65865,1.90,0.30
2007.12.20 11:04:21.487,1.6585,1.65865,1.90,0.30
2007.12.20 11:04:21.745,1.6585,1.65865,13.90,0.30
2007.12.20 11:04:21.999,1.6585,1.65865,12.30,0.30
2007.12.20 11:04:22.257,1.6585,1.65865,16.30,0.30
2007.12.20 11:04:22.521,1.6585,1.65865,16.30,0.30
2007.12.20 11:04:22.784,1.6586,1.6587,4.00,10.60
2007.12.20 11:04:23.096,1.6586,1.6587,4.00,10.60
2007.12.20 11:04:23.359,1.6586,1.6587,8.00,0.30
2007.12.20 11:04:23.603,1.6586,1.6587,8.00,0.30
2007.12.20 11:04:23.847,1.6586,1.6587,8.00,0.30
2007.12.20 11:04:24.090,1.6586,1.6587,8.00,0.30
2007.12.20 11:04:24.335,1.6586,1.65875,9.10,4.20
2007.12.20 11:04:24.593,1.6586,1.65875,9.90,4.20
2007.12.20 11:04:24.851,1.6586,1.65875,5.90,4.20
2007.12.20 11:04:25.109,1.6586,1.65875,5.10,4.20
2007.12.20 11:04:25.367,1.65855,1.6587,0.40,4.20
2007.12.20 11:04:25.605,1.65855,1.6587,0.40,8.20
2007.12.20 11:04:26.091,1.65855,1.6587,0.40,8.20
2007.12.20 11:04:26.414,1.65855,1.6587,0.40,8.20
2007.12.20 11:04:26.699,1.65855,1.6587,0.40,8.20
2007.12.20 11:04:26.888,1.6587,1.65875,4.00,4.00
2007.12.20 11:04:27.076,1.6587,1.6588,4.00,5.60
2007.12.20 11:04:27.264,1.6587,1.6588,4.00,1.60
2007.12.20 11:04:27.452,1.6587,1.6588,4.00,1.60
2007.12.20 11:04:27.695,1.6587,1.6588,4.00,1.60
2007.12.20 11:04:27.939,1.6587,1.65885,4.00,9.60
2007.12.20 11:04:28.183,1.6587,1.65885,4.00,5.60
2007.12.20 11:04:28.426,1.6587,1.65885,4.00,5.60
2007.12.20 11:04:28.880,1.6587,1.65885,4.00,5.60
2007.12.20 11:04:29.032,1.6587,1.65885,4.00,5.60
2007.12.20 11:04:29.184,1.6587,1.65885,4.00,5.60
2007.12.20 11:04:29.338,1.6587,1.6589,18.40,16.80
2007.12.20 11:04:29.490,1.6587,1.6589,18.40,16.80
2007.12.20 11:04:29.804,1.6587,1.6589,8.00,27.20
2007.12.20 11:04:30.119,1.6587,1.6588,4.00,0.30
2007.12.20 11:04:30.432,1.6586,1.65875,9.90,0.30
2007.12.20 11:04:30.651,1.6586,1.65875,9.90,0.30
2007.12.20 11:04:30.859,1.6586,1.65875,16.30,0.30
2007.12.20 11:04:31.067,1.6586,1.65875,20.30,0.30
2007.12.20 11:04:31.276,1.65865,1.6588,0.40,5.80
2007.12.20 11:04:31.485,1.65865,1.6588,0.40,9.80
2007.12.20 11:04:31.743,1.65865,1.6588,0.40,9.80
2007.12.20 11:04:32.001,1.65865,1.6588,0.40,9.80
2007.12.20 11:04:32.114,1.65865,1.6588,0.40,0.60
2007.12.20 11:04:32.259,1.6587,1.6588,4.00,0.50
2007.12.20 11:04:32.518,1.6587,1.65885,4.00,9.90
2007.12.20 11:04:32.750,1.6587,1.65885,4.00,9.90
2007.12.20 11:04:32.984,1.65865,1.6588,0.40,0.70
2007.12.20 11:04:33.216,1.65865,1.65885,0.40,13.80
2007.12.20 11:04:33.450,1.65865,1.65885,0.40,13.80
2007.12.20 11:04:33.683,1.65865,1.6588,0.40,0.60
2007.12.20 11:04:34.072,1.65865,1.6588,0.40,0.80
2007.12.20 11:04:34.904,1.65865,1.65885,0.40,13.80
2007.12.20 11:04:35.131,1.65865,1.6588,0.40,0.50
2007.12.20 11:04:35.299,1.6586,1.6588,18.70,9.90
2007.12.20 11:04:35.463,1.6586,1.6588,10.70,9.90
2007.12.20 11:04:35.625,1.6586,1.6588,8.30,20.30
2007.12.20 11:04:35.910,1.6586,1.65875,0.40,0.30
2007.12.20 11:04:36.183,1.6586,1.65875,0.40,0.30
2007.12.20 11:04:36.456,1.6585,1.6586,1.60,0.80
2007.12.20 11:04:36.730,1.6585,1.6586,1.60,0.60
2007.12.20 11:04:36.992,1.65855,1.6586,0.40,0.90
2007.12.20 11:04:37.256,1.6585,1.6586,1.60,0.50
2007.12.20 11:04:37.529,1.6585,1.6586,1.60,0.60
2007.12.20 11:04:37.758,1.6585,1.6586,1.60,0.80
2007.12.20 11:04:37.998,1.65835,1.6587,4.00,0.80
2007.12.20 11:04:38.236,1.6583,1.65875,8.30,32.00
2007.12.20 11:04:38.475,1.6583,1.6586,20.30,21.60
2007.12.20 11:04:38.773,1.6583,1.6586,24.30,21.60
2007.12.20 11:04:39.073,1.6583,1.6587,32.30,0.70
2007.12.20 11:04:39.371,1.6584,1.6588,1.60,45.60
2007.12.20 11:04:39.670,1.6584,1.6588,1.60,45.60
2007.12.20 11:04:39.938,1.6584,1.65865,1.60,0.90
2007.12.20 11:04:40.207,1.6584,1.65865,1.60,0.90
2007.12.20 11:04:40.474,1.6584,1.65855,1.60,0.60
2007.12.20 11:04:40.743,1.6584,1.6586,1.60,19.20
2007.12.20 11:04:41.042,1.6584,1.6586,1.90,28.20
2007.12.20 11:04:41.340,1.6584,1.6586,1.90,38.60
2007.12.20 11:04:41.639,1.6584,1.65855,1.90,0.90
2007.12.20 11:04:41.887,1.6584,1.6586,0.40,38.60
2007.12.20 11:04:42.136,1.6584,1.65855,0.40,0.60
2007.12.20 11:04:42.431,1.6584,1.65855,0.40,0.70
2007.12.20 11:04:42.678,1.6584,1.6586,0.40,38.60
2007.12.20 11:04:42.947,1.6584,1.65855,0.40,1.10
2007.12.20 11:04:43.216,1.65835,1.65845,0.40,0.30
2007.12.20 11:04:43.485,1.65835,1.65845,0.40,0.30
2007.12.20 11:04:43.754,1.6583,1.6586,1.60,0.90
2007.12.20 11:04:44.014,1.6583,1.65865,16.00,11.20
2007.12.20 11:04:44.272,1.6583,1.6586,16.00,0.90
2007.12.20 11:04:44.529,1.6583,1.6586,16.00,0.50
2007.12.20 11:04:44.787,1.6583,1.6587,16.00,10.00
2007.12.20 11:04:45.094,1.6583,1.6587,16.00,10.00
2007.12.20 11:04:45.361,1.6584,1.6586,16.00,0.80
2007.12.20 11:04:45.639,1.6584,1.6586,16.00,0.50
2007.12.20 11:04:45.917,1.6583,1.6588,20.00,37.80
2007.12.20 11:04:46.140,1.6583,1.6586,16.00,0.60
2007.12.20 11:04:46.364,1.6583,1.6586,16.00,0.50
2007.12.20 11:04:46.587,1.6583,1.6586,16.00,0.80
2007.12.20 11:04:46.811,1.6583,1.6587,16.00,27.20
2007.12.20 11:04:47.161,1.6583,1.6586,16.00,0.90
2007.12.20 11:04:47.465,1.65835,1.65845,0.40,0.30
2007.12.20 11:04:47.748,1.65835,1.65845,0.40,0.30
2007.12.20 11:04:48.039,1.65835,1.65845,0.40,0.30
2007.12.20 11:04:48.287,1.65835,1.65845,0.40,0.30
2007.12.20 11:04:48.535,1.65835,1.65845,0.40,0.30
2007.12.20 11:04:49.100,1.65835,1.65845,0.40,0.30
2007.12.20 11:04:49.319,1.65835,1.6585,0.40,8.30
2007.12.20 11:04:49.536,1.65835,1.6585,0.40,13.90
2007.12.20 11:04:49.755,1.65835,1.65845,0.40,0.30
2007.12.20 11:04:50.025,1.65835,1.65845,0.40,0.30
2007.12.20 11:04:50.293,1.65845,1.6585,0.40,0.80
2007.12.20 11:04:50.562,1.65845,1.6586,0.40,27.40
2007.12.20 11:04:50.832,1.6584,1.65855,0.40,0.30
2007.12.20 11:04:51.080,1.6584,1.6586,0.40,5.90
2007.12.20 11:04:51.328,1.6584,1.65865,0.40,5.90
2007.12.20 11:04:51.575,1.6584,1.65865,0.40,5.90
2007.12.20 11:04:51.824,1.6584,1.65855,0.40,0.30
2007.12.20 11:04:52.068,1.6584,1.65865,0.40,4.30
2007.12.20 11:04:52.311,1.6583,1.65865,36.00,0.90
2007.12.20 11:04:52.553,1.6583,1.65865,32.00,0.50
2007.12.20 11:04:52.796,1.6583,1.65865,32.00,0.60
2007.12.20 11:04:53.039,1.6584,1.6587,1.60,25.60
2007.12.20 11:04:53.277,1.6584,1.6587,1.60,29.60
2007.12.20 11:04:53.516,1.6584,1.6586,5.60,0.60
2007.12.20 11:04:53.757,1.65855,1.6586,0.40,0.70
2007.12.20 11:04:53.995,1.65855,1.65865,0.40,0.80
2007.12.20 11:04:54.274,1.6585,1.6587,10.70,26.60
2007.12.20 11:04:54.553,1.6585,1.65865,10.70,9.80
2007.12.20 11:04:54.831,1.6585,1.6587,0.40,26.60
2007.12.20 11:04:55.110,1.6585,1.6587,0.40,33.80
2007.12.20 11:04:55.349,1.6585,1.6587,0.40,38.60
2007.12.20 11:04:55.587,1.6585,1.65865,0.40,9.80
2007.12.20 11:04:55.824,1.6585,1.6587,0.40,41.00
2007.12.20 11:04:56.063,1.6585,1.65865,0.40,0.70
2007.12.20 11:04:56.320,1.6584,1.65855,24.30,4.30
2007.12.20 11:04:56.578,1.6584,1.65855,20.30,9.90
2007.12.20 11:04:56.837,1.6584,1.6585,5.90,0.80
2007.12.20 11:04:57.095,1.6584,1.65865,0.40,5.90
2007.12.20 11:04:57.328,1.6584,1.65855,0.40,0.30
2007.12.20 11:04:57.561,1.6584,1.65865,0.40,6.70
2007.12.20 11:04:57.795,1.6585,1.65855,1.60,0.30
2007.12.20 11:04:58.028,1.65865,1.65875,0.40,9.60
2007.12.20 11:04:58.312,1.65865,1.6587,0.40,0.90
2007.12.20 11:04:58.596,1.65865,1.6587,0.40,0.90
2007.12.20 11:04:58.879,1.65865,1.6588,0.40,0.30
2007.12.20 11:04:59.170,1.65865,1.65885,0.40,10.70
2007.12.20 11:04:59.388,1.65865,1.65885,0.40,10.70
2007.12.20 11:04:59.606,1.65865,1.65885,0.40,10.70
2007.12.20 11:04:59.828,1.6587,1.65885,4.00,10.70
2007.12.20 11:05:00.046,1.6587,1.6588,4.00,0.30
2007.12.20 11:05:00.269,1.6587,1.6588,4.00,0.30
2007.12.20 11:05:01.200,1.65865,1.6588,0.40,0.30
2007.12.20 11:05:02.157,1.65865,1.6588,0.40,0.30
2007.12.20 11:05:02.362,1.65865,1.6588,0.40,0.30
2007.12.20 11:05:02.525,1.65865,1.6588,0.40,0.30
2007.12.20 11:05:02.698,1.65865,1.6588,0.40,0.30
2007.12.20 11:05:02.882,1.65865,1.6588,0.40,0.30
2007.12.20 11:05:03.084,1.65865,1.6588,0.40,0.30
2007.12.20 11:05:03.411,1.65865,1.6588,0.40,0.30
2007.12.20 11:05:03.739,1.65865,1.6588,0.40,0.30
2007.12.20 11:05:04.068,1.65865,1.6588,0.40,0.30
2007.12.20 11:05:05.162,1.65865,1.6588,0.40,0.30
2007.12.20 11:05:05.449,1.65865,1.6588,0.40,0.30
2007.12.20 11:05:05.737,1.65865,1.6588,0.40,4.20
2007.12.20 11:05:06.025,1.65865,1.6588,0.40,4.20
2007.12.20 11:05:06.313,1.65865,1.6588,0.40,0.30
2007.12.20 11:05:06.542,1.65865,1.6588,0.40,0.30
2007.12.20 11:05:06.769,1.65865,1.6588,0.40,0.30
2007.12.20 11:05:06.997,1.65865,1.6588,0.40,0.30
2007.12.20 11:05:07.225,1.65865,1.6588,0.40,0.30
2007.12.20 11:05:07.650,1.65865,1.6588,0.40,9.80
2007.12.20 11:05:07.849,1.6586,1.65865,13.60,0.30
2007.12.20 11:05:08.049,1.6586,1.65865,1.60,0.30
2007.12.20 11:05:08.247,1.6586,1.6587,1.60,0.30
2007.12.20 11:05:08.505,1.6586,1.6587,1.60,0.30
2007.12.20 11:05:08.763,1.6586,1.6587,1.60,0.30
2007.12.20 11:05:09.021,1.65855,1.6587,0.40,0.30
2007.12.20 11:05:09.280,1.6585,1.65865,5.90,0.30
2007.12.20 11:05:09.492,1.6585,1.65865,5.90,0.30
2007.12.20 11:05:09.706,1.6585,1.65865,5.90,0.30
2007.12.20 11:05:09.920,1.6585,1.65865,0.40,0.30
2007.12.20 11:05:10.145,1.6585,1.65865,0.40,0.30
2007.12.20 11:05:10.348,1.6585,1.65865,16.30,0.30
2007.12.20 11:05:10.633,1.6585,1.65865,20.30,0.30
2007.12.20 11:05:10.916,1.6585,1.65865,20.30,0.30
2007.12.20 11:05:11.200,1.6585,1.65865,20.30,0.30
2007.12.20 11:05:11.484,1.6585,1.65865,20.30,0.30
2007.12.20 11:05:11.733,1.6585,1.65865,20.30,0.30
2007.12.20 11:05:11.982,1.6585,1.65865,8.30,0.30
2007.12.20 11:05:12.231,1.6585,1.65855,4.00,0.30
2007.12.20 11:05:12.479,1.65845,1.65855,0.80,0.30
2007.12.20 11:05:12.738,1.6584,1.65855,33.90,0.30
2007.12.20 11:05:12.997,1.6586,1.65865,8.00,0.30
2007.12.20 11:05:13.255,1.6586,1.6587,18.40,1.80
2007.12.20 11:05:13.513,1.6586,1.6587,18.70,1.60
2007.12.20 11:05:13.786,1.6586,1.65875,18.70,0.30
2007.12.20 11:05:14.060,1.6586,1.65875,18.70,0.30
2007.12.20 11:05:14.332,1.6586,1.65875,18.70,0.30
2007.12.20 11:05:14.550,1.6586,1.65875,18.70,0.30
2007.12.20 11:05:14.901,1.6586,1.65875,18.70,0.30
2007.12.20 11:05:15.120,1.6587,1.65875,4.00,0.30
2007.12.20 11:05:15.508,1.6586,1.65875,18.70,0.30
2007.12.20 11:05:15.840,1.6586,1.65875,18.70,0.30
2007.12.20 11:05:16.153,1.6586,1.65875,18.70,0.30
2007.12.20 11:05:16.416,1.6586,1.65875,18.70,0.30
2007.12.20 11:05:17.094,1.6586,1.65875,18.70,0.30
2007.12.20 11:05:17.611,1.6586,1.65875,18.70,0.30
2007.12.20 11:05:18.347,1.6586,1.65875,18.70,0.30
2007.12.20 11:05:18.631,1.6586,1.65875,10.70,0.30
2007.12.20 11:05:18.815,1.6586,1.6587,4.00,0.30
2007.12.20 11:05:18.998,1.6586,1.6587,4.00,0.30
2007.12.20 11:05:19.181,1.6586,1.65875,4.30,6.60
2007.12.20 11:05:19.364,1.6586,1.65875,18.70,0.30
2007.12.20 11:05:19.547,1.6586,1.65875,18.70,0.30
2007.12.20 11:05:19.835,1.6586,1.65875,18.70,0.30
2007.12.20 11:05:20.122,1.6586,1.65875,18.70,0.30
2007.12.20 11:05:20.411,1.6586,1.65875,18.70,0.30
2007.12.20 11:05:21.326,1.6586,1.65875,18.70,0.30
2007.12.20 11:05:21.764,1.65865,1.6588,0.40,10.60
2007.12.20 11:05:22.022,1.65865,1.6588,0.40,0.30
2007.12.20 11:05:22.282,1.6587,1.6588,4.00,0.30
2007.12.20 11:05:22.540,1.6587,1.6588,4.00,0.30
2007.12.20 11:05:22.866,1.6587,1.6588,4.00,0.30
2007.12.20 11:05:23.119,1.6587,1.6588,4.00,0.30
2007.12.20 11:05:23.694,1.6587,1.6588,4.00,0.30
2007.12.20 11:05:23.905,1.6587,1.6588,4.00,0.30
2007.12.20 11:05:24.112,1.6587,1.6588,4.00,0.30
2007.12.20 11:05:24.319,1.6587,1.6588,4.00,0.30
2007.12.20 11:05:24.529,1.6587,1.6588,4.00,0.30
2007.12.20 11:05:24.736,1.6587,1.6588,4.00,0.30
2007.12.20 11:05:25.031,1.65865,1.6588,0.40,0.30
2007.12.20 11:05:25.334,1.65865,1.6588,0.40,0.30
2007.12.20 11:05:25.616,1.65865,1.6588,0.40,0.30
2007.12.20 11:05:26.081,1.65865,1.6588,0.40,0.30
2007.12.20 11:05:26.397,1.65865,1.6588,0.40,0.30
2007.12.20 11:05:27.000,1.65865,1.6588,0.40,0.30
2007.12.20 11:05:27.262,1.65865,1.6588,0.40,0.30
2007.12.20 11:05:27.526,1.65865,1.6588,0.40,0.30
2007.12.20 11:05:27.789,1.65875,1.6589,0.40,4.20
2007.12.20 11:05:28.022,1.65875,1.6589,0.40,4.20
2007.12.20 11:05:28.255,1.65875,1.6589,0.40,8.20
2007.12.20 11:05:28.497,1.65875,1.6589,0.40,4.20
2007.12.20 11:05:28.720,1.65875,1.6589,0.40,4.20
2007.12.20 11:05:28.919,1.65875,1.6589,0.40,12.20
2007.12.20 11:05:29.118,1.65875,1.6589,0.40,22.60
2007.12.20 11:05:29.318,1.65875,1.6589,0.40,12.20
2007.12.20 11:05:29.622,1.65875,1.6589,0.40,12.20
2007.12.20 11:05:29.820,1.65875,1.6589,0.40,4.20
2007.12.20 11:05:30.099,1.65875,1.6589,0.40,0.30
2007.12.20 11:05:30.379,1.65875,1.6589,0.40,0.30
2007.12.20 11:05:31.090,1.65875,1.6589,0.40,0.30
2007.12.20 11:05:31.413,1.65875,1.6589,0.40,0.30
2007.12.20 11:05:31.877,1.65875,1.6589,0.40,0.30
2007.12.20 11:05:32.115,1.65875,1.6589,0.40,0.30
2007.12.20 11:05:32.411,1.65875,1.6589,0.40,0.30
2007.12.20 11:05:33.114,1.65875,1.6589,0.40,0.30
2007.12.20 11:05:33.302,1.65875,1.6589,0.40,0.30
2007.12.20 11:05:34.157,1.65875,1.6589,0.40,0.30
2007.12.20 11:05:35.389,1.65875,1.6589,0.40,0.30
2007.12.20 11:05:36.121,1.65875,1.6589,0.40,0.30
2007.12.20 11:05:36.339,1.65875,1.6589,0.40,0.30
2007.12.20 11:05:36.833,1.65875,1.6589,0.40,0.30
2007.12.20 11:05:37.155,1.65875,1.6589,0.40,0.30
2007.12.20 11:05:37.403,1.6588,1.6589,4.00,0.30
2007.12.20 11:05:37.988,1.6588,1.6589,4.00,0.30
2007.12.20 11:05:38.264,1.6588,1.6589,2.30,0.30
2007.12.20 11:05:38.416,1.6588,1.6589,4.00,0.30
2007.12.20 11:05:38.627,1.6588,1.6589,4.00,0.30
2007.12.20 11:05:38.830,1.6588,1.6589,2.40,0.30
2007.12.20 11:05:39.033,1.6588,1.6589,10.40,0.30
2007.12.20 11:05:39.366,1.65875,1.6589,0.40,0.30
2007.12.20 11:05:39.699,1.65875,1.6589,0.40,0.30
2007.12.20 11:05:40.033,1.65875,1.6589,0.40,0.30
2007.12.20 11:05:40.255,1.65875,1.6589,0.40,10.60
2007.12.20 11:05:40.478,1.65875,1.6589,0.40,10.60
2007.12.20 11:05:40.702,1.65875,1.6589,0.40,8.20
2007.12.20 11:05:40.924,1.65875,1.6589,0.40,0.30
2007.12.20 11:05:41.148,1.65875,1.6589,0.40,0.30
2007.12.20 11:05:41.405,1.65875,1.6589,0.40,0.30
2007.12.20 11:05:41.863,1.65875,1.6589,0.40,0.30
2007.12.20 11:05:42.122,1.65875,1.6589,0.40,0.30
2007.12.20 11:05:42.365,1.6588,1.6589,10.40,0.30
2007.12.20 11:05:42.609,1.6588,1.6589,10.40,0.30
2007.12.20 11:05:42.852,1.65875,1.6589,0.40,0.30
2007.12.20 11:05:43.096,1.65875,1.6589,0.40,0.30
2007.12.20 11:05:43.343,1.65875,1.6589,0.40,0.30
2007.12.20 11:05:43.751,1.65875,1.6588,0.40,12.00
2007.12.20 11:05:43.990,1.6587,1.65875,16.00,4.00
2007.12.20 11:05:44.228,1.6587,1.65875,5.60,4.00
2007.12.20 11:05:44.457,1.6587,1.65875,1.60,4.00
2007.12.20 11:05:44.685,1.6587,1.65875,1.60,4.00
2007.12.20 11:05:44.912,1.65875,1.6588,0.40,11.20
2007.12.20 11:05:45.141,1.6586,1.6587,18.80,0.30
2007.12.20 11:05:45.361,1.6587,1.65875,4.00,4.00
2007.12.20 11:05:45.582,1.6587,1.6589,4.00,24.00
2007.12.20 11:05:45.800,1.6586,1.6587,22.00,0.30
2007.12.20 11:05:46.020,1.6586,1.6587,14.00,0.30
2007.12.20 11:05:46.297,1.6586,1.6587,2.00,0.30
2007.12.20 11:05:46.576,1.6586,1.6587,2.00,0.30
2007.12.20 11:05:46.854,1.6586,1.6587,6.00,0.30
2007.12.20 11:05:47.133,1.6586,1.6587,4.40,0.30
2007.12.20 11:05:47.356,1.6586,1.6587,4.40,0.30
2007.12.20 11:05:47.639,1.6586,1.6587,4.40,0.30
2007.12.20 11:05:48.063,1.6586,1.6587,4.40,0.30
2007.12.20 11:05:48.361,1.6586,1.6587,4.40,0.30
2007.12.20 11:05:49.101,1.6586,1.6587,4.40,0.30
2007.12.20 11:05:50.312,1.6586,1.6587,4.40,0.30
2007.12.20 11:05:50.706,1.6586,1.6587,4.40,1.80
2007.12.20 11:05:50.869,1.6586,1.6587,0.50,12.20
2007.12.20 11:05:51.032,1.6585,1.65855,1.60,4.00
2007.12.20 11:05:51.196,1.6585,1.65855,1.60,4.00
2007.12.20 11:05:51.464,1.6585,1.65855,1.60,4.00
2007.12.20 11:05:51.869,1.6585,1.65855,1.60,4.00
2007.12.20 11:05:52.137,1.6585,1.65855,1.60,4.00
2007.12.20 11:05:53.094,1.6585,1.65855,1.60,4.00
2007.12.20 11:05:53.323,1.6585,1.65855,1.60,4.00
2007.12.20 11:05:53.616,1.6585,1.65855,1.60,4.00
2007.12.20 11:05:53.827,1.6585,1.65855,1.60,4.00
2007.12.20 11:05:54.349,1.6585,1.65855,1.60,4.00
2007.12.20 11:05:54.850,1.6584,1.6585,8.00,0.30
2007.12.20 11:05:55.113,1.6584,1.6585,8.00,0.30
2007.12.20 11:05:55.377,1.6584,1.6585,4.00,0.30
2007.12.20 11:05:55.606,1.6584,1.6585,4.00,0.30
2007.12.20 11:05:55.905,1.6584,1.6585,4.00,0.30
2007.12.20 11:05:56.134,1.65835,1.6585,0.40,0.30
2007.12.20 11:05:57.167,1.65835,1.6585,0.40,0.30
2007.12.20 11:05:57.456,1.6584,1.6585,4.00,0.30
2007.12.20 11:05:57.684,1.6584,1.6585,4.00,0.30
2007.12.20 11:05:57.912,1.6584,1.6585,4.00,0.30
2007.12.20 11:05:58.151,1.6584,1.6585,4.00,0.30
2007.12.20 11:05:58.417,1.6584,1.6585,4.00,0.30
2007.12.20 11:05:58.688,1.65835,1.6585,0.40,0.30
2007.12.20 11:05:58.950,1.65835,1.6585,0.40,0.30
2007.12.20 11:05:59.213,1.65835,1.6585,0.40,0.30
2007.12.20 11:05:59.477,1.6584,1.6585,4.00,0.30
2007.12.20 11:05:59.723,1.65835,1.6585,0.40,2.60
2007.12.20 11:05:59.956,1.6583,1.6584,9.60,0.30
2007.12.20 11:06:00.189,1.6583,1.6584,5.60,0.30
2007.12.20 11:06:00.422,1.6583,1.6584,5.60,0.30
2007.12.20 11:06:00.826,1.6583,1.6584,5.60,0.30
2007.12.20 11:06:01.060,1.6583,1.6584,4.00,0.30
2007.12.20 11:06:01.293,1.6583,1.6584,4.00,0.30
2007.12.20 11:06:01.526,1.6583,1.6584,4.00,0.30
2007.12.20 11:06:01.779,1.6583,1.6584,14.40,0.30
2007.12.20 11:06:02.013,1.6583,1.6584,18.40,0.30
2007.12.20 11:06:02.256,1.6583,1.6584,8.00,0.30
2007.12.20 11:06:02.500,1.6583,1.6584,4.00,0.30
2007.12.20 11:06:02.717,1.6583,1.6584,6.40,0.30
2007.12.20 11:06:02.936,1.65835,1.6585,0.40,0.30
2007.12.20 11:06:03.155,1.65835,1.6585,0.40,0.30
2007.12.20 11:06:03.374,1.6583,1.65845,12.30,0.30
2007.12.20 11:06:03.592,1.6583,1.65845,12.30,0.30
2007.12.20 11:06:03.825,1.6583,1.65845,8.30,0.30
2007.12.20 11:06:04.124,1.6583,1.65845,8.30,0.30
2007.12.20 11:06:04.357,1.6583,1.65845,8.30,0.30
2007.12.20 11:06:05.024,1.6583,1.65845,8.30,0.30
2007.12.20 11:06:05.238,1.6583,1.65845,8.30,0.30
2007.12.20 11:06:05.451,1.6583,1.65845,8.30,0.30
2007.12.20 11:06:05.665,1.6583,1.6584,8.00,0.30
2007.12.20 11:06:05.972,1.6583,1.65845,8.30,0.30
2007.12.20 11:06:06.150,1.6583,1.65845,8.30,0.30
2007.12.20 11:06:06.338,1.6583,1.65845,8.30,0.30
2007.12.20 11:06:06.506,1.6583,1.65845,8.30,0.30
2007.12.20 11:06:06.974,1.6583,1.65845,9.10,0.30
2007.12.20 11:06:07.283,1.6584,1.6585,4.00,0.30
2007.12.20 11:06:07.591,1.6584,1.6585,4.00,0.30
2007.12.20 11:06:07.769,1.6584,1.6585,4.00,0.30
2007.12.20 11:06:08.086,1.6584,1.6585,4.00,0.30
2007.12.20 11:06:08.264,1.6584,1.6585,4.00,0.30
2007.12.20 11:06:08.460,1.6584,1.6585,4.00,0.30
2007.12.20 11:06:09.381,1.6584,1.6585,4.00,0.30
2007.12.20 11:06:09.682,1.6584,1.6585,6.40,0.30
2007.12.20 11:06:09.840,1.6585,1.6586,8.00,0.30
2007.12.20 11:06:09.998,1.6585,1.6586,8.00,0.30
2007.12.20 11:06:10.157,1.6585,1.65865,8.30,0.30
2007.12.20 11:06:10.318,1.6585,1.65865,12.30,0.30
2007.12.20 11:06:10.475,1.6585,1.65865,12.30,0.30
2007.12.20 11:06:10.821,1.6585,1.65865,12.30,0.30
2007.12.20 11:06:11.115,1.65855,1.6587,0.40,19.40
2007.12.20 11:06:11.409,1.6585,1.6586,12.00,0.30
2007.12.20 11:06:11.702,1.6585,1.6586,12.00,0.30
2007.12.20 11:06:11.922,1.6585,1.6586,4.00,0.30
2007.12.20 11:06:12.140,1.6585,1.6586,4.00,0.30
2007.12.20 11:06:12.358,1.65845,1.6586,0.40,0.30
2007.12.20 11:06:12.576,1.65845,1.6586,0.40,0.30
2007.12.20 11:06:12.794,1.65845,1.6586,0.40,0.30
2007.12.20 11:06:13.018,1.6584,1.65855,28.30,0.30
2007.12.20 11:06:13.241,1.6584,1.65855,28.30,0.30
2007.12.20 11:06:13.464,1.6584,1.65855,20.30,0.30
2007.12.20 11:06:13.687,1.6584,1.65855,20.30,0.30
2007.12.20 11:06:13.911,1.6584,1.65855,20.30,0.30
2007.12.20 11:06:14.214,1.6584,1.65855,18.70,0.30
2007.12.20 11:06:14.518,1.6584,1.65855,18.70,0.30
2007.12.20 11:06:14.821,1.6584,1.65855,18.70,0.30
2007.12.20 11:06:15.019,1.6584,1.65855,18.70,0.30
2007.12.20 11:06:15.217,1.6584,1.65855,18.70,0.30
2007.12.20 11:06:15.415,1.6584,1.65855,18.70,0.30
2007.12.20 11:06:15.812,1.6584,1.65855,18.70,0.30
2007.12.20 11:06:16.121,1.6584,1.65855,18.70,0.30
2007.12.20 11:06:16.369,1.6584,1.65855,18.70,0.30
2007.12.20 11:06:16.853,1.6584,1.65855,18.70,0.30
2007.12.20 11:06:17.081,1.6584,1.65855,18.70,0.30
2007.12.20 11:06:17.310,1.6585,1.65855,4.00,0.30
2007.12.20 11:06:17.539,1.6585,1.65855,4.00,0.30
2007.12.20 11:06:17.768,1.65845,1.6586,0.40,0.30
2007.12.20 11:06:17.996,1.65845,1.6586,0.40,0.30
2007.12.20 11:06:18.190,1.65845,1.6586,0.40,0.30
2007.12.20 11:06:18.373,1.6584,1.65855,22.70,0.30
2007.12.20 11:06:18.556,1.6584,1.65855,18.70,0.30
2007.12.20 11:06:18.739,1.6584,1.65855,18.70,0.30
2007.12.20 11:06:19.129,1.6584,1.65855,18.70,0.30
2007.12.20 11:06:19.354,1.6584,1.65855,18.70,0.30
2007.12.20 11:06:19.635,1.6584,1.6585,18.40,0.30
2007.12.20 11:06:19.829,1.6584,1.6585,8.00,0.30
2007.12.20 11:06:20.023,1.6584,1.6585,4.00,0.30
2007.12.20 11:06:20.257,1.6584,1.6585,4.00,0.30
2007.12.20 11:06:20.490,1.6584,1.6585,4.00,0.30
2007.12.20 11:06:20.803,1.65835,1.6585,0.40,0.30
2007.12.20 11:06:21.037,1.65835,1.6585,0.40,0.30
2007.12.20 11:06:21.234,1.65835,1.6585,0.40,0.30
2007.12.20 11:06:21.432,1.65835,1.6585,0.40,0.30
2007.12.20 11:06:21.735,1.6584,1.6585,4.00,0.30
2007.12.20 11:06:21.933,1.6584,1.6585,4.00,0.30
2007.12.20 11:06:22.133,1.6584,1.6585,4.00,0.30
2007.12.20 11:06:22.644,1.6584,1.6585,4.00,0.30
2007.12.20 11:06:22.958,1.6584,1.6585,4.00,0.30
2007.12.20 11:06:23.882,1.6584,1.6585,4.00,0.30
2007.12.20 11:06:24.149,1.6584,1.6585,4.00,0.30
2007.12.20 11:06:24.407,1.6584,1.6585,4.00,0.30
2007.12.20 11:06:24.725,1.65835,1.6585,0.40,0.30
2007.12.20 11:06:25.124,1.65835,1.6585,0.40,0.30
2007.12.20 11:06:25.340,1.65835,1.6585,0.40,0.30
2007.12.20 11:06:26.071,1.65835,1.6585,0.40,0.30
2007.12.20 11:06:26.194,1.65835,1.6585,0.40,0.30
2007.12.20 11:06:26.285,1.65835,1.6585,4.40,0.30
2007.12.20 11:06:26.521,1.65835,1.6585,4.40,0.30
2007.12.20 11:06:27.018,1.6584,1.6585,1.60,0.30
2007.12.20 11:06:27.257,1.65835,1.6585,4.40,0.30
2007.12.20 11:06:27.496,1.6583,1.6585,32.40,0.30
2007.12.20 11:06:27.934,1.6583,1.6585,32.40,0.30
2007.12.20 11:06:28.171,1.6583,1.6585,32.40,0.30
2007.12.20 11:06:28.958,1.6583,1.6585,32.40,0.30
2007.12.20 11:06:29.147,1.6583,1.6585,32.40,0.30
2007.12.20 11:06:29.335,1.6584,1.6585,2.20,0.30
2007.12.20 11:06:30.018,1.65835,1.6585,4.40,0.30
2007.12.20 11:06:30.162,1.6584,1.6585,0.60,0.30
2007.12.20 11:06:30.955,1.65835,1.6585,4.40,0.30
2007.12.20 11:06:31.239,1.6584,1.6585,2.40,0.30
2007.12.20 11:06:32.101,1.65835,1.6585,4.40,0.30
2007.12.20 11:06:32.264,1.65835,1.6585,4.40,0.30
2007.12.20 11:06:32.914,1.65835,1.65845,4.40,0.30
2007.12.20 11:06:33.072,1.65835,1.65845,4.40,0.30
2007.12.20 11:06:33.230,1.6584,1.65845,1.00,0.30
2007.12.20 11:06:33.394,1.6584,1.6585,1.30,0.30
2007.12.20 11:06:33.642,1.6583,1.6585,41.10,0.30
2007.12.20 11:06:33.889,1.6583,1.6585,41.10,0.30
2007.12.20 11:06:34.137,1.6583,1.6585,41.10,0.30
2007.12.20 11:06:34.386,1.6584,1.6585,4.20,0.30
2007.12.20 11:06:35.083,1.6583,1.6585,41.10,0.30
2007.12.20 11:06:35.592,1.6584,1.6585,18.70,0.30
2007.12.20 11:06:35.815,1.65845,1.65855,0.40,0.30
2007.12.20 11:06:36.040,1.65845,1.65855,0.40,0.30
2007.12.20 11:06:36.262,1.65845,1.65855,0.40,0.30
2007.12.20 11:06:36.485,1.65845,1.65855,0.40,0.30
2007.12.20 11:06:36.831,1.65845,1.65855,0.40,0.30
2007.12.20 11:06:37.080,1.65845,1.65855,0.40,0.30
2007.12.20 11:06:39.195,1.6585,1.65855,4.00,0.30
2007.12.20 11:06:39.364,1.6585,1.65855,4.00,0.30
2007.12.20 11:06:40.141,1.6585,1.65855,4.00,0.30
2007.12.20 11:06:41.231,1.6584,1.65845,33.60,0.30
2007.12.20 11:06:41.385,1.6584,1.65845,16.00,0.30
2007.12.20 11:06:41.633,1.6584,1.65845,8.00,0.30
2007.12.20 11:06:41.811,1.6584,1.65845,4.00,0.30
2007.12.20 11:06:41.988,1.6584,1.65845,4.00,0.30
2007.12.20 11:06:42.167,1.6584,1.65845,4.00,0.30
2007.12.20 11:06:42.398,1.6584,1.65845,4.00,0.30
2007.12.20 11:06:42.693,1.6584,1.65845,12.00,0.30
2007.12.20 11:06:42.940,1.6584,1.65845,14.40,0.30
2007.12.20 11:06:43.189,1.6584,1.65845,12.00,0.30
2007.12.20 11:06:43.437,1.6584,1.65845,4.00,0.30
2007.12.20 11:06:43.684,1.6584,1.65845,4.00,0.30
2007.12.20 11:06:44.025,1.6584,1.6585,4.00,0.30
2007.12.20 11:06:44.232,1.6584,1.6585,4.00,0.30
2007.12.20 11:06:44.439,1.6584,1.6585,4.00,0.30
2007.12.20 11:06:44.648,1.6584,1.6585,4.00,0.30
2007.12.20 11:06:44.856,1.6584,1.6585,14.40,0.30
2007.12.20 11:06:45.078,1.6584,1.6585,18.40,0.30
2007.12.20 11:06:45.302,1.65845,1.65855,0.40,5.60
2007.12.20 11:06:45.524,1.65845,1.6586,0.40,0.30
2007.12.20 11:06:45.747,1.65845,1.6586,0.40,0.30
2007.12.20 11:06:46.035,1.65845,1.6586,0.40,0.30
2007.12.20 11:06:46.324,1.6585,1.6586,4.00,0.30
2007.12.20 11:06:46.612,1.6585,1.6586,4.00,0.30
2007.12.20 11:06:46.942,1.6585,1.6586,4.00,0.30
2007.12.20 11:06:47.174,1.6585,1.6586,4.00,0.30
2007.12.20 11:06:47.406,1.6585,1.6586,4.00,0.30
2007.12.20 11:06:47.825,1.6585,1.6586,4.00,0.30
2007.12.20 11:06:48.145,1.6585,1.6586,4.00,0.30
2007.12.20 11:06:48.559,1.6585,1.6586,4.00,0.30
2007.12.20 11:06:48.797,1.65845,1.6586,0.40,0.30
2007.12.20 11:06:49.035,1.65845,1.6586,0.40,0.30
2007.12.20 11:06:49.273,1.65845,1.6586,0.40,0.30
2007.12.20 11:06:49.511,1.65845,1.6586,0.40,0.30
2007.12.20 11:06:49.749,1.65845,1.6586,0.40,0.30
2007.12.20 11:06:50.124,1.65845,1.6586,0.40,0.30
2007.12.20 11:06:50.402,1.65845,1.6586,0.40,0.30
2007.12.20 11:06:50.858,1.65845,1.6586,0.40,0.30
2007.12.20 11:06:51.070,1.65845,1.6586,0.40,0.30
2007.12.20 11:06:51.264,1.6585,1.6586,4.00,0.30
2007.12.20 11:06:51.457,1.6585,1.6586,4.00,0.30
2007.12.20 11:06:51.858,1.6585,1.6586,4.00,0.30
2007.12.20 11:06:52.051,1.6585,1.6586,4.00,0.30
2007.12.20 11:06:52.303,1.6585,1.6586,4.00,0.30
2007.12.20 11:06:52.557,1.6585,1.6586,4.00,0.30
2007.12.20 11:06:52.956,1.6585,1.6586,4.00,0.30
2007.12.20 11:06:53.218,1.6585,1.6586,4.00,0.30
2007.12.20 11:06:53.462,1.6585,1.6586,4.00,0.30
2007.12.20 11:06:53.715,1.6585,1.6586,4.00,0.30
2007.12.20 11:06:53.967,1.6585,1.6586,4.00,0.30
2007.12.20 11:06:54.186,1.6585,1.6586,4.00,0.30
2007.12.20 11:06:54.404,1.6585,1.6586,4.00,0.30
2007.12.20 11:06:54.881,1.6585,1.6586,4.00,0.30
2007.12.20 11:06:55.099,1.6585,1.6586,4.00,0.30
2007.12.20 11:06:55.393,1.6585,1.6586,4.00,0.30
2007.12.20 11:06:56.130,1.6585,1.6586,4.00,0.30
2007.12.20 11:06:56.363,1.6585,1.6586,4.00,0.30
2007.12.20 11:06:57.029,1.6585,1.6586,4.00,0.30
2007.12.20 11:06:57.252,1.6585,1.6586,4.00,0.30
2007.12.20 11:06:57.475,1.6585,1.6586,4.00,0.30
2007.12.20 11:06:57.869,1.6585,1.6586,4.00,0.30
2007.12.20 11:06:58.093,1.6585,1.6586,4.00,0.30
2007.12.20 11:06:58.394,1.6585,1.6586,4.00,0.30
2007.12.20 11:06:58.648,1.6585,1.65865,4.30,5.00
2007.12.20 11:06:58.901,1.6585,1.65865,8.30,9.00
2007.12.20 11:06:59.154,1.6585,1.65865,8.30,0.30
2007.12.20 11:06:59.328,1.6585,1.65865,8.30,0.30
2007.12.20 11:06:59.628,1.6585,1.65865,8.30,0.30
2007.12.20 11:06:59.801,1.6585,1.65865,8.30,0.30
2007.12.20 11:06:59.974,1.6585,1.65865,8.30,0.30
2007.12.20 11:07:00.148,1.6585,1.65865,8.30,0.30
2007.12.20 11:07:00.376,1.6585,1.65865,8.30,0.30
2007.12.20 11:07:00.877,1.6585,1.65865,8.30,0.30
2007.12.20 11:07:01.106,1.6585,1.65865,8.30,0.30
2007.12.20 11:07:01.718,1.6585,1.65865,4.30,0.30
2007.12.20 11:07:01.962,1.6585,1.6586,0.40,8.80
2007.12.20 11:07:02.204,1.6585,1.6586,0.40,8.80
2007.12.20 11:07:02.382,1.6585,1.65865,4.30,0.30
2007.12.20 11:07:02.561,1.6585,1.65865,4.30,0.30
2007.12.20 11:07:02.739,1.6585,1.65865,4.30,0.30
2007.12.20 11:07:02.917,1.6585,1.65865,8.30,0.30
2007.12.20 11:07:03.147,1.6585,1.65865,8.30,0.30
2007.12.20 11:07:03.463,1.6585,1.65865,8.30,0.30
2007.12.20 11:07:03.881,1.6585,1.65865,8.30,0.30
2007.12.20 11:07:04.088,1.6585,1.65865,8.30,0.30
2007.12.20 11:07:04.401,1.6585,1.65865,8.30,0.30
2007.12.20 11:07:04.670,1.6585,1.65865,8.30,0.30
2007.12.20 11:07:04.938,1.6585,1.65865,8.30,0.30
2007.12.20 11:07:05.207,1.6585,1.65865,8.30,0.30
2007.12.20 11:07:05.390,1.6585,1.65865,8.30,0.30
2007.12.20 11:07:05.716,1.6585,1.6586,8.00,0.30
2007.12.20 11:07:05.899,1.65845,1.6586,0.40,0.30
2007.12.20 11:07:06.094,1.65845,1.6586,0.40,0.30
2007.12.20 11:07:06.276,1.65845,1.6586,0.40,0.30
2007.12.20 11:07:06.554,1.65845,1.6586,0.40,0.30
2007.12.20 11:07:06.987,1.65845,1.6586,0.40,0.30
2007.12.20 11:07:07.255,1.65845,1.6586,0.40,0.30
2007.12.20 11:07:07.414,1.65845,1.6586,0.40,0.30
2007.12.20 11:07:08.123,1.65845,1.6586,0.40,0.30
2007.12.20 11:07:09.156,1.65845,1.6586,0.40,0.30
2007.12.20 11:07:09.360,1.65845,1.6586,0.40,0.30
2007.12.20 11:07:09.752,1.65845,1.6586,0.40,0.30
2007.12.20 11:07:10.080,1.65845,1.6586,0.40,0.30
2007.12.20 11:07:10.393,1.65845,1.6586,0.40,0.30
2007.12.20 11:07:11.032,1.65845,1.6586,0.40,0.30
2007.12.20 11:07:11.255,1.65845,1.6586,0.40,0.30
2007.12.20 11:07:11.478,1.65845,1.6586,0.40,0.30
2007.12.20 11:07:11.947,1.65845,1.6586,0.40,0.30
2007.12.20 11:07:13.076,1.65845,1.6586,0.40,0.30
2007.12.20 11:07:13.643,1.6585,1.6586,2.40,0.30
2007.12.20 11:07:13.777,1.6585,1.6586,10.40,0.30
2007.12.20 11:07:13.910,1.6585,1.6586,10.40,0.30
2007.12.20 11:07:14.097,1.6585,1.6586,10.40,0.30
2007.12.20 11:07:14.231,1.65845,1.6586,0.40,0.30
2007.12.20 11:07:14.406,1.65845,1.6586,0.40,0.30
2007.12.20 11:07:15.217,1.65845,1.6586,0.40,0.30
2007.12.20 11:07:16.464,1.6584,1.6586,33.20,0.30
2007.12.20 11:07:17.116,1.65845,1.6586,0.40,0.30
2007.12.20 11:07:18.147,1.6584,1.6586,33.20,0.30
2007.12.20 11:07:18.876,1.65845,1.6586,0.40,0.30
2007.12.20 11:07:19.087,1.6584,1.6586,33.20,0.30
2007.12.20 11:07:22.197,1.6585,1.65865,0.40,9.00
2007.12.20 11:07:22.315,1.6584,1.65865,33.10,9.00
2007.12.20 11:07:22.433,1.6584,1.65865,33.10,4.20
2007.12.20 11:07:23.127,1.6584,1.65865,33.10,0.30
2007.12.20 11:07:23.331,1.6585,1.65865,0.70,0.30
2007.12.20 11:07:26.795,1.6585,1.65865,4.30,0.30
2007.12.20 11:07:29.247,1.6585,1.65865,2.40,0.30
2007.12.20 11:07:30.050,1.6584,1.65865,33.10,0.30
2007.12.20 11:07:31.090,1.6584,1.65865,33.10,0.30
2007.12.20 11:07:31.415,1.6584,1.65865,33.10,0.30
2007.12.20 11:07:32.126,1.6585,1.65865,1.30,0.30
2007.12.20 11:07:33.574,1.6585,1.65865,1.70,0.30
2007.12.20 11:07:33.880,1.6584,1.65865,33.10,0.30
2007.12.20 11:07:34.111,1.6584,1.65865,33.10,0.30
2007.12.20 11:07:34.639,1.6585,1.65865,0.60,0.30
2007.12.20 11:07:39.377,1.6584,1.65865,33.10,0.30
2007.12.20 11:07:40.344,1.6584,1.65865,33.10,0.30
2007.12.20 11:07:41.796,1.6584,1.65865,37.10,0.30
2007.12.20 11:07:42.009,1.6584,1.65865,37.10,0.30
2007.12.20 11:07:42.222,1.6585,1.65865,2.80,0.30
2007.12.20 11:07:42.435,1.6585,1.65865,0.70,0.30
2007.12.20 11:07:42.683,1.6584,1.65865,29.10,0.30
2007.12.20 11:07:42.901,1.6584,1.6586,6.00,12.00
2007.12.20 11:07:43.120,1.65835,1.6585,5.90,0.30
2007.12.20 11:07:43.339,1.6584,1.6585,1.10,0.30
2007.12.20 11:07:43.557,1.6584,1.6585,1.20,0.30
2007.12.20 11:07:43.824,1.6583,1.6585,33.10,0.30
2007.12.20 11:07:44.093,1.6583,1.65855,34.80,5.00
2007.12.20 11:07:44.401,1.6583,1.65855,34.80,5.00
2007.12.20 11:07:44.607,1.6584,1.65855,0.40,5.00
2007.12.20 11:07:45.019,1.6584,1.6585,0.40,0.30
2007.12.20 11:07:45.211,1.6584,1.6585,0.40,0.30
2007.12.20 11:07:45.405,1.6584,1.6585,0.40,0.30
2007.12.20 11:07:45.883,1.6584,1.6585,0.40,0.30
2007.12.20 11:07:46.197,1.6584,1.6585,0.40,0.30
2007.12.20 11:07:46.510,1.6584,1.6585,4.30,0.30
2007.12.20 11:07:47.077,1.6584,1.6585,4.30,0.30
2007.12.20 11:07:47.300,1.6584,1.6585,4.30,0.30
2007.12.20 11:07:47.524,1.6584,1.6585,4.30,0.30
2007.12.20 11:07:47.782,1.6584,1.6585,0.40,0.30
2007.12.20 11:07:48.039,1.6584,1.6585,0.40,0.30
2007.12.20 11:07:48.298,1.6584,1.6585,4.30,0.30
2007.12.20 11:07:48.650,1.6584,1.6585,0.40,0.30
2007.12.20 11:07:48.972,1.6584,1.65855,0.40,5.00
2007.12.20 11:07:49.206,1.6584,1.65855,0.40,5.00
2007.12.20 11:07:49.440,1.6584,1.65855,0.40,5.00
2007.12.20 11:07:49.911,1.6584,1.65855,0.40,5.00
2007.12.20 11:07:50.164,1.6584,1.6585,0.40,0.30
2007.12.20 11:07:50.417,1.6584,1.6585,0.40,0.30
2007.12.20 11:07:50.991,1.6584,1.6585,0.40,0.30
2007.12.20 11:07:51.213,1.6584,1.6585,0.40,0.30
2007.12.20 11:07:51.437,1.6584,1.6585,0.40,0.30
2007.12.20 11:07:51.934,1.6584,1.6585,0.40,0.30
2007.12.20 11:07:52.165,1.6584,1.6585,0.40,0.30
2007.12.20 11:07:52.883,1.6584,1.6585,0.40,0.30
2007.12.20 11:07:53.096,1.6584,1.6585,0.40,0.30
2007.12.20 11:07:53.393,1.6584,1.6585,0.40,0.30
2007.12.20 11:07:53.606,1.6584,1.6585,0.40,0.30
2007.12.20 11:07:54.052,1.6584,1.6585,0.40,0.30
2007.12.20 11:07:54.346,1.6584,1.6585,0.40,0.30
2007.12.20 11:07:55.710,1.6584,1.6585,4.30,0.30
2007.12.20 11:07:55.918,1.6584,1.6585,0.40,0.30
2007.12.20 11:07:56.126,1.6584,1.6585,0.40,0.30
2007.12.20 11:07:56.333,1.6584,1.6585,0.40,0.30
2007.12.20 11:07:57.034,1.6584,1.6585,0.40,0.30
2007.12.20 11:07:57.313,1.6584,1.6585,0.40,0.30
2007.12.20 11:07:57.769,1.6584,1.6585,0.40,0.30
2007.12.20 11:08:01.158,1.6584,1.6585,0.40,0.30
2007.12.20 11:08:01.388,1.6584,1.6585,0.40,0.30
2007.12.20 11:08:01.698,1.6584,1.6585,0.40,0.30
2007.12.20 11:08:01.916,1.6584,1.6585,0.40,0.30
2007.12.20 11:08:02.190,1.6584,1.6585,0.40,0.30
2007.12.20 11:08:02.826,1.6584,1.6585,0.40,0.30
2007.12.20 11:08:03.075,1.6584,1.6585,0.40,0.30
2007.12.20 11:08:03.325,1.6584,1.6585,0.40,0.30
2007.12.20 11:08:03.626,1.6584,1.6585,2.70,0.30
2007.12.20 11:08:03.875,1.6584,1.6585,12.30,0.30
2007.12.20 11:08:04.059,1.6584,1.6585,4.30,0.30
2007.12.20 11:08:04.243,1.6584,1.6585,4.30,0.30
2007.12.20 11:08:04.434,1.6584,1.6585,4.30,0.30
2007.12.20 11:08:04.689,1.6584,1.6585,4.30,0.30
2007.12.20 11:08:05.010,1.6584,1.6585,4.30,0.30
2007.12.20 11:08:05.263,1.6584,1.6585,4.30,0.30
2007.12.20 11:08:05.517,1.6584,1.6585,4.30,9.00
2007.12.20 11:08:05.770,1.6584,1.6585,4.30,9.00
2007.12.20 11:08:06.024,1.6584,1.6585,0.40,13.00
2007.12.20 11:08:06.232,1.6584,1.6585,0.40,9.00
2007.12.20 11:08:06.441,1.6584,1.6585,0.40,0.30
2007.12.20 11:08:06.658,1.6584,1.6585,0.40,0.30
2007.12.20 11:08:06.866,1.65845,1.65855,0.40,0.30
2007.12.20 11:08:07.159,1.6585,1.6586,0.40,9.00
2007.12.20 11:08:07.452,1.6585,1.6586,0.40,0.30
2007.12.20 11:08:07.745,1.6585,1.6586,0.40,0.30
2007.12.20 11:08:08.038,1.6585,1.6586,0.40,0.30
2007.12.20 11:08:08.266,1.6585,1.6586,0.40,0.30
2007.12.20 11:08:08.494,1.6585,1.6586,4.30,0.30
2007.12.20 11:08:08.722,1.6585,1.6586,4.30,0.30
2007.12.20 11:08:08.951,1.6585,1.6586,0.40,0.30
2007.12.20 11:08:09.185,1.6585,1.6586,0.40,0.30
2007.12.20 11:08:09.419,1.6585,1.6586,4.00,8.80
2007.12.20 11:08:09.661,1.6585,1.6586,4.00,8.80
2007.12.20 11:08:09.894,1.6584,1.6585,4.30,0.30
2007.12.20 11:08:10.163,1.6584,1.6585,4.30,0.30
2007.12.20 11:08:10.433,1.6584,1.6585,0.40,0.30
2007.12.20 11:08:10.701,1.6584,1.6585,0.40,0.30
2007.12.20 11:08:10.970,1.6584,1.6585,4.30,0.30
2007.12.20 11:08:11.232,1.6584,1.6585,4.30,0.30
2007.12.20 11:08:11.496,1.6584,1.6585,0.40,0.30
2007.12.20 11:08:11.958,1.6584,1.6585,0.40,0.30
2007.12.20 11:08:12.221,1.6584,1.6585,0.40,0.30
2007.12.20 11:08:12.991,1.6584,1.6585,0.40,0.30
2007.12.20 11:08:13.502,1.6584,1.6585,0.40,0.30
2007.12.20 11:08:13.696,1.6584,1.6585,0.40,0.30
2007.12.20 11:08:14.135,1.6584,1.6585,0.40,0.30
2007.12.20 11:08:15.988,1.6584,1.6585,0.40,0.30
2007.12.20 11:08:17.782,1.6584,1.6585,0.40,0.30
2007.12.20 11:08:17.971,1.6584,1.6585,0.40,0.30
2007.12.20 11:08:18.159,1.6584,1.6585,0.40,0.30
2007.12.20 11:08:18.562,1.6584,1.6585,0.40,0.30
2007.12.20 11:08:19.513,1.6584,1.6585,0.40,0.30
2007.12.20 11:08:19.781,1.6584,1.6585,0.40,0.30
2007.12.20 11:08:20.109,1.6584,1.6585,0.40,0.30
2007.12.20 11:08:20.975,1.6584,1.6585,0.40,0.30
2007.12.20 11:08:22.014,1.6584,1.6585,0.40,0.30
2007.12.20 11:08:22.591,1.6583,1.6585,28.40,0.30
2007.12.20 11:08:23.807,1.6584,1.6585,0.40,0.30
2007.12.20 11:08:24.041,1.6583,1.6585,28.40,0.30
2007.12.20 11:08:24.274,1.6583,1.6585,28.40,0.30
2007.12.20 11:08:27.270,1.6584,1.6585,0.40,0.30
2007.12.20 11:08:29.226,1.6583,1.6585,32.30,0.30
2007.12.20 11:08:29.566,1.6584,1.6585,0.70,0.30
2007.12.20 11:08:30.082,1.6584,1.6585,2.20,0.30
2007.12.20 11:08:31.058,1.6583,1.6585,33.90,0.30
2007.12.20 11:08:31.206,1.6584,1.6585,0.80,0.30
2007.12.20 11:08:31.354,1.6584,1.6585,2.00,0.30
2007.12.20 11:08:32.150,1.6584,1.6585,1.60,0.30
2007.12.20 11:08:32.419,1.6585,1.65855,1.30,8.00
2007.12.20 11:08:32.687,1.6585,1.6586,2.10,16.80
2007.12.20 11:08:32.921,1.6585,1.6586,1.40,8.80
2007.12.20 11:08:33.155,1.65855,1.65865,0.40,4.20
2007.12.20 11:08:33.388,1.6585,1.65865,8.40,0.30
2007.12.20 11:08:33.622,1.6585,1.6587,8.40,24.20
2007.12.20 11:08:33.856,1.6585,1.65865,0.40,0.30
2007.12.20 11:08:34.184,1.6585,1.65865,0.40,0.30
2007.12.20 11:08:34.513,1.6585,1.65865,0.40,0.30
2007.12.20 11:08:34.841,1.6585,1.65865,0.40,0.30
2007.12.20 11:08:35.069,1.6584,1.6586,28.40,0.30
2007.12.20 11:08:35.298,1.6584,1.6586,28.40,0.30
2007.12.20 11:08:35.526,1.6584,1.6586,20.40,12.20
2007.12.20 11:08:35.755,1.6584,1.6586,20.40,12.20
2007.12.20 11:08:36.003,1.65845,1.6586,0.40,20.20
2007.12.20 11:08:36.251,1.6584,1.6586,10.80,20.20
2007.12.20 11:08:36.499,1.6584,1.6586,18.80,12.20
2007.12.20 11:08:37.137,1.6584,1.6586,18.80,12.20
2007.12.20 11:08:37.406,1.6584,1.6586,18.80,12.20
2007.12.20 11:08:37.673,1.65845,1.6586,0.40,12.20
2007.12.20 11:08:37.941,1.6584,1.6586,18.80,12.20
2007.12.20 11:08:38.200,1.6584,1.6586,18.80,12.20
2007.12.20 11:08:38.457,1.6584,1.6586,18.80,12.20
2007.12.20 11:08:38.769,1.6584,1.65865,19.20,16.20
2007.12.20 11:08:39.124,1.6584,1.65865,18.80,16.20
2007.12.20 11:08:39.398,1.65845,1.6586,0.40,0.80
2007.12.20 11:08:39.671,1.65845,1.65855,0.40,0.30
2007.12.20 11:08:39.944,1.6584,1.6586,20.40,12.30
2007.12.20 11:08:40.198,1.65845,1.6586,2.00,12.30
2007.12.20 11:08:40.450,1.65855,1.6586,0.80,12.00
2007.12.20 11:08:40.716,1.6584,1.65855,20.30,0.30
2007.12.20 11:08:40.968,1.6584,1.6586,26.80,0.30
2007.12.20 11:08:41.236,1.6585,1.6586,0.40,0.30
2007.12.20 11:08:41.505,1.6584,1.65855,18.80,0.30
2007.12.20 11:08:41.773,1.65845,1.65855,0.40,0.30
2007.12.20 11:08:42.040,1.6584,1.65855,18.80,0.30
2007.12.20 11:08:42.318,1.65845,1.65855,0.40,0.30
2007.12.20 11:08:42.611,1.6584,1.65855,18.80,0.30
2007.12.20 11:08:42.889,1.6584,1.65855,18.80,0.30
2007.12.20 11:08:43.134,1.65845,1.65855,0.40,0.30
2007.12.20 11:08:43.379,1.6584,1.65855,18.80,0.30
2007.12.20 11:08:44.080,1.6584,1.65855,18.80,0.30
2007.12.20 11:08:44.381,1.6584,1.65855,18.80,0.30
2007.12.20 11:08:44.909,1.6584,1.65855,18.80,0.30
2007.12.20 11:08:45.136,1.65845,1.65855,0.40,0.30
2007.12.20 11:08:46.051,1.65845,1.65855,0.40,0.30
2007.12.20 11:08:46.704,1.6584,1.65855,14.80,0.30
2007.12.20 11:08:46.979,1.65845,1.65855,0.40,8.20
2007.12.20 11:08:47.162,1.6584,1.65855,10.80,8.20
2007.12.20 11:08:47.355,1.6584,1.65855,10.80,0.30
2007.12.20 11:08:47.548,1.65845,1.65855,0.40,0.30
2007.12.20 11:08:47.744,1.65845,1.65855,0.40,0.30
2007.12.20 11:08:47.937,1.65845,1.65855,0.40,0.30
2007.12.20 11:08:48.270,1.65845,1.65855,0.40,0.30
2007.12.20 11:08:48.603,1.6584,1.65855,10.80,8.20
2007.12.20 11:08:48.937,1.6584,1.65855,10.80,8.20
2007.12.20 11:08:49.144,1.6584,1.65855,10.80,8.20
2007.12.20 11:08:49.353,1.6584,1.65855,18.80,0.30
2007.12.20 11:08:49.560,1.6584,1.65855,18.80,0.30
2007.12.20 11:08:49.769,1.65845,1.65855,0.40,0.30
2007.12.20 11:08:50.092,1.65845,1.65855,0.40,0.30
2007.12.20 11:08:50.392,1.65845,1.65855,0.40,0.30
2007.12.20 11:08:50.797,1.65845,1.65855,0.40,0.30
2007.12.20 11:08:51.109,1.65845,1.65855,0.40,0.30
2007.12.20 11:08:51.336,1.65845,1.65855,0.40,0.30
2007.12.20 11:08:51.856,1.65845,1.65855,0.40,0.30
2007.12.20 11:08:52.050,1.65845,1.65855,0.40,0.30
2007.12.20 11:08:53.822,1.65845,1.65855,0.40,0.30
2007.12.20 11:08:54.121,1.65845,1.65855,0.40,0.30
2007.12.20 11:08:54.339,1.65845,1.65855,0.40,0.30
2007.12.20 11:08:54.645,1.65845,1.65855,0.40,0.30
2007.12.20 11:08:54.864,1.65845,1.6585,0.40,4.00
2007.12.20 11:08:55.082,1.65845,1.6585,0.40,4.00
2007.12.20 11:08:55.381,1.65845,1.65855,0.40,0.30
2007.12.20 11:08:55.675,1.65845,1.65855,0.40,0.30
2007.12.20 11:08:55.966,1.65845,1.65855,0.40,0.30
2007.12.20 11:08:56.260,1.65845,1.65855,0.40,0.30
2007.12.20 11:08:56.502,1.65845,1.65855,0.40,0.30
2007.12.20 11:08:56.789,1.65845,1.65855,0.40,0.30
2007.12.20 11:08:57.031,1.65845,1.65855,0.40,0.30
2007.12.20 11:08:57.275,1.65845,1.65855,0.40,8.20
2007.12.20 11:08:57.554,1.65845,1.65855,0.40,8.20
2007.12.20 11:08:57.831,1.65845,1.65855,0.40,8.20
2007.12.20 11:08:58.109,1.65845,1.65855,0.40,8.20
2007.12.20 11:08:58.387,1.65845,1.65855,0.40,8.20
2007.12.20 11:08:58.625,1.65845,1.65855,0.40,8.20
2007.12.20 11:08:58.981,1.65845,1.6586,0.40,20.20
2007.12.20 11:08:59.340,1.65845,1.6586,0.40,20.20
2007.12.20 11:08:59.772,1.65845,1.65855,0.40,0.30
2007.12.20 11:08:59.995,1.65845,1.65855,0.40,0.30
2007.12.20 11:09:00.332,1.65845,1.65855,0.40,0.30
2007.12.20 11:09:00.659,1.65845,1.65855,0.40,0.30
2007.12.20 11:09:00.883,1.65845,1.65855,0.40,0.30
2007.12.20 11:09:01.106,1.65845,1.65855,0.40,0.30
2007.12.20 11:09:01.328,1.65845,1.65855,0.40,0.30
2007.12.20 11:09:01.631,1.65845,1.65855,0.40,0.30
2007.12.20 11:09:01.935,1.65845,1.65855,0.40,0.30
2007.12.20 11:09:02.238,1.65845,1.65855,0.40,0.30
2007.12.20 11:09:02.466,1.65845,1.65855,0.40,0.30
2007.12.20 11:09:02.856,1.65845,1.65855,0.40,0.30
2007.12.20 11:09:03.084,1.65845,1.65855,0.40,0.30
2007.12.20 11:09:03.313,1.65845,1.65855,0.40,0.30
2007.12.20 11:09:03.610,1.65845,1.65855,0.40,0.30
2007.12.20 11:09:04.113,1.65845,1.65855,0.40,0.30
2007.12.20 11:09:04.412,1.65845,1.65855,0.40,0.30
2007.12.20 11:09:04.650,1.65845,1.65855,0.40,0.30
2007.12.20 11:09:05.054,1.65845,1.65855,0.40,0.30
2007.12.20 11:09:05.373,1.65845,1.65855,0.40,0.30
2007.12.20 11:09:05.672,1.65845,1.65855,0.40,0.30
2007.12.20 11:09:05.969,1.65845,1.65855,0.40,0.30
2007.12.20 11:09:06.269,1.65845,1.65855,0.40,0.30
2007.12.20 11:09:06.476,1.65845,1.65855,0.40,0.30
2007.12.20 11:09:06.566,1.6584,1.65855,18.80,0.30
2007.12.20 11:09:06.864,1.65845,1.65855,0.40,0.30
2007.12.20 11:09:07.093,1.6584,1.65855,18.80,0.30
2007.12.20 11:09:07.397,1.6584,1.65855,18.80,0.30
2007.12.20 11:09:08.129,1.65845,1.65855,0.40,0.30
2007.12.20 11:09:08.461,1.65845,1.65855,0.40,0.30
2007.12.20 11:09:09.372,1.65845,1.65855,0.40,0.30
2007.12.20 11:09:09.794,1.65845,1.65855,0.40,0.30
2007.12.20 11:09:10.107,1.65845,1.65855,0.40,0.30
2007.12.20 11:09:12.133,1.6584,1.6586,18.40,12.00
2007.12.20 11:09:13.146,1.65845,1.6586,0.40,12.20
2007.12.20 11:09:14.846,1.65845,1.65855,0.40,0.30
2007.12.20 11:09:15.350,1.65845,1.65855,0.40,0.30
2007.12.20 11:09:15.566,1.65845,1.65855,0.40,0.30
2007.12.20 11:09:16.894,1.65845,1.65855,0.40,0.30
2007.12.20 11:09:17.166,1.65845,1.65855,0.40,0.30
2007.12.20 11:09:17.439,1.65845,1.65855,0.40,0.30
2007.12.20 11:09:17.711,1.65845,1.65855,0.40,0.30
2007.12.20 11:09:18.366,1.65845,1.65855,0.40,0.30
2007.12.20 11:09:19.376,1.65845,1.65855,0.40,0.30
2007.12.20 11:09:19.716,1.6585,1.65855,4.00,0.30
2007.12.20 11:09:19.850,1.6585,1.65855,4.00,0.30
2007.12.20 11:09:20.135,1.6585,1.65855,4.00,0.30
2007.12.20 11:09:20.261,1.65845,1.65855,0.40,0.30
2007.12.20 11:09:20.393,1.65845,1.65855,0.40,0.30
2007.12.20 11:09:20.650,1.65845,1.65855,0.40,0.30
2007.12.20 11:09:20.727,1.65845,1.65855,0.40,0.30
2007.12.20 11:09:20.784,1.65845,1.6586,0.40,16.30
2007.12.20 11:09:21.098,1.65845,1.65855,0.40,0.30
2007.12.20 11:09:21.412,1.65845,1.6586,0.40,22.70
2007.12.20 11:09:21.725,1.65845,1.6586,0.40,0.90
2007.12.20 11:09:23.154,1.65845,1.6586,0.40,0.90
2007.12.20 11:09:23.645,1.65845,1.65865,0.40,24.20
2007.12.20 11:09:23.843,1.65845,1.65865,0.40,20.20
2007.12.20 11:09:24.042,1.65845,1.6586,0.40,0.90
2007.12.20 11:09:24.315,1.65845,1.65865,0.40,20.20
2007.12.20 11:09:24.588,1.65845,1.65865,0.40,20.20
2007.12.20 11:09:24.861,1.65845,1.65865,0.40,20.20
2007.12.20 11:09:25.098,1.65845,1.65865,0.40,20.20
2007.12.20 11:09:25.695,1.65845,1.65865,0.40,18.60
2007.12.20 11:09:25.923,1.65845,1.65865,0.40,26.60
2007.12.20 11:09:26.146,1.65845,1.6586,0.40,0.80
2007.12.20 11:09:26.343,1.65845,1.65865,0.40,26.60
2007.12.20 11:09:27.368,1.65845,1.65865,0.40,26.60
2007.12.20 11:09:28.082,1.65845,1.65865,0.40,26.60
2007.12.20 11:09:28.239,1.65845,1.65865,0.40,16.20
2007.12.20 11:09:28.398,1.65845,1.6586,0.40,0.90
2007.12.20 11:09:28.691,1.6585,1.6586,0.40,0.80
2007.12.20 11:09:28.849,1.6585,1.6586,0.40,0.80
2007.12.20 11:09:29.118,1.6585,1.65865,0.40,16.20
2007.12.20 11:09:29.311,1.6585,1.65865,0.40,0.70
2007.12.20 11:09:29.504,1.6585,1.6587,0.40,43.40
2007.12.20 11:09:29.697,1.6585,1.65865,0.40,0.60
2007.12.20 11:09:29.890,1.6585,1.6587,0.40,43.40
2007.12.20 11:09:30.083,1.6585,1.6587,0.40,41.80
2007.12.20 11:09:30.356,1.6585,1.65865,0.40,0.80
2007.12.20 11:09:30.629,1.6585,1.6587,0.40,41.80
2007.12.20 11:09:30.902,1.6585,1.65865,0.40,20.20
2007.12.20 11:09:31.185,1.6585,1.6586,0.40,0.60
2007.12.20 11:09:31.408,1.6585,1.6586,0.40,0.50
2007.12.20 11:09:31.659,1.6585,1.6586,0.40,0.90
2007.12.20 11:09:31.892,1.6585,1.65865,0.40,0.50
2007.12.20 11:09:32.125,1.6585,1.65865,0.40,0.60
2007.12.20 11:09:32.313,1.6585,1.65865,0.40,16.20
2007.12.20 11:09:32.502,1.6585,1.6586,0.40,0.90
2007.12.20 11:09:32.788,1.6585,1.6586,0.40,0.80
2007.12.20 11:09:32.976,1.6585,1.6586,0.40,0.60
2007.12.20 11:09:33.163,1.6585,1.6586,0.40,0.60
2007.12.20 11:09:33.393,1.65845,1.6586,0.40,0.80
2007.12.20 11:09:33.621,1.65845,1.6586,0.40,0.70
2007.12.20 11:09:33.862,1.6585,1.65865,4.00,16.20
2007.12.20 11:09:34.091,1.6585,1.6586,4.00,0.80
2007.12.20 11:09:34.384,1.6585,1.65865,4.00,19.40
2007.12.20 11:09:34.677,1.6585,1.65865,4.00,19.40
2007.12.20 11:09:34.971,1.6585,1.6587,4.30,41.00
2007.12.20 11:09:35.265,1.6585,1.65865,4.30,0.50
2007.12.20 11:09:35.502,1.6585,1.6587,4.30,39.40
2007.12.20 11:09:35.819,1.6585,1.6587,4.30,37.80
2007.12.20 11:09:36.085,1.6585,1.6587,4.30,37.80
2007.12.20 11:09:36.354,1.65845,1.65865,0.40,16.20
2007.12.20 11:09:36.622,1.65845,1.65865,0.40,16.20
2007.12.20 11:09:36.901,1.65845,1.65865,0.40,16.20
2007.12.20 11:09:37.169,1.65845,1.65865,0.40,16.20
2007.12.20 11:09:37.378,1.65845,1.65865,0.40,16.20
2007.12.20 11:09:37.844,1.65845,1.6586,0.40,0.90
2007.12.20 11:09:38.052,1.65845,1.65865,0.40,16.20
2007.12.20 11:09:38.352,1.65845,1.6586,0.40,0.60
2007.12.20 11:09:39.263,1.65845,1.65855,0.40,0.80
2007.12.20 11:09:39.426,1.65845,1.6586,0.40,24.20
2007.12.20 11:09:39.598,1.65845,1.6586,0.40,24.20
2007.12.20 11:09:39.761,1.65845,1.65855,0.40,0.60
2007.12.20 11:09:39.924,1.65845,1.65855,0.40,0.80
2007.12.20 11:09:40.104,1.65845,1.6586,0.40,34.60
2007.12.20 11:09:40.723,1.65845,1.65855,0.40,0.90
2007.12.20 11:09:40.961,1.65845,1.65865,0.40,26.60
2007.12.20 11:09:41.209,1.65845,1.65865,0.40,26.60
2007.12.20 11:09:41.402,1.65845,1.6586,0.40,0.50
2007.12.20 11:09:41.880,1.65845,1.65865,0.40,26.60
2007.12.20 11:09:42.092,1.65845,1.65865,0.40,26.60
2007.12.20 11:09:42.284,1.65845,1.65865,0.40,30.60
2007.12.20 11:09:42.567,1.65845,1.65855,0.40,0.70
2007.12.20 11:09:42.851,1.65845,1.6586,0.40,34.60
2007.12.20 11:09:44.064,1.65845,1.65855,0.40,0.70
2007.12.20 11:09:44.306,1.65845,1.6586,0.40,30.60
2007.12.20 11:09:44.494,1.65845,1.6586,0.40,0.60
2007.12.20 11:09:44.703,1.65845,1.6586,0.40,0.70
2007.12.20 11:09:45.089,1.65845,1.65865,0.40,26.60
2007.12.20 11:09:46.039,1.65845,1.6586,0.40,0.70
2007.12.20 11:09:46.543,1.65845,1.6586,0.40,0.80
2007.12.20 11:09:48.819,1.65845,1.6586,0.40,0.90
2007.12.20 11:09:49.131,1.65845,1.6586,0.40,0.80
2007.12.20 11:09:49.375,1.65845,1.65865,0.40,26.60
2007.12.20 11:09:49.587,1.65845,1.6586,0.40,0.90
2007.12.20 11:09:49.925,1.65845,1.6586,0.40,30.60
2007.12.20 11:09:50.140,1.65845,1.65855,0.40,8.00
2007.12.20 11:09:50.354,1.65845,1.65855,0.40,8.00
2007.12.20 11:09:50.569,1.65845,1.65855,0.40,8.00
2007.12.20 11:09:50.857,1.65845,1.65855,0.40,8.00
2007.12.20 11:09:51.145,1.65845,1.65855,0.40,8.00
2007.12.20 11:09:51.432,1.65845,1.65855,0.40,8.00
2007.12.20 11:09:52.038,1.65845,1.65855,0.40,8.00
2007.12.20 11:09:53.349,1.65845,1.6586,0.40,34.60
2007.12.20 11:09:53.558,1.65845,1.6586,0.40,26.60
2007.12.20 11:09:53.717,1.65845,1.6586,0.40,26.60
2007.12.20 11:09:53.876,1.65845,1.65855,0.40,8.00
2007.12.20 11:09:54.034,1.65845,1.65855,0.40,8.00
2007.12.20 11:09:54.193,1.6584,1.65855,0.40,8.20
2007.12.20 11:09:54.350,1.6584,1.65855,0.40,8.20
2007.12.20 11:09:54.617,1.6584,1.65855,0.40,8.20
2007.12.20 11:09:54.866,1.6584,1.65855,4.30,8.20
2007.12.20 11:09:55.115,1.6584,1.65855,4.30,8.20
2007.12.20 11:09:55.362,1.6584,1.65855,0.40,8.20
2007.12.20 11:09:55.610,1.6584,1.65855,0.40,8.20
2007.12.20 11:09:55.838,1.65845,1.6586,0.40,26.60
2007.12.20 11:09:56.067,1.65845,1.6586,0.40,26.60
2007.12.20 11:09:56.295,1.65845,1.6586,0.40,26.60
2007.12.20 11:09:56.524,1.65845,1.65855,0.40,8.00
2007.12.20 11:09:56.753,1.65845,1.65855,0.40,8.00
2007.12.20 11:09:57.001,1.65845,1.6586,0.40,26.60
2007.12.20 11:09:57.250,1.65845,1.6586,0.40,26.60
2007.12.20 11:09:57.498,1.65845,1.6586,0.40,26.60
2007.12.20 11:09:58.067,1.65845,1.6586,0.40,26.60
2007.12.20 11:09:58.331,1.65845,1.6586,0.40,26.60
2007.12.20 11:09:58.863,1.65845,1.6586,0.40,34.60
2007.12.20 11:09:59.067,1.65845,1.65855,0.40,8.00
2007.12.20 11:09:59.271,1.65845,1.65855,0.40,8.00
2007.12.20 11:09:59.474,1.65845,1.65855,0.40,8.00
2007.12.20 11:09:59.841,1.65845,1.65855,0.40,8.00
2007.12.20 11:10:00.095,1.65845,1.65855,0.40,8.00
2007.12.20 11:10:00.348,1.65845,1.65855,0.40,8.00
2007.12.20 11:10:01.047,1.65845,1.65855,0.40,8.00
2007.12.20 11:10:02.088,1.65845,1.65855,0.40,8.00
2007.12.20 11:10:02.399,1.65845,1.65855,0.40,8.00
2007.12.20 11:10:02.698,1.65845,1.65855,0.40,8.00
2007.12.20 11:10:02.937,1.65845,1.6586,0.40,30.60
2007.12.20 11:10:03.186,1.65845,1.6586,0.40,30.60
2007.12.20 11:10:03.424,1.65845,1.6586,0.40,22.60
2007.12.20 11:10:05.668,1.65845,1.6586,0.40,26.60
2007.12.20 11:10:05.826,1.65845,1.65855,0.40,8.00
2007.12.20 11:10:06.028,1.65845,1.65855,0.40,8.00
2007.12.20 11:10:06.212,1.65845,1.65855,0.40,8.00
2007.12.20 11:10:06.405,1.65845,1.65855,0.40,8.00
2007.12.20 11:10:06.951,1.65845,1.65855,0.40,8.00
2007.12.20 11:10:07.215,1.65845,1.65855,0.40,8.00
2007.12.20 11:10:07.459,1.65845,1.6586,0.40,26.60
2007.12.20 11:10:07.702,1.65845,1.6586,0.40,22.60
2007.12.20 11:10:08.092,1.65845,1.6586,0.40,22.60
2007.12.20 11:10:08.672,1.65845,1.6586,0.40,26.60
2007.12.20 11:10:09.133,1.65845,1.6586,0.40,26.60
2007.12.20 11:10:09.391,1.65845,1.65855,0.40,8.00
2007.12.20 11:10:10.066,1.65845,1.65855,0.40,8.00
2007.12.20 11:10:10.375,1.65845,1.65855,0.40,8.00
2007.12.20 11:10:10.987,1.65845,1.65855,0.40,8.00
2007.12.20 11:10:11.211,1.65845,1.65855,0.40,8.00
2007.12.20 11:10:11.436,1.65845,1.65855,0.40,8.00
2007.12.20 11:10:11.849,1.65845,1.65855,0.40,8.00
2007.12.20 11:10:12.149,1.65845,1.65855,0.40,8.00
2007.12.20 11:10:12.426,1.65845,1.65855,0.40,8.00
2007.12.20 11:10:13.374,1.65845,1.65855,0.40,8.00
2007.12.20 11:10:14.091,1.65845,1.65855,0.40,8.00
2007.12.20 11:10:14.319,1.65845,1.65855,0.40,8.00
2007.12.20 11:10:15.131,1.65845,1.65855,0.40,8.00
2007.12.20 11:10:15.350,1.65845,1.6585,0.40,8.00
2007.12.20 11:10:15.568,1.65845,1.6585,0.40,12.00
2007.12.20 11:10:15.853,1.65845,1.6585,0.40,12.00
2007.12.20 11:10:16.072,1.65845,1.6585,0.40,16.00
2007.12.20 11:10:16.336,1.65845,1.65855,0.40,8.00
2007.12.20 11:10:16.599,1.65845,1.65855,0.40,8.00
2007.12.20 11:10:16.862,1.65845,1.65855,0.40,8.00
2007.12.20 11:10:17.126,1.65845,1.65855,0.40,8.00
2007.12.20 11:10:17.562,1.65845,1.65855,0.40,8.00
2007.12.20 11:10:17.821,1.65845,1.65855,0.40,8.00
2007.12.20 11:10:18.325,1.65845,1.65855,0.40,8.00
2007.12.20 11:10:18.563,1.65845,1.65855,0.40,8.00
2007.12.20 11:10:18.802,1.65845,1.65855,0.40,8.00
2007.12.20 11:10:19.174,1.65845,1.65855,0.40,8.00
2007.12.20 11:10:19.443,1.65845,1.6585,0.40,4.00
2007.12.20 11:10:19.710,1.65845,1.6585,0.40,12.00
2007.12.20 11:10:19.989,1.65845,1.6586,0.40,22.60
2007.12.20 11:10:20.256,1.65845,1.6586,0.40,22.60
2007.12.20 11:10:20.529,1.65845,1.6586,0.40,22.60
2007.12.20 11:10:20.874,1.65845,1.6586,0.40,22.60
2007.12.20 11:10:21.147,1.65845,1.6586,0.40,22.60
2007.12.20 11:10:21.420,1.65845,1.6586,0.40,22.60
2007.12.20 11:10:22.126,1.65845,1.6586,0.40,22.60
2007.12.20 11:10:22.840,1.65845,1.6586,0.40,22.60
2007.12.20 11:10:23.073,1.65845,1.6586,0.40,22.60
2007.12.20 11:10:25.860,1.65845,1.65865,0.40,26.60
2007.12.20 11:10:29.090,1.65845,1.65865,0.40,26.60
2007.12.20 11:10:29.300,1.65845,1.6586,0.40,0.70
2007.12.20 11:10:30.117,1.65845,1.65865,0.40,26.60
2007.12.20 11:10:30.832,1.65845,1.65865,0.40,26.60
2007.12.20 11:10:31.060,1.65845,1.65865,0.40,26.60
2007.12.20 11:10:31.281,1.65845,1.6586,0.40,0.50
2007.12.20 11:10:31.416,1.65845,1.6586,0.40,34.60
2007.12.20 11:10:31.718,1.65845,1.65855,0.40,0.60
2007.12.20 11:10:32.011,1.65845,1.65865,0.40,26.60
2007.12.20 11:10:32.304,1.65845,1.65865,0.40,26.60
2007.12.20 11:10:32.596,1.65845,1.65865,0.40,26.60
2007.12.20 11:10:32.875,1.65845,1.65865,0.40,26.60
2007.12.20 11:10:33.140,1.65845,1.65865,0.40,26.60
2007.12.20 11:10:33.808,1.65845,1.65865,0.40,26.60
2007.12.20 11:10:34.112,1.65845,1.65865,0.40,26.60
2007.12.20 11:10:34.845,1.65845,1.6586,0.40,0.80
2007.12.20 11:10:35.049,1.65845,1.65865,0.40,26.60
2007.12.20 11:10:35.553,1.65845,1.6586,0.40,0.50
2007.12.20 11:10:35.816,1.65845,1.65865,0.40,30.60
2007.12.20 11:10:35.994,1.65845,1.65865,0.40,30.60
2007.12.20 11:10:36.172,1.65845,1.65865,0.40,30.60
2007.12.20 11:10:36.791,1.65845,1.65865,0.40,30.60
2007.12.20 11:10:37.105,1.65845,1.6586,0.40,0.80
2007.12.20 11:10:39.285,1.65845,1.65865,0.40,30.60
2007.12.20 11:10:39.419,1.65845,1.6585,0.40,0.60
2007.12.20 11:10:39.552,1.65845,1.6585,0.40,0.90
2007.12.20 11:10:39.686,1.65845,1.6585,0.40,0.70
2007.12.20 11:10:39.818,1.65845,1.6585,0.40,0.90
2007.12.20 11:10:40.106,1.65845,1.6587,0.40,56.20
2007.12.20 11:10:40.395,1.65845,1.6586,0.40,0.90
2007.12.20 11:10:40.733,1.65845,1.6586,0.40,0.60
2007.12.20 11:10:41.021,1.65845,1.6586,0.40,0.50
2007.12.20 11:10:41.244,1.65845,1.65865,0.40,26.60
2007.12.20 11:10:41.468,1.65845,1.65865,0.40,26.60
2007.12.20 11:10:41.690,1.65845,1.65865,0.40,26.60
2007.12.20 11:10:42.076,1.65845,1.65865,0.40,26.60
2007.12.20 11:10:42.304,1.65845,1.6586,0.40,0.60
2007.12.20 11:10:44.026,1.65845,1.6586,0.40,0.90
2007.12.20 11:10:44.343,1.65845,1.65865,0.40,16.20
2007.12.20 11:10:45.062,1.65845,1.6586,0.40,0.90
2007.12.20 11:10:45.265,1.65845,1.65865,0.40,26.60
2007.12.20 11:10:45.469,1.65845,1.65865,0.40,26.60
2007.12.20 11:10:46.319,1.65845,1.6586,0.40,0.60
2007.12.20 11:10:46.700,1.65845,1.6586,0.40,0.60
2007.12.20 11:10:46.848,1.65845,1.65865,0.40,16.20
2007.12.20 11:10:47.314,1.65845,1.6586,0.40,0.60
2007.12.20 11:10:47.641,1.65845,1.6586,0.40,0.30
2007.12.20 11:10:47.970,1.6585,1.65865,4.00,13.10
2007.12.20 11:10:48.298,1.6585,1.65865,4.30,0.80
2007.12.20 11:10:48.465,1.6585,1.6587,4.30,30.20
2007.12.20 11:10:48.633,1.6585,1.6587,4.30,30.20
2007.12.20 11:10:48.860,1.6585,1.6587,4.30,28.60
2007.12.20 11:10:49.028,1.6585,1.6587,4.30,28.60
2007.12.20 11:10:49.272,1.6585,1.6587,14.70,28.60
2007.12.20 11:10:49.516,1.6585,1.65865,14.70,0.80
2007.12.20 11:10:49.758,1.6585,1.6587,14.70,27.40
2007.12.20 11:10:50.055,1.6585,1.65865,14.70,0.60
2007.12.20 11:10:50.224,1.6585,1.6587,12.30,29.80
2007.12.20 11:10:50.392,1.6585,1.6587,4.30,37.80
2007.12.20 11:10:50.962,1.6585,1.6587,4.30,37.80
2007.12.20 11:10:51.130,1.6585,1.6587,4.30,37.00
2007.12.20 11:10:56.788,1.6584,1.65865,43.50,8.20
2007.12.20 11:10:56.848,1.6584,1.65865,44.30,8.20
2007.12.20 11:10:57.089,1.6584,1.65865,45.10,8.20
2007.12.20 11:10:57.668,1.6584,1.65865,44.30,8.20
2007.12.20 11:10:57.872,1.6584,1.65865,35.60,8.20
2007.12.20 11:10:58.075,1.6585,1.65865,0.40,8.20
2007.12.20 11:10:58.279,1.6585,1.65865,2.70,8.20
2007.12.20 11:10:58.497,1.6585,1.65865,18.70,0.30
2007.12.20 11:10:58.714,1.6586,1.6587,0.40,18.40
2007.12.20 11:10:58.933,1.6586,1.6587,0.40,4.00
2007.12.20 11:10:59.151,1.6586,1.6587,0.40,4.00
2007.12.20 11:10:59.376,1.6586,1.65875,0.40,8.20
2007.12.20 11:10:59.648,1.6586,1.65875,0.40,8.20
2007.12.20 11:10:59.921,1.6586,1.65875,0.40,8.20
2007.12.20 11:11:00.194,1.6586,1.65875,0.40,8.20
2007.12.20 11:11:00.467,1.6586,1.65875,0.40,8.20
2007.12.20 11:11:01.000,1.6586,1.65875,0.40,8.20
2007.12.20 11:11:01.310,1.6586,1.65875,4.30,8.20
2007.12.20 11:11:01.637,1.6586,1.65875,4.30,8.20
2007.12.20 11:11:02.049,1.6586,1.65875,4.30,8.20
2007.12.20 11:11:02.187,1.6586,1.65875,4.30,8.20
2007.12.20 11:11:02.358,1.6586,1.65875,4.30,12.20
2007.12.20 11:11:02.938,1.6586,1.6587,4.00,0.30
2007.12.20 11:11:03.126,1.6586,1.6587,4.00,0.30
2007.12.20 11:11:03.314,1.65855,1.6587,0.40,8.20
2007.12.20 11:11:03.503,1.65855,1.6587,0.40,8.20
2007.12.20 11:11:03.683,1.65855,1.6587,0.40,12.20
2007.12.20 11:11:08.365,1.65855,1.6587,0.40,12.20
2007.12.20 11:11:09.414,1.65855,1.6587,0.40,12.20
2007.12.20 11:11:10.342,1.65855,1.6587,0.40,12.20
2007.12.20 11:11:12.090,1.65855,1.6587,0.40,12.20
2007.12.20 11:11:13.319,1.65855,1.6587,0.40,12.20
2007.12.20 11:11:14.167,1.65855,1.6587,0.40,12.20
2007.12.20 11:11:15.313,1.65855,1.6587,0.40,12.20
2007.12.20 11:11:16.126,1.65855,1.6587,0.40,12.20
2007.12.20 11:11:17.054,1.65855,1.6587,0.40,12.20
2007.12.20 11:11:17.724,1.6586,1.6587,4.00,12.20
2007.12.20 11:11:17.967,1.6586,1.6587,4.00,0.30
2007.12.20 11:11:18.210,1.6586,1.6587,4.00,0.30
2007.12.20 11:11:18.453,1.6586,1.6587,4.00,0.30
2007.12.20 11:11:19.116,1.6586,1.6587,4.00,0.30
2007.12.20 11:11:19.849,1.6586,1.6587,4.00,0.30
2007.12.20 11:11:20.183,1.6586,1.6587,4.00,0.30
2007.12.20 11:11:20.383,1.6586,1.6587,4.00,0.30
2007.12.20 11:11:20.905,1.6586,1.6587,4.00,0.30
2007.12.20 11:11:21.148,1.6586,1.6587,4.00,0.30
2007.12.20 11:11:21.393,1.65855,1.6587,0.40,12.20
2007.12.20 11:11:21.637,1.6585,1.65865,22.70,0.30
2007.12.20 11:11:21.880,1.6585,1.65865,8.30,0.30
2007.12.20 11:11:22.080,1.6585,1.65865,8.30,0.30
2007.12.20 11:11:22.374,1.6585,1.65865,8.30,0.30
2007.12.20 11:11:23.692,1.6585,1.65865,8.30,0.30
2007.12.20 11:11:23.906,1.6585,1.65865,8.30,0.30
2007.12.20 11:11:24.114,1.6585,1.65865,8.30,0.30
2007.12.20 11:11:24.327,1.6585,1.65865,8.30,0.30
2007.12.20 11:11:26.076,1.6585,1.65865,8.30,0.30
2007.12.20 11:11:27.315,1.6585,1.65865,8.30,0.30
2007.12.20 11:11:28.152,1.6585,1.65865,8.30,0.30
2007.12.20 11:11:28.319,1.6585,1.65865,4.30,0.30
2007.12.20 11:11:28.467,1.6585,1.65865,0.40,0.30
2007.12.20 11:11:28.616,1.6585,1.65865,0.40,0.30
2007.12.20 11:11:29.081,1.6585,1.65865,0.40,0.30
2007.12.20 11:11:29.416,1.6585,1.65865,0.40,0.30
2007.12.20 11:11:31.873,1.6585,1.65865,0.40,0.30
2007.12.20 11:11:31.995,1.6584,1.65865,28.40,0.30
2007.12.20 11:11:32.062,1.6584,1.65865,29.20,0.30
2007.12.20 11:11:32.261,1.6585,1.65865,1.80,0.30
2007.12.20 11:11:32.459,1.6584,1.65865,32.30,0.30
2007.12.20 11:11:32.657,1.6584,1.65865,32.30,0.30
2007.12.20 11:11:32.856,1.6584,1.65865,33.10,0.30
2007.12.20 11:11:33.138,1.6585,1.65865,1.90,0.30
2007.12.20 11:11:33.445,1.6584,1.65865,33.10,0.30
2007.12.20 11:11:33.877,1.6585,1.65865,3.50,0.30
2007.12.20 11:11:34.185,1.6584,1.65865,33.10,0.30
2007.12.20 11:11:34.387,1.6585,1.65865,4.50,0.30
2007.12.20 11:11:35.418,1.6585,1.65865,4.00,0.30
2007.12.20 11:11:35.723,1.65845,1.65865,9.10,0.30
2007.12.20 11:11:35.877,1.6585,1.65865,3.20,0.30
2007.12.20 11:11:36.040,1.6585,1.65865,4.50,0.30
2007.12.20 11:11:36.193,1.65855,1.6587,0.40,8.20
2007.12.20 11:11:36.363,1.6586,1.6587,2.10,0.30
2007.12.20 11:11:36.785,1.6586,1.6587,2.00,0.30
2007.12.20 11:11:37.080,1.65855,1.6587,4.40,0.30
2007.12.20 11:11:37.247,1.6586,1.6587,1.00,0.30
2007.12.20 11:11:37.545,1.65855,1.6587,4.40,0.30
2007.12.20 11:11:38.104,1.6586,1.6587,1.30,0.30
2007.12.20 11:11:38.653,1.65855,1.6587,4.40,0.30
2007.12.20 11:11:38.861,1.6585,1.6587,30.80,8.20
2007.12.20 11:11:39.070,1.65855,1.6587,0.40,12.20
2007.12.20 11:11:39.280,1.6585,1.65865,0.80,0.30
2007.12.20 11:11:39.556,1.65845,1.65865,13.10,0.30
2007.12.20 11:11:39.871,1.6585,1.65865,1.20,0.30
2007.12.20 11:11:40.149,1.6585,1.65865,1.80,0.30
2007.12.20 11:11:40.427,1.6585,1.65865,1.90,0.30
2007.12.20 11:11:40.809,1.6585,1.65865,4.10,0.30
2007.12.20 11:11:41.109,1.6584,1.65865,45.10,0.30
2007.12.20 11:11:41.333,1.6584,1.65865,45.10,0.30
2007.12.20 11:11:48.824,1.6584,1.65865,37.90,0.30
2007.12.20 11:11:49.159,1.6585,1.6587,16.40,10.60
2007.12.20 11:11:49.493,1.65855,1.6587,4.40,0.30
2007.12.20 11:11:50.066,1.65855,1.6587,4.40,0.30
2007.12.20 11:11:50.249,1.65855,1.6587,4.40,0.30
2007.12.20 11:11:50.413,1.65855,1.6587,4.40,0.30
2007.12.20 11:11:50.593,1.6586,1.6587,1.90,0.30
2007.12.20 11:11:51.357,1.6586,1.6587,1.90,0.30
2007.12.20 11:11:54.169,1.65855,1.6587,4.40,0.30
2007.12.20 11:11:54.327,1.65855,1.6587,0.40,4.20
2007.12.20 11:11:54.485,1.6585,1.6587,18.80,12.20
2007.12.20 11:11:55.099,1.6585,1.6587,18.80,12.20
2007.12.20 11:11:55.357,1.6584,1.65865,54.70,0.30
2007.12.20 11:11:55.653,1.6584,1.65865,44.30,0.30
2007.12.20 11:11:55.796,1.6584,1.65865,41.90,0.30
2007.12.20 11:11:55.939,1.6585,1.65865,2.20,0.30
2007.12.20 11:11:56.337,1.6584,1.65865,37.10,0.30
2007.12.20 11:11:57.059,1.6584,1.65865,37.90,0.30
2007.12.20 11:11:58.183,1.6585,1.65865,1.30,0.30
2007.12.20 11:11:58.455,1.65845,1.65865,17.10,0.30
2007.12.20 11:11:58.559,1.65845,1.65865,17.10,0.30
2007.12.20 11:11:58.662,1.65845,1.65865,17.10,0.30
2007.12.20 11:11:58.813,1.6585,1.65865,5.70,0.30
2007.12.20 11:11:59.102,1.6585,1.65865,17.10,0.30
2007.12.20 11:11:59.390,1.6586,1.6587,4.00,0.30
2007.12.20 11:11:59.677,1.6586,1.6587,4.00,0.30
2007.12.20 11:11:59.965,1.6586,1.6587,4.00,0.30
2007.12.20 11:12:00.093,1.6586,1.6587,4.00,0.30
2007.12.20 11:12:00.226,1.6586,1.6587,4.00,0.30
2007.12.20 11:12:00.358,1.6586,1.6587,4.00,0.30
2007.12.20 11:12:00.940,1.6586,1.6587,4.00,0.30
2007.12.20 11:12:01.168,1.6586,1.6587,4.00,0.30
2007.12.20 11:12:01.396,1.6586,1.6587,4.00,0.30
2007.12.20 11:12:01.891,1.6586,1.6587,4.00,0.30
2007.12.20 11:12:02.119,1.6586,1.6587,4.00,0.30
2007.12.20 11:12:02.516,1.6586,1.6587,4.00,0.30
2007.12.20 11:12:02.820,1.6586,1.65875,4.30,12.20
2007.12.20 11:12:03.070,1.6586,1.65875,4.30,12.20
2007.12.20 11:12:05.831,1.6586,1.6587,4.30,4.00
2007.12.20 11:12:05.954,1.6586,1.6587,4.30,12.00
2007.12.20 11:12:06.077,1.6586,1.6587,4.30,12.00
2007.12.20 11:12:06.261,1.6586,1.6587,0.40,12.00
2007.12.20 11:12:06.444,1.6586,1.6587,0.40,12.00
2007.12.20 11:12:06.663,1.6586,1.6587,4.30,12.00
2007.12.20 11:12:06.846,1.6586,1.6587,4.30,4.00
2007.12.20 11:12:07.029,1.6586,1.65875,4.30,12.20
2007.12.20 11:12:07.307,1.6586,1.65875,4.30,12.20
2007.12.20 11:12:07.585,1.6586,1.65875,4.30,12.20
2007.12.20 11:12:07.863,1.6586,1.65875,4.30,12.20
2007.12.20 11:12:08.084,1.6586,1.6588,4.30,43.40
2007.12.20 11:12:08.140,1.6586,1.6588,4.30,43.40
2007.12.20 11:12:09.222,1.6586,1.6588,4.30,43.40
2007.12.20 11:12:11.665,1.6586,1.6588,4.30,43.40
2007.12.20 11:12:11.881,1.6586,1.65875,4.30,0.80
2007.12.20 11:12:12.000,1.6586,1.6588,4.30,43.40
2007.12.20 11:12:12.118,1.6586,1.6588,4.30,43.40
2007.12.20 11:12:12.302,1.6586,1.65875,4.30,0.80
2007.12.20 11:12:12.564,1.6586,1.65875,0.40,0.90
2007.12.20 11:12:12.829,1.6586,1.65875,0.40,0.90
2007.12.20 11:12:13.082,1.6586,1.6588,0.40,43.40
2007.12.20 11:12:13.335,1.6586,1.65875,0.40,0.90
2007.12.20 11:12:13.493,1.6586,1.65875,0.40,0.50
2007.12.20 11:12:14.058,1.6586,1.6588,0.40,43.40
2007.12.20 11:12:14.358,1.6586,1.6588,0.40,43.40
2007.12.20 11:12:14.959,1.6586,1.65875,0.40,0.70
2007.12.20 11:12:15.137,1.6586,1.6588,0.40,43.40
2007.12.20 11:12:18.172,1.6586,1.65875,0.40,0.50
2007.12.20 11:12:18.346,1.6586,1.6587,0.40,0.80
2007.12.20 11:12:18.519,1.6586,1.6587,0.40,0.80
2007.12.20 11:12:18.712,1.6586,1.65875,0.40,16.20
2007.12.20 11:12:18.906,1.6586,1.65875,0.40,17.40
2007.12.20 11:12:19.734,1.6586,1.6587,0.40,0.90
2007.12.20 11:12:19.927,1.6586,1.6587,0.40,0.70
2007.12.20 11:12:20.120,1.6586,1.6588,0.40,44.60
2007.12.20 11:12:20.313,1.6586,1.6588,0.40,44.60
2007.12.20 11:12:20.506,1.6586,1.65875,0.40,0.90
2007.12.20 11:12:20.876,1.6586,1.65875,0.40,0.80
2007.12.20 11:12:22.820,1.6586,1.65875,0.40,17.00
2007.12.20 11:12:22.969,1.6586,1.6587,0.40,0.60
2007.12.20 11:12:23.229,1.6586,1.65875,0.40,17.40
2007.12.20 11:12:23.387,1.65855,1.65875,0.40,17.40
2007.12.20 11:12:23.535,1.65855,1.65875,0.40,17.40
2007.12.20 11:12:23.788,1.65855,1.65875,0.40,17.40
2007.12.20 11:12:24.127,1.65855,1.65875,0.40,17.40
2007.12.20 11:12:24.381,1.65855,1.6587,0.40,0.80
2007.12.20 11:12:24.634,1.6585,1.6587,14.70,13.50
2007.12.20 11:12:24.811,1.6585,1.65865,4.30,0.30
2007.12.20 11:12:24.979,1.6585,1.65865,4.30,0.30
2007.12.20 11:12:25.349,1.6585,1.65865,4.30,0.30
2007.12.20 11:12:26.078,1.6585,1.6587,4.30,23.90
2007.12.20 11:12:29.082,1.6585,1.6587,4.30,23.90
2007.12.20 11:12:29.226,1.6585,1.65865,4.30,0.30
2007.12.20 11:12:29.369,1.6585,1.65865,12.30,0.30
2007.12.20 11:12:29.512,1.6585,1.6587,16.30,0.80
2007.12.20 11:12:29.654,1.6585,1.65875,16.30,13.10
2007.12.20 11:12:30.103,1.6585,1.65865,16.30,0.30
2007.12.20 11:12:30.327,1.65855,1.65875,0.40,13.10
2007.12.20 11:12:30.540,1.65855,1.65875,0.40,13.10
2007.12.20 11:12:30.753,1.6585,1.65865,16.30,0.30
2007.12.20 11:12:30.886,1.6585,1.6587,4.30,12.30
2007.12.20 11:12:31.029,1.6585,1.6587,12.30,15.50
2007.12.20 11:12:31.162,1.6585,1.6587,12.30,17.90
2007.12.20 11:12:31.300,1.6585,1.6587,4.30,25.90
2007.12.20 11:12:31.432,1.6585,1.65865,4.30,0.30
2007.12.20 11:12:31.566,1.6585,1.6587,4.30,37.80
2007.12.20 11:12:31.699,1.6586,1.6587,4.30,24.00
2007.12.20 11:12:31.833,1.6586,1.65875,4.30,17.00
2007.12.20 11:12:32.116,1.6586,1.65875,4.30,0.80
2007.12.20 11:12:32.399,1.6586,1.65875,4.30,0.50
2007.12.20 11:12:32.683,1.6586,1.6588,4.30,36.60
2007.12.20 11:12:32.976,1.6586,1.65875,4.30,0.50
2007.12.20 11:12:33.109,1.6586,1.6588,4.30,35.00
2007.12.20 11:12:33.304,1.6586,1.6588,4.30,39.00
2007.12.20 11:12:33.642,1.6586,1.6588,4.30,43.00
2007.12.20 11:12:33.794,1.65855,1.6587,0.40,0.30
2007.12.20 11:12:33.929,1.65855,1.6587,0.40,0.50
2007.12.20 11:12:34.208,1.6585,1.65865,9.90,0.30
2007.12.20 11:12:34.465,1.6585,1.6587,9.90,22.70
2007.12.20 11:12:34.734,1.6585,1.6587,9.90,22.70
2007.12.20 11:12:35.002,1.65855,1.65875,0.40,26.60
2007.12.20 11:12:35.184,1.65855,1.65875,0.40,26.60
2007.12.20 11:12:37.144,1.65855,1.65875,0.40,18.60
2007.12.20 11:12:37.302,1.65855,1.6587,0.40,8.20
2007.12.20 11:12:37.460,1.65855,1.6587,0.40,0.30
2007.12.20 11:12:37.618,1.65855,1.6587,0.40,0.30
2007.12.20 11:12:37.775,1.65855,1.6587,0.40,18.60
2007.12.20 11:12:37.934,1.65855,1.6587,0.40,22.60
2007.12.20 11:12:38.091,1.65855,1.6587,0.40,22.60
2007.12.20 11:12:38.305,1.6586,1.6587,0.40,12.00
2007.12.20 11:12:38.517,1.6586,1.6587,0.40,12.00
2007.12.20 11:12:39.041,1.6586,1.6587,0.40,12.00
2007.12.20 11:12:39.190,1.6586,1.6587,0.40,12.00
2007.12.20 11:12:40.080,1.6586,1.6587,0.40,12.00
2007.12.20 11:12:43.881,1.6586,1.6587,0.40,12.00
2007.12.20 11:12:44.029,1.6586,1.6587,0.40,12.80
2007.12.20 11:12:44.176,1.6586,1.6587,0.40,13.20
2007.12.20 11:12:44.398,1.6586,1.6587,0.40,12.80
2007.12.20 11:12:44.611,1.6586,1.6587,0.40,12.40
2007.12.20 11:12:44.824,1.65855,1.65865,0.40,8.00
2007.12.20 11:12:45.037,1.65855,1.65865,0.40,8.40
2007.12.20 11:12:45.251,1.65855,1.65865,0.40,8.80
2007.12.20 11:12:45.559,1.65855,1.65865,0.40,8.80
2007.12.20 11:12:45.879,1.65865,1.6587,0.40,4.40
2007.12.20 11:12:46.186,1.65865,1.6587,0.40,8.80
2007.12.20 11:12:46.404,1.65865,1.6587,0.40,23.20
2007.12.20 11:12:46.622,1.65865,1.6587,0.40,27.20
2007.12.20 11:12:46.841,1.65855,1.6587,0.40,37.40
2007.12.20 11:12:47.127,1.65855,1.6587,0.40,37.00
2007.12.20 11:12:47.345,1.65855,1.6587,0.40,36.60
2007.12.20 11:12:47.602,1.65855,1.6587,0.40,36.20
2007.12.20 11:12:47.861,1.65855,1.6587,0.40,34.60
2007.12.20 11:12:48.119,1.65855,1.65865,0.40,0.80
2007.12.20 11:12:48.376,1.65855,1.65865,0.40,0.80
2007.12.20 11:12:51.210,1.65855,1.65865,0.40,0.80
2007.12.20 11:12:51.333,1.65855,1.65865,0.40,0.80
2007.12.20 11:12:51.561,1.65855,1.6587,0.40,22.60
2007.12.20 11:12:51.788,1.65855,1.6587,0.40,22.60
2007.12.20 11:12:52.106,1.65855,1.6587,0.40,22.60
2007.12.20 11:12:52.636,1.65855,1.6587,0.40,22.60
2007.12.20 11:12:53.876,1.65855,1.6587,0.40,22.60
2007.12.20 11:12:54.185,1.65855,1.6587,0.40,22.60
2007.12.20 11:12:54.349,1.65855,1.6587,0.40,34.60
2007.12.20 11:12:54.512,1.65855,1.65865,0.40,0.80
2007.12.20 11:12:54.725,1.65855,1.65865,0.40,0.80
2007.12.20 11:12:54.938,1.65855,1.65865,0.40,0.80
2007.12.20 11:12:55.150,1.65855,1.65865,0.40,0.80
2007.12.20 11:12:55.363,1.65855,1.65865,0.40,0.80
2007.12.20 11:12:55.732,1.65855,1.65865,0.40,0.80
2007.12.20 11:12:55.997,1.6586,1.6587,0.40,22.40
2007.12.20 11:12:56.260,1.6586,1.6587,0.40,12.00
2007.12.20 11:12:56.523,1.6586,1.6587,0.40,12.00
2007.12.20 11:12:56.881,1.6586,1.6587,0.40,12.00
2007.12.20 11:12:57.089,1.6586,1.6587,0.40,12.00
2007.12.20 11:12:57.412,1.6586,1.6587,0.40,12.00
2007.12.20 11:12:58.322,1.6586,1.6587,0.40,12.00
2007.12.20 11:12:58.821,1.6586,1.6587,0.40,4.00
2007.12.20 11:12:59.008,1.65855,1.6587,0.40,0.30
2007.12.20 11:12:59.198,1.65865,1.65875,0.80,0.50
2007.12.20 11:12:59.386,1.6586,1.65875,4.30,0.50
2007.12.20 11:12:59.575,1.6586,1.6588,4.30,35.00
2007.12.20 11:12:59.908,1.6586,1.65885,17.90,13.00
2007.12.20 11:13:00.241,1.65875,1.6589,0.40,46.20
2007.12.20 11:13:00.573,1.65875,1.65885,0.40,0.80
2007.12.20 11:13:00.809,1.65875,1.65885,0.40,0.80
2007.12.20 11:13:01.032,1.65875,1.6589,0.40,44.60
2007.12.20 11:13:01.254,1.65875,1.6589,0.40,43.80
2007.12.20 11:13:01.478,1.65875,1.6589,0.40,35.80
2007.12.20 11:13:01.701,1.65875,1.65895,0.40,31.80
2007.12.20 11:13:02.019,1.65875,1.65895,0.40,31.80
2007.12.20 11:13:02.337,1.65875,1.6589,0.40,0.90
2007.12.20 11:13:02.655,1.65875,1.6589,0.40,0.60
2007.12.20 11:13:04.226,1.65875,1.65895,0.40,27.80
2007.12.20 11:13:04.469,1.65875,1.6589,0.40,0.70
2007.12.20 11:13:04.845,1.65875,1.65895,0.40,27.80
2007.12.20 11:13:05.153,1.65875,1.65895,0.40,27.80
2007.12.20 11:13:05.366,1.65875,1.65895,0.40,27.80
2007.12.20 11:13:06.815,1.65875,1.65885,0.40,0.50
2007.12.20 11:13:06.967,1.65875,1.65885,0.40,0.80
2007.12.20 11:13:07.123,1.65875,1.6589,0.40,23.80
2007.12.20 11:13:07.328,1.65875,1.65885,0.40,0.80
2007.12.20 11:13:07.940,1.65875,1.6589,0.40,23.80
2007.12.20 11:13:08.149,1.65875,1.65885,0.40,0.80
2007.12.20 11:13:08.358,1.65875,1.6589,0.40,27.80
2007.12.20 11:13:08.651,1.6587,1.6589,4.30,27.80
2007.12.20 11:13:08.859,1.6587,1.65885,0.40,0.80
2007.12.20 11:13:09.026,1.6587,1.6589,0.40,42.60
2007.12.20 11:13:09.194,1.6587,1.6589,0.40,41.80
2007.12.20 11:13:09.361,1.6587,1.6589,0.40,41.80
2007.12.20 11:13:09.563,1.65865,1.65885,0.40,8.30
2007.12.20 11:13:09.896,1.65865,1.65885,0.40,12.30
2007.12.20 11:13:10.135,1.65865,1.65885,0.40,12.30
2007.12.20 11:13:11.066,1.65865,1.65885,0.40,12.30
2007.12.20 11:13:11.578,1.65865,1.65885,0.40,12.30
2007.12.20 11:13:12.104,1.65865,1.65885,0.40,12.30
2007.12.20 11:13:12.278,1.65865,1.6588,0.40,0.30
2007.12.20 11:13:12.452,1.6587,1.65885,4.00,12.30
2007.12.20 11:13:12.628,1.6587,1.65885,4.00,12.30
2007.12.20 11:13:13.150,1.6587,1.65885,4.00,12.30
2007.12.20 11:13:13.484,1.6587,1.65885,4.00,12.30
2007.12.20 11:13:14.644,1.65865,1.65885,0.40,12.30
2007.12.20 11:13:14.832,1.6586,1.6588,20.30,12.30
2007.12.20 11:13:15.114,1.6586,1.6588,20.30,12.30
2007.12.20 11:13:15.328,1.6586,1.6588,20.30,12.30
2007.12.20 11:13:15.657,1.6586,1.6588,12.30,20.30
2007.12.20 11:13:15.831,1.65855,1.6588,0.40,34.70
2007.12.20 11:13:16.004,1.65855,1.6588,0.40,34.70
2007.12.20 11:13:16.258,1.65855,1.6588,0.40,34.70
2007.12.20 11:13:16.512,1.65855,1.6587,0.40,0.30
2007.12.20 11:13:16.876,1.65855,1.6588,0.40,34.70
2007.12.20 11:13:17.129,1.65855,1.6588,0.40,34.70
2007.12.20 11:13:17.395,1.65855,1.6587,0.40,0.30
2007.12.20 11:13:18.013,1.65855,1.6588,0.40,34.70
2007.12.20 11:13:18.841,1.65855,1.6588,0.40,34.70
2007.12.20 11:13:19.158,1.65855,1.6588,0.40,34.70
2007.12.20 11:13:19.292,1.65855,1.6588,0.40,34.70
2007.12.20 11:13:19.567,1.65855,1.6587,0.40,0.30
2007.12.20 11:13:19.700,1.65855,1.6588,0.40,34.70
2007.12.20 11:13:20.092,1.65855,1.6588,0.40,34.70
2007.12.20 11:13:20.918,1.65855,1.6588,0.40,34.70
2007.12.20 11:13:21.252,1.65855,1.6588,0.40,34.70
2007.12.20 11:13:22.147,1.65855,1.6588,0.40,34.70
2007.12.20 11:13:22.479,1.65855,1.6587,0.40,0.30
2007.12.20 11:13:22.667,1.65855,1.6588,0.40,34.70
2007.12.20 11:13:23.076,1.65855,1.6588,0.40,34.70
2007.12.20 11:13:23.639,1.65855,1.6587,0.40,0.30
2007.12.20 11:13:23.867,1.65855,1.6588,0.40,35.50
2007.12.20 11:13:24.095,1.65855,1.6588,0.40,35.90
2007.12.20 11:13:24.233,1.65855,1.6588,0.40,35.90
2007.12.20 11:13:24.633,1.65855,1.6587,0.40,0.30
2007.12.20 11:13:25.300,1.65855,1.6587,0.40,0.30
2007.12.20 11:13:25.499,1.65855,1.6588,0.40,34.70
2007.12.20 11:13:25.697,1.65855,1.6588,0.40,34.70
2007.12.20 11:13:25.895,1.65855,1.6588,0.40,34.70
2007.12.20 11:13:26.093,1.65855,1.6588,0.40,34.70
2007.12.20 11:13:27.827,1.65855,1.6587,0.40,0.30
2007.12.20 11:13:28.128,1.65855,1.6587,0.40,0.30
2007.12.20 11:13:28.697,1.65855,1.6587,0.40,0.30
2007.12.20 11:13:29.350,1.65855,1.6587,0.40,0.30
2007.12.20 11:13:29.578,1.65855,1.6587,0.40,0.30
2007.12.20 11:13:29.806,1.65855,1.6587,0.40,0.30
2007.12.20 11:13:30.034,1.65855,1.6587,0.40,0.30
2007.12.20 11:13:30.262,1.65855,1.6587,0.40,0.30
2007.12.20 11:13:30.505,1.65855,1.6587,0.40,0.30
2007.12.20 11:13:31.176,1.65855,1.6587,0.40,0.30
2007.12.20 11:13:31.409,1.65855,1.6587,0.40,0.30
2007.12.20 11:13:31.780,1.65855,1.6587,0.40,0.30
2007.12.20 11:13:33.353,1.65855,1.6587,0.40,0.30
2007.12.20 11:13:35.406,1.65855,1.6587,0.40,0.30
2007.12.20 11:13:36.332,1.65855,1.6587,0.40,0.30
2007.12.20 11:13:38.738,1.6585,1.6586,28.00,0.30
2007.12.20 11:13:38.876,1.6585,1.6586,16.00,0.30
2007.12.20 11:13:39.014,1.6585,1.6586,16.00,0.30
2007.12.20 11:13:39.163,1.6585,1.6586,16.00,0.30
2007.12.20 11:13:39.291,1.6585,1.6586,5.60,0.30
2007.12.20 11:13:39.429,1.6585,1.6586,5.60,0.30
2007.12.20 11:13:39.815,1.6585,1.6586,4.00,0.30
2007.12.20 11:13:40.148,1.6585,1.6586,4.00,0.30
2007.12.20 11:13:40.482,1.6585,1.6586,4.00,0.30
2007.12.20 11:13:42.010,1.6585,1.6586,4.00,0.30
2007.12.20 11:13:42.148,1.6585,1.6586,4.00,0.30
2007.12.20 11:13:42.553,1.6585,1.6586,4.00,0.30
2007.12.20 11:13:42.837,1.6585,1.6586,4.00,0.30
2007.12.20 11:13:43.006,1.6585,1.6586,4.00,0.30
2007.12.20 11:13:43.174,1.6585,1.6586,4.00,0.30
2007.12.20 11:13:43.342,1.65845,1.6586,0.40,0.30
2007.12.20 11:13:43.510,1.65845,1.6586,0.40,0.30
2007.12.20 11:13:43.832,1.6585,1.6586,4.00,0.30
2007.12.20 11:13:44.150,1.6585,1.6586,4.00,0.30
2007.12.20 11:13:44.468,1.6585,1.6586,4.00,0.30
2007.12.20 11:13:44.676,1.6585,1.6586,4.00,0.30
2007.12.20 11:13:44.885,1.6585,1.6586,4.00,0.30
2007.12.20 11:13:45.093,1.6585,1.6586,4.00,0.30
2007.12.20 11:13:45.301,1.6585,1.6586,4.00,0.30
2007.12.20 11:13:45.510,1.6585,1.6586,4.00,0.30
2007.12.20 11:13:45.758,1.65845,1.6586,0.40,0.30
2007.12.20 11:13:46.007,1.65845,1.6586,0.40,1.00
2007.12.20 11:13:46.256,1.65845,1.6586,0.40,1.40
2007.12.20 11:13:46.505,1.65845,1.6586,0.40,0.30
2007.12.20 11:13:46.724,1.65845,1.6586,0.40,0.30
2007.12.20 11:13:46.943,1.6585,1.6586,4.00,0.30
2007.12.20 11:13:47.161,1.6585,1.6586,4.00,0.30
2007.12.20 11:13:47.380,1.6585,1.65855,4.00,0.30
2007.12.20 11:13:47.599,1.6585,1.65855,4.00,0.30
2007.12.20 11:13:47.872,1.6584,1.65855,18.70,0.30
2007.12.20 11:13:48.146,1.6584,1.65855,18.70,0.30
2007.12.20 11:13:48.420,1.6584,1.65855,18.70,0.30
2007.12.20 11:13:48.695,1.6584,1.65855,18.70,0.30
2007.12.20 11:13:48.883,1.6584,1.65855,18.70,0.30
2007.12.20 11:13:49.134,1.6584,1.65855,18.70,0.30
2007.12.20 11:13:49.337,1.6584,1.65855,18.70,0.30
2007.12.20 11:13:49.652,1.6584,1.65855,18.70,0.30
2007.12.20 11:13:49.894,1.6584,1.65855,18.70,0.30
2007.12.20 11:13:50.137,1.6584,1.65855,18.70,0.30
2007.12.20 11:13:50.386,1.6584,1.65855,18.70,0.30
2007.12.20 11:13:51.109,1.6584,1.65855,18.70,0.30
2007.12.20 11:13:51.367,1.6584,1.65855,18.70,0.30
2007.12.20 11:13:52.135,1.6584,1.65855,18.70,0.30
2007.12.20 11:13:52.360,1.6584,1.65855,18.70,0.30
2007.12.20 11:13:53.181,1.6584,1.65855,18.70,0.30
2007.12.20 11:13:53.396,1.6584,1.65855,18.70,0.30
2007.12.20 11:13:54.105,1.6584,1.65855,18.70,0.30
2007.12.20 11:13:55.130,1.6584,1.65855,18.70,0.30
2007.12.20 11:13:55.311,1.65835,1.65855,22.70,0.30
2007.12.20 11:14:00.932,1.65835,1.65855,22.70,0.30
2007.12.20 11:14:01.037,1.6584,1.65855,9.10,0.30
2007.12.20 11:14:01.150,1.6584,1.65855,7.50,0.30
2007.12.20 11:14:05.402,1.6583,1.65855,51.50,0.30
2007.12.20 11:14:07.873,1.6584,1.65855,4.00,0.30
2007.12.20 11:14:08.073,1.6583,1.65855,51.50,0.30
2007.12.20 11:14:08.906,1.6583,1.65855,51.50,0.30
2007.12.20 11:14:09.165,1.6584,1.65855,1.60,0.30
2007.12.20 11:14:10.145,1.65835,1.65855,22.70,0.30
2007.12.20 11:14:11.821,1.65835,1.65855,22.70,0.30
2007.12.20 11:14:12.126,1.65835,1.65855,22.70,0.30
2007.12.20 11:14:12.364,1.65835,1.65855,22.70,0.30
2007.12.20 11:14:12.814,1.6584,1.65855,9.60,0.30
2007.12.20 11:14:13.052,1.65835,1.65855,22.70,0.30
2007.12.20 11:14:13.284,1.65835,1.65855,22.70,0.30
2007.12.20 11:14:13.482,1.6584,1.65855,7.40,0.30
2007.12.20 11:14:14.316,1.6583,1.65855,51.50,0.30
2007.12.20 11:14:15.118,1.6583,1.65855,51.50,0.30
2007.12.20 11:14:15.351,1.6583,1.65855,51.50,0.30
2007.12.20 11:14:17.908,1.6583,1.6586,51.20,14.40
2007.12.20 11:14:18.055,1.65835,1.6586,22.40,14.40
2007.12.20 11:14:18.311,1.6584,1.6586,8.80,14.40
2007.12.20 11:14:19.646,1.65835,1.6586,22.40,14.40
2007.12.20 11:14:20.355,1.6584,1.6586,9.00,14.40
2007.12.20 11:14:20.871,1.65835,1.6586,22.40,14.40
2007.12.20 11:14:21.110,1.6584,1.6586,7.40,14.40
2007.12.20 11:14:22.321,1.6584,1.65855,4.20,0.80
2007.12.20 11:14:22.514,1.6584,1.65855,18.40,1.60
2007.12.20 11:14:23.133,1.6584,1.65855,18.40,1.60
2007.12.20 11:14:23.257,1.6584,1.6585,4.00,10.40
2007.12.20 11:14:23.380,1.6583,1.65845,12.00,8.00
2007.12.20 11:14:23.713,1.6584,1.65845,4.00,8.00
2007.12.20 11:14:24.047,1.65835,1.6585,0.40,1.00
2007.12.20 11:14:24.381,1.6584,1.65855,18.70,0.30
2007.12.20 11:14:24.594,1.6584,1.65855,18.70,0.30
2007.12.20 11:14:24.808,1.6584,1.65855,18.70,0.30
2007.12.20 11:14:25.021,1.6584,1.65855,18.70,0.30
2007.12.20 11:14:25.336,1.6584,1.65855,18.70,0.30
2007.12.20 11:14:25.856,1.6584,1.65855,18.70,0.30
2007.12.20 11:14:26.118,1.6584,1.65855,18.70,0.30
2007.12.20 11:14:26.382,1.6584,1.65855,18.70,0.30
2007.12.20 11:14:26.644,1.6584,1.65855,18.70,0.30
2007.12.20 11:14:26.894,1.6584,1.65855,18.70,0.30
2007.12.20 11:14:27.098,1.6584,1.65855,18.70,0.30
2007.12.20 11:14:27.314,1.6584,1.65855,18.70,0.30
2007.12.20 11:14:27.625,1.6584,1.65855,18.70,0.30
2007.12.20 11:14:28.931,1.6584,1.6585,18.40,0.30
2007.12.20 11:14:29.054,1.6584,1.6585,8.00,0.30
2007.12.20 11:14:29.178,1.6584,1.65855,4.30,0.30
2007.12.20 11:14:29.301,1.6584,1.65855,0.40,0.30
2007.12.20 11:14:29.377,1.6584,1.6586,0.40,8.30
2007.12.20 11:14:29.425,1.6584,1.65855,0.40,0.30
2007.12.20 11:14:29.586,1.6584,1.65855,0.40,0.30
2007.12.20 11:14:29.877,1.6584,1.65865,0.40,8.30
2007.12.20 11:14:30.116,1.6584,1.65855,0.40,0.30
2007.12.20 11:14:30.352,1.6584,1.6587,0.40,41.90
2007.12.20 11:14:30.591,1.6584,1.65855,0.40,0.30
2007.12.20 11:14:30.829,1.6584,1.65855,0.40,0.30
2007.12.20 11:14:31.137,1.6584,1.65855,0.40,0.30
2007.12.20 11:14:31.660,1.6584,1.65855,0.40,0.30
2007.12.20 11:14:31.859,1.6584,1.65855,0.40,0.30
2007.12.20 11:14:32.059,1.6584,1.65855,0.40,0.30
2007.12.20 11:14:32.375,1.6584,1.65855,0.40,0.30
2007.12.20 11:14:33.090,1.6584,1.65855,0.40,0.30
2007.12.20 11:14:33.411,1.6584,1.65855,0.40,0.30
2007.12.20 11:14:35.878,1.6584,1.65855,0.40,0.30
2007.12.20 11:14:36.111,1.6584,1.65855,0.40,0.30
2007.12.20 11:14:36.344,1.6583,1.65845,24.30,0.30
2007.12.20 11:14:36.576,1.6583,1.65845,24.30,0.30
2007.12.20 11:14:36.809,1.6583,1.65845,20.30,0.30
2007.12.20 11:14:37.042,1.6583,1.65845,18.70,0.30
2007.12.20 11:14:37.275,1.6583,1.65845,18.70,0.30
2007.12.20 11:14:37.876,1.6583,1.65845,18.70,0.30
2007.12.20 11:14:38.110,1.6583,1.65845,18.70,0.30
2007.12.20 11:14:38.912,1.6583,1.65845,18.70,0.30
2007.12.20 11:14:39.114,1.6583,1.65845,18.70,0.30
2007.12.20 11:14:39.373,1.6583,1.65845,18.70,0.30
2007.12.20 11:14:40.150,1.6583,1.65845,18.70,0.30
2007.12.20 11:14:41.591,1.6583,1.65845,18.70,0.30
2007.12.20 11:14:41.896,1.6583,1.65845,18.70,0.30
2007.12.20 11:14:42.115,1.6583,1.65845,18.70,0.30
2007.12.20 11:14:42.327,1.6583,1.65845,18.70,0.30
2007.12.20 11:14:42.643,1.6583,1.65845,18.70,0.30
2007.12.20 11:14:43.137,1.6583,1.65845,18.70,0.30
2007.12.20 11:14:45.113,1.6583,1.65845,18.70,0.30
2007.12.20 11:14:45.315,1.6583,1.65845,18.70,0.30
2007.12.20 11:14:47.145,1.6583,1.65845,18.70,0.30
2007.12.20 11:14:47.360,1.6583,1.65845,18.70,0.30
2007.12.20 11:14:47.867,1.6583,1.65845,18.70,0.30
2007.12.20 11:14:48.081,1.6583,1.65845,18.70,0.30
2007.12.20 11:14:48.391,1.6583,1.65845,18.70,0.30
2007.12.20 11:14:49.316,1.6583,1.65845,18.70,0.30
2007.12.20 11:14:51.111,1.6583,1.65845,18.70,0.30
2007.12.20 11:14:51.315,1.6583,1.65845,18.70,0.30
2007.12.20 11:14:52.144,1.6583,1.65845,18.70,0.30
2007.12.20 11:14:52.348,1.6583,1.65845,18.70,0.30
2007.12.20 11:14:53.054,1.6583,1.65845,18.70,0.30
2007.12.20 11:14:53.376,1.6583,1.65845,18.70,0.30
2007.12.20 11:14:53.894,1.6583,1.65845,18.70,0.30
2007.12.20 11:14:54.081,1.6583,1.65845,18.70,0.30
2007.12.20 11:14:55.114,1.6583,1.65845,18.70,0.30
2007.12.20 11:14:55.392,1.6583,1.65845,18.70,0.30
2007.12.20 11:14:55.885,1.6583,1.65845,18.70,0.30
2007.12.20 11:14:56.412,1.6583,1.65845,18.70,0.30
2007.12.20 11:14:56.615,1.6583,1.65845,18.70,0.30
2007.12.20 11:14:57.130,1.6583,1.65845,18.70,0.30
2007.12.20 11:14:57.384,1.6583,1.65845,18.70,0.30
2007.12.20 11:14:59.081,1.6583,1.65845,18.70,0.30
2007.12.20 11:14:59.906,1.6583,1.65845,18.70,0.30
2007.12.20 11:15:00.836,1.6583,1.65845,18.70,0.30
2007.12.20 11:15:01.134,1.6583,1.65845,18.70,0.30
2007.12.20 11:15:02.114,1.6583,1.65845,18.70,0.30
2007.12.20 11:15:03.848,1.6583,1.65845,18.70,0.30
2007.12.20 11:15:04.892,1.6583,1.65845,18.70,0.30
2007.12.20 11:15:05.096,1.6583,1.65845,18.70,0.30
2007.12.20 11:15:05.406,1.6583,1.65845,18.70,0.30
2007.12.20 11:15:05.621,1.6583,1.65845,18.70,0.30
2007.12.20 11:15:05.828,1.6583,1.65845,18.70,0.30
2007.12.20 11:15:06.140,1.6583,1.65845,18.70,0.30
2007.12.20 11:15:07.171,1.65825,1.65855,4.00,4.00
2007.12.20 11:15:08.032,1.65825,1.65855,4.00,4.00
2007.12.20 11:15:08.240,1.65825,1.65855,4.00,4.00
2007.12.20 11:15:08.451,1.65825,1.65855,4.00,4.00
2007.12.20 11:15:09.912,1.65825,1.65855,4.00,4.00
2007.12.20 11:15:10.121,1.65825,1.65855,4.00,4.00
2007.12.20 11:15:10.428,1.65825,1.65855,4.00,4.00
2007.12.20 11:15:10.839,1.65825,1.65855,4.00,4.00
2007.12.20 11:15:11.152,1.65825,1.65855,4.00,4.00
2007.12.20 11:15:11.588,1.65825,1.65855,4.00,4.00
2007.12.20 11:15:12.104,1.65825,1.65855,4.00,4.00
2007.12.20 11:15:12.408,1.65825,1.65855,4.00,4.00
2007.12.20 11:15:13.134,1.65825,1.65855,4.00,4.00
2007.12.20 11:15:13.337,1.65825,1.65855,4.00,4.00
2007.12.20 11:15:14.133,1.65825,1.65855,4.00,4.00
2007.12.20 11:15:14.356,1.65825,1.65855,4.00,4.00
2007.12.20 11:15:16.412,1.65825,1.65855,4.00,4.00
2007.12.20 11:15:16.606,1.65825,1.65855,4.00,4.00
2007.12.20 11:15:17.135,1.65825,1.65855,4.00,4.00
2007.12.20 11:15:17.481,1.6581,1.65855,4.80,4.00
2007.12.20 11:15:17.865,1.6581,1.65855,4.80,4.00
2007.12.20 11:15:18.197,1.65825,1.65855,0.50,4.00
2007.12.20 11:15:18.530,1.65825,1.65855,2.40,4.00
2007.12.20 11:15:19.420,1.65825,1.65855,1.60,4.00
2007.12.20 11:15:20.251,1.6581,1.65855,4.80,4.00
2007.12.20 11:15:20.528,1.6581,1.65855,4.80,4.00
2007.12.20 11:15:20.883,1.6581,1.65855,4.80,4.00
2007.12.20 11:15:21.090,1.6581,1.65855,4.80,4.00
2007.12.20 11:15:21.927,1.6581,1.65855,4.80,4.00
2007.12.20 11:15:22.185,1.65825,1.65855,0.70,4.00
2007.12.20 11:15:24.094,1.6581,1.65855,4.80,4.00
2007.12.20 11:15:24.394,1.65825,1.65855,1.80,4.00
2007.12.20 11:15:24.823,1.6581,1.65855,4.80,4.00
2007.12.20 11:15:25.072,1.65835,1.6585,0.40,0.30
2007.12.20 11:15:25.304,1.6583,1.6585,6.80,9.00
2007.12.20 11:15:25.520,1.6583,1.6585,26.80,2.60
2007.12.20 11:15:25.762,1.6583,1.6585,26.80,1.80
2007.12.20 11:15:26.001,1.6583,1.6585,30.00,0.30
2007.12.20 11:15:26.242,1.65835,1.6585,4.40,0.30
2007.12.20 11:15:26.480,1.6584,1.6585,1.90,0.30
2007.12.20 11:15:26.929,1.65835,1.6585,4.40,0.30
2007.12.20 11:15:27.152,1.6584,1.6585,2.40,0.30
2007.12.20 11:15:27.917,1.65835,1.6585,4.40,0.30
2007.12.20 11:15:28.074,1.6583,1.65855,37.90,9.80
2007.12.20 11:15:28.232,1.6583,1.65855,37.90,9.80
2007.12.20 11:15:28.392,1.6584,1.65855,1.90,0.30
2007.12.20 11:15:28.551,1.65835,1.65855,12.30,0.30
2007.12.20 11:15:28.860,1.65835,1.65855,12.30,0.30
2007.12.20 11:15:29.371,1.65835,1.65855,12.30,0.30
2007.12.20 11:15:30.095,1.65835,1.65855,12.30,0.30
2007.12.20 11:15:30.393,1.6584,1.65855,1.20,0.30
2007.12.20 11:15:32.487,1.6584,1.65855,1.60,0.30
2007.12.20 11:15:32.894,1.6583,1.65855,37.90,0.30
2007.12.20 11:15:33.202,1.6583,1.65855,37.90,0.30
2007.12.20 11:15:33.621,1.6583,1.65855,37.90,0.30
2007.12.20 11:15:35.156,1.6584,1.65855,2.50,0.30
2007.12.20 11:15:35.581,1.6583,1.65855,37.90,0.30
2007.12.20 11:15:38.999,1.6583,1.65855,38.70,0.30
2007.12.20 11:15:39.409,1.6583,1.65855,37.90,0.30
2007.12.20 11:15:39.829,1.6583,1.65855,37.90,0.30
2007.12.20 11:15:40.138,1.6583,1.65855,37.90,0.30
2007.12.20 11:15:41.158,1.6584,1.65855,3.70,0.30
2007.12.20 11:15:41.666,1.6583,1.65855,37.90,0.30
2007.12.20 11:15:41.893,1.6584,1.65855,1.60,0.30
2007.12.20 11:15:42.088,1.6583,1.65855,37.90,0.30
2007.12.20 11:15:42.409,1.6584,1.65855,1.80,0.30
2007.12.20 11:15:42.616,1.6584,1.65855,0.90,0.30
2007.12.20 11:15:42.821,1.6584,1.65855,1.60,0.30
2007.12.20 11:15:43.340,1.6583,1.65855,37.90,0.30
2007.12.20 11:15:44.055,1.6584,1.65855,0.80,0.30
2007.12.20 11:15:44.374,1.6583,1.65855,38.70,0.30
2007.12.20 11:15:44.547,1.6583,1.6586,47.00,25.10
2007.12.20 11:15:45.097,1.65835,1.6586,12.30,25.10
2007.12.20 11:15:47.140,1.6584,1.65855,8.30,0.30
2007.12.20 11:15:51.333,1.6584,1.65855,8.30,0.30
2007.12.20 11:15:51.624,1.6584,1.65855,8.30,0.30
2007.12.20 11:15:51.847,1.6584,1.65855,8.30,0.30
2007.12.20 11:15:52.148,1.6584,1.65855,8.30,0.30
2007.12.20 11:15:52.396,1.6584,1.65855,8.30,0.30
2007.12.20 11:15:52.965,1.6584,1.65855,8.30,0.30
2007.12.20 11:15:53.213,1.6584,1.65855,8.30,0.30
2007.12.20 11:15:53.382,1.6584,1.65855,8.30,0.30
2007.12.20 11:15:54.411,1.6584,1.65855,8.30,0.30
2007.12.20 11:15:58.654,1.65825,1.6586,4.00,0.80
2007.12.20 11:16:00.128,1.6584,1.6586,4.00,12.80
2007.12.20 11:16:00.451,1.6584,1.6586,4.00,13.60
2007.12.20 11:16:01.679,1.65845,1.6586,0.40,13.80
2007.12.20 11:16:01.812,1.65845,1.6586,0.40,16.20
2007.12.20 11:16:01.945,1.65845,1.6586,0.40,10.60
2007.12.20 11:16:02.079,1.6585,1.65865,0.40,13.80
2007.12.20 11:16:02.212,1.6585,1.65865,0.40,13.80
2007.12.20 11:16:02.345,1.6585,1.65865,4.30,13.80
2007.12.20 11:16:02.479,1.6585,1.65865,8.30,5.00
2007.12.20 11:16:02.696,1.6585,1.65865,8.30,0.30
2007.12.20 11:16:02.919,1.6585,1.65865,8.30,0.30
2007.12.20 11:16:03.138,1.6585,1.6586,8.00,0.30
2007.12.20 11:16:03.356,1.6585,1.6586,4.00,0.30
2007.12.20 11:16:03.578,1.65845,1.6586,0.40,0.30
2007.12.20 11:16:03.821,1.65845,1.6586,0.40,0.30
2007.12.20 11:16:04.318,1.65845,1.6586,0.40,1.00
2007.12.20 11:16:04.561,1.65845,1.6586,0.40,1.80
2007.12.20 11:16:04.719,1.6584,1.65855,17.90,0.30
2007.12.20 11:16:04.878,1.6584,1.65855,9.90,0.30
2007.12.20 11:16:05.037,1.6584,1.65855,9.90,0.30
2007.12.20 11:16:05.195,1.6584,1.65855,9.90,0.30
2007.12.20 11:16:05.929,1.6584,1.65855,9.90,0.30
2007.12.20 11:16:06.219,1.65845,1.6586,0.40,12.20
2007.12.20 11:16:06.507,1.65845,1.6586,0.40,1.80
2007.12.20 11:16:06.582,1.6584,1.6586,18.80,1.80
2007.12.20 11:16:06.900,1.6584,1.6586,20.40,1.80
2007.12.20 11:16:07.149,1.65845,1.6586,0.40,2.60
2007.12.20 11:16:07.352,1.6583,1.65855,40.30,0.30
2007.12.20 11:16:07.555,1.6583,1.65855,40.30,0.30
2007.12.20 11:16:07.759,1.6584,1.65855,2.00,0.30
2007.12.20 11:16:07.942,1.6584,1.65855,1.30,9.00
2007.12.20 11:16:08.126,1.6583,1.65855,36.40,9.80
2007.12.20 11:16:08.309,1.6583,1.65855,36.30,1.80
2007.12.20 11:16:08.493,1.6583,1.65855,36.30,1.00
2007.12.20 11:16:08.703,1.6583,1.65855,40.30,1.00
2007.12.20 11:16:08.996,1.6583,1.65855,40.30,0.30
2007.12.20 11:16:10.364,1.6584,1.65855,2.20,0.30
2007.12.20 11:16:12.329,1.6584,1.65855,3.30,0.30
2007.12.20 11:16:12.639,1.6583,1.65855,40.30,0.30
2007.12.20 11:16:12.843,1.6584,1.65855,0.50,0.30
2007.12.20 11:16:13.157,1.6583,1.65855,40.30,0.30
2007.12.20 11:16:13.416,1.6583,1.65855,37.20,9.80
2007.12.20 11:16:13.674,1.6584,1.65855,0.40,9.80
2007.12.20 11:16:13.932,1.6584,1.65855,4.00,1.80
2007.12.20 11:16:14.189,1.6583,1.65855,37.10,0.30
2007.12.20 11:16:14.449,1.6583,1.65855,41.10,0.30
2007.12.20 11:16:14.828,1.6584,1.65855,2.80,0.30
2007.12.20 11:16:15.244,1.6583,1.65855,41.10,0.30
2007.12.20 11:16:15.452,1.6583,1.65855,41.10,0.30
2007.12.20 11:16:15.665,1.6584,1.65855,3.20,0.30
2007.12.20 11:16:15.873,1.6583,1.65855,37.20,9.00
2007.12.20 11:16:16.137,1.6584,1.65855,2.00,9.60
2007.12.20 11:16:16.401,1.6584,1.65855,16.40,0.80
2007.12.20 11:16:16.663,1.65845,1.6586,0.40,18.60
2007.12.20 11:16:16.927,1.6584,1.6586,30.00,9.80
2007.12.20 11:16:17.155,1.6584,1.6586,30.00,0.30
2007.12.20 11:16:17.383,1.6584,1.65865,30.00,13.80
2007.12.20 11:16:17.611,1.6584,1.65865,34.00,13.80
2007.12.20 11:16:17.840,1.6584,1.65865,34.00,5.80
2007.12.20 11:16:18.069,1.6585,1.65865,2.50,1.00
2007.12.20 11:16:18.358,1.6585,1.65865,1.30,0.30
2007.12.20 11:16:18.646,1.6585,1.65865,3.80,0.30
2007.12.20 11:16:19.123,1.6585,1.65865,4.30,0.30
2007.12.20 11:16:19.330,1.6585,1.65865,0.50,0.30
2007.12.20 11:16:19.648,1.6584,1.65865,41.90,0.30
2007.12.20 11:16:20.364,1.6584,1.65865,41.90,0.30
2007.12.20 11:16:21.722,1.6585,1.6587,8.40,25.00
2007.12.20 11:16:21.920,1.65855,1.6587,0.40,10.60
2007.12.20 11:16:22.118,1.6585,1.6587,18.00,10.60
2007.12.20 11:16:22.322,1.65855,1.6587,0.40,0.30
2007.12.20 11:16:22.525,1.6585,1.6587,28.40,0.30
2007.12.20 11:16:22.728,1.6585,1.6587,28.40,0.30
2007.12.20 11:16:23.002,1.65855,1.6587,0.40,0.30
2007.12.20 11:16:23.205,1.6585,1.6587,30.00,0.30
2007.12.20 11:16:23.856,1.6585,1.6587,30.00,0.30
2007.12.20 11:16:24.950,1.6586,1.6587,0.80,0.30
2007.12.20 11:16:25.103,1.6586,1.65875,1.20,9.60
2007.12.20 11:16:25.241,1.6586,1.65875,9.20,9.60
2007.12.20 11:16:25.379,1.6586,1.65875,23.60,0.80
2007.12.20 11:16:25.517,1.65865,1.6588,0.40,4.20
2007.12.20 11:16:25.656,1.6586,1.65875,1.50,0.30
2007.12.20 11:16:25.794,1.6585,1.65875,43.50,1.00
2007.12.20 11:16:25.932,1.6585,1.65875,37.10,1.80
2007.12.20 11:16:26.111,1.6585,1.65875,37.10,1.80
2007.12.20 11:16:26.354,1.65855,1.6587,2.00,0.30
2007.12.20 11:16:26.598,1.65855,1.6587,2.00,0.30
2007.12.20 11:16:26.841,1.6586,1.65875,7.30,1.80
2007.12.20 11:16:27.085,1.6585,1.65875,38.70,1.80
2007.12.20 11:16:27.328,1.6586,1.65875,4.30,1.80
2007.12.20 11:16:27.511,1.6585,1.65875,38.70,1.80
2007.12.20 11:16:27.883,1.6585,1.65875,42.70,1.80
2007.12.20 11:16:28.088,1.6585,1.65875,42.70,1.80
2007.12.20 11:16:34.086,1.6585,1.65875,42.70,1.80
2007.12.20 11:16:34.635,1.6585,1.65875,40.30,1.80
2007.12.20 11:16:34.834,1.6586,1.65875,8.30,1.00
2007.12.20 11:16:35.032,1.6586,1.65875,0.40,8.20
2007.12.20 11:16:35.231,1.6586,1.65875,14.70,8.20
2007.12.20 11:16:35.475,1.6586,1.65875,18.70,0.30
2007.12.20 11:16:35.800,1.6586,1.65875,14.70,0.30
2007.12.20 11:16:36.034,1.6586,1.65875,14.70,0.30
2007.12.20 11:16:36.267,1.6586,1.65875,14.70,0.30
2007.12.20 11:16:36.475,1.6586,1.65875,18.70,0.30
2007.12.20 11:16:39.148,1.6586,1.65875,18.70,0.30
2007.12.20 11:16:40.085,1.6586,1.65875,18.70,0.30
2007.12.20 11:16:42.344,1.6586,1.65875,18.70,0.30
2007.12.20 11:16:42.876,1.6586,1.65875,18.70,0.30
2007.12.20 11:16:43.077,1.6586,1.65875,18.70,0.30
2007.12.20 11:16:43.699,1.6586,1.65865,18.40,0.30
2007.12.20 11:16:44.003,1.6585,1.65865,9.90,0.30
2007.12.20 11:16:44.316,1.6585,1.65865,1.90,0.30
2007.12.20 11:16:44.629,1.6585,1.65865,1.90,0.30
2007.12.20 11:16:44.818,1.6585,1.65865,0.40,0.30
2007.12.20 11:16:44.970,1.6585,1.65865,0.40,0.30
2007.12.20 11:16:45.155,1.6585,1.65865,0.40,0.30
2007.12.20 11:16:45.914,1.6585,1.65865,0.40,0.30
2007.12.20 11:16:46.167,1.6585,1.65865,0.40,0.30
2007.12.20 11:16:46.420,1.6585,1.65865,16.30,0.30
2007.12.20 11:16:46.672,1.6585,1.65865,16.30,0.30
2007.12.20 11:16:47.131,1.65855,1.6587,0.40,0.30
2007.12.20 11:16:47.304,1.65855,1.6587,0.40,0.30
2007.12.20 11:16:47.478,1.65855,1.6587,0.40,0.30
2007.12.20 11:16:47.718,1.65855,1.6587,0.40,0.30
2007.12.20 11:16:47.883,1.65855,1.6587,0.40,0.30
2007.12.20 11:16:48.047,1.65855,1.6587,0.40,0.30
2007.12.20 11:16:48.210,1.65855,1.6587,0.40,0.30
2007.12.20 11:16:49.117,1.65855,1.6587,0.40,0.30
2007.12.20 11:16:49.422,1.65855,1.6587,0.40,0.30
2007.12.20 11:16:50.688,1.65855,1.6587,0.40,0.30
2007.12.20 11:16:50.854,1.65855,1.6587,0.40,0.30
2007.12.20 11:16:51.164,1.65855,1.6587,0.40,0.30
2007.12.20 11:16:53.671,1.65855,1.6588,0.40,30.70
2007.12.20 11:16:55.713,1.65855,1.6587,0.40,0.30
2007.12.20 11:16:56.048,1.65855,1.6588,0.40,34.70
2007.12.20 11:16:56.237,1.65855,1.6588,0.40,34.70
2007.12.20 11:16:56.425,1.65855,1.6587,0.40,0.30
2007.12.20 11:16:56.659,1.65855,1.6588,0.40,34.70
2007.12.20 11:16:56.846,1.65855,1.6588,0.40,35.50
2007.12.20 11:16:57.035,1.65855,1.6588,0.40,37.10
2007.12.20 11:16:57.229,1.65855,1.6588,0.40,41.10
2007.12.20 11:16:58.057,1.65855,1.6588,0.40,41.10
2007.12.20 11:16:59.738,1.6586,1.6587,4.00,0.30
2007.12.20 11:16:59.867,1.6586,1.6587,4.00,0.30
2007.12.20 11:16:59.997,1.6586,1.6588,8.00,26.70
2007.12.20 11:17:00.250,1.6586,1.6587,8.00,0.30
2007.12.20 11:17:00.504,1.6586,1.6587,8.00,0.30
2007.12.20 11:17:00.857,1.6586,1.6588,8.00,22.70
2007.12.20 11:17:01.199,1.6586,1.6587,4.00,0.30
2007.12.20 11:17:01.413,1.65855,1.6587,0.40,0.30
2007.12.20 11:17:01.627,1.65855,1.6587,0.40,0.30
2007.12.20 11:17:01.881,1.65855,1.6588,0.40,34.70
2007.12.20 11:17:02.094,1.65855,1.6587,0.40,0.30
2007.12.20 11:17:02.402,1.65855,1.6587,0.40,0.30
2007.12.20 11:17:02.655,1.65855,1.6588,0.40,38.70
2007.12.20 11:17:03.116,1.65855,1.6588,0.40,38.70
2007.12.20 11:17:03.369,1.65855,1.6588,0.40,38.70
2007.12.20 11:17:03.651,1.65855,1.6587,0.40,0.30
2007.12.20 11:17:03.815,1.65855,1.6587,0.40,0.30
2007.12.20 11:17:03.979,1.65855,1.6588,0.40,41.10
2007.12.20 11:17:04.141,1.6585,1.65865,28.30,0.30
2007.12.20 11:17:04.325,1.6585,1.6588,17.90,37.10
2007.12.20 11:17:04.508,1.6585,1.6588,17.90,36.30
2007.12.20 11:17:04.829,1.6585,1.6588,16.30,37.90
2007.12.20 11:17:05.012,1.6585,1.6588,16.30,37.90
2007.12.20 11:17:05.195,1.6585,1.6588,16.30,37.90
2007.12.20 11:17:06.128,1.6585,1.6588,16.30,37.90
2007.12.20 11:17:07.153,1.6585,1.65865,16.30,0.30
2007.12.20 11:17:07.339,1.6585,1.6588,16.30,38.70
2007.12.20 11:17:07.513,1.6585,1.65865,16.30,0.30
2007.12.20 11:17:07.685,1.6585,1.6588,16.30,44.30
2007.12.20 11:17:07.866,1.6585,1.65865,16.30,0.30
2007.12.20 11:17:08.039,1.6585,1.6588,16.30,42.70
2007.12.20 11:17:08.212,1.6585,1.65865,16.30,0.30
2007.12.20 11:17:08.436,1.6585,1.6588,16.30,38.70
2007.12.20 11:17:08.660,1.6585,1.65865,16.30,0.30
2007.12.20 11:17:08.884,1.65855,1.6587,0.40,0.30
2007.12.20 11:17:09.107,1.65855,1.6588,0.40,42.70
2007.12.20 11:17:09.331,1.65855,1.6587,0.40,0.30
2007.12.20 11:17:09.518,1.65855,1.6588,0.40,42.70
2007.12.20 11:17:09.884,1.65855,1.6587,0.40,0.30
2007.12.20 11:17:10.072,1.65855,1.6587,0.40,0.30
2007.12.20 11:17:10.260,1.65855,1.6587,0.40,0.30
2007.12.20 11:17:11.115,1.65855,1.6588,0.40,41.10
2007.12.20 11:17:13.058,1.65855,1.6587,0.40,0.30
2007.12.20 11:17:14.907,1.65855,1.6587,0.40,0.30
2007.12.20 11:17:15.010,1.65855,1.6588,0.40,40.30
2007.12.20 11:17:15.114,1.65855,1.6588,0.40,38.70
2007.12.20 11:17:15.226,1.65855,1.6588,0.40,34.70
2007.12.20 11:17:15.329,1.65855,1.6587,0.40,0.30
2007.12.20 11:17:15.454,1.65855,1.6587,0.40,0.30
2007.12.20 11:17:15.779,1.65855,1.6588,0.40,41.10
2007.12.20 11:17:16.102,1.65855,1.6588,0.40,41.10
2007.12.20 11:17:16.425,1.65855,1.6587,0.40,0.30
2007.12.20 11:17:16.690,1.6585,1.65865,28.30,0.30
2007.12.20 11:17:16.872,1.6585,1.65865,16.30,0.30
2007.12.20 11:17:17.031,1.6585,1.6588,13.90,41.10
2007.12.20 11:17:17.190,1.6585,1.6588,1.90,42.70
2007.12.20 11:17:17.349,1.6585,1.6587,1.90,4.30
2007.12.20 11:17:17.816,1.6585,1.65865,1.90,0.30
2007.12.20 11:17:18.090,1.6585,1.65865,0.40,2.70
2007.12.20 11:17:18.363,1.6584,1.65855,24.30,0.30
2007.12.20 11:17:18.636,1.6584,1.65855,20.30,0.30
2007.12.20 11:17:18.839,1.6584,1.65855,18.70,0.30
2007.12.20 11:17:19.112,1.6584,1.6586,18.70,14.70
2007.12.20 11:17:19.411,1.6584,1.6586,18.70,14.70
2007.12.20 11:17:19.836,1.6584,1.6586,18.70,14.70
2007.12.20 11:17:20.167,1.6584,1.65855,18.70,0.30
2007.12.20 11:17:21.069,1.6584,1.6586,18.70,14.70
2007.12.20 11:17:21.302,1.6584,1.6586,26.70,9.90
2007.12.20 11:17:21.481,1.6585,1.65855,4.00,0.30
2007.12.20 11:17:21.721,1.6585,1.65855,4.00,0.30
2007.12.20 11:17:22.045,1.6585,1.65855,4.00,0.30
2007.12.20 11:17:22.263,1.6585,1.65865,4.00,4.30
2007.12.20 11:17:22.491,1.6585,1.6586,8.00,0.30
2007.12.20 11:17:22.709,1.6585,1.6587,8.30,14.70
2007.12.20 11:17:22.873,1.6585,1.65865,8.30,0.30
2007.12.20 11:17:23.036,1.6585,1.65865,16.30,0.30
2007.12.20 11:17:23.199,1.65855,1.6587,0.40,0.30
2007.12.20 11:17:23.362,1.65855,1.6587,0.40,0.30
2007.12.20 11:17:23.838,1.65855,1.6587,0.40,0.30
2007.12.20 11:17:24.016,1.65855,1.6587,0.40,0.30
2007.12.20 11:17:24.194,1.65855,1.6587,0.40,0.30
2007.12.20 11:17:24.373,1.65855,1.6587,0.40,0.30
2007.12.20 11:17:25.095,1.65855,1.6587,0.40,0.30
2007.12.20 11:17:27.167,1.65855,1.6587,0.40,0.30
2007.12.20 11:17:28.075,1.65855,1.6587,0.40,0.30
2007.12.20 11:17:28.397,1.65855,1.6587,0.40,0.30
2007.12.20 11:17:28.711,1.6586,1.6587,4.00,0.30
2007.12.20 11:17:28.845,1.6586,1.6587,4.00,0.30
2007.12.20 11:17:29.092,1.6586,1.6587,8.00,0.30
2007.12.20 11:17:29.350,1.6586,1.6587,8.00,0.30
2007.12.20 11:17:29.598,1.6586,1.6587,8.00,0.30
2007.12.20 11:17:29.847,1.65855,1.6587,0.40,0.30
2007.12.20 11:17:30.115,1.65855,1.6587,0.40,0.30
2007.12.20 11:17:30.384,1.65855,1.6587,0.40,0.30
2007.12.20 11:17:30.652,1.65855,1.6587,0.40,0.30
2007.12.20 11:17:31.134,1.65855,1.6587,0.40,0.30
2007.12.20 11:17:31.357,1.65855,1.6587,0.40,0.30
2007.12.20 11:17:31.848,1.65855,1.6587,0.40,0.30
2007.12.20 11:17:32.162,1.65855,1.6587,0.40,0.30
2007.12.20 11:17:32.366,1.65855,1.6587,0.40,0.30
2007.12.20 11:17:33.082,1.65855,1.6587,0.40,0.30
2007.12.20 11:17:34.119,1.6585,1.65865,28.30,0.30
2007.12.20 11:17:34.232,1.6585,1.65865,28.30,0.30
2007.12.20 11:17:34.344,1.6585,1.65865,16.30,0.30
2007.12.20 11:17:34.458,1.6585,1.65865,16.30,0.30
2007.12.20 11:17:34.661,1.6585,1.65865,13.90,0.30
2007.12.20 11:17:34.774,1.6585,1.65865,0.40,0.30
2007.12.20 11:17:34.887,1.6585,1.65865,0.40,0.30
2007.12.20 11:17:35.163,1.6585,1.65865,0.40,0.30
2007.12.20 11:17:35.366,1.6585,1.65865,0.40,0.30
2007.12.20 11:17:35.670,1.6585,1.65865,0.40,0.30
2007.12.20 11:17:35.976,1.6585,1.65865,0.40,0.30
2007.12.20 11:17:36.119,1.6585,1.65865,0.40,0.30
2007.12.20 11:17:36.263,1.6585,1.65865,0.40,0.30
2007.12.20 11:17:36.405,1.6585,1.6586,0.40,1.60
2007.12.20 11:17:36.550,1.6585,1.6586,0.40,2.40
2007.12.20 11:17:36.692,1.6585,1.6586,0.40,2.40
2007.12.20 11:17:36.846,1.6584,1.65855,24.30,0.30
2007.12.20 11:17:36.979,1.6584,1.65855,24.30,0.30
2007.12.20 11:17:37.199,1.65835,1.65855,28.30,0.30
2007.12.20 11:17:37.212,1.65835,1.65855,24.30,0.30
2007.12.20 11:17:37.445,1.65835,1.65855,24.30,0.30
2007.12.20 11:17:37.678,1.65835,1.65855,18.70,0.30
2007.12.20 11:17:37.911,1.65835,1.65855,14.70,8.20
2007.12.20 11:17:38.144,1.65835,1.65855,14.70,8.20
2007.12.20 11:17:38.376,1.6584,1.65855,10.80,8.00
2007.12.20 11:17:38.621,1.6584,1.65855,10.80,8.00
2007.12.20 11:17:38.854,1.65845,1.65855,0.40,8.80
2007.12.20 11:17:39.088,1.65845,1.65855,0.40,9.60
2007.12.20 11:17:39.295,1.6584,1.65855,16.30,9.00
2007.12.20 11:17:39.503,1.6584,1.65855,16.30,0.30
2007.12.20 11:17:39.710,1.6584,1.65855,14.70,0.30
2007.12.20 11:17:39.918,1.6584,1.65855,18.70,0.30
2007.12.20 11:17:40.130,1.6584,1.65855,18.70,0.30
2007.12.20 11:17:40.393,1.65845,1.6586,0.40,0.30
2007.12.20 11:17:40.657,1.65845,1.6586,0.40,1.80
2007.12.20 11:17:40.920,1.65845,1.6586,0.40,2.60
2007.12.20 11:17:41.184,1.6584,1.65855,16.30,0.30
2007.12.20 11:17:41.367,1.6584,1.65855,16.30,0.30
2007.12.20 11:17:41.549,1.6584,1.65855,16.30,0.30
2007.12.20 11:17:41.733,1.6584,1.65855,16.30,0.30
2007.12.20 11:17:41.915,1.6584,1.65855,14.70,0.30
2007.12.20 11:17:42.099,1.6584,1.65855,14.70,0.30
2007.12.20 11:17:42.256,1.65845,1.6586,0.40,16.20
2007.12.20 11:17:42.416,1.65845,1.6586,0.40,0.30
2007.12.20 11:17:42.574,1.65845,1.6586,0.40,1.00
2007.12.20 11:17:42.741,1.6584,1.65855,14.70,0.30
2007.12.20 11:17:42.890,1.6584,1.65855,16.30,0.30
2007.12.20 11:17:43.047,1.65845,1.65855,0.40,0.30
2007.12.20 11:17:43.431,1.65845,1.65855,0.40,0.30
2007.12.20 11:17:43.687,1.6585,1.6586,0.40,16.20
2007.12.20 11:17:43.856,1.6585,1.6586,0.40,0.30
2007.12.20 11:17:44.025,1.6585,1.6586,0.40,0.30
2007.12.20 11:17:44.364,1.6585,1.6586,0.40,0.30
2007.12.20 11:17:44.653,1.6585,1.6586,0.40,1.00
2007.12.20 11:17:44.902,1.6585,1.6586,0.40,2.60
2007.12.20 11:17:45.130,1.65845,1.65855,0.40,0.30
2007.12.20 11:17:45.411,1.65845,1.65855,0.40,0.30
2007.12.20 11:17:45.913,1.65845,1.65855,0.40,0.30
2007.12.20 11:17:46.196,1.65845,1.65855,0.40,0.30
2007.12.20 11:17:47.172,1.65845,1.65855,0.40,0.30
2007.12.20 11:17:48.146,1.65845,1.65855,0.40,0.30
2007.12.20 11:17:48.266,1.6584,1.6585,4.30,0.30
2007.12.20 11:17:48.384,1.6584,1.6585,0.40,0.30
2007.12.20 11:17:48.503,1.6584,1.6585,0.40,0.30
2007.12.20 11:17:48.622,1.6584,1.6585,0.40,0.30
2007.12.20 11:17:48.774,1.6584,1.6585,0.40,0.30
2007.12.20 11:17:48.930,1.6584,1.6585,0.40,0.30
2007.12.20 11:17:49.047,1.6584,1.6585,0.40,0.30
2007.12.20 11:17:49.164,1.6584,1.6585,0.40,0.30
2007.12.20 11:17:49.499,1.65845,1.65855,0.40,0.30
2007.12.20 11:17:49.832,1.6583,1.6587,32.30,1.60
2007.12.20 11:17:50.165,1.6583,1.6587,32.30,1.60
2007.12.20 11:17:50.299,1.6583,1.6587,32.30,1.60
2007.12.20 11:17:50.433,1.6583,1.6587,32.30,1.60
2007.12.20 11:17:50.898,1.6583,1.6587,32.30,1.60
2007.12.20 11:17:51.030,1.6584,1.65875,1.60,8.00
2007.12.20 11:17:55.612,1.6584,1.65845,1.60,0.30
2007.12.20 11:17:55.765,1.6584,1.65845,1.60,0.30
2007.12.20 11:17:55.918,1.6584,1.65845,1.60,0.30
2007.12.20 11:17:56.167,1.6584,1.65845,1.60,0.30
2007.12.20 11:17:56.318,1.6584,1.65845,1.60,0.30
2007.12.20 11:17:56.472,1.6584,1.65845,1.60,0.30
2007.12.20 11:17:56.793,1.65835,1.65845,0.40,0.30
2007.12.20 11:17:56.862,1.6583,1.65845,18.80,0.30
2007.12.20 11:17:57.089,1.6583,1.65845,18.80,0.30
2007.12.20 11:17:58.800,1.65835,1.65845,0.40,0.30
2007.12.20 11:17:59.337,1.6583,1.65845,18.80,0.30
2007.12.20 11:18:02.760,1.65825,1.65845,22.70,0.30
2007.12.20 11:18:06.856,1.6583,1.65845,7.20,0.30
2007.12.20 11:18:07.157,1.65825,1.65845,22.70,0.30
2007.12.20 11:18:07.394,1.65825,1.65845,22.70,0.30
2007.12.20 11:18:07.691,1.6583,1.65845,9.60,0.30
2007.12.20 11:18:07.924,1.65825,1.65845,22.70,0.30
2007.12.20 11:18:09.865,1.65825,1.65845,22.70,0.30
2007.12.20 11:18:10.018,1.65835,1.6585,0.40,12.20
2007.12.20 11:18:10.270,1.6583,1.6585,20.40,4.20
2007.12.20 11:18:10.423,1.6583,1.6585,28.40,0.30
2007.12.20 11:18:10.642,1.6583,1.6585,30.00,0.30
2007.12.20 11:18:10.978,1.6583,1.6585,30.00,0.30
2007.12.20 11:18:11.248,1.6583,1.6585,30.00,0.30
2007.12.20 11:18:13.898,1.6583,1.6585,30.00,0.30
2007.12.20 11:18:14.126,1.6583,1.6585,30.00,0.30
2007.12.20 11:18:14.315,1.65835,1.6585,4.40,0.30
2007.12.20 11:18:14.504,1.6584,1.6585,0.80,0.30
2007.12.20 11:18:15.649,1.6584,1.6585,1.50,0.30
2007.12.20 11:18:19.822,1.6583,1.6585,30.00,0.30
2007.12.20 11:18:20.035,1.65835,1.6585,0.40,0.30
2007.12.20 11:18:20.229,1.6583,1.6585,30.00,0.30
2007.12.20 11:18:20.433,1.6583,1.6585,30.00,0.30
2007.12.20 11:18:20.944,1.65835,1.6585,0.40,0.30
2007.12.20 11:18:21.173,1.6583,1.6585,30.00,0.30
2007.12.20 11:18:21.401,1.6583,1.6585,30.00,0.30
2007.12.20 11:18:21.886,1.65835,1.6585,0.40,0.30
2007.12.20 11:18:22.197,1.65835,1.6585,0.40,0.30
2007.12.20 11:18:22.505,1.6583,1.6585,30.00,0.30
2007.12.20 11:18:22.724,1.6583,1.6585,30.00,0.30
2007.12.20 11:18:22.942,1.6583,1.6585,30.00,0.30
2007.12.20 11:18:23.160,1.65825,1.6584,28.40,0.30
2007.12.20 11:18:23.378,1.6583,1.6584,0.80,0.30
2007.12.20 11:18:23.637,1.6583,1.6584,0.90,0.30
2007.12.20 11:18:23.894,1.6582,1.6584,28.40,0.30
2007.12.20 11:18:24.155,1.65825,1.6584,0.40,0.30
2007.12.20 11:18:24.413,1.6582,1.6584,28.40,0.30
2007.12.20 11:18:24.682,1.6582,1.6584,24.40,4.20
2007.12.20 11:18:24.904,1.6582,1.65835,12.40,8.00
2007.12.20 11:18:25.202,1.6582,1.65835,12.40,8.00
2007.12.20 11:18:25.611,1.65825,1.65835,0.40,8.00
2007.12.20 11:18:25.925,1.6582,1.65835,12.40,8.00
2007.12.20 11:18:26.345,1.6582,1.65835,12.40,8.00
2007.12.20 11:18:28.093,1.65825,1.65835,0.40,8.50
2007.12.20 11:18:28.277,1.65825,1.65835,0.40,9.10
2007.12.20 11:18:28.460,1.65825,1.65835,0.40,1.10
2007.12.20 11:18:28.643,1.65825,1.65835,0.40,1.10
2007.12.20 11:18:28.876,1.65825,1.65835,0.40,0.50
2007.12.20 11:18:29.110,1.65825,1.6584,0.40,0.30
2007.12.20 11:18:29.691,1.65825,1.6584,0.40,0.30
2007.12.20 11:18:29.903,1.65825,1.6584,0.40,0.30
2007.12.20 11:18:30.723,1.65825,1.6584,0.40,4.20
2007.12.20 11:18:30.917,1.65825,1.65835,0.40,9.10
2007.12.20 11:18:31.110,1.65825,1.65835,0.40,9.10
2007.12.20 11:18:31.309,1.65825,1.65835,0.40,9.10
2007.12.20 11:18:31.502,1.65825,1.6584,0.40,4.20
2007.12.20 11:18:31.695,1.65825,1.6584,0.40,0.30
2007.12.20 11:18:31.984,1.65825,1.6584,0.40,0.30
2007.12.20 11:18:32.272,1.65825,1.6584,0.40,0.30
2007.12.20 11:18:32.560,1.65825,1.6584,0.40,0.30
2007.12.20 11:18:34.427,1.65825,1.6584,0.40,0.30
2007.12.20 11:18:34.640,1.65825,1.6584,0.40,0.30
2007.12.20 11:18:35.148,1.65825,1.6584,0.40,0.30
2007.12.20 11:18:35.364,1.65825,1.6584,0.40,0.30
2007.12.20 11:18:35.760,1.65825,1.6584,0.40,0.30
2007.12.20 11:18:36.175,1.65825,1.6584,0.40,0.30
2007.12.20 11:18:36.443,1.65825,1.6584,0.40,0.30
2007.12.20 11:18:36.889,1.6583,1.6584,0.40,0.30
2007.12.20 11:18:37.113,1.6583,1.6584,0.40,0.30
2007.12.20 11:18:37.426,1.6583,1.6584,0.40,0.30
2007.12.20 11:18:37.632,1.6583,1.6584,0.40,0.30
2007.12.20 11:18:37.847,1.6583,1.6584,0.40,0.30
2007.12.20 11:18:39.096,1.6583,1.6584,0.40,0.30
2007.12.20 11:18:39.413,1.6583,1.6584,0.40,0.30
2007.12.20 11:18:39.990,1.65835,1.65845,0.40,0.30
2007.12.20 11:18:40.288,1.65835,1.65845,0.40,0.30
2007.12.20 11:18:40.586,1.65835,1.65845,0.40,0.30
2007.12.20 11:18:40.885,1.65835,1.65845,0.40,0.30
2007.12.20 11:18:41.179,1.65835,1.65845,0.40,0.30
2007.12.20 11:18:41.431,1.65835,1.65845,0.40,0.30
2007.12.20 11:18:41.976,1.65835,1.65845,0.40,0.30
2007.12.20 11:18:42.397,1.65835,1.65845,0.40,0.30
2007.12.20 11:18:46.777,1.65835,1.65845,0.40,8.20
2007.12.20 11:18:46.952,1.65835,1.65845,0.40,9.00
2007.12.20 11:18:47.215,1.65835,1.65845,0.40,9.00
2007.12.20 11:18:47.478,1.65835,1.65845,0.40,0.30
2007.12.20 11:18:47.742,1.6583,1.6584,4.30,0.30
2007.12.20 11:18:48.006,1.65835,1.65845,0.40,0.30
2007.12.20 11:18:48.263,1.65835,1.65845,0.40,0.30
2007.12.20 11:18:48.512,1.65835,1.65845,0.40,0.30
2007.12.20 11:18:48.770,1.65835,1.65845,0.40,0.30
2007.12.20 11:18:49.120,1.65835,1.65845,0.40,0.30
2007.12.20 11:18:49.303,1.6582,1.65855,32.30,8.00
2007.12.20 11:18:49.486,1.6582,1.65855,32.30,8.00
2007.12.20 11:18:49.798,1.6583,1.65855,1.60,8.00
2007.12.20 11:18:50.215,1.6583,1.65855,1.60,8.00
2007.12.20 11:18:50.404,1.65835,1.65845,0.40,8.20
2007.12.20 11:18:50.638,1.65835,1.65845,0.40,8.20
2007.12.20 11:18:51.188,1.65835,1.65845,0.40,8.20
2007.12.20 11:18:51.437,1.65835,1.65845,0.40,0.30
2007.12.20 11:18:51.685,1.65835,1.65845,0.40,0.30
2007.12.20 11:18:51.933,1.65835,1.65845,0.40,0.30
2007.12.20 11:18:52.181,1.65835,1.65845,0.40,0.30
2007.12.20 11:18:52.454,1.65835,1.65845,0.40,0.30
2007.12.20 11:18:54.791,1.65835,1.65845,0.40,0.30
2007.12.20 11:18:54.969,1.65835,1.65845,0.40,0.30
2007.12.20 11:18:55.147,1.6582,1.6586,33.90,27.20
2007.12.20 11:18:55.400,1.6582,1.6586,32.30,1.60
2007.12.20 11:18:55.654,1.6582,1.6586,32.30,1.60
2007.12.20 11:18:55.907,1.65825,1.6586,4.00,1.60
2007.12.20 11:18:56.160,1.6583,1.6587,1.60,45.40
2007.12.20 11:18:58.925,1.6583,1.6587,1.10,45.40
2007.12.20 11:19:00.628,1.65825,1.6586,5.60,1.60
2007.12.20 11:19:00.802,1.6583,1.65845,2.00,0.30
2007.12.20 11:19:00.976,1.65835,1.65845,0.40,0.30
2007.12.20 11:19:01.148,1.65835,1.65845,0.40,0.30
2007.12.20 11:19:01.350,1.6583,1.65845,2.00,0.30
2007.12.20 11:19:01.762,1.65835,1.6584,0.40,4.40
2007.12.20 11:19:02.004,1.65835,1.6584,0.40,13.20
2007.12.20 11:19:02.243,1.65835,1.6584,0.40,13.20
2007.12.20 11:19:02.492,1.65835,1.6584,0.40,13.20
2007.12.20 11:19:02.691,1.65835,1.6584,0.40,17.20
2007.12.20 11:19:02.864,1.6582,1.6584,2.90,24.80
2007.12.20 11:19:03.038,1.6581,1.6584,32.30,24.00
2007.12.20 11:19:03.210,1.6582,1.6584,0.60,24.00
2007.12.20 11:19:03.403,1.6582,1.6584,0.70,24.00
2007.12.20 11:19:03.929,1.6582,1.6584,0.50,24.00
2007.12.20 11:19:06.970,1.6584,1.65845,0.40,0.80
2007.12.20 11:19:07.163,1.6582,1.6584,4.80,24.00
2007.12.20 11:19:07.357,1.6584,1.65845,0.40,8.80
2007.12.20 11:19:07.551,1.6584,1.65845,0.40,9.00
2007.12.20 11:19:07.703,1.6584,1.65845,0.40,9.10
2007.12.20 11:19:07.857,1.6584,1.65845,0.40,1.10
2007.12.20 11:19:08.011,1.6584,1.65845,0.40,0.50
2007.12.20 11:19:08.173,1.6583,1.6585,16.40,10.20
2007.12.20 11:19:08.325,1.6583,1.65845,20.40,0.30
2007.12.20 11:19:08.478,1.6583,1.65845,20.40,0.30
2007.12.20 11:19:08.822,1.6584,1.6585,0.40,6.00
2007.12.20 11:19:09.144,1.6583,1.6585,18.80,2.20
2007.12.20 11:19:09.478,1.6583,1.6585,18.80,14.20
2007.12.20 11:19:10.152,1.6583,1.6585,18.80,14.20
2007.12.20 11:19:10.365,1.6583,1.6585,18.80,14.20
2007.12.20 11:19:10.683,1.6583,1.6585,18.80,14.20
2007.12.20 11:19:10.980,1.65835,1.6585,0.40,14.20
2007.12.20 11:19:11.289,1.65835,1.6585,0.40,14.20
2007.12.20 11:19:11.576,1.65835,1.6585,0.40,14.20
2007.12.20 11:19:11.819,1.6583,1.6585,14.80,14.20
2007.12.20 11:19:12.062,1.6583,1.6585,14.80,14.20
2007.12.20 11:19:12.306,1.6583,1.6584,4.40,8.00
2007.12.20 11:19:12.549,1.65835,1.6584,0.40,12.00
2007.12.20 11:19:12.812,1.65835,1.6584,0.40,12.00
2007.12.20 11:19:13.163,1.65835,1.6584,0.40,12.00
2007.12.20 11:19:13.426,1.65835,1.6584,0.40,12.00
2007.12.20 11:19:14.091,1.65835,1.6584,0.40,12.00
2007.12.20 11:19:15.980,1.65835,1.6584,0.40,12.00
2007.12.20 11:19:16.168,1.65835,1.6584,0.40,12.00
2007.12.20 11:19:16.385,1.65835,1.6584,0.40,12.00
2007.12.20 11:19:17.011,1.65835,1.6584,0.40,12.00
2007.12.20 11:19:17.220,1.65835,1.6584,0.40,12.00
2007.12.20 11:19:17.628,1.65835,1.6584,0.40,12.00
2007.12.20 11:19:17.837,1.6583,1.65845,14.80,0.80
2007.12.20 11:19:18.075,1.6583,1.65845,14.80,1.60
2007.12.20 11:19:18.317,1.6583,1.65845,8.40,1.60
2007.12.20 11:19:18.558,1.6583,1.65845,8.40,1.60
2007.12.20 11:19:18.794,1.6583,1.65845,14.80,1.60
2007.12.20 11:19:19.069,1.65835,1.65845,0.40,1.60
2007.12.20 11:19:19.343,1.6583,1.65845,14.80,1.60
2007.12.20 11:19:22.014,1.65835,1.65845,0.40,1.60
2007.12.20 11:19:22.213,1.6584,1.65845,0.40,1.60
2007.12.20 11:19:22.412,1.6584,1.65845,0.40,0.80
2007.12.20 11:19:22.609,1.6583,1.6585,28.40,2.20
2007.12.20 11:19:22.807,1.6583,1.6585,30.00,2.20
2007.12.20 11:19:23.080,1.6583,1.6585,30.00,2.20
2007.12.20 11:19:23.353,1.6584,1.6585,0.40,2.20
2007.12.20 11:19:24.131,1.6584,1.6585,0.40,2.20
2007.12.20 11:19:24.355,1.6583,1.6585,30.00,2.20
2007.12.20 11:19:25.168,1.6583,1.6585,30.00,2.20
2007.12.20 11:19:28.016,1.6584,1.6585,0.40,2.40
2007.12.20 11:19:29.152,1.6585,1.65855,0.40,12.00
2007.12.20 11:19:29.285,1.6584,1.6585,4.00,2.40
2007.12.20 11:19:29.418,1.6584,1.6585,4.00,2.40
2007.12.20 11:19:29.551,1.6584,1.6585,4.00,2.40
2007.12.20 11:19:29.684,1.65855,1.6586,0.40,26.40
2007.12.20 11:19:29.817,1.6584,1.6585,7.20,0.10
2007.12.20 11:19:29.950,1.6584,1.6585,7.20,0.10
2007.12.20 11:19:29.985,1.6584,1.6585,3.80,0.10
2007.12.20 11:19:30.092,1.6585,1.65855,1.60,1.10
2007.12.20 11:19:30.225,1.6585,1.65855,1.60,1.10
2007.12.20 11:19:30.498,1.6585,1.65865,2.00,8.60
2007.12.20 11:19:30.772,1.6586,1.65865,0.40,9.10
2007.12.20 11:19:31.046,1.6586,1.65865,0.40,9.10
2007.12.20 11:19:31.320,1.6586,1.65865,0.40,9.10
2007.12.20 11:19:31.488,1.6586,1.65865,0.40,9.10
2007.12.20 11:19:31.825,1.6586,1.65865,0.40,9.10
2007.12.20 11:19:31.993,1.6586,1.65865,0.40,9.10
2007.12.20 11:19:32.161,1.6586,1.65865,0.40,9.10
2007.12.20 11:19:32.618,1.6586,1.65865,0.40,9.10
2007.12.20 11:19:37.054,1.6586,1.65865,0.40,9.10
2007.12.20 11:19:37.252,1.65855,1.65865,0.40,9.40
2007.12.20 11:19:37.451,1.65855,1.65865,0.40,9.40
2007.12.20 11:19:37.647,1.65855,1.65865,0.40,9.40
2007.12.20 11:19:37.806,1.6586,1.65865,0.40,1.10
2007.12.20 11:19:37.973,1.6585,1.6587,18.00,14.00
2007.12.20 11:19:38.121,1.6585,1.6587,18.00,14.00
2007.12.20 11:19:38.279,1.65865,1.6587,0.40,13.70
2007.12.20 11:19:38.436,1.65865,1.6587,0.40,13.70
2007.12.20 11:19:38.635,1.65865,1.6587,0.40,13.70
2007.12.20 11:19:38.903,1.65865,1.6587,0.40,13.70
2007.12.20 11:19:39.101,1.65865,1.6587,0.40,13.70
2007.12.20 11:19:39.351,1.65865,1.6587,0.40,13.70
2007.12.20 11:19:40.036,1.65865,1.6587,0.40,13.10
2007.12.20 11:19:40.215,1.6585,1.6587,27.60,12.20
2007.12.20 11:19:40.393,1.6585,1.6587,23.60,12.20
2007.12.20 11:19:41.258,1.6585,1.6587,23.60,16.20
2007.12.20 11:19:42.431,1.6586,1.6587,0.40,16.20
2007.12.20 11:19:43.702,1.6585,1.6587,23.60,16.80
2007.12.20 11:19:43.815,1.6586,1.6587,0.40,18.00
2007.12.20 11:19:46.144,1.6585,1.6587,23.60,18.00
2007.12.20 11:19:46.714,1.6586,1.6587,0.40,14.00
2007.12.20 11:19:46.818,1.6585,1.6587,35.60,9.40
2007.12.20 11:19:47.021,1.65865,1.65875,0.40,9.40
2007.12.20 11:19:47.224,1.65865,1.65875,0.40,9.40
2007.12.20 11:19:47.428,1.65865,1.65875,0.40,0.30
2007.12.20 11:19:47.631,1.65865,1.65875,0.40,0.30
2007.12.20 11:19:47.900,1.6586,1.65875,8.40,0.30
2007.12.20 11:19:48.120,1.6586,1.65875,8.40,0.30
2007.12.20 11:19:48.309,1.65865,1.65875,0.40,8.20
2007.12.20 11:19:48.498,1.65865,1.65875,0.40,9.40
2007.12.20 11:19:49.180,1.65865,1.65875,0.40,9.40
2007.12.20 11:19:49.392,1.65865,1.65875,0.40,9.40
2007.12.20 11:19:51.218,1.6586,1.65875,4.40,9.40
2007.12.20 11:19:51.352,1.65865,1.65875,0.40,0.80
2007.12.20 11:19:51.485,1.65865,1.65875,0.40,0.30
2007.12.20 11:19:51.639,1.65865,1.65875,0.40,0.30
2007.12.20 11:19:52.153,1.6586,1.65875,8.40,0.30
2007.12.20 11:19:52.368,1.6586,1.65875,8.40,0.30
2007.12.20 11:19:52.869,1.65865,1.65875,0.40,0.30
2007.12.20 11:19:53.905,1.65865,1.65875,0.40,0.30
2007.12.20 11:19:55.622,1.6586,1.65875,8.40,0.30
2007.12.20 11:19:58.208,1.65865,1.65875,0.40,0.30
2007.12.20 11:19:58.381,1.65865,1.65875,0.40,0.30
2007.12.20 11:19:58.540,1.65865,1.65875,0.40,0.30
2007.12.20 11:19:58.901,1.65865,1.65875,0.40,0.30
2007.12.20 11:19:59.118,1.65865,1.65875,0.40,0.30
2007.12.20 11:19:59.406,1.65865,1.65875,0.40,0.30
2007.12.20 11:19:59.703,1.65865,1.65875,0.40,0.30
2007.12.20 11:20:01.126,1.65865,1.65875,0.40,0.30
2007.12.20 11:20:01.308,1.6587,1.6588,0.40,14.00
2007.12.20 11:20:01.497,1.6587,1.6588,0.40,0.30
2007.12.20 11:20:01.685,1.6587,1.6588,0.40,0.30
2007.12.20 11:20:01.932,1.6587,1.6588,0.40,0.30
2007.12.20 11:20:02.120,1.6587,1.6588,0.40,0.30
2007.12.20 11:20:02.308,1.6587,1.6588,0.40,0.30
2007.12.20 11:20:02.537,1.6587,1.6588,0.40,0.30
2007.12.20 11:20:03.167,1.6587,1.6588,0.40,0.30
2007.12.20 11:20:04.013,1.6587,1.6588,0.40,0.30
2007.12.20 11:20:04.202,1.6587,1.6588,0.40,0.30
2007.12.20 11:20:04.826,1.6587,1.6588,0.40,4.20
2007.12.20 11:20:05.011,1.65865,1.65875,0.40,0.30
2007.12.20 11:20:05.195,1.65865,1.65875,0.40,0.30
2007.12.20 11:20:05.379,1.65865,1.65875,0.40,0.30
2007.12.20 11:20:05.566,1.65865,1.65875,0.40,0.30
2007.12.20 11:20:05.754,1.6586,1.6587,5.90,0.30
2007.12.20 11:20:05.943,1.6586,1.6587,0.40,0.30
2007.12.20 11:20:06.132,1.6586,1.6587,0.40,0.30
2007.12.20 11:20:06.375,1.6586,1.6587,0.40,0.30
2007.12.20 11:20:06.999,1.6586,1.6587,0.40,0.30
2007.12.20 11:20:09.670,1.6586,1.6587,0.40,0.30
2007.12.20 11:20:10.198,1.6586,1.6587,0.40,0.30
2007.12.20 11:20:10.312,1.6586,1.6587,0.40,8.20
2007.12.20 11:20:10.425,1.6586,1.6587,0.40,13.40
2007.12.20 11:20:10.929,1.6586,1.6587,0.40,13.40
2007.12.20 11:20:11.142,1.6586,1.6587,0.40,13.40
2007.12.20 11:20:11.445,1.6586,1.6587,0.40,13.40
2007.12.20 11:20:11.703,1.6586,1.6587,0.40,17.40
2007.12.20 11:20:12.165,1.6586,1.6587,0.40,17.40
2007.12.20 11:20:12.722,1.6586,1.6587,0.40,13.40
2007.12.20 11:20:12.891,1.6586,1.6587,0.40,0.60
2007.12.20 11:20:13.059,1.6586,1.6587,0.40,0.30
2007.12.20 11:20:13.226,1.6586,1.6587,0.40,0.30
2007.12.20 11:20:16.409,1.6586,1.6587,0.40,0.30
2007.12.20 11:20:17.135,1.6586,1.6587,0.40,0.30
2007.12.20 11:20:17.438,1.6586,1.6587,0.40,0.30
2007.12.20 11:20:19.099,1.6586,1.6587,0.40,0.30
2007.12.20 11:20:19.411,1.6586,1.6587,0.40,0.30
2007.12.20 11:20:20.165,1.6586,1.6587,0.40,0.30
2007.12.20 11:20:21.408,1.6586,1.6587,0.40,0.30
2007.12.20 11:20:21.610,1.6586,1.6587,0.40,0.30
2007.12.20 11:20:21.918,1.6586,1.6587,0.40,0.30
2007.12.20 11:20:22.091,1.6586,1.6588,0.40,34.70
2007.12.20 11:20:22.207,1.6586,1.6588,0.40,34.70
2007.12.20 11:20:23.175,1.6586,1.6587,0.40,0.30
2007.12.20 11:20:23.731,1.6586,1.6587,0.40,4.20
2007.12.20 11:20:23.959,1.6586,1.6587,0.40,17.00
2007.12.20 11:20:24.128,1.6586,1.6587,0.40,17.40
2007.12.20 11:20:24.431,1.6586,1.6587,0.40,17.40
2007.12.20 11:20:24.632,1.6586,1.6587,0.40,17.40
2007.12.20 11:20:24.799,1.6586,1.6587,0.40,13.40
2007.12.20 11:20:25.103,1.6586,1.6587,0.40,0.30
2007.12.20 11:20:25.405,1.6586,1.6587,0.40,0.30
2007.12.20 11:20:25.719,1.6586,1.6587,0.40,4.20
2007.12.20 11:20:26.023,1.6586,1.6587,0.40,17.40
2007.12.20 11:20:26.251,1.6586,1.6587,0.40,13.40
2007.12.20 11:20:26.702,1.6586,1.6587,0.40,17.40
2007.12.20 11:20:26.941,1.6586,1.6587,0.40,17.40
2007.12.20 11:20:27.208,1.6586,1.6587,0.40,17.40
2007.12.20 11:20:27.475,1.6586,1.6587,0.40,0.30
2007.12.20 11:20:27.743,1.6586,1.6587,0.40,0.30
2007.12.20 11:20:28.011,1.6586,1.6587,0.40,0.30
2007.12.20 11:20:28.199,1.6586,1.6587,0.40,0.30
2007.12.20 11:20:29.191,1.6586,1.6587,0.40,0.30
2007.12.20 11:20:29.403,1.6586,1.6587,0.40,0.30
2007.12.20 11:20:30.119,1.6586,1.6587,0.40,0.30
2007.12.20 11:20:30.434,1.6586,1.6587,0.40,0.30
2007.12.20 11:20:31.362,1.6586,1.6587,0.40,0.30
2007.12.20 11:20:31.675,1.6586,1.6587,0.40,0.30
2007.12.20 11:20:31.997,1.6586,1.6587,0.40,0.30
2007.12.20 11:20:32.231,1.6586,1.6587,0.40,0.30
2007.12.20 11:20:35.151,1.6586,1.6587,0.40,0.30
2007.12.20 11:20:35.902,1.6585,1.6588,26.40,34.40
2007.12.20 11:20:36.107,1.6585,1.6588,26.40,34.40
2007.12.20 11:20:36.910,1.6585,1.6588,28.00,34.40
2007.12.20 11:20:37.131,1.6585,1.6588,28.00,34.40
2007.12.20 11:20:45.644,1.6585,1.6588,28.00,34.40
2007.12.20 11:20:45.837,1.6586,1.6588,4.00,30.40
2007.12.20 11:20:46.020,1.6586,1.6588,8.00,22.40
2007.12.20 11:20:46.203,1.6586,1.6588,8.00,22.40
2007.12.20 11:20:46.389,1.6586,1.6588,8.00,22.40
2007.12.20 11:20:46.760,1.6586,1.6588,4.00,26.40
2007.12.20 11:20:46.998,1.6585,1.6588,32.00,34.40
2007.12.20 11:20:47.236,1.6585,1.6588,28.00,34.40
2007.12.20 11:20:47.473,1.6585,1.6588,28.00,30.40
2007.12.20 11:20:47.892,1.6585,1.6588,28.00,34.40
2007.12.20 11:20:48.124,1.6585,1.6588,28.00,34.40
2007.12.20 11:20:48.357,1.6585,1.6588,28.00,34.40
2007.12.20 11:20:48.713,1.6586,1.6588,4.00,30.40
2007.12.20 11:20:48.927,1.6586,1.6588,8.00,22.40
2007.12.20 11:20:49.393,1.6586,1.6588,8.00,22.40
2007.12.20 11:20:49.704,1.6586,1.6588,8.00,22.40
2007.12.20 11:20:49.918,1.6585,1.6588,32.00,34.40
2007.12.20 11:20:50.138,1.6585,1.6588,28.00,34.40
2007.12.20 11:20:50.361,1.6585,1.6588,28.00,30.40
2007.12.20 11:20:50.576,1.6585,1.6588,28.00,30.40
2007.12.20 11:20:51.167,1.6585,1.6588,28.00,30.40
2007.12.20 11:20:51.416,1.6585,1.6588,28.00,34.40
2007.12.20 11:20:54.160,1.6585,1.6588,28.00,34.40
2007.12.20 11:20:54.392,1.6585,1.6588,28.00,34.40
2007.12.20 11:20:55.152,1.65865,1.65875,0.40,0.30
2007.12.20 11:20:55.365,1.65865,1.65875,0.40,0.30
2007.12.20 11:20:55.579,1.65865,1.65875,0.40,1.40
2007.12.20 11:20:56.129,1.65865,1.65875,0.40,0.80
2007.12.20 11:20:56.741,1.65865,1.65875,0.40,0.30
2007.12.20 11:21:02.121,1.65865,1.65875,0.40,0.30
2007.12.20 11:21:07.003,1.65865,1.65875,0.40,0.30
2007.12.20 11:21:07.126,1.65865,1.65875,0.40,0.30
2007.12.20 11:21:07.250,1.65865,1.65875,0.40,0.30
2007.12.20 11:21:07.384,1.65865,1.65875,0.40,0.30
2007.12.20 11:21:08.110,1.65865,1.65875,0.40,0.30
2007.12.20 11:21:08.868,1.65865,1.65875,0.40,0.30
2007.12.20 11:21:09.184,1.65865,1.65875,0.40,0.30
2007.12.20 11:21:10.094,1.65865,1.65875,0.40,0.30
2007.12.20 11:21:10.426,1.65865,1.65875,0.40,0.30
2007.12.20 11:21:10.647,1.65865,1.65875,0.40,0.30
2007.12.20 11:21:11.352,1.65865,1.65875,0.40,0.30
2007.12.20 11:21:12.167,1.65865,1.65875,0.40,0.30
2007.12.20 11:21:12.382,1.65865,1.65875,0.40,0.30
2007.12.20 11:21:13.413,1.65865,1.65875,0.40,0.30
2007.12.20 11:21:14.201,1.65865,1.6588,0.40,22.70
2007.12.20 11:21:16.632,1.65865,1.65875,0.40,0.30
2007.12.20 11:21:16.775,1.6587,1.6588,4.30,0.30
2007.12.20 11:21:16.974,1.6587,1.6588,4.30,0.30
2007.12.20 11:21:17.347,1.6587,1.6588,4.30,0.30
2007.12.20 11:21:18.021,1.6587,1.6588,4.30,0.30
2007.12.20 11:21:18.393,1.6587,1.6588,4.30,0.30
2007.12.20 11:21:26.650,1.6587,1.6588,12.30,0.30
2007.12.20 11:21:26.913,1.6587,1.6588,14.70,0.30
2007.12.20 11:21:27.176,1.6587,1.6588,14.70,0.30
2007.12.20 11:21:30.139,1.6587,1.6588,12.30,0.30
2007.12.20 11:21:30.283,1.6587,1.6588,4.30,0.30
2007.12.20 11:21:30.425,1.6587,1.6588,4.30,0.30
2007.12.20 11:21:31.423,1.6587,1.6588,4.30,0.30
2007.12.20 11:21:38.982,1.6587,1.6588,4.30,0.30
2007.12.20 11:21:39.210,1.6587,1.6588,4.30,0.30
2007.12.20 11:21:39.419,1.6587,1.6588,4.30,0.30
2007.12.20 11:21:40.149,1.6587,1.6588,4.30,0.30
2007.12.20 11:21:41.181,1.6587,1.6588,4.30,0.30
2007.12.20 11:21:41.469,1.6587,1.6588,4.30,0.30
2007.12.20 11:21:43.139,1.6587,1.6588,4.30,0.30
2007.12.20 11:21:44.270,1.6586,1.6588,37.90,0.30
2007.12.20 11:21:46.264,1.6586,1.6588,36.30,0.30
2007.12.20 11:21:48.019,1.6587,1.65885,0.90,12.00
2007.12.20 11:21:55.449,1.6586,1.65885,37.60,12.00
2007.12.20 11:21:56.370,1.6586,1.65885,37.60,12.00
2007.12.20 11:21:57.200,1.6586,1.65885,37.60,12.00
2007.12.20 11:21:58.375,1.6586,1.65885,37.60,12.00
2007.12.20 11:21:59.196,1.6586,1.65885,37.60,12.00
2007.12.20 11:22:00.108,1.6586,1.65885,37.60,12.00
2007.12.20 11:22:01.145,1.65855,1.65885,31.20,4.00
2007.12.20 11:22:02.167,1.6586,1.65885,4.90,4.00
2007.12.20 11:22:03.289,1.65855,1.65885,27.20,4.00
2007.12.20 11:22:04.179,1.65855,1.65885,27.20,4.00
2007.12.20 11:22:05.189,1.65855,1.65885,27.20,4.00
2007.12.20 11:22:05.387,1.65855,1.65885,27.20,4.00
2007.12.20 11:22:05.586,1.6586,1.65885,33.60,12.80
2007.12.20 11:22:08.189,1.6586,1.65885,33.60,12.80
2007.12.20 11:22:08.412,1.6586,1.65885,33.60,12.80
2007.12.20 11:22:09.209,1.6587,1.65885,2.30,12.80
2007.12.20 11:22:10.193,1.6587,1.65885,1.90,12.80
2007.12.20 11:22:11.371,1.6587,1.65885,4.00,12.40
2007.12.20 11:22:11.535,1.6587,1.65885,4.00,12.00
2007.12.20 11:22:11.708,1.6587,1.65885,4.00,12.00
2007.12.20 11:22:11.962,1.6587,1.65885,4.00,12.00
2007.12.20 11:22:12.215,1.6587,1.65885,4.00,8.00
2007.12.20 11:22:12.467,1.6587,1.65885,4.00,8.80
2007.12.20 11:22:12.720,1.6586,1.65885,31.20,8.80
2007.12.20 11:22:12.943,1.6586,1.65885,31.20,8.80
2007.12.20 11:22:13.166,1.6586,1.65885,29.60,8.80
2007.12.20 11:22:13.390,1.6587,1.65885,4.00,8.80
2007.12.20 11:22:13.621,1.6587,1.65885,4.00,8.80
2007.12.20 11:22:13.844,1.6587,1.65885,4.00,8.80
2007.12.20 11:22:14.107,1.6587,1.65885,4.00,8.80
2007.12.20 11:22:14.370,1.6586,1.65885,29.60,8.80
2007.12.20 11:22:14.633,1.6586,1.65885,29.60,12.80
2007.12.20 11:22:14.898,1.6587,1.65885,4.00,12.80
2007.12.20 11:22:15.159,1.6587,1.65885,4.00,12.80
2007.12.20 11:22:15.393,1.6587,1.65885,4.00,12.80
2007.12.20 11:22:15.702,1.6587,1.65885,4.00,12.80
2007.12.20 11:22:15.995,1.6587,1.65885,4.00,12.80
2007.12.20 11:22:16.289,1.6586,1.65885,28.00,12.80
2007.12.20 11:22:16.582,1.65865,1.6588,0.40,0.30
2007.12.20 11:22:16.875,1.65865,1.6588,0.40,0.30
2007.12.20 11:22:17.133,1.65865,1.6588,0.40,0.30
2007.12.20 11:22:17.391,1.65865,1.6588,0.40,0.30
2007.12.20 11:22:17.649,1.65865,1.6588,0.40,0.30
2007.12.20 11:22:17.907,1.6587,1.6588,4.00,0.30
2007.12.20 11:22:18.190,1.6587,1.6588,4.00,0.30
2007.12.20 11:22:18.469,1.6587,1.6588,4.00,0.30
2007.12.20 11:22:18.748,1.65865,1.6588,0.40,0.30
2007.12.20 11:22:19.006,1.65865,1.6588,0.40,0.30
2007.12.20 11:22:19.264,1.6587,1.6588,4.00,0.30
2007.12.20 11:22:19.524,1.6587,1.6588,4.00,0.30
2007.12.20 11:22:19.782,1.6587,1.6588,4.00,0.30
2007.12.20 11:22:20.062,1.6587,1.6588,4.00,0.30
2007.12.20 11:22:20.340,1.6587,1.65885,8.30,13.00
2007.12.20 11:22:20.618,1.6587,1.65885,8.30,0.30
2007.12.20 11:22:20.945,1.6587,1.65885,8.30,0.30
2007.12.20 11:22:21.464,1.6587,1.65885,8.30,0.30
2007.12.20 11:22:21.680,1.6587,1.65885,8.30,0.30
2007.12.20 11:22:22.120,1.6587,1.65885,8.30,0.30
2007.12.20 11:22:22.803,1.6587,1.65885,8.30,0.30
2007.12.20 11:22:23.151,1.6587,1.65885,8.30,0.30
2007.12.20 11:22:23.404,1.6587,1.65885,8.30,0.30
2007.12.20 11:22:24.190,1.6587,1.65885,8.30,0.30
2007.12.20 11:22:24.401,1.6587,1.65885,8.30,0.30
2007.12.20 11:22:24.710,1.6587,1.65885,8.30,0.30
2007.12.20 11:22:25.136,1.6587,1.65885,8.30,0.30
2007.12.20 11:22:25.651,1.6587,1.65885,8.30,0.30
2007.12.20 11:22:26.388,1.6587,1.65885,8.30,0.30
2007.12.20 11:22:26.566,1.6587,1.65885,8.30,0.30
2007.12.20 11:22:26.744,1.6587,1.65885,8.30,0.30
2007.12.20 11:22:27.210,1.6587,1.65885,8.30,0.30
2007.12.20 11:22:27.528,1.6587,1.65885,8.30,0.30
2007.12.20 11:22:27.846,1.6587,1.65885,8.30,0.30
2007.12.20 11:22:28.228,1.6587,1.65885,8.30,0.30
2007.12.20 11:22:28.418,1.6587,1.65885,8.30,0.30
2007.12.20 11:22:29.762,1.6587,1.65885,8.30,0.30
2007.12.20 11:22:30.008,1.6587,1.65885,8.30,0.30
2007.12.20 11:22:30.195,1.6587,1.65885,8.30,0.30
2007.12.20 11:22:30.404,1.6587,1.65885,8.30,0.30
2007.12.20 11:22:32.163,1.6587,1.65885,8.30,0.30
2007.12.20 11:22:32.365,1.6586,1.65885,43.50,0.30
2007.12.20 11:22:32.383,1.6587,1.65885,2.60,0.30
2007.12.20 11:22:32.703,1.6586,1.65885,43.50,0.30
2007.12.20 11:22:32.917,1.6586,1.65885,43.50,0.30
2007.12.20 11:22:33.211,1.6587,1.65885,3.60,0.30
2007.12.20 11:22:33.473,1.6586,1.65885,43.50,0.30
2007.12.20 11:22:34.227,1.6587,1.65885,4.40,0.30
2007.12.20 11:22:35.155,1.6586,1.65885,43.50,0.30
2007.12.20 11:22:36.202,1.6586,1.65885,43.50,0.30
2007.12.20 11:22:36.403,1.6586,1.65885,43.50,0.30
2007.12.20 11:22:38.155,1.6587,1.65885,1.10,0.30
2007.12.20 11:22:38.867,1.6586,1.65885,43.50,0.30
2007.12.20 11:22:39.119,1.6586,1.65885,41.90,0.30
2007.12.20 11:22:39.278,1.6587,1.65885,3.80,0.30
2007.12.20 11:22:39.490,1.6586,1.65885,41.90,0.30
2007.12.20 11:22:39.916,1.6587,1.65885,2.00,0.30
2007.12.20 11:22:40.140,1.6586,1.65885,41.90,0.30
2007.12.20 11:22:40.449,1.6587,1.65885,1.00,0.30
2007.12.20 11:22:40.653,1.6586,1.65885,41.90,0.30
2007.12.20 11:22:41.167,1.6587,1.65885,3.20,0.30
2007.12.20 11:22:41.382,1.6587,1.65885,3.40,0.30
2007.12.20 11:22:43.146,1.6587,1.65885,2.00,0.30
2007.12.20 11:22:46.461,1.6586,1.65885,41.90,0.30
2007.12.20 11:22:47.195,1.6586,1.65885,41.90,0.30
2007.12.20 11:22:47.410,1.6587,1.65885,4.10,0.30
2007.12.20 11:22:47.720,1.6586,1.65885,41.90,0.30
2007.12.20 11:22:48.029,1.6587,1.65885,2.60,0.30
2007.12.20 11:22:48.338,1.6587,1.65885,2.80,0.30
2007.12.20 11:22:49.392,1.6586,1.65885,41.90,0.30
2007.12.20 11:22:50.204,1.6587,1.65885,4.50,0.30
2007.12.20 11:22:51.882,1.6586,1.65885,41.90,0.30
2007.12.20 11:22:52.200,1.6586,1.65885,41.90,0.30
2007.12.20 11:22:52.480,1.6587,1.65885,4.10,0.30
2007.12.20 11:22:52.887,1.6586,1.65885,41.90,0.30
2007.12.20 11:22:53.202,1.6586,1.65885,41.90,0.30
2007.12.20 11:22:54.975,1.65875,1.6589,0.40,22.60
2007.12.20 11:22:55.153,1.6587,1.6589,8.40,22.60
2007.12.20 11:22:55.295,1.6587,1.6589,26.80,8.20
2007.12.20 11:22:55.419,1.6587,1.6589,26.80,0.30
2007.12.20 11:22:55.905,1.6587,1.6589,28.40,0.30
2007.12.20 11:22:56.204,1.6587,1.6589,30.00,0.30
2007.12.20 11:22:56.502,1.65875,1.6589,0.40,0.30
2007.12.20 11:22:57.430,1.6587,1.6589,30.00,0.30
2007.12.20 11:22:59.199,1.65875,1.6589,0.40,0.30
2007.12.20 11:23:01.376,1.65875,1.6589,0.40,0.30
2007.12.20 11:23:01.636,1.65875,1.6589,0.40,0.30
2007.12.20 11:23:02.422,1.65875,1.6589,0.40,0.30
2007.12.20 11:23:03.462,1.65875,1.6589,0.40,0.30
2007.12.20 11:23:03.875,1.65875,1.6589,0.40,0.30
2007.12.20 11:23:04.187,1.65875,1.6589,0.40,0.30
2007.12.20 11:23:04.404,1.65875,1.6589,0.40,0.30
2007.12.20 11:23:05.206,1.65875,1.6589,0.40,0.30
2007.12.20 11:23:05.454,1.65875,1.6589,0.40,0.30
2007.12.20 11:23:05.988,1.65875,1.6589,0.40,0.30
2007.12.20 11:23:06.237,1.6587,1.65885,29.90,0.30
2007.12.20 11:23:06.439,1.6587,1.65875,16.30,8.00
2007.12.20 11:23:06.642,1.6587,1.65875,16.30,8.00
2007.12.20 11:23:06.845,1.65865,1.65875,0.40,8.20
2007.12.20 11:23:07.049,1.6586,1.6587,1.90,0.30
2007.12.20 11:23:07.312,1.6586,1.6587,16.30,0.30
2007.12.20 11:23:07.574,1.6586,1.6587,20.30,0.30
2007.12.20 11:23:07.838,1.6586,1.6587,18.70,0.30
2007.12.20 11:23:08.102,1.6586,1.6587,18.70,0.30
2007.12.20 11:23:08.315,1.6586,1.6587,14.70,0.30
2007.12.20 11:23:08.527,1.6586,1.6587,14.70,0.30
2007.12.20 11:23:08.741,1.6586,1.6587,4.30,0.30
2007.12.20 11:23:08.955,1.65855,1.65865,0.40,0.30
2007.12.20 11:23:09.168,1.6585,1.6586,20.30,0.30
2007.12.20 11:23:09.441,1.6585,1.6586,16.30,0.30
2007.12.20 11:23:09.715,1.6585,1.6586,5.90,0.30
2007.12.20 11:23:09.988,1.6585,1.6586,18.70,0.30
2007.12.20 11:23:10.261,1.6585,1.6586,18.70,0.30
2007.12.20 11:23:10.636,1.6585,1.6586,18.70,0.30
2007.12.20 11:23:10.903,1.6585,1.6586,14.70,0.30
2007.12.20 11:23:11.171,1.6585,1.6586,14.70,0.30
2007.12.20 11:23:11.424,1.6585,1.6586,14.70,0.30
2007.12.20 11:23:11.944,1.6585,1.6586,14.70,0.30
2007.12.20 11:23:12.197,1.6585,1.6586,14.70,0.30
2007.12.20 11:23:12.469,1.6585,1.6586,14.70,0.30
2007.12.20 11:23:12.676,1.6585,1.6586,14.70,0.30
2007.12.20 11:23:14.429,1.6585,1.6586,14.70,0.30
2007.12.20 11:23:14.646,1.6585,1.6586,14.70,0.30
2007.12.20 11:23:21.461,1.6585,1.6586,14.70,0.30
2007.12.20 11:23:21.480,1.6584,1.6586,41.90,0.30
2007.12.20 11:23:23.132,1.6584,1.6586,41.90,0.30
2007.12.20 11:23:23.310,1.6584,1.6586,45.90,0.30
2007.12.20 11:23:23.489,1.6584,1.6586,45.90,0.30
2007.12.20 11:23:23.716,1.65855,1.65865,0.40,0.30
2007.12.20 11:23:23.945,1.65855,1.65865,0.40,0.30
2007.12.20 11:23:24.174,1.65855,1.65865,0.40,0.30
2007.12.20 11:23:24.403,1.6585,1.65865,14.80,0.30
2007.12.20 11:23:24.994,1.6585,1.65865,16.40,0.30
2007.12.20 11:23:25.267,1.6585,1.65865,16.40,0.30
2007.12.20 11:23:25.540,1.6585,1.65865,16.40,0.30
2007.12.20 11:23:25.748,1.6585,1.6587,20.40,4.20
2007.12.20 11:23:25.978,1.6585,1.6587,28.30,0.30
2007.12.20 11:23:26.165,1.6586,1.6587,1.60,0.30
2007.12.20 11:23:26.372,1.6585,1.6587,37.90,0.30
2007.12.20 11:23:26.580,1.6585,1.6587,37.90,0.30
2007.12.20 11:23:26.893,1.6585,1.6587,38.00,0.30
2007.12.20 11:23:27.206,1.6585,1.6587,34.00,0.30
2007.12.20 11:23:27.520,1.6586,1.6587,0.40,0.30
2007.12.20 11:23:28.163,1.6585,1.6587,34.00,0.30
2007.12.20 11:23:29.251,1.6585,1.6587,34.00,0.30
2007.12.20 11:23:32.142,1.6586,1.6587,0.40,0.30
2007.12.20 11:23:32.324,1.65855,1.65865,0.40,0.30
2007.12.20 11:23:32.488,1.6585,1.65865,34.00,0.30
2007.12.20 11:23:32.661,1.65855,1.65865,0.40,0.30
2007.12.20 11:23:32.934,1.65855,1.65865,0.40,0.30
2007.12.20 11:23:33.207,1.6585,1.65865,29.20,0.30
2007.12.20 11:23:33.479,1.65855,1.65865,0.40,0.30
2007.12.20 11:23:33.754,1.65855,1.65865,10.80,0.30
2007.12.20 11:23:34.007,1.6586,1.65865,1.20,0.30
2007.12.20 11:23:34.261,1.65855,1.6587,10.80,0.30
2007.12.20 11:23:34.514,1.65855,1.6587,10.80,0.30
2007.12.20 11:23:34.767,1.6585,1.6587,29.20,0.30
2007.12.20 11:23:35.125,1.65855,1.6587,0.40,0.30
2007.12.20 11:23:37.015,1.6585,1.6587,30.00,0.30
2007.12.20 11:23:37.946,1.6585,1.6587,29.20,0.30
2007.12.20 11:23:38.129,1.6585,1.6587,29.20,0.30
2007.12.20 11:23:41.115,1.65865,1.65875,0.40,8.20
2007.12.20 11:23:41.273,1.65865,1.65875,0.40,8.20
2007.12.20 11:23:41.457,1.65865,1.65875,0.40,8.20
2007.12.20 11:23:41.615,1.65865,1.65875,0.40,8.20
2007.12.20 11:23:41.773,1.65865,1.65875,0.40,8.20
2007.12.20 11:23:42.047,1.65865,1.65875,0.40,8.20
2007.12.20 11:23:42.319,1.65865,1.65875,0.40,8.20
2007.12.20 11:23:42.592,1.65865,1.65875,0.40,8.20
2007.12.20 11:23:42.922,1.65865,1.65875,0.40,8.20
2007.12.20 11:23:43.450,1.65865,1.65875,0.40,8.20
2007.12.20 11:23:43.659,1.65865,1.65875,0.40,8.20
2007.12.20 11:23:44.138,1.65865,1.65875,0.40,8.20
2007.12.20 11:23:44.322,1.65865,1.65875,0.40,8.20
2007.12.20 11:23:50.462,1.65865,1.65875,0.40,8.20
2007.12.20 11:23:51.739,1.65865,1.65875,0.40,0.30
2007.12.20 11:23:51.912,1.65865,1.65875,0.40,0.30
2007.12.20 11:23:52.215,1.65865,1.65875,0.40,0.30
2007.12.20 11:23:52.412,1.65865,1.65875,0.40,0.30
2007.12.20 11:23:52.611,1.65865,1.65875,0.40,0.30
2007.12.20 11:23:53.134,1.65865,1.65875,0.40,0.30
2007.12.20 11:23:54.204,1.65865,1.65875,0.40,0.30
2007.12.20 11:23:55.120,1.65865,1.65875,0.40,0.30
2007.12.20 11:23:55.269,1.65865,1.65875,0.40,0.30
2007.12.20 11:23:56.469,1.65865,1.65875,0.40,0.30
2007.12.20 11:24:02.562,1.65865,1.6588,0.40,13.50
2007.12.20 11:24:05.621,1.65865,1.65875,0.40,0.30
2007.12.20 11:24:05.755,1.65865,1.6588,0.40,29.50
2007.12.20 11:24:05.888,1.6585,1.65865,9.60,0.50
2007.12.20 11:24:06.021,1.6585,1.65865,5.90,9.10
2007.12.20 11:24:06.211,1.6585,1.65865,5.90,9.10
2007.12.20 11:24:06.427,1.6585,1.6586,5.90,0.30
2007.12.20 11:24:06.943,1.6585,1.65865,4.30,9.10
2007.12.20 11:24:07.145,1.6585,1.65865,4.30,13.10
2007.12.20 11:24:07.348,1.6585,1.65865,0.40,13.10
2007.12.20 11:24:07.551,1.6585,1.6586,0.40,0.30
2007.12.20 11:24:07.725,1.6585,1.65865,0.40,13.10
2007.12.20 11:24:07.980,1.6585,1.65865,0.40,13.10
2007.12.20 11:24:08.169,1.6585,1.65865,0.40,13.10
2007.12.20 11:24:08.389,1.6585,1.65865,0.40,13.10
2007.12.20 11:24:09.929,1.6585,1.6586,0.40,0.30
2007.12.20 11:24:10.138,1.6585,1.6586,0.40,0.70
2007.12.20 11:24:10.347,1.6585,1.6586,0.40,0.30
2007.12.20 11:24:10.556,1.6585,1.6586,0.40,0.30
2007.12.20 11:24:11.189,1.6585,1.65865,0.40,13.10
2007.12.20 11:24:11.689,1.6585,1.6586,4.30,0.30
2007.12.20 11:24:12.010,1.6585,1.65865,4.30,13.10
2007.12.20 11:24:12.218,1.6585,1.6586,0.40,0.30
2007.12.20 11:24:12.432,1.6585,1.6586,0.40,0.30
2007.12.20 11:24:13.149,1.6585,1.65865,0.40,13.10
2007.12.20 11:24:13.964,1.6585,1.65865,0.40,13.10
2007.12.20 11:24:17.974,1.6585,1.6586,0.40,0.30
2007.12.20 11:24:19.963,1.6585,1.65865,0.40,13.10
2007.12.20 11:24:20.297,1.6585,1.65865,0.40,13.10
2007.12.20 11:24:20.706,1.6585,1.65865,4.30,13.10
2007.12.20 11:24:21.205,1.6585,1.65865,4.30,13.10
2007.12.20 11:24:21.464,1.6585,1.65865,0.40,13.10
2007.12.20 11:24:21.722,1.6585,1.65865,0.40,13.10
2007.12.20 11:24:21.980,1.6585,1.65865,4.30,13.10
2007.12.20 11:24:22.239,1.6585,1.65865,4.30,13.10
2007.12.20 11:24:23.167,1.6585,1.65865,4.30,13.10
2007.12.20 11:24:23.896,1.6585,1.6586,4.30,0.30
2007.12.20 11:24:24.250,1.6585,1.65865,4.30,13.10
2007.12.20 11:24:25.251,1.6585,1.65865,0.40,13.10
2007.12.20 11:24:25.384,1.6585,1.65865,0.40,13.10
2007.12.20 11:24:26.184,1.6585,1.65865,0.40,13.10
2007.12.20 11:24:26.697,1.6585,1.65865,0.40,13.10
2007.12.20 11:24:29.267,1.6585,1.65865,0.40,13.10
2007.12.20 11:24:32.966,1.6585,1.6586,0.40,2.60
2007.12.20 11:24:33.109,1.6585,1.6586,0.40,2.60
2007.12.20 11:24:33.262,1.6585,1.6586,0.40,14.60
2007.12.20 11:24:33.396,1.6584,1.6585,1.60,12.80
2007.12.20 11:24:33.539,1.6584,1.6585,1.60,13.20
2007.12.20 11:24:33.939,1.6584,1.65845,1.60,0.30
2007.12.20 11:24:34.146,1.65835,1.65845,0.40,0.30
2007.12.20 11:24:34.355,1.65835,1.65845,0.40,0.30
2007.12.20 11:24:34.563,1.65835,1.65845,0.40,0.30
2007.12.20 11:24:35.209,1.65835,1.65845,0.40,0.30
2007.12.20 11:24:35.502,1.65835,1.65845,0.40,0.30
2007.12.20 11:24:35.740,1.65835,1.65845,0.40,0.30
2007.12.20 11:24:35.979,1.65835,1.65845,0.40,0.30
2007.12.20 11:24:36.218,1.65835,1.65845,0.40,0.30
2007.12.20 11:24:36.475,1.65835,1.65845,0.40,0.30
2007.12.20 11:24:37.200,1.65835,1.65845,0.40,0.30
2007.12.20 11:24:37.479,1.65835,1.65845,0.40,0.30
2007.12.20 11:24:37.821,1.65835,1.65845,0.40,0.30
2007.12.20 11:24:38.059,1.65835,1.65845,0.40,0.30
2007.12.20 11:24:38.297,1.65835,1.65845,0.40,0.30
2007.12.20 11:24:38.536,1.65835,1.65845,0.40,8.20
2007.12.20 11:24:38.844,1.65835,1.65845,0.40,8.20
2007.12.20 11:24:39.163,1.65835,1.65845,0.40,8.20
2007.12.20 11:24:39.472,1.65835,1.65845,0.40,8.20
2007.12.20 11:24:39.779,1.65835,1.65845,0.40,0.30
2007.12.20 11:24:39.988,1.65835,1.65845,0.40,0.30
2007.12.20 11:24:40.228,1.65835,1.65845,0.40,0.30
2007.12.20 11:24:40.437,1.65835,1.65845,0.40,0.30
2007.12.20 11:24:40.649,1.6584,1.6585,0.40,13.40
2007.12.20 11:24:40.937,1.6584,1.6585,0.40,1.00
2007.12.20 11:24:41.028,1.6584,1.65855,0.40,5.40
2007.12.20 11:24:41.237,1.6584,1.6585,0.40,0.30
2007.12.20 11:24:41.513,1.6584,1.6585,0.40,0.30
2007.12.20 11:24:41.815,1.6584,1.6585,0.40,0.30
2007.12.20 11:24:42.048,1.6584,1.6585,0.40,0.30
2007.12.20 11:24:42.281,1.6584,1.6585,0.40,0.30
2007.12.20 11:24:42.514,1.6584,1.6585,0.40,0.30
2007.12.20 11:24:42.747,1.6584,1.6585,0.40,0.30
2007.12.20 11:24:43.185,1.6584,1.6585,0.40,0.30
2007.12.20 11:24:44.119,1.6584,1.6585,0.40,0.30
2007.12.20 11:24:44.447,1.6584,1.6585,0.40,0.30
2007.12.20 11:24:45.158,1.6584,1.6585,0.40,0.30
2007.12.20 11:24:45.370,1.6584,1.6585,0.40,0.30
2007.12.20 11:24:45.676,1.6584,1.6585,0.40,0.30
2007.12.20 11:24:50.117,1.6584,1.6585,0.40,0.30
2007.12.20 11:24:53.952,1.6584,1.6585,0.40,0.30
2007.12.20 11:24:54.475,1.6584,1.6585,0.40,0.30
2007.12.20 11:24:54.901,1.6584,1.6585,0.40,0.30
2007.12.20 11:24:55.234,1.6584,1.6585,0.40,0.30
2007.12.20 11:24:55.568,1.6584,1.6585,0.40,0.30
2007.12.20 11:24:55.927,1.6584,1.6585,0.40,0.30
2007.12.20 11:24:56.142,1.6584,1.6585,0.40,0.30
2007.12.20 11:24:56.443,1.6584,1.6585,0.40,0.30
2007.12.20 11:24:56.976,1.6584,1.6585,0.40,0.30
2007.12.20 11:24:57.313,1.6584,1.6585,0.40,0.30
2007.12.20 11:24:57.646,1.6584,1.6585,0.40,0.30
2007.12.20 11:24:58.222,1.6584,1.6585,0.40,0.30
2007.12.20 11:24:59.150,1.6584,1.6585,0.40,0.30
2007.12.20 11:24:59.454,1.6584,1.6585,0.40,0.30
2007.12.20 11:25:00.174,1.6584,1.6585,0.40,0.30
2007.12.20 11:25:02.449,1.6584,1.6585,0.40,0.30
2007.12.20 11:25:02.977,1.6584,1.6585,0.40,0.30
2007.12.20 11:25:05.031,1.6584,1.6585,0.40,0.30
2007.12.20 11:25:07.050,1.6584,1.6585,0.40,0.30
2007.12.20 11:25:07.292,1.6584,1.6585,0.40,0.30
2007.12.20 11:25:07.500,1.6584,1.6585,0.40,0.30
2007.12.20 11:25:07.708,1.6584,1.6585,0.40,0.30
2007.12.20 11:25:08.199,1.6584,1.6585,0.40,0.30
2007.12.20 11:25:08.441,1.6584,1.6585,0.40,0.30
2007.12.20 11:25:08.717,1.6584,1.6585,0.40,0.30
2007.12.20 11:25:08.959,1.6584,1.6585,0.40,0.30
2007.12.20 11:25:09.234,1.6584,1.6585,0.40,0.30
2007.12.20 11:25:10.124,1.6584,1.6585,0.40,0.30
2007.12.20 11:25:10.376,1.6584,1.6585,0.40,0.30
2007.12.20 11:25:10.681,1.6583,1.6586,26.40,34.40
2007.12.20 11:25:10.998,1.6583,1.6586,26.40,34.40
2007.12.20 11:25:11.398,1.6583,1.6586,26.40,34.40
2007.12.20 11:25:11.936,1.6583,1.6586,28.00,34.40
2007.12.20 11:25:13.070,1.6583,1.6586,21.60,20.00
2007.12.20 11:25:13.248,1.6583,1.6586,21.60,20.00
2007.12.20 11:25:13.500,1.6583,1.6586,21.60,20.00
2007.12.20 11:25:14.432,1.6583,1.6586,21.60,20.00
2007.12.20 11:25:15.453,1.6583,1.6586,21.60,20.00
2007.12.20 11:25:15.967,1.6583,1.6586,21.60,20.00
2007.12.20 11:25:16.169,1.6583,1.6586,21.60,20.00
2007.12.20 11:25:17.935,1.6583,1.6586,21.60,20.00
2007.12.20 11:25:18.140,1.6583,1.6586,21.60,20.00
2007.12.20 11:25:20.215,1.6583,1.6586,21.60,20.00
2007.12.20 11:25:20.417,1.6583,1.6586,21.60,20.00
2007.12.20 11:25:21.140,1.6583,1.6586,21.60,20.00
2007.12.20 11:25:22.897,1.6583,1.6586,21.60,20.00
2007.12.20 11:25:23.193,1.6583,1.6586,21.60,20.00
2007.12.20 11:25:23.921,1.6583,1.6586,21.60,22.40
2007.12.20 11:25:24.105,1.65835,1.65845,0.40,0.30
2007.12.20 11:25:24.289,1.65835,1.65845,0.40,0.30
2007.12.20 11:25:24.472,1.65835,1.65845,0.40,0.30
2007.12.20 11:25:24.774,1.65835,1.65845,0.40,0.30
2007.12.20 11:25:24.961,1.65835,1.65845,0.40,0.30
2007.12.20 11:25:25.160,1.65835,1.65845,0.40,0.30
2007.12.20 11:25:25.416,1.65835,1.65845,0.40,0.30
2007.12.20 11:25:26.960,1.65835,1.65845,0.40,0.30
2007.12.20 11:25:29.123,1.65835,1.65845,0.40,0.30
2007.12.20 11:25:31.727,1.65835,1.65845,0.40,0.30
2007.12.20 11:25:31.930,1.65835,1.65845,0.40,0.30
2007.12.20 11:25:32.142,1.65835,1.65845,0.40,0.30
2007.12.20 11:25:32.461,1.65835,1.65845,0.40,0.30
2007.12.20 11:25:33.164,1.65835,1.6585,0.40,12.30
2007.12.20 11:25:33.883,1.65835,1.6585,0.40,12.30
2007.12.20 11:25:36.435,1.65835,1.6585,0.40,12.30
2007.12.20 11:25:37.727,1.65835,1.65845,0.40,0.30
2007.12.20 11:25:37.940,1.65835,1.6585,0.40,12.30
2007.12.20 11:25:38.149,1.65835,1.65845,0.40,0.30
2007.12.20 11:25:45.183,1.65835,1.6585,0.40,12.30
2007.12.20 11:25:45.692,1.65835,1.65845,0.40,0.30
2007.12.20 11:25:46.213,1.65835,1.65845,0.40,0.30
2007.12.20 11:25:46.413,1.65835,1.65845,0.40,0.30
2007.12.20 11:25:46.728,1.65835,1.6585,0.40,12.30
2007.12.20 11:25:46.931,1.65835,1.6585,0.40,12.30
2007.12.20 11:25:47.147,1.65835,1.65845,0.40,0.30
2007.12.20 11:25:53.954,1.65835,1.6585,0.40,12.30
2007.12.20 11:25:54.156,1.6583,1.6585,18.40,0.50
2007.12.20 11:25:54.234,1.6583,1.6585,10.70,20.30
2007.12.20 11:25:54.312,1.6583,1.6584,8.30,0.30
2007.12.20 11:25:54.472,1.6583,1.6584,8.30,0.30
2007.12.20 11:25:55.166,1.6583,1.6584,4.30,0.30
2007.12.20 11:25:55.397,1.6583,1.6585,0.40,34.70
2007.12.20 11:25:55.602,1.6583,1.6584,0.40,0.30
2007.12.20 11:25:55.957,1.6583,1.6585,0.40,34.70
2007.12.20 11:25:56.162,1.6583,1.6585,0.40,34.70
2007.12.20 11:25:56.687,1.6583,1.6584,0.40,0.30
2007.12.20 11:25:56.971,1.6583,1.6585,8.30,22.70
2007.12.20 11:25:57.255,1.6583,1.6584,4.30,0.30
2007.12.20 11:25:57.538,1.6583,1.6585,0.40,34.70
2007.12.20 11:25:57.781,1.6583,1.6585,0.40,34.70
2007.12.20 11:25:58.024,1.6583,1.6584,0.40,0.30
2007.12.20 11:25:58.266,1.6583,1.6585,0.40,34.70
2007.12.20 11:25:58.510,1.65825,1.6585,0.40,34.70
2007.12.20 11:25:58.738,1.6583,1.6585,1.20,34.70
2007.12.20 11:25:59.180,1.6583,1.6585,1.20,34.70
2007.12.20 11:25:59.409,1.6583,1.6585,8.40,22.70
2007.12.20 11:25:59.638,1.6583,1.6584,12.00,0.30
2007.12.20 11:25:59.857,1.6583,1.6585,4.00,34.70
2007.12.20 11:26:00.075,1.6583,1.6585,4.00,34.70
2007.12.20 11:26:00.293,1.65825,1.6584,0.40,0.30
2007.12.20 11:26:00.512,1.65825,1.6585,0.40,34.70
2007.12.20 11:26:00.962,1.65825,1.6584,0.40,0.30
2007.12.20 11:26:01.255,1.65825,1.6585,0.40,34.70
2007.12.20 11:26:01.529,1.65825,1.6584,0.40,0.30
2007.12.20 11:26:02.181,1.65825,1.6585,0.40,34.70
2007.12.20 11:26:02.704,1.65825,1.6585,0.40,34.70
2007.12.20 11:26:02.908,1.65825,1.6585,0.40,34.70
2007.12.20 11:26:03.110,1.65825,1.6585,1.10,34.70
2007.12.20 11:26:03.314,1.6583,1.6584,8.00,0.30
2007.12.20 11:26:03.517,1.6583,1.6585,8.00,22.70
2007.12.20 11:26:03.720,1.6583,1.6584,12.00,0.30
2007.12.20 11:26:03.998,1.6583,1.6585,12.00,22.70
2007.12.20 11:26:04.276,1.6583,1.6585,12.00,22.70
2007.12.20 11:26:04.554,1.6583,1.6585,12.00,22.70
2007.12.20 11:26:04.833,1.6583,1.6584,12.00,0.30
2007.12.20 11:26:05.071,1.6583,1.6584,13.60,0.30
2007.12.20 11:26:05.309,1.6583,1.6585,13.90,16.30
2007.12.20 11:26:05.547,1.6583,1.6585,13.90,12.30
2007.12.20 11:26:05.937,1.6583,1.6585,13.90,12.30
2007.12.20 11:26:06.191,1.6583,1.65845,20.30,0.30
2007.12.20 11:26:06.443,1.6583,1.6585,20.30,12.30
2007.12.20 11:26:06.985,1.6583,1.65845,20.30,0.30
2007.12.20 11:26:07.223,1.6583,1.65845,20.30,0.30
2007.12.20 11:26:07.462,1.6583,1.6585,19.50,12.30
2007.12.20 11:26:07.701,1.6583,1.6584,16.00,0.30
2007.12.20 11:26:07.915,1.65825,1.6585,0.40,34.70
2007.12.20 11:26:08.129,1.65825,1.6585,0.40,34.70
2007.12.20 11:26:08.931,1.65825,1.6584,0.40,0.30
2007.12.20 11:26:09.168,1.65825,1.6585,0.40,30.70
2007.12.20 11:26:09.391,1.65825,1.6585,0.40,30.70
2007.12.20 11:26:09.614,1.65825,1.6585,0.40,30.70
2007.12.20 11:26:09.970,1.65825,1.6585,0.40,30.70
2007.12.20 11:26:10.224,1.65825,1.6585,0.40,34.70
2007.12.20 11:26:10.488,1.65825,1.6584,0.40,0.30
2007.12.20 11:26:10.742,1.65825,1.6585,0.40,34.70
2007.12.20 11:26:11.237,1.65825,1.6584,0.40,0.30
2007.12.20 11:26:11.454,1.65825,1.6584,0.40,0.30
2007.12.20 11:26:11.727,1.65825,1.6585,0.40,30.70
2007.12.20 11:26:11.945,1.65825,1.6585,0.40,34.70
2007.12.20 11:26:12.173,1.65825,1.6585,0.40,34.70
2007.12.20 11:26:12.463,1.65825,1.6585,0.40,34.70
2007.12.20 11:26:13.187,1.65825,1.6584,0.40,0.30
2007.12.20 11:26:13.450,1.65825,1.6584,0.40,0.30
2007.12.20 11:26:13.712,1.65825,1.6584,1.10,0.30
2007.12.20 11:26:13.975,1.65825,1.6585,1.10,34.70
2007.12.20 11:26:14.224,1.6582,1.6585,29.10,35.00
2007.12.20 11:26:14.302,1.65825,1.6584,0.40,0.30
2007.12.20 11:26:14.505,1.65825,1.6584,0.40,0.30
2007.12.20 11:26:14.720,1.6582,1.6585,28.40,34.70
2007.12.20 11:26:15.184,1.6582,1.6585,28.40,36.30
2007.12.20 11:26:15.453,1.6582,1.6584,20.30,12.30
2007.12.20 11:26:15.806,1.6582,1.65835,18.70,0.30
2007.12.20 11:26:16.156,1.6582,1.6584,18.70,12.30
2007.12.20 11:26:16.467,1.6582,1.6584,18.70,12.30
2007.12.20 11:26:17.617,1.65825,1.6584,0.40,0.90
2007.12.20 11:26:17.782,1.65825,1.65845,0.40,12.20
2007.12.20 11:26:17.954,1.65825,1.6584,0.40,0.30
2007.12.20 11:26:18.218,1.65825,1.6585,0.40,40.30
2007.12.20 11:26:18.452,1.65825,1.6585,0.40,36.30
2007.12.20 11:26:18.826,1.65825,1.6585,0.40,34.70
2007.12.20 11:26:19.059,1.65825,1.6584,0.40,0.30
2007.12.20 11:26:19.316,1.65825,1.6585,0.40,34.70
2007.12.20 11:26:19.575,1.65825,1.6585,0.40,34.70
2007.12.20 11:26:20.947,1.65825,1.6584,0.40,0.30
2007.12.20 11:26:21.160,1.65825,1.6585,0.40,34.70
2007.12.20 11:26:23.209,1.65825,1.6584,0.40,0.30
2007.12.20 11:26:24.948,1.65825,1.6584,0.40,0.30
2007.12.20 11:26:25.158,1.65825,1.6584,0.40,0.30
2007.12.20 11:26:25.985,1.65825,1.6584,0.40,0.30
2007.12.20 11:26:26.211,1.65825,1.6584,0.40,0.30
2007.12.20 11:26:26.941,1.65825,1.6584,0.40,0.30
2007.12.20 11:26:27.159,1.65825,1.6584,0.40,0.30
2007.12.20 11:26:27.466,1.65825,1.6584,0.40,0.30
2007.12.20 11:26:27.671,1.65825,1.6584,0.40,0.30
2007.12.20 11:26:27.981,1.65825,1.6584,0.40,0.30
2007.12.20 11:26:28.182,1.65825,1.6584,0.40,0.30
2007.12.20 11:26:28.507,1.65825,1.6584,0.40,0.30
2007.12.20 11:26:29.224,1.65825,1.6584,0.40,0.30
2007.12.20 11:26:29.407,1.6583,1.6584,4.00,0.30
2007.12.20 11:26:29.590,1.6583,1.6584,4.00,0.30
2007.12.20 11:26:29.773,1.6583,1.6584,8.00,0.30
2007.12.20 11:26:29.955,1.6583,1.6584,8.00,0.30
2007.12.20 11:26:30.461,1.6583,1.6584,8.00,0.30
2007.12.20 11:26:31.188,1.6583,1.6584,8.00,0.30
2007.12.20 11:26:31.510,1.6583,1.6584,8.00,0.30
2007.12.20 11:26:33.169,1.6583,1.6584,8.00,0.30
2007.12.20 11:26:36.696,1.6583,1.6584,4.00,0.30
2007.12.20 11:26:36.829,1.65825,1.6584,0.40,0.30
2007.12.20 11:26:36.962,1.65825,1.6584,0.40,0.30
2007.12.20 11:26:37.096,1.65825,1.6584,0.40,0.30
2007.12.20 11:26:37.478,1.65825,1.6584,0.40,0.30
2007.12.20 11:26:37.731,1.65825,1.6584,0.40,0.30
2007.12.20 11:26:38.212,1.65825,1.6584,0.40,0.30
2007.12.20 11:26:38.465,1.65825,1.6584,0.40,0.30
2007.12.20 11:26:39.171,1.65825,1.6584,0.40,0.30
2007.12.20 11:26:41.229,1.65825,1.6584,0.40,0.30
2007.12.20 11:26:47.157,1.65825,1.6584,0.40,0.30
2007.12.20 11:26:47.417,1.65825,1.6584,0.40,0.30
2007.12.20 11:26:48.824,1.65825,1.6584,0.40,0.30
2007.12.20 11:26:51.623,1.6582,1.65835,28.30,0.30
2007.12.20 11:26:51.848,1.6582,1.65835,20.30,0.30
2007.12.20 11:26:51.986,1.6582,1.65835,20.30,0.30
2007.12.20 11:26:52.124,1.6582,1.65835,20.30,0.30
2007.12.20 11:26:52.263,1.6582,1.65835,20.30,0.30
2007.12.20 11:26:52.406,1.6582,1.65835,20.30,0.30
2007.12.20 11:26:52.652,1.6582,1.65835,18.70,0.30
2007.12.20 11:26:57.694,1.6582,1.65835,18.70,0.30
2007.12.20 11:26:59.659,1.6582,1.6583,18.40,0.30
2007.12.20 11:26:59.836,1.6582,1.6583,18.40,0.30
2007.12.20 11:27:00.006,1.6582,1.6583,14.40,0.30
2007.12.20 11:27:00.174,1.6582,1.6583,14.40,0.30
2007.12.20 11:27:00.442,1.6582,1.65835,8.30,0.30
2007.12.20 11:27:00.716,1.6582,1.65835,8.30,0.30
2007.12.20 11:27:01.232,1.6582,1.65835,8.30,0.30
2007.12.20 11:27:01.480,1.6582,1.65835,8.30,0.30
2007.12.20 11:27:02.166,1.6582,1.65835,8.30,0.30
2007.12.20 11:27:02.491,1.6582,1.65835,8.30,0.30
2007.12.20 11:27:02.906,1.6582,1.65835,8.30,0.30
2007.12.20 11:27:03.204,1.6582,1.65835,8.30,0.30
2007.12.20 11:27:03.462,1.6582,1.65835,8.30,0.30
2007.12.20 11:27:04.243,1.6582,1.65835,8.30,0.30
2007.12.20 11:27:04.448,1.6582,1.65835,8.30,0.30
2007.12.20 11:27:04.966,1.6582,1.65835,8.30,0.30
2007.12.20 11:27:05.177,1.6582,1.65835,8.30,0.30
2007.12.20 11:27:05.489,1.6582,1.65835,8.30,0.30
2007.12.20 11:27:06.207,1.6582,1.65835,8.30,0.30
2007.12.20 11:27:06.435,1.6582,1.65835,8.30,0.30
2007.12.20 11:27:08.181,1.6582,1.65835,8.30,0.30
2007.12.20 11:27:09.309,1.6582,1.65835,8.30,0.30
2007.12.20 11:27:10.253,1.6582,1.65835,8.30,0.30
2007.12.20 11:27:10.452,1.6582,1.65835,8.30,0.30
2007.12.20 11:27:10.960,1.6582,1.65835,8.30,0.30
2007.12.20 11:27:11.345,1.6582,1.6584,8.30,22.70
2007.12.20 11:27:11.989,1.6582,1.6584,8.30,22.70
2007.12.20 11:27:12.202,1.6582,1.65835,8.30,0.30
2007.12.20 11:27:12.698,1.6582,1.6584,4.30,22.70
2007.12.20 11:27:12.850,1.6582,1.6584,0.40,34.60
2007.12.20 11:27:13.005,1.6582,1.6584,0.40,34.60
2007.12.20 11:27:13.233,1.6582,1.6584,0.40,34.60
2007.12.20 11:27:13.395,1.6582,1.6584,4.30,26.70
2007.12.20 11:27:13.548,1.6582,1.6584,4.30,26.70
2007.12.20 11:27:14.980,1.6582,1.65835,4.30,0.30
2007.12.20 11:27:16.125,1.6582,1.6584,4.30,26.70
2007.12.20 11:27:16.446,1.6582,1.6584,4.30,26.70
2007.12.20 11:27:16.650,1.6582,1.6584,4.30,26.70
2007.12.20 11:27:16.791,1.6582,1.65835,8.30,0.30
2007.12.20 11:27:17.480,1.6582,1.65835,8.30,0.30
2007.12.20 11:27:17.682,1.6582,1.65835,8.30,0.30
2007.12.20 11:27:17.909,1.6582,1.6584,4.30,26.70
2007.12.20 11:27:18.138,1.6582,1.6584,4.30,26.70
2007.12.20 11:27:18.772,1.6582,1.6584,8.30,22.70
2007.12.20 11:27:18.945,1.6582,1.65835,8.30,0.30
2007.12.20 11:27:19.237,1.6582,1.6584,8.30,22.70
2007.12.20 11:27:22.462,1.6582,1.65835,8.30,0.30
2007.12.20 11:27:22.674,1.6582,1.6584,8.30,22.70
2007.12.20 11:27:22.973,1.6582,1.6584,8.30,22.70
2007.12.20 11:27:23.231,1.6582,1.6584,8.30,22.70
2007.12.20 11:27:23.518,1.6582,1.65835,8.30,0.30
2007.12.20 11:27:23.765,1.6582,1.6584,8.30,22.70
2007.12.20 11:27:24.004,1.6582,1.65835,8.30,0.30
2007.12.20 11:27:24.243,1.6582,1.6584,8.30,22.70
2007.12.20 11:27:25.167,1.6582,1.65835,8.30,0.30
2007.12.20 11:27:25.688,1.6582,1.65835,8.30,0.30
2007.12.20 11:27:25.991,1.6582,1.6584,8.30,22.70
2007.12.20 11:27:26.195,1.6582,1.6584,8.30,26.70
2007.12.20 11:27:26.394,1.6582,1.65835,8.30,0.30
2007.12.20 11:27:26.592,1.6582,1.6584,8.30,22.70
2007.12.20 11:27:26.791,1.6582,1.6584,8.30,22.70
2007.12.20 11:27:26.988,1.6582,1.65835,8.30,0.30
2007.12.20 11:27:27.302,1.6582,1.6584,8.30,22.70
2007.12.20 11:27:27.616,1.6582,1.6584,8.30,22.70
2007.12.20 11:27:28.167,1.6582,1.6584,8.30,22.70
2007.12.20 11:27:29.187,1.6582,1.65835,8.30,0.30
2007.12.20 11:27:32.700,1.6582,1.6584,8.00,0.60
2007.12.20 11:27:35.192,1.6582,1.6584,8.00,0.80
2007.12.20 11:27:36.224,1.6582,1.6584,8.00,0.70
2007.12.20 11:27:36.473,1.6582,1.65845,8.00,26.40
2007.12.20 11:27:37.994,1.6582,1.65845,8.00,26.40
2007.12.20 11:27:38.200,1.6582,1.65845,8.00,26.40
2007.12.20 11:27:38.404,1.6582,1.6584,8.00,0.50
2007.12.20 11:27:38.720,1.6582,1.6584,8.00,0.90
2007.12.20 11:27:38.924,1.6582,1.65845,4.00,30.40
2007.12.20 11:27:39.251,1.6582,1.65845,4.00,30.40
2007.12.20 11:27:39.508,1.6582,1.6584,4.00,26.40
2007.12.20 11:27:39.768,1.65815,1.6583,0.40,0.30
2007.12.20 11:27:40.026,1.65815,1.6583,0.40,0.30
2007.12.20 11:27:40.285,1.65815,1.6583,0.40,0.30
2007.12.20 11:27:40.548,1.65815,1.6583,0.40,0.30
2007.12.20 11:27:41.222,1.65815,1.6583,0.40,0.30
2007.12.20 11:27:41.474,1.65815,1.6583,0.40,0.30
2007.12.20 11:27:41.940,1.65815,1.6583,0.40,0.30
2007.12.20 11:27:45.176,1.6582,1.65835,0.40,8.20
2007.12.20 11:27:45.315,1.6582,1.65835,4.30,0.30
2007.12.20 11:27:45.453,1.6582,1.65835,4.30,0.30
2007.12.20 11:27:45.701,1.6582,1.65835,8.30,0.30
2007.12.20 11:27:45.909,1.6582,1.65835,8.30,0.30
2007.12.20 11:27:47.413,1.6582,1.65835,4.10,0.30
2007.12.20 11:27:48.339,1.6581,1.65835,37.90,0.30
2007.12.20 11:27:48.870,1.6581,1.65835,37.90,0.30
2007.12.20 11:27:53.718,1.65815,1.6583,8.40,0.30
2007.12.20 11:27:54.008,1.6581,1.6583,38.00,0.30
2007.12.20 11:27:54.295,1.6581,1.6583,34.00,0.30
2007.12.20 11:27:55.369,1.6581,1.6583,34.00,0.30
2007.12.20 11:28:08.199,1.65815,1.6583,0.40,0.30
2007.12.20 11:28:09.134,1.65815,1.6583,0.40,0.30
2007.12.20 11:28:10.157,1.6581,1.6583,34.00,0.30
2007.12.20 11:28:23.138,1.65815,1.6583,0.40,0.30
2007.12.20 11:28:23.291,1.65815,1.6583,0.40,0.30
2007.12.20 11:28:23.733,1.6582,1.65835,4.00,12.00
2007.12.20 11:28:23.974,1.6582,1.65835,4.00,12.00
2007.12.20 11:28:24.177,1.6582,1.65835,4.00,12.00
2007.12.20 11:28:24.380,1.6581,1.65835,33.60,12.00
2007.12.20 11:28:24.582,1.6581,1.65835,33.60,8.00
2007.12.20 11:28:24.786,1.6581,1.65835,35.20,8.00
2007.12.20 11:28:25.054,1.6581,1.65835,35.20,8.00
2007.12.20 11:28:25.322,1.6581,1.65835,39.20,8.00
2007.12.20 11:28:28.118,1.6581,1.65835,39.20,8.00
2007.12.20 11:28:28.315,1.6581,1.6583,35.20,4.00
2007.12.20 11:28:28.514,1.6581,1.6583,31.20,4.00
2007.12.20 11:28:29.579,1.6581,1.6583,31.20,4.00
2007.12.20 11:28:29.826,1.6581,1.65835,35.20,8.00
2007.12.20 11:28:30.075,1.6581,1.65835,39.20,8.00
2007.12.20 11:28:30.228,1.6581,1.65835,39.20,8.00
2007.12.20 11:28:30.405,1.6581,1.65835,39.20,8.00
2007.12.20 11:28:31.131,1.6581,1.65835,39.20,8.00
2007.12.20 11:28:35.175,1.6581,1.65835,39.20,8.00
2007.12.20 11:28:40.133,1.6581,1.65835,39.20,8.00
2007.12.20 11:28:45.107,1.6581,1.65835,39.20,8.00
2007.12.20 11:28:48.327,1.6581,1.65835,39.20,8.00
2007.12.20 11:28:48.818,1.6581,1.65835,39.20,8.00
2007.12.20 11:28:49.114,1.6581,1.65835,39.20,8.00
2007.12.20 11:28:51.124,1.6581,1.65835,35.20,8.00
2007.12.20 11:28:52.328,1.6581,1.65835,35.20,8.00
2007.12.20 11:28:52.672,1.6581,1.65835,27.20,8.00
2007.12.20 11:28:52.831,1.6581,1.65835,35.20,8.00
2007.12.20 11:28:52.989,1.6581,1.65835,35.20,8.00
2007.12.20 11:28:53.148,1.6581,1.65835,33.60,8.00
2007.12.20 11:28:53.307,1.6581,1.65835,33.60,8.00
2007.12.20 11:28:53.464,1.6581,1.65835,33.60,8.00
2007.12.20 11:28:53.910,1.6581,1.65835,33.60,8.00
2007.12.20 11:28:54.220,1.6581,1.65835,33.60,8.00
2007.12.20 11:28:54.564,1.6581,1.65835,33.60,8.00
2007.12.20 11:28:54.686,1.6581,1.65835,35.20,8.00
2007.12.20 11:28:55.848,1.6581,1.65835,35.20,8.00
2007.12.20 11:28:56.065,1.6581,1.65835,35.20,8.00
2007.12.20 11:28:56.375,1.6581,1.65835,35.20,8.00
2007.12.20 11:28:56.593,1.6581,1.65835,35.20,8.00
2007.12.20 11:28:57.107,1.6581,1.65835,35.20,8.00
2007.12.20 11:28:59.026,1.6581,1.65835,39.20,8.00
2007.12.20 11:29:00.834,1.6581,1.6584,32.80,27.20
2007.12.20 11:29:01.233,1.6581,1.6584,32.80,27.20
2007.12.20 11:29:07.466,1.6581,1.6584,32.80,27.20
2007.12.20 11:29:07.669,1.6581,1.6584,32.80,27.20
2007.12.20 11:29:08.086,1.6581,1.6584,32.80,27.20
2007.12.20 11:29:08.397,1.6581,1.6584,32.80,27.20
2007.12.20 11:29:08.592,1.6581,1.6584,4.10,27.20
2007.12.20 11:29:08.675,1.658,1.6583,38.40,8.00
2007.12.20 11:29:08.954,1.658,1.65835,53.60,8.00
2007.12.20 11:29:09.341,1.6581,1.65835,17.20,8.00
2007.12.20 11:29:10.175,1.6581,1.65835,6.10,8.00
2007.12.20 11:29:11.106,1.658,1.65835,53.60,8.00
2007.12.20 11:29:11.420,1.658,1.65835,53.60,8.00
2007.12.20 11:29:11.625,1.658,1.65835,53.60,8.00
2007.12.20 11:29:11.817,1.658,1.65835,53.60,8.00
2007.12.20 11:29:12.010,1.658,1.65835,53.60,8.00
2007.12.20 11:29:12.244,1.6581,1.65835,5.20,8.00
2007.12.20 11:29:13.078,1.658,1.65835,53.60,8.00
2007.12.20 11:29:13.281,1.6582,1.65835,1.70,8.00
2007.12.20 11:29:13.483,1.6582,1.65835,0.50,8.00
2007.12.20 11:29:13.686,1.658,1.65835,53.60,8.00
2007.12.20 11:29:13.889,1.658,1.65835,53.60,8.00
2007.12.20 11:29:14.097,1.658,1.65835,53.60,8.00
2007.12.20 11:29:14.819,1.658,1.65835,53.60,8.00
2007.12.20 11:29:15.129,1.6581,1.65835,8.50,8.00
2007.12.20 11:29:15.354,1.658,1.65835,53.60,8.00
2007.12.20 11:29:16.567,1.658,1.65835,53.60,8.00
2007.12.20 11:29:17.110,1.6581,1.65835,11.90,8.00
2007.12.20 11:29:18.151,1.6581,1.65835,2.90,8.00
2007.12.20 11:29:18.368,1.658,1.65835,53.60,8.00
2007.12.20 11:29:19.101,1.6581,1.65835,1.60,8.00
2007.12.20 11:29:19.888,1.658,1.65835,53.60,8.00
2007.12.20 11:29:20.147,1.6581,1.65835,11.10,8.00
2007.12.20 11:29:20.349,1.658,1.65835,53.60,8.00
2007.12.20 11:29:21.167,1.658,1.65835,54.40,8.00
2007.12.20 11:29:22.079,1.6581,1.65835,12.00,8.00
2007.12.20 11:29:22.390,1.658,1.65835,54.40,8.00
2007.12.20 11:29:23.132,1.658,1.65835,53.60,8.00
2007.12.20 11:29:24.771,1.6581,1.65835,6.40,8.00
2007.12.20 11:29:29.399,1.658,1.65835,54.40,8.00
2007.12.20 11:29:29.610,1.658,1.65835,54.40,8.00
2007.12.20 11:29:30.114,1.6581,1.65835,2.30,8.00
2007.12.20 11:29:30.362,1.6581,1.65835,1.80,8.00
2007.12.20 11:29:30.649,1.6581,1.6583,8.70,2.40
2007.12.20 11:29:30.861,1.658,1.6583,48.80,10.40
2007.12.20 11:29:31.182,1.658,1.6583,48.80,10.40
2007.12.20 11:29:31.392,1.658,1.6583,48.80,10.40
2007.12.20 11:29:31.680,1.658,1.6583,51.20,8.00
2007.12.20 11:29:31.965,1.658,1.6583,49.60,4.00
2007.12.20 11:29:32.248,1.6581,1.6583,6.50,4.00
2007.12.20 11:29:32.712,1.658,1.65835,53.60,8.00
2007.12.20 11:29:32.936,1.6581,1.65835,14.40,8.00
2007.12.20 11:29:33.168,1.658,1.65835,53.60,8.00
2007.12.20 11:29:33.381,1.658,1.65835,53.60,8.00
2007.12.20 11:29:33.595,1.658,1.65835,53.60,8.00
2007.12.20 11:29:33.645,1.658,1.6584,88.80,45.60
2007.12.20 11:29:33.884,1.6581,1.65835,0.60,0.70
2007.12.20 11:29:34.158,1.658,1.6584,53.60,45.60
2007.12.20 11:29:35.127,1.658,1.6584,53.60,45.60
2007.12.20 11:29:37.079,1.658,1.6584,53.60,45.60
2007.12.20 11:29:37.315,1.6581,1.6583,0.90,0.70
2007.12.20 11:29:37.508,1.6581,1.6583,0.50,0.60
2007.12.20 11:29:37.740,1.6581,1.65835,35.20,0.60
2007.12.20 11:29:37.932,1.6581,1.6584,35.20,45.60
2007.12.20 11:29:38.126,1.6581,1.65835,35.20,0.90
2007.12.20 11:29:38.846,1.6581,1.6584,35.20,45.60
2007.12.20 11:29:39.153,1.6581,1.6584,35.20,45.60
2007.12.20 11:29:40.120,1.6581,1.65835,32.80,10.40
2007.12.20 11:29:40.359,1.6581,1.65835,24.80,18.40
2007.12.20 11:29:40.596,1.6581,1.6583,24.80,0.60
2007.12.20 11:29:40.834,1.6581,1.65835,35.20,0.90
2007.12.20 11:29:41.121,1.6581,1.6584,35.20,45.60
2007.12.20 11:29:42.960,1.6581,1.65835,35.20,0.60
2007.12.20 11:29:43.178,1.6581,1.65835,31.20,12.00
2007.12.20 11:29:43.381,1.6581,1.6583,31.20,0.90
2007.12.20 11:29:44.038,1.6581,1.65835,31.20,12.00
2007.12.20 11:29:44.267,1.6581,1.65835,31.20,12.00
2007.12.20 11:29:44.727,1.6581,1.65835,35.20,0.50
2007.12.20 11:29:44.954,1.6581,1.65835,35.20,0.80
2007.12.20 11:29:45.158,1.6581,1.6584,35.20,45.60
2007.12.20 11:29:45.371,1.6581,1.65835,35.20,0.90
2007.12.20 11:29:45.586,1.6581,1.6584,35.20,45.60
2007.12.20 11:29:45.789,1.6582,1.6584,4.00,41.60
2007.12.20 11:29:45.992,1.6582,1.6584,4.00,41.60
2007.12.20 11:29:46.251,1.6581,1.6584,35.20,41.60
2007.12.20 11:29:46.510,1.6581,1.6584,35.20,41.60
2007.12.20 11:29:46.845,1.6581,1.6584,35.20,41.60
2007.12.20 11:29:47.151,1.6581,1.6584,35.20,41.60
2007.12.20 11:29:47.399,1.6581,1.65835,35.20,0.90
2007.12.20 11:29:47.998,1.6581,1.6584,35.20,40.80
2007.12.20 11:29:48.217,1.6581,1.6584,35.20,40.80
2007.12.20 11:29:48.746,1.6581,1.65835,31.20,12.00
2007.12.20 11:29:49.276,1.6581,1.65835,35.20,0.50
2007.12.20 11:29:49.534,1.6581,1.6584,35.20,44.80
2007.12.20 11:29:49.792,1.6582,1.6584,14.70,28.20
2007.12.20 11:29:50.050,1.6582,1.6584,18.70,20.30
2007.12.20 11:29:50.309,1.6582,1.6584,18.70,12.30
2007.12.20 11:29:50.547,1.6582,1.65835,18.70,0.30
2007.12.20 11:29:50.884,1.6582,1.6584,18.70,12.30
2007.12.20 11:29:51.123,1.6582,1.6584,16.30,12.30
2007.12.20 11:29:51.362,1.6582,1.6584,8.30,22.70
2007.12.20 11:29:51.601,1.6582,1.65835,8.30,0.30
2007.12.20 11:29:51.840,1.6582,1.65835,18.70,0.30
2007.12.20 11:29:52.700,1.6582,1.65835,0.90,0.30
2007.12.20 11:29:53.146,1.6582,1.65835,0.70,0.30
2007.12.20 11:29:53.314,1.65815,1.6584,18.70,16.30
2007.12.20 11:29:53.659,1.6582,1.65835,0.90,0.30
2007.12.20 11:29:53.828,1.6582,1.65835,0.80,0.30
2007.12.20 11:29:54.908,1.65815,1.6584,22.70,12.30
2007.12.20 11:29:55.150,1.6582,1.65835,0.50,0.30
2007.12.20 11:29:55.836,1.65815,1.6584,22.70,12.30
2007.12.20 11:29:56.227,1.6582,1.65835,0.50,0.30
2007.12.20 11:29:56.446,1.65815,1.6584,18.70,16.30
2007.12.20 11:29:57.281,1.65815,1.6584,22.70,12.30
2007.12.20 11:29:57.906,1.6582,1.65835,0.50,0.30
2007.12.20 11:29:58.144,1.65815,1.6584,22.70,12.30
2007.12.20 11:29:58.382,1.65815,1.6584,12.30,22.70
2007.12.20 11:29:59.188,1.6582,1.65835,0.60,0.30
2007.12.20 11:29:59.910,1.65815,1.6584,12.30,22.70
2007.12.20 11:30:00.321,1.65815,1.6584,12.30,22.70
2007.12.20 11:30:01.160,1.65815,1.6584,12.30,22.70
2007.12.20 11:30:01.669,1.6582,1.65835,0.90,0.30
2007.12.20 11:30:01.894,1.65815,1.65835,12.30,0.30
2007.12.20 11:30:02.117,1.65815,1.65835,12.30,0.30
2007.12.20 11:30:02.340,1.65815,1.65835,18.70,0.30
2007.12.20 11:30:02.567,1.65815,1.65835,18.70,0.30
2007.12.20 11:30:02.796,1.65815,1.65835,22.70,0.30
2007.12.20 11:30:03.024,1.65815,1.65835,22.70,0.30
2007.12.20 11:30:04.151,1.65815,1.65835,22.70,0.30
2007.12.20 11:30:04.571,1.6582,1.65835,3.80,0.30
2007.12.20 11:30:16.917,1.65815,1.65835,18.70,0.30
2007.12.20 11:30:17.165,1.65815,1.65835,8.30,0.30
2007.12.20 11:30:17.414,1.6582,1.65835,0.90,0.30
2007.12.20 11:30:17.751,1.65815,1.65835,12.30,0.30
2007.12.20 11:30:17.998,1.65815,1.65835,12.30,0.30
2007.12.20 11:30:18.213,1.6582,1.65835,3.40,0.30
2007.12.20 11:30:18.426,1.65815,1.65835,14.70,0.30
2007.12.20 11:30:18.661,1.65815,1.65835,12.30,0.30
2007.12.20 11:30:18.874,1.65815,1.65835,12.30,0.30
2007.12.20 11:30:19.136,1.65815,1.65835,12.30,0.30
2007.12.20 11:30:20.171,1.6582,1.6584,2.50,22.40
2007.12.20 11:30:20.363,1.65815,1.6584,12.00,22.40
2007.12.20 11:30:20.821,1.65815,1.6584,12.00,22.40
2007.12.20 11:30:21.662,1.65815,1.6584,12.00,22.40
2007.12.20 11:30:25.654,1.6582,1.6584,8.00,22.40
2007.12.20 11:30:26.071,1.6582,1.6584,8.00,22.40
2007.12.20 11:30:27.160,1.6582,1.6584,8.00,22.40
2007.12.20 11:30:27.381,1.6582,1.6584,8.00,22.40
2007.12.20 11:30:27.682,1.6582,1.6584,4.00,26.40
2007.12.20 11:30:27.897,1.6582,1.6584,4.00,26.40
2007.12.20 11:30:28.100,1.6582,1.6584,4.00,26.40
2007.12.20 11:30:28.710,1.6582,1.6584,8.00,22.40
2007.12.20 11:30:28.998,1.6582,1.6584,8.00,22.40
2007.12.20 11:30:29.287,1.6582,1.6584,8.00,22.40
2007.12.20 11:30:32.230,1.6582,1.6584,4.00,26.40
2007.12.20 11:30:33.763,1.6582,1.6584,8.00,22.40
2007.12.20 11:30:33.907,1.6582,1.6584,8.00,22.40
2007.12.20 11:30:34.419,1.6582,1.6584,8.00,22.40
2007.12.20 11:30:36.131,1.6582,1.6584,4.00,22.40
2007.12.20 11:30:36.294,1.6582,1.6584,4.00,26.40
2007.12.20 11:30:36.466,1.6582,1.6584,4.00,26.40
2007.12.20 11:30:36.610,1.6582,1.6584,4.00,26.40
2007.12.20 11:30:37.111,1.6582,1.6584,4.00,26.40
2007.12.20 11:30:39.703,1.6582,1.6584,4.00,26.40
2007.12.20 11:30:39.903,1.6582,1.6584,4.00,26.40
2007.12.20 11:30:40.119,1.6582,1.6584,4.00,26.40
2007.12.20 11:30:40.806,1.6582,1.6584,4.00,0.80
2007.12.20 11:30:41.671,1.6582,1.65845,4.00,30.40
2007.12.20 11:30:41.814,1.65815,1.65835,4.00,0.80
2007.12.20 11:30:41.959,1.65815,1.6584,4.00,34.40
2007.12.20 11:30:42.103,1.65815,1.65835,4.00,0.70
2007.12.20 11:30:42.396,1.65815,1.6584,4.00,34.40
2007.12.20 11:30:44.234,1.65815,1.65835,4.00,0.80
2007.12.20 11:30:45.194,1.65815,1.6584,4.00,34.40
2007.12.20 11:30:46.203,1.65815,1.65835,4.30,8.30
2007.12.20 11:30:46.610,1.65815,1.65835,4.30,8.30
2007.12.20 11:30:47.031,1.65815,1.65835,4.30,8.30
2007.12.20 11:30:47.235,1.65815,1.65835,4.30,8.30
2007.12.20 11:30:47.439,1.65815,1.65835,0.40,8.30
2007.12.20 11:30:47.644,1.65815,1.65835,0.40,8.30
2007.12.20 11:30:47.847,1.65815,1.6583,0.90,0.30
2007.12.20 11:30:48.085,1.65815,1.65835,1.40,8.30
2007.12.20 11:30:48.323,1.65815,1.65835,0.80,8.30
2007.12.20 11:30:48.562,1.65815,1.65835,0.40,8.30
2007.12.20 11:30:48.800,1.65815,1.65835,0.40,8.30
2007.12.20 11:30:49.059,1.65815,1.65835,1.40,8.30
2007.12.20 11:30:49.317,1.65815,1.65835,1.40,8.30
2007.12.20 11:30:50.038,1.65815,1.65835,1.40,8.30
2007.12.20 11:30:50.196,1.65815,1.65835,1.40,8.30
2007.12.20 11:30:52.792,1.65815,1.6583,0.80,0.30
2007.12.20 11:30:52.900,1.65815,1.65835,0.80,8.30
2007.12.20 11:30:53.073,1.65815,1.6583,0.40,0.30
2007.12.20 11:30:53.246,1.65815,1.6583,0.40,0.30
2007.12.20 11:30:53.419,1.65815,1.6583,0.40,0.30
2007.12.20 11:30:53.672,1.65815,1.65835,0.40,8.30
2007.12.20 11:30:53.844,1.6581,1.6583,24.90,4.30
2007.12.20 11:30:54.017,1.6581,1.65825,22.00,0.30
2007.12.20 11:30:54.821,1.6581,1.6583,20.40,12.30
2007.12.20 11:30:55.108,1.6581,1.6583,20.40,12.30
2007.12.20 11:30:55.257,1.6581,1.6583,20.40,12.30
2007.12.20 11:30:56.664,1.6581,1.65825,20.40,0.30
2007.12.20 11:30:56.884,1.6581,1.65825,20.70,0.30
2007.12.20 11:30:57.097,1.6581,1.6583,20.70,12.30
2007.12.20 11:30:57.525,1.6581,1.65825,20.70,0.30
2007.12.20 11:30:57.940,1.6581,1.6583,20.70,12.30
2007.12.20 11:30:58.157,1.6581,1.65825,20.70,0.30
2007.12.20 11:30:58.679,1.6581,1.6583,20.70,12.30
2007.12.20 11:30:59.194,1.65815,1.6583,0.40,0.70
2007.12.20 11:30:59.423,1.65815,1.6584,1.90,41.90
2007.12.20 11:30:59.651,1.65815,1.6583,1.90,0.30
2007.12.20 11:30:59.879,1.65815,1.65825,1.60,0.30
2007.12.20 11:31:00.107,1.65815,1.65825,1.60,0.30
2007.12.20 11:31:00.341,1.6581,1.65825,22.70,0.30
2007.12.20 11:31:00.667,1.6581,1.6583,22.70,12.30
2007.12.20 11:31:00.902,1.6581,1.65825,21.10,0.30
2007.12.20 11:31:01.135,1.6581,1.65825,20.30,0.30
2007.12.20 11:31:01.405,1.6581,1.65825,19.90,0.30
2007.12.20 11:31:02.137,1.6581,1.65825,19.90,0.30
2007.12.20 11:31:03.121,1.65815,1.65835,0.40,16.20
2007.12.20 11:31:03.359,1.65815,1.65835,0.40,4.30
2007.12.20 11:31:03.552,1.65815,1.6583,0.40,0.30
2007.12.20 11:31:03.744,1.65815,1.6584,0.40,34.70
2007.12.20 11:31:04.152,1.65815,1.6583,0.40,0.30
2007.12.20 11:31:04.867,1.65815,1.6584,0.40,34.70
2007.12.20 11:31:06.418,1.65815,1.6583,0.40,0.30
2007.12.20 11:31:08.190,1.65815,1.6583,0.40,0.30
2007.12.20 11:31:08.324,1.6582,1.65835,0.40,0.30
2007.12.20 11:31:08.527,1.6582,1.65835,0.40,0.30
2007.12.20 11:31:08.729,1.6582,1.65835,0.40,0.30
2007.12.20 11:31:09.414,1.6582,1.65835,0.40,0.30
2007.12.20 11:31:12.415,1.6582,1.65835,0.40,0.30
2007.12.20 11:31:13.136,1.6582,1.65835,0.40,0.30
2007.12.20 11:31:17.380,1.6582,1.65835,0.40,0.30
2007.12.20 11:31:17.901,1.6582,1.65835,0.40,0.30
2007.12.20 11:31:18.429,1.6582,1.65835,0.40,0.30
2007.12.20 11:31:18.666,1.65815,1.6583,0.40,0.30
2007.12.20 11:31:18.880,1.6582,1.6583,4.00,0.30
2007.12.20 11:31:19.104,1.6582,1.6583,4.00,0.30
2007.12.20 11:31:19.317,1.6582,1.6583,4.00,0.30
2007.12.20 11:31:19.608,1.6582,1.65825,4.00,0.30
2007.12.20 11:31:19.837,1.6582,1.65825,4.00,0.30
2007.12.20 11:31:20.066,1.6582,1.65825,4.00,0.30
2007.12.20 11:31:20.294,1.6582,1.65825,4.00,0.30
2007.12.20 11:31:20.522,1.6582,1.65825,4.00,0.30
2007.12.20 11:31:20.760,1.6582,1.65825,4.00,0.30
2007.12.20 11:31:20.999,1.6582,1.6583,4.00,0.30
2007.12.20 11:31:21.246,1.6582,1.6583,4.00,0.30
2007.12.20 11:31:21.476,1.6582,1.6583,4.00,0.30
2007.12.20 11:31:21.793,1.65815,1.6583,0.40,0.30
2007.12.20 11:31:22.047,1.65815,1.6583,0.40,0.30
2007.12.20 11:31:22.301,1.65815,1.6583,0.40,0.30
2007.12.20 11:31:23.410,1.65815,1.6583,0.40,0.30
2007.12.20 11:31:24.902,1.6581,1.6583,28.40,0.30
2007.12.20 11:31:25.367,1.6581,1.6583,28.40,0.30
2007.12.20 11:31:26.107,1.65815,1.6583,0.40,0.30
2007.12.20 11:31:30.155,1.65815,1.6583,0.40,0.30
2007.12.20 11:31:31.082,1.6581,1.6583,28.40,0.30
2007.12.20 11:31:31.305,1.6581,1.65835,32.30,0.30
2007.12.20 11:31:31.528,1.6582,1.65835,0.90,0.30
2007.12.20 11:31:32.648,1.6582,1.65835,1.40,0.30
2007.12.20 11:31:32.867,1.6582,1.65835,0.40,0.30
2007.12.20 11:31:33.085,1.6581,1.65835,36.40,8.20
2007.12.20 11:31:33.254,1.6582,1.65835,0.40,8.20
2007.12.20 11:31:33.422,1.6581,1.65835,36.40,8.20
2007.12.20 11:31:34.149,1.65815,1.6583,0.40,0.30
2007.12.20 11:31:34.407,1.6581,1.6583,36.40,0.30
2007.12.20 11:31:34.665,1.65815,1.6583,0.40,0.30
2007.12.20 11:31:34.962,1.65815,1.6583,0.40,0.30
2007.12.20 11:31:35.418,1.65815,1.6583,0.40,0.30
2007.12.20 11:31:36.346,1.6581,1.6583,33.20,0.30
2007.12.20 11:31:38.932,1.65815,1.6583,0.40,0.30
2007.12.20 11:31:39.135,1.65815,1.6583,0.40,0.30
2007.12.20 11:31:40.202,1.6581,1.6583,33.20,0.30
2007.12.20 11:31:40.681,1.6581,1.65835,33.20,8.20
2007.12.20 11:31:40.914,1.6581,1.65835,33.20,0.30
2007.12.20 11:31:41.143,1.6582,1.65835,0.40,0.30
2007.12.20 11:31:41.326,1.6581,1.65835,41.10,0.30
2007.12.20 11:31:48.157,1.6582,1.6583,2.00,0.30
2007.12.20 11:31:48.385,1.65815,1.6583,0.40,0.30
2007.12.20 11:31:48.582,1.65815,1.6583,0.40,0.30
2007.12.20 11:31:48.756,1.6582,1.65835,2.30,8.20
2007.12.20 11:31:48.929,1.6582,1.65835,0.70,0.30
2007.12.20 11:31:49.905,1.6582,1.65835,0.50,0.30
2007.12.20 11:31:54.703,1.65815,1.6583,4.40,0.30
2007.12.20 11:31:54.887,1.65815,1.6583,0.40,0.30
2007.12.20 11:31:55.070,1.6581,1.6583,33.20,0.30
2007.12.20 11:31:55.253,1.6582,1.65835,2.00,8.20
2007.12.20 11:31:55.436,1.6581,1.65835,41.10,0.30
2007.12.20 11:31:55.674,1.6582,1.6584,4.40,18.60
2007.12.20 11:31:55.913,1.65825,1.6584,0.40,0.30
2007.12.20 11:31:56.151,1.6582,1.6584,33.20,0.30
2007.12.20 11:31:56.389,1.6582,1.6584,33.20,0.30
2007.12.20 11:31:56.655,1.6582,1.6584,33.20,0.30
2007.12.20 11:31:56.882,1.65825,1.6584,0.40,0.30
2007.12.20 11:31:57.163,1.6582,1.6584,34.80,0.30
2007.12.20 11:31:57.390,1.65825,1.6584,0.40,0.30
2007.12.20 11:32:02.119,1.6582,1.6584,38.80,0.30
2007.12.20 11:32:02.430,1.65825,1.6584,0.40,0.30
2007.12.20 11:32:03.154,1.6582,1.6584,38.80,0.30
2007.12.20 11:32:03.397,1.6581,1.65835,45.10,0.30
2007.12.20 11:32:03.718,1.6581,1.65835,45.10,0.30
2007.12.20 11:32:03.961,1.6581,1.65835,41.10,0.30
2007.12.20 11:32:04.119,1.6581,1.65835,41.20,0.30
2007.12.20 11:32:04.397,1.6581,1.65835,37.20,0.30
2007.12.20 11:32:04.765,1.6581,1.65835,41.10,0.30
2007.12.20 11:32:04.952,1.6581,1.65835,41.10,0.30
2007.12.20 11:32:05.164,1.6581,1.65835,41.10,0.30
2007.12.20 11:32:05.379,1.6581,1.65835,41.10,0.30
2007.12.20 11:32:05.693,1.6581,1.65835,37.20,0.30
2007.12.20 11:32:05.881,1.6581,1.65835,37.20,0.30
2007.12.20 11:32:06.199,1.6581,1.65835,37.20,0.30
2007.12.20 11:32:06.635,1.65815,1.6583,0.40,0.30
2007.12.20 11:32:06.954,1.6581,1.6583,33.20,0.30
2007.12.20 11:32:07.138,1.65825,1.65835,0.40,8.00
2007.12.20 11:32:07.331,1.65825,1.65835,0.40,8.00
2007.12.20 11:32:07.515,1.6582,1.65835,26.80,8.00
2007.12.20 11:32:07.698,1.6582,1.6584,30.80,0.30
2007.12.20 11:32:07.881,1.65825,1.6584,0.40,0.30
2007.12.20 11:32:08.159,1.6582,1.6584,33.20,0.30
2007.12.20 11:32:08.437,1.65825,1.6584,0.40,0.30
2007.12.20 11:32:09.625,1.6582,1.65835,10.30,0.30
2007.12.20 11:32:09.768,1.6581,1.65835,45.10,0.30
2007.12.20 11:32:09.911,1.6581,1.65835,41.10,0.30
2007.12.20 11:32:10.380,1.6581,1.65835,41.10,0.30
2007.12.20 11:32:10.869,1.6582,1.65835,2.40,0.30
2007.12.20 11:32:12.644,1.6582,1.65835,4.30,0.30
2007.12.20 11:32:12.817,1.65825,1.6584,0.40,0.30
2007.12.20 11:32:12.991,1.65825,1.6584,0.40,0.30
2007.12.20 11:32:12.998,1.65825,1.6584,0.40,0.30
2007.12.20 11:32:13.264,1.65825,1.6584,0.40,0.30
2007.12.20 11:32:13.526,1.65825,1.6584,0.40,0.30
2007.12.20 11:32:13.862,1.65825,1.6584,0.40,0.30
2007.12.20 11:32:15.089,1.65825,1.6584,0.40,0.30
2007.12.20 11:32:17.901,1.65825,1.6584,0.40,0.30
2007.12.20 11:32:18.108,1.65825,1.65845,0.40,12.30
2007.12.20 11:32:24.691,1.6583,1.65845,2.40,12.30
2007.12.20 11:32:24.819,1.6583,1.6584,10.40,0.30
2007.12.20 11:32:24.940,1.6583,1.65845,10.40,8.30
2007.12.20 11:32:25.143,1.6583,1.65845,10.40,8.30
2007.12.20 11:32:25.260,1.65825,1.65845,0.40,8.30
2007.12.20 11:32:25.378,1.65825,1.65845,0.40,8.30
2007.12.20 11:32:26.165,1.65825,1.65845,0.40,12.30
2007.12.20 11:32:26.662,1.65825,1.65845,0.40,16.20
2007.12.20 11:32:26.880,1.65825,1.65845,0.40,16.20
2007.12.20 11:32:27.101,1.65825,1.65845,0.40,16.20
2007.12.20 11:32:27.278,1.65825,1.65845,0.40,12.30
2007.12.20 11:32:27.413,1.65825,1.6584,0.40,0.30
2007.12.20 11:32:27.698,1.65825,1.6584,0.40,0.80
2007.12.20 11:32:27.982,1.65825,1.65845,0.40,16.20
2007.12.20 11:32:28.265,1.65825,1.65845,0.40,16.20
2007.12.20 11:32:28.549,1.65825,1.65845,0.40,16.20
2007.12.20 11:32:28.761,1.65825,1.65845,0.40,16.20
2007.12.20 11:32:28.975,1.65825,1.6584,0.40,0.60
2007.12.20 11:32:29.189,1.6582,1.65835,12.30,0.30
2007.12.20 11:32:29.402,1.6582,1.6584,16.30,8.30
2007.12.20 11:32:29.614,1.6582,1.65835,16.30,0.30
2007.12.20 11:32:29.928,1.6582,1.65835,16.30,0.30
2007.12.20 11:32:30.195,1.6582,1.65835,14.70,0.30
2007.12.20 11:32:30.463,1.6582,1.6584,14.70,8.30
2007.12.20 11:32:30.667,1.6582,1.65835,14.70,0.30
2007.12.20 11:32:31.163,1.6582,1.65835,14.70,0.30
2007.12.20 11:32:34.106,1.65825,1.65845,0.40,12.20
2007.12.20 11:32:34.285,1.65825,1.65845,0.40,12.30
2007.12.20 11:32:34.463,1.65825,1.65845,0.40,12.30
2007.12.20 11:32:34.683,1.65825,1.65845,0.40,12.30
2007.12.20 11:32:35.003,1.65825,1.65845,0.40,12.30
2007.12.20 11:32:35.409,1.65825,1.65845,0.40,8.30
2007.12.20 11:32:36.336,1.65825,1.65845,0.40,8.30
2007.12.20 11:32:37.232,1.6583,1.65845,4.00,8.30
2007.12.20 11:32:37.677,1.6583,1.6584,4.00,0.30
2007.12.20 11:32:38.090,1.6583,1.65845,4.00,8.30
2007.12.20 11:32:38.248,1.65825,1.65845,0.40,8.30
2007.12.20 11:32:38.402,1.65825,1.65845,0.40,8.30
2007.12.20 11:32:39.127,1.65825,1.6584,0.40,0.30
2007.12.20 11:32:39.449,1.65825,1.65845,0.40,8.30
2007.12.20 11:32:39.692,1.65825,1.65845,0.40,8.30
2007.12.20 11:32:39.905,1.65825,1.6584,0.40,0.30
2007.12.20 11:32:40.168,1.65825,1.6584,0.40,0.30
2007.12.20 11:32:40.740,1.65825,1.65845,0.40,8.30
2007.12.20 11:32:40.953,1.65825,1.65845,0.40,8.30
2007.12.20 11:32:41.136,1.65825,1.6584,0.40,0.30
2007.12.20 11:32:41.319,1.6583,1.6584,4.00,0.30
2007.12.20 11:32:41.628,1.6583,1.6584,4.00,0.30
2007.12.20 11:32:43.709,1.65825,1.6584,0.40,0.30
2007.12.20 11:32:43.880,1.65825,1.6584,0.40,0.30
2007.12.20 11:32:44.102,1.65825,1.6584,0.40,0.30
2007.12.20 11:32:44.410,1.65825,1.6584,0.40,0.30
2007.12.20 11:32:44.793,1.65825,1.6584,0.40,0.30
2007.12.20 11:32:45.132,1.65825,1.6584,0.40,0.30
2007.12.20 11:32:50.602,1.65825,1.6584,0.40,0.30
2007.12.20 11:32:54.871,1.65825,1.6584,0.40,0.30
2007.12.20 11:32:55.904,1.65825,1.6584,0.40,0.30
2007.12.20 11:32:58.444,1.65825,1.6584,0.40,0.30
2007.12.20 11:32:59.183,1.65825,1.6584,0.40,0.30
2007.12.20 11:32:59.957,1.65825,1.6584,0.40,0.30
2007.12.20 11:33:01.193,1.65825,1.6584,0.40,0.30
2007.12.20 11:33:02.114,1.65825,1.6584,0.40,0.30
2007.12.20 11:33:03.040,1.65825,1.6584,0.40,0.30
2007.12.20 11:33:03.159,1.65825,1.6584,0.40,0.30
2007.12.20 11:33:03.335,1.65825,1.6584,0.40,0.30
2007.12.20 11:33:04.109,1.65825,1.6584,0.40,0.30
2007.12.20 11:33:04.774,1.6582,1.65845,33.60,0.50
2007.12.20 11:33:05.023,1.6583,1.65845,4.00,0.80
2007.12.20 11:33:05.616,1.6583,1.6585,4.00,36.80
2007.12.20 11:33:05.864,1.6583,1.65845,4.00,0.80
2007.12.20 11:33:06.177,1.6583,1.6585,4.00,36.80
2007.12.20 11:33:06.355,1.6583,1.6585,4.00,36.80
2007.12.20 11:33:07.271,1.6582,1.6585,33.60,40.80
2007.12.20 11:33:08.146,1.6582,1.65845,33.60,0.90
2007.12.20 11:33:08.439,1.6582,1.6584,20.30,7.50
2007.12.20 11:33:08.732,1.6582,1.65835,9.90,0.90
2007.12.20 11:33:08.940,1.6582,1.65835,5.60,7.50
2007.12.20 11:33:09.149,1.6582,1.6583,4.00,0.30
2007.12.20 11:33:09.359,1.6582,1.6584,4.30,17.90
2007.12.20 11:33:09.567,1.6582,1.6584,4.30,17.90
2007.12.20 11:33:09.785,1.6582,1.65835,4.30,0.30
2007.12.20 11:33:10.108,1.6582,1.65835,4.30,0.30
2007.12.20 11:33:10.341,1.6582,1.6584,14.70,7.50
2007.12.20 11:33:10.575,1.6582,1.65835,14.70,0.30
2007.12.20 11:33:10.808,1.6582,1.6583,4.00,0.30
2007.12.20 11:33:11.062,1.6582,1.6583,4.00,0.30
2007.12.20 11:33:11.315,1.6582,1.65825,4.00,0.30
2007.12.20 11:33:11.577,1.6582,1.65825,4.00,0.30
2007.12.20 11:33:11.830,1.6582,1.65825,30.40,0.30
2007.12.20 11:33:12.048,1.65825,1.65845,0.40,13.00
2007.12.20 11:33:12.265,1.65825,1.65845,0.40,13.00
2007.12.20 11:33:12.483,1.65825,1.65845,0.40,13.00
2007.12.20 11:33:12.762,1.65825,1.65845,0.40,11.50
2007.12.20 11:33:12.979,1.65825,1.65845,0.40,11.50
2007.12.20 11:33:13.283,1.65825,1.6584,0.40,0.60
2007.12.20 11:33:13.586,1.65825,1.6584,0.40,0.30
2007.12.20 11:33:13.888,1.65825,1.65845,0.40,15.40
2007.12.20 11:33:14.122,1.6582,1.6584,1.60,11.50
2007.12.20 11:33:14.355,1.6582,1.6583,5.60,0.30
2007.12.20 11:33:14.588,1.6582,1.6584,1.60,33.90
2007.12.20 11:33:14.822,1.65825,1.65845,0.40,11.50
2007.12.20 11:33:15.055,1.65825,1.6584,0.40,0.30
2007.12.20 11:33:15.322,1.65825,1.65845,0.40,11.50
2007.12.20 11:33:15.590,1.65825,1.6584,0.40,0.30
2007.12.20 11:33:15.860,1.65825,1.65845,0.40,7.50
2007.12.20 11:33:16.165,1.65825,1.6584,0.40,0.30
2007.12.20 11:33:18.187,1.65825,1.65845,0.40,7.50
2007.12.20 11:33:18.370,1.65825,1.6584,0.40,0.30
2007.12.20 11:33:18.554,1.65825,1.6584,0.40,0.90
2007.12.20 11:33:18.938,1.65825,1.6584,0.40,0.80
2007.12.20 11:33:19.121,1.65825,1.6584,0.40,0.50
2007.12.20 11:33:19.435,1.65825,1.6584,0.40,0.30
2007.12.20 11:33:19.761,1.65825,1.65845,0.40,7.50
2007.12.20 11:33:20.187,1.65825,1.65845,0.40,7.50
2007.12.20 11:33:20.402,1.65825,1.65845,0.40,11.50
2007.12.20 11:33:20.619,1.65825,1.65845,0.40,11.50
2007.12.20 11:33:20.932,1.65825,1.65845,0.40,11.50
2007.12.20 11:33:21.149,1.6583,1.6584,4.00,0.30
2007.12.20 11:33:21.464,1.6583,1.6584,4.00,0.30
2007.12.20 11:33:21.793,1.65825,1.65845,0.40,11.50
2007.12.20 11:33:22.120,1.65825,1.65845,0.40,11.50
2007.12.20 11:33:22.151,1.65825,1.6584,0.40,0.30
2007.12.20 11:33:22.375,1.65825,1.6584,0.40,0.30
2007.12.20 11:33:22.607,1.65825,1.6584,0.40,0.30
2007.12.20 11:33:22.849,1.65825,1.6584,0.40,0.30
2007.12.20 11:33:23.431,1.6582,1.65845,34.00,11.50
2007.12.20 11:33:26.389,1.65825,1.6584,0.40,0.30
2007.12.20 11:33:27.937,1.6582,1.65845,34.00,12.30
2007.12.20 11:33:28.161,1.6582,1.65845,34.00,12.30
2007.12.20 11:33:29.181,1.6582,1.65845,34.00,12.30
2007.12.20 11:33:31.152,1.6582,1.65845,34.00,12.30
2007.12.20 11:33:32.186,1.6582,1.6584,34.00,0.30
2007.12.20 11:33:32.424,1.6582,1.6584,34.00,0.30
2007.12.20 11:33:33.117,1.65825,1.6584,0.40,0.30
2007.12.20 11:33:33.427,1.65825,1.6584,0.40,0.30
2007.12.20 11:33:34.152,1.6582,1.6584,34.00,0.30
2007.12.20 11:33:35.211,1.6582,1.6584,34.00,0.30
2007.12.20 11:33:36.143,1.6582,1.6584,34.00,0.30
2007.12.20 11:33:36.876,1.6582,1.6584,34.00,0.30
2007.12.20 11:33:37.176,1.65825,1.6584,0.40,0.30
2007.12.20 11:33:37.454,1.6582,1.6584,34.00,0.30
2007.12.20 11:33:38.119,1.6582,1.6584,34.00,0.30
2007.12.20 11:33:39.144,1.6582,1.6584,34.00,0.30
2007.12.20 11:33:42.772,1.6582,1.6584,30.00,4.20
2007.12.20 11:33:43.012,1.65825,1.6584,0.40,4.20
2007.12.20 11:33:43.250,1.6582,1.6584,26.00,4.20
2007.12.20 11:33:43.488,1.6582,1.6584,30.00,0.30
2007.12.20 11:33:44.051,1.65825,1.6584,0.40,0.30
2007.12.20 11:33:44.294,1.6582,1.6584,32.40,0.30
2007.12.20 11:33:45.364,1.6582,1.65845,11.90,12.00
2007.12.20 11:33:45.654,1.6582,1.65845,15.80,12.00
2007.12.20 11:33:45.856,1.6582,1.65845,12.30,12.00
2007.12.20 11:33:46.049,1.6582,1.65845,15.20,12.00
2007.12.20 11:33:46.242,1.6581,1.65845,48.00,12.00
2007.12.20 11:33:46.771,1.6582,1.65845,36.00,12.00
2007.12.20 11:33:46.964,1.6582,1.65845,38.40,8.00
2007.12.20 11:33:47.686,1.6582,1.65845,36.00,8.00
2007.12.20 11:33:47.883,1.6581,1.65845,48.00,8.00
2007.12.20 11:33:48.866,1.6581,1.65845,48.00,12.00
2007.12.20 11:33:50.098,1.6582,1.65845,5.30,12.00
2007.12.20 11:33:50.397,1.6582,1.65845,33.60,12.00
2007.12.20 11:33:55.703,1.6583,1.65845,4.00,12.00
2007.12.20 11:33:55.903,1.6583,1.65845,4.00,12.00
2007.12.20 11:33:56.115,1.6583,1.65845,4.00,12.00
2007.12.20 11:33:56.318,1.6582,1.65845,33.60,12.00
2007.12.20 11:33:56.520,1.6582,1.65845,33.60,12.00
2007.12.20 11:33:57.143,1.6582,1.65845,33.60,12.00
2007.12.20 11:34:04.040,1.6582,1.65845,29.60,12.00
2007.12.20 11:34:04.219,1.6582,1.65845,29.60,12.00
2007.12.20 11:34:04.916,1.6582,1.65845,29.60,12.00
2007.12.20 11:34:05.128,1.6582,1.65845,29.60,12.00
2007.12.20 11:34:10.120,1.6582,1.65845,29.60,12.00
2007.12.20 11:34:13.426,1.6582,1.65845,29.60,12.00
2007.12.20 11:34:13.936,1.6582,1.65845,29.60,12.00
2007.12.20 11:34:14.163,1.6582,1.65845,28.00,12.00
2007.12.20 11:34:15.729,1.6582,1.65845,29.60,12.00
2007.12.20 11:34:18.198,1.6582,1.65845,33.60,12.00
2007.12.20 11:34:20.272,1.6582,1.65845,0.60,12.00
2007.12.20 11:34:23.951,1.6582,1.65845,15.20,12.00
2007.12.20 11:34:24.149,1.6582,1.65845,9.30,12.00
2007.12.20 11:34:26.173,1.6582,1.65845,12.80,12.00
2007.12.20 11:34:26.388,1.6581,1.65845,35.20,4.00
2007.12.20 11:34:27.111,1.6582,1.65845,5.30,4.00
2007.12.20 11:34:30.027,1.6581,1.65845,36.00,4.00
2007.12.20 11:34:30.205,1.65815,1.6585,32.00,27.20
2007.12.20 11:34:32.076,1.65815,1.6585,31.20,27.20
2007.12.20 11:34:32.363,1.6582,1.65845,12.90,4.00
2007.12.20 11:34:32.991,1.6581,1.65845,36.00,4.00
2007.12.20 11:34:33.131,1.6582,1.6585,0.90,27.20
2007.12.20 11:34:34.001,1.6582,1.6585,8.00,27.20
2007.12.20 11:34:34.149,1.6582,1.6585,2.10,27.20
2007.12.20 11:34:38.061,1.6582,1.6585,1.70,27.20
2007.12.20 11:34:38.230,1.6582,1.6585,1.40,27.20
2007.12.20 11:34:38.398,1.6581,1.65845,35.20,4.00
2007.12.20 11:34:42.985,1.6581,1.65845,36.00,4.00
2007.12.20 11:34:43.183,1.6581,1.6585,36.00,27.20
2007.12.20 11:34:43.876,1.6581,1.6585,36.00,27.20
2007.12.20 11:34:44.186,1.6582,1.6585,13.00,27.20
2007.12.20 11:34:44.434,1.65815,1.6585,30.40,27.20
2007.12.20 11:34:45.054,1.6582,1.6585,1.50,27.20
2007.12.20 11:34:45.302,1.6582,1.6585,4.40,27.20
2007.12.20 11:34:46.234,1.65815,1.6585,32.80,27.20
2007.12.20 11:34:46.657,1.6582,1.6585,2.80,31.20
2007.12.20 11:34:46.756,1.6583,1.65845,2.00,8.00
2007.12.20 11:34:46.905,1.6582,1.65845,35.20,8.00
2007.12.20 11:34:47.002,1.6582,1.65845,33.60,8.00
2007.12.20 11:34:47.110,1.6582,1.65845,33.60,8.00
2007.12.20 11:34:47.415,1.6582,1.65845,33.60,12.00
2007.12.20 11:34:47.746,1.6581,1.65845,48.00,12.00
2007.12.20 11:34:49.006,1.6581,1.65845,49.60,12.00
2007.12.20 11:34:49.187,1.6581,1.65845,49.60,8.00
2007.12.20 11:34:49.394,1.6582,1.65845,31.20,8.00
2007.12.20 11:34:49.888,1.6582,1.65845,31.20,8.00
2007.12.20 11:34:50.176,1.6582,1.65845,31.20,8.00
2007.12.20 11:34:50.464,1.6583,1.65845,4.00,8.00
2007.12.20 11:34:50.930,1.6583,1.65845,4.00,8.00
2007.12.20 11:34:51.163,1.6583,1.65845,4.00,8.00
2007.12.20 11:34:51.399,1.6583,1.65845,12.00,8.00
2007.12.20 11:34:51.662,1.6583,1.65845,14.40,8.00
2007.12.20 11:34:51.925,1.6583,1.65845,4.00,8.00
2007.12.20 11:34:52.189,1.6583,1.65845,4.00,8.00
2007.12.20 11:34:52.452,1.65835,1.6585,0.40,18.60
2007.12.20 11:34:52.696,1.65835,1.6585,0.40,10.60
2007.12.20 11:34:52.939,1.65835,1.6585,0.40,4.20
2007.12.20 11:34:53.182,1.65835,1.6585,0.40,4.20
2007.12.20 11:34:53.426,1.65835,1.6585,0.40,0.30
2007.12.20 11:34:53.873,1.65835,1.6585,0.40,0.30
2007.12.20 11:34:54.111,1.65835,1.6585,0.40,0.30
2007.12.20 11:34:54.357,1.65835,1.6585,0.40,0.30
2007.12.20 11:34:55.107,1.65835,1.6585,0.40,0.30
2007.12.20 11:34:55.418,1.65835,1.6585,0.40,0.30
2007.12.20 11:34:58.641,1.6584,1.65855,0.40,12.20
2007.12.20 11:34:58.824,1.6584,1.65855,0.40,4.20
2007.12.20 11:34:59.007,1.6584,1.65855,1.90,4.20
2007.12.20 11:34:59.191,1.6585,1.65855,2.70,4.00
2007.12.20 11:34:59.375,1.6585,1.65855,14.70,4.00
2007.12.20 11:34:59.558,1.6585,1.65865,14.70,0.30
2007.12.20 11:34:59.743,1.65855,1.6587,0.40,1.80
2007.12.20 11:35:00.077,1.6585,1.65865,14.70,0.30
2007.12.20 11:35:00.410,1.6585,1.65865,0.40,0.30
2007.12.20 11:35:00.743,1.6585,1.65865,0.40,0.30
2007.12.20 11:35:00.942,1.6585,1.65865,0.40,0.30
2007.12.20 11:35:01.176,1.6585,1.65865,0.40,0.30
2007.12.20 11:35:01.638,1.6584,1.65855,37.90,0.30
2007.12.20 11:35:01.836,1.6584,1.65855,9.90,0.30
2007.12.20 11:35:02.135,1.6584,1.65855,1.90,0.30
2007.12.20 11:35:02.796,1.6584,1.65855,0.40,0.30
2007.12.20 11:35:04.669,1.65845,1.6586,0.40,0.30
2007.12.20 11:35:04.822,1.65845,1.6586,0.40,0.30
2007.12.20 11:35:05.086,1.65845,1.6586,0.40,0.30
2007.12.20 11:35:05.244,1.65845,1.6586,0.40,0.30
2007.12.20 11:35:05.402,1.65845,1.6586,0.40,0.30
2007.12.20 11:35:05.561,1.65845,1.6586,0.40,0.30
2007.12.20 11:35:05.845,1.65845,1.6586,0.40,0.30
2007.12.20 11:35:06.098,1.65845,1.6586,0.40,0.30
2007.12.20 11:35:06.351,1.65845,1.6586,0.40,0.30
2007.12.20 11:35:06.604,1.65845,1.6586,0.40,0.30
2007.12.20 11:35:06.857,1.65845,1.6586,0.40,16.20
2007.12.20 11:35:07.064,1.65845,1.65855,0.40,8.00
2007.12.20 11:35:07.273,1.65845,1.65855,0.40,8.00
2007.12.20 11:35:07.366,1.65845,1.65855,0.40,0.50
2007.12.20 11:35:07.481,1.65845,1.65865,0.40,12.30
2007.12.20 11:35:07.993,1.65845,1.6586,0.40,0.30
2007.12.20 11:35:08.275,1.6585,1.6587,0.40,34.60
2007.12.20 11:35:08.567,1.6585,1.65865,0.40,8.20
2007.12.20 11:35:09.004,1.65845,1.6586,0.40,0.30
2007.12.20 11:35:09.183,1.65845,1.6586,0.40,0.30
2007.12.20 11:35:09.351,1.6585,1.65865,0.40,8.20
2007.12.20 11:35:09.520,1.6585,1.65865,0.40,0.30
2007.12.20 11:35:09.689,1.65845,1.6586,0.40,0.30
2007.12.20 11:35:09.859,1.65845,1.6586,0.40,0.30
2007.12.20 11:35:10.138,1.65845,1.6586,0.40,0.30
2007.12.20 11:35:10.417,1.65845,1.6586,0.40,0.30
2007.12.20 11:35:10.755,1.65845,1.6586,0.40,0.30
2007.12.20 11:35:11.034,1.65845,1.6586,0.40,0.30
2007.12.20 11:35:11.282,1.65845,1.6586,0.40,0.30
2007.12.20 11:35:11.530,1.65845,1.6586,0.40,0.30
2007.12.20 11:35:11.778,1.6585,1.65865,0.40,0.30
2007.12.20 11:35:12.027,1.6585,1.65865,0.40,0.30
2007.12.20 11:35:12.269,1.6585,1.65865,0.40,0.30
2007.12.20 11:35:12.522,1.6585,1.65865,0.40,0.30
2007.12.20 11:35:12.756,1.65855,1.6587,0.40,0.30
2007.12.20 11:35:12.999,1.65855,1.6587,0.40,0.30
2007.12.20 11:35:13.198,1.65855,1.6587,0.40,0.30
2007.12.20 11:35:13.431,1.65855,1.6587,0.40,0.30
2007.12.20 11:35:13.853,1.65855,1.6587,0.40,0.30
2007.12.20 11:35:14.222,1.65855,1.6587,0.40,0.30
2007.12.20 11:35:14.475,1.65855,1.6587,0.40,0.30
2007.12.20 11:35:16.401,1.65855,1.6587,0.40,0.30
2007.12.20 11:35:16.534,1.65855,1.6587,0.40,0.30
2007.12.20 11:35:16.668,1.65855,1.6587,0.40,0.30
2007.12.20 11:35:16.800,1.65855,1.6587,0.40,0.30
2007.12.20 11:35:16.934,1.65855,1.6587,0.40,0.30
2007.12.20 11:35:17.134,1.65855,1.6587,0.40,0.30
2007.12.20 11:35:17.477,1.65855,1.6587,0.40,0.30
2007.12.20 11:35:17.800,1.6585,1.65865,5.90,0.30
2007.12.20 11:35:18.134,1.6585,1.65865,5.90,0.30
2007.12.20 11:35:18.337,1.6585,1.65865,5.90,0.30
2007.12.20 11:35:18.867,1.6585,1.65865,4.30,0.30
2007.12.20 11:35:19.070,1.6585,1.65865,4.30,0.30
2007.12.20 11:35:19.272,1.6585,1.65865,4.30,0.30
2007.12.20 11:35:19.490,1.6585,1.65865,0.40,0.30
2007.12.20 11:35:20.173,1.6585,1.65865,4.30,0.30
2007.12.20 11:35:20.412,1.6585,1.65865,4.30,0.30
2007.12.20 11:35:21.174,1.6585,1.65865,4.30,0.30
2007.12.20 11:35:21.421,1.6585,1.65865,4.30,0.30
2007.12.20 11:35:21.911,1.6585,1.65865,4.30,0.30
2007.12.20 11:35:22.159,1.6585,1.65865,4.30,0.30
2007.12.20 11:35:24.131,1.6585,1.6586,4.00,0.30
2007.12.20 11:35:24.289,1.65845,1.6586,0.40,0.30
2007.12.20 11:35:24.458,1.65845,1.6586,0.40,0.30
2007.12.20 11:35:24.957,1.65845,1.6586,0.40,0.30
2007.12.20 11:35:25.930,1.65845,1.6586,0.40,0.30
2007.12.20 11:35:26.451,1.65845,1.6586,0.40,0.30
2007.12.20 11:35:27.169,1.65845,1.6586,0.40,0.30
2007.12.20 11:35:29.067,1.65845,1.6586,0.40,0.30
2007.12.20 11:35:29.434,1.65845,1.6586,0.40,0.30
2007.12.20 11:35:30.017,1.65845,1.6586,0.40,0.30
2007.12.20 11:35:30.341,1.65845,1.6586,0.40,0.30
2007.12.20 11:35:31.252,1.65845,1.6586,0.40,0.30
2007.12.20 11:35:32.189,1.65845,1.6586,0.40,0.30
2007.12.20 11:35:32.883,1.65845,1.6586,0.40,0.30
2007.12.20 11:35:33.525,1.65845,1.6586,0.40,0.30
2007.12.20 11:35:44.051,1.65845,1.6586,0.40,0.30
2007.12.20 11:35:44.990,1.65845,1.6586,0.40,0.30
2007.12.20 11:35:45.167,1.65845,1.6586,0.40,0.30
2007.12.20 11:35:46.124,1.65845,1.6586,0.40,0.30
2007.12.20 11:35:46.285,1.65845,1.6586,0.40,0.30
2007.12.20 11:35:48.908,1.65845,1.6586,0.40,0.30
2007.12.20 11:35:49.119,1.65845,1.6586,0.40,0.30
2007.12.20 11:35:49.378,1.65845,1.6586,0.40,0.30
2007.12.20 11:35:49.646,1.65845,1.6586,0.40,0.30
2007.12.20 11:35:49.949,1.65845,1.6586,0.40,0.30
2007.12.20 11:35:50.207,1.65845,1.6586,0.40,0.30
2007.12.20 11:35:50.431,1.65845,1.6586,0.40,0.30
2007.12.20 11:35:50.701,1.6585,1.6586,4.00,0.30
2007.12.20 11:35:50.924,1.6585,1.6586,4.00,0.30
2007.12.20 11:35:52.123,1.6585,1.6586,4.00,0.30
2007.12.20 11:35:52.644,1.6585,1.6586,4.00,0.30
2007.12.20 11:35:53.140,1.6585,1.6586,4.00,0.30
2007.12.20 11:35:53.264,1.65845,1.6586,0.40,0.30
2007.12.20 11:35:53.668,1.65845,1.6586,0.40,0.30
2007.12.20 11:35:54.181,1.6584,1.65865,32.00,12.00
2007.12.20 11:35:54.449,1.6584,1.65865,32.00,12.00
2007.12.20 11:35:54.718,1.6584,1.65865,33.60,12.00
2007.12.20 11:35:54.986,1.6584,1.65865,33.60,12.00
2007.12.20 11:35:55.254,1.6585,1.65865,4.00,12.00
2007.12.20 11:35:55.511,1.6585,1.65865,4.00,12.00
2007.12.20 11:35:55.760,1.6585,1.65865,4.00,12.00
2007.12.20 11:35:56.191,1.6585,1.65865,4.00,12.00
2007.12.20 11:35:56.429,1.6584,1.65865,33.60,12.00
2007.12.20 11:35:57.119,1.6584,1.65865,33.60,12.00
2007.12.20 11:35:57.435,1.6584,1.65865,33.60,12.00
2007.12.20 11:35:57.662,1.6584,1.65865,33.60,12.00
2007.12.20 11:35:57.890,1.6585,1.65865,4.00,12.00
2007.12.20 11:35:58.171,1.6585,1.65865,4.00,12.00
2007.12.20 11:35:58.444,1.6585,1.65865,4.00,12.00
2007.12.20 11:35:58.971,1.6585,1.65865,4.00,12.00
2007.12.20 11:35:59.243,1.6585,1.65865,4.00,12.00
2007.12.20 11:35:59.426,1.6585,1.65865,4.00,12.00
2007.12.20 11:35:59.621,1.6585,1.65865,4.00,12.00
2007.12.20 11:35:59.794,1.6584,1.65865,33.60,12.00
2007.12.20 11:35:59.977,1.6584,1.65865,33.60,12.00
2007.12.20 11:36:00.159,1.6584,1.65865,33.60,12.00
2007.12.20 11:36:00.452,1.6584,1.65865,29.60,12.00
2007.12.20 11:36:00.850,1.6584,1.65865,29.60,12.00
2007.12.20 11:36:01.174,1.6584,1.65865,29.60,12.00
2007.12.20 11:36:01.362,1.6585,1.65865,4.00,12.00
2007.12.20 11:36:01.550,1.6585,1.65865,4.00,12.00
2007.12.20 11:36:01.895,1.6585,1.65865,4.00,12.00
2007.12.20 11:36:02.081,1.6585,1.65865,4.00,12.00
2007.12.20 11:36:02.269,1.6585,1.65865,4.00,12.00
2007.12.20 11:36:04.149,1.6585,1.65865,4.00,12.00
2007.12.20 11:36:04.364,1.6585,1.65865,4.00,12.00
2007.12.20 11:36:04.505,1.6585,1.65865,4.00,0.60
2007.12.20 11:36:04.672,1.6585,1.6587,4.00,40.00
2007.12.20 11:36:04.931,1.6585,1.65865,4.00,0.50
2007.12.20 11:36:05.191,1.6585,1.65865,4.00,0.90
2007.12.20 11:36:05.459,1.6585,1.65865,4.00,0.70
2007.12.20 11:36:05.934,1.6585,1.65865,4.00,0.50
2007.12.20 11:36:06.456,1.6585,1.6587,4.00,40.00
2007.12.20 11:36:06.743,1.6584,1.6587,29.60,44.00
2007.12.20 11:36:06.975,1.6584,1.6587,29.60,44.00
2007.12.20 11:36:07.213,1.6584,1.6587,29.60,44.00
2007.12.20 11:36:07.446,1.6584,1.65865,29.60,0.70
2007.12.20 11:36:07.897,1.6584,1.6587,29.60,44.00
2007.12.20 11:36:08.157,1.6584,1.65865,29.60,0.80
2007.12.20 11:36:08.415,1.6585,1.65865,4.00,0.70
2007.12.20 11:36:08.614,1.6585,1.6587,4.00,44.80
2007.12.20 11:36:08.812,1.6584,1.6587,29.60,40.80
2007.12.20 11:36:09.009,1.6584,1.65865,29.60,0.80
2007.12.20 11:36:09.231,1.6584,1.6587,29.60,41.60
2007.12.20 11:36:09.443,1.6584,1.65865,29.60,0.70
2007.12.20 11:36:09.677,1.6584,1.6587,29.60,41.60
2007.12.20 11:36:09.911,1.6584,1.6587,29.60,41.60
2007.12.20 11:36:10.143,1.6584,1.65865,29.60,0.80
2007.12.20 11:36:10.376,1.6584,1.65865,29.60,0.80
2007.12.20 11:36:10.661,1.6585,1.6587,4.00,44.00
2007.12.20 11:36:10.894,1.6585,1.6587,4.00,44.00
2007.12.20 11:36:11.128,1.6585,1.6587,4.00,44.00
2007.12.20 11:36:11.362,1.6584,1.6587,29.60,44.00
2007.12.20 11:36:11.595,1.6584,1.6587,29.60,44.00
2007.12.20 11:36:11.961,1.6584,1.65865,30.40,0.90
2007.12.20 11:36:12.174,1.6584,1.6587,30.40,44.00
2007.12.20 11:36:12.387,1.6585,1.6587,4.00,40.00
2007.12.20 11:36:13.036,1.6585,1.65865,4.00,0.60
2007.12.20 11:36:13.245,1.6585,1.65865,4.00,0.80
2007.12.20 11:36:13.463,1.6585,1.6587,4.00,40.80
2007.12.20 11:36:13.689,1.6585,1.65865,6.40,0.50
2007.12.20 11:36:13.962,1.6585,1.65865,10.40,0.90
2007.12.20 11:36:14.236,1.6584,1.6587,29.60,44.00
2007.12.20 11:36:14.509,1.6584,1.6587,33.60,40.00
2007.12.20 11:36:14.861,1.6584,1.65865,33.60,0.80
2007.12.20 11:36:15.253,1.6584,1.6587,33.60,40.00
2007.12.20 11:36:15.512,1.6584,1.65865,33.60,0.70
2007.12.20 11:36:16.187,1.6584,1.6587,33.60,40.00
2007.12.20 11:36:16.410,1.6584,1.65865,33.60,0.90
2007.12.20 11:36:16.936,1.6584,1.65865,34.40,0.50
2007.12.20 11:36:17.213,1.6585,1.65865,2.40,0.80
2007.12.20 11:36:17.492,1.6585,1.65865,10.40,0.90
2007.12.20 11:36:18.153,1.6585,1.65865,10.40,0.60
2007.12.20 11:36:18.399,1.6584,1.6587,33.60,40.00
2007.12.20 11:36:18.681,1.6584,1.65865,33.60,0.90
2007.12.20 11:36:18.883,1.6584,1.65865,21.60,0.60
2007.12.20 11:36:19.087,1.6584,1.6587,21.60,41.60
2007.12.20 11:36:19.290,1.6584,1.6587,29.60,45.60
2007.12.20 11:36:19.494,1.6584,1.6587,29.60,45.60
2007.12.20 11:36:19.697,1.6584,1.6587,29.60,45.60
2007.12.20 11:36:20.030,1.6584,1.6587,33.60,40.80
2007.12.20 11:36:20.363,1.6584,1.6587,33.60,40.80
2007.12.20 11:36:20.696,1.6584,1.6587,33.60,40.80
2007.12.20 11:36:20.964,1.6584,1.6587,33.60,40.00
2007.12.20 11:36:21.195,1.6584,1.6587,33.60,40.00
2007.12.20 11:36:21.403,1.6585,1.6587,4.00,36.00
2007.12.20 11:36:21.777,1.6585,1.6587,4.00,36.00
2007.12.20 11:36:22.076,1.6585,1.6587,4.00,36.80
2007.12.20 11:36:22.375,1.6584,1.6587,33.60,40.80
2007.12.20 11:36:22.672,1.6584,1.6587,33.60,40.80
2007.12.20 11:36:22.940,1.6584,1.6587,33.60,41.60
2007.12.20 11:36:23.160,1.6584,1.65865,32.00,0.70
2007.12.20 11:36:24.002,1.6584,1.6587,32.00,40.80
2007.12.20 11:36:24.229,1.6584,1.6587,32.00,40.80
2007.12.20 11:36:24.457,1.6584,1.6587,32.00,40.80
2007.12.20 11:36:24.757,1.6584,1.6587,33.60,40.80
2007.12.20 11:36:25.004,1.6584,1.6587,33.60,41.60
2007.12.20 11:36:25.427,1.6584,1.6587,33.60,41.60
2007.12.20 11:36:26.551,1.6584,1.65865,0.70,0.80
2007.12.20 11:36:26.939,1.6584,1.65865,0.90,0.50
2007.12.20 11:36:28.118,1.6583,1.6587,52.00,40.00
2007.12.20 11:36:28.409,1.6584,1.65865,0.80,0.80
2007.12.20 11:36:29.141,1.6583,1.6587,52.00,40.00
2007.12.20 11:36:29.448,1.6583,1.6587,52.00,40.00
2007.12.20 11:36:29.748,1.6583,1.65865,49.60,14.40
2007.12.20 11:36:30.036,1.6583,1.6587,52.00,40.80
2007.12.20 11:36:30.250,1.6583,1.65865,49.60,20.00
2007.12.20 11:36:30.463,1.6583,1.6587,52.00,40.80
2007.12.20 11:36:30.912,1.6584,1.65865,0.80,0.60
2007.12.20 11:36:31.202,1.6584,1.65865,0.90,0.90
2007.12.20 11:36:32.374,1.6583,1.6587,52.00,41.60
2007.12.20 11:36:33.907,1.6584,1.65865,6.70,12.00
2007.12.20 11:36:34.161,1.6584,1.65865,4.10,12.00
2007.12.20 11:36:34.985,1.6584,1.65865,17.20,12.00
2007.12.20 11:36:35.179,1.6584,1.65865,1.00,12.00
2007.12.20 11:36:35.450,1.6583,1.65865,52.00,12.00
2007.12.20 11:36:35.867,1.6583,1.65865,52.00,12.00
2007.12.20 11:36:37.000,1.6584,1.65865,2.50,12.00
2007.12.20 11:36:37.198,1.6584,1.65865,14.90,12.00
2007.12.20 11:36:38.454,1.6584,1.65865,11.30,12.00
2007.12.20 11:36:38.725,1.6584,1.65865,37.60,12.00
2007.12.20 11:36:38.876,1.6585,1.65865,1.80,12.00
2007.12.20 11:36:39.177,1.6584,1.65865,37.60,12.00
2007.12.20 11:36:39.454,1.6583,1.65865,52.00,12.00
2007.12.20 11:36:39.971,1.6583,1.65865,52.00,12.00
2007.12.20 11:36:40.250,1.6583,1.65865,52.00,12.00
2007.12.20 11:36:40.493,1.6583,1.65865,52.00,12.00
2007.12.20 11:36:42.080,1.6584,1.65865,11.00,12.00
2007.12.20 11:36:42.284,1.6585,1.65865,4.90,12.00
2007.12.20 11:36:42.522,1.6584,1.65865,34.40,8.00
2007.12.20 11:36:43.125,1.6584,1.65865,34.40,8.00
2007.12.20 11:36:43.442,1.6585,1.65865,3.70,8.00
2007.12.20 11:36:43.867,1.6585,1.65865,4.30,8.00
2007.12.20 11:36:44.115,1.65835,1.65865,33.60,8.00
2007.12.20 11:36:44.358,1.6584,1.65865,33.60,8.00
2007.12.20 11:36:44.621,1.6583,1.65865,52.00,8.00
2007.12.20 11:36:44.884,1.6585,1.65865,1.90,8.00
2007.12.20 11:36:45.148,1.6585,1.65865,1.20,8.00
2007.12.20 11:36:45.406,1.6583,1.65865,52.00,8.00
2007.12.20 11:36:45.664,1.6583,1.65865,52.00,12.00
2007.12.20 11:36:46.120,1.6584,1.65865,12.90,12.00
2007.12.20 11:36:46.378,1.6584,1.65865,33.60,12.00
2007.12.20 11:36:46.626,1.6584,1.65865,33.60,12.00
2007.12.20 11:36:46.874,1.6584,1.65865,10.00,12.00
2007.12.20 11:36:47.123,1.6583,1.65865,52.00,12.00
2007.12.20 11:36:47.372,1.6583,1.65865,48.00,12.00
2007.12.20 11:36:47.894,1.6584,1.65865,5.20,12.00
2007.12.20 11:36:48.157,1.6584,1.65865,1.00,12.00
2007.12.20 11:36:48.420,1.6583,1.65865,48.00,12.00
2007.12.20 11:36:48.940,1.6584,1.65865,14.20,12.00
2007.12.20 11:36:49.159,1.6583,1.65865,48.00,12.00
2007.12.20 11:36:49.380,1.6583,1.65865,48.00,12.00
2007.12.20 11:36:50.005,1.6584,1.65865,12.70,12.00
2007.12.20 11:36:50.183,1.6584,1.65865,8.10,12.00
2007.12.20 11:36:52.136,1.6583,1.65865,48.00,12.00
2007.12.20 11:36:53.145,1.6583,1.65865,46.40,12.00
2007.12.20 11:36:53.433,1.6583,1.65865,46.40,12.60
2007.12.20 11:36:53.580,1.6584,1.65865,6.40,12.60
2007.12.20 11:36:53.728,1.6583,1.65865,46.40,13.10
2007.12.20 11:36:53.950,1.6583,1.65865,46.40,12.50
2007.12.20 11:36:54.099,1.6584,1.65865,7.70,12.50
2007.12.20 11:36:54.247,1.6584,1.65865,9.40,12.00
2007.12.20 11:36:54.818,1.6583,1.65865,48.00,12.00
2007.12.20 11:36:55.138,1.6583,1.65865,48.00,12.00
2007.12.20 11:36:55.439,1.6583,1.65865,48.00,12.00
2007.12.20 11:36:56.158,1.6584,1.65865,29.60,12.00
2007.12.20 11:36:56.607,1.6584,1.6587,29.60,44.90
2007.12.20 11:36:57.100,1.6584,1.6587,29.60,44.90
2007.12.20 11:36:58.153,1.6584,1.65865,29.60,0.80
2007.12.20 11:36:58.370,1.6585,1.6587,4.00,40.10
2007.12.20 11:36:58.659,1.6585,1.6587,4.30,40.30
2007.12.20 11:36:58.948,1.6585,1.6587,4.30,24.40
2007.12.20 11:36:59.236,1.6585,1.65865,4.30,0.30
2007.12.20 11:36:59.525,1.6585,1.65865,4.30,0.30
2007.12.20 11:36:59.813,1.6585,1.65865,4.30,0.30
2007.12.20 11:37:00.057,1.6585,1.6587,4.30,20.40
2007.12.20 11:37:00.300,1.6585,1.65865,4.30,0.30
2007.12.20 11:37:01.903,1.6585,1.65865,4.30,0.30
2007.12.20 11:37:02.101,1.6585,1.65865,4.30,0.30
2007.12.20 11:37:02.259,1.6585,1.6587,0.40,24.40
2007.12.20 11:37:02.417,1.6585,1.6587,0.40,40.30
2007.12.20 11:37:02.704,1.6585,1.6587,4.30,36.30
2007.12.20 11:37:02.948,1.6585,1.6587,4.30,24.40
2007.12.20 11:37:03.191,1.6585,1.6587,4.30,24.40
2007.12.20 11:37:03.434,1.6585,1.6587,0.40,24.40
2007.12.20 11:37:03.880,1.6585,1.6587,0.40,24.40
2007.12.20 11:37:04.285,1.6585,1.65865,0.40,0.30
2007.12.20 11:37:04.509,1.6585,1.6587,0.40,24.40
2007.12.20 11:37:05.108,1.6585,1.6587,0.40,24.40
2007.12.20 11:37:05.418,1.6585,1.6587,0.40,24.40
2007.12.20 11:37:06.147,1.6585,1.6587,0.40,24.40
2007.12.20 11:37:06.348,1.6585,1.6587,0.40,24.40
2007.12.20 11:37:07.167,1.6585,1.65865,0.40,0.30
2007.12.20 11:37:08.411,1.6585,1.6587,0.40,24.40
2007.12.20 11:37:08.619,1.6585,1.65865,0.40,0.30
2007.12.20 11:37:08.922,1.6585,1.65865,0.40,0.30
2007.12.20 11:37:09.155,1.6585,1.6587,0.40,24.40
2007.12.20 11:37:13.254,1.6585,1.6587,0.40,24.40
2007.12.20 11:37:13.424,1.6585,1.65865,0.40,0.30
2007.12.20 11:37:13.764,1.6585,1.65865,0.40,12.20
2007.12.20 11:37:13.933,1.6585,1.6586,0.40,0.90
2007.12.20 11:37:14.100,1.6585,1.65865,0.40,12.20
2007.12.20 11:37:14.375,1.6585,1.6586,0.40,0.80
2007.12.20 11:37:14.659,1.6585,1.65865,0.40,12.20
2007.12.20 11:37:14.923,1.6585,1.6586,0.40,0.90
2007.12.20 11:37:15.196,1.6585,1.65865,0.40,16.20
2007.12.20 11:37:15.390,1.6585,1.6587,0.40,44.30
2007.12.20 11:37:16.453,1.6585,1.6587,0.40,44.30
2007.12.20 11:37:17.378,1.6585,1.6587,0.40,44.30
2007.12.20 11:37:19.646,1.6585,1.65865,4.30,0.50
2007.12.20 11:37:19.881,1.6585,1.6587,4.30,24.40
2007.12.20 11:37:20.169,1.6585,1.6587,4.30,20.40
2007.12.20 11:37:20.403,1.6585,1.65865,0.40,0.30
2007.12.20 11:37:21.108,1.6585,1.6587,0.40,24.40
2007.12.20 11:37:21.403,1.6585,1.6587,0.40,24.40
2007.12.20 11:37:21.591,1.6585,1.65865,0.40,0.30
2007.12.20 11:37:21.779,1.6585,1.6587,0.40,22.70
2007.12.20 11:37:22.657,1.6585,1.65865,0.40,0.30
2007.12.20 11:37:22.844,1.65845,1.6586,0.40,0.30
2007.12.20 11:37:23.033,1.65845,1.65865,0.40,8.30
2007.12.20 11:37:23.383,1.65845,1.65865,0.40,8.30
2007.12.20 11:37:23.904,1.65845,1.6586,0.40,0.30
2007.12.20 11:37:24.142,1.65845,1.6586,0.40,0.30
2007.12.20 11:37:25.139,1.65845,1.6586,0.40,0.30
2007.12.20 11:37:25.398,1.6584,1.6585,1.60,0.30
2007.12.20 11:37:25.612,1.6584,1.6585,1.60,0.30
2007.12.20 11:37:25.825,1.65835,1.6585,0.40,0.30
2007.12.20 11:37:26.037,1.65835,1.6585,0.40,0.30
2007.12.20 11:37:26.397,1.65835,1.6585,0.40,0.30
2007.12.20 11:37:27.117,1.65835,1.6585,0.40,0.30
2007.12.20 11:37:27.435,1.65835,1.6585,0.40,0.30
2007.12.20 11:37:27.950,1.65835,1.6585,0.40,0.30
2007.12.20 11:37:28.138,1.6584,1.65855,0.40,8.20
2007.12.20 11:37:28.325,1.6584,1.65855,14.70,0.30
2007.12.20 11:37:28.559,1.6584,1.65855,14.70,0.30
2007.12.20 11:37:28.791,1.6584,1.65855,10.70,0.30
2007.12.20 11:37:29.024,1.6584,1.65855,10.70,0.30
2007.12.20 11:37:29.257,1.6584,1.65855,10.70,0.30
2007.12.20 11:37:29.774,1.6584,1.65855,10.70,0.30
2007.12.20 11:37:29.973,1.6584,1.65855,10.70,8.20
2007.12.20 11:37:30.177,1.6584,1.65855,10.70,8.20
2007.12.20 11:37:30.375,1.6584,1.65855,10.70,8.20
2007.12.20 11:37:30.629,1.6584,1.65855,10.70,8.20
2007.12.20 11:37:31.162,1.6584,1.65855,10.70,8.20
2007.12.20 11:37:32.029,1.6584,1.6585,10.40,0.30
2007.12.20 11:37:32.233,1.65835,1.6585,4.30,0.30
2007.12.20 11:37:32.436,1.65835,1.6585,4.30,0.30
2007.12.20 11:37:32.635,1.65835,1.6585,4.30,0.30
2007.12.20 11:37:32.927,1.65835,1.6585,4.30,0.30
2007.12.20 11:37:33.652,1.65835,1.6585,4.30,0.30
2007.12.20 11:37:33.973,1.65835,1.6585,4.30,0.30
2007.12.20 11:37:34.653,1.6584,1.65855,0.40,8.20
2007.12.20 11:37:34.872,1.6584,1.65855,0.40,8.20
2007.12.20 11:37:35.102,1.6584,1.65855,0.40,8.20
2007.12.20 11:37:35.320,1.6584,1.65855,10.70,8.20
2007.12.20 11:37:35.538,1.6584,1.65855,10.70,8.20
2007.12.20 11:37:35.736,1.6584,1.65855,10.70,8.20
2007.12.20 11:37:35.935,1.6584,1.65855,10.70,0.30
2007.12.20 11:37:36.134,1.6584,1.65855,10.70,0.30
2007.12.20 11:37:36.442,1.6584,1.65855,10.70,0.30
2007.12.20 11:37:37.673,1.6584,1.6585,10.40,0.30
2007.12.20 11:37:37.822,1.6584,1.6585,4.00,0.30
2007.12.20 11:37:37.960,1.6584,1.6585,4.00,0.30
2007.12.20 11:37:38.096,1.6584,1.6585,4.00,0.30
2007.12.20 11:37:38.237,1.6584,1.6585,12.00,0.30
2007.12.20 11:37:38.373,1.6584,1.6585,10.40,0.30
2007.12.20 11:37:38.512,1.6584,1.6585,10.40,0.30
2007.12.20 11:37:38.829,1.65835,1.6585,4.30,0.30
2007.12.20 11:37:39.148,1.65835,1.6585,4.30,0.30
2007.12.20 11:37:39.467,1.65835,1.6585,4.30,0.30
2007.12.20 11:37:39.855,1.65835,1.6585,4.30,0.30
2007.12.20 11:37:40.048,1.65835,1.6585,4.30,0.30
2007.12.20 11:37:40.241,1.65835,1.6585,4.30,0.30
2007.12.20 11:37:40.686,1.65835,1.6585,4.30,0.30
2007.12.20 11:37:40.937,1.65835,1.6585,4.30,0.30
2007.12.20 11:37:41.185,1.65835,1.6585,4.30,0.30
2007.12.20 11:37:41.433,1.65835,1.6585,4.30,0.30
2007.12.20 11:37:41.683,1.6584,1.6585,2.40,0.30
2007.12.20 11:37:41.906,1.6584,1.6585,10.40,0.30
2007.12.20 11:37:42.130,1.6584,1.6585,10.40,0.30
2007.12.20 11:37:42.354,1.65835,1.6585,4.30,0.30
2007.12.20 11:37:42.578,1.65835,1.6585,4.30,0.30
2007.12.20 11:37:43.072,1.65835,1.6585,4.30,0.30
2007.12.20 11:37:44.199,1.65835,1.6585,4.30,0.30
2007.12.20 11:37:44.949,1.65835,1.6585,4.30,0.30
2007.12.20 11:37:45.237,1.65835,1.6585,4.30,0.30
2007.12.20 11:37:45.505,1.65835,1.6585,4.30,0.30
2007.12.20 11:37:45.784,1.65835,1.6585,4.30,0.30
2007.12.20 11:37:45.967,1.65835,1.6585,4.30,0.30
2007.12.20 11:37:46.150,1.65835,1.6585,4.30,0.30
2007.12.20 11:37:46.332,1.65835,1.6585,4.30,0.30
2007.12.20 11:37:48.446,1.65835,1.6585,4.30,0.30
2007.12.20 11:37:48.854,1.65835,1.6585,4.30,0.30
2007.12.20 11:37:49.092,1.65835,1.6585,4.30,0.30
2007.12.20 11:37:49.937,1.65835,1.6585,4.30,0.30
2007.12.20 11:37:50.186,1.65835,1.6585,4.30,0.30
2007.12.20 11:37:50.929,1.65835,1.6585,4.30,0.30
2007.12.20 11:37:51.156,1.65835,1.6585,4.30,0.30
2007.12.20 11:37:51.450,1.65835,1.6585,4.30,0.30
2007.12.20 11:37:52.000,1.65835,1.6585,4.30,0.30
2007.12.20 11:37:52.885,1.65835,1.6585,4.30,0.30
2007.12.20 11:37:53.027,1.65835,1.6585,4.30,0.30
2007.12.20 11:37:53.170,1.65835,1.6585,4.30,0.30
2007.12.20 11:37:53.313,1.65835,1.6585,4.30,0.30
2007.12.20 11:37:53.456,1.65835,1.6585,4.30,0.30
2007.12.20 11:37:53.640,1.65835,1.6585,4.30,0.30
2007.12.20 11:37:53.975,1.65835,1.6585,4.30,0.30
2007.12.20 11:37:54.233,1.65835,1.6585,4.30,0.30
2007.12.20 11:37:58.084,1.65835,1.6585,4.30,0.30
2007.12.20 11:37:58.668,1.65835,1.6585,4.30,0.30
2007.12.20 11:37:58.880,1.65835,1.6585,4.30,0.30
2007.12.20 11:37:58.999,1.65835,1.6585,4.30,0.30
2007.12.20 11:37:59.197,1.65835,1.6585,4.30,0.30
2007.12.20 11:37:59.395,1.65835,1.6585,4.30,0.30
2007.12.20 11:37:59.743,1.65835,1.6585,4.30,0.30
2007.12.20 11:37:59.976,1.65835,1.65855,4.30,6.70
2007.12.20 11:38:00.174,1.65835,1.6585,4.30,0.30
2007.12.20 11:38:01.015,1.65835,1.6585,4.30,0.30
2007.12.20 11:38:01.958,1.65835,1.65855,4.30,6.70
2007.12.20 11:38:02.096,1.65835,1.65855,4.30,6.70
2007.12.20 11:38:02.219,1.65835,1.6585,0.40,0.30
2007.12.20 11:38:03.003,1.65835,1.6585,0.40,0.30
2007.12.20 11:38:03.156,1.65835,1.65855,0.40,6.70
2007.12.20 11:38:04.035,1.65835,1.65855,0.40,6.70
2007.12.20 11:38:05.432,1.65835,1.6585,0.40,0.30
2007.12.20 11:38:07.144,1.65835,1.65855,0.40,6.70
2007.12.20 11:38:07.975,1.6583,1.6586,32.80,44.00
2007.12.20 11:38:08.169,1.6583,1.65855,33.60,0.60
2007.12.20 11:38:08.934,1.6583,1.65855,35.20,0.70
2007.12.20 11:38:10.950,1.6583,1.65855,35.50,4.30
2007.12.20 11:38:11.103,1.6583,1.65855,32.30,4.30
2007.12.20 11:38:11.255,1.6583,1.65845,20.30,0.30
2007.12.20 11:38:11.451,1.6583,1.6585,16.30,4.30
2007.12.20 11:38:11.827,1.6583,1.65845,14.70,0.30
2007.12.20 11:38:12.186,1.6583,1.6585,14.70,4.30
2007.12.20 11:38:13.993,1.6583,1.65845,14.70,0.30
2007.12.20 11:38:14.958,1.6583,1.6585,14.70,4.30
2007.12.20 11:38:17.013,1.6583,1.65845,14.70,0.30
2007.12.20 11:38:17.959,1.6583,1.65845,14.70,0.30
2007.12.20 11:38:18.908,1.6583,1.6585,14.70,4.30
2007.12.20 11:38:19.055,1.6583,1.65845,14.70,0.30
2007.12.20 11:38:19.203,1.6583,1.6585,14.70,4.30
2007.12.20 11:38:19.934,1.6583,1.65845,14.70,0.30
2007.12.20 11:38:21.201,1.6583,1.6585,14.70,4.30
2007.12.20 11:38:21.400,1.6584,1.65845,4.00,0.30
2007.12.20 11:38:21.598,1.6584,1.65845,4.00,0.30
2007.12.20 11:38:21.795,1.6583,1.6585,26.70,4.30
2007.12.20 11:38:22.014,1.6583,1.65845,14.70,0.30
2007.12.20 11:38:22.243,1.6583,1.65845,14.70,0.30
2007.12.20 11:38:23.181,1.6583,1.65845,14.70,0.30
2007.12.20 11:38:23.911,1.6583,1.6585,14.70,4.30
2007.12.20 11:38:24.202,1.6583,1.6585,14.70,4.30
2007.12.20 11:38:24.636,1.6583,1.6585,14.70,4.30
2007.12.20 11:38:25.019,1.6583,1.65845,14.70,0.30
2007.12.20 11:38:25.451,1.6583,1.6585,14.70,4.30
2007.12.20 11:38:25.704,1.6583,1.6585,14.70,4.70
2007.12.20 11:38:25.957,1.6583,1.6585,14.70,5.50
2007.12.20 11:38:26.174,1.6583,1.6585,14.70,5.50
2007.12.20 11:38:26.385,1.6583,1.6585,14.70,5.10
2007.12.20 11:38:26.548,1.6583,1.6585,14.70,4.70
2007.12.20 11:38:26.712,1.6583,1.65845,14.70,0.30
2007.12.20 11:38:27.107,1.6583,1.6585,14.70,4.30
2007.12.20 11:38:27.400,1.6583,1.6585,14.70,4.30
2007.12.20 11:38:27.694,1.6583,1.6585,14.70,5.50
2007.12.20 11:38:31.138,1.6583,1.65845,14.70,0.30
2007.12.20 11:38:31.455,1.6583,1.65845,14.70,0.30
2007.12.20 11:38:31.622,1.6583,1.65845,14.70,0.30
2007.12.20 11:38:31.761,1.6583,1.65845,14.70,0.30
2007.12.20 11:38:31.899,1.6583,1.65845,14.70,0.30
2007.12.20 11:38:32.181,1.6583,1.65845,14.70,0.30
2007.12.20 11:38:32.515,1.6583,1.65845,14.70,0.30
2007.12.20 11:38:33.180,1.6583,1.65845,10.70,0.30
2007.12.20 11:38:33.437,1.6583,1.65845,10.70,0.30
2007.12.20 11:38:34.162,1.6583,1.65845,10.70,0.30
2007.12.20 11:38:34.442,1.6583,1.65845,10.70,0.30
2007.12.20 11:38:35.426,1.6583,1.65845,10.70,0.30
2007.12.20 11:38:36.114,1.6583,1.65845,10.70,0.30
2007.12.20 11:38:36.347,1.6583,1.65845,14.70,0.30
2007.12.20 11:38:36.580,1.6583,1.65845,14.70,0.30
2007.12.20 11:38:37.142,1.6583,1.65845,14.70,0.30
2007.12.20 11:38:37.466,1.6583,1.65845,14.70,0.30
2007.12.20 11:38:37.693,1.6583,1.65845,14.70,0.30
2007.12.20 11:38:39.117,1.6583,1.65845,14.70,0.30
2007.12.20 11:38:39.422,1.6583,1.65845,14.70,0.30
2007.12.20 11:38:40.821,1.6583,1.6585,14.70,6.00
2007.12.20 11:38:40.896,1.6583,1.65845,14.70,0.30
2007.12.20 11:38:41.400,1.6583,1.65855,14.40,9.70
2007.12.20 11:38:46.885,1.6583,1.65855,14.40,10.00
2007.12.20 11:38:56.395,1.6583,1.65855,14.40,10.00
2007.12.20 11:38:56.912,1.6583,1.65855,14.40,10.00
2007.12.20 11:38:57.429,1.6583,1.6585,14.40,0.90
2007.12.20 11:38:59.091,1.6583,1.65855,14.40,10.00
2007.12.20 11:39:01.169,1.6583,1.6585,14.40,0.90
2007.12.20 11:39:01.397,1.6583,1.65855,14.40,10.00
2007.12.20 11:39:04.170,1.6583,1.6585,6.40,0.90
2007.12.20 11:39:04.405,1.6583,1.65855,6.40,9.40
2007.12.20 11:39:04.685,1.6583,1.6585,6.40,0.70
2007.12.20 11:39:08.117,1.6582,1.6585,4.00,0.80
2007.12.20 11:39:09.866,1.6582,1.6585,4.00,0.80
2007.12.20 11:39:10.166,1.6582,1.6585,4.00,0.80
2007.12.20 11:39:14.207,1.6583,1.6585,6.40,9.40
2007.12.20 11:39:20.120,1.6583,1.6585,6.40,9.40
2007.12.20 11:39:25.914,1.6583,1.6585,6.40,9.40
2007.12.20 11:39:27.464,1.6583,1.6585,6.40,8.80
2007.12.20 11:39:27.652,1.6583,1.6585,14.40,8.80
2007.12.20 11:39:27.840,1.6583,1.6585,14.40,10.40
2007.12.20 11:39:27.912,1.6582,1.6585,50.40,10.40
2007.12.20 11:39:28.929,1.6583,1.6585,5.40,10.40
2007.12.20 11:39:29.137,1.6582,1.6585,50.40,10.40
2007.12.20 11:39:31.112,1.6582,1.6585,50.40,10.40
2007.12.20 11:39:35.946,1.6582,1.6585,50.40,10.40
2007.12.20 11:39:36.164,1.6583,1.6585,1.50,10.40
2007.12.20 11:39:36.365,1.6583,1.6585,7.50,10.40
2007.12.20 11:39:38.163,1.6582,1.6585,50.40,10.40
2007.12.20 11:39:38.370,1.6582,1.6585,50.40,10.40
2007.12.20 11:39:40.114,1.65825,1.6585,18.40,10.40
2007.12.20 11:39:41.146,1.65825,1.6585,18.40,10.40
2007.12.20 11:39:41.461,1.65825,1.6585,18.40,10.40
2007.12.20 11:39:42.173,1.65825,1.6585,18.40,10.40
2007.12.20 11:39:42.393,1.65825,1.6585,18.40,10.40
2007.12.20 11:39:42.687,1.65825,1.6585,18.40,10.40
2007.12.20 11:39:43.453,1.65825,1.6585,18.40,10.40
2007.12.20 11:39:44.373,1.6583,1.6585,6.40,10.40
2007.12.20 11:39:45.263,1.6583,1.6585,0.50,22.40
2007.12.20 11:39:45.432,1.6583,1.65845,1.40,8.00
2007.12.20 11:39:45.922,1.6583,1.65845,1.00,8.00
2007.12.20 11:39:46.135,1.6583,1.65845,5.20,8.00
2007.12.20 11:39:46.451,1.6583,1.65845,2.60,8.00
2007.12.20 11:39:46.950,1.6582,1.65845,39.20,8.00
2007.12.20 11:39:48.189,1.6582,1.65845,39.20,8.00
2007.12.20 11:39:50.131,1.6582,1.65845,38.40,8.00
2007.12.20 11:39:50.354,1.6582,1.65845,38.40,8.00
2007.12.20 11:39:50.578,1.6583,1.65845,0.80,8.00
2007.12.20 11:39:50.801,1.6583,1.6584,1.20,12.00
2007.12.20 11:39:51.024,1.6581,1.65835,37.60,8.00
2007.12.20 11:39:51.244,1.6581,1.65835,33.90,8.20
2007.12.20 11:39:51.463,1.6581,1.65835,40.30,8.20
2007.12.20 11:39:51.681,1.6581,1.65835,32.30,0.30
2007.12.20 11:39:51.899,1.6581,1.65835,32.40,0.30
2007.12.20 11:39:52.167,1.6582,1.65835,0.40,0.30
2007.12.20 11:39:52.464,1.6582,1.65835,0.40,0.30
2007.12.20 11:39:53.191,1.6581,1.65835,32.40,0.30
2007.12.20 11:39:57.191,1.6582,1.65835,0.40,0.30
2007.12.20 11:39:57.344,1.6582,1.65835,0.40,0.30
2007.12.20 11:39:57.498,1.6582,1.65835,0.40,0.30
2007.12.20 11:39:57.651,1.6582,1.65835,0.40,0.30
2007.12.20 11:39:57.933,1.6582,1.65835,0.40,0.30
2007.12.20 11:39:57.974,1.6581,1.65835,32.40,0.30
2007.12.20 11:39:58.152,1.6581,1.65835,32.40,0.30
2007.12.20 11:39:59.391,1.6582,1.65835,0.40,0.30
2007.12.20 11:40:00.415,1.6582,1.65835,0.40,0.30
2007.12.20 11:40:01.138,1.6581,1.65835,32.40,0.30
2007.12.20 11:40:04.149,1.6582,1.65835,0.40,0.30
2007.12.20 11:40:05.295,1.6581,1.6583,20.40,12.00
2007.12.20 11:40:05.483,1.6582,1.65825,0.40,8.00
2007.12.20 11:40:05.671,1.6581,1.65825,20.40,8.00
2007.12.20 11:40:05.901,1.6581,1.65825,20.40,8.00
2007.12.20 11:40:06.089,1.65815,1.65825,0.40,8.00
2007.12.20 11:40:06.277,1.65815,1.65825,0.40,8.00
2007.12.20 11:40:07.148,1.6581,1.65825,16.40,8.00
2007.12.20 11:40:11.985,1.6581,1.65825,12.40,8.00
2007.12.20 11:40:18.123,1.6581,1.65825,12.40,8.00
2007.12.20 11:40:21.145,1.65815,1.65825,0.40,8.00
2007.12.20 11:40:21.255,1.6581,1.6583,12.40,16.20
2007.12.20 11:40:21.364,1.6581,1.6583,24.40,4.20
2007.12.20 11:40:21.574,1.6581,1.6583,24.40,0.30
2007.12.20 11:40:22.022,1.65815,1.6583,0.40,0.30
2007.12.20 11:40:22.183,1.6581,1.6584,24.40,34.70
2007.12.20 11:40:22.516,1.6581,1.6584,24.40,34.70
2007.12.20 11:40:23.428,1.6581,1.6584,24.40,34.70
2007.12.20 11:40:23.641,1.6581,1.6584,24.40,34.70
2007.12.20 11:40:24.016,1.6582,1.65835,0.40,0.30
2007.12.20 11:40:24.234,1.6581,1.6584,24.40,24.30
2007.12.20 11:40:24.453,1.6581,1.6584,28.40,24.30
2007.12.20 11:40:25.184,1.6581,1.6584,28.40,24.30
2007.12.20 11:40:27.154,1.6582,1.65835,0.40,0.30
2007.12.20 11:40:28.172,1.6582,1.65835,0.40,0.30
2007.12.20 11:40:28.394,1.6582,1.65835,0.40,0.30
2007.12.20 11:40:28.592,1.65815,1.6584,0.40,24.30
2007.12.20 11:40:28.914,1.65815,1.6584,0.40,24.30
2007.12.20 11:40:29.052,1.65815,1.6583,0.40,0.30
2007.12.20 11:40:29.191,1.65815,1.6584,0.40,34.70
2007.12.20 11:40:29.416,1.65815,1.6583,0.40,0.30
2007.12.20 11:40:34.096,1.6581,1.65825,24.00,0.30
2007.12.20 11:40:34.370,1.6581,1.6582,12.00,24.80
2007.12.20 11:40:34.644,1.6581,1.6582,12.00,24.80
2007.12.20 11:40:34.927,1.65815,1.6583,0.40,28.20
2007.12.20 11:40:35.111,1.65815,1.65825,0.40,0.90
2007.12.20 11:40:35.416,1.65815,1.6583,0.40,28.20
2007.12.20 11:40:36.140,1.65815,1.6583,0.40,28.20
2007.12.20 11:40:36.363,1.6581,1.6582,1.90,0.30
2007.12.20 11:40:36.751,1.6581,1.65825,0.40,8.30
2007.12.20 11:40:37.158,1.6581,1.6582,0.40,0.30
2007.12.20 11:40:37.351,1.6581,1.6582,0.40,0.30
2007.12.20 11:40:38.331,1.6581,1.65825,0.40,12.30
2007.12.20 11:40:39.906,1.6581,1.6582,0.40,0.30
2007.12.20 11:40:40.425,1.6581,1.6582,0.40,0.30
2007.12.20 11:40:40.653,1.6581,1.6582,0.40,0.30
2007.12.20 11:40:40.890,1.6581,1.6582,0.40,0.30
2007.12.20 11:40:41.128,1.6581,1.6582,0.40,0.30
2007.12.20 11:40:42.378,1.6581,1.65825,0.40,12.30
2007.12.20 11:40:43.095,1.6581,1.6582,0.40,0.30
2007.12.20 11:40:43.418,1.6581,1.6582,0.40,0.30
2007.12.20 11:40:43.629,1.6581,1.6582,0.40,0.30
2007.12.20 11:40:43.993,1.6581,1.6582,0.40,0.30
2007.12.20 11:40:47.359,1.6581,1.6582,0.40,0.30
2007.12.20 11:40:48.400,1.6581,1.65825,0.40,12.30
2007.12.20 11:40:54.120,1.65805,1.65825,0.40,12.30
2007.12.20 11:40:54.239,1.65805,1.65825,0.40,12.30
2007.12.20 11:40:54.393,1.65805,1.65815,0.40,0.30
2007.12.20 11:40:54.571,1.65805,1.65825,0.40,12.30
2007.12.20 11:40:54.749,1.658,1.6581,24.30,0.30
2007.12.20 11:40:54.928,1.658,1.6582,5.90,8.30
2007.12.20 11:40:55.106,1.658,1.6582,5.90,18.70
2007.12.20 11:40:55.738,1.658,1.6582,4.30,18.70
2007.12.20 11:40:55.935,1.658,1.6582,4.30,18.70
2007.12.20 11:40:56.133,1.658,1.6582,4.30,18.70
2007.12.20 11:40:56.337,1.658,1.6582,4.30,18.70
2007.12.20 11:40:56.990,1.658,1.6582,4.30,18.70
2007.12.20 11:40:57.174,1.658,1.65815,4.30,0.30
2007.12.20 11:40:57.365,1.658,1.6582,4.30,18.70
2007.12.20 11:40:57.558,1.658,1.6582,4.30,18.70
2007.12.20 11:40:57.751,1.658,1.6582,0.40,22.70
2007.12.20 11:40:57.945,1.658,1.65815,0.40,0.50
2007.12.20 11:40:58.139,1.658,1.65815,0.40,0.90
2007.12.20 11:40:59.098,1.65805,1.65815,0.40,0.50
2007.12.20 11:40:59.309,1.65795,1.65815,4.30,8.30
2007.12.20 11:40:59.523,1.65795,1.6581,0.40,0.30
2007.12.20 11:40:59.792,1.658,1.65815,4.00,8.30
2007.12.20 11:41:00.060,1.65795,1.6581,0.40,0.30
2007.12.20 11:41:00.328,1.658,1.6582,4.30,18.70
2007.12.20 11:41:00.596,1.658,1.6582,4.30,18.70
2007.12.20 11:41:00.849,1.65805,1.65825,0.40,12.30
2007.12.20 11:41:01.103,1.65805,1.6582,0.70,0.30
2007.12.20 11:41:01.366,1.65805,1.65825,1.10,12.30
2007.12.20 11:41:01.869,1.65805,1.6582,1.10,0.30
2007.12.20 11:41:02.086,1.65805,1.65825,1.10,12.30
2007.12.20 11:41:02.305,1.65805,1.65825,1.10,12.30
2007.12.20 11:41:02.523,1.65805,1.65825,1.10,8.30
2007.12.20 11:41:02.715,1.65805,1.6582,1.10,0.30
2007.12.20 11:41:02.909,1.65805,1.6582,1.10,0.30
2007.12.20 11:41:03.102,1.6581,1.6583,0.40,38.60
2007.12.20 11:41:03.302,1.6581,1.6583,0.40,38.60
2007.12.20 11:41:03.495,1.6581,1.6583,0.40,38.60
2007.12.20 11:41:03.754,1.6581,1.65825,0.40,0.50
2007.12.20 11:41:04.011,1.6581,1.6583,0.40,38.60
2007.12.20 11:41:04.269,1.6581,1.6583,0.40,38.60
2007.12.20 11:41:04.528,1.6581,1.65825,0.40,0.70
2007.12.20 11:41:04.786,1.6581,1.65825,0.40,0.90
2007.12.20 11:41:05.009,1.6581,1.6583,0.40,38.60
2007.12.20 11:41:05.232,1.6581,1.6583,0.40,38.60
2007.12.20 11:41:05.456,1.6581,1.6583,0.40,38.60
2007.12.20 11:41:05.679,1.65805,1.65825,0.40,8.30
2007.12.20 11:41:05.937,1.65805,1.65825,0.40,8.30
2007.12.20 11:41:06.195,1.65805,1.6582,0.40,0.30
2007.12.20 11:41:06.454,1.6581,1.6583,0.40,38.60
2007.12.20 11:41:06.714,1.6581,1.65825,0.40,0.80
2007.12.20 11:41:06.988,1.6581,1.6583,0.40,38.60
2007.12.20 11:41:07.260,1.6581,1.65825,0.40,0.60
2007.12.20 11:41:07.533,1.6581,1.6583,0.40,38.60
2007.12.20 11:41:07.908,1.6581,1.6583,0.40,38.60
2007.12.20 11:41:08.110,1.658,1.65825,37.90,12.30
2007.12.20 11:41:08.313,1.658,1.65815,20.30,0.30
2007.12.20 11:41:08.517,1.658,1.6582,20.30,12.20
2007.12.20 11:41:08.721,1.658,1.65815,10.70,0.90
2007.12.20 11:41:08.994,1.658,1.6582,10.70,12.20
2007.12.20 11:41:09.267,1.65805,1.6582,0.40,22.60
2007.12.20 11:41:09.540,1.65805,1.6582,0.40,0.60
2007.12.20 11:41:09.814,1.65805,1.65825,0.40,12.30
2007.12.20 11:41:10.032,1.65805,1.6582,0.40,0.30
2007.12.20 11:41:10.251,1.65805,1.65825,0.40,12.30
2007.12.20 11:41:10.468,1.65805,1.65825,0.40,12.30
2007.12.20 11:41:10.686,1.65805,1.65825,0.40,12.30
2007.12.20 11:41:10.983,1.65805,1.65825,0.40,12.30
2007.12.20 11:41:11.231,1.65805,1.65825,0.40,12.30
2007.12.20 11:41:12.028,1.65805,1.65825,0.40,12.30
2007.12.20 11:41:12.247,1.65805,1.65825,0.40,8.30
2007.12.20 11:41:12.465,1.65805,1.65825,0.40,9.00
2007.12.20 11:41:12.692,1.65805,1.6582,0.40,0.60
2007.12.20 11:41:12.962,1.65805,1.6582,0.40,0.50
2007.12.20 11:41:13.214,1.65805,1.65825,0.40,9.00
2007.12.20 11:41:13.468,1.65805,1.6582,0.40,0.50
2007.12.20 11:41:14.001,1.65805,1.65825,0.40,9.00
2007.12.20 11:41:14.195,1.6581,1.6582,4.00,8.20
2007.12.20 11:41:14.421,1.6581,1.6582,4.00,8.20
2007.12.20 11:41:14.928,1.6581,1.6582,4.00,8.20
2007.12.20 11:41:15.131,1.6581,1.6582,4.00,0.90
2007.12.20 11:41:15.146,1.6581,1.6583,4.00,36.20
2007.12.20 11:41:15.414,1.6581,1.6583,4.00,36.20
2007.12.20 11:41:15.647,1.6581,1.6583,6.40,33.80
2007.12.20 11:41:15.866,1.6581,1.6583,14.70,20.30
2007.12.20 11:41:16.094,1.65815,1.6583,0.40,0.50
2007.12.20 11:41:16.322,1.6582,1.65835,4.00,8.30
2007.12.20 11:41:16.549,1.6582,1.6583,4.00,0.30
2007.12.20 11:41:16.779,1.6582,1.65835,4.00,8.30
2007.12.20 11:41:17.022,1.6582,1.65835,4.00,8.30
2007.12.20 11:41:17.265,1.6582,1.65835,4.00,8.40
2007.12.20 11:41:17.507,1.6582,1.65835,4.00,8.40
2007.12.20 11:41:18.107,1.6582,1.6583,4.00,0.40
2007.12.20 11:41:18.418,1.6582,1.65835,4.00,8.40
2007.12.20 11:41:21.124,1.6582,1.6583,4.00,0.40
2007.12.20 11:41:22.068,1.6582,1.65835,4.00,8.40
2007.12.20 11:41:22.232,1.6582,1.6583,4.00,0.40
2007.12.20 11:41:22.395,1.6582,1.6583,4.00,0.40
2007.12.20 11:41:30.163,1.6582,1.65835,6.40,8.40
2007.12.20 11:41:30.331,1.6582,1.6583,14.40,0.40
2007.12.20 11:41:30.498,1.6582,1.65835,14.40,8.40
2007.12.20 11:41:31.361,1.6582,1.65835,14.40,8.40
2007.12.20 11:41:38.087,1.6582,1.65835,12.00,8.40
2007.12.20 11:41:38.245,1.6582,1.6583,4.00,0.40
2007.12.20 11:41:38.488,1.6582,1.65835,4.00,8.40
2007.12.20 11:41:38.731,1.6582,1.65835,4.00,8.40
2007.12.20 11:41:38.974,1.6582,1.65835,4.00,8.40
2007.12.20 11:41:39.217,1.6582,1.6583,4.00,0.40
2007.12.20 11:41:39.931,1.6582,1.65835,4.00,8.40
2007.12.20 11:41:40.876,1.6582,1.6583,4.00,0.40
2007.12.20 11:41:41.024,1.6582,1.6583,4.00,0.40
2007.12.20 11:41:41.409,1.6582,1.6583,4.00,0.40
2007.12.20 11:41:42.014,1.6582,1.6583,4.00,0.40
2007.12.20 11:41:42.222,1.6582,1.65825,4.00,0.30
2007.12.20 11:41:42.429,1.6582,1.65825,4.00,0.30
2007.12.20 11:41:42.716,1.6582,1.65825,4.00,0.30
2007.12.20 11:41:42.925,1.6582,1.65825,4.00,0.30
2007.12.20 11:41:43.134,1.6582,1.65825,4.00,0.30
2007.12.20 11:41:43.343,1.6582,1.65825,4.00,0.30
2007.12.20 11:41:43.550,1.6582,1.65825,4.00,0.30
2007.12.20 11:41:43.987,1.6582,1.65825,4.00,0.30
2007.12.20 11:41:44.230,1.6582,1.65825,4.00,0.30
2007.12.20 11:41:53.636,1.6582,1.65825,4.00,0.30
2007.12.20 11:41:53.754,1.6582,1.6583,4.00,0.40
2007.12.20 11:41:53.872,1.6582,1.6583,4.00,0.40
2007.12.20 11:41:54.041,1.6582,1.6583,14.40,0.40
2007.12.20 11:41:54.209,1.6582,1.65825,4.00,0.30
2007.12.20 11:41:54.378,1.6582,1.65825,4.00,0.30
2007.12.20 11:41:54.657,1.6582,1.65825,4.00,0.30
2007.12.20 11:41:54.825,1.6582,1.65825,4.00,0.30
2007.12.20 11:41:54.993,1.6581,1.6582,0.40,8.00
2007.12.20 11:41:55.212,1.65805,1.6582,0.40,9.00
2007.12.20 11:41:55.431,1.65805,1.6582,0.40,9.80
2007.12.20 11:41:55.903,1.65805,1.6582,0.40,9.80
2007.12.20 11:41:56.162,1.65805,1.6582,0.40,18.60
2007.12.20 11:41:56.431,1.65805,1.6582,0.40,18.60
2007.12.20 11:41:57.147,1.65805,1.6582,0.40,10.60
2007.12.20 11:41:57.363,1.6581,1.65815,4.00,0.30
2007.12.20 11:41:57.585,1.6581,1.65815,4.00,0.30
2007.12.20 11:41:57.808,1.6581,1.65815,4.00,0.30
2007.12.20 11:41:58.032,1.6581,1.65815,4.00,0.30
2007.12.20 11:41:58.270,1.6581,1.6582,4.00,8.20
2007.12.20 11:41:58.508,1.6581,1.6582,4.00,8.20
2007.12.20 11:41:58.747,1.6581,1.6582,4.00,8.20
2007.12.20 11:41:58.985,1.6581,1.6582,4.00,8.20
2007.12.20 11:41:59.268,1.6581,1.6582,4.00,0.30
2007.12.20 11:41:59.560,1.6581,1.6582,4.00,0.30
2007.12.20 11:42:00.997,1.6581,1.6582,4.00,0.30
2007.12.20 11:42:01.341,1.6581,1.6582,4.00,0.30
2007.12.20 11:42:01.863,1.6581,1.6582,4.00,0.30
2007.12.20 11:42:02.394,1.6581,1.6582,4.00,0.30
2007.12.20 11:42:02.979,1.6581,1.6582,4.00,0.30
2007.12.20 11:42:03.162,1.6581,1.6582,4.00,0.30
2007.12.20 11:42:03.915,1.6581,1.6582,4.00,0.30
2007.12.20 11:42:04.249,1.6581,1.6582,4.00,0.30
2007.12.20 11:42:05.158,1.6581,1.6582,4.00,0.30
2007.12.20 11:42:06.189,1.6581,1.6582,4.00,0.30
2007.12.20 11:42:07.117,1.6581,1.6582,4.00,0.30
2007.12.20 11:42:08.164,1.6581,1.6582,4.00,0.30
2007.12.20 11:42:08.240,1.6581,1.6582,4.00,0.30
2007.12.20 11:42:08.371,1.6581,1.65825,4.00,8.30
2007.12.20 11:42:08.569,1.65805,1.65825,0.40,8.30
2007.12.20 11:42:08.882,1.65805,1.65825,0.40,8.30
2007.12.20 11:42:09.103,1.65805,1.6582,0.40,0.30
2007.12.20 11:42:09.301,1.65805,1.6582,0.40,0.30
2007.12.20 11:42:09.629,1.65805,1.65825,0.40,8.30
2007.12.20 11:42:10.117,1.65805,1.6582,0.40,0.30
2007.12.20 11:42:12.176,1.65805,1.6582,0.40,0.30
2007.12.20 11:42:16.138,1.65805,1.65825,0.40,8.30
2007.12.20 11:42:16.355,1.65805,1.6582,0.40,0.30
2007.12.20 11:42:16.664,1.6581,1.65825,2.40,8.30
2007.12.20 11:42:16.974,1.65815,1.6583,0.40,0.40
2007.12.20 11:42:17.282,1.65815,1.65835,0.40,8.40
2007.12.20 11:42:17.476,1.65815,1.6583,0.40,0.40
2007.12.20 11:42:18.019,1.65815,1.6583,0.40,0.40
2007.12.20 11:42:20.386,1.65815,1.65835,0.40,8.40
2007.12.20 11:42:21.096,1.65815,1.65835,0.40,9.20
2007.12.20 11:42:21.340,1.65815,1.65835,0.40,13.10
2007.12.20 11:42:21.583,1.65815,1.65835,0.40,13.10
2007.12.20 11:42:22.058,1.65815,1.65835,0.40,13.90
2007.12.20 11:42:22.227,1.65815,1.6584,0.40,44.30
2007.12.20 11:42:22.396,1.65815,1.65835,0.40,17.90
2007.12.20 11:42:23.176,1.65815,1.65835,0.40,17.90
2007.12.20 11:42:23.422,1.65815,1.65835,0.40,13.90
2007.12.20 11:42:23.643,1.65815,1.65835,0.40,13.90
2007.12.20 11:42:24.052,1.65815,1.65835,0.40,13.90
2007.12.20 11:42:24.215,1.65815,1.65835,0.40,13.90
2007.12.20 11:42:24.980,1.65815,1.65835,0.40,13.90
2007.12.20 11:42:25.182,1.6581,1.65825,21.90,0.30
2007.12.20 11:42:25.386,1.6581,1.6583,9.90,20.30
2007.12.20 11:42:25.588,1.6581,1.6583,5.90,20.30
2007.12.20 11:42:26.007,1.6581,1.6583,4.30,20.30
2007.12.20 11:42:26.179,1.6581,1.6583,4.30,20.30
2007.12.20 11:42:27.670,1.6581,1.65825,4.30,0.30
2007.12.20 11:42:27.923,1.6581,1.6583,4.30,18.70
2007.12.20 11:42:28.142,1.6581,1.6583,4.30,8.30
2007.12.20 11:42:28.359,1.6581,1.6583,4.30,8.30
2007.12.20 11:42:28.680,1.6581,1.6583,0.40,12.30
2007.12.20 11:42:28.899,1.6581,1.65825,0.40,0.80
2007.12.20 11:42:29.120,1.65805,1.65825,0.40,8.30
2007.12.20 11:42:29.337,1.65805,1.6582,0.40,0.30
2007.12.20 11:42:29.557,1.65805,1.65825,0.40,8.30
2007.12.20 11:42:29.948,1.6581,1.6583,0.40,37.80
2007.12.20 11:42:30.227,1.6581,1.65825,0.40,0.50
2007.12.20 11:42:30.505,1.6581,1.65825,0.40,0.50
2007.12.20 11:42:30.784,1.6581,1.6583,0.40,37.80
2007.12.20 11:42:31.104,1.65805,1.65825,0.40,12.30
2007.12.20 11:42:31.327,1.65805,1.65825,0.40,12.30
2007.12.20 11:42:31.550,1.65805,1.6582,0.40,0.30
2007.12.20 11:42:31.772,1.65805,1.65825,0.40,12.30
2007.12.20 11:42:38.161,1.65805,1.6582,0.40,0.30
2007.12.20 11:42:46.123,1.65805,1.6582,0.40,0.30
2007.12.20 11:42:46.317,1.658,1.65815,16.30,8.20
2007.12.20 11:42:46.509,1.658,1.65815,16.30,8.20
2007.12.20 11:42:46.702,1.658,1.65815,14.70,8.20
2007.12.20 11:42:46.895,1.658,1.65815,10.70,8.20
2007.12.20 11:42:47.088,1.658,1.65815,10.70,8.20
2007.12.20 11:42:47.367,1.658,1.65815,10.70,8.20
2007.12.20 11:42:47.858,1.658,1.65815,10.70,8.20
2007.12.20 11:42:48.137,1.65795,1.6581,0.40,0.30
2007.12.20 11:42:48.317,1.65795,1.6581,0.40,0.30
2007.12.20 11:42:48.401,1.6579,1.6581,20.30,16.30
2007.12.20 11:42:48.665,1.6579,1.65805,12.30,0.50
2007.12.20 11:42:48.927,1.6579,1.6581,10.70,16.30
2007.12.20 11:42:49.190,1.65785,1.6581,0.40,12.30
2007.12.20 11:42:49.448,1.65785,1.658,0.40,0.30
2007.12.20 11:42:49.706,1.65785,1.658,0.40,0.30
2007.12.20 11:42:49.978,1.6579,1.65805,0.40,0.30
2007.12.20 11:42:50.221,1.6579,1.65805,8.30,0.30
2007.12.20 11:42:50.465,1.65795,1.6581,0.40,8.20
2007.12.20 11:42:50.737,1.65795,1.6581,0.40,8.20
2007.12.20 11:42:51.032,1.65795,1.6581,0.40,8.20
2007.12.20 11:42:51.220,1.65795,1.6581,0.40,8.20
2007.12.20 11:42:51.408,1.65795,1.6581,0.40,8.20
2007.12.20 11:42:52.287,1.65795,1.6581,0.40,8.20
2007.12.20 11:42:52.495,1.65795,1.6581,0.40,0.30
2007.12.20 11:42:52.704,1.658,1.65815,0.40,0.30
2007.12.20 11:42:52.912,1.658,1.65815,4.30,0.30
2007.12.20 11:42:53.121,1.658,1.6581,4.30,4.80
2007.12.20 11:42:53.355,1.6579,1.658,5.60,0.30
2007.12.20 11:42:53.599,1.6579,1.658,1.60,0.30
2007.12.20 11:42:53.821,1.6579,1.658,5.60,2.60
2007.12.20 11:42:54.055,1.6579,1.658,4.00,10.60
2007.12.20 11:42:54.269,1.6579,1.658,4.00,10.60
2007.12.20 11:42:54.472,1.6579,1.658,4.00,0.30
2007.12.20 11:42:54.674,1.65795,1.65805,0.40,12.00
2007.12.20 11:42:54.878,1.65795,1.65805,0.40,4.00
2007.12.20 11:42:55.082,1.6579,1.65805,2.70,0.30
2007.12.20 11:42:55.349,1.65785,1.658,0.40,0.30
2007.12.20 11:42:55.617,1.65785,1.658,0.40,0.30
2007.12.20 11:42:55.886,1.65785,1.658,0.40,0.30
2007.12.20 11:42:56.155,1.65785,1.658,0.40,0.30
2007.12.20 11:42:56.378,1.65785,1.658,0.40,0.30
2007.12.20 11:42:56.661,1.65785,1.658,0.40,0.30
2007.12.20 11:42:56.886,1.65785,1.658,0.40,0.30
2007.12.20 11:42:57.108,1.6578,1.65795,28.30,0.30
2007.12.20 11:42:57.321,1.6578,1.65795,16.30,0.30
2007.12.20 11:42:57.534,1.6578,1.65795,16.30,0.30
2007.12.20 11:42:57.747,1.6578,1.65795,14.70,0.30
2007.12.20 11:42:58.416,1.6578,1.65795,14.70,0.30
2007.12.20 11:43:00.027,1.6578,1.6579,14.70,0.80
2007.12.20 11:43:00.180,1.6578,1.65785,6.40,0.30
2007.12.20 11:43:00.458,1.65775,1.6579,0.40,19.40
2007.12.20 11:43:00.736,1.65785,1.6579,0.40,8.00
2007.12.20 11:43:01.015,1.65785,1.658,0.40,20.20
2007.12.20 11:43:01.293,1.65785,1.658,0.40,20.20
2007.12.20 11:43:01.694,1.65785,1.658,0.40,18.60
2007.12.20 11:43:01.901,1.65785,1.658,0.40,18.60
2007.12.20 11:43:02.110,1.65785,1.658,0.40,18.60
2007.12.20 11:43:02.318,1.65785,1.658,0.40,18.60
2007.12.20 11:43:02.961,1.65785,1.658,0.40,18.60
2007.12.20 11:43:04.176,1.65785,1.658,0.40,18.60
2007.12.20 11:43:06.172,1.65785,1.658,0.40,18.60
2007.12.20 11:43:06.376,1.65785,1.658,0.40,18.60
2007.12.20 11:43:07.106,1.65785,1.658,0.40,18.60
2007.12.20 11:43:08.036,1.65785,1.658,0.40,18.60
2007.12.20 11:43:08.625,1.65785,1.658,0.40,18.60
2007.12.20 11:43:08.972,1.65785,1.658,0.40,18.60
2007.12.20 11:43:09.657,1.65785,1.658,0.40,18.60
2007.12.20 11:43:09.815,1.65785,1.658,0.40,34.60
2007.12.20 11:43:09.973,1.65785,1.65795,0.40,8.00
2007.12.20 11:43:10.178,1.65785,1.65795,0.40,8.00
2007.12.20 11:43:10.959,1.65785,1.65795,0.40,8.00
2007.12.20 11:43:11.251,1.65785,1.65795,0.40,8.00
2007.12.20 11:43:11.998,1.65785,1.65795,0.40,8.00
2007.12.20 11:43:12.169,1.65785,1.65795,0.40,8.00
2007.12.20 11:43:13.392,1.65785,1.65795,0.40,8.00
2007.12.20 11:43:14.067,1.65785,1.65795,0.40,8.00
2007.12.20 11:43:14.226,1.65785,1.65795,0.40,8.00
2007.12.20 11:43:15.174,1.65785,1.65795,0.40,8.00
2007.12.20 11:43:17.356,1.65785,1.65795,0.40,8.00
2007.12.20 11:43:19.422,1.65785,1.65795,0.40,8.00
2007.12.20 11:43:23.295,1.65785,1.65795,0.40,8.00
2007.12.20 11:43:23.464,1.65785,1.65795,0.40,8.00
2007.12.20 11:43:23.689,1.65785,1.65795,0.40,8.00
2007.12.20 11:43:26.169,1.65785,1.65795,0.40,8.00
2007.12.20 11:43:26.926,1.65785,1.65795,0.40,8.00
2007.12.20 11:43:27.069,1.65785,1.65795,0.40,8.00
2007.12.20 11:43:30.149,1.65785,1.65795,0.40,8.00
2007.12.20 11:43:30.993,1.65775,1.65795,4.00,8.00
2007.12.20 11:43:31.265,1.65775,1.65795,4.00,8.00
2007.12.20 11:43:31.820,1.65775,1.65795,4.00,8.00
2007.12.20 11:43:33.191,1.6578,1.65795,4.00,8.00
2007.12.20 11:43:33.485,1.6578,1.65795,4.00,8.00
2007.12.20 11:43:33.778,1.6578,1.658,4.00,18.40
2007.12.20 11:43:34.071,1.6578,1.658,4.00,18.40
2007.12.20 11:43:34.365,1.6578,1.658,4.00,18.40
2007.12.20 11:43:34.617,1.6578,1.658,4.00,18.40
2007.12.20 11:43:34.922,1.6578,1.658,4.00,18.40
2007.12.20 11:43:35.176,1.6578,1.658,4.00,18.40
2007.12.20 11:43:35.483,1.6578,1.658,4.00,18.40
2007.12.20 11:43:35.968,1.6578,1.658,4.00,18.40
2007.12.20 11:43:36.205,1.6578,1.658,4.00,18.40
2007.12.20 11:43:36.429,1.6578,1.658,4.00,18.40
2007.12.20 11:43:36.833,1.6578,1.658,4.00,18.40
2007.12.20 11:43:37.056,1.6578,1.658,4.00,18.40
2007.12.20 11:43:37.280,1.6578,1.658,4.00,18.40
2007.12.20 11:43:37.554,1.6578,1.658,4.00,18.40
2007.12.20 11:43:37.944,1.6578,1.658,4.00,18.40
2007.12.20 11:43:38.218,1.6578,1.658,4.00,18.40
2007.12.20 11:43:39.122,1.6578,1.658,4.00,18.40
2007.12.20 11:43:40.960,1.6578,1.658,4.00,19.20
2007.12.20 11:43:41.203,1.6578,1.65795,4.30,0.30
2007.12.20 11:43:41.486,1.6578,1.65795,0.40,8.20
2007.12.20 11:43:41.770,1.6578,1.65795,0.40,8.20
2007.12.20 11:43:42.053,1.6578,1.65795,0.40,8.20
2007.12.20 11:43:43.902,1.6578,1.65795,0.40,8.20
2007.12.20 11:43:44.095,1.6578,1.65795,0.40,8.20
2007.12.20 11:43:46.884,1.6578,1.65795,0.40,8.20
2007.12.20 11:43:47.123,1.6578,1.65795,0.40,8.20
2007.12.20 11:43:47.356,1.65785,1.658,0.40,22.60
2007.12.20 11:43:47.450,1.65785,1.65805,0.40,26.60
2007.12.20 11:43:47.570,1.65785,1.658,0.40,0.50
2007.12.20 11:43:49.679,1.65785,1.65805,0.40,26.60
2007.12.20 11:43:50.077,1.65785,1.65805,0.40,26.60
2007.12.20 11:43:50.302,1.65785,1.65805,0.40,22.60
2007.12.20 11:43:50.416,1.65785,1.65805,0.40,22.60
2007.12.20 11:43:50.749,1.65785,1.658,0.40,0.90
2007.12.20 11:43:51.083,1.65785,1.658,0.40,0.90
2007.12.20 11:43:51.416,1.65785,1.658,0.40,0.90
2007.12.20 11:43:54.130,1.65785,1.65805,0.40,26.60
2007.12.20 11:43:54.294,1.65785,1.658,0.40,0.70
2007.12.20 11:43:55.119,1.65785,1.658,0.40,0.70
2007.12.20 11:43:55.318,1.65785,1.65805,0.40,12.20
2007.12.20 11:43:56.424,1.65785,1.65805,0.40,12.20
2007.12.20 11:44:04.141,1.65785,1.658,0.40,0.60
2007.12.20 11:44:04.805,1.65785,1.65805,0.40,16.20
2007.12.20 11:44:05.008,1.65785,1.65805,0.40,16.20
2007.12.20 11:44:05.211,1.65785,1.658,0.40,0.70
2007.12.20 11:44:08.699,1.65785,1.65805,0.40,12.20
2007.12.20 11:44:08.882,1.65785,1.658,0.40,0.80
2007.12.20 11:44:09.155,1.65785,1.65805,0.40,12.20
2007.12.20 11:44:12.148,1.65785,1.658,0.40,0.60
2007.12.20 11:44:16.150,1.65785,1.65805,0.40,12.20
2007.12.20 11:44:17.815,1.6578,1.658,14.40,8.00
2007.12.20 11:44:18.381,1.6578,1.658,14.40,8.00
2007.12.20 11:44:20.592,1.6578,1.658,14.40,8.00
2007.12.20 11:44:20.863,1.6578,1.658,14.40,8.00
2007.12.20 11:44:23.463,1.6578,1.658,14.40,8.00
2007.12.20 11:44:24.278,1.6578,1.658,14.40,8.00
2007.12.20 11:44:26.154,1.6578,1.658,14.40,8.00
2007.12.20 11:44:30.168,1.6578,1.658,14.40,8.00
2007.12.20 11:44:30.506,1.6578,1.658,14.40,8.00
2007.12.20 11:44:31.131,1.6578,1.658,14.40,8.00
2007.12.20 11:44:32.158,1.6578,1.658,14.40,8.00
2007.12.20 11:44:33.079,1.6578,1.658,14.40,8.00
2007.12.20 11:44:33.492,1.6578,1.658,4.60,8.00
2007.12.20 11:44:38.880,1.65775,1.65805,12.00,4.00
2007.12.20 11:44:39.400,1.6578,1.65805,4.30,4.00
2007.12.20 11:44:40.116,1.65775,1.65805,12.00,4.00
2007.12.20 11:44:46.139,1.6578,1.65805,0.90,4.00
2007.12.20 11:44:47.796,1.65775,1.65805,12.00,4.00
2007.12.20 11:44:51.105,1.6578,1.65805,1.10,4.00
2007.12.20 11:44:53.171,1.6578,1.65805,4.40,4.00
2007.12.20 11:44:56.202,1.65775,1.6579,18.40,8.00
2007.12.20 11:44:56.356,1.65775,1.6579,18.40,8.00
2007.12.20 11:44:56.519,1.6577,1.6579,37.60,8.00
2007.12.20 11:44:56.693,1.6577,1.6579,37.60,8.00
2007.12.20 11:44:56.856,1.6577,1.65795,43.70,8.20
2007.12.20 11:44:57.019,1.6577,1.65795,43.70,8.20
2007.12.20 11:44:57.182,1.65785,1.65795,0.40,8.00
2007.12.20 11:44:57.420,1.65785,1.658,0.40,8.20
2007.12.20 11:44:57.658,1.65785,1.658,0.40,8.20
2007.12.20 11:44:57.896,1.6578,1.65805,30.80,12.20
2007.12.20 11:44:58.134,1.6578,1.65805,34.00,8.20
2007.12.20 11:44:58.811,1.6578,1.65805,35.60,8.20
2007.12.20 11:44:59.139,1.6578,1.65805,39.60,8.20
2007.12.20 11:45:02.656,1.6579,1.65805,0.40,8.20
2007.12.20 11:45:02.829,1.65785,1.658,0.40,8.20
2007.12.20 11:45:03.002,1.65785,1.658,0.40,8.20
2007.12.20 11:45:03.175,1.6578,1.65795,12.40,0.30
2007.12.20 11:45:03.358,1.6578,1.65795,6.00,8.20
2007.12.20 11:45:03.571,1.6578,1.65795,2.00,8.20
2007.12.20 11:45:03.784,1.65785,1.658,0.40,18.60
2007.12.20 11:45:03.997,1.65785,1.658,0.40,18.60
2007.12.20 11:45:04.350,1.65785,1.658,0.40,18.60
2007.12.20 11:45:07.720,1.65785,1.658,0.40,16.20
2007.12.20 11:45:07.903,1.65785,1.658,0.40,8.20
2007.12.20 11:45:08.086,1.65785,1.658,0.40,8.20
2007.12.20 11:45:08.601,1.65785,1.658,0.40,8.20
2007.12.20 11:45:08.806,1.65785,1.658,0.40,8.20
2007.12.20 11:45:11.178,1.65785,1.658,0.40,8.20
2007.12.20 11:45:13.027,1.65785,1.658,0.40,8.20
2007.12.20 11:45:13.278,1.65785,1.658,0.40,8.20
2007.12.20 11:45:13.453,1.65785,1.658,0.40,8.20
2007.12.20 11:45:13.894,1.65785,1.658,0.40,8.20
2007.12.20 11:45:14.096,1.65785,1.658,0.40,8.20
2007.12.20 11:45:14.573,1.65785,1.658,0.40,0.70
2007.12.20 11:45:16.738,1.65785,1.658,0.40,0.80
2007.12.20 11:45:16.907,1.6579,1.65805,4.00,8.30
2007.12.20 11:45:17.197,1.6579,1.658,4.00,0.30
2007.12.20 11:45:21.449,1.6579,1.65805,4.00,8.30
2007.12.20 11:45:22.173,1.6579,1.65805,4.00,8.30
2007.12.20 11:45:22.421,1.6579,1.65805,4.00,8.30
2007.12.20 11:45:23.102,1.6579,1.65805,4.00,8.30
2007.12.20 11:45:24.037,1.6579,1.65805,4.00,8.30
2007.12.20 11:45:24.958,1.6579,1.658,4.00,0.30
2007.12.20 11:45:26.217,1.65785,1.65805,0.40,8.30
2007.12.20 11:45:26.425,1.65785,1.65805,0.40,8.30
2007.12.20 11:45:26.730,1.65785,1.65805,0.40,8.30
2007.12.20 11:45:26.853,1.65785,1.6581,0.40,37.00
2007.12.20 11:45:26.977,1.65785,1.6581,0.40,41.00
2007.12.20 11:45:27.145,1.65785,1.6581,0.40,41.00
2007.12.20 11:45:27.418,1.65785,1.658,0.40,0.50
2007.12.20 11:45:27.866,1.65785,1.658,0.40,0.50
2007.12.20 11:45:28.176,1.65785,1.6581,0.40,41.00
2007.12.20 11:45:28.449,1.65785,1.6581,0.40,41.00
2007.12.20 11:45:29.110,1.65785,1.6581,0.40,41.00
2007.12.20 11:45:29.627,1.65785,1.658,0.40,0.50
2007.12.20 11:45:31.170,1.65785,1.6581,0.40,41.00
2007.12.20 11:45:31.617,1.65785,1.658,0.40,0.80
2007.12.20 11:45:33.164,1.65785,1.658,0.40,0.70
2007.12.20 11:45:33.890,1.6578,1.6581,16.40,39.20
2007.12.20 11:45:34.073,1.6578,1.6581,15.60,30.40
2007.12.20 11:45:34.267,1.65795,1.6582,0.40,54.60
2007.12.20 11:45:34.460,1.65795,1.6582,0.40,46.60
2007.12.20 11:45:34.659,1.65795,1.6582,0.40,42.60
2007.12.20 11:45:34.858,1.65795,1.6582,0.40,44.20
2007.12.20 11:45:35.056,1.65795,1.6582,0.40,44.20
2007.12.20 11:45:35.435,1.65795,1.65815,0.40,28.20
2007.12.20 11:45:36.181,1.65795,1.65815,0.40,20.20
2007.12.20 11:45:36.414,1.65795,1.6581,0.40,0.30
2007.12.20 11:45:36.666,1.6578,1.6582,34.00,0.50
2007.12.20 11:45:36.849,1.6578,1.65825,32.40,13.60
2007.12.20 11:45:37.032,1.6578,1.65825,32.40,13.60
2007.12.20 11:45:37.215,1.6578,1.65825,32.40,9.60
2007.12.20 11:45:37.401,1.6578,1.65825,32.40,9.60
2007.12.20 11:45:37.639,1.6579,1.6583,1.60,44.00
2007.12.20 11:45:38.433,1.6579,1.6583,1.60,44.00
2007.12.20 11:45:38.844,1.6579,1.65825,1.60,0.60
2007.12.20 11:45:39.170,1.6579,1.65825,1.60,0.80
2007.12.20 11:45:41.731,1.6579,1.6583,5.60,0.80
2007.12.20 11:45:41.966,1.6579,1.6583,21.60,0.90
2007.12.20 11:45:42.194,1.6579,1.6584,21.60,60.00
2007.12.20 11:45:42.432,1.6579,1.6584,21.60,45.60
2007.12.20 11:45:42.651,1.6579,1.6583,21.60,0.70
2007.12.20 11:45:42.870,1.6579,1.6583,21.60,0.90
2007.12.20 11:45:43.177,1.6579,1.6584,21.60,29.60
2007.12.20 11:45:43.660,1.6579,1.6583,29.60,1.60
2007.12.20 11:45:43.803,1.658,1.6583,16.00,1.60
2007.12.20 11:45:43.947,1.658,1.6583,16.00,1.60
2007.12.20 11:45:44.090,1.658,1.6583,28.00,1.60
2007.12.20 11:45:44.234,1.658,1.6583,30.40,1.60
2007.12.20 11:45:44.686,1.6581,1.6584,1.60,24.00
2007.12.20 11:45:44.854,1.6581,1.6584,1.60,24.00
2007.12.20 11:45:45.178,1.6581,1.6584,1.60,24.00
2007.12.20 11:45:45.377,1.6581,1.6584,1.60,24.00
2007.12.20 11:45:47.677,1.6581,1.6584,5.60,24.00
2007.12.20 11:45:47.800,1.6581,1.6584,17.60,24.00
2007.12.20 11:45:47.923,1.6581,1.6584,21.60,24.00
2007.12.20 11:45:48.056,1.6581,1.6584,32.00,24.00
2007.12.20 11:45:48.170,1.6581,1.6584,32.00,24.00
2007.12.20 11:45:48.294,1.6581,1.6585,32.00,40.00
2007.12.20 11:45:48.418,1.6581,1.6585,32.00,36.00
2007.12.20 11:45:48.663,1.6581,1.6585,32.00,36.00
2007.12.20 11:45:48.951,1.6581,1.6585,32.00,36.00
2007.12.20 11:45:49.239,1.6581,1.65845,32.00,4.00
2007.12.20 11:45:49.937,1.6581,1.65845,32.00,4.00
2007.12.20 11:45:53.139,1.6581,1.65845,32.00,4.00
2007.12.20 11:45:53.726,1.6581,1.6584,32.00,12.00
2007.12.20 11:45:53.944,1.6581,1.6584,32.00,24.00
2007.12.20 11:45:54.158,1.6582,1.65835,0.40,0.30
2007.12.20 11:45:54.371,1.6582,1.65835,0.40,0.30
2007.12.20 11:45:54.583,1.6582,1.65835,0.40,0.30
2007.12.20 11:45:54.907,1.6582,1.65835,0.40,0.30
2007.12.20 11:45:57.388,1.6582,1.65835,0.40,0.30
2007.12.20 11:45:59.350,1.6582,1.65835,0.40,0.30
2007.12.20 11:46:00.120,1.6582,1.65835,0.40,0.30
2007.12.20 11:46:03.398,1.6582,1.65835,0.40,0.30
2007.12.20 11:46:05.041,1.6582,1.65835,0.40,0.30
2007.12.20 11:46:05.219,1.6582,1.65835,0.40,0.30
2007.12.20 11:46:05.677,1.6582,1.6584,0.40,34.70
2007.12.20 11:46:05.782,1.6582,1.6583,0.40,0.90
2007.12.20 11:46:05.896,1.6582,1.65835,0.40,8.30
2007.12.20 11:46:06.056,1.6582,1.65835,0.40,8.30
2007.12.20 11:46:06.270,1.6582,1.6583,0.40,0.70
2007.12.20 11:46:06.599,1.6582,1.6584,0.40,34.70
2007.12.20 11:46:06.927,1.6582,1.65835,0.40,0.30
2007.12.20 11:46:07.255,1.6582,1.6584,0.40,30.70
2007.12.20 11:46:07.443,1.6582,1.65835,0.40,0.30
2007.12.20 11:46:10.657,1.6582,1.65835,0.40,0.30
2007.12.20 11:46:10.819,1.6582,1.65835,0.40,0.30
2007.12.20 11:46:10.983,1.6582,1.65835,0.40,0.30
2007.12.20 11:46:11.895,1.6582,1.65835,0.40,0.30
2007.12.20 11:46:15.669,1.6582,1.65835,0.40,0.30
2007.12.20 11:46:15.863,1.6582,1.6584,0.40,34.70
2007.12.20 11:46:16.177,1.6582,1.6584,0.40,34.70
2007.12.20 11:46:16.400,1.6582,1.6584,0.40,34.70
2007.12.20 11:46:16.709,1.6582,1.6584,4.30,30.70
2007.12.20 11:46:17.041,1.6582,1.6584,4.30,30.70
2007.12.20 11:46:17.374,1.6582,1.65835,4.30,0.30
2007.12.20 11:46:18.727,1.6582,1.65835,4.30,0.30
2007.12.20 11:46:18.939,1.6582,1.65835,0.40,0.30
2007.12.20 11:46:19.153,1.6582,1.65835,0.40,0.30
2007.12.20 11:46:19.642,1.65825,1.65845,0.40,38.60
2007.12.20 11:46:19.879,1.65825,1.65845,0.40,26.60
2007.12.20 11:46:20.118,1.65825,1.65845,0.40,26.60
2007.12.20 11:46:20.379,1.65825,1.6584,0.40,0.70
2007.12.20 11:46:20.617,1.65825,1.65845,0.40,22.60
2007.12.20 11:46:21.155,1.65825,1.65845,0.40,22.60
2007.12.20 11:46:21.379,1.65825,1.65845,0.40,22.60
2007.12.20 11:46:31.673,1.65825,1.65845,0.40,22.60
2007.12.20 11:46:34.189,1.65825,1.6584,0.40,18.60
2007.12.20 11:46:34.408,1.65825,1.6584,0.40,18.60
2007.12.20 11:46:34.694,1.65825,1.6584,0.40,18.60
2007.12.20 11:46:35.135,1.65825,1.6584,0.40,18.60
2007.12.20 11:46:35.754,1.65825,1.65845,0.40,22.60
2007.12.20 11:46:36.378,1.65825,1.6584,0.40,0.90
2007.12.20 11:46:40.098,1.65825,1.65845,0.40,22.60
2007.12.20 11:46:44.322,1.65825,1.65845,0.40,22.60
2007.12.20 11:46:44.529,1.6583,1.65845,0.50,22.60
2007.12.20 11:46:48.154,1.6583,1.6584,0.50,0.90
2007.12.20 11:46:48.302,1.6583,1.6585,20.80,5.90
2007.12.20 11:46:48.461,1.65835,1.6584,0.80,0.30
2007.12.20 11:46:48.677,1.65835,1.6584,0.80,0.30
2007.12.20 11:46:48.844,1.65835,1.6584,0.80,0.30
2007.12.20 11:46:49.012,1.6584,1.65855,0.40,0.50
2007.12.20 11:46:49.181,1.6584,1.6586,0.40,37.80
2007.12.20 11:46:49.350,1.6584,1.65855,0.40,0.80
2007.12.20 11:46:49.968,1.6584,1.65855,0.40,0.90
2007.12.20 11:46:50.217,1.6584,1.6586,0.40,41.80
2007.12.20 11:46:51.104,1.6584,1.65855,0.40,0.90
2007.12.20 11:46:53.373,1.6584,1.6586,0.40,41.80
2007.12.20 11:46:54.317,1.6584,1.65855,0.40,0.70
2007.12.20 11:46:55.238,1.6584,1.65855,0.40,12.30
2007.12.20 11:47:02.928,1.65835,1.65855,0.40,12.30
2007.12.20 11:47:03.090,1.65835,1.65855,0.40,12.30
2007.12.20 11:47:03.235,1.65835,1.65845,0.40,0.30
2007.12.20 11:47:03.388,1.65835,1.65845,0.40,0.30
2007.12.20 11:47:03.541,1.65835,1.65845,0.40,0.30
2007.12.20 11:47:03.864,1.65835,1.6585,0.40,8.30
2007.12.20 11:47:04.391,1.65835,1.6585,0.40,8.30
2007.12.20 11:47:04.559,1.65835,1.6585,0.40,8.30
2007.12.20 11:47:04.738,1.65835,1.65845,0.40,0.30
2007.12.20 11:47:14.032,1.65835,1.65845,0.40,0.30
2007.12.20 11:47:14.125,1.65835,1.65845,1.90,0.30
2007.12.20 11:47:14.228,1.6584,1.6585,0.40,8.20
2007.12.20 11:47:14.332,1.6584,1.6585,0.40,0.30
2007.12.20 11:47:14.435,1.6584,1.6585,0.40,0.30
2007.12.20 11:47:14.556,1.6584,1.6585,0.40,0.30
2007.12.20 11:47:14.768,1.6584,1.6585,0.40,0.30
2007.12.20 11:47:15.123,1.6584,1.6585,0.40,0.30
2007.12.20 11:47:15.479,1.6584,1.6585,0.40,0.30
2007.12.20 11:47:26.918,1.6584,1.6585,0.40,0.30
2007.12.20 11:47:27.249,1.6584,1.6585,4.30,0.30
2007.12.20 11:47:27.463,1.6584,1.6585,4.30,0.30
2007.12.20 11:47:28.124,1.6584,1.6585,4.30,0.30
2007.12.20 11:47:30.921,1.6584,1.6585,4.30,0.30
2007.12.20 11:47:31.093,1.6584,1.6585,4.30,0.30
2007.12.20 11:47:32.013,1.6584,1.6585,4.30,0.30
2007.12.20 11:47:32.120,1.6584,1.6585,4.30,0.30
2007.12.20 11:47:32.428,1.6584,1.6585,4.30,0.30
2007.12.20 11:47:38.882,1.65835,1.6585,9.90,0.30
2007.12.20 11:47:40.061,1.65835,1.6585,9.90,0.30
2007.12.20 11:47:40.277,1.65835,1.6585,9.90,0.30
2007.12.20 11:47:40.451,1.65835,1.6585,9.90,0.30
2007.12.20 11:47:43.179,1.6584,1.6585,0.70,0.30
2007.12.20 11:47:44.827,1.65835,1.65855,9.60,8.00
2007.12.20 11:47:47.877,1.6584,1.65855,1.20,8.00
2007.12.20 11:47:48.190,1.6584,1.65855,1.30,8.00
2007.12.20 11:47:48.403,1.6584,1.65855,1.70,8.00
2007.12.20 11:47:49.185,1.65835,1.65855,2.00,8.00
2007.12.20 11:47:49.423,1.6583,1.65855,41.40,8.00
2007.12.20 11:47:50.162,1.6583,1.65855,41.40,8.00
2007.12.20 11:47:50.661,1.6584,1.65855,3.50,8.00
2007.12.20 11:47:50.889,1.6584,1.6586,14.80,0.30
2007.12.20 11:47:51.112,1.65845,1.65855,0.40,0.30
2007.12.20 11:47:51.251,1.6584,1.65855,14.80,0.30
2007.12.20 11:47:51.388,1.6584,1.65855,16.00,0.30
2007.12.20 11:47:51.526,1.6584,1.65855,16.50,0.30
2007.12.20 11:47:51.664,1.6584,1.65855,14.10,0.30
2007.12.20 11:47:51.803,1.6584,1.65855,6.10,0.30
2007.12.20 11:47:51.951,1.65845,1.65855,0.40,0.30
2007.12.20 11:47:52.260,1.65845,1.65855,0.40,0.30
2007.12.20 11:47:52.582,1.6584,1.65855,6.10,0.30
2007.12.20 11:47:54.379,1.6584,1.65855,5.50,0.30
2007.12.20 11:47:54.537,1.6584,1.65855,4.90,0.30
2007.12.20 11:47:54.696,1.6584,1.65855,4.40,0.30
2007.12.20 11:47:54.933,1.65845,1.65855,0.40,0.30
2007.12.20 11:47:55.136,1.6584,1.65855,4.40,0.30
2007.12.20 11:47:56.390,1.65845,1.65855,0.40,0.30
2007.12.20 11:47:57.121,1.6584,1.65855,4.40,0.30
2007.12.20 11:48:01.838,1.65845,1.65855,0.40,0.30
2007.12.20 11:48:02.156,1.65845,1.65855,0.40,0.30
2007.12.20 11:48:02.758,1.65845,1.65855,0.40,0.30
2007.12.20 11:48:02.896,1.6584,1.65855,5.60,0.30
2007.12.20 11:48:08.182,1.65845,1.65855,0.40,0.30
2007.12.20 11:48:08.383,1.65845,1.65855,0.40,0.30
2007.12.20 11:48:09.220,1.65845,1.65855,0.40,0.30
2007.12.20 11:48:09.473,1.65845,1.65855,0.40,0.30
2007.12.20 11:48:10.488,1.65845,1.65855,0.40,0.30
2007.12.20 11:48:10.731,1.65845,1.65855,0.40,0.30
2007.12.20 11:48:10.982,1.65845,1.65855,0.40,0.30
2007.12.20 11:48:11.226,1.6585,1.6586,0.40,10.60
2007.12.20 11:48:11.470,1.6585,1.6586,0.40,0.30
2007.12.20 11:48:11.713,1.65845,1.65855,0.40,0.30
2007.12.20 11:48:11.938,1.65845,1.65855,0.40,0.30
2007.12.20 11:48:12.162,1.65845,1.65855,0.40,0.30
2007.12.20 11:48:12.386,1.65845,1.65855,0.40,0.30
2007.12.20 11:48:12.608,1.65845,1.65855,0.40,0.30
2007.12.20 11:48:12.808,1.65845,1.65855,0.40,0.30
2007.12.20 11:48:15.162,1.65845,1.65855,0.40,0.30
2007.12.20 11:48:15.581,1.6585,1.6586,0.40,18.60
2007.12.20 11:48:15.844,1.6585,1.6586,0.40,0.30
2007.12.20 11:48:16.038,1.6585,1.6586,0.40,0.30
2007.12.20 11:48:16.912,1.6585,1.6586,0.40,0.30
2007.12.20 11:48:25.129,1.65845,1.65855,0.40,0.30
2007.12.20 11:48:25.268,1.65845,1.65855,0.40,0.30
2007.12.20 11:48:25.405,1.65845,1.65855,0.40,0.30
2007.12.20 11:48:25.659,1.6585,1.6586,0.40,8.20
2007.12.20 11:48:25.798,1.6585,1.6586,0.40,0.30
2007.12.20 11:48:25.936,1.6585,1.6586,0.40,0.30
2007.12.20 11:48:26.074,1.6585,1.6586,0.40,0.30
2007.12.20 11:48:26.237,1.6585,1.6586,0.40,0.30
2007.12.20 11:48:26.734,1.6585,1.6586,0.40,0.30
2007.12.20 11:48:26.897,1.6585,1.6586,0.40,0.30
2007.12.20 11:48:27.097,1.6585,1.6586,0.40,0.30
2007.12.20 11:48:27.240,1.65845,1.65855,0.40,0.30
2007.12.20 11:48:27.384,1.65845,1.65855,0.40,0.30
2007.12.20 11:48:27.526,1.65845,1.65855,0.40,0.30
2007.12.20 11:48:27.670,1.65845,1.65855,0.40,0.30
2007.12.20 11:48:27.814,1.65845,1.65855,0.40,0.30
2007.12.20 11:48:27.975,1.65845,1.65855,0.40,0.30
2007.12.20 11:48:28.119,1.65845,1.65855,0.40,0.30
2007.12.20 11:48:28.340,1.65845,1.65855,0.40,0.30
2007.12.20 11:48:28.947,1.65845,1.65855,0.40,0.30
2007.12.20 11:48:29.094,1.65845,1.65855,0.40,0.30
2007.12.20 11:48:29.227,1.65845,1.65855,0.40,0.30
2007.12.20 11:48:29.442,1.65845,1.65855,0.40,0.30
2007.12.20 11:48:29.957,1.65845,1.65855,0.40,0.30
2007.12.20 11:48:30.159,1.65845,1.65855,0.40,0.30
2007.12.20 11:48:30.463,1.65845,1.65855,0.40,0.30
2007.12.20 11:48:30.766,1.65845,1.65855,0.40,0.30
2007.12.20 11:48:31.069,1.65845,1.65855,0.40,0.30
2007.12.20 11:48:31.287,1.65845,1.65855,0.40,0.30
2007.12.20 11:48:31.688,1.65845,1.65855,0.40,0.30
2007.12.20 11:48:31.989,1.65845,1.6586,0.40,22.70
2007.12.20 11:48:32.137,1.65845,1.65855,0.40,0.30
2007.12.20 11:48:35.952,1.65845,1.65855,0.40,0.30
2007.12.20 11:48:36.159,1.65845,1.65855,0.40,0.30
2007.12.20 11:48:48.689,1.65845,1.65855,0.40,0.30
2007.12.20 11:48:49.200,1.65845,1.65855,0.40,0.30
2007.12.20 11:48:51.160,1.65845,1.65855,0.40,0.30
2007.12.20 11:48:51.338,1.65845,1.65855,0.40,0.30
2007.12.20 11:48:51.517,1.65845,1.65855,0.40,0.30
2007.12.20 11:48:52.215,1.65845,1.65855,0.40,0.30
2007.12.20 11:48:52.626,1.6585,1.6586,0.40,18.60
2007.12.20 11:48:52.914,1.6585,1.6586,0.40,0.30
2007.12.20 11:48:53.203,1.6585,1.6586,0.40,0.30
2007.12.20 11:48:53.490,1.6585,1.6586,0.40,0.30
2007.12.20 11:48:53.778,1.6585,1.6586,0.40,12.20
2007.12.20 11:48:53.957,1.6585,1.6586,0.40,12.20
2007.12.20 11:48:54.135,1.65845,1.65855,0.40,0.30
2007.12.20 11:48:54.313,1.65845,1.65855,0.40,0.30
2007.12.20 11:48:54.492,1.65845,1.65855,0.40,0.30
2007.12.20 11:48:54.669,1.65845,1.65855,0.40,0.30
2007.12.20 11:48:54.927,1.65845,1.65855,0.40,0.30
2007.12.20 11:48:55.185,1.65845,1.65855,0.40,0.30
2007.12.20 11:48:58.213,1.65845,1.65855,0.40,0.30
2007.12.20 11:48:58.413,1.65845,1.65855,0.40,0.30
2007.12.20 11:48:58.686,1.65845,1.65855,0.40,0.30
2007.12.20 11:48:58.829,1.65845,1.65855,0.40,0.30
2007.12.20 11:48:58.972,1.65845,1.65855,0.40,0.30
2007.12.20 11:48:59.181,1.65845,1.65855,0.40,0.30
2007.12.20 11:48:59.388,1.65845,1.65855,0.40,0.30
2007.12.20 11:48:59.596,1.65845,1.65855,0.40,0.30
2007.12.20 11:49:03.182,1.65845,1.65855,0.40,0.30
2007.12.20 11:49:03.742,1.65845,1.65855,0.40,0.30
2007.12.20 11:49:03.894,1.65845,1.65855,0.40,0.30
2007.12.20 11:49:04.209,1.65845,1.65855,0.40,0.30
2007.12.20 11:49:04.461,1.65845,1.65855,0.40,0.30
2007.12.20 11:49:05.484,1.65845,1.65855,0.40,0.30
2007.12.20 11:49:05.750,1.65845,1.65855,0.40,0.30
2007.12.20 11:49:05.908,1.65845,1.6585,0.40,4.00
2007.12.20 11:49:06.078,1.65845,1.6585,0.40,4.00
2007.12.20 11:49:06.382,1.65845,1.65855,0.40,0.30
2007.12.20 11:49:06.686,1.65845,1.65855,0.40,0.30
2007.12.20 11:49:06.989,1.65845,1.65855,0.40,0.30
2007.12.20 11:49:07.291,1.65845,1.65855,0.40,0.30
2007.12.20 11:49:07.534,1.65845,1.6586,0.40,18.60
2007.12.20 11:49:07.865,1.65845,1.6586,0.40,18.60
2007.12.20 11:49:08.126,1.65845,1.6586,0.40,10.60
2007.12.20 11:49:08.326,1.65845,1.6586,0.40,8.20
2007.12.20 11:49:08.655,1.65845,1.6586,0.40,8.20
2007.12.20 11:49:08.853,1.65845,1.6586,0.40,0.30
2007.12.20 11:49:09.051,1.65845,1.6586,0.40,0.30
2007.12.20 11:49:09.071,1.65845,1.6586,0.40,0.30
2007.12.20 11:49:09.249,1.6585,1.6587,0.40,36.30
2007.12.20 11:49:09.487,1.6585,1.65865,0.40,0.30
2007.12.20 11:49:09.790,1.6585,1.65865,0.40,0.30
2007.12.20 11:49:10.028,1.6585,1.65865,0.40,0.30
2007.12.20 11:49:11.181,1.6585,1.6587,0.40,34.70
2007.12.20 11:49:13.456,1.6585,1.6587,0.40,34.70
2007.12.20 11:49:16.078,1.65845,1.6586,0.40,0.30
2007.12.20 11:49:16.267,1.65845,1.6587,0.40,37.80
2007.12.20 11:49:16.455,1.65845,1.6587,0.40,41.80
2007.12.20 11:49:16.739,1.65845,1.6587,0.40,43.40
2007.12.20 11:49:16.947,1.65845,1.6587,0.40,43.40
2007.12.20 11:49:17.169,1.65845,1.6586,0.40,0.70
2007.12.20 11:49:17.463,1.65845,1.65865,0.40,14.60
2007.12.20 11:49:18.005,1.65845,1.65865,0.40,14.60
2007.12.20 11:49:18.210,1.65845,1.6586,0.40,0.50
2007.12.20 11:49:18.427,1.65845,1.65865,0.40,14.60
2007.12.20 11:49:19.161,1.65845,1.6586,0.40,0.50
2007.12.20 11:49:19.469,1.65845,1.65865,0.40,14.60
2007.12.20 11:49:20.052,1.65845,1.65865,0.40,14.60
2007.12.20 11:49:22.160,1.65845,1.65865,0.40,14.60
2007.12.20 11:49:22.329,1.65845,1.65865,0.40,22.60
2007.12.20 11:49:22.497,1.65845,1.65865,0.40,22.60
2007.12.20 11:49:22.876,1.65845,1.65865,0.40,22.60
2007.12.20 11:49:23.213,1.65845,1.65865,0.40,22.60
2007.12.20 11:49:24.129,1.65845,1.65865,0.40,22.60
2007.12.20 11:49:25.480,1.65845,1.65865,0.40,22.60
2007.12.20 11:49:25.688,1.65845,1.6586,0.40,0.70
2007.12.20 11:49:26.202,1.65845,1.65865,0.40,22.60
2007.12.20 11:49:26.410,1.65845,1.65865,0.40,22.60
2007.12.20 11:49:26.929,1.65845,1.65865,0.40,22.60
2007.12.20 11:49:27.178,1.65845,1.6586,0.40,0.50
2007.12.20 11:49:34.133,1.65845,1.65865,0.40,22.60
2007.12.20 11:49:34.963,1.65845,1.6586,0.40,0.70
2007.12.20 11:49:36.448,1.65845,1.6586,0.40,18.60
2007.12.20 11:49:38.184,1.65845,1.65855,0.40,0.30
2007.12.20 11:49:38.337,1.65845,1.65855,0.40,0.30
2007.12.20 11:49:38.491,1.65845,1.65855,0.40,0.30
2007.12.20 11:49:43.912,1.65845,1.65855,0.40,0.30
2007.12.20 11:49:44.159,1.65845,1.65855,0.40,0.30
2007.12.20 11:49:44.398,1.65845,1.65855,0.40,0.30
2007.12.20 11:49:44.635,1.65845,1.65855,0.40,0.30
2007.12.20 11:49:44.951,1.65845,1.65855,0.40,0.30
2007.12.20 11:49:45.472,1.65845,1.65855,0.40,0.30
2007.12.20 11:49:45.893,1.65845,1.65855,0.40,0.30
2007.12.20 11:49:46.808,1.65845,1.65855,0.40,0.30
2007.12.20 11:49:47.447,1.65845,1.65855,0.40,0.30
2007.12.20 11:49:48.274,1.65845,1.65855,0.40,0.30
2007.12.20 11:49:48.711,1.65845,1.65855,0.40,0.30
2007.12.20 11:49:49.003,1.65845,1.65855,0.40,0.30
2007.12.20 11:49:49.296,1.65845,1.65855,0.40,0.30
2007.12.20 11:49:49.573,1.65845,1.65855,0.40,0.30
2007.12.20 11:49:50.173,1.65845,1.65855,0.40,0.30
2007.12.20 11:49:50.501,1.65845,1.65855,0.40,0.30
2007.12.20 11:49:50.744,1.65845,1.65855,0.40,0.30
2007.12.20 11:49:50.988,1.65845,1.65855,0.40,0.30
2007.12.20 11:49:51.232,1.65845,1.65855,0.40,0.30
2007.12.20 11:49:51.670,1.65845,1.65855,0.40,0.30
2007.12.20 11:49:51.943,1.6585,1.65855,4.00,0.30
2007.12.20 11:49:52.216,1.6585,1.65855,4.00,0.30
2007.12.20 11:49:53.938,1.6585,1.65855,4.00,0.30
2007.12.20 11:49:54.157,1.6585,1.65855,4.00,0.30
2007.12.20 11:49:54.306,1.65845,1.65855,0.40,0.30
2007.12.20 11:49:54.454,1.65845,1.65855,0.40,0.30
2007.12.20 11:49:54.602,1.65845,1.65855,0.40,0.30
2007.12.20 11:49:54.751,1.65845,1.65855,0.40,0.30
2007.12.20 11:49:54.907,1.65845,1.65855,0.40,0.30
2007.12.20 11:49:55.123,1.65845,1.65855,0.40,0.30
2007.12.20 11:49:55.435,1.65845,1.65855,0.40,0.30
2007.12.20 11:49:56.173,1.65845,1.65855,0.40,0.30
2007.12.20 11:49:57.216,1.65845,1.65855,0.40,0.30
2007.12.20 11:49:57.419,1.65845,1.65855,0.40,0.30
2007.12.20 11:49:57.951,1.65845,1.65855,0.40,0.30
2007.12.20 11:49:58.458,1.65845,1.65855,0.40,0.30
2007.12.20 11:49:58.746,1.65845,1.65855,0.40,0.30
2007.12.20 11:49:59.065,1.65845,1.65855,0.40,0.30
2007.12.20 11:49:59.354,1.65845,1.65855,0.40,0.30
2007.12.20 11:49:59.561,1.65845,1.65855,0.40,0.30
2007.12.20 11:49:59.769,1.65845,1.65855,0.40,0.30
2007.12.20 11:49:59.977,1.65845,1.65855,0.40,0.30
2007.12.20 11:50:03.195,1.65845,1.6586,0.40,18.70
2007.12.20 11:50:03.698,1.65845,1.65855,0.40,0.30
2007.12.20 11:50:04.214,1.65845,1.65855,0.40,0.30
2007.12.20 11:50:10.504,1.6584,1.65865,4.00,22.40
2007.12.20 11:50:10.915,1.6584,1.6586,4.00,0.90
2007.12.20 11:50:11.126,1.6584,1.65865,4.00,22.40
2007.12.20 11:50:12.148,1.6584,1.65865,4.00,22.40
2007.12.20 11:50:13.018,1.6584,1.65865,4.00,22.40
2007.12.20 11:50:13.938,1.6584,1.65865,4.00,22.40
2007.12.20 11:50:14.154,1.6584,1.6586,4.00,0.90
2007.12.20 11:50:14.328,1.6584,1.65865,4.00,22.40
2007.12.20 11:50:16.212,1.6584,1.65865,4.00,22.40
2007.12.20 11:50:16.422,1.6584,1.65865,4.00,22.40
2007.12.20 11:50:16.811,1.6584,1.65865,4.00,22.40
2007.12.20 11:50:20.752,1.65835,1.65865,8.00,40.80
2007.12.20 11:50:27.435,1.6584,1.6586,0.50,0.50
2007.12.20 11:50:28.143,1.6584,1.6586,0.60,0.90
2007.12.20 11:50:28.468,1.6584,1.6586,0.50,0.90
2007.12.20 11:50:37.474,1.6583,1.6586,38.40,8.00
2007.12.20 11:50:38.661,1.65835,1.6586,0.60,20.00
2007.12.20 11:50:38.768,1.65835,1.6585,8.30,0.30
2007.12.20 11:50:38.910,1.65835,1.6585,8.30,0.30
2007.12.20 11:50:39.018,1.6584,1.6585,0.80,0.30
2007.12.20 11:50:39.222,1.6584,1.6585,2.20,0.30
2007.12.20 11:50:40.148,1.6583,1.6585,43.50,0.30
2007.12.20 11:50:42.070,1.6584,1.6585,0.80,0.30
2007.12.20 11:50:42.278,1.6583,1.6585,43.50,0.30
2007.12.20 11:50:42.485,1.6584,1.6585,1.90,0.30
2007.12.20 11:50:44.901,1.6584,1.6585,1.90,0.30
2007.12.20 11:50:45.944,1.6584,1.65855,4.40,8.20
2007.12.20 11:50:46.059,1.6584,1.65855,6.80,8.20
2007.12.20 11:50:46.162,1.6585,1.65855,0.40,8.00
2007.12.20 11:50:46.265,1.6584,1.6586,29.20,0.30
2007.12.20 11:50:46.446,1.6584,1.6586,29.20,0.30
2007.12.20 11:50:46.549,1.6584,1.6586,33.20,0.30
2007.12.20 11:50:46.981,1.6584,1.6586,33.20,0.30
2007.12.20 11:50:47.220,1.6584,1.6586,34.80,0.30
2007.12.20 11:50:50.812,1.6585,1.65865,0.40,8.30
2007.12.20 11:50:53.220,1.6585,1.6586,0.40,0.30
2007.12.20 11:50:53.478,1.6585,1.65865,0.40,8.30
2007.12.20 11:50:54.148,1.6585,1.65865,0.40,8.30
2007.12.20 11:50:54.376,1.6585,1.6586,4.30,0.30
2007.12.20 11:50:54.603,1.6585,1.6586,4.30,0.30
2007.12.20 11:50:55.918,1.6585,1.65865,4.30,8.30
2007.12.20 11:50:56.225,1.6585,1.65865,4.30,8.30
2007.12.20 11:50:56.493,1.6585,1.65865,0.40,8.30
2007.12.20 11:50:56.761,1.6585,1.6586,0.40,0.30
2007.12.20 11:50:57.173,1.6585,1.65865,0.40,8.30
2007.12.20 11:50:57.396,1.6585,1.65865,4.30,8.30
2007.12.20 11:51:00.163,1.6585,1.6586,4.30,0.30
2007.12.20 11:51:00.301,1.6585,1.65865,0.40,8.30
2007.12.20 11:51:00.469,1.6585,1.65865,0.40,8.30
2007.12.20 11:51:15.100,1.6585,1.65865,0.40,8.30
2007.12.20 11:51:16.414,1.6584,1.6587,36.80,40.80
2007.12.20 11:51:16.926,1.6584,1.65865,36.80,0.70
2007.12.20 11:51:17.235,1.6584,1.6587,38.40,40.80
2007.12.20 11:51:17.543,1.6584,1.6587,38.40,40.80
2007.12.20 11:51:17.851,1.6584,1.6587,38.40,40.80
2007.12.20 11:51:18.391,1.6584,1.65865,38.40,0.60
2007.12.20 11:51:19.209,1.6584,1.6587,38.40,40.80
2007.12.20 11:51:20.654,1.6584,1.65865,38.40,8.00
2007.12.20 11:51:20.784,1.6584,1.6586,34.40,4.00
2007.12.20 11:51:20.913,1.6584,1.6586,22.40,12.00
2007.12.20 11:51:21.118,1.6584,1.6586,22.40,12.00
2007.12.20 11:51:21.321,1.6584,1.6586,22.40,12.00
2007.12.20 11:51:21.525,1.6584,1.65865,34.40,8.00
2007.12.20 11:51:21.728,1.6584,1.65865,38.40,8.00
2007.12.20 11:51:21.931,1.6584,1.65865,38.40,8.00
2007.12.20 11:51:22.255,1.6584,1.65865,38.40,8.00
2007.12.20 11:51:22.578,1.6584,1.65865,38.40,8.00
2007.12.20 11:51:23.160,1.6584,1.65865,38.40,8.00
2007.12.20 11:51:23.470,1.6584,1.65865,38.40,8.00
2007.12.20 11:51:23.885,1.6584,1.65865,38.40,8.00
2007.12.20 11:51:24.054,1.6584,1.65865,38.40,8.00
2007.12.20 11:51:24.301,1.6584,1.65865,38.40,8.00
2007.12.20 11:51:25.017,1.6584,1.65865,38.40,8.00
2007.12.20 11:51:30.898,1.6584,1.65865,38.40,0.70
2007.12.20 11:51:35.026,1.6584,1.6587,38.40,40.80
2007.12.20 11:51:35.163,1.6584,1.65865,38.40,0.90
2007.12.20 11:51:36.470,1.6584,1.65865,38.40,0.90
2007.12.20 11:51:36.973,1.6584,1.6587,38.40,40.80
2007.12.20 11:51:37.185,1.6584,1.6587,38.40,40.80
2007.12.20 11:51:38.678,1.6585,1.65865,4.00,0.50
2007.12.20 11:51:39.194,1.6584,1.6587,38.40,40.80
2007.12.20 11:51:39.381,1.6584,1.65865,38.40,0.80
2007.12.20 11:51:39.931,1.6584,1.65865,38.40,0.90
2007.12.20 11:51:40.219,1.6584,1.6587,38.40,39.20
2007.12.20 11:51:41.188,1.6584,1.65865,38.40,0.70
2007.12.20 11:51:41.400,1.6584,1.65865,38.40,0.60
2007.12.20 11:51:43.069,1.6584,1.65865,38.40,0.60
2007.12.20 11:51:44.986,1.6584,1.65865,38.40,0.80
2007.12.20 11:51:45.149,1.6584,1.65865,36.80,0.70
2007.12.20 11:51:45.286,1.6585,1.6587,4.00,36.80
2007.12.20 11:51:45.920,1.6585,1.65865,4.00,0.80
2007.12.20 11:51:47.041,1.6585,1.6587,4.00,36.80
2007.12.20 11:51:47.183,1.6585,1.65865,4.00,0.90
2007.12.20 11:51:48.701,1.6585,1.6587,4.00,36.80
2007.12.20 11:51:49.725,1.6585,1.6587,4.00,36.80
2007.12.20 11:51:49.939,1.6585,1.65865,4.00,0.90
2007.12.20 11:51:50.155,1.6585,1.6587,4.00,36.80
2007.12.20 11:51:50.920,1.6585,1.65865,4.00,0.70
2007.12.20 11:51:51.222,1.6585,1.6587,4.00,36.80
2007.12.20 11:51:54.021,1.6585,1.65865,4.00,0.60
2007.12.20 11:51:55.643,1.6585,1.6587,4.00,36.00
2007.12.20 11:51:55.847,1.6584,1.6585,9.90,0.30
2007.12.20 11:51:56.050,1.6584,1.65855,9.90,8.30
2007.12.20 11:51:56.213,1.6584,1.6585,5.90,0.30
2007.12.20 11:51:56.483,1.6584,1.6585,5.90,0.30
2007.12.20 11:51:56.683,1.6584,1.65855,4.30,8.30
2007.12.20 11:51:56.989,1.6584,1.65855,4.30,8.30
2007.12.20 11:51:57.238,1.6584,1.65855,4.30,8.30
2007.12.20 11:51:57.486,1.6584,1.6585,4.30,0.30
2007.12.20 11:51:58.040,1.6584,1.6585,4.30,0.30
2007.12.20 11:51:58.178,1.6584,1.65855,4.30,8.30
2007.12.20 11:51:58.468,1.6584,1.65855,4.30,8.30
2007.12.20 11:51:58.824,1.6584,1.6585,0.40,0.30
2007.12.20 11:51:58.988,1.6584,1.6585,0.40,0.30
2007.12.20 11:51:59.270,1.6584,1.6585,0.40,0.30
2007.12.20 11:51:59.553,1.6584,1.6585,0.40,0.30
2007.12.20 11:52:00.241,1.6584,1.6585,0.40,0.30
2007.12.20 11:52:01.023,1.6584,1.6585,0.40,0.30
2007.12.20 11:52:01.226,1.6584,1.6585,0.40,0.30
2007.12.20 11:52:02.165,1.6584,1.6585,0.40,0.30
2007.12.20 11:52:02.312,1.6584,1.6585,0.40,0.30
2007.12.20 11:52:02.461,1.6584,1.6585,0.40,0.30
2007.12.20 11:52:02.828,1.6584,1.6585,0.40,0.30
2007.12.20 11:52:03.030,1.6584,1.6585,0.40,0.30
2007.12.20 11:52:03.282,1.6584,1.6585,0.40,0.30
2007.12.20 11:52:03.536,1.6584,1.6585,0.40,0.30
2007.12.20 11:52:05.024,1.6584,1.6585,0.40,0.30
2007.12.20 11:52:05.417,1.6584,1.6585,0.40,0.30
2007.12.20 11:52:05.656,1.6584,1.6585,0.40,0.30
2007.12.20 11:52:05.849,1.6584,1.6585,0.40,0.30
2007.12.20 11:52:06.474,1.6584,1.6585,0.40,0.30
2007.12.20 11:52:07.050,1.6584,1.6585,0.40,0.30
2007.12.20 11:52:07.379,1.6584,1.6585,0.40,0.30
2007.12.20 11:52:07.991,1.6584,1.6585,0.40,0.30
2007.12.20 11:52:08.139,1.6584,1.6585,0.40,0.30
2007.12.20 11:52:08.939,1.6584,1.6585,0.40,0.30
2007.12.20 11:52:09.153,1.6584,1.6585,0.40,0.30
2007.12.20 11:52:09.460,1.6584,1.6585,0.40,0.30
2007.12.20 11:52:10.178,1.6584,1.6585,0.40,0.30
2007.12.20 11:52:11.061,1.6584,1.6585,0.40,0.30
2007.12.20 11:52:11.220,1.6584,1.6585,0.40,0.30
2007.12.20 11:52:12.221,1.6584,1.6585,0.40,0.30
2007.12.20 11:52:13.040,1.6584,1.6585,0.40,0.30
2007.12.20 11:52:13.453,1.6584,1.6585,0.40,0.30
2007.12.20 11:52:13.966,1.6584,1.6585,0.40,0.30
2007.12.20 11:52:14.475,1.6584,1.6585,0.40,0.30
2007.12.20 11:52:18.221,1.6584,1.6585,0.40,0.30
2007.12.20 11:52:20.084,1.6584,1.6585,0.40,0.30
2007.12.20 11:52:20.947,1.6584,1.6585,0.40,0.30
2007.12.20 11:52:21.145,1.6584,1.6585,0.40,0.30
2007.12.20 11:52:23.022,1.6584,1.6585,0.40,0.30
2007.12.20 11:52:24.054,1.6584,1.6585,0.40,0.30
2007.12.20 11:52:24.277,1.6584,1.6585,0.40,0.30
2007.12.20 11:52:24.905,1.6584,1.6585,0.40,0.30
2007.12.20 11:52:25.175,1.65835,1.6585,1.10,0.30
2007.12.20 11:52:25.453,1.65835,1.6585,1.10,0.30
2007.12.20 11:52:26.004,1.65835,1.6585,1.10,0.30
2007.12.20 11:52:26.247,1.65835,1.6585,1.10,0.30
2007.12.20 11:52:26.734,1.65835,1.6585,1.10,0.30
2007.12.20 11:52:26.945,1.65835,1.6585,1.10,0.30
2007.12.20 11:52:27.896,1.65835,1.6585,1.10,0.30
2007.12.20 11:52:28.060,1.65835,1.6585,1.10,0.30
2007.12.20 11:52:29.248,1.65835,1.6585,1.10,0.30
2007.12.20 11:52:31.962,1.65835,1.6585,1.10,0.30
2007.12.20 11:52:32.139,1.65835,1.6585,1.10,0.30
2007.12.20 11:52:39.028,1.65835,1.6585,0.70,0.30
2007.12.20 11:52:43.211,1.65835,1.6585,0.70,0.30
2007.12.20 11:52:45.983,1.6583,1.6585,33.90,0.30
2007.12.20 11:52:46.141,1.65835,1.6585,0.70,0.30
2007.12.20 11:52:46.365,1.6583,1.6585,36.70,4.20
2007.12.20 11:52:46.589,1.6583,1.6585,37.10,4.20
2007.12.20 11:52:46.812,1.65835,1.6585,0.60,0.30
2007.12.20 11:52:47.035,1.6583,1.6585,41.20,0.30
2007.12.20 11:52:47.262,1.65835,1.6585,0.90,0.30
2007.12.20 11:52:47.526,1.65835,1.6585,0.50,0.30
2007.12.20 11:52:47.976,1.65835,1.6585,1.50,0.30
2007.12.20 11:52:48.239,1.65835,1.6585,1.50,0.30
2007.12.20 11:52:49.076,1.65835,1.6585,1.50,0.30
2007.12.20 11:52:51.097,1.6584,1.6585,0.40,0.30
2007.12.20 11:52:51.264,1.65835,1.6585,1.50,0.30
2007.12.20 11:52:51.603,1.6583,1.65845,41.20,0.30
2007.12.20 11:52:51.806,1.6583,1.65845,29.20,0.30
2007.12.20 11:52:52.010,1.65835,1.65845,0.40,0.30
2007.12.20 11:52:52.213,1.65835,1.65845,0.40,0.30
2007.12.20 11:52:52.417,1.6583,1.65845,14.10,0.30
2007.12.20 11:52:52.650,1.65835,1.65845,0.90,0.30
2007.12.20 11:52:52.883,1.6583,1.65845,12.40,0.30
2007.12.20 11:52:53.175,1.65835,1.65845,0.90,0.30
2007.12.20 11:52:54.214,1.6583,1.65845,12.70,0.30
2007.12.20 11:52:54.442,1.65835,1.65845,0.90,0.30
2007.12.20 11:52:54.957,1.6583,1.65845,12.70,0.30
2007.12.20 11:52:55.164,1.6583,1.65845,12.70,0.30
2007.12.20 11:52:56.221,1.65835,1.65845,5.70,0.30
2007.12.20 11:52:56.636,1.6583,1.65845,12.70,0.30
2007.12.20 11:52:56.779,1.65835,1.65845,1.10,0.30
2007.12.20 11:52:56.922,1.6583,1.65845,12.70,0.30
2007.12.20 11:52:57.232,1.65835,1.65845,0.80,0.30
2007.12.20 11:52:57.375,1.6583,1.65845,12.90,0.30
2007.12.20 11:52:57.658,1.6583,1.65845,13.00,0.30
2007.12.20 11:52:57.941,1.6583,1.65845,12.40,0.30
2007.12.20 11:52:58.225,1.65825,1.6584,9.90,0.30
2007.12.20 11:52:58.509,1.65825,1.6584,5.90,0.30
2007.12.20 11:52:58.949,1.65825,1.6584,5.90,0.30
2007.12.20 11:52:59.112,1.65825,1.6584,5.90,0.30
2007.12.20 11:52:59.275,1.65825,1.6584,5.10,0.30
2007.12.20 11:52:59.501,1.6583,1.6584,2.40,0.30
2007.12.20 11:53:00.032,1.65825,1.6584,5.10,0.30
2007.12.20 11:53:00.265,1.65825,1.6584,5.10,0.30
2007.12.20 11:53:00.499,1.65825,1.6584,5.90,0.30
2007.12.20 11:53:00.732,1.65825,1.65835,1.10,0.30
2007.12.20 11:53:00.900,1.6582,1.65835,18.70,0.30
2007.12.20 11:53:01.069,1.65825,1.6584,0.80,8.20
2007.12.20 11:53:01.246,1.6582,1.6584,16.40,8.20
2007.12.20 11:53:01.439,1.6582,1.6584,16.40,8.20
2007.12.20 11:53:01.653,1.65825,1.6584,0.40,8.20
2007.12.20 11:53:01.817,1.6582,1.6584,14.80,8.20
2007.12.20 11:53:01.996,1.6582,1.6584,12.40,8.20
2007.12.20 11:53:02.150,1.6582,1.65835,1.00,0.30
2007.12.20 11:53:02.305,1.6581,1.65835,41.90,0.30
2007.12.20 11:53:02.464,1.6581,1.65835,37.90,0.30
2007.12.20 11:53:02.987,1.6581,1.65835,37.90,0.30
2007.12.20 11:53:03.804,1.6581,1.65835,37.90,0.30
2007.12.20 11:53:03.934,1.6582,1.65835,4.40,0.30
2007.12.20 11:53:04.103,1.6582,1.65835,4.40,0.30
2007.12.20 11:53:04.216,1.6582,1.65835,4.40,0.30
2007.12.20 11:53:04.329,1.6582,1.65835,4.40,0.30
2007.12.20 11:53:04.453,1.6582,1.65835,4.40,0.30
2007.12.20 11:53:04.565,1.6582,1.65835,16.40,0.30
2007.12.20 11:53:04.749,1.6582,1.65835,16.40,0.30
2007.12.20 11:53:05.483,1.6582,1.65835,16.40,0.30
2007.12.20 11:53:06.304,1.65825,1.65835,0.40,0.30
2007.12.20 11:53:07.153,1.6582,1.6585,16.00,41.20
2007.12.20 11:53:07.286,1.6582,1.6585,16.00,21.20
2007.12.20 11:53:07.631,1.6582,1.6585,17.60,10.00
2007.12.20 11:53:07.766,1.6582,1.6585,17.60,3.60
2007.12.20 11:53:09.485,1.6582,1.6585,17.60,3.60
2007.12.20 11:53:10.162,1.6582,1.6585,17.60,3.60
2007.12.20 11:53:14.167,1.6582,1.6585,17.60,3.60
2007.12.20 11:53:14.483,1.6582,1.6585,17.60,3.60
2007.12.20 11:53:14.890,1.6582,1.6585,17.60,3.60
2007.12.20 11:53:15.201,1.6582,1.6585,17.60,3.60
2007.12.20 11:53:15.404,1.6582,1.6585,17.60,3.60
2007.12.20 11:53:22.711,1.6582,1.6585,17.60,17.20
2007.12.20 11:53:22.810,1.65825,1.65835,0.40,0.30
2007.12.20 11:53:22.918,1.65825,1.65835,0.40,0.30
2007.12.20 11:53:23.041,1.65825,1.65835,0.40,0.30
2007.12.20 11:53:23.149,1.65825,1.65835,0.40,0.30
2007.12.20 11:53:23.258,1.65825,1.65835,0.40,0.30
2007.12.20 11:53:23.628,1.65825,1.65835,0.40,0.30
2007.12.20 11:53:25.119,1.65825,1.65835,0.40,0.30
2007.12.20 11:53:25.184,1.65825,1.65835,0.40,0.30
2007.12.20 11:53:34.155,1.65825,1.65835,0.40,0.30
2007.12.20 11:53:34.508,1.65825,1.65835,0.40,0.30
2007.12.20 11:53:35.242,1.65825,1.65835,0.40,0.30
2007.12.20 11:53:35.400,1.65825,1.65835,0.40,0.30
2007.12.20 11:53:35.559,1.65825,1.65835,0.40,0.30
2007.12.20 11:53:35.958,1.65825,1.65835,0.40,0.30
2007.12.20 11:53:36.886,1.65825,1.65835,0.40,0.30
2007.12.20 11:53:37.409,1.65825,1.65835,0.40,0.30
2007.12.20 11:53:39.960,1.65825,1.65835,0.40,0.30
2007.12.20 11:53:42.118,1.6581,1.65855,33.60,45.40
2007.12.20 11:53:42.263,1.6581,1.65855,5.60,43.80
2007.12.20 11:53:42.473,1.6581,1.65855,5.60,47.80
2007.12.20 11:53:42.630,1.6581,1.6585,1.60,0.80
2007.12.20 11:53:42.773,1.6581,1.65855,1.60,51.80
2007.12.20 11:53:43.194,1.6581,1.65855,1.60,51.80
2007.12.20 11:53:43.437,1.6581,1.65845,1.60,0.80
2007.12.20 11:53:43.715,1.6581,1.6585,1.60,47.80
2007.12.20 11:53:44.228,1.6581,1.65845,1.60,0.70
2007.12.20 11:53:45.466,1.6581,1.65845,1.60,0.50
2007.12.20 11:53:46.181,1.6581,1.65845,1.60,0.80
2007.12.20 11:53:46.399,1.6581,1.65855,1.60,47.80
2007.12.20 11:53:46.694,1.6582,1.6585,4.00,0.70
2007.12.20 11:53:46.833,1.6582,1.6585,16.00,0.60
2007.12.20 11:53:46.972,1.6582,1.6585,16.00,0.80
2007.12.20 11:53:47.145,1.6582,1.65855,16.00,47.80
2007.12.20 11:53:47.167,1.6582,1.6585,0.80,0.90
2007.12.20 11:53:47.413,1.6582,1.6585,0.70,0.80
2007.12.20 11:53:47.718,1.6582,1.6585,0.50,0.70
2007.12.20 11:53:47.976,1.6581,1.6585,0.50,0.90
2007.12.20 11:53:48.235,1.6581,1.6585,0.50,0.80
2007.12.20 11:53:48.484,1.658,1.65855,37.90,47.80
2007.12.20 11:53:48.888,1.65805,1.65855,5.60,47.80
2007.12.20 11:53:49.405,1.65805,1.65855,5.60,47.80
2007.12.20 11:53:51.647,1.6582,1.6585,0.70,0.60
2007.12.20 11:53:51.785,1.6581,1.65855,21.60,47.80
2007.12.20 11:53:51.934,1.6581,1.65855,25.60,47.80
2007.12.20 11:53:52.091,1.6582,1.6585,20.40,43.90
2007.12.20 11:53:52.239,1.6582,1.6585,30.80,43.90
2007.12.20 11:53:52.447,1.6583,1.65845,0.40,0.30
2007.12.20 11:53:52.655,1.6582,1.6585,30.80,39.90
2007.12.20 11:53:52.863,1.6582,1.6585,32.40,38.30
2007.12.20 11:53:53.155,1.6583,1.65845,0.40,0.30
2007.12.20 11:53:53.667,1.6583,1.65845,0.40,0.30
2007.12.20 11:53:53.981,1.6582,1.65845,32.40,0.30
2007.12.20 11:53:59.062,1.6583,1.65845,0.40,0.30
2007.12.20 11:53:59.210,1.6582,1.65845,32.40,0.30
2007.12.20 11:53:59.677,1.6583,1.65845,0.40,0.30
2007.12.20 11:54:00.201,1.6582,1.65845,32.40,0.30
2007.12.20 11:54:00.405,1.6583,1.65845,0.40,0.30
2007.12.20 11:54:00.925,1.6583,1.65845,0.40,0.30
2007.12.20 11:54:01.223,1.6582,1.65845,32.40,0.30
2007.12.20 11:54:01.614,1.6582,1.6584,32.40,0.30
2007.12.20 11:54:01.787,1.6582,1.6584,20.40,8.20
2007.12.20 11:54:01.960,1.65825,1.6584,0.40,8.20
2007.12.20 11:54:02.133,1.6582,1.6584,20.40,8.20
2007.12.20 11:54:02.475,1.65825,1.6584,0.40,8.20
2007.12.20 11:54:02.770,1.65825,1.6584,0.40,8.20
2007.12.20 11:54:03.066,1.65825,1.6584,0.40,8.20
2007.12.20 11:54:03.239,1.65825,1.6584,0.50,8.20
2007.12.20 11:54:03.401,1.65825,1.6584,0.80,8.20
2007.12.20 11:54:03.565,1.6582,1.6584,18.80,8.20
2007.12.20 11:54:04.226,1.65825,1.6584,0.40,8.20
2007.12.20 11:54:04.455,1.65825,1.6584,0.40,8.20
2007.12.20 11:54:05.058,1.6582,1.6584,18.80,8.20
2007.12.20 11:54:05.222,1.6582,1.6584,18.80,8.20
2007.12.20 11:54:05.487,1.6582,1.6584,18.80,8.20
2007.12.20 11:54:05.892,1.65825,1.6584,0.40,8.20
2007.12.20 11:54:06.201,1.6582,1.6584,18.80,8.20
2007.12.20 11:54:07.736,1.6582,1.6584,18.80,8.20
2007.12.20 11:54:07.925,1.65825,1.6584,4.40,0.30
2007.12.20 11:54:08.113,1.6583,1.6584,0.90,0.30
2007.12.20 11:54:08.301,1.65825,1.6584,4.40,0.30
2007.12.20 11:54:08.489,1.6583,1.6584,1.50,0.30
2007.12.20 11:54:08.895,1.6582,1.6584,34.70,0.30
2007.12.20 11:54:09.200,1.6583,1.6584,1.70,0.30
2007.12.20 11:54:18.231,1.6582,1.6584,34.70,0.30
2007.12.20 11:54:23.354,1.6582,1.6584,34.70,0.30
2007.12.20 11:54:23.387,1.6583,1.6584,0.40,8.20
2007.12.20 11:54:23.413,1.6583,1.6584,0.40,8.20
2007.12.20 11:54:23.936,1.6583,1.6584,0.40,8.20
2007.12.20 11:54:24.237,1.6582,1.6584,14.80,8.20
2007.12.20 11:54:25.686,1.6582,1.6584,14.80,8.20
2007.12.20 11:54:25.900,1.6583,1.6584,0.40,8.20
2007.12.20 11:54:26.211,1.6582,1.6584,14.80,8.20
2007.12.20 11:54:26.423,1.6583,1.6584,0.40,8.20
2007.12.20 11:54:26.756,1.6583,1.6584,0.40,8.20
2007.12.20 11:54:27.090,1.6583,1.6584,0.40,8.20
2007.12.20 11:54:27.423,1.6582,1.6584,14.80,8.20
2007.12.20 11:54:27.674,1.6582,1.6584,14.80,8.20
2007.12.20 11:54:27.869,1.6582,1.6584,14.80,8.20
2007.12.20 11:54:28.205,1.6582,1.6584,14.80,8.20
2007.12.20 11:54:30.823,1.6582,1.6584,18.80,8.20
2007.12.20 11:54:31.055,1.6582,1.6584,18.80,8.20
2007.12.20 11:54:31.268,1.6583,1.6584,2.20,0.30
2007.12.20 11:54:31.492,1.6582,1.6584,34.70,0.30
2007.12.20 11:54:32.207,1.6582,1.6584,34.70,0.30
2007.12.20 11:54:32.409,1.6583,1.6584,0.40,8.20
2007.12.20 11:54:32.759,1.6582,1.6584,18.80,8.20
2007.12.20 11:54:33.007,1.6582,1.6584,18.80,8.20
2007.12.20 11:54:33.255,1.6582,1.6584,18.80,8.20
2007.12.20 11:54:33.504,1.6582,1.6584,18.80,8.20
2007.12.20 11:54:34.179,1.6583,1.6584,0.40,8.20
2007.12.20 11:54:34.733,1.6583,1.6584,0.60,8.20
2007.12.20 11:54:34.960,1.6583,1.6584,2.10,0.30
2007.12.20 11:54:35.189,1.6583,1.6584,1.90,0.30
2007.12.20 11:54:35.417,1.6582,1.6584,20.40,8.20
2007.12.20 11:54:35.645,1.6582,1.6584,20.40,8.20
2007.12.20 11:54:35.938,1.6583,1.6584,0.40,8.20
2007.12.20 11:54:36.949,1.6582,1.6584,19.60,8.20
2007.12.20 11:54:37.176,1.6582,1.6584,18.80,8.20
2007.12.20 11:54:38.196,1.6582,1.6584,18.80,8.20
2007.12.20 11:54:39.168,1.65835,1.6584,0.40,8.00
2007.12.20 11:54:39.335,1.65835,1.65845,0.40,12.20
2007.12.20 11:54:39.503,1.65835,1.65845,0.40,0.30
2007.12.20 11:54:39.670,1.6583,1.65845,4.40,0.30
2007.12.20 11:54:39.928,1.65835,1.65845,0.40,0.30
2007.12.20 11:54:40.187,1.65835,1.65845,0.40,0.30
2007.12.20 11:54:40.661,1.65835,1.65845,0.40,0.30
2007.12.20 11:54:40.919,1.6583,1.65845,4.40,0.30
2007.12.20 11:54:41.133,1.65845,1.6585,0.40,22.00
2007.12.20 11:54:41.347,1.6584,1.6585,4.40,3.60
2007.12.20 11:54:41.560,1.6584,1.6585,4.40,3.60
2007.12.20 11:54:41.773,1.65845,1.6585,0.40,3.60
2007.12.20 11:54:41.997,1.6584,1.6585,4.40,3.60
2007.12.20 11:54:42.220,1.65845,1.6585,0.40,3.60
2007.12.20 11:54:42.470,1.65845,1.6585,0.40,3.60
2007.12.20 11:54:42.692,1.65835,1.65845,0.40,0.30
2007.12.20 11:54:42.915,1.6583,1.65845,2.00,0.30
2007.12.20 11:54:43.139,1.65835,1.65845,0.40,0.30
2007.12.20 11:54:43.362,1.6583,1.65845,2.80,0.30
2007.12.20 11:54:43.604,1.65835,1.65845,0.40,0.30
2007.12.20 11:54:43.827,1.65825,1.6584,1.60,8.20
2007.12.20 11:54:43.971,1.6583,1.6584,1.20,8.00
2007.12.20 11:54:44.116,1.65835,1.6584,0.40,8.00
2007.12.20 11:54:44.261,1.65835,1.65845,0.40,0.30
2007.12.20 11:54:44.389,1.65835,1.65845,0.40,0.30
2007.12.20 11:54:44.403,1.65835,1.65845,0.40,0.30
2007.12.20 11:54:44.545,1.65835,1.65845,0.40,0.30
2007.12.20 11:54:44.689,1.65835,1.65845,0.40,0.30
2007.12.20 11:54:44.955,1.65835,1.65845,0.40,0.30
2007.12.20 11:54:45.278,1.65835,1.65845,0.40,0.30
2007.12.20 11:54:51.145,1.65835,1.65845,0.40,0.30
2007.12.20 11:54:51.459,1.65835,1.65845,0.40,0.30
2007.12.20 11:54:51.641,1.65835,1.65845,0.40,0.30
2007.12.20 11:54:52.187,1.65835,1.65845,0.40,0.30
2007.12.20 11:54:53.440,1.65835,1.65845,0.40,0.30
2007.12.20 11:54:53.962,1.65835,1.65845,0.40,0.30
2007.12.20 11:54:54.486,1.65835,1.65845,0.40,0.30
2007.12.20 11:54:54.905,1.65835,1.65845,0.40,0.30
2007.12.20 11:54:55.114,1.65835,1.65845,0.40,0.30
2007.12.20 11:54:55.422,1.65835,1.65845,0.40,0.30
2007.12.20 11:54:55.665,1.65835,1.65845,0.40,0.30
2007.12.20 11:54:55.909,1.65835,1.65845,0.40,0.30
2007.12.20 11:54:56.157,1.65835,1.65845,0.40,0.30
2007.12.20 11:54:56.893,1.65835,1.65845,0.40,0.30
2007.12.20 11:54:57.212,1.65835,1.65845,0.40,0.30
2007.12.20 11:54:57.465,1.65835,1.65845,0.40,0.30
2007.12.20 11:54:57.718,1.65835,1.65845,0.40,0.30
2007.12.20 11:54:58.817,1.65835,1.65845,0.40,0.30
2007.12.20 11:54:59.030,1.65835,1.65845,0.40,0.30
2007.12.20 11:54:59.683,1.65835,1.65845,0.40,0.30
2007.12.20 11:55:01.663,1.65835,1.65845,0.40,0.30
2007.12.20 11:55:01.771,1.65835,1.65845,0.40,0.30
2007.12.20 11:55:01.926,1.65835,1.65845,0.40,0.30
2007.12.20 11:55:02.144,1.65835,1.65845,0.40,0.30
2007.12.20 11:55:02.454,1.65835,1.65845,0.40,0.30
2007.12.20 11:55:03.711,1.65835,1.65845,0.40,0.30
2007.12.20 11:55:03.990,1.65835,1.65845,0.40,0.30
2007.12.20 11:55:04.194,1.65835,1.65845,0.40,0.30
2007.12.20 11:55:04.710,1.65835,1.65845,0.40,0.30
2007.12.20 11:55:06.180,1.65835,1.65845,0.40,0.30
2007.12.20 11:55:06.383,1.65835,1.65845,0.40,0.30
2007.12.20 11:55:06.562,1.65835,1.65845,0.40,0.30
2007.12.20 11:55:06.909,1.65835,1.65845,0.40,0.30
2007.12.20 11:55:07.216,1.65835,1.65845,0.40,0.30
2007.12.20 11:55:12.103,1.65835,1.65845,0.40,0.30
2007.12.20 11:55:13.651,1.65835,1.65845,0.40,0.30
2007.12.20 11:55:13.789,1.65835,1.65845,0.40,0.30
2007.12.20 11:55:13.927,1.65835,1.65845,0.40,0.30
2007.12.20 11:55:14.064,1.6582,1.6585,33.60,38.00
2007.12.20 11:55:14.203,1.6582,1.6585,33.60,38.00
2007.12.20 11:55:14.434,1.6582,1.6585,33.60,38.00
2007.12.20 11:55:14.643,1.6582,1.6585,33.60,38.00
2007.12.20 11:55:21.478,1.6582,1.6585,33.60,38.00
2007.12.20 11:55:25.440,1.6582,1.6585,33.60,38.00
2007.12.20 11:55:27.086,1.6584,1.6585,0.40,38.20
2007.12.20 11:55:27.219,1.6584,1.6585,0.40,34.20
2007.12.20 11:55:27.352,1.6584,1.6585,0.40,22.20
2007.12.20 11:55:27.485,1.6584,1.6585,0.40,22.20
2007.12.20 11:55:27.618,1.6584,1.6585,0.40,22.20
2007.12.20 11:55:27.970,1.6584,1.6585,0.40,22.20
2007.12.20 11:55:28.103,1.6584,1.6585,0.40,22.20
2007.12.20 11:55:28.285,1.6584,1.6585,0.40,22.20
2007.12.20 11:55:28.468,1.6584,1.6585,0.40,22.20
2007.12.20 11:55:28.707,1.6584,1.6585,0.40,22.20
2007.12.20 11:55:28.891,1.6584,1.6585,0.40,22.20
2007.12.20 11:55:29.074,1.6584,1.6585,0.40,22.20
2007.12.20 11:55:31.340,1.6584,1.6585,0.40,22.00
2007.12.20 11:55:33.888,1.6584,1.6585,0.40,22.00
2007.12.20 11:55:34.102,1.6584,1.6585,0.40,22.00
2007.12.20 11:55:34.221,1.6584,1.6585,0.40,22.00
2007.12.20 11:55:34.463,1.6584,1.6585,0.40,22.00
2007.12.20 11:55:34.706,1.6584,1.6585,0.40,22.00
2007.12.20 11:55:34.960,1.6584,1.6585,0.40,22.00
2007.12.20 11:55:35.201,1.6584,1.6585,0.40,22.00
2007.12.20 11:55:35.469,1.6584,1.6585,0.40,22.00
2007.12.20 11:55:35.727,1.6584,1.6585,0.40,22.00
2007.12.20 11:55:35.986,1.6584,1.6585,0.40,22.00
2007.12.20 11:55:36.245,1.6584,1.6585,0.40,22.00
2007.12.20 11:55:36.498,1.6584,1.6585,0.40,22.00
2007.12.20 11:55:36.752,1.6584,1.6585,0.40,22.00
2007.12.20 11:55:37.013,1.6584,1.6585,0.40,22.00
2007.12.20 11:55:37.267,1.6584,1.6585,0.40,22.00
2007.12.20 11:55:37.496,1.6584,1.6585,0.40,22.00
2007.12.20 11:55:38.902,1.6584,1.6585,0.40,22.00
2007.12.20 11:55:39.428,1.6584,1.6585,0.40,22.00
2007.12.20 11:55:42.508,1.6584,1.65855,0.40,26.20
2007.12.20 11:55:47.151,1.6584,1.6585,0.40,0.70
2007.12.20 11:55:52.226,1.6584,1.65855,0.40,26.20
2007.12.20 11:55:55.055,1.6584,1.65855,0.40,26.20
2007.12.20 11:55:55.228,1.6584,1.6585,0.40,0.70
2007.12.20 11:55:55.693,1.6584,1.6585,0.40,0.50
2007.12.20 11:55:56.002,1.6584,1.65855,0.40,26.20
2007.12.20 11:55:56.195,1.6584,1.65855,0.40,26.20
2007.12.20 11:55:56.398,1.6584,1.6585,0.40,0.50
2007.12.20 11:55:56.748,1.6584,1.65855,0.40,26.20
2007.12.20 11:55:57.066,1.6584,1.65855,0.40,26.20
2007.12.20 11:55:57.384,1.6584,1.65855,0.40,26.20
2007.12.20 11:55:57.766,1.6584,1.65855,0.40,26.20
2007.12.20 11:55:57.987,1.6584,1.6585,0.40,0.80
2007.12.20 11:55:58.191,1.6584,1.65855,0.40,26.20
2007.12.20 11:56:00.947,1.6584,1.65855,0.40,26.20
2007.12.20 11:56:01.178,1.6584,1.6585,0.40,0.60
2007.12.20 11:56:02.001,1.6583,1.6585,4.00,0.80
2007.12.20 11:56:05.179,1.6583,1.6585,4.00,0.60
2007.12.20 11:56:05.494,1.6583,1.65855,4.00,26.00
2007.12.20 11:56:05.695,1.6583,1.65855,4.00,26.00
2007.12.20 11:56:05.909,1.6583,1.6585,4.00,0.60
2007.12.20 11:56:06.233,1.6583,1.65855,4.00,26.00
2007.12.20 11:56:07.253,1.6582,1.6585,39.80,0.60
2007.12.20 11:56:07.406,1.6582,1.6585,40.10,0.80
2007.12.20 11:56:07.776,1.6583,1.6585,4.00,0.80
2007.12.20 11:56:07.931,1.6583,1.6585,4.00,0.70
2007.12.20 11:56:08.259,1.6583,1.6585,4.00,0.90
2007.12.20 11:56:08.587,1.6583,1.65855,4.00,26.00
2007.12.20 11:56:08.974,1.6583,1.6585,4.00,0.90
2007.12.20 11:56:09.187,1.6583,1.6585,4.00,0.50
2007.12.20 11:56:09.490,1.6583,1.6585,4.00,0.80
2007.12.20 11:56:09.703,1.6583,1.6585,4.00,0.80
2007.12.20 11:56:10.017,1.6583,1.65855,4.00,26.00
2007.12.20 11:56:10.275,1.6583,1.65855,4.00,26.00
2007.12.20 11:56:12.472,1.6583,1.6585,4.00,22.00
2007.12.20 11:56:12.679,1.6583,1.6585,4.00,22.00
2007.12.20 11:56:13.195,1.6583,1.6585,4.00,22.00
2007.12.20 11:56:13.717,1.6583,1.6585,4.00,22.00
2007.12.20 11:56:13.917,1.6583,1.6585,4.00,22.00
2007.12.20 11:56:14.230,1.6583,1.6585,4.00,22.00
2007.12.20 11:56:16.183,1.6583,1.6585,4.00,22.00
2007.12.20 11:56:17.224,1.6583,1.6585,4.00,22.00
2007.12.20 11:56:21.591,1.6583,1.6585,4.00,0.60
2007.12.20 11:56:26.129,1.6583,1.6585,4.00,22.00
2007.12.20 11:56:26.213,1.6583,1.6585,4.00,22.00
2007.12.20 11:56:26.445,1.6583,1.6585,4.00,22.00
2007.12.20 11:56:27.776,1.6583,1.6585,4.00,22.00
2007.12.20 11:56:30.467,1.6583,1.6585,4.00,22.00
2007.12.20 11:56:32.140,1.6583,1.6585,4.00,22.00
2007.12.20 11:56:33.165,1.6583,1.6585,4.00,22.00
2007.12.20 11:56:33.485,1.6583,1.6585,4.00,22.00
2007.12.20 11:56:34.198,1.6583,1.6585,4.00,22.00
2007.12.20 11:56:35.020,1.6583,1.6585,4.00,22.00
2007.12.20 11:56:36.483,1.6583,1.6585,4.00,22.00
2007.12.20 11:56:37.973,1.6583,1.6585,4.00,18.00
2007.12.20 11:56:40.629,1.6583,1.6585,6.40,15.60
2007.12.20 11:56:40.749,1.6584,1.6585,4.00,3.60
2007.12.20 11:56:40.848,1.6584,1.6585,4.00,3.60
2007.12.20 11:56:41.046,1.6584,1.6585,14.40,3.60
2007.12.20 11:56:41.245,1.65845,1.6585,0.40,3.60
2007.12.20 11:56:41.444,1.65845,1.6585,0.40,3.60
2007.12.20 11:56:41.635,1.65845,1.6585,0.40,3.60
2007.12.20 11:56:41.658,1.6584,1.6585,12.40,3.60
2007.12.20 11:56:41.858,1.65845,1.6585,0.40,3.60
2007.12.20 11:56:42.027,1.6584,1.6585,0.40,3.60
2007.12.20 11:56:42.196,1.6584,1.6585,0.40,7.60
2007.12.20 11:56:42.364,1.6584,1.6585,0.40,7.60
2007.12.20 11:56:42.531,1.6583,1.6585,18.10,7.60
2007.12.20 11:56:42.712,1.6584,1.6585,0.40,7.60
2007.12.20 11:56:42.955,1.6583,1.6585,16.50,7.60
2007.12.20 11:56:43.162,1.6583,1.6585,16.50,7.60
2007.12.20 11:56:50.064,1.6584,1.6585,0.40,7.60
2007.12.20 11:56:50.183,1.6583,1.6585,16.50,7.60
2007.12.20 11:56:50.474,1.6583,1.6585,16.50,7.60
2007.12.20 11:56:50.681,1.6583,1.6585,16.50,7.60
2007.12.20 11:56:50.881,1.6583,1.6585,16.50,7.60
2007.12.20 11:56:51.203,1.6583,1.6585,16.50,7.60
2007.12.20 11:56:51.737,1.6584,1.6585,0.40,7.60
2007.12.20 11:56:51.965,1.6584,1.6585,5.20,3.60
2007.12.20 11:56:52.195,1.65845,1.6585,0.40,3.60
2007.12.20 11:56:52.393,1.65845,1.6585,0.40,3.60
2007.12.20 11:56:52.592,1.6584,1.6585,2.00,3.60
2007.12.20 11:56:52.789,1.6584,1.6585,4.40,3.60
2007.12.20 11:56:52.988,1.6584,1.6585,4.40,3.60
2007.12.20 11:56:53.187,1.6584,1.6585,0.40,7.60
2007.12.20 11:56:53.391,1.65835,1.6585,0.90,7.60
2007.12.20 11:56:53.593,1.6583,1.6585,19.40,7.60
2007.12.20 11:56:53.795,1.6584,1.6585,0.40,7.60
2007.12.20 11:56:53.998,1.6583,1.6585,15.80,7.60
2007.12.20 11:56:54.201,1.6583,1.6585,16.20,7.60
2007.12.20 11:56:54.386,1.6583,1.6585,16.20,7.60
2007.12.20 11:56:54.706,1.6584,1.6585,0.40,7.60
2007.12.20 11:56:54.875,1.6584,1.6585,1.00,3.60
2007.12.20 11:56:55.043,1.6584,1.6585,1.10,3.60
2007.12.20 11:56:55.211,1.65855,1.6586,0.40,5.60
2007.12.20 11:56:55.469,1.65855,1.6586,0.40,5.60
2007.12.20 11:56:55.727,1.65855,1.6586,0.40,1.60
2007.12.20 11:56:55.985,1.65855,1.65865,0.40,8.20
2007.12.20 11:56:56.243,1.6586,1.65865,0.40,4.00
2007.12.20 11:56:56.421,1.6586,1.6587,0.40,18.60
2007.12.20 11:56:56.601,1.6585,1.6587,4.40,14.60
2007.12.20 11:56:56.789,1.6585,1.6587,16.40,4.20
2007.12.20 11:56:56.957,1.6585,1.6587,16.40,4.20
2007.12.20 11:56:57.136,1.65865,1.6587,0.40,4.00
2007.12.20 11:56:57.316,1.6586,1.65875,10.80,4.20
2007.12.20 11:56:57.534,1.6586,1.65875,10.80,4.20
2007.12.20 11:56:57.753,1.65865,1.65875,0.40,4.20
2007.12.20 11:56:57.972,1.65865,1.6587,0.40,10.40
2007.12.20 11:56:58.190,1.65865,1.6587,0.40,8.00
2007.12.20 11:56:58.408,1.65865,1.65875,0.40,4.20
2007.12.20 11:56:58.621,1.65865,1.65875,0.40,4.20
2007.12.20 11:56:58.835,1.65865,1.6587,0.40,26.40
2007.12.20 11:56:59.049,1.65865,1.6587,0.40,26.40
2007.12.20 11:56:59.262,1.6585,1.65865,6.00,0.30
2007.12.20 11:56:59.474,1.65855,1.65865,0.40,0.30
2007.12.20 11:56:59.707,1.65855,1.65865,0.40,0.30
2007.12.20 11:56:59.941,1.6585,1.65865,4.40,0.30
2007.12.20 11:57:00.173,1.6585,1.65865,4.40,0.30
2007.12.20 11:57:00.416,1.65855,1.65865,0.40,0.30
2007.12.20 11:57:00.579,1.6585,1.65865,8.40,0.30
2007.12.20 11:57:00.762,1.65855,1.65865,0.40,0.30
2007.12.20 11:57:02.297,1.6585,1.65865,4.40,0.30
2007.12.20 11:57:03.208,1.6585,1.65865,4.40,0.30
2007.12.20 11:57:03.662,1.65855,1.65865,0.40,0.30
2007.12.20 11:57:03.850,1.65855,1.65865,0.40,0.30
2007.12.20 11:57:04.038,1.65855,1.65865,0.40,0.30
2007.12.20 11:57:04.226,1.6585,1.6587,0.90,14.60
2007.12.20 11:57:04.415,1.6586,1.6587,0.40,10.60
2007.12.20 11:57:04.604,1.6586,1.6587,0.40,10.60
2007.12.20 11:57:05.004,1.6585,1.6587,4.80,10.60
2007.12.20 11:57:05.293,1.6586,1.6587,0.40,10.60
2007.12.20 11:57:05.581,1.6586,1.6587,0.40,10.60
2007.12.20 11:57:05.794,1.6585,1.6587,4.40,10.60
2007.12.20 11:57:06.007,1.6586,1.6587,0.40,10.60
2007.12.20 11:57:06.220,1.6585,1.6587,4.40,10.60
2007.12.20 11:57:06.641,1.6586,1.6587,0.40,10.60
2007.12.20 11:57:06.809,1.6586,1.6587,0.40,14.60
2007.12.20 11:57:06.978,1.6586,1.6587,0.40,14.60
2007.12.20 11:57:07.155,1.65855,1.65865,0.40,0.30
2007.12.20 11:57:07.323,1.65855,1.65865,0.40,0.30
2007.12.20 11:57:07.491,1.65855,1.65865,0.40,0.30
2007.12.20 11:57:07.746,1.6585,1.6586,0.40,0.30
2007.12.20 11:57:07.999,1.6585,1.6586,0.40,0.30
2007.12.20 11:57:08.252,1.6584,1.6586,2.00,0.30
2007.12.20 11:57:08.764,1.6585,1.6586,0.40,0.30
2007.12.20 11:57:11.161,1.6585,1.6586,0.40,0.30
2007.12.20 11:57:12.195,1.6585,1.6586,0.40,0.30
2007.12.20 11:57:13.212,1.6585,1.6586,0.40,0.30
2007.12.20 11:57:19.629,1.6584,1.6585,0.40,0.30
2007.12.20 11:57:19.762,1.6584,1.6585,0.40,0.30
2007.12.20 11:57:19.952,1.6584,1.6585,0.40,0.30
2007.12.20 11:57:20.109,1.6584,1.6585,0.40,0.30
2007.12.20 11:57:20.578,1.6584,1.6585,0.40,0.30
2007.12.20 11:57:21.374,1.6584,1.6585,0.40,0.30
2007.12.20 11:57:21.511,1.6584,1.6585,0.40,0.30
2007.12.20 11:57:22.425,1.6584,1.6585,0.40,0.30
2007.12.20 11:57:23.233,1.6584,1.6585,0.40,0.30
2007.12.20 11:57:28.929,1.6584,1.6585,0.40,0.30
2007.12.20 11:57:29.236,1.6584,1.6585,0.40,0.30
2007.12.20 11:57:30.938,1.6585,1.65855,0.40,4.00
2007.12.20 11:57:31.092,1.6585,1.65855,0.40,4.00
2007.12.20 11:57:31.244,1.6585,1.6586,0.40,17.80
2007.12.20 11:57:31.398,1.6585,1.6586,0.40,1.80
2007.12.20 11:57:31.582,1.6585,1.6586,0.40,0.30
2007.12.20 11:57:32.205,1.6585,1.6586,0.40,0.30
2007.12.20 11:57:34.983,1.65845,1.65855,0.40,0.30
2007.12.20 11:57:35.150,1.65845,1.65855,0.40,0.30
2007.12.20 11:57:35.319,1.65845,1.65855,0.40,0.30
2007.12.20 11:57:35.487,1.65845,1.65855,0.40,0.30
2007.12.20 11:57:35.724,1.65845,1.65855,0.40,0.30
2007.12.20 11:57:35.978,1.65845,1.65855,0.40,0.30
2007.12.20 11:57:41.105,1.6585,1.6586,0.40,26.60
2007.12.20 11:57:41.243,1.6585,1.6586,0.40,0.30
2007.12.20 11:57:41.381,1.6585,1.6586,0.40,0.30
2007.12.20 11:57:41.519,1.6585,1.6586,0.40,0.30
2007.12.20 11:57:41.693,1.6585,1.6586,0.40,0.30
2007.12.20 11:57:41.956,1.6585,1.6586,0.40,0.30
2007.12.20 11:57:42.129,1.6585,1.6586,0.40,0.30
2007.12.20 11:57:42.312,1.65845,1.65855,0.40,0.30
2007.12.20 11:57:42.475,1.65845,1.65855,0.40,0.30
2007.12.20 11:57:42.688,1.65845,1.65855,0.40,0.30
2007.12.20 11:57:42.759,1.65845,1.6586,0.40,26.70
2007.12.20 11:57:42.915,1.65845,1.6586,0.40,26.70
2007.12.20 11:57:43.129,1.65845,1.6586,0.40,27.50
2007.12.20 11:57:43.432,1.65845,1.6586,0.40,27.50
2007.12.20 11:57:47.381,1.65845,1.6586,0.40,27.50
2007.12.20 11:57:48.203,1.65845,1.6586,0.40,27.50
2007.12.20 11:57:48.430,1.65845,1.65855,0.40,0.30
2007.12.20 11:57:48.734,1.65845,1.65855,0.40,0.30
2007.12.20 11:57:49.146,1.65845,1.65855,0.40,0.30
2007.12.20 11:57:50.193,1.65845,1.65855,0.40,0.30
2007.12.20 11:57:51.212,1.65845,1.6586,0.40,27.50
2007.12.20 11:57:53.191,1.65845,1.65855,0.40,0.30
2007.12.20 11:57:53.419,1.65845,1.65855,0.40,0.30
2007.12.20 11:57:53.647,1.65845,1.6586,0.40,39.50
2007.12.20 11:57:53.841,1.65845,1.6585,0.40,0.50
2007.12.20 11:57:54.034,1.65845,1.6585,0.40,0.50
2007.12.20 11:57:54.228,1.65845,1.65855,0.40,4.30
2007.12.20 11:57:54.421,1.65845,1.6586,0.40,29.10
2007.12.20 11:57:54.614,1.65845,1.65855,0.40,0.30
2007.12.20 11:57:54.960,1.65845,1.65855,0.40,0.70
2007.12.20 11:57:55.278,1.65845,1.6586,0.40,27.50
2007.12.20 11:57:55.688,1.65845,1.65855,0.40,0.30
2007.12.20 11:57:58.680,1.65845,1.6586,0.40,27.50
2007.12.20 11:57:59.908,1.65845,1.6586,0.40,27.50
2007.12.20 11:58:00.087,1.65845,1.6586,0.40,27.50
2007.12.20 11:58:00.266,1.65845,1.6586,0.40,27.50
2007.12.20 11:58:00.956,1.65845,1.6586,0.40,27.50
2007.12.20 11:58:01.215,1.65845,1.65855,0.40,0.30
2007.12.20 11:58:02.197,1.65845,1.6586,0.40,27.50
2007.12.20 11:58:05.590,1.65855,1.65865,0.40,39.40
2007.12.20 11:58:05.714,1.65855,1.6586,0.40,0.80
2007.12.20 11:58:05.838,1.65855,1.65865,0.40,8.20
2007.12.20 11:58:05.961,1.65855,1.65865,0.40,4.30
2007.12.20 11:58:06.225,1.65855,1.65865,0.40,0.30
2007.12.20 11:58:06.454,1.65855,1.65865,0.40,0.30
2007.12.20 11:58:06.752,1.65855,1.6587,0.40,27.50
2007.12.20 11:58:06.981,1.65855,1.6587,0.40,27.50
2007.12.20 11:58:07.209,1.65855,1.6587,0.40,27.50
2007.12.20 11:58:08.717,1.65855,1.6587,0.40,27.50
2007.12.20 11:58:08.950,1.65855,1.65865,0.40,0.30
2007.12.20 11:58:09.184,1.65855,1.65865,0.40,0.30
2007.12.20 11:58:09.432,1.65855,1.6587,0.40,27.50
2007.12.20 11:58:09.680,1.65855,1.6587,0.40,27.50
2007.12.20 11:58:09.972,1.65855,1.65865,0.40,0.30
2007.12.20 11:58:10.221,1.65855,1.65865,0.40,0.30
2007.12.20 11:58:10.486,1.65855,1.6587,0.40,27.50
2007.12.20 11:58:10.795,1.65855,1.6587,0.40,27.50
2007.12.20 11:58:14.219,1.65855,1.65865,0.40,0.30
2007.12.20 11:58:14.755,1.65855,1.65865,0.40,0.30
2007.12.20 11:58:14.943,1.65855,1.65865,0.40,0.30
2007.12.20 11:58:17.834,1.65855,1.6587,0.40,23.50
2007.12.20 11:58:17.986,1.65855,1.65865,0.40,0.30
2007.12.20 11:58:18.154,1.65855,1.65865,0.40,0.30
2007.12.20 11:58:18.322,1.65855,1.65865,0.40,0.30
2007.12.20 11:58:18.541,1.65855,1.6587,0.40,23.50
2007.12.20 11:58:18.759,1.65855,1.65865,0.40,0.30
2007.12.20 11:58:19.010,1.65855,1.6587,0.40,23.50
2007.12.20 11:58:19.228,1.65855,1.6587,0.40,23.50
2007.12.20 11:58:19.480,1.65855,1.65865,0.40,0.30
2007.12.20 11:58:20.225,1.65855,1.6587,0.40,27.50
2007.12.20 11:58:22.894,1.65855,1.6587,0.40,27.50
2007.12.20 11:58:23.142,1.65855,1.6587,0.40,27.50
2007.12.20 11:58:23.336,1.65855,1.6587,0.40,23.50
2007.12.20 11:58:23.619,1.65855,1.65865,0.40,0.30
2007.12.20 11:58:23.902,1.65855,1.6587,0.40,23.50
2007.12.20 11:58:24.186,1.65855,1.6587,0.40,23.50
2007.12.20 11:58:24.470,1.65855,1.6587,0.40,23.50
2007.12.20 11:58:24.713,1.65855,1.65865,0.40,0.30
2007.12.20 11:58:24.956,1.65855,1.6587,0.40,23.50
2007.12.20 11:58:25.178,1.65855,1.65865,0.40,0.30
2007.12.20 11:58:25.412,1.65855,1.65865,0.40,0.30
2007.12.20 11:58:25.836,1.65855,1.6587,0.40,0.70
2007.12.20 11:58:26.166,1.65855,1.6587,0.40,0.90
2007.12.20 11:58:26.393,1.65855,1.65875,0.40,39.40
2007.12.20 11:58:26.642,1.65855,1.6587,0.40,0.90
2007.12.20 11:58:28.041,1.65855,1.6587,0.40,0.90
2007.12.20 11:58:28.228,1.65855,1.65875,0.40,39.40
2007.12.20 11:58:28.433,1.65855,1.6587,0.40,0.70
2007.12.20 11:58:28.856,1.65855,1.65875,0.40,35.40
2007.12.20 11:58:29.030,1.65855,1.65875,0.40,35.40
2007.12.20 11:58:29.262,1.65855,1.6587,0.40,0.90
2007.12.20 11:58:30.194,1.65855,1.6587,0.40,0.80
2007.12.20 11:58:30.457,1.65855,1.65875,0.40,39.40
2007.12.20 11:58:30.720,1.6586,1.6587,0.40,0.50
2007.12.20 11:58:30.838,1.6586,1.65875,0.40,22.60
2007.12.20 11:58:30.956,1.6586,1.6587,0.40,0.50
2007.12.20 11:58:31.438,1.6586,1.65875,0.40,18.60
2007.12.20 11:58:31.960,1.6586,1.65875,0.40,18.60
2007.12.20 11:58:32.259,1.6586,1.65875,0.40,22.60
2007.12.20 11:58:32.679,1.6586,1.65875,0.40,22.60
2007.12.20 11:58:32.839,1.6586,1.65875,0.40,14.60
2007.12.20 11:58:32.996,1.6586,1.6587,0.40,0.60
2007.12.20 11:58:34.983,1.6586,1.65875,0.40,14.60
2007.12.20 11:58:35.117,1.6586,1.65875,0.40,14.60
2007.12.20 11:58:35.296,1.6586,1.65875,0.40,14.60
2007.12.20 11:58:35.428,1.6586,1.65875,0.40,14.60
2007.12.20 11:58:35.935,1.6586,1.65875,0.40,14.60
2007.12.20 11:58:36.252,1.6586,1.6587,0.40,0.80
2007.12.20 11:58:38.197,1.6586,1.65875,0.40,14.60
2007.12.20 11:58:38.404,1.6586,1.6587,0.40,0.60
2007.12.20 11:58:38.624,1.6586,1.65875,0.40,12.20
2007.12.20 11:58:38.787,1.6586,1.65875,0.40,0.80
2007.12.20 11:58:39.025,1.6586,1.6588,0.40,41.80
2007.12.20 11:58:39.264,1.65865,1.6588,0.40,0.70
2007.12.20 11:58:39.503,1.65865,1.65885,0.40,37.80
2007.12.20 11:58:39.772,1.65865,1.65885,0.40,36.20
2007.12.20 11:58:39.981,1.65865,1.6588,0.40,0.70
2007.12.20 11:58:40.184,1.65865,1.6588,0.40,0.90
2007.12.20 11:58:40.388,1.65865,1.6588,0.40,0.60
2007.12.20 11:58:41.018,1.65865,1.65885,0.40,36.20
2007.12.20 11:58:41.227,1.65865,1.65885,0.40,36.20
2007.12.20 11:58:42.936,1.65865,1.65885,0.40,36.20
2007.12.20 11:58:43.153,1.65865,1.65885,0.40,36.20
2007.12.20 11:58:43.300,1.65865,1.6588,0.40,0.50
2007.12.20 11:58:43.460,1.65865,1.6588,0.40,0.80
2007.12.20 11:58:44.172,1.65865,1.65885,0.40,40.20
2007.12.20 11:58:44.597,1.6586,1.65875,0.40,0.30
2007.12.20 11:58:44.851,1.6586,1.6588,0.40,36.30
2007.12.20 11:58:45.103,1.65855,1.6588,0.40,36.30
2007.12.20 11:58:45.232,1.65855,1.6588,0.40,41.00
2007.12.20 11:58:45.413,1.65855,1.6587,0.40,0.80
2007.12.20 11:58:45.679,1.65855,1.6588,0.40,46.60
2007.12.20 11:58:45.912,1.65855,1.6588,0.40,46.60
2007.12.20 11:58:46.419,1.65855,1.6588,0.40,50.60
2007.12.20 11:58:48.025,1.65855,1.6587,0.40,10.60
2007.12.20 11:58:49.038,1.65855,1.6587,0.40,10.60
2007.12.20 11:58:49.166,1.65855,1.6587,0.40,10.60
2007.12.20 11:58:49.295,1.65855,1.6587,0.40,10.60
2007.12.20 11:58:49.422,1.65855,1.6587,0.40,22.60
2007.12.20 11:58:49.551,1.65855,1.6587,0.40,22.60
2007.12.20 11:58:49.679,1.6586,1.6587,0.40,20.00
2007.12.20 11:58:49.806,1.6586,1.6587,0.40,20.00
2007.12.20 11:58:49.935,1.6586,1.6587,0.40,20.00
2007.12.20 11:58:50.062,1.6586,1.6587,0.40,12.00
2007.12.20 11:58:50.366,1.6586,1.65875,0.40,0.30
2007.12.20 11:58:50.669,1.65865,1.6588,0.40,41.80
2007.12.20 11:58:50.971,1.65865,1.6588,0.40,29.80
2007.12.20 11:58:51.284,1.65865,1.6588,0.40,29.80
2007.12.20 11:58:51.438,1.65865,1.6588,0.40,29.80
2007.12.20 11:58:51.609,1.65865,1.6588,0.40,28.20
2007.12.20 11:58:55.579,1.6587,1.6588,0.40,28.00
2007.12.20 11:58:55.801,1.6587,1.6588,0.40,10.40
2007.12.20 11:58:56.025,1.6587,1.6588,0.40,10.40
2007.12.20 11:58:56.247,1.6587,1.6588,0.40,10.40
2007.12.20 11:58:57.126,1.6587,1.6588,0.40,10.40
2007.12.20 11:59:00.038,1.6587,1.6588,0.40,10.40
2007.12.20 11:59:00.222,1.6587,1.6588,0.40,10.40
2007.12.20 11:59:00.962,1.6587,1.6588,0.40,10.40
2007.12.20 11:59:01.086,1.65865,1.6588,0.40,10.60
2007.12.20 11:59:01.217,1.65865,1.6588,0.40,10.60
2007.12.20 11:59:01.331,1.65865,1.6588,0.40,14.60
2007.12.20 11:59:01.619,1.65865,1.6588,0.40,26.60
2007.12.20 11:59:01.913,1.65865,1.6588,0.40,26.60
2007.12.20 11:59:02.213,1.65865,1.6588,0.40,26.60
2007.12.20 11:59:06.160,1.65865,1.6588,0.40,26.60
2007.12.20 11:59:06.483,1.65865,1.6588,0.40,26.60
2007.12.20 11:59:06.656,1.65865,1.6588,0.40,26.60
2007.12.20 11:59:07.400,1.65865,1.6588,0.40,26.60
2007.12.20 11:59:08.443,1.65865,1.6588,0.40,26.60
2007.12.20 11:59:08.935,1.65865,1.65885,0.40,30.60
2007.12.20 11:59:11.152,1.65865,1.6588,0.40,0.80
2007.12.20 11:59:11.455,1.65865,1.65885,0.40,30.60
2007.12.20 11:59:11.707,1.65865,1.6588,0.40,0.70
2007.12.20 11:59:12.057,1.65865,1.6588,0.40,0.70
2007.12.20 11:59:12.310,1.65865,1.6588,0.40,0.80
2007.12.20 11:59:12.563,1.65865,1.6588,0.40,0.50
2007.12.20 11:59:12.908,1.65865,1.6588,0.40,0.50
2007.12.20 11:59:14.969,1.65865,1.65885,0.40,30.60
2007.12.20 11:59:15.384,1.65865,1.65885,0.40,30.60
2007.12.20 11:59:16.207,1.65865,1.65885,0.40,30.60
2007.12.20 11:59:16.446,1.65865,1.6588,0.40,0.80
2007.12.20 11:59:16.684,1.6586,1.6588,0.40,26.70
2007.12.20 11:59:16.934,1.6586,1.65875,0.40,0.30
2007.12.20 11:59:17.469,1.6586,1.6588,0.40,26.70
2007.12.20 11:59:18.384,1.6586,1.65875,0.40,0.30
2007.12.20 11:59:18.557,1.6586,1.6588,0.40,26.70
2007.12.20 11:59:18.740,1.65865,1.65885,0.40,14.60
2007.12.20 11:59:19.008,1.65865,1.65885,0.40,14.60
2007.12.20 11:59:19.277,1.6586,1.6588,0.40,26.70
2007.12.20 11:59:19.545,1.6586,1.6588,0.40,26.70
2007.12.20 11:59:20.142,1.6586,1.6588,0.40,26.70
2007.12.20 11:59:20.586,1.6587,1.6588,0.40,0.50
2007.12.20 11:59:20.780,1.6587,1.65885,0.40,0.80
2007.12.20 11:59:20.973,1.6587,1.6589,0.40,35.40
2007.12.20 11:59:21.156,1.6587,1.6589,0.40,35.40
2007.12.20 11:59:21.338,1.6587,1.6589,0.40,35.50
2007.12.20 11:59:21.816,1.6587,1.6589,0.40,33.90
2007.12.20 11:59:21.979,1.6587,1.65885,0.40,0.30
2007.12.20 11:59:22.198,1.6587,1.65885,0.40,0.30
2007.12.20 11:59:24.391,1.6587,1.65885,0.40,0.30
2007.12.20 11:59:24.691,1.6587,1.65885,0.40,0.30
2007.12.20 11:59:24.911,1.6587,1.6589,0.40,33.90
2007.12.20 11:59:25.223,1.6587,1.6589,0.40,33.90
2007.12.20 11:59:25.511,1.6587,1.6589,0.40,33.90
2007.12.20 11:59:25.799,1.6587,1.6589,0.40,33.90
2007.12.20 11:59:26.087,1.6587,1.6589,0.40,33.90
2007.12.20 11:59:26.311,1.6587,1.6589,0.40,33.90
2007.12.20 11:59:26.534,1.6587,1.6589,0.40,33.90
2007.12.20 11:59:27.420,1.6587,1.6589,0.40,33.90
2007.12.20 11:59:28.151,1.6587,1.6589,0.40,33.90
2007.12.20 11:59:28.899,1.6587,1.6589,0.40,37.80
2007.12.20 11:59:30.135,1.6588,1.6589,0.40,37.60
2007.12.20 11:59:30.268,1.6588,1.65885,0.40,0.70
2007.12.20 11:59:30.401,1.6588,1.65895,0.40,12.20
2007.12.20 11:59:30.535,1.6588,1.65895,0.40,12.20
2007.12.20 11:59:30.669,1.6588,1.6589,0.40,0.50
2007.12.20 11:59:30.801,1.6588,1.65895,0.40,12.20
2007.12.20 11:59:31.004,1.6588,1.65895,0.40,12.20
2007.12.20 11:59:31.148,1.6588,1.65895,0.40,8.20
2007.12.20 11:59:31.280,1.6588,1.65895,0.40,8.20
2007.12.20 11:59:31.614,1.6588,1.6589,0.40,0.80
2007.12.20 11:59:32.060,1.6588,1.6589,0.40,0.80
2007.12.20 11:59:32.393,1.6588,1.6589,0.40,0.80
2007.12.20 11:59:32.892,1.6588,1.65895,0.40,8.20
2007.12.20 11:59:33.114,1.6588,1.6589,0.40,0.50
2007.12.20 11:59:33.277,1.65875,1.65895,0.40,18.60
2007.12.20 11:59:33.480,1.65875,1.659,0.40,52.20
2007.12.20 11:59:33.683,1.6587,1.6588,1.60,0.30
2007.12.20 11:59:33.886,1.65865,1.6588,0.40,0.30
2007.12.20 11:59:34.098,1.6586,1.6587,1.60,0.30
2007.12.20 11:59:34.300,1.6586,1.6588,1.90,30.70
2007.12.20 11:59:34.549,1.6586,1.6588,1.90,30.70
2007.12.20 11:59:34.796,1.6586,1.6588,0.40,30.70
2007.12.20 11:59:35.044,1.6586,1.6588,0.40,30.70
2007.12.20 11:59:35.292,1.6586,1.65875,0.40,0.30
2007.12.20 11:59:35.540,1.6586,1.65875,0.40,0.30
2007.12.20 11:59:35.738,1.6586,1.6588,0.40,30.70
2007.12.20 11:59:37.907,1.6586,1.6588,0.40,30.70
2007.12.20 11:59:38.051,1.6586,1.6588,0.40,30.70
2007.12.20 11:59:38.193,1.6586,1.65875,0.40,0.30
2007.12.20 11:59:43.094,1.65865,1.65885,0.40,34.60
2007.12.20 11:59:43.203,1.65865,1.6588,0.40,0.50
2007.12.20 11:59:43.313,1.65865,1.6588,0.40,30.60
2007.12.20 11:59:43.453,1.65865,1.6588,0.40,30.60
2007.12.20 11:59:43.622,1.6586,1.65875,0.40,0.70
2007.12.20 11:59:43.916,1.6586,1.6588,0.40,34.60
2007.12.20 11:59:44.208,1.6586,1.6588,0.40,34.60
2007.12.20 11:59:44.688,1.6586,1.65875,0.40,0.50
2007.12.20 11:59:48.741,1.6586,1.6588,0.40,34.60
2007.12.20 11:59:50.203,1.6586,1.6588,0.40,34.60
2007.12.20 11:59:51.433,1.6586,1.6588,0.40,34.60
2007.12.20 11:59:52.144,1.6586,1.65875,0.40,0.60
2007.12.20 11:59:52.392,1.6586,1.65865,0.40,0.90
2007.12.20 11:59:52.640,1.6586,1.6587,0.40,20.00
2007.12.20 11:59:52.890,1.6586,1.65875,0.40,0.30
2007.12.20 11:59:53.196,1.6586,1.6588,0.40,34.70
2007.12.20 11:59:53.409,1.6586,1.65875,0.40,0.30
2007.12.20 11:59:53.718,1.6586,1.6588,0.40,30.70
2007.12.20 11:59:53.971,1.6586,1.65875,0.40,0.70
2007.12.20 11:59:54.223,1.6586,1.6588,0.40,34.60
2007.12.20 11:59:54.489,1.6586,1.6587,0.40,16.00
2007.12.20 11:59:54.967,1.6586,1.6587,0.40,16.00
2007.12.20 11:59:55.256,1.6586,1.6587,0.40,16.00
2007.12.20 11:59:55.635,1.6586,1.65865,0.40,0.90
2007.12.20 11:59:55.924,1.65855,1.65865,0.40,0.80
2007.12.20 11:59:56.173,1.65855,1.6587,0.40,0.30
2007.12.20 11:59:56.410,1.65855,1.6587,0.40,0.30
2007.12.20 11:59:56.648,1.65855,1.65875,0.40,4.30
2007.12.20 11:59:56.886,1.65855,1.65875,0.40,4.30
2007.12.20 11:59:57.139,1.65855,1.6587,0.40,0.30
2007.12.20 11:59:57.467,1.65855,1.65875,0.40,4.30
2007.12.20 11:59:57.874,1.65855,1.6587,0.40,0.30
2007.12.20 11:59:58.186,1.65855,1.65875,0.40,4.30
2007.12.20 11:59:58.387,1.65855,1.6587,0.40,0.30
2007.12.20 11:59:58.711,1.65855,1.6587,0.40,0.30
2007.12.20 11:59:58.915,1.65855,1.65875,0.40,4.30
2007.12.20 11:59:59.154,1.65855,1.6587,0.40,0.30
2007.12.20 11:59:59.641,1.65855,1.6587,0.40,0.30
2007.12.20 11:59:59.888,1.65855,1.65865,0.40,4.00
